crash_row_id,site_id,site_name,site_gemeente,site_lat,site_long,distance_km,crash_lat,crash_long,DT_YEAR_COLLISION,DT_MONTH_COLLISION,DT_TIME,CD_NIS,TX_MUNTY_COLLISION_NL,TX_WEATHER_NL,TX_ROAD_CONDITION_NL,TX_LIGHT_CONDITION_NL,TX_CLASS_ACCIDENTS_NL,CD_ROAD_USR_TYPE1,TX_ROAD_USR_TYPE1_NL,CD_ROAD_USR_TYPE2,TX_ROAD_USR_TYPE2_NL,TX_CROSSWAY_NL,CD_ROAD_TYPE_NL,TX_BUILD_UP_AREA_NL,TX_COLLISION_TYPE_NL,TX_OBSTACLES_NL
2,111,Zaventem totem,Zaventem,50.8871216,4.4597084,1.080745608497051,50.8933437983886,4.471545011804019,2017,1,7,23094,Zaventem,Normaal,Droog,Dag,met lichtgewonden,9,personenauto,3,Fiets,Buiten Kruispunt,Gewestweg,binnen bebouwde kom,Tss. 2 best.: langs opzij (voor-/achterkant-flank),Geen hindernis
52,3,Brasschaat 1,Brasschaat,51.27503,4.47222,0.3993145607615659,51.278005023489335,4.475435212618602,2017,1,15,11008,Brasschaat,Regenval,"Nat, plassen",Dag,met lichtgewonden,9,personenauto,3,Fiets,Buiten Kruispunt,Gewestweg,buiten bebouwde kom,Tss. 2 best.: langs opzij (voor-/achterkant-flank),Geen hindernis
52,2,Brasschaat 2,Brasschaat,51.27512,4.47169,0.4132558135332935,51.278005023489335,4.475435212618602,2017,1,15,11008,Brasschaat,Regenval,"Nat, plassen",Dag,met lichtgewonden,9,personenauto,3,Fiets,Buiten Kruispunt,Gewestweg,buiten bebouwde kom,Tss. 2 best.: langs opzij (voor-/achterkant-flank),Geen hindernis
53,3,Brasschaat 1,Brasschaat,51.27503,4.47222,2.309921863189306,51.291170047950835,4.493129491060681,2017,1,18,11008,Brasschaat,Normaal,Droog,"Nacht, openbare verlichting aanwezig en ontstoken",met lichtgewonden,9,personenauto,3,Fiets,Buiten Kruispunt,Gewestweg,binnen bebouwde kom,Tussen 2 bestuurders: Frontale botsing,Geen hindernis
53,2,Brasschaat 2,Brasschaat,51.27512,4.47169,2.3256145122780754,51.291170047950835,4.493129491060681,2017,1,18,11008,Brasschaat,Normaal,Droog,"Nacht, openbare verlichting aanwezig en ontstoken",met lichtgewonden,9,personenauto,3,Fiets,Buiten Kruispunt,Gewestweg,binnen bebouwde kom,Tussen 2 bestuurders: Frontale botsing,Geen hindernis
55,2,Brasschaat 2,Brasschaat,51.27512,4.47169,1.4271215731440643,51.2630291585191,4.464809182435176,2017,1,18,11040,Schoten,Normaal,Droog,"Nacht, openbare verlichting aanwezig en ontstoken",met lichtgewonden,9,personenauto,3,Fiets,Buiten Kruispunt,Gewestweg,buiten bebouwde kom,Tss. 2 best.: langs opzij (voor-/achterkant-flank),Geen hindernis
55,3,Brasschaat 1,Brasschaat,51.27503,4.47222,1.4305694777490177,51.2630291585191,4.464809182435176,2017,1,18,11040,Schoten,Normaal,Droog,"Nacht, openbare verlichting aanwezig en ontstoken",met lichtgewonden,9,personenauto,3,Fiets,Buiten Kruispunt,Gewestweg,buiten bebouwde kom,Tss. 2 best.: langs opzij (voor-/achterkant-flank),Geen hindernis
56,3,Brasschaat 1,Brasschaat,51.27503,4.47222,2.4459291023959864,51.25545922349538,4.488268878716826,2017,1,10,11040,Schoten,Normaal,Droog,Dag,met zwaargewonden,3,Fiets,9,personenauto,Op Kruispunt,Gemeenteweg,binnen bebouwde kom,Tss. 2 best.: langs opzij (voor-/achterkant-flank),Geen hindernis
56,2,Brasschaat 2,Brasschaat,51.27512,4.47169,2.471828254851595,51.25545922349538,4.488268878716826,2017,1,10,11040,Schoten,Normaal,Droog,Dag,met zwaargewonden,3,Fiets,9,personenauto,Op Kruispunt,Gemeenteweg,binnen bebouwde kom,Tss. 2 best.: langs opzij (voor-/achterkant-flank),Geen hindernis
57,2,Brasschaat 2,Brasschaat,51.27512,4.47169,1.042497568758553,51.267418756850994,4.463143665712207,2017,1,18,11040,Schoten,Normaal,Droog,"Nacht, openbare verlichting aanwezig en ontstoken",met lichtgewonden,9,personenauto,3,Fiets,Buiten Kruispunt,Gewestweg,buiten bebouwde kom,Tussen 2 bestuurders: Langs achteren,Geen hindernis
57,3,Brasschaat 1,Brasschaat,51.27503,4.47222,1.0559187716379959,51.267418756850994,4.463143665712207,2017,1,18,11040,Schoten,Normaal,Droog,"Nacht, openbare verlichting aanwezig en ontstoken",met lichtgewonden,9,personenauto,3,Fiets,Buiten Kruispunt,Gewestweg,buiten bebouwde kom,Tussen 2 bestuurders: Langs achteren,Geen hindernis
71,96,Lier teller 2,Lier,51.11705,4.58444,1.3480808113791778,51.12193023789475,4.566759609048651,2017,1,10,12021,Lier,Normaal,"Ijzel, sneeuw",Dag,met zwaargewonden,3,Fiets,10,"één bestuurder, geen hindernis",Buiten Kruispunt,Gewestweg,binnen bebouwde kom,"Eén bestuurder, geen hindernis (incl. val)",Geen hindernis
71,95,Lier teller 1,Lier,51.11687,4.58437,1.3518196845331574,51.12193023789475,4.566759609048651,2017,1,10,12021,Lier,Normaal,"Ijzel, sneeuw",Dag,met zwaargewonden,3,Fiets,10,"één bestuurder, geen hindernis",Buiten Kruispunt,Gewestweg,binnen bebouwde kom,"Eén bestuurder, geen hindernis (incl. val)",Geen hindernis
74,9,Heist op den Berg 2,Heist-op-den-Berg,51.06904,4.69524,1.398431488153759,51.080050023487544,4.704913987224499,2017,1,14,12014,Heist-op-den-Berg,Onbekend,Droog,Dag,met lichtgewonden,9,personenauto,3,Fiets,Op Kruispunt,Gemeenteweg,buiten bebouwde kom,Tussen 2 bestuurders: Frontale botsing,Geen hindernis
74,8,Heist op den Berg 1,Heist-op-den-Berg,51.06759,4.68823,1.8106089588110608,51.080050023487544,4.704913987224499,2017,1,14,12014,Heist-op-den-Berg,Onbekend,Droog,Dag,met lichtgewonden,9,personenauto,3,Fiets,Op Kruispunt,Gemeenteweg,buiten bebouwde kom,Tussen 2 bestuurders: Frontale botsing,Geen hindernis
84,88,Westerlo teller 1,Westerlo,51.082,4.91325,1.070235063197694,51.09089315350669,4.919110069654614,2017,1,13,13049,Westerlo,Onbekend,Onbekend,Dag,met lichtgewonden,9,personenauto,3,Fiets,Op Kruispunt,Gewestweg,onbekend,Tss. 2 best.: langs opzij (voor-/achterkant-flank),Geen hindernis
84,89,Westerlo teller 2,Westerlo,51.08191,4.91334,1.0771209240683213,51.09089315350669,4.919110069654614,2017,1,13,13049,Westerlo,Onbekend,Onbekend,Dag,met lichtgewonden,9,personenauto,3,Fiets,Op Kruispunt,Gewestweg,onbekend,Tss. 2 best.: langs opzij (voor-/achterkant-flank),Geen hindernis
85,112,Geel teller 2,Westerlo,51.1354992,4.9394789,1.0955948085429628,51.143157204481994,4.949359860040128,2017,1,5,13008,Geel,Regenval,"Nat, plassen","Nacht, openbare verlichting aanwezig en ontstoken",met lichtgewonden,3,Fiets,9,personenauto,Op Kruispunt,Gewestweg,buiten bebouwde kom,Tss. 2 best.: langs opzij (voor-/achterkant-flank),Geen hindernis
85,127,Geel totem,Westerlo,51.1342966,4.9400421,1.1803937737246093,51.143157204481994,4.949359860040128,2017,1,5,13008,Geel,Regenval,"Nat, plassen","Nacht, openbare verlichting aanwezig en ontstoken",met lichtgewonden,3,Fiets,9,personenauto,Op Kruispunt,Gewestweg,buiten bebouwde kom,Tss. 2 best.: langs opzij (voor-/achterkant-flank),Geen hindernis
89,135,Retie 2,Dessel,51.2544998,5.1040064,2.441947175940606,51.23341025464705,5.113790544991055,2017,1,13,13006,Dessel,Normaal,Droog,Dag,Met doden,3,Fiets,9,personenauto,Buiten Kruispunt,Gewestweg,binnen bebouwde kom,Tss. 2 best.: langs opzij (voor-/achterkant-flank),Geen hindernis
89,134,Retie,Dessel,51.2548405,5.1037658,2.483004433763467,51.23341025464705,5.113790544991055,2017,1,13,13006,Dessel,Normaal,Droog,Dag,Met doden,3,Fiets,9,personenauto,Buiten Kruispunt,Gewestweg,binnen bebouwde kom,Tss. 2 best.: langs opzij (voor-/achterkant-flank),Geen hindernis
92,110,Herentals totem,Herentals,51.1739426,4.811783,0.7027206034614598,51.18017619547184,4.813441551292066,2017,1,12,13011,Herentals,Normaal,Droog,Dag,met lichtgewonden,5,Lichte vrachtauto,3,Fiets,Op Kruispunt,Gemeenteweg,binnen bebouwde kom,Tss. 2 best.: langs opzij (voor-/achterkant-flank),Geen hindernis
92,94,Herentals teller 2,Herentals,51.17345,4.81283,0.74913282137624,51.18017619547184,4.813441551292066,2017,1,12,13011,Herentals,Normaal,Droog,Dag,met lichtgewonden,5,Lichte vrachtauto,3,Fiets,Op Kruispunt,Gemeenteweg,binnen bebouwde kom,Tss. 2 best.: langs opzij (voor-/achterkant-flank),Geen hindernis
95,37,Lommel teller 1,Lommel,51.23299,5.29211,1.4047936260042166,51.22798215721081,5.310632669754798,2017,1,16,72020,Lommel,Normaal,Droog,Dag,met lichtgewonden,3,Fiets,9,personenauto,Op Kruispunt,Gemeenteweg,binnen bebouwde kom,Tss. 2 best.: langs opzij (voor-/achterkant-flank),Geen hindernis
95,38,Lommel teller 2,Lommel,51.23277,5.29189,1.4094520022479158,51.22798215721081,5.310632669754798,2017,1,16,72020,Lommel,Normaal,Droog,Dag,met lichtgewonden,3,Fiets,9,personenauto,Op Kruispunt,Gemeenteweg,binnen bebouwde kom,Tss. 2 best.: langs opzij (voor-/achterkant-flank),Geen hindernis
96,45,Pelt teller 1,Pelt,51.23127,5.44377,0.971682172016907,51.232667426635,5.42999402108764,2017,1,10,72043,Pelt,Normaal,Droog,Dag,met lichtgewonden,3,Fiets,9,personenauto,Buiten Kruispunt,Gemeenteweg,binnen bebouwde kom,Tss. 2 best.: langs opzij (voor-/achterkant-flank),Geen hindernis
96,46,Pelt teller 2,Pelt,51.231,5.44375,0.9755684412131677,51.232667426635,5.42999402108764,2017,1,10,72043,Pelt,Normaal,Droog,Dag,met lichtgewonden,3,Fiets,9,personenauto,Buiten Kruispunt,Gemeenteweg,binnen bebouwde kom,Tss. 2 best.: langs opzij (voor-/achterkant-flank),Geen hindernis
97,46,Pelt teller 2,Pelt,51.231,5.44375,1.8915348245209795,51.21407296113229,5.441055031416027,2017,1,18,72043,Pelt,Normaal,Droog,"Nacht, openbare verlichting aanwezig en ontstoken",met lichtgewonden,3,Fiets,9,personenauto,Buiten Kruispunt,Gemeenteweg,buiten bebouwde kom,Tss. 2 best.: langs opzij (voor-/achterkant-flank),Geen hindernis
97,45,Pelt teller 1,Pelt,51.23127,5.44377,1.9215481080673673,51.21407296113229,5.441055031416027,2017,1,18,72043,Pelt,Normaal,Droog,"Nacht, openbare verlichting aanwezig en ontstoken",met lichtgewonden,3,Fiets,9,personenauto,Buiten Kruispunt,Gemeenteweg,buiten bebouwde kom,Tss. 2 best.: langs opzij (voor-/achterkant-flank),Geen hindernis
107,21,Bilzen,Bilzen,50.86015,5.50161,1.6302901687892641,50.87242898700695,5.514304192935913,2017,1,18,73006,Bilzen,Regenval,"Nat, plassen","Nacht, openbare verlichting aanwezig en ontstoken",met lichtgewonden,3,Fiets,9,personenauto,Op Kruispunt,Gemeenteweg,binnen bebouwde kom,Tss. 2 best.: langs opzij (voor-/achterkant-flank),Geen hindernis
108,43,Maaseik teller 1,Maaseik,51.09344,5.79715,1.2421196232307072,51.097420511905945,5.780530629347846,2017,1,11,72021,Maaseik,Normaal,Droog,Dag,met lichtgewonden,9,personenauto,3,Fiets,Buiten Kruispunt,Gemeenteweg,binnen bebouwde kom,Tss. 2 best.: langs opzij (voor-/achterkant-flank),Geen hindernis
108,44,Maaseik teller 2,Maaseik,51.09359,5.79726,1.2434868133554746,51.097420511905945,5.780530629347846,2017,1,11,72021,Maaseik,Normaal,Droog,Dag,met lichtgewonden,9,personenauto,3,Fiets,Buiten Kruispunt,Gemeenteweg,binnen bebouwde kom,Tss. 2 best.: langs opzij (voor-/achterkant-flank),Geen hindernis
109,25,Bree,Bree,51.13679500160176,5.597669323604317,0.28594037088357077,51.13907135257048,5.5957628264363555,2017,1,10,72004,Bree,Sneeuwval,"Ijzel, sneeuw",Dag,met lichtgewonden,3,Fiets,11,een weggebruiker tegen een hindernis,Buiten Kruispunt,Gewestweg,binnen bebouwde kom,Weggebruiker tegen hindernis buiten rijbaan,Andere hindernis
110,151,Leuven,District Leuven,50.8690262,4.6854839,0.9945394233734225,50.8629816031238,4.695929211003067,2017,1,17,24062,Leuven,Regenval,"Nat, plassen","Nacht, openbare verlichting aanwezig en ontstoken",met lichtgewonden,3,Fiets,6,Bromfiets,Buiten Kruispunt,Gewestweg,binnen bebouwde kom,Tussen 2 bestuurders: Frontale botsing,Geen hindernis
110,108,Heverlee teller 1,Leuven,50.8471728,4.6954674,1.7581575839743995,50.8629816031238,4.695929211003067,2017,1,17,24062,Leuven,Regenval,"Nat, plassen","Nacht, openbare verlichting aanwezig en ontstoken",met lichtgewonden,3,Fiets,6,Bromfiets,Buiten Kruispunt,Gewestweg,binnen bebouwde kom,Tussen 2 bestuurders: Frontale botsing,Geen hindernis
110,76,Heverlee teller 2,Leuven,50.84606,4.69597,1.8815985965672108,50.8629816031238,4.695929211003067,2017,1,17,24062,Leuven,Regenval,"Nat, plassen","Nacht, openbare verlichting aanwezig en ontstoken",met lichtgewonden,3,Fiets,6,Bromfiets,Buiten Kruispunt,Gewestweg,binnen bebouwde kom,Tussen 2 bestuurders: Frontale botsing,Geen hindernis
110,69,Leuven teller 1,Leuven,50.87549,4.71526,1.9428529624638518,50.8629816031238,4.695929211003067,2017,1,17,24062,Leuven,Regenval,"Nat, plassen","Nacht, openbare verlichting aanwezig en ontstoken",met lichtgewonden,3,Fiets,6,Bromfiets,Buiten Kruispunt,Gewestweg,binnen bebouwde kom,Tussen 2 bestuurders: Frontale botsing,Geen hindernis
111,151,Leuven,District Leuven,50.8690262,4.6854839,1.8113084688634462,50.864895532265884,4.660517201813482,2017,1,22,24062,Leuven,Regenval,"Nat, plassen","Nacht, openbare verlichting aanwezig en ontstoken",met lichtgewonden,3,Fiets,9,personenauto,Op Kruispunt,Gewestweg,buiten bebouwde kom,Tss. 2 best.: langs opzij (voor-/achterkant-flank),Geen hindernis
112,151,Leuven,District Leuven,50.8690262,4.6854839,1.024681236167036,50.862579072271274,4.695916440059476,2017,1,12,24062,Leuven,Normaal,Onbekend,Dag,met lichtgewonden,9,personenauto,3,Fiets,Op Kruispunt,Gewestweg,binnen bebouwde kom,Tss. 2 best.: langs opzij (voor-/achterkant-flank),Geen hindernis
112,108,Heverlee teller 1,Leuven,50.8471728,4.6954674,1.7133892791670353,50.862579072271274,4.695916440059476,2017,1,12,24062,Leuven,Normaal,Onbekend,Dag,met lichtgewonden,9,personenauto,3,Fiets,Op Kruispunt,Gewestweg,binnen bebouwde kom,Tss. 2 best.: langs opzij (voor-/achterkant-flank),Geen hindernis
112,76,Heverlee teller 2,Leuven,50.84606,4.69597,1.836840877242474,50.862579072271274,4.695916440059476,2017,1,12,24062,Leuven,Normaal,Onbekend,Dag,met lichtgewonden,9,personenauto,3,Fiets,Op Kruispunt,Gewestweg,binnen bebouwde kom,Tss. 2 best.: langs opzij (voor-/achterkant-flank),Geen hindernis
112,69,Leuven teller 1,Leuven,50.87549,4.71526,1.9757626795460985,50.862579072271274,4.695916440059476,2017,1,12,24062,Leuven,Normaal,Onbekend,Dag,met lichtgewonden,9,personenauto,3,Fiets,Op Kruispunt,Gewestweg,binnen bebouwde kom,Tss. 2 best.: langs opzij (voor-/achterkant-flank),Geen hindernis
113,107,leuven totem,Leuven,50.8870744,4.7087919,2.316969680787639,50.90738031018137,4.7162033498893,2017,1,18,24062,Leuven,Normaal,Droog,"Nacht, openbare verlichting aanwezig en ontstoken",met lichtgewonden,3,Fiets,9,personenauto,Op Kruispunt,Gewestweg,buiten bebouwde kom,Tss. 2 best.: langs opzij (voor-/achterkant-flank),Geen hindernis
113,77,Leuven teller 2,Leuven,50.88672,4.70796,2.3689483656944637,50.90738031018137,4.7162033498893,2017,1,18,24062,Leuven,Normaal,Droog,"Nacht, openbare verlichting aanwezig en ontstoken",met lichtgewonden,3,Fiets,9,personenauto,Op Kruispunt,Gewestweg,buiten bebouwde kom,Tss. 2 best.: langs opzij (voor-/achterkant-flank),Geen hindernis
114,69,Leuven teller 1,Leuven,50.87549,4.71526,0.9740730149182517,50.87220435054805,4.702391312392832,2017,1,15,24062,Leuven,Normaal,Droog,Dag,met lichtgewonden,3,Fiets,9,personenauto,Buiten Kruispunt,Gemeenteweg,binnen bebouwde kom,Tussen 2 bestuurders: Langs achteren,Geen hindernis
114,151,Leuven,District Leuven,50.8690262,4.6854839,1.2379435578263476,50.87220435054805,4.702391312392832,2017,1,15,24062,Leuven,Normaal,Droog,Dag,met lichtgewonden,3,Fiets,9,personenauto,Buiten Kruispunt,Gemeenteweg,binnen bebouwde kom,Tussen 2 bestuurders: Langs achteren,Geen hindernis
114,77,Leuven teller 2,Leuven,50.88672,4.70796,1.6606781225357194,50.87220435054805,4.702391312392832,2017,1,15,24062,Leuven,Normaal,Droog,Dag,met lichtgewonden,3,Fiets,9,personenauto,Buiten Kruispunt,Gemeenteweg,binnen bebouwde kom,Tussen 2 bestuurders: Langs achteren,Geen hindernis
114,107,leuven totem,Leuven,50.8870744,4.7087919,1.713367457590941,50.87220435054805,4.702391312392832,2017,1,15,24062,Leuven,Normaal,Droog,Dag,met lichtgewonden,3,Fiets,9,personenauto,Buiten Kruispunt,Gemeenteweg,binnen bebouwde kom,Tussen 2 bestuurders: Langs achteren,Geen hindernis
115,69,Leuven teller 1,Leuven,50.87549,4.71526,0.5181277321978882,50.87250373304537,4.720928412543435,2017,1,12,24062,Leuven,Normaal,Droog,Dag,met lichtgewonden,3,Fiets,3,Fiets,Buiten Kruispunt,Gemeenteweg,binnen bebouwde kom,Tussen 2 bestuurders: Langs achteren,Geen hindernis
115,77,Leuven teller 2,Leuven,50.88672,4.70796,1.8239176270699904,50.87250373304537,4.720928412543435,2017,1,12,24062,Leuven,Normaal,Droog,Dag,met lichtgewonden,3,Fiets,3,Fiets,Buiten Kruispunt,Gemeenteweg,binnen bebouwde kom,Tussen 2 bestuurders: Langs achteren,Geen hindernis
115,107,leuven totem,Leuven,50.8870744,4.7087919,1.830303786506769,50.87250373304537,4.720928412543435,2017,1,12,24062,Leuven,Normaal,Droog,Dag,met lichtgewonden,3,Fiets,3,Fiets,Buiten Kruispunt,Gemeenteweg,binnen bebouwde kom,Tussen 2 bestuurders: Langs achteren,Geen hindernis
116,77,Leuven teller 2,Leuven,50.88672,4.70796,1.0898540980760167,50.88035270433568,4.69614927982531,2017,1,12,24062,Leuven,Normaal,Proper,Dag,met lichtgewonden,9,personenauto,3,Fiets,Op Kruispunt,Gemeenteweg,binnen bebouwde kom,Tss. 2 best.: langs opzij (voor-/achterkant-flank),Geen hindernis
116,107,leuven totem,Leuven,50.8870744,4.7087919,1.1598472566288993,50.88035270433568,4.69614927982531,2017,1,12,24062,Leuven,Normaal,Proper,Dag,met lichtgewonden,9,personenauto,3,Fiets,Op Kruispunt,Gemeenteweg,binnen bebouwde kom,Tss. 2 best.: langs opzij (voor-/achterkant-flank),Geen hindernis
116,69,Leuven teller 1,Leuven,50.87549,4.71526,1.445749969831683,50.88035270433568,4.69614927982531,2017,1,12,24062,Leuven,Normaal,Proper,Dag,met lichtgewonden,9,personenauto,3,Fiets,Op Kruispunt,Gemeenteweg,binnen bebouwde kom,Tss. 2 best.: langs opzij (voor-/achterkant-flank),Geen hindernis
116,151,Leuven,District Leuven,50.8690262,4.6854839,1.4650044836054807,50.88035270433568,4.69614927982531,2017,1,12,24062,Leuven,Normaal,Proper,Dag,met lichtgewonden,9,personenauto,3,Fiets,Op Kruispunt,Gemeenteweg,binnen bebouwde kom,Tss. 2 best.: langs opzij (voor-/achterkant-flank),Geen hindernis
117,151,Leuven,District Leuven,50.8690262,4.6854839,2.295032188258623,50.861442556386535,4.655069412084768,2017,1,17,24062,Leuven,Normaal,Droog,Dageraad - schemering,met lichtgewonden,3,Fiets,9,personenauto,Op Kruispunt,Gemeenteweg,binnen bebouwde kom,Tss. 2 best.: langs opzij (voor-/achterkant-flank),Geen hindernis
118,69,Leuven teller 1,Leuven,50.87549,4.71526,0.7210048640821133,50.87319276484092,4.70565088503165,2017,1,7,24062,Leuven,Regenval,"Nat, plassen",Dageraad - schemering,met lichtgewonden,8,Voetganger,3,Fiets,Buiten Kruispunt,Gemeenteweg,binnen bebouwde kom,Met een voetganger,Geen hindernis
118,151,Leuven,District Leuven,50.8690262,4.6854839,1.4890559732882853,50.87319276484092,4.70565088503165,2017,1,7,24062,Leuven,Regenval,"Nat, plassen",Dageraad - schemering,met lichtgewonden,8,Voetganger,3,Fiets,Buiten Kruispunt,Gemeenteweg,binnen bebouwde kom,Met een voetganger,Geen hindernis
118,77,Leuven teller 2,Leuven,50.88672,4.70796,1.5128589171963116,50.87319276484092,4.70565088503165,2017,1,7,24062,Leuven,Regenval,"Nat, plassen",Dageraad - schemering,met lichtgewonden,8,Voetganger,3,Fiets,Buiten Kruispunt,Gemeenteweg,binnen bebouwde kom,Met een voetganger,Geen hindernis
118,107,leuven totem,Leuven,50.8870744,4.7087919,1.559218362333575,50.87319276484092,4.70565088503165,2017,1,7,24062,Leuven,Regenval,"Nat, plassen",Dageraad - schemering,met lichtgewonden,8,Voetganger,3,Fiets,Buiten Kruispunt,Gemeenteweg,binnen bebouwde kom,Met een voetganger,Geen hindernis
119,77,Leuven teller 2,Leuven,50.88672,4.70796,0.45790435732223544,50.88278071837383,4.706057733914377,2017,1,10,24062,Leuven,Regenval,"Nat, plassen",Dag,met lichtgewonden,6,Bromfiets,3,Fiets,Buiten Kruispunt,Gemeenteweg,binnen bebouwde kom,Tss. 2 best.: langs opzij (voor-/achterkant-flank),Geen hindernis
119,107,leuven totem,Leuven,50.8870744,4.7087919,0.5145224546372916,50.88278071837383,4.706057733914377,2017,1,10,24062,Leuven,Regenval,"Nat, plassen",Dag,met lichtgewonden,6,Bromfiets,3,Fiets,Buiten Kruispunt,Gemeenteweg,binnen bebouwde kom,Tss. 2 best.: langs opzij (voor-/achterkant-flank),Geen hindernis
119,69,Leuven teller 1,Leuven,50.87549,4.71526,1.036364609665047,50.88278071837383,4.706057733914377,2017,1,10,24062,Leuven,Regenval,"Nat, plassen",Dag,met lichtgewonden,6,Bromfiets,3,Fiets,Buiten Kruispunt,Gemeenteweg,binnen bebouwde kom,Tss. 2 best.: langs opzij (voor-/achterkant-flank),Geen hindernis
119,151,Leuven,District Leuven,50.8690262,4.6854839,2.1030913154235287,50.88278071837383,4.706057733914377,2017,1,10,24062,Leuven,Regenval,"Nat, plassen",Dag,met lichtgewonden,6,Bromfiets,3,Fiets,Buiten Kruispunt,Gemeenteweg,binnen bebouwde kom,Tss. 2 best.: langs opzij (voor-/achterkant-flank),Geen hindernis
121,101,Diest teller 1,Diest,50.97799,5.04481,1.4666795050981998,50.99102636396916,5.041619680135537,2017,1,8,24020,Diest,Normaal,Proper,Dag,met lichtgewonden,3,Fiets,9,personenauto,Buiten Kruispunt,Gewestweg,buiten bebouwde kom,Tussen 2 bestuurders: Frontale botsing,Geen hindernis
121,102,Diest teller 2,Diest,50.9779,5.04474,1.4758380154857706,50.99102636396916,5.041619680135537,2017,1,8,24020,Diest,Normaal,Proper,Dag,met lichtgewonden,3,Fiets,9,personenauto,Buiten Kruispunt,Gewestweg,buiten bebouwde kom,Tussen 2 bestuurders: Frontale botsing,Geen hindernis
124,85,Asse teller 1,Asse,50.89621,4.17294,2.466644726893878,50.91455285701342,4.192722815854107,2017,1,16,23002,Asse,Onbekend,Onbekend,Onbekend,met lichtgewonden,3,Fiets,7,Motorfiets,Buiten Kruispunt,Gewestweg,binnen bebouwde kom,Tss. 2 best.: langs opzij (voor-/achterkant-flank),Geen hindernis
125,152,Opwijk,District Vilvoorde-gewestwegen,50.968901168564656,4.149169474840164,2.459607053334173,50.97418981462732,4.183277822351577,2017,1,13,23060,Opwijk,Normaal,Droog,Dag,met lichtgewonden,3,Fiets,9,personenauto,Op Kruispunt,Gemeenteweg,binnen bebouwde kom,Tss. 2 best.: langs opzij (voor-/achterkant-flank),Geen hindernis
128,47,Vilvoorde,Vilvoorde,50.91372,4.41497,1.6173844606012306,50.92702741741334,4.424285193200369,2017,1,16,23088,Vilvoorde,Regenval,"Nat, plassen","Nacht, openbare verlichting aanwezig en ontstoken",met lichtgewonden,3,Fiets,9,personenauto,Buiten Kruispunt,Gewestweg,binnen bebouwde kom,Tss. 2 best.: langs opzij (voor-/achterkant-flank),Geen hindernis
129,47,Vilvoorde,Vilvoorde,50.91372,4.41497,0.9524695712098704,50.919147389317665,4.425481323406649,2017,1,12,23088,Vilvoorde,Normaal,Droog,Dag,met lichtgewonden,9,personenauto,3,Fiets,Buiten Kruispunt,Gewestweg,binnen bebouwde kom,Tss. 2 best.: langs opzij (voor-/achterkant-flank),Geen hindernis
129,1,Machelen,Machelen,50.91618331151478,4.456121776137429,2.1730767147737016,50.919147389317665,4.425481323406649,2017,1,12,23088,Vilvoorde,Normaal,Droog,Dag,met lichtgewonden,9,personenauto,3,Fiets,Buiten Kruispunt,Gewestweg,binnen bebouwde kom,Tss. 2 best.: langs opzij (voor-/achterkant-flank),Geen hindernis
130,1,Machelen,Machelen,50.91618331151478,4.456121776137429,2.071511361862323,50.912600312172465,4.485118288089624,2017,1,8,23081,Steenokkerzeel,Regenval,"Nat, plassen","Nacht, openbare verlichting aanwezig en ontstoken",met lichtgewonden,3,Fiets,9,personenauto,Buiten Kruispunt,Gewestweg,buiten bebouwde kom,Tss. 2 best.: langs opzij (voor-/achterkant-flank),Geen hindernis
132,13,Gent,Gent,51.03018,3.70146,1.550522152487727,51.03206784767005,3.723428256421576,2017,1,6,44021,Gent,Onbekend,Onbekend,Onbekend,met lichtgewonden,3,Fiets,9,personenauto,Op Kruispunt,Gemeenteweg,binnen bebouwde kom,Tussen 2 bestuurders: Frontale botsing,Geen hindernis
133,13,Gent,Gent,51.03018,3.70146,2.3244078712875678,51.04145252824012,3.729454758434649,2017,1,19,44021,Gent,Normaal,"Nat, plassen","Nacht, openbare verlichting aanwezig en ontstoken",met zwaargewonden,9,personenauto,3,Fiets,Op Kruispunt,Gemeenteweg,binnen bebouwde kom,Tss. 2 best.: langs opzij (voor-/achterkant-flank),Geen hindernis
135,13,Gent,Gent,51.03018,3.70146,1.0594198222247544,51.03671470318717,3.712485302188481,2017,1,8,44021,Gent,Normaal,Droog,Dageraad - schemering,met lichtgewonden,9,personenauto,3,Fiets,Op Kruispunt,Gemeenteweg,binnen bebouwde kom,Tss. 2 best.: langs opzij (voor-/achterkant-flank),Geen hindernis
136,13,Gent,Gent,51.03018,3.70146,2.47689709702387,51.052427600054024,3.699694707259418,2017,1,12,44021,Gent,Normaal,Droog,Dag,met lichtgewonden,9,personenauto,3,Fiets,Op Kruispunt,Gewestweg,binnen bebouwde kom,Tss. 2 best.: langs opzij (voor-/achterkant-flank),Geen hindernis
137,136,Gent R4,Gent,51.0876313,3.7587918,2.2428758840092176,51.07251961016268,3.7375256444665363,2017,1,15,44021,Gent,Regenval,"Nat, plassen",Dag,met zwaargewonden,3,Fiets,4,Vrachtwagen,Buiten Kruispunt,Gewestweg,buiten bebouwde kom,Tss. 2 best.: langs opzij (voor-/achterkant-flank),Geen hindernis