crash_row_id,site_id,site_name,site_gemeente,site_lat,site_long,distance_km,crash_lat,crash_long,DT_YEAR_COLLISION,DT_MONTH_COLLISION,DT_TIME,CD_NIS,TX_MUNTY_COLLISION_NL,TX_WEATHER_NL,TX_ROAD_CONDITION_NL,TX_LIGHT_CONDITION_NL,TX_CLASS_ACCIDENTS_NL,CD_ROAD_USR_TYPE1,TX_ROAD_USR_TYPE1_NL,CD_ROAD_USR_TYPE2,TX_ROAD_USR_TYPE2_NL,TX_CROSSWAY_NL,CD_ROAD_TYPE_NL,TX_BUILD_UP_AREA_NL,TX_COLLISION_TYPE_NL,TX_OBSTACLES_NL
233,18,Oostende 1,Oostende,51.21378,2.92765,1.3998010003692751,51.21127226582014,2.9079569126847566,2017,1,11,35013,Oostende,Normaal,Droog,Dag,met lichtgewonden,9,personenauto,3,Fiets,Op Kruispunt,Gemeenteweg,binnen bebouwde kom,Tss. 2 best.: langs opzij (voor-/achterkant-flank),Geen hindernis
234,15,Oostende 2,Oostende,51.21371,2.92743,1.9559555627880358,51.204087281906595,2.9039259018253465,2017,1,15,35013,Oostende,Normaal,Droog,Dag,met lichtgewonden,3,Fiets,9,personenauto,Op Kruispunt,Gewestweg,binnen bebouwde kom,Tss. 2 best.: langs opzij (voor-/achterkant-flank),Geen hindernis
234,18,Oostende 1,Oostende,51.21378,2.92765,1.9730424846888952,51.204087281906595,2.9039259018253465,2017,1,15,35013,Oostende,Normaal,Droog,Dag,met lichtgewonden,3,Fiets,9,personenauto,Op Kruispunt,Gewestweg,binnen bebouwde kom,Tss. 2 best.: langs opzij (voor-/achterkant-flank),Geen hindernis
237,55,Torhout teller 1,Torhout,51.07161,3.08261,0.4165801406463716,51.06981215682168,3.08784079698561,2017,1,10,31033,Torhout,Normaal,"Ijzel, sneeuw",Dag,met lichtgewonden,3,Fiets,10,"één bestuurder, geen hindernis",Buiten Kruispunt,Gewestweg,binnen bebouwde kom,"Eén bestuurder, geen hindernis (incl. val)",Geen hindernis
237,56,Torhout teller 2,Torhout,51.07147,3.08244,0.4199774132028807,51.06981215682168,3.08784079698561,2017,1,10,31033,Torhout,Normaal,"Ijzel, sneeuw",Dag,met lichtgewonden,3,Fiets,10,"één bestuurder, geen hindernis",Buiten Kruispunt,Gewestweg,binnen bebouwde kom,"Eén bestuurder, geen hindernis (incl. val)",Geen hindernis
241,55,Torhout teller 1,Torhout,51.07161,3.08261,0.720593815506179,51.06846148031487,3.0916241121334225,2017,1,7,31033,Torhout,Normaal,Droog,"Nacht, openbare verlichting aanwezig en ontstoken",met lichtgewonden,5,Lichte vrachtauto,3,Fiets,Op Kruispunt,Gewestweg,buiten bebouwde kom,Tss. 2 best.: langs opzij (voor-/achterkant-flank),Geen hindernis
241,56,Torhout teller 2,Torhout,51.07147,3.08244,0.7236728364789035,51.06846148031487,3.0916241121334225,2017,1,7,31033,Torhout,Normaal,Droog,"Nacht, openbare verlichting aanwezig en ontstoken",met lichtgewonden,5,Lichte vrachtauto,3,Fiets,Op Kruispunt,Gewestweg,buiten bebouwde kom,Tss. 2 best.: langs opzij (voor-/achterkant-flank),Geen hindernis
242,55,Torhout teller 1,Torhout,51.07161,3.08261,1.61480043422869,51.0684164142593,3.1051552220279075,2017,1,8,31033,Torhout,Normaal,Droog,Dag,met lichtgewonden,3,Fiets,3,Fiets,Buiten Kruispunt,Gewestweg,binnen bebouwde kom,Tussen 2 bestuurders: Langs achteren,Geen hindernis
242,56,Torhout teller 2,Torhout,51.07147,3.08244,1.6230643659826895,51.0684164142593,3.1051552220279075,2017,1,8,31033,Torhout,Normaal,Droog,Dag,met lichtgewonden,3,Fiets,3,Fiets,Buiten Kruispunt,Gewestweg,binnen bebouwde kom,Tussen 2 bestuurders: Langs achteren,Geen hindernis
243,55,Torhout teller 1,Torhout,51.07161,3.08261,1.7302704788910588,51.06400580642355,3.104214285147162,2017,1,11,31033,Torhout,Normaal,Droog,Dag,met lichtgewonden,9,personenauto,3,Fiets,Buiten Kruispunt,Gemeenteweg,binnen bebouwde kom,Tss. 2 best.: langs opzij (voor-/achterkant-flank),Geen hindernis
243,56,Torhout teller 2,Torhout,51.07147,3.08244,1.7331372784203014,51.06400580642355,3.104214285147162,2017,1,11,31033,Torhout,Normaal,Droog,Dag,met lichtgewonden,9,personenauto,3,Fiets,Buiten Kruispunt,Gemeenteweg,binnen bebouwde kom,Tss. 2 best.: langs opzij (voor-/achterkant-flank),Geen hindernis
244,60,Ardooie teller 2,Ardooie,50.96783,3.18411,2.073496588444983,50.95481012938419,3.162915131570777,2017,1,13,36015,Roeselare,Normaal,Droog,Dag,met lichtgewonden,3,Fiets,2,Andere weggebruiker,Op Kruispunt,Gemeenteweg,buiten bebouwde kom,Tss. 2 best.: langs opzij (voor-/achterkant-flank),Geen hindernis
244,59,Ardooie teller 1,Ardooie,50.96784,3.18479,2.1086162888911844,50.95481012938419,3.162915131570777,2017,1,13,36015,Roeselare,Normaal,Droog,Dag,met lichtgewonden,3,Fiets,2,Andere weggebruiker,Op Kruispunt,Gemeenteweg,buiten bebouwde kom,Tss. 2 best.: langs opzij (voor-/achterkant-flank),Geen hindernis
249,84,Roeselare totem,Izegem,50.91717,3.18772,1.6033467025765107,50.91888284788177,3.210430073223562,2017,1,22,36008,Izegem,Normaal,"Nat, plassen","Nacht, openbare verlichting aanwezig en ontstoken",met lichtgewonden,9,personenauto,3,Fiets,Op Kruispunt,Gewestweg,binnen bebouwde kom,Tussen 2 bestuurders: Frontale botsing,Geen hindernis
262,143,Eco Display Classic Budastraat,Kortrijk,50.83066,3.26286,2.3501325738202845,50.84511277351533,3.238440554595463,2017,1,8,34022,Kortrijk,Normaal,Droog,Dag,met lichtgewonden,9,personenauto,3,Fiets,Op Kruispunt,Gemeenteweg,binnen bebouwde kom,Tss. 2 best.: langs opzij (voor-/achterkant-flank),Geen hindernis
263,143,Eco Display Classic Budastraat,Kortrijk,50.83066,3.26286,0.6835737675718426,50.832919192737876,3.2538078144383125,2017,1,11,34022,Kortrijk,Normaal,Droog,Dag,met lichtgewonden,9,personenauto,3,Fiets,Buiten Kruispunt,Gemeenteweg,binnen bebouwde kom,Tussen 2 bestuurders: Langs achteren,Geen hindernis
263,75,Kortrijk teller 2,Kortrijk,50.81925,3.25731,1.5397220216761487,50.832919192737876,3.2538078144383125,2017,1,11,34022,Kortrijk,Normaal,Droog,Dag,met lichtgewonden,9,personenauto,3,Fiets,Buiten Kruispunt,Gemeenteweg,binnen bebouwde kom,Tussen 2 bestuurders: Langs achteren,Geen hindernis
263,74,Kortrijk teller 1,Kortrijk,50.81909,3.25728,1.5569558868860915,50.832919192737876,3.2538078144383125,2017,1,11,34022,Kortrijk,Normaal,Droog,Dag,met lichtgewonden,9,personenauto,3,Fiets,Buiten Kruispunt,Gemeenteweg,binnen bebouwde kom,Tussen 2 bestuurders: Langs achteren,Geen hindernis
263,17,Kortrijk 2,Kortrijk,50.83339,3.27773,1.6808365190328036,50.832919192737876,3.2538078144383125,2017,1,11,34022,Kortrijk,Normaal,Droog,Dag,met lichtgewonden,9,personenauto,3,Fiets,Buiten Kruispunt,Gemeenteweg,binnen bebouwde kom,Tussen 2 bestuurders: Langs achteren,Geen hindernis
263,16,Kortrijk 1,Kortrijk,50.83332,3.27777,1.6834215150164162,50.832919192737876,3.2538078144383125,2017,1,11,34022,Kortrijk,Normaal,Droog,Dag,met lichtgewonden,9,personenauto,3,Fiets,Buiten Kruispunt,Gemeenteweg,binnen bebouwde kom,Tussen 2 bestuurders: Langs achteren,Geen hindernis
264,143,Eco Display Classic Budastraat,Kortrijk,50.83066,3.26286,0.8475273326047826,50.82469554561511,3.270372862361726,2017,1,12,34022,Kortrijk,Normaal,Droog,Dag,met lichtgewonden,3,Fiets,5,Lichte vrachtauto,Op Kruispunt,Gemeenteweg,binnen bebouwde kom,Tss. 2 best.: langs opzij (voor-/achterkant-flank),Geen hindernis
264,16,Kortrijk 1,Kortrijk,50.83332,3.27777,1.0906836346345603,50.82469554561511,3.270372862361726,2017,1,12,34022,Kortrijk,Normaal,Droog,Dag,met lichtgewonden,3,Fiets,5,Lichte vrachtauto,Op Kruispunt,Gemeenteweg,binnen bebouwde kom,Tss. 2 best.: langs opzij (voor-/achterkant-flank),Geen hindernis
264,17,Kortrijk 2,Kortrijk,50.83339,3.27773,1.09620648854942,50.82469554561511,3.270372862361726,2017,1,12,34022,Kortrijk,Normaal,Droog,Dag,met lichtgewonden,3,Fiets,5,Lichte vrachtauto,Op Kruispunt,Gemeenteweg,binnen bebouwde kom,Tss. 2 best.: langs opzij (voor-/achterkant-flank),Geen hindernis
264,75,Kortrijk teller 2,Kortrijk,50.81925,3.25731,1.099386948776401,50.82469554561511,3.270372862361726,2017,1,12,34022,Kortrijk,Normaal,Droog,Dag,met lichtgewonden,3,Fiets,5,Lichte vrachtauto,Op Kruispunt,Gemeenteweg,binnen bebouwde kom,Tss. 2 best.: langs opzij (voor-/achterkant-flank),Geen hindernis
264,74,Kortrijk teller 1,Kortrijk,50.81909,3.25728,1.1110304767883017,50.82469554561511,3.270372862361726,2017,1,12,34022,Kortrijk,Normaal,Droog,Dag,met lichtgewonden,3,Fiets,5,Lichte vrachtauto,Op Kruispunt,Gemeenteweg,binnen bebouwde kom,Tss. 2 best.: langs opzij (voor-/achterkant-flank),Geen hindernis
265,75,Kortrijk teller 2,Kortrijk,50.81925,3.25731,2.1387336544340836,50.82391076706142,3.227771051166748,2017,1,14,34022,Kortrijk,Normaal,Droog,Dag,met lichtgewonden,9,personenauto,3,Fiets,Op Kruispunt,Gewestweg,binnen bebouwde kom,Tussen 2 bestuurders: Frontale botsing,Geen hindernis
265,74,Kortrijk teller 1,Kortrijk,50.81909,3.25728,2.141077400818648,50.82391076706142,3.227771051166748,2017,1,14,34022,Kortrijk,Normaal,Droog,Dag,met lichtgewonden,9,personenauto,3,Fiets,Op Kruispunt,Gewestweg,binnen bebouwde kom,Tussen 2 bestuurders: Frontale botsing,Geen hindernis
280,67,Ieper totem,Ieper,50.85018,2.85624,2.151278229860416,50.8532771172179,2.886489506574391,2017,1,9,33011,Ieper,Regenval,"Nat, plassen",Dag,met lichtgewonden,3,Fiets,5,Lichte vrachtauto,Op Kruispunt,Gewestweg,binnen bebouwde kom,Tss. 2 best.: langs opzij (voor-/achterkant-flank),Geen hindernis
280,68,Ieper,Ieper,50.85032,2.85608,2.159938448487078,50.8532771172179,2.886489506574391,2017,1,9,33011,Ieper,Regenval,"Nat, plassen",Dag,met lichtgewonden,3,Fiets,5,Lichte vrachtauto,Op Kruispunt,Gewestweg,binnen bebouwde kom,Tss. 2 best.: langs opzij (voor-/achterkant-flank),Geen hindernis
281,67,Ieper totem,Ieper,50.85018,2.85624,2.4716458406540975,50.84483429285385,2.890411883516349,2017,1,10,33011,Ieper,Normaal,Onbekend,Dag,met lichtgewonden,3,Fiets,10,"één bestuurder, geen hindernis",Op Kruispunt,Gewestweg,binnen bebouwde kom,"Eén bestuurder, geen hindernis (incl. val)",Geen hindernis
281,68,Ieper,Ieper,50.85032,2.85608,2.4863205686722636,50.84483429285385,2.890411883516349,2017,1,10,33011,Ieper,Normaal,Onbekend,Dag,met lichtgewonden,3,Fiets,10,"één bestuurder, geen hindernis",Op Kruispunt,Gewestweg,binnen bebouwde kom,"Eén bestuurder, geen hindernis (incl. val)",Geen hindernis
283,67,Ieper totem,Ieper,50.85018,2.85624,2.151278229860416,50.8532771172179,2.886489506574391,2017,1,16,33011,Ieper,Normaal,Droog,Dageraad - schemering,met lichtgewonden,9,personenauto,3,Fiets,Op Kruispunt,Gewestweg,binnen bebouwde kom,Tss. 2 best.: langs opzij (voor-/achterkant-flank),Geen hindernis
283,68,Ieper,Ieper,50.85032,2.85608,2.159938448487078,50.8532771172179,2.886489506574391,2017,1,16,33011,Ieper,Normaal,Droog,Dageraad - schemering,met lichtgewonden,9,personenauto,3,Fiets,Op Kruispunt,Gewestweg,binnen bebouwde kom,Tss. 2 best.: langs opzij (voor-/achterkant-flank),Geen hindernis
284,35,Lanaken teller 1,Lanaken,50.88112,5.6314,1.7966146287250089,50.89531167644736,5.643643660115164,2017,1,16,73042,Lanaken,Normaal,Droog,Dag,met zwaargewonden,9,personenauto,3,Fiets,Op Kruispunt,Gewestweg,binnen bebouwde kom,Tss. 2 best.: langs opzij (voor-/achterkant-flank),Geen hindernis
284,36,Lanaken teller 2,Lanaken,50.88131,5.63012,1.8231495192853344,50.89531167644736,5.643643660115164,2017,1,16,73042,Lanaken,Normaal,Droog,Dag,met zwaargewonden,9,personenauto,3,Fiets,Op Kruispunt,Gewestweg,binnen bebouwde kom,Tss. 2 best.: langs opzij (voor-/achterkant-flank),Geen hindernis
285,35,Lanaken teller 1,Lanaken,50.88112,5.6314,0.23383814701900316,50.88227089154238,5.634189685350802,2017,1,10,73042,Lanaken,Onbekend,Droog,Dag,met lichtgewonden,5,Lichte vrachtauto,3,Fiets,Buiten Kruispunt,Gemeenteweg,buiten bebouwde kom,Tss. 2 best.: langs opzij (voor-/achterkant-flank),Geen hindernis
285,36,Lanaken teller 2,Lanaken,50.88131,5.63012,0.30484791162588665,50.88227089154238,5.634189685350802,2017,1,10,73042,Lanaken,Onbekend,Droog,Dag,met lichtgewonden,5,Lichte vrachtauto,3,Fiets,Buiten Kruispunt,Gemeenteweg,buiten bebouwde kom,Tss. 2 best.: langs opzij (voor-/achterkant-flank),Geen hindernis
286,41,Maasmechelen teller 1,Maasmechelen,50.97025,5.69799,1.4095271263724583,50.957752666262,5.694620963299907,2017,1,7,73107,Maasmechelen,Normaal,"Nat, plassen","Nacht, openbare verlichting aanwezig en ontstoken",met lichtgewonden,9,personenauto,3,Fiets,Op Kruispunt,Gewestweg,buiten bebouwde kom,Tss. 2 best.: langs opzij (voor-/achterkant-flank),Geen hindernis
286,42,Maasmechelen teller 2,Maasmechelen,50.97043,5.6981,1.4305555089539503,50.957752666262,5.694620963299907,2017,1,7,73107,Maasmechelen,Normaal,"Nat, plassen","Nacht, openbare verlichting aanwezig en ontstoken",met lichtgewonden,9,personenauto,3,Fiets,Op Kruispunt,Gewestweg,buiten bebouwde kom,Tss. 2 best.: langs opzij (voor-/achterkant-flank),Geen hindernis
291,99,Mechelen teller 1,Mechelen,51.04564,4.46882,2.312846399122262,51.029118598430436,4.488915737586315,2017,1,8,12025,Mechelen,Regenval,"Nat, plassen","Nacht, openbare verlichting aanwezig en ontstoken",met lichtgewonden,9,personenauto,3,Fiets,Op Kruispunt,Gewestweg,binnen bebouwde kom,Tussen 2 bestuurders: Frontale botsing,Geen hindernis
291,100,Mechelen teller 2,Mechelen,51.0457,4.46883,2.3177249776665727,51.029118598430436,4.488915737586315,2017,1,8,12025,Mechelen,Regenval,"Nat, plassen","Nacht, openbare verlichting aanwezig en ontstoken",met lichtgewonden,9,personenauto,3,Fiets,Op Kruispunt,Gewestweg,binnen bebouwde kom,Tussen 2 bestuurders: Frontale botsing,Geen hindernis
292,99,Mechelen teller 1,Mechelen,51.04564,4.46882,1.7644047656879251,51.030125749524224,4.474116269823282,2017,1,12,12025,Mechelen,Normaal,Droog,Dag,met lichtgewonden,5,Lichte vrachtauto,3,Fiets,Op Kruispunt,Gemeenteweg,binnen bebouwde kom,Tussen 2 bestuurders: Langs achteren,Geen hindernis
292,100,Mechelen teller 2,Mechelen,51.0457,4.46883,1.7707822887432667,51.030125749524224,4.474116269823282,2017,1,12,12025,Mechelen,Normaal,Droog,Dag,met lichtgewonden,5,Lichte vrachtauto,3,Fiets,Op Kruispunt,Gemeenteweg,binnen bebouwde kom,Tussen 2 bestuurders: Langs achteren,Geen hindernis
295,99,Mechelen teller 1,Mechelen,51.04564,4.46882,0.4981345312115828,51.04144013068556,4.471299351503357,2017,1,16,12025,Mechelen,Regenval,"Nat, plassen",Dag,met lichtgewonden,3,Fiets,6,Bromfiets,Buiten Kruispunt,Gewestweg,binnen bebouwde kom,Tussen 2 bestuurders: Frontale botsing,Geen hindernis
295,100,Mechelen teller 2,Mechelen,51.0457,4.46883,0.5041547672046742,51.04144013068556,4.471299351503357,2017,1,16,12025,Mechelen,Regenval,"Nat, plassen",Dag,met lichtgewonden,3,Fiets,6,Bromfiets,Buiten Kruispunt,Gewestweg,binnen bebouwde kom,Tussen 2 bestuurders: Frontale botsing,Geen hindernis
296,99,Mechelen teller 1,Mechelen,51.04564,4.46882,0.6165650018928265,51.04043691322523,4.471868532623651,2017,1,16,12025,Mechelen,Normaal,Droog,Dageraad - schemering,met lichtgewonden,9,personenauto,3,Fiets,Buiten Kruispunt,Gewestweg,binnen bebouwde kom,Tss. 2 best.: langs opzij (voor-/achterkant-flank),Geen hindernis
296,100,Mechelen teller 2,Mechelen,51.0457,4.46883,0.6225907529960342,51.04043691322523,4.471868532623651,2017,1,16,12025,Mechelen,Normaal,Droog,Dageraad - schemering,met lichtgewonden,9,personenauto,3,Fiets,Buiten Kruispunt,Gewestweg,binnen bebouwde kom,Tss. 2 best.: langs opzij (voor-/achterkant-flank),Geen hindernis
298,100,Mechelen teller 2,Mechelen,51.0457,4.46883,0.19962810189358912,51.047399028365824,4.467907445179255,2017,1,7,12025,Mechelen,Normaal,Droog,Dageraad - schemering,met lichtgewonden,9,personenauto,3,Fiets,Op Kruispunt,Gewestweg,buiten bebouwde kom,Tussen 2 bestuurders: Frontale botsing,Geen hindernis
298,99,Mechelen teller 1,Mechelen,51.04564,4.46882,0.20573549087624338,51.047399028365824,4.467907445179255,2017,1,7,12025,Mechelen,Normaal,Droog,Dageraad - schemering,met lichtgewonden,9,personenauto,3,Fiets,Op Kruispunt,Gewestweg,buiten bebouwde kom,Tussen 2 bestuurders: Frontale botsing,Geen hindernis
299,99,Mechelen teller 1,Mechelen,51.04564,4.46882,2.3984542583833104,51.0255995998204,4.481506002995267,2017,1,8,12025,Mechelen,Normaal,Droog,Dag,met zwaargewonden,3,Fiets,3,Fiets,Buiten Kruispunt,Gemeenteweg,binnen bebouwde kom,Tussen 2 bestuurders: Frontale botsing,Geen hindernis
299,100,Mechelen teller 2,Mechelen,51.0457,4.46883,2.4043960968917353,51.0255995998204,4.481506002995267,2017,1,8,12025,Mechelen,Normaal,Droog,Dag,met zwaargewonden,3,Fiets,3,Fiets,Buiten Kruispunt,Gemeenteweg,binnen bebouwde kom,Tussen 2 bestuurders: Frontale botsing,Geen hindernis
300,99,Mechelen teller 1,Mechelen,51.04564,4.46882,2.2160369605613073,51.03303233999194,4.493366484641719,2017,1,18,12025,Mechelen,Normaal,Droog,"Nacht, openbare verlichting aanwezig en ontstoken",met lichtgewonden,3,Fiets,9,personenauto,Op Kruispunt,Gemeenteweg,binnen bebouwde kom,Tss. 2 best.: langs opzij (voor-/achterkant-flank),Geen hindernis
300,100,Mechelen teller 2,Mechelen,51.0457,4.46883,2.2197223448709535,51.03303233999194,4.493366484641719,2017,1,18,12025,Mechelen,Normaal,Droog,"Nacht, openbare verlichting aanwezig en ontstoken",met lichtgewonden,3,Fiets,9,personenauto,Op Kruispunt,Gemeenteweg,binnen bebouwde kom,Tss. 2 best.: langs opzij (voor-/achterkant-flank),Geen hindernis
301,140,Hasselt ring,Hasselt,50.9300038,5.3438616,0.795207671817856,50.923289596764036,5.339955094381133,2017,1,10,71022,Hasselt,Normaal,Droog+Proper,Dag,met zwaargewonden,9,personenauto,3,Fiets,Op Kruispunt,Gewestweg,binnen bebouwde kom,Tss. 2 best.: langs opzij (voor-/achterkant-flank),Geen hindernis
301,138,Hasselt-Kempische brug,Hasselt,50.9405318,5.3422472,1.9239627207362398,50.923289596764036,5.339955094381133,2017,1,10,71022,Hasselt,Normaal,Droog+Proper,Dag,met zwaargewonden,9,personenauto,3,Fiets,Op Kruispunt,Gewestweg,binnen bebouwde kom,Tss. 2 best.: langs opzij (voor-/achterkant-flank),Geen hindernis
301,137,Hasselt-Kempische brug,Hasselt,50.9411605,5.3417576,1.991164606792382,50.923289596764036,5.339955094381133,2017,1,10,71022,Hasselt,Normaal,Droog+Proper,Dag,met zwaargewonden,9,personenauto,3,Fiets,Op Kruispunt,Gewestweg,binnen bebouwde kom,Tss. 2 best.: langs opzij (voor-/achterkant-flank),Geen hindernis
360,3,Brasschaat 1,Brasschaat,51.27503,4.47222,1.3103904692457318,51.284606727255245,4.48319903921691,2017,2,19,11008,Brasschaat,Onbekend,Droog,"Nacht, openbare verlichting aanwezig en ontstoken",met lichtgewonden,3,Fiets,9,personenauto,Op Kruispunt,Gewestweg,binnen bebouwde kom,Tussen 2 bestuurders: Langs achteren,Geen hindernis
360,2,Brasschaat 2,Brasschaat,51.27512,4.47169,1.3242237987684928,51.284606727255245,4.48319903921691,2017,2,19,11008,Brasschaat,Onbekend,Droog,"Nacht, openbare verlichting aanwezig en ontstoken",met lichtgewonden,3,Fiets,9,personenauto,Op Kruispunt,Gewestweg,binnen bebouwde kom,Tussen 2 bestuurders: Langs achteren,Geen hindernis
365,104,Malle teller 2,Malle,51.31682,4.73852,1.2400637226370712,51.30571645714384,4.736855906121044,2017,2,15,11057,Malle,Regenval,"Nat, plassen",Dag,met lichtgewonden,9,personenauto,3,Fiets,Buiten Kruispunt,Gewestweg,binnen bebouwde kom,Tss. 2 best.: langs opzij (voor-/achterkant-flank),Geen hindernis
365,103,Malle teller 1,Malle,51.31681,4.73872,1.2403316452213284,51.30571645714384,4.736855906121044,2017,2,15,11057,Malle,Regenval,"Nat, plassen",Dag,met lichtgewonden,9,personenauto,3,Fiets,Buiten Kruispunt,Gewestweg,binnen bebouwde kom,Tss. 2 best.: langs opzij (voor-/achterkant-flank),Geen hindernis
370,96,Lier teller 2,Lier,51.11705,4.58444,1.9362248325818767,51.132359298837045,4.571220965470142,2017,2,17,12021,Lier,Normaal,Droog,Dag,met lichtgewonden,3,Fiets,3,Fiets,Op Kruispunt,Gemeenteweg,binnen bebouwde kom,Tss. 2 best.: langs opzij (voor-/achterkant-flank),Geen hindernis
370,95,Lier teller 1,Lier,51.11687,4.58437,1.9515441844988908,51.132359298837045,4.571220965470142,2017,2,17,12021,Lier,Normaal,Droog,Dag,met lichtgewonden,3,Fiets,3,Fiets,Op Kruispunt,Gemeenteweg,binnen bebouwde kom,Tss. 2 best.: langs opzij (voor-/achterkant-flank),Geen hindernis
371,92,Nijlen teller 1,Nijlen,51.14989,4.64479,1.2671100274038862,51.141204786684035,4.633030694120083,2017,2,6,12026,Nijlen,Normaal,"Nat, plassen","Nacht, openbare verlichting aanwezig en ontstoken",met lichtgewonden,9,personenauto,3,Fiets,Op Kruispunt,Gewestweg,binnen bebouwde kom,Tss. 2 best.: langs opzij (voor-/achterkant-flank),Geen hindernis
371,93,Nijlen teller 2,Nijlen,51.14998,4.64469,1.2702757721743252,51.141204786684035,4.633030694120083,2017,2,6,12026,Nijlen,Normaal,"Nat, plassen","Nacht, openbare verlichting aanwezig en ontstoken",met lichtgewonden,9,personenauto,3,Fiets,Op Kruispunt,Gewestweg,binnen bebouwde kom,Tss. 2 best.: langs opzij (voor-/achterkant-flank),Geen hindernis
372,9,Heist op den Berg 2,Heist-op-den-Berg,51.06904,4.69524,1.3608613080193364,51.07367846452257,4.7132640670776125,2017,2,9,12014,Heist-op-den-Berg,Normaal,Droog,Dag,met zwaargewonden,3,Fiets,3,Fiets,Buiten Kruispunt,Gewestweg,binnen bebouwde kom,Tussen 2 bestuurders: Frontale botsing,Geen hindernis
372,8,Heist op den Berg 1,Heist-op-den-Berg,51.06759,4.68823,1.875593545772232,51.07367846452257,4.7132640670776125,2017,2,9,12014,Heist-op-den-Berg,Normaal,Droog,Dag,met zwaargewonden,3,Fiets,3,Fiets,Buiten Kruispunt,Gewestweg,binnen bebouwde kom,Tussen 2 bestuurders: Frontale botsing,Geen hindernis
388,4,Balen 1,Balen,51.16023,5.19011,2.266792355006874,51.17601908170328,5.169544860134061,2017,2,7,13003,Balen,Normaal,"Nat, plassen","Nacht, openbare verlichting aanwezig en ontstoken",met lichtgewonden,3,Fiets,8,Voetganger,Buiten Kruispunt,Gemeenteweg,binnen bebouwde kom,Met een voetganger,Geen hindernis
388,5,Balen 2,Balen,51.16018,5.19003,2.2675841862911437,51.17601908170328,5.169544860134061,2017,2,7,13003,Balen,Normaal,"Nat, plassen","Nacht, openbare verlichting aanwezig en ontstoken",met lichtgewonden,3,Fiets,8,Voetganger,Buiten Kruispunt,Gemeenteweg,binnen bebouwde kom,Met een voetganger,Geen hindernis
389,135,Retie 2,Dessel,51.2544998,5.1040064,1.6425057291696226,51.23992708460068,5.1078638904664215,2017,2,7,13006,Dessel,Normaal,Droog,Dag,met lichtgewonden,5,Lichte vrachtauto,3,Fiets,Op Kruispunt,Gemeenteweg,binnen bebouwde kom,Tss. 2 best.: langs opzij (voor-/achterkant-flank),Geen hindernis
389,134,Retie,Dessel,51.2548405,5.1037658,1.6826493025384759,51.23992708460068,5.1078638904664215,2017,2,7,13006,Dessel,Normaal,Droog,Dag,met lichtgewonden,5,Lichte vrachtauto,3,Fiets,Op Kruispunt,Gemeenteweg,binnen bebouwde kom,Tss. 2 best.: langs opzij (voor-/achterkant-flank),Geen hindernis
393,38,Lommel teller 2,Lommel,51.23277,5.29189,1.937521335444856,51.222063972382536,5.313842889968831,2017,2,16,72020,Lommel,Regenval,"Nat, plassen",Dag,met lichtgewonden,9,personenauto,3,Fiets,Op Kruispunt,Gewestweg,buiten bebouwde kom,Tss. 2 best.: langs opzij (voor-/achterkant-flank),Geen hindernis
393,37,Lommel teller 1,Lommel,51.23299,5.29211,1.9406748053588978,51.222063972382536,5.313842889968831,2017,2,16,72020,Lommel,Regenval,"Nat, plassen",Dag,met lichtgewonden,9,personenauto,3,Fiets,Op Kruispunt,Gewestweg,buiten bebouwde kom,Tss. 2 best.: langs opzij (voor-/achterkant-flank),Geen hindernis
394,37,Lommel teller 1,Lommel,51.23299,5.29211,1.3371270233177588,51.228925097217235,5.310183315190364,2017,2,10,72020,Lommel,Normaal,Droog,Dag,met lichtgewonden,9,personenauto,3,Fiets,Op Kruispunt,Gemeenteweg,binnen bebouwde kom,Tss. 2 best.: langs opzij (voor-/achterkant-flank),Geen hindernis
394,38,Lommel teller 2,Lommel,51.23277,5.29189,1.3435730784428326,51.228925097217235,5.310183315190364,2017,2,10,72020,Lommel,Normaal,Droog,Dag,met lichtgewonden,9,personenauto,3,Fiets,Op Kruispunt,Gemeenteweg,binnen bebouwde kom,Tss. 2 best.: langs opzij (voor-/achterkant-flank),Geen hindernis
401,39,Peer teller 1,Peer,51.13425,5.47817,2.136626822486249,51.14453479674387,5.452300916336814,2017,2,7,72030,Peer,Normaal,Droog,Dag,met lichtgewonden,5,Lichte vrachtauto,3,Fiets,Op Kruispunt,Gewestweg,buiten bebouwde kom,Tss. 2 best.: langs opzij (voor-/achterkant-flank),Geen hindernis
401,40,Peer teller 2,Peer,51.13438,5.47892,2.1734584328416475,51.14453479674387,5.452300916336814,2017,2,7,72030,Peer,Normaal,Droog,Dag,met lichtgewonden,5,Lichte vrachtauto,3,Fiets,Op Kruispunt,Gewestweg,buiten bebouwde kom,Tss. 2 best.: langs opzij (voor-/achterkant-flank),Geen hindernis
403,39,Peer teller 1,Peer,51.13425,5.47817,1.4708013383747693,51.133423805151814,5.45713201444899,2017,2,7,72030,Peer,Normaal,Droog,Dag,met lichtgewonden,1,Autobus,3,Fiets,Op Kruispunt,Gewestweg,binnen bebouwde kom,Tss. 2 best.: langs opzij (voor-/achterkant-flank),Geen hindernis
403,40,Peer teller 2,Peer,51.13438,5.47892,1.5239721655750522,51.133423805151814,5.45713201444899,2017,2,7,72030,Peer,Normaal,Droog,Dag,met lichtgewonden,1,Autobus,3,Fiets,Op Kruispunt,Gewestweg,binnen bebouwde kom,Tss. 2 best.: langs opzij (voor-/achterkant-flank),Geen hindernis