crash_row_id,site_id,site_name,site_gemeente,site_lat,site_long,distance_km,crash_lat,crash_long,DT_YEAR_COLLISION,DT_MONTH_COLLISION,DT_TIME,CD_NIS,TX_MUNTY_COLLISION_NL,TX_WEATHER_NL,TX_ROAD_CONDITION_NL,TX_LIGHT_CONDITION_NL,TX_CLASS_ACCIDENTS_NL,CD_ROAD_USR_TYPE1,TX_ROAD_USR_TYPE1_NL,CD_ROAD_USR_TYPE2,TX_ROAD_USR_TYPE2_NL,TX_CROSSWAY_NL,CD_ROAD_TYPE_NL,TX_BUILD_UP_AREA_NL,TX_COLLISION_TYPE_NL,TX_OBSTACLES_NL
407,14,Genk,Genk,50.97172,5.48927,1.3465895681053985,50.982009497982816,5.499412581447931,2017,2,9,71016,Genk,Normaal,Droog,Dag,met lichtgewonden,3,Fiets,9,personenauto,Op Kruispunt,Gemeenteweg,buiten bebouwde kom,Tss. 2 best.: langs opzij (voor-/achterkant-flank),Geen hindernis
409,14,Genk,Genk,50.97172,5.48927,2.3075235456191847,50.98865617329251,5.508317733823762,2017,2,16,71016,Genk,Normaal,"Nat, plassen",Dag,met lichtgewonden,9,personenauto,3,Fiets,Op Kruispunt,Gemeenteweg,buiten bebouwde kom,Tss. 2 best.: langs opzij (voor-/achterkant-flank),Geen hindernis
412,69,Leuven teller 1,Leuven,50.87549,4.71526,0.439194109024113,50.8725285820257,4.719401742376419,2017,2,14,24062,Leuven,Normaal,Droog,Dag,met lichtgewonden,3,Fiets,9,personenauto,Op Kruispunt,Gewestweg,binnen bebouwde kom,Tss. 2 best.: langs opzij (voor-/achterkant-flank),Geen hindernis
412,77,Leuven teller 2,Leuven,50.88672,4.70796,1.7704558340217282,50.8725285820257,4.719401742376419,2017,2,14,24062,Leuven,Normaal,Droog,Dag,met lichtgewonden,3,Fiets,9,personenauto,Op Kruispunt,Gewestweg,binnen bebouwde kom,Tss. 2 best.: langs opzij (voor-/achterkant-flank),Geen hindernis
412,107,leuven totem,Leuven,50.8870744,4.7087919,1.7804877760240294,50.8725285820257,4.719401742376419,2017,2,14,24062,Leuven,Normaal,Droog,Dag,met lichtgewonden,3,Fiets,9,personenauto,Op Kruispunt,Gewestweg,binnen bebouwde kom,Tss. 2 best.: langs opzij (voor-/achterkant-flank),Geen hindernis
412,151,Leuven,District Leuven,50.8690262,4.6854839,2.411732909660249,50.8725285820257,4.719401742376419,2017,2,14,24062,Leuven,Normaal,Droog,Dag,met lichtgewonden,3,Fiets,9,personenauto,Op Kruispunt,Gewestweg,binnen bebouwde kom,Tss. 2 best.: langs opzij (voor-/achterkant-flank),Geen hindernis
413,151,Leuven,District Leuven,50.8690262,4.6854839,0.6877474487571766,50.87409309166783,4.691104679154386,2017,2,13,24062,Leuven,Normaal,Droog,Dag,met lichtgewonden,9,personenauto,3,Fiets,Op Kruispunt,Gemeenteweg,binnen bebouwde kom,Tss. 2 best.: langs opzij (voor-/achterkant-flank),Geen hindernis
413,69,Leuven teller 1,Leuven,50.87549,4.71526,1.701982817991393,50.87409309166783,4.691104679154386,2017,2,13,24062,Leuven,Normaal,Droog,Dag,met lichtgewonden,9,personenauto,3,Fiets,Op Kruispunt,Gemeenteweg,binnen bebouwde kom,Tss. 2 best.: langs opzij (voor-/achterkant-flank),Geen hindernis
413,77,Leuven teller 2,Leuven,50.88672,4.70796,1.8356796825098274,50.87409309166783,4.691104679154386,2017,2,13,24062,Leuven,Normaal,Droog,Dag,met lichtgewonden,9,personenauto,3,Fiets,Op Kruispunt,Gemeenteweg,binnen bebouwde kom,Tss. 2 best.: langs opzij (voor-/achterkant-flank),Geen hindernis
413,107,leuven totem,Leuven,50.8870744,4.7087919,1.9035129107620579,50.87409309166783,4.691104679154386,2017,2,13,24062,Leuven,Normaal,Droog,Dag,met lichtgewonden,9,personenauto,3,Fiets,Op Kruispunt,Gemeenteweg,binnen bebouwde kom,Tss. 2 best.: langs opzij (voor-/achterkant-flank),Geen hindernis
414,69,Leuven teller 1,Leuven,50.87549,4.71526,0.4654848715540379,50.87890996197309,4.719086024727672,2017,2,16,24062,Leuven,Onbekend,Onbekend,Dag,met lichtgewonden,3,Fiets,9,personenauto,Buiten Kruispunt,Gewestweg,binnen bebouwde kom,Tss. 2 best.: langs opzij (voor-/achterkant-flank),Geen hindernis
414,107,leuven totem,Leuven,50.8870744,4.7087919,1.1600472825635555,50.87890996197309,4.719086024727672,2017,2,16,24062,Leuven,Onbekend,Onbekend,Dag,met lichtgewonden,3,Fiets,9,personenauto,Buiten Kruispunt,Gewestweg,binnen bebouwde kom,Tss. 2 best.: langs opzij (voor-/achterkant-flank),Geen hindernis
414,77,Leuven teller 2,Leuven,50.88672,4.70796,1.167653315968766,50.87890996197309,4.719086024727672,2017,2,16,24062,Leuven,Onbekend,Onbekend,Dag,met lichtgewonden,3,Fiets,9,personenauto,Buiten Kruispunt,Gewestweg,binnen bebouwde kom,Tss. 2 best.: langs opzij (voor-/achterkant-flank),Geen hindernis
415,77,Leuven teller 2,Leuven,50.88672,4.70796,0.4194991113712179,50.88676277894048,4.701980176792318,2017,2,22,24062,Leuven,Normaal,Droog,"Nacht, openbare verlichting aanwezig en ontstoken",met lichtgewonden,9,personenauto,3,Fiets,Op Kruispunt,Gemeenteweg,binnen bebouwde kom,Tussen 2 bestuurders: Frontale botsing,Geen hindernis
415,107,leuven totem,Leuven,50.8870744,4.7087919,0.4790811152442494,50.88676277894048,4.701980176792318,2017,2,22,24062,Leuven,Normaal,Droog,"Nacht, openbare verlichting aanwezig en ontstoken",met lichtgewonden,9,personenauto,3,Fiets,Op Kruispunt,Gemeenteweg,binnen bebouwde kom,Tussen 2 bestuurders: Frontale botsing,Geen hindernis
415,69,Leuven teller 1,Leuven,50.87549,4.71526,1.5617937880166126,50.88676277894048,4.701980176792318,2017,2,22,24062,Leuven,Normaal,Droog,"Nacht, openbare verlichting aanwezig en ontstoken",met lichtgewonden,9,personenauto,3,Fiets,Op Kruispunt,Gemeenteweg,binnen bebouwde kom,Tussen 2 bestuurders: Frontale botsing,Geen hindernis
415,151,Leuven,District Leuven,50.8690262,4.6854839,2.2867477074348206,50.88676277894048,4.701980176792318,2017,2,22,24062,Leuven,Normaal,Droog,"Nacht, openbare verlichting aanwezig en ontstoken",met lichtgewonden,9,personenauto,3,Fiets,Op Kruispunt,Gemeenteweg,binnen bebouwde kom,Tussen 2 bestuurders: Frontale botsing,Geen hindernis
416,151,Leuven,District Leuven,50.8690262,4.6854839,0.7260881918515228,50.86669839205215,4.6951507564917305,2017,2,14,24062,Leuven,Normaal,Droog,Dag,met lichtgewonden,9,personenauto,3,Fiets,Buiten Kruispunt,Gemeenteweg,binnen bebouwde kom,Tss. 2 best.: langs opzij (voor-/achterkant-flank),Geen hindernis
416,69,Leuven teller 1,Leuven,50.87549,4.71526,1.7166411560939256,50.86669839205215,4.6951507564917305,2017,2,14,24062,Leuven,Normaal,Droog,Dag,met lichtgewonden,9,personenauto,3,Fiets,Buiten Kruispunt,Gemeenteweg,binnen bebouwde kom,Tss. 2 best.: langs opzij (voor-/achterkant-flank),Geen hindernis
416,108,Heverlee teller 1,Leuven,50.8471728,4.6954674,2.1712605375047813,50.86669839205215,4.6951507564917305,2017,2,14,24062,Leuven,Normaal,Droog,Dag,met lichtgewonden,9,personenauto,3,Fiets,Buiten Kruispunt,Gemeenteweg,binnen bebouwde kom,Tss. 2 best.: langs opzij (voor-/achterkant-flank),Geen hindernis
416,76,Heverlee teller 2,Leuven,50.84606,4.69597,2.295604871495093,50.86669839205215,4.6951507564917305,2017,2,14,24062,Leuven,Normaal,Droog,Dag,met lichtgewonden,9,personenauto,3,Fiets,Buiten Kruispunt,Gemeenteweg,binnen bebouwde kom,Tss. 2 best.: langs opzij (voor-/achterkant-flank),Geen hindernis
416,77,Leuven teller 2,Leuven,50.88672,4.70796,2.4008627896116597,50.86669839205215,4.6951507564917305,2017,2,14,24062,Leuven,Normaal,Droog,Dag,met lichtgewonden,9,personenauto,3,Fiets,Buiten Kruispunt,Gemeenteweg,binnen bebouwde kom,Tss. 2 best.: langs opzij (voor-/achterkant-flank),Geen hindernis
416,107,leuven totem,Leuven,50.8870744,4.7087919,2.459568401977329,50.86669839205215,4.6951507564917305,2017,2,14,24062,Leuven,Normaal,Droog,Dag,met lichtgewonden,9,personenauto,3,Fiets,Buiten Kruispunt,Gemeenteweg,binnen bebouwde kom,Tss. 2 best.: langs opzij (voor-/achterkant-flank),Geen hindernis
417,77,Leuven teller 2,Leuven,50.88672,4.70796,1.0015018568461527,50.87964454817877,4.699126537208452,2017,2,15,24062,Leuven,Normaal,Droog,Dag,met lichtgewonden,3,Fiets,8,Voetganger,Buiten Kruispunt,Gemeenteweg,binnen bebouwde kom,Met een voetganger,Geen hindernis
417,107,leuven totem,Leuven,50.8870744,4.7087919,1.0687848128810482,50.87964454817877,4.699126537208452,2017,2,15,24062,Leuven,Normaal,Droog,Dag,met lichtgewonden,3,Fiets,8,Voetganger,Buiten Kruispunt,Gemeenteweg,binnen bebouwde kom,Met een voetganger,Geen hindernis
417,69,Leuven teller 1,Leuven,50.87549,4.71526,1.2225898467650878,50.87964454817877,4.699126537208452,2017,2,15,24062,Leuven,Normaal,Droog,Dag,met lichtgewonden,3,Fiets,8,Voetganger,Buiten Kruispunt,Gemeenteweg,binnen bebouwde kom,Met een voetganger,Geen hindernis
417,151,Leuven,District Leuven,50.8690262,4.6854839,1.5200031114520085,50.87964454817877,4.699126537208452,2017,2,15,24062,Leuven,Normaal,Droog,Dag,met lichtgewonden,3,Fiets,8,Voetganger,Buiten Kruispunt,Gemeenteweg,binnen bebouwde kom,Met een voetganger,Geen hindernis
418,151,Leuven,District Leuven,50.8690262,4.6854839,0.9383305999639739,50.86850488148202,4.698829658031773,2017,2,10,24062,Leuven,Normaal,Droog,Dag,met lichtgewonden,3,Fiets,9,personenauto,Op Kruispunt,Gewestweg,binnen bebouwde kom,Tss. 2 best.: langs opzij (voor-/achterkant-flank),Geen hindernis
418,69,Leuven teller 1,Leuven,50.87549,4.71526,1.3901439617337101,50.86850488148202,4.698829658031773,2017,2,10,24062,Leuven,Normaal,Droog,Dag,met lichtgewonden,3,Fiets,9,personenauto,Op Kruispunt,Gewestweg,binnen bebouwde kom,Tss. 2 best.: langs opzij (voor-/achterkant-flank),Geen hindernis
418,77,Leuven teller 2,Leuven,50.88672,4.70796,2.1243187130980403,50.86850488148202,4.698829658031773,2017,2,10,24062,Leuven,Normaal,Droog,Dag,met lichtgewonden,3,Fiets,9,personenauto,Op Kruispunt,Gewestweg,binnen bebouwde kom,Tss. 2 best.: langs opzij (voor-/achterkant-flank),Geen hindernis
418,107,leuven totem,Leuven,50.8870744,4.7087919,2.179931307170528,50.86850488148202,4.698829658031773,2017,2,10,24062,Leuven,Normaal,Droog,Dag,met lichtgewonden,3,Fiets,9,personenauto,Op Kruispunt,Gewestweg,binnen bebouwde kom,Tss. 2 best.: langs opzij (voor-/achterkant-flank),Geen hindernis
418,108,Heverlee teller 1,Leuven,50.8471728,4.6954674,2.3837307003193637,50.86850488148202,4.698829658031773,2017,2,10,24062,Leuven,Normaal,Droog,Dag,met lichtgewonden,3,Fiets,9,personenauto,Op Kruispunt,Gewestweg,binnen bebouwde kom,Tss. 2 best.: langs opzij (voor-/achterkant-flank),Geen hindernis
422,23,Tienen 3,Tienen,50.81324,4.93447,0.45173793630825954,50.80919498332195,4.9338728580358895,2017,2,18,24107,Tienen,Normaal,Droog,"Nacht, openbare verlichting aanwezig en ontstoken",met lichtgewonden,9,personenauto,3,Fiets,Buiten Kruispunt,Gemeenteweg,binnen bebouwde kom,Tss. 2 best.: langs opzij (voor-/achterkant-flank),Geen hindernis
422,24,Tienen 1,Tienen,50.8133795491886,4.935044252605416,0.4725254967877279,50.80919498332195,4.9338728580358895,2017,2,18,24107,Tienen,Normaal,Droog,"Nacht, openbare verlichting aanwezig en ontstoken",met lichtgewonden,9,personenauto,3,Fiets,Buiten Kruispunt,Gemeenteweg,binnen bebouwde kom,Tss. 2 best.: langs opzij (voor-/achterkant-flank),Geen hindernis
422,22,Tienen 2,Tienen,50.81330800184882,4.935984252796022,0.4808053240656536,50.80919498332195,4.9338728580358895,2017,2,18,24107,Tienen,Normaal,Droog,"Nacht, openbare verlichting aanwezig en ontstoken",met lichtgewonden,9,personenauto,3,Fiets,Buiten Kruispunt,Gemeenteweg,binnen bebouwde kom,Tss. 2 best.: langs opzij (voor-/achterkant-flank),Geen hindernis
424,71,Kampenhout teller 2,Kampenhout,50.95589,4.59164,1.1833075919801133,50.96377656228797,4.5802965492197965,2017,2,16,24014,Boortmeerbeek,Normaal,Droog,Dag,met lichtgewonden,3,Fiets,9,personenauto,Buiten Kruispunt,Gewestweg,buiten bebouwde kom,Tss. 2 best.: langs opzij (voor-/achterkant-flank),Geen hindernis
424,70,Kampenhout teller 1,Kampenhout,50.95682,4.59318,1.1885015669179768,50.96377656228797,4.5802965492197965,2017,2,16,24014,Boortmeerbeek,Normaal,Droog,Dag,met lichtgewonden,3,Fiets,9,personenauto,Buiten Kruispunt,Gewestweg,buiten bebouwde kom,Tss. 2 best.: langs opzij (voor-/achterkant-flank),Geen hindernis
433,27,Grimbergen,Meise,50.92127,4.34013,0.3687714128294511,50.923665697299136,4.3364919203466,2017,2,7,23050,Meise,Normaal,Droog,Dageraad - schemering,met lichtgewonden,3,Fiets,9,personenauto,Op Kruispunt,Gewestweg,binnen bebouwde kom,Tss. 2 best.: langs opzij (voor-/achterkant-flank),Geen hindernis
435,47,Vilvoorde,Vilvoorde,50.91372,4.41497,1.164445541613029,50.9179099797776,4.430192738934306,2017,2,6,23047,Machelen,Normaal,Droog,"Nacht, openbare verlichting aanwezig en ontstoken",met lichtgewonden,4,Vrachtwagen,3,Fiets,Buiten Kruispunt,Gemeenteweg,buiten bebouwde kom,Tussen 2 bestuurders: Langs achteren,Geen hindernis
435,1,Machelen,Machelen,50.91618331151478,4.456121776137429,1.827796347115634,50.9179099797776,4.430192738934306,2017,2,6,23047,Machelen,Normaal,Droog,"Nacht, openbare verlichting aanwezig en ontstoken",met lichtgewonden,4,Vrachtwagen,3,Fiets,Buiten Kruispunt,Gemeenteweg,buiten bebouwde kom,Tussen 2 bestuurders: Langs achteren,Geen hindernis
436,149,Machelen,,50.88297881,4.43356644,1.3612587777325849,50.895166573714846,4.4317401295741545,2017,2,14,23047,Machelen,Normaal,Droog,Dag,met lichtgewonden,9,personenauto,3,Fiets,Op Kruispunt,Gewestweg,binnen bebouwde kom,Tss. 2 best.: langs opzij (voor-/achterkant-flank),Geen hindernis
436,111,Zaventem totem,Zaventem,50.8871216,4.4597084,2.156066900078035,50.895166573714846,4.4317401295741545,2017,2,14,23047,Machelen,Normaal,Droog,Dag,met lichtgewonden,9,personenauto,3,Fiets,Op Kruispunt,Gewestweg,binnen bebouwde kom,Tss. 2 best.: langs opzij (voor-/achterkant-flank),Geen hindernis
436,47,Vilvoorde,Vilvoorde,50.91372,4.41497,2.3746585629082215,50.895166573714846,4.4317401295741545,2017,2,14,23047,Machelen,Normaal,Droog,Dag,met lichtgewonden,9,personenauto,3,Fiets,Op Kruispunt,Gewestweg,binnen bebouwde kom,Tss. 2 best.: langs opzij (voor-/achterkant-flank),Geen hindernis
437,47,Vilvoorde,Vilvoorde,50.91372,4.41497,2.012581458759316,50.92891011580276,4.430581841417701,2017,2,18,23088,Vilvoorde,Regenval,"Nat, plassen","Nacht, openbare verlichting aanwezig en ontstoken",met lichtgewonden,3,Fiets,9,personenauto,Op Kruispunt,Gemeenteweg,binnen bebouwde kom,Tss. 2 best.: langs opzij (voor-/achterkant-flank),Geen hindernis
437,1,Machelen,Machelen,50.91618331151478,4.456121776137429,2.281987690913035,50.92891011580276,4.430581841417701,2017,2,18,23088,Vilvoorde,Regenval,"Nat, plassen","Nacht, openbare verlichting aanwezig en ontstoken",met lichtgewonden,3,Fiets,9,personenauto,Op Kruispunt,Gemeenteweg,binnen bebouwde kom,Tss. 2 best.: langs opzij (voor-/achterkant-flank),Geen hindernis
439,109,Zemst,Zemst,50.9903936,4.4707023,2.3120911124772316,50.96995607678932,4.4646203777225875,2017,2,9,23096,Zemst,Normaal,Droog,Dag,met lichtgewonden,9,personenauto,3,Fiets,Buiten Kruispunt,Gemeenteweg,binnen bebouwde kom,Tss. 2 best.: langs opzij (voor-/achterkant-flank),Geen hindernis
440,119,Gent teller 2,Gent,51.0281795,3.7683918,1.1302017216814741,51.03619878539854,3.758461385239025,2017,2,19,44021,Gent,Normaal,Droog+Proper,"Nacht, openbare verlichting aanwezig en ontstoken",met lichtgewonden,5,Lichte vrachtauto,3,Fiets,Op Kruispunt,Gemeenteweg,binnen bebouwde kom,Tss. 2 best.: langs opzij (voor-/achterkant-flank),Geen hindernis
440,118,Gent teller 1,Gent,51.028049,3.7681359,1.130890781545694,51.03619878539854,3.758461385239025,2017,2,19,44021,Gent,Normaal,Droog+Proper,"Nacht, openbare verlichting aanwezig en ontstoken",met lichtgewonden,5,Lichte vrachtauto,3,Fiets,Op Kruispunt,Gemeenteweg,binnen bebouwde kom,Tss. 2 best.: langs opzij (voor-/achterkant-flank),Geen hindernis
441,13,Gent,Gent,51.03018,3.70146,0.75844458163773,51.025848365529534,3.7098373807539122,2017,2,9,44021,Gent,Normaal,"Nat, plassen+Proper",Dag,met zwaargewonden,9,personenauto,3,Fiets,Buiten Kruispunt,Gewestweg,binnen bebouwde kom,Tss. 2 best.: langs opzij (voor-/achterkant-flank),Geen hindernis
442,13,Gent,Gent,51.03018,3.70146,2.2997041024918117,51.046184725055625,3.722291615244621,2017,2,14,44021,Gent,Normaal,Droog,Dag,met lichtgewonden,9,personenauto,3,Fiets,Op Kruispunt,Gemeenteweg,binnen bebouwde kom,Tussen 2 bestuurders: Frontale botsing,Geen hindernis
444,13,Gent,Gent,51.03018,3.70146,1.7899663758946562,51.04288041467975,3.7171892491926273,2017,2,11,44021,Gent,Normaal,Droog,Dag,met lichtgewonden,9,personenauto,3,Fiets,Op Kruispunt,Gewestweg,binnen bebouwde kom,Tss. 2 best.: langs opzij (voor-/achterkant-flank),Geen hindernis
447,13,Gent,Gent,51.03018,3.70146,1.6289016893397905,51.03233197823254,3.7245005817675665,2017,2,8,44021,Gent,Normaal,"Nat, plassen",Dag,met lichtgewonden,9,personenauto,3,Fiets,Buiten Kruispunt,Gemeenteweg,binnen bebouwde kom,Tss. 2 best.: langs opzij (voor-/achterkant-flank),Geen hindernis
448,13,Gent,Gent,51.03018,3.70146,2.15737104660622,51.04818419367071,3.7129585417445177,2017,2,18,44021,Gent,Normaal,Droog+Proper,Dag,met lichtgewonden,3,Fiets,6,Bromfiets,Buiten Kruispunt,Gemeenteweg,binnen bebouwde kom,Tussen 2 bestuurders: Frontale botsing,Geen hindernis
449,13,Gent,Gent,51.03018,3.70146,1.9302210275147569,51.03735835226916,3.726592914828516,2017,2,12,44021,Gent,Normaal,Droog+Proper,Dag,met lichtgewonden,9,personenauto,3,Fiets,Op Kruispunt,Gemeenteweg,binnen bebouwde kom,Tss. 2 best.: langs opzij (voor-/achterkant-flank),Geen hindernis
452,118,Gent teller 1,Gent,51.028049,3.7681359,2.2766689464969088,51.03721441431996,3.739022826820732,2017,2,13,44021,Gent,Normaal,Droog,Dag,met zwaargewonden,1,Autobus,3,Fiets,Op Kruispunt,Gemeenteweg,binnen bebouwde kom,Tussen 2 bestuurders: Frontale botsing,Geen hindernis
452,119,Gent teller 2,Gent,51.0281795,3.7683918,2.286268372251385,51.03721441431996,3.739022826820732,2017,2,13,44021,Gent,Normaal,Droog,Dag,met zwaargewonden,1,Autobus,3,Fiets,Op Kruispunt,Gemeenteweg,binnen bebouwde kom,Tussen 2 bestuurders: Frontale botsing,Geen hindernis
453,118,Gent teller 1,Gent,51.028049,3.7681359,2.3631623601419665,51.039560383692816,3.7397276267487136,2017,2,18,44021,Gent,Normaal,Droog,"Nacht, openbare verlichting aanwezig en ontstoken",met lichtgewonden,3,Fiets,6,Bromfiets,Buiten Kruispunt,Gemeenteweg,binnen bebouwde kom,Tss. 2 best.: langs opzij (voor-/achterkant-flank),Geen hindernis
453,119,Gent teller 2,Gent,51.0281795,3.7683918,2.3704430694399776,51.039560383692816,3.7397276267487136,2017,2,18,44021,Gent,Normaal,Droog,"Nacht, openbare verlichting aanwezig en ontstoken",met lichtgewonden,3,Fiets,6,Bromfiets,Buiten Kruispunt,Gemeenteweg,binnen bebouwde kom,Tss. 2 best.: langs opzij (voor-/achterkant-flank),Geen hindernis
454,13,Gent,Gent,51.03018,3.70146,2.2859144604836508,51.03879668670531,3.7311406400467577,2017,2,18,44021,Gent,Onbekend,Droog,"Nacht, openbare verlichting aanwezig en ontstoken",met lichtgewonden,3,Fiets,9,personenauto,Op Kruispunt,Gemeenteweg,binnen bebouwde kom,Tss. 2 best.: langs opzij (voor-/achterkant-flank),Geen hindernis
457,13,Gent,Gent,51.03018,3.70146,1.5289948329703618,51.01696618191981,3.707508330669681,2017,2,7,44021,Gent,Normaal,Droog,Dageraad - schemering,met lichtgewonden,9,personenauto,3,Fiets,Op Kruispunt,Gemeenteweg,buiten bebouwde kom,Tss. 2 best.: langs opzij (voor-/achterkant-flank),Geen hindernis
462,13,Gent,Gent,51.03018,3.70146,1.2657130076177725,51.036529665848626,3.7164826347508857,2017,2,13,44021,Gent,Normaal,Droog,Dag,met lichtgewonden,3,Fiets,6,Bromfiets,Op Kruispunt,Gewestweg,binnen bebouwde kom,Tss. 2 best.: langs opzij (voor-/achterkant-flank),Geen hindernis
463,13,Gent,Gent,51.03018,3.70146,1.2820935274303515,51.02122581664515,3.6899108672579692,2017,2,15,44021,Gent,Normaal,Droog,Dag,met lichtgewonden,9,personenauto,3,Fiets,Buiten Kruispunt,Gewestweg,buiten bebouwde kom,Tss. 2 best.: langs opzij (voor-/achterkant-flank),Geen hindernis
466,13,Gent,Gent,51.03018,3.70146,2.0453967574839473,51.04064895877214,3.72551223080304,2017,2,12,44021,Gent,"Regenval+Sterke wind, rukwind","Nat, plassen+Proper",Dag,met lichtgewonden,3,Fiets,11,een weggebruiker tegen een hindernis,Buiten Kruispunt,Gemeenteweg,binnen bebouwde kom,Weggebruiker tegen hindernis op de rijbaan,"Op de rijbaan: Werken (signal., aarde, toestel,…)"
468,13,Gent,Gent,51.03018,3.70146,2.034541291176191,51.04045421616148,3.7255362201490225,2017,2,21,44021,Gent,Normaal,"Vuil (zand, grint, bladeren,...)","Nacht, openbare verlichting aanwezig en ontstoken",met lichtgewonden,3,Fiets,10,"één bestuurder, geen hindernis",Buiten Kruispunt,Gemeenteweg,binnen bebouwde kom,"Eén bestuurder, geen hindernis (incl. val)",Geen hindernis
473,136,Gent R4,Gent,51.0876313,3.7587918,2.467892005372018,51.0660608607055,3.7671084716727123,2017,2,15,44021,Gent,Normaal,Droog,Dag,met lichtgewonden,9,personenauto,3,Fiets,Op Kruispunt,Gemeenteweg,binnen bebouwde kom,Tss. 2 best.: langs opzij (voor-/achterkant-flank),Geen hindernis
474,118,Gent teller 1,Gent,51.028049,3.7681359,1.9943043634347903,51.033551545695765,3.7409929669419966,2017,2,8,44021,Gent,Onbekend,Droog,Dag,met lichtgewonden,9,personenauto,3,Fiets,Op Kruispunt,Gewestweg,binnen bebouwde kom,Tss. 2 best.: langs opzij (voor-/achterkant-flank),Geen hindernis
474,119,Gent teller 2,Gent,51.0281795,3.7683918,2.0069748869827024,51.033551545695765,3.7409929669419966,2017,2,8,44021,Gent,Onbekend,Droog,Dag,met lichtgewonden,9,personenauto,3,Fiets,Op Kruispunt,Gewestweg,binnen bebouwde kom,Tss. 2 best.: langs opzij (voor-/achterkant-flank),Geen hindernis
476,13,Gent,Gent,51.03018,3.70146,1.965952507933057,51.038427718972,3.72632837534718,2017,2,20,44021,Gent,Normaal,Onbekend,"Nacht, openbare verlichting aanwezig en ontstoken",met lichtgewonden,3,Fiets,9,personenauto,Op Kruispunt,Gewestweg,binnen bebouwde kom,Tss. 2 best.: langs opzij (voor-/achterkant-flank),Geen hindernis
477,13,Gent,Gent,51.03018,3.70146,1.9756900976827927,51.04773415237228,3.7058289049054634,2017,2,20,44021,Gent,Regenval,"Nat, plassen","Nacht, openbare verlichting aanwezig en ontstoken",met lichtgewonden,9,personenauto,3,Fiets,Buiten Kruispunt,Gemeenteweg,binnen bebouwde kom,Tss. 2 best.: langs opzij (voor-/achterkant-flank),Geen hindernis
480,118,Gent teller 1,Gent,51.028049,3.7681359,1.9604771377419965,51.03756088090117,3.744530156631255,2017,2,20,44021,Gent,Normaal,Droog,"Nacht, openbare verlichting aanwezig en ontstoken",met lichtgewonden,3,Fiets,9,personenauto,Op Kruispunt,Gemeenteweg,binnen bebouwde kom,Tussen 2 bestuurders: Langs achteren,Geen hindernis
480,119,Gent teller 2,Gent,51.0281795,3.7683918,1.967835029720344,51.03756088090117,3.744530156631255,2017,2,20,44021,Gent,Normaal,Droog,"Nacht, openbare verlichting aanwezig en ontstoken",met lichtgewonden,3,Fiets,9,personenauto,Op Kruispunt,Gemeenteweg,binnen bebouwde kom,Tussen 2 bestuurders: Langs achteren,Geen hindernis
481,136,Gent R4,Gent,51.0876313,3.7587918,2.3031406067277285,51.077571885449224,3.729969982813018,2017,2,20,44021,Gent,Normaal,Droog,"Nacht, openbare verlichting aanwezig en ontstoken",met lichtgewonden,3,Fiets,9,personenauto,Op Kruispunt,Gemeenteweg,binnen bebouwde kom,Tss. 2 best.: langs opzij (voor-/achterkant-flank),Geen hindernis
495,116,Melle teller 2,Melle,50.9986113,3.8040599,0.7443189176916304,51.0037379284291,3.810899289612013,2017,2,18,44013,Destelbergen,Normaal,Droog,"Nacht, openbare verlichting aanwezig en ontstoken",met zwaargewonden,9,personenauto,3,Fiets,Op Kruispunt,Gemeenteweg,binnen bebouwde kom,Tss. 2 best.: langs opzij (voor-/achterkant-flank),Geen hindernis
495,117,Melle teller 1,Melle,50.9986113,3.8040599,0.7443189176916304,51.0037379284291,3.810899289612013,2017,2,18,44013,Destelbergen,Normaal,Droog,"Nacht, openbare verlichting aanwezig en ontstoken",met zwaargewonden,9,personenauto,3,Fiets,Op Kruispunt,Gemeenteweg,binnen bebouwde kom,Tss. 2 best.: langs opzij (voor-/achterkant-flank),Geen hindernis
496,118,Gent teller 1,Gent,51.028049,3.7681359,2.106464738292698,51.012199783722124,3.7516401953783545,2017,2,9,44043,Merelbeke,Normaal,Droog,Dag,met lichtgewonden,3,Fiets,5,Lichte vrachtauto,Buiten Kruispunt,Gewestweg,binnen bebouwde kom,Tss. 2 best.: langs opzij (voor-/achterkant-flank),Geen hindernis
496,119,Gent teller 2,Gent,51.0281795,3.7683918,2.1284203182515333,51.012199783722124,3.7516401953783545,2017,2,9,44043,Merelbeke,Normaal,Droog,Dag,met lichtgewonden,3,Fiets,5,Lichte vrachtauto,Buiten Kruispunt,Gewestweg,binnen bebouwde kom,Tss. 2 best.: langs opzij (voor-/achterkant-flank),Geen hindernis
498,114,Deinze teller 1,Nazareth,50.9598305,3.555502,0.29450029775731296,50.959475002783165,3.5513351903633463,2017,2,4,44083,Deinze,Normaal,"Nat, plassen","Nacht, openbare verlichting aanwezig en ontstoken",met lichtgewonden,4,Vrachtwagen,3,Fiets,Op Kruispunt,Gemeenteweg,binnen bebouwde kom,Tss. 2 best.: langs opzij (voor-/achterkant-flank),Geen hindernis