crash_row_id,site_id,site_name,site_gemeente,site_lat,site_long,distance_km,crash_lat,crash_long,DT_YEAR_COLLISION,DT_MONTH_COLLISION,DT_TIME,CD_NIS,TX_MUNTY_COLLISION_NL,TX_WEATHER_NL,TX_ROAD_CONDITION_NL,TX_LIGHT_CONDITION_NL,TX_CLASS_ACCIDENTS_NL,CD_ROAD_USR_TYPE1,TX_ROAD_USR_TYPE1_NL,CD_ROAD_USR_TYPE2,TX_ROAD_USR_TYPE2_NL,TX_CROSSWAY_NL,CD_ROAD_TYPE_NL,TX_BUILD_UP_AREA_NL,TX_COLLISION_TYPE_NL,TX_OBSTACLES_NL
498,113,Deinze teller 2,Deinze,50.96018,3.55578,0.3210232865314918,50.959475002783165,3.5513351903633463,2017,2,4,44083,Deinze,Normaal,"Nat, plassen","Nacht, openbare verlichting aanwezig en ontstoken",met lichtgewonden,4,Vrachtwagen,3,Fiets,Op Kruispunt,Gemeenteweg,binnen bebouwde kom,Tss. 2 best.: langs opzij (voor-/achterkant-flank),Geen hindernis
501,6,Evergem 2,Evergem,51.10894,3.70298,2.3962295891070218,51.12263820406591,3.676479085381923,2017,2,6,44019,Evergem,Normaal,Droog,Dageraad - schemering,met lichtgewonden,3,Fiets,9,personenauto,Op Kruispunt,Gewestweg,binnen bebouwde kom,Tss. 2 best.: langs opzij (voor-/achterkant-flank),Geen hindernis
501,7,Evergem 1,Evergem,51.1089,3.70317,2.4093009401570407,51.12263820406591,3.676479085381923,2017,2,6,44019,Evergem,Normaal,Droog,Dageraad - schemering,met lichtgewonden,3,Fiets,9,personenauto,Op Kruispunt,Gewestweg,binnen bebouwde kom,Tss. 2 best.: langs opzij (voor-/achterkant-flank),Geen hindernis
502,115,Aalter,Aalter,51.1058367,3.4350591,2.050830075864501,51.10476694865832,3.4643834688011577,2017,2,5,44084,Aalter,Normaal,"Nat, plassen","Nacht, openbare verlichting aanwezig en ontstoken",met zwaargewonden,3,Fiets,10,"één bestuurder, geen hindernis",Buiten Kruispunt,Gemeenteweg,buiten bebouwde kom,"Eén bestuurder, geen hindernis (incl. val)",Geen hindernis
503,115,Aalter,Aalter,51.1058367,3.4350591,1.5714260546175907,51.09386421428468,3.447016012810514,2017,2,16,44084,Aalter,Normaal,Droog,Dag,met lichtgewonden,3,Fiets,9,personenauto,Op Kruispunt,Gewestweg,binnen bebouwde kom,Tussen 2 bestuurders: Frontale botsing,Geen hindernis
524,126,Hamme totem,Hamme,51.1017709,4.1469307,2.133352942735556,51.11375371085679,4.17079509217113,2017,2,12,46025,Temse,Normaal,"Nat, plassen",Dag,met lichtgewonden,3,Fiets,9,personenauto,Op Kruispunt,Gemeenteweg,binnen bebouwde kom,Tss. 2 best.: langs opzij (voor-/achterkant-flank),Geen hindernis
525,128,Lokeren teller 1,Lokeren,51.09644,3.97023,1.6410352091427267,51.10633961581681,3.9876605177410913,2017,2,17,46014,Lokeren,Regenval,"Nat, plassen","Nacht, openbare verlichting aanwezig en ontstoken",met lichtgewonden,9,personenauto,3,Fiets,Buiten Kruispunt,Gemeenteweg,binnen bebouwde kom,Tussen 2 bestuurders: Langs achteren,Geen hindernis
525,129,Lokeren teller 2,Lokeren,51.09612,3.97025,1.6640952007069807,51.10633961581681,3.9876605177410913,2017,2,17,46014,Lokeren,Regenval,"Nat, plassen","Nacht, openbare verlichting aanwezig en ontstoken",met lichtgewonden,9,personenauto,3,Fiets,Buiten Kruispunt,Gemeenteweg,binnen bebouwde kom,Tussen 2 bestuurders: Langs achteren,Geen hindernis
527,141,Test site A support,Lokeren,51.08342085,3.9961071208376326,1.2706063189792862,51.094841610460286,3.995513898182213,2017,2,7,46014,Lokeren,Regenval,"Nat, plassen",Dageraad - schemering,met lichtgewonden,9,personenauto,3,Fiets,Op Kruispunt,Gemeenteweg,binnen bebouwde kom,Tss. 2 best.: langs opzij (voor-/achterkant-flank),Geen hindernis
527,129,Lokeren teller 2,Lokeren,51.09612,3.97025,1.7699745510805818,51.094841610460286,3.995513898182213,2017,2,7,46014,Lokeren,Regenval,"Nat, plassen",Dageraad - schemering,met lichtgewonden,9,personenauto,3,Fiets,Op Kruispunt,Gemeenteweg,binnen bebouwde kom,Tss. 2 best.: langs opzij (voor-/achterkant-flank),Geen hindernis
527,128,Lokeren teller 1,Lokeren,51.09644,3.97023,1.7745705498905526,51.094841610460286,3.995513898182213,2017,2,7,46014,Lokeren,Regenval,"Nat, plassen",Dageraad - schemering,met lichtgewonden,9,personenauto,3,Fiets,Op Kruispunt,Gemeenteweg,binnen bebouwde kom,Tss. 2 best.: langs opzij (voor-/achterkant-flank),Geen hindernis
528,128,Lokeren teller 1,Lokeren,51.09644,3.97023,1.794804634376223,51.1071338514131,3.9894839598957783,2017,2,17,46014,Lokeren,Normaal,Droog,Dag,met lichtgewonden,1,Autobus,3,Fiets,Buiten Kruispunt,Gemeenteweg,binnen bebouwde kom,Tss. 2 best.: langs opzij (voor-/achterkant-flank),Geen hindernis
528,129,Lokeren teller 2,Lokeren,51.09612,3.97025,1.8175454836311875,51.1071338514131,3.9894839598957783,2017,2,17,46014,Lokeren,Normaal,Droog,Dag,met lichtgewonden,1,Autobus,3,Fiets,Buiten Kruispunt,Gemeenteweg,binnen bebouwde kom,Tss. 2 best.: langs opzij (voor-/achterkant-flank),Geen hindernis
529,128,Lokeren teller 1,Lokeren,51.09644,3.97023,1.7650143157890774,51.11069075590951,3.981363557154435,2017,2,8,46014,Lokeren,Normaal,Droog,Dag,met lichtgewonden,3,Fiets,6,Bromfiets,Buiten Kruispunt,Gewestweg,binnen bebouwde kom,Tussen 2 bestuurders: Langs achteren,Geen hindernis
529,129,Lokeren teller 2,Lokeren,51.09612,3.97025,1.79642568341052,51.11069075590951,3.981363557154435,2017,2,8,46014,Lokeren,Normaal,Droog,Dag,met lichtgewonden,3,Fiets,6,Bromfiets,Buiten Kruispunt,Gewestweg,binnen bebouwde kom,Tussen 2 bestuurders: Langs achteren,Geen hindernis
530,126,Hamme totem,Hamme,51.1017709,4.1469307,1.004274425379243,51.09851660446206,4.133514286452324,2017,2,8,42008,Hamme,Onbekend,Onbekend,Dageraad - schemering,met lichtgewonden,4,Vrachtwagen,3,Fiets,Op Kruispunt,Gemeenteweg,binnen bebouwde kom,Tss. 2 best.: langs opzij (voor-/achterkant-flank),Geen hindernis
531,126,Hamme totem,Hamme,51.1017709,4.1469307,0.7724041368292942,51.09520889474282,4.14330208488714,2017,2,8,42008,Hamme,Normaal,Droog,Dag,met lichtgewonden,3,Fiets,9,personenauto,Op Kruispunt,Gewestweg,binnen bebouwde kom,Tss. 2 best.: langs opzij (voor-/achterkant-flank),Geen hindernis
532,126,Hamme totem,Hamme,51.1017709,4.1469307,1.4262063626506223,51.09687105216014,4.128055070105979,2017,2,10,42008,Hamme,Normaal,Droog,Dag,met lichtgewonden,9,personenauto,3,Fiets,Op Kruispunt,Gemeenteweg,binnen bebouwde kom,Tussen 2 bestuurders: Langs achteren,Geen hindernis
533,126,Hamme totem,Hamme,51.1017709,4.1469307,1.930627995249497,51.08587169742856,4.135822213465671,2017,2,12,42008,Hamme,Normaal,Droog,Dag,met lichtgewonden,3,Fiets,3,Fiets,Buiten Kruispunt,Gewestweg,binnen bebouwde kom,Tss. 2 best.: langs opzij (voor-/achterkant-flank),Geen hindernis
534,120,Zele teller 1,Zele,51.0607671,4.0547741,1.3788504564964215,51.069548737677295,4.04084267031059,2017,1,8,42028,Zele,Normaal,Droog,Dag,met lichtgewonden,3,Fiets,9,personenauto,Buiten Kruispunt,Gemeenteweg,binnen bebouwde kom,Tussen 2 bestuurders: Frontale botsing,Geen hindernis
534,121,Zele teller 2,Zele,51.0604067,4.0556696,1.451502894412009,51.069548737677295,4.04084267031059,2017,1,8,42028,Zele,Normaal,Droog,Dag,met lichtgewonden,3,Fiets,9,personenauto,Buiten Kruispunt,Gemeenteweg,binnen bebouwde kom,Tussen 2 bestuurders: Frontale botsing,Geen hindernis
535,120,Zele teller 1,Zele,51.0607671,4.0547741,1.5417990783510296,51.06636245448652,4.034587179159248,2017,2,18,42028,Zele,Regenval,"Nat, plassen","Nacht, openbare verlichting aanwezig en ontstoken",met lichtgewonden,3,Fiets,9,personenauto,Op Kruispunt,Gewestweg,binnen bebouwde kom,Tussen 2 bestuurders: Frontale botsing,Geen hindernis
535,121,Zele teller 2,Zele,51.0604067,4.0556696,1.6152734939581765,51.06636245448652,4.034587179159248,2017,2,18,42028,Zele,Regenval,"Nat, plassen","Nacht, openbare verlichting aanwezig en ontstoken",met lichtgewonden,3,Fiets,9,personenauto,Op Kruispunt,Gewestweg,binnen bebouwde kom,Tussen 2 bestuurders: Frontale botsing,Geen hindernis
542,10,Aalst 2,Aalst,50.93549,4.01571,0.9221202636529083,50.94367804211279,4.017795461512846,2017,2,15,41002,Aalst,Normaal,Droog,Dag,met zwaargewonden,3,Fiets,9,personenauto,Op Kruispunt,Gemeenteweg,binnen bebouwde kom,Tss. 2 best.: langs opzij (voor-/achterkant-flank),Geen hindernis
542,19,Aalst 1,Aalst,50.93433,4.01471,1.061700060724035,50.94367804211279,4.017795461512846,2017,2,15,41002,Aalst,Normaal,Droog,Dag,met zwaargewonden,3,Fiets,9,personenauto,Op Kruispunt,Gemeenteweg,binnen bebouwde kom,Tss. 2 best.: langs opzij (voor-/achterkant-flank),Geen hindernis
542,11,Aalst 3,Aalst,50.93385,4.01647,1.0967678109319023,50.94367804211279,4.017795461512846,2017,2,15,41002,Aalst,Normaal,Droog,Dag,met zwaargewonden,3,Fiets,9,personenauto,Op Kruispunt,Gemeenteweg,binnen bebouwde kom,Tss. 2 best.: langs opzij (voor-/achterkant-flank),Geen hindernis
545,10,Aalst 2,Aalst,50.93549,4.01571,2.439695783236967,50.95242180077518,4.037856090904316,2017,2,8,41002,Aalst,Normaal,"Nat, plassen",Dag,met lichtgewonden,3,Fiets,11,een weggebruiker tegen een hindernis,Buiten Kruispunt,Gemeenteweg,buiten bebouwde kom,Weggebruiker tegen hindernis buiten rijbaan,Andere hindernis
547,11,Aalst 3,Aalst,50.93385,4.01647,1.8610991634254217,50.93856753400912,4.041952464127658,2017,2,8,41002,Aalst,Normaal,Droog,Dag,met lichtgewonden,3,Fiets,10,"één bestuurder, geen hindernis",Buiten Kruispunt,Gemeenteweg,binnen bebouwde kom,"Eén bestuurder, geen hindernis (incl. val)",Geen hindernis
547,10,Aalst 2,Aalst,50.93549,4.01571,1.8704369524695368,50.93856753400912,4.041952464127658,2017,2,8,41002,Aalst,Normaal,Droog,Dag,met lichtgewonden,3,Fiets,10,"één bestuurder, geen hindernis",Buiten Kruispunt,Gemeenteweg,binnen bebouwde kom,"Eén bestuurder, geen hindernis (incl. val)",Geen hindernis
547,19,Aalst 1,Aalst,50.93433,4.01471,1.9662551198914133,50.93856753400912,4.041952464127658,2017,2,8,41002,Aalst,Normaal,Droog,Dag,met lichtgewonden,3,Fiets,10,"één bestuurder, geen hindernis",Buiten Kruispunt,Gemeenteweg,binnen bebouwde kom,"Eén bestuurder, geen hindernis (incl. val)",Geen hindernis
548,11,Aalst 3,Aalst,50.93385,4.01647,1.9468877811137675,50.92146878235753,4.036111311299347,2017,2,15,41002,Aalst,Onbekend,Onbekend,Dag,met lichtgewonden,3,Fiets,9,personenauto,Op Kruispunt,Gewestweg,buiten bebouwde kom,Tss. 2 best.: langs opzij (voor-/achterkant-flank),Geen hindernis
548,19,Aalst 1,Aalst,50.93433,4.01471,2.07243433315476,50.92146878235753,4.036111311299347,2017,2,15,41002,Aalst,Onbekend,Onbekend,Dag,met lichtgewonden,3,Fiets,9,personenauto,Op Kruispunt,Gewestweg,buiten bebouwde kom,Tss. 2 best.: langs opzij (voor-/achterkant-flank),Geen hindernis
548,10,Aalst 2,Aalst,50.93549,4.01571,2.1154576639156684,50.92146878235753,4.036111311299347,2017,2,15,41002,Aalst,Onbekend,Onbekend,Dag,met lichtgewonden,3,Fiets,9,personenauto,Op Kruispunt,Gewestweg,buiten bebouwde kom,Tss. 2 best.: langs opzij (voor-/achterkant-flank),Geen hindernis
549,10,Aalst 2,Aalst,50.93549,4.01571,1.5574867876258551,50.94841355566129,4.024281815954467,2017,2,15,41002,Aalst,Normaal,Droog,Dag,met lichtgewonden,9,personenauto,3,Fiets,Buiten Kruispunt,Gemeenteweg,binnen bebouwde kom,Tss. 2 best.: langs opzij (voor-/achterkant-flank),Geen hindernis
549,19,Aalst 1,Aalst,50.93433,4.01471,1.7035835432405049,50.94841355566129,4.024281815954467,2017,2,15,41002,Aalst,Normaal,Droog,Dag,met lichtgewonden,9,personenauto,3,Fiets,Buiten Kruispunt,Gemeenteweg,binnen bebouwde kom,Tss. 2 best.: langs opzij (voor-/achterkant-flank),Geen hindernis
549,11,Aalst 3,Aalst,50.93385,4.01647,1.7093914709373645,50.94841355566129,4.024281815954467,2017,2,15,41002,Aalst,Normaal,Droog,Dag,met lichtgewonden,9,personenauto,3,Fiets,Buiten Kruispunt,Gemeenteweg,binnen bebouwde kom,Tss. 2 best.: langs opzij (voor-/achterkant-flank),Geen hindernis
550,11,Aalst 3,Aalst,50.93385,4.01647,1.1167882641017177,50.932891990676865,4.032333769377829,2017,2,8,41002,Aalst,Normaal,Droog,Dageraad - schemering,met lichtgewonden,9,personenauto,3,Fiets,Op Kruispunt,Gemeenteweg,binnen bebouwde kom,Tss. 2 best.: langs opzij (voor-/achterkant-flank),Geen hindernis
550,10,Aalst 2,Aalst,50.93549,4.01571,1.2002197663035719,50.932891990676865,4.032333769377829,2017,2,8,41002,Aalst,Normaal,Droog,Dageraad - schemering,met lichtgewonden,9,personenauto,3,Fiets,Op Kruispunt,Gemeenteweg,binnen bebouwde kom,Tss. 2 best.: langs opzij (voor-/achterkant-flank),Geen hindernis
550,19,Aalst 1,Aalst,50.93433,4.01471,1.245334566169537,50.932891990676865,4.032333769377829,2017,2,8,41002,Aalst,Normaal,Droog,Dageraad - schemering,met lichtgewonden,9,personenauto,3,Fiets,Op Kruispunt,Gemeenteweg,binnen bebouwde kom,Tss. 2 best.: langs opzij (voor-/achterkant-flank),Geen hindernis
556,125,Dendermonde totem,Dendermonde,51.0372706,4.1025998,0.6059838894987786,51.03256325550723,4.106966553789455,2017,2,20,42006,Dendermonde,Normaal,Droog,"Nacht, openbare verlichting aanwezig en ontstoken",met lichtgewonden,9,personenauto,3,Fiets,Op Kruispunt,Gewestweg,binnen bebouwde kom,Tussen 2 bestuurders: Frontale botsing,Geen hindernis
556,122,Dendermonde teller 2,Dendermonde,51.0373918,4.1019222,0.6424064285288023,51.03256325550723,4.106966553789455,2017,2,20,42006,Dendermonde,Normaal,Droog,"Nacht, openbare verlichting aanwezig en ontstoken",met lichtgewonden,9,personenauto,3,Fiets,Op Kruispunt,Gewestweg,binnen bebouwde kom,Tussen 2 bestuurders: Frontale botsing,Geen hindernis
557,125,Dendermonde totem,Dendermonde,51.0372706,4.1025998,1.6353040219320567,51.037573897895655,4.125982780850932,2017,2,16,42006,Dendermonde,Regenval,"Nat, plassen",Dag,met lichtgewonden,3,Fiets,9,personenauto,Op Kruispunt,Gewestweg,buiten bebouwde kom,Tss. 2 best.: langs opzij (voor-/achterkant-flank),Geen hindernis
557,122,Dendermonde teller 2,Dendermonde,51.0373918,4.1019222,1.6824541923832772,51.037573897895655,4.125982780850932,2017,2,16,42006,Dendermonde,Regenval,"Nat, plassen",Dag,met lichtgewonden,3,Fiets,9,personenauto,Op Kruispunt,Gewestweg,buiten bebouwde kom,Tss. 2 best.: langs opzij (voor-/achterkant-flank),Geen hindernis
559,20,Brugge,Brugge,51.17416,3.20048,2.030279528528162,51.19236614797761,3.1982706893282358,2017,2,10,31005,Brugge,Normaal,"Nat, plassen",Dag,met lichtgewonden,9,personenauto,3,Fiets,Op Kruispunt,Gemeenteweg,binnen bebouwde kom,Tss. 2 best.: langs opzij (voor-/achterkant-flank),Geen hindernis
559,51,"Brugge, Sint-Andries",Brugge,51.19281,3.16252,2.4918247160315623,51.19236614797761,3.1982706893282358,2017,2,10,31005,Brugge,Normaal,"Nat, plassen",Dag,met lichtgewonden,9,personenauto,3,Fiets,Op Kruispunt,Gemeenteweg,binnen bebouwde kom,Tss. 2 best.: langs opzij (voor-/achterkant-flank),Geen hindernis
559,50,"Brugge, Sint-Andries",Brugge,51.19291,3.16252,2.4920670483865823,51.19236614797761,3.1982706893282358,2017,2,10,31005,Brugge,Normaal,"Nat, plassen",Dag,met lichtgewonden,9,personenauto,3,Fiets,Op Kruispunt,Gemeenteweg,binnen bebouwde kom,Tss. 2 best.: langs opzij (voor-/achterkant-flank),Geen hindernis
560,142,TEST Validatie BRUGGE Y2H22022134,Brugge,51.22632,3.24095,1.9552654201461397,51.20920628478421,3.2474000576183033,2017,2,16,31005,Brugge,Normaal,Droog,Dag,met lichtgewonden,3,Fiets,9,personenauto,Buiten Kruispunt,Gemeenteweg,binnen bebouwde kom,Tss. 2 best.: langs opzij (voor-/achterkant-flank),Geen hindernis
560,52,Brugge,Brugge,51.22632,3.24095,1.9552654201461397,51.20920628478421,3.2474000576183033,2017,2,16,31005,Brugge,Normaal,Droog,Dag,met lichtgewonden,3,Fiets,9,personenauto,Buiten Kruispunt,Gemeenteweg,binnen bebouwde kom,Tss. 2 best.: langs opzij (voor-/achterkant-flank),Geen hindernis
561,54,Brugge teller 2,Brugge,51.23015,3.22818,1.9941779986114578,51.21334377950566,3.218185637669662,2017,2,23,31005,Brugge,Normaal,Onbekend,"Nacht, openbare verlichting aanwezig en ontstoken",met lichtgewonden,3,Fiets,9,personenauto,Op Kruispunt,Gewestweg,binnen bebouwde kom,Tussen 2 bestuurders: Frontale botsing,Geen hindernis
561,53,Brugge teller 1,Brugge,51.23023,3.228,1.9981938362661287,51.21334377950566,3.218185637669662,2017,2,23,31005,Brugge,Normaal,Onbekend,"Nacht, openbare verlichting aanwezig en ontstoken",met lichtgewonden,3,Fiets,9,personenauto,Op Kruispunt,Gewestweg,binnen bebouwde kom,Tussen 2 bestuurders: Frontale botsing,Geen hindernis
561,52,Brugge,Brugge,51.22632,3.24095,2.1437146240369995,51.21334377950566,3.218185637669662,2017,2,23,31005,Brugge,Normaal,Onbekend,"Nacht, openbare verlichting aanwezig en ontstoken",met lichtgewonden,3,Fiets,9,personenauto,Op Kruispunt,Gewestweg,binnen bebouwde kom,Tussen 2 bestuurders: Frontale botsing,Geen hindernis
561,142,TEST Validatie BRUGGE Y2H22022134,Brugge,51.22632,3.24095,2.1437146240369995,51.21334377950566,3.218185637669662,2017,2,23,31005,Brugge,Normaal,Onbekend,"Nacht, openbare verlichting aanwezig en ontstoken",met lichtgewonden,3,Fiets,9,personenauto,Op Kruispunt,Gewestweg,binnen bebouwde kom,Tussen 2 bestuurders: Frontale botsing,Geen hindernis
562,142,TEST Validatie BRUGGE Y2H22022134,Brugge,51.22632,3.24095,2.153222967633207,51.208264831158736,3.229775515427789,2017,2,11,31005,Brugge,Normaal,Droog,Dag,met lichtgewonden,9,personenauto,3,Fiets,Op Kruispunt,Gemeenteweg,binnen bebouwde kom,Tss. 2 best.: langs opzij (voor-/achterkant-flank),Geen hindernis
562,52,Brugge,Brugge,51.22632,3.24095,2.153222967633207,51.208264831158736,3.229775515427789,2017,2,11,31005,Brugge,Normaal,Droog,Dag,met lichtgewonden,9,personenauto,3,Fiets,Op Kruispunt,Gemeenteweg,binnen bebouwde kom,Tss. 2 best.: langs opzij (voor-/achterkant-flank),Geen hindernis
562,54,Brugge teller 2,Brugge,51.23015,3.22818,2.4360554834202293,51.208264831158736,3.229775515427789,2017,2,11,31005,Brugge,Normaal,Droog,Dag,met lichtgewonden,9,personenauto,3,Fiets,Op Kruispunt,Gemeenteweg,binnen bebouwde kom,Tss. 2 best.: langs opzij (voor-/achterkant-flank),Geen hindernis
562,53,Brugge teller 1,Brugge,51.23023,3.228,2.4455436805124893,51.208264831158736,3.229775515427789,2017,2,11,31005,Brugge,Normaal,Droog,Dag,met lichtgewonden,9,personenauto,3,Fiets,Op Kruispunt,Gemeenteweg,binnen bebouwde kom,Tss. 2 best.: langs opzij (voor-/achterkant-flank),Geen hindernis
564,20,Brugge,Brugge,51.17416,3.20048,2.457575972983721,51.196261308032,3.200328622493145,2017,2,11,31005,Brugge,Normaal,Droog,Dag,met lichtgewonden,3,Fiets,9,personenauto,Op Kruispunt,Gewestweg,binnen bebouwde kom,Tss. 2 best.: langs opzij (voor-/achterkant-flank),Geen hindernis
565,142,TEST Validatie BRUGGE Y2H22022134,Brugge,51.22632,3.24095,2.2534565182580137,51.20761834044782,3.2284859550480407,2017,2,16,31005,Brugge,Normaal,"Nat, plassen",Dag,met lichtgewonden,3,Fiets,3,Fiets,Op Kruispunt,Gemeenteweg,binnen bebouwde kom,Tss. 2 best.: langs opzij (voor-/achterkant-flank),Geen hindernis
565,52,Brugge,Brugge,51.22632,3.24095,2.2534565182580137,51.20761834044782,3.2284859550480407,2017,2,16,31005,Brugge,Normaal,"Nat, plassen",Dag,met lichtgewonden,3,Fiets,3,Fiets,Op Kruispunt,Gemeenteweg,binnen bebouwde kom,Tss. 2 best.: langs opzij (voor-/achterkant-flank),Geen hindernis
566,142,TEST Validatie BRUGGE Y2H22022134,Brugge,51.22632,3.24095,1.4501248221019536,51.214166219138406,3.2334001028167116,2017,2,10,31005,Brugge,Normaal,Droog,Dag,met lichtgewonden,9,personenauto,3,Fiets,Op Kruispunt,Gemeenteweg,binnen bebouwde kom,Tss. 2 best.: langs opzij (voor-/achterkant-flank),Geen hindernis
566,52,Brugge,Brugge,51.22632,3.24095,1.4501248221019536,51.214166219138406,3.2334001028167116,2017,2,10,31005,Brugge,Normaal,Droog,Dag,met lichtgewonden,9,personenauto,3,Fiets,Op Kruispunt,Gemeenteweg,binnen bebouwde kom,Tss. 2 best.: langs opzij (voor-/achterkant-flank),Geen hindernis
566,54,Brugge teller 2,Brugge,51.23015,3.22818,1.8141137338902813,51.214166219138406,3.2334001028167116,2017,2,10,31005,Brugge,Normaal,Droog,Dag,met lichtgewonden,9,personenauto,3,Fiets,Op Kruispunt,Gemeenteweg,binnen bebouwde kom,Tss. 2 best.: langs opzij (voor-/achterkant-flank),Geen hindernis
566,53,Brugge teller 1,Brugge,51.23023,3.228,1.8253710410726087,51.214166219138406,3.2334001028167116,2017,2,10,31005,Brugge,Normaal,Droog,Dag,met lichtgewonden,9,personenauto,3,Fiets,Op Kruispunt,Gemeenteweg,binnen bebouwde kom,Tss. 2 best.: langs opzij (voor-/achterkant-flank),Geen hindernis
567,142,TEST Validatie BRUGGE Y2H22022134,Brugge,51.22632,3.24095,1.402368512697167,51.21647188956122,3.2283706655412963,2017,2,10,31005,Brugge,Normaal,Droog,Dag,met zwaargewonden,3,Fiets,2,Andere weggebruiker,Buiten Kruispunt,Gewestweg,binnen bebouwde kom,Tussen 2 bestuurders: Langs achteren,Geen hindernis
567,52,Brugge,Brugge,51.22632,3.24095,1.402368512697167,51.21647188956122,3.2283706655412963,2017,2,10,31005,Brugge,Normaal,Droog,Dag,met zwaargewonden,3,Fiets,2,Andere weggebruiker,Buiten Kruispunt,Gewestweg,binnen bebouwde kom,Tussen 2 bestuurders: Langs achteren,Geen hindernis
567,54,Brugge teller 2,Brugge,51.23015,3.22818,1.5209944446058388,51.21647188956122,3.2283706655412963,2017,2,10,31005,Brugge,Normaal,Droog,Dag,met zwaargewonden,3,Fiets,2,Andere weggebruiker,Buiten Kruispunt,Gewestweg,binnen bebouwde kom,Tussen 2 bestuurders: Langs achteren,Geen hindernis
567,53,Brugge teller 1,Brugge,51.23023,3.228,1.5300498395973428,51.21647188956122,3.2283706655412963,2017,2,10,31005,Brugge,Normaal,Droog,Dag,met zwaargewonden,3,Fiets,2,Andere weggebruiker,Buiten Kruispunt,Gewestweg,binnen bebouwde kom,Tussen 2 bestuurders: Langs achteren,Geen hindernis
568,142,TEST Validatie BRUGGE Y2H22022134,Brugge,51.22632,3.24095,1.503316510067915,51.21298019092032,3.244459016395361,2017,2,17,31005,Brugge,Normaal,Droog,Dag,met lichtgewonden,9,personenauto,3,Fiets,Buiten Kruispunt,Gemeenteweg,binnen bebouwde kom,Tss. 2 best.: langs opzij (voor-/achterkant-flank),Geen hindernis
568,52,Brugge,Brugge,51.22632,3.24095,1.503316510067915,51.21298019092032,3.244459016395361,2017,2,17,31005,Brugge,Normaal,Droog,Dag,met lichtgewonden,9,personenauto,3,Fiets,Buiten Kruispunt,Gemeenteweg,binnen bebouwde kom,Tss. 2 best.: langs opzij (voor-/achterkant-flank),Geen hindernis
568,54,Brugge teller 2,Brugge,51.23015,3.22818,2.2204349001564823,51.21298019092032,3.244459016395361,2017,2,17,31005,Brugge,Normaal,Droog,Dag,met lichtgewonden,9,personenauto,3,Fiets,Buiten Kruispunt,Gemeenteweg,binnen bebouwde kom,Tss. 2 best.: langs opzij (voor-/achterkant-flank),Geen hindernis
568,53,Brugge teller 1,Brugge,51.23023,3.228,2.2344922573299932,51.21298019092032,3.244459016395361,2017,2,17,31005,Brugge,Normaal,Droog,Dag,met lichtgewonden,9,personenauto,3,Fiets,Buiten Kruispunt,Gemeenteweg,binnen bebouwde kom,Tss. 2 best.: langs opzij (voor-/achterkant-flank),Geen hindernis
569,20,Brugge,Brugge,51.17416,3.20048,1.1075783124406207,51.170366470387684,3.2151694746668302,2017,2,11,31005,Brugge,Normaal,Droog+Proper,Dag,met lichtgewonden,3,Fiets,9,personenauto,Op Kruispunt,Gewestweg,buiten bebouwde kom,Tss. 2 best.: langs opzij (voor-/achterkant-flank),Geen hindernis
570,50,"Brugge, Sint-Andries",Brugge,51.19291,3.16252,1.7455003162849714,51.198250573388805,3.186075308241902,2017,2,8,31005,Brugge,Normaal,Droog,Dag,Met doden,4,Vrachtwagen,3,Fiets,Op Kruispunt,Gewestweg,binnen bebouwde kom,Tss. 2 best.: langs opzij (voor-/achterkant-flank),Geen hindernis
570,51,"Brugge, Sint-Andries",Brugge,51.19281,3.16252,1.7493162512864402,51.198250573388805,3.186075308241902,2017,2,8,31005,Brugge,Normaal,Droog,Dag,Met doden,4,Vrachtwagen,3,Fiets,Op Kruispunt,Gewestweg,binnen bebouwde kom,Tss. 2 best.: langs opzij (voor-/achterkant-flank),Geen hindernis
581,15,Oostende 2,Oostende,51.21371,2.92743,0.843018685212302,51.2143314743866,2.9153677771720328,2017,2,18,35013,Oostende,Normaal,Droog,Dag,met lichtgewonden,9,personenauto,3,Fiets,Op Kruispunt,Gewestweg,binnen bebouwde kom,Tss. 2 best.: langs opzij (voor-/achterkant-flank),Geen hindernis
581,18,Oostende 1,Oostende,51.21378,2.92765,0.8576996496154057,51.2143314743866,2.9153677771720328,2017,2,18,35013,Oostende,Normaal,Droog,Dag,met lichtgewonden,9,personenauto,3,Fiets,Op Kruispunt,Gewestweg,binnen bebouwde kom,Tss. 2 best.: langs opzij (voor-/achterkant-flank),Geen hindernis
582,18,Oostende 1,Oostende,51.21378,2.92765,2.2982627764119554,51.23189658069385,2.943535943504213,2017,2,10,35013,Oostende,Normaal,Droog,Dag,met lichtgewonden,1,Autobus,3,Fiets,Op Kruispunt,Gemeenteweg,binnen bebouwde kom,Tussen 2 bestuurders: Langs achteren,Geen hindernis
582,15,Oostende 2,Oostende,51.21371,2.92743,2.312480961577427,51.23189658069385,2.943535943504213,2017,2,10,35013,Oostende,Normaal,Droog,Dag,met lichtgewonden,1,Autobus,3,Fiets,Op Kruispunt,Gemeenteweg,binnen bebouwde kom,Tussen 2 bestuurders: Langs achteren,Geen hindernis
583,15,Oostende 2,Oostende,51.21371,2.92743,2.4192820527212167,51.19864296405324,2.9023776980405627,2017,2,14,35013,Oostende,Normaal,Droog,Dag,met lichtgewonden,9,personenauto,3,Fiets,Buiten Kruispunt,Gewestweg,binnen bebouwde kom,Tss. 2 best.: langs opzij (voor-/achterkant-flank),Geen hindernis