crash_row_id,site_id,site_name,site_gemeente,site_lat,site_long,distance_km,crash_lat,crash_long,DT_YEAR_COLLISION,DT_MONTH_COLLISION,DT_TIME,CD_NIS,TX_MUNTY_COLLISION_NL,TX_WEATHER_NL,TX_ROAD_CONDITION_NL,TX_LIGHT_CONDITION_NL,TX_CLASS_ACCIDENTS_NL,CD_ROAD_USR_TYPE1,TX_ROAD_USR_TYPE1_NL,CD_ROAD_USR_TYPE2,TX_ROAD_USR_TYPE2_NL,TX_CROSSWAY_NL,CD_ROAD_TYPE_NL,TX_BUILD_UP_AREA_NL,TX_COLLISION_TYPE_NL,TX_OBSTACLES_NL
583,18,Oostende 1,Oostende,51.21378,2.92765,2.4357331134860947,51.19864296405324,2.9023776980405627,2017,2,14,35013,Oostende,Normaal,Droog,Dag,met lichtgewonden,9,personenauto,3,Fiets,Buiten Kruispunt,Gewestweg,binnen bebouwde kom,Tss. 2 best.: langs opzij (voor-/achterkant-flank),Geen hindernis
588,51,"Brugge, Sint-Andries",Brugge,51.19281,3.16252,0.7409484312315366,51.19129835781976,3.1521647091165166,2017,2,12,31012,Jabbeke,Sneeuwval,"Nat, plassen",Dag,met lichtgewonden,9,personenauto,3,Fiets,Buiten Kruispunt,Gewestweg,binnen bebouwde kom,Tussen 2 bestuurders: Frontale botsing,Geen hindernis
588,50,"Brugge, Sint-Andries",Brugge,51.19291,3.16252,0.7435490392436334,51.19129835781976,3.1521647091165166,2017,2,12,31012,Jabbeke,Sneeuwval,"Nat, plassen",Dag,met lichtgewonden,9,personenauto,3,Fiets,Buiten Kruispunt,Gewestweg,binnen bebouwde kom,Tussen 2 bestuurders: Frontale botsing,Geen hindernis
598,84,Roeselare totem,Izegem,50.91717,3.18772,1.677792483817108,50.920471572626234,3.211074416659158,2017,2,7,36008,Izegem,Onbekend,"Nat, plassen",Dageraad - schemering,met lichtgewonden,9,personenauto,3,Fiets,Op Kruispunt,Gemeenteweg,binnen bebouwde kom,Tussen 2 bestuurders: Frontale botsing,Geen hindernis
599,84,Roeselare totem,Izegem,50.91717,3.18772,1.554493334395833,50.908453228911405,3.2050546930182353,2017,2,8,36008,Izegem,Normaal,Droog,Dag,met lichtgewonden,9,personenauto,3,Fiets,Op Kruispunt,Gemeenteweg,binnen bebouwde kom,Tss. 2 best.: langs opzij (voor-/achterkant-flank),Geen hindernis
606,84,Roeselare totem,Izegem,50.91717,3.18772,1.7029641033533165,50.91842296923658,3.211931521162566,2017,2,7,36008,Izegem,Normaal,Droog,"Nacht, openbare verlichting aanwezig en ontstoken",met lichtgewonden,3,Fiets,3,Fiets,Op Kruispunt,Gewestweg,binnen bebouwde kom,Tussen 2 bestuurders: Frontale botsing,Geen hindernis
609,61,Wervik teller 2,Wervik,50.80555,3.0921,2.490281194019754,50.796543830532926,3.1245437829786837,2017,2,11,34027,Menen,Normaal,Droog,Dag,met lichtgewonden,3,Fiets,8,Voetganger,Buiten Kruispunt,Gewestweg,binnen bebouwde kom,Met een voetganger,Geen hindernis
610,61,Wervik teller 2,Wervik,50.80555,3.0921,1.9927974026091237,50.79748448098482,3.1174226901754745,2017,2,8,34027,Menen,Normaal,Onbekend,Dag,met lichtgewonden,9,personenauto,3,Fiets,Buiten Kruispunt,Gemeenteweg,onbekend,Tussen 2 bestuurders: Frontale botsing,Geen hindernis
610,62,Wervik teller 1,Wervik,50.8058,3.09154,2.0404600661221663,50.79748448098482,3.1174226901754745,2017,2,8,34027,Menen,Normaal,Onbekend,Dag,met lichtgewonden,9,personenauto,3,Fiets,Buiten Kruispunt,Gemeenteweg,onbekend,Tussen 2 bestuurders: Frontale botsing,Geen hindernis
611,16,Kortrijk 1,Kortrijk,50.83332,3.27777,0.6023945975790037,50.829351636832186,3.27193098095588,2017,2,14,34022,Kortrijk,Normaal,Droog,Dag,met lichtgewonden,9,personenauto,3,Fiets,Op Kruispunt,Gewestweg,binnen bebouwde kom,Tss. 2 best.: langs opzij (voor-/achterkant-flank),Geen hindernis
611,17,Kortrijk 2,Kortrijk,50.83339,3.27773,0.6062282431947021,50.829351636832186,3.27193098095588,2017,2,14,34022,Kortrijk,Normaal,Droog,Dag,met lichtgewonden,9,personenauto,3,Fiets,Op Kruispunt,Gewestweg,binnen bebouwde kom,Tss. 2 best.: langs opzij (voor-/achterkant-flank),Geen hindernis
611,143,Eco Display Classic Budastraat,Kortrijk,50.83066,3.26286,0.6534851046825225,50.829351636832186,3.27193098095588,2017,2,14,34022,Kortrijk,Normaal,Droog,Dag,met lichtgewonden,9,personenauto,3,Fiets,Op Kruispunt,Gewestweg,binnen bebouwde kom,Tss. 2 best.: langs opzij (voor-/achterkant-flank),Geen hindernis
611,75,Kortrijk teller 2,Kortrijk,50.81925,3.25731,1.521983074796277,50.829351636832186,3.27193098095588,2017,2,14,34022,Kortrijk,Normaal,Droog,Dag,met lichtgewonden,9,personenauto,3,Fiets,Op Kruispunt,Gewestweg,binnen bebouwde kom,Tss. 2 best.: langs opzij (voor-/achterkant-flank),Geen hindernis
611,74,Kortrijk teller 1,Kortrijk,50.81909,3.25728,1.536571943056174,50.829351636832186,3.27193098095588,2017,2,14,34022,Kortrijk,Normaal,Droog,Dag,met lichtgewonden,9,personenauto,3,Fiets,Op Kruispunt,Gewestweg,binnen bebouwde kom,Tss. 2 best.: langs opzij (voor-/achterkant-flank),Geen hindernis
612,143,Eco Display Classic Budastraat,Kortrijk,50.83066,3.26286,0.16094096296481988,50.829311978473925,3.2620256292858083,2017,2,8,34022,Kortrijk,Normaal,Droog,Dag,met lichtgewonden,3,Fiets,9,personenauto,Op Kruispunt,Gemeenteweg,binnen bebouwde kom,Tss. 2 best.: langs opzij (voor-/achterkant-flank),Geen hindernis
612,75,Kortrijk teller 2,Kortrijk,50.81925,3.25731,1.1668425958385193,50.829311978473925,3.2620256292858083,2017,2,8,34022,Kortrijk,Normaal,Droog,Dag,met lichtgewonden,3,Fiets,9,personenauto,Op Kruispunt,Gemeenteweg,binnen bebouwde kom,Tss. 2 best.: langs opzij (voor-/achterkant-flank),Geen hindernis
612,74,Kortrijk teller 1,Kortrijk,50.81909,3.25728,1.1845041181903373,50.829311978473925,3.2620256292858083,2017,2,8,34022,Kortrijk,Normaal,Droog,Dag,met lichtgewonden,3,Fiets,9,personenauto,Op Kruispunt,Gemeenteweg,binnen bebouwde kom,Tss. 2 best.: langs opzij (voor-/achterkant-flank),Geen hindernis
612,16,Kortrijk 1,Kortrijk,50.83332,3.27777,1.1921839422577232,50.829311978473925,3.2620256292858083,2017,2,8,34022,Kortrijk,Normaal,Droog,Dag,met lichtgewonden,3,Fiets,9,personenauto,Op Kruispunt,Gemeenteweg,binnen bebouwde kom,Tss. 2 best.: langs opzij (voor-/achterkant-flank),Geen hindernis
612,17,Kortrijk 2,Kortrijk,50.83339,3.27773,1.192516016466244,50.829311978473925,3.2620256292858083,2017,2,8,34022,Kortrijk,Normaal,Droog,Dag,met lichtgewonden,3,Fiets,9,personenauto,Op Kruispunt,Gemeenteweg,binnen bebouwde kom,Tss. 2 best.: langs opzij (voor-/achterkant-flank),Geen hindernis
613,143,Eco Display Classic Budastraat,Kortrijk,50.83066,3.26286,0.6246396613688285,50.83187253614309,3.2541756406972424,2017,2,10,34022,Kortrijk,Normaal,"Nat, plassen",Dag,met lichtgewonden,5,Lichte vrachtauto,3,Fiets,Op Kruispunt,Gewestweg,binnen bebouwde kom,Tss. 2 best.: langs opzij (voor-/achterkant-flank),Geen hindernis
613,75,Kortrijk teller 2,Kortrijk,50.81925,3.25731,1.4207235883838802,50.83187253614309,3.2541756406972424,2017,2,10,34022,Kortrijk,Normaal,"Nat, plassen",Dag,met lichtgewonden,5,Lichte vrachtauto,3,Fiets,Op Kruispunt,Gewestweg,binnen bebouwde kom,Tss. 2 best.: langs opzij (voor-/achterkant-flank),Geen hindernis
613,74,Kortrijk teller 1,Kortrijk,50.81909,3.25728,1.437981531062067,50.83187253614309,3.2541756406972424,2017,2,10,34022,Kortrijk,Normaal,"Nat, plassen",Dag,met lichtgewonden,5,Lichte vrachtauto,3,Fiets,Op Kruispunt,Gewestweg,binnen bebouwde kom,Tss. 2 best.: langs opzij (voor-/achterkant-flank),Geen hindernis
613,17,Kortrijk 2,Kortrijk,50.83339,3.27773,1.662791124363885,50.83187253614309,3.2541756406972424,2017,2,10,34022,Kortrijk,Normaal,"Nat, plassen",Dag,met lichtgewonden,5,Lichte vrachtauto,3,Fiets,Op Kruispunt,Gewestweg,binnen bebouwde kom,Tss. 2 best.: langs opzij (voor-/achterkant-flank),Geen hindernis
613,16,Kortrijk 1,Kortrijk,50.83332,3.27777,1.664816536010979,50.83187253614309,3.2541756406972424,2017,2,10,34022,Kortrijk,Normaal,"Nat, plassen",Dag,met lichtgewonden,5,Lichte vrachtauto,3,Fiets,Op Kruispunt,Gewestweg,binnen bebouwde kom,Tss. 2 best.: langs opzij (voor-/achterkant-flank),Geen hindernis
614,75,Kortrijk teller 2,Kortrijk,50.81925,3.25731,0.2883644082214217,50.82174464602702,3.2584315908331276,2017,2,8,34022,Kortrijk,Regenval,"Nat, plassen",Dag,met lichtgewonden,9,personenauto,3,Fiets,Op Kruispunt,Gewestweg,binnen bebouwde kom,Tss. 2 best.: langs opzij (voor-/achterkant-flank),Geen hindernis
614,74,Kortrijk teller 1,Kortrijk,50.81909,3.25728,0.30606759496688396,50.82174464602702,3.2584315908331276,2017,2,8,34022,Kortrijk,Regenval,"Nat, plassen",Dag,met lichtgewonden,9,personenauto,3,Fiets,Op Kruispunt,Gewestweg,binnen bebouwde kom,Tss. 2 best.: langs opzij (voor-/achterkant-flank),Geen hindernis
614,143,Eco Display Classic Budastraat,Kortrijk,50.83066,3.26286,1.038994503927094,50.82174464602702,3.2584315908331276,2017,2,8,34022,Kortrijk,Regenval,"Nat, plassen",Dag,met lichtgewonden,9,personenauto,3,Fiets,Op Kruispunt,Gewestweg,binnen bebouwde kom,Tss. 2 best.: langs opzij (voor-/achterkant-flank),Geen hindernis
614,16,Kortrijk 1,Kortrijk,50.83332,3.27777,1.8712519379092427,50.82174464602702,3.2584315908331276,2017,2,8,34022,Kortrijk,Regenval,"Nat, plassen",Dag,met lichtgewonden,9,personenauto,3,Fiets,Op Kruispunt,Gewestweg,binnen bebouwde kom,Tss. 2 best.: langs opzij (voor-/achterkant-flank),Geen hindernis
614,17,Kortrijk 2,Kortrijk,50.83339,3.27773,1.8745811358954418,50.82174464602702,3.2584315908331276,2017,2,8,34022,Kortrijk,Regenval,"Nat, plassen",Dag,met lichtgewonden,9,personenauto,3,Fiets,Op Kruispunt,Gewestweg,binnen bebouwde kom,Tss. 2 best.: langs opzij (voor-/achterkant-flank),Geen hindernis
615,16,Kortrijk 1,Kortrijk,50.83332,3.27777,0.6311029379283433,50.828571696887956,3.272847489742647,2017,2,16,34022,Kortrijk,Normaal,Droog,Dag,met lichtgewonden,3,Fiets,8,Voetganger,Op Kruispunt,Gewestweg,binnen bebouwde kom,Met een voetganger,Geen hindernis
615,17,Kortrijk 2,Kortrijk,50.83339,3.27773,0.6361101466510217,50.828571696887956,3.272847489742647,2017,2,16,34022,Kortrijk,Normaal,Droog,Dag,met lichtgewonden,3,Fiets,8,Voetganger,Op Kruispunt,Gewestweg,binnen bebouwde kom,Met een voetganger,Geen hindernis
615,143,Eco Display Classic Budastraat,Kortrijk,50.83066,3.26286,0.7388961641196911,50.828571696887956,3.272847489742647,2017,2,16,34022,Kortrijk,Normaal,Droog,Dag,met lichtgewonden,3,Fiets,8,Voetganger,Op Kruispunt,Gewestweg,binnen bebouwde kom,Met een voetganger,Geen hindernis
615,75,Kortrijk teller 2,Kortrijk,50.81925,3.25731,1.5051648256323018,50.828571696887956,3.272847489742647,2017,2,16,34022,Kortrijk,Normaal,Droog,Dag,met lichtgewonden,3,Fiets,8,Voetganger,Op Kruispunt,Gewestweg,binnen bebouwde kom,Met een voetganger,Geen hindernis
615,74,Kortrijk teller 1,Kortrijk,50.81909,3.25728,1.5189891303885275,50.828571696887956,3.272847489742647,2017,2,16,34022,Kortrijk,Normaal,Droog,Dag,met lichtgewonden,3,Fiets,8,Voetganger,Op Kruispunt,Gewestweg,binnen bebouwde kom,Met een voetganger,Geen hindernis
616,75,Kortrijk teller 2,Kortrijk,50.81925,3.25731,0.8797131885793595,50.822713242167154,3.2685695302902515,2017,2,14,34022,Kortrijk,"Sterke wind, rukwind",Droog,Dag,met lichtgewonden,9,personenauto,3,Fiets,Buiten Kruispunt,Gewestweg,binnen bebouwde kom,Tussen 2 bestuurders: Langs achteren,Geen hindernis
616,74,Kortrijk teller 1,Kortrijk,50.81909,3.25728,0.8895249881907848,50.822713242167154,3.2685695302902515,2017,2,14,34022,Kortrijk,"Sterke wind, rukwind",Droog,Dag,met lichtgewonden,9,personenauto,3,Fiets,Buiten Kruispunt,Gewestweg,binnen bebouwde kom,Tussen 2 bestuurders: Langs achteren,Geen hindernis
616,143,Eco Display Classic Budastraat,Kortrijk,50.83066,3.26286,0.9703820959230761,50.822713242167154,3.2685695302902515,2017,2,14,34022,Kortrijk,"Sterke wind, rukwind",Droog,Dag,met lichtgewonden,9,personenauto,3,Fiets,Buiten Kruispunt,Gewestweg,binnen bebouwde kom,Tussen 2 bestuurders: Langs achteren,Geen hindernis
616,16,Kortrijk 1,Kortrijk,50.83332,3.27777,1.3448455397476453,50.822713242167154,3.2685695302902515,2017,2,14,34022,Kortrijk,"Sterke wind, rukwind",Droog,Dag,met lichtgewonden,9,personenauto,3,Fiets,Buiten Kruispunt,Gewestweg,binnen bebouwde kom,Tussen 2 bestuurders: Langs achteren,Geen hindernis
616,17,Kortrijk 2,Kortrijk,50.83339,3.27773,1.3503357893305112,50.822713242167154,3.2685695302902515,2017,2,14,34022,Kortrijk,"Sterke wind, rukwind",Droog,Dag,met lichtgewonden,9,personenauto,3,Fiets,Buiten Kruispunt,Gewestweg,binnen bebouwde kom,Tussen 2 bestuurders: Langs achteren,Geen hindernis
617,143,Eco Display Classic Budastraat,Kortrijk,50.83066,3.26286,0.7978364470357013,50.82630420364434,3.2718867534442384,2017,2,16,34022,Kortrijk,Regenval,"Nat, plassen",Dag,met lichtgewonden,3,Fiets,9,personenauto,Op Kruispunt,Gewestweg,binnen bebouwde kom,Tss. 2 best.: langs opzij (voor-/achterkant-flank),Geen hindernis
617,16,Kortrijk 1,Kortrijk,50.83332,3.27777,0.8827934609883814,50.82630420364434,3.2718867534442384,2017,2,16,34022,Kortrijk,Regenval,"Nat, plassen",Dag,met lichtgewonden,3,Fiets,9,personenauto,Op Kruispunt,Gewestweg,binnen bebouwde kom,Tss. 2 best.: langs opzij (voor-/achterkant-flank),Geen hindernis
617,17,Kortrijk 2,Kortrijk,50.83339,3.27773,0.8883778686694298,50.82630420364434,3.2718867534442384,2017,2,16,34022,Kortrijk,Regenval,"Nat, plassen",Dag,met lichtgewonden,3,Fiets,9,personenauto,Op Kruispunt,Gewestweg,binnen bebouwde kom,Tss. 2 best.: langs opzij (voor-/achterkant-flank),Geen hindernis
617,75,Kortrijk teller 2,Kortrijk,50.81925,3.25731,1.2898478645693112,50.82630420364434,3.2718867534442384,2017,2,16,34022,Kortrijk,Regenval,"Nat, plassen",Dag,met lichtgewonden,3,Fiets,9,personenauto,Op Kruispunt,Gewestweg,binnen bebouwde kom,Tss. 2 best.: langs opzij (voor-/achterkant-flank),Geen hindernis
617,74,Kortrijk teller 1,Kortrijk,50.81909,3.25728,1.3024047469588735,50.82630420364434,3.2718867534442384,2017,2,16,34022,Kortrijk,Regenval,"Nat, plassen",Dag,met lichtgewonden,3,Fiets,9,personenauto,Op Kruispunt,Gewestweg,binnen bebouwde kom,Tss. 2 best.: langs opzij (voor-/achterkant-flank),Geen hindernis
618,75,Kortrijk teller 2,Kortrijk,50.81925,3.25731,0.5167454259803518,50.82344631189355,3.2604708922539145,2017,2,13,34022,Kortrijk,Normaal,Droog,Dag,met lichtgewonden,9,personenauto,3,Fiets,Op Kruispunt,Gewestweg,binnen bebouwde kom,Tss. 2 best.: langs opzij (voor-/achterkant-flank),Geen hindernis
618,74,Kortrijk teller 1,Kortrijk,50.81909,3.25728,0.5337470113141769,50.82344631189355,3.2604708922539145,2017,2,13,34022,Kortrijk,Normaal,Droog,Dag,met lichtgewonden,9,personenauto,3,Fiets,Op Kruispunt,Gewestweg,binnen bebouwde kom,Tss. 2 best.: langs opzij (voor-/achterkant-flank),Geen hindernis
618,143,Eco Display Classic Budastraat,Kortrijk,50.83066,3.26286,0.8194901212987906,50.82344631189355,3.2604708922539145,2017,2,13,34022,Kortrijk,Normaal,Droog,Dag,met lichtgewonden,9,personenauto,3,Fiets,Op Kruispunt,Gewestweg,binnen bebouwde kom,Tss. 2 best.: langs opzij (voor-/achterkant-flank),Geen hindernis
618,16,Kortrijk 1,Kortrijk,50.83332,3.27777,1.6375765343245203,50.82344631189355,3.2604708922539145,2017,2,13,34022,Kortrijk,Normaal,Droog,Dag,met lichtgewonden,9,personenauto,3,Fiets,Op Kruispunt,Gewestweg,binnen bebouwde kom,Tss. 2 best.: langs opzij (voor-/achterkant-flank),Geen hindernis
618,17,Kortrijk 2,Kortrijk,50.83339,3.27773,1.640727754774926,50.82344631189355,3.2604708922539145,2017,2,13,34022,Kortrijk,Normaal,Droog,Dag,met lichtgewonden,9,personenauto,3,Fiets,Op Kruispunt,Gewestweg,binnen bebouwde kom,Tss. 2 best.: langs opzij (voor-/achterkant-flank),Geen hindernis
619,17,Kortrijk 2,Kortrijk,50.83339,3.27773,2.123845251341636,50.8517547554643,3.2860427763537987,2017,2,10,34023,Kuurne,Normaal,Droog,Dag,met lichtgewonden,9,personenauto,3,Fiets,Buiten Kruispunt,Gemeenteweg,binnen bebouwde kom,Tussen 2 bestuurders: Langs achteren,Geen hindernis
619,16,Kortrijk 1,Kortrijk,50.83332,3.27777,2.130562951172426,50.8517547554643,3.2860427763537987,2017,2,10,34023,Kuurne,Normaal,Droog,Dag,met lichtgewonden,9,personenauto,3,Fiets,Buiten Kruispunt,Gemeenteweg,binnen bebouwde kom,Tussen 2 bestuurders: Langs achteren,Geen hindernis
627,67,Ieper totem,Ieper,50.85018,2.85624,2.483870660496258,50.85568421232455,2.890532384997225,2017,2,17,33011,Ieper,Normaal,Droog,Dag,met lichtgewonden,9,personenauto,3,Fiets,Op Kruispunt,Gemeenteweg,binnen bebouwde kom,Tss. 2 best.: langs opzij (voor-/achterkant-flank),Geen hindernis
627,68,Ieper,Ieper,50.85032,2.85608,2.490980751278226,50.85568421232455,2.890532384997225,2017,2,17,33011,Ieper,Normaal,Droog,Dag,met lichtgewonden,9,personenauto,3,Fiets,Op Kruispunt,Gemeenteweg,binnen bebouwde kom,Tss. 2 best.: langs opzij (voor-/achterkant-flank),Geen hindernis
631,42,Maasmechelen teller 2,Maasmechelen,50.97043,5.6981,1.9227937005826097,50.987553596129686,5.694275155348354,2017,2,8,73107,Maasmechelen,Normaal,Droog,Dag,met lichtgewonden,3,Fiets,9,personenauto,Buiten Kruispunt,Gemeenteweg,binnen bebouwde kom,Tss. 2 best.: langs opzij (voor-/achterkant-flank),Geen hindernis
631,41,Maasmechelen teller 1,Maasmechelen,50.97025,5.69799,1.9415692844045378,50.987553596129686,5.694275155348354,2017,2,8,73107,Maasmechelen,Normaal,Droog,Dag,met lichtgewonden,3,Fiets,9,personenauto,Buiten Kruispunt,Gemeenteweg,binnen bebouwde kom,Tss. 2 best.: langs opzij (voor-/achterkant-flank),Geen hindernis
633,35,Lanaken teller 1,Lanaken,50.88112,5.6314,2.3494023770829613,50.89020318122664,5.6616385768702795,2017,2,16,73042,Lanaken,Normaal,Droog,Dag,met lichtgewonden,3,Fiets,9,personenauto,Op Kruispunt,Gewestweg,binnen bebouwde kom,Tussen 2 bestuurders: Frontale botsing,Geen hindernis
633,36,Lanaken teller 2,Lanaken,50.88131,5.63012,2.4220732381641223,50.89020318122664,5.6616385768702795,2017,2,16,73042,Lanaken,Normaal,Droog,Dag,met lichtgewonden,3,Fiets,9,personenauto,Op Kruispunt,Gewestweg,binnen bebouwde kom,Tussen 2 bestuurders: Frontale botsing,Geen hindernis
635,124,Beveren teller 2,Beveren,51.1964712,4.2361077,2.3376748910762126,51.21303270073581,4.256776169223352,2017,2,12,46003,Beveren,Normaal,Droog,Dag,met lichtgewonden,9,personenauto,3,Fiets,Op Kruispunt,Gemeenteweg,binnen bebouwde kom,Tss. 2 best.: langs opzij (voor-/achterkant-flank),Geen hindernis
638,124,Beveren teller 2,Beveren,51.1964712,4.2361077,2.4200037881563956,51.21328874455539,4.258155784794754,2017,2,14,46003,Beveren,Normaal,Droog,Dag,met lichtgewonden,9,personenauto,3,Fiets,Op Kruispunt,Gemeenteweg,binnen bebouwde kom,Tss. 2 best.: langs opzij (voor-/achterkant-flank),Geen hindernis
641,99,Mechelen teller 1,Mechelen,51.04564,4.46882,2.3107493280136406,51.03100701886868,4.492286318488074,2017,2,18,12025,Mechelen,Regenval,"Nat, plassen","Nacht, openbare verlichting aanwezig en ontstoken",met lichtgewonden,9,personenauto,3,Fiets,Op Kruispunt,Gewestweg,binnen bebouwde kom,Tss. 2 best.: langs opzij (voor-/achterkant-flank),Geen hindernis
641,100,Mechelen teller 2,Mechelen,51.0457,4.46883,2.314955890467513,51.03100701886868,4.492286318488074,2017,2,18,12025,Mechelen,Regenval,"Nat, plassen","Nacht, openbare verlichting aanwezig en ontstoken",met lichtgewonden,9,personenauto,3,Fiets,Op Kruispunt,Gewestweg,binnen bebouwde kom,Tss. 2 best.: langs opzij (voor-/achterkant-flank),Geen hindernis
642,99,Mechelen teller 1,Mechelen,51.04564,4.46882,1.5294987301684058,51.0357627754702,4.453594890522237,2017,2,16,12025,Mechelen,Regenval,"Nat, plassen",Dag,met lichtgewonden,1,Autobus,3,Fiets,Op Kruispunt,Gewestweg,binnen bebouwde kom,Tussen 2 bestuurders: Langs achteren,Geen hindernis
642,100,Mechelen teller 2,Mechelen,51.0457,4.46883,1.5347812160031116,51.0357627754702,4.453594890522237,2017,2,16,12025,Mechelen,Regenval,"Nat, plassen",Dag,met lichtgewonden,1,Autobus,3,Fiets,Op Kruispunt,Gewestweg,binnen bebouwde kom,Tussen 2 bestuurders: Langs achteren,Geen hindernis
643,99,Mechelen teller 1,Mechelen,51.04564,4.46882,1.9394056010759464,51.028217733945645,4.470122036324786,2017,2,18,12025,Mechelen,Normaal,Droog,"Nacht, openbare verlichting aanwezig en ontstoken",met lichtgewonden,9,personenauto,3,Fiets,Op Kruispunt,Gewestweg,binnen bebouwde kom,Tss. 2 best.: langs opzij (voor-/achterkant-flank),Geen hindernis
643,100,Mechelen teller 2,Mechelen,51.0457,4.46883,1.946037379166413,51.028217733945645,4.470122036324786,2017,2,18,12025,Mechelen,Normaal,Droog,"Nacht, openbare verlichting aanwezig en ontstoken",met lichtgewonden,9,personenauto,3,Fiets,Op Kruispunt,Gewestweg,binnen bebouwde kom,Tss. 2 best.: langs opzij (voor-/achterkant-flank),Geen hindernis
644,99,Mechelen teller 1,Mechelen,51.04564,4.46882,1.6708153334693936,51.03373313446036,4.483396676992355,2017,2,19,12025,Mechelen,Onbekend,Onbekend,Dag,met lichtgewonden,9,personenauto,3,Fiets,Op Kruispunt,Gewestweg,binnen bebouwde kom,Tss. 2 best.: langs opzij (voor-/achterkant-flank),Geen hindernis
644,100,Mechelen teller 2,Mechelen,51.0457,4.46883,1.6756815973309247,51.03373313446036,4.483396676992355,2017,2,19,12025,Mechelen,Onbekend,Onbekend,Dag,met lichtgewonden,9,personenauto,3,Fiets,Op Kruispunt,Gewestweg,binnen bebouwde kom,Tss. 2 best.: langs opzij (voor-/achterkant-flank),Geen hindernis
646,99,Mechelen teller 1,Mechelen,51.04564,4.46882,1.224740642656529,51.03552083301492,4.475737544342306,2017,2,14,12025,Mechelen,Normaal,Droog,Dag,met lichtgewonden,9,personenauto,3,Fiets,Buiten Kruispunt,Gemeenteweg,binnen bebouwde kom,Tss. 2 best.: langs opzij (voor-/achterkant-flank),Geen hindernis
646,100,Mechelen teller 2,Mechelen,51.0457,4.46883,1.2305982409599394,51.03552083301492,4.475737544342306,2017,2,14,12025,Mechelen,Normaal,Droog,Dag,met lichtgewonden,9,personenauto,3,Fiets,Buiten Kruispunt,Gemeenteweg,binnen bebouwde kom,Tss. 2 best.: langs opzij (voor-/achterkant-flank),Geen hindernis
649,140,Hasselt ring,Hasselt,50.9300038,5.3438616,1.7244179231684675,50.918415700543804,5.327511717316686,2017,2,7,71022,Hasselt,Normaal,Droog,Dag,met lichtgewonden,3,Fiets,9,personenauto,Buiten Kruispunt,Gewestweg,binnen bebouwde kom,Tussen 2 bestuurders: Frontale botsing,Geen hindernis
650,138,Hasselt-Kempische brug,Hasselt,50.9405318,5.3422472,0.3151359929687238,50.93784039207889,5.340838158233632,2017,2,12,71022,Hasselt,Normaal,"Nat, plassen",Dag,met zwaargewonden,5,Lichte vrachtauto,3,Fiets,Op Kruispunt,Gewestweg,binnen bebouwde kom,Tss. 2 best.: langs opzij (voor-/achterkant-flank),Geen hindernis
650,137,Hasselt-Kempische brug,Hasselt,50.9411605,5.3417576,0.37475816538959594,50.93784039207889,5.340838158233632,2017,2,12,71022,Hasselt,Normaal,"Nat, plassen",Dag,met zwaargewonden,5,Lichte vrachtauto,3,Fiets,Op Kruispunt,Gewestweg,binnen bebouwde kom,Tss. 2 best.: langs opzij (voor-/achterkant-flank),Geen hindernis
650,140,Hasselt ring,Hasselt,50.9300038,5.3438616,0.8967773200306396,50.93784039207889,5.340838158233632,2017,2,12,71022,Hasselt,Normaal,"Nat, plassen",Dag,met zwaargewonden,5,Lichte vrachtauto,3,Fiets,Op Kruispunt,Gewestweg,binnen bebouwde kom,Tss. 2 best.: langs opzij (voor-/achterkant-flank),Geen hindernis
653,140,Hasselt ring,Hasselt,50.9300038,5.3438616,1.7523577962656502,50.914285193610915,5.342065465432493,2017,2,15,71022,Hasselt,Normaal,Droog,Dag,met lichtgewonden,9,personenauto,3,Fiets,Op Kruispunt,Gewestweg,buiten bebouwde kom,Tss. 2 best.: langs opzij (voor-/achterkant-flank),Geen hindernis
654,150,Bertem,District Leuven,50.8687535,4.56136297,2.144568980447542,50.85004920597902,4.568814068453664,2017,2,16,24009,Bertem,Onbekend,Onbekend,Dag,met lichtgewonden,3,Fiets,11,een weggebruiker tegen een hindernis,Buiten Kruispunt,Gemeenteweg,binnen bebouwde kom,Weggebruiker tegen hindernis buiten rijbaan,Andere hindernis
655,30,Herk De Stad,Herk-de-Stad,50.94374,5.17691,1.4096576076554754,50.93182036615189,5.170059184795149,2017,2,13,71024,Herk-de-Stad,Normaal,Droog,Dag,Met doden,9,personenauto,3,Fiets,Buiten Kruispunt,Gewestweg,buiten bebouwde kom,Tss. 2 best.: langs opzij (voor-/achterkant-flank),Geen hindernis
655,31,Herk De Stad,Herk-de-Stad,50.94366,5.1775,1.4159924717365213,50.93182036615189,5.170059184795149,2017,2,13,71024,Herk-de-Stad,Normaal,Droog,Dag,Met doden,9,personenauto,3,Fiets,Buiten Kruispunt,Gewestweg,buiten bebouwde kom,Tss. 2 best.: langs opzij (voor-/achterkant-flank),Geen hindernis
656,84,Roeselare totem,Izegem,50.91717,3.18772,2.0344590676072807,50.92091098919917,3.2161293993760935,2017,3,7,36008,Izegem,Normaal,Droog,Dag,met lichtgewonden,9,personenauto,3,Fiets,Op Kruispunt,Gemeenteweg,binnen bebouwde kom,Tss. 2 best.: langs opzij (voor-/achterkant-flank),Geen hindernis
672,2,Brasschaat 2,Brasschaat,51.27512,4.47169,1.8417107236697388,51.28441626436749,4.449775372891549,2017,3,15,11002,Antwerpen,Normaal,Droog,Dag,met lichtgewonden,9,personenauto,3,Fiets,Op Kruispunt,Gewestweg,binnen bebouwde kom,Tussen 2 bestuurders: Frontale botsing,Geen hindernis