crash_row_id,site_id,site_name,site_gemeente,site_lat,site_long,distance_km,crash_lat,crash_long,DT_YEAR_COLLISION,DT_MONTH_COLLISION,DT_TIME,CD_NIS,TX_MUNTY_COLLISION_NL,TX_WEATHER_NL,TX_ROAD_CONDITION_NL,TX_LIGHT_CONDITION_NL,TX_CLASS_ACCIDENTS_NL,CD_ROAD_USR_TYPE1,TX_ROAD_USR_TYPE1_NL,CD_ROAD_USR_TYPE2,TX_ROAD_USR_TYPE2_NL,TX_CROSSWAY_NL,CD_ROAD_TYPE_NL,TX_BUILD_UP_AREA_NL,TX_COLLISION_TYPE_NL,TX_OBSTACLES_NL
672,3,Brasschaat 1,Brasschaat,51.27503,4.47222,1.8778796547426333,51.28441626436749,4.449775372891549,2017,3,15,11002,Antwerpen,Normaal,Droog,Dag,met lichtgewonden,9,personenauto,3,Fiets,Op Kruispunt,Gewestweg,binnen bebouwde kom,Tussen 2 bestuurders: Frontale botsing,Geen hindernis
774,96,Lier teller 2,Lier,51.11705,4.58444,1.4089142221751907,51.1293845069065,4.579820722147016,2017,3,15,12021,Lier,Normaal,Droog,Dag,met lichtgewonden,3,Fiets,9,personenauto,Op Kruispunt,Gemeenteweg,binnen bebouwde kom,Tss. 2 best.: langs opzij (voor-/achterkant-flank),Geen hindernis
774,95,Lier teller 1,Lier,51.11687,4.58437,1.4273110961259472,51.1293845069065,4.579820722147016,2017,3,15,12021,Lier,Normaal,Droog,Dag,met lichtgewonden,3,Fiets,9,personenauto,Op Kruispunt,Gemeenteweg,binnen bebouwde kom,Tss. 2 best.: langs opzij (voor-/achterkant-flank),Geen hindernis
776,9,Heist op den Berg 2,Heist-op-den-Berg,51.06904,4.69524,1.6634676007191862,51.060059320725415,4.71427810829925,2017,3,13,12014,Heist-op-den-Berg,Normaal,Droog,Dag,met zwaargewonden,3,Fiets,4,Vrachtwagen,Op Kruispunt,Gewestweg,buiten bebouwde kom,Tss. 2 best.: langs opzij (voor-/achterkant-flank),Geen hindernis
776,8,Heist op den Berg 1,Heist-op-den-Berg,51.06759,4.68823,2.0036372993528353,51.060059320725415,4.71427810829925,2017,3,13,12014,Heist-op-den-Berg,Normaal,Droog,Dag,met zwaargewonden,3,Fiets,4,Vrachtwagen,Op Kruispunt,Gewestweg,buiten bebouwde kom,Tss. 2 best.: langs opzij (voor-/achterkant-flank),Geen hindernis
779,103,Malle teller 1,Malle,51.31681,4.73872,2.4923171022482014,51.32503338050616,4.772083738845885,2017,3,7,13037,Rijkevorsel,Normaal,Droog,Dag,met lichtgewonden,9,personenauto,3,Fiets,Buiten Kruispunt,Gemeenteweg,buiten bebouwde kom,Tss. 2 best.: langs opzij (voor-/achterkant-flank),Geen hindernis
785,89,Westerlo teller 2,Westerlo,51.08191,4.91334,0.7001356923422801,51.07590038920098,4.9103493658049295,2017,3,11,13013,Herselt,Normaal,Droog,Dag,met lichtgewonden,9,personenauto,3,Fiets,Buiten Kruispunt,Gewestweg,buiten bebouwde kom,Tss. 2 best.: langs opzij (voor-/achterkant-flank),Geen hindernis
785,88,Westerlo teller 1,Westerlo,51.082,4.91325,0.707868189408024,51.07590038920098,4.9103493658049295,2017,3,11,13013,Herselt,Normaal,Droog,Dag,met lichtgewonden,9,personenauto,3,Fiets,Buiten Kruispunt,Gewestweg,buiten bebouwde kom,Tss. 2 best.: langs opzij (voor-/achterkant-flank),Geen hindernis
787,88,Westerlo teller 1,Westerlo,51.082,4.91325,0.05625248740143969,51.08247490394491,4.912972491225178,2017,3,16,13049,Westerlo,Normaal,Droog,Dag,met lichtgewonden,6,Bromfiets,3,Fiets,Buiten Kruispunt,Gewestweg,binnen bebouwde kom,Tss. 2 best.: langs opzij (voor-/achterkant-flank),Geen hindernis
787,89,Westerlo teller 2,Westerlo,51.08191,4.91334,0.06785786446359623,51.08247490394491,4.912972491225178,2017,3,16,13049,Westerlo,Normaal,Droog,Dag,met lichtgewonden,6,Bromfiets,3,Fiets,Buiten Kruispunt,Gewestweg,binnen bebouwde kom,Tss. 2 best.: langs opzij (voor-/achterkant-flank),Geen hindernis
790,98,Geel teller 2,Geel,51.1481,4.99643,1.652301975079523,51.162543496430324,4.99086333308442,2017,3,15,13008,Geel,Normaal,Droog,Dag,met lichtgewonden,3,Fiets,9,personenauto,Op Kruispunt,Gewestweg,binnen bebouwde kom,Tss. 2 best.: langs opzij (voor-/achterkant-flank),Geen hindernis
790,97,Geel teller 1,Geel,51.14813,4.99698,1.6585093750499582,51.162543496430324,4.99086333308442,2017,3,15,13008,Geel,Normaal,Droog,Dag,met lichtgewonden,3,Fiets,9,personenauto,Op Kruispunt,Gewestweg,binnen bebouwde kom,Tss. 2 best.: langs opzij (voor-/achterkant-flank),Geen hindernis
791,98,Geel teller 2,Geel,51.1481,4.99643,0.9329961141357083,51.148349316746874,4.983060278290291,2017,3,16,13008,Geel,Normaal,Droog,Dag,met lichtgewonden,9,personenauto,3,Fiets,Op Kruispunt,Gewestweg,buiten bebouwde kom,Tss. 2 best.: langs opzij (voor-/achterkant-flank),Geen hindernis
791,97,Geel teller 1,Geel,51.14813,4.99698,0.9712544393801895,51.148349316746874,4.983060278290291,2017,3,16,13008,Geel,Normaal,Droog,Dag,met lichtgewonden,9,personenauto,3,Fiets,Op Kruispunt,Gewestweg,buiten bebouwde kom,Tss. 2 best.: langs opzij (voor-/achterkant-flank),Geen hindernis
793,94,Herentals teller 2,Herentals,51.17345,4.81283,1.3750425890707065,51.16249490687319,4.821978245792567,2017,3,16,13011,Herentals,Normaal,Droog,Dag,met lichtgewonden,3,Fiets,9,personenauto,Op Kruispunt,Gemeenteweg,buiten bebouwde kom,Tss. 2 best.: langs opzij (voor-/achterkant-flank),Geen hindernis
793,110,Herentals totem,Herentals,51.1739426,4.811783,1.457957552992079,51.16249490687319,4.821978245792567,2017,3,16,13011,Herentals,Normaal,Droog,Dag,met lichtgewonden,3,Fiets,9,personenauto,Op Kruispunt,Gemeenteweg,buiten bebouwde kom,Tss. 2 best.: langs opzij (voor-/achterkant-flank),Geen hindernis
798,38,Lommel teller 2,Lommel,51.23277,5.29189,1.593002899519565,51.21851338379911,5.289637754986911,2017,3,16,72020,Lommel,Normaal,Proper,Dag,met lichtgewonden,5,Lichte vrachtauto,3,Fiets,Buiten Kruispunt,Gemeenteweg,buiten bebouwde kom,Tss. 2 best.: langs opzij (voor-/achterkant-flank),Geen hindernis
798,37,Lommel teller 1,Lommel,51.23299,5.29211,1.6189061067140835,51.21851338379911,5.289637754986911,2017,3,16,72020,Lommel,Normaal,Proper,Dag,met lichtgewonden,5,Lichte vrachtauto,3,Fiets,Buiten Kruispunt,Gemeenteweg,buiten bebouwde kom,Tss. 2 best.: langs opzij (voor-/achterkant-flank),Geen hindernis
799,37,Lommel teller 1,Lommel,51.23299,5.29211,1.1378770027881937,51.23035981568537,5.3079033814202345,2017,3,3,72020,Lommel,Onbekend,Onbekend,Onbekend,met lichtgewonden,9,personenauto,3,Fiets,Buiten Kruispunt,Gewestweg,onbekend,Tussen 2 bestuurders: Langs achteren,Geen hindernis
799,38,Lommel teller 2,Lommel,51.23277,5.29189,1.1467270646859717,51.23035981568537,5.3079033814202345,2017,3,3,72020,Lommel,Onbekend,Onbekend,Onbekend,met lichtgewonden,9,personenauto,3,Fiets,Buiten Kruispunt,Gewestweg,onbekend,Tussen 2 bestuurders: Langs achteren,Geen hindernis
801,46,Pelt teller 2,Pelt,51.231,5.44375,0.7168183823025578,51.22842322649628,5.43431352864883,2017,3,13,72043,Pelt,Normaal,Droog,Dag,met lichtgewonden,3,Fiets,4,Vrachtwagen,Op Kruispunt,Gewestweg,binnen bebouwde kom,Tss. 2 best.: langs opzij (voor-/achterkant-flank),Geen hindernis
801,45,Pelt teller 1,Pelt,51.23127,5.44377,0.7305914198111383,51.22842322649628,5.43431352864883,2017,3,13,72043,Pelt,Normaal,Droog,Dag,met lichtgewonden,3,Fiets,4,Vrachtwagen,Op Kruispunt,Gewestweg,binnen bebouwde kom,Tss. 2 best.: langs opzij (voor-/achterkant-flank),Geen hindernis
819,14,Genk,Genk,50.97172,5.48927,2.007271964097878,50.98385794572174,5.510492021787463,2017,3,12,71016,Genk,Normaal,Droog,Dag,met lichtgewonden,9,personenauto,3,Fiets,Buiten Kruispunt,Gemeenteweg,buiten bebouwde kom,Tss. 2 best.: langs opzij (voor-/achterkant-flank),Geen hindernis
820,139,Houthalen-Helchteren,Houthalen-Helchteren,51.0644267,5.3819796,1.026404886812064,51.05519769874496,5.382259763128453,2017,3,9,72039,Houthalen-Helchteren,Normaal,"Nat, plassen",Dag,met lichtgewonden,3,Fiets,5,Lichte vrachtauto,Buiten Kruispunt,Gewestweg,binnen bebouwde kom,Tss. 2 best.: langs opzij (voor-/achterkant-flank),Geen hindernis
822,14,Genk,Genk,50.97172,5.48927,1.091688657597148,50.981266486316535,5.492910309732282,2017,3,8,71016,Genk,Normaal,Proper,Dag,met lichtgewonden,9,personenauto,3,Fiets,Op Kruispunt,Gewestweg,buiten bebouwde kom,Tussen 2 bestuurders: Frontale botsing,Geen hindernis
825,25,Bree,Bree,51.13679500160176,5.597669323604317,0.6433393645427563,51.14257912543917,5.59745478404742,2017,3,6,72004,Bree,Onbekend,Onbekend,Dageraad - schemering,met lichtgewonden,3,Fiets,3,Fiets,Op Kruispunt,Gewestweg,binnen bebouwde kom,Tss. 2 best.: langs opzij (voor-/achterkant-flank),Geen hindernis
827,25,Bree,Bree,51.13679500160176,5.597669323604317,0.5292774703136647,51.14146846553366,5.59910855758283,2017,3,8,72004,Bree,Regenval,"Nat, plassen",Dag,met lichtgewonden,9,personenauto,3,Fiets,Buiten Kruispunt,Gemeenteweg,binnen bebouwde kom,Tss. 2 best.: langs opzij (voor-/achterkant-flank),Geen hindernis
828,25,Bree,Bree,51.13679500160176,5.597669323604317,0.4166728265622194,51.13908245892577,5.59293898414101,2017,3,15,72004,Bree,Normaal,Droog,Dag,met lichtgewonden,3,Fiets,10,"één bestuurder, geen hindernis",Buiten Kruispunt,Gewestweg,binnen bebouwde kom,"Eén bestuurder, geen hindernis (incl. val)",Geen hindernis
830,69,Leuven teller 1,Leuven,50.87549,4.71526,1.3332468629588754,50.86962338446393,4.731830734639535,2017,3,21,24062,Leuven,Normaal,Droog,Dag,met lichtgewonden,3,Fiets,6,Bromfiets,Buiten Kruispunt,Gewestweg,binnen bebouwde kom,Tussen 2 bestuurders: Frontale botsing,Geen hindernis
831,151,Leuven,District Leuven,50.8690262,4.6854839,1.1148369233945168,50.8591684015772,4.68838113648092,2017,3,15,24062,Leuven,Normaal,Droog,Dag,met lichtgewonden,9,personenauto,3,Fiets,Op Kruispunt,Gemeenteweg,binnen bebouwde kom,Tss. 2 best.: langs opzij (voor-/achterkant-flank),Geen hindernis
831,108,Heverlee teller 1,Leuven,50.8471728,4.6954674,1.423589548740241,50.8591684015772,4.68838113648092,2017,3,15,24062,Leuven,Normaal,Droog,Dag,met lichtgewonden,9,personenauto,3,Fiets,Op Kruispunt,Gemeenteweg,binnen bebouwde kom,Tss. 2 best.: langs opzij (voor-/achterkant-flank),Geen hindernis
831,76,Heverlee teller 2,Leuven,50.84606,4.69597,1.551891214885047,50.8591684015772,4.68838113648092,2017,3,15,24062,Leuven,Normaal,Droog,Dag,met lichtgewonden,9,personenauto,3,Fiets,Op Kruispunt,Gemeenteweg,binnen bebouwde kom,Tss. 2 best.: langs opzij (voor-/achterkant-flank),Geen hindernis
832,76,Heverlee teller 2,Leuven,50.84606,4.69597,2.268900639065553,50.82604908278134,4.702286967985007,2017,3,12,24086,Oud-Heverlee,Onbekend,Onbekend,Dag,met lichtgewonden,3,Fiets,9,personenauto,Op Kruispunt,Gewestweg,binnen bebouwde kom,Tss. 2 best.: langs opzij (voor-/achterkant-flank),Geen hindernis
832,108,Heverlee teller 1,Leuven,50.8471728,4.6954674,2.3971724546326945,50.82604908278134,4.702286967985007,2017,3,12,24086,Oud-Heverlee,Onbekend,Onbekend,Dag,met lichtgewonden,3,Fiets,9,personenauto,Op Kruispunt,Gewestweg,binnen bebouwde kom,Tss. 2 best.: langs opzij (voor-/achterkant-flank),Geen hindernis
833,107,leuven totem,Leuven,50.8870744,4.7087919,1.6377871694704116,50.9017153938376,4.706243395738109,2017,3,21,24062,Leuven,Onbekend,Droog,"Nacht, openbare verlichting aanwezig en ontstoken",met lichtgewonden,3,Fiets,2,Andere weggebruiker,Op Kruispunt,Gemeenteweg,buiten bebouwde kom,Tss. 2 best.: langs opzij (voor-/achterkant-flank),Geen hindernis
833,77,Leuven teller 2,Leuven,50.88672,4.70796,1.6717527468121516,50.9017153938376,4.706243395738109,2017,3,21,24062,Leuven,Onbekend,Droog,"Nacht, openbare verlichting aanwezig en ontstoken",met lichtgewonden,3,Fiets,2,Andere weggebruiker,Op Kruispunt,Gemeenteweg,buiten bebouwde kom,Tss. 2 best.: langs opzij (voor-/achterkant-flank),Geen hindernis
834,69,Leuven teller 1,Leuven,50.87549,4.71526,1.5423748622354365,50.861755597769594,4.712184066324711,2017,3,16,24062,Leuven,Normaal,Droog,Dag,met lichtgewonden,9,personenauto,3,Fiets,Op Kruispunt,Gemeenteweg,buiten bebouwde kom,Tussen 2 bestuurders: Frontale botsing,Geen hindernis
834,108,Heverlee teller 1,Leuven,50.8471728,4.6954674,2.001588952249464,50.861755597769594,4.712184066324711,2017,3,16,24062,Leuven,Normaal,Droog,Dag,met lichtgewonden,9,personenauto,3,Fiets,Op Kruispunt,Gemeenteweg,buiten bebouwde kom,Tussen 2 bestuurders: Frontale botsing,Geen hindernis
834,151,Leuven,District Leuven,50.8690262,4.6854839,2.0407833736673195,50.861755597769594,4.712184066324711,2017,3,16,24062,Leuven,Normaal,Droog,Dag,met lichtgewonden,9,personenauto,3,Fiets,Op Kruispunt,Gemeenteweg,buiten bebouwde kom,Tussen 2 bestuurders: Frontale botsing,Geen hindernis
834,76,Heverlee teller 2,Leuven,50.84606,4.69597,2.083610822141143,50.861755597769594,4.712184066324711,2017,3,16,24062,Leuven,Normaal,Droog,Dag,met lichtgewonden,9,personenauto,3,Fiets,Op Kruispunt,Gemeenteweg,buiten bebouwde kom,Tussen 2 bestuurders: Frontale botsing,Geen hindernis
835,69,Leuven teller 1,Leuven,50.87549,4.71526,1.6091227248847777,50.88488553690816,4.732704214525766,2017,3,8,24062,Leuven,Normaal,Droog,Dag,met lichtgewonden,3,Fiets,3,Fiets,Buiten Kruispunt,Gewestweg,binnen bebouwde kom,Tss. 2 best.: langs opzij (voor-/achterkant-flank),Geen hindernis
835,107,leuven totem,Leuven,50.8870744,4.7087919,1.6949921686661737,50.88488553690816,4.732704214525766,2017,3,8,24062,Leuven,Normaal,Droog,Dag,met lichtgewonden,3,Fiets,3,Fiets,Buiten Kruispunt,Gewestweg,binnen bebouwde kom,Tss. 2 best.: langs opzij (voor-/achterkant-flank),Geen hindernis
835,77,Leuven teller 2,Leuven,50.88672,4.70796,1.747734596681509,50.88488553690816,4.732704214525766,2017,3,8,24062,Leuven,Normaal,Droog,Dag,met lichtgewonden,3,Fiets,3,Fiets,Buiten Kruispunt,Gewestweg,binnen bebouwde kom,Tss. 2 best.: langs opzij (voor-/achterkant-flank),Geen hindernis
836,151,Leuven,District Leuven,50.8690262,4.6854839,0.8441779265773358,50.8653329886835,4.695993790265632,2017,3,14,24062,Leuven,Normaal,Droog,Dag,met lichtgewonden,3,Fiets,8,Voetganger,Buiten Kruispunt,Gewestweg,binnen bebouwde kom,Met een voetganger,Geen hindernis
836,69,Leuven teller 1,Leuven,50.87549,4.71526,1.7616337828061763,50.8653329886835,4.695993790265632,2017,3,14,24062,Leuven,Normaal,Droog,Dag,met lichtgewonden,3,Fiets,8,Voetganger,Buiten Kruispunt,Gewestweg,binnen bebouwde kom,Met een voetganger,Geen hindernis
836,108,Heverlee teller 1,Leuven,50.8471728,4.6954674,2.019658867986127,50.8653329886835,4.695993790265632,2017,3,14,24062,Leuven,Normaal,Droog,Dag,met lichtgewonden,3,Fiets,8,Voetganger,Buiten Kruispunt,Gewestweg,binnen bebouwde kom,Met een voetganger,Geen hindernis
836,76,Heverlee teller 2,Leuven,50.84606,4.69597,2.1430592135254996,50.8653329886835,4.695993790265632,2017,3,14,24062,Leuven,Normaal,Droog,Dag,met lichtgewonden,3,Fiets,8,Voetganger,Buiten Kruispunt,Gewestweg,binnen bebouwde kom,Met een voetganger,Geen hindernis
837,151,Leuven,District Leuven,50.8690262,4.6854839,1.1988900210644675,50.87955696413893,4.689150024965273,2017,3,14,24062,Leuven,"Andere (dikke rook,...)",Droog,Dag,met lichtgewonden,9,personenauto,3,Fiets,Op Kruispunt,Gemeenteweg,binnen bebouwde kom,Tussen 2 bestuurders: Frontale botsing,Geen hindernis
837,77,Leuven teller 2,Leuven,50.88672,4.70796,1.5413305098310914,50.87955696413893,4.689150024965273,2017,3,14,24062,Leuven,"Andere (dikke rook,...)",Droog,Dag,met lichtgewonden,9,personenauto,3,Fiets,Op Kruispunt,Gemeenteweg,binnen bebouwde kom,Tussen 2 bestuurders: Frontale botsing,Geen hindernis
837,107,leuven totem,Leuven,50.8870744,4.7087919,1.611658449969223,50.87955696413893,4.689150024965273,2017,3,14,24062,Leuven,"Andere (dikke rook,...)",Droog,Dag,met lichtgewonden,9,personenauto,3,Fiets,Op Kruispunt,Gemeenteweg,binnen bebouwde kom,Tussen 2 bestuurders: Frontale botsing,Geen hindernis
837,69,Leuven teller 1,Leuven,50.87549,4.71526,1.8869152278713697,50.87955696413893,4.689150024965273,2017,3,14,24062,Leuven,"Andere (dikke rook,...)",Droog,Dag,met lichtgewonden,9,personenauto,3,Fiets,Op Kruispunt,Gemeenteweg,binnen bebouwde kom,Tussen 2 bestuurders: Frontale botsing,Geen hindernis
838,151,Leuven,District Leuven,50.8690262,4.6854839,1.063432746060253,50.87238969262527,4.699670390405159,2017,3,9,24062,Leuven,Normaal,Droog,Dag,met lichtgewonden,9,personenauto,3,Fiets,Buiten Kruispunt,Gemeenteweg,binnen bebouwde kom,Tussen 2 bestuurders: Frontale botsing,Geen hindernis
838,69,Leuven teller 1,Leuven,50.87549,4.71526,1.1469159233299269,50.87238969262527,4.699670390405159,2017,3,9,24062,Leuven,Normaal,Droog,Dag,met lichtgewonden,9,personenauto,3,Fiets,Buiten Kruispunt,Gemeenteweg,binnen bebouwde kom,Tussen 2 bestuurders: Frontale botsing,Geen hindernis
838,77,Leuven teller 2,Leuven,50.88672,4.70796,1.6962759089698873,50.87238969262527,4.699670390405159,2017,3,9,24062,Leuven,Normaal,Droog,Dag,met lichtgewonden,9,personenauto,3,Fiets,Buiten Kruispunt,Gemeenteweg,binnen bebouwde kom,Tussen 2 bestuurders: Frontale botsing,Geen hindernis
838,107,leuven totem,Leuven,50.8870744,4.7087919,1.7537917374877843,50.87238969262527,4.699670390405159,2017,3,9,24062,Leuven,Normaal,Droog,Dag,met lichtgewonden,9,personenauto,3,Fiets,Buiten Kruispunt,Gemeenteweg,binnen bebouwde kom,Tussen 2 bestuurders: Frontale botsing,Geen hindernis
839,151,Leuven,District Leuven,50.8690262,4.6854839,0.9007672967569016,50.87706619026788,4.6839139953329205,2017,3,7,24062,Leuven,Onbekend,Onbekend,Dag,met lichtgewonden,3,Fiets,3,Fiets,Op Kruispunt,Gewestweg,binnen bebouwde kom,Tussen 2 bestuurders: Frontale botsing,Geen hindernis
839,77,Leuven teller 2,Leuven,50.88672,4.70796,1.9995284948679908,50.87706619026788,4.6839139953329205,2017,3,7,24062,Leuven,Onbekend,Onbekend,Dag,met lichtgewonden,3,Fiets,3,Fiets,Op Kruispunt,Gewestweg,binnen bebouwde kom,Tussen 2 bestuurders: Frontale botsing,Geen hindernis
839,107,leuven totem,Leuven,50.8870744,4.7087919,2.06991852207908,50.87706619026788,4.6839139953329205,2017,3,7,24062,Leuven,Onbekend,Onbekend,Dag,met lichtgewonden,3,Fiets,3,Fiets,Op Kruispunt,Gewestweg,binnen bebouwde kom,Tussen 2 bestuurders: Frontale botsing,Geen hindernis
839,69,Leuven teller 1,Leuven,50.87549,4.71526,2.206323034875898,50.87706619026788,4.6839139953329205,2017,3,7,24062,Leuven,Onbekend,Onbekend,Dag,met lichtgewonden,3,Fiets,3,Fiets,Op Kruispunt,Gewestweg,binnen bebouwde kom,Tussen 2 bestuurders: Frontale botsing,Geen hindernis
840,107,leuven totem,Leuven,50.8870744,4.7087919,1.5396474141022551,50.888820776457564,4.730565773543372,2017,3,7,24062,Leuven,Normaal,Droog,Dag,met lichtgewonden,3,Fiets,9,personenauto,Buiten Kruispunt,Gemeenteweg,binnen bebouwde kom,Tss. 2 best.: langs opzij (voor-/achterkant-flank),Geen hindernis
840,77,Leuven teller 2,Leuven,50.88672,4.70796,1.60282635127551,50.888820776457564,4.730565773543372,2017,3,7,24062,Leuven,Normaal,Droog,Dag,met lichtgewonden,3,Fiets,9,personenauto,Buiten Kruispunt,Gemeenteweg,binnen bebouwde kom,Tss. 2 best.: langs opzij (voor-/achterkant-flank),Geen hindernis
840,69,Leuven teller 1,Leuven,50.87549,4.71526,1.8303680203582293,50.888820776457564,4.730565773543372,2017,3,7,24062,Leuven,Normaal,Droog,Dag,met lichtgewonden,3,Fiets,9,personenauto,Buiten Kruispunt,Gemeenteweg,binnen bebouwde kom,Tss. 2 best.: langs opzij (voor-/achterkant-flank),Geen hindernis
841,69,Leuven teller 1,Leuven,50.87549,4.71526,0.4486710708710421,50.871867017248356,4.718074887514825,2017,3,8,24062,Leuven,Normaal,Droog,Dag,met lichtgewonden,3,Fiets,3,Fiets,Buiten Kruispunt,Gemeenteweg,binnen bebouwde kom,Tussen 2 bestuurders: Frontale botsing,Geen hindernis
841,77,Leuven teller 2,Leuven,50.88672,4.70796,1.7975844667902037,50.871867017248356,4.718074887514825,2017,3,8,24062,Leuven,Normaal,Droog,Dag,met lichtgewonden,3,Fiets,3,Fiets,Buiten Kruispunt,Gemeenteweg,binnen bebouwde kom,Tussen 2 bestuurders: Frontale botsing,Geen hindernis
841,107,leuven totem,Leuven,50.8870744,4.7087919,1.812069783609929,50.871867017248356,4.718074887514825,2017,3,8,24062,Leuven,Normaal,Droog,Dag,met lichtgewonden,3,Fiets,3,Fiets,Buiten Kruispunt,Gemeenteweg,binnen bebouwde kom,Tussen 2 bestuurders: Frontale botsing,Geen hindernis
841,151,Leuven,District Leuven,50.8690262,4.6854839,2.308701741113483,50.871867017248356,4.718074887514825,2017,3,8,24062,Leuven,Normaal,Droog,Dag,met lichtgewonden,3,Fiets,3,Fiets,Buiten Kruispunt,Gemeenteweg,binnen bebouwde kom,Tussen 2 bestuurders: Frontale botsing,Geen hindernis
842,107,leuven totem,Leuven,50.8870744,4.7087919,1.089798567352481,50.8840968107446,4.723592917618343,2017,3,16,24062,Leuven,Normaal,Proper,Dag,met lichtgewonden,9,personenauto,3,Fiets,Buiten Kruispunt,Gewestweg,binnen bebouwde kom,Tussen 2 bestuurders: Langs achteren,Geen hindernis
842,69,Leuven teller 1,Leuven,50.87549,4.71526,1.1214716617137872,50.8840968107446,4.723592917618343,2017,3,16,24062,Leuven,Normaal,Proper,Dag,met lichtgewonden,9,personenauto,3,Fiets,Buiten Kruispunt,Gewestweg,binnen bebouwde kom,Tussen 2 bestuurders: Langs achteren,Geen hindernis
842,77,Leuven teller 2,Leuven,50.88672,4.70796,1.1347762471122504,50.8840968107446,4.723592917618343,2017,3,16,24062,Leuven,Normaal,Proper,Dag,met lichtgewonden,9,personenauto,3,Fiets,Buiten Kruispunt,Gewestweg,binnen bebouwde kom,Tussen 2 bestuurders: Langs achteren,Geen hindernis
843,151,Leuven,District Leuven,50.8690262,4.6854839,0.7047741481305007,50.86963457671503,4.695480746079956,2017,3,20,24062,Leuven,Normaal,Droog,Dageraad - schemering,met lichtgewonden,5,Lichte vrachtauto,3,Fiets,Buiten Kruispunt,Gewestweg,binnen bebouwde kom,Tussen 2 bestuurders: Frontale botsing,Geen hindernis
843,69,Leuven teller 1,Leuven,50.87549,4.71526,1.5330287292566587,50.86963457671503,4.695480746079956,2017,3,20,24062,Leuven,Normaal,Droog,Dageraad - schemering,met lichtgewonden,5,Lichte vrachtauto,3,Fiets,Buiten Kruispunt,Gewestweg,binnen bebouwde kom,Tussen 2 bestuurders: Frontale botsing,Geen hindernis
843,77,Leuven teller 2,Leuven,50.88672,4.70796,2.091861112873457,50.86963457671503,4.695480746079956,2017,3,20,24062,Leuven,Normaal,Droog,Dageraad - schemering,met lichtgewonden,5,Lichte vrachtauto,3,Fiets,Buiten Kruispunt,Gewestweg,binnen bebouwde kom,Tussen 2 bestuurders: Frontale botsing,Geen hindernis
843,107,leuven totem,Leuven,50.8870744,4.7087919,2.152388476666822,50.86963457671503,4.695480746079956,2017,3,20,24062,Leuven,Normaal,Droog,Dageraad - schemering,met lichtgewonden,5,Lichte vrachtauto,3,Fiets,Buiten Kruispunt,Gewestweg,binnen bebouwde kom,Tussen 2 bestuurders: Frontale botsing,Geen hindernis
843,108,Heverlee teller 1,Leuven,50.8471728,4.6954674,2.4976357898077075,50.86963457671503,4.695480746079956,2017,3,20,24062,Leuven,Normaal,Droog,Dageraad - schemering,met lichtgewonden,5,Lichte vrachtauto,3,Fiets,Buiten Kruispunt,Gewestweg,binnen bebouwde kom,Tussen 2 bestuurders: Frontale botsing,Geen hindernis
844,151,Leuven,District Leuven,50.8690262,4.6854839,0.9321953130622587,50.872523941786554,4.67341092939501,2017,3,8,24062,Leuven,Normaal,Droog,Dag,met lichtgewonden,3,Fiets,9,personenauto,Op Kruispunt,Gemeenteweg,binnen bebouwde kom,Tss. 2 best.: langs opzij (voor-/achterkant-flank),Geen hindernis
845,77,Leuven teller 2,Leuven,50.88672,4.70796,0.4952169586842211,50.88330457347213,4.703429481468307,2017,3,5,24062,Leuven,Onbekend,Onbekend,"Nacht, openbare verlichting aanwezig en ontstoken",met lichtgewonden,3,Fiets,5,Lichte vrachtauto,Op Kruispunt,Gemeenteweg,binnen bebouwde kom,Tss. 2 best.: langs opzij (voor-/achterkant-flank),Geen hindernis
845,107,leuven totem,Leuven,50.8870744,4.7087919,0.5632265971793466,50.88330457347213,4.703429481468307,2017,3,5,24062,Leuven,Onbekend,Onbekend,"Nacht, openbare verlichting aanwezig en ontstoken",met lichtgewonden,3,Fiets,5,Lichte vrachtauto,Op Kruispunt,Gemeenteweg,binnen bebouwde kom,Tss. 2 best.: langs opzij (voor-/achterkant-flank),Geen hindernis
845,69,Leuven teller 1,Leuven,50.87549,4.71526,1.2016599491789555,50.88330457347213,4.703429481468307,2017,3,5,24062,Leuven,Onbekend,Onbekend,"Nacht, openbare verlichting aanwezig en ontstoken",met lichtgewonden,3,Fiets,5,Lichte vrachtauto,Op Kruispunt,Gemeenteweg,binnen bebouwde kom,Tss. 2 best.: langs opzij (voor-/achterkant-flank),Geen hindernis
845,151,Leuven,District Leuven,50.8690262,4.6854839,2.0263629888762336,50.88330457347213,4.703429481468307,2017,3,5,24062,Leuven,Onbekend,Onbekend,"Nacht, openbare verlichting aanwezig en ontstoken",met lichtgewonden,3,Fiets,5,Lichte vrachtauto,Op Kruispunt,Gemeenteweg,binnen bebouwde kom,Tss. 2 best.: langs opzij (voor-/achterkant-flank),Geen hindernis
854,151,Leuven,District Leuven,50.8690262,4.6854839,1.5630472231791874,50.88002319169591,4.67160861618085,2017,3,11,24062,Leuven,Onbekend,Onbekend,Dag,met lichtgewonden,3,Fiets,3,Fiets,Buiten Kruispunt,Gemeenteweg,onbekend,Tussen 2 bestuurders: Frontale botsing,Geen hindernis
854,73,Herent teller 2,Herent,50.89128,4.64685,2.1408521085562207,50.88002319169591,4.67160861618085,2017,3,11,24062,Leuven,Onbekend,Onbekend,Dag,met lichtgewonden,3,Fiets,3,Fiets,Buiten Kruispunt,Gemeenteweg,onbekend,Tussen 2 bestuurders: Frontale botsing,Geen hindernis