crash_row_id,site_id,site_name,site_gemeente,site_lat,site_long,distance_km,crash_lat,crash_long,DT_YEAR_COLLISION,DT_MONTH_COLLISION,DT_TIME,CD_NIS,TX_MUNTY_COLLISION_NL,TX_WEATHER_NL,TX_ROAD_CONDITION_NL,TX_LIGHT_CONDITION_NL,TX_CLASS_ACCIDENTS_NL,CD_ROAD_USR_TYPE1,TX_ROAD_USR_TYPE1_NL,CD_ROAD_USR_TYPE2,TX_ROAD_USR_TYPE2_NL,TX_CROSSWAY_NL,CD_ROAD_TYPE_NL,TX_BUILD_UP_AREA_NL,TX_COLLISION_TYPE_NL,TX_OBSTACLES_NL
854,72,Herent teller 1,Herent,50.89135,4.64689,2.143140306564356,50.88002319169591,4.67160861618085,2017,3,11,24062,Leuven,Onbekend,Onbekend,Dag,met lichtgewonden,3,Fiets,3,Fiets,Buiten Kruispunt,Gemeenteweg,onbekend,Tussen 2 bestuurders: Frontale botsing,Geen hindernis
855,73,Herent teller 2,Herent,50.89128,4.64685,0.5923880294447134,50.893046550768496,4.638882017733279,2017,3,16,24038,Herent,Normaal,Droog,Dag,met lichtgewonden,9,personenauto,3,Fiets,Op Kruispunt,Gewestweg,buiten bebouwde kom,Tss. 2 best.: langs opzij (voor-/achterkant-flank),Geen hindernis
855,72,Herent teller 1,Herent,50.89135,4.64689,0.5925112548543344,50.893046550768496,4.638882017733279,2017,3,16,24038,Herent,Normaal,Droog,Dag,met lichtgewonden,9,personenauto,3,Fiets,Op Kruispunt,Gewestweg,buiten bebouwde kom,Tss. 2 best.: langs opzij (voor-/achterkant-flank),Geen hindernis
856,87,Aarschot,Aarschot,50.99084,4.81259,1.6530813542912997,51.00208589186875,4.828039356603469,2017,3,7,24001,Aarschot,Normaal,Droog,Dag,met lichtgewonden,3,Fiets,3,Fiets,Op Kruispunt,Gewestweg,buiten bebouwde kom,Tussen 2 bestuurders: Frontale botsing,Geen hindernis
857,87,Aarschot,Aarschot,50.99084,4.81259,1.3089670340533126,50.985587757749975,4.829326297492966,2017,3,14,24001,Aarschot,Normaal,Droog,Dag,met lichtgewonden,9,personenauto,3,Fiets,Op Kruispunt,Gemeenteweg,binnen bebouwde kom,Tss. 2 best.: langs opzij (voor-/achterkant-flank),Geen hindernis
858,87,Aarschot,Aarschot,50.99084,4.81259,1.0884641037556382,50.98464202939805,4.824626236237487,2017,3,17,24001,Aarschot,"Andere (dikke rook,...)",Droog,Dag,met lichtgewonden,3,Fiets,9,personenauto,Buiten Kruispunt,Gemeenteweg,binnen bebouwde kom,Tss. 2 best.: langs opzij (voor-/achterkant-flank),Geen hindernis
860,77,Leuven teller 2,Leuven,50.88672,4.70796,2.3134594565616853,50.898985525970375,4.6813173515537,2017,3,22,24038,Herent,Normaal,Proper,"Nacht, openbare verlichting aanwezig en ontstoken",met lichtgewonden,9,personenauto,3,Fiets,Op Kruispunt,Gewestweg,buiten bebouwde kom,Tss. 2 best.: langs opzij (voor-/achterkant-flank),Geen hindernis
860,107,leuven totem,Leuven,50.8870744,4.7087919,2.3382899858323745,50.898985525970375,4.6813173515537,2017,3,22,24038,Herent,Normaal,Proper,"Nacht, openbare verlichting aanwezig en ontstoken",met lichtgewonden,9,personenauto,3,Fiets,Op Kruispunt,Gewestweg,buiten bebouwde kom,Tss. 2 best.: langs opzij (voor-/achterkant-flank),Geen hindernis
861,72,Herent teller 1,Herent,50.89135,4.64689,2.1476193088974367,50.903541690545076,4.623139371823335,2017,3,13,24038,Herent,Normaal,Droog,Dag,met zwaargewonden,3,Fiets,11,een weggebruiker tegen een hindernis,Buiten Kruispunt,Gemeenteweg,binnen bebouwde kom,Weggebruiker tegen hindernis op de rijbaan,Op de rijbaan: Lading
861,73,Herent teller 2,Herent,50.89128,4.64685,2.1503720211718917,50.903541690545076,4.623139371823335,2017,3,13,24038,Herent,Normaal,Droog,Dag,met zwaargewonden,3,Fiets,11,een weggebruiker tegen een hindernis,Buiten Kruispunt,Gemeenteweg,binnen bebouwde kom,Weggebruiker tegen hindernis op de rijbaan,Op de rijbaan: Lading
863,101,Diest teller 1,Diest,50.97799,5.04481,0.0350949406238372,50.978280315801484,5.045006653137968,2017,3,12,24020,Diest,Normaal,Droog,Dag,met lichtgewonden,9,personenauto,3,Fiets,Op Kruispunt,Gewestweg,binnen bebouwde kom,Tss. 2 best.: langs opzij (voor-/achterkant-flank),Geen hindernis
863,102,Diest teller 2,Diest,50.9779,5.04474,0.046226472584104075,50.978280315801484,5.045006653137968,2017,3,12,24020,Diest,Normaal,Droog,Dag,met lichtgewonden,9,personenauto,3,Fiets,Op Kruispunt,Gewestweg,binnen bebouwde kom,Tss. 2 best.: langs opzij (voor-/achterkant-flank),Geen hindernis
864,101,Diest teller 1,Diest,50.97799,5.04481,0.0350949406238372,50.978280315801484,5.045006653137968,2017,3,8,24020,Diest,Normaal,Droog,Dag,met lichtgewonden,3,Fiets,9,personenauto,Op Kruispunt,Gewestweg,binnen bebouwde kom,Tss. 2 best.: langs opzij (voor-/achterkant-flank),Geen hindernis
864,102,Diest teller 2,Diest,50.9779,5.04474,0.046226472584104075,50.978280315801484,5.045006653137968,2017,3,8,24020,Diest,Normaal,Droog,Dag,met lichtgewonden,3,Fiets,9,personenauto,Op Kruispunt,Gewestweg,binnen bebouwde kom,Tss. 2 best.: langs opzij (voor-/achterkant-flank),Geen hindernis
865,101,Diest teller 1,Diest,50.97799,5.04481,2.219331331288605,50.99611859828183,5.031546355296073,2017,3,13,24020,Diest,Normaal,Droog,Dag,met lichtgewonden,3,Fiets,9,personenauto,Buiten Kruispunt,Gemeenteweg,binnen bebouwde kom,Tss. 2 best.: langs opzij (voor-/achterkant-flank),Geen hindernis
865,102,Diest teller 2,Diest,50.9779,5.04474,2.2263885393605083,50.99611859828183,5.031546355296073,2017,3,13,24020,Diest,Normaal,Droog,Dag,met lichtgewonden,3,Fiets,9,personenauto,Buiten Kruispunt,Gemeenteweg,binnen bebouwde kom,Tss. 2 best.: langs opzij (voor-/achterkant-flank),Geen hindernis
867,101,Diest teller 1,Diest,50.97799,5.04481,0.527489825396845,50.97935502681633,5.052025892533715,2017,3,15,24020,Diest,Normaal,Droog,Dag,met lichtgewonden,9,personenauto,3,Fiets,Buiten Kruispunt,Gewestweg,binnen bebouwde kom,Tss. 2 best.: langs opzij (voor-/achterkant-flank),Geen hindernis
867,102,Diest teller 2,Diest,50.9779,5.04474,0.5351257702152082,50.97935502681633,5.052025892533715,2017,3,15,24020,Diest,Normaal,Droog,Dag,met lichtgewonden,9,personenauto,3,Fiets,Buiten Kruispunt,Gewestweg,binnen bebouwde kom,Tss. 2 best.: langs opzij (voor-/achterkant-flank),Geen hindernis
868,102,Diest teller 2,Diest,50.9779,5.04474,0.49385684221344817,50.97541161900839,5.050582749264745,2017,3,19,24020,Diest,Normaal,"Nat, plassen",Dag,met lichtgewonden,3,Fiets,9,personenauto,Buiten Kruispunt,Gemeenteweg,binnen bebouwde kom,Tussen 2 bestuurders: Langs achteren,Geen hindernis
868,101,Diest teller 1,Diest,50.97799,5.04481,0.49552695622928633,50.97541161900839,5.050582749264745,2017,3,19,24020,Diest,Normaal,"Nat, plassen",Dag,met lichtgewonden,3,Fiets,9,personenauto,Buiten Kruispunt,Gemeenteweg,binnen bebouwde kom,Tussen 2 bestuurders: Langs achteren,Geen hindernis
870,148,Hoeilaart,District Leuven,50.76699493,4.44471001,1.768077336473031,50.76675501235576,4.469847502493238,2017,3,18,23033,Hoeilaart,Normaal,Droog,Dag,met lichtgewonden,9,personenauto,3,Fiets,Op Kruispunt,Gemeenteweg,binnen bebouwde kom,Tss. 2 best.: langs opzij (voor-/achterkant-flank),Geen hindernis
870,147,Overijse,District Vilvoorde-gewestwegen,50.7797555,4.4975769,2.42730570265104,50.76675501235576,4.469847502493238,2017,3,18,23033,Hoeilaart,Normaal,Droog,Dag,met lichtgewonden,9,personenauto,3,Fiets,Op Kruispunt,Gemeenteweg,binnen bebouwde kom,Tss. 2 best.: langs opzij (voor-/achterkant-flank),Geen hindernis
877,80,Wemmel teller 1,Wemmel,50.91418,4.29571,2.3414231049874554,50.89534899764333,4.310652178988474,2017,3,5,23102,Wemmel,Normaal,Droog,"Nacht, geen openbare verlichting aanwezig",met lichtgewonden,9,personenauto,3,Fiets,Buiten Kruispunt,Gewestweg,buiten bebouwde kom,Tussen 2 bestuurders: Langs achteren,Geen hindernis
877,81,Wemmel teller 2,Wemmel,50.91439,4.29568,2.3632614430224357,50.89534899764333,4.310652178988474,2017,3,5,23102,Wemmel,Normaal,Droog,"Nacht, geen openbare verlichting aanwezig",met lichtgewonden,9,personenauto,3,Fiets,Buiten Kruispunt,Gewestweg,buiten bebouwde kom,Tussen 2 bestuurders: Langs achteren,Geen hindernis
880,1,Machelen,Machelen,50.91618331151478,4.456121776137429,2.416048502692447,50.934081396715214,4.436577645023659,2017,3,8,23088,Vilvoorde,Normaal,Droog,Dag,met lichtgewonden,3,Fiets,9,personenauto,Op Kruispunt,Gemeenteweg,binnen bebouwde kom,Tss. 2 best.: langs opzij (voor-/achterkant-flank),Geen hindernis
881,47,Vilvoorde,Vilvoorde,50.91372,4.41497,1.7555359287848937,50.92523570881264,4.432102145362442,2017,3,19,23088,Vilvoorde,Normaal,Droog,"Nacht, openbare verlichting aanwezig en ontstoken",met lichtgewonden,9,personenauto,3,Fiets,Buiten Kruispunt,Gemeenteweg,binnen bebouwde kom,Tussen 2 bestuurders: Langs achteren,Geen hindernis
881,1,Machelen,Machelen,50.91618331151478,4.456121776137429,1.9616432177238028,50.92523570881264,4.432102145362442,2017,3,19,23088,Vilvoorde,Normaal,Droog,"Nacht, openbare verlichting aanwezig en ontstoken",met lichtgewonden,9,personenauto,3,Fiets,Buiten Kruispunt,Gemeenteweg,binnen bebouwde kom,Tussen 2 bestuurders: Langs achteren,Geen hindernis
882,47,Vilvoorde,Vilvoorde,50.91372,4.41497,1.7330999604699848,50.92484407869958,4.432287307278154,2017,3,18,23088,Vilvoorde,Normaal,Droog,Dag,met lichtgewonden,9,personenauto,3,Fiets,Op Kruispunt,Gewestweg,binnen bebouwde kom,Tss. 2 best.: langs opzij (voor-/achterkant-flank),Geen hindernis
882,1,Machelen,Machelen,50.91618331151478,4.456121776137429,1.9284082707307852,50.92484407869958,4.432287307278154,2017,3,18,23088,Vilvoorde,Normaal,Droog,Dag,met lichtgewonden,9,personenauto,3,Fiets,Op Kruispunt,Gewestweg,binnen bebouwde kom,Tss. 2 best.: langs opzij (voor-/achterkant-flank),Geen hindernis
883,111,Zaventem totem,Zaventem,50.8871216,4.4597084,0.8549544797479235,50.8947604349283,4.458321203024442,2017,3,14,23047,Machelen,Normaal,Proper,Dag,met lichtgewonden,3,Fiets,9,personenauto,Op Kruispunt,Gemeenteweg,binnen bebouwde kom,Tussen 2 bestuurders: Frontale botsing,Geen hindernis
883,149,Machelen,,50.88297881,4.43356644,2.175175537832119,50.8947604349283,4.458321203024442,2017,3,14,23047,Machelen,Normaal,Proper,Dag,met lichtgewonden,3,Fiets,9,personenauto,Op Kruispunt,Gemeenteweg,binnen bebouwde kom,Tussen 2 bestuurders: Frontale botsing,Geen hindernis
883,1,Machelen,Machelen,50.91618331151478,4.456121776137429,2.38710233682702,50.8947604349283,4.458321203024442,2017,3,14,23047,Machelen,Normaal,Proper,Dag,met lichtgewonden,3,Fiets,9,personenauto,Op Kruispunt,Gemeenteweg,binnen bebouwde kom,Tussen 2 bestuurders: Frontale botsing,Geen hindernis
884,109,Zemst,Zemst,50.9903936,4.4707023,2.193598896212148,50.98513697717273,4.500908312277127,2017,3,16,23096,Zemst,Normaal,Droog,Dag,met zwaargewonden,9,personenauto,3,Fiets,Buiten Kruispunt,Gewestweg,buiten bebouwde kom,Tss. 2 best.: langs opzij (voor-/achterkant-flank),Geen hindernis
885,109,Zemst,Zemst,50.9903936,4.4707023,0.6242224310854205,50.985533687869584,4.466238454851928,2017,3,18,23096,Zemst,Normaal,Droog,"Nacht, openbare verlichting aanwezig en ontstoken",met lichtgewonden,3,Fiets,9,personenauto,Buiten Kruispunt,Gewestweg,binnen bebouwde kom,Tss. 2 best.: langs opzij (voor-/achterkant-flank),Geen hindernis
886,119,Gent teller 2,Gent,51.0281795,3.7683918,1.4965863519167335,51.03916085589386,3.756017267846497,2017,3,14,44021,Gent,Normaal,Droog,Dag,met lichtgewonden,9,personenauto,3,Fiets,Buiten Kruispunt,Gemeenteweg,binnen bebouwde kom,Tussen 2 bestuurders: Langs achteren,Geen hindernis
886,118,Gent teller 1,Gent,51.028049,3.7681359,1.4982567742916284,51.03916085589386,3.756017267846497,2017,3,14,44021,Gent,Normaal,Droog,Dag,met lichtgewonden,9,personenauto,3,Fiets,Buiten Kruispunt,Gemeenteweg,binnen bebouwde kom,Tussen 2 bestuurders: Langs achteren,Geen hindernis
888,13,Gent,Gent,51.03018,3.70146,1.990802945970951,51.047650498314404,3.707685751171179,2017,3,15,44021,Gent,Normaal,Droog,Dag,met lichtgewonden,9,personenauto,3,Fiets,Buiten Kruispunt,Gemeenteweg,binnen bebouwde kom,Tussen 2 bestuurders: Frontale botsing,Geen hindernis
889,136,Gent R4,Gent,51.0876313,3.7587918,2.3572686037584716,51.071003057956,3.737860759308079,2017,3,9,44021,Gent,Normaal,"Nat, plassen",Dag,met lichtgewonden,9,personenauto,3,Fiets,Buiten Kruispunt,Gewestweg,buiten bebouwde kom,Tss. 2 best.: langs opzij (voor-/achterkant-flank),Geen hindernis
890,13,Gent,Gent,51.03018,3.70146,2.3881623118410817,51.038344984367114,3.7330486299987857,2017,3,13,44021,Gent,Normaal,Droog,Dag,met lichtgewonden,5,Lichte vrachtauto,3,Fiets,Op Kruispunt,Gewestweg,binnen bebouwde kom,Tss. 2 best.: langs opzij (voor-/achterkant-flank),Geen hindernis
892,13,Gent,Gent,51.03018,3.70146,2.4401805554869087,51.05071201276465,3.713781524425578,2017,3,11,44021,Gent,Normaal,Droog,Dag,met lichtgewonden,9,personenauto,3,Fiets,Op Kruispunt,Gemeenteweg,binnen bebouwde kom,Tss. 2 best.: langs opzij (voor-/achterkant-flank),Geen hindernis
893,13,Gent,Gent,51.03018,3.70146,1.1169747260792373,51.036976342846,3.713222470320407,2017,3,13,44021,Gent,Normaal,Droog,Dag,met lichtgewonden,8,Voetganger,3,Fiets,Buiten Kruispunt,Gemeenteweg,binnen bebouwde kom,Met een voetganger,Geen hindernis
894,13,Gent,Gent,51.03018,3.70146,1.4929145535438848,51.02420291913985,3.720574765805058,2017,3,6,44021,Gent,Normaal,Droog,"Nacht, openbare verlichting aanwezig en ontstoken",met zwaargewonden,5,Lichte vrachtauto,3,Fiets,Op Kruispunt,Gemeenteweg,binnen bebouwde kom,Tss. 2 best.: langs opzij (voor-/achterkant-flank),Geen hindernis
895,13,Gent,Gent,51.03018,3.70146,2.0040648263236136,51.04810279281437,3.7044781594754093,2017,3,8,44021,Gent,Normaal,Droog,Dag,met lichtgewonden,3,Fiets,9,personenauto,Op Kruispunt,Gemeenteweg,binnen bebouwde kom,Tss. 2 best.: langs opzij (voor-/achterkant-flank),Geen hindernis
896,118,Gent teller 1,Gent,51.028049,3.7681359,1.1356062186191376,51.0344351890631,3.7554633087876925,2017,3,6,44021,Gent,Normaal,Droog,Dageraad - schemering,met lichtgewonden,3,Fiets,3,Fiets,Buiten Kruispunt,Gewestweg,binnen bebouwde kom,Tussen 2 bestuurders: Frontale botsing,Geen hindernis
896,119,Gent teller 2,Gent,51.0281795,3.7683918,1.1407183483215626,51.0344351890631,3.7554633087876925,2017,3,6,44021,Gent,Normaal,Droog,Dageraad - schemering,met lichtgewonden,3,Fiets,3,Fiets,Buiten Kruispunt,Gewestweg,binnen bebouwde kom,Tussen 2 bestuurders: Frontale botsing,Geen hindernis
897,13,Gent,Gent,51.03018,3.70146,2.09371887183099,51.03974096340413,3.7272552776493937,2017,3,19,44021,Gent,Normaal,Droog+Proper,"Nacht, openbare verlichting aanwezig en ontstoken",met lichtgewonden,3,Fiets,9,personenauto,Op Kruispunt,Gemeenteweg,binnen bebouwde kom,Tss. 2 best.: langs opzij (voor-/achterkant-flank),Geen hindernis
899,13,Gent,Gent,51.03018,3.70146,2.2524321148353197,51.044960126365254,3.7234888978099585,2017,3,20,44021,Gent,Normaal,Droog,"Nacht, openbare verlichting aanwezig en ontstoken",met lichtgewonden,9,personenauto,3,Fiets,Op Kruispunt,Gemeenteweg,binnen bebouwde kom,Tss. 2 best.: langs opzij (voor-/achterkant-flank),Geen hindernis
901,119,Gent teller 2,Gent,51.0281795,3.7683918,1.646785496667924,51.04062807524823,3.755633910156644,2017,3,11,44021,Gent,Normaal,Droog,Dag,met lichtgewonden,8,Voetganger,3,Fiets,Buiten Kruispunt,Gemeenteweg,binnen bebouwde kom,Met een voetganger,Geen hindernis
901,118,Gent teller 1,Gent,51.028049,3.7681359,1.6494489156370578,51.04062807524823,3.755633910156644,2017,3,11,44021,Gent,Normaal,Droog,Dag,met lichtgewonden,8,Voetganger,3,Fiets,Buiten Kruispunt,Gemeenteweg,binnen bebouwde kom,Met een voetganger,Geen hindernis
903,13,Gent,Gent,51.03018,3.70146,1.7891219350032959,51.042613283275536,3.717700965857808,2017,3,9,44021,Gent,Normaal,Droog,Dag,met lichtgewonden,3,Fiets,9,personenauto,Op Kruispunt,Gewestweg,binnen bebouwde kom,Tss. 2 best.: langs opzij (voor-/achterkant-flank),Geen hindernis
905,13,Gent,Gent,51.03018,3.70146,2.38142195073865,51.04738279333977,3.7217477507213896,2017,3,19,44021,Gent,Normaal,"Nat, plassen","Nacht, openbare verlichting aanwezig en ontstoken",met zwaargewonden,9,personenauto,3,Fiets,Op Kruispunt,Gemeenteweg,binnen bebouwde kom,Tussen 2 bestuurders: Langs achteren,Geen hindernis
906,13,Gent,Gent,51.03018,3.70146,1.647652738440385,51.02832071694264,3.7248342005540698,2017,3,12,44021,Gent,Normaal,Droog,Dag,met lichtgewonden,3,Fiets,9,personenauto,Buiten Kruispunt,Gemeenteweg,binnen bebouwde kom,Tss. 2 best.: langs opzij (voor-/achterkant-flank),Geen hindernis
907,136,Gent R4,Gent,51.0876313,3.7587918,0.9248811190771858,51.07942015589129,3.7566796227549917,2017,3,7,44021,Gent,Normaal,Droog,Dag,met lichtgewonden,9,personenauto,3,Fiets,Buiten Kruispunt,Gemeenteweg,binnen bebouwde kom,Tussen 2 bestuurders: Langs achteren,Geen hindernis
908,13,Gent,Gent,51.03018,3.70146,1.2495254102970332,51.036463842143405,3.716274023578486,2017,3,18,44021,Gent,Normaal,Droog,Dag,met lichtgewonden,3,Fiets,9,personenauto,Op Kruispunt,Gewestweg,binnen bebouwde kom,Tss. 2 best.: langs opzij (voor-/achterkant-flank),Geen hindernis
909,13,Gent,Gent,51.03018,3.70146,1.3496327040738265,51.02103633405876,3.688769382109531,2017,3,7,44021,Gent,Normaal,Droog,Dag,met lichtgewonden,3,Fiets,9,personenauto,Op Kruispunt,Gewestweg,buiten bebouwde kom,Tss. 2 best.: langs opzij (voor-/achterkant-flank),Geen hindernis
912,13,Gent,Gent,51.03018,3.70146,1.4197568070754087,51.039010590689806,3.716124995386567,2017,3,20,44021,Gent,Normaal,Droog,"Nacht, openbare verlichting aanwezig en ontstoken",met lichtgewonden,3,Fiets,11,een weggebruiker tegen een hindernis,Buiten Kruispunt,Gewestweg,binnen bebouwde kom,Weggebruiker tegen hindernis buiten rijbaan,Andere hindernis
913,13,Gent,Gent,51.03018,3.70146,2.2674108014065144,51.04348475259729,3.726034269762835,2017,3,22,44021,Gent,Normaal,Droog+Proper,"Nacht, openbare verlichting aanwezig en ontstoken",met lichtgewonden,3,Fiets,8,Voetganger,Op Kruispunt,Gemeenteweg,binnen bebouwde kom,Met een voetganger,Geen hindernis
914,13,Gent,Gent,51.03018,3.70146,1.4528761314226784,51.02499086510154,3.7205258821746705,2017,3,17,44021,Gent,Normaal,Droog,Dag,met lichtgewonden,9,personenauto,3,Fiets,Buiten Kruispunt,Gemeenteweg,binnen bebouwde kom,Tss. 2 best.: langs opzij (voor-/achterkant-flank),Geen hindernis
915,7,Evergem 1,Evergem,51.1089,3.70317,1.0259949031931603,51.10190440530139,3.712752202974606,2017,3,8,44021,Gent,Onbekend,Onbekend,Onbekend,met lichtgewonden,3,Fiets,7,Motorfiets,Op Kruispunt,Gewestweg,buiten bebouwde kom,Tss. 2 best.: langs opzij (voor-/achterkant-flank),Geen hindernis
915,6,Evergem 2,Evergem,51.10894,3.70298,1.0380414388567445,51.10190440530139,3.712752202974606,2017,3,8,44021,Gent,Onbekend,Onbekend,Onbekend,met lichtgewonden,3,Fiets,7,Motorfiets,Op Kruispunt,Gewestweg,buiten bebouwde kom,Tss. 2 best.: langs opzij (voor-/achterkant-flank),Geen hindernis
916,7,Evergem 1,Evergem,51.1089,3.70317,1.6107691262175021,51.0963714116779,3.714750580049366,2017,3,7,44021,Gent,Normaal,Droog,Dag,met lichtgewonden,3,Fiets,9,personenauto,Op Kruispunt,Gewestweg,binnen bebouwde kom,Tss. 2 best.: langs opzij (voor-/achterkant-flank),Geen hindernis
916,6,Evergem 2,Evergem,51.10894,3.70298,1.6213015371944177,51.0963714116779,3.714750580049366,2017,3,7,44021,Gent,Normaal,Droog,Dag,met lichtgewonden,3,Fiets,9,personenauto,Op Kruispunt,Gewestweg,binnen bebouwde kom,Tss. 2 best.: langs opzij (voor-/achterkant-flank),Geen hindernis
918,13,Gent,Gent,51.03018,3.70146,2.116283318604583,51.041789895587655,3.7254424536283133,2017,3,14,44021,Gent,Normaal,Droog,Dag,met lichtgewonden,9,personenauto,3,Fiets,Buiten Kruispunt,Gemeenteweg,binnen bebouwde kom,Tussen 2 bestuurders: Frontale botsing,Geen hindernis
919,7,Evergem 1,Evergem,51.1089,3.70317,1.6466652907990098,51.09759237330172,3.718398645051639,2017,3,17,44021,Gent,Normaal,Droog,Dag,met lichtgewonden,3,Fiets,9,personenauto,Op Kruispunt,Gewestweg,buiten bebouwde kom,Tussen 2 bestuurders: Frontale botsing,Geen hindernis
919,6,Evergem 2,Evergem,51.10894,3.70298,1.6586432582842516,51.09759237330172,3.718398645051639,2017,3,17,44021,Gent,Normaal,Droog,Dag,met lichtgewonden,3,Fiets,9,personenauto,Op Kruispunt,Gewestweg,buiten bebouwde kom,Tussen 2 bestuurders: Frontale botsing,Geen hindernis
920,136,Gent R4,Gent,51.0876313,3.7587918,0.8662349549122774,51.087951693650254,3.7711835991801013,2017,3,15,44021,Gent,Normaal,Droog,Dag,met lichtgewonden,3,Fiets,9,personenauto,Op Kruispunt,Gemeenteweg,buiten bebouwde kom,Tss. 2 best.: langs opzij (voor-/achterkant-flank),Geen hindernis
923,13,Gent,Gent,51.03018,3.70146,1.616761883908188,51.04440895610554,3.706216330557594,2017,3,16,44021,Gent,Normaal,Droog,Dag,met lichtgewonden,3,Fiets,3,Fiets,Buiten Kruispunt,Gemeenteweg,binnen bebouwde kom,Tussen 2 bestuurders: Frontale botsing,Geen hindernis
925,13,Gent,Gent,51.03018,3.70146,1.8484768763029287,51.03975939476071,3.723064943838558,2017,3,3,44021,Gent,Normaal,Droog,"Nacht, openbare verlichting aanwezig en ontstoken",met zwaargewonden,9,personenauto,3,Fiets,Op Kruispunt,Gewestweg,binnen bebouwde kom,Tss. 2 best.: langs opzij (voor-/achterkant-flank),Geen hindernis
926,13,Gent,Gent,51.03018,3.70146,1.9361947776280817,51.03822763308168,3.7260146324022845,2017,3,1,44021,Gent,Normaal,Droog,"Nacht, openbare verlichting aanwezig en ontstoken",met zwaargewonden,3,Fiets,9,personenauto,Buiten Kruispunt,Gewestweg,binnen bebouwde kom,Tussen 2 bestuurders: Frontale botsing,Geen hindernis
928,136,Gent R4,Gent,51.0876313,3.7587918,1.0248878293678694,51.07867760135195,3.755309616960128,2017,3,11,44021,Gent,Normaal,Onbekend,Dag,met lichtgewonden,3,Fiets,9,personenauto,Op Kruispunt,Gemeenteweg,binnen bebouwde kom,Tss. 2 best.: langs opzij (voor-/achterkant-flank),Geen hindernis
929,13,Gent,Gent,51.03018,3.70146,2.1236384861375517,51.049266581645306,3.7025256502105695,2017,3,17,44021,Gent,Normaal,Droog,Dag,met lichtgewonden,3,Fiets,3,Fiets,Op Kruispunt,Gemeenteweg,binnen bebouwde kom,Tss. 2 best.: langs opzij (voor-/achterkant-flank),Geen hindernis
930,118,Gent teller 1,Gent,51.028049,3.7681359,1.5038471038837455,51.03177608313198,3.7474642140877688,2017,3,20,44021,Gent,Regenval,"Nat, plassen","Nacht, openbare verlichting aanwezig en ontstoken",met lichtgewonden,9,personenauto,3,Fiets,Buiten Kruispunt,Gemeenteweg,binnen bebouwde kom,Tss. 2 best.: langs opzij (voor-/achterkant-flank),Geen hindernis
930,119,Gent teller 2,Gent,51.0281795,3.7683918,1.5171663212407913,51.03177608313198,3.7474642140877688,2017,3,20,44021,Gent,Regenval,"Nat, plassen","Nacht, openbare verlichting aanwezig en ontstoken",met lichtgewonden,9,personenauto,3,Fiets,Buiten Kruispunt,Gemeenteweg,binnen bebouwde kom,Tss. 2 best.: langs opzij (voor-/achterkant-flank),Geen hindernis
931,13,Gent,Gent,51.03018,3.70146,2.236464297398097,51.046566817597,3.7200066496857414,2017,3,5,44021,Gent,Normaal,Droog,Dag,met lichtgewonden,3,Fiets,9,personenauto,Op Kruispunt,Gemeenteweg,binnen bebouwde kom,Tussen 2 bestuurders: Frontale botsing,Geen hindernis
932,118,Gent teller 1,Gent,51.028049,3.7681359,1.0294535013463584,51.01955459114036,3.762282082650191,2017,3,19,44021,Gent,Normaal,Droog,"Nacht, openbare verlichting aanwezig en ontstoken",met lichtgewonden,3,Fiets,9,personenauto,Buiten Kruispunt,Gemeenteweg,binnen bebouwde kom,Tussen 2 bestuurders: Frontale botsing,Geen hindernis
932,119,Gent teller 2,Gent,51.0281795,3.7683918,1.0499394302100433,51.01955459114036,3.762282082650191,2017,3,19,44021,Gent,Normaal,Droog,"Nacht, openbare verlichting aanwezig en ontstoken",met lichtgewonden,3,Fiets,9,personenauto,Buiten Kruispunt,Gemeenteweg,binnen bebouwde kom,Tussen 2 bestuurders: Frontale botsing,Geen hindernis
941,116,Melle teller 2,Melle,50.9986113,3.8040599,0.6095333533879064,51.004016065799206,3.802605966411005,2017,3,16,44040,Melle,Normaal,Droog,Dag,met zwaargewonden,3,Fiets,10,"één bestuurder, geen hindernis",Buiten Kruispunt,Gemeenteweg,binnen bebouwde kom,"Eén bestuurder, geen hindernis (incl. val)",Geen hindernis
941,117,Melle teller 1,Melle,50.9986113,3.8040599,0.6095333533879064,51.004016065799206,3.802605966411005,2017,3,16,44040,Melle,Normaal,Droog,Dag,met zwaargewonden,3,Fiets,10,"één bestuurder, geen hindernis",Buiten Kruispunt,Gemeenteweg,binnen bebouwde kom,"Eén bestuurder, geen hindernis (incl. val)",Geen hindernis
942,119,Gent teller 2,Gent,51.0281795,3.7683918,0.9057278223450154,51.02183059596013,3.7765046786318375,2017,3,9,44040,Melle,Normaal,Droog,Dag,met lichtgewonden,3,Fiets,3,Fiets,Buiten Kruispunt,Gewestweg,binnen bebouwde kom,Tss. 2 best.: langs opzij (voor-/achterkant-flank),Geen hindernis
942,118,Gent teller 1,Gent,51.028049,3.7681359,0.9059231645919796,51.02183059596013,3.7765046786318375,2017,3,9,44040,Melle,Normaal,Droog,Dag,met lichtgewonden,3,Fiets,3,Fiets,Buiten Kruispunt,Gewestweg,binnen bebouwde kom,Tss. 2 best.: langs opzij (voor-/achterkant-flank),Geen hindernis