crash_row_id,site_id,site_name,site_gemeente,site_lat,site_long,distance_km,crash_lat,crash_long,DT_YEAR_COLLISION,DT_MONTH_COLLISION,DT_TIME,CD_NIS,TX_MUNTY_COLLISION_NL,TX_WEATHER_NL,TX_ROAD_CONDITION_NL,TX_LIGHT_CONDITION_NL,TX_CLASS_ACCIDENTS_NL,CD_ROAD_USR_TYPE1,TX_ROAD_USR_TYPE1_NL,CD_ROAD_USR_TYPE2,TX_ROAD_USR_TYPE2_NL,TX_CROSSWAY_NL,CD_ROAD_TYPE_NL,TX_BUILD_UP_AREA_NL,TX_COLLISION_TYPE_NL,TX_OBSTACLES_NL
944,116,Melle teller 2,Melle,50.9986113,3.8040599,0.5920298337900161,50.99750724162339,3.8123359795439677,2017,3,16,44040,Melle,Normaal,Droog,Dag,met lichtgewonden,9,personenauto,3,Fiets,Buiten Kruispunt,Gewestweg,buiten bebouwde kom,Tss. 2 best.: langs opzij (voor-/achterkant-flank),Geen hindernis
944,117,Melle teller 1,Melle,50.9986113,3.8040599,0.5920298337900161,50.99750724162339,3.8123359795439677,2017,3,16,44040,Melle,Normaal,Droog,Dag,met lichtgewonden,9,personenauto,3,Fiets,Buiten Kruispunt,Gewestweg,buiten bebouwde kom,Tss. 2 best.: langs opzij (voor-/achterkant-flank),Geen hindernis
947,116,Melle teller 2,Melle,50.9986113,3.8040599,0.19925192363540806,50.99958013837921,3.806455166697817,2017,3,16,44040,Melle,Normaal,Droog,Dag,met lichtgewonden,9,personenauto,3,Fiets,Buiten Kruispunt,Gewestweg,binnen bebouwde kom,Tss. 2 best.: langs opzij (voor-/achterkant-flank),Geen hindernis
947,117,Melle teller 1,Melle,50.9986113,3.8040599,0.19925192363540806,50.99958013837921,3.806455166697817,2017,3,16,44040,Melle,Normaal,Droog,Dag,met lichtgewonden,9,personenauto,3,Fiets,Buiten Kruispunt,Gewestweg,binnen bebouwde kom,Tss. 2 best.: langs opzij (voor-/achterkant-flank),Geen hindernis
952,113,Deinze teller 2,Deinze,50.96018,3.55578,2.2482639968050844,50.97901356682976,3.567461038739382,2017,3,12,44083,Deinze,Normaal,Droog,Dag,met lichtgewonden,5,Lichte vrachtauto,3,Fiets,Op Kruispunt,Gemeenteweg,binnen bebouwde kom,Tss. 2 best.: langs opzij (voor-/achterkant-flank),Geen hindernis
952,114,Deinze teller 1,Nazareth,50.9598305,3.555502,2.2915502019824325,50.97901356682976,3.567461038739382,2017,3,12,44083,Deinze,Normaal,Droog,Dag,met lichtgewonden,5,Lichte vrachtauto,3,Fiets,Op Kruispunt,Gemeenteweg,binnen bebouwde kom,Tss. 2 best.: langs opzij (voor-/achterkant-flank),Geen hindernis
954,7,Evergem 1,Evergem,51.1089,3.70317,1.714931710665949,51.111002626000165,3.7275058909452747,2017,3,11,44019,Evergem,Normaal,Droog,Dag,met zwaargewonden,3,Fiets,3,Fiets,Op Kruispunt,Gemeenteweg,buiten bebouwde kom,Tussen 2 bestuurders: Frontale botsing,Geen hindernis
954,6,Evergem 2,Evergem,51.10894,3.70298,1.7274760706386438,51.111002626000165,3.7275058909452747,2017,3,11,44019,Evergem,Normaal,Droog,Dag,met zwaargewonden,3,Fiets,3,Fiets,Op Kruispunt,Gemeenteweg,buiten bebouwde kom,Tussen 2 bestuurders: Frontale botsing,Geen hindernis
957,7,Evergem 1,Evergem,51.1089,3.70317,0.7046653771024022,51.1128825659523,3.7110217375440007,2017,3,6,44019,Evergem,Normaal,Droog,"Nacht, openbare verlichting aanwezig en ontstoken",met zwaargewonden,9,personenauto,3,Fiets,Op Kruispunt,Gemeenteweg,binnen bebouwde kom,Tss. 2 best.: langs opzij (voor-/achterkant-flank),Geen hindernis
957,6,Evergem 2,Evergem,51.10894,3.70298,0.712285066851623,51.1128825659523,3.7110217375440007,2017,3,6,44019,Evergem,Normaal,Droog,"Nacht, openbare verlichting aanwezig en ontstoken",met zwaargewonden,9,personenauto,3,Fiets,Op Kruispunt,Gemeenteweg,binnen bebouwde kom,Tss. 2 best.: langs opzij (voor-/achterkant-flank),Geen hindernis
989,128,Lokeren teller 1,Lokeren,51.09644,3.97023,1.486303575009535,51.10476042917077,3.9868892390800927,2017,3,16,46014,Lokeren,Onbekend,Onbekend,Dag,met lichtgewonden,9,personenauto,3,Fiets,Op Kruispunt,Gemeenteweg,binnen bebouwde kom,Tussen 2 bestuurders: Langs achteren,Geen hindernis
989,129,Lokeren teller 2,Lokeren,51.09612,3.97025,1.507636446928529,51.10476042917077,3.9868892390800927,2017,3,16,46014,Lokeren,Onbekend,Onbekend,Dag,met lichtgewonden,9,personenauto,3,Fiets,Op Kruispunt,Gemeenteweg,binnen bebouwde kom,Tussen 2 bestuurders: Langs achteren,Geen hindernis
989,141,Test site A support,Lokeren,51.08342085,3.9961071208376326,2.458622195141477,51.10476042917077,3.9868892390800927,2017,3,16,46014,Lokeren,Onbekend,Onbekend,Dag,met lichtgewonden,9,personenauto,3,Fiets,Op Kruispunt,Gemeenteweg,binnen bebouwde kom,Tussen 2 bestuurders: Langs achteren,Geen hindernis
990,128,Lokeren teller 1,Lokeren,51.09644,3.97023,2.1049853173301813,51.108347726920876,3.993666391736194,2017,3,15,46014,Lokeren,Normaal,Droog,Dag,met lichtgewonden,3,Fiets,9,personenauto,Buiten Kruispunt,Gemeenteweg,binnen bebouwde kom,Tss. 2 best.: langs opzij (voor-/achterkant-flank),Geen hindernis
990,129,Lokeren teller 2,Lokeren,51.09612,3.97025,2.1264776496482227,51.108347726920876,3.993666391736194,2017,3,15,46014,Lokeren,Normaal,Droog,Dag,met lichtgewonden,3,Fiets,9,personenauto,Buiten Kruispunt,Gemeenteweg,binnen bebouwde kom,Tss. 2 best.: langs opzij (voor-/achterkant-flank),Geen hindernis
991,128,Lokeren teller 1,Lokeren,51.09644,3.97023,1.6978441552252037,51.105548979145205,3.9897450062731186,2017,3,18,46014,Lokeren,Normaal,Droog,Dag,met lichtgewonden,2,Andere weggebruiker,3,Fiets,Op Kruispunt,Gemeenteweg,binnen bebouwde kom,Tss. 2 best.: langs opzij (voor-/achterkant-flank),Geen hindernis
991,129,Lokeren teller 2,Lokeren,51.09612,3.97025,1.7182056458405517,51.105548979145205,3.9897450062731186,2017,3,18,46014,Lokeren,Normaal,Droog,Dag,met lichtgewonden,2,Andere weggebruiker,3,Fiets,Op Kruispunt,Gemeenteweg,binnen bebouwde kom,Tss. 2 best.: langs opzij (voor-/achterkant-flank),Geen hindernis
992,128,Lokeren teller 1,Lokeren,51.09644,3.97023,1.6565174094752741,51.10706649748565,3.9868571123045102,2017,3,11,46014,Lokeren,Normaal,Droog,Dag,met lichtgewonden,9,personenauto,3,Fiets,Op Kruispunt,Gemeenteweg,binnen bebouwde kom,Tussen 2 bestuurders: Frontale botsing,Geen hindernis
992,129,Lokeren teller 2,Lokeren,51.09612,3.97025,1.6811228224136874,51.10706649748565,3.9868571123045102,2017,3,11,46014,Lokeren,Normaal,Droog,Dag,met lichtgewonden,9,personenauto,3,Fiets,Op Kruispunt,Gemeenteweg,binnen bebouwde kom,Tussen 2 bestuurders: Frontale botsing,Geen hindernis
993,141,Test site A support,Lokeren,51.08342085,3.9961071208376326,1.687570781631737,51.09650854897023,4.008340870665418,2017,3,6,46014,Lokeren,Onbekend,Onbekend,"Nacht, openbare verlichting aanwezig en ontstoken",met lichtgewonden,3,Fiets,9,personenauto,Op Kruispunt,Gewestweg,buiten bebouwde kom,Tss. 2 best.: langs opzij (voor-/achterkant-flank),Geen hindernis
994,141,Test site A support,Lokeren,51.08342085,3.9961071208376326,2.4176251217421068,51.10474348726945,4.002875478363899,2017,3,16,46014,Lokeren,Normaal,Droog,Dag,met lichtgewonden,9,personenauto,3,Fiets,Op Kruispunt,Gewestweg,binnen bebouwde kom,Tss. 2 best.: langs opzij (voor-/achterkant-flank),Geen hindernis
994,128,Lokeren teller 1,Lokeren,51.09644,3.97023,2.4593780635022116,51.10474348726945,4.002875478363899,2017,3,16,46014,Lokeren,Normaal,Droog,Dag,met lichtgewonden,9,personenauto,3,Fiets,Op Kruispunt,Gewestweg,binnen bebouwde kom,Tss. 2 best.: langs opzij (voor-/achterkant-flank),Geen hindernis
994,129,Lokeren teller 2,Lokeren,51.09612,3.97025,2.471676478802618,51.10474348726945,4.002875478363899,2017,3,16,46014,Lokeren,Normaal,Droog,Dag,met lichtgewonden,9,personenauto,3,Fiets,Op Kruispunt,Gewestweg,binnen bebouwde kom,Tss. 2 best.: langs opzij (voor-/achterkant-flank),Geen hindernis
995,128,Lokeren teller 1,Lokeren,51.09644,3.97023,1.5465791883849633,51.10379055048232,3.9890332327806286,2017,3,7,46014,Lokeren,"Andere (dikke rook,...)",Droog,Dag,met lichtgewonden,3,Fiets,8,Voetganger,Buiten Kruispunt,Gemeenteweg,binnen bebouwde kom,Met een voetganger,Geen hindernis
995,129,Lokeren teller 2,Lokeren,51.09612,3.97025,1.5645082541072768,51.10379055048232,3.9890332327806286,2017,3,7,46014,Lokeren,"Andere (dikke rook,...)",Droog,Dag,met lichtgewonden,3,Fiets,8,Voetganger,Buiten Kruispunt,Gemeenteweg,binnen bebouwde kom,Met een voetganger,Geen hindernis
995,141,Test site A support,Lokeren,51.08342085,3.9961071208376326,2.318254932201984,51.10379055048232,3.9890332327806286,2017,3,7,46014,Lokeren,"Andere (dikke rook,...)",Droog,Dag,met lichtgewonden,3,Fiets,8,Voetganger,Buiten Kruispunt,Gemeenteweg,binnen bebouwde kom,Met een voetganger,Geen hindernis
999,126,Hamme totem,Hamme,51.1017709,4.1469307,1.947097523748038,51.09146685476957,4.169475031672994,2017,3,15,42008,Hamme,Normaal,Droog,Dag,met lichtgewonden,3,Fiets,9,personenauto,Buiten Kruispunt,Gemeenteweg,binnen bebouwde kom,Tussen 2 bestuurders: Frontale botsing,Geen hindernis
1000,121,Zele teller 2,Zele,51.0604067,4.0556696,1.7241079836937712,51.051616556175524,4.075990478712823,2017,3,14,42028,Zele,Normaal,Droog,Dag,met zwaargewonden,3,Fiets,3,Fiets,Buiten Kruispunt,Gemeenteweg,buiten bebouwde kom,Tss. 2 best.: langs opzij (voor-/achterkant-flank),Geen hindernis
1000,120,Zele teller 1,Zele,51.0607671,4.0547741,1.7983831267944983,51.051616556175524,4.075990478712823,2017,3,14,42028,Zele,Normaal,Droog,Dag,met zwaargewonden,3,Fiets,3,Fiets,Buiten Kruispunt,Gemeenteweg,buiten bebouwde kom,Tss. 2 best.: langs opzij (voor-/achterkant-flank),Geen hindernis
1000,122,Dendermonde teller 2,Dendermonde,51.0373918,4.1019222,2.405910817141621,51.051616556175524,4.075990478712823,2017,3,14,42028,Zele,Normaal,Droog,Dag,met zwaargewonden,3,Fiets,3,Fiets,Buiten Kruispunt,Gemeenteweg,buiten bebouwde kom,Tss. 2 best.: langs opzij (voor-/achterkant-flank),Geen hindernis
1000,125,Dendermonde totem,Dendermonde,51.0372706,4.1025998,2.4505574279776763,51.051616556175524,4.075990478712823,2017,3,14,42028,Zele,Normaal,Droog,Dag,met zwaargewonden,3,Fiets,3,Fiets,Buiten Kruispunt,Gemeenteweg,buiten bebouwde kom,Tss. 2 best.: langs opzij (voor-/achterkant-flank),Geen hindernis
1002,121,Zele teller 2,Zele,51.0604067,4.0556696,1.3486578763739,51.05028652530284,4.0663048548819445,2017,3,7,42028,Zele,Normaal,Droog,Dag,met lichtgewonden,3,Fiets,6,Bromfiets,Buiten Kruispunt,Gemeenteweg,buiten bebouwde kom,Tss. 2 best.: langs opzij (voor-/achterkant-flank),Geen hindernis
1002,120,Zele teller 1,Zele,51.0607671,4.0547741,1.4169122083988697,51.05028652530284,4.0663048548819445,2017,3,7,42028,Zele,Normaal,Droog,Dag,met lichtgewonden,3,Fiets,6,Bromfiets,Buiten Kruispunt,Gemeenteweg,buiten bebouwde kom,Tss. 2 best.: langs opzij (voor-/achterkant-flank),Geen hindernis
1014,10,Aalst 2,Aalst,50.93549,4.01571,0.6978571725868349,50.939460178526595,4.023423209429307,2017,3,18,41002,Aalst,Normaal,Droog,Dag,met lichtgewonden,3,Fiets,9,personenauto,Op Kruispunt,Gemeenteweg,binnen bebouwde kom,Tss. 2 best.: langs opzij (voor-/achterkant-flank),Geen hindernis
1014,11,Aalst 3,Aalst,50.93385,4.01647,0.7915485147218829,50.939460178526595,4.023423209429307,2017,3,18,41002,Aalst,Normaal,Droog,Dag,met lichtgewonden,3,Fiets,9,personenauto,Op Kruispunt,Gemeenteweg,binnen bebouwde kom,Tss. 2 best.: langs opzij (voor-/achterkant-flank),Geen hindernis
1014,19,Aalst 1,Aalst,50.93433,4.01471,0.8355780507587036,50.939460178526595,4.023423209429307,2017,3,18,41002,Aalst,Normaal,Droog,Dag,met lichtgewonden,3,Fiets,9,personenauto,Op Kruispunt,Gemeenteweg,binnen bebouwde kom,Tss. 2 best.: langs opzij (voor-/achterkant-flank),Geen hindernis
1015,11,Aalst 3,Aalst,50.93385,4.01647,1.7536998011923333,50.93883997921224,4.040211009244489,2017,3,18,41002,Aalst,Normaal,Droog,Dag,met lichtgewonden,3,Fiets,6,Bromfiets,Op Kruispunt,Gemeenteweg,binnen bebouwde kom,Tss. 2 best.: langs opzij (voor-/achterkant-flank),Geen hindernis
1015,10,Aalst 2,Aalst,50.93549,4.01571,1.7567797148439224,50.93883997921224,4.040211009244489,2017,3,18,41002,Aalst,Normaal,Droog,Dag,met lichtgewonden,3,Fiets,6,Bromfiets,Op Kruispunt,Gemeenteweg,binnen bebouwde kom,Tss. 2 best.: langs opzij (voor-/achterkant-flank),Geen hindernis
1015,19,Aalst 1,Aalst,50.93433,4.01471,1.855963567305208,50.93883997921224,4.040211009244489,2017,3,18,41002,Aalst,Normaal,Droog,Dag,met lichtgewonden,3,Fiets,6,Bromfiets,Op Kruispunt,Gemeenteweg,binnen bebouwde kom,Tss. 2 best.: langs opzij (voor-/achterkant-flank),Geen hindernis
1016,10,Aalst 2,Aalst,50.93549,4.01571,0.7617336450029708,50.94228660853212,4.017070113125346,2017,3,7,41002,Aalst,Normaal,Droog,Dag,met lichtgewonden,9,personenauto,3,Fiets,Op Kruispunt,Gemeenteweg,binnen bebouwde kom,Tss. 2 best.: langs opzij (voor-/achterkant-flank),Geen hindernis
1016,19,Aalst 1,Aalst,50.93433,4.01471,0.9000575517004819,50.94228660853212,4.017070113125346,2017,3,7,41002,Aalst,Normaal,Droog,Dag,met lichtgewonden,9,personenauto,3,Fiets,Op Kruispunt,Gemeenteweg,binnen bebouwde kom,Tss. 2 best.: langs opzij (voor-/achterkant-flank),Geen hindernis
1016,11,Aalst 3,Aalst,50.93385,4.01647,0.9390500368608156,50.94228660853212,4.017070113125346,2017,3,7,41002,Aalst,Normaal,Droog,Dag,met lichtgewonden,9,personenauto,3,Fiets,Op Kruispunt,Gemeenteweg,binnen bebouwde kom,Tss. 2 best.: langs opzij (voor-/achterkant-flank),Geen hindernis
1019,10,Aalst 2,Aalst,50.93549,4.01571,1.9531911517778828,50.94070973001467,4.042325487042212,2017,3,12,41002,Aalst,Normaal,Droog,Dag,met lichtgewonden,4,Vrachtwagen,3,Fiets,Op Kruispunt,Gemeenteweg,binnen bebouwde kom,Tss. 2 best.: langs opzij (voor-/achterkant-flank),Geen hindernis
1019,11,Aalst 3,Aalst,50.93385,4.01647,1.9657610079778922,50.94070973001467,4.042325487042212,2017,3,12,41002,Aalst,Normaal,Droog,Dag,met lichtgewonden,4,Vrachtwagen,3,Fiets,Op Kruispunt,Gemeenteweg,binnen bebouwde kom,Tss. 2 best.: langs opzij (voor-/achterkant-flank),Geen hindernis
1019,19,Aalst 1,Aalst,50.93433,4.01471,2.0609908315481134,50.94070973001467,4.042325487042212,2017,3,12,41002,Aalst,Normaal,Droog,Dag,met lichtgewonden,4,Vrachtwagen,3,Fiets,Op Kruispunt,Gemeenteweg,binnen bebouwde kom,Tss. 2 best.: langs opzij (voor-/achterkant-flank),Geen hindernis
1025,125,Dendermonde totem,Dendermonde,51.0372706,4.1025998,2.1968254586168046,51.017560493522495,4.100447760227381,2017,3,16,42006,Dendermonde,Normaal,Droog,Dag,met lichtgewonden,9,personenauto,3,Fiets,Buiten Kruispunt,Gemeenteweg,binnen bebouwde kom,Tss. 2 best.: langs opzij (voor-/achterkant-flank),Geen hindernis
1025,122,Dendermonde teller 2,Dendermonde,51.0373918,4.1019222,2.2075502940570817,51.017560493522495,4.100447760227381,2017,3,16,42006,Dendermonde,Normaal,Droog,Dag,met lichtgewonden,9,personenauto,3,Fiets,Buiten Kruispunt,Gemeenteweg,binnen bebouwde kom,Tss. 2 best.: langs opzij (voor-/achterkant-flank),Geen hindernis
1026,122,Dendermonde teller 2,Dendermonde,51.0373918,4.1019222,0.9826559817367335,51.031802689530046,4.091036735917361,2017,3,7,42006,Dendermonde,Normaal,Droog,Dag,met lichtgewonden,3,Fiets,9,personenauto,Buiten Kruispunt,Gewestweg,binnen bebouwde kom,Tss. 2 best.: langs opzij (voor-/achterkant-flank),Geen hindernis
1026,125,Dendermonde totem,Dendermonde,51.0372706,4.1025998,1.011642178356546,51.031802689530046,4.091036735917361,2017,3,7,42006,Dendermonde,Normaal,Droog,Dag,met lichtgewonden,3,Fiets,9,personenauto,Buiten Kruispunt,Gewestweg,binnen bebouwde kom,Tss. 2 best.: langs opzij (voor-/achterkant-flank),Geen hindernis
1028,125,Dendermonde totem,Dendermonde,51.0372706,4.1025998,2.346335372015844,51.017167125636156,4.112793687558032,2017,3,16,42006,Dendermonde,Normaal,Droog,Dag,met zwaargewonden,9,personenauto,3,Fiets,Buiten Kruispunt,Gewestweg,binnen bebouwde kom,Tss. 2 best.: langs opzij (voor-/achterkant-flank),Geen hindernis
1028,122,Dendermonde teller 2,Dendermonde,51.0373918,4.1019222,2.3739285389651323,51.017167125636156,4.112793687558032,2017,3,16,42006,Dendermonde,Normaal,Droog,Dag,met zwaargewonden,9,personenauto,3,Fiets,Buiten Kruispunt,Gewestweg,binnen bebouwde kom,Tss. 2 best.: langs opzij (voor-/achterkant-flank),Geen hindernis
1029,125,Dendermonde totem,Dendermonde,51.0372706,4.1025998,1.1491122984667683,51.027027432840136,4.1004232953142665,2017,3,17,42006,Dendermonde,Normaal,Droog,Dag,met zwaargewonden,9,personenauto,3,Fiets,Buiten Kruispunt,Gemeenteweg,binnen bebouwde kom,Tss. 2 best.: langs opzij (voor-/achterkant-flank),Geen hindernis
1029,122,Dendermonde teller 2,Dendermonde,51.0373918,4.1019222,1.1572217394403748,51.027027432840136,4.1004232953142665,2017,3,17,42006,Dendermonde,Normaal,Droog,Dag,met zwaargewonden,9,personenauto,3,Fiets,Buiten Kruispunt,Gemeenteweg,binnen bebouwde kom,Tss. 2 best.: langs opzij (voor-/achterkant-flank),Geen hindernis
1030,125,Dendermonde totem,Dendermonde,51.0372706,4.1025998,2.43740803140763,51.02100424428538,4.125962631398398,2017,3,6,42006,Dendermonde,Normaal,Droog,Dag,met lichtgewonden,8,Voetganger,3,Fiets,Buiten Kruispunt,Gemeenteweg,binnen bebouwde kom,Met een voetganger,Geen hindernis
1030,122,Dendermonde teller 2,Dendermonde,51.0373918,4.1019222,2.4793092788655207,51.02100424428538,4.125962631398398,2017,3,6,42006,Dendermonde,Normaal,Droog,Dag,met lichtgewonden,8,Voetganger,3,Fiets,Buiten Kruispunt,Gemeenteweg,binnen bebouwde kom,Met een voetganger,Geen hindernis
1032,142,TEST Validatie BRUGGE Y2H22022134,Brugge,51.22632,3.24095,2.3394529047012598,51.21170017852638,3.2651055913696814,2017,3,21,31005,Brugge,Normaal,Droog,"Nacht, openbare verlichting aanwezig en ontstoken",met lichtgewonden,3,Fiets,11,een weggebruiker tegen een hindernis,Buiten Kruispunt,Gemeenteweg,binnen bebouwde kom,Weggebruiker tegen hindernis op de rijbaan,Op de rijbaan: Container
1032,52,Brugge,Brugge,51.22632,3.24095,2.3394529047012598,51.21170017852638,3.2651055913696814,2017,3,21,31005,Brugge,Normaal,Droog,"Nacht, openbare verlichting aanwezig en ontstoken",met lichtgewonden,3,Fiets,11,een weggebruiker tegen een hindernis,Buiten Kruispunt,Gemeenteweg,binnen bebouwde kom,Weggebruiker tegen hindernis op de rijbaan,Op de rijbaan: Container
1033,54,Brugge teller 2,Brugge,51.23015,3.22818,1.0026553116285897,51.22219220313068,3.2214087849236837,2017,3,16,31005,Brugge,Onbekend,Droog,Dag,met lichtgewonden,3,Fiets,6,Bromfiets,Op Kruispunt,Gewestweg,binnen bebouwde kom,Tussen 2 bestuurders: Langs achteren,Geen hindernis
1033,53,Brugge teller 1,Brugge,51.23023,3.228,1.0047268284318616,51.22219220313068,3.2214087849236837,2017,3,16,31005,Brugge,Onbekend,Droog,Dag,met lichtgewonden,3,Fiets,6,Bromfiets,Op Kruispunt,Gewestweg,binnen bebouwde kom,Tussen 2 bestuurders: Langs achteren,Geen hindernis
1033,52,Brugge,Brugge,51.22632,3.24095,1.4361420230845214,51.22219220313068,3.2214087849236837,2017,3,16,31005,Brugge,Onbekend,Droog,Dag,met lichtgewonden,3,Fiets,6,Bromfiets,Op Kruispunt,Gewestweg,binnen bebouwde kom,Tussen 2 bestuurders: Langs achteren,Geen hindernis
1033,142,TEST Validatie BRUGGE Y2H22022134,Brugge,51.22632,3.24095,1.4361420230845214,51.22219220313068,3.2214087849236837,2017,3,16,31005,Brugge,Onbekend,Droog,Dag,met lichtgewonden,3,Fiets,6,Bromfiets,Op Kruispunt,Gewestweg,binnen bebouwde kom,Tussen 2 bestuurders: Langs achteren,Geen hindernis
1035,20,Brugge,Brugge,51.17416,3.20048,1.7547521752672925,51.189921057256555,3.1992190317503195,2017,3,11,31005,Brugge,Normaal,Droog,Dag,met lichtgewonden,5,Lichte vrachtauto,3,Fiets,Op Kruispunt,Gemeenteweg,binnen bebouwde kom,Tss. 2 best.: langs opzij (voor-/achterkant-flank),Geen hindernis
1036,142,TEST Validatie BRUGGE Y2H22022134,Brugge,51.22632,3.24095,1.6797076429725315,51.21412329009884,3.255179574191158,2017,3,9,31005,Brugge,Normaal,Droog,Dag,met lichtgewonden,3,Fiets,9,personenauto,Buiten Kruispunt,Gemeenteweg,binnen bebouwde kom,Tss. 2 best.: langs opzij (voor-/achterkant-flank),Geen hindernis
1036,52,Brugge,Brugge,51.22632,3.24095,1.6797076429725315,51.21412329009884,3.255179574191158,2017,3,9,31005,Brugge,Normaal,Droog,Dag,met lichtgewonden,3,Fiets,9,personenauto,Buiten Kruispunt,Gemeenteweg,binnen bebouwde kom,Tss. 2 best.: langs opzij (voor-/achterkant-flank),Geen hindernis
1037,142,TEST Validatie BRUGGE Y2H22022134,Brugge,51.22632,3.24095,2.3796145734483436,51.20496470283588,3.238733358025553,2017,3,8,31005,Brugge,Normaal,Droog,Dag,met lichtgewonden,8,Voetganger,3,Fiets,Buiten Kruispunt,Gemeenteweg,binnen bebouwde kom,Met een voetganger,Geen hindernis
1037,52,Brugge,Brugge,51.22632,3.24095,2.3796145734483436,51.20496470283588,3.238733358025553,2017,3,8,31005,Brugge,Normaal,Droog,Dag,met lichtgewonden,8,Voetganger,3,Fiets,Buiten Kruispunt,Gemeenteweg,binnen bebouwde kom,Met een voetganger,Geen hindernis
1040,50,"Brugge, Sint-Andries",Brugge,51.19291,3.16252,0.939647410382474,51.19605605006472,3.1750351682005293,2017,3,11,31005,Brugge,Normaal,Droog,Dag,met lichtgewonden,9,personenauto,3,Fiets,Op Kruispunt,Gewestweg,binnen bebouwde kom,Tss. 2 best.: langs opzij (voor-/achterkant-flank),Geen hindernis
1040,51,"Brugge, Sint-Andries",Brugge,51.19281,3.16252,0.9438444248283877,51.19605605006472,3.1750351682005293,2017,3,11,31005,Brugge,Normaal,Droog,Dag,met lichtgewonden,9,personenauto,3,Fiets,Op Kruispunt,Gewestweg,binnen bebouwde kom,Tss. 2 best.: langs opzij (voor-/achterkant-flank),Geen hindernis
1041,53,Brugge teller 1,Brugge,51.23023,3.228,1.1034734345056612,51.23638688063564,3.215570182054702,2017,3,8,31005,Brugge,Regenval,"Nat, plassen",Dag,met lichtgewonden,9,personenauto,3,Fiets,Buiten Kruispunt,Gemeenteweg,buiten bebouwde kom,Tss. 2 best.: langs opzij (voor-/achterkant-flank),Geen hindernis
1041,54,Brugge teller 2,Brugge,51.23015,3.22818,1.1188221545639285,51.23638688063564,3.215570182054702,2017,3,8,31005,Brugge,Regenval,"Nat, plassen",Dag,met lichtgewonden,9,personenauto,3,Fiets,Buiten Kruispunt,Gemeenteweg,buiten bebouwde kom,Tss. 2 best.: langs opzij (voor-/achterkant-flank),Geen hindernis
1041,52,Brugge,Brugge,51.22632,3.24095,2.091842723450303,51.23638688063564,3.215570182054702,2017,3,8,31005,Brugge,Regenval,"Nat, plassen",Dag,met lichtgewonden,9,personenauto,3,Fiets,Buiten Kruispunt,Gemeenteweg,buiten bebouwde kom,Tss. 2 best.: langs opzij (voor-/achterkant-flank),Geen hindernis
1041,142,TEST Validatie BRUGGE Y2H22022134,Brugge,51.22632,3.24095,2.091842723450303,51.23638688063564,3.215570182054702,2017,3,8,31005,Brugge,Regenval,"Nat, plassen",Dag,met lichtgewonden,9,personenauto,3,Fiets,Buiten Kruispunt,Gemeenteweg,buiten bebouwde kom,Tss. 2 best.: langs opzij (voor-/achterkant-flank),Geen hindernis
1043,54,Brugge teller 2,Brugge,51.23015,3.22818,2.241926502297846,51.212243152592784,3.213385751313643,2017,3,19,31005,Brugge,Normaal,Droog,"Nacht, openbare verlichting aanwezig en ontstoken",met lichtgewonden,5,Lichte vrachtauto,3,Fiets,Op Kruispunt,Gemeenteweg,binnen bebouwde kom,Tss. 2 best.: langs opzij (voor-/achterkant-flank),Geen hindernis
1043,53,Brugge teller 1,Brugge,51.23023,3.228,2.244117250904928,51.212243152592784,3.213385751313643,2017,3,19,31005,Brugge,Normaal,Droog,"Nacht, openbare verlichting aanwezig en ontstoken",met lichtgewonden,5,Lichte vrachtauto,3,Fiets,Op Kruispunt,Gemeenteweg,binnen bebouwde kom,Tss. 2 best.: langs opzij (voor-/achterkant-flank),Geen hindernis
1043,52,Brugge,Brugge,51.22632,3.24095,2.476990665911429,51.212243152592784,3.213385751313643,2017,3,19,31005,Brugge,Normaal,Droog,"Nacht, openbare verlichting aanwezig en ontstoken",met lichtgewonden,5,Lichte vrachtauto,3,Fiets,Op Kruispunt,Gemeenteweg,binnen bebouwde kom,Tss. 2 best.: langs opzij (voor-/achterkant-flank),Geen hindernis
1043,142,TEST Validatie BRUGGE Y2H22022134,Brugge,51.22632,3.24095,2.476990665911429,51.212243152592784,3.213385751313643,2017,3,19,31005,Brugge,Normaal,Droog,"Nacht, openbare verlichting aanwezig en ontstoken",met lichtgewonden,5,Lichte vrachtauto,3,Fiets,Op Kruispunt,Gemeenteweg,binnen bebouwde kom,Tss. 2 best.: langs opzij (voor-/achterkant-flank),Geen hindernis
1044,53,Brugge teller 1,Brugge,51.23023,3.228,1.5391551320082968,51.22956746020691,3.205920544886893,2017,3,8,31005,Brugge,Normaal,Droog,Dag,met lichtgewonden,3,Fiets,9,personenauto,Op Kruispunt,Gewestweg,binnen bebouwde kom,Tss. 2 best.: langs opzij (voor-/achterkant-flank),Geen hindernis
1044,54,Brugge teller 2,Brugge,51.23015,3.22818,1.551278715858661,51.22956746020691,3.205920544886893,2017,3,8,31005,Brugge,Normaal,Droog,Dag,met lichtgewonden,3,Fiets,9,personenauto,Op Kruispunt,Gewestweg,binnen bebouwde kom,Tss. 2 best.: langs opzij (voor-/achterkant-flank),Geen hindernis
1044,52,Brugge,Brugge,51.22632,3.24095,2.4657862098990213,51.22956746020691,3.205920544886893,2017,3,8,31005,Brugge,Normaal,Droog,Dag,met lichtgewonden,3,Fiets,9,personenauto,Op Kruispunt,Gewestweg,binnen bebouwde kom,Tss. 2 best.: langs opzij (voor-/achterkant-flank),Geen hindernis