crash_row_id,site_id,site_name,site_gemeente,site_lat,site_long,distance_km,crash_lat,crash_long,DT_YEAR_COLLISION,DT_MONTH_COLLISION,DT_TIME,CD_NIS,TX_MUNTY_COLLISION_NL,TX_WEATHER_NL,TX_ROAD_CONDITION_NL,TX_LIGHT_CONDITION_NL,TX_CLASS_ACCIDENTS_NL,CD_ROAD_USR_TYPE1,TX_ROAD_USR_TYPE1_NL,CD_ROAD_USR_TYPE2,TX_ROAD_USR_TYPE2_NL,TX_CROSSWAY_NL,CD_ROAD_TYPE_NL,TX_BUILD_UP_AREA_NL,TX_COLLISION_TYPE_NL,TX_OBSTACLES_NL
1044,142,TEST Validatie BRUGGE Y2H22022134,Brugge,51.22632,3.24095,2.4657862098990213,51.22956746020691,3.205920544886893,2017,3,8,31005,Brugge,Normaal,Droog,Dag,met lichtgewonden,3,Fiets,9,personenauto,Op Kruispunt,Gewestweg,binnen bebouwde kom,Tss. 2 best.: langs opzij (voor-/achterkant-flank),Geen hindernis
1049,20,Brugge,Brugge,51.17416,3.20048,1.395421393488078,51.16181060223065,3.204038205496323,2017,3,16,31040,Zedelgem,Normaal,Droog,Dag,met lichtgewonden,3,Fiets,9,personenauto,Op Kruispunt,Gewestweg,buiten bebouwde kom,Tss. 2 best.: langs opzij (voor-/achterkant-flank),Geen hindernis
1056,15,Oostende 2,Oostende,51.21371,2.92743,1.9639347793112245,51.21717031331294,2.8997799722050748,2017,3,17,35013,Oostende,Normaal,Droog,Dag,met lichtgewonden,9,personenauto,3,Fiets,Buiten Kruispunt,Gemeenteweg,binnen bebouwde kom,Tss. 2 best.: langs opzij (voor-/achterkant-flank),Geen hindernis
1056,18,Oostende 1,Oostende,51.21378,2.92765,1.9774634120466676,51.21717031331294,2.8997799722050748,2017,3,17,35013,Oostende,Normaal,Droog,Dag,met lichtgewonden,9,personenauto,3,Fiets,Buiten Kruispunt,Gemeenteweg,binnen bebouwde kom,Tss. 2 best.: langs opzij (voor-/achterkant-flank),Geen hindernis
1057,15,Oostende 2,Oostende,51.21371,2.92743,0.41989604979428097,51.21681629276849,2.9240020319162894,2017,3,9,35013,Oostende,Normaal,"Nat, plassen",Dag,met lichtgewonden,9,personenauto,3,Fiets,Op Kruispunt,Gemeenteweg,binnen bebouwde kom,Tss. 2 best.: langs opzij (voor-/achterkant-flank),Geen hindernis
1057,18,Oostende 1,Oostende,51.21378,2.92765,0.42254987546496453,51.21681629276849,2.9240020319162894,2017,3,9,35013,Oostende,Normaal,"Nat, plassen",Dag,met lichtgewonden,9,personenauto,3,Fiets,Op Kruispunt,Gemeenteweg,binnen bebouwde kom,Tss. 2 best.: langs opzij (voor-/achterkant-flank),Geen hindernis
1058,15,Oostende 2,Oostende,51.21371,2.92743,1.513151709874366,51.21207869498294,2.9058633405751113,2017,3,14,35013,Oostende,Normaal,Droog,Dag,met lichtgewonden,9,personenauto,3,Fiets,Op Kruispunt,Gewestweg,binnen bebouwde kom,Tss. 2 best.: langs opzij (voor-/achterkant-flank),Geen hindernis
1058,18,Oostende 1,Oostende,51.21378,2.92765,1.5293087306864979,51.21207869498294,2.9058633405751113,2017,3,14,35013,Oostende,Normaal,Droog,Dag,met lichtgewonden,9,personenauto,3,Fiets,Op Kruispunt,Gewestweg,binnen bebouwde kom,Tss. 2 best.: langs opzij (voor-/achterkant-flank),Geen hindernis
1059,15,Oostende 2,Oostende,51.21371,2.92743,1.696201409032357,51.20442542317594,2.90811044281822,2017,3,16,35013,Oostende,Normaal,Droog,Dag,met lichtgewonden,9,personenauto,3,Fiets,Buiten Kruispunt,Gemeenteweg,binnen bebouwde kom,Tss. 2 best.: langs opzij (voor-/achterkant-flank),Geen hindernis
1059,18,Oostende 1,Oostende,51.21378,2.92765,1.7131008525325557,51.20442542317594,2.90811044281822,2017,3,16,35013,Oostende,Normaal,Droog,Dag,met lichtgewonden,9,personenauto,3,Fiets,Buiten Kruispunt,Gemeenteweg,binnen bebouwde kom,Tss. 2 best.: langs opzij (voor-/achterkant-flank),Geen hindernis
1064,55,Torhout teller 1,Torhout,51.07161,3.08261,1.1925412690022816,51.072593607468754,3.099606448340836,2017,3,20,31033,Torhout,Regenval,"Nat, plassen","Nacht, openbare verlichting aanwezig en ontstoken",met lichtgewonden,9,personenauto,3,Fiets,Op Kruispunt,Gewestweg,buiten bebouwde kom,Tussen 2 bestuurders: Frontale botsing,Geen hindernis
1064,56,Torhout teller 2,Torhout,51.07147,3.08244,1.205884508011719,51.072593607468754,3.099606448340836,2017,3,20,31033,Torhout,Regenval,"Nat, plassen","Nacht, openbare verlichting aanwezig en ontstoken",met lichtgewonden,9,personenauto,3,Fiets,Op Kruispunt,Gewestweg,buiten bebouwde kom,Tussen 2 bestuurders: Frontale botsing,Geen hindernis
1068,55,Torhout teller 1,Torhout,51.07161,3.08261,1.1866470831400766,51.0728742156235,3.099474479532723,2017,3,17,31033,Torhout,Normaal,Droog,Dageraad - schemering,met lichtgewonden,3,Fiets,11,een weggebruiker tegen een hindernis,Buiten Kruispunt,Gemeenteweg,binnen bebouwde kom,Weggebruiker tegen hindernis buiten rijbaan,Andere hindernis
1068,56,Torhout teller 2,Torhout,51.07147,3.08244,1.20036921994449,51.0728742156235,3.099474479532723,2017,3,17,31033,Torhout,Normaal,Droog,Dageraad - schemering,met lichtgewonden,3,Fiets,11,een weggebruiker tegen een hindernis,Buiten Kruispunt,Gemeenteweg,binnen bebouwde kom,Weggebruiker tegen hindernis buiten rijbaan,Andere hindernis
1069,55,Torhout teller 1,Torhout,51.07161,3.08261,1.5713222365987478,51.0697393802817,3.1049011274836675,2017,3,16,31033,Torhout,Normaal,Droog,Dag,met lichtgewonden,3,Fiets,10,"één bestuurder, geen hindernis",Buiten Kruispunt,Gewestweg,binnen bebouwde kom,"Eén bestuurder, geen hindernis (incl. val)",Geen hindernis
1069,56,Torhout teller 2,Torhout,51.07147,3.08244,1.5811287682604822,51.0697393802817,3.1049011274836675,2017,3,16,31033,Torhout,Normaal,Droog,Dag,met lichtgewonden,3,Fiets,10,"één bestuurder, geen hindernis",Buiten Kruispunt,Gewestweg,binnen bebouwde kom,"Eén bestuurder, geen hindernis (incl. val)",Geen hindernis
1072,56,Torhout teller 2,Torhout,51.07147,3.08244,2.154805239069211,51.06045839671178,3.057065415342369,2017,3,19,31033,Torhout,Normaal,Droog,Dag,met zwaargewonden,9,personenauto,3,Fiets,Op Kruispunt,Gemeenteweg,buiten bebouwde kom,Tss. 2 best.: langs opzij (voor-/achterkant-flank),Geen hindernis
1072,55,Torhout teller 1,Torhout,51.07161,3.08261,2.1734323441443952,51.06045839671178,3.057065415342369,2017,3,19,31033,Torhout,Normaal,Droog,Dag,met zwaargewonden,9,personenauto,3,Fiets,Op Kruispunt,Gemeenteweg,buiten bebouwde kom,Tss. 2 best.: langs opzij (voor-/achterkant-flank),Geen hindernis
1079,84,Roeselare totem,Izegem,50.91717,3.18772,1.8795439235231075,50.91969195060385,3.214232143615547,2017,3,9,36008,Izegem,Normaal,Droog,Dag,met lichtgewonden,9,personenauto,3,Fiets,Op Kruispunt,Gemeenteweg,binnen bebouwde kom,Tussen 2 bestuurders: Frontale botsing,Geen hindernis
1080,84,Roeselare totem,Izegem,50.91717,3.18772,1.7181708533938496,50.91622580885632,3.212183504969685,2017,3,13,36008,Izegem,Normaal,Droog,Dag,met zwaargewonden,9,personenauto,3,Fiets,Buiten Kruispunt,Gemeenteweg,binnen bebouwde kom,Tussen 2 bestuurders: Langs achteren,Geen hindernis
1091,74,Kortrijk teller 1,Kortrijk,50.81909,3.25728,2.0481462051766983,50.80422116177556,3.274485469497766,2017,3,8,34022,Kortrijk,Normaal,Droog,Dag,met lichtgewonden,3,Fiets,9,personenauto,Op Kruispunt,Gewestweg,buiten bebouwde kom,Tss. 2 best.: langs opzij (voor-/achterkant-flank),Geen hindernis
1091,75,Kortrijk teller 2,Kortrijk,50.81925,3.25731,2.06129872022336,50.80422116177556,3.274485469497766,2017,3,8,34022,Kortrijk,Normaal,Droog,Dag,met lichtgewonden,3,Fiets,9,personenauto,Op Kruispunt,Gewestweg,buiten bebouwde kom,Tss. 2 best.: langs opzij (voor-/achterkant-flank),Geen hindernis
1092,74,Kortrijk teller 1,Kortrijk,50.81909,3.25728,1.6303876506053987,50.8119374293387,3.2370218181501955,2017,3,8,34022,Kortrijk,Normaal,Droog,Dag,met lichtgewonden,9,personenauto,3,Fiets,Op Kruispunt,Gemeenteweg,binnen bebouwde kom,Tss. 2 best.: langs opzij (voor-/achterkant-flank),Geen hindernis
1092,75,Kortrijk teller 2,Kortrijk,50.81925,3.25731,1.64096831560464,50.8119374293387,3.2370218181501955,2017,3,8,34022,Kortrijk,Normaal,Droog,Dag,met lichtgewonden,9,personenauto,3,Fiets,Op Kruispunt,Gemeenteweg,binnen bebouwde kom,Tss. 2 best.: langs opzij (voor-/achterkant-flank),Geen hindernis
1093,17,Kortrijk 2,Kortrijk,50.83339,3.27773,2.254818013707694,50.85335596141593,3.27211736625798,2017,3,19,34023,Kuurne,Normaal,Droog,"Nacht, openbare verlichting aanwezig en ontstoken",met lichtgewonden,3,Fiets,11,een weggebruiker tegen een hindernis,Buiten Kruispunt,Gemeenteweg,binnen bebouwde kom,Weggebruiker tegen hindernis buiten rijbaan,Andere hindernis
1093,16,Kortrijk 1,Kortrijk,50.83332,3.27777,2.262973201541327,50.85335596141593,3.27211736625798,2017,3,19,34023,Kuurne,Normaal,Droog,"Nacht, openbare verlichting aanwezig en ontstoken",met lichtgewonden,3,Fiets,11,een weggebruiker tegen een hindernis,Buiten Kruispunt,Gemeenteweg,binnen bebouwde kom,Weggebruiker tegen hindernis buiten rijbaan,Andere hindernis
1094,74,Kortrijk teller 1,Kortrijk,50.81909,3.25728,1.146169430394924,50.810104559831004,3.2492859473023485,2017,3,4,34022,Kortrijk,Normaal,Droog,"Nacht, openbare verlichting aanwezig en ontstoken",met lichtgewonden,4,Vrachtwagen,3,Fiets,Op Kruispunt,Gewestweg,buiten bebouwde kom,Tss. 2 best.: langs opzij (voor-/achterkant-flank),Geen hindernis
1094,75,Kortrijk teller 2,Kortrijk,50.81925,3.25731,1.1627309922833753,50.810104559831004,3.2492859473023485,2017,3,4,34022,Kortrijk,Normaal,Droog,"Nacht, openbare verlichting aanwezig en ontstoken",met lichtgewonden,4,Vrachtwagen,3,Fiets,Op Kruispunt,Gewestweg,buiten bebouwde kom,Tss. 2 best.: langs opzij (voor-/achterkant-flank),Geen hindernis
1094,143,Eco Display Classic Budastraat,Kortrijk,50.83066,3.26286,2.4765897856877572,50.810104559831004,3.2492859473023485,2017,3,4,34022,Kortrijk,Normaal,Droog,"Nacht, openbare verlichting aanwezig en ontstoken",met lichtgewonden,4,Vrachtwagen,3,Fiets,Op Kruispunt,Gewestweg,buiten bebouwde kom,Tss. 2 best.: langs opzij (voor-/achterkant-flank),Geen hindernis
1095,143,Eco Display Classic Budastraat,Kortrijk,50.83066,3.26286,0.6679937464993961,50.825575316286134,3.257795133732969,2017,3,10,34022,Kortrijk,Normaal,Droog,Dag,met zwaargewonden,3,Fiets,3,Fiets,Op Kruispunt,Gewestweg,binnen bebouwde kom,Tussen 2 bestuurders: Frontale botsing,Geen hindernis
1095,75,Kortrijk teller 2,Kortrijk,50.81925,3.25731,0.7041681654158645,50.825575316286134,3.257795133732969,2017,3,10,34022,Kortrijk,Normaal,Droog,Dag,met zwaargewonden,3,Fiets,3,Fiets,Op Kruispunt,Gewestweg,binnen bebouwde kom,Tussen 2 bestuurders: Frontale botsing,Geen hindernis
1095,74,Kortrijk teller 1,Kortrijk,50.81909,3.25728,0.722041566434683,50.825575316286134,3.257795133732969,2017,3,10,34022,Kortrijk,Normaal,Droog,Dag,met zwaargewonden,3,Fiets,3,Fiets,Op Kruispunt,Gewestweg,binnen bebouwde kom,Tussen 2 bestuurders: Frontale botsing,Geen hindernis
1095,16,Kortrijk 1,Kortrijk,50.83332,3.27777,1.6461444171962143,50.825575316286134,3.257795133732969,2017,3,10,34022,Kortrijk,Normaal,Droog,Dag,met zwaargewonden,3,Fiets,3,Fiets,Op Kruispunt,Gewestweg,binnen bebouwde kom,Tussen 2 bestuurders: Frontale botsing,Geen hindernis
1095,17,Kortrijk 2,Kortrijk,50.83339,3.27773,1.6478411440170715,50.825575316286134,3.257795133732969,2017,3,10,34022,Kortrijk,Normaal,Droog,Dag,met zwaargewonden,3,Fiets,3,Fiets,Op Kruispunt,Gewestweg,binnen bebouwde kom,Tussen 2 bestuurders: Frontale botsing,Geen hindernis
1096,75,Kortrijk teller 2,Kortrijk,50.81925,3.25731,0.8480679563099436,50.821473269665944,3.2688581967146413,2017,3,10,34022,Kortrijk,Normaal,Droog,Dag,met lichtgewonden,3,Fiets,3,Fiets,Op Kruispunt,Gewestweg,binnen bebouwde kom,Tss. 2 best.: langs opzij (voor-/achterkant-flank),Geen hindernis
1096,74,Kortrijk teller 1,Kortrijk,50.81909,3.25728,0.8554287165577794,50.821473269665944,3.2688581967146413,2017,3,10,34022,Kortrijk,Normaal,Droog,Dag,met lichtgewonden,3,Fiets,3,Fiets,Op Kruispunt,Gewestweg,binnen bebouwde kom,Tss. 2 best.: langs opzij (voor-/achterkant-flank),Geen hindernis
1096,143,Eco Display Classic Budastraat,Kortrijk,50.83066,3.26286,1.104988561477591,50.821473269665944,3.2688581967146413,2017,3,10,34022,Kortrijk,Normaal,Droog,Dag,met lichtgewonden,3,Fiets,3,Fiets,Op Kruispunt,Gewestweg,binnen bebouwde kom,Tss. 2 best.: langs opzij (voor-/achterkant-flank),Geen hindernis
1096,16,Kortrijk 1,Kortrijk,50.83332,3.27777,1.4584481606919795,50.821473269665944,3.2688581967146413,2017,3,10,34022,Kortrijk,Normaal,Droog,Dag,met lichtgewonden,3,Fiets,3,Fiets,Op Kruispunt,Gewestweg,binnen bebouwde kom,Tss. 2 best.: langs opzij (voor-/achterkant-flank),Geen hindernis
1096,17,Kortrijk 2,Kortrijk,50.83339,3.27773,1.4642843031092663,50.821473269665944,3.2688581967146413,2017,3,10,34022,Kortrijk,Normaal,Droog,Dag,met lichtgewonden,3,Fiets,3,Fiets,Op Kruispunt,Gewestweg,binnen bebouwde kom,Tss. 2 best.: langs opzij (voor-/achterkant-flank),Geen hindernis
1098,143,Eco Display Classic Budastraat,Kortrijk,50.83066,3.26286,0.8654569198499881,50.82427124686202,3.269897866697988,2017,3,13,34022,Kortrijk,Normaal,Droog,Dag,met lichtgewonden,3,Fiets,3,Fiets,Op Kruispunt,Gewestweg,binnen bebouwde kom,Tss. 2 best.: langs opzij (voor-/achterkant-flank),Geen hindernis
1098,75,Kortrijk teller 2,Kortrijk,50.81925,3.25731,1.0457664293206137,50.82427124686202,3.269897866697988,2017,3,13,34022,Kortrijk,Normaal,Droog,Dag,met lichtgewonden,3,Fiets,3,Fiets,Op Kruispunt,Gewestweg,binnen bebouwde kom,Tss. 2 best.: langs opzij (voor-/achterkant-flank),Geen hindernis
1098,74,Kortrijk teller 1,Kortrijk,50.81909,3.25728,1.0571399660976037,50.82427124686202,3.269897866697988,2017,3,13,34022,Kortrijk,Normaal,Droog,Dag,met lichtgewonden,3,Fiets,3,Fiets,Op Kruispunt,Gewestweg,binnen bebouwde kom,Tss. 2 best.: langs opzij (voor-/achterkant-flank),Geen hindernis
1098,16,Kortrijk 1,Kortrijk,50.83332,3.27777,1.1480800560110451,50.82427124686202,3.269897866697988,2017,3,13,34022,Kortrijk,Normaal,Droog,Dag,met lichtgewonden,3,Fiets,3,Fiets,Op Kruispunt,Gewestweg,binnen bebouwde kom,Tss. 2 best.: langs opzij (voor-/achterkant-flank),Geen hindernis
1098,17,Kortrijk 2,Kortrijk,50.83339,3.27773,1.1535651785780694,50.82427124686202,3.269897866697988,2017,3,13,34022,Kortrijk,Normaal,Droog,Dag,met lichtgewonden,3,Fiets,3,Fiets,Op Kruispunt,Gewestweg,binnen bebouwde kom,Tss. 2 best.: langs opzij (voor-/achterkant-flank),Geen hindernis
1103,17,Kortrijk 2,Kortrijk,50.83339,3.27773,1.3781644289165427,50.84248302805275,3.291066276681854,2017,3,21,34013,Harelbeke,Normaal,Droog,"Nacht, openbare verlichting aanwezig en ontstoken",met lichtgewonden,3,Fiets,6,Bromfiets,Buiten Kruispunt,Gewestweg,buiten bebouwde kom,Tss. 2 best.: langs opzij (voor-/achterkant-flank),Geen hindernis
1103,16,Kortrijk 1,Kortrijk,50.83332,3.27777,1.3819862880712666,50.84248302805275,3.291066276681854,2017,3,21,34013,Harelbeke,Normaal,Droog,"Nacht, openbare verlichting aanwezig en ontstoken",met lichtgewonden,3,Fiets,6,Bromfiets,Buiten Kruispunt,Gewestweg,buiten bebouwde kom,Tss. 2 best.: langs opzij (voor-/achterkant-flank),Geen hindernis
1103,143,Eco Display Classic Budastraat,Kortrijk,50.83066,3.26286,2.3773241827688576,50.84248302805275,3.291066276681854,2017,3,21,34013,Harelbeke,Normaal,Droog,"Nacht, openbare verlichting aanwezig en ontstoken",met lichtgewonden,3,Fiets,6,Bromfiets,Buiten Kruispunt,Gewestweg,buiten bebouwde kom,Tss. 2 best.: langs opzij (voor-/achterkant-flank),Geen hindernis
1110,67,Ieper totem,Ieper,50.85018,2.85624,1.937110830038345,50.85216970516477,2.8836530300984116,2017,3,16,33011,Ieper,Normaal,Droog,Dag,met lichtgewonden,9,personenauto,3,Fiets,Op Kruispunt,Gemeenteweg,binnen bebouwde kom,Tss. 2 best.: langs opzij (voor-/achterkant-flank),Geen hindernis
1110,68,Ieper,Ieper,50.85032,2.85608,1.9465607238350102,50.85216970516477,2.8836530300984116,2017,3,16,33011,Ieper,Normaal,Droog,Dag,met lichtgewonden,9,personenauto,3,Fiets,Op Kruispunt,Gemeenteweg,binnen bebouwde kom,Tss. 2 best.: langs opzij (voor-/achterkant-flank),Geen hindernis
1111,67,Ieper totem,Ieper,50.85018,2.85624,1.6193274850805357,50.85169477764734,2.8791816240122863,2017,3,12,33011,Ieper,Normaal,Droog,Dag,met lichtgewonden,3,Fiets,9,personenauto,Op Kruispunt,Gemeenteweg,binnen bebouwde kom,Tussen 2 bestuurders: Frontale botsing,Geen hindernis
1111,68,Ieper,Ieper,50.85032,2.85608,1.6289622870946576,50.85169477764734,2.8791816240122863,2017,3,12,33011,Ieper,Normaal,Droog,Dag,met lichtgewonden,3,Fiets,9,personenauto,Op Kruispunt,Gemeenteweg,binnen bebouwde kom,Tussen 2 bestuurders: Frontale botsing,Geen hindernis
1113,67,Ieper totem,Ieper,50.85018,2.85624,1.7972890891410587,50.85894910462806,2.8777481024028484,2017,3,16,33011,Ieper,Normaal,Droog,Dag,met lichtgewonden,3,Fiets,10,"één bestuurder, geen hindernis",Op Kruispunt,Gewestweg,binnen bebouwde kom,"Eén bestuurder, geen hindernis (incl. val)",Geen hindernis
1113,68,Ieper,Ieper,50.85032,2.85608,1.7983784583409332,50.85894910462806,2.8777481024028484,2017,3,16,33011,Ieper,Normaal,Droog,Dag,met lichtgewonden,3,Fiets,10,"één bestuurder, geen hindernis",Op Kruispunt,Gewestweg,binnen bebouwde kom,"Eén bestuurder, geen hindernis (incl. val)",Geen hindernis
1114,67,Ieper totem,Ieper,50.85018,2.85624,2.151278229860416,50.8532771172179,2.886489506574391,2017,3,9,33011,Ieper,Normaal,Droog,Dag,met lichtgewonden,3,Fiets,9,personenauto,Op Kruispunt,Gewestweg,binnen bebouwde kom,Tss. 2 best.: langs opzij (voor-/achterkant-flank),Geen hindernis
1114,68,Ieper,Ieper,50.85032,2.85608,2.159938448487078,50.8532771172179,2.886489506574391,2017,3,9,33011,Ieper,Normaal,Droog,Dag,met lichtgewonden,3,Fiets,9,personenauto,Op Kruispunt,Gewestweg,binnen bebouwde kom,Tss. 2 best.: langs opzij (voor-/achterkant-flank),Geen hindernis
1116,67,Ieper totem,Ieper,50.85018,2.85624,2.4716458406540975,50.84483429285385,2.890411883516349,2017,3,7,33011,Ieper,Normaal,"Nat, plassen",Dageraad - schemering,met lichtgewonden,9,personenauto,3,Fiets,Op Kruispunt,Gewestweg,binnen bebouwde kom,Tss. 2 best.: langs opzij (voor-/achterkant-flank),Geen hindernis
1116,68,Ieper,Ieper,50.85032,2.85608,2.4863205686722636,50.84483429285385,2.890411883516349,2017,3,7,33011,Ieper,Normaal,"Nat, plassen",Dageraad - schemering,met lichtgewonden,9,personenauto,3,Fiets,Op Kruispunt,Gewestweg,binnen bebouwde kom,Tss. 2 best.: langs opzij (voor-/achterkant-flank),Geen hindernis
1119,68,Ieper,Ieper,50.85032,2.85608,1.9982261426898837,50.86771856949155,2.8489549584129623,2017,3,17,33011,Ieper,Normaal,Droog+Proper,Dag,met lichtgewonden,9,personenauto,3,Fiets,Buiten Kruispunt,Gewestweg,binnen bebouwde kom,Tss. 2 best.: langs opzij (voor-/achterkant-flank),Geen hindernis
1119,67,Ieper totem,Ieper,50.85018,2.85624,2.0161209343012505,50.86771856949155,2.8489549584129623,2017,3,17,33011,Ieper,Normaal,Droog+Proper,Dag,met lichtgewonden,9,personenauto,3,Fiets,Buiten Kruispunt,Gewestweg,binnen bebouwde kom,Tss. 2 best.: langs opzij (voor-/achterkant-flank),Geen hindernis
1121,41,Maasmechelen teller 1,Maasmechelen,50.97025,5.69799,0.030783648186253128,50.96999401387289,5.697822591285061,2017,3,9,73107,Maasmechelen,Normaal,Droog,Dag,met lichtgewonden,9,personenauto,3,Fiets,Op Kruispunt,Gewestweg,binnen bebouwde kom,Tss. 2 best.: langs opzij (voor-/achterkant-flank),Geen hindernis
1121,42,Maasmechelen teller 2,Maasmechelen,50.97043,5.6981,0.052226217022887544,50.96999401387289,5.697822591285061,2017,3,9,73107,Maasmechelen,Normaal,Droog,Dag,met lichtgewonden,9,personenauto,3,Fiets,Op Kruispunt,Gewestweg,binnen bebouwde kom,Tss. 2 best.: langs opzij (voor-/achterkant-flank),Geen hindernis
1122,35,Lanaken teller 1,Lanaken,50.88112,5.6314,2.1622092667441954,50.89195870090046,5.656991042464394,2017,3,8,73042,Lanaken,Normaal,Droog,Dag,met lichtgewonden,3,Fiets,9,personenauto,Op Kruispunt,Gewestweg,binnen bebouwde kom,Tussen 2 bestuurders: Frontale botsing,Geen hindernis
1122,36,Lanaken teller 2,Lanaken,50.88131,5.63012,2.22600380127738,50.89195870090046,5.656991042464394,2017,3,8,73042,Lanaken,Normaal,Droog,Dag,met lichtgewonden,3,Fiets,9,personenauto,Op Kruispunt,Gewestweg,binnen bebouwde kom,Tussen 2 bestuurders: Frontale botsing,Geen hindernis
1125,136,Gent R4,Gent,51.0876313,3.7587918,2.391486352067382,51.10820117810733,3.7487917426422905,2017,3,18,44021,Gent,Normaal,Droog,Dag,met lichtgewonden,9,personenauto,3,Fiets,Op Kruispunt,Gemeenteweg,binnen bebouwde kom,Tussen 2 bestuurders: Frontale botsing,Geen hindernis
1129,106,St. pieters leeuw teller 1,Sint-Pieters-Leeuw,50.75533,4.24951,2.1113091991864787,50.7660187967515,4.274318824437087,2017,3,7,23003,Beersel,Normaal,Droog+Proper,Dag,met lichtgewonden,9,personenauto,3,Fiets,Buiten Kruispunt,Gemeenteweg,binnen bebouwde kom,Tss. 2 best.: langs opzij (voor-/achterkant-flank),Geen hindernis
1129,105,St. pieters leeuw teller 2,Halle,50.75509,4.24943,2.1310703605728607,50.7660187967515,4.274318824437087,2017,3,7,23003,Beersel,Normaal,Droog+Proper,Dag,met lichtgewonden,9,personenauto,3,Fiets,Buiten Kruispunt,Gemeenteweg,binnen bebouwde kom,Tss. 2 best.: langs opzij (voor-/achterkant-flank),Geen hindernis
1130,106,St. pieters leeuw teller 1,Sint-Pieters-Leeuw,50.75533,4.24951,2.474682970244633,50.76415754194781,4.281806272198187,2017,3,7,23003,Beersel,"Andere (dikke rook,...)",Droog,Dag,met lichtgewonden,9,personenauto,3,Fiets,Op Kruispunt,Gemeenteweg,buiten bebouwde kom,Tss. 2 best.: langs opzij (voor-/achterkant-flank),Geen hindernis
1130,105,St. pieters leeuw teller 2,Halle,50.75509,4.24943,2.490538627741476,50.76415754194781,4.281806272198187,2017,3,7,23003,Beersel,"Andere (dikke rook,...)",Droog,Dag,met lichtgewonden,9,personenauto,3,Fiets,Op Kruispunt,Gemeenteweg,buiten bebouwde kom,Tss. 2 best.: langs opzij (voor-/achterkant-flank),Geen hindernis
1131,106,St. pieters leeuw teller 1,Sint-Pieters-Leeuw,50.75533,4.24951,2.205455295210755,50.77512167394908,4.247459171881873,2017,3,13,23077,Sint-Pieters-Leeuw,Normaal,Droog,Dag,met lichtgewonden,3,Fiets,8,Voetganger,Buiten Kruispunt,Gemeenteweg,binnen bebouwde kom,Met een voetganger,Geen hindernis
1131,105,St. pieters leeuw teller 2,Halle,50.75509,4.24943,2.231729133411818,50.77512167394908,4.247459171881873,2017,3,13,23077,Sint-Pieters-Leeuw,Normaal,Droog,Dag,met lichtgewonden,3,Fiets,8,Voetganger,Buiten Kruispunt,Gemeenteweg,binnen bebouwde kom,Met een voetganger,Geen hindernis
1133,99,Mechelen teller 1,Mechelen,51.04564,4.46882,1.503624708465742,51.035173713245115,4.482437469343442,2017,3,15,12025,Mechelen,Normaal,Droog,Dag,met lichtgewonden,3,Fiets,3,Fiets,Op Kruispunt,Gewestweg,binnen bebouwde kom,Tss. 2 best.: langs opzij (voor-/achterkant-flank),Geen hindernis
1133,100,Mechelen teller 2,Mechelen,51.0457,4.46883,1.508353003182982,51.035173713245115,4.482437469343442,2017,3,15,12025,Mechelen,Normaal,Droog,Dag,met lichtgewonden,3,Fiets,3,Fiets,Op Kruispunt,Gewestweg,binnen bebouwde kom,Tss. 2 best.: langs opzij (voor-/achterkant-flank),Geen hindernis
1137,100,Mechelen teller 2,Mechelen,51.0457,4.46883,0.6405882890253188,51.04519306573491,4.477957671924966,2017,3,8,12025,Mechelen,Normaal,Droog,Dag,met lichtgewonden,9,personenauto,3,Fiets,Buiten Kruispunt,Gewestweg,buiten bebouwde kom,Tss. 2 best.: langs opzij (voor-/achterkant-flank),Geen hindernis
1137,99,Mechelen teller 1,Mechelen,51.04564,4.46882,0.6407331089005931,51.04519306573491,4.477957671924966,2017,3,8,12025,Mechelen,Normaal,Droog,Dag,met lichtgewonden,9,personenauto,3,Fiets,Buiten Kruispunt,Gewestweg,buiten bebouwde kom,Tss. 2 best.: langs opzij (voor-/achterkant-flank),Geen hindernis
1138,99,Mechelen teller 1,Mechelen,51.04564,4.46882,1.3545026078954745,51.03420564142103,4.475499682798276,2017,3,21,12025,Mechelen,Normaal,Droog,"Nacht, openbare verlichting aanwezig en ontstoken",met lichtgewonden,3,Fiets,10,"één bestuurder, geen hindernis",Op Kruispunt,Gewestweg,binnen bebouwde kom,"Eén bestuurder, geen hindernis (incl. val)",Geen hindernis
1138,100,Mechelen teller 2,Mechelen,51.0457,4.46883,1.3605272260345644,51.03420564142103,4.475499682798276,2017,3,21,12025,Mechelen,Normaal,Droog,"Nacht, openbare verlichting aanwezig en ontstoken",met lichtgewonden,3,Fiets,10,"één bestuurder, geen hindernis",Op Kruispunt,Gewestweg,binnen bebouwde kom,"Eén bestuurder, geen hindernis (incl. val)",Geen hindernis
1139,99,Mechelen teller 1,Mechelen,51.04564,4.46882,1.714415321082723,51.03028315002358,4.471003543576366,2017,3,15,12025,Mechelen,Normaal,Droog,Dag,met lichtgewonden,3,Fiets,9,personenauto,Op Kruispunt,Gewestweg,binnen bebouwde kom,Tussen 2 bestuurders: Frontale botsing,Geen hindernis
1139,100,Mechelen teller 2,Mechelen,51.0457,4.46883,1.7209987190695846,51.03028315002358,4.471003543576366,2017,3,15,12025,Mechelen,Normaal,Droog,Dag,met lichtgewonden,3,Fiets,9,personenauto,Op Kruispunt,Gewestweg,binnen bebouwde kom,Tussen 2 bestuurders: Frontale botsing,Geen hindernis
1140,109,Zemst,Zemst,50.9903936,4.4707023,2.044134613905127,51.00860818767299,4.474651254629513,2017,2,16,12025,Mechelen,"Andere (dikke rook,...)",Droog,Dag,met lichtgewonden,5,Lichte vrachtauto,3,Fiets,Op Kruispunt,Gewestweg,buiten bebouwde kom,Tss. 2 best.: langs opzij (voor-/achterkant-flank),Geen hindernis