crash_row_id,site_id,site_name,site_gemeente,site_lat,site_long,distance_km,crash_lat,crash_long,DT_YEAR_COLLISION,DT_MONTH_COLLISION,DT_TIME,CD_NIS,TX_MUNTY_COLLISION_NL,TX_WEATHER_NL,TX_ROAD_CONDITION_NL,TX_LIGHT_CONDITION_NL,TX_CLASS_ACCIDENTS_NL,CD_ROAD_USR_TYPE1,TX_ROAD_USR_TYPE1_NL,CD_ROAD_USR_TYPE2,TX_ROAD_USR_TYPE2_NL,TX_CROSSWAY_NL,CD_ROAD_TYPE_NL,TX_BUILD_UP_AREA_NL,TX_COLLISION_TYPE_NL,TX_OBSTACLES_NL
1141,99,Mechelen teller 1,Mechelen,51.04564,4.46882,2.1714850514919872,51.028940478288526,4.484919993956841,2017,3,10,12025,Mechelen,Normaal,Droog,Dag,met lichtgewonden,3,Fiets,2,Andere weggebruiker,Op Kruispunt,Gewestweg,binnen bebouwde kom,Tss. 2 best.: langs opzij (voor-/achterkant-flank),Geen hindernis
1141,100,Mechelen teller 2,Mechelen,51.0457,4.46883,2.176831142270396,51.028940478288526,4.484919993956841,2017,3,10,12025,Mechelen,Normaal,Droog,Dag,met lichtgewonden,3,Fiets,2,Andere weggebruiker,Op Kruispunt,Gewestweg,binnen bebouwde kom,Tss. 2 best.: langs opzij (voor-/achterkant-flank),Geen hindernis
1142,140,Hasselt ring,Hasselt,50.9300038,5.3438616,1.2133489432528055,50.92240673390589,5.331434750498775,2017,3,7,71022,Hasselt,Normaal,Droog,Dag,met lichtgewonden,3,Fiets,5,Lichte vrachtauto,Buiten Kruispunt,Gewestweg,binnen bebouwde kom,Tss. 2 best.: langs opzij (voor-/achterkant-flank),Geen hindernis
1142,138,Hasselt-Kempische brug,Hasselt,50.9405318,5.3422472,2.1531541157477885,50.92240673390589,5.331434750498775,2017,3,7,71022,Hasselt,Normaal,Droog,Dag,met lichtgewonden,3,Fiets,5,Lichte vrachtauto,Buiten Kruispunt,Gewestweg,binnen bebouwde kom,Tss. 2 best.: langs opzij (voor-/achterkant-flank),Geen hindernis
1142,137,Hasselt-Kempische brug,Hasselt,50.9411605,5.3417576,2.207242597741429,50.92240673390589,5.331434750498775,2017,3,7,71022,Hasselt,Normaal,Droog,Dag,met lichtgewonden,3,Fiets,5,Lichte vrachtauto,Buiten Kruispunt,Gewestweg,binnen bebouwde kom,Tss. 2 best.: langs opzij (voor-/achterkant-flank),Geen hindernis
1145,140,Hasselt ring,Hasselt,50.9300038,5.3438616,1.9611368547329238,50.91295039802876,5.350998808064384,2017,3,10,71022,Hasselt,Normaal,Droog,Dag,met lichtgewonden,9,personenauto,3,Fiets,Buiten Kruispunt,Gewestweg,buiten bebouwde kom,Tss. 2 best.: langs opzij (voor-/achterkant-flank),Geen hindernis
1149,140,Hasselt ring,Hasselt,50.9300038,5.3438616,0.049638296669573034,50.929570007346754,5.343694409745199,2017,3,19,71022,Hasselt,Normaal,Onbekend,Dag,met lichtgewonden,9,personenauto,3,Fiets,Buiten Kruispunt,Gewestweg,binnen bebouwde kom,Tussen 2 bestuurders: Langs achteren,Geen hindernis
1149,138,Hasselt-Kempische brug,Hasselt,50.9405318,5.3422472,1.2231073073882304,50.929570007346754,5.343694409745199,2017,3,19,71022,Hasselt,Normaal,Onbekend,Dag,met lichtgewonden,9,personenauto,3,Fiets,Buiten Kruispunt,Gewestweg,binnen bebouwde kom,Tussen 2 bestuurders: Langs achteren,Geen hindernis
1149,137,Hasselt-Kempische brug,Hasselt,50.9411605,5.3417576,1.2959305435197723,50.929570007346754,5.343694409745199,2017,3,19,71022,Hasselt,Normaal,Onbekend,Dag,met lichtgewonden,9,personenauto,3,Fiets,Buiten Kruispunt,Gewestweg,binnen bebouwde kom,Tussen 2 bestuurders: Langs achteren,Geen hindernis
1150,137,Hasselt-Kempische brug,Hasselt,50.9411605,5.3417576,1.8103592522801577,50.95423336506579,5.357160213996136,2017,3,7,71022,Hasselt,Regenval,"Nat, plassen",Dag,met lichtgewonden,3,Fiets,9,personenauto,Buiten Kruispunt,Gemeenteweg,buiten bebouwde kom,Tss. 2 best.: langs opzij (voor-/achterkant-flank),Geen hindernis
1150,138,Hasselt-Kempische brug,Hasselt,50.9405318,5.3422472,1.8473494205073988,50.95423336506579,5.357160213996136,2017,3,7,71022,Hasselt,Regenval,"Nat, plassen",Dag,met lichtgewonden,3,Fiets,9,personenauto,Buiten Kruispunt,Gemeenteweg,buiten bebouwde kom,Tss. 2 best.: langs opzij (voor-/achterkant-flank),Geen hindernis
1151,140,Hasselt ring,Hasselt,50.9300038,5.3438616,0.4372595563417578,50.92971203856034,5.350083573105462,2017,3,11,71022,Hasselt,Onbekend,Onbekend,Dag,met lichtgewonden,9,personenauto,3,Fiets,Op Kruispunt,Gewestweg,binnen bebouwde kom,Tss. 2 best.: langs opzij (voor-/achterkant-flank),Geen hindernis
1151,138,Hasselt-Kempische brug,Hasselt,50.9405318,5.3422472,1.3224992018175066,50.92971203856034,5.350083573105462,2017,3,11,71022,Hasselt,Onbekend,Onbekend,Dag,met lichtgewonden,9,personenauto,3,Fiets,Op Kruispunt,Gewestweg,binnen bebouwde kom,Tss. 2 best.: langs opzij (voor-/achterkant-flank),Geen hindernis
1151,137,Hasselt-Kempische brug,Hasselt,50.9411605,5.3417576,1.4003419522839737,50.92971203856034,5.350083573105462,2017,3,11,71022,Hasselt,Onbekend,Onbekend,Dag,met lichtgewonden,9,personenauto,3,Fiets,Op Kruispunt,Gewestweg,binnen bebouwde kom,Tss. 2 best.: langs opzij (voor-/achterkant-flank),Geen hindernis
1181,3,Brasschaat 1,Brasschaat,51.27503,4.47222,1.9092050026848315,51.258423759483996,4.4652465529678365,2017,4,7,11040,Schoten,Normaal,Droog,Dag,met lichtgewonden,9,personenauto,3,Fiets,Buiten Kruispunt,Gewestweg,binnen bebouwde kom,Tussen 2 bestuurders: Frontale botsing,Geen hindernis
1181,2,Brasschaat 2,Brasschaat,51.27512,4.47169,1.9098955189221765,51.258423759483996,4.4652465529678365,2017,4,7,11040,Schoten,Normaal,Droog,Dag,met lichtgewonden,9,personenauto,3,Fiets,Buiten Kruispunt,Gewestweg,binnen bebouwde kom,Tussen 2 bestuurders: Frontale botsing,Geen hindernis
1225,3,Brasschaat 1,Brasschaat,51.27503,4.47222,1.814579385942603,51.28818622166911,4.487655940969811,2017,4,18,11008,Brasschaat,Normaal,Droog,Dag,met lichtgewonden,9,personenauto,3,Fiets,Op Kruispunt,Gewestweg,binnen bebouwde kom,Tss. 2 best.: langs opzij (voor-/achterkant-flank),Geen hindernis
1225,2,Brasschaat 2,Brasschaat,51.27512,4.47169,1.8286676321452828,51.28818622166911,4.487655940969811,2017,4,18,11008,Brasschaat,Normaal,Droog,Dag,met lichtgewonden,9,personenauto,3,Fiets,Op Kruispunt,Gewestweg,binnen bebouwde kom,Tss. 2 best.: langs opzij (voor-/achterkant-flank),Geen hindernis
1228,3,Brasschaat 1,Brasschaat,51.27503,4.47222,1.9092050026848315,51.258423759483996,4.4652465529678365,2017,4,16,11040,Schoten,Normaal,Droog,Dag,met lichtgewonden,9,personenauto,3,Fiets,Buiten Kruispunt,Gewestweg,binnen bebouwde kom,Tss. 2 best.: langs opzij (voor-/achterkant-flank),Geen hindernis
1228,2,Brasschaat 2,Brasschaat,51.27512,4.47169,1.9098955189221765,51.258423759483996,4.4652465529678365,2017,4,16,11040,Schoten,Normaal,Droog,Dag,met lichtgewonden,9,personenauto,3,Fiets,Buiten Kruispunt,Gewestweg,binnen bebouwde kom,Tss. 2 best.: langs opzij (voor-/achterkant-flank),Geen hindernis
1243,96,Lier teller 2,Lier,51.11705,4.58444,2.472993146012565,51.135319699620844,4.564232484972248,2017,4,13,12021,Lier,Normaal,Droog,Dag,met lichtgewonden,3,Fiets,9,personenauto,Op Kruispunt,Gewestweg,binnen bebouwde kom,Tss. 2 best.: langs opzij (voor-/achterkant-flank),Geen hindernis
1243,95,Lier teller 1,Lier,51.11687,4.58437,2.486698706013055,51.135319699620844,4.564232484972248,2017,4,13,12021,Lier,Normaal,Droog,Dag,met lichtgewonden,3,Fiets,9,personenauto,Op Kruispunt,Gewestweg,binnen bebouwde kom,Tss. 2 best.: langs opzij (voor-/achterkant-flank),Geen hindernis
1245,92,Nijlen teller 1,Nijlen,51.14989,4.64479,2.250503010910948,51.16122063659602,4.671528077682168,2017,4,18,12026,Nijlen,Normaal,Droog,Dag,met lichtgewonden,3,Fiets,9,personenauto,Buiten Kruispunt,Gewestweg,binnen bebouwde kom,Tss. 2 best.: langs opzij (voor-/achterkant-flank),Geen hindernis
1245,93,Nijlen teller 2,Nijlen,51.14998,4.64469,2.250710855231557,51.16122063659602,4.671528077682168,2017,4,18,12026,Nijlen,Normaal,Droog,Dag,met lichtgewonden,3,Fiets,9,personenauto,Buiten Kruispunt,Gewestweg,binnen bebouwde kom,Tss. 2 best.: langs opzij (voor-/achterkant-flank),Geen hindernis
1246,9,Heist op den Berg 2,Heist-op-den-Berg,51.06904,4.69524,0.6667413051796952,51.07221307355671,4.703336877720672,2017,4,11,12014,Heist-op-den-Berg,Normaal,Droog,Dag,met lichtgewonden,9,personenauto,3,Fiets,Op Kruispunt,Gewestweg,binnen bebouwde kom,Tss. 2 best.: langs opzij (voor-/achterkant-flank),Geen hindernis
1246,8,Heist op den Berg 1,Heist-op-den-Berg,51.06759,4.68823,1.174067012461205,51.07221307355671,4.703336877720672,2017,4,11,12014,Heist-op-den-Berg,Normaal,Droog,Dag,met lichtgewonden,9,personenauto,3,Fiets,Op Kruispunt,Gewestweg,binnen bebouwde kom,Tss. 2 best.: langs opzij (voor-/achterkant-flank),Geen hindernis
1257,97,Geel teller 1,Geel,51.14813,4.99698,1.6854225200045765,51.16302409662467,5.001464601739174,2017,4,8,13008,Geel,Normaal,Droog,Dag,met lichtgewonden,3,Fiets,4,Vrachtwagen,Op Kruispunt,Gewestweg,binnen bebouwde kom,Tss. 2 best.: langs opzij (voor-/achterkant-flank),Geen hindernis
1257,98,Geel teller 2,Geel,51.1481,4.99643,1.6962238441696567,51.16302409662467,5.001464601739174,2017,4,8,13008,Geel,Normaal,Droog,Dag,met lichtgewonden,3,Fiets,4,Vrachtwagen,Op Kruispunt,Gewestweg,binnen bebouwde kom,Tss. 2 best.: langs opzij (voor-/achterkant-flank),Geen hindernis
1258,98,Geel teller 2,Geel,51.1481,4.99643,1.462497802958345,51.15995924232455,4.987362264985535,2017,3,19,13008,Geel,Normaal,Droog,Dag,met lichtgewonden,3,Fiets,11,een weggebruiker tegen een hindernis,Buiten Kruispunt,Gemeenteweg,binnen bebouwde kom,Weggebruiker tegen hindernis buiten rijbaan,Andere hindernis
1258,97,Geel teller 1,Geel,51.14813,4.99698,1.4765173299274437,51.15995924232455,4.987362264985535,2017,3,19,13008,Geel,Normaal,Droog,Dag,met lichtgewonden,3,Fiets,11,een weggebruiker tegen een hindernis,Buiten Kruispunt,Gemeenteweg,binnen bebouwde kom,Weggebruiker tegen hindernis buiten rijbaan,Andere hindernis
1262,135,Retie 2,Dessel,51.2544998,5.1040064,2.0828068160578668,51.23730410698429,5.115871344986231,2017,4,9,13006,Dessel,Normaal,Droog,Dag,met lichtgewonden,9,personenauto,3,Fiets,Op Kruispunt,Gemeenteweg,binnen bebouwde kom,Tss. 2 best.: langs opzij (voor-/achterkant-flank),Geen hindernis
1262,134,Retie,Dessel,51.2548405,5.1037658,2.1242247823373934,51.23730410698429,5.115871344986231,2017,4,9,13006,Dessel,Normaal,Droog,Dag,met lichtgewonden,9,personenauto,3,Fiets,Op Kruispunt,Gemeenteweg,binnen bebouwde kom,Tss. 2 best.: langs opzij (voor-/achterkant-flank),Geen hindernis
1264,94,Herentals teller 2,Herentals,51.17345,4.81283,1.3927069330792576,51.16703981017958,4.8299912493802495,2017,4,8,13011,Herentals,Normaal,Droog,Dag,met lichtgewonden,6,Bromfiets,3,Fiets,Op Kruispunt,Gemeenteweg,binnen bebouwde kom,Tussen 2 bestuurders: Frontale botsing,Geen hindernis
1264,110,Herentals totem,Herentals,51.1739426,4.811783,1.48347849011488,51.16703981017958,4.8299912493802495,2017,4,8,13011,Herentals,Normaal,Droog,Dag,met lichtgewonden,6,Bromfiets,3,Fiets,Op Kruispunt,Gemeenteweg,binnen bebouwde kom,Tussen 2 bestuurders: Frontale botsing,Geen hindernis
1265,94,Herentals teller 2,Herentals,51.17345,4.81283,1.2646634629872664,51.165789895196696,4.826237853760643,2017,4,20,13011,Herentals,Normaal,Droog,"Nacht, openbare verlichting aanwezig en ontstoken",met lichtgewonden,9,personenauto,3,Fiets,Buiten Kruispunt,Gemeenteweg,buiten bebouwde kom,Tss. 2 best.: langs opzij (voor-/achterkant-flank),Geen hindernis
1265,110,Herentals totem,Herentals,51.1739426,4.811783,1.3555369943498432,51.165789895196696,4.826237853760643,2017,4,20,13011,Herentals,Normaal,Droog,"Nacht, openbare verlichting aanwezig en ontstoken",met lichtgewonden,9,personenauto,3,Fiets,Buiten Kruispunt,Gemeenteweg,buiten bebouwde kom,Tss. 2 best.: langs opzij (voor-/achterkant-flank),Geen hindernis
1266,38,Lommel teller 2,Lommel,51.23277,5.29189,0.01368120758983138,51.2328913354185,5.2918574234743465,2017,4,17,72020,Lommel,Normaal,Droog,Dag,met lichtgewonden,9,personenauto,3,Fiets,Buiten Kruispunt,Gewestweg,buiten bebouwde kom,Tss. 2 best.: langs opzij (voor-/achterkant-flank),Geen hindernis
1266,37,Lommel teller 1,Lommel,51.23299,5.29211,0.020727290223475005,51.2328913354185,5.2918574234743465,2017,4,17,72020,Lommel,Normaal,Droog,Dag,met lichtgewonden,9,personenauto,3,Fiets,Buiten Kruispunt,Gewestweg,buiten bebouwde kom,Tss. 2 best.: langs opzij (voor-/achterkant-flank),Geen hindernis
1268,37,Lommel teller 1,Lommel,51.23299,5.29211,1.256988527325154,51.228581915386044,5.308733672196934,2017,4,10,72020,Lommel,Normaal,Droog,Dag,met lichtgewonden,5,Lichte vrachtauto,3,Fiets,Buiten Kruispunt,Gemeenteweg,binnen bebouwde kom,Tss. 2 best.: langs opzij (voor-/achterkant-flank),Geen hindernis
1268,38,Lommel teller 2,Lommel,51.23277,5.29189,1.2618794886043092,51.228581915386044,5.308733672196934,2017,4,10,72020,Lommel,Normaal,Droog,Dag,met lichtgewonden,5,Lichte vrachtauto,3,Fiets,Buiten Kruispunt,Gemeenteweg,binnen bebouwde kom,Tss. 2 best.: langs opzij (voor-/achterkant-flank),Geen hindernis
1284,21,Bilzen,Bilzen,50.86015,5.50161,0.70612881189004,50.85765452274682,5.510860955119434,2017,4,10,73006,Bilzen,Normaal,Droog,Dag,met zwaargewonden,3,Fiets,10,"één bestuurder, geen hindernis",Buiten Kruispunt,Gemeenteweg,binnen bebouwde kom,"Eén bestuurder, geen hindernis (incl. val)",Geen hindernis
1285,48,As,As,51.00509,5.60389,1.9048023415179973,51.02016091955752,5.616833470845273,2017,4,8,71002,As,Regenval,"Nat, plassen",Dag,met lichtgewonden,5,Lichte vrachtauto,3,Fiets,Buiten Kruispunt,Gemeenteweg,buiten bebouwde kom,Tussen 2 bestuurders: Frontale botsing,Geen hindernis
1286,14,Genk,Genk,50.97172,5.48927,2.0931515629070963,50.98334012373831,5.512791171240453,2017,4,16,71016,Genk,Onbekend,Onbekend,Dag,met lichtgewonden,3,Fiets,9,personenauto,Op Kruispunt,Gemeenteweg,buiten bebouwde kom,Tss. 2 best.: langs opzij (voor-/achterkant-flank),Geen hindernis
1290,151,Leuven,District Leuven,50.8690262,4.6854839,1.0092963096843832,50.867988605685134,4.699772106919057,2017,4,10,24062,Leuven,Normaal,"Nat, plassen",Dag,met lichtgewonden,3,Fiets,11,een weggebruiker tegen een hindernis,Buiten Kruispunt,Gewestweg,binnen bebouwde kom,Weggebruiker tegen hindernis buiten rijbaan,Buiten de rijbaan: Andere paal
1290,69,Leuven teller 1,Leuven,50.87549,4.71526,1.3699893285897902,50.867988605685134,4.699772106919057,2017,4,10,24062,Leuven,Normaal,"Nat, plassen",Dag,met lichtgewonden,3,Fiets,11,een weggebruiker tegen een hindernis,Buiten Kruispunt,Gewestweg,binnen bebouwde kom,Weggebruiker tegen hindernis buiten rijbaan,Buiten de rijbaan: Andere paal
1290,77,Leuven teller 2,Leuven,50.88672,4.70796,2.1606092671996056,50.867988605685134,4.699772106919057,2017,4,10,24062,Leuven,Normaal,"Nat, plassen",Dag,met lichtgewonden,3,Fiets,11,een weggebruiker tegen een hindernis,Buiten Kruispunt,Gewestweg,binnen bebouwde kom,Weggebruiker tegen hindernis buiten rijbaan,Buiten de rijbaan: Andere paal
1290,107,leuven totem,Leuven,50.8870744,4.7087919,2.214590246064894,50.867988605685134,4.699772106919057,2017,4,10,24062,Leuven,Normaal,"Nat, plassen",Dag,met lichtgewonden,3,Fiets,11,een weggebruiker tegen een hindernis,Buiten Kruispunt,Gewestweg,binnen bebouwde kom,Weggebruiker tegen hindernis buiten rijbaan,Buiten de rijbaan: Andere paal
1290,108,Heverlee teller 1,Leuven,50.8471728,4.6954674,2.3342507168151627,50.867988605685134,4.699772106919057,2017,4,10,24062,Leuven,Normaal,"Nat, plassen",Dag,met lichtgewonden,3,Fiets,11,een weggebruiker tegen een hindernis,Buiten Kruispunt,Gewestweg,binnen bebouwde kom,Weggebruiker tegen hindernis buiten rijbaan,Buiten de rijbaan: Andere paal
1290,76,Heverlee teller 2,Leuven,50.84606,4.69597,2.4529113685375683,50.867988605685134,4.699772106919057,2017,4,10,24062,Leuven,Normaal,"Nat, plassen",Dag,met lichtgewonden,3,Fiets,11,een weggebruiker tegen een hindernis,Buiten Kruispunt,Gewestweg,binnen bebouwde kom,Weggebruiker tegen hindernis buiten rijbaan,Buiten de rijbaan: Andere paal
1291,69,Leuven teller 1,Leuven,50.87549,4.71526,1.0034381535392989,50.86854401486075,4.706130949349865,2017,4,17,24062,Leuven,Normaal,Droog,Dag,met lichtgewonden,9,personenauto,3,Fiets,Op Kruispunt,Gewestweg,binnen bebouwde kom,Tss. 2 best.: langs opzij (voor-/achterkant-flank),Geen hindernis
1291,151,Leuven,District Leuven,50.8690262,4.6854839,1.449897390591301,50.86854401486075,4.706130949349865,2017,4,17,24062,Leuven,Normaal,Droog,Dag,met lichtgewonden,9,personenauto,3,Fiets,Op Kruispunt,Gewestweg,binnen bebouwde kom,Tss. 2 best.: langs opzij (voor-/achterkant-flank),Geen hindernis
1291,77,Leuven teller 2,Leuven,50.88672,4.70796,2.0251473943359466,50.86854401486075,4.706130949349865,2017,4,17,24062,Leuven,Normaal,Droog,Dag,met lichtgewonden,9,personenauto,3,Fiets,Op Kruispunt,Gewestweg,binnen bebouwde kom,Tss. 2 best.: langs opzij (voor-/achterkant-flank),Geen hindernis
1291,107,leuven totem,Leuven,50.8870744,4.7087919,2.0689255780901328,50.86854401486075,4.706130949349865,2017,4,17,24062,Leuven,Normaal,Droog,Dag,met lichtgewonden,9,personenauto,3,Fiets,Op Kruispunt,Gewestweg,binnen bebouwde kom,Tss. 2 best.: langs opzij (voor-/achterkant-flank),Geen hindernis
1291,108,Heverlee teller 1,Leuven,50.8471728,4.6954674,2.4914602120051677,50.86854401486075,4.706130949349865,2017,4,17,24062,Leuven,Normaal,Droog,Dag,met lichtgewonden,9,personenauto,3,Fiets,Op Kruispunt,Gewestweg,binnen bebouwde kom,Tss. 2 best.: langs opzij (voor-/achterkant-flank),Geen hindernis
1292,151,Leuven,District Leuven,50.8690262,4.6854839,0.9673779619247628,50.8618959000613,4.693381594194123,2017,4,13,24062,Leuven,Onbekend,Onbekend,Dag,met lichtgewonden,9,personenauto,3,Fiets,Buiten Kruispunt,Gemeenteweg,onbekend,Tussen 2 bestuurders: Frontale botsing,Geen hindernis
1292,108,Heverlee teller 1,Leuven,50.8471728,4.6954674,1.643668305959116,50.8618959000613,4.693381594194123,2017,4,13,24062,Leuven,Onbekend,Onbekend,Dag,met lichtgewonden,9,personenauto,3,Fiets,Buiten Kruispunt,Gemeenteweg,onbekend,Tussen 2 bestuurders: Frontale botsing,Geen hindernis
1292,76,Heverlee teller 2,Leuven,50.84606,4.69597,1.770221401490075,50.8618959000613,4.693381594194123,2017,4,13,24062,Leuven,Onbekend,Onbekend,Dag,met lichtgewonden,9,personenauto,3,Fiets,Buiten Kruispunt,Gemeenteweg,onbekend,Tussen 2 bestuurders: Frontale botsing,Geen hindernis
1292,69,Leuven teller 1,Leuven,50.87549,4.71526,2.1545588836897305,50.8618959000613,4.693381594194123,2017,4,13,24062,Leuven,Onbekend,Onbekend,Dag,met lichtgewonden,9,personenauto,3,Fiets,Buiten Kruispunt,Gemeenteweg,onbekend,Tussen 2 bestuurders: Frontale botsing,Geen hindernis
1293,69,Leuven teller 1,Leuven,50.87549,4.71526,0.439194109024113,50.8725285820257,4.719401742376419,2017,4,14,24062,Leuven,Normaal,Droog,Dag,met zwaargewonden,4,Vrachtwagen,3,Fiets,Op Kruispunt,Gewestweg,binnen bebouwde kom,Tussen 2 bestuurders: Frontale botsing,Geen hindernis
1293,77,Leuven teller 2,Leuven,50.88672,4.70796,1.7704558340217282,50.8725285820257,4.719401742376419,2017,4,14,24062,Leuven,Normaal,Droog,Dag,met zwaargewonden,4,Vrachtwagen,3,Fiets,Op Kruispunt,Gewestweg,binnen bebouwde kom,Tussen 2 bestuurders: Frontale botsing,Geen hindernis
1293,107,leuven totem,Leuven,50.8870744,4.7087919,1.7804877760240294,50.8725285820257,4.719401742376419,2017,4,14,24062,Leuven,Normaal,Droog,Dag,met zwaargewonden,4,Vrachtwagen,3,Fiets,Op Kruispunt,Gewestweg,binnen bebouwde kom,Tussen 2 bestuurders: Frontale botsing,Geen hindernis
1293,151,Leuven,District Leuven,50.8690262,4.6854839,2.411732909660249,50.8725285820257,4.719401742376419,2017,4,14,24062,Leuven,Normaal,Droog,Dag,met zwaargewonden,4,Vrachtwagen,3,Fiets,Op Kruispunt,Gewestweg,binnen bebouwde kom,Tussen 2 bestuurders: Frontale botsing,Geen hindernis
1294,77,Leuven teller 2,Leuven,50.88672,4.70796,0.7961552997267166,50.879696481774914,4.705754733106582,2017,4,16,24062,Leuven,Normaal,Droog,Dag,met lichtgewonden,3,Fiets,9,personenauto,Op Kruispunt,Gemeenteweg,binnen bebouwde kom,Tss. 2 best.: langs opzij (voor-/achterkant-flank),Geen hindernis
1294,69,Leuven teller 1,Leuven,50.87549,4.71526,0.8145816449538172,50.879696481774914,4.705754733106582,2017,4,16,24062,Leuven,Normaal,Droog,Dag,met lichtgewonden,3,Fiets,9,personenauto,Op Kruispunt,Gemeenteweg,binnen bebouwde kom,Tss. 2 best.: langs opzij (voor-/achterkant-flank),Geen hindernis
1294,107,leuven totem,Leuven,50.8870744,4.7087919,0.8476037947344048,50.879696481774914,4.705754733106582,2017,4,16,24062,Leuven,Normaal,Droog,Dag,met lichtgewonden,3,Fiets,9,personenauto,Op Kruispunt,Gemeenteweg,binnen bebouwde kom,Tss. 2 best.: langs opzij (voor-/achterkant-flank),Geen hindernis
1294,151,Leuven,District Leuven,50.8690262,4.6854839,1.8522346558355842,50.879696481774914,4.705754733106582,2017,4,16,24062,Leuven,Normaal,Droog,Dag,met lichtgewonden,3,Fiets,9,personenauto,Op Kruispunt,Gemeenteweg,binnen bebouwde kom,Tss. 2 best.: langs opzij (voor-/achterkant-flank),Geen hindernis
1296,22,Tienen 2,Tienen,50.81330800184882,4.935984252796022,1.0660647153306093,50.80462208902852,4.942407017107541,2017,4,15,24107,Tienen,Normaal,Droog,Dag,met lichtgewonden,5,Lichte vrachtauto,3,Fiets,Op Kruispunt,Gemeenteweg,binnen bebouwde kom,Tss. 2 best.: langs opzij (voor-/achterkant-flank),Geen hindernis
1296,24,Tienen 1,Tienen,50.8133795491886,4.935044252605416,1.1026796124610136,50.80462208902852,4.942407017107541,2017,4,15,24107,Tienen,Normaal,Droog,Dag,met lichtgewonden,5,Lichte vrachtauto,3,Fiets,Op Kruispunt,Gemeenteweg,binnen bebouwde kom,Tss. 2 best.: langs opzij (voor-/achterkant-flank),Geen hindernis
1296,23,Tienen 3,Tienen,50.81324,4.93447,1.1087384039755668,50.80462208902852,4.942407017107541,2017,4,15,24107,Tienen,Normaal,Droog,Dag,met lichtgewonden,5,Lichte vrachtauto,3,Fiets,Op Kruispunt,Gemeenteweg,binnen bebouwde kom,Tss. 2 best.: langs opzij (voor-/achterkant-flank),Geen hindernis
1297,73,Herent teller 2,Herent,50.89128,4.64685,0.2452240019374092,50.8893578516412,4.64856394498921,2017,4,14,24038,Herent,Normaal,Droog,Dag,met lichtgewonden,3,Fiets,8,Voetganger,Buiten Kruispunt,Gemeenteweg,binnen bebouwde kom,Met een voetganger,Geen hindernis
1297,72,Herent teller 1,Herent,50.89135,4.64689,0.25071076572875217,50.8893578516412,4.64856394498921,2017,4,14,24038,Herent,Normaal,Droog,Dag,met lichtgewonden,3,Fiets,8,Voetganger,Buiten Kruispunt,Gemeenteweg,binnen bebouwde kom,Met een voetganger,Geen hindernis
1298,87,Aarschot,Aarschot,50.99084,4.81259,1.2580016478537024,50.986932201126024,4.82945678429115,2017,4,19,24001,Aarschot,Normaal,Droog,Dag,met lichtgewonden,9,personenauto,3,Fiets,Op Kruispunt,Gemeenteweg,binnen bebouwde kom,Tss. 2 best.: langs opzij (voor-/achterkant-flank),Geen hindernis
1299,101,Diest teller 1,Diest,50.97799,5.04481,0.4388330332248166,50.97986480052137,5.039294215447558,2017,4,13,24020,Diest,Normaal,Droog,Dag,met lichtgewonden,3,Fiets,3,Fiets,Op Kruispunt,Gewestweg,binnen bebouwde kom,Tussen 2 bestuurders: Frontale botsing,Geen hindernis
1299,102,Diest teller 2,Diest,50.9779,5.04474,0.4394161906273593,50.97986480052137,5.039294215447558,2017,4,13,24020,Diest,Normaal,Droog,Dag,met lichtgewonden,3,Fiets,3,Fiets,Op Kruispunt,Gewestweg,binnen bebouwde kom,Tussen 2 bestuurders: Frontale botsing,Geen hindernis
1300,101,Diest teller 1,Diest,50.97799,5.04481,0.951198467332149,50.978133599039744,5.0583946326090174,2017,4,8,24020,Diest,Normaal,Droog,Dag,met lichtgewonden,3,Fiets,8,Voetganger,Buiten Kruispunt,Gewestweg,binnen bebouwde kom,Met een voetganger,Geen hindernis
1300,102,Diest teller 2,Diest,50.9779,5.04474,0.9563189108930975,50.978133599039744,5.0583946326090174,2017,4,8,24020,Diest,Normaal,Droog,Dag,met lichtgewonden,3,Fiets,8,Voetganger,Buiten Kruispunt,Gewestweg,binnen bebouwde kom,Met een voetganger,Geen hindernis
1301,87,Aarschot,Aarschot,50.99084,4.81259,2.2338062250773336,50.98580798164166,4.781693529844019,2017,2,18,24007,Begijnendijk,Onbekend,Onbekend,Onbekend,met zwaargewonden,2,Andere weggebruiker,3,Fiets,Buiten Kruispunt,Gemeenteweg,binnen bebouwde kom,Tussen 2 bestuurders: Langs achteren,Geen hindernis
1302,26,Zaventem,Zaventem,50.86995,4.45444,1.5985666688802913,50.86389229972508,4.433782124315552,2017,4,17,23094,Zaventem,Normaal,Droog,Dag,met lichtgewonden,9,personenauto,3,Fiets,Op Kruispunt,Gewestweg,buiten bebouwde kom,Tss. 2 best.: langs opzij (voor-/achterkant-flank),Geen hindernis
1302,149,Machelen,,50.88297881,4.43356644,2.1223770693906685,50.86389229972508,4.433782124315552,2017,4,17,23094,Zaventem,Normaal,Droog,Dag,met lichtgewonden,9,personenauto,3,Fiets,Op Kruispunt,Gewestweg,buiten bebouwde kom,Tss. 2 best.: langs opzij (voor-/achterkant-flank),Geen hindernis