crash_row_id,site_id,site_name,site_gemeente,site_lat,site_long,distance_km,crash_lat,crash_long,DT_YEAR_COLLISION,DT_MONTH_COLLISION,DT_TIME,CD_NIS,TX_MUNTY_COLLISION_NL,TX_WEATHER_NL,TX_ROAD_CONDITION_NL,TX_LIGHT_CONDITION_NL,TX_CLASS_ACCIDENTS_NL,CD_ROAD_USR_TYPE1,TX_ROAD_USR_TYPE1_NL,CD_ROAD_USR_TYPE2,TX_ROAD_USR_TYPE2_NL,TX_CROSSWAY_NL,CD_ROAD_TYPE_NL,TX_BUILD_UP_AREA_NL,TX_COLLISION_TYPE_NL,TX_OBSTACLES_NL
1303,148,Hoeilaart,District Leuven,50.76699493,4.44471001,1.1279915570800807,50.76664864028285,4.460739595913726,2017,4,14,23033,Hoeilaart,Normaal,Droog,Dag,met lichtgewonden,9,personenauto,3,Fiets,Buiten Kruispunt,Gemeenteweg,binnen bebouwde kom,Tussen 2 bestuurders: Frontale botsing,Geen hindernis
1308,86,Asse teller 2,Asse,50.89132,4.1709,2.0345254832099773,50.873038171552516,4.169722086582533,2017,4,12,23086,Ternat,Normaal,Droog,Dag,met lichtgewonden,3,Fiets,11,een weggebruiker tegen een hindernis,Buiten Kruispunt,Gemeenteweg,binnen bebouwde kom,Weggebruiker tegen hindernis op de rijbaan,"Buiten de rijbaan: Verkeerseiland, middenberm"
1310,86,Asse teller 2,Asse,50.89132,4.1709,1.9667637937450895,50.87433891270252,4.163055938100818,2017,4,19,23086,Ternat,Normaal,Droog,Dag,met lichtgewonden,9,personenauto,3,Fiets,Buiten Kruispunt,Gewestweg,binnen bebouwde kom,Tussen 2 bestuurders: Frontale botsing,Geen hindernis
1315,47,Vilvoorde,Vilvoorde,50.91372,4.41497,1.8009749270373299,50.92828076659079,4.4262219508979905,2017,4,8,23088,Vilvoorde,Normaal,Droog,Dag,met lichtgewonden,3,Fiets,9,personenauto,Op Kruispunt,Gewestweg,binnen bebouwde kom,Tss. 2 best.: langs opzij (voor-/achterkant-flank),Geen hindernis
1315,1,Machelen,Machelen,50.91618331151478,4.456121776137429,2.490366616866997,50.92828076659079,4.4262219508979905,2017,4,8,23088,Vilvoorde,Normaal,Droog,Dag,met lichtgewonden,3,Fiets,9,personenauto,Op Kruispunt,Gewestweg,binnen bebouwde kom,Tss. 2 best.: langs opzij (voor-/achterkant-flank),Geen hindernis
1316,47,Vilvoorde,Vilvoorde,50.91372,4.41497,2.1929363393998864,50.90759677754995,4.385238119746704,2017,4,14,23088,Vilvoorde,Normaal,Droog,Dag,met lichtgewonden,1,Autobus,3,Fiets,Buiten Kruispunt,Gewestweg,binnen bebouwde kom,Tussen 2 bestuurders: Langs achteren,Geen hindernis
1317,13,Gent,Gent,51.03018,3.70146,2.1849669508475418,51.0251217832847,3.671270272504509,2017,4,6,44021,Gent,Normaal,Droog,Dag,met lichtgewonden,9,personenauto,3,Fiets,Op Kruispunt,Gemeenteweg,buiten bebouwde kom,Tussen 2 bestuurders: Frontale botsing,Geen hindernis
1318,13,Gent,Gent,51.03018,3.70146,1.256482888111303,51.034590926380496,3.7180026375776354,2017,4,18,44021,Gent,Normaal,Droog,Dag,met lichtgewonden,3,Fiets,9,personenauto,Buiten Kruispunt,Gemeenteweg,binnen bebouwde kom,Tss. 2 best.: langs opzij (voor-/achterkant-flank),Geen hindernis
1319,136,Gent R4,Gent,51.0876313,3.7587918,1.5393728105684397,51.10105148279145,3.764203735952473,2017,4,13,44021,Gent,Normaal,Droog,Dag,met lichtgewonden,9,personenauto,3,Fiets,Op Kruispunt,Gemeenteweg,binnen bebouwde kom,Tss. 2 best.: langs opzij (voor-/achterkant-flank),Geen hindernis
1320,13,Gent,Gent,51.03018,3.70146,1.9083465030572726,51.03862802786931,3.7252157802477077,2017,4,16,44021,Gent,Normaal,Droog,Dag,met lichtgewonden,9,personenauto,3,Fiets,Op Kruispunt,Gewestweg,binnen bebouwde kom,Tss. 2 best.: langs opzij (voor-/achterkant-flank),Geen hindernis
1321,118,Gent teller 1,Gent,51.028049,3.7681359,2.2710653544807196,51.04320555306771,3.7463649731502273,2017,4,17,44021,Gent,Normaal,Droog,Dag,met lichtgewonden,9,personenauto,3,Fiets,Buiten Kruispunt,Gemeenteweg,binnen bebouwde kom,Tss. 2 best.: langs opzij (voor-/achterkant-flank),Geen hindernis
1321,119,Gent teller 2,Gent,51.0281795,3.7683918,2.272405925529303,51.04320555306771,3.7463649731502273,2017,4,17,44021,Gent,Normaal,Droog,Dag,met lichtgewonden,9,personenauto,3,Fiets,Buiten Kruispunt,Gemeenteweg,binnen bebouwde kom,Tss. 2 best.: langs opzij (voor-/achterkant-flank),Geen hindernis
1323,136,Gent R4,Gent,51.0876313,3.7587918,2.0560165679605675,51.074232848150054,3.738508507742087,2017,4,13,44021,Gent,Normaal,Droog+Proper,Dag,met zwaargewonden,3,Fiets,10,"één bestuurder, geen hindernis",Op Kruispunt,Gewestweg,binnen bebouwde kom,"Eén bestuurder, geen hindernis (incl. val)",Geen hindernis
1324,13,Gent,Gent,51.03018,3.70146,0.7887020629371433,51.02309009694388,3.7011285064339163,2017,4,18,44021,Gent,Normaal,Droog+Proper,Dag,met lichtgewonden,9,personenauto,3,Fiets,Op Kruispunt,Gewestweg,buiten bebouwde kom,Tss. 2 best.: langs opzij (voor-/achterkant-flank),Geen hindernis
1327,13,Gent,Gent,51.03018,3.70146,1.9306179449402507,51.038674233441824,3.725539955118781,2017,4,17,44021,Gent,Normaal,Droog,Dag,met lichtgewonden,8,Voetganger,3,Fiets,Op Kruispunt,Gewestweg,binnen bebouwde kom,Met een voetganger,Geen hindernis
1331,13,Gent,Gent,51.03018,3.70146,1.8643020827259056,51.043959597662685,3.7166490143511894,2017,4,23,44021,Gent,Normaal,Droog,"Nacht, openbare verlichting aanwezig en ontstoken",met lichtgewonden,9,personenauto,3,Fiets,Buiten Kruispunt,Gewestweg,binnen bebouwde kom,Tussen 2 bestuurders: Frontale botsing,Geen hindernis
1332,136,Gent R4,Gent,51.0876313,3.7587918,2.1190833743358666,51.10665219098477,3.760668637946162,2017,4,9,44021,Gent,Normaal,Droog,Dag,met zwaargewonden,3,Fiets,9,personenauto,Op Kruispunt,Gewestweg,buiten bebouwde kom,Tussen 2 bestuurders: Frontale botsing,Geen hindernis
1333,13,Gent,Gent,51.03018,3.70146,2.0334934720296554,51.04761282330591,3.71024798246032,2017,4,19,44021,Gent,Onbekend,Droog,Dag,met lichtgewonden,3,Fiets,9,personenauto,Buiten Kruispunt,Gewestweg,binnen bebouwde kom,Tss. 2 best.: langs opzij (voor-/achterkant-flank),Geen hindernis
1335,13,Gent,Gent,51.03018,3.70146,2.2394782097568755,51.04558730486805,3.722087492841945,2017,4,16,44021,Gent,Normaal,Droog,Dag,met zwaargewonden,2,Andere weggebruiker,3,Fiets,Buiten Kruispunt,Gemeenteweg,binnen bebouwde kom,Tussen 2 bestuurders: Frontale botsing,Geen hindernis
1337,118,Gent teller 1,Gent,51.028049,3.7681359,2.2627867885414177,51.03320428928655,3.736834033708141,2017,4,13,44021,Gent,Normaal,Droog,Dag,met lichtgewonden,3,Fiets,9,personenauto,Op Kruispunt,Gemeenteweg,binnen bebouwde kom,Tss. 2 best.: langs opzij (voor-/achterkant-flank),Geen hindernis
1337,119,Gent teller 2,Gent,51.0281795,3.7683918,2.2764949874778204,51.03320428928655,3.736834033708141,2017,4,13,44021,Gent,Normaal,Droog,Dag,met lichtgewonden,3,Fiets,9,personenauto,Op Kruispunt,Gemeenteweg,binnen bebouwde kom,Tss. 2 best.: langs opzij (voor-/achterkant-flank),Geen hindernis
1337,13,Gent,Gent,51.03018,3.70146,2.4964393770689832,51.03320428928655,3.736834033708141,2017,4,13,44021,Gent,Normaal,Droog,Dag,met lichtgewonden,3,Fiets,9,personenauto,Op Kruispunt,Gemeenteweg,binnen bebouwde kom,Tss. 2 best.: langs opzij (voor-/achterkant-flank),Geen hindernis
1338,13,Gent,Gent,51.03018,3.70146,1.048616025436062,51.03375876624794,3.715333708095296,2017,4,18,44021,Gent,Normaal,Droog,Dag,met zwaargewonden,3,Fiets,10,"één bestuurder, geen hindernis",Op Kruispunt,Gewestweg,binnen bebouwde kom,"Eén bestuurder, geen hindernis (incl. val)",Geen hindernis
1342,13,Gent,Gent,51.03018,3.70146,2.0860156108453314,51.04131894526165,3.725464801982589,2017,4,10,44021,Gent,Normaal,Droog,Dag,met lichtgewonden,3,Fiets,9,personenauto,Op Kruispunt,Gemeenteweg,binnen bebouwde kom,Tss. 2 best.: langs opzij (voor-/achterkant-flank),Geen hindernis
1344,13,Gent,Gent,51.03018,3.70146,1.8144757575276125,51.04208142126025,3.7192134227103457,2017,4,19,44021,Gent,Normaal,Droog,Dag,met lichtgewonden,3,Fiets,10,"één bestuurder, geen hindernis",Op Kruispunt,Gewestweg,binnen bebouwde kom,"Eén bestuurder, geen hindernis (incl. val)",Geen hindernis
1345,13,Gent,Gent,51.03018,3.70146,1.7376836404534708,51.041545928804744,3.7185157180517896,2017,4,15,44021,Gent,Normaal,Droog,Dag,met lichtgewonden,3,Fiets,6,Bromfiets,Buiten Kruispunt,Gewestweg,binnen bebouwde kom,Tussen 2 bestuurders: Langs achteren,Geen hindernis
1347,13,Gent,Gent,51.03018,3.70146,1.9864869452442997,51.03938941116715,3.7258032588388703,2017,4,11,44021,Gent,Normaal,Droog,Dag,met lichtgewonden,3,Fiets,8,Voetganger,Buiten Kruispunt,Gemeenteweg,binnen bebouwde kom,Met een voetganger,Geen hindernis
1348,13,Gent,Gent,51.03018,3.70146,1.3847682635255207,51.04137617858304,3.7101316703390514,2017,4,0,44021,Gent,Normaal,Droog,"Nacht, openbare verlichting aanwezig en ontstoken",met lichtgewonden,3,Fiets,10,"één bestuurder, geen hindernis",Buiten Kruispunt,Gewestweg,binnen bebouwde kom,"Eén bestuurder, geen hindernis (incl. val)",Geen hindernis
1362,118,Gent teller 1,Gent,51.028049,3.7681359,1.344621557731612,51.01609560578365,3.7652286373201753,2017,4,15,44040,Melle,Normaal,Droog,Dag,met lichtgewonden,3,Fiets,8,Voetganger,Buiten Kruispunt,Gemeenteweg,binnen bebouwde kom,Met een voetganger,Geen hindernis
1362,119,Gent teller 2,Gent,51.0281795,3.7683918,1.361760539264328,51.01609560578365,3.7652286373201753,2017,4,15,44040,Melle,Normaal,Droog,Dag,met lichtgewonden,3,Fiets,8,Voetganger,Buiten Kruispunt,Gemeenteweg,binnen bebouwde kom,Met een voetganger,Geen hindernis
1364,113,Deinze teller 2,Deinze,50.96018,3.55578,1.888087739389559,50.967553122961,3.5800661147715354,2017,4,8,44048,Nazareth,Normaal,Droog,Dag,met lichtgewonden,3,Fiets,9,personenauto,Op Kruispunt,Gemeenteweg,buiten bebouwde kom,Tss. 2 best.: langs opzij (voor-/achterkant-flank),Geen hindernis
1364,114,Deinze teller 1,Nazareth,50.9598305,3.555502,1.9226896069582684,50.967553122961,3.5800661147715354,2017,4,8,44048,Nazareth,Normaal,Droog,Dag,met lichtgewonden,3,Fiets,9,personenauto,Op Kruispunt,Gemeenteweg,buiten bebouwde kom,Tss. 2 best.: langs opzij (voor-/achterkant-flank),Geen hindernis
1367,6,Evergem 2,Evergem,51.10894,3.70298,2.3962295891070218,51.12263820406591,3.676479085381923,2017,4,20,44019,Evergem,Normaal,Droog,"Nacht, openbare verlichting aanwezig en ontstoken",met zwaargewonden,9,personenauto,3,Fiets,Op Kruispunt,Gewestweg,binnen bebouwde kom,Tss. 2 best.: langs opzij (voor-/achterkant-flank),Geen hindernis
1367,7,Evergem 1,Evergem,51.1089,3.70317,2.4093009401570407,51.12263820406591,3.676479085381923,2017,4,20,44019,Evergem,Normaal,Droog,"Nacht, openbare verlichting aanwezig en ontstoken",met zwaargewonden,9,personenauto,3,Fiets,Op Kruispunt,Gewestweg,binnen bebouwde kom,Tss. 2 best.: langs opzij (voor-/achterkant-flank),Geen hindernis
1395,128,Lokeren teller 1,Lokeren,51.09644,3.97023,2.1697377447125348,51.11261982803467,3.9876008926062116,2017,4,18,46014,Lokeren,Normaal,Droog,Dag,met lichtgewonden,3,Fiets,5,Lichte vrachtauto,Buiten Kruispunt,Gewestweg,binnen bebouwde kom,Tss. 2 best.: langs opzij (voor-/achterkant-flank),Geen hindernis
1395,129,Lokeren teller 2,Lokeren,51.09612,3.97025,2.198564644953615,51.11261982803467,3.9876008926062116,2017,4,18,46014,Lokeren,Normaal,Droog,Dag,met lichtgewonden,3,Fiets,5,Lichte vrachtauto,Buiten Kruispunt,Gewestweg,binnen bebouwde kom,Tss. 2 best.: langs opzij (voor-/achterkant-flank),Geen hindernis
1396,128,Lokeren teller 1,Lokeren,51.09644,3.97023,2.1977113890683375,51.10315851951428,3.999829608759444,2017,4,8,46014,Lokeren,Normaal,Droog,Dag,met lichtgewonden,3,Fiets,9,personenauto,Buiten Kruispunt,Gemeenteweg,binnen bebouwde kom,Tussen 2 bestuurders: Langs achteren,Geen hindernis
1396,129,Lokeren teller 2,Lokeren,51.09612,3.97025,2.208760926246086,51.10315851951428,3.999829608759444,2017,4,8,46014,Lokeren,Normaal,Droog,Dag,met lichtgewonden,3,Fiets,9,personenauto,Buiten Kruispunt,Gemeenteweg,binnen bebouwde kom,Tussen 2 bestuurders: Langs achteren,Geen hindernis
1396,141,Test site A support,Lokeren,51.08342085,3.9961071208376326,2.2100715110418636,51.10315851951428,3.999829608759444,2017,4,8,46014,Lokeren,Normaal,Droog,Dag,met lichtgewonden,3,Fiets,9,personenauto,Buiten Kruispunt,Gemeenteweg,binnen bebouwde kom,Tussen 2 bestuurders: Langs achteren,Geen hindernis
1397,128,Lokeren teller 1,Lokeren,51.09644,3.97023,2.1049853173301813,51.108347726920876,3.993666391736194,2017,4,19,46014,Lokeren,Normaal,Droog,Dag,met zwaargewonden,9,personenauto,3,Fiets,Buiten Kruispunt,Gemeenteweg,binnen bebouwde kom,Tussen 2 bestuurders: Frontale botsing,Geen hindernis
1397,129,Lokeren teller 2,Lokeren,51.09612,3.97025,2.1264776496482227,51.108347726920876,3.993666391736194,2017,4,19,46014,Lokeren,Normaal,Droog,Dag,met zwaargewonden,9,personenauto,3,Fiets,Buiten Kruispunt,Gemeenteweg,binnen bebouwde kom,Tussen 2 bestuurders: Frontale botsing,Geen hindernis
1400,121,Zele teller 2,Zele,51.0604067,4.0556696,2.1278764757187014,51.04229683137884,4.045832925166393,2017,4,11,42028,Zele,Normaal,Droog,Dag,met lichtgewonden,7,Motorfiets,3,Fiets,Op Kruispunt,Gemeenteweg,buiten bebouwde kom,Tussen 2 bestuurders: Langs achteren,Geen hindernis
1400,120,Zele teller 1,Zele,51.0607671,4.0547741,2.1467881799912854,51.04229683137884,4.045832925166393,2017,4,11,42028,Zele,Normaal,Droog,Dag,met lichtgewonden,7,Motorfiets,3,Fiets,Op Kruispunt,Gemeenteweg,buiten bebouwde kom,Tussen 2 bestuurders: Langs achteren,Geen hindernis
1402,116,Melle teller 2,Melle,50.9986113,3.8040599,2.484188970392648,50.988708610434635,3.835877561104767,2017,4,8,42025,Wetteren,Regenval,"Nat, plassen",Dag,met lichtgewonden,9,personenauto,3,Fiets,Buiten Kruispunt,Gewestweg,binnen bebouwde kom,Tss. 2 best.: langs opzij (voor-/achterkant-flank),Geen hindernis
1402,117,Melle teller 1,Melle,50.9986113,3.8040599,2.484188970392648,50.988708610434635,3.835877561104767,2017,4,8,42025,Wetteren,Regenval,"Nat, plassen",Dag,met lichtgewonden,9,personenauto,3,Fiets,Buiten Kruispunt,Gewestweg,binnen bebouwde kom,Tss. 2 best.: langs opzij (voor-/achterkant-flank),Geen hindernis
1406,11,Aalst 3,Aalst,50.93385,4.01647,0.629101499755234,50.934950614852106,4.02527589146844,2017,4,12,41002,Aalst,Normaal,Droog,Dag,met lichtgewonden,9,personenauto,3,Fiets,Buiten Kruispunt,Gemeenteweg,binnen bebouwde kom,Tss. 2 best.: langs opzij (voor-/achterkant-flank),Geen hindernis
1406,10,Aalst 2,Aalst,50.93549,4.01571,0.6730066442340795,50.934950614852106,4.02527589146844,2017,4,12,41002,Aalst,Normaal,Droog,Dag,met lichtgewonden,9,personenauto,3,Fiets,Buiten Kruispunt,Gemeenteweg,binnen bebouwde kom,Tss. 2 best.: langs opzij (voor-/achterkant-flank),Geen hindernis
1406,19,Aalst 1,Aalst,50.93433,4.01471,0.7436219409685496,50.934950614852106,4.02527589146844,2017,4,12,41002,Aalst,Normaal,Droog,Dag,met lichtgewonden,9,personenauto,3,Fiets,Buiten Kruispunt,Gemeenteweg,binnen bebouwde kom,Tss. 2 best.: langs opzij (voor-/achterkant-flank),Geen hindernis
1410,11,Aalst 3,Aalst,50.93385,4.01647,1.39515722131418,50.9317290873079,4.036091983413382,2017,4,10,41002,Aalst,Onbekend,"Nat, plassen",Dag,met lichtgewonden,9,personenauto,3,Fiets,Op Kruispunt,Gewestweg,binnen bebouwde kom,Tss. 2 best.: langs opzij (voor-/achterkant-flank),Geen hindernis
1410,10,Aalst 2,Aalst,50.93549,4.01571,1.488277391588638,50.9317290873079,4.036091983413382,2017,4,10,41002,Aalst,Onbekend,"Nat, plassen",Dag,met lichtgewonden,9,personenauto,3,Fiets,Op Kruispunt,Gewestweg,binnen bebouwde kom,Tss. 2 best.: langs opzij (voor-/achterkant-flank),Geen hindernis
1410,19,Aalst 1,Aalst,50.93433,4.01471,1.526065606647458,50.9317290873079,4.036091983413382,2017,4,10,41002,Aalst,Onbekend,"Nat, plassen",Dag,met lichtgewonden,9,personenauto,3,Fiets,Op Kruispunt,Gewestweg,binnen bebouwde kom,Tss. 2 best.: langs opzij (voor-/achterkant-flank),Geen hindernis
1417,125,Dendermonde totem,Dendermonde,51.0372706,4.1025998,1.1625600929811442,51.03352118392546,4.118119991105444,2017,4,18,42006,Dendermonde,Normaal,Droog,Dag,met lichtgewonden,3,Fiets,9,personenauto,Buiten Kruispunt,Gemeenteweg,binnen bebouwde kom,Tss. 2 best.: langs opzij (voor-/achterkant-flank),Geen hindernis
1417,122,Dendermonde teller 2,Dendermonde,51.0373918,4.1019222,1.2116286219693075,51.03352118392546,4.118119991105444,2017,4,18,42006,Dendermonde,Normaal,Droog,Dag,met lichtgewonden,3,Fiets,9,personenauto,Buiten Kruispunt,Gemeenteweg,binnen bebouwde kom,Tss. 2 best.: langs opzij (voor-/achterkant-flank),Geen hindernis
1421,125,Dendermonde totem,Dendermonde,51.0372706,4.1025998,0.6533961422277966,51.03289030099231,4.108828487845802,2017,4,9,42006,Dendermonde,Onbekend,"Nat, plassen",Dag,met lichtgewonden,9,personenauto,3,Fiets,Op Kruispunt,Gewestweg,binnen bebouwde kom,Tss. 2 best.: langs opzij (voor-/achterkant-flank),Geen hindernis
1421,122,Dendermonde teller 2,Dendermonde,51.0373918,4.1019222,0.6955233863418621,51.03289030099231,4.108828487845802,2017,4,9,42006,Dendermonde,Onbekend,"Nat, plassen",Dag,met lichtgewonden,9,personenauto,3,Fiets,Op Kruispunt,Gewestweg,binnen bebouwde kom,Tss. 2 best.: langs opzij (voor-/achterkant-flank),Geen hindernis
1425,142,TEST Validatie BRUGGE Y2H22022134,Brugge,51.22632,3.24095,2.1389570664327535,51.2100554255682,3.2245521550784364,2017,4,10,31005,Brugge,Normaal,Droog,Dag,met lichtgewonden,3,Fiets,9,personenauto,Op Kruispunt,Gewestweg,binnen bebouwde kom,Tussen 2 bestuurders: Frontale botsing,Geen hindernis
1425,52,Brugge,Brugge,51.22632,3.24095,2.1389570664327535,51.2100554255682,3.2245521550784364,2017,4,10,31005,Brugge,Normaal,Droog,Dag,met lichtgewonden,3,Fiets,9,personenauto,Op Kruispunt,Gewestweg,binnen bebouwde kom,Tussen 2 bestuurders: Frontale botsing,Geen hindernis
1425,54,Brugge teller 2,Brugge,51.23015,3.22818,2.2486543633268172,51.2100554255682,3.2245521550784364,2017,4,10,31005,Brugge,Normaal,Droog,Dag,met lichtgewonden,3,Fiets,9,personenauto,Op Kruispunt,Gewestweg,binnen bebouwde kom,Tussen 2 bestuurders: Frontale botsing,Geen hindernis
1425,53,Brugge teller 1,Brugge,51.23023,3.228,2.2561251725159073,51.2100554255682,3.2245521550784364,2017,4,10,31005,Brugge,Normaal,Droog,Dag,met lichtgewonden,3,Fiets,9,personenauto,Op Kruispunt,Gewestweg,binnen bebouwde kom,Tussen 2 bestuurders: Frontale botsing,Geen hindernis
1426,20,Brugge,Brugge,51.17416,3.20048,1.2480253514982937,51.18190508201004,3.2134376904064905,2017,4,8,31005,Brugge,Normaal,Droog,Dag,met lichtgewonden,3,Fiets,3,Fiets,Buiten Kruispunt,Gemeenteweg,binnen bebouwde kom,Tss. 2 best.: langs opzij (voor-/achterkant-flank),Geen hindernis
1427,54,Brugge teller 2,Brugge,51.23015,3.22818,2.4984987445223212,51.209464312131104,3.214171559518273,2017,4,19,31005,Brugge,Onbekend,Onbekend,Dageraad - schemering,met lichtgewonden,9,personenauto,3,Fiets,Op Kruispunt,Gewestweg,binnen bebouwde kom,Tss. 2 best.: langs opzij (voor-/achterkant-flank),Geen hindernis
1428,142,TEST Validatie BRUGGE Y2H22022134,Brugge,51.22632,3.24095,1.7789137466569056,51.21383603212296,3.2569233126477415,2017,4,8,31005,Brugge,Normaal,Droog,Dag,met lichtgewonden,3,Fiets,9,personenauto,Op Kruispunt,Gemeenteweg,binnen bebouwde kom,Tss. 2 best.: langs opzij (voor-/achterkant-flank),Geen hindernis
1428,52,Brugge,Brugge,51.22632,3.24095,1.7789137466569056,51.21383603212296,3.2569233126477415,2017,4,8,31005,Brugge,Normaal,Droog,Dag,met lichtgewonden,3,Fiets,9,personenauto,Op Kruispunt,Gemeenteweg,binnen bebouwde kom,Tss. 2 best.: langs opzij (voor-/achterkant-flank),Geen hindernis
1429,142,TEST Validatie BRUGGE Y2H22022134,Brugge,51.22632,3.24095,2.1289871708431516,51.213766229334,3.2640311680468734,2017,4,14,31005,Brugge,Normaal,Droog,Dag,met lichtgewonden,3,Fiets,5,Lichte vrachtauto,Buiten Kruispunt,Gemeenteweg,binnen bebouwde kom,Tussen 2 bestuurders: Langs achteren,Geen hindernis
1429,52,Brugge,Brugge,51.22632,3.24095,2.1289871708431516,51.213766229334,3.2640311680468734,2017,4,14,31005,Brugge,Normaal,Droog,Dag,met lichtgewonden,3,Fiets,5,Lichte vrachtauto,Buiten Kruispunt,Gemeenteweg,binnen bebouwde kom,Tussen 2 bestuurders: Langs achteren,Geen hindernis
1430,142,TEST Validatie BRUGGE Y2H22022134,Brugge,51.22632,3.24095,2.229812254338364,51.20906013787604,3.2246508635852,2017,4,0,31005,Brugge,Normaal,Droog,"Nacht, openbare verlichting aanwezig en ontstoken",met lichtgewonden,6,Bromfiets,3,Fiets,Op Kruispunt,Gewestweg,binnen bebouwde kom,Tussen 2 bestuurders: Frontale botsing,Geen hindernis
1430,52,Brugge,Brugge,51.22632,3.24095,2.229812254338364,51.20906013787604,3.2246508635852,2017,4,0,31005,Brugge,Normaal,Droog,"Nacht, openbare verlichting aanwezig en ontstoken",met lichtgewonden,6,Bromfiets,3,Fiets,Op Kruispunt,Gewestweg,binnen bebouwde kom,Tussen 2 bestuurders: Frontale botsing,Geen hindernis
1430,54,Brugge teller 2,Brugge,51.23015,3.22818,2.357931040397638,51.20906013787604,3.2246508635852,2017,4,0,31005,Brugge,Normaal,Droog,"Nacht, openbare verlichting aanwezig en ontstoken",met lichtgewonden,6,Bromfiets,3,Fiets,Op Kruispunt,Gewestweg,binnen bebouwde kom,Tussen 2 bestuurders: Frontale botsing,Geen hindernis
1430,53,Brugge teller 1,Brugge,51.23023,3.228,2.3655093197892976,51.20906013787604,3.2246508635852,2017,4,0,31005,Brugge,Normaal,Droog,"Nacht, openbare verlichting aanwezig en ontstoken",met lichtgewonden,6,Bromfiets,3,Fiets,Op Kruispunt,Gewestweg,binnen bebouwde kom,Tussen 2 bestuurders: Frontale botsing,Geen hindernis
1448,15,Oostende 2,Oostende,51.21371,2.92743,1.6457782232621079,51.22643535689132,2.9153621782368764,2017,4,7,35013,Oostende,Normaal,Droog,Dag,met lichtgewonden,3,Fiets,9,personenauto,Op Kruispunt,Gewestweg,binnen bebouwde kom,Tussen 2 bestuurders: Langs achteren,Geen hindernis
1448,18,Oostende 1,Oostende,51.21378,2.92765,1.6469995136572342,51.22643535689132,2.9153621782368764,2017,4,7,35013,Oostende,Normaal,Droog,Dag,met lichtgewonden,3,Fiets,9,personenauto,Op Kruispunt,Gewestweg,binnen bebouwde kom,Tussen 2 bestuurders: Langs achteren,Geen hindernis
1449,15,Oostende 2,Oostende,51.21371,2.92743,1.590706347174413,51.22158824043205,2.908366326687895,2017,4,17,35013,Oostende,Normaal,Droog,Dag,met lichtgewonden,9,personenauto,3,Fiets,Op Kruispunt,Gewestweg,binnen bebouwde kom,Tussen 2 bestuurders: Frontale botsing,Geen hindernis
1449,18,Oostende 1,Oostende,51.21378,2.92765,1.5992784466439627,51.22158824043205,2.908366326687895,2017,4,17,35013,Oostende,Normaal,Droog,Dag,met lichtgewonden,9,personenauto,3,Fiets,Op Kruispunt,Gewestweg,binnen bebouwde kom,Tussen 2 bestuurders: Frontale botsing,Geen hindernis
1450,15,Oostende 2,Oostende,51.21371,2.92743,1.439137326294837,51.212085256517284,2.906932706083489,2017,4,9,35013,Oostende,Normaal,Droog,Dag,met lichtgewonden,3,Fiets,9,personenauto,Buiten Kruispunt,Gemeenteweg,binnen bebouwde kom,Tussen 2 bestuurders: Langs achteren,Geen hindernis
1450,18,Oostende 1,Oostende,51.21378,2.92765,1.4553279308979714,51.212085256517284,2.906932706083489,2017,4,9,35013,Oostende,Normaal,Droog,Dag,met lichtgewonden,3,Fiets,9,personenauto,Buiten Kruispunt,Gemeenteweg,binnen bebouwde kom,Tussen 2 bestuurders: Langs achteren,Geen hindernis
1451,18,Oostende 1,Oostende,51.21378,2.92765,1.900562169269283,51.22856237695599,2.941349818238983,2017,4,11,35013,Oostende,Normaal,Droog,Dag,met lichtgewonden,5,Lichte vrachtauto,3,Fiets,Op Kruispunt,Gewestweg,binnen bebouwde kom,Tss. 2 best.: langs opzij (voor-/achterkant-flank),Geen hindernis
1451,15,Oostende 2,Oostende,51.21371,2.92743,1.9150086386983054,51.22856237695599,2.941349818238983,2017,4,11,35013,Oostende,Normaal,Droog,Dag,met lichtgewonden,5,Lichte vrachtauto,3,Fiets,Op Kruispunt,Gewestweg,binnen bebouwde kom,Tss. 2 best.: langs opzij (voor-/achterkant-flank),Geen hindernis
1452,18,Oostende 1,Oostende,51.21378,2.92765,0.22243308362198785,51.215617830505806,2.926389000225458,2017,4,19,35013,Oostende,Normaal,Droog,Dag,met lichtgewonden,3,Fiets,3,Fiets,Buiten Kruispunt,Gemeenteweg,binnen bebouwde kom,Tss. 2 best.: langs opzij (voor-/achterkant-flank),Geen hindernis
1452,15,Oostende 2,Oostende,51.21371,2.92743,0.22419043767230035,51.215617830505806,2.926389000225458,2017,4,19,35013,Oostende,Normaal,Droog,Dag,met lichtgewonden,3,Fiets,3,Fiets,Buiten Kruispunt,Gemeenteweg,binnen bebouwde kom,Tss. 2 best.: langs opzij (voor-/achterkant-flank),Geen hindernis
1453,15,Oostende 2,Oostende,51.21371,2.92743,1.841209990303471,51.22304403365725,2.9055943278387573,2017,4,8,35013,Oostende,Normaal,Droog,Dag,met lichtgewonden,3,Fiets,9,personenauto,Op Kruispunt,Gewestweg,binnen bebouwde kom,Tussen 2 bestuurders: Frontale botsing,Geen hindernis
1453,18,Oostende 1,Oostende,51.21378,2.92765,1.8495386829197489,51.22304403365725,2.9055943278387573,2017,4,8,35013,Oostende,Normaal,Droog,Dag,met lichtgewonden,3,Fiets,9,personenauto,Op Kruispunt,Gewestweg,binnen bebouwde kom,Tussen 2 bestuurders: Frontale botsing,Geen hindernis
1454,15,Oostende 2,Oostende,51.21371,2.92743,0.843018685212302,51.2143314743866,2.9153677771720328,2017,4,9,35013,Oostende,Normaal,"Nat, plassen",Dag,met lichtgewonden,4,Vrachtwagen,3,Fiets,Op Kruispunt,Gewestweg,buiten bebouwde kom,Tss. 2 best.: langs opzij (voor-/achterkant-flank),Geen hindernis