crash_row_id,site_id,site_name,site_gemeente,site_lat,site_long,distance_km,crash_lat,crash_long,DT_YEAR_COLLISION,DT_MONTH_COLLISION,DT_TIME,CD_NIS,TX_MUNTY_COLLISION_NL,TX_WEATHER_NL,TX_ROAD_CONDITION_NL,TX_LIGHT_CONDITION_NL,TX_CLASS_ACCIDENTS_NL,CD_ROAD_USR_TYPE1,TX_ROAD_USR_TYPE1_NL,CD_ROAD_USR_TYPE2,TX_ROAD_USR_TYPE2_NL,TX_CROSSWAY_NL,CD_ROAD_TYPE_NL,TX_BUILD_UP_AREA_NL,TX_COLLISION_TYPE_NL,TX_OBSTACLES_NL
1454,18,Oostende 1,Oostende,51.21378,2.92765,0.8576996496154057,51.2143314743866,2.9153677771720328,2017,4,9,35013,Oostende,Normaal,"Nat, plassen",Dag,met lichtgewonden,4,Vrachtwagen,3,Fiets,Op Kruispunt,Gewestweg,buiten bebouwde kom,Tss. 2 best.: langs opzij (voor-/achterkant-flank),Geen hindernis
1457,15,Oostende 2,Oostende,51.21371,2.92743,1.4569042781038475,51.21680825683684,2.9071063348317576,2017,4,16,35013,Oostende,Normaal,Droog,Dag,met lichtgewonden,9,personenauto,3,Fiets,Op Kruispunt,Gewestweg,binnen bebouwde kom,Tss. 2 best.: langs opzij (voor-/achterkant-flank),Geen hindernis
1457,18,Oostende 1,Oostende,51.21378,2.92765,1.4699940803580902,51.21680825683684,2.9071063348317576,2017,4,16,35013,Oostende,Normaal,Droog,Dag,met lichtgewonden,9,personenauto,3,Fiets,Op Kruispunt,Gewestweg,binnen bebouwde kom,Tss. 2 best.: langs opzij (voor-/achterkant-flank),Geen hindernis
1458,18,Oostende 1,Oostende,51.21378,2.92765,1.9978676551601116,51.22998094071977,2.915246095622131,2017,4,11,35013,Oostende,Normaal,Droog,Dag,met lichtgewonden,9,personenauto,3,Fiets,Op Kruispunt,Gemeenteweg,binnen bebouwde kom,Tss. 2 best.: langs opzij (voor-/achterkant-flank),Geen hindernis
1458,15,Oostende 2,Oostende,51.21371,2.92743,1.9983356699655912,51.22998094071977,2.915246095622131,2017,4,11,35013,Oostende,Normaal,Droog,Dag,met lichtgewonden,9,personenauto,3,Fiets,Op Kruispunt,Gemeenteweg,binnen bebouwde kom,Tss. 2 best.: langs opzij (voor-/achterkant-flank),Geen hindernis
1459,18,Oostende 1,Oostende,51.21378,2.92765,1.5434632583841865,51.224562783443574,2.941605638905642,2017,4,10,35013,Oostende,Normaal,Droog,Dag,met lichtgewonden,3,Fiets,9,personenauto,Buiten Kruispunt,Gewestweg,buiten bebouwde kom,Tss. 2 best.: langs opzij (voor-/achterkant-flank),Geen hindernis
1459,15,Oostende 2,Oostende,51.21371,2.92743,1.559174668790869,51.224562783443574,2.941605638905642,2017,4,10,35013,Oostende,Normaal,Droog,Dag,met lichtgewonden,3,Fiets,9,personenauto,Buiten Kruispunt,Gewestweg,buiten bebouwde kom,Tss. 2 best.: langs opzij (voor-/achterkant-flank),Geen hindernis
1461,15,Oostende 2,Oostende,51.21371,2.92743,1.6276466902787996,51.22487714790339,2.9123206972954785,2017,4,14,35013,Oostende,Normaal,Droog,Dag,met lichtgewonden,8,Voetganger,3,Fiets,Buiten Kruispunt,Gemeenteweg,binnen bebouwde kom,Met een voetganger,Geen hindernis
1461,18,Oostende 1,Oostende,51.21378,2.92765,1.631699722651978,51.22487714790339,2.9123206972954785,2017,4,14,35013,Oostende,Normaal,Droog,Dag,met lichtgewonden,8,Voetganger,3,Fiets,Buiten Kruispunt,Gemeenteweg,binnen bebouwde kom,Met een voetganger,Geen hindernis
1467,51,"Brugge, Sint-Andries",Brugge,51.19281,3.16252,0.9374647811015321,51.18717679681134,3.1525116643934425,2017,4,17,31012,Jabbeke,Normaal,Droog,Dag,met lichtgewonden,3,Fiets,11,een weggebruiker tegen een hindernis,Buiten Kruispunt,Gemeenteweg,binnen bebouwde kom,Weggebruiker tegen hindernis op de rijbaan,"Buiten de rijbaan: Verkeerseiland, middenberm"
1467,50,"Brugge, Sint-Andries",Brugge,51.19291,3.16252,0.944930123986881,51.18717679681134,3.1525116643934425,2017,4,17,31012,Jabbeke,Normaal,Droog,Dag,met lichtgewonden,3,Fiets,11,een weggebruiker tegen een hindernis,Buiten Kruispunt,Gemeenteweg,binnen bebouwde kom,Weggebruiker tegen hindernis op de rijbaan,"Buiten de rijbaan: Verkeerseiland, middenberm"
1468,55,Torhout teller 1,Torhout,51.07161,3.08261,1.5757336771235828,51.06405179842842,3.1016854463031853,2017,4,9,31033,Torhout,Normaal,Droog,Dag,met zwaargewonden,9,personenauto,3,Fiets,Op Kruispunt,Gewestweg,binnen bebouwde kom,Tss. 2 best.: langs opzij (voor-/achterkant-flank),Geen hindernis
1468,56,Torhout teller 2,Torhout,51.07147,3.08244,1.577601082586083,51.06405179842842,3.1016854463031853,2017,4,9,31033,Torhout,Normaal,Droog,Dag,met zwaargewonden,9,personenauto,3,Fiets,Op Kruispunt,Gewestweg,binnen bebouwde kom,Tss. 2 best.: langs opzij (voor-/achterkant-flank),Geen hindernis
1469,55,Torhout teller 1,Torhout,51.07161,3.08261,1.2387976727509837,51.07696211885766,3.0981611238148394,2017,4,8,31033,Torhout,Normaal,Droog,Dag,met lichtgewonden,3,Fiets,10,"één bestuurder, geen hindernis",Buiten Kruispunt,Gemeenteweg,binnen bebouwde kom,"Eén bestuurder, geen hindernis (incl. val)",Geen hindernis
1469,56,Torhout teller 2,Torhout,51.07147,3.08244,1.256719634938266,51.07696211885766,3.0981611238148394,2017,4,8,31033,Torhout,Normaal,Droog,Dag,met lichtgewonden,3,Fiets,10,"één bestuurder, geen hindernis",Buiten Kruispunt,Gemeenteweg,binnen bebouwde kom,"Eén bestuurder, geen hindernis (incl. val)",Geen hindernis
1470,55,Torhout teller 1,Torhout,51.07161,3.08261,1.3450259013914834,51.06559497596684,3.0993106914681032,2017,4,16,31033,Torhout,Onbekend,Onbekend,Dag,met lichtgewonden,3,Fiets,10,"één bestuurder, geen hindernis",Op Kruispunt,Gewestweg,binnen bebouwde kom,"Eén bestuurder, geen hindernis (incl. val)",Geen hindernis
1470,56,Torhout teller 2,Torhout,51.07147,3.08244,1.347731915156982,51.06559497596684,3.0993106914681032,2017,4,16,31033,Torhout,Onbekend,Onbekend,Dag,met lichtgewonden,3,Fiets,10,"één bestuurder, geen hindernis",Op Kruispunt,Gewestweg,binnen bebouwde kom,"Eén bestuurder, geen hindernis (incl. val)",Geen hindernis
1480,84,Roeselare totem,Izegem,50.91717,3.18772,2.0553556181987234,50.91035267870271,3.160469502915305,2017,4,17,36015,Roeselare,Normaal,Droog,Dag,met lichtgewonden,9,personenauto,3,Fiets,Op Kruispunt,Gemeenteweg,binnen bebouwde kom,Tss. 2 best.: langs opzij (voor-/achterkant-flank),Geen hindernis
1481,84,Roeselare totem,Izegem,50.91717,3.18772,1.533988947213026,50.9177373488297,3.2095838355731527,2017,4,17,36008,Izegem,Normaal,Droog,Dag,met lichtgewonden,9,personenauto,3,Fiets,Buiten Kruispunt,Gemeenteweg,binnen bebouwde kom,Tss. 2 best.: langs opzij (voor-/achterkant-flank),Geen hindernis
1485,84,Roeselare totem,Izegem,50.91717,3.18772,1.972546736620716,50.91948023286498,3.2156192623646835,2017,4,9,36008,Izegem,Normaal,Droog,Dag,met lichtgewonden,9,personenauto,3,Fiets,Op Kruispunt,Gemeenteweg,binnen bebouwde kom,Tussen 2 bestuurders: Frontale botsing,Geen hindernis
1489,61,Wervik teller 2,Wervik,50.80555,3.0921,1.703513937217067,50.79725033052581,3.1124748422589485,2017,4,12,34027,Menen,Normaal,Droog,Dag,met zwaargewonden,9,personenauto,3,Fiets,Buiten Kruispunt,Gemeenteweg,binnen bebouwde kom,Tussen 2 bestuurders: Langs achteren,Geen hindernis
1489,62,Wervik teller 1,Wervik,50.8058,3.09154,1.7516510232001836,50.79725033052581,3.1124748422589485,2017,4,12,34027,Menen,Normaal,Droog,Dag,met zwaargewonden,9,personenauto,3,Fiets,Buiten Kruispunt,Gemeenteweg,binnen bebouwde kom,Tussen 2 bestuurders: Langs achteren,Geen hindernis
1491,61,Wervik teller 2,Wervik,50.80555,3.0921,0.3175621201664098,50.80423407017911,3.0961107779836086,2017,4,17,34027,Menen,Normaal,Droog,Dag,met lichtgewonden,9,personenauto,3,Fiets,Buiten Kruispunt,Gewestweg,binnen bebouwde kom,Tss. 2 best.: langs opzij (voor-/achterkant-flank),Geen hindernis
1491,62,Wervik teller 1,Wervik,50.8058,3.09154,0.3653542585241202,50.80423407017911,3.0961107779836086,2017,4,17,34027,Menen,Normaal,Droog,Dag,met lichtgewonden,9,personenauto,3,Fiets,Buiten Kruispunt,Gewestweg,binnen bebouwde kom,Tss. 2 best.: langs opzij (voor-/achterkant-flank),Geen hindernis
1495,16,Kortrijk 1,Kortrijk,50.83332,3.27777,0.5628227988275759,50.8299798759973,3.2837912938536293,2017,3,15,34022,Kortrijk,Onbekend,Onbekend,Dag,met lichtgewonden,3,Fiets,3,Fiets,Buiten Kruispunt,Gemeenteweg,binnen bebouwde kom,Tussen 2 bestuurders: Langs achteren,Geen hindernis
1495,17,Kortrijk 2,Kortrijk,50.83339,3.27773,0.570083691470283,50.8299798759973,3.2837912938536293,2017,3,15,34022,Kortrijk,Onbekend,Onbekend,Dag,met lichtgewonden,3,Fiets,3,Fiets,Buiten Kruispunt,Gemeenteweg,binnen bebouwde kom,Tussen 2 bestuurders: Langs achteren,Geen hindernis
1495,143,Eco Display Classic Budastraat,Kortrijk,50.83066,3.26286,1.4720082437213113,50.8299798759973,3.2837912938536293,2017,3,15,34022,Kortrijk,Onbekend,Onbekend,Dag,met lichtgewonden,3,Fiets,3,Fiets,Buiten Kruispunt,Gemeenteweg,binnen bebouwde kom,Tussen 2 bestuurders: Langs achteren,Geen hindernis
1495,75,Kortrijk teller 2,Kortrijk,50.81925,3.25731,2.209845686222566,50.8299798759973,3.2837912938536293,2017,3,15,34022,Kortrijk,Onbekend,Onbekend,Dag,met lichtgewonden,3,Fiets,3,Fiets,Buiten Kruispunt,Gemeenteweg,binnen bebouwde kom,Tussen 2 bestuurders: Langs achteren,Geen hindernis
1495,74,Kortrijk teller 1,Kortrijk,50.81909,3.25728,2.221270742674115,50.8299798759973,3.2837912938536293,2017,3,15,34022,Kortrijk,Onbekend,Onbekend,Dag,met lichtgewonden,3,Fiets,3,Fiets,Buiten Kruispunt,Gemeenteweg,binnen bebouwde kom,Tussen 2 bestuurders: Langs achteren,Geen hindernis
1496,143,Eco Display Classic Budastraat,Kortrijk,50.83066,3.26286,1.9938729046062384,50.836801462983196,3.236185630976437,2017,3,7,34022,Kortrijk,Onbekend,Onbekend,Dag,met lichtgewonden,3,Fiets,2,Andere weggebruiker,Op Kruispunt,Gemeenteweg,binnen bebouwde kom,Tss. 2 best.: langs opzij (voor-/achterkant-flank),Geen hindernis
1496,75,Kortrijk teller 2,Kortrijk,50.81925,3.25731,2.4515773949618587,50.836801462983196,3.236185630976437,2017,3,7,34022,Kortrijk,Onbekend,Onbekend,Dag,met lichtgewonden,3,Fiets,2,Andere weggebruiker,Op Kruispunt,Gemeenteweg,binnen bebouwde kom,Tss. 2 best.: langs opzij (voor-/achterkant-flank),Geen hindernis
1496,74,Kortrijk teller 1,Kortrijk,50.81909,3.25728,2.464498206608511,50.836801462983196,3.236185630976437,2017,3,7,34022,Kortrijk,Onbekend,Onbekend,Dag,met lichtgewonden,3,Fiets,2,Andere weggebruiker,Op Kruispunt,Gemeenteweg,binnen bebouwde kom,Tss. 2 best.: langs opzij (voor-/achterkant-flank),Geen hindernis
1499,75,Kortrijk teller 2,Kortrijk,50.81925,3.25731,0.4342312287979598,50.8207158890414,3.2630393446694668,2017,4,11,34022,Kortrijk,Normaal,Droog,Dag,met lichtgewonden,5,Lichte vrachtauto,3,Fiets,Op Kruispunt,Gemeenteweg,binnen bebouwde kom,Tss. 2 best.: langs opzij (voor-/achterkant-flank),Geen hindernis
1499,74,Kortrijk teller 1,Kortrijk,50.81909,3.25728,0.4431417362817073,50.8207158890414,3.2630393446694668,2017,4,11,34022,Kortrijk,Normaal,Droog,Dag,met lichtgewonden,5,Lichte vrachtauto,3,Fiets,Op Kruispunt,Gemeenteweg,binnen bebouwde kom,Tss. 2 best.: langs opzij (voor-/achterkant-flank),Geen hindernis
1499,143,Eco Display Classic Budastraat,Kortrijk,50.83066,3.26286,1.1058064429962409,50.8207158890414,3.2630393446694668,2017,4,11,34022,Kortrijk,Normaal,Droog,Dag,met lichtgewonden,5,Lichte vrachtauto,3,Fiets,Op Kruispunt,Gemeenteweg,binnen bebouwde kom,Tss. 2 best.: langs opzij (voor-/achterkant-flank),Geen hindernis
1499,16,Kortrijk 1,Kortrijk,50.83332,3.27777,1.7420498592931861,50.8207158890414,3.2630393446694668,2017,4,11,34022,Kortrijk,Normaal,Droog,Dag,met lichtgewonden,5,Lichte vrachtauto,3,Fiets,Op Kruispunt,Gemeenteweg,binnen bebouwde kom,Tss. 2 best.: langs opzij (voor-/achterkant-flank),Geen hindernis
1499,17,Kortrijk 2,Kortrijk,50.83339,3.27773,1.7466564166570866,50.8207158890414,3.2630393446694668,2017,4,11,34022,Kortrijk,Normaal,Droog,Dag,met lichtgewonden,5,Lichte vrachtauto,3,Fiets,Op Kruispunt,Gemeenteweg,binnen bebouwde kom,Tss. 2 best.: langs opzij (voor-/achterkant-flank),Geen hindernis
1500,75,Kortrijk teller 2,Kortrijk,50.81925,3.25731,1.1351353239851951,50.82172207224976,3.272988109466895,2017,4,11,34022,Kortrijk,Normaal,Droog,Dag,met lichtgewonden,9,personenauto,3,Fiets,Op Kruispunt,Gemeenteweg,binnen bebouwde kom,Tss. 2 best.: langs opzij (voor-/achterkant-flank),Geen hindernis
1500,74,Kortrijk teller 1,Kortrijk,50.81909,3.25728,1.141613038261736,50.82172207224976,3.272988109466895,2017,4,11,34022,Kortrijk,Normaal,Droog,Dag,met lichtgewonden,9,personenauto,3,Fiets,Op Kruispunt,Gemeenteweg,binnen bebouwde kom,Tss. 2 best.: langs opzij (voor-/achterkant-flank),Geen hindernis
1500,143,Eco Display Classic Budastraat,Kortrijk,50.83066,3.26286,1.2222177806332037,50.82172207224976,3.272988109466895,2017,4,11,34022,Kortrijk,Normaal,Droog,Dag,met lichtgewonden,9,personenauto,3,Fiets,Op Kruispunt,Gemeenteweg,binnen bebouwde kom,Tss. 2 best.: langs opzij (voor-/achterkant-flank),Geen hindernis
1500,16,Kortrijk 1,Kortrijk,50.83332,3.27777,1.3326489822013659,50.82172207224976,3.272988109466895,2017,4,11,34022,Kortrijk,Normaal,Droog,Dag,met lichtgewonden,9,personenauto,3,Fiets,Op Kruispunt,Gemeenteweg,binnen bebouwde kom,Tss. 2 best.: langs opzij (voor-/achterkant-flank),Geen hindernis
1500,17,Kortrijk 2,Kortrijk,50.83339,3.27773,1.3394814139806137,50.82172207224976,3.272988109466895,2017,4,11,34022,Kortrijk,Normaal,Droog,Dag,met lichtgewonden,9,personenauto,3,Fiets,Op Kruispunt,Gemeenteweg,binnen bebouwde kom,Tss. 2 best.: langs opzij (voor-/achterkant-flank),Geen hindernis
1501,74,Kortrijk teller 1,Kortrijk,50.81909,3.25728,2.1073710675960795,50.8014912076378,3.2684100286181406,2017,4,12,34022,Kortrijk,Normaal,Droog,Dag,met lichtgewonden,9,personenauto,3,Fiets,Buiten Kruispunt,Gemeenteweg,binnen bebouwde kom,Tss. 2 best.: langs opzij (voor-/achterkant-flank),Geen hindernis
1501,75,Kortrijk teller 2,Kortrijk,50.81925,3.25731,2.123126436907359,50.8014912076378,3.2684100286181406,2017,4,12,34022,Kortrijk,Normaal,Droog,Dag,met lichtgewonden,9,personenauto,3,Fiets,Buiten Kruispunt,Gemeenteweg,binnen bebouwde kom,Tss. 2 best.: langs opzij (voor-/achterkant-flank),Geen hindernis
1518,64,Nieuwpoort teller 1,Nieuwpoort,51.13359,2.75737,0.6242106925621144,51.128108341646886,2.755441506762429,2017,4,10,38016,Nieuwpoort,Normaal,Droog,Dag,met lichtgewonden,9,personenauto,3,Fiets,Buiten Kruispunt,Gemeenteweg,binnen bebouwde kom,Tss. 2 best.: langs opzij (voor-/achterkant-flank),Geen hindernis
1518,65,Nieuwpoort teller 2,Nieuwpoort,51.13435,2.75511,0.6944261326280244,51.128108341646886,2.755441506762429,2017,4,10,38016,Nieuwpoort,Normaal,Droog,Dag,met lichtgewonden,9,personenauto,3,Fiets,Buiten Kruispunt,Gemeenteweg,binnen bebouwde kom,Tss. 2 best.: langs opzij (voor-/achterkant-flank),Geen hindernis
1518,66,Nieuwpoort totem,Nieuwpoort,51.1347,2.74369,1.0998363458819693,51.128108341646886,2.755441506762429,2017,4,10,38016,Nieuwpoort,Normaal,Droog,Dag,met lichtgewonden,9,personenauto,3,Fiets,Buiten Kruispunt,Gemeenteweg,binnen bebouwde kom,Tss. 2 best.: langs opzij (voor-/achterkant-flank),Geen hindernis
1518,63,Nieuwpoort teller 3,Nieuwpoort,51.13529,2.74289,1.1852310343337185,51.128108341646886,2.755441506762429,2017,4,10,38016,Nieuwpoort,Normaal,Droog,Dag,met lichtgewonden,9,personenauto,3,Fiets,Buiten Kruispunt,Gemeenteweg,binnen bebouwde kom,Tss. 2 best.: langs opzij (voor-/achterkant-flank),Geen hindernis
1521,67,Ieper totem,Ieper,50.85018,2.85624,1.3897121217935855,50.85193444063916,2.875839987344607,2017,4,21,33011,Ieper,Normaal,Droog,"Nacht, openbare verlichting aanwezig en ontstoken",met lichtgewonden,3,Fiets,10,"één bestuurder, geen hindernis",Buiten Kruispunt,Gewestweg,binnen bebouwde kom,"Eén bestuurder, geen hindernis (incl. val)",Geen hindernis
1521,68,Ieper,Ieper,50.85032,2.85608,1.3987489809467673,50.85193444063916,2.875839987344607,2017,4,21,33011,Ieper,Normaal,Droog,"Nacht, openbare verlichting aanwezig en ontstoken",met lichtgewonden,3,Fiets,10,"één bestuurder, geen hindernis",Buiten Kruispunt,Gewestweg,binnen bebouwde kom,"Eén bestuurder, geen hindernis (incl. val)",Geen hindernis
1523,68,Ieper,Ieper,50.85032,2.85608,1.5675973387081135,50.864237286886144,2.859641847133154,2017,4,19,33011,Ieper,Normaal,Droog,Dag,met lichtgewonden,3,Fiets,9,personenauto,Op Kruispunt,Gewestweg,buiten bebouwde kom,Tss. 2 best.: langs opzij (voor-/achterkant-flank),Geen hindernis
1523,67,Ieper totem,Ieper,50.85018,2.85624,1.5812324646115188,50.864237286886144,2.859641847133154,2017,4,19,33011,Ieper,Normaal,Droog,Dag,met lichtgewonden,3,Fiets,9,personenauto,Op Kruispunt,Gewestweg,buiten bebouwde kom,Tss. 2 best.: langs opzij (voor-/achterkant-flank),Geen hindernis
1524,67,Ieper totem,Ieper,50.85018,2.85624,2.399719817395731,50.86136632927728,2.8854756676563054,2017,4,17,33011,Ieper,Normaal,Droog,Dag,met lichtgewonden,9,personenauto,3,Fiets,Op Kruispunt,Gemeenteweg,buiten bebouwde kom,Tss. 2 best.: langs opzij (voor-/achterkant-flank),Geen hindernis
1524,68,Ieper,Ieper,50.85032,2.85608,2.401328887386452,50.86136632927728,2.8854756676563054,2017,4,17,33011,Ieper,Normaal,Droog,Dag,met lichtgewonden,9,personenauto,3,Fiets,Op Kruispunt,Gemeenteweg,buiten bebouwde kom,Tss. 2 best.: langs opzij (voor-/achterkant-flank),Geen hindernis
1526,41,Maasmechelen teller 1,Maasmechelen,50.97025,5.69799,1.8052625872643777,50.97420501097966,5.672984304028247,2017,4,9,73107,Maasmechelen,Normaal,Droog,Dag,met lichtgewonden,9,personenauto,3,Fiets,Op Kruispunt,Gewestweg,buiten bebouwde kom,Tss. 2 best.: langs opzij (voor-/achterkant-flank),Geen hindernis
1526,42,Maasmechelen teller 2,Maasmechelen,50.97043,5.6981,1.8079788318086818,50.97420501097966,5.672984304028247,2017,4,9,73107,Maasmechelen,Normaal,Droog,Dag,met lichtgewonden,9,personenauto,3,Fiets,Op Kruispunt,Gewestweg,buiten bebouwde kom,Tss. 2 best.: langs opzij (voor-/achterkant-flank),Geen hindernis
1527,42,Maasmechelen teller 2,Maasmechelen,50.97043,5.6981,1.3390814666045272,50.981974848009905,5.692657802156724,2017,4,13,73107,Maasmechelen,Normaal,Droog,Dag,met lichtgewonden,3,Fiets,3,Fiets,Buiten Kruispunt,Gemeenteweg,binnen bebouwde kom,Tussen 2 bestuurders: Langs achteren,Geen hindernis
1527,41,Maasmechelen teller 1,Maasmechelen,50.97025,5.69799,1.3561410757874335,50.981974848009905,5.692657802156724,2017,4,13,73107,Maasmechelen,Normaal,Droog,Dag,met lichtgewonden,3,Fiets,3,Fiets,Buiten Kruispunt,Gemeenteweg,binnen bebouwde kom,Tussen 2 bestuurders: Langs achteren,Geen hindernis
1531,124,Beveren teller 2,Beveren,51.1964712,4.2361077,1.6305998074466415,51.19205927568736,4.258423505225703,2017,4,9,46003,Beveren,Normaal,Droog,Dag,met lichtgewonden,3,Fiets,10,"één bestuurder, geen hindernis",Op Kruispunt,Gemeenteweg,buiten bebouwde kom,"Eén bestuurder, geen hindernis (incl. val)",Geen hindernis
1532,124,Beveren teller 2,Beveren,51.1964712,4.2361077,1.3727084978368582,51.20878263263692,4.237561050459137,2017,4,20,46003,Beveren,Normaal,Droog,Dageraad - schemering,met lichtgewonden,9,personenauto,3,Fiets,Buiten Kruispunt,Gemeenteweg,binnen bebouwde kom,Tss. 2 best.: langs opzij (voor-/achterkant-flank),Geen hindernis
1537,99,Mechelen teller 1,Mechelen,51.04564,4.46882,1.757330236131095,51.03278802723421,4.4834474078677085,2017,4,14,12025,Mechelen,Normaal,Droog,Dag,met lichtgewonden,1,Autobus,3,Fiets,Buiten Kruispunt,Gewestweg,binnen bebouwde kom,Tussen 2 bestuurders: Langs achteren,Geen hindernis
1537,100,Mechelen teller 2,Mechelen,51.0457,4.46883,1.7623540420391128,51.03278802723421,4.4834474078677085,2017,4,14,12025,Mechelen,Normaal,Droog,Dag,met lichtgewonden,1,Autobus,3,Fiets,Buiten Kruispunt,Gewestweg,binnen bebouwde kom,Tussen 2 bestuurders: Langs achteren,Geen hindernis
1538,99,Mechelen teller 1,Mechelen,51.04564,4.46882,2.3056692758420843,51.03286613120475,4.494796225820284,2017,4,18,12025,Mechelen,Normaal,Droog,Dag,met lichtgewonden,9,personenauto,3,Fiets,Op Kruispunt,Gemeenteweg,binnen bebouwde kom,Tss. 2 best.: langs opzij (voor-/achterkant-flank),Geen hindernis
1538,100,Mechelen teller 2,Mechelen,51.0457,4.46883,2.3092346441549685,51.03286613120475,4.494796225820284,2017,4,18,12025,Mechelen,Normaal,Droog,Dag,met lichtgewonden,9,personenauto,3,Fiets,Op Kruispunt,Gemeenteweg,binnen bebouwde kom,Tss. 2 best.: langs opzij (voor-/achterkant-flank),Geen hindernis
1539,99,Mechelen teller 1,Mechelen,51.04564,4.46882,1.7251577348981797,51.03318186497634,4.483525632215114,2017,4,12,12025,Mechelen,Normaal,Droog,Dag,met lichtgewonden,3,Fiets,9,personenauto,Op Kruispunt,Gewestweg,binnen bebouwde kom,Tss. 2 best.: langs opzij (voor-/achterkant-flank),Geen hindernis
1539,100,Mechelen teller 2,Mechelen,51.0457,4.46883,1.7301038774278037,51.03318186497634,4.483525632215114,2017,4,12,12025,Mechelen,Normaal,Droog,Dag,met lichtgewonden,3,Fiets,9,personenauto,Op Kruispunt,Gewestweg,binnen bebouwde kom,Tss. 2 best.: langs opzij (voor-/achterkant-flank),Geen hindernis
1540,99,Mechelen teller 1,Mechelen,51.04564,4.46882,2.354536210075774,51.02873117211017,4.489090182653273,2017,4,10,12025,Mechelen,Normaal,Droog,Dag,met lichtgewonden,9,personenauto,3,Fiets,Op Kruispunt,Gewestweg,binnen bebouwde kom,Tss. 2 best.: langs opzij (voor-/achterkant-flank),Geen hindernis
1540,100,Mechelen teller 2,Mechelen,51.0457,4.46883,2.3594467749407726,51.02873117211017,4.489090182653273,2017,4,10,12025,Mechelen,Normaal,Droog,Dag,met lichtgewonden,9,personenauto,3,Fiets,Op Kruispunt,Gewestweg,binnen bebouwde kom,Tss. 2 best.: langs opzij (voor-/achterkant-flank),Geen hindernis
1543,99,Mechelen teller 1,Mechelen,51.04564,4.46882,0.9568913248122535,51.03764453731867,4.4738814429050295,2017,4,8,12025,Mechelen,Normaal,Droog,Dag,met lichtgewonden,5,Lichte vrachtauto,3,Fiets,Buiten Kruispunt,Gemeenteweg,binnen bebouwde kom,Tss. 2 best.: langs opzij (voor-/achterkant-flank),Geen hindernis
1543,100,Mechelen teller 2,Mechelen,51.0457,4.46883,0.9628364576883037,51.03764453731867,4.4738814429050295,2017,4,8,12025,Mechelen,Normaal,Droog,Dag,met lichtgewonden,5,Lichte vrachtauto,3,Fiets,Buiten Kruispunt,Gemeenteweg,binnen bebouwde kom,Tss. 2 best.: langs opzij (voor-/achterkant-flank),Geen hindernis
1544,137,Hasselt-Kempische brug,Hasselt,50.9411605,5.3417576,1.9401585874826885,50.9372141912505,5.314785810292458,2017,4,16,71022,Hasselt,Normaal,Droog,Dag,met lichtgewonden,6,Bromfiets,3,Fiets,Buiten Kruispunt,Gewestweg,buiten bebouwde kom,Tussen 2 bestuurders: Frontale botsing,Geen hindernis
1544,138,Hasselt-Kempische brug,Hasselt,50.9405318,5.3422472,1.9592458710662763,50.9372141912505,5.314785810292458,2017,4,16,71022,Hasselt,Normaal,Droog,Dag,met lichtgewonden,6,Bromfiets,3,Fiets,Buiten Kruispunt,Gewestweg,buiten bebouwde kom,Tussen 2 bestuurders: Frontale botsing,Geen hindernis
1544,140,Hasselt ring,Hasselt,50.9300038,5.3438616,2.189621252829895,50.9372141912505,5.314785810292458,2017,4,16,71022,Hasselt,Normaal,Droog,Dag,met lichtgewonden,6,Bromfiets,3,Fiets,Buiten Kruispunt,Gewestweg,buiten bebouwde kom,Tussen 2 bestuurders: Frontale botsing,Geen hindernis
1550,137,Hasselt-Kempische brug,Hasselt,50.9411605,5.3417576,1.6201414267348178,50.935216127145004,5.3206477668774115,2017,4,8,71022,Hasselt,Normaal,Droog,Dag,met lichtgewonden,9,personenauto,3,Fiets,Buiten Kruispunt,Gewestweg,binnen bebouwde kom,Tussen 2 bestuurders: Langs achteren,Geen hindernis
1550,138,Hasselt-Kempische brug,Hasselt,50.9405318,5.3422472,1.6248161081536086,50.935216127145004,5.3206477668774115,2017,4,8,71022,Hasselt,Normaal,Droog,Dag,met lichtgewonden,9,personenauto,3,Fiets,Buiten Kruispunt,Gewestweg,binnen bebouwde kom,Tussen 2 bestuurders: Langs achteren,Geen hindernis
1550,140,Hasselt ring,Hasselt,50.9300038,5.3438616,1.7269598179320098,50.935216127145004,5.3206477668774115,2017,4,8,71022,Hasselt,Normaal,Droog,Dag,met lichtgewonden,9,personenauto,3,Fiets,Buiten Kruispunt,Gewestweg,binnen bebouwde kom,Tussen 2 bestuurders: Langs achteren,Geen hindernis
1551,76,Heverlee teller 2,Leuven,50.84606,4.69597,2.4381151116665567,50.83729470240197,4.664142005519498,2017,4,17,24086,Oud-Heverlee,Normaal,Droog,Dag,met lichtgewonden,3,Fiets,9,personenauto,Op Kruispunt,Gemeenteweg,binnen bebouwde kom,Tussen 2 bestuurders: Frontale botsing,Geen hindernis
1551,108,Heverlee teller 1,Leuven,50.8471728,4.6954674,2.4585186385656654,50.83729470240197,4.664142005519498,2017,4,17,24086,Oud-Heverlee,Normaal,Droog,Dag,met lichtgewonden,3,Fiets,9,personenauto,Op Kruispunt,Gemeenteweg,binnen bebouwde kom,Tussen 2 bestuurders: Frontale botsing,Geen hindernis
1646,3,Brasschaat 1,Brasschaat,51.27503,4.47222,2.260595740680011,51.29185254805022,4.490471002074881,2017,5,1,11008,Brasschaat,Normaal,Droog,"Nacht, openbare verlichting aanwezig en ontstoken",met lichtgewonden,3,Fiets,7,Motorfiets,Buiten Kruispunt,Gemeenteweg,binnen bebouwde kom,Tss. 2 best.: langs opzij (voor-/achterkant-flank),Geen hindernis