crash_row_id,site_id,site_name,site_gemeente,site_lat,site_long,distance_km,crash_lat,crash_long,DT_YEAR_COLLISION,DT_MONTH_COLLISION,DT_TIME,CD_NIS,TX_MUNTY_COLLISION_NL,TX_WEATHER_NL,TX_ROAD_CONDITION_NL,TX_LIGHT_CONDITION_NL,TX_CLASS_ACCIDENTS_NL,CD_ROAD_USR_TYPE1,TX_ROAD_USR_TYPE1_NL,CD_ROAD_USR_TYPE2,TX_ROAD_USR_TYPE2_NL,TX_CROSSWAY_NL,CD_ROAD_TYPE_NL,TX_BUILD_UP_AREA_NL,TX_COLLISION_TYPE_NL,TX_OBSTACLES_NL
1646,2,Brasschaat 2,Brasschaat,51.27512,4.47169,2.2732986166674896,51.29185254805022,4.490471002074881,2017,5,1,11008,Brasschaat,Normaal,Droog,"Nacht, openbare verlichting aanwezig en ontstoken",met lichtgewonden,3,Fiets,7,Motorfiets,Buiten Kruispunt,Gemeenteweg,binnen bebouwde kom,Tss. 2 best.: langs opzij (voor-/achterkant-flank),Geen hindernis
1663,2,Brasschaat 2,Brasschaat,51.27512,4.47169,2.460113166361671,51.290085210738845,4.445637922638851,2017,5,16,11008,Brasschaat,Normaal,Droog,Dag,met lichtgewonden,3,Fiets,3,Fiets,Buiten Kruispunt,Gewestweg,binnen bebouwde kom,Tussen 2 bestuurders: Frontale botsing,Geen hindernis
1663,3,Brasschaat 1,Brasschaat,51.27503,4.47222,2.4940949369358503,51.290085210738845,4.445637922638851,2017,5,16,11008,Brasschaat,Normaal,Droog,Dag,met lichtgewonden,3,Fiets,3,Fiets,Buiten Kruispunt,Gewestweg,binnen bebouwde kom,Tussen 2 bestuurders: Frontale botsing,Geen hindernis
1664,3,Brasschaat 1,Brasschaat,51.27503,4.47222,1.9193919948379898,51.288762829464375,4.488939655802303,2017,5,12,11008,Brasschaat,Normaal,Droog,Dag,met lichtgewonden,9,personenauto,3,Fiets,Op Kruispunt,Gewestweg,binnen bebouwde kom,Tss. 2 best.: langs opzij (voor-/achterkant-flank),Geen hindernis
1664,2,Brasschaat 2,Brasschaat,51.27512,4.47169,1.9340864218778187,51.288762829464375,4.488939655802303,2017,5,12,11008,Brasschaat,Normaal,Droog,Dag,met lichtgewonden,9,personenauto,3,Fiets,Op Kruispunt,Gewestweg,binnen bebouwde kom,Tss. 2 best.: langs opzij (voor-/achterkant-flank),Geen hindernis
1676,91,Brecht teller 2,Brecht,51.35739,4.62422,0.842132275172144,51.35367083036477,4.634784486407805,2017,5,14,11009,Brecht,Normaal,Droog,Dag,met lichtgewonden,9,personenauto,3,Fiets,Buiten Kruispunt,Gemeenteweg,buiten bebouwde kom,Tss. 2 best.: langs opzij (voor-/achterkant-flank),Geen hindernis
1676,90,Brecht teller 1,Brecht,51.35752,4.6243,0.8445298602309728,51.35367083036477,4.634784486407805,2017,5,14,11009,Brecht,Normaal,Droog,Dag,met lichtgewonden,9,personenauto,3,Fiets,Buiten Kruispunt,Gemeenteweg,buiten bebouwde kom,Tss. 2 best.: langs opzij (voor-/achterkant-flank),Geen hindernis
1688,96,Lier teller 2,Lier,51.11705,4.58444,1.490940522173575,51.12798817304936,4.572084507402482,2017,5,12,12021,Lier,Normaal,Droog,Dag,met lichtgewonden,9,personenauto,3,Fiets,Buiten Kruispunt,Gemeenteweg,binnen bebouwde kom,Tss. 2 best.: langs opzij (voor-/achterkant-flank),Geen hindernis
1688,95,Lier teller 1,Lier,51.11687,4.58437,1.5045241134970093,51.12798817304936,4.572084507402482,2017,5,12,12021,Lier,Normaal,Droog,Dag,met lichtgewonden,9,personenauto,3,Fiets,Buiten Kruispunt,Gemeenteweg,binnen bebouwde kom,Tss. 2 best.: langs opzij (voor-/achterkant-flank),Geen hindernis
1690,92,Nijlen teller 1,Nijlen,51.14989,4.64479,1.6052242261234633,51.13708597306505,4.6341619620148595,2017,5,18,12026,Nijlen,Normaal,Droog,Dag,met lichtgewonden,9,personenauto,3,Fiets,Op Kruispunt,Gemeenteweg,binnen bebouwde kom,Tss. 2 best.: langs opzij (voor-/achterkant-flank),Geen hindernis
1690,93,Nijlen teller 2,Nijlen,51.14998,4.64469,1.610914199750805,51.13708597306505,4.6341619620148595,2017,5,18,12026,Nijlen,Normaal,Droog,Dag,met lichtgewonden,9,personenauto,3,Fiets,Op Kruispunt,Gemeenteweg,binnen bebouwde kom,Tss. 2 best.: langs opzij (voor-/achterkant-flank),Geen hindernis
1692,92,Nijlen teller 1,Nijlen,51.14989,4.64479,1.2909910691781286,51.14453800387188,4.661213808459713,2017,5,16,12026,Nijlen,Normaal,Droog,Dag,met lichtgewonden,3,Fiets,9,personenauto,Op Kruispunt,Gemeenteweg,buiten bebouwde kom,Tss. 2 best.: langs opzij (voor-/achterkant-flank),Geen hindernis
1692,93,Nijlen teller 2,Nijlen,51.14998,4.64469,1.3018057775795868,51.14453800387188,4.661213808459713,2017,5,16,12026,Nijlen,Normaal,Droog,Dag,met lichtgewonden,3,Fiets,9,personenauto,Op Kruispunt,Gemeenteweg,buiten bebouwde kom,Tss. 2 best.: langs opzij (voor-/achterkant-flank),Geen hindernis
1694,9,Heist op den Berg 2,Heist-op-den-Berg,51.06904,4.69524,1.2420287874416023,51.07926461973697,4.702397127638058,2017,5,19,12014,Heist-op-den-Berg,Normaal,Droog,Dag,met lichtgewonden,6,Bromfiets,3,Fiets,Buiten Kruispunt,Gemeenteweg,binnen bebouwde kom,Tussen 2 bestuurders: Frontale botsing,Geen hindernis
1694,8,Heist op den Berg 1,Heist-op-den-Berg,51.06759,4.68823,1.6324621508021244,51.07926461973697,4.702397127638058,2017,5,19,12014,Heist-op-den-Berg,Normaal,Droog,Dag,met lichtgewonden,6,Bromfiets,3,Fiets,Buiten Kruispunt,Gemeenteweg,binnen bebouwde kom,Tussen 2 bestuurders: Frontale botsing,Geen hindernis
1696,9,Heist op den Berg 2,Heist-op-den-Berg,51.06904,4.69524,1.4776021202786966,51.07645997821845,4.712784602061455,2017,5,16,12014,Heist-op-den-Berg,Normaal,Droog,Dag,met lichtgewonden,9,personenauto,3,Fiets,Buiten Kruispunt,Gemeenteweg,binnen bebouwde kom,Tss. 2 best.: langs opzij (voor-/achterkant-flank),Geen hindernis
1696,8,Heist op den Berg 1,Heist-op-den-Berg,51.06759,4.68823,1.9788999863924945,51.07645997821845,4.712784602061455,2017,5,16,12014,Heist-op-den-Berg,Normaal,Droog,Dag,met lichtgewonden,9,personenauto,3,Fiets,Buiten Kruispunt,Gemeenteweg,binnen bebouwde kom,Tss. 2 best.: langs opzij (voor-/achterkant-flank),Geen hindernis
1709,88,Westerlo teller 1,Westerlo,51.082,4.91325,0.6818212233825439,51.08737656641809,4.917943091790548,2017,5,12,13049,Westerlo,Normaal,Droog,Dag,met lichtgewonden,8,Voetganger,3,Fiets,Op Kruispunt,Gemeenteweg,binnen bebouwde kom,Met een voetganger,Geen hindernis
1709,89,Westerlo teller 2,Westerlo,51.08191,4.91334,0.6876514314284347,51.08737656641809,4.917943091790548,2017,5,12,13049,Westerlo,Normaal,Droog,Dag,met lichtgewonden,8,Voetganger,3,Fiets,Op Kruispunt,Gemeenteweg,binnen bebouwde kom,Met een voetganger,Geen hindernis
1711,88,Westerlo teller 1,Westerlo,51.082,4.91325,1.070235063197694,51.09089315350669,4.919110069654614,2017,5,9,13049,Westerlo,Normaal,Droog,Dag,met lichtgewonden,9,personenauto,3,Fiets,Op Kruispunt,Gewestweg,binnen bebouwde kom,Tss. 2 best.: langs opzij (voor-/achterkant-flank),Geen hindernis
1711,89,Westerlo teller 2,Westerlo,51.08191,4.91334,1.0771209240683213,51.09089315350669,4.919110069654614,2017,5,9,13049,Westerlo,Normaal,Droog,Dag,met lichtgewonden,9,personenauto,3,Fiets,Op Kruispunt,Gewestweg,binnen bebouwde kom,Tss. 2 best.: langs opzij (voor-/achterkant-flank),Geen hindernis
1712,88,Westerlo teller 1,Westerlo,51.082,4.91325,1.2890564740453874,51.09358488673143,4.912569768416142,2017,5,11,13049,Westerlo,Normaal,Droog,Dag,met lichtgewonden,3,Fiets,10,"één bestuurder, geen hindernis",Buiten Kruispunt,Gemeenteweg,binnen bebouwde kom,"Eén bestuurder, geen hindernis (incl. val)",Geen hindernis
1712,89,Westerlo teller 2,Westerlo,51.08191,4.91334,1.299302357761906,51.09358488673143,4.912569768416142,2017,5,11,13049,Westerlo,Normaal,Droog,Dag,met lichtgewonden,3,Fiets,10,"één bestuurder, geen hindernis",Buiten Kruispunt,Gemeenteweg,binnen bebouwde kom,"Eén bestuurder, geen hindernis (incl. val)",Geen hindernis
1713,98,Geel teller 2,Geel,51.1481,4.99643,1.7197812752856707,51.16256985980381,4.98772187933635,2017,5,10,13008,Geel,Normaal,Droog,Dag,met lichtgewonden,3,Fiets,9,personenauto,Buiten Kruispunt,Gemeenteweg,binnen bebouwde kom,Tss. 2 best.: langs opzij (voor-/achterkant-flank),Geen hindernis
1713,97,Geel teller 1,Geel,51.14813,4.99698,1.7306032538314227,51.16256985980381,4.98772187933635,2017,5,10,13008,Geel,Normaal,Droog,Dag,met lichtgewonden,3,Fiets,9,personenauto,Buiten Kruispunt,Gemeenteweg,binnen bebouwde kom,Tss. 2 best.: langs opzij (voor-/achterkant-flank),Geen hindernis
1719,4,Balen 1,Balen,51.16023,5.19011,1.120528702351061,51.16959753280374,5.184186327595474,2017,5,8,13003,Balen,Normaal,"Nat, plassen",Dag,met lichtgewonden,9,personenauto,3,Fiets,Op Kruispunt,Gemeenteweg,buiten bebouwde kom,Tss. 2 best.: langs opzij (voor-/achterkant-flank),Geen hindernis
1719,5,Balen 2,Balen,51.16018,5.19003,1.123664061740275,51.16959753280374,5.184186327595474,2017,5,8,13003,Balen,Normaal,"Nat, plassen",Dag,met lichtgewonden,9,personenauto,3,Fiets,Op Kruispunt,Gemeenteweg,buiten bebouwde kom,Tss. 2 best.: langs opzij (voor-/achterkant-flank),Geen hindernis
1721,94,Herentals teller 2,Herentals,51.17345,4.81283,1.7130210785191706,51.17528857137871,4.83722653159857,2017,5,13,13011,Herentals,Normaal,Droog,Dag,met lichtgewonden,3,Fiets,5,Lichte vrachtauto,Buiten Kruispunt,Gewestweg,binnen bebouwde kom,Tss. 2 best.: langs opzij (voor-/achterkant-flank),Geen hindernis
1721,110,Herentals totem,Herentals,51.1739426,4.811783,1.7800619179689559,51.17528857137871,4.83722653159857,2017,5,13,13011,Herentals,Normaal,Droog,Dag,met lichtgewonden,3,Fiets,5,Lichte vrachtauto,Buiten Kruispunt,Gewestweg,binnen bebouwde kom,Tss. 2 best.: langs opzij (voor-/achterkant-flank),Geen hindernis
1724,37,Lommel teller 1,Lommel,51.23299,5.29211,2.1108315321650735,51.227122222451676,5.320940518119665,2017,5,20,72020,Lommel,Normaal,Droog,Dag,met lichtgewonden,9,personenauto,3,Fiets,Buiten Kruispunt,Gewestweg,buiten bebouwde kom,Tss. 2 best.: langs opzij (voor-/achterkant-flank),Geen hindernis
1724,38,Lommel teller 2,Lommel,51.23277,5.29189,2.1180280088818253,51.227122222451676,5.320940518119665,2017,5,20,72020,Lommel,Normaal,Droog,Dag,met lichtgewonden,9,personenauto,3,Fiets,Buiten Kruispunt,Gewestweg,buiten bebouwde kom,Tss. 2 best.: langs opzij (voor-/achterkant-flank),Geen hindernis
1728,37,Lommel teller 1,Lommel,51.23299,5.29211,1.21573109335893,51.23731239457944,5.308149342217345,2017,5,15,72020,Lommel,Normaal,Droog,Dag,met zwaargewonden,9,personenauto,3,Fiets,Buiten Kruispunt,Gewestweg,buiten bebouwde kom,Tss. 2 best.: langs opzij (voor-/achterkant-flank),Geen hindernis
1728,38,Lommel teller 2,Lommel,51.23277,5.29189,1.2395824745215591,51.23731239457944,5.308149342217345,2017,5,15,72020,Lommel,Normaal,Droog,Dag,met zwaargewonden,9,personenauto,3,Fiets,Buiten Kruispunt,Gewestweg,buiten bebouwde kom,Tss. 2 best.: langs opzij (voor-/achterkant-flank),Geen hindernis
1730,45,Pelt teller 1,Pelt,51.23127,5.44377,1.4136443437854773,51.243918638870475,5.445813939111501,2017,5,17,72043,Pelt,Normaal,Droog,Dag,met lichtgewonden,9,personenauto,3,Fiets,Op Kruispunt,Gemeenteweg,buiten bebouwde kom,Tss. 2 best.: langs opzij (voor-/achterkant-flank),Geen hindernis
1730,46,Pelt teller 2,Pelt,51.231,5.44375,1.4436556130770317,51.243918638870475,5.445813939111501,2017,5,17,72043,Pelt,Normaal,Droog,Dag,met lichtgewonden,9,personenauto,3,Fiets,Op Kruispunt,Gemeenteweg,buiten bebouwde kom,Tss. 2 best.: langs opzij (voor-/achterkant-flank),Geen hindernis
1731,46,Pelt teller 2,Pelt,51.231,5.44375,2.1956274728837872,51.21495017932429,5.42538460461834,2017,5,15,72043,Pelt,Normaal,Droog,Dag,met lichtgewonden,9,personenauto,3,Fiets,Op Kruispunt,Gewestweg,buiten bebouwde kom,Tss. 2 best.: langs opzij (voor-/achterkant-flank),Geen hindernis
1731,45,Pelt teller 1,Pelt,51.23127,5.44377,2.2208999756663466,51.21495017932429,5.42538460461834,2017,5,15,72043,Pelt,Normaal,Droog,Dag,met lichtgewonden,9,personenauto,3,Fiets,Op Kruispunt,Gewestweg,buiten bebouwde kom,Tss. 2 best.: langs opzij (voor-/achterkant-flank),Geen hindernis
1754,21,Bilzen,Bilzen,50.86015,5.50161,0.19893914016359154,50.86169923270364,5.503027694140075,2017,5,17,73006,Bilzen,Normaal,Droog,Dag,met lichtgewonden,3,Fiets,10,"één bestuurder, geen hindernis",Buiten Kruispunt,Gewestweg,binnen bebouwde kom,"Eén bestuurder, geen hindernis (incl. val)",Geen hindernis
1755,21,Bilzen,Bilzen,50.86015,5.50161,1.6647984247017078,50.87001639239443,5.5194521950336854,2017,5,11,73006,Bilzen,Regenval,"Nat, plassen",Dag,met lichtgewonden,3,Fiets,10,"één bestuurder, geen hindernis",Buiten Kruispunt,Gemeenteweg,binnen bebouwde kom,"Eén bestuurder, geen hindernis (incl. val)",Geen hindernis
1764,14,Genk,Genk,50.97172,5.48927,2.1101392926226112,50.97706742541082,5.518186754220004,2017,5,12,71016,Genk,Normaal,Droog,Dag,met lichtgewonden,3,Fiets,9,personenauto,Op Kruispunt,Gemeenteweg,buiten bebouwde kom,Tss. 2 best.: langs opzij (voor-/achterkant-flank),Geen hindernis
1766,49,Bokrijk,Genk,50.95264,5.41001,0.7269586856770051,50.95899496705539,5.407573364413141,2017,5,17,71016,Genk,Normaal,Droog,Dag,met lichtgewonden,9,personenauto,3,Fiets,Op Kruispunt,Gewestweg,buiten bebouwde kom,Tss. 2 best.: langs opzij (voor-/achterkant-flank),Geen hindernis
1770,25,Bree,Bree,51.13679500160176,5.597669323604317,0.48811255596430336,51.140463200983305,5.601512221580173,2017,5,13,72004,Bree,Normaal,Droog,Dag,met lichtgewonden,6,Bromfiets,3,Fiets,Op Kruispunt,Gewestweg,binnen bebouwde kom,Tussen 2 bestuurders: Frontale botsing,Geen hindernis
1774,14,Genk,Genk,50.97172,5.48927,1.3294026564244472,50.96269109634209,5.501714001180576,2017,5,16,71016,Genk,Normaal,Droog,Dag,dodelijk gewonden,3,Fiets,1,Autobus,Op Kruispunt,Gewestweg,binnen bebouwde kom,Tss. 2 best.: langs opzij (voor-/achterkant-flank),Geen hindernis
1776,14,Genk,Genk,50.97172,5.48927,0.4944469367133339,50.97585671415436,5.486679636001186,2017,5,14,71016,Genk,Normaal,Droog,Dag,met lichtgewonden,9,personenauto,3,Fiets,Buiten Kruispunt,Gemeenteweg,buiten bebouwde kom,Tss. 2 best.: langs opzij (voor-/achterkant-flank),Geen hindernis
1784,69,Leuven teller 1,Leuven,50.87549,4.71526,1.1329232552428177,50.870232817629415,4.729090346114661,2017,5,7,24062,Leuven,Normaal,Droog,Dag,met lichtgewonden,9,personenauto,3,Fiets,Op Kruispunt,Gewestweg,binnen bebouwde kom,Tss. 2 best.: langs opzij (voor-/achterkant-flank),Geen hindernis
1784,107,leuven totem,Leuven,50.8870744,4.7087919,2.3526956778614885,50.870232817629415,4.729090346114661,2017,5,7,24062,Leuven,Normaal,Droog,Dag,met lichtgewonden,9,personenauto,3,Fiets,Op Kruispunt,Gewestweg,binnen bebouwde kom,Tss. 2 best.: langs opzij (voor-/achterkant-flank),Geen hindernis
1784,77,Leuven teller 2,Leuven,50.88672,4.70796,2.357710731671677,50.870232817629415,4.729090346114661,2017,5,7,24062,Leuven,Normaal,Droog,Dag,met lichtgewonden,9,personenauto,3,Fiets,Op Kruispunt,Gewestweg,binnen bebouwde kom,Tss. 2 best.: langs opzij (voor-/achterkant-flank),Geen hindernis
1786,151,Leuven,District Leuven,50.8690262,4.6854839,1.260753224953441,50.85802045557903,4.689802250621144,2017,5,7,24062,Leuven,Normaal,Droog,Dag,met lichtgewonden,3,Fiets,3,Fiets,Op Kruispunt,Gemeenteweg,binnen bebouwde kom,Tss. 2 best.: langs opzij (voor-/achterkant-flank),Geen hindernis
1786,108,Heverlee teller 1,Leuven,50.8471728,4.6954674,1.2700731370262222,50.85802045557903,4.689802250621144,2017,5,7,24062,Leuven,Normaal,Droog,Dag,met lichtgewonden,3,Fiets,3,Fiets,Op Kruispunt,Gemeenteweg,binnen bebouwde kom,Tss. 2 best.: langs opzij (voor-/achterkant-flank),Geen hindernis
1786,76,Heverlee teller 2,Leuven,50.84606,4.69597,1.3986474644240778,50.85802045557903,4.689802250621144,2017,5,7,24062,Leuven,Normaal,Droog,Dag,met lichtgewonden,3,Fiets,3,Fiets,Op Kruispunt,Gemeenteweg,binnen bebouwde kom,Tss. 2 best.: langs opzij (voor-/achterkant-flank),Geen hindernis
1787,151,Leuven,District Leuven,50.8690262,4.6854839,1.2329465022140984,50.858378794911,4.680580055646253,2017,5,12,24062,Leuven,Normaal,Droog,Dag,met lichtgewonden,5,Lichte vrachtauto,3,Fiets,Buiten Kruispunt,Gemeenteweg,binnen bebouwde kom,Tss. 2 best.: langs opzij (voor-/achterkant-flank),Geen hindernis
1787,108,Heverlee teller 1,Leuven,50.8471728,4.6954674,1.6262923706256172,50.858378794911,4.680580055646253,2017,5,12,24062,Leuven,Normaal,Droog,Dag,met lichtgewonden,5,Lichte vrachtauto,3,Fiets,Buiten Kruispunt,Gemeenteweg,binnen bebouwde kom,Tss. 2 best.: langs opzij (voor-/achterkant-flank),Geen hindernis
1787,76,Heverlee teller 2,Leuven,50.84606,4.69597,1.744569344355142,50.858378794911,4.680580055646253,2017,5,12,24062,Leuven,Normaal,Droog,Dag,met lichtgewonden,5,Lichte vrachtauto,3,Fiets,Buiten Kruispunt,Gemeenteweg,binnen bebouwde kom,Tss. 2 best.: langs opzij (voor-/achterkant-flank),Geen hindernis
1788,107,leuven totem,Leuven,50.8870744,4.7087919,1.6377871694704116,50.9017153938376,4.706243395738109,2017,5,17,24062,Leuven,Onbekend,Onbekend,Onbekend,met zwaargewonden,7,Motorfiets,3,Fiets,Op Kruispunt,Gemeenteweg,binnen bebouwde kom,Tss. 2 best.: langs opzij (voor-/achterkant-flank),Geen hindernis
1788,77,Leuven teller 2,Leuven,50.88672,4.70796,1.6717527468121516,50.9017153938376,4.706243395738109,2017,5,17,24062,Leuven,Onbekend,Onbekend,Onbekend,met zwaargewonden,7,Motorfiets,3,Fiets,Op Kruispunt,Gemeenteweg,binnen bebouwde kom,Tss. 2 best.: langs opzij (voor-/achterkant-flank),Geen hindernis
1789,69,Leuven teller 1,Leuven,50.87549,4.71526,1.0009223947234311,50.87510694899865,4.729512314417348,2017,5,13,24062,Leuven,Normaal,Droog,Dag,met lichtgewonden,3,Fiets,8,Voetganger,Buiten Kruispunt,Gemeenteweg,binnen bebouwde kom,Met een voetganger,Geen hindernis
1789,107,leuven totem,Leuven,50.8870744,4.7087919,1.9707796176619405,50.87510694899865,4.729512314417348,2017,5,13,24062,Leuven,Normaal,Droog,Dag,met lichtgewonden,3,Fiets,8,Voetganger,Buiten Kruispunt,Gemeenteweg,binnen bebouwde kom,Met een voetganger,Geen hindernis
1789,77,Leuven teller 2,Leuven,50.88672,4.70796,1.9884038180837815,50.87510694899865,4.729512314417348,2017,5,13,24062,Leuven,Normaal,Droog,Dag,met lichtgewonden,3,Fiets,8,Voetganger,Buiten Kruispunt,Gemeenteweg,binnen bebouwde kom,Met een voetganger,Geen hindernis
1790,77,Leuven teller 2,Leuven,50.88672,4.70796,0.1514767017270262,50.88691777942181,4.7058234861662775,2017,5,16,24062,Leuven,Normaal,Droog,Dag,met lichtgewonden,9,personenauto,3,Fiets,Buiten Kruispunt,Gemeenteweg,binnen bebouwde kom,Tss. 2 best.: langs opzij (voor-/achterkant-flank),Geen hindernis
1790,107,leuven totem,Leuven,50.8870744,4.7087919,0.2089539231919342,50.88691777942181,4.7058234861662775,2017,5,16,24062,Leuven,Normaal,Droog,Dag,met lichtgewonden,9,personenauto,3,Fiets,Buiten Kruispunt,Gemeenteweg,binnen bebouwde kom,Tss. 2 best.: langs opzij (voor-/achterkant-flank),Geen hindernis
1790,69,Leuven teller 1,Leuven,50.87549,4.71526,1.4328262353525691,50.88691777942181,4.7058234861662775,2017,5,16,24062,Leuven,Normaal,Droog,Dag,met lichtgewonden,9,personenauto,3,Fiets,Buiten Kruispunt,Gemeenteweg,binnen bebouwde kom,Tss. 2 best.: langs opzij (voor-/achterkant-flank),Geen hindernis
1790,151,Leuven,District Leuven,50.8690262,4.6854839,2.448344145511336,50.88691777942181,4.7058234861662775,2017,5,16,24062,Leuven,Normaal,Droog,Dag,met lichtgewonden,9,personenauto,3,Fiets,Buiten Kruispunt,Gemeenteweg,binnen bebouwde kom,Tss. 2 best.: langs opzij (voor-/achterkant-flank),Geen hindernis
1791,69,Leuven teller 1,Leuven,50.87549,4.71526,2.3884865662296075,50.8663211016796,4.746041008732339,2017,5,13,24062,Leuven,Normaal,Droog,Dag,met lichtgewonden,9,personenauto,3,Fiets,Buiten Kruispunt,Gewestweg,buiten bebouwde kom,Tss. 2 best.: langs opzij (voor-/achterkant-flank),Geen hindernis
1792,77,Leuven teller 2,Leuven,50.88672,4.70796,0.4984876894625004,50.8824195067976,4.705953070074601,2017,4,18,24062,Leuven,Onbekend,Onbekend,Onbekend,met lichtgewonden,3,Fiets,11,een weggebruiker tegen een hindernis,Buiten Kruispunt,Gemeenteweg,binnen bebouwde kom,Weggebruiker tegen hindernis buiten rijbaan,Buiten de rijbaan: Andere paal
1792,107,leuven totem,Leuven,50.8870744,4.7087919,0.5545896021639716,50.8824195067976,4.705953070074601,2017,4,18,24062,Leuven,Onbekend,Onbekend,Onbekend,met lichtgewonden,3,Fiets,11,een weggebruiker tegen een hindernis,Buiten Kruispunt,Gemeenteweg,binnen bebouwde kom,Weggebruiker tegen hindernis buiten rijbaan,Buiten de rijbaan: Andere paal
1792,69,Leuven teller 1,Leuven,50.87549,4.71526,1.0099907252383562,50.8824195067976,4.705953070074601,2017,4,18,24062,Leuven,Onbekend,Onbekend,Onbekend,met lichtgewonden,3,Fiets,11,een weggebruiker tegen een hindernis,Buiten Kruispunt,Gemeenteweg,binnen bebouwde kom,Weggebruiker tegen hindernis buiten rijbaan,Buiten de rijbaan: Andere paal
1792,151,Leuven,District Leuven,50.8690262,4.6854839,2.068964808780759,50.8824195067976,4.705953070074601,2017,4,18,24062,Leuven,Onbekend,Onbekend,Onbekend,met lichtgewonden,3,Fiets,11,een weggebruiker tegen een hindernis,Buiten Kruispunt,Gemeenteweg,binnen bebouwde kom,Weggebruiker tegen hindernis buiten rijbaan,Buiten de rijbaan: Andere paal
1793,77,Leuven teller 2,Leuven,50.88672,4.70796,1.0898540980760167,50.88035270433568,4.69614927982531,2017,5,8,24062,Leuven,Normaal,Droog,Dag,met lichtgewonden,9,personenauto,3,Fiets,Op Kruispunt,Gemeenteweg,binnen bebouwde kom,Tss. 2 best.: langs opzij (voor-/achterkant-flank),Geen hindernis
1793,107,leuven totem,Leuven,50.8870744,4.7087919,1.1598472566288993,50.88035270433568,4.69614927982531,2017,5,8,24062,Leuven,Normaal,Droog,Dag,met lichtgewonden,9,personenauto,3,Fiets,Op Kruispunt,Gemeenteweg,binnen bebouwde kom,Tss. 2 best.: langs opzij (voor-/achterkant-flank),Geen hindernis
1793,69,Leuven teller 1,Leuven,50.87549,4.71526,1.445749969831683,50.88035270433568,4.69614927982531,2017,5,8,24062,Leuven,Normaal,Droog,Dag,met lichtgewonden,9,personenauto,3,Fiets,Op Kruispunt,Gemeenteweg,binnen bebouwde kom,Tss. 2 best.: langs opzij (voor-/achterkant-flank),Geen hindernis
1793,151,Leuven,District Leuven,50.8690262,4.6854839,1.4650044836054807,50.88035270433568,4.69614927982531,2017,5,8,24062,Leuven,Normaal,Droog,Dag,met lichtgewonden,9,personenauto,3,Fiets,Op Kruispunt,Gemeenteweg,binnen bebouwde kom,Tss. 2 best.: langs opzij (voor-/achterkant-flank),Geen hindernis
1794,69,Leuven teller 1,Leuven,50.87549,4.71526,0.8497004895794099,50.8702138821904,4.706500345601573,2017,5,21,24062,Leuven,Normaal,"Nat, plassen",Dageraad - schemering,met lichtgewonden,6,Bromfiets,3,Fiets,Op Kruispunt,Gemeenteweg,binnen bebouwde kom,Tss. 2 best.: langs opzij (voor-/achterkant-flank),Geen hindernis
1794,151,Leuven,District Leuven,50.8690262,4.6854839,1.4807028208446777,50.8702138821904,4.706500345601573,2017,5,21,24062,Leuven,Normaal,"Nat, plassen",Dageraad - schemering,met lichtgewonden,6,Bromfiets,3,Fiets,Op Kruispunt,Gemeenteweg,binnen bebouwde kom,Tss. 2 best.: langs opzij (voor-/achterkant-flank),Geen hindernis
1794,77,Leuven teller 2,Leuven,50.88672,4.70796,1.8382514290328946,50.8702138821904,4.706500345601573,2017,5,21,24062,Leuven,Normaal,"Nat, plassen",Dageraad - schemering,met lichtgewonden,6,Bromfiets,3,Fiets,Op Kruispunt,Gemeenteweg,binnen bebouwde kom,Tss. 2 best.: langs opzij (voor-/achterkant-flank),Geen hindernis
1794,107,leuven totem,Leuven,50.8870744,4.7087919,1.8816851540619353,50.8702138821904,4.706500345601573,2017,5,21,24062,Leuven,Normaal,"Nat, plassen",Dageraad - schemering,met lichtgewonden,6,Bromfiets,3,Fiets,Op Kruispunt,Gemeenteweg,binnen bebouwde kom,Tss. 2 best.: langs opzij (voor-/achterkant-flank),Geen hindernis
1795,108,Heverlee teller 1,Leuven,50.8471728,4.6954674,1.916103669280277,50.85278090502863,4.721275183962308,2017,5,16,24062,Leuven,Normaal,Droog,Dag,met lichtgewonden,3,Fiets,3,Fiets,Buiten Kruispunt,Gemeenteweg,binnen bebouwde kom,Tussen 2 bestuurders: Langs achteren,Geen hindernis
1795,76,Heverlee teller 2,Leuven,50.84606,4.69597,1.927317678493182,50.85278090502863,4.721275183962308,2017,5,16,24062,Leuven,Normaal,Droog,Dag,met lichtgewonden,3,Fiets,3,Fiets,Buiten Kruispunt,Gemeenteweg,binnen bebouwde kom,Tussen 2 bestuurders: Langs achteren,Geen hindernis
1796,151,Leuven,District Leuven,50.8690262,4.6854839,0.6583145351731802,50.86982937021951,4.6947783488327,2017,5,8,24062,Leuven,Normaal,Onbekend,Dag,met lichtgewonden,1,Autobus,3,Fiets,Op Kruispunt,Gewestweg,binnen bebouwde kom,Tss. 2 best.: langs opzij (voor-/achterkant-flank),Geen hindernis
1796,69,Leuven teller 1,Leuven,50.87549,4.71526,1.568971304973189,50.86982937021951,4.6947783488327,2017,5,8,24062,Leuven,Normaal,Onbekend,Dag,met lichtgewonden,1,Autobus,3,Fiets,Op Kruispunt,Gewestweg,binnen bebouwde kom,Tss. 2 best.: langs opzij (voor-/achterkant-flank),Geen hindernis
1796,77,Leuven teller 2,Leuven,50.88672,4.70796,2.0935073490579907,50.86982937021951,4.6947783488327,2017,5,8,24062,Leuven,Normaal,Onbekend,Dag,met lichtgewonden,1,Autobus,3,Fiets,Op Kruispunt,Gewestweg,binnen bebouwde kom,Tss. 2 best.: langs opzij (voor-/achterkant-flank),Geen hindernis