crash_row_id,site_id,site_name,site_gemeente,site_lat,site_long,distance_km,crash_lat,crash_long,DT_YEAR_COLLISION,DT_MONTH_COLLISION,DT_TIME,CD_NIS,TX_MUNTY_COLLISION_NL,TX_WEATHER_NL,TX_ROAD_CONDITION_NL,TX_LIGHT_CONDITION_NL,TX_CLASS_ACCIDENTS_NL,CD_ROAD_USR_TYPE1,TX_ROAD_USR_TYPE1_NL,CD_ROAD_USR_TYPE2,TX_ROAD_USR_TYPE2_NL,TX_CROSSWAY_NL,CD_ROAD_TYPE_NL,TX_BUILD_UP_AREA_NL,TX_COLLISION_TYPE_NL,TX_OBSTACLES_NL
1796,107,leuven totem,Leuven,50.8870744,4.7087919,2.1549270655174975,50.86982937021951,4.6947783488327,2017,5,8,24062,Leuven,Normaal,Onbekend,Dag,met lichtgewonden,1,Autobus,3,Fiets,Op Kruispunt,Gewestweg,binnen bebouwde kom,Tss. 2 best.: langs opzij (voor-/achterkant-flank),Geen hindernis
1797,107,leuven totem,Leuven,50.8870744,4.7087919,1.089798567352481,50.8840968107446,4.723592917618343,2017,5,15,24062,Leuven,Normaal,Droog,Dag,met lichtgewonden,9,personenauto,3,Fiets,Buiten Kruispunt,Gewestweg,binnen bebouwde kom,Tss. 2 best.: langs opzij (voor-/achterkant-flank),Geen hindernis
1797,69,Leuven teller 1,Leuven,50.87549,4.71526,1.1214716617137872,50.8840968107446,4.723592917618343,2017,5,15,24062,Leuven,Normaal,Droog,Dag,met lichtgewonden,9,personenauto,3,Fiets,Buiten Kruispunt,Gewestweg,binnen bebouwde kom,Tss. 2 best.: langs opzij (voor-/achterkant-flank),Geen hindernis
1797,77,Leuven teller 2,Leuven,50.88672,4.70796,1.1347762471122504,50.8840968107446,4.723592917618343,2017,5,15,24062,Leuven,Normaal,Droog,Dag,met lichtgewonden,9,personenauto,3,Fiets,Buiten Kruispunt,Gewestweg,binnen bebouwde kom,Tss. 2 best.: langs opzij (voor-/achterkant-flank),Geen hindernis
1798,107,leuven totem,Leuven,50.8870744,4.7087919,1.421019763021641,50.89851541112532,4.717818665012205,2017,5,11,24062,Leuven,Normaal,Droog,Dag,met lichtgewonden,9,personenauto,3,Fiets,Buiten Kruispunt,Gemeenteweg,binnen bebouwde kom,Tss. 2 best.: langs opzij (voor-/achterkant-flank),Geen hindernis
1798,77,Leuven teller 2,Leuven,50.88672,4.70796,1.482703350810193,50.89851541112532,4.717818665012205,2017,5,11,24062,Leuven,Normaal,Droog,Dag,met lichtgewonden,9,personenauto,3,Fiets,Buiten Kruispunt,Gemeenteweg,binnen bebouwde kom,Tss. 2 best.: langs opzij (voor-/achterkant-flank),Geen hindernis
1799,69,Leuven teller 1,Leuven,50.87549,4.71526,0.7393558385141157,50.87333138413801,4.705293565110104,2017,5,10,24062,Leuven,Onbekend,Onbekend,Dag,met lichtgewonden,3,Fiets,9,personenauto,Buiten Kruispunt,Gemeenteweg,binnen bebouwde kom,Tss. 2 best.: langs opzij (voor-/achterkant-flank),Geen hindernis
1799,151,Leuven,District Leuven,50.8690262,4.6854839,1.4701921070349204,50.87333138413801,4.705293565110104,2017,5,10,24062,Leuven,Onbekend,Onbekend,Dag,met lichtgewonden,3,Fiets,9,personenauto,Buiten Kruispunt,Gemeenteweg,binnen bebouwde kom,Tss. 2 best.: langs opzij (voor-/achterkant-flank),Geen hindernis
1799,77,Leuven teller 2,Leuven,50.88672,4.70796,1.5004535942133985,50.87333138413801,4.705293565110104,2017,5,10,24062,Leuven,Onbekend,Onbekend,Dag,met lichtgewonden,3,Fiets,9,personenauto,Buiten Kruispunt,Gemeenteweg,binnen bebouwde kom,Tss. 2 best.: langs opzij (voor-/achterkant-flank),Geen hindernis
1799,107,leuven totem,Leuven,50.8870744,4.7087919,1.5477377224159936,50.87333138413801,4.705293565110104,2017,5,10,24062,Leuven,Onbekend,Onbekend,Dag,met lichtgewonden,3,Fiets,9,personenauto,Buiten Kruispunt,Gemeenteweg,binnen bebouwde kom,Tss. 2 best.: langs opzij (voor-/achterkant-flank),Geen hindernis
1800,151,Leuven,District Leuven,50.8690262,4.6854839,0.9007672967569016,50.87706619026788,4.6839139953329205,2017,5,8,24062,Leuven,Normaal,Droog,Dag,met lichtgewonden,9,personenauto,3,Fiets,Op Kruispunt,Gewestweg,binnen bebouwde kom,Tss. 2 best.: langs opzij (voor-/achterkant-flank),Geen hindernis
1800,77,Leuven teller 2,Leuven,50.88672,4.70796,1.9995284948679908,50.87706619026788,4.6839139953329205,2017,5,8,24062,Leuven,Normaal,Droog,Dag,met lichtgewonden,9,personenauto,3,Fiets,Op Kruispunt,Gewestweg,binnen bebouwde kom,Tss. 2 best.: langs opzij (voor-/achterkant-flank),Geen hindernis
1800,107,leuven totem,Leuven,50.8870744,4.7087919,2.06991852207908,50.87706619026788,4.6839139953329205,2017,5,8,24062,Leuven,Normaal,Droog,Dag,met lichtgewonden,9,personenauto,3,Fiets,Op Kruispunt,Gewestweg,binnen bebouwde kom,Tss. 2 best.: langs opzij (voor-/achterkant-flank),Geen hindernis
1800,69,Leuven teller 1,Leuven,50.87549,4.71526,2.206323034875898,50.87706619026788,4.6839139953329205,2017,5,8,24062,Leuven,Normaal,Droog,Dag,met lichtgewonden,9,personenauto,3,Fiets,Op Kruispunt,Gewestweg,binnen bebouwde kom,Tss. 2 best.: langs opzij (voor-/achterkant-flank),Geen hindernis
1801,77,Leuven teller 2,Leuven,50.88672,4.70796,1.134469484632662,50.88880569096384,4.692128660785712,2017,5,11,24062,Leuven,Normaal,Droog,Dag,met zwaargewonden,9,personenauto,3,Fiets,Buiten Kruispunt,Gewestweg,buiten bebouwde kom,Tussen 2 bestuurders: Frontale botsing,Geen hindernis
1801,107,leuven totem,Leuven,50.8870744,4.7087919,1.1846085698989988,50.88880569096384,4.692128660785712,2017,5,11,24062,Leuven,Normaal,Droog,Dag,met zwaargewonden,9,personenauto,3,Fiets,Buiten Kruispunt,Gewestweg,buiten bebouwde kom,Tussen 2 bestuurders: Frontale botsing,Geen hindernis
1801,69,Leuven teller 1,Leuven,50.87549,4.71526,2.196744453441194,50.88880569096384,4.692128660785712,2017,5,11,24062,Leuven,Normaal,Droog,Dag,met zwaargewonden,9,personenauto,3,Fiets,Buiten Kruispunt,Gewestweg,buiten bebouwde kom,Tussen 2 bestuurders: Frontale botsing,Geen hindernis
1801,151,Leuven,District Leuven,50.8690262,4.6854839,2.248244964083091,50.88880569096384,4.692128660785712,2017,5,11,24062,Leuven,Normaal,Droog,Dag,met zwaargewonden,9,personenauto,3,Fiets,Buiten Kruispunt,Gewestweg,buiten bebouwde kom,Tussen 2 bestuurders: Frontale botsing,Geen hindernis
1807,150,Bertem,District Leuven,50.8687535,4.56136297,1.6810732295637612,50.880865498092405,4.575701276250483,2017,5,17,24055,Kortenberg,Normaal,Droog,Dag,met lichtgewonden,3,Fiets,11,een weggebruiker tegen een hindernis,Buiten Kruispunt,Gemeenteweg,binnen bebouwde kom,Weggebruiker tegen hindernis op de rijbaan,"Verkeersdrempel,ezelsrug,put,uitholling,straatgoot"
1808,87,Aarschot,Aarschot,50.99084,4.81259,0.8661128274606698,50.98314710266959,4.8106508835624355,2017,5,15,24001,Aarschot,Normaal,Droog,Dag,met zwaargewonden,4,Vrachtwagen,3,Fiets,Op Kruispunt,Gemeenteweg,buiten bebouwde kom,Tss. 2 best.: langs opzij (voor-/achterkant-flank),Geen hindernis
1813,101,Diest teller 1,Diest,50.97799,5.04481,0.7551083084109683,50.98267027085246,5.052625345059963,2017,5,16,24020,Diest,Normaal,Droog,Dag,met lichtgewonden,3,Fiets,5,Lichte vrachtauto,Op Kruispunt,Gemeenteweg,binnen bebouwde kom,Tussen 2 bestuurders: Frontale botsing,Geen hindernis
1813,102,Diest teller 2,Diest,50.9779,5.04474,0.765566454320458,50.98267027085246,5.052625345059963,2017,5,16,24020,Diest,Normaal,Droog,Dag,met lichtgewonden,3,Fiets,5,Lichte vrachtauto,Op Kruispunt,Gemeenteweg,binnen bebouwde kom,Tussen 2 bestuurders: Frontale botsing,Geen hindernis
1817,87,Aarschot,Aarschot,50.99084,4.81259,2.1873927559524664,50.98754635881969,4.781779792087558,2017,5,9,24007,Begijnendijk,Normaal,Droog+Proper,Dag,met lichtgewonden,9,personenauto,3,Fiets,Buiten Kruispunt,Gemeenteweg,binnen bebouwde kom,Tss. 2 best.: langs opzij (voor-/achterkant-flank),Geen hindernis
1818,26,Zaventem,Zaventem,50.86995,4.45444,0.5391468866411625,50.868817703242314,4.446969438311837,2017,5,15,23094,Zaventem,Normaal,Droog,Dag,met zwaargewonden,3,Fiets,10,"één bestuurder, geen hindernis",Buiten Kruispunt,Gemeenteweg,binnen bebouwde kom,"Eén bestuurder, geen hindernis (incl. val)",Geen hindernis
1818,149,Machelen,,50.88297881,4.43356644,1.8340868448131946,50.868817703242314,4.446969438311837,2017,5,15,23094,Zaventem,Normaal,Droog,Dag,met zwaargewonden,3,Fiets,10,"één bestuurder, geen hindernis",Buiten Kruispunt,Gemeenteweg,binnen bebouwde kom,"Eén bestuurder, geen hindernis (incl. val)",Geen hindernis
1818,111,Zaventem totem,Zaventem,50.8871216,4.4597084,2.2229013433211917,50.868817703242314,4.446969438311837,2017,5,15,23094,Zaventem,Normaal,Droog,Dag,met zwaargewonden,3,Fiets,10,"één bestuurder, geen hindernis",Buiten Kruispunt,Gemeenteweg,binnen bebouwde kom,"Eén bestuurder, geen hindernis (incl. val)",Geen hindernis
1820,26,Zaventem,Zaventem,50.86995,4.45444,2.30877488518954,50.862253549336025,4.484994776931534,2017,5,20,23094,Zaventem,Onbekend,Droog,Dag,met lichtgewonden,9,personenauto,3,Fiets,Op Kruispunt,Gemeenteweg,buiten bebouwde kom,Tss. 2 best.: langs opzij (voor-/achterkant-flank),Geen hindernis
1822,147,Overijse,District Vilvoorde-gewestwegen,50.7797555,4.4975769,1.0987705964532777,50.76990889347764,4.498888579303827,2017,5,8,23062,Overijse,Normaal,Droog,Dag,met lichtgewonden,3,Fiets,3,Fiets,Buiten Kruispunt,Gemeenteweg,buiten bebouwde kom,Tss. 2 best.: langs opzij (voor-/achterkant-flank),Geen hindernis
1822,146,Overijse 2,District Vilvoorde-gewestwegen,50.7881478,4.4902818,2.116431221787038,50.76990889347764,4.498888579303827,2017,5,8,23062,Overijse,Normaal,Droog,Dag,met lichtgewonden,3,Fiets,3,Fiets,Buiten Kruispunt,Gemeenteweg,buiten bebouwde kom,Tss. 2 best.: langs opzij (voor-/achterkant-flank),Geen hindernis
1822,145,Overijse,District Vilvoorde-gewestwegen,50.7885856,4.4908759,2.1518121910361754,50.76990889347764,4.498888579303827,2017,5,8,23062,Overijse,Normaal,Droog,Dag,met lichtgewonden,3,Fiets,3,Fiets,Buiten Kruispunt,Gemeenteweg,buiten bebouwde kom,Tss. 2 best.: langs opzij (voor-/achterkant-flank),Geen hindernis
1824,79,Pepingen teller 2,Pepingen,50.75848,4.16537,2.4539048692768457,50.780540197131025,4.1644130983155385,2017,5,7,23064,Pepingen,Normaal,Droog,Dag,met lichtgewonden,9,personenauto,3,Fiets,Op Kruispunt,Gemeenteweg,binnen bebouwde kom,Tss. 2 best.: langs opzij (voor-/achterkant-flank),Geen hindernis
1824,78,Pepingen teller 1,Pepingen,50.75824,4.1652,2.4802861977764357,50.780540197131025,4.1644130983155385,2017,5,7,23064,Pepingen,Normaal,Droog,Dag,met lichtgewonden,9,personenauto,3,Fiets,Op Kruispunt,Gemeenteweg,binnen bebouwde kom,Tss. 2 best.: langs opzij (voor-/achterkant-flank),Geen hindernis
1826,86,Asse teller 2,Asse,50.89132,4.1709,2.054697232352821,50.872846711529306,4.170215475037656,2017,5,6,23086,Ternat,Normaal,Droog,Dag,met lichtgewonden,3,Fiets,9,personenauto,Op Kruispunt,Gemeenteweg,binnen bebouwde kom,Tss. 2 best.: langs opzij (voor-/achterkant-flank),Geen hindernis
1829,152,Opwijk,District Vilvoorde-gewestwegen,50.968901168564656,4.149169474840164,0.9173448755202461,50.96219230113609,4.156793015309267,2017,5,16,23060,Opwijk,Normaal,Droog,Dag,met lichtgewonden,5,Lichte vrachtauto,3,Fiets,Op Kruispunt,Gewestweg,binnen bebouwde kom,Tss. 2 best.: langs opzij (voor-/achterkant-flank),Geen hindernis
1830,80,Wemmel teller 1,Wemmel,50.91418,4.29571,0.9134269482667551,50.90614245277667,4.298400619383503,2017,5,19,23102,Wemmel,Normaal,Droog,Dag,met lichtgewonden,3,Fiets,9,personenauto,Buiten Kruispunt,Gemeenteweg,binnen bebouwde kom,Tss. 2 best.: langs opzij (voor-/achterkant-flank),Geen hindernis
1830,81,Wemmel teller 2,Wemmel,50.91439,4.29568,0.9367128570410019,50.90614245277667,4.298400619383503,2017,5,19,23102,Wemmel,Normaal,Droog,Dag,met lichtgewonden,3,Fiets,9,personenauto,Buiten Kruispunt,Gemeenteweg,binnen bebouwde kom,Tss. 2 best.: langs opzij (voor-/achterkant-flank),Geen hindernis
1832,86,Asse teller 2,Asse,50.89132,4.1709,1.2281794795158751,50.89293924311783,4.153578736934923,2017,5,8,23002,Asse,Normaal,Droog,Dag,met lichtgewonden,9,personenauto,3,Fiets,Buiten Kruispunt,Gemeenteweg,buiten bebouwde kom,Tss. 2 best.: langs opzij (voor-/achterkant-flank),Geen hindernis
1832,85,Asse teller 1,Asse,50.89621,4.17294,1.4057840624288769,50.89293924311783,4.153578736934923,2017,5,8,23002,Asse,Normaal,Droog,Dag,met lichtgewonden,9,personenauto,3,Fiets,Buiten Kruispunt,Gemeenteweg,buiten bebouwde kom,Tss. 2 best.: langs opzij (voor-/achterkant-flank),Geen hindernis
1833,80,Wemmel teller 1,Wemmel,50.91418,4.29571,1.9908688653827924,50.899578484748375,4.312141593261049,2017,5,21,23102,Wemmel,Normaal,Droog,Dag,met lichtgewonden,9,personenauto,3,Fiets,Op Kruispunt,Gemeenteweg,binnen bebouwde kom,Tussen 2 bestuurders: Frontale botsing,Geen hindernis
1833,81,Wemmel teller 2,Wemmel,50.91439,4.29568,2.011162718208091,50.899578484748375,4.312141593261049,2017,5,21,23102,Wemmel,Normaal,Droog,Dag,met lichtgewonden,9,personenauto,3,Fiets,Op Kruispunt,Gemeenteweg,binnen bebouwde kom,Tussen 2 bestuurders: Frontale botsing,Geen hindernis
1836,152,Opwijk,District Vilvoorde-gewestwegen,50.968901168564656,4.149169474840164,2.367388547030233,50.97364695253773,4.182128719700692,2017,5,18,23060,Opwijk,Normaal,Droog,Dag,met lichtgewonden,9,personenauto,3,Fiets,Op Kruispunt,Gemeenteweg,binnen bebouwde kom,Tss. 2 best.: langs opzij (voor-/achterkant-flank),Geen hindernis
1837,85,Asse teller 1,Asse,50.89621,4.17294,1.8760418769244964,50.90792463287899,4.1921926822441185,2017,5,7,23002,Asse,Normaal,Droog,Dag,met lichtgewonden,4,Vrachtwagen,3,Fiets,Buiten Kruispunt,Gewestweg,binnen bebouwde kom,Tss. 2 best.: langs opzij (voor-/achterkant-flank),Geen hindernis
1837,86,Asse teller 2,Asse,50.89132,4.1709,2.3746011023603284,50.90792463287899,4.1921926822441185,2017,5,7,23002,Asse,Normaal,Droog,Dag,met lichtgewonden,4,Vrachtwagen,3,Fiets,Buiten Kruispunt,Gewestweg,binnen bebouwde kom,Tss. 2 best.: langs opzij (voor-/achterkant-flank),Geen hindernis
1839,47,Vilvoorde,Vilvoorde,50.91372,4.41497,1.7417919370730466,50.92552600104355,4.398639206438863,2017,5,17,23025,Grimbergen,Normaal,Droog,Dag,met lichtgewonden,9,personenauto,3,Fiets,Op Kruispunt,Gewestweg,buiten bebouwde kom,Tss. 2 best.: langs opzij (voor-/achterkant-flank),Geen hindernis
1840,27,Grimbergen,Meise,50.92127,4.34013,1.8837040022025335,50.90648043909734,4.353233247524551,2017,5,15,23025,Grimbergen,Normaal,Droog,Dag,met lichtgewonden,9,personenauto,3,Fiets,Buiten Kruispunt,Gemeenteweg,binnen bebouwde kom,Tss. 2 best.: langs opzij (voor-/achterkant-flank),Geen hindernis
1841,27,Grimbergen,Meise,50.92127,4.34013,2.1667854169754195,50.93354402494322,4.364142134038571,2017,4,14,23025,Grimbergen,Normaal,"Vuil (zand, grint, bladeren,...)",Dag,met lichtgewonden,3,Fiets,11,een weggebruiker tegen een hindernis,Op Kruispunt,Gewestweg,binnen bebouwde kom,Weggebruiker tegen hindernis op de rijbaan,Op de rijbaan: Lading
1842,1,Machelen,Machelen,50.91618331151478,4.456121776137429,1.9444172373483408,50.92660684074413,4.433849233966838,2017,5,17,23088,Vilvoorde,Normaal,Droog,Dag,met lichtgewonden,3,Fiets,9,personenauto,Op Kruispunt,Gewestweg,binnen bebouwde kom,Tss. 2 best.: langs opzij (voor-/achterkant-flank),Geen hindernis
1842,47,Vilvoorde,Vilvoorde,50.91372,4.41497,1.9505657458028334,50.92660684074413,4.433849233966838,2017,5,17,23088,Vilvoorde,Normaal,Droog,Dag,met lichtgewonden,3,Fiets,9,personenauto,Op Kruispunt,Gewestweg,binnen bebouwde kom,Tss. 2 best.: langs opzij (voor-/achterkant-flank),Geen hindernis
1843,1,Machelen,Machelen,50.91618331151478,4.456121776137429,1.0112841440515432,50.92433701930674,4.449731058824878,2017,5,16,23088,Vilvoorde,Normaal,Droog,Dag,met zwaargewonden,9,personenauto,3,Fiets,Op Kruispunt,Gewestweg,binnen bebouwde kom,Tss. 2 best.: langs opzij (voor-/achterkant-flank),Geen hindernis
1846,109,Zemst,Zemst,50.9903936,4.4707023,0.45128315616341447,50.98643584001912,4.469274793306057,2017,5,11,23096,Zemst,Normaal,Droog,Dag,met lichtgewonden,9,personenauto,3,Fiets,Op Kruispunt,Gewestweg,binnen bebouwde kom,Tss. 2 best.: langs opzij (voor-/achterkant-flank),Geen hindernis
1849,71,Kampenhout teller 2,Kampenhout,50.95589,4.59164,2.1176122644217945,50.94241693963969,4.570276167662722,2017,5,8,23038,Kampenhout,Normaal,Droog,Dag,met lichtgewonden,9,personenauto,3,Fiets,Op Kruispunt,Gemeenteweg,binnen bebouwde kom,Tss. 2 best.: langs opzij (voor-/achterkant-flank),Geen hindernis
1849,70,Kampenhout teller 1,Kampenhout,50.95682,4.59318,2.267009209944043,50.94241693963969,4.570276167662722,2017,5,8,23038,Kampenhout,Normaal,Droog,Dag,met lichtgewonden,9,personenauto,3,Fiets,Op Kruispunt,Gemeenteweg,binnen bebouwde kom,Tss. 2 best.: langs opzij (voor-/achterkant-flank),Geen hindernis
1852,118,Gent teller 1,Gent,51.028049,3.7681359,2.186232674440754,51.03628214158533,3.73974524446924,2017,5,18,44021,Gent,Normaal,Droog,Dag,met lichtgewonden,9,personenauto,3,Fiets,Op Kruispunt,Gemeenteweg,binnen bebouwde kom,Tss. 2 best.: langs opzij (voor-/achterkant-flank),Geen hindernis
1852,119,Gent teller 2,Gent,51.0281795,3.7683918,2.196501184303118,51.03628214158533,3.73974524446924,2017,5,18,44021,Gent,Normaal,Droog,Dag,met lichtgewonden,9,personenauto,3,Fiets,Op Kruispunt,Gemeenteweg,binnen bebouwde kom,Tss. 2 best.: langs opzij (voor-/achterkant-flank),Geen hindernis
1853,13,Gent,Gent,51.03018,3.70146,1.6615032165240973,51.04505459452923,3.703718846319793,2017,5,10,44021,Gent,Normaal,Droog,Dag,met lichtgewonden,9,personenauto,3,Fiets,Op Kruispunt,Gemeenteweg,binnen bebouwde kom,Tss. 2 best.: langs opzij (voor-/achterkant-flank),Geen hindernis
1854,13,Gent,Gent,51.03018,3.70146,1.9705632337145877,51.04778487039954,3.704690890559789,2017,5,22,44021,Gent,Onbekend,Onbekend,"Nacht, openbare verlichting aanwezig en ontstoken",met lichtgewonden,3,Fiets,9,personenauto,Op Kruispunt,Gemeenteweg,binnen bebouwde kom,Tss. 2 best.: langs opzij (voor-/achterkant-flank),Geen hindernis
1855,13,Gent,Gent,51.03018,3.70146,1.9146979016957488,51.01942446149636,3.6800810395841377,2017,5,16,44021,Gent,Normaal,Droog,Dag,met lichtgewonden,3,Fiets,9,personenauto,Op Kruispunt,Gewestweg,buiten bebouwde kom,Tss. 2 best.: langs opzij (voor-/achterkant-flank),Geen hindernis
1858,13,Gent,Gent,51.03018,3.70146,2.1236384861375517,51.049266581645306,3.7025256502105695,2017,5,11,44021,Gent,Normaal,Droog,Dag,met lichtgewonden,9,personenauto,3,Fiets,Op Kruispunt,Gemeenteweg,binnen bebouwde kom,Tss. 2 best.: langs opzij (voor-/achterkant-flank),Geen hindernis
1859,118,Gent teller 1,Gent,51.028049,3.7681359,2.229430488984245,51.033895724207994,3.7376408722976078,2017,5,11,44021,Gent,Regenval,"Nat, plassen",Dag,met lichtgewonden,3,Fiets,11,een weggebruiker tegen een hindernis,Buiten Kruispunt,Gemeenteweg,binnen bebouwde kom,Weggebruiker tegen hindernis op de rijbaan,Op de rijbaan: Lading
1859,119,Gent teller 2,Gent,51.0281795,3.7683918,2.242394811691793,51.033895724207994,3.7376408722976078,2017,5,11,44021,Gent,Regenval,"Nat, plassen",Dag,met lichtgewonden,3,Fiets,11,een weggebruiker tegen een hindernis,Buiten Kruispunt,Gemeenteweg,binnen bebouwde kom,Weggebruiker tegen hindernis op de rijbaan,Op de rijbaan: Lading
1861,136,Gent R4,Gent,51.0876313,3.7587918,0.8473598249225808,51.08005823054401,3.757440576610302,2017,5,10,44021,Gent,Normaal,Droog,Dag,met lichtgewonden,4,Vrachtwagen,3,Fiets,Op Kruispunt,Gemeenteweg,binnen bebouwde kom,Tss. 2 best.: langs opzij (voor-/achterkant-flank),Geen hindernis
1862,136,Gent R4,Gent,51.0876313,3.7587918,1.8361988555029107,51.0875242163074,3.7850808473410695,2017,5,9,44021,Gent,Normaal,Droog,Dag,met lichtgewonden,3,Fiets,4,Vrachtwagen,Buiten Kruispunt,Gemeenteweg,buiten bebouwde kom,Tss. 2 best.: langs opzij (voor-/achterkant-flank),Geen hindernis
1863,13,Gent,Gent,51.03018,3.70146,2.3965785591226427,51.01345242209115,3.7230666180594767,2017,5,16,44021,Gent,Normaal,Droog,Dag,met lichtgewonden,3,Fiets,9,personenauto,Buiten Kruispunt,Autosnelweg,buiten bebouwde kom,Tss. 2 best.: langs opzij (voor-/achterkant-flank),Geen hindernis
1864,13,Gent,Gent,51.03018,3.70146,1.9654669678382741,51.02701249894451,3.7291096258832255,2017,5,16,44021,Gent,Normaal,Droog,Dag,met lichtgewonden,9,personenauto,3,Fiets,Buiten Kruispunt,Gemeenteweg,binnen bebouwde kom,Tss. 2 best.: langs opzij (voor-/achterkant-flank),Geen hindernis
1867,7,Evergem 1,Evergem,51.1089,3.70317,2.0435655507331343,51.09245196027491,3.716226458499582,2017,5,22,44021,Gent,Normaal,Onbekend,"Nacht, openbare verlichting aanwezig en ontstoken",met lichtgewonden,3,Fiets,9,personenauto,Buiten Kruispunt,Gewestweg,binnen bebouwde kom,Tussen 2 bestuurders: Frontale botsing,Geen hindernis
1867,6,Evergem 2,Evergem,51.10894,3.70298,2.053488403798318,51.09245196027491,3.716226458499582,2017,5,22,44021,Gent,Normaal,Onbekend,"Nacht, openbare verlichting aanwezig en ontstoken",met lichtgewonden,3,Fiets,9,personenauto,Buiten Kruispunt,Gewestweg,binnen bebouwde kom,Tussen 2 bestuurders: Frontale botsing,Geen hindernis
1873,118,Gent teller 1,Gent,51.028049,3.7681359,2.4914276543606166,51.04275469664612,3.7412535449659026,2017,5,19,44021,Gent,Normaal,Droog,Dag,met lichtgewonden,3,Fiets,3,Fiets,Buiten Kruispunt,Gemeenteweg,binnen bebouwde kom,Tussen 2 bestuurders: Frontale botsing,Geen hindernis
1873,119,Gent teller 2,Gent,51.0281795,3.7683918,2.4955050164045796,51.04275469664612,3.7412535449659026,2017,5,19,44021,Gent,Normaal,Droog,Dag,met lichtgewonden,3,Fiets,3,Fiets,Buiten Kruispunt,Gemeenteweg,binnen bebouwde kom,Tussen 2 bestuurders: Frontale botsing,Geen hindernis
1874,136,Gent R4,Gent,51.0876313,3.7587918,2.313586346050792,51.089007955960184,3.725739305025081,2017,5,15,44021,Gent,Normaal,Droog,Dag,met lichtgewonden,9,personenauto,3,Fiets,Op Kruispunt,Gewestweg,binnen bebouwde kom,Tss. 2 best.: langs opzij (voor-/achterkant-flank),Geen hindernis
1875,7,Evergem 1,Evergem,51.1089,3.70317,2.480149487493973,51.08673912172939,3.707194362998822,2017,5,15,44021,Gent,Normaal,Droog,Dag,met lichtgewonden,3,Fiets,9,personenauto,Op Kruispunt,Gemeenteweg,binnen bebouwde kom,Tss. 2 best.: langs opzij (voor-/achterkant-flank),Geen hindernis
1875,6,Evergem 2,Evergem,51.10894,3.70298,2.486104274622166,51.08673912172939,3.707194362998822,2017,5,15,44021,Gent,Normaal,Droog,Dag,met lichtgewonden,3,Fiets,9,personenauto,Op Kruispunt,Gemeenteweg,binnen bebouwde kom,Tss. 2 best.: langs opzij (voor-/achterkant-flank),Geen hindernis
1877,13,Gent,Gent,51.03018,3.70146,1.5241986890344073,51.01732650810015,3.7090316435469446,2017,5,10,44021,Gent,Normaal,Droog,Dag,met lichtgewonden,9,personenauto,3,Fiets,Op Kruispunt,Gewestweg,buiten bebouwde kom,Tussen 2 bestuurders: Frontale botsing,Geen hindernis
1878,13,Gent,Gent,51.03018,3.70146,2.084314413692736,51.046887829659994,3.7149742922984266,2017,5,1,44021,Gent,Onbekend,Droog,"Nacht, openbare verlichting aanwezig en ontstoken",met lichtgewonden,3,Fiets,9,personenauto,Op Kruispunt,Gemeenteweg,binnen bebouwde kom,Tussen 2 bestuurders: Langs achteren,Geen hindernis
1880,13,Gent,Gent,51.03018,3.70146,2.0176359677506928,51.03162039391239,3.730220917868184,2017,5,8,44021,Gent,Normaal,Droog,Dag,met lichtgewonden,9,personenauto,3,Fiets,Op Kruispunt,Gemeenteweg,binnen bebouwde kom,Tss. 2 best.: langs opzij (voor-/achterkant-flank),Geen hindernis
1882,13,Gent,Gent,51.03018,3.70146,1.5241986890344073,51.01732650810015,3.7090316435469446,2017,5,13,44021,Gent,Normaal,Droog,Dag,met zwaargewonden,5,Lichte vrachtauto,3,Fiets,Op Kruispunt,Gewestweg,binnen bebouwde kom,Tss. 2 best.: langs opzij (voor-/achterkant-flank),Geen hindernis
1883,119,Gent teller 2,Gent,51.0281795,3.7683918,1.7436590730241863,51.04352554052843,3.763264394604911,2017,5,8,44021,Gent,Normaal,Droog,Dag,met lichtgewonden,9,personenauto,3,Fiets,Buiten Kruispunt,Gemeenteweg,binnen bebouwde kom,Tss. 2 best.: langs opzij (voor-/achterkant-flank),Geen hindernis
1883,118,Gent teller 1,Gent,51.028049,3.7681359,1.7543006073356722,51.04352554052843,3.763264394604911,2017,5,8,44021,Gent,Normaal,Droog,Dag,met lichtgewonden,9,personenauto,3,Fiets,Buiten Kruispunt,Gemeenteweg,binnen bebouwde kom,Tss. 2 best.: langs opzij (voor-/achterkant-flank),Geen hindernis
1884,136,Gent R4,Gent,51.0876313,3.7587918,1.698957481857966,51.07388663266886,3.7694144971638655,2017,5,16,44021,Gent,Normaal,Droog,Dag,met lichtgewonden,3,Fiets,11,een weggebruiker tegen een hindernis,Buiten Kruispunt,Gemeenteweg,binnen bebouwde kom,Weggebruiker tegen hindernis op de rijbaan,"Verkeersdrempel,ezelsrug,put,uitholling,straatgoot"
1885,13,Gent,Gent,51.03018,3.70146,2.47689709702387,51.052427600054024,3.699694707259418,2017,5,7,44021,Gent,Normaal,Droog+Proper,Dag,met lichtgewonden,3,Fiets,9,personenauto,Op Kruispunt,Gewestweg,binnen bebouwde kom,Tss. 2 best.: langs opzij (voor-/achterkant-flank),Geen hindernis