crash_row_id,site_id,site_name,site_gemeente,site_lat,site_long,distance_km,crash_lat,crash_long,DT_YEAR_COLLISION,DT_MONTH_COLLISION,DT_TIME,CD_NIS,TX_MUNTY_COLLISION_NL,TX_WEATHER_NL,TX_ROAD_CONDITION_NL,TX_LIGHT_CONDITION_NL,TX_CLASS_ACCIDENTS_NL,CD_ROAD_USR_TYPE1,TX_ROAD_USR_TYPE1_NL,CD_ROAD_USR_TYPE2,TX_ROAD_USR_TYPE2_NL,TX_CROSSWAY_NL,CD_ROAD_TYPE_NL,TX_BUILD_UP_AREA_NL,TX_COLLISION_TYPE_NL,TX_OBSTACLES_NL
1887,7,Evergem 1,Evergem,51.1089,3.70317,2.077920457903168,51.09451572307755,3.7221672105866745,2017,5,3,44021,Gent,Normaal,Droog,"Nacht, openbare verlichting aanwezig en ontstoken",met zwaargewonden,9,personenauto,3,Fiets,Buiten Kruispunt,Gewestweg,buiten bebouwde kom,Tussen 2 bestuurders: Langs achteren,Geen hindernis
1887,6,Evergem 2,Evergem,51.10894,3.70298,2.089825512311917,51.09451572307755,3.7221672105866745,2017,5,3,44021,Gent,Normaal,Droog,"Nacht, openbare verlichting aanwezig en ontstoken",met zwaargewonden,9,personenauto,3,Fiets,Buiten Kruispunt,Gewestweg,buiten bebouwde kom,Tussen 2 bestuurders: Langs achteren,Geen hindernis
1888,13,Gent,Gent,51.03018,3.70146,1.8918480168846559,51.03495557710112,3.7274265799835433,2017,3,18,44021,Gent,Regenval,"Nat, plassen",Dageraad - schemering,met lichtgewonden,3,Fiets,9,personenauto,Buiten Kruispunt,Gemeenteweg,binnen bebouwde kom,Tss. 2 best.: langs opzij (voor-/achterkant-flank),Geen hindernis
1889,13,Gent,Gent,51.03018,3.70146,2.2891394306999744,51.046519500314346,3.721376247870697,2017,5,7,44021,Gent,Normaal,Droog,Dageraad - schemering,met zwaargewonden,3,Fiets,11,een weggebruiker tegen een hindernis,Buiten Kruispunt,Gemeenteweg,buiten bebouwde kom,Weggebruiker tegen hindernis buiten rijbaan,Andere hindernis
1892,7,Evergem 1,Evergem,51.1089,3.70317,1.2860157578811988,51.10009347549313,3.7151096556635546,2017,5,2,44021,Gent,Normaal,Droog+Proper,"Nacht, openbare verlichting aanwezig en ontstoken",met zwaargewonden,3,Fiets,10,"één bestuurder, geen hindernis",Buiten Kruispunt,Gewestweg,buiten bebouwde kom,"Eén bestuurder, geen hindernis (incl. val)",Geen hindernis
1892,6,Evergem 2,Evergem,51.10894,3.70298,1.2980214726481842,51.10009347549313,3.7151096556635546,2017,5,2,44021,Gent,Normaal,Droog+Proper,"Nacht, openbare verlichting aanwezig en ontstoken",met zwaargewonden,3,Fiets,10,"één bestuurder, geen hindernis",Buiten Kruispunt,Gewestweg,buiten bebouwde kom,"Eén bestuurder, geen hindernis (incl. val)",Geen hindernis
1905,116,Melle teller 2,Melle,50.9986113,3.8040599,0.8014010863673867,51.0048057948418,3.798205810408859,2017,5,8,44040,Melle,Normaal,Droog,Dag,met lichtgewonden,3,Fiets,5,Lichte vrachtauto,Op Kruispunt,Gewestweg,binnen bebouwde kom,Tussen 2 bestuurders: Frontale botsing,Geen hindernis
1905,117,Melle teller 1,Melle,50.9986113,3.8040599,0.8014010863673867,51.0048057948418,3.798205810408859,2017,5,8,44040,Melle,Normaal,Droog,Dag,met lichtgewonden,3,Fiets,5,Lichte vrachtauto,Op Kruispunt,Gewestweg,binnen bebouwde kom,Tussen 2 bestuurders: Frontale botsing,Geen hindernis
1907,116,Melle teller 2,Melle,50.9986113,3.8040599,1.9476600041606595,50.98123917012122,3.800504043086325,2017,5,17,44040,Melle,Normaal,Droog,Dag,met lichtgewonden,9,personenauto,3,Fiets,Buiten Kruispunt,Gewestweg,binnen bebouwde kom,Tss. 2 best.: langs opzij (voor-/achterkant-flank),Geen hindernis
1907,117,Melle teller 1,Melle,50.9986113,3.8040599,1.9476600041606595,50.98123917012122,3.800504043086325,2017,5,17,44040,Melle,Normaal,Droog,Dag,met lichtgewonden,9,personenauto,3,Fiets,Buiten Kruispunt,Gewestweg,binnen bebouwde kom,Tss. 2 best.: langs opzij (voor-/achterkant-flank),Geen hindernis
1917,114,Deinze teller 1,Nazareth,50.9598305,3.555502,1.2254842085761215,50.96125987214845,3.5381520492424148,2017,5,17,44083,Deinze,Normaal,Droog,Dag,met lichtgewonden,9,personenauto,3,Fiets,Op Kruispunt,Gewestweg,buiten bebouwde kom,Tss. 2 best.: langs opzij (voor-/achterkant-flank),Geen hindernis
1917,113,Deinze teller 2,Deinze,50.96018,3.55578,1.2404248142892822,50.96125987214845,3.5381520492424148,2017,5,17,44083,Deinze,Normaal,Droog,Dag,met lichtgewonden,9,personenauto,3,Fiets,Op Kruispunt,Gewestweg,buiten bebouwde kom,Tss. 2 best.: langs opzij (voor-/achterkant-flank),Geen hindernis
1943,116,Melle teller 2,Melle,50.9986113,3.8040599,1.6778916618054203,50.98362006184551,3.801326539658908,2017,5,16,44040,Melle,Onbekend,Droog,Dag,met lichtgewonden,3,Fiets,11,een weggebruiker tegen een hindernis,Buiten Kruispunt,Gemeenteweg,buiten bebouwde kom,Weggebruiker tegen hindernis buiten rijbaan,Andere hindernis
1943,117,Melle teller 1,Melle,50.9986113,3.8040599,1.6778916618054203,50.98362006184551,3.801326539658908,2017,5,16,44040,Melle,Onbekend,Droog,Dag,met lichtgewonden,3,Fiets,11,een weggebruiker tegen een hindernis,Buiten Kruispunt,Gemeenteweg,buiten bebouwde kom,Weggebruiker tegen hindernis buiten rijbaan,Andere hindernis
1970,128,Lokeren teller 1,Lokeren,51.09644,3.97023,1.477786239577147,51.10971338762432,3.9712895408234776,2017,5,8,46014,Lokeren,Normaal,Droog,Dag,met lichtgewonden,9,personenauto,3,Fiets,Op Kruispunt,Gewestweg,binnen bebouwde kom,Tss. 2 best.: langs opzij (voor-/achterkant-flank),Geen hindernis
1970,129,Lokeren teller 2,Lokeren,51.09612,3.97025,1.5132574407667634,51.10971338762432,3.9712895408234776,2017,5,8,46014,Lokeren,Normaal,Droog,Dag,met lichtgewonden,9,personenauto,3,Fiets,Op Kruispunt,Gewestweg,binnen bebouwde kom,Tss. 2 best.: langs opzij (voor-/achterkant-flank),Geen hindernis
1971,141,Test site A support,Lokeren,51.08342085,3.9961071208376326,1.5001654704410619,51.09691081341757,3.9964108424998894,2017,5,18,46014,Lokeren,Normaal,Droog,Dag,met lichtgewonden,9,personenauto,3,Fiets,Op Kruispunt,Gewestweg,buiten bebouwde kom,Tss. 2 best.: langs opzij (voor-/achterkant-flank),Geen hindernis
1971,129,Lokeren teller 2,Lokeren,51.09612,3.97025,1.8289677782469407,51.09691081341757,3.9964108424998894,2017,5,18,46014,Lokeren,Normaal,Droog,Dag,met lichtgewonden,9,personenauto,3,Fiets,Op Kruispunt,Gewestweg,buiten bebouwde kom,Tss. 2 best.: langs opzij (voor-/achterkant-flank),Geen hindernis
1971,128,Lokeren teller 1,Lokeren,51.09644,3.97023,1.8289923740293736,51.09691081341757,3.9964108424998894,2017,5,18,46014,Lokeren,Normaal,Droog,Dag,met lichtgewonden,9,personenauto,3,Fiets,Op Kruispunt,Gewestweg,buiten bebouwde kom,Tss. 2 best.: langs opzij (voor-/achterkant-flank),Geen hindernis
1972,128,Lokeren teller 1,Lokeren,51.09644,3.97023,1.8703828486908238,51.102373259880345,3.995294174207368,2017,5,15,46014,Lokeren,Onbekend,Onbekend,Dag,met lichtgewonden,2,Andere weggebruiker,3,Fiets,Buiten Kruispunt,Gewestweg,binnen bebouwde kom,Tss. 2 best.: langs opzij (voor-/achterkant-flank),Geen hindernis
1972,129,Lokeren teller 2,Lokeren,51.09612,3.97025,1.8819361571410302,51.102373259880345,3.995294174207368,2017,5,15,46014,Lokeren,Onbekend,Onbekend,Dag,met lichtgewonden,2,Andere weggebruiker,3,Fiets,Buiten Kruispunt,Gewestweg,binnen bebouwde kom,Tss. 2 best.: langs opzij (voor-/achterkant-flank),Geen hindernis
1972,141,Test site A support,Lokeren,51.08342085,3.9961071208376326,2.108176431902379,51.102373259880345,3.995294174207368,2017,5,15,46014,Lokeren,Onbekend,Onbekend,Dag,met lichtgewonden,2,Andere weggebruiker,3,Fiets,Buiten Kruispunt,Gewestweg,binnen bebouwde kom,Tss. 2 best.: langs opzij (voor-/achterkant-flank),Geen hindernis
1973,128,Lokeren teller 1,Lokeren,51.09644,3.97023,1.5556392290879186,51.11035193430386,3.9725834306771084,2017,5,8,46014,Lokeren,Normaal,Droog,Dag,met zwaargewonden,3,Fiets,9,personenauto,Buiten Kruispunt,Gemeenteweg,binnen bebouwde kom,Tss. 2 best.: langs opzij (voor-/achterkant-flank),Geen hindernis
1973,129,Lokeren teller 2,Lokeren,51.09612,3.97025,1.590883429634236,51.11035193430386,3.9725834306771084,2017,5,8,46014,Lokeren,Normaal,Droog,Dag,met zwaargewonden,3,Fiets,9,personenauto,Buiten Kruispunt,Gemeenteweg,binnen bebouwde kom,Tss. 2 best.: langs opzij (voor-/achterkant-flank),Geen hindernis
1974,128,Lokeren teller 1,Lokeren,51.09644,3.97023,2.4216645684252613,51.114656706733676,3.951220973904905,2017,5,7,46014,Lokeren,Normaal,Droog,Dag,met lichtgewonden,3,Fiets,9,personenauto,Buiten Kruispunt,Gewestweg,buiten bebouwde kom,Tss. 2 best.: langs opzij (voor-/achterkant-flank),Geen hindernis
1974,129,Lokeren teller 2,Lokeren,51.09612,3.97025,2.4522637851917026,51.114656706733676,3.951220973904905,2017,5,7,46014,Lokeren,Normaal,Droog,Dag,met lichtgewonden,3,Fiets,9,personenauto,Buiten Kruispunt,Gewestweg,buiten bebouwde kom,Tss. 2 best.: langs opzij (voor-/achterkant-flank),Geen hindernis
1975,141,Test site A support,Lokeren,51.08342085,3.9961071208376326,1.4393282627620625,51.09623192457763,3.9931591876925854,2017,5,12,46014,Lokeren,Normaal,Onbekend,Dag,met lichtgewonden,3,Fiets,9,personenauto,Op Kruispunt,Gewestweg,buiten bebouwde kom,Tussen 2 bestuurders: Frontale botsing,Geen hindernis
1975,129,Lokeren teller 2,Lokeren,51.09612,3.97025,1.5998446664187123,51.09623192457763,3.9931591876925854,2017,5,12,46014,Lokeren,Normaal,Onbekend,Dag,met lichtgewonden,3,Fiets,9,personenauto,Op Kruispunt,Gewestweg,buiten bebouwde kom,Tussen 2 bestuurders: Frontale botsing,Geen hindernis
1975,128,Lokeren teller 1,Lokeren,51.09644,3.97023,1.6013545130397004,51.09623192457763,3.9931591876925854,2017,5,12,46014,Lokeren,Normaal,Onbekend,Dag,met lichtgewonden,3,Fiets,9,personenauto,Op Kruispunt,Gewestweg,buiten bebouwde kom,Tussen 2 bestuurders: Frontale botsing,Geen hindernis
1976,141,Test site A support,Lokeren,51.08342085,3.9961071208376326,1.0460086343216513,51.08980300534496,4.007109068834815,2017,5,14,46014,Lokeren,Normaal,Droog,Dag,met lichtgewonden,7,Motorfiets,3,Fiets,Op Kruispunt,Gemeenteweg,binnen bebouwde kom,Tss. 2 best.: langs opzij (voor-/achterkant-flank),Geen hindernis
1977,126,Hamme totem,Hamme,51.1017709,4.1469307,2.19246290251606,51.082954323232535,4.137550558581148,2017,5,15,42008,Hamme,Normaal,Droog,Dag,met zwaargewonden,3,Fiets,3,Fiets,Buiten Kruispunt,Gemeenteweg,binnen bebouwde kom,Tussen 2 bestuurders: Langs achteren,Geen hindernis
1979,126,Hamme totem,Hamme,51.1017709,4.1469307,0.6755126718880046,51.10638524206332,4.140637677665163,2017,5,13,42023,Waasmunster,Normaal,Droog,Dag,met lichtgewonden,3,Fiets,3,Fiets,Buiten Kruispunt,Gewestweg,buiten bebouwde kom,Tussen 2 bestuurders: Frontale botsing,Geen hindernis
1981,126,Hamme totem,Hamme,51.1017709,4.1469307,0.8587353645414633,51.09450649937138,4.142756943472156,2017,5,16,42008,Hamme,Normaal,Droog,Dag,met lichtgewonden,5,Lichte vrachtauto,3,Fiets,Op Kruispunt,Gewestweg,binnen bebouwde kom,Tss. 2 best.: langs opzij (voor-/achterkant-flank),Geen hindernis
1982,120,Zele teller 1,Zele,51.0607671,4.0547741,1.0405187002117011,51.06252735383466,4.040150719977449,2017,5,18,42028,Zele,Normaal,Droog,Dag,met lichtgewonden,3,Fiets,11,een weggebruiker tegen een hindernis,Op Kruispunt,Gemeenteweg,binnen bebouwde kom,Weggebruiker tegen hindernis op de rijbaan,"Buiten de rijbaan: Verkeerseiland, middenberm"
1982,121,Zele teller 2,Zele,51.0604067,4.0556696,1.109868271136928,51.06252735383466,4.040150719977449,2017,5,18,42028,Zele,Normaal,Droog,Dag,met lichtgewonden,3,Fiets,11,een weggebruiker tegen een hindernis,Op Kruispunt,Gemeenteweg,binnen bebouwde kom,Weggebruiker tegen hindernis op de rijbaan,"Buiten de rijbaan: Verkeerseiland, middenberm"
1987,116,Melle teller 2,Melle,50.9986113,3.8040599,2.0316574794431417,50.991275354645445,3.8306471888956533,2017,5,8,42025,Wetteren,Normaal,Droog,Dag,met lichtgewonden,5,Lichte vrachtauto,3,Fiets,Op Kruispunt,Gewestweg,binnen bebouwde kom,Tss. 2 best.: langs opzij (voor-/achterkant-flank),Geen hindernis
1987,117,Melle teller 1,Melle,50.9986113,3.8040599,2.0316574794431417,50.991275354645445,3.8306471888956533,2017,5,8,42025,Wetteren,Normaal,Droog,Dag,met lichtgewonden,5,Lichte vrachtauto,3,Fiets,Op Kruispunt,Gewestweg,binnen bebouwde kom,Tss. 2 best.: langs opzij (voor-/achterkant-flank),Geen hindernis
1995,11,Aalst 3,Aalst,50.93385,4.01647,1.3967904647584877,50.931216990731876,4.03595890368257,2017,5,8,41002,Aalst,Onbekend,Droog,Onbekend,met lichtgewonden,3,Fiets,9,personenauto,Op Kruispunt,Gewestweg,binnen bebouwde kom,Tss. 2 best.: langs opzij (voor-/achterkant-flank),Geen hindernis
1995,10,Aalst 2,Aalst,50.93549,4.01571,1.4964313338325022,50.931216990731876,4.03595890368257,2017,5,8,41002,Aalst,Onbekend,Droog,Onbekend,met lichtgewonden,3,Fiets,9,personenauto,Op Kruispunt,Gewestweg,binnen bebouwde kom,Tss. 2 best.: langs opzij (voor-/achterkant-flank),Geen hindernis
1995,19,Aalst 1,Aalst,50.93433,4.01471,1.5287963466061083,50.931216990731876,4.03595890368257,2017,5,8,41002,Aalst,Onbekend,Droog,Onbekend,met lichtgewonden,3,Fiets,9,personenauto,Op Kruispunt,Gewestweg,binnen bebouwde kom,Tss. 2 best.: langs opzij (voor-/achterkant-flank),Geen hindernis
1996,10,Aalst 2,Aalst,50.93549,4.01571,0.769918169404957,50.937943963547,4.025984228423688,2017,5,8,41002,Aalst,Normaal,Droog,Dag,met lichtgewonden,9,personenauto,3,Fiets,Op Kruispunt,Gewestweg,binnen bebouwde kom,Tss. 2 best.: langs opzij (voor-/achterkant-flank),Geen hindernis
1996,11,Aalst 3,Aalst,50.93385,4.01647,0.8072916677635681,50.937943963547,4.025984228423688,2017,5,8,41002,Aalst,Normaal,Droog,Dag,met lichtgewonden,9,personenauto,3,Fiets,Op Kruispunt,Gewestweg,binnen bebouwde kom,Tss. 2 best.: langs opzij (voor-/achterkant-flank),Geen hindernis
1996,19,Aalst 1,Aalst,50.93433,4.01471,0.8863555143656494,50.937943963547,4.025984228423688,2017,5,8,41002,Aalst,Normaal,Droog,Dag,met lichtgewonden,9,personenauto,3,Fiets,Op Kruispunt,Gewestweg,binnen bebouwde kom,Tss. 2 best.: langs opzij (voor-/achterkant-flank),Geen hindernis
1997,11,Aalst 3,Aalst,50.93385,4.01647,1.0166710360203093,50.93526211526999,4.030804064217141,2017,5,15,41002,Aalst,Normaal,Droog,Dag,met lichtgewonden,9,personenauto,3,Fiets,Buiten Kruispunt,Gemeenteweg,binnen bebouwde kom,Tss. 2 best.: langs opzij (voor-/achterkant-flank),Geen hindernis
1997,10,Aalst 2,Aalst,50.93549,4.01571,1.0580148639636686,50.93526211526999,4.030804064217141,2017,5,15,41002,Aalst,Normaal,Droog,Dag,met lichtgewonden,9,personenauto,3,Fiets,Buiten Kruispunt,Gemeenteweg,binnen bebouwde kom,Tss. 2 best.: langs opzij (voor-/achterkant-flank),Geen hindernis
1997,19,Aalst 1,Aalst,50.93433,4.01471,1.1325527174755141,50.93526211526999,4.030804064217141,2017,5,15,41002,Aalst,Normaal,Droog,Dag,met lichtgewonden,9,personenauto,3,Fiets,Buiten Kruispunt,Gemeenteweg,binnen bebouwde kom,Tss. 2 best.: langs opzij (voor-/achterkant-flank),Geen hindernis
1998,10,Aalst 2,Aalst,50.93549,4.01571,1.5647744713633638,50.94255253868063,4.035025741538304,2017,5,20,41002,Aalst,Normaal,Droog,Dag,met lichtgewonden,9,personenauto,3,Fiets,Op Kruispunt,Gemeenteweg,binnen bebouwde kom,Tss. 2 best.: langs opzij (voor-/achterkant-flank),Geen hindernis
1998,11,Aalst 3,Aalst,50.93385,4.01647,1.6207845100251859,50.94255253868063,4.035025741538304,2017,5,20,41002,Aalst,Normaal,Droog,Dag,met lichtgewonden,9,personenauto,3,Fiets,Op Kruispunt,Gemeenteweg,binnen bebouwde kom,Tss. 2 best.: langs opzij (voor-/achterkant-flank),Geen hindernis
1998,19,Aalst 1,Aalst,50.93433,4.01471,1.691855689442705,50.94255253868063,4.035025741538304,2017,5,20,41002,Aalst,Normaal,Droog,Dag,met lichtgewonden,9,personenauto,3,Fiets,Op Kruispunt,Gemeenteweg,binnen bebouwde kom,Tss. 2 best.: langs opzij (voor-/achterkant-flank),Geen hindernis
1999,11,Aalst 3,Aalst,50.93385,4.01647,1.1885136942099617,50.93122659344086,4.032910875330894,2017,5,17,41002,Aalst,Normaal,Droog,Dag,met lichtgewonden,9,personenauto,3,Fiets,Op Kruispunt,Gemeenteweg,binnen bebouwde kom,Tussen 2 bestuurders: Frontale botsing,Geen hindernis
1999,10,Aalst 2,Aalst,50.93549,4.01571,1.2952703559543888,50.93122659344086,4.032910875330894,2017,5,17,41002,Aalst,Normaal,Droog,Dag,met lichtgewonden,9,personenauto,3,Fiets,Op Kruispunt,Gemeenteweg,binnen bebouwde kom,Tussen 2 bestuurders: Frontale botsing,Geen hindernis
1999,19,Aalst 1,Aalst,50.93433,4.01471,1.321347981181441,50.93122659344086,4.032910875330894,2017,5,17,41002,Aalst,Normaal,Droog,Dag,met lichtgewonden,9,personenauto,3,Fiets,Op Kruispunt,Gemeenteweg,binnen bebouwde kom,Tussen 2 bestuurders: Frontale botsing,Geen hindernis
2001,11,Aalst 3,Aalst,50.93385,4.01647,1.2976487079521235,50.93482273010413,4.034923234927646,2017,5,12,41002,Aalst,Normaal,Droog,Dag,met lichtgewonden,3,Fiets,3,Fiets,Buiten Kruispunt,Gemeenteweg,binnen bebouwde kom,Tussen 2 bestuurders: Frontale botsing,Geen hindernis
2001,10,Aalst 2,Aalst,50.93549,4.01571,1.348410125104342,50.93482273010413,4.034923234927646,2017,5,12,41002,Aalst,Normaal,Droog,Dag,met lichtgewonden,3,Fiets,3,Fiets,Buiten Kruispunt,Gemeenteweg,binnen bebouwde kom,Tussen 2 bestuurders: Frontale botsing,Geen hindernis
2001,19,Aalst 1,Aalst,50.93433,4.01471,1.4175190973612413,50.93482273010413,4.034923234927646,2017,5,12,41002,Aalst,Normaal,Droog,Dag,met lichtgewonden,3,Fiets,3,Fiets,Buiten Kruispunt,Gemeenteweg,binnen bebouwde kom,Tussen 2 bestuurders: Frontale botsing,Geen hindernis
2002,19,Aalst 1,Aalst,50.93433,4.01471,1.441459613884703,50.9252623464513,4.000011192844917,2017,5,10,41002,Aalst,Normaal,Droog,Dag,met lichtgewonden,9,personenauto,3,Fiets,Op Kruispunt,Gemeenteweg,binnen bebouwde kom,Tss. 2 best.: langs opzij (voor-/achterkant-flank),Geen hindernis
2002,11,Aalst 3,Aalst,50.93385,4.01647,1.49745749646068,50.9252623464513,4.000011192844917,2017,5,10,41002,Aalst,Normaal,Droog,Dag,met lichtgewonden,9,personenauto,3,Fiets,Op Kruispunt,Gemeenteweg,binnen bebouwde kom,Tss. 2 best.: langs opzij (voor-/achterkant-flank),Geen hindernis
2002,10,Aalst 2,Aalst,50.93549,4.01571,1.582347162524471,50.9252623464513,4.000011192844917,2017,5,10,41002,Aalst,Normaal,Droog,Dag,met lichtgewonden,9,personenauto,3,Fiets,Op Kruispunt,Gemeenteweg,binnen bebouwde kom,Tss. 2 best.: langs opzij (voor-/achterkant-flank),Geen hindernis
2003,19,Aalst 1,Aalst,50.93433,4.01471,1.854941935948498,50.94067701155156,3.990228768003269,2017,5,17,41082,Erpe-Mere,Normaal,Droog,Dag,met lichtgewonden,9,personenauto,3,Fiets,Op Kruispunt,Gewestweg,binnen bebouwde kom,Tss. 2 best.: langs opzij (voor-/achterkant-flank),Geen hindernis
2003,10,Aalst 2,Aalst,50.93549,4.01571,1.8763310672472746,50.94067701155156,3.990228768003269,2017,5,17,41082,Erpe-Mere,Normaal,Droog,Dag,met lichtgewonden,9,personenauto,3,Fiets,Op Kruispunt,Gewestweg,binnen bebouwde kom,Tss. 2 best.: langs opzij (voor-/achterkant-flank),Geen hindernis
2003,11,Aalst 3,Aalst,50.93385,4.01647,1.989310073839336,50.94067701155156,3.990228768003269,2017,5,17,41082,Erpe-Mere,Normaal,Droog,Dag,met lichtgewonden,9,personenauto,3,Fiets,Op Kruispunt,Gewestweg,binnen bebouwde kom,Tss. 2 best.: langs opzij (voor-/achterkant-flank),Geen hindernis
2008,122,Dendermonde teller 2,Dendermonde,51.0373918,4.1019222,2.3670727252285104,51.0306442116633,4.069816595539657,2017,5,8,42006,Dendermonde,Normaal,Droog,Dag,met lichtgewonden,9,personenauto,3,Fiets,Buiten Kruispunt,Gewestweg,binnen bebouwde kom,Tss. 2 best.: langs opzij (voor-/achterkant-flank),Geen hindernis
2008,125,Dendermonde totem,Dendermonde,51.0372706,4.1025998,2.407902825224604,51.0306442116633,4.069816595539657,2017,5,8,42006,Dendermonde,Normaal,Droog,Dag,met lichtgewonden,9,personenauto,3,Fiets,Buiten Kruispunt,Gewestweg,binnen bebouwde kom,Tss. 2 best.: langs opzij (voor-/achterkant-flank),Geen hindernis
2012,125,Dendermonde totem,Dendermonde,51.0372706,4.1025998,0.8061765556892547,51.03032241729146,4.099307334066113,2017,5,11,42006,Dendermonde,Normaal,Droog,Dag,met lichtgewonden,6,Bromfiets,3,Fiets,Op Kruispunt,Gemeenteweg,binnen bebouwde kom,Tss. 2 best.: langs opzij (voor-/achterkant-flank),Geen hindernis
2012,122,Dendermonde teller 2,Dendermonde,51.0373918,4.1019222,0.8070651684788109,51.03032241729146,4.099307334066113,2017,5,11,42006,Dendermonde,Normaal,Droog,Dag,met lichtgewonden,6,Bromfiets,3,Fiets,Op Kruispunt,Gemeenteweg,binnen bebouwde kom,Tss. 2 best.: langs opzij (voor-/achterkant-flank),Geen hindernis
2014,125,Dendermonde totem,Dendermonde,51.0372706,4.1025998,1.9474773068004547,51.02031695966461,4.109588078853005,2017,5,16,42006,Dendermonde,Onbekend,Onbekend,Dag,met lichtgewonden,3,Fiets,9,personenauto,Buiten Kruispunt,Gewestweg,binnen bebouwde kom,Tss. 2 best.: langs opzij (voor-/achterkant-flank),Geen hindernis
2014,122,Dendermonde teller 2,Dendermonde,51.0373918,4.1019222,1.9728720121263026,51.02031695966461,4.109588078853005,2017,5,16,42006,Dendermonde,Onbekend,Onbekend,Dag,met lichtgewonden,3,Fiets,9,personenauto,Buiten Kruispunt,Gewestweg,binnen bebouwde kom,Tss. 2 best.: langs opzij (voor-/achterkant-flank),Geen hindernis
2016,142,TEST Validatie BRUGGE Y2H22022134,Brugge,51.22632,3.24095,1.7591705299345353,51.21080524616945,3.2360074470609783,2017,5,14,31005,Brugge,Normaal,Droog,Dag,met lichtgewonden,7,Motorfiets,3,Fiets,Op Kruispunt,Gewestweg,binnen bebouwde kom,Tss. 2 best.: langs opzij (voor-/achterkant-flank),Geen hindernis
2016,52,Brugge,Brugge,51.22632,3.24095,1.7591705299345353,51.21080524616945,3.2360074470609783,2017,5,14,31005,Brugge,Normaal,Droog,Dag,met lichtgewonden,7,Motorfiets,3,Fiets,Op Kruispunt,Gewestweg,binnen bebouwde kom,Tss. 2 best.: langs opzij (voor-/achterkant-flank),Geen hindernis
2016,54,Brugge teller 2,Brugge,51.23015,3.22818,2.2190403364419207,51.21080524616945,3.2360074470609783,2017,5,14,31005,Brugge,Normaal,Droog,Dag,met lichtgewonden,7,Motorfiets,3,Fiets,Op Kruispunt,Gewestweg,binnen bebouwde kom,Tss. 2 best.: langs opzij (voor-/achterkant-flank),Geen hindernis
2016,53,Brugge teller 1,Brugge,51.23023,3.228,2.230765090785266,51.21080524616945,3.2360074470609783,2017,5,14,31005,Brugge,Normaal,Droog,Dag,met lichtgewonden,7,Motorfiets,3,Fiets,Op Kruispunt,Gewestweg,binnen bebouwde kom,Tss. 2 best.: langs opzij (voor-/achterkant-flank),Geen hindernis
2017,20,Brugge,Brugge,51.17416,3.20048,1.7811408465653298,51.18860612001742,3.2115198285679454,2017,5,9,31005,Brugge,Normaal,Droog,Dag,met lichtgewonden,9,personenauto,3,Fiets,Op Kruispunt,Gemeenteweg,binnen bebouwde kom,Tss. 2 best.: langs opzij (voor-/achterkant-flank),Geen hindernis
2018,142,TEST Validatie BRUGGE Y2H22022134,Brugge,51.22632,3.24095,2.2534565182580137,51.20761834044782,3.2284859550480407,2017,5,10,31005,Brugge,Normaal,Droog,Dag,met lichtgewonden,3,Fiets,3,Fiets,Op Kruispunt,Gemeenteweg,binnen bebouwde kom,Tss. 2 best.: langs opzij (voor-/achterkant-flank),Geen hindernis
2018,52,Brugge,Brugge,51.22632,3.24095,2.2534565182580137,51.20761834044782,3.2284859550480407,2017,5,10,31005,Brugge,Normaal,Droog,Dag,met lichtgewonden,3,Fiets,3,Fiets,Op Kruispunt,Gemeenteweg,binnen bebouwde kom,Tss. 2 best.: langs opzij (voor-/achterkant-flank),Geen hindernis
2019,142,TEST Validatie BRUGGE Y2H22022134,Brugge,51.22632,3.24095,0.9112734476073647,51.21843186084865,3.237401251154384,2017,5,16,31005,Brugge,Normaal,Droog,Dag,met lichtgewonden,9,personenauto,3,Fiets,Op Kruispunt,Gemeenteweg,binnen bebouwde kom,Tss. 2 best.: langs opzij (voor-/achterkant-flank),Geen hindernis
2019,52,Brugge,Brugge,51.22632,3.24095,0.9112734476073647,51.21843186084865,3.237401251154384,2017,5,16,31005,Brugge,Normaal,Droog,Dag,met lichtgewonden,9,personenauto,3,Fiets,Op Kruispunt,Gemeenteweg,binnen bebouwde kom,Tss. 2 best.: langs opzij (voor-/achterkant-flank),Geen hindernis
2019,54,Brugge teller 2,Brugge,51.23015,3.22818,1.4526402605609912,51.21843186084865,3.237401251154384,2017,5,16,31005,Brugge,Normaal,Droog,Dag,met lichtgewonden,9,personenauto,3,Fiets,Op Kruispunt,Gemeenteweg,binnen bebouwde kom,Tss. 2 best.: langs opzij (voor-/achterkant-flank),Geen hindernis
2019,53,Brugge teller 1,Brugge,51.23023,3.228,1.4661786346942998,51.21843186084865,3.237401251154384,2017,5,16,31005,Brugge,Normaal,Droog,Dag,met lichtgewonden,9,personenauto,3,Fiets,Op Kruispunt,Gemeenteweg,binnen bebouwde kom,Tss. 2 best.: langs opzij (voor-/achterkant-flank),Geen hindernis
2020,20,Brugge,Brugge,51.17416,3.20048,1.611822657500462,51.18864044652863,3.2015325115260374,2017,5,8,31005,Brugge,Normaal,Droog,Dag,met lichtgewonden,9,personenauto,3,Fiets,Buiten Kruispunt,Gemeenteweg,binnen bebouwde kom,Tss. 2 best.: langs opzij (voor-/achterkant-flank),Geen hindernis
2021,54,Brugge teller 2,Brugge,51.23015,3.22818,2.1089943461278473,51.211899329138156,3.2199381354756857,2017,5,16,31005,Brugge,Normaal,Droog,Dag,met lichtgewonden,9,personenauto,3,Fiets,Op Kruispunt,Gewestweg,binnen bebouwde kom,Tss. 2 best.: langs opzij (voor-/achterkant-flank),Geen hindernis
2021,53,Brugge teller 1,Brugge,51.23023,3.228,2.1141918356665115,51.211899329138156,3.2199381354756857,2017,5,16,31005,Brugge,Normaal,Droog,Dag,met lichtgewonden,9,personenauto,3,Fiets,Op Kruispunt,Gewestweg,binnen bebouwde kom,Tss. 2 best.: langs opzij (voor-/achterkant-flank),Geen hindernis