crash_row_id,site_id,site_name,site_gemeente,site_lat,site_long,distance_km,crash_lat,crash_long,DT_YEAR_COLLISION,DT_MONTH_COLLISION,DT_TIME,CD_NIS,TX_MUNTY_COLLISION_NL,TX_WEATHER_NL,TX_ROAD_CONDITION_NL,TX_LIGHT_CONDITION_NL,TX_CLASS_ACCIDENTS_NL,CD_ROAD_USR_TYPE1,TX_ROAD_USR_TYPE1_NL,CD_ROAD_USR_TYPE2,TX_ROAD_USR_TYPE2_NL,TX_CROSSWAY_NL,CD_ROAD_TYPE_NL,TX_BUILD_UP_AREA_NL,TX_COLLISION_TYPE_NL,TX_OBSTACLES_NL
2021,52,Brugge,Brugge,51.22632,3.24095,2.1708898076290595,51.211899329138156,3.2199381354756857,2017,5,16,31005,Brugge,Normaal,Droog,Dag,met lichtgewonden,9,personenauto,3,Fiets,Op Kruispunt,Gewestweg,binnen bebouwde kom,Tss. 2 best.: langs opzij (voor-/achterkant-flank),Geen hindernis
2021,142,TEST Validatie BRUGGE Y2H22022134,Brugge,51.22632,3.24095,2.1708898076290595,51.211899329138156,3.2199381354756857,2017,5,16,31005,Brugge,Normaal,Droog,Dag,met lichtgewonden,9,personenauto,3,Fiets,Op Kruispunt,Gewestweg,binnen bebouwde kom,Tss. 2 best.: langs opzij (voor-/achterkant-flank),Geen hindernis
2025,54,Brugge teller 2,Brugge,51.23015,3.22818,1.5530702896881794,51.21772566875651,3.21799140884049,2017,5,18,31005,Brugge,Normaal,Droog,Dag,met lichtgewonden,3,Fiets,9,personenauto,Buiten Kruispunt,Gemeenteweg,binnen bebouwde kom,Tss. 2 best.: langs opzij (voor-/achterkant-flank),Geen hindernis
2025,53,Brugge teller 1,Brugge,51.23023,3.228,1.5553308052551045,51.21772566875651,3.21799140884049,2017,5,18,31005,Brugge,Normaal,Droog,Dag,met lichtgewonden,3,Fiets,9,personenauto,Buiten Kruispunt,Gemeenteweg,binnen bebouwde kom,Tss. 2 best.: langs opzij (voor-/achterkant-flank),Geen hindernis
2025,52,Brugge,Brugge,51.22632,3.24095,1.8627057303331442,51.21772566875651,3.21799140884049,2017,5,18,31005,Brugge,Normaal,Droog,Dag,met lichtgewonden,3,Fiets,9,personenauto,Buiten Kruispunt,Gemeenteweg,binnen bebouwde kom,Tss. 2 best.: langs opzij (voor-/achterkant-flank),Geen hindernis
2025,142,TEST Validatie BRUGGE Y2H22022134,Brugge,51.22632,3.24095,1.8627057303331442,51.21772566875651,3.21799140884049,2017,5,18,31005,Brugge,Normaal,Droog,Dag,met lichtgewonden,3,Fiets,9,personenauto,Buiten Kruispunt,Gemeenteweg,binnen bebouwde kom,Tss. 2 best.: langs opzij (voor-/achterkant-flank),Geen hindernis
2026,142,TEST Validatie BRUGGE Y2H22022134,Brugge,51.22632,3.24095,1.3209469721084495,51.21491915594423,3.24628011208583,2017,5,10,31005,Brugge,Normaal,Droog,Dag,met zwaargewonden,9,personenauto,3,Fiets,Buiten Kruispunt,Gemeenteweg,binnen bebouwde kom,Tss. 2 best.: langs opzij (voor-/achterkant-flank),Geen hindernis
2026,52,Brugge,Brugge,51.22632,3.24095,1.3209469721084495,51.21491915594423,3.24628011208583,2017,5,10,31005,Brugge,Normaal,Droog,Dag,met zwaargewonden,9,personenauto,3,Fiets,Buiten Kruispunt,Gemeenteweg,binnen bebouwde kom,Tss. 2 best.: langs opzij (voor-/achterkant-flank),Geen hindernis
2026,54,Brugge teller 2,Brugge,51.23015,3.22818,2.1111950415510075,51.21491915594423,3.24628011208583,2017,5,10,31005,Brugge,Normaal,Droog,Dag,met zwaargewonden,9,personenauto,3,Fiets,Buiten Kruispunt,Gemeenteweg,binnen bebouwde kom,Tss. 2 best.: langs opzij (voor-/achterkant-flank),Geen hindernis
2026,53,Brugge teller 1,Brugge,51.23023,3.228,2.1258200741870192,51.21491915594423,3.24628011208583,2017,5,10,31005,Brugge,Normaal,Droog,Dag,met zwaargewonden,9,personenauto,3,Fiets,Buiten Kruispunt,Gemeenteweg,binnen bebouwde kom,Tss. 2 best.: langs opzij (voor-/achterkant-flank),Geen hindernis
2027,20,Brugge,Brugge,51.17416,3.20048,2.139730035925017,51.19233307485089,3.2105740691497653,2017,5,12,31005,Brugge,Normaal,Droog,Dag,met lichtgewonden,3,Fiets,3,Fiets,Buiten Kruispunt,Gemeenteweg,binnen bebouwde kom,Tussen 2 bestuurders: Frontale botsing,Geen hindernis
2028,142,TEST Validatie BRUGGE Y2H22022134,Brugge,51.22632,3.24095,0.6564714655027142,51.22073779148044,3.2440187293185456,2017,5,8,31005,Brugge,Normaal,Droog,Dag,met lichtgewonden,3,Fiets,9,personenauto,Buiten Kruispunt,Gemeenteweg,binnen bebouwde kom,Tss. 2 best.: langs opzij (voor-/achterkant-flank),Geen hindernis
2028,52,Brugge,Brugge,51.22632,3.24095,0.6564714655027142,51.22073779148044,3.2440187293185456,2017,5,8,31005,Brugge,Normaal,Droog,Dag,met lichtgewonden,3,Fiets,9,personenauto,Buiten Kruispunt,Gemeenteweg,binnen bebouwde kom,Tss. 2 best.: langs opzij (voor-/achterkant-flank),Geen hindernis
2028,54,Brugge teller 2,Brugge,51.23015,3.22818,1.5204812318052072,51.22073779148044,3.2440187293185456,2017,5,8,31005,Brugge,Normaal,Droog,Dag,met lichtgewonden,3,Fiets,9,personenauto,Buiten Kruispunt,Gemeenteweg,binnen bebouwde kom,Tss. 2 best.: langs opzij (voor-/achterkant-flank),Geen hindernis
2028,53,Brugge teller 1,Brugge,51.23023,3.228,1.5356977489172001,51.22073779148044,3.2440187293185456,2017,5,8,31005,Brugge,Normaal,Droog,Dag,met lichtgewonden,3,Fiets,9,personenauto,Buiten Kruispunt,Gemeenteweg,binnen bebouwde kom,Tss. 2 best.: langs opzij (voor-/achterkant-flank),Geen hindernis
2029,20,Brugge,Brugge,51.17416,3.20048,1.467500438775107,51.178345989835385,3.220444215001005,2017,5,12,31005,Brugge,Normaal,Droog,Dag,met zwaargewonden,9,personenauto,3,Fiets,Op Kruispunt,Gemeenteweg,binnen bebouwde kom,Tss. 2 best.: langs opzij (voor-/achterkant-flank),Geen hindernis
2031,142,TEST Validatie BRUGGE Y2H22022134,Brugge,51.22632,3.24095,2.3436349151962017,51.20849380253065,3.222996641765363,2017,5,14,31005,Brugge,Normaal,Droog,Dag,met lichtgewonden,8,Voetganger,3,Fiets,Buiten Kruispunt,Gemeenteweg,binnen bebouwde kom,Met een voetganger,Geen hindernis
2031,52,Brugge,Brugge,51.22632,3.24095,2.3436349151962017,51.20849380253065,3.222996641765363,2017,5,14,31005,Brugge,Normaal,Droog,Dag,met lichtgewonden,8,Voetganger,3,Fiets,Buiten Kruispunt,Gemeenteweg,binnen bebouwde kom,Met een voetganger,Geen hindernis
2031,54,Brugge teller 2,Brugge,51.23015,3.22818,2.4349682576468377,51.20849380253065,3.222996641765363,2017,5,14,31005,Brugge,Normaal,Droog,Dag,met lichtgewonden,8,Voetganger,3,Fiets,Buiten Kruispunt,Gemeenteweg,binnen bebouwde kom,Met een voetganger,Geen hindernis
2031,53,Brugge teller 1,Brugge,51.23023,3.228,2.4419454435096712,51.20849380253065,3.222996641765363,2017,5,14,31005,Brugge,Normaal,Droog,Dag,met lichtgewonden,8,Voetganger,3,Fiets,Buiten Kruispunt,Gemeenteweg,binnen bebouwde kom,Met een voetganger,Geen hindernis
2033,54,Brugge teller 2,Brugge,51.23015,3.22818,2.4466634365218662,51.20997109686909,3.214173503714486,2017,5,21,31005,Brugge,Normaal,Droog,"Nacht, openbare verlichting aanwezig en ontstoken",met lichtgewonden,3,Fiets,3,Fiets,Op Kruispunt,Gewestweg,binnen bebouwde kom,Tss. 2 best.: langs opzij (voor-/achterkant-flank),Geen hindernis
2033,53,Brugge teller 1,Brugge,51.23023,3.228,2.449869180532287,51.20997109686909,3.214173503714486,2017,5,21,31005,Brugge,Normaal,Droog,"Nacht, openbare verlichting aanwezig en ontstoken",met lichtgewonden,3,Fiets,3,Fiets,Op Kruispunt,Gewestweg,binnen bebouwde kom,Tss. 2 best.: langs opzij (voor-/achterkant-flank),Geen hindernis
2034,142,TEST Validatie BRUGGE Y2H22022134,Brugge,51.22632,3.24095,2.326634759301219,51.20895235970948,3.222319548128006,2017,5,13,31005,Brugge,Normaal,Droog,Dag,met lichtgewonden,3,Fiets,8,Voetganger,Buiten Kruispunt,Gewestweg,binnen bebouwde kom,Met een voetganger,Geen hindernis
2034,52,Brugge,Brugge,51.22632,3.24095,2.326634759301219,51.20895235970948,3.222319548128006,2017,5,13,31005,Brugge,Normaal,Droog,Dag,met lichtgewonden,3,Fiets,8,Voetganger,Buiten Kruispunt,Gewestweg,binnen bebouwde kom,Met een voetganger,Geen hindernis
2034,54,Brugge teller 2,Brugge,51.23015,3.22818,2.3921474546117145,51.20895235970948,3.222319548128006,2017,5,13,31005,Brugge,Normaal,Droog,Dag,met lichtgewonden,3,Fiets,8,Voetganger,Buiten Kruispunt,Gewestweg,binnen bebouwde kom,Met een voetganger,Geen hindernis
2034,53,Brugge teller 1,Brugge,51.23023,3.228,2.398813689554746,51.20895235970948,3.222319548128006,2017,5,13,31005,Brugge,Normaal,Droog,Dag,met lichtgewonden,3,Fiets,8,Voetganger,Buiten Kruispunt,Gewestweg,binnen bebouwde kom,Met een voetganger,Geen hindernis
2046,20,Brugge,Brugge,51.17416,3.20048,1.740317280862017,51.160056898345616,3.2113030331993535,2017,5,13,31040,Zedelgem,Normaal,Droog,Dag,met lichtgewonden,3,Fiets,10,"één bestuurder, geen hindernis",Op Kruispunt,Gemeenteweg,buiten bebouwde kom,"Eén bestuurder, geen hindernis (incl. val)",Geen hindernis
2048,20,Brugge,Brugge,51.17416,3.20048,1.5773643167192128,51.160128125156014,3.1971587784094853,2017,5,14,31040,Zedelgem,Normaal,Droog,Dag,met lichtgewonden,3,Fiets,11,een weggebruiker tegen een hindernis,Buiten Kruispunt,Gemeenteweg,binnen bebouwde kom,Weggebruiker tegen hindernis op de rijbaan,Op de rijbaan: Lading
2060,15,Oostende 2,Oostende,51.21371,2.92743,0.41989604979428097,51.21681629276849,2.9240020319162894,2017,5,12,35013,Oostende,Normaal,Proper,Dag,met lichtgewonden,3,Fiets,3,Fiets,Op Kruispunt,Gemeenteweg,binnen bebouwde kom,Tussen 2 bestuurders: Langs achteren,Geen hindernis
2060,18,Oostende 1,Oostende,51.21378,2.92765,0.42254987546496453,51.21681629276849,2.9240020319162894,2017,5,12,35013,Oostende,Normaal,Proper,Dag,met lichtgewonden,3,Fiets,3,Fiets,Op Kruispunt,Gemeenteweg,binnen bebouwde kom,Tussen 2 bestuurders: Langs achteren,Geen hindernis
2069,55,Torhout teller 1,Torhout,51.07161,3.08261,1.4977968837455466,51.06886378295766,3.1035962874315084,2017,5,16,31033,Torhout,Regenval,"Nat, plassen",Dag,met lichtgewonden,9,personenauto,3,Fiets,Buiten Kruispunt,Gewestweg,binnen bebouwde kom,Tussen 2 bestuurders: Frontale botsing,Geen hindernis
2069,56,Torhout teller 2,Torhout,51.07147,3.08244,1.5063574540744413,51.06886378295766,3.1035962874315084,2017,5,16,31033,Torhout,Regenval,"Nat, plassen",Dag,met lichtgewonden,9,personenauto,3,Fiets,Buiten Kruispunt,Gewestweg,binnen bebouwde kom,Tussen 2 bestuurders: Frontale botsing,Geen hindernis
2071,50,"Brugge, Sint-Andries",Brugge,51.19291,3.16252,1.2975413560933151,51.19711260321499,3.145148838501548,2017,5,19,31012,Jabbeke,Normaal,Droog,Dag,met lichtgewonden,9,personenauto,3,Fiets,Op Kruispunt,Gemeenteweg,buiten bebouwde kom,Tussen 2 bestuurders: Frontale botsing,Geen hindernis
2071,51,"Brugge, Sint-Andries",Brugge,51.19281,3.16252,1.301588588241292,51.19711260321499,3.145148838501548,2017,5,19,31012,Jabbeke,Normaal,Droog,Dag,met lichtgewonden,9,personenauto,3,Fiets,Op Kruispunt,Gemeenteweg,buiten bebouwde kom,Tussen 2 bestuurders: Frontale botsing,Geen hindernis
2073,84,Roeselare totem,Izegem,50.91717,3.18772,2.272747352542413,50.89677130778435,3.1897623890024005,2017,5,11,36008,Izegem,Normaal,Droog,Dag,met lichtgewonden,9,personenauto,3,Fiets,Op Kruispunt,Gemeenteweg,binnen bebouwde kom,Tss. 2 best.: langs opzij (voor-/achterkant-flank),Geen hindernis
2075,84,Roeselare totem,Izegem,50.91717,3.18772,2.119558344067285,50.900636311440735,3.1726761733028033,2017,5,11,36015,Roeselare,Normaal,Droog,Dag,met lichtgewonden,2,Andere weggebruiker,3,Fiets,Op Kruispunt,Gemeenteweg,buiten bebouwde kom,Tss. 2 best.: langs opzij (voor-/achterkant-flank),Geen hindernis
2077,84,Roeselare totem,Izegem,50.91717,3.18772,1.4847577790227304,50.90638316777763,3.2002021588327523,2017,5,13,36008,Izegem,Normaal,Droog,Dag,met lichtgewonden,3,Fiets,11,een weggebruiker tegen een hindernis,Buiten Kruispunt,Gemeenteweg,binnen bebouwde kom,Weggebruiker tegen hindernis buiten rijbaan,Andere hindernis
2078,84,Roeselare totem,Izegem,50.91717,3.18772,1.8636541213361777,50.93087336290434,3.2030290390003837,2017,5,14,36008,Izegem,Normaal,Droog,Dag,met lichtgewonden,9,personenauto,3,Fiets,Op Kruispunt,Gewestweg,binnen bebouwde kom,Tss. 2 best.: langs opzij (voor-/achterkant-flank),Geen hindernis
2079,84,Roeselare totem,Izegem,50.91717,3.18772,0.5373874197373787,50.9130135337155,3.1916310330230586,2017,5,18,36008,Izegem,Normaal,Droog,Dag,met lichtgewonden,9,personenauto,3,Fiets,Op Kruispunt,Gemeenteweg,binnen bebouwde kom,Tussen 2 bestuurders: Frontale botsing,Geen hindernis
2083,84,Roeselare totem,Izegem,50.91717,3.18772,1.7029641033533165,50.91842296923658,3.211931521162566,2017,5,16,36008,Izegem,Onbekend,Onbekend,Dag,met lichtgewonden,3,Fiets,9,personenauto,Op Kruispunt,Gewestweg,binnen bebouwde kom,Tss. 2 best.: langs opzij (voor-/achterkant-flank),Geen hindernis
2085,84,Roeselare totem,Izegem,50.91717,3.18772,1.0679646218265768,50.91264718985923,3.201158879273715,2017,5,7,36008,Izegem,Normaal,Droog,Dag,met lichtgewonden,3,Fiets,9,personenauto,Op Kruispunt,Gewestweg,buiten bebouwde kom,Tss. 2 best.: langs opzij (voor-/achterkant-flank),Geen hindernis
2094,143,Eco Display Classic Budastraat,Kortrijk,50.83066,3.26286,0.7748485440437747,50.83083700245395,3.2518308913619127,2017,5,15,34022,Kortrijk,Normaal,Droog,Dag,met lichtgewonden,3,Fiets,9,personenauto,Op Kruispunt,Gewestweg,binnen bebouwde kom,Tss. 2 best.: langs opzij (voor-/achterkant-flank),Geen hindernis
2094,75,Kortrijk teller 2,Kortrijk,50.81925,3.25731,1.3446673596420489,50.83083700245395,3.2518308913619127,2017,5,15,34022,Kortrijk,Normaal,Droog,Dag,met lichtgewonden,3,Fiets,9,personenauto,Op Kruispunt,Gewestweg,binnen bebouwde kom,Tss. 2 best.: langs opzij (voor-/achterkant-flank),Geen hindernis
2094,74,Kortrijk teller 1,Kortrijk,50.81909,3.25728,1.3611299413636273,50.83083700245395,3.2518308913619127,2017,5,15,34022,Kortrijk,Normaal,Droog,Dag,met lichtgewonden,3,Fiets,9,personenauto,Op Kruispunt,Gewestweg,binnen bebouwde kom,Tss. 2 best.: langs opzij (voor-/achterkant-flank),Geen hindernis
2094,17,Kortrijk 2,Kortrijk,50.83339,3.27773,1.8409178204070364,50.83083700245395,3.2518308913619127,2017,5,15,34022,Kortrijk,Normaal,Droog,Dag,met lichtgewonden,3,Fiets,9,personenauto,Op Kruispunt,Gewestweg,binnen bebouwde kom,Tss. 2 best.: langs opzij (voor-/achterkant-flank),Geen hindernis
2094,16,Kortrijk 1,Kortrijk,50.83332,3.27777,1.8425124003022535,50.83083700245395,3.2518308913619127,2017,5,15,34022,Kortrijk,Normaal,Droog,Dag,met lichtgewonden,3,Fiets,9,personenauto,Op Kruispunt,Gewestweg,binnen bebouwde kom,Tss. 2 best.: langs opzij (voor-/achterkant-flank),Geen hindernis
2095,17,Kortrijk 2,Kortrijk,50.83339,3.27773,1.289935509069808,50.84266145720028,3.2666891059329926,2017,5,7,34022,Kortrijk,Normaal,Droog,Dag,met lichtgewonden,3,Fiets,3,Fiets,Buiten Kruispunt,Gemeenteweg,binnen bebouwde kom,Tss. 2 best.: langs opzij (voor-/achterkant-flank),Geen hindernis
2095,16,Kortrijk 1,Kortrijk,50.83332,3.27777,1.2978472018210438,50.84266145720028,3.2666891059329926,2017,5,7,34022,Kortrijk,Normaal,Droog,Dag,met lichtgewonden,3,Fiets,3,Fiets,Buiten Kruispunt,Gemeenteweg,binnen bebouwde kom,Tss. 2 best.: langs opzij (voor-/achterkant-flank),Geen hindernis
2095,143,Eco Display Classic Budastraat,Kortrijk,50.83066,3.26286,1.3613215937594154,50.84266145720028,3.2666891059329926,2017,5,7,34022,Kortrijk,Normaal,Droog,Dag,met lichtgewonden,3,Fiets,3,Fiets,Buiten Kruispunt,Gemeenteweg,binnen bebouwde kom,Tss. 2 best.: langs opzij (voor-/achterkant-flank),Geen hindernis
2096,143,Eco Display Classic Budastraat,Kortrijk,50.83066,3.26286,2.2522518527983895,50.840666109516356,3.234974724131762,2017,5,16,34022,Kortrijk,Normaal,Droog,Dag,met lichtgewonden,9,personenauto,3,Fiets,Op Kruispunt,Gemeenteweg,binnen bebouwde kom,Tss. 2 best.: langs opzij (voor-/achterkant-flank),Geen hindernis
2097,16,Kortrijk 1,Kortrijk,50.83332,3.27777,0.23196666107456096,50.831256587233185,3.2772839227076767,2017,5,19,34022,Kortrijk,Normaal,Droog,Dag,met lichtgewonden,9,personenauto,3,Fiets,Buiten Kruispunt,Gemeenteweg,binnen bebouwde kom,Tss. 2 best.: langs opzij (voor-/achterkant-flank),Geen hindernis
2097,17,Kortrijk 2,Kortrijk,50.83339,3.27773,0.2392843209503697,50.831256587233185,3.2772839227076767,2017,5,19,34022,Kortrijk,Normaal,Droog,Dag,met lichtgewonden,9,personenauto,3,Fiets,Buiten Kruispunt,Gemeenteweg,binnen bebouwde kom,Tss. 2 best.: langs opzij (voor-/achterkant-flank),Geen hindernis
2097,143,Eco Display Classic Budastraat,Kortrijk,50.83066,3.26286,1.0151889642984044,50.831256587233185,3.2772839227076767,2017,5,19,34022,Kortrijk,Normaal,Droog,Dag,met lichtgewonden,9,personenauto,3,Fiets,Buiten Kruispunt,Gemeenteweg,binnen bebouwde kom,Tss. 2 best.: langs opzij (voor-/achterkant-flank),Geen hindernis
2097,75,Kortrijk teller 2,Kortrijk,50.81925,3.25731,1.9366884920398135,50.831256587233185,3.2772839227076767,2017,5,19,34022,Kortrijk,Normaal,Droog,Dag,met lichtgewonden,9,personenauto,3,Fiets,Buiten Kruispunt,Gemeenteweg,binnen bebouwde kom,Tss. 2 best.: langs opzij (voor-/achterkant-flank),Geen hindernis
2097,74,Kortrijk teller 1,Kortrijk,50.81909,3.25728,1.9505147563070988,50.831256587233185,3.2772839227076767,2017,5,19,34022,Kortrijk,Normaal,Droog,Dag,met lichtgewonden,9,personenauto,3,Fiets,Buiten Kruispunt,Gemeenteweg,binnen bebouwde kom,Tss. 2 best.: langs opzij (voor-/achterkant-flank),Geen hindernis
2098,143,Eco Display Classic Budastraat,Kortrijk,50.83066,3.26286,1.1685295977454864,50.83680488472533,3.2493619117617563,2017,5,11,34022,Kortrijk,Normaal,Droog,Dag,met lichtgewonden,3,Fiets,9,personenauto,Op Kruispunt,Gemeenteweg,binnen bebouwde kom,Tss. 2 best.: langs opzij (voor-/achterkant-flank),Geen hindernis
2098,17,Kortrijk 2,Kortrijk,50.83339,3.27773,2.02803282573044,50.83680488472533,3.2493619117617563,2017,5,11,34022,Kortrijk,Normaal,Droog,Dag,met lichtgewonden,3,Fiets,9,personenauto,Op Kruispunt,Gemeenteweg,binnen bebouwde kom,Tss. 2 best.: langs opzij (voor-/achterkant-flank),Geen hindernis
2098,75,Kortrijk teller 2,Kortrijk,50.81925,3.25731,2.030269869788603,50.83680488472533,3.2493619117617563,2017,5,11,34022,Kortrijk,Normaal,Droog,Dag,met lichtgewonden,3,Fiets,9,personenauto,Op Kruispunt,Gemeenteweg,binnen bebouwde kom,Tss. 2 best.: langs opzij (voor-/achterkant-flank),Geen hindernis
2098,16,Kortrijk 1,Kortrijk,50.83332,3.27777,2.032263483460792,50.83680488472533,3.2493619117617563,2017,5,11,34022,Kortrijk,Normaal,Droog,Dag,met lichtgewonden,3,Fiets,9,personenauto,Op Kruispunt,Gemeenteweg,binnen bebouwde kom,Tss. 2 best.: langs opzij (voor-/achterkant-flank),Geen hindernis
2098,74,Kortrijk teller 1,Kortrijk,50.81909,3.25728,2.04680788823278,50.83680488472533,3.2493619117617563,2017,5,11,34022,Kortrijk,Normaal,Droog,Dag,met lichtgewonden,3,Fiets,9,personenauto,Op Kruispunt,Gemeenteweg,binnen bebouwde kom,Tss. 2 best.: langs opzij (voor-/achterkant-flank),Geen hindernis
2099,143,Eco Display Classic Budastraat,Kortrijk,50.83066,3.26286,0.3158592475760789,50.83308195689341,3.2652100342359396,2017,5,16,34022,Kortrijk,Normaal,Droog,Dag,met lichtgewonden,3,Fiets,3,Fiets,Buiten Kruispunt,Gemeenteweg,binnen bebouwde kom,Tussen 2 bestuurders: Frontale botsing,Geen hindernis
2099,17,Kortrijk 2,Kortrijk,50.83339,3.27773,0.8799247830127317,50.83308195689341,3.2652100342359396,2017,5,16,34022,Kortrijk,Normaal,Droog,Dag,met lichtgewonden,3,Fiets,3,Fiets,Buiten Kruispunt,Gemeenteweg,binnen bebouwde kom,Tussen 2 bestuurders: Frontale botsing,Geen hindernis
2099,16,Kortrijk 1,Kortrijk,50.83332,3.27777,0.8824647057519932,50.83308195689341,3.2652100342359396,2017,5,16,34022,Kortrijk,Normaal,Droog,Dag,met lichtgewonden,3,Fiets,3,Fiets,Buiten Kruispunt,Gemeenteweg,binnen bebouwde kom,Tussen 2 bestuurders: Frontale botsing,Geen hindernis
2099,75,Kortrijk teller 2,Kortrijk,50.81925,3.25731,1.6350785523295146,50.83308195689341,3.2652100342359396,2017,5,16,34022,Kortrijk,Normaal,Droog,Dag,met lichtgewonden,3,Fiets,3,Fiets,Buiten Kruispunt,Gemeenteweg,binnen bebouwde kom,Tussen 2 bestuurders: Frontale botsing,Geen hindernis
2099,74,Kortrijk teller 1,Kortrijk,50.81909,3.25728,1.6525343100119498,50.83308195689341,3.2652100342359396,2017,5,16,34022,Kortrijk,Normaal,Droog,Dag,met lichtgewonden,3,Fiets,3,Fiets,Buiten Kruispunt,Gemeenteweg,binnen bebouwde kom,Tussen 2 bestuurders: Frontale botsing,Geen hindernis
2100,74,Kortrijk teller 1,Kortrijk,50.81909,3.25728,0.5010814717707371,50.814608344758355,3.256534561511007,2017,5,19,34022,Kortrijk,Normaal,Droog,Dag,met lichtgewonden,3,Fiets,9,personenauto,Op Kruispunt,Gemeenteweg,binnen bebouwde kom,Tss. 2 best.: langs opzij (voor-/achterkant-flank),Geen hindernis
2100,75,Kortrijk teller 2,Kortrijk,50.81925,3.25731,0.5189955419309273,50.814608344758355,3.256534561511007,2017,5,19,34022,Kortrijk,Normaal,Droog,Dag,met lichtgewonden,3,Fiets,9,personenauto,Op Kruispunt,Gemeenteweg,binnen bebouwde kom,Tss. 2 best.: langs opzij (voor-/achterkant-flank),Geen hindernis
2100,143,Eco Display Classic Budastraat,Kortrijk,50.83066,3.26286,1.8393370486718141,50.814608344758355,3.256534561511007,2017,5,19,34022,Kortrijk,Normaal,Droog,Dag,met lichtgewonden,3,Fiets,9,personenauto,Op Kruispunt,Gemeenteweg,binnen bebouwde kom,Tss. 2 best.: langs opzij (voor-/achterkant-flank),Geen hindernis
2101,75,Kortrijk teller 2,Kortrijk,50.81925,3.25731,0.23888332966564954,50.821309108652265,3.2582798244199904,2017,5,17,34022,Kortrijk,Normaal,Droog,Dag,met lichtgewonden,9,personenauto,3,Fiets,Buiten Kruispunt,Gewestweg,binnen bebouwde kom,Tss. 2 best.: langs opzij (voor-/achterkant-flank),Geen hindernis
2101,74,Kortrijk teller 1,Kortrijk,50.81909,3.25728,0.25655488542457416,50.821309108652265,3.2582798244199904,2017,5,17,34022,Kortrijk,Normaal,Droog,Dag,met lichtgewonden,9,personenauto,3,Fiets,Buiten Kruispunt,Gewestweg,binnen bebouwde kom,Tss. 2 best.: langs opzij (voor-/achterkant-flank),Geen hindernis
2101,143,Eco Display Classic Budastraat,Kortrijk,50.83066,3.26286,1.0884032248213296,50.821309108652265,3.2582798244199904,2017,5,17,34022,Kortrijk,Normaal,Droog,Dag,met lichtgewonden,9,personenauto,3,Fiets,Buiten Kruispunt,Gewestweg,binnen bebouwde kom,Tss. 2 best.: langs opzij (voor-/achterkant-flank),Geen hindernis
2101,16,Kortrijk 1,Kortrijk,50.83332,3.27777,1.912508046453105,50.821309108652265,3.2582798244199904,2017,5,17,34022,Kortrijk,Normaal,Droog,Dag,met lichtgewonden,9,personenauto,3,Fiets,Buiten Kruispunt,Gewestweg,binnen bebouwde kom,Tss. 2 best.: langs opzij (voor-/achterkant-flank),Geen hindernis
2101,17,Kortrijk 2,Kortrijk,50.83339,3.27773,1.9159466467583248,50.821309108652265,3.2582798244199904,2017,5,17,34022,Kortrijk,Normaal,Droog,Dag,met lichtgewonden,9,personenauto,3,Fiets,Buiten Kruispunt,Gewestweg,binnen bebouwde kom,Tss. 2 best.: langs opzij (voor-/achterkant-flank),Geen hindernis
2102,143,Eco Display Classic Budastraat,Kortrijk,50.83066,3.26286,0.48909914817342803,50.83459815060108,3.259757992886863,2017,5,17,34022,Kortrijk,Normaal,Droog+Proper,Dag,met zwaargewonden,9,personenauto,3,Fiets,Buiten Kruispunt,Gewestweg,binnen bebouwde kom,Tss. 2 best.: langs opzij (voor-/achterkant-flank),Geen hindernis
2102,17,Kortrijk 2,Kortrijk,50.83339,3.27773,1.2692552141140951,50.83459815060108,3.259757992886863,2017,5,17,34022,Kortrijk,Normaal,Droog+Proper,Dag,met zwaargewonden,9,personenauto,3,Fiets,Buiten Kruispunt,Gewestweg,binnen bebouwde kom,Tss. 2 best.: langs opzij (voor-/achterkant-flank),Geen hindernis
2102,16,Kortrijk 1,Kortrijk,50.83332,3.27777,1.2728950639407968,50.83459815060108,3.259757992886863,2017,5,17,34022,Kortrijk,Normaal,Droog+Proper,Dag,met zwaargewonden,9,personenauto,3,Fiets,Buiten Kruispunt,Gewestweg,binnen bebouwde kom,Tss. 2 best.: langs opzij (voor-/achterkant-flank),Geen hindernis
2102,75,Kortrijk teller 2,Kortrijk,50.81925,3.25731,1.7152761084347166,50.83459815060108,3.259757992886863,2017,5,17,34022,Kortrijk,Normaal,Droog+Proper,Dag,met zwaargewonden,9,personenauto,3,Fiets,Buiten Kruispunt,Gewestweg,binnen bebouwde kom,Tss. 2 best.: langs opzij (voor-/achterkant-flank),Geen hindernis
2102,74,Kortrijk teller 1,Kortrijk,50.81909,3.25728,1.733188965880231,50.83459815060108,3.259757992886863,2017,5,17,34022,Kortrijk,Normaal,Droog+Proper,Dag,met zwaargewonden,9,personenauto,3,Fiets,Buiten Kruispunt,Gewestweg,binnen bebouwde kom,Tss. 2 best.: langs opzij (voor-/achterkant-flank),Geen hindernis
2103,17,Kortrijk 2,Kortrijk,50.83339,3.27773,2.048442494551895,50.85113013846706,3.2698657215863776,2017,5,11,34023,Kuurne,Normaal,Droog,Dag,met lichtgewonden,9,personenauto,3,Fiets,Buiten Kruispunt,Gewestweg,binnen bebouwde kom,Tss. 2 best.: langs opzij (voor-/achterkant-flank),Geen hindernis
2103,16,Kortrijk 1,Kortrijk,50.83332,3.27777,2.0566953068861276,50.85113013846706,3.2698657215863776,2017,5,11,34023,Kuurne,Normaal,Droog,Dag,met lichtgewonden,9,personenauto,3,Fiets,Buiten Kruispunt,Gewestweg,binnen bebouwde kom,Tss. 2 best.: langs opzij (voor-/achterkant-flank),Geen hindernis