crash_row_id,site_id,site_name,site_gemeente,site_lat,site_long,distance_km,crash_lat,crash_long,DT_YEAR_COLLISION,DT_MONTH_COLLISION,DT_TIME,CD_NIS,TX_MUNTY_COLLISION_NL,TX_WEATHER_NL,TX_ROAD_CONDITION_NL,TX_LIGHT_CONDITION_NL,TX_CLASS_ACCIDENTS_NL,CD_ROAD_USR_TYPE1,TX_ROAD_USR_TYPE1_NL,CD_ROAD_USR_TYPE2,TX_ROAD_USR_TYPE2_NL,TX_CROSSWAY_NL,CD_ROAD_TYPE_NL,TX_BUILD_UP_AREA_NL,TX_COLLISION_TYPE_NL,TX_OBSTACLES_NL
2103,143,Eco Display Classic Budastraat,Kortrijk,50.83066,3.26286,2.3287251110052805,50.85113013846706,3.2698657215863776,2017,5,11,34023,Kuurne,Normaal,Droog,Dag,met lichtgewonden,9,personenauto,3,Fiets,Buiten Kruispunt,Gewestweg,binnen bebouwde kom,Tss. 2 best.: langs opzij (voor-/achterkant-flank),Geen hindernis
2104,143,Eco Display Classic Budastraat,Kortrijk,50.83066,3.26286,0.5052888842221024,50.82780504774013,3.257262838195258,2017,5,14,34022,Kortrijk,Normaal,Droog,Dag,met lichtgewonden,9,personenauto,3,Fiets,Op Kruispunt,Gewestweg,binnen bebouwde kom,Tss. 2 best.: langs opzij (voor-/achterkant-flank),Geen hindernis
2104,75,Kortrijk teller 2,Kortrijk,50.81925,3.25731,0.9512836742195345,50.82780504774013,3.257262838195258,2017,5,14,34022,Kortrijk,Normaal,Droog,Dag,met lichtgewonden,9,personenauto,3,Fiets,Op Kruispunt,Gewestweg,binnen bebouwde kom,Tss. 2 best.: langs opzij (voor-/achterkant-flank),Geen hindernis
2104,74,Kortrijk teller 1,Kortrijk,50.81909,3.25728,0.9690698439739948,50.82780504774013,3.257262838195258,2017,5,14,34022,Kortrijk,Normaal,Droog,Dag,met lichtgewonden,9,personenauto,3,Fiets,Op Kruispunt,Gewestweg,binnen bebouwde kom,Tss. 2 best.: langs opzij (voor-/achterkant-flank),Geen hindernis
2104,16,Kortrijk 1,Kortrijk,50.83332,3.27777,1.5653852395282908,50.82780504774013,3.257262838195258,2017,5,14,34022,Kortrijk,Normaal,Droog,Dag,met lichtgewonden,9,personenauto,3,Fiets,Op Kruispunt,Gewestweg,binnen bebouwde kom,Tss. 2 best.: langs opzij (voor-/achterkant-flank),Geen hindernis
2104,17,Kortrijk 2,Kortrijk,50.83339,3.27773,1.565870504716817,50.82780504774013,3.257262838195258,2017,5,14,34022,Kortrijk,Normaal,Droog,Dag,met lichtgewonden,9,personenauto,3,Fiets,Op Kruispunt,Gewestweg,binnen bebouwde kom,Tss. 2 best.: langs opzij (voor-/achterkant-flank),Geen hindernis
2105,74,Kortrijk teller 1,Kortrijk,50.81909,3.25728,2.280240996917962,50.80883596485071,3.2291733342963673,2017,5,7,34022,Kortrijk,Normaal,Droog,Dag,met lichtgewonden,5,Lichte vrachtauto,3,Fiets,Buiten Kruispunt,Gemeenteweg,binnen bebouwde kom,Tussen 2 bestuurders: Langs achteren,Geen hindernis
2105,75,Kortrijk teller 2,Kortrijk,50.81925,3.25731,2.2910045277652666,50.80883596485071,3.2291733342963673,2017,5,7,34022,Kortrijk,Normaal,Droog,Dag,met lichtgewonden,5,Lichte vrachtauto,3,Fiets,Buiten Kruispunt,Gemeenteweg,binnen bebouwde kom,Tussen 2 bestuurders: Langs achteren,Geen hindernis
2106,143,Eco Display Classic Budastraat,Kortrijk,50.83066,3.26286,1.8417819061403513,50.83087551121468,3.2366380272919844,2017,5,17,34022,Kortrijk,Normaal,"Ijzel, sneeuw",Dag,met lichtgewonden,9,personenauto,3,Fiets,Op Kruispunt,Gemeenteweg,binnen bebouwde kom,Tss. 2 best.: langs opzij (voor-/achterkant-flank),Geen hindernis
2106,75,Kortrijk teller 2,Kortrijk,50.81925,3.25731,1.9440717638531388,50.83087551121468,3.2366380272919844,2017,5,17,34022,Kortrijk,Normaal,"Ijzel, sneeuw",Dag,met lichtgewonden,9,personenauto,3,Fiets,Op Kruispunt,Gemeenteweg,binnen bebouwde kom,Tss. 2 best.: langs opzij (voor-/achterkant-flank),Geen hindernis
2106,74,Kortrijk teller 1,Kortrijk,50.81909,3.25728,1.9543850742259172,50.83087551121468,3.2366380272919844,2017,5,17,34022,Kortrijk,Normaal,"Ijzel, sneeuw",Dag,met lichtgewonden,9,personenauto,3,Fiets,Op Kruispunt,Gemeenteweg,binnen bebouwde kom,Tss. 2 best.: langs opzij (voor-/achterkant-flank),Geen hindernis
2107,143,Eco Display Classic Budastraat,Kortrijk,50.83066,3.26286,0.5951184145113566,50.826016555427344,3.267073311908113,2017,5,18,34022,Kortrijk,Normaal,Droog,Dag,met lichtgewonden,3,Fiets,8,Voetganger,Op Kruispunt,Gewestweg,binnen bebouwde kom,Met een voetganger,Geen hindernis
2107,75,Kortrijk teller 2,Kortrijk,50.81925,3.25731,1.0180678500187386,50.826016555427344,3.267073311908113,2017,5,18,34022,Kortrijk,Normaal,Droog,Dag,met lichtgewonden,3,Fiets,8,Voetganger,Op Kruispunt,Gewestweg,binnen bebouwde kom,Met een voetganger,Geen hindernis
2107,74,Kortrijk teller 1,Kortrijk,50.81909,3.25728,1.0326895201897415,50.826016555427344,3.267073311908113,2017,5,18,34022,Kortrijk,Normaal,Droog,Dag,met lichtgewonden,3,Fiets,8,Voetganger,Op Kruispunt,Gewestweg,binnen bebouwde kom,Met een voetganger,Geen hindernis
2107,16,Kortrijk 1,Kortrijk,50.83332,3.27777,1.1063099389680384,50.826016555427344,3.267073311908113,2017,5,18,34022,Kortrijk,Normaal,Droog,Dag,met lichtgewonden,3,Fiets,8,Voetganger,Op Kruispunt,Gewestweg,binnen bebouwde kom,Met een voetganger,Geen hindernis
2107,17,Kortrijk 2,Kortrijk,50.83339,3.27773,1.1101398319642957,50.826016555427344,3.267073311908113,2017,5,18,34022,Kortrijk,Normaal,Droog,Dag,met lichtgewonden,3,Fiets,8,Voetganger,Op Kruispunt,Gewestweg,binnen bebouwde kom,Met een voetganger,Geen hindernis
2108,143,Eco Display Classic Budastraat,Kortrijk,50.83066,3.26286,0.6029032829250102,50.825524972906166,3.265615788980852,2017,5,17,34022,Kortrijk,Normaal,Droog,Dag,met zwaargewonden,9,personenauto,3,Fiets,Op Kruispunt,Gemeenteweg,binnen bebouwde kom,Tss. 2 best.: langs opzij (voor-/achterkant-flank),Geen hindernis
2108,75,Kortrijk teller 2,Kortrijk,50.81925,3.25731,0.9095320435830481,50.825524972906166,3.265615788980852,2017,5,17,34022,Kortrijk,Normaal,Droog,Dag,met zwaargewonden,9,personenauto,3,Fiets,Op Kruispunt,Gemeenteweg,binnen bebouwde kom,Tss. 2 best.: langs opzij (voor-/achterkant-flank),Geen hindernis
2108,74,Kortrijk teller 1,Kortrijk,50.81909,3.25728,0.9245848369115991,50.825524972906166,3.265615788980852,2017,5,17,34022,Kortrijk,Normaal,Droog,Dag,met zwaargewonden,9,personenauto,3,Fiets,Op Kruispunt,Gemeenteweg,binnen bebouwde kom,Tss. 2 best.: langs opzij (voor-/achterkant-flank),Geen hindernis
2108,16,Kortrijk 1,Kortrijk,50.83332,3.27777,1.216548038558538,50.825524972906166,3.265615788980852,2017,5,17,34022,Kortrijk,Normaal,Droog,Dag,met zwaargewonden,9,personenauto,3,Fiets,Op Kruispunt,Gemeenteweg,binnen bebouwde kom,Tss. 2 best.: langs opzij (voor-/achterkant-flank),Geen hindernis
2108,17,Kortrijk 2,Kortrijk,50.83339,3.27773,1.2201448104277743,50.825524972906166,3.265615788980852,2017,5,17,34022,Kortrijk,Normaal,Droog,Dag,met zwaargewonden,9,personenauto,3,Fiets,Op Kruispunt,Gemeenteweg,binnen bebouwde kom,Tss. 2 best.: langs opzij (voor-/achterkant-flank),Geen hindernis
2111,17,Kortrijk 2,Kortrijk,50.83339,3.27773,2.3987441374949996,50.8492181758671,3.3009414806371615,2017,5,1,34013,Harelbeke,Normaal,Droog,"Nacht, openbare verlichting aanwezig en ontstoken",met lichtgewonden,3,Fiets,9,personenauto,Buiten Kruispunt,Gewestweg,binnen bebouwde kom,Tussen 2 bestuurders: Langs achteren,Geen hindernis
2111,16,Kortrijk 1,Kortrijk,50.83332,3.27777,2.402558904486927,50.8492181758671,3.3009414806371615,2017,5,1,34013,Harelbeke,Normaal,Droog,"Nacht, openbare verlichting aanwezig en ontstoken",met lichtgewonden,3,Fiets,9,personenauto,Buiten Kruispunt,Gewestweg,binnen bebouwde kom,Tussen 2 bestuurders: Langs achteren,Geen hindernis
2112,16,Kortrijk 1,Kortrijk,50.83332,3.27777,1.935101207874634,50.83242415910561,3.305287629019113,2017,5,7,34013,Harelbeke,Normaal,Droog,Dag,met lichtgewonden,9,personenauto,3,Fiets,Op Kruispunt,Gemeenteweg,binnen bebouwde kom,Tussen 2 bestuurders: Frontale botsing,Geen hindernis
2112,17,Kortrijk 2,Kortrijk,50.83339,3.27773,1.9383208845201008,50.83242415910561,3.305287629019113,2017,5,7,34013,Harelbeke,Normaal,Droog,Dag,met lichtgewonden,9,personenauto,3,Fiets,Op Kruispunt,Gemeenteweg,binnen bebouwde kom,Tussen 2 bestuurders: Frontale botsing,Geen hindernis
2113,17,Kortrijk 2,Kortrijk,50.83339,3.27773,2.432114915900751,50.84626381055915,3.3057313031027293,2017,5,15,34013,Harelbeke,Normaal,Droog,Dag,met lichtgewonden,9,personenauto,3,Fiets,Op Kruispunt,Gemeenteweg,binnen bebouwde kom,Tss. 2 best.: langs opzij (voor-/achterkant-flank),Geen hindernis
2113,16,Kortrijk 1,Kortrijk,50.83332,3.27777,2.434439705424078,50.84626381055915,3.3057313031027293,2017,5,15,34013,Harelbeke,Normaal,Droog,Dag,met lichtgewonden,9,personenauto,3,Fiets,Op Kruispunt,Gemeenteweg,binnen bebouwde kom,Tss. 2 best.: langs opzij (voor-/achterkant-flank),Geen hindernis
2116,67,Ieper totem,Ieper,50.85018,2.85624,1.1999952962939553,50.851898749951175,2.8731153630585364,2017,5,16,33011,Ieper,Normaal,Droog,Dag,met lichtgewonden,6,Bromfiets,3,Fiets,Buiten Kruispunt,Gewestweg,binnen bebouwde kom,Tussen 2 bestuurders: Frontale botsing,Geen hindernis
2116,68,Ieper,Ieper,50.85032,2.85608,1.208724884972487,50.851898749951175,2.8731153630585364,2017,5,16,33011,Ieper,Normaal,Droog,Dag,met lichtgewonden,6,Bromfiets,3,Fiets,Buiten Kruispunt,Gewestweg,binnen bebouwde kom,Tussen 2 bestuurders: Frontale botsing,Geen hindernis
2118,67,Ieper totem,Ieper,50.85018,2.85624,1.899810784708071,50.85498119643696,2.8822125615756398,2017,5,19,33011,Ieper,Normaal,Droog,Dag,met lichtgewonden,9,personenauto,3,Fiets,Op Kruispunt,Gemeenteweg,binnen bebouwde kom,Tss. 2 best.: langs opzij (voor-/achterkant-flank),Geen hindernis
2118,68,Ieper,Ieper,50.85032,2.85608,1.9062987416397448,50.85498119643696,2.8822125615756398,2017,5,19,33011,Ieper,Normaal,Droog,Dag,met lichtgewonden,9,personenauto,3,Fiets,Op Kruispunt,Gemeenteweg,binnen bebouwde kom,Tss. 2 best.: langs opzij (voor-/achterkant-flank),Geen hindernis
2120,67,Ieper totem,Ieper,50.85018,2.85624,1.4285677382007658,50.85127841082849,2.8765148403735217,2017,5,16,33011,Ieper,"Andere (dikke rook,...)",Droog,Dag,met lichtgewonden,3,Fiets,11,een weggebruiker tegen een hindernis,Op Kruispunt,Gewestweg,binnen bebouwde kom,Weggebruiker tegen hindernis buiten rijbaan,Andere hindernis
2120,68,Ieper,Ieper,50.85032,2.85608,1.4385201484480874,50.85127841082849,2.8765148403735217,2017,5,16,33011,Ieper,"Andere (dikke rook,...)",Droog,Dag,met lichtgewonden,3,Fiets,11,een weggebruiker tegen een hindernis,Op Kruispunt,Gewestweg,binnen bebouwde kom,Weggebruiker tegen hindernis buiten rijbaan,Andere hindernis
2127,62,Wervik teller 1,Wervik,50.8058,3.09154,1.346284270489456,50.81284313237842,3.0759552600969524,2017,5,8,33029,Wervik,Normaal,Droog,Dag,met lichtgewonden,9,personenauto,3,Fiets,Op Kruispunt,Gemeenteweg,binnen bebouwde kom,Tss. 2 best.: langs opzij (voor-/achterkant-flank),Geen hindernis
2127,61,Wervik teller 2,Wervik,50.80555,3.0921,1.3944631465138615,50.81284313237842,3.0759552600969524,2017,5,8,33029,Wervik,Normaal,Droog,Dag,met lichtgewonden,9,personenauto,3,Fiets,Op Kruispunt,Gemeenteweg,binnen bebouwde kom,Tss. 2 best.: langs opzij (voor-/achterkant-flank),Geen hindernis
2131,41,Maasmechelen teller 1,Maasmechelen,50.97025,5.69799,2.057702358066731,50.974857660452315,5.669527615737051,2017,5,14,73107,Maasmechelen,Normaal,Droog,Dag,met lichtgewonden,9,personenauto,3,Fiets,Buiten Kruispunt,Gewestweg,buiten bebouwde kom,Tss. 2 best.: langs opzij (voor-/achterkant-flank),Geen hindernis
2131,42,Maasmechelen teller 2,Maasmechelen,50.97043,5.6981,2.060284637192729,50.974857660452315,5.669527615737051,2017,5,14,73107,Maasmechelen,Normaal,Droog,Dag,met lichtgewonden,9,personenauto,3,Fiets,Buiten Kruispunt,Gewestweg,buiten bebouwde kom,Tss. 2 best.: langs opzij (voor-/achterkant-flank),Geen hindernis
2132,136,Gent R4,Gent,51.0876313,3.7587918,2.391486352067382,51.10820117810733,3.7487917426422905,2017,5,7,44021,Gent,Normaal,Droog,Dag,met lichtgewonden,5,Lichte vrachtauto,3,Fiets,Op Kruispunt,Gemeenteweg,buiten bebouwde kom,Tussen 2 bestuurders: Langs achteren,Geen hindernis
2133,124,Beveren teller 2,Beveren,51.1964712,4.2361077,2.3021368553328396,51.18254901677571,4.260557125784037,2017,5,8,46003,Beveren,Normaal,Droog,Dag,met lichtgewonden,3,Fiets,9,personenauto,Op Kruispunt,Gemeenteweg,buiten bebouwde kom,Tss. 2 best.: langs opzij (voor-/achterkant-flank),Geen hindernis
2136,124,Beveren teller 2,Beveren,51.1964712,4.2361077,1.9443285407602717,51.21101832708342,4.251592782699965,2017,5,15,46003,Beveren,Normaal,Droog,Dag,met zwaargewonden,9,personenauto,3,Fiets,Buiten Kruispunt,Gewestweg,binnen bebouwde kom,Tss. 2 best.: langs opzij (voor-/achterkant-flank),Geen hindernis
2138,124,Beveren teller 2,Beveren,51.1964712,4.2361077,2.44150322001072,51.21746831117226,4.246356609606777,2017,5,7,46003,Beveren,Normaal,Droog,Dag,met lichtgewonden,9,personenauto,3,Fiets,Buiten Kruispunt,Gemeenteweg,binnen bebouwde kom,Tussen 2 bestuurders: Langs achteren,Geen hindernis
2140,99,Mechelen teller 1,Mechelen,51.04564,4.46882,1.4559676457063924,51.03281247934593,4.4729984862398915,2017,5,15,12025,Mechelen,Normaal,Droog,Dag,met lichtgewonden,9,personenauto,3,Fiets,Op Kruispunt,Gewestweg,binnen bebouwde kom,Tss. 2 best.: langs opzij (voor-/achterkant-flank),Geen hindernis
2140,100,Mechelen teller 2,Mechelen,51.0457,4.46883,1.462364714384819,51.03281247934593,4.4729984862398915,2017,5,15,12025,Mechelen,Normaal,Droog,Dag,met lichtgewonden,9,personenauto,3,Fiets,Op Kruispunt,Gewestweg,binnen bebouwde kom,Tss. 2 best.: langs opzij (voor-/achterkant-flank),Geen hindernis
2141,99,Mechelen teller 1,Mechelen,51.04564,4.46882,0.26074081098261387,51.043745950306445,4.471018828520913,2017,5,8,12025,Mechelen,Normaal,Droog,Dag,met lichtgewonden,3,Fiets,9,personenauto,Buiten Kruispunt,Gemeenteweg,binnen bebouwde kom,Tss. 2 best.: langs opzij (voor-/achterkant-flank),Geen hindernis
2141,100,Mechelen teller 2,Mechelen,51.0457,4.46883,0.2657556108212765,51.043745950306445,4.471018828520913,2017,5,8,12025,Mechelen,Normaal,Droog,Dag,met lichtgewonden,3,Fiets,9,personenauto,Buiten Kruispunt,Gemeenteweg,binnen bebouwde kom,Tss. 2 best.: langs opzij (voor-/achterkant-flank),Geen hindernis
2142,99,Mechelen teller 1,Mechelen,51.04564,4.46882,1.3309327280126957,51.0339382214727,4.472822608199765,2017,5,17,12025,Mechelen,Regenval,"Nat, plassen",Dag,met lichtgewonden,3,Fiets,3,Fiets,Op Kruispunt,Gewestweg,buiten bebouwde kom,Tussen 2 bestuurders: Langs achteren,Geen hindernis
2142,100,Mechelen teller 2,Mechelen,51.0457,4.46883,1.3373098482192671,51.0339382214727,4.472822608199765,2017,5,17,12025,Mechelen,Regenval,"Nat, plassen",Dag,met lichtgewonden,3,Fiets,3,Fiets,Op Kruispunt,Gewestweg,buiten bebouwde kom,Tussen 2 bestuurders: Langs achteren,Geen hindernis
2145,109,Zemst,Zemst,50.9903936,4.4707023,0.6875391745921813,50.99615073154631,4.474285796308687,2017,5,10,12025,Mechelen,Normaal,Droog,Dag,met lichtgewonden,3,Fiets,3,Fiets,Buiten Kruispunt,Gewestweg,binnen bebouwde kom,Tussen 2 bestuurders: Langs achteren,Geen hindernis
2146,99,Mechelen teller 1,Mechelen,51.04564,4.46882,1.7307499568315385,51.033109551008415,4.483504626027425,2017,5,16,12025,Mechelen,Normaal,Droog,Dag,met lichtgewonden,9,personenauto,3,Fiets,Op Kruispunt,Gewestweg,buiten bebouwde kom,Tss. 2 best.: langs opzij (voor-/achterkant-flank),Geen hindernis
2146,100,Mechelen teller 2,Mechelen,51.0457,4.46883,1.7357116633862286,51.033109551008415,4.483504626027425,2017,5,16,12025,Mechelen,Normaal,Droog,Dag,met lichtgewonden,9,personenauto,3,Fiets,Op Kruispunt,Gewestweg,buiten bebouwde kom,Tss. 2 best.: langs opzij (voor-/achterkant-flank),Geen hindernis
2147,99,Mechelen teller 1,Mechelen,51.04564,4.46882,2.312846399122262,51.029118598430436,4.488915737586315,2017,5,14,12025,Mechelen,Normaal,Droog,Dag,met lichtgewonden,9,personenauto,3,Fiets,Op Kruispunt,Gewestweg,binnen bebouwde kom,Tussen 2 bestuurders: Frontale botsing,Geen hindernis
2147,100,Mechelen teller 2,Mechelen,51.0457,4.46883,2.3177249776665727,51.029118598430436,4.488915737586315,2017,5,14,12025,Mechelen,Normaal,Droog,Dag,met lichtgewonden,9,personenauto,3,Fiets,Op Kruispunt,Gewestweg,binnen bebouwde kom,Tussen 2 bestuurders: Frontale botsing,Geen hindernis
2149,140,Hasselt ring,Hasselt,50.9300038,5.3438616,1.930695807833927,50.92431712581373,5.317833804337432,2017,5,16,71022,Hasselt,"Andere (dikke rook,...)",Droog,Dag,met zwaargewonden,3,Fiets,3,Fiets,Op Kruispunt,Gewestweg,buiten bebouwde kom,Tussen 2 bestuurders: Frontale botsing,Geen hindernis
2149,138,Hasselt-Kempische brug,Hasselt,50.9405318,5.3422472,2.485526799086881,50.92431712581373,5.317833804337432,2017,5,16,71022,Hasselt,"Andere (dikke rook,...)",Droog,Dag,met zwaargewonden,3,Fiets,3,Fiets,Op Kruispunt,Gewestweg,buiten bebouwde kom,Tussen 2 bestuurders: Frontale botsing,Geen hindernis
2152,140,Hasselt ring,Hasselt,50.9300038,5.3438616,1.0687177067595353,50.921499980234636,5.336755949496407,2017,5,8,71022,Hasselt,Normaal,Droog,Dag,met lichtgewonden,3,Fiets,3,Fiets,Op Kruispunt,Gemeenteweg,binnen bebouwde kom,Tussen 2 bestuurders: Frontale botsing,Geen hindernis
2152,138,Hasselt-Kempische brug,Hasselt,50.9405318,5.3422472,2.1509477538858888,50.921499980234636,5.336755949496407,2017,5,8,71022,Hasselt,Normaal,Droog,Dag,met lichtgewonden,3,Fiets,3,Fiets,Op Kruispunt,Gemeenteweg,binnen bebouwde kom,Tussen 2 bestuurders: Frontale botsing,Geen hindernis
2152,137,Hasselt-Kempische brug,Hasselt,50.9411605,5.3417576,2.214072248894355,50.921499980234636,5.336755949496407,2017,5,8,71022,Hasselt,Normaal,Droog,Dag,met lichtgewonden,3,Fiets,3,Fiets,Op Kruispunt,Gemeenteweg,binnen bebouwde kom,Tussen 2 bestuurders: Frontale botsing,Geen hindernis
2155,137,Hasselt-Kempische brug,Hasselt,50.9411605,5.3417576,1.917391921461512,50.937086465492335,5.3151679829983705,2017,5,11,71022,Hasselt,Normaal,Droog,Dag,met lichtgewonden,9,personenauto,3,Fiets,Op Kruispunt,Gewestweg,buiten bebouwde kom,Tss. 2 best.: langs opzij (voor-/achterkant-flank),Geen hindernis
2155,138,Hasselt-Kempische brug,Hasselt,50.9405318,5.3422472,1.935716080621321,50.937086465492335,5.3151679829983705,2017,5,11,71022,Hasselt,Normaal,Droog,Dag,met lichtgewonden,9,personenauto,3,Fiets,Op Kruispunt,Gewestweg,buiten bebouwde kom,Tss. 2 best.: langs opzij (voor-/achterkant-flank),Geen hindernis
2155,140,Hasselt ring,Hasselt,50.9300038,5.3438616,2.1595044276272537,50.937086465492335,5.3151679829983705,2017,5,11,71022,Hasselt,Normaal,Droog,Dag,met lichtgewonden,9,personenauto,3,Fiets,Op Kruispunt,Gewestweg,buiten bebouwde kom,Tss. 2 best.: langs opzij (voor-/achterkant-flank),Geen hindernis
2162,26,Zaventem,Zaventem,50.86995,4.45444,2.4521694174961133,50.84855452261527,4.46290680591928,2017,6,17,23099,Kraainem,Onbekend,Onbekend,Onbekend,met lichtgewonden,9,personenauto,3,Fiets,Op Kruispunt,Gewestweg,onbekend,Tss. 2 best.: langs opzij (voor-/achterkant-flank),Geen hindernis
2193,2,Brasschaat 2,Brasschaat,51.27512,4.47169,1.3224971646918005,51.27623071581542,4.452760941973946,2017,6,11,11002,Antwerpen,Normaal,Droog,Dag,met lichtgewonden,9,personenauto,3,Fiets,Buiten Kruispunt,Gemeenteweg,binnen bebouwde kom,Tss. 2 best.: langs opzij (voor-/achterkant-flank),Geen hindernis
2193,3,Brasschaat 1,Brasschaat,51.27503,4.47222,1.3601547281980024,51.27623071581542,4.452760941973946,2017,6,11,11002,Antwerpen,Normaal,Droog,Dag,met lichtgewonden,9,personenauto,3,Fiets,Buiten Kruispunt,Gemeenteweg,binnen bebouwde kom,Tss. 2 best.: langs opzij (voor-/achterkant-flank),Geen hindernis
2225,2,Brasschaat 2,Brasschaat,51.27512,4.47169,1.5660757486046866,51.26970178891465,4.450910333744204,2017,6,18,11002,Antwerpen,Normaal,Droog,Dag,met lichtgewonden,3,Fiets,9,personenauto,Op Kruispunt,Gemeenteweg,binnen bebouwde kom,Tss. 2 best.: langs opzij (voor-/achterkant-flank),Geen hindernis
2225,3,Brasschaat 1,Brasschaat,51.27503,4.47222,1.5964312052336453,51.26970178891465,4.450910333744204,2017,6,18,11002,Antwerpen,Normaal,Droog,Dag,met lichtgewonden,3,Fiets,9,personenauto,Op Kruispunt,Gemeenteweg,binnen bebouwde kom,Tss. 2 best.: langs opzij (voor-/achterkant-flank),Geen hindernis
2242,2,Brasschaat 2,Brasschaat,51.27512,4.47169,2.382170221953856,51.25506850643471,4.459634878434711,2017,5,7,11002,Antwerpen,Onbekend,Onbekend,Onbekend,met lichtgewonden,3,Fiets,8,Voetganger,Buiten Kruispunt,Gewestweg,onbekend,Met een voetganger,Geen hindernis
2242,3,Brasschaat 1,Brasschaat,51.27503,4.47222,2.3860908529848603,51.25506850643471,4.459634878434711,2017,5,7,11002,Antwerpen,Onbekend,Onbekend,Onbekend,met lichtgewonden,3,Fiets,8,Voetganger,Buiten Kruispunt,Gewestweg,onbekend,Met een voetganger,Geen hindernis
2250,2,Brasschaat 2,Brasschaat,51.27512,4.47169,1.8417107236697388,51.28441626436749,4.449775372891549,2017,6,23,11002,Antwerpen,Normaal,Droog,"Nacht, openbare verlichting aanwezig en ontstoken",met lichtgewonden,3,Fiets,9,personenauto,Op Kruispunt,Gewestweg,buiten bebouwde kom,Tussen 2 bestuurders: Frontale botsing,Geen hindernis
2250,3,Brasschaat 1,Brasschaat,51.27503,4.47222,1.8778796547426333,51.28441626436749,4.449775372891549,2017,6,23,11002,Antwerpen,Normaal,Droog,"Nacht, openbare verlichting aanwezig en ontstoken",met lichtgewonden,3,Fiets,9,personenauto,Op Kruispunt,Gewestweg,buiten bebouwde kom,Tussen 2 bestuurders: Frontale botsing,Geen hindernis
2285,2,Brasschaat 2,Brasschaat,51.27512,4.47169,1.0653680602170659,51.28354448974762,4.4643945823499305,2017,6,5,11008,Brasschaat,Normaal,Droog,Dag,met lichtgewonden,3,Fiets,11,een weggebruiker tegen een hindernis,Buiten Kruispunt,Gemeenteweg,binnen bebouwde kom,Weggebruiker tegen hindernis buiten rijbaan,Buiten de rijbaan: Andere paal
2285,3,Brasschaat 1,Brasschaat,51.27503,4.47222,1.0920761977838316,51.28354448974762,4.4643945823499305,2017,6,5,11008,Brasschaat,Normaal,Droog,Dag,met lichtgewonden,3,Fiets,11,een weggebruiker tegen een hindernis,Buiten Kruispunt,Gemeenteweg,binnen bebouwde kom,Weggebruiker tegen hindernis buiten rijbaan,Buiten de rijbaan: Andere paal
2288,2,Brasschaat 2,Brasschaat,51.27512,4.47169,1.3001496797618264,51.28250797363488,4.457201949106916,2017,6,10,11008,Brasschaat,Normaal,Droog,Dag,met lichtgewonden,9,personenauto,3,Fiets,Op Kruispunt,Gemeenteweg,binnen bebouwde kom,Tss. 2 best.: langs opzij (voor-/achterkant-flank),Geen hindernis
2288,3,Brasschaat 1,Brasschaat,51.27503,4.47222,1.335137484495759,51.28250797363488,4.457201949106916,2017,6,10,11008,Brasschaat,Normaal,Droog,Dag,met lichtgewonden,9,personenauto,3,Fiets,Op Kruispunt,Gemeenteweg,binnen bebouwde kom,Tss. 2 best.: langs opzij (voor-/achterkant-flank),Geen hindernis
2289,3,Brasschaat 1,Brasschaat,51.27503,4.47222,1.814579385942603,51.28818622166911,4.487655940969811,2017,6,8,11008,Brasschaat,Normaal,Droog,Dag,met lichtgewonden,5,Lichte vrachtauto,3,Fiets,Op Kruispunt,Gewestweg,binnen bebouwde kom,Tss. 2 best.: langs opzij (voor-/achterkant-flank),Geen hindernis
2289,2,Brasschaat 2,Brasschaat,51.27512,4.47169,1.8286676321452828,51.28818622166911,4.487655940969811,2017,6,8,11008,Brasschaat,Normaal,Droog,Dag,met lichtgewonden,5,Lichte vrachtauto,3,Fiets,Op Kruispunt,Gewestweg,binnen bebouwde kom,Tss. 2 best.: langs opzij (voor-/achterkant-flank),Geen hindernis
2290,2,Brasschaat 2,Brasschaat,51.27512,4.47169,0.2513456970542899,51.27319198308799,4.4698039389246516,2017,6,0,11008,Brasschaat,Normaal,Droog,"Nacht, geen openbare verlichting aanwezig",met lichtgewonden,3,Fiets,11,een weggebruiker tegen een hindernis,Buiten Kruispunt,Gewestweg,buiten bebouwde kom,Weggebruiker tegen hindernis op de rijbaan,Op de rijbaan: Container
2290,3,Brasschaat 1,Brasschaat,51.27503,4.47222,0.264608105046415,51.27319198308799,4.4698039389246516,2017,6,0,11008,Brasschaat,Normaal,Droog,"Nacht, geen openbare verlichting aanwezig",met lichtgewonden,3,Fiets,11,een weggebruiker tegen een hindernis,Buiten Kruispunt,Gewestweg,buiten bebouwde kom,Weggebruiker tegen hindernis op de rijbaan,Op de rijbaan: Container
2294,2,Brasschaat 2,Brasschaat,51.27512,4.47169,1.4271215731440643,51.2630291585191,4.464809182435176,2017,6,18,11040,Schoten,Normaal,Droog,Dag,met lichtgewonden,9,personenauto,3,Fiets,Buiten Kruispunt,Gewestweg,buiten bebouwde kom,Tss. 2 best.: langs opzij (voor-/achterkant-flank),Geen hindernis
2294,3,Brasschaat 1,Brasschaat,51.27503,4.47222,1.4305694777490177,51.2630291585191,4.464809182435176,2017,6,18,11040,Schoten,Normaal,Droog,Dag,met lichtgewonden,9,personenauto,3,Fiets,Buiten Kruispunt,Gewestweg,buiten bebouwde kom,Tss. 2 best.: langs opzij (voor-/achterkant-flank),Geen hindernis
2314,8,Heist op den Berg 1,Heist-op-den-Berg,51.06759,4.68823,2.431046843098505,51.06102252116723,4.655047927355564,2017,6,19,12029,Putte,Normaal,Droog,Dag,met lichtgewonden,3,Fiets,9,personenauto,Op Kruispunt,Gewestweg,buiten bebouwde kom,Tss. 2 best.: langs opzij (voor-/achterkant-flank),Geen hindernis