crash_row_id,site_id,site_name,site_gemeente,site_lat,site_long,distance_km,crash_lat,crash_long,DT_YEAR_COLLISION,DT_MONTH_COLLISION,DT_TIME,CD_NIS,TX_MUNTY_COLLISION_NL,TX_WEATHER_NL,TX_ROAD_CONDITION_NL,TX_LIGHT_CONDITION_NL,TX_CLASS_ACCIDENTS_NL,CD_ROAD_USR_TYPE1,TX_ROAD_USR_TYPE1_NL,CD_ROAD_USR_TYPE2,TX_ROAD_USR_TYPE2_NL,TX_CROSSWAY_NL,CD_ROAD_TYPE_NL,TX_BUILD_UP_AREA_NL,TX_COLLISION_TYPE_NL,TX_OBSTACLES_NL
2316,96,Lier teller 2,Lier,51.11705,4.58444,2.3095657655626307,51.13251679546374,4.562351673813183,2017,6,19,12021,Lier,Normaal,Droog,Dag,met lichtgewonden,3,Fiets,9,personenauto,Op Kruispunt,Gemeenteweg,binnen bebouwde kom,Tss. 2 best.: langs opzij (voor-/achterkant-flank),Geen hindernis
2316,95,Lier teller 1,Lier,51.11687,4.58437,2.3212736658518565,51.13251679546374,4.562351673813183,2017,6,19,12021,Lier,Normaal,Droog,Dag,met lichtgewonden,3,Fiets,9,personenauto,Op Kruispunt,Gemeenteweg,binnen bebouwde kom,Tss. 2 best.: langs opzij (voor-/achterkant-flank),Geen hindernis
2317,95,Lier teller 1,Lier,51.11687,4.58437,0.10165803320881307,51.116270385745324,4.585469397255261,2017,6,17,12021,Lier,Normaal,Droog,Dag,met lichtgewonden,9,personenauto,3,Fiets,Buiten Kruispunt,Gewestweg,buiten bebouwde kom,Tss. 2 best.: langs opzij (voor-/achterkant-flank),Geen hindernis
2317,96,Lier teller 2,Lier,51.11705,4.58444,0.11259607909317647,51.116270385745324,4.585469397255261,2017,6,17,12021,Lier,Normaal,Droog,Dag,met lichtgewonden,9,personenauto,3,Fiets,Buiten Kruispunt,Gewestweg,buiten bebouwde kom,Tss. 2 best.: langs opzij (voor-/achterkant-flank),Geen hindernis
2318,96,Lier teller 2,Lier,51.11705,4.58444,2.1464689851681107,51.13082839547829,4.56289911018505,2017,6,9,12021,Lier,Normaal,"Nat, plassen",Dag,met lichtgewonden,9,personenauto,3,Fiets,Op Kruispunt,Gewestweg,binnen bebouwde kom,Tss. 2 best.: langs opzij (voor-/achterkant-flank),Geen hindernis
2318,95,Lier teller 1,Lier,51.11687,4.58437,2.1574066554497637,51.13082839547829,4.56289911018505,2017,6,9,12021,Lier,Normaal,"Nat, plassen",Dag,met lichtgewonden,9,personenauto,3,Fiets,Op Kruispunt,Gewestweg,binnen bebouwde kom,Tss. 2 best.: langs opzij (voor-/achterkant-flank),Geen hindernis
2319,92,Nijlen teller 1,Nijlen,51.14989,4.64479,2.283413755605742,51.16127021863511,4.672043266315613,2017,6,7,12026,Nijlen,Normaal,Droog,Dag,met lichtgewonden,4,Vrachtwagen,3,Fiets,Buiten Kruispunt,Gewestweg,binnen bebouwde kom,Tss. 2 best.: langs opzij (voor-/achterkant-flank),Geen hindernis
2319,93,Nijlen teller 2,Nijlen,51.14998,4.64469,2.283704110485288,51.16127021863511,4.672043266315613,2017,6,7,12026,Nijlen,Normaal,Droog,Dag,met lichtgewonden,4,Vrachtwagen,3,Fiets,Buiten Kruispunt,Gewestweg,binnen bebouwde kom,Tss. 2 best.: langs opzij (voor-/achterkant-flank),Geen hindernis
2320,93,Nijlen teller 2,Nijlen,51.14998,4.64469,1.0430420082704965,51.14739761623298,4.6303143993181175,2017,6,11,12026,Nijlen,Normaal,Droog,Dag,met lichtgewonden,3,Fiets,11,een weggebruiker tegen een hindernis,Op Kruispunt,Gemeenteweg,buiten bebouwde kom,Weggebruiker tegen hindernis buiten rijbaan,Buiten de rijbaan: Gracht
2320,92,Nijlen teller 1,Nijlen,51.14989,4.64479,1.0470572441662347,51.14739761623298,4.6303143993181175,2017,6,11,12026,Nijlen,Normaal,Droog,Dag,met lichtgewonden,3,Fiets,11,een weggebruiker tegen een hindernis,Op Kruispunt,Gemeenteweg,buiten bebouwde kom,Weggebruiker tegen hindernis buiten rijbaan,Buiten de rijbaan: Gracht
2321,93,Nijlen teller 2,Nijlen,51.14998,4.64469,1.8643664964484892,51.14047799471858,4.622670002570557,2017,6,10,12026,Nijlen,Normaal,Droog,Dag,met lichtgewonden,9,personenauto,3,Fiets,Buiten Kruispunt,Gemeenteweg,binnen bebouwde kom,Tussen 2 bestuurders: Langs achteren,Geen hindernis
2321,92,Nijlen teller 1,Nijlen,51.14989,4.64479,1.8644835970177176,51.14047799471858,4.622670002570557,2017,6,10,12026,Nijlen,Normaal,Droog,Dag,met lichtgewonden,9,personenauto,3,Fiets,Buiten Kruispunt,Gemeenteweg,binnen bebouwde kom,Tussen 2 bestuurders: Langs achteren,Geen hindernis
2322,92,Nijlen teller 1,Nijlen,51.14989,4.64479,2.1361355272368465,51.159249496353816,4.671537372719179,2017,6,18,12026,Nijlen,Normaal,Droog,Dag,met zwaargewonden,9,personenauto,3,Fiets,Buiten Kruispunt,Gemeenteweg,binnen bebouwde kom,Tussen 2 bestuurders: Langs achteren,Geen hindernis
2322,93,Nijlen teller 2,Nijlen,51.14998,4.64469,2.1373833573208847,51.159249496353816,4.671537372719179,2017,6,18,12026,Nijlen,Normaal,Droog,Dag,met zwaargewonden,9,personenauto,3,Fiets,Buiten Kruispunt,Gemeenteweg,binnen bebouwde kom,Tussen 2 bestuurders: Langs achteren,Geen hindernis
2324,93,Nijlen teller 2,Nijlen,51.14998,4.64469,1.694135987739947,51.1415961155052,4.624411463506289,2017,6,7,12026,Nijlen,Normaal,Droog,Dag,met lichtgewonden,4,Vrachtwagen,3,Fiets,Op Kruispunt,Gemeenteweg,binnen bebouwde kom,Tss. 2 best.: langs opzij (voor-/achterkant-flank),Geen hindernis
2324,92,Nijlen teller 1,Nijlen,51.14989,4.64479,1.6944986946524998,51.1415961155052,4.624411463506289,2017,6,7,12026,Nijlen,Normaal,Droog,Dag,met lichtgewonden,4,Vrachtwagen,3,Fiets,Op Kruispunt,Gemeenteweg,binnen bebouwde kom,Tss. 2 best.: langs opzij (voor-/achterkant-flank),Geen hindernis
2326,9,Heist op den Berg 2,Heist-op-den-Berg,51.06904,4.69524,0.06452259779731256,51.06913315192366,4.696151450496053,2017,6,20,12014,Heist-op-den-Berg,Normaal,Droog,Dag,met lichtgewonden,9,personenauto,3,Fiets,Op Kruispunt,Gewestweg,buiten bebouwde kom,Tussen 2 bestuurders: Frontale botsing,Geen hindernis
2326,8,Heist op den Berg 1,Heist-op-den-Berg,51.06759,4.68823,0.5794912524970697,51.06913315192366,4.696151450496053,2017,6,20,12014,Heist-op-den-Berg,Normaal,Droog,Dag,met lichtgewonden,9,personenauto,3,Fiets,Op Kruispunt,Gewestweg,buiten bebouwde kom,Tussen 2 bestuurders: Frontale botsing,Geen hindernis
2333,133,Gierde Lille Totem,Lille,51.2453915,4.8297416,1.8800276318872264,51.22883391320482,4.8352071000374925,2017,6,16,13019,Lille,Normaal,Droog,Dag,met lichtgewonden,6,Bromfiets,3,Fiets,Buiten Kruispunt,Gewestweg,binnen bebouwde kom,Tussen 2 bestuurders: Frontale botsing,Geen hindernis
2333,132,Gierde lille,Lille,51.245445,4.8298851,1.883863481509485,51.22883391320482,4.8352071000374925,2017,6,16,13019,Lille,Normaal,Droog,Dag,met lichtgewonden,6,Bromfiets,3,Fiets,Buiten Kruispunt,Gewestweg,binnen bebouwde kom,Tussen 2 bestuurders: Frontale botsing,Geen hindernis
2340,88,Westerlo teller 1,Westerlo,51.082,4.91325,2.4946346266060013,51.10314404693366,4.901308646507223,2017,6,17,13049,Westerlo,Normaal,Droog,Dag,met lichtgewonden,3,Fiets,9,personenauto,Op Kruispunt,Gemeenteweg,buiten bebouwde kom,Tss. 2 best.: langs opzij (voor-/achterkant-flank),Geen hindernis
2343,88,Westerlo teller 1,Westerlo,51.082,4.91325,2.187504275462853,51.08535787648872,4.882392822570736,2017,6,10,13049,Westerlo,Normaal,Droog,Dag,met lichtgewonden,9,personenauto,3,Fiets,Op Kruispunt,Gemeenteweg,binnen bebouwde kom,Tss. 2 best.: langs opzij (voor-/achterkant-flank),Geen hindernis
2343,89,Westerlo teller 2,Westerlo,51.08191,4.91334,2.1954264238678336,51.08535787648872,4.882392822570736,2017,6,10,13049,Westerlo,Normaal,Droog,Dag,met lichtgewonden,9,personenauto,3,Fiets,Op Kruispunt,Gemeenteweg,binnen bebouwde kom,Tss. 2 best.: langs opzij (voor-/achterkant-flank),Geen hindernis
2347,98,Geel teller 2,Geel,51.1481,4.99643,2.4344216427990464,51.16630965110416,4.97705106885254,2017,6,18,13008,Geel,Normaal,Droog,Dag,met lichtgewonden,3,Fiets,10,"één bestuurder, geen hindernis",Buiten Kruispunt,Gemeenteweg,binnen bebouwde kom,"Eén bestuurder, geen hindernis (incl. val)",Geen hindernis
2347,97,Geel teller 1,Geel,51.14813,4.99698,2.453173135707096,51.16630965110416,4.97705106885254,2017,6,18,13008,Geel,Normaal,Droog,Dag,met lichtgewonden,3,Fiets,10,"één bestuurder, geen hindernis",Buiten Kruispunt,Gemeenteweg,binnen bebouwde kom,"Eén bestuurder, geen hindernis (incl. val)",Geen hindernis
2354,94,Herentals teller 2,Herentals,51.17345,4.81283,2.1974131102495837,51.18823606378079,4.833745403765112,2017,6,17,13011,Herentals,Normaal,Droog+Proper,Dag,met lichtgewonden,9,personenauto,3,Fiets,Op Kruispunt,Gemeenteweg,buiten bebouwde kom,Tss. 2 best.: langs opzij (voor-/achterkant-flank),Geen hindernis
2354,110,Herentals totem,Herentals,51.1739426,4.811783,2.2067184331654763,51.18823606378079,4.833745403765112,2017,6,17,13011,Herentals,Normaal,Droog+Proper,Dag,met lichtgewonden,9,personenauto,3,Fiets,Op Kruispunt,Gemeenteweg,buiten bebouwde kom,Tss. 2 best.: langs opzij (voor-/achterkant-flank),Geen hindernis
2355,94,Herentals teller 2,Herentals,51.17345,4.81283,1.6673488517145756,51.158533024307296,4.8152635760018825,2017,6,16,13011,Herentals,Normaal,Droog+Proper,Dag,met lichtgewonden,9,personenauto,3,Fiets,Op Kruispunt,Gemeenteweg,buiten bebouwde kom,Tss. 2 best.: langs opzij (voor-/achterkant-flank),Geen hindernis
2355,110,Herentals totem,Herentals,51.1739426,4.811783,1.7305678528943147,51.158533024307296,4.8152635760018825,2017,6,16,13011,Herentals,Normaal,Droog+Proper,Dag,met lichtgewonden,9,personenauto,3,Fiets,Op Kruispunt,Gemeenteweg,buiten bebouwde kom,Tss. 2 best.: langs opzij (voor-/achterkant-flank),Geen hindernis
2357,46,Pelt teller 2,Pelt,51.231,5.44375,2.3053580360416066,51.21484813579919,5.42299553071695,2017,6,10,72043,Pelt,Normaal,Droog,Dag,met lichtgewonden,3,Fiets,9,personenauto,Op Kruispunt,Gewestweg,binnen bebouwde kom,Tss. 2 best.: langs opzij (voor-/achterkant-flank),Geen hindernis
2357,45,Pelt teller 1,Pelt,51.23127,5.44377,2.329685493847538,51.21484813579919,5.42299553071695,2017,6,10,72043,Pelt,Normaal,Droog,Dag,met lichtgewonden,3,Fiets,9,personenauto,Op Kruispunt,Gewestweg,binnen bebouwde kom,Tss. 2 best.: langs opzij (voor-/achterkant-flank),Geen hindernis
2358,46,Pelt teller 2,Pelt,51.231,5.44375,1.074217315139469,51.229801865380956,5.459058580189158,2017,6,10,72043,Pelt,Normaal,Droog,Dag,met lichtgewonden,3,Fiets,9,personenauto,Op Kruispunt,Gemeenteweg,buiten bebouwde kom,Tussen 2 bestuurders: Langs achteren,Geen hindernis
2358,45,Pelt teller 1,Pelt,51.23127,5.44377,1.076972762957212,51.229801865380956,5.459058580189158,2017,6,10,72043,Pelt,Normaal,Droog,Dag,met lichtgewonden,3,Fiets,9,personenauto,Op Kruispunt,Gemeenteweg,buiten bebouwde kom,Tussen 2 bestuurders: Langs achteren,Geen hindernis
2374,39,Peer teller 1,Peer,51.13425,5.47817,1.9428501950284738,51.13257082365936,5.4504547118684785,2017,6,12,72030,Peer,Normaal,Droog,Dag,met lichtgewonden,9,personenauto,3,Fiets,Op Kruispunt,Gemeenteweg,binnen bebouwde kom,Tss. 2 best.: langs opzij (voor-/achterkant-flank),Geen hindernis
2374,40,Peer teller 2,Peer,51.13438,5.47892,1.9963482139122875,51.13257082365936,5.4504547118684785,2017,6,12,72030,Peer,Normaal,Droog,Dag,met lichtgewonden,9,personenauto,3,Fiets,Op Kruispunt,Gemeenteweg,binnen bebouwde kom,Tss. 2 best.: langs opzij (voor-/achterkant-flank),Geen hindernis
2378,39,Peer teller 1,Peer,51.13425,5.47817,1.690693583705115,51.132164138434575,5.454168831248501,2017,6,21,72030,Peer,Normaal,Droog+Proper,Dageraad - schemering,met lichtgewonden,9,personenauto,3,Fiets,Buiten Kruispunt,Gewestweg,binnen bebouwde kom,Tss. 2 best.: langs opzij (voor-/achterkant-flank),Geen hindernis
2378,40,Peer teller 2,Peer,51.13438,5.47892,1.7445261672565457,51.132164138434575,5.454168831248501,2017,6,21,72030,Peer,Normaal,Droog+Proper,Dageraad - schemering,met lichtgewonden,9,personenauto,3,Fiets,Buiten Kruispunt,Gewestweg,binnen bebouwde kom,Tss. 2 best.: langs opzij (voor-/achterkant-flank),Geen hindernis
2379,39,Peer teller 1,Peer,51.13425,5.47817,0.19687785503830854,51.13448385392586,5.47537308466733,2017,6,15,72030,Peer,Normaal,Droog,Dag,met lichtgewonden,9,personenauto,3,Fiets,Op Kruispunt,Gewestweg,buiten bebouwde kom,Tss. 2 best.: langs opzij (voor-/achterkant-flank),Geen hindernis
2379,40,Peer teller 2,Peer,51.13438,5.47892,0.2477527759015075,51.13448385392586,5.47537308466733,2017,6,15,72030,Peer,Normaal,Droog,Dag,met lichtgewonden,9,personenauto,3,Fiets,Op Kruispunt,Gewestweg,buiten bebouwde kom,Tss. 2 best.: langs opzij (voor-/achterkant-flank),Geen hindernis
2385,21,Bilzen,Bilzen,50.86015,5.50161,1.3579599266634197,50.85280823891049,5.4861502562556765,2017,6,12,73032,Hoeselt,Onbekend,Onbekend,Dag,met lichtgewonden,2,Andere weggebruiker,3,Fiets,Op Kruispunt,Gemeenteweg,onbekend,Tss. 2 best.: langs opzij (voor-/achterkant-flank),Geen hindernis
2386,21,Bilzen,Bilzen,50.86015,5.50161,1.4510439445640437,50.86966369921384,5.515761895970128,2017,6,13,73006,Bilzen,Normaal,Droog,Dag,met lichtgewonden,9,personenauto,3,Fiets,Buiten Kruispunt,Gemeenteweg,binnen bebouwde kom,Tss. 2 best.: langs opzij (voor-/achterkant-flank),Geen hindernis
2389,43,Maaseik teller 1,Maaseik,51.09344,5.79715,2.063627509823026,51.08979644896398,5.768176682845815,2017,6,14,72021,Maaseik,Normaal,Droog,Dag,met lichtgewonden,3,Fiets,2,Andere weggebruiker,Op Kruispunt,Gewestweg,buiten bebouwde kom,Tussen 2 bestuurders: Frontale botsing,Geen hindernis
2389,44,Maaseik teller 2,Maaseik,51.09359,5.79726,2.074484762049565,51.08979644896398,5.768176682845815,2017,6,14,72021,Maaseik,Normaal,Droog,Dag,met lichtgewonden,3,Fiets,2,Andere weggebruiker,Op Kruispunt,Gewestweg,buiten bebouwde kom,Tussen 2 bestuurders: Frontale botsing,Geen hindernis
2395,25,Bree,Bree,51.13679500160176,5.597669323604317,1.077165652789116,51.13294633797687,5.583502001171551,2017,6,18,72004,Bree,Normaal,Droog,Dag,met zwaargewonden,9,personenauto,3,Fiets,Buiten Kruispunt,Gewestweg,buiten bebouwde kom,Tss. 2 best.: langs opzij (voor-/achterkant-flank),Geen hindernis
2399,25,Bree,Bree,51.13679500160176,5.597669323604317,1.9241584520956874,51.15403997778561,5.595385864204262,2017,6,14,72004,Bree,Normaal,Droog,Dag,met lichtgewonden,3,Fiets,5,Lichte vrachtauto,Op Kruispunt,Gewestweg,buiten bebouwde kom,Tss. 2 best.: langs opzij (voor-/achterkant-flank),Geen hindernis
2403,25,Bree,Bree,51.13679500160176,5.597669323604317,1.4617572775575658,51.14656404170852,5.611690147755494,2017,6,15,72004,Bree,Normaal,Droog,Dag,met lichtgewonden,9,personenauto,3,Fiets,Op Kruispunt,Gemeenteweg,binnen bebouwde kom,Tussen 2 bestuurders: Frontale botsing,Geen hindernis
2406,14,Genk,Genk,50.97172,5.48927,0.9000752886583641,50.97691920815085,5.479417108334857,2017,6,8,71016,Genk,Normaal,Droog,Dag,met lichtgewonden,5,Lichte vrachtauto,3,Fiets,Buiten Kruispunt,Gemeenteweg,buiten bebouwde kom,Tss. 2 best.: langs opzij (voor-/achterkant-flank),Geen hindernis
2407,107,leuven totem,Leuven,50.8870744,4.7087919,0.36298835363328785,50.88438295988388,4.711720148689893,2017,6,11,24062,Leuven,Normaal,Droog,Dag,met lichtgewonden,3,Fiets,9,personenauto,Buiten Kruispunt,Gewestweg,binnen bebouwde kom,Tss. 2 best.: langs opzij (voor-/achterkant-flank),Geen hindernis
2407,77,Leuven teller 2,Leuven,50.88672,4.70796,0.3702799375101162,50.88438295988388,4.711720148689893,2017,6,11,24062,Leuven,Normaal,Droog,Dag,met lichtgewonden,3,Fiets,9,personenauto,Buiten Kruispunt,Gewestweg,binnen bebouwde kom,Tss. 2 best.: langs opzij (voor-/achterkant-flank),Geen hindernis
2407,69,Leuven teller 1,Leuven,50.87549,4.71526,1.0195615616069336,50.88438295988388,4.711720148689893,2017,6,11,24062,Leuven,Normaal,Droog,Dag,met lichtgewonden,3,Fiets,9,personenauto,Buiten Kruispunt,Gewestweg,binnen bebouwde kom,Tss. 2 best.: langs opzij (voor-/achterkant-flank),Geen hindernis
2408,69,Leuven teller 1,Leuven,50.87549,4.71526,1.182876946776205,50.87256347492719,4.731467531624204,2017,6,8,24062,Leuven,Normaal,Droog,Dag,met lichtgewonden,9,personenauto,3,Fiets,Op Kruispunt,Gemeenteweg,binnen bebouwde kom,Tussen 2 bestuurders: Frontale botsing,Geen hindernis
2408,107,leuven totem,Leuven,50.8870744,4.7087919,2.2659279175044595,50.87256347492719,4.731467531624204,2017,6,8,24062,Leuven,Normaal,Droog,Dag,met lichtgewonden,9,personenauto,3,Fiets,Op Kruispunt,Gemeenteweg,binnen bebouwde kom,Tussen 2 bestuurders: Frontale botsing,Geen hindernis
2408,77,Leuven teller 2,Leuven,50.88672,4.70796,2.2798994041982965,50.87256347492719,4.731467531624204,2017,6,8,24062,Leuven,Normaal,Droog,Dag,met lichtgewonden,9,personenauto,3,Fiets,Op Kruispunt,Gemeenteweg,binnen bebouwde kom,Tussen 2 bestuurders: Frontale botsing,Geen hindernis
2410,69,Leuven teller 1,Leuven,50.87549,4.71526,0.8661909989461402,50.86933465240985,4.707694446697958,2017,6,10,24062,Leuven,Normaal,Droog,Dag,met lichtgewonden,9,personenauto,3,Fiets,Op Kruispunt,Gewestweg,binnen bebouwde kom,Tss. 2 best.: langs opzij (voor-/achterkant-flank),Geen hindernis
2410,151,Leuven,District Leuven,50.8690262,4.6854839,1.5589881602929652,50.86933465240985,4.707694446697958,2017,6,10,24062,Leuven,Normaal,Droog,Dag,met lichtgewonden,9,personenauto,3,Fiets,Op Kruispunt,Gewestweg,binnen bebouwde kom,Tss. 2 best.: langs opzij (voor-/achterkant-flank),Geen hindernis
2410,77,Leuven teller 2,Leuven,50.88672,4.70796,1.9332522315005616,50.86933465240985,4.707694446697958,2017,6,10,24062,Leuven,Normaal,Droog,Dag,met lichtgewonden,9,personenauto,3,Fiets,Op Kruispunt,Gewestweg,binnen bebouwde kom,Tss. 2 best.: langs opzij (voor-/achterkant-flank),Geen hindernis
2410,107,leuven totem,Leuven,50.8870744,4.7087919,1.9740721502609122,50.86933465240985,4.707694446697958,2017,6,10,24062,Leuven,Normaal,Droog,Dag,met lichtgewonden,9,personenauto,3,Fiets,Op Kruispunt,Gewestweg,binnen bebouwde kom,Tss. 2 best.: langs opzij (voor-/achterkant-flank),Geen hindernis
2411,69,Leuven teller 1,Leuven,50.87549,4.71526,0.8690234256514203,50.88263934235191,4.720263344062255,2017,6,12,24062,Leuven,Onbekend,Onbekend,Dag,met lichtgewonden,3,Fiets,10,"één bestuurder, geen hindernis",Op Kruispunt,Gemeenteweg,binnen bebouwde kom,"Eén bestuurder, geen hindernis (incl. val)",Geen hindernis
2411,107,leuven totem,Leuven,50.8870744,4.7087919,0.943818762560579,50.88263934235191,4.720263344062255,2017,6,12,24062,Leuven,Onbekend,Onbekend,Dag,met lichtgewonden,3,Fiets,10,"één bestuurder, geen hindernis",Op Kruispunt,Gemeenteweg,binnen bebouwde kom,"Eén bestuurder, geen hindernis (incl. val)",Geen hindernis
2411,77,Leuven teller 2,Leuven,50.88672,4.70796,0.975097787828946,50.88263934235191,4.720263344062255,2017,6,12,24062,Leuven,Onbekend,Onbekend,Dag,met lichtgewonden,3,Fiets,10,"één bestuurder, geen hindernis",Op Kruispunt,Gemeenteweg,binnen bebouwde kom,"Eén bestuurder, geen hindernis (incl. val)",Geen hindernis
2412,69,Leuven teller 1,Leuven,50.87549,4.71526,0.42428647845039363,50.87644982045099,4.7094073832029535,2017,6,6,24062,Leuven,Normaal,Droog,Dageraad - schemering,met lichtgewonden,3,Fiets,3,Fiets,Op Kruispunt,Gemeenteweg,binnen bebouwde kom,Tss. 2 best.: langs opzij (voor-/achterkant-flank),Geen hindernis
2412,77,Leuven teller 2,Leuven,50.88672,4.70796,1.1464973706568833,50.87644982045099,4.7094073832029535,2017,6,6,24062,Leuven,Normaal,Droog,Dageraad - schemering,met lichtgewonden,3,Fiets,3,Fiets,Op Kruispunt,Gemeenteweg,binnen bebouwde kom,Tss. 2 best.: langs opzij (voor-/achterkant-flank),Geen hindernis
2412,107,leuven totem,Leuven,50.8870744,4.7087919,1.1821881730107973,50.87644982045099,4.7094073832029535,2017,6,6,24062,Leuven,Normaal,Droog,Dageraad - schemering,met lichtgewonden,3,Fiets,3,Fiets,Op Kruispunt,Gemeenteweg,binnen bebouwde kom,Tss. 2 best.: langs opzij (voor-/achterkant-flank),Geen hindernis
2412,151,Leuven,District Leuven,50.8690262,4.6854839,1.870665305559161,50.87644982045099,4.7094073832029535,2017,6,6,24062,Leuven,Normaal,Droog,Dageraad - schemering,met lichtgewonden,3,Fiets,3,Fiets,Op Kruispunt,Gemeenteweg,binnen bebouwde kom,Tss. 2 best.: langs opzij (voor-/achterkant-flank),Geen hindernis
2413,69,Leuven teller 1,Leuven,50.87549,4.71526,1.6903901452789603,50.861140492226134,4.707306743459116,2017,6,19,24062,Leuven,Normaal,Droog,Dag,met lichtgewonden,3,Fiets,9,personenauto,Buiten Kruispunt,Gemeenteweg,binnen bebouwde kom,Tussen 2 bestuurders: Frontale botsing,Geen hindernis
2413,108,Heverlee teller 1,Leuven,50.8471728,4.6954674,1.7615155527690183,50.861140492226134,4.707306743459116,2017,6,19,24062,Leuven,Normaal,Droog,Dag,met lichtgewonden,3,Fiets,9,personenauto,Buiten Kruispunt,Gemeenteweg,binnen bebouwde kom,Tussen 2 bestuurders: Frontale botsing,Geen hindernis
2413,151,Leuven,District Leuven,50.8690262,4.6854839,1.7647882593793922,50.861140492226134,4.707306743459116,2017,6,19,24062,Leuven,Normaal,Droog,Dag,met lichtgewonden,3,Fiets,9,personenauto,Buiten Kruispunt,Gemeenteweg,binnen bebouwde kom,Tussen 2 bestuurders: Frontale botsing,Geen hindernis
2413,76,Heverlee teller 2,Leuven,50.84606,4.69597,1.8561325265403357,50.861140492226134,4.707306743459116,2017,6,19,24062,Leuven,Normaal,Droog,Dag,met lichtgewonden,3,Fiets,9,personenauto,Buiten Kruispunt,Gemeenteweg,binnen bebouwde kom,Tussen 2 bestuurders: Frontale botsing,Geen hindernis
2415,107,leuven totem,Leuven,50.8870744,4.7087919,1.1574907561199428,50.884187236913824,4.724644864162657,2017,6,12,24062,Leuven,Normaal,Droog,Dag,met lichtgewonden,3,Fiets,7,Motorfiets,Buiten Kruispunt,Gewestweg,binnen bebouwde kom,Tss. 2 best.: langs opzij (voor-/achterkant-flank),Geen hindernis
2415,69,Leuven teller 1,Leuven,50.87549,4.71526,1.1699510568110072,50.884187236913824,4.724644864162657,2017,6,12,24062,Leuven,Normaal,Droog,Dag,met lichtgewonden,3,Fiets,7,Motorfiets,Buiten Kruispunt,Gewestweg,binnen bebouwde kom,Tss. 2 best.: langs opzij (voor-/achterkant-flank),Geen hindernis
2415,77,Leuven teller 2,Leuven,50.88672,4.70796,1.2038469120144462,50.884187236913824,4.724644864162657,2017,6,12,24062,Leuven,Normaal,Droog,Dag,met lichtgewonden,3,Fiets,7,Motorfiets,Buiten Kruispunt,Gewestweg,binnen bebouwde kom,Tss. 2 best.: langs opzij (voor-/achterkant-flank),Geen hindernis
2416,77,Leuven teller 2,Leuven,50.88672,4.70796,1.2368666965135442,50.882731734941316,4.6915007862998825,2017,6,20,24062,Leuven,Normaal,Droog,Dag,met lichtgewonden,9,personenauto,3,Fiets,Buiten Kruispunt,Gemeenteweg,binnen bebouwde kom,Tussen 2 bestuurders: Frontale botsing,Geen hindernis
2416,107,leuven totem,Leuven,50.8870744,4.7087919,1.3055666304754827,50.882731734941316,4.6915007862998825,2017,6,20,24062,Leuven,Normaal,Droog,Dag,met lichtgewonden,9,personenauto,3,Fiets,Buiten Kruispunt,Gemeenteweg,binnen bebouwde kom,Tussen 2 bestuurders: Frontale botsing,Geen hindernis
2416,151,Leuven,District Leuven,50.8690262,4.6854839,1.5813794820258855,50.882731734941316,4.6915007862998825,2017,6,20,24062,Leuven,Normaal,Droog,Dag,met lichtgewonden,9,personenauto,3,Fiets,Buiten Kruispunt,Gemeenteweg,binnen bebouwde kom,Tussen 2 bestuurders: Frontale botsing,Geen hindernis
2416,69,Leuven teller 1,Leuven,50.87549,4.71526,1.851237840049382,50.882731734941316,4.6915007862998825,2017,6,20,24062,Leuven,Normaal,Droog,Dag,met lichtgewonden,9,personenauto,3,Fiets,Buiten Kruispunt,Gemeenteweg,binnen bebouwde kom,Tussen 2 bestuurders: Frontale botsing,Geen hindernis
2417,108,Heverlee teller 1,Leuven,50.8471728,4.6954674,1.4022172504831003,50.85846789756914,4.704349656243178,2017,6,8,24062,Leuven,Normaal,Droog,Dag,met lichtgewonden,3,Fiets,9,personenauto,Op Kruispunt,Gemeenteweg,binnen bebouwde kom,Tss. 2 best.: langs opzij (voor-/achterkant-flank),Geen hindernis
2417,76,Heverlee teller 2,Leuven,50.84606,4.69597,1.4998658249779777,50.85846789756914,4.704349656243178,2017,6,8,24062,Leuven,Normaal,Droog,Dag,met lichtgewonden,3,Fiets,9,personenauto,Op Kruispunt,Gemeenteweg,binnen bebouwde kom,Tss. 2 best.: langs opzij (voor-/achterkant-flank),Geen hindernis
2417,151,Leuven,District Leuven,50.8690262,4.6854839,1.7695889547388997,50.85846789756914,4.704349656243178,2017,6,8,24062,Leuven,Normaal,Droog,Dag,met lichtgewonden,3,Fiets,9,personenauto,Op Kruispunt,Gemeenteweg,binnen bebouwde kom,Tss. 2 best.: langs opzij (voor-/achterkant-flank),Geen hindernis
2417,69,Leuven teller 1,Leuven,50.87549,4.71526,2.0417695151728354,50.85846789756914,4.704349656243178,2017,6,8,24062,Leuven,Normaal,Droog,Dag,met lichtgewonden,3,Fiets,9,personenauto,Op Kruispunt,Gemeenteweg,binnen bebouwde kom,Tss. 2 best.: langs opzij (voor-/achterkant-flank),Geen hindernis
2418,69,Leuven teller 1,Leuven,50.87549,4.71526,1.4755437131876346,50.867279567667026,4.731779583883042,2017,6,18,24062,Leuven,Normaal,Proper,Dag,met lichtgewonden,9,personenauto,3,Fiets,Op Kruispunt,Gemeenteweg,binnen bebouwde kom,Tss. 2 best.: langs opzij (voor-/achterkant-flank),Geen hindernis