crash_row_id,site_id,site_name,site_gemeente,site_lat,site_long,distance_km,crash_lat,crash_long,DT_YEAR_COLLISION,DT_MONTH_COLLISION,DT_TIME,CD_NIS,TX_MUNTY_COLLISION_NL,TX_WEATHER_NL,TX_ROAD_CONDITION_NL,TX_LIGHT_CONDITION_NL,TX_CLASS_ACCIDENTS_NL,CD_ROAD_USR_TYPE1,TX_ROAD_USR_TYPE1_NL,CD_ROAD_USR_TYPE2,TX_ROAD_USR_TYPE2_NL,TX_CROSSWAY_NL,CD_ROAD_TYPE_NL,TX_BUILD_UP_AREA_NL,TX_COLLISION_TYPE_NL,TX_OBSTACLES_NL
2419,107,leuven totem,Leuven,50.8870744,4.7087919,1.3113583333050656,50.88970979504093,4.727013994521628,2017,6,8,24062,Leuven,Normaal,"Vuil (zand, grint, bladeren,...)",Dag,met lichtgewonden,3,Fiets,10,"één bestuurder, geen hindernis",Op Kruispunt,Gemeenteweg,binnen bebouwde kom,"Eén bestuurder, geen hindernis (incl. val)",Geen hindernis
2419,77,Leuven teller 2,Leuven,50.88672,4.70796,1.3772814818244234,50.88970979504093,4.727013994521628,2017,6,8,24062,Leuven,Normaal,"Vuil (zand, grint, bladeren,...)",Dag,met lichtgewonden,3,Fiets,10,"één bestuurder, geen hindernis",Op Kruispunt,Gemeenteweg,binnen bebouwde kom,"Eén bestuurder, geen hindernis (incl. val)",Geen hindernis
2419,69,Leuven teller 1,Leuven,50.87549,4.71526,1.7832685683764506,50.88970979504093,4.727013994521628,2017,6,8,24062,Leuven,Normaal,"Vuil (zand, grint, bladeren,...)",Dag,met lichtgewonden,3,Fiets,10,"één bestuurder, geen hindernis",Op Kruispunt,Gemeenteweg,binnen bebouwde kom,"Eén bestuurder, geen hindernis (incl. val)",Geen hindernis
2420,77,Leuven teller 2,Leuven,50.88672,4.70796,0.8092583201394945,50.887043869377926,4.696434938335538,2017,6,23,24062,Leuven,Normaal,"Nat, plassen","Nacht, openbare verlichting aanwezig en ontstoken",met lichtgewonden,3,Fiets,9,personenauto,Buiten Kruispunt,Gemeenteweg,binnen bebouwde kom,Tss. 2 best.: langs opzij (voor-/achterkant-flank),Geen hindernis
2420,107,leuven totem,Leuven,50.8870744,4.7087919,0.8668158543628993,50.887043869377926,4.696434938335538,2017,6,23,24062,Leuven,Normaal,"Nat, plassen","Nacht, openbare verlichting aanwezig en ontstoken",met lichtgewonden,3,Fiets,9,personenauto,Buiten Kruispunt,Gemeenteweg,binnen bebouwde kom,Tss. 2 best.: langs opzij (voor-/achterkant-flank),Geen hindernis
2420,69,Leuven teller 1,Leuven,50.87549,4.71526,1.8424896564408968,50.887043869377926,4.696434938335538,2017,6,23,24062,Leuven,Normaal,"Nat, plassen","Nacht, openbare verlichting aanwezig en ontstoken",met lichtgewonden,3,Fiets,9,personenauto,Buiten Kruispunt,Gemeenteweg,binnen bebouwde kom,Tss. 2 best.: langs opzij (voor-/achterkant-flank),Geen hindernis
2420,151,Leuven,District Leuven,50.8690262,4.6854839,2.1457507027168297,50.887043869377926,4.696434938335538,2017,6,23,24062,Leuven,Normaal,"Nat, plassen","Nacht, openbare verlichting aanwezig en ontstoken",met lichtgewonden,3,Fiets,9,personenauto,Buiten Kruispunt,Gemeenteweg,binnen bebouwde kom,Tss. 2 best.: langs opzij (voor-/achterkant-flank),Geen hindernis
2421,69,Leuven teller 1,Leuven,50.87549,4.71526,1.0587410330134892,50.8755308499096,4.730349202577633,2017,6,17,24062,Leuven,Onbekend,Droog,Onbekend,met lichtgewonden,3,Fiets,6,Bromfiets,Op Kruispunt,Gemeenteweg,binnen bebouwde kom,Tss. 2 best.: langs opzij (voor-/achterkant-flank),Geen hindernis
2421,107,leuven totem,Leuven,50.8870744,4.7087919,1.9836508668194623,50.8755308499096,4.730349202577633,2017,6,17,24062,Leuven,Onbekend,Droog,Onbekend,met lichtgewonden,3,Fiets,6,Bromfiets,Op Kruispunt,Gemeenteweg,binnen bebouwde kom,Tss. 2 best.: langs opzij (voor-/achterkant-flank),Geen hindernis
2421,77,Leuven teller 2,Leuven,50.88672,4.70796,2.003800462842147,50.8755308499096,4.730349202577633,2017,6,17,24062,Leuven,Onbekend,Droog,Onbekend,met lichtgewonden,3,Fiets,6,Bromfiets,Op Kruispunt,Gemeenteweg,binnen bebouwde kom,Tss. 2 best.: langs opzij (voor-/achterkant-flank),Geen hindernis
2422,77,Leuven teller 2,Leuven,50.88672,4.70796,0.6656375645015591,50.881420257766486,4.703548069686005,2017,6,8,24062,Leuven,Normaal,Droog,Dag,met lichtgewonden,3,Fiets,9,personenauto,Buiten Kruispunt,Gemeenteweg,binnen bebouwde kom,Tss. 2 best.: langs opzij (voor-/achterkant-flank),Geen hindernis
2422,107,leuven totem,Leuven,50.8870744,4.7087919,0.7284244786997893,50.881420257766486,4.703548069686005,2017,6,8,24062,Leuven,Normaal,Droog,Dag,met lichtgewonden,3,Fiets,9,personenauto,Buiten Kruispunt,Gemeenteweg,binnen bebouwde kom,Tss. 2 best.: langs opzij (voor-/achterkant-flank),Geen hindernis
2422,69,Leuven teller 1,Leuven,50.87549,4.71526,1.0535847796478637,50.881420257766486,4.703548069686005,2017,6,8,24062,Leuven,Normaal,Droog,Dag,met lichtgewonden,3,Fiets,9,personenauto,Buiten Kruispunt,Gemeenteweg,binnen bebouwde kom,Tss. 2 best.: langs opzij (voor-/achterkant-flank),Geen hindernis
2422,151,Leuven,District Leuven,50.8690262,4.6854839,1.8723816929127466,50.881420257766486,4.703548069686005,2017,6,8,24062,Leuven,Normaal,Droog,Dag,met lichtgewonden,3,Fiets,9,personenauto,Buiten Kruispunt,Gemeenteweg,binnen bebouwde kom,Tss. 2 best.: langs opzij (voor-/achterkant-flank),Geen hindernis
2426,22,Tienen 2,Tienen,50.81330800184882,4.935984252796022,1.3473719569582383,50.80130310536618,4.938588898956991,2017,6,18,24107,Tienen,Normaal,Droog,Dag,met lichtgewonden,5,Lichte vrachtauto,3,Fiets,Buiten Kruispunt,Gewestweg,binnen bebouwde kom,Tss. 2 best.: langs opzij (voor-/achterkant-flank),Geen hindernis
2426,23,Tienen 3,Tienen,50.81324,4.93447,1.3585104818531946,50.80130310536618,4.938588898956991,2017,6,18,24107,Tienen,Normaal,Droog,Dag,met lichtgewonden,5,Lichte vrachtauto,3,Fiets,Buiten Kruispunt,Gewestweg,binnen bebouwde kom,Tss. 2 best.: langs opzij (voor-/achterkant-flank),Geen hindernis
2426,24,Tienen 1,Tienen,50.8133795491886,4.935044252605416,1.3657433005537167,50.80130310536618,4.938588898956991,2017,6,18,24107,Tienen,Normaal,Droog,Dag,met lichtgewonden,5,Lichte vrachtauto,3,Fiets,Buiten Kruispunt,Gewestweg,binnen bebouwde kom,Tss. 2 best.: langs opzij (voor-/achterkant-flank),Geen hindernis
2428,72,Herent teller 1,Herent,50.89135,4.64689,1.9198884261787115,50.88557371377615,4.672683056893697,2017,6,22,24038,Herent,Regenval,"Nat, plassen","Nacht, openbare verlichting aanwezig en ontstoken",met lichtgewonden,9,personenauto,3,Fiets,Op Kruispunt,Gewestweg,buiten bebouwde kom,Tss. 2 best.: langs opzij (voor-/achterkant-flank),Geen hindernis
2428,73,Herent teller 2,Herent,50.89128,4.64685,1.9199476796723494,50.88557371377615,4.672683056893697,2017,6,22,24038,Herent,Regenval,"Nat, plassen","Nacht, openbare verlichting aanwezig en ontstoken",met lichtgewonden,9,personenauto,3,Fiets,Op Kruispunt,Gewestweg,buiten bebouwde kom,Tss. 2 best.: langs opzij (voor-/achterkant-flank),Geen hindernis
2428,151,Leuven,District Leuven,50.8690262,4.6854839,2.047496989577114,50.88557371377615,4.672683056893697,2017,6,22,24038,Herent,Regenval,"Nat, plassen","Nacht, openbare verlichting aanwezig en ontstoken",met lichtgewonden,9,personenauto,3,Fiets,Op Kruispunt,Gewestweg,buiten bebouwde kom,Tss. 2 best.: langs opzij (voor-/achterkant-flank),Geen hindernis
2428,77,Leuven teller 2,Leuven,50.88672,4.70796,2.4779160328360157,50.88557371377615,4.672683056893697,2017,6,22,24038,Herent,Regenval,"Nat, plassen","Nacht, openbare verlichting aanwezig en ontstoken",met lichtgewonden,9,personenauto,3,Fiets,Op Kruispunt,Gewestweg,buiten bebouwde kom,Tss. 2 best.: langs opzij (voor-/achterkant-flank),Geen hindernis
2429,87,Aarschot,Aarschot,50.99084,4.81259,2.051218817484558,50.98322170693096,4.839278733912007,2017,6,8,24001,Aarschot,Normaal,Droog+Proper,Dag,met zwaargewonden,3,Fiets,9,personenauto,Buiten Kruispunt,Gemeenteweg,binnen bebouwde kom,Tss. 2 best.: langs opzij (voor-/achterkant-flank),Geen hindernis
2431,71,Kampenhout teller 2,Kampenhout,50.95589,4.59164,2.041031474110796,50.96927604001349,4.571699152422408,2017,6,8,24014,Boortmeerbeek,Normaal,Droog,Dag,met lichtgewonden,3,Fiets,5,Lichte vrachtauto,Buiten Kruispunt,Gewestweg,buiten bebouwde kom,Tss. 2 best.: langs opzij (voor-/achterkant-flank),Geen hindernis
2431,70,Kampenhout teller 1,Kampenhout,50.95682,4.59318,2.0448666770424397,50.96927604001349,4.571699152422408,2017,6,8,24014,Boortmeerbeek,Normaal,Droog,Dag,met lichtgewonden,3,Fiets,5,Lichte vrachtauto,Buiten Kruispunt,Gewestweg,buiten bebouwde kom,Tss. 2 best.: langs opzij (voor-/achterkant-flank),Geen hindernis
2433,101,Diest teller 1,Diest,50.97799,5.04481,0.7915495183803125,50.98363451102983,5.051699454028137,2017,6,8,24020,Diest,Normaal,Droog,Dag,met lichtgewonden,3,Fiets,9,personenauto,Buiten Kruispunt,Gemeenteweg,binnen bebouwde kom,Tussen 2 bestuurders: Frontale botsing,Geen hindernis
2433,102,Diest teller 2,Diest,50.9779,5.04474,0.8024740200368556,50.98363451102983,5.051699454028137,2017,6,8,24020,Diest,Normaal,Droog,Dag,met lichtgewonden,3,Fiets,9,personenauto,Buiten Kruispunt,Gemeenteweg,binnen bebouwde kom,Tussen 2 bestuurders: Frontale botsing,Geen hindernis
2436,101,Diest teller 1,Diest,50.97799,5.04481,0.7048518947112151,50.98094911529914,5.05371378080649,2017,6,8,24020,Diest,Normaal,Droog,Dag,met lichtgewonden,3,Fiets,8,Voetganger,Buiten Kruispunt,Gemeenteweg,binnen bebouwde kom,Met een voetganger,Geen hindernis
2436,102,Diest teller 2,Diest,50.9779,5.04474,0.7138881460841372,50.98094911529914,5.05371378080649,2017,6,8,24020,Diest,Normaal,Droog,Dag,met lichtgewonden,3,Fiets,8,Voetganger,Buiten Kruispunt,Gemeenteweg,binnen bebouwde kom,Met een voetganger,Geen hindernis
2438,101,Diest teller 1,Diest,50.97799,5.04481,0.02284171269759095,50.97815901657834,5.044995432680816,2017,6,16,24020,Diest,Normaal,Droog,Dag,met lichtgewonden,6,Bromfiets,3,Fiets,Buiten Kruispunt,Gewestweg,binnen bebouwde kom,Tss. 2 best.: langs opzij (voor-/achterkant-flank),Geen hindernis
2438,102,Diest teller 2,Diest,50.9779,5.04474,0.03390156275509915,50.97815901657834,5.044995432680816,2017,6,16,24020,Diest,Normaal,Droog,Dag,met lichtgewonden,6,Bromfiets,3,Fiets,Buiten Kruispunt,Gewestweg,binnen bebouwde kom,Tss. 2 best.: langs opzij (voor-/achterkant-flank),Geen hindernis
2444,111,Zaventem totem,Zaventem,50.8871216,4.4597084,1.2275529453474054,50.879782595062196,4.472780189067335,2017,6,17,23094,Zaventem,Onbekend,Onbekend,Dag,met lichtgewonden,3,Fiets,5,Lichte vrachtauto,Op Kruispunt,Gewestweg,binnen bebouwde kom,Tss. 2 best.: langs opzij (voor-/achterkant-flank),Geen hindernis
2444,26,Zaventem,Zaventem,50.86995,4.45444,1.688601159743959,50.879782595062196,4.472780189067335,2017,6,17,23094,Zaventem,Onbekend,Onbekend,Dag,met lichtgewonden,3,Fiets,5,Lichte vrachtauto,Op Kruispunt,Gewestweg,binnen bebouwde kom,Tss. 2 best.: langs opzij (voor-/achterkant-flank),Geen hindernis
2445,111,Zaventem totem,Zaventem,50.8871216,4.4597084,0.9380228864481257,50.88122720766232,4.469274033045406,2017,6,15,23094,Zaventem,Normaal,Droog,Dag,met lichtgewonden,9,personenauto,3,Fiets,Op Kruispunt,Gemeenteweg,binnen bebouwde kom,Tussen 2 bestuurders: Frontale botsing,Geen hindernis
2445,26,Zaventem,Zaventem,50.86995,4.45444,1.6296485479575489,50.88122720766232,4.469274033045406,2017,6,15,23094,Zaventem,Normaal,Droog,Dag,met lichtgewonden,9,personenauto,3,Fiets,Op Kruispunt,Gemeenteweg,binnen bebouwde kom,Tussen 2 bestuurders: Frontale botsing,Geen hindernis
2446,111,Zaventem totem,Zaventem,50.8871216,4.4597084,2.1104063903093477,50.87632206886708,4.484445519275531,2017,6,13,23094,Zaventem,Normaal,Droog,Dag,met lichtgewonden,9,personenauto,3,Fiets,Buiten Kruispunt,Gemeenteweg,binnen bebouwde kom,Tss. 2 best.: langs opzij (voor-/achterkant-flank),Geen hindernis
2446,26,Zaventem,Zaventem,50.86995,4.45444,2.2214648531676446,50.87632206886708,4.484445519275531,2017,6,13,23094,Zaventem,Normaal,Droog,Dag,met lichtgewonden,9,personenauto,3,Fiets,Buiten Kruispunt,Gemeenteweg,binnen bebouwde kom,Tss. 2 best.: langs opzij (voor-/achterkant-flank),Geen hindernis
2448,145,Overijse,District Vilvoorde-gewestwegen,50.7885856,4.4908759,0.7143157279689406,50.793026737254216,4.483533454525573,2017,6,15,23062,Overijse,Normaal,Droog,Dag,met lichtgewonden,9,personenauto,3,Fiets,Op Kruispunt,Gewestweg,binnen bebouwde kom,Tss. 2 best.: langs opzij (voor-/achterkant-flank),Geen hindernis
2448,146,Overijse 2,District Vilvoorde-gewestwegen,50.7881478,4.4902818,0.7206501922839926,50.793026737254216,4.483533454525573,2017,6,15,23062,Overijse,Normaal,Droog,Dag,met lichtgewonden,9,personenauto,3,Fiets,Op Kruispunt,Gewestweg,binnen bebouwde kom,Tss. 2 best.: langs opzij (voor-/achterkant-flank),Geen hindernis
2448,147,Overijse,District Vilvoorde-gewestwegen,50.7797555,4.4975769,1.7754758123904577,50.793026737254216,4.483533454525573,2017,6,15,23062,Overijse,Normaal,Droog,Dag,met lichtgewonden,9,personenauto,3,Fiets,Op Kruispunt,Gewestweg,binnen bebouwde kom,Tss. 2 best.: langs opzij (voor-/achterkant-flank),Geen hindernis
2449,147,Overijse,District Vilvoorde-gewestwegen,50.7797555,4.4975769,1.948699240661289,50.76607157870716,4.480263521903865,2017,6,9,23033,Hoeilaart,Normaal,Droog,Dag,met lichtgewonden,3,Fiets,11,een weggebruiker tegen een hindernis,Buiten Kruispunt,Gemeenteweg,binnen bebouwde kom,Weggebruiker tegen hindernis op de rijbaan,"Verkeersdrempel,ezelsrug,put,uitholling,straatgoot"
2452,86,Asse teller 2,Asse,50.89132,4.1709,2.3311348084979278,50.87071807304249,4.177052122006983,2017,6,13,23086,Ternat,Normaal,Droog,Dag,met lichtgewonden,9,personenauto,3,Fiets,Buiten Kruispunt,Gemeenteweg,binnen bebouwde kom,Tss. 2 best.: langs opzij (voor-/achterkant-flank),Geen hindernis
2456,85,Asse teller 1,Asse,50.89621,4.17294,0.9079345611456944,50.90291740784109,4.1655568858941825,2017,6,14,23002,Asse,Normaal,Droog,Dag,met lichtgewonden,2,Andere weggebruiker,3,Fiets,Buiten Kruispunt,Gemeenteweg,binnen bebouwde kom,Tussen 2 bestuurders: Langs achteren,Geen hindernis
2456,86,Asse teller 2,Asse,50.89132,4.1709,1.3429136208464945,50.90291740784109,4.1655568858941825,2017,6,14,23002,Asse,Normaal,Droog,Dag,met lichtgewonden,2,Andere weggebruiker,3,Fiets,Buiten Kruispunt,Gemeenteweg,binnen bebouwde kom,Tussen 2 bestuurders: Langs achteren,Geen hindernis
2457,81,Wemmel teller 2,Wemmel,50.91439,4.29568,1.1791606026760644,50.920574067607994,4.282015530124456,2017,6,12,23052,Merchtem,Normaal,Droog,Dag,met lichtgewonden,3,Fiets,9,personenauto,Buiten Kruispunt,Gemeenteweg,buiten bebouwde kom,Tss. 2 best.: langs opzij (voor-/achterkant-flank),Geen hindernis
2457,80,Wemmel teller 1,Wemmel,50.91418,4.29571,1.194619827210307,50.920574067607994,4.282015530124456,2017,6,12,23052,Merchtem,Normaal,Droog,Dag,met lichtgewonden,3,Fiets,9,personenauto,Buiten Kruispunt,Gemeenteweg,buiten bebouwde kom,Tss. 2 best.: langs opzij (voor-/achterkant-flank),Geen hindernis
2466,27,Grimbergen,Meise,50.92127,4.34013,0.2669602568320882,50.923657302752865,4.340533749186966,2017,6,17,23050,Meise,Normaal,Droog,Dag,met lichtgewonden,9,personenauto,3,Fiets,Buiten Kruispunt,Gemeenteweg,binnen bebouwde kom,Tussen 2 bestuurders: Langs achteren,Geen hindernis
2469,47,Vilvoorde,Vilvoorde,50.91372,4.41497,2.0033692214552143,50.930381563077916,4.425844898548528,2017,6,14,23088,Vilvoorde,Normaal,Droog,Dag,met lichtgewonden,3,Fiets,3,Fiets,Op Kruispunt,Gemeenteweg,binnen bebouwde kom,Tussen 2 bestuurders: Frontale botsing,Geen hindernis
2471,109,Zemst,Zemst,50.9903936,4.4707023,1.3624897041090436,50.980163398066935,4.459989203789348,2017,6,7,23096,Zemst,Normaal,Droog,Dag,met lichtgewonden,9,personenauto,3,Fiets,Op Kruispunt,Gewestweg,binnen bebouwde kom,Tss. 2 best.: langs opzij (voor-/achterkant-flank),Geen hindernis
2473,13,Gent,Gent,51.03018,3.70146,1.7119100049958602,51.02731572578269,3.7255116094185077,2017,6,12,44021,Gent,Normaal,Droog,Dag,met lichtgewonden,9,personenauto,3,Fiets,Buiten Kruispunt,Gemeenteweg,binnen bebouwde kom,Tss. 2 best.: langs opzij (voor-/achterkant-flank),Geen hindernis
2475,13,Gent,Gent,51.03018,3.70146,2.0072313304252978,51.03842715344447,3.7269943325820596,2017,6,11,44021,Gent,Normaal,Droog,Dag,met lichtgewonden,9,personenauto,3,Fiets,Buiten Kruispunt,Gewestweg,binnen bebouwde kom,Tss. 2 best.: langs opzij (voor-/achterkant-flank),Geen hindernis
2476,13,Gent,Gent,51.03018,3.70146,0.6384190554602123,51.02546446431698,3.6962523073284865,2017,6,17,44021,Gent,Normaal,Droog,Dag,met lichtgewonden,3,Fiets,9,personenauto,Op Kruispunt,Gemeenteweg,binnen bebouwde kom,Tss. 2 best.: langs opzij (voor-/achterkant-flank),Geen hindernis
2478,13,Gent,Gent,51.03018,3.70146,0.9162719379969877,51.03792632421501,3.7059283513399124,2017,6,13,44021,Gent,Normaal,Droog,Dag,met lichtgewonden,3,Fiets,3,Fiets,Op Kruispunt,Gemeenteweg,binnen bebouwde kom,Tss. 2 best.: langs opzij (voor-/achterkant-flank),Geen hindernis
2482,13,Gent,Gent,51.03018,3.70146,2.368187271477182,51.047185898885864,3.721850393867555,2017,6,12,44021,Gent,Normaal,Droog,Dag,met lichtgewonden,3,Fiets,11,een weggebruiker tegen een hindernis,Buiten Kruispunt,Gemeenteweg,binnen bebouwde kom,Weggebruiker tegen hindernis op de rijbaan,Op de rijbaan: Lading
2485,118,Gent teller 1,Gent,51.028049,3.7681359,2.298143996049778,51.04039392212142,3.741777255920893,2017,6,12,44021,Gent,Normaal,Droog,Dag,met lichtgewonden,9,personenauto,3,Fiets,Buiten Kruispunt,Gewestweg,binnen bebouwde kom,Tss. 2 best.: langs opzij (voor-/achterkant-flank),Geen hindernis
2485,119,Gent teller 2,Gent,51.0281795,3.7683918,2.303933815464136,51.04039392212142,3.741777255920893,2017,6,12,44021,Gent,Normaal,Droog,Dag,met lichtgewonden,9,personenauto,3,Fiets,Buiten Kruispunt,Gewestweg,binnen bebouwde kom,Tss. 2 best.: langs opzij (voor-/achterkant-flank),Geen hindernis
2486,13,Gent,Gent,51.03018,3.70146,1.3663498442727777,51.03269204424428,3.720586226121578,2017,6,18,44021,Gent,Normaal,Proper,Dag,met zwaargewonden,3,Fiets,9,personenauto,Op Kruispunt,Gewestweg,binnen bebouwde kom,Tss. 2 best.: langs opzij (voor-/achterkant-flank),Geen hindernis
2488,118,Gent teller 1,Gent,51.028049,3.7681359,1.759009572589165,51.03790763773143,3.7484634791279574,2017,6,15,44021,Gent,Normaal,Droog,Dag,met lichtgewonden,3,Fiets,9,personenauto,Op Kruispunt,Gewestweg,binnen bebouwde kom,Tss. 2 best.: langs opzij (voor-/achterkant-flank),Geen hindernis
2488,119,Gent teller 2,Gent,51.0281795,3.7683918,1.7641026184228543,51.03790763773143,3.7484634791279574,2017,6,15,44021,Gent,Normaal,Droog,Dag,met lichtgewonden,3,Fiets,9,personenauto,Op Kruispunt,Gewestweg,binnen bebouwde kom,Tss. 2 best.: langs opzij (voor-/achterkant-flank),Geen hindernis
2490,119,Gent teller 2,Gent,51.0281795,3.7683918,1.1302017216814741,51.03619878539854,3.758461385239025,2017,6,17,44021,Gent,Normaal,Droog,Dag,met lichtgewonden,9,personenauto,3,Fiets,Op Kruispunt,Gemeenteweg,binnen bebouwde kom,Tussen 2 bestuurders: Frontale botsing,Geen hindernis
2490,118,Gent teller 1,Gent,51.028049,3.7681359,1.130890781545694,51.03619878539854,3.758461385239025,2017,6,17,44021,Gent,Normaal,Droog,Dag,met lichtgewonden,9,personenauto,3,Fiets,Op Kruispunt,Gemeenteweg,binnen bebouwde kom,Tussen 2 bestuurders: Frontale botsing,Geen hindernis
2491,13,Gent,Gent,51.03018,3.70146,2.2115590582468707,51.01031499100902,3.7030134237056953,2017,6,8,44021,Gent,Normaal,Droog,Dag,met lichtgewonden,9,personenauto,3,Fiets,Op Kruispunt,Gewestweg,buiten bebouwde kom,Tss. 2 best.: langs opzij (voor-/achterkant-flank),Geen hindernis
2492,13,Gent,Gent,51.03018,3.70146,0.8585845816707478,51.022663465252705,3.6986506089018096,2017,6,7,44021,Gent,Normaal,Droog,Dag,met lichtgewonden,9,personenauto,3,Fiets,Op Kruispunt,Gewestweg,binnen bebouwde kom,Tss. 2 best.: langs opzij (voor-/achterkant-flank),Geen hindernis
2493,136,Gent R4,Gent,51.0876313,3.7587918,2.2343096163513825,51.073372166063656,3.781327201119903,2017,6,12,44021,Gent,Normaal,Droog,Dag,met lichtgewonden,6,Bromfiets,3,Fiets,Buiten Kruispunt,Gemeenteweg,binnen bebouwde kom,Tussen 2 bestuurders: Langs achteren,Geen hindernis
2495,13,Gent,Gent,51.03018,3.70146,2.323606048669554,51.01295754006567,3.720274168633532,2017,6,8,44021,Gent,Normaal,Droog+Proper,Dag,met lichtgewonden,9,personenauto,3,Fiets,Op Kruispunt,Gemeenteweg,binnen bebouwde kom,Tss. 2 best.: langs opzij (voor-/achterkant-flank),Geen hindernis
2496,13,Gent,Gent,51.03018,3.70146,1.6615032165240973,51.04505459452923,3.703718846319793,2017,6,19,44021,Gent,Normaal,Droog,Dag,met lichtgewonden,3,Fiets,11,een weggebruiker tegen een hindernis,Op Kruispunt,Gemeenteweg,binnen bebouwde kom,Weggebruiker tegen hindernis op de rijbaan,Op de rijbaan: Lading
2497,13,Gent,Gent,51.03018,3.70146,1.221939066707428,51.03969570957992,3.710200816944272,2017,4,8,44021,Gent,Onbekend,Onbekend,Dag,met lichtgewonden,3,Fiets,3,Fiets,Op Kruispunt,Gewestweg,binnen bebouwde kom,Tss. 2 best.: langs opzij (voor-/achterkant-flank),Geen hindernis
2499,136,Gent R4,Gent,51.0876313,3.7587918,2.461402591702865,51.07403569409615,3.7309851418215847,2017,6,15,44021,Gent,Normaal,Droog,Dag,met lichtgewonden,9,personenauto,3,Fiets,Buiten Kruispunt,Gemeenteweg,binnen bebouwde kom,Tss. 2 best.: langs opzij (voor-/achterkant-flank),Geen hindernis
2502,118,Gent teller 1,Gent,51.028049,3.7681359,1.7093229152479426,51.037629591472836,3.749019767548114,2017,6,18,44021,Gent,Normaal,Droog,Dag,met lichtgewonden,9,personenauto,3,Fiets,Buiten Kruispunt,Gewestweg,binnen bebouwde kom,Tss. 2 best.: langs opzij (voor-/achterkant-flank),Geen hindernis
2502,119,Gent teller 2,Gent,51.0281795,3.7683918,1.7144194023593422,51.037629591472836,3.749019767548114,2017,6,18,44021,Gent,Normaal,Droog,Dag,met lichtgewonden,9,personenauto,3,Fiets,Buiten Kruispunt,Gewestweg,binnen bebouwde kom,Tss. 2 best.: langs opzij (voor-/achterkant-flank),Geen hindernis
2506,13,Gent,Gent,51.03018,3.70146,1.4098259260169104,51.02665954123447,3.7208265785084493,2017,6,9,44021,Gent,Normaal,Droog,Dag,met lichtgewonden,3,Fiets,9,personenauto,Buiten Kruispunt,Gemeenteweg,binnen bebouwde kom,Tss. 2 best.: langs opzij (voor-/achterkant-flank),Geen hindernis
2512,118,Gent teller 1,Gent,51.028049,3.7681359,1.54233102800335,51.03669211202668,3.750885579905219,2017,6,14,44021,Gent,Normaal,Droog,Dag,met lichtgewonden,9,personenauto,3,Fiets,Buiten Kruispunt,Gewestweg,binnen bebouwde kom,Tss. 2 best.: langs opzij (voor-/achterkant-flank),Geen hindernis
2512,119,Gent teller 2,Gent,51.0281795,3.7683918,1.5474468495149982,51.03669211202668,3.750885579905219,2017,6,14,44021,Gent,Normaal,Droog,Dag,met lichtgewonden,9,personenauto,3,Fiets,Buiten Kruispunt,Gewestweg,binnen bebouwde kom,Tss. 2 best.: langs opzij (voor-/achterkant-flank),Geen hindernis
2516,13,Gent,Gent,51.03018,3.70146,2.144166115577552,51.04449898903136,3.721998761587475,2017,6,10,44021,Gent,Normaal,Droog,Dag,met lichtgewonden,9,personenauto,3,Fiets,Buiten Kruispunt,Gemeenteweg,binnen bebouwde kom,Tss. 2 best.: langs opzij (voor-/achterkant-flank),Geen hindernis
2518,13,Gent,Gent,51.03018,3.70146,1.3808623997876321,51.03322069619752,3.7206054320358093,2017,6,19,44021,Gent,Normaal,Proper,Dageraad - schemering,met lichtgewonden,9,personenauto,3,Fiets,Op Kruispunt,Gewestweg,binnen bebouwde kom,Tussen 2 bestuurders: Frontale botsing,Geen hindernis
2519,13,Gent,Gent,51.03018,3.70146,2.1947687276780883,51.04120923101401,3.7274907127877333,2017,6,8,44021,Gent,Regenval,"Nat, plassen",Dag,met lichtgewonden,3,Fiets,10,"één bestuurder, geen hindernis",Buiten Kruispunt,Gemeenteweg,binnen bebouwde kom,"Eén bestuurder, geen hindernis (incl. val)",Geen hindernis
2521,118,Gent teller 1,Gent,51.028049,3.7681359,1.9866565982953042,51.03753574948722,3.7440616350711045,2017,6,20,44021,Gent,Normaal,Droog,Dag,met lichtgewonden,9,personenauto,3,Fiets,Buiten Kruispunt,Gemeenteweg,binnen bebouwde kom,Tussen 2 bestuurders: Frontale botsing,Geen hindernis
2521,119,Gent teller 2,Gent,51.0281795,3.7683918,1.994232158663848,51.03753574948722,3.7440616350711045,2017,6,20,44021,Gent,Normaal,Droog,Dag,met lichtgewonden,9,personenauto,3,Fiets,Buiten Kruispunt,Gemeenteweg,binnen bebouwde kom,Tussen 2 bestuurders: Frontale botsing,Geen hindernis
2537,119,Gent teller 2,Gent,51.0281795,3.7683918,1.5843671900155747,51.028433814254875,3.791043196015489,2017,6,11,44013,Destelbergen,Onbekend,Onbekend,Dag,met lichtgewonden,3,Fiets,9,personenauto,Op Kruispunt,Gewestweg,onbekend,Tussen 2 bestuurders: Langs achteren,Geen hindernis
2537,118,Gent teller 1,Gent,51.028049,3.7681359,1.6025846544942755,51.028433814254875,3.791043196015489,2017,6,11,44013,Destelbergen,Onbekend,Onbekend,Dag,met lichtgewonden,3,Fiets,9,personenauto,Op Kruispunt,Gewestweg,onbekend,Tussen 2 bestuurders: Langs achteren,Geen hindernis
2540,116,Melle teller 2,Melle,50.9986113,3.8040599,0.3615599521309045,50.998864618604436,3.8092108788723658,2017,6,7,44040,Melle,Regenval,"Nat, plassen",Dag,met lichtgewonden,9,personenauto,3,Fiets,Buiten Kruispunt,Gewestweg,binnen bebouwde kom,Tss. 2 best.: langs opzij (voor-/achterkant-flank),Geen hindernis