crash_row_id,site_id,site_name,site_gemeente,site_lat,site_long,distance_km,crash_lat,crash_long,DT_YEAR_COLLISION,DT_MONTH_COLLISION,DT_TIME,CD_NIS,TX_MUNTY_COLLISION_NL,TX_WEATHER_NL,TX_ROAD_CONDITION_NL,TX_LIGHT_CONDITION_NL,TX_CLASS_ACCIDENTS_NL,CD_ROAD_USR_TYPE1,TX_ROAD_USR_TYPE1_NL,CD_ROAD_USR_TYPE2,TX_ROAD_USR_TYPE2_NL,TX_CROSSWAY_NL,CD_ROAD_TYPE_NL,TX_BUILD_UP_AREA_NL,TX_COLLISION_TYPE_NL,TX_OBSTACLES_NL
2540,117,Melle teller 1,Melle,50.9986113,3.8040599,0.3615599521309045,50.998864618604436,3.8092108788723658,2017,6,7,44040,Melle,Regenval,"Nat, plassen",Dag,met lichtgewonden,9,personenauto,3,Fiets,Buiten Kruispunt,Gewestweg,binnen bebouwde kom,Tss. 2 best.: langs opzij (voor-/achterkant-flank),Geen hindernis
2545,6,Evergem 2,Evergem,51.10894,3.70298,0.5254975920021572,51.10998007814601,3.6956372330463663,2017,6,14,44019,Evergem,Normaal,Droog,Dag,met lichtgewonden,3,Fiets,4,Vrachtwagen,Buiten Kruispunt,Gemeenteweg,binnen bebouwde kom,Tussen 2 bestuurders: Langs achteren,Geen hindernis
2545,7,Evergem 1,Evergem,51.1089,3.70317,0.5394176198786687,51.10998007814601,3.6956372330463663,2017,6,14,44019,Evergem,Normaal,Droog,Dag,met lichtgewonden,3,Fiets,4,Vrachtwagen,Buiten Kruispunt,Gemeenteweg,binnen bebouwde kom,Tussen 2 bestuurders: Langs achteren,Geen hindernis
2548,7,Evergem 1,Evergem,51.1089,3.70317,1.0055075693288102,51.115209968974455,3.7134874872865256,2017,6,8,44019,Evergem,Normaal,Droog,Dag,met lichtgewonden,6,Bromfiets,3,Fiets,Buiten Kruispunt,Gemeenteweg,binnen bebouwde kom,Tussen 2 bestuurders: Frontale botsing,Geen hindernis
2548,6,Evergem 2,Evergem,51.10894,3.70298,1.0119808342154692,51.115209968974455,3.7134874872865256,2017,6,8,44019,Evergem,Normaal,Droog,Dag,met lichtgewonden,6,Bromfiets,3,Fiets,Buiten Kruispunt,Gemeenteweg,binnen bebouwde kom,Tussen 2 bestuurders: Frontale botsing,Geen hindernis
2552,115,Aalter,Aalter,51.1058367,3.4350591,1.955767294421386,51.104783099199175,3.463021047106713,2017,6,16,44084,Aalter,Normaal,Droog,Dag,met lichtgewonden,9,personenauto,3,Fiets,Op Kruispunt,Gemeenteweg,binnen bebouwde kom,Tussen 2 bestuurders: Langs achteren,Geen hindernis
2595,126,Hamme totem,Hamme,51.1017709,4.1469307,1.5032880447967405,51.11320015289872,4.1354293834113305,2017,6,16,46025,Temse,Normaal,Droog,Dag,met zwaargewonden,8,Voetganger,3,Fiets,Buiten Kruispunt,Gemeenteweg,buiten bebouwde kom,Met een voetganger,Geen hindernis
2599,128,Lokeren teller 1,Lokeren,51.09644,3.97023,1.0716032767951191,51.10387489075078,3.9799943967393854,2017,6,9,46014,Lokeren,Normaal,Droog,Dag,met lichtgewonden,3,Fiets,9,personenauto,Buiten Kruispunt,Gemeenteweg,binnen bebouwde kom,Tussen 2 bestuurders: Langs achteren,Geen hindernis
2599,129,Lokeren teller 2,Lokeren,51.09612,3.97025,1.0984234139247058,51.10387489075078,3.9799943967393854,2017,6,9,46014,Lokeren,Normaal,Droog,Dag,met lichtgewonden,3,Fiets,9,personenauto,Buiten Kruispunt,Gemeenteweg,binnen bebouwde kom,Tussen 2 bestuurders: Langs achteren,Geen hindernis
2600,128,Lokeren teller 1,Lokeren,51.09644,3.97023,2.393845684542832,51.11119648099638,3.9951943019343847,2017,6,10,46014,Lokeren,Normaal,Onbekend,Dag,met lichtgewonden,9,personenauto,3,Fiets,Op Kruispunt,Gemeenteweg,binnen bebouwde kom,Tss. 2 best.: langs opzij (voor-/achterkant-flank),Geen hindernis
2600,129,Lokeren teller 2,Lokeren,51.09612,3.97025,2.4173722617747155,51.11119648099638,3.9951943019343847,2017,6,10,46014,Lokeren,Normaal,Onbekend,Dag,met lichtgewonden,9,personenauto,3,Fiets,Op Kruispunt,Gemeenteweg,binnen bebouwde kom,Tss. 2 best.: langs opzij (voor-/achterkant-flank),Geen hindernis
2601,126,Hamme totem,Hamme,51.1017709,4.1469307,1.1565053163563934,51.09517653130332,4.134123137698044,2017,6,18,42008,Hamme,Normaal,Droog,Dag,met lichtgewonden,3,Fiets,9,personenauto,Buiten Kruispunt,Gemeenteweg,binnen bebouwde kom,Tss. 2 best.: langs opzij (voor-/achterkant-flank),Geen hindernis
2602,126,Hamme totem,Hamme,51.1017709,4.1469307,1.6940993555683996,51.08985649526764,4.131810964873557,2017,6,10,42008,Hamme,Normaal,Droog,Dag,met lichtgewonden,5,Lichte vrachtauto,3,Fiets,Op Kruispunt,Gemeenteweg,binnen bebouwde kom,Tss. 2 best.: langs opzij (voor-/achterkant-flank),Geen hindernis
2603,126,Hamme totem,Hamme,51.1017709,4.1469307,1.7242892184574634,51.11107388893553,4.1271713943908965,2017,6,16,42023,Waasmunster,Normaal,Droog,Dag,met lichtgewonden,5,Lichte vrachtauto,3,Fiets,Buiten Kruispunt,Gemeenteweg,binnen bebouwde kom,Tss. 2 best.: langs opzij (voor-/achterkant-flank),Geen hindernis
2604,126,Hamme totem,Hamme,51.1017709,4.1469307,0.9182165213386694,51.093528677125214,4.14612549858828,2017,6,10,42008,Hamme,Normaal,Droog,Dag,met lichtgewonden,5,Lichte vrachtauto,3,Fiets,Buiten Kruispunt,Gemeenteweg,binnen bebouwde kom,Tss. 2 best.: langs opzij (voor-/achterkant-flank),Geen hindernis
2605,120,Zele teller 1,Zele,51.0607671,4.0547741,1.91260948673197,51.06918106337722,4.03090209356224,2017,6,8,42028,Zele,Normaal,Droog,Dag,met lichtgewonden,1,Autobus,3,Fiets,Op Kruispunt,Gemeenteweg,binnen bebouwde kom,Tss. 2 best.: langs opzij (voor-/achterkant-flank),Geen hindernis
2605,121,Zele teller 2,Zele,51.0604067,4.0556696,1.986802192264055,51.06918106337722,4.03090209356224,2017,6,8,42028,Zele,Normaal,Droog,Dag,met lichtgewonden,1,Autobus,3,Fiets,Op Kruispunt,Gemeenteweg,binnen bebouwde kom,Tss. 2 best.: langs opzij (voor-/achterkant-flank),Geen hindernis
2606,120,Zele teller 1,Zele,51.0607671,4.0547741,1.6302767163667298,51.07244773448015,4.040673309207783,2017,6,15,42028,Zele,Normaal,Droog,Dag,met lichtgewonden,9,personenauto,3,Fiets,Buiten Kruispunt,Gemeenteweg,binnen bebouwde kom,Tss. 2 best.: langs opzij (voor-/achterkant-flank),Geen hindernis
2606,121,Zele teller 2,Zele,51.0604067,4.0556696,1.7002188244921024,51.07244773448015,4.040673309207783,2017,6,15,42028,Zele,Normaal,Droog,Dag,met lichtgewonden,9,personenauto,3,Fiets,Buiten Kruispunt,Gemeenteweg,binnen bebouwde kom,Tss. 2 best.: langs opzij (voor-/achterkant-flank),Geen hindernis
2608,120,Zele teller 1,Zele,51.0607671,4.0547741,1.7749260456585603,51.07387323780184,4.040274339434338,2017,6,13,42028,Zele,Onbekend,Onbekend,Dag,met lichtgewonden,3,Fiets,4,Vrachtwagen,Op Kruispunt,Gemeenteweg,binnen bebouwde kom,Tussen 2 bestuurders: Frontale botsing,Geen hindernis
2608,121,Zele teller 2,Zele,51.0604067,4.0556696,1.8437717168294292,51.07387323780184,4.040274339434338,2017,6,13,42028,Zele,Onbekend,Onbekend,Dag,met lichtgewonden,3,Fiets,4,Vrachtwagen,Op Kruispunt,Gemeenteweg,binnen bebouwde kom,Tussen 2 bestuurders: Frontale botsing,Geen hindernis
2610,152,Opwijk,District Vilvoorde-gewestwegen,50.968901168564656,4.149169474840164,1.8027552784024643,50.98492626423182,4.145265003463562,2017,6,12,42011,Lebbeke,Normaal,Droog,Dag,met lichtgewonden,3,Fiets,9,personenauto,Buiten Kruispunt,Gemeenteweg,binnen bebouwde kom,Tussen 2 bestuurders: Frontale botsing,Geen hindernis
2616,11,Aalst 3,Aalst,50.93385,4.01647,1.2002897721486097,50.93471263544647,4.0335435439140275,2017,6,7,41002,Aalst,Normaal,Droog,Dag,met lichtgewonden,3,Fiets,5,Lichte vrachtauto,Buiten Kruispunt,Gemeenteweg,binnen bebouwde kom,Tussen 2 bestuurders: Langs achteren,Geen hindernis
2616,10,Aalst 2,Aalst,50.93549,4.01571,1.2526727208950654,50.93471263544647,4.0335435439140275,2017,6,7,41002,Aalst,Normaal,Droog,Dag,met lichtgewonden,3,Fiets,5,Lichte vrachtauto,Buiten Kruispunt,Gemeenteweg,binnen bebouwde kom,Tussen 2 bestuurders: Langs achteren,Geen hindernis
2616,19,Aalst 1,Aalst,50.93433,4.01471,1.320464030404412,50.93471263544647,4.0335435439140275,2017,6,7,41002,Aalst,Normaal,Droog,Dag,met lichtgewonden,3,Fiets,5,Lichte vrachtauto,Buiten Kruispunt,Gemeenteweg,binnen bebouwde kom,Tussen 2 bestuurders: Langs achteren,Geen hindernis
2622,11,Aalst 3,Aalst,50.93385,4.01647,1.5500852370342364,50.93540287581764,4.038452454793078,2017,6,16,41002,Aalst,Normaal,Droog,Dag,met lichtgewonden,9,personenauto,3,Fiets,Op Kruispunt,Gemeenteweg,binnen bebouwde kom,Tss. 2 best.: langs opzij (voor-/achterkant-flank),Geen hindernis
2622,10,Aalst 2,Aalst,50.93549,4.01571,1.5936967543077565,50.93540287581764,4.038452454793078,2017,6,16,41002,Aalst,Normaal,Droog,Dag,met lichtgewonden,9,personenauto,3,Fiets,Op Kruispunt,Gemeenteweg,binnen bebouwde kom,Tss. 2 best.: langs opzij (voor-/achterkant-flank),Geen hindernis
2622,19,Aalst 1,Aalst,50.93433,4.01471,1.6680342071823757,50.93540287581764,4.038452454793078,2017,6,16,41002,Aalst,Normaal,Droog,Dag,met lichtgewonden,9,personenauto,3,Fiets,Op Kruispunt,Gemeenteweg,binnen bebouwde kom,Tss. 2 best.: langs opzij (voor-/achterkant-flank),Geen hindernis
2624,10,Aalst 2,Aalst,50.93549,4.01571,1.0417193842289567,50.941442281325244,4.027190450955084,2017,6,9,41002,Aalst,Normaal,Droog+Proper,Dag,met lichtgewonden,9,personenauto,3,Fiets,Op Kruispunt,Gemeenteweg,binnen bebouwde kom,Tussen 2 bestuurders: Frontale botsing,Geen hindernis
2624,11,Aalst 3,Aalst,50.93385,4.01647,1.1300473703517189,50.941442281325244,4.027190450955084,2017,6,9,41002,Aalst,Normaal,Droog+Proper,Dag,met lichtgewonden,9,personenauto,3,Fiets,Op Kruispunt,Gemeenteweg,binnen bebouwde kom,Tussen 2 bestuurders: Frontale botsing,Geen hindernis
2624,19,Aalst 1,Aalst,50.93433,4.01471,1.1790765559995822,50.941442281325244,4.027190450955084,2017,6,9,41002,Aalst,Normaal,Droog+Proper,Dag,met lichtgewonden,9,personenauto,3,Fiets,Op Kruispunt,Gemeenteweg,binnen bebouwde kom,Tussen 2 bestuurders: Frontale botsing,Geen hindernis
2627,10,Aalst 2,Aalst,50.93549,4.01571,2.245320971592948,50.9413968316906,4.046352295700205,2017,6,17,41002,Aalst,Normaal,Droog,Dag,met lichtgewonden,3,Fiets,9,personenauto,Buiten Kruispunt,Gemeenteweg,binnen bebouwde kom,Tss. 2 best.: langs opzij (voor-/achterkant-flank),Geen hindernis
2627,11,Aalst 3,Aalst,50.93385,4.01647,2.2557886298253145,50.9413968316906,4.046352295700205,2017,6,17,41002,Aalst,Normaal,Droog,Dag,met lichtgewonden,3,Fiets,9,personenauto,Buiten Kruispunt,Gemeenteweg,binnen bebouwde kom,Tss. 2 best.: langs opzij (voor-/achterkant-flank),Geen hindernis
2627,19,Aalst 1,Aalst,50.93433,4.01471,2.352332983212495,50.9413968316906,4.046352295700205,2017,6,17,41002,Aalst,Normaal,Droog,Dag,met lichtgewonden,3,Fiets,9,personenauto,Buiten Kruispunt,Gemeenteweg,binnen bebouwde kom,Tss. 2 best.: langs opzij (voor-/achterkant-flank),Geen hindernis
2635,125,Dendermonde totem,Dendermonde,51.0372706,4.1025998,0.9544727794837392,51.02881245841065,4.100273005464527,2017,6,17,42006,Dendermonde,Normaal,Droog,Dag,met lichtgewonden,9,personenauto,3,Fiets,Buiten Kruispunt,Gemeenteweg,binnen bebouwde kom,Tss. 2 best.: langs opzij (voor-/achterkant-flank),Geen hindernis
2635,122,Dendermonde teller 2,Dendermonde,51.0373918,4.1019222,0.9609245473157447,51.02881245841065,4.100273005464527,2017,6,17,42006,Dendermonde,Normaal,Droog,Dag,met lichtgewonden,9,personenauto,3,Fiets,Buiten Kruispunt,Gemeenteweg,binnen bebouwde kom,Tss. 2 best.: langs opzij (voor-/achterkant-flank),Geen hindernis
2636,125,Dendermonde totem,Dendermonde,51.0372706,4.1025998,2.000645257344455,51.020358900432505,4.112364407060896,2017,6,16,42006,Dendermonde,Onbekend,Onbekend,Onbekend,met lichtgewonden,3,Fiets,9,personenauto,Buiten Kruispunt,Gemeenteweg,onbekend,Tussen 2 bestuurders: Langs achteren,Geen hindernis
2636,122,Dendermonde teller 2,Dendermonde,51.0373918,4.1019222,2.029879910938013,51.020358900432505,4.112364407060896,2017,6,16,42006,Dendermonde,Onbekend,Onbekend,Onbekend,met lichtgewonden,3,Fiets,9,personenauto,Buiten Kruispunt,Gemeenteweg,onbekend,Tussen 2 bestuurders: Langs achteren,Geen hindernis
2639,125,Dendermonde totem,Dendermonde,51.0372706,4.1025998,1.2991020934742683,51.02559778796855,4.101820134223278,2017,6,13,42006,Dendermonde,Normaal,Droog,Dag,met lichtgewonden,3,Fiets,9,personenauto,Op Kruispunt,Gewestweg,binnen bebouwde kom,Tss. 2 best.: langs opzij (voor-/achterkant-flank),Geen hindernis
2639,122,Dendermonde teller 2,Dendermonde,51.0373918,4.1019222,1.311453725138529,51.02559778796855,4.101820134223278,2017,6,13,42006,Dendermonde,Normaal,Droog,Dag,met lichtgewonden,3,Fiets,9,personenauto,Op Kruispunt,Gewestweg,binnen bebouwde kom,Tss. 2 best.: langs opzij (voor-/achterkant-flank),Geen hindernis
2640,122,Dendermonde teller 2,Dendermonde,51.0373918,4.1019222,0.6392985380269955,51.042965414956385,4.10416563592096,2017,6,18,42006,Dendermonde,Normaal,Droog,Dag,met lichtgewonden,9,personenauto,3,Fiets,Op Kruispunt,Gewestweg,binnen bebouwde kom,Tss. 2 best.: langs opzij (voor-/achterkant-flank),Geen hindernis
2640,125,Dendermonde totem,Dendermonde,51.0372706,4.1025998,0.6426285282912432,51.042965414956385,4.10416563592096,2017,6,18,42006,Dendermonde,Normaal,Droog,Dag,met lichtgewonden,9,personenauto,3,Fiets,Op Kruispunt,Gewestweg,binnen bebouwde kom,Tss. 2 best.: langs opzij (voor-/achterkant-flank),Geen hindernis
2642,20,Brugge,Brugge,51.17416,3.20048,1.7721354461438041,51.18482765440736,3.2193677662092277,2017,6,16,31005,Brugge,Normaal,Droog,Dag,met lichtgewonden,1,Autobus,3,Fiets,Buiten Kruispunt,Gemeenteweg,binnen bebouwde kom,Tussen 2 bestuurders: Frontale botsing,Geen hindernis
2644,142,TEST Validatie BRUGGE Y2H22022134,Brugge,51.22632,3.24095,2.451209422180133,51.206815644889154,3.224549773191712,2017,6,16,31005,Brugge,Normaal,Droog,Dag,met lichtgewonden,9,personenauto,3,Fiets,Buiten Kruispunt,Gemeenteweg,binnen bebouwde kom,Tussen 2 bestuurders: Langs achteren,Geen hindernis
2644,52,Brugge,Brugge,51.22632,3.24095,2.451209422180133,51.206815644889154,3.224549773191712,2017,6,16,31005,Brugge,Normaal,Droog,Dag,met lichtgewonden,9,personenauto,3,Fiets,Buiten Kruispunt,Gemeenteweg,binnen bebouwde kom,Tussen 2 bestuurders: Langs achteren,Geen hindernis
2647,54,Brugge teller 2,Brugge,51.23015,3.22818,1.0026553116285897,51.22219220313068,3.2214087849236837,2017,6,7,31005,Brugge,Normaal,Droog,Dag,met lichtgewonden,3,Fiets,6,Bromfiets,Op Kruispunt,Gewestweg,binnen bebouwde kom,Tussen 2 bestuurders: Frontale botsing,Geen hindernis
2647,53,Brugge teller 1,Brugge,51.23023,3.228,1.0047268284318616,51.22219220313068,3.2214087849236837,2017,6,7,31005,Brugge,Normaal,Droog,Dag,met lichtgewonden,3,Fiets,6,Bromfiets,Op Kruispunt,Gewestweg,binnen bebouwde kom,Tussen 2 bestuurders: Frontale botsing,Geen hindernis
2647,52,Brugge,Brugge,51.22632,3.24095,1.4361420230845214,51.22219220313068,3.2214087849236837,2017,6,7,31005,Brugge,Normaal,Droog,Dag,met lichtgewonden,3,Fiets,6,Bromfiets,Op Kruispunt,Gewestweg,binnen bebouwde kom,Tussen 2 bestuurders: Frontale botsing,Geen hindernis
2647,142,TEST Validatie BRUGGE Y2H22022134,Brugge,51.22632,3.24095,1.4361420230845214,51.22219220313068,3.2214087849236837,2017,6,7,31005,Brugge,Normaal,Droog,Dag,met lichtgewonden,3,Fiets,6,Bromfiets,Op Kruispunt,Gewestweg,binnen bebouwde kom,Tussen 2 bestuurders: Frontale botsing,Geen hindernis
2650,142,TEST Validatie BRUGGE Y2H22022134,Brugge,51.22632,3.24095,1.5224391975146674,51.213728895467916,3.2495367741698953,2017,6,15,31005,Brugge,Normaal,Droog,Dag,met lichtgewonden,3,Fiets,9,personenauto,Buiten Kruispunt,Gemeenteweg,binnen bebouwde kom,Tss. 2 best.: langs opzij (voor-/achterkant-flank),Geen hindernis
2650,52,Brugge,Brugge,51.22632,3.24095,1.5224391975146674,51.213728895467916,3.2495367741698953,2017,6,15,31005,Brugge,Normaal,Droog,Dag,met lichtgewonden,3,Fiets,9,personenauto,Buiten Kruispunt,Gemeenteweg,binnen bebouwde kom,Tss. 2 best.: langs opzij (voor-/achterkant-flank),Geen hindernis
2650,54,Brugge teller 2,Brugge,51.23015,3.22818,2.355040151084433,51.213728895467916,3.2495367741698953,2017,6,15,31005,Brugge,Normaal,Droog,Dag,met lichtgewonden,3,Fiets,9,personenauto,Buiten Kruispunt,Gemeenteweg,binnen bebouwde kom,Tss. 2 best.: langs opzij (voor-/achterkant-flank),Geen hindernis
2650,53,Brugge teller 1,Brugge,51.23023,3.228,2.3698567768855776,51.213728895467916,3.2495367741698953,2017,6,15,31005,Brugge,Normaal,Droog,Dag,met lichtgewonden,3,Fiets,9,personenauto,Buiten Kruispunt,Gemeenteweg,binnen bebouwde kom,Tss. 2 best.: langs opzij (voor-/achterkant-flank),Geen hindernis
2651,142,TEST Validatie BRUGGE Y2H22022134,Brugge,51.22632,3.24095,1.67677755775284,51.21462313178388,3.225754600593562,2017,6,7,31005,Brugge,Normaal,Droog,Dag,met lichtgewonden,9,personenauto,3,Fiets,Buiten Kruispunt,Gemeenteweg,binnen bebouwde kom,Tss. 2 best.: langs opzij (voor-/achterkant-flank),Geen hindernis
2651,52,Brugge,Brugge,51.22632,3.24095,1.67677755775284,51.21462313178388,3.225754600593562,2017,6,7,31005,Brugge,Normaal,Droog,Dag,met lichtgewonden,9,personenauto,3,Fiets,Buiten Kruispunt,Gemeenteweg,binnen bebouwde kom,Tss. 2 best.: langs opzij (voor-/achterkant-flank),Geen hindernis
2651,54,Brugge teller 2,Brugge,51.23015,3.22818,1.7347516053772853,51.21462313178388,3.225754600593562,2017,6,7,31005,Brugge,Normaal,Droog,Dag,met lichtgewonden,9,personenauto,3,Fiets,Buiten Kruispunt,Gemeenteweg,binnen bebouwde kom,Tss. 2 best.: langs opzij (voor-/achterkant-flank),Geen hindernis
2651,53,Brugge teller 1,Brugge,51.23023,3.228,1.7424354609135404,51.21462313178388,3.225754600593562,2017,6,7,31005,Brugge,Normaal,Droog,Dag,met lichtgewonden,9,personenauto,3,Fiets,Buiten Kruispunt,Gemeenteweg,binnen bebouwde kom,Tss. 2 best.: langs opzij (voor-/achterkant-flank),Geen hindernis
2652,142,TEST Validatie BRUGGE Y2H22022134,Brugge,51.22632,3.24095,2.3360270983736533,51.20738235676944,3.2264299896928432,2017,6,12,31005,Brugge,Normaal,Droog,Dag,met lichtgewonden,3,Fiets,11,een weggebruiker tegen een hindernis,Buiten Kruispunt,Gemeenteweg,binnen bebouwde kom,Weggebruiker tegen hindernis buiten rijbaan,Buiten de rijbaan: Omheining
2652,52,Brugge,Brugge,51.22632,3.24095,2.3360270983736533,51.20738235676944,3.2264299896928432,2017,6,12,31005,Brugge,Normaal,Droog,Dag,met lichtgewonden,3,Fiets,11,een weggebruiker tegen een hindernis,Buiten Kruispunt,Gemeenteweg,binnen bebouwde kom,Weggebruiker tegen hindernis buiten rijbaan,Buiten de rijbaan: Omheining
2653,142,TEST Validatie BRUGGE Y2H22022134,Brugge,51.22632,3.24095,2.18684368706293,51.21536332662713,3.267026039888117,2017,6,14,31005,Brugge,Normaal,Droog,Dag,met lichtgewonden,3,Fiets,9,personenauto,Op Kruispunt,Gemeenteweg,buiten bebouwde kom,Tussen 2 bestuurders: Frontale botsing,Geen hindernis
2653,52,Brugge,Brugge,51.22632,3.24095,2.18684368706293,51.21536332662713,3.267026039888117,2017,6,14,31005,Brugge,Normaal,Droog,Dag,met lichtgewonden,3,Fiets,9,personenauto,Op Kruispunt,Gemeenteweg,buiten bebouwde kom,Tussen 2 bestuurders: Frontale botsing,Geen hindernis
2654,54,Brugge teller 2,Brugge,51.23015,3.22818,1.9941779986114578,51.21334377950566,3.218185637669662,2017,6,15,31005,Brugge,Normaal,Proper,Dag,met lichtgewonden,3,Fiets,9,personenauto,Op Kruispunt,Gewestweg,binnen bebouwde kom,Tss. 2 best.: langs opzij (voor-/achterkant-flank),Geen hindernis
2654,53,Brugge teller 1,Brugge,51.23023,3.228,1.9981938362661287,51.21334377950566,3.218185637669662,2017,6,15,31005,Brugge,Normaal,Proper,Dag,met lichtgewonden,3,Fiets,9,personenauto,Op Kruispunt,Gewestweg,binnen bebouwde kom,Tss. 2 best.: langs opzij (voor-/achterkant-flank),Geen hindernis
2654,52,Brugge,Brugge,51.22632,3.24095,2.1437146240369995,51.21334377950566,3.218185637669662,2017,6,15,31005,Brugge,Normaal,Proper,Dag,met lichtgewonden,3,Fiets,9,personenauto,Op Kruispunt,Gewestweg,binnen bebouwde kom,Tss. 2 best.: langs opzij (voor-/achterkant-flank),Geen hindernis
2654,142,TEST Validatie BRUGGE Y2H22022134,Brugge,51.22632,3.24095,2.1437146240369995,51.21334377950566,3.218185637669662,2017,6,15,31005,Brugge,Normaal,Proper,Dag,met lichtgewonden,3,Fiets,9,personenauto,Op Kruispunt,Gewestweg,binnen bebouwde kom,Tss. 2 best.: langs opzij (voor-/achterkant-flank),Geen hindernis
2656,20,Brugge,Brugge,51.17416,3.20048,1.6414865274263397,51.188020412532246,3.192375127698234,2017,6,16,31005,Brugge,Normaal,Droog+Proper,Dag,met lichtgewonden,3,Fiets,9,personenauto,Op Kruispunt,Gewestweg,binnen bebouwde kom,Tss. 2 best.: langs opzij (voor-/achterkant-flank),Geen hindernis
2656,51,"Brugge, Sint-Andries",Brugge,51.19281,3.16252,2.1476753209727386,51.188020412532246,3.192375127698234,2017,6,16,31005,Brugge,Normaal,Droog+Proper,Dag,met lichtgewonden,3,Fiets,9,personenauto,Op Kruispunt,Gewestweg,binnen bebouwde kom,Tss. 2 best.: langs opzij (voor-/achterkant-flank),Geen hindernis
2656,50,"Brugge, Sint-Andries",Brugge,51.19291,3.16252,2.150457514956884,51.188020412532246,3.192375127698234,2017,6,16,31005,Brugge,Normaal,Droog+Proper,Dag,met lichtgewonden,3,Fiets,9,personenauto,Op Kruispunt,Gewestweg,binnen bebouwde kom,Tss. 2 best.: langs opzij (voor-/achterkant-flank),Geen hindernis
2657,142,TEST Validatie BRUGGE Y2H22022134,Brugge,51.22632,3.24095,2.066069671413565,51.20954654079828,3.253711247066541,2017,6,14,31005,Brugge,Regenval,"Nat, plassen",Dag,met lichtgewonden,3,Fiets,9,personenauto,Op Kruispunt,Gewestweg,binnen bebouwde kom,Tussen 2 bestuurders: Frontale botsing,Geen hindernis
2657,52,Brugge,Brugge,51.22632,3.24095,2.066069671413565,51.20954654079828,3.253711247066541,2017,6,14,31005,Brugge,Regenval,"Nat, plassen",Dag,met lichtgewonden,3,Fiets,9,personenauto,Op Kruispunt,Gewestweg,binnen bebouwde kom,Tussen 2 bestuurders: Frontale botsing,Geen hindernis
2677,20,Brugge,Brugge,51.17416,3.20048,1.6484840259822362,51.160438405657445,3.1915288468837137,2017,6,13,31040,Zedelgem,Onbekend,Droog,Dag,met lichtgewonden,9,personenauto,3,Fiets,Buiten Kruispunt,Gewestweg,buiten bebouwde kom,Tss. 2 best.: langs opzij (voor-/achterkant-flank),Geen hindernis
2692,15,Oostende 2,Oostende,51.21371,2.92743,1.7473267372220351,51.214073327024394,2.902350954667789,2017,6,16,35013,Oostende,Normaal,Droog,Dag,met lichtgewonden,9,personenauto,3,Fiets,Op Kruispunt,Gewestweg,binnen bebouwde kom,Tss. 2 best.: langs opzij (voor-/achterkant-flank),Geen hindernis
2692,18,Oostende 1,Oostende,51.21378,2.92765,1.7624840264263222,51.214073327024394,2.902350954667789,2017,6,16,35013,Oostende,Normaal,Droog,Dag,met lichtgewonden,9,personenauto,3,Fiets,Op Kruispunt,Gewestweg,binnen bebouwde kom,Tss. 2 best.: langs opzij (voor-/achterkant-flank),Geen hindernis
2693,15,Oostende 2,Oostende,51.21371,2.92743,1.78714175034936,51.224008991291576,2.9077304580925953,2017,6,17,35013,Oostende,Normaal,Droog,Dag,met lichtgewonden,3,Fiets,9,personenauto,Buiten Kruispunt,Gewestweg,binnen bebouwde kom,Tss. 2 best.: langs opzij (voor-/achterkant-flank),Geen hindernis
2693,18,Oostende 1,Oostende,51.21378,2.92765,1.7939857761145541,51.224008991291576,2.9077304580925953,2017,6,17,35013,Oostende,Normaal,Droog,Dag,met lichtgewonden,3,Fiets,9,personenauto,Buiten Kruispunt,Gewestweg,binnen bebouwde kom,Tss. 2 best.: langs opzij (voor-/achterkant-flank),Geen hindernis
2694,15,Oostende 2,Oostende,51.21371,2.92743,1.9916555192113363,51.21985065373366,2.9005677134467507,2017,6,22,35013,Oostende,Normaal,Droog,Dageraad - schemering,met lichtgewonden,3,Fiets,3,Fiets,Buiten Kruispunt,Gemeenteweg,binnen bebouwde kom,Tussen 2 bestuurders: Frontale botsing,Geen hindernis
2694,18,Oostende 1,Oostende,51.21378,2.92765,2.003419379012752,51.21985065373366,2.9005677134467507,2017,6,22,35013,Oostende,Normaal,Droog,Dageraad - schemering,met lichtgewonden,3,Fiets,3,Fiets,Buiten Kruispunt,Gemeenteweg,binnen bebouwde kom,Tussen 2 bestuurders: Frontale botsing,Geen hindernis
2695,15,Oostende 2,Oostende,51.21371,2.92743,1.6822441104160109,51.20800603179303,2.90506241283822,2017,6,10,35013,Oostende,Normaal,Droog,Dag,met lichtgewonden,3,Fiets,9,personenauto,Buiten Kruispunt,Gemeenteweg,binnen bebouwde kom,Tss. 2 best.: langs opzij (voor-/achterkant-flank),Geen hindernis
2695,18,Oostende 1,Oostende,51.21378,2.92765,1.6993722291993234,51.20800603179303,2.90506241283822,2017,6,10,35013,Oostende,Normaal,Droog,Dag,met lichtgewonden,3,Fiets,9,personenauto,Buiten Kruispunt,Gemeenteweg,binnen bebouwde kom,Tss. 2 best.: langs opzij (voor-/achterkant-flank),Geen hindernis
2697,15,Oostende 2,Oostende,51.21371,2.92743,1.759939583440225,51.22465253643674,2.909172391074171,2017,6,18,35013,Oostende,Onbekend,Onbekend,Onbekend,met lichtgewonden,3,Fiets,8,Voetganger,Op Kruispunt,Gewestweg,onbekend,Met een voetganger,Geen hindernis
2697,18,Oostende 1,Oostende,51.21378,2.92765,1.765702423379496,51.22465253643674,2.909172391074171,2017,6,18,35013,Oostende,Onbekend,Onbekend,Onbekend,met lichtgewonden,3,Fiets,8,Voetganger,Op Kruispunt,Gewestweg,onbekend,Met een voetganger,Geen hindernis