crash_row_id,site_id,site_name,site_gemeente,site_lat,site_long,distance_km,crash_lat,crash_long,DT_YEAR_COLLISION,DT_MONTH_COLLISION,DT_TIME,CD_NIS,TX_MUNTY_COLLISION_NL,TX_WEATHER_NL,TX_ROAD_CONDITION_NL,TX_LIGHT_CONDITION_NL,TX_CLASS_ACCIDENTS_NL,CD_ROAD_USR_TYPE1,TX_ROAD_USR_TYPE1_NL,CD_ROAD_USR_TYPE2,TX_ROAD_USR_TYPE2_NL,TX_CROSSWAY_NL,CD_ROAD_TYPE_NL,TX_BUILD_UP_AREA_NL,TX_COLLISION_TYPE_NL,TX_OBSTACLES_NL
2702,64,Nieuwpoort teller 1,Nieuwpoort,51.13359,2.75737,2.3626767427814204,51.15029116156403,2.7783072377745412,2017,6,9,35011,Middelkerke,Normaal,Droog,Dag,met lichtgewonden,3,Fiets,3,Fiets,Buiten Kruispunt,Gemeenteweg,buiten bebouwde kom,Tussen 2 bestuurders: Langs achteren,Geen hindernis
2702,65,Nieuwpoort teller 2,Nieuwpoort,51.13435,2.75511,2.4001880854905915,51.15029116156403,2.7783072377745412,2017,6,9,35011,Middelkerke,Normaal,Droog,Dag,met lichtgewonden,3,Fiets,3,Fiets,Buiten Kruispunt,Gemeenteweg,buiten bebouwde kom,Tussen 2 bestuurders: Langs achteren,Geen hindernis
2703,55,Torhout teller 1,Torhout,51.07161,3.08261,1.5352588010542523,51.06980693368915,3.1043947364081057,2017,6,18,31033,Torhout,Normaal,Droog,Dag,met lichtgewonden,3,Fiets,10,"één bestuurder, geen hindernis",Buiten Kruispunt,Gemeenteweg,binnen bebouwde kom,"Eén bestuurder, geen hindernis (incl. val)",Geen hindernis
2703,56,Torhout teller 2,Torhout,51.07147,3.08244,1.5450977804079236,51.06980693368915,3.1043947364081057,2017,6,18,31033,Torhout,Normaal,Droog,Dag,met lichtgewonden,3,Fiets,10,"één bestuurder, geen hindernis",Buiten Kruispunt,Gemeenteweg,binnen bebouwde kom,"Eén bestuurder, geen hindernis (incl. val)",Geen hindernis
2706,55,Torhout teller 1,Torhout,51.07161,3.08261,2.1952251799026135,51.06070323781712,3.1087959315656817,2017,6,11,31033,Torhout,Normaal,Droog,Dag,met lichtgewonden,9,personenauto,3,Fiets,Buiten Kruispunt,Gemeenteweg,binnen bebouwde kom,Tss. 2 best.: langs opzij (voor-/achterkant-flank),Geen hindernis
2706,56,Torhout teller 2,Torhout,51.07147,3.08244,2.196615830412785,51.06070323781712,3.1087959315656817,2017,6,11,31033,Torhout,Normaal,Droog,Dag,met lichtgewonden,9,personenauto,3,Fiets,Buiten Kruispunt,Gemeenteweg,binnen bebouwde kom,Tss. 2 best.: langs opzij (voor-/achterkant-flank),Geen hindernis
2709,51,"Brugge, Sint-Andries",Brugge,51.19281,3.16252,1.9018679501037534,51.18278143189224,3.140413989871488,2017,6,17,31012,Jabbeke,Normaal,Droog,Dag,met lichtgewonden,9,personenauto,3,Fiets,Buiten Kruispunt,Gewestweg,binnen bebouwde kom,Tussen 2 bestuurders: Frontale botsing,Geen hindernis
2709,50,"Brugge, Sint-Andries",Brugge,51.19291,3.16252,1.9084075718371947,51.18278143189224,3.140413989871488,2017,6,17,31012,Jabbeke,Normaal,Droog,Dag,met lichtgewonden,9,personenauto,3,Fiets,Buiten Kruispunt,Gewestweg,binnen bebouwde kom,Tussen 2 bestuurders: Frontale botsing,Geen hindernis
2727,61,Wervik teller 2,Wervik,50.80555,3.0921,1.7218234481063306,50.7993364515844,3.1145422134534795,2017,6,22,34027,Menen,Normaal,Droog,"Nacht, openbare verlichting aanwezig en ontstoken",met zwaargewonden,3,Fiets,8,Voetganger,Buiten Kruispunt,Gewestweg,binnen bebouwde kom,Met een voetganger,Geen hindernis
2727,62,Wervik teller 1,Wervik,50.8058,3.09154,1.7690472898845315,50.7993364515844,3.1145422134534795,2017,6,22,34027,Menen,Normaal,Droog,"Nacht, openbare verlichting aanwezig en ontstoken",met zwaargewonden,3,Fiets,8,Voetganger,Buiten Kruispunt,Gewestweg,binnen bebouwde kom,Met een voetganger,Geen hindernis
2731,16,Kortrijk 1,Kortrijk,50.83332,3.27777,1.5462589525996893,50.820598744527516,3.2866611626485422,2017,6,12,34022,Kortrijk,Normaal,Droog,Dag,met lichtgewonden,9,personenauto,3,Fiets,Buiten Kruispunt,Gewestweg,binnen bebouwde kom,Tss. 2 best.: langs opzij (voor-/achterkant-flank),Geen hindernis
2731,17,Kortrijk 2,Kortrijk,50.83339,3.27773,1.5545141499835455,50.820598744527516,3.2866611626485422,2017,6,12,34022,Kortrijk,Normaal,Droog,Dag,met lichtgewonden,9,personenauto,3,Fiets,Buiten Kruispunt,Gewestweg,binnen bebouwde kom,Tss. 2 best.: langs opzij (voor-/achterkant-flank),Geen hindernis
2731,143,Eco Display Classic Budastraat,Kortrijk,50.83066,3.26286,2.0115941956156793,50.820598744527516,3.2866611626485422,2017,6,12,34022,Kortrijk,Normaal,Droog,Dag,met lichtgewonden,9,personenauto,3,Fiets,Buiten Kruispunt,Gewestweg,binnen bebouwde kom,Tss. 2 best.: langs opzij (voor-/achterkant-flank),Geen hindernis
2731,75,Kortrijk teller 2,Kortrijk,50.81925,3.25731,2.0673217016385497,50.820598744527516,3.2866611626485422,2017,6,12,34022,Kortrijk,Normaal,Droog,Dag,met lichtgewonden,9,personenauto,3,Fiets,Buiten Kruispunt,Gewestweg,binnen bebouwde kom,Tss. 2 best.: langs opzij (voor-/achterkant-flank),Geen hindernis
2731,74,Kortrijk teller 1,Kortrijk,50.81909,3.25728,2.070792507958085,50.820598744527516,3.2866611626485422,2017,6,12,34022,Kortrijk,Normaal,Droog,Dag,met lichtgewonden,9,personenauto,3,Fiets,Buiten Kruispunt,Gewestweg,binnen bebouwde kom,Tss. 2 best.: langs opzij (voor-/achterkant-flank),Geen hindernis
2732,16,Kortrijk 1,Kortrijk,50.83332,3.27777,0.8176911745876969,50.82639847295903,3.273837696948725,2017,6,22,34022,Kortrijk,Normaal,Droog,"Nacht, openbare verlichting aanwezig en ontstoken",met lichtgewonden,3,Fiets,9,personenauto,Op Kruispunt,Gemeenteweg,binnen bebouwde kom,Tss. 2 best.: langs opzij (voor-/achterkant-flank),Geen hindernis
2732,17,Kortrijk 2,Kortrijk,50.83339,3.27773,0.8240853388314388,50.82639847295903,3.273837696948725,2017,6,22,34022,Kortrijk,Normaal,Droog,"Nacht, openbare verlichting aanwezig en ontstoken",met lichtgewonden,3,Fiets,9,personenauto,Op Kruispunt,Gemeenteweg,binnen bebouwde kom,Tss. 2 best.: langs opzij (voor-/achterkant-flank),Geen hindernis
2732,143,Eco Display Classic Budastraat,Kortrijk,50.83066,3.26286,0.9049984292315372,50.82639847295903,3.273837696948725,2017,6,22,34022,Kortrijk,Normaal,Droog,"Nacht, openbare verlichting aanwezig en ontstoken",met lichtgewonden,3,Fiets,9,personenauto,Op Kruispunt,Gemeenteweg,binnen bebouwde kom,Tss. 2 best.: langs opzij (voor-/achterkant-flank),Geen hindernis
2732,75,Kortrijk teller 2,Kortrijk,50.81925,3.25731,1.4070124632567007,50.82639847295903,3.273837696948725,2017,6,22,34022,Kortrijk,Normaal,Droog,"Nacht, openbare verlichting aanwezig en ontstoken",met lichtgewonden,3,Fiets,9,personenauto,Op Kruispunt,Gemeenteweg,binnen bebouwde kom,Tss. 2 best.: langs opzij (voor-/achterkant-flank),Geen hindernis
2732,74,Kortrijk teller 1,Kortrijk,50.81909,3.25728,1.4188679540979527,50.82639847295903,3.273837696948725,2017,6,22,34022,Kortrijk,Normaal,Droog,"Nacht, openbare verlichting aanwezig en ontstoken",met lichtgewonden,3,Fiets,9,personenauto,Op Kruispunt,Gemeenteweg,binnen bebouwde kom,Tss. 2 best.: langs opzij (voor-/achterkant-flank),Geen hindernis
2733,75,Kortrijk teller 2,Kortrijk,50.81925,3.25731,0.5101856176602927,50.822642957125986,3.25242099449034,2017,6,10,34022,Kortrijk,Normaal,Droog,Dag,met lichtgewonden,9,personenauto,3,Fiets,Op Kruispunt,Gemeenteweg,binnen bebouwde kom,Tussen 2 bestuurders: Langs achteren,Geen hindernis
2733,74,Kortrijk teller 1,Kortrijk,50.81909,3.25728,0.5220993293554868,50.822642957125986,3.25242099449034,2017,6,10,34022,Kortrijk,Normaal,Droog,Dag,met lichtgewonden,9,personenauto,3,Fiets,Op Kruispunt,Gemeenteweg,binnen bebouwde kom,Tussen 2 bestuurders: Langs achteren,Geen hindernis
2733,143,Eco Display Classic Budastraat,Kortrijk,50.83066,3.26286,1.154253305693371,50.822642957125986,3.25242099449034,2017,6,10,34022,Kortrijk,Normaal,Droog,Dag,met lichtgewonden,9,personenauto,3,Fiets,Op Kruispunt,Gemeenteweg,binnen bebouwde kom,Tussen 2 bestuurders: Langs achteren,Geen hindernis
2733,16,Kortrijk 1,Kortrijk,50.83332,3.27777,2.1399589364478286,50.822642957125986,3.25242099449034,2017,6,10,34022,Kortrijk,Normaal,Droog,Dag,met lichtgewonden,9,personenauto,3,Fiets,Op Kruispunt,Gemeenteweg,binnen bebouwde kom,Tussen 2 bestuurders: Langs achteren,Geen hindernis
2733,17,Kortrijk 2,Kortrijk,50.83339,3.27773,2.141953771906532,50.822642957125986,3.25242099449034,2017,6,10,34022,Kortrijk,Normaal,Droog,Dag,met lichtgewonden,9,personenauto,3,Fiets,Op Kruispunt,Gemeenteweg,binnen bebouwde kom,Tussen 2 bestuurders: Langs achteren,Geen hindernis
2734,143,Eco Display Classic Budastraat,Kortrijk,50.83066,3.26286,0.6572480698610224,50.83170394627107,3.253648813828144,2017,6,4,34022,Kortrijk,Normaal,Droog,"Nacht, openbare verlichting aanwezig en ontstoken",met lichtgewonden,3,Fiets,5,Lichte vrachtauto,Op Kruispunt,Gewestweg,binnen bebouwde kom,Tss. 2 best.: langs opzij (voor-/achterkant-flank),Geen hindernis
2734,75,Kortrijk teller 2,Kortrijk,50.81925,3.25731,1.4084909486263388,50.83170394627107,3.253648813828144,2017,6,4,34022,Kortrijk,Normaal,Droog,"Nacht, openbare verlichting aanwezig en ontstoken",met lichtgewonden,3,Fiets,5,Lichte vrachtauto,Op Kruispunt,Gewestweg,binnen bebouwde kom,Tss. 2 best.: langs opzij (voor-/achterkant-flank),Geen hindernis
2734,74,Kortrijk teller 1,Kortrijk,50.81909,3.25728,1.4256083568973694,50.83170394627107,3.253648813828144,2017,6,4,34022,Kortrijk,Normaal,Droog,"Nacht, openbare verlichting aanwezig en ontstoken",met lichtgewonden,3,Fiets,5,Lichte vrachtauto,Op Kruispunt,Gewestweg,binnen bebouwde kom,Tss. 2 best.: langs opzij (voor-/achterkant-flank),Geen hindernis
2734,17,Kortrijk 2,Kortrijk,50.83339,3.27773,1.70156939454605,50.83170394627107,3.253648813828144,2017,6,4,34022,Kortrijk,Normaal,Droog,"Nacht, openbare verlichting aanwezig en ontstoken",met lichtgewonden,3,Fiets,5,Lichte vrachtauto,Op Kruispunt,Gewestweg,binnen bebouwde kom,Tss. 2 best.: langs opzij (voor-/achterkant-flank),Geen hindernis
2734,16,Kortrijk 1,Kortrijk,50.83332,3.27777,1.7035241243052053,50.83170394627107,3.253648813828144,2017,6,4,34022,Kortrijk,Normaal,Droog,"Nacht, openbare verlichting aanwezig en ontstoken",met lichtgewonden,3,Fiets,5,Lichte vrachtauto,Op Kruispunt,Gewestweg,binnen bebouwde kom,Tss. 2 best.: langs opzij (voor-/achterkant-flank),Geen hindernis
2735,143,Eco Display Classic Budastraat,Kortrijk,50.83066,3.26286,0.6029032829250102,50.825524972906166,3.265615788980852,2017,6,8,34022,Kortrijk,Normaal,Droog,Dag,met lichtgewonden,9,personenauto,3,Fiets,Op Kruispunt,Gemeenteweg,binnen bebouwde kom,Tss. 2 best.: langs opzij (voor-/achterkant-flank),Geen hindernis
2735,75,Kortrijk teller 2,Kortrijk,50.81925,3.25731,0.9095320435830481,50.825524972906166,3.265615788980852,2017,6,8,34022,Kortrijk,Normaal,Droog,Dag,met lichtgewonden,9,personenauto,3,Fiets,Op Kruispunt,Gemeenteweg,binnen bebouwde kom,Tss. 2 best.: langs opzij (voor-/achterkant-flank),Geen hindernis
2735,74,Kortrijk teller 1,Kortrijk,50.81909,3.25728,0.9245848369115991,50.825524972906166,3.265615788980852,2017,6,8,34022,Kortrijk,Normaal,Droog,Dag,met lichtgewonden,9,personenauto,3,Fiets,Op Kruispunt,Gemeenteweg,binnen bebouwde kom,Tss. 2 best.: langs opzij (voor-/achterkant-flank),Geen hindernis
2735,16,Kortrijk 1,Kortrijk,50.83332,3.27777,1.216548038558538,50.825524972906166,3.265615788980852,2017,6,8,34022,Kortrijk,Normaal,Droog,Dag,met lichtgewonden,9,personenauto,3,Fiets,Op Kruispunt,Gemeenteweg,binnen bebouwde kom,Tss. 2 best.: langs opzij (voor-/achterkant-flank),Geen hindernis
2735,17,Kortrijk 2,Kortrijk,50.83339,3.27773,1.2201448104277743,50.825524972906166,3.265615788980852,2017,6,8,34022,Kortrijk,Normaal,Droog,Dag,met lichtgewonden,9,personenauto,3,Fiets,Op Kruispunt,Gemeenteweg,binnen bebouwde kom,Tss. 2 best.: langs opzij (voor-/achterkant-flank),Geen hindernis
2737,74,Kortrijk teller 1,Kortrijk,50.81909,3.25728,1.1284242181401014,50.8150823748013,3.2720367885540216,2017,6,14,34022,Kortrijk,Normaal,Droog,Dag,met zwaargewonden,3,Fiets,9,personenauto,Buiten Kruispunt,Gewestweg,binnen bebouwde kom,Tussen 2 bestuurders: Langs achteren,Geen hindernis
2737,75,Kortrijk teller 2,Kortrijk,50.81925,3.25731,1.1336424140302768,50.8150823748013,3.2720367885540216,2017,6,14,34022,Kortrijk,Normaal,Droog,Dag,met zwaargewonden,3,Fiets,9,personenauto,Buiten Kruispunt,Gewestweg,binnen bebouwde kom,Tussen 2 bestuurders: Langs achteren,Geen hindernis
2737,143,Eco Display Classic Budastraat,Kortrijk,50.83066,3.26286,1.8482104447347143,50.8150823748013,3.2720367885540216,2017,6,14,34022,Kortrijk,Normaal,Droog,Dag,met zwaargewonden,3,Fiets,9,personenauto,Buiten Kruispunt,Gewestweg,binnen bebouwde kom,Tussen 2 bestuurders: Langs achteren,Geen hindernis
2737,16,Kortrijk 1,Kortrijk,50.83332,3.27777,2.067530679334642,50.8150823748013,3.2720367885540216,2017,6,14,34022,Kortrijk,Normaal,Droog,Dag,met zwaargewonden,3,Fiets,9,personenauto,Buiten Kruispunt,Gewestweg,binnen bebouwde kom,Tussen 2 bestuurders: Langs achteren,Geen hindernis
2737,17,Kortrijk 2,Kortrijk,50.83339,3.27773,2.074622316747788,50.8150823748013,3.2720367885540216,2017,6,14,34022,Kortrijk,Normaal,Droog,Dag,met zwaargewonden,3,Fiets,9,personenauto,Buiten Kruispunt,Gewestweg,binnen bebouwde kom,Tussen 2 bestuurders: Langs achteren,Geen hindernis
2738,143,Eco Display Classic Budastraat,Kortrijk,50.83066,3.26286,0.49918979076782644,50.82990333951439,3.2698659503982985,2017,6,12,34022,Kortrijk,Normaal,Droog,Dag,met lichtgewonden,3,Fiets,8,Voetganger,Op Kruispunt,Gewestweg,binnen bebouwde kom,Met een voetganger,Geen hindernis
2738,16,Kortrijk 1,Kortrijk,50.83332,3.27777,0.672667153961853,50.82990333951439,3.2698659503982985,2017,6,12,34022,Kortrijk,Normaal,Droog,Dag,met lichtgewonden,3,Fiets,8,Voetganger,Op Kruispunt,Gewestweg,binnen bebouwde kom,Met een voetganger,Geen hindernis
2738,17,Kortrijk 2,Kortrijk,50.83339,3.27773,0.6747921973910064,50.82990333951439,3.2698659503982985,2017,6,12,34022,Kortrijk,Normaal,Droog,Dag,met lichtgewonden,3,Fiets,8,Voetganger,Op Kruispunt,Gewestweg,binnen bebouwde kom,Met een voetganger,Geen hindernis
2738,75,Kortrijk teller 2,Kortrijk,50.81925,3.25731,1.4768561419342008,50.82990333951439,3.2698659503982985,2017,6,12,34022,Kortrijk,Normaal,Droog,Dag,met lichtgewonden,3,Fiets,8,Voetganger,Op Kruispunt,Gewestweg,binnen bebouwde kom,Met een voetganger,Geen hindernis
2738,74,Kortrijk teller 1,Kortrijk,50.81909,3.25728,1.4924126301780158,50.82990333951439,3.2698659503982985,2017,6,12,34022,Kortrijk,Normaal,Droog,Dag,met lichtgewonden,3,Fiets,8,Voetganger,Op Kruispunt,Gewestweg,binnen bebouwde kom,Met een voetganger,Geen hindernis
2739,75,Kortrijk teller 2,Kortrijk,50.81925,3.25731,1.7127517625584212,50.829075373725146,3.238531376424268,2017,6,9,34022,Kortrijk,Normaal,Droog,Dag,met lichtgewonden,9,personenauto,3,Fiets,Buiten Kruispunt,Gemeenteweg,binnen bebouwde kom,Tussen 2 bestuurders: Langs achteren,Geen hindernis
2739,143,Eco Display Classic Budastraat,Kortrijk,50.83066,3.26286,1.7177460494191057,50.829075373725146,3.238531376424268,2017,6,9,34022,Kortrijk,Normaal,Droog,Dag,met lichtgewonden,9,personenauto,3,Fiets,Buiten Kruispunt,Gemeenteweg,binnen bebouwde kom,Tussen 2 bestuurders: Langs achteren,Geen hindernis
2739,74,Kortrijk teller 1,Kortrijk,50.81909,3.25728,1.7225449814943092,50.829075373725146,3.238531376424268,2017,6,9,34022,Kortrijk,Normaal,Droog,Dag,met lichtgewonden,9,personenauto,3,Fiets,Buiten Kruispunt,Gemeenteweg,binnen bebouwde kom,Tussen 2 bestuurders: Langs achteren,Geen hindernis
2740,143,Eco Display Classic Budastraat,Kortrijk,50.83066,3.26286,1.3506712049701197,50.840037542819736,3.250635108367242,2017,6,10,34022,Kortrijk,Normaal,Droog,Dag,met lichtgewonden,5,Lichte vrachtauto,3,Fiets,Buiten Kruispunt,Gemeenteweg,binnen bebouwde kom,Tussen 2 bestuurders: Frontale botsing,Geen hindernis
2740,17,Kortrijk 2,Kortrijk,50.83339,3.27773,2.0412271276657994,50.840037542819736,3.250635108367242,2017,6,10,34022,Kortrijk,Normaal,Droog,Dag,met lichtgewonden,5,Lichte vrachtauto,3,Fiets,Buiten Kruispunt,Gemeenteweg,binnen bebouwde kom,Tussen 2 bestuurders: Frontale botsing,Geen hindernis
2740,16,Kortrijk 1,Kortrijk,50.83332,3.27777,2.04667488215472,50.840037542819736,3.250635108367242,2017,6,10,34022,Kortrijk,Normaal,Droog,Dag,met lichtgewonden,5,Lichte vrachtauto,3,Fiets,Buiten Kruispunt,Gemeenteweg,binnen bebouwde kom,Tussen 2 bestuurders: Frontale botsing,Geen hindernis
2740,75,Kortrijk teller 2,Kortrijk,50.81925,3.25731,2.3585306734514218,50.840037542819736,3.250635108367242,2017,6,10,34022,Kortrijk,Normaal,Droog,Dag,met lichtgewonden,5,Lichte vrachtauto,3,Fiets,Buiten Kruispunt,Gemeenteweg,binnen bebouwde kom,Tussen 2 bestuurders: Frontale botsing,Geen hindernis
2740,74,Kortrijk teller 1,Kortrijk,50.81909,3.25728,2.3755548127848822,50.840037542819736,3.250635108367242,2017,6,10,34022,Kortrijk,Normaal,Droog,Dag,met lichtgewonden,5,Lichte vrachtauto,3,Fiets,Buiten Kruispunt,Gemeenteweg,binnen bebouwde kom,Tussen 2 bestuurders: Frontale botsing,Geen hindernis
2741,75,Kortrijk teller 2,Kortrijk,50.81925,3.25731,1.1351353239851951,50.82172207224976,3.272988109466895,2017,6,16,34022,Kortrijk,Normaal,Droog,Dag,met zwaargewonden,9,personenauto,3,Fiets,Op Kruispunt,Gemeenteweg,binnen bebouwde kom,Tss. 2 best.: langs opzij (voor-/achterkant-flank),Geen hindernis
2741,74,Kortrijk teller 1,Kortrijk,50.81909,3.25728,1.141613038261736,50.82172207224976,3.272988109466895,2017,6,16,34022,Kortrijk,Normaal,Droog,Dag,met zwaargewonden,9,personenauto,3,Fiets,Op Kruispunt,Gemeenteweg,binnen bebouwde kom,Tss. 2 best.: langs opzij (voor-/achterkant-flank),Geen hindernis
2741,143,Eco Display Classic Budastraat,Kortrijk,50.83066,3.26286,1.2222177806332037,50.82172207224976,3.272988109466895,2017,6,16,34022,Kortrijk,Normaal,Droog,Dag,met zwaargewonden,9,personenauto,3,Fiets,Op Kruispunt,Gemeenteweg,binnen bebouwde kom,Tss. 2 best.: langs opzij (voor-/achterkant-flank),Geen hindernis
2741,16,Kortrijk 1,Kortrijk,50.83332,3.27777,1.3326489822013659,50.82172207224976,3.272988109466895,2017,6,16,34022,Kortrijk,Normaal,Droog,Dag,met zwaargewonden,9,personenauto,3,Fiets,Op Kruispunt,Gemeenteweg,binnen bebouwde kom,Tss. 2 best.: langs opzij (voor-/achterkant-flank),Geen hindernis
2741,17,Kortrijk 2,Kortrijk,50.83339,3.27773,1.3394814139806137,50.82172207224976,3.272988109466895,2017,6,16,34022,Kortrijk,Normaal,Droog,Dag,met zwaargewonden,9,personenauto,3,Fiets,Op Kruispunt,Gemeenteweg,binnen bebouwde kom,Tss. 2 best.: langs opzij (voor-/achterkant-flank),Geen hindernis
2743,143,Eco Display Classic Budastraat,Kortrijk,50.83066,3.26286,0.5484761110223572,50.82637406846922,3.266725331925976,2017,6,20,34022,Kortrijk,Normaal,Droog,Dag,met lichtgewonden,3,Fiets,9,personenauto,Op Kruispunt,Gewestweg,binnen bebouwde kom,Tss. 2 best.: langs opzij (voor-/achterkant-flank),Geen hindernis
2743,75,Kortrijk teller 2,Kortrijk,50.81925,3.25731,1.0319547719701747,50.82637406846922,3.266725331925976,2017,6,20,34022,Kortrijk,Normaal,Droog,Dag,met lichtgewonden,3,Fiets,9,personenauto,Op Kruispunt,Gewestweg,binnen bebouwde kom,Tss. 2 best.: langs opzij (voor-/achterkant-flank),Geen hindernis
2743,74,Kortrijk teller 1,Kortrijk,50.81909,3.25728,1.0470088451277604,50.82637406846922,3.266725331925976,2017,6,20,34022,Kortrijk,Normaal,Droog,Dag,met lichtgewonden,3,Fiets,9,personenauto,Op Kruispunt,Gewestweg,binnen bebouwde kom,Tss. 2 best.: langs opzij (voor-/achterkant-flank),Geen hindernis
2743,16,Kortrijk 1,Kortrijk,50.83332,3.27777,1.0946453278806794,50.82637406846922,3.266725331925976,2017,6,20,34022,Kortrijk,Normaal,Droog,Dag,met lichtgewonden,3,Fiets,9,personenauto,Op Kruispunt,Gewestweg,binnen bebouwde kom,Tss. 2 best.: langs opzij (voor-/achterkant-flank),Geen hindernis
2743,17,Kortrijk 2,Kortrijk,50.83339,3.27773,1.0981716439246716,50.82637406846922,3.266725331925976,2017,6,20,34022,Kortrijk,Normaal,Droog,Dag,met lichtgewonden,3,Fiets,9,personenauto,Op Kruispunt,Gewestweg,binnen bebouwde kom,Tss. 2 best.: langs opzij (voor-/achterkant-flank),Geen hindernis
2744,74,Kortrijk teller 1,Kortrijk,50.81909,3.25728,1.7871794639283258,50.80954650537425,3.277747964131051,2017,6,8,34022,Kortrijk,Normaal,Droog,Dag,met lichtgewonden,9,personenauto,3,Fiets,Op Kruispunt,Gewestweg,binnen bebouwde kom,Tss. 2 best.: langs opzij (voor-/achterkant-flank),Geen hindernis
2744,75,Kortrijk teller 2,Kortrijk,50.81925,3.25731,1.7961130544506028,50.80954650537425,3.277747964131051,2017,6,8,34022,Kortrijk,Normaal,Droog,Dag,met lichtgewonden,9,personenauto,3,Fiets,Op Kruispunt,Gewestweg,binnen bebouwde kom,Tss. 2 best.: langs opzij (voor-/achterkant-flank),Geen hindernis
2745,143,Eco Display Classic Budastraat,Kortrijk,50.83066,3.26286,0.21399616139248018,50.83254390879479,3.263482613522432,2017,6,9,34022,Kortrijk,Normaal,Droog,Dag,met lichtgewonden,3,Fiets,9,personenauto,Op Kruispunt,Gemeenteweg,binnen bebouwde kom,Tss. 2 best.: langs opzij (voor-/achterkant-flank),Geen hindernis
2745,17,Kortrijk 2,Kortrijk,50.83339,3.27773,1.0049910382630203,50.83254390879479,3.263482613522432,2017,6,9,34022,Kortrijk,Normaal,Droog,Dag,met lichtgewonden,3,Fiets,9,personenauto,Op Kruispunt,Gemeenteweg,binnen bebouwde kom,Tss. 2 best.: langs opzij (voor-/achterkant-flank),Geen hindernis
2745,16,Kortrijk 1,Kortrijk,50.83332,3.27777,1.0070918234829411,50.83254390879479,3.263482613522432,2017,6,9,34022,Kortrijk,Normaal,Droog,Dag,met lichtgewonden,3,Fiets,9,personenauto,Op Kruispunt,Gemeenteweg,binnen bebouwde kom,Tss. 2 best.: langs opzij (voor-/achterkant-flank),Geen hindernis
2745,75,Kortrijk teller 2,Kortrijk,50.81925,3.25731,1.5404855034607658,50.83254390879479,3.263482613522432,2017,6,9,34022,Kortrijk,Normaal,Droog,Dag,met lichtgewonden,3,Fiets,9,personenauto,Op Kruispunt,Gemeenteweg,binnen bebouwde kom,Tss. 2 best.: langs opzij (voor-/achterkant-flank),Geen hindernis
2745,74,Kortrijk teller 1,Kortrijk,50.81909,3.25728,1.5581536513290024,50.83254390879479,3.263482613522432,2017,6,9,34022,Kortrijk,Normaal,Droog,Dag,met lichtgewonden,3,Fiets,9,personenauto,Op Kruispunt,Gemeenteweg,binnen bebouwde kom,Tss. 2 best.: langs opzij (voor-/achterkant-flank),Geen hindernis
2755,66,Nieuwpoort totem,Nieuwpoort,51.1347,2.74369,0.38232323912928196,51.13234607366906,2.747683897641286,2017,6,12,38016,Nieuwpoort,Normaal,Droog,Dag,met lichtgewonden,3,Fiets,9,personenauto,Op Kruispunt,Gewestweg,binnen bebouwde kom,Tss. 2 best.: langs opzij (voor-/achterkant-flank),Geen hindernis
2755,63,Nieuwpoort teller 3,Nieuwpoort,51.13529,2.74289,0.46802230564023073,51.13234607366906,2.747683897641286,2017,6,12,38016,Nieuwpoort,Normaal,Droog,Dag,met lichtgewonden,3,Fiets,9,personenauto,Op Kruispunt,Gewestweg,binnen bebouwde kom,Tss. 2 best.: langs opzij (voor-/achterkant-flank),Geen hindernis
2755,65,Nieuwpoort teller 2,Nieuwpoort,51.13435,2.75511,0.5640431724196924,51.13234607366906,2.747683897641286,2017,6,12,38016,Nieuwpoort,Normaal,Droog,Dag,met lichtgewonden,3,Fiets,9,personenauto,Op Kruispunt,Gewestweg,binnen bebouwde kom,Tss. 2 best.: langs opzij (voor-/achterkant-flank),Geen hindernis
2755,64,Nieuwpoort teller 1,Nieuwpoort,51.13359,2.75737,0.6898708899275291,51.13234607366906,2.747683897641286,2017,6,12,38016,Nieuwpoort,Normaal,Droog,Dag,met lichtgewonden,3,Fiets,9,personenauto,Op Kruispunt,Gewestweg,binnen bebouwde kom,Tss. 2 best.: langs opzij (voor-/achterkant-flank),Geen hindernis
2759,68,Ieper,Ieper,50.85032,2.85608,0.4313440610562812,50.8540541770932,2.857744217036697,2017,6,3,33011,Ieper,Normaal,Droog,"Nacht, openbare verlichting aanwezig en ontstoken",met zwaargewonden,3,Fiets,10,"één bestuurder, geen hindernis",Buiten Kruispunt,Gemeenteweg,binnen bebouwde kom,"Eén bestuurder, geen hindernis (incl. val)",Geen hindernis
2759,67,Ieper totem,Ieper,50.85018,2.85624,0.44354205960608367,50.8540541770932,2.857744217036697,2017,6,3,33011,Ieper,Normaal,Droog,"Nacht, openbare verlichting aanwezig en ontstoken",met zwaargewonden,3,Fiets,10,"één bestuurder, geen hindernis",Buiten Kruispunt,Gemeenteweg,binnen bebouwde kom,"Eén bestuurder, geen hindernis (incl. val)",Geen hindernis
2763,41,Maasmechelen teller 1,Maasmechelen,50.97025,5.69799,0.7471161218535065,50.96358780016292,5.69660595058668,2017,6,12,73107,Maasmechelen,Normaal,Droog,Dag,met lichtgewonden,9,personenauto,3,Fiets,Op Kruispunt,Gewestweg,binnen bebouwde kom,Tss. 2 best.: langs opzij (voor-/achterkant-flank),Geen hindernis
2763,42,Maasmechelen teller 2,Maasmechelen,50.97043,5.6981,0.7679778797313328,50.96358780016292,5.69660595058668,2017,6,12,73107,Maasmechelen,Normaal,Droog,Dag,met lichtgewonden,9,personenauto,3,Fiets,Op Kruispunt,Gewestweg,binnen bebouwde kom,Tss. 2 best.: langs opzij (voor-/achterkant-flank),Geen hindernis