crash_row_id,site_id,site_name,site_gemeente,site_lat,site_long,distance_km,crash_lat,crash_long,DT_YEAR_COLLISION,DT_MONTH_COLLISION,DT_TIME,CD_NIS,TX_MUNTY_COLLISION_NL,TX_WEATHER_NL,TX_ROAD_CONDITION_NL,TX_LIGHT_CONDITION_NL,TX_CLASS_ACCIDENTS_NL,CD_ROAD_USR_TYPE1,TX_ROAD_USR_TYPE1_NL,CD_ROAD_USR_TYPE2,TX_ROAD_USR_TYPE2_NL,TX_CROSSWAY_NL,CD_ROAD_TYPE_NL,TX_BUILD_UP_AREA_NL,TX_COLLISION_TYPE_NL,TX_OBSTACLES_NL
2766,35,Lanaken teller 1,Lanaken,50.88112,5.6314,0.7298402834511651,50.88493694234736,5.6398634806653964,2017,6,12,73042,Lanaken,Normaal,Droog,Dag,met zwaargewonden,3,Fiets,6,Bromfiets,Buiten Kruispunt,Gewestweg,buiten bebouwde kom,Tss. 2 best.: langs opzij (voor-/achterkant-flank),Geen hindernis
2766,36,Lanaken teller 2,Lanaken,50.88131,5.63012,0.7936454338636033,50.88493694234736,5.6398634806653964,2017,6,12,73042,Lanaken,Normaal,Droog,Dag,met zwaargewonden,3,Fiets,6,Bromfiets,Buiten Kruispunt,Gewestweg,buiten bebouwde kom,Tss. 2 best.: langs opzij (voor-/achterkant-flank),Geen hindernis
2768,124,Beveren teller 2,Beveren,51.1964712,4.2361077,2.351066501288814,51.21200047381647,4.2590095408208075,2017,6,18,46003,Beveren,Normaal,Droog,Dag,met lichtgewonden,9,personenauto,3,Fiets,Buiten Kruispunt,Gemeenteweg,binnen bebouwde kom,Tss. 2 best.: langs opzij (voor-/achterkant-flank),Geen hindernis
2771,124,Beveren teller 2,Beveren,51.1964712,4.2361077,2.4669406757751524,51.21433906240297,4.257097744836533,2017,6,14,46003,Beveren,Normaal,Droog,Dag,met lichtgewonden,3,Fiets,11,een weggebruiker tegen een hindernis,Buiten Kruispunt,Gemeenteweg,binnen bebouwde kom,Weggebruiker tegen hindernis buiten rijbaan,Buiten de rijbaan: Omheining
2773,124,Beveren teller 2,Beveren,51.1964712,4.2361077,1.8959453232278944,51.210712259432164,4.2510726978058315,2017,6,12,46003,Beveren,Normaal,Droog,Dag,met lichtgewonden,6,Bromfiets,3,Fiets,Buiten Kruispunt,Gewestweg,binnen bebouwde kom,Tussen 2 bestuurders: Frontale botsing,Geen hindernis
2778,106,St. pieters leeuw teller 1,Sint-Pieters-Leeuw,50.75533,4.24951,1.1511017561663375,50.76563362144018,4.251092054120227,2017,6,13,23077,Sint-Pieters-Leeuw,Normaal,Droog,Dag,met lichtgewonden,9,personenauto,3,Fiets,Buiten Kruispunt,Gemeenteweg,buiten bebouwde kom,Tussen 2 bestuurders: Frontale botsing,Geen hindernis
2778,105,St. pieters leeuw teller 2,Halle,50.75509,4.24943,1.178211421401559,50.76563362144018,4.251092054120227,2017,6,13,23077,Sint-Pieters-Leeuw,Normaal,Droog,Dag,met lichtgewonden,9,personenauto,3,Fiets,Buiten Kruispunt,Gemeenteweg,buiten bebouwde kom,Tussen 2 bestuurders: Frontale botsing,Geen hindernis
2781,99,Mechelen teller 1,Mechelen,51.04564,4.46882,0.9002842867432842,51.03802313722359,4.473186045373242,2017,6,22,12025,Mechelen,Regenval,"Nat, plassen","Nacht, openbare verlichting aanwezig en ontstoken",met lichtgewonden,9,personenauto,3,Fiets,Op Kruispunt,Gewestweg,binnen bebouwde kom,Tss. 2 best.: langs opzij (voor-/achterkant-flank),Geen hindernis
2781,100,Mechelen teller 2,Mechelen,51.0457,4.46883,0.9063283763352662,51.03802313722359,4.473186045373242,2017,6,22,12025,Mechelen,Regenval,"Nat, plassen","Nacht, openbare verlichting aanwezig en ontstoken",met lichtgewonden,9,personenauto,3,Fiets,Op Kruispunt,Gewestweg,binnen bebouwde kom,Tss. 2 best.: langs opzij (voor-/achterkant-flank),Geen hindernis
2783,99,Mechelen teller 1,Mechelen,51.04564,4.46882,1.8895373049145523,51.03108566587973,4.482769115686854,2017,6,14,12025,Mechelen,Normaal,Droog,Dag,met lichtgewonden,1,Autobus,3,Fiets,Buiten Kruispunt,Gewestweg,binnen bebouwde kom,Tss. 2 best.: langs opzij (voor-/achterkant-flank),Geen hindernis
2783,100,Mechelen teller 2,Mechelen,51.0457,4.46883,1.8948946277193075,51.03108566587973,4.482769115686854,2017,6,14,12025,Mechelen,Normaal,Droog,Dag,met lichtgewonden,1,Autobus,3,Fiets,Buiten Kruispunt,Gewestweg,binnen bebouwde kom,Tss. 2 best.: langs opzij (voor-/achterkant-flank),Geen hindernis
2785,109,Zemst,Zemst,50.9903936,4.4707023,1.4917619376540467,51.003604036022715,4.466987371703535,2017,6,17,12025,Mechelen,Normaal,Droog,Dag,met lichtgewonden,9,personenauto,3,Fiets,Buiten Kruispunt,Gemeenteweg,buiten bebouwde kom,Tss. 2 best.: langs opzij (voor-/achterkant-flank),Geen hindernis
2787,99,Mechelen teller 1,Mechelen,51.04564,4.46882,2.4770511589110122,51.02489793891094,4.48174064488925,2017,6,16,12025,Mechelen,Normaal,Droog,Dag,met lichtgewonden,8,Voetganger,3,Fiets,Buiten Kruispunt,Gemeenteweg,binnen bebouwde kom,Met een voetganger,Geen hindernis
2787,100,Mechelen teller 2,Mechelen,51.0457,4.46883,2.48300992139334,51.02489793891094,4.48174064488925,2017,6,16,12025,Mechelen,Normaal,Droog,Dag,met lichtgewonden,8,Voetganger,3,Fiets,Buiten Kruispunt,Gemeenteweg,binnen bebouwde kom,Met een voetganger,Geen hindernis
2789,99,Mechelen teller 1,Mechelen,51.04564,4.46882,2.336837932877767,51.025213112909235,4.4766753906220975,2017,6,10,12025,Mechelen,Normaal,Droog,Dag,met lichtgewonden,9,personenauto,3,Fiets,Buiten Kruispunt,Gemeenteweg,binnen bebouwde kom,Tss. 2 best.: langs opzij (voor-/achterkant-flank),Geen hindernis
2789,100,Mechelen teller 2,Mechelen,51.0457,4.46883,2.343159343756778,51.025213112909235,4.4766753906220975,2017,6,10,12025,Mechelen,Normaal,Droog,Dag,met lichtgewonden,9,personenauto,3,Fiets,Buiten Kruispunt,Gemeenteweg,binnen bebouwde kom,Tss. 2 best.: langs opzij (voor-/achterkant-flank),Geen hindernis
2790,99,Mechelen teller 1,Mechelen,51.04564,4.46882,1.4719701093422135,51.03309206923885,4.475527371317096,2017,6,18,12025,Mechelen,Normaal,Droog,Dag,met lichtgewonden,8,Voetganger,3,Fiets,Buiten Kruispunt,Gemeenteweg,binnen bebouwde kom,Met een voetganger,Geen hindernis
2790,100,Mechelen teller 2,Mechelen,51.0457,4.46883,1.4780739230740183,51.03309206923885,4.475527371317096,2017,6,18,12025,Mechelen,Normaal,Droog,Dag,met lichtgewonden,8,Voetganger,3,Fiets,Buiten Kruispunt,Gemeenteweg,binnen bebouwde kom,Met een voetganger,Geen hindernis
2793,140,Hasselt ring,Hasselt,50.9300038,5.3438616,0.7034138010488055,50.92882470289595,5.353722489040944,2017,6,13,71022,Hasselt,Normaal,Droog,Dag,met lichtgewonden,9,personenauto,3,Fiets,Op Kruispunt,Gewestweg,binnen bebouwde kom,Tussen 2 bestuurders: Frontale botsing,Geen hindernis
2793,138,Hasselt-Kempische brug,Hasselt,50.9405318,5.3422472,1.5301124669151016,50.92882470289595,5.353722489040944,2017,6,13,71022,Hasselt,Normaal,Droog,Dag,met lichtgewonden,9,personenauto,3,Fiets,Op Kruispunt,Gewestweg,binnen bebouwde kom,Tussen 2 bestuurders: Frontale botsing,Geen hindernis
2793,137,Hasselt-Kempische brug,Hasselt,50.9411605,5.3417576,1.6076337729399983,50.92882470289595,5.353722489040944,2017,6,13,71022,Hasselt,Normaal,Droog,Dag,met lichtgewonden,9,personenauto,3,Fiets,Op Kruispunt,Gewestweg,binnen bebouwde kom,Tussen 2 bestuurders: Frontale botsing,Geen hindernis
2794,137,Hasselt-Kempische brug,Hasselt,50.9411605,5.3417576,0.5769231961074035,50.94265418867256,5.333872069713431,2017,6,17,71022,Hasselt,Normaal,Droog,Dag,met lichtgewonden,5,Lichte vrachtauto,3,Fiets,Op Kruispunt,Gewestweg,buiten bebouwde kom,Tss. 2 best.: langs opzij (voor-/achterkant-flank),Geen hindernis
2794,138,Hasselt-Kempische brug,Hasselt,50.9405318,5.3422472,0.6324845060207079,50.94265418867256,5.333872069713431,2017,6,17,71022,Hasselt,Normaal,Droog,Dag,met lichtgewonden,5,Lichte vrachtauto,3,Fiets,Op Kruispunt,Gewestweg,buiten bebouwde kom,Tss. 2 best.: langs opzij (voor-/achterkant-flank),Geen hindernis
2794,140,Hasselt ring,Hasselt,50.9300038,5.3438616,1.571205791473549,50.94265418867256,5.333872069713431,2017,6,17,71022,Hasselt,Normaal,Droog,Dag,met lichtgewonden,5,Lichte vrachtauto,3,Fiets,Op Kruispunt,Gewestweg,buiten bebouwde kom,Tss. 2 best.: langs opzij (voor-/achterkant-flank),Geen hindernis
2795,140,Hasselt ring,Hasselt,50.9300038,5.3438616,0.8004018884694643,50.92322399743891,5.340024948464302,2017,6,11,71022,Hasselt,Normaal,Droog,Dag,met lichtgewonden,9,personenauto,3,Fiets,Buiten Kruispunt,Gewestweg,binnen bebouwde kom,Tussen 2 bestuurders: Frontale botsing,Geen hindernis
2795,138,Hasselt-Kempische brug,Hasselt,50.9405318,5.3422472,1.9308306609696138,50.92322399743891,5.340024948464302,2017,6,11,71022,Hasselt,Normaal,Droog,Dag,met lichtgewonden,9,personenauto,3,Fiets,Buiten Kruispunt,Gewestweg,binnen bebouwde kom,Tussen 2 bestuurders: Frontale botsing,Geen hindernis
2795,137,Hasselt-Kempische brug,Hasselt,50.9411605,5.3417576,1.9981408311034954,50.92322399743891,5.340024948464302,2017,6,11,71022,Hasselt,Normaal,Droog,Dag,met lichtgewonden,9,personenauto,3,Fiets,Buiten Kruispunt,Gewestweg,binnen bebouwde kom,Tussen 2 bestuurders: Frontale botsing,Geen hindernis
2797,30,Herk De Stad,Herk-de-Stad,50.94374,5.17691,1.8583710389182642,50.943218228237676,5.150398434244814,2017,6,14,71024,Herk-de-Stad,Normaal,Droog,Dag,met zwaargewonden,8,Voetganger,3,Fiets,Buiten Kruispunt,Gewestweg,buiten bebouwde kom,Met een voetganger,Geen hindernis
2797,31,Herk De Stad,Herk-de-Stad,50.94366,5.1775,1.8994389337011588,50.943218228237676,5.150398434244814,2017,6,14,71024,Herk-de-Stad,Normaal,Droog,Dag,met zwaargewonden,8,Voetganger,3,Fiets,Buiten Kruispunt,Gewestweg,buiten bebouwde kom,Met een voetganger,Geen hindernis
2799,140,Hasselt ring,Hasselt,50.9300038,5.3438616,1.0770144648659732,50.92060468758956,5.347572658201637,2017,6,22,71022,Hasselt,Normaal,Droog,"Nacht, openbare verlichting aanwezig en ontstoken",met lichtgewonden,3,Fiets,9,personenauto,Op Kruispunt,Gemeenteweg,binnen bebouwde kom,Tussen 2 bestuurders: Frontale botsing,Geen hindernis
2799,138,Hasselt-Kempische brug,Hasselt,50.9405318,5.3422472,2.2470055678074567,50.92060468758956,5.347572658201637,2017,6,22,71022,Hasselt,Normaal,Droog,"Nacht, openbare verlichting aanwezig en ontstoken",met lichtgewonden,3,Fiets,9,personenauto,Op Kruispunt,Gemeenteweg,binnen bebouwde kom,Tussen 2 bestuurders: Frontale botsing,Geen hindernis
2799,137,Hasselt-Kempische brug,Hasselt,50.9411605,5.3417576,2.3217477461221465,50.92060468758956,5.347572658201637,2017,6,22,71022,Hasselt,Normaal,Droog,"Nacht, openbare verlichting aanwezig en ontstoken",met lichtgewonden,3,Fiets,9,personenauto,Op Kruispunt,Gemeenteweg,binnen bebouwde kom,Tussen 2 bestuurders: Frontale botsing,Geen hindernis
2801,12,Tervuren,Kraainem,50.81896,4.47803,2.372494507301494,50.82088075657322,4.511665763138019,2017,6,11,24104,Tervuren,Normaal,Droog,Dag,met lichtgewonden,9,personenauto,3,Fiets,Op Kruispunt,Gemeenteweg,binnen bebouwde kom,Tss. 2 best.: langs opzij (voor-/achterkant-flank),Geen hindernis
2802,76,Heverlee teller 2,Leuven,50.84606,4.69597,2.4071557078258445,50.836376851158406,4.6653087574363825,2017,6,13,24086,Oud-Heverlee,Normaal,Droog,Dag,met lichtgewonden,3,Fiets,3,Fiets,Op Kruispunt,Gemeenteweg,binnen bebouwde kom,Tss. 2 best.: langs opzij (voor-/achterkant-flank),Geen hindernis
2802,108,Heverlee teller 1,Leuven,50.8471728,4.6954674,2.434204675992355,50.836376851158406,4.6653087574363825,2017,6,13,24086,Oud-Heverlee,Normaal,Droog,Dag,met lichtgewonden,3,Fiets,3,Fiets,Op Kruispunt,Gemeenteweg,binnen bebouwde kom,Tss. 2 best.: langs opzij (voor-/achterkant-flank),Geen hindernis
2803,150,Bertem,District Leuven,50.8687535,4.56136297,2.482758288053492,50.85037698435412,4.58145469853295,2017,6,16,24009,Bertem,Normaal,Droog,Dag,met lichtgewonden,9,personenauto,3,Fiets,Buiten Kruispunt,Gemeenteweg,binnen bebouwde kom,Tussen 2 bestuurders: Langs achteren,Geen hindernis
2807,76,Heverlee teller 2,Leuven,50.84606,4.69597,2.432421549069065,50.8303102969058,4.720009758231852,2017,6,9,24086,Oud-Heverlee,Normaal,Droog,Dag,met lichtgewonden,3,Fiets,11,een weggebruiker tegen een hindernis,Buiten Kruispunt,Gemeenteweg,binnen bebouwde kom,Weggebruiker tegen hindernis buiten rijbaan,Andere hindernis
2832,2,Brasschaat 2,Brasschaat,51.27512,4.47169,2.485595000526053,51.25756749863067,4.4495683401270725,2017,7,16,11002,Antwerpen,Normaal,Droog,Dag,met lichtgewonden,9,personenauto,3,Fiets,Buiten Kruispunt,Gemeenteweg,binnen bebouwde kom,Tss. 2 best.: langs opzij (voor-/achterkant-flank),Geen hindernis
2883,2,Brasschaat 2,Brasschaat,51.27512,4.47169,0.21759953543805907,51.276728318606956,4.469907898963832,2017,7,8,11008,Brasschaat,Normaal,Droog,Dag,met lichtgewonden,9,personenauto,3,Fiets,Buiten Kruispunt,Gewestweg,buiten bebouwde kom,Tss. 2 best.: langs opzij (voor-/achterkant-flank),Geen hindernis
2883,3,Brasschaat 1,Brasschaat,51.27503,4.47222,0.2480497366510082,51.276728318606956,4.469907898963832,2017,7,8,11008,Brasschaat,Normaal,Droog,Dag,met lichtgewonden,9,personenauto,3,Fiets,Buiten Kruispunt,Gewestweg,buiten bebouwde kom,Tss. 2 best.: langs opzij (voor-/achterkant-flank),Geen hindernis
2885,3,Brasschaat 1,Brasschaat,51.27503,4.47222,1.6654098819300054,51.28720682994695,4.486161644691964,2017,7,16,11008,Brasschaat,Normaal,Droog,Dag,met zwaargewonden,9,personenauto,3,Fiets,Buiten Kruispunt,Gewestweg,binnen bebouwde kom,Tussen 2 bestuurders: Frontale botsing,Geen hindernis
2885,2,Brasschaat 2,Brasschaat,51.27512,4.47169,1.6791177619068642,51.28720682994695,4.486161644691964,2017,7,16,11008,Brasschaat,Normaal,Droog,Dag,met zwaargewonden,9,personenauto,3,Fiets,Buiten Kruispunt,Gewestweg,binnen bebouwde kom,Tussen 2 bestuurders: Frontale botsing,Geen hindernis
2886,3,Brasschaat 1,Brasschaat,51.27503,4.47222,2.3692501392175203,51.29159854117993,4.493639077746245,2017,8,11,11008,Brasschaat,Normaal,Droog,Dag,met lichtgewonden,3,Fiets,8,Voetganger,Buiten Kruispunt,Gewestweg,binnen bebouwde kom,Met een voetganger,Geen hindernis
2886,2,Brasschaat 2,Brasschaat,51.27512,4.47169,2.3848999987680863,51.29159854117993,4.493639077746245,2017,8,11,11008,Brasschaat,Normaal,Droog,Dag,met lichtgewonden,3,Fiets,8,Voetganger,Buiten Kruispunt,Gewestweg,binnen bebouwde kom,Met een voetganger,Geen hindernis
2889,3,Brasschaat 1,Brasschaat,51.27503,4.47222,1.7781840385403922,51.287542660682206,4.488140336977484,2017,7,8,11008,Brasschaat,Normaal,Droog,Dag,met lichtgewonden,3,Fiets,3,Fiets,Buiten Kruispunt,Gemeenteweg,binnen bebouwde kom,Tss. 2 best.: langs opzij (voor-/achterkant-flank),Geen hindernis
2889,2,Brasschaat 2,Brasschaat,51.27512,4.47169,1.7936506269675476,51.287542660682206,4.488140336977484,2017,7,8,11008,Brasschaat,Normaal,Droog,Dag,met lichtgewonden,3,Fiets,3,Fiets,Buiten Kruispunt,Gemeenteweg,binnen bebouwde kom,Tss. 2 best.: langs opzij (voor-/achterkant-flank),Geen hindernis
2890,3,Brasschaat 1,Brasschaat,51.27503,4.47222,2.446296705242815,51.25515464917107,4.4872948232206324,2017,7,19,11040,Schoten,Normaal,Droog,Dag,met zwaargewonden,3,Fiets,10,"één bestuurder, geen hindernis",Buiten Kruispunt,Gemeenteweg,binnen bebouwde kom,"Eén bestuurder, geen hindernis (incl. val)",Geen hindernis
2890,2,Brasschaat 2,Brasschaat,51.27512,4.47169,2.4713182284558974,51.25515464917107,4.4872948232206324,2017,7,19,11040,Schoten,Normaal,Droog,Dag,met zwaargewonden,3,Fiets,10,"één bestuurder, geen hindernis",Buiten Kruispunt,Gemeenteweg,binnen bebouwde kom,"Eén bestuurder, geen hindernis (incl. val)",Geen hindernis
2895,104,Malle teller 2,Malle,51.31682,4.73852,1.8013469698904363,51.30115510037391,4.731915041020722,2017,7,5,11057,Malle,Normaal,Droog,Dag,met lichtgewonden,3,Fiets,9,personenauto,Op Kruispunt,Gewestweg,binnen bebouwde kom,Tss. 2 best.: langs opzij (voor-/achterkant-flank),Geen hindernis
2895,103,Malle teller 1,Malle,51.31681,4.73872,1.8038672151496076,51.30115510037391,4.731915041020722,2017,7,5,11057,Malle,Normaal,Droog,Dag,met lichtgewonden,3,Fiets,9,personenauto,Op Kruispunt,Gewestweg,binnen bebouwde kom,Tss. 2 best.: langs opzij (voor-/achterkant-flank),Geen hindernis
2897,2,Brasschaat 2,Brasschaat,51.27512,4.47169,1.1725213774697363,51.26567282373595,4.464202908307515,2017,6,16,11040,Schoten,Normaal,Droog,Dag,met lichtgewonden,3,Fiets,5,Lichte vrachtauto,Buiten Kruispunt,Gewestweg,binnen bebouwde kom,Tss. 2 best.: langs opzij (voor-/achterkant-flank),Geen hindernis
2897,3,Brasschaat 1,Brasschaat,51.27503,4.47222,1.1805301275807136,51.26567282373595,4.464202908307515,2017,6,16,11040,Schoten,Normaal,Droog,Dag,met lichtgewonden,3,Fiets,5,Lichte vrachtauto,Buiten Kruispunt,Gewestweg,binnen bebouwde kom,Tss. 2 best.: langs opzij (voor-/achterkant-flank),Geen hindernis
2898,104,Malle teller 2,Malle,51.31682,4.73852,2.397617724256247,51.29893528702234,4.719252998909655,2017,7,16,11057,Malle,Normaal,Droog,Dag,met lichtgewonden,3,Fiets,3,Fiets,Buiten Kruispunt,Gewestweg,buiten bebouwde kom,Tussen 2 bestuurders: Frontale botsing,Geen hindernis
2898,103,Malle teller 1,Malle,51.31681,4.73872,2.404491945760932,51.29893528702234,4.719252998909655,2017,7,16,11057,Malle,Normaal,Droog,Dag,met lichtgewonden,3,Fiets,3,Fiets,Buiten Kruispunt,Gewestweg,buiten bebouwde kom,Tussen 2 bestuurders: Frontale botsing,Geen hindernis
2901,8,Heist op den Berg 1,Heist-op-den-Berg,51.06759,4.68823,2.1441578030773822,51.06165809385439,4.659034374773831,2017,7,21,12029,Putte,Normaal,Droog,Dag,met lichtgewonden,9,personenauto,3,Fiets,Buiten Kruispunt,Gewestweg,buiten bebouwde kom,Tss. 2 best.: langs opzij (voor-/achterkant-flank),Geen hindernis
2903,93,Nijlen teller 2,Nijlen,51.14998,4.64469,2.3051341591751795,51.13891141619565,4.616750107384225,2017,7,7,12026,Nijlen,Onbekend,Onbekend,Onbekend,met lichtgewonden,3,Fiets,9,personenauto,Op Kruispunt,Gewestweg,onbekend,Tussen 2 bestuurders: Frontale botsing,Geen hindernis
2903,92,Nijlen teller 1,Nijlen,51.14989,4.64479,2.305723052210621,51.13891141619565,4.616750107384225,2017,7,7,12026,Nijlen,Onbekend,Onbekend,Onbekend,met lichtgewonden,3,Fiets,9,personenauto,Op Kruispunt,Gewestweg,onbekend,Tussen 2 bestuurders: Frontale botsing,Geen hindernis
2910,9,Heist op den Berg 2,Heist-op-den-Berg,51.06904,4.69524,1.5546613860236085,51.0768620440368,4.713683459989121,2017,7,10,12014,Heist-op-den-Berg,Normaal,Droog,Dag,met lichtgewonden,3,Fiets,11,een weggebruiker tegen een hindernis,Buiten Kruispunt,Gemeenteweg,binnen bebouwde kom,Weggebruiker tegen hindernis op de rijbaan,Op de rijbaan: Lading
2910,8,Heist op den Berg 1,Heist-op-den-Berg,51.06759,4.68823,2.0556351247926803,51.0768620440368,4.713683459989121,2017,7,10,12014,Heist-op-den-Berg,Normaal,Droog,Dag,met lichtgewonden,3,Fiets,11,een weggebruiker tegen een hindernis,Buiten Kruispunt,Gemeenteweg,binnen bebouwde kom,Weggebruiker tegen hindernis op de rijbaan,Op de rijbaan: Lading
2913,9,Heist op den Berg 2,Heist-op-den-Berg,51.06904,4.69524,1.3476016609428603,51.05780018658033,4.702452043710466,2017,7,11,12014,Heist-op-den-Berg,Normaal,Droog,Dag,met lichtgewonden,3,Fiets,11,een weggebruiker tegen een hindernis,Buiten Kruispunt,Gemeenteweg,buiten bebouwde kom,Weggebruiker tegen hindernis buiten rijbaan,Buiten de rijbaan: Andere paal
2913,8,Heist op den Berg 1,Heist-op-den-Berg,51.06759,4.68823,1.4740374638584341,51.05780018658033,4.702452043710466,2017,7,11,12014,Heist-op-den-Berg,Normaal,Droog,Dag,met lichtgewonden,3,Fiets,11,een weggebruiker tegen een hindernis,Buiten Kruispunt,Gemeenteweg,buiten bebouwde kom,Weggebruiker tegen hindernis buiten rijbaan,Buiten de rijbaan: Andere paal
2919,89,Westerlo teller 2,Westerlo,51.08191,4.91334,1.1892234530961405,51.07621127536506,4.927745491265089,2017,7,9,13013,Herselt,Normaal,Droog,Dag,met lichtgewonden,3,Fiets,11,een weggebruiker tegen een hindernis,Buiten Kruispunt,Gemeenteweg,buiten bebouwde kom,Weggebruiker tegen hindernis buiten rijbaan,Buiten de rijbaan: Verlichtingspaal
2919,88,Westerlo teller 1,Westerlo,51.082,4.91325,1.199886316450178,51.07621127536506,4.927745491265089,2017,7,9,13013,Herselt,Normaal,Droog,Dag,met lichtgewonden,3,Fiets,11,een weggebruiker tegen een hindernis,Buiten Kruispunt,Gemeenteweg,buiten bebouwde kom,Weggebruiker tegen hindernis buiten rijbaan,Buiten de rijbaan: Verlichtingspaal
2922,98,Geel teller 2,Geel,51.1481,4.99643,0.2676919747493336,51.15016892618068,4.994467727155527,2017,7,5,13008,Geel,Normaal,Droog,Dageraad - schemering,met lichtgewonden,9,personenauto,3,Fiets,Op Kruispunt,Gewestweg,buiten bebouwde kom,Tussen 2 bestuurders: Frontale botsing,Geen hindernis
2922,97,Geel teller 1,Geel,51.14813,4.99698,0.2865464718675906,51.15016892618068,4.994467727155527,2017,7,5,13008,Geel,Normaal,Droog,Dageraad - schemering,met lichtgewonden,9,personenauto,3,Fiets,Op Kruispunt,Gewestweg,buiten bebouwde kom,Tussen 2 bestuurders: Frontale botsing,Geen hindernis
2923,97,Geel teller 1,Geel,51.14813,4.99698,2.418354677371724,51.12744650262801,5.007695267233495,2017,7,16,13008,Geel,Normaal,Droog,Dag,met lichtgewonden,3,Fiets,9,personenauto,Op Kruispunt,Gemeenteweg,binnen bebouwde kom,Tss. 2 best.: langs opzij (voor-/achterkant-flank),Geen hindernis
2923,98,Geel teller 2,Geel,51.1481,4.99643,2.4273347983263065,51.12744650262801,5.007695267233495,2017,7,16,13008,Geel,Normaal,Droog,Dag,met lichtgewonden,3,Fiets,9,personenauto,Op Kruispunt,Gemeenteweg,binnen bebouwde kom,Tss. 2 best.: langs opzij (voor-/achterkant-flank),Geen hindernis
2924,98,Geel teller 2,Geel,51.1481,4.99643,0.24277332502614,51.1499670921796,4.994625855324165,2017,7,10,13008,Geel,Normaal,Droog,Dag,met zwaargewonden,9,personenauto,3,Fiets,Op Kruispunt,Gewestweg,buiten bebouwde kom,Tss. 2 best.: langs opzij (voor-/achterkant-flank),Geen hindernis
2924,97,Geel teller 1,Geel,51.14813,4.99698,0.2620921096652089,51.1499670921796,4.994625855324165,2017,7,10,13008,Geel,Normaal,Droog,Dag,met zwaargewonden,9,personenauto,3,Fiets,Op Kruispunt,Gewestweg,buiten bebouwde kom,Tss. 2 best.: langs opzij (voor-/achterkant-flank),Geen hindernis
2928,4,Balen 1,Balen,51.16023,5.19011,1.7366309541747893,51.17247148285371,5.174643090553186,2017,8,15,13003,Balen,Normaal,Droog,Dag,met lichtgewonden,9,personenauto,3,Fiets,Op Kruispunt,Gemeenteweg,binnen bebouwde kom,Tss. 2 best.: langs opzij (voor-/achterkant-flank),Geen hindernis
2928,5,Balen 2,Balen,51.16018,5.19003,1.73754273806511,51.17247148285371,5.174643090553186,2017,8,15,13003,Balen,Normaal,Droog,Dag,met lichtgewonden,9,personenauto,3,Fiets,Op Kruispunt,Gemeenteweg,binnen bebouwde kom,Tss. 2 best.: langs opzij (voor-/achterkant-flank),Geen hindernis
2930,94,Herentals teller 2,Herentals,51.17345,4.81283,1.4705958526830367,51.176952206646284,4.8331720239577995,2017,7,14,13011,Herentals,Normaal,Droog,Dag,met lichtgewonden,6,Bromfiets,3,Fiets,Op Kruispunt,Gemeenteweg,binnen bebouwde kom,Tussen 2 bestuurders: Frontale botsing,Geen hindernis
2930,110,Herentals totem,Herentals,51.1739426,4.811783,1.5281707903656427,51.176952206646284,4.8331720239577995,2017,7,14,13011,Herentals,Normaal,Droog,Dag,met lichtgewonden,6,Bromfiets,3,Fiets,Op Kruispunt,Gemeenteweg,binnen bebouwde kom,Tussen 2 bestuurders: Frontale botsing,Geen hindernis
2931,94,Herentals teller 2,Herentals,51.17345,4.81283,1.6851835904699761,51.17709515404107,4.836293679152638,2017,8,15,13011,Herentals,Normaal,Droog,Dag,met lichtgewonden,9,personenauto,3,Fiets,Op Kruispunt,Gewestweg,binnen bebouwde kom,Tss. 2 best.: langs opzij (voor-/achterkant-flank),Geen hindernis
2931,110,Herentals totem,Herentals,51.1739426,4.811783,1.7442808528887732,51.17709515404107,4.836293679152638,2017,8,15,13011,Herentals,Normaal,Droog,Dag,met lichtgewonden,9,personenauto,3,Fiets,Op Kruispunt,Gewestweg,binnen bebouwde kom,Tss. 2 best.: langs opzij (voor-/achterkant-flank),Geen hindernis
2932,94,Herentals teller 2,Herentals,51.17345,4.81283,1.276045310643742,51.163997329089405,4.823207364694761,2017,7,19,13011,Herentals,Normaal,Droog,Dag,met lichtgewonden,3,Fiets,9,personenauto,Op Kruispunt,Gemeenteweg,buiten bebouwde kom,Tss. 2 best.: langs opzij (voor-/achterkant-flank),Geen hindernis
2932,110,Herentals totem,Herentals,51.1739426,4.811783,1.3628629265365313,51.163997329089405,4.823207364694761,2017,7,19,13011,Herentals,Normaal,Droog,Dag,met lichtgewonden,3,Fiets,9,personenauto,Op Kruispunt,Gemeenteweg,buiten bebouwde kom,Tss. 2 best.: langs opzij (voor-/achterkant-flank),Geen hindernis
2933,94,Herentals teller 2,Herentals,51.17345,4.81283,1.753897012583814,51.17240383150495,4.837932305827038,2017,7,15,13011,Herentals,Normaal,Droog,Dag,met lichtgewonden,7,Motorfiets,3,Fiets,Op Kruispunt,Gemeenteweg,binnen bebouwde kom,Tss. 2 best.: langs opzij (voor-/achterkant-flank),Geen hindernis
2933,110,Herentals totem,Herentals,51.1739426,4.811783,1.8310300126319035,51.17240383150495,4.837932305827038,2017,7,15,13011,Herentals,Normaal,Droog,Dag,met lichtgewonden,7,Motorfiets,3,Fiets,Op Kruispunt,Gemeenteweg,binnen bebouwde kom,Tss. 2 best.: langs opzij (voor-/achterkant-flank),Geen hindernis
2934,37,Lommel teller 1,Lommel,51.23299,5.29211,1.230033425598217,51.2271796748435,5.307142276726629,2017,7,8,72020,Lommel,Normaal,Droog,Dag,met lichtgewonden,9,personenauto,3,Fiets,Buiten Kruispunt,Gemeenteweg,binnen bebouwde kom,Tss. 2 best.: langs opzij (voor-/achterkant-flank),Geen hindernis