crash_row_id,site_id,site_name,site_gemeente,site_lat,site_long,distance_km,crash_lat,crash_long,DT_YEAR_COLLISION,DT_MONTH_COLLISION,DT_TIME,CD_NIS,TX_MUNTY_COLLISION_NL,TX_WEATHER_NL,TX_ROAD_CONDITION_NL,TX_LIGHT_CONDITION_NL,TX_CLASS_ACCIDENTS_NL,CD_ROAD_USR_TYPE1,TX_ROAD_USR_TYPE1_NL,CD_ROAD_USR_TYPE2,TX_ROAD_USR_TYPE2_NL,TX_CROSSWAY_NL,CD_ROAD_TYPE_NL,TX_BUILD_UP_AREA_NL,TX_COLLISION_TYPE_NL,TX_OBSTACLES_NL
2934,38,Lommel teller 2,Lommel,51.23277,5.29189,1.2305601867409128,51.2271796748435,5.307142276726629,2017,7,8,72020,Lommel,Normaal,Droog,Dag,met lichtgewonden,9,personenauto,3,Fiets,Buiten Kruispunt,Gemeenteweg,binnen bebouwde kom,Tss. 2 best.: langs opzij (voor-/achterkant-flank),Geen hindernis
2935,37,Lommel teller 1,Lommel,51.23299,5.29211,1.9070836539728375,51.24030178939738,5.3168887889945315,2017,7,11,72020,Lommel,Normaal,Droog,Dag,met lichtgewonden,9,personenauto,3,Fiets,Op Kruispunt,Gemeenteweg,buiten bebouwde kom,Tss. 2 best.: langs opzij (voor-/achterkant-flank),Geen hindernis
2935,38,Lommel teller 2,Lommel,51.23277,5.29189,1.9314342024417896,51.24030178939738,5.3168887889945315,2017,7,11,72020,Lommel,Normaal,Droog,Dag,met lichtgewonden,9,personenauto,3,Fiets,Op Kruispunt,Gemeenteweg,buiten bebouwde kom,Tss. 2 best.: langs opzij (voor-/achterkant-flank),Geen hindernis
2936,46,Pelt teller 2,Pelt,51.231,5.44375,2.100158125916719,51.21218401382427,5.441134180300692,2017,7,9,72043,Pelt,Normaal,Droog,Dag,met lichtgewonden,2,Andere weggebruiker,3,Fiets,Op Kruispunt,Gemeenteweg,buiten bebouwde kom,Tss. 2 best.: langs opzij (voor-/achterkant-flank),Geen hindernis
2936,45,Pelt teller 1,Pelt,51.23127,5.44377,2.1301887145353,51.21218401382427,5.441134180300692,2017,7,9,72043,Pelt,Normaal,Droog,Dag,met lichtgewonden,2,Andere weggebruiker,3,Fiets,Op Kruispunt,Gemeenteweg,buiten bebouwde kom,Tss. 2 best.: langs opzij (voor-/achterkant-flank),Geen hindernis
2950,21,Bilzen,Bilzen,50.86015,5.50161,1.6038455014998851,50.87203250999665,5.514564724917041,2017,6,20,73006,Bilzen,Normaal,Droog,Dag,met lichtgewonden,3,Fiets,9,personenauto,Buiten Kruispunt,Gewestweg,binnen bebouwde kom,Tss. 2 best.: langs opzij (voor-/achterkant-flank),Geen hindernis
2951,21,Bilzen,Bilzen,50.86015,5.50161,1.027951319780144,50.86786390200538,5.509682257934942,2017,7,19,73006,Bilzen,Normaal,Droog,Dag,met lichtgewonden,9,personenauto,3,Fiets,Buiten Kruispunt,Gemeenteweg,binnen bebouwde kom,Tss. 2 best.: langs opzij (voor-/achterkant-flank),Geen hindernis
2953,43,Maaseik teller 1,Maaseik,51.09344,5.79715,1.258912541483018,51.097121852581154,5.780102535526888,2017,8,15,72021,Maaseik,Normaal,Droog,Dag,met lichtgewonden,5,Lichte vrachtauto,3,Fiets,Op Kruispunt,Gewestweg,binnen bebouwde kom,Tss. 2 best.: langs opzij (voor-/achterkant-flank),Geen hindernis
2953,44,Maaseik teller 2,Maaseik,51.09359,5.79726,1.2608830541845235,51.097121852581154,5.780102535526888,2017,8,15,72021,Maaseik,Normaal,Droog,Dag,met lichtgewonden,5,Lichte vrachtauto,3,Fiets,Op Kruispunt,Gewestweg,binnen bebouwde kom,Tss. 2 best.: langs opzij (voor-/achterkant-flank),Geen hindernis
2958,139,Houthalen-Helchteren,Houthalen-Helchteren,51.0644267,5.3819796,0.8690673238070759,51.068212700053955,5.392860069134121,2017,7,15,72039,Houthalen-Helchteren,Normaal,Droog,Dag,met lichtgewonden,3,Fiets,3,Fiets,Buiten Kruispunt,Gemeenteweg,buiten bebouwde kom,Tussen 2 bestuurders: Frontale botsing,Geen hindernis
2963,49,Bokrijk,Genk,50.95264,5.41001,0.7956432159624844,50.95961809249665,5.407496982896151,2017,8,11,71016,Genk,Normaal,Droog,Dag,met lichtgewonden,3,Fiets,8,Voetganger,Buiten Kruispunt,Gemeenteweg,buiten bebouwde kom,Met een voetganger,Geen hindernis
2966,69,Leuven teller 1,Leuven,50.87549,4.71526,0.875688409448164,50.86907239933669,4.708026937583895,2017,7,7,24062,Leuven,Normaal,"Nat, plassen",Dag,met lichtgewonden,9,personenauto,3,Fiets,Op Kruispunt,Gewestweg,binnen bebouwde kom,Tussen 2 bestuurders: Frontale botsing,Geen hindernis
2966,151,Leuven,District Leuven,50.8690262,4.6854839,1.581955951099839,50.86907239933669,4.708026937583895,2017,7,7,24062,Leuven,Normaal,"Nat, plassen",Dag,met lichtgewonden,9,personenauto,3,Fiets,Op Kruispunt,Gewestweg,binnen bebouwde kom,Tussen 2 bestuurders: Frontale botsing,Geen hindernis
2966,77,Leuven teller 2,Leuven,50.88672,4.70796,1.9623292811689552,50.86907239933669,4.708026937583895,2017,7,7,24062,Leuven,Normaal,"Nat, plassen",Dag,met lichtgewonden,9,personenauto,3,Fiets,Op Kruispunt,Gewestweg,binnen bebouwde kom,Tussen 2 bestuurders: Frontale botsing,Geen hindernis
2966,107,leuven totem,Leuven,50.8870744,4.7087919,2.002450521875884,50.86907239933669,4.708026937583895,2017,7,7,24062,Leuven,Normaal,"Nat, plassen",Dag,met lichtgewonden,9,personenauto,3,Fiets,Op Kruispunt,Gewestweg,binnen bebouwde kom,Tussen 2 bestuurders: Frontale botsing,Geen hindernis
2967,77,Leuven teller 2,Leuven,50.88672,4.70796,0.5579540785423536,50.8820915862769,4.704888022016499,2017,7,13,24062,Leuven,Regenval,"Nat, plassen+Proper",Dag,met lichtgewonden,9,personenauto,3,Fiets,Op Kruispunt,Gemeenteweg,binnen bebouwde kom,Tss. 2 best.: langs opzij (voor-/achterkant-flank),Geen hindernis
2967,107,leuven totem,Leuven,50.8870744,4.7087919,0.6180506885016925,50.8820915862769,4.704888022016499,2017,7,13,24062,Leuven,Regenval,"Nat, plassen+Proper",Dag,met lichtgewonden,9,personenauto,3,Fiets,Op Kruispunt,Gemeenteweg,binnen bebouwde kom,Tss. 2 best.: langs opzij (voor-/achterkant-flank),Geen hindernis
2967,69,Leuven teller 1,Leuven,50.87549,4.71526,1.0336300092514972,50.8820915862769,4.704888022016499,2017,7,13,24062,Leuven,Regenval,"Nat, plassen+Proper",Dag,met lichtgewonden,9,personenauto,3,Fiets,Op Kruispunt,Gemeenteweg,binnen bebouwde kom,Tss. 2 best.: langs opzij (voor-/achterkant-flank),Geen hindernis
2967,151,Leuven,District Leuven,50.8690262,4.6854839,1.9910509750104577,50.8820915862769,4.704888022016499,2017,7,13,24062,Leuven,Regenval,"Nat, plassen+Proper",Dag,met lichtgewonden,9,personenauto,3,Fiets,Op Kruispunt,Gemeenteweg,binnen bebouwde kom,Tss. 2 best.: langs opzij (voor-/achterkant-flank),Geen hindernis
2969,69,Leuven teller 1,Leuven,50.87549,4.71526,1.2644340862564554,50.86439547677195,4.711308494400032,2017,7,12,24062,Leuven,Normaal,Droog,Dag,met lichtgewonden,3,Fiets,5,Lichte vrachtauto,Op Kruispunt,Gemeenteweg,binnen bebouwde kom,Tussen 2 bestuurders: Langs achteren,Geen hindernis
2969,151,Leuven,District Leuven,50.8690262,4.6854839,1.8840488855771516,50.86439547677195,4.711308494400032,2017,7,12,24062,Leuven,Normaal,Droog,Dag,met lichtgewonden,3,Fiets,5,Lichte vrachtauto,Op Kruispunt,Gemeenteweg,binnen bebouwde kom,Tussen 2 bestuurders: Langs achteren,Geen hindernis
2969,108,Heverlee teller 1,Leuven,50.8471728,4.6954674,2.2144886888112083,50.86439547677195,4.711308494400032,2017,7,12,24062,Leuven,Normaal,Droog,Dag,met lichtgewonden,3,Fiets,5,Lichte vrachtauto,Op Kruispunt,Gemeenteweg,binnen bebouwde kom,Tussen 2 bestuurders: Langs achteren,Geen hindernis
2969,76,Heverlee teller 2,Leuven,50.84606,4.69597,2.3056491671123704,50.86439547677195,4.711308494400032,2017,7,12,24062,Leuven,Normaal,Droog,Dag,met lichtgewonden,3,Fiets,5,Lichte vrachtauto,Op Kruispunt,Gemeenteweg,binnen bebouwde kom,Tussen 2 bestuurders: Langs achteren,Geen hindernis
2969,77,Leuven teller 2,Leuven,50.88672,4.70796,2.4934672758296745,50.86439547677195,4.711308494400032,2017,7,12,24062,Leuven,Normaal,Droog,Dag,met lichtgewonden,3,Fiets,5,Lichte vrachtauto,Op Kruispunt,Gemeenteweg,binnen bebouwde kom,Tussen 2 bestuurders: Langs achteren,Geen hindernis
2970,77,Leuven teller 2,Leuven,50.88672,4.70796,0.8589743852733082,50.88320017922377,4.697060212916211,2017,8,16,24062,Leuven,Normaal,Droog,Dag,met lichtgewonden,3,Fiets,5,Lichte vrachtauto,Buiten Kruispunt,Gemeenteweg,binnen bebouwde kom,Tussen 2 bestuurders: Frontale botsing,Geen hindernis
2970,107,leuven totem,Leuven,50.8870744,4.7087919,0.9289145071822659,50.88320017922377,4.697060212916211,2017,8,16,24062,Leuven,Normaal,Droog,Dag,met lichtgewonden,3,Fiets,5,Lichte vrachtauto,Buiten Kruispunt,Gemeenteweg,binnen bebouwde kom,Tussen 2 bestuurders: Frontale botsing,Geen hindernis
2970,69,Leuven teller 1,Leuven,50.87549,4.71526,1.5379992372366544,50.88320017922377,4.697060212916211,2017,8,16,24062,Leuven,Normaal,Droog,Dag,met lichtgewonden,3,Fiets,5,Lichte vrachtauto,Buiten Kruispunt,Gemeenteweg,binnen bebouwde kom,Tussen 2 bestuurders: Frontale botsing,Geen hindernis
2970,151,Leuven,District Leuven,50.8690262,4.6854839,1.7730606447823096,50.88320017922377,4.697060212916211,2017,8,16,24062,Leuven,Normaal,Droog,Dag,met lichtgewonden,3,Fiets,5,Lichte vrachtauto,Buiten Kruispunt,Gemeenteweg,binnen bebouwde kom,Tussen 2 bestuurders: Frontale botsing,Geen hindernis
2972,69,Leuven teller 1,Leuven,50.87549,4.71526,0.4816146842514026,50.875690451300294,4.7084032958802196,2017,7,8,24062,Leuven,Normaal,Droog+Proper,Dag,met lichtgewonden,9,personenauto,3,Fiets,Op Kruispunt,Gemeenteweg,binnen bebouwde kom,Tss. 2 best.: langs opzij (voor-/achterkant-flank),Geen hindernis
2972,77,Leuven teller 2,Leuven,50.88672,4.70796,1.2268241139790488,50.875690451300294,4.7084032958802196,2017,7,8,24062,Leuven,Normaal,Droog+Proper,Dag,met lichtgewonden,9,personenauto,3,Fiets,Op Kruispunt,Gemeenteweg,binnen bebouwde kom,Tss. 2 best.: langs opzij (voor-/achterkant-flank),Geen hindernis
2972,107,leuven totem,Leuven,50.8870744,4.7087919,1.2661308932409607,50.875690451300294,4.7084032958802196,2017,7,8,24062,Leuven,Normaal,Droog+Proper,Dag,met lichtgewonden,9,personenauto,3,Fiets,Op Kruispunt,Gemeenteweg,binnen bebouwde kom,Tss. 2 best.: langs opzij (voor-/achterkant-flank),Geen hindernis
2972,151,Leuven,District Leuven,50.8690262,4.6854839,1.7707558467583537,50.875690451300294,4.7084032958802196,2017,7,8,24062,Leuven,Normaal,Droog+Proper,Dag,met lichtgewonden,9,personenauto,3,Fiets,Op Kruispunt,Gemeenteweg,binnen bebouwde kom,Tss. 2 best.: langs opzij (voor-/achterkant-flank),Geen hindernis
2973,107,leuven totem,Leuven,50.8870744,4.7087919,0.26941895330372523,50.88506956085931,4.710948646404899,2017,8,17,24062,Leuven,Normaal,Droog,Dag,met lichtgewonden,3,Fiets,8,Voetganger,Buiten Kruispunt,Gewestweg,binnen bebouwde kom,Met een voetganger,Geen hindernis
2973,77,Leuven teller 2,Leuven,50.88672,4.70796,0.27862762794763546,50.88506956085931,4.710948646404899,2017,8,17,24062,Leuven,Normaal,Droog,Dag,met lichtgewonden,3,Fiets,8,Voetganger,Buiten Kruispunt,Gewestweg,binnen bebouwde kom,Met een voetganger,Geen hindernis
2973,69,Leuven teller 1,Leuven,50.87549,4.71526,1.1073115014624015,50.88506956085931,4.710948646404899,2017,8,17,24062,Leuven,Normaal,Droog,Dag,met lichtgewonden,3,Fiets,8,Voetganger,Buiten Kruispunt,Gewestweg,binnen bebouwde kom,Met een voetganger,Geen hindernis
2974,77,Leuven teller 2,Leuven,50.88672,4.70796,1.541632828293811,50.88526135386662,4.686105434716258,2017,7,14,24062,Leuven,Normaal,Droog+Proper,Dag,met lichtgewonden,3,Fiets,2,Andere weggebruiker,Op Kruispunt,Gemeenteweg,binnen bebouwde kom,Tussen 2 bestuurders: Langs achteren,Geen hindernis
2974,107,leuven totem,Leuven,50.8870744,4.7087919,1.6041464495605688,50.88526135386662,4.686105434716258,2017,7,14,24062,Leuven,Normaal,Droog+Proper,Dag,met lichtgewonden,3,Fiets,2,Andere weggebruiker,Op Kruispunt,Gemeenteweg,binnen bebouwde kom,Tussen 2 bestuurders: Langs achteren,Geen hindernis
2974,151,Leuven,District Leuven,50.8690262,4.6854839,1.8057933719631483,50.88526135386662,4.686105434716258,2017,7,14,24062,Leuven,Normaal,Droog+Proper,Dag,met lichtgewonden,3,Fiets,2,Andere weggebruiker,Op Kruispunt,Gemeenteweg,binnen bebouwde kom,Tussen 2 bestuurders: Langs achteren,Geen hindernis
2974,69,Leuven teller 1,Leuven,50.87549,4.71526,2.3160838716351906,50.88526135386662,4.686105434716258,2017,7,14,24062,Leuven,Normaal,Droog+Proper,Dag,met lichtgewonden,3,Fiets,2,Andere weggebruiker,Op Kruispunt,Gemeenteweg,binnen bebouwde kom,Tussen 2 bestuurders: Langs achteren,Geen hindernis
2980,22,Tienen 2,Tienen,50.81330800184882,4.935984252796022,0.9222729301685988,50.80602828967548,4.942274603740922,2017,7,15,24107,Tienen,Normaal,Droog,Dag,met lichtgewonden,9,personenauto,3,Fiets,Op Kruispunt,Gemeenteweg,binnen bebouwde kom,Tss. 2 best.: langs opzij (voor-/achterkant-flank),Geen hindernis
2980,24,Tienen 1,Tienen,50.8133795491886,4.935044252605416,0.9624327744477456,50.80602828967548,4.942274603740922,2017,7,15,24107,Tienen,Normaal,Droog,Dag,met lichtgewonden,9,personenauto,3,Fiets,Op Kruispunt,Gemeenteweg,binnen bebouwde kom,Tss. 2 best.: langs opzij (voor-/achterkant-flank),Geen hindernis
2980,23,Tienen 3,Tienen,50.81324,4.93447,0.9714812517567294,50.80602828967548,4.942274603740922,2017,7,15,24107,Tienen,Normaal,Droog,Dag,met lichtgewonden,9,personenauto,3,Fiets,Op Kruispunt,Gemeenteweg,binnen bebouwde kom,Tss. 2 best.: langs opzij (voor-/achterkant-flank),Geen hindernis
2984,22,Tienen 2,Tienen,50.81330800184882,4.935984252796022,0.6021229458585153,50.80806524222332,4.938128576883174,2017,7,22,24107,Tienen,Regenval,"Nat, plassen","Nacht, openbare verlichting aanwezig en ontstoken",met lichtgewonden,9,personenauto,3,Fiets,Buiten Kruispunt,Gemeenteweg,binnen bebouwde kom,Tss. 2 best.: langs opzij (voor-/achterkant-flank),Geen hindernis
2984,24,Tienen 1,Tienen,50.8133795491886,4.935044252605416,0.629408566513219,50.80806524222332,4.938128576883174,2017,7,22,24107,Tienen,Regenval,"Nat, plassen","Nacht, openbare verlichting aanwezig en ontstoken",met lichtgewonden,9,personenauto,3,Fiets,Buiten Kruispunt,Gemeenteweg,binnen bebouwde kom,Tss. 2 best.: langs opzij (voor-/achterkant-flank),Geen hindernis
2984,23,Tienen 3,Tienen,50.81324,4.93447,0.630216708443076,50.80806524222332,4.938128576883174,2017,7,22,24107,Tienen,Regenval,"Nat, plassen","Nacht, openbare verlichting aanwezig en ontstoken",met lichtgewonden,9,personenauto,3,Fiets,Buiten Kruispunt,Gemeenteweg,binnen bebouwde kom,Tss. 2 best.: langs opzij (voor-/achterkant-flank),Geen hindernis
2985,22,Tienen 2,Tienen,50.81330800184882,4.935984252796022,1.029397224156423,50.81776853928232,4.948823571914706,2017,7,9,24107,Tienen,Normaal,Droog,Dag,met lichtgewonden,3,Fiets,9,personenauto,Op Kruispunt,Gemeenteweg,binnen bebouwde kom,Tss. 2 best.: langs opzij (voor-/achterkant-flank),Geen hindernis
2985,24,Tienen 1,Tienen,50.8133795491886,4.935044252605416,1.0841260403343058,50.81776853928232,4.948823571914706,2017,7,9,24107,Tienen,Normaal,Droog,Dag,met lichtgewonden,3,Fiets,9,personenauto,Op Kruispunt,Gemeenteweg,binnen bebouwde kom,Tss. 2 best.: langs opzij (voor-/achterkant-flank),Geen hindernis
2985,23,Tienen 3,Tienen,50.81324,4.93447,1.1271460105397855,50.81776853928232,4.948823571914706,2017,7,9,24107,Tienen,Normaal,Droog,Dag,met lichtgewonden,3,Fiets,9,personenauto,Op Kruispunt,Gemeenteweg,binnen bebouwde kom,Tss. 2 best.: langs opzij (voor-/achterkant-flank),Geen hindernis
2986,150,Bertem,District Leuven,50.8687535,4.56136297,1.3428909006386642,50.87494595702513,4.577793293154678,2017,7,16,24055,Kortenberg,Normaal,Droog,Dag,met zwaargewonden,3,Fiets,10,"één bestuurder, geen hindernis",Buiten Kruispunt,Gemeenteweg,buiten bebouwde kom,"Eén bestuurder, geen hindernis (incl. val)",Geen hindernis
2987,87,Aarschot,Aarschot,50.99084,4.81259,1.8029529480907929,50.99941579033957,4.834453901326541,2017,7,18,24001,Aarschot,Normaal,Droog,Dag,met lichtgewonden,3,Fiets,3,Fiets,Buiten Kruispunt,Gewestweg,binnen bebouwde kom,Tussen 2 bestuurders: Frontale botsing,Geen hindernis
2992,101,Diest teller 1,Diest,50.97799,5.04481,1.680910590011319,50.9924584332318,5.051767209881727,2017,7,7,24020,Diest,Normaal,Droog,Dag,met zwaargewonden,3,Fiets,9,personenauto,Buiten Kruispunt,Gewestweg,binnen bebouwde kom,Tussen 2 bestuurders: Langs achteren,Geen hindernis
2992,102,Diest teller 2,Diest,50.9779,5.04474,1.6919096372419526,50.9924584332318,5.051767209881727,2017,7,7,24020,Diest,Normaal,Droog,Dag,met zwaargewonden,3,Fiets,9,personenauto,Buiten Kruispunt,Gewestweg,binnen bebouwde kom,Tussen 2 bestuurders: Langs achteren,Geen hindernis
2994,101,Diest teller 1,Diest,50.97799,5.04481,0.0350949406238372,50.978280315801484,5.045006653137968,2017,7,17,24020,Diest,Normaal,Droog,Dag,met lichtgewonden,9,personenauto,3,Fiets,Op Kruispunt,Gewestweg,binnen bebouwde kom,Tss. 2 best.: langs opzij (voor-/achterkant-flank),Geen hindernis
2994,102,Diest teller 2,Diest,50.9779,5.04474,0.046226472584104075,50.978280315801484,5.045006653137968,2017,7,17,24020,Diest,Normaal,Droog,Dag,met lichtgewonden,9,personenauto,3,Fiets,Op Kruispunt,Gewestweg,binnen bebouwde kom,Tss. 2 best.: langs opzij (voor-/achterkant-flank),Geen hindernis
2997,87,Aarschot,Aarschot,50.99084,4.81259,2.129632207015872,50.98914651854643,4.782282525218161,2017,7,11,24007,Begijnendijk,Normaal,Droog,Dag,met lichtgewonden,9,personenauto,3,Fiets,Buiten Kruispunt,Gemeenteweg,binnen bebouwde kom,Tss. 2 best.: langs opzij (voor-/achterkant-flank),Geen hindernis
2999,111,Zaventem totem,Zaventem,50.8871216,4.4597084,0.9810108415355789,50.88014324251474,4.4682644086448065,2017,7,9,23094,Zaventem,Normaal,Droog,Dag,met lichtgewonden,9,personenauto,3,Fiets,Buiten Kruispunt,Gewestweg,binnen bebouwde kom,Tussen 2 bestuurders: Frontale botsing,Geen hindernis
2999,26,Zaventem,Zaventem,50.86995,4.45444,1.4918354682116661,50.88014324251474,4.4682644086448065,2017,7,9,23094,Zaventem,Normaal,Droog,Dag,met lichtgewonden,9,personenauto,3,Fiets,Buiten Kruispunt,Gewestweg,binnen bebouwde kom,Tussen 2 bestuurders: Frontale botsing,Geen hindernis
2999,149,Machelen,,50.88297881,4.43356644,2.4545957792750346,50.88014324251474,4.4682644086448065,2017,7,9,23094,Zaventem,Normaal,Droog,Dag,met lichtgewonden,9,personenauto,3,Fiets,Buiten Kruispunt,Gewestweg,binnen bebouwde kom,Tussen 2 bestuurders: Frontale botsing,Geen hindernis
3002,111,Zaventem totem,Zaventem,50.8871216,4.4597084,0.8179585846249661,50.88505040294461,4.470896975474746,2017,7,18,23094,Zaventem,Normaal,Droog,Dag,met lichtgewonden,3,Fiets,9,personenauto,Op Kruispunt,Gemeenteweg,binnen bebouwde kom,Tss. 2 best.: langs opzij (voor-/achterkant-flank),Geen hindernis
3002,26,Zaventem,Zaventem,50.86995,4.45444,2.0377824473369395,50.88505040294461,4.470896975474746,2017,7,18,23094,Zaventem,Normaal,Droog,Dag,met lichtgewonden,3,Fiets,9,personenauto,Op Kruispunt,Gemeenteweg,binnen bebouwde kom,Tss. 2 best.: langs opzij (voor-/achterkant-flank),Geen hindernis
3007,80,Wemmel teller 1,Wemmel,50.91418,4.29571,0.9964943503533052,50.90522115645288,4.296068125345042,2017,7,11,23102,Wemmel,Normaal,Droog,Dag,met zwaargewonden,3,Fiets,8,Voetganger,Buiten Kruispunt,Gemeenteweg,binnen bebouwde kom,Met een voetganger,Geen hindernis
3007,81,Wemmel teller 2,Wemmel,50.91439,4.29568,1.0198919941946345,50.90522115645288,4.296068125345042,2017,7,11,23102,Wemmel,Normaal,Droog,Dag,met zwaargewonden,3,Fiets,8,Voetganger,Buiten Kruispunt,Gemeenteweg,binnen bebouwde kom,Met een voetganger,Geen hindernis
3009,152,Opwijk,District Vilvoorde-gewestwegen,50.968901168564656,4.149169474840164,2.0916243143877162,50.95207059403297,4.162506231862418,2017,7,6,23060,Opwijk,Normaal,Droog,Dag,met lichtgewonden,9,personenauto,3,Fiets,Op Kruispunt,Gewestweg,buiten bebouwde kom,Tss. 2 best.: langs opzij (voor-/achterkant-flank),Geen hindernis
3016,1,Machelen,Machelen,50.91618331151478,4.456121776137429,1.5536691935857867,50.90690759003079,4.439548991485797,2017,7,9,23047,Machelen,Normaal,Droog,Dag,met zwaargewonden,9,personenauto,3,Fiets,Buiten Kruispunt,Gemeenteweg,binnen bebouwde kom,Tussen 2 bestuurders: Langs achteren,Geen hindernis
3016,47,Vilvoorde,Vilvoorde,50.91372,4.41497,1.8824322944073848,50.90690759003079,4.439548991485797,2017,7,9,23047,Machelen,Normaal,Droog,Dag,met zwaargewonden,9,personenauto,3,Fiets,Buiten Kruispunt,Gemeenteweg,binnen bebouwde kom,Tussen 2 bestuurders: Langs achteren,Geen hindernis
3017,149,Machelen,,50.88297881,4.43356644,1.564774950025544,50.89705011364863,4.433839672705832,2017,7,14,23047,Machelen,Normaal,Droog,Dag,met lichtgewonden,9,personenauto,3,Fiets,Buiten Kruispunt,Gewestweg,buiten bebouwde kom,Tss. 2 best.: langs opzij (voor-/achterkant-flank),Geen hindernis
3017,111,Zaventem totem,Zaventem,50.8871216,4.4597084,2.123904374207447,50.89705011364863,4.433839672705832,2017,7,14,23047,Machelen,Normaal,Droog,Dag,met lichtgewonden,9,personenauto,3,Fiets,Buiten Kruispunt,Gewestweg,buiten bebouwde kom,Tss. 2 best.: langs opzij (voor-/achterkant-flank),Geen hindernis
3017,47,Vilvoorde,Vilvoorde,50.91372,4.41497,2.277400565358376,50.89705011364863,4.433839672705832,2017,7,14,23047,Machelen,Normaal,Droog,Dag,met lichtgewonden,9,personenauto,3,Fiets,Buiten Kruispunt,Gewestweg,buiten bebouwde kom,Tss. 2 best.: langs opzij (voor-/achterkant-flank),Geen hindernis
3018,47,Vilvoorde,Vilvoorde,50.91372,4.41497,1.0601171248352965,50.913129120704156,4.430062189481992,2017,7,16,23047,Machelen,Normaal,Droog,Dag,met lichtgewonden,3,Fiets,9,personenauto,Buiten Kruispunt,Gemeenteweg,binnen bebouwde kom,Tss. 2 best.: langs opzij (voor-/achterkant-flank),Geen hindernis
3018,1,Machelen,Machelen,50.91618331151478,4.456121776137429,1.8582273497470196,50.913129120704156,4.430062189481992,2017,7,16,23047,Machelen,Normaal,Droog,Dag,met lichtgewonden,3,Fiets,9,personenauto,Buiten Kruispunt,Gemeenteweg,binnen bebouwde kom,Tss. 2 best.: langs opzij (voor-/achterkant-flank),Geen hindernis
3019,149,Machelen,,50.88297881,4.43356644,0.905900894229212,50.885737073050834,4.445717307383995,2017,7,16,23047,Machelen,Normaal,Droog,Dag,met lichtgewonden,9,personenauto,3,Fiets,Op Kruispunt,Gemeenteweg,binnen bebouwde kom,Tss. 2 best.: langs opzij (voor-/achterkant-flank),Geen hindernis
3019,111,Zaventem totem,Zaventem,50.8871216,4.4597084,0.9934538183878086,50.885737073050834,4.445717307383995,2017,7,16,23047,Machelen,Normaal,Droog,Dag,met lichtgewonden,9,personenauto,3,Fiets,Op Kruispunt,Gemeenteweg,binnen bebouwde kom,Tss. 2 best.: langs opzij (voor-/achterkant-flank),Geen hindernis
3019,26,Zaventem,Zaventem,50.86995,4.45444,1.8590633932877356,50.885737073050834,4.445717307383995,2017,7,16,23047,Machelen,Normaal,Droog,Dag,met lichtgewonden,9,personenauto,3,Fiets,Op Kruispunt,Gemeenteweg,binnen bebouwde kom,Tss. 2 best.: langs opzij (voor-/achterkant-flank),Geen hindernis
3023,109,Zemst,Zemst,50.9903936,4.4707023,1.8613152739981418,50.98774080270778,4.496958839161716,2017,7,0,23096,Zemst,Normaal,Droog,"Nacht, openbare verlichting aanwezig en ontstoken",met lichtgewonden,3,Fiets,11,een weggebruiker tegen een hindernis,Op Kruispunt,Gewestweg,binnen bebouwde kom,Weggebruiker tegen hindernis buiten rijbaan,Onbekend
3024,118,Gent teller 1,Gent,51.028049,3.7681359,0.3210690891666237,51.02982420602987,3.7645150178815046,2017,7,14,44021,Gent,Normaal,Droog,Dag,met lichtgewonden,9,personenauto,3,Fiets,Buiten Kruispunt,Gewestweg,buiten bebouwde kom,Tss. 2 best.: langs opzij (voor-/achterkant-flank),Geen hindernis
3024,119,Gent teller 2,Gent,51.0281795,3.7683918,0.3270329391114074,51.02982420602987,3.7645150178815046,2017,7,14,44021,Gent,Normaal,Droog,Dag,met lichtgewonden,9,personenauto,3,Fiets,Buiten Kruispunt,Gewestweg,buiten bebouwde kom,Tss. 2 best.: langs opzij (voor-/achterkant-flank),Geen hindernis
3027,13,Gent,Gent,51.03018,3.70146,0.7976130952916236,51.030361420413804,3.7128619740904276,2017,7,9,44021,Gent,Normaal,Droog,Dag,met lichtgewonden,3,Fiets,9,personenauto,Buiten Kruispunt,Gewestweg,binnen bebouwde kom,Tussen 2 bestuurders: Frontale botsing,Geen hindernis
3031,13,Gent,Gent,51.03018,3.70146,1.7514093758103566,51.019531400251495,3.719911721323853,2017,7,10,44021,Gent,Normaal,Droog,Dag,met lichtgewonden,9,personenauto,3,Fiets,Buiten Kruispunt,Gemeenteweg,binnen bebouwde kom,Tss. 2 best.: langs opzij (voor-/achterkant-flank),Geen hindernis
3032,119,Gent teller 2,Gent,51.0281795,3.7683918,1.4613560411374522,51.039556476311496,3.7788536904919994,2017,7,12,44021,Gent,Normaal,Droog,Dag,met lichtgewonden,3,Fiets,11,een weggebruiker tegen een hindernis,Buiten Kruispunt,Gemeenteweg,binnen bebouwde kom,Weggebruiker tegen hindernis buiten rijbaan,Buiten de rijbaan: Omheining
3032,118,Gent teller 1,Gent,51.028049,3.7681359,1.4828990195118676,51.039556476311496,3.7788536904919994,2017,7,12,44021,Gent,Normaal,Droog,Dag,met lichtgewonden,3,Fiets,11,een weggebruiker tegen een hindernis,Buiten Kruispunt,Gemeenteweg,binnen bebouwde kom,Weggebruiker tegen hindernis buiten rijbaan,Buiten de rijbaan: Omheining