crash_row_id,site_id,site_name,site_gemeente,site_lat,site_long,distance_km,crash_lat,crash_long,DT_YEAR_COLLISION,DT_MONTH_COLLISION,DT_TIME,CD_NIS,TX_MUNTY_COLLISION_NL,TX_WEATHER_NL,TX_ROAD_CONDITION_NL,TX_LIGHT_CONDITION_NL,TX_CLASS_ACCIDENTS_NL,CD_ROAD_USR_TYPE1,TX_ROAD_USR_TYPE1_NL,CD_ROAD_USR_TYPE2,TX_ROAD_USR_TYPE2_NL,TX_CROSSWAY_NL,CD_ROAD_TYPE_NL,TX_BUILD_UP_AREA_NL,TX_COLLISION_TYPE_NL,TX_OBSTACLES_NL
3038,13,Gent,Gent,51.03018,3.70146,1.297607651672634,51.02112955762498,3.689747469216273,2017,7,8,44021,Gent,Normaal,"Nat, plassen",Dag,met lichtgewonden,9,personenauto,3,Fiets,Op Kruispunt,Gewestweg,buiten bebouwde kom,Tss. 2 best.: langs opzij (voor-/achterkant-flank),Geen hindernis
3044,13,Gent,Gent,51.03018,3.70146,1.314389140673346,51.04062403824608,3.7102636553412296,2017,7,12,44021,Gent,Normaal,Droog,Dag,met lichtgewonden,3,Fiets,9,personenauto,Op Kruispunt,Gewestweg,binnen bebouwde kom,Tss. 2 best.: langs opzij (voor-/achterkant-flank),Geen hindernis
3048,7,Evergem 1,Evergem,51.1089,3.70317,1.8653693691502897,51.0942407517394,3.7161593647766553,2017,7,18,44021,Gent,Normaal,Droog,Dag,met lichtgewonden,9,personenauto,3,Fiets,Op Kruispunt,Gewestweg,binnen bebouwde kom,Tss. 2 best.: langs opzij (voor-/achterkant-flank),Geen hindernis
3048,6,Evergem 2,Evergem,51.10894,3.70298,1.875729921337579,51.0942407517394,3.7161593647766553,2017,7,18,44021,Gent,Normaal,Droog,Dag,met lichtgewonden,9,personenauto,3,Fiets,Op Kruispunt,Gewestweg,binnen bebouwde kom,Tss. 2 best.: langs opzij (voor-/achterkant-flank),Geen hindernis
3050,13,Gent,Gent,51.03018,3.70146,1.6327419798026908,51.044844452719914,3.7026521710371796,2017,7,22,44021,Gent,Normaal,"Nat, plassen",Dageraad - schemering,met lichtgewonden,9,personenauto,3,Fiets,Op Kruispunt,Gemeenteweg,binnen bebouwde kom,Tss. 2 best.: langs opzij (voor-/achterkant-flank),Geen hindernis
3054,13,Gent,Gent,51.03018,3.70146,1.1506670492712747,51.034652823332465,3.7162984528153067,2017,7,16,44021,Gent,Normaal,Droog,Dag,met lichtgewonden,9,personenauto,3,Fiets,Op Kruispunt,Gewestweg,binnen bebouwde kom,Tss. 2 best.: langs opzij (voor-/achterkant-flank),Geen hindernis
3056,118,Gent teller 1,Gent,51.028049,3.7681359,2.273988085241516,51.0435709261159,3.746961680107632,2017,7,8,44021,Gent,Normaal,"Nat, plassen+Proper",Dag,met lichtgewonden,3,Fiets,3,Fiets,Buiten Kruispunt,Gemeenteweg,binnen bebouwde kom,Tss. 2 best.: langs opzij (voor-/achterkant-flank),Geen hindernis
3056,119,Gent teller 2,Gent,51.0281795,3.7683918,2.2747396203733454,51.0435709261159,3.746961680107632,2017,7,8,44021,Gent,Normaal,"Nat, plassen+Proper",Dag,met lichtgewonden,3,Fiets,3,Fiets,Buiten Kruispunt,Gemeenteweg,binnen bebouwde kom,Tss. 2 best.: langs opzij (voor-/achterkant-flank),Geen hindernis
3068,118,Gent teller 1,Gent,51.028049,3.7681359,1.7510656556833644,51.01586564413816,3.783998271262751,2017,8,15,44040,Melle,Normaal,Proper,Dag,met lichtgewonden,3,Fiets,9,personenauto,Buiten Kruispunt,Gewestweg,buiten bebouwde kom,Tussen 2 bestuurders: Langs achteren,Geen hindernis
3068,119,Gent teller 2,Gent,51.0281795,3.7683918,1.7511021555673456,51.01586564413816,3.783998271262751,2017,8,15,44040,Melle,Normaal,Proper,Dag,met lichtgewonden,3,Fiets,9,personenauto,Buiten Kruispunt,Gewestweg,buiten bebouwde kom,Tussen 2 bestuurders: Langs achteren,Geen hindernis
3068,116,Melle teller 2,Melle,50.9986113,3.8040599,2.3772271918216292,51.01586564413816,3.783998271262751,2017,8,15,44040,Melle,Normaal,Proper,Dag,met lichtgewonden,3,Fiets,9,personenauto,Buiten Kruispunt,Gewestweg,buiten bebouwde kom,Tussen 2 bestuurders: Langs achteren,Geen hindernis
3068,117,Melle teller 1,Melle,50.9986113,3.8040599,2.3772271918216292,51.01586564413816,3.783998271262751,2017,8,15,44040,Melle,Normaal,Proper,Dag,met lichtgewonden,3,Fiets,9,personenauto,Buiten Kruispunt,Gewestweg,buiten bebouwde kom,Tussen 2 bestuurders: Langs achteren,Geen hindernis
3069,116,Melle teller 2,Melle,50.9986113,3.8040599,0.8456746140134409,51.00098624040421,3.792579295053359,2017,8,10,44040,Melle,Normaal,Droog,Dag,met lichtgewonden,3,Fiets,9,personenauto,Buiten Kruispunt,Gemeenteweg,binnen bebouwde kom,Tussen 2 bestuurders: Langs achteren,Geen hindernis
3069,117,Melle teller 1,Melle,50.9986113,3.8040599,0.8456746140134409,51.00098624040421,3.792579295053359,2017,8,10,44040,Melle,Normaal,Droog,Dag,met lichtgewonden,3,Fiets,9,personenauto,Buiten Kruispunt,Gemeenteweg,binnen bebouwde kom,Tussen 2 bestuurders: Langs achteren,Geen hindernis
3070,113,Deinze teller 2,Deinze,50.96018,3.55578,0.5783550942085725,50.96385788183496,3.5616193477393514,2017,7,13,44048,Nazareth,Normaal,Droog,Dag,met zwaargewonden,9,personenauto,3,Fiets,Buiten Kruispunt,Gewestweg,buiten bebouwde kom,Tussen 2 bestuurders: Frontale botsing,Geen hindernis
3070,114,Deinze teller 1,Nazareth,50.9598305,3.555502,0.6197551370347509,50.96385788183496,3.5616193477393514,2017,7,13,44048,Nazareth,Normaal,Droog,Dag,met zwaargewonden,9,personenauto,3,Fiets,Buiten Kruispunt,Gewestweg,buiten bebouwde kom,Tussen 2 bestuurders: Frontale botsing,Geen hindernis
3072,113,Deinze teller 2,Deinze,50.96018,3.55578,1.888025585485883,50.96759852073175,3.5800302616601067,2017,7,20,44083,Deinze,Normaal,Droog,Dag,met zwaargewonden,9,personenauto,3,Fiets,Op Kruispunt,Gemeenteweg,buiten bebouwde kom,Tussen 2 bestuurders: Frontale botsing,Geen hindernis
3072,114,Deinze teller 1,Nazareth,50.9598305,3.555502,1.922705147713246,50.96759852073175,3.5800302616601067,2017,7,20,44083,Deinze,Normaal,Droog,Dag,met zwaargewonden,9,personenauto,3,Fiets,Op Kruispunt,Gemeenteweg,buiten bebouwde kom,Tussen 2 bestuurders: Frontale botsing,Geen hindernis
3077,113,Deinze teller 2,Deinze,50.96018,3.55578,0.15507235690539714,50.96102853737939,3.554022851494733,2017,7,14,44083,Deinze,Normaal,Droog,Dag,met lichtgewonden,3,Fiets,9,personenauto,Op Kruispunt,Gewestweg,buiten bebouwde kom,Tss. 2 best.: langs opzij (voor-/achterkant-flank),Geen hindernis
3077,114,Deinze teller 1,Nazareth,50.9598305,3.555502,0.1687552539956328,50.96102853737939,3.554022851494733,2017,7,14,44083,Deinze,Normaal,Droog,Dag,met lichtgewonden,3,Fiets,9,personenauto,Op Kruispunt,Gewestweg,buiten bebouwde kom,Tss. 2 best.: langs opzij (voor-/achterkant-flank),Geen hindernis
3079,7,Evergem 1,Evergem,51.1089,3.70317,1.2393960327263678,51.09921857489212,3.7119663485358347,2017,7,12,44021,Gent,Onbekend,Onbekend,Dag,met lichtgewonden,3,Fiets,11,een weggebruiker tegen een hindernis,Op Kruispunt,Gewestweg,buiten bebouwde kom,Weggebruiker tegen hindernis op de rijbaan,Op de rijbaan: Lading
3079,6,Evergem 2,Evergem,51.10894,3.70298,1.249867608977192,51.09921857489212,3.7119663485358347,2017,7,12,44021,Gent,Onbekend,Onbekend,Dag,met lichtgewonden,3,Fiets,11,een weggebruiker tegen een hindernis,Op Kruispunt,Gewestweg,buiten bebouwde kom,Weggebruiker tegen hindernis op de rijbaan,Op de rijbaan: Lading
3080,6,Evergem 2,Evergem,51.10894,3.70298,2.2840447574820923,51.1225150773902,3.6784227851442974,2017,7,12,44019,Evergem,Normaal,Droog,Dag,met lichtgewonden,9,personenauto,3,Fiets,Buiten Kruispunt,Gewestweg,binnen bebouwde kom,Tss. 2 best.: langs opzij (voor-/achterkant-flank),Geen hindernis
3080,7,Evergem 1,Evergem,51.1089,3.70317,2.2969445727085427,51.1225150773902,3.6784227851442974,2017,7,12,44019,Evergem,Normaal,Droog,Dag,met lichtgewonden,9,personenauto,3,Fiets,Buiten Kruispunt,Gewestweg,binnen bebouwde kom,Tss. 2 best.: langs opzij (voor-/achterkant-flank),Geen hindernis
3081,115,Aalter,Aalter,51.1058367,3.4350591,1.7196083615778772,51.09216199264873,3.4465601262706977,2017,7,20,44084,Aalter,Normaal,Droog,Dag,Met doden,3,Fiets,10,"één bestuurder, geen hindernis",Buiten Kruispunt,Gewestweg,binnen bebouwde kom,"Eén bestuurder, geen hindernis (incl. val)",Geen hindernis
3082,115,Aalter,Aalter,51.1058367,3.4350591,1.5714260546175907,51.09386421428468,3.447016012810514,2017,7,13,44084,Aalter,Normaal,Droog,Dag,met lichtgewonden,3,Fiets,9,personenauto,Op Kruispunt,Gewestweg,binnen bebouwde kom,Tss. 2 best.: langs opzij (voor-/achterkant-flank),Geen hindernis
3087,115,Aalter,Aalter,51.1058367,3.4350591,2.396904836784027,51.0859035819291,3.4481244615052575,2017,8,13,44084,Aalter,Normaal,Droog,Dag,met lichtgewonden,3,Fiets,9,personenauto,Op Kruispunt,Gewestweg,binnen bebouwde kom,Tussen 2 bestuurders: Frontale botsing,Geen hindernis
3139,141,Test site A support,Lokeren,51.08342085,3.9961071208376326,0.9268720953039248,51.090956576487706,4.001779323500296,2017,7,17,46014,Lokeren,Normaal,Droog,Dag,met lichtgewonden,3,Fiets,8,Voetganger,Buiten Kruispunt,Gemeenteweg,binnen bebouwde kom,Met een voetganger,Geen hindernis
3139,129,Lokeren teller 2,Lokeren,51.09612,3.97025,2.275508025201617,51.090956576487706,4.001779323500296,2017,7,17,46014,Lokeren,Normaal,Droog,Dag,met lichtgewonden,3,Fiets,8,Voetganger,Buiten Kruispunt,Gemeenteweg,binnen bebouwde kom,Met een voetganger,Geen hindernis
3139,128,Lokeren teller 1,Lokeren,51.09644,3.97023,2.2860842206032124,51.090956576487706,4.001779323500296,2017,7,17,46014,Lokeren,Normaal,Droog,Dag,met lichtgewonden,3,Fiets,8,Voetganger,Buiten Kruispunt,Gemeenteweg,binnen bebouwde kom,Met een voetganger,Geen hindernis
3140,128,Lokeren teller 1,Lokeren,51.09644,3.97023,1.0764254082167213,51.097192001846906,3.9855981158031555,2017,7,10,46014,Lokeren,Normaal,Droog,Dag,met lichtgewonden,3,Fiets,3,Fiets,Op Kruispunt,Gemeenteweg,binnen bebouwde kom,Tussen 2 bestuurders: Frontale botsing,Geen hindernis
3140,129,Lokeren teller 2,Lokeren,51.09612,3.97025,1.078388029549622,51.097192001846906,3.9855981158031555,2017,7,10,46014,Lokeren,Normaal,Droog,Dag,met lichtgewonden,3,Fiets,3,Fiets,Op Kruispunt,Gemeenteweg,binnen bebouwde kom,Tussen 2 bestuurders: Frontale botsing,Geen hindernis
3140,141,Test site A support,Lokeren,51.08342085,3.9961071208376326,1.6980932882008979,51.097192001846906,3.9855981158031555,2017,7,10,46014,Lokeren,Normaal,Droog,Dag,met lichtgewonden,3,Fiets,3,Fiets,Op Kruispunt,Gemeenteweg,binnen bebouwde kom,Tussen 2 bestuurders: Frontale botsing,Geen hindernis
3141,128,Lokeren teller 1,Lokeren,51.09644,3.97023,1.004109471331364,51.10349824615632,3.9791994900900396,2017,8,9,46014,Lokeren,Normaal,Droog,Dag,met lichtgewonden,9,personenauto,3,Fiets,Op Kruispunt,Gemeenteweg,binnen bebouwde kom,Tss. 2 best.: langs opzij (voor-/achterkant-flank),Geen hindernis
3141,129,Lokeren teller 2,Lokeren,51.09612,3.97025,1.03131484418618,51.10349824615632,3.9791994900900396,2017,8,9,46014,Lokeren,Normaal,Droog,Dag,met lichtgewonden,9,personenauto,3,Fiets,Op Kruispunt,Gemeenteweg,binnen bebouwde kom,Tss. 2 best.: langs opzij (voor-/achterkant-flank),Geen hindernis
3142,128,Lokeren teller 1,Lokeren,51.09644,3.97023,1.151944081790086,51.10142997970193,3.9846870742331126,2017,8,17,46014,Lokeren,Normaal,Droog,Dag,met lichtgewonden,3,Fiets,9,personenauto,Buiten Kruispunt,Gemeenteweg,binnen bebouwde kom,Tussen 2 bestuurders: Langs achteren,Geen hindernis
3142,129,Lokeren teller 2,Lokeren,51.09612,3.97025,1.1682966620986142,51.10142997970193,3.9846870742331126,2017,8,17,46014,Lokeren,Normaal,Droog,Dag,met lichtgewonden,3,Fiets,9,personenauto,Buiten Kruispunt,Gemeenteweg,binnen bebouwde kom,Tussen 2 bestuurders: Langs achteren,Geen hindernis
3142,141,Test site A support,Lokeren,51.08342085,3.9961071208376326,2.155501858860143,51.10142997970193,3.9846870742331126,2017,8,17,46014,Lokeren,Normaal,Droog,Dag,met lichtgewonden,3,Fiets,9,personenauto,Buiten Kruispunt,Gemeenteweg,binnen bebouwde kom,Tussen 2 bestuurders: Langs achteren,Geen hindernis
3144,126,Hamme totem,Hamme,51.1017709,4.1469307,0.7007683197699321,51.095527040354675,4.145568800096356,2017,7,4,42008,Hamme,Regenval,"Nat, plassen","Nacht, openbare verlichting aanwezig en ontstoken",met lichtgewonden,9,personenauto,3,Fiets,Buiten Kruispunt,Gemeenteweg,binnen bebouwde kom,Tussen 2 bestuurders: Langs achteren,Geen hindernis
3145,126,Hamme totem,Hamme,51.1017709,4.1469307,0.7225667144052214,51.09835333843871,4.155732059489705,2017,7,12,42008,Hamme,Normaal,"Nat, plassen",Dag,met lichtgewonden,3,Fiets,8,Voetganger,Buiten Kruispunt,Gemeenteweg,binnen bebouwde kom,Met een voetganger,Geen hindernis
3147,120,Zele teller 1,Zele,51.0607671,4.0547741,1.827947045228101,51.06934678114858,4.032460636843916,2017,7,8,42028,Zele,Regenval,"Nat, plassen",Dag,met lichtgewonden,3,Fiets,10,"één bestuurder, geen hindernis",Buiten Kruispunt,Gemeenteweg,binnen bebouwde kom,"Eén bestuurder, geen hindernis (incl. val)",Geen hindernis
3147,121,Zele teller 2,Zele,51.0604067,4.0556696,1.9022463579156528,51.06934678114858,4.032460636843916,2017,7,8,42028,Zele,Regenval,"Nat, plassen",Dag,met lichtgewonden,3,Fiets,10,"één bestuurder, geen hindernis",Buiten Kruispunt,Gemeenteweg,binnen bebouwde kom,"Eén bestuurder, geen hindernis (incl. val)",Geen hindernis
3148,120,Zele teller 1,Zele,51.0607671,4.0547741,1.4758129621242215,51.06739295746799,4.036474990059639,2017,7,16,42028,Zele,Onbekend,Onbekend,Dag,met lichtgewonden,9,personenauto,3,Fiets,Op Kruispunt,Gewestweg,binnen bebouwde kom,Tussen 2 bestuurders: Langs achteren,Geen hindernis
3148,121,Zele teller 2,Zele,51.0604067,4.0556696,1.5500497909393411,51.06739295746799,4.036474990059639,2017,7,16,42028,Zele,Onbekend,Onbekend,Dag,met lichtgewonden,9,personenauto,3,Fiets,Op Kruispunt,Gewestweg,binnen bebouwde kom,Tussen 2 bestuurders: Langs achteren,Geen hindernis
3150,152,Opwijk,District Vilvoorde-gewestwegen,50.968901168564656,4.149169474840164,1.9244305782953193,50.98602013850302,4.153208391764304,2017,8,20,42011,Lebbeke,Normaal,"Nat, plassen",Dag,met zwaargewonden,3,Fiets,11,een weggebruiker tegen een hindernis,Buiten Kruispunt,Gemeenteweg,binnen bebouwde kom,Weggebruiker tegen hindernis op de rijbaan,"Buiten de rijbaan: Verkeerseiland, middenberm"
3151,152,Opwijk,District Vilvoorde-gewestwegen,50.968901168564656,4.149169474840164,2.299051616505631,50.988029027820005,4.136702092602493,2017,7,19,42011,Lebbeke,Normaal,Droog,Dag,met lichtgewonden,9,personenauto,3,Fiets,Buiten Kruispunt,Gewestweg,buiten bebouwde kom,Tss. 2 best.: langs opzij (voor-/achterkant-flank),Geen hindernis
3164,19,Aalst 1,Aalst,50.93433,4.01471,0.7729764685354564,50.93310763425585,4.003851505251989,2017,8,18,41002,Aalst,Normaal,Droog,Dag,met zwaargewonden,3,Fiets,9,personenauto,Buiten Kruispunt,Gemeenteweg,binnen bebouwde kom,Tss. 2 best.: langs opzij (voor-/achterkant-flank),Geen hindernis
3164,10,Aalst 2,Aalst,50.93549,4.01571,0.8722014602919925,50.93310763425585,4.003851505251989,2017,8,18,41002,Aalst,Normaal,Droog,Dag,met zwaargewonden,3,Fiets,9,personenauto,Buiten Kruispunt,Gemeenteweg,binnen bebouwde kom,Tss. 2 best.: langs opzij (voor-/achterkant-flank),Geen hindernis
3164,11,Aalst 3,Aalst,50.93385,4.01647,0.8881173271311761,50.93310763425585,4.003851505251989,2017,8,18,41002,Aalst,Normaal,Droog,Dag,met zwaargewonden,3,Fiets,9,personenauto,Buiten Kruispunt,Gemeenteweg,binnen bebouwde kom,Tss. 2 best.: langs opzij (voor-/achterkant-flank),Geen hindernis
3166,11,Aalst 3,Aalst,50.93385,4.01647,1.4055740371740668,50.93037507646908,4.035754089528027,2017,7,10,41002,Aalst,Normaal,Droog,Dag,met lichtgewonden,9,personenauto,3,Fiets,Buiten Kruispunt,Gewestweg,binnen bebouwde kom,Tss. 2 best.: langs opzij (voor-/achterkant-flank),Geen hindernis
3166,10,Aalst 2,Aalst,50.93549,4.01571,1.5154340895818734,50.93037507646908,4.035754089528027,2017,7,10,41002,Aalst,Normaal,Droog,Dag,met lichtgewonden,9,personenauto,3,Fiets,Buiten Kruispunt,Gewestweg,binnen bebouwde kom,Tss. 2 best.: langs opzij (voor-/achterkant-flank),Geen hindernis
3166,19,Aalst 1,Aalst,50.93433,4.01471,1.5389257570161965,50.93037507646908,4.035754089528027,2017,7,10,41002,Aalst,Normaal,Droog,Dag,met lichtgewonden,9,personenauto,3,Fiets,Buiten Kruispunt,Gewestweg,binnen bebouwde kom,Tss. 2 best.: langs opzij (voor-/achterkant-flank),Geen hindernis
3170,11,Aalst 3,Aalst,50.93385,4.01647,2.0028915567472545,50.93939406885926,4.043665425658624,2017,7,8,41002,Aalst,Normaal,Droog,Dag,met lichtgewonden,9,personenauto,3,Fiets,Buiten Kruispunt,Gemeenteweg,binnen bebouwde kom,Tussen 2 bestuurders: Langs achteren,Geen hindernis
3170,10,Aalst 2,Aalst,50.93549,4.01571,2.0064057383113862,50.93939406885926,4.043665425658624,2017,7,8,41002,Aalst,Normaal,Droog,Dag,met lichtgewonden,9,personenauto,3,Fiets,Buiten Kruispunt,Gemeenteweg,binnen bebouwde kom,Tussen 2 bestuurders: Langs achteren,Geen hindernis
3170,19,Aalst 1,Aalst,50.93433,4.01471,2.1056653544990436,50.93939406885926,4.043665425658624,2017,7,8,41002,Aalst,Normaal,Droog,Dag,met lichtgewonden,9,personenauto,3,Fiets,Buiten Kruispunt,Gemeenteweg,binnen bebouwde kom,Tussen 2 bestuurders: Langs achteren,Geen hindernis
3180,122,Dendermonde teller 2,Dendermonde,51.0373918,4.1019222,1.7971018918285504,51.04110423100476,4.076906505919905,2017,7,20,42006,Dendermonde,Normaal,Droog,Dag,met zwaargewonden,3,Fiets,9,personenauto,Op Kruispunt,Gemeenteweg,buiten bebouwde kom,Tussen 2 bestuurders: Langs achteren,Geen hindernis
3180,125,Dendermonde totem,Dendermonde,51.0372706,4.1025998,1.846310843572292,51.04110423100476,4.076906505919905,2017,7,20,42006,Dendermonde,Normaal,Droog,Dag,met zwaargewonden,3,Fiets,9,personenauto,Op Kruispunt,Gemeenteweg,buiten bebouwde kom,Tussen 2 bestuurders: Langs achteren,Geen hindernis
3181,122,Dendermonde teller 2,Dendermonde,51.0373918,4.1019222,2.2777357905238986,51.05756470449463,4.096263630918694,2017,7,15,42006,Dendermonde,Normaal,Droog,Dag,met lichtgewonden,3,Fiets,10,"één bestuurder, geen hindernis",Op Kruispunt,Gemeenteweg,binnen bebouwde kom,"Eén bestuurder, geen hindernis (incl. val)",Geen hindernis
3181,125,Dendermonde totem,Dendermonde,51.0372706,4.1025998,2.2996610477264663,51.05756470449463,4.096263630918694,2017,7,15,42006,Dendermonde,Normaal,Droog,Dag,met lichtgewonden,3,Fiets,10,"één bestuurder, geen hindernis",Op Kruispunt,Gemeenteweg,binnen bebouwde kom,"Eén bestuurder, geen hindernis (incl. val)",Geen hindernis
3182,122,Dendermonde teller 2,Dendermonde,51.0373918,4.1019222,0.061820587917849106,51.03784872163625,4.102425904532823,2017,7,16,42006,Dendermonde,Normaal,Droog,Dag,met lichtgewonden,9,personenauto,3,Fiets,Buiten Kruispunt,Gewestweg,binnen bebouwde kom,Tussen 2 bestuurders: Langs achteren,Geen hindernis
3182,125,Dendermonde totem,Dendermonde,51.0372706,4.1025998,0.06542396801974093,51.03784872163625,4.102425904532823,2017,7,16,42006,Dendermonde,Normaal,Droog,Dag,met lichtgewonden,9,personenauto,3,Fiets,Buiten Kruispunt,Gewestweg,binnen bebouwde kom,Tussen 2 bestuurders: Langs achteren,Geen hindernis
3183,125,Dendermonde totem,Dendermonde,51.0372706,4.1025998,1.0613697179880959,51.035273042546855,4.1174429103667505,2017,7,15,42006,Dendermonde,Normaal,Droog,Dag,met lichtgewonden,9,personenauto,3,Fiets,Buiten Kruispunt,Gewestweg,binnen bebouwde kom,Tss. 2 best.: langs opzij (voor-/achterkant-flank),Geen hindernis
3183,122,Dendermonde teller 2,Dendermonde,51.0373918,4.1019222,1.1105238511929219,51.035273042546855,4.1174429103667505,2017,7,15,42006,Dendermonde,Normaal,Droog,Dag,met lichtgewonden,9,personenauto,3,Fiets,Buiten Kruispunt,Gewestweg,binnen bebouwde kom,Tss. 2 best.: langs opzij (voor-/achterkant-flank),Geen hindernis
3184,51,"Brugge, Sint-Andries",Brugge,51.19281,3.16252,1.1783489982747346,51.188772584434595,3.1781533869537455,2017,8,17,31005,Brugge,Normaal,Droog,Dag,met lichtgewonden,9,personenauto,3,Fiets,Op Kruispunt,Gemeenteweg,binnen bebouwde kom,Tss. 2 best.: langs opzij (voor-/achterkant-flank),Geen hindernis
3184,50,"Brugge, Sint-Andries",Brugge,51.19291,3.16252,1.1826290212403894,51.188772584434595,3.1781533869537455,2017,8,17,31005,Brugge,Normaal,Droog,Dag,met lichtgewonden,9,personenauto,3,Fiets,Op Kruispunt,Gemeenteweg,binnen bebouwde kom,Tss. 2 best.: langs opzij (voor-/achterkant-flank),Geen hindernis
3184,20,Brugge,Brugge,51.17416,3.20048,2.249887368737292,51.188772584434595,3.1781533869537455,2017,8,17,31005,Brugge,Normaal,Droog,Dag,met lichtgewonden,9,personenauto,3,Fiets,Op Kruispunt,Gemeenteweg,binnen bebouwde kom,Tss. 2 best.: langs opzij (voor-/achterkant-flank),Geen hindernis
3185,142,TEST Validatie BRUGGE Y2H22022134,Brugge,51.22632,3.24095,1.6838793160147258,51.211396226305716,3.2368464151258425,2017,7,0,31005,Brugge,Normaal,"Nat, plassen","Nacht, openbare verlichting aanwezig en ontstoken",met lichtgewonden,3,Fiets,9,personenauto,Buiten Kruispunt,Gewestweg,binnen bebouwde kom,Tss. 2 best.: langs opzij (voor-/achterkant-flank),Geen hindernis
3185,52,Brugge,Brugge,51.22632,3.24095,1.6838793160147258,51.211396226305716,3.2368464151258425,2017,7,0,31005,Brugge,Normaal,"Nat, plassen","Nacht, openbare verlichting aanwezig en ontstoken",met lichtgewonden,3,Fiets,9,personenauto,Buiten Kruispunt,Gewestweg,binnen bebouwde kom,Tss. 2 best.: langs opzij (voor-/achterkant-flank),Geen hindernis
3185,54,Brugge teller 2,Brugge,51.23015,3.22818,2.170913352673259,51.211396226305716,3.2368464151258425,2017,7,0,31005,Brugge,Normaal,"Nat, plassen","Nacht, openbare verlichting aanwezig en ontstoken",met lichtgewonden,3,Fiets,9,personenauto,Buiten Kruispunt,Gewestweg,binnen bebouwde kom,Tss. 2 best.: langs opzij (voor-/achterkant-flank),Geen hindernis
3185,53,Brugge teller 1,Brugge,51.23023,3.228,2.1829643028548475,51.211396226305716,3.2368464151258425,2017,7,0,31005,Brugge,Normaal,"Nat, plassen","Nacht, openbare verlichting aanwezig en ontstoken",met lichtgewonden,3,Fiets,9,personenauto,Buiten Kruispunt,Gewestweg,binnen bebouwde kom,Tss. 2 best.: langs opzij (voor-/achterkant-flank),Geen hindernis
3186,53,Brugge teller 1,Brugge,51.23023,3.228,1.8518933577290952,51.244659780688224,3.2147179274593864,2017,7,16,31005,Brugge,Normaal,Droog,Dag,met lichtgewonden,9,personenauto,3,Fiets,Op Kruispunt,Gemeenteweg,buiten bebouwde kom,Tss. 2 best.: langs opzij (voor-/achterkant-flank),Geen hindernis
3186,54,Brugge teller 2,Brugge,51.23015,3.22818,1.8658692048021996,51.244659780688224,3.2147179274593864,2017,7,16,31005,Brugge,Normaal,Droog,Dag,met lichtgewonden,9,personenauto,3,Fiets,Op Kruispunt,Gemeenteweg,buiten bebouwde kom,Tss. 2 best.: langs opzij (voor-/achterkant-flank),Geen hindernis
3190,142,TEST Validatie BRUGGE Y2H22022134,Brugge,51.22632,3.24095,1.8721199841634826,51.21016024751959,3.248493713331656,2017,7,13,31005,Brugge,Normaal,Droog,Dag,met lichtgewonden,3,Fiets,8,Voetganger,Buiten Kruispunt,Gewestweg,binnen bebouwde kom,Met een voetganger,Geen hindernis
3190,52,Brugge,Brugge,51.22632,3.24095,1.8721199841634826,51.21016024751959,3.248493713331656,2017,7,13,31005,Brugge,Normaal,Droog,Dag,met lichtgewonden,3,Fiets,8,Voetganger,Buiten Kruispunt,Gewestweg,binnen bebouwde kom,Met een voetganger,Geen hindernis
3191,20,Brugge,Brugge,51.17416,3.20048,2.030279528528162,51.19236614797761,3.1982706893282358,2017,7,12,31005,Brugge,Normaal,Droog,Dag,met lichtgewonden,9,personenauto,3,Fiets,Op Kruispunt,Gemeenteweg,binnen bebouwde kom,Tussen 2 bestuurders: Langs achteren,Geen hindernis
3191,51,"Brugge, Sint-Andries",Brugge,51.19281,3.16252,2.4918247160315623,51.19236614797761,3.1982706893282358,2017,7,12,31005,Brugge,Normaal,Droog,Dag,met lichtgewonden,9,personenauto,3,Fiets,Op Kruispunt,Gemeenteweg,binnen bebouwde kom,Tussen 2 bestuurders: Langs achteren,Geen hindernis
3191,50,"Brugge, Sint-Andries",Brugge,51.19291,3.16252,2.4920670483865823,51.19236614797761,3.1982706893282358,2017,7,12,31005,Brugge,Normaal,Droog,Dag,met lichtgewonden,9,personenauto,3,Fiets,Op Kruispunt,Gemeenteweg,binnen bebouwde kom,Tussen 2 bestuurders: Langs achteren,Geen hindernis
3192,142,TEST Validatie BRUGGE Y2H22022134,Brugge,51.22632,3.24095,1.9463720582582964,51.20967137870737,3.2323201050410275,2017,7,10,31005,Brugge,Normaal,Droog,Dag,met lichtgewonden,3,Fiets,9,personenauto,Op Kruispunt,Gewestweg,binnen bebouwde kom,Tss. 2 best.: langs opzij (voor-/achterkant-flank),Geen hindernis
3192,52,Brugge,Brugge,51.22632,3.24095,1.9463720582582964,51.20967137870737,3.2323201050410275,2017,7,10,31005,Brugge,Normaal,Droog,Dag,met lichtgewonden,3,Fiets,9,personenauto,Op Kruispunt,Gewestweg,binnen bebouwde kom,Tss. 2 best.: langs opzij (voor-/achterkant-flank),Geen hindernis
3192,54,Brugge teller 2,Brugge,51.23015,3.22818,2.2953014356837715,51.20967137870737,3.2323201050410275,2017,7,10,31005,Brugge,Normaal,Droog,Dag,met lichtgewonden,3,Fiets,9,personenauto,Op Kruispunt,Gewestweg,binnen bebouwde kom,Tss. 2 best.: langs opzij (voor-/achterkant-flank),Geen hindernis