crash_row_id,site_id,site_name,site_gemeente,site_lat,site_long,distance_km,crash_lat,crash_long,DT_YEAR_COLLISION,DT_MONTH_COLLISION,DT_TIME,CD_NIS,TX_MUNTY_COLLISION_NL,TX_WEATHER_NL,TX_ROAD_CONDITION_NL,TX_LIGHT_CONDITION_NL,TX_CLASS_ACCIDENTS_NL,CD_ROAD_USR_TYPE1,TX_ROAD_USR_TYPE1_NL,CD_ROAD_USR_TYPE2,TX_ROAD_USR_TYPE2_NL,TX_CROSSWAY_NL,CD_ROAD_TYPE_NL,TX_BUILD_UP_AREA_NL,TX_COLLISION_TYPE_NL,TX_OBSTACLES_NL
3192,53,Brugge teller 1,Brugge,51.23023,3.228,2.3057291093149788,51.20967137870737,3.2323201050410275,2017,7,10,31005,Brugge,Normaal,Droog,Dag,met lichtgewonden,3,Fiets,9,personenauto,Op Kruispunt,Gewestweg,binnen bebouwde kom,Tss. 2 best.: langs opzij (voor-/achterkant-flank),Geen hindernis
3193,142,TEST Validatie BRUGGE Y2H22022134,Brugge,51.22632,3.24095,1.8473079753653485,51.21025811629705,3.247726479695426,2017,8,9,31005,Brugge,Normaal,Droog,Dag,met lichtgewonden,3,Fiets,6,Bromfiets,Op Kruispunt,Gewestweg,binnen bebouwde kom,Tss. 2 best.: langs opzij (voor-/achterkant-flank),Geen hindernis
3193,52,Brugge,Brugge,51.22632,3.24095,1.8473079753653485,51.21025811629705,3.247726479695426,2017,8,9,31005,Brugge,Normaal,Droog,Dag,met lichtgewonden,3,Fiets,6,Bromfiets,Op Kruispunt,Gewestweg,binnen bebouwde kom,Tss. 2 best.: langs opzij (voor-/achterkant-flank),Geen hindernis
3194,54,Brugge teller 2,Brugge,51.23015,3.22818,0.7775137483492872,51.22318263716222,3.2272369220245167,2017,7,17,31005,Brugge,Normaal,Droog,Dag,met lichtgewonden,9,personenauto,3,Fiets,Buiten Kruispunt,Gewestweg,binnen bebouwde kom,Tss. 2 best.: langs opzij (voor-/achterkant-flank),Geen hindernis
3194,53,Brugge teller 1,Brugge,51.23023,3.228,0.7854304865202691,51.22318263716222,3.2272369220245167,2017,7,17,31005,Brugge,Normaal,Droog,Dag,met lichtgewonden,9,personenauto,3,Fiets,Buiten Kruispunt,Gewestweg,binnen bebouwde kom,Tss. 2 best.: langs opzij (voor-/achterkant-flank),Geen hindernis
3194,52,Brugge,Brugge,51.22632,3.24095,1.0166746016268722,51.22318263716222,3.2272369220245167,2017,7,17,31005,Brugge,Normaal,Droog,Dag,met lichtgewonden,9,personenauto,3,Fiets,Buiten Kruispunt,Gewestweg,binnen bebouwde kom,Tss. 2 best.: langs opzij (voor-/achterkant-flank),Geen hindernis
3194,142,TEST Validatie BRUGGE Y2H22022134,Brugge,51.22632,3.24095,1.0166746016268722,51.22318263716222,3.2272369220245167,2017,7,17,31005,Brugge,Normaal,Droog,Dag,met lichtgewonden,9,personenauto,3,Fiets,Buiten Kruispunt,Gewestweg,binnen bebouwde kom,Tss. 2 best.: langs opzij (voor-/achterkant-flank),Geen hindernis
3195,20,Brugge,Brugge,51.17416,3.20048,1.7377145025587282,51.188226236587234,3.211342280989841,2017,7,17,31005,Brugge,Normaal,Droog,Dag,met lichtgewonden,9,personenauto,3,Fiets,Buiten Kruispunt,Gemeenteweg,binnen bebouwde kom,Tss. 2 best.: langs opzij (voor-/achterkant-flank),Geen hindernis
3197,50,"Brugge, Sint-Andries",Brugge,51.19291,3.16252,2.4073836788937486,51.20212508842341,3.1937837927430643,2017,7,11,31005,Brugge,Normaal,Droog,Dag,met lichtgewonden,9,personenauto,3,Fiets,Buiten Kruispunt,Gewestweg,binnen bebouwde kom,Tss. 2 best.: langs opzij (voor-/achterkant-flank),Geen hindernis
3197,51,"Brugge, Sint-Andries",Brugge,51.19281,3.16252,2.4121396652961415,51.20212508842341,3.1937837927430643,2017,7,11,31005,Brugge,Normaal,Droog,Dag,met lichtgewonden,9,personenauto,3,Fiets,Buiten Kruispunt,Gewestweg,binnen bebouwde kom,Tss. 2 best.: langs opzij (voor-/achterkant-flank),Geen hindernis
3198,50,"Brugge, Sint-Andries",Brugge,51.19291,3.16252,0.939647410382474,51.19605605006472,3.1750351682005293,2017,7,15,31005,Brugge,Normaal,Droog,Dag,met lichtgewonden,9,personenauto,3,Fiets,Op Kruispunt,Gewestweg,binnen bebouwde kom,Tss. 2 best.: langs opzij (voor-/achterkant-flank),Geen hindernis
3198,51,"Brugge, Sint-Andries",Brugge,51.19281,3.16252,0.9438444248283877,51.19605605006472,3.1750351682005293,2017,7,15,31005,Brugge,Normaal,Droog,Dag,met lichtgewonden,9,personenauto,3,Fiets,Op Kruispunt,Gewestweg,binnen bebouwde kom,Tss. 2 best.: langs opzij (voor-/achterkant-flank),Geen hindernis
3201,20,Brugge,Brugge,51.17416,3.20048,2.133740589637459,51.18782333334506,3.221973741220477,2017,5,8,31005,Brugge,Normaal,Droog,Dag,met lichtgewonden,3,Fiets,3,Fiets,Buiten Kruispunt,Gewestweg,binnen bebouwde kom,Tss. 2 best.: langs opzij (voor-/achterkant-flank),Geen hindernis
3204,142,TEST Validatie BRUGGE Y2H22022134,Brugge,51.22632,3.24095,1.508531471548802,51.212769413821384,3.2420004471999144,2017,7,4,31005,Brugge,Normaal,Droog,"Nacht, openbare verlichting aanwezig en ontstoken",met lichtgewonden,3,Fiets,9,personenauto,Buiten Kruispunt,Gemeenteweg,binnen bebouwde kom,Tss. 2 best.: langs opzij (voor-/achterkant-flank),Geen hindernis
3204,52,Brugge,Brugge,51.22632,3.24095,1.508531471548802,51.212769413821384,3.2420004471999144,2017,7,4,31005,Brugge,Normaal,Droog,"Nacht, openbare verlichting aanwezig en ontstoken",met lichtgewonden,3,Fiets,9,personenauto,Buiten Kruispunt,Gemeenteweg,binnen bebouwde kom,Tss. 2 best.: langs opzij (voor-/achterkant-flank),Geen hindernis
3204,54,Brugge teller 2,Brugge,51.23015,3.22818,2.1590422954105724,51.212769413821384,3.2420004471999144,2017,7,4,31005,Brugge,Normaal,Droog,"Nacht, openbare verlichting aanwezig en ontstoken",met lichtgewonden,3,Fiets,9,personenauto,Buiten Kruispunt,Gemeenteweg,binnen bebouwde kom,Tss. 2 best.: langs opzij (voor-/achterkant-flank),Geen hindernis
3204,53,Brugge teller 1,Brugge,51.23023,3.228,2.1726051460463203,51.212769413821384,3.2420004471999144,2017,7,4,31005,Brugge,Normaal,Droog,"Nacht, openbare verlichting aanwezig en ontstoken",met lichtgewonden,3,Fiets,9,personenauto,Buiten Kruispunt,Gemeenteweg,binnen bebouwde kom,Tss. 2 best.: langs opzij (voor-/achterkant-flank),Geen hindernis
3225,20,Brugge,Brugge,51.17416,3.20048,1.838831338537173,51.1596398686571,3.2131016301655912,2017,7,17,31022,Oostkamp,Normaal,"Nat, plassen",Dag,met zwaargewonden,3,Fiets,11,een weggebruiker tegen een hindernis,Buiten Kruispunt,Gemeenteweg,buiten bebouwde kom,Weggebruiker tegen hindernis buiten rijbaan,Buiten de rijbaan: Boom
3229,20,Brugge,Brugge,51.17416,3.20048,2.3673418286481165,51.17312056410594,3.234396916381477,2017,8,22,31022,Oostkamp,Normaal,Droog,"Nacht, openbare verlichting aanwezig en ontstoken",met lichtgewonden,3,Fiets,10,"één bestuurder, geen hindernis",Buiten Kruispunt,Gewestweg,buiten bebouwde kom,"Eén bestuurder, geen hindernis (incl. val)",Geen hindernis
3239,18,Oostende 1,Oostende,51.21378,2.92765,1.0142716339087567,51.21479865937189,2.9421205766143474,2017,7,18,35013,Oostende,Onbekend,Onbekend,Onbekend,met lichtgewonden,4,Vrachtwagen,3,Fiets,Buiten Kruispunt,Gemeenteweg,onbekend,Tss. 2 best.: langs opzij (voor-/achterkant-flank),Geen hindernis
3239,15,Oostende 2,Oostende,51.21371,2.92743,1.0303871854728417,51.21479865937189,2.9421205766143474,2017,7,18,35013,Oostende,Onbekend,Onbekend,Onbekend,met lichtgewonden,4,Vrachtwagen,3,Fiets,Buiten Kruispunt,Gemeenteweg,onbekend,Tss. 2 best.: langs opzij (voor-/achterkant-flank),Geen hindernis
3240,15,Oostende 2,Oostende,51.21371,2.92743,2.23216318611082,51.23099892952687,2.9111414037706003,2017,8,22,35013,Oostende,Normaal,Droog,"Nacht, openbare verlichting aanwezig en ontstoken",met zwaargewonden,3,Fiets,8,Voetganger,Buiten Kruispunt,Gewestweg,binnen bebouwde kom,Met een voetganger,Geen hindernis
3240,18,Oostende 1,Oostende,51.21378,2.92765,2.2333109663036637,51.23099892952687,2.9111414037706003,2017,8,22,35013,Oostende,Normaal,Droog,"Nacht, openbare verlichting aanwezig en ontstoken",met zwaargewonden,3,Fiets,8,Voetganger,Buiten Kruispunt,Gewestweg,binnen bebouwde kom,Met een voetganger,Geen hindernis
3241,15,Oostende 2,Oostende,51.21371,2.92743,2.496410192404186,51.22256269670858,2.8944908338775948,2017,7,20,35013,Oostende,Normaal,Droog,Dag,met lichtgewonden,3,Fiets,9,personenauto,Op Kruispunt,Gewestweg,binnen bebouwde kom,Tss. 2 best.: langs opzij (voor-/achterkant-flank),Geen hindernis
3242,18,Oostende 1,Oostende,51.21378,2.92765,2.3663118937562224,51.23424936580367,2.9183565553801794,2017,7,12,35013,Oostende,Normaal,"Nat, plassen",Dag,met lichtgewonden,3,Fiets,1,Autobus,Buiten Kruispunt,Gemeenteweg,binnen bebouwde kom,Tussen 2 bestuurders: Langs achteren,Geen hindernis
3242,15,Oostende 2,Oostende,51.21371,2.92743,2.3696687521402384,51.23424936580367,2.9183565553801794,2017,7,12,35013,Oostende,Normaal,"Nat, plassen",Dag,met lichtgewonden,3,Fiets,1,Autobus,Buiten Kruispunt,Gemeenteweg,binnen bebouwde kom,Tussen 2 bestuurders: Langs achteren,Geen hindernis
3243,15,Oostende 2,Oostende,51.21371,2.92743,1.9888372523332063,51.229625763631915,2.91439997637017,2017,8,20,35013,Oostende,Normaal,Droog,Dag,met lichtgewonden,9,personenauto,3,Fiets,Op Kruispunt,Gewestweg,binnen bebouwde kom,Tss. 2 best.: langs opzij (voor-/achterkant-flank),Geen hindernis
3243,18,Oostende 1,Oostende,51.21378,2.92765,1.9889755731838399,51.229625763631915,2.91439997637017,2017,8,20,35013,Oostende,Normaal,Droog,Dag,met lichtgewonden,9,personenauto,3,Fiets,Op Kruispunt,Gewestweg,binnen bebouwde kom,Tss. 2 best.: langs opzij (voor-/achterkant-flank),Geen hindernis
3244,18,Oostende 1,Oostende,51.21378,2.92765,2.483429881820498,51.23510309421183,2.9170422082952436,2017,7,18,35013,Oostende,Normaal,Droog,Dag,met lichtgewonden,3,Fiets,8,Voetganger,Buiten Kruispunt,Gewestweg,binnen bebouwde kom,Met een voetganger,Geen hindernis
3244,15,Oostende 2,Oostende,51.21371,2.92743,2.4863619686171337,51.23510309421183,2.9170422082952436,2017,7,18,35013,Oostende,Normaal,Droog,Dag,met lichtgewonden,3,Fiets,8,Voetganger,Buiten Kruispunt,Gewestweg,binnen bebouwde kom,Met een voetganger,Geen hindernis
3245,15,Oostende 2,Oostende,51.21371,2.92743,2.3458881080737175,51.232529494071116,2.9122056448982483,2017,7,15,35013,Oostende,Normaal,Droog,Dag,met lichtgewonden,8,Voetganger,3,Fiets,Buiten Kruispunt,Gemeenteweg,binnen bebouwde kom,Met een voetganger,Geen hindernis
3245,18,Oostende 1,Oostende,51.21378,2.92765,2.3459316051986354,51.232529494071116,2.9122056448982483,2017,7,15,35013,Oostende,Normaal,Droog,Dag,met lichtgewonden,8,Voetganger,3,Fiets,Buiten Kruispunt,Gemeenteweg,binnen bebouwde kom,Met een voetganger,Geen hindernis
3246,18,Oostende 1,Oostende,51.21378,2.92765,2.1118592635964015,51.23166253912041,2.9174353724519375,2017,7,6,35013,Oostende,Normaal,"Ijzel, sneeuw",Dag,met lichtgewonden,9,personenauto,3,Fiets,Op Kruispunt,Gemeenteweg,binnen bebouwde kom,Tss. 2 best.: langs opzij (voor-/achterkant-flank),Geen hindernis
3246,15,Oostende 2,Oostende,51.21371,2.92743,2.1140962720822642,51.23166253912041,2.9174353724519375,2017,7,6,35013,Oostende,Normaal,"Ijzel, sneeuw",Dag,met lichtgewonden,9,personenauto,3,Fiets,Op Kruispunt,Gemeenteweg,binnen bebouwde kom,Tss. 2 best.: langs opzij (voor-/achterkant-flank),Geen hindernis
3247,18,Oostende 1,Oostende,51.21378,2.92765,2.214141861027518,51.2318271849345,2.9142152478308225,2017,7,14,35013,Oostende,Regenval,"Nat, plassen",Dag,met zwaargewonden,3,Fiets,10,"één bestuurder, geen hindernis",Op Kruispunt,Gemeenteweg,binnen bebouwde kom,"Eén bestuurder, geen hindernis (incl. val)",Geen hindernis
3247,15,Oostende 2,Oostende,51.21371,2.92743,2.2147893388214617,51.2318271849345,2.9142152478308225,2017,7,14,35013,Oostende,Regenval,"Nat, plassen",Dag,met zwaargewonden,3,Fiets,10,"één bestuurder, geen hindernis",Op Kruispunt,Gemeenteweg,binnen bebouwde kom,"Eén bestuurder, geen hindernis (incl. val)",Geen hindernis
3249,15,Oostende 2,Oostende,51.21371,2.92743,1.513151709874366,51.21207869498294,2.9058633405751113,2017,7,8,35013,Oostende,Normaal,Droog,Dag,met lichtgewonden,9,personenauto,3,Fiets,Op Kruispunt,Gewestweg,binnen bebouwde kom,Tss. 2 best.: langs opzij (voor-/achterkant-flank),Geen hindernis
3249,18,Oostende 1,Oostende,51.21378,2.92765,1.5293087306864979,51.21207869498294,2.9058633405751113,2017,7,8,35013,Oostende,Normaal,Droog,Dag,met lichtgewonden,9,personenauto,3,Fiets,Op Kruispunt,Gewestweg,binnen bebouwde kom,Tss. 2 best.: langs opzij (voor-/achterkant-flank),Geen hindernis
3250,15,Oostende 2,Oostende,51.21371,2.92743,1.9888372523332063,51.229625763631915,2.91439997637017,2017,7,9,35013,Oostende,Regenval,"Nat, plassen",Dag,met lichtgewonden,9,personenauto,3,Fiets,Op Kruispunt,Gewestweg,binnen bebouwde kom,Tss. 2 best.: langs opzij (voor-/achterkant-flank),Geen hindernis
3250,18,Oostende 1,Oostende,51.21378,2.92765,1.9889755731838399,51.229625763631915,2.91439997637017,2017,7,9,35013,Oostende,Regenval,"Nat, plassen",Dag,met lichtgewonden,9,personenauto,3,Fiets,Op Kruispunt,Gewestweg,binnen bebouwde kom,Tss. 2 best.: langs opzij (voor-/achterkant-flank),Geen hindernis
3268,55,Torhout teller 1,Torhout,51.07161,3.08261,1.2977471560865503,51.06563682310068,3.098565943971925,2017,8,16,31033,Torhout,Normaal,Droog,Dag,met lichtgewonden,3,Fiets,9,personenauto,Op Kruispunt,Gewestweg,binnen bebouwde kom,Tss. 2 best.: langs opzij (voor-/achterkant-flank),Geen hindernis
3268,56,Torhout teller 2,Torhout,51.07147,3.08244,1.300131736523334,51.06563682310068,3.098565943971925,2017,8,16,31033,Torhout,Normaal,Droog,Dag,met lichtgewonden,3,Fiets,9,personenauto,Op Kruispunt,Gewestweg,binnen bebouwde kom,Tss. 2 best.: langs opzij (voor-/achterkant-flank),Geen hindernis
3274,84,Roeselare totem,Izegem,50.91717,3.18772,0.7478248601335922,50.9169055083934,3.1983793715831843,2017,8,10,36008,Izegem,Normaal,Droog,Dag,met lichtgewonden,9,personenauto,3,Fiets,Buiten Kruispunt,Gemeenteweg,binnen bebouwde kom,Tss. 2 best.: langs opzij (voor-/achterkant-flank),Geen hindernis
3275,84,Roeselare totem,Izegem,50.91717,3.18772,2.381027020958886,50.9271926609304,3.2177380706157264,2017,7,10,36008,Izegem,Normaal,Droog,Dag,met lichtgewonden,5,Lichte vrachtauto,3,Fiets,Op Kruispunt,Gemeenteweg,binnen bebouwde kom,Tussen 2 bestuurders: Frontale botsing,Geen hindernis
3280,84,Roeselare totem,Izegem,50.91717,3.18772,1.9744259666321067,50.8995527499982,3.1912389650539286,2017,7,12,36008,Izegem,Normaal,Droog,Dag,met lichtgewonden,1,Autobus,3,Fiets,Op Kruispunt,Gemeenteweg,binnen bebouwde kom,Tussen 2 bestuurders: Langs achteren,Geen hindernis
3281,58,Meulebeke teller 2,Meulebeke,50.96021,3.24471,2.490451900393681,50.94280014552996,3.222344013958373,2017,7,20,36008,Izegem,Normaal,Droog,Dag,met zwaargewonden,6,Bromfiets,3,Fiets,Buiten Kruispunt,Gemeenteweg,buiten bebouwde kom,Tussen 2 bestuurders: Frontale botsing,Geen hindernis
3287,143,Eco Display Classic Budastraat,Kortrijk,50.83066,3.26286,0.5696356026634196,50.83488818391721,3.267439620316915,2017,7,14,34022,Kortrijk,Normaal,Droog,Dag,met lichtgewonden,3,Fiets,9,personenauto,Op Kruispunt,Gewestweg,binnen bebouwde kom,Tss. 2 best.: langs opzij (voor-/achterkant-flank),Geen hindernis
3287,17,Kortrijk 2,Kortrijk,50.83339,3.27773,0.7416164008117851,50.83488818391721,3.267439620316915,2017,7,14,34022,Kortrijk,Normaal,Droog,Dag,met lichtgewonden,3,Fiets,9,personenauto,Op Kruispunt,Gewestweg,binnen bebouwde kom,Tss. 2 best.: langs opzij (voor-/achterkant-flank),Geen hindernis
3287,16,Kortrijk 1,Kortrijk,50.83332,3.27777,0.7461350801331028,50.83488818391721,3.267439620316915,2017,7,14,34022,Kortrijk,Normaal,Droog,Dag,met lichtgewonden,3,Fiets,9,personenauto,Op Kruispunt,Gewestweg,binnen bebouwde kom,Tss. 2 best.: langs opzij (voor-/achterkant-flank),Geen hindernis
3287,75,Kortrijk teller 2,Kortrijk,50.81925,3.25731,1.8788115960112384,50.83488818391721,3.267439620316915,2017,7,14,34022,Kortrijk,Normaal,Droog,Dag,met lichtgewonden,3,Fiets,9,personenauto,Op Kruispunt,Gewestweg,binnen bebouwde kom,Tss. 2 best.: langs opzij (voor-/achterkant-flank),Geen hindernis
3287,74,Kortrijk teller 1,Kortrijk,50.81909,3.25728,1.8960822285411887,50.83488818391721,3.267439620316915,2017,7,14,34022,Kortrijk,Normaal,Droog,Dag,met lichtgewonden,3,Fiets,9,personenauto,Op Kruispunt,Gewestweg,binnen bebouwde kom,Tss. 2 best.: langs opzij (voor-/achterkant-flank),Geen hindernis
3289,16,Kortrijk 1,Kortrijk,50.83332,3.27777,1.7674655711163614,50.82033916916128,3.292292897459701,2017,8,12,34022,Kortrijk,Normaal,Droog,Dag,met lichtgewonden,9,personenauto,3,Fiets,Op Kruispunt,Gewestweg,binnen bebouwde kom,Tss. 2 best.: langs opzij (voor-/achterkant-flank),Geen hindernis
3289,17,Kortrijk 2,Kortrijk,50.83339,3.27773,1.7754444764648705,50.82033916916128,3.292292897459701,2017,8,12,34022,Kortrijk,Normaal,Droog,Dag,met lichtgewonden,9,personenauto,3,Fiets,Op Kruispunt,Gewestweg,binnen bebouwde kom,Tss. 2 best.: langs opzij (voor-/achterkant-flank),Geen hindernis
3289,143,Eco Display Classic Budastraat,Kortrijk,50.83066,3.26286,2.3645417075924615,50.82033916916128,3.292292897459701,2017,8,12,34022,Kortrijk,Normaal,Droog,Dag,met lichtgewonden,9,personenauto,3,Fiets,Op Kruispunt,Gewestweg,binnen bebouwde kom,Tss. 2 best.: langs opzij (voor-/achterkant-flank),Geen hindernis
3289,75,Kortrijk teller 2,Kortrijk,50.81925,3.25731,2.460484716701175,50.82033916916128,3.292292897459701,2017,8,12,34022,Kortrijk,Normaal,Droog,Dag,met lichtgewonden,9,personenauto,3,Fiets,Op Kruispunt,Gewestweg,binnen bebouwde kom,Tss. 2 best.: langs opzij (voor-/achterkant-flank),Geen hindernis
3289,74,Kortrijk teller 1,Kortrijk,50.81909,3.25728,2.4635328896913085,50.82033916916128,3.292292897459701,2017,8,12,34022,Kortrijk,Normaal,Droog,Dag,met lichtgewonden,9,personenauto,3,Fiets,Op Kruispunt,Gewestweg,binnen bebouwde kom,Tss. 2 best.: langs opzij (voor-/achterkant-flank),Geen hindernis
3292,16,Kortrijk 1,Kortrijk,50.83332,3.27777,1.7674655711163614,50.82033916916128,3.292292897459701,2017,7,20,34022,Kortrijk,Normaal,Droog,Dag,met lichtgewonden,9,personenauto,3,Fiets,Op Kruispunt,Gewestweg,binnen bebouwde kom,Tussen 2 bestuurders: Frontale botsing,Geen hindernis
3292,17,Kortrijk 2,Kortrijk,50.83339,3.27773,1.7754444764648705,50.82033916916128,3.292292897459701,2017,7,20,34022,Kortrijk,Normaal,Droog,Dag,met lichtgewonden,9,personenauto,3,Fiets,Op Kruispunt,Gewestweg,binnen bebouwde kom,Tussen 2 bestuurders: Frontale botsing,Geen hindernis
3292,143,Eco Display Classic Budastraat,Kortrijk,50.83066,3.26286,2.3645417075924615,50.82033916916128,3.292292897459701,2017,7,20,34022,Kortrijk,Normaal,Droog,Dag,met lichtgewonden,9,personenauto,3,Fiets,Op Kruispunt,Gewestweg,binnen bebouwde kom,Tussen 2 bestuurders: Frontale botsing,Geen hindernis
3292,75,Kortrijk teller 2,Kortrijk,50.81925,3.25731,2.460484716701175,50.82033916916128,3.292292897459701,2017,7,20,34022,Kortrijk,Normaal,Droog,Dag,met lichtgewonden,9,personenauto,3,Fiets,Op Kruispunt,Gewestweg,binnen bebouwde kom,Tussen 2 bestuurders: Frontale botsing,Geen hindernis
3292,74,Kortrijk teller 1,Kortrijk,50.81909,3.25728,2.4635328896913085,50.82033916916128,3.292292897459701,2017,7,20,34022,Kortrijk,Normaal,Droog,Dag,met lichtgewonden,9,personenauto,3,Fiets,Op Kruispunt,Gewestweg,binnen bebouwde kom,Tussen 2 bestuurders: Frontale botsing,Geen hindernis
3293,16,Kortrijk 1,Kortrijk,50.83332,3.27777,1.1949390425328508,50.82500953084341,3.2885566529121375,2017,7,9,34022,Kortrijk,Normaal,Droog,Dag,met lichtgewonden,5,Lichte vrachtauto,3,Fiets,Op Kruispunt,Gemeenteweg,binnen bebouwde kom,Tss. 2 best.: langs opzij (voor-/achterkant-flank),Geen hindernis
3293,17,Kortrijk 2,Kortrijk,50.83339,3.27773,1.2027423387807081,50.82500953084341,3.2885566529121375,2017,7,9,34022,Kortrijk,Normaal,Droog,Dag,met lichtgewonden,5,Lichte vrachtauto,3,Fiets,Op Kruispunt,Gemeenteweg,binnen bebouwde kom,Tss. 2 best.: langs opzij (voor-/achterkant-flank),Geen hindernis
3293,143,Eco Display Classic Budastraat,Kortrijk,50.83066,3.26286,1.9110810900635626,50.82500953084341,3.2885566529121375,2017,7,9,34022,Kortrijk,Normaal,Droog,Dag,met lichtgewonden,5,Lichte vrachtauto,3,Fiets,Op Kruispunt,Gemeenteweg,binnen bebouwde kom,Tss. 2 best.: langs opzij (voor-/achterkant-flank),Geen hindernis
3293,75,Kortrijk teller 2,Kortrijk,50.81925,3.25731,2.2864497904416528,50.82500953084341,3.2885566529121375,2017,7,9,34022,Kortrijk,Normaal,Droog,Dag,met lichtgewonden,5,Lichte vrachtauto,3,Fiets,Op Kruispunt,Gemeenteweg,binnen bebouwde kom,Tss. 2 best.: langs opzij (voor-/achterkant-flank),Geen hindernis
3293,74,Kortrijk teller 1,Kortrijk,50.81909,3.25728,2.2935189493332535,50.82500953084341,3.2885566529121375,2017,7,9,34022,Kortrijk,Normaal,Droog,Dag,met lichtgewonden,5,Lichte vrachtauto,3,Fiets,Op Kruispunt,Gemeenteweg,binnen bebouwde kom,Tss. 2 best.: langs opzij (voor-/achterkant-flank),Geen hindernis
3294,143,Eco Display Classic Budastraat,Kortrijk,50.83066,3.26286,1.7871088011971872,50.846508046005226,3.2586275510585376,2017,7,8,34022,Kortrijk,Normaal,Droog,Dag,met lichtgewonden,3,Fiets,4,Vrachtwagen,Buiten Kruispunt,Gemeenteweg,binnen bebouwde kom,Tss. 2 best.: langs opzij (voor-/achterkant-flank),Geen hindernis
3294,17,Kortrijk 2,Kortrijk,50.83339,3.27773,1.9816379990864519,50.846508046005226,3.2586275510585376,2017,7,8,34022,Kortrijk,Normaal,Droog,Dag,met lichtgewonden,3,Fiets,4,Vrachtwagen,Buiten Kruispunt,Gemeenteweg,binnen bebouwde kom,Tss. 2 best.: langs opzij (voor-/achterkant-flank),Geen hindernis
3294,16,Kortrijk 1,Kortrijk,50.83332,3.27777,1.9892718963379907,50.846508046005226,3.2586275510585376,2017,7,8,34022,Kortrijk,Normaal,Droog,Dag,met lichtgewonden,3,Fiets,4,Vrachtwagen,Buiten Kruispunt,Gemeenteweg,binnen bebouwde kom,Tss. 2 best.: langs opzij (voor-/achterkant-flank),Geen hindernis
3315,18,Oostende 1,Oostende,51.21378,2.92765,2.3155646072561806,51.234234392271404,2.921409976943999,2017,7,21,35013,Oostende,Normaal,Droog,Dag,met lichtgewonden,3,Fiets,10,"één bestuurder, geen hindernis",Buiten Kruispunt,Gewestweg,binnen bebouwde kom,"Eén bestuurder, geen hindernis (incl. val)",Geen hindernis
3315,15,Oostende 2,Oostende,51.21371,2.92743,2.3203936355088848,51.234234392271404,2.921409976943999,2017,7,21,35013,Oostende,Normaal,Droog,Dag,met lichtgewonden,3,Fiets,10,"één bestuurder, geen hindernis",Buiten Kruispunt,Gewestweg,binnen bebouwde kom,"Eén bestuurder, geen hindernis (incl. val)",Geen hindernis
3316,124,Beveren teller 2,Beveren,51.1964712,4.2361077,2.3978625302467558,51.217089646079394,4.246190852321075,2017,7,13,46003,Beveren,Normaal,Droog,Dag,met lichtgewonden,3,Fiets,9,personenauto,Buiten Kruispunt,Gemeenteweg,binnen bebouwde kom,Tss. 2 best.: langs opzij (voor-/achterkant-flank),Geen hindernis
3320,18,Oostende 1,Oostende,51.21378,2.92765,1.3332821490329887,51.22264617743807,2.940537799761387,2017,8,15,35013,Oostende,Normaal,Droog,Dag,met zwaargewonden,3,Fiets,3,Fiets,Op Kruispunt,Gemeenteweg,binnen bebouwde kom,Tussen 2 bestuurders: Frontale botsing,Geen hindernis
3320,15,Oostende 2,Oostende,51.21371,2.92743,1.3493673888173465,51.22264617743807,2.940537799761387,2017,8,15,35013,Oostende,Normaal,Droog,Dag,met zwaargewonden,3,Fiets,3,Fiets,Op Kruispunt,Gemeenteweg,binnen bebouwde kom,Tussen 2 bestuurders: Frontale botsing,Geen hindernis
3322,124,Beveren teller 2,Beveren,51.1964712,4.2361077,2.4456914718194835,51.21337254443765,4.258572616676323,2017,7,7,46003,Beveren,Regenval,"Nat, plassen",Dageraad - schemering,met lichtgewonden,3,Fiets,3,Fiets,Buiten Kruispunt,Gemeenteweg,binnen bebouwde kom,Tussen 2 bestuurders: Frontale botsing,Geen hindernis
3326,96,Lier teller 2,Lier,51.11705,4.58444,2.418653573811623,51.137857080499394,4.594541686956229,2017,7,15,12021,Lier,Onbekend,Onbekend,Dag,met lichtgewonden,3,Fiets,3,Fiets,Op Kruispunt,Gewestweg,onbekend,Tussen 2 bestuurders: Langs achteren,Geen hindernis
3326,95,Lier teller 1,Lier,51.11687,4.58437,2.4392241067318507,51.137857080499394,4.594541686956229,2017,7,15,12021,Lier,Onbekend,Onbekend,Dag,met lichtgewonden,3,Fiets,3,Fiets,Op Kruispunt,Gewestweg,onbekend,Tussen 2 bestuurders: Langs achteren,Geen hindernis
3328,99,Mechelen teller 1,Mechelen,51.04564,4.46882,1.8410324938961697,51.029143262549056,4.4710607846334725,2017,7,14,12025,Mechelen,Normaal,Droog,Dag,met lichtgewonden,3,Fiets,9,personenauto,Buiten Kruispunt,Gewestweg,binnen bebouwde kom,Tussen 2 bestuurders: Langs achteren,Geen hindernis
3328,100,Mechelen teller 2,Mechelen,51.0457,4.46883,1.847620904992888,51.029143262549056,4.4710607846334725,2017,7,14,12025,Mechelen,Normaal,Droog,Dag,met lichtgewonden,3,Fiets,9,personenauto,Buiten Kruispunt,Gewestweg,binnen bebouwde kom,Tussen 2 bestuurders: Langs achteren,Geen hindernis
3331,99,Mechelen teller 1,Mechelen,51.04564,4.46882,2.3967495207886276,51.02411903361474,4.470730826026179,2017,7,18,12025,Mechelen,Normaal,Droog,Dag,met lichtgewonden,9,personenauto,3,Fiets,Buiten Kruispunt,Gewestweg,binnen bebouwde kom,Tss. 2 best.: langs opzij (voor-/achterkant-flank),Geen hindernis