crash_row_id,site_id,site_name,site_gemeente,site_lat,site_long,distance_km,crash_lat,crash_long,DT_YEAR_COLLISION,DT_MONTH_COLLISION,DT_TIME,CD_NIS,TX_MUNTY_COLLISION_NL,TX_WEATHER_NL,TX_ROAD_CONDITION_NL,TX_LIGHT_CONDITION_NL,TX_CLASS_ACCIDENTS_NL,CD_ROAD_USR_TYPE1,TX_ROAD_USR_TYPE1_NL,CD_ROAD_USR_TYPE2,TX_ROAD_USR_TYPE2_NL,TX_CROSSWAY_NL,CD_ROAD_TYPE_NL,TX_BUILD_UP_AREA_NL,TX_COLLISION_TYPE_NL,TX_OBSTACLES_NL
3331,100,Mechelen teller 2,Mechelen,51.0457,4.46883,2.4033720930327305,51.02411903361474,4.470730826026179,2017,7,18,12025,Mechelen,Normaal,Droog,Dag,met lichtgewonden,9,personenauto,3,Fiets,Buiten Kruispunt,Gewestweg,binnen bebouwde kom,Tss. 2 best.: langs opzij (voor-/achterkant-flank),Geen hindernis
3333,99,Mechelen teller 1,Mechelen,51.04564,4.46882,2.350470260819754,51.02506120851861,4.476502711431972,2017,8,22,12025,Mechelen,Onbekend,Onbekend,Onbekend,met lichtgewonden,9,personenauto,3,Fiets,Op Kruispunt,Gemeenteweg,binnen bebouwde kom,Tussen 2 bestuurders: Frontale botsing,Geen hindernis
3333,100,Mechelen teller 2,Mechelen,51.0457,4.46883,2.3568065079942793,51.02506120851861,4.476502711431972,2017,8,22,12025,Mechelen,Onbekend,Onbekend,Onbekend,met lichtgewonden,9,personenauto,3,Fiets,Op Kruispunt,Gemeenteweg,binnen bebouwde kom,Tussen 2 bestuurders: Frontale botsing,Geen hindernis
3334,109,Zemst,Zemst,50.9903936,4.4707023,2.258319520905745,51.010193638178635,4.477885773822975,2017,7,21,12025,Mechelen,Normaal,Droog,"Nacht, openbare verlichting aanwezig en ontstoken",met lichtgewonden,9,personenauto,3,Fiets,Op Kruispunt,Gewestweg,buiten bebouwde kom,Tss. 2 best.: langs opzij (voor-/achterkant-flank),Geen hindernis
3336,99,Mechelen teller 1,Mechelen,51.04564,4.46882,1.55820773551679,51.03874364324353,4.449418130364618,2017,7,8,12025,Mechelen,Regenval,"Nat, plassen",Dag,met lichtgewonden,3,Fiets,9,personenauto,Buiten Kruispunt,Gewestweg,binnen bebouwde kom,Tussen 2 bestuurders: Frontale botsing,Geen hindernis
3336,100,Mechelen teller 2,Mechelen,51.0457,4.46883,1.5621084781739278,51.03874364324353,4.449418130364618,2017,7,8,12025,Mechelen,Regenval,"Nat, plassen",Dag,met lichtgewonden,3,Fiets,9,personenauto,Buiten Kruispunt,Gewestweg,binnen bebouwde kom,Tussen 2 bestuurders: Frontale botsing,Geen hindernis
3337,99,Mechelen teller 1,Mechelen,51.04564,4.46882,2.4204401702214957,51.02821087074473,4.4895578660091005,2017,8,13,12025,Mechelen,Onbekend,Onbekend,Dag,met lichtgewonden,3,Fiets,9,personenauto,Op Kruispunt,Gewestweg,binnen bebouwde kom,Tss. 2 best.: langs opzij (voor-/achterkant-flank),Geen hindernis
3337,100,Mechelen teller 2,Mechelen,51.0457,4.46883,2.4253669914300815,51.02821087074473,4.4895578660091005,2017,8,13,12025,Mechelen,Onbekend,Onbekend,Dag,met lichtgewonden,3,Fiets,9,personenauto,Op Kruispunt,Gewestweg,binnen bebouwde kom,Tss. 2 best.: langs opzij (voor-/achterkant-flank),Geen hindernis
3338,99,Mechelen teller 1,Mechelen,51.04564,4.46882,1.599215280469393,51.035000449867866,4.484210293112525,2017,7,18,12025,Mechelen,Normaal,Droog,Dag,met lichtgewonden,9,personenauto,3,Fiets,Buiten Kruispunt,Gewestweg,binnen bebouwde kom,Tussen 2 bestuurders: Langs achteren,Geen hindernis
3338,100,Mechelen teller 2,Mechelen,51.0457,4.46883,1.60368776671373,51.035000449867866,4.484210293112525,2017,7,18,12025,Mechelen,Normaal,Droog,Dag,met lichtgewonden,9,personenauto,3,Fiets,Buiten Kruispunt,Gewestweg,binnen bebouwde kom,Tussen 2 bestuurders: Langs achteren,Geen hindernis
3339,99,Mechelen teller 1,Mechelen,51.04564,4.46882,2.136334967127289,51.027550247001415,4.479111622014417,2017,7,9,12025,Mechelen,Normaal,Droog,Dag,met lichtgewonden,3,Fiets,9,personenauto,Op Kruispunt,Gemeenteweg,binnen bebouwde kom,Tss. 2 best.: langs opzij (voor-/achterkant-flank),Geen hindernis
3339,100,Mechelen teller 2,Mechelen,51.0457,4.46883,2.1423830588735067,51.027550247001415,4.479111622014417,2017,7,9,12025,Mechelen,Normaal,Droog,Dag,met lichtgewonden,3,Fiets,9,personenauto,Op Kruispunt,Gemeenteweg,binnen bebouwde kom,Tss. 2 best.: langs opzij (voor-/achterkant-flank),Geen hindernis
3340,99,Mechelen teller 1,Mechelen,51.04564,4.46882,1.365609723537794,51.033614196231866,4.472782710615722,2017,7,21,12025,Mechelen,Normaal,Droog,Dag,met lichtgewonden,9,personenauto,3,Fiets,Buiten Kruispunt,Gewestweg,buiten bebouwde kom,Tussen 2 bestuurders: Frontale botsing,Geen hindernis
3340,100,Mechelen teller 2,Mechelen,51.0457,4.46883,1.3720022895680393,51.033614196231866,4.472782710615722,2017,7,21,12025,Mechelen,Normaal,Droog,Dag,met lichtgewonden,9,personenauto,3,Fiets,Buiten Kruispunt,Gewestweg,buiten bebouwde kom,Tussen 2 bestuurders: Frontale botsing,Geen hindernis
3341,140,Hasselt ring,Hasselt,50.9300038,5.3438616,1.368256346367091,50.933598160185774,5.3251889300389905,2017,7,21,71022,Hasselt,Regenval,"Nat, plassen","Nacht, openbare verlichting aanwezig en ontstoken",met lichtgewonden,3,Fiets,8,Voetganger,Buiten Kruispunt,Gewestweg,binnen bebouwde kom,Met een voetganger,Geen hindernis
3341,138,Hasselt-Kempische brug,Hasselt,50.9405318,5.3422472,1.4223861512025213,50.933598160185774,5.3251889300389905,2017,7,21,71022,Hasselt,Regenval,"Nat, plassen","Nacht, openbare verlichting aanwezig en ontstoken",met lichtgewonden,3,Fiets,8,Voetganger,Buiten Kruispunt,Gewestweg,binnen bebouwde kom,Met een voetganger,Geen hindernis
3341,137,Hasselt-Kempische brug,Hasselt,50.9411605,5.3417576,1.4335303043865089,50.933598160185774,5.3251889300389905,2017,7,21,71022,Hasselt,Regenval,"Nat, plassen","Nacht, openbare verlichting aanwezig en ontstoken",met lichtgewonden,3,Fiets,8,Voetganger,Buiten Kruispunt,Gewestweg,binnen bebouwde kom,Met een voetganger,Geen hindernis
3342,33,Lummen,Lummen,50.97978,5.20936,1.5769053184343385,50.98563175232192,5.188841000252405,2017,7,12,71037,Lummen,Onbekend,Onbekend,Dag,met lichtgewonden,3,Fiets,9,personenauto,Op Kruispunt,Gewestweg,onbekend,Tss. 2 best.: langs opzij (voor-/achterkant-flank),Geen hindernis
3342,32,Lummen,Lummen,50.97971,5.20961,1.596059569315625,50.98563175232192,5.188841000252405,2017,7,12,71037,Lummen,Onbekend,Onbekend,Dag,met lichtgewonden,3,Fiets,9,personenauto,Op Kruispunt,Gewestweg,onbekend,Tss. 2 best.: langs opzij (voor-/achterkant-flank),Geen hindernis
3345,138,Hasselt-Kempische brug,Hasselt,50.9405318,5.3422472,0.19033788304560756,50.93902709409728,5.340952154535162,2017,7,17,71022,Hasselt,Normaal,Droog,Dag,met lichtgewonden,6,Bromfiets,3,Fiets,Buiten Kruispunt,Gewestweg,binnen bebouwde kom,Tussen 2 bestuurders: Frontale botsing,Geen hindernis
3345,137,Hasselt-Kempische brug,Hasselt,50.9411605,5.3417576,0.24384454172697873,50.93902709409728,5.340952154535162,2017,7,17,71022,Hasselt,Normaal,Droog,Dag,met lichtgewonden,6,Bromfiets,3,Fiets,Buiten Kruispunt,Gewestweg,binnen bebouwde kom,Tussen 2 bestuurders: Frontale botsing,Geen hindernis
3345,140,Hasselt ring,Hasselt,50.9300038,5.3438616,1.0238496832419335,50.93902709409728,5.340952154535162,2017,7,17,71022,Hasselt,Normaal,Droog,Dag,met lichtgewonden,6,Bromfiets,3,Fiets,Buiten Kruispunt,Gewestweg,binnen bebouwde kom,Tussen 2 bestuurders: Frontale botsing,Geen hindernis
3347,137,Hasselt-Kempische brug,Hasselt,50.9411605,5.3417576,0.8900265512854161,50.94174326702855,5.329088534592117,2017,7,14,71022,Hasselt,Normaal,Droog,Dag,met lichtgewonden,3,Fiets,3,Fiets,Buiten Kruispunt,Gewestweg,buiten bebouwde kom,Tss. 2 best.: langs opzij (voor-/achterkant-flank),Geen hindernis
3347,138,Hasselt-Kempische brug,Hasselt,50.9405318,5.3422472,0.9317638676128804,50.94174326702855,5.329088534592117,2017,7,14,71022,Hasselt,Normaal,Droog,Dag,met lichtgewonden,3,Fiets,3,Fiets,Buiten Kruispunt,Gewestweg,buiten bebouwde kom,Tss. 2 best.: langs opzij (voor-/achterkant-flank),Geen hindernis
3347,140,Hasselt ring,Hasselt,50.9300038,5.3438616,1.6660255088028673,50.94174326702855,5.329088534592117,2017,7,14,71022,Hasselt,Normaal,Droog,Dag,met lichtgewonden,3,Fiets,3,Fiets,Buiten Kruispunt,Gewestweg,buiten bebouwde kom,Tss. 2 best.: langs opzij (voor-/achterkant-flank),Geen hindernis
3348,138,Hasselt-Kempische brug,Hasselt,50.9405318,5.3422472,0.573023336493958,50.938492717539845,5.349757819237051,2017,7,0,71022,Hasselt,Normaal,Droog,"Nacht, openbare verlichting aanwezig en ontstoken",met lichtgewonden,9,personenauto,3,Fiets,Op Kruispunt,Gewestweg,buiten bebouwde kom,Tussen 2 bestuurders: Frontale botsing,Geen hindernis
3348,137,Hasselt-Kempische brug,Hasselt,50.9411605,5.3417576,0.6342112779381861,50.938492717539845,5.349757819237051,2017,7,0,71022,Hasselt,Normaal,Droog,"Nacht, openbare verlichting aanwezig en ontstoken",met lichtgewonden,9,personenauto,3,Fiets,Op Kruispunt,Gewestweg,buiten bebouwde kom,Tussen 2 bestuurders: Frontale botsing,Geen hindernis
3348,140,Hasselt ring,Hasselt,50.9300038,5.3438616,1.0303959862034195,50.938492717539845,5.349757819237051,2017,7,0,71022,Hasselt,Normaal,Droog,"Nacht, openbare verlichting aanwezig en ontstoken",met lichtgewonden,9,personenauto,3,Fiets,Op Kruispunt,Gewestweg,buiten bebouwde kom,Tussen 2 bestuurders: Frontale botsing,Geen hindernis
3350,49,Bokrijk,Genk,50.95264,5.41001,2.2930077385883347,50.93625768508857,5.429888059294197,2017,8,12,71011,Diepenbeek,Normaal,Droog,Dag,met lichtgewonden,9,personenauto,3,Fiets,Op Kruispunt,Gewestweg,buiten bebouwde kom,Tussen 2 bestuurders: Frontale botsing,Geen hindernis
3415,2,Brasschaat 2,Brasschaat,51.27512,4.47169,1.7793029131563327,51.2598326152228,4.464134357010885,2017,8,14,11040,Schoten,Normaal,Droog,Dag,met lichtgewonden,9,personenauto,3,Fiets,Op Kruispunt,Gewestweg,buiten bebouwde kom,Tussen 2 bestuurders: Frontale botsing,Geen hindernis
3415,3,Brasschaat 1,Brasschaat,51.27503,4.47222,1.7810454288020479,51.2598326152228,4.464134357010885,2017,8,14,11040,Schoten,Normaal,Droog,Dag,met lichtgewonden,9,personenauto,3,Fiets,Op Kruispunt,Gewestweg,buiten bebouwde kom,Tussen 2 bestuurders: Frontale botsing,Geen hindernis
3422,126,Hamme totem,Hamme,51.1017709,4.1469307,2.335117582189382,51.10207813641829,4.180370316277498,2017,8,12,12007,Bornem,Normaal,Droog,Dag,met zwaargewonden,3,Fiets,3,Fiets,Buiten Kruispunt,Gemeenteweg,buiten bebouwde kom,Tussen 2 bestuurders: Langs achteren,Geen hindernis
3429,8,Heist op den Berg 1,Heist-op-den-Berg,51.06759,4.68823,2.11460300790724,51.05809798177238,4.662009389641166,2017,8,14,12029,Putte,Normaal,Droog,Dag,met lichtgewonden,9,personenauto,3,Fiets,Buiten Kruispunt,Gemeenteweg,binnen bebouwde kom,Tussen 2 bestuurders: Frontale botsing,Geen hindernis
3431,96,Lier teller 2,Lier,51.11705,4.58444,2.282190826003813,51.1359542758462,4.571705783294181,2017,8,11,12021,Lier,Normaal,Droog,Dag,met lichtgewonden,9,personenauto,3,Fiets,Buiten Kruispunt,Gewestweg,binnen bebouwde kom,Tss. 2 best.: langs opzij (voor-/achterkant-flank),Geen hindernis
3431,95,Lier teller 1,Lier,51.11687,4.58437,2.29875746376973,51.1359542758462,4.571705783294181,2017,8,11,12021,Lier,Normaal,Droog,Dag,met lichtgewonden,9,personenauto,3,Fiets,Buiten Kruispunt,Gewestweg,binnen bebouwde kom,Tss. 2 best.: langs opzij (voor-/achterkant-flank),Geen hindernis
3433,9,Heist op den Berg 2,Heist-op-den-Berg,51.06904,4.69524,1.5003233682618728,51.06255372960417,4.7140669984149,2017,8,6,12014,Heist-op-den-Berg,Normaal,Droog,Dag,met lichtgewonden,5,Lichte vrachtauto,3,Fiets,Buiten Kruispunt,Gemeenteweg,buiten bebouwde kom,Tss. 2 best.: langs opzij (voor-/achterkant-flank),Geen hindernis
3433,8,Heist op den Berg 1,Heist-op-den-Berg,51.06759,4.68823,1.8903205616569365,51.06255372960417,4.7140669984149,2017,8,6,12014,Heist-op-den-Berg,Normaal,Droog,Dag,met lichtgewonden,5,Lichte vrachtauto,3,Fiets,Buiten Kruispunt,Gemeenteweg,buiten bebouwde kom,Tss. 2 best.: langs opzij (voor-/achterkant-flank),Geen hindernis
3435,9,Heist op den Berg 2,Heist-op-den-Berg,51.06904,4.69524,1.8697913075940704,51.071052607605424,4.721808048734596,2017,8,15,12014,Heist-op-den-Berg,Normaal,Droog,Dag,met zwaargewonden,5,Lichte vrachtauto,3,Fiets,Op Kruispunt,Gemeenteweg,binnen bebouwde kom,Tss. 2 best.: langs opzij (voor-/achterkant-flank),Geen hindernis
3435,8,Heist op den Berg 1,Heist-op-den-Berg,51.06759,4.68823,2.3775692200112504,51.071052607605424,4.721808048734596,2017,8,15,12014,Heist-op-den-Berg,Normaal,Droog,Dag,met zwaargewonden,5,Lichte vrachtauto,3,Fiets,Op Kruispunt,Gemeenteweg,binnen bebouwde kom,Tss. 2 best.: langs opzij (voor-/achterkant-flank),Geen hindernis
3445,94,Herentals teller 2,Herentals,51.17345,4.81283,1.3960894489779059,51.16978099002752,4.831980678201412,2017,8,11,13011,Herentals,Regenval,"Nat, plassen",Dag,met lichtgewonden,9,personenauto,3,Fiets,Op Kruispunt,Gemeenteweg,binnen bebouwde kom,Tss. 2 best.: langs opzij (voor-/achterkant-flank),Geen hindernis
3445,110,Herentals totem,Herentals,51.1739426,4.811783,1.4822227803872954,51.16978099002752,4.831980678201412,2017,8,11,13011,Herentals,Regenval,"Nat, plassen",Dag,met lichtgewonden,9,personenauto,3,Fiets,Op Kruispunt,Gemeenteweg,binnen bebouwde kom,Tss. 2 best.: langs opzij (voor-/achterkant-flank),Geen hindernis
3456,39,Peer teller 1,Peer,51.13425,5.47817,1.9069952347323715,51.1329676808644,5.450916075696249,2017,8,12,72030,Peer,Normaal,Droog,Dag,met lichtgewonden,3,Fiets,9,personenauto,Buiten Kruispunt,Gewestweg,binnen bebouwde kom,Tussen 2 bestuurders: Langs achteren,Geen hindernis
3456,40,Peer teller 2,Peer,51.13438,5.47892,1.9602866204046292,51.1329676808644,5.450916075696249,2017,8,12,72030,Peer,Normaal,Droog,Dag,met lichtgewonden,3,Fiets,9,personenauto,Buiten Kruispunt,Gewestweg,binnen bebouwde kom,Tussen 2 bestuurders: Langs achteren,Geen hindernis
3460,42,Maasmechelen teller 2,Maasmechelen,50.97043,5.6981,0.12747036712563858,50.971541823973936,5.698543534276606,2017,8,12,73107,Maasmechelen,Normaal,Droog,Dag,met lichtgewonden,3,Fiets,5,Lichte vrachtauto,Buiten Kruispunt,Gewestweg,buiten bebouwde kom,Tss. 2 best.: langs opzij (voor-/achterkant-flank),Geen hindernis
3460,41,Maasmechelen teller 1,Maasmechelen,50.97025,5.69799,0.14878153107228786,50.971541823973936,5.698543534276606,2017,8,12,73107,Maasmechelen,Normaal,Droog,Dag,met lichtgewonden,3,Fiets,5,Lichte vrachtauto,Buiten Kruispunt,Gewestweg,buiten bebouwde kom,Tss. 2 best.: langs opzij (voor-/achterkant-flank),Geen hindernis
3462,14,Genk,Genk,50.97172,5.48927,0.7262214969584732,50.9782311071117,5.48845969923138,2017,8,15,71016,Genk,Normaal,Droog,Dag,met lichtgewonden,9,personenauto,3,Fiets,Op Kruispunt,Gemeenteweg,buiten bebouwde kom,Tussen 2 bestuurders: Langs achteren,Geen hindernis
3465,14,Genk,Genk,50.97172,5.48927,1.4663886039199663,50.98345766614832,5.498817826276247,2017,8,17,71016,Genk,Regenval,"Nat, plassen",Dag,met lichtgewonden,9,personenauto,3,Fiets,Op Kruispunt,Gemeenteweg,buiten bebouwde kom,Tss. 2 best.: langs opzij (voor-/achterkant-flank),Geen hindernis
3466,14,Genk,Genk,50.97172,5.48927,1.5398863240269955,50.97229616720538,5.511243224975729,2017,8,17,71016,Genk,Normaal,Droog,Dag,met lichtgewonden,3,Fiets,9,personenauto,Op Kruispunt,Gemeenteweg,buiten bebouwde kom,Tss. 2 best.: langs opzij (voor-/achterkant-flank),Geen hindernis
3469,107,leuven totem,Leuven,50.8870744,4.7087919,0.7741755626243656,50.88251839333672,4.71713684985843,2017,8,18,24062,Leuven,Normaal,Proper,Dag,met lichtgewonden,3,Fiets,9,personenauto,Buiten Kruispunt,Gewestweg,binnen bebouwde kom,Tss. 2 best.: langs opzij (voor-/achterkant-flank),Geen hindernis
3469,69,Leuven teller 1,Leuven,50.87549,4.71526,0.7925373748571893,50.88251839333672,4.71713684985843,2017,8,18,24062,Leuven,Normaal,Proper,Dag,met lichtgewonden,3,Fiets,9,personenauto,Buiten Kruispunt,Gewestweg,binnen bebouwde kom,Tss. 2 best.: langs opzij (voor-/achterkant-flank),Geen hindernis
3469,77,Leuven teller 2,Leuven,50.88672,4.70796,0.7954296395411002,50.88251839333672,4.71713684985843,2017,8,18,24062,Leuven,Normaal,Proper,Dag,met lichtgewonden,3,Fiets,9,personenauto,Buiten Kruispunt,Gewestweg,binnen bebouwde kom,Tss. 2 best.: langs opzij (voor-/achterkant-flank),Geen hindernis
3470,69,Leuven teller 1,Leuven,50.87549,4.71526,0.3966929411369908,50.87230794722024,4.71270378459339,2017,8,15,24062,Leuven,Normaal,Droog,Dag,met lichtgewonden,9,personenauto,3,Fiets,Op Kruispunt,Gewestweg,binnen bebouwde kom,Tussen 2 bestuurders: Frontale botsing,Geen hindernis
3470,77,Leuven teller 2,Leuven,50.88672,4.70796,1.6367422965442477,50.87230794722024,4.71270378459339,2017,8,15,24062,Leuven,Normaal,Droog,Dag,met lichtgewonden,9,personenauto,3,Fiets,Op Kruispunt,Gewestweg,binnen bebouwde kom,Tussen 2 bestuurders: Frontale botsing,Geen hindernis
3470,107,leuven totem,Leuven,50.8870744,4.7087919,1.6647339013647702,50.87230794722024,4.71270378459339,2017,8,15,24062,Leuven,Normaal,Droog,Dag,met lichtgewonden,9,personenauto,3,Fiets,Op Kruispunt,Gewestweg,binnen bebouwde kom,Tussen 2 bestuurders: Frontale botsing,Geen hindernis
3470,151,Leuven,District Leuven,50.8690262,4.6854839,1.9446223232355666,50.87230794722024,4.71270378459339,2017,8,15,24062,Leuven,Normaal,Droog,Dag,met lichtgewonden,9,personenauto,3,Fiets,Op Kruispunt,Gewestweg,binnen bebouwde kom,Tussen 2 bestuurders: Frontale botsing,Geen hindernis
3471,151,Leuven,District Leuven,50.8690262,4.6854839,0.9383305999639739,50.86850488148202,4.698829658031773,2017,8,16,24062,Leuven,Onbekend,Droog,Dag,met lichtgewonden,9,personenauto,3,Fiets,Op Kruispunt,Gewestweg,binnen bebouwde kom,Tss. 2 best.: langs opzij (voor-/achterkant-flank),Geen hindernis
3471,69,Leuven teller 1,Leuven,50.87549,4.71526,1.3901439617337101,50.86850488148202,4.698829658031773,2017,8,16,24062,Leuven,Onbekend,Droog,Dag,met lichtgewonden,9,personenauto,3,Fiets,Op Kruispunt,Gewestweg,binnen bebouwde kom,Tss. 2 best.: langs opzij (voor-/achterkant-flank),Geen hindernis
3471,77,Leuven teller 2,Leuven,50.88672,4.70796,2.1243187130980403,50.86850488148202,4.698829658031773,2017,8,16,24062,Leuven,Onbekend,Droog,Dag,met lichtgewonden,9,personenauto,3,Fiets,Op Kruispunt,Gewestweg,binnen bebouwde kom,Tss. 2 best.: langs opzij (voor-/achterkant-flank),Geen hindernis
3471,107,leuven totem,Leuven,50.8870744,4.7087919,2.179931307170528,50.86850488148202,4.698829658031773,2017,8,16,24062,Leuven,Onbekend,Droog,Dag,met lichtgewonden,9,personenauto,3,Fiets,Op Kruispunt,Gewestweg,binnen bebouwde kom,Tss. 2 best.: langs opzij (voor-/achterkant-flank),Geen hindernis
3471,108,Heverlee teller 1,Leuven,50.8471728,4.6954674,2.3837307003193637,50.86850488148202,4.698829658031773,2017,8,16,24062,Leuven,Onbekend,Droog,Dag,met lichtgewonden,9,personenauto,3,Fiets,Op Kruispunt,Gewestweg,binnen bebouwde kom,Tss. 2 best.: langs opzij (voor-/achterkant-flank),Geen hindernis
3472,107,leuven totem,Leuven,50.8870744,4.7087919,1.000674359995878,50.88973301786687,4.722420873900176,2017,8,17,24062,Leuven,Normaal,Droog,Dag,met lichtgewonden,3,Fiets,9,personenauto,Op Kruispunt,Gemeenteweg,binnen bebouwde kom,Tss. 2 best.: langs opzij (voor-/achterkant-flank),Geen hindernis
3472,77,Leuven teller 2,Leuven,50.88672,4.70796,1.0682643658366051,50.88973301786687,4.722420873900176,2017,8,17,24062,Leuven,Normaal,Droog,Dag,met lichtgewonden,3,Fiets,9,personenauto,Op Kruispunt,Gemeenteweg,binnen bebouwde kom,Tss. 2 best.: langs opzij (voor-/achterkant-flank),Geen hindernis
3472,69,Leuven teller 1,Leuven,50.87549,4.71526,1.6615170082640156,50.88973301786687,4.722420873900176,2017,8,17,24062,Leuven,Normaal,Droog,Dag,met lichtgewonden,3,Fiets,9,personenauto,Op Kruispunt,Gemeenteweg,binnen bebouwde kom,Tss. 2 best.: langs opzij (voor-/achterkant-flank),Geen hindernis
3473,69,Leuven teller 1,Leuven,50.87549,4.71526,0.21051247759175987,50.87366810902584,4.714444423409694,2017,8,14,24062,Leuven,Normaal,Droog,Dag,met lichtgewonden,6,Bromfiets,3,Fiets,Op Kruispunt,Gewestweg,binnen bebouwde kom,Tussen 2 bestuurders: Frontale botsing,Geen hindernis
3473,77,Leuven teller 2,Leuven,50.88672,4.70796,1.5209363066331727,50.87366810902584,4.714444423409694,2017,8,14,24062,Leuven,Normaal,Droog,Dag,met lichtgewonden,6,Bromfiets,3,Fiets,Op Kruispunt,Gewestweg,binnen bebouwde kom,Tussen 2 bestuurders: Frontale botsing,Geen hindernis
3473,107,leuven totem,Leuven,50.8870744,4.7087919,1.5425583455455394,50.87366810902584,4.714444423409694,2017,8,14,24062,Leuven,Normaal,Droog,Dag,met lichtgewonden,6,Bromfiets,3,Fiets,Op Kruispunt,Gewestweg,binnen bebouwde kom,Tussen 2 bestuurders: Frontale botsing,Geen hindernis
3473,151,Leuven,District Leuven,50.8690262,4.6854839,2.0967166173148457,50.87366810902584,4.714444423409694,2017,8,14,24062,Leuven,Normaal,Droog,Dag,met lichtgewonden,6,Bromfiets,3,Fiets,Op Kruispunt,Gewestweg,binnen bebouwde kom,Tussen 2 bestuurders: Frontale botsing,Geen hindernis
3474,151,Leuven,District Leuven,50.8690262,4.6854839,1.5630472231791874,50.88002319169591,4.67160861618085,2017,8,18,24062,Leuven,Normaal,Droog,Dag,met lichtgewonden,9,personenauto,3,Fiets,Buiten Kruispunt,Gemeenteweg,binnen bebouwde kom,Tss. 2 best.: langs opzij (voor-/achterkant-flank),Geen hindernis
3474,73,Herent teller 2,Herent,50.89128,4.64685,2.1408521085562207,50.88002319169591,4.67160861618085,2017,8,18,24062,Leuven,Normaal,Droog,Dag,met lichtgewonden,9,personenauto,3,Fiets,Buiten Kruispunt,Gemeenteweg,binnen bebouwde kom,Tss. 2 best.: langs opzij (voor-/achterkant-flank),Geen hindernis
3474,72,Herent teller 1,Herent,50.89135,4.64689,2.143140306564356,50.88002319169591,4.67160861618085,2017,8,18,24062,Leuven,Normaal,Droog,Dag,met lichtgewonden,9,personenauto,3,Fiets,Buiten Kruispunt,Gemeenteweg,binnen bebouwde kom,Tss. 2 best.: langs opzij (voor-/achterkant-flank),Geen hindernis
3475,151,Leuven,District Leuven,50.8690262,4.6854839,0.8027584101988843,50.875397845442855,4.690862766774313,2017,8,19,24062,Leuven,Normaal,Droog,Dag,met lichtgewonden,3,Fiets,9,personenauto,Buiten Kruispunt,Gemeenteweg,binnen bebouwde kom,Tss. 2 best.: langs opzij (voor-/achterkant-flank),Geen hindernis
3475,69,Leuven teller 1,Leuven,50.87549,4.71526,1.7118607572004159,50.875397845442855,4.690862766774313,2017,8,19,24062,Leuven,Normaal,Droog,Dag,met lichtgewonden,3,Fiets,9,personenauto,Buiten Kruispunt,Gemeenteweg,binnen bebouwde kom,Tss. 2 best.: langs opzij (voor-/achterkant-flank),Geen hindernis
3475,77,Leuven teller 2,Leuven,50.88672,4.70796,1.7388938425346148,50.875397845442855,4.690862766774313,2017,8,19,24062,Leuven,Normaal,Droog,Dag,met lichtgewonden,3,Fiets,9,personenauto,Buiten Kruispunt,Gemeenteweg,binnen bebouwde kom,Tss. 2 best.: langs opzij (voor-/achterkant-flank),Geen hindernis
3475,107,leuven totem,Leuven,50.8870744,4.7087919,1.8077431875001357,50.875397845442855,4.690862766774313,2017,8,19,24062,Leuven,Normaal,Droog,Dag,met lichtgewonden,3,Fiets,9,personenauto,Buiten Kruispunt,Gemeenteweg,binnen bebouwde kom,Tss. 2 best.: langs opzij (voor-/achterkant-flank),Geen hindernis
3479,150,Bertem,District Leuven,50.8687535,4.56136297,1.4961425847996106,50.87620665332477,4.579114826623468,2017,8,18,24055,Kortenberg,Normaal,Droog,Dag,met lichtgewonden,3,Fiets,11,een weggebruiker tegen een hindernis,Buiten Kruispunt,Gemeenteweg,binnen bebouwde kom,Weggebruiker tegen hindernis op de rijbaan,Op de rijbaan: Lading
3480,87,Aarschot,Aarschot,50.99084,4.81259,1.3635323336611498,51.00022766798348,4.825125070107611,2017,8,12,24001,Aarschot,Normaal,Droog,Dag,met lichtgewonden,3,Fiets,6,Bromfiets,Buiten Kruispunt,Gemeenteweg,buiten bebouwde kom,Tussen 2 bestuurders: Frontale botsing,Geen hindernis
3486,101,Diest teller 1,Diest,50.97799,5.04481,0.7468025923042615,50.982522228115286,5.052682411639142,2017,8,17,24020,Diest,Normaal,Droog,Dag,met lichtgewonden,3,Fiets,8,Voetganger,Buiten Kruispunt,Gemeenteweg,binnen bebouwde kom,Met een voetganger,Geen hindernis
3486,102,Diest teller 2,Diest,50.9779,5.04474,0.7571837632392877,50.982522228115286,5.052682411639142,2017,8,17,24020,Diest,Normaal,Droog,Dag,met lichtgewonden,3,Fiets,8,Voetganger,Buiten Kruispunt,Gemeenteweg,binnen bebouwde kom,Met een voetganger,Geen hindernis
3489,101,Diest teller 1,Diest,50.97799,5.04481,0.04771157508636574,50.978340211118756,5.045203756850664,2017,8,10,24020,Diest,Normaal,Droog,Dag,met lichtgewonden,9,personenauto,3,Fiets,Buiten Kruispunt,Gewestweg,binnen bebouwde kom,Tss. 2 best.: langs opzij (voor-/achterkant-flank),Geen hindernis
3489,102,Diest teller 2,Diest,50.9779,5.04474,0.058738245318281895,50.978340211118756,5.045203756850664,2017,8,10,24020,Diest,Normaal,Droog,Dag,met lichtgewonden,9,personenauto,3,Fiets,Buiten Kruispunt,Gewestweg,binnen bebouwde kom,Tss. 2 best.: langs opzij (voor-/achterkant-flank),Geen hindernis