crash_row_id,site_id,site_name,site_gemeente,site_lat,site_long,distance_km,crash_lat,crash_long,DT_YEAR_COLLISION,DT_MONTH_COLLISION,DT_TIME,CD_NIS,TX_MUNTY_COLLISION_NL,TX_WEATHER_NL,TX_ROAD_CONDITION_NL,TX_LIGHT_CONDITION_NL,TX_CLASS_ACCIDENTS_NL,CD_ROAD_USR_TYPE1,TX_ROAD_USR_TYPE1_NL,CD_ROAD_USR_TYPE2,TX_ROAD_USR_TYPE2_NL,TX_CROSSWAY_NL,CD_ROAD_TYPE_NL,TX_BUILD_UP_AREA_NL,TX_COLLISION_TYPE_NL,TX_OBSTACLES_NL
3493,86,Asse teller 2,Asse,50.89132,4.1709,0.9843075556410743,50.88283099032761,4.16692247147479,2017,8,7,23086,Ternat,Normaal,"Nat, plassen",Dageraad - schemering,met lichtgewonden,9,personenauto,3,Fiets,Op Kruispunt,Gewestweg,binnen bebouwde kom,Tss. 2 best.: langs opzij (voor-/achterkant-flank),Geen hindernis
3493,85,Asse teller 1,Asse,50.89621,4.17294,1.5463982033893429,50.88283099032761,4.16692247147479,2017,8,7,23086,Ternat,Normaal,"Nat, plassen",Dageraad - schemering,met lichtgewonden,9,personenauto,3,Fiets,Op Kruispunt,Gewestweg,binnen bebouwde kom,Tss. 2 best.: langs opzij (voor-/achterkant-flank),Geen hindernis
3498,27,Grimbergen,Meise,50.92127,4.34013,1.3463724675560866,50.932093410852524,4.348741510274223,2017,8,7,23025,Grimbergen,Normaal,"Nat, plassen",Dag,met lichtgewonden,9,personenauto,3,Fiets,Buiten Kruispunt,Gemeenteweg,buiten bebouwde kom,Tussen 2 bestuurders: Frontale botsing,Geen hindernis
3500,47,Vilvoorde,Vilvoorde,50.91372,4.41497,1.659476517597019,50.92754402813638,4.423890464843368,2017,8,13,23088,Vilvoorde,Normaal,Droog,Dag,met lichtgewonden,9,personenauto,3,Fiets,Buiten Kruispunt,Gemeenteweg,binnen bebouwde kom,Tussen 2 bestuurders: Langs achteren,Geen hindernis
3501,71,Kampenhout teller 2,Kampenhout,50.95589,4.59164,0.15716749015911824,50.95512349266718,4.593525233359327,2017,8,7,23038,Kampenhout,Normaal,Droog,Dag,met lichtgewonden,6,Bromfiets,3,Fiets,Op Kruispunt,Gewestweg,buiten bebouwde kom,Tussen 2 bestuurders: Frontale botsing,Geen hindernis
3501,70,Kampenhout teller 1,Kampenhout,50.95682,4.59318,0.1901865516471831,50.95512349266718,4.593525233359327,2017,8,7,23038,Kampenhout,Normaal,Droog,Dag,met lichtgewonden,6,Bromfiets,3,Fiets,Op Kruispunt,Gewestweg,buiten bebouwde kom,Tussen 2 bestuurders: Frontale botsing,Geen hindernis
3503,71,Kampenhout teller 2,Kampenhout,50.95589,4.59164,1.0512253769956117,50.94963002611351,4.5803942039983365,2017,8,18,23038,Kampenhout,Normaal,Droog,Dag,met lichtgewonden,9,personenauto,3,Fiets,Buiten Kruispunt,Gewestweg,buiten bebouwde kom,Tss. 2 best.: langs opzij (voor-/achterkant-flank),Geen hindernis
3503,70,Kampenhout teller 1,Kampenhout,50.95682,4.59318,1.2005459962006428,50.94963002611351,4.5803942039983365,2017,8,18,23038,Kampenhout,Normaal,Droog,Dag,met lichtgewonden,9,personenauto,3,Fiets,Buiten Kruispunt,Gewestweg,buiten bebouwde kom,Tss. 2 best.: langs opzij (voor-/achterkant-flank),Geen hindernis
3506,136,Gent R4,Gent,51.0876313,3.7587918,1.0768178923478633,51.0786856479638,3.76469595527654,2017,8,18,44021,Gent,Regenval,"Nat, plassen",Dag,met lichtgewonden,3,Fiets,9,personenauto,Buiten Kruispunt,Gemeenteweg,binnen bebouwde kom,Tussen 2 bestuurders: Frontale botsing,Geen hindernis
3508,13,Gent,Gent,51.03018,3.70146,2.442302345186611,51.05056329147224,3.7144726829088013,2017,8,11,44021,Gent,Regenval,"Nat, plassen",Dag,met lichtgewonden,3,Fiets,5,Lichte vrachtauto,Buiten Kruispunt,Gemeenteweg,binnen bebouwde kom,Tss. 2 best.: langs opzij (voor-/achterkant-flank),Geen hindernis
3513,118,Gent teller 1,Gent,51.028049,3.7681359,1.8599967256087908,51.033043184131564,3.742751482677193,2017,8,15,44021,Gent,Normaal,Droog+Proper,Dag,met lichtgewonden,9,personenauto,3,Fiets,Op Kruispunt,Gewestweg,binnen bebouwde kom,Tss. 2 best.: langs opzij (voor-/achterkant-flank),Geen hindernis
3513,119,Gent teller 2,Gent,51.0281795,3.7683918,1.872839371381637,51.033043184131564,3.742751482677193,2017,8,15,44021,Gent,Normaal,Droog+Proper,Dag,met lichtgewonden,9,personenauto,3,Fiets,Op Kruispunt,Gewestweg,binnen bebouwde kom,Tss. 2 best.: langs opzij (voor-/achterkant-flank),Geen hindernis
3515,136,Gent R4,Gent,51.0876313,3.7587918,2.3560566500613884,51.066460636394716,3.7574072770974345,2017,8,8,44021,Gent,Normaal,Droog,Dag,met lichtgewonden,9,personenauto,3,Fiets,Op Kruispunt,Gewestweg,buiten bebouwde kom,Tss. 2 best.: langs opzij (voor-/achterkant-flank),Geen hindernis
3516,13,Gent,Gent,51.03018,3.70146,1.4609850619737341,51.03931168537175,3.7164825696504566,2017,8,19,44021,Gent,Normaal,Droog,Dag,met lichtgewonden,9,personenauto,3,Fiets,Buiten Kruispunt,Gewestweg,binnen bebouwde kom,Tss. 2 best.: langs opzij (voor-/achterkant-flank),Geen hindernis
3517,13,Gent,Gent,51.03018,3.70146,1.3888249763793519,51.0335749684006,3.720572704780293,2017,8,20,44021,Gent,Normaal,Droog,Dag,met lichtgewonden,9,personenauto,3,Fiets,Buiten Kruispunt,Gewestweg,binnen bebouwde kom,Tss. 2 best.: langs opzij (voor-/achterkant-flank),Geen hindernis
3518,13,Gent,Gent,51.03018,3.70146,2.094256466320969,51.046836363747246,3.7154412974299116,2017,8,13,44021,Gent,Normaal,Droog,Dag,met lichtgewonden,5,Lichte vrachtauto,3,Fiets,Buiten Kruispunt,Gemeenteweg,binnen bebouwde kom,Tussen 2 bestuurders: Frontale botsing,Geen hindernis
3520,13,Gent,Gent,51.03018,3.70146,1.9115161672706333,51.04712756570687,3.70604156886473,2017,8,16,44021,Gent,Normaal,Droog,Dag,met zwaargewonden,7,Motorfiets,3,Fiets,Op Kruispunt,Gemeenteweg,binnen bebouwde kom,Tussen 2 bestuurders: Frontale botsing,Geen hindernis
3536,117,Melle teller 1,Melle,50.9986113,3.8040599,1.9485017206846142,51.01280284077771,3.7877237586581485,2017,8,16,44040,Melle,Normaal,Droog,Dag,met lichtgewonden,2,Andere weggebruiker,3,Fiets,Op Kruispunt,Gewestweg,buiten bebouwde kom,Tss. 2 best.: langs opzij (voor-/achterkant-flank),Geen hindernis
3536,116,Melle teller 2,Melle,50.9986113,3.8040599,1.9485017206846142,51.01280284077771,3.7877237586581485,2017,8,16,44040,Melle,Normaal,Droog,Dag,met lichtgewonden,2,Andere weggebruiker,3,Fiets,Op Kruispunt,Gewestweg,buiten bebouwde kom,Tss. 2 best.: langs opzij (voor-/achterkant-flank),Geen hindernis
3536,118,Gent teller 1,Gent,51.028049,3.7681359,2.179725386329654,51.01280284077771,3.7877237586581485,2017,8,16,44040,Melle,Normaal,Droog,Dag,met lichtgewonden,2,Andere weggebruiker,3,Fiets,Op Kruispunt,Gewestweg,buiten bebouwde kom,Tss. 2 best.: langs opzij (voor-/achterkant-flank),Geen hindernis
3536,119,Gent teller 2,Gent,51.0281795,3.7683918,2.179881089902547,51.01280284077771,3.7877237586581485,2017,8,16,44040,Melle,Normaal,Droog,Dag,met lichtgewonden,2,Andere weggebruiker,3,Fiets,Op Kruispunt,Gewestweg,buiten bebouwde kom,Tss. 2 best.: langs opzij (voor-/achterkant-flank),Geen hindernis
3538,118,Gent teller 1,Gent,51.028049,3.7681359,2.1778422546450336,51.01148825446377,3.7515127328161455,2017,8,17,44043,Merelbeke,Normaal,Droog,Dag,met lichtgewonden,4,Vrachtwagen,3,Fiets,Op Kruispunt,Gewestweg,binnen bebouwde kom,Tss. 2 best.: langs opzij (voor-/achterkant-flank),Geen hindernis
3538,119,Gent teller 2,Gent,51.0281795,3.7683918,2.199680013524974,51.01148825446377,3.7515127328161455,2017,8,17,44043,Merelbeke,Normaal,Droog,Dag,met lichtgewonden,4,Vrachtwagen,3,Fiets,Op Kruispunt,Gewestweg,binnen bebouwde kom,Tss. 2 best.: langs opzij (voor-/achterkant-flank),Geen hindernis
3539,116,Melle teller 2,Melle,50.9986113,3.8040599,1.7572049567009018,50.99262759118232,3.8272990714046564,2017,8,11,44040,Melle,Normaal,Droog,Dag,met lichtgewonden,3,Fiets,9,personenauto,Op Kruispunt,Gewestweg,buiten bebouwde kom,Tss. 2 best.: langs opzij (voor-/achterkant-flank),Geen hindernis
3539,117,Melle teller 1,Melle,50.9986113,3.8040599,1.7572049567009018,50.99262759118232,3.8272990714046564,2017,8,11,44040,Melle,Normaal,Droog,Dag,met lichtgewonden,3,Fiets,9,personenauto,Op Kruispunt,Gewestweg,buiten bebouwde kom,Tss. 2 best.: langs opzij (voor-/achterkant-flank),Geen hindernis
3540,118,Gent teller 1,Gent,51.028049,3.7681359,1.277759968212246,51.021964961188694,3.7526371685237647,2017,8,7,44043,Merelbeke,Onbekend,Onbekend,Dag,met lichtgewonden,3,Fiets,9,personenauto,Op Kruispunt,Gewestweg,binnen bebouwde kom,Tss. 2 best.: langs opzij (voor-/achterkant-flank),Geen hindernis
3540,119,Gent teller 2,Gent,51.0281795,3.7683918,1.300627772933394,51.021964961188694,3.7526371685237647,2017,8,7,44043,Merelbeke,Onbekend,Onbekend,Dag,met lichtgewonden,3,Fiets,9,personenauto,Op Kruispunt,Gewestweg,binnen bebouwde kom,Tss. 2 best.: langs opzij (voor-/achterkant-flank),Geen hindernis
3545,113,Deinze teller 2,Deinze,50.96018,3.55578,2.47018375120656,50.98044822959975,3.541338759378125,2017,8,14,44083,Deinze,Normaal,Droog+Proper,Dag,met zwaargewonden,9,personenauto,3,Fiets,Buiten Kruispunt,Gewestweg,buiten bebouwde kom,Tussen 2 bestuurders: Frontale botsing,Geen hindernis
3545,114,Deinze teller 1,Nazareth,50.9598305,3.555502,2.4979005674434807,50.98044822959975,3.541338759378125,2017,8,14,44083,Deinze,Normaal,Droog+Proper,Dag,met zwaargewonden,9,personenauto,3,Fiets,Buiten Kruispunt,Gewestweg,buiten bebouwde kom,Tussen 2 bestuurders: Frontale botsing,Geen hindernis
3549,6,Evergem 2,Evergem,51.10894,3.70298,1.1995056025584916,51.11548773258945,3.689324394036773,2017,8,1,44019,Evergem,Normaal,Droog,"Nacht, openbare verlichting aanwezig en ontstoken",met zwaargewonden,3,Fiets,10,"één bestuurder, geen hindernis",Buiten Kruispunt,Gewestweg,buiten bebouwde kom,"Eén bestuurder, geen hindernis (incl. val)",Geen hindernis
3549,7,Evergem 1,Evergem,51.1089,3.70317,1.2127547983419196,51.11548773258945,3.689324394036773,2017,8,1,44019,Evergem,Normaal,Droog,"Nacht, openbare verlichting aanwezig en ontstoken",met zwaargewonden,3,Fiets,10,"één bestuurder, geen hindernis",Buiten Kruispunt,Gewestweg,buiten bebouwde kom,"Eén bestuurder, geen hindernis (incl. val)",Geen hindernis
3579,141,Test site A support,Lokeren,51.08342085,3.9961071208376326,1.2472194550882283,51.094443482517526,3.99280122458229,2017,8,12,46014,Lokeren,Normaal,Droog,Dag,met lichtgewonden,9,personenauto,3,Fiets,Buiten Kruispunt,Gemeenteweg,binnen bebouwde kom,Tss. 2 best.: langs opzij (voor-/achterkant-flank),Geen hindernis
3579,129,Lokeren teller 2,Lokeren,51.09612,3.97025,1.5858247566325558,51.094443482517526,3.99280122458229,2017,8,12,46014,Lokeren,Normaal,Droog,Dag,met lichtgewonden,9,personenauto,3,Fiets,Buiten Kruispunt,Gemeenteweg,binnen bebouwde kom,Tss. 2 best.: langs opzij (voor-/achterkant-flank),Geen hindernis
3579,128,Lokeren teller 1,Lokeren,51.09644,3.97023,1.5917778113170893,51.094443482517526,3.99280122458229,2017,8,12,46014,Lokeren,Normaal,Droog,Dag,met lichtgewonden,9,personenauto,3,Fiets,Buiten Kruispunt,Gemeenteweg,binnen bebouwde kom,Tss. 2 best.: langs opzij (voor-/achterkant-flank),Geen hindernis
3580,128,Lokeren teller 1,Lokeren,51.09644,3.97023,1.463162017338072,51.10432151284039,3.9870098146010333,2017,8,15,46014,Lokeren,Normaal,Droog,Dag,met lichtgewonden,9,personenauto,3,Fiets,Buiten Kruispunt,Gemeenteweg,binnen bebouwde kom,Tussen 2 bestuurders: Langs achteren,Geen hindernis
3580,129,Lokeren teller 2,Lokeren,51.09612,3.97025,1.4836494878939785,51.10432151284039,3.9870098146010333,2017,8,15,46014,Lokeren,Normaal,Droog,Dag,met lichtgewonden,9,personenauto,3,Fiets,Buiten Kruispunt,Gemeenteweg,binnen bebouwde kom,Tussen 2 bestuurders: Langs achteren,Geen hindernis
3580,141,Test site A support,Lokeren,51.08342085,3.9961071208376326,2.409320097923164,51.10432151284039,3.9870098146010333,2017,8,15,46014,Lokeren,Normaal,Droog,Dag,met lichtgewonden,9,personenauto,3,Fiets,Buiten Kruispunt,Gemeenteweg,binnen bebouwde kom,Tussen 2 bestuurders: Langs achteren,Geen hindernis
3581,128,Lokeren teller 1,Lokeren,51.09644,3.97023,0.5096794072399505,51.09998072770806,3.9748652351774916,2017,8,15,46014,Lokeren,Normaal,Droog,Dag,met lichtgewonden,9,personenauto,3,Fiets,Buiten Kruispunt,Gewestweg,binnen bebouwde kom,Tss. 2 best.: langs opzij (voor-/achterkant-flank),Geen hindernis
3581,129,Lokeren teller 2,Lokeren,51.09612,3.97025,0.5368017725144867,51.09998072770806,3.9748652351774916,2017,8,15,46014,Lokeren,Normaal,Droog,Dag,met lichtgewonden,9,personenauto,3,Fiets,Buiten Kruispunt,Gewestweg,binnen bebouwde kom,Tss. 2 best.: langs opzij (voor-/achterkant-flank),Geen hindernis
3581,141,Test site A support,Lokeren,51.08342085,3.9961071208376326,2.3646262844912975,51.09998072770806,3.9748652351774916,2017,8,15,46014,Lokeren,Normaal,Droog,Dag,met lichtgewonden,9,personenauto,3,Fiets,Buiten Kruispunt,Gewestweg,binnen bebouwde kom,Tss. 2 best.: langs opzij (voor-/achterkant-flank),Geen hindernis
3582,128,Lokeren teller 1,Lokeren,51.09644,3.97023,1.7958567812170774,51.10651754588746,3.990328516510444,2017,8,11,46014,Lokeren,Normaal,Droog,Dag,met lichtgewonden,9,personenauto,3,Fiets,Buiten Kruispunt,Gemeenteweg,binnen bebouwde kom,Tss. 2 best.: langs opzij (voor-/achterkant-flank),Geen hindernis
3582,129,Lokeren teller 2,Lokeren,51.09612,3.97025,1.817198099421826,51.10651754588746,3.990328516510444,2017,8,11,46014,Lokeren,Normaal,Droog,Dag,met lichtgewonden,9,personenauto,3,Fiets,Buiten Kruispunt,Gemeenteweg,binnen bebouwde kom,Tss. 2 best.: langs opzij (voor-/achterkant-flank),Geen hindernis
3583,126,Hamme totem,Hamme,51.1017709,4.1469307,1.0948593980833818,51.09481315711022,4.135836452255357,2017,8,17,42008,Hamme,Normaal,Droog,Dag,met lichtgewonden,3,Fiets,3,Fiets,Op Kruispunt,Gemeenteweg,binnen bebouwde kom,Tussen 2 bestuurders: Langs achteren,Geen hindernis
3585,120,Zele teller 1,Zele,51.0607671,4.0547741,1.6045118438617842,51.066172117289256,4.03348522521213,2017,8,12,42028,Zele,Normaal,Droog,Dag,met lichtgewonden,9,personenauto,3,Fiets,Op Kruispunt,Gewestweg,binnen bebouwde kom,Tussen 2 bestuurders: Frontale botsing,Geen hindernis
3585,121,Zele teller 2,Zele,51.0604067,4.0556696,1.6776073632119688,51.066172117289256,4.03348522521213,2017,8,12,42028,Zele,Normaal,Droog,Dag,met lichtgewonden,9,personenauto,3,Fiets,Op Kruispunt,Gewestweg,binnen bebouwde kom,Tussen 2 bestuurders: Frontale botsing,Geen hindernis
3587,120,Zele teller 1,Zele,51.0607671,4.0547741,1.0280640452398262,51.06836888476871,4.046400227889579,2017,8,17,42028,Zele,Normaal,Droog,Dag,met lichtgewonden,9,personenauto,3,Fiets,Op Kruispunt,Gemeenteweg,binnen bebouwde kom,Tss. 2 best.: langs opzij (voor-/achterkant-flank),Geen hindernis
3587,121,Zele teller 2,Zele,51.0604067,4.0556696,1.09700754925317,51.06836888476871,4.046400227889579,2017,8,17,42028,Zele,Normaal,Droog,Dag,met lichtgewonden,9,personenauto,3,Fiets,Op Kruispunt,Gemeenteweg,binnen bebouwde kom,Tss. 2 best.: langs opzij (voor-/achterkant-flank),Geen hindernis
3588,152,Opwijk,District Vilvoorde-gewestwegen,50.968901168564656,4.149169474840164,1.9103804671721853,50.96713512825324,4.122032763937788,2017,8,16,42011,Lebbeke,Normaal,Droog,Dag,met lichtgewonden,3,Fiets,11,een weggebruiker tegen een hindernis,Op Kruispunt,Gemeenteweg,buiten bebouwde kom,Weggebruiker tegen hindernis op de rijbaan,Op de rijbaan: Lading
3592,11,Aalst 3,Aalst,50.93385,4.01647,0.9195586951171293,50.934946790935776,4.029476360695604,2017,8,11,41002,Aalst,Regenval,"Nat, plassen",Dag,met lichtgewonden,9,personenauto,3,Fiets,Op Kruispunt,Gewestweg,binnen bebouwde kom,Tss. 2 best.: langs opzij (voor-/achterkant-flank),Geen hindernis
3592,10,Aalst 2,Aalst,50.93549,4.01571,0.9665654318158146,50.934946790935776,4.029476360695604,2017,8,11,41002,Aalst,Regenval,"Nat, plassen",Dag,met lichtgewonden,9,personenauto,3,Fiets,Op Kruispunt,Gewestweg,binnen bebouwde kom,Tss. 2 best.: langs opzij (voor-/achterkant-flank),Geen hindernis
3592,19,Aalst 1,Aalst,50.93433,4.01471,1.0370344569595538,50.934946790935776,4.029476360695604,2017,8,11,41002,Aalst,Regenval,"Nat, plassen",Dag,met lichtgewonden,9,personenauto,3,Fiets,Op Kruispunt,Gewestweg,binnen bebouwde kom,Tss. 2 best.: langs opzij (voor-/achterkant-flank),Geen hindernis
3598,142,TEST Validatie BRUGGE Y2H22022134,Brugge,51.22632,3.24095,1.7855494042163371,51.21038485193808,3.244113009515363,2017,8,7,31005,Brugge,Regenval,"Nat, plassen",Dageraad - schemering,met lichtgewonden,9,personenauto,3,Fiets,Buiten Kruispunt,Gewestweg,binnen bebouwde kom,Tss. 2 best.: langs opzij (voor-/achterkant-flank),Geen hindernis
3598,52,Brugge,Brugge,51.22632,3.24095,1.7855494042163371,51.21038485193808,3.244113009515363,2017,8,7,31005,Brugge,Regenval,"Nat, plassen",Dageraad - schemering,met lichtgewonden,9,personenauto,3,Fiets,Buiten Kruispunt,Gewestweg,binnen bebouwde kom,Tss. 2 best.: langs opzij (voor-/achterkant-flank),Geen hindernis
3598,54,Brugge teller 2,Brugge,51.23015,3.22818,2.4620257533994163,51.21038485193808,3.244113009515363,2017,8,7,31005,Brugge,Regenval,"Nat, plassen",Dageraad - schemering,met lichtgewonden,9,personenauto,3,Fiets,Buiten Kruispunt,Gewestweg,binnen bebouwde kom,Tss. 2 best.: langs opzij (voor-/achterkant-flank),Geen hindernis
3598,53,Brugge teller 1,Brugge,51.23023,3.228,2.4756266234977224,51.21038485193808,3.244113009515363,2017,8,7,31005,Brugge,Regenval,"Nat, plassen",Dageraad - schemering,met lichtgewonden,9,personenauto,3,Fiets,Buiten Kruispunt,Gewestweg,binnen bebouwde kom,Tss. 2 best.: langs opzij (voor-/achterkant-flank),Geen hindernis
3599,142,TEST Validatie BRUGGE Y2H22022134,Brugge,51.22632,3.24095,0.6402742225096466,51.22179553901255,3.2352629980347145,2017,8,14,31005,Brugge,Normaal,Droog,Dag,met lichtgewonden,7,Motorfiets,3,Fiets,Buiten Kruispunt,Gemeenteweg,binnen bebouwde kom,Tss. 2 best.: langs opzij (voor-/achterkant-flank),Geen hindernis
3599,52,Brugge,Brugge,51.22632,3.24095,0.6402742225096466,51.22179553901255,3.2352629980347145,2017,8,14,31005,Brugge,Normaal,Droog,Dag,met lichtgewonden,7,Motorfiets,3,Fiets,Buiten Kruispunt,Gemeenteweg,binnen bebouwde kom,Tss. 2 best.: langs opzij (voor-/achterkant-flank),Geen hindernis
3599,54,Brugge teller 2,Brugge,51.23015,3.22818,1.0517930757751581,51.22179553901255,3.2352629980347145,2017,8,14,31005,Brugge,Normaal,Droog,Dag,met lichtgewonden,7,Motorfiets,3,Fiets,Buiten Kruispunt,Gemeenteweg,binnen bebouwde kom,Tss. 2 best.: langs opzij (voor-/achterkant-flank),Geen hindernis
3599,53,Brugge teller 1,Brugge,51.23023,3.228,1.06554998905915,51.22179553901255,3.2352629980347145,2017,8,14,31005,Brugge,Normaal,Droog,Dag,met lichtgewonden,7,Motorfiets,3,Fiets,Buiten Kruispunt,Gemeenteweg,binnen bebouwde kom,Tss. 2 best.: langs opzij (voor-/achterkant-flank),Geen hindernis
3603,54,Brugge teller 2,Brugge,51.23015,3.22818,0.8145679316442742,51.22284043796439,3.2289532720846497,2017,8,14,31005,Brugge,Normaal,Droog,Dag,met lichtgewonden,3,Fiets,11,een weggebruiker tegen een hindernis,Buiten Kruispunt,Gewestweg,binnen bebouwde kom,Weggebruiker tegen hindernis op de rijbaan,Op de rijbaan: Lading
3603,53,Brugge teller 1,Brugge,51.23023,3.228,0.824358810220436,51.22284043796439,3.2289532720846497,2017,8,14,31005,Brugge,Normaal,Droog,Dag,met lichtgewonden,3,Fiets,11,een weggebruiker tegen een hindernis,Buiten Kruispunt,Gewestweg,binnen bebouwde kom,Weggebruiker tegen hindernis op de rijbaan,Op de rijbaan: Lading
3603,52,Brugge,Brugge,51.22632,3.24095,0.920673054920633,51.22284043796439,3.2289532720846497,2017,8,14,31005,Brugge,Normaal,Droog,Dag,met lichtgewonden,3,Fiets,11,een weggebruiker tegen een hindernis,Buiten Kruispunt,Gewestweg,binnen bebouwde kom,Weggebruiker tegen hindernis op de rijbaan,Op de rijbaan: Lading
3603,142,TEST Validatie BRUGGE Y2H22022134,Brugge,51.22632,3.24095,0.920673054920633,51.22284043796439,3.2289532720846497,2017,8,14,31005,Brugge,Normaal,Droog,Dag,met lichtgewonden,3,Fiets,11,een weggebruiker tegen een hindernis,Buiten Kruispunt,Gewestweg,binnen bebouwde kom,Weggebruiker tegen hindernis op de rijbaan,Op de rijbaan: Lading
3604,20,Brugge,Brugge,51.17416,3.20048,2.030279528528162,51.19236614797761,3.1982706893282358,2017,8,16,31005,Brugge,Normaal,Droog,Dag,met lichtgewonden,9,personenauto,3,Fiets,Op Kruispunt,Gemeenteweg,binnen bebouwde kom,Tss. 2 best.: langs opzij (voor-/achterkant-flank),Geen hindernis
3604,51,"Brugge, Sint-Andries",Brugge,51.19281,3.16252,2.4918247160315623,51.19236614797761,3.1982706893282358,2017,8,16,31005,Brugge,Normaal,Droog,Dag,met lichtgewonden,9,personenauto,3,Fiets,Op Kruispunt,Gemeenteweg,binnen bebouwde kom,Tss. 2 best.: langs opzij (voor-/achterkant-flank),Geen hindernis
3604,50,"Brugge, Sint-Andries",Brugge,51.19291,3.16252,2.4920670483865823,51.19236614797761,3.1982706893282358,2017,8,16,31005,Brugge,Normaal,Droog,Dag,met lichtgewonden,9,personenauto,3,Fiets,Op Kruispunt,Gemeenteweg,binnen bebouwde kom,Tss. 2 best.: langs opzij (voor-/achterkant-flank),Geen hindernis
3605,20,Brugge,Brugge,51.17416,3.20048,2.155295268452378,51.1934510346299,3.197470727683379,2017,8,15,31005,Brugge,Normaal,Droog,Dag,met lichtgewonden,3,Fiets,9,personenauto,Op Kruispunt,Gewestweg,binnen bebouwde kom,Tss. 2 best.: langs opzij (voor-/achterkant-flank),Geen hindernis
3605,50,"Brugge, Sint-Andries",Brugge,51.19291,3.16252,2.4363010559635994,51.1934510346299,3.197470727683379,2017,8,15,31005,Brugge,Normaal,Droog,Dag,met lichtgewonden,3,Fiets,9,personenauto,Op Kruispunt,Gewestweg,binnen bebouwde kom,Tss. 2 best.: langs opzij (voor-/achterkant-flank),Geen hindernis
3605,51,"Brugge, Sint-Andries",Brugge,51.19281,3.16252,2.436603631309379,51.1934510346299,3.197470727683379,2017,8,15,31005,Brugge,Normaal,Droog,Dag,met lichtgewonden,3,Fiets,9,personenauto,Op Kruispunt,Gewestweg,binnen bebouwde kom,Tss. 2 best.: langs opzij (voor-/achterkant-flank),Geen hindernis
3609,50,"Brugge, Sint-Andries",Brugge,51.19291,3.16252,1.7938553880492114,51.198383251649226,3.186736690860858,2017,8,10,31005,Brugge,Onbekend,Droog,Dag,met lichtgewonden,9,personenauto,3,Fiets,Buiten Kruispunt,Gewestweg,binnen bebouwde kom,Tss. 2 best.: langs opzij (voor-/achterkant-flank),Geen hindernis
3609,51,"Brugge, Sint-Andries",Brugge,51.19281,3.16252,1.797660027398087,51.198383251649226,3.186736690860858,2017,8,10,31005,Brugge,Onbekend,Droog,Dag,met lichtgewonden,9,personenauto,3,Fiets,Buiten Kruispunt,Gewestweg,binnen bebouwde kom,Tss. 2 best.: langs opzij (voor-/achterkant-flank),Geen hindernis
3610,50,"Brugge, Sint-Andries",Brugge,51.19291,3.16252,1.179537774976989,51.19685045448818,3.178236015202403,2017,8,10,31005,Brugge,Normaal,Droog,Dag,met lichtgewonden,3,Fiets,8,Voetganger,Buiten Kruispunt,Gewestweg,binnen bebouwde kom,Met een voetganger,Geen hindernis
3610,51,"Brugge, Sint-Andries",Brugge,51.19281,3.16252,1.1837144123721097,51.19685045448818,3.178236015202403,2017,8,10,31005,Brugge,Normaal,Droog,Dag,met lichtgewonden,3,Fiets,8,Voetganger,Buiten Kruispunt,Gewestweg,binnen bebouwde kom,Met een voetganger,Geen hindernis
3630,15,Oostende 2,Oostende,51.21371,2.92743,1.6673333092292937,51.22590339530317,2.913496431222678,2017,8,20,35013,Oostende,Normaal,Droog,Dag,met lichtgewonden,3,Fiets,9,personenauto,Buiten Kruispunt,Gewestweg,binnen bebouwde kom,Tss. 2 best.: langs opzij (voor-/achterkant-flank),Geen hindernis
3630,18,Oostende 1,Oostende,51.21378,2.92765,1.6700073182158115,51.22590339530317,2.913496431222678,2017,8,20,35013,Oostende,Normaal,Droog,Dag,met lichtgewonden,3,Fiets,9,personenauto,Buiten Kruispunt,Gewestweg,binnen bebouwde kom,Tss. 2 best.: langs opzij (voor-/achterkant-flank),Geen hindernis
3631,18,Oostende 1,Oostende,51.21378,2.92765,0.7981347319949149,51.216127741758804,2.9384785144383896,2017,8,12,35013,Oostende,Normaal,Droog,Dag,met lichtgewonden,3,Fiets,8,Voetganger,Buiten Kruispunt,Gemeenteweg,binnen bebouwde kom,Met een voetganger,Geen hindernis
3631,15,Oostende 2,Oostende,51.21371,2.92743,0.8151652495302107,51.216127741758804,2.9384785144383896,2017,8,12,35013,Oostende,Normaal,Droog,Dag,met lichtgewonden,3,Fiets,8,Voetganger,Buiten Kruispunt,Gemeenteweg,binnen bebouwde kom,Met een voetganger,Geen hindernis
3632,15,Oostende 2,Oostende,51.21371,2.92743,1.2046736344034312,51.219289566047905,2.9126041015070623,2017,8,13,35013,Oostende,Normaal,Droog,Dag,met lichtgewonden,3,Fiets,3,Fiets,Buiten Kruispunt,Gemeenteweg,binnen bebouwde kom,Tss. 2 best.: langs opzij (voor-/achterkant-flank),Geen hindernis
3632,18,Oostende 1,Oostende,51.21378,2.92765,1.2138863227937267,51.219289566047905,2.9126041015070623,2017,8,13,35013,Oostende,Normaal,Droog,Dag,met lichtgewonden,3,Fiets,3,Fiets,Buiten Kruispunt,Gemeenteweg,binnen bebouwde kom,Tss. 2 best.: langs opzij (voor-/achterkant-flank),Geen hindernis
3633,15,Oostende 2,Oostende,51.21371,2.92743,2.038526663325151,51.20318226395581,2.9034730815779826,2017,8,14,35013,Oostende,Normaal,Droog,Dag,met lichtgewonden,3,Fiets,9,personenauto,Buiten Kruispunt,Gewestweg,binnen bebouwde kom,Tussen 2 bestuurders: Frontale botsing,Geen hindernis