crash_row_id,site_id,site_name,site_gemeente,site_lat,site_long,distance_km,crash_lat,crash_long,DT_YEAR_COLLISION,DT_MONTH_COLLISION,DT_TIME,CD_NIS,TX_MUNTY_COLLISION_NL,TX_WEATHER_NL,TX_ROAD_CONDITION_NL,TX_LIGHT_CONDITION_NL,TX_CLASS_ACCIDENTS_NL,CD_ROAD_USR_TYPE1,TX_ROAD_USR_TYPE1_NL,CD_ROAD_USR_TYPE2,TX_ROAD_USR_TYPE2_NL,TX_CROSSWAY_NL,CD_ROAD_TYPE_NL,TX_BUILD_UP_AREA_NL,TX_COLLISION_TYPE_NL,TX_OBSTACLES_NL
3633,18,Oostende 1,Oostende,51.21378,2.92765,2.0555436618528042,51.20318226395581,2.9034730815779826,2017,8,14,35013,Oostende,Normaal,Droog,Dag,met lichtgewonden,3,Fiets,9,personenauto,Buiten Kruispunt,Gewestweg,binnen bebouwde kom,Tussen 2 bestuurders: Frontale botsing,Geen hindernis
3634,15,Oostende 2,Oostende,51.21371,2.92743,0.4613069526188462,51.20995905830287,2.9302593945806117,2017,8,10,35013,Oostende,Normaal,Droog,Dag,met lichtgewonden,9,personenauto,3,Fiets,Op Kruispunt,Gemeenteweg,binnen bebouwde kom,Tss. 2 best.: langs opzij (voor-/achterkant-flank),Geen hindernis
3634,18,Oostende 1,Oostende,51.21378,2.92765,0.4621166424629185,51.20995905830287,2.9302593945806117,2017,8,10,35013,Oostende,Normaal,Droog,Dag,met lichtgewonden,9,personenauto,3,Fiets,Op Kruispunt,Gemeenteweg,binnen bebouwde kom,Tss. 2 best.: langs opzij (voor-/achterkant-flank),Geen hindernis
3647,61,Wervik teller 2,Wervik,50.80555,3.0921,1.371535770305182,50.803530311035956,3.111354204836461,2017,8,21,34027,Menen,Normaal,"Nat, plassen","Nacht, openbare verlichting aanwezig en ontstoken",met lichtgewonden,3,Fiets,6,Bromfiets,Buiten Kruispunt,Gemeenteweg,binnen bebouwde kom,Tussen 2 bestuurders: Langs achteren,Geen hindernis
3647,62,Wervik teller 1,Wervik,50.8058,3.09154,1.415060457604612,50.803530311035956,3.111354204836461,2017,8,21,34027,Menen,Normaal,"Nat, plassen","Nacht, openbare verlichting aanwezig en ontstoken",met lichtgewonden,3,Fiets,6,Bromfiets,Buiten Kruispunt,Gemeenteweg,binnen bebouwde kom,Tussen 2 bestuurders: Langs achteren,Geen hindernis
3648,61,Wervik teller 2,Wervik,50.80555,3.0921,1.3502889471884922,50.80144122995958,3.1101815443723497,2017,8,17,34027,Menen,Normaal,Droog,Dag,met lichtgewonden,9,personenauto,3,Fiets,Op Kruispunt,Gemeenteweg,binnen bebouwde kom,Tussen 2 bestuurders: Frontale botsing,Geen hindernis
3648,62,Wervik teller 1,Wervik,50.8058,3.09154,1.3967824187667413,50.80144122995958,3.1101815443723497,2017,8,17,34027,Menen,Normaal,Droog,Dag,met lichtgewonden,9,personenauto,3,Fiets,Op Kruispunt,Gemeenteweg,binnen bebouwde kom,Tussen 2 bestuurders: Frontale botsing,Geen hindernis
3654,61,Wervik teller 2,Wervik,50.80555,3.0921,2.1716904578758194,50.806383393100504,3.1229770247875233,2017,8,14,34027,Menen,Normaal,Droog,Dag,met lichtgewonden,9,personenauto,3,Fiets,Op Kruispunt,Gewestweg,binnen bebouwde kom,Tussen 2 bestuurders: Frontale botsing,Geen hindernis
3654,62,Wervik teller 1,Wervik,50.8058,3.09154,2.210009667352712,50.806383393100504,3.1229770247875233,2017,8,14,34027,Menen,Normaal,Droog,Dag,met lichtgewonden,9,personenauto,3,Fiets,Op Kruispunt,Gewestweg,binnen bebouwde kom,Tussen 2 bestuurders: Frontale botsing,Geen hindernis
3655,74,Kortrijk teller 1,Kortrijk,50.81909,3.25728,1.755979232479194,50.8051453827765,3.24555029047767,2017,8,7,34022,Kortrijk,Onbekend,Onbekend,Dag,met lichtgewonden,9,personenauto,3,Fiets,Op Kruispunt,Gewestweg,binnen bebouwde kom,Tss. 2 best.: langs opzij (voor-/achterkant-flank),Geen hindernis
3655,75,Kortrijk teller 2,Kortrijk,50.81925,3.25731,1.7726897380623836,50.8051453827765,3.24555029047767,2017,8,7,34022,Kortrijk,Onbekend,Onbekend,Dag,met lichtgewonden,9,personenauto,3,Fiets,Op Kruispunt,Gewestweg,binnen bebouwde kom,Tss. 2 best.: langs opzij (voor-/achterkant-flank),Geen hindernis
3656,16,Kortrijk 1,Kortrijk,50.83332,3.27777,0.08611113940163467,50.83284625815824,3.276800041135042,2017,8,17,34022,Kortrijk,Normaal,Droog,Dag,met lichtgewonden,9,personenauto,3,Fiets,Op Kruispunt,Gewestweg,binnen bebouwde kom,Tussen 2 bestuurders: Frontale botsing,Geen hindernis
3656,17,Kortrijk 2,Kortrijk,50.83339,3.27773,0.0889996346065085,50.83284625815824,3.276800041135042,2017,8,17,34022,Kortrijk,Normaal,Droog,Dag,met lichtgewonden,9,personenauto,3,Fiets,Op Kruispunt,Gewestweg,binnen bebouwde kom,Tussen 2 bestuurders: Frontale botsing,Geen hindernis
3656,143,Eco Display Classic Budastraat,Kortrijk,50.83066,3.26286,1.0087494862502,50.83284625815824,3.276800041135042,2017,8,17,34022,Kortrijk,Normaal,Droog,Dag,met lichtgewonden,9,personenauto,3,Fiets,Op Kruispunt,Gewestweg,binnen bebouwde kom,Tussen 2 bestuurders: Frontale botsing,Geen hindernis
3656,75,Kortrijk teller 2,Kortrijk,50.81925,3.25731,2.0395375451700644,50.83284625815824,3.276800041135042,2017,8,17,34022,Kortrijk,Normaal,Droog,Dag,met lichtgewonden,9,personenauto,3,Fiets,Op Kruispunt,Gewestweg,binnen bebouwde kom,Tussen 2 bestuurders: Frontale botsing,Geen hindernis
3656,74,Kortrijk teller 1,Kortrijk,50.81909,3.25728,2.054167665247703,50.83284625815824,3.276800041135042,2017,8,17,34022,Kortrijk,Normaal,Droog,Dag,met lichtgewonden,9,personenauto,3,Fiets,Op Kruispunt,Gewestweg,binnen bebouwde kom,Tussen 2 bestuurders: Frontale botsing,Geen hindernis
3657,143,Eco Display Classic Budastraat,Kortrijk,50.83066,3.26286,1.4887853821609243,50.83856757640212,3.2457525729159684,2017,8,17,34022,Kortrijk,Normaal,Droog,Dag,met lichtgewonden,9,personenauto,3,Fiets,Buiten Kruispunt,Gemeenteweg,binnen bebouwde kom,Tss. 2 best.: langs opzij (voor-/achterkant-flank),Geen hindernis
3657,75,Kortrijk teller 2,Kortrijk,50.81925,3.25731,2.296277274828513,50.83856757640212,3.2457525729159684,2017,8,17,34022,Kortrijk,Normaal,Droog,Dag,met lichtgewonden,9,personenauto,3,Fiets,Buiten Kruispunt,Gemeenteweg,binnen bebouwde kom,Tss. 2 best.: langs opzij (voor-/achterkant-flank),Geen hindernis
3657,74,Kortrijk teller 1,Kortrijk,50.81909,3.25728,2.312190159559782,50.83856757640212,3.2457525729159684,2017,8,17,34022,Kortrijk,Normaal,Droog,Dag,met lichtgewonden,9,personenauto,3,Fiets,Buiten Kruispunt,Gemeenteweg,binnen bebouwde kom,Tss. 2 best.: langs opzij (voor-/achterkant-flank),Geen hindernis
3657,17,Kortrijk 2,Kortrijk,50.83339,3.27773,2.3182198036358925,50.83856757640212,3.2457525729159684,2017,8,17,34022,Kortrijk,Normaal,Droog,Dag,met lichtgewonden,9,personenauto,3,Fiets,Buiten Kruispunt,Gemeenteweg,binnen bebouwde kom,Tss. 2 best.: langs opzij (voor-/achterkant-flank),Geen hindernis
3657,16,Kortrijk 1,Kortrijk,50.83332,3.27777,2.322885520452756,50.83856757640212,3.2457525729159684,2017,8,17,34022,Kortrijk,Normaal,Droog,Dag,met lichtgewonden,9,personenauto,3,Fiets,Buiten Kruispunt,Gemeenteweg,binnen bebouwde kom,Tss. 2 best.: langs opzij (voor-/achterkant-flank),Geen hindernis
3665,65,Nieuwpoort teller 2,Nieuwpoort,51.13435,2.75511,0.30044696296408263,51.13359682755818,2.7509747278253784,2017,8,13,38016,Nieuwpoort,Normaal,Droog,Dag,met lichtgewonden,3,Fiets,5,Lichte vrachtauto,Op Kruispunt,Gewestweg,binnen bebouwde kom,Tss. 2 best.: langs opzij (voor-/achterkant-flank),Geen hindernis
3665,64,Nieuwpoort teller 1,Nieuwpoort,51.13359,2.75737,0.4462343194372577,51.13359682755818,2.7509747278253784,2017,8,13,38016,Nieuwpoort,Normaal,Droog,Dag,met lichtgewonden,3,Fiets,5,Lichte vrachtauto,Op Kruispunt,Gewestweg,binnen bebouwde kom,Tss. 2 best.: langs opzij (voor-/achterkant-flank),Geen hindernis
3665,66,Nieuwpoort totem,Nieuwpoort,51.1347,2.74369,0.5228821904019134,51.13359682755818,2.7509747278253784,2017,8,13,38016,Nieuwpoort,Normaal,Droog,Dag,met lichtgewonden,3,Fiets,5,Lichte vrachtauto,Op Kruispunt,Gewestweg,binnen bebouwde kom,Tss. 2 best.: langs opzij (voor-/achterkant-flank),Geen hindernis
3665,63,Nieuwpoort teller 3,Nieuwpoort,51.13529,2.74289,0.5946948728771685,51.13359682755818,2.7509747278253784,2017,8,13,38016,Nieuwpoort,Normaal,Droog,Dag,met lichtgewonden,3,Fiets,5,Lichte vrachtauto,Op Kruispunt,Gewestweg,binnen bebouwde kom,Tss. 2 best.: langs opzij (voor-/achterkant-flank),Geen hindernis
3668,67,Ieper totem,Ieper,50.85018,2.85624,1.3316924959228775,50.85539937027859,2.873313933009574,2017,8,14,33011,Ieper,Normaal,Droog,Dag,met lichtgewonden,3,Fiets,9,personenauto,Buiten Kruispunt,Gewestweg,binnen bebouwde kom,Tss. 2 best.: langs opzij (voor-/achterkant-flank),Geen hindernis
3668,68,Ieper,Ieper,50.85032,2.85608,1.3351493888554202,50.85539937027859,2.873313933009574,2017,8,14,33011,Ieper,Normaal,Droog,Dag,met lichtgewonden,3,Fiets,9,personenauto,Buiten Kruispunt,Gewestweg,binnen bebouwde kom,Tss. 2 best.: langs opzij (voor-/achterkant-flank),Geen hindernis
3670,67,Ieper totem,Ieper,50.85018,2.85624,2.0592038199701475,50.85081938754219,2.8855548652489476,2017,8,9,33011,Ieper,Normaal,Droog,Dag,met lichtgewonden,9,personenauto,3,Fiets,Op Kruispunt,Gewestweg,binnen bebouwde kom,Tss. 2 best.: langs opzij (voor-/achterkant-flank),Geen hindernis
3670,68,Ieper,Ieper,50.85032,2.85608,2.06995035425042,50.85081938754219,2.8855548652489476,2017,8,9,33011,Ieper,Normaal,Droog,Dag,met lichtgewonden,9,personenauto,3,Fiets,Op Kruispunt,Gewestweg,binnen bebouwde kom,Tss. 2 best.: langs opzij (voor-/achterkant-flank),Geen hindernis
3671,68,Ieper,Ieper,50.85032,2.85608,0.16627114411565205,50.85074996755613,2.853811572529685,2017,8,17,33011,Ieper,Normaal,Droog,Dag,met lichtgewonden,3,Fiets,10,"één bestuurder, geen hindernis",Buiten Kruispunt,Gewestweg,buiten bebouwde kom,"Eén bestuurder, geen hindernis (incl. val)",Geen hindernis
3671,67,Ieper totem,Ieper,50.85018,2.85624,0.18188109789932067,50.85074996755613,2.853811572529685,2017,8,17,33011,Ieper,Normaal,Droog,Dag,met lichtgewonden,3,Fiets,10,"één bestuurder, geen hindernis",Buiten Kruispunt,Gewestweg,buiten bebouwde kom,"Eén bestuurder, geen hindernis (incl. val)",Geen hindernis
3674,41,Maasmechelen teller 1,Maasmechelen,50.97025,5.69799,1.5707807975266836,50.956304748157685,5.694409853828684,2017,8,15,73107,Maasmechelen,Normaal,Droog,Dag,met lichtgewonden,9,personenauto,3,Fiets,Op Kruispunt,Gewestweg,buiten bebouwde kom,Tss. 2 best.: langs opzij (voor-/achterkant-flank),Geen hindernis
3674,42,Maasmechelen teller 2,Maasmechelen,50.97043,5.6981,1.5917749327067319,50.956304748157685,5.694409853828684,2017,8,15,73107,Maasmechelen,Normaal,Droog,Dag,met lichtgewonden,9,personenauto,3,Fiets,Op Kruispunt,Gewestweg,buiten bebouwde kom,Tss. 2 best.: langs opzij (voor-/achterkant-flank),Geen hindernis
3689,100,Mechelen teller 2,Mechelen,51.0457,4.46883,0.4757951904949246,51.049725243708544,4.466521281574903,2017,8,22,12025,Mechelen,Normaal,Droog,"Nacht, openbare verlichting aanwezig en ontstoken",met lichtgewonden,9,personenauto,3,Fiets,Op Kruispunt,Gewestweg,binnen bebouwde kom,Tss. 2 best.: langs opzij (voor-/achterkant-flank),Geen hindernis
3689,99,Mechelen teller 1,Mechelen,51.04564,4.46882,0.4818431059813998,51.049725243708544,4.466521281574903,2017,8,22,12025,Mechelen,Normaal,Droog,"Nacht, openbare verlichting aanwezig en ontstoken",met lichtgewonden,9,personenauto,3,Fiets,Op Kruispunt,Gewestweg,binnen bebouwde kom,Tss. 2 best.: langs opzij (voor-/achterkant-flank),Geen hindernis
3691,99,Mechelen teller 1,Mechelen,51.04564,4.46882,2.3475042521867318,51.02509208765279,4.476526210383126,2017,8,12,12025,Mechelen,Normaal,Droog,Dag,met lichtgewonden,3,Fiets,9,personenauto,Op Kruispunt,Gewestweg,binnen bebouwde kom,Tss. 2 best.: langs opzij (voor-/achterkant-flank),Geen hindernis
3691,100,Mechelen teller 2,Mechelen,51.0457,4.46883,2.3538382628324293,51.02509208765279,4.476526210383126,2017,8,12,12025,Mechelen,Normaal,Droog,Dag,met lichtgewonden,3,Fiets,9,personenauto,Op Kruispunt,Gewestweg,binnen bebouwde kom,Tss. 2 best.: langs opzij (voor-/achterkant-flank),Geen hindernis
3692,99,Mechelen teller 1,Mechelen,51.04564,4.46882,1.2673483796744303,51.03507307764487,4.475613076285833,2017,8,17,12025,Mechelen,Normaal,Droog,Dag,met lichtgewonden,9,personenauto,3,Fiets,Buiten Kruispunt,Gemeenteweg,binnen bebouwde kom,Tss. 2 best.: langs opzij (voor-/achterkant-flank),Geen hindernis
3692,100,Mechelen teller 2,Mechelen,51.0457,4.46883,1.2732756260012,51.03507307764487,4.475613076285833,2017,8,17,12025,Mechelen,Normaal,Droog,Dag,met lichtgewonden,9,personenauto,3,Fiets,Buiten Kruispunt,Gemeenteweg,binnen bebouwde kom,Tss. 2 best.: langs opzij (voor-/achterkant-flank),Geen hindernis
3693,99,Mechelen teller 1,Mechelen,51.04564,4.46882,1.9589717026059497,51.028046669118595,4.470285695889525,2017,8,16,12025,Mechelen,Normaal,Droog,Dag,met zwaargewonden,9,personenauto,3,Fiets,Op Kruispunt,Gewestweg,buiten bebouwde kom,Tss. 2 best.: langs opzij (voor-/achterkant-flank),Geen hindernis
3693,100,Mechelen teller 2,Mechelen,51.0457,4.46883,1.9655979581365253,51.028046669118595,4.470285695889525,2017,8,16,12025,Mechelen,Normaal,Droog,Dag,met zwaargewonden,9,personenauto,3,Fiets,Op Kruispunt,Gewestweg,buiten bebouwde kom,Tss. 2 best.: langs opzij (voor-/achterkant-flank),Geen hindernis
3695,99,Mechelen teller 1,Mechelen,51.04564,4.46882,1.79347528988775,51.03036650385466,4.477063395223824,2017,8,14,12025,Mechelen,Normaal,Droog,Dag,met lichtgewonden,4,Vrachtwagen,3,Fiets,Buiten Kruispunt,Gemeenteweg,binnen bebouwde kom,Tss. 2 best.: langs opzij (voor-/achterkant-flank),Geen hindernis
3695,100,Mechelen teller 2,Mechelen,51.0457,4.46883,1.7995704303241895,51.03036650385466,4.477063395223824,2017,8,14,12025,Mechelen,Normaal,Droog,Dag,met lichtgewonden,4,Vrachtwagen,3,Fiets,Buiten Kruispunt,Gemeenteweg,binnen bebouwde kom,Tss. 2 best.: langs opzij (voor-/achterkant-flank),Geen hindernis
3696,140,Hasselt ring,Hasselt,50.9300038,5.3438616,0.8699850391392043,50.92828914618276,5.3559732858719995,2017,8,8,71022,Hasselt,Normaal,Proper,Dag,met lichtgewonden,9,personenauto,3,Fiets,Op Kruispunt,Gewestweg,binnen bebouwde kom,Tussen 2 bestuurders: Frontale botsing,Geen hindernis
3696,138,Hasselt-Kempische brug,Hasselt,50.9405318,5.3422472,1.6668503640050354,50.92828914618276,5.3559732858719995,2017,8,8,71022,Hasselt,Normaal,Proper,Dag,met lichtgewonden,9,personenauto,3,Fiets,Op Kruispunt,Gewestweg,binnen bebouwde kom,Tussen 2 bestuurders: Frontale botsing,Geen hindernis
3696,137,Hasselt-Kempische brug,Hasselt,50.9411605,5.3417576,1.7437827554712197,50.92828914618276,5.3559732858719995,2017,8,8,71022,Hasselt,Normaal,Proper,Dag,met lichtgewonden,9,personenauto,3,Fiets,Op Kruispunt,Gewestweg,binnen bebouwde kom,Tussen 2 bestuurders: Frontale botsing,Geen hindernis
3698,32,Lummen,Lummen,50.97971,5.20961,2.498583956858562,50.99550884590526,5.234993242119823,2017,8,16,71037,Lummen,Normaal,Droog,Dag,met lichtgewonden,5,Lichte vrachtauto,3,Fiets,Op Kruispunt,Gemeenteweg,buiten bebouwde kom,Tussen 2 bestuurders: Frontale botsing,Geen hindernis
3700,140,Hasselt ring,Hasselt,50.9300038,5.3438616,2.163971894565265,50.93026493459088,5.374736288778277,2017,8,21,71011,Diepenbeek,Normaal,Droog,"Nacht, openbare verlichting aanwezig en ontstoken",met lichtgewonden,3,Fiets,9,personenauto,Op Kruispunt,Gewestweg,buiten bebouwde kom,Tss. 2 best.: langs opzij (voor-/achterkant-flank),Geen hindernis
3702,140,Hasselt ring,Hasselt,50.9300038,5.3438616,0.4628051819644861,50.931966766693485,5.338038354278031,2017,8,6,71022,Hasselt,Normaal,Droog+Proper,Dageraad - schemering,met lichtgewonden,3,Fiets,3,Fiets,Op Kruispunt,Gemeenteweg,binnen bebouwde kom,Tss. 2 best.: langs opzij (voor-/achterkant-flank),Geen hindernis
3702,138,Hasselt-Kempische brug,Hasselt,50.9405318,5.3422472,0.9970084427278707,50.931966766693485,5.338038354278031,2017,8,6,71022,Hasselt,Normaal,Droog+Proper,Dageraad - schemering,met lichtgewonden,3,Fiets,3,Fiets,Op Kruispunt,Gemeenteweg,binnen bebouwde kom,Tss. 2 best.: langs opzij (voor-/achterkant-flank),Geen hindernis
3702,137,Hasselt-Kempische brug,Hasselt,50.9411605,5.3417576,1.0549938330642779,50.931966766693485,5.338038354278031,2017,8,6,71022,Hasselt,Normaal,Droog+Proper,Dageraad - schemering,met lichtgewonden,3,Fiets,3,Fiets,Op Kruispunt,Gemeenteweg,binnen bebouwde kom,Tss. 2 best.: langs opzij (voor-/achterkant-flank),Geen hindernis
3835,2,Brasschaat 2,Brasschaat,51.27512,4.47169,2.4468566565618626,51.28997158841077,4.445730010972421,2017,9,14,11002,Antwerpen,Normaal,Droog,Dag,met lichtgewonden,3,Fiets,9,personenauto,Op Kruispunt,Gewestweg,binnen bebouwde kom,Tss. 2 best.: langs opzij (voor-/achterkant-flank),Geen hindernis
3835,3,Brasschaat 1,Brasschaat,51.27503,4.47222,2.480873937376761,51.28997158841077,4.445730010972421,2017,9,14,11002,Antwerpen,Normaal,Droog,Dag,met lichtgewonden,3,Fiets,9,personenauto,Op Kruispunt,Gewestweg,binnen bebouwde kom,Tss. 2 best.: langs opzij (voor-/achterkant-flank),Geen hindernis
3948,3,Brasschaat 1,Brasschaat,51.27503,4.47222,2.491818386493546,51.28525044116961,4.504102756103481,2017,9,16,11040,Schoten,Normaal,Droog,Dag,met lichtgewonden,3,Fiets,9,personenauto,Buiten Kruispunt,Gewestweg,buiten bebouwde kom,Tss. 2 best.: langs opzij (voor-/achterkant-flank),Geen hindernis
3985,92,Nijlen teller 1,Nijlen,51.14989,4.64479,2.4285916001599106,51.15899656920871,4.676440257270066,2017,9,15,12026,Nijlen,Normaal,Droog,Dag,met lichtgewonden,9,personenauto,3,Fiets,Buiten Kruispunt,Gemeenteweg,binnen bebouwde kom,Tussen 2 bestuurders: Langs achteren,Geen hindernis
3985,93,Nijlen teller 2,Nijlen,51.14998,4.64469,2.4307858533749,51.15899656920871,4.676440257270066,2017,9,15,12026,Nijlen,Normaal,Droog,Dag,met lichtgewonden,9,personenauto,3,Fiets,Buiten Kruispunt,Gemeenteweg,binnen bebouwde kom,Tussen 2 bestuurders: Langs achteren,Geen hindernis
3987,96,Lier teller 2,Lier,51.11705,4.58444,2.4059891009959338,51.1349110149743,4.564979706705777,2017,10,7,12021,Lier,Onbekend,Onbekend,Onbekend,met lichtgewonden,8,Voetganger,3,Fiets,Op Kruispunt,Gewestweg,onbekend,Met een voetganger,Geen hindernis
3987,95,Lier teller 1,Lier,51.11687,4.58437,2.4198034194662394,51.1349110149743,4.564979706705777,2017,10,7,12021,Lier,Onbekend,Onbekend,Onbekend,met lichtgewonden,8,Voetganger,3,Fiets,Op Kruispunt,Gewestweg,onbekend,Met een voetganger,Geen hindernis
3989,96,Lier teller 2,Lier,51.11705,4.58444,2.356357566639785,51.13022604547575,4.557996589751716,2017,9,12,12021,Lier,Normaal,Droog,Dag,met zwaargewonden,3,Fiets,8,Voetganger,Buiten Kruispunt,Gemeenteweg,binnen bebouwde kom,Met een voetganger,Geen hindernis
3989,95,Lier teller 1,Lier,51.11687,4.58437,2.3650529434500567,51.13022604547575,4.557996589751716,2017,9,12,12021,Lier,Normaal,Droog,Dag,met zwaargewonden,3,Fiets,8,Voetganger,Buiten Kruispunt,Gemeenteweg,binnen bebouwde kom,Met een voetganger,Geen hindernis
3990,96,Lier teller 2,Lier,51.11705,4.58444,2.1494333927922518,51.130852305337484,4.562877283686514,2017,10,12,12021,Lier,Onbekend,Droog,Dag,met lichtgewonden,3,Fiets,3,Fiets,Buiten Kruispunt,Gemeenteweg,binnen bebouwde kom,Tss. 2 best.: langs opzij (voor-/achterkant-flank),Geen hindernis
3990,95,Lier teller 1,Lier,51.11687,4.58437,2.1603772474314678,51.130852305337484,4.562877283686514,2017,10,12,12021,Lier,Onbekend,Droog,Dag,met lichtgewonden,3,Fiets,3,Fiets,Buiten Kruispunt,Gemeenteweg,binnen bebouwde kom,Tss. 2 best.: langs opzij (voor-/achterkant-flank),Geen hindernis
3992,92,Nijlen teller 1,Nijlen,51.14989,4.64479,1.6158041544702972,51.157087887897084,4.664915315231111,2017,11,20,12026,Nijlen,Onbekend,"Nat, plassen","Nacht, openbare verlichting aanwezig en ontstoken",met lichtgewonden,3,Fiets,9,personenauto,Op Kruispunt,Gewestweg,binnen bebouwde kom,Tss. 2 best.: langs opzij (voor-/achterkant-flank),Geen hindernis
3992,93,Nijlen teller 2,Nijlen,51.14998,4.64469,1.6169502721765552,51.157087887897084,4.664915315231111,2017,11,20,12026,Nijlen,Onbekend,"Nat, plassen","Nacht, openbare verlichting aanwezig en ontstoken",met lichtgewonden,3,Fiets,9,personenauto,Op Kruispunt,Gewestweg,binnen bebouwde kom,Tss. 2 best.: langs opzij (voor-/achterkant-flank),Geen hindernis
3993,9,Heist op den Berg 2,Heist-op-den-Berg,51.06904,4.69524,1.790930590080085,51.079980289147706,4.714052943987779,2017,9,4,12014,Heist-op-den-Berg,Onbekend,Onbekend,"Nacht, openbare verlichting aanwezig en ontstoken",met lichtgewonden,9,personenauto,3,Fiets,Op Kruispunt,Gemeenteweg,binnen bebouwde kom,Tss. 2 best.: langs opzij (voor-/achterkant-flank),Geen hindernis
3993,8,Heist op den Berg 1,Heist-op-den-Berg,51.06759,4.68823,2.270042291551891,51.079980289147706,4.714052943987779,2017,9,4,12014,Heist-op-den-Berg,Onbekend,Onbekend,"Nacht, openbare verlichting aanwezig en ontstoken",met lichtgewonden,9,personenauto,3,Fiets,Op Kruispunt,Gemeenteweg,binnen bebouwde kom,Tss. 2 best.: langs opzij (voor-/achterkant-flank),Geen hindernis
3997,9,Heist op den Berg 2,Heist-op-den-Berg,51.06904,4.69524,2.4038713672818552,51.07337567997404,4.728946003588317,2017,9,15,12014,Heist-op-den-Berg,Normaal,Droog,Dag,met lichtgewonden,9,personenauto,3,Fiets,Buiten Kruispunt,Gemeenteweg,binnen bebouwde kom,Tussen 2 bestuurders: Frontale botsing,Geen hindernis
3999,9,Heist op den Berg 2,Heist-op-den-Berg,51.06904,4.69524,1.1455840111585343,51.07886722028758,4.700162748149468,2017,10,8,12014,Heist-op-den-Berg,Normaal,Droog,Dag,met lichtgewonden,3,Fiets,9,personenauto,Op Kruispunt,Gemeenteweg,buiten bebouwde kom,Tss. 2 best.: langs opzij (voor-/achterkant-flank),Geen hindernis
3999,8,Heist op den Berg 1,Heist-op-den-Berg,51.06759,4.68823,1.5058217637776141,51.07886722028758,4.700162748149468,2017,10,8,12014,Heist-op-den-Berg,Normaal,Droog,Dag,met lichtgewonden,3,Fiets,9,personenauto,Op Kruispunt,Gemeenteweg,buiten bebouwde kom,Tss. 2 best.: langs opzij (voor-/achterkant-flank),Geen hindernis
4000,9,Heist op den Berg 2,Heist-op-den-Berg,51.06904,4.69524,2.3661640387920895,51.07661740596053,4.72688662337613,2017,9,19,12014,Heist-op-den-Berg,Normaal,Droog,Dageraad - schemering,met lichtgewonden,9,personenauto,3,Fiets,Op Kruispunt,Gemeenteweg,binnen bebouwde kom,Tss. 2 best.: langs opzij (voor-/achterkant-flank),Geen hindernis
4028,89,Westerlo teller 2,Westerlo,51.08191,4.91334,0.09574496504636476,51.0810894983241,4.913755682766724,2017,10,8,13013,Herselt,Onbekend,Droog,Dag,met zwaargewonden,3,Fiets,5,Lichte vrachtauto,Op Kruispunt,Gewestweg,buiten bebouwde kom,Tss. 2 best.: langs opzij (voor-/achterkant-flank),Geen hindernis
4028,88,Westerlo teller 1,Westerlo,51.082,4.91325,0.10722857646286305,51.0810894983241,4.913755682766724,2017,10,8,13013,Herselt,Onbekend,Droog,Dag,met zwaargewonden,3,Fiets,5,Lichte vrachtauto,Op Kruispunt,Gewestweg,buiten bebouwde kom,Tss. 2 best.: langs opzij (voor-/achterkant-flank),Geen hindernis
4029,127,Geel totem,Westerlo,51.1342966,4.9400421,0.9338076438221508,51.125950150505496,4.941521622104209,2017,9,5,13008,Geel,Onbekend,Onbekend,"Nacht, openbare verlichting aanwezig en ontstoken",met lichtgewonden,9,personenauto,3,Fiets,Op Kruispunt,Gewestweg,buiten bebouwde kom,Tss. 2 best.: langs opzij (voor-/achterkant-flank),Geen hindernis
4029,112,Geel teller 2,Westerlo,51.1354992,4.9394789,1.0713307591599486,51.125950150505496,4.941521622104209,2017,9,5,13008,Geel,Onbekend,Onbekend,"Nacht, openbare verlichting aanwezig en ontstoken",met lichtgewonden,9,personenauto,3,Fiets,Op Kruispunt,Gewestweg,buiten bebouwde kom,Tss. 2 best.: langs opzij (voor-/achterkant-flank),Geen hindernis
4032,88,Westerlo teller 1,Westerlo,51.082,4.91325,0.6397379451659878,51.08754008383771,4.910779717604742,2017,9,11,13049,Westerlo,Normaal,Droog,Dag,met lichtgewonden,9,personenauto,3,Fiets,Op Kruispunt,Gewestweg,binnen bebouwde kom,Tussen 2 bestuurders: Frontale botsing,Geen hindernis
4032,89,Westerlo teller 2,Westerlo,51.08191,4.91334,0.6510788488802134,51.08754008383771,4.910779717604742,2017,9,11,13049,Westerlo,Normaal,Droog,Dag,met lichtgewonden,9,personenauto,3,Fiets,Op Kruispunt,Gewestweg,binnen bebouwde kom,Tussen 2 bestuurders: Frontale botsing,Geen hindernis
4035,98,Geel teller 2,Geel,51.1481,4.99643,1.456081061650411,51.160699609143926,4.990742700340834,2017,10,8,13008,Geel,Normaal,Droog,Dageraad - schemering,met lichtgewonden,3,Fiets,9,personenauto,Op Kruispunt,Gewestweg,binnen bebouwde kom,Tss. 2 best.: langs opzij (voor-/achterkant-flank),Geen hindernis
4035,97,Geel teller 1,Geel,51.14813,4.99698,1.4638094828818662,51.160699609143926,4.990742700340834,2017,10,8,13008,Geel,Normaal,Droog,Dageraad - schemering,met lichtgewonden,3,Fiets,9,personenauto,Op Kruispunt,Gewestweg,binnen bebouwde kom,Tss. 2 best.: langs opzij (voor-/achterkant-flank),Geen hindernis
4036,98,Geel teller 2,Geel,51.1481,4.99643,1.4287785188759377,51.160659055099195,4.9921002946090045,2017,9,9,13008,Geel,Normaal,Droog,Dag,met lichtgewonden,9,personenauto,3,Fiets,Buiten Kruispunt,Gemeenteweg,binnen bebouwde kom,Tussen 2 bestuurders: Langs achteren,Geen hindernis