crash_row_id,site_id,site_name,site_gemeente,site_lat,site_long,distance_km,crash_lat,crash_long,DT_YEAR_COLLISION,DT_MONTH_COLLISION,DT_TIME,CD_NIS,TX_MUNTY_COLLISION_NL,TX_WEATHER_NL,TX_ROAD_CONDITION_NL,TX_LIGHT_CONDITION_NL,TX_CLASS_ACCIDENTS_NL,CD_ROAD_USR_TYPE1,TX_ROAD_USR_TYPE1_NL,CD_ROAD_USR_TYPE2,TX_ROAD_USR_TYPE2_NL,TX_CROSSWAY_NL,CD_ROAD_TYPE_NL,TX_BUILD_UP_AREA_NL,TX_COLLISION_TYPE_NL,TX_OBSTACLES_NL
4036,97,Geel teller 1,Geel,51.14813,4.99698,1.4341339974089367,51.160659055099195,4.9921002946090045,2017,9,9,13008,Geel,Normaal,Droog,Dag,met lichtgewonden,9,personenauto,3,Fiets,Buiten Kruispunt,Gemeenteweg,binnen bebouwde kom,Tussen 2 bestuurders: Langs achteren,Geen hindernis
4037,98,Geel teller 2,Geel,51.1481,4.99643,1.2241211186503267,51.15741999876663,4.987088747111065,2017,10,15,13008,Geel,Normaal,Droog,Dag,met lichtgewonden,9,personenauto,3,Fiets,Op Kruispunt,Gewestweg,binnen bebouwde kom,Tss. 2 best.: langs opzij (voor-/achterkant-flank),Geen hindernis
4037,97,Geel teller 1,Geel,51.14813,4.99698,1.2421860633827184,51.15741999876663,4.987088747111065,2017,10,15,13008,Geel,Normaal,Droog,Dag,met lichtgewonden,9,personenauto,3,Fiets,Op Kruispunt,Gewestweg,binnen bebouwde kom,Tss. 2 best.: langs opzij (voor-/achterkant-flank),Geen hindernis
4038,98,Geel teller 2,Geel,51.1481,4.99643,2.2461906662232005,51.15918519352954,4.969506708297058,2017,10,11,13008,Geel,Normaal,Droog,Dag,met lichtgewonden,9,personenauto,3,Fiets,Op Kruispunt,Gemeenteweg,binnen bebouwde kom,Tss. 2 best.: langs opzij (voor-/achterkant-flank),Geen hindernis
4038,97,Geel teller 1,Geel,51.14813,4.99698,2.2765525093889667,51.15918519352954,4.969506708297058,2017,10,11,13008,Geel,Normaal,Droog,Dag,met lichtgewonden,9,personenauto,3,Fiets,Op Kruispunt,Gemeenteweg,binnen bebouwde kom,Tss. 2 best.: langs opzij (voor-/achterkant-flank),Geen hindernis
4040,134,Retie,Dessel,51.2548405,5.1037658,2.456984240395781,51.27528031372163,5.117180436546394,2017,10,17,13036,Retie,Normaal,Droog,Dag,met lichtgewonden,9,personenauto,3,Fiets,Op Kruispunt,Gewestweg,buiten bebouwde kom,Tss. 2 best.: langs opzij (voor-/achterkant-flank),Geen hindernis
4040,135,Retie 2,Dessel,51.2544998,5.1040064,2.4858501124652723,51.27528031372163,5.117180436546394,2017,10,17,13036,Retie,Normaal,Droog,Dag,met lichtgewonden,9,personenauto,3,Fiets,Op Kruispunt,Gewestweg,buiten bebouwde kom,Tss. 2 best.: langs opzij (voor-/achterkant-flank),Geen hindernis
4041,134,Retie,Dessel,51.2548405,5.1037658,1.8992063962821615,51.267849149865214,5.086078770333787,2017,10,14,13036,Retie,Normaal,Droog,Dag,met lichtgewonden,3,Fiets,5,Lichte vrachtauto,Op Kruispunt,Gewestweg,binnen bebouwde kom,Tss. 2 best.: langs opzij (voor-/achterkant-flank),Geen hindernis
4041,135,Retie 2,Dessel,51.2544998,5.1040064,1.9389476770484664,51.267849149865214,5.086078770333787,2017,10,14,13036,Retie,Normaal,Droog,Dag,met lichtgewonden,3,Fiets,5,Lichte vrachtauto,Op Kruispunt,Gewestweg,binnen bebouwde kom,Tss. 2 best.: langs opzij (voor-/achterkant-flank),Geen hindernis
4046,5,Balen 2,Balen,51.16018,5.19003,2.0837266044678033,51.17123237242033,5.165896995977827,2017,10,16,13003,Balen,Normaal,Droog,Dag,met lichtgewonden,9,personenauto,3,Fiets,Buiten Kruispunt,Gewestweg,binnen bebouwde kom,Tussen 2 bestuurders: Langs achteren,Geen hindernis
4046,4,Balen 1,Balen,51.16023,5.19011,2.0849659462329795,51.17123237242033,5.165896995977827,2017,10,16,13003,Balen,Normaal,Droog,Dag,met lichtgewonden,9,personenauto,3,Fiets,Buiten Kruispunt,Gewestweg,binnen bebouwde kom,Tussen 2 bestuurders: Langs achteren,Geen hindernis
4050,94,Herentals teller 2,Herentals,51.17345,4.81283,0.6886712358036718,51.17502054341481,4.822385606744172,2017,9,10,13011,Herentals,Normaal,Droog,Dag,met lichtgewonden,9,personenauto,3,Fiets,Op Kruispunt,Gewestweg,binnen bebouwde kom,Tss. 2 best.: langs opzij (voor-/achterkant-flank),Geen hindernis
4050,110,Herentals totem,Herentals,51.1739426,4.811783,0.7488029859909221,51.17502054341481,4.822385606744172,2017,9,10,13011,Herentals,Normaal,Droog,Dag,met lichtgewonden,9,personenauto,3,Fiets,Op Kruispunt,Gewestweg,binnen bebouwde kom,Tss. 2 best.: langs opzij (voor-/achterkant-flank),Geen hindernis
4051,94,Herentals teller 2,Herentals,51.17345,4.81283,2.2279463689512973,51.187216617010385,4.8360533969883,2017,10,14,13011,Herentals,Normaal,Droog,Dag,met lichtgewonden,9,personenauto,3,Fiets,Buiten Kruispunt,Gewestweg,binnen bebouwde kom,Tss. 2 best.: langs opzij (voor-/achterkant-flank),Geen hindernis
4051,110,Herentals totem,Herentals,51.1739426,4.811783,2.2451339674807063,51.187216617010385,4.8360533969883,2017,10,14,13011,Herentals,Normaal,Droog,Dag,met lichtgewonden,9,personenauto,3,Fiets,Buiten Kruispunt,Gewestweg,binnen bebouwde kom,Tss. 2 best.: langs opzij (voor-/achterkant-flank),Geen hindernis
4052,94,Herentals teller 2,Herentals,51.17345,4.81283,1.8690498977650205,51.17336320103231,4.839639364158374,2017,9,15,13011,Herentals,Normaal,Droog,Dag,met zwaargewonden,4,Vrachtwagen,3,Fiets,Buiten Kruispunt,Gewestweg,binnen bebouwde kom,Tss. 2 best.: langs opzij (voor-/achterkant-flank),Geen hindernis
4052,110,Herentals totem,Herentals,51.1739426,4.811783,1.9430749837571526,51.17336320103231,4.839639364158374,2017,9,15,13011,Herentals,Normaal,Droog,Dag,met zwaargewonden,4,Vrachtwagen,3,Fiets,Buiten Kruispunt,Gewestweg,binnen bebouwde kom,Tss. 2 best.: langs opzij (voor-/achterkant-flank),Geen hindernis
4054,94,Herentals teller 2,Herentals,51.17345,4.81283,1.4705958526830367,51.176952206646284,4.8331720239577995,2017,10,16,13011,Herentals,Normaal,Droog,Dag,met lichtgewonden,9,personenauto,3,Fiets,Op Kruispunt,Gemeenteweg,binnen bebouwde kom,Tss. 2 best.: langs opzij (voor-/achterkant-flank),Geen hindernis
4054,110,Herentals totem,Herentals,51.1739426,4.811783,1.5281707903656427,51.176952206646284,4.8331720239577995,2017,10,16,13011,Herentals,Normaal,Droog,Dag,met lichtgewonden,9,personenauto,3,Fiets,Op Kruispunt,Gemeenteweg,binnen bebouwde kom,Tss. 2 best.: langs opzij (voor-/achterkant-flank),Geen hindernis
4055,94,Herentals teller 2,Herentals,51.17345,4.81283,0.8481902213548889,51.17516863021234,4.824683878511434,2017,10,17,13011,Herentals,Normaal,Droog,Dag,met lichtgewonden,9,personenauto,3,Fiets,Buiten Kruispunt,Gemeenteweg,binnen bebouwde kom,Tss. 2 best.: langs opzij (voor-/achterkant-flank),Geen hindernis
4055,110,Herentals totem,Herentals,51.1739426,4.811783,0.9096410392422039,51.17516863021234,4.824683878511434,2017,10,17,13011,Herentals,Normaal,Droog,Dag,met lichtgewonden,9,personenauto,3,Fiets,Buiten Kruispunt,Gemeenteweg,binnen bebouwde kom,Tss. 2 best.: langs opzij (voor-/achterkant-flank),Geen hindernis
4058,94,Herentals teller 2,Herentals,51.17345,4.81283,1.563060869291677,51.1810964087391,4.831644962972919,2017,9,16,13011,Herentals,Normaal,Droog,Dag,met lichtgewonden,9,personenauto,3,Fiets,Op Kruispunt,Gemeenteweg,binnen bebouwde kom,Tss. 2 best.: langs opzij (voor-/achterkant-flank),Geen hindernis
4058,110,Herentals totem,Herentals,51.1739426,4.811783,1.5968019980829653,51.1810964087391,4.831644962972919,2017,9,16,13011,Herentals,Normaal,Droog,Dag,met lichtgewonden,9,personenauto,3,Fiets,Op Kruispunt,Gemeenteweg,binnen bebouwde kom,Tss. 2 best.: langs opzij (voor-/achterkant-flank),Geen hindernis
4059,94,Herentals teller 2,Herentals,51.17345,4.81283,1.381521044559514,51.1689057083766,4.831272607531385,2017,9,16,13011,Herentals,Normaal,Droog,Dag,met lichtgewonden,6,Bromfiets,3,Fiets,Op Kruispunt,Gemeenteweg,binnen bebouwde kom,Tss. 2 best.: langs opzij (voor-/achterkant-flank),Geen hindernis
4059,110,Herentals totem,Herentals,51.1739426,4.811783,1.4696868365967606,51.1689057083766,4.831272607531385,2017,9,16,13011,Herentals,Normaal,Droog,Dag,met lichtgewonden,6,Bromfiets,3,Fiets,Op Kruispunt,Gemeenteweg,binnen bebouwde kom,Tss. 2 best.: langs opzij (voor-/achterkant-flank),Geen hindernis
4065,46,Pelt teller 2,Pelt,51.231,5.44375,0.9347587083042297,51.227196489138194,5.431778223751652,2017,10,14,72043,Pelt,Normaal,Droog,Dag,met zwaargewonden,9,personenauto,3,Fiets,Buiten Kruispunt,Gewestweg,binnen bebouwde kom,Tss. 2 best.: langs opzij (voor-/achterkant-flank),Geen hindernis
4065,45,Pelt teller 1,Pelt,51.23127,5.44377,0.9499420312850853,51.227196489138194,5.431778223751652,2017,10,14,72043,Pelt,Normaal,Droog,Dag,met zwaargewonden,9,personenauto,3,Fiets,Buiten Kruispunt,Gewestweg,binnen bebouwde kom,Tss. 2 best.: langs opzij (voor-/achterkant-flank),Geen hindernis
4066,46,Pelt teller 2,Pelt,51.231,5.44375,0.9692528665791204,51.228832319739325,5.430267228354143,2017,9,8,72043,Pelt,Normaal,Droog,Dag,met lichtgewonden,9,personenauto,3,Fiets,Op Kruispunt,Gemeenteweg,binnen bebouwde kom,Tss. 2 best.: langs opzij (voor-/achterkant-flank),Geen hindernis
4066,45,Pelt teller 1,Pelt,51.23127,5.44377,0.9784870956662088,51.228832319739325,5.430267228354143,2017,9,8,72043,Pelt,Normaal,Droog,Dag,met lichtgewonden,9,personenauto,3,Fiets,Op Kruispunt,Gemeenteweg,binnen bebouwde kom,Tss. 2 best.: langs opzij (voor-/achterkant-flank),Geen hindernis
4087,39,Peer teller 1,Peer,51.13425,5.47817,1.9428501950284738,51.13257082365936,5.4504547118684785,2017,9,16,72030,Peer,Normaal,Droog,Dag,met lichtgewonden,3,Fiets,9,personenauto,Op Kruispunt,Gemeenteweg,binnen bebouwde kom,Tss. 2 best.: langs opzij (voor-/achterkant-flank),Geen hindernis
4087,40,Peer teller 2,Peer,51.13438,5.47892,1.9963482139122875,51.13257082365936,5.4504547118684785,2017,9,16,72030,Peer,Normaal,Droog,Dag,met lichtgewonden,3,Fiets,9,personenauto,Op Kruispunt,Gemeenteweg,binnen bebouwde kom,Tss. 2 best.: langs opzij (voor-/achterkant-flank),Geen hindernis
4098,21,Bilzen,Bilzen,50.86015,5.50161,1.5368569355590669,50.8708785021952,5.515416101882125,2017,10,17,73006,Bilzen,Normaal,Droog,Dag,met zwaargewonden,9,personenauto,3,Fiets,Op Kruispunt,Gewestweg,binnen bebouwde kom,Tss. 2 best.: langs opzij (voor-/achterkant-flank),Geen hindernis
4103,43,Maaseik teller 1,Maaseik,51.09344,5.79715,1.4181241887191272,51.095981760744365,5.777250396260726,2017,10,19,72021,Maaseik,Normaal,Droog,"Nacht, openbare verlichting aanwezig en ontstoken",met lichtgewonden,9,personenauto,3,Fiets,Buiten Kruispunt,Gemeenteweg,binnen bebouwde kom,Tss. 2 best.: langs opzij (voor-/achterkant-flank),Geen hindernis
4103,44,Maaseik teller 2,Maaseik,51.09359,5.79726,1.4224377951925624,51.095981760744365,5.777250396260726,2017,10,19,72021,Maaseik,Normaal,Droog,"Nacht, openbare verlichting aanwezig en ontstoken",met lichtgewonden,9,personenauto,3,Fiets,Buiten Kruispunt,Gemeenteweg,binnen bebouwde kom,Tss. 2 best.: langs opzij (voor-/achterkant-flank),Geen hindernis
4105,25,Bree,Bree,51.13679500160176,5.597669323604317,0.6244296092179106,51.1421947946012,5.595211780673086,2017,9,14,72004,Bree,Normaal,Droog,Dag,dodelijk gewonden,9,personenauto,3,Fiets,Op Kruispunt,Gewestweg,binnen bebouwde kom,Tss. 2 best.: langs opzij (voor-/achterkant-flank),Geen hindernis
4106,14,Genk,Genk,50.97172,5.48927,1.100438692452312,50.96354477734773,5.498126216895891,2017,9,14,71016,Genk,Normaal,Droog,Dag,met lichtgewonden,9,personenauto,3,Fiets,Op Kruispunt,Gewestweg,binnen bebouwde kom,Tss. 2 best.: langs opzij (voor-/achterkant-flank),Geen hindernis
4117,14,Genk,Genk,50.97172,5.48927,0.8978697763568689,50.96438405431888,5.494627980409244,2017,10,15,71016,Genk,Normaal,Droog,Dag,met lichtgewonden,9,personenauto,3,Fiets,Op Kruispunt,Gemeenteweg,binnen bebouwde kom,Tss. 2 best.: langs opzij (voor-/achterkant-flank),Geen hindernis
4119,151,Leuven,District Leuven,50.8690262,4.6854839,1.089226722095277,50.87281147510935,4.699800445969047,2017,9,16,24062,Leuven,Normaal,Droog,Dag,met lichtgewonden,9,personenauto,3,Fiets,Buiten Kruispunt,Gemeenteweg,binnen bebouwde kom,Tussen 2 bestuurders: Langs achteren,Geen hindernis
4119,69,Leuven teller 1,Leuven,50.87549,4.71526,1.1248942989465953,50.87281147510935,4.699800445969047,2017,9,16,24062,Leuven,Normaal,Droog,Dag,met lichtgewonden,9,personenauto,3,Fiets,Buiten Kruispunt,Gemeenteweg,binnen bebouwde kom,Tussen 2 bestuurders: Langs achteren,Geen hindernis
4119,77,Leuven teller 2,Leuven,50.88672,4.70796,1.649106387272006,50.87281147510935,4.699800445969047,2017,9,16,24062,Leuven,Normaal,Droog,Dag,met lichtgewonden,9,personenauto,3,Fiets,Buiten Kruispunt,Gemeenteweg,binnen bebouwde kom,Tussen 2 bestuurders: Langs achteren,Geen hindernis
4119,107,leuven totem,Leuven,50.8870744,4.7087919,1.7068167133493533,50.87281147510935,4.699800445969047,2017,9,16,24062,Leuven,Normaal,Droog,Dag,met lichtgewonden,9,personenauto,3,Fiets,Buiten Kruispunt,Gemeenteweg,binnen bebouwde kom,Tussen 2 bestuurders: Langs achteren,Geen hindernis
4120,69,Leuven teller 1,Leuven,50.87549,4.71526,0.05879151349908873,50.87497526773162,4.71545149088372,2017,10,18,24062,Leuven,Onbekend,Onbekend,Dag,met lichtgewonden,3,Fiets,3,Fiets,Buiten Kruispunt,Gewestweg,binnen bebouwde kom,Tussen 2 bestuurders: Frontale botsing,Geen hindernis
4120,77,Leuven teller 2,Leuven,50.88672,4.70796,1.4077466996182648,50.87497526773162,4.71545149088372,2017,10,18,24062,Leuven,Onbekend,Onbekend,Dag,met lichtgewonden,3,Fiets,3,Fiets,Buiten Kruispunt,Gewestweg,binnen bebouwde kom,Tussen 2 bestuurders: Frontale botsing,Geen hindernis
4120,107,leuven totem,Leuven,50.8870744,4.7087919,1.424179740158229,50.87497526773162,4.71545149088372,2017,10,18,24062,Leuven,Onbekend,Onbekend,Dag,met lichtgewonden,3,Fiets,3,Fiets,Buiten Kruispunt,Gewestweg,binnen bebouwde kom,Tussen 2 bestuurders: Frontale botsing,Geen hindernis
4120,151,Leuven,District Leuven,50.8690262,4.6854839,2.2044230244912857,50.87497526773162,4.71545149088372,2017,10,18,24062,Leuven,Onbekend,Onbekend,Dag,met lichtgewonden,3,Fiets,3,Fiets,Buiten Kruispunt,Gewestweg,binnen bebouwde kom,Tussen 2 bestuurders: Frontale botsing,Geen hindernis
4121,107,leuven totem,Leuven,50.8870744,4.7087919,1.9102237458114402,50.900717753665326,4.725342280154957,2017,9,18,24062,Leuven,Normaal,Droog,Dag,met lichtgewonden,3,Fiets,3,Fiets,Op Kruispunt,Gemeenteweg,binnen bebouwde kom,Tss. 2 best.: langs opzij (voor-/achterkant-flank),Geen hindernis
4121,77,Leuven teller 2,Leuven,50.88672,4.70796,1.977106351737254,50.900717753665326,4.725342280154957,2017,9,18,24062,Leuven,Normaal,Droog,Dag,met lichtgewonden,3,Fiets,3,Fiets,Op Kruispunt,Gemeenteweg,binnen bebouwde kom,Tss. 2 best.: langs opzij (voor-/achterkant-flank),Geen hindernis
4122,151,Leuven,District Leuven,50.8690262,4.6854839,0.5462545288713648,50.86503516634147,4.680945220172746,2017,11,12,24062,Leuven,Normaal,Droog,Dag,met lichtgewonden,9,personenauto,3,Fiets,Op Kruispunt,Gemeenteweg,binnen bebouwde kom,Tussen 2 bestuurders: Frontale botsing,Geen hindernis
4122,108,Heverlee teller 1,Leuven,50.8471728,4.6954674,2.2325152870908935,50.86503516634147,4.680945220172746,2017,11,12,24062,Leuven,Normaal,Droog,Dag,met lichtgewonden,9,personenauto,3,Fiets,Op Kruispunt,Gemeenteweg,binnen bebouwde kom,Tussen 2 bestuurders: Frontale botsing,Geen hindernis
4122,76,Heverlee teller 2,Leuven,50.84606,4.69597,2.3588491539592717,50.86503516634147,4.680945220172746,2017,11,12,24062,Leuven,Normaal,Droog,Dag,met lichtgewonden,9,personenauto,3,Fiets,Op Kruispunt,Gemeenteweg,binnen bebouwde kom,Tussen 2 bestuurders: Frontale botsing,Geen hindernis
4123,151,Leuven,District Leuven,50.8690262,4.6854839,0.5233005704346624,50.873343753356295,4.6884512590896055,2017,10,13,24062,Leuven,Normaal,Droog,Dag,met lichtgewonden,9,personenauto,3,Fiets,Op Kruispunt,Gewestweg,binnen bebouwde kom,Tussen 2 bestuurders: Frontale botsing,Geen hindernis
4123,69,Leuven teller 1,Leuven,50.87549,4.71526,1.8961532249962907,50.873343753356295,4.6884512590896055,2017,10,13,24062,Leuven,Normaal,Droog,Dag,met lichtgewonden,9,personenauto,3,Fiets,Op Kruispunt,Gewestweg,binnen bebouwde kom,Tussen 2 bestuurders: Frontale botsing,Geen hindernis
4123,77,Leuven teller 2,Leuven,50.88672,4.70796,2.021285906476081,50.873343753356295,4.6884512590896055,2017,10,13,24062,Leuven,Normaal,Droog,Dag,met lichtgewonden,9,personenauto,3,Fiets,Op Kruispunt,Gewestweg,binnen bebouwde kom,Tussen 2 bestuurders: Frontale botsing,Geen hindernis
4123,107,leuven totem,Leuven,50.8870744,4.7087919,2.0898645617760048,50.873343753356295,4.6884512590896055,2017,10,13,24062,Leuven,Normaal,Droog,Dag,met lichtgewonden,9,personenauto,3,Fiets,Op Kruispunt,Gewestweg,binnen bebouwde kom,Tussen 2 bestuurders: Frontale botsing,Geen hindernis
4124,69,Leuven teller 1,Leuven,50.87549,4.71526,0.3286838791984537,50.875264095423276,4.710589259962661,2017,9,15,24062,Leuven,Normaal,Droog,Dag,met lichtgewonden,9,personenauto,3,Fiets,Buiten Kruispunt,Gemeenteweg,binnen bebouwde kom,Tussen 2 bestuurders: Langs achteren,Geen hindernis
4124,77,Leuven teller 2,Leuven,50.88672,4.70796,1.287124659303875,50.875264095423276,4.710589259962661,2017,9,15,24062,Leuven,Normaal,Droog,Dag,met lichtgewonden,9,personenauto,3,Fiets,Buiten Kruispunt,Gemeenteweg,binnen bebouwde kom,Tussen 2 bestuurders: Langs achteren,Geen hindernis
4124,107,leuven totem,Leuven,50.8870744,4.7087919,1.3192858536179721,50.875264095423276,4.710589259962661,2017,9,15,24062,Leuven,Normaal,Droog,Dag,met lichtgewonden,9,personenauto,3,Fiets,Buiten Kruispunt,Gemeenteweg,binnen bebouwde kom,Tussen 2 bestuurders: Langs achteren,Geen hindernis
4124,151,Leuven,District Leuven,50.8690262,4.6854839,1.893274655047526,50.875264095423276,4.710589259962661,2017,9,15,24062,Leuven,Normaal,Droog,Dag,met lichtgewonden,9,personenauto,3,Fiets,Buiten Kruispunt,Gemeenteweg,binnen bebouwde kom,Tussen 2 bestuurders: Langs achteren,Geen hindernis
4125,107,leuven totem,Leuven,50.8870744,4.7087919,2.211933063917176,50.906941085032415,4.707188990136292,2017,11,10,24062,Leuven,Normaal,Droog+Proper,Dag,met lichtgewonden,5,Lichte vrachtauto,3,Fiets,Buiten Kruispunt,Gemeenteweg,buiten bebouwde kom,Tss. 2 best.: langs opzij (voor-/achterkant-flank),Geen hindernis
4125,77,Leuven teller 2,Leuven,50.88672,4.70796,2.249132165181942,50.906941085032415,4.707188990136292,2017,11,10,24062,Leuven,Normaal,Droog+Proper,Dag,met lichtgewonden,5,Lichte vrachtauto,3,Fiets,Buiten Kruispunt,Gemeenteweg,buiten bebouwde kom,Tss. 2 best.: langs opzij (voor-/achterkant-flank),Geen hindernis
4127,108,Heverlee teller 1,Leuven,50.8471728,4.6954674,0.9698175780972481,50.85589296442163,4.695733210153806,2017,10,8,24062,Leuven,Normaal,Droog,Dageraad - schemering,met lichtgewonden,3,Fiets,8,Voetganger,Buiten Kruispunt,Gewestweg,binnen bebouwde kom,Met een voetganger,Geen hindernis
4127,76,Heverlee teller 2,Leuven,50.84606,4.69597,1.093502114062266,50.85589296442163,4.695733210153806,2017,10,8,24062,Leuven,Normaal,Droog,Dageraad - schemering,met lichtgewonden,3,Fiets,8,Voetganger,Buiten Kruispunt,Gewestweg,binnen bebouwde kom,Met een voetganger,Geen hindernis
4127,151,Leuven,District Leuven,50.8690262,4.6854839,1.6279045511170107,50.85589296442163,4.695733210153806,2017,10,8,24062,Leuven,Normaal,Droog,Dageraad - schemering,met lichtgewonden,3,Fiets,8,Voetganger,Buiten Kruispunt,Gewestweg,binnen bebouwde kom,Met een voetganger,Geen hindernis
4129,69,Leuven teller 1,Leuven,50.87549,4.71526,1.2055816471830099,50.877223211164356,4.732221477138135,2017,11,14,24062,Leuven,Normaal,Droog,Dag,met lichtgewonden,3,Fiets,9,personenauto,Buiten Kruispunt,Gemeenteweg,binnen bebouwde kom,Tss. 2 best.: langs opzij (voor-/achterkant-flank),Geen hindernis
4129,107,leuven totem,Leuven,50.8870744,4.7087919,1.975259287137159,50.877223211164356,4.732221477138135,2017,11,14,24062,Leuven,Normaal,Droog,Dag,met lichtgewonden,3,Fiets,9,personenauto,Buiten Kruispunt,Gemeenteweg,binnen bebouwde kom,Tss. 2 best.: langs opzij (voor-/achterkant-flank),Geen hindernis
4129,77,Leuven teller 2,Leuven,50.88672,4.70796,2.003036349466193,50.877223211164356,4.732221477138135,2017,11,14,24062,Leuven,Normaal,Droog,Dag,met lichtgewonden,3,Fiets,9,personenauto,Buiten Kruispunt,Gemeenteweg,binnen bebouwde kom,Tss. 2 best.: langs opzij (voor-/achterkant-flank),Geen hindernis
4130,151,Leuven,District Leuven,50.8690262,4.6854839,1.0393053591013623,50.86787948795098,4.700182115569686,2017,10,14,24062,Leuven,Normaal,Droog,Dag,met lichtgewonden,9,personenauto,3,Fiets,Op Kruispunt,Gewestweg,binnen bebouwde kom,Tss. 2 best.: langs opzij (voor-/achterkant-flank),Geen hindernis
4130,69,Leuven teller 1,Leuven,50.87549,4.71526,1.3548263311442985,50.86787948795098,4.700182115569686,2017,10,14,24062,Leuven,Normaal,Droog,Dag,met lichtgewonden,9,personenauto,3,Fiets,Op Kruispunt,Gewestweg,binnen bebouwde kom,Tss. 2 best.: langs opzij (voor-/achterkant-flank),Geen hindernis
4130,77,Leuven teller 2,Leuven,50.88672,4.70796,2.1648785699586823,50.86787948795098,4.700182115569686,2017,10,14,24062,Leuven,Normaal,Droog,Dag,met lichtgewonden,9,personenauto,3,Fiets,Op Kruispunt,Gewestweg,binnen bebouwde kom,Tss. 2 best.: langs opzij (voor-/achterkant-flank),Geen hindernis
4130,107,leuven totem,Leuven,50.8870744,4.7087919,2.2182144514300948,50.86787948795098,4.700182115569686,2017,10,14,24062,Leuven,Normaal,Droog,Dag,met lichtgewonden,9,personenauto,3,Fiets,Op Kruispunt,Gewestweg,binnen bebouwde kom,Tss. 2 best.: langs opzij (voor-/achterkant-flank),Geen hindernis
4130,108,Heverlee teller 1,Leuven,50.8471728,4.6954674,2.326139675124952,50.86787948795098,4.700182115569686,2017,10,14,24062,Leuven,Normaal,Droog,Dag,met lichtgewonden,9,personenauto,3,Fiets,Op Kruispunt,Gewestweg,binnen bebouwde kom,Tss. 2 best.: langs opzij (voor-/achterkant-flank),Geen hindernis
4130,76,Heverlee teller 2,Leuven,50.84606,4.69597,2.4441646057893154,50.86787948795098,4.700182115569686,2017,10,14,24062,Leuven,Normaal,Droog,Dag,met lichtgewonden,9,personenauto,3,Fiets,Op Kruispunt,Gewestweg,binnen bebouwde kom,Tss. 2 best.: langs opzij (voor-/achterkant-flank),Geen hindernis
4131,151,Leuven,District Leuven,50.8690262,4.6854839,1.8613070379912016,50.87612387648467,4.661460545212004,2017,10,12,24062,Leuven,Normaal,Droog,Dag,met lichtgewonden,3,Fiets,9,personenauto,Buiten Kruispunt,Gemeenteweg,binnen bebouwde kom,Tss. 2 best.: langs opzij (voor-/achterkant-flank),Geen hindernis
4131,73,Herent teller 2,Herent,50.89128,4.64685,1.972495357600047,50.87612387648467,4.661460545212004,2017,10,12,24062,Leuven,Normaal,Droog,Dag,met lichtgewonden,3,Fiets,9,personenauto,Buiten Kruispunt,Gemeenteweg,binnen bebouwde kom,Tss. 2 best.: langs opzij (voor-/achterkant-flank),Geen hindernis
4131,72,Herent teller 1,Herent,50.89135,4.64689,1.9776976046643266,50.87612387648467,4.661460545212004,2017,10,12,24062,Leuven,Normaal,Droog,Dag,met lichtgewonden,3,Fiets,9,personenauto,Buiten Kruispunt,Gemeenteweg,binnen bebouwde kom,Tss. 2 best.: langs opzij (voor-/achterkant-flank),Geen hindernis
4132,151,Leuven,District Leuven,50.8690262,4.6854839,0.9685496915386986,50.875098496289525,4.67558803236258,2017,10,15,24062,Leuven,Normaal,Droog,Dag,met lichtgewonden,9,personenauto,3,Fiets,Buiten Kruispunt,Gewestweg,binnen bebouwde kom,Tss. 2 best.: langs opzij (voor-/achterkant-flank),Geen hindernis
4133,151,Leuven,District Leuven,50.8690262,4.6854839,1.1832681330352597,50.85843135392739,4.687058996690373,2017,11,22,24062,Leuven,Regenval,"Nat, plassen+Vuil (zand, grint, bladeren,...)","Nacht, openbare verlichting aanwezig en ontstoken",met lichtgewonden,3,Fiets,10,"één bestuurder, geen hindernis",Op Kruispunt,Gemeenteweg,binnen bebouwde kom,"Eén bestuurder, geen hindernis (incl. val)",Geen hindernis
4133,108,Heverlee teller 1,Leuven,50.8471728,4.6954674,1.3840691903110018,50.85843135392739,4.687058996690373,2017,11,22,24062,Leuven,Regenval,"Nat, plassen+Vuil (zand, grint, bladeren,...)","Nacht, openbare verlichting aanwezig en ontstoken",met lichtgewonden,3,Fiets,10,"één bestuurder, geen hindernis",Op Kruispunt,Gemeenteweg,binnen bebouwde kom,"Eén bestuurder, geen hindernis (incl. val)",Geen hindernis
4133,76,Heverlee teller 2,Leuven,50.84606,4.69597,1.5111839629399022,50.85843135392739,4.687058996690373,2017,11,22,24062,Leuven,Regenval,"Nat, plassen+Vuil (zand, grint, bladeren,...)","Nacht, openbare verlichting aanwezig en ontstoken",met lichtgewonden,3,Fiets,10,"één bestuurder, geen hindernis",Op Kruispunt,Gemeenteweg,binnen bebouwde kom,"Eén bestuurder, geen hindernis (incl. val)",Geen hindernis
4134,69,Leuven teller 1,Leuven,50.87549,4.71526,1.7105701458967506,50.86841799471835,4.736908824601556,2017,10,13,24062,Leuven,Normaal,Droog,Dag,met lichtgewonden,9,personenauto,3,Fiets,Buiten Kruispunt,Gewestweg,binnen bebouwde kom,Tss. 2 best.: langs opzij (voor-/achterkant-flank),Geen hindernis