crash_row_id,site_id,site_name,site_gemeente,site_lat,site_long,distance_km,crash_lat,crash_long,DT_YEAR_COLLISION,DT_MONTH_COLLISION,DT_TIME,CD_NIS,TX_MUNTY_COLLISION_NL,TX_WEATHER_NL,TX_ROAD_CONDITION_NL,TX_LIGHT_CONDITION_NL,TX_CLASS_ACCIDENTS_NL,CD_ROAD_USR_TYPE1,TX_ROAD_USR_TYPE1_NL,CD_ROAD_USR_TYPE2,TX_ROAD_USR_TYPE2_NL,TX_CROSSWAY_NL,CD_ROAD_TYPE_NL,TX_BUILD_UP_AREA_NL,TX_COLLISION_TYPE_NL,TX_OBSTACLES_NL
4135,76,Heverlee teller 2,Leuven,50.84606,4.69597,2.240313186200404,50.84599000927056,4.727878914571653,2017,9,8,24062,Leuven,Normaal,Droog,Dag,met lichtgewonden,9,personenauto,3,Fiets,Buiten Kruispunt,Gemeenteweg,buiten bebouwde kom,Tss. 2 best.: langs opzij (voor-/achterkant-flank),Geen hindernis
4135,108,Heverlee teller 1,Leuven,50.8471728,4.6954674,2.2793572421710735,50.84599000927056,4.727878914571653,2017,9,8,24062,Leuven,Normaal,Droog,Dag,met lichtgewonden,9,personenauto,3,Fiets,Buiten Kruispunt,Gemeenteweg,buiten bebouwde kom,Tss. 2 best.: langs opzij (voor-/achterkant-flank),Geen hindernis
4136,107,leuven totem,Leuven,50.8870744,4.7087919,2.027125688110873,50.88816856740799,4.73763822359394,2017,9,15,24062,Leuven,Normaal,Droog,Dag,met lichtgewonden,5,Lichte vrachtauto,3,Fiets,Op Kruispunt,Gemeenteweg,binnen bebouwde kom,Tss. 2 best.: langs opzij (voor-/achterkant-flank),Geen hindernis
4136,77,Leuven teller 2,Leuven,50.88672,4.70796,2.088056031476076,50.88816856740799,4.73763822359394,2017,9,15,24062,Leuven,Normaal,Droog,Dag,met lichtgewonden,5,Lichte vrachtauto,3,Fiets,Op Kruispunt,Gemeenteweg,binnen bebouwde kom,Tss. 2 best.: langs opzij (voor-/achterkant-flank),Geen hindernis
4136,69,Leuven teller 1,Leuven,50.87549,4.71526,2.1100382708201617,50.88816856740799,4.73763822359394,2017,9,15,24062,Leuven,Normaal,Droog,Dag,met lichtgewonden,5,Lichte vrachtauto,3,Fiets,Op Kruispunt,Gemeenteweg,binnen bebouwde kom,Tss. 2 best.: langs opzij (voor-/achterkant-flank),Geen hindernis
4137,77,Leuven teller 2,Leuven,50.88672,4.70796,1.268286297646187,50.880772489336366,4.692533380999701,2017,10,8,24062,Leuven,Normaal,Droog,Dag,met lichtgewonden,5,Lichte vrachtauto,3,Fiets,Op Kruispunt,Gemeenteweg,binnen bebouwde kom,Tss. 2 best.: langs opzij (voor-/achterkant-flank),Geen hindernis
4137,107,leuven totem,Leuven,50.8870744,4.7087919,1.3386327618530385,50.880772489336366,4.692533380999701,2017,10,8,24062,Leuven,Normaal,Droog,Dag,met lichtgewonden,5,Lichte vrachtauto,3,Fiets,Op Kruispunt,Gemeenteweg,binnen bebouwde kom,Tss. 2 best.: langs opzij (voor-/achterkant-flank),Geen hindernis
4137,151,Leuven,District Leuven,50.8690262,4.6854839,1.3966498099233255,50.880772489336366,4.692533380999701,2017,10,8,24062,Leuven,Normaal,Droog,Dag,met lichtgewonden,5,Lichte vrachtauto,3,Fiets,Op Kruispunt,Gemeenteweg,binnen bebouwde kom,Tss. 2 best.: langs opzij (voor-/achterkant-flank),Geen hindernis
4137,69,Leuven teller 1,Leuven,50.87549,4.71526,1.6992689930126867,50.880772489336366,4.692533380999701,2017,10,8,24062,Leuven,Normaal,Droog,Dag,met lichtgewonden,5,Lichte vrachtauto,3,Fiets,Op Kruispunt,Gemeenteweg,binnen bebouwde kom,Tss. 2 best.: langs opzij (voor-/achterkant-flank),Geen hindernis
4138,77,Leuven teller 2,Leuven,50.88672,4.70796,0.3401408856663086,50.888825294272934,4.704442113423112,2017,10,18,24062,Leuven,Normaal,Proper,Dag,met lichtgewonden,9,personenauto,3,Fiets,Buiten Kruispunt,Gemeenteweg,binnen bebouwde kom,Tss. 2 best.: langs opzij (voor-/achterkant-flank),Geen hindernis
4138,107,leuven totem,Leuven,50.8870744,4.7087919,0.3619433178920711,50.888825294272934,4.704442113423112,2017,10,18,24062,Leuven,Normaal,Proper,Dag,met lichtgewonden,9,personenauto,3,Fiets,Buiten Kruispunt,Gemeenteweg,binnen bebouwde kom,Tss. 2 best.: langs opzij (voor-/achterkant-flank),Geen hindernis
4138,69,Leuven teller 1,Leuven,50.87549,4.71526,1.6657480128516464,50.888825294272934,4.704442113423112,2017,10,18,24062,Leuven,Normaal,Proper,Dag,met lichtgewonden,9,personenauto,3,Fiets,Buiten Kruispunt,Gemeenteweg,binnen bebouwde kom,Tss. 2 best.: langs opzij (voor-/achterkant-flank),Geen hindernis
4140,77,Leuven teller 2,Leuven,50.88672,4.70796,1.2158002679956417,50.8806345121571,4.693561524859541,2017,10,20,24062,Leuven,Normaal,Droog,"Nacht, openbare verlichting aanwezig en ontstoken",met lichtgewonden,9,personenauto,3,Fiets,Op Kruispunt,Gemeenteweg,binnen bebouwde kom,Tss. 2 best.: langs opzij (voor-/achterkant-flank),Geen hindernis
4140,107,leuven totem,Leuven,50.8870744,4.7087919,1.2862153781192167,50.8806345121571,4.693561524859541,2017,10,20,24062,Leuven,Normaal,Droog,"Nacht, openbare verlichting aanwezig en ontstoken",met lichtgewonden,9,personenauto,3,Fiets,Op Kruispunt,Gemeenteweg,binnen bebouwde kom,Tss. 2 best.: langs opzij (voor-/achterkant-flank),Geen hindernis
4140,151,Leuven,District Leuven,50.8690262,4.6854839,1.4097372463025497,50.8806345121571,4.693561524859541,2017,10,20,24062,Leuven,Normaal,Droog,"Nacht, openbare verlichting aanwezig en ontstoken",met lichtgewonden,9,personenauto,3,Fiets,Op Kruispunt,Gemeenteweg,binnen bebouwde kom,Tss. 2 best.: langs opzij (voor-/achterkant-flank),Geen hindernis
4140,69,Leuven teller 1,Leuven,50.87549,4.71526,1.6263130822179865,50.8806345121571,4.693561524859541,2017,10,20,24062,Leuven,Normaal,Droog,"Nacht, openbare verlichting aanwezig en ontstoken",met lichtgewonden,9,personenauto,3,Fiets,Op Kruispunt,Gemeenteweg,binnen bebouwde kom,Tss. 2 best.: langs opzij (voor-/achterkant-flank),Geen hindernis
4141,77,Leuven teller 2,Leuven,50.88672,4.70796,0.7961552997267166,50.879696481774914,4.705754733106582,2017,10,13,24062,Leuven,Normaal,Droog,Dag,met lichtgewonden,3,Fiets,3,Fiets,Op Kruispunt,Gemeenteweg,binnen bebouwde kom,Tss. 2 best.: langs opzij (voor-/achterkant-flank),Geen hindernis
4141,69,Leuven teller 1,Leuven,50.87549,4.71526,0.8145816449538172,50.879696481774914,4.705754733106582,2017,10,13,24062,Leuven,Normaal,Droog,Dag,met lichtgewonden,3,Fiets,3,Fiets,Op Kruispunt,Gemeenteweg,binnen bebouwde kom,Tss. 2 best.: langs opzij (voor-/achterkant-flank),Geen hindernis
4141,107,leuven totem,Leuven,50.8870744,4.7087919,0.8476037947344048,50.879696481774914,4.705754733106582,2017,10,13,24062,Leuven,Normaal,Droog,Dag,met lichtgewonden,3,Fiets,3,Fiets,Op Kruispunt,Gemeenteweg,binnen bebouwde kom,Tss. 2 best.: langs opzij (voor-/achterkant-flank),Geen hindernis
4141,151,Leuven,District Leuven,50.8690262,4.6854839,1.8522346558355842,50.879696481774914,4.705754733106582,2017,10,13,24062,Leuven,Normaal,Droog,Dag,met lichtgewonden,3,Fiets,3,Fiets,Op Kruispunt,Gemeenteweg,binnen bebouwde kom,Tss. 2 best.: langs opzij (voor-/achterkant-flank),Geen hindernis
4143,69,Leuven teller 1,Leuven,50.87549,4.71526,0.19381385485082925,50.87453081617732,4.712953630226136,2017,9,8,24062,Leuven,Normaal,Droog,Dag,met lichtgewonden,9,personenauto,3,Fiets,Buiten Kruispunt,Gemeenteweg,binnen bebouwde kom,Tussen 2 bestuurders: Langs achteren,Geen hindernis
4143,77,Leuven teller 2,Leuven,50.88672,4.70796,1.399921323197557,50.87453081617732,4.712953630226136,2017,9,8,24062,Leuven,Normaal,Droog,Dag,met lichtgewonden,9,personenauto,3,Fiets,Buiten Kruispunt,Gemeenteweg,binnen bebouwde kom,Tussen 2 bestuurders: Langs achteren,Geen hindernis
4143,107,leuven totem,Leuven,50.8870744,4.7087919,1.425015108542949,50.87453081617732,4.712953630226136,2017,9,8,24062,Leuven,Normaal,Droog,Dag,met lichtgewonden,9,personenauto,3,Fiets,Buiten Kruispunt,Gemeenteweg,binnen bebouwde kom,Tussen 2 bestuurders: Langs achteren,Geen hindernis
4143,151,Leuven,District Leuven,50.8690262,4.6854839,2.0224115319795386,50.87453081617732,4.712953630226136,2017,9,8,24062,Leuven,Normaal,Droog,Dag,met lichtgewonden,9,personenauto,3,Fiets,Buiten Kruispunt,Gemeenteweg,binnen bebouwde kom,Tussen 2 bestuurders: Langs achteren,Geen hindernis
4144,151,Leuven,District Leuven,50.8690262,4.6854839,0.6842770516307788,50.86606168459805,4.694028661574515,2017,9,13,24062,Leuven,Normaal,Droog,Dag,met lichtgewonden,3,Fiets,3,Fiets,Buiten Kruispunt,Gemeenteweg,binnen bebouwde kom,Tss. 2 best.: langs opzij (voor-/achterkant-flank),Geen hindernis
4144,69,Leuven teller 1,Leuven,50.87549,4.71526,1.82174066705019,50.86606168459805,4.694028661574515,2017,9,13,24062,Leuven,Normaal,Droog,Dag,met lichtgewonden,3,Fiets,3,Fiets,Buiten Kruispunt,Gemeenteweg,binnen bebouwde kom,Tss. 2 best.: langs opzij (voor-/achterkant-flank),Geen hindernis
4144,108,Heverlee teller 1,Leuven,50.8471728,4.6954674,2.102774649673807,50.86606168459805,4.694028661574515,2017,9,13,24062,Leuven,Normaal,Droog,Dag,met lichtgewonden,3,Fiets,3,Fiets,Buiten Kruispunt,Gemeenteweg,binnen bebouwde kom,Tss. 2 best.: langs opzij (voor-/achterkant-flank),Geen hindernis
4144,76,Heverlee teller 2,Leuven,50.84606,4.69597,2.2282566117076743,50.86606168459805,4.694028661574515,2017,9,13,24062,Leuven,Normaal,Droog,Dag,met lichtgewonden,3,Fiets,3,Fiets,Buiten Kruispunt,Gemeenteweg,binnen bebouwde kom,Tss. 2 best.: langs opzij (voor-/achterkant-flank),Geen hindernis
4144,77,Leuven teller 2,Leuven,50.88672,4.70796,2.4964210861976093,50.86606168459805,4.694028661574515,2017,9,13,24062,Leuven,Normaal,Droog,Dag,met lichtgewonden,3,Fiets,3,Fiets,Buiten Kruispunt,Gemeenteweg,binnen bebouwde kom,Tss. 2 best.: langs opzij (voor-/achterkant-flank),Geen hindernis
4145,69,Leuven teller 1,Leuven,50.87549,4.71526,0.5816727305646862,50.872016673659616,4.721458719172592,2017,9,15,24062,Leuven,Normaal,Droog,Dag,met lichtgewonden,9,personenauto,3,Fiets,Buiten Kruispunt,Gewestweg,binnen bebouwde kom,Tss. 2 best.: langs opzij (voor-/achterkant-flank),Geen hindernis
4145,77,Leuven teller 2,Leuven,50.88672,4.70796,1.8894258755484943,50.872016673659616,4.721458719172592,2017,9,15,24062,Leuven,Normaal,Droog,Dag,met lichtgewonden,9,personenauto,3,Fiets,Buiten Kruispunt,Gewestweg,binnen bebouwde kom,Tss. 2 best.: langs opzij (voor-/achterkant-flank),Geen hindernis
4145,107,leuven totem,Leuven,50.8870744,4.7087919,1.8955712759705416,50.872016673659616,4.721458719172592,2017,9,15,24062,Leuven,Normaal,Droog,Dag,met lichtgewonden,9,personenauto,3,Fiets,Buiten Kruispunt,Gewestweg,binnen bebouwde kom,Tss. 2 best.: langs opzij (voor-/achterkant-flank),Geen hindernis
4146,69,Leuven teller 1,Leuven,50.87549,4.71526,1.2323647547697643,50.864699368469836,4.7112533405471355,2017,9,16,24062,Leuven,Normaal,Droog,Dag,met lichtgewonden,3,Fiets,3,Fiets,Op Kruispunt,Gemeenteweg,binnen bebouwde kom,Tussen 2 bestuurders: Langs achteren,Geen hindernis
4146,151,Leuven,District Leuven,50.8690262,4.6854839,1.8713490171242715,50.864699368469836,4.7112533405471355,2017,9,16,24062,Leuven,Normaal,Droog,Dag,met lichtgewonden,3,Fiets,3,Fiets,Op Kruispunt,Gemeenteweg,binnen bebouwde kom,Tussen 2 bestuurders: Langs achteren,Geen hindernis
4146,108,Heverlee teller 1,Leuven,50.8471728,4.6954674,2.2418573708943375,50.864699368469836,4.7112533405471355,2017,9,16,24062,Leuven,Normaal,Droog,Dag,met lichtgewonden,3,Fiets,3,Fiets,Op Kruispunt,Gemeenteweg,binnen bebouwde kom,Tussen 2 bestuurders: Langs achteren,Geen hindernis
4146,76,Heverlee teller 2,Leuven,50.84606,4.69597,2.3337991279711026,50.864699368469836,4.7112533405471355,2017,9,16,24062,Leuven,Normaal,Droog,Dag,met lichtgewonden,3,Fiets,3,Fiets,Op Kruispunt,Gemeenteweg,binnen bebouwde kom,Tussen 2 bestuurders: Langs achteren,Geen hindernis
4146,77,Leuven teller 2,Leuven,50.88672,4.70796,2.459461783425679,50.864699368469836,4.7112533405471355,2017,9,16,24062,Leuven,Normaal,Droog,Dag,met lichtgewonden,3,Fiets,3,Fiets,Op Kruispunt,Gemeenteweg,binnen bebouwde kom,Tussen 2 bestuurders: Langs achteren,Geen hindernis
4146,107,leuven totem,Leuven,50.8870744,4.7087919,2.493976996144958,50.864699368469836,4.7112533405471355,2017,9,16,24062,Leuven,Normaal,Droog,Dag,met lichtgewonden,3,Fiets,3,Fiets,Op Kruispunt,Gemeenteweg,binnen bebouwde kom,Tussen 2 bestuurders: Langs achteren,Geen hindernis
4147,151,Leuven,District Leuven,50.8690262,4.6854839,1.0862066908855155,50.878791585512445,4.6850935613100955,2017,10,16,24062,Leuven,Normaal,Droog,Dag,met lichtgewonden,9,personenauto,3,Fiets,Op Kruispunt,Gemeenteweg,binnen bebouwde kom,Tussen 2 bestuurders: Frontale botsing,Geen hindernis
4147,77,Leuven teller 2,Leuven,50.88672,4.70796,1.8304589134344758,50.878791585512445,4.6850935613100955,2017,10,16,24062,Leuven,Normaal,Droog,Dag,met lichtgewonden,9,personenauto,3,Fiets,Op Kruispunt,Gemeenteweg,binnen bebouwde kom,Tussen 2 bestuurders: Frontale botsing,Geen hindernis
4147,107,leuven totem,Leuven,50.8870744,4.7087919,1.9005901975496016,50.878791585512445,4.6850935613100955,2017,10,16,24062,Leuven,Normaal,Droog,Dag,met lichtgewonden,9,personenauto,3,Fiets,Op Kruispunt,Gemeenteweg,binnen bebouwde kom,Tussen 2 bestuurders: Frontale botsing,Geen hindernis
4147,69,Leuven teller 1,Leuven,50.87549,4.71526,2.1481517601558022,50.878791585512445,4.6850935613100955,2017,10,16,24062,Leuven,Normaal,Droog,Dag,met lichtgewonden,9,personenauto,3,Fiets,Op Kruispunt,Gemeenteweg,binnen bebouwde kom,Tussen 2 bestuurders: Frontale botsing,Geen hindernis
4148,69,Leuven teller 1,Leuven,50.87549,4.71526,1.002534636580141,50.875118985824265,4.729536113276309,2017,9,18,24062,Leuven,Normaal,Droog,Dag,met zwaargewonden,9,personenauto,3,Fiets,Buiten Kruispunt,Gemeenteweg,binnen bebouwde kom,Tss. 2 best.: langs opzij (voor-/achterkant-flank),Geen hindernis
4148,107,leuven totem,Leuven,50.8870744,4.7087919,1.971108417184566,50.875118985824265,4.729536113276309,2017,9,18,24062,Leuven,Normaal,Droog,Dag,met zwaargewonden,9,personenauto,3,Fiets,Buiten Kruispunt,Gemeenteweg,binnen bebouwde kom,Tss. 2 best.: langs opzij (voor-/achterkant-flank),Geen hindernis
4148,77,Leuven teller 2,Leuven,50.88672,4.70796,1.9888052212633887,50.875118985824265,4.729536113276309,2017,9,18,24062,Leuven,Normaal,Droog,Dag,met zwaargewonden,9,personenauto,3,Fiets,Buiten Kruispunt,Gemeenteweg,binnen bebouwde kom,Tss. 2 best.: langs opzij (voor-/achterkant-flank),Geen hindernis
4149,151,Leuven,District Leuven,50.8690262,4.6854839,1.106354879855437,50.861550694043885,4.695887291880853,2017,10,8,24062,Leuven,Regenval,"Nat, plassen",Dag,met lichtgewonden,3,Fiets,9,personenauto,Op Kruispunt,Gewestweg,binnen bebouwde kom,Tss. 2 best.: langs opzij (voor-/achterkant-flank),Geen hindernis
4149,108,Heverlee teller 1,Leuven,50.8471728,4.6954674,1.5990205554286594,50.861550694043885,4.695887291880853,2017,10,8,24062,Leuven,Regenval,"Nat, plassen",Dag,met lichtgewonden,3,Fiets,9,personenauto,Op Kruispunt,Gewestweg,binnen bebouwde kom,Tss. 2 best.: langs opzij (voor-/achterkant-flank),Geen hindernis
4149,76,Heverlee teller 2,Leuven,50.84606,4.69597,1.722496372695148,50.861550694043885,4.695887291880853,2017,10,8,24062,Leuven,Regenval,"Nat, plassen",Dag,met lichtgewonden,3,Fiets,9,personenauto,Op Kruispunt,Gewestweg,binnen bebouwde kom,Tss. 2 best.: langs opzij (voor-/achterkant-flank),Geen hindernis
4149,69,Leuven teller 1,Leuven,50.87549,4.71526,2.0617085233141403,50.861550694043885,4.695887291880853,2017,10,8,24062,Leuven,Regenval,"Nat, plassen",Dag,met lichtgewonden,3,Fiets,9,personenauto,Op Kruispunt,Gewestweg,binnen bebouwde kom,Tss. 2 best.: langs opzij (voor-/achterkant-flank),Geen hindernis
4150,77,Leuven teller 2,Leuven,50.88672,4.70796,0.6172727158383382,50.88749593679769,4.699246729051823,2017,9,12,24062,Leuven,Normaal,Droog,Dag,met lichtgewonden,3,Fiets,9,personenauto,Op Kruispunt,Gemeenteweg,binnen bebouwde kom,Tss. 2 best.: langs opzij (voor-/achterkant-flank),Geen hindernis
4150,107,leuven totem,Leuven,50.8870744,4.7087919,0.6712046927836404,50.88749593679769,4.699246729051823,2017,9,12,24062,Leuven,Normaal,Droog,Dag,met lichtgewonden,3,Fiets,9,personenauto,Op Kruispunt,Gemeenteweg,binnen bebouwde kom,Tss. 2 best.: langs opzij (voor-/achterkant-flank),Geen hindernis
4150,69,Leuven teller 1,Leuven,50.87549,4.71526,1.7447936315477306,50.88749593679769,4.699246729051823,2017,9,12,24062,Leuven,Normaal,Droog,Dag,met lichtgewonden,3,Fiets,9,personenauto,Op Kruispunt,Gemeenteweg,binnen bebouwde kom,Tss. 2 best.: langs opzij (voor-/achterkant-flank),Geen hindernis
4150,151,Leuven,District Leuven,50.8690262,4.6854839,2.2694170879402895,50.88749593679769,4.699246729051823,2017,9,12,24062,Leuven,Normaal,Droog,Dag,met lichtgewonden,3,Fiets,9,personenauto,Op Kruispunt,Gemeenteweg,binnen bebouwde kom,Tss. 2 best.: langs opzij (voor-/achterkant-flank),Geen hindernis
4151,77,Leuven teller 2,Leuven,50.88672,4.70796,0.9020897696209627,50.879629129741154,4.701712642881052,2017,9,19,24062,Leuven,Normaal,Droog,Dag,met lichtgewonden,3,Fiets,8,Voetganger,Buiten Kruispunt,Gemeenteweg,binnen bebouwde kom,Met een voetganger,Geen hindernis
4151,107,leuven totem,Leuven,50.8870744,4.7087919,0.9654127376885906,50.879629129741154,4.701712642881052,2017,9,19,24062,Leuven,Normaal,Droog,Dag,met lichtgewonden,3,Fiets,8,Voetganger,Buiten Kruispunt,Gemeenteweg,binnen bebouwde kom,Met een voetganger,Geen hindernis
4151,69,Leuven teller 1,Leuven,50.87549,4.71526,1.0560739824945076,50.879629129741154,4.701712642881052,2017,9,19,24062,Leuven,Normaal,Droog,Dag,met lichtgewonden,3,Fiets,8,Voetganger,Buiten Kruispunt,Gemeenteweg,binnen bebouwde kom,Met een voetganger,Geen hindernis
4151,151,Leuven,District Leuven,50.8690262,4.6854839,1.6391143516282642,50.879629129741154,4.701712642881052,2017,9,19,24062,Leuven,Normaal,Droog,Dag,met lichtgewonden,3,Fiets,8,Voetganger,Buiten Kruispunt,Gemeenteweg,binnen bebouwde kom,Met een voetganger,Geen hindernis
4152,69,Leuven teller 1,Leuven,50.87549,4.71526,1.6391457474286026,50.86869014090175,4.735985918451193,2017,9,6,24062,Leuven,Normaal,Onbekend,Dageraad - schemering,met lichtgewonden,9,personenauto,3,Fiets,Buiten Kruispunt,Gewestweg,binnen bebouwde kom,Tussen 2 bestuurders: Frontale botsing,Geen hindernis
4153,69,Leuven teller 1,Leuven,50.87549,4.71526,0.22307699810233445,50.87348393017765,4.715293265151324,2017,9,13,24062,Leuven,Normaal,Droog,Dag,met lichtgewonden,9,personenauto,3,Fiets,Buiten Kruispunt,Gewestweg,binnen bebouwde kom,Tss. 2 best.: langs opzij (voor-/achterkant-flank),Geen hindernis
4153,77,Leuven teller 2,Leuven,50.88672,4.70796,1.5591164270128919,50.87348393017765,4.715293265151324,2017,9,13,24062,Leuven,Normaal,Droog,Dag,met lichtgewonden,9,personenauto,3,Fiets,Buiten Kruispunt,Gewestweg,binnen bebouwde kom,Tss. 2 best.: langs opzij (voor-/achterkant-flank),Geen hindernis
4153,107,leuven totem,Leuven,50.8870744,4.7087919,1.5785262175722858,50.87348393017765,4.715293265151324,2017,9,13,24062,Leuven,Normaal,Droog,Dag,met lichtgewonden,9,personenauto,3,Fiets,Buiten Kruispunt,Gewestweg,binnen bebouwde kom,Tss. 2 best.: langs opzij (voor-/achterkant-flank),Geen hindernis
4153,151,Leuven,District Leuven,50.8690262,4.6854839,2.149687231607306,50.87348393017765,4.715293265151324,2017,9,13,24062,Leuven,Normaal,Droog,Dag,met lichtgewonden,9,personenauto,3,Fiets,Buiten Kruispunt,Gewestweg,binnen bebouwde kom,Tss. 2 best.: langs opzij (voor-/achterkant-flank),Geen hindernis
4154,76,Heverlee teller 2,Leuven,50.84606,4.69597,2.240313186200404,50.84599000927056,4.727878914571653,2017,9,15,24062,Leuven,Normaal,Droog,Dag,met lichtgewonden,9,personenauto,3,Fiets,Buiten Kruispunt,Gemeenteweg,buiten bebouwde kom,Tussen 2 bestuurders: Langs achteren,Geen hindernis
4154,108,Heverlee teller 1,Leuven,50.8471728,4.6954674,2.2793572421710735,50.84599000927056,4.727878914571653,2017,9,15,24062,Leuven,Normaal,Droog,Dag,met lichtgewonden,9,personenauto,3,Fiets,Buiten Kruispunt,Gemeenteweg,buiten bebouwde kom,Tussen 2 bestuurders: Langs achteren,Geen hindernis
4166,24,Tienen 1,Tienen,50.8133795491886,4.935044252605416,0.03425028673718129,50.813071821087966,4.935065478891149,2017,9,8,24107,Tienen,Regenval,"Nat, plassen",Dageraad - schemering,met lichtgewonden,9,personenauto,3,Fiets,Op Kruispunt,Gewestweg,binnen bebouwde kom,Tss. 2 best.: langs opzij (voor-/achterkant-flank),Geen hindernis
4166,23,Tienen 3,Tienen,50.81324,4.93447,0.04582679040519459,50.813071821087966,4.935065478891149,2017,9,8,24107,Tienen,Regenval,"Nat, plassen",Dageraad - schemering,met lichtgewonden,9,personenauto,3,Fiets,Op Kruispunt,Gewestweg,binnen bebouwde kom,Tss. 2 best.: langs opzij (voor-/achterkant-flank),Geen hindernis
4166,22,Tienen 2,Tienen,50.81330800184882,4.935984252796022,0.06968952838735547,50.813071821087966,4.935065478891149,2017,9,8,24107,Tienen,Regenval,"Nat, plassen",Dageraad - schemering,met lichtgewonden,9,personenauto,3,Fiets,Op Kruispunt,Gewestweg,binnen bebouwde kom,Tss. 2 best.: langs opzij (voor-/achterkant-flank),Geen hindernis
4167,22,Tienen 2,Tienen,50.81330800184882,4.935984252796022,0.42806058880597386,50.809528774541874,4.937144174498935,2017,9,13,24107,Tienen,Normaal,Droog,Dag,met lichtgewonden,9,personenauto,3,Fiets,Buiten Kruispunt,Gemeenteweg,binnen bebouwde kom,Tss. 2 best.: langs opzij (voor-/achterkant-flank),Geen hindernis
4167,24,Tienen 1,Tienen,50.8133795491886,4.935044252605416,0.45289372855685156,50.809528774541874,4.937144174498935,2017,9,13,24107,Tienen,Normaal,Droog,Dag,met lichtgewonden,9,personenauto,3,Fiets,Buiten Kruispunt,Gemeenteweg,binnen bebouwde kom,Tss. 2 best.: langs opzij (voor-/achterkant-flank),Geen hindernis
4167,23,Tienen 3,Tienen,50.81324,4.93447,0.4534303883403569,50.809528774541874,4.937144174498935,2017,9,13,24107,Tienen,Normaal,Droog,Dag,met lichtgewonden,9,personenauto,3,Fiets,Buiten Kruispunt,Gemeenteweg,binnen bebouwde kom,Tss. 2 best.: langs opzij (voor-/achterkant-flank),Geen hindernis
4171,73,Herent teller 2,Herent,50.89128,4.64685,0.5923880294447134,50.893046550768496,4.638882017733279,2017,9,14,24038,Herent,Normaal,Droog,Dag,met lichtgewonden,3,Fiets,11,een weggebruiker tegen een hindernis,Op Kruispunt,Gewestweg,buiten bebouwde kom,Weggebruiker tegen hindernis buiten rijbaan,Buiten de rijbaan: Omheining
4171,72,Herent teller 1,Herent,50.89135,4.64689,0.5925112548543344,50.893046550768496,4.638882017733279,2017,9,14,24038,Herent,Normaal,Droog,Dag,met lichtgewonden,3,Fiets,11,een weggebruiker tegen een hindernis,Op Kruispunt,Gewestweg,buiten bebouwde kom,Weggebruiker tegen hindernis buiten rijbaan,Buiten de rijbaan: Omheining
4174,87,Aarschot,Aarschot,50.99084,4.81259,1.706760564219079,50.995885038730805,4.835621820106204,2017,10,20,24001,Aarschot,Normaal,Droog,"Nacht, openbare verlichting aanwezig en ontstoken",met lichtgewonden,3,Fiets,9,personenauto,Buiten Kruispunt,Gewestweg,binnen bebouwde kom,Tss. 2 best.: langs opzij (voor-/achterkant-flank),Geen hindernis
4175,87,Aarschot,Aarschot,50.99084,4.81259,2.051218817484558,50.98322170693096,4.839278733912007,2017,10,9,24001,Aarschot,Normaal,"Nat, plassen",Dag,met lichtgewonden,9,personenauto,3,Fiets,Buiten Kruispunt,Gemeenteweg,buiten bebouwde kom,Tussen 2 bestuurders: Frontale botsing,Geen hindernis
4176,87,Aarschot,Aarschot,50.99084,4.81259,1.4622174966540236,50.98739447146665,4.83275086594824,2017,10,12,24001,Aarschot,Normaal,Droog,Dag,met lichtgewonden,9,personenauto,3,Fiets,Op Kruispunt,Gemeenteweg,binnen bebouwde kom,Tss. 2 best.: langs opzij (voor-/achterkant-flank),Geen hindernis
4177,70,Kampenhout teller 1,Kampenhout,50.95682,4.59318,1.6741116980427047,50.97179366779201,4.595671277427233,2017,9,11,24014,Boortmeerbeek,Normaal,Droog,Dag,met lichtgewonden,9,personenauto,3,Fiets,Op Kruispunt,Gemeenteweg,buiten bebouwde kom,Tss. 2 best.: langs opzij (voor-/achterkant-flank),Geen hindernis
4177,71,Kampenhout teller 2,Kampenhout,50.95589,4.59164,1.7908006762738482,50.97179366779201,4.595671277427233,2017,9,11,24014,Boortmeerbeek,Normaal,Droog,Dag,met lichtgewonden,9,personenauto,3,Fiets,Op Kruispunt,Gemeenteweg,buiten bebouwde kom,Tss. 2 best.: langs opzij (voor-/achterkant-flank),Geen hindernis
4185,101,Diest teller 1,Diest,50.97799,5.04481,1.9293047819034472,50.9949522380732,5.039010651599121,2017,9,17,24020,Diest,Normaal,Droog,Dag,met lichtgewonden,6,Bromfiets,3,Fiets,Op Kruispunt,Gewestweg,buiten bebouwde kom,Tussen 2 bestuurders: Frontale botsing,Geen hindernis
4185,102,Diest teller 2,Diest,50.9779,5.04474,1.9380696788436749,50.9949522380732,5.039010651599121,2017,9,17,24020,Diest,Normaal,Droog,Dag,met lichtgewonden,6,Bromfiets,3,Fiets,Op Kruispunt,Gewestweg,buiten bebouwde kom,Tussen 2 bestuurders: Frontale botsing,Geen hindernis
4186,101,Diest teller 1,Diest,50.97799,5.04481,0.35792842605581776,50.9804223977403,5.048158624228712,2017,10,10,24020,Diest,Normaal,Droog,Dag,met lichtgewonden,9,personenauto,3,Fiets,Buiten Kruispunt,Gewestweg,binnen bebouwde kom,Tss. 2 best.: langs opzij (voor-/achterkant-flank),Geen hindernis