crash_row_id,site_id,site_name,site_gemeente,site_lat,site_long,distance_km,crash_lat,crash_long,DT_YEAR_COLLISION,DT_MONTH_COLLISION,DT_TIME,CD_NIS,TX_MUNTY_COLLISION_NL,TX_WEATHER_NL,TX_ROAD_CONDITION_NL,TX_LIGHT_CONDITION_NL,TX_CLASS_ACCIDENTS_NL,CD_ROAD_USR_TYPE1,TX_ROAD_USR_TYPE1_NL,CD_ROAD_USR_TYPE2,TX_ROAD_USR_TYPE2_NL,TX_CROSSWAY_NL,CD_ROAD_TYPE_NL,TX_BUILD_UP_AREA_NL,TX_COLLISION_TYPE_NL,TX_OBSTACLES_NL
4186,102,Diest teller 2,Diest,50.9779,5.04474,0.3687115979657192,50.9804223977403,5.048158624228712,2017,10,10,24020,Diest,Normaal,Droog,Dag,met lichtgewonden,9,personenauto,3,Fiets,Buiten Kruispunt,Gewestweg,binnen bebouwde kom,Tss. 2 best.: langs opzij (voor-/achterkant-flank),Geen hindernis
4188,101,Diest teller 1,Diest,50.97799,5.04481,0.7896521790480232,50.98364124677097,5.051640847432813,2017,9,11,24020,Diest,Normaal,"Nat, plassen",Dag,met zwaargewonden,5,Lichte vrachtauto,3,Fiets,Op Kruispunt,Gemeenteweg,binnen bebouwde kom,Tss. 2 best.: langs opzij (voor-/achterkant-flank),Geen hindernis
4188,102,Diest teller 2,Diest,50.9779,5.04474,0.8005868147515476,50.98364124677097,5.051640847432813,2017,9,11,24020,Diest,Normaal,"Nat, plassen",Dag,met zwaargewonden,5,Lichte vrachtauto,3,Fiets,Op Kruispunt,Gemeenteweg,binnen bebouwde kom,Tss. 2 best.: langs opzij (voor-/achterkant-flank),Geen hindernis
4189,102,Diest teller 2,Diest,50.9779,5.04474,1.2752779508621659,50.97635137931022,5.026691615337816,2017,9,12,24020,Diest,Normaal,Droog,Dag,met lichtgewonden,9,personenauto,3,Fiets,Op Kruispunt,Gemeenteweg,buiten bebouwde kom,Tss. 2 best.: langs opzij (voor-/achterkant-flank),Geen hindernis
4189,101,Diest teller 1,Diest,50.97799,5.04481,1.2815173882689286,50.97635137931022,5.026691615337816,2017,9,12,24020,Diest,Normaal,Droog,Dag,met lichtgewonden,9,personenauto,3,Fiets,Op Kruispunt,Gemeenteweg,buiten bebouwde kom,Tss. 2 best.: langs opzij (voor-/achterkant-flank),Geen hindernis
4190,101,Diest teller 1,Diest,50.97799,5.04481,1.9357075402606634,50.99447601425879,5.035928627211018,2017,10,7,24020,Diest,Normaal,Droog,Dag,met lichtgewonden,6,Bromfiets,3,Fiets,Buiten Kruispunt,Gewestweg,buiten bebouwde kom,Tussen 2 bestuurders: Frontale botsing,Geen hindernis
4190,102,Diest teller 2,Diest,50.9779,5.04474,1.9436273267047302,50.99447601425879,5.035928627211018,2017,10,7,24020,Diest,Normaal,Droog,Dag,met lichtgewonden,6,Bromfiets,3,Fiets,Buiten Kruispunt,Gewestweg,buiten bebouwde kom,Tussen 2 bestuurders: Frontale botsing,Geen hindernis
4191,87,Aarschot,Aarschot,50.99084,4.81259,1.4451539754619422,50.99629179107545,4.793845639931025,2017,10,8,24007,Begijnendijk,Normaal,Droog+Proper,Dageraad - schemering,met lichtgewonden,9,personenauto,3,Fiets,Op Kruispunt,Gemeenteweg,buiten bebouwde kom,Tss. 2 best.: langs opzij (voor-/achterkant-flank),Geen hindernis
4192,87,Aarschot,Aarschot,50.99084,4.81259,0.2017743783785737,50.990622607807076,4.8097279097598316,2017,9,18,24007,Begijnendijk,Normaal,Droog+Proper,Dag,met lichtgewonden,3,Fiets,9,personenauto,Op Kruispunt,Gewestweg,buiten bebouwde kom,Tussen 2 bestuurders: Langs achteren,Geen hindernis
4195,87,Aarschot,Aarschot,50.99084,4.81259,0.18575958792082087,50.99024294480608,4.810111258986263,2017,10,13,24007,Begijnendijk,Normaal,Droog,Dag,met zwaargewonden,9,personenauto,3,Fiets,Buiten Kruispunt,Gewestweg,buiten bebouwde kom,Tss. 2 best.: langs opzij (voor-/achterkant-flank),Geen hindernis
4200,111,Zaventem totem,Zaventem,50.8871216,4.4597084,0.8179585846249661,50.88505040294461,4.470896975474746,2017,10,19,23094,Zaventem,Regenval,"Nat, plassen","Nacht, openbare verlichting aanwezig en ontstoken",met zwaargewonden,9,personenauto,3,Fiets,Op Kruispunt,Gemeenteweg,binnen bebouwde kom,Tussen 2 bestuurders: Frontale botsing,Geen hindernis
4200,26,Zaventem,Zaventem,50.86995,4.45444,2.0377824473369395,50.88505040294461,4.470896975474746,2017,10,19,23094,Zaventem,Regenval,"Nat, plassen","Nacht, openbare verlichting aanwezig en ontstoken",met zwaargewonden,9,personenauto,3,Fiets,Op Kruispunt,Gemeenteweg,binnen bebouwde kom,Tussen 2 bestuurders: Frontale botsing,Geen hindernis
4202,26,Zaventem,Zaventem,50.86995,4.45444,1.4226069837731659,50.86447394602601,4.436119180500717,2017,10,7,23094,Zaventem,Normaal,Droog,Dag,met lichtgewonden,3,Fiets,9,personenauto,Buiten Kruispunt,Gewestweg,binnen bebouwde kom,Tss. 2 best.: langs opzij (voor-/achterkant-flank),Geen hindernis
4202,149,Machelen,,50.88297881,4.43356644,2.0654285078591315,50.86447394602601,4.436119180500717,2017,10,7,23094,Zaventem,Normaal,Droog,Dag,met lichtgewonden,3,Fiets,9,personenauto,Buiten Kruispunt,Gewestweg,binnen bebouwde kom,Tss. 2 best.: langs opzij (voor-/achterkant-flank),Geen hindernis
4203,111,Zaventem totem,Zaventem,50.8871216,4.4597084,0.9575029216019896,50.88877523638242,4.473104463212727,2017,11,7,23094,Zaventem,Normaal,Droog,Dag,met lichtgewonden,9,personenauto,3,Fiets,Op Kruispunt,Gewestweg,binnen bebouwde kom,Tss. 2 best.: langs opzij (voor-/achterkant-flank),Geen hindernis
4203,26,Zaventem,Zaventem,50.86995,4.45444,2.4691135772567216,50.88877523638242,4.473104463212727,2017,11,7,23094,Zaventem,Normaal,Droog,Dag,met lichtgewonden,9,personenauto,3,Fiets,Op Kruispunt,Gewestweg,binnen bebouwde kom,Tss. 2 best.: langs opzij (voor-/achterkant-flank),Geen hindernis
4205,111,Zaventem totem,Zaventem,50.8871216,4.4597084,0.8986328622310915,50.89073237498684,4.471169749085022,2017,10,6,23094,Zaventem,Normaal,Droog,Dag,met lichtgewonden,9,personenauto,3,Fiets,Buiten Kruispunt,Gewestweg,binnen bebouwde kom,Tss. 2 best.: langs opzij (voor-/achterkant-flank),Geen hindernis
4208,26,Zaventem,Zaventem,50.86995,4.45444,0.4703357863231983,50.866077089503335,4.451745379430401,2017,9,13,23099,Kraainem,Normaal,Droog,Dag,met zwaargewonden,9,personenauto,3,Fiets,Op Kruispunt,Gewestweg,buiten bebouwde kom,Tss. 2 best.: langs opzij (voor-/achterkant-flank),Geen hindernis
4208,149,Machelen,,50.88297881,4.43356644,2.27136861506888,50.866077089503335,4.451745379430401,2017,9,13,23099,Kraainem,Normaal,Droog,Dag,met zwaargewonden,9,personenauto,3,Fiets,Op Kruispunt,Gewestweg,buiten bebouwde kom,Tss. 2 best.: langs opzij (voor-/achterkant-flank),Geen hindernis
4208,111,Zaventem totem,Zaventem,50.8871216,4.4597084,2.4058175675096956,50.866077089503335,4.451745379430401,2017,9,13,23099,Kraainem,Normaal,Droog,Dag,met zwaargewonden,9,personenauto,3,Fiets,Op Kruispunt,Gewestweg,buiten bebouwde kom,Tss. 2 best.: langs opzij (voor-/achterkant-flank),Geen hindernis
4209,148,Hoeilaart,District Leuven,50.76699493,4.44471001,1.369593746178458,50.758607098880205,4.458969596793873,2017,10,7,23033,Hoeilaart,Normaal,Droog,Dag,met lichtgewonden,9,personenauto,3,Fiets,Buiten Kruispunt,Gewestweg,buiten bebouwde kom,Tussen 2 bestuurders: Langs achteren,Geen hindernis
4217,86,Asse teller 2,Asse,50.89132,4.1709,1.3064228179856952,50.88004419699362,4.1656681844958445,2017,10,8,23086,Ternat,Normaal,Droog,Dag,met lichtgewonden,9,personenauto,3,Fiets,Op Kruispunt,Gewestweg,binnen bebouwde kom,Tss. 2 best.: langs opzij (voor-/achterkant-flank),Geen hindernis
4217,85,Asse teller 1,Asse,50.89621,4.17294,1.8685272990525568,50.88004419699362,4.1656681844958445,2017,10,8,23086,Ternat,Normaal,Droog,Dag,met lichtgewonden,9,personenauto,3,Fiets,Op Kruispunt,Gewestweg,binnen bebouwde kom,Tss. 2 best.: langs opzij (voor-/achterkant-flank),Geen hindernis
4220,152,Opwijk,District Vilvoorde-gewestwegen,50.968901168564656,4.149169474840164,2.0916243143877162,50.95207059403297,4.162506231862418,2017,10,11,23060,Opwijk,Normaal,Droog,Dag,met lichtgewonden,3,Fiets,9,personenauto,Op Kruispunt,Gewestweg,buiten bebouwde kom,Tss. 2 best.: langs opzij (voor-/achterkant-flank),Geen hindernis
4233,27,Grimbergen,Meise,50.92127,4.34013,1.674261383087625,50.93400224841087,4.327378013932944,2017,11,7,23050,Meise,Normaal,"Nat, plassen",Dageraad - schemering,met zwaargewonden,9,personenauto,3,Fiets,Op Kruispunt,Gemeenteweg,binnen bebouwde kom,Tss. 2 best.: langs opzij (voor-/achterkant-flank),Geen hindernis
4235,27,Grimbergen,Meise,50.92127,4.34013,2.1269552227599515,50.9026934945096,4.347363356848677,2017,10,7,23025,Grimbergen,Mist (zichtbaarheid minder dan 100m),Droog,Dageraad - schemering,met lichtgewonden,9,personenauto,3,Fiets,Op Kruispunt,Gewestweg,buiten bebouwde kom,Tss. 2 best.: langs opzij (voor-/achterkant-flank),Geen hindernis
4237,27,Grimbergen,Meise,50.92127,4.34013,2.2428054190505105,50.9088352982826,4.36531918339323,2017,10,8,23025,Grimbergen,Normaal,Droog,Dageraad - schemering,met lichtgewonden,9,personenauto,3,Fiets,Op Kruispunt,Gewestweg,binnen bebouwde kom,Tss. 2 best.: langs opzij (voor-/achterkant-flank),Geen hindernis
4238,27,Grimbergen,Meise,50.92127,4.34013,1.8805824798189605,50.926307334453355,4.365742432596719,2017,10,7,23025,Grimbergen,Normaal,"Nat, plassen","Nacht, openbare verlichting aanwezig en ontstoken",met lichtgewonden,3,Fiets,9,personenauto,Op Kruispunt,Gewestweg,binnen bebouwde kom,Tss. 2 best.: langs opzij (voor-/achterkant-flank),Geen hindernis
4241,27,Grimbergen,Meise,50.92127,4.34013,1.6569151502131252,50.909490566183884,4.35460503845348,2017,10,9,23025,Grimbergen,Normaal,Proper,Dag,met lichtgewonden,3,Fiets,10,"één bestuurder, geen hindernis",Op Kruispunt,Gemeenteweg,binnen bebouwde kom,"Eén bestuurder, geen hindernis (incl. val)",Geen hindernis
4243,47,Vilvoorde,Vilvoorde,50.91372,4.41497,1.2285209801237582,50.9062779033094,4.42792058107372,2017,10,13,23047,Machelen,Normaal,Droog,Dag,met lichtgewonden,9,personenauto,3,Fiets,Op Kruispunt,Gewestweg,buiten bebouwde kom,Tss. 2 best.: langs opzij (voor-/achterkant-flank),Geen hindernis
4243,1,Machelen,Machelen,50.91618331151478,4.456121776137429,2.2633005662267442,50.9062779033094,4.42792058107372,2017,10,13,23047,Machelen,Normaal,Droog,Dag,met lichtgewonden,9,personenauto,3,Fiets,Op Kruispunt,Gewestweg,buiten bebouwde kom,Tss. 2 best.: langs opzij (voor-/achterkant-flank),Geen hindernis
4245,1,Machelen,Machelen,50.91618331151478,4.456121776137429,1.2916920462534403,50.907049806155946,4.444737751261627,2017,9,21,23047,Machelen,Normaal,Droog,"Nacht, openbare verlichting aanwezig en ontstoken",met lichtgewonden,3,Fiets,9,personenauto,Buiten Kruispunt,Gemeenteweg,binnen bebouwde kom,Tss. 2 best.: langs opzij (voor-/achterkant-flank),Geen hindernis
4245,47,Vilvoorde,Vilvoorde,50.91372,4.41497,2.214956765627809,50.907049806155946,4.444737751261627,2017,9,21,23047,Machelen,Normaal,Droog,"Nacht, openbare verlichting aanwezig en ontstoken",met lichtgewonden,3,Fiets,9,personenauto,Buiten Kruispunt,Gemeenteweg,binnen bebouwde kom,Tss. 2 best.: langs opzij (voor-/achterkant-flank),Geen hindernis
4245,111,Zaventem totem,Zaventem,50.8871216,4.4597084,2.4520658615660182,50.907049806155946,4.444737751261627,2017,9,21,23047,Machelen,Normaal,Droog,"Nacht, openbare verlichting aanwezig en ontstoken",met lichtgewonden,3,Fiets,9,personenauto,Buiten Kruispunt,Gemeenteweg,binnen bebouwde kom,Tss. 2 best.: langs opzij (voor-/achterkant-flank),Geen hindernis
4246,1,Machelen,Machelen,50.91618331151478,4.456121776137429,1.6236455048898109,50.930265822525534,4.462244365140723,2017,10,16,23088,Vilvoorde,Normaal,"Nat, plassen",Dag,met lichtgewonden,9,personenauto,3,Fiets,Buiten Kruispunt,Gemeenteweg,binnen bebouwde kom,Tussen 2 bestuurders: Langs achteren,Geen hindernis
4247,27,Grimbergen,Meise,50.92127,4.34013,2.186391022700604,50.91063819237541,4.366365512520994,2017,9,16,23088,Vilvoorde,Normaal,Droog,Dag,met lichtgewonden,9,personenauto,3,Fiets,Op Kruispunt,Gemeenteweg,binnen bebouwde kom,Tss. 2 best.: langs opzij (voor-/achterkant-flank),Geen hindernis
4248,47,Vilvoorde,Vilvoorde,50.91372,4.41497,0.8235416914771616,50.92050253584118,4.4102511862355005,2017,10,8,23088,Vilvoorde,Normaal,Droog,Dag,met lichtgewonden,9,personenauto,3,Fiets,Buiten Kruispunt,Gemeenteweg,binnen bebouwde kom,Tussen 2 bestuurders: Langs achteren,Geen hindernis
4249,1,Machelen,Machelen,50.91618331151478,4.456121776137429,2.1148158116305815,50.931037341504286,4.437278915189619,2017,10,17,23088,Vilvoorde,Onbekend,Onbekend,Onbekend,met lichtgewonden,9,personenauto,3,Fiets,Buiten Kruispunt,Gemeenteweg,binnen bebouwde kom,Tussen 2 bestuurders: Frontale botsing,Geen hindernis
4249,47,Vilvoorde,Vilvoorde,50.91372,4.41497,2.4805599572169723,50.931037341504286,4.437278915189619,2017,10,17,23088,Vilvoorde,Onbekend,Onbekend,Onbekend,met lichtgewonden,9,personenauto,3,Fiets,Buiten Kruispunt,Gemeenteweg,binnen bebouwde kom,Tussen 2 bestuurders: Frontale botsing,Geen hindernis
4251,109,Zemst,Zemst,50.9903936,4.4707023,2.4338219365802116,50.9788592913944,4.441153009746272,2017,9,11,23096,Zemst,Normaal,Droog,Dag,met lichtgewonden,3,Fiets,9,personenauto,Op Kruispunt,Gemeenteweg,buiten bebouwde kom,Tss. 2 best.: langs opzij (voor-/achterkant-flank),Geen hindernis
4252,13,Gent,Gent,51.03018,3.70146,1.7427951821285286,51.04053942817067,3.6827563475999314,2017,9,11,44021,Gent,Normaal,Droog,Dag,met lichtgewonden,9,personenauto,3,Fiets,Op Kruispunt,Gemeenteweg,binnen bebouwde kom,Tss. 2 best.: langs opzij (voor-/achterkant-flank),Geen hindernis
4253,118,Gent teller 1,Gent,51.028049,3.7681359,2.256046618415826,51.042789425783575,3.7459655597479857,2017,9,13,44021,Gent,Normaal,Droog,Dag,met lichtgewonden,9,personenauto,3,Fiets,Buiten Kruispunt,Gemeenteweg,binnen bebouwde kom,Tussen 2 bestuurders: Frontale botsing,Geen hindernis
4253,119,Gent teller 2,Gent,51.0281795,3.7683918,2.2579149217423273,51.042789425783575,3.7459655597479857,2017,9,13,44021,Gent,Normaal,Droog,Dag,met lichtgewonden,9,personenauto,3,Fiets,Buiten Kruispunt,Gemeenteweg,binnen bebouwde kom,Tussen 2 bestuurders: Frontale botsing,Geen hindernis
4255,119,Gent teller 2,Gent,51.0281795,3.7683918,0.028015317256526118,51.02796631451085,3.7686052934955527,2017,10,15,44021,Gent,Normaal,Droog,Dag,met lichtgewonden,3,Fiets,9,personenauto,Buiten Kruispunt,Gewestweg,onbekend,Tss. 2 best.: langs opzij (voor-/achterkant-flank),Geen hindernis
4255,118,Gent teller 1,Gent,51.028049,3.7681359,0.03409027919138015,51.02796631451085,3.7686052934955527,2017,10,15,44021,Gent,Normaal,Droog,Dag,met lichtgewonden,3,Fiets,9,personenauto,Buiten Kruispunt,Gewestweg,onbekend,Tss. 2 best.: langs opzij (voor-/achterkant-flank),Geen hindernis
4256,13,Gent,Gent,51.03018,3.70146,2.47689709702387,51.052427600054024,3.699694707259418,2017,10,18,44021,Gent,Normaal,"Nat, plassen",Dag,met lichtgewonden,5,Lichte vrachtauto,3,Fiets,Op Kruispunt,Gewestweg,binnen bebouwde kom,Tss. 2 best.: langs opzij (voor-/achterkant-flank),Geen hindernis
4258,119,Gent teller 2,Gent,51.0281795,3.7683918,1.7147830377994873,51.042580467715304,3.759619249118104,2017,9,15,44021,Gent,Normaal,Droog,Dag,met lichtgewonden,9,personenauto,3,Fiets,Buiten Kruispunt,Gemeenteweg,binnen bebouwde kom,Tussen 2 bestuurders: Frontale botsing,Geen hindernis
4258,118,Gent teller 1,Gent,51.028049,3.7681359,1.7220724774788019,51.042580467715304,3.759619249118104,2017,9,15,44021,Gent,Normaal,Droog,Dag,met lichtgewonden,9,personenauto,3,Fiets,Buiten Kruispunt,Gemeenteweg,binnen bebouwde kom,Tussen 2 bestuurders: Frontale botsing,Geen hindernis
4259,136,Gent R4,Gent,51.0876313,3.7587918,2.37841622656817,51.06628810070837,3.756550272376064,2017,10,12,44021,Gent,Normaal,Droog,Dag,met lichtgewonden,3,Fiets,9,personenauto,Buiten Kruispunt,Gewestweg,binnen bebouwde kom,Tussen 2 bestuurders: Langs achteren,Geen hindernis
4260,13,Gent,Gent,51.03018,3.70146,1.7883590917531966,51.042481146286676,3.717936511205501,2017,10,17,44021,Gent,Normaal,"Nat, plassen",Dag,met lichtgewonden,9,personenauto,3,Fiets,Op Kruispunt,Gewestweg,binnen bebouwde kom,Tss. 2 best.: langs opzij (voor-/achterkant-flank),Geen hindernis
4261,13,Gent,Gent,51.03018,3.70146,2.0040648263236136,51.04810279281437,3.7044781594754093,2017,9,10,44021,Gent,Normaal,Droog,Dag,met lichtgewonden,3,Fiets,9,personenauto,Op Kruispunt,Gemeenteweg,binnen bebouwde kom,Tss. 2 best.: langs opzij (voor-/achterkant-flank),Geen hindernis
4264,13,Gent,Gent,51.03018,3.70146,2.2021987051803413,51.04122007162419,3.727607179356012,2017,10,9,44021,Gent,Normaal,Droog,Dag,met zwaargewonden,3,Fiets,8,Voetganger,Buiten Kruispunt,Gemeenteweg,binnen bebouwde kom,Met een voetganger,Geen hindernis
4267,13,Gent,Gent,51.03018,3.70146,2.2408383612805505,51.046628328990394,3.7199769222641406,2017,10,5,44021,Gent,Regenval,"Nat, plassen","Nacht, openbare verlichting aanwezig en ontstoken",met zwaargewonden,3,Fiets,11,een weggebruiker tegen een hindernis,Buiten Kruispunt,Gemeenteweg,binnen bebouwde kom,Weggebruiker tegen hindernis op de rijbaan,"Op de rijbaan: Werken (signal., aarde, toestel,…)"
4271,13,Gent,Gent,51.03018,3.70146,1.041947750714996,51.03734743262419,3.71105830616603,2017,9,7,44021,Gent,Regenval,"Nat, plassen",Dageraad - schemering,met lichtgewonden,3,Fiets,10,"één bestuurder, geen hindernis",Op Kruispunt,Gewestweg,binnen bebouwde kom,"Eén bestuurder, geen hindernis (incl. val)",Geen hindernis
4274,13,Gent,Gent,51.03018,3.70146,1.1894460376630676,51.021505078281926,3.691509405179816,2017,9,16,44021,Gent,Normaal,Droog,Dag,met lichtgewonden,9,personenauto,3,Fiets,Buiten Kruispunt,Gewestweg,buiten bebouwde kom,Tss. 2 best.: langs opzij (voor-/achterkant-flank),Geen hindernis
4276,13,Gent,Gent,51.03018,3.70146,2.084314413692736,51.046887829659994,3.7149742922984266,2017,10,8,44021,Gent,Normaal,Droog,Dag,met lichtgewonden,3,Fiets,10,"één bestuurder, geen hindernis",Op Kruispunt,Gemeenteweg,binnen bebouwde kom,"Eén bestuurder, geen hindernis (incl. val)",Geen hindernis
4277,136,Gent R4,Gent,51.0876313,3.7587918,2.277725036355199,51.08679687245186,3.791375584258504,2017,9,13,44021,Gent,Normaal,Proper,Dag,met lichtgewonden,9,personenauto,3,Fiets,Op Kruispunt,Gemeenteweg,binnen bebouwde kom,Tussen 2 bestuurders: Frontale botsing,Geen hindernis
4278,13,Gent,Gent,51.03018,3.70146,1.0000225760223795,51.03578961782738,3.7126379237977662,2017,9,17,44021,Gent,Normaal,Droog,Dag,met lichtgewonden,9,personenauto,3,Fiets,Buiten Kruispunt,Gewestweg,binnen bebouwde kom,Tss. 2 best.: langs opzij (voor-/achterkant-flank),Geen hindernis
4281,13,Gent,Gent,51.03018,3.70146,1.9333685339706537,51.0333816571462,3.7286347133918363,2017,9,11,44021,Gent,Normaal,Droog,Dag,met lichtgewonden,3,Fiets,4,Vrachtwagen,Buiten Kruispunt,Gemeenteweg,binnen bebouwde kom,Tss. 2 best.: langs opzij (voor-/achterkant-flank),Geen hindernis
4285,13,Gent,Gent,51.03018,3.70146,1.7899663758946562,51.04288041467975,3.7171892491926273,2017,10,12,44021,Gent,Normaal,Droog,Dag,met lichtgewonden,9,personenauto,3,Fiets,Op Kruispunt,Gewestweg,binnen bebouwde kom,Tss. 2 best.: langs opzij (voor-/achterkant-flank),Geen hindernis
4289,118,Gent teller 1,Gent,51.028049,3.7681359,1.2050711580950422,51.03482085823443,3.7546817383139985,2017,10,14,44021,Gent,Normaal,Droog,Dag,met lichtgewonden,9,personenauto,3,Fiets,Op Kruispunt,Gewestweg,binnen bebouwde kom,Tss. 2 best.: langs opzij (voor-/achterkant-flank),Geen hindernis
4289,119,Gent teller 2,Gent,51.0281795,3.7683918,1.2101835940714012,51.03482085823443,3.7546817383139985,2017,10,14,44021,Gent,Normaal,Droog,Dag,met lichtgewonden,9,personenauto,3,Fiets,Op Kruispunt,Gewestweg,binnen bebouwde kom,Tss. 2 best.: langs opzij (voor-/achterkant-flank),Geen hindernis
4290,13,Gent,Gent,51.03018,3.70146,1.965952507933057,51.038427718972,3.72632837534718,2017,10,22,44021,Gent,Normaal,Droog,"Nacht, openbare verlichting aanwezig en ontstoken",met zwaargewonden,9,personenauto,3,Fiets,Op Kruispunt,Gewestweg,binnen bebouwde kom,Tss. 2 best.: langs opzij (voor-/achterkant-flank),Geen hindernis
4291,13,Gent,Gent,51.03018,3.70146,2.42940172889455,51.048008250226616,3.7215447868832934,2017,10,18,44021,Gent,Normaal,Droog,"Nacht, openbare verlichting aanwezig en ontstoken",met lichtgewonden,9,personenauto,3,Fiets,Buiten Kruispunt,Gemeenteweg,binnen bebouwde kom,Tss. 2 best.: langs opzij (voor-/achterkant-flank),Geen hindernis
4296,13,Gent,Gent,51.03018,3.70146,1.815038331126402,51.03995960700066,3.6806773253191185,2017,9,9,44021,Gent,Normaal,Droog,Dag,met zwaargewonden,3,Fiets,5,Lichte vrachtauto,Op Kruispunt,Gemeenteweg,binnen bebouwde kom,Tss. 2 best.: langs opzij (voor-/achterkant-flank),Geen hindernis
4298,13,Gent,Gent,51.03018,3.70146,2.3673196861263923,51.051469247327894,3.7012122117988078,2017,9,18,44021,Gent,Normaal,Droog,Dag,met lichtgewonden,3,Fiets,5,Lichte vrachtauto,Op Kruispunt,Gewestweg,binnen bebouwde kom,Tss. 2 best.: langs opzij (voor-/achterkant-flank),Geen hindernis
4301,13,Gent,Gent,51.03018,3.70146,2.360945672244336,51.05124771102025,3.705658920986557,2017,9,13,44021,Gent,Normaal,"Nat, plassen",Dag,met lichtgewonden,3,Fiets,8,Voetganger,Buiten Kruispunt,Gemeenteweg,binnen bebouwde kom,Met een voetganger,Geen hindernis
4302,13,Gent,Gent,51.03018,3.70146,2.208086506726914,51.041228656176145,3.727699408780924,2017,9,12,44021,Gent,Normaal,Droog,Dag,met lichtgewonden,3,Fiets,3,Fiets,Op Kruispunt,Gemeenteweg,binnen bebouwde kom,Tss. 2 best.: langs opzij (voor-/achterkant-flank),Geen hindernis
4303,13,Gent,Gent,51.03018,3.70146,0.6484062670893685,51.03161663555853,3.692473664854198,2017,9,10,44021,Gent,Normaal,Droog+Proper,Dag,met lichtgewonden,6,Bromfiets,3,Fiets,Op Kruispunt,Autosnelweg,buiten bebouwde kom,Tussen 2 bestuurders: Frontale botsing,Geen hindernis
4304,13,Gent,Gent,51.03018,3.70146,1.7662731068439834,51.01931283560884,3.719879195933608,2017,9,13,44021,Gent,Normaal,Droog,Dag,met lichtgewonden,9,personenauto,3,Fiets,Buiten Kruispunt,Gemeenteweg,binnen bebouwde kom,Tussen 2 bestuurders: Langs achteren,Geen hindernis
4305,13,Gent,Gent,51.03018,3.70146,1.6275781835376302,51.015922535094916,3.7067258852549254,2017,9,8,44021,Gent,Normaal,Droog,Dag,met zwaargewonden,3,Fiets,5,Lichte vrachtauto,Buiten Kruispunt,Gemeenteweg,buiten bebouwde kom,Tss. 2 best.: langs opzij (voor-/achterkant-flank),Geen hindernis
4306,136,Gent R4,Gent,51.0876313,3.7587918,2.313586346050792,51.089007955960184,3.725739305025081,2017,9,19,44021,Gent,Normaal,Droog,Dag,met lichtgewonden,3,Fiets,9,personenauto,Op Kruispunt,Gewestweg,binnen bebouwde kom,Tss. 2 best.: langs opzij (voor-/achterkant-flank),Geen hindernis
4311,119,Gent teller 2,Gent,51.0281795,3.7683918,1.9633401527486263,51.04393286254831,3.7557103898503037,2017,10,13,44021,Gent,"Andere (dikke rook,...)",Droog,Dag,met lichtgewonden,9,personenauto,3,Fiets,Op Kruispunt,Gemeenteweg,binnen bebouwde kom,Tss. 2 best.: langs opzij (voor-/achterkant-flank),Geen hindernis
4311,118,Gent teller 1,Gent,51.028049,3.7681359,1.9683348907401328,51.04393286254831,3.7557103898503037,2017,10,13,44021,Gent,"Andere (dikke rook,...)",Droog,Dag,met lichtgewonden,9,personenauto,3,Fiets,Op Kruispunt,Gemeenteweg,binnen bebouwde kom,Tss. 2 best.: langs opzij (voor-/achterkant-flank),Geen hindernis
4313,118,Gent teller 1,Gent,51.028049,3.7681359,2.3700101464171377,51.034916227576744,3.7360518837905254,2017,10,10,44021,Gent,Regenval,"Nat, plassen",Dag,met lichtgewonden,9,personenauto,3,Fiets,Op Kruispunt,Gemeenteweg,binnen bebouwde kom,Tussen 2 bestuurders: Frontale botsing,Geen hindernis
4313,119,Gent teller 2,Gent,51.0281795,3.7683918,2.3823523800219952,51.034916227576744,3.7360518837905254,2017,10,10,44021,Gent,Regenval,"Nat, plassen",Dag,met lichtgewonden,9,personenauto,3,Fiets,Op Kruispunt,Gemeenteweg,binnen bebouwde kom,Tussen 2 bestuurders: Frontale botsing,Geen hindernis
4313,13,Gent,Gent,51.03018,3.70146,2.4756117269063567,51.034916227576744,3.7360518837905254,2017,10,10,44021,Gent,Regenval,"Nat, plassen",Dag,met lichtgewonden,9,personenauto,3,Fiets,Op Kruispunt,Gemeenteweg,binnen bebouwde kom,Tussen 2 bestuurders: Frontale botsing,Geen hindernis
4314,13,Gent,Gent,51.03018,3.70146,1.1715728755495887,51.03450644198436,3.7167362536063364,2017,10,7,44021,Gent,Normaal,Droog,Dag,met lichtgewonden,9,personenauto,3,Fiets,Buiten Kruispunt,Gemeenteweg,binnen bebouwde kom,Tss. 2 best.: langs opzij (voor-/achterkant-flank),Geen hindernis
4315,13,Gent,Gent,51.03018,3.70146,1.616761883908188,51.04440895610554,3.706216330557594,2017,10,19,44021,Gent,Normaal,Droog,"Nacht, openbare verlichting aanwezig en ontstoken",met lichtgewonden,3,Fiets,3,Fiets,Buiten Kruispunt,Gemeenteweg,binnen bebouwde kom,Tussen 2 bestuurders: Frontale botsing,Geen hindernis