crash_row_id,site_id,site_name,site_gemeente,site_lat,site_long,distance_km,crash_lat,crash_long,DT_YEAR_COLLISION,DT_MONTH_COLLISION,DT_TIME,CD_NIS,TX_MUNTY_COLLISION_NL,TX_WEATHER_NL,TX_ROAD_CONDITION_NL,TX_LIGHT_CONDITION_NL,TX_CLASS_ACCIDENTS_NL,CD_ROAD_USR_TYPE1,TX_ROAD_USR_TYPE1_NL,CD_ROAD_USR_TYPE2,TX_ROAD_USR_TYPE2_NL,TX_CROSSWAY_NL,CD_ROAD_TYPE_NL,TX_BUILD_UP_AREA_NL,TX_COLLISION_TYPE_NL,TX_OBSTACLES_NL
4316,13,Gent,Gent,51.03018,3.70146,2.3485047868179953,51.05130060569206,3.7014362666820766,2017,9,17,44021,Gent,Onbekend,Onbekend,Onbekend,met lichtgewonden,3,Fiets,9,personenauto,Buiten Kruispunt,Gewestweg,onbekend,Tss. 2 best.: langs opzij (voor-/achterkant-flank),Geen hindernis
4317,119,Gent teller 2,Gent,51.0281795,3.7683918,2.4350090471975068,51.049584145642065,3.7610368562207093,2017,10,10,44021,Gent,Normaal,Droog,Dag,met lichtgewonden,9,personenauto,3,Fiets,Buiten Kruispunt,Gemeenteweg,binnen bebouwde kom,Tussen 2 bestuurders: Frontale botsing,Geen hindernis
4317,118,Gent teller 1,Gent,51.028049,3.7681359,2.445500578651063,51.049584145642065,3.7610368562207093,2017,10,10,44021,Gent,Normaal,Droog,Dag,met lichtgewonden,9,personenauto,3,Fiets,Buiten Kruispunt,Gemeenteweg,binnen bebouwde kom,Tussen 2 bestuurders: Frontale botsing,Geen hindernis
4322,13,Gent,Gent,51.03018,3.70146,2.0045657073725147,51.03986507049591,3.7256391290932847,2017,10,6,44021,Gent,Normaal,Droog,"Nacht, openbare verlichting aanwezig en ontstoken",met zwaargewonden,8,Voetganger,3,Fiets,Buiten Kruispunt,Gemeenteweg,binnen bebouwde kom,Met een voetganger,Geen hindernis
4326,13,Gent,Gent,51.03018,3.70146,0.6912316378433583,51.024955355816516,3.7068157524870613,2017,10,17,44021,Gent,Onbekend,Onbekend,Onbekend,met lichtgewonden,3,Fiets,11,een weggebruiker tegen een hindernis,Op Kruispunt,Gewestweg,binnen bebouwde kom,Weggebruiker tegen hindernis op de rijbaan,Op de rijbaan: Dier (huisdier)
4330,118,Gent teller 1,Gent,51.028049,3.7681359,0.6201204396289989,51.03146664461777,3.7611286820174574,2017,9,17,44021,Gent,Normaal,Droog,Dag,met lichtgewonden,9,personenauto,3,Fiets,Op Kruispunt,Gewestweg,binnen bebouwde kom,Tss. 2 best.: langs opzij (voor-/achterkant-flank),Geen hindernis
4330,119,Gent teller 2,Gent,51.0281795,3.7683918,0.6257709758406658,51.03146664461777,3.7611286820174574,2017,9,17,44021,Gent,Normaal,Droog,Dag,met lichtgewonden,9,personenauto,3,Fiets,Op Kruispunt,Gewestweg,binnen bebouwde kom,Tss. 2 best.: langs opzij (voor-/achterkant-flank),Geen hindernis
4332,13,Gent,Gent,51.03018,3.70146,2.2859627316306157,51.04589772001214,3.722533454675458,2017,9,1,44021,Gent,Normaal,Droog,"Nacht, openbare verlichting aanwezig en ontstoken",met lichtgewonden,9,personenauto,3,Fiets,Buiten Kruispunt,Gemeenteweg,binnen bebouwde kom,Tss. 2 best.: langs opzij (voor-/achterkant-flank),Geen hindernis
4333,13,Gent,Gent,51.03018,3.70146,1.9785418879788246,51.03908773802604,3.725954250062664,2017,10,8,44021,Gent,Normaal,Droog,Dag,met lichtgewonden,6,Bromfiets,3,Fiets,Buiten Kruispunt,Gemeenteweg,binnen bebouwde kom,Tss. 2 best.: langs opzij (voor-/achterkant-flank),Geen hindernis
4334,13,Gent,Gent,51.03018,3.70146,2.208086506726914,51.041228656176145,3.727699408780924,2017,9,8,44021,Gent,Onbekend,Onbekend,Onbekend,met lichtgewonden,3,Fiets,9,personenauto,Op Kruispunt,Gemeenteweg,binnen bebouwde kom,Tussen 2 bestuurders: Frontale botsing,Geen hindernis
4337,118,Gent teller 1,Gent,51.028049,3.7681359,1.7112042224422852,51.03369205855726,3.745370379545375,2017,10,15,44021,Gent,Normaal,Droog,Dag,met lichtgewonden,8,Voetganger,3,Fiets,Buiten Kruispunt,Gemeenteweg,binnen bebouwde kom,Met een voetganger,Geen hindernis
4337,119,Gent teller 2,Gent,51.0281795,3.7683918,1.7226466709346169,51.03369205855726,3.745370379545375,2017,10,15,44021,Gent,Normaal,Droog,Dag,met lichtgewonden,8,Voetganger,3,Fiets,Buiten Kruispunt,Gemeenteweg,binnen bebouwde kom,Met een voetganger,Geen hindernis
4341,136,Gent R4,Gent,51.0876313,3.7587918,2.0560165679605675,51.074232848150054,3.738508507742087,2017,10,11,44021,Gent,Normaal,Droog,Dag,met lichtgewonden,3,Fiets,9,personenauto,Op Kruispunt,Gewestweg,binnen bebouwde kom,Tss. 2 best.: langs opzij (voor-/achterkant-flank),Geen hindernis
4342,7,Evergem 1,Evergem,51.1089,3.70317,0.6086672294543868,51.10520964129701,3.709609007568309,2017,10,7,44019,Evergem,Normaal,Droog,Dageraad - schemering,met lichtgewonden,3,Fiets,9,personenauto,Op Kruispunt,Gewestweg,buiten bebouwde kom,Tss. 2 best.: langs opzij (voor-/achterkant-flank),Geen hindernis
4342,6,Evergem 2,Evergem,51.10894,3.70298,0.6214885503063148,51.10520964129701,3.709609007568309,2017,10,7,44019,Evergem,Normaal,Droog,Dageraad - schemering,met lichtgewonden,3,Fiets,9,personenauto,Op Kruispunt,Gewestweg,buiten bebouwde kom,Tss. 2 best.: langs opzij (voor-/achterkant-flank),Geen hindernis
4343,136,Gent R4,Gent,51.0876313,3.7587918,2.313586346050792,51.089007955960184,3.725739305025081,2017,11,7,44021,Gent,Normaal,Droog,Dag,met lichtgewonden,9,personenauto,3,Fiets,Op Kruispunt,Gewestweg,buiten bebouwde kom,Tss. 2 best.: langs opzij (voor-/achterkant-flank),Geen hindernis
4344,13,Gent,Gent,51.03018,3.70146,1.196253415375729,51.03552549940305,3.716305808986124,2017,11,16,44021,Gent,Normaal,Droog,Dag,met lichtgewonden,3,Fiets,8,Voetganger,Buiten Kruispunt,Gewestweg,binnen bebouwde kom,Met een voetganger,Geen hindernis
4345,136,Gent R4,Gent,51.0876313,3.7587918,2.489597193787298,51.07352075582185,3.7311212672501917,2017,11,10,44021,Gent,Normaal,Droog,Dag,met lichtgewonden,9,personenauto,3,Fiets,Op Kruispunt,Gemeenteweg,binnen bebouwde kom,Tss. 2 best.: langs opzij (voor-/achterkant-flank),Geen hindernis
4347,118,Gent teller 1,Gent,51.028049,3.7681359,1.0222942334982434,51.031486727180265,3.7545779736287788,2017,11,16,44021,Gent,Normaal,Droog,Dag,met lichtgewonden,3,Fiets,4,Vrachtwagen,Buiten Kruispunt,Gemeenteweg,binnen bebouwde kom,Tss. 2 best.: langs opzij (voor-/achterkant-flank),Geen hindernis
4347,119,Gent teller 2,Gent,51.0281795,3.7683918,1.033660963331578,51.031486727180265,3.7545779736287788,2017,11,16,44021,Gent,Normaal,Droog,Dag,met lichtgewonden,3,Fiets,4,Vrachtwagen,Buiten Kruispunt,Gemeenteweg,binnen bebouwde kom,Tss. 2 best.: langs opzij (voor-/achterkant-flank),Geen hindernis
4371,13,Gent,Gent,51.03018,3.70146,2.0176359677506928,51.03162039391239,3.730220917868184,2017,9,14,44021,Gent,Normaal,Droog,Dag,met lichtgewonden,3,Fiets,5,Lichte vrachtauto,Op Kruispunt,Gemeenteweg,binnen bebouwde kom,Tss. 2 best.: langs opzij (voor-/achterkant-flank),Geen hindernis
4373,116,Melle teller 2,Melle,50.9986113,3.8040599,0.6867546202523567,51.004062855773995,3.7994474714647497,2017,10,16,44040,Melle,Normaal,Droog,Dag,met lichtgewonden,3,Fiets,3,Fiets,Buiten Kruispunt,Gewestweg,binnen bebouwde kom,Tussen 2 bestuurders: Langs achteren,Geen hindernis
4373,117,Melle teller 1,Melle,50.9986113,3.8040599,0.6867546202523567,51.004062855773995,3.7994474714647497,2017,10,16,44040,Melle,Normaal,Droog,Dag,met lichtgewonden,3,Fiets,3,Fiets,Buiten Kruispunt,Gewestweg,binnen bebouwde kom,Tussen 2 bestuurders: Langs achteren,Geen hindernis
4376,118,Gent teller 1,Gent,51.028049,3.7681359,1.1152330548751652,51.018223887581364,3.7713387526839255,2017,10,8,44040,Melle,Normaal,"Nat, plassen",Dag,met lichtgewonden,3,Fiets,8,Voetganger,Buiten Kruispunt,Gemeenteweg,binnen bebouwde kom,Met een voetganger,Geen hindernis
4376,119,Gent teller 2,Gent,51.0281795,3.7683918,1.1260386708931704,51.018223887581364,3.7713387526839255,2017,10,8,44040,Melle,Normaal,"Nat, plassen",Dag,met lichtgewonden,3,Fiets,8,Voetganger,Buiten Kruispunt,Gemeenteweg,binnen bebouwde kom,Met een voetganger,Geen hindernis
4379,119,Gent teller 2,Gent,51.0281795,3.7683918,0.5031631588526944,51.02517665304083,3.773773903125158,2017,10,8,44040,Melle,Normaal,Droog,Dag,met lichtgewonden,3,Fiets,9,personenauto,Buiten Kruispunt,Gewestweg,binnen bebouwde kom,Tss. 2 best.: langs opzij (voor-/achterkant-flank),Geen hindernis
4379,118,Gent teller 1,Gent,51.028049,3.7681359,0.5074318497672526,51.02517665304083,3.773773903125158,2017,10,8,44040,Melle,Normaal,Droog,Dag,met lichtgewonden,3,Fiets,9,personenauto,Buiten Kruispunt,Gewestweg,binnen bebouwde kom,Tss. 2 best.: langs opzij (voor-/achterkant-flank),Geen hindernis
4380,116,Melle teller 2,Melle,50.9986113,3.8040599,0.8700484394315777,50.99139843613125,3.7992412400508098,2017,10,17,44040,Melle,Normaal,Droog,Dag,met lichtgewonden,3,Fiets,8,Voetganger,Buiten Kruispunt,Gewestweg,buiten bebouwde kom,Met een voetganger,Geen hindernis
4380,117,Melle teller 1,Melle,50.9986113,3.8040599,0.8700484394315777,50.99139843613125,3.7992412400508098,2017,10,17,44040,Melle,Normaal,Droog,Dag,met lichtgewonden,3,Fiets,8,Voetganger,Buiten Kruispunt,Gewestweg,buiten bebouwde kom,Met een voetganger,Geen hindernis
4382,116,Melle teller 2,Melle,50.9986113,3.8040599,1.1988664242296356,51.00557954281071,3.7909860561649267,2017,10,18,44040,Melle,Normaal,Droog,Dageraad - schemering,met lichtgewonden,3,Fiets,8,Voetganger,Buiten Kruispunt,Gemeenteweg,binnen bebouwde kom,Met een voetganger,Geen hindernis
4382,117,Melle teller 1,Melle,50.9986113,3.8040599,1.1988664242296356,51.00557954281071,3.7909860561649267,2017,10,18,44040,Melle,Normaal,Droog,Dageraad - schemering,met lichtgewonden,3,Fiets,8,Voetganger,Buiten Kruispunt,Gemeenteweg,binnen bebouwde kom,Met een voetganger,Geen hindernis
4383,118,Gent teller 1,Gent,51.028049,3.7681359,1.3039803398152516,51.02128431931153,3.752906301487815,2017,10,16,44043,Merelbeke,Normaal,Droog,Dag,met zwaargewonden,3,Fiets,8,Voetganger,Buiten Kruispunt,Gewestweg,binnen bebouwde kom,Met een voetganger,Geen hindernis
4383,119,Gent teller 2,Gent,51.0281795,3.7683918,1.3269703058382747,51.02128431931153,3.752906301487815,2017,10,16,44043,Merelbeke,Normaal,Droog,Dag,met zwaargewonden,3,Fiets,8,Voetganger,Buiten Kruispunt,Gewestweg,binnen bebouwde kom,Met een voetganger,Geen hindernis
4385,119,Gent teller 2,Gent,51.0281795,3.7683918,0.3586923139596996,51.025618587990785,3.7715104695696784,2017,10,7,44040,Melle,Normaal,Droog,"Nacht, openbare verlichting aanwezig en ontstoken",met lichtgewonden,3,Fiets,6,Bromfiets,Buiten Kruispunt,Gewestweg,buiten bebouwde kom,Tussen 2 bestuurders: Frontale botsing,Geen hindernis
4385,118,Gent teller 1,Gent,51.028049,3.7681359,0.35879496585976745,51.025618587990785,3.7715104695696784,2017,10,7,44040,Melle,Normaal,Droog,"Nacht, openbare verlichting aanwezig en ontstoken",met lichtgewonden,3,Fiets,6,Bromfiets,Buiten Kruispunt,Gewestweg,buiten bebouwde kom,Tussen 2 bestuurders: Frontale botsing,Geen hindernis
4398,113,Deinze teller 2,Deinze,50.96018,3.55578,2.4424971010687324,50.977096807939944,3.533530517556997,2017,10,8,44083,Deinze,Regenval,"Nat, plassen",Dageraad - schemering,met lichtgewonden,9,personenauto,3,Fiets,Op Kruispunt,Gewestweg,binnen bebouwde kom,Tussen 2 bestuurders: Frontale botsing,Geen hindernis
4398,114,Deinze teller 1,Nazareth,50.9598305,3.555502,2.460334591971074,50.977096807939944,3.533530517556997,2017,10,8,44083,Deinze,Regenval,"Nat, plassen",Dageraad - schemering,met lichtgewonden,9,personenauto,3,Fiets,Op Kruispunt,Gewestweg,binnen bebouwde kom,Tussen 2 bestuurders: Frontale botsing,Geen hindernis
4399,113,Deinze teller 2,Deinze,50.96018,3.55578,2.4478521775069724,50.98060809735268,3.5427514244586993,2017,10,6,44083,Deinze,Normaal,"Nat, plassen","Nacht, openbare verlichting aanwezig en ontstoken",met lichtgewonden,5,Lichte vrachtauto,3,Fiets,Buiten Kruispunt,Gewestweg,buiten bebouwde kom,Tss. 2 best.: langs opzij (voor-/achterkant-flank),Geen hindernis
4399,114,Deinze teller 1,Nazareth,50.9598305,3.555502,2.476875299057747,50.98060809735268,3.5427514244586993,2017,10,6,44083,Deinze,Normaal,"Nat, plassen","Nacht, openbare verlichting aanwezig en ontstoken",met lichtgewonden,5,Lichte vrachtauto,3,Fiets,Buiten Kruispunt,Gewestweg,buiten bebouwde kom,Tss. 2 best.: langs opzij (voor-/achterkant-flank),Geen hindernis
4405,6,Evergem 2,Evergem,51.10894,3.70298,0.3597275958153735,51.11058186915694,3.6985400976807337,2017,10,14,44019,Evergem,Normaal,Droog,Dag,met lichtgewonden,9,personenauto,3,Fiets,Buiten Kruispunt,Gemeenteweg,binnen bebouwde kom,Tussen 2 bestuurders: Frontale botsing,Geen hindernis
4405,7,Evergem 1,Evergem,51.1089,3.70317,0.37342529452290735,51.11058186915694,3.6985400976807337,2017,10,14,44019,Evergem,Normaal,Droog,Dag,met lichtgewonden,9,personenauto,3,Fiets,Buiten Kruispunt,Gemeenteweg,binnen bebouwde kom,Tussen 2 bestuurders: Frontale botsing,Geen hindernis
4410,6,Evergem 2,Evergem,51.10894,3.70298,2.2632144453359673,51.12153230702453,3.677507238051744,2017,10,17,44019,Evergem,Normaal,"Nat, plassen",Dag,met lichtgewonden,9,personenauto,3,Fiets,Buiten Kruispunt,Gewestweg,binnen bebouwde kom,Tss. 2 best.: langs opzij (voor-/achterkant-flank),Geen hindernis
4410,7,Evergem 1,Evergem,51.1089,3.70317,2.2763913955531665,51.12153230702453,3.677507238051744,2017,10,17,44019,Evergem,Normaal,"Nat, plassen",Dag,met lichtgewonden,9,personenauto,3,Fiets,Buiten Kruispunt,Gewestweg,binnen bebouwde kom,Tss. 2 best.: langs opzij (voor-/achterkant-flank),Geen hindernis
4471,126,Hamme totem,Hamme,51.1017709,4.1469307,0.9547293027102571,51.10986589991462,4.142372305038349,2017,10,6,46025,Temse,Normaal,Droog,"Nacht, geen openbare verlichting aanwezig",met lichtgewonden,3,Fiets,4,Vrachtwagen,Op Kruispunt,Gewestweg,buiten bebouwde kom,Tussen 2 bestuurders: Langs achteren,Geen hindernis
4473,126,Hamme totem,Hamme,51.1017709,4.1469307,2.0954338084044553,51.12053658722665,4.144185064335437,2017,10,13,46025,Temse,Normaal,Droog,Dag,met lichtgewonden,3,Fiets,9,personenauto,Buiten Kruispunt,Gewestweg,buiten bebouwde kom,Tss. 2 best.: langs opzij (voor-/achterkant-flank),Geen hindernis
4484,128,Lokeren teller 1,Lokeren,51.09644,3.97023,0.672446631278271,51.10230767938298,3.972560657068043,2017,9,15,46014,Lokeren,Normaal,Droog,Dag,met lichtgewonden,1,Autobus,3,Fiets,Buiten Kruispunt,Gemeenteweg,binnen bebouwde kom,Tss. 2 best.: langs opzij (voor-/achterkant-flank),Geen hindernis
4484,129,Lokeren teller 2,Lokeren,51.09612,3.97025,0.7067036393428899,51.10230767938298,3.972560657068043,2017,9,15,46014,Lokeren,Normaal,Droog,Dag,met lichtgewonden,1,Autobus,3,Fiets,Buiten Kruispunt,Gemeenteweg,binnen bebouwde kom,Tss. 2 best.: langs opzij (voor-/achterkant-flank),Geen hindernis
4485,128,Lokeren teller 1,Lokeren,51.09644,3.97023,1.933262168046992,51.102622818519926,3.9443533479568136,2017,9,12,46014,Lokeren,Normaal,Droog,Dag,met lichtgewonden,3,Fiets,9,personenauto,Op Kruispunt,Gemeenteweg,binnen bebouwde kom,Tss. 2 best.: langs opzij (voor-/achterkant-flank),Geen hindernis
4485,129,Lokeren teller 2,Lokeren,51.09612,3.97025,1.9475024296401653,51.102622818519926,3.9443533479568136,2017,9,12,46014,Lokeren,Normaal,Droog,Dag,met lichtgewonden,3,Fiets,9,personenauto,Op Kruispunt,Gemeenteweg,binnen bebouwde kom,Tss. 2 best.: langs opzij (voor-/achterkant-flank),Geen hindernis
4486,141,Test site A support,Lokeren,51.08342085,3.9961071208376326,1.6891930141701383,51.09711990614558,4.006560759136911,2017,11,13,46014,Lokeren,Normaal,Droog,Dag,met lichtgewonden,4,Vrachtwagen,3,Fiets,Op Kruispunt,Gewestweg,buiten bebouwde kom,Tss. 2 best.: langs opzij (voor-/achterkant-flank),Geen hindernis
4487,141,Test site A support,Lokeren,51.08342085,3.9961071208376326,1.9656206571837285,51.10096647271416,3.9995354303982404,2017,9,12,46014,Lokeren,Normaal,Droog,Dag,met lichtgewonden,5,Lichte vrachtauto,3,Fiets,Op Kruispunt,Gewestweg,binnen bebouwde kom,Tss. 2 best.: langs opzij (voor-/achterkant-flank),Geen hindernis
4487,128,Lokeren teller 1,Lokeren,51.09644,3.97023,2.1073370020408344,51.10096647271416,3.9995354303982404,2017,9,12,46014,Lokeren,Normaal,Droog,Dag,met lichtgewonden,5,Lichte vrachtauto,3,Fiets,Op Kruispunt,Gewestweg,binnen bebouwde kom,Tss. 2 best.: langs opzij (voor-/achterkant-flank),Geen hindernis
4487,129,Lokeren teller 2,Lokeren,51.09612,3.97025,2.1147740360034217,51.10096647271416,3.9995354303982404,2017,9,12,46014,Lokeren,Normaal,Droog,Dag,met lichtgewonden,5,Lichte vrachtauto,3,Fiets,Op Kruispunt,Gewestweg,binnen bebouwde kom,Tss. 2 best.: langs opzij (voor-/achterkant-flank),Geen hindernis
4488,128,Lokeren teller 1,Lokeren,51.09644,3.97023,1.867141804122111,51.112302325656096,3.9614569829772472,2017,10,7,46014,Lokeren,Normaal,Droog,Dag,met lichtgewonden,9,personenauto,3,Fiets,Buiten Kruispunt,Gemeenteweg,binnen bebouwde kom,Tss. 2 best.: langs opzij (voor-/achterkant-flank),Geen hindernis
4488,129,Lokeren teller 2,Lokeren,51.09612,3.97025,1.9012419516228374,51.112302325656096,3.9614569829772472,2017,10,7,46014,Lokeren,Normaal,Droog,Dag,met lichtgewonden,9,personenauto,3,Fiets,Buiten Kruispunt,Gemeenteweg,binnen bebouwde kom,Tss. 2 best.: langs opzij (voor-/achterkant-flank),Geen hindernis
4489,128,Lokeren teller 1,Lokeren,51.09644,3.97023,1.674305053751104,51.10585754802252,3.988939872620485,2017,9,16,46014,Lokeren,Normaal,Onbekend,Dag,met lichtgewonden,3,Fiets,3,Fiets,Buiten Kruispunt,Gemeenteweg,binnen bebouwde kom,Tussen 2 bestuurders: Frontale botsing,Geen hindernis
4489,129,Lokeren teller 2,Lokeren,51.09612,3.97025,1.695715494374111,51.10585754802252,3.988939872620485,2017,9,16,46014,Lokeren,Normaal,Onbekend,Dag,met lichtgewonden,3,Fiets,3,Fiets,Buiten Kruispunt,Gemeenteweg,binnen bebouwde kom,Tussen 2 bestuurders: Frontale botsing,Geen hindernis
4490,129,Lokeren teller 2,Lokeren,51.09612,3.97025,1.0572108227057777,51.08808706568199,3.9621519595066763,2017,10,8,46014,Lokeren,Normaal,Droog,Dag,met lichtgewonden,9,personenauto,3,Fiets,Op Kruispunt,Gewestweg,binnen bebouwde kom,Tss. 2 best.: langs opzij (voor-/achterkant-flank),Geen hindernis
4490,128,Lokeren teller 1,Lokeren,51.09644,3.97023,1.0867136603747465,51.08808706568199,3.9621519595066763,2017,10,8,46014,Lokeren,Normaal,Droog,Dag,met lichtgewonden,9,personenauto,3,Fiets,Op Kruispunt,Gewestweg,binnen bebouwde kom,Tss. 2 best.: langs opzij (voor-/achterkant-flank),Geen hindernis
4490,141,Test site A support,Lokeren,51.08342085,3.9961071208376326,2.427786557044399,51.08808706568199,3.9621519595066763,2017,10,8,46014,Lokeren,Normaal,Droog,Dag,met lichtgewonden,9,personenauto,3,Fiets,Op Kruispunt,Gewestweg,binnen bebouwde kom,Tss. 2 best.: langs opzij (voor-/achterkant-flank),Geen hindernis
4491,128,Lokeren teller 1,Lokeren,51.09644,3.97023,1.8703828486908238,51.102373259880345,3.995294174207368,2017,9,19,46014,Lokeren,Onbekend,Onbekend,Dag,met lichtgewonden,3,Fiets,9,personenauto,Buiten Kruispunt,Gewestweg,binnen bebouwde kom,Tss. 2 best.: langs opzij (voor-/achterkant-flank),Geen hindernis
4491,129,Lokeren teller 2,Lokeren,51.09612,3.97025,1.8819361571410302,51.102373259880345,3.995294174207368,2017,9,19,46014,Lokeren,Onbekend,Onbekend,Dag,met lichtgewonden,3,Fiets,9,personenauto,Buiten Kruispunt,Gewestweg,binnen bebouwde kom,Tss. 2 best.: langs opzij (voor-/achterkant-flank),Geen hindernis
4491,141,Test site A support,Lokeren,51.08342085,3.9961071208376326,2.108176431902379,51.102373259880345,3.995294174207368,2017,9,19,46014,Lokeren,Onbekend,Onbekend,Dag,met lichtgewonden,3,Fiets,9,personenauto,Buiten Kruispunt,Gewestweg,binnen bebouwde kom,Tss. 2 best.: langs opzij (voor-/achterkant-flank),Geen hindernis
4492,128,Lokeren teller 1,Lokeren,51.09644,3.97023,1.8299608910642033,51.10848367168805,3.988091296520594,2017,9,10,46014,Lokeren,Normaal,Droog,Dag,met lichtgewonden,3,Fiets,9,personenauto,Buiten Kruispunt,Gemeenteweg,binnen bebouwde kom,Tss. 2 best.: langs opzij (voor-/achterkant-flank),Geen hindernis
4492,129,Lokeren teller 2,Lokeren,51.09612,3.97025,1.8552239925898086,51.10848367168805,3.988091296520594,2017,9,10,46014,Lokeren,Normaal,Droog,Dag,met lichtgewonden,3,Fiets,9,personenauto,Buiten Kruispunt,Gemeenteweg,binnen bebouwde kom,Tss. 2 best.: langs opzij (voor-/achterkant-flank),Geen hindernis
4493,128,Lokeren teller 1,Lokeren,51.09644,3.97023,1.6806421392397466,51.10402032769786,3.9910530623987848,2017,10,8,46014,Lokeren,Normaal,Droog,Dag,met lichtgewonden,3,Fiets,9,personenauto,Buiten Kruispunt,Gemeenteweg,binnen bebouwde kom,Tussen 2 bestuurders: Langs achteren,Geen hindernis
4493,129,Lokeren teller 2,Lokeren,51.09612,3.97025,1.6975759043464742,51.10402032769786,3.9910530623987848,2017,10,8,46014,Lokeren,Normaal,Droog,Dag,met lichtgewonden,3,Fiets,9,personenauto,Buiten Kruispunt,Gemeenteweg,binnen bebouwde kom,Tussen 2 bestuurders: Langs achteren,Geen hindernis
4493,141,Test site A support,Lokeren,51.08342085,3.9961071208376326,2.3175913982053173,51.10402032769786,3.9910530623987848,2017,10,8,46014,Lokeren,Normaal,Droog,Dag,met lichtgewonden,3,Fiets,9,personenauto,Buiten Kruispunt,Gemeenteweg,binnen bebouwde kom,Tussen 2 bestuurders: Langs achteren,Geen hindernis
4494,128,Lokeren teller 1,Lokeren,51.09644,3.97023,1.334381581001086,51.10163128913845,3.9874590177109237,2017,10,8,46014,Lokeren,Normaal,Droog,Dag,met lichtgewonden,3,Fiets,8,Voetganger,Op Kruispunt,Gemeenteweg,binnen bebouwde kom,Met een voetganger,Geen hindernis
4494,129,Lokeren teller 2,Lokeren,51.09612,3.97025,1.3489149203650594,51.10163128913845,3.9874590177109237,2017,10,8,46014,Lokeren,Normaal,Droog,Dag,met lichtgewonden,3,Fiets,8,Voetganger,Op Kruispunt,Gemeenteweg,binnen bebouwde kom,Met een voetganger,Geen hindernis
4494,141,Test site A support,Lokeren,51.08342085,3.9961071208376326,2.1130606116632205,51.10163128913845,3.9874590177109237,2017,10,8,46014,Lokeren,Normaal,Droog,Dag,met lichtgewonden,3,Fiets,8,Voetganger,Op Kruispunt,Gemeenteweg,binnen bebouwde kom,Met een voetganger,Geen hindernis
4495,128,Lokeren teller 1,Lokeren,51.09644,3.97023,1.5556392290879186,51.11035193430386,3.9725834306771084,2017,10,8,46014,Lokeren,Normaal,Droog,Dag,met lichtgewonden,3,Fiets,9,personenauto,Buiten Kruispunt,Gemeenteweg,binnen bebouwde kom,Tussen 2 bestuurders: Langs achteren,Geen hindernis
4495,129,Lokeren teller 2,Lokeren,51.09612,3.97025,1.590883429634236,51.11035193430386,3.9725834306771084,2017,10,8,46014,Lokeren,Normaal,Droog,Dag,met lichtgewonden,3,Fiets,9,personenauto,Buiten Kruispunt,Gemeenteweg,binnen bebouwde kom,Tussen 2 bestuurders: Langs achteren,Geen hindernis
4496,141,Test site A support,Lokeren,51.08342085,3.9961071208376326,1.0012405189293718,51.08917363832267,4.007134850389965,2017,9,16,46014,Lokeren,Normaal,Droog,Dag,met lichtgewonden,9,personenauto,3,Fiets,Buiten Kruispunt,Gemeenteweg,binnen bebouwde kom,Tss. 2 best.: langs opzij (voor-/achterkant-flank),Geen hindernis
4500,126,Hamme totem,Hamme,51.1017709,4.1469307,1.5905376293776667,51.09397212000737,4.127836456513707,2017,10,15,42008,Hamme,Normaal,Droog,Dag,met lichtgewonden,3,Fiets,9,personenauto,Buiten Kruispunt,Gemeenteweg,binnen bebouwde kom,Tss. 2 best.: langs opzij (voor-/achterkant-flank),Geen hindernis
4501,126,Hamme totem,Hamme,51.1017709,4.1469307,1.8035216430811196,51.113706837196254,4.129439485042565,2017,9,12,42023,Waasmunster,Normaal,Droog,Dag,met lichtgewonden,3,Fiets,9,personenauto,Buiten Kruispunt,Gemeenteweg,binnen bebouwde kom,Tussen 2 bestuurders: Langs achteren,Geen hindernis
4502,126,Hamme totem,Hamme,51.1017709,4.1469307,1.5346234736251658,51.09878830842374,4.125472203570381,2017,9,15,42008,Hamme,Normaal,Droog,Dag,met lichtgewonden,3,Fiets,3,Fiets,Buiten Kruispunt,Gemeenteweg,buiten bebouwde kom,Tss. 2 best.: langs opzij (voor-/achterkant-flank),Geen hindernis
4504,126,Hamme totem,Hamme,51.1017709,4.1469307,1.6010358437175918,51.09592003993982,4.125980777365399,2017,10,8,42008,Hamme,Normaal,Droog,Dag,met lichtgewonden,3,Fiets,8,Voetganger,Buiten Kruispunt,Gemeenteweg,binnen bebouwde kom,Met een voetganger,Geen hindernis
4506,126,Hamme totem,Hamme,51.1017709,4.1469307,1.07266938264493,51.09510227527587,4.135830750215644,2017,9,14,42008,Hamme,Normaal,Droog,Dag,met lichtgewonden,3,Fiets,9,personenauto,Buiten Kruispunt,Gemeenteweg,binnen bebouwde kom,Tussen 2 bestuurders: Langs achteren,Geen hindernis
4507,126,Hamme totem,Hamme,51.1017709,4.1469307,1.0396231165546255,51.09482652806624,4.156899362853111,2017,9,17,42008,Hamme,Normaal,Droog,Dag,met lichtgewonden,9,personenauto,3,Fiets,Op Kruispunt,Gemeenteweg,binnen bebouwde kom,Tussen 2 bestuurders: Frontale botsing,Geen hindernis
4508,126,Hamme totem,Hamme,51.1017709,4.1469307,0.7960910254738673,51.098692318480275,4.157223896746183,2017,9,7,42008,Hamme,Normaal,"Nat, plassen",Dageraad - schemering,met zwaargewonden,3,Fiets,5,Lichte vrachtauto,Op Kruispunt,Gemeenteweg,binnen bebouwde kom,Tss. 2 best.: langs opzij (voor-/achterkant-flank),Geen hindernis