crash_row_id,site_id,site_name,site_gemeente,site_lat,site_long,distance_km,crash_lat,crash_long,DT_YEAR_COLLISION,DT_MONTH_COLLISION,DT_TIME,CD_NIS,TX_MUNTY_COLLISION_NL,TX_WEATHER_NL,TX_ROAD_CONDITION_NL,TX_LIGHT_CONDITION_NL,TX_CLASS_ACCIDENTS_NL,CD_ROAD_USR_TYPE1,TX_ROAD_USR_TYPE1_NL,CD_ROAD_USR_TYPE2,TX_ROAD_USR_TYPE2_NL,TX_CROSSWAY_NL,CD_ROAD_TYPE_NL,TX_BUILD_UP_AREA_NL,TX_COLLISION_TYPE_NL,TX_OBSTACLES_NL
4509,13,Gent,Gent,51.03018,3.70146,1.7119100049958602,51.02731572578269,3.7255116094185077,2017,10,8,44021,Gent,Onbekend,Onbekend,Onbekend,met lichtgewonden,9,personenauto,3,Fiets,Buiten Kruispunt,Gemeenteweg,onbekend,Tussen 2 bestuurders: Frontale botsing,Geen hindernis
4515,120,Zele teller 1,Zele,51.0607671,4.0547741,1.7946490065697869,51.072888408509414,4.037816189121642,2017,11,9,42028,Zele,Normaal,"Nat, plassen",Dag,met zwaargewonden,3,Fiets,10,"één bestuurder, geen hindernis",Buiten Kruispunt,Gemeenteweg,binnen bebouwde kom,"Eén bestuurder, geen hindernis (incl. val)",Geen hindernis
4515,121,Zele teller 2,Zele,51.0604067,4.0556696,1.8661784463234257,51.072888408509414,4.037816189121642,2017,11,9,42028,Zele,Normaal,"Nat, plassen",Dag,met zwaargewonden,3,Fiets,10,"één bestuurder, geen hindernis",Buiten Kruispunt,Gemeenteweg,binnen bebouwde kom,"Eén bestuurder, geen hindernis (incl. val)",Geen hindernis
4518,120,Zele teller 1,Zele,51.0607671,4.0547741,1.325524137133788,51.069118295518926,4.041238119445568,2017,10,11,42028,Zele,Normaal,Droog,Dag,met lichtgewonden,9,personenauto,3,Fiets,Op Kruispunt,Gemeenteweg,binnen bebouwde kom,Tussen 2 bestuurders: Frontale botsing,Geen hindernis
4518,121,Zele teller 2,Zele,51.0604067,4.0556696,1.398339156144527,51.069118295518926,4.041238119445568,2017,10,11,42028,Zele,Normaal,Droog,Dag,met lichtgewonden,9,personenauto,3,Fiets,Op Kruispunt,Gemeenteweg,binnen bebouwde kom,Tussen 2 bestuurders: Frontale botsing,Geen hindernis
4519,120,Zele teller 1,Zele,51.0607671,4.0547741,1.4606153410346319,51.067675404164326,4.036996535179247,2017,9,15,42028,Zele,Normaal,Droog,Dag,met lichtgewonden,3,Fiets,10,"één bestuurder, geen hindernis",Buiten Kruispunt,Gewestweg,binnen bebouwde kom,"Eén bestuurder, geen hindernis (incl. val)",Geen hindernis
4519,121,Zele teller 2,Zele,51.0604067,4.0556696,1.534920749416371,51.067675404164326,4.036996535179247,2017,9,15,42028,Zele,Normaal,Droog,Dag,met lichtgewonden,3,Fiets,10,"één bestuurder, geen hindernis",Buiten Kruispunt,Gewestweg,binnen bebouwde kom,"Eén bestuurder, geen hindernis (incl. val)",Geen hindernis
4520,120,Zele teller 1,Zele,51.0607671,4.0547741,1.91260948673197,51.06918106337722,4.03090209356224,2017,10,18,42028,Zele,Normaal,Droog,Dag,met lichtgewonden,3,Fiets,2,Andere weggebruiker,Op Kruispunt,Gemeenteweg,binnen bebouwde kom,Tussen 2 bestuurders: Frontale botsing,Geen hindernis
4520,121,Zele teller 2,Zele,51.0604067,4.0556696,1.986802192264055,51.06918106337722,4.03090209356224,2017,10,18,42028,Zele,Normaal,Droog,Dag,met lichtgewonden,3,Fiets,2,Andere weggebruiker,Op Kruispunt,Gemeenteweg,binnen bebouwde kom,Tussen 2 bestuurders: Frontale botsing,Geen hindernis
4550,10,Aalst 2,Aalst,50.93549,4.01571,1.4518093540208743,50.94690613593477,4.025764945360135,2017,10,11,41002,Aalst,Normaal,Droog,Dag,met lichtgewonden,3,Fiets,9,personenauto,Op Kruispunt,Gewestweg,binnen bebouwde kom,Tss. 2 best.: langs opzij (voor-/achterkant-flank),Geen hindernis
4550,11,Aalst 3,Aalst,50.93385,4.01647,1.5911651225835262,50.94690613593477,4.025764945360135,2017,10,11,41002,Aalst,Normaal,Droog,Dag,met lichtgewonden,3,Fiets,9,personenauto,Op Kruispunt,Gewestweg,binnen bebouwde kom,Tss. 2 best.: langs opzij (voor-/achterkant-flank),Geen hindernis
4550,19,Aalst 1,Aalst,50.93433,4.01471,1.5985963312136495,50.94690613593477,4.025764945360135,2017,10,11,41002,Aalst,Normaal,Droog,Dag,met lichtgewonden,3,Fiets,9,personenauto,Op Kruispunt,Gewestweg,binnen bebouwde kom,Tss. 2 best.: langs opzij (voor-/achterkant-flank),Geen hindernis
4551,10,Aalst 2,Aalst,50.93549,4.01571,2.369462222838224,50.94697923955767,3.987228891358562,2017,10,8,41082,Erpe-Mere,Normaal,Droog,Dag,met lichtgewonden,3,Fiets,1,Autobus,Buiten Kruispunt,Gewestweg,onbekend,Tussen 2 bestuurders: Langs achteren,Geen hindernis
4551,19,Aalst 1,Aalst,50.93433,4.01471,2.3845170268996205,50.94697923955767,3.987228891358562,2017,10,8,41082,Erpe-Mere,Normaal,Droog,Dag,met lichtgewonden,3,Fiets,1,Autobus,Buiten Kruispunt,Gewestweg,onbekend,Tussen 2 bestuurders: Langs achteren,Geen hindernis
4553,11,Aalst 3,Aalst,50.93385,4.01647,1.485973253694363,50.933699967775944,4.037673506511438,2017,9,18,41002,Aalst,Normaal,Droog,Dag,met lichtgewonden,3,Fiets,3,Fiets,Buiten Kruispunt,Gemeenteweg,binnen bebouwde kom,Tussen 2 bestuurders: Langs achteren,Geen hindernis
4553,10,Aalst 2,Aalst,50.93549,4.01571,1.551928059629664,50.933699967775944,4.037673506511438,2017,9,18,41002,Aalst,Normaal,Droog,Dag,met lichtgewonden,3,Fiets,3,Fiets,Buiten Kruispunt,Gemeenteweg,binnen bebouwde kom,Tussen 2 bestuurders: Langs achteren,Geen hindernis
4553,19,Aalst 1,Aalst,50.93433,4.01471,1.6107311610702049,50.933699967775944,4.037673506511438,2017,9,18,41002,Aalst,Normaal,Droog,Dag,met lichtgewonden,3,Fiets,3,Fiets,Buiten Kruispunt,Gemeenteweg,binnen bebouwde kom,Tussen 2 bestuurders: Langs achteren,Geen hindernis
4554,10,Aalst 2,Aalst,50.93549,4.01571,1.9072247936469064,50.94163166056608,4.041124140138071,2017,9,8,41002,Aalst,Normaal,Droog,Dag,met lichtgewonden,1,Autobus,3,Fiets,Buiten Kruispunt,Gemeenteweg,binnen bebouwde kom,Tussen 2 bestuurders: Langs achteren,Geen hindernis
4554,11,Aalst 3,Aalst,50.93385,4.01647,1.93212701235496,50.94163166056608,4.041124140138071,2017,9,8,41002,Aalst,Normaal,Droog,Dag,met lichtgewonden,1,Autobus,3,Fiets,Buiten Kruispunt,Gemeenteweg,binnen bebouwde kom,Tussen 2 bestuurders: Langs achteren,Geen hindernis
4554,19,Aalst 1,Aalst,50.93433,4.01471,2.021106076192945,50.94163166056608,4.041124140138071,2017,9,8,41002,Aalst,Normaal,Droog,Dag,met lichtgewonden,1,Autobus,3,Fiets,Buiten Kruispunt,Gemeenteweg,binnen bebouwde kom,Tussen 2 bestuurders: Langs achteren,Geen hindernis
4555,10,Aalst 2,Aalst,50.93549,4.01571,2.360395317444538,50.942937313610045,4.047255595860919,2017,9,12,41002,Aalst,Normaal,Droog,Dag,met lichtgewonden,9,personenauto,3,Fiets,Op Kruispunt,Gemeenteweg,binnen bebouwde kom,Tss. 2 best.: langs opzij (voor-/achterkant-flank),Geen hindernis
4555,11,Aalst 3,Aalst,50.93385,4.01647,2.382085689011885,50.942937313610045,4.047255595860919,2017,9,12,41002,Aalst,Normaal,Droog,Dag,met lichtgewonden,9,personenauto,3,Fiets,Op Kruispunt,Gemeenteweg,binnen bebouwde kom,Tss. 2 best.: langs opzij (voor-/achterkant-flank),Geen hindernis
4555,19,Aalst 1,Aalst,50.93433,4.01471,2.4731611401170785,50.942937313610045,4.047255595860919,2017,9,12,41002,Aalst,Normaal,Droog,Dag,met lichtgewonden,9,personenauto,3,Fiets,Op Kruispunt,Gemeenteweg,binnen bebouwde kom,Tss. 2 best.: langs opzij (voor-/achterkant-flank),Geen hindernis
4556,11,Aalst 3,Aalst,50.93385,4.01647,2.1047281062221552,50.93479525491521,4.0464673553094075,2017,10,16,41002,Aalst,Normaal,Droog,Dag,met lichtgewonden,4,Vrachtwagen,3,Fiets,Op Kruispunt,Gewestweg,binnen bebouwde kom,Tss. 2 best.: langs opzij (voor-/achterkant-flank),Geen hindernis
4556,10,Aalst 2,Aalst,50.93549,4.01571,2.1567059480636437,50.93479525491521,4.0464673553094075,2017,10,16,41002,Aalst,Normaal,Droog,Dag,met lichtgewonden,4,Vrachtwagen,3,Fiets,Op Kruispunt,Gewestweg,binnen bebouwde kom,Tss. 2 best.: langs opzij (voor-/achterkant-flank),Geen hindernis
4556,19,Aalst 1,Aalst,50.93433,4.01471,2.226025943371611,50.93479525491521,4.0464673553094075,2017,10,16,41002,Aalst,Normaal,Droog,Dag,met lichtgewonden,4,Vrachtwagen,3,Fiets,Op Kruispunt,Gewestweg,binnen bebouwde kom,Tss. 2 best.: langs opzij (voor-/achterkant-flank),Geen hindernis
4557,11,Aalst 3,Aalst,50.93385,4.01647,0.9897075774596887,50.932828340143416,4.030499650167748,2017,9,18,41002,Aalst,Normaal,Droog,Dag,met lichtgewonden,9,personenauto,3,Fiets,Buiten Kruispunt,Gewestweg,binnen bebouwde kom,Tss. 2 best.: langs opzij (voor-/achterkant-flank),Geen hindernis
4557,10,Aalst 2,Aalst,50.93549,4.01571,1.0778372621344103,50.932828340143416,4.030499650167748,2017,9,18,41002,Aalst,Normaal,Droog,Dag,met lichtgewonden,9,personenauto,3,Fiets,Buiten Kruispunt,Gewestweg,binnen bebouwde kom,Tss. 2 best.: langs opzij (voor-/achterkant-flank),Geen hindernis
4557,19,Aalst 1,Aalst,50.93433,4.01471,1.1190250584377126,50.932828340143416,4.030499650167748,2017,9,18,41002,Aalst,Normaal,Droog,Dag,met lichtgewonden,9,personenauto,3,Fiets,Buiten Kruispunt,Gewestweg,binnen bebouwde kom,Tss. 2 best.: langs opzij (voor-/achterkant-flank),Geen hindernis
4559,10,Aalst 2,Aalst,50.93549,4.01571,1.930358438323166,50.94892930604439,4.033150057282082,2017,10,20,41002,Aalst,Normaal,"Nat, plassen","Nacht, openbare verlichting aanwezig en ontstoken",met zwaargewonden,9,personenauto,3,Fiets,Buiten Kruispunt,Gewestweg,binnen bebouwde kom,Tss. 2 best.: langs opzij (voor-/achterkant-flank),Geen hindernis
4559,11,Aalst 3,Aalst,50.93385,4.01647,2.0438493449409516,50.94892930604439,4.033150057282082,2017,10,20,41002,Aalst,Normaal,"Nat, plassen","Nacht, openbare verlichting aanwezig en ontstoken",met zwaargewonden,9,personenauto,3,Fiets,Buiten Kruispunt,Gewestweg,binnen bebouwde kom,Tss. 2 best.: langs opzij (voor-/achterkant-flank),Geen hindernis
4559,19,Aalst 1,Aalst,50.93433,4.01471,2.07475492024912,50.94892930604439,4.033150057282082,2017,10,20,41002,Aalst,Normaal,"Nat, plassen","Nacht, openbare verlichting aanwezig en ontstoken",met zwaargewonden,9,personenauto,3,Fiets,Buiten Kruispunt,Gewestweg,binnen bebouwde kom,Tss. 2 best.: langs opzij (voor-/achterkant-flank),Geen hindernis
4560,11,Aalst 3,Aalst,50.93385,4.01647,0.8846099766906221,50.93594438921342,4.028648378144031,2017,9,16,41002,Aalst,Normaal,Droog,Dag,met lichtgewonden,3,Fiets,9,personenauto,Op Kruispunt,Gewestweg,binnen bebouwde kom,Tss. 2 best.: langs opzij (voor-/achterkant-flank),Geen hindernis
4560,10,Aalst 2,Aalst,50.93549,4.01571,0.9080525282035407,50.93594438921342,4.028648378144031,2017,9,16,41002,Aalst,Normaal,Droog,Dag,met lichtgewonden,3,Fiets,9,personenauto,Op Kruispunt,Gewestweg,binnen bebouwde kom,Tss. 2 best.: langs opzij (voor-/achterkant-flank),Geen hindernis
4560,19,Aalst 1,Aalst,50.93433,4.01471,0.9930911791445988,50.93594438921342,4.028648378144031,2017,9,16,41002,Aalst,Normaal,Droog,Dag,met lichtgewonden,3,Fiets,9,personenauto,Op Kruispunt,Gewestweg,binnen bebouwde kom,Tss. 2 best.: langs opzij (voor-/achterkant-flank),Geen hindernis
4561,10,Aalst 2,Aalst,50.93549,4.01571,1.5647744713633638,50.94255253868063,4.035025741538304,2017,10,23,41002,Aalst,Normaal,Droog,"Nacht, openbare verlichting aanwezig en ontstoken",met zwaargewonden,3,Fiets,10,"één bestuurder, geen hindernis",Op Kruispunt,Gemeenteweg,binnen bebouwde kom,"Eén bestuurder, geen hindernis (incl. val)",Geen hindernis
4561,11,Aalst 3,Aalst,50.93385,4.01647,1.6207845100251859,50.94255253868063,4.035025741538304,2017,10,23,41002,Aalst,Normaal,Droog,"Nacht, openbare verlichting aanwezig en ontstoken",met zwaargewonden,3,Fiets,10,"één bestuurder, geen hindernis",Op Kruispunt,Gemeenteweg,binnen bebouwde kom,"Eén bestuurder, geen hindernis (incl. val)",Geen hindernis
4561,19,Aalst 1,Aalst,50.93433,4.01471,1.691855689442705,50.94255253868063,4.035025741538304,2017,10,23,41002,Aalst,Normaal,Droog,"Nacht, openbare verlichting aanwezig en ontstoken",met zwaargewonden,3,Fiets,10,"één bestuurder, geen hindernis",Op Kruispunt,Gemeenteweg,binnen bebouwde kom,"Eén bestuurder, geen hindernis (incl. val)",Geen hindernis
4563,10,Aalst 2,Aalst,50.93549,4.01571,1.0417193842289567,50.941442281325244,4.027190450955084,2017,9,15,41002,Aalst,Normaal,Droog,Dag,met lichtgewonden,9,personenauto,3,Fiets,Op Kruispunt,Gemeenteweg,binnen bebouwde kom,Tss. 2 best.: langs opzij (voor-/achterkant-flank),Geen hindernis
4563,11,Aalst 3,Aalst,50.93385,4.01647,1.1300473703517189,50.941442281325244,4.027190450955084,2017,9,15,41002,Aalst,Normaal,Droog,Dag,met lichtgewonden,9,personenauto,3,Fiets,Op Kruispunt,Gemeenteweg,binnen bebouwde kom,Tss. 2 best.: langs opzij (voor-/achterkant-flank),Geen hindernis
4563,19,Aalst 1,Aalst,50.93433,4.01471,1.1790765559995822,50.941442281325244,4.027190450955084,2017,9,15,41002,Aalst,Normaal,Droog,Dag,met lichtgewonden,9,personenauto,3,Fiets,Op Kruispunt,Gemeenteweg,binnen bebouwde kom,Tss. 2 best.: langs opzij (voor-/achterkant-flank),Geen hindernis
4564,10,Aalst 2,Aalst,50.93549,4.01571,1.269710299139551,50.94591413106764,4.023107137464777,2017,9,13,41002,Aalst,Normaal,Droog,Dag,met lichtgewonden,1,Autobus,3,Fiets,Op Kruispunt,Gewestweg,binnen bebouwde kom,Tss. 2 best.: langs opzij (voor-/achterkant-flank),Geen hindernis
4564,19,Aalst 1,Aalst,50.93433,4.01471,1.4161101531816769,50.94591413106764,4.023107137464777,2017,9,13,41002,Aalst,Normaal,Droog,Dag,met lichtgewonden,1,Autobus,3,Fiets,Op Kruispunt,Gewestweg,binnen bebouwde kom,Tss. 2 best.: langs opzij (voor-/achterkant-flank),Geen hindernis
4564,11,Aalst 3,Aalst,50.93385,4.01647,1.4197935677234463,50.94591413106764,4.023107137464777,2017,9,13,41002,Aalst,Normaal,Droog,Dag,met lichtgewonden,1,Autobus,3,Fiets,Op Kruispunt,Gewestweg,binnen bebouwde kom,Tss. 2 best.: langs opzij (voor-/achterkant-flank),Geen hindernis
4565,10,Aalst 2,Aalst,50.93549,4.01571,1.8586935091132766,50.940840091720695,4.040840676507487,2017,10,14,41002,Aalst,Normaal,Droog,Dag,met lichtgewonden,3,Fiets,9,personenauto,Buiten Kruispunt,Gemeenteweg,buiten bebouwde kom,Tss. 2 best.: langs opzij (voor-/achterkant-flank),Geen hindernis
4565,11,Aalst 3,Aalst,50.93385,4.01647,1.8762616591934171,50.940840091720695,4.040840676507487,2017,10,14,41002,Aalst,Normaal,Droog,Dag,met lichtgewonden,3,Fiets,9,personenauto,Buiten Kruispunt,Gemeenteweg,buiten bebouwde kom,Tss. 2 best.: langs opzij (voor-/achterkant-flank),Geen hindernis
4565,19,Aalst 1,Aalst,50.93433,4.01471,1.9689127904314143,50.940840091720695,4.040840676507487,2017,10,14,41002,Aalst,Normaal,Droog,Dag,met lichtgewonden,3,Fiets,9,personenauto,Buiten Kruispunt,Gemeenteweg,buiten bebouwde kom,Tss. 2 best.: langs opzij (voor-/achterkant-flank),Geen hindernis
4566,10,Aalst 2,Aalst,50.93549,4.01571,1.2650342474268708,50.93881228575451,4.032976421251262,2017,10,11,41002,Aalst,Normaal,Droog,Dag,met lichtgewonden,3,Fiets,3,Fiets,Buiten Kruispunt,Gemeenteweg,binnen bebouwde kom,Tss. 2 best.: langs opzij (voor-/achterkant-flank),Geen hindernis
4566,11,Aalst 3,Aalst,50.93385,4.01647,1.2815303839982497,50.93881228575451,4.032976421251262,2017,10,11,41002,Aalst,Normaal,Droog,Dag,met lichtgewonden,3,Fiets,3,Fiets,Buiten Kruispunt,Gemeenteweg,binnen bebouwde kom,Tss. 2 best.: langs opzij (voor-/achterkant-flank),Geen hindernis
4566,19,Aalst 1,Aalst,50.93433,4.01471,1.3735936691715873,50.93881228575451,4.032976421251262,2017,10,11,41002,Aalst,Normaal,Droog,Dag,met lichtgewonden,3,Fiets,3,Fiets,Buiten Kruispunt,Gemeenteweg,binnen bebouwde kom,Tss. 2 best.: langs opzij (voor-/achterkant-flank),Geen hindernis
4567,11,Aalst 3,Aalst,50.93385,4.01647,2.103171290242975,50.93472246571181,4.046450644414215,2017,11,9,41002,Aalst,Normaal,Droog,Dag,met lichtgewonden,9,personenauto,3,Fiets,Op Kruispunt,Gewestweg,binnen bebouwde kom,Tss. 2 best.: langs opzij (voor-/achterkant-flank),Geen hindernis
4567,10,Aalst 2,Aalst,50.93549,4.01571,2.155842615265017,50.93472246571181,4.046450644414215,2017,11,9,41002,Aalst,Normaal,Droog,Dag,met lichtgewonden,9,personenauto,3,Fiets,Op Kruispunt,Gewestweg,binnen bebouwde kom,Tss. 2 best.: langs opzij (voor-/achterkant-flank),Geen hindernis
4567,19,Aalst 1,Aalst,50.93433,4.01471,2.224683482057337,50.93472246571181,4.046450644414215,2017,11,9,41002,Aalst,Normaal,Droog,Dag,met lichtgewonden,9,personenauto,3,Fiets,Op Kruispunt,Gewestweg,binnen bebouwde kom,Tss. 2 best.: langs opzij (voor-/achterkant-flank),Geen hindernis
4579,122,Dendermonde teller 2,Dendermonde,51.0373918,4.1019222,1.8857866263039267,51.02532466564263,4.082973971404764,2017,9,12,42006,Dendermonde,Normaal,Droog,Dag,met lichtgewonden,5,Lichte vrachtauto,3,Fiets,Op Kruispunt,Gemeenteweg,buiten bebouwde kom,Tussen 2 bestuurders: Frontale botsing,Geen hindernis
4579,125,Dendermonde totem,Dendermonde,51.0372706,4.1025998,1.9099816948459005,51.02532466564263,4.082973971404764,2017,9,12,42006,Dendermonde,Normaal,Droog,Dag,met lichtgewonden,5,Lichte vrachtauto,3,Fiets,Op Kruispunt,Gemeenteweg,buiten bebouwde kom,Tussen 2 bestuurders: Frontale botsing,Geen hindernis
4580,122,Dendermonde teller 2,Dendermonde,51.0373918,4.1019222,0.8221579809612023,51.03168378600968,4.094448682273977,2017,9,10,42006,Dendermonde,Normaal,Droog,Dag,met lichtgewonden,9,personenauto,3,Fiets,Buiten Kruispunt,Gemeenteweg,binnen bebouwde kom,Tss. 2 best.: langs opzij (voor-/achterkant-flank),Geen hindernis
4580,125,Dendermonde totem,Dendermonde,51.0372706,4.1025998,0.8430808421516978,51.03168378600968,4.094448682273977,2017,9,10,42006,Dendermonde,Normaal,Droog,Dag,met lichtgewonden,9,personenauto,3,Fiets,Buiten Kruispunt,Gemeenteweg,binnen bebouwde kom,Tss. 2 best.: langs opzij (voor-/achterkant-flank),Geen hindernis
4583,122,Dendermonde teller 2,Dendermonde,51.0373918,4.1019222,0.6392985380269955,51.042965414956385,4.10416563592096,2017,9,8,42006,Dendermonde,Normaal,Droog,Dag,met lichtgewonden,9,personenauto,3,Fiets,Op Kruispunt,Gewestweg,binnen bebouwde kom,Tussen 2 bestuurders: Frontale botsing,Geen hindernis
4583,125,Dendermonde totem,Dendermonde,51.0372706,4.1025998,0.6426285282912432,51.042965414956385,4.10416563592096,2017,9,8,42006,Dendermonde,Normaal,Droog,Dag,met lichtgewonden,9,personenauto,3,Fiets,Op Kruispunt,Gewestweg,binnen bebouwde kom,Tussen 2 bestuurders: Frontale botsing,Geen hindernis
4586,125,Dendermonde totem,Dendermonde,51.0372706,4.1025998,1.8037629987492165,51.02142871504682,4.108148035766646,2017,10,15,42006,Dendermonde,Normaal,Droog,Dag,met zwaargewonden,3,Fiets,11,een weggebruiker tegen een hindernis,Buiten Kruispunt,Gewestweg,binnen bebouwde kom,Weggebruiker tegen hindernis buiten rijbaan,Andere hindernis
4586,122,Dendermonde teller 2,Dendermonde,51.0373918,4.1019222,1.8276323047143852,51.02142871504682,4.108148035766646,2017,10,15,42006,Dendermonde,Normaal,Droog,Dag,met zwaargewonden,3,Fiets,11,een weggebruiker tegen een hindernis,Buiten Kruispunt,Gewestweg,binnen bebouwde kom,Weggebruiker tegen hindernis buiten rijbaan,Andere hindernis
4587,122,Dendermonde teller 2,Dendermonde,51.0373918,4.1019222,0.6392985380269955,51.042965414956385,4.10416563592096,2017,10,8,42006,Dendermonde,Normaal,Droog,Dageraad - schemering,met lichtgewonden,4,Vrachtwagen,3,Fiets,Op Kruispunt,Gewestweg,binnen bebouwde kom,Tss. 2 best.: langs opzij (voor-/achterkant-flank),Geen hindernis
4587,125,Dendermonde totem,Dendermonde,51.0372706,4.1025998,0.6426285282912432,51.042965414956385,4.10416563592096,2017,10,8,42006,Dendermonde,Normaal,Droog,Dageraad - schemering,met lichtgewonden,4,Vrachtwagen,3,Fiets,Op Kruispunt,Gewestweg,binnen bebouwde kom,Tss. 2 best.: langs opzij (voor-/achterkant-flank),Geen hindernis
4590,125,Dendermonde totem,Dendermonde,51.0372706,4.1025998,1.301869434780083,51.02821410668268,4.11439869276453,2017,10,8,42006,Dendermonde,Normaal,Proper,Dageraad - schemering,met lichtgewonden,9,personenauto,3,Fiets,Op Kruispunt,Gemeenteweg,binnen bebouwde kom,Tss. 2 best.: langs opzij (voor-/achterkant-flank),Geen hindernis
4590,122,Dendermonde teller 2,Dendermonde,51.0373918,4.1019222,1.3426172111039816,51.02821410668268,4.11439869276453,2017,10,8,42006,Dendermonde,Normaal,Proper,Dageraad - schemering,met lichtgewonden,9,personenauto,3,Fiets,Op Kruispunt,Gemeenteweg,binnen bebouwde kom,Tss. 2 best.: langs opzij (voor-/achterkant-flank),Geen hindernis
4592,122,Dendermonde teller 2,Dendermonde,51.0373918,4.1019222,0.061820587917849106,51.03784872163625,4.102425904532823,2017,10,16,42006,Dendermonde,Normaal,Droog,Dag,met lichtgewonden,9,personenauto,3,Fiets,Buiten Kruispunt,Gewestweg,buiten bebouwde kom,Tss. 2 best.: langs opzij (voor-/achterkant-flank),Geen hindernis
4592,125,Dendermonde totem,Dendermonde,51.0372706,4.1025998,0.06542396801974093,51.03784872163625,4.102425904532823,2017,10,16,42006,Dendermonde,Normaal,Droog,Dag,met lichtgewonden,9,personenauto,3,Fiets,Buiten Kruispunt,Gewestweg,buiten bebouwde kom,Tss. 2 best.: langs opzij (voor-/achterkant-flank),Geen hindernis
4593,125,Dendermonde totem,Dendermonde,51.0372706,4.1025998,1.6881879526605,51.025582996229005,4.118008145947608,2017,11,7,42006,Dendermonde,Normaal,Droog,Dag,met lichtgewonden,3,Fiets,9,personenauto,Op Kruispunt,Gemeenteweg,binnen bebouwde kom,Tss. 2 best.: langs opzij (voor-/achterkant-flank),Geen hindernis
4593,122,Dendermonde teller 2,Dendermonde,51.0373918,4.1019222,1.7290300618653955,51.025582996229005,4.118008145947608,2017,11,7,42006,Dendermonde,Normaal,Droog,Dag,met lichtgewonden,3,Fiets,9,personenauto,Op Kruispunt,Gemeenteweg,binnen bebouwde kom,Tss. 2 best.: langs opzij (voor-/achterkant-flank),Geen hindernis
4596,122,Dendermonde teller 2,Dendermonde,51.0373918,4.1019222,0.7004679465347834,51.0434611430275,4.104605348076696,2017,10,13,42006,Dendermonde,Normaal,Droog,Dag,met zwaargewonden,9,personenauto,3,Fiets,Buiten Kruispunt,Gewestweg,binnen bebouwde kom,Tss. 2 best.: langs opzij (voor-/achterkant-flank),Geen hindernis
4596,125,Dendermonde totem,Dendermonde,51.0372706,4.1025998,0.7024935148237599,51.0434611430275,4.104605348076696,2017,10,13,42006,Dendermonde,Normaal,Droog,Dag,met zwaargewonden,9,personenauto,3,Fiets,Buiten Kruispunt,Gewestweg,binnen bebouwde kom,Tss. 2 best.: langs opzij (voor-/achterkant-flank),Geen hindernis
4598,53,Brugge teller 1,Brugge,51.23023,3.228,2.0727272054458514,51.22774667683674,3.1984981663194874,2017,10,16,31005,Brugge,Onbekend,"Vuil (zand, grint, bladeren,...)",Onbekend,met lichtgewonden,3,Fiets,11,een weggebruiker tegen een hindernis,Buiten Kruispunt,Gemeenteweg,binnen bebouwde kom,Weggebruiker tegen hindernis op de rijbaan,"Op de rijbaan: Werken (signal., aarde, toestel,…)"
4598,54,Brugge teller 2,Brugge,51.23015,3.22818,2.0839921933394447,51.22774667683674,3.1984981663194874,2017,10,16,31005,Brugge,Onbekend,"Vuil (zand, grint, bladeren,...)",Onbekend,met lichtgewonden,3,Fiets,11,een weggebruiker tegen een hindernis,Buiten Kruispunt,Gemeenteweg,binnen bebouwde kom,Weggebruiker tegen hindernis op de rijbaan,"Op de rijbaan: Werken (signal., aarde, toestel,…)"
4600,142,TEST Validatie BRUGGE Y2H22022134,Brugge,51.22632,3.24095,1.4926500137972598,51.213756973526884,3.233399125749917,2017,10,10,31005,Brugge,Normaal,Droog,Dag,met lichtgewonden,3,Fiets,9,personenauto,Op Kruispunt,Gemeenteweg,binnen bebouwde kom,Tss. 2 best.: langs opzij (voor-/achterkant-flank),Geen hindernis
4600,52,Brugge,Brugge,51.22632,3.24095,1.4926500137972598,51.213756973526884,3.233399125749917,2017,10,10,31005,Brugge,Normaal,Droog,Dag,met lichtgewonden,3,Fiets,9,personenauto,Op Kruispunt,Gemeenteweg,binnen bebouwde kom,Tss. 2 best.: langs opzij (voor-/achterkant-flank),Geen hindernis
4600,54,Brugge teller 2,Brugge,51.23015,3.22818,1.8587060809086549,51.213756973526884,3.233399125749917,2017,10,10,31005,Brugge,Normaal,Droog,Dag,met lichtgewonden,3,Fiets,9,personenauto,Op Kruispunt,Gemeenteweg,binnen bebouwde kom,Tss. 2 best.: langs opzij (voor-/achterkant-flank),Geen hindernis
4600,53,Brugge teller 1,Brugge,51.23023,3.228,1.8699109808471894,51.213756973526884,3.233399125749917,2017,10,10,31005,Brugge,Normaal,Droog,Dag,met lichtgewonden,3,Fiets,9,personenauto,Op Kruispunt,Gemeenteweg,binnen bebouwde kom,Tss. 2 best.: langs opzij (voor-/achterkant-flank),Geen hindernis
4604,54,Brugge teller 2,Brugge,51.23015,3.22818,0.41586132897561057,51.22962244987114,3.234092731581914,2017,9,14,31005,Brugge,Normaal,Droog,Dag,met lichtgewonden,3,Fiets,3,Fiets,Buiten Kruispunt,Gemeenteweg,binnen bebouwde kom,Tussen 2 bestuurders: Frontale botsing,Geen hindernis
4604,53,Brugge teller 1,Brugge,51.23023,3.228,0.42958150802859224,51.22962244987114,3.234092731581914,2017,9,14,31005,Brugge,Normaal,Droog,Dag,met lichtgewonden,3,Fiets,3,Fiets,Buiten Kruispunt,Gemeenteweg,binnen bebouwde kom,Tussen 2 bestuurders: Frontale botsing,Geen hindernis
4604,52,Brugge,Brugge,51.22632,3.24095,0.602366288424867,51.22962244987114,3.234092731581914,2017,9,14,31005,Brugge,Normaal,Droog,Dag,met lichtgewonden,3,Fiets,3,Fiets,Buiten Kruispunt,Gemeenteweg,binnen bebouwde kom,Tussen 2 bestuurders: Frontale botsing,Geen hindernis