crash_row_id,site_id,site_name,site_gemeente,site_lat,site_long,distance_km,crash_lat,crash_long,DT_YEAR_COLLISION,DT_MONTH_COLLISION,DT_TIME,CD_NIS,TX_MUNTY_COLLISION_NL,TX_WEATHER_NL,TX_ROAD_CONDITION_NL,TX_LIGHT_CONDITION_NL,TX_CLASS_ACCIDENTS_NL,CD_ROAD_USR_TYPE1,TX_ROAD_USR_TYPE1_NL,CD_ROAD_USR_TYPE2,TX_ROAD_USR_TYPE2_NL,TX_CROSSWAY_NL,CD_ROAD_TYPE_NL,TX_BUILD_UP_AREA_NL,TX_COLLISION_TYPE_NL,TX_OBSTACLES_NL
4604,142,TEST Validatie BRUGGE Y2H22022134,Brugge,51.22632,3.24095,0.602366288424867,51.22962244987114,3.234092731581914,2017,9,14,31005,Brugge,Normaal,Droog,Dag,met lichtgewonden,3,Fiets,3,Fiets,Buiten Kruispunt,Gemeenteweg,binnen bebouwde kom,Tussen 2 bestuurders: Frontale botsing,Geen hindernis
4607,142,TEST Validatie BRUGGE Y2H22022134,Brugge,51.22632,3.24095,1.8581345632112491,51.210529706453194,3.232218356937201,2017,9,13,31005,Brugge,Normaal,Droog,Dag,met lichtgewonden,3,Fiets,8,Voetganger,Buiten Kruispunt,Gemeenteweg,binnen bebouwde kom,Met een voetganger,Geen hindernis
4607,52,Brugge,Brugge,51.22632,3.24095,1.8581345632112491,51.210529706453194,3.232218356937201,2017,9,13,31005,Brugge,Normaal,Droog,Dag,met lichtgewonden,3,Fiets,8,Voetganger,Buiten Kruispunt,Gemeenteweg,binnen bebouwde kom,Met een voetganger,Geen hindernis
4607,54,Brugge teller 2,Brugge,51.23015,3.22818,2.1997308776772346,51.210529706453194,3.232218356937201,2017,9,13,31005,Brugge,Normaal,Droog,Dag,met lichtgewonden,3,Fiets,8,Voetganger,Buiten Kruispunt,Gemeenteweg,binnen bebouwde kom,Met een voetganger,Geen hindernis
4607,53,Brugge teller 1,Brugge,51.23023,3.228,2.210185096986857,51.210529706453194,3.232218356937201,2017,9,13,31005,Brugge,Normaal,Droog,Dag,met lichtgewonden,3,Fiets,8,Voetganger,Buiten Kruispunt,Gemeenteweg,binnen bebouwde kom,Met een voetganger,Geen hindernis
4608,20,Brugge,Brugge,51.17416,3.20048,1.6179463815053068,51.18808036500804,3.1937228937137534,2017,9,20,31005,Brugge,Normaal,Droog,"Nacht, openbare verlichting aanwezig en ontstoken",met lichtgewonden,9,personenauto,3,Fiets,Op Kruispunt,Gemeenteweg,binnen bebouwde kom,Tss. 2 best.: langs opzij (voor-/achterkant-flank),Geen hindernis
4608,51,"Brugge, Sint-Andries",Brugge,51.19281,3.16252,2.2372102673512013,51.18808036500804,3.1937228937137534,2017,9,20,31005,Brugge,Normaal,Droog,"Nacht, openbare verlichting aanwezig en ontstoken",met lichtgewonden,9,personenauto,3,Fiets,Op Kruispunt,Gemeenteweg,binnen bebouwde kom,Tss. 2 best.: langs opzij (voor-/achterkant-flank),Geen hindernis
4608,50,"Brugge, Sint-Andries",Brugge,51.19291,3.16252,2.23984796317169,51.18808036500804,3.1937228937137534,2017,9,20,31005,Brugge,Normaal,Droog,"Nacht, openbare verlichting aanwezig en ontstoken",met lichtgewonden,9,personenauto,3,Fiets,Op Kruispunt,Gemeenteweg,binnen bebouwde kom,Tss. 2 best.: langs opzij (voor-/achterkant-flank),Geen hindernis
4615,54,Brugge teller 2,Brugge,51.23015,3.22818,2.1236469909965705,51.211708698371,3.220250050502501,2017,10,19,31005,Brugge,Normaal,Droog,Dageraad - schemering,met lichtgewonden,9,personenauto,3,Fiets,Buiten Kruispunt,Gewestweg,binnen bebouwde kom,Tss. 2 best.: langs opzij (voor-/achterkant-flank),Geen hindernis
4615,53,Brugge teller 1,Brugge,51.23023,3.228,2.129025185853408,51.211708698371,3.220250050502501,2017,10,19,31005,Brugge,Normaal,Droog,Dageraad - schemering,met lichtgewonden,9,personenauto,3,Fiets,Buiten Kruispunt,Gewestweg,binnen bebouwde kom,Tss. 2 best.: langs opzij (voor-/achterkant-flank),Geen hindernis
4615,52,Brugge,Brugge,51.22632,3.24095,2.172116733383022,51.211708698371,3.220250050502501,2017,10,19,31005,Brugge,Normaal,Droog,Dageraad - schemering,met lichtgewonden,9,personenauto,3,Fiets,Buiten Kruispunt,Gewestweg,binnen bebouwde kom,Tss. 2 best.: langs opzij (voor-/achterkant-flank),Geen hindernis
4615,142,TEST Validatie BRUGGE Y2H22022134,Brugge,51.22632,3.24095,2.172116733383022,51.211708698371,3.220250050502501,2017,10,19,31005,Brugge,Normaal,Droog,Dageraad - schemering,met lichtgewonden,9,personenauto,3,Fiets,Buiten Kruispunt,Gewestweg,binnen bebouwde kom,Tss. 2 best.: langs opzij (voor-/achterkant-flank),Geen hindernis
4616,53,Brugge teller 1,Brugge,51.23023,3.228,0.26194554879113074,51.232390954156145,3.2294979010003506,2017,9,8,31005,Brugge,Normaal,Droog,Dag,met lichtgewonden,9,personenauto,3,Fiets,Op Kruispunt,Gewestweg,binnen bebouwde kom,Tss. 2 best.: langs opzij (voor-/achterkant-flank),Geen hindernis
4616,54,Brugge teller 2,Brugge,51.23015,3.22818,0.2655417362500083,51.232390954156145,3.2294979010003506,2017,9,8,31005,Brugge,Normaal,Droog,Dag,met lichtgewonden,9,personenauto,3,Fiets,Op Kruispunt,Gewestweg,binnen bebouwde kom,Tss. 2 best.: langs opzij (voor-/achterkant-flank),Geen hindernis
4616,52,Brugge,Brugge,51.22632,3.24095,1.0447875499796597,51.232390954156145,3.2294979010003506,2017,9,8,31005,Brugge,Normaal,Droog,Dag,met lichtgewonden,9,personenauto,3,Fiets,Op Kruispunt,Gewestweg,binnen bebouwde kom,Tss. 2 best.: langs opzij (voor-/achterkant-flank),Geen hindernis
4616,142,TEST Validatie BRUGGE Y2H22022134,Brugge,51.22632,3.24095,1.0447875499796597,51.232390954156145,3.2294979010003506,2017,9,8,31005,Brugge,Normaal,Droog,Dag,met lichtgewonden,9,personenauto,3,Fiets,Op Kruispunt,Gewestweg,binnen bebouwde kom,Tss. 2 best.: langs opzij (voor-/achterkant-flank),Geen hindernis
4618,20,Brugge,Brugge,51.17416,3.20048,1.9982011183161008,51.18525690870289,3.2230276436269802,2017,10,16,31005,Brugge,Normaal,Droog,Dag,met lichtgewonden,9,personenauto,3,Fiets,Op Kruispunt,Gewestweg,binnen bebouwde kom,Tss. 2 best.: langs opzij (voor-/achterkant-flank),Geen hindernis
4619,50,"Brugge, Sint-Andries",Brugge,51.19291,3.16252,1.8219715231264748,51.198464293431215,3.187119003499781,2017,10,14,31005,Brugge,Normaal,Droog+Proper,Dag,met lichtgewonden,9,personenauto,3,Fiets,Buiten Kruispunt,Gewestweg,binnen bebouwde kom,Tss. 2 best.: langs opzij (voor-/achterkant-flank),Geen hindernis
4619,51,"Brugge, Sint-Andries",Brugge,51.19281,3.16252,1.8257725087706367,51.198464293431215,3.187119003499781,2017,10,14,31005,Brugge,Normaal,Droog+Proper,Dag,met lichtgewonden,9,personenauto,3,Fiets,Buiten Kruispunt,Gewestweg,binnen bebouwde kom,Tss. 2 best.: langs opzij (voor-/achterkant-flank),Geen hindernis
4621,50,"Brugge, Sint-Andries",Brugge,51.19291,3.16252,1.9670528164405112,51.19888684972433,3.18908923320773,2017,10,16,31005,Brugge,Normaal,Droog,Dag,met lichtgewonden,9,personenauto,3,Fiets,Op Kruispunt,Gewestweg,binnen bebouwde kom,Tss. 2 best.: langs opzij (voor-/achterkant-flank),Geen hindernis
4621,51,"Brugge, Sint-Andries",Brugge,51.19281,3.16252,1.9708393620998743,51.19888684972433,3.18908923320773,2017,10,16,31005,Brugge,Normaal,Droog,Dag,met lichtgewonden,9,personenauto,3,Fiets,Op Kruispunt,Gewestweg,binnen bebouwde kom,Tss. 2 best.: langs opzij (voor-/achterkant-flank),Geen hindernis
4622,54,Brugge teller 2,Brugge,51.23015,3.22818,1.8624629661939813,51.215142516205205,3.2163039924153978,2017,9,17,31005,Brugge,Normaal,Droog,Dag,met lichtgewonden,9,personenauto,3,Fiets,Op Kruispunt,Gewestweg,binnen bebouwde kom,Tss. 2 best.: langs opzij (voor-/achterkant-flank),Geen hindernis
4622,53,Brugge teller 1,Brugge,51.23023,3.228,1.86492832957968,51.215142516205205,3.2163039924153978,2017,9,17,31005,Brugge,Normaal,Droog,Dag,met lichtgewonden,9,personenauto,3,Fiets,Op Kruispunt,Gewestweg,binnen bebouwde kom,Tss. 2 best.: langs opzij (voor-/achterkant-flank),Geen hindernis
4622,52,Brugge,Brugge,51.22632,3.24095,2.1191794631096856,51.215142516205205,3.2163039924153978,2017,9,17,31005,Brugge,Normaal,Droog,Dag,met lichtgewonden,9,personenauto,3,Fiets,Op Kruispunt,Gewestweg,binnen bebouwde kom,Tss. 2 best.: langs opzij (voor-/achterkant-flank),Geen hindernis
4622,142,TEST Validatie BRUGGE Y2H22022134,Brugge,51.22632,3.24095,2.1191794631096856,51.215142516205205,3.2163039924153978,2017,9,17,31005,Brugge,Normaal,Droog,Dag,met lichtgewonden,9,personenauto,3,Fiets,Op Kruispunt,Gewestweg,binnen bebouwde kom,Tss. 2 best.: langs opzij (voor-/achterkant-flank),Geen hindernis
4624,142,TEST Validatie BRUGGE Y2H22022134,Brugge,51.22632,3.24095,2.4061569907396927,51.20771111602442,3.22331905834103,2017,9,19,31005,Brugge,Normaal,Droog,"Nacht, openbare verlichting aanwezig en ontstoken",met lichtgewonden,3,Fiets,8,Voetganger,Buiten Kruispunt,Gewestweg,binnen bebouwde kom,Met een voetganger,Geen hindernis
4624,52,Brugge,Brugge,51.22632,3.24095,2.4061569907396927,51.20771111602442,3.22331905834103,2017,9,19,31005,Brugge,Normaal,Droog,"Nacht, openbare verlichting aanwezig en ontstoken",met lichtgewonden,3,Fiets,8,Voetganger,Buiten Kruispunt,Gewestweg,binnen bebouwde kom,Met een voetganger,Geen hindernis
4627,142,TEST Validatie BRUGGE Y2H22022134,Brugge,51.22632,3.24095,1.5761664441209824,51.212253692656624,3.238155264582447,2017,9,8,31005,Brugge,Onbekend,Droog,Dag,met lichtgewonden,3,Fiets,5,Lichte vrachtauto,Buiten Kruispunt,Gewestweg,binnen bebouwde kom,Tss. 2 best.: langs opzij (voor-/achterkant-flank),Geen hindernis
4627,52,Brugge,Brugge,51.22632,3.24095,1.5761664441209824,51.212253692656624,3.238155264582447,2017,9,8,31005,Brugge,Onbekend,Droog,Dag,met lichtgewonden,3,Fiets,5,Lichte vrachtauto,Buiten Kruispunt,Gewestweg,binnen bebouwde kom,Tss. 2 best.: langs opzij (voor-/achterkant-flank),Geen hindernis
4627,54,Brugge teller 2,Brugge,51.23015,3.22818,2.1077557555925157,51.212253692656624,3.238155264582447,2017,9,8,31005,Brugge,Onbekend,Droog,Dag,met lichtgewonden,3,Fiets,5,Lichte vrachtauto,Buiten Kruispunt,Gewestweg,binnen bebouwde kom,Tss. 2 best.: langs opzij (voor-/achterkant-flank),Geen hindernis
4627,53,Brugge teller 1,Brugge,51.23023,3.228,2.120304507174205,51.212253692656624,3.238155264582447,2017,9,8,31005,Brugge,Onbekend,Droog,Dag,met lichtgewonden,3,Fiets,5,Lichte vrachtauto,Buiten Kruispunt,Gewestweg,binnen bebouwde kom,Tss. 2 best.: langs opzij (voor-/achterkant-flank),Geen hindernis
4628,51,"Brugge, Sint-Andries",Brugge,51.19281,3.16252,1.2687978075670128,51.18218754347619,3.1558715347526483,2017,9,17,31005,Brugge,Normaal,Droog,Dag,met lichtgewonden,9,personenauto,3,Fiets,Op Kruispunt,Gemeenteweg,binnen bebouwde kom,Tussen 2 bestuurders: Langs achteren,Geen hindernis
4628,50,"Brugge, Sint-Andries",Brugge,51.19291,3.16252,1.2791555520750157,51.18218754347619,3.1558715347526483,2017,9,17,31005,Brugge,Normaal,Droog,Dag,met lichtgewonden,9,personenauto,3,Fiets,Op Kruispunt,Gemeenteweg,binnen bebouwde kom,Tussen 2 bestuurders: Langs achteren,Geen hindernis
4629,142,TEST Validatie BRUGGE Y2H22022134,Brugge,51.22632,3.24095,1.9697780029951384,51.20861644456672,3.2419502948018297,2017,9,8,31005,Brugge,Normaal,Droog,Dag,met lichtgewonden,7,Motorfiets,3,Fiets,Op Kruispunt,Gemeenteweg,binnen bebouwde kom,Tss. 2 best.: langs opzij (voor-/achterkant-flank),Geen hindernis
4629,52,Brugge,Brugge,51.22632,3.24095,1.9697780029951384,51.20861644456672,3.2419502948018297,2017,9,8,31005,Brugge,Normaal,Droog,Dag,met lichtgewonden,7,Motorfiets,3,Fiets,Op Kruispunt,Gemeenteweg,binnen bebouwde kom,Tss. 2 best.: langs opzij (voor-/achterkant-flank),Geen hindernis
4630,142,TEST Validatie BRUGGE Y2H22022134,Brugge,51.22632,3.24095,2.2436049910595064,51.20886921272306,3.224779394427989,2017,9,17,31005,Brugge,Normaal,Droog,Dag,met lichtgewonden,3,Fiets,3,Fiets,Buiten Kruispunt,Gewestweg,binnen bebouwde kom,Tussen 2 bestuurders: Frontale botsing,Geen hindernis
4630,52,Brugge,Brugge,51.22632,3.24095,2.2436049910595064,51.20886921272306,3.224779394427989,2017,9,17,31005,Brugge,Normaal,Droog,Dag,met lichtgewonden,3,Fiets,3,Fiets,Buiten Kruispunt,Gewestweg,binnen bebouwde kom,Tussen 2 bestuurders: Frontale botsing,Geen hindernis
4630,54,Brugge teller 2,Brugge,51.23015,3.22818,2.3781382157973634,51.20886921272306,3.224779394427989,2017,9,17,31005,Brugge,Normaal,Droog,Dag,met lichtgewonden,3,Fiets,3,Fiets,Buiten Kruispunt,Gewestweg,binnen bebouwde kom,Tussen 2 bestuurders: Frontale botsing,Geen hindernis
4630,53,Brugge teller 1,Brugge,51.23023,3.228,2.3857784998716616,51.20886921272306,3.224779394427989,2017,9,17,31005,Brugge,Normaal,Droog,Dag,met lichtgewonden,3,Fiets,3,Fiets,Buiten Kruispunt,Gewestweg,binnen bebouwde kom,Tussen 2 bestuurders: Frontale botsing,Geen hindernis
4632,53,Brugge teller 1,Brugge,51.23023,3.228,1.479838041309204,51.22015827305902,3.214109261710906,2017,9,12,31005,Brugge,Normaal,Droog,Dag,met lichtgewonden,9,personenauto,3,Fiets,Buiten Kruispunt,Gewestweg,binnen bebouwde kom,Tss. 2 best.: langs opzij (voor-/achterkant-flank),Geen hindernis
4632,54,Brugge teller 2,Brugge,51.23015,3.22818,1.4813789438300586,51.22015827305902,3.214109261710906,2017,9,12,31005,Brugge,Normaal,Droog,Dag,met lichtgewonden,9,personenauto,3,Fiets,Buiten Kruispunt,Gewestweg,binnen bebouwde kom,Tss. 2 best.: langs opzij (voor-/achterkant-flank),Geen hindernis
4632,52,Brugge,Brugge,51.22632,3.24095,1.9908045842744317,51.22015827305902,3.214109261710906,2017,9,12,31005,Brugge,Normaal,Droog,Dag,met lichtgewonden,9,personenauto,3,Fiets,Buiten Kruispunt,Gewestweg,binnen bebouwde kom,Tss. 2 best.: langs opzij (voor-/achterkant-flank),Geen hindernis
4632,142,TEST Validatie BRUGGE Y2H22022134,Brugge,51.22632,3.24095,1.9908045842744317,51.22015827305902,3.214109261710906,2017,9,12,31005,Brugge,Normaal,Droog,Dag,met lichtgewonden,9,personenauto,3,Fiets,Buiten Kruispunt,Gewestweg,binnen bebouwde kom,Tss. 2 best.: langs opzij (voor-/achterkant-flank),Geen hindernis
4634,142,TEST Validatie BRUGGE Y2H22022134,Brugge,51.22632,3.24095,2.280509089835364,51.20912947530703,3.2230925573835694,2017,9,8,31005,Brugge,Normaal,Droog,Dag,met lichtgewonden,9,personenauto,3,Fiets,Buiten Kruispunt,Gewestweg,binnen bebouwde kom,Tussen 2 bestuurders: Langs achteren,Geen hindernis
4634,52,Brugge,Brugge,51.22632,3.24095,2.280509089835364,51.20912947530703,3.2230925573835694,2017,9,8,31005,Brugge,Normaal,Droog,Dag,met lichtgewonden,9,personenauto,3,Fiets,Buiten Kruispunt,Gewestweg,binnen bebouwde kom,Tussen 2 bestuurders: Langs achteren,Geen hindernis
4634,54,Brugge teller 2,Brugge,51.23015,3.22818,2.3640782310920447,51.20912947530703,3.2230925573835694,2017,9,8,31005,Brugge,Normaal,Droog,Dag,met lichtgewonden,9,personenauto,3,Fiets,Buiten Kruispunt,Gewestweg,binnen bebouwde kom,Tussen 2 bestuurders: Langs achteren,Geen hindernis
4634,53,Brugge teller 1,Brugge,51.23023,3.228,2.371034180983987,51.20912947530703,3.2230925573835694,2017,9,8,31005,Brugge,Normaal,Droog,Dag,met lichtgewonden,9,personenauto,3,Fiets,Buiten Kruispunt,Gewestweg,binnen bebouwde kom,Tussen 2 bestuurders: Langs achteren,Geen hindernis
4639,20,Brugge,Brugge,51.17416,3.20048,2.0228904177609266,51.18544521358506,3.223241932752244,2017,9,7,31005,Brugge,Normaal,"Nat, plassen",Dageraad - schemering,met lichtgewonden,3,Fiets,9,personenauto,Op Kruispunt,Gewestweg,binnen bebouwde kom,Tss. 2 best.: langs opzij (voor-/achterkant-flank),Geen hindernis
4641,142,TEST Validatie BRUGGE Y2H22022134,Brugge,51.22632,3.24095,1.6936217388727455,51.211449459585765,3.246209839178036,2017,11,13,31005,Brugge,Normaal,Droog,Dag,met lichtgewonden,3,Fiets,9,personenauto,Op Kruispunt,Gemeenteweg,binnen bebouwde kom,Tss. 2 best.: langs opzij (voor-/achterkant-flank),Geen hindernis
4641,52,Brugge,Brugge,51.22632,3.24095,1.6936217388727455,51.211449459585765,3.246209839178036,2017,11,13,31005,Brugge,Normaal,Droog,Dag,met lichtgewonden,3,Fiets,9,personenauto,Op Kruispunt,Gemeenteweg,binnen bebouwde kom,Tss. 2 best.: langs opzij (voor-/achterkant-flank),Geen hindernis
4641,54,Brugge teller 2,Brugge,51.23015,3.22818,2.429119161247761,51.211449459585765,3.246209839178036,2017,11,13,31005,Brugge,Normaal,Droog,Dag,met lichtgewonden,3,Fiets,9,personenauto,Op Kruispunt,Gemeenteweg,binnen bebouwde kom,Tss. 2 best.: langs opzij (voor-/achterkant-flank),Geen hindernis
4641,53,Brugge teller 1,Brugge,51.23023,3.228,2.443221267360555,51.211449459585765,3.246209839178036,2017,11,13,31005,Brugge,Normaal,Droog,Dag,met lichtgewonden,3,Fiets,9,personenauto,Op Kruispunt,Gemeenteweg,binnen bebouwde kom,Tss. 2 best.: langs opzij (voor-/achterkant-flank),Geen hindernis
4642,142,TEST Validatie BRUGGE Y2H22022134,Brugge,51.22632,3.24095,2.155331617771477,51.209864042727425,3.2245969438236135,2017,10,8,31005,Brugge,Normaal,Droog,Dag,met lichtgewonden,8,Voetganger,3,Fiets,Buiten Kruispunt,Gewestweg,binnen bebouwde kom,Met een voetganger,Geen hindernis
4642,52,Brugge,Brugge,51.22632,3.24095,2.155331617771477,51.209864042727425,3.2245969438236135,2017,10,8,31005,Brugge,Normaal,Droog,Dag,met lichtgewonden,8,Voetganger,3,Fiets,Buiten Kruispunt,Gewestweg,binnen bebouwde kom,Met een voetganger,Geen hindernis
4642,54,Brugge teller 2,Brugge,51.23015,3.22818,2.269456615514127,51.209864042727425,3.2245969438236135,2017,10,8,31005,Brugge,Normaal,Droog,Dag,met lichtgewonden,8,Voetganger,3,Fiets,Buiten Kruispunt,Gewestweg,binnen bebouwde kom,Met een voetganger,Geen hindernis
4642,53,Brugge teller 1,Brugge,51.23023,3.228,2.276959479983959,51.209864042727425,3.2245969438236135,2017,10,8,31005,Brugge,Normaal,Droog,Dag,met lichtgewonden,8,Voetganger,3,Fiets,Buiten Kruispunt,Gewestweg,binnen bebouwde kom,Met een voetganger,Geen hindernis
4643,54,Brugge teller 2,Brugge,51.23015,3.22818,2.3792886843502496,51.21014079778176,3.2160749472222405,2017,10,1,31005,Brugge,Normaal,Droog,"Nacht, openbare verlichting aanwezig en ontstoken",met lichtgewonden,3,Fiets,9,personenauto,Buiten Kruispunt,Gemeenteweg,binnen bebouwde kom,Tss. 2 best.: langs opzij (voor-/achterkant-flank),Geen hindernis
4643,53,Brugge teller 1,Brugge,51.23023,3.228,2.383211413344102,51.21014079778176,3.2160749472222405,2017,10,1,31005,Brugge,Normaal,Droog,"Nacht, openbare verlichting aanwezig en ontstoken",met lichtgewonden,3,Fiets,9,personenauto,Buiten Kruispunt,Gemeenteweg,binnen bebouwde kom,Tss. 2 best.: langs opzij (voor-/achterkant-flank),Geen hindernis
4643,52,Brugge,Brugge,51.22632,3.24095,2.497614104555998,51.21014079778176,3.2160749472222405,2017,10,1,31005,Brugge,Normaal,Droog,"Nacht, openbare verlichting aanwezig en ontstoken",met lichtgewonden,3,Fiets,9,personenauto,Buiten Kruispunt,Gemeenteweg,binnen bebouwde kom,Tss. 2 best.: langs opzij (voor-/achterkant-flank),Geen hindernis
4643,142,TEST Validatie BRUGGE Y2H22022134,Brugge,51.22632,3.24095,2.497614104555998,51.21014079778176,3.2160749472222405,2017,10,1,31005,Brugge,Normaal,Droog,"Nacht, openbare verlichting aanwezig en ontstoken",met lichtgewonden,3,Fiets,9,personenauto,Buiten Kruispunt,Gemeenteweg,binnen bebouwde kom,Tss. 2 best.: langs opzij (voor-/achterkant-flank),Geen hindernis
4674,20,Brugge,Brugge,51.17416,3.20048,2.387179573947551,51.16931821606231,3.2338383850111234,2017,10,8,31022,Oostkamp,Normaal,Droog,Dag,met lichtgewonden,9,personenauto,3,Fiets,Buiten Kruispunt,Gewestweg,buiten bebouwde kom,Tussen 2 bestuurders: Frontale botsing,Geen hindernis
4686,15,Oostende 2,Oostende,51.21371,2.92743,1.334821309798459,51.220535849625854,2.911664883363902,2017,9,17,35013,Oostende,Regenval,"Nat, plassen",Dag,met lichtgewonden,3,Fiets,6,Bromfiets,Buiten Kruispunt,Gemeenteweg,binnen bebouwde kom,Tussen 2 bestuurders: Langs achteren,Geen hindernis
4686,18,Oostende 1,Oostende,51.21378,2.92765,1.3430843912038595,51.220535849625854,2.911664883363902,2017,9,17,35013,Oostende,Regenval,"Nat, plassen",Dag,met lichtgewonden,3,Fiets,6,Bromfiets,Buiten Kruispunt,Gemeenteweg,binnen bebouwde kom,Tussen 2 bestuurders: Langs achteren,Geen hindernis
4688,18,Oostende 1,Oostende,51.21378,2.92765,0.623144179818286,51.21726022739268,2.934662295211887,2017,10,10,35013,Oostende,Normaal,Droog,Dag,met lichtgewonden,9,personenauto,3,Fiets,Op Kruispunt,Gewestweg,binnen bebouwde kom,Tss. 2 best.: langs opzij (voor-/achterkant-flank),Geen hindernis
4688,15,Oostende 2,Oostende,51.21371,2.92743,0.6399977802905509,51.21726022739268,2.934662295211887,2017,10,10,35013,Oostende,Normaal,Droog,Dag,met lichtgewonden,9,personenauto,3,Fiets,Op Kruispunt,Gewestweg,binnen bebouwde kom,Tss. 2 best.: langs opzij (voor-/achterkant-flank),Geen hindernis
4689,15,Oostende 2,Oostende,51.21371,2.92743,1.6881696855466573,51.22555324901333,2.912263881623672,2017,10,9,35013,Oostende,Normaal,Droog,Dag,met lichtgewonden,9,personenauto,3,Fiets,Buiten Kruispunt,Gewestweg,binnen bebouwde kom,Tss. 2 best.: langs opzij (voor-/achterkant-flank),Geen hindernis
4689,18,Oostende 1,Oostende,51.21378,2.92765,1.6917675836815498,51.22555324901333,2.912263881623672,2017,10,9,35013,Oostende,Normaal,Droog,Dag,met lichtgewonden,9,personenauto,3,Fiets,Buiten Kruispunt,Gewestweg,binnen bebouwde kom,Tss. 2 best.: langs opzij (voor-/achterkant-flank),Geen hindernis
4690,15,Oostende 2,Oostende,51.21371,2.92743,1.2065167942262818,51.21930066240562,2.9125838718678834,2017,9,16,35013,Oostende,Normaal,Droog,Dag,met lichtgewonden,9,personenauto,3,Fiets,Buiten Kruispunt,Gemeenteweg,binnen bebouwde kom,Tss. 2 best.: langs opzij (voor-/achterkant-flank),Geen hindernis
4690,18,Oostende 1,Oostende,51.21378,2.92765,1.2157253695890995,51.21930066240562,2.9125838718678834,2017,9,16,35013,Oostende,Normaal,Droog,Dag,met lichtgewonden,9,personenauto,3,Fiets,Buiten Kruispunt,Gemeenteweg,binnen bebouwde kom,Tss. 2 best.: langs opzij (voor-/achterkant-flank),Geen hindernis
4691,15,Oostende 2,Oostende,51.21371,2.92743,1.5507033121661138,51.22459161938643,2.9135044826600036,2017,10,18,35013,Oostende,Normaal,Droog,Dag,met lichtgewonden,9,personenauto,3,Fiets,Op Kruispunt,Gemeenteweg,binnen bebouwde kom,Tss. 2 best.: langs opzij (voor-/achterkant-flank),Geen hindernis
4691,18,Oostende 1,Oostende,51.21378,2.92765,1.554303445937869,51.22459161938643,2.9135044826600036,2017,10,18,35013,Oostende,Normaal,Droog,Dag,met lichtgewonden,9,personenauto,3,Fiets,Op Kruispunt,Gemeenteweg,binnen bebouwde kom,Tss. 2 best.: langs opzij (voor-/achterkant-flank),Geen hindernis
4692,15,Oostende 2,Oostende,51.21371,2.92743,1.3566682275641464,51.216665451500326,2.9085323356382196,2017,10,16,35013,Oostende,Normaal,Droog,Dag,met lichtgewonden,9,personenauto,3,Fiets,Op Kruispunt,Gemeenteweg,binnen bebouwde kom,Tussen 2 bestuurders: Frontale botsing,Geen hindernis
4692,18,Oostende 1,Oostende,51.21378,2.92765,1.3696952098757775,51.216665451500326,2.9085323356382196,2017,10,16,35013,Oostende,Normaal,Droog,Dag,met lichtgewonden,9,personenauto,3,Fiets,Op Kruispunt,Gemeenteweg,binnen bebouwde kom,Tussen 2 bestuurders: Frontale botsing,Geen hindernis
4693,15,Oostende 2,Oostende,51.21371,2.92743,1.5578051508625104,51.199722636614744,2.928691606696375,2017,10,16,35013,Oostende,Normaal,Droog,Dag,met lichtgewonden,9,personenauto,3,Fiets,Buiten Kruispunt,Gemeenteweg,binnen bebouwde kom,Tss. 2 best.: langs opzij (voor-/achterkant-flank),Geen hindernis
4693,18,Oostende 1,Oostende,51.21378,2.92765,1.5647908759306335,51.199722636614744,2.928691606696375,2017,10,16,35013,Oostende,Normaal,Droog,Dag,met lichtgewonden,9,personenauto,3,Fiets,Buiten Kruispunt,Gemeenteweg,binnen bebouwde kom,Tss. 2 best.: langs opzij (voor-/achterkant-flank),Geen hindernis
4694,15,Oostende 2,Oostende,51.21371,2.92743,1.4767663461092804,51.213472221065665,2.906232125004382,2017,9,18,35013,Oostende,Normaal,Droog,Dag,met lichtgewonden,3,Fiets,6,Bromfiets,Buiten Kruispunt,Gewestweg,binnen bebouwde kom,Tussen 2 bestuurders: Langs achteren,Geen hindernis
4694,18,Oostende 1,Oostende,51.21378,2.92765,1.492245014685341,51.213472221065665,2.906232125004382,2017,9,18,35013,Oostende,Normaal,Droog,Dag,met lichtgewonden,3,Fiets,6,Bromfiets,Buiten Kruispunt,Gewestweg,binnen bebouwde kom,Tussen 2 bestuurders: Langs achteren,Geen hindernis
4695,15,Oostende 2,Oostende,51.21371,2.92743,2.124595279352273,51.216888157009,2.897351934082272,2017,9,13,35013,Oostende,Normaal,Droog,Dag,met lichtgewonden,9,personenauto,3,Fiets,Buiten Kruispunt,Gemeenteweg,binnen bebouwde kom,Tss. 2 best.: langs opzij (voor-/achterkant-flank),Geen hindernis
4695,18,Oostende 1,Oostende,51.21378,2.92765,2.1384334214276213,51.216888157009,2.897351934082272,2017,9,13,35013,Oostende,Normaal,Droog,Dag,met lichtgewonden,9,personenauto,3,Fiets,Buiten Kruispunt,Gemeenteweg,binnen bebouwde kom,Tss. 2 best.: langs opzij (voor-/achterkant-flank),Geen hindernis
4696,15,Oostende 2,Oostende,51.21371,2.92743,1.4599013892488557,51.21711366604171,2.9071866021599444,2017,9,8,35013,Oostende,Normaal,Droog,Dag,met lichtgewonden,3,Fiets,6,Bromfiets,Buiten Kruispunt,Gewestweg,binnen bebouwde kom,Tussen 2 bestuurders: Langs achteren,Geen hindernis