crash_row_id,site_id,site_name,site_gemeente,site_lat,site_long,distance_km,crash_lat,crash_long,DT_YEAR_COLLISION,DT_MONTH_COLLISION,DT_TIME,CD_NIS,TX_MUNTY_COLLISION_NL,TX_WEATHER_NL,TX_ROAD_CONDITION_NL,TX_LIGHT_CONDITION_NL,TX_CLASS_ACCIDENTS_NL,CD_ROAD_USR_TYPE1,TX_ROAD_USR_TYPE1_NL,CD_ROAD_USR_TYPE2,TX_ROAD_USR_TYPE2_NL,TX_CROSSWAY_NL,CD_ROAD_TYPE_NL,TX_BUILD_UP_AREA_NL,TX_COLLISION_TYPE_NL,TX_OBSTACLES_NL
4696,18,Oostende 1,Oostende,51.21378,2.92765,1.4727268308604995,51.21711366604171,2.9071866021599444,2017,9,8,35013,Oostende,Normaal,Droog,Dag,met lichtgewonden,3,Fiets,6,Bromfiets,Buiten Kruispunt,Gewestweg,binnen bebouwde kom,Tussen 2 bestuurders: Langs achteren,Geen hindernis
4703,55,Torhout teller 1,Torhout,51.07161,3.08261,2.1952251799026135,51.06070323781712,3.1087959315656817,2017,10,8,31033,Torhout,Normaal,Droog,Dag,met lichtgewonden,3,Fiets,9,personenauto,Buiten Kruispunt,Gemeenteweg,binnen bebouwde kom,Tss. 2 best.: langs opzij (voor-/achterkant-flank),Geen hindernis
4703,56,Torhout teller 2,Torhout,51.07147,3.08244,2.196615830412785,51.06070323781712,3.1087959315656817,2017,10,8,31033,Torhout,Normaal,Droog,Dag,met lichtgewonden,3,Fiets,9,personenauto,Buiten Kruispunt,Gemeenteweg,binnen bebouwde kom,Tss. 2 best.: langs opzij (voor-/achterkant-flank),Geen hindernis
4704,56,Torhout teller 2,Torhout,51.07147,3.08244,1.8358260245720248,51.06076468743949,3.1024405985590593,2017,10,12,31033,Torhout,Normaal,Droog,Dag,met lichtgewonden,3,Fiets,9,personenauto,Op Kruispunt,Gewestweg,binnen bebouwde kom,Tss. 2 best.: langs opzij (voor-/achterkant-flank),Geen hindernis
4704,55,Torhout teller 1,Torhout,51.07161,3.08261,1.8369791136979587,51.06076468743949,3.1024405985590593,2017,10,12,31033,Torhout,Normaal,Droog,Dag,met lichtgewonden,3,Fiets,9,personenauto,Op Kruispunt,Gewestweg,binnen bebouwde kom,Tss. 2 best.: langs opzij (voor-/achterkant-flank),Geen hindernis
4705,55,Torhout teller 1,Torhout,51.07161,3.08261,1.9536408745133726,51.08591426531134,3.0988483325263614,2017,10,16,31033,Torhout,Normaal,Droog,Dag,met lichtgewonden,3,Fiets,5,Lichte vrachtauto,Op Kruispunt,Gemeenteweg,binnen bebouwde kom,Tss. 2 best.: langs opzij (voor-/achterkant-flank),Geen hindernis
4705,56,Torhout teller 2,Torhout,51.07147,3.08244,1.9732118984124698,51.08591426531134,3.0988483325263614,2017,10,16,31033,Torhout,Normaal,Droog,Dag,met lichtgewonden,3,Fiets,5,Lichte vrachtauto,Op Kruispunt,Gemeenteweg,binnen bebouwde kom,Tss. 2 best.: langs opzij (voor-/achterkant-flank),Geen hindernis
4706,56,Torhout teller 2,Torhout,51.07147,3.08244,1.5591742512543951,51.05940276175133,3.093803652794374,2017,9,18,31033,Torhout,Normaal,Droog,Dag,met lichtgewonden,9,personenauto,3,Fiets,Buiten Kruispunt,Gemeenteweg,buiten bebouwde kom,Tussen 2 bestuurders: Langs achteren,Geen hindernis
4706,55,Torhout teller 1,Torhout,51.07161,3.08261,1.566625877886882,51.05940276175133,3.093803652794374,2017,9,18,31033,Torhout,Normaal,Droog,Dag,met lichtgewonden,9,personenauto,3,Fiets,Buiten Kruispunt,Gemeenteweg,buiten bebouwde kom,Tussen 2 bestuurders: Langs achteren,Geen hindernis
4707,56,Torhout teller 2,Torhout,51.07147,3.08244,0.1463762270221473,51.07212937364643,3.0806267484780663,2017,10,14,31033,Torhout,Normaal,Droog,Dag,met lichtgewonden,9,personenauto,3,Fiets,Op Kruispunt,Gewestweg,binnen bebouwde kom,Tussen 2 bestuurders: Frontale botsing,Geen hindernis
4707,55,Torhout teller 1,Torhout,51.07161,3.08261,0.15012054273816502,51.07212937364643,3.0806267484780663,2017,10,14,31033,Torhout,Normaal,Droog,Dag,met lichtgewonden,9,personenauto,3,Fiets,Op Kruispunt,Gewestweg,binnen bebouwde kom,Tussen 2 bestuurders: Frontale botsing,Geen hindernis
4715,84,Roeselare totem,Izegem,50.91717,3.18772,1.5455079438906765,50.91815215598665,3.2097116531218326,2017,10,16,36008,Izegem,Normaal,Droog,Dag,met lichtgewonden,9,personenauto,3,Fiets,Buiten Kruispunt,Gemeenteweg,binnen bebouwde kom,Tussen 2 bestuurders: Langs achteren,Geen hindernis
4719,84,Roeselare totem,Izegem,50.91717,3.18772,1.908250621065866,50.91567833783891,3.214837566048194,2017,9,17,36008,Izegem,Normaal,Proper,Dag,met lichtgewonden,9,personenauto,3,Fiets,Buiten Kruispunt,Gemeenteweg,binnen bebouwde kom,Tss. 2 best.: langs opzij (voor-/achterkant-flank),Geen hindernis
4727,84,Roeselare totem,Izegem,50.91717,3.18772,1.554493334395833,50.908453228911405,3.2050546930182353,2017,10,8,36008,Izegem,Normaal,Droog,Dageraad - schemering,met lichtgewonden,6,Bromfiets,3,Fiets,Op Kruispunt,Gemeenteweg,binnen bebouwde kom,Tss. 2 best.: langs opzij (voor-/achterkant-flank),Geen hindernis
4728,84,Roeselare totem,Izegem,50.91717,3.18772,2.1478751427436515,50.917915628776285,3.218336656745482,2017,9,2,36008,Izegem,Normaal,Droog,"Nacht, openbare verlichting aanwezig en ontstoken",met lichtgewonden,9,personenauto,3,Fiets,Buiten Kruispunt,Gemeenteweg,binnen bebouwde kom,Tussen 2 bestuurders: Langs achteren,Geen hindernis
4729,59,Ardooie teller 1,Ardooie,50.96784,3.18479,1.5504243411174772,50.97256860932883,3.2056197583464896,2017,9,7,37020,Ardooie,Regenval,"Nat, plassen",Dageraad - schemering,met lichtgewonden,3,Fiets,6,Bromfiets,Op Kruispunt,Gemeenteweg,buiten bebouwde kom,Tss. 2 best.: langs opzij (voor-/achterkant-flank),Geen hindernis
4729,60,Ardooie teller 2,Ardooie,50.96783,3.18411,1.5956664123823772,50.97256860932883,3.2056197583464896,2017,9,7,37020,Ardooie,Regenval,"Nat, plassen",Dageraad - schemering,met lichtgewonden,3,Fiets,6,Bromfiets,Op Kruispunt,Gemeenteweg,buiten bebouwde kom,Tss. 2 best.: langs opzij (voor-/achterkant-flank),Geen hindernis
4742,61,Wervik teller 2,Wervik,50.80555,3.0921,1.3174703573979292,50.799871953244626,3.1085545105536965,2017,11,7,34027,Menen,Normaal,Droog,Dag,met zwaargewonden,5,Lichte vrachtauto,3,Fiets,Op Kruispunt,Gewestweg,binnen bebouwde kom,Tss. 2 best.: langs opzij (voor-/achterkant-flank),Geen hindernis
4742,62,Wervik teller 1,Wervik,50.8058,3.09154,1.365341051592993,50.799871953244626,3.1085545105536965,2017,11,7,34027,Menen,Normaal,Droog,Dag,met zwaargewonden,5,Lichte vrachtauto,3,Fiets,Op Kruispunt,Gewestweg,binnen bebouwde kom,Tss. 2 best.: langs opzij (voor-/achterkant-flank),Geen hindernis
4745,143,Eco Display Classic Budastraat,Kortrijk,50.83066,3.26286,0.7748485440437747,50.83083700245395,3.2518308913619127,2017,10,15,34022,Kortrijk,Normaal,Droog,Dag,met lichtgewonden,3,Fiets,9,personenauto,Buiten Kruispunt,Gewestweg,binnen bebouwde kom,Tss. 2 best.: langs opzij (voor-/achterkant-flank),Geen hindernis
4745,75,Kortrijk teller 2,Kortrijk,50.81925,3.25731,1.3446673596420489,50.83083700245395,3.2518308913619127,2017,10,15,34022,Kortrijk,Normaal,Droog,Dag,met lichtgewonden,3,Fiets,9,personenauto,Buiten Kruispunt,Gewestweg,binnen bebouwde kom,Tss. 2 best.: langs opzij (voor-/achterkant-flank),Geen hindernis
4745,74,Kortrijk teller 1,Kortrijk,50.81909,3.25728,1.3611299413636273,50.83083700245395,3.2518308913619127,2017,10,15,34022,Kortrijk,Normaal,Droog,Dag,met lichtgewonden,3,Fiets,9,personenauto,Buiten Kruispunt,Gewestweg,binnen bebouwde kom,Tss. 2 best.: langs opzij (voor-/achterkant-flank),Geen hindernis
4745,17,Kortrijk 2,Kortrijk,50.83339,3.27773,1.8409178204070364,50.83083700245395,3.2518308913619127,2017,10,15,34022,Kortrijk,Normaal,Droog,Dag,met lichtgewonden,3,Fiets,9,personenauto,Buiten Kruispunt,Gewestweg,binnen bebouwde kom,Tss. 2 best.: langs opzij (voor-/achterkant-flank),Geen hindernis
4745,16,Kortrijk 1,Kortrijk,50.83332,3.27777,1.8425124003022535,50.83083700245395,3.2518308913619127,2017,10,15,34022,Kortrijk,Normaal,Droog,Dag,met lichtgewonden,3,Fiets,9,personenauto,Buiten Kruispunt,Gewestweg,binnen bebouwde kom,Tss. 2 best.: langs opzij (voor-/achterkant-flank),Geen hindernis
4746,17,Kortrijk 2,Kortrijk,50.83339,3.27773,0.11038192698848902,50.83415444204025,3.278732722839238,2017,9,12,34022,Kortrijk,Normaal,Droog,Dag,met lichtgewonden,9,personenauto,3,Fiets,Op Kruispunt,Gewestweg,binnen bebouwde kom,Tss. 2 best.: langs opzij (voor-/achterkant-flank),Geen hindernis
4746,16,Kortrijk 1,Kortrijk,50.83332,3.27777,0.11480538623213633,50.83415444204025,3.278732722839238,2017,9,12,34022,Kortrijk,Normaal,Droog,Dag,met lichtgewonden,9,personenauto,3,Fiets,Op Kruispunt,Gewestweg,binnen bebouwde kom,Tss. 2 best.: langs opzij (voor-/achterkant-flank),Geen hindernis
4746,143,Eco Display Classic Budastraat,Kortrijk,50.83066,3.26286,1.1805167615579848,50.83415444204025,3.278732722839238,2017,9,12,34022,Kortrijk,Normaal,Droog,Dag,met lichtgewonden,9,personenauto,3,Fiets,Op Kruispunt,Gewestweg,binnen bebouwde kom,Tss. 2 best.: langs opzij (voor-/achterkant-flank),Geen hindernis
4746,75,Kortrijk teller 2,Kortrijk,50.81925,3.25731,2.2384695034173494,50.83415444204025,3.278732722839238,2017,9,12,34022,Kortrijk,Normaal,Droog,Dag,met lichtgewonden,9,personenauto,3,Fiets,Op Kruispunt,Gewestweg,binnen bebouwde kom,Tss. 2 best.: langs opzij (voor-/achterkant-flank),Geen hindernis
4746,74,Kortrijk teller 1,Kortrijk,50.81909,3.25728,2.2530837335687495,50.83415444204025,3.278732722839238,2017,9,12,34022,Kortrijk,Normaal,Droog,Dag,met lichtgewonden,9,personenauto,3,Fiets,Op Kruispunt,Gewestweg,binnen bebouwde kom,Tss. 2 best.: langs opzij (voor-/achterkant-flank),Geen hindernis
4747,143,Eco Display Classic Budastraat,Kortrijk,50.83066,3.26286,0.8231460170249169,50.82389623458806,3.267623059749595,2017,9,11,34022,Kortrijk,Regenval,"Nat, plassen",Dag,met lichtgewonden,9,personenauto,3,Fiets,Buiten Kruispunt,Gewestweg,binnen bebouwde kom,Tss. 2 best.: langs opzij (voor-/achterkant-flank),Geen hindernis
4747,75,Kortrijk teller 2,Kortrijk,50.81925,3.25731,0.8898000286672901,50.82389623458806,3.267623059749595,2017,9,11,34022,Kortrijk,Regenval,"Nat, plassen",Dag,met lichtgewonden,9,personenauto,3,Fiets,Buiten Kruispunt,Gewestweg,binnen bebouwde kom,Tss. 2 best.: langs opzij (voor-/achterkant-flank),Geen hindernis
4747,74,Kortrijk teller 1,Kortrijk,50.81909,3.25728,0.9019442626664183,50.82389623458806,3.267623059749595,2017,9,11,34022,Kortrijk,Regenval,"Nat, plassen",Dag,met lichtgewonden,9,personenauto,3,Fiets,Buiten Kruispunt,Gewestweg,binnen bebouwde kom,Tss. 2 best.: langs opzij (voor-/achterkant-flank),Geen hindernis
4747,16,Kortrijk 1,Kortrijk,50.83332,3.27777,1.267259594003868,50.82389623458806,3.267623059749595,2017,9,11,34022,Kortrijk,Regenval,"Nat, plassen",Dag,met lichtgewonden,9,personenauto,3,Fiets,Buiten Kruispunt,Gewestweg,binnen bebouwde kom,Tss. 2 best.: langs opzij (voor-/achterkant-flank),Geen hindernis
4747,17,Kortrijk 2,Kortrijk,50.83339,3.27773,1.272133158633872,50.82389623458806,3.267623059749595,2017,9,11,34022,Kortrijk,Regenval,"Nat, plassen",Dag,met lichtgewonden,9,personenauto,3,Fiets,Buiten Kruispunt,Gewestweg,binnen bebouwde kom,Tss. 2 best.: langs opzij (voor-/achterkant-flank),Geen hindernis
4748,74,Kortrijk teller 1,Kortrijk,50.81909,3.25728,1.6303876506053987,50.8119374293387,3.2370218181501955,2017,9,7,34022,Kortrijk,Normaal,Droog,Dag,met lichtgewonden,3,Fiets,6,Bromfiets,Op Kruispunt,Gemeenteweg,binnen bebouwde kom,Tss. 2 best.: langs opzij (voor-/achterkant-flank),Geen hindernis
4748,75,Kortrijk teller 2,Kortrijk,50.81925,3.25731,1.64096831560464,50.8119374293387,3.2370218181501955,2017,9,7,34022,Kortrijk,Normaal,Droog,Dag,met lichtgewonden,3,Fiets,6,Bromfiets,Op Kruispunt,Gemeenteweg,binnen bebouwde kom,Tss. 2 best.: langs opzij (voor-/achterkant-flank),Geen hindernis
4749,75,Kortrijk teller 2,Kortrijk,50.81925,3.25731,1.1351353239851951,50.82172207224976,3.272988109466895,2017,9,17,34022,Kortrijk,Normaal,Droog,Dag,met lichtgewonden,9,personenauto,3,Fiets,Op Kruispunt,Gemeenteweg,binnen bebouwde kom,Tss. 2 best.: langs opzij (voor-/achterkant-flank),Geen hindernis
4749,74,Kortrijk teller 1,Kortrijk,50.81909,3.25728,1.141613038261736,50.82172207224976,3.272988109466895,2017,9,17,34022,Kortrijk,Normaal,Droog,Dag,met lichtgewonden,9,personenauto,3,Fiets,Op Kruispunt,Gemeenteweg,binnen bebouwde kom,Tss. 2 best.: langs opzij (voor-/achterkant-flank),Geen hindernis
4749,143,Eco Display Classic Budastraat,Kortrijk,50.83066,3.26286,1.2222177806332037,50.82172207224976,3.272988109466895,2017,9,17,34022,Kortrijk,Normaal,Droog,Dag,met lichtgewonden,9,personenauto,3,Fiets,Op Kruispunt,Gemeenteweg,binnen bebouwde kom,Tss. 2 best.: langs opzij (voor-/achterkant-flank),Geen hindernis
4749,16,Kortrijk 1,Kortrijk,50.83332,3.27777,1.3326489822013659,50.82172207224976,3.272988109466895,2017,9,17,34022,Kortrijk,Normaal,Droog,Dag,met lichtgewonden,9,personenauto,3,Fiets,Op Kruispunt,Gemeenteweg,binnen bebouwde kom,Tss. 2 best.: langs opzij (voor-/achterkant-flank),Geen hindernis
4749,17,Kortrijk 2,Kortrijk,50.83339,3.27773,1.3394814139806137,50.82172207224976,3.272988109466895,2017,9,17,34022,Kortrijk,Normaal,Droog,Dag,met lichtgewonden,9,personenauto,3,Fiets,Op Kruispunt,Gemeenteweg,binnen bebouwde kom,Tss. 2 best.: langs opzij (voor-/achterkant-flank),Geen hindernis
4750,16,Kortrijk 1,Kortrijk,50.83332,3.27777,1.1519557835151049,50.82314041171705,3.2808157556374415,2017,9,21,34022,Kortrijk,Normaal,Droog,"Nacht, openbare verlichting aanwezig en ontstoken",met lichtgewonden,9,personenauto,3,Fiets,Op Kruispunt,Gemeenteweg,binnen bebouwde kom,Tss. 2 best.: langs opzij (voor-/achterkant-flank),Geen hindernis
4750,17,Kortrijk 2,Kortrijk,50.83339,3.27773,1.1601264754417269,50.82314041171705,3.2808157556374415,2017,9,21,34022,Kortrijk,Normaal,Droog,"Nacht, openbare verlichting aanwezig en ontstoken",met lichtgewonden,9,personenauto,3,Fiets,Op Kruispunt,Gemeenteweg,binnen bebouwde kom,Tss. 2 best.: langs opzij (voor-/achterkant-flank),Geen hindernis
4750,143,Eco Display Classic Budastraat,Kortrijk,50.83066,3.26286,1.51317396767604,50.82314041171705,3.2808157556374415,2017,9,21,34022,Kortrijk,Normaal,Droog,"Nacht, openbare verlichting aanwezig en ontstoken",met lichtgewonden,9,personenauto,3,Fiets,Op Kruispunt,Gemeenteweg,binnen bebouwde kom,Tss. 2 best.: langs opzij (voor-/achterkant-flank),Geen hindernis
4750,75,Kortrijk teller 2,Kortrijk,50.81925,3.25731,1.7069255418094684,50.82314041171705,3.2808157556374415,2017,9,21,34022,Kortrijk,Normaal,Droog,"Nacht, openbare verlichting aanwezig en ontstoken",met lichtgewonden,9,personenauto,3,Fiets,Op Kruispunt,Gemeenteweg,binnen bebouwde kom,Tss. 2 best.: langs opzij (voor-/achterkant-flank),Geen hindernis
4750,74,Kortrijk teller 1,Kortrijk,50.81909,3.25728,1.7135569221611668,50.82314041171705,3.2808157556374415,2017,9,21,34022,Kortrijk,Normaal,Droog,"Nacht, openbare verlichting aanwezig en ontstoken",met lichtgewonden,9,personenauto,3,Fiets,Op Kruispunt,Gemeenteweg,binnen bebouwde kom,Tss. 2 best.: langs opzij (voor-/achterkant-flank),Geen hindernis
4751,143,Eco Display Classic Budastraat,Kortrijk,50.83066,3.26286,0.3832826591223333,50.82857268330591,3.26720288050552,2017,9,11,34022,Kortrijk,Normaal,Droog,Dag,met lichtgewonden,3,Fiets,8,Voetganger,Buiten Kruispunt,Gemeenteweg,binnen bebouwde kom,Met een voetganger,Geen hindernis
4751,16,Kortrijk 1,Kortrijk,50.83332,3.27777,0.9107357713049213,50.82857268330591,3.26720288050552,2017,9,11,34022,Kortrijk,Normaal,Droog,Dag,met lichtgewonden,3,Fiets,8,Voetganger,Buiten Kruispunt,Gemeenteweg,binnen bebouwde kom,Met een voetganger,Geen hindernis
4751,17,Kortrijk 2,Kortrijk,50.83339,3.27773,0.9129924002609279,50.82857268330591,3.26720288050552,2017,9,11,34022,Kortrijk,Normaal,Droog,Dag,met lichtgewonden,3,Fiets,8,Voetganger,Buiten Kruispunt,Gemeenteweg,binnen bebouwde kom,Met een voetganger,Geen hindernis
4751,75,Kortrijk teller 2,Kortrijk,50.81925,3.25731,1.2479979995722514,50.82857268330591,3.26720288050552,2017,9,11,34022,Kortrijk,Normaal,Droog,Dag,met lichtgewonden,3,Fiets,8,Voetganger,Buiten Kruispunt,Gemeenteweg,binnen bebouwde kom,Met een voetganger,Geen hindernis
4751,74,Kortrijk teller 1,Kortrijk,50.81909,3.25728,1.2639763727063205,50.82857268330591,3.26720288050552,2017,9,11,34022,Kortrijk,Normaal,Droog,Dag,met lichtgewonden,3,Fiets,8,Voetganger,Buiten Kruispunt,Gemeenteweg,binnen bebouwde kom,Met een voetganger,Geen hindernis
4752,143,Eco Display Classic Budastraat,Kortrijk,50.83066,3.26286,1.8692051257369477,50.837626081440156,3.2386363483554566,2017,10,8,34022,Kortrijk,Normaal,"Nat, plassen",Dageraad - schemering,met lichtgewonden,8,Voetganger,3,Fiets,Buiten Kruispunt,Gemeenteweg,binnen bebouwde kom,Met een voetganger,Geen hindernis
4752,75,Kortrijk teller 2,Kortrijk,50.81925,3.25731,2.4280374227487203,50.837626081440156,3.2386363483554566,2017,10,8,34022,Kortrijk,Normaal,"Nat, plassen",Dageraad - schemering,met lichtgewonden,8,Voetganger,3,Fiets,Buiten Kruispunt,Gemeenteweg,binnen bebouwde kom,Met een voetganger,Geen hindernis
4752,74,Kortrijk teller 1,Kortrijk,50.81909,3.25728,2.441899243733446,50.837626081440156,3.2386363483554566,2017,10,8,34022,Kortrijk,Normaal,"Nat, plassen",Dageraad - schemering,met lichtgewonden,8,Voetganger,3,Fiets,Buiten Kruispunt,Gemeenteweg,binnen bebouwde kom,Met een voetganger,Geen hindernis
4753,143,Eco Display Classic Budastraat,Kortrijk,50.83066,3.26286,0.5414027942163224,50.827028460860106,3.2577253554905727,2017,10,18,34022,Kortrijk,Normaal,Droog,Dag,met lichtgewonden,3,Fiets,9,personenauto,Op Kruispunt,Gewestweg,binnen bebouwde kom,Tss. 2 best.: langs opzij (voor-/achterkant-flank),Geen hindernis
4753,75,Kortrijk teller 2,Kortrijk,50.81925,3.25731,0.8654173357711167,50.827028460860106,3.2577253554905727,2017,10,18,34022,Kortrijk,Normaal,Droog,Dag,met lichtgewonden,3,Fiets,9,personenauto,Op Kruispunt,Gewestweg,binnen bebouwde kom,Tss. 2 best.: langs opzij (voor-/achterkant-flank),Geen hindernis
4753,74,Kortrijk teller 1,Kortrijk,50.81909,3.25728,0.8832707412315477,50.827028460860106,3.2577253554905727,2017,10,18,34022,Kortrijk,Normaal,Droog,Dag,met lichtgewonden,3,Fiets,9,personenauto,Op Kruispunt,Gewestweg,binnen bebouwde kom,Tss. 2 best.: langs opzij (voor-/achterkant-flank),Geen hindernis
4753,16,Kortrijk 1,Kortrijk,50.83332,3.27777,1.5720413406981473,50.827028460860106,3.2577253554905727,2017,10,18,34022,Kortrijk,Normaal,Droog,Dag,met lichtgewonden,3,Fiets,9,personenauto,Op Kruispunt,Gewestweg,binnen bebouwde kom,Tss. 2 best.: langs opzij (voor-/achterkant-flank),Geen hindernis
4753,17,Kortrijk 2,Kortrijk,50.83339,3.27773,1.5730099367206674,50.827028460860106,3.2577253554905727,2017,10,18,34022,Kortrijk,Normaal,Droog,Dag,met lichtgewonden,3,Fiets,9,personenauto,Op Kruispunt,Gewestweg,binnen bebouwde kom,Tss. 2 best.: langs opzij (voor-/achterkant-flank),Geen hindernis
4755,17,Kortrijk 2,Kortrijk,50.83339,3.27773,2.31803174401575,50.853399979318766,3.286988725366681,2017,9,16,34023,Kuurne,Normaal,Droog,Dag,met lichtgewonden,9,personenauto,3,Fiets,Buiten Kruispunt,Gemeenteweg,binnen bebouwde kom,Tss. 2 best.: langs opzij (voor-/achterkant-flank),Geen hindernis
4755,16,Kortrijk 1,Kortrijk,50.83332,3.27777,2.3247206403855896,50.853399979318766,3.286988725366681,2017,9,16,34023,Kuurne,Normaal,Droog,Dag,met lichtgewonden,9,personenauto,3,Fiets,Buiten Kruispunt,Gemeenteweg,binnen bebouwde kom,Tss. 2 best.: langs opzij (voor-/achterkant-flank),Geen hindernis
4756,17,Kortrijk 2,Kortrijk,50.83339,3.27773,1.414550839274432,50.844344466430854,3.267488060411931,2017,10,15,34022,Kortrijk,Normaal,Droog,Dag,met lichtgewonden,9,personenauto,3,Fiets,Buiten Kruispunt,Gewestweg,binnen bebouwde kom,Tussen 2 bestuurders: Langs achteren,Geen hindernis
4756,16,Kortrijk 1,Kortrijk,50.83332,3.27777,1.4226825606499018,50.844344466430854,3.267488060411931,2017,10,15,34022,Kortrijk,Normaal,Droog,Dag,met lichtgewonden,9,personenauto,3,Fiets,Buiten Kruispunt,Gewestweg,binnen bebouwde kom,Tussen 2 bestuurders: Langs achteren,Geen hindernis
4756,143,Eco Display Classic Budastraat,Kortrijk,50.83066,3.26286,1.555962028636259,50.844344466430854,3.267488060411931,2017,10,15,34022,Kortrijk,Normaal,Droog,Dag,met lichtgewonden,9,personenauto,3,Fiets,Buiten Kruispunt,Gewestweg,binnen bebouwde kom,Tussen 2 bestuurders: Langs achteren,Geen hindernis
4757,143,Eco Display Classic Budastraat,Kortrijk,50.83066,3.26286,0.5987357246494336,50.83210325731223,3.254646742797995,2017,8,14,34022,Kortrijk,Normaal,Droog,Dag,met lichtgewonden,5,Lichte vrachtauto,3,Fiets,Op Kruispunt,Gewestweg,binnen bebouwde kom,Tss. 2 best.: langs opzij (voor-/achterkant-flank),Geen hindernis
4757,75,Kortrijk teller 2,Kortrijk,50.81925,3.25731,1.4414073695012015,50.83210325731223,3.254646742797995,2017,8,14,34022,Kortrijk,Normaal,Droog,Dag,met lichtgewonden,5,Lichte vrachtauto,3,Fiets,Op Kruispunt,Gewestweg,binnen bebouwde kom,Tss. 2 best.: langs opzij (voor-/achterkant-flank),Geen hindernis
4757,74,Kortrijk teller 1,Kortrijk,50.81909,3.25728,1.4587812907405784,50.83210325731223,3.254646742797995,2017,8,14,34022,Kortrijk,Normaal,Droog,Dag,met lichtgewonden,5,Lichte vrachtauto,3,Fiets,Op Kruispunt,Gewestweg,binnen bebouwde kom,Tss. 2 best.: langs opzij (voor-/achterkant-flank),Geen hindernis
4757,17,Kortrijk 2,Kortrijk,50.83339,3.27773,1.6274202875803823,50.83210325731223,3.254646742797995,2017,8,14,34022,Kortrijk,Normaal,Droog,Dag,met lichtgewonden,5,Lichte vrachtauto,3,Fiets,Op Kruispunt,Gewestweg,binnen bebouwde kom,Tss. 2 best.: langs opzij (voor-/achterkant-flank),Geen hindernis
4757,16,Kortrijk 1,Kortrijk,50.83332,3.27777,1.6295551094834044,50.83210325731223,3.254646742797995,2017,8,14,34022,Kortrijk,Normaal,Droog,Dag,met lichtgewonden,5,Lichte vrachtauto,3,Fiets,Op Kruispunt,Gewestweg,binnen bebouwde kom,Tss. 2 best.: langs opzij (voor-/achterkant-flank),Geen hindernis
4758,17,Kortrijk 2,Kortrijk,50.83339,3.27773,1.3028447934414829,50.842630160930035,3.266322030777167,2017,9,6,34022,Kortrijk,Normaal,Droog,"Nacht, openbare verlichting aanwezig en ontstoken",met lichtgewonden,2,Andere weggebruiker,3,Fiets,Op Kruispunt,Gewestweg,binnen bebouwde kom,Tss. 2 best.: langs opzij (voor-/achterkant-flank),Geen hindernis
4758,16,Kortrijk 1,Kortrijk,50.83332,3.27777,1.310713161694388,50.842630160930035,3.266322030777167,2017,9,6,34022,Kortrijk,Normaal,Droog,"Nacht, openbare verlichting aanwezig en ontstoken",met lichtgewonden,2,Andere weggebruiker,3,Fiets,Op Kruispunt,Gewestweg,binnen bebouwde kom,Tss. 2 best.: langs opzij (voor-/achterkant-flank),Geen hindernis
4758,143,Eco Display Classic Budastraat,Kortrijk,50.83066,3.26286,1.353041906283961,50.842630160930035,3.266322030777167,2017,9,6,34022,Kortrijk,Normaal,Droog,"Nacht, openbare verlichting aanwezig en ontstoken",met lichtgewonden,2,Andere weggebruiker,3,Fiets,Op Kruispunt,Gewestweg,binnen bebouwde kom,Tss. 2 best.: langs opzij (voor-/achterkant-flank),Geen hindernis
4759,16,Kortrijk 1,Kortrijk,50.83332,3.27777,1.1573864941232481,50.82294348642788,3.2764765701721563,2017,10,12,34022,Kortrijk,Normaal,Droog,Dag,met lichtgewonden,3,Fiets,2,Andere weggebruiker,Buiten Kruispunt,Gewestweg,binnen bebouwde kom,Tss. 2 best.: langs opzij (voor-/achterkant-flank),Geen hindernis
4759,17,Kortrijk 2,Kortrijk,50.83339,3.27773,1.1649305966556995,50.82294348642788,3.2764765701721563,2017,10,12,34022,Kortrijk,Normaal,Droog,Dag,met lichtgewonden,3,Fiets,2,Andere weggebruiker,Buiten Kruispunt,Gewestweg,binnen bebouwde kom,Tss. 2 best.: langs opzij (voor-/achterkant-flank),Geen hindernis
4759,143,Eco Display Classic Budastraat,Kortrijk,50.83066,3.26286,1.2848865750114902,50.82294348642788,3.2764765701721563,2017,10,12,34022,Kortrijk,Normaal,Droog,Dag,met lichtgewonden,3,Fiets,2,Andere weggebruiker,Buiten Kruispunt,Gewestweg,binnen bebouwde kom,Tss. 2 best.: langs opzij (voor-/achterkant-flank),Geen hindernis
4759,75,Kortrijk teller 2,Kortrijk,50.81925,3.25731,1.4076343308825818,50.82294348642788,3.2764765701721563,2017,10,12,34022,Kortrijk,Normaal,Droog,Dag,met lichtgewonden,3,Fiets,2,Andere weggebruiker,Buiten Kruispunt,Gewestweg,binnen bebouwde kom,Tss. 2 best.: langs opzij (voor-/achterkant-flank),Geen hindernis
4759,74,Kortrijk teller 1,Kortrijk,50.81909,3.25728,1.4149381415296178,50.82294348642788,3.2764765701721563,2017,10,12,34022,Kortrijk,Normaal,Droog,Dag,met lichtgewonden,3,Fiets,2,Andere weggebruiker,Buiten Kruispunt,Gewestweg,binnen bebouwde kom,Tss. 2 best.: langs opzij (voor-/achterkant-flank),Geen hindernis
4760,16,Kortrijk 1,Kortrijk,50.83332,3.27777,0.4864159944252779,50.831145242726954,3.2837794832169895,2017,9,19,34022,Kortrijk,Normaal,Droog,Dag,met lichtgewonden,3,Fiets,9,personenauto,Op Kruispunt,Gemeenteweg,binnen bebouwde kom,Tss. 2 best.: langs opzij (voor-/achterkant-flank),Geen hindernis
4760,17,Kortrijk 2,Kortrijk,50.83339,3.27773,0.4927519246968645,50.831145242726954,3.2837794832169895,2017,9,19,34022,Kortrijk,Normaal,Droog,Dag,met lichtgewonden,3,Fiets,9,personenauto,Op Kruispunt,Gemeenteweg,binnen bebouwde kom,Tss. 2 best.: langs opzij (voor-/achterkant-flank),Geen hindernis