crash_row_id,site_id,site_name,site_gemeente,site_lat,site_long,distance_km,crash_lat,crash_long,DT_YEAR_COLLISION,DT_MONTH_COLLISION,DT_TIME,CD_NIS,TX_MUNTY_COLLISION_NL,TX_WEATHER_NL,TX_ROAD_CONDITION_NL,TX_LIGHT_CONDITION_NL,TX_CLASS_ACCIDENTS_NL,CD_ROAD_USR_TYPE1,TX_ROAD_USR_TYPE1_NL,CD_ROAD_USR_TYPE2,TX_ROAD_USR_TYPE2_NL,TX_CROSSWAY_NL,CD_ROAD_TYPE_NL,TX_BUILD_UP_AREA_NL,TX_COLLISION_TYPE_NL,TX_OBSTACLES_NL
4760,143,Eco Display Classic Budastraat,Kortrijk,50.83066,3.26286,1.470206859275511,50.831145242726954,3.2837794832169895,2017,9,19,34022,Kortrijk,Normaal,Droog,Dag,met lichtgewonden,3,Fiets,9,personenauto,Op Kruispunt,Gemeenteweg,binnen bebouwde kom,Tss. 2 best.: langs opzij (voor-/achterkant-flank),Geen hindernis
4760,75,Kortrijk teller 2,Kortrijk,50.81925,3.25731,2.281720948428235,50.831145242726954,3.2837794832169895,2017,9,19,34022,Kortrijk,Normaal,Droog,Dag,met lichtgewonden,3,Fiets,9,personenauto,Op Kruispunt,Gemeenteweg,binnen bebouwde kom,Tss. 2 best.: langs opzij (voor-/achterkant-flank),Geen hindernis
4760,74,Kortrijk teller 1,Kortrijk,50.81909,3.25728,2.2937923631794197,50.831145242726954,3.2837794832169895,2017,9,19,34022,Kortrijk,Normaal,Droog,Dag,met lichtgewonden,3,Fiets,9,personenauto,Op Kruispunt,Gemeenteweg,binnen bebouwde kom,Tss. 2 best.: langs opzij (voor-/achterkant-flank),Geen hindernis
4761,143,Eco Display Classic Budastraat,Kortrijk,50.83066,3.26286,0.6633205462043323,50.82482236527728,3.2648040087219585,2017,9,7,34022,Kortrijk,Normaal,Droog,Dag,met lichtgewonden,8,Voetganger,3,Fiets,Op Kruispunt,Gemeenteweg,binnen bebouwde kom,Met een voetganger,Geen hindernis
4761,75,Kortrijk teller 2,Kortrijk,50.81925,3.25731,0.8130462985288435,50.82482236527728,3.2648040087219585,2017,9,7,34022,Kortrijk,Normaal,Droog,Dag,met lichtgewonden,8,Voetganger,3,Fiets,Op Kruispunt,Gemeenteweg,binnen bebouwde kom,Met een voetganger,Geen hindernis
4761,74,Kortrijk teller 1,Kortrijk,50.81909,3.25728,0.8280292405087992,50.82482236527728,3.2648040087219585,2017,9,7,34022,Kortrijk,Normaal,Droog,Dag,met lichtgewonden,8,Voetganger,3,Fiets,Op Kruispunt,Gemeenteweg,binnen bebouwde kom,Met een voetganger,Geen hindernis
4761,16,Kortrijk 1,Kortrijk,50.83332,3.27777,1.3122999356859313,50.82482236527728,3.2648040087219585,2017,9,7,34022,Kortrijk,Normaal,Droog,Dag,met lichtgewonden,8,Voetganger,3,Fiets,Op Kruispunt,Gemeenteweg,binnen bebouwde kom,Met een voetganger,Geen hindernis
4761,17,Kortrijk 2,Kortrijk,50.83339,3.27773,1.3159752991206144,50.82482236527728,3.2648040087219585,2017,9,7,34022,Kortrijk,Normaal,Droog,Dag,met lichtgewonden,8,Voetganger,3,Fiets,Op Kruispunt,Gemeenteweg,binnen bebouwde kom,Met een voetganger,Geen hindernis
4762,143,Eco Display Classic Budastraat,Kortrijk,50.83066,3.26286,2.343480844628539,50.845121186079716,3.2385830958841915,2017,9,17,34022,Kortrijk,Normaal,Droog,Dag,met lichtgewonden,9,personenauto,3,Fiets,Op Kruispunt,Gemeenteweg,binnen bebouwde kom,Tss. 2 best.: langs opzij (voor-/achterkant-flank),Geen hindernis
4764,17,Kortrijk 2,Kortrijk,50.83339,3.27773,2.4322751914953975,50.85443355221918,3.287184499671164,2017,10,18,34023,Kuurne,Normaal,Droog,Dag,met lichtgewonden,9,personenauto,3,Fiets,Op Kruispunt,Gemeenteweg,binnen bebouwde kom,Tss. 2 best.: langs opzij (voor-/achterkant-flank),Geen hindernis
4764,16,Kortrijk 1,Kortrijk,50.83332,3.27777,2.4390017451729356,50.85443355221918,3.287184499671164,2017,10,18,34023,Kuurne,Normaal,Droog,Dag,met lichtgewonden,9,personenauto,3,Fiets,Op Kruispunt,Gemeenteweg,binnen bebouwde kom,Tss. 2 best.: langs opzij (voor-/achterkant-flank),Geen hindernis
4766,75,Kortrijk teller 2,Kortrijk,50.81925,3.25731,0.5939571863302018,50.818676634321235,3.265716065865144,2017,10,16,34022,Kortrijk,Normaal,Droog,Dag,met lichtgewonden,3,Fiets,9,personenauto,Op Kruispunt,Gemeenteweg,binnen bebouwde kom,Tss. 2 best.: langs opzij (voor-/achterkant-flank),Geen hindernis
4766,74,Kortrijk teller 1,Kortrijk,50.81909,3.25728,0.5944138339508085,50.818676634321235,3.265716065865144,2017,10,16,34022,Kortrijk,Normaal,Droog,Dag,met lichtgewonden,3,Fiets,9,personenauto,Op Kruispunt,Gemeenteweg,binnen bebouwde kom,Tss. 2 best.: langs opzij (voor-/achterkant-flank),Geen hindernis
4766,143,Eco Display Classic Budastraat,Kortrijk,50.83066,3.26286,1.347506631188458,50.818676634321235,3.265716065865144,2017,10,16,34022,Kortrijk,Normaal,Droog,Dag,met lichtgewonden,3,Fiets,9,personenauto,Op Kruispunt,Gemeenteweg,binnen bebouwde kom,Tss. 2 best.: langs opzij (voor-/achterkant-flank),Geen hindernis
4766,16,Kortrijk 1,Kortrijk,50.83332,3.27777,1.8352358040383623,50.818676634321235,3.265716065865144,2017,10,16,34022,Kortrijk,Normaal,Droog,Dag,met lichtgewonden,3,Fiets,9,personenauto,Op Kruispunt,Gemeenteweg,binnen bebouwde kom,Tss. 2 best.: langs opzij (voor-/achterkant-flank),Geen hindernis
4766,17,Kortrijk 2,Kortrijk,50.83339,3.27773,1.8408552569126437,50.818676634321235,3.265716065865144,2017,10,16,34022,Kortrijk,Normaal,Droog,Dag,met lichtgewonden,3,Fiets,9,personenauto,Op Kruispunt,Gemeenteweg,binnen bebouwde kom,Tss. 2 best.: langs opzij (voor-/achterkant-flank),Geen hindernis
4767,75,Kortrijk teller 2,Kortrijk,50.81925,3.25731,0.45792328312837544,50.823246675628305,3.2588819489936016,2017,10,18,34022,Kortrijk,Regenval,"Nat, plassen","Nacht, geen openbare verlichting aanwezig",met lichtgewonden,9,personenauto,3,Fiets,Op Kruispunt,Gewestweg,binnen bebouwde kom,Tss. 2 best.: langs opzij (voor-/achterkant-flank),Geen hindernis
4767,74,Kortrijk teller 1,Kortrijk,50.81909,3.25728,0.4757029781805166,50.823246675628305,3.2588819489936016,2017,10,18,34022,Kortrijk,Regenval,"Nat, plassen","Nacht, geen openbare verlichting aanwezig",met lichtgewonden,9,personenauto,3,Fiets,Op Kruispunt,Gewestweg,binnen bebouwde kom,Tss. 2 best.: langs opzij (voor-/achterkant-flank),Geen hindernis
4767,143,Eco Display Classic Budastraat,Kortrijk,50.83066,3.26286,0.8703907694119661,50.823246675628305,3.2588819489936016,2017,10,18,34022,Kortrijk,Regenval,"Nat, plassen","Nacht, geen openbare verlichting aanwezig",met lichtgewonden,9,personenauto,3,Fiets,Op Kruispunt,Gewestweg,binnen bebouwde kom,Tss. 2 best.: langs opzij (voor-/achterkant-flank),Geen hindernis
4767,16,Kortrijk 1,Kortrijk,50.83332,3.27777,1.7362455823084613,50.823246675628305,3.2588819489936016,2017,10,18,34022,Kortrijk,Regenval,"Nat, plassen","Nacht, geen openbare verlichting aanwezig",met lichtgewonden,9,personenauto,3,Fiets,Op Kruispunt,Gewestweg,binnen bebouwde kom,Tss. 2 best.: langs opzij (voor-/achterkant-flank),Geen hindernis
4767,17,Kortrijk 2,Kortrijk,50.83339,3.27773,1.739136977944419,50.823246675628305,3.2588819489936016,2017,10,18,34022,Kortrijk,Regenval,"Nat, plassen","Nacht, geen openbare verlichting aanwezig",met lichtgewonden,9,personenauto,3,Fiets,Op Kruispunt,Gewestweg,binnen bebouwde kom,Tss. 2 best.: langs opzij (voor-/achterkant-flank),Geen hindernis
4768,16,Kortrijk 1,Kortrijk,50.83332,3.27777,0.9816199676246615,50.82450013917913,3.278367082554713,2017,10,16,34022,Kortrijk,Normaal,Droog,Dag,met lichtgewonden,3,Fiets,9,personenauto,Op Kruispunt,Gemeenteweg,binnen bebouwde kom,Tss. 2 best.: langs opzij (voor-/achterkant-flank),Geen hindernis
4768,17,Kortrijk 2,Kortrijk,50.83339,3.27773,0.9895196193811601,50.82450013917913,3.278367082554713,2017,10,16,34022,Kortrijk,Normaal,Droog,Dag,met lichtgewonden,3,Fiets,9,personenauto,Op Kruispunt,Gemeenteweg,binnen bebouwde kom,Tss. 2 best.: langs opzij (voor-/achterkant-flank),Geen hindernis
4768,143,Eco Display Classic Budastraat,Kortrijk,50.83066,3.26286,1.2866398877305805,50.82450013917913,3.278367082554713,2017,10,16,34022,Kortrijk,Normaal,Droog,Dag,met lichtgewonden,3,Fiets,9,personenauto,Op Kruispunt,Gemeenteweg,binnen bebouwde kom,Tss. 2 best.: langs opzij (voor-/achterkant-flank),Geen hindernis
4768,75,Kortrijk teller 2,Kortrijk,50.81925,3.25731,1.5902019780812802,50.82450013917913,3.278367082554713,2017,10,16,34022,Kortrijk,Normaal,Droog,Dag,met lichtgewonden,3,Fiets,9,personenauto,Op Kruispunt,Gemeenteweg,binnen bebouwde kom,Tss. 2 best.: langs opzij (voor-/achterkant-flank),Geen hindernis
4768,74,Kortrijk teller 1,Kortrijk,50.81909,3.25728,1.5987738119139185,50.82450013917913,3.278367082554713,2017,10,16,34022,Kortrijk,Normaal,Droog,Dag,met lichtgewonden,3,Fiets,9,personenauto,Op Kruispunt,Gemeenteweg,binnen bebouwde kom,Tss. 2 best.: langs opzij (voor-/achterkant-flank),Geen hindernis
4777,17,Kortrijk 2,Kortrijk,50.83339,3.27773,2.3196350019865988,50.84571222038843,3.304385517738752,2017,9,0,34013,Harelbeke,Onbekend,Onbekend,"Nacht, geen openbare verlichting aanwezig",met lichtgewonden,3,Fiets,11,een weggebruiker tegen een hindernis,Buiten Kruispunt,Gemeenteweg,binnen bebouwde kom,Weggebruiker tegen hindernis buiten rijbaan,Andere hindernis
4777,16,Kortrijk 1,Kortrijk,50.83332,3.27777,2.321980971634196,50.84571222038843,3.304385517738752,2017,9,0,34013,Harelbeke,Onbekend,Onbekend,"Nacht, geen openbare verlichting aanwezig",met lichtgewonden,3,Fiets,11,een weggebruiker tegen een hindernis,Buiten Kruispunt,Gemeenteweg,binnen bebouwde kom,Weggebruiker tegen hindernis buiten rijbaan,Andere hindernis
4784,66,Nieuwpoort totem,Nieuwpoort,51.1347,2.74369,0.2944479777312297,51.1336239692546,2.747545870146098,2017,10,10,38016,Nieuwpoort,Normaal,"Nat, plassen",Dag,met lichtgewonden,3,Fiets,10,"één bestuurder, geen hindernis",Buiten Kruispunt,Gemeenteweg,binnen bebouwde kom,"Eén bestuurder, geen hindernis (incl. val)",Geen hindernis
4784,63,Nieuwpoort teller 3,Nieuwpoort,51.13529,2.74289,0.37396929138714985,51.1336239692546,2.747545870146098,2017,10,10,38016,Nieuwpoort,Normaal,"Nat, plassen",Dag,met lichtgewonden,3,Fiets,10,"één bestuurder, geen hindernis",Buiten Kruispunt,Gemeenteweg,binnen bebouwde kom,"Eén bestuurder, geen hindernis (incl. val)",Geen hindernis
4784,65,Nieuwpoort teller 2,Nieuwpoort,51.13435,2.75511,0.5339255228306857,51.1336239692546,2.747545870146098,2017,10,10,38016,Nieuwpoort,Normaal,"Nat, plassen",Dag,met lichtgewonden,3,Fiets,10,"één bestuurder, geen hindernis",Buiten Kruispunt,Gemeenteweg,binnen bebouwde kom,"Eén bestuurder, geen hindernis (incl. val)",Geen hindernis
4784,64,Nieuwpoort teller 1,Nieuwpoort,51.13359,2.75737,0.685494330549721,51.1336239692546,2.747545870146098,2017,10,10,38016,Nieuwpoort,Normaal,"Nat, plassen",Dag,met lichtgewonden,3,Fiets,10,"één bestuurder, geen hindernis",Buiten Kruispunt,Gemeenteweg,binnen bebouwde kom,"Eén bestuurder, geen hindernis (incl. val)",Geen hindernis
4787,62,Wervik teller 1,Wervik,50.8058,3.09154,2.4670105771135837,50.79777318284774,3.058813301786924,2017,10,14,33029,Wervik,Normaal,Droog,Dag,met zwaargewonden,3,Fiets,8,Voetganger,Buiten Kruispunt,Gewestweg,buiten bebouwde kom,Met een voetganger,Geen hindernis
4787,61,Wervik teller 2,Wervik,50.80555,3.0921,2.493970924845134,50.79777318284774,3.058813301786924,2017,10,14,33029,Wervik,Normaal,Droog,Dag,met zwaargewonden,3,Fiets,8,Voetganger,Buiten Kruispunt,Gewestweg,buiten bebouwde kom,Met een voetganger,Geen hindernis
4788,67,Ieper totem,Ieper,50.85018,2.85624,1.1951680488863925,50.84154309163702,2.8663726004729444,2017,10,22,33011,Ieper,Normaal,Droog,"Nacht, openbare verlichting aanwezig en ontstoken",met lichtgewonden,9,personenauto,3,Fiets,Buiten Kruispunt,Gemeenteweg,binnen bebouwde kom,Tss. 2 best.: langs opzij (voor-/achterkant-flank),Geen hindernis
4788,68,Ieper,Ieper,50.85032,2.85608,1.214363129349921,50.84154309163702,2.8663726004729444,2017,10,22,33011,Ieper,Normaal,Droog,"Nacht, openbare verlichting aanwezig en ontstoken",met lichtgewonden,9,personenauto,3,Fiets,Buiten Kruispunt,Gemeenteweg,binnen bebouwde kom,Tss. 2 best.: langs opzij (voor-/achterkant-flank),Geen hindernis
4789,67,Ieper totem,Ieper,50.85018,2.85624,1.4072956238660723,50.85119953517,2.87622117095374,2017,9,10,33011,Ieper,Normaal,Droog,Dag,met lichtgewonden,9,personenauto,3,Fiets,Op Kruispunt,Gewestweg,binnen bebouwde kom,Tss. 2 best.: langs opzij (voor-/achterkant-flank),Geen hindernis
4789,68,Ieper,Ieper,50.85032,2.85608,1.417330437439029,50.85119953517,2.87622117095374,2017,9,10,33011,Ieper,Normaal,Droog,Dag,met lichtgewonden,9,personenauto,3,Fiets,Op Kruispunt,Gewestweg,binnen bebouwde kom,Tss. 2 best.: langs opzij (voor-/achterkant-flank),Geen hindernis
4795,67,Ieper totem,Ieper,50.85018,2.85624,2.151278229860416,50.8532771172179,2.886489506574391,2017,10,6,33011,Ieper,Normaal,Droog,"Nacht, openbare verlichting aanwezig en ontstoken",met lichtgewonden,9,personenauto,3,Fiets,Op Kruispunt,Gewestweg,binnen bebouwde kom,Tss. 2 best.: langs opzij (voor-/achterkant-flank),Geen hindernis
4795,68,Ieper,Ieper,50.85032,2.85608,2.159938448487078,50.8532771172179,2.886489506574391,2017,10,6,33011,Ieper,Normaal,Droog,"Nacht, openbare verlichting aanwezig en ontstoken",met lichtgewonden,9,personenauto,3,Fiets,Op Kruispunt,Gewestweg,binnen bebouwde kom,Tss. 2 best.: langs opzij (voor-/achterkant-flank),Geen hindernis
4796,61,Wervik teller 2,Wervik,50.80555,3.0921,2.4698880676980286,50.796525661494876,3.124213818180666,2017,10,12,34027,Menen,Normaal,Droog,Dag,met lichtgewonden,9,personenauto,3,Fiets,Op Kruispunt,Gewestweg,binnen bebouwde kom,Tussen 2 bestuurders: Frontale botsing,Geen hindernis
4799,67,Ieper totem,Ieper,50.85018,2.85624,1.523787056280193,50.85148673522578,2.8778468500181207,2017,9,8,33011,Ieper,Normaal,Droog,Dag,met lichtgewonden,9,personenauto,3,Fiets,Buiten Kruispunt,Gemeenteweg,binnen bebouwde kom,Tss. 2 best.: langs opzij (voor-/achterkant-flank),Geen hindernis
4799,68,Ieper,Ieper,50.85032,2.85608,1.5335709612979516,50.85148673522578,2.8778468500181207,2017,9,8,33011,Ieper,Normaal,Droog,Dag,met lichtgewonden,9,personenauto,3,Fiets,Buiten Kruispunt,Gemeenteweg,binnen bebouwde kom,Tss. 2 best.: langs opzij (voor-/achterkant-flank),Geen hindernis
4804,41,Maasmechelen teller 1,Maasmechelen,50.97025,5.69799,0.6547162255592985,50.96597151961179,5.691566613995947,2017,10,15,73107,Maasmechelen,Normaal,Droog,Dag,met lichtgewonden,9,personenauto,3,Fiets,Op Kruispunt,Gewestweg,binnen bebouwde kom,Tussen 2 bestuurders: Flank tegen flank,Geen hindernis
4804,42,Maasmechelen teller 2,Maasmechelen,50.97043,5.6981,0.6746006590669117,50.96597151961179,5.691566613995947,2017,10,15,73107,Maasmechelen,Normaal,Droog,Dag,met lichtgewonden,9,personenauto,3,Fiets,Op Kruispunt,Gewestweg,binnen bebouwde kom,Tussen 2 bestuurders: Flank tegen flank,Geen hindernis
4806,35,Lanaken teller 1,Lanaken,50.88112,5.6314,1.31474802526277,50.88984269695915,5.6440527956731925,2017,10,17,73042,Lanaken,Normaal,"Nat, plassen",Dag,met lichtgewonden,9,personenauto,3,Fiets,Op Kruispunt,Gemeenteweg,binnen bebouwde kom,Tss. 2 best.: langs opzij (voor-/achterkant-flank),Geen hindernis
4806,36,Lanaken teller 2,Lanaken,50.88131,5.63012,1.3621604519953052,50.88984269695915,5.6440527956731925,2017,10,17,73042,Lanaken,Normaal,"Nat, plassen",Dag,met lichtgewonden,9,personenauto,3,Fiets,Op Kruispunt,Gemeenteweg,binnen bebouwde kom,Tss. 2 best.: langs opzij (voor-/achterkant-flank),Geen hindernis
4810,124,Beveren teller 2,Beveren,51.1964712,4.2361077,2.3412858132205288,51.21489417045808,4.252379814368877,2017,10,13,46003,Beveren,Normaal,Droog,Dag,met lichtgewonden,3,Fiets,5,Lichte vrachtauto,Buiten Kruispunt,Gemeenteweg,binnen bebouwde kom,Tussen 2 bestuurders: Flank tegen flank,Geen hindernis
4813,124,Beveren teller 2,Beveren,51.1964712,4.2361077,1.2789164681859528,51.20720788426126,4.242689937742041,2017,9,18,46003,Beveren,Normaal,"Nat, plassen",Dag,met lichtgewonden,9,personenauto,3,Fiets,Buiten Kruispunt,Gemeenteweg,binnen bebouwde kom,Tss. 2 best.: langs opzij (voor-/achterkant-flank),Geen hindernis
4818,124,Beveren teller 2,Beveren,51.1964712,4.2361077,2.459796452219314,51.21832285781587,4.230609632634439,2017,9,14,46003,Beveren,Normaal,Droog,Dag,met zwaargewonden,4,Vrachtwagen,3,Fiets,Buiten Kruispunt,Gemeenteweg,buiten bebouwde kom,Tss. 2 best.: langs opzij (voor-/achterkant-flank),Geen hindernis
4819,124,Beveren teller 2,Beveren,51.1964712,4.2361077,2.341598582188336,51.21444657820645,4.2536172421179055,2017,9,10,46003,Beveren,Normaal,Droog,Dag,met lichtgewonden,3,Fiets,11,een weggebruiker tegen een hindernis,Op Kruispunt,Gemeenteweg,binnen bebouwde kom,Weggebruiker tegen hindernis op de rijbaan,Op de rijbaan: Lading
4820,124,Beveren teller 2,Beveren,51.1964712,4.2361077,2.3976022701353257,51.21557455289079,4.252067912809682,2017,10,10,46003,Beveren,Normaal,Droog,Dag,met lichtgewonden,3,Fiets,3,Fiets,Buiten Kruispunt,Gemeenteweg,binnen bebouwde kom,Tussen 2 bestuurders: Frontale botsing,Geen hindernis
4821,124,Beveren teller 2,Beveren,51.1964712,4.2361077,1.4685136103874763,51.19544414722223,4.215096802223208,2017,9,16,46003,Beveren,Normaal,Droog,Dag,met lichtgewonden,9,personenauto,3,Fiets,Buiten Kruispunt,Gemeenteweg,buiten bebouwde kom,Tss. 2 best.: langs opzij (voor-/achterkant-flank),Geen hindernis
4823,124,Beveren teller 2,Beveren,51.1964712,4.2361077,1.9983051249042425,51.211011430808576,4.2529642223822455,2017,10,8,46003,Beveren,Normaal,Droog,Dag,met lichtgewonden,9,personenauto,3,Fiets,Op Kruispunt,Gemeenteweg,binnen bebouwde kom,Tussen 2 bestuurders: Frontale botsing,Geen hindernis
4825,124,Beveren teller 2,Beveren,51.1964712,4.2361077,2.479918707260238,51.21663769968402,4.251309658843371,2017,10,16,46003,Beveren,Normaal,Droog,Dag,met lichtgewonden,3,Fiets,10,"één bestuurder, geen hindernis",Buiten Kruispunt,Gemeenteweg,binnen bebouwde kom,"Eén bestuurder, geen hindernis (incl. val)",Geen hindernis
4827,106,St. pieters leeuw teller 1,Sint-Pieters-Leeuw,50.75533,4.24951,1.8682608062431267,50.76556124624391,4.228441253196912,2017,10,7,23077,Sint-Pieters-Leeuw,Normaal,Droog,Dageraad - schemering,met lichtgewonden,9,personenauto,3,Fiets,Op Kruispunt,Gemeenteweg,buiten bebouwde kom,Tussen 2 bestuurders: Frontale botsing,Geen hindernis
4827,105,St. pieters leeuw teller 2,Halle,50.75509,4.24943,1.8802119071203256,50.76556124624391,4.228441253196912,2017,10,7,23077,Sint-Pieters-Leeuw,Normaal,Droog,Dageraad - schemering,met lichtgewonden,9,personenauto,3,Fiets,Op Kruispunt,Gemeenteweg,buiten bebouwde kom,Tussen 2 bestuurders: Frontale botsing,Geen hindernis
4829,99,Mechelen teller 1,Mechelen,51.04564,4.46882,1.9427164019419012,51.04005808646865,4.495151413362937,2017,11,13,12025,Mechelen,Normaal,Droog,Dag,met lichtgewonden,9,personenauto,3,Fiets,Buiten Kruispunt,Gemeenteweg,binnen bebouwde kom,Tss. 2 best.: langs opzij (voor-/achterkant-flank),Geen hindernis
4829,100,Mechelen teller 2,Mechelen,51.0457,4.46883,1.9441953546171573,51.04005808646865,4.495151413362937,2017,11,13,12025,Mechelen,Normaal,Droog,Dag,met lichtgewonden,9,personenauto,3,Fiets,Buiten Kruispunt,Gemeenteweg,binnen bebouwde kom,Tss. 2 best.: langs opzij (voor-/achterkant-flank),Geen hindernis
4830,99,Mechelen teller 1,Mechelen,51.04564,4.46882,0.9002842867432842,51.03802313722359,4.473186045373242,2017,10,8,12025,Mechelen,Normaal,Droog,Dag,met lichtgewonden,9,personenauto,3,Fiets,Op Kruispunt,Gewestweg,binnen bebouwde kom,Tss. 2 best.: langs opzij (voor-/achterkant-flank),Geen hindernis
4830,100,Mechelen teller 2,Mechelen,51.0457,4.46883,0.9063283763352662,51.03802313722359,4.473186045373242,2017,10,8,12025,Mechelen,Normaal,Droog,Dag,met lichtgewonden,9,personenauto,3,Fiets,Op Kruispunt,Gewestweg,binnen bebouwde kom,Tss. 2 best.: langs opzij (voor-/achterkant-flank),Geen hindernis
4832,109,Zemst,Zemst,50.9903936,4.4707023,2.420319330651772,51.011940062914356,4.475607436052203,2017,10,20,12025,Mechelen,Normaal,Droog,Dageraad - schemering,met lichtgewonden,9,personenauto,3,Fiets,Op Kruispunt,Gewestweg,buiten bebouwde kom,Tss. 2 best.: langs opzij (voor-/achterkant-flank),Geen hindernis
4834,100,Mechelen teller 2,Mechelen,51.0457,4.46883,0.19962810189358912,51.047399028365824,4.467907445179255,2017,9,20,12025,Mechelen,Normaal,Droog,"Nacht, openbare verlichting aanwezig en ontstoken",met lichtgewonden,9,personenauto,3,Fiets,Op Kruispunt,Gewestweg,binnen bebouwde kom,Tss. 2 best.: langs opzij (voor-/achterkant-flank),Geen hindernis
4834,99,Mechelen teller 1,Mechelen,51.04564,4.46882,0.20573549087624338,51.047399028365824,4.467907445179255,2017,9,20,12025,Mechelen,Normaal,Droog,"Nacht, openbare verlichting aanwezig en ontstoken",met lichtgewonden,9,personenauto,3,Fiets,Op Kruispunt,Gewestweg,binnen bebouwde kom,Tss. 2 best.: langs opzij (voor-/achterkant-flank),Geen hindernis
4835,99,Mechelen teller 1,Mechelen,51.04564,4.46882,1.3188868186899338,51.03405446356592,4.472862035194642,2017,9,15,12025,Mechelen,Normaal,Droog,Dag,met lichtgewonden,9,personenauto,3,Fiets,Op Kruispunt,Gewestweg,buiten bebouwde kom,Tss. 2 best.: langs opzij (voor-/achterkant-flank),Geen hindernis
4835,100,Mechelen teller 2,Mechelen,51.0457,4.46883,1.3252553784166496,51.03405446356592,4.472862035194642,2017,9,15,12025,Mechelen,Normaal,Droog,Dag,met lichtgewonden,9,personenauto,3,Fiets,Op Kruispunt,Gewestweg,buiten bebouwde kom,Tss. 2 best.: langs opzij (voor-/achterkant-flank),Geen hindernis
4838,99,Mechelen teller 1,Mechelen,51.04564,4.46882,2.204514165760443,51.02978051753937,4.487739600387174,2017,10,8,12025,Mechelen,Normaal,Droog,Dag,met lichtgewonden,3,Fiets,9,personenauto,Buiten Kruispunt,Gewestweg,buiten bebouwde kom,Tss. 2 best.: langs opzij (voor-/achterkant-flank),Geen hindernis
4838,100,Mechelen teller 2,Mechelen,51.0457,4.46883,2.2094357945103233,51.02978051753937,4.487739600387174,2017,10,8,12025,Mechelen,Normaal,Droog,Dag,met lichtgewonden,3,Fiets,9,personenauto,Buiten Kruispunt,Gewestweg,buiten bebouwde kom,Tss. 2 best.: langs opzij (voor-/achterkant-flank),Geen hindernis
4843,99,Mechelen teller 1,Mechelen,51.04564,4.46882,1.2557227203064163,51.034662335342716,4.473034511559436,2017,10,8,12025,Mechelen,Normaal,Onbekend,Dag,met lichtgewonden,5,Lichte vrachtauto,3,Fiets,Buiten Kruispunt,Gewestweg,binnen bebouwde kom,Tss. 2 best.: langs opzij (voor-/achterkant-flank),Geen hindernis
4843,100,Mechelen teller 2,Mechelen,51.0457,4.46883,1.2620460180161994,51.034662335342716,4.473034511559436,2017,10,8,12025,Mechelen,Normaal,Onbekend,Dag,met lichtgewonden,5,Lichte vrachtauto,3,Fiets,Buiten Kruispunt,Gewestweg,binnen bebouwde kom,Tss. 2 best.: langs opzij (voor-/achterkant-flank),Geen hindernis
4844,99,Mechelen teller 1,Mechelen,51.04564,4.46882,2.4632509396173625,51.031055085991454,4.495336855924287,2017,10,20,12025,Mechelen,Normaal,Droog,Dageraad - schemering,met lichtgewonden,9,personenauto,3,Fiets,Buiten Kruispunt,Gewestweg,binnen bebouwde kom,Tss. 2 best.: langs opzij (voor-/achterkant-flank),Geen hindernis
4844,100,Mechelen teller 2,Mechelen,51.0457,4.46883,2.4671224056098136,51.031055085991454,4.495336855924287,2017,10,20,12025,Mechelen,Normaal,Droog,Dageraad - schemering,met lichtgewonden,9,personenauto,3,Fiets,Buiten Kruispunt,Gewestweg,binnen bebouwde kom,Tss. 2 best.: langs opzij (voor-/achterkant-flank),Geen hindernis
4845,140,Hasselt ring,Hasselt,50.9300038,5.3438616,0.40039114896594824,50.932419105801884,5.3480989413480895,2017,9,22,71022,Hasselt,Normaal,Droog,"Nacht, openbare verlichting aanwezig en ontstoken",met lichtgewonden,9,personenauto,3,Fiets,Op Kruispunt,Gemeenteweg,binnen bebouwde kom,Tss. 2 best.: langs opzij (voor-/achterkant-flank),Geen hindernis
4845,138,Hasselt-Kempische brug,Hasselt,50.9405318,5.3422472,0.9909124068631109,50.932419105801884,5.3480989413480895,2017,9,22,71022,Hasselt,Normaal,Droog,"Nacht, openbare verlichting aanwezig en ontstoken",met lichtgewonden,9,personenauto,3,Fiets,Op Kruispunt,Gemeenteweg,binnen bebouwde kom,Tss. 2 best.: langs opzij (voor-/achterkant-flank),Geen hindernis
4845,137,Hasselt-Kempische brug,Hasselt,50.9411605,5.3417576,1.0687524296223612,50.932419105801884,5.3480989413480895,2017,9,22,71022,Hasselt,Normaal,Droog,"Nacht, openbare verlichting aanwezig en ontstoken",met lichtgewonden,9,personenauto,3,Fiets,Op Kruispunt,Gemeenteweg,binnen bebouwde kom,Tss. 2 best.: langs opzij (voor-/achterkant-flank),Geen hindernis
4847,99,Mechelen teller 1,Mechelen,51.04564,4.46882,1.3545026078954745,51.03420564142103,4.475499682798276,2017,10,18,12025,Mechelen,Normaal,Droog,Dag,met lichtgewonden,5,Lichte vrachtauto,3,Fiets,Op Kruispunt,Gewestweg,binnen bebouwde kom,Tussen 2 bestuurders: Frontale botsing,Geen hindernis