crash_row_id,site_id,site_name,site_gemeente,site_lat,site_long,distance_km,crash_lat,crash_long,DT_YEAR_COLLISION,DT_MONTH_COLLISION,DT_TIME,CD_NIS,TX_MUNTY_COLLISION_NL,TX_WEATHER_NL,TX_ROAD_CONDITION_NL,TX_LIGHT_CONDITION_NL,TX_CLASS_ACCIDENTS_NL,CD_ROAD_USR_TYPE1,TX_ROAD_USR_TYPE1_NL,CD_ROAD_USR_TYPE2,TX_ROAD_USR_TYPE2_NL,TX_CROSSWAY_NL,CD_ROAD_TYPE_NL,TX_BUILD_UP_AREA_NL,TX_COLLISION_TYPE_NL,TX_OBSTACLES_NL
4847,100,Mechelen teller 2,Mechelen,51.0457,4.46883,1.3605272260345644,51.03420564142103,4.475499682798276,2017,10,18,12025,Mechelen,Normaal,Droog,Dag,met lichtgewonden,5,Lichte vrachtauto,3,Fiets,Op Kruispunt,Gewestweg,binnen bebouwde kom,Tussen 2 bestuurders: Frontale botsing,Geen hindernis
4848,109,Zemst,Zemst,50.9903936,4.4707023,2.3716647440870737,51.01161333227452,4.47412693665279,2017,9,16,12025,Mechelen,Normaal,Droog,Dag,met lichtgewonden,3,Fiets,3,Fiets,Buiten Kruispunt,Gewestweg,binnen bebouwde kom,Tussen 2 bestuurders: Frontale botsing,Geen hindernis
4849,99,Mechelen teller 1,Mechelen,51.04564,4.46882,1.4559676457063924,51.03281247934593,4.4729984862398915,2017,9,16,12025,Mechelen,Normaal,Droog,Dag,met lichtgewonden,9,personenauto,3,Fiets,Op Kruispunt,Gewestweg,binnen bebouwde kom,Tss. 2 best.: langs opzij (voor-/achterkant-flank),Geen hindernis
4849,100,Mechelen teller 2,Mechelen,51.0457,4.46883,1.462364714384819,51.03281247934593,4.4729984862398915,2017,9,16,12025,Mechelen,Normaal,Droog,Dag,met lichtgewonden,9,personenauto,3,Fiets,Op Kruispunt,Gewestweg,binnen bebouwde kom,Tss. 2 best.: langs opzij (voor-/achterkant-flank),Geen hindernis
4851,109,Zemst,Zemst,50.9903936,4.4707023,2.226933377632976,51.00823113880684,4.48517126516663,2017,9,18,12025,Mechelen,Normaal,Droog,Dag,met zwaargewonden,3,Fiets,9,personenauto,Op Kruispunt,Gemeenteweg,binnen bebouwde kom,Tss. 2 best.: langs opzij (voor-/achterkant-flank),Geen hindernis
4856,100,Mechelen teller 2,Mechelen,51.0457,4.46883,0.8949243897406707,51.04966385950097,4.479971612566726,2017,9,12,12025,Mechelen,Normaal,Droog,Dag,met lichtgewonden,3,Fiets,5,Lichte vrachtauto,Buiten Kruispunt,Gewestweg,buiten bebouwde kom,Tussen 2 bestuurders: Frontale botsing,Geen hindernis
4856,99,Mechelen teller 1,Mechelen,51.04564,4.46882,0.8988357044731619,51.04966385950097,4.479971612566726,2017,9,12,12025,Mechelen,Normaal,Droog,Dag,met lichtgewonden,3,Fiets,5,Lichte vrachtauto,Buiten Kruispunt,Gewestweg,buiten bebouwde kom,Tussen 2 bestuurders: Frontale botsing,Geen hindernis
4857,137,Hasselt-Kempische brug,Hasselt,50.9411605,5.3417576,1.7841474572310498,50.93816847880627,5.316741210719069,2017,10,7,71022,Hasselt,Normaal,Droog,Dag,met lichtgewonden,9,personenauto,3,Fiets,Buiten Kruispunt,Gewestweg,buiten bebouwde kom,Tss. 2 best.: langs opzij (voor-/achterkant-flank),Geen hindernis
4857,138,Hasselt-Kempische brug,Hasselt,50.9405318,5.3422472,1.806387934248915,50.93816847880627,5.316741210719069,2017,10,7,71022,Hasselt,Normaal,Droog,Dag,met lichtgewonden,9,personenauto,3,Fiets,Buiten Kruispunt,Gewestweg,buiten bebouwde kom,Tss. 2 best.: langs opzij (voor-/achterkant-flank),Geen hindernis
4857,140,Hasselt ring,Hasselt,50.9300038,5.3438616,2.1062164038805533,50.93816847880627,5.316741210719069,2017,10,7,71022,Hasselt,Normaal,Droog,Dag,met lichtgewonden,9,personenauto,3,Fiets,Buiten Kruispunt,Gewestweg,buiten bebouwde kom,Tss. 2 best.: langs opzij (voor-/achterkant-flank),Geen hindernis
4861,30,Herk De Stad,Herk-de-Stad,50.94374,5.17691,0.999109849185772,50.94077927935844,5.163446485626581,2017,9,8,71024,Herk-de-Stad,Normaal,Droog,Dag,met lichtgewonden,9,personenauto,3,Fiets,Op Kruispunt,Gewestweg,binnen bebouwde kom,Tussen 2 bestuurders: Frontale botsing,Geen hindernis
4861,31,Herk De Stad,Herk-de-Stad,50.94366,5.1775,1.035442917810491,50.94077927935844,5.163446485626581,2017,9,8,71024,Herk-de-Stad,Normaal,Droog,Dag,met lichtgewonden,9,personenauto,3,Fiets,Op Kruispunt,Gewestweg,binnen bebouwde kom,Tussen 2 bestuurders: Frontale botsing,Geen hindernis
4864,33,Lummen,Lummen,50.97978,5.20936,1.518471371514409,50.9856500902753,5.189774868738996,2017,10,15,71037,Lummen,Normaal,Droog,Dag,met lichtgewonden,5,Lichte vrachtauto,3,Fiets,Buiten Kruispunt,Gewestweg,binnen bebouwde kom,Tss. 2 best.: langs opzij (voor-/achterkant-flank),Geen hindernis
4864,32,Lummen,Lummen,50.97971,5.20961,1.5376196932401451,50.9856500902753,5.189774868738996,2017,10,15,71037,Lummen,Normaal,Droog,Dag,met lichtgewonden,5,Lichte vrachtauto,3,Fiets,Buiten Kruispunt,Gewestweg,binnen bebouwde kom,Tss. 2 best.: langs opzij (voor-/achterkant-flank),Geen hindernis
4865,30,Herk De Stad,Herk-de-Stad,50.94374,5.17691,1.0638749029113166,50.94092858212526,5.1623960516087495,2017,10,16,71024,Herk-de-Stad,Normaal,Droog,Dag,met zwaargewonden,3,Fiets,8,Voetganger,Buiten Kruispunt,Gewestweg,binnen bebouwde kom,Met een voetganger,Geen hindernis
4865,31,Herk De Stad,Herk-de-Stad,50.94366,5.1775,1.1009684244442002,50.94092858212526,5.1623960516087495,2017,10,16,71024,Herk-de-Stad,Normaal,Droog,Dag,met zwaargewonden,3,Fiets,8,Voetganger,Buiten Kruispunt,Gewestweg,binnen bebouwde kom,Met een voetganger,Geen hindernis
4866,140,Hasselt ring,Hasselt,50.9300038,5.3438616,0.4775584550748825,50.9326127041027,5.338448571906825,2017,10,16,71022,Hasselt,Normaal,Droog+Proper,Dag,met lichtgewonden,3,Fiets,3,Fiets,Op Kruispunt,Gemeenteweg,binnen bebouwde kom,Tussen 2 bestuurders: Langs achteren,Geen hindernis
4866,138,Hasselt-Kempische brug,Hasselt,50.9405318,5.3422472,0.919915145837934,50.9326127041027,5.338448571906825,2017,10,16,71022,Hasselt,Normaal,Droog+Proper,Dag,met lichtgewonden,3,Fiets,3,Fiets,Op Kruispunt,Gemeenteweg,binnen bebouwde kom,Tussen 2 bestuurders: Langs achteren,Geen hindernis
4866,137,Hasselt-Kempische brug,Hasselt,50.9411605,5.3417576,0.9783458109574149,50.9326127041027,5.338448571906825,2017,10,16,71022,Hasselt,Normaal,Droog+Proper,Dag,met lichtgewonden,3,Fiets,3,Fiets,Op Kruispunt,Gemeenteweg,binnen bebouwde kom,Tussen 2 bestuurders: Langs achteren,Geen hindernis
4873,30,Herk De Stad,Herk-de-Stad,50.94374,5.17691,1.3834325233273335,50.932096955457475,5.169951038473834,2017,9,8,71024,Herk-de-Stad,Mist (zichtbaarheid minder dan 100m),Droog,Dageraad - schemering,met lichtgewonden,3,Fiets,9,personenauto,Op Kruispunt,Gewestweg,buiten bebouwde kom,Tussen 2 bestuurders: Frontale botsing,Geen hindernis
4873,31,Herk De Stad,Herk-de-Stad,50.94366,5.1775,1.3903090178483803,50.932096955457475,5.169951038473834,2017,9,8,71024,Herk-de-Stad,Mist (zichtbaarheid minder dan 100m),Droog,Dageraad - schemering,met lichtgewonden,3,Fiets,9,personenauto,Op Kruispunt,Gewestweg,buiten bebouwde kom,Tussen 2 bestuurders: Frontale botsing,Geen hindernis
4874,140,Hasselt ring,Hasselt,50.9300038,5.3438616,0.5614317993140503,50.929264732150344,5.33593696611328,2017,9,9,71022,Hasselt,Onbekend,"Vuil (zand, grint, bladeren,...)",Dag,met zwaargewonden,3,Fiets,10,"één bestuurder, geen hindernis",Buiten Kruispunt,Gemeenteweg,binnen bebouwde kom,"Eén bestuurder, geen hindernis (incl. val)",Geen hindernis
4874,138,Hasselt-Kempische brug,Hasselt,50.9405318,5.3422472,1.3285871469688704,50.929264732150344,5.33593696611328,2017,9,9,71022,Hasselt,Onbekend,"Vuil (zand, grint, bladeren,...)",Dag,met zwaargewonden,3,Fiets,10,"één bestuurder, geen hindernis",Buiten Kruispunt,Gemeenteweg,binnen bebouwde kom,"Eén bestuurder, geen hindernis (incl. val)",Geen hindernis
4874,137,Hasselt-Kempische brug,Hasselt,50.9411605,5.3417576,1.3842078561672087,50.929264732150344,5.33593696611328,2017,9,9,71022,Hasselt,Onbekend,"Vuil (zand, grint, bladeren,...)",Dag,met zwaargewonden,3,Fiets,10,"één bestuurder, geen hindernis",Buiten Kruispunt,Gemeenteweg,binnen bebouwde kom,"Eén bestuurder, geen hindernis (incl. val)",Geen hindernis
4875,137,Hasselt-Kempische brug,Hasselt,50.9411605,5.3417576,2.0692984776229686,50.937043573379974,5.312957051291458,2017,9,8,71022,Hasselt,Normaal,Droog,Dag,met lichtgewonden,3,Fiets,99,onbekend,Buiten Kruispunt,Gewestweg,buiten bebouwde kom,Kettingbotsing (3 bestuurders of meer),Geen hindernis
4875,138,Hasselt-Kempische brug,Hasselt,50.9405318,5.3422472,2.088677062361,50.937043573379974,5.312957051291458,2017,9,8,71022,Hasselt,Normaal,Droog,Dag,met lichtgewonden,3,Fiets,99,onbekend,Buiten Kruispunt,Gewestweg,buiten bebouwde kom,Kettingbotsing (3 bestuurders of meer),Geen hindernis
4875,140,Hasselt ring,Hasselt,50.9300038,5.3438616,2.3028381725392166,50.937043573379974,5.312957051291458,2017,9,8,71022,Hasselt,Normaal,Droog,Dag,met lichtgewonden,3,Fiets,99,onbekend,Buiten Kruispunt,Gewestweg,buiten bebouwde kom,Kettingbotsing (3 bestuurders of meer),Geen hindernis
4880,151,Leuven,District Leuven,50.8690262,4.6854839,1.2926634928032636,50.87084671829312,4.667290142172611,2017,9,9,24062,Leuven,Normaal,Droog,Dag,met lichtgewonden,3,Fiets,11,een weggebruiker tegen een hindernis,Buiten Kruispunt,Gewestweg,binnen bebouwde kom,Weggebruiker tegen hindernis op de rijbaan,"Verkeersdrempel,ezelsrug,put,uitholling,straatgoot"
4882,80,Wemmel teller 1,Wemmel,50.91418,4.29571,2.2794407213024286,50.90074906638136,4.320269750458125,2017,11,10,23102,Wemmel,Normaal,Proper,Dag,met lichtgewonden,3,Fiets,99,onbekend,Op Kruispunt,Gemeenteweg,binnen bebouwde kom,Kettingbotsing (3 bestuurders of meer),Geen hindernis
4882,81,Wemmel teller 2,Wemmel,50.91439,4.29568,2.29638366310561,50.90074906638136,4.320269750458125,2017,11,10,23102,Wemmel,Normaal,Proper,Dag,met lichtgewonden,3,Fiets,99,onbekend,Op Kruispunt,Gemeenteweg,binnen bebouwde kom,Kettingbotsing (3 bestuurders of meer),Geen hindernis
4922,2,Brasschaat 2,Brasschaat,51.27512,4.47169,2.3747624629742092,51.255690256120566,4.457521487230872,2017,11,10,11002,Antwerpen,Normaal,Droog,Dag,met lichtgewonden,5,Lichte vrachtauto,3,Fiets,Op Kruispunt,Gemeenteweg,binnen bebouwde kom,Tss. 2 best.: langs opzij (voor-/achterkant-flank),Geen hindernis
4922,3,Brasschaat 1,Brasschaat,51.27503,4.47222,2.3812642083193523,51.255690256120566,4.457521487230872,2017,11,10,11002,Antwerpen,Normaal,Droog,Dag,met lichtgewonden,5,Lichte vrachtauto,3,Fiets,Op Kruispunt,Gemeenteweg,binnen bebouwde kom,Tss. 2 best.: langs opzij (voor-/achterkant-flank),Geen hindernis
4967,3,Brasschaat 1,Brasschaat,51.27503,4.47222,2.147189814933956,51.29008603084924,4.491551094106084,2017,12,18,11008,Brasschaat,Normaal,Droog,"Nacht, openbare verlichting aanwezig en ontstoken",met lichtgewonden,9,personenauto,3,Fiets,Op Kruispunt,Gewestweg,binnen bebouwde kom,Tss. 2 best.: langs opzij (voor-/achterkant-flank),Geen hindernis
4967,2,Brasschaat 2,Brasschaat,51.27512,4.47169,2.1627506816572257,51.29008603084924,4.491551094106084,2017,12,18,11008,Brasschaat,Normaal,Droog,"Nacht, openbare verlichting aanwezig en ontstoken",met lichtgewonden,9,personenauto,3,Fiets,Op Kruispunt,Gewestweg,binnen bebouwde kom,Tss. 2 best.: langs opzij (voor-/achterkant-flank),Geen hindernis
4971,2,Brasschaat 2,Brasschaat,51.27512,4.47169,1.4271215731440643,51.2630291585191,4.464809182435176,2017,11,16,11040,Schoten,Normaal,Droog,Dageraad - schemering,met lichtgewonden,9,personenauto,3,Fiets,Buiten Kruispunt,Gewestweg,buiten bebouwde kom,Tss. 2 best.: langs opzij (voor-/achterkant-flank),Geen hindernis
4971,3,Brasschaat 1,Brasschaat,51.27503,4.47222,1.4305694777490177,51.2630291585191,4.464809182435176,2017,11,16,11040,Schoten,Normaal,Droog,Dageraad - schemering,met lichtgewonden,9,personenauto,3,Fiets,Buiten Kruispunt,Gewestweg,buiten bebouwde kom,Tss. 2 best.: langs opzij (voor-/achterkant-flank),Geen hindernis
4975,104,Malle teller 2,Malle,51.31682,4.73852,1.9307273443059798,51.32010334018751,4.71123930837472,2017,11,15,11057,Malle,Normaal,Droog,Dag,met lichtgewonden,3,Fiets,5,Lichte vrachtauto,Op Kruispunt,Gewestweg,buiten bebouwde kom,Tussen 2 bestuurders: Langs achteren,Geen hindernis
4975,103,Malle teller 1,Malle,51.31681,4.73872,1.9445868309874719,51.32010334018751,4.71123930837472,2017,11,15,11057,Malle,Normaal,Droog,Dag,met lichtgewonden,3,Fiets,5,Lichte vrachtauto,Op Kruispunt,Gewestweg,buiten bebouwde kom,Tussen 2 bestuurders: Langs achteren,Geen hindernis
4981,96,Lier teller 2,Lier,51.11705,4.58444,1.7738411464089214,51.12950893862141,4.568566669950542,2017,11,13,12021,Lier,Normaal,"Nat, plassen",Dag,met lichtgewonden,3,Fiets,9,personenauto,Op Kruispunt,Gemeenteweg,binnen bebouwde kom,Tss. 2 best.: langs opzij (voor-/achterkant-flank),Geen hindernis
4981,95,Lier teller 1,Lier,51.11687,4.58437,1.7864977004698424,51.12950893862141,4.568566669950542,2017,11,13,12021,Lier,Normaal,"Nat, plassen",Dag,met lichtgewonden,3,Fiets,9,personenauto,Op Kruispunt,Gemeenteweg,binnen bebouwde kom,Tss. 2 best.: langs opzij (voor-/achterkant-flank),Geen hindernis
4986,92,Nijlen teller 1,Nijlen,51.14989,4.64479,2.1954636709458444,51.15044603341581,4.676253468599054,2017,11,7,12026,Nijlen,Mist (zichtbaarheid minder dan 100m),Droog,Dag,met lichtgewonden,3,Fiets,9,personenauto,Buiten Kruispunt,Gemeenteweg,buiten bebouwde kom,Tss. 2 best.: langs opzij (voor-/achterkant-flank),Geen hindernis
4986,93,Nijlen teller 2,Nijlen,51.14998,4.64469,2.202175601304309,51.15044603341581,4.676253468599054,2017,11,7,12026,Nijlen,Mist (zichtbaarheid minder dan 100m),Droog,Dag,met lichtgewonden,3,Fiets,9,personenauto,Buiten Kruispunt,Gemeenteweg,buiten bebouwde kom,Tss. 2 best.: langs opzij (voor-/achterkant-flank),Geen hindernis
4987,93,Nijlen teller 2,Nijlen,51.14998,4.64469,1.8267750155558045,51.16521625597106,4.654487014720137,2017,11,12,12026,Nijlen,Normaal,Droog,Dag,met lichtgewonden,9,personenauto,3,Fiets,Op Kruispunt,Gemeenteweg,binnen bebouwde kom,Tussen 2 bestuurders: Frontale botsing,Geen hindernis
4987,92,Nijlen teller 1,Nijlen,51.14989,4.64479,1.8334765873720393,51.16521625597106,4.654487014720137,2017,11,12,12026,Nijlen,Normaal,Droog,Dag,met lichtgewonden,9,personenauto,3,Fiets,Op Kruispunt,Gemeenteweg,binnen bebouwde kom,Tussen 2 bestuurders: Frontale botsing,Geen hindernis
4990,103,Malle teller 1,Malle,51.31681,4.73872,2.125525628304977,51.33464108661892,4.749743041965962,2017,11,7,13037,Rijkevorsel,Normaal,Droog,Dag,met lichtgewonden,3,Fiets,9,personenauto,Buiten Kruispunt,Gewestweg,buiten bebouwde kom,Tss. 2 best.: langs opzij (voor-/achterkant-flank),Geen hindernis
4990,104,Malle teller 2,Malle,51.31682,4.73852,2.129538065464743,51.33464108661892,4.749743041965962,2017,11,7,13037,Rijkevorsel,Normaal,Droog,Dag,met lichtgewonden,3,Fiets,9,personenauto,Buiten Kruispunt,Gewestweg,buiten bebouwde kom,Tss. 2 best.: langs opzij (voor-/achterkant-flank),Geen hindernis
4999,88,Westerlo teller 1,Westerlo,51.082,4.91325,2.097999100321719,51.08563036062582,4.883775771846483,2017,11,12,13049,Westerlo,Normaal,"Nat, plassen",Dag,met lichtgewonden,3,Fiets,9,personenauto,Op Kruispunt,Gemeenteweg,buiten bebouwde kom,Tss. 2 best.: langs opzij (voor-/achterkant-flank),Geen hindernis
4999,89,Westerlo teller 2,Westerlo,51.08191,4.91334,2.106113331967416,51.08563036062582,4.883775771846483,2017,11,12,13049,Westerlo,Normaal,"Nat, plassen",Dag,met lichtgewonden,3,Fiets,9,personenauto,Op Kruispunt,Gemeenteweg,buiten bebouwde kom,Tss. 2 best.: langs opzij (voor-/achterkant-flank),Geen hindernis
5003,97,Geel teller 1,Geel,51.14813,4.99698,1.764213357325859,51.16385973195604,5.0002877042303355,2017,11,14,13008,Geel,Normaal,Droog,Dag,met zwaargewonden,9,personenauto,3,Fiets,Buiten Kruispunt,Gemeenteweg,binnen bebouwde kom,Tss. 2 best.: langs opzij (voor-/achterkant-flank),Geen hindernis
5003,98,Geel teller 2,Geel,51.1481,4.99643,1.7729347728254188,51.16385973195604,5.0002877042303355,2017,11,14,13008,Geel,Normaal,Droog,Dag,met zwaargewonden,9,personenauto,3,Fiets,Buiten Kruispunt,Gemeenteweg,binnen bebouwde kom,Tss. 2 best.: langs opzij (voor-/achterkant-flank),Geen hindernis
5008,135,Retie 2,Dessel,51.2544998,5.1040064,1.5624211212950103,51.24151375488553,5.112579651774349,2017,11,11,13006,Dessel,Normaal,Droog,Dag,met lichtgewonden,3,Fiets,9,personenauto,Buiten Kruispunt,Gewestweg,binnen bebouwde kom,Tss. 2 best.: langs opzij (voor-/achterkant-flank),Geen hindernis
5008,134,Retie,Dessel,51.2548405,5.1037658,1.6038286632151022,51.24151375488553,5.112579651774349,2017,11,11,13006,Dessel,Normaal,Droog,Dag,met lichtgewonden,3,Fiets,9,personenauto,Buiten Kruispunt,Gewestweg,binnen bebouwde kom,Tss. 2 best.: langs opzij (voor-/achterkant-flank),Geen hindernis
5009,135,Retie 2,Dessel,51.2544998,5.1040064,1.6425057291696226,51.23992708460068,5.1078638904664215,2017,11,7,13006,Dessel,Regenval,"Nat, plassen",Dageraad - schemering,met lichtgewonden,9,personenauto,3,Fiets,Op Kruispunt,Gemeenteweg,binnen bebouwde kom,Tss. 2 best.: langs opzij (voor-/achterkant-flank),Geen hindernis
5009,134,Retie,Dessel,51.2548405,5.1037658,1.6826493025384759,51.23992708460068,5.1078638904664215,2017,11,7,13006,Dessel,Regenval,"Nat, plassen",Dageraad - schemering,met lichtgewonden,9,personenauto,3,Fiets,Op Kruispunt,Gemeenteweg,binnen bebouwde kom,Tss. 2 best.: langs opzij (voor-/achterkant-flank),Geen hindernis
5011,94,Herentals teller 2,Herentals,51.17345,4.81283,2.1157206379189613,51.1847445663744,4.837255788127204,2017,11,16,13011,Herentals,Regenval,"Nat, plassen",Dageraad - schemering,met lichtgewonden,3,Fiets,9,personenauto,Buiten Kruispunt,Gewestweg,binnen bebouwde kom,Tss. 2 best.: langs opzij (voor-/achterkant-flank),Geen hindernis
5011,110,Herentals totem,Herentals,51.1739426,4.811783,2.143714563269206,51.1847445663744,4.837255788127204,2017,11,16,13011,Herentals,Regenval,"Nat, plassen",Dageraad - schemering,met lichtgewonden,3,Fiets,9,personenauto,Buiten Kruispunt,Gewestweg,binnen bebouwde kom,Tss. 2 best.: langs opzij (voor-/achterkant-flank),Geen hindernis
5012,94,Herentals teller 2,Herentals,51.17345,4.81283,1.3703054620669703,51.17064202066417,4.831968098920007,2017,11,16,13011,Herentals,Normaal,Droog,Dageraad - schemering,met lichtgewonden,9,personenauto,3,Fiets,Op Kruispunt,Gemeenteweg,binnen bebouwde kom,Tussen 2 bestuurders: Frontale botsing,Geen hindernis
5012,110,Herentals totem,Herentals,51.1739426,4.811783,1.4543161443519979,51.17064202066417,4.831968098920007,2017,11,16,13011,Herentals,Normaal,Droog,Dageraad - schemering,met lichtgewonden,9,personenauto,3,Fiets,Op Kruispunt,Gemeenteweg,binnen bebouwde kom,Tussen 2 bestuurders: Frontale botsing,Geen hindernis
5015,94,Herentals teller 2,Herentals,51.17345,4.81283,2.0421978900393274,51.156268554847166,4.802482300065792,2017,11,8,13012,Herenthout,Regenval,"Nat, plassen",Dag,met lichtgewonden,9,personenauto,3,Fiets,Op Kruispunt,Gemeenteweg,buiten bebouwde kom,Tss. 2 best.: langs opzij (voor-/achterkant-flank),Geen hindernis
5015,110,Herentals totem,Herentals,51.1739426,4.811783,2.0695022294673913,51.156268554847166,4.802482300065792,2017,11,8,13012,Herenthout,Regenval,"Nat, plassen",Dag,met lichtgewonden,9,personenauto,3,Fiets,Op Kruispunt,Gemeenteweg,buiten bebouwde kom,Tss. 2 best.: langs opzij (voor-/achterkant-flank),Geen hindernis
5016,94,Herentals teller 2,Herentals,51.17345,4.81283,1.5411531713924829,51.17492658823871,4.834810919340843,2017,11,14,13011,Herentals,Regenval,"Nat, plassen",Dag,met lichtgewonden,9,personenauto,3,Fiets,Op Kruispunt,Gemeenteweg,binnen bebouwde kom,Tss. 2 best.: langs opzij (voor-/achterkant-flank),Geen hindernis
5016,110,Herentals totem,Herentals,51.1739426,4.811783,1.6090886140346736,51.17492658823871,4.834810919340843,2017,11,14,13011,Herentals,Regenval,"Nat, plassen",Dag,met lichtgewonden,9,personenauto,3,Fiets,Op Kruispunt,Gemeenteweg,binnen bebouwde kom,Tss. 2 best.: langs opzij (voor-/achterkant-flank),Geen hindernis
5018,37,Lommel teller 1,Lommel,51.23299,5.29211,0.9337109346266362,51.23354009521595,5.305491793196418,2017,11,15,72020,Lommel,Normaal,Proper,Dag,met lichtgewonden,9,personenauto,3,Fiets,Buiten Kruispunt,Gemeenteweg,binnen bebouwde kom,Tussen 2 bestuurders: Langs achteren,Geen hindernis
5018,38,Lommel teller 2,Lommel,51.23277,5.29189,0.9508884583499223,51.23354009521595,5.305491793196418,2017,11,15,72020,Lommel,Normaal,Proper,Dag,met lichtgewonden,9,personenauto,3,Fiets,Buiten Kruispunt,Gemeenteweg,binnen bebouwde kom,Tussen 2 bestuurders: Langs achteren,Geen hindernis
5019,37,Lommel teller 1,Lommel,51.23299,5.29211,1.0675903720477353,51.233948092285196,5.307367000288499,2017,11,19,72020,Lommel,Normaal,"Nat, plassen","Nacht, openbare verlichting aanwezig en ontstoken",Met doden,4,Vrachtwagen,3,Fiets,Op Kruispunt,Gemeenteweg,binnen bebouwde kom,Tss. 2 best.: langs opzij (voor-/achterkant-flank),Geen hindernis
5019,38,Lommel teller 2,Lommel,51.23277,5.29189,1.085514752817687,51.233948092285196,5.307367000288499,2017,11,19,72020,Lommel,Normaal,"Nat, plassen","Nacht, openbare verlichting aanwezig en ontstoken",Met doden,4,Vrachtwagen,3,Fiets,Op Kruispunt,Gemeenteweg,binnen bebouwde kom,Tss. 2 best.: langs opzij (voor-/achterkant-flank),Geen hindernis
5021,46,Pelt teller 2,Pelt,51.231,5.44375,0.7168183823025578,51.22842322649628,5.43431352864883,2017,11,8,72043,Pelt,Normaal,Droog,Dag,met lichtgewonden,3,Fiets,9,personenauto,Op Kruispunt,Gewestweg,binnen bebouwde kom,Tss. 2 best.: langs opzij (voor-/achterkant-flank),Geen hindernis
5021,45,Pelt teller 1,Pelt,51.23127,5.44377,0.7305914198111383,51.22842322649628,5.43431352864883,2017,11,8,72043,Pelt,Normaal,Droog,Dag,met lichtgewonden,3,Fiets,9,personenauto,Op Kruispunt,Gewestweg,binnen bebouwde kom,Tss. 2 best.: langs opzij (voor-/achterkant-flank),Geen hindernis
5022,46,Pelt teller 2,Pelt,51.231,5.44375,0.6502741325521187,51.228683315034765,5.435175055658705,2017,11,12,72043,Pelt,Normaal,"Nat, plassen",Dag,met lichtgewonden,9,personenauto,3,Fiets,Buiten Kruispunt,Gewestweg,binnen bebouwde kom,Tss. 2 best.: langs opzij (voor-/achterkant-flank),Geen hindernis
5022,45,Pelt teller 1,Pelt,51.23127,5.44377,0.6639943444720787,51.228683315034765,5.435175055658705,2017,11,12,72043,Pelt,Normaal,"Nat, plassen",Dag,met lichtgewonden,9,personenauto,3,Fiets,Buiten Kruispunt,Gewestweg,binnen bebouwde kom,Tss. 2 best.: langs opzij (voor-/achterkant-flank),Geen hindernis
5032,21,Bilzen,Bilzen,50.86015,5.50161,1.5484485103900236,50.86981633424633,5.517492266692879,2017,11,16,73006,Bilzen,Regenval,"Nat, plassen","Nacht, openbare verlichting aanwezig en ontstoken",met lichtgewonden,3,Fiets,9,personenauto,Buiten Kruispunt,Gemeenteweg,binnen bebouwde kom,Tss. 2 best.: langs opzij (voor-/achterkant-flank),Geen hindernis
5035,25,Bree,Bree,51.13679500160176,5.597669323604317,0.6560204024056382,51.14269222169788,5.597394893830409,2017,11,12,72004,Bree,Normaal,Droog,Dag,met lichtgewonden,3,Fiets,6,Bromfiets,Op Kruispunt,Gewestweg,binnen bebouwde kom,Tss. 2 best.: langs opzij (voor-/achterkant-flank),Geen hindernis
5037,107,leuven totem,Leuven,50.8870744,4.7087919,0.32313833697652883,50.88463182216765,4.71128762310513,2017,11,7,24062,Leuven,Onbekend,Onbekend,Dag,met lichtgewonden,9,personenauto,3,Fiets,Op Kruispunt,Gewestweg,binnen bebouwde kom,Tss. 2 best.: langs opzij (voor-/achterkant-flank),Geen hindernis
5037,77,Leuven teller 2,Leuven,50.88672,4.70796,0.3292484264708987,50.88463182216765,4.71128762310513,2017,11,7,24062,Leuven,Onbekend,Onbekend,Dag,met lichtgewonden,9,personenauto,3,Fiets,Op Kruispunt,Gewestweg,binnen bebouwde kom,Tss. 2 best.: langs opzij (voor-/achterkant-flank),Geen hindernis
5037,69,Leuven teller 1,Leuven,50.87549,4.71526,1.0540359779530326,50.88463182216765,4.71128762310513,2017,11,7,24062,Leuven,Onbekend,Onbekend,Dag,met lichtgewonden,9,personenauto,3,Fiets,Op Kruispunt,Gewestweg,binnen bebouwde kom,Tss. 2 best.: langs opzij (voor-/achterkant-flank),Geen hindernis
5038,107,leuven totem,Leuven,50.8870744,4.7087919,0.9102069219782086,50.88980550930462,4.721024371994081,2017,11,11,24062,Leuven,Onbekend,"Nat, plassen",Dag,met lichtgewonden,9,personenauto,3,Fiets,Op Kruispunt,Gemeenteweg,binnen bebouwde kom,Tss. 2 best.: langs opzij (voor-/achterkant-flank),Geen hindernis
5038,77,Leuven teller 2,Leuven,50.88672,4.70796,0.9785281925499095,50.88980550930462,4.721024371994081,2017,11,11,24062,Leuven,Onbekend,"Nat, plassen",Dag,met lichtgewonden,9,personenauto,3,Fiets,Op Kruispunt,Gemeenteweg,binnen bebouwde kom,Tss. 2 best.: langs opzij (voor-/achterkant-flank),Geen hindernis
5038,69,Leuven teller 1,Leuven,50.87549,4.71526,1.6423763714406692,50.88980550930462,4.721024371994081,2017,11,11,24062,Leuven,Onbekend,"Nat, plassen",Dag,met lichtgewonden,9,personenauto,3,Fiets,Op Kruispunt,Gemeenteweg,binnen bebouwde kom,Tss. 2 best.: langs opzij (voor-/achterkant-flank),Geen hindernis