crash_row_id,site_id,site_name,site_gemeente,site_lat,site_long,distance_km,crash_lat,crash_long,DT_YEAR_COLLISION,DT_MONTH_COLLISION,DT_TIME,CD_NIS,TX_MUNTY_COLLISION_NL,TX_WEATHER_NL,TX_ROAD_CONDITION_NL,TX_LIGHT_CONDITION_NL,TX_CLASS_ACCIDENTS_NL,CD_ROAD_USR_TYPE1,TX_ROAD_USR_TYPE1_NL,CD_ROAD_USR_TYPE2,TX_ROAD_USR_TYPE2_NL,TX_CROSSWAY_NL,CD_ROAD_TYPE_NL,TX_BUILD_UP_AREA_NL,TX_COLLISION_TYPE_NL,TX_OBSTACLES_NL
5208,19,Aalst 1,Aalst,50.93433,4.01471,1.1392915855645498,50.937624337439395,4.030105143600094,2017,11,17,41002,Aalst,Normaal,Droog,"Nacht, openbare verlichting aanwezig en ontstoken",met lichtgewonden,3,Fiets,8,Voetganger,Buiten Kruispunt,Gemeenteweg,binnen bebouwde kom,Met een voetganger,Geen hindernis
5209,11,Aalst 3,Aalst,50.93385,4.01647,1.0206263510799005,50.9324586432819,4.0308658464379725,2017,11,13,41002,Aalst,Sneeuwval,"Ijzel, sneeuw",Dag,met lichtgewonden,3,Fiets,8,Voetganger,Op Kruispunt,Gewestweg,binnen bebouwde kom,Met een voetganger,Geen hindernis
5209,10,Aalst 2,Aalst,50.93549,4.01571,1.1142781186768242,50.9324586432819,4.0308658464379725,2017,11,13,41002,Aalst,Sneeuwval,"Ijzel, sneeuw",Dag,met lichtgewonden,3,Fiets,8,Voetganger,Op Kruispunt,Gewestweg,binnen bebouwde kom,Met een voetganger,Geen hindernis
5209,19,Aalst 1,Aalst,50.93433,4.01471,1.1511272909660115,50.9324586432819,4.0308658464379725,2017,11,13,41002,Aalst,Sneeuwval,"Ijzel, sneeuw",Dag,met lichtgewonden,3,Fiets,8,Voetganger,Op Kruispunt,Gewestweg,binnen bebouwde kom,Met een voetganger,Geen hindernis
5213,122,Dendermonde teller 2,Dendermonde,51.0373918,4.1019222,1.3585952613037096,51.03236265989276,4.084215018356235,2017,12,10,42006,Dendermonde,Normaal,Droog,Dag,met lichtgewonden,3,Fiets,9,personenauto,Op Kruispunt,Gewestweg,binnen bebouwde kom,Tss. 2 best.: langs opzij (voor-/achterkant-flank),Geen hindernis
5213,125,Dendermonde totem,Dendermonde,51.0372706,4.1025998,1.3965923443512596,51.03236265989276,4.084215018356235,2017,12,10,42006,Dendermonde,Normaal,Droog,Dag,met lichtgewonden,3,Fiets,9,personenauto,Op Kruispunt,Gewestweg,binnen bebouwde kom,Tss. 2 best.: langs opzij (voor-/achterkant-flank),Geen hindernis
5214,125,Dendermonde totem,Dendermonde,51.0372706,4.1025998,1.8160781837733146,51.021331437586745,4.108263899747726,2017,11,17,42006,Dendermonde,Normaal,Droog,"Nacht, openbare verlichting aanwezig en ontstoken",met lichtgewonden,9,personenauto,3,Fiets,Op Kruispunt,Gewestweg,binnen bebouwde kom,Tussen 2 bestuurders: Frontale botsing,Geen hindernis
5214,122,Dendermonde teller 2,Dendermonde,51.0373918,4.1019222,1.8400756480605835,51.021331437586745,4.108263899747726,2017,11,17,42006,Dendermonde,Normaal,Droog,"Nacht, openbare verlichting aanwezig en ontstoken",met lichtgewonden,9,personenauto,3,Fiets,Op Kruispunt,Gewestweg,binnen bebouwde kom,Tussen 2 bestuurders: Frontale botsing,Geen hindernis
5215,142,TEST Validatie BRUGGE Y2H22022134,Brugge,51.22632,3.24095,1.2468997456755173,51.215675110980115,3.246579581115293,2017,11,6,31005,Brugge,Regenval,"Nat, plassen","Nacht, openbare verlichting aanwezig en ontstoken",met lichtgewonden,9,personenauto,3,Fiets,Buiten Kruispunt,Gemeenteweg,binnen bebouwde kom,Tussen 2 bestuurders: Frontale botsing,Geen hindernis
5215,52,Brugge,Brugge,51.22632,3.24095,1.2468997456755173,51.215675110980115,3.246579581115293,2017,11,6,31005,Brugge,Regenval,"Nat, plassen","Nacht, openbare verlichting aanwezig en ontstoken",met lichtgewonden,9,personenauto,3,Fiets,Buiten Kruispunt,Gemeenteweg,binnen bebouwde kom,Tussen 2 bestuurders: Frontale botsing,Geen hindernis
5215,54,Brugge teller 2,Brugge,51.23015,3.22818,2.05729770466622,51.215675110980115,3.246579581115293,2017,11,6,31005,Brugge,Regenval,"Nat, plassen","Nacht, openbare verlichting aanwezig en ontstoken",met lichtgewonden,9,personenauto,3,Fiets,Buiten Kruispunt,Gemeenteweg,binnen bebouwde kom,Tussen 2 bestuurders: Frontale botsing,Geen hindernis
5215,53,Brugge teller 1,Brugge,51.23023,3.228,2.0720683069320396,51.215675110980115,3.246579581115293,2017,11,6,31005,Brugge,Regenval,"Nat, plassen","Nacht, openbare verlichting aanwezig en ontstoken",met lichtgewonden,9,personenauto,3,Fiets,Buiten Kruispunt,Gemeenteweg,binnen bebouwde kom,Tussen 2 bestuurders: Frontale botsing,Geen hindernis
5216,54,Brugge teller 2,Brugge,51.23015,3.22818,1.9950392862566502,51.2144030078636,3.2144503304903855,2017,11,14,31005,Brugge,Normaal,Droog,Dag,met lichtgewonden,3,Fiets,9,personenauto,Op Kruispunt,Gemeenteweg,binnen bebouwde kom,Tss. 2 best.: langs opzij (voor-/achterkant-flank),Geen hindernis
5216,53,Brugge teller 1,Brugge,51.23023,3.228,1.9968968213334097,51.2144030078636,3.2144503304903855,2017,11,14,31005,Brugge,Normaal,Droog,Dag,met lichtgewonden,3,Fiets,9,personenauto,Op Kruispunt,Gemeenteweg,binnen bebouwde kom,Tss. 2 best.: langs opzij (voor-/achterkant-flank),Geen hindernis
5216,52,Brugge,Brugge,51.22632,3.24095,2.271998779977514,51.2144030078636,3.2144503304903855,2017,11,14,31005,Brugge,Normaal,Droog,Dag,met lichtgewonden,3,Fiets,9,personenauto,Op Kruispunt,Gemeenteweg,binnen bebouwde kom,Tss. 2 best.: langs opzij (voor-/achterkant-flank),Geen hindernis
5216,142,TEST Validatie BRUGGE Y2H22022134,Brugge,51.22632,3.24095,2.271998779977514,51.2144030078636,3.2144503304903855,2017,11,14,31005,Brugge,Normaal,Droog,Dag,met lichtgewonden,3,Fiets,9,personenauto,Op Kruispunt,Gemeenteweg,binnen bebouwde kom,Tss. 2 best.: langs opzij (voor-/achterkant-flank),Geen hindernis
5217,142,TEST Validatie BRUGGE Y2H22022134,Brugge,51.22632,3.24095,1.5425552113641685,51.214188358340095,3.251692497558323,2017,11,12,31005,Brugge,Normaal,Droog,Dag,met zwaargewonden,9,personenauto,3,Fiets,Op Kruispunt,Gemeenteweg,binnen bebouwde kom,Tss. 2 best.: langs opzij (voor-/achterkant-flank),Geen hindernis
5217,52,Brugge,Brugge,51.22632,3.24095,1.5425552113641685,51.214188358340095,3.251692497558323,2017,11,12,31005,Brugge,Normaal,Droog,Dag,met zwaargewonden,9,personenauto,3,Fiets,Op Kruispunt,Gemeenteweg,binnen bebouwde kom,Tss. 2 best.: langs opzij (voor-/achterkant-flank),Geen hindernis
5217,54,Brugge teller 2,Brugge,51.23015,3.22818,2.4148174116017405,51.214188358340095,3.251692497558323,2017,11,12,31005,Brugge,Normaal,Droog,Dag,met zwaargewonden,9,personenauto,3,Fiets,Op Kruispunt,Gemeenteweg,binnen bebouwde kom,Tss. 2 best.: langs opzij (voor-/achterkant-flank),Geen hindernis
5217,53,Brugge teller 1,Brugge,51.23023,3.228,2.4298567599049923,51.214188358340095,3.251692497558323,2017,11,12,31005,Brugge,Normaal,Droog,Dag,met zwaargewonden,9,personenauto,3,Fiets,Op Kruispunt,Gemeenteweg,binnen bebouwde kom,Tss. 2 best.: langs opzij (voor-/achterkant-flank),Geen hindernis
5220,50,"Brugge, Sint-Andries",Brugge,51.19291,3.16252,2.2560054773353424,51.199718641865104,3.1930187846835576,2017,11,8,31005,Brugge,Regenval,"Nat, plassen","Nacht, openbare verlichting aanwezig en ontstoken",met lichtgewonden,9,personenauto,3,Fiets,Buiten Kruispunt,Gewestweg,binnen bebouwde kom,Tussen 2 bestuurders: Flank tegen flank,Geen hindernis
5220,51,"Brugge, Sint-Andries",Brugge,51.19281,3.16252,2.2597634815883727,51.199718641865104,3.1930187846835576,2017,11,8,31005,Brugge,Regenval,"Nat, plassen","Nacht, openbare verlichting aanwezig en ontstoken",met lichtgewonden,9,personenauto,3,Fiets,Buiten Kruispunt,Gewestweg,binnen bebouwde kom,Tussen 2 bestuurders: Flank tegen flank,Geen hindernis
5221,142,TEST Validatie BRUGGE Y2H22022134,Brugge,51.22632,3.24095,2.229812254338364,51.20906013787604,3.2246508635852,2017,11,9,31005,Brugge,Normaal,Droog,Dag,met lichtgewonden,9,personenauto,3,Fiets,Op Kruispunt,Gewestweg,binnen bebouwde kom,Tussen 2 bestuurders: Frontale botsing,Geen hindernis
5221,52,Brugge,Brugge,51.22632,3.24095,2.229812254338364,51.20906013787604,3.2246508635852,2017,11,9,31005,Brugge,Normaal,Droog,Dag,met lichtgewonden,9,personenauto,3,Fiets,Op Kruispunt,Gewestweg,binnen bebouwde kom,Tussen 2 bestuurders: Frontale botsing,Geen hindernis
5221,54,Brugge teller 2,Brugge,51.23015,3.22818,2.357931040397638,51.20906013787604,3.2246508635852,2017,11,9,31005,Brugge,Normaal,Droog,Dag,met lichtgewonden,9,personenauto,3,Fiets,Op Kruispunt,Gewestweg,binnen bebouwde kom,Tussen 2 bestuurders: Frontale botsing,Geen hindernis
5221,53,Brugge teller 1,Brugge,51.23023,3.228,2.3655093197892976,51.20906013787604,3.2246508635852,2017,11,9,31005,Brugge,Normaal,Droog,Dag,met lichtgewonden,9,personenauto,3,Fiets,Op Kruispunt,Gewestweg,binnen bebouwde kom,Tussen 2 bestuurders: Frontale botsing,Geen hindernis
5222,142,TEST Validatie BRUGGE Y2H22022134,Brugge,51.22632,3.24095,1.7437122999993353,51.21092722051579,3.2361671827250373,2017,11,16,31005,Brugge,Normaal,Droog,Dageraad - schemering,met lichtgewonden,9,personenauto,3,Fiets,Buiten Kruispunt,Gewestweg,binnen bebouwde kom,Tss. 2 best.: langs opzij (voor-/achterkant-flank),Geen hindernis
5222,52,Brugge,Brugge,51.22632,3.24095,1.7437122999993353,51.21092722051579,3.2361671827250373,2017,11,16,31005,Brugge,Normaal,Droog,Dageraad - schemering,met lichtgewonden,9,personenauto,3,Fiets,Buiten Kruispunt,Gewestweg,binnen bebouwde kom,Tss. 2 best.: langs opzij (voor-/achterkant-flank),Geen hindernis
5222,54,Brugge teller 2,Brugge,51.23015,3.22818,2.208670879448092,51.21092722051579,3.2361671827250373,2017,11,16,31005,Brugge,Normaal,Droog,Dageraad - schemering,met lichtgewonden,9,personenauto,3,Fiets,Buiten Kruispunt,Gewestweg,binnen bebouwde kom,Tss. 2 best.: langs opzij (voor-/achterkant-flank),Geen hindernis
5222,53,Brugge teller 1,Brugge,51.23023,3.228,2.2204588458076437,51.21092722051579,3.2361671827250373,2017,11,16,31005,Brugge,Normaal,Droog,Dageraad - schemering,met lichtgewonden,9,personenauto,3,Fiets,Buiten Kruispunt,Gewestweg,binnen bebouwde kom,Tss. 2 best.: langs opzij (voor-/achterkant-flank),Geen hindernis
5223,54,Brugge teller 2,Brugge,51.23015,3.22818,1.7889957965324244,51.215739543726066,3.2167561638533737,2017,11,12,31005,Brugge,Normaal,"Nat, plassen",Dag,met lichtgewonden,9,personenauto,3,Fiets,Op Kruispunt,Gewestweg,binnen bebouwde kom,Tss. 2 best.: langs opzij (voor-/achterkant-flank),Geen hindernis
5223,53,Brugge teller 1,Brugge,51.23023,3.228,1.7914530561713027,51.215739543726066,3.2167561638533737,2017,11,12,31005,Brugge,Normaal,"Nat, plassen",Dag,met lichtgewonden,9,personenauto,3,Fiets,Op Kruispunt,Gewestweg,binnen bebouwde kom,Tss. 2 best.: langs opzij (voor-/achterkant-flank),Geen hindernis
5223,52,Brugge,Brugge,51.22632,3.24095,2.055032415466429,51.215739543726066,3.2167561638533737,2017,11,12,31005,Brugge,Normaal,"Nat, plassen",Dag,met lichtgewonden,9,personenauto,3,Fiets,Op Kruispunt,Gewestweg,binnen bebouwde kom,Tss. 2 best.: langs opzij (voor-/achterkant-flank),Geen hindernis
5223,142,TEST Validatie BRUGGE Y2H22022134,Brugge,51.22632,3.24095,2.055032415466429,51.215739543726066,3.2167561638533737,2017,11,12,31005,Brugge,Normaal,"Nat, plassen",Dag,met lichtgewonden,9,personenauto,3,Fiets,Op Kruispunt,Gewestweg,binnen bebouwde kom,Tss. 2 best.: langs opzij (voor-/achterkant-flank),Geen hindernis
5231,20,Brugge,Brugge,51.17416,3.20048,2.3086822168037995,51.17400775092453,3.233595420180219,2017,11,14,31022,Oostkamp,Normaal,Droog,Dag,met lichtgewonden,9,personenauto,3,Fiets,Op Kruispunt,Gewestweg,buiten bebouwde kom,Tussen 2 bestuurders: Frontale botsing,Geen hindernis
5233,20,Brugge,Brugge,51.17416,3.20048,2.2896712558120544,51.15506769343298,3.1881798520432363,2017,12,9,31040,Zedelgem,Onbekend,Onbekend,Dag,met lichtgewonden,3,Fiets,9,personenauto,Op Kruispunt,Gewestweg,binnen bebouwde kom,Tss. 2 best.: langs opzij (voor-/achterkant-flank),Geen hindernis
5236,15,Oostende 2,Oostende,51.21371,2.92743,0.41989604979428097,51.21681629276849,2.9240020319162894,2017,11,22,35013,Oostende,Normaal,Droog,"Nacht, openbare verlichting aanwezig en ontstoken",met lichtgewonden,3,Fiets,9,personenauto,Op Kruispunt,Gemeenteweg,binnen bebouwde kom,Tss. 2 best.: langs opzij (voor-/achterkant-flank),Geen hindernis
5236,18,Oostende 1,Oostende,51.21378,2.92765,0.42254987546496453,51.21681629276849,2.9240020319162894,2017,11,22,35013,Oostende,Normaal,Droog,"Nacht, openbare verlichting aanwezig en ontstoken",met lichtgewonden,3,Fiets,9,personenauto,Op Kruispunt,Gemeenteweg,binnen bebouwde kom,Tss. 2 best.: langs opzij (voor-/achterkant-flank),Geen hindernis
5237,15,Oostende 2,Oostende,51.21371,2.92743,1.4522867164145499,51.22398535754876,2.9145581721574363,2017,11,16,35013,Oostende,Normaal,"Nat, plassen","Nacht, openbare verlichting aanwezig en ontstoken",met lichtgewonden,9,personenauto,3,Fiets,Op Kruispunt,Gemeenteweg,binnen bebouwde kom,Tss. 2 best.: langs opzij (voor-/achterkant-flank),Geen hindernis
5237,18,Oostende 1,Oostende,51.21378,2.92765,1.455718488008317,51.22398535754876,2.9145581721574363,2017,11,16,35013,Oostende,Normaal,"Nat, plassen","Nacht, openbare verlichting aanwezig en ontstoken",met lichtgewonden,9,personenauto,3,Fiets,Op Kruispunt,Gemeenteweg,binnen bebouwde kom,Tss. 2 best.: langs opzij (voor-/achterkant-flank),Geen hindernis
5238,15,Oostende 2,Oostende,51.21371,2.92743,1.9285192648311569,51.21430910733031,2.899759384394381,2017,11,17,35013,Oostende,Normaal,"Nat, plassen","Nacht, geen openbare verlichting aanwezig",met lichtgewonden,9,personenauto,3,Fiets,Op Kruispunt,Gewestweg,binnen bebouwde kom,Tss. 2 best.: langs opzij (voor-/achterkant-flank),Geen hindernis
5238,18,Oostende 1,Oostende,51.21378,2.92765,1.9435814016332318,51.21430910733031,2.899759384394381,2017,11,17,35013,Oostende,Normaal,"Nat, plassen","Nacht, geen openbare verlichting aanwezig",met lichtgewonden,9,personenauto,3,Fiets,Op Kruispunt,Gewestweg,binnen bebouwde kom,Tss. 2 best.: langs opzij (voor-/achterkant-flank),Geen hindernis
5239,18,Oostende 1,Oostende,51.21378,2.92765,0.7843600493250887,51.218165456866004,2.9364704211177663,2017,11,8,35013,Oostende,Normaal,Droog,Dag,met lichtgewonden,9,personenauto,3,Fiets,Op Kruispunt,Gemeenteweg,binnen bebouwde kom,Tss. 2 best.: langs opzij (voor-/achterkant-flank),Geen hindernis
5239,15,Oostende 2,Oostende,51.21371,2.92743,0.8012088338409131,51.218165456866004,2.9364704211177663,2017,11,8,35013,Oostende,Normaal,Droog,Dag,met lichtgewonden,9,personenauto,3,Fiets,Op Kruispunt,Gemeenteweg,binnen bebouwde kom,Tss. 2 best.: langs opzij (voor-/achterkant-flank),Geen hindernis
5241,18,Oostende 1,Oostende,51.21378,2.92765,2.2110079756230054,51.22090462202964,2.9572872768412855,2017,11,13,35002,Bredene,Regenval,"Nat, plassen",Dag,met lichtgewonden,9,personenauto,3,Fiets,Op Kruispunt,Gewestweg,binnen bebouwde kom,Tss. 2 best.: langs opzij (voor-/achterkant-flank),Geen hindernis
5241,15,Oostende 2,Oostende,51.21371,2.92743,2.228104487190237,51.22090462202964,2.9572872768412855,2017,11,13,35002,Bredene,Regenval,"Nat, plassen",Dag,met lichtgewonden,9,personenauto,3,Fiets,Op Kruispunt,Gewestweg,binnen bebouwde kom,Tss. 2 best.: langs opzij (voor-/achterkant-flank),Geen hindernis
5242,15,Oostende 2,Oostende,51.21371,2.92743,0.41989604979428097,51.21681629276849,2.9240020319162894,2017,11,15,35013,Oostende,Normaal,"Nat, plassen",Dag,met zwaargewonden,4,Vrachtwagen,3,Fiets,Op Kruispunt,Gemeenteweg,binnen bebouwde kom,Tss. 2 best.: langs opzij (voor-/achterkant-flank),Geen hindernis
5242,18,Oostende 1,Oostende,51.21378,2.92765,0.42254987546496453,51.21681629276849,2.9240020319162894,2017,11,15,35013,Oostende,Normaal,"Nat, plassen",Dag,met zwaargewonden,4,Vrachtwagen,3,Fiets,Op Kruispunt,Gemeenteweg,binnen bebouwde kom,Tss. 2 best.: langs opzij (voor-/achterkant-flank),Geen hindernis
5243,18,Oostende 1,Oostende,51.21378,2.92765,0.6261145000187007,51.21747800441437,2.9344288808242,2017,11,16,35013,Oostende,Onbekend,Onbekend,Dageraad - schemering,met lichtgewonden,8,Voetganger,3,Fiets,Op Kruispunt,Gewestweg,binnen bebouwde kom,Met een voetganger,Geen hindernis
5243,15,Oostende 2,Oostende,51.21371,2.92743,0.6427958385729791,51.21747800441437,2.9344288808242,2017,11,16,35013,Oostende,Onbekend,Onbekend,Dageraad - schemering,met lichtgewonden,8,Voetganger,3,Fiets,Op Kruispunt,Gewestweg,binnen bebouwde kom,Met een voetganger,Geen hindernis
5247,55,Torhout teller 1,Torhout,51.07161,3.08261,1.577643075230533,51.064339933742005,3.101998859406691,2017,11,19,31033,Torhout,Regenval,"Nat, plassen","Nacht, openbare verlichting aanwezig en ontstoken",met lichtgewonden,3,Fiets,5,Lichte vrachtauto,Buiten Kruispunt,Gewestweg,binnen bebouwde kom,Tussen 2 bestuurders: Frontale botsing,Geen hindernis
5247,56,Torhout teller 2,Torhout,51.07147,3.08244,1.5799886118598852,51.064339933742005,3.101998859406691,2017,11,19,31033,Torhout,Regenval,"Nat, plassen","Nacht, openbare verlichting aanwezig en ontstoken",met lichtgewonden,3,Fiets,5,Lichte vrachtauto,Buiten Kruispunt,Gewestweg,binnen bebouwde kom,Tussen 2 bestuurders: Frontale botsing,Geen hindernis
5255,84,Roeselare totem,Izegem,50.91717,3.18772,1.797827774794803,50.91816421140679,3.2133175936331013,2017,11,7,36008,Izegem,Normaal,Droog,Dageraad - schemering,met lichtgewonden,3,Fiets,5,Lichte vrachtauto,Buiten Kruispunt,Gemeenteweg,binnen bebouwde kom,Tss. 2 best.: langs opzij (voor-/achterkant-flank),Geen hindernis
5262,143,Eco Display Classic Budastraat,Kortrijk,50.83066,3.26286,0.5578263526778168,50.83565808175187,3.2635428265482282,2017,11,19,34022,Kortrijk,Normaal,"Nat, plassen","Nacht, openbare verlichting aanwezig en ontstoken",met lichtgewonden,9,personenauto,3,Fiets,Buiten Kruispunt,Gewestweg,binnen bebouwde kom,Tss. 2 best.: langs opzij (voor-/achterkant-flank),Geen hindernis
5262,17,Kortrijk 2,Kortrijk,50.83339,3.27773,1.027740019722856,50.83565808175187,3.2635428265482282,2017,11,19,34022,Kortrijk,Normaal,"Nat, plassen","Nacht, openbare verlichting aanwezig en ontstoken",met lichtgewonden,9,personenauto,3,Fiets,Buiten Kruispunt,Gewestweg,binnen bebouwde kom,Tss. 2 best.: langs opzij (voor-/achterkant-flank),Geen hindernis
5262,16,Kortrijk 1,Kortrijk,50.83332,3.27777,1.0323967269924506,50.83565808175187,3.2635428265482282,2017,11,19,34022,Kortrijk,Normaal,"Nat, plassen","Nacht, openbare verlichting aanwezig en ontstoken",met lichtgewonden,9,personenauto,3,Fiets,Buiten Kruispunt,Gewestweg,binnen bebouwde kom,Tss. 2 best.: langs opzij (voor-/achterkant-flank),Geen hindernis
5262,75,Kortrijk teller 2,Kortrijk,50.81925,3.25731,1.876281283495717,50.83565808175187,3.2635428265482282,2017,11,19,34022,Kortrijk,Normaal,"Nat, plassen","Nacht, openbare verlichting aanwezig en ontstoken",met lichtgewonden,9,personenauto,3,Fiets,Buiten Kruispunt,Gewestweg,binnen bebouwde kom,Tss. 2 best.: langs opzij (voor-/achterkant-flank),Geen hindernis
5262,74,Kortrijk teller 1,Kortrijk,50.81909,3.25728,1.8940744062633368,50.83565808175187,3.2635428265482282,2017,11,19,34022,Kortrijk,Normaal,"Nat, plassen","Nacht, openbare verlichting aanwezig en ontstoken",met lichtgewonden,9,personenauto,3,Fiets,Buiten Kruispunt,Gewestweg,binnen bebouwde kom,Tss. 2 best.: langs opzij (voor-/achterkant-flank),Geen hindernis
5263,143,Eco Display Classic Budastraat,Kortrijk,50.83066,3.26286,2.2700019915153384,50.83416956846494,3.231018681507142,2017,11,18,34022,Kortrijk,Regenval,"Nat, plassen","Nacht, openbare verlichting aanwezig en ontstoken",met lichtgewonden,9,personenauto,3,Fiets,Op Kruispunt,Gemeenteweg,binnen bebouwde kom,Tss. 2 best.: langs opzij (voor-/achterkant-flank),Geen hindernis
5263,75,Kortrijk teller 2,Kortrijk,50.81925,3.25731,2.482409522192506,50.83416956846494,3.231018681507142,2017,11,18,34022,Kortrijk,Regenval,"Nat, plassen","Nacht, openbare verlichting aanwezig en ontstoken",met lichtgewonden,9,personenauto,3,Fiets,Op Kruispunt,Gemeenteweg,binnen bebouwde kom,Tss. 2 best.: langs opzij (voor-/achterkant-flank),Geen hindernis
5263,74,Kortrijk teller 1,Kortrijk,50.81909,3.25728,2.4927771188440366,50.83416956846494,3.231018681507142,2017,11,18,34022,Kortrijk,Regenval,"Nat, plassen","Nacht, openbare verlichting aanwezig en ontstoken",met lichtgewonden,9,personenauto,3,Fiets,Op Kruispunt,Gemeenteweg,binnen bebouwde kom,Tss. 2 best.: langs opzij (voor-/achterkant-flank),Geen hindernis
5264,17,Kortrijk 2,Kortrijk,50.83339,3.27773,2.4124734750293153,50.85423516565972,3.287257308293852,2017,11,7,34023,Kuurne,Normaal,Droog,Dageraad - schemering,met lichtgewonden,9,personenauto,3,Fiets,Op Kruispunt,Gemeenteweg,binnen bebouwde kom,Tss. 2 best.: langs opzij (voor-/achterkant-flank),Geen hindernis
5264,16,Kortrijk 1,Kortrijk,50.83332,3.27777,2.4191781756313513,50.85423516565972,3.287257308293852,2017,11,7,34023,Kuurne,Normaal,Droog,Dageraad - schemering,met lichtgewonden,9,personenauto,3,Fiets,Op Kruispunt,Gemeenteweg,binnen bebouwde kom,Tss. 2 best.: langs opzij (voor-/achterkant-flank),Geen hindernis
5265,16,Kortrijk 1,Kortrijk,50.83332,3.27777,1.021057345709051,50.824326294747486,3.2748365334397547,2017,11,16,34022,Kortrijk,Onbekend,Onbekend,Dag,met lichtgewonden,3,Fiets,9,personenauto,Op Kruispunt,Gemeenteweg,binnen bebouwde kom,Tussen 2 bestuurders: Langs achteren,Geen hindernis
5265,17,Kortrijk 2,Kortrijk,50.83339,3.27773,1.028123047038968,50.824326294747486,3.2748365334397547,2017,11,16,34022,Kortrijk,Onbekend,Onbekend,Dag,met lichtgewonden,3,Fiets,9,personenauto,Op Kruispunt,Gemeenteweg,binnen bebouwde kom,Tussen 2 bestuurders: Langs achteren,Geen hindernis
5265,143,Eco Display Classic Budastraat,Kortrijk,50.83066,3.26286,1.0970947041690784,50.824326294747486,3.2748365334397547,2017,11,16,34022,Kortrijk,Onbekend,Onbekend,Dag,met lichtgewonden,3,Fiets,9,personenauto,Op Kruispunt,Gemeenteweg,binnen bebouwde kom,Tussen 2 bestuurders: Langs achteren,Geen hindernis
5265,75,Kortrijk teller 2,Kortrijk,50.81925,3.25731,1.3543913702476253,50.824326294747486,3.2748365334397547,2017,11,16,34022,Kortrijk,Onbekend,Onbekend,Dag,met lichtgewonden,3,Fiets,9,personenauto,Op Kruispunt,Gemeenteweg,binnen bebouwde kom,Tussen 2 bestuurders: Langs achteren,Geen hindernis
5265,74,Kortrijk teller 1,Kortrijk,50.81909,3.25728,1.3638093566714864,50.824326294747486,3.2748365334397547,2017,11,16,34022,Kortrijk,Onbekend,Onbekend,Dag,met lichtgewonden,3,Fiets,9,personenauto,Op Kruispunt,Gemeenteweg,binnen bebouwde kom,Tussen 2 bestuurders: Langs achteren,Geen hindernis
5266,143,Eco Display Classic Budastraat,Kortrijk,50.83066,3.26286,0.5669337811862332,50.830059989167665,3.2708761186561977,2017,11,17,34022,Kortrijk,Regenval,"Nat, plassen","Nacht, openbare verlichting aanwezig en ontstoken",met lichtgewonden,9,personenauto,3,Fiets,Op Kruispunt,Gewestweg,binnen bebouwde kom,Tss. 2 best.: langs opzij (voor-/achterkant-flank),Geen hindernis
5266,16,Kortrijk 1,Kortrijk,50.83332,3.27777,0.6048283428594567,50.830059989167665,3.2708761186561977,2017,11,17,34022,Kortrijk,Regenval,"Nat, plassen","Nacht, openbare verlichting aanwezig en ontstoken",met lichtgewonden,9,personenauto,3,Fiets,Op Kruispunt,Gewestweg,binnen bebouwde kom,Tss. 2 best.: langs opzij (voor-/achterkant-flank),Geen hindernis
5266,17,Kortrijk 2,Kortrijk,50.83339,3.27773,0.6072958871565012,50.830059989167665,3.2708761186561977,2017,11,17,34022,Kortrijk,Regenval,"Nat, plassen","Nacht, openbare verlichting aanwezig en ontstoken",met lichtgewonden,9,personenauto,3,Fiets,Op Kruispunt,Gewestweg,binnen bebouwde kom,Tss. 2 best.: langs opzij (voor-/achterkant-flank),Geen hindernis
5266,75,Kortrijk teller 2,Kortrijk,50.81925,3.25731,1.5339054367904483,50.830059989167665,3.2708761186561977,2017,11,17,34022,Kortrijk,Regenval,"Nat, plassen","Nacht, openbare verlichting aanwezig en ontstoken",met lichtgewonden,9,personenauto,3,Fiets,Op Kruispunt,Gewestweg,binnen bebouwde kom,Tss. 2 best.: langs opzij (voor-/achterkant-flank),Geen hindernis
5266,74,Kortrijk teller 1,Kortrijk,50.81909,3.25728,1.5491857720488695,50.830059989167665,3.2708761186561977,2017,11,17,34022,Kortrijk,Regenval,"Nat, plassen","Nacht, openbare verlichting aanwezig en ontstoken",met lichtgewonden,9,personenauto,3,Fiets,Op Kruispunt,Gewestweg,binnen bebouwde kom,Tss. 2 best.: langs opzij (voor-/achterkant-flank),Geen hindernis
5267,17,Kortrijk 2,Kortrijk,50.83339,3.27773,0.4444441588689381,50.83403303458583,3.271483824052507,2017,11,9,34022,Kortrijk,Normaal,Droog,Dag,met lichtgewonden,9,personenauto,3,Fiets,Op Kruispunt,Gewestweg,binnen bebouwde kom,Tussen 2 bestuurders: Langs achteren,Geen hindernis
5267,16,Kortrijk 1,Kortrijk,50.83332,3.27777,0.4485275163984999,50.83403303458583,3.271483824052507,2017,11,9,34022,Kortrijk,Normaal,Droog,Dag,met lichtgewonden,9,personenauto,3,Fiets,Op Kruispunt,Gewestweg,binnen bebouwde kom,Tussen 2 bestuurders: Langs achteren,Geen hindernis