crash_row_id,site_id,site_name,site_gemeente,site_lat,site_long,distance_km,crash_lat,crash_long,DT_YEAR_COLLISION,DT_MONTH_COLLISION,DT_TIME,CD_NIS,TX_MUNTY_COLLISION_NL,TX_WEATHER_NL,TX_ROAD_CONDITION_NL,TX_LIGHT_CONDITION_NL,TX_CLASS_ACCIDENTS_NL,CD_ROAD_USR_TYPE1,TX_ROAD_USR_TYPE1_NL,CD_ROAD_USR_TYPE2,TX_ROAD_USR_TYPE2_NL,TX_CROSSWAY_NL,CD_ROAD_TYPE_NL,TX_BUILD_UP_AREA_NL,TX_COLLISION_TYPE_NL,TX_OBSTACLES_NL
5267,143,Eco Display Classic Budastraat,Kortrijk,50.83066,3.26286,0.7123794108441458,50.83403303458583,3.271483824052507,2017,11,9,34022,Kortrijk,Normaal,Droog,Dag,met lichtgewonden,9,personenauto,3,Fiets,Op Kruispunt,Gewestweg,binnen bebouwde kom,Tussen 2 bestuurders: Langs achteren,Geen hindernis
5267,75,Kortrijk teller 2,Kortrijk,50.81925,3.25731,1.921766355419779,50.83403303458583,3.271483824052507,2017,11,9,34022,Kortrijk,Normaal,Droog,Dag,met lichtgewonden,9,personenauto,3,Fiets,Op Kruispunt,Gewestweg,binnen bebouwde kom,Tussen 2 bestuurders: Langs achteren,Geen hindernis
5267,74,Kortrijk teller 1,Kortrijk,50.81909,3.25728,1.9380908365357938,50.83403303458583,3.271483824052507,2017,11,9,34022,Kortrijk,Normaal,Droog,Dag,met lichtgewonden,9,personenauto,3,Fiets,Op Kruispunt,Gewestweg,binnen bebouwde kom,Tussen 2 bestuurders: Langs achteren,Geen hindernis
5268,17,Kortrijk 2,Kortrijk,50.83339,3.27773,1.414550839274432,50.844344466430854,3.267488060411931,2017,11,17,34022,Kortrijk,Regenval+Sneeuwval,"Nat, plassen","Nacht, openbare verlichting aanwezig en ontstoken",met lichtgewonden,3,Fiets,9,personenauto,Op Kruispunt,Gewestweg,binnen bebouwde kom,Tss. 2 best.: langs opzij (voor-/achterkant-flank),Geen hindernis
5268,16,Kortrijk 1,Kortrijk,50.83332,3.27777,1.4226825606499018,50.844344466430854,3.267488060411931,2017,11,17,34022,Kortrijk,Regenval+Sneeuwval,"Nat, plassen","Nacht, openbare verlichting aanwezig en ontstoken",met lichtgewonden,3,Fiets,9,personenauto,Op Kruispunt,Gewestweg,binnen bebouwde kom,Tss. 2 best.: langs opzij (voor-/achterkant-flank),Geen hindernis
5268,143,Eco Display Classic Budastraat,Kortrijk,50.83066,3.26286,1.555962028636259,50.844344466430854,3.267488060411931,2017,11,17,34022,Kortrijk,Regenval+Sneeuwval,"Nat, plassen","Nacht, openbare verlichting aanwezig en ontstoken",met lichtgewonden,3,Fiets,9,personenauto,Op Kruispunt,Gewestweg,binnen bebouwde kom,Tss. 2 best.: langs opzij (voor-/achterkant-flank),Geen hindernis
5269,17,Kortrijk 2,Kortrijk,50.83339,3.27773,1.305095543799045,50.84443240626233,3.271431120424003,2017,11,15,34023,Kuurne,Normaal,Droog,Dag,met lichtgewonden,3,Fiets,9,personenauto,Buiten Kruispunt,Gewestweg,buiten bebouwde kom,Tss. 2 best.: langs opzij (voor-/achterkant-flank),Geen hindernis
5269,16,Kortrijk 1,Kortrijk,50.83332,3.27777,1.31337058558667,50.84443240626233,3.271431120424003,2017,11,15,34023,Kuurne,Normaal,Droog,Dag,met lichtgewonden,3,Fiets,9,personenauto,Buiten Kruispunt,Gewestweg,buiten bebouwde kom,Tss. 2 best.: langs opzij (voor-/achterkant-flank),Geen hindernis
5269,143,Eco Display Classic Budastraat,Kortrijk,50.83066,3.26286,1.6454522509182725,50.84443240626233,3.271431120424003,2017,11,15,34023,Kuurne,Normaal,Droog,Dag,met lichtgewonden,3,Fiets,9,personenauto,Buiten Kruispunt,Gewestweg,buiten bebouwde kom,Tss. 2 best.: langs opzij (voor-/achterkant-flank),Geen hindernis
5276,16,Kortrijk 1,Kortrijk,50.83332,3.27777,1.4557841411335568,50.834064864407694,3.2984658893198384,2017,12,16,34013,Harelbeke,Normaal,"Nat, plassen",Dag,met lichtgewonden,9,personenauto,3,Fiets,Op Kruispunt,Gemeenteweg,buiten bebouwde kom,Tss. 2 best.: langs opzij (voor-/achterkant-flank),Geen hindernis
5276,17,Kortrijk 2,Kortrijk,50.83339,3.27773,1.4581663375707015,50.834064864407694,3.2984658893198384,2017,12,16,34013,Harelbeke,Normaal,"Nat, plassen",Dag,met lichtgewonden,9,personenauto,3,Fiets,Op Kruispunt,Gemeenteweg,buiten bebouwde kom,Tss. 2 best.: langs opzij (voor-/achterkant-flank),Geen hindernis
5278,16,Kortrijk 1,Kortrijk,50.83332,3.27777,2.4173938381556157,50.83990993815646,3.3105747335297178,2017,11,9,34013,Harelbeke,Regenval,"Nat, plassen",Dag,met zwaargewonden,9,personenauto,3,Fiets,Op Kruispunt,Gemeenteweg,binnen bebouwde kom,Tss. 2 best.: langs opzij (voor-/achterkant-flank),Geen hindernis
5278,17,Kortrijk 2,Kortrijk,50.83339,3.27773,2.417723704971906,50.83990993815646,3.3105747335297178,2017,11,9,34013,Harelbeke,Regenval,"Nat, plassen",Dag,met zwaargewonden,9,personenauto,3,Fiets,Op Kruispunt,Gemeenteweg,binnen bebouwde kom,Tss. 2 best.: langs opzij (voor-/achterkant-flank),Geen hindernis
5283,67,Ieper totem,Ieper,50.85018,2.85624,1.2297474830151454,50.849434701018104,2.8737170709549,2017,11,8,33011,Ieper,Normaal,Droog,Dag,met zwaargewonden,9,personenauto,3,Fiets,Buiten Kruispunt,Gemeenteweg,binnen bebouwde kom,Tss. 2 best.: langs opzij (voor-/achterkant-flank),Geen hindernis
5283,68,Ieper,Ieper,50.85032,2.85608,1.2420896262291121,50.849434701018104,2.8737170709549,2017,11,8,33011,Ieper,Normaal,Droog,Dag,met zwaargewonden,9,personenauto,3,Fiets,Buiten Kruispunt,Gemeenteweg,binnen bebouwde kom,Tss. 2 best.: langs opzij (voor-/achterkant-flank),Geen hindernis
5284,67,Ieper totem,Ieper,50.85018,2.85624,1.5663079713730403,50.84852499811469,2.8783962172931297,2017,11,16,33011,Ieper,Onbekend,Onbekend,Dag,met lichtgewonden,9,personenauto,3,Fiets,Buiten Kruispunt,Gewestweg,binnen bebouwde kom,Tss. 2 best.: langs opzij (voor-/achterkant-flank),Geen hindernis
5284,68,Ieper,Ieper,50.85032,2.85608,1.5793528329907656,50.84852499811469,2.8783962172931297,2017,11,16,33011,Ieper,Onbekend,Onbekend,Dag,met lichtgewonden,9,personenauto,3,Fiets,Buiten Kruispunt,Gewestweg,binnen bebouwde kom,Tss. 2 best.: langs opzij (voor-/achterkant-flank),Geen hindernis
5286,67,Ieper totem,Ieper,50.85018,2.85624,2.4157635667539163,50.84486950644814,2.889605389703263,2017,11,14,33011,Ieper,Regenval,"Nat, plassen",Dag,met lichtgewonden,9,personenauto,3,Fiets,Op Kruispunt,Gemeenteweg,binnen bebouwde kom,Tss. 2 best.: langs opzij (voor-/achterkant-flank),Geen hindernis
5286,68,Ieper,Ieper,50.85032,2.85608,2.4304890881295993,50.84486950644814,2.889605389703263,2017,11,14,33011,Ieper,Regenval,"Nat, plassen",Dag,met lichtgewonden,9,personenauto,3,Fiets,Op Kruispunt,Gemeenteweg,binnen bebouwde kom,Tss. 2 best.: langs opzij (voor-/achterkant-flank),Geen hindernis
5287,42,Maasmechelen teller 2,Maasmechelen,50.97043,5.6981,2.073702329384786,50.98707960137622,5.711444026743716,2017,11,15,73107,Maasmechelen,Regenval,"Nat, plassen",Dag,met lichtgewonden,9,personenauto,3,Fiets,Op Kruispunt,Gemeenteweg,binnen bebouwde kom,Tss. 2 best.: langs opzij (voor-/achterkant-flank),Geen hindernis
5287,41,Maasmechelen teller 1,Maasmechelen,50.97025,5.69799,2.095042548548528,50.98707960137622,5.711444026743716,2017,11,15,73107,Maasmechelen,Regenval,"Nat, plassen",Dag,met lichtgewonden,9,personenauto,3,Fiets,Op Kruispunt,Gemeenteweg,binnen bebouwde kom,Tss. 2 best.: langs opzij (voor-/achterkant-flank),Geen hindernis
5288,35,Lanaken teller 1,Lanaken,50.88112,5.6314,0.6254320064887855,50.88437599043471,5.638669522299362,2017,11,8,73042,Lanaken,Normaal,"Vuil (zand, grint, bladeren,...)",Dag,met lichtgewonden,6,Bromfiets,3,Fiets,Buiten Kruispunt,Gewestweg,binnen bebouwde kom,Tss. 2 best.: langs opzij (voor-/achterkant-flank),Geen hindernis
5288,36,Lanaken teller 2,Lanaken,50.88131,5.63012,0.6899028137912102,50.88437599043471,5.638669522299362,2017,11,8,73042,Lanaken,Normaal,"Vuil (zand, grint, bladeren,...)",Dag,met lichtgewonden,6,Bromfiets,3,Fiets,Buiten Kruispunt,Gewestweg,binnen bebouwde kom,Tss. 2 best.: langs opzij (voor-/achterkant-flank),Geen hindernis
5299,99,Mechelen teller 1,Mechelen,51.04564,4.46882,2.3493039094893016,51.03108647826946,4.493177457877048,2017,11,10,12025,Mechelen,Normaal,Droog,Dag,met lichtgewonden,3,Fiets,9,personenauto,Buiten Kruispunt,Gewestweg,binnen bebouwde kom,Tussen 2 bestuurders: Flank tegen flank,Geen hindernis
5299,100,Mechelen teller 2,Mechelen,51.0457,4.46883,2.353397944544867,51.03108647826946,4.493177457877048,2017,11,10,12025,Mechelen,Normaal,Droog,Dag,met lichtgewonden,3,Fiets,9,personenauto,Buiten Kruispunt,Gewestweg,binnen bebouwde kom,Tussen 2 bestuurders: Flank tegen flank,Geen hindernis
5300,99,Mechelen teller 1,Mechelen,51.04564,4.46882,1.7640107848695188,51.02982721929312,4.46679175323889,2017,12,16,12025,Mechelen,Normaal,Droog,Dageraad - schemering,met lichtgewonden,3,Fiets,9,personenauto,Buiten Kruispunt,Gewestweg,binnen bebouwde kom,Tss. 2 best.: langs opzij (voor-/achterkant-flank),Geen hindernis
5300,100,Mechelen teller 2,Mechelen,51.0457,4.46883,1.7707170968453287,51.02982721929312,4.46679175323889,2017,12,16,12025,Mechelen,Normaal,Droog,Dageraad - schemering,met lichtgewonden,3,Fiets,9,personenauto,Buiten Kruispunt,Gewestweg,binnen bebouwde kom,Tss. 2 best.: langs opzij (voor-/achterkant-flank),Geen hindernis
5305,140,Hasselt ring,Hasselt,50.9300038,5.3438616,1.8330791492570666,50.92019303852194,5.322844002948871,2017,11,18,71022,Hasselt,Regenval,"Nat, plassen","Nacht, openbare verlichting aanwezig en ontstoken",met lichtgewonden,9,personenauto,3,Fiets,Op Kruispunt,Gewestweg,buiten bebouwde kom,Tss. 2 best.: langs opzij (voor-/achterkant-flank),Geen hindernis
5307,140,Hasselt ring,Hasselt,50.9300038,5.3438616,1.7298413065058271,50.91450916306381,5.346066234969096,2017,11,7,71022,Hasselt,Regenval,"Nat, plassen","Nacht, openbare verlichting aanwezig en ontstoken",met zwaargewonden,3,Fiets,9,personenauto,Op Kruispunt,Gemeenteweg,buiten bebouwde kom,Tss. 2 best.: langs opzij (voor-/achterkant-flank),Geen hindernis
5310,138,Hasselt-Kempische brug,Hasselt,50.9405318,5.3422472,0.38396531520045885,50.938593723163805,5.337711843788882,2017,11,8,71022,Hasselt,Regenval,"Nat, plassen",Dageraad - schemering,met lichtgewonden,9,personenauto,3,Fiets,Buiten Kruispunt,Gemeenteweg,binnen bebouwde kom,Tss. 2 best.: langs opzij (voor-/achterkant-flank),Geen hindernis
5310,137,Hasselt-Kempische brug,Hasselt,50.9411605,5.3417576,0.4022683754481866,50.938593723163805,5.337711843788882,2017,11,8,71022,Hasselt,Regenval,"Nat, plassen",Dageraad - schemering,met lichtgewonden,9,personenauto,3,Fiets,Buiten Kruispunt,Gemeenteweg,binnen bebouwde kom,Tss. 2 best.: langs opzij (voor-/achterkant-flank),Geen hindernis
5310,140,Hasselt ring,Hasselt,50.9300038,5.3438616,1.0478751873754937,50.938593723163805,5.337711843788882,2017,11,8,71022,Hasselt,Regenval,"Nat, plassen",Dageraad - schemering,met lichtgewonden,9,personenauto,3,Fiets,Buiten Kruispunt,Gemeenteweg,binnen bebouwde kom,Tss. 2 best.: langs opzij (voor-/achterkant-flank),Geen hindernis
5373,3,Brasschaat 1,Brasschaat,51.27503,4.47222,0.8815583029911164,51.28163152597516,4.479238260330081,2017,12,11,11008,Brasschaat,Regenval,"Ijzel, sneeuw",Dag,met lichtgewonden,6,Bromfiets,3,Fiets,Buiten Kruispunt,Gewestweg,buiten bebouwde kom,Tss. 2 best.: langs opzij (voor-/achterkant-flank),Geen hindernis
5373,2,Brasschaat 2,Brasschaat,51.27512,4.47169,0.8943735301815771,51.28163152597516,4.479238260330081,2017,12,11,11008,Brasschaat,Regenval,"Ijzel, sneeuw",Dag,met lichtgewonden,6,Bromfiets,3,Fiets,Buiten Kruispunt,Gewestweg,buiten bebouwde kom,Tss. 2 best.: langs opzij (voor-/achterkant-flank),Geen hindernis
5374,2,Brasschaat 2,Brasschaat,51.27512,4.47169,1.0496981809381094,51.28455873471826,4.471427526328038,2017,12,7,11008,Brasschaat,Onbekend,Onbekend,"Nacht, openbare verlichting aanwezig en ontstoken",met lichtgewonden,9,personenauto,3,Fiets,Op Kruispunt,Gemeenteweg,buiten bebouwde kom,Tss. 2 best.: langs opzij (voor-/achterkant-flank),Geen hindernis
5374,3,Brasschaat 1,Brasschaat,51.27503,4.47222,1.0609797240704613,51.28455873471826,4.471427526328038,2017,12,7,11008,Brasschaat,Onbekend,Onbekend,"Nacht, openbare verlichting aanwezig en ontstoken",met lichtgewonden,9,personenauto,3,Fiets,Op Kruispunt,Gemeenteweg,buiten bebouwde kom,Tss. 2 best.: langs opzij (voor-/achterkant-flank),Geen hindernis
5384,9,Heist op den Berg 2,Heist-op-den-Berg,51.06904,4.69524,1.3635227153503178,51.07085885367872,4.714538804046579,2017,12,11,12014,Heist-op-den-Berg,Normaal,Droog,Dag,met lichtgewonden,3,Fiets,5,Lichte vrachtauto,Op Kruispunt,Gemeenteweg,binnen bebouwde kom,Tss. 2 best.: langs opzij (voor-/achterkant-flank),Geen hindernis
5384,8,Heist op den Berg 1,Heist-op-den-Berg,51.06759,4.68823,1.873860017817664,51.07085885367872,4.714538804046579,2017,12,11,12014,Heist-op-den-Berg,Normaal,Droog,Dag,met lichtgewonden,3,Fiets,5,Lichte vrachtauto,Op Kruispunt,Gemeenteweg,binnen bebouwde kom,Tss. 2 best.: langs opzij (voor-/achterkant-flank),Geen hindernis
5389,133,Gierde Lille Totem,Lille,51.2453915,4.8297416,1.3560536693302616,51.248919060582764,4.811091980842798,2017,12,10,13019,Lille,Normaal,Droog,Dag,met lichtgewonden,9,personenauto,3,Fiets,Buiten Kruispunt,Gemeenteweg,binnen bebouwde kom,Tss. 2 best.: langs opzij (voor-/achterkant-flank),Geen hindernis
5389,132,Gierde lille,Lille,51.245445,4.8298851,1.3639203586550577,51.248919060582764,4.811091980842798,2017,12,10,13019,Lille,Normaal,Droog,Dag,met lichtgewonden,9,personenauto,3,Fiets,Buiten Kruispunt,Gemeenteweg,binnen bebouwde kom,Tss. 2 best.: langs opzij (voor-/achterkant-flank),Geen hindernis
5392,88,Westerlo teller 1,Westerlo,51.082,4.91325,1.070235063197694,51.09089315350669,4.919110069654614,2017,12,13,13049,Westerlo,Normaal,Droog,Dag,met lichtgewonden,3,Fiets,9,personenauto,Op Kruispunt,Gewestweg,binnen bebouwde kom,Tss. 2 best.: langs opzij (voor-/achterkant-flank),Geen hindernis
5392,89,Westerlo teller 2,Westerlo,51.08191,4.91334,1.0771209240683213,51.09089315350669,4.919110069654614,2017,12,13,13049,Westerlo,Normaal,Droog,Dag,met lichtgewonden,3,Fiets,9,personenauto,Op Kruispunt,Gewestweg,binnen bebouwde kom,Tss. 2 best.: langs opzij (voor-/achterkant-flank),Geen hindernis
5393,98,Geel teller 2,Geel,51.1481,4.99643,1.323799940257888,51.155060544976465,4.981032262379709,2017,12,11,13008,Geel,Normaal,Droog,Dag,met lichtgewonden,9,personenauto,3,Fiets,Op Kruispunt,Gewestweg,binnen bebouwde kom,Tss. 2 best.: langs opzij (voor-/achterkant-flank),Geen hindernis
5393,97,Geel teller 1,Geel,51.14813,4.99698,1.3532045982563619,51.155060544976465,4.981032262379709,2017,12,11,13008,Geel,Normaal,Droog,Dag,met lichtgewonden,9,personenauto,3,Fiets,Op Kruispunt,Gewestweg,binnen bebouwde kom,Tss. 2 best.: langs opzij (voor-/achterkant-flank),Geen hindernis
5394,98,Geel teller 2,Geel,51.1481,4.99643,0.9329961141357083,51.148349316746874,4.983060278290291,2017,12,8,13008,Geel,Normaal,"Nat, plassen",Dag,met zwaargewonden,4,Vrachtwagen,3,Fiets,Op Kruispunt,Gewestweg,buiten bebouwde kom,Tss. 2 best.: langs opzij (voor-/achterkant-flank),Geen hindernis
5394,97,Geel teller 1,Geel,51.14813,4.99698,0.9712544393801895,51.148349316746874,4.983060278290291,2017,12,8,13008,Geel,Normaal,"Nat, plassen",Dag,met zwaargewonden,4,Vrachtwagen,3,Fiets,Op Kruispunt,Gewestweg,buiten bebouwde kom,Tss. 2 best.: langs opzij (voor-/achterkant-flank),Geen hindernis
5398,46,Pelt teller 2,Pelt,51.231,5.44375,1.2072269070634016,51.2240647348835,5.430411364025087,2017,12,12,72043,Pelt,Normaal,Droog,Dag,met lichtgewonden,5,Lichte vrachtauto,3,Fiets,Op Kruispunt,Gemeenteweg,binnen bebouwde kom,Tss. 2 best.: langs opzij (voor-/achterkant-flank),Geen hindernis
5398,45,Pelt teller 1,Pelt,51.23127,5.44377,1.2276754360390385,51.2240647348835,5.430411364025087,2017,12,12,72043,Pelt,Normaal,Droog,Dag,met lichtgewonden,5,Lichte vrachtauto,3,Fiets,Op Kruispunt,Gemeenteweg,binnen bebouwde kom,Tss. 2 best.: langs opzij (voor-/achterkant-flank),Geen hindernis
5406,40,Peer teller 2,Peer,51.13438,5.47892,0.908658129164189,51.13500636156584,5.491904583311587,2017,12,15,72030,Peer,Normaal,Droog,Dag,met zwaargewonden,9,personenauto,3,Fiets,Op Kruispunt,Gewestweg,buiten bebouwde kom,Tss. 2 best.: langs opzij (voor-/achterkant-flank),Geen hindernis
5406,39,Peer teller 1,Peer,51.13425,5.47817,0.9620001742477239,51.13500636156584,5.491904583311587,2017,12,15,72030,Peer,Normaal,Droog,Dag,met zwaargewonden,9,personenauto,3,Fiets,Op Kruispunt,Gewestweg,buiten bebouwde kom,Tss. 2 best.: langs opzij (voor-/achterkant-flank),Geen hindernis
5409,29,Tongeren,Tongeren,50.79286,5.52825,2.484019157710113,50.7817904739725,5.5589426066385705,2017,12,11,73066,Riemst,Normaal,Droog,Dag,met lichtgewonden,6,Bromfiets,3,Fiets,Op Kruispunt,Gemeenteweg,binnen bebouwde kom,Tss. 2 best.: langs opzij (voor-/achterkant-flank),Geen hindernis
5410,14,Genk,Genk,50.97172,5.48927,1.3791725578641532,50.96536514522292,5.506183985122847,2017,12,15,71016,Genk,Normaal,Droog,Dag,met lichtgewonden,3,Fiets,9,personenauto,Buiten Kruispunt,Gemeenteweg,binnen bebouwde kom,Tss. 2 best.: langs opzij (voor-/achterkant-flank),Geen hindernis
5416,151,Leuven,District Leuven,50.8690262,4.6854839,0.9383305999639739,50.86850488148202,4.698829658031773,2017,12,3,24062,Leuven,Onbekend,Onbekend,"Nacht, openbare verlichting aanwezig en ontstoken",met zwaargewonden,3,Fiets,10,"één bestuurder, geen hindernis",Buiten Kruispunt,onbekend,binnen bebouwde kom,"Eén bestuurder, geen hindernis (incl. val)",Geen hindernis
5416,69,Leuven teller 1,Leuven,50.87549,4.71526,1.3901439617337101,50.86850488148202,4.698829658031773,2017,12,3,24062,Leuven,Onbekend,Onbekend,"Nacht, openbare verlichting aanwezig en ontstoken",met zwaargewonden,3,Fiets,10,"één bestuurder, geen hindernis",Buiten Kruispunt,onbekend,binnen bebouwde kom,"Eén bestuurder, geen hindernis (incl. val)",Geen hindernis
5416,77,Leuven teller 2,Leuven,50.88672,4.70796,2.1243187130980403,50.86850488148202,4.698829658031773,2017,12,3,24062,Leuven,Onbekend,Onbekend,"Nacht, openbare verlichting aanwezig en ontstoken",met zwaargewonden,3,Fiets,10,"één bestuurder, geen hindernis",Buiten Kruispunt,onbekend,binnen bebouwde kom,"Eén bestuurder, geen hindernis (incl. val)",Geen hindernis
5416,107,leuven totem,Leuven,50.8870744,4.7087919,2.179931307170528,50.86850488148202,4.698829658031773,2017,12,3,24062,Leuven,Onbekend,Onbekend,"Nacht, openbare verlichting aanwezig en ontstoken",met zwaargewonden,3,Fiets,10,"één bestuurder, geen hindernis",Buiten Kruispunt,onbekend,binnen bebouwde kom,"Eén bestuurder, geen hindernis (incl. val)",Geen hindernis
5416,108,Heverlee teller 1,Leuven,50.8471728,4.6954674,2.3837307003193637,50.86850488148202,4.698829658031773,2017,12,3,24062,Leuven,Onbekend,Onbekend,"Nacht, openbare verlichting aanwezig en ontstoken",met zwaargewonden,3,Fiets,10,"één bestuurder, geen hindernis",Buiten Kruispunt,onbekend,binnen bebouwde kom,"Eén bestuurder, geen hindernis (incl. val)",Geen hindernis
5417,69,Leuven teller 1,Leuven,50.87549,4.71526,1.8440940513086972,50.86797704048435,4.738688855709315,2017,12,17,24062,Leuven,Onbekend,Onbekend,"Nacht, openbare verlichting aanwezig en ontstoken",met lichtgewonden,3,Fiets,9,personenauto,Op Kruispunt,Gewestweg,buiten bebouwde kom,Tss. 2 best.: langs opzij (voor-/achterkant-flank),Geen hindernis
5419,151,Leuven,District Leuven,50.8690262,4.6854839,1.106354879855437,50.861550694043885,4.695887291880853,2017,12,10,24062,Leuven,Normaal,"Nat, plassen",Dag,met lichtgewonden,3,Fiets,8,Voetganger,Op Kruispunt,Gewestweg,binnen bebouwde kom,Met een voetganger,Geen hindernis
5419,108,Heverlee teller 1,Leuven,50.8471728,4.6954674,1.5990205554286594,50.861550694043885,4.695887291880853,2017,12,10,24062,Leuven,Normaal,"Nat, plassen",Dag,met lichtgewonden,3,Fiets,8,Voetganger,Op Kruispunt,Gewestweg,binnen bebouwde kom,Met een voetganger,Geen hindernis
5419,76,Heverlee teller 2,Leuven,50.84606,4.69597,1.722496372695148,50.861550694043885,4.695887291880853,2017,12,10,24062,Leuven,Normaal,"Nat, plassen",Dag,met lichtgewonden,3,Fiets,8,Voetganger,Op Kruispunt,Gewestweg,binnen bebouwde kom,Met een voetganger,Geen hindernis
5419,69,Leuven teller 1,Leuven,50.87549,4.71526,2.0617085233141403,50.861550694043885,4.695887291880853,2017,12,10,24062,Leuven,Normaal,"Nat, plassen",Dag,met lichtgewonden,3,Fiets,8,Voetganger,Op Kruispunt,Gewestweg,binnen bebouwde kom,Met een voetganger,Geen hindernis
5420,151,Leuven,District Leuven,50.8690262,4.6854839,0.4231355622099841,50.87217778248663,4.688863304429327,2017,12,18,24062,Leuven,Onbekend,Onbekend,Onbekend,met lichtgewonden,6,Bromfiets,3,Fiets,Buiten Kruispunt,Gemeenteweg,binnen bebouwde kom,Tussen 2 bestuurders: Frontale botsing,Geen hindernis
5420,69,Leuven teller 1,Leuven,50.87549,4.71526,1.8884490778114942,50.87217778248663,4.688863304429327,2017,12,18,24062,Leuven,Onbekend,Onbekend,Onbekend,met lichtgewonden,6,Bromfiets,3,Fiets,Buiten Kruispunt,Gemeenteweg,binnen bebouwde kom,Tussen 2 bestuurders: Frontale botsing,Geen hindernis
5420,77,Leuven teller 2,Leuven,50.88672,4.70796,2.099959189038282,50.87217778248663,4.688863304429327,2017,12,18,24062,Leuven,Onbekend,Onbekend,Onbekend,met lichtgewonden,6,Bromfiets,3,Fiets,Buiten Kruispunt,Gemeenteweg,binnen bebouwde kom,Tussen 2 bestuurders: Frontale botsing,Geen hindernis
5420,107,leuven totem,Leuven,50.8870744,4.7087919,2.1676287312486577,50.87217778248663,4.688863304429327,2017,12,18,24062,Leuven,Onbekend,Onbekend,Onbekend,met lichtgewonden,6,Bromfiets,3,Fiets,Buiten Kruispunt,Gemeenteweg,binnen bebouwde kom,Tussen 2 bestuurders: Frontale botsing,Geen hindernis
5422,151,Leuven,District Leuven,50.8690262,4.6854839,0.9070798188188148,50.87671094764073,4.689820973633736,2017,3,18,24062,Leuven,Onbekend,Onbekend,Onbekend,met lichtgewonden,9,personenauto,3,Fiets,Buiten Kruispunt,Gemeenteweg,binnen bebouwde kom,Tussen 2 bestuurders: Flank tegen flank,Geen hindernis
5422,77,Leuven teller 2,Leuven,50.88672,4.70796,1.690579706253456,50.87671094764073,4.689820973633736,2017,3,18,24062,Leuven,Onbekend,Onbekend,Onbekend,met lichtgewonden,9,personenauto,3,Fiets,Buiten Kruispunt,Gemeenteweg,binnen bebouwde kom,Tussen 2 bestuurders: Flank tegen flank,Geen hindernis
5422,107,leuven totem,Leuven,50.8870744,4.7087919,1.7604718738771672,50.87671094764073,4.689820973633736,2017,3,18,24062,Leuven,Onbekend,Onbekend,Onbekend,met lichtgewonden,9,personenauto,3,Fiets,Buiten Kruispunt,Gemeenteweg,binnen bebouwde kom,Tussen 2 bestuurders: Flank tegen flank,Geen hindernis
5422,69,Leuven teller 1,Leuven,50.87549,4.71526,1.79005804148443,50.87671094764073,4.689820973633736,2017,3,18,24062,Leuven,Onbekend,Onbekend,Onbekend,met lichtgewonden,9,personenauto,3,Fiets,Buiten Kruispunt,Gemeenteweg,binnen bebouwde kom,Tussen 2 bestuurders: Flank tegen flank,Geen hindernis
5423,107,leuven totem,Leuven,50.8870744,4.7087919,0.5770896848164212,50.88452480838528,4.715957360413713,2017,12,18,24062,Leuven,Regenval,"Nat, plassen","Nacht, openbare verlichting aanwezig en ontstoken",met lichtgewonden,6,Bromfiets,3,Fiets,Buiten Kruispunt,Gewestweg,binnen bebouwde kom,Tussen 2 bestuurders: Frontale botsing,Geen hindernis
5423,77,Leuven teller 2,Leuven,50.88672,4.70796,0.6118137246793663,50.88452480838528,4.715957360413713,2017,12,18,24062,Leuven,Regenval,"Nat, plassen","Nacht, openbare verlichting aanwezig en ontstoken",met lichtgewonden,6,Bromfiets,3,Fiets,Buiten Kruispunt,Gewestweg,binnen bebouwde kom,Tussen 2 bestuurders: Frontale botsing,Geen hindernis
5423,69,Leuven teller 1,Leuven,50.87549,4.71526,1.0058154902085348,50.88452480838528,4.715957360413713,2017,12,18,24062,Leuven,Regenval,"Nat, plassen","Nacht, openbare verlichting aanwezig en ontstoken",met lichtgewonden,6,Bromfiets,3,Fiets,Buiten Kruispunt,Gewestweg,binnen bebouwde kom,Tussen 2 bestuurders: Frontale botsing,Geen hindernis
5424,151,Leuven,District Leuven,50.8690262,4.6854839,0.9383305999639739,50.86850488148202,4.698829658031773,2017,12,7,24062,Leuven,Normaal,"Nat, plassen","Nacht, openbare verlichting aanwezig en ontstoken",met zwaargewonden,9,personenauto,3,Fiets,Op Kruispunt,Gewestweg,binnen bebouwde kom,Tussen 2 bestuurders: Langs achteren,Geen hindernis
5424,69,Leuven teller 1,Leuven,50.87549,4.71526,1.3901439617337101,50.86850488148202,4.698829658031773,2017,12,7,24062,Leuven,Normaal,"Nat, plassen","Nacht, openbare verlichting aanwezig en ontstoken",met zwaargewonden,9,personenauto,3,Fiets,Op Kruispunt,Gewestweg,binnen bebouwde kom,Tussen 2 bestuurders: Langs achteren,Geen hindernis
5424,77,Leuven teller 2,Leuven,50.88672,4.70796,2.1243187130980403,50.86850488148202,4.698829658031773,2017,12,7,24062,Leuven,Normaal,"Nat, plassen","Nacht, openbare verlichting aanwezig en ontstoken",met zwaargewonden,9,personenauto,3,Fiets,Op Kruispunt,Gewestweg,binnen bebouwde kom,Tussen 2 bestuurders: Langs achteren,Geen hindernis