crash_row_id,site_id,site_name,site_gemeente,site_lat,site_long,distance_km,crash_lat,crash_long,DT_YEAR_COLLISION,DT_MONTH_COLLISION,DT_TIME,CD_NIS,TX_MUNTY_COLLISION_NL,TX_WEATHER_NL,TX_ROAD_CONDITION_NL,TX_LIGHT_CONDITION_NL,TX_CLASS_ACCIDENTS_NL,CD_ROAD_USR_TYPE1,TX_ROAD_USR_TYPE1_NL,CD_ROAD_USR_TYPE2,TX_ROAD_USR_TYPE2_NL,TX_CROSSWAY_NL,CD_ROAD_TYPE_NL,TX_BUILD_UP_AREA_NL,TX_COLLISION_TYPE_NL,TX_OBSTACLES_NL
5424,107,leuven totem,Leuven,50.8870744,4.7087919,2.179931307170528,50.86850488148202,4.698829658031773,2017,12,7,24062,Leuven,Normaal,"Nat, plassen","Nacht, openbare verlichting aanwezig en ontstoken",met zwaargewonden,9,personenauto,3,Fiets,Op Kruispunt,Gewestweg,binnen bebouwde kom,Tussen 2 bestuurders: Langs achteren,Geen hindernis
5424,108,Heverlee teller 1,Leuven,50.8471728,4.6954674,2.3837307003193637,50.86850488148202,4.698829658031773,2017,12,7,24062,Leuven,Normaal,"Nat, plassen","Nacht, openbare verlichting aanwezig en ontstoken",met zwaargewonden,9,personenauto,3,Fiets,Op Kruispunt,Gewestweg,binnen bebouwde kom,Tussen 2 bestuurders: Langs achteren,Geen hindernis
5433,86,Asse teller 2,Asse,50.89132,4.1709,0.9843075556410743,50.88283099032761,4.16692247147479,2017,12,8,23086,Ternat,Onbekend,"Nat, plassen",Dag,met lichtgewonden,3,Fiets,7,Motorfiets,Op Kruispunt,Gewestweg,binnen bebouwde kom,Tussen 2 bestuurders: Frontale botsing,Geen hindernis
5433,85,Asse teller 1,Asse,50.89621,4.17294,1.5463982033893429,50.88283099032761,4.16692247147479,2017,12,8,23086,Ternat,Onbekend,"Nat, plassen",Dag,met lichtgewonden,3,Fiets,7,Motorfiets,Op Kruispunt,Gewestweg,binnen bebouwde kom,Tussen 2 bestuurders: Frontale botsing,Geen hindernis
5434,27,Grimbergen,Meise,50.92127,4.34013,2.1227661814734926,50.93881795347953,4.352057822425727,2017,12,12,23025,Grimbergen,Normaal,Droog,Dag,met zwaargewonden,9,personenauto,3,Fiets,Buiten Kruispunt,Gewestweg,buiten bebouwde kom,Tss. 2 best.: langs opzij (voor-/achterkant-flank),Geen hindernis
5435,47,Vilvoorde,Vilvoorde,50.91372,4.41497,2.4525541088554705,50.904020496360715,4.383554623045918,2017,12,12,23088,Vilvoorde,Normaal,Onbekend,Dag,met zwaargewonden,9,personenauto,3,Fiets,Buiten Kruispunt,Gemeenteweg,buiten bebouwde kom,Tss. 2 best.: langs opzij (voor-/achterkant-flank),Geen hindernis
5436,47,Vilvoorde,Vilvoorde,50.91372,4.41497,1.2360405300449515,50.923137051054,4.405601288880981,2017,12,17,23088,Vilvoorde,Regenval,"Nat, plassen",Dageraad - schemering,met lichtgewonden,9,personenauto,3,Fiets,Buiten Kruispunt,Gemeenteweg,binnen bebouwde kom,Tss. 2 best.: langs opzij (voor-/achterkant-flank),Geen hindernis
5437,47,Vilvoorde,Vilvoorde,50.91372,4.41497,2.450803622642534,50.9334794708564,4.430460953368218,2017,12,15,23088,Vilvoorde,Normaal,Droog,Dag,met lichtgewonden,3,Fiets,9,personenauto,Op Kruispunt,Gewestweg,binnen bebouwde kom,Tss. 2 best.: langs opzij (voor-/achterkant-flank),Geen hindernis
5438,27,Grimbergen,Meise,50.92127,4.34013,2.0925799065442097,50.91356108315536,4.367361225747933,2017,12,15,23088,Vilvoorde,Regenval,"Nat, plassen",Dag,met lichtgewonden,9,personenauto,3,Fiets,Buiten Kruispunt,Gemeenteweg,binnen bebouwde kom,Tss. 2 best.: langs opzij (voor-/achterkant-flank),Geen hindernis
5442,118,Gent teller 1,Gent,51.028049,3.7681359,0.04148378915677053,51.02779619370568,3.768572121433177,2017,12,16,44021,Gent,Normaal,Droog+Proper,Dageraad - schemering,met lichtgewonden,6,Bromfiets,3,Fiets,Op Kruispunt,Gewestweg,binnen bebouwde kom,Tss. 2 best.: langs opzij (voor-/achterkant-flank),Geen hindernis
5442,119,Gent teller 2,Gent,51.0281795,3.7683918,0.04444819948174501,51.02779619370568,3.768572121433177,2017,12,16,44021,Gent,Normaal,Droog+Proper,Dageraad - schemering,met lichtgewonden,6,Bromfiets,3,Fiets,Op Kruispunt,Gewestweg,binnen bebouwde kom,Tss. 2 best.: langs opzij (voor-/achterkant-flank),Geen hindernis
5444,13,Gent,Gent,51.03018,3.70146,2.47689709702387,51.052427600054024,3.699694707259418,2017,12,17,44021,Gent,Normaal,Droog,"Nacht, openbare verlichting aanwezig en ontstoken",met lichtgewonden,9,personenauto,3,Fiets,Op Kruispunt,Gewestweg,binnen bebouwde kom,Tussen 2 bestuurders: Frontale botsing,Geen hindernis
5445,136,Gent R4,Gent,51.0876313,3.7587918,2.313586346050792,51.089007955960184,3.725739305025081,2017,12,8,44021,Gent,Normaal,"Ijzel, sneeuw",Dag,met lichtgewonden,9,personenauto,3,Fiets,Op Kruispunt,Gewestweg,binnen bebouwde kom,Tss. 2 best.: langs opzij (voor-/achterkant-flank),Geen hindernis
5448,13,Gent,Gent,51.03018,3.70146,1.1212391756854558,51.0349140366415,3.715617243113908,2017,12,18,44021,Gent,Regenval,"Nat, plassen","Nacht, openbare verlichting aanwezig en ontstoken",met lichtgewonden,9,personenauto,3,Fiets,Buiten Kruispunt,Gewestweg,binnen bebouwde kom,Tss. 2 best.: langs opzij (voor-/achterkant-flank),Geen hindernis
5450,13,Gent,Gent,51.03018,3.70146,2.3220742254864675,51.03237585594745,3.734481588261094,2017,12,17,44021,Gent,Regenval,"Nat, plassen","Nacht, openbare verlichting aanwezig en ontstoken",met lichtgewonden,3,Fiets,9,personenauto,Buiten Kruispunt,Gemeenteweg,binnen bebouwde kom,Tussen 2 bestuurders: Langs achteren,Geen hindernis
5450,118,Gent teller 1,Gent,51.028049,3.7681359,2.4021763909830467,51.03237585594745,3.734481588261094,2017,12,17,44021,Gent,Regenval,"Nat, plassen","Nacht, openbare verlichting aanwezig en ontstoken",met lichtgewonden,3,Fiets,9,personenauto,Buiten Kruispunt,Gemeenteweg,binnen bebouwde kom,Tussen 2 bestuurders: Langs achteren,Geen hindernis
5450,119,Gent teller 2,Gent,51.0281795,3.7683918,2.416865221054772,51.03237585594745,3.734481588261094,2017,12,17,44021,Gent,Regenval,"Nat, plassen","Nacht, openbare verlichting aanwezig en ontstoken",met lichtgewonden,3,Fiets,9,personenauto,Buiten Kruispunt,Gemeenteweg,binnen bebouwde kom,Tussen 2 bestuurders: Langs achteren,Geen hindernis
5453,13,Gent,Gent,51.03018,3.70146,1.9357446477216977,51.04558763454303,3.7143467602249394,2017,12,10,44021,Gent,Normaal,"Ijzel, sneeuw",Dag,met zwaargewonden,3,Fiets,10,"één bestuurder, geen hindernis",Op Kruispunt,Gewestweg,binnen bebouwde kom,"Eén bestuurder, geen hindernis (incl. val)",Geen hindernis
5454,13,Gent,Gent,51.03018,3.70146,2.47689709702387,51.052427600054024,3.699694707259418,2017,12,6,44021,Gent,Normaal,"Nat, plassen","Nacht, openbare verlichting aanwezig en ontstoken",met lichtgewonden,9,personenauto,3,Fiets,Op Kruispunt,Gewestweg,binnen bebouwde kom,Tss. 2 best.: langs opzij (voor-/achterkant-flank),Geen hindernis
5455,13,Gent,Gent,51.03018,3.70146,1.7880056838672969,51.04191190038674,3.7189474449088995,2017,12,17,44021,Gent,Normaal,Droog+Proper,"Nacht, openbare verlichting aanwezig en ontstoken",met zwaargewonden,9,personenauto,3,Fiets,Op Kruispunt,Gewestweg,binnen bebouwde kom,Tussen 2 bestuurders: Langs achteren,Geen hindernis
5457,13,Gent,Gent,51.03018,3.70146,1.4758915636397854,51.03011635618501,3.7225644982852857,2017,12,13,44021,Gent,Regenval,"Nat, plassen",Dag,met lichtgewonden,3,Fiets,1,Autobus,Op Kruispunt,Gemeenteweg,binnen bebouwde kom,Tss. 2 best.: langs opzij (voor-/achterkant-flank),Geen hindernis
5461,7,Evergem 1,Evergem,51.1089,3.70317,2.189994305648462,51.08966683648423,3.6964172758656946,2017,12,10,44021,Gent,Normaal,Droog,Dag,met lichtgewonden,9,personenauto,3,Fiets,Op Kruispunt,Gemeenteweg,binnen bebouwde kom,Tss. 2 best.: langs opzij (voor-/achterkant-flank),Geen hindernis
5461,6,Evergem 2,Evergem,51.10894,3.70298,2.1915253652776707,51.08966683648423,3.6964172758656946,2017,12,10,44021,Gent,Normaal,Droog,Dag,met lichtgewonden,9,personenauto,3,Fiets,Op Kruispunt,Gemeenteweg,binnen bebouwde kom,Tss. 2 best.: langs opzij (voor-/achterkant-flank),Geen hindernis
5465,13,Gent,Gent,51.03018,3.70146,1.8144757575276125,51.04208142126025,3.7192134227103457,2017,12,15,44021,Gent,Normaal,Droog,Dag,met lichtgewonden,9,personenauto,3,Fiets,Op Kruispunt,Gewestweg,binnen bebouwde kom,Tss. 2 best.: langs opzij (voor-/achterkant-flank),Geen hindernis
5474,118,Gent teller 1,Gent,51.028049,3.7681359,1.5462632022337723,51.017595974600326,3.7535558210304494,2017,12,14,44043,Merelbeke,Regenval,"Nat, plassen",Dag,met zwaargewonden,3,Fiets,10,"één bestuurder, geen hindernis",Op Kruispunt,Gewestweg,binnen bebouwde kom,"Eén bestuurder, geen hindernis (incl. val)",Geen hindernis
5474,119,Gent teller 2,Gent,51.0281795,3.7683918,1.5689789903410067,51.017595974600326,3.7535558210304494,2017,12,14,44043,Merelbeke,Regenval,"Nat, plassen",Dag,met zwaargewonden,3,Fiets,10,"één bestuurder, geen hindernis",Op Kruispunt,Gewestweg,binnen bebouwde kom,"Eén bestuurder, geen hindernis (incl. val)",Geen hindernis
5479,119,Gent teller 2,Gent,51.0281795,3.7683918,2.4768686716959976,51.0331100760915,3.802931965719774,2017,12,15,44013,Destelbergen,Normaal,Droog,Dag,met lichtgewonden,3,Fiets,10,"één bestuurder, geen hindernis",Buiten Kruispunt,Gewestweg,binnen bebouwde kom,"Eén bestuurder, geen hindernis (incl. val)",Geen hindernis
5479,118,Gent teller 1,Gent,51.028049,3.7681359,2.497556232657212,51.0331100760915,3.802931965719774,2017,12,15,44013,Destelbergen,Normaal,Droog,Dag,met lichtgewonden,3,Fiets,10,"één bestuurder, geen hindernis",Buiten Kruispunt,Gewestweg,binnen bebouwde kom,"Eén bestuurder, geen hindernis (incl. val)",Geen hindernis
5486,131,Nevele,Deinze,51.0276612,3.558569,1.220084241721323,51.03668186846693,3.5685022002441578,2017,12,6,44083,Deinze,Normaal,"Nat, plassen","Nacht, geen openbare verlichting aanwezig",met lichtgewonden,3,Fiets,11,een weggebruiker tegen een hindernis,Buiten Kruispunt,Gemeenteweg,buiten bebouwde kom,Weggebruiker tegen hindernis op de rijbaan,Op de rijbaan: Lading
5488,115,Aalter,Aalter,51.1058367,3.4350591,2.0600333406435754,51.08907429131647,3.4476222639663505,2017,12,5,44084,Aalter,Regenval,"Nat, plassen","Nacht, openbare verlichting aanwezig en ontstoken",met lichtgewonden,3,Fiets,9,personenauto,Buiten Kruispunt,Gewestweg,buiten bebouwde kom,Tussen 2 bestuurders: Frontale botsing,Geen hindernis
5489,115,Aalter,Aalter,51.1058367,3.4350591,2.396904836784027,51.0859035819291,3.4481244615052575,2017,12,14,44084,Aalter,Normaal,Droog,Dag,met lichtgewonden,9,personenauto,3,Fiets,Op Kruispunt,Gewestweg,binnen bebouwde kom,Tss. 2 best.: langs opzij (voor-/achterkant-flank),Geen hindernis
5506,128,Lokeren teller 1,Lokeren,51.09644,3.97023,2.0676104138590294,51.103164554921875,3.997836494904987,2017,12,19,46014,Lokeren,Regenval,"Nat, plassen","Nacht, openbare verlichting aanwezig en ontstoken",met lichtgewonden,9,personenauto,3,Fiets,Op Kruispunt,Gemeenteweg,binnen bebouwde kom,Tss. 2 best.: langs opzij (voor-/achterkant-flank),Geen hindernis
5506,129,Lokeren teller 2,Lokeren,51.09612,3.97025,2.0794554420705795,51.103164554921875,3.997836494904987,2017,12,19,46014,Lokeren,Regenval,"Nat, plassen","Nacht, openbare verlichting aanwezig en ontstoken",met lichtgewonden,9,personenauto,3,Fiets,Op Kruispunt,Gemeenteweg,binnen bebouwde kom,Tss. 2 best.: langs opzij (voor-/achterkant-flank),Geen hindernis
5506,141,Test site A support,Lokeren,51.08342085,3.9961071208376326,2.1987193013472086,51.103164554921875,3.997836494904987,2017,12,19,46014,Lokeren,Regenval,"Nat, plassen","Nacht, openbare verlichting aanwezig en ontstoken",met lichtgewonden,9,personenauto,3,Fiets,Op Kruispunt,Gemeenteweg,binnen bebouwde kom,Tss. 2 best.: langs opzij (voor-/achterkant-flank),Geen hindernis
5508,120,Zele teller 1,Zele,51.0607671,4.0547741,1.8824741567574441,51.07517470234652,4.040627305063677,2017,12,16,42028,Zele,Regenval,"Nat, plassen",Dag,met lichtgewonden,9,personenauto,3,Fiets,Buiten Kruispunt,Gemeenteweg,binnen bebouwde kom,Tss. 2 best.: langs opzij (voor-/achterkant-flank),Geen hindernis
5508,121,Zele teller 2,Zele,51.0604067,4.0556696,1.9497048342281769,51.07517470234652,4.040627305063677,2017,12,16,42028,Zele,Regenval,"Nat, plassen",Dag,met lichtgewonden,9,personenauto,3,Fiets,Buiten Kruispunt,Gemeenteweg,binnen bebouwde kom,Tss. 2 best.: langs opzij (voor-/achterkant-flank),Geen hindernis
5509,126,Hamme totem,Hamme,51.1017709,4.1469307,1.0596852239159036,51.09239374571385,4.1496374425810645,2017,12,9,42008,Hamme,Normaal,Droog,Dag,met lichtgewonden,9,personenauto,3,Fiets,Op Kruispunt,Gemeenteweg,binnen bebouwde kom,Tss. 2 best.: langs opzij (voor-/achterkant-flank),Geen hindernis
5511,120,Zele teller 1,Zele,51.0607671,4.0547741,1.835187974761257,51.074450016385015,4.040088235159025,2017,12,7,42028,Zele,Normaal,"Ijzel, sneeuw","Nacht, geen openbare verlichting aanwezig",met lichtgewonden,3,Fiets,10,"één bestuurder, geen hindernis",Buiten Kruispunt,Gemeenteweg,binnen bebouwde kom,"Eén bestuurder, geen hindernis (incl. val)",Geen hindernis
5511,121,Zele teller 2,Zele,51.0604067,4.0556696,1.9036315156454489,51.074450016385015,4.040088235159025,2017,12,7,42028,Zele,Normaal,"Ijzel, sneeuw","Nacht, geen openbare verlichting aanwezig",met lichtgewonden,3,Fiets,10,"één bestuurder, geen hindernis",Buiten Kruispunt,Gemeenteweg,binnen bebouwde kom,"Eén bestuurder, geen hindernis (incl. val)",Geen hindernis
5513,116,Melle teller 2,Melle,50.9986113,3.8040599,0.6075154015675008,51.00357140733137,3.800419838808771,2017,12,13,44040,Melle,Onbekend,Onbekend,Dag,met lichtgewonden,3,Fiets,9,personenauto,Op Kruispunt,Gewestweg,binnen bebouwde kom,Tss. 2 best.: langs opzij (voor-/achterkant-flank),Geen hindernis
5513,117,Melle teller 1,Melle,50.9986113,3.8040599,0.6075154015675008,51.00357140733137,3.800419838808771,2017,12,13,44040,Melle,Onbekend,Onbekend,Dag,met lichtgewonden,3,Fiets,9,personenauto,Op Kruispunt,Gewestweg,binnen bebouwde kom,Tss. 2 best.: langs opzij (voor-/achterkant-flank),Geen hindernis
5517,10,Aalst 2,Aalst,50.93549,4.01571,2.1871870632269332,50.941805602992225,4.045271692521452,2017,12,15,41002,Aalst,Normaal,"Nat, plassen",Dag,met lichtgewonden,3,Fiets,8,Voetganger,Buiten Kruispunt,Gemeenteweg,binnen bebouwde kom,Met een voetganger,Geen hindernis
5517,11,Aalst 3,Aalst,50.93385,4.01647,2.203528171171413,50.941805602992225,4.045271692521452,2017,12,15,41002,Aalst,Normaal,"Nat, plassen",Dag,met lichtgewonden,3,Fiets,8,Voetganger,Buiten Kruispunt,Gemeenteweg,binnen bebouwde kom,Met een voetganger,Geen hindernis
5517,19,Aalst 1,Aalst,50.93433,4.01471,2.297149363046122,50.941805602992225,4.045271692521452,2017,12,15,41002,Aalst,Normaal,"Nat, plassen",Dag,met lichtgewonden,3,Fiets,8,Voetganger,Buiten Kruispunt,Gemeenteweg,binnen bebouwde kom,Met een voetganger,Geen hindernis
5518,11,Aalst 3,Aalst,50.93385,4.01647,1.4305412491603213,50.93378136646507,4.036883555397577,2017,12,10,41002,Aalst,Normaal,Onbekend,Dag,met lichtgewonden,9,personenauto,3,Fiets,Op Kruispunt,Gewestweg,binnen bebouwde kom,Tss. 2 best.: langs opzij (voor-/achterkant-flank),Geen hindernis
5518,10,Aalst 2,Aalst,50.93549,4.01571,1.4958677913358578,50.93378136646507,4.036883555397577,2017,12,10,41002,Aalst,Normaal,Onbekend,Dag,met lichtgewonden,9,personenauto,3,Fiets,Op Kruispunt,Gewestweg,binnen bebouwde kom,Tss. 2 best.: langs opzij (voor-/achterkant-flank),Geen hindernis
5518,19,Aalst 1,Aalst,50.93433,4.01471,1.555045502480336,50.93378136646507,4.036883555397577,2017,12,10,41002,Aalst,Normaal,Onbekend,Dag,met lichtgewonden,9,personenauto,3,Fiets,Op Kruispunt,Gewestweg,binnen bebouwde kom,Tss. 2 best.: langs opzij (voor-/achterkant-flank),Geen hindernis
5523,125,Dendermonde totem,Dendermonde,51.0372706,4.1025998,1.8198229181828247,51.022630293759946,4.114230976401262,2017,12,8,42006,Dendermonde,"Andere (dikke rook,...)","Ijzel, sneeuw",Dag,met zwaargewonden,3,Fiets,10,"één bestuurder, geen hindernis",Buiten Kruispunt,Gemeenteweg,binnen bebouwde kom,"Eén bestuurder, geen hindernis (incl. val)",Geen hindernis
5523,122,Dendermonde teller 2,Dendermonde,51.0373918,4.1019222,1.8534146561541154,51.022630293759946,4.114230976401262,2017,12,8,42006,Dendermonde,"Andere (dikke rook,...)","Ijzel, sneeuw",Dag,met zwaargewonden,3,Fiets,10,"één bestuurder, geen hindernis",Buiten Kruispunt,Gemeenteweg,binnen bebouwde kom,"Eén bestuurder, geen hindernis (incl. val)",Geen hindernis
5524,122,Dendermonde teller 2,Dendermonde,51.0373918,4.1019222,0.4045065732924154,51.041023976172305,4.102244201007408,2017,12,17,42006,Dendermonde,Normaal,"Nat, plassen","Nacht, openbare verlichting aanwezig en ontstoken",met lichtgewonden,9,personenauto,3,Fiets,Buiten Kruispunt,Gewestweg,binnen bebouwde kom,Tss. 2 best.: langs opzij (voor-/achterkant-flank),Geen hindernis
5524,125,Dendermonde totem,Dendermonde,51.0372706,4.1025998,0.4180962989351506,51.041023976172305,4.102244201007408,2017,12,17,42006,Dendermonde,Normaal,"Nat, plassen","Nacht, openbare verlichting aanwezig en ontstoken",met lichtgewonden,9,personenauto,3,Fiets,Buiten Kruispunt,Gewestweg,binnen bebouwde kom,Tss. 2 best.: langs opzij (voor-/achterkant-flank),Geen hindernis
5527,142,TEST Validatie BRUGGE Y2H22022134,Brugge,51.22632,3.24095,1.5837530630542025,51.21435757059199,3.2286070306392407,2017,12,15,31005,Brugge,Normaal,Droog,Dag,met lichtgewonden,5,Lichte vrachtauto,3,Fiets,Buiten Kruispunt,Gewestweg,binnen bebouwde kom,Tss. 2 best.: langs opzij (voor-/achterkant-flank),Geen hindernis
5527,52,Brugge,Brugge,51.22632,3.24095,1.5837530630542025,51.21435757059199,3.2286070306392407,2017,12,15,31005,Brugge,Normaal,Droog,Dag,met lichtgewonden,5,Lichte vrachtauto,3,Fiets,Buiten Kruispunt,Gewestweg,binnen bebouwde kom,Tss. 2 best.: langs opzij (voor-/achterkant-flank),Geen hindernis
5527,54,Brugge teller 2,Brugge,51.23015,3.22818,1.7562898316107973,51.21435757059199,3.2286070306392407,2017,12,15,31005,Brugge,Normaal,Droog,Dag,met lichtgewonden,5,Lichte vrachtauto,3,Fiets,Buiten Kruispunt,Gewestweg,binnen bebouwde kom,Tss. 2 best.: langs opzij (voor-/achterkant-flank),Geen hindernis
5527,53,Brugge teller 1,Brugge,51.23023,3.228,1.7654398399103568,51.21435757059199,3.2286070306392407,2017,12,15,31005,Brugge,Normaal,Droog,Dag,met lichtgewonden,5,Lichte vrachtauto,3,Fiets,Buiten Kruispunt,Gewestweg,binnen bebouwde kom,Tss. 2 best.: langs opzij (voor-/achterkant-flank),Geen hindernis
5528,142,TEST Validatie BRUGGE Y2H22022134,Brugge,51.22632,3.24095,1.4869365473805123,51.21368824020471,3.2479565315781356,2017,12,12,31005,Brugge,Normaal,Droog,Dag,met lichtgewonden,9,personenauto,3,Fiets,Op Kruispunt,Gemeenteweg,binnen bebouwde kom,Tss. 2 best.: langs opzij (voor-/achterkant-flank),Geen hindernis
5528,52,Brugge,Brugge,51.22632,3.24095,1.4869365473805123,51.21368824020471,3.2479565315781356,2017,12,12,31005,Brugge,Normaal,Droog,Dag,met lichtgewonden,9,personenauto,3,Fiets,Op Kruispunt,Gemeenteweg,binnen bebouwde kom,Tss. 2 best.: langs opzij (voor-/achterkant-flank),Geen hindernis
5528,54,Brugge teller 2,Brugge,51.23015,3.22818,2.2907404779844476,51.21368824020471,3.2479565315781356,2017,12,12,31005,Brugge,Normaal,Droog,Dag,met lichtgewonden,9,personenauto,3,Fiets,Op Kruispunt,Gemeenteweg,binnen bebouwde kom,Tss. 2 best.: langs opzij (voor-/achterkant-flank),Geen hindernis
5528,53,Brugge teller 1,Brugge,51.23023,3.228,2.3053895272562306,51.21368824020471,3.2479565315781356,2017,12,12,31005,Brugge,Normaal,Droog,Dag,met lichtgewonden,9,personenauto,3,Fiets,Op Kruispunt,Gemeenteweg,binnen bebouwde kom,Tss. 2 best.: langs opzij (voor-/achterkant-flank),Geen hindernis
5530,53,Brugge teller 1,Brugge,51.23023,3.228,1.5724649587615949,51.2264530661355,3.2062379177450184,2017,12,15,31005,Brugge,Normaal,Droog,Dag,met lichtgewonden,9,personenauto,3,Fiets,Op Kruispunt,Gewestweg,binnen bebouwde kom,Tss. 2 best.: langs opzij (voor-/achterkant-flank),Geen hindernis
5530,54,Brugge teller 2,Brugge,51.23015,3.22818,1.5822138058551938,51.2264530661355,3.2062379177450184,2017,12,15,31005,Brugge,Normaal,Droog,Dag,met lichtgewonden,9,personenauto,3,Fiets,Op Kruispunt,Gewestweg,binnen bebouwde kom,Tss. 2 best.: langs opzij (voor-/achterkant-flank),Geen hindernis
5530,52,Brugge,Brugge,51.22632,3.24095,2.417229736456048,51.2264530661355,3.2062379177450184,2017,12,15,31005,Brugge,Normaal,Droog,Dag,met lichtgewonden,9,personenauto,3,Fiets,Op Kruispunt,Gewestweg,binnen bebouwde kom,Tss. 2 best.: langs opzij (voor-/achterkant-flank),Geen hindernis
5530,142,TEST Validatie BRUGGE Y2H22022134,Brugge,51.22632,3.24095,2.417229736456048,51.2264530661355,3.2062379177450184,2017,12,15,31005,Brugge,Normaal,Droog,Dag,met lichtgewonden,9,personenauto,3,Fiets,Op Kruispunt,Gewestweg,binnen bebouwde kom,Tss. 2 best.: langs opzij (voor-/achterkant-flank),Geen hindernis
5531,142,TEST Validatie BRUGGE Y2H22022134,Brugge,51.22632,3.24095,1.588192490711477,51.2121552707975,3.238021980878084,2017,12,9,31005,Brugge,Regenval,"Nat, plassen",Dag,met lichtgewonden,3,Fiets,8,Voetganger,Buiten Kruispunt,Gewestweg,binnen bebouwde kom,Met een voetganger,Geen hindernis
5531,52,Brugge,Brugge,51.22632,3.24095,1.588192490711477,51.2121552707975,3.238021980878084,2017,12,9,31005,Brugge,Regenval,"Nat, plassen",Dag,met lichtgewonden,3,Fiets,8,Voetganger,Buiten Kruispunt,Gewestweg,binnen bebouwde kom,Met een voetganger,Geen hindernis
5531,54,Brugge teller 2,Brugge,51.23015,3.22818,2.1150652454390015,51.2121552707975,3.238021980878084,2017,12,9,31005,Brugge,Regenval,"Nat, plassen",Dag,met lichtgewonden,3,Fiets,8,Voetganger,Buiten Kruispunt,Gewestweg,binnen bebouwde kom,Met een voetganger,Geen hindernis
5531,53,Brugge teller 1,Brugge,51.23023,3.228,2.1275619652676188,51.2121552707975,3.238021980878084,2017,12,9,31005,Brugge,Regenval,"Nat, plassen",Dag,met lichtgewonden,3,Fiets,8,Voetganger,Buiten Kruispunt,Gewestweg,binnen bebouwde kom,Met een voetganger,Geen hindernis
5532,142,TEST Validatie BRUGGE Y2H22022134,Brugge,51.22632,3.24095,1.8003009460191872,51.21381291590882,3.257365116073403,2017,12,9,31005,Brugge,Normaal,Droog,Dag,met lichtgewonden,5,Lichte vrachtauto,3,Fiets,Buiten Kruispunt,Gemeenteweg,binnen bebouwde kom,Tussen 2 bestuurders: Flank tegen flank,Geen hindernis
5532,52,Brugge,Brugge,51.22632,3.24095,1.8003009460191872,51.21381291590882,3.257365116073403,2017,12,9,31005,Brugge,Normaal,Droog,Dag,met lichtgewonden,5,Lichte vrachtauto,3,Fiets,Buiten Kruispunt,Gemeenteweg,binnen bebouwde kom,Tussen 2 bestuurders: Flank tegen flank,Geen hindernis
5533,53,Brugge teller 1,Brugge,51.23023,3.228,1.0645453690771673,51.225224920193554,3.214967708912731,2017,12,16,31005,Brugge,Normaal,Droog,Dag,met zwaargewonden,5,Lichte vrachtauto,3,Fiets,Op Kruispunt,Gemeenteweg,buiten bebouwde kom,Tussen 2 bestuurders: Langs achteren,Geen hindernis
5533,54,Brugge teller 2,Brugge,51.23015,3.22818,1.0706734930897939,51.225224920193554,3.214967708912731,2017,12,16,31005,Brugge,Normaal,Droog,Dag,met zwaargewonden,5,Lichte vrachtauto,3,Fiets,Op Kruispunt,Gemeenteweg,buiten bebouwde kom,Tussen 2 bestuurders: Langs achteren,Geen hindernis
5533,52,Brugge,Brugge,51.22632,3.24095,1.8134002991125848,51.225224920193554,3.214967708912731,2017,12,16,31005,Brugge,Normaal,Droog,Dag,met zwaargewonden,5,Lichte vrachtauto,3,Fiets,Op Kruispunt,Gemeenteweg,buiten bebouwde kom,Tussen 2 bestuurders: Langs achteren,Geen hindernis
5533,142,TEST Validatie BRUGGE Y2H22022134,Brugge,51.22632,3.24095,1.8134002991125848,51.225224920193554,3.214967708912731,2017,12,16,31005,Brugge,Normaal,Droog,Dag,met zwaargewonden,5,Lichte vrachtauto,3,Fiets,Op Kruispunt,Gemeenteweg,buiten bebouwde kom,Tussen 2 bestuurders: Langs achteren,Geen hindernis
5534,142,TEST Validatie BRUGGE Y2H22022134,Brugge,51.22632,3.24095,1.5521941934596486,51.21420153433351,3.252011912117474,2017,12,11,31005,Brugge,Normaal,Droog,Dag,met lichtgewonden,9,personenauto,3,Fiets,Buiten Kruispunt,Gemeenteweg,binnen bebouwde kom,Tussen 2 bestuurders: Flank tegen flank,Geen hindernis
5534,52,Brugge,Brugge,51.22632,3.24095,1.5521941934596486,51.21420153433351,3.252011912117474,2017,12,11,31005,Brugge,Normaal,Droog,Dag,met lichtgewonden,9,personenauto,3,Fiets,Buiten Kruispunt,Gemeenteweg,binnen bebouwde kom,Tussen 2 bestuurders: Flank tegen flank,Geen hindernis
5534,54,Brugge teller 2,Brugge,51.23015,3.22818,2.428886006824716,51.21420153433351,3.252011912117474,2017,12,11,31005,Brugge,Normaal,Droog,Dag,met lichtgewonden,9,personenauto,3,Fiets,Buiten Kruispunt,Gemeenteweg,binnen bebouwde kom,Tussen 2 bestuurders: Flank tegen flank,Geen hindernis
5534,53,Brugge teller 1,Brugge,51.23023,3.228,2.443947516386191,51.21420153433351,3.252011912117474,2017,12,11,31005,Brugge,Normaal,Droog,Dag,met lichtgewonden,9,personenauto,3,Fiets,Buiten Kruispunt,Gemeenteweg,binnen bebouwde kom,Tussen 2 bestuurders: Flank tegen flank,Geen hindernis