crash_row_id,site_id,site_name,site_gemeente,site_lat,site_long,distance_km,crash_lat,crash_long,DT_YEAR_COLLISION,DT_MONTH_COLLISION,DT_TIME,CD_NIS,TX_MUNTY_COLLISION_NL,TX_WEATHER_NL,TX_ROAD_CONDITION_NL,TX_LIGHT_CONDITION_NL,TX_CLASS_ACCIDENTS_NL,CD_ROAD_USR_TYPE1,TX_ROAD_USR_TYPE1_NL,CD_ROAD_USR_TYPE2,TX_ROAD_USR_TYPE2_NL,TX_CROSSWAY_NL,CD_ROAD_TYPE_NL,TX_BUILD_UP_AREA_NL,TX_COLLISION_TYPE_NL,TX_OBSTACLES_NL
5536,20,Brugge,Brugge,51.17416,3.20048,2.0228904177609266,51.18544521358506,3.223241932752244,2017,12,10,31005,Brugge,Normaal,Droog,Dag,met lichtgewonden,9,personenauto,3,Fiets,Op Kruispunt,Gewestweg,binnen bebouwde kom,Tss. 2 best.: langs opzij (voor-/achterkant-flank),Geen hindernis
5551,59,Ardooie teller 1,Ardooie,50.96784,3.18479,1.5504243411174772,50.97256860932883,3.2056197583464896,2017,12,14,37020,Ardooie,Normaal,Droog,Dag,met lichtgewonden,9,personenauto,3,Fiets,Op Kruispunt,Gemeenteweg,buiten bebouwde kom,Tss. 2 best.: langs opzij (voor-/achterkant-flank),Geen hindernis
5551,60,Ardooie teller 2,Ardooie,50.96783,3.18411,1.5956664123823772,50.97256860932883,3.2056197583464896,2017,12,14,37020,Ardooie,Normaal,Droog,Dag,met lichtgewonden,9,personenauto,3,Fiets,Op Kruispunt,Gemeenteweg,buiten bebouwde kom,Tss. 2 best.: langs opzij (voor-/achterkant-flank),Geen hindernis
5554,18,Oostende 1,Oostende,51.21378,2.92765,1.9727554856651761,51.23058532081003,2.9185701268072046,2017,12,22,35013,Oostende,Normaal,Droog,"Nacht, openbare verlichting aanwezig en ontstoken",met lichtgewonden,3,Fiets,9,personenauto,Op Kruispunt,Gemeenteweg,binnen bebouwde kom,Tss. 2 best.: langs opzij (voor-/achterkant-flank),Geen hindernis
5554,15,Oostende 2,Oostende,51.21371,2.92743,1.9752908433603171,51.23058532081003,2.9185701268072046,2017,12,22,35013,Oostende,Normaal,Droog,"Nacht, openbare verlichting aanwezig en ontstoken",met lichtgewonden,3,Fiets,9,personenauto,Op Kruispunt,Gemeenteweg,binnen bebouwde kom,Tss. 2 best.: langs opzij (voor-/achterkant-flank),Geen hindernis
5555,15,Oostende 2,Oostende,51.21371,2.92743,1.759939583440225,51.22465253643674,2.909172391074171,2017,12,12,35013,Oostende,Normaal,Droog,Dag,met lichtgewonden,9,personenauto,3,Fiets,Op Kruispunt,Gewestweg,binnen bebouwde kom,Tss. 2 best.: langs opzij (voor-/achterkant-flank),Geen hindernis
5555,18,Oostende 1,Oostende,51.21378,2.92765,1.765702423379496,51.22465253643674,2.909172391074171,2017,12,12,35013,Oostende,Normaal,Droog,Dag,met lichtgewonden,9,personenauto,3,Fiets,Op Kruispunt,Gewestweg,binnen bebouwde kom,Tss. 2 best.: langs opzij (voor-/achterkant-flank),Geen hindernis
5556,18,Oostende 1,Oostende,51.21378,2.92765,2.210068573501107,51.2329192862817,2.919091826527932,2017,12,14,35013,Oostende,Normaal,Droog,Dag,met lichtgewonden,9,personenauto,3,Fiets,Op Kruispunt,Gemeenteweg,binnen bebouwde kom,Tss. 2 best.: langs opzij (voor-/achterkant-flank),Geen hindernis
5556,15,Oostende 2,Oostende,51.21371,2.92743,2.2134965680152625,51.2329192862817,2.919091826527932,2017,12,14,35013,Oostende,Normaal,Droog,Dag,met lichtgewonden,9,personenauto,3,Fiets,Op Kruispunt,Gemeenteweg,binnen bebouwde kom,Tss. 2 best.: langs opzij (voor-/achterkant-flank),Geen hindernis
5557,15,Oostende 2,Oostende,51.21371,2.92743,0.767942560903368,51.20715511182967,2.9239583307612005,2017,12,11,35013,Oostende,Regenval,"Nat, plassen",Dag,met lichtgewonden,9,personenauto,3,Fiets,Op Kruispunt,Gemeenteweg,binnen bebouwde kom,Tss. 2 best.: langs opzij (voor-/achterkant-flank),Geen hindernis
5557,18,Oostende 1,Oostende,51.21378,2.92765,0.7802499010914518,51.20715511182967,2.9239583307612005,2017,12,11,35013,Oostende,Regenval,"Nat, plassen",Dag,met lichtgewonden,9,personenauto,3,Fiets,Op Kruispunt,Gemeenteweg,binnen bebouwde kom,Tss. 2 best.: langs opzij (voor-/achterkant-flank),Geen hindernis
5558,15,Oostende 2,Oostende,51.21371,2.92743,1.7900233020795535,51.212051497471975,2.9018685790733922,2017,12,11,35013,Oostende,Normaal,Droog,Dag,met zwaargewonden,3,Fiets,9,personenauto,Op Kruispunt,Gemeenteweg,binnen bebouwde kom,Tss. 2 best.: langs opzij (voor-/achterkant-flank),Geen hindernis
5558,18,Oostende 1,Oostende,51.21378,2.92765,1.8060770769914458,51.212051497471975,2.9018685790733922,2017,12,11,35013,Oostende,Normaal,Droog,Dag,met zwaargewonden,3,Fiets,9,personenauto,Op Kruispunt,Gemeenteweg,binnen bebouwde kom,Tss. 2 best.: langs opzij (voor-/achterkant-flank),Geen hindernis
5561,55,Torhout teller 1,Torhout,51.07161,3.08261,1.345559642576923,51.07941055099379,3.0973341659985616,2017,12,7,31033,Torhout,Onbekend,Onbekend,Onbekend,met lichtgewonden,3,Fiets,6,Bromfiets,Op Kruispunt,Gemeenteweg,onbekend,Tss. 2 best.: langs opzij (voor-/achterkant-flank),Geen hindernis
5561,56,Torhout teller 2,Torhout,51.07147,3.08244,1.3646822801694052,51.07941055099379,3.0973341659985616,2017,12,7,31033,Torhout,Onbekend,Onbekend,Onbekend,met lichtgewonden,3,Fiets,6,Bromfiets,Op Kruispunt,Gemeenteweg,onbekend,Tss. 2 best.: langs opzij (voor-/achterkant-flank),Geen hindernis
5574,143,Eco Display Classic Budastraat,Kortrijk,50.83066,3.26286,0.19273690175785688,50.82923034093349,3.2644116274916093,2017,12,12,34022,Kortrijk,Normaal,Droog,Dag,met lichtgewonden,3,Fiets,11,een weggebruiker tegen een hindernis,Buiten Kruispunt,Gemeenteweg,binnen bebouwde kom,Weggebruiker tegen hindernis op de rijbaan,Op de rijbaan: Dier (huisdier)
5574,16,Kortrijk 1,Kortrijk,50.83332,3.27777,1.042580238230769,50.82923034093349,3.2644116274916093,2017,12,12,34022,Kortrijk,Normaal,Droog,Dag,met lichtgewonden,3,Fiets,11,een weggebruiker tegen een hindernis,Buiten Kruispunt,Gemeenteweg,binnen bebouwde kom,Weggebruiker tegen hindernis op de rijbaan,Op de rijbaan: Dier (huisdier)
5574,17,Kortrijk 2,Kortrijk,50.83339,3.27773,1.0434791670964054,50.82923034093349,3.2644116274916093,2017,12,12,34022,Kortrijk,Normaal,Droog,Dag,met lichtgewonden,3,Fiets,11,een weggebruiker tegen een hindernis,Buiten Kruispunt,Gemeenteweg,binnen bebouwde kom,Weggebruiker tegen hindernis op de rijbaan,Op de rijbaan: Dier (huisdier)
5574,75,Kortrijk teller 2,Kortrijk,50.81925,3.25731,1.2167203202712944,50.82923034093349,3.2644116274916093,2017,12,12,34022,Kortrijk,Normaal,Droog,Dag,met lichtgewonden,3,Fiets,11,een weggebruiker tegen een hindernis,Buiten Kruispunt,Gemeenteweg,binnen bebouwde kom,Weggebruiker tegen hindernis op de rijbaan,Op de rijbaan: Dier (huisdier)
5574,74,Kortrijk teller 1,Kortrijk,50.81909,3.25728,1.2338235361328154,50.82923034093349,3.2644116274916093,2017,12,12,34022,Kortrijk,Normaal,Droog,Dag,met lichtgewonden,3,Fiets,11,een weggebruiker tegen een hindernis,Buiten Kruispunt,Gemeenteweg,binnen bebouwde kom,Weggebruiker tegen hindernis op de rijbaan,Op de rijbaan: Dier (huisdier)
5575,75,Kortrijk teller 2,Kortrijk,50.81925,3.25731,0.41595559118875375,50.821376871319806,3.262181054799739,2017,12,10,34022,Kortrijk,Normaal,Droog,Dag,met zwaargewonden,9,personenauto,3,Fiets,Buiten Kruispunt,Gemeenteweg,binnen bebouwde kom,Tss. 2 best.: langs opzij (voor-/achterkant-flank),Geen hindernis
5575,74,Kortrijk teller 1,Kortrijk,50.81909,3.25728,0.42801613858255705,50.821376871319806,3.262181054799739,2017,12,10,34022,Kortrijk,Normaal,Droog,Dag,met zwaargewonden,9,personenauto,3,Fiets,Buiten Kruispunt,Gemeenteweg,binnen bebouwde kom,Tss. 2 best.: langs opzij (voor-/achterkant-flank),Geen hindernis
5575,143,Eco Display Classic Budastraat,Kortrijk,50.83066,3.26286,1.0333378170791738,50.821376871319806,3.262181054799739,2017,12,10,34022,Kortrijk,Normaal,Droog,Dag,met zwaargewonden,9,personenauto,3,Fiets,Buiten Kruispunt,Gemeenteweg,binnen bebouwde kom,Tss. 2 best.: langs opzij (voor-/achterkant-flank),Geen hindernis
5575,16,Kortrijk 1,Kortrijk,50.83332,3.27777,1.721187609268976,50.821376871319806,3.262181054799739,2017,12,10,34022,Kortrijk,Normaal,Droog,Dag,met zwaargewonden,9,personenauto,3,Fiets,Buiten Kruispunt,Gemeenteweg,binnen bebouwde kom,Tss. 2 best.: langs opzij (voor-/achterkant-flank),Geen hindernis
5575,17,Kortrijk 2,Kortrijk,50.83339,3.27773,1.7254201530658126,50.821376871319806,3.262181054799739,2017,12,10,34022,Kortrijk,Normaal,Droog,Dag,met zwaargewonden,9,personenauto,3,Fiets,Buiten Kruispunt,Gemeenteweg,binnen bebouwde kom,Tss. 2 best.: langs opzij (voor-/achterkant-flank),Geen hindernis
5577,74,Kortrijk teller 1,Kortrijk,50.81909,3.25728,0.4509805729074939,50.81649727380761,3.2622164849153177,2017,12,15,34022,Kortrijk,Normaal,Droog,Dag,met lichtgewonden,3,Fiets,4,Vrachtwagen,Op Kruispunt,Gewestweg,binnen bebouwde kom,Tss. 2 best.: langs opzij (voor-/achterkant-flank),Geen hindernis
5577,75,Kortrijk teller 2,Kortrijk,50.81925,3.25731,0.46097785654468576,50.81649727380761,3.2622164849153177,2017,12,15,34022,Kortrijk,Normaal,Droog,Dag,met lichtgewonden,3,Fiets,4,Vrachtwagen,Op Kruispunt,Gewestweg,binnen bebouwde kom,Tss. 2 best.: langs opzij (voor-/achterkant-flank),Geen hindernis
5577,143,Eco Display Classic Budastraat,Kortrijk,50.83066,3.26286,1.5754718928408649,50.81649727380761,3.2622164849153177,2017,12,15,34022,Kortrijk,Normaal,Droog,Dag,met lichtgewonden,3,Fiets,4,Vrachtwagen,Op Kruispunt,Gewestweg,binnen bebouwde kom,Tss. 2 best.: langs opzij (voor-/achterkant-flank),Geen hindernis
5577,16,Kortrijk 1,Kortrijk,50.83332,3.27777,2.1662628296627378,50.81649727380761,3.2622164849153177,2017,12,15,34022,Kortrijk,Normaal,Droog,Dag,met lichtgewonden,3,Fiets,4,Vrachtwagen,Op Kruispunt,Gewestweg,binnen bebouwde kom,Tss. 2 best.: langs opzij (voor-/achterkant-flank),Geen hindernis
5577,17,Kortrijk 2,Kortrijk,50.83339,3.27773,2.1715760444423604,50.81649727380761,3.2622164849153177,2017,12,15,34022,Kortrijk,Normaal,Droog,Dag,met lichtgewonden,3,Fiets,4,Vrachtwagen,Op Kruispunt,Gewestweg,binnen bebouwde kom,Tss. 2 best.: langs opzij (voor-/achterkant-flank),Geen hindernis
5578,143,Eco Display Classic Budastraat,Kortrijk,50.83066,3.26286,1.069938894451244,50.84023939950495,3.2642953013323277,2017,12,5,34022,Kortrijk,Normaal,Droog,"Nacht, openbare verlichting aanwezig en ontstoken",met lichtgewonden,3,Fiets,11,een weggebruiker tegen een hindernis,Buiten Kruispunt,Gewestweg,binnen bebouwde kom,Weggebruiker tegen hindernis buiten rijbaan,Buiten de rijbaan: Omheining
5578,17,Kortrijk 2,Kortrijk,50.83339,3.27773,1.2124829510412054,50.84023939950495,3.2642953013323277,2017,12,5,34022,Kortrijk,Normaal,Droog,"Nacht, openbare verlichting aanwezig en ontstoken",met lichtgewonden,3,Fiets,11,een weggebruiker tegen een hindernis,Buiten Kruispunt,Gewestweg,binnen bebouwde kom,Weggebruiker tegen hindernis buiten rijbaan,Buiten de rijbaan: Omheining
5578,16,Kortrijk 1,Kortrijk,50.83332,3.27777,1.2195659393522695,50.84023939950495,3.2642953013323277,2017,12,5,34022,Kortrijk,Normaal,Droog,"Nacht, openbare verlichting aanwezig en ontstoken",met lichtgewonden,3,Fiets,11,een weggebruiker tegen een hindernis,Buiten Kruispunt,Gewestweg,binnen bebouwde kom,Weggebruiker tegen hindernis buiten rijbaan,Buiten de rijbaan: Omheining
5578,75,Kortrijk teller 2,Kortrijk,50.81925,3.25731,2.384921360652425,50.84023939950495,3.2642953013323277,2017,12,5,34022,Kortrijk,Normaal,Droog,"Nacht, openbare verlichting aanwezig en ontstoken",met lichtgewonden,3,Fiets,11,een weggebruiker tegen een hindernis,Buiten Kruispunt,Gewestweg,binnen bebouwde kom,Weggebruiker tegen hindernis buiten rijbaan,Buiten de rijbaan: Omheining
5578,74,Kortrijk teller 1,Kortrijk,50.81909,3.25728,2.402766185413009,50.84023939950495,3.2642953013323277,2017,12,5,34022,Kortrijk,Normaal,Droog,"Nacht, openbare verlichting aanwezig en ontstoken",met lichtgewonden,3,Fiets,11,een weggebruiker tegen een hindernis,Buiten Kruispunt,Gewestweg,binnen bebouwde kom,Weggebruiker tegen hindernis buiten rijbaan,Buiten de rijbaan: Omheining
5592,67,Ieper totem,Ieper,50.85018,2.85624,1.2266488879748665,50.845217989547024,2.8718446979428593,2017,12,8,33011,Ieper,Normaal,Droog,Dag,met lichtgewonden,9,personenauto,3,Fiets,Op Kruispunt,Gemeenteweg,binnen bebouwde kom,Tss. 2 best.: langs opzij (voor-/achterkant-flank),Geen hindernis
5592,68,Ieper,Ieper,50.85032,2.85608,1.2437136855193163,50.845217989547024,2.8718446979428593,2017,12,8,33011,Ieper,Normaal,Droog,Dag,met lichtgewonden,9,personenauto,3,Fiets,Op Kruispunt,Gemeenteweg,binnen bebouwde kom,Tss. 2 best.: langs opzij (voor-/achterkant-flank),Geen hindernis
5593,67,Ieper totem,Ieper,50.85018,2.85624,1.6603201682976476,50.85220159948853,2.87967303172817,2017,12,12,33011,Ieper,Normaal,Proper,Dag,met zwaargewonden,8,Voetganger,3,Fiets,Buiten Kruispunt,Gemeenteweg,binnen bebouwde kom,Met een voetganger,Geen hindernis
5593,68,Ieper,Ieper,50.85032,2.85608,1.669424842156598,50.85220159948853,2.87967303172817,2017,12,12,33011,Ieper,Normaal,Proper,Dag,met zwaargewonden,8,Voetganger,3,Fiets,Buiten Kruispunt,Gemeenteweg,binnen bebouwde kom,Met een voetganger,Geen hindernis
5594,67,Ieper totem,Ieper,50.85018,2.85624,2.204351038449036,50.85522003229804,2.886609603636111,2017,12,18,33011,Ieper,Regenval,"Nat, plassen",Dag,met lichtgewonden,9,personenauto,3,Fiets,Op Kruispunt,Gewestweg,binnen bebouwde kom,Tss. 2 best.: langs opzij (voor-/achterkant-flank),Geen hindernis
5594,68,Ieper,Ieper,50.85032,2.85608,2.2113255026288137,50.85522003229804,2.886609603636111,2017,12,18,33011,Ieper,Regenval,"Nat, plassen",Dag,met lichtgewonden,9,personenauto,3,Fiets,Op Kruispunt,Gewestweg,binnen bebouwde kom,Tss. 2 best.: langs opzij (voor-/achterkant-flank),Geen hindernis
5595,35,Lanaken teller 1,Lanaken,50.88112,5.6314,1.9131571556232891,50.89075663409888,5.653993539437791,2017,12,12,73042,Lanaken,Regenval,"Nat, plassen",Dag,met lichtgewonden,9,personenauto,3,Fiets,Op Kruispunt,Gewestweg,binnen bebouwde kom,Tss. 2 best.: langs opzij (voor-/achterkant-flank),Geen hindernis
5595,36,Lanaken teller 2,Lanaken,50.88131,5.63012,1.9768694129304663,50.89075663409888,5.653993539437791,2017,12,12,73042,Lanaken,Regenval,"Nat, plassen",Dag,met lichtgewonden,9,personenauto,3,Fiets,Op Kruispunt,Gewestweg,binnen bebouwde kom,Tss. 2 best.: langs opzij (voor-/achterkant-flank),Geen hindernis
5599,99,Mechelen teller 1,Mechelen,51.04564,4.46882,1.1896653300601214,51.03526670060544,4.472985972671114,2017,12,19,12025,Mechelen,Normaal,Droog,"Nacht, openbare verlichting aanwezig en ontstoken",met lichtgewonden,9,personenauto,3,Fiets,Buiten Kruispunt,Gewestweg,binnen bebouwde kom,Tss. 2 best.: langs opzij (voor-/achterkant-flank),Geen hindernis
5599,100,Mechelen teller 2,Mechelen,51.0457,4.46883,1.195964984835179,51.03526670060544,4.472985972671114,2017,12,19,12025,Mechelen,Normaal,Droog,"Nacht, openbare verlichting aanwezig en ontstoken",met lichtgewonden,9,personenauto,3,Fiets,Buiten Kruispunt,Gewestweg,binnen bebouwde kom,Tss. 2 best.: langs opzij (voor-/achterkant-flank),Geen hindernis
5601,109,Zemst,Zemst,50.9903936,4.4707023,2.1189748725905346,51.00928753142977,4.474647941667762,2017,12,17,12025,Mechelen,Regenval,"Nat, plassen","Nacht, openbare verlichting aanwezig en ontstoken",met lichtgewonden,9,personenauto,3,Fiets,Op Kruispunt,Gewestweg,buiten bebouwde kom,Tss. 2 best.: langs opzij (voor-/achterkant-flank),Geen hindernis
5602,99,Mechelen teller 1,Mechelen,51.04564,4.46882,1.9485625666773019,51.028135351250626,4.470124016910754,2017,12,15,12025,Mechelen,Regenval,"Nat, plassen",Dag,met lichtgewonden,9,personenauto,3,Fiets,Op Kruispunt,Gewestweg,buiten bebouwde kom,Tss. 2 best.: langs opzij (voor-/achterkant-flank),Geen hindernis
5602,100,Mechelen teller 2,Mechelen,51.0457,4.46883,1.9551944943155881,51.028135351250626,4.470124016910754,2017,12,15,12025,Mechelen,Regenval,"Nat, plassen",Dag,met lichtgewonden,9,personenauto,3,Fiets,Op Kruispunt,Gewestweg,buiten bebouwde kom,Tss. 2 best.: langs opzij (voor-/achterkant-flank),Geen hindernis
5603,99,Mechelen teller 1,Mechelen,51.04564,4.46882,2.1714850514919872,51.028940478288526,4.484919993956841,2017,12,16,12025,Mechelen,Normaal,Droog,Dag,met lichtgewonden,3,Fiets,3,Fiets,Op Kruispunt,Gemeenteweg,binnen bebouwde kom,Tss. 2 best.: langs opzij (voor-/achterkant-flank),Geen hindernis
5603,100,Mechelen teller 2,Mechelen,51.0457,4.46883,2.176831142270396,51.028940478288526,4.484919993956841,2017,12,16,12025,Mechelen,Normaal,Droog,Dag,met lichtgewonden,3,Fiets,3,Fiets,Op Kruispunt,Gemeenteweg,binnen bebouwde kom,Tss. 2 best.: langs opzij (voor-/achterkant-flank),Geen hindernis
5605,140,Hasselt ring,Hasselt,50.9300038,5.3438616,0.5916308614414739,50.93499349314889,5.346792688689869,2017,12,17,71022,Hasselt,Normaal,Droog,"Nacht, openbare verlichting aanwezig en ontstoken",met lichtgewonden,9,personenauto,3,Fiets,Op Kruispunt,Gemeenteweg,binnen bebouwde kom,Tss. 2 best.: langs opzij (voor-/achterkant-flank),Geen hindernis
5605,138,Hasselt-Kempische brug,Hasselt,50.9405318,5.3422472,0.6933220284504443,50.93499349314889,5.346792688689869,2017,12,17,71022,Hasselt,Normaal,Droog,"Nacht, openbare verlichting aanwezig en ontstoken",met lichtgewonden,9,personenauto,3,Fiets,Op Kruispunt,Gemeenteweg,binnen bebouwde kom,Tss. 2 best.: langs opzij (voor-/achterkant-flank),Geen hindernis
5605,137,Hasselt-Kempische brug,Hasselt,50.9411605,5.3417576,0.7711778104587841,50.93499349314889,5.346792688689869,2017,12,17,71022,Hasselt,Normaal,Droog,"Nacht, openbare verlichting aanwezig en ontstoken",met lichtgewonden,9,personenauto,3,Fiets,Op Kruispunt,Gemeenteweg,binnen bebouwde kom,Tss. 2 best.: langs opzij (voor-/achterkant-flank),Geen hindernis
5608,140,Hasselt ring,Hasselt,50.9300038,5.3438616,1.0687177067595353,50.921499980234636,5.336755949496407,2017,12,22,71022,Hasselt,Normaal,Droog,"Nacht, openbare verlichting aanwezig en ontstoken",met lichtgewonden,9,personenauto,3,Fiets,Op Kruispunt,Gemeenteweg,binnen bebouwde kom,Tss. 2 best.: langs opzij (voor-/achterkant-flank),Geen hindernis
5608,138,Hasselt-Kempische brug,Hasselt,50.9405318,5.3422472,2.1509477538858888,50.921499980234636,5.336755949496407,2017,12,22,71022,Hasselt,Normaal,Droog,"Nacht, openbare verlichting aanwezig en ontstoken",met lichtgewonden,9,personenauto,3,Fiets,Op Kruispunt,Gemeenteweg,binnen bebouwde kom,Tss. 2 best.: langs opzij (voor-/achterkant-flank),Geen hindernis
5608,137,Hasselt-Kempische brug,Hasselt,50.9411605,5.3417576,2.214072248894355,50.921499980234636,5.336755949496407,2017,12,22,71022,Hasselt,Normaal,Droog,"Nacht, openbare verlichting aanwezig en ontstoken",met lichtgewonden,9,personenauto,3,Fiets,Op Kruispunt,Gemeenteweg,binnen bebouwde kom,Tss. 2 best.: langs opzij (voor-/achterkant-flank),Geen hindernis
5612,99,Mechelen teller 1,Mechelen,51.04564,4.46882,2.1678061718929755,51.02894355628998,4.484826389876167,2018,1,20,12025,Mechelen,Normaal,Droog,"Nacht, openbare verlichting aanwezig en ontstoken",met lichtgewonden,3,Fiets,3,Fiets,Buiten Kruispunt,Gemeenteweg,binnen bebouwde kom,Tussen 2 bestuurders: Langs achteren,Geen hindernis
5612,100,Mechelen teller 2,Mechelen,51.0457,4.46883,2.173162372382694,51.02894355628998,4.484826389876167,2018,1,20,12025,Mechelen,Normaal,Droog,"Nacht, openbare verlichting aanwezig en ontstoken",met lichtgewonden,3,Fiets,3,Fiets,Buiten Kruispunt,Gemeenteweg,binnen bebouwde kom,Tussen 2 bestuurders: Langs achteren,Geen hindernis
5613,100,Mechelen teller 2,Mechelen,51.0457,4.46883,1.1946407142346258,51.05581939104564,4.463089109349961,2018,1,11,12025,Mechelen,Onbekend,Droog,Dag,met lichtgewonden,9,personenauto,3,Fiets,Op Kruispunt,Gewestweg,binnen bebouwde kom,Tss. 2 best.: langs opzij (voor-/achterkant-flank),Geen hindernis
5613,99,Mechelen teller 1,Mechelen,51.04564,4.46882,1.2006935284756213,51.05581939104564,4.463089109349961,2018,1,11,12025,Mechelen,Onbekend,Droog,Dag,met lichtgewonden,9,personenauto,3,Fiets,Op Kruispunt,Gewestweg,binnen bebouwde kom,Tss. 2 best.: langs opzij (voor-/achterkant-flank),Geen hindernis
5614,26,Zaventem,Zaventem,50.86995,4.45444,0.24779387824113772,50.86772524238689,4.454236432176539,2018,1,18,23094,Zaventem,Onbekend,Onbekend,Onbekend,met lichtgewonden,9,personenauto,3,Fiets,Buiten Kruispunt,Gemeenteweg,binnen bebouwde kom,Tussen 2 bestuurders: Flank tegen flank,Geen hindernis
5614,111,Zaventem totem,Zaventem,50.8871216,4.4597084,2.190680876785694,50.86772524238689,4.454236432176539,2018,1,18,23094,Zaventem,Onbekend,Onbekend,Onbekend,met lichtgewonden,9,personenauto,3,Fiets,Buiten Kruispunt,Gemeenteweg,binnen bebouwde kom,Tussen 2 bestuurders: Flank tegen flank,Geen hindernis
5614,149,Machelen,,50.88297881,4.43356644,2.2316414900692036,50.86772524238689,4.454236432176539,2018,1,18,23094,Zaventem,Onbekend,Onbekend,Onbekend,met lichtgewonden,9,personenauto,3,Fiets,Buiten Kruispunt,Gemeenteweg,binnen bebouwde kom,Tussen 2 bestuurders: Flank tegen flank,Geen hindernis
5621,2,Brasschaat 2,Brasschaat,51.27512,4.47169,1.409814512082628,51.2635641854082,4.463352039334835,2018,1,8,11002,Antwerpen,Normaal,Droog,Dag,met lichtgewonden,3,Fiets,5,Lichte vrachtauto,Buiten Kruispunt,Gewestweg,binnen bebouwde kom,Tss. 2 best.: langs opzij (voor-/achterkant-flank),Geen hindernis
5621,3,Brasschaat 1,Brasschaat,51.27503,4.47222,1.4163672898938744,51.2635641854082,4.463352039334835,2018,1,8,11002,Antwerpen,Normaal,Droog,Dag,met lichtgewonden,3,Fiets,5,Lichte vrachtauto,Buiten Kruispunt,Gewestweg,binnen bebouwde kom,Tss. 2 best.: langs opzij (voor-/achterkant-flank),Geen hindernis
5699,91,Brecht teller 2,Brecht,51.35739,4.62422,0.8118367428327293,51.353820464688305,4.634418703548013,2018,1,14,11009,Brecht,Normaal,Onbekend,Dag,met lichtgewonden,6,Bromfiets,3,Fiets,Buiten Kruispunt,Gemeenteweg,buiten bebouwde kom,Tussen 2 bestuurders: Frontale botsing,Geen hindernis
5699,90,Brecht teller 1,Brecht,51.35752,4.6243,0.8142015169090632,51.353820464688305,4.634418703548013,2018,1,14,11009,Brecht,Normaal,Onbekend,Dag,met lichtgewonden,6,Bromfiets,3,Fiets,Buiten Kruispunt,Gemeenteweg,buiten bebouwde kom,Tussen 2 bestuurders: Frontale botsing,Geen hindernis
5706,96,Lier teller 2,Lier,51.11705,4.58444,2.161351477676804,51.130545780075025,4.562152406521236,2018,1,11,12021,Lier,Regenval,"Nat, plassen",Dag,met lichtgewonden,9,personenauto,3,Fiets,Op Kruispunt,Gewestweg,binnen bebouwde kom,Tussen 2 bestuurders: Frontale botsing,Geen hindernis
5706,95,Lier teller 1,Lier,51.11687,4.58437,2.1718075358699016,51.130545780075025,4.562152406521236,2018,1,11,12021,Lier,Regenval,"Nat, plassen",Dag,met lichtgewonden,9,personenauto,3,Fiets,Op Kruispunt,Gewestweg,binnen bebouwde kom,Tussen 2 bestuurders: Frontale botsing,Geen hindernis
5708,9,Heist op den Berg 2,Heist-op-den-Berg,51.06904,4.69524,1.1667801619501301,51.06730258751834,4.711707770101572,2018,1,11,12014,Heist-op-den-Berg,Normaal,Droog,Dag,met lichtgewonden,9,personenauto,3,Fiets,Op Kruispunt,Gemeenteweg,binnen bebouwde kom,Tss. 2 best.: langs opzij (voor-/achterkant-flank),Geen hindernis
5708,8,Heist op den Berg 1,Heist-op-den-Berg,51.06759,4.68823,1.640831297602599,51.06730258751834,4.711707770101572,2018,1,11,12014,Heist-op-den-Berg,Normaal,Droog,Dag,met lichtgewonden,9,personenauto,3,Fiets,Op Kruispunt,Gemeenteweg,binnen bebouwde kom,Tss. 2 best.: langs opzij (voor-/achterkant-flank),Geen hindernis
5717,112,Geel teller 2,Westerlo,51.1354992,4.9394789,1.0955948085429628,51.143157204481994,4.949359860040128,2018,1,11,13008,Geel,Normaal,Droog,Dag,met zwaargewonden,3,Fiets,3,Fiets,Op Kruispunt,Gewestweg,buiten bebouwde kom,Tss. 2 best.: langs opzij (voor-/achterkant-flank),Geen hindernis
5717,127,Geel totem,Westerlo,51.1342966,4.9400421,1.1803937737246093,51.143157204481994,4.949359860040128,2018,1,11,13008,Geel,Normaal,Droog,Dag,met zwaargewonden,3,Fiets,3,Fiets,Op Kruispunt,Gewestweg,buiten bebouwde kom,Tss. 2 best.: langs opzij (voor-/achterkant-flank),Geen hindernis
5722,135,Retie 2,Dessel,51.2544998,5.1040064,1.8135790361614035,51.23917960195218,5.11294466533427,2018,1,15,13006,Dessel,Normaal,Droog,Dag,met lichtgewonden,5,Lichte vrachtauto,3,Fiets,Op Kruispunt,Gewestweg,binnen bebouwde kom,Tussen 2 bestuurders: Flank tegen flank,Geen hindernis
5722,134,Retie,Dessel,51.2548405,5.1037658,1.8549104089893964,51.23917960195218,5.11294466533427,2018,1,15,13006,Dessel,Normaal,Droog,Dag,met lichtgewonden,5,Lichte vrachtauto,3,Fiets,Op Kruispunt,Gewestweg,binnen bebouwde kom,Tussen 2 bestuurders: Flank tegen flank,Geen hindernis
5725,46,Pelt teller 2,Pelt,51.231,5.44375,0.15237315686703234,51.23013482475104,5.442052958025283,2018,1,16,72043,Pelt,Normaal,Droog,Dag,met lichtgewonden,3,Fiets,9,personenauto,Buiten Kruispunt,Gewestweg,binnen bebouwde kom,Tss. 2 best.: langs opzij (voor-/achterkant-flank),Geen hindernis