crash_row_id,site_id,site_name,site_gemeente,site_lat,site_long,distance_km,crash_lat,crash_long,DT_YEAR_COLLISION,DT_MONTH_COLLISION,DT_TIME,CD_NIS,TX_MUNTY_COLLISION_NL,TX_WEATHER_NL,TX_ROAD_CONDITION_NL,TX_LIGHT_CONDITION_NL,TX_CLASS_ACCIDENTS_NL,CD_ROAD_USR_TYPE1,TX_ROAD_USR_TYPE1_NL,CD_ROAD_USR_TYPE2,TX_ROAD_USR_TYPE2_NL,TX_CROSSWAY_NL,CD_ROAD_TYPE_NL,TX_BUILD_UP_AREA_NL,TX_COLLISION_TYPE_NL,TX_OBSTACLES_NL
5725,45,Pelt teller 1,Pelt,51.23127,5.44377,0.17385751585007256,51.23013482475104,5.442052958025283,2018,1,16,72043,Pelt,Normaal,Droog,Dag,met lichtgewonden,3,Fiets,9,personenauto,Buiten Kruispunt,Gewestweg,binnen bebouwde kom,Tss. 2 best.: langs opzij (voor-/achterkant-flank),Geen hindernis
5737,39,Peer teller 1,Peer,51.13425,5.47817,1.4815293274195964,51.13104151069923,5.45756247349701,2018,1,15,72030,Peer,Normaal,Droog,Dag,met lichtgewonden,3,Fiets,10,"één bestuurder, geen hindernis",Op Kruispunt,Gewestweg,binnen bebouwde kom,"Eén bestuurder, geen hindernis (incl. val)",Geen hindernis
5737,40,Peer teller 2,Peer,51.13438,5.47892,1.5358016538293244,51.13104151069923,5.45756247349701,2018,1,15,72030,Peer,Normaal,Droog,Dag,met lichtgewonden,3,Fiets,10,"één bestuurder, geen hindernis",Op Kruispunt,Gewestweg,binnen bebouwde kom,"Eén bestuurder, geen hindernis (incl. val)",Geen hindernis
5741,14,Genk,Genk,50.97172,5.48927,1.1153348423225589,50.96438344484697,5.500131300970768,2018,1,18,71016,Genk,Regenval,"Nat, plassen","Nacht, openbare verlichting aanwezig en ontstoken",met lichtgewonden,3,Fiets,9,personenauto,Op Kruispunt,Gewestweg,binnen bebouwde kom,Tussen 2 bestuurders: Frontale botsing,Geen hindernis
5742,14,Genk,Genk,50.97172,5.48927,1.2695830849937788,50.97580471816606,5.472337545731542,2018,1,22,71016,Genk,Normaal,"Nat, plassen","Nacht, openbare verlichting aanwezig en ontstoken",met lichtgewonden,3,Fiets,9,personenauto,Op Kruispunt,Gemeenteweg,buiten bebouwde kom,Tss. 2 best.: langs opzij (voor-/achterkant-flank),Geen hindernis
5743,107,leuven totem,Leuven,50.8870744,4.7087919,2.1311071066005804,50.8986986213572,4.732949462214453,2018,1,7,24062,Leuven,Onbekend,Onbekend,Dageraad - schemering,met lichtgewonden,3,Fiets,9,personenauto,Buiten Kruispunt,Gemeenteweg,binnen bebouwde kom,Tussen 2 bestuurders: Langs achteren,Geen hindernis
5743,77,Leuven teller 2,Leuven,50.88672,4.70796,2.201408513035656,50.8986986213572,4.732949462214453,2018,1,7,24062,Leuven,Onbekend,Onbekend,Dageraad - schemering,met lichtgewonden,3,Fiets,9,personenauto,Buiten Kruispunt,Gemeenteweg,binnen bebouwde kom,Tussen 2 bestuurders: Langs achteren,Geen hindernis
5744,69,Leuven teller 1,Leuven,50.87549,4.71526,1.4425826790303196,50.86925646423319,4.733289903811873,2018,1,8,24062,Leuven,Normaal,Droog,Dag,met lichtgewonden,9,personenauto,3,Fiets,Op Kruispunt,Gewestweg,binnen bebouwde kom,Tussen 2 bestuurders: Langs achteren,Geen hindernis
5745,69,Leuven teller 1,Leuven,50.87549,4.71526,1.190430561800788,50.86837863345034,4.702578615211486,2018,1,19,24062,Leuven,Normaal,Droog,"Nacht, openbare verlichting aanwezig en ontstoken",met lichtgewonden,3,Fiets,3,Fiets,Buiten Kruispunt,Gewestweg,binnen bebouwde kom,Tussen 2 bestuurders: Frontale botsing,Geen hindernis
5745,151,Leuven,District Leuven,50.8690262,4.6854839,1.201782048957136,50.86837863345034,4.702578615211486,2018,1,19,24062,Leuven,Normaal,Droog,"Nacht, openbare verlichting aanwezig en ontstoken",met lichtgewonden,3,Fiets,3,Fiets,Buiten Kruispunt,Gewestweg,binnen bebouwde kom,Tussen 2 bestuurders: Frontale botsing,Geen hindernis
5745,77,Leuven teller 2,Leuven,50.88672,4.70796,2.074122082836588,50.86837863345034,4.702578615211486,2018,1,19,24062,Leuven,Normaal,Droog,"Nacht, openbare verlichting aanwezig en ontstoken",met lichtgewonden,3,Fiets,3,Fiets,Buiten Kruispunt,Gewestweg,binnen bebouwde kom,Tussen 2 bestuurders: Frontale botsing,Geen hindernis
5745,107,leuven totem,Leuven,50.8870744,4.7087919,2.124089588953037,50.86837863345034,4.702578615211486,2018,1,19,24062,Leuven,Normaal,Droog,"Nacht, openbare verlichting aanwezig en ontstoken",met lichtgewonden,3,Fiets,3,Fiets,Buiten Kruispunt,Gewestweg,binnen bebouwde kom,Tussen 2 bestuurders: Frontale botsing,Geen hindernis
5745,108,Heverlee teller 1,Leuven,50.8471728,4.6954674,2.410232891807075,50.86837863345034,4.702578615211486,2018,1,19,24062,Leuven,Normaal,Droog,"Nacht, openbare verlichting aanwezig en ontstoken",met lichtgewonden,3,Fiets,3,Fiets,Buiten Kruispunt,Gewestweg,binnen bebouwde kom,Tussen 2 bestuurders: Frontale botsing,Geen hindernis
5746,69,Leuven teller 1,Leuven,50.87549,4.71526,1.0642260865463793,50.87415978913436,4.700239916656233,2018,1,22,24062,Leuven,Normaal,Droog,"Nacht, geen openbare verlichting aanwezig",met lichtgewonden,3,Fiets,9,personenauto,Buiten Kruispunt,Gemeenteweg,binnen bebouwde kom,Tss. 2 best.: langs opzij (voor-/achterkant-flank),Geen hindernis
5746,151,Leuven,District Leuven,50.8690262,4.6854839,1.1823631461822677,50.87415978913436,4.700239916656233,2018,1,22,24062,Leuven,Normaal,Droog,"Nacht, geen openbare verlichting aanwezig",met lichtgewonden,3,Fiets,9,personenauto,Buiten Kruispunt,Gemeenteweg,binnen bebouwde kom,Tss. 2 best.: langs opzij (voor-/achterkant-flank),Geen hindernis
5746,77,Leuven teller 2,Leuven,50.88672,4.70796,1.497976467017569,50.87415978913436,4.700239916656233,2018,1,22,24062,Leuven,Normaal,Droog,"Nacht, geen openbare verlichting aanwezig",met lichtgewonden,3,Fiets,9,personenauto,Buiten Kruispunt,Gemeenteweg,binnen bebouwde kom,Tss. 2 best.: langs opzij (voor-/achterkant-flank),Geen hindernis
5746,107,leuven totem,Leuven,50.8870744,4.7087919,1.5563379496471184,50.87415978913436,4.700239916656233,2018,1,22,24062,Leuven,Normaal,Droog,"Nacht, geen openbare verlichting aanwezig",met lichtgewonden,3,Fiets,9,personenauto,Buiten Kruispunt,Gemeenteweg,binnen bebouwde kom,Tss. 2 best.: langs opzij (voor-/achterkant-flank),Geen hindernis
5747,151,Leuven,District Leuven,50.8690262,4.6854839,0.9156212949615665,50.86865071592572,4.698518036625622,2018,1,16,24062,Leuven,"Regenval+Sterke wind, rukwind","Nat, plassen",Dageraad - schemering,met lichtgewonden,9,personenauto,3,Fiets,Op Kruispunt,Gewestweg,binnen bebouwde kom,Tss. 2 best.: langs opzij (voor-/achterkant-flank),Geen hindernis
5747,69,Leuven teller 1,Leuven,50.87549,4.71526,1.3994525080358748,50.86865071592572,4.698518036625622,2018,1,16,24062,Leuven,"Regenval+Sterke wind, rukwind","Nat, plassen",Dageraad - schemering,met lichtgewonden,9,personenauto,3,Fiets,Op Kruispunt,Gewestweg,binnen bebouwde kom,Tss. 2 best.: langs opzij (voor-/achterkant-flank),Geen hindernis
5747,77,Leuven teller 2,Leuven,50.88672,4.70796,2.115606933434829,50.86865071592572,4.698518036625622,2018,1,16,24062,Leuven,"Regenval+Sterke wind, rukwind","Nat, plassen",Dageraad - schemering,met lichtgewonden,9,personenauto,3,Fiets,Op Kruispunt,Gewestweg,binnen bebouwde kom,Tss. 2 best.: langs opzij (voor-/achterkant-flank),Geen hindernis
5747,107,leuven totem,Leuven,50.8870744,4.7087919,2.171735925163063,50.86865071592572,4.698518036625622,2018,1,16,24062,Leuven,"Regenval+Sterke wind, rukwind","Nat, plassen",Dageraad - schemering,met lichtgewonden,9,personenauto,3,Fiets,Op Kruispunt,Gewestweg,binnen bebouwde kom,Tss. 2 best.: langs opzij (voor-/achterkant-flank),Geen hindernis
5747,108,Heverlee teller 1,Leuven,50.8471728,4.6954674,2.397815394946728,50.86865071592572,4.698518036625622,2018,1,16,24062,Leuven,"Regenval+Sterke wind, rukwind","Nat, plassen",Dageraad - schemering,met lichtgewonden,9,personenauto,3,Fiets,Op Kruispunt,Gewestweg,binnen bebouwde kom,Tss. 2 best.: langs opzij (voor-/achterkant-flank),Geen hindernis
5748,69,Leuven teller 1,Leuven,50.87549,4.71526,0.42278467848586604,50.873437745543654,4.720332362347533,2018,1,8,24062,Leuven,Normaal,Droog,Dageraad - schemering,met lichtgewonden,3,Fiets,3,Fiets,Buiten Kruispunt,Gemeenteweg,binnen bebouwde kom,Tss. 2 best.: langs opzij (voor-/achterkant-flank),Geen hindernis
5748,77,Leuven teller 2,Leuven,50.88672,4.70796,1.7131107939886725,50.873437745543654,4.720332362347533,2018,1,8,24062,Leuven,Normaal,Droog,Dageraad - schemering,met lichtgewonden,3,Fiets,3,Fiets,Buiten Kruispunt,Gemeenteweg,binnen bebouwde kom,Tss. 2 best.: langs opzij (voor-/achterkant-flank),Geen hindernis
5748,107,leuven totem,Leuven,50.8870744,4.7087919,1.718948348631521,50.873437745543654,4.720332362347533,2018,1,8,24062,Leuven,Normaal,Droog,Dageraad - schemering,met lichtgewonden,3,Fiets,3,Fiets,Buiten Kruispunt,Gemeenteweg,binnen bebouwde kom,Tss. 2 best.: langs opzij (voor-/achterkant-flank),Geen hindernis
5748,151,Leuven,District Leuven,50.8690262,4.6854839,2.494077042393285,50.873437745543654,4.720332362347533,2018,1,8,24062,Leuven,Normaal,Droog,Dageraad - schemering,met lichtgewonden,3,Fiets,3,Fiets,Buiten Kruispunt,Gemeenteweg,binnen bebouwde kom,Tss. 2 best.: langs opzij (voor-/achterkant-flank),Geen hindernis
5749,69,Leuven teller 1,Leuven,50.87549,4.71526,0.6319014245837925,50.87974525120282,4.709290529956568,2018,1,20,24062,Leuven,Normaal,Droog,"Nacht, openbare verlichting aanwezig en ontstoken",met lichtgewonden,3,Fiets,9,personenauto,Buiten Kruispunt,Gemeenteweg,binnen bebouwde kom,Tss. 2 best.: langs opzij (voor-/achterkant-flank),Geen hindernis
5749,77,Leuven teller 2,Leuven,50.88672,4.70796,0.7811534389794258,50.87974525120282,4.709290529956568,2018,1,20,24062,Leuven,Normaal,Droog,"Nacht, openbare verlichting aanwezig en ontstoken",met lichtgewonden,3,Fiets,9,personenauto,Buiten Kruispunt,Gemeenteweg,binnen bebouwde kom,Tss. 2 best.: langs opzij (voor-/achterkant-flank),Geen hindernis
5749,107,leuven totem,Leuven,50.8870744,4.7087919,0.8157145407120784,50.87974525120282,4.709290529956568,2018,1,20,24062,Leuven,Normaal,Droog,"Nacht, openbare verlichting aanwezig en ontstoken",met lichtgewonden,3,Fiets,9,personenauto,Buiten Kruispunt,Gemeenteweg,binnen bebouwde kom,Tss. 2 best.: langs opzij (voor-/achterkant-flank),Geen hindernis
5749,151,Leuven,District Leuven,50.8690262,4.6854839,2.0520639226213344,50.87974525120282,4.709290529956568,2018,1,20,24062,Leuven,Normaal,Droog,"Nacht, openbare verlichting aanwezig en ontstoken",met lichtgewonden,3,Fiets,9,personenauto,Buiten Kruispunt,Gemeenteweg,binnen bebouwde kom,Tss. 2 best.: langs opzij (voor-/achterkant-flank),Geen hindernis
5750,69,Leuven teller 1,Leuven,50.87549,4.71526,0.36243012888568604,50.87280560884954,4.718189726024455,2018,1,7,24062,Leuven,Normaal,Proper,"Nacht, openbare verlichting aanwezig en ontstoken",met lichtgewonden,3,Fiets,9,personenauto,Buiten Kruispunt,Gewestweg,binnen bebouwde kom,Tss. 2 best.: langs opzij (voor-/achterkant-flank),Geen hindernis
5750,77,Leuven teller 2,Leuven,50.88672,4.70796,1.7055653730378533,50.87280560884954,4.718189726024455,2018,1,7,24062,Leuven,Normaal,Proper,"Nacht, openbare verlichting aanwezig en ontstoken",met lichtgewonden,3,Fiets,9,personenauto,Buiten Kruispunt,Gewestweg,binnen bebouwde kom,Tss. 2 best.: langs opzij (voor-/achterkant-flank),Geen hindernis
5750,107,leuven totem,Leuven,50.8870744,4.7087919,1.7181605330969212,50.87280560884954,4.718189726024455,2018,1,7,24062,Leuven,Normaal,Proper,"Nacht, openbare verlichting aanwezig en ontstoken",met lichtgewonden,3,Fiets,9,personenauto,Buiten Kruispunt,Gewestweg,binnen bebouwde kom,Tss. 2 best.: langs opzij (voor-/achterkant-flank),Geen hindernis
5750,151,Leuven,District Leuven,50.8690262,4.6854839,2.3331845172195336,50.87280560884954,4.718189726024455,2018,1,7,24062,Leuven,Normaal,Proper,"Nacht, openbare verlichting aanwezig en ontstoken",met lichtgewonden,3,Fiets,9,personenauto,Buiten Kruispunt,Gewestweg,binnen bebouwde kom,Tss. 2 best.: langs opzij (voor-/achterkant-flank),Geen hindernis
5751,151,Leuven,District Leuven,50.8690262,4.6854839,0.9432128877548216,50.86075596682624,4.682495984009135,2018,1,16,24062,Leuven,Regenval,"Nat, plassen",Dageraad - schemering,met lichtgewonden,3,Fiets,3,Fiets,Buiten Kruispunt,Gemeenteweg,binnen bebouwde kom,Tussen 2 bestuurders: Flank tegen flank,Geen hindernis
5751,108,Heverlee teller 1,Leuven,50.8471728,4.6954674,1.7636215768877639,50.86075596682624,4.682495984009135,2018,1,16,24062,Leuven,Regenval,"Nat, plassen",Dageraad - schemering,met lichtgewonden,3,Fiets,3,Fiets,Buiten Kruispunt,Gemeenteweg,binnen bebouwde kom,Tussen 2 bestuurders: Flank tegen flank,Geen hindernis
5751,76,Heverlee teller 2,Leuven,50.84606,4.69597,1.8881130745734656,50.86075596682624,4.682495984009135,2018,1,16,24062,Leuven,Regenval,"Nat, plassen",Dageraad - schemering,met lichtgewonden,3,Fiets,3,Fiets,Buiten Kruispunt,Gemeenteweg,binnen bebouwde kom,Tussen 2 bestuurders: Flank tegen flank,Geen hindernis
5752,151,Leuven,District Leuven,50.8690262,4.6854839,0.9253065049659059,50.86874814284609,4.69866227486737,2018,1,10,24062,Leuven,Normaal,Droog,Dag,met lichtgewonden,3,Fiets,9,personenauto,Op Kruispunt,Gewestweg,binnen bebouwde kom,Tussen 2 bestuurders: Flank tegen flank,Geen hindernis
5752,69,Leuven teller 1,Leuven,50.87549,4.71526,1.385072712161667,50.86874814284609,4.69866227486737,2018,1,10,24062,Leuven,Normaal,Droog,Dag,met lichtgewonden,3,Fiets,9,personenauto,Op Kruispunt,Gewestweg,binnen bebouwde kom,Tussen 2 bestuurders: Flank tegen flank,Geen hindernis
5752,77,Leuven teller 2,Leuven,50.88672,4.70796,2.1021584711495875,50.86874814284609,4.69866227486737,2018,1,10,24062,Leuven,Normaal,Droog,Dag,met lichtgewonden,3,Fiets,9,personenauto,Op Kruispunt,Gewestweg,binnen bebouwde kom,Tussen 2 bestuurders: Flank tegen flank,Geen hindernis
5752,107,leuven totem,Leuven,50.8870744,4.7087919,2.1581657090275765,50.86874814284609,4.69866227486737,2018,1,10,24062,Leuven,Normaal,Droog,Dag,met lichtgewonden,3,Fiets,9,personenauto,Op Kruispunt,Gewestweg,binnen bebouwde kom,Tussen 2 bestuurders: Flank tegen flank,Geen hindernis
5752,108,Heverlee teller 1,Leuven,50.8471728,4.6954674,2.409526826544811,50.86874814284609,4.69866227486737,2018,1,10,24062,Leuven,Normaal,Droog,Dag,met lichtgewonden,3,Fiets,9,personenauto,Op Kruispunt,Gewestweg,binnen bebouwde kom,Tussen 2 bestuurders: Flank tegen flank,Geen hindernis
5753,77,Leuven teller 2,Leuven,50.88672,4.70796,1.531296900811988,50.89349137915013,4.6889502678231105,2018,1,14,24062,Leuven,Normaal,Droog,Dag,met lichtgewonden,3,Fiets,5,Lichte vrachtauto,Op Kruispunt,Gewestweg,buiten bebouwde kom,Tussen 2 bestuurders: Flank tegen flank,Geen hindernis
5753,107,leuven totem,Leuven,50.8870744,4.7087919,1.5639956770561525,50.89349137915013,4.6889502678231105,2018,1,14,24062,Leuven,Normaal,Droog,Dag,met lichtgewonden,3,Fiets,5,Lichte vrachtauto,Op Kruispunt,Gewestweg,buiten bebouwde kom,Tussen 2 bestuurders: Flank tegen flank,Geen hindernis
5754,151,Leuven,District Leuven,50.8690262,4.6854839,0.9432128877548216,50.86075596682624,4.682495984009135,2018,1,10,24062,Leuven,Normaal,"Nat, plassen",Dag,met lichtgewonden,9,personenauto,3,Fiets,Buiten Kruispunt,Gemeenteweg,binnen bebouwde kom,Tss. 2 best.: langs opzij (voor-/achterkant-flank),Geen hindernis
5754,108,Heverlee teller 1,Leuven,50.8471728,4.6954674,1.7636215768877639,50.86075596682624,4.682495984009135,2018,1,10,24062,Leuven,Normaal,"Nat, plassen",Dag,met lichtgewonden,9,personenauto,3,Fiets,Buiten Kruispunt,Gemeenteweg,binnen bebouwde kom,Tss. 2 best.: langs opzij (voor-/achterkant-flank),Geen hindernis
5754,76,Heverlee teller 2,Leuven,50.84606,4.69597,1.8881130745734656,50.86075596682624,4.682495984009135,2018,1,10,24062,Leuven,Normaal,"Nat, plassen",Dag,met lichtgewonden,9,personenauto,3,Fiets,Buiten Kruispunt,Gemeenteweg,binnen bebouwde kom,Tss. 2 best.: langs opzij (voor-/achterkant-flank),Geen hindernis
5755,77,Leuven teller 2,Leuven,50.88672,4.70796,0.8403220061556288,50.881258731264964,4.6996803363781945,2018,1,11,24062,Leuven,Normaal,Droog,Dag,met lichtgewonden,9,personenauto,3,Fiets,Buiten Kruispunt,Gemeenteweg,binnen bebouwde kom,Tussen 2 bestuurders: Langs achteren,Geen hindernis
5755,107,leuven totem,Leuven,50.8870744,4.7087919,0.9092595223762269,50.881258731264964,4.6996803363781945,2018,1,11,24062,Leuven,Normaal,Droog,Dag,met lichtgewonden,9,personenauto,3,Fiets,Buiten Kruispunt,Gemeenteweg,binnen bebouwde kom,Tussen 2 bestuurders: Langs achteren,Geen hindernis
5755,69,Leuven teller 1,Leuven,50.87549,4.71526,1.2673912571685904,50.881258731264964,4.6996803363781945,2018,1,11,24062,Leuven,Normaal,Droog,Dag,met lichtgewonden,9,personenauto,3,Fiets,Buiten Kruispunt,Gemeenteweg,binnen bebouwde kom,Tussen 2 bestuurders: Langs achteren,Geen hindernis
5755,151,Leuven,District Leuven,50.8690262,4.6854839,1.685925119710263,50.881258731264964,4.6996803363781945,2018,1,11,24062,Leuven,Normaal,Droog,Dag,met lichtgewonden,9,personenauto,3,Fiets,Buiten Kruispunt,Gemeenteweg,binnen bebouwde kom,Tussen 2 bestuurders: Langs achteren,Geen hindernis
5756,77,Leuven teller 2,Leuven,50.88672,4.70796,0.8250436916052613,50.8872171397443,4.696224887255469,2018,1,7,24062,Leuven,Onbekend,Onbekend,Onbekend,met lichtgewonden,3,Fiets,9,personenauto,Op Kruispunt,Gemeenteweg,binnen bebouwde kom,Tss. 2 best.: langs opzij (voor-/achterkant-flank),Geen hindernis
5756,107,leuven totem,Leuven,50.8870744,4.7087919,0.881684985591287,50.8872171397443,4.696224887255469,2018,1,7,24062,Leuven,Onbekend,Onbekend,Onbekend,met lichtgewonden,3,Fiets,9,personenauto,Op Kruispunt,Gemeenteweg,binnen bebouwde kom,Tss. 2 best.: langs opzij (voor-/achterkant-flank),Geen hindernis
5756,69,Leuven teller 1,Leuven,50.87549,4.71526,1.86648859088703,50.8872171397443,4.696224887255469,2018,1,7,24062,Leuven,Onbekend,Onbekend,Onbekend,met lichtgewonden,3,Fiets,9,personenauto,Op Kruispunt,Gemeenteweg,binnen bebouwde kom,Tss. 2 best.: langs opzij (voor-/achterkant-flank),Geen hindernis
5756,151,Leuven,District Leuven,50.8690262,4.6854839,2.158561280542151,50.8872171397443,4.696224887255469,2018,1,7,24062,Leuven,Onbekend,Onbekend,Onbekend,met lichtgewonden,3,Fiets,9,personenauto,Op Kruispunt,Gemeenteweg,binnen bebouwde kom,Tss. 2 best.: langs opzij (voor-/achterkant-flank),Geen hindernis
5757,151,Leuven,District Leuven,50.8690262,4.6854839,0.345550217857162,50.87192246913996,4.68726884121998,2018,1,8,24062,Leuven,Onbekend,Onbekend,Onbekend,met lichtgewonden,9,personenauto,3,Fiets,Buiten Kruispunt,Gemeenteweg,binnen bebouwde kom,Tussen 2 bestuurders: Langs achteren,Geen hindernis
5757,69,Leuven teller 1,Leuven,50.87549,4.71526,2.0037310857324666,50.87192246913996,4.68726884121998,2018,1,8,24062,Leuven,Onbekend,Onbekend,Onbekend,met lichtgewonden,9,personenauto,3,Fiets,Buiten Kruispunt,Gemeenteweg,binnen bebouwde kom,Tussen 2 bestuurders: Langs achteren,Geen hindernis
5757,77,Leuven teller 2,Leuven,50.88672,4.70796,2.1942491356669986,50.87192246913996,4.68726884121998,2018,1,8,24062,Leuven,Onbekend,Onbekend,Onbekend,met lichtgewonden,9,personenauto,3,Fiets,Buiten Kruispunt,Gemeenteweg,binnen bebouwde kom,Tussen 2 bestuurders: Langs achteren,Geen hindernis
5757,107,leuven totem,Leuven,50.8870744,4.7087919,2.262478534065849,50.87192246913996,4.68726884121998,2018,1,8,24062,Leuven,Onbekend,Onbekend,Onbekend,met lichtgewonden,9,personenauto,3,Fiets,Buiten Kruispunt,Gemeenteweg,binnen bebouwde kom,Tussen 2 bestuurders: Langs achteren,Geen hindernis
5761,22,Tienen 2,Tienen,50.81330800184882,4.935984252796022,0.6194527625655937,50.80818700719673,4.939455110341693,2018,1,12,24107,Tienen,Normaal,Droog,Dag,met lichtgewonden,3,Fiets,3,Fiets,Buiten Kruispunt,Gemeenteweg,binnen bebouwde kom,Tussen 2 bestuurders: Frontale botsing,Geen hindernis
5761,24,Tienen 1,Tienen,50.8133795491886,4.935044252605416,0.6553022429165143,50.80818700719673,4.939455110341693,2018,1,12,24107,Tienen,Normaal,Droog,Dag,met lichtgewonden,3,Fiets,3,Fiets,Buiten Kruispunt,Gemeenteweg,binnen bebouwde kom,Tussen 2 bestuurders: Frontale botsing,Geen hindernis
5761,23,Tienen 3,Tienen,50.81324,4.93447,0.6621031914437866,50.80818700719673,4.939455110341693,2018,1,12,24107,Tienen,Normaal,Droog,Dag,met lichtgewonden,3,Fiets,3,Fiets,Buiten Kruispunt,Gemeenteweg,binnen bebouwde kom,Tussen 2 bestuurders: Frontale botsing,Geen hindernis
5762,72,Herent teller 1,Herent,50.89135,4.64689,1.8614178365600793,50.88573426529163,4.671888906320069,2018,1,15,24038,Herent,Sneeuwval,"Nat, plassen",Dag,met lichtgewonden,9,personenauto,3,Fiets,Buiten Kruispunt,Gewestweg,buiten bebouwde kom,Tss. 2 best.: langs opzij (voor-/achterkant-flank),Geen hindernis
5762,73,Herent teller 2,Herent,50.89128,4.64685,1.861469545167795,50.88573426529163,4.671888906320069,2018,1,15,24038,Herent,Sneeuwval,"Nat, plassen",Dag,met lichtgewonden,9,personenauto,3,Fiets,Buiten Kruispunt,Gewestweg,buiten bebouwde kom,Tss. 2 best.: langs opzij (voor-/achterkant-flank),Geen hindernis
5762,151,Leuven,District Leuven,50.8690262,4.6854839,2.0884080574058506,50.88573426529163,4.671888906320069,2018,1,15,24038,Herent,Sneeuwval,"Nat, plassen",Dag,met lichtgewonden,9,personenauto,3,Fiets,Buiten Kruispunt,Gewestweg,buiten bebouwde kom,Tss. 2 best.: langs opzij (voor-/achterkant-flank),Geen hindernis
5765,87,Aarschot,Aarschot,50.99084,4.81259,2.0133422941548424,50.99275145052648,4.8411955613533415,2018,1,13,24001,Aarschot,Normaal,Onbekend,Dag,met zwaargewonden,3,Fiets,9,personenauto,Buiten Kruispunt,Gemeenteweg,buiten bebouwde kom,Tussen 2 bestuurders: Langs achteren,Geen hindernis
5767,70,Kampenhout teller 1,Kampenhout,50.95682,4.59318,1.8308550967363975,50.967078797219784,4.613627782442561,2018,1,7,24033,Haacht,Normaal,Droog,"Nacht, openbare verlichting aanwezig en ontstoken",met lichtgewonden,9,personenauto,3,Fiets,Buiten Kruispunt,Gewestweg,buiten bebouwde kom,Tss. 2 best.: langs opzij (voor-/achterkant-flank),Geen hindernis
5767,71,Kampenhout teller 2,Kampenhout,50.95589,4.59164,1.9797058191762944,50.967078797219784,4.613627782442561,2018,1,7,24033,Haacht,Normaal,Droog,"Nacht, openbare verlichting aanwezig en ontstoken",met lichtgewonden,9,personenauto,3,Fiets,Buiten Kruispunt,Gewestweg,buiten bebouwde kom,Tss. 2 best.: langs opzij (voor-/achterkant-flank),Geen hindernis
5771,101,Diest teller 1,Diest,50.97799,5.04481,0.27253827048826285,50.97991183937585,5.042393956667795,2018,1,18,24020,Diest,Normaal,Droog,"Nacht, openbare verlichting aanwezig en ontstoken",met lichtgewonden,9,personenauto,3,Fiets,Op Kruispunt,Gewestweg,binnen bebouwde kom,Tss. 2 best.: langs opzij (voor-/achterkant-flank),Geen hindernis
5771,102,Diest teller 2,Diest,50.9779,5.04474,0.2775260297929383,50.97991183937585,5.042393956667795,2018,1,18,24020,Diest,Normaal,Droog,"Nacht, openbare verlichting aanwezig en ontstoken",met lichtgewonden,9,personenauto,3,Fiets,Op Kruispunt,Gewestweg,binnen bebouwde kom,Tss. 2 best.: langs opzij (voor-/achterkant-flank),Geen hindernis
5773,26,Zaventem,Zaventem,50.86995,4.45444,0.6080828707939405,50.87110541130936,4.445970055568083,2018,1,8,23094,Zaventem,Normaal,Droog,Dag,met lichtgewonden,9,personenauto,3,Fiets,Op Kruispunt,Gemeenteweg,binnen bebouwde kom,Tussen 2 bestuurders: Frontale botsing,Geen hindernis
5773,149,Machelen,,50.88297881,4.43356644,1.5812839581365696,50.87110541130936,4.445970055568083,2018,1,8,23094,Zaventem,Normaal,Droog,Dag,met lichtgewonden,9,personenauto,3,Fiets,Op Kruispunt,Gemeenteweg,binnen bebouwde kom,Tussen 2 bestuurders: Frontale botsing,Geen hindernis
5773,111,Zaventem totem,Zaventem,50.8871216,4.4597084,2.025024775588688,50.87110541130936,4.445970055568083,2018,1,8,23094,Zaventem,Normaal,Droog,Dag,met lichtgewonden,9,personenauto,3,Fiets,Op Kruispunt,Gemeenteweg,binnen bebouwde kom,Tussen 2 bestuurders: Frontale botsing,Geen hindernis
5774,145,Overijse,District Vilvoorde-gewestwegen,50.7885856,4.4908759,0.576329590151683,50.78671206669805,4.4985200319591225,2018,1,17,23062,Overijse,Normaal,Droog,Onbekend,met lichtgewonden,3,Fiets,10,"één bestuurder, geen hindernis",Op Kruispunt,Gewestweg,buiten bebouwde kom,"Eén bestuurder, geen hindernis (incl. val)",Geen hindernis
5774,146,Overijse 2,District Vilvoorde-gewestwegen,50.7881478,4.4902818,0.600727687715696,50.78671206669805,4.4985200319591225,2018,1,17,23062,Overijse,Normaal,Droog,Onbekend,met lichtgewonden,3,Fiets,10,"één bestuurder, geen hindernis",Op Kruispunt,Gewestweg,buiten bebouwde kom,"Eén bestuurder, geen hindernis (incl. val)",Geen hindernis
5774,147,Overijse,District Vilvoorde-gewestwegen,50.7797555,4.4975769,0.7763715058370236,50.78671206669805,4.4985200319591225,2018,1,17,23062,Overijse,Normaal,Droog,Onbekend,met lichtgewonden,3,Fiets,10,"één bestuurder, geen hindernis",Op Kruispunt,Gewestweg,buiten bebouwde kom,"Eén bestuurder, geen hindernis (incl. val)",Geen hindernis