crash_row_id,site_id,site_name,site_gemeente,site_lat,site_long,distance_km,crash_lat,crash_long,DT_YEAR_COLLISION,DT_MONTH_COLLISION,DT_TIME,CD_NIS,TX_MUNTY_COLLISION_NL,TX_WEATHER_NL,TX_ROAD_CONDITION_NL,TX_LIGHT_CONDITION_NL,TX_CLASS_ACCIDENTS_NL,CD_ROAD_USR_TYPE1,TX_ROAD_USR_TYPE1_NL,CD_ROAD_USR_TYPE2,TX_ROAD_USR_TYPE2_NL,TX_CROSSWAY_NL,CD_ROAD_TYPE_NL,TX_BUILD_UP_AREA_NL,TX_COLLISION_TYPE_NL,TX_OBSTACLES_NL
5775,86,Asse teller 2,Asse,50.89132,4.1709,2.221477565722781,50.87137730272151,4.172787645910136,2018,1,17,23086,Ternat,Regenval,"Nat, plassen","Nacht, openbare verlichting aanwezig en ontstoken",met lichtgewonden,9,personenauto,3,Fiets,Op Kruispunt,Gemeenteweg,binnen bebouwde kom,Tussen 2 bestuurders: Flank tegen flank,Geen hindernis
5776,80,Wemmel teller 1,Wemmel,50.91418,4.29571,2.4829558889485326,50.899673022220945,4.322630282235563,2018,1,7,23102,Wemmel,Normaal,Droog,"Nacht, openbare verlichting aanwezig en ontstoken",met lichtgewonden,3,Fiets,5,Lichte vrachtauto,Op Kruispunt,Gemeenteweg,binnen bebouwde kom,Tss. 2 best.: langs opzij (voor-/achterkant-flank),Geen hindernis
5776,81,Wemmel teller 2,Wemmel,50.91439,4.29568,2.499775905691903,50.899673022220945,4.322630282235563,2018,1,7,23102,Wemmel,Normaal,Droog,"Nacht, openbare verlichting aanwezig en ontstoken",met lichtgewonden,3,Fiets,5,Lichte vrachtauto,Op Kruispunt,Gemeenteweg,binnen bebouwde kom,Tss. 2 best.: langs opzij (voor-/achterkant-flank),Geen hindernis
5779,47,Vilvoorde,Vilvoorde,50.91372,4.41497,1.8009749270373299,50.92828076659079,4.4262219508979905,2018,1,16,23088,Vilvoorde,Regenval,"Nat, plassen",Dag,met lichtgewonden,9,personenauto,3,Fiets,Op Kruispunt,Gewestweg,binnen bebouwde kom,Tss. 2 best.: langs opzij (voor-/achterkant-flank),Geen hindernis
5779,1,Machelen,Machelen,50.91618331151478,4.456121776137429,2.490366616866997,50.92828076659079,4.4262219508979905,2018,1,16,23088,Vilvoorde,Regenval,"Nat, plassen",Dag,met lichtgewonden,9,personenauto,3,Fiets,Op Kruispunt,Gewestweg,binnen bebouwde kom,Tss. 2 best.: langs opzij (voor-/achterkant-flank),Geen hindernis
5780,1,Machelen,Machelen,50.91618331151478,4.456121776137429,0.9854922461840933,50.9211200338394,4.444446278691817,2018,1,16,23088,Vilvoorde,Normaal,Droog,Dageraad - schemering,met lichtgewonden,5,Lichte vrachtauto,3,Fiets,Op Kruispunt,Gewestweg,buiten bebouwde kom,Tss. 2 best.: langs opzij (voor-/achterkant-flank),Geen hindernis
5780,47,Vilvoorde,Vilvoorde,50.91372,4.41497,2.2241462962225635,50.9211200338394,4.444446278691817,2018,1,16,23088,Vilvoorde,Normaal,Droog,Dageraad - schemering,met lichtgewonden,5,Lichte vrachtauto,3,Fiets,Op Kruispunt,Gewestweg,buiten bebouwde kom,Tss. 2 best.: langs opzij (voor-/achterkant-flank),Geen hindernis
5781,109,Zemst,Zemst,50.9903936,4.4707023,1.6583055893969734,50.99375044709397,4.493788021280638,2018,1,8,23096,Zemst,Normaal,Droog,Dag,met lichtgewonden,9,personenauto,3,Fiets,Buiten Kruispunt,Gemeenteweg,binnen bebouwde kom,Tussen 2 bestuurders: Flank tegen flank,Geen hindernis
5785,13,Gent,Gent,51.03018,3.70146,0.4296499924413101,51.031792067429,3.7070436947135663,2018,2,16,44021,Gent,Normaal,Droog,Dag,met lichtgewonden,3,Fiets,8,Voetganger,Buiten Kruispunt,Gewestweg,binnen bebouwde kom,Met een voetganger,Geen hindernis
5786,136,Gent R4,Gent,51.0876313,3.7587918,2.4520185000691366,51.0658963018548,3.764717343447649,2018,1,18,44021,Gent,Onbekend,"Nat, plassen","Nacht, openbare verlichting aanwezig en ontstoken",met lichtgewonden,3,Fiets,3,Fiets,Buiten Kruispunt,Gemeenteweg,binnen bebouwde kom,Tss. 2 best.: langs opzij (voor-/achterkant-flank),Geen hindernis
5790,13,Gent,Gent,51.03018,3.70146,2.323606048669554,51.01295754006567,3.720274168633532,2018,2,20,44021,Gent,Regenval,"Nat, plassen","Nacht, openbare verlichting aanwezig en ontstoken",met lichtgewonden,9,personenauto,3,Fiets,Op Kruispunt,Gemeenteweg,binnen bebouwde kom,Tussen 2 bestuurders: Frontale botsing,Geen hindernis
5792,13,Gent,Gent,51.03018,3.70146,1.5669536006144622,51.021420535905285,3.7190105739467034,2018,2,12,44021,Gent,Normaal,Droog,Dag,met lichtgewonden,9,personenauto,3,Fiets,Op Kruispunt,Gemeenteweg,binnen bebouwde kom,Tss. 2 best.: langs opzij (voor-/achterkant-flank),Geen hindernis
5793,13,Gent,Gent,51.03018,3.70146,1.9159158168402965,51.03227135891386,3.728655007974105,2018,1,8,44021,Gent,Normaal,Droog+Proper,Dag,met zwaargewonden,3,Fiets,3,Fiets,Op Kruispunt,Gemeenteweg,binnen bebouwde kom,Tss. 2 best.: langs opzij (voor-/achterkant-flank),Geen hindernis
5794,13,Gent,Gent,51.03018,3.70146,2.3244078712875678,51.04145252824012,3.729454758434649,2018,1,8,44021,Gent,Normaal,"Nat, plassen",Dageraad - schemering,met lichtgewonden,3,Fiets,9,personenauto,Op Kruispunt,Gemeenteweg,binnen bebouwde kom,Tss. 2 best.: langs opzij (voor-/achterkant-flank),Geen hindernis
5795,13,Gent,Gent,51.03018,3.70146,1.2847285019964036,51.04169940622526,3.7028774827459667,2018,1,16,44021,Gent,Normaal,Droog,Dageraad - schemering,met lichtgewonden,8,Voetganger,3,Fiets,Buiten Kruispunt,Gemeenteweg,binnen bebouwde kom,Met een voetganger,Geen hindernis
5796,118,Gent teller 1,Gent,51.028049,3.7681359,0.4333380908328451,51.030546225834115,3.7633787697922254,2018,1,12,44021,Gent,Normaal,Droog,Dag,met lichtgewonden,3,Fiets,9,personenauto,Buiten Kruispunt,Gewestweg,buiten bebouwde kom,Tss. 2 best.: langs opzij (voor-/achterkant-flank),Geen hindernis
5796,119,Gent teller 2,Gent,51.0281795,3.7683918,0.43836153577143716,51.030546225834115,3.7633787697922254,2018,1,12,44021,Gent,Normaal,Droog,Dag,met lichtgewonden,3,Fiets,9,personenauto,Buiten Kruispunt,Gewestweg,buiten bebouwde kom,Tss. 2 best.: langs opzij (voor-/achterkant-flank),Geen hindernis
5799,119,Gent teller 2,Gent,51.0281795,3.7683918,0.22517224960252472,51.026568508757826,3.7703426055684988,2018,1,7,44021,Gent,"Sterke wind, rukwind",Droog,"Nacht, openbare verlichting aanwezig en ontstoken",met lichtgewonden,9,personenauto,3,Fiets,Op Kruispunt,Gewestweg,binnen bebouwde kom,Tss. 2 best.: langs opzij (voor-/achterkant-flank),Geen hindernis
5799,118,Gent teller 1,Gent,51.028049,3.7681359,0.22565012260392917,51.026568508757826,3.7703426055684988,2018,1,7,44021,Gent,"Sterke wind, rukwind",Droog,"Nacht, openbare verlichting aanwezig en ontstoken",met lichtgewonden,9,personenauto,3,Fiets,Op Kruispunt,Gewestweg,binnen bebouwde kom,Tss. 2 best.: langs opzij (voor-/achterkant-flank),Geen hindernis
5800,119,Gent teller 2,Gent,51.0281795,3.7683918,1.0886782808608155,51.03745218308177,3.7633947270828,2018,1,7,44021,Gent,Normaal,Droog+Proper,Dageraad - schemering,met lichtgewonden,3,Fiets,9,personenauto,Op Kruispunt,Gemeenteweg,binnen bebouwde kom,Tussen 2 bestuurders: Langs achteren,Geen hindernis
5800,118,Gent teller 1,Gent,51.028049,3.7681359,1.0968907570750717,51.03745218308177,3.7633947270828,2018,1,7,44021,Gent,Normaal,Droog+Proper,Dageraad - schemering,met lichtgewonden,3,Fiets,9,personenauto,Op Kruispunt,Gemeenteweg,binnen bebouwde kom,Tussen 2 bestuurders: Langs achteren,Geen hindernis
5802,13,Gent,Gent,51.03018,3.70146,1.965952507933057,51.038427718972,3.72632837534718,2018,1,8,44021,Gent,Normaal,"Nat, plassen",Dag,met lichtgewonden,9,personenauto,3,Fiets,Op Kruispunt,Gewestweg,binnen bebouwde kom,Tss. 2 best.: langs opzij (voor-/achterkant-flank),Geen hindernis
5803,136,Gent R4,Gent,51.0876313,3.7587918,2.418373330135358,51.06620134898075,3.7528845920760876,2018,1,16,44021,Gent,Normaal,Droog,Dageraad - schemering,met lichtgewonden,3,Fiets,8,Voetganger,Buiten Kruispunt,Gemeenteweg,binnen bebouwde kom,Met een voetganger,Geen hindernis
5804,118,Gent teller 1,Gent,51.028049,3.7681359,2.048910870488289,51.03950901661081,3.745191258828323,2018,1,12,44021,Gent,Normaal,Droog,Dag,met lichtgewonden,3,Fiets,9,personenauto,Op Kruispunt,Gewestweg,binnen bebouwde kom,Tussen 2 bestuurders: Flank tegen flank,Geen hindernis
5804,119,Gent teller 2,Gent,51.0281795,3.7683918,2.05401960753678,51.03950901661081,3.745191258828323,2018,1,12,44021,Gent,Normaal,Droog,Dag,met lichtgewonden,3,Fiets,9,personenauto,Op Kruispunt,Gewestweg,binnen bebouwde kom,Tussen 2 bestuurders: Flank tegen flank,Geen hindernis
5805,13,Gent,Gent,51.03018,3.70146,1.0294818098183864,51.03352765844677,3.7151857031356177,2018,1,15,44021,Gent,Normaal,Droog,Dag,met lichtgewonden,2,Andere weggebruiker,3,Fiets,Buiten Kruispunt,Gewestweg,binnen bebouwde kom,Tss. 2 best.: langs opzij (voor-/achterkant-flank),Geen hindernis
5806,118,Gent teller 1,Gent,51.028049,3.7681359,0.8806181435012497,51.02203513499445,3.7599432928532193,2018,1,18,44021,Gent,Regenval,"Nat, plassen","Nacht, openbare verlichting aanwezig en ontstoken",met lichtgewonden,3,Fiets,8,Voetganger,Buiten Kruispunt,Gemeenteweg,binnen bebouwde kom,Met een voetganger,Geen hindernis
5806,119,Gent teller 2,Gent,51.0281795,3.7683918,0.9032915012382725,51.02203513499445,3.7599432928532193,2018,1,18,44021,Gent,Regenval,"Nat, plassen","Nacht, openbare verlichting aanwezig en ontstoken",met lichtgewonden,3,Fiets,8,Voetganger,Buiten Kruispunt,Gemeenteweg,binnen bebouwde kom,Met een voetganger,Geen hindernis
5808,13,Gent,Gent,51.03018,3.70146,2.211421927863662,51.03592521257206,3.7317362382326063,2018,1,10,44021,Gent,Normaal,"Vuil (zand, grint, bladeren,...)",Dag,met lichtgewonden,3,Fiets,10,"één bestuurder, geen hindernis",Op Kruispunt,Gemeenteweg,binnen bebouwde kom,"Eén bestuurder, geen hindernis (incl. val)",Geen hindernis
5809,13,Gent,Gent,51.03018,3.70146,1.5220202722500782,51.042529511313354,3.710847532141272,2018,1,7,44021,Gent,Normaal,Onbekend,Onbekend,met zwaargewonden,9,personenauto,3,Fiets,Op Kruispunt,Gewestweg,binnen bebouwde kom,Tss. 2 best.: langs opzij (voor-/achterkant-flank),Geen hindernis
5811,13,Gent,Gent,51.03018,3.70146,1.993849821974485,51.039645782544525,3.7256774352305415,2018,1,19,44021,Gent,Normaal,Droog,"Nacht, openbare verlichting aanwezig en ontstoken",met lichtgewonden,9,personenauto,3,Fiets,Op Kruispunt,Gemeenteweg,binnen bebouwde kom,Tussen 2 bestuurders: Flank tegen flank,Geen hindernis
5815,13,Gent,Gent,51.03018,3.70146,1.1820238066314679,51.028085396817374,3.7180307941618933,2018,2,16,44021,Gent,Onbekend,Onbekend,Onbekend,met lichtgewonden,3,Fiets,9,personenauto,Buiten Kruispunt,Gewestweg,binnen bebouwde kom,Tss. 2 best.: langs opzij (voor-/achterkant-flank),Geen hindernis
5816,136,Gent R4,Gent,51.0876313,3.7587918,2.2610729093719746,51.088663660455715,3.7264604559476315,2018,2,7,44021,Gent,Normaal,"Nat, plassen","Nacht, openbare verlichting aanwezig en ontstoken",met zwaargewonden,4,Vrachtwagen,3,Fiets,Op Kruispunt,Gewestweg,binnen bebouwde kom,Tss. 2 best.: langs opzij (voor-/achterkant-flank),Geen hindernis
5818,13,Gent,Gent,51.03018,3.70146,2.024842267864448,51.04826951303126,3.704783791670506,2018,1,19,44021,Gent,Normaal,Droog,"Nacht, openbare verlichting aanwezig en ontstoken",met lichtgewonden,9,personenauto,3,Fiets,Op Kruispunt,Gemeenteweg,binnen bebouwde kom,Tussen 2 bestuurders: Frontale botsing,Geen hindernis
5836,116,Melle teller 2,Melle,50.9986113,3.8040599,1.197108342637167,50.99496742946034,3.8201562150910253,2018,1,8,44040,Melle,Normaal,Droog,"Nacht, openbare verlichting aanwezig en ontstoken",met lichtgewonden,9,personenauto,3,Fiets,Buiten Kruispunt,Gewestweg,buiten bebouwde kom,Tss. 2 best.: langs opzij (voor-/achterkant-flank),Geen hindernis
5836,117,Melle teller 1,Melle,50.9986113,3.8040599,1.197108342637167,50.99496742946034,3.8201562150910253,2018,1,8,44040,Melle,Normaal,Droog,"Nacht, openbare verlichting aanwezig en ontstoken",met lichtgewonden,9,personenauto,3,Fiets,Buiten Kruispunt,Gewestweg,buiten bebouwde kom,Tss. 2 best.: langs opzij (voor-/achterkant-flank),Geen hindernis
5838,116,Melle teller 2,Melle,50.9986113,3.8040599,0.2886180455370445,51.001127561643074,3.805071876591776,2018,1,19,44040,Melle,Normaal,Droog,"Nacht, openbare verlichting aanwezig en ontstoken",met lichtgewonden,3,Fiets,9,personenauto,Buiten Kruispunt,Gewestweg,binnen bebouwde kom,Tss. 2 best.: langs opzij (voor-/achterkant-flank),Geen hindernis
5838,117,Melle teller 1,Melle,50.9986113,3.8040599,0.2886180455370445,51.001127561643074,3.805071876591776,2018,1,19,44040,Melle,Normaal,Droog,"Nacht, openbare verlichting aanwezig en ontstoken",met lichtgewonden,3,Fiets,9,personenauto,Buiten Kruispunt,Gewestweg,binnen bebouwde kom,Tss. 2 best.: langs opzij (voor-/achterkant-flank),Geen hindernis
5839,118,Gent teller 1,Gent,51.028049,3.7681359,0.909533254477045,51.02067692078422,3.7737700715390288,2018,1,17,44040,Melle,Normaal,Droog,Dageraad - schemering,met lichtgewonden,9,personenauto,3,Fiets,Op Kruispunt,Gemeenteweg,binnen bebouwde kom,Tss. 2 best.: langs opzij (voor-/achterkant-flank),Geen hindernis
5839,119,Gent teller 2,Gent,51.0281795,3.7683918,0.9151317378174562,51.02067692078422,3.7737700715390288,2018,1,17,44040,Melle,Normaal,Droog,Dageraad - schemering,met lichtgewonden,9,personenauto,3,Fiets,Op Kruispunt,Gemeenteweg,binnen bebouwde kom,Tss. 2 best.: langs opzij (voor-/achterkant-flank),Geen hindernis
5841,119,Gent teller 2,Gent,51.0281795,3.7683918,0.8586406021193286,51.022163563035214,3.776088661886343,2018,1,12,44040,Melle,Normaal,Droog,Dag,met lichtgewonden,9,personenauto,3,Fiets,Buiten Kruispunt,Gewestweg,buiten bebouwde kom,Tss. 2 best.: langs opzij (voor-/achterkant-flank),Geen hindernis
5841,118,Gent teller 1,Gent,51.028049,3.7681359,0.858865741328382,51.022163563035214,3.776088661886343,2018,1,12,44040,Melle,Normaal,Droog,Dag,met lichtgewonden,9,personenauto,3,Fiets,Buiten Kruispunt,Gewestweg,buiten bebouwde kom,Tss. 2 best.: langs opzij (voor-/achterkant-flank),Geen hindernis
5843,136,Gent R4,Gent,51.0876313,3.7587918,1.0066192376500662,51.08119726649611,3.7486539971865165,2018,1,17,44021,Gent,Onbekend,Onbekend,Onbekend,met lichtgewonden,3,Fiets,9,personenauto,Op Kruispunt,Gemeenteweg,buiten bebouwde kom,Tussen 2 bestuurders: Langs achteren,Geen hindernis
5855,7,Evergem 1,Evergem,51.1089,3.70317,2.2020046788388306,51.12013651797779,3.7291455304372283,2018,1,7,44019,Evergem,Normaal,Droog,"Nacht, openbare verlichting aanwezig en ontstoken",met lichtgewonden,9,personenauto,3,Fiets,Op Kruispunt,Gemeenteweg,buiten bebouwde kom,Tussen 2 bestuurders: Frontale botsing,Geen hindernis
5855,6,Evergem 2,Evergem,51.10894,3.70298,2.2104296732493864,51.12013651797779,3.7291455304372283,2018,1,7,44019,Evergem,Normaal,Droog,"Nacht, openbare verlichting aanwezig en ontstoken",met lichtgewonden,9,personenauto,3,Fiets,Op Kruispunt,Gemeenteweg,buiten bebouwde kom,Tussen 2 bestuurders: Frontale botsing,Geen hindernis
5857,115,Aalter,Aalter,51.1058367,3.4350591,1.8667995821183687,51.090869903302014,3.4471706962438167,2018,1,13,44084,Aalter,Normaal,Droog+Proper,Dag,met lichtgewonden,9,personenauto,3,Fiets,Buiten Kruispunt,Gemeenteweg,binnen bebouwde kom,Tss. 2 best.: langs opzij (voor-/achterkant-flank),Geen hindernis
5872,128,Lokeren teller 1,Lokeren,51.09644,3.97023,0.743707867248814,51.102497145138535,3.974746641323533,2018,1,10,46014,Lokeren,Regenval,"Nat, plassen",Dag,met zwaargewonden,9,personenauto,3,Fiets,Op Kruispunt,Gemeenteweg,binnen bebouwde kom,Tussen 2 bestuurders: Flank tegen flank,Geen hindernis
5872,129,Lokeren teller 2,Lokeren,51.09612,3.97025,0.7755129859805632,51.102497145138535,3.974746641323533,2018,1,10,46014,Lokeren,Regenval,"Nat, plassen",Dag,met zwaargewonden,9,personenauto,3,Fiets,Op Kruispunt,Gemeenteweg,binnen bebouwde kom,Tussen 2 bestuurders: Flank tegen flank,Geen hindernis
5873,128,Lokeren teller 1,Lokeren,51.09644,3.97023,1.6375143456690155,51.10611799773846,3.987906455830359,2018,1,14,46014,Lokeren,Normaal,Droog,Dag,met lichtgewonden,3,Fiets,9,personenauto,Buiten Kruispunt,Gemeenteweg,binnen bebouwde kom,Tss. 2 best.: langs opzij (voor-/achterkant-flank),Geen hindernis
5873,129,Lokeren teller 2,Lokeren,51.09612,3.97025,1.6600807585526298,51.10611799773846,3.987906455830359,2018,1,14,46014,Lokeren,Normaal,Droog,Dag,met lichtgewonden,3,Fiets,9,personenauto,Buiten Kruispunt,Gemeenteweg,binnen bebouwde kom,Tss. 2 best.: langs opzij (voor-/achterkant-flank),Geen hindernis
5874,126,Hamme totem,Hamme,51.1017709,4.1469307,1.8343224252391483,51.089810502246465,4.128839839328247,2018,1,10,42008,Hamme,Regenval,"Nat, plassen",Dag,met lichtgewonden,3,Fiets,9,personenauto,Buiten Kruispunt,Gemeenteweg,binnen bebouwde kom,Tussen 2 bestuurders: Langs achteren,Geen hindernis
5875,120,Zele teller 1,Zele,51.0607671,4.0547741,2.205315659447037,51.06419098752781,4.023690642766161,2018,1,15,42028,Zele,Normaal,Droog,Dag,met lichtgewonden,3,Fiets,9,personenauto,Op Kruispunt,Gemeenteweg,binnen bebouwde kom,Tss. 2 best.: langs opzij (voor-/achterkant-flank),Geen hindernis
5875,121,Zele teller 2,Zele,51.0604067,4.0556696,2.2740638799748925,51.06419098752781,4.023690642766161,2018,1,15,42028,Zele,Normaal,Droog,Dag,met lichtgewonden,3,Fiets,9,personenauto,Op Kruispunt,Gemeenteweg,binnen bebouwde kom,Tss. 2 best.: langs opzij (voor-/achterkant-flank),Geen hindernis
5876,120,Zele teller 1,Zele,51.0607671,4.0547741,0.9474103675637262,51.053698732244925,4.047205133124561,2018,1,10,42028,Zele,Normaal,Droog,Dag,met zwaargewonden,9,personenauto,3,Fiets,Op Kruispunt,Gemeenteweg,buiten bebouwde kom,Tss. 2 best.: langs opzij (voor-/achterkant-flank),Geen hindernis
5876,121,Zele teller 2,Zele,51.0604067,4.0556696,0.9520163659659059,51.053698732244925,4.047205133124561,2018,1,10,42028,Zele,Normaal,Droog,Dag,met zwaargewonden,9,personenauto,3,Fiets,Op Kruispunt,Gemeenteweg,buiten bebouwde kom,Tss. 2 best.: langs opzij (voor-/achterkant-flank),Geen hindernis
5881,10,Aalst 2,Aalst,50.93549,4.01571,2.360395317444538,50.942937313610045,4.047255595860919,2018,1,17,41002,Aalst,Normaal,"Nat, plassen",Dag,met lichtgewonden,9,personenauto,3,Fiets,Op Kruispunt,Gemeenteweg,binnen bebouwde kom,Tussen 2 bestuurders: Flank tegen flank,Geen hindernis
5881,11,Aalst 3,Aalst,50.93385,4.01647,2.382085689011885,50.942937313610045,4.047255595860919,2018,1,17,41002,Aalst,Normaal,"Nat, plassen",Dag,met lichtgewonden,9,personenauto,3,Fiets,Op Kruispunt,Gemeenteweg,binnen bebouwde kom,Tussen 2 bestuurders: Flank tegen flank,Geen hindernis
5881,19,Aalst 1,Aalst,50.93433,4.01471,2.4731611401170785,50.942937313610045,4.047255595860919,2018,1,17,41002,Aalst,Normaal,"Nat, plassen",Dag,met lichtgewonden,9,personenauto,3,Fiets,Op Kruispunt,Gemeenteweg,binnen bebouwde kom,Tussen 2 bestuurders: Flank tegen flank,Geen hindernis
5882,10,Aalst 2,Aalst,50.93549,4.01571,2.292638126718453,50.94253575435965,4.046459914127908,2018,1,12,41002,Aalst,Normaal,"Nat, plassen",Dag,met lichtgewonden,9,personenauto,3,Fiets,Buiten Kruispunt,Gemeenteweg,binnen bebouwde kom,Tss. 2 best.: langs opzij (voor-/achterkant-flank),Geen hindernis
5882,11,Aalst 3,Aalst,50.93385,4.01647,2.3127252578233968,50.94253575435965,4.046459914127908,2018,1,12,41002,Aalst,Normaal,"Nat, plassen",Dag,met lichtgewonden,9,personenauto,3,Fiets,Buiten Kruispunt,Gemeenteweg,binnen bebouwde kom,Tss. 2 best.: langs opzij (voor-/achterkant-flank),Geen hindernis
5882,19,Aalst 1,Aalst,50.93433,4.01471,2.4045611023768645,50.94253575435965,4.046459914127908,2018,1,12,41002,Aalst,Normaal,"Nat, plassen",Dag,met lichtgewonden,9,personenauto,3,Fiets,Buiten Kruispunt,Gemeenteweg,binnen bebouwde kom,Tss. 2 best.: langs opzij (voor-/achterkant-flank),Geen hindernis
5884,11,Aalst 3,Aalst,50.93385,4.01647,1.9940072493702299,50.915999859956926,4.01919408781889,2018,1,16,41002,Aalst,Onbekend,Onbekend,Onbekend,met lichtgewonden,3,Fiets,9,personenauto,Buiten Kruispunt,Gemeenteweg,binnen bebouwde kom,Tussen 2 bestuurders: Langs achteren,Geen hindernis
5884,19,Aalst 1,Aalst,50.93433,4.01471,2.0623077148222673,50.915999859956926,4.01919408781889,2018,1,16,41002,Aalst,Onbekend,Onbekend,Onbekend,met lichtgewonden,3,Fiets,9,personenauto,Buiten Kruispunt,Gemeenteweg,binnen bebouwde kom,Tussen 2 bestuurders: Langs achteren,Geen hindernis
5884,10,Aalst 2,Aalst,50.93549,4.01571,2.1809191324513373,50.915999859956926,4.01919408781889,2018,1,16,41002,Aalst,Onbekend,Onbekend,Onbekend,met lichtgewonden,3,Fiets,9,personenauto,Buiten Kruispunt,Gemeenteweg,binnen bebouwde kom,Tussen 2 bestuurders: Langs achteren,Geen hindernis
5887,19,Aalst 1,Aalst,50.93433,4.01471,1.9327023228895224,50.93964371732043,3.98844895858811,2018,1,17,41082,Erpe-Mere,Normaal,Droog,Dag,met lichtgewonden,3,Fiets,3,Fiets,Buiten Kruispunt,Gewestweg,binnen bebouwde kom,Tussen 2 bestuurders: Frontale botsing,Geen hindernis
5887,10,Aalst 2,Aalst,50.93549,4.01571,1.9652631657213877,50.93964371732043,3.98844895858811,2018,1,17,41082,Erpe-Mere,Normaal,Droog,Dag,met lichtgewonden,3,Fiets,3,Fiets,Buiten Kruispunt,Gewestweg,binnen bebouwde kom,Tussen 2 bestuurders: Frontale botsing,Geen hindernis
5887,11,Aalst 3,Aalst,50.93385,4.01647,2.066493283684267,50.93964371732043,3.98844895858811,2018,1,17,41082,Erpe-Mere,Normaal,Droog,Dag,met lichtgewonden,3,Fiets,3,Fiets,Buiten Kruispunt,Gewestweg,binnen bebouwde kom,Tussen 2 bestuurders: Frontale botsing,Geen hindernis
5891,122,Dendermonde teller 2,Dendermonde,51.0373918,4.1019222,0.7239604195156834,51.033594693641874,4.093511745775593,2018,1,8,42006,Dendermonde,Normaal,Droog,Dageraad - schemering,met lichtgewonden,9,personenauto,3,Fiets,Op Kruispunt,Gewestweg,binnen bebouwde kom,Tussen 2 bestuurders: Flank tegen flank,Geen hindernis
5891,125,Dendermonde totem,Dendermonde,51.0372706,4.1025998,0.755575059666491,51.033594693641874,4.093511745775593,2018,1,8,42006,Dendermonde,Normaal,Droog,Dageraad - schemering,met lichtgewonden,9,personenauto,3,Fiets,Op Kruispunt,Gewestweg,binnen bebouwde kom,Tussen 2 bestuurders: Flank tegen flank,Geen hindernis
5893,125,Dendermonde totem,Dendermonde,51.0372706,4.1025998,1.711957886293135,51.022145886406854,4.107175142052477,2018,1,17,42006,Dendermonde,Normaal,Droog,"Nacht, openbare verlichting aanwezig en ontstoken",met lichtgewonden,9,personenauto,3,Fiets,Op Kruispunt,Gewestweg,binnen bebouwde kom,Tss. 2 best.: langs opzij (voor-/achterkant-flank),Geen hindernis
5893,122,Dendermonde teller 2,Dendermonde,51.0373918,4.1019222,1.7346125722657824,51.022145886406854,4.107175142052477,2018,1,17,42006,Dendermonde,Normaal,Droog,"Nacht, openbare verlichting aanwezig en ontstoken",met lichtgewonden,9,personenauto,3,Fiets,Op Kruispunt,Gewestweg,binnen bebouwde kom,Tss. 2 best.: langs opzij (voor-/achterkant-flank),Geen hindernis
5894,125,Dendermonde totem,Dendermonde,51.0372706,4.1025998,1.976314088076434,51.02070202610828,4.112827503631049,2018,1,14,42006,Dendermonde,Onbekend,Onbekend,Dag,met lichtgewonden,5,Lichte vrachtauto,3,Fiets,Buiten Kruispunt,Gemeenteweg,binnen bebouwde kom,Tussen 2 bestuurders: Langs achteren,Geen hindernis
5894,122,Dendermonde teller 2,Dendermonde,51.0373918,4.1019222,2.006411901537553,51.02070202610828,4.112827503631049,2018,1,14,42006,Dendermonde,Onbekend,Onbekend,Dag,met lichtgewonden,5,Lichte vrachtauto,3,Fiets,Buiten Kruispunt,Gemeenteweg,binnen bebouwde kom,Tussen 2 bestuurders: Langs achteren,Geen hindernis
5897,54,Brugge teller 2,Brugge,51.23015,3.22818,0.7105937804259784,51.22379256949472,3.2271428323362685,2018,1,8,31005,Brugge,Normaal,Droog,Dag,met lichtgewonden,5,Lichte vrachtauto,3,Fiets,Op Kruispunt,Gewestweg,binnen bebouwde kom,Tss. 2 best.: langs opzij (voor-/achterkant-flank),Geen hindernis
5897,53,Brugge teller 1,Brugge,51.23023,3.228,0.7182938755890873,51.22379256949472,3.2271428323362685,2018,1,8,31005,Brugge,Normaal,Droog,Dag,met lichtgewonden,5,Lichte vrachtauto,3,Fiets,Op Kruispunt,Gewestweg,binnen bebouwde kom,Tss. 2 best.: langs opzij (voor-/achterkant-flank),Geen hindernis
5897,52,Brugge,Brugge,51.22632,3.24095,1.0017242578523318,51.22379256949472,3.2271428323362685,2018,1,8,31005,Brugge,Normaal,Droog,Dag,met lichtgewonden,5,Lichte vrachtauto,3,Fiets,Op Kruispunt,Gewestweg,binnen bebouwde kom,Tss. 2 best.: langs opzij (voor-/achterkant-flank),Geen hindernis
5897,142,TEST Validatie BRUGGE Y2H22022134,Brugge,51.22632,3.24095,1.0017242578523318,51.22379256949472,3.2271428323362685,2018,1,8,31005,Brugge,Normaal,Droog,Dag,met lichtgewonden,5,Lichte vrachtauto,3,Fiets,Op Kruispunt,Gewestweg,binnen bebouwde kom,Tss. 2 best.: langs opzij (voor-/achterkant-flank),Geen hindernis
5898,142,TEST Validatie BRUGGE Y2H22022134,Brugge,51.22632,3.24095,2.3360270983736533,51.20738235676944,3.2264299896928432,2018,1,11,31005,Brugge,Normaal,Droog,Dag,met lichtgewonden,3,Fiets,8,Voetganger,Buiten Kruispunt,Gemeenteweg,binnen bebouwde kom,Met een voetganger,Geen hindernis