crash_row_id,site_id,site_name,site_gemeente,site_lat,site_long,distance_km,crash_lat,crash_long,DT_YEAR_COLLISION,DT_MONTH_COLLISION,DT_TIME,CD_NIS,TX_MUNTY_COLLISION_NL,TX_WEATHER_NL,TX_ROAD_CONDITION_NL,TX_LIGHT_CONDITION_NL,TX_CLASS_ACCIDENTS_NL,CD_ROAD_USR_TYPE1,TX_ROAD_USR_TYPE1_NL,CD_ROAD_USR_TYPE2,TX_ROAD_USR_TYPE2_NL,TX_CROSSWAY_NL,CD_ROAD_TYPE_NL,TX_BUILD_UP_AREA_NL,TX_COLLISION_TYPE_NL,TX_OBSTACLES_NL
5898,52,Brugge,Brugge,51.22632,3.24095,2.3360270983736533,51.20738235676944,3.2264299896928432,2018,1,11,31005,Brugge,Normaal,Droog,Dag,met lichtgewonden,3,Fiets,8,Voetganger,Buiten Kruispunt,Gemeenteweg,binnen bebouwde kom,Met een voetganger,Geen hindernis
5899,54,Brugge teller 2,Brugge,51.23015,3.22818,1.8624629661939813,51.215142516205205,3.2163039924153978,2018,1,14,31005,Brugge,Normaal,Droog,Dag,met lichtgewonden,3,Fiets,3,Fiets,Op Kruispunt,Gewestweg,binnen bebouwde kom,Tss. 2 best.: langs opzij (voor-/achterkant-flank),Geen hindernis
5899,53,Brugge teller 1,Brugge,51.23023,3.228,1.86492832957968,51.215142516205205,3.2163039924153978,2018,1,14,31005,Brugge,Normaal,Droog,Dag,met lichtgewonden,3,Fiets,3,Fiets,Op Kruispunt,Gewestweg,binnen bebouwde kom,Tss. 2 best.: langs opzij (voor-/achterkant-flank),Geen hindernis
5899,52,Brugge,Brugge,51.22632,3.24095,2.1191794631096856,51.215142516205205,3.2163039924153978,2018,1,14,31005,Brugge,Normaal,Droog,Dag,met lichtgewonden,3,Fiets,3,Fiets,Op Kruispunt,Gewestweg,binnen bebouwde kom,Tss. 2 best.: langs opzij (voor-/achterkant-flank),Geen hindernis
5899,142,TEST Validatie BRUGGE Y2H22022134,Brugge,51.22632,3.24095,2.1191794631096856,51.215142516205205,3.2163039924153978,2018,1,14,31005,Brugge,Normaal,Droog,Dag,met lichtgewonden,3,Fiets,3,Fiets,Op Kruispunt,Gewestweg,binnen bebouwde kom,Tss. 2 best.: langs opzij (voor-/achterkant-flank),Geen hindernis
5902,142,TEST Validatie BRUGGE Y2H22022134,Brugge,51.22632,3.24095,0.43781926232878293,51.22456910113073,3.2353186378981285,2018,1,18,31005,Brugge,Regenval,"Nat, plassen","Nacht, openbare verlichting aanwezig en ontstoken",met zwaargewonden,3,Fiets,9,personenauto,Op Kruispunt,Gemeenteweg,binnen bebouwde kom,Tss. 2 best.: langs opzij (voor-/achterkant-flank),Geen hindernis
5902,52,Brugge,Brugge,51.22632,3.24095,0.43781926232878293,51.22456910113073,3.2353186378981285,2018,1,18,31005,Brugge,Regenval,"Nat, plassen","Nacht, openbare verlichting aanwezig en ontstoken",met zwaargewonden,3,Fiets,9,personenauto,Op Kruispunt,Gemeenteweg,binnen bebouwde kom,Tss. 2 best.: langs opzij (voor-/achterkant-flank),Geen hindernis
5902,54,Brugge teller 2,Brugge,51.23015,3.22818,0.7951119263920957,51.22456910113073,3.2353186378981285,2018,1,18,31005,Brugge,Regenval,"Nat, plassen","Nacht, openbare verlichting aanwezig en ontstoken",met zwaargewonden,3,Fiets,9,personenauto,Op Kruispunt,Gemeenteweg,binnen bebouwde kom,Tss. 2 best.: langs opzij (voor-/achterkant-flank),Geen hindernis
5902,53,Brugge teller 1,Brugge,51.23023,3.228,0.8099015579962003,51.22456910113073,3.2353186378981285,2018,1,18,31005,Brugge,Regenval,"Nat, plassen","Nacht, openbare verlichting aanwezig en ontstoken",met zwaargewonden,3,Fiets,9,personenauto,Op Kruispunt,Gemeenteweg,binnen bebouwde kom,Tss. 2 best.: langs opzij (voor-/achterkant-flank),Geen hindernis
5918,15,Oostende 2,Oostende,51.21371,2.92743,1.5919536043421443,51.214197038510065,2.9045880835665696,2018,2,18,35013,Oostende,Normaal,Droog,"Nacht, openbare verlichting aanwezig en ontstoken",met lichtgewonden,3,Fiets,6,Bromfiets,Buiten Kruispunt,Gewestweg,binnen bebouwde kom,Tussen 2 bestuurders: Frontale botsing,Geen hindernis
5918,18,Oostende 1,Oostende,51.21378,2.92765,1.607024053784367,51.214197038510065,2.9045880835665696,2018,2,18,35013,Oostende,Normaal,Droog,"Nacht, openbare verlichting aanwezig en ontstoken",met lichtgewonden,3,Fiets,6,Bromfiets,Buiten Kruispunt,Gewestweg,binnen bebouwde kom,Tussen 2 bestuurders: Frontale botsing,Geen hindernis
5919,15,Oostende 2,Oostende,51.21371,2.92743,0.11282207645063844,51.21282397856141,2.928219267495095,2018,2,14,35013,Oostende,Normaal,Droog,Dag,met lichtgewonden,5,Lichte vrachtauto,3,Fiets,Buiten Kruispunt,Gemeenteweg,binnen bebouwde kom,Tss. 2 best.: langs opzij (voor-/achterkant-flank),Geen hindernis
5919,18,Oostende 1,Oostende,51.21378,2.92765,0.11345926788123444,51.21282397856141,2.928219267495095,2018,2,14,35013,Oostende,Normaal,Droog,Dag,met lichtgewonden,5,Lichte vrachtauto,3,Fiets,Buiten Kruispunt,Gemeenteweg,binnen bebouwde kom,Tss. 2 best.: langs opzij (voor-/achterkant-flank),Geen hindernis
5920,15,Oostende 2,Oostende,51.21371,2.92743,0.4613069526188462,51.20995905830287,2.9302593945806117,2018,1,18,35013,Oostende,Mist (zichtbaarheid minder dan 100m),"Nat, plassen","Nacht, openbare verlichting aanwezig en ontstoken",dodelijk gewonden,5,Lichte vrachtauto,3,Fiets,Op Kruispunt,Gemeenteweg,binnen bebouwde kom,Tss. 2 best.: langs opzij (voor-/achterkant-flank),Geen hindernis
5920,18,Oostende 1,Oostende,51.21378,2.92765,0.4621166424629185,51.20995905830287,2.9302593945806117,2018,1,18,35013,Oostende,Mist (zichtbaarheid minder dan 100m),"Nat, plassen","Nacht, openbare verlichting aanwezig en ontstoken",dodelijk gewonden,5,Lichte vrachtauto,3,Fiets,Op Kruispunt,Gemeenteweg,binnen bebouwde kom,Tss. 2 best.: langs opzij (voor-/achterkant-flank),Geen hindernis
5927,84,Roeselare totem,Izegem,50.91717,3.18772,2.006916206135536,50.929056102731685,3.209266496500362,2018,2,20,36008,Izegem,Normaal,"Nat, plassen","Nacht, openbare verlichting aanwezig en ontstoken",met lichtgewonden,9,personenauto,3,Fiets,Op Kruispunt,Gewestweg,binnen bebouwde kom,Tss. 2 best.: langs opzij (voor-/achterkant-flank),Geen hindernis
5941,17,Kortrijk 2,Kortrijk,50.83339,3.27773,1.9833667923245788,50.85062599734376,3.2849997850567108,2018,1,7,34023,Kuurne,Normaal,"Nat, plassen","Nacht, openbare verlichting aanwezig en ontstoken",met lichtgewonden,3,Fiets,4,Vrachtwagen,Buiten Kruispunt,Gemeenteweg,binnen bebouwde kom,Tussen 2 bestuurders: Flank tegen flank,Geen hindernis
5941,16,Kortrijk 1,Kortrijk,50.83332,3.27777,1.9901710876159864,50.85062599734376,3.2849997850567108,2018,1,7,34023,Kuurne,Normaal,"Nat, plassen","Nacht, openbare verlichting aanwezig en ontstoken",met lichtgewonden,3,Fiets,4,Vrachtwagen,Buiten Kruispunt,Gemeenteweg,binnen bebouwde kom,Tussen 2 bestuurders: Flank tegen flank,Geen hindernis
5942,16,Kortrijk 1,Kortrijk,50.83332,3.27777,0.6268199339564567,50.82933446104554,3.284081792086708,2018,1,7,34022,Kortrijk,Normaal,Droog,"Nacht, openbare verlichting aanwezig en ontstoken",met zwaargewonden,2,Andere weggebruiker,3,Fiets,Buiten Kruispunt,Gemeenteweg,binnen bebouwde kom,Tussen 2 bestuurders: Langs achteren,Geen hindernis
5942,17,Kortrijk 2,Kortrijk,50.83339,3.27773,0.6343193147853669,50.82933446104554,3.284081792086708,2018,1,7,34022,Kortrijk,Normaal,Droog,"Nacht, openbare verlichting aanwezig en ontstoken",met zwaargewonden,2,Andere weggebruiker,3,Fiets,Buiten Kruispunt,Gemeenteweg,binnen bebouwde kom,Tussen 2 bestuurders: Langs achteren,Geen hindernis
5942,143,Eco Display Classic Budastraat,Kortrijk,50.83066,3.26286,1.4977472024938068,50.82933446104554,3.284081792086708,2018,1,7,34022,Kortrijk,Normaal,Droog,"Nacht, openbare verlichting aanwezig en ontstoken",met zwaargewonden,2,Andere weggebruiker,3,Fiets,Buiten Kruispunt,Gemeenteweg,binnen bebouwde kom,Tussen 2 bestuurders: Langs achteren,Geen hindernis
5942,75,Kortrijk teller 2,Kortrijk,50.81925,3.25731,2.1894502815561387,50.82933446104554,3.284081792086708,2018,1,7,34022,Kortrijk,Normaal,Droog,"Nacht, openbare verlichting aanwezig en ontstoken",met zwaargewonden,2,Andere weggebruiker,3,Fiets,Buiten Kruispunt,Gemeenteweg,binnen bebouwde kom,Tussen 2 bestuurders: Langs achteren,Geen hindernis
5942,74,Kortrijk teller 1,Kortrijk,50.81909,3.25728,2.200420646882953,50.82933446104554,3.284081792086708,2018,1,7,34022,Kortrijk,Normaal,Droog,"Nacht, openbare verlichting aanwezig en ontstoken",met zwaargewonden,2,Andere weggebruiker,3,Fiets,Buiten Kruispunt,Gemeenteweg,binnen bebouwde kom,Tussen 2 bestuurders: Langs achteren,Geen hindernis
5943,16,Kortrijk 1,Kortrijk,50.83332,3.27777,1.7227697350595494,50.818607257172964,3.285456639030762,2018,1,18,34022,Kortrijk,Normaal,Onbekend,Dageraad - schemering,met lichtgewonden,3,Fiets,9,personenauto,Buiten Kruispunt,Gemeenteweg,binnen bebouwde kom,Tss. 2 best.: langs opzij (voor-/achterkant-flank),Geen hindernis
5943,17,Kortrijk 2,Kortrijk,50.83339,3.27773,1.7310416563302684,50.818607257172964,3.285456639030762,2018,1,18,34022,Kortrijk,Normaal,Onbekend,Dageraad - schemering,met lichtgewonden,3,Fiets,9,personenauto,Buiten Kruispunt,Gemeenteweg,binnen bebouwde kom,Tss. 2 best.: langs opzij (voor-/achterkant-flank),Geen hindernis
5943,75,Kortrijk teller 2,Kortrijk,50.81925,3.25731,1.9785920481045929,50.818607257172964,3.285456639030762,2018,1,18,34022,Kortrijk,Normaal,Onbekend,Dageraad - schemering,met lichtgewonden,3,Fiets,9,personenauto,Buiten Kruispunt,Gemeenteweg,binnen bebouwde kom,Tss. 2 best.: langs opzij (voor-/achterkant-flank),Geen hindernis
5943,74,Kortrijk teller 1,Kortrijk,50.81909,3.25728,1.9801394250192488,50.818607257172964,3.285456639030762,2018,1,18,34022,Kortrijk,Normaal,Onbekend,Dageraad - schemering,met lichtgewonden,3,Fiets,9,personenauto,Buiten Kruispunt,Gemeenteweg,binnen bebouwde kom,Tss. 2 best.: langs opzij (voor-/achterkant-flank),Geen hindernis
5943,143,Eco Display Classic Budastraat,Kortrijk,50.83066,3.26286,2.077356992280432,50.818607257172964,3.285456639030762,2018,1,18,34022,Kortrijk,Normaal,Onbekend,Dageraad - schemering,met lichtgewonden,3,Fiets,9,personenauto,Buiten Kruispunt,Gemeenteweg,binnen bebouwde kom,Tss. 2 best.: langs opzij (voor-/achterkant-flank),Geen hindernis
5944,75,Kortrijk teller 2,Kortrijk,50.81925,3.25731,0.3776706653554249,50.822642078658156,3.2570365756734994,2018,1,19,34022,Kortrijk,Normaal,Droog,"Nacht, openbare verlichting aanwezig en ontstoken",met lichtgewonden,6,Bromfiets,3,Fiets,Buiten Kruispunt,Gemeenteweg,binnen bebouwde kom,Tussen 2 bestuurders: Flank tegen flank,Geen hindernis
5944,74,Kortrijk teller 1,Kortrijk,50.81909,3.25728,0.3953431102408361,50.822642078658156,3.2570365756734994,2018,1,19,34022,Kortrijk,Normaal,Droog,"Nacht, openbare verlichting aanwezig en ontstoken",met lichtgewonden,6,Bromfiets,3,Fiets,Buiten Kruispunt,Gemeenteweg,binnen bebouwde kom,Tussen 2 bestuurders: Flank tegen flank,Geen hindernis
5944,143,Eco Display Classic Budastraat,Kortrijk,50.83066,3.26286,0.9809021420455702,50.822642078658156,3.2570365756734994,2018,1,19,34022,Kortrijk,Normaal,Droog,"Nacht, openbare verlichting aanwezig en ontstoken",met lichtgewonden,6,Bromfiets,3,Fiets,Buiten Kruispunt,Gemeenteweg,binnen bebouwde kom,Tussen 2 bestuurders: Flank tegen flank,Geen hindernis
5944,16,Kortrijk 1,Kortrijk,50.83332,3.27777,1.8789331731989158,50.822642078658156,3.2570365756734994,2018,1,19,34022,Kortrijk,Normaal,Droog,"Nacht, openbare verlichting aanwezig en ontstoken",met lichtgewonden,6,Bromfiets,3,Fiets,Buiten Kruispunt,Gemeenteweg,binnen bebouwde kom,Tussen 2 bestuurders: Flank tegen flank,Geen hindernis
5944,17,Kortrijk 2,Kortrijk,50.83339,3.27773,1.8816897243877926,50.822642078658156,3.2570365756734994,2018,1,19,34022,Kortrijk,Normaal,Droog,"Nacht, openbare verlichting aanwezig en ontstoken",met lichtgewonden,6,Bromfiets,3,Fiets,Buiten Kruispunt,Gemeenteweg,binnen bebouwde kom,Tussen 2 bestuurders: Flank tegen flank,Geen hindernis
5945,74,Kortrijk teller 1,Kortrijk,50.81909,3.25728,2.0643352565857507,50.80343908703312,3.2730827940945906,2018,1,18,34022,Kortrijk,Onbekend,Droog,"Nacht, openbare verlichting aanwezig en ontstoken",met zwaargewonden,9,personenauto,3,Fiets,Op Kruispunt,Gewestweg,buiten bebouwde kom,Tss. 2 best.: langs opzij (voor-/achterkant-flank),Geen hindernis
5945,75,Kortrijk teller 2,Kortrijk,50.81925,3.25731,2.0782300399070333,50.80343908703312,3.2730827940945906,2018,1,18,34022,Kortrijk,Onbekend,Droog,"Nacht, openbare verlichting aanwezig en ontstoken",met zwaargewonden,9,personenauto,3,Fiets,Op Kruispunt,Gewestweg,buiten bebouwde kom,Tss. 2 best.: langs opzij (voor-/achterkant-flank),Geen hindernis
5946,75,Kortrijk teller 2,Kortrijk,50.81925,3.25731,1.1351353239851951,50.82172207224976,3.272988109466895,2018,1,14,34022,Kortrijk,Normaal,Droog,Dag,met lichtgewonden,9,personenauto,3,Fiets,Op Kruispunt,Gemeenteweg,binnen bebouwde kom,Tussen 2 bestuurders: Flank tegen flank,Geen hindernis
5946,74,Kortrijk teller 1,Kortrijk,50.81909,3.25728,1.141613038261736,50.82172207224976,3.272988109466895,2018,1,14,34022,Kortrijk,Normaal,Droog,Dag,met lichtgewonden,9,personenauto,3,Fiets,Op Kruispunt,Gemeenteweg,binnen bebouwde kom,Tussen 2 bestuurders: Flank tegen flank,Geen hindernis
5946,143,Eco Display Classic Budastraat,Kortrijk,50.83066,3.26286,1.2222177806332037,50.82172207224976,3.272988109466895,2018,1,14,34022,Kortrijk,Normaal,Droog,Dag,met lichtgewonden,9,personenauto,3,Fiets,Op Kruispunt,Gemeenteweg,binnen bebouwde kom,Tussen 2 bestuurders: Flank tegen flank,Geen hindernis
5946,16,Kortrijk 1,Kortrijk,50.83332,3.27777,1.3326489822013659,50.82172207224976,3.272988109466895,2018,1,14,34022,Kortrijk,Normaal,Droog,Dag,met lichtgewonden,9,personenauto,3,Fiets,Op Kruispunt,Gemeenteweg,binnen bebouwde kom,Tussen 2 bestuurders: Flank tegen flank,Geen hindernis
5946,17,Kortrijk 2,Kortrijk,50.83339,3.27773,1.3394814139806137,50.82172207224976,3.272988109466895,2018,1,14,34022,Kortrijk,Normaal,Droog,Dag,met lichtgewonden,9,personenauto,3,Fiets,Op Kruispunt,Gemeenteweg,binnen bebouwde kom,Tussen 2 bestuurders: Flank tegen flank,Geen hindernis
5947,143,Eco Display Classic Budastraat,Kortrijk,50.83066,3.26286,0.4209717126599818,50.82730326984716,3.2600881459298967,2018,1,19,34022,Kortrijk,Normaal,Droog,"Nacht, openbare verlichting aanwezig en ontstoken",met lichtgewonden,3,Fiets,9,personenauto,Buiten Kruispunt,Gemeenteweg,binnen bebouwde kom,Tss. 2 best.: langs opzij (voor-/achterkant-flank),Geen hindernis
5947,75,Kortrijk teller 2,Kortrijk,50.81925,3.25731,0.9164996024173114,50.82730326984716,3.2600881459298967,2018,1,19,34022,Kortrijk,Normaal,Droog,"Nacht, openbare verlichting aanwezig en ontstoken",met lichtgewonden,3,Fiets,9,personenauto,Buiten Kruispunt,Gemeenteweg,binnen bebouwde kom,Tss. 2 best.: langs opzij (voor-/achterkant-flank),Geen hindernis
5947,74,Kortrijk teller 1,Kortrijk,50.81909,3.25728,0.9343331803023559,50.82730326984716,3.2600881459298967,2018,1,19,34022,Kortrijk,Normaal,Droog,"Nacht, openbare verlichting aanwezig en ontstoken",met lichtgewonden,3,Fiets,9,personenauto,Buiten Kruispunt,Gemeenteweg,binnen bebouwde kom,Tss. 2 best.: langs opzij (voor-/achterkant-flank),Geen hindernis
5947,16,Kortrijk 1,Kortrijk,50.83332,3.27777,1.4105974445851228,50.82730326984716,3.2600881459298967,2018,1,19,34022,Kortrijk,Normaal,Droog,"Nacht, openbare verlichting aanwezig en ontstoken",met lichtgewonden,3,Fiets,9,personenauto,Buiten Kruispunt,Gemeenteweg,binnen bebouwde kom,Tss. 2 best.: langs opzij (voor-/achterkant-flank),Geen hindernis
5947,17,Kortrijk 2,Kortrijk,50.83339,3.27773,1.4118388116898222,50.82730326984716,3.2600881459298967,2018,1,19,34022,Kortrijk,Normaal,Droog,"Nacht, openbare verlichting aanwezig en ontstoken",met lichtgewonden,3,Fiets,9,personenauto,Buiten Kruispunt,Gemeenteweg,binnen bebouwde kom,Tss. 2 best.: langs opzij (voor-/achterkant-flank),Geen hindernis
5948,75,Kortrijk teller 2,Kortrijk,50.81925,3.25731,0.2699955869206195,50.821088903176936,3.254800113963319,2018,1,19,34022,Kortrijk,Regenval,"Nat, plassen","Nacht, openbare verlichting aanwezig en ontstoken",met lichtgewonden,9,personenauto,3,Fiets,Buiten Kruispunt,Gemeenteweg,binnen bebouwde kom,Tussen 2 bestuurders: Langs achteren,Geen hindernis
5948,74,Kortrijk teller 1,Kortrijk,50.81909,3.25728,0.2824027424568487,50.821088903176936,3.254800113963319,2018,1,19,34022,Kortrijk,Regenval,"Nat, plassen","Nacht, openbare verlichting aanwezig en ontstoken",met lichtgewonden,9,personenauto,3,Fiets,Buiten Kruispunt,Gemeenteweg,binnen bebouwde kom,Tussen 2 bestuurders: Langs achteren,Geen hindernis
5948,143,Eco Display Classic Budastraat,Kortrijk,50.83066,3.26286,1.205462004101192,50.821088903176936,3.254800113963319,2018,1,19,34022,Kortrijk,Regenval,"Nat, plassen","Nacht, openbare verlichting aanwezig en ontstoken",met lichtgewonden,9,personenauto,3,Fiets,Buiten Kruispunt,Gemeenteweg,binnen bebouwde kom,Tussen 2 bestuurders: Langs achteren,Geen hindernis
5948,16,Kortrijk 1,Kortrijk,50.83332,3.27777,2.1101160083163415,50.821088903176936,3.254800113963319,2018,1,19,34022,Kortrijk,Regenval,"Nat, plassen","Nacht, openbare verlichting aanwezig en ontstoken",met lichtgewonden,9,personenauto,3,Fiets,Buiten Kruispunt,Gemeenteweg,binnen bebouwde kom,Tussen 2 bestuurders: Langs achteren,Geen hindernis
5948,17,Kortrijk 2,Kortrijk,50.83339,3.27773,2.1129980652848035,50.821088903176936,3.254800113963319,2018,1,19,34022,Kortrijk,Regenval,"Nat, plassen","Nacht, openbare verlichting aanwezig en ontstoken",met lichtgewonden,9,personenauto,3,Fiets,Buiten Kruispunt,Gemeenteweg,binnen bebouwde kom,Tussen 2 bestuurders: Langs achteren,Geen hindernis
5949,143,Eco Display Classic Budastraat,Kortrijk,50.83066,3.26286,0.518715233059388,50.835033319376194,3.2602895866405195,2018,1,10,34022,Kortrijk,Onbekend,Onbekend,Dag,met lichtgewonden,9,personenauto,3,Fiets,Op Kruispunt,Gewestweg,binnen bebouwde kom,Tss. 2 best.: langs opzij (voor-/achterkant-flank),Geen hindernis
5949,17,Kortrijk 2,Kortrijk,50.83339,3.27773,1.2383435140831942,50.835033319376194,3.2602895866405195,2018,1,10,34022,Kortrijk,Onbekend,Onbekend,Dag,met lichtgewonden,9,personenauto,3,Fiets,Op Kruispunt,Gewestweg,binnen bebouwde kom,Tss. 2 best.: langs opzij (voor-/achterkant-flank),Geen hindernis
5949,16,Kortrijk 1,Kortrijk,50.83332,3.27777,1.2422926542119332,50.835033319376194,3.2602895866405195,2018,1,10,34022,Kortrijk,Onbekend,Onbekend,Dag,met lichtgewonden,9,personenauto,3,Fiets,Op Kruispunt,Gewestweg,binnen bebouwde kom,Tss. 2 best.: langs opzij (voor-/achterkant-flank),Geen hindernis
5949,75,Kortrijk teller 2,Kortrijk,50.81925,3.25731,1.7674588048238635,50.835033319376194,3.2602895866405195,2018,1,10,34022,Kortrijk,Onbekend,Onbekend,Dag,met lichtgewonden,9,personenauto,3,Fiets,Op Kruispunt,Gewestweg,binnen bebouwde kom,Tss. 2 best.: langs opzij (voor-/achterkant-flank),Geen hindernis
5949,74,Kortrijk teller 1,Kortrijk,50.81909,3.25728,1.7853743764132126,50.835033319376194,3.2602895866405195,2018,1,10,34022,Kortrijk,Onbekend,Onbekend,Dag,met lichtgewonden,9,personenauto,3,Fiets,Op Kruispunt,Gewestweg,binnen bebouwde kom,Tss. 2 best.: langs opzij (voor-/achterkant-flank),Geen hindernis
5950,75,Kortrijk teller 2,Kortrijk,50.81925,3.25731,0.5978085572358784,50.82452282845093,3.255649008480037,2018,1,8,34022,Kortrijk,Normaal,Droog,Dag,met lichtgewonden,3,Fiets,9,personenauto,Buiten Kruispunt,Gemeenteweg,binnen bebouwde kom,Tss. 2 best.: langs opzij (voor-/achterkant-flank),Geen hindernis
5950,74,Kortrijk teller 1,Kortrijk,50.81909,3.25728,0.6148712763446016,50.82452282845093,3.255649008480037,2018,1,8,34022,Kortrijk,Normaal,Droog,Dag,met lichtgewonden,3,Fiets,9,personenauto,Buiten Kruispunt,Gemeenteweg,binnen bebouwde kom,Tss. 2 best.: langs opzij (voor-/achterkant-flank),Geen hindernis
5950,143,Eco Display Classic Budastraat,Kortrijk,50.83066,3.26286,0.849835424244288,50.82452282845093,3.255649008480037,2018,1,8,34022,Kortrijk,Normaal,Droog,Dag,met lichtgewonden,3,Fiets,9,personenauto,Buiten Kruispunt,Gemeenteweg,binnen bebouwde kom,Tss. 2 best.: langs opzij (voor-/achterkant-flank),Geen hindernis
5950,16,Kortrijk 1,Kortrijk,50.83332,3.27777,1.8359621290523518,50.82452282845093,3.255649008480037,2018,1,8,34022,Kortrijk,Normaal,Droog,Dag,met lichtgewonden,3,Fiets,9,personenauto,Buiten Kruispunt,Gemeenteweg,binnen bebouwde kom,Tss. 2 best.: langs opzij (voor-/achterkant-flank),Geen hindernis
5950,17,Kortrijk 2,Kortrijk,50.83339,3.27773,1.8377486255515492,50.82452282845093,3.255649008480037,2018,1,8,34022,Kortrijk,Normaal,Droog,Dag,met lichtgewonden,3,Fiets,9,personenauto,Buiten Kruispunt,Gemeenteweg,binnen bebouwde kom,Tss. 2 best.: langs opzij (voor-/achterkant-flank),Geen hindernis
5951,16,Kortrijk 1,Kortrijk,50.83332,3.27777,1.4135437566114322,50.82122532529175,3.283966798998928,2018,1,8,34022,Kortrijk,Normaal,"Nat, plassen","Nacht, openbare verlichting aanwezig en ontstoken",met lichtgewonden,3,Fiets,3,Fiets,Buiten Kruispunt,Gemeenteweg,binnen bebouwde kom,Tussen 2 bestuurders: Flank tegen flank,Geen hindernis
5951,17,Kortrijk 2,Kortrijk,50.83339,3.27773,1.4218142353894763,50.82122532529175,3.283966798998928,2018,1,8,34022,Kortrijk,Normaal,"Nat, plassen","Nacht, openbare verlichting aanwezig en ontstoken",met lichtgewonden,3,Fiets,3,Fiets,Buiten Kruispunt,Gemeenteweg,binnen bebouwde kom,Tussen 2 bestuurders: Flank tegen flank,Geen hindernis
5951,143,Eco Display Classic Budastraat,Kortrijk,50.83066,3.26286,1.8161715817528057,50.82122532529175,3.283966798998928,2018,1,8,34022,Kortrijk,Normaal,"Nat, plassen","Nacht, openbare verlichting aanwezig en ontstoken",met lichtgewonden,3,Fiets,3,Fiets,Buiten Kruispunt,Gemeenteweg,binnen bebouwde kom,Tussen 2 bestuurders: Flank tegen flank,Geen hindernis
5951,75,Kortrijk teller 2,Kortrijk,50.81925,3.25731,1.8854248566118283,50.82122532529175,3.283966798998928,2018,1,8,34022,Kortrijk,Normaal,"Nat, plassen","Nacht, openbare verlichting aanwezig en ontstoken",met lichtgewonden,3,Fiets,3,Fiets,Buiten Kruispunt,Gemeenteweg,binnen bebouwde kom,Tussen 2 bestuurders: Flank tegen flank,Geen hindernis
5951,74,Kortrijk teller 1,Kortrijk,50.81909,3.25728,1.8896740889811519,50.82122532529175,3.283966798998928,2018,1,8,34022,Kortrijk,Normaal,"Nat, plassen","Nacht, openbare verlichting aanwezig en ontstoken",met lichtgewonden,3,Fiets,3,Fiets,Buiten Kruispunt,Gemeenteweg,binnen bebouwde kom,Tussen 2 bestuurders: Flank tegen flank,Geen hindernis
5955,17,Kortrijk 2,Kortrijk,50.83339,3.27773,2.477475750638782,50.84973787405773,3.3017031443424454,2018,1,7,34013,Harelbeke,Normaal,Droog,"Nacht, openbare verlichting aanwezig en ontstoken",met lichtgewonden,9,personenauto,3,Fiets,Op Kruispunt,Gewestweg,binnen bebouwde kom,Tss. 2 best.: langs opzij (voor-/achterkant-flank),Geen hindernis
5955,16,Kortrijk 1,Kortrijk,50.83332,3.27777,2.4812902887521013,50.84973787405773,3.3017031443424454,2018,1,7,34013,Harelbeke,Normaal,Droog,"Nacht, openbare verlichting aanwezig en ontstoken",met lichtgewonden,9,personenauto,3,Fiets,Op Kruispunt,Gewestweg,binnen bebouwde kom,Tss. 2 best.: langs opzij (voor-/achterkant-flank),Geen hindernis
5959,66,Nieuwpoort totem,Nieuwpoort,51.1347,2.74369,0.2479931744600429,51.133193493220645,2.7463107577468704,2018,1,8,38016,Nieuwpoort,Normaal,Droog,Dag,met lichtgewonden,3,Fiets,9,personenauto,Op Kruispunt,Gewestweg,binnen bebouwde kom,Tss. 2 best.: langs opzij (voor-/achterkant-flank),Geen hindernis
5959,63,Nieuwpoort teller 3,Nieuwpoort,51.13529,2.74289,0.33363816146418956,51.133193493220645,2.7463107577468704,2018,1,8,38016,Nieuwpoort,Normaal,Droog,Dag,met lichtgewonden,3,Fiets,9,personenauto,Op Kruispunt,Gewestweg,binnen bebouwde kom,Tss. 2 best.: langs opzij (voor-/achterkant-flank),Geen hindernis
5959,65,Nieuwpoort teller 2,Nieuwpoort,51.13435,2.75511,0.6272926735335759,51.133193493220645,2.7463107577468704,2018,1,8,38016,Nieuwpoort,Normaal,Droog,Dag,met lichtgewonden,3,Fiets,9,personenauto,Op Kruispunt,Gewestweg,binnen bebouwde kom,Tss. 2 best.: langs opzij (voor-/achterkant-flank),Geen hindernis
5959,64,Nieuwpoort teller 1,Nieuwpoort,51.13359,2.75737,0.7729266598075841,51.133193493220645,2.7463107577468704,2018,1,8,38016,Nieuwpoort,Normaal,Droog,Dag,met lichtgewonden,3,Fiets,9,personenauto,Op Kruispunt,Gewestweg,binnen bebouwde kom,Tss. 2 best.: langs opzij (voor-/achterkant-flank),Geen hindernis
5964,67,Ieper totem,Ieper,50.85018,2.85624,1.545463697248384,50.84889582377313,2.8781597551555254,2018,1,11,33011,Ieper,Normaal,"Nat, plassen",Dag,met lichtgewonden,9,personenauto,3,Fiets,Op Kruispunt,Gewestweg,binnen bebouwde kom,Tss. 2 best.: langs opzij (voor-/achterkant-flank),Geen hindernis
5964,68,Ieper,Ieper,50.85032,2.85608,1.558151433204595,50.84889582377313,2.8781597551555254,2018,1,11,33011,Ieper,Normaal,"Nat, plassen",Dag,met lichtgewonden,9,personenauto,3,Fiets,Op Kruispunt,Gewestweg,binnen bebouwde kom,Tss. 2 best.: langs opzij (voor-/achterkant-flank),Geen hindernis