crash_row_id,site_id,site_name,site_gemeente,site_lat,site_long,distance_km,crash_lat,crash_long,DT_YEAR_COLLISION,DT_MONTH_COLLISION,DT_TIME,CD_NIS,TX_MUNTY_COLLISION_NL,TX_WEATHER_NL,TX_ROAD_CONDITION_NL,TX_LIGHT_CONDITION_NL,TX_CLASS_ACCIDENTS_NL,CD_ROAD_USR_TYPE1,TX_ROAD_USR_TYPE1_NL,CD_ROAD_USR_TYPE2,TX_ROAD_USR_TYPE2_NL,TX_CROSSWAY_NL,CD_ROAD_TYPE_NL,TX_BUILD_UP_AREA_NL,TX_COLLISION_TYPE_NL,TX_OBSTACLES_NL
5966,18,Oostende 1,Oostende,51.21378,2.92765,1.4027230607358574,51.226201327946406,2.931165642899018,2018,1,15,35013,Oostende,Normaal,"Nat, plassen",Dag,met zwaargewonden,9,personenauto,3,Fiets,Buiten Kruispunt,Gewestweg,binnen bebouwde kom,Tss. 2 best.: langs opzij (voor-/achterkant-flank),Geen hindernis
5966,15,Oostende 2,Oostende,51.21371,2.92743,1.413128381226169,51.226201327946406,2.931165642899018,2018,1,15,35013,Oostende,Normaal,"Nat, plassen",Dag,met zwaargewonden,9,personenauto,3,Fiets,Buiten Kruispunt,Gewestweg,binnen bebouwde kom,Tss. 2 best.: langs opzij (voor-/achterkant-flank),Geen hindernis
5968,124,Beveren teller 2,Beveren,51.1964712,4.2361077,2.057610282289332,51.203855542492626,4.2631859904693234,2018,1,12,46003,Beveren,Normaal,Droog,Dag,met lichtgewonden,9,personenauto,3,Fiets,Buiten Kruispunt,Gemeenteweg,binnen bebouwde kom,Tss. 2 best.: langs opzij (voor-/achterkant-flank),Geen hindernis
5974,99,Mechelen teller 1,Mechelen,51.04564,4.46882,0.9002842867432842,51.03802313722359,4.473186045373242,2018,1,11,12025,Mechelen,Normaal,Droog,Dag,met lichtgewonden,9,personenauto,3,Fiets,Op Kruispunt,Gewestweg,binnen bebouwde kom,Tss. 2 best.: langs opzij (voor-/achterkant-flank),Geen hindernis
5974,100,Mechelen teller 2,Mechelen,51.0457,4.46883,0.9063283763352662,51.03802313722359,4.473186045373242,2018,1,11,12025,Mechelen,Normaal,Droog,Dag,met lichtgewonden,9,personenauto,3,Fiets,Op Kruispunt,Gewestweg,binnen bebouwde kom,Tss. 2 best.: langs opzij (voor-/achterkant-flank),Geen hindernis
5976,99,Mechelen teller 1,Mechelen,51.04564,4.46882,0.7194417128564462,51.04217606258584,4.4775117684813095,2018,1,8,12025,Mechelen,Normaal,Droog,Dageraad - schemering,met lichtgewonden,9,personenauto,3,Fiets,Buiten Kruispunt,Gewestweg,binnen bebouwde kom,Tss. 2 best.: langs opzij (voor-/achterkant-flank),Geen hindernis
5976,100,Mechelen teller 2,Mechelen,51.0457,4.46883,0.7224477677054076,51.04217606258584,4.4775117684813095,2018,1,8,12025,Mechelen,Normaal,Droog,Dageraad - schemering,met lichtgewonden,9,personenauto,3,Fiets,Buiten Kruispunt,Gewestweg,binnen bebouwde kom,Tss. 2 best.: langs opzij (voor-/achterkant-flank),Geen hindernis
5978,33,Lummen,Lummen,50.97978,5.20936,1.3691707134249296,50.98715152523804,5.19369328737495,2018,1,18,71037,Lummen,Normaal,Droog,"Nacht, openbare verlichting aanwezig en ontstoken",met lichtgewonden,9,personenauto,3,Fiets,Buiten Kruispunt,Gemeenteweg,binnen bebouwde kom,Tss. 2 best.: langs opzij (voor-/achterkant-flank),Geen hindernis
5978,32,Lummen,Lummen,50.97971,5.20961,1.3878555866792521,50.98715152523804,5.19369328737495,2018,1,18,71037,Lummen,Normaal,Droog,"Nacht, openbare verlichting aanwezig en ontstoken",met lichtgewonden,9,personenauto,3,Fiets,Buiten Kruispunt,Gemeenteweg,binnen bebouwde kom,Tss. 2 best.: langs opzij (voor-/achterkant-flank),Geen hindernis
5980,137,Hasselt-Kempische brug,Hasselt,50.9411605,5.3417576,0.3470018240810962,50.941202778445096,5.336805548670995,2018,1,7,71022,Hasselt,Normaal,"Nat, plassen",Dageraad - schemering,met lichtgewonden,9,personenauto,3,Fiets,Op Kruispunt,Gewestweg,buiten bebouwde kom,Tss. 2 best.: langs opzij (voor-/achterkant-flank),Geen hindernis
5980,138,Hasselt-Kempische brug,Hasselt,50.9405318,5.3422472,0.38850814527275324,50.941202778445096,5.336805548670995,2018,1,7,71022,Hasselt,Normaal,"Nat, plassen",Dageraad - schemering,met lichtgewonden,9,personenauto,3,Fiets,Op Kruispunt,Gewestweg,buiten bebouwde kom,Tss. 2 best.: langs opzij (voor-/achterkant-flank),Geen hindernis
5980,140,Hasselt ring,Hasselt,50.9300038,5.3438616,1.3398414560532834,50.941202778445096,5.336805548670995,2018,1,7,71022,Hasselt,Normaal,"Nat, plassen",Dageraad - schemering,met lichtgewonden,9,personenauto,3,Fiets,Op Kruispunt,Gewestweg,buiten bebouwde kom,Tss. 2 best.: langs opzij (voor-/achterkant-flank),Geen hindernis
5981,49,Bokrijk,Genk,50.95264,5.41001,2.30462047922731,50.936144247140604,5.429925289746204,2018,1,14,71011,Diepenbeek,Normaal,Droog,Dag,met lichtgewonden,9,personenauto,3,Fiets,Op Kruispunt,Gewestweg,buiten bebouwde kom,Tss. 2 best.: langs opzij (voor-/achterkant-flank),Geen hindernis
5983,137,Hasselt-Kempische brug,Hasselt,50.9411605,5.3417576,0.808654620931272,50.94800889120443,5.345641159564644,2018,1,8,71022,Hasselt,Normaal,Droog,Dageraad - schemering,met lichtgewonden,9,personenauto,3,Fiets,Op Kruispunt,Gewestweg,buiten bebouwde kom,Tss. 2 best.: langs opzij (voor-/achterkant-flank),Geen hindernis
5983,138,Hasselt-Kempische brug,Hasselt,50.9405318,5.3422472,0.8647496669792006,50.94800889120443,5.345641159564644,2018,1,8,71022,Hasselt,Normaal,Droog,Dageraad - schemering,met lichtgewonden,9,personenauto,3,Fiets,Op Kruispunt,Gewestweg,buiten bebouwde kom,Tss. 2 best.: langs opzij (voor-/achterkant-flank),Geen hindernis
5983,140,Hasselt ring,Hasselt,50.9300038,5.3438616,2.0059540509513965,50.94800889120443,5.345641159564644,2018,1,8,71022,Hasselt,Normaal,Droog,Dageraad - schemering,met lichtgewonden,9,personenauto,3,Fiets,Op Kruispunt,Gewestweg,buiten bebouwde kom,Tss. 2 best.: langs opzij (voor-/achterkant-flank),Geen hindernis
5985,140,Hasselt ring,Hasselt,50.9300038,5.3438616,1.7906462866938073,50.913923339468546,5.342490584540622,2018,1,6,71022,Hasselt,Normaal,Proper,"Nacht, openbare verlichting aanwezig en ontstoken",met lichtgewonden,9,personenauto,3,Fiets,Op Kruispunt,Gewestweg,buiten bebouwde kom,Tss. 2 best.: langs opzij (voor-/achterkant-flank),Geen hindernis
5986,140,Hasselt ring,Hasselt,50.9300038,5.3438616,1.0952268323929781,50.93233450110369,5.328677418727915,2018,1,7,71022,Hasselt,Normaal,Droog,Dag,met lichtgewonden,3,Fiets,3,Fiets,Buiten Kruispunt,Gemeenteweg,binnen bebouwde kom,Tss. 2 best.: langs opzij (voor-/achterkant-flank),Geen hindernis
5986,138,Hasselt-Kempische brug,Hasselt,50.9405318,5.3422472,1.3171917669736855,50.93233450110369,5.328677418727915,2018,1,7,71022,Hasselt,Normaal,Droog,Dag,met lichtgewonden,3,Fiets,3,Fiets,Buiten Kruispunt,Gemeenteweg,binnen bebouwde kom,Tss. 2 best.: langs opzij (voor-/achterkant-flank),Geen hindernis
5986,137,Hasselt-Kempische brug,Hasselt,50.9411605,5.3417576,1.3428494188509614,50.93233450110369,5.328677418727915,2018,1,7,71022,Hasselt,Normaal,Droog,Dag,met lichtgewonden,3,Fiets,3,Fiets,Buiten Kruispunt,Gemeenteweg,binnen bebouwde kom,Tss. 2 best.: langs opzij (voor-/achterkant-flank),Geen hindernis
5988,140,Hasselt ring,Hasselt,50.9300038,5.3438616,1.269900452256476,50.91860586819265,5.344999770423335,2018,1,5,71022,Hasselt,Normaal,Droog,"Nacht, openbare verlichting aanwezig en ontstoken",met lichtgewonden,3,Fiets,8,Voetganger,Buiten Kruispunt,Gewestweg,buiten bebouwde kom,Met een voetganger,Geen hindernis
5988,138,Hasselt-Kempische brug,Hasselt,50.9405318,5.3422472,2.4456723985051396,50.91860586819265,5.344999770423335,2018,1,5,71022,Hasselt,Normaal,Droog,"Nacht, openbare verlichting aanwezig en ontstoken",met lichtgewonden,3,Fiets,8,Voetganger,Buiten Kruispunt,Gewestweg,buiten bebouwde kom,Met een voetganger,Geen hindernis
5990,30,Herk De Stad,Herk-de-Stad,50.94374,5.17691,0.999109849185772,50.94077927935844,5.163446485626581,2018,1,15,71024,Herk-de-Stad,Regenval,"Nat, plassen",Dag,met lichtgewonden,9,personenauto,3,Fiets,Op Kruispunt,Gewestweg,binnen bebouwde kom,Tss. 2 best.: langs opzij (voor-/achterkant-flank),Geen hindernis
5990,31,Herk De Stad,Herk-de-Stad,50.94366,5.1775,1.035442917810491,50.94077927935844,5.163446485626581,2018,1,15,71024,Herk-de-Stad,Regenval,"Nat, plassen",Dag,met lichtgewonden,9,personenauto,3,Fiets,Op Kruispunt,Gewestweg,binnen bebouwde kom,Tss. 2 best.: langs opzij (voor-/achterkant-flank),Geen hindernis
5991,73,Herent teller 2,Herent,50.89128,4.64685,2.4777233719813747,50.87027020140751,4.635084277915786,2018,1,12,24009,Bertem,Normaal,Droog,Dag,met lichtgewonden,4,Vrachtwagen,3,Fiets,Buiten Kruispunt,Gemeenteweg,binnen bebouwde kom,Tss. 2 best.: langs opzij (voor-/achterkant-flank),Geen hindernis
5991,72,Herent teller 1,Herent,50.89135,4.64689,2.485997070995783,50.87027020140751,4.635084277915786,2018,1,12,24009,Bertem,Normaal,Droog,Dag,met lichtgewonden,4,Vrachtwagen,3,Fiets,Buiten Kruispunt,Gemeenteweg,binnen bebouwde kom,Tss. 2 best.: langs opzij (voor-/achterkant-flank),Geen hindernis
6003,2,Brasschaat 2,Brasschaat,51.27512,4.47169,1.744824565914503,51.269552374839236,4.4482402321961185,2018,2,8,11002,Antwerpen,Normaal,Droog,Dag,met lichtgewonden,3,Fiets,3,Fiets,Buiten Kruispunt,Gemeenteweg,binnen bebouwde kom,Tss. 2 best.: langs opzij (voor-/achterkant-flank),Geen hindernis
6003,3,Brasschaat 1,Brasschaat,51.27503,4.47222,1.7758879544516084,51.269552374839236,4.4482402321961185,2018,2,8,11002,Antwerpen,Normaal,Droog,Dag,met lichtgewonden,3,Fiets,3,Fiets,Buiten Kruispunt,Gemeenteweg,binnen bebouwde kom,Tss. 2 best.: langs opzij (voor-/achterkant-flank),Geen hindernis
6014,2,Brasschaat 2,Brasschaat,51.27512,4.47169,1.862002783918999,51.27203330725669,4.4453818435385255,2018,2,6,11002,Antwerpen,Normaal,"Ijzel, sneeuw","Nacht, openbare verlichting aanwezig en ontstoken",met lichtgewonden,3,Fiets,10,"één bestuurder, geen hindernis",Buiten Kruispunt,Gemeenteweg,binnen bebouwde kom,"Eén bestuurder, geen hindernis (incl. val)",Geen hindernis
6014,3,Brasschaat 1,Brasschaat,51.27503,4.47222,1.8964698700682165,51.27203330725669,4.4453818435385255,2018,2,6,11002,Antwerpen,Normaal,"Ijzel, sneeuw","Nacht, openbare verlichting aanwezig en ontstoken",met lichtgewonden,3,Fiets,10,"één bestuurder, geen hindernis",Buiten Kruispunt,Gemeenteweg,binnen bebouwde kom,"Eén bestuurder, geen hindernis (incl. val)",Geen hindernis
6034,2,Brasschaat 2,Brasschaat,51.27512,4.47169,1.3179700334504325,51.26454717365079,4.463126781445908,2018,2,16,11002,Antwerpen,Normaal,Proper,Dag,met lichtgewonden,3,Fiets,9,personenauto,Buiten Kruispunt,Gewestweg,buiten bebouwde kom,Tss. 2 best.: langs opzij (voor-/achterkant-flank),Geen hindernis
6034,3,Brasschaat 1,Brasschaat,51.27503,4.47222,1.3262378378400477,51.26454717365079,4.463126781445908,2018,2,16,11002,Antwerpen,Normaal,Proper,Dag,met lichtgewonden,3,Fiets,9,personenauto,Buiten Kruispunt,Gewestweg,buiten bebouwde kom,Tss. 2 best.: langs opzij (voor-/achterkant-flank),Geen hindernis
6057,3,Brasschaat 1,Brasschaat,51.27503,4.47222,2.420383888496468,51.29198754834173,4.494039167781353,2018,2,21,11008,Brasschaat,Normaal,Droog,"Nacht, openbare verlichting aanwezig en ontstoken",met lichtgewonden,3,Fiets,11,een weggebruiker tegen een hindernis,Buiten Kruispunt,Gewestweg,binnen bebouwde kom,Weggebruiker tegen hindernis buiten rijbaan,Onbekend
6057,2,Brasschaat 2,Brasschaat,51.27512,4.47169,2.4359483653242964,51.29198754834173,4.494039167781353,2018,2,21,11008,Brasschaat,Normaal,Droog,"Nacht, openbare verlichting aanwezig en ontstoken",met lichtgewonden,3,Fiets,11,een weggebruiker tegen een hindernis,Buiten Kruispunt,Gewestweg,binnen bebouwde kom,Weggebruiker tegen hindernis buiten rijbaan,Onbekend
6059,2,Brasschaat 2,Brasschaat,51.27512,4.47169,1.7502846088663055,51.26010074166342,4.464161042994119,2018,2,15,11040,Schoten,Normaal,Droog,Dag,met lichtgewonden,3,Fiets,9,personenauto,Buiten Kruispunt,Gewestweg,buiten bebouwde kom,Tss. 2 best.: langs opzij (voor-/achterkant-flank),Geen hindernis
6059,3,Brasschaat 1,Brasschaat,51.27503,4.47222,1.7521871337808077,51.26010074166342,4.464161042994119,2018,2,15,11040,Schoten,Normaal,Droog,Dag,met lichtgewonden,3,Fiets,9,personenauto,Buiten Kruispunt,Gewestweg,buiten bebouwde kom,Tss. 2 best.: langs opzij (voor-/achterkant-flank),Geen hindernis
6074,93,Nijlen teller 2,Nijlen,51.14998,4.64469,1.3601791379487564,51.160734312756006,4.653983355306758,2018,2,10,12026,Nijlen,Normaal,Droog,Dag,met lichtgewonden,3,Fiets,9,personenauto,Buiten Kruispunt,Gemeenteweg,binnen bebouwde kom,Tss. 2 best.: langs opzij (voor-/achterkant-flank),Geen hindernis
6074,92,Nijlen teller 1,Nijlen,51.14989,4.64479,1.365697906930766,51.160734312756006,4.653983355306758,2018,2,10,12026,Nijlen,Normaal,Droog,Dag,met lichtgewonden,3,Fiets,9,personenauto,Buiten Kruispunt,Gemeenteweg,binnen bebouwde kom,Tss. 2 best.: langs opzij (voor-/achterkant-flank),Geen hindernis
6075,9,Heist op den Berg 2,Heist-op-den-Berg,51.06904,4.69524,2.3560670016537335,51.083852472663445,4.719354693313196,2018,2,17,12014,Heist-op-den-Berg,Normaal,Droog,Dag,met lichtgewonden,3,Fiets,7,Motorfiets,Op Kruispunt,Gemeenteweg,binnen bebouwde kom,Tss. 2 best.: langs opzij (voor-/achterkant-flank),Geen hindernis
6084,98,Geel teller 2,Geel,51.1481,4.99643,1.8435880829250744,51.16324589076716,4.985676407738392,2018,2,2,13008,Geel,Normaal,Droog,"Nacht, openbare verlichting aanwezig en ontstoken",met lichtgewonden,9,personenauto,3,Fiets,Buiten Kruispunt,Gemeenteweg,binnen bebouwde kom,Tussen 2 bestuurders: Langs achteren,Geen hindernis
6084,97,Geel teller 1,Geel,51.14813,4.99698,1.856501731611279,51.16324589076716,4.985676407738392,2018,2,2,13008,Geel,Normaal,Droog,"Nacht, openbare verlichting aanwezig en ontstoken",met lichtgewonden,9,personenauto,3,Fiets,Buiten Kruispunt,Gemeenteweg,binnen bebouwde kom,Tussen 2 bestuurders: Langs achteren,Geen hindernis
6092,94,Herentals teller 2,Herentals,51.17345,4.81283,1.3062435104032566,51.17408920109206,4.831539195248479,2018,2,8,13011,Herentals,Normaal,Droog,Dag,met lichtgewonden,9,personenauto,3,Fiets,Op Kruispunt,Gemeenteweg,binnen bebouwde kom,Tss. 2 best.: langs opzij (voor-/achterkant-flank),Geen hindernis
6092,110,Herentals totem,Herentals,51.1739426,4.811783,1.3773889048982575,51.17408920109206,4.831539195248479,2018,2,8,13011,Herentals,Normaal,Droog,Dag,met lichtgewonden,9,personenauto,3,Fiets,Op Kruispunt,Gemeenteweg,binnen bebouwde kom,Tss. 2 best.: langs opzij (voor-/achterkant-flank),Geen hindernis
6093,94,Herentals teller 2,Herentals,51.17345,4.81283,2.425529446535293,51.17656504806561,4.8472664937489505,2018,2,16,13011,Herentals,Normaal,Droog,Dag,met lichtgewonden,9,personenauto,3,Fiets,Op Kruispunt,Gemeenteweg,binnen bebouwde kom,Tss. 2 best.: langs opzij (voor-/achterkant-flank),Geen hindernis
6093,110,Herentals totem,Herentals,51.1739426,4.811783,2.490774431400292,51.17656504806561,4.8472664937489505,2018,2,16,13011,Herentals,Normaal,Droog,Dag,met lichtgewonden,9,personenauto,3,Fiets,Op Kruispunt,Gemeenteweg,binnen bebouwde kom,Tss. 2 best.: langs opzij (voor-/achterkant-flank),Geen hindernis
6094,37,Lommel teller 1,Lommel,51.23299,5.29211,0.7458798609816674,51.230983239268745,5.302331921943189,2018,2,7,72020,Lommel,Regenval,"Nat, plassen",Dageraad - schemering,met lichtgewonden,9,personenauto,3,Fiets,Op Kruispunt,Gemeenteweg,binnen bebouwde kom,Tss. 2 best.: langs opzij (voor-/achterkant-flank),Geen hindernis
6094,38,Lommel teller 2,Lommel,51.23277,5.29189,0.7536969360962639,51.230983239268745,5.302331921943189,2018,2,7,72020,Lommel,Regenval,"Nat, plassen",Dageraad - schemering,met lichtgewonden,9,personenauto,3,Fiets,Op Kruispunt,Gemeenteweg,binnen bebouwde kom,Tss. 2 best.: langs opzij (voor-/achterkant-flank),Geen hindernis
6095,46,Pelt teller 2,Pelt,51.231,5.44375,2.121947117784613,51.21197751441606,5.4413228557752555,2018,2,9,72043,Pelt,Normaal,Droog,Dag,met lichtgewonden,3,Fiets,9,personenauto,Op Kruispunt,Gemeenteweg,buiten bebouwde kom,Tss. 2 best.: langs opzij (voor-/achterkant-flank),Geen hindernis
6095,45,Pelt teller 1,Pelt,51.23127,5.44377,2.1519854884690237,51.21197751441606,5.4413228557752555,2018,2,9,72043,Pelt,Normaal,Droog,Dag,met lichtgewonden,3,Fiets,9,personenauto,Op Kruispunt,Gemeenteweg,buiten bebouwde kom,Tss. 2 best.: langs opzij (voor-/achterkant-flank),Geen hindernis
6110,29,Tongeren,Tongeren,50.79286,5.52825,1.3502442036393243,50.80304938508605,5.538700459640961,2018,2,15,73066,Riemst,Normaal,Droog,Dag,met lichtgewonden,9,personenauto,3,Fiets,Op Kruispunt,Gemeenteweg,binnen bebouwde kom,Tss. 2 best.: langs opzij (voor-/achterkant-flank),Geen hindernis
6114,14,Genk,Genk,50.97172,5.48927,0.8254475394400057,50.96431752501713,5.490155041379746,2018,2,14,71016,Genk,Normaal,Droog,Dag,met lichtgewonden,9,personenauto,3,Fiets,Op Kruispunt,Gemeenteweg,binnen bebouwde kom,Tss. 2 best.: langs opzij (voor-/achterkant-flank),Geen hindernis
6116,14,Genk,Genk,50.97172,5.48927,1.0882721113487404,50.96599027814164,5.501869655831966,2018,2,14,71016,Genk,Normaal,Droog,Dag,met lichtgewonden,9,personenauto,3,Fiets,Op Kruispunt,Gewestweg,binnen bebouwde kom,Tussen 2 bestuurders: Langs achteren,Geen hindernis
6117,14,Genk,Genk,50.97172,5.48927,1.4795456647134806,50.975254295832436,5.468897903329112,2018,2,16,71016,Genk,Normaal,Droog,Dag,met lichtgewonden,9,personenauto,3,Fiets,Op Kruispunt,Gemeenteweg,buiten bebouwde kom,Tss. 2 best.: langs opzij (voor-/achterkant-flank),Geen hindernis
6118,49,Bokrijk,Genk,50.95264,5.41001,2.251370641170533,50.96044455907213,5.439668870602308,2018,2,16,71016,Genk,Sneeuwval,"Ijzel, sneeuw",Dag,met lichtgewonden,3,Fiets,4,Vrachtwagen,Buiten Kruispunt,Gemeenteweg,buiten bebouwde kom,Tss. 2 best.: langs opzij (voor-/achterkant-flank),Geen hindernis
6119,151,Leuven,District Leuven,50.8690262,4.6854839,1.0036363231008905,50.87101767814043,4.699433720852012,2018,2,2,24062,Leuven,Normaal,Droog,"Nacht, openbare verlichting aanwezig en ontstoken",met lichtgewonden,9,personenauto,3,Fiets,Op Kruispunt,Gemeenteweg,binnen bebouwde kom,Tussen 2 bestuurders: Flank tegen flank,Geen hindernis
6119,69,Leuven teller 1,Leuven,50.87549,4.71526,1.2167667300735614,50.87101767814043,4.699433720852012,2018,2,2,24062,Leuven,Normaal,Droog,"Nacht, openbare verlichting aanwezig en ontstoken",met lichtgewonden,9,personenauto,3,Fiets,Op Kruispunt,Gemeenteweg,binnen bebouwde kom,Tussen 2 bestuurders: Flank tegen flank,Geen hindernis
6119,77,Leuven teller 2,Leuven,50.88672,4.70796,1.845650580920006,50.87101767814043,4.699433720852012,2018,2,2,24062,Leuven,Normaal,Droog,"Nacht, openbare verlichting aanwezig en ontstoken",met lichtgewonden,9,personenauto,3,Fiets,Op Kruispunt,Gemeenteweg,binnen bebouwde kom,Tussen 2 bestuurders: Flank tegen flank,Geen hindernis
6119,107,leuven totem,Leuven,50.8870744,4.7087919,1.9023206589237045,50.87101767814043,4.699433720852012,2018,2,2,24062,Leuven,Normaal,Droog,"Nacht, openbare verlichting aanwezig en ontstoken",met lichtgewonden,9,personenauto,3,Fiets,Op Kruispunt,Gemeenteweg,binnen bebouwde kom,Tussen 2 bestuurders: Flank tegen flank,Geen hindernis
6120,69,Leuven teller 1,Leuven,50.87549,4.71526,0.6077499372457684,50.874732148061725,4.723838003416893,2018,2,13,24062,Leuven,Normaal,Droog,Dag,met lichtgewonden,3,Fiets,9,personenauto,Buiten Kruispunt,Gemeenteweg,binnen bebouwde kom,Tss. 2 best.: langs opzij (voor-/achterkant-flank),Geen hindernis
6120,107,leuven totem,Leuven,50.8870744,4.7087919,1.7313954075192683,50.874732148061725,4.723838003416893,2018,2,13,24062,Leuven,Normaal,Droog,Dag,met lichtgewonden,3,Fiets,9,personenauto,Buiten Kruispunt,Gemeenteweg,binnen bebouwde kom,Tss. 2 best.: langs opzij (voor-/achterkant-flank),Geen hindernis
6120,77,Leuven teller 2,Leuven,50.88672,4.70796,1.7371667721156137,50.874732148061725,4.723838003416893,2018,2,13,24062,Leuven,Normaal,Droog,Dag,met lichtgewonden,3,Fiets,9,personenauto,Buiten Kruispunt,Gemeenteweg,binnen bebouwde kom,Tss. 2 best.: langs opzij (voor-/achterkant-flank),Geen hindernis
6121,69,Leuven teller 1,Leuven,50.87549,4.71526,1.9489103187444192,50.86198533472929,4.732962814744326,2018,2,8,24062,Leuven,Normaal,Droog,Dageraad - schemering,met zwaargewonden,3,Fiets,3,Fiets,Buiten Kruispunt,Gewestweg,buiten bebouwde kom,Tussen 2 bestuurders: Frontale botsing,Geen hindernis
6122,151,Leuven,District Leuven,50.8690262,4.6854839,1.0112879590612367,50.868448630256474,4.699865749527862,2018,2,19,24062,Leuven,Normaal,Droog,"Nacht, openbare verlichting aanwezig en ontstoken",met lichtgewonden,6,Bromfiets,3,Fiets,Op Kruispunt,Gewestweg,binnen bebouwde kom,Tussen 2 bestuurders: Frontale botsing,Geen hindernis
6122,69,Leuven teller 1,Leuven,50.87549,4.71526,1.3341297891700878,50.868448630256474,4.699865749527862,2018,2,19,24062,Leuven,Normaal,Droog,"Nacht, openbare verlichting aanwezig en ontstoken",met lichtgewonden,6,Bromfiets,3,Fiets,Op Kruispunt,Gewestweg,binnen bebouwde kom,Tussen 2 bestuurders: Frontale botsing,Geen hindernis
6122,77,Leuven teller 2,Leuven,50.88672,4.70796,2.109562988404529,50.868448630256474,4.699865749527862,2018,2,19,24062,Leuven,Normaal,Droog,"Nacht, openbare verlichting aanwezig en ontstoken",met lichtgewonden,6,Bromfiets,3,Fiets,Op Kruispunt,Gewestweg,binnen bebouwde kom,Tussen 2 bestuurders: Frontale botsing,Geen hindernis
6122,107,leuven totem,Leuven,50.8870744,4.7087919,2.1637084793788213,50.868448630256474,4.699865749527862,2018,2,19,24062,Leuven,Normaal,Droog,"Nacht, openbare verlichting aanwezig en ontstoken",met lichtgewonden,6,Bromfiets,3,Fiets,Op Kruispunt,Gewestweg,binnen bebouwde kom,Tussen 2 bestuurders: Frontale botsing,Geen hindernis
6122,108,Heverlee teller 1,Leuven,50.8471728,4.6954674,2.385823389937391,50.868448630256474,4.699865749527862,2018,2,19,24062,Leuven,Normaal,Droog,"Nacht, openbare verlichting aanwezig en ontstoken",met lichtgewonden,6,Bromfiets,3,Fiets,Op Kruispunt,Gewestweg,binnen bebouwde kom,Tussen 2 bestuurders: Frontale botsing,Geen hindernis
6123,107,leuven totem,Leuven,50.8870744,4.7087919,0.5058795260566897,50.89130942719269,4.706157193432668,2018,2,18,24062,Leuven,Normaal,Droog,"Nacht, openbare verlichting aanwezig en ontstoken",met zwaargewonden,3,Fiets,6,Bromfiets,Buiten Kruispunt,Gemeenteweg,binnen bebouwde kom,Tussen 2 bestuurders: Flank tegen flank,Geen hindernis
6123,77,Leuven teller 2,Leuven,50.88672,4.70796,0.5257555559448174,50.89130942719269,4.706157193432668,2018,2,18,24062,Leuven,Normaal,Droog,"Nacht, openbare verlichting aanwezig en ontstoken",met zwaargewonden,3,Fiets,6,Bromfiets,Buiten Kruispunt,Gemeenteweg,binnen bebouwde kom,Tussen 2 bestuurders: Flank tegen flank,Geen hindernis
6123,69,Leuven teller 1,Leuven,50.87549,4.71526,1.8713677952768772,50.89130942719269,4.706157193432668,2018,2,18,24062,Leuven,Normaal,Droog,"Nacht, openbare verlichting aanwezig en ontstoken",met zwaargewonden,3,Fiets,6,Bromfiets,Buiten Kruispunt,Gemeenteweg,binnen bebouwde kom,Tussen 2 bestuurders: Flank tegen flank,Geen hindernis
6124,151,Leuven,District Leuven,50.8690262,4.6854839,1.122613226477611,50.86285397717229,4.672825117829715,2018,2,13,24062,Leuven,Normaal,Droog,Dag,met lichtgewonden,3,Fiets,9,personenauto,Buiten Kruispunt,Gemeenteweg,binnen bebouwde kom,Tss. 2 best.: langs opzij (voor-/achterkant-flank),Geen hindernis
6124,108,Heverlee teller 1,Leuven,50.8471728,4.6954674,2.3593511165384378,50.86285397717229,4.672825117829715,2018,2,13,24062,Leuven,Normaal,Droog,Dag,met lichtgewonden,3,Fiets,9,personenauto,Buiten Kruispunt,Gemeenteweg,binnen bebouwde kom,Tss. 2 best.: langs opzij (voor-/achterkant-flank),Geen hindernis
6124,76,Heverlee teller 2,Leuven,50.84606,4.69597,2.4752413426200213,50.86285397717229,4.672825117829715,2018,2,13,24062,Leuven,Normaal,Droog,Dag,met lichtgewonden,3,Fiets,9,personenauto,Buiten Kruispunt,Gemeenteweg,binnen bebouwde kom,Tss. 2 best.: langs opzij (voor-/achterkant-flank),Geen hindernis
6125,69,Leuven teller 1,Leuven,50.87549,4.71526,0.9887588717417629,50.86740624748756,4.709389856174438,2018,2,8,24062,Leuven,Normaal,"Nat, plassen",Dageraad - schemering,met lichtgewonden,3,Fiets,9,personenauto,Op Kruispunt,Gemeenteweg,binnen bebouwde kom,Tussen 2 bestuurders: Langs achteren,Geen hindernis
6125,151,Leuven,District Leuven,50.8690262,4.6854839,1.6872626268328375,50.86740624748756,4.709389856174438,2018,2,8,24062,Leuven,Normaal,"Nat, plassen",Dageraad - schemering,met lichtgewonden,3,Fiets,9,personenauto,Op Kruispunt,Gemeenteweg,binnen bebouwde kom,Tussen 2 bestuurders: Langs achteren,Geen hindernis
6125,77,Leuven teller 2,Leuven,50.88672,4.70796,2.149933236755887,50.86740624748756,4.709389856174438,2018,2,8,24062,Leuven,Normaal,"Nat, plassen",Dageraad - schemering,met lichtgewonden,3,Fiets,9,personenauto,Op Kruispunt,Gemeenteweg,binnen bebouwde kom,Tussen 2 bestuurders: Langs achteren,Geen hindernis