crash_row_id,site_id,site_name,site_gemeente,site_lat,site_long,distance_km,crash_lat,crash_long,DT_YEAR_COLLISION,DT_MONTH_COLLISION,DT_TIME,CD_NIS,TX_MUNTY_COLLISION_NL,TX_WEATHER_NL,TX_ROAD_CONDITION_NL,TX_LIGHT_CONDITION_NL,TX_CLASS_ACCIDENTS_NL,CD_ROAD_USR_TYPE1,TX_ROAD_USR_TYPE1_NL,CD_ROAD_USR_TYPE2,TX_ROAD_USR_TYPE2_NL,TX_CROSSWAY_NL,CD_ROAD_TYPE_NL,TX_BUILD_UP_AREA_NL,TX_COLLISION_TYPE_NL,TX_OBSTACLES_NL
6125,107,leuven totem,Leuven,50.8870744,4.7087919,2.1874011470450605,50.86740624748756,4.709389856174438,2018,2,8,24062,Leuven,Normaal,"Nat, plassen",Dageraad - schemering,met lichtgewonden,3,Fiets,9,personenauto,Op Kruispunt,Gemeenteweg,binnen bebouwde kom,Tussen 2 bestuurders: Langs achteren,Geen hindernis
6125,108,Heverlee teller 1,Leuven,50.8471728,4.6954674,2.45293090099265,50.86740624748756,4.709389856174438,2018,2,8,24062,Leuven,Normaal,"Nat, plassen",Dageraad - schemering,met lichtgewonden,3,Fiets,9,personenauto,Op Kruispunt,Gemeenteweg,binnen bebouwde kom,Tussen 2 bestuurders: Langs achteren,Geen hindernis
6126,77,Leuven teller 2,Leuven,50.88672,4.70796,0.7821024156794139,50.886516898281464,4.696815346594854,2018,2,20,24062,Leuven,Normaal,"Nat, plassen","Nacht, openbare verlichting aanwezig en ontstoken",met lichtgewonden,9,personenauto,3,Fiets,Buiten Kruispunt,Gemeenteweg,binnen bebouwde kom,Tss. 2 best.: langs opzij (voor-/achterkant-flank),Geen hindernis
6126,107,leuven totem,Leuven,50.8870744,4.7087919,0.8424132944217866,50.886516898281464,4.696815346594854,2018,2,20,24062,Leuven,Normaal,"Nat, plassen","Nacht, openbare verlichting aanwezig en ontstoken",met lichtgewonden,9,personenauto,3,Fiets,Buiten Kruispunt,Gemeenteweg,binnen bebouwde kom,Tss. 2 best.: langs opzij (voor-/achterkant-flank),Geen hindernis
6126,69,Leuven teller 1,Leuven,50.87549,4.71526,1.7826603624815784,50.886516898281464,4.696815346594854,2018,2,20,24062,Leuven,Normaal,"Nat, plassen","Nacht, openbare verlichting aanwezig en ontstoken",met lichtgewonden,9,personenauto,3,Fiets,Buiten Kruispunt,Gemeenteweg,binnen bebouwde kom,Tss. 2 best.: langs opzij (voor-/achterkant-flank),Geen hindernis
6126,151,Leuven,District Leuven,50.8690262,4.6854839,2.101099602157348,50.886516898281464,4.696815346594854,2018,2,20,24062,Leuven,Normaal,"Nat, plassen","Nacht, openbare verlichting aanwezig en ontstoken",met lichtgewonden,9,personenauto,3,Fiets,Buiten Kruispunt,Gemeenteweg,binnen bebouwde kom,Tss. 2 best.: langs opzij (voor-/achterkant-flank),Geen hindernis
6127,24,Tienen 1,Tienen,50.8133795491886,4.935044252605416,0.009770190624328684,50.81334426656314,4.9351716095648674,2018,2,19,24107,Tienen,Normaal,Droog,"Nacht, openbare verlichting aanwezig en ontstoken",met lichtgewonden,9,personenauto,3,Fiets,Op Kruispunt,Gewestweg,binnen bebouwde kom,Tss. 2 best.: langs opzij (voor-/achterkant-flank),Geen hindernis
6127,23,Tienen 3,Tienen,50.81324,4.93447,0.05063909509282226,50.81334426656314,4.9351716095648674,2018,2,19,24107,Tienen,Normaal,Droog,"Nacht, openbare verlichting aanwezig en ontstoken",met lichtgewonden,9,personenauto,3,Fiets,Op Kruispunt,Gewestweg,binnen bebouwde kom,Tss. 2 best.: langs opzij (voor-/achterkant-flank),Geen hindernis
6127,22,Tienen 2,Tienen,50.81330800184882,4.935984252796022,0.057237242823281576,50.81334426656314,4.9351716095648674,2018,2,19,24107,Tienen,Normaal,Droog,"Nacht, openbare verlichting aanwezig en ontstoken",met lichtgewonden,9,personenauto,3,Fiets,Op Kruispunt,Gewestweg,binnen bebouwde kom,Tss. 2 best.: langs opzij (voor-/achterkant-flank),Geen hindernis
6129,87,Aarschot,Aarschot,50.99084,4.81259,1.8376647862070499,50.98430962598643,4.836707290109317,2018,2,8,24001,Aarschot,Normaal,Droog,Dag,met lichtgewonden,8,Voetganger,3,Fiets,Buiten Kruispunt,Gemeenteweg,binnen bebouwde kom,Met een voetganger,Geen hindernis
6130,87,Aarschot,Aarschot,50.99084,4.81259,1.134732299690338,50.98855956928077,4.828392165079955,2018,2,18,24001,Aarschot,Normaal,Droog,"Nacht, openbare verlichting aanwezig en ontstoken",met lichtgewonden,9,personenauto,3,Fiets,Op Kruispunt,Gemeenteweg,binnen bebouwde kom,Tss. 2 best.: langs opzij (voor-/achterkant-flank),Geen hindernis
6133,101,Diest teller 1,Diest,50.97799,5.04481,0.2997271878796883,50.9801191898935,5.0474354209003485,2018,2,7,24020,Diest,Normaal,Droog,Dag,met lichtgewonden,9,personenauto,3,Fiets,Buiten Kruispunt,Gewestweg,binnen bebouwde kom,Tss. 2 best.: langs opzij (voor-/achterkant-flank),Geen hindernis
6133,102,Diest teller 2,Diest,50.9779,5.04474,0.3106457628074169,50.9801191898935,5.0474354209003485,2018,2,7,24020,Diest,Normaal,Droog,Dag,met lichtgewonden,9,personenauto,3,Fiets,Buiten Kruispunt,Gewestweg,binnen bebouwde kom,Tss. 2 best.: langs opzij (voor-/achterkant-flank),Geen hindernis
6138,79,Pepingen teller 2,Pepingen,50.75848,4.16537,2.363410025023513,50.776614223474596,4.182898939625711,2018,2,13,23064,Pepingen,Normaal,Droog,Dag,met lichtgewonden,9,personenauto,3,Fiets,Buiten Kruispunt,Gemeenteweg,buiten bebouwde kom,Tussen 2 bestuurders: Flank tegen flank,Geen hindernis
6138,78,Pepingen teller 1,Pepingen,50.75824,4.1652,2.3924195210241734,50.776614223474596,4.182898939625711,2018,2,13,23064,Pepingen,Normaal,Droog,Dag,met lichtgewonden,9,personenauto,3,Fiets,Buiten Kruispunt,Gemeenteweg,buiten bebouwde kom,Tussen 2 bestuurders: Flank tegen flank,Geen hindernis
6141,27,Grimbergen,Meise,50.92127,4.34013,1.7600304945388001,50.9339815180107,4.3251665028175434,2018,2,21,23050,Meise,Normaal,Droog,"Nacht, openbare verlichting aanwezig en ontstoken",met lichtgewonden,9,personenauto,3,Fiets,Op Kruispunt,Gemeenteweg,binnen bebouwde kom,Tss. 2 best.: langs opzij (voor-/achterkant-flank),Geen hindernis
6143,47,Vilvoorde,Vilvoorde,50.91372,4.41497,1.0520220687892439,50.92308654253251,4.412853963493052,2018,2,12,23088,Vilvoorde,Normaal,Droog,Dag,met lichtgewonden,9,personenauto,3,Fiets,Op Kruispunt,Gewestweg,binnen bebouwde kom,Tss. 2 best.: langs opzij (voor-/achterkant-flank),Geen hindernis
6145,47,Vilvoorde,Vilvoorde,50.91372,4.41497,1.185893867339928,50.91295496433988,4.431841700454046,2018,2,12,23047,Machelen,Normaal,Droog,Dag,met zwaargewonden,4,Vrachtwagen,3,Fiets,Op Kruispunt,Gewestweg,buiten bebouwde kom,Tussen 2 bestuurders: Frontale botsing,Geen hindernis
6145,1,Machelen,Machelen,50.91618331151478,4.456121776137429,1.7396198917635548,50.91295496433988,4.431841700454046,2018,2,12,23047,Machelen,Normaal,Droog,Dag,met zwaargewonden,4,Vrachtwagen,3,Fiets,Op Kruispunt,Gewestweg,buiten bebouwde kom,Tussen 2 bestuurders: Frontale botsing,Geen hindernis
6146,47,Vilvoorde,Vilvoorde,50.91372,4.41497,2.0108773788479026,50.931391192151885,4.421066538677296,2018,2,17,23088,Vilvoorde,Normaal,Droog,Dag,met lichtgewonden,9,personenauto,3,Fiets,Op Kruispunt,Gemeenteweg,binnen bebouwde kom,Tussen 2 bestuurders: Langs achteren,Geen hindernis
6148,109,Zemst,Zemst,50.9903936,4.4707023,1.3624897041090436,50.980163398066935,4.459989203789348,2018,2,9,23096,Zemst,Normaal,Droog,Dag,met lichtgewonden,9,personenauto,3,Fiets,Op Kruispunt,Gewestweg,binnen bebouwde kom,Tss. 2 best.: langs opzij (voor-/achterkant-flank),Geen hindernis
6150,118,Gent teller 1,Gent,51.028049,3.7681359,0.07615675302812097,51.028465940273364,3.767271965127867,2018,2,10,44021,Gent,Normaal,Droog,Dag,met lichtgewonden,3,Fiets,9,personenauto,Op Kruispunt,Gewestweg,binnen bebouwde kom,Tss. 2 best.: langs opzij (voor-/achterkant-flank),Geen hindernis
6150,119,Gent teller 2,Gent,51.0281795,3.7683918,0.0845442053461961,51.028465940273364,3.767271965127867,2018,2,10,44021,Gent,Normaal,Droog,Dag,met lichtgewonden,3,Fiets,9,personenauto,Op Kruispunt,Gewestweg,binnen bebouwde kom,Tss. 2 best.: langs opzij (voor-/achterkant-flank),Geen hindernis
6151,13,Gent,Gent,51.03018,3.70146,1.9670913727801624,51.012592788438674,3.7044942932465563,2018,2,12,44021,Gent,Regenval,"Nat, plassen",Dag,met lichtgewonden,9,personenauto,3,Fiets,Op Kruispunt,Gewestweg,buiten bebouwde kom,Tss. 2 best.: langs opzij (voor-/achterkant-flank),Geen hindernis
6154,136,Gent R4,Gent,51.0876313,3.7587918,2.324389512649303,51.08223104658982,3.7909394965834995,2018,2,9,44021,Gent,Normaal,Droog,Dag,Met doden,9,personenauto,3,Fiets,Op Kruispunt,Gewestweg,binnen bebouwde kom,Tss. 2 best.: langs opzij (voor-/achterkant-flank),Geen hindernis
6155,118,Gent teller 1,Gent,51.028049,3.7681359,2.2627867885414177,51.03320428928655,3.736834033708141,2018,2,9,44021,Gent,Normaal,Droog,Dag,met lichtgewonden,3,Fiets,9,personenauto,Op Kruispunt,Gemeenteweg,binnen bebouwde kom,Tss. 2 best.: langs opzij (voor-/achterkant-flank),Geen hindernis
6155,119,Gent teller 2,Gent,51.0281795,3.7683918,2.2764949874778204,51.03320428928655,3.736834033708141,2018,2,9,44021,Gent,Normaal,Droog,Dag,met lichtgewonden,3,Fiets,9,personenauto,Op Kruispunt,Gemeenteweg,binnen bebouwde kom,Tss. 2 best.: langs opzij (voor-/achterkant-flank),Geen hindernis
6155,13,Gent,Gent,51.03018,3.70146,2.4964393770689832,51.03320428928655,3.736834033708141,2018,2,9,44021,Gent,Normaal,Droog,Dag,met lichtgewonden,3,Fiets,9,personenauto,Op Kruispunt,Gemeenteweg,binnen bebouwde kom,Tss. 2 best.: langs opzij (voor-/achterkant-flank),Geen hindernis
6159,13,Gent,Gent,51.03018,3.70146,2.0645311577694274,51.04097096792938,3.7254867745863063,2018,2,20,44021,Gent,Normaal,"Nat, plassen","Nacht, openbare verlichting aanwezig en ontstoken",met lichtgewonden,9,personenauto,3,Fiets,Buiten Kruispunt,Gemeenteweg,binnen bebouwde kom,Tss. 2 best.: langs opzij (voor-/achterkant-flank),Geen hindernis
6160,7,Evergem 1,Evergem,51.1089,3.70317,2.179184067674619,51.09106597450556,3.716109491802023,2018,2,17,44021,Gent,Normaal,Droog,Dageraad - schemering,met lichtgewonden,3,Fiets,8,Voetganger,Buiten Kruispunt,Gewestweg,binnen bebouwde kom,Met een voetganger,Geen hindernis
6160,6,Evergem 2,Evergem,51.10894,3.70298,2.1887559564007897,51.09106597450556,3.716109491802023,2018,2,17,44021,Gent,Normaal,Droog,Dageraad - schemering,met lichtgewonden,3,Fiets,8,Voetganger,Buiten Kruispunt,Gewestweg,binnen bebouwde kom,Met een voetganger,Geen hindernis
6161,13,Gent,Gent,51.03018,3.70146,1.7807672822194536,51.039442504971916,3.7222352545144113,2018,2,13,44021,Gent,Normaal,Droog,Dag,met lichtgewonden,3,Fiets,3,Fiets,Op Kruispunt,Gemeenteweg,binnen bebouwde kom,Tss. 2 best.: langs opzij (voor-/achterkant-flank),Geen hindernis
6163,119,Gent teller 2,Gent,51.0281795,3.7683918,2.3511943840501854,51.04694232161332,3.752886621488471,2018,2,16,44021,Gent,Normaal,Droog,Dag,met lichtgewonden,3,Fiets,10,"één bestuurder, geen hindernis",Buiten Kruispunt,Gemeenteweg,binnen bebouwde kom,"Eén bestuurder, geen hindernis (incl. val)",Geen hindernis
6163,118,Gent teller 1,Gent,51.028049,3.7681359,2.3559291533195523,51.04694232161332,3.752886621488471,2018,2,16,44021,Gent,Normaal,Droog,Dag,met lichtgewonden,3,Fiets,10,"één bestuurder, geen hindernis",Buiten Kruispunt,Gemeenteweg,binnen bebouwde kom,"Eén bestuurder, geen hindernis (incl. val)",Geen hindernis
6166,13,Gent,Gent,51.03018,3.70146,2.208086506726914,51.041228656176145,3.727699408780924,2018,2,0,44021,Gent,Onbekend,Onbekend,"Nacht, openbare verlichting aanwezig en ontstoken",met lichtgewonden,3,Fiets,2,Andere weggebruiker,Op Kruispunt,Gemeenteweg,binnen bebouwde kom,Tss. 2 best.: langs opzij (voor-/achterkant-flank),Geen hindernis
6168,13,Gent,Gent,51.03018,3.70146,2.151053381412215,51.049324461106124,3.7058772160897795,2018,2,9,44021,Gent,Normaal,Droog,Dag,met lichtgewonden,9,personenauto,3,Fiets,Buiten Kruispunt,Gewestweg,binnen bebouwde kom,Tussen 2 bestuurders: Langs achteren,Geen hindernis
6178,118,Gent teller 1,Gent,51.028049,3.7681359,1.4201260708408223,51.019031948135826,3.753756660514336,2018,2,12,44043,Merelbeke,Normaal,Droog,Dag,met lichtgewonden,9,personenauto,3,Fiets,Op Kruispunt,Gewestweg,binnen bebouwde kom,Tss. 2 best.: langs opzij (voor-/achterkant-flank),Geen hindernis
6178,119,Gent teller 2,Gent,51.0281795,3.7683918,1.4430472409343376,51.019031948135826,3.753756660514336,2018,2,12,44043,Merelbeke,Normaal,Droog,Dag,met lichtgewonden,9,personenauto,3,Fiets,Op Kruispunt,Gewestweg,binnen bebouwde kom,Tss. 2 best.: langs opzij (voor-/achterkant-flank),Geen hindernis
6183,113,Deinze teller 2,Deinze,50.96018,3.55578,1.7487929388489543,50.97097927887258,3.537625608810651,2018,2,16,44083,Deinze,Normaal,Droog,Dag,met lichtgewonden,3,Fiets,9,personenauto,Op Kruispunt,Gemeenteweg,binnen bebouwde kom,Tussen 2 bestuurders: Flank tegen flank,Geen hindernis
6183,114,Deinze teller 1,Nazareth,50.9598305,3.555502,1.761820441736804,50.97097927887258,3.537625608810651,2018,2,16,44083,Deinze,Normaal,Droog,Dag,met lichtgewonden,3,Fiets,9,personenauto,Op Kruispunt,Gemeenteweg,binnen bebouwde kom,Tussen 2 bestuurders: Flank tegen flank,Geen hindernis
6184,113,Deinze teller 2,Deinze,50.96018,3.55578,1.8091708590770774,50.972201310020836,3.538370691607558,2018,2,23,44083,Deinze,Normaal,Droog,"Nacht, openbare verlichting aanwezig en ontstoken",met lichtgewonden,3,Fiets,9,personenauto,Buiten Kruispunt,Gewestweg,binnen bebouwde kom,Tussen 2 bestuurders: Langs achteren,Geen hindernis
6184,114,Deinze teller 1,Nazareth,50.9598305,3.555502,1.825219763655515,50.972201310020836,3.538370691607558,2018,2,23,44083,Deinze,Normaal,Droog,"Nacht, openbare verlichting aanwezig en ontstoken",met lichtgewonden,3,Fiets,9,personenauto,Buiten Kruispunt,Gewestweg,binnen bebouwde kom,Tussen 2 bestuurders: Langs achteren,Geen hindernis
6211,126,Hamme totem,Hamme,51.1017709,4.1469307,1.3992938412016467,51.11414066128432,4.143246757746751,2018,2,8,46025,Temse,Normaal,Droog,Dag,met lichtgewonden,9,personenauto,3,Fiets,Op Kruispunt,Gewestweg,buiten bebouwde kom,Tss. 2 best.: langs opzij (voor-/achterkant-flank),Geen hindernis
6212,128,Lokeren teller 1,Lokeren,51.09644,3.97023,1.5846711294564897,51.10299401204931,3.9903820318243386,2018,2,12,46014,Lokeren,Normaal,Droog,Dag,met lichtgewonden,3,Fiets,8,Voetganger,Buiten Kruispunt,Gemeenteweg,binnen bebouwde kom,Met een voetganger,Geen hindernis
6212,129,Lokeren teller 2,Lokeren,51.09612,3.97025,1.600124056079204,51.10299401204931,3.9903820318243386,2018,2,12,46014,Lokeren,Normaal,Droog,Dag,met lichtgewonden,3,Fiets,8,Voetganger,Buiten Kruispunt,Gemeenteweg,binnen bebouwde kom,Met een voetganger,Geen hindernis
6212,141,Test site A support,Lokeren,51.08342085,3.9961071208376326,2.2128559625048005,51.10299401204931,3.9903820318243386,2018,2,12,46014,Lokeren,Normaal,Droog,Dag,met lichtgewonden,3,Fiets,8,Voetganger,Buiten Kruispunt,Gemeenteweg,binnen bebouwde kom,Met een voetganger,Geen hindernis
6213,128,Lokeren teller 1,Lokeren,51.09644,3.97023,1.9136757832192417,51.11227501871713,3.9809655588727515,2018,2,7,46014,Lokeren,Onbekend,Onbekend,Dag,met lichtgewonden,3,Fiets,9,personenauto,Op Kruispunt,Gemeenteweg,binnen bebouwde kom,Tss. 2 best.: langs opzij (voor-/achterkant-flank),Geen hindernis
6213,129,Lokeren teller 2,Lokeren,51.09612,3.97025,1.9459287284300153,51.11227501871713,3.9809655588727515,2018,2,7,46014,Lokeren,Onbekend,Onbekend,Dag,met lichtgewonden,3,Fiets,9,personenauto,Op Kruispunt,Gemeenteweg,binnen bebouwde kom,Tss. 2 best.: langs opzij (voor-/achterkant-flank),Geen hindernis
6216,126,Hamme totem,Hamme,51.1017709,4.1469307,2.0065681035192813,51.08544545177151,4.134688133888562,2018,2,18,42008,Hamme,Normaal,Droog,Dageraad - schemering,met lichtgewonden,3,Fiets,9,personenauto,Buiten Kruispunt,Gewestweg,binnen bebouwde kom,Tussen 2 bestuurders: Flank tegen flank,Geen hindernis
6218,126,Hamme totem,Hamme,51.1017709,4.1469307,0.6755126718880046,51.10638524206332,4.140637677665163,2018,2,16,42023,Waasmunster,Normaal,Droog,Dag,met lichtgewonden,9,personenauto,3,Fiets,Buiten Kruispunt,Gewestweg,buiten bebouwde kom,Tss. 2 best.: langs opzij (voor-/achterkant-flank),Geen hindernis
6219,120,Zele teller 1,Zele,51.0607671,4.0547741,1.4407855446696445,51.06820372409943,4.037889965199677,2018,2,15,42028,Zele,Normaal,Droog,Dag,met zwaargewonden,3,Fiets,9,personenauto,Buiten Kruispunt,Gemeenteweg,binnen bebouwde kom,Tss. 2 best.: langs opzij (voor-/achterkant-flank),Geen hindernis
6219,121,Zele teller 2,Zele,51.0604067,4.0556696,1.5150376805802097,51.06820372409943,4.037889965199677,2018,2,15,42028,Zele,Normaal,Droog,Dag,met zwaargewonden,3,Fiets,9,personenauto,Buiten Kruispunt,Gemeenteweg,binnen bebouwde kom,Tss. 2 best.: langs opzij (voor-/achterkant-flank),Geen hindernis
6220,121,Zele teller 2,Zele,51.0604067,4.0556696,1.3023607198525982,51.04869429444267,4.0556510832342125,2018,2,18,42028,Zele,Normaal,Droog,"Nacht, geen openbare verlichting aanwezig",met zwaargewonden,3,Fiets,10,"één bestuurder, geen hindernis",Buiten Kruispunt,Gemeenteweg,buiten bebouwde kom,"Eén bestuurder, geen hindernis (incl. val)",Geen hindernis
6220,120,Zele teller 1,Zele,51.0607671,4.0547741,1.343833417357323,51.04869429444267,4.0556510832342125,2018,2,18,42028,Zele,Normaal,Droog,"Nacht, geen openbare verlichting aanwezig",met zwaargewonden,3,Fiets,10,"één bestuurder, geen hindernis",Buiten Kruispunt,Gemeenteweg,buiten bebouwde kom,"Eén bestuurder, geen hindernis (incl. val)",Geen hindernis
6221,120,Zele teller 1,Zele,51.0607671,4.0547741,1.5111276738440889,51.07396505828006,4.059930397434114,2018,2,12,42028,Zele,Normaal,Droog,Dag,met zwaargewonden,3,Fiets,5,Lichte vrachtauto,Buiten Kruispunt,Gemeenteweg,buiten bebouwde kom,Tussen 2 bestuurders: Langs achteren,Geen hindernis
6221,121,Zele teller 2,Zele,51.0604067,4.0556696,1.5367372324998876,51.07396505828006,4.059930397434114,2018,2,12,42028,Zele,Normaal,Droog,Dag,met zwaargewonden,3,Fiets,5,Lichte vrachtauto,Buiten Kruispunt,Gemeenteweg,buiten bebouwde kom,Tussen 2 bestuurders: Langs achteren,Geen hindernis
6222,120,Zele teller 1,Zele,51.0607671,4.0547741,1.6334785323313892,51.07239419098124,4.040486608443765,2018,2,13,42028,Zele,Normaal,Droog,Dag,met lichtgewonden,3,Fiets,10,"één bestuurder, geen hindernis",Buiten Kruispunt,Gemeenteweg,binnen bebouwde kom,"Eén bestuurder, geen hindernis (incl. val)",Geen hindernis
6222,121,Zele teller 2,Zele,51.0604067,4.0556696,1.703628442311129,51.07239419098124,4.040486608443765,2018,2,13,42028,Zele,Normaal,Droog,Dag,met lichtgewonden,3,Fiets,10,"één bestuurder, geen hindernis",Buiten Kruispunt,Gemeenteweg,binnen bebouwde kom,"Eén bestuurder, geen hindernis (incl. val)",Geen hindernis
6234,10,Aalst 2,Aalst,50.93549,4.01571,1.9531911517778828,50.94070973001467,4.042325487042212,2018,2,17,41002,Aalst,Normaal,Droog,Dageraad - schemering,met lichtgewonden,3,Fiets,3,Fiets,Op Kruispunt,Gemeenteweg,binnen bebouwde kom,Tss. 2 best.: langs opzij (voor-/achterkant-flank),Geen hindernis
6234,11,Aalst 3,Aalst,50.93385,4.01647,1.9657610079778922,50.94070973001467,4.042325487042212,2018,2,17,41002,Aalst,Normaal,Droog,Dageraad - schemering,met lichtgewonden,3,Fiets,3,Fiets,Op Kruispunt,Gemeenteweg,binnen bebouwde kom,Tss. 2 best.: langs opzij (voor-/achterkant-flank),Geen hindernis
6234,19,Aalst 1,Aalst,50.93433,4.01471,2.0609908315481134,50.94070973001467,4.042325487042212,2018,2,17,41002,Aalst,Normaal,Droog,Dageraad - schemering,met lichtgewonden,3,Fiets,3,Fiets,Op Kruispunt,Gemeenteweg,binnen bebouwde kom,Tss. 2 best.: langs opzij (voor-/achterkant-flank),Geen hindernis
6235,10,Aalst 2,Aalst,50.93549,4.01571,0.5052952878047562,50.93721999639792,4.022377964259826,2018,2,9,41002,Aalst,Normaal,Droog,Dag,met lichtgewonden,9,personenauto,3,Fiets,Buiten Kruispunt,Gemeenteweg,binnen bebouwde kom,Tussen 2 bestuurders: Frontale botsing,Geen hindernis
6235,11,Aalst 3,Aalst,50.93385,4.01647,0.5584027189488532,50.93721999639792,4.022377964259826,2018,2,9,41002,Aalst,Normaal,Droog,Dag,met lichtgewonden,9,personenauto,3,Fiets,Buiten Kruispunt,Gemeenteweg,binnen bebouwde kom,Tussen 2 bestuurders: Frontale botsing,Geen hindernis
6235,19,Aalst 1,Aalst,50.93433,4.01471,0.6260880535994491,50.93721999639792,4.022377964259826,2018,2,9,41002,Aalst,Normaal,Droog,Dag,met lichtgewonden,9,personenauto,3,Fiets,Buiten Kruispunt,Gemeenteweg,binnen bebouwde kom,Tussen 2 bestuurders: Frontale botsing,Geen hindernis
6236,11,Aalst 3,Aalst,50.93385,4.01647,0.9697996683719297,50.932203387168286,4.030059946846703,2018,2,12,41002,Aalst,Normaal,Droog,Dag,met lichtgewonden,3,Fiets,9,personenauto,Buiten Kruispunt,Gemeenteweg,binnen bebouwde kom,Tussen 2 bestuurders: Langs achteren,Geen hindernis
6236,10,Aalst 2,Aalst,50.93549,4.01571,1.0699485203012318,50.932203387168286,4.030059946846703,2018,2,12,41002,Aalst,Normaal,Droog,Dag,met lichtgewonden,3,Fiets,9,personenauto,Buiten Kruispunt,Gemeenteweg,binnen bebouwde kom,Tussen 2 bestuurders: Langs achteren,Geen hindernis
6236,19,Aalst 1,Aalst,50.93433,4.01471,1.1013757845662617,50.932203387168286,4.030059946846703,2018,2,12,41002,Aalst,Normaal,Droog,Dag,met lichtgewonden,3,Fiets,9,personenauto,Buiten Kruispunt,Gemeenteweg,binnen bebouwde kom,Tussen 2 bestuurders: Langs achteren,Geen hindernis
6242,142,TEST Validatie BRUGGE Y2H22022134,Brugge,51.22632,3.24095,0.22675715784383021,51.2246912740347,3.238990499295502,2018,2,17,31005,Brugge,Onbekend,Onbekend,Dageraad - schemering,met lichtgewonden,3,Fiets,3,Fiets,Op Kruispunt,Gewestweg,binnen bebouwde kom,Tss. 2 best.: langs opzij (voor-/achterkant-flank),Geen hindernis
6242,52,Brugge,Brugge,51.22632,3.24095,0.22675715784383021,51.2246912740347,3.238990499295502,2018,2,17,31005,Brugge,Onbekend,Onbekend,Dageraad - schemering,met lichtgewonden,3,Fiets,3,Fiets,Op Kruispunt,Gewestweg,binnen bebouwde kom,Tss. 2 best.: langs opzij (voor-/achterkant-flank),Geen hindernis
6242,54,Brugge teller 2,Brugge,51.23015,3.22818,0.9670046270730089,51.2246912740347,3.238990499295502,2018,2,17,31005,Brugge,Onbekend,Onbekend,Dageraad - schemering,met lichtgewonden,3,Fiets,3,Fiets,Op Kruispunt,Gewestweg,binnen bebouwde kom,Tss. 2 best.: langs opzij (voor-/achterkant-flank),Geen hindernis
6242,53,Brugge teller 1,Brugge,51.23023,3.228,0.9823455415476827,51.2246912740347,3.238990499295502,2018,2,17,31005,Brugge,Onbekend,Onbekend,Dageraad - schemering,met lichtgewonden,3,Fiets,3,Fiets,Op Kruispunt,Gewestweg,binnen bebouwde kom,Tss. 2 best.: langs opzij (voor-/achterkant-flank),Geen hindernis
6244,20,Brugge,Brugge,51.17416,3.20048,0.8566552273539908,51.16701617226695,3.195880014016564,2018,2,14,31005,Brugge,Normaal,"Ijzel, sneeuw",Dag,met zwaargewonden,4,Vrachtwagen,3,Fiets,Buiten Kruispunt,Gewestweg,buiten bebouwde kom,Tss. 2 best.: langs opzij (voor-/achterkant-flank),Geen hindernis
6245,142,TEST Validatie BRUGGE Y2H22022134,Brugge,51.22632,3.24095,0.8031751614890764,51.220739985528866,3.2336264621673454,2018,2,16,31005,Brugge,Normaal,Droog,Dag,met lichtgewonden,9,personenauto,3,Fiets,Op Kruispunt,Gemeenteweg,binnen bebouwde kom,Tss. 2 best.: langs opzij (voor-/achterkant-flank),Geen hindernis
6245,52,Brugge,Brugge,51.22632,3.24095,0.8031751614890764,51.220739985528866,3.2336264621673454,2018,2,16,31005,Brugge,Normaal,Droog,Dag,met lichtgewonden,9,personenauto,3,Fiets,Op Kruispunt,Gemeenteweg,binnen bebouwde kom,Tss. 2 best.: langs opzij (voor-/achterkant-flank),Geen hindernis
6245,54,Brugge teller 2,Brugge,51.23015,3.22818,1.1129636414319921,51.220739985528866,3.2336264621673454,2018,2,16,31005,Brugge,Normaal,Droog,Dag,met lichtgewonden,9,personenauto,3,Fiets,Op Kruispunt,Gemeenteweg,binnen bebouwde kom,Tss. 2 best.: langs opzij (voor-/achterkant-flank),Geen hindernis
6245,53,Brugge teller 1,Brugge,51.23023,3.228,1.1256322083799337,51.220739985528866,3.2336264621673454,2018,2,16,31005,Brugge,Normaal,Droog,Dag,met lichtgewonden,9,personenauto,3,Fiets,Op Kruispunt,Gemeenteweg,binnen bebouwde kom,Tss. 2 best.: langs opzij (voor-/achterkant-flank),Geen hindernis
6246,20,Brugge,Brugge,51.17416,3.20048,1.58085717871366,51.18834480460271,3.198954775591627,2018,2,8,31005,Brugge,Normaal,Droog,Dag,met lichtgewonden,9,personenauto,3,Fiets,Buiten Kruispunt,Gemeenteweg,binnen bebouwde kom,Tss. 2 best.: langs opzij (voor-/achterkant-flank),Geen hindernis
6247,54,Brugge teller 2,Brugge,51.23015,3.22818,1.8624629661939813,51.215142516205205,3.2163039924153978,2018,2,8,31005,Brugge,Normaal,Droog,Dag,met lichtgewonden,9,personenauto,3,Fiets,Op Kruispunt,Gewestweg,buiten bebouwde kom,Tussen 2 bestuurders: Langs achteren,Geen hindernis
6247,53,Brugge teller 1,Brugge,51.23023,3.228,1.86492832957968,51.215142516205205,3.2163039924153978,2018,2,8,31005,Brugge,Normaal,Droog,Dag,met lichtgewonden,9,personenauto,3,Fiets,Op Kruispunt,Gewestweg,buiten bebouwde kom,Tussen 2 bestuurders: Langs achteren,Geen hindernis
6247,52,Brugge,Brugge,51.22632,3.24095,2.1191794631096856,51.215142516205205,3.2163039924153978,2018,2,8,31005,Brugge,Normaal,Droog,Dag,met lichtgewonden,9,personenauto,3,Fiets,Op Kruispunt,Gewestweg,buiten bebouwde kom,Tussen 2 bestuurders: Langs achteren,Geen hindernis