crash_row_id,site_id,site_name,site_gemeente,site_lat,site_long,distance_km,crash_lat,crash_long,DT_YEAR_COLLISION,DT_MONTH_COLLISION,DT_TIME,CD_NIS,TX_MUNTY_COLLISION_NL,TX_WEATHER_NL,TX_ROAD_CONDITION_NL,TX_LIGHT_CONDITION_NL,TX_CLASS_ACCIDENTS_NL,CD_ROAD_USR_TYPE1,TX_ROAD_USR_TYPE1_NL,CD_ROAD_USR_TYPE2,TX_ROAD_USR_TYPE2_NL,TX_CROSSWAY_NL,CD_ROAD_TYPE_NL,TX_BUILD_UP_AREA_NL,TX_COLLISION_TYPE_NL,TX_OBSTACLES_NL
6247,142,TEST Validatie BRUGGE Y2H22022134,Brugge,51.22632,3.24095,2.1191794631096856,51.215142516205205,3.2163039924153978,2018,2,8,31005,Brugge,Normaal,Droog,Dag,met lichtgewonden,9,personenauto,3,Fiets,Op Kruispunt,Gewestweg,buiten bebouwde kom,Tussen 2 bestuurders: Langs achteren,Geen hindernis
6264,55,Torhout teller 1,Torhout,51.07161,3.08261,1.5016363534177786,51.06893386016017,3.103675284562792,2018,2,7,31033,Torhout,Onbekend,Onbekend,Onbekend,met lichtgewonden,3,Fiets,9,personenauto,Op Kruispunt,Gewestweg,onbekend,Tss. 2 best.: langs opzij (voor-/achterkant-flank),Geen hindernis
6264,56,Torhout teller 2,Torhout,51.07147,3.08244,1.5102988916093851,51.06893386016017,3.103675284562792,2018,2,7,31033,Torhout,Onbekend,Onbekend,Onbekend,met lichtgewonden,3,Fiets,9,personenauto,Op Kruispunt,Gewestweg,onbekend,Tss. 2 best.: langs opzij (voor-/achterkant-flank),Geen hindernis
6266,55,Torhout teller 1,Torhout,51.07161,3.08261,1.3450259013914834,51.06559497596684,3.0993106914681032,2018,2,15,31033,Torhout,Normaal,Droog,Dag,met zwaargewonden,5,Lichte vrachtauto,3,Fiets,Op Kruispunt,Gewestweg,binnen bebouwde kom,Tss. 2 best.: langs opzij (voor-/achterkant-flank),Geen hindernis
6266,56,Torhout teller 2,Torhout,51.07147,3.08244,1.347731915156982,51.06559497596684,3.0993106914681032,2018,2,15,31033,Torhout,Normaal,Droog,Dag,met zwaargewonden,5,Lichte vrachtauto,3,Fiets,Op Kruispunt,Gewestweg,binnen bebouwde kom,Tss. 2 best.: langs opzij (voor-/achterkant-flank),Geen hindernis
6283,75,Kortrijk teller 2,Kortrijk,50.81925,3.25731,0.4706034332221316,50.82333789221274,3.259044716155276,2018,2,11,34022,Kortrijk,Normaal,Droog,Dag,met lichtgewonden,3,Fiets,9,personenauto,Buiten Kruispunt,Gewestweg,binnen bebouwde kom,Tss. 2 best.: langs opzij (voor-/achterkant-flank),Geen hindernis
6283,74,Kortrijk teller 1,Kortrijk,50.81909,3.25728,0.4883403389795086,50.82333789221274,3.259044716155276,2018,2,11,34022,Kortrijk,Normaal,Droog,Dag,met lichtgewonden,3,Fiets,9,personenauto,Buiten Kruispunt,Gewestweg,binnen bebouwde kom,Tss. 2 best.: langs opzij (voor-/achterkant-flank),Geen hindernis
6283,143,Eco Display Classic Budastraat,Kortrijk,50.83066,3.26286,0.8571481305665817,50.82333789221274,3.259044716155276,2018,2,11,34022,Kortrijk,Normaal,Droog,Dag,met lichtgewonden,3,Fiets,9,personenauto,Buiten Kruispunt,Gewestweg,binnen bebouwde kom,Tss. 2 best.: langs opzij (voor-/achterkant-flank),Geen hindernis
6283,16,Kortrijk 1,Kortrijk,50.83332,3.27777,1.7209662471250593,50.82333789221274,3.259044716155276,2018,2,11,34022,Kortrijk,Normaal,Droog,Dag,met lichtgewonden,3,Fiets,9,personenauto,Buiten Kruispunt,Gewestweg,binnen bebouwde kom,Tss. 2 best.: langs opzij (voor-/achterkant-flank),Geen hindernis
6283,17,Kortrijk 2,Kortrijk,50.83339,3.27773,1.7238561217805235,50.82333789221274,3.259044716155276,2018,2,11,34022,Kortrijk,Normaal,Droog,Dag,met lichtgewonden,3,Fiets,9,personenauto,Buiten Kruispunt,Gewestweg,binnen bebouwde kom,Tss. 2 best.: langs opzij (voor-/achterkant-flank),Geen hindernis
6284,143,Eco Display Classic Budastraat,Kortrijk,50.83066,3.26286,0.4176433867467361,50.82738383486628,3.2599519464673334,2018,2,15,34022,Kortrijk,Normaal,Droog,Dag,met lichtgewonden,5,Lichte vrachtauto,3,Fiets,Buiten Kruispunt,Gemeenteweg,binnen bebouwde kom,Tss. 2 best.: langs opzij (voor-/achterkant-flank),Geen hindernis
6284,75,Kortrijk teller 2,Kortrijk,50.81925,3.25731,0.9232840779646189,50.82738383486628,3.2599519464673334,2018,2,15,34022,Kortrijk,Normaal,Droog,Dag,met lichtgewonden,5,Lichte vrachtauto,3,Fiets,Buiten Kruispunt,Gemeenteweg,binnen bebouwde kom,Tss. 2 best.: langs opzij (voor-/achterkant-flank),Geen hindernis
6284,74,Kortrijk teller 1,Kortrijk,50.81909,3.25728,0.9411370173963014,50.82738383486628,3.2599519464673334,2018,2,15,34022,Kortrijk,Normaal,Droog,Dag,met lichtgewonden,5,Lichte vrachtauto,3,Fiets,Buiten Kruispunt,Gemeenteweg,binnen bebouwde kom,Tss. 2 best.: langs opzij (voor-/achterkant-flank),Geen hindernis
6284,16,Kortrijk 1,Kortrijk,50.83332,3.27777,1.4148234931520745,50.82738383486628,3.2599519464673334,2018,2,15,34022,Kortrijk,Normaal,Droog,Dag,met lichtgewonden,5,Lichte vrachtauto,3,Fiets,Buiten Kruispunt,Gemeenteweg,binnen bebouwde kom,Tss. 2 best.: langs opzij (voor-/achterkant-flank),Geen hindernis
6284,17,Kortrijk 2,Kortrijk,50.83339,3.27773,1.4159929266810474,50.82738383486628,3.2599519464673334,2018,2,15,34022,Kortrijk,Normaal,Droog,Dag,met lichtgewonden,5,Lichte vrachtauto,3,Fiets,Buiten Kruispunt,Gemeenteweg,binnen bebouwde kom,Tss. 2 best.: langs opzij (voor-/achterkant-flank),Geen hindernis
6286,143,Eco Display Classic Budastraat,Kortrijk,50.83066,3.26286,0.8355848058243758,50.823952781919324,3.2682245371059606,2018,2,17,34022,Kortrijk,Normaal,Droog,"Nacht, openbare verlichting aanwezig en ontstoken",met lichtgewonden,9,personenauto,3,Fiets,Op Kruispunt,Gewestweg,binnen bebouwde kom,Tss. 2 best.: langs opzij (voor-/achterkant-flank),Geen hindernis
6286,75,Kortrijk teller 2,Kortrijk,50.81925,3.25731,0.9280534604743486,50.823952781919324,3.2682245371059606,2018,2,17,34022,Kortrijk,Normaal,Droog,"Nacht, openbare verlichting aanwezig en ontstoken",met lichtgewonden,9,personenauto,3,Fiets,Op Kruispunt,Gewestweg,binnen bebouwde kom,Tss. 2 best.: langs opzij (voor-/achterkant-flank),Geen hindernis
6286,74,Kortrijk teller 1,Kortrijk,50.81909,3.25728,0.9399173439489907,50.823952781919324,3.2682245371059606,2018,2,17,34022,Kortrijk,Normaal,Droog,"Nacht, openbare verlichting aanwezig en ontstoken",met lichtgewonden,9,personenauto,3,Fiets,Op Kruispunt,Gewestweg,binnen bebouwde kom,Tss. 2 best.: langs opzij (voor-/achterkant-flank),Geen hindernis
6286,16,Kortrijk 1,Kortrijk,50.83332,3.27777,1.238700533147776,50.823952781919324,3.2682245371059606,2018,2,17,34022,Kortrijk,Normaal,Droog,"Nacht, openbare verlichting aanwezig en ontstoken",met lichtgewonden,9,personenauto,3,Fiets,Op Kruispunt,Gewestweg,binnen bebouwde kom,Tss. 2 best.: langs opzij (voor-/achterkant-flank),Geen hindernis
6286,17,Kortrijk 2,Kortrijk,50.83339,3.27773,1.243742128175936,50.823952781919324,3.2682245371059606,2018,2,17,34022,Kortrijk,Normaal,Droog,"Nacht, openbare verlichting aanwezig en ontstoken",met lichtgewonden,9,personenauto,3,Fiets,Op Kruispunt,Gewestweg,binnen bebouwde kom,Tss. 2 best.: langs opzij (voor-/achterkant-flank),Geen hindernis
6287,75,Kortrijk teller 2,Kortrijk,50.81925,3.25731,2.3333918570372645,50.82199943947143,3.224379584240419,2018,2,17,34022,Kortrijk,Regenval,"Nat, plassen",Dag,met lichtgewonden,3,Fiets,9,personenauto,Op Kruispunt,Gewestweg,binnen bebouwde kom,Tss. 2 best.: langs opzij (voor-/achterkant-flank),Geen hindernis
6287,74,Kortrijk teller 1,Kortrijk,50.81909,3.25728,2.333706300943922,50.82199943947143,3.224379584240419,2018,2,17,34022,Kortrijk,Regenval,"Nat, plassen",Dag,met lichtgewonden,3,Fiets,9,personenauto,Op Kruispunt,Gewestweg,binnen bebouwde kom,Tss. 2 best.: langs opzij (voor-/achterkant-flank),Geen hindernis
6288,74,Kortrijk teller 1,Kortrijk,50.81909,3.25728,1.8448530526977773,50.81877819903215,3.231023373992505,2018,2,14,34022,Kortrijk,Normaal,Droog,Dag,met lichtgewonden,3,Fiets,9,personenauto,Op Kruispunt,Gemeenteweg,binnen bebouwde kom,Tss. 2 best.: langs opzij (voor-/achterkant-flank),Geen hindernis
6288,75,Kortrijk teller 2,Kortrijk,50.81925,3.25731,1.8473766304087853,50.81877819903215,3.231023373992505,2018,2,14,34022,Kortrijk,Normaal,Droog,Dag,met lichtgewonden,3,Fiets,9,personenauto,Op Kruispunt,Gemeenteweg,binnen bebouwde kom,Tss. 2 best.: langs opzij (voor-/achterkant-flank),Geen hindernis
6289,75,Kortrijk teller 2,Kortrijk,50.81925,3.25731,0.5156885989129958,50.8234444417283,3.2604420030688943,2018,2,8,34022,Kortrijk,Normaal,Droog,Dag,met lichtgewonden,9,personenauto,3,Fiets,Buiten Kruispunt,Gewestweg,binnen bebouwde kom,Tss. 2 best.: langs opzij (voor-/achterkant-flank),Geen hindernis
6289,74,Kortrijk teller 1,Kortrijk,50.81909,3.25728,0.5327089374466614,50.8234444417283,3.2604420030688943,2018,2,8,34022,Kortrijk,Normaal,Droog,Dag,met lichtgewonden,9,personenauto,3,Fiets,Buiten Kruispunt,Gewestweg,binnen bebouwde kom,Tss. 2 best.: langs opzij (voor-/achterkant-flank),Geen hindernis
6289,143,Eco Display Classic Budastraat,Kortrijk,50.83066,3.26286,0.8201114690590482,50.8234444417283,3.2604420030688943,2018,2,8,34022,Kortrijk,Normaal,Droog,Dag,met lichtgewonden,9,personenauto,3,Fiets,Buiten Kruispunt,Gewestweg,binnen bebouwde kom,Tss. 2 best.: langs opzij (voor-/achterkant-flank),Geen hindernis
6289,16,Kortrijk 1,Kortrijk,50.83332,3.27777,1.6392218932076765,50.8234444417283,3.2604420030688943,2018,2,8,34022,Kortrijk,Normaal,Droog,Dag,met lichtgewonden,9,personenauto,3,Fiets,Buiten Kruispunt,Gewestweg,binnen bebouwde kom,Tss. 2 best.: langs opzij (voor-/achterkant-flank),Geen hindernis
6289,17,Kortrijk 2,Kortrijk,50.83339,3.27773,1.64236746902932,50.8234444417283,3.2604420030688943,2018,2,8,34022,Kortrijk,Normaal,Droog,Dag,met lichtgewonden,9,personenauto,3,Fiets,Buiten Kruispunt,Gewestweg,binnen bebouwde kom,Tss. 2 best.: langs opzij (voor-/achterkant-flank),Geen hindernis
6291,17,Kortrijk 2,Kortrijk,50.83339,3.27773,2.4445571440580074,50.854999443092034,3.2841331691332445,2018,2,13,34023,Kuurne,Normaal,Droog,Dag,met lichtgewonden,2,Andere weggebruiker,3,Fiets,Buiten Kruispunt,Gemeenteweg,binnen bebouwde kom,Tussen 2 bestuurders: Langs achteren,Geen hindernis
6291,16,Kortrijk 1,Kortrijk,50.83332,3.27777,2.451695160698499,50.854999443092034,3.2841331691332445,2018,2,13,34023,Kuurne,Normaal,Droog,Dag,met lichtgewonden,2,Andere weggebruiker,3,Fiets,Buiten Kruispunt,Gemeenteweg,binnen bebouwde kom,Tussen 2 bestuurders: Langs achteren,Geen hindernis
6297,16,Kortrijk 1,Kortrijk,50.83332,3.27777,2.410230623001594,50.83833011984071,3.311162349137148,2018,2,19,34013,Harelbeke,Regenval,"Nat, plassen","Nacht, openbare verlichting aanwezig en ontstoken",met lichtgewonden,9,personenauto,3,Fiets,Buiten Kruispunt,Gemeenteweg,binnen bebouwde kom,Tss. 2 best.: langs opzij (voor-/achterkant-flank),Geen hindernis
6297,17,Kortrijk 2,Kortrijk,50.83339,3.27773,2.411176735089161,50.83833011984071,3.311162349137148,2018,2,19,34013,Harelbeke,Regenval,"Nat, plassen","Nacht, openbare verlichting aanwezig en ontstoken",met lichtgewonden,9,personenauto,3,Fiets,Buiten Kruispunt,Gemeenteweg,binnen bebouwde kom,Tss. 2 best.: langs opzij (voor-/achterkant-flank),Geen hindernis
6300,62,Wervik teller 1,Wervik,50.8058,3.09154,2.1397779094911895,50.80160378192939,3.0618231984858926,2018,2,8,33029,Wervik,Normaal,Droog,Dag,met lichtgewonden,9,personenauto,3,Fiets,Op Kruispunt,Gewestweg,buiten bebouwde kom,Tss. 2 best.: langs opzij (voor-/achterkant-flank),Geen hindernis
6300,61,Wervik teller 2,Wervik,50.80555,3.0921,2.1724210629850775,50.80160378192939,3.0618231984858926,2018,2,8,33029,Wervik,Normaal,Droog,Dag,met lichtgewonden,9,personenauto,3,Fiets,Op Kruispunt,Gewestweg,buiten bebouwde kom,Tss. 2 best.: langs opzij (voor-/achterkant-flank),Geen hindernis
6301,67,Ieper totem,Ieper,50.85018,2.85624,1.3364965055712918,50.855174503835784,2.873557087178116,2018,2,10,33011,Ieper,Normaal,Droog,Dag,met lichtgewonden,9,personenauto,3,Fiets,Op Kruispunt,Gewestweg,binnen bebouwde kom,Tss. 2 best.: langs opzij (voor-/achterkant-flank),Geen hindernis
6301,68,Ieper,Ieper,50.85032,2.85608,1.34037451103881,50.855174503835784,2.873557087178116,2018,2,10,33011,Ieper,Normaal,Droog,Dag,met lichtgewonden,9,personenauto,3,Fiets,Op Kruispunt,Gewestweg,binnen bebouwde kom,Tss. 2 best.: langs opzij (voor-/achterkant-flank),Geen hindernis
6302,67,Ieper totem,Ieper,50.85018,2.85624,1.3744451669572486,50.852488407062424,2.87547419791329,2018,2,8,33011,Ieper,Normaal,Droog,Dageraad - schemering,met lichtgewonden,9,personenauto,3,Fiets,Buiten Kruispunt,Gewestweg,binnen bebouwde kom,Tss. 2 best.: langs opzij (voor-/achterkant-flank),Geen hindernis
6302,68,Ieper,Ieper,50.85032,2.85608,1.3826798598025831,50.852488407062424,2.87547419791329,2018,2,8,33011,Ieper,Normaal,Droog,Dageraad - schemering,met lichtgewonden,9,personenauto,3,Fiets,Buiten Kruispunt,Gewestweg,binnen bebouwde kom,Tss. 2 best.: langs opzij (voor-/achterkant-flank),Geen hindernis
6306,41,Maasmechelen teller 1,Maasmechelen,50.97025,5.69799,0.030783648186253128,50.96999401387289,5.697822591285061,2018,2,9,73107,Maasmechelen,Normaal,Droog,Dag,met lichtgewonden,9,personenauto,3,Fiets,Op Kruispunt,Gewestweg,binnen bebouwde kom,Tss. 2 best.: langs opzij (voor-/achterkant-flank),Geen hindernis
6306,42,Maasmechelen teller 2,Maasmechelen,50.97043,5.6981,0.052226217022887544,50.96999401387289,5.697822591285061,2018,2,9,73107,Maasmechelen,Normaal,Droog,Dag,met lichtgewonden,9,personenauto,3,Fiets,Op Kruispunt,Gewestweg,binnen bebouwde kom,Tss. 2 best.: langs opzij (voor-/achterkant-flank),Geen hindernis
6308,124,Beveren teller 2,Beveren,51.1964712,4.2361077,2.021595839266957,51.211450975504384,4.252550983906836,2018,2,16,46003,Beveren,Normaal,Droog,Dag,met lichtgewonden,3,Fiets,1,Autobus,Op Kruispunt,Gewestweg,binnen bebouwde kom,Tss. 2 best.: langs opzij (voor-/achterkant-flank),Geen hindernis
6311,99,Mechelen teller 1,Mechelen,51.04564,4.46882,1.4593133883951581,51.03321129209516,4.475523075892456,2018,2,13,12025,Mechelen,Normaal,Droog,Dag,met lichtgewonden,3,Fiets,9,personenauto,Op Kruispunt,Gemeenteweg,binnen bebouwde kom,Tss. 2 best.: langs opzij (voor-/achterkant-flank),Geen hindernis
6311,100,Mechelen teller 2,Mechelen,51.0457,4.46883,1.46540970851517,51.03321129209516,4.475523075892456,2018,2,13,12025,Mechelen,Normaal,Droog,Dag,met lichtgewonden,3,Fiets,9,personenauto,Op Kruispunt,Gemeenteweg,binnen bebouwde kom,Tss. 2 best.: langs opzij (voor-/achterkant-flank),Geen hindernis
6312,99,Mechelen teller 1,Mechelen,51.04564,4.46882,1.9589717026059497,51.028046669118595,4.470285695889525,2018,2,19,12025,Mechelen,Normaal,Droog,"Nacht, openbare verlichting aanwezig en ontstoken",met lichtgewonden,9,personenauto,3,Fiets,Op Kruispunt,Gewestweg,binnen bebouwde kom,Tss. 2 best.: langs opzij (voor-/achterkant-flank),Geen hindernis
6312,100,Mechelen teller 2,Mechelen,51.0457,4.46883,1.9655979581365253,51.028046669118595,4.470285695889525,2018,2,19,12025,Mechelen,Normaal,Droog,"Nacht, openbare verlichting aanwezig en ontstoken",met lichtgewonden,9,personenauto,3,Fiets,Op Kruispunt,Gewestweg,binnen bebouwde kom,Tss. 2 best.: langs opzij (voor-/achterkant-flank),Geen hindernis
6314,99,Mechelen teller 1,Mechelen,51.04564,4.46882,1.4593133883951581,51.03321129209516,4.475523075892456,2018,2,19,12025,Mechelen,Normaal,Droog,"Nacht, openbare verlichting aanwezig en ontstoken",met lichtgewonden,9,personenauto,3,Fiets,Op Kruispunt,Gemeenteweg,binnen bebouwde kom,Tss. 2 best.: langs opzij (voor-/achterkant-flank),Geen hindernis
6314,100,Mechelen teller 2,Mechelen,51.0457,4.46883,1.46540970851517,51.03321129209516,4.475523075892456,2018,2,19,12025,Mechelen,Normaal,Droog,"Nacht, openbare verlichting aanwezig en ontstoken",met lichtgewonden,9,personenauto,3,Fiets,Op Kruispunt,Gemeenteweg,binnen bebouwde kom,Tss. 2 best.: langs opzij (voor-/achterkant-flank),Geen hindernis
6315,99,Mechelen teller 1,Mechelen,51.04564,4.46882,1.9456421137918627,51.02815749618429,4.469974857941733,2018,2,8,12025,Mechelen,Normaal,Droog,Dag,met lichtgewonden,9,personenauto,3,Fiets,Buiten Kruispunt,Gewestweg,buiten bebouwde kom,Tss. 2 best.: langs opzij (voor-/achterkant-flank),Geen hindernis
6315,100,Mechelen teller 2,Mechelen,51.0457,4.46883,1.9522792832193274,51.02815749618429,4.469974857941733,2018,2,8,12025,Mechelen,Normaal,Droog,Dag,met lichtgewonden,9,personenauto,3,Fiets,Buiten Kruispunt,Gewestweg,buiten bebouwde kom,Tss. 2 best.: langs opzij (voor-/achterkant-flank),Geen hindernis
6317,99,Mechelen teller 1,Mechelen,51.04564,4.46882,1.1895092567938843,51.035285235283965,4.473092134241349,2018,2,13,12025,Mechelen,Normaal,Droog,Dag,met lichtgewonden,3,Fiets,9,personenauto,Op Kruispunt,Gewestweg,binnen bebouwde kom,Tss. 2 best.: langs opzij (voor-/achterkant-flank),Geen hindernis
6317,100,Mechelen teller 2,Mechelen,51.0457,4.46883,1.1957938930879146,51.035285235283965,4.473092134241349,2018,2,13,12025,Mechelen,Normaal,Droog,Dag,met lichtgewonden,3,Fiets,9,personenauto,Op Kruispunt,Gewestweg,binnen bebouwde kom,Tss. 2 best.: langs opzij (voor-/achterkant-flank),Geen hindernis
6320,140,Hasselt ring,Hasselt,50.9300038,5.3438616,1.0952268323929781,50.93233450110369,5.328677418727915,2018,2,17,71022,Hasselt,Normaal,Proper,Dag,met lichtgewonden,3,Fiets,3,Fiets,Buiten Kruispunt,Gemeenteweg,binnen bebouwde kom,Tussen 2 bestuurders: Frontale botsing,Geen hindernis
6320,138,Hasselt-Kempische brug,Hasselt,50.9405318,5.3422472,1.3171917669736855,50.93233450110369,5.328677418727915,2018,2,17,71022,Hasselt,Normaal,Proper,Dag,met lichtgewonden,3,Fiets,3,Fiets,Buiten Kruispunt,Gemeenteweg,binnen bebouwde kom,Tussen 2 bestuurders: Frontale botsing,Geen hindernis
6320,137,Hasselt-Kempische brug,Hasselt,50.9411605,5.3417576,1.3428494188509614,50.93233450110369,5.328677418727915,2018,2,17,71022,Hasselt,Normaal,Proper,Dag,met lichtgewonden,3,Fiets,3,Fiets,Buiten Kruispunt,Gemeenteweg,binnen bebouwde kom,Tussen 2 bestuurders: Frontale botsing,Geen hindernis
6321,140,Hasselt ring,Hasselt,50.9300038,5.3438616,1.0180023045233342,50.93199710870984,5.329684051788119,2018,2,8,71022,Hasselt,Normaal,Droog,Dag,met lichtgewonden,9,personenauto,3,Fiets,Buiten Kruispunt,Gemeenteweg,binnen bebouwde kom,Tss. 2 best.: langs opzij (voor-/achterkant-flank),Geen hindernis
6321,138,Hasselt-Kempische brug,Hasselt,50.9405318,5.3422472,1.2944610478186631,50.93199710870984,5.329684051788119,2018,2,8,71022,Hasselt,Normaal,Droog,Dag,met lichtgewonden,9,personenauto,3,Fiets,Buiten Kruispunt,Gemeenteweg,binnen bebouwde kom,Tss. 2 best.: langs opzij (voor-/achterkant-flank),Geen hindernis
6321,137,Hasselt-Kempische brug,Hasselt,50.9411605,5.3417576,1.3243739883943286,50.93199710870984,5.329684051788119,2018,2,8,71022,Hasselt,Normaal,Droog,Dag,met lichtgewonden,9,personenauto,3,Fiets,Buiten Kruispunt,Gemeenteweg,binnen bebouwde kom,Tss. 2 best.: langs opzij (voor-/achterkant-flank),Geen hindernis
6399,3,Brasschaat 1,Brasschaat,51.27503,4.47222,2.182914686038357,51.29236261969611,4.486957977250896,2018,3,8,11008,Brasschaat,Normaal,Droog,Dag,met lichtgewonden,3,Fiets,9,personenauto,Op Kruispunt,Gemeenteweg,binnen bebouwde kom,Tss. 2 best.: langs opzij (voor-/achterkant-flank),Geen hindernis
6399,2,Brasschaat 2,Brasschaat,51.27512,4.47169,2.191703189747997,51.29236261969611,4.486957977250896,2018,3,8,11008,Brasschaat,Normaal,Droog,Dag,met lichtgewonden,3,Fiets,9,personenauto,Op Kruispunt,Gemeenteweg,binnen bebouwde kom,Tss. 2 best.: langs opzij (voor-/achterkant-flank),Geen hindernis
6400,3,Brasschaat 1,Brasschaat,51.27503,4.47222,0.03381275850024138,51.27532918503637,4.472306913804035,2018,3,17,11008,Brasschaat,Normaal,Droog,Dag,met lichtgewonden,9,personenauto,3,Fiets,Buiten Kruispunt,Gewestweg,buiten bebouwde kom,Tss. 2 best.: langs opzij (voor-/achterkant-flank),Geen hindernis
6400,2,Brasschaat 2,Brasschaat,51.27512,4.47169,0.048811856872344676,51.27532918503637,4.472306913804035,2018,3,17,11008,Brasschaat,Normaal,Droog,Dag,met lichtgewonden,9,personenauto,3,Fiets,Buiten Kruispunt,Gewestweg,buiten bebouwde kom,Tss. 2 best.: langs opzij (voor-/achterkant-flank),Geen hindernis
6414,2,Brasschaat 2,Brasschaat,51.27512,4.47169,2.4839556228030997,51.254200172649234,4.459169182647597,2018,3,7,11002,Antwerpen,Onbekend,Onbekend,Dag,met lichtgewonden,3,Fiets,9,personenauto,Op Kruispunt,Gewestweg,buiten bebouwde kom,Tss. 2 best.: langs opzij (voor-/achterkant-flank),Geen hindernis
6414,3,Brasschaat 1,Brasschaat,51.27503,4.47222,2.4878079897504892,51.254200172649234,4.459169182647597,2018,3,7,11002,Antwerpen,Onbekend,Onbekend,Dag,met lichtgewonden,3,Fiets,9,personenauto,Op Kruispunt,Gewestweg,buiten bebouwde kom,Tss. 2 best.: langs opzij (voor-/achterkant-flank),Geen hindernis
6421,92,Nijlen teller 1,Nijlen,51.14989,4.64479,1.3876836411922844,51.14041701382882,4.631839591040283,2018,3,11,12026,Nijlen,Normaal,Droog,Dag,met lichtgewonden,9,personenauto,3,Fiets,Op Kruispunt,Gewestweg,binnen bebouwde kom,Tss. 2 best.: langs opzij (voor-/achterkant-flank),Geen hindernis
6421,93,Nijlen teller 2,Nijlen,51.14998,4.64469,1.3907883210143466,51.14041701382882,4.631839591040283,2018,3,11,12026,Nijlen,Normaal,Droog,Dag,met lichtgewonden,9,personenauto,3,Fiets,Op Kruispunt,Gewestweg,binnen bebouwde kom,Tss. 2 best.: langs opzij (voor-/achterkant-flank),Geen hindernis
6422,92,Nijlen teller 1,Nijlen,51.14989,4.64479,1.6681202670092288,51.138914983043776,4.628487533625674,2018,3,9,12026,Nijlen,Normaal,Droog,Dag,met lichtgewonden,4,Vrachtwagen,3,Fiets,Buiten Kruispunt,Gewestweg,binnen bebouwde kom,Tss. 2 best.: langs opzij (voor-/achterkant-flank),Geen hindernis
6422,93,Nijlen teller 2,Nijlen,51.14998,4.64469,1.6707275618693895,51.138914983043776,4.628487533625674,2018,3,9,12026,Nijlen,Normaal,Droog,Dag,met lichtgewonden,4,Vrachtwagen,3,Fiets,Buiten Kruispunt,Gewestweg,binnen bebouwde kom,Tss. 2 best.: langs opzij (voor-/achterkant-flank),Geen hindernis
6433,112,Geel teller 2,Westerlo,51.1354992,4.9394789,2.460682180987751,51.13321114260569,4.90440165277475,2018,3,12,13049,Westerlo,Normaal,Onbekend,Dag,met lichtgewonden,3,Fiets,9,personenauto,Op Kruispunt,Gemeenteweg,buiten bebouwde kom,Tussen 2 bestuurders: Flank tegen flank,Geen hindernis
6433,127,Geel totem,Westerlo,51.1342966,4.9400421,2.4897506516725336,51.13321114260569,4.90440165277475,2018,3,12,13049,Westerlo,Normaal,Onbekend,Dag,met lichtgewonden,3,Fiets,9,personenauto,Op Kruispunt,Gemeenteweg,buiten bebouwde kom,Tussen 2 bestuurders: Flank tegen flank,Geen hindernis
6437,5,Balen 2,Balen,51.16018,5.19003,1.4103789638051656,51.16754848313377,5.173566763192673,2018,2,16,13003,Balen,Normaal,Droog,Dag,met lichtgewonden,3,Fiets,11,een weggebruiker tegen een hindernis,Op Kruispunt,Gewestweg,buiten bebouwde kom,Weggebruiker tegen hindernis buiten rijbaan,Buiten de rijbaan: Muur gebouw
6437,4,Balen 1,Balen,51.16023,5.19011,1.4117104924533537,51.16754848313377,5.173566763192673,2018,2,16,13003,Balen,Normaal,Droog,Dag,met lichtgewonden,3,Fiets,11,een weggebruiker tegen een hindernis,Op Kruispunt,Gewestweg,buiten bebouwde kom,Weggebruiker tegen hindernis buiten rijbaan,Buiten de rijbaan: Muur gebouw
6440,94,Herentals teller 2,Herentals,51.17345,4.81283,1.2468352675654855,51.16474295957863,4.8240981774901055,2018,3,16,13011,Herentals,Normaal,Droog,Dag,met lichtgewonden,3,Fiets,9,personenauto,Buiten Kruispunt,Gemeenteweg,buiten bebouwde kom,Tussen 2 bestuurders: Langs achteren,Geen hindernis
6440,110,Herentals totem,Herentals,51.1739426,4.811783,1.3355463456515486,51.16474295957863,4.8240981774901055,2018,3,16,13011,Herentals,Normaal,Droog,Dag,met lichtgewonden,3,Fiets,9,personenauto,Buiten Kruispunt,Gemeenteweg,buiten bebouwde kom,Tussen 2 bestuurders: Langs achteren,Geen hindernis
6442,37,Lommel teller 1,Lommel,51.23299,5.29211,1.766552472677374,51.228040455219656,5.3162182364862245,2018,3,16,72020,Lommel,Normaal,Droog,Dag,met lichtgewonden,9,personenauto,3,Fiets,Op Kruispunt,Gewestweg,binnen bebouwde kom,Tss. 2 best.: langs opzij (voor-/achterkant-flank),Geen hindernis
6442,38,Lommel teller 2,Lommel,51.23277,5.29189,1.7737122957713072,51.228040455219656,5.3162182364862245,2018,3,16,72020,Lommel,Normaal,Droog,Dag,met lichtgewonden,9,personenauto,3,Fiets,Op Kruispunt,Gewestweg,binnen bebouwde kom,Tss. 2 best.: langs opzij (voor-/achterkant-flank),Geen hindernis
6443,38,Lommel teller 2,Lommel,51.23277,5.29189,1.8466180927937281,51.22361819308528,5.314019242971468,2018,3,11,72020,Lommel,Normaal,Droog,Dag,met zwaargewonden,5,Lichte vrachtauto,3,Fiets,Buiten Kruispunt,Gewestweg,binnen bebouwde kom,Tussen 2 bestuurders: Langs achteren,Geen hindernis
6443,37,Lommel teller 1,Lommel,51.23299,5.29211,1.847538333319345,51.22361819308528,5.314019242971468,2018,3,11,72020,Lommel,Normaal,Droog,Dag,met zwaargewonden,5,Lichte vrachtauto,3,Fiets,Buiten Kruispunt,Gewestweg,binnen bebouwde kom,Tussen 2 bestuurders: Langs achteren,Geen hindernis