crash_row_id,site_id,site_name,site_gemeente,site_lat,site_long,distance_km,crash_lat,crash_long,DT_YEAR_COLLISION,DT_MONTH_COLLISION,DT_TIME,CD_NIS,TX_MUNTY_COLLISION_NL,TX_WEATHER_NL,TX_ROAD_CONDITION_NL,TX_LIGHT_CONDITION_NL,TX_CLASS_ACCIDENTS_NL,CD_ROAD_USR_TYPE1,TX_ROAD_USR_TYPE1_NL,CD_ROAD_USR_TYPE2,TX_ROAD_USR_TYPE2_NL,TX_CROSSWAY_NL,CD_ROAD_TYPE_NL,TX_BUILD_UP_AREA_NL,TX_COLLISION_TYPE_NL,TX_OBSTACLES_NL
6444,37,Lommel teller 1,Lommel,51.23299,5.29211,2.1509828609965664,51.231201801652,5.322870836555431,2018,3,16,72020,Lommel,Normaal,Droog,Dag,dodelijk gewonden,9,personenauto,3,Fiets,Buiten Kruispunt,Gemeenteweg,buiten bebouwde kom,Tussen 2 bestuurders: Langs achteren,Geen hindernis
6444,38,Lommel teller 2,Lommel,51.23277,5.29189,2.164132384589355,51.231201801652,5.322870836555431,2018,3,16,72020,Lommel,Normaal,Droog,Dag,dodelijk gewonden,9,personenauto,3,Fiets,Buiten Kruispunt,Gemeenteweg,buiten bebouwde kom,Tussen 2 bestuurders: Langs achteren,Geen hindernis
6445,37,Lommel teller 1,Lommel,51.23299,5.29211,1.1569890685069064,51.22815099020438,5.3068202130371445,2018,3,16,72020,Lommel,Normaal,Droog,Dag,met lichtgewonden,9,personenauto,3,Fiets,Buiten Kruispunt,Gemeenteweg,binnen bebouwde kom,Tss. 2 best.: langs opzij (voor-/achterkant-flank),Geen hindernis
6445,38,Lommel teller 2,Lommel,51.23277,5.29189,1.1595327334265728,51.22815099020438,5.3068202130371445,2018,3,16,72020,Lommel,Normaal,Droog,Dag,met lichtgewonden,9,personenauto,3,Fiets,Buiten Kruispunt,Gemeenteweg,binnen bebouwde kom,Tss. 2 best.: langs opzij (voor-/achterkant-flank),Geen hindernis
6447,46,Pelt teller 2,Pelt,51.231,5.44375,1.0505497809127113,51.22631467176903,5.430648714221541,2018,3,16,72043,Pelt,Normaal,Droog,Dag,met lichtgewonden,9,personenauto,3,Fiets,Buiten Kruispunt,Gewestweg,binnen bebouwde kom,Tss. 2 best.: langs opzij (voor-/achterkant-flank),Geen hindernis
6447,45,Pelt teller 1,Pelt,51.23127,5.44377,1.0669474288117897,51.22631467176903,5.430648714221541,2018,3,16,72043,Pelt,Normaal,Droog,Dag,met lichtgewonden,9,personenauto,3,Fiets,Buiten Kruispunt,Gewestweg,binnen bebouwde kom,Tss. 2 best.: langs opzij (voor-/achterkant-flank),Geen hindernis
6450,46,Pelt teller 2,Pelt,51.231,5.44375,0.9156826100406181,51.22738971523184,5.431930662665715,2018,3,17,72043,Pelt,Onbekend,Droog,Onbekend,met lichtgewonden,5,Lichte vrachtauto,3,Fiets,Buiten Kruispunt,Gewestweg,binnen bebouwde kom,Tss. 2 best.: langs opzij (voor-/achterkant-flank),Geen hindernis
6450,45,Pelt teller 1,Pelt,51.23127,5.44377,0.9304682014965476,51.22738971523184,5.431930662665715,2018,3,17,72043,Pelt,Onbekend,Droog,Onbekend,met lichtgewonden,5,Lichte vrachtauto,3,Fiets,Buiten Kruispunt,Gewestweg,binnen bebouwde kom,Tss. 2 best.: langs opzij (voor-/achterkant-flank),Geen hindernis
6458,39,Peer teller 1,Peer,51.13425,5.47817,1.9512613387466355,51.13281877146494,5.450298376017533,2018,3,13,72030,Peer,Normaal,Droog,Dag,met lichtgewonden,3,Fiets,9,personenauto,Op Kruispunt,Gewestweg,binnen bebouwde kom,Tussen 2 bestuurders: Flank tegen flank,Geen hindernis
6458,40,Peer teller 2,Peer,51.13438,5.47892,2.004620545312484,51.13281877146494,5.450298376017533,2018,3,13,72030,Peer,Normaal,Droog,Dag,met lichtgewonden,3,Fiets,9,personenauto,Op Kruispunt,Gewestweg,binnen bebouwde kom,Tussen 2 bestuurders: Flank tegen flank,Geen hindernis
6461,21,Bilzen,Bilzen,50.86015,5.50161,1.129603806293413,50.86865861663384,5.510403587951086,2018,3,13,73006,Bilzen,Normaal,Droog,Dag,met lichtgewonden,9,personenauto,3,Fiets,Op Kruispunt,Gewestweg,binnen bebouwde kom,Tss. 2 best.: langs opzij (voor-/achterkant-flank),Geen hindernis
6462,44,Maaseik teller 2,Maaseik,51.09359,5.79726,0.9203222329517821,51.09957814419486,5.788162054735941,2018,3,12,72021,Maaseik,Normaal,"Nat, plassen",Dag,met lichtgewonden,3,Fiets,9,personenauto,Op Kruispunt,Gemeenteweg,binnen bebouwde kom,Tss. 2 best.: langs opzij (voor-/achterkant-flank),Geen hindernis
6462,43,Maaseik teller 1,Maaseik,51.09344,5.79715,0.9272447687046307,51.09957814419486,5.788162054735941,2018,3,12,72021,Maaseik,Normaal,"Nat, plassen",Dag,met lichtgewonden,3,Fiets,9,personenauto,Op Kruispunt,Gemeenteweg,binnen bebouwde kom,Tss. 2 best.: langs opzij (voor-/achterkant-flank),Geen hindernis
6465,25,Bree,Bree,51.13679500160176,5.597669323604317,0.4627839857770631,51.13873385641971,5.591799987098714,2018,3,11,72004,Bree,Normaal,Droog,Dag,met lichtgewonden,9,personenauto,3,Fiets,Op Kruispunt,Gewestweg,buiten bebouwde kom,Tss. 2 best.: langs opzij (voor-/achterkant-flank),Geen hindernis
6466,139,Houthalen-Helchteren,Houthalen-Helchteren,51.0644267,5.3819796,0.921847799188986,51.05784420483396,5.3899987312896265,2018,3,12,72039,Houthalen-Helchteren,Normaal,Droog,Dag,met lichtgewonden,3,Fiets,5,Lichte vrachtauto,Buiten Kruispunt,Gewestweg,binnen bebouwde kom,Tss. 2 best.: langs opzij (voor-/achterkant-flank),Geen hindernis
6468,151,Leuven,District Leuven,50.8690262,4.6854839,0.5656245924932845,50.87258556382317,4.6912424387553235,2018,3,8,24062,Leuven,Normaal,Droog,Dag,met lichtgewonden,3,Fiets,3,Fiets,Op Kruispunt,Gemeenteweg,binnen bebouwde kom,Tussen 2 bestuurders: Frontale botsing,Geen hindernis
6468,69,Leuven teller 1,Leuven,50.87549,4.71526,1.7159080373743394,50.87258556382317,4.6912424387553235,2018,3,8,24062,Leuven,Normaal,Droog,Dag,met lichtgewonden,3,Fiets,3,Fiets,Op Kruispunt,Gemeenteweg,binnen bebouwde kom,Tussen 2 bestuurders: Frontale botsing,Geen hindernis
6468,77,Leuven teller 2,Leuven,50.88672,4.70796,1.9610760200689061,50.87258556382317,4.6912424387553235,2018,3,8,24062,Leuven,Normaal,Droog,Dag,met lichtgewonden,3,Fiets,3,Fiets,Op Kruispunt,Gemeenteweg,binnen bebouwde kom,Tussen 2 bestuurders: Frontale botsing,Geen hindernis
6468,107,leuven totem,Leuven,50.8870744,4.7087919,2.027695472820535,50.87258556382317,4.6912424387553235,2018,3,8,24062,Leuven,Normaal,Droog,Dag,met lichtgewonden,3,Fiets,3,Fiets,Op Kruispunt,Gemeenteweg,binnen bebouwde kom,Tussen 2 bestuurders: Frontale botsing,Geen hindernis
6469,77,Leuven teller 2,Leuven,50.88672,4.70796,0.2101108636833756,50.88814502973595,4.705992996467997,2018,3,20,24062,Leuven,Normaal,Droog,"Nacht, openbare verlichting aanwezig en ontstoken",met zwaargewonden,6,Bromfiets,3,Fiets,Buiten Kruispunt,Gemeenteweg,buiten bebouwde kom,Tss. 2 best.: langs opzij (voor-/achterkant-flank),Geen hindernis
6469,107,leuven totem,Leuven,50.8870744,4.7087919,0.22960715920757105,50.88814502973595,4.705992996467997,2018,3,20,24062,Leuven,Normaal,Droog,"Nacht, openbare verlichting aanwezig en ontstoken",met zwaargewonden,6,Bromfiets,3,Fiets,Buiten Kruispunt,Gemeenteweg,buiten bebouwde kom,Tss. 2 best.: langs opzij (voor-/achterkant-flank),Geen hindernis
6469,69,Leuven teller 1,Leuven,50.87549,4.71526,1.5501001219737687,50.88814502973595,4.705992996467997,2018,3,20,24062,Leuven,Normaal,Droog,"Nacht, openbare verlichting aanwezig en ontstoken",met zwaargewonden,6,Bromfiets,3,Fiets,Buiten Kruispunt,Gemeenteweg,buiten bebouwde kom,Tss. 2 best.: langs opzij (voor-/achterkant-flank),Geen hindernis
6470,107,leuven totem,Leuven,50.8870744,4.7087919,1.3486265251722036,50.89736130036096,4.698606201731288,2018,3,17,24062,Leuven,Onbekend,Onbekend,Dag,met lichtgewonden,9,personenauto,3,Fiets,Buiten Kruispunt,Gemeenteweg,binnen bebouwde kom,Tussen 2 bestuurders: Langs achteren,Geen hindernis
6470,77,Leuven teller 2,Leuven,50.88672,4.70796,1.3529726931020216,50.89736130036096,4.698606201731288,2018,3,17,24062,Leuven,Onbekend,Onbekend,Dag,met lichtgewonden,9,personenauto,3,Fiets,Buiten Kruispunt,Gemeenteweg,binnen bebouwde kom,Tussen 2 bestuurders: Langs achteren,Geen hindernis
6471,69,Leuven teller 1,Leuven,50.87549,4.71526,0.30006071091347664,50.87559500412066,4.710986724096674,2018,3,6,24062,Leuven,Regenval,"Nat, plassen",Dageraad - schemering,met zwaargewonden,9,personenauto,3,Fiets,Op Kruispunt,Gemeenteweg,binnen bebouwde kom,Tss. 2 best.: langs opzij (voor-/achterkant-flank),Geen hindernis
6471,77,Leuven teller 2,Leuven,50.88672,4.70796,1.255135665226417,50.87559500412066,4.710986724096674,2018,3,6,24062,Leuven,Regenval,"Nat, plassen",Dageraad - schemering,met zwaargewonden,9,personenauto,3,Fiets,Op Kruispunt,Gemeenteweg,binnen bebouwde kom,Tss. 2 best.: langs opzij (voor-/achterkant-flank),Geen hindernis
6471,107,leuven totem,Leuven,50.8870744,4.7087919,1.2857044737121406,50.87559500412066,4.710986724096674,2018,3,6,24062,Leuven,Regenval,"Nat, plassen",Dageraad - schemering,met zwaargewonden,9,personenauto,3,Fiets,Op Kruispunt,Gemeenteweg,binnen bebouwde kom,Tss. 2 best.: langs opzij (voor-/achterkant-flank),Geen hindernis
6471,151,Leuven,District Leuven,50.8690262,4.6854839,1.9328493136235765,50.87559500412066,4.710986724096674,2018,3,6,24062,Leuven,Regenval,"Nat, plassen",Dageraad - schemering,met zwaargewonden,9,personenauto,3,Fiets,Op Kruispunt,Gemeenteweg,binnen bebouwde kom,Tss. 2 best.: langs opzij (voor-/achterkant-flank),Geen hindernis
6472,151,Leuven,District Leuven,50.8690262,4.6854839,0.8412034833893326,50.8667912821072,4.696935882976363,2018,3,2,24062,Leuven,Normaal,Onbekend,"Nacht, openbare verlichting aanwezig en ontstoken",met lichtgewonden,3,Fiets,8,Voetganger,Buiten Kruispunt,Gewestweg,binnen bebouwde kom,Met een voetganger,Geen hindernis
6472,69,Leuven teller 1,Leuven,50.87549,4.71526,1.6090168654648582,50.8667912821072,4.696935882976363,2018,3,2,24062,Leuven,Normaal,Onbekend,"Nacht, openbare verlichting aanwezig en ontstoken",met lichtgewonden,3,Fiets,8,Voetganger,Buiten Kruispunt,Gewestweg,binnen bebouwde kom,Met een voetganger,Geen hindernis
6472,108,Heverlee teller 1,Leuven,50.8471728,4.6954674,2.183909559935449,50.8667912821072,4.696935882976363,2018,3,2,24062,Leuven,Normaal,Onbekend,"Nacht, openbare verlichting aanwezig en ontstoken",met lichtgewonden,3,Fiets,8,Voetganger,Buiten Kruispunt,Gewestweg,binnen bebouwde kom,Met een voetganger,Geen hindernis
6472,76,Heverlee teller 2,Leuven,50.84606,4.69597,2.306210194185091,50.8667912821072,4.696935882976363,2018,3,2,24062,Leuven,Normaal,Onbekend,"Nacht, openbare verlichting aanwezig en ontstoken",met lichtgewonden,3,Fiets,8,Voetganger,Buiten Kruispunt,Gewestweg,binnen bebouwde kom,Met een voetganger,Geen hindernis
6472,77,Leuven teller 2,Leuven,50.88672,4.70796,2.347085795283471,50.8667912821072,4.696935882976363,2018,3,2,24062,Leuven,Normaal,Onbekend,"Nacht, openbare verlichting aanwezig en ontstoken",met lichtgewonden,3,Fiets,8,Voetganger,Buiten Kruispunt,Gewestweg,binnen bebouwde kom,Met een voetganger,Geen hindernis
6472,107,leuven totem,Leuven,50.8870744,4.7087919,2.4038952645463647,50.8667912821072,4.696935882976363,2018,3,2,24062,Leuven,Normaal,Onbekend,"Nacht, openbare verlichting aanwezig en ontstoken",met lichtgewonden,3,Fiets,8,Voetganger,Buiten Kruispunt,Gewestweg,binnen bebouwde kom,Met een voetganger,Geen hindernis
6473,77,Leuven teller 2,Leuven,50.88672,4.70796,1.1774773500374816,50.8806057592624,4.694256053053574,2018,3,18,24062,Leuven,Normaal,"Nat, plassen",Dageraad - schemering,met zwaargewonden,6,Bromfiets,3,Fiets,Op Kruispunt,Gemeenteweg,binnen bebouwde kom,Tussen 2 bestuurders: Flank tegen flank,Geen hindernis
6473,107,leuven totem,Leuven,50.8870744,4.7087919,1.2478776063617842,50.8806057592624,4.694256053053574,2018,3,18,24062,Leuven,Normaal,"Nat, plassen",Dageraad - schemering,met zwaargewonden,6,Bromfiets,3,Fiets,Op Kruispunt,Gemeenteweg,binnen bebouwde kom,Tussen 2 bestuurders: Flank tegen flank,Geen hindernis
6473,151,Leuven,District Leuven,50.8690262,4.6854839,1.4271407896962984,50.8806057592624,4.694256053053574,2018,3,18,24062,Leuven,Normaal,"Nat, plassen",Dageraad - schemering,met zwaargewonden,6,Bromfiets,3,Fiets,Op Kruispunt,Gemeenteweg,binnen bebouwde kom,Tussen 2 bestuurders: Flank tegen flank,Geen hindernis
6473,69,Leuven teller 1,Leuven,50.87549,4.71526,1.57963742090169,50.8806057592624,4.694256053053574,2018,3,18,24062,Leuven,Normaal,"Nat, plassen",Dageraad - schemering,met zwaargewonden,6,Bromfiets,3,Fiets,Op Kruispunt,Gemeenteweg,binnen bebouwde kom,Tussen 2 bestuurders: Flank tegen flank,Geen hindernis
6474,69,Leuven teller 1,Leuven,50.87549,4.71526,0.3966929411369908,50.87230794722024,4.71270378459339,2018,3,9,24062,Leuven,Normaal,Droog,Dag,met lichtgewonden,9,personenauto,3,Fiets,Op Kruispunt,Gewestweg,binnen bebouwde kom,Tussen 2 bestuurders: Frontale botsing,Geen hindernis
6474,77,Leuven teller 2,Leuven,50.88672,4.70796,1.6367422965442477,50.87230794722024,4.71270378459339,2018,3,9,24062,Leuven,Normaal,Droog,Dag,met lichtgewonden,9,personenauto,3,Fiets,Op Kruispunt,Gewestweg,binnen bebouwde kom,Tussen 2 bestuurders: Frontale botsing,Geen hindernis
6474,107,leuven totem,Leuven,50.8870744,4.7087919,1.6647339013647702,50.87230794722024,4.71270378459339,2018,3,9,24062,Leuven,Normaal,Droog,Dag,met lichtgewonden,9,personenauto,3,Fiets,Op Kruispunt,Gewestweg,binnen bebouwde kom,Tussen 2 bestuurders: Frontale botsing,Geen hindernis
6474,151,Leuven,District Leuven,50.8690262,4.6854839,1.9446223232355666,50.87230794722024,4.71270378459339,2018,3,9,24062,Leuven,Normaal,Droog,Dag,met lichtgewonden,9,personenauto,3,Fiets,Op Kruispunt,Gewestweg,binnen bebouwde kom,Tussen 2 bestuurders: Frontale botsing,Geen hindernis
6475,69,Leuven teller 1,Leuven,50.87549,4.71526,0.5437378623668421,50.879467460638445,4.710751867038243,2018,3,2,24062,Leuven,Normaal,Droog,"Nacht, openbare verlichting aanwezig en ontstoken",met lichtgewonden,3,Fiets,9,personenauto,Buiten Kruispunt,Gemeenteweg,binnen bebouwde kom,Tss. 2 best.: langs opzij (voor-/achterkant-flank),Geen hindernis
6475,77,Leuven teller 2,Leuven,50.88672,4.70796,0.8298886801246799,50.879467460638445,4.710751867038243,2018,3,2,24062,Leuven,Normaal,Droog,"Nacht, openbare verlichting aanwezig en ontstoken",met lichtgewonden,3,Fiets,9,personenauto,Buiten Kruispunt,Gemeenteweg,binnen bebouwde kom,Tss. 2 best.: langs opzij (voor-/achterkant-flank),Geen hindernis
6475,107,leuven totem,Leuven,50.8870744,4.7087919,0.8569556955785298,50.879467460638445,4.710751867038243,2018,3,2,24062,Leuven,Normaal,Droog,"Nacht, openbare verlichting aanwezig en ontstoken",met lichtgewonden,3,Fiets,9,personenauto,Buiten Kruispunt,Gemeenteweg,binnen bebouwde kom,Tss. 2 best.: langs opzij (voor-/achterkant-flank),Geen hindernis
6475,151,Leuven,District Leuven,50.8690262,4.6854839,2.1192878578940606,50.879467460638445,4.710751867038243,2018,3,2,24062,Leuven,Normaal,Droog,"Nacht, openbare verlichting aanwezig en ontstoken",met lichtgewonden,3,Fiets,9,personenauto,Buiten Kruispunt,Gemeenteweg,binnen bebouwde kom,Tss. 2 best.: langs opzij (voor-/achterkant-flank),Geen hindernis
6476,69,Leuven teller 1,Leuven,50.87549,4.71526,1.5593933855450066,50.868913534263335,4.7348880852644575,2018,3,16,24062,Leuven,Normaal,Droog,Dag,met lichtgewonden,9,personenauto,3,Fiets,Buiten Kruispunt,Gewestweg,binnen bebouwde kom,Tss. 2 best.: langs opzij (voor-/achterkant-flank),Geen hindernis
6477,102,Diest teller 2,Diest,50.9779,5.04474,2.321148340379924,50.96150104016573,5.024229694024985,2018,3,20,24008,Bekkevoort,Regenval,"Nat, plassen","Nacht, openbare verlichting aanwezig en ontstoken",met lichtgewonden,3,Fiets,9,personenauto,Op Kruispunt,Gewestweg,buiten bebouwde kom,Tss. 2 best.: langs opzij (voor-/achterkant-flank),Geen hindernis
6477,101,Diest teller 1,Diest,50.97799,5.04481,2.3320433505506384,50.96150104016573,5.024229694024985,2018,3,20,24008,Bekkevoort,Regenval,"Nat, plassen","Nacht, openbare verlichting aanwezig en ontstoken",met lichtgewonden,3,Fiets,9,personenauto,Op Kruispunt,Gewestweg,buiten bebouwde kom,Tss. 2 best.: langs opzij (voor-/achterkant-flank),Geen hindernis
6480,77,Leuven teller 2,Leuven,50.88672,4.70796,0.8157264772844892,50.88001565446184,4.703239706213277,2018,3,8,24062,Leuven,Onbekend,Onbekend,Onbekend,met lichtgewonden,3,Fiets,3,Fiets,Op Kruispunt,Gemeenteweg,binnen bebouwde kom,Tss. 2 best.: langs opzij (voor-/achterkant-flank),Geen hindernis
6480,107,leuven totem,Leuven,50.8870744,4.7087919,0.8762272962180324,50.88001565446184,4.703239706213277,2018,3,8,24062,Leuven,Onbekend,Onbekend,Onbekend,met lichtgewonden,3,Fiets,3,Fiets,Op Kruispunt,Gemeenteweg,binnen bebouwde kom,Tss. 2 best.: langs opzij (voor-/achterkant-flank),Geen hindernis
6480,69,Leuven teller 1,Leuven,50.87549,4.71526,0.9820888190952155,50.88001565446184,4.703239706213277,2018,3,8,24062,Leuven,Onbekend,Onbekend,Onbekend,met lichtgewonden,3,Fiets,3,Fiets,Op Kruispunt,Gemeenteweg,binnen bebouwde kom,Tss. 2 best.: langs opzij (voor-/achterkant-flank),Geen hindernis
6480,151,Leuven,District Leuven,50.8690262,4.6854839,1.7451018517518377,50.88001565446184,4.703239706213277,2018,3,8,24062,Leuven,Onbekend,Onbekend,Onbekend,met lichtgewonden,3,Fiets,3,Fiets,Op Kruispunt,Gemeenteweg,binnen bebouwde kom,Tss. 2 best.: langs opzij (voor-/achterkant-flank),Geen hindernis
6481,23,Tienen 3,Tienen,50.81324,4.93447,0.45173793630825954,50.80919498332195,4.9338728580358895,2018,3,17,24107,Tienen,Normaal,"Nat, plassen",Dag,met lichtgewonden,9,personenauto,3,Fiets,Buiten Kruispunt,Gemeenteweg,binnen bebouwde kom,Tussen 2 bestuurders: Frontale botsing,Geen hindernis
6481,24,Tienen 1,Tienen,50.8133795491886,4.935044252605416,0.4725254967877279,50.80919498332195,4.9338728580358895,2018,3,17,24107,Tienen,Normaal,"Nat, plassen",Dag,met lichtgewonden,9,personenauto,3,Fiets,Buiten Kruispunt,Gemeenteweg,binnen bebouwde kom,Tussen 2 bestuurders: Frontale botsing,Geen hindernis
6481,22,Tienen 2,Tienen,50.81330800184882,4.935984252796022,0.4808053240656536,50.80919498332195,4.9338728580358895,2018,3,17,24107,Tienen,Normaal,"Nat, plassen",Dag,met lichtgewonden,9,personenauto,3,Fiets,Buiten Kruispunt,Gemeenteweg,binnen bebouwde kom,Tussen 2 bestuurders: Frontale botsing,Geen hindernis
6482,22,Tienen 2,Tienen,50.81330800184882,4.935984252796022,0.497610732700632,50.812533462324325,4.942959883421372,2018,3,9,24107,Tienen,Regenval,"Nat, plassen",Dag,met lichtgewonden,9,personenauto,3,Fiets,Op Kruispunt,Gewestweg,binnen bebouwde kom,Tss. 2 best.: langs opzij (voor-/achterkant-flank),Geen hindernis
6482,24,Tienen 1,Tienen,50.8133795491886,4.935044252605416,0.5640455002609006,50.812533462324325,4.942959883421372,2018,3,9,24107,Tienen,Regenval,"Nat, plassen",Dag,met lichtgewonden,9,personenauto,3,Fiets,Op Kruispunt,Gewestweg,binnen bebouwde kom,Tss. 2 best.: langs opzij (voor-/achterkant-flank),Geen hindernis
6482,23,Tienen 3,Tienen,50.81324,4.93447,0.601642823601391,50.812533462324325,4.942959883421372,2018,3,9,24107,Tienen,Regenval,"Nat, plassen",Dag,met lichtgewonden,9,personenauto,3,Fiets,Op Kruispunt,Gewestweg,binnen bebouwde kom,Tss. 2 best.: langs opzij (voor-/achterkant-flank),Geen hindernis
6483,22,Tienen 2,Tienen,50.81330800184882,4.935984252796022,0.6954962758180155,50.80892765941461,4.943050170070925,2018,3,17,24107,Tienen,Onbekend,Droog,Dag,met lichtgewonden,9,personenauto,3,Fiets,Op Kruispunt,Gemeenteweg,binnen bebouwde kom,Tss. 2 best.: langs opzij (voor-/achterkant-flank),Geen hindernis
6483,24,Tienen 1,Tienen,50.8133795491886,4.935044252605416,0.7493122572705302,50.80892765941461,4.943050170070925,2018,3,17,24107,Tienen,Onbekend,Droog,Dag,met lichtgewonden,9,personenauto,3,Fiets,Op Kruispunt,Gemeenteweg,binnen bebouwde kom,Tss. 2 best.: langs opzij (voor-/achterkant-flank),Geen hindernis
6483,23,Tienen 3,Tienen,50.81324,4.93447,0.770303851605706,50.80892765941461,4.943050170070925,2018,3,17,24107,Tienen,Onbekend,Droog,Dag,met lichtgewonden,9,personenauto,3,Fiets,Op Kruispunt,Gemeenteweg,binnen bebouwde kom,Tss. 2 best.: langs opzij (voor-/achterkant-flank),Geen hindernis
6484,87,Aarschot,Aarschot,50.99084,4.81259,1.306166949821957,50.98334564271777,4.826959192550076,2018,3,9,24001,Aarschot,Normaal,Proper,Dag,met lichtgewonden,3,Fiets,3,Fiets,Buiten Kruispunt,Gemeenteweg,binnen bebouwde kom,Tussen 2 bestuurders: Frontale botsing,Geen hindernis
6485,101,Diest teller 1,Diest,50.97799,5.04481,0.8867444773852015,50.983295031404204,5.054267337583823,2018,3,15,24020,Diest,Normaal,Droog,Dag,met lichtgewonden,9,personenauto,3,Fiets,Op Kruispunt,Gemeenteweg,binnen bebouwde kom,Tss. 2 best.: langs opzij (voor-/achterkant-flank),Geen hindernis
6485,102,Diest teller 2,Diest,50.9779,5.04474,0.8970710516291792,50.983295031404204,5.054267337583823,2018,3,15,24020,Diest,Normaal,Droog,Dag,met lichtgewonden,9,personenauto,3,Fiets,Op Kruispunt,Gemeenteweg,binnen bebouwde kom,Tss. 2 best.: langs opzij (voor-/achterkant-flank),Geen hindernis
6490,27,Grimbergen,Meise,50.92127,4.34013,2.2428054190505105,50.9088352982826,4.36531918339323,2018,3,8,23025,Grimbergen,Normaal,Droog,Dag,met lichtgewonden,5,Lichte vrachtauto,3,Fiets,Op Kruispunt,Gewestweg,binnen bebouwde kom,Tussen 2 bestuurders: Flank tegen flank,Geen hindernis
6491,27,Grimbergen,Meise,50.92127,4.34013,2.112441908729016,50.93505716428947,4.360866332557223,2018,3,7,23025,Grimbergen,"Andere (dikke rook,...)","Ijzel, sneeuw",Dag,met lichtgewonden,3,Fiets,10,"één bestuurder, geen hindernis",Buiten Kruispunt,Gemeenteweg,binnen bebouwde kom,"Eén bestuurder, geen hindernis (incl. val)",Geen hindernis
6492,47,Vilvoorde,Vilvoorde,50.91372,4.41497,1.6216846746573672,50.927072255010536,4.42427589619019,2018,3,17,23088,Vilvoorde,Normaal,Droog,Dageraad - schemering,met lichtgewonden,3,Fiets,6,Bromfiets,Buiten Kruispunt,Gewestweg,binnen bebouwde kom,Tss. 2 best.: langs opzij (voor-/achterkant-flank),Geen hindernis
6493,1,Machelen,Machelen,50.91618331151478,4.456121776137429,1.9444172373483408,50.92660684074413,4.433849233966838,2018,3,7,23088,Vilvoorde,Normaal,"Nat, plassen",Dageraad - schemering,met lichtgewonden,9,personenauto,3,Fiets,Op Kruispunt,Gewestweg,binnen bebouwde kom,Tussen 2 bestuurders: Frontale botsing,Geen hindernis
6493,47,Vilvoorde,Vilvoorde,50.91372,4.41497,1.9505657458028334,50.92660684074413,4.433849233966838,2018,3,7,23088,Vilvoorde,Normaal,"Nat, plassen",Dageraad - schemering,met lichtgewonden,9,personenauto,3,Fiets,Op Kruispunt,Gewestweg,binnen bebouwde kom,Tussen 2 bestuurders: Frontale botsing,Geen hindernis
6495,1,Machelen,Machelen,50.91618331151478,4.456121776137429,1.3230851530032148,50.923582622922055,4.441340301221879,2018,3,7,23088,Vilvoorde,Normaal,Droog,Dag,met lichtgewonden,3,Fiets,9,personenauto,Op Kruispunt,Gewestweg,buiten bebouwde kom,Tss. 2 best.: langs opzij (voor-/achterkant-flank),Geen hindernis
6495,47,Vilvoorde,Vilvoorde,50.91372,4.41497,2.149382709981046,50.923582622922055,4.441340301221879,2018,3,7,23088,Vilvoorde,Normaal,Droog,Dag,met lichtgewonden,3,Fiets,9,personenauto,Op Kruispunt,Gewestweg,buiten bebouwde kom,Tss. 2 best.: langs opzij (voor-/achterkant-flank),Geen hindernis
6496,109,Zemst,Zemst,50.9903936,4.4707023,1.8284134058692856,50.97647949222392,4.456783620559538,2018,3,15,23096,Zemst,Normaal,Droog,Dag,met lichtgewonden,3,Fiets,9,personenauto,Buiten Kruispunt,Gewestweg,buiten bebouwde kom,Tss. 2 best.: langs opzij (voor-/achterkant-flank),Geen hindernis
6499,7,Evergem 1,Evergem,51.1089,3.70317,2.2827458235741056,51.09273792683009,3.7233283216021213,2018,3,16,44021,Gent,Normaal,Droog,Dag,met lichtgewonden,9,personenauto,3,Fiets,Buiten Kruispunt,Gewestweg,binnen bebouwde kom,Tussen 2 bestuurders: Flank tegen flank,Geen hindernis
6499,6,Evergem 2,Evergem,51.10894,3.70298,2.294440367137913,51.09273792683009,3.7233283216021213,2018,3,16,44021,Gent,Normaal,Droog,Dag,met lichtgewonden,9,personenauto,3,Fiets,Buiten Kruispunt,Gewestweg,binnen bebouwde kom,Tussen 2 bestuurders: Flank tegen flank,Geen hindernis
6504,136,Gent R4,Gent,51.0876313,3.7587918,0.9980035600638713,51.07879259349861,3.756308994978834,2018,3,17,44021,Gent,Normaal,Droog,Dag,met lichtgewonden,3,Fiets,3,Fiets,Buiten Kruispunt,Gemeenteweg,binnen bebouwde kom,Tss. 2 best.: langs opzij (voor-/achterkant-flank),Geen hindernis
6505,118,Gent teller 1,Gent,51.028049,3.7681359,1.2050711580950422,51.03482085823443,3.7546817383139985,2018,3,20,44021,Gent,Normaal,Onbekend,"Nacht, openbare verlichting aanwezig en ontstoken",met lichtgewonden,9,personenauto,3,Fiets,Op Kruispunt,Gewestweg,buiten bebouwde kom,Tussen 2 bestuurders: Langs achteren,Geen hindernis
6505,119,Gent teller 2,Gent,51.0281795,3.7683918,1.2101835940714012,51.03482085823443,3.7546817383139985,2018,3,20,44021,Gent,Normaal,Onbekend,"Nacht, openbare verlichting aanwezig en ontstoken",met lichtgewonden,9,personenauto,3,Fiets,Op Kruispunt,Gewestweg,buiten bebouwde kom,Tussen 2 bestuurders: Langs achteren,Geen hindernis