crash_row_id,site_id,site_name,site_gemeente,site_lat,site_long,distance_km,crash_lat,crash_long,DT_YEAR_COLLISION,DT_MONTH_COLLISION,DT_TIME,CD_NIS,TX_MUNTY_COLLISION_NL,TX_WEATHER_NL,TX_ROAD_CONDITION_NL,TX_LIGHT_CONDITION_NL,TX_CLASS_ACCIDENTS_NL,CD_ROAD_USR_TYPE1,TX_ROAD_USR_TYPE1_NL,CD_ROAD_USR_TYPE2,TX_ROAD_USR_TYPE2_NL,TX_CROSSWAY_NL,CD_ROAD_TYPE_NL,TX_BUILD_UP_AREA_NL,TX_COLLISION_TYPE_NL,TX_OBSTACLES_NL
6506,136,Gent R4,Gent,51.0876313,3.7587918,2.323952008503858,51.086702082513895,3.725552038786685,2018,3,17,44021,Gent,Normaal,Droog,Dag,met lichtgewonden,9,personenauto,3,Fiets,Buiten Kruispunt,Gewestweg,buiten bebouwde kom,Tussen 2 bestuurders: Langs achteren,Geen hindernis
6507,13,Gent,Gent,51.03018,3.70146,2.0674635856617107,51.04381290883528,3.7215661797232045,2018,3,12,44021,Gent,Normaal,Droog,Dag,met lichtgewonden,3,Fiets,2,Andere weggebruiker,Op Kruispunt,Gemeenteweg,binnen bebouwde kom,Tss. 2 best.: langs opzij (voor-/achterkant-flank),Geen hindernis
6510,13,Gent,Gent,51.03018,3.70146,1.3309777683591177,51.04167932599639,3.7067440532017883,2018,3,11,44021,Gent,Normaal,"Nat, plassen",Dag,met lichtgewonden,3,Fiets,9,personenauto,Op Kruispunt,Gemeenteweg,binnen bebouwde kom,Tussen 2 bestuurders: Flank tegen flank,Geen hindernis
6511,13,Gent,Gent,51.03018,3.70146,1.9936353361053352,51.03532541768169,3.7287706300879213,2018,3,7,44021,Gent,Normaal,Droog,Dageraad - schemering,met zwaargewonden,3,Fiets,8,Voetganger,Buiten Kruispunt,Gemeenteweg,binnen bebouwde kom,Met een voetganger,Geen hindernis
6513,13,Gent,Gent,51.03018,3.70146,2.2606983076973344,51.02663817660694,3.7332916907559395,2018,3,16,44021,Gent,Normaal,Droog,Dag,met lichtgewonden,9,personenauto,3,Fiets,Buiten Kruispunt,Gemeenteweg,binnen bebouwde kom,Tussen 2 bestuurders: Langs achteren,Geen hindernis
6513,118,Gent teller 1,Gent,51.028049,3.7681359,2.4419084708574172,51.02663817660694,3.7332916907559395,2018,3,16,44021,Gent,Normaal,Droog,Dag,met lichtgewonden,9,personenauto,3,Fiets,Buiten Kruispunt,Gemeenteweg,binnen bebouwde kom,Tussen 2 bestuurders: Langs achteren,Geen hindernis
6513,119,Gent teller 2,Gent,51.0281795,3.7683918,2.46073301543997,51.02663817660694,3.7332916907559395,2018,3,16,44021,Gent,Normaal,Droog,Dag,met lichtgewonden,9,personenauto,3,Fiets,Buiten Kruispunt,Gemeenteweg,binnen bebouwde kom,Tussen 2 bestuurders: Langs achteren,Geen hindernis
6514,13,Gent,Gent,51.03018,3.70146,2.3631917333576316,51.05059405613447,3.710861313313177,2018,3,16,44021,Gent,Regenval,"Nat, plassen",Dag,met lichtgewonden,5,Lichte vrachtauto,3,Fiets,Op Kruispunt,Gemeenteweg,binnen bebouwde kom,Tss. 2 best.: langs opzij (voor-/achterkant-flank),Geen hindernis
6515,13,Gent,Gent,51.03018,3.70146,1.9653433363494184,51.04743111475116,3.695342625297971,2018,3,20,44021,Gent,Normaal,Droog,"Nacht, geen openbare verlichting aanwezig",met lichtgewonden,3,Fiets,9,personenauto,Buiten Kruispunt,Gemeenteweg,binnen bebouwde kom,Tss. 2 best.: langs opzij (voor-/achterkant-flank),Geen hindernis
6516,136,Gent R4,Gent,51.0876313,3.7587918,2.4413910914092223,51.06618682522931,3.76629094309246,2018,3,16,44021,Gent,Normaal,Droog,Dag,met lichtgewonden,3,Fiets,10,"één bestuurder, geen hindernis",Op Kruispunt,Gewestweg,buiten bebouwde kom,"Eén bestuurder, geen hindernis (incl. val)",Geen hindernis
6517,13,Gent,Gent,51.03018,3.70146,0.9947197386388202,51.039107589963066,3.700554541147557,2018,3,8,44021,Gent,Normaal,Droog,Dag,met lichtgewonden,3,Fiets,9,personenauto,Op Kruispunt,Gemeenteweg,binnen bebouwde kom,Tss. 2 best.: langs opzij (voor-/achterkant-flank),Geen hindernis
6518,13,Gent,Gent,51.03018,3.70146,2.4565593239431514,51.01047386904316,3.717336536029353,2018,3,17,44021,Gent,Normaal,Proper,Dag,met lichtgewonden,9,personenauto,3,Fiets,Op Kruispunt,Gemeenteweg,binnen bebouwde kom,Tss. 2 best.: langs opzij (voor-/achterkant-flank),Geen hindernis
6519,118,Gent teller 1,Gent,51.028049,3.7681359,1.838919018289409,51.032912644577934,3.743002697414814,2018,3,17,44021,Gent,Normaal,Droog,Dag,met lichtgewonden,9,personenauto,3,Fiets,Op Kruispunt,Gewestweg,binnen bebouwde kom,Tss. 2 best.: langs opzij (voor-/achterkant-flank),Geen hindernis
6519,119,Gent teller 2,Gent,51.0281795,3.7683918,1.8518519113909737,51.032912644577934,3.743002697414814,2018,3,17,44021,Gent,Normaal,Droog,Dag,met lichtgewonden,9,personenauto,3,Fiets,Op Kruispunt,Gewestweg,binnen bebouwde kom,Tss. 2 best.: langs opzij (voor-/achterkant-flank),Geen hindernis
6520,13,Gent,Gent,51.03018,3.70146,1.3862860663796066,51.01874928591543,3.709372477092704,2018,3,15,44021,Gent,Regenval,"Nat, plassen",Dag,met lichtgewonden,9,personenauto,3,Fiets,Buiten Kruispunt,Gewestweg,buiten bebouwde kom,Tss. 2 best.: langs opzij (voor-/achterkant-flank),Geen hindernis
6521,119,Gent teller 2,Gent,51.0281795,3.7683918,1.6949856972240382,51.043319821911936,3.771205700707537,2018,3,18,44021,Gent,Normaal,Droog,Dag,met lichtgewonden,3,Fiets,9,personenauto,Buiten Kruispunt,Gemeenteweg,binnen bebouwde kom,Tss. 2 best.: langs opzij (voor-/achterkant-flank),Geen hindernis
6521,118,Gent teller 1,Gent,51.028049,3.7681359,1.7115512833861242,51.043319821911936,3.771205700707537,2018,3,18,44021,Gent,Normaal,Droog,Dag,met lichtgewonden,3,Fiets,9,personenauto,Buiten Kruispunt,Gemeenteweg,binnen bebouwde kom,Tss. 2 best.: langs opzij (voor-/achterkant-flank),Geen hindernis
6522,119,Gent teller 2,Gent,51.0281795,3.7683918,1.9633401527486263,51.04393286254831,3.7557103898503037,2018,3,17,44021,Gent,Regenval,"Nat, plassen",Dag,met lichtgewonden,9,personenauto,3,Fiets,Op Kruispunt,Gemeenteweg,binnen bebouwde kom,Tss. 2 best.: langs opzij (voor-/achterkant-flank),Geen hindernis
6522,118,Gent teller 1,Gent,51.028049,3.7681359,1.9683348907401328,51.04393286254831,3.7557103898503037,2018,3,17,44021,Gent,Regenval,"Nat, plassen",Dag,met lichtgewonden,9,personenauto,3,Fiets,Op Kruispunt,Gemeenteweg,binnen bebouwde kom,Tss. 2 best.: langs opzij (voor-/achterkant-flank),Geen hindernis
6523,13,Gent,Gent,51.03018,3.70146,2.4600833838978393,51.04841313379108,3.7213889014002177,2018,3,1,44021,Gent,Normaal,"Nat, plassen","Nacht, openbare verlichting aanwezig en ontstoken",met lichtgewonden,3,Fiets,10,"één bestuurder, geen hindernis",Buiten Kruispunt,Gemeenteweg,binnen bebouwde kom,"Eén bestuurder, geen hindernis (incl. val)",Geen hindernis
6524,13,Gent,Gent,51.03018,3.70146,1.6327419798026908,51.044844452719914,3.7026521710371796,2018,3,9,44021,Gent,Onbekend,Onbekend,Dag,met lichtgewonden,9,personenauto,3,Fiets,Op Kruispunt,Gemeenteweg,buiten bebouwde kom,Tss. 2 best.: langs opzij (voor-/achterkant-flank),Geen hindernis
6526,13,Gent,Gent,51.03018,3.70146,2.497431828593504,51.01817027696222,3.671285792619468,2018,3,21,44021,Gent,Regenval,"Nat, plassen","Nacht, openbare verlichting aanwezig en ontstoken",met lichtgewonden,3,Fiets,9,personenauto,Op Kruispunt,Gewestweg,binnen bebouwde kom,Tussen 2 bestuurders: Frontale botsing,Geen hindernis
6527,13,Gent,Gent,51.03018,3.70146,2.256967551368409,51.04980125368322,3.7097224729798097,2018,3,18,44021,Gent,Onbekend,Onbekend,Dag,met lichtgewonden,8,Voetganger,3,Fiets,Buiten Kruispunt,Gemeenteweg,binnen bebouwde kom,Met een voetganger,Geen hindernis
6540,116,Melle teller 2,Melle,50.9986113,3.8040599,1.7572049567009018,50.99262759118232,3.8272990714046564,2018,3,8,44040,Melle,Normaal,Droog,Dag,met lichtgewonden,3,Fiets,9,personenauto,Op Kruispunt,Gewestweg,buiten bebouwde kom,Tss. 2 best.: langs opzij (voor-/achterkant-flank),Geen hindernis
6540,117,Melle teller 1,Melle,50.9986113,3.8040599,1.7572049567009018,50.99262759118232,3.8272990714046564,2018,3,8,44040,Melle,Normaal,Droog,Dag,met lichtgewonden,3,Fiets,9,personenauto,Op Kruispunt,Gewestweg,buiten bebouwde kom,Tss. 2 best.: langs opzij (voor-/achterkant-flank),Geen hindernis
6543,113,Deinze teller 2,Deinze,50.96018,3.55578,1.7763530998428576,50.97048548931668,3.5363979665008345,2018,3,8,44083,Deinze,Regenval,"Nat, plassen",Dag,met lichtgewonden,3,Fiets,9,personenauto,Op Kruispunt,Gewestweg,binnen bebouwde kom,Tussen 2 bestuurders: Frontale botsing,Geen hindernis
6543,114,Deinze teller 1,Nazareth,50.9598305,3.555502,1.7870509094132239,50.97048548931668,3.5363979665008345,2018,3,8,44083,Deinze,Regenval,"Nat, plassen",Dag,met lichtgewonden,3,Fiets,9,personenauto,Op Kruispunt,Gewestweg,binnen bebouwde kom,Tussen 2 bestuurders: Frontale botsing,Geen hindernis
6544,6,Evergem 2,Evergem,51.10894,3.70298,2.3962295891070218,51.12263820406591,3.676479085381923,2018,3,13,44019,Evergem,Normaal,Droog,Dag,met zwaargewonden,9,personenauto,3,Fiets,Op Kruispunt,Gewestweg,binnen bebouwde kom,Tussen 2 bestuurders: Frontale botsing,Geen hindernis
6544,7,Evergem 1,Evergem,51.1089,3.70317,2.4093009401570407,51.12263820406591,3.676479085381923,2018,3,13,44019,Evergem,Normaal,Droog,Dag,met zwaargewonden,9,personenauto,3,Fiets,Op Kruispunt,Gewestweg,binnen bebouwde kom,Tussen 2 bestuurders: Frontale botsing,Geen hindernis
6545,7,Evergem 1,Evergem,51.1089,3.70317,0.6350507970549503,51.11366763252305,3.7081784353118925,2018,3,7,44019,Evergem,Normaal,Droog,"Nacht, openbare verlichting aanwezig en ontstoken",met lichtgewonden,3,Fiets,9,personenauto,Op Kruispunt,Gemeenteweg,binnen bebouwde kom,Tss. 2 best.: langs opzij (voor-/achterkant-flank),Geen hindernis
6545,6,Evergem 2,Evergem,51.10894,3.70298,0.6387833634572643,51.11366763252305,3.7081784353118925,2018,3,7,44019,Evergem,Normaal,Droog,"Nacht, openbare verlichting aanwezig en ontstoken",met lichtgewonden,3,Fiets,9,personenauto,Op Kruispunt,Gemeenteweg,binnen bebouwde kom,Tss. 2 best.: langs opzij (voor-/achterkant-flank),Geen hindernis
6573,128,Lokeren teller 1,Lokeren,51.09644,3.97023,1.478171145818763,51.109721878560464,3.969344481089236,2018,3,6,46014,Lokeren,Regenval,"Nat, plassen",Dageraad - schemering,met lichtgewonden,3,Fiets,9,personenauto,Op Kruispunt,Gewestweg,buiten bebouwde kom,Tss. 2 best.: langs opzij (voor-/achterkant-flank),Geen hindernis
6573,129,Lokeren teller 2,Lokeren,51.09612,3.97025,1.5137808036213456,51.109721878560464,3.969344481089236,2018,3,6,46014,Lokeren,Regenval,"Nat, plassen",Dageraad - schemering,met lichtgewonden,3,Fiets,9,personenauto,Op Kruispunt,Gewestweg,buiten bebouwde kom,Tss. 2 best.: langs opzij (voor-/achterkant-flank),Geen hindernis
6574,141,Test site A support,Lokeren,51.08342085,3.9961071208376326,0.40884002358239907,51.08279333758374,4.001874210807714,2018,3,5,46014,Lokeren,Regenval,"Nat, plassen","Nacht, openbare verlichting aanwezig en ontstoken",met lichtgewonden,3,Fiets,9,personenauto,Op Kruispunt,Gemeenteweg,buiten bebouwde kom,Tss. 2 best.: langs opzij (voor-/achterkant-flank),Geen hindernis
6575,128,Lokeren teller 1,Lokeren,51.09644,3.97023,1.9676996189759453,51.11251731418461,3.9820052130111807,2018,3,12,46014,Lokeren,Normaal,Droog,Dag,met lichtgewonden,3,Fiets,9,personenauto,Op Kruispunt,Gemeenteweg,binnen bebouwde kom,Tss. 2 best.: langs opzij (voor-/achterkant-flank),Geen hindernis
6575,129,Lokeren teller 2,Lokeren,51.09612,3.97025,1.9995101405840232,51.11251731418461,3.9820052130111807,2018,3,12,46014,Lokeren,Normaal,Droog,Dag,met lichtgewonden,3,Fiets,9,personenauto,Op Kruispunt,Gemeenteweg,binnen bebouwde kom,Tss. 2 best.: langs opzij (voor-/achterkant-flank),Geen hindernis
6576,141,Test site A support,Lokeren,51.08342085,3.9961071208376326,1.1555338969537725,51.093768274126745,3.9945769461497407,2018,3,12,46014,Lokeren,Normaal,Droog,Dag,met lichtgewonden,3,Fiets,3,Fiets,Buiten Kruispunt,Gemeenteweg,binnen bebouwde kom,Tss. 2 best.: langs opzij (voor-/achterkant-flank),Geen hindernis
6576,129,Lokeren teller 2,Lokeren,51.09612,3.97025,1.7188547934847909,51.093768274126745,3.9945769461497407,2018,3,12,46014,Lokeren,Normaal,Droog,Dag,met lichtgewonden,3,Fiets,3,Fiets,Buiten Kruispunt,Gemeenteweg,binnen bebouwde kom,Tss. 2 best.: langs opzij (voor-/achterkant-flank),Geen hindernis
6576,128,Lokeren teller 1,Lokeren,51.09644,3.97023,1.7259967899497322,51.093768274126745,3.9945769461497407,2018,3,12,46014,Lokeren,Normaal,Droog,Dag,met lichtgewonden,3,Fiets,3,Fiets,Buiten Kruispunt,Gemeenteweg,binnen bebouwde kom,Tss. 2 best.: langs opzij (voor-/achterkant-flank),Geen hindernis
6578,126,Hamme totem,Hamme,51.1017709,4.1469307,0.8587353645414633,51.09450649937138,4.142756943472156,2018,3,11,42008,Hamme,Normaal,Droog,Dag,met lichtgewonden,9,personenauto,3,Fiets,Op Kruispunt,Gewestweg,binnen bebouwde kom,Tss. 2 best.: langs opzij (voor-/achterkant-flank),Geen hindernis
6579,126,Hamme totem,Hamme,51.1017709,4.1469307,1.6270988048818271,51.08714364344962,4.146286479634908,2018,3,10,42008,Hamme,Normaal,Droog,Dag,met lichtgewonden,9,personenauto,3,Fiets,Buiten Kruispunt,Gemeenteweg,binnen bebouwde kom,Tss. 2 best.: langs opzij (voor-/achterkant-flank),Geen hindernis
6582,126,Hamme totem,Hamme,51.1017709,4.1469307,1.8849669593539466,51.09284175865476,4.16987600736504,2018,3,16,42008,Hamme,Normaal,Droog,Dag,met lichtgewonden,3,Fiets,8,Voetganger,Buiten Kruispunt,Gemeenteweg,buiten bebouwde kom,Met een voetganger,Geen hindernis
6584,126,Hamme totem,Hamme,51.1017709,4.1469307,0.7724041368292942,51.09520889474282,4.14330208488714,2018,3,8,42008,Hamme,Normaal,Droog,Dag,met lichtgewonden,9,personenauto,3,Fiets,Op Kruispunt,Gewestweg,binnen bebouwde kom,Tss. 2 best.: langs opzij (voor-/achterkant-flank),Geen hindernis
6585,120,Zele teller 1,Zele,51.0607671,4.0547741,1.7987259624934029,51.06559725383737,4.030208818058935,2018,3,13,42028,Zele,Normaal,Droog,Dag,met lichtgewonden,9,personenauto,3,Fiets,Op Kruispunt,Gewestweg,binnen bebouwde kom,Tss. 2 best.: langs opzij (voor-/achterkant-flank),Geen hindernis
6585,121,Zele teller 2,Zele,51.0604067,4.0556696,1.8705252672520927,51.06559725383737,4.030208818058935,2018,3,13,42028,Zele,Normaal,Droog,Dag,met lichtgewonden,9,personenauto,3,Fiets,Op Kruispunt,Gewestweg,binnen bebouwde kom,Tss. 2 best.: langs opzij (voor-/achterkant-flank),Geen hindernis
6586,120,Zele teller 1,Zele,51.0607671,4.0547741,1.5497642147435229,51.06927881405602,4.0372125556192895,2018,3,14,42028,Zele,Regenval,"Nat, plassen",Dag,met lichtgewonden,9,personenauto,3,Fiets,Buiten Kruispunt,Gemeenteweg,binnen bebouwde kom,Tussen 2 bestuurders: Langs achteren,Geen hindernis
6586,121,Zele teller 2,Zele,51.0604067,4.0556696,1.6238067920699553,51.06927881405602,4.0372125556192895,2018,3,14,42028,Zele,Regenval,"Nat, plassen",Dag,met lichtgewonden,9,personenauto,3,Fiets,Buiten Kruispunt,Gemeenteweg,binnen bebouwde kom,Tussen 2 bestuurders: Langs achteren,Geen hindernis
6587,120,Zele teller 1,Zele,51.0607671,4.0547741,1.6471878291387188,51.07219714354005,4.039779187632246,2018,3,16,42028,Zele,Normaal,"Nat, plassen",Dag,met lichtgewonden,3,Fiets,9,personenauto,Op Kruispunt,Gemeenteweg,binnen bebouwde kom,Tss. 2 best.: langs opzij (voor-/achterkant-flank),Geen hindernis
6587,121,Zele teller 2,Zele,51.0604067,4.0556696,1.7180678677829697,51.07219714354005,4.039779187632246,2018,3,16,42028,Zele,Normaal,"Nat, plassen",Dag,met lichtgewonden,3,Fiets,9,personenauto,Op Kruispunt,Gemeenteweg,binnen bebouwde kom,Tss. 2 best.: langs opzij (voor-/achterkant-flank),Geen hindernis
6588,120,Zele teller 1,Zele,51.0607671,4.0547741,1.9065073453503822,51.06475366789119,4.028240194000911,2018,3,12,42028,Zele,Normaal,Droog,Dag,met lichtgewonden,3,Fiets,9,personenauto,Buiten Kruispunt,Gemeenteweg,binnen bebouwde kom,Tss. 2 best.: langs opzij (voor-/achterkant-flank),Geen hindernis
6588,121,Zele teller 2,Zele,51.0604067,4.0556696,1.9768480471125194,51.06475366789119,4.028240194000911,2018,3,12,42028,Zele,Normaal,Droog,Dag,met lichtgewonden,3,Fiets,9,personenauto,Buiten Kruispunt,Gemeenteweg,binnen bebouwde kom,Tss. 2 best.: langs opzij (voor-/achterkant-flank),Geen hindernis
6589,120,Zele teller 1,Zele,51.0607671,4.0547741,0.34310993818841956,51.0633889973978,4.052185387422809,2018,3,19,42028,Zele,Onbekend,Onbekend,Onbekend,met lichtgewonden,3,Fiets,9,personenauto,Buiten Kruispunt,Gewestweg,buiten bebouwde kom,Tss. 2 best.: langs opzij (voor-/achterkant-flank),Geen hindernis
6589,121,Zele teller 2,Zele,51.0604067,4.0556696,0.41140837306119193,51.0633889973978,4.052185387422809,2018,3,19,42028,Zele,Onbekend,Onbekend,Onbekend,met lichtgewonden,3,Fiets,9,personenauto,Buiten Kruispunt,Gewestweg,buiten bebouwde kom,Tss. 2 best.: langs opzij (voor-/achterkant-flank),Geen hindernis
6602,10,Aalst 2,Aalst,50.93549,4.01571,0.925198627967203,50.94195453847502,4.024022897511023,2018,3,19,41002,Aalst,Normaal,Droog,"Nacht, openb. verlicht. aanw., maar niet ontstoken",met lichtgewonden,3,Fiets,9,personenauto,Buiten Kruispunt,Gemeenteweg,binnen bebouwde kom,Tss. 2 best.: langs opzij (voor-/achterkant-flank),Geen hindernis
6602,11,Aalst 3,Aalst,50.93385,4.01647,1.0450955075497068,50.94195453847502,4.024022897511023,2018,3,19,41002,Aalst,Normaal,Droog,"Nacht, openb. verlicht. aanw., maar niet ontstoken",met lichtgewonden,3,Fiets,9,personenauto,Buiten Kruispunt,Gemeenteweg,binnen bebouwde kom,Tss. 2 best.: langs opzij (voor-/achterkant-flank),Geen hindernis
6602,19,Aalst 1,Aalst,50.93433,4.01471,1.0698670028300057,50.94195453847502,4.024022897511023,2018,3,19,41002,Aalst,Normaal,Droog,"Nacht, openb. verlicht. aanw., maar niet ontstoken",met lichtgewonden,3,Fiets,9,personenauto,Buiten Kruispunt,Gemeenteweg,binnen bebouwde kom,Tss. 2 best.: langs opzij (voor-/achterkant-flank),Geen hindernis
6603,10,Aalst 2,Aalst,50.93549,4.01571,2.040295579745244,50.94101344448487,4.043477237617035,2018,3,16,41002,Aalst,Normaal,Droog,Dag,met lichtgewonden,3,Fiets,6,Bromfiets,Op Kruispunt,Gemeenteweg,binnen bebouwde kom,Tussen 2 bestuurders: Langs achteren,Geen hindernis
6603,11,Aalst 3,Aalst,50.93385,4.01647,2.053241383547028,50.94101344448487,4.043477237617035,2018,3,16,41002,Aalst,Normaal,Droog,Dag,met lichtgewonden,3,Fiets,6,Bromfiets,Op Kruispunt,Gemeenteweg,binnen bebouwde kom,Tussen 2 bestuurders: Langs achteren,Geen hindernis
6603,19,Aalst 1,Aalst,50.93433,4.01471,2.14838584871282,50.94101344448487,4.043477237617035,2018,3,16,41002,Aalst,Normaal,Droog,Dag,met lichtgewonden,3,Fiets,6,Bromfiets,Op Kruispunt,Gemeenteweg,binnen bebouwde kom,Tussen 2 bestuurders: Langs achteren,Geen hindernis
6604,10,Aalst 2,Aalst,50.93549,4.01571,1.2427629713512955,50.943139857382654,4.028640638450061,2018,3,18,41002,Aalst,Regenval,Onbekend,"Nacht, openbare verlichting aanwezig en ontstoken",met lichtgewonden,3,Fiets,9,personenauto,Op Kruispunt,Gemeenteweg,binnen bebouwde kom,Tussen 2 bestuurders: Frontale botsing,Geen hindernis
6604,11,Aalst 3,Aalst,50.93385,4.01647,1.3395220205802252,50.943139857382654,4.028640638450061,2018,3,18,41002,Aalst,Regenval,Onbekend,"Nacht, openbare verlichting aanwezig en ontstoken",met lichtgewonden,3,Fiets,9,personenauto,Op Kruispunt,Gemeenteweg,binnen bebouwde kom,Tussen 2 bestuurders: Frontale botsing,Geen hindernis
6604,19,Aalst 1,Aalst,50.93433,4.01471,1.3829090776135573,50.943139857382654,4.028640638450061,2018,3,18,41002,Aalst,Regenval,Onbekend,"Nacht, openbare verlichting aanwezig en ontstoken",met lichtgewonden,3,Fiets,9,personenauto,Op Kruispunt,Gemeenteweg,binnen bebouwde kom,Tussen 2 bestuurders: Frontale botsing,Geen hindernis
6605,11,Aalst 3,Aalst,50.93385,4.01647,1.842999796722168,50.931107307238605,4.042406315550961,2018,3,17,41002,Aalst,Normaal,Droog,Dag,met lichtgewonden,3,Fiets,9,personenauto,Buiten Kruispunt,Gemeenteweg,binnen bebouwde kom,Tss. 2 best.: langs opzij (voor-/achterkant-flank),Geen hindernis
6605,10,Aalst 2,Aalst,50.93549,4.01571,1.9332501979366874,50.931107307238605,4.042406315550961,2018,3,17,41002,Aalst,Normaal,Droog,Dag,met lichtgewonden,3,Fiets,9,personenauto,Buiten Kruispunt,Gemeenteweg,binnen bebouwde kom,Tss. 2 best.: langs opzij (voor-/achterkant-flank),Geen hindernis
6605,19,Aalst 1,Aalst,50.93433,4.01471,1.9737238515521274,50.931107307238605,4.042406315550961,2018,3,17,41002,Aalst,Normaal,Droog,Dag,met lichtgewonden,3,Fiets,9,personenauto,Buiten Kruispunt,Gemeenteweg,binnen bebouwde kom,Tss. 2 best.: langs opzij (voor-/achterkant-flank),Geen hindernis
6606,11,Aalst 3,Aalst,50.93385,4.01647,1.4605747417929156,50.9277183017246,4.034900934253906,2018,3,12,41002,Aalst,Normaal,Droog+Proper,Dag,met lichtgewonden,3,Fiets,5,Lichte vrachtauto,Op Kruispunt,Gewestweg,binnen bebouwde kom,Tss. 2 best.: langs opzij (voor-/achterkant-flank),Geen hindernis
6606,19,Aalst 1,Aalst,50.93433,4.01471,1.5945971483214647,50.9277183017246,4.034900934253906,2018,3,12,41002,Aalst,Normaal,Droog+Proper,Dag,met lichtgewonden,3,Fiets,5,Lichte vrachtauto,Op Kruispunt,Gewestweg,binnen bebouwde kom,Tss. 2 best.: langs opzij (voor-/achterkant-flank),Geen hindernis
6606,10,Aalst 2,Aalst,50.93549,4.01571,1.5986153661024356,50.9277183017246,4.034900934253906,2018,3,12,41002,Aalst,Normaal,Droog+Proper,Dag,met lichtgewonden,3,Fiets,5,Lichte vrachtauto,Op Kruispunt,Gewestweg,binnen bebouwde kom,Tss. 2 best.: langs opzij (voor-/achterkant-flank),Geen hindernis
6610,152,Opwijk,District Vilvoorde-gewestwegen,50.968901168564656,4.149169474840164,1.089697585533342,50.97810828686575,4.1438388349295225,2018,3,6,42011,Lebbeke,Normaal,Droog,"Nacht, openbare verlichting aanwezig en ontstoken",met zwaargewonden,6,Bromfiets,3,Fiets,Buiten Kruispunt,Gewestweg,buiten bebouwde kom,Tussen 2 bestuurders: Frontale botsing,Geen hindernis
6611,125,Dendermonde totem,Dendermonde,51.0372706,4.1025998,1.2613912301089545,51.025927628288485,4.102361237569604,2018,3,18,42006,Dendermonde,Normaal,Droog,Dag,met zwaargewonden,9,personenauto,3,Fiets,Buiten Kruispunt,Gewestweg,binnen bebouwde kom,Tussen 2 bestuurders: Frontale botsing,Geen hindernis
6611,122,Dendermonde teller 2,Dendermonde,51.0373918,4.1019222,1.2751273931956237,51.025927628288485,4.102361237569604,2018,3,18,42006,Dendermonde,Normaal,Droog,Dag,met zwaargewonden,9,personenauto,3,Fiets,Buiten Kruispunt,Gewestweg,binnen bebouwde kom,Tussen 2 bestuurders: Frontale botsing,Geen hindernis
6612,125,Dendermonde totem,Dendermonde,51.0372706,4.1025998,1.301869434780083,51.02821410668268,4.11439869276453,2018,3,15,42006,Dendermonde,Normaal,Droog,Dag,met lichtgewonden,3,Fiets,9,personenauto,Op Kruispunt,Gemeenteweg,binnen bebouwde kom,Tss. 2 best.: langs opzij (voor-/achterkant-flank),Geen hindernis
6612,122,Dendermonde teller 2,Dendermonde,51.0373918,4.1019222,1.3426172111039816,51.02821410668268,4.11439869276453,2018,3,15,42006,Dendermonde,Normaal,Droog,Dag,met lichtgewonden,3,Fiets,9,personenauto,Op Kruispunt,Gemeenteweg,binnen bebouwde kom,Tss. 2 best.: langs opzij (voor-/achterkant-flank),Geen hindernis
6613,53,Brugge teller 1,Brugge,51.23023,3.228,1.2218576323760835,51.223479171845106,3.214155156749184,2018,3,15,31005,Brugge,Normaal,Droog,Dag,met zwaargewonden,3,Fiets,9,personenauto,Buiten Kruispunt,Gemeenteweg,binnen bebouwde kom,Tss. 2 best.: langs opzij (voor-/achterkant-flank),Geen hindernis
6613,54,Brugge teller 2,Brugge,51.23015,3.22818,1.226371409259047,51.223479171845106,3.214155156749184,2018,3,15,31005,Brugge,Normaal,Droog,Dag,met zwaargewonden,3,Fiets,9,personenauto,Buiten Kruispunt,Gemeenteweg,binnen bebouwde kom,Tss. 2 best.: langs opzij (voor-/achterkant-flank),Geen hindernis
6613,52,Brugge,Brugge,51.22632,3.24095,1.8924753626196458,51.223479171845106,3.214155156749184,2018,3,15,31005,Brugge,Normaal,Droog,Dag,met zwaargewonden,3,Fiets,9,personenauto,Buiten Kruispunt,Gemeenteweg,binnen bebouwde kom,Tss. 2 best.: langs opzij (voor-/achterkant-flank),Geen hindernis
6613,142,TEST Validatie BRUGGE Y2H22022134,Brugge,51.22632,3.24095,1.8924753626196458,51.223479171845106,3.214155156749184,2018,3,15,31005,Brugge,Normaal,Droog,Dag,met zwaargewonden,3,Fiets,9,personenauto,Buiten Kruispunt,Gemeenteweg,binnen bebouwde kom,Tss. 2 best.: langs opzij (voor-/achterkant-flank),Geen hindernis
6618,51,"Brugge, Sint-Andries",Brugge,51.19281,3.16252,1.2687978075670128,51.18218754347619,3.1558715347526483,2018,3,13,31005,Brugge,Normaal,Droog,Dag,met lichtgewonden,9,personenauto,3,Fiets,Op Kruispunt,Gemeenteweg,buiten bebouwde kom,Tss. 2 best.: langs opzij (voor-/achterkant-flank),Geen hindernis
6618,50,"Brugge, Sint-Andries",Brugge,51.19291,3.16252,1.2791555520750157,51.18218754347619,3.1558715347526483,2018,3,13,31005,Brugge,Normaal,Droog,Dag,met lichtgewonden,9,personenauto,3,Fiets,Op Kruispunt,Gemeenteweg,buiten bebouwde kom,Tss. 2 best.: langs opzij (voor-/achterkant-flank),Geen hindernis