crash_row_id,site_id,site_name,site_gemeente,site_lat,site_long,distance_km,crash_lat,crash_long,DT_YEAR_COLLISION,DT_MONTH_COLLISION,DT_TIME,CD_NIS,TX_MUNTY_COLLISION_NL,TX_WEATHER_NL,TX_ROAD_CONDITION_NL,TX_LIGHT_CONDITION_NL,TX_CLASS_ACCIDENTS_NL,CD_ROAD_USR_TYPE1,TX_ROAD_USR_TYPE1_NL,CD_ROAD_USR_TYPE2,TX_ROAD_USR_TYPE2_NL,TX_CROSSWAY_NL,CD_ROAD_TYPE_NL,TX_BUILD_UP_AREA_NL,TX_COLLISION_TYPE_NL,TX_OBSTACLES_NL
6620,53,Brugge teller 1,Brugge,51.23023,3.228,1.5922364622942766,51.21869632468667,3.214449461448585,2018,3,17,31005,Brugge,Normaal,Droog,Dag,met lichtgewonden,9,personenauto,3,Fiets,Op Kruispunt,Gemeenteweg,binnen bebouwde kom,Tss. 2 best.: langs opzij (voor-/achterkant-flank),Geen hindernis
6620,54,Brugge teller 2,Brugge,51.23015,3.22818,1.5925748058352085,51.21869632468667,3.214449461448585,2018,3,17,31005,Brugge,Normaal,Droog,Dag,met lichtgewonden,9,personenauto,3,Fiets,Op Kruispunt,Gemeenteweg,binnen bebouwde kom,Tss. 2 best.: langs opzij (voor-/achterkant-flank),Geen hindernis
6620,52,Brugge,Brugge,51.22632,3.24095,2.030908474720028,51.21869632468667,3.214449461448585,2018,3,17,31005,Brugge,Normaal,Droog,Dag,met lichtgewonden,9,personenauto,3,Fiets,Op Kruispunt,Gemeenteweg,binnen bebouwde kom,Tss. 2 best.: langs opzij (voor-/achterkant-flank),Geen hindernis
6620,142,TEST Validatie BRUGGE Y2H22022134,Brugge,51.22632,3.24095,2.030908474720028,51.21869632468667,3.214449461448585,2018,3,17,31005,Brugge,Normaal,Droog,Dag,met lichtgewonden,9,personenauto,3,Fiets,Op Kruispunt,Gemeenteweg,binnen bebouwde kom,Tss. 2 best.: langs opzij (voor-/achterkant-flank),Geen hindernis
6623,142,TEST Validatie BRUGGE Y2H22022134,Brugge,51.22632,3.24095,0.9233473932317454,51.21829967060154,3.2375149331715636,2018,3,5,31005,Brugge,Regenval,"Nat, plassen","Nacht, openbare verlichting aanwezig en ontstoken",met lichtgewonden,1,Autobus,3,Fiets,Op Kruispunt,Gemeenteweg,binnen bebouwde kom,Tss. 2 best.: langs opzij (voor-/achterkant-flank),Geen hindernis
6623,52,Brugge,Brugge,51.22632,3.24095,0.9233473932317454,51.21829967060154,3.2375149331715636,2018,3,5,31005,Brugge,Regenval,"Nat, plassen","Nacht, openbare verlichting aanwezig en ontstoken",met lichtgewonden,1,Autobus,3,Fiets,Op Kruispunt,Gemeenteweg,binnen bebouwde kom,Tss. 2 best.: langs opzij (voor-/achterkant-flank),Geen hindernis
6623,54,Brugge teller 2,Brugge,51.23015,3.22818,1.46932511135979,51.21829967060154,3.2375149331715636,2018,3,5,31005,Brugge,Regenval,"Nat, plassen","Nacht, openbare verlichting aanwezig en ontstoken",met lichtgewonden,1,Autobus,3,Fiets,Op Kruispunt,Gemeenteweg,binnen bebouwde kom,Tss. 2 best.: langs opzij (voor-/achterkant-flank),Geen hindernis
6623,53,Brugge teller 1,Brugge,51.23023,3.228,1.4828662628738722,51.21829967060154,3.2375149331715636,2018,3,5,31005,Brugge,Regenval,"Nat, plassen","Nacht, openbare verlichting aanwezig en ontstoken",met lichtgewonden,1,Autobus,3,Fiets,Op Kruispunt,Gemeenteweg,binnen bebouwde kom,Tss. 2 best.: langs opzij (voor-/achterkant-flank),Geen hindernis
6625,142,TEST Validatie BRUGGE Y2H22022134,Brugge,51.22632,3.24095,1.5399343830593342,51.215965400555284,3.2262664849576748,2018,3,11,31005,Brugge,Normaal,Droog+Proper,Dag,met lichtgewonden,3,Fiets,9,personenauto,Op Kruispunt,Gemeenteweg,binnen bebouwde kom,Tussen 2 bestuurders: Flank tegen flank,Geen hindernis
6625,52,Brugge,Brugge,51.22632,3.24095,1.5399343830593342,51.215965400555284,3.2262664849576748,2018,3,11,31005,Brugge,Normaal,Droog+Proper,Dag,met lichtgewonden,3,Fiets,9,personenauto,Op Kruispunt,Gemeenteweg,binnen bebouwde kom,Tussen 2 bestuurders: Flank tegen flank,Geen hindernis
6625,54,Brugge teller 2,Brugge,51.23015,3.22818,1.5828747640125487,51.215965400555284,3.2262664849576748,2018,3,11,31005,Brugge,Normaal,Droog+Proper,Dag,met lichtgewonden,3,Fiets,9,personenauto,Op Kruispunt,Gemeenteweg,binnen bebouwde kom,Tussen 2 bestuurders: Flank tegen flank,Geen hindernis
6625,53,Brugge teller 1,Brugge,51.23023,3.228,1.5907385607104045,51.215965400555284,3.2262664849576748,2018,3,11,31005,Brugge,Normaal,Droog+Proper,Dag,met lichtgewonden,3,Fiets,9,personenauto,Op Kruispunt,Gemeenteweg,binnen bebouwde kom,Tussen 2 bestuurders: Flank tegen flank,Geen hindernis
6626,142,TEST Validatie BRUGGE Y2H22022134,Brugge,51.22632,3.24095,2.0497293759258985,51.211170774946034,3.224182318049032,2018,3,14,31005,Brugge,Normaal,"Nat, plassen",Dag,met lichtgewonden,5,Lichte vrachtauto,3,Fiets,Op Kruispunt,Gewestweg,binnen bebouwde kom,Tss. 2 best.: langs opzij (voor-/achterkant-flank),Geen hindernis
6626,52,Brugge,Brugge,51.22632,3.24095,2.0497293759258985,51.211170774946034,3.224182318049032,2018,3,14,31005,Brugge,Normaal,"Nat, plassen",Dag,met lichtgewonden,5,Lichte vrachtauto,3,Fiets,Op Kruispunt,Gewestweg,binnen bebouwde kom,Tss. 2 best.: langs opzij (voor-/achterkant-flank),Geen hindernis
6626,54,Brugge teller 2,Brugge,51.23015,3.22818,2.1286792506230503,51.211170774946034,3.224182318049032,2018,3,14,31005,Brugge,Normaal,"Nat, plassen",Dag,met lichtgewonden,5,Lichte vrachtauto,3,Fiets,Op Kruispunt,Gewestweg,binnen bebouwde kom,Tss. 2 best.: langs opzij (voor-/achterkant-flank),Geen hindernis
6626,53,Brugge teller 1,Brugge,51.23023,3.228,2.1359020508965507,51.211170774946034,3.224182318049032,2018,3,14,31005,Brugge,Normaal,"Nat, plassen",Dag,met lichtgewonden,5,Lichte vrachtauto,3,Fiets,Op Kruispunt,Gewestweg,binnen bebouwde kom,Tss. 2 best.: langs opzij (voor-/achterkant-flank),Geen hindernis
6637,20,Brugge,Brugge,51.17416,3.20048,2.3086822168037995,51.17400775092453,3.233595420180219,2018,3,8,31022,Oostkamp,Normaal,Droog,Dag,met lichtgewonden,4,Vrachtwagen,3,Fiets,Op Kruispunt,Gewestweg,buiten bebouwde kom,Tss. 2 best.: langs opzij (voor-/achterkant-flank),Geen hindernis
6644,20,Brugge,Brugge,51.17416,3.20048,2.2857429560049956,51.17759120053453,3.23280853955312,2018,3,7,31022,Oostkamp,"Andere (dikke rook,...)","Nat, plassen",Dag,met lichtgewonden,3,Fiets,10,"één bestuurder, geen hindernis",Buiten Kruispunt,Gewestweg,buiten bebouwde kom,"Eén bestuurder, geen hindernis (incl. val)",Geen hindernis
6645,59,Ardooie teller 1,Ardooie,50.96784,3.18479,2.4035916295147675,50.98920915641327,3.189963853406493,2018,2,16,37020,Ardooie,Normaal,Droog,Dag,met lichtgewonden,9,personenauto,3,Fiets,Buiten Kruispunt,Gemeenteweg,buiten bebouwde kom,Tussen 2 bestuurders: Flank tegen flank,Geen hindernis
6645,60,Ardooie teller 2,Ardooie,50.96783,3.18411,2.41232102104399,50.98920915641327,3.189963853406493,2018,2,16,37020,Ardooie,Normaal,Droog,Dag,met lichtgewonden,9,personenauto,3,Fiets,Buiten Kruispunt,Gemeenteweg,buiten bebouwde kom,Tussen 2 bestuurders: Flank tegen flank,Geen hindernis
6647,59,Ardooie teller 1,Ardooie,50.96784,3.18479,1.5504243411174772,50.97256860932883,3.2056197583464896,2018,3,7,37020,Ardooie,Regenval,"Nat, plassen",Dag,met lichtgewonden,9,personenauto,3,Fiets,Op Kruispunt,Gemeenteweg,buiten bebouwde kom,Tss. 2 best.: langs opzij (voor-/achterkant-flank),Geen hindernis
6647,60,Ardooie teller 2,Ardooie,50.96783,3.18411,1.5956664123823772,50.97256860932883,3.2056197583464896,2018,3,7,37020,Ardooie,Regenval,"Nat, plassen",Dag,met lichtgewonden,9,personenauto,3,Fiets,Op Kruispunt,Gemeenteweg,buiten bebouwde kom,Tss. 2 best.: langs opzij (voor-/achterkant-flank),Geen hindernis
6650,15,Oostende 2,Oostende,51.21371,2.92743,1.6996260428599304,51.20666987149867,2.9057731274082874,2018,3,19,35013,Oostende,Normaal,"Nat, plassen",Dag,met lichtgewonden,7,Motorfiets,3,Fiets,Buiten Kruispunt,Gewestweg,binnen bebouwde kom,Tss. 2 best.: langs opzij (voor-/achterkant-flank),Geen hindernis
6650,18,Oostende 1,Oostende,51.21378,2.92765,1.7168128887537701,51.20666987149867,2.9057731274082874,2018,3,19,35013,Oostende,Normaal,"Nat, plassen",Dag,met lichtgewonden,7,Motorfiets,3,Fiets,Buiten Kruispunt,Gewestweg,binnen bebouwde kom,Tss. 2 best.: langs opzij (voor-/achterkant-flank),Geen hindernis
6651,15,Oostende 2,Oostende,51.21371,2.92743,1.759939583440225,51.22465253643674,2.909172391074171,2018,3,16,35013,Oostende,Normaal,Droog,Dag,met lichtgewonden,3,Fiets,8,Voetganger,Op Kruispunt,Gewestweg,binnen bebouwde kom,Met een voetganger,Geen hindernis
6651,18,Oostende 1,Oostende,51.21378,2.92765,1.765702423379496,51.22465253643674,2.909172391074171,2018,3,16,35013,Oostende,Normaal,Droog,Dag,met lichtgewonden,3,Fiets,8,Voetganger,Op Kruispunt,Gewestweg,binnen bebouwde kom,Met een voetganger,Geen hindernis
6652,18,Oostende 1,Oostende,51.21378,2.92765,2.0279520478944595,51.23157656276145,2.9212832058713674,2018,3,17,35013,Oostende,Normaal,Droog,Dag,met lichtgewonden,9,personenauto,3,Fiets,Op Kruispunt,Gemeenteweg,binnen bebouwde kom,Tss. 2 best.: langs opzij (voor-/achterkant-flank),Geen hindernis
6652,15,Oostende 2,Oostende,51.21371,2.92743,2.0322659039028705,51.23157656276145,2.9212832058713674,2018,3,17,35013,Oostende,Normaal,Droog,Dag,met lichtgewonden,9,personenauto,3,Fiets,Op Kruispunt,Gemeenteweg,binnen bebouwde kom,Tss. 2 best.: langs opzij (voor-/achterkant-flank),Geen hindernis
6657,56,Torhout teller 2,Torhout,51.07147,3.08244,1.9065044771535582,51.06087556597989,3.1038916846485862,2018,3,6,31033,Torhout,Normaal,"Ijzel, sneeuw",Onbekend,met lichtgewonden,3,Fiets,2,Andere weggebruiker,Buiten Kruispunt,Gemeenteweg,binnen bebouwde kom,Tss. 2 best.: langs opzij (voor-/achterkant-flank),Geen hindernis
6657,55,Torhout teller 1,Torhout,51.07161,3.08261,1.9068824508370625,51.06087556597989,3.1038916846485862,2018,3,6,31033,Torhout,Normaal,"Ijzel, sneeuw",Onbekend,met lichtgewonden,3,Fiets,2,Andere weggebruiker,Buiten Kruispunt,Gemeenteweg,binnen bebouwde kom,Tss. 2 best.: langs opzij (voor-/achterkant-flank),Geen hindernis
6659,55,Torhout teller 1,Torhout,51.07161,3.08261,1.2722085620793928,51.07786863283397,3.0978536261119975,2018,3,3,31033,Torhout,Normaal,Droog,"Nacht, openbare verlichting aanwezig en ontstoken",Met doden,3,Fiets,10,"één bestuurder, geen hindernis",Buiten Kruispunt,Gemeenteweg,binnen bebouwde kom,"Eén bestuurder, geen hindernis (incl. val)",Geen hindernis
6659,56,Torhout teller 2,Torhout,51.07147,3.08244,1.290684543700853,51.07786863283397,3.0978536261119975,2018,3,3,31033,Torhout,Normaal,Droog,"Nacht, openbare verlichting aanwezig en ontstoken",Met doden,3,Fiets,10,"één bestuurder, geen hindernis",Buiten Kruispunt,Gemeenteweg,binnen bebouwde kom,"Eén bestuurder, geen hindernis (incl. val)",Geen hindernis
6668,61,Wervik teller 2,Wervik,50.80555,3.0921,1.948622084272083,50.7966612616309,3.1159962741107585,2018,3,9,34027,Menen,Normaal,Droog,Dag,met lichtgewonden,3,Fiets,9,personenauto,Buiten Kruispunt,Gewestweg,binnen bebouwde kom,Tussen 2 bestuurders: Flank tegen flank,Geen hindernis
6668,62,Wervik teller 1,Wervik,50.8058,3.09154,1.99663899662451,50.7966612616309,3.1159962741107585,2018,3,9,34027,Menen,Normaal,Droog,Dag,met lichtgewonden,3,Fiets,9,personenauto,Buiten Kruispunt,Gewestweg,binnen bebouwde kom,Tussen 2 bestuurders: Flank tegen flank,Geen hindernis
6669,61,Wervik teller 2,Wervik,50.80555,3.0921,1.274031638086105,50.8001913137854,3.108124437308077,2018,3,12,34027,Menen,Normaal,Droog,Dag,met lichtgewonden,3,Fiets,3,Fiets,Buiten Kruispunt,Gewestweg,binnen bebouwde kom,Tss. 2 best.: langs opzij (voor-/achterkant-flank),Geen hindernis
6669,62,Wervik teller 1,Wervik,50.8058,3.09154,1.3218287739112786,50.8001913137854,3.108124437308077,2018,3,12,34027,Menen,Normaal,Droog,Dag,met lichtgewonden,3,Fiets,3,Fiets,Buiten Kruispunt,Gewestweg,binnen bebouwde kom,Tss. 2 best.: langs opzij (voor-/achterkant-flank),Geen hindernis
6670,143,Eco Display Classic Budastraat,Kortrijk,50.83066,3.26286,0.9806453943770913,50.82437016032114,3.2726467387736937,2018,3,12,34022,Kortrijk,Regenval,"Nat, plassen",Dag,met lichtgewonden,9,personenauto,3,Fiets,Buiten Kruispunt,Gewestweg,binnen bebouwde kom,Tss. 2 best.: langs opzij (voor-/achterkant-flank),Geen hindernis
6670,16,Kortrijk 1,Kortrijk,50.83332,3.27777,1.058232617069391,50.82437016032114,3.2726467387736937,2018,3,12,34022,Kortrijk,Regenval,"Nat, plassen",Dag,met lichtgewonden,9,personenauto,3,Fiets,Buiten Kruispunt,Gewestweg,binnen bebouwde kom,Tss. 2 best.: langs opzij (voor-/achterkant-flank),Geen hindernis
6670,17,Kortrijk 2,Kortrijk,50.83339,3.27773,1.0646102266174415,50.82437016032114,3.2726467387736937,2018,3,12,34022,Kortrijk,Regenval,"Nat, plassen",Dag,met lichtgewonden,9,personenauto,3,Fiets,Buiten Kruispunt,Gewestweg,binnen bebouwde kom,Tss. 2 best.: langs opzij (voor-/achterkant-flank),Geen hindernis
6670,75,Kortrijk teller 2,Kortrijk,50.81925,3.25731,1.218524877025713,50.82437016032114,3.2726467387736937,2018,3,12,34022,Kortrijk,Regenval,"Nat, plassen",Dag,met lichtgewonden,9,personenauto,3,Fiets,Buiten Kruispunt,Gewestweg,binnen bebouwde kom,Tss. 2 best.: langs opzij (voor-/achterkant-flank),Geen hindernis
6670,74,Kortrijk teller 1,Kortrijk,50.81909,3.25728,1.2287908126575549,50.82437016032114,3.2726467387736937,2018,3,12,34022,Kortrijk,Regenval,"Nat, plassen",Dag,met lichtgewonden,9,personenauto,3,Fiets,Buiten Kruispunt,Gewestweg,binnen bebouwde kom,Tss. 2 best.: langs opzij (voor-/achterkant-flank),Geen hindernis
6673,75,Kortrijk teller 2,Kortrijk,50.81925,3.25731,1.5325102887095237,50.81889338620734,3.279117862069005,2018,3,16,34022,Kortrijk,Normaal,Droog,Dag,met lichtgewonden,9,personenauto,3,Fiets,Op Kruispunt,Gemeenteweg,binnen bebouwde kom,Tss. 2 best.: langs opzij (voor-/achterkant-flank),Geen hindernis
6673,74,Kortrijk teller 1,Kortrijk,50.81909,3.25728,1.534263077909947,50.81889338620734,3.279117862069005,2018,3,16,34022,Kortrijk,Normaal,Droog,Dag,met lichtgewonden,9,personenauto,3,Fiets,Op Kruispunt,Gemeenteweg,binnen bebouwde kom,Tss. 2 best.: langs opzij (voor-/achterkant-flank),Geen hindernis
6673,16,Kortrijk 1,Kortrijk,50.83332,3.27777,1.60695747383213,50.81889338620734,3.279117862069005,2018,3,16,34022,Kortrijk,Normaal,Droog,Dag,met lichtgewonden,9,personenauto,3,Fiets,Op Kruispunt,Gemeenteweg,binnen bebouwde kom,Tss. 2 best.: langs opzij (voor-/achterkant-flank),Geen hindernis
6673,17,Kortrijk 2,Kortrijk,50.83339,3.27773,1.6148948222755113,50.81889338620734,3.279117862069005,2018,3,16,34022,Kortrijk,Normaal,Droog,Dag,met lichtgewonden,9,personenauto,3,Fiets,Op Kruispunt,Gemeenteweg,binnen bebouwde kom,Tss. 2 best.: langs opzij (voor-/achterkant-flank),Geen hindernis
6673,143,Eco Display Classic Budastraat,Kortrijk,50.83066,3.26286,1.7366569326297168,50.81889338620734,3.279117862069005,2018,3,16,34022,Kortrijk,Normaal,Droog,Dag,met lichtgewonden,9,personenauto,3,Fiets,Op Kruispunt,Gemeenteweg,binnen bebouwde kom,Tss. 2 best.: langs opzij (voor-/achterkant-flank),Geen hindernis
6674,17,Kortrijk 2,Kortrijk,50.83339,3.27773,0.22214992966361813,50.834883902631375,3.279830345683916,2018,3,20,34022,Kortrijk,Normaal,Droog,"Nacht, openbare verlichting aanwezig en ontstoken",met lichtgewonden,3,Fiets,9,personenauto,Buiten Kruispunt,Gewestweg,binnen bebouwde kom,Tussen 2 bestuurders: Langs achteren,Geen hindernis
6674,16,Kortrijk 1,Kortrijk,50.83332,3.27777,0.22622193349309905,50.834883902631375,3.279830345683916,2018,3,20,34022,Kortrijk,Normaal,Droog,"Nacht, openbare verlichting aanwezig en ontstoken",met lichtgewonden,3,Fiets,9,personenauto,Buiten Kruispunt,Gewestweg,binnen bebouwde kom,Tussen 2 bestuurders: Langs achteren,Geen hindernis
6674,143,Eco Display Classic Budastraat,Kortrijk,50.83066,3.26286,1.2810207984471829,50.834883902631375,3.279830345683916,2018,3,20,34022,Kortrijk,Normaal,Droog,"Nacht, openbare verlichting aanwezig en ontstoken",met lichtgewonden,3,Fiets,9,personenauto,Buiten Kruispunt,Gewestweg,binnen bebouwde kom,Tussen 2 bestuurders: Langs achteren,Geen hindernis
6674,75,Kortrijk teller 2,Kortrijk,50.81925,3.25731,2.3503390188439934,50.834883902631375,3.279830345683916,2018,3,20,34022,Kortrijk,Normaal,Droog,"Nacht, openbare verlichting aanwezig en ontstoken",met lichtgewonden,3,Fiets,9,personenauto,Buiten Kruispunt,Gewestweg,binnen bebouwde kom,Tussen 2 bestuurders: Langs achteren,Geen hindernis
6674,74,Kortrijk teller 1,Kortrijk,50.81909,3.25728,2.364940988523153,50.834883902631375,3.279830345683916,2018,3,20,34022,Kortrijk,Normaal,Droog,"Nacht, openbare verlichting aanwezig en ontstoken",met lichtgewonden,3,Fiets,9,personenauto,Buiten Kruispunt,Gewestweg,binnen bebouwde kom,Tussen 2 bestuurders: Langs achteren,Geen hindernis
6675,143,Eco Display Classic Budastraat,Kortrijk,50.83066,3.26286,0.7008844133125472,50.83694195244267,3.2620411362472264,2018,3,19,34022,Kortrijk,Normaal,Droog,"Nacht, openbare verlichting aanwezig en ontstoken",met lichtgewonden,5,Lichte vrachtauto,3,Fiets,Buiten Kruispunt,Gewestweg,binnen bebouwde kom,Tss. 2 best.: langs opzij (voor-/achterkant-flank),Geen hindernis
6675,17,Kortrijk 2,Kortrijk,50.83339,3.27773,1.170412658681188,50.83694195244267,3.2620411362472264,2018,3,19,34022,Kortrijk,Normaal,Droog,"Nacht, openbare verlichting aanwezig en ontstoken",met lichtgewonden,5,Lichte vrachtauto,3,Fiets,Buiten Kruispunt,Gewestweg,binnen bebouwde kom,Tss. 2 best.: langs opzij (voor-/achterkant-flank),Geen hindernis
6675,16,Kortrijk 1,Kortrijk,50.83332,3.27777,1.1757016079437874,50.83694195244267,3.2620411362472264,2018,3,19,34022,Kortrijk,Normaal,Droog,"Nacht, openbare verlichting aanwezig en ontstoken",met lichtgewonden,5,Lichte vrachtauto,3,Fiets,Buiten Kruispunt,Gewestweg,binnen bebouwde kom,Tss. 2 best.: langs opzij (voor-/achterkant-flank),Geen hindernis
6675,75,Kortrijk teller 2,Kortrijk,50.81925,3.25731,1.9951227793377821,50.83694195244267,3.2620411362472264,2018,3,19,34022,Kortrijk,Normaal,Droog,"Nacht, openbare verlichting aanwezig en ontstoken",met lichtgewonden,5,Lichte vrachtauto,3,Fiets,Buiten Kruispunt,Gewestweg,binnen bebouwde kom,Tss. 2 best.: langs opzij (voor-/achterkant-flank),Geen hindernis
6675,74,Kortrijk teller 1,Kortrijk,50.81909,3.25728,2.0130166991523475,50.83694195244267,3.2620411362472264,2018,3,19,34022,Kortrijk,Normaal,Droog,"Nacht, openbare verlichting aanwezig en ontstoken",met lichtgewonden,5,Lichte vrachtauto,3,Fiets,Buiten Kruispunt,Gewestweg,binnen bebouwde kom,Tss. 2 best.: langs opzij (voor-/achterkant-flank),Geen hindernis
6676,143,Eco Display Classic Budastraat,Kortrijk,50.83066,3.26286,0.1487290468679414,50.8294203073042,3.2636551005534633,2018,3,13,34022,Kortrijk,Normaal,Droog,Dag,met lichtgewonden,3,Fiets,3,Fiets,Buiten Kruispunt,Gemeenteweg,binnen bebouwde kom,Tussen 2 bestuurders: Frontale botsing,Geen hindernis
6676,16,Kortrijk 1,Kortrijk,50.83332,3.27777,1.081998852297047,50.8294203073042,3.2636551005534633,2018,3,13,34022,Kortrijk,Normaal,Droog,Dag,met lichtgewonden,3,Fiets,3,Fiets,Buiten Kruispunt,Gemeenteweg,binnen bebouwde kom,Tussen 2 bestuurders: Frontale botsing,Geen hindernis
6676,17,Kortrijk 2,Kortrijk,50.83339,3.27773,1.0825752859408917,50.8294203073042,3.2636551005534633,2018,3,13,34022,Kortrijk,Normaal,Droog,Dag,met lichtgewonden,3,Fiets,3,Fiets,Buiten Kruispunt,Gemeenteweg,binnen bebouwde kom,Tussen 2 bestuurders: Frontale botsing,Geen hindernis
6676,75,Kortrijk teller 2,Kortrijk,50.81925,3.25731,1.2155432641638193,50.8294203073042,3.2636551005534633,2018,3,13,34022,Kortrijk,Normaal,Droog,Dag,met lichtgewonden,3,Fiets,3,Fiets,Buiten Kruispunt,Gemeenteweg,binnen bebouwde kom,Tussen 2 bestuurders: Frontale botsing,Geen hindernis
6676,74,Kortrijk teller 1,Kortrijk,50.81909,3.25728,1.2328767517126156,50.8294203073042,3.2636551005534633,2018,3,13,34022,Kortrijk,Normaal,Droog,Dag,met lichtgewonden,3,Fiets,3,Fiets,Buiten Kruispunt,Gemeenteweg,binnen bebouwde kom,Tussen 2 bestuurders: Frontale botsing,Geen hindernis
6677,74,Kortrijk teller 1,Kortrijk,50.81909,3.25728,2.0673301088191702,50.80350988311622,3.2412246926523185,2018,3,7,34022,Kortrijk,Normaal,Onbekend,Dag,met lichtgewonden,9,personenauto,3,Fiets,Op Kruispunt,Gemeenteweg,binnen bebouwde kom,Tussen 2 bestuurders: Langs achteren,Geen hindernis
6677,75,Kortrijk teller 2,Kortrijk,50.81925,3.25731,2.083403449698186,50.80350988311622,3.2412246926523185,2018,3,7,34022,Kortrijk,Normaal,Onbekend,Dag,met lichtgewonden,9,personenauto,3,Fiets,Op Kruispunt,Gemeenteweg,binnen bebouwde kom,Tussen 2 bestuurders: Langs achteren,Geen hindernis
6678,143,Eco Display Classic Budastraat,Kortrijk,50.83066,3.26286,0.6343437765043638,50.835400569862685,3.2678848130085427,2018,3,18,34022,Kortrijk,Normaal,Droog,Dag,met lichtgewonden,9,personenauto,3,Fiets,Op Kruispunt,Gemeenteweg,binnen bebouwde kom,Tss. 2 best.: langs opzij (voor-/achterkant-flank),Geen hindernis
6678,17,Kortrijk 2,Kortrijk,50.83339,3.27773,0.7266419778431696,50.835400569862685,3.2678848130085427,2018,3,18,34022,Kortrijk,Normaal,Droog,Dag,met lichtgewonden,9,personenauto,3,Fiets,Op Kruispunt,Gemeenteweg,binnen bebouwde kom,Tss. 2 best.: langs opzij (voor-/achterkant-flank),Geen hindernis
6678,16,Kortrijk 1,Kortrijk,50.83332,3.27777,0.7317393106418465,50.835400569862685,3.2678848130085427,2018,3,18,34022,Kortrijk,Normaal,Droog,Dag,met lichtgewonden,9,personenauto,3,Fiets,Op Kruispunt,Gemeenteweg,binnen bebouwde kom,Tss. 2 best.: langs opzij (voor-/achterkant-flank),Geen hindernis
6678,75,Kortrijk teller 2,Kortrijk,50.81925,3.25731,1.9433967946683826,50.835400569862685,3.2678848130085427,2018,3,18,34022,Kortrijk,Normaal,Droog,Dag,met lichtgewonden,9,personenauto,3,Fiets,Op Kruispunt,Gemeenteweg,binnen bebouwde kom,Tss. 2 best.: langs opzij (voor-/achterkant-flank),Geen hindernis
6678,74,Kortrijk teller 1,Kortrijk,50.81909,3.25728,1.9606491528303307,50.835400569862685,3.2678848130085427,2018,3,18,34022,Kortrijk,Normaal,Droog,Dag,met lichtgewonden,9,personenauto,3,Fiets,Op Kruispunt,Gemeenteweg,binnen bebouwde kom,Tss. 2 best.: langs opzij (voor-/achterkant-flank),Geen hindernis
6679,16,Kortrijk 1,Kortrijk,50.83332,3.27777,1.4565981975534186,50.82030366803405,3.280103180162907,2018,3,7,34022,Kortrijk,Normaal,Droog,Dag,met lichtgewonden,9,personenauto,3,Fiets,Op Kruispunt,Gemeenteweg,binnen bebouwde kom,Tss. 2 best.: langs opzij (voor-/achterkant-flank),Geen hindernis
6679,17,Kortrijk 2,Kortrijk,50.83339,3.27773,1.4646497546082258,50.82030366803405,3.280103180162907,2018,3,7,34022,Kortrijk,Normaal,Droog,Dag,met lichtgewonden,9,personenauto,3,Fiets,Op Kruispunt,Gemeenteweg,binnen bebouwde kom,Tss. 2 best.: langs opzij (voor-/achterkant-flank),Geen hindernis
6679,75,Kortrijk teller 2,Kortrijk,50.81925,3.25731,1.605472162013682,50.82030366803405,3.280103180162907,2018,3,7,34022,Kortrijk,Normaal,Droog,Dag,met lichtgewonden,9,personenauto,3,Fiets,Op Kruispunt,Gemeenteweg,binnen bebouwde kom,Tss. 2 best.: langs opzij (voor-/achterkant-flank),Geen hindernis
6679,74,Kortrijk teller 1,Kortrijk,50.81909,3.25728,1.608971241846611,50.82030366803405,3.280103180162907,2018,3,7,34022,Kortrijk,Normaal,Droog,Dag,met lichtgewonden,9,personenauto,3,Fiets,Op Kruispunt,Gemeenteweg,binnen bebouwde kom,Tss. 2 best.: langs opzij (voor-/achterkant-flank),Geen hindernis
6679,143,Eco Display Classic Budastraat,Kortrijk,50.83066,3.26286,1.671236980995784,50.82030366803405,3.280103180162907,2018,3,7,34022,Kortrijk,Normaal,Droog,Dag,met lichtgewonden,9,personenauto,3,Fiets,Op Kruispunt,Gemeenteweg,binnen bebouwde kom,Tss. 2 best.: langs opzij (voor-/achterkant-flank),Geen hindernis
6680,74,Kortrijk teller 1,Kortrijk,50.81909,3.25728,1.5662481249436668,50.8113811927379,3.2759385740040132,2018,3,16,34022,Kortrijk,Regenval,"Nat, plassen",Dag,met zwaargewonden,9,personenauto,3,Fiets,Op Kruispunt,Gewestweg,binnen bebouwde kom,Tss. 2 best.: langs opzij (voor-/achterkant-flank),Geen hindernis
6680,75,Kortrijk teller 2,Kortrijk,50.81925,3.25731,1.5743008147268034,50.8113811927379,3.2759385740040132,2018,3,16,34022,Kortrijk,Regenval,"Nat, plassen",Dag,met zwaargewonden,9,personenauto,3,Fiets,Op Kruispunt,Gewestweg,binnen bebouwde kom,Tss. 2 best.: langs opzij (voor-/achterkant-flank),Geen hindernis
6680,143,Eco Display Classic Budastraat,Kortrijk,50.83066,3.26286,2.3322811509098655,50.8113811927379,3.2759385740040132,2018,3,16,34022,Kortrijk,Regenval,"Nat, plassen",Dag,met zwaargewonden,9,personenauto,3,Fiets,Op Kruispunt,Gewestweg,binnen bebouwde kom,Tss. 2 best.: langs opzij (voor-/achterkant-flank),Geen hindernis
6680,16,Kortrijk 1,Kortrijk,50.83332,3.27777,2.4428738937533883,50.8113811927379,3.2759385740040132,2018,3,16,34022,Kortrijk,Regenval,"Nat, plassen",Dag,met zwaargewonden,9,personenauto,3,Fiets,Op Kruispunt,Gewestweg,binnen bebouwde kom,Tss. 2 best.: langs opzij (voor-/achterkant-flank),Geen hindernis