crash_row_id,site_id,site_name,site_gemeente,site_lat,site_long,distance_km,crash_lat,crash_long,DT_YEAR_COLLISION,DT_MONTH_COLLISION,DT_TIME,CD_NIS,TX_MUNTY_COLLISION_NL,TX_WEATHER_NL,TX_ROAD_CONDITION_NL,TX_LIGHT_CONDITION_NL,TX_CLASS_ACCIDENTS_NL,CD_ROAD_USR_TYPE1,TX_ROAD_USR_TYPE1_NL,CD_ROAD_USR_TYPE2,TX_ROAD_USR_TYPE2_NL,TX_CROSSWAY_NL,CD_ROAD_TYPE_NL,TX_BUILD_UP_AREA_NL,TX_COLLISION_TYPE_NL,TX_OBSTACLES_NL
6680,17,Kortrijk 2,Kortrijk,50.83339,3.27773,2.4505008717806076,50.8113811927379,3.2759385740040132,2018,3,16,34022,Kortrijk,Regenval,"Nat, plassen",Dag,met zwaargewonden,9,personenauto,3,Fiets,Op Kruispunt,Gewestweg,binnen bebouwde kom,Tss. 2 best.: langs opzij (voor-/achterkant-flank),Geen hindernis
6690,67,Ieper totem,Ieper,50.85018,2.85624,2.085310771963406,50.85807395141761,2.8831866188744404,2018,3,17,33011,Ieper,Normaal,Droog,Dag,met lichtgewonden,3,Fiets,9,personenauto,Buiten Kruispunt,Gewestweg,binnen bebouwde kom,Tss. 2 best.: langs opzij (voor-/achterkant-flank),Geen hindernis
6690,68,Ieper,Ieper,50.85032,2.85608,2.089028527910924,50.85807395141761,2.8831866188744404,2018,3,17,33011,Ieper,Normaal,Droog,Dag,met lichtgewonden,3,Fiets,9,personenauto,Buiten Kruispunt,Gewestweg,binnen bebouwde kom,Tss. 2 best.: langs opzij (voor-/achterkant-flank),Geen hindernis
6691,62,Wervik teller 1,Wervik,50.8058,3.09154,1.075404425500731,50.81010537782282,3.0778354949708997,2018,3,15,33029,Wervik,Regenval,"Nat, plassen",Dag,met zwaargewonden,9,personenauto,3,Fiets,Buiten Kruispunt,Gewestweg,binnen bebouwde kom,Tss. 2 best.: langs opzij (voor-/achterkant-flank),Geen hindernis
6691,61,Wervik teller 2,Wervik,50.80555,3.0921,1.1230413033604403,50.81010537782282,3.0778354949708997,2018,3,15,33029,Wervik,Regenval,"Nat, plassen",Dag,met zwaargewonden,9,personenauto,3,Fiets,Buiten Kruispunt,Gewestweg,binnen bebouwde kom,Tss. 2 best.: langs opzij (voor-/achterkant-flank),Geen hindernis
6693,136,Gent R4,Gent,51.0876313,3.7587918,2.162023277731801,51.10625317081188,3.7498864371617726,2018,3,9,44021,Gent,Normaal,Droog,Dag,met lichtgewonden,3,Fiets,4,Vrachtwagen,Buiten Kruispunt,Gemeenteweg,onbekend,Tussen 2 bestuurders: Frontale botsing,Geen hindernis
6694,124,Beveren teller 2,Beveren,51.1964712,4.2361077,1.883952691913985,51.21063050558111,4.250957820641667,2018,3,15,46003,Beveren,Normaal,Droog,Dag,met lichtgewonden,5,Lichte vrachtauto,3,Fiets,Buiten Kruispunt,Gewestweg,binnen bebouwde kom,Tussen 2 bestuurders: Flank tegen flank,Geen hindernis
6698,99,Mechelen teller 1,Mechelen,51.04564,4.46882,2.3080232130675298,51.03027202484371,4.491008187483871,2018,3,10,12025,Mechelen,Normaal,Droog,Dag,met lichtgewonden,3,Fiets,9,personenauto,Op Kruispunt,Gewestweg,binnen bebouwde kom,Tussen 2 bestuurders: Flank tegen flank,Geen hindernis
6698,100,Mechelen teller 2,Mechelen,51.0457,4.46883,2.3124976317555337,51.03027202484371,4.491008187483871,2018,3,10,12025,Mechelen,Normaal,Droog,Dag,met lichtgewonden,3,Fiets,9,personenauto,Op Kruispunt,Gewestweg,binnen bebouwde kom,Tussen 2 bestuurders: Flank tegen flank,Geen hindernis
6699,99,Mechelen teller 1,Mechelen,51.04564,4.46882,2.3107493280136406,51.03100701886868,4.492286318488074,2018,3,16,12025,Mechelen,Normaal,Droog,Dag,met lichtgewonden,9,personenauto,3,Fiets,Op Kruispunt,Gewestweg,binnen bebouwde kom,Tss. 2 best.: langs opzij (voor-/achterkant-flank),Geen hindernis
6699,100,Mechelen teller 2,Mechelen,51.0457,4.46883,2.314955890467513,51.03100701886868,4.492286318488074,2018,3,16,12025,Mechelen,Normaal,Droog,Dag,met lichtgewonden,9,personenauto,3,Fiets,Op Kruispunt,Gewestweg,binnen bebouwde kom,Tss. 2 best.: langs opzij (voor-/achterkant-flank),Geen hindernis
6700,99,Mechelen teller 1,Mechelen,51.04564,4.46882,1.9589717026059497,51.028046669118595,4.470285695889525,2018,3,18,12025,Mechelen,Regenval,"Nat, plassen","Nacht, openbare verlichting aanwezig en ontstoken",met lichtgewonden,9,personenauto,3,Fiets,Op Kruispunt,Gewestweg,buiten bebouwde kom,Tss. 2 best.: langs opzij (voor-/achterkant-flank),Geen hindernis
6700,100,Mechelen teller 2,Mechelen,51.0457,4.46883,1.9655979581365253,51.028046669118595,4.470285695889525,2018,3,18,12025,Mechelen,Regenval,"Nat, plassen","Nacht, openbare verlichting aanwezig en ontstoken",met lichtgewonden,9,personenauto,3,Fiets,Op Kruispunt,Gewestweg,buiten bebouwde kom,Tss. 2 best.: langs opzij (voor-/achterkant-flank),Geen hindernis
6702,140,Hasselt ring,Hasselt,50.9300038,5.3438616,1.2291165208204646,50.933321506442056,5.327131541837806,2018,3,16,71022,Hasselt,Normaal,Droog,Dag,met zwaargewonden,3,Fiets,9,personenauto,Op Kruispunt,Gemeenteweg,binnen bebouwde kom,Tss. 2 best.: langs opzij (voor-/achterkant-flank),Geen hindernis
6702,138,Hasselt-Kempische brug,Hasselt,50.9405318,5.3422472,1.3284132672639128,50.933321506442056,5.327131541837806,2018,3,16,71022,Hasselt,Normaal,Droog,Dag,met zwaargewonden,3,Fiets,9,personenauto,Op Kruispunt,Gemeenteweg,binnen bebouwde kom,Tss. 2 best.: langs opzij (voor-/achterkant-flank),Geen hindernis
6702,137,Hasselt-Kempische brug,Hasselt,50.9411605,5.3417576,1.3454193776001202,50.933321506442056,5.327131541837806,2018,3,16,71022,Hasselt,Normaal,Droog,Dag,met zwaargewonden,3,Fiets,9,personenauto,Op Kruispunt,Gemeenteweg,binnen bebouwde kom,Tss. 2 best.: langs opzij (voor-/achterkant-flank),Geen hindernis
6704,137,Hasselt-Kempische brug,Hasselt,50.9411605,5.3417576,1.1174759704655044,50.950597804620294,5.347240516524635,2018,3,16,71022,Hasselt,Normaal,Droog,Dag,met lichtgewonden,9,personenauto,3,Fiets,Buiten Kruispunt,Gewestweg,buiten bebouwde kom,Tss. 2 best.: langs opzij (voor-/achterkant-flank),Geen hindernis
6704,138,Hasselt-Kempische brug,Hasselt,50.9405318,5.3422472,1.1726836289301492,50.950597804620294,5.347240516524635,2018,3,16,71022,Hasselt,Normaal,Droog,Dag,met lichtgewonden,9,personenauto,3,Fiets,Buiten Kruispunt,Gewestweg,buiten bebouwde kom,Tss. 2 best.: langs opzij (voor-/achterkant-flank),Geen hindernis
6704,140,Hasselt ring,Hasselt,50.9300038,5.3438616,2.3021548281809308,50.950597804620294,5.347240516524635,2018,3,16,71022,Hasselt,Normaal,Droog,Dag,met lichtgewonden,9,personenauto,3,Fiets,Buiten Kruispunt,Gewestweg,buiten bebouwde kom,Tss. 2 best.: langs opzij (voor-/achterkant-flank),Geen hindernis
6705,33,Lummen,Lummen,50.97978,5.20936,1.2125466020245617,50.98589771570032,5.195021331085383,2018,3,16,71037,Lummen,Normaal,Droog,Dag,met lichtgewonden,3,Fiets,9,personenauto,Buiten Kruispunt,Gemeenteweg,binnen bebouwde kom,Tss. 2 best.: langs opzij (voor-/achterkant-flank),Geen hindernis
6705,32,Lummen,Lummen,50.97971,5.20961,1.23140584270391,50.98589771570032,5.195021331085383,2018,3,16,71037,Lummen,Normaal,Droog,Dag,met lichtgewonden,3,Fiets,9,personenauto,Buiten Kruispunt,Gemeenteweg,binnen bebouwde kom,Tss. 2 best.: langs opzij (voor-/achterkant-flank),Geen hindernis
6707,137,Hasselt-Kempische brug,Hasselt,50.9411605,5.3417576,0.8409046823143638,50.94872241675609,5.341616748642876,2018,3,17,71022,Hasselt,Normaal,"Nat, plassen",Dag,met lichtgewonden,3,Fiets,9,personenauto,Op Kruispunt,Gemeenteweg,buiten bebouwde kom,Tss. 2 best.: langs opzij (voor-/achterkant-flank),Geen hindernis
6707,138,Hasselt-Kempische brug,Hasselt,50.9405318,5.3422472,0.9118254774102742,50.94872241675609,5.341616748642876,2018,3,17,71022,Hasselt,Normaal,"Nat, plassen",Dag,met lichtgewonden,3,Fiets,9,personenauto,Op Kruispunt,Gemeenteweg,buiten bebouwde kom,Tss. 2 best.: langs opzij (voor-/achterkant-flank),Geen hindernis
6707,140,Hasselt ring,Hasselt,50.9300038,5.3438616,2.087350141575586,50.94872241675609,5.341616748642876,2018,3,17,71022,Hasselt,Normaal,"Nat, plassen",Dag,met lichtgewonden,3,Fiets,9,personenauto,Op Kruispunt,Gemeenteweg,buiten bebouwde kom,Tss. 2 best.: langs opzij (voor-/achterkant-flank),Geen hindernis
6708,140,Hasselt ring,Hasselt,50.9300038,5.3438616,0.6476748234563271,50.926173448196366,5.336899647386596,2018,3,12,71022,Hasselt,Normaal,Droog,Dag,met lichtgewonden,9,personenauto,3,Fiets,Buiten Kruispunt,Gewestweg,binnen bebouwde kom,Tss. 2 best.: langs opzij (voor-/achterkant-flank),Geen hindernis
6708,138,Hasselt-Kempische brug,Hasselt,50.9405318,5.3422472,1.6399657782404133,50.926173448196366,5.336899647386596,2018,3,12,71022,Hasselt,Normaal,Droog,Dag,met lichtgewonden,9,personenauto,3,Fiets,Buiten Kruispunt,Gewestweg,binnen bebouwde kom,Tss. 2 best.: langs opzij (voor-/achterkant-flank),Geen hindernis
6708,137,Hasselt-Kempische brug,Hasselt,50.9411605,5.3417576,1.7009007025977714,50.926173448196366,5.336899647386596,2018,3,12,71022,Hasselt,Normaal,Droog,Dag,met lichtgewonden,9,personenauto,3,Fiets,Buiten Kruispunt,Gewestweg,binnen bebouwde kom,Tss. 2 best.: langs opzij (voor-/achterkant-flank),Geen hindernis
6709,30,Herk De Stad,Herk-de-Stad,50.94374,5.17691,2.2728110336909553,50.92873489342829,5.154885796856122,2018,3,15,71024,Herk-de-Stad,Normaal,Droog,Dag,met lichtgewonden,3,Fiets,9,personenauto,Op Kruispunt,Gemeenteweg,binnen bebouwde kom,Tss. 2 best.: langs opzij (voor-/achterkant-flank),Geen hindernis
6709,31,Herk De Stad,Herk-de-Stad,50.94366,5.1775,2.294643599961076,50.92873489342829,5.154885796856122,2018,3,15,71024,Herk-de-Stad,Normaal,Droog,Dag,met lichtgewonden,3,Fiets,9,personenauto,Op Kruispunt,Gemeenteweg,binnen bebouwde kom,Tss. 2 best.: langs opzij (voor-/achterkant-flank),Geen hindernis
6711,140,Hasselt ring,Hasselt,50.9300038,5.3438616,0.7833417083579831,50.92961379598265,5.332701406058571,2018,3,18,71022,Hasselt,Normaal,Droog,Dag,met lichtgewonden,9,personenauto,3,Fiets,Op Kruispunt,Gewestweg,binnen bebouwde kom,Tussen 2 bestuurders: Frontale botsing,Geen hindernis
6711,138,Hasselt-Kempische brug,Hasselt,50.9405318,5.3422472,1.3861162144859873,50.92961379598265,5.332701406058571,2018,3,18,71022,Hasselt,Normaal,Droog,Dag,met lichtgewonden,9,personenauto,3,Fiets,Op Kruispunt,Gewestweg,binnen bebouwde kom,Tussen 2 bestuurders: Frontale botsing,Geen hindernis
6711,137,Hasselt-Kempische brug,Hasselt,50.9411605,5.3417576,1.4322074216410774,50.92961379598265,5.332701406058571,2018,3,18,71022,Hasselt,Normaal,Droog,Dag,met lichtgewonden,9,personenauto,3,Fiets,Op Kruispunt,Gewestweg,binnen bebouwde kom,Tussen 2 bestuurders: Frontale botsing,Geen hindernis
6712,151,Leuven,District Leuven,50.8690262,4.6854839,2.1804454809842877,50.87077587884863,4.654535531013637,2018,3,10,24009,Bertem,Normaal,Droog,Dag,met lichtgewonden,9,personenauto,3,Fiets,Buiten Kruispunt,Gewestweg,binnen bebouwde kom,Tss. 2 best.: langs opzij (voor-/achterkant-flank),Geen hindernis
6712,73,Herent teller 2,Herent,50.89128,4.64685,2.342843854475393,50.87077587884863,4.654535531013637,2018,3,10,24009,Bertem,Normaal,Droog,Dag,met lichtgewonden,9,personenauto,3,Fiets,Buiten Kruispunt,Gewestweg,binnen bebouwde kom,Tss. 2 best.: langs opzij (voor-/achterkant-flank),Geen hindernis
6712,72,Herent teller 1,Herent,50.89135,4.64689,2.349776978083343,50.87077587884863,4.654535531013637,2018,3,10,24009,Bertem,Normaal,Droog,Dag,met lichtgewonden,9,personenauto,3,Fiets,Buiten Kruispunt,Gewestweg,binnen bebouwde kom,Tss. 2 best.: langs opzij (voor-/achterkant-flank),Geen hindernis
6714,111,Zaventem totem,Zaventem,50.8871216,4.4597084,2.0932647221251353,50.89797302940881,4.484095651762303,2018,4,15,23094,Zaventem,Normaal,Droog,Dag,met lichtgewonden,9,personenauto,3,Fiets,Op Kruispunt,Gewestweg,buiten bebouwde kom,Tss. 2 best.: langs opzij (voor-/achterkant-flank),Geen hindernis
6800,3,Brasschaat 1,Brasschaat,51.27503,4.47222,2.4983709451001674,51.25637979485762,4.492245101646976,2018,4,8,11040,Schoten,Normaal,Droog,Dag,met zwaargewonden,9,personenauto,3,Fiets,Op Kruispunt,Gewestweg,binnen bebouwde kom,Tss. 2 best.: langs opzij (voor-/achterkant-flank),Geen hindernis
6815,96,Lier teller 2,Lier,51.11705,4.58444,0.9336253453817775,51.12357918249612,4.576029804411996,2018,4,8,12021,Lier,Normaal,Droog,Dag,met lichtgewonden,3,Fiets,9,personenauto,Op Kruispunt,Gewestweg,binnen bebouwde kom,Tss. 2 best.: langs opzij (voor-/achterkant-flank),Geen hindernis
6815,95,Lier teller 1,Lier,51.11687,4.58437,0.9462603823636122,51.12357918249612,4.576029804411996,2018,4,8,12021,Lier,Normaal,Droog,Dag,met lichtgewonden,3,Fiets,9,personenauto,Op Kruispunt,Gewestweg,binnen bebouwde kom,Tss. 2 best.: langs opzij (voor-/achterkant-flank),Geen hindernis
6817,9,Heist op den Berg 2,Heist-op-den-Berg,51.06904,4.69524,1.1455840111585343,51.07886722028758,4.700162748149468,2018,4,20,12014,Heist-op-den-Berg,Normaal,Droog,Dageraad - schemering,met lichtgewonden,3,Fiets,9,personenauto,Op Kruispunt,Gemeenteweg,binnen bebouwde kom,Tss. 2 best.: langs opzij (voor-/achterkant-flank),Geen hindernis
6817,8,Heist op den Berg 1,Heist-op-den-Berg,51.06759,4.68823,1.5058217637776141,51.07886722028758,4.700162748149468,2018,4,20,12014,Heist-op-den-Berg,Normaal,Droog,Dageraad - schemering,met lichtgewonden,3,Fiets,9,personenauto,Op Kruispunt,Gemeenteweg,binnen bebouwde kom,Tss. 2 best.: langs opzij (voor-/achterkant-flank),Geen hindernis
6819,9,Heist op den Berg 2,Heist-op-den-Berg,51.06904,4.69524,1.9976920294309195,51.0763078715945,4.721388442221652,2018,4,17,12014,Heist-op-den-Berg,Normaal,Droog,Dag,met lichtgewonden,9,personenauto,3,Fiets,Buiten Kruispunt,Gemeenteweg,binnen bebouwde kom,Tussen 2 bestuurders: Frontale botsing,Geen hindernis
6829,89,Westerlo teller 2,Westerlo,51.08191,4.91334,0.14517142459925844,51.08066015748438,4.913940630734161,2018,4,16,13013,Herselt,Onbekend,Onbekend,Onbekend,met lichtgewonden,3,Fiets,3,Fiets,Buiten Kruispunt,Gewestweg,onbekend,Tss. 2 best.: langs opzij (voor-/achterkant-flank),Geen hindernis
6829,88,Westerlo teller 1,Westerlo,51.082,4.91325,0.15660009951765919,51.08066015748438,4.913940630734161,2018,4,16,13013,Herselt,Onbekend,Onbekend,Onbekend,met lichtgewonden,3,Fiets,3,Fiets,Buiten Kruispunt,Gewestweg,onbekend,Tss. 2 best.: langs opzij (voor-/achterkant-flank),Geen hindernis
6830,88,Westerlo teller 1,Westerlo,51.082,4.91325,1.8740825441771713,51.098531539280735,4.918474105862195,2018,4,15,13049,Westerlo,Normaal,Droog,Dag,met zwaargewonden,3,Fiets,3,Fiets,Buiten Kruispunt,Gemeenteweg,buiten bebouwde kom,Tussen 2 bestuurders: Flank tegen flank,Geen hindernis
6830,89,Westerlo teller 2,Westerlo,51.08191,4.91334,1.8826924173285235,51.098531539280735,4.918474105862195,2018,4,15,13049,Westerlo,Normaal,Droog,Dag,met zwaargewonden,3,Fiets,3,Fiets,Buiten Kruispunt,Gemeenteweg,buiten bebouwde kom,Tussen 2 bestuurders: Flank tegen flank,Geen hindernis
6833,98,Geel teller 2,Geel,51.1481,4.99643,1.9684229450024693,51.16385184834637,4.9835503856631895,2018,4,11,13008,Geel,Normaal,Droog,Dag,met lichtgewonden,9,personenauto,3,Fiets,Buiten Kruispunt,Gemeenteweg,binnen bebouwde kom,Tss. 2 best.: langs opzij (voor-/achterkant-flank),Geen hindernis
6833,97,Geel teller 1,Geel,51.14813,4.99698,1.9832788328676145,51.16385184834637,4.9835503856631895,2018,4,11,13008,Geel,Normaal,Droog,Dag,met lichtgewonden,9,personenauto,3,Fiets,Buiten Kruispunt,Gemeenteweg,binnen bebouwde kom,Tss. 2 best.: langs opzij (voor-/achterkant-flank),Geen hindernis
6834,98,Geel teller 2,Geel,51.1481,4.99643,1.9338466592047614,51.16065162795798,4.977237004090109,2018,4,16,13008,Geel,Normaal,"Nat, plassen",Dag,met lichtgewonden,5,Lichte vrachtauto,3,Fiets,Op Kruispunt,Gemeenteweg,binnen bebouwde kom,Tss. 2 best.: langs opzij (voor-/achterkant-flank),Geen hindernis
6834,97,Geel teller 1,Geel,51.14813,4.99698,1.9582206454928868,51.16065162795798,4.977237004090109,2018,4,16,13008,Geel,Normaal,"Nat, plassen",Dag,met lichtgewonden,5,Lichte vrachtauto,3,Fiets,Op Kruispunt,Gemeenteweg,binnen bebouwde kom,Tss. 2 best.: langs opzij (voor-/achterkant-flank),Geen hindernis
6837,4,Balen 1,Balen,51.16023,5.19011,2.20607004496284,51.17080022413857,5.216884183963921,2018,4,21,13003,Balen,Normaal,Onbekend,Dageraad - schemering,met zwaargewonden,3,Fiets,11,een weggebruiker tegen een hindernis,Buiten Kruispunt,Gemeenteweg,buiten bebouwde kom,Weggebruiker tegen hindernis op de rijbaan,"Op de rijbaan: Put, straatgoot, tramspoor"
6837,5,Balen 2,Balen,51.16018,5.19003,2.213754268057447,51.17080022413857,5.216884183963921,2018,4,21,13003,Balen,Normaal,Onbekend,Dageraad - schemering,met zwaargewonden,3,Fiets,11,een weggebruiker tegen een hindernis,Buiten Kruispunt,Gemeenteweg,buiten bebouwde kom,Weggebruiker tegen hindernis op de rijbaan,"Op de rijbaan: Put, straatgoot, tramspoor"
6840,94,Herentals teller 2,Herentals,51.17345,4.81283,2.2279463689512973,51.187216617010385,4.8360533969883,2018,4,16,13011,Herentals,Normaal,Droog,Dag,met lichtgewonden,3,Fiets,5,Lichte vrachtauto,Buiten Kruispunt,Gewestweg,binnen bebouwde kom,Tss. 2 best.: langs opzij (voor-/achterkant-flank),Geen hindernis
6840,110,Herentals totem,Herentals,51.1739426,4.811783,2.2451339674807063,51.187216617010385,4.8360533969883,2018,4,16,13011,Herentals,Normaal,Droog,Dag,met lichtgewonden,3,Fiets,5,Lichte vrachtauto,Buiten Kruispunt,Gewestweg,binnen bebouwde kom,Tss. 2 best.: langs opzij (voor-/achterkant-flank),Geen hindernis
6841,94,Herentals teller 2,Herentals,51.17345,4.81283,1.5411531713924829,51.17492658823871,4.834810919340843,2018,4,17,13011,Herentals,Normaal,Droog,Dag,met lichtgewonden,5,Lichte vrachtauto,3,Fiets,Op Kruispunt,Gemeenteweg,binnen bebouwde kom,Tss. 2 best.: langs opzij (voor-/achterkant-flank),Geen hindernis
6841,110,Herentals totem,Herentals,51.1739426,4.811783,1.6090886140346736,51.17492658823871,4.834810919340843,2018,4,17,13011,Herentals,Normaal,Droog,Dag,met lichtgewonden,5,Lichte vrachtauto,3,Fiets,Op Kruispunt,Gemeenteweg,binnen bebouwde kom,Tss. 2 best.: langs opzij (voor-/achterkant-flank),Geen hindernis
6855,39,Peer teller 1,Peer,51.13425,5.47817,1.1004765625690334,51.131771687346316,5.462901036832162,2018,4,12,72030,Peer,Normaal,Droog,Dag,met lichtgewonden,3,Fiets,9,personenauto,Buiten Kruispunt,Gewestweg,binnen bebouwde kom,Tss. 2 best.: langs opzij (voor-/achterkant-flank),Geen hindernis
6855,40,Peer teller 2,Peer,51.13438,5.47892,1.1547601619547216,51.131771687346316,5.462901036832162,2018,4,12,72030,Peer,Normaal,Droog,Dag,met lichtgewonden,3,Fiets,9,personenauto,Buiten Kruispunt,Gewestweg,binnen bebouwde kom,Tss. 2 best.: langs opzij (voor-/achterkant-flank),Geen hindernis
6860,44,Maaseik teller 2,Maaseik,51.09359,5.79726,1.946478624981857,51.10609700785628,5.777756391870515,2018,4,16,72021,Maaseik,Normaal,Droog,Dag,met lichtgewonden,9,personenauto,3,Fiets,Buiten Kruispunt,Gewestweg,buiten bebouwde kom,Tss. 2 best.: langs opzij (voor-/achterkant-flank),Geen hindernis
6860,43,Maaseik teller 1,Maaseik,51.09344,5.79715,1.9530984416882466,51.10609700785628,5.777756391870515,2018,4,16,72021,Maaseik,Normaal,Droog,Dag,met lichtgewonden,9,personenauto,3,Fiets,Buiten Kruispunt,Gewestweg,buiten bebouwde kom,Tss. 2 best.: langs opzij (voor-/achterkant-flank),Geen hindernis
6862,14,Genk,Genk,50.97172,5.48927,1.082944415102085,50.966213943556006,5.502026562759165,2018,4,11,71016,Genk,Normaal,Droog,Dag,met lichtgewonden,9,personenauto,3,Fiets,Op Kruispunt,Gewestweg,binnen bebouwde kom,Tussen 2 bestuurders: Flank tegen flank,Geen hindernis
6866,69,Leuven teller 1,Leuven,50.87549,4.71526,1.700554707416569,50.88320344066977,4.736189812028526,2018,4,12,24062,Leuven,Normaal,Droog,Dag,met lichtgewonden,3,Fiets,3,Fiets,Op Kruispunt,Gemeenteweg,binnen bebouwde kom,Tss. 2 best.: langs opzij (voor-/achterkant-flank),Geen hindernis
6866,107,leuven totem,Leuven,50.8870744,4.7087919,1.96958101501942,50.88320344066977,4.736189812028526,2018,4,12,24062,Leuven,Normaal,Droog,Dag,met lichtgewonden,3,Fiets,3,Fiets,Op Kruispunt,Gemeenteweg,binnen bebouwde kom,Tss. 2 best.: langs opzij (voor-/achterkant-flank),Geen hindernis
6866,77,Leuven teller 2,Leuven,50.88672,4.70796,2.018573404096212,50.88320344066977,4.736189812028526,2018,4,12,24062,Leuven,Normaal,Droog,Dag,met lichtgewonden,3,Fiets,3,Fiets,Op Kruispunt,Gemeenteweg,binnen bebouwde kom,Tss. 2 best.: langs opzij (voor-/achterkant-flank),Geen hindernis
6867,151,Leuven,District Leuven,50.8690262,4.6854839,0.861141058708198,50.869007211458396,4.697755269258954,2018,4,21,24062,Leuven,Normaal,Droog,Dageraad - schemering,met lichtgewonden,9,personenauto,3,Fiets,Op Kruispunt,Gewestweg,binnen bebouwde kom,Tss. 2 best.: langs opzij (voor-/achterkant-flank),Geen hindernis
6867,69,Leuven teller 1,Leuven,50.87549,4.71526,1.4242036453390086,50.869007211458396,4.697755269258954,2018,4,21,24062,Leuven,Normaal,Droog,Dageraad - schemering,met lichtgewonden,9,personenauto,3,Fiets,Op Kruispunt,Gewestweg,binnen bebouwde kom,Tss. 2 best.: langs opzij (voor-/achterkant-flank),Geen hindernis
6867,77,Leuven teller 2,Leuven,50.88672,4.70796,2.0956712054185687,50.869007211458396,4.697755269258954,2018,4,21,24062,Leuven,Normaal,Droog,Dageraad - schemering,met lichtgewonden,9,personenauto,3,Fiets,Op Kruispunt,Gewestweg,binnen bebouwde kom,Tss. 2 best.: langs opzij (voor-/achterkant-flank),Geen hindernis
6867,107,leuven totem,Leuven,50.8870744,4.7087919,2.1530452349502167,50.869007211458396,4.697755269258954,2018,4,21,24062,Leuven,Normaal,Droog,Dageraad - schemering,met lichtgewonden,9,personenauto,3,Fiets,Op Kruispunt,Gewestweg,binnen bebouwde kom,Tss. 2 best.: langs opzij (voor-/achterkant-flank),Geen hindernis
6867,108,Heverlee teller 1,Leuven,50.8471728,4.6954674,2.4331809001537494,50.869007211458396,4.697755269258954,2018,4,21,24062,Leuven,Normaal,Droog,Dageraad - schemering,met lichtgewonden,9,personenauto,3,Fiets,Op Kruispunt,Gewestweg,binnen bebouwde kom,Tss. 2 best.: langs opzij (voor-/achterkant-flank),Geen hindernis
6868,69,Leuven teller 1,Leuven,50.87549,4.71526,0.3410871643340941,50.874886577106885,4.710493792411177,2018,4,0,24062,Leuven,Normaal,Droog,"Nacht, openbare verlichting aanwezig en ontstoken",met lichtgewonden,3,Fiets,9,personenauto,Buiten Kruispunt,Gemeenteweg,binnen bebouwde kom,Tussen 2 bestuurders: Langs achteren,Geen hindernis
6868,77,Leuven teller 2,Leuven,50.88672,4.70796,1.327769917265334,50.874886577106885,4.710493792411177,2018,4,0,24062,Leuven,Normaal,Droog,"Nacht, openbare verlichting aanwezig en ontstoken",met lichtgewonden,3,Fiets,9,personenauto,Buiten Kruispunt,Gemeenteweg,binnen bebouwde kom,Tussen 2 bestuurders: Langs achteren,Geen hindernis
6868,107,leuven totem,Leuven,50.8870744,4.7087919,1.3604735942535644,50.874886577106885,4.710493792411177,2018,4,0,24062,Leuven,Normaal,Droog,"Nacht, openbare verlichting aanwezig en ontstoken",met lichtgewonden,3,Fiets,9,personenauto,Buiten Kruispunt,Gemeenteweg,binnen bebouwde kom,Tussen 2 bestuurders: Langs achteren,Geen hindernis
6868,151,Leuven,District Leuven,50.8690262,4.6854839,1.8720268979019874,50.874886577106885,4.710493792411177,2018,4,0,24062,Leuven,Normaal,Droog,"Nacht, openbare verlichting aanwezig en ontstoken",met lichtgewonden,3,Fiets,9,personenauto,Buiten Kruispunt,Gemeenteweg,binnen bebouwde kom,Tussen 2 bestuurders: Langs achteren,Geen hindernis
6869,69,Leuven teller 1,Leuven,50.87549,4.71526,1.0521080190778136,50.8707901678886,4.702246460701845,2018,4,8,24062,Leuven,Onbekend,Onbekend,Dag,met lichtgewonden,3,Fiets,9,personenauto,Op Kruispunt,Gemeenteweg,binnen bebouwde kom,Tss. 2 best.: langs opzij (voor-/achterkant-flank),Geen hindernis
6869,151,Leuven,District Leuven,50.8690262,4.6854839,1.1925248716634893,50.8707901678886,4.702246460701845,2018,4,8,24062,Leuven,Onbekend,Onbekend,Dag,met lichtgewonden,3,Fiets,9,personenauto,Op Kruispunt,Gemeenteweg,binnen bebouwde kom,Tss. 2 best.: langs opzij (voor-/achterkant-flank),Geen hindernis
6869,77,Leuven teller 2,Leuven,50.88672,4.70796,1.8161090811751661,50.8707901678886,4.702246460701845,2018,4,8,24062,Leuven,Onbekend,Onbekend,Dag,met lichtgewonden,3,Fiets,9,personenauto,Op Kruispunt,Gemeenteweg,binnen bebouwde kom,Tss. 2 best.: langs opzij (voor-/achterkant-flank),Geen hindernis
6869,107,leuven totem,Leuven,50.8870744,4.7087919,1.8680497320204132,50.8707901678886,4.702246460701845,2018,4,8,24062,Leuven,Onbekend,Onbekend,Dag,met lichtgewonden,3,Fiets,9,personenauto,Op Kruispunt,Gemeenteweg,binnen bebouwde kom,Tss. 2 best.: langs opzij (voor-/achterkant-flank),Geen hindernis
6870,69,Leuven teller 1,Leuven,50.87549,4.71526,2.443456589248846,50.87962706485731,4.749463294075073,2018,4,5,24062,Leuven,Normaal,Droog,"Nacht, openbare verlichting aanwezig en ontstoken",met lichtgewonden,3,Fiets,9,personenauto,Buiten Kruispunt,Gemeenteweg,binnen bebouwde kom,Tussen 2 bestuurders: Langs achteren,Geen hindernis
6871,69,Leuven teller 1,Leuven,50.87549,4.71526,0.9188461183869041,50.87266373559028,4.702954610994465,2018,4,13,24062,Leuven,Normaal,Droog,Dag,met lichtgewonden,3,Fiets,6,Bromfiets,Op Kruispunt,Gemeenteweg,binnen bebouwde kom,Tss. 2 best.: langs opzij (voor-/achterkant-flank),Geen hindernis