crash_row_id,site_id,site_name,site_gemeente,site_lat,site_long,distance_km,crash_lat,crash_long,DT_YEAR_COLLISION,DT_MONTH_COLLISION,DT_TIME,CD_NIS,TX_MUNTY_COLLISION_NL,TX_WEATHER_NL,TX_ROAD_CONDITION_NL,TX_LIGHT_CONDITION_NL,TX_CLASS_ACCIDENTS_NL,CD_ROAD_USR_TYPE1,TX_ROAD_USR_TYPE1_NL,CD_ROAD_USR_TYPE2,TX_ROAD_USR_TYPE2_NL,TX_CROSSWAY_NL,CD_ROAD_TYPE_NL,TX_BUILD_UP_AREA_NL,TX_COLLISION_TYPE_NL,TX_OBSTACLES_NL
6871,151,Leuven,District Leuven,50.8690262,4.6854839,1.2909527675620045,50.87266373559028,4.702954610994465,2018,4,13,24062,Leuven,Normaal,Droog,Dag,met lichtgewonden,3,Fiets,6,Bromfiets,Op Kruispunt,Gemeenteweg,binnen bebouwde kom,Tss. 2 best.: langs opzij (voor-/achterkant-flank),Geen hindernis
6871,77,Leuven teller 2,Leuven,50.88672,4.70796,1.601950031506826,50.87266373559028,4.702954610994465,2018,4,13,24062,Leuven,Normaal,Droog,Dag,met lichtgewonden,3,Fiets,6,Bromfiets,Op Kruispunt,Gemeenteweg,binnen bebouwde kom,Tss. 2 best.: langs opzij (voor-/achterkant-flank),Geen hindernis
6871,107,leuven totem,Leuven,50.8870744,4.7087919,1.6538986495516197,50.87266373559028,4.702954610994465,2018,4,13,24062,Leuven,Normaal,Droog,Dag,met lichtgewonden,3,Fiets,6,Bromfiets,Op Kruispunt,Gemeenteweg,binnen bebouwde kom,Tss. 2 best.: langs opzij (voor-/achterkant-flank),Geen hindernis
6872,151,Leuven,District Leuven,50.8690262,4.6854839,1.2252307287515312,50.85886109838938,4.692221474887929,2018,4,17,24062,Leuven,Normaal,Droog,Dag,met lichtgewonden,9,personenauto,3,Fiets,Op Kruispunt,Gemeenteweg,binnen bebouwde kom,Tss. 2 best.: langs opzij (voor-/achterkant-flank),Geen hindernis
6872,108,Heverlee teller 1,Leuven,50.8471728,4.6954674,1.3195024779546454,50.85886109838938,4.692221474887929,2018,4,17,24062,Leuven,Normaal,Droog,Dag,met lichtgewonden,9,personenauto,3,Fiets,Op Kruispunt,Gemeenteweg,binnen bebouwde kom,Tss. 2 best.: langs opzij (voor-/achterkant-flank),Geen hindernis
6872,76,Heverlee teller 2,Leuven,50.84606,4.69597,1.4475364023954425,50.85886109838938,4.692221474887929,2018,4,17,24062,Leuven,Normaal,Droog,Dag,met lichtgewonden,9,personenauto,3,Fiets,Op Kruispunt,Gemeenteweg,binnen bebouwde kom,Tss. 2 best.: langs opzij (voor-/achterkant-flank),Geen hindernis
6872,69,Leuven teller 1,Leuven,50.87549,4.71526,2.456210880157741,50.85886109838938,4.692221474887929,2018,4,17,24062,Leuven,Normaal,Droog,Dag,met lichtgewonden,9,personenauto,3,Fiets,Op Kruispunt,Gemeenteweg,binnen bebouwde kom,Tss. 2 best.: langs opzij (voor-/achterkant-flank),Geen hindernis
6873,77,Leuven teller 2,Leuven,50.88672,4.70796,0.9144686693320403,50.88245016910576,4.696818938803686,2018,4,11,24062,Leuven,Normaal,Droog,Dag,met lichtgewonden,9,personenauto,3,Fiets,Op Kruispunt,Gemeenteweg,binnen bebouwde kom,Tss. 2 best.: langs opzij (voor-/achterkant-flank),Geen hindernis
6873,107,leuven totem,Leuven,50.8870744,4.7087919,0.9848085444094227,50.88245016910576,4.696818938803686,2018,4,11,24062,Leuven,Normaal,Droog,Dag,met lichtgewonden,9,personenauto,3,Fiets,Op Kruispunt,Gemeenteweg,binnen bebouwde kom,Tss. 2 best.: langs opzij (voor-/achterkant-flank),Geen hindernis
6873,69,Leuven teller 1,Leuven,50.87549,4.71526,1.5076274953613256,50.88245016910576,4.696818938803686,2018,4,11,24062,Leuven,Normaal,Droog,Dag,met lichtgewonden,9,personenauto,3,Fiets,Op Kruispunt,Gemeenteweg,binnen bebouwde kom,Tss. 2 best.: langs opzij (voor-/achterkant-flank),Geen hindernis
6873,151,Leuven,District Leuven,50.8690262,4.6854839,1.691335199492866,50.88245016910576,4.696818938803686,2018,4,11,24062,Leuven,Normaal,Droog,Dag,met lichtgewonden,9,personenauto,3,Fiets,Op Kruispunt,Gemeenteweg,binnen bebouwde kom,Tss. 2 best.: langs opzij (voor-/achterkant-flank),Geen hindernis
6874,77,Leuven teller 2,Leuven,50.88672,4.70796,1.2158002679956417,50.8806345121571,4.693561524859541,2018,4,12,24062,Leuven,Onbekend,Onbekend,Dag,met lichtgewonden,3,Fiets,1,Autobus,Op Kruispunt,Gemeenteweg,binnen bebouwde kom,Tss. 2 best.: langs opzij (voor-/achterkant-flank),Geen hindernis
6874,107,leuven totem,Leuven,50.8870744,4.7087919,1.2862153781192167,50.8806345121571,4.693561524859541,2018,4,12,24062,Leuven,Onbekend,Onbekend,Dag,met lichtgewonden,3,Fiets,1,Autobus,Op Kruispunt,Gemeenteweg,binnen bebouwde kom,Tss. 2 best.: langs opzij (voor-/achterkant-flank),Geen hindernis
6874,151,Leuven,District Leuven,50.8690262,4.6854839,1.4097372463025497,50.8806345121571,4.693561524859541,2018,4,12,24062,Leuven,Onbekend,Onbekend,Dag,met lichtgewonden,3,Fiets,1,Autobus,Op Kruispunt,Gemeenteweg,binnen bebouwde kom,Tss. 2 best.: langs opzij (voor-/achterkant-flank),Geen hindernis
6874,69,Leuven teller 1,Leuven,50.87549,4.71526,1.6263130822179865,50.8806345121571,4.693561524859541,2018,4,12,24062,Leuven,Onbekend,Onbekend,Dag,met lichtgewonden,3,Fiets,1,Autobus,Op Kruispunt,Gemeenteweg,binnen bebouwde kom,Tss. 2 best.: langs opzij (voor-/achterkant-flank),Geen hindernis
6875,69,Leuven teller 1,Leuven,50.87549,4.71526,2.2073265155621176,50.88361591307487,4.743965174112396,2018,4,15,24062,Leuven,Normaal,Droog,Dag,met zwaargewonden,9,personenauto,3,Fiets,Op Kruispunt,Gemeenteweg,binnen bebouwde kom,Tss. 2 best.: langs opzij (voor-/achterkant-flank),Geen hindernis
6875,107,leuven totem,Leuven,50.8870744,4.7087919,2.4971949677764673,50.88361591307487,4.743965174112396,2018,4,15,24062,Leuven,Normaal,Droog,Dag,met zwaargewonden,9,personenauto,3,Fiets,Op Kruispunt,Gemeenteweg,binnen bebouwde kom,Tss. 2 best.: langs opzij (voor-/achterkant-flank),Geen hindernis
6876,107,leuven totem,Leuven,50.8870744,4.7087919,1.705975355155239,50.90121494022839,4.718228484746237,2018,4,19,24062,Leuven,Normaal,Droog,Dageraad - schemering,met lichtgewonden,9,personenauto,3,Fiets,Op Kruispunt,Gemeenteweg,buiten bebouwde kom,Tussen 2 bestuurders: Frontale botsing,Geen hindernis
6876,77,Leuven teller 2,Leuven,50.88672,4.70796,1.7653532710344175,50.90121494022839,4.718228484746237,2018,4,19,24062,Leuven,Normaal,Droog,Dageraad - schemering,met lichtgewonden,9,personenauto,3,Fiets,Op Kruispunt,Gemeenteweg,buiten bebouwde kom,Tussen 2 bestuurders: Frontale botsing,Geen hindernis
6881,22,Tienen 2,Tienen,50.81330800184882,4.935984252796022,1.8117177047576258,50.80126631822318,4.953352713704378,2018,4,15,24107,Tienen,Normaal,Droog,Dag,met lichtgewonden,9,personenauto,3,Fiets,Buiten Kruispunt,Gewestweg,binnen bebouwde kom,Tussen 2 bestuurders: Langs achteren,Geen hindernis
6881,24,Tienen 1,Tienen,50.8133795491886,4.935044252605416,1.8625984493160739,50.80126631822318,4.953352713704378,2018,4,15,24107,Tienen,Normaal,Droog,Dag,met lichtgewonden,9,personenauto,3,Fiets,Buiten Kruispunt,Gewestweg,binnen bebouwde kom,Tussen 2 bestuurders: Langs achteren,Geen hindernis
6881,23,Tienen 3,Tienen,50.81324,4.93447,1.8796725951574602,50.80126631822318,4.953352713704378,2018,4,15,24107,Tienen,Normaal,Droog,Dag,met lichtgewonden,9,personenauto,3,Fiets,Buiten Kruispunt,Gewestweg,binnen bebouwde kom,Tussen 2 bestuurders: Langs achteren,Geen hindernis
6882,72,Herent teller 1,Herent,50.89135,4.64689,1.8740400582558592,50.88562298805766,4.67201677196138,2018,4,7,24038,Herent,Normaal,Droog,Dag,met lichtgewonden,9,personenauto,3,Fiets,Op Kruispunt,Gewestweg,binnen bebouwde kom,Tussen 2 bestuurders: Flank tegen flank,Geen hindernis
6882,73,Herent teller 2,Herent,50.89128,4.64685,1.8740534748474589,50.88562298805766,4.67201677196138,2018,4,7,24038,Herent,Normaal,Droog,Dag,met lichtgewonden,9,personenauto,3,Fiets,Op Kruispunt,Gewestweg,binnen bebouwde kom,Tussen 2 bestuurders: Flank tegen flank,Geen hindernis
6882,151,Leuven,District Leuven,50.8690262,4.6854839,2.073304896937516,50.88562298805766,4.67201677196138,2018,4,7,24038,Herent,Normaal,Droog,Dag,met lichtgewonden,9,personenauto,3,Fiets,Op Kruispunt,Gewestweg,binnen bebouwde kom,Tussen 2 bestuurders: Flank tegen flank,Geen hindernis
6884,87,Aarschot,Aarschot,50.99084,4.81259,0.8292386800060313,50.98339430772091,4.811922968816148,2018,4,13,24001,Aarschot,Normaal,Droog,Dag,met lichtgewonden,3,Fiets,11,een weggebruiker tegen een hindernis,Buiten Kruispunt,Gemeenteweg,binnen bebouwde kom,Weggebruiker tegen hindernis op de rijbaan,"Op de rijbaan: Werken (signal., aarde, toestel,…)"
6885,70,Kampenhout teller 1,Kampenhout,50.95682,4.59318,2.0324954165176834,50.97491166015935,4.589038904608332,2018,4,21,24014,Boortmeerbeek,Normaal,Proper,Onbekend,met lichtgewonden,3,Fiets,10,"één bestuurder, geen hindernis",Buiten Kruispunt,Gemeenteweg,buiten bebouwde kom,"Eén bestuurder, geen hindernis (incl. val)",Geen hindernis
6885,71,Kampenhout teller 2,Kampenhout,50.95589,4.59164,2.122941118912046,50.97491166015935,4.589038904608332,2018,4,21,24014,Boortmeerbeek,Normaal,Proper,Onbekend,met lichtgewonden,3,Fiets,10,"één bestuurder, geen hindernis",Buiten Kruispunt,Gemeenteweg,buiten bebouwde kom,"Eén bestuurder, geen hindernis (incl. val)",Geen hindernis
6887,70,Kampenhout teller 1,Kampenhout,50.95682,4.59318,2.129724244191535,50.973445628248015,4.578080766206851,2018,4,18,24014,Boortmeerbeek,Normaal,Droog,Dag,met lichtgewonden,3,Fiets,9,personenauto,Buiten Kruispunt,Gemeenteweg,buiten bebouwde kom,Tss. 2 best.: langs opzij (voor-/achterkant-flank),Geen hindernis
6887,71,Kampenhout teller 2,Kampenhout,50.95589,4.59164,2.1707939016139806,50.973445628248015,4.578080766206851,2018,4,18,24014,Boortmeerbeek,Normaal,Droog,Dag,met lichtgewonden,3,Fiets,9,personenauto,Buiten Kruispunt,Gemeenteweg,buiten bebouwde kom,Tss. 2 best.: langs opzij (voor-/achterkant-flank),Geen hindernis
6892,111,Zaventem totem,Zaventem,50.8871216,4.4597084,0.9120129527008662,50.893265802696256,4.468321582659374,2018,4,16,23094,Zaventem,Normaal,Droog,Dag,met zwaargewonden,9,personenauto,3,Fiets,Buiten Kruispunt,Gemeenteweg,binnen bebouwde kom,Tss. 2 best.: langs opzij (voor-/achterkant-flank),Geen hindernis
6897,27,Grimbergen,Meise,50.92127,4.34013,1.7809418877202314,50.93580503447666,4.329456513128392,2018,4,0,23050,Meise,Normaal,Droog,"Nacht, openbare verlichting aanwezig en ontstoken",met lichtgewonden,3,Fiets,11,een weggebruiker tegen een hindernis,Op Kruispunt,Gewestweg,buiten bebouwde kom,Weggebruiker tegen hindernis buiten rijbaan,Buiten de rijbaan: Andere paal
6900,47,Vilvoorde,Vilvoorde,50.91372,4.41497,1.5251572248011926,50.92499643664074,4.402583703055196,2018,4,8,23025,Grimbergen,Normaal,Droog,Dag,met lichtgewonden,3,Fiets,9,personenauto,Op Kruispunt,Gewestweg,buiten bebouwde kom,Tss. 2 best.: langs opzij (voor-/achterkant-flank),Geen hindernis
6901,47,Vilvoorde,Vilvoorde,50.91372,4.41497,1.421017763950273,50.926495966988014,4.414492021766217,2018,4,19,23088,Vilvoorde,Normaal,Droog,Dag,met lichtgewonden,9,personenauto,3,Fiets,Buiten Kruispunt,Gemeenteweg,binnen bebouwde kom,Tss. 2 best.: langs opzij (voor-/achterkant-flank),Geen hindernis
6902,1,Machelen,Machelen,50.91618331151478,4.456121776137429,1.0870488696979694,50.92488108239371,4.449041786218003,2018,4,7,23088,Vilvoorde,Normaal,Droog,Dag,met lichtgewonden,9,personenauto,3,Fiets,Buiten Kruispunt,Gemeenteweg,binnen bebouwde kom,Tussen 2 bestuurders: Flank tegen flank,Geen hindernis
6903,1,Machelen,Machelen,50.91618331151478,4.456121776137429,2.189409470644179,50.93031502964475,4.434371175001429,2018,4,8,23088,Vilvoorde,Normaal,Droog,Dag,met lichtgewonden,9,personenauto,3,Fiets,Buiten Kruispunt,Gemeenteweg,binnen bebouwde kom,Tss. 2 best.: langs opzij (voor-/achterkant-flank),Geen hindernis
6903,47,Vilvoorde,Vilvoorde,50.91372,4.41497,2.29225986283316,50.93031502964475,4.434371175001429,2018,4,8,23088,Vilvoorde,Normaal,Droog,Dag,met lichtgewonden,9,personenauto,3,Fiets,Buiten Kruispunt,Gemeenteweg,binnen bebouwde kom,Tss. 2 best.: langs opzij (voor-/achterkant-flank),Geen hindernis
6904,71,Kampenhout teller 2,Kampenhout,50.95589,4.59164,0.5010202432813678,50.95303145683673,4.597169008436762,2018,4,13,23038,Kampenhout,Normaal,Droog,Dag,met lichtgewonden,3,Fiets,9,personenauto,Buiten Kruispunt,Gewestweg,buiten bebouwde kom,Tussen 2 bestuurders: Flank tegen flank,Geen hindernis
6904,70,Kampenhout teller 1,Kampenhout,50.95682,4.59318,0.5055058213837926,50.95303145683673,4.597169008436762,2018,4,13,23038,Kampenhout,Normaal,Droog,Dag,met lichtgewonden,3,Fiets,9,personenauto,Buiten Kruispunt,Gewestweg,buiten bebouwde kom,Tussen 2 bestuurders: Flank tegen flank,Geen hindernis
6914,13,Gent,Gent,51.03018,3.70146,2.108058166394694,51.03841290596882,3.7286161438716006,2018,4,3,44021,Gent,Normaal,Droog,"Nacht, openbare verlichting aanwezig en ontstoken",met lichtgewonden,3,Fiets,8,Voetganger,Buiten Kruispunt,Gewestweg,binnen bebouwde kom,Met een voetganger,Geen hindernis
6915,13,Gent,Gent,51.03018,3.70146,2.021694194549881,51.038426955154556,3.727226791863956,2018,4,16,44021,Gent,Normaal,"Nat, plassen",Dag,met lichtgewonden,9,personenauto,3,Fiets,Buiten Kruispunt,Gewestweg,binnen bebouwde kom,Tussen 2 bestuurders: Flank tegen flank,Geen hindernis
6923,13,Gent,Gent,51.03018,3.70146,1.8484768763029287,51.03975939476071,3.723064943838558,2018,4,19,44021,Gent,Onbekend,Onbekend,Onbekend,met lichtgewonden,3,Fiets,9,personenauto,Op Kruispunt,Gewestweg,binnen bebouwde kom,Tss. 2 best.: langs opzij (voor-/achterkant-flank),Geen hindernis
6930,13,Gent,Gent,51.03018,3.70146,1.99036965827707,51.0304332792941,3.72991884840102,2018,4,18,44021,Gent,Normaal,Droog,Dag,met lichtgewonden,7,Motorfiets,3,Fiets,Op Kruispunt,Gemeenteweg,binnen bebouwde kom,Tss. 2 best.: langs opzij (voor-/achterkant-flank),Geen hindernis
6931,136,Gent R4,Gent,51.0876313,3.7587918,1.965819875131903,51.0773823876847,3.7817226115354123,2018,4,10,44021,Gent,Normaal,Droog,Dag,met lichtgewonden,9,personenauto,3,Fiets,Op Kruispunt,Gewestweg,buiten bebouwde kom,Tussen 2 bestuurders: Flank tegen flank,Geen hindernis
6932,136,Gent R4,Gent,51.0876313,3.7587918,1.4236730215450233,51.100385954679304,3.757014601685683,2018,4,18,44021,Gent,Normaal,Droog,Dageraad - schemering,met lichtgewonden,3,Fiets,3,Fiets,Buiten Kruispunt,Gewestweg,buiten bebouwde kom,Tussen 2 bestuurders: Frontale botsing,Geen hindernis
6933,136,Gent R4,Gent,51.0876313,3.7587918,1.1110841609265945,51.078087446709354,3.75408050587421,2018,4,15,44021,Gent,Normaal,Droog,Dag,met lichtgewonden,9,personenauto,3,Fiets,Buiten Kruispunt,Gemeenteweg,binnen bebouwde kom,Tss. 2 best.: langs opzij (voor-/achterkant-flank),Geen hindernis
6935,118,Gent teller 1,Gent,51.028049,3.7681359,0.04030132066999572,51.028355940743566,3.7678294454445314,2018,4,8,44021,Gent,Normaal,Droog,Dag,met lichtgewonden,9,personenauto,3,Fiets,Op Kruispunt,Gewestweg,binnen bebouwde kom,Tss. 2 best.: langs opzij (voor-/achterkant-flank),Geen hindernis
6935,119,Gent teller 2,Gent,51.0281795,3.7683918,0.043950108071750475,51.028355940743566,3.7678294454445314,2018,4,8,44021,Gent,Normaal,Droog,Dag,met lichtgewonden,9,personenauto,3,Fiets,Op Kruispunt,Gewestweg,binnen bebouwde kom,Tss. 2 best.: langs opzij (voor-/achterkant-flank),Geen hindernis
6937,118,Gent teller 1,Gent,51.028049,3.7681359,2.075003574089765,51.039632932499266,3.744871253949295,2018,4,14,44021,Gent,Normaal,Droog,Dag,met zwaargewonden,2,Andere weggebruiker,3,Fiets,Buiten Kruispunt,Gewestweg,binnen bebouwde kom,Tss. 2 best.: langs opzij (voor-/achterkant-flank),Geen hindernis
6937,119,Gent teller 2,Gent,51.0281795,3.7683918,2.0801445144400654,51.039632932499266,3.744871253949295,2018,4,14,44021,Gent,Normaal,Droog,Dag,met zwaargewonden,2,Andere weggebruiker,3,Fiets,Buiten Kruispunt,Gewestweg,binnen bebouwde kom,Tss. 2 best.: langs opzij (voor-/achterkant-flank),Geen hindernis
6938,13,Gent,Gent,51.03018,3.70146,2.1989573043006945,51.038446498532956,3.730027889584912,2018,4,7,44021,Gent,Normaal,Proper,Dag,met lichtgewonden,9,personenauto,3,Fiets,Op Kruispunt,Gewestweg,binnen bebouwde kom,Tss. 2 best.: langs opzij (voor-/achterkant-flank),Geen hindernis
6940,13,Gent,Gent,51.03018,3.70146,1.3808623997876321,51.03322069619752,3.7206054320358093,2018,4,19,44021,Gent,Normaal,Droog,Dag,met lichtgewonden,3,Fiets,1,Autobus,Op Kruispunt,Gewestweg,onbekend,Tussen 2 bestuurders: Flank tegen flank,Geen hindernis
6956,116,Melle teller 2,Melle,50.9986113,3.8040599,1.0867563687933184,50.989482650013976,3.7985131991241188,2018,4,17,44040,Melle,Normaal,Droog,Dag,met lichtgewonden,3,Fiets,10,"één bestuurder, geen hindernis",Buiten Kruispunt,Gewestweg,buiten bebouwde kom,"Eén bestuurder, geen hindernis (incl. val)",Geen hindernis
6956,117,Melle teller 1,Melle,50.9986113,3.8040599,1.0867563687933184,50.989482650013976,3.7985131991241188,2018,4,17,44040,Melle,Normaal,Droog,Dag,met lichtgewonden,3,Fiets,10,"één bestuurder, geen hindernis",Buiten Kruispunt,Gewestweg,buiten bebouwde kom,"Eén bestuurder, geen hindernis (incl. val)",Geen hindernis
6958,119,Gent teller 2,Gent,51.0281795,3.7683918,2.3034506730102136,51.0406978376391,3.7946382426988383,2018,4,10,44013,Destelbergen,Normaal,Droog,Dag,met lichtgewonden,9,personenauto,3,Fiets,Op Kruispunt,Gewestweg,binnen bebouwde kom,Tss. 2 best.: langs opzij (voor-/achterkant-flank),Geen hindernis
6958,118,Gent teller 1,Gent,51.028049,3.7681359,2.3264789025035655,51.0406978376391,3.7946382426988383,2018,4,10,44013,Destelbergen,Normaal,Droog,Dag,met lichtgewonden,9,personenauto,3,Fiets,Op Kruispunt,Gewestweg,binnen bebouwde kom,Tss. 2 best.: langs opzij (voor-/achterkant-flank),Geen hindernis
6962,116,Melle teller 2,Melle,50.9986113,3.8040599,0.6561061406509617,51.00387339023349,3.799817871150071,2018,4,12,44040,Melle,Normaal,Droog,Dag,met lichtgewonden,6,Bromfiets,3,Fiets,Buiten Kruispunt,Gewestweg,binnen bebouwde kom,Tss. 2 best.: langs opzij (voor-/achterkant-flank),Geen hindernis
6962,117,Melle teller 1,Melle,50.9986113,3.8040599,0.6561061406509617,51.00387339023349,3.799817871150071,2018,4,12,44040,Melle,Normaal,Droog,Dag,met lichtgewonden,6,Bromfiets,3,Fiets,Buiten Kruispunt,Gewestweg,binnen bebouwde kom,Tss. 2 best.: langs opzij (voor-/achterkant-flank),Geen hindernis
6975,113,Deinze teller 2,Deinze,50.96018,3.55578,2.3674866441582494,50.97367950925716,3.52963609914418,2018,4,8,44083,Deinze,Regenval,"Nat, plassen",Dag,met lichtgewonden,9,personenauto,3,Fiets,Op Kruispunt,Gemeenteweg,binnen bebouwde kom,Tss. 2 best.: langs opzij (voor-/achterkant-flank),Geen hindernis
6975,114,Deinze teller 1,Nazareth,50.9598305,3.555502,2.3774559857962148,50.97367950925716,3.52963609914418,2018,4,8,44083,Deinze,Regenval,"Nat, plassen",Dag,met lichtgewonden,9,personenauto,3,Fiets,Op Kruispunt,Gemeenteweg,binnen bebouwde kom,Tss. 2 best.: langs opzij (voor-/achterkant-flank),Geen hindernis
6976,6,Evergem 2,Evergem,51.10894,3.70298,2.4674853573444224,51.092347752854344,3.6795148558634594,2018,4,15,44019,Evergem,Normaal,Droog,Dag,met zwaargewonden,3,Fiets,11,een weggebruiker tegen een hindernis,Buiten Kruispunt,Gemeenteweg,buiten bebouwde kom,Weggebruiker tegen hindernis op de rijbaan,"Op de rijbaan: Werken (signal., aarde, toestel,…)"
6976,7,Evergem 1,Evergem,51.1089,3.70317,2.4730030990056915,51.092347752854344,3.6795148558634594,2018,4,15,44019,Evergem,Normaal,Droog,Dag,met zwaargewonden,3,Fiets,11,een weggebruiker tegen een hindernis,Buiten Kruispunt,Gemeenteweg,buiten bebouwde kom,Weggebruiker tegen hindernis op de rijbaan,"Op de rijbaan: Werken (signal., aarde, toestel,…)"
6977,6,Evergem 2,Evergem,51.10894,3.70298,0.328136117534793,51.11077331251523,3.6992967751017822,2018,4,9,44019,Evergem,Normaal,Droog,Dag,met lichtgewonden,9,personenauto,3,Fiets,Op Kruispunt,Gewestweg,binnen bebouwde kom,Tussen 2 bestuurders: Frontale botsing,Geen hindernis
6977,7,Evergem 1,Evergem,51.1089,3.70317,0.34132648616204786,51.11077331251523,3.6992967751017822,2018,4,9,44019,Evergem,Normaal,Droog,Dag,met lichtgewonden,9,personenauto,3,Fiets,Op Kruispunt,Gewestweg,binnen bebouwde kom,Tussen 2 bestuurders: Frontale botsing,Geen hindernis
6979,131,Nevele,Deinze,51.0276612,3.558569,1.3808138685508724,51.03814624279721,3.5479889212472084,2018,4,11,44083,Deinze,Normaal,Droog,Dag,met zwaargewonden,9,personenauto,3,Fiets,Buiten Kruispunt,Gewestweg,binnen bebouwde kom,Tss. 2 best.: langs opzij (voor-/achterkant-flank),Geen hindernis
7011,126,Hamme totem,Hamme,51.1017709,4.1469307,2.1837821588052386,51.110772767524566,4.174730168578444,2018,4,20,46025,Temse,Normaal,Droog,Dag,met lichtgewonden,3,Fiets,10,"één bestuurder, geen hindernis",Buiten Kruispunt,Gemeenteweg,binnen bebouwde kom,"Eén bestuurder, geen hindernis (incl. val)",Geen hindernis
7016,128,Lokeren teller 1,Lokeren,51.09644,3.97023,0.4151949282725356,51.09950331511446,3.9736297943665213,2018,4,7,46014,Lokeren,Normaal,Droog,Dageraad - schemering,met lichtgewonden,9,personenauto,3,Fiets,Op Kruispunt,Gewestweg,binnen bebouwde kom,Tss. 2 best.: langs opzij (voor-/achterkant-flank),Geen hindernis
7016,129,Lokeren teller 2,Lokeren,51.09612,3.97025,0.4441088334735325,51.09950331511446,3.9736297943665213,2018,4,7,46014,Lokeren,Normaal,Droog,Dageraad - schemering,met lichtgewonden,9,personenauto,3,Fiets,Op Kruispunt,Gewestweg,binnen bebouwde kom,Tss. 2 best.: langs opzij (voor-/achterkant-flank),Geen hindernis
7016,141,Test site A support,Lokeren,51.08342085,3.9961071208376326,2.3795468311009946,51.09950331511446,3.9736297943665213,2018,4,7,46014,Lokeren,Normaal,Droog,Dageraad - schemering,met lichtgewonden,9,personenauto,3,Fiets,Op Kruispunt,Gewestweg,binnen bebouwde kom,Tss. 2 best.: langs opzij (voor-/achterkant-flank),Geen hindernis
7017,141,Test site A support,Lokeren,51.08342085,3.9961071208376326,1.5150766373326598,51.09704562992974,3.996315995387428,2018,4,7,46014,Lokeren,Normaal,Droog,Dag,met lichtgewonden,7,Motorfiets,3,Fiets,Buiten Kruispunt,Gewestweg,buiten bebouwde kom,Tussen 2 bestuurders: Langs achteren,Geen hindernis
7017,128,Lokeren teller 1,Lokeren,51.09644,3.97023,1.8228613860371692,51.09704562992974,3.996315995387428,2018,4,7,46014,Lokeren,Normaal,Droog,Dag,met lichtgewonden,7,Motorfiets,3,Fiets,Buiten Kruispunt,Gewestweg,buiten bebouwde kom,Tussen 2 bestuurders: Langs achteren,Geen hindernis
7017,129,Lokeren teller 2,Lokeren,51.09612,3.97025,1.8231343436595306,51.09704562992974,3.996315995387428,2018,4,7,46014,Lokeren,Normaal,Droog,Dag,met lichtgewonden,7,Motorfiets,3,Fiets,Buiten Kruispunt,Gewestweg,buiten bebouwde kom,Tussen 2 bestuurders: Langs achteren,Geen hindernis
7021,120,Zele teller 1,Zele,51.0607671,4.0547741,2.0720443001972493,51.07347730187595,4.033089526463455,2018,4,13,42028,Zele,Normaal,Droog,Dag,met lichtgewonden,9,personenauto,3,Fiets,Buiten Kruispunt,Gemeenteweg,binnen bebouwde kom,Tss. 2 best.: langs opzij (voor-/achterkant-flank),Geen hindernis
7021,121,Zele teller 2,Zele,51.0604067,4.0556696,2.1451834440008537,51.07347730187595,4.033089526463455,2018,4,13,42028,Zele,Normaal,Droog,Dag,met lichtgewonden,9,personenauto,3,Fiets,Buiten Kruispunt,Gemeenteweg,binnen bebouwde kom,Tss. 2 best.: langs opzij (voor-/achterkant-flank),Geen hindernis
7022,120,Zele teller 1,Zele,51.0607671,4.0547741,1.5910692948820666,51.06288497499607,4.0322575607097,2018,4,19,42028,Zele,Normaal,Droog,Dag,met lichtgewonden,3,Fiets,9,personenauto,Buiten Kruispunt,Gemeenteweg,binnen bebouwde kom,Tss. 2 best.: langs opzij (voor-/achterkant-flank),Geen hindernis
7022,121,Zele teller 2,Zele,51.0604067,4.0556696,1.65917685876531,51.06288497499607,4.0322575607097,2018,4,19,42028,Zele,Normaal,Droog,Dag,met lichtgewonden,3,Fiets,9,personenauto,Buiten Kruispunt,Gemeenteweg,binnen bebouwde kom,Tss. 2 best.: langs opzij (voor-/achterkant-flank),Geen hindernis
7023,120,Zele teller 1,Zele,51.0607671,4.0547741,1.7987259624934029,51.06559725383737,4.030208818058935,2018,4,13,42028,Zele,Normaal,Droog,Dag,met lichtgewonden,5,Lichte vrachtauto,3,Fiets,Op Kruispunt,Gewestweg,binnen bebouwde kom,Tss. 2 best.: langs opzij (voor-/achterkant-flank),Geen hindernis
7023,121,Zele teller 2,Zele,51.0604067,4.0556696,1.8705252672520927,51.06559725383737,4.030208818058935,2018,4,13,42028,Zele,Normaal,Droog,Dag,met lichtgewonden,5,Lichte vrachtauto,3,Fiets,Op Kruispunt,Gewestweg,binnen bebouwde kom,Tss. 2 best.: langs opzij (voor-/achterkant-flank),Geen hindernis
7026,120,Zele teller 1,Zele,51.0607671,4.0547741,1.8837268353085128,51.06921489700276,4.031408014959906,2018,4,17,42028,Zele,Normaal,Droog,Dag,met lichtgewonden,9,personenauto,3,Fiets,Op Kruispunt,Gemeenteweg,binnen bebouwde kom,Tss. 2 best.: langs opzij (voor-/achterkant-flank),Geen hindernis