crash_row_id,site_id,site_name,site_gemeente,site_lat,site_long,distance_km,crash_lat,crash_long,DT_YEAR_COLLISION,DT_MONTH_COLLISION,DT_TIME,CD_NIS,TX_MUNTY_COLLISION_NL,TX_WEATHER_NL,TX_ROAD_CONDITION_NL,TX_LIGHT_CONDITION_NL,TX_CLASS_ACCIDENTS_NL,CD_ROAD_USR_TYPE1,TX_ROAD_USR_TYPE1_NL,CD_ROAD_USR_TYPE2,TX_ROAD_USR_TYPE2_NL,TX_CROSSWAY_NL,CD_ROAD_TYPE_NL,TX_BUILD_UP_AREA_NL,TX_COLLISION_TYPE_NL,TX_OBSTACLES_NL
7026,121,Zele teller 2,Zele,51.0604067,4.0556696,1.957960807939819,51.06921489700276,4.031408014959906,2018,4,17,42028,Zele,Normaal,Droog,Dag,met lichtgewonden,9,personenauto,3,Fiets,Op Kruispunt,Gemeenteweg,binnen bebouwde kom,Tss. 2 best.: langs opzij (voor-/achterkant-flank),Geen hindernis
7029,121,Zele teller 2,Zele,51.0604067,4.0556696,0.3240849126430894,51.05769740924217,4.057379089925728,2018,4,8,42028,Zele,Normaal,Droog,Dag,met lichtgewonden,2,Andere weggebruiker,3,Fiets,Op Kruispunt,Gemeenteweg,buiten bebouwde kom,Tss. 2 best.: langs opzij (voor-/achterkant-flank),Geen hindernis
7029,120,Zele teller 1,Zele,51.0607671,4.0547741,0.3868510584174253,51.05769740924217,4.057379089925728,2018,4,8,42028,Zele,Normaal,Droog,Dag,met lichtgewonden,2,Andere weggebruiker,3,Fiets,Op Kruispunt,Gemeenteweg,buiten bebouwde kom,Tss. 2 best.: langs opzij (voor-/achterkant-flank),Geen hindernis
7040,11,Aalst 3,Aalst,50.93385,4.01647,2.1143578721596428,50.920433655560295,4.037847941040721,2018,4,7,41002,Aalst,Onbekend,Onbekend,Dag,met lichtgewonden,3,Fiets,9,personenauto,Buiten Kruispunt,Gewestweg,buiten bebouwde kom,Tss. 2 best.: langs opzij (voor-/achterkant-flank),Geen hindernis
7040,19,Aalst 1,Aalst,50.93433,4.01471,2.2399642513302283,50.920433655560295,4.037847941040721,2018,4,7,41002,Aalst,Onbekend,Onbekend,Dag,met lichtgewonden,3,Fiets,9,personenauto,Buiten Kruispunt,Gewestweg,buiten bebouwde kom,Tss. 2 best.: langs opzij (voor-/achterkant-flank),Geen hindernis
7040,10,Aalst 2,Aalst,50.93549,4.01571,2.282593909549992,50.920433655560295,4.037847941040721,2018,4,7,41002,Aalst,Onbekend,Onbekend,Dag,met lichtgewonden,3,Fiets,9,personenauto,Buiten Kruispunt,Gewestweg,buiten bebouwde kom,Tss. 2 best.: langs opzij (voor-/achterkant-flank),Geen hindernis
7041,11,Aalst 3,Aalst,50.93385,4.01647,1.9683899520311552,50.93459191189182,4.044534519693393,2018,4,19,41002,Aalst,Normaal,Droog,Dag,met lichtgewonden,9,personenauto,3,Fiets,Op Kruispunt,Gewestweg,binnen bebouwde kom,Tss. 2 best.: langs opzij (voor-/achterkant-flank),Geen hindernis
7041,10,Aalst 2,Aalst,50.93549,4.01571,2.022349981593753,50.93459191189182,4.044534519693393,2018,4,19,41002,Aalst,Normaal,Droog,Dag,met lichtgewonden,9,personenauto,3,Fiets,Op Kruispunt,Gewestweg,binnen bebouwde kom,Tss. 2 best.: langs opzij (voor-/achterkant-flank),Geen hindernis
7041,19,Aalst 1,Aalst,50.93433,4.01471,2.0901870114718593,50.93459191189182,4.044534519693393,2018,4,19,41002,Aalst,Normaal,Droog,Dag,met lichtgewonden,9,personenauto,3,Fiets,Op Kruispunt,Gewestweg,binnen bebouwde kom,Tss. 2 best.: langs opzij (voor-/achterkant-flank),Geen hindernis
7042,10,Aalst 2,Aalst,50.93549,4.01571,1.0454761321001822,50.94122660499318,4.003888588189957,2018,4,9,41002,Aalst,Normaal,Droog,Dag,met lichtgewonden,3,Fiets,5,Lichte vrachtauto,Buiten Kruispunt,Gewestweg,binnen bebouwde kom,Tss. 2 best.: langs opzij (voor-/achterkant-flank),Geen hindernis
7042,19,Aalst 1,Aalst,50.93433,4.01471,1.078450470896183,50.94122660499318,4.003888588189957,2018,4,9,41002,Aalst,Normaal,Droog,Dag,met lichtgewonden,3,Fiets,5,Lichte vrachtauto,Buiten Kruispunt,Gewestweg,binnen bebouwde kom,Tss. 2 best.: langs opzij (voor-/achterkant-flank),Geen hindernis
7042,11,Aalst 3,Aalst,50.93385,4.01647,1.2041631416133947,50.94122660499318,4.003888588189957,2018,4,9,41002,Aalst,Normaal,Droog,Dag,met lichtgewonden,3,Fiets,5,Lichte vrachtauto,Buiten Kruispunt,Gewestweg,binnen bebouwde kom,Tss. 2 best.: langs opzij (voor-/achterkant-flank),Geen hindernis
7045,11,Aalst 3,Aalst,50.93385,4.01647,2.158456200509078,50.93483118916895,4.047232177385838,2018,4,2,41002,Aalst,Normaal,Droog,"Nacht, openbare verlichting aanwezig en ontstoken",met zwaargewonden,3,Fiets,10,"één bestuurder, geen hindernis",Buiten Kruispunt,Gewestweg,binnen bebouwde kom,"Eén bestuurder, geen hindernis (incl. val)",Geen hindernis
7045,10,Aalst 2,Aalst,50.93549,4.01571,2.210130400076904,50.93483118916895,4.047232177385838,2018,4,2,41002,Aalst,Normaal,Droog,"Nacht, openbare verlichting aanwezig en ontstoken",met zwaargewonden,3,Fiets,10,"één bestuurder, geen hindernis",Buiten Kruispunt,Gewestweg,binnen bebouwde kom,"Eén bestuurder, geen hindernis (incl. val)",Geen hindernis
7045,19,Aalst 1,Aalst,50.93433,4.01471,2.279700688029404,50.93483118916895,4.047232177385838,2018,4,2,41002,Aalst,Normaal,Droog,"Nacht, openbare verlichting aanwezig en ontstoken",met zwaargewonden,3,Fiets,10,"één bestuurder, geen hindernis",Buiten Kruispunt,Gewestweg,binnen bebouwde kom,"Eén bestuurder, geen hindernis (incl. val)",Geen hindernis
7047,10,Aalst 2,Aalst,50.93549,4.01571,2.259699726739519,50.95000689439961,4.0382798513407785,2018,4,16,41002,Aalst,Normaal,Droog,Dag,met lichtgewonden,3,Fiets,9,personenauto,Buiten Kruispunt,Gemeenteweg,binnen bebouwde kom,Tss. 2 best.: langs opzij (voor-/achterkant-flank),Geen hindernis
7047,11,Aalst 3,Aalst,50.93385,4.01647,2.3585465568952073,50.95000689439961,4.0382798513407785,2018,4,16,41002,Aalst,Normaal,Droog,Dag,met lichtgewonden,3,Fiets,9,personenauto,Buiten Kruispunt,Gemeenteweg,binnen bebouwde kom,Tss. 2 best.: langs opzij (voor-/achterkant-flank),Geen hindernis
7047,19,Aalst 1,Aalst,50.93433,4.01471,2.401221267657885,50.95000689439961,4.0382798513407785,2018,4,16,41002,Aalst,Normaal,Droog,Dag,met lichtgewonden,3,Fiets,9,personenauto,Buiten Kruispunt,Gemeenteweg,binnen bebouwde kom,Tss. 2 best.: langs opzij (voor-/achterkant-flank),Geen hindernis
7048,10,Aalst 2,Aalst,50.93549,4.01571,1.2789876032960024,50.938900983912326,4.033141451844219,2018,4,17,41002,Aalst,Normaal,Droog,Dag,met lichtgewonden,9,personenauto,3,Fiets,Op Kruispunt,Gemeenteweg,binnen bebouwde kom,Tussen 2 bestuurders: Flank tegen flank,Geen hindernis
7048,11,Aalst 3,Aalst,50.93385,4.01647,1.296219283054005,50.938900983912326,4.033141451844219,2018,4,17,41002,Aalst,Normaal,Droog,Dag,met lichtgewonden,9,personenauto,3,Fiets,Op Kruispunt,Gemeenteweg,binnen bebouwde kom,Tussen 2 bestuurders: Flank tegen flank,Geen hindernis
7048,19,Aalst 1,Aalst,50.93433,4.01471,1.3879562559306753,50.938900983912326,4.033141451844219,2018,4,17,41002,Aalst,Normaal,Droog,Dag,met lichtgewonden,9,personenauto,3,Fiets,Op Kruispunt,Gemeenteweg,binnen bebouwde kom,Tussen 2 bestuurders: Flank tegen flank,Geen hindernis
7050,11,Aalst 3,Aalst,50.93385,4.01647,1.7409784591578292,50.93873310288097,4.040075875987296,2018,4,4,41002,Aalst,Regenval,"Nat, plassen","Nacht, openbare verlichting aanwezig en ontstoken",met lichtgewonden,3,Fiets,10,"één bestuurder, geen hindernis",Buiten Kruispunt,Gemeenteweg,binnen bebouwde kom,"Eén bestuurder, geen hindernis (incl. val)",Geen hindernis
7050,10,Aalst 2,Aalst,50.93549,4.01571,1.7450344720975992,50.93873310288097,4.040075875987296,2018,4,4,41002,Aalst,Regenval,"Nat, plassen","Nacht, openbare verlichting aanwezig en ontstoken",met lichtgewonden,3,Fiets,10,"één bestuurder, geen hindernis",Buiten Kruispunt,Gemeenteweg,binnen bebouwde kom,"Eén bestuurder, geen hindernis (incl. val)",Geen hindernis
7050,19,Aalst 1,Aalst,50.93433,4.01471,1.8436588691049764,50.93873310288097,4.040075875987296,2018,4,4,41002,Aalst,Regenval,"Nat, plassen","Nacht, openbare verlichting aanwezig en ontstoken",met lichtgewonden,3,Fiets,10,"één bestuurder, geen hindernis",Buiten Kruispunt,Gemeenteweg,binnen bebouwde kom,"Eén bestuurder, geen hindernis (incl. val)",Geen hindernis
7051,11,Aalst 3,Aalst,50.93385,4.01647,1.5119534294147372,50.92725668421113,4.035338062914195,2018,4,16,41002,Aalst,"Andere (dikke rook,...)",Droog,Dag,met lichtgewonden,9,personenauto,3,Fiets,Buiten Kruispunt,Gewestweg,binnen bebouwde kom,Tss. 2 best.: langs opzij (voor-/achterkant-flank),Geen hindernis
7051,19,Aalst 1,Aalst,50.93433,4.01471,1.6457532022734969,50.92725668421113,4.035338062914195,2018,4,16,41002,Aalst,"Andere (dikke rook,...)",Droog,Dag,met lichtgewonden,9,personenauto,3,Fiets,Buiten Kruispunt,Gewestweg,binnen bebouwde kom,Tss. 2 best.: langs opzij (voor-/achterkant-flank),Geen hindernis
7051,10,Aalst 2,Aalst,50.93549,4.01571,1.652355400714692,50.92725668421113,4.035338062914195,2018,4,16,41002,Aalst,"Andere (dikke rook,...)",Droog,Dag,met lichtgewonden,9,personenauto,3,Fiets,Buiten Kruispunt,Gewestweg,binnen bebouwde kom,Tss. 2 best.: langs opzij (voor-/achterkant-flank),Geen hindernis
7052,10,Aalst 2,Aalst,50.93549,4.01571,1.5518203661821697,50.94228270149437,4.03505652119441,2018,4,20,41002,Aalst,Normaal,Droog,Dageraad - schemering,met lichtgewonden,7,Motorfiets,3,Fiets,Buiten Kruispunt,Gemeenteweg,binnen bebouwde kom,Tss. 2 best.: langs opzij (voor-/achterkant-flank),Geen hindernis
7052,11,Aalst 3,Aalst,50.93385,4.01647,1.604804092620737,50.94228270149437,4.03505652119441,2018,4,20,41002,Aalst,Normaal,Droog,Dageraad - schemering,met lichtgewonden,7,Motorfiets,3,Fiets,Buiten Kruispunt,Gemeenteweg,binnen bebouwde kom,Tss. 2 best.: langs opzij (voor-/achterkant-flank),Geen hindernis
7052,19,Aalst 1,Aalst,50.93433,4.01471,1.6776668809943518,50.94228270149437,4.03505652119441,2018,4,20,41002,Aalst,Normaal,Droog,Dageraad - schemering,met lichtgewonden,7,Motorfiets,3,Fiets,Buiten Kruispunt,Gemeenteweg,binnen bebouwde kom,Tss. 2 best.: langs opzij (voor-/achterkant-flank),Geen hindernis
7056,122,Dendermonde teller 2,Dendermonde,51.0373918,4.1019222,0.8065615600248323,51.030480556618144,4.0984204926539185,2018,4,17,42006,Dendermonde,Normaal,Droog,Dag,met lichtgewonden,9,personenauto,3,Fiets,Op Kruispunt,Gemeenteweg,binnen bebouwde kom,Tussen 2 bestuurders: Frontale botsing,Geen hindernis
7056,125,Dendermonde totem,Dendermonde,51.0372706,4.1025998,0.8096039749849281,51.030480556618144,4.0984204926539185,2018,4,17,42006,Dendermonde,Normaal,Droog,Dag,met lichtgewonden,9,personenauto,3,Fiets,Op Kruispunt,Gemeenteweg,binnen bebouwde kom,Tussen 2 bestuurders: Frontale botsing,Geen hindernis
7058,125,Dendermonde totem,Dendermonde,51.0372706,4.1025998,2.495520774754237,51.031554530190355,4.137111215256711,2018,4,14,42006,Dendermonde,Onbekend,Onbekend,Dag,met lichtgewonden,3,Fiets,9,personenauto,Buiten Kruispunt,Gemeenteweg,onbekend,Tss. 2 best.: langs opzij (voor-/achterkant-flank),Geen hindernis
7059,142,TEST Validatie BRUGGE Y2H22022134,Brugge,51.22632,3.24095,0.4937470640652727,51.2307521904412,3.240519698860156,2018,4,8,31005,Brugge,Normaal,Droog,Dag,met lichtgewonden,6,Bromfiets,3,Fiets,Op Kruispunt,Gewestweg,binnen bebouwde kom,Tss. 2 best.: langs opzij (voor-/achterkant-flank),Geen hindernis
7059,52,Brugge,Brugge,51.22632,3.24095,0.4937470640652727,51.2307521904412,3.240519698860156,2018,4,8,31005,Brugge,Normaal,Droog,Dag,met lichtgewonden,6,Bromfiets,3,Fiets,Op Kruispunt,Gewestweg,binnen bebouwde kom,Tss. 2 best.: langs opzij (voor-/achterkant-flank),Geen hindernis
7059,54,Brugge teller 2,Brugge,51.23015,3.22818,0.8618073861099691,51.2307521904412,3.240519698860156,2018,4,8,31005,Brugge,Normaal,Droog,Dag,met lichtgewonden,6,Bromfiets,3,Fiets,Op Kruispunt,Gewestweg,binnen bebouwde kom,Tss. 2 best.: langs opzij (voor-/achterkant-flank),Geen hindernis
7059,53,Brugge teller 1,Brugge,51.23023,3.228,0.8736662546196384,51.2307521904412,3.240519698860156,2018,4,8,31005,Brugge,Normaal,Droog,Dag,met lichtgewonden,6,Bromfiets,3,Fiets,Op Kruispunt,Gewestweg,binnen bebouwde kom,Tss. 2 best.: langs opzij (voor-/achterkant-flank),Geen hindernis
7063,54,Brugge teller 2,Brugge,51.23015,3.22818,1.1566788919468107,51.220550235627385,3.2217825739203665,2018,4,15,31005,Brugge,Normaal,Droog,Dag,met lichtgewonden,9,personenauto,3,Fiets,Op Kruispunt,Gemeenteweg,binnen bebouwde kom,Tss. 2 best.: langs opzij (voor-/achterkant-flank),Geen hindernis
7063,53,Brugge teller 1,Brugge,51.23023,3.228,1.160157246418111,51.220550235627385,3.2217825739203665,2018,4,15,31005,Brugge,Normaal,Droog,Dag,met lichtgewonden,9,personenauto,3,Fiets,Op Kruispunt,Gemeenteweg,binnen bebouwde kom,Tss. 2 best.: langs opzij (voor-/achterkant-flank),Geen hindernis
7063,52,Brugge,Brugge,51.22632,3.24095,1.4809924904249403,51.220550235627385,3.2217825739203665,2018,4,15,31005,Brugge,Normaal,Droog,Dag,met lichtgewonden,9,personenauto,3,Fiets,Op Kruispunt,Gemeenteweg,binnen bebouwde kom,Tss. 2 best.: langs opzij (voor-/achterkant-flank),Geen hindernis
7063,142,TEST Validatie BRUGGE Y2H22022134,Brugge,51.22632,3.24095,1.4809924904249403,51.220550235627385,3.2217825739203665,2018,4,15,31005,Brugge,Normaal,Droog,Dag,met lichtgewonden,9,personenauto,3,Fiets,Op Kruispunt,Gemeenteweg,binnen bebouwde kom,Tss. 2 best.: langs opzij (voor-/achterkant-flank),Geen hindernis
7065,142,TEST Validatie BRUGGE Y2H22022134,Brugge,51.22632,3.24095,2.2963346193596332,51.20569303406411,3.239345596440985,2018,4,11,31005,Brugge,Normaal,Droog,Dag,met lichtgewonden,3,Fiets,9,personenauto,Buiten Kruispunt,Gemeenteweg,binnen bebouwde kom,Tss. 2 best.: langs opzij (voor-/achterkant-flank),Geen hindernis
7065,52,Brugge,Brugge,51.22632,3.24095,2.2963346193596332,51.20569303406411,3.239345596440985,2018,4,11,31005,Brugge,Normaal,Droog,Dag,met lichtgewonden,3,Fiets,9,personenauto,Buiten Kruispunt,Gemeenteweg,binnen bebouwde kom,Tss. 2 best.: langs opzij (voor-/achterkant-flank),Geen hindernis
7066,142,TEST Validatie BRUGGE Y2H22022134,Brugge,51.22632,3.24095,1.7125082519281776,51.210950297514415,3.2425156889909843,2018,4,12,31005,Brugge,Normaal,Droog,Dag,met lichtgewonden,9,personenauto,3,Fiets,Op Kruispunt,Gewestweg,binnen bebouwde kom,Tss. 2 best.: langs opzij (voor-/achterkant-flank),Geen hindernis
7066,52,Brugge,Brugge,51.22632,3.24095,1.7125082519281776,51.210950297514415,3.2425156889909843,2018,4,12,31005,Brugge,Normaal,Droog,Dag,met lichtgewonden,9,personenauto,3,Fiets,Op Kruispunt,Gewestweg,binnen bebouwde kom,Tss. 2 best.: langs opzij (voor-/achterkant-flank),Geen hindernis
7066,54,Brugge teller 2,Brugge,51.23015,3.22818,2.3568268578512104,51.210950297514415,3.2425156889909843,2018,4,12,31005,Brugge,Normaal,Droog,Dag,met lichtgewonden,9,personenauto,3,Fiets,Op Kruispunt,Gewestweg,binnen bebouwde kom,Tss. 2 best.: langs opzij (voor-/achterkant-flank),Geen hindernis
7066,53,Brugge teller 1,Brugge,51.23023,3.228,2.3702070727085562,51.210950297514415,3.2425156889909843,2018,4,12,31005,Brugge,Normaal,Droog,Dag,met lichtgewonden,9,personenauto,3,Fiets,Op Kruispunt,Gewestweg,binnen bebouwde kom,Tss. 2 best.: langs opzij (voor-/achterkant-flank),Geen hindernis
7067,142,TEST Validatie BRUGGE Y2H22022134,Brugge,51.22632,3.24095,1.5396507173515666,51.21385295687408,3.2505689015900203,2018,4,7,31005,Brugge,Normaal,Droog,Dag,met zwaargewonden,9,personenauto,3,Fiets,Op Kruispunt,Gemeenteweg,binnen bebouwde kom,Tussen 2 bestuurders: Langs achteren,Geen hindernis
7067,52,Brugge,Brugge,51.22632,3.24095,1.5396507173515666,51.21385295687408,3.2505689015900203,2018,4,7,31005,Brugge,Normaal,Droog,Dag,met zwaargewonden,9,personenauto,3,Fiets,Op Kruispunt,Gemeenteweg,binnen bebouwde kom,Tussen 2 bestuurders: Langs achteren,Geen hindernis
7067,54,Brugge teller 2,Brugge,51.23015,3.22818,2.3906072844811637,51.21385295687408,3.2505689015900203,2018,4,7,31005,Brugge,Normaal,Droog,Dag,met zwaargewonden,9,personenauto,3,Fiets,Op Kruispunt,Gemeenteweg,binnen bebouwde kom,Tussen 2 bestuurders: Langs achteren,Geen hindernis
7067,53,Brugge teller 1,Brugge,51.23023,3.228,2.4055282986351156,51.21385295687408,3.2505689015900203,2018,4,7,31005,Brugge,Normaal,Droog,Dag,met zwaargewonden,9,personenauto,3,Fiets,Op Kruispunt,Gemeenteweg,binnen bebouwde kom,Tussen 2 bestuurders: Langs achteren,Geen hindernis
7082,15,Oostende 2,Oostende,51.21371,2.92743,1.6455424750701872,51.21408268148915,2.9038130192979827,2018,4,22,35013,Oostende,Normaal,Droog,"Nacht, openbare verlichting aanwezig en ontstoken",met lichtgewonden,9,personenauto,3,Fiets,Op Kruispunt,Gewestweg,binnen bebouwde kom,Tss. 2 best.: langs opzij (voor-/achterkant-flank),Geen hindernis
7082,18,Oostende 1,Oostende,51.21378,2.92765,1.6606843291533264,51.21408268148915,2.9038130192979827,2018,4,22,35013,Oostende,Normaal,Droog,"Nacht, openbare verlichting aanwezig en ontstoken",met lichtgewonden,9,personenauto,3,Fiets,Op Kruispunt,Gewestweg,binnen bebouwde kom,Tss. 2 best.: langs opzij (voor-/achterkant-flank),Geen hindernis
7083,15,Oostende 2,Oostende,51.21371,2.92743,1.8310707123070225,51.226869623298235,2.9116249129841347,2018,4,16,35013,Oostende,Normaal,Droog,Dag,met lichtgewonden,9,personenauto,3,Fiets,Op Kruispunt,Gemeenteweg,binnen bebouwde kom,Tussen 2 bestuurders: Flank tegen flank,Geen hindernis
7083,18,Oostende 1,Oostende,51.21378,2.92765,1.8341386404861089,51.226869623298235,2.9116249129841347,2018,4,16,35013,Oostende,Normaal,Droog,Dag,met lichtgewonden,9,personenauto,3,Fiets,Op Kruispunt,Gemeenteweg,binnen bebouwde kom,Tussen 2 bestuurders: Flank tegen flank,Geen hindernis
7084,15,Oostende 2,Oostende,51.21371,2.92743,1.6497035465073149,51.20723948597443,2.9061185694346072,2018,4,14,35013,Oostende,Onbekend,Droog,Dag,met lichtgewonden,3,Fiets,9,personenauto,Op Kruispunt,Gemeenteweg,binnen bebouwde kom,Tussen 2 bestuurders: Langs achteren,Geen hindernis
7084,18,Oostende 1,Oostende,51.21378,2.92765,1.666887995837874,51.20723948597443,2.9061185694346072,2018,4,14,35013,Oostende,Onbekend,Droog,Dag,met lichtgewonden,3,Fiets,9,personenauto,Op Kruispunt,Gemeenteweg,binnen bebouwde kom,Tussen 2 bestuurders: Langs achteren,Geen hindernis
7086,15,Oostende 2,Oostende,51.21371,2.92743,1.6387658518059776,51.22674278643596,2.9164437154866416,2018,4,21,35013,Oostende,Regenval,"Nat, plassen","Nacht, openbare verlichting aanwezig en ontstoken",met lichtgewonden,3,Fiets,5,Lichte vrachtauto,Op Kruispunt,Gewestweg,binnen bebouwde kom,Tss. 2 best.: langs opzij (voor-/achterkant-flank),Geen hindernis
7086,18,Oostende 1,Oostende,51.21378,2.92765,1.6391261795396395,51.22674278643596,2.9164437154866416,2018,4,21,35013,Oostende,Regenval,"Nat, plassen","Nacht, openbare verlichting aanwezig en ontstoken",met lichtgewonden,3,Fiets,5,Lichte vrachtauto,Op Kruispunt,Gewestweg,binnen bebouwde kom,Tss. 2 best.: langs opzij (voor-/achterkant-flank),Geen hindernis
7087,15,Oostende 2,Oostende,51.21371,2.92743,1.8568009875046316,51.222136358575376,2.904413424487094,2018,4,14,35013,Oostende,Normaal,Droog,Dag,met lichtgewonden,3,Fiets,9,personenauto,Buiten Kruispunt,Gemeenteweg,binnen bebouwde kom,Tss. 2 best.: langs opzij (voor-/achterkant-flank),Geen hindernis
7087,18,Oostende 1,Oostende,51.21378,2.92765,1.866156806469771,51.222136358575376,2.904413424487094,2018,4,14,35013,Oostende,Normaal,Droog,Dag,met lichtgewonden,3,Fiets,9,personenauto,Buiten Kruispunt,Gemeenteweg,binnen bebouwde kom,Tss. 2 best.: langs opzij (voor-/achterkant-flank),Geen hindernis
7088,15,Oostende 2,Oostende,51.21371,2.92743,1.8098837366393086,51.218373596515264,2.9025343714122616,2018,4,17,35013,Oostende,Normaal,Droog,Dag,met lichtgewonden,3,Fiets,9,personenauto,Op Kruispunt,Gemeenteweg,binnen bebouwde kom,Tussen 2 bestuurders: Frontale botsing,Geen hindernis
7088,18,Oostende 1,Oostende,51.21378,2.92765,1.8223715617799545,51.218373596515264,2.9025343714122616,2018,4,17,35013,Oostende,Normaal,Droog,Dag,met lichtgewonden,3,Fiets,9,personenauto,Op Kruispunt,Gemeenteweg,binnen bebouwde kom,Tussen 2 bestuurders: Frontale botsing,Geen hindernis
7089,15,Oostende 2,Oostende,51.21371,2.92743,1.1623859718432956,51.21424789228864,2.910764111053195,2018,4,8,35013,Oostende,Normaal,Droog,Dag,met lichtgewonden,5,Lichte vrachtauto,3,Fiets,Op Kruispunt,Gewestweg,binnen bebouwde kom,Tss. 2 best.: langs opzij (voor-/achterkant-flank),Geen hindernis
7089,18,Oostende 1,Oostende,51.21378,2.92765,1.177319286307039,51.21424789228864,2.910764111053195,2018,4,8,35013,Oostende,Normaal,Droog,Dag,met lichtgewonden,5,Lichte vrachtauto,3,Fiets,Op Kruispunt,Gewestweg,binnen bebouwde kom,Tss. 2 best.: langs opzij (voor-/achterkant-flank),Geen hindernis
7090,15,Oostende 2,Oostende,51.21371,2.92743,1.6815770688241547,51.21417006033271,2.9032993418476716,2018,4,12,35013,Oostende,Onbekend,Onbekend,Dag,met lichtgewonden,3,Fiets,6,Bromfiets,Buiten Kruispunt,Gewestweg,onbekend,Tss. 2 best.: langs opzij (voor-/achterkant-flank),Geen hindernis
7090,18,Oostende 1,Oostende,51.21378,2.92765,1.6966758323829112,51.21417006033271,2.9032993418476716,2018,4,12,35013,Oostende,Onbekend,Onbekend,Dag,met lichtgewonden,3,Fiets,6,Bromfiets,Buiten Kruispunt,Gewestweg,onbekend,Tss. 2 best.: langs opzij (voor-/achterkant-flank),Geen hindernis
7092,15,Oostende 2,Oostende,51.21371,2.92743,2.4710716805653443,51.215727318395146,2.8920995355953276,2018,4,14,35013,Oostende,Onbekend,Onbekend,Dag,met lichtgewonden,3,Fiets,2,Andere weggebruiker,Op Kruispunt,Gewestweg,onbekend,Tss. 2 best.: langs opzij (voor-/achterkant-flank),Geen hindernis
7092,18,Oostende 1,Oostende,51.21378,2.92765,2.485640416907293,51.215727318395146,2.8920995355953276,2018,4,14,35013,Oostende,Onbekend,Onbekend,Dag,met lichtgewonden,3,Fiets,2,Andere weggebruiker,Op Kruispunt,Gewestweg,onbekend,Tss. 2 best.: langs opzij (voor-/achterkant-flank),Geen hindernis
7094,15,Oostende 2,Oostende,51.21371,2.92743,1.9888372523332063,51.229625763631915,2.91439997637017,2018,4,3,35013,Oostende,Regenval,"Nat, plassen","Nacht, openbare verlichting aanwezig en ontstoken",met lichtgewonden,9,personenauto,3,Fiets,Op Kruispunt,Gewestweg,binnen bebouwde kom,Tss. 2 best.: langs opzij (voor-/achterkant-flank),Geen hindernis
7094,18,Oostende 1,Oostende,51.21378,2.92765,1.9889755731838399,51.229625763631915,2.91439997637017,2018,4,3,35013,Oostende,Regenval,"Nat, plassen","Nacht, openbare verlichting aanwezig en ontstoken",met lichtgewonden,9,personenauto,3,Fiets,Op Kruispunt,Gewestweg,binnen bebouwde kom,Tss. 2 best.: langs opzij (voor-/achterkant-flank),Geen hindernis
7102,55,Torhout teller 1,Torhout,51.07161,3.08261,1.061139869030409,51.08104171044987,3.084923536348429,2018,4,17,31033,Torhout,Normaal,Droog,Dag,met lichtgewonden,5,Lichte vrachtauto,3,Fiets,Buiten Kruispunt,Gemeenteweg,binnen bebouwde kom,Tussen 2 bestuurders: Frontale botsing,Geen hindernis
7102,56,Torhout teller 2,Torhout,51.07147,3.08244,1.078375227562999,51.08104171044987,3.084923536348429,2018,4,17,31033,Torhout,Normaal,Droog,Dag,met lichtgewonden,5,Lichte vrachtauto,3,Fiets,Buiten Kruispunt,Gemeenteweg,binnen bebouwde kom,Tussen 2 bestuurders: Frontale botsing,Geen hindernis
7109,84,Roeselare totem,Izegem,50.91717,3.18772,2.006916206135536,50.929056102731685,3.209266496500362,2018,4,16,36008,Izegem,Normaal,Droog,Dag,met lichtgewonden,9,personenauto,3,Fiets,Op Kruispunt,Gewestweg,binnen bebouwde kom,Tss. 2 best.: langs opzij (voor-/achterkant-flank),Geen hindernis
7117,57,Meulebeke teller 1,Meulebeke,50.96056,3.24491,0.11122304491530548,50.96153130973293,3.244530735723735,2018,4,20,37007,Meulebeke,Normaal,Droog+Proper,Dageraad - schemering,met lichtgewonden,9,personenauto,3,Fiets,Op Kruispunt,Gewestweg,buiten bebouwde kom,Tss. 2 best.: langs opzij (voor-/achterkant-flank),Geen hindernis
7117,58,Meulebeke teller 2,Meulebeke,50.96021,3.24471,0.14745839361951682,50.96153130973293,3.244530735723735,2018,4,20,37007,Meulebeke,Normaal,Droog+Proper,Dageraad - schemering,met lichtgewonden,9,personenauto,3,Fiets,Op Kruispunt,Gewestweg,buiten bebouwde kom,Tss. 2 best.: langs opzij (voor-/achterkant-flank),Geen hindernis
7122,61,Wervik teller 2,Wervik,50.80555,3.0921,2.314633738192069,50.79619423240692,3.1215217174599417,2018,4,14,34027,Menen,Normaal,Droog,Dag,met lichtgewonden,3,Fiets,9,personenauto,Op Kruispunt,Gewestweg,binnen bebouwde kom,Tss. 2 best.: langs opzij (voor-/achterkant-flank),Geen hindernis
7122,62,Wervik teller 1,Wervik,50.8058,3.09154,2.3622898741916236,50.79619423240692,3.1215217174599417,2018,4,14,34027,Menen,Normaal,Droog,Dag,met lichtgewonden,3,Fiets,9,personenauto,Op Kruispunt,Gewestweg,binnen bebouwde kom,Tss. 2 best.: langs opzij (voor-/achterkant-flank),Geen hindernis
7124,75,Kortrijk teller 2,Kortrijk,50.81925,3.25731,0.47313613307517577,50.82336099626601,3.2590475219901514,2018,4,17,34022,Kortrijk,Normaal,Droog,Dag,met lichtgewonden,9,personenauto,3,Fiets,Op Kruispunt,Gewestweg,binnen bebouwde kom,Tss. 2 best.: langs opzij (voor-/achterkant-flank),Geen hindernis