crash_row_id,site_id,site_name,site_gemeente,site_lat,site_long,distance_km,crash_lat,crash_long,DT_YEAR_COLLISION,DT_MONTH_COLLISION,DT_TIME,CD_NIS,TX_MUNTY_COLLISION_NL,TX_WEATHER_NL,TX_ROAD_CONDITION_NL,TX_LIGHT_CONDITION_NL,TX_CLASS_ACCIDENTS_NL,CD_ROAD_USR_TYPE1,TX_ROAD_USR_TYPE1_NL,CD_ROAD_USR_TYPE2,TX_ROAD_USR_TYPE2_NL,TX_CROSSWAY_NL,CD_ROAD_TYPE_NL,TX_BUILD_UP_AREA_NL,TX_COLLISION_TYPE_NL,TX_OBSTACLES_NL
7124,74,Kortrijk teller 1,Kortrijk,50.81909,3.25728,0.4908754825911909,50.82336099626601,3.2590475219901514,2018,4,17,34022,Kortrijk,Normaal,Droog,Dag,met lichtgewonden,9,personenauto,3,Fiets,Op Kruispunt,Gewestweg,binnen bebouwde kom,Tss. 2 best.: langs opzij (voor-/achterkant-flank),Geen hindernis
7124,143,Eco Display Classic Budastraat,Kortrijk,50.83066,3.26286,0.8546464456868049,50.82336099626601,3.2590475219901514,2018,4,17,34022,Kortrijk,Normaal,Droog,Dag,met lichtgewonden,9,personenauto,3,Fiets,Op Kruispunt,Gewestweg,binnen bebouwde kom,Tss. 2 best.: langs opzij (voor-/achterkant-flank),Geen hindernis
7124,16,Kortrijk 1,Kortrijk,50.83332,3.27777,1.7191594304005058,50.82336099626601,3.2590475219901514,2018,4,17,34022,Kortrijk,Normaal,Droog,Dag,met lichtgewonden,9,personenauto,3,Fiets,Op Kruispunt,Gewestweg,binnen bebouwde kom,Tss. 2 best.: langs opzij (voor-/achterkant-flank),Geen hindernis
7124,17,Kortrijk 2,Kortrijk,50.83339,3.27773,1.7220410478648072,50.82336099626601,3.2590475219901514,2018,4,17,34022,Kortrijk,Normaal,Droog,Dag,met lichtgewonden,9,personenauto,3,Fiets,Op Kruispunt,Gewestweg,binnen bebouwde kom,Tss. 2 best.: langs opzij (voor-/achterkant-flank),Geen hindernis
7126,143,Eco Display Classic Budastraat,Kortrijk,50.83066,3.26286,0.5571344737860139,50.82580453412415,3.2609024622608764,2018,4,9,34022,Kortrijk,Normaal,Droog,Dag,met lichtgewonden,9,personenauto,3,Fiets,Op Kruispunt,Gemeenteweg,binnen bebouwde kom,Tss. 2 best.: langs opzij (voor-/achterkant-flank),Geen hindernis
7126,75,Kortrijk teller 2,Kortrijk,50.81925,3.25731,0.7712817544371611,50.82580453412415,3.2609024622608764,2018,4,9,34022,Kortrijk,Normaal,Droog,Dag,met lichtgewonden,9,personenauto,3,Fiets,Op Kruispunt,Gemeenteweg,binnen bebouwde kom,Tss. 2 best.: langs opzij (voor-/achterkant-flank),Geen hindernis
7126,74,Kortrijk teller 1,Kortrijk,50.81909,3.25728,0.788792651972864,50.82580453412415,3.2609024622608764,2018,4,9,34022,Kortrijk,Normaal,Droog,Dag,met lichtgewonden,9,personenauto,3,Fiets,Op Kruispunt,Gemeenteweg,binnen bebouwde kom,Tss. 2 best.: langs opzij (voor-/achterkant-flank),Geen hindernis
7126,16,Kortrijk 1,Kortrijk,50.83332,3.27777,1.4497645198323856,50.82580453412415,3.2609024622608764,2018,4,9,34022,Kortrijk,Normaal,Droog,Dag,met lichtgewonden,9,personenauto,3,Fiets,Op Kruispunt,Gemeenteweg,binnen bebouwde kom,Tss. 2 best.: langs opzij (voor-/achterkant-flank),Geen hindernis
7126,17,Kortrijk 2,Kortrijk,50.83339,3.27773,1.4519767535580106,50.82580453412415,3.2609024622608764,2018,4,9,34022,Kortrijk,Normaal,Droog,Dag,met lichtgewonden,9,personenauto,3,Fiets,Op Kruispunt,Gemeenteweg,binnen bebouwde kom,Tss. 2 best.: langs opzij (voor-/achterkant-flank),Geen hindernis
7127,143,Eco Display Classic Budastraat,Kortrijk,50.83066,3.26286,0.6397294247032783,50.832544638491285,3.254253654914631,2018,4,14,34022,Kortrijk,Normaal,Droog,Dag,met lichtgewonden,9,personenauto,3,Fiets,Op Kruispunt,Gemeenteweg,binnen bebouwde kom,Tussen 2 bestuurders: Flank tegen flank,Geen hindernis
7127,75,Kortrijk teller 2,Kortrijk,50.81925,3.25731,1.4938025129560706,50.832544638491285,3.254253654914631,2018,4,14,34022,Kortrijk,Normaal,Droog,Dag,met lichtgewonden,9,personenauto,3,Fiets,Op Kruispunt,Gemeenteweg,binnen bebouwde kom,Tussen 2 bestuurders: Flank tegen flank,Geen hindernis
7127,74,Kortrijk teller 1,Kortrijk,50.81909,3.25728,1.5111133782549033,50.832544638491285,3.254253654914631,2018,4,14,34022,Kortrijk,Normaal,Droog,Dag,met lichtgewonden,9,personenauto,3,Fiets,Op Kruispunt,Gemeenteweg,binnen bebouwde kom,Tussen 2 bestuurders: Flank tegen flank,Geen hindernis
7127,17,Kortrijk 2,Kortrijk,50.83339,3.27773,1.6513944061502641,50.832544638491285,3.254253654914631,2018,4,14,34022,Kortrijk,Normaal,Droog,Dag,met lichtgewonden,9,personenauto,3,Fiets,Op Kruispunt,Gemeenteweg,binnen bebouwde kom,Tussen 2 bestuurders: Flank tegen flank,Geen hindernis
7127,16,Kortrijk 1,Kortrijk,50.83332,3.27777,1.6537762026793363,50.832544638491285,3.254253654914631,2018,4,14,34022,Kortrijk,Normaal,Droog,Dag,met lichtgewonden,9,personenauto,3,Fiets,Op Kruispunt,Gemeenteweg,binnen bebouwde kom,Tussen 2 bestuurders: Flank tegen flank,Geen hindernis
7128,143,Eco Display Classic Budastraat,Kortrijk,50.83066,3.26286,2.2408910992323183,50.83168603346565,3.2309941983454893,2018,4,19,34022,Kortrijk,Normaal,Droog,Dageraad - schemering,met zwaargewonden,3,Fiets,5,Lichte vrachtauto,Buiten Kruispunt,Gemeenteweg,binnen bebouwde kom,Tussen 2 bestuurders: Langs achteren,Geen hindernis
7128,75,Kortrijk teller 2,Kortrijk,50.81925,3.25731,2.308436492140224,50.83168603346565,3.2309941983454893,2018,4,19,34022,Kortrijk,Normaal,Droog,Dageraad - schemering,met zwaargewonden,3,Fiets,5,Lichte vrachtauto,Buiten Kruispunt,Gemeenteweg,binnen bebouwde kom,Tussen 2 bestuurders: Langs achteren,Geen hindernis
7128,74,Kortrijk teller 1,Kortrijk,50.81909,3.25728,2.3174610726376326,50.83168603346565,3.2309941983454893,2018,4,19,34022,Kortrijk,Normaal,Droog,Dageraad - schemering,met zwaargewonden,3,Fiets,5,Lichte vrachtauto,Buiten Kruispunt,Gemeenteweg,binnen bebouwde kom,Tussen 2 bestuurders: Langs achteren,Geen hindernis
7129,74,Kortrijk teller 1,Kortrijk,50.81909,3.25728,2.3860033600017214,50.800958907845285,3.2754415570653905,2018,4,12,34022,Kortrijk,Normaal,Droog,Dag,met lichtgewonden,9,personenauto,3,Fiets,Op Kruispunt,Gemeenteweg,binnen bebouwde kom,Tss. 2 best.: langs opzij (voor-/achterkant-flank),Geen hindernis
7129,75,Kortrijk teller 2,Kortrijk,50.81925,3.25731,2.399934332917851,50.800958907845285,3.2754415570653905,2018,4,12,34022,Kortrijk,Normaal,Droog,Dag,met lichtgewonden,9,personenauto,3,Fiets,Op Kruispunt,Gemeenteweg,binnen bebouwde kom,Tss. 2 best.: langs opzij (voor-/achterkant-flank),Geen hindernis
7130,16,Kortrijk 1,Kortrijk,50.83332,3.27777,2.3944771238026896,50.817000097047405,3.3000104718220014,2018,4,19,34022,Kortrijk,Normaal,Droog,Dag,met zwaargewonden,3,Fiets,9,personenauto,Op Kruispunt,Gewestweg,binnen bebouwde kom,Tss. 2 best.: langs opzij (voor-/achterkant-flank),Geen hindernis
7130,17,Kortrijk 2,Kortrijk,50.83339,3.27773,2.4022101520789074,50.817000097047405,3.3000104718220014,2018,4,19,34022,Kortrijk,Normaal,Droog,Dag,met zwaargewonden,3,Fiets,9,personenauto,Op Kruispunt,Gewestweg,binnen bebouwde kom,Tss. 2 best.: langs opzij (voor-/achterkant-flank),Geen hindernis
7131,143,Eco Display Classic Budastraat,Kortrijk,50.83066,3.26286,0.7303810274343038,50.824881324231434,3.26780381897644,2018,4,16,34022,Kortrijk,Normaal,Droog,Dag,met zwaargewonden,3,Fiets,8,Voetganger,Buiten Kruispunt,Gewestweg,binnen bebouwde kom,Met een voetganger,Geen hindernis
7131,75,Kortrijk teller 2,Kortrijk,50.81925,3.25731,0.967197842369451,50.824881324231434,3.26780381897644,2018,4,16,34022,Kortrijk,Normaal,Droog,Dag,met zwaargewonden,3,Fiets,8,Voetganger,Buiten Kruispunt,Gewestweg,binnen bebouwde kom,Met een voetganger,Geen hindernis
7131,74,Kortrijk teller 1,Kortrijk,50.81909,3.25728,0.9803989644261533,50.824881324231434,3.26780381897644,2018,4,16,34022,Kortrijk,Normaal,Droog,Dag,met zwaargewonden,3,Fiets,8,Voetganger,Buiten Kruispunt,Gewestweg,binnen bebouwde kom,Met een voetganger,Geen hindernis
7131,16,Kortrijk 1,Kortrijk,50.83332,3.27777,1.1706571568257178,50.824881324231434,3.26780381897644,2018,4,16,34022,Kortrijk,Normaal,Droog,Dag,met zwaargewonden,3,Fiets,8,Voetganger,Buiten Kruispunt,Gewestweg,binnen bebouwde kom,Met een voetganger,Geen hindernis
7131,17,Kortrijk 2,Kortrijk,50.83339,3.27773,1.1752362845034896,50.824881324231434,3.26780381897644,2018,4,16,34022,Kortrijk,Normaal,Droog,Dag,met zwaargewonden,3,Fiets,8,Voetganger,Buiten Kruispunt,Gewestweg,binnen bebouwde kom,Met een voetganger,Geen hindernis
7132,143,Eco Display Classic Budastraat,Kortrijk,50.83066,3.26286,2.2706298203081303,50.83094184014441,3.230532717335066,2018,4,16,34022,Kortrijk,Normaal,Droog,Dag,met lichtgewonden,3,Fiets,9,personenauto,Op Kruispunt,Gemeenteweg,binnen bebouwde kom,Tss. 2 best.: langs opzij (voor-/achterkant-flank),Geen hindernis
7132,75,Kortrijk teller 2,Kortrijk,50.81925,3.25731,2.2864397104118055,50.83094184014441,3.230532717335066,2018,4,16,34022,Kortrijk,Normaal,Droog,Dag,met lichtgewonden,3,Fiets,9,personenauto,Op Kruispunt,Gemeenteweg,binnen bebouwde kom,Tss. 2 best.: langs opzij (voor-/achterkant-flank),Geen hindernis
7132,74,Kortrijk teller 1,Kortrijk,50.81909,3.25728,2.294879638185591,50.83094184014441,3.230532717335066,2018,4,16,34022,Kortrijk,Normaal,Droog,Dag,met lichtgewonden,3,Fiets,9,personenauto,Op Kruispunt,Gemeenteweg,binnen bebouwde kom,Tss. 2 best.: langs opzij (voor-/achterkant-flank),Geen hindernis
7133,17,Kortrijk 2,Kortrijk,50.83339,3.27773,0.6922154554015636,50.837376322438054,3.2853010717525284,2018,4,16,34022,Kortrijk,Normaal,Droog,Dag,met lichtgewonden,9,personenauto,3,Fiets,Buiten Kruispunt,Gemeenteweg,binnen bebouwde kom,Tss. 2 best.: langs opzij (voor-/achterkant-flank),Geen hindernis
7133,16,Kortrijk 1,Kortrijk,50.83332,3.27777,0.6950859526438883,50.837376322438054,3.2853010717525284,2018,4,16,34022,Kortrijk,Normaal,Droog,Dag,met lichtgewonden,9,personenauto,3,Fiets,Buiten Kruispunt,Gemeenteweg,binnen bebouwde kom,Tss. 2 best.: langs opzij (voor-/achterkant-flank),Geen hindernis
7133,143,Eco Display Classic Budastraat,Kortrijk,50.83066,3.26286,1.7439724641466556,50.837376322438054,3.2853010717525284,2018,4,16,34022,Kortrijk,Normaal,Droog,Dag,met lichtgewonden,9,personenauto,3,Fiets,Buiten Kruispunt,Gemeenteweg,binnen bebouwde kom,Tss. 2 best.: langs opzij (voor-/achterkant-flank),Geen hindernis
7134,17,Kortrijk 2,Kortrijk,50.83339,3.27773,0.11038192698848902,50.83415444204025,3.278732722839238,2018,4,14,34022,Kortrijk,Normaal,Droog,Dag,met lichtgewonden,9,personenauto,3,Fiets,Op Kruispunt,Gewestweg,binnen bebouwde kom,Tss. 2 best.: langs opzij (voor-/achterkant-flank),Geen hindernis
7134,16,Kortrijk 1,Kortrijk,50.83332,3.27777,0.11480538623213633,50.83415444204025,3.278732722839238,2018,4,14,34022,Kortrijk,Normaal,Droog,Dag,met lichtgewonden,9,personenauto,3,Fiets,Op Kruispunt,Gewestweg,binnen bebouwde kom,Tss. 2 best.: langs opzij (voor-/achterkant-flank),Geen hindernis
7134,143,Eco Display Classic Budastraat,Kortrijk,50.83066,3.26286,1.1805167615579848,50.83415444204025,3.278732722839238,2018,4,14,34022,Kortrijk,Normaal,Droog,Dag,met lichtgewonden,9,personenauto,3,Fiets,Op Kruispunt,Gewestweg,binnen bebouwde kom,Tss. 2 best.: langs opzij (voor-/achterkant-flank),Geen hindernis
7134,75,Kortrijk teller 2,Kortrijk,50.81925,3.25731,2.2384695034173494,50.83415444204025,3.278732722839238,2018,4,14,34022,Kortrijk,Normaal,Droog,Dag,met lichtgewonden,9,personenauto,3,Fiets,Op Kruispunt,Gewestweg,binnen bebouwde kom,Tss. 2 best.: langs opzij (voor-/achterkant-flank),Geen hindernis
7134,74,Kortrijk teller 1,Kortrijk,50.81909,3.25728,2.2530837335687495,50.83415444204025,3.278732722839238,2018,4,14,34022,Kortrijk,Normaal,Droog,Dag,met lichtgewonden,9,personenauto,3,Fiets,Op Kruispunt,Gewestweg,binnen bebouwde kom,Tss. 2 best.: langs opzij (voor-/achterkant-flank),Geen hindernis
7135,143,Eco Display Classic Budastraat,Kortrijk,50.83066,3.26286,0.7284928443132223,50.833330139964445,3.25338769123239,2018,5,5,34022,Kortrijk,Normaal,Droog,"Nacht, openbare verlichting aanwezig en ontstoken",met lichtgewonden,3,Fiets,3,Fiets,Op Kruispunt,Gemeenteweg,binnen bebouwde kom,Tss. 2 best.: langs opzij (voor-/achterkant-flank),Geen hindernis
7135,75,Kortrijk teller 2,Kortrijk,50.81925,3.25731,1.589694478899265,50.833330139964445,3.25338769123239,2018,5,5,34022,Kortrijk,Normaal,Droog,"Nacht, openbare verlichting aanwezig en ontstoken",met lichtgewonden,3,Fiets,3,Fiets,Op Kruispunt,Gemeenteweg,binnen bebouwde kom,Tss. 2 best.: langs opzij (voor-/achterkant-flank),Geen hindernis
7135,74,Kortrijk teller 1,Kortrijk,50.81909,3.25728,1.606859642911529,50.833330139964445,3.25338769123239,2018,5,5,34022,Kortrijk,Normaal,Droog,"Nacht, openbare verlichting aanwezig en ontstoken",met lichtgewonden,3,Fiets,3,Fiets,Op Kruispunt,Gemeenteweg,binnen bebouwde kom,Tss. 2 best.: langs opzij (voor-/achterkant-flank),Geen hindernis
7135,17,Kortrijk 2,Kortrijk,50.83339,3.27773,1.709531139361064,50.833330139964445,3.25338769123239,2018,5,5,34022,Kortrijk,Normaal,Droog,"Nacht, openbare verlichting aanwezig en ontstoken",met lichtgewonden,3,Fiets,3,Fiets,Op Kruispunt,Gemeenteweg,binnen bebouwde kom,Tss. 2 best.: langs opzij (voor-/achterkant-flank),Geen hindernis
7135,16,Kortrijk 1,Kortrijk,50.83332,3.27777,1.7123289673003168,50.833330139964445,3.25338769123239,2018,5,5,34022,Kortrijk,Normaal,Droog,"Nacht, openbare verlichting aanwezig en ontstoken",met lichtgewonden,3,Fiets,3,Fiets,Op Kruispunt,Gemeenteweg,binnen bebouwde kom,Tss. 2 best.: langs opzij (voor-/achterkant-flank),Geen hindernis
7155,67,Ieper totem,Ieper,50.85018,2.85624,0.7965941563863194,50.848959813134584,2.867421070876527,2018,4,11,33011,Ieper,Normaal,Droog,Dag,met lichtgewonden,3,Fiets,9,personenauto,Buiten Kruispunt,Gewestweg,binnen bebouwde kom,Tussen 2 bestuurders: Langs achteren,Geen hindernis
7155,68,Ieper,Ieper,50.85032,2.85608,0.8104241770350328,50.848959813134584,2.867421070876527,2018,4,11,33011,Ieper,Normaal,Droog,Dag,met lichtgewonden,3,Fiets,9,personenauto,Buiten Kruispunt,Gewestweg,binnen bebouwde kom,Tussen 2 bestuurders: Langs achteren,Geen hindernis
7158,35,Lanaken teller 1,Lanaken,50.88112,5.6314,2.4881682910694205,50.85940949695523,5.639987223109913,2018,4,13,73042,Lanaken,Normaal,Droog+Proper,Dag,met lichtgewonden,9,personenauto,3,Fiets,Op Kruispunt,Gewestweg,buiten bebouwde kom,Tss. 2 best.: langs opzij (voor-/achterkant-flank),Geen hindernis
7168,99,Mechelen teller 1,Mechelen,51.04564,4.46882,2.4695534623402864,51.03107683918687,4.495486589236929,2018,4,8,12025,Mechelen,Onbekend,Droog,Dag,met lichtgewonden,8,Voetganger,3,Fiets,Buiten Kruispunt,Gewestweg,binnen bebouwde kom,Met een voetganger,Geen hindernis
7168,100,Mechelen teller 2,Mechelen,51.0457,4.46883,2.473405569500527,51.03107683918687,4.495486589236929,2018,4,8,12025,Mechelen,Onbekend,Droog,Dag,met lichtgewonden,8,Voetganger,3,Fiets,Buiten Kruispunt,Gewestweg,binnen bebouwde kom,Met een voetganger,Geen hindernis
7169,99,Mechelen teller 1,Mechelen,51.04564,4.46882,1.1678548895293783,51.0381963918452,4.480604484989861,2018,4,13,12025,Mechelen,Normaal,Droog,Dag,met lichtgewonden,3,Fiets,3,Fiets,Buiten Kruispunt,Gewestweg,binnen bebouwde kom,Tss. 2 best.: langs opzij (voor-/achterkant-flank),Geen hindernis
7169,100,Mechelen teller 2,Mechelen,51.0457,4.46883,1.1721012469916445,51.0381963918452,4.480604484989861,2018,4,13,12025,Mechelen,Normaal,Droog,Dag,met lichtgewonden,3,Fiets,3,Fiets,Buiten Kruispunt,Gewestweg,binnen bebouwde kom,Tss. 2 best.: langs opzij (voor-/achterkant-flank),Geen hindernis
7170,99,Mechelen teller 1,Mechelen,51.04564,4.46882,2.329643022598321,51.02892394986246,4.488905441636526,2018,4,17,12025,Mechelen,Normaal,Droog,Dag,met lichtgewonden,9,personenauto,3,Fiets,Buiten Kruispunt,Gewestweg,binnen bebouwde kom,Tss. 2 best.: langs opzij (voor-/achterkant-flank),Geen hindernis
7170,100,Mechelen teller 2,Mechelen,51.0457,4.46883,2.3345485695230033,51.02892394986246,4.488905441636526,2018,4,17,12025,Mechelen,Normaal,Droog,Dag,met lichtgewonden,9,personenauto,3,Fiets,Buiten Kruispunt,Gewestweg,binnen bebouwde kom,Tss. 2 best.: langs opzij (voor-/achterkant-flank),Geen hindernis
7171,99,Mechelen teller 1,Mechelen,51.04564,4.46882,1.5160591216490182,51.03305185075452,4.4771495037185,2018,4,17,12025,Mechelen,Normaal,Onbekend,Dag,met lichtgewonden,9,personenauto,3,Fiets,Op Kruispunt,Gemeenteweg,binnen bebouwde kom,Tussen 2 bestuurders: Frontale botsing,Geen hindernis
7171,100,Mechelen teller 2,Mechelen,51.0457,4.46883,1.521953580595139,51.03305185075452,4.4771495037185,2018,4,17,12025,Mechelen,Normaal,Onbekend,Dag,met lichtgewonden,9,personenauto,3,Fiets,Op Kruispunt,Gemeenteweg,binnen bebouwde kom,Tussen 2 bestuurders: Frontale botsing,Geen hindernis
7172,99,Mechelen teller 1,Mechelen,51.04564,4.46882,2.0868047828089886,51.026983873276095,4.472060568612121,2018,4,12,12025,Mechelen,Normaal,Droog,Dag,met zwaargewonden,3,Fiets,9,personenauto,Buiten Kruispunt,Gewestweg,binnen bebouwde kom,Tussen 2 bestuurders: Langs achteren,Geen hindernis
7172,100,Mechelen teller 2,Mechelen,51.0457,4.46883,2.0933615749226364,51.026983873276095,4.472060568612121,2018,4,12,12025,Mechelen,Normaal,Droog,Dag,met zwaargewonden,3,Fiets,9,personenauto,Buiten Kruispunt,Gewestweg,binnen bebouwde kom,Tussen 2 bestuurders: Langs achteren,Geen hindernis
7173,109,Zemst,Zemst,50.9903936,4.4707023,0.638506670263772,50.995662421271994,4.474329693927911,2018,4,8,12025,Mechelen,Normaal,Droog,Dag,met lichtgewonden,5,Lichte vrachtauto,3,Fiets,Op Kruispunt,Gewestweg,buiten bebouwde kom,Tss. 2 best.: langs opzij (voor-/achterkant-flank),Geen hindernis
7174,137,Hasselt-Kempische brug,Hasselt,50.9411605,5.3417576,0.3173143336606712,50.943824227000086,5.343382313325414,2018,4,15,71022,Hasselt,Normaal,Droog,Dag,met lichtgewonden,3,Fiets,3,Fiets,Op Kruispunt,Gewestweg,buiten bebouwde kom,Tss. 2 best.: langs opzij (voor-/achterkant-flank),Geen hindernis
7174,138,Hasselt-Kempische brug,Hasselt,50.9405318,5.3422472,0.374640173758574,50.943824227000086,5.343382313325414,2018,4,15,71022,Hasselt,Normaal,Droog,Dag,met lichtgewonden,3,Fiets,3,Fiets,Op Kruispunt,Gewestweg,buiten bebouwde kom,Tss. 2 best.: langs opzij (voor-/achterkant-flank),Geen hindernis
7174,140,Hasselt ring,Hasselt,50.9300038,5.3438616,1.5371283069818715,50.943824227000086,5.343382313325414,2018,4,15,71022,Hasselt,Normaal,Droog,Dag,met lichtgewonden,3,Fiets,3,Fiets,Op Kruispunt,Gewestweg,buiten bebouwde kom,Tss. 2 best.: langs opzij (voor-/achterkant-flank),Geen hindernis
7175,140,Hasselt ring,Hasselt,50.9300038,5.3438616,0.22936893795910687,50.9279416070358,5.343784569297438,2018,4,15,71022,Hasselt,Normaal,Onbekend,Dag,met lichtgewonden,3,Fiets,9,personenauto,Buiten Kruispunt,Gemeenteweg,binnen bebouwde kom,Tss. 2 best.: langs opzij (voor-/achterkant-flank),Geen hindernis
7175,138,Hasselt-Kempische brug,Hasselt,50.9405318,5.3422472,1.404104729079351,50.9279416070358,5.343784569297438,2018,4,15,71022,Hasselt,Normaal,Onbekend,Dag,met lichtgewonden,3,Fiets,9,personenauto,Buiten Kruispunt,Gemeenteweg,binnen bebouwde kom,Tss. 2 best.: langs opzij (voor-/achterkant-flank),Geen hindernis
7175,137,Hasselt-Kempische brug,Hasselt,50.9411605,5.3417576,1.4767210061632383,50.9279416070358,5.343784569297438,2018,4,15,71022,Hasselt,Normaal,Onbekend,Dag,met lichtgewonden,3,Fiets,9,personenauto,Buiten Kruispunt,Gemeenteweg,binnen bebouwde kom,Tss. 2 best.: langs opzij (voor-/achterkant-flank),Geen hindernis
7176,140,Hasselt ring,Hasselt,50.9300038,5.3438616,0.6925950426622131,50.92466325710046,5.338776085436561,2018,4,14,71022,Hasselt,Normaal,Droog,Dag,met lichtgewonden,9,personenauto,3,Fiets,Op Kruispunt,Gewestweg,binnen bebouwde kom,Tss. 2 best.: langs opzij (voor-/achterkant-flank),Geen hindernis
7176,138,Hasselt-Kempische brug,Hasselt,50.9405318,5.3422472,1.7811897150311193,50.92466325710046,5.338776085436561,2018,4,14,71022,Hasselt,Normaal,Droog,Dag,met lichtgewonden,9,personenauto,3,Fiets,Op Kruispunt,Gewestweg,binnen bebouwde kom,Tss. 2 best.: langs opzij (voor-/achterkant-flank),Geen hindernis
7176,137,Hasselt-Kempische brug,Hasselt,50.9411605,5.3417576,1.8462705078195858,50.92466325710046,5.338776085436561,2018,4,14,71022,Hasselt,Normaal,Droog,Dag,met lichtgewonden,9,personenauto,3,Fiets,Op Kruispunt,Gewestweg,binnen bebouwde kom,Tss. 2 best.: langs opzij (voor-/achterkant-flank),Geen hindernis
7179,12,Tervuren,Kraainem,50.81896,4.47803,2.4710834860609925,50.82181326823187,4.512915531283813,2018,4,17,24104,Tervuren,Onbekend,Onbekend,Dag,met lichtgewonden,3,Fiets,8,Voetganger,Buiten Kruispunt,Gemeenteweg,binnen bebouwde kom,Met een voetganger,Geen hindernis
7181,84,Roeselare totem,Izegem,50.91717,3.18772,2.4116326245556214,50.92660100231142,3.1567378784056195,2018,5,10,36015,Roeselare,Normaal,Droog,Dag,met zwaargewonden,9,personenauto,3,Fiets,Op Kruispunt,Gemeenteweg,binnen bebouwde kom,Tss. 2 best.: langs opzij (voor-/achterkant-flank),Geen hindernis
7302,3,Brasschaat 1,Brasschaat,51.27503,4.47222,1.7902094425185655,51.28725193914862,4.48897426214802,2018,5,14,11008,Brasschaat,Normaal,Droog,Dag,met zwaargewonden,9,personenauto,3,Fiets,Op Kruispunt,Gemeenteweg,binnen bebouwde kom,Tss. 2 best.: langs opzij (voor-/achterkant-flank),Geen hindernis
7302,2,Brasschaat 2,Brasschaat,51.27512,4.47169,1.8069359187960201,51.28725193914862,4.48897426214802,2018,5,14,11008,Brasschaat,Normaal,Droog,Dag,met zwaargewonden,9,personenauto,3,Fiets,Op Kruispunt,Gemeenteweg,binnen bebouwde kom,Tss. 2 best.: langs opzij (voor-/achterkant-flank),Geen hindernis
7304,3,Brasschaat 1,Brasschaat,51.27503,4.47222,1.949175723975736,51.28893351553058,4.4892877991853,2018,5,10,11008,Brasschaat,Normaal,Droog,Dag,met lichtgewonden,3,Fiets,8,Voetganger,Buiten Kruispunt,Gewestweg,binnen bebouwde kom,Met een voetganger,Geen hindernis
7304,2,Brasschaat 2,Brasschaat,51.27512,4.47169,1.9640049606906158,51.28893351553058,4.4892877991853,2018,5,10,11008,Brasschaat,Normaal,Droog,Dag,met lichtgewonden,3,Fiets,8,Voetganger,Buiten Kruispunt,Gewestweg,binnen bebouwde kom,Met een voetganger,Geen hindernis
7306,3,Brasschaat 1,Brasschaat,51.27503,4.47222,0.03381275850024138,51.27532918503637,4.472306913804035,2018,5,16,11008,Brasschaat,Normaal,Droog,Dag,met lichtgewonden,9,personenauto,3,Fiets,Buiten Kruispunt,Gewestweg,buiten bebouwde kom,Tss. 2 best.: langs opzij (voor-/achterkant-flank),Geen hindernis
7306,2,Brasschaat 2,Brasschaat,51.27512,4.47169,0.048811856872344676,51.27532918503637,4.472306913804035,2018,5,16,11008,Brasschaat,Normaal,Droog,Dag,met lichtgewonden,9,personenauto,3,Fiets,Buiten Kruispunt,Gewestweg,buiten bebouwde kom,Tss. 2 best.: langs opzij (voor-/achterkant-flank),Geen hindernis
7308,3,Brasschaat 1,Brasschaat,51.27503,4.47222,2.3421803786794957,51.289914607476106,4.4960480558336515,2018,5,13,11008,Brasschaat,Normaal,Droog,Dag,met lichtgewonden,3,Fiets,3,Fiets,Buiten Kruispunt,Gewestweg,binnen bebouwde kom,Tussen 2 bestuurders: Frontale botsing,Geen hindernis
7308,2,Brasschaat 2,Brasschaat,51.27512,4.47169,2.361421913513954,51.289914607476106,4.4960480558336515,2018,5,13,11008,Brasschaat,Normaal,Droog,Dag,met lichtgewonden,3,Fiets,3,Fiets,Buiten Kruispunt,Gewestweg,binnen bebouwde kom,Tussen 2 bestuurders: Frontale botsing,Geen hindernis
7311,2,Brasschaat 2,Brasschaat,51.27512,4.47169,1.3358024756974824,51.26425293536941,4.463505251620801,2018,5,10,11040,Schoten,Normaal,Droog,Dag,met lichtgewonden,9,personenauto,3,Fiets,Buiten Kruispunt,Gewestweg,buiten bebouwde kom,Tss. 2 best.: langs opzij (voor-/achterkant-flank),Geen hindernis
7311,3,Brasschaat 1,Brasschaat,51.27503,4.47222,1.342994319636614,51.26425293536941,4.463505251620801,2018,5,10,11040,Schoten,Normaal,Droog,Dag,met lichtgewonden,9,personenauto,3,Fiets,Buiten Kruispunt,Gewestweg,buiten bebouwde kom,Tss. 2 best.: langs opzij (voor-/achterkant-flank),Geen hindernis
7314,3,Brasschaat 1,Brasschaat,51.27503,4.47222,1.5962381597737023,51.260675812777194,4.471932455513316,2018,5,8,11040,Schoten,Normaal,Droog,Dag,met lichtgewonden,3,Fiets,9,personenauto,Op Kruispunt,Gemeenteweg,buiten bebouwde kom,Tss. 2 best.: langs opzij (voor-/achterkant-flank),Geen hindernis
7314,2,Brasschaat 2,Brasschaat,51.27512,4.47169,1.6062089151379322,51.260675812777194,4.471932455513316,2018,5,8,11040,Schoten,Normaal,Droog,Dag,met lichtgewonden,3,Fiets,9,personenauto,Op Kruispunt,Gemeenteweg,buiten bebouwde kom,Tss. 2 best.: langs opzij (voor-/achterkant-flank),Geen hindernis
7331,96,Lier teller 2,Lier,51.11705,4.58444,2.034083743717978,51.131560036893845,4.5666913837096,2018,5,15,12021,Lier,Normaal,Droog,Dag,met lichtgewonden,9,personenauto,3,Fiets,Buiten Kruispunt,Gemeenteweg,binnen bebouwde kom,Tss. 2 best.: langs opzij (voor-/achterkant-flank),Geen hindernis
7331,95,Lier teller 1,Lier,51.11687,4.58437,2.047049338665234,51.131560036893845,4.5666913837096,2018,5,15,12021,Lier,Normaal,Droog,Dag,met lichtgewonden,9,personenauto,3,Fiets,Buiten Kruispunt,Gemeenteweg,binnen bebouwde kom,Tss. 2 best.: langs opzij (voor-/achterkant-flank),Geen hindernis