crash_row_id,site_id,site_name,site_gemeente,site_lat,site_long,distance_km,crash_lat,crash_long,DT_YEAR_COLLISION,DT_MONTH_COLLISION,DT_TIME,CD_NIS,TX_MUNTY_COLLISION_NL,TX_WEATHER_NL,TX_ROAD_CONDITION_NL,TX_LIGHT_CONDITION_NL,TX_CLASS_ACCIDENTS_NL,CD_ROAD_USR_TYPE1,TX_ROAD_USR_TYPE1_NL,CD_ROAD_USR_TYPE2,TX_ROAD_USR_TYPE2_NL,TX_CROSSWAY_NL,CD_ROAD_TYPE_NL,TX_BUILD_UP_AREA_NL,TX_COLLISION_TYPE_NL,TX_OBSTACLES_NL
7332,96,Lier teller 2,Lier,51.11705,4.58444,1.6797418431499649,51.13181720974313,4.5793691096680185,2018,5,15,12021,Lier,Normaal,Droog,Dag,met zwaargewonden,3,Fiets,8,Voetganger,Buiten Kruispunt,Gemeenteweg,binnen bebouwde kom,Met een voetganger,Geen hindernis
7332,95,Lier teller 1,Lier,51.11687,4.58437,1.6983023793299934,51.13181720974313,4.5793691096680185,2018,5,15,12021,Lier,Normaal,Droog,Dag,met zwaargewonden,3,Fiets,8,Voetganger,Buiten Kruispunt,Gemeenteweg,binnen bebouwde kom,Met een voetganger,Geen hindernis
7333,96,Lier teller 2,Lier,51.11705,4.58444,1.4964199286456041,51.12959824843409,4.5766919327602045,2018,5,11,12021,Lier,Normaal,Droog,Dag,met lichtgewonden,3,Fiets,10,"één bestuurder, geen hindernis",Buiten Kruispunt,Gewestweg,binnen bebouwde kom,"Eén bestuurder, geen hindernis (incl. val)",Geen hindernis
7333,95,Lier teller 1,Lier,51.11687,4.58437,1.5133634271974479,51.12959824843409,4.5766919327602045,2018,5,11,12021,Lier,Normaal,Droog,Dag,met lichtgewonden,3,Fiets,10,"één bestuurder, geen hindernis",Buiten Kruispunt,Gewestweg,binnen bebouwde kom,"Eén bestuurder, geen hindernis (incl. val)",Geen hindernis
7337,9,Heist op den Berg 2,Heist-op-den-Berg,51.06904,4.69524,1.5724102436229896,51.061368482279,4.714142880886675,2018,5,22,12014,Heist-op-den-Berg,Normaal,Droog,Onbekend,met lichtgewonden,9,personenauto,3,Fiets,Op Kruispunt,Gemeenteweg,binnen bebouwde kom,Tss. 2 best.: langs opzij (voor-/achterkant-flank),Geen hindernis
7337,8,Heist op den Berg 1,Heist-op-den-Berg,51.06759,4.68823,1.9384404699716171,51.061368482279,4.714142880886675,2018,5,22,12014,Heist-op-den-Berg,Normaal,Droog,Onbekend,met lichtgewonden,9,personenauto,3,Fiets,Op Kruispunt,Gemeenteweg,binnen bebouwde kom,Tss. 2 best.: langs opzij (voor-/achterkant-flank),Geen hindernis
7341,9,Heist op den Berg 2,Heist-op-den-Berg,51.06904,4.69524,1.1815120638881487,51.07490591180934,4.709340088782157,2018,5,11,12014,Heist-op-den-Berg,Normaal,Droog,Dag,met zwaargewonden,9,personenauto,3,Fiets,Buiten Kruispunt,Gemeenteweg,binnen bebouwde kom,Tss. 2 best.: langs opzij (voor-/achterkant-flank),Geen hindernis
7341,8,Heist op den Berg 1,Heist-op-den-Berg,51.06759,4.68823,1.6844183028642725,51.07490591180934,4.709340088782157,2018,5,11,12014,Heist-op-den-Berg,Normaal,Droog,Dag,met zwaargewonden,9,personenauto,3,Fiets,Buiten Kruispunt,Gemeenteweg,binnen bebouwde kom,Tss. 2 best.: langs opzij (voor-/achterkant-flank),Geen hindernis
7343,133,Gierde Lille Totem,Lille,51.2453915,4.8297416,1.7534339650707933,51.25445699210574,4.809127841387432,2018,5,16,13019,Lille,Normaal,"Nat, plassen",Dag,met lichtgewonden,3,Fiets,5,Lichte vrachtauto,Op Kruispunt,Gewestweg,buiten bebouwde kom,Tss. 2 best.: langs opzij (voor-/achterkant-flank),Geen hindernis
7343,132,Gierde lille,Lille,51.245445,4.8298851,1.7582173843614994,51.25445699210574,4.809127841387432,2018,5,16,13019,Lille,Normaal,"Nat, plassen",Dag,met lichtgewonden,3,Fiets,5,Lichte vrachtauto,Op Kruispunt,Gewestweg,buiten bebouwde kom,Tss. 2 best.: langs opzij (voor-/achterkant-flank),Geen hindernis
7346,25,Bree,Bree,51.13679500160176,5.597669323604317,1.440515156715602,51.14238750561146,5.616293957910751,2018,5,13,13004,Beerse,Normaal,Droog,Dag,met lichtgewonden,3,Fiets,9,personenauto,Buiten Kruispunt,Gemeenteweg,binnen bebouwde kom,Tussen 2 bestuurders: Flank tegen flank,Geen hindernis
7350,133,Gierde Lille Totem,Lille,51.2453915,4.8297416,1.1380112138755687,51.251168648801105,4.8162453987050595,2018,5,13,13019,Lille,Normaal,Droog,Dag,met lichtgewonden,9,personenauto,3,Fiets,Op Kruispunt,Gewestweg,binnen bebouwde kom,Tussen 2 bestuurders: Frontale botsing,Geen hindernis
7350,132,Gierde lille,Lille,51.245445,4.8298851,1.1429458082727364,51.251168648801105,4.8162453987050595,2018,5,13,13019,Lille,Normaal,Droog,Dag,met lichtgewonden,9,personenauto,3,Fiets,Op Kruispunt,Gewestweg,binnen bebouwde kom,Tussen 2 bestuurders: Frontale botsing,Geen hindernis
7360,98,Geel teller 2,Geel,51.1481,4.99643,1.0238374290557368,51.15716075235776,4.9938188558527346,2018,5,9,13008,Geel,Normaal,Droog,Dag,met zwaargewonden,4,Vrachtwagen,3,Fiets,Op Kruispunt,Gewestweg,binnen bebouwde kom,Tss. 2 best.: langs opzij (voor-/achterkant-flank),Geen hindernis
7360,97,Geel teller 1,Geel,51.14813,4.99698,1.028093553553669,51.15716075235776,4.9938188558527346,2018,5,9,13008,Geel,Normaal,Droog,Dag,met zwaargewonden,4,Vrachtwagen,3,Fiets,Op Kruispunt,Gewestweg,binnen bebouwde kom,Tss. 2 best.: langs opzij (voor-/achterkant-flank),Geen hindernis
7361,97,Geel teller 1,Geel,51.14813,4.99698,2.4122681656754006,51.16390237864684,5.020728484263978,2018,5,16,13008,Geel,Normaal,Droog,Dag,met lichtgewonden,3,Fiets,9,personenauto,Op Kruispunt,Gewestweg,binnen bebouwde kom,Tss. 2 best.: langs opzij (voor-/achterkant-flank),Geen hindernis
7361,98,Geel teller 2,Geel,51.1481,4.99643,2.4411645139846696,51.16390237864684,5.020728484263978,2018,5,16,13008,Geel,Normaal,Droog,Dag,met lichtgewonden,3,Fiets,9,personenauto,Op Kruispunt,Gewestweg,binnen bebouwde kom,Tss. 2 best.: langs opzij (voor-/achterkant-flank),Geen hindernis
7362,97,Geel teller 1,Geel,51.14813,4.99698,2.418354677371724,51.12744650262801,5.007695267233495,2018,5,12,13008,Geel,Mist (zichtbaarheid minder dan 100m),Droog,Dag,met lichtgewonden,9,personenauto,3,Fiets,Op Kruispunt,Gemeenteweg,binnen bebouwde kom,Tss. 2 best.: langs opzij (voor-/achterkant-flank),Geen hindernis
7362,98,Geel teller 2,Geel,51.1481,4.99643,2.4273347983263065,51.12744650262801,5.007695267233495,2018,5,12,13008,Geel,Mist (zichtbaarheid minder dan 100m),Droog,Dag,met lichtgewonden,9,personenauto,3,Fiets,Op Kruispunt,Gemeenteweg,binnen bebouwde kom,Tss. 2 best.: langs opzij (voor-/achterkant-flank),Geen hindernis
7363,98,Geel teller 2,Geel,51.1481,4.99643,2.491690061133265,51.170123251153214,4.98983477729504,2018,5,10,13008,Geel,Normaal,Droog,Dag,met lichtgewonden,9,personenauto,3,Fiets,Buiten Kruispunt,Gewestweg,binnen bebouwde kom,Tss. 2 best.: langs opzij (voor-/achterkant-flank),Geen hindernis
7363,97,Geel teller 1,Geel,51.14813,4.99698,2.495785435211535,51.170123251153214,4.98983477729504,2018,5,10,13008,Geel,Normaal,Droog,Dag,met lichtgewonden,9,personenauto,3,Fiets,Buiten Kruispunt,Gewestweg,binnen bebouwde kom,Tss. 2 best.: langs opzij (voor-/achterkant-flank),Geen hindernis
7364,4,Balen 1,Balen,51.16023,5.19011,2.367483496222712,51.14646594904159,5.216007778091476,2018,5,7,13003,Balen,Normaal,Droog,Dag,met zwaargewonden,3,Fiets,9,personenauto,Op Kruispunt,Gewestweg,buiten bebouwde kom,Tss. 2 best.: langs opzij (voor-/achterkant-flank),Geen hindernis
7364,5,Balen 2,Balen,51.16018,5.19003,2.3681600470244892,51.14646594904159,5.216007778091476,2018,5,7,13003,Balen,Normaal,Droog,Dag,met zwaargewonden,3,Fiets,9,personenauto,Op Kruispunt,Gewestweg,buiten bebouwde kom,Tss. 2 best.: langs opzij (voor-/achterkant-flank),Geen hindernis
7368,110,Herentals totem,Herentals,51.1739426,4.811783,2.309639113691118,51.19402348097549,4.820254314219124,2018,5,18,13011,Herentals,Normaal,Droog,Dag,met lichtgewonden,3,Fiets,3,Fiets,Op Kruispunt,Gemeenteweg,buiten bebouwde kom,Tss. 2 best.: langs opzij (voor-/achterkant-flank),Geen hindernis
7368,94,Herentals teller 2,Herentals,51.17345,4.81283,2.345463103653533,51.19402348097549,4.820254314219124,2018,5,18,13011,Herentals,Normaal,Droog,Dag,met lichtgewonden,3,Fiets,3,Fiets,Op Kruispunt,Gemeenteweg,buiten bebouwde kom,Tss. 2 best.: langs opzij (voor-/achterkant-flank),Geen hindernis
7369,94,Herentals teller 2,Herentals,51.17345,4.81283,1.243918260051629,51.17537112293965,4.830408118280003,2018,5,8,13011,Herentals,Normaal,Droog,Dag,met lichtgewonden,3,Fiets,3,Fiets,Buiten Kruispunt,Gemeenteweg,binnen bebouwde kom,Tss. 2 best.: langs opzij (voor-/achterkant-flank),Geen hindernis
7369,110,Herentals totem,Herentals,51.1739426,4.811783,1.3081021347634643,51.17537112293965,4.830408118280003,2018,5,8,13011,Herentals,Normaal,Droog,Dag,met lichtgewonden,3,Fiets,3,Fiets,Buiten Kruispunt,Gemeenteweg,binnen bebouwde kom,Tss. 2 best.: langs opzij (voor-/achterkant-flank),Geen hindernis
7371,94,Herentals teller 2,Herentals,51.17345,4.81283,1.3960894489779059,51.16978099002752,4.831980678201412,2018,5,10,13011,Herentals,Normaal,Droog,Dag,met lichtgewonden,3,Fiets,9,personenauto,Op Kruispunt,Gemeenteweg,buiten bebouwde kom,Tss. 2 best.: langs opzij (voor-/achterkant-flank),Geen hindernis
7371,110,Herentals totem,Herentals,51.1739426,4.811783,1.4822227803872954,51.16978099002752,4.831980678201412,2018,5,10,13011,Herentals,Normaal,Droog,Dag,met lichtgewonden,3,Fiets,9,personenauto,Op Kruispunt,Gemeenteweg,buiten bebouwde kom,Tss. 2 best.: langs opzij (voor-/achterkant-flank),Geen hindernis
7394,43,Maaseik teller 1,Maaseik,51.09344,5.79715,1.279128927471571,51.09689420876605,5.7796784613098025,2018,5,15,72021,Maaseik,Normaal,Droog,Dag,met lichtgewonden,9,personenauto,3,Fiets,Op Kruispunt,Gemeenteweg,binnen bebouwde kom,Tss. 2 best.: langs opzij (voor-/achterkant-flank),Geen hindernis
7394,44,Maaseik teller 2,Maaseik,51.09359,5.79726,1.2815753347086942,51.09689420876605,5.7796784613098025,2018,5,15,72021,Maaseik,Normaal,Droog,Dag,met lichtgewonden,9,personenauto,3,Fiets,Op Kruispunt,Gemeenteweg,binnen bebouwde kom,Tss. 2 best.: langs opzij (voor-/achterkant-flank),Geen hindernis
7396,14,Genk,Genk,50.97172,5.48927,1.100438692452312,50.96354477734773,5.498126216895891,2018,5,15,71016,Genk,Normaal,Droog,Dag,met lichtgewonden,1,Autobus,3,Fiets,Op Kruispunt,Gewestweg,binnen bebouwde kom,Tss. 2 best.: langs opzij (voor-/achterkant-flank),Geen hindernis
7400,25,Bree,Bree,51.13679500160176,5.597669323604317,0.4789397029013752,51.1404194099049,5.6013783200030725,2018,5,11,72004,Bree,Normaal,Droog,Dag,met lichtgewonden,3,Fiets,9,personenauto,Op Kruispunt,Gewestweg,binnen bebouwde kom,Tss. 2 best.: langs opzij (voor-/achterkant-flank),Geen hindernis
7401,25,Bree,Bree,51.13679500160176,5.597669323604317,0.6172340935025369,51.13788026710701,5.606345306057429,2018,5,12,72004,Bree,Normaal,Droog,Dag,met lichtgewonden,3,Fiets,11,een weggebruiker tegen een hindernis,Op Kruispunt,Gewestweg,binnen bebouwde kom,Weggebruiker tegen hindernis op de rijbaan,"Op de rijbaan: Werken (signal., aarde, toestel,…)"
7403,139,Houthalen-Helchteren,Houthalen-Helchteren,51.0644267,5.3819796,0.9059773872757572,51.056287708126774,5.382577090858276,2018,5,11,72039,Houthalen-Helchteren,Normaal,Droog,Dag,met zwaargewonden,9,personenauto,3,Fiets,Op Kruispunt,Gewestweg,binnen bebouwde kom,Tss. 2 best.: langs opzij (voor-/achterkant-flank),Geen hindernis
7404,139,Houthalen-Helchteren,Houthalen-Helchteren,51.0644267,5.3819796,1.1857073131848805,51.060715641231475,5.397886011698322,2018,5,16,72039,Houthalen-Helchteren,Normaal,Droog,Dag,met lichtgewonden,9,personenauto,3,Fiets,Op Kruispunt,Gewestweg,buiten bebouwde kom,Tss. 2 best.: langs opzij (voor-/achterkant-flank),Geen hindernis
7405,14,Genk,Genk,50.97172,5.48927,1.3614301111307028,50.9829537440719,5.497003537997571,2018,5,16,71016,Genk,Normaal,Droog,Dag,met lichtgewonden,3,Fiets,5,Lichte vrachtauto,Op Kruispunt,Gemeenteweg,buiten bebouwde kom,Tss. 2 best.: langs opzij (voor-/achterkant-flank),Geen hindernis
7406,14,Genk,Genk,50.97172,5.48927,1.8310584511283667,50.96296796880856,5.46712081118656,2018,5,16,71016,Genk,Normaal,Droog,Dag,met zwaargewonden,9,personenauto,3,Fiets,Op Kruispunt,Gewestweg,buiten bebouwde kom,Tss. 2 best.: langs opzij (voor-/achterkant-flank),Geen hindernis
7407,25,Bree,Bree,51.13679500160176,5.597669323604317,0.6172340935025369,51.13788026710701,5.606345306057429,2018,5,16,72004,Bree,Normaal,Droog,Dag,met lichtgewonden,9,personenauto,3,Fiets,Op Kruispunt,Gewestweg,buiten bebouwde kom,Tss. 2 best.: langs opzij (voor-/achterkant-flank),Geen hindernis
7412,107,leuven totem,Leuven,50.8870744,4.7087919,0.5179893196371149,50.88328007319175,4.71307567338511,2018,5,17,24062,Leuven,Normaal,Droog,Dag,met lichtgewonden,9,personenauto,3,Fiets,Buiten Kruispunt,Gewestweg,binnen bebouwde kom,Tussen 2 bestuurders: Langs achteren,Geen hindernis
7412,77,Leuven teller 2,Leuven,50.88672,4.70796,0.5244938440286556,50.88328007319175,4.71307567338511,2018,5,17,24062,Leuven,Normaal,Droog,Dag,met lichtgewonden,9,personenauto,3,Fiets,Buiten Kruispunt,Gewestweg,binnen bebouwde kom,Tussen 2 bestuurders: Langs achteren,Geen hindernis
7412,69,Leuven teller 1,Leuven,50.87549,4.71526,0.8796685956262593,50.88328007319175,4.71307567338511,2018,5,17,24062,Leuven,Normaal,Droog,Dag,met lichtgewonden,9,personenauto,3,Fiets,Buiten Kruispunt,Gewestweg,binnen bebouwde kom,Tussen 2 bestuurders: Langs achteren,Geen hindernis
7413,151,Leuven,District Leuven,50.8690262,4.6854839,0.976728553956333,50.87773587931203,4.683677814450198,2018,5,7,24062,Leuven,Regenval,"Nat, plassen",Dag,met lichtgewonden,9,personenauto,3,Fiets,Op Kruispunt,Gewestweg,binnen bebouwde kom,Tss. 2 best.: langs opzij (voor-/achterkant-flank),Geen hindernis
7413,77,Leuven teller 2,Leuven,50.88672,4.70796,1.9748224591268049,50.87773587931203,4.683677814450198,2018,5,7,24062,Leuven,Regenval,"Nat, plassen",Dag,met lichtgewonden,9,personenauto,3,Fiets,Op Kruispunt,Gewestweg,binnen bebouwde kom,Tss. 2 best.: langs opzij (voor-/achterkant-flank),Geen hindernis
7413,107,leuven totem,Leuven,50.8870744,4.7087919,2.0450999700204666,50.87773587931203,4.683677814450198,2018,5,7,24062,Leuven,Regenval,"Nat, plassen",Dag,met lichtgewonden,9,personenauto,3,Fiets,Op Kruispunt,Gewestweg,binnen bebouwde kom,Tss. 2 best.: langs opzij (voor-/achterkant-flank),Geen hindernis
7413,69,Leuven teller 1,Leuven,50.87549,4.71526,2.229933928799475,50.87773587931203,4.683677814450198,2018,5,7,24062,Leuven,Regenval,"Nat, plassen",Dag,met lichtgewonden,9,personenauto,3,Fiets,Op Kruispunt,Gewestweg,binnen bebouwde kom,Tss. 2 best.: langs opzij (voor-/achterkant-flank),Geen hindernis
7414,69,Leuven teller 1,Leuven,50.87549,4.71526,0.961071295341049,50.86900539678933,4.706204763043399,2018,5,16,24062,Leuven,Normaal,Droog,Dag,met lichtgewonden,3,Fiets,9,personenauto,Buiten Kruispunt,Gewestweg,binnen bebouwde kom,Tss. 2 best.: langs opzij (voor-/achterkant-flank),Geen hindernis
7414,151,Leuven,District Leuven,50.8690262,4.6854839,1.4540802101425163,50.86900539678933,4.706204763043399,2018,5,16,24062,Leuven,Normaal,Droog,Dag,met lichtgewonden,3,Fiets,9,personenauto,Buiten Kruispunt,Gewestweg,binnen bebouwde kom,Tss. 2 best.: langs opzij (voor-/achterkant-flank),Geen hindernis
7414,77,Leuven teller 2,Leuven,50.88672,4.70796,1.973619890544737,50.86900539678933,4.706204763043399,2018,5,16,24062,Leuven,Normaal,Droog,Dag,met lichtgewonden,3,Fiets,9,personenauto,Buiten Kruispunt,Gewestweg,binnen bebouwde kom,Tss. 2 best.: langs opzij (voor-/achterkant-flank),Geen hindernis
7414,107,leuven totem,Leuven,50.8870744,4.7087919,2.0173642116443093,50.86900539678933,4.706204763043399,2018,5,16,24062,Leuven,Normaal,Droog,Dag,met lichtgewonden,3,Fiets,9,personenauto,Buiten Kruispunt,Gewestweg,binnen bebouwde kom,Tss. 2 best.: langs opzij (voor-/achterkant-flank),Geen hindernis
7415,69,Leuven teller 1,Leuven,50.87549,4.71526,1.6391457474286026,50.86869014090175,4.735985918451193,2018,5,9,24062,Leuven,Normaal,Droog,Dag,met lichtgewonden,3,Fiets,9,personenauto,Buiten Kruispunt,Gewestweg,binnen bebouwde kom,Tss. 2 best.: langs opzij (voor-/achterkant-flank),Geen hindernis
7416,77,Leuven teller 2,Leuven,50.88672,4.70796,1.2007260823044945,50.88101444080561,4.693428283574357,2018,5,14,24062,Leuven,Normaal,Droog,Dag,met lichtgewonden,1,Autobus,3,Fiets,Buiten Kruispunt,Gemeenteweg,binnen bebouwde kom,Tussen 2 bestuurders: Flank tegen flank,Geen hindernis
7416,107,leuven totem,Leuven,50.8870744,4.7087919,1.2710952199626917,50.88101444080561,4.693428283574357,2018,5,14,24062,Leuven,Normaal,Droog,Dag,met lichtgewonden,1,Autobus,3,Fiets,Buiten Kruispunt,Gemeenteweg,binnen bebouwde kom,Tussen 2 bestuurders: Flank tegen flank,Geen hindernis
7416,151,Leuven,District Leuven,50.8690262,4.6854839,1.4448849755256417,50.88101444080561,4.693428283574357,2018,5,14,24062,Leuven,Normaal,Droog,Dag,met lichtgewonden,1,Autobus,3,Fiets,Buiten Kruispunt,Gemeenteweg,binnen bebouwde kom,Tussen 2 bestuurders: Flank tegen flank,Geen hindernis
7416,69,Leuven teller 1,Leuven,50.87549,4.71526,1.6503163573764734,50.88101444080561,4.693428283574357,2018,5,14,24062,Leuven,Normaal,Droog,Dag,met lichtgewonden,1,Autobus,3,Fiets,Buiten Kruispunt,Gemeenteweg,binnen bebouwde kom,Tussen 2 bestuurders: Flank tegen flank,Geen hindernis
7417,69,Leuven teller 1,Leuven,50.87549,4.71526,1.1210577248710727,50.86715571020759,4.7242498122612435,2018,5,12,24062,Leuven,Normaal,Droog,Dag,met lichtgewonden,3,Fiets,9,personenauto,Buiten Kruispunt,Gemeenteweg,binnen bebouwde kom,Tss. 2 best.: langs opzij (voor-/achterkant-flank),Geen hindernis
7417,77,Leuven teller 2,Leuven,50.88672,4.70796,2.4574145497922992,50.86715571020759,4.7242498122612435,2018,5,12,24062,Leuven,Normaal,Droog,Dag,met lichtgewonden,3,Fiets,9,personenauto,Buiten Kruispunt,Gemeenteweg,binnen bebouwde kom,Tss. 2 best.: langs opzij (voor-/achterkant-flank),Geen hindernis
7417,107,leuven totem,Leuven,50.8870744,4.7087919,2.4661452717713823,50.86715571020759,4.7242498122612435,2018,5,12,24062,Leuven,Normaal,Droog,Dag,met lichtgewonden,3,Fiets,9,personenauto,Buiten Kruispunt,Gemeenteweg,binnen bebouwde kom,Tss. 2 best.: langs opzij (voor-/achterkant-flank),Geen hindernis
7418,151,Leuven,District Leuven,50.8690262,4.6854839,0.6980231221982713,50.86630178926342,4.694444982823234,2018,5,10,24062,Leuven,Normaal,Droog,Dag,met lichtgewonden,9,personenauto,3,Fiets,Buiten Kruispunt,Gemeenteweg,binnen bebouwde kom,Tss. 2 best.: langs opzij (voor-/achterkant-flank),Geen hindernis
7418,69,Leuven teller 1,Leuven,50.87549,4.71526,1.782488499802734,50.86630178926342,4.694444982823234,2018,5,10,24062,Leuven,Normaal,Droog,Dag,met lichtgewonden,9,personenauto,3,Fiets,Buiten Kruispunt,Gemeenteweg,binnen bebouwde kom,Tss. 2 best.: langs opzij (voor-/achterkant-flank),Geen hindernis
7418,108,Heverlee teller 1,Leuven,50.8471728,4.6954674,2.1282569174922044,50.86630178926342,4.694444982823234,2018,5,10,24062,Leuven,Normaal,Droog,Dag,met lichtgewonden,9,personenauto,3,Fiets,Buiten Kruispunt,Gemeenteweg,binnen bebouwde kom,Tss. 2 best.: langs opzij (voor-/achterkant-flank),Geen hindernis
7418,76,Heverlee teller 2,Leuven,50.84606,4.69597,2.2533284020365,50.86630178926342,4.694444982823234,2018,5,10,24062,Leuven,Normaal,Droog,Dag,met lichtgewonden,9,personenauto,3,Fiets,Buiten Kruispunt,Gemeenteweg,binnen bebouwde kom,Tss. 2 best.: langs opzij (voor-/achterkant-flank),Geen hindernis
7418,77,Leuven teller 2,Leuven,50.88672,4.70796,2.4604708542478186,50.86630178926342,4.694444982823234,2018,5,10,24062,Leuven,Normaal,Droog,Dag,met lichtgewonden,9,personenauto,3,Fiets,Buiten Kruispunt,Gemeenteweg,binnen bebouwde kom,Tss. 2 best.: langs opzij (voor-/achterkant-flank),Geen hindernis
7419,77,Leuven teller 2,Leuven,50.88672,4.70796,0.7595550126556737,50.88085351106022,4.702413525962376,2018,5,15,24062,Leuven,Normaal,Droog,Dag,met lichtgewonden,9,personenauto,3,Fiets,Buiten Kruispunt,Gemeenteweg,binnen bebouwde kom,Tss. 2 best.: langs opzij (voor-/achterkant-flank),Geen hindernis
7419,107,leuven totem,Leuven,50.8870744,4.7087919,0.8238381760748096,50.88085351106022,4.702413525962376,2018,5,15,24062,Leuven,Normaal,Droog,Dag,met lichtgewonden,9,personenauto,3,Fiets,Buiten Kruispunt,Gemeenteweg,binnen bebouwde kom,Tss. 2 best.: langs opzij (voor-/achterkant-flank),Geen hindernis
7419,69,Leuven teller 1,Leuven,50.87549,4.71526,1.080769852124274,50.88085351106022,4.702413525962376,2018,5,15,24062,Leuven,Normaal,Droog,Dag,met lichtgewonden,9,personenauto,3,Fiets,Buiten Kruispunt,Gemeenteweg,binnen bebouwde kom,Tss. 2 best.: langs opzij (voor-/achterkant-flank),Geen hindernis
7419,151,Leuven,District Leuven,50.8690262,4.6854839,1.7721854740766412,50.88085351106022,4.702413525962376,2018,5,15,24062,Leuven,Normaal,Droog,Dag,met lichtgewonden,9,personenauto,3,Fiets,Buiten Kruispunt,Gemeenteweg,binnen bebouwde kom,Tss. 2 best.: langs opzij (voor-/achterkant-flank),Geen hindernis
7420,151,Leuven,District Leuven,50.8690262,4.6854839,1.0092963096843832,50.867988605685134,4.699772106919057,2018,5,9,24062,Leuven,Normaal,Droog,Dag,met zwaargewonden,3,Fiets,3,Fiets,Buiten Kruispunt,Gewestweg,binnen bebouwde kom,Tussen 2 bestuurders: Frontale botsing,Geen hindernis
7420,69,Leuven teller 1,Leuven,50.87549,4.71526,1.3699893285897902,50.867988605685134,4.699772106919057,2018,5,9,24062,Leuven,Normaal,Droog,Dag,met zwaargewonden,3,Fiets,3,Fiets,Buiten Kruispunt,Gewestweg,binnen bebouwde kom,Tussen 2 bestuurders: Frontale botsing,Geen hindernis
7420,77,Leuven teller 2,Leuven,50.88672,4.70796,2.1606092671996056,50.867988605685134,4.699772106919057,2018,5,9,24062,Leuven,Normaal,Droog,Dag,met zwaargewonden,3,Fiets,3,Fiets,Buiten Kruispunt,Gewestweg,binnen bebouwde kom,Tussen 2 bestuurders: Frontale botsing,Geen hindernis
7420,107,leuven totem,Leuven,50.8870744,4.7087919,2.214590246064894,50.867988605685134,4.699772106919057,2018,5,9,24062,Leuven,Normaal,Droog,Dag,met zwaargewonden,3,Fiets,3,Fiets,Buiten Kruispunt,Gewestweg,binnen bebouwde kom,Tussen 2 bestuurders: Frontale botsing,Geen hindernis
7420,108,Heverlee teller 1,Leuven,50.8471728,4.6954674,2.3342507168151627,50.867988605685134,4.699772106919057,2018,5,9,24062,Leuven,Normaal,Droog,Dag,met zwaargewonden,3,Fiets,3,Fiets,Buiten Kruispunt,Gewestweg,binnen bebouwde kom,Tussen 2 bestuurders: Frontale botsing,Geen hindernis
7420,76,Heverlee teller 2,Leuven,50.84606,4.69597,2.4529113685375683,50.867988605685134,4.699772106919057,2018,5,9,24062,Leuven,Normaal,Droog,Dag,met zwaargewonden,3,Fiets,3,Fiets,Buiten Kruispunt,Gewestweg,binnen bebouwde kom,Tussen 2 bestuurders: Frontale botsing,Geen hindernis
7421,77,Leuven teller 2,Leuven,50.88672,4.70796,1.6050963639775186,50.88696520513226,4.685081654734446,2018,5,19,24062,Leuven,Onbekend,Onbekend,Dag,met lichtgewonden,9,personenauto,3,Fiets,Op Kruispunt,Gemeenteweg,binnen bebouwde kom,Tss. 2 best.: langs opzij (voor-/achterkant-flank),Geen hindernis
7421,107,leuven totem,Leuven,50.8870744,4.7087919,1.6632586859315397,50.88696520513226,4.685081654734446,2018,5,19,24062,Leuven,Onbekend,Onbekend,Dag,met lichtgewonden,9,personenauto,3,Fiets,Op Kruispunt,Gemeenteweg,binnen bebouwde kom,Tss. 2 best.: langs opzij (voor-/achterkant-flank),Geen hindernis
7421,151,Leuven,District Leuven,50.8690262,4.6854839,1.9949259960092576,50.88696520513226,4.685081654734446,2018,5,19,24062,Leuven,Onbekend,Onbekend,Dag,met lichtgewonden,9,personenauto,3,Fiets,Op Kruispunt,Gemeenteweg,binnen bebouwde kom,Tss. 2 best.: langs opzij (voor-/achterkant-flank),Geen hindernis
7421,69,Leuven teller 1,Leuven,50.87549,4.71526,2.4719762289725424,50.88696520513226,4.685081654734446,2018,5,19,24062,Leuven,Onbekend,Onbekend,Dag,met lichtgewonden,9,personenauto,3,Fiets,Op Kruispunt,Gemeenteweg,binnen bebouwde kom,Tss. 2 best.: langs opzij (voor-/achterkant-flank),Geen hindernis
7422,69,Leuven teller 1,Leuven,50.87549,4.71526,0.6420777095121876,50.880130129697974,4.709813053917161,2018,5,14,24062,Leuven,Normaal,Droog,Dag,met lichtgewonden,5,Lichte vrachtauto,3,Fiets,Buiten Kruispunt,Gemeenteweg,binnen bebouwde kom,Tussen 2 bestuurders: Langs achteren,Geen hindernis
7422,77,Leuven teller 2,Leuven,50.88672,4.70796,0.7442020440803505,50.880130129697974,4.709813053917161,2018,5,14,24062,Leuven,Normaal,Droog,Dag,met lichtgewonden,5,Lichte vrachtauto,3,Fiets,Buiten Kruispunt,Gemeenteweg,binnen bebouwde kom,Tussen 2 bestuurders: Langs achteren,Geen hindernis
7422,107,leuven totem,Leuven,50.8870744,4.7087919,0.7754834963259033,50.880130129697974,4.709813053917161,2018,5,14,24062,Leuven,Normaal,Droog,Dag,met lichtgewonden,5,Lichte vrachtauto,3,Fiets,Buiten Kruispunt,Gemeenteweg,binnen bebouwde kom,Tussen 2 bestuurders: Langs achteren,Geen hindernis