crash_row_id,site_id,site_name,site_gemeente,site_lat,site_long,distance_km,crash_lat,crash_long,DT_YEAR_COLLISION,DT_MONTH_COLLISION,DT_TIME,CD_NIS,TX_MUNTY_COLLISION_NL,TX_WEATHER_NL,TX_ROAD_CONDITION_NL,TX_LIGHT_CONDITION_NL,TX_CLASS_ACCIDENTS_NL,CD_ROAD_USR_TYPE1,TX_ROAD_USR_TYPE1_NL,CD_ROAD_USR_TYPE2,TX_ROAD_USR_TYPE2_NL,TX_CROSSWAY_NL,CD_ROAD_TYPE_NL,TX_BUILD_UP_AREA_NL,TX_COLLISION_TYPE_NL,TX_OBSTACLES_NL
7422,151,Leuven,District Leuven,50.8690262,4.6854839,2.1068044295319632,50.880130129697974,4.709813053917161,2018,5,14,24062,Leuven,Normaal,Droog,Dag,met lichtgewonden,5,Lichte vrachtauto,3,Fiets,Buiten Kruispunt,Gemeenteweg,binnen bebouwde kom,Tussen 2 bestuurders: Langs achteren,Geen hindernis
7423,69,Leuven teller 1,Leuven,50.87549,4.71526,1.2618440230982744,50.88434954121362,4.726499114446522,2018,5,11,24062,Leuven,Normaal,Droog,Dag,met lichtgewonden,3,Fiets,9,personenauto,Buiten Kruispunt,Gewestweg,binnen bebouwde kom,Tss. 2 best.: langs opzij (voor-/achterkant-flank),Geen hindernis
7423,107,leuven totem,Leuven,50.8870744,4.7087919,1.2785710585820835,50.88434954121362,4.726499114446522,2018,5,11,24062,Leuven,Normaal,Droog,Dag,met lichtgewonden,3,Fiets,9,personenauto,Buiten Kruispunt,Gewestweg,binnen bebouwde kom,Tss. 2 best.: langs opzij (voor-/achterkant-flank),Geen hindernis
7423,77,Leuven teller 2,Leuven,50.88672,4.70796,1.3269561031398962,50.88434954121362,4.726499114446522,2018,5,11,24062,Leuven,Normaal,Droog,Dag,met lichtgewonden,3,Fiets,9,personenauto,Buiten Kruispunt,Gewestweg,binnen bebouwde kom,Tss. 2 best.: langs opzij (voor-/achterkant-flank),Geen hindernis
7424,69,Leuven teller 1,Leuven,50.87549,4.71526,0.42428647845039363,50.87644982045099,4.7094073832029535,2018,5,12,24062,Leuven,Onbekend,Onbekend,Dag,met lichtgewonden,3,Fiets,3,Fiets,Op Kruispunt,Gemeenteweg,binnen bebouwde kom,Tss. 2 best.: langs opzij (voor-/achterkant-flank),Geen hindernis
7424,77,Leuven teller 2,Leuven,50.88672,4.70796,1.1464973706568833,50.87644982045099,4.7094073832029535,2018,5,12,24062,Leuven,Onbekend,Onbekend,Dag,met lichtgewonden,3,Fiets,3,Fiets,Op Kruispunt,Gemeenteweg,binnen bebouwde kom,Tss. 2 best.: langs opzij (voor-/achterkant-flank),Geen hindernis
7424,107,leuven totem,Leuven,50.8870744,4.7087919,1.1821881730107973,50.87644982045099,4.7094073832029535,2018,5,12,24062,Leuven,Onbekend,Onbekend,Dag,met lichtgewonden,3,Fiets,3,Fiets,Op Kruispunt,Gemeenteweg,binnen bebouwde kom,Tss. 2 best.: langs opzij (voor-/achterkant-flank),Geen hindernis
7424,151,Leuven,District Leuven,50.8690262,4.6854839,1.870665305559161,50.87644982045099,4.7094073832029535,2018,5,12,24062,Leuven,Onbekend,Onbekend,Dag,met lichtgewonden,3,Fiets,3,Fiets,Op Kruispunt,Gemeenteweg,binnen bebouwde kom,Tss. 2 best.: langs opzij (voor-/achterkant-flank),Geen hindernis
7426,151,Leuven,District Leuven,50.8690262,4.6854839,0.9652103189885619,50.87097244219928,4.6988884097311585,2018,5,2,24062,Leuven,Normaal,Droog,"Nacht, openbare verlichting aanwezig en ontstoken",met lichtgewonden,3,Fiets,11,een weggebruiker tegen een hindernis,Buiten Kruispunt,Gemeenteweg,binnen bebouwde kom,Weggebruiker tegen hindernis op de rijbaan,"Op de rijbaan: Verkeersdrempel, ezelsrug"
7426,69,Leuven teller 1,Leuven,50.87549,4.71526,1.2537935243092144,50.87097244219928,4.6988884097311585,2018,5,2,24062,Leuven,Normaal,Droog,"Nacht, openbare verlichting aanwezig en ontstoken",met lichtgewonden,3,Fiets,11,een weggebruiker tegen een hindernis,Buiten Kruispunt,Gemeenteweg,binnen bebouwde kom,Weggebruiker tegen hindernis op de rijbaan,"Op de rijbaan: Verkeersdrempel, ezelsrug"
7426,77,Leuven teller 2,Leuven,50.88672,4.70796,1.8631300445995116,50.87097244219928,4.6988884097311585,2018,5,2,24062,Leuven,Normaal,Droog,"Nacht, openbare verlichting aanwezig en ontstoken",met lichtgewonden,3,Fiets,11,een weggebruiker tegen een hindernis,Buiten Kruispunt,Gemeenteweg,binnen bebouwde kom,Weggebruiker tegen hindernis op de rijbaan,"Op de rijbaan: Verkeersdrempel, ezelsrug"
7426,107,leuven totem,Leuven,50.8870744,4.7087919,1.9205503219160813,50.87097244219928,4.6988884097311585,2018,5,2,24062,Leuven,Normaal,Droog,"Nacht, openbare verlichting aanwezig en ontstoken",met lichtgewonden,3,Fiets,11,een weggebruiker tegen een hindernis,Buiten Kruispunt,Gemeenteweg,binnen bebouwde kom,Weggebruiker tegen hindernis op de rijbaan,"Op de rijbaan: Verkeersdrempel, ezelsrug"
7427,107,leuven totem,Leuven,50.8870744,4.7087919,2.018064760317486,50.89776407889445,4.7320436972299325,2018,5,7,24062,Leuven,Normaal,Droog,Dag,met lichtgewonden,9,personenauto,3,Fiets,Buiten Kruispunt,Gemeenteweg,binnen bebouwde kom,Tussen 2 bestuurders: Langs achteren,Geen hindernis
7427,77,Leuven teller 2,Leuven,50.88672,4.70796,2.0884361937398257,50.89776407889445,4.7320436972299325,2018,5,7,24062,Leuven,Normaal,Droog,Dag,met lichtgewonden,9,personenauto,3,Fiets,Buiten Kruispunt,Gemeenteweg,binnen bebouwde kom,Tussen 2 bestuurders: Langs achteren,Geen hindernis
7428,151,Leuven,District Leuven,50.8690262,4.6854839,0.8831950507388553,50.876257660747655,4.690690082769966,2018,5,16,24062,Leuven,Onbekend,Onbekend,Dag,met lichtgewonden,3,Fiets,7,Motorfiets,Buiten Kruispunt,Gemeenteweg,binnen bebouwde kom,Tss. 2 best.: langs opzij (voor-/achterkant-flank),Geen hindernis
7428,77,Leuven teller 2,Leuven,50.88672,4.70796,1.6796854453775178,50.876257660747655,4.690690082769966,2018,5,16,24062,Leuven,Onbekend,Onbekend,Dag,met lichtgewonden,3,Fiets,7,Motorfiets,Buiten Kruispunt,Gemeenteweg,binnen bebouwde kom,Tss. 2 best.: langs opzij (voor-/achterkant-flank),Geen hindernis
7428,69,Leuven teller 1,Leuven,50.87549,4.71526,1.7260425400201787,50.876257660747655,4.690690082769966,2018,5,16,24062,Leuven,Onbekend,Onbekend,Dag,met lichtgewonden,3,Fiets,7,Motorfiets,Buiten Kruispunt,Gemeenteweg,binnen bebouwde kom,Tss. 2 best.: langs opzij (voor-/achterkant-flank),Geen hindernis
7428,107,leuven totem,Leuven,50.8870744,4.7087919,1.7491148574617728,50.876257660747655,4.690690082769966,2018,5,16,24062,Leuven,Onbekend,Onbekend,Dag,met lichtgewonden,3,Fiets,7,Motorfiets,Buiten Kruispunt,Gemeenteweg,binnen bebouwde kom,Tss. 2 best.: langs opzij (voor-/achterkant-flank),Geen hindernis
7429,69,Leuven teller 1,Leuven,50.87549,4.71526,0.439194109024113,50.8725285820257,4.719401742376419,2018,5,13,24062,Leuven,Normaal,Proper,Dag,met lichtgewonden,3,Fiets,9,personenauto,Op Kruispunt,Gewestweg,binnen bebouwde kom,Tss. 2 best.: langs opzij (voor-/achterkant-flank),Geen hindernis
7429,77,Leuven teller 2,Leuven,50.88672,4.70796,1.7704558340217282,50.8725285820257,4.719401742376419,2018,5,13,24062,Leuven,Normaal,Proper,Dag,met lichtgewonden,3,Fiets,9,personenauto,Op Kruispunt,Gewestweg,binnen bebouwde kom,Tss. 2 best.: langs opzij (voor-/achterkant-flank),Geen hindernis
7429,107,leuven totem,Leuven,50.8870744,4.7087919,1.7804877760240294,50.8725285820257,4.719401742376419,2018,5,13,24062,Leuven,Normaal,Proper,Dag,met lichtgewonden,3,Fiets,9,personenauto,Op Kruispunt,Gewestweg,binnen bebouwde kom,Tss. 2 best.: langs opzij (voor-/achterkant-flank),Geen hindernis
7429,151,Leuven,District Leuven,50.8690262,4.6854839,2.411732909660249,50.8725285820257,4.719401742376419,2018,5,13,24062,Leuven,Normaal,Proper,Dag,met lichtgewonden,3,Fiets,9,personenauto,Op Kruispunt,Gewestweg,binnen bebouwde kom,Tss. 2 best.: langs opzij (voor-/achterkant-flank),Geen hindernis
7430,69,Leuven teller 1,Leuven,50.87549,4.71526,0.9093355146374645,50.870989241751346,4.7260801289257355,2018,4,10,24062,Leuven,Onbekend,Onbekend,Dag,met lichtgewonden,5,Lichte vrachtauto,3,Fiets,Buiten Kruispunt,Gewestweg,binnen bebouwde kom,Tussen 2 bestuurders: Flank tegen flank,Geen hindernis
7430,107,leuven totem,Leuven,50.8870744,4.7087919,2.161077433864389,50.870989241751346,4.7260801289257355,2018,4,10,24062,Leuven,Onbekend,Onbekend,Dag,met lichtgewonden,5,Lichte vrachtauto,3,Fiets,Buiten Kruispunt,Gewestweg,binnen bebouwde kom,Tussen 2 bestuurders: Flank tegen flank,Geen hindernis
7430,77,Leuven teller 2,Leuven,50.88672,4.70796,2.1623707982511546,50.870989241751346,4.7260801289257355,2018,4,10,24062,Leuven,Onbekend,Onbekend,Dag,met lichtgewonden,5,Lichte vrachtauto,3,Fiets,Buiten Kruispunt,Gewestweg,binnen bebouwde kom,Tussen 2 bestuurders: Flank tegen flank,Geen hindernis
7431,151,Leuven,District Leuven,50.8690262,4.6854839,1.6453142573846697,50.87712455450839,4.665859515755622,2018,5,18,24062,Leuven,Normaal,Droog,Dag,met lichtgewonden,3,Fiets,9,personenauto,Buiten Kruispunt,Gewestweg,buiten bebouwde kom,Tss. 2 best.: langs opzij (voor-/achterkant-flank),Geen hindernis
7431,73,Herent teller 2,Herent,50.89128,4.64685,2.0629775501992125,50.87712455450839,4.665859515755622,2018,5,18,24062,Leuven,Normaal,Droog,Dag,met lichtgewonden,3,Fiets,9,personenauto,Buiten Kruispunt,Gewestweg,buiten bebouwde kom,Tss. 2 best.: langs opzij (voor-/achterkant-flank),Geen hindernis
7431,72,Herent teller 1,Herent,50.89135,4.64689,2.0671142268457188,50.87712455450839,4.665859515755622,2018,5,18,24062,Leuven,Normaal,Droog,Dag,met lichtgewonden,3,Fiets,9,personenauto,Buiten Kruispunt,Gewestweg,buiten bebouwde kom,Tss. 2 best.: langs opzij (voor-/achterkant-flank),Geen hindernis
7432,69,Leuven teller 1,Leuven,50.87549,4.71526,1.163677364131305,50.865350382693876,4.711155743899691,2018,5,2,24062,Leuven,Regenval,"Nat, plassen","Nacht, openbare verlichting aanwezig en ontstoken",met lichtgewonden,3,Fiets,9,personenauto,Buiten Kruispunt,Gemeenteweg,binnen bebouwde kom,Tussen 2 bestuurders: Langs achteren,Geen hindernis
7432,151,Leuven,District Leuven,50.8690262,4.6854839,1.8473657355020594,50.865350382693876,4.711155743899691,2018,5,2,24062,Leuven,Regenval,"Nat, plassen","Nacht, openbare verlichting aanwezig en ontstoken",met lichtgewonden,3,Fiets,9,personenauto,Buiten Kruispunt,Gemeenteweg,binnen bebouwde kom,Tussen 2 bestuurders: Langs achteren,Geen hindernis
7432,108,Heverlee teller 1,Leuven,50.8471728,4.6954674,2.3017747663115538,50.865350382693876,4.711155743899691,2018,5,2,24062,Leuven,Regenval,"Nat, plassen","Nacht, openbare verlichting aanwezig en ontstoken",met lichtgewonden,3,Fiets,9,personenauto,Buiten Kruispunt,Gemeenteweg,binnen bebouwde kom,Tussen 2 bestuurders: Langs achteren,Geen hindernis
7432,77,Leuven teller 2,Leuven,50.88672,4.70796,2.3867489892062377,50.865350382693876,4.711155743899691,2018,5,2,24062,Leuven,Regenval,"Nat, plassen","Nacht, openbare verlichting aanwezig en ontstoken",met lichtgewonden,3,Fiets,9,personenauto,Buiten Kruispunt,Gemeenteweg,binnen bebouwde kom,Tussen 2 bestuurders: Langs achteren,Geen hindernis
7432,76,Heverlee teller 2,Leuven,50.84606,4.69597,2.3952577503695127,50.865350382693876,4.711155743899691,2018,5,2,24062,Leuven,Regenval,"Nat, plassen","Nacht, openbare verlichting aanwezig en ontstoken",met lichtgewonden,3,Fiets,9,personenauto,Buiten Kruispunt,Gemeenteweg,binnen bebouwde kom,Tussen 2 bestuurders: Langs achteren,Geen hindernis
7432,107,leuven totem,Leuven,50.8870744,4.7087919,2.421287695642386,50.865350382693876,4.711155743899691,2018,5,2,24062,Leuven,Regenval,"Nat, plassen","Nacht, openbare verlichting aanwezig en ontstoken",met lichtgewonden,3,Fiets,9,personenauto,Buiten Kruispunt,Gemeenteweg,binnen bebouwde kom,Tussen 2 bestuurders: Langs achteren,Geen hindernis
7439,72,Herent teller 1,Herent,50.89135,4.64689,2.4545044941833565,50.900841850954606,4.678486640813283,2018,5,8,24038,Herent,Normaal,Droog,Dag,met lichtgewonden,9,personenauto,3,Fiets,Op Kruispunt,Gewestweg,binnen bebouwde kom,Tss. 2 best.: langs opzij (voor-/achterkant-flank),Geen hindernis
7439,73,Herent teller 2,Herent,50.89128,4.64685,2.4603926277524835,50.900841850954606,4.678486640813283,2018,5,8,24038,Herent,Normaal,Droog,Dag,met lichtgewonden,9,personenauto,3,Fiets,Op Kruispunt,Gewestweg,binnen bebouwde kom,Tss. 2 best.: langs opzij (voor-/achterkant-flank),Geen hindernis
7440,72,Herent teller 1,Herent,50.89135,4.64689,2.3991668435663907,50.90206048325436,4.6765864613142485,2018,5,15,24038,Herent,Normaal,Droog,Dag,met lichtgewonden,3,Fiets,9,personenauto,Buiten Kruispunt,Gewestweg,binnen bebouwde kom,Tss. 2 best.: langs opzij (voor-/achterkant-flank),Geen hindernis
7440,73,Herent teller 2,Herent,50.89128,4.64685,2.4054732759842015,50.90206048325436,4.6765864613142485,2018,5,15,24038,Herent,Normaal,Droog,Dag,met lichtgewonden,3,Fiets,9,personenauto,Buiten Kruispunt,Gewestweg,binnen bebouwde kom,Tss. 2 best.: langs opzij (voor-/achterkant-flank),Geen hindernis
7441,87,Aarschot,Aarschot,50.99084,4.81259,1.8949193011063061,50.98729317885166,4.839069846059648,2018,5,10,24001,Aarschot,Normaal,Droog,Dag,met lichtgewonden,3,Fiets,9,personenauto,Buiten Kruispunt,Gewestweg,binnen bebouwde kom,Tss. 2 best.: langs opzij (voor-/achterkant-flank),Geen hindernis
7449,101,Diest teller 1,Diest,50.97799,5.04481,0.836894272851898,50.97999687709444,5.056331306203065,2018,5,13,24020,Diest,Normaal,Droog,Dag,met lichtgewonden,9,personenauto,3,Fiets,Buiten Kruispunt,Gewestweg,binnen bebouwde kom,Tss. 2 best.: langs opzij (voor-/achterkant-flank),Geen hindernis
7449,102,Diest teller 2,Diest,50.9779,5.04474,0.8443278710524932,50.97999687709444,5.056331306203065,2018,5,13,24020,Diest,Normaal,Droog,Dag,met lichtgewonden,9,personenauto,3,Fiets,Buiten Kruispunt,Gewestweg,binnen bebouwde kom,Tss. 2 best.: langs opzij (voor-/achterkant-flank),Geen hindernis
7450,101,Diest teller 1,Diest,50.97799,5.04481,0.7126452144067497,50.980627521255755,5.054087457514633,2018,5,8,24020,Diest,Normaal,Droog,Dag,met lichtgewonden,9,personenauto,3,Fiets,Buiten Kruispunt,Gemeenteweg,binnen bebouwde kom,Tussen 2 bestuurders: Flank tegen flank,Geen hindernis
7450,102,Diest teller 2,Diest,50.9779,5.04474,0.7212656048789685,50.980627521255755,5.054087457514633,2018,5,8,24020,Diest,Normaal,Droog,Dag,met lichtgewonden,9,personenauto,3,Fiets,Buiten Kruispunt,Gemeenteweg,binnen bebouwde kom,Tussen 2 bestuurders: Flank tegen flank,Geen hindernis
7451,101,Diest teller 1,Diest,50.97799,5.04481,1.1015297554422625,50.98175879550024,5.059361264195702,2018,5,11,24020,Diest,Normaal,Droog,Dag,met lichtgewonden,3,Fiets,9,personenauto,Op Kruispunt,Gemeenteweg,binnen bebouwde kom,Tussen 2 bestuurders: Flank tegen flank,Geen hindernis
7451,102,Diest teller 2,Diest,50.9779,5.04474,1.109894621419664,50.98175879550024,5.059361264195702,2018,5,11,24020,Diest,Normaal,Droog,Dag,met lichtgewonden,3,Fiets,9,personenauto,Op Kruispunt,Gemeenteweg,binnen bebouwde kom,Tussen 2 bestuurders: Flank tegen flank,Geen hindernis
7452,101,Diest teller 1,Diest,50.97799,5.04481,1.5630864374029205,50.97989572213375,5.066930813819808,2018,5,17,24020,Diest,Normaal,Droog,Dag,met lichtgewonden,3,Fiets,3,Fiets,Buiten Kruispunt,Gemeenteweg,binnen bebouwde kom,Tussen 2 bestuurders: Frontale botsing,Geen hindernis
7452,102,Diest teller 2,Diest,50.9779,5.04474,1.5693272957429956,50.97989572213375,5.066930813819808,2018,5,17,24020,Diest,Normaal,Droog,Dag,met lichtgewonden,3,Fiets,3,Fiets,Buiten Kruispunt,Gemeenteweg,binnen bebouwde kom,Tussen 2 bestuurders: Frontale botsing,Geen hindernis
7458,26,Zaventem,Zaventem,50.86995,4.45444,2.30877488518954,50.862253549336025,4.484994776931534,2018,5,16,23094,Zaventem,Normaal,Droog,Dag,met lichtgewonden,9,personenauto,3,Fiets,Op Kruispunt,Gemeenteweg,binnen bebouwde kom,Tss. 2 best.: langs opzij (voor-/achterkant-flank),Geen hindernis
7463,146,Overijse 2,District Vilvoorde-gewestwegen,50.7881478,4.4902818,0.6637349556522207,50.79180406509154,4.48281813831868,2018,5,17,23062,Overijse,Onbekend,Onbekend,Onbekend,met lichtgewonden,5,Lichte vrachtauto,3,Fiets,Op Kruispunt,Gemeenteweg,buiten bebouwde kom,Tss. 2 best.: langs opzij (voor-/achterkant-flank),Geen hindernis
7463,145,Overijse,District Vilvoorde-gewestwegen,50.7885856,4.4908759,0.6699936611065888,50.79180406509154,4.48281813831868,2018,5,17,23062,Overijse,Onbekend,Onbekend,Onbekend,met lichtgewonden,5,Lichte vrachtauto,3,Fiets,Op Kruispunt,Gemeenteweg,buiten bebouwde kom,Tss. 2 best.: langs opzij (voor-/achterkant-flank),Geen hindernis
7463,147,Overijse,District Vilvoorde-gewestwegen,50.7797555,4.4975769,1.694516921631189,50.79180406509154,4.48281813831868,2018,5,17,23062,Overijse,Onbekend,Onbekend,Onbekend,met lichtgewonden,5,Lichte vrachtauto,3,Fiets,Op Kruispunt,Gemeenteweg,buiten bebouwde kom,Tss. 2 best.: langs opzij (voor-/achterkant-flank),Geen hindernis
7465,146,Overijse 2,District Vilvoorde-gewestwegen,50.7881478,4.4902818,0.9920839588906614,50.78288860701493,4.4788820972546795,2018,5,15,23062,Overijse,Normaal,Droog,Dag,met lichtgewonden,9,personenauto,3,Fiets,Buiten Kruispunt,Gemeenteweg,buiten bebouwde kom,Tss. 2 best.: langs opzij (voor-/achterkant-flank),Geen hindernis
7465,145,Overijse,District Vilvoorde-gewestwegen,50.7885856,4.4908759,1.054616909053713,50.78288860701493,4.4788820972546795,2018,5,15,23062,Overijse,Normaal,Droog,Dag,met lichtgewonden,9,personenauto,3,Fiets,Buiten Kruispunt,Gemeenteweg,buiten bebouwde kom,Tss. 2 best.: langs opzij (voor-/achterkant-flank),Geen hindernis
7465,147,Overijse,District Vilvoorde-gewestwegen,50.7797555,4.4975769,1.3597546848195972,50.78288860701493,4.4788820972546795,2018,5,15,23062,Overijse,Normaal,Droog,Dag,met lichtgewonden,9,personenauto,3,Fiets,Buiten Kruispunt,Gemeenteweg,buiten bebouwde kom,Tss. 2 best.: langs opzij (voor-/achterkant-flank),Geen hindernis
7467,148,Hoeilaart,District Leuven,50.76699493,4.44471001,1.4946864059825193,50.76659609136063,4.465953615670187,2018,5,17,23033,Hoeilaart,Normaal,Droog,Dag,met lichtgewonden,3,Fiets,9,personenauto,Buiten Kruispunt,Gemeenteweg,binnen bebouwde kom,Tss. 2 best.: langs opzij (voor-/achterkant-flank),Geen hindernis
7468,78,Pepingen teller 1,Pepingen,50.75824,4.1652,0.014930343558190519,50.75821477761025,4.165408477389026,2018,5,10,23064,Pepingen,Normaal,Droog,Dag,met lichtgewonden,8,Voetganger,3,Fiets,Buiten Kruispunt,Gewestweg,binnen bebouwde kom,Met een voetganger,Geen hindernis
7468,79,Pepingen teller 2,Pepingen,50.75848,4.16537,0.029615318746782908,50.75821477761025,4.165408477389026,2018,5,10,23064,Pepingen,Normaal,Droog,Dag,met lichtgewonden,8,Voetganger,3,Fiets,Buiten Kruispunt,Gewestweg,binnen bebouwde kom,Met een voetganger,Geen hindernis
7472,86,Asse teller 2,Asse,50.89132,4.1709,1.849104641452874,50.89180979611248,4.1445486285200595,2018,5,12,23105,Affligem,Normaal,Onbekend,Dag,met lichtgewonden,3,Fiets,11,een weggebruiker tegen een hindernis,Buiten Kruispunt,Gemeenteweg,binnen bebouwde kom,Weggebruiker tegen hindernis op de rijbaan,"Op de rijbaan: Put, straatgoot, tramspoor"
7472,85,Asse teller 1,Asse,50.89621,4.17294,2.050514664524505,50.89180979611248,4.1445486285200595,2018,5,12,23105,Affligem,Normaal,Onbekend,Dag,met lichtgewonden,3,Fiets,11,een weggebruiker tegen een hindernis,Buiten Kruispunt,Gemeenteweg,binnen bebouwde kom,Weggebruiker tegen hindernis op de rijbaan,"Op de rijbaan: Put, straatgoot, tramspoor"
7480,149,Machelen,,50.88297881,4.43356644,1.63598677885128,50.89768726360508,4.43413219224646,2018,5,13,23047,Machelen,Normaal,Droog,Dag,met lichtgewonden,3,Fiets,10,"één bestuurder, geen hindernis",Buiten Kruispunt,Gemeenteweg,binnen bebouwde kom,"Eén bestuurder, geen hindernis (incl. val)",Geen hindernis
7480,111,Zaventem totem,Zaventem,50.8871216,4.4597084,2.1443749477088105,50.89768726360508,4.43413219224646,2018,5,13,23047,Machelen,Normaal,Droog,Dag,met lichtgewonden,3,Fiets,10,"één bestuurder, geen hindernis",Buiten Kruispunt,Gemeenteweg,binnen bebouwde kom,"Eén bestuurder, geen hindernis (incl. val)",Geen hindernis
7480,47,Vilvoorde,Vilvoorde,50.91372,4.41497,2.232397720780311,50.89768726360508,4.43413219224646,2018,5,13,23047,Machelen,Normaal,Droog,Dag,met lichtgewonden,3,Fiets,10,"één bestuurder, geen hindernis",Buiten Kruispunt,Gemeenteweg,binnen bebouwde kom,"Eén bestuurder, geen hindernis (incl. val)",Geen hindernis
7481,47,Vilvoorde,Vilvoorde,50.91372,4.41497,1.6116869431142002,50.925951788666794,4.427304929537624,2018,5,18,23088,Vilvoorde,Normaal,Droog,Dag,met lichtgewonden,9,personenauto,3,Fiets,Op Kruispunt,Gewestweg,binnen bebouwde kom,Tss. 2 best.: langs opzij (voor-/achterkant-flank),Geen hindernis
7481,1,Machelen,Machelen,50.91618331151478,4.456121776137429,2.2934792539421793,50.925951788666794,4.427304929537624,2018,5,18,23088,Vilvoorde,Normaal,Droog,Dag,met lichtgewonden,9,personenauto,3,Fiets,Op Kruispunt,Gewestweg,binnen bebouwde kom,Tss. 2 best.: langs opzij (voor-/achterkant-flank),Geen hindernis
7483,71,Kampenhout teller 2,Kampenhout,50.95589,4.59164,1.3742201675347105,50.94807379717261,4.576443983119144,2018,5,17,23038,Kampenhout,Normaal,Droog,Dag,met lichtgewonden,3,Fiets,6,Bromfiets,Buiten Kruispunt,Gewestweg,buiten bebouwde kom,Tussen 2 bestuurders: Flank tegen flank,Geen hindernis
7483,70,Kampenhout teller 1,Kampenhout,50.95682,4.59318,1.5232210791504297,50.94807379717261,4.576443983119144,2018,5,17,23038,Kampenhout,Normaal,Droog,Dag,met lichtgewonden,3,Fiets,6,Bromfiets,Buiten Kruispunt,Gewestweg,buiten bebouwde kom,Tussen 2 bestuurders: Flank tegen flank,Geen hindernis
7484,109,Zemst,Zemst,50.9903936,4.4707023,0.6641583642380166,50.9853904374899,4.465519433074166,2018,4,13,23096,Zemst,Onbekend,Onbekend,Dag,met lichtgewonden,9,personenauto,3,Fiets,Buiten Kruispunt,Gewestweg,binnen bebouwde kom,Tss. 2 best.: langs opzij (voor-/achterkant-flank),Geen hindernis
7486,109,Zemst,Zemst,50.9903936,4.4707023,0.5869857574183869,50.98560718410297,4.467165414764435,2018,5,16,23096,Zemst,Normaal,Droog+Proper,Dag,met zwaargewonden,3,Fiets,8,Voetganger,Buiten Kruispunt,Gewestweg,binnen bebouwde kom,Met een voetganger,Geen hindernis
7491,118,Gent teller 1,Gent,51.028049,3.7681359,2.2627867885414177,51.03320428928655,3.736834033708141,2018,5,13,44021,Gent,Normaal,Droog,Dag,met lichtgewonden,3,Fiets,9,personenauto,Op Kruispunt,Gemeenteweg,binnen bebouwde kom,Tss. 2 best.: langs opzij (voor-/achterkant-flank),Geen hindernis
7491,119,Gent teller 2,Gent,51.0281795,3.7683918,2.2764949874778204,51.03320428928655,3.736834033708141,2018,5,13,44021,Gent,Normaal,Droog,Dag,met lichtgewonden,3,Fiets,9,personenauto,Op Kruispunt,Gemeenteweg,binnen bebouwde kom,Tss. 2 best.: langs opzij (voor-/achterkant-flank),Geen hindernis
7491,13,Gent,Gent,51.03018,3.70146,2.4964393770689832,51.03320428928655,3.736834033708141,2018,5,13,44021,Gent,Normaal,Droog,Dag,met lichtgewonden,3,Fiets,9,personenauto,Op Kruispunt,Gemeenteweg,binnen bebouwde kom,Tss. 2 best.: langs opzij (voor-/achterkant-flank),Geen hindernis
7493,13,Gent,Gent,51.03018,3.70146,2.42421397065305,51.04964481324513,3.7170770208549064,2018,5,19,44021,Gent,Normaal,Droog+Proper,Dag,met zwaargewonden,3,Fiets,10,"één bestuurder, geen hindernis",Op Kruispunt,Gemeenteweg,binnen bebouwde kom,"Eén bestuurder, geen hindernis (incl. val)",Geen hindernis
7494,13,Gent,Gent,51.03018,3.70146,2.099953839585186,51.014415433971095,3.7179917596972833,2018,5,15,44021,Gent,Normaal,Droog,Dag,met lichtgewonden,5,Lichte vrachtauto,3,Fiets,Op Kruispunt,Gemeenteweg,binnen bebouwde kom,Tussen 2 bestuurders: Flank tegen flank,Geen hindernis
7495,118,Gent teller 1,Gent,51.028049,3.7681359,0.15629382842839368,51.0290143062434,3.766511419157813,2018,5,12,44021,Gent,Normaal,Droog,Dag,met lichtgewonden,9,personenauto,3,Fiets,Op Kruispunt,Gewestweg,buiten bebouwde kom,Tss. 2 best.: langs opzij (voor-/achterkant-flank),Geen hindernis
7495,119,Gent teller 2,Gent,51.0281795,3.7683918,0.16096482799065787,51.0290143062434,3.766511419157813,2018,5,12,44021,Gent,Normaal,Droog,Dag,met lichtgewonden,9,personenauto,3,Fiets,Op Kruispunt,Gewestweg,buiten bebouwde kom,Tss. 2 best.: langs opzij (voor-/achterkant-flank),Geen hindernis
7501,118,Gent teller 1,Gent,51.028049,3.7681359,0.3045849403218802,51.02735600623387,3.763922352232294,2018,5,19,44021,Gent,Normaal,Droog,Dag,met lichtgewonden,9,personenauto,3,Fiets,Op Kruispunt,Gemeenteweg,binnen bebouwde kom,Tss. 2 best.: langs opzij (voor-/achterkant-flank),Geen hindernis
7501,119,Gent teller 2,Gent,51.0281795,3.7683918,0.32570884355849017,51.02735600623387,3.763922352232294,2018,5,19,44021,Gent,Normaal,Droog,Dag,met lichtgewonden,9,personenauto,3,Fiets,Op Kruispunt,Gemeenteweg,binnen bebouwde kom,Tss. 2 best.: langs opzij (voor-/achterkant-flank),Geen hindernis
7503,13,Gent,Gent,51.03018,3.70146,1.8144757575276125,51.04208142126025,3.7192134227103457,2018,4,9,44021,Gent,Normaal,Droog,Dag,met lichtgewonden,9,personenauto,3,Fiets,Op Kruispunt,Gewestweg,binnen bebouwde kom,Tss. 2 best.: langs opzij (voor-/achterkant-flank),Geen hindernis