crash_row_id,site_id,site_name,site_gemeente,site_lat,site_long,distance_km,crash_lat,crash_long,DT_YEAR_COLLISION,DT_MONTH_COLLISION,DT_TIME,CD_NIS,TX_MUNTY_COLLISION_NL,TX_WEATHER_NL,TX_ROAD_CONDITION_NL,TX_LIGHT_CONDITION_NL,TX_CLASS_ACCIDENTS_NL,CD_ROAD_USR_TYPE1,TX_ROAD_USR_TYPE1_NL,CD_ROAD_USR_TYPE2,TX_ROAD_USR_TYPE2_NL,TX_CROSSWAY_NL,CD_ROAD_TYPE_NL,TX_BUILD_UP_AREA_NL,TX_COLLISION_TYPE_NL,TX_OBSTACLES_NL
7504,118,Gent teller 1,Gent,51.028049,3.7681359,2.463107995864414,51.03912970315122,3.7376354958345424,2018,5,13,44021,Gent,Normaal,Droog,Dag,met lichtgewonden,9,personenauto,3,Fiets,Op Kruispunt,Gemeenteweg,binnen bebouwde kom,Tss. 2 best.: langs opzij (voor-/achterkant-flank),Geen hindernis
7504,119,Gent teller 2,Gent,51.0281795,3.7683918,2.471434701491565,51.03912970315122,3.7376354958345424,2018,5,13,44021,Gent,Normaal,Droog,Dag,met lichtgewonden,9,personenauto,3,Fiets,Op Kruispunt,Gemeenteweg,binnen bebouwde kom,Tss. 2 best.: langs opzij (voor-/achterkant-flank),Geen hindernis
7506,13,Gent,Gent,51.03018,3.70146,1.906368851842585,51.02996047196504,3.728718137155058,2018,5,15,44021,Gent,Normaal,Droog,Dag,met lichtgewonden,3,Fiets,9,personenauto,Buiten Kruispunt,Gemeenteweg,binnen bebouwde kom,Tss. 2 best.: langs opzij (voor-/achterkant-flank),Geen hindernis
7507,13,Gent,Gent,51.03018,3.70146,1.7113149869708413,51.02007447832591,3.683005269798281,2018,5,9,44021,Gent,Normaal,Droog,Dag,met lichtgewonden,9,personenauto,3,Fiets,Op Kruispunt,Gewestweg,binnen bebouwde kom,Tss. 2 best.: langs opzij (voor-/achterkant-flank),Geen hindernis
7508,13,Gent,Gent,51.03018,3.70146,1.7472352906403452,51.01959325788793,3.719920803886042,2018,5,15,44021,Gent,Normaal,Droog,Dag,met lichtgewonden,3,Fiets,9,personenauto,Buiten Kruispunt,Gemeenteweg,binnen bebouwde kom,Tussen 2 bestuurders: Flank tegen flank,Geen hindernis
7510,13,Gent,Gent,51.03018,3.70146,1.6657651156857236,51.04017340389042,3.7192071749846156,2018,5,17,44021,Gent,Normaal,Droog,Dag,met lichtgewonden,3,Fiets,9,personenauto,Op Kruispunt,Gemeenteweg,binnen bebouwde kom,Tussen 2 bestuurders: Frontale botsing,Geen hindernis
7513,13,Gent,Gent,51.03018,3.70146,1.8225022302824412,51.04139993804779,3.7204599215190215,2018,5,17,44021,Gent,Normaal,Droog,Dag,met lichtgewonden,3,Fiets,3,Fiets,Buiten Kruispunt,Gewestweg,binnen bebouwde kom,Tss. 2 best.: langs opzij (voor-/achterkant-flank),Geen hindernis
7514,13,Gent,Gent,51.03018,3.70146,1.8144757575276125,51.04208142126025,3.7192134227103457,2018,5,23,44021,Gent,Normaal,Droog,"Nacht, openbare verlichting aanwezig en ontstoken",met lichtgewonden,9,personenauto,3,Fiets,Op Kruispunt,Gewestweg,binnen bebouwde kom,Tss. 2 best.: langs opzij (voor-/achterkant-flank),Geen hindernis
7515,13,Gent,Gent,51.03018,3.70146,1.628768558231914,51.04070465702108,3.7176609807258694,2018,5,14,44021,Gent,Normaal,Droog,Dag,met lichtgewonden,9,personenauto,3,Fiets,Op Kruispunt,Gewestweg,binnen bebouwde kom,Tss. 2 best.: langs opzij (voor-/achterkant-flank),Geen hindernis
7518,136,Gent R4,Gent,51.0876313,3.7587918,1.17645713157963,51.08163844756246,3.7726721253014657,2018,5,7,44021,Gent,Normaal,Droog,Dag,met lichtgewonden,9,personenauto,3,Fiets,Buiten Kruispunt,Gemeenteweg,binnen bebouwde kom,Tussen 2 bestuurders: Langs achteren,Geen hindernis
7519,13,Gent,Gent,51.03018,3.70146,1.7119100049958602,51.02731572578269,3.7255116094185077,2018,5,7,44021,Gent,Normaal,Droog,Dag,met lichtgewonden,3,Fiets,3,Fiets,Buiten Kruispunt,Gemeenteweg,binnen bebouwde kom,Tussen 2 bestuurders: Flank tegen flank,Geen hindernis
7521,13,Gent,Gent,51.03018,3.70146,0.9556905724578296,51.03876510340244,3.702106751825021,2018,5,20,44021,Gent,Normaal,Droog,Dag,met zwaargewonden,3,Fiets,8,Voetganger,Buiten Kruispunt,Gemeenteweg,binnen bebouwde kom,Met een voetganger,Geen hindernis
7523,13,Gent,Gent,51.03018,3.70146,1.4197568070754087,51.039010590689806,3.716124995386567,2018,5,17,44021,Gent,Normaal,Droog,Dag,met lichtgewonden,3,Fiets,10,"één bestuurder, geen hindernis",Buiten Kruispunt,Gewestweg,binnen bebouwde kom,"Eén bestuurder, geen hindernis (incl. val)",Geen hindernis
7526,13,Gent,Gent,51.03018,3.70146,1.2902257946308706,51.037772914860085,3.715412303443165,2018,5,8,44021,Gent,Regenval,"Nat, plassen",Dag,met lichtgewonden,3,Fiets,3,Fiets,Op Kruispunt,Gewestweg,binnen bebouwde kom,Tss. 2 best.: langs opzij (voor-/achterkant-flank),Geen hindernis
7527,13,Gent,Gent,51.03018,3.70146,2.410891594495371,51.049011059331995,3.7185508523199875,2018,5,16,44021,Gent,Normaal,Droog,Dag,met lichtgewonden,3,Fiets,9,personenauto,Op Kruispunt,Gemeenteweg,binnen bebouwde kom,Tussen 2 bestuurders: Frontale botsing,Geen hindernis
7528,13,Gent,Gent,51.03018,3.70146,1.0026507231221702,51.03762627076493,3.7095465397485463,2018,5,16,44021,Gent,Normaal,Droog,Dag,met lichtgewonden,3,Fiets,9,personenauto,Buiten Kruispunt,Gemeenteweg,binnen bebouwde kom,Tussen 2 bestuurders: Langs achteren,Geen hindernis
7536,13,Gent,Gent,51.03018,3.70146,1.0807696246667349,51.037771356164626,3.7111119937918207,2018,5,16,44021,Gent,Normaal,Droog,Dag,met lichtgewonden,3,Fiets,8,Voetganger,Buiten Kruispunt,Gewestweg,binnen bebouwde kom,Met een voetganger,Geen hindernis
7538,13,Gent,Gent,51.03018,3.70146,1.9302210275147569,51.03735835226916,3.726592914828516,2018,3,6,44021,Gent,Onbekend,Onbekend,Dageraad - schemering,met lichtgewonden,3,Fiets,4,Vrachtwagen,Op Kruispunt,Gemeenteweg,binnen bebouwde kom,Tussen 2 bestuurders: Langs achteren,Geen hindernis
7551,116,Melle teller 2,Melle,50.9986113,3.8040599,1.00066216009547,51.00054327380167,3.7900936224288175,2018,5,19,44040,Melle,Onbekend,Onbekend,Onbekend,met lichtgewonden,3,Fiets,3,Fiets,Op Kruispunt,Gemeenteweg,binnen bebouwde kom,Tussen 2 bestuurders: Langs achteren,Geen hindernis
7551,117,Melle teller 1,Melle,50.9986113,3.8040599,1.00066216009547,51.00054327380167,3.7900936224288175,2018,5,19,44040,Melle,Onbekend,Onbekend,Onbekend,met lichtgewonden,3,Fiets,3,Fiets,Op Kruispunt,Gemeenteweg,binnen bebouwde kom,Tussen 2 bestuurders: Langs achteren,Geen hindernis
7555,119,Gent teller 2,Gent,51.0281795,3.7683918,1.5843671900155747,51.028433814254875,3.791043196015489,2018,5,18,44013,Destelbergen,Normaal,Droog,Dag,met lichtgewonden,3,Fiets,9,personenauto,Op Kruispunt,Gewestweg,buiten bebouwde kom,Tss. 2 best.: langs opzij (voor-/achterkant-flank),Geen hindernis
7555,118,Gent teller 1,Gent,51.028049,3.7681359,1.6025846544942755,51.028433814254875,3.791043196015489,2018,5,18,44013,Destelbergen,Normaal,Droog,Dag,met lichtgewonden,3,Fiets,9,personenauto,Op Kruispunt,Gewestweg,buiten bebouwde kom,Tss. 2 best.: langs opzij (voor-/achterkant-flank),Geen hindernis
7557,118,Gent teller 1,Gent,51.028049,3.7681359,1.4887925429459536,51.01819075284468,3.753732452201851,2018,5,8,44043,Merelbeke,Normaal,Droog,Dag,met lichtgewonden,5,Lichte vrachtauto,3,Fiets,Buiten Kruispunt,Gewestweg,binnen bebouwde kom,Tss. 2 best.: langs opzij (voor-/achterkant-flank),Geen hindernis
7557,119,Gent teller 2,Gent,51.0281795,3.7683918,1.5115906809527695,51.01819075284468,3.753732452201851,2018,5,8,44043,Merelbeke,Normaal,Droog,Dag,met lichtgewonden,5,Lichte vrachtauto,3,Fiets,Buiten Kruispunt,Gewestweg,binnen bebouwde kom,Tss. 2 best.: langs opzij (voor-/achterkant-flank),Geen hindernis
7559,119,Gent teller 2,Gent,51.0281795,3.7683918,0.41267251859782755,51.025317882689926,3.772149071978572,2018,5,12,44040,Melle,Normaal,Droog,Dag,met zwaargewonden,9,personenauto,3,Fiets,Buiten Kruispunt,Gewestweg,buiten bebouwde kom,Tss. 2 best.: langs opzij (voor-/achterkant-flank),Geen hindernis
7559,118,Gent teller 1,Gent,51.028049,3.7681359,0.4135221738286106,51.025317882689926,3.772149071978572,2018,5,12,44040,Melle,Normaal,Droog,Dag,met zwaargewonden,9,personenauto,3,Fiets,Buiten Kruispunt,Gewestweg,buiten bebouwde kom,Tss. 2 best.: langs opzij (voor-/achterkant-flank),Geen hindernis
7564,113,Deinze teller 2,Deinze,50.96018,3.55578,2.2285053397110444,50.9751576315626,3.5346345853876286,2018,5,15,44083,Deinze,Normaal,Droog,Dag,met lichtgewonden,9,personenauto,3,Fiets,Op Kruispunt,Gewestweg,binnen bebouwde kom,Tss. 2 best.: langs opzij (voor-/achterkant-flank),Geen hindernis
7564,114,Deinze teller 1,Nazareth,50.9598305,3.555502,2.2449802959477956,50.9751576315626,3.5346345853876286,2018,5,15,44083,Deinze,Normaal,Droog,Dag,met lichtgewonden,9,personenauto,3,Fiets,Op Kruispunt,Gewestweg,binnen bebouwde kom,Tss. 2 best.: langs opzij (voor-/achterkant-flank),Geen hindernis
7565,114,Deinze teller 1,Nazareth,50.9598305,3.555502,1.2604562997910564,50.95771178183553,3.5378227569045846,2018,5,19,44083,Deinze,Normaal,Droog,Dag,met lichtgewonden,9,personenauto,3,Fiets,Op Kruispunt,Gewestweg,buiten bebouwde kom,Tss. 2 best.: langs opzij (voor-/achterkant-flank),Geen hindernis
7565,113,Deinze teller 2,Deinze,50.96018,3.55578,1.2873066915550602,50.95771178183553,3.5378227569045846,2018,5,19,44083,Deinze,Normaal,Droog,Dag,met lichtgewonden,9,personenauto,3,Fiets,Op Kruispunt,Gewestweg,buiten bebouwde kom,Tss. 2 best.: langs opzij (voor-/achterkant-flank),Geen hindernis
7567,6,Evergem 2,Evergem,51.10894,3.70298,1.2957125881935807,51.120536855160566,3.7047938606112503,2018,5,23,44019,Evergem,Normaal,Droog,"Nacht, openbare verlichting aanwezig en ontstoken",met lichtgewonden,3,Fiets,2,Andere weggebruiker,Buiten Kruispunt,Gemeenteweg,buiten bebouwde kom,Tussen 2 bestuurders: Langs achteren,Geen hindernis
7567,7,Evergem 1,Evergem,51.1089,3.70317,1.2989146435484005,51.120536855160566,3.7047938606112503,2018,5,23,44019,Evergem,Normaal,Droog,"Nacht, openbare verlichting aanwezig en ontstoken",met lichtgewonden,3,Fiets,2,Andere weggebruiker,Buiten Kruispunt,Gemeenteweg,buiten bebouwde kom,Tussen 2 bestuurders: Langs achteren,Geen hindernis
7570,6,Evergem 2,Evergem,51.10894,3.70298,2.1104424354806084,51.120530181596585,3.6790381322464487,2018,5,12,44019,Evergem,Normaal,Droog,Dag,met lichtgewonden,9,personenauto,3,Fiets,Buiten Kruispunt,Gewestweg,buiten bebouwde kom,Tss. 2 best.: langs opzij (voor-/achterkant-flank),Geen hindernis
7570,7,Evergem 1,Evergem,51.1089,3.70317,2.12366671199677,51.120530181596585,3.6790381322464487,2018,5,12,44019,Evergem,Normaal,Droog,Dag,met lichtgewonden,9,personenauto,3,Fiets,Buiten Kruispunt,Gewestweg,buiten bebouwde kom,Tss. 2 best.: langs opzij (voor-/achterkant-flank),Geen hindernis
7575,115,Aalter,Aalter,51.1058367,3.4350591,1.441868027093699,51.10444983879839,3.455592294409092,2018,5,11,44084,Aalter,Normaal,Droog,Dag,met lichtgewonden,3,Fiets,3,Fiets,Buiten Kruispunt,Gemeenteweg,binnen bebouwde kom,Tussen 2 bestuurders: Flank tegen flank,Geen hindernis
7619,126,Hamme totem,Hamme,51.1017709,4.1469307,1.4109327055252177,51.11419949888991,4.142858754598808,2018,5,7,46025,Temse,Normaal,Droog,Dag,met lichtgewonden,3,Fiets,9,personenauto,Op Kruispunt,Gewestweg,binnen bebouwde kom,Tss. 2 best.: langs opzij (voor-/achterkant-flank),Geen hindernis
7623,126,Hamme totem,Hamme,51.1017709,4.1469307,2.215962721597759,51.11391234759035,4.17210050302919,2018,5,1,46025,Temse,Normaal,Droog+Proper,"Nacht, openbare verlichting aanwezig en ontstoken",met zwaargewonden,3,Fiets,10,"één bestuurder, geen hindernis",Buiten Kruispunt,Gemeenteweg,binnen bebouwde kom,"Eén bestuurder, geen hindernis (incl. val)",Geen hindernis
7627,141,Test site A support,Lokeren,51.08342085,3.9961071208376326,1.4161471728391457,51.09585022937725,3.991686651424734,2018,5,8,46014,Lokeren,Normaal,Droog,Dag,met lichtgewonden,9,personenauto,3,Fiets,Op Kruispunt,Gewestweg,buiten bebouwde kom,Tussen 2 bestuurders: Frontale botsing,Geen hindernis
7627,129,Lokeren teller 2,Lokeren,51.09612,3.97025,1.497272684177437,51.09585022937725,3.991686651424734,2018,5,8,46014,Lokeren,Normaal,Droog,Dag,met lichtgewonden,9,personenauto,3,Fiets,Op Kruispunt,Gewestweg,buiten bebouwde kom,Tussen 2 bestuurders: Frontale botsing,Geen hindernis
7627,128,Lokeren teller 1,Lokeren,51.09644,3.97023,1.4997980636511252,51.09585022937725,3.991686651424734,2018,5,8,46014,Lokeren,Normaal,Droog,Dag,met lichtgewonden,9,personenauto,3,Fiets,Op Kruispunt,Gewestweg,buiten bebouwde kom,Tussen 2 bestuurders: Frontale botsing,Geen hindernis
7628,128,Lokeren teller 1,Lokeren,51.09644,3.97023,1.792638382587451,51.10312788285482,3.9935894445473394,2018,5,13,46014,Lokeren,Normaal,Droog,Dag,met lichtgewonden,9,personenauto,3,Fiets,Op Kruispunt,Gewestweg,binnen bebouwde kom,Tss. 2 best.: langs opzij (voor-/achterkant-flank),Geen hindernis
7628,129,Lokeren teller 2,Lokeren,51.09612,3.97025,1.8064344139020043,51.10312788285482,3.9935894445473394,2018,5,13,46014,Lokeren,Normaal,Droog,Dag,met lichtgewonden,9,personenauto,3,Fiets,Op Kruispunt,Gewestweg,binnen bebouwde kom,Tss. 2 best.: langs opzij (voor-/achterkant-flank),Geen hindernis
7628,141,Test site A support,Lokeren,51.08342085,3.9961071208376326,2.198364635180618,51.10312788285482,3.9935894445473394,2018,5,13,46014,Lokeren,Normaal,Droog,Dag,met lichtgewonden,9,personenauto,3,Fiets,Op Kruispunt,Gewestweg,binnen bebouwde kom,Tss. 2 best.: langs opzij (voor-/achterkant-flank),Geen hindernis
7629,141,Test site A support,Lokeren,51.08342085,3.9961071208376326,1.2706063189792862,51.094841610460286,3.995513898182213,2018,5,7,46014,Lokeren,Normaal,Droog,Dag,met lichtgewonden,9,personenauto,3,Fiets,Op Kruispunt,Gemeenteweg,binnen bebouwde kom,Tss. 2 best.: langs opzij (voor-/achterkant-flank),Geen hindernis
7629,129,Lokeren teller 2,Lokeren,51.09612,3.97025,1.7699745510805818,51.094841610460286,3.995513898182213,2018,5,7,46014,Lokeren,Normaal,Droog,Dag,met lichtgewonden,9,personenauto,3,Fiets,Op Kruispunt,Gemeenteweg,binnen bebouwde kom,Tss. 2 best.: langs opzij (voor-/achterkant-flank),Geen hindernis
7629,128,Lokeren teller 1,Lokeren,51.09644,3.97023,1.7745705498905526,51.094841610460286,3.995513898182213,2018,5,7,46014,Lokeren,Normaal,Droog,Dag,met lichtgewonden,9,personenauto,3,Fiets,Op Kruispunt,Gemeenteweg,binnen bebouwde kom,Tss. 2 best.: langs opzij (voor-/achterkant-flank),Geen hindernis
7630,126,Hamme totem,Hamme,51.1017709,4.1469307,1.0606747136064998,51.09973408022985,4.132090603490527,2018,5,14,42008,Hamme,Normaal,Droog,Dag,met lichtgewonden,3,Fiets,5,Lichte vrachtauto,Buiten Kruispunt,Gemeenteweg,binnen bebouwde kom,Tussen 2 bestuurders: Langs achteren,Geen hindernis
7633,120,Zele teller 1,Zele,51.0607671,4.0547741,1.8330906210230205,51.07418644442083,4.039536412287519,2018,5,5,42028,Zele,Normaal,Droog,Dageraad - schemering,met lichtgewonden,9,personenauto,3,Fiets,Buiten Kruispunt,Gemeenteweg,binnen bebouwde kom,Tss. 2 best.: langs opzij (voor-/achterkant-flank),Geen hindernis
7633,121,Zele teller 2,Zele,51.0604067,4.0556696,1.9022610764839027,51.07418644442083,4.039536412287519,2018,5,5,42028,Zele,Normaal,Droog,Dageraad - schemering,met lichtgewonden,9,personenauto,3,Fiets,Buiten Kruispunt,Gemeenteweg,binnen bebouwde kom,Tss. 2 best.: langs opzij (voor-/achterkant-flank),Geen hindernis
7634,120,Zele teller 1,Zele,51.0607671,4.0547741,1.517123750348761,51.07084337296861,4.04013588745226,2018,5,13,42028,Zele,Normaal,Droog,Dag,met lichtgewonden,9,personenauto,3,Fiets,Op Kruispunt,Gemeenteweg,binnen bebouwde kom,Tss. 2 best.: langs opzij (voor-/achterkant-flank),Geen hindernis
7634,121,Zele teller 2,Zele,51.0604067,4.0556696,1.5890289264923085,51.07084337296861,4.04013588745226,2018,5,13,42028,Zele,Normaal,Droog,Dag,met lichtgewonden,9,personenauto,3,Fiets,Op Kruispunt,Gemeenteweg,binnen bebouwde kom,Tss. 2 best.: langs opzij (voor-/achterkant-flank),Geen hindernis
7635,120,Zele teller 1,Zele,51.0607671,4.0547741,1.91260948673197,51.06918106337722,4.03090209356224,2018,5,15,42028,Zele,Normaal,Droog,Dag,met zwaargewonden,9,personenauto,3,Fiets,Op Kruispunt,Gemeenteweg,binnen bebouwde kom,Tss. 2 best.: langs opzij (voor-/achterkant-flank),Geen hindernis
7635,121,Zele teller 2,Zele,51.0604067,4.0556696,1.986802192264055,51.06918106337722,4.03090209356224,2018,5,15,42028,Zele,Normaal,Droog,Dag,met zwaargewonden,9,personenauto,3,Fiets,Op Kruispunt,Gemeenteweg,binnen bebouwde kom,Tss. 2 best.: langs opzij (voor-/achterkant-flank),Geen hindernis
7639,141,Test site A support,Lokeren,51.08342085,3.9961071208376326,1.9498382812674329,51.0661726865096,3.991077065013619,2018,5,7,42028,Zele,Normaal,Droog,Dag,met lichtgewonden,3,Fiets,3,Fiets,Op Kruispunt,Gemeenteweg,binnen bebouwde kom,Tss. 2 best.: langs opzij (voor-/achterkant-flank),Geen hindernis
7640,120,Zele teller 1,Zele,51.0607671,4.0547741,1.7996134646549755,51.07126095998104,4.035167680342468,2018,5,13,42028,Zele,Normaal,Droog,Dag,Met doden,4,Vrachtwagen,3,Fiets,Op Kruispunt,Gemeenteweg,binnen bebouwde kom,Tussen 2 bestuurders: Frontale botsing,Geen hindernis
7640,121,Zele teller 2,Zele,51.0604067,4.0556696,1.8732678621756458,51.07126095998104,4.035167680342468,2018,5,13,42028,Zele,Normaal,Droog,Dag,Met doden,4,Vrachtwagen,3,Fiets,Op Kruispunt,Gemeenteweg,binnen bebouwde kom,Tussen 2 bestuurders: Frontale botsing,Geen hindernis
7643,152,Opwijk,District Vilvoorde-gewestwegen,50.968901168564656,4.149169474840164,1.2319362930618971,50.978401648598556,4.14011769090514,2018,5,16,42011,Lebbeke,Normaal,Droog,Dag,met lichtgewonden,9,personenauto,3,Fiets,Buiten Kruispunt,Gemeenteweg,buiten bebouwde kom,Tss. 2 best.: langs opzij (voor-/achterkant-flank),Geen hindernis
7645,152,Opwijk,District Vilvoorde-gewestwegen,50.968901168564656,4.149169474840164,1.8829808428093975,50.985464279879274,4.154767977440596,2018,5,7,42011,Lebbeke,Normaal,Droog,Dag,met lichtgewonden,9,personenauto,3,Fiets,Op Kruispunt,Gemeenteweg,binnen bebouwde kom,Tss. 2 best.: langs opzij (voor-/achterkant-flank),Geen hindernis
7648,116,Melle teller 2,Melle,50.9986113,3.8040599,2.235495228023474,50.99009199422461,3.832992348986375,2018,5,7,42025,Wetteren,Normaal,Droog,Dag,met lichtgewonden,3,Fiets,10,"één bestuurder, geen hindernis",Buiten Kruispunt,Gewestweg,binnen bebouwde kom,"Eén bestuurder, geen hindernis (incl. val)",Geen hindernis
7648,117,Melle teller 1,Melle,50.9986113,3.8040599,2.235495228023474,50.99009199422461,3.832992348986375,2018,5,7,42025,Wetteren,Normaal,Droog,Dag,met lichtgewonden,3,Fiets,10,"één bestuurder, geen hindernis",Buiten Kruispunt,Gewestweg,binnen bebouwde kom,"Eén bestuurder, geen hindernis (incl. val)",Geen hindernis
7653,10,Aalst 2,Aalst,50.93549,4.01571,2.05742751216669,50.945911210290745,4.039973557455253,2018,5,18,41002,Aalst,Normaal,Droog,Dag,met lichtgewonden,9,personenauto,3,Fiets,Op Kruispunt,Gemeenteweg,binnen bebouwde kom,Tss. 2 best.: langs opzij (voor-/achterkant-flank),Geen hindernis
7653,11,Aalst 3,Aalst,50.93385,4.01647,2.123856562016996,50.945911210290745,4.039973557455253,2018,5,18,41002,Aalst,Normaal,Droog,Dag,met lichtgewonden,9,personenauto,3,Fiets,Op Kruispunt,Gemeenteweg,binnen bebouwde kom,Tss. 2 best.: langs opzij (voor-/achterkant-flank),Geen hindernis
7653,19,Aalst 1,Aalst,50.93433,4.01471,2.1890187715717286,50.945911210290745,4.039973557455253,2018,5,18,41002,Aalst,Normaal,Droog,Dag,met lichtgewonden,9,personenauto,3,Fiets,Op Kruispunt,Gemeenteweg,binnen bebouwde kom,Tss. 2 best.: langs opzij (voor-/achterkant-flank),Geen hindernis
7654,10,Aalst 2,Aalst,50.93549,4.01571,2.34115365736102,50.949513692359005,4.040633658276162,2018,5,7,41002,Aalst,Normaal,Droog,Dag,met lichtgewonden,3,Fiets,9,personenauto,Op Kruispunt,Gewestweg,binnen bebouwde kom,Tussen 2 bestuurders: Flank tegen flank,Geen hindernis
7654,11,Aalst 3,Aalst,50.93385,4.01647,2.428981570064026,50.949513692359005,4.040633658276162,2018,5,7,41002,Aalst,Normaal,Droog,Dag,met lichtgewonden,3,Fiets,9,personenauto,Op Kruispunt,Gewestweg,binnen bebouwde kom,Tussen 2 bestuurders: Flank tegen flank,Geen hindernis
7654,19,Aalst 1,Aalst,50.93433,4.01471,2.4798386419203737,50.949513692359005,4.040633658276162,2018,5,7,41002,Aalst,Normaal,Droog,Dag,met lichtgewonden,3,Fiets,9,personenauto,Op Kruispunt,Gewestweg,binnen bebouwde kom,Tussen 2 bestuurders: Flank tegen flank,Geen hindernis
7656,11,Aalst 3,Aalst,50.93385,4.01647,1.2095956407966493,50.929613559961695,4.032367481635465,2018,5,8,41002,Aalst,Normaal,Droog,Dag,met lichtgewonden,9,personenauto,3,Fiets,Op Kruispunt,Gewestweg,binnen bebouwde kom,Tss. 2 best.: langs opzij (voor-/achterkant-flank),Geen hindernis
7656,10,Aalst 2,Aalst,50.93549,4.01571,1.3377778806866167,50.929613559961695,4.032367481635465,2018,5,8,41002,Aalst,Normaal,Droog,Dag,met lichtgewonden,9,personenauto,3,Fiets,Op Kruispunt,Gewestweg,binnen bebouwde kom,Tss. 2 best.: langs opzij (voor-/achterkant-flank),Geen hindernis
7656,19,Aalst 1,Aalst,50.93433,4.01471,1.3439795495220326,50.929613559961695,4.032367481635465,2018,5,8,41002,Aalst,Normaal,Droog,Dag,met lichtgewonden,9,personenauto,3,Fiets,Op Kruispunt,Gewestweg,binnen bebouwde kom,Tss. 2 best.: langs opzij (voor-/achterkant-flank),Geen hindernis
7659,10,Aalst 2,Aalst,50.93549,4.01571,1.3470336660548667,50.94165947995452,4.032254348523755,2018,5,18,41002,Aalst,Normaal,Droog,Dag,met lichtgewonden,9,personenauto,3,Fiets,Op Kruispunt,Gemeenteweg,binnen bebouwde kom,Tss. 2 best.: langs opzij (voor-/achterkant-flank),Geen hindernis
7659,11,Aalst 3,Aalst,50.93385,4.01647,1.4061893128583411,50.94165947995452,4.032254348523755,2018,5,18,41002,Aalst,Normaal,Droog,Dag,met lichtgewonden,9,personenauto,3,Fiets,Op Kruispunt,Gemeenteweg,binnen bebouwde kom,Tss. 2 best.: langs opzij (voor-/achterkant-flank),Geen hindernis
7659,19,Aalst 1,Aalst,50.93433,4.01471,1.474962938936786,50.94165947995452,4.032254348523755,2018,5,18,41002,Aalst,Normaal,Droog,Dag,met lichtgewonden,9,personenauto,3,Fiets,Op Kruispunt,Gemeenteweg,binnen bebouwde kom,Tss. 2 best.: langs opzij (voor-/achterkant-flank),Geen hindernis
7660,11,Aalst 3,Aalst,50.93385,4.01647,0.9195586951171293,50.934946790935776,4.029476360695604,2018,5,19,41002,Aalst,Normaal,Droog,Dag,met lichtgewonden,3,Fiets,9,personenauto,Op Kruispunt,Gewestweg,binnen bebouwde kom,Tss. 2 best.: langs opzij (voor-/achterkant-flank),Geen hindernis
7660,10,Aalst 2,Aalst,50.93549,4.01571,0.9665654318158146,50.934946790935776,4.029476360695604,2018,5,19,41002,Aalst,Normaal,Droog,Dag,met lichtgewonden,3,Fiets,9,personenauto,Op Kruispunt,Gewestweg,binnen bebouwde kom,Tss. 2 best.: langs opzij (voor-/achterkant-flank),Geen hindernis
7660,19,Aalst 1,Aalst,50.93433,4.01471,1.0370344569595538,50.934946790935776,4.029476360695604,2018,5,19,41002,Aalst,Normaal,Droog,Dag,met lichtgewonden,3,Fiets,9,personenauto,Op Kruispunt,Gewestweg,binnen bebouwde kom,Tss. 2 best.: langs opzij (voor-/achterkant-flank),Geen hindernis
7669,125,Dendermonde totem,Dendermonde,51.0372706,4.1025998,0.9361975298544586,51.02895758428638,4.100477967177344,2018,5,10,42006,Dendermonde,Normaal,Droog,Dag,met lichtgewonden,8,Voetganger,3,Fiets,Buiten Kruispunt,Gemeenteweg,binnen bebouwde kom,Met een voetganger,Geen hindernis
7669,122,Dendermonde teller 2,Dendermonde,51.0373918,4.1019222,0.9432639199973831,51.02895758428638,4.100477967177344,2018,5,10,42006,Dendermonde,Normaal,Droog,Dag,met lichtgewonden,8,Voetganger,3,Fiets,Buiten Kruispunt,Gemeenteweg,binnen bebouwde kom,Met een voetganger,Geen hindernis
7670,125,Dendermonde totem,Dendermonde,51.0372706,4.1025998,0.5931848646206795,51.03208108628338,4.100634544256277,2018,5,15,42006,Dendermonde,Normaal,Droog,Dag,met lichtgewonden,9,personenauto,3,Fiets,Buiten Kruispunt,Gemeenteweg,binnen bebouwde kom,Tss. 2 best.: langs opzij (voor-/achterkant-flank),Geen hindernis
7670,122,Dendermonde teller 2,Dendermonde,51.0373918,4.1019222,0.5973492568408397,51.03208108628338,4.100634544256277,2018,5,15,42006,Dendermonde,Normaal,Droog,Dag,met lichtgewonden,9,personenauto,3,Fiets,Buiten Kruispunt,Gemeenteweg,binnen bebouwde kom,Tss. 2 best.: langs opzij (voor-/achterkant-flank),Geen hindernis
7671,125,Dendermonde totem,Dendermonde,51.0372706,4.1025998,1.4742824752702213,51.024036797466735,4.103887042570577,2018,5,9,42006,Dendermonde,Normaal,Droog,Dag,met lichtgewonden,9,personenauto,3,Fiets,Op Kruispunt,Gewestweg,binnen bebouwde kom,Tss. 2 best.: langs opzij (voor-/achterkant-flank),Geen hindernis
7671,122,Dendermonde teller 2,Dendermonde,51.0373918,4.1019222,1.4913517248383579,51.024036797466735,4.103887042570577,2018,5,9,42006,Dendermonde,Normaal,Droog,Dag,met lichtgewonden,9,personenauto,3,Fiets,Op Kruispunt,Gewestweg,binnen bebouwde kom,Tss. 2 best.: langs opzij (voor-/achterkant-flank),Geen hindernis
7672,122,Dendermonde teller 2,Dendermonde,51.0373918,4.1019222,1.8771073985245437,51.05392925405381,4.107313455318634,2018,5,15,42006,Dendermonde,Normaal,Droog,Dag,met lichtgewonden,9,personenauto,3,Fiets,Op Kruispunt,Gemeenteweg,binnen bebouwde kom,Tss. 2 best.: langs opzij (voor-/achterkant-flank),Geen hindernis