crash_row_id,site_id,site_name,site_gemeente,site_lat,site_long,distance_km,crash_lat,crash_long,DT_YEAR_COLLISION,DT_MONTH_COLLISION,DT_TIME,CD_NIS,TX_MUNTY_COLLISION_NL,TX_WEATHER_NL,TX_ROAD_CONDITION_NL,TX_LIGHT_CONDITION_NL,TX_CLASS_ACCIDENTS_NL,CD_ROAD_USR_TYPE1,TX_ROAD_USR_TYPE1_NL,CD_ROAD_USR_TYPE2,TX_ROAD_USR_TYPE2_NL,TX_CROSSWAY_NL,CD_ROAD_TYPE_NL,TX_BUILD_UP_AREA_NL,TX_COLLISION_TYPE_NL,TX_OBSTACLES_NL
7672,125,Dendermonde totem,Dendermonde,51.0372706,4.1025998,1.8814398005958095,51.05392925405381,4.107313455318634,2018,5,15,42006,Dendermonde,Normaal,Droog,Dag,met lichtgewonden,9,personenauto,3,Fiets,Op Kruispunt,Gemeenteweg,binnen bebouwde kom,Tss. 2 best.: langs opzij (voor-/achterkant-flank),Geen hindernis
7673,53,Brugge teller 1,Brugge,51.23023,3.228,1.479838041309204,51.22015827305902,3.214109261710906,2018,5,14,31005,Brugge,Normaal,Droog,Dag,met lichtgewonden,3,Fiets,3,Fiets,Buiten Kruispunt,Gewestweg,binnen bebouwde kom,Kettingbotsing (3 bestuurders of meer),Geen hindernis
7673,54,Brugge teller 2,Brugge,51.23015,3.22818,1.4813789438300586,51.22015827305902,3.214109261710906,2018,5,14,31005,Brugge,Normaal,Droog,Dag,met lichtgewonden,3,Fiets,3,Fiets,Buiten Kruispunt,Gewestweg,binnen bebouwde kom,Kettingbotsing (3 bestuurders of meer),Geen hindernis
7673,52,Brugge,Brugge,51.22632,3.24095,1.9908045842744317,51.22015827305902,3.214109261710906,2018,5,14,31005,Brugge,Normaal,Droog,Dag,met lichtgewonden,3,Fiets,3,Fiets,Buiten Kruispunt,Gewestweg,binnen bebouwde kom,Kettingbotsing (3 bestuurders of meer),Geen hindernis
7673,142,TEST Validatie BRUGGE Y2H22022134,Brugge,51.22632,3.24095,1.9908045842744317,51.22015827305902,3.214109261710906,2018,5,14,31005,Brugge,Normaal,Droog,Dag,met lichtgewonden,3,Fiets,3,Fiets,Buiten Kruispunt,Gewestweg,binnen bebouwde kom,Kettingbotsing (3 bestuurders of meer),Geen hindernis
7674,54,Brugge teller 2,Brugge,51.23015,3.22818,1.2368634277914567,51.21967387558053,3.2222096231899706,2018,5,17,31005,Brugge,Normaal,Droog,Dag,met lichtgewonden,9,personenauto,3,Fiets,Op Kruispunt,Gewestweg,binnen bebouwde kom,Tussen 2 bestuurders: Frontale botsing,Geen hindernis
7674,53,Brugge teller 1,Brugge,51.23023,3.228,1.2411160206111018,51.21967387558053,3.2222096231899706,2018,5,17,31005,Brugge,Normaal,Droog,Dag,met lichtgewonden,9,personenauto,3,Fiets,Op Kruispunt,Gewestweg,binnen bebouwde kom,Tussen 2 bestuurders: Frontale botsing,Geen hindernis
7674,52,Brugge,Brugge,51.22632,3.24095,1.4997984693901782,51.21967387558053,3.2222096231899706,2018,5,17,31005,Brugge,Normaal,Droog,Dag,met lichtgewonden,9,personenauto,3,Fiets,Op Kruispunt,Gewestweg,binnen bebouwde kom,Tussen 2 bestuurders: Frontale botsing,Geen hindernis
7674,142,TEST Validatie BRUGGE Y2H22022134,Brugge,51.22632,3.24095,1.4997984693901782,51.21967387558053,3.2222096231899706,2018,5,17,31005,Brugge,Normaal,Droog,Dag,met lichtgewonden,9,personenauto,3,Fiets,Op Kruispunt,Gewestweg,binnen bebouwde kom,Tussen 2 bestuurders: Frontale botsing,Geen hindernis
7675,53,Brugge teller 1,Brugge,51.23023,3.228,1.6099187316938082,51.231266149531095,3.204937786748498,2018,5,16,31005,Brugge,Normaal,"Vuil (zand, grint, bladeren,...)",Dag,met lichtgewonden,3,Fiets,10,"één bestuurder, geen hindernis",Buiten Kruispunt,Gewestweg,binnen bebouwde kom,"Eén bestuurder, geen hindernis (incl. val)",Geen hindernis
7675,54,Brugge teller 2,Brugge,51.23015,3.22818,1.6230773689292244,51.231266149531095,3.204937786748498,2018,5,16,31005,Brugge,Normaal,"Vuil (zand, grint, bladeren,...)",Dag,met lichtgewonden,3,Fiets,10,"één bestuurder, geen hindernis",Buiten Kruispunt,Gewestweg,binnen bebouwde kom,"Eén bestuurder, geen hindernis (incl. val)",Geen hindernis
7676,50,"Brugge, Sint-Andries",Brugge,51.19291,3.16252,2.1398618002108303,51.20008786658339,3.191013516841383,2018,5,17,31005,Brugge,Normaal,Droog,Dag,met lichtgewonden,3,Fiets,9,personenauto,Buiten Kruispunt,Gewestweg,binnen bebouwde kom,Tss. 2 best.: langs opzij (voor-/achterkant-flank),Geen hindernis
7676,51,"Brugge, Sint-Andries",Brugge,51.19281,3.16252,2.1440360533957024,51.20008786658339,3.191013516841383,2018,5,17,31005,Brugge,Normaal,Droog,Dag,met lichtgewonden,3,Fiets,9,personenauto,Buiten Kruispunt,Gewestweg,binnen bebouwde kom,Tss. 2 best.: langs opzij (voor-/achterkant-flank),Geen hindernis
7677,142,TEST Validatie BRUGGE Y2H22022134,Brugge,51.22632,3.24095,0.28951109334399244,51.223728105987384,3.241344389434824,2018,5,19,31005,Brugge,Normaal,Droog,Dag,met lichtgewonden,6,Bromfiets,3,Fiets,Buiten Kruispunt,Gemeenteweg,binnen bebouwde kom,Tss. 2 best.: langs opzij (voor-/achterkant-flank),Geen hindernis
7677,52,Brugge,Brugge,51.22632,3.24095,0.28951109334399244,51.223728105987384,3.241344389434824,2018,5,19,31005,Brugge,Normaal,Droog,Dag,met lichtgewonden,6,Bromfiets,3,Fiets,Buiten Kruispunt,Gemeenteweg,binnen bebouwde kom,Tss. 2 best.: langs opzij (voor-/achterkant-flank),Geen hindernis
7677,54,Brugge teller 2,Brugge,51.23015,3.22818,1.1619991369466816,51.223728105987384,3.241344389434824,2018,5,19,31005,Brugge,Normaal,Droog,Dag,met lichtgewonden,6,Bromfiets,3,Fiets,Buiten Kruispunt,Gemeenteweg,binnen bebouwde kom,Tss. 2 best.: langs opzij (voor-/achterkant-flank),Geen hindernis
7677,53,Brugge teller 1,Brugge,51.23023,3.228,1.1773534528416074,51.223728105987384,3.241344389434824,2018,5,19,31005,Brugge,Normaal,Droog,Dag,met lichtgewonden,6,Bromfiets,3,Fiets,Buiten Kruispunt,Gemeenteweg,binnen bebouwde kom,Tss. 2 best.: langs opzij (voor-/achterkant-flank),Geen hindernis
7678,53,Brugge teller 1,Brugge,51.23023,3.228,1.763255742786657,51.22015170592659,3.2084511566507588,2018,5,8,31005,Brugge,Normaal,Droog,Dag,met lichtgewonden,6,Bromfiets,3,Fiets,Buiten Kruispunt,Gewestweg,binnen bebouwde kom,Tss. 2 best.: langs opzij (voor-/achterkant-flank),Geen hindernis
7678,54,Brugge teller 2,Brugge,51.23015,3.22818,1.7673426523019595,51.22015170592659,3.2084511566507588,2018,5,8,31005,Brugge,Normaal,Droog,Dag,met lichtgewonden,6,Bromfiets,3,Fiets,Buiten Kruispunt,Gewestweg,binnen bebouwde kom,Tss. 2 best.: langs opzij (voor-/achterkant-flank),Geen hindernis
7678,52,Brugge,Brugge,51.22632,3.24095,2.3648678495525255,51.22015170592659,3.2084511566507588,2018,5,8,31005,Brugge,Normaal,Droog,Dag,met lichtgewonden,6,Bromfiets,3,Fiets,Buiten Kruispunt,Gewestweg,binnen bebouwde kom,Tss. 2 best.: langs opzij (voor-/achterkant-flank),Geen hindernis
7678,142,TEST Validatie BRUGGE Y2H22022134,Brugge,51.22632,3.24095,2.3648678495525255,51.22015170592659,3.2084511566507588,2018,5,8,31005,Brugge,Normaal,Droog,Dag,met lichtgewonden,6,Bromfiets,3,Fiets,Buiten Kruispunt,Gewestweg,binnen bebouwde kom,Tss. 2 best.: langs opzij (voor-/achterkant-flank),Geen hindernis
7679,142,TEST Validatie BRUGGE Y2H22022134,Brugge,51.22632,3.24095,1.5043196047737606,51.21286785911443,3.2432442254631795,2018,5,7,31005,Brugge,Normaal,Droog,Dag,met zwaargewonden,6,Bromfiets,3,Fiets,Op Kruispunt,Gemeenteweg,binnen bebouwde kom,Tussen 2 bestuurders: Frontale botsing,Geen hindernis
7679,52,Brugge,Brugge,51.22632,3.24095,1.5043196047737606,51.21286785911443,3.2432442254631795,2018,5,7,31005,Brugge,Normaal,Droog,Dag,met zwaargewonden,6,Bromfiets,3,Fiets,Op Kruispunt,Gemeenteweg,binnen bebouwde kom,Tussen 2 bestuurders: Frontale botsing,Geen hindernis
7679,54,Brugge teller 2,Brugge,51.23015,3.22818,2.1894097476145546,51.21286785911443,3.2432442254631795,2018,5,7,31005,Brugge,Normaal,Droog,Dag,met zwaargewonden,6,Bromfiets,3,Fiets,Op Kruispunt,Gemeenteweg,binnen bebouwde kom,Tussen 2 bestuurders: Frontale botsing,Geen hindernis
7679,53,Brugge teller 1,Brugge,51.23023,3.228,2.203234235805406,51.21286785911443,3.2432442254631795,2018,5,7,31005,Brugge,Normaal,Droog,Dag,met zwaargewonden,6,Bromfiets,3,Fiets,Op Kruispunt,Gemeenteweg,binnen bebouwde kom,Tussen 2 bestuurders: Frontale botsing,Geen hindernis
7681,142,TEST Validatie BRUGGE Y2H22022134,Brugge,51.22632,3.24095,1.9318141981664367,51.21170627735184,3.2259501177628835,2018,5,13,31005,Brugge,Normaal,Droog,Dag,met lichtgewonden,5,Lichte vrachtauto,3,Fiets,Op Kruispunt,Gewestweg,binnen bebouwde kom,Tss. 2 best.: langs opzij (voor-/achterkant-flank),Geen hindernis
7681,52,Brugge,Brugge,51.22632,3.24095,1.9318141981664367,51.21170627735184,3.2259501177628835,2018,5,13,31005,Brugge,Normaal,Droog,Dag,met lichtgewonden,5,Lichte vrachtauto,3,Fiets,Op Kruispunt,Gewestweg,binnen bebouwde kom,Tss. 2 best.: langs opzij (voor-/achterkant-flank),Geen hindernis
7681,54,Brugge teller 2,Brugge,51.23015,3.22818,2.0567197686900327,51.21170627735184,3.2259501177628835,2018,5,13,31005,Brugge,Normaal,Droog,Dag,met lichtgewonden,5,Lichte vrachtauto,3,Fiets,Op Kruispunt,Gewestweg,binnen bebouwde kom,Tss. 2 best.: langs opzij (voor-/achterkant-flank),Geen hindernis
7681,53,Brugge teller 1,Brugge,51.23023,3.228,2.0646854314044587,51.21170627735184,3.2259501177628835,2018,5,13,31005,Brugge,Normaal,Droog,Dag,met lichtgewonden,5,Lichte vrachtauto,3,Fiets,Op Kruispunt,Gewestweg,binnen bebouwde kom,Tss. 2 best.: langs opzij (voor-/achterkant-flank),Geen hindernis
7682,51,"Brugge, Sint-Andries",Brugge,51.19281,3.16252,1.1783489982747346,51.188772584434595,3.1781533869537455,2018,5,7,31005,Brugge,Normaal,Droog,Dag,met lichtgewonden,9,personenauto,3,Fiets,Op Kruispunt,Gemeenteweg,binnen bebouwde kom,Tss. 2 best.: langs opzij (voor-/achterkant-flank),Geen hindernis
7682,50,"Brugge, Sint-Andries",Brugge,51.19291,3.16252,1.1826290212403894,51.188772584434595,3.1781533869537455,2018,5,7,31005,Brugge,Normaal,Droog,Dag,met lichtgewonden,9,personenauto,3,Fiets,Op Kruispunt,Gemeenteweg,binnen bebouwde kom,Tss. 2 best.: langs opzij (voor-/achterkant-flank),Geen hindernis
7682,20,Brugge,Brugge,51.17416,3.20048,2.249887368737292,51.188772584434595,3.1781533869537455,2018,5,7,31005,Brugge,Normaal,Droog,Dag,met lichtgewonden,9,personenauto,3,Fiets,Op Kruispunt,Gemeenteweg,binnen bebouwde kom,Tss. 2 best.: langs opzij (voor-/achterkant-flank),Geen hindernis
7684,54,Brugge teller 2,Brugge,51.23015,3.22818,1.7889957965324244,51.215739543726066,3.2167561638533737,2018,5,12,31005,Brugge,Normaal,Droog,Dag,met lichtgewonden,9,personenauto,3,Fiets,Op Kruispunt,Gewestweg,binnen bebouwde kom,Tss. 2 best.: langs opzij (voor-/achterkant-flank),Geen hindernis
7684,53,Brugge teller 1,Brugge,51.23023,3.228,1.7914530561713027,51.215739543726066,3.2167561638533737,2018,5,12,31005,Brugge,Normaal,Droog,Dag,met lichtgewonden,9,personenauto,3,Fiets,Op Kruispunt,Gewestweg,binnen bebouwde kom,Tss. 2 best.: langs opzij (voor-/achterkant-flank),Geen hindernis
7684,52,Brugge,Brugge,51.22632,3.24095,2.055032415466429,51.215739543726066,3.2167561638533737,2018,5,12,31005,Brugge,Normaal,Droog,Dag,met lichtgewonden,9,personenauto,3,Fiets,Op Kruispunt,Gewestweg,binnen bebouwde kom,Tss. 2 best.: langs opzij (voor-/achterkant-flank),Geen hindernis
7684,142,TEST Validatie BRUGGE Y2H22022134,Brugge,51.22632,3.24095,2.055032415466429,51.215739543726066,3.2167561638533737,2018,5,12,31005,Brugge,Normaal,Droog,Dag,met lichtgewonden,9,personenauto,3,Fiets,Op Kruispunt,Gewestweg,binnen bebouwde kom,Tss. 2 best.: langs opzij (voor-/achterkant-flank),Geen hindernis
7685,53,Brugge teller 1,Brugge,51.23023,3.228,1.8626276908658028,51.21903794841052,3.2080990792526833,2018,5,15,31005,Brugge,Normaal,Droog,Dag,met lichtgewonden,3,Fiets,3,Fiets,Buiten Kruispunt,Gemeenteweg,binnen bebouwde kom,Tussen 2 bestuurders: Flank tegen flank,Geen hindernis
7685,54,Brugge teller 2,Brugge,51.23015,3.22818,1.8660716543719558,51.21903794841052,3.2080990792526833,2018,5,15,31005,Brugge,Normaal,Droog,Dag,met lichtgewonden,3,Fiets,3,Fiets,Buiten Kruispunt,Gemeenteweg,binnen bebouwde kom,Tussen 2 bestuurders: Flank tegen flank,Geen hindernis
7685,52,Brugge,Brugge,51.22632,3.24095,2.426835938976836,51.21903794841052,3.2080990792526833,2018,5,15,31005,Brugge,Normaal,Droog,Dag,met lichtgewonden,3,Fiets,3,Fiets,Buiten Kruispunt,Gemeenteweg,binnen bebouwde kom,Tussen 2 bestuurders: Flank tegen flank,Geen hindernis
7685,142,TEST Validatie BRUGGE Y2H22022134,Brugge,51.22632,3.24095,2.426835938976836,51.21903794841052,3.2080990792526833,2018,5,15,31005,Brugge,Normaal,Droog,Dag,met lichtgewonden,3,Fiets,3,Fiets,Buiten Kruispunt,Gemeenteweg,binnen bebouwde kom,Tussen 2 bestuurders: Flank tegen flank,Geen hindernis
7686,20,Brugge,Brugge,51.17416,3.20048,1.9190012161681076,51.180340963195256,3.2261823818405766,2018,5,21,31005,Brugge,Normaal,Droog,Dageraad - schemering,met zwaargewonden,9,personenauto,3,Fiets,Buiten Kruispunt,Gewestweg,binnen bebouwde kom,Tss. 2 best.: langs opzij (voor-/achterkant-flank),Geen hindernis
7687,20,Brugge,Brugge,51.17416,3.20048,2.1239165060469394,51.191609363896674,3.2128744347755256,2018,5,13,31005,Brugge,Normaal,Droog,Dag,met lichtgewonden,3,Fiets,6,Bromfiets,Buiten Kruispunt,Gemeenteweg,binnen bebouwde kom,Tss. 2 best.: langs opzij (voor-/achterkant-flank),Geen hindernis
7688,20,Brugge,Brugge,51.17416,3.20048,1.7547521752672925,51.189921057256555,3.1992190317503195,2018,5,14,31005,Brugge,Normaal,Droog,Dag,met lichtgewonden,3,Fiets,9,personenauto,Op Kruispunt,Gemeenteweg,binnen bebouwde kom,Tss. 2 best.: langs opzij (voor-/achterkant-flank),Geen hindernis
7711,15,Oostende 2,Oostende,51.21371,2.92743,2.1248310181987655,51.23069903689749,2.913462157681865,2018,5,8,35013,Oostende,Normaal,Proper,Dag,met lichtgewonden,9,personenauto,3,Fiets,Op Kruispunt,Gewestweg,binnen bebouwde kom,Tss. 2 best.: langs opzij (voor-/achterkant-flank),Geen hindernis
7711,18,Oostende 1,Oostende,51.21378,2.92765,2.1249940401581835,51.23069903689749,2.913462157681865,2018,5,8,35013,Oostende,Normaal,Proper,Dag,met lichtgewonden,9,personenauto,3,Fiets,Op Kruispunt,Gewestweg,binnen bebouwde kom,Tss. 2 best.: langs opzij (voor-/achterkant-flank),Geen hindernis
7712,15,Oostende 2,Oostende,51.21371,2.92743,2.4710716805653443,51.215727318395146,2.8920995355953276,2018,5,8,35013,Oostende,Normaal,Droog,Dag,met lichtgewonden,9,personenauto,3,Fiets,Op Kruispunt,Gewestweg,binnen bebouwde kom,Tussen 2 bestuurders: Frontale botsing,Geen hindernis
7712,18,Oostende 1,Oostende,51.21378,2.92765,2.485640416907293,51.215727318395146,2.8920995355953276,2018,5,8,35013,Oostende,Normaal,Droog,Dag,met lichtgewonden,9,personenauto,3,Fiets,Op Kruispunt,Gewestweg,binnen bebouwde kom,Tussen 2 bestuurders: Frontale botsing,Geen hindernis
7713,15,Oostende 2,Oostende,51.21371,2.92743,0.8752982862962676,51.214792572168335,2.9149829591405014,2018,5,17,35013,Oostende,Normaal,Droog,Dag,met lichtgewonden,9,personenauto,3,Fiets,Buiten Kruispunt,Gemeenteweg,binnen bebouwde kom,Tss. 2 best.: langs opzij (voor-/achterkant-flank),Geen hindernis
7713,18,Oostende 1,Oostende,51.21378,2.92765,0.8894595320714609,51.214792572168335,2.9149829591405014,2018,5,17,35013,Oostende,Normaal,Droog,Dag,met lichtgewonden,9,personenauto,3,Fiets,Buiten Kruispunt,Gemeenteweg,binnen bebouwde kom,Tss. 2 best.: langs opzij (voor-/achterkant-flank),Geen hindernis
7714,18,Oostende 1,Oostende,51.21378,2.92765,1.6374629857899956,51.22718111659086,2.917903210487935,2018,5,19,35013,Oostende,Normaal,Droog,Dag,met lichtgewonden,9,personenauto,3,Fiets,Op Kruispunt,Gewestweg,binnen bebouwde kom,Tussen 2 bestuurders: Frontale botsing,Geen hindernis
7714,15,Oostende 2,Oostende,51.21371,2.92743,1.6382849059572226,51.22718111659086,2.917903210487935,2018,5,19,35013,Oostende,Normaal,Droog,Dag,met lichtgewonden,9,personenauto,3,Fiets,Op Kruispunt,Gewestweg,binnen bebouwde kom,Tussen 2 bestuurders: Frontale botsing,Geen hindernis
7715,18,Oostende 1,Oostende,51.21378,2.92765,1.8368295489379705,51.228881298930204,2.916959838539311,2018,5,13,35013,Oostende,Normaal,Droog,Dag,met lichtgewonden,3,Fiets,9,personenauto,Op Kruispunt,Gemeenteweg,binnen bebouwde kom,Tussen 2 bestuurders: Langs achteren,Geen hindernis
7715,15,Oostende 2,Oostende,51.21371,2.92743,1.8378155252323605,51.228881298930204,2.916959838539311,2018,5,13,35013,Oostende,Normaal,Droog,Dag,met lichtgewonden,3,Fiets,9,personenauto,Op Kruispunt,Gemeenteweg,binnen bebouwde kom,Tussen 2 bestuurders: Langs achteren,Geen hindernis
7716,15,Oostende 2,Oostende,51.21371,2.92743,2.092528408522077,51.229411336696984,2.910867380511544,2018,5,14,35013,Oostende,Normaal,Droog,Dag,met lichtgewonden,3,Fiets,9,personenauto,Op Kruispunt,Gewestweg,binnen bebouwde kom,Tss. 2 best.: langs opzij (voor-/achterkant-flank),Geen hindernis
7716,18,Oostende 1,Oostende,51.21378,2.92765,2.0945487743034024,51.229411336696984,2.910867380511544,2018,5,14,35013,Oostende,Normaal,Droog,Dag,met lichtgewonden,3,Fiets,9,personenauto,Op Kruispunt,Gewestweg,binnen bebouwde kom,Tss. 2 best.: langs opzij (voor-/achterkant-flank),Geen hindernis
7731,84,Roeselare totem,Izegem,50.91717,3.18772,1.6033467025765107,50.91888284788177,3.210430073223562,2018,5,16,36008,Izegem,Normaal,Droog,Dag,met lichtgewonden,9,personenauto,3,Fiets,Op Kruispunt,Gewestweg,binnen bebouwde kom,Tss. 2 best.: langs opzij (voor-/achterkant-flank),Geen hindernis
7732,84,Roeselare totem,Izegem,50.91717,3.18772,1.333932238458236,50.922630151099625,3.204664170601254,2018,5,17,36008,Izegem,Normaal,Droog,Dag,met lichtgewonden,3,Fiets,9,personenauto,Buiten Kruispunt,Gemeenteweg,binnen bebouwde kom,Tss. 2 best.: langs opzij (voor-/achterkant-flank),Geen hindernis
7735,84,Roeselare totem,Izegem,50.91717,3.18772,1.184939858243684,50.92368534642415,3.201096681883934,2018,5,4,36008,Izegem,Normaal,Droog,"Nacht, openbare verlichting aanwezig en ontstoken",met lichtgewonden,9,personenauto,3,Fiets,Op Kruispunt,Gemeenteweg,binnen bebouwde kom,Tss. 2 best.: langs opzij (voor-/achterkant-flank),Geen hindernis
7742,61,Wervik teller 2,Wervik,50.80555,3.0921,1.3219383049569606,50.799382879046846,3.1081820395928696,2018,5,9,34027,Menen,Normaal,Droog,Dag,met lichtgewonden,9,personenauto,3,Fiets,Op Kruispunt,Gemeenteweg,binnen bebouwde kom,Tss. 2 best.: langs opzij (voor-/achterkant-flank),Geen hindernis
7742,62,Wervik teller 1,Wervik,50.8058,3.09154,1.3700049494727926,50.799382879046846,3.1081820395928696,2018,5,9,34027,Menen,Normaal,Droog,Dag,met lichtgewonden,9,personenauto,3,Fiets,Op Kruispunt,Gemeenteweg,binnen bebouwde kom,Tss. 2 best.: langs opzij (voor-/achterkant-flank),Geen hindernis
7744,61,Wervik teller 2,Wervik,50.80555,3.0921,1.7874930616756937,50.81049000339376,3.116307860071592,2018,5,17,34027,Menen,Normaal,Droog,Dag,met lichtgewonden,9,personenauto,3,Fiets,Op Kruispunt,Gemeenteweg,binnen bebouwde kom,Tss. 2 best.: langs opzij (voor-/achterkant-flank),Geen hindernis
7744,62,Wervik teller 1,Wervik,50.8058,3.09154,1.8168000195537113,50.81049000339376,3.116307860071592,2018,5,17,34027,Menen,Normaal,Droog,Dag,met lichtgewonden,9,personenauto,3,Fiets,Op Kruispunt,Gemeenteweg,binnen bebouwde kom,Tss. 2 best.: langs opzij (voor-/achterkant-flank),Geen hindernis
7750,74,Kortrijk teller 1,Kortrijk,50.81909,3.25728,1.301906135419979,50.8135977485217,3.2736460628532296,2018,5,10,34022,Kortrijk,Normaal,Droog,Dag,met lichtgewonden,9,personenauto,3,Fiets,Buiten Kruispunt,Gewestweg,binnen bebouwde kom,Tss. 2 best.: langs opzij (voor-/achterkant-flank),Geen hindernis
7750,75,Kortrijk teller 2,Kortrijk,50.81925,3.25731,1.3084953135943327,50.8135977485217,3.2736460628532296,2018,5,10,34022,Kortrijk,Normaal,Droog,Dag,met lichtgewonden,9,personenauto,3,Fiets,Buiten Kruispunt,Gewestweg,binnen bebouwde kom,Tss. 2 best.: langs opzij (voor-/achterkant-flank),Geen hindernis
7750,143,Eco Display Classic Budastraat,Kortrijk,50.83066,3.26286,2.0429306488553483,50.8135977485217,3.2736460628532296,2018,5,10,34022,Kortrijk,Normaal,Droog,Dag,met lichtgewonden,9,personenauto,3,Fiets,Buiten Kruispunt,Gewestweg,binnen bebouwde kom,Tss. 2 best.: langs opzij (voor-/achterkant-flank),Geen hindernis
7750,16,Kortrijk 1,Kortrijk,50.83332,3.27777,2.212063588078047,50.8135977485217,3.2736460628532296,2018,5,10,34022,Kortrijk,Normaal,Droog,Dag,met lichtgewonden,9,personenauto,3,Fiets,Buiten Kruispunt,Gewestweg,binnen bebouwde kom,Tss. 2 best.: langs opzij (voor-/achterkant-flank),Geen hindernis
7750,17,Kortrijk 2,Kortrijk,50.83339,3.27773,2.219415492636832,50.8135977485217,3.2736460628532296,2018,5,10,34022,Kortrijk,Normaal,Droog,Dag,met lichtgewonden,9,personenauto,3,Fiets,Buiten Kruispunt,Gewestweg,binnen bebouwde kom,Tss. 2 best.: langs opzij (voor-/achterkant-flank),Geen hindernis
7751,75,Kortrijk teller 2,Kortrijk,50.81925,3.25731,0.8371723254104506,50.82001945384422,3.2691648266585833,2018,5,12,34022,Kortrijk,Normaal,Droog,Dag,met lichtgewonden,9,personenauto,3,Fiets,Buiten Kruispunt,Gewestweg,binnen bebouwde kom,Tss. 2 best.: langs opzij (voor-/achterkant-flank),Geen hindernis
7751,74,Kortrijk teller 1,Kortrijk,50.81909,3.25728,0.8412701198582974,50.82001945384422,3.2691648266585833,2018,5,12,34022,Kortrijk,Normaal,Droog,Dag,met lichtgewonden,9,personenauto,3,Fiets,Buiten Kruispunt,Gewestweg,binnen bebouwde kom,Tss. 2 best.: langs opzij (voor-/achterkant-flank),Geen hindernis
7751,143,Eco Display Classic Budastraat,Kortrijk,50.83066,3.26286,1.263337400327452,50.82001945384422,3.2691648266585833,2018,5,12,34022,Kortrijk,Normaal,Droog,Dag,met lichtgewonden,9,personenauto,3,Fiets,Buiten Kruispunt,Gewestweg,binnen bebouwde kom,Tss. 2 best.: langs opzij (voor-/achterkant-flank),Geen hindernis
7751,16,Kortrijk 1,Kortrijk,50.83332,3.27777,1.5976914110909317,50.82001945384422,3.2691648266585833,2018,5,12,34022,Kortrijk,Normaal,Droog,Dag,met lichtgewonden,9,personenauto,3,Fiets,Buiten Kruispunt,Gewestweg,binnen bebouwde kom,Tss. 2 best.: langs opzij (voor-/achterkant-flank),Geen hindernis
7751,17,Kortrijk 2,Kortrijk,50.83339,3.27773,1.60384314618493,50.82001945384422,3.2691648266585833,2018,5,12,34022,Kortrijk,Normaal,Droog,Dag,met lichtgewonden,9,personenauto,3,Fiets,Buiten Kruispunt,Gewestweg,binnen bebouwde kom,Tss. 2 best.: langs opzij (voor-/achterkant-flank),Geen hindernis
7752,75,Kortrijk teller 2,Kortrijk,50.81925,3.25731,0.649553694088128,50.82363067177797,3.263427110434029,2018,5,17,34022,Kortrijk,Normaal,Droog,Dag,met lichtgewonden,3,Fiets,9,personenauto,Op Kruispunt,Gewestweg,binnen bebouwde kom,Tss. 2 best.: langs opzij (voor-/achterkant-flank),Geen hindernis
7752,74,Kortrijk teller 1,Kortrijk,50.81909,3.25728,0.6643682627603736,50.82363067177797,3.263427110434029,2018,5,17,34022,Kortrijk,Normaal,Droog,Dag,met lichtgewonden,3,Fiets,9,personenauto,Op Kruispunt,Gewestweg,binnen bebouwde kom,Tss. 2 best.: langs opzij (voor-/achterkant-flank),Geen hindernis
7752,143,Eco Display Classic Budastraat,Kortrijk,50.83066,3.26286,0.7826399311551316,50.82363067177797,3.263427110434029,2018,5,17,34022,Kortrijk,Normaal,Droog,Dag,met lichtgewonden,3,Fiets,9,personenauto,Op Kruispunt,Gewestweg,binnen bebouwde kom,Tss. 2 best.: langs opzij (voor-/achterkant-flank),Geen hindernis
7752,16,Kortrijk 1,Kortrijk,50.83332,3.27777,1.4749974834832285,50.82363067177797,3.263427110434029,2018,5,17,34022,Kortrijk,Normaal,Droog,Dag,met lichtgewonden,3,Fiets,9,personenauto,Op Kruispunt,Gewestweg,binnen bebouwde kom,Tss. 2 best.: langs opzij (voor-/achterkant-flank),Geen hindernis
7752,17,Kortrijk 2,Kortrijk,50.83339,3.27773,1.4787820925382853,50.82363067177797,3.263427110434029,2018,5,17,34022,Kortrijk,Normaal,Droog,Dag,met lichtgewonden,3,Fiets,9,personenauto,Op Kruispunt,Gewestweg,binnen bebouwde kom,Tss. 2 best.: langs opzij (voor-/achterkant-flank),Geen hindernis
7753,74,Kortrijk teller 1,Kortrijk,50.81909,3.25728,0.9883395409261844,50.810206470501605,3.2577432956539614,2018,4,12,34022,Kortrijk,Normaal,Droog,Dag,met lichtgewonden,3,Fiets,11,een weggebruiker tegen een hindernis,Buiten Kruispunt,Gemeenteweg,binnen bebouwde kom,Weggebruiker tegen hindernis op de rijbaan,Op de rijbaan: Dier (wild dier)
7753,75,Kortrijk teller 2,Kortrijk,50.81925,3.25731,1.0060552658674113,50.810206470501605,3.2577432956539614,2018,4,12,34022,Kortrijk,Normaal,Droog,Dag,met lichtgewonden,3,Fiets,11,een weggebruiker tegen een hindernis,Buiten Kruispunt,Gemeenteweg,binnen bebouwde kom,Weggebruiker tegen hindernis op de rijbaan,Op de rijbaan: Dier (wild dier)
7753,143,Eco Display Classic Budastraat,Kortrijk,50.83066,3.26286,2.3025563827387114,50.810206470501605,3.2577432956539614,2018,4,12,34022,Kortrijk,Normaal,Droog,Dag,met lichtgewonden,3,Fiets,11,een weggebruiker tegen een hindernis,Buiten Kruispunt,Gemeenteweg,binnen bebouwde kom,Weggebruiker tegen hindernis op de rijbaan,Op de rijbaan: Dier (wild dier)