crash_row_id,site_id,site_name,site_gemeente,site_lat,site_long,distance_km,crash_lat,crash_long,DT_YEAR_COLLISION,DT_MONTH_COLLISION,DT_TIME,CD_NIS,TX_MUNTY_COLLISION_NL,TX_WEATHER_NL,TX_ROAD_CONDITION_NL,TX_LIGHT_CONDITION_NL,TX_CLASS_ACCIDENTS_NL,CD_ROAD_USR_TYPE1,TX_ROAD_USR_TYPE1_NL,CD_ROAD_USR_TYPE2,TX_ROAD_USR_TYPE2_NL,TX_CROSSWAY_NL,CD_ROAD_TYPE_NL,TX_BUILD_UP_AREA_NL,TX_COLLISION_TYPE_NL,TX_OBSTACLES_NL
7754,143,Eco Display Classic Budastraat,Kortrijk,50.83066,3.26286,0.5116902745855547,50.8305375395255,3.2555769100087995,2018,5,18,34022,Kortrijk,Normaal,Droog,Dag,met lichtgewonden,3,Fiets,11,een weggebruiker tegen een hindernis,Buiten Kruispunt,Gewestweg,binnen bebouwde kom,Weggebruiker tegen hindernis buiten rijbaan,Andere hindernis
7754,75,Kortrijk teller 2,Kortrijk,50.81925,3.25731,1.2610068087527688,50.8305375395255,3.2555769100087995,2018,5,18,34022,Kortrijk,Normaal,Droog,Dag,met lichtgewonden,3,Fiets,11,een weggebruiker tegen een hindernis,Buiten Kruispunt,Gewestweg,binnen bebouwde kom,Weggebruiker tegen hindernis buiten rijbaan,Andere hindernis
7754,74,Kortrijk teller 1,Kortrijk,50.81909,3.25728,1.2785171859593438,50.8305375395255,3.2555769100087995,2018,5,18,34022,Kortrijk,Normaal,Droog,Dag,met lichtgewonden,3,Fiets,11,een weggebruiker tegen een hindernis,Buiten Kruispunt,Gewestweg,binnen bebouwde kom,Weggebruiker tegen hindernis buiten rijbaan,Andere hindernis
7754,17,Kortrijk 2,Kortrijk,50.83339,3.27773,1.5878216156505875,50.8305375395255,3.2555769100087995,2018,5,18,34022,Kortrijk,Normaal,Droog,Dag,met lichtgewonden,3,Fiets,11,een weggebruiker tegen een hindernis,Buiten Kruispunt,Gewestweg,binnen bebouwde kom,Weggebruiker tegen hindernis buiten rijbaan,Andere hindernis
7754,16,Kortrijk 1,Kortrijk,50.83332,3.27777,1.5890416127352582,50.8305375395255,3.2555769100087995,2018,5,18,34022,Kortrijk,Normaal,Droog,Dag,met lichtgewonden,3,Fiets,11,een weggebruiker tegen een hindernis,Buiten Kruispunt,Gewestweg,binnen bebouwde kom,Weggebruiker tegen hindernis buiten rijbaan,Andere hindernis
7755,143,Eco Display Classic Budastraat,Kortrijk,50.83066,3.26286,0.5414027942163224,50.827028460860106,3.2577253554905727,2018,5,9,34022,Kortrijk,Normaal,Droog,Dag,met lichtgewonden,9,personenauto,3,Fiets,Op Kruispunt,Gewestweg,binnen bebouwde kom,Tss. 2 best.: langs opzij (voor-/achterkant-flank),Geen hindernis
7755,75,Kortrijk teller 2,Kortrijk,50.81925,3.25731,0.8654173357711167,50.827028460860106,3.2577253554905727,2018,5,9,34022,Kortrijk,Normaal,Droog,Dag,met lichtgewonden,9,personenauto,3,Fiets,Op Kruispunt,Gewestweg,binnen bebouwde kom,Tss. 2 best.: langs opzij (voor-/achterkant-flank),Geen hindernis
7755,74,Kortrijk teller 1,Kortrijk,50.81909,3.25728,0.8832707412315477,50.827028460860106,3.2577253554905727,2018,5,9,34022,Kortrijk,Normaal,Droog,Dag,met lichtgewonden,9,personenauto,3,Fiets,Op Kruispunt,Gewestweg,binnen bebouwde kom,Tss. 2 best.: langs opzij (voor-/achterkant-flank),Geen hindernis
7755,16,Kortrijk 1,Kortrijk,50.83332,3.27777,1.5720413406981473,50.827028460860106,3.2577253554905727,2018,5,9,34022,Kortrijk,Normaal,Droog,Dag,met lichtgewonden,9,personenauto,3,Fiets,Op Kruispunt,Gewestweg,binnen bebouwde kom,Tss. 2 best.: langs opzij (voor-/achterkant-flank),Geen hindernis
7755,17,Kortrijk 2,Kortrijk,50.83339,3.27773,1.5730099367206674,50.827028460860106,3.2577253554905727,2018,5,9,34022,Kortrijk,Normaal,Droog,Dag,met lichtgewonden,9,personenauto,3,Fiets,Op Kruispunt,Gewestweg,binnen bebouwde kom,Tss. 2 best.: langs opzij (voor-/achterkant-flank),Geen hindernis
7756,143,Eco Display Classic Budastraat,Kortrijk,50.83066,3.26286,0.43407492112502677,50.82721439772568,3.2657650182591684,2018,5,17,34022,Kortrijk,Normaal,Droog,Dag,met lichtgewonden,9,personenauto,3,Fiets,Op Kruispunt,Gewestweg,binnen bebouwde kom,Tss. 2 best.: langs opzij (voor-/achterkant-flank),Geen hindernis
7756,75,Kortrijk teller 2,Kortrijk,50.81925,3.25731,1.0663103184146003,50.82721439772568,3.2657650182591684,2018,5,17,34022,Kortrijk,Normaal,Droog,Dag,met lichtgewonden,9,personenauto,3,Fiets,Op Kruispunt,Gewestweg,binnen bebouwde kom,Tss. 2 best.: langs opzij (voor-/achterkant-flank),Geen hindernis
7756,74,Kortrijk teller 1,Kortrijk,50.81909,3.25728,1.0822914367069203,50.82721439772568,3.2657650182591684,2018,5,17,34022,Kortrijk,Normaal,Droog,Dag,met lichtgewonden,9,personenauto,3,Fiets,Op Kruispunt,Gewestweg,binnen bebouwde kom,Tss. 2 best.: langs opzij (voor-/achterkant-flank),Geen hindernis
7756,16,Kortrijk 1,Kortrijk,50.83332,3.27777,1.0825039914300956,50.82721439772568,3.2657650182591684,2018,5,17,34022,Kortrijk,Normaal,Droog,Dag,met lichtgewonden,9,personenauto,3,Fiets,Op Kruispunt,Gewestweg,binnen bebouwde kom,Tss. 2 best.: langs opzij (voor-/achterkant-flank),Geen hindernis
7756,17,Kortrijk 2,Kortrijk,50.83339,3.27773,1.08522523328766,50.82721439772568,3.2657650182591684,2018,5,17,34022,Kortrijk,Normaal,Droog,Dag,met lichtgewonden,9,personenauto,3,Fiets,Op Kruispunt,Gewestweg,binnen bebouwde kom,Tss. 2 best.: langs opzij (voor-/achterkant-flank),Geen hindernis
7758,143,Eco Display Classic Budastraat,Kortrijk,50.83066,3.26286,0.87883815975679,50.824755649733106,3.271177948951921,2018,5,16,34022,Kortrijk,Normaal,Droog,Dag,met lichtgewonden,9,personenauto,3,Fiets,Op Kruispunt,Gemeenteweg,binnen bebouwde kom,Tss. 2 best.: langs opzij (voor-/achterkant-flank),Geen hindernis
7758,16,Kortrijk 1,Kortrijk,50.83332,3.27777,1.0588954454597843,50.824755649733106,3.271177948951921,2018,5,16,34022,Kortrijk,Normaal,Droog,Dag,met lichtgewonden,9,personenauto,3,Fiets,Op Kruispunt,Gemeenteweg,binnen bebouwde kom,Tss. 2 best.: langs opzij (voor-/achterkant-flank),Geen hindernis
7758,17,Kortrijk 2,Kortrijk,50.83339,3.27773,1.0646836148145131,50.824755649733106,3.271177948951921,2018,5,16,34022,Kortrijk,Normaal,Droog,Dag,met lichtgewonden,9,personenauto,3,Fiets,Op Kruispunt,Gemeenteweg,binnen bebouwde kom,Tss. 2 best.: langs opzij (voor-/achterkant-flank),Geen hindernis
7758,75,Kortrijk teller 2,Kortrijk,50.81925,3.25731,1.1505542109573388,50.824755649733106,3.271177948951921,2018,5,16,34022,Kortrijk,Normaal,Droog,Dag,met lichtgewonden,9,personenauto,3,Fiets,Op Kruispunt,Gemeenteweg,binnen bebouwde kom,Tss. 2 best.: langs opzij (voor-/achterkant-flank),Geen hindernis
7758,74,Kortrijk teller 1,Kortrijk,50.81909,3.25728,1.1618900878921339,50.824755649733106,3.271177948951921,2018,5,16,34022,Kortrijk,Normaal,Droog,Dag,met lichtgewonden,9,personenauto,3,Fiets,Op Kruispunt,Gemeenteweg,binnen bebouwde kom,Tss. 2 best.: langs opzij (voor-/achterkant-flank),Geen hindernis
7759,75,Kortrijk teller 2,Kortrijk,50.81925,3.25731,2.200358950537419,50.82335217639361,3.226667010362127,2018,5,9,34022,Kortrijk,Normaal,Droog,Dag,met lichtgewonden,4,Vrachtwagen,3,Fiets,Op Kruispunt,Gewestweg,binnen bebouwde kom,Tss. 2 best.: langs opzij (voor-/achterkant-flank),Geen hindernis
7759,74,Kortrijk teller 1,Kortrijk,50.81909,3.25728,2.2020613831191005,50.82335217639361,3.226667010362127,2018,5,9,34022,Kortrijk,Normaal,Droog,Dag,met lichtgewonden,4,Vrachtwagen,3,Fiets,Op Kruispunt,Gewestweg,binnen bebouwde kom,Tss. 2 best.: langs opzij (voor-/achterkant-flank),Geen hindernis
7760,75,Kortrijk teller 2,Kortrijk,50.81925,3.25731,0.3692075654070906,50.822561411406625,3.256924315602989,2018,5,15,34022,Kortrijk,Onbekend,Droog,Dag,met lichtgewonden,9,personenauto,3,Fiets,Op Kruispunt,Gemeenteweg,binnen bebouwde kom,Tss. 2 best.: langs opzij (voor-/achterkant-flank),Geen hindernis
7760,74,Kortrijk teller 1,Kortrijk,50.81909,3.25728,0.3868111509449523,50.822561411406625,3.256924315602989,2018,5,15,34022,Kortrijk,Onbekend,Droog,Dag,met lichtgewonden,9,personenauto,3,Fiets,Op Kruispunt,Gemeenteweg,binnen bebouwde kom,Tss. 2 best.: langs opzij (voor-/achterkant-flank),Geen hindernis
7760,143,Eco Display Classic Budastraat,Kortrijk,50.83066,3.26286,0.9923489057187056,50.822561411406625,3.256924315602989,2018,5,15,34022,Kortrijk,Onbekend,Droog,Dag,met lichtgewonden,9,personenauto,3,Fiets,Op Kruispunt,Gemeenteweg,binnen bebouwde kom,Tss. 2 best.: langs opzij (voor-/achterkant-flank),Geen hindernis
7760,16,Kortrijk 1,Kortrijk,50.83332,3.27777,1.890714298645044,50.822561411406625,3.256924315602989,2018,5,15,34022,Kortrijk,Onbekend,Droog,Dag,met lichtgewonden,9,personenauto,3,Fiets,Op Kruispunt,Gemeenteweg,binnen bebouwde kom,Tss. 2 best.: langs opzij (voor-/achterkant-flank),Geen hindernis
7760,17,Kortrijk 2,Kortrijk,50.83339,3.27773,1.8934788595673084,50.822561411406625,3.256924315602989,2018,5,15,34022,Kortrijk,Onbekend,Droog,Dag,met lichtgewonden,9,personenauto,3,Fiets,Op Kruispunt,Gemeenteweg,binnen bebouwde kom,Tss. 2 best.: langs opzij (voor-/achterkant-flank),Geen hindernis
7761,143,Eco Display Classic Budastraat,Kortrijk,50.83066,3.26286,1.1010321204796485,50.8230432240506,3.2728763472291886,2018,5,7,34022,Kortrijk,Onbekend,Onbekend,Dag,met lichtgewonden,2,Andere weggebruiker,3,Fiets,Buiten Kruispunt,Gemeenteweg,binnen bebouwde kom,Tss. 2 best.: langs opzij (voor-/achterkant-flank),Geen hindernis
7761,75,Kortrijk teller 2,Kortrijk,50.81925,3.25731,1.172011511621976,50.8230432240506,3.2728763472291886,2018,5,7,34022,Kortrijk,Onbekend,Onbekend,Dag,met lichtgewonden,2,Andere weggebruiker,3,Fiets,Buiten Kruispunt,Gemeenteweg,binnen bebouwde kom,Tss. 2 best.: langs opzij (voor-/achterkant-flank),Geen hindernis
7761,74,Kortrijk teller 1,Kortrijk,50.81909,3.25728,1.1804884880564055,50.8230432240506,3.2728763472291886,2018,5,7,34022,Kortrijk,Onbekend,Onbekend,Dag,met lichtgewonden,2,Andere weggebruiker,3,Fiets,Buiten Kruispunt,Gemeenteweg,binnen bebouwde kom,Tss. 2 best.: langs opzij (voor-/achterkant-flank),Geen hindernis
7761,16,Kortrijk 1,Kortrijk,50.83332,3.27777,1.193297277978251,50.8230432240506,3.2728763472291886,2018,5,7,34022,Kortrijk,Onbekend,Onbekend,Dag,met lichtgewonden,2,Andere weggebruiker,3,Fiets,Buiten Kruispunt,Gemeenteweg,binnen bebouwde kom,Tss. 2 best.: langs opzij (voor-/achterkant-flank),Geen hindernis
7761,17,Kortrijk 2,Kortrijk,50.83339,3.27773,1.19995189993587,50.8230432240506,3.2728763472291886,2018,5,7,34022,Kortrijk,Onbekend,Onbekend,Dag,met lichtgewonden,2,Andere weggebruiker,3,Fiets,Buiten Kruispunt,Gemeenteweg,binnen bebouwde kom,Tss. 2 best.: langs opzij (voor-/achterkant-flank),Geen hindernis
7769,143,Eco Display Classic Budastraat,Kortrijk,50.83066,3.26286,1.0039918774979621,50.82427904380105,3.2729732939184846,2018,5,5,34022,Kortrijk,Normaal,Droog,Dag,met lichtgewonden,9,personenauto,3,Fiets,Op Kruispunt,Gewestweg,binnen bebouwde kom,Tussen 2 bestuurders: Flank tegen flank,Geen hindernis
7769,16,Kortrijk 1,Kortrijk,50.83332,3.27777,1.0602569855408615,50.82427904380105,3.2729732939184846,2018,5,5,34022,Kortrijk,Normaal,Droog,Dag,met lichtgewonden,9,personenauto,3,Fiets,Op Kruispunt,Gewestweg,binnen bebouwde kom,Tussen 2 bestuurders: Flank tegen flank,Geen hindernis
7769,17,Kortrijk 2,Kortrijk,50.83339,3.27773,1.0667568383068142,50.82427904380105,3.2729732939184846,2018,5,5,34022,Kortrijk,Normaal,Droog,Dag,met lichtgewonden,9,personenauto,3,Fiets,Op Kruispunt,Gewestweg,binnen bebouwde kom,Tussen 2 bestuurders: Flank tegen flank,Geen hindernis
7769,75,Kortrijk teller 2,Kortrijk,50.81925,3.25731,1.2342300215706148,50.82427904380105,3.2729732939184846,2018,5,5,34022,Kortrijk,Normaal,Droog,Dag,met lichtgewonden,9,personenauto,3,Fiets,Op Kruispunt,Gewestweg,binnen bebouwde kom,Tussen 2 bestuurders: Flank tegen flank,Geen hindernis
7769,74,Kortrijk teller 1,Kortrijk,50.81909,3.25728,1.2442604568485616,50.82427904380105,3.2729732939184846,2018,5,5,34022,Kortrijk,Normaal,Droog,Dag,met lichtgewonden,9,personenauto,3,Fiets,Op Kruispunt,Gewestweg,binnen bebouwde kom,Tussen 2 bestuurders: Flank tegen flank,Geen hindernis
7772,17,Kortrijk 2,Kortrijk,50.83339,3.27773,1.4444575745265464,50.84052331444173,3.294920854586848,2018,5,6,34013,Harelbeke,Normaal,Droog,Dag,met lichtgewonden,3,Fiets,3,Fiets,Op Kruispunt,Gemeenteweg,binnen bebouwde kom,Tss. 2 best.: langs opzij (voor-/achterkant-flank),Geen hindernis
7772,16,Kortrijk 1,Kortrijk,50.83332,3.27777,1.446407389747353,50.84052331444173,3.294920854586848,2018,5,6,34013,Harelbeke,Normaal,Droog,Dag,met lichtgewonden,3,Fiets,3,Fiets,Op Kruispunt,Gemeenteweg,binnen bebouwde kom,Tss. 2 best.: langs opzij (voor-/achterkant-flank),Geen hindernis
7773,17,Kortrijk 2,Kortrijk,50.83339,3.27773,1.2204353803376757,50.839423070837725,3.292248220471678,2018,5,5,34013,Harelbeke,Onbekend,Droog,Dageraad - schemering,met lichtgewonden,3,Fiets,10,"één bestuurder, geen hindernis",Buiten Kruispunt,Gemeenteweg,binnen bebouwde kom,"Eén bestuurder, geen hindernis (incl. val)",Geen hindernis
7773,16,Kortrijk 1,Kortrijk,50.83332,3.27777,1.2223944692305262,50.839423070837725,3.292248220471678,2018,5,5,34013,Harelbeke,Onbekend,Droog,Dageraad - schemering,met lichtgewonden,3,Fiets,10,"één bestuurder, geen hindernis",Buiten Kruispunt,Gemeenteweg,binnen bebouwde kom,"Eén bestuurder, geen hindernis (incl. val)",Geen hindernis
7773,143,Eco Display Classic Budastraat,Kortrijk,50.83066,3.26286,2.2822757031334993,50.839423070837725,3.292248220471678,2018,5,5,34013,Harelbeke,Onbekend,Droog,Dageraad - schemering,met lichtgewonden,3,Fiets,10,"één bestuurder, geen hindernis",Buiten Kruispunt,Gemeenteweg,binnen bebouwde kom,"Eén bestuurder, geen hindernis (incl. val)",Geen hindernis
7777,67,Ieper totem,Ieper,50.85018,2.85624,2.4872372283967574,50.84285653507332,2.8897139046397524,2018,5,5,33011,Ieper,Normaal,Droog,Dageraad - schemering,met lichtgewonden,9,personenauto,3,Fiets,Op Kruispunt,Gewestweg,buiten bebouwde kom,Tss. 2 best.: langs opzij (voor-/achterkant-flank),Geen hindernis
7778,67,Ieper totem,Ieper,50.85018,2.85624,1.761710036837278,50.85486716471306,2.880212418072163,2018,5,13,33011,Ieper,Normaal,Droog,Dag,met lichtgewonden,3,Fiets,9,personenauto,Buiten Kruispunt,Gemeenteweg,binnen bebouwde kom,Tss. 2 best.: langs opzij (voor-/achterkant-flank),Geen hindernis
7778,68,Ieper,Ieper,50.85032,2.85608,1.767924877995193,50.85486716471306,2.880212418072163,2018,5,13,33011,Ieper,Normaal,Droog,Dag,met lichtgewonden,3,Fiets,9,personenauto,Buiten Kruispunt,Gemeenteweg,binnen bebouwde kom,Tss. 2 best.: langs opzij (voor-/achterkant-flank),Geen hindernis
7779,67,Ieper totem,Ieper,50.85018,2.85624,2.4872372283967574,50.84285653507332,2.8897139046397524,2018,5,11,33011,Ieper,Normaal,Droog,Dag,met zwaargewonden,9,personenauto,3,Fiets,Op Kruispunt,Gewestweg,binnen bebouwde kom,Tss. 2 best.: langs opzij (voor-/achterkant-flank),Geen hindernis
7783,67,Ieper totem,Ieper,50.85018,2.85624,0.6750254426959263,50.848933708879485,2.8656504052093865,2018,5,16,33011,Ieper,Normaal,Droog,Dag,met lichtgewonden,3,Fiets,10,"één bestuurder, geen hindernis",Buiten Kruispunt,Gewestweg,binnen bebouwde kom,"Eén bestuurder, geen hindernis (incl. val)",Geen hindernis
7783,68,Ieper,Ieper,50.85032,2.85608,0.6893350233291541,50.848933708879485,2.8656504052093865,2018,5,16,33011,Ieper,Normaal,Droog,Dag,met lichtgewonden,3,Fiets,10,"één bestuurder, geen hindernis",Buiten Kruispunt,Gewestweg,binnen bebouwde kom,"Eén bestuurder, geen hindernis (incl. val)",Geen hindernis
7785,68,Ieper,Ieper,50.85032,2.85608,1.5834656674304919,50.8644282976832,2.8591461897495036,2018,5,9,33011,Ieper,Normaal,Droog,Dag,met lichtgewonden,3,Fiets,11,een weggebruiker tegen een hindernis,Buiten Kruispunt,Gewestweg,buiten bebouwde kom,Weggebruiker tegen hindernis buiten rijbaan,Buiten de rijbaan: Andere paal
7785,67,Ieper totem,Ieper,50.85018,2.85624,1.5974169558034437,50.8644282976832,2.8591461897495036,2018,5,9,33011,Ieper,Normaal,Droog,Dag,met lichtgewonden,3,Fiets,11,een weggebruiker tegen een hindernis,Buiten Kruispunt,Gewestweg,buiten bebouwde kom,Weggebruiker tegen hindernis buiten rijbaan,Buiten de rijbaan: Andere paal
7786,67,Ieper totem,Ieper,50.85018,2.85624,1.3687459689350787,50.852702496534505,2.875323733721898,2018,5,12,33011,Ieper,Normaal,Droog,Dag,met lichtgewonden,9,personenauto,3,Fiets,Op Kruispunt,Gewestweg,binnen bebouwde kom,Tss. 2 best.: langs opzij (voor-/achterkant-flank),Geen hindernis
7786,68,Ieper,Ieper,50.85032,2.85608,1.3766593939734226,50.852702496534505,2.875323733721898,2018,5,12,33011,Ieper,Normaal,Droog,Dag,met lichtgewonden,9,personenauto,3,Fiets,Op Kruispunt,Gewestweg,binnen bebouwde kom,Tss. 2 best.: langs opzij (voor-/achterkant-flank),Geen hindernis
7788,67,Ieper totem,Ieper,50.85018,2.85624,1.3363984480239026,50.855327874387974,2.8734425113076614,2018,5,9,33011,Ieper,Normaal,Droog,Dag,met lichtgewonden,9,personenauto,3,Fiets,Buiten Kruispunt,Gewestweg,binnen bebouwde kom,Tss. 2 best.: langs opzij (voor-/achterkant-flank),Geen hindernis
7788,68,Ieper,Ieper,50.85032,2.85608,1.3400112137149325,50.855327874387974,2.8734425113076614,2018,5,9,33011,Ieper,Normaal,Droog,Dag,met lichtgewonden,9,personenauto,3,Fiets,Buiten Kruispunt,Gewestweg,binnen bebouwde kom,Tss. 2 best.: langs opzij (voor-/achterkant-flank),Geen hindernis
7790,35,Lanaken teller 1,Lanaken,50.88112,5.6314,2.3494023770829613,50.89020318122664,5.6616385768702795,2018,5,16,73042,Lanaken,Normaal,"Nat, plassen",Dag,met lichtgewonden,9,personenauto,3,Fiets,Op Kruispunt,Gewestweg,buiten bebouwde kom,Tss. 2 best.: langs opzij (voor-/achterkant-flank),Geen hindernis
7790,36,Lanaken teller 2,Lanaken,50.88131,5.63012,2.4220732381641223,50.89020318122664,5.6616385768702795,2018,5,16,73042,Lanaken,Normaal,"Nat, plassen",Dag,met lichtgewonden,9,personenauto,3,Fiets,Op Kruispunt,Gewestweg,buiten bebouwde kom,Tss. 2 best.: langs opzij (voor-/achterkant-flank),Geen hindernis
7791,36,Lanaken teller 2,Lanaken,50.88131,5.63012,1.5184340252799167,50.87940545475603,5.608688325297509,2018,5,10,73042,Lanaken,Normaal,Droog,Dag,met lichtgewonden,5,Lichte vrachtauto,3,Fiets,Op Kruispunt,Gemeenteweg,binnen bebouwde kom,Tss. 2 best.: langs opzij (voor-/achterkant-flank),Geen hindernis
7791,35,Lanaken teller 1,Lanaken,50.88112,5.6314,1.604763166867333,50.87940545475603,5.608688325297509,2018,5,10,73042,Lanaken,Normaal,Droog,Dag,met lichtgewonden,5,Lichte vrachtauto,3,Fiets,Op Kruispunt,Gemeenteweg,binnen bebouwde kom,Tss. 2 best.: langs opzij (voor-/achterkant-flank),Geen hindernis
7792,41,Maasmechelen teller 1,Maasmechelen,50.97025,5.69799,0.4653839933642657,50.968717587392575,5.691805378372428,2018,5,20,73107,Maasmechelen,Normaal,Droog,Dag,met lichtgewonden,3,Fiets,9,personenauto,Op Kruispunt,Gemeenteweg,binnen bebouwde kom,Tss. 2 best.: langs opzij (voor-/achterkant-flank),Geen hindernis
7792,42,Maasmechelen teller 2,Maasmechelen,50.97043,5.6981,0.4801394535760364,50.968717587392575,5.691805378372428,2018,5,20,73107,Maasmechelen,Normaal,Droog,Dag,met lichtgewonden,3,Fiets,9,personenauto,Op Kruispunt,Gemeenteweg,binnen bebouwde kom,Tss. 2 best.: langs opzij (voor-/achterkant-flank),Geen hindernis
7793,41,Maasmechelen teller 1,Maasmechelen,50.97025,5.69799,1.367555483519707,50.96675179357578,5.679267066226242,2018,5,9,73107,Maasmechelen,Normaal,Droog,Dag,met lichtgewonden,9,personenauto,3,Fiets,Buiten Kruispunt,Gemeenteweg,binnen bebouwde kom,Kettingbotsing (3 bestuurders of meer),Geen hindernis
7793,42,Maasmechelen teller 2,Maasmechelen,50.97043,5.6981,1.3807352506367974,50.96675179357578,5.679267066226242,2018,5,9,73107,Maasmechelen,Normaal,Droog,Dag,met lichtgewonden,9,personenauto,3,Fiets,Buiten Kruispunt,Gemeenteweg,binnen bebouwde kom,Kettingbotsing (3 bestuurders of meer),Geen hindernis
7794,42,Maasmechelen teller 2,Maasmechelen,50.97043,5.6981,2.0731167873105925,50.98521350245266,5.7161423660915,2018,5,16,73107,Maasmechelen,Normaal,Droog,Dag,met lichtgewonden,3,Fiets,9,personenauto,Op Kruispunt,Gemeenteweg,binnen bebouwde kom,Tss. 2 best.: langs opzij (voor-/achterkant-flank),Geen hindernis
7794,41,Maasmechelen teller 1,Maasmechelen,50.97025,5.69799,2.0936901895229862,50.98521350245266,5.7161423660915,2018,5,16,73107,Maasmechelen,Normaal,Droog,Dag,met lichtgewonden,3,Fiets,9,personenauto,Op Kruispunt,Gemeenteweg,binnen bebouwde kom,Tss. 2 best.: langs opzij (voor-/achterkant-flank),Geen hindernis
7795,35,Lanaken teller 1,Lanaken,50.88112,5.6314,2.0309601729049787,50.898573900693805,5.639931941648034,2018,5,9,73042,Lanaken,Normaal,Droog,Dag,met zwaargewonden,9,personenauto,3,Fiets,Op Kruispunt,Gewestweg,binnen bebouwde kom,Tss. 2 best.: langs opzij (voor-/achterkant-flank),Geen hindernis
7795,36,Lanaken teller 2,Lanaken,50.88131,5.63012,2.0393042297880695,50.898573900693805,5.639931941648034,2018,5,9,73042,Lanaken,Normaal,Droog,Dag,met zwaargewonden,9,personenauto,3,Fiets,Op Kruispunt,Gewestweg,binnen bebouwde kom,Tss. 2 best.: langs opzij (voor-/achterkant-flank),Geen hindernis
7797,124,Beveren teller 2,Beveren,51.1964712,4.2361077,1.5142875047099829,51.20836654006355,4.24668940274907,2018,5,17,46003,Beveren,Normaal,Droog,Dag,met lichtgewonden,3,Fiets,9,personenauto,Buiten Kruispunt,Gewestweg,binnen bebouwde kom,Tss. 2 best.: langs opzij (voor-/achterkant-flank),Geen hindernis
7801,124,Beveren teller 2,Beveren,51.1964712,4.2361077,2.025376007198014,51.211513280249626,4.252501873662039,2018,5,19,46003,Beveren,Normaal,Onbekend,Dag,met lichtgewonden,4,Vrachtwagen,3,Fiets,Op Kruispunt,Gewestweg,binnen bebouwde kom,Tss. 2 best.: langs opzij (voor-/achterkant-flank),Geen hindernis
7802,124,Beveren teller 2,Beveren,51.1964712,4.2361077,2.080073049222614,51.21226364684213,4.252110779127844,2018,5,7,46003,Beveren,Normaal,Droog,Dag,met lichtgewonden,3,Fiets,9,personenauto,Op Kruispunt,Gemeenteweg,binnen bebouwde kom,Tussen 2 bestuurders: Frontale botsing,Geen hindernis
7806,106,St. pieters leeuw teller 1,Sint-Pieters-Leeuw,50.75533,4.24951,1.5746428589644421,50.755838734533334,4.271880051755538,2018,5,15,23003,Beersel,Normaal,Droog,Dag,met lichtgewonden,9,personenauto,3,Fiets,Op Kruispunt,Gemeenteweg,binnen bebouwde kom,Tss. 2 best.: langs opzij (voor-/achterkant-flank),Geen hindernis
7806,105,St. pieters leeuw teller 2,Halle,50.75509,4.24943,1.5814511018492585,50.755838734533334,4.271880051755538,2018,5,15,23003,Beersel,Normaal,Droog,Dag,met lichtgewonden,9,personenauto,3,Fiets,Op Kruispunt,Gemeenteweg,binnen bebouwde kom,Tss. 2 best.: langs opzij (voor-/achterkant-flank),Geen hindernis
7808,99,Mechelen teller 1,Mechelen,51.04564,4.46882,2.308372957553122,51.030258599509246,4.490992093039629,2018,5,15,12025,Mechelen,Normaal,Droog,Dag,met lichtgewonden,6,Bromfiets,3,Fiets,Buiten Kruispunt,Gewestweg,binnen bebouwde kom,Tussen 2 bestuurders: Frontale botsing,Geen hindernis
7808,100,Mechelen teller 2,Mechelen,51.0457,4.46883,2.3128513469141465,51.030258599509246,4.490992093039629,2018,5,15,12025,Mechelen,Normaal,Droog,Dag,met lichtgewonden,6,Bromfiets,3,Fiets,Buiten Kruispunt,Gewestweg,binnen bebouwde kom,Tussen 2 bestuurders: Frontale botsing,Geen hindernis
7810,99,Mechelen teller 1,Mechelen,51.04564,4.46882,0.30866047875741454,51.042916703416694,4.469675052287831,2018,5,15,12025,Mechelen,Onbekend,Onbekend,Dag,met lichtgewonden,9,personenauto,3,Fiets,Op Kruispunt,Gemeenteweg,binnen bebouwde kom,Tussen 2 bestuurders: Frontale botsing,Geen hindernis
7810,100,Mechelen teller 2,Mechelen,51.0457,4.46883,0.31507667100672837,51.042916703416694,4.469675052287831,2018,5,15,12025,Mechelen,Onbekend,Onbekend,Dag,met lichtgewonden,9,personenauto,3,Fiets,Op Kruispunt,Gemeenteweg,binnen bebouwde kom,Tussen 2 bestuurders: Frontale botsing,Geen hindernis
7812,99,Mechelen teller 1,Mechelen,51.04564,4.46882,1.1896653300601214,51.03526670060544,4.472985972671114,2018,5,16,12025,Mechelen,Regenval,"Nat, plassen",Dag,met lichtgewonden,9,personenauto,3,Fiets,Buiten Kruispunt,Gewestweg,binnen bebouwde kom,Tss. 2 best.: langs opzij (voor-/achterkant-flank),Geen hindernis
7812,100,Mechelen teller 2,Mechelen,51.0457,4.46883,1.195964984835179,51.03526670060544,4.472985972671114,2018,5,16,12025,Mechelen,Regenval,"Nat, plassen",Dag,met lichtgewonden,9,personenauto,3,Fiets,Buiten Kruispunt,Gewestweg,binnen bebouwde kom,Tss. 2 best.: langs opzij (voor-/achterkant-flank),Geen hindernis
7813,99,Mechelen teller 1,Mechelen,51.04564,4.46882,2.038397814474662,51.03664247783041,4.443418060757575,2018,5,8,12025,Mechelen,Normaal,Droog,Dag,met lichtgewonden,3,Fiets,9,personenauto,Op Kruispunt,Gemeenteweg,binnen bebouwde kom,Tussen 2 bestuurders: Frontale botsing,Geen hindernis
7813,100,Mechelen teller 2,Mechelen,51.0457,4.46883,2.0422878597110725,51.03664247783041,4.443418060757575,2018,5,8,12025,Mechelen,Normaal,Droog,Dag,met lichtgewonden,3,Fiets,9,personenauto,Op Kruispunt,Gemeenteweg,binnen bebouwde kom,Tussen 2 bestuurders: Frontale botsing,Geen hindernis