crash_row_id,site_id,site_name,site_gemeente,site_lat,site_long,distance_km,crash_lat,crash_long,DT_YEAR_COLLISION,DT_MONTH_COLLISION,DT_TIME,CD_NIS,TX_MUNTY_COLLISION_NL,TX_WEATHER_NL,TX_ROAD_CONDITION_NL,TX_LIGHT_CONDITION_NL,TX_CLASS_ACCIDENTS_NL,CD_ROAD_USR_TYPE1,TX_ROAD_USR_TYPE1_NL,CD_ROAD_USR_TYPE2,TX_ROAD_USR_TYPE2_NL,TX_CROSSWAY_NL,CD_ROAD_TYPE_NL,TX_BUILD_UP_AREA_NL,TX_COLLISION_TYPE_NL,TX_OBSTACLES_NL
7814,99,Mechelen teller 1,Mechelen,51.04564,4.46882,1.7202530761621995,51.03189104433307,4.480099785703907,2018,5,9,12025,Mechelen,Normaal,Droog,Dag,met lichtgewonden,9,personenauto,3,Fiets,Op Kruispunt,Gemeenteweg,binnen bebouwde kom,Tss. 2 best.: langs opzij (voor-/achterkant-flank),Geen hindernis
7814,100,Mechelen teller 2,Mechelen,51.0457,4.46883,1.7258654503507722,51.03189104433307,4.480099785703907,2018,5,9,12025,Mechelen,Normaal,Droog,Dag,met lichtgewonden,9,personenauto,3,Fiets,Op Kruispunt,Gemeenteweg,binnen bebouwde kom,Tss. 2 best.: langs opzij (voor-/achterkant-flank),Geen hindernis
7815,99,Mechelen teller 1,Mechelen,51.04564,4.46882,1.649510629599552,51.03186256740368,4.477565728318478,2018,5,8,12025,Mechelen,Normaal,Droog,Dag,met lichtgewonden,3,Fiets,3,Fiets,Buiten Kruispunt,Gemeenteweg,binnen bebouwde kom,Tussen 2 bestuurders: Frontale botsing,Geen hindernis
7815,100,Mechelen teller 2,Mechelen,51.0457,4.46883,1.6554505602631522,51.03186256740368,4.477565728318478,2018,5,8,12025,Mechelen,Normaal,Droog,Dag,met lichtgewonden,3,Fiets,3,Fiets,Buiten Kruispunt,Gemeenteweg,binnen bebouwde kom,Tussen 2 bestuurders: Frontale botsing,Geen hindernis
7818,99,Mechelen teller 1,Mechelen,51.04564,4.46882,2.05115565572186,51.02833718152431,4.47898853412284,2018,5,7,12025,Mechelen,Normaal,Droog,Dag,met lichtgewonden,3,Fiets,3,Fiets,Op Kruispunt,Gemeenteweg,binnen bebouwde kom,Tss. 2 best.: langs opzij (voor-/achterkant-flank),Geen hindernis
7818,100,Mechelen teller 2,Mechelen,51.0457,4.46883,2.0571733235916985,51.02833718152431,4.47898853412284,2018,5,7,12025,Mechelen,Normaal,Droog,Dag,met lichtgewonden,3,Fiets,3,Fiets,Op Kruispunt,Gemeenteweg,binnen bebouwde kom,Tss. 2 best.: langs opzij (voor-/achterkant-flank),Geen hindernis
7819,99,Mechelen teller 1,Mechelen,51.04564,4.46882,2.226798502539103,51.025964041435074,4.474748971039956,2018,5,11,12025,Mechelen,Normaal,Droog,Dag,met lichtgewonden,3,Fiets,9,personenauto,Buiten Kruispunt,Gewestweg,binnen bebouwde kom,Tss. 2 best.: langs opzij (voor-/achterkant-flank),Geen hindernis
7819,100,Mechelen teller 2,Mechelen,51.0457,4.46883,2.2332241594703555,51.025964041435074,4.474748971039956,2018,5,11,12025,Mechelen,Normaal,Droog,Dag,met lichtgewonden,3,Fiets,9,personenauto,Buiten Kruispunt,Gewestweg,binnen bebouwde kom,Tss. 2 best.: langs opzij (voor-/achterkant-flank),Geen hindernis
7822,99,Mechelen teller 1,Mechelen,51.04564,4.46882,2.258387963387717,51.02810697614374,4.485122977036525,2018,5,7,12025,Mechelen,Onbekend,Onbekend,Onbekend,met lichtgewonden,3,Fiets,5,Lichte vrachtauto,Op Kruispunt,Gemeenteweg,binnen bebouwde kom,Tss. 2 best.: langs opzij (voor-/achterkant-flank),Geen hindernis
7822,100,Mechelen teller 2,Mechelen,51.0457,4.46883,2.2637975726994837,51.02810697614374,4.485122977036525,2018,5,7,12025,Mechelen,Onbekend,Onbekend,Onbekend,met lichtgewonden,3,Fiets,5,Lichte vrachtauto,Op Kruispunt,Gemeenteweg,binnen bebouwde kom,Tss. 2 best.: langs opzij (voor-/achterkant-flank),Geen hindernis
7823,99,Mechelen teller 1,Mechelen,51.04564,4.46882,1.9485625666773019,51.028135351250626,4.470124016910754,2018,5,18,12025,Mechelen,Normaal,Droog,Dag,met lichtgewonden,9,personenauto,3,Fiets,Op Kruispunt,Gewestweg,binnen bebouwde kom,Tss. 2 best.: langs opzij (voor-/achterkant-flank),Geen hindernis
7823,100,Mechelen teller 2,Mechelen,51.0457,4.46883,1.9551944943155881,51.028135351250626,4.470124016910754,2018,5,18,12025,Mechelen,Normaal,Droog,Dag,met lichtgewonden,9,personenauto,3,Fiets,Op Kruispunt,Gewestweg,binnen bebouwde kom,Tss. 2 best.: langs opzij (voor-/achterkant-flank),Geen hindernis
7824,100,Mechelen teller 2,Mechelen,51.0457,4.46883,2.4549288412303953,51.067590161215755,4.464261448184564,2018,5,1,12025,Mechelen,Normaal,Droog,"Nacht, openbare verlichting aanwezig en ontstoken",met lichtgewonden,3,Fiets,9,personenauto,Buiten Kruispunt,Gemeenteweg,binnen bebouwde kom,Tussen 2 bestuurders: Flank tegen flank,Geen hindernis
7824,99,Mechelen teller 1,Mechelen,51.04564,4.46882,2.461453478253014,51.067590161215755,4.464261448184564,2018,5,1,12025,Mechelen,Normaal,Droog,"Nacht, openbare verlichting aanwezig en ontstoken",met lichtgewonden,3,Fiets,9,personenauto,Buiten Kruispunt,Gemeenteweg,binnen bebouwde kom,Tussen 2 bestuurders: Flank tegen flank,Geen hindernis
7826,99,Mechelen teller 1,Mechelen,51.04564,4.46882,1.379021642304815,51.0342810934061,4.476737001940896,2018,5,21,12025,Mechelen,Normaal,Droog,Dageraad - schemering,met lichtgewonden,3,Fiets,9,personenauto,Buiten Kruispunt,Gewestweg,buiten bebouwde kom,Tussen 2 bestuurders: Langs achteren,Geen hindernis
7826,100,Mechelen teller 2,Mechelen,51.0457,4.46883,1.384855471037522,51.0342810934061,4.476737001940896,2018,5,21,12025,Mechelen,Normaal,Droog,Dageraad - schemering,met lichtgewonden,3,Fiets,9,personenauto,Buiten Kruispunt,Gewestweg,buiten bebouwde kom,Tussen 2 bestuurders: Langs achteren,Geen hindernis
7830,138,Hasselt-Kempische brug,Hasselt,50.9405318,5.3422472,0.5047028196338285,50.936170506125976,5.340252018755146,2018,5,12,71022,Hasselt,Normaal,Droog,Dag,met lichtgewonden,3,Fiets,3,Fiets,Buiten Kruispunt,Gewestweg,binnen bebouwde kom,Tussen 2 bestuurders: Flank tegen flank,Geen hindernis
7830,137,Hasselt-Kempische brug,Hasselt,50.9411605,5.3417576,0.5648018850957798,50.936170506125976,5.340252018755146,2018,5,12,71022,Hasselt,Normaal,Droog,Dag,met lichtgewonden,3,Fiets,3,Fiets,Buiten Kruispunt,Gewestweg,binnen bebouwde kom,Tussen 2 bestuurders: Flank tegen flank,Geen hindernis
7830,140,Hasselt ring,Hasselt,50.9300038,5.3438616,0.7308750523627983,50.936170506125976,5.340252018755146,2018,5,12,71022,Hasselt,Normaal,Droog,Dag,met lichtgewonden,3,Fiets,3,Fiets,Buiten Kruispunt,Gewestweg,binnen bebouwde kom,Tussen 2 bestuurders: Flank tegen flank,Geen hindernis
7833,33,Lummen,Lummen,50.97978,5.20936,1.5494997820902174,50.99370838171229,5.208678533355855,2018,5,7,71037,Lummen,Normaal,Droog,Dag,met lichtgewonden,5,Lichte vrachtauto,3,Fiets,Buiten Kruispunt,Gemeenteweg,buiten bebouwde kom,Tussen 2 bestuurders: Langs achteren,Geen hindernis
7833,32,Lummen,Lummen,50.97971,5.20961,1.5579139681877001,50.99370838171229,5.208678533355855,2018,5,7,71037,Lummen,Normaal,Droog,Dag,met lichtgewonden,5,Lichte vrachtauto,3,Fiets,Buiten Kruispunt,Gemeenteweg,buiten bebouwde kom,Tussen 2 bestuurders: Langs achteren,Geen hindernis
7836,138,Hasselt-Kempische brug,Hasselt,50.9405318,5.3422472,1.1924680167043618,50.93659442228231,5.358076937797253,2018,5,12,71022,Hasselt,Normaal,Droog,Dag,met lichtgewonden,3,Fiets,3,Fiets,Buiten Kruispunt,Gewestweg,buiten bebouwde kom,Tussen 2 bestuurders: Frontale botsing,Geen hindernis
7836,140,Hasselt ring,Hasselt,50.9300038,5.3438616,1.2367026292504881,50.93659442228231,5.358076937797253,2018,5,12,71022,Hasselt,Normaal,Droog,Dag,met lichtgewonden,3,Fiets,3,Fiets,Buiten Kruispunt,Gewestweg,buiten bebouwde kom,Tussen 2 bestuurders: Frontale botsing,Geen hindernis
7836,137,Hasselt-Kempische brug,Hasselt,50.9411605,5.3417576,1.2511372199211943,50.93659442228231,5.358076937797253,2018,5,12,71022,Hasselt,Normaal,Droog,Dag,met lichtgewonden,3,Fiets,3,Fiets,Buiten Kruispunt,Gewestweg,buiten bebouwde kom,Tussen 2 bestuurders: Frontale botsing,Geen hindernis
7837,140,Hasselt ring,Hasselt,50.9300038,5.3438616,1.9611368547329238,50.91295039802876,5.350998808064384,2018,5,17,71022,Hasselt,Normaal,Droog,Dag,met lichtgewonden,9,personenauto,3,Fiets,Buiten Kruispunt,Gewestweg,buiten bebouwde kom,Tss. 2 best.: langs opzij (voor-/achterkant-flank),Geen hindernis
7838,30,Herk De Stad,Herk-de-Stad,50.94374,5.17691,0.6734863154491636,50.94000996861861,5.169336733155335,2018,5,16,71024,Herk-de-Stad,Normaal,Droog,Dag,met lichtgewonden,9,personenauto,3,Fiets,Op Kruispunt,Gewestweg,binnen bebouwde kom,Tss. 2 best.: langs opzij (voor-/achterkant-flank),Geen hindernis
7838,31,Herk De Stad,Herk-de-Stad,50.94366,5.1775,0.7013295222842867,50.94000996861861,5.169336733155335,2018,5,16,71024,Herk-de-Stad,Normaal,Droog,Dag,met lichtgewonden,9,personenauto,3,Fiets,Op Kruispunt,Gewestweg,binnen bebouwde kom,Tss. 2 best.: langs opzij (voor-/achterkant-flank),Geen hindernis
7839,137,Hasselt-Kempische brug,Hasselt,50.9411605,5.3417576,2.425604967574466,50.955673285390475,5.367607357922126,2018,5,14,71022,Hasselt,Normaal,Droog,Dag,met lichtgewonden,1,Autobus,3,Fiets,Buiten Kruispunt,Gemeenteweg,binnen bebouwde kom,Tss. 2 best.: langs opzij (voor-/achterkant-flank),Geen hindernis
7839,138,Hasselt-Kempische brug,Hasselt,50.9405318,5.3422472,2.447666263378378,50.955673285390475,5.367607357922126,2018,5,14,71022,Hasselt,Normaal,Droog,Dag,met lichtgewonden,1,Autobus,3,Fiets,Buiten Kruispunt,Gemeenteweg,binnen bebouwde kom,Tss. 2 best.: langs opzij (voor-/achterkant-flank),Geen hindernis
7840,137,Hasselt-Kempische brug,Hasselt,50.9411605,5.3417576,2.1741346064364597,50.93864391864079,5.31098669145749,2018,5,9,71022,Hasselt,Normaal,Droog,Dag,met lichtgewonden,3,Fiets,9,personenauto,Buiten Kruispunt,Gewestweg,buiten bebouwde kom,Tss. 2 best.: langs opzij (voor-/achterkant-flank),Geen hindernis
7840,138,Hasselt-Kempische brug,Hasselt,50.9405318,5.3422472,2.20040740355084,50.93864391864079,5.31098669145749,2018,5,9,71022,Hasselt,Normaal,Droog,Dag,met lichtgewonden,3,Fiets,9,personenauto,Buiten Kruispunt,Gewestweg,buiten bebouwde kom,Tss. 2 best.: langs opzij (voor-/achterkant-flank),Geen hindernis
7840,140,Hasselt ring,Hasselt,50.9300038,5.3438616,2.4960529911639244,50.93864391864079,5.31098669145749,2018,5,9,71022,Hasselt,Normaal,Droog,Dag,met lichtgewonden,3,Fiets,9,personenauto,Buiten Kruispunt,Gewestweg,buiten bebouwde kom,Tss. 2 best.: langs opzij (voor-/achterkant-flank),Geen hindernis
7841,140,Hasselt ring,Hasselt,50.9300038,5.3438616,0.1608593913101219,50.928846407021894,5.345238583794631,2018,5,9,71022,Hasselt,Normaal,Droog+Proper,Dag,met lichtgewonden,9,personenauto,3,Fiets,Op Kruispunt,Gemeenteweg,binnen bebouwde kom,Tss. 2 best.: langs opzij (voor-/achterkant-flank),Geen hindernis
7841,138,Hasselt-Kempische brug,Hasselt,50.9405318,5.3422472,1.3161569117989478,50.928846407021894,5.345238583794631,2018,5,9,71022,Hasselt,Normaal,Droog+Proper,Dag,met lichtgewonden,9,personenauto,3,Fiets,Op Kruispunt,Gemeenteweg,binnen bebouwde kom,Tss. 2 best.: langs opzij (voor-/achterkant-flank),Geen hindernis
7841,137,Hasselt-Kempische brug,Hasselt,50.9411605,5.3417576,1.390822745556758,50.928846407021894,5.345238583794631,2018,5,9,71022,Hasselt,Normaal,Droog+Proper,Dag,met lichtgewonden,9,personenauto,3,Fiets,Op Kruispunt,Gemeenteweg,binnen bebouwde kom,Tss. 2 best.: langs opzij (voor-/achterkant-flank),Geen hindernis
7842,140,Hasselt ring,Hasselt,50.9300038,5.3438616,0.07488956705847588,50.9305143801441,5.344558468477403,2018,5,18,71022,Hasselt,Normaal,Droog,Dag,met lichtgewonden,9,personenauto,3,Fiets,Op Kruispunt,Gewestweg,binnen bebouwde kom,Tussen 2 bestuurders: Frontale botsing,Geen hindernis
7842,138,Hasselt-Kempische brug,Hasselt,50.9405318,5.3422472,1.1255993626680434,50.9305143801441,5.344558468477403,2018,5,18,71022,Hasselt,Normaal,Droog,Dag,met lichtgewonden,9,personenauto,3,Fiets,Op Kruispunt,Gewestweg,binnen bebouwde kom,Tussen 2 bestuurders: Frontale botsing,Geen hindernis
7842,137,Hasselt-Kempische brug,Hasselt,50.9411605,5.3417576,1.1999544013551153,50.9305143801441,5.344558468477403,2018,5,18,71022,Hasselt,Normaal,Droog,Dag,met lichtgewonden,9,personenauto,3,Fiets,Op Kruispunt,Gewestweg,binnen bebouwde kom,Tussen 2 bestuurders: Frontale botsing,Geen hindernis
7952,91,Brecht teller 2,Brecht,51.35739,4.62422,0.18596426347869235,51.356027687386195,4.625773467894857,2018,6,12,11009,Brecht,Normaal,Droog,Dag,met lichtgewonden,3,Fiets,3,Fiets,Op Kruispunt,Gewestweg,binnen bebouwde kom,Tussen 2 bestuurders: Langs achteren,Geen hindernis
7952,90,Brecht teller 1,Brecht,51.35752,4.6243,0.19494489153485464,51.356027687386195,4.625773467894857,2018,6,12,11009,Brecht,Normaal,Droog,Dag,met lichtgewonden,3,Fiets,3,Fiets,Op Kruispunt,Gewestweg,binnen bebouwde kom,Tussen 2 bestuurders: Langs achteren,Geen hindernis
7954,3,Brasschaat 1,Brasschaat,51.27503,4.47222,1.3103904692457318,51.284606727255245,4.48319903921691,2018,6,16,11008,Brasschaat,Normaal,Droog,Dag,met lichtgewonden,9,personenauto,3,Fiets,Op Kruispunt,Gewestweg,binnen bebouwde kom,Tss. 2 best.: langs opzij (voor-/achterkant-flank),Geen hindernis
7954,2,Brasschaat 2,Brasschaat,51.27512,4.47169,1.3242237987684928,51.284606727255245,4.48319903921691,2018,6,16,11008,Brasschaat,Normaal,Droog,Dag,met lichtgewonden,9,personenauto,3,Fiets,Op Kruispunt,Gewestweg,binnen bebouwde kom,Tss. 2 best.: langs opzij (voor-/achterkant-flank),Geen hindernis
7970,126,Hamme totem,Hamme,51.1017709,4.1469307,2.356569347498709,51.09541177196495,4.1791236374598055,2018,6,12,12007,Bornem,Normaal,Droog,Dag,met zwaargewonden,3,Fiets,11,een weggebruiker tegen een hindernis,Buiten Kruispunt,Gemeenteweg,buiten bebouwde kom,Weggebruiker tegen hindernis op de rijbaan,"Op de rijbaan: Werken (signal., aarde, toestel,…)"
7975,9,Heist op den Berg 2,Heist-op-den-Berg,51.06904,4.69524,0.43711283747900875,51.07102650519727,4.7006383957195474,2018,6,15,12014,Heist-op-den-Berg,Normaal,Droog,Dag,met lichtgewonden,3,Fiets,9,personenauto,Buiten Kruispunt,Gewestweg,binnen bebouwde kom,Tss. 2 best.: langs opzij (voor-/achterkant-flank),Geen hindernis
7975,8,Heist op den Berg 1,Heist-op-den-Berg,51.06759,4.68823,0.9474804464047216,51.07102650519727,4.7006383957195474,2018,6,15,12014,Heist-op-den-Berg,Normaal,Droog,Dag,met lichtgewonden,3,Fiets,9,personenauto,Buiten Kruispunt,Gewestweg,binnen bebouwde kom,Tss. 2 best.: langs opzij (voor-/achterkant-flank),Geen hindernis
7978,96,Lier teller 2,Lier,51.11705,4.58444,1.9822866036226845,51.124137345830924,4.6105005235858005,2018,6,19,12021,Lier,Normaal,Droog,Dag,met lichtgewonden,3,Fiets,3,Fiets,Buiten Kruispunt,Gewestweg,buiten bebouwde kom,Tussen 2 bestuurders: Flank tegen flank,Geen hindernis
7978,95,Lier teller 1,Lier,51.11687,4.58437,1.9947976157057086,51.124137345830924,4.6105005235858005,2018,6,19,12021,Lier,Normaal,Droog,Dag,met lichtgewonden,3,Fiets,3,Fiets,Buiten Kruispunt,Gewestweg,buiten bebouwde kom,Tussen 2 bestuurders: Flank tegen flank,Geen hindernis
7979,96,Lier teller 2,Lier,51.11705,4.58444,0.9622107011260052,51.12313695731523,4.574641233412789,2018,6,8,12021,Lier,Normaal,Droog,Dag,met lichtgewonden,3,Fiets,9,personenauto,Op Kruispunt,Gewestweg,binnen bebouwde kom,Tussen 2 bestuurders: Frontale botsing,Geen hindernis
7979,95,Lier teller 1,Lier,51.11687,4.58437,0.972978342258018,51.12313695731523,4.574641233412789,2018,6,8,12021,Lier,Normaal,Droog,Dag,met lichtgewonden,3,Fiets,9,personenauto,Op Kruispunt,Gewestweg,binnen bebouwde kom,Tussen 2 bestuurders: Frontale botsing,Geen hindernis
7982,92,Nijlen teller 1,Nijlen,51.14989,4.64479,2.144042145805997,51.159488497082776,4.67145206399701,2018,6,11,12026,Nijlen,Normaal,Droog,Dag,met lichtgewonden,9,personenauto,3,Fiets,Buiten Kruispunt,Gemeenteweg,binnen bebouwde kom,Tss. 2 best.: langs opzij (voor-/achterkant-flank),Geen hindernis
7982,93,Nijlen teller 2,Nijlen,51.14998,4.64469,2.1451420351764305,51.159488497082776,4.67145206399701,2018,6,11,12026,Nijlen,Normaal,Droog,Dag,met lichtgewonden,9,personenauto,3,Fiets,Buiten Kruispunt,Gemeenteweg,binnen bebouwde kom,Tss. 2 best.: langs opzij (voor-/achterkant-flank),Geen hindernis
7984,93,Nijlen teller 2,Nijlen,51.14998,4.64469,1.6940466562247134,51.149245263969334,4.620431322177586,2018,6,13,12026,Nijlen,Normaal,Droog,Dag,met lichtgewonden,9,personenauto,3,Fiets,Op Kruispunt,Gemeenteweg,binnen bebouwde kom,Tss. 2 best.: langs opzij (voor-/achterkant-flank),Geen hindernis
7984,92,Nijlen teller 1,Nijlen,51.14989,4.64479,1.700564084067661,51.149245263969334,4.620431322177586,2018,6,13,12026,Nijlen,Normaal,Droog,Dag,met lichtgewonden,9,personenauto,3,Fiets,Op Kruispunt,Gemeenteweg,binnen bebouwde kom,Tss. 2 best.: langs opzij (voor-/achterkant-flank),Geen hindernis
8002,88,Westerlo teller 1,Westerlo,51.082,4.91325,0.5561209919319382,51.086640372698376,4.916219715500866,2018,6,11,13049,Westerlo,Normaal,Droog,Dag,met lichtgewonden,3,Fiets,9,personenauto,Buiten Kruispunt,Gemeenteweg,binnen bebouwde kom,Tussen 2 bestuurders: Frontale botsing,Geen hindernis
8002,89,Westerlo teller 2,Westerlo,51.08191,4.91334,0.5631427310192225,51.086640372698376,4.916219715500866,2018,6,11,13049,Westerlo,Normaal,Droog,Dag,met lichtgewonden,3,Fiets,9,personenauto,Buiten Kruispunt,Gemeenteweg,binnen bebouwde kom,Tussen 2 bestuurders: Frontale botsing,Geen hindernis
8004,87,Aarschot,Aarschot,50.99084,4.81259,1.8570182474256094,51.00005309142697,4.834721845556886,2018,6,19,24001,Aarschot,Normaal,Droog,Dag,met lichtgewonden,3,Fiets,3,Fiets,Buiten Kruispunt,Gewestweg,buiten bebouwde kom,Tss. 2 best.: langs opzij (voor-/achterkant-flank),Geen hindernis
8008,88,Westerlo teller 1,Westerlo,51.082,4.91325,0.08547574888019988,51.08207907795581,4.912032847653247,2018,6,18,13049,Westerlo,Normaal,Droog,Dag,met lichtgewonden,3,Fiets,6,Bromfiets,Buiten Kruispunt,Gewestweg,buiten bebouwde kom,Tussen 2 bestuurders: Flank tegen flank,Geen hindernis
8008,89,Westerlo teller 2,Westerlo,51.08191,4.91334,0.09322460076522388,51.08207907795581,4.912032847653247,2018,6,18,13049,Westerlo,Normaal,Droog,Dag,met lichtgewonden,3,Fiets,6,Bromfiets,Buiten Kruispunt,Gewestweg,buiten bebouwde kom,Tussen 2 bestuurders: Flank tegen flank,Geen hindernis
8011,127,Geel totem,Westerlo,51.1342966,4.9400421,1.4530267001190267,51.121354350329675,4.942916724558129,2018,6,13,13008,Geel,Normaal,Droog,Dag,met lichtgewonden,3,Fiets,9,personenauto,Op Kruispunt,Gewestweg,buiten bebouwde kom,Kettingbotsing (3 bestuurders of meer),Geen hindernis
8011,112,Geel teller 2,Westerlo,51.1354992,4.9394789,1.5910264001682703,51.121354350329675,4.942916724558129,2018,6,13,13008,Geel,Normaal,Droog,Dag,met lichtgewonden,3,Fiets,9,personenauto,Op Kruispunt,Gewestweg,buiten bebouwde kom,Kettingbotsing (3 bestuurders of meer),Geen hindernis
8012,134,Retie,Dessel,51.2548405,5.1037658,1.177811679574047,51.25885537708542,5.088103512559632,2018,6,23,13036,Retie,Normaal,Droog,"Nacht, openbare verlichting aanwezig en ontstoken",met lichtgewonden,3,Fiets,3,Fiets,Buiten Kruispunt,Gemeenteweg,binnen bebouwde kom,Kettingbotsing (3 bestuurders of meer),Geen hindernis
8012,135,Retie 2,Dessel,51.2544998,5.1040064,1.2080099493500576,51.25885537708542,5.088103512559632,2018,6,23,13036,Retie,Normaal,Droog,"Nacht, openbare verlichting aanwezig en ontstoken",met lichtgewonden,3,Fiets,3,Fiets,Buiten Kruispunt,Gemeenteweg,binnen bebouwde kom,Kettingbotsing (3 bestuurders of meer),Geen hindernis
8018,4,Balen 1,Balen,51.16023,5.19011,1.0164212042756156,51.16856422345082,5.196097287502494,2018,6,13,13003,Balen,Normaal,Droog,Dag,met lichtgewonden,9,personenauto,3,Fiets,Buiten Kruispunt,Gemeenteweg,buiten bebouwde kom,Tussen 2 bestuurders: Flank tegen flank,Geen hindernis
8018,5,Balen 2,Balen,51.16018,5.19003,1.023785494646686,51.16856422345082,5.196097287502494,2018,6,13,13003,Balen,Normaal,Droog,Dag,met lichtgewonden,9,personenauto,3,Fiets,Buiten Kruispunt,Gemeenteweg,buiten bebouwde kom,Tussen 2 bestuurders: Flank tegen flank,Geen hindernis
8021,94,Herentals teller 2,Herentals,51.17345,4.81283,1.5476052264195996,51.16024533896715,4.819844432615292,2018,6,14,13011,Herentals,Normaal,Droog,Dag,met zwaargewonden,3,Fiets,3,Fiets,Buiten Kruispunt,Gemeenteweg,binnen bebouwde kom,Tussen 2 bestuurders: Frontale botsing,Geen hindernis
8021,110,Herentals totem,Herentals,51.1739426,4.811783,1.623473705809842,51.16024533896715,4.819844432615292,2018,6,14,13011,Herentals,Normaal,Droog,Dag,met zwaargewonden,3,Fiets,3,Fiets,Buiten Kruispunt,Gemeenteweg,binnen bebouwde kom,Tussen 2 bestuurders: Frontale botsing,Geen hindernis
8026,37,Lommel teller 1,Lommel,51.23299,5.29211,1.1706925766450245,51.23057274126214,5.30847458823385,2018,6,20,72020,Lommel,Normaal,Droog,Dag,met lichtgewonden,7,Motorfiets,3,Fiets,Op Kruispunt,Gewestweg,binnen bebouwde kom,Tussen 2 bestuurders: Flank tegen flank,Geen hindernis
8026,38,Lommel teller 2,Lommel,51.23277,5.29189,1.1803038103621497,51.23057274126214,5.30847458823385,2018,6,20,72020,Lommel,Normaal,Droog,Dag,met lichtgewonden,7,Motorfiets,3,Fiets,Op Kruispunt,Gewestweg,binnen bebouwde kom,Tussen 2 bestuurders: Flank tegen flank,Geen hindernis
8027,37,Lommel teller 1,Lommel,51.23299,5.29211,0.7467926729380316,51.23191549069985,5.302697598394073,2018,6,13,72020,Lommel,Normaal,Droog,Dag,met lichtgewonden,3,Fiets,9,personenauto,Op Kruispunt,Gewestweg,binnen bebouwde kom,Tss. 2 best.: langs opzij (voor-/achterkant-flank),Geen hindernis
8027,38,Lommel teller 2,Lommel,51.23277,5.29189,0.7584675715434172,51.23191549069985,5.302697598394073,2018,6,13,72020,Lommel,Normaal,Droog,Dag,met lichtgewonden,3,Fiets,9,personenauto,Op Kruispunt,Gewestweg,binnen bebouwde kom,Tss. 2 best.: langs opzij (voor-/achterkant-flank),Geen hindernis
8028,46,Pelt teller 2,Pelt,51.231,5.44375,1.840750444190868,51.23017526768251,5.417346238703732,2018,6,17,72043,Pelt,Normaal,Droog,Dag,met lichtgewonden,3,Fiets,9,personenauto,Op Kruispunt,Gewestweg,buiten bebouwde kom,Tss. 2 best.: langs opzij (voor-/achterkant-flank),Geen hindernis
8028,45,Pelt teller 1,Pelt,51.23127,5.44377,1.8438743333423384,51.23017526768251,5.417346238703732,2018,6,17,72043,Pelt,Normaal,Droog,Dag,met lichtgewonden,3,Fiets,9,personenauto,Op Kruispunt,Gewestweg,buiten bebouwde kom,Tss. 2 best.: langs opzij (voor-/achterkant-flank),Geen hindernis
8030,46,Pelt teller 2,Pelt,51.231,5.44375,1.3173024212914555,51.23129065627496,5.424836560237603,2018,6,14,72043,Pelt,Normaal,Droog,Dag,met lichtgewonden,9,personenauto,3,Fiets,Op Kruispunt,Gemeenteweg,buiten bebouwde kom,Tussen 2 bestuurders: Frontale botsing,Geen hindernis
8030,45,Pelt teller 1,Pelt,51.23127,5.44377,1.3182965826651012,51.23129065627496,5.424836560237603,2018,6,14,72043,Pelt,Normaal,Droog,Dag,met lichtgewonden,9,personenauto,3,Fiets,Op Kruispunt,Gemeenteweg,buiten bebouwde kom,Tussen 2 bestuurders: Frontale botsing,Geen hindernis
8049,43,Maaseik teller 1,Maaseik,51.09344,5.79715,1.2840495476211131,51.0969364780298,5.779625836728992,2018,6,22,72021,Maaseik,Normaal,Droog,"Nacht, openbare verlichting aanwezig en ontstoken",met lichtgewonden,3,Fiets,9,personenauto,Op Kruispunt,Gemeenteweg,binnen bebouwde kom,Tss. 2 best.: langs opzij (voor-/achterkant-flank),Geen hindernis
8049,44,Maaseik teller 2,Maaseik,51.09359,5.79726,1.2864475855793975,51.0969364780298,5.779625836728992,2018,6,22,72021,Maaseik,Normaal,Droog,"Nacht, openbare verlichting aanwezig en ontstoken",met lichtgewonden,3,Fiets,9,personenauto,Op Kruispunt,Gemeenteweg,binnen bebouwde kom,Tss. 2 best.: langs opzij (voor-/achterkant-flank),Geen hindernis
8050,43,Maaseik teller 1,Maaseik,51.09344,5.79715,2.3426731068219757,51.086911290850765,5.765258300050979,2018,6,19,72021,Maaseik,Normaal,Droog,Dag,met lichtgewonden,7,Motorfiets,3,Fiets,Op Kruispunt,Gewestweg,buiten bebouwde kom,Tussen 2 bestuurders: Frontale botsing,Geen hindernis
8050,44,Maaseik teller 2,Maaseik,51.09359,5.79726,2.3551812218783823,51.086911290850765,5.765258300050979,2018,6,19,72021,Maaseik,Normaal,Droog,Dag,met lichtgewonden,7,Motorfiets,3,Fiets,Op Kruispunt,Gewestweg,buiten bebouwde kom,Tussen 2 bestuurders: Frontale botsing,Geen hindernis
8054,49,Bokrijk,Genk,50.95264,5.41001,1.4650723712202203,50.95667960475271,5.429918670451494,2018,6,4,71016,Genk,Onbekend,Onbekend,"Nacht, geen openbare verlichting aanwezig",met lichtgewonden,3,Fiets,11,een weggebruiker tegen een hindernis,Buiten Kruispunt,Gewestweg,buiten bebouwde kom,Weggebruiker tegen hindernis op de rijbaan,Op de rijbaan: Dier (wild dier)
8060,14,Genk,Genk,50.97172,5.48927,1.8310584511283667,50.96296796880856,5.46712081118656,2018,6,12,71016,Genk,Normaal,Droog,Dag,met lichtgewonden,9,personenauto,3,Fiets,Op Kruispunt,Gewestweg,buiten bebouwde kom,Tss. 2 best.: langs opzij (voor-/achterkant-flank),Geen hindernis