crash_row_id,site_id,site_name,site_gemeente,site_lat,site_long,distance_km,crash_lat,crash_long,DT_YEAR_COLLISION,DT_MONTH_COLLISION,DT_TIME,CD_NIS,TX_MUNTY_COLLISION_NL,TX_WEATHER_NL,TX_ROAD_CONDITION_NL,TX_LIGHT_CONDITION_NL,TX_CLASS_ACCIDENTS_NL,CD_ROAD_USR_TYPE1,TX_ROAD_USR_TYPE1_NL,CD_ROAD_USR_TYPE2,TX_ROAD_USR_TYPE2_NL,TX_CROSSWAY_NL,CD_ROAD_TYPE_NL,TX_BUILD_UP_AREA_NL,TX_COLLISION_TYPE_NL,TX_OBSTACLES_NL
8061,14,Genk,Genk,50.97172,5.48927,1.082944415102085,50.966213943556006,5.502026562759165,2018,6,7,71016,Genk,Normaal,Droog,Dag,met lichtgewonden,3,Fiets,4,Vrachtwagen,Op Kruispunt,Gewestweg,binnen bebouwde kom,Tss. 2 best.: langs opzij (voor-/achterkant-flank),Geen hindernis
8062,69,Leuven teller 1,Leuven,50.87549,4.71526,0.23651852201290666,50.87367016881226,4.713514913155444,2018,6,23,24062,Leuven,Onbekend,Onbekend,"Nacht, openbare verlichting aanwezig en ontstoken",met lichtgewonden,3,Fiets,8,Voetganger,Buiten Kruispunt,Gemeenteweg,binnen bebouwde kom,Met een voetganger,Geen hindernis
8062,77,Leuven teller 2,Leuven,50.88672,4.70796,1.5024981394252348,50.87367016881226,4.713514913155444,2018,6,23,24062,Leuven,Onbekend,Onbekend,"Nacht, openbare verlichting aanwezig en ontstoken",met lichtgewonden,3,Fiets,8,Voetganger,Buiten Kruispunt,Gemeenteweg,binnen bebouwde kom,Met een voetganger,Geen hindernis
8062,107,leuven totem,Leuven,50.8870744,4.7087919,1.5268706931103917,50.87367016881226,4.713514913155444,2018,6,23,24062,Leuven,Onbekend,Onbekend,"Nacht, openbare verlichting aanwezig en ontstoken",met lichtgewonden,3,Fiets,8,Voetganger,Buiten Kruispunt,Gemeenteweg,binnen bebouwde kom,Met een voetganger,Geen hindernis
8062,151,Leuven,District Leuven,50.8690262,4.6854839,2.033620607681608,50.87367016881226,4.713514913155444,2018,6,23,24062,Leuven,Onbekend,Onbekend,"Nacht, openbare verlichting aanwezig en ontstoken",met lichtgewonden,3,Fiets,8,Voetganger,Buiten Kruispunt,Gemeenteweg,binnen bebouwde kom,Met een voetganger,Geen hindernis
8063,77,Leuven teller 2,Leuven,50.88672,4.70796,1.0430980461707633,50.89186825902006,4.695528780683391,2018,6,8,24062,Leuven,Onbekend,Onbekend,Dag,met lichtgewonden,3,Fiets,9,personenauto,Op Kruispunt,Gemeenteweg,binnen bebouwde kom,Tss. 2 best.: langs opzij (voor-/achterkant-flank),Geen hindernis
8063,107,leuven totem,Leuven,50.8870744,4.7087919,1.0722178580269253,50.89186825902006,4.695528780683391,2018,6,8,24062,Leuven,Onbekend,Onbekend,Dag,met lichtgewonden,3,Fiets,9,personenauto,Op Kruispunt,Gemeenteweg,binnen bebouwde kom,Tss. 2 best.: langs opzij (voor-/achterkant-flank),Geen hindernis
8063,69,Leuven teller 1,Leuven,50.87549,4.71526,2.2875072804463863,50.89186825902006,4.695528780683391,2018,6,8,24062,Leuven,Onbekend,Onbekend,Dag,met lichtgewonden,3,Fiets,9,personenauto,Op Kruispunt,Gemeenteweg,binnen bebouwde kom,Tss. 2 best.: langs opzij (voor-/achterkant-flank),Geen hindernis
8064,151,Leuven,District Leuven,50.8690262,4.6854839,1.1988900210644675,50.87955696413893,4.689150024965273,2018,6,10,24062,Leuven,Normaal,Droog,Dag,dodelijk gewonden,4,Vrachtwagen,3,Fiets,Op Kruispunt,Gemeenteweg,binnen bebouwde kom,Tss. 2 best.: langs opzij (voor-/achterkant-flank),Geen hindernis
8064,77,Leuven teller 2,Leuven,50.88672,4.70796,1.5413305098310914,50.87955696413893,4.689150024965273,2018,6,10,24062,Leuven,Normaal,Droog,Dag,dodelijk gewonden,4,Vrachtwagen,3,Fiets,Op Kruispunt,Gemeenteweg,binnen bebouwde kom,Tss. 2 best.: langs opzij (voor-/achterkant-flank),Geen hindernis
8064,107,leuven totem,Leuven,50.8870744,4.7087919,1.611658449969223,50.87955696413893,4.689150024965273,2018,6,10,24062,Leuven,Normaal,Droog,Dag,dodelijk gewonden,4,Vrachtwagen,3,Fiets,Op Kruispunt,Gemeenteweg,binnen bebouwde kom,Tss. 2 best.: langs opzij (voor-/achterkant-flank),Geen hindernis
8064,69,Leuven teller 1,Leuven,50.87549,4.71526,1.8869152278713697,50.87955696413893,4.689150024965273,2018,6,10,24062,Leuven,Normaal,Droog,Dag,dodelijk gewonden,4,Vrachtwagen,3,Fiets,Op Kruispunt,Gemeenteweg,binnen bebouwde kom,Tss. 2 best.: langs opzij (voor-/achterkant-flank),Geen hindernis
8066,69,Leuven teller 1,Leuven,50.87549,4.71526,0.6990750421060968,50.87007392562483,4.710201023886049,2018,6,7,24062,Leuven,Normaal,Droog,Dag,met lichtgewonden,9,personenauto,3,Fiets,Op Kruispunt,Gewestweg,binnen bebouwde kom,Tss. 2 best.: langs opzij (voor-/achterkant-flank),Geen hindernis
8066,151,Leuven,District Leuven,50.8690262,4.6854839,1.7384026793659653,50.87007392562483,4.710201023886049,2018,6,7,24062,Leuven,Normaal,Droog,Dag,met lichtgewonden,9,personenauto,3,Fiets,Op Kruispunt,Gewestweg,binnen bebouwde kom,Tss. 2 best.: langs opzij (voor-/achterkant-flank),Geen hindernis
8066,77,Leuven teller 2,Leuven,50.88672,4.70796,1.8576250901295712,50.87007392562483,4.710201023886049,2018,6,7,24062,Leuven,Normaal,Droog,Dag,met lichtgewonden,9,personenauto,3,Fiets,Op Kruispunt,Gewestweg,binnen bebouwde kom,Tss. 2 best.: langs opzij (voor-/achterkant-flank),Geen hindernis
8066,107,leuven totem,Leuven,50.8870744,4.7087919,1.8929499951861912,50.87007392562483,4.710201023886049,2018,6,7,24062,Leuven,Normaal,Droog,Dag,met lichtgewonden,9,personenauto,3,Fiets,Op Kruispunt,Gewestweg,binnen bebouwde kom,Tss. 2 best.: langs opzij (voor-/achterkant-flank),Geen hindernis
8067,69,Leuven teller 1,Leuven,50.87549,4.71526,0.39209172324642333,50.87340409016114,4.7197654394879605,2018,6,7,24062,Leuven,Normaal,Droog,Dag,met lichtgewonden,3,Fiets,9,personenauto,Op Kruispunt,Gewestweg,binnen bebouwde kom,Tss. 2 best.: langs opzij (voor-/achterkant-flank),Geen hindernis
8067,77,Leuven teller 2,Leuven,50.88672,4.70796,1.696570004026052,50.87340409016114,4.7197654394879605,2018,6,7,24062,Leuven,Normaal,Droog,Dag,met lichtgewonden,3,Fiets,9,personenauto,Op Kruispunt,Gewestweg,binnen bebouwde kom,Tss. 2 best.: langs opzij (voor-/achterkant-flank),Geen hindernis
8067,107,leuven totem,Leuven,50.8870744,4.7087919,1.7039139531112575,50.87340409016114,4.7197654394879605,2018,6,7,24062,Leuven,Normaal,Droog,Dag,met lichtgewonden,3,Fiets,9,personenauto,Op Kruispunt,Gewestweg,binnen bebouwde kom,Tss. 2 best.: langs opzij (voor-/achterkant-flank),Geen hindernis
8067,151,Leuven,District Leuven,50.8690262,4.6854839,2.454340716385199,50.87340409016114,4.7197654394879605,2018,6,7,24062,Leuven,Normaal,Droog,Dag,met lichtgewonden,3,Fiets,9,personenauto,Op Kruispunt,Gewestweg,binnen bebouwde kom,Tss. 2 best.: langs opzij (voor-/achterkant-flank),Geen hindernis
8069,69,Leuven teller 1,Leuven,50.87549,4.71526,0.42428647845039363,50.87644982045099,4.7094073832029535,2018,6,9,24062,Leuven,Normaal,Droog,Dag,met lichtgewonden,9,personenauto,3,Fiets,Op Kruispunt,Gemeenteweg,binnen bebouwde kom,Tussen 2 bestuurders: Frontale botsing,Geen hindernis
8069,77,Leuven teller 2,Leuven,50.88672,4.70796,1.1464973706568833,50.87644982045099,4.7094073832029535,2018,6,9,24062,Leuven,Normaal,Droog,Dag,met lichtgewonden,9,personenauto,3,Fiets,Op Kruispunt,Gemeenteweg,binnen bebouwde kom,Tussen 2 bestuurders: Frontale botsing,Geen hindernis
8069,107,leuven totem,Leuven,50.8870744,4.7087919,1.1821881730107973,50.87644982045099,4.7094073832029535,2018,6,9,24062,Leuven,Normaal,Droog,Dag,met lichtgewonden,9,personenauto,3,Fiets,Op Kruispunt,Gemeenteweg,binnen bebouwde kom,Tussen 2 bestuurders: Frontale botsing,Geen hindernis
8069,151,Leuven,District Leuven,50.8690262,4.6854839,1.870665305559161,50.87644982045099,4.7094073832029535,2018,6,9,24062,Leuven,Normaal,Droog,Dag,met lichtgewonden,9,personenauto,3,Fiets,Op Kruispunt,Gemeenteweg,binnen bebouwde kom,Tussen 2 bestuurders: Frontale botsing,Geen hindernis
8070,69,Leuven teller 1,Leuven,50.87549,4.71526,0.4816146842514026,50.875690451300294,4.7084032958802196,2018,6,12,24062,Leuven,Regenval,"Nat, plassen",Dag,met lichtgewonden,9,personenauto,3,Fiets,Op Kruispunt,Gemeenteweg,binnen bebouwde kom,Tss. 2 best.: langs opzij (voor-/achterkant-flank),Geen hindernis
8070,77,Leuven teller 2,Leuven,50.88672,4.70796,1.2268241139790488,50.875690451300294,4.7084032958802196,2018,6,12,24062,Leuven,Regenval,"Nat, plassen",Dag,met lichtgewonden,9,personenauto,3,Fiets,Op Kruispunt,Gemeenteweg,binnen bebouwde kom,Tss. 2 best.: langs opzij (voor-/achterkant-flank),Geen hindernis
8070,107,leuven totem,Leuven,50.8870744,4.7087919,1.2661308932409607,50.875690451300294,4.7084032958802196,2018,6,12,24062,Leuven,Regenval,"Nat, plassen",Dag,met lichtgewonden,9,personenauto,3,Fiets,Op Kruispunt,Gemeenteweg,binnen bebouwde kom,Tss. 2 best.: langs opzij (voor-/achterkant-flank),Geen hindernis
8070,151,Leuven,District Leuven,50.8690262,4.6854839,1.7707558467583537,50.875690451300294,4.7084032958802196,2018,6,12,24062,Leuven,Regenval,"Nat, plassen",Dag,met lichtgewonden,9,personenauto,3,Fiets,Op Kruispunt,Gemeenteweg,binnen bebouwde kom,Tss. 2 best.: langs opzij (voor-/achterkant-flank),Geen hindernis
8071,69,Leuven teller 1,Leuven,50.87549,4.71526,2.3237901461596087,50.878756821787604,4.7479730022253905,2018,6,8,24062,Leuven,Normaal,Droog,Dag,met lichtgewonden,5,Lichte vrachtauto,3,Fiets,Buiten Kruispunt,Gemeenteweg,binnen bebouwde kom,Tss. 2 best.: langs opzij (voor-/achterkant-flank),Geen hindernis
8072,77,Leuven teller 2,Leuven,50.88672,4.70796,0.3468848392466309,50.88415760690569,4.70513953277525,2018,6,11,24062,Leuven,Normaal,Droog,Dag,met lichtgewonden,3,Fiets,3,Fiets,Op Kruispunt,Gemeenteweg,binnen bebouwde kom,Tss. 2 best.: langs opzij (voor-/achterkant-flank),Geen hindernis
8072,107,leuven totem,Leuven,50.8870744,4.7087919,0.4133234727815405,50.88415760690569,4.70513953277525,2018,6,11,24062,Leuven,Normaal,Droog,Dag,met lichtgewonden,3,Fiets,3,Fiets,Op Kruispunt,Gemeenteweg,binnen bebouwde kom,Tss. 2 best.: langs opzij (voor-/achterkant-flank),Geen hindernis
8072,69,Leuven teller 1,Leuven,50.87549,4.71526,1.1971000619018373,50.88415760690569,4.70513953277525,2018,6,11,24062,Leuven,Normaal,Droog,Dag,met lichtgewonden,3,Fiets,3,Fiets,Op Kruispunt,Gemeenteweg,binnen bebouwde kom,Tss. 2 best.: langs opzij (voor-/achterkant-flank),Geen hindernis
8072,151,Leuven,District Leuven,50.8690262,4.6854839,2.175511151625977,50.88415760690569,4.70513953277525,2018,6,11,24062,Leuven,Normaal,Droog,Dag,met lichtgewonden,3,Fiets,3,Fiets,Op Kruispunt,Gemeenteweg,binnen bebouwde kom,Tss. 2 best.: langs opzij (voor-/achterkant-flank),Geen hindernis
8074,69,Leuven teller 1,Leuven,50.87549,4.71526,0.796139669686372,50.87135600861475,4.724523855483446,2018,6,18,24062,Leuven,Normaal,Droog,Dag,met lichtgewonden,3,Fiets,9,personenauto,Op Kruispunt,Gewestweg,binnen bebouwde kom,Tss. 2 best.: langs opzij (voor-/achterkant-flank),Geen hindernis
8074,77,Leuven teller 2,Leuven,50.88672,4.70796,2.0661867810352557,50.87135600861475,4.724523855483446,2018,6,18,24062,Leuven,Normaal,Droog,Dag,met lichtgewonden,3,Fiets,9,personenauto,Op Kruispunt,Gewestweg,binnen bebouwde kom,Tss. 2 best.: langs opzij (voor-/achterkant-flank),Geen hindernis
8074,107,leuven totem,Leuven,50.8870744,4.7087919,2.0671406342515133,50.87135600861475,4.724523855483446,2018,6,18,24062,Leuven,Normaal,Droog,Dag,met lichtgewonden,3,Fiets,9,personenauto,Op Kruispunt,Gewestweg,binnen bebouwde kom,Tss. 2 best.: langs opzij (voor-/achterkant-flank),Geen hindernis
8075,69,Leuven teller 1,Leuven,50.87549,4.71526,1.3201401941861521,50.86385691354666,4.711502550012465,2018,6,7,24062,Leuven,Normaal,Droog,Dag,met lichtgewonden,3,Fiets,8,Voetganger,Buiten Kruispunt,Gemeenteweg,binnen bebouwde kom,Met een voetganger,Geen hindernis
8075,151,Leuven,District Leuven,50.8690262,4.6854839,1.9142842189666494,50.86385691354666,4.711502550012465,2018,6,7,24062,Leuven,Normaal,Droog,Dag,met lichtgewonden,3,Fiets,8,Voetganger,Buiten Kruispunt,Gemeenteweg,binnen bebouwde kom,Met een voetganger,Geen hindernis
8075,108,Heverlee teller 1,Leuven,50.8471728,4.6954674,2.1699469207409936,50.86385691354666,4.711502550012465,2018,6,7,24062,Leuven,Normaal,Droog,Dag,met lichtgewonden,3,Fiets,8,Voetganger,Buiten Kruispunt,Gemeenteweg,binnen bebouwde kom,Met een voetganger,Geen hindernis
8075,76,Heverlee teller 2,Leuven,50.84606,4.69597,2.2594127651351026,50.86385691354666,4.711502550012465,2018,6,7,24062,Leuven,Normaal,Droog,Dag,met lichtgewonden,3,Fiets,8,Voetganger,Buiten Kruispunt,Gemeenteweg,binnen bebouwde kom,Met een voetganger,Geen hindernis
8076,151,Leuven,District Leuven,50.8690262,4.6854839,0.43233527834618884,50.870164956218545,4.691374659188624,2018,6,10,24062,Leuven,Normaal,Droog,Dag,met lichtgewonden,3,Fiets,9,personenauto,Buiten Kruispunt,Gewestweg,binnen bebouwde kom,Tss. 2 best.: langs opzij (voor-/achterkant-flank),Geen hindernis
8076,69,Leuven teller 1,Leuven,50.87549,4.71526,1.7775274819459164,50.870164956218545,4.691374659188624,2018,6,10,24062,Leuven,Normaal,Droog,Dag,met lichtgewonden,3,Fiets,9,personenauto,Buiten Kruispunt,Gewestweg,binnen bebouwde kom,Tss. 2 best.: langs opzij (voor-/achterkant-flank),Geen hindernis
8076,77,Leuven teller 2,Leuven,50.88672,4.70796,2.177779894924313,50.870164956218545,4.691374659188624,2018,6,10,24062,Leuven,Normaal,Droog,Dag,met lichtgewonden,3,Fiets,9,personenauto,Buiten Kruispunt,Gewestweg,binnen bebouwde kom,Tss. 2 best.: langs opzij (voor-/achterkant-flank),Geen hindernis
8076,107,leuven totem,Leuven,50.8870744,4.7087919,2.242452540300067,50.870164956218545,4.691374659188624,2018,6,10,24062,Leuven,Normaal,Droog,Dag,met lichtgewonden,3,Fiets,9,personenauto,Buiten Kruispunt,Gewestweg,binnen bebouwde kom,Tss. 2 best.: langs opzij (voor-/achterkant-flank),Geen hindernis
8077,69,Leuven teller 1,Leuven,50.87549,4.71526,1.781164163562125,50.879690089691486,4.739758346660731,2018,6,7,24062,Leuven,Normaal,Droog,Dag,met lichtgewonden,3,Fiets,5,Lichte vrachtauto,Buiten Kruispunt,Gemeenteweg,binnen bebouwde kom,Tss. 2 best.: langs opzij (voor-/achterkant-flank),Geen hindernis
8077,107,leuven totem,Leuven,50.8870744,4.7087919,2.3223851401892257,50.879690089691486,4.739758346660731,2018,6,7,24062,Leuven,Normaal,Droog,Dag,met lichtgewonden,3,Fiets,5,Lichte vrachtauto,Buiten Kruispunt,Gemeenteweg,binnen bebouwde kom,Tss. 2 best.: langs opzij (voor-/achterkant-flank),Geen hindernis
8077,77,Leuven teller 2,Leuven,50.88672,4.70796,2.363750612227914,50.879690089691486,4.739758346660731,2018,6,7,24062,Leuven,Normaal,Droog,Dag,met lichtgewonden,3,Fiets,5,Lichte vrachtauto,Buiten Kruispunt,Gemeenteweg,binnen bebouwde kom,Tss. 2 best.: langs opzij (voor-/achterkant-flank),Geen hindernis
8078,77,Leuven teller 2,Leuven,50.88672,4.70796,0.7595550126556737,50.88085351106022,4.702413525962376,2018,6,14,24062,Leuven,Normaal,Droog,Dag,met lichtgewonden,9,personenauto,3,Fiets,Buiten Kruispunt,Gemeenteweg,binnen bebouwde kom,Tussen 2 bestuurders: Langs achteren,Geen hindernis
8078,107,leuven totem,Leuven,50.8870744,4.7087919,0.8238381760748096,50.88085351106022,4.702413525962376,2018,6,14,24062,Leuven,Normaal,Droog,Dag,met lichtgewonden,9,personenauto,3,Fiets,Buiten Kruispunt,Gemeenteweg,binnen bebouwde kom,Tussen 2 bestuurders: Langs achteren,Geen hindernis
8078,69,Leuven teller 1,Leuven,50.87549,4.71526,1.080769852124274,50.88085351106022,4.702413525962376,2018,6,14,24062,Leuven,Normaal,Droog,Dag,met lichtgewonden,9,personenauto,3,Fiets,Buiten Kruispunt,Gemeenteweg,binnen bebouwde kom,Tussen 2 bestuurders: Langs achteren,Geen hindernis
8078,151,Leuven,District Leuven,50.8690262,4.6854839,1.7721854740766412,50.88085351106022,4.702413525962376,2018,6,14,24062,Leuven,Normaal,Droog,Dag,met lichtgewonden,9,personenauto,3,Fiets,Buiten Kruispunt,Gemeenteweg,binnen bebouwde kom,Tussen 2 bestuurders: Langs achteren,Geen hindernis
8085,22,Tienen 2,Tienen,50.81330800184882,4.935984252796022,1.2728106747158237,50.806192629211665,4.950174003765073,2018,6,18,24107,Tienen,Normaal,Droog,Dag,met lichtgewonden,9,personenauto,3,Fiets,Buiten Kruispunt,Gemeenteweg,binnen bebouwde kom,Tss. 2 best.: langs opzij (voor-/achterkant-flank),Geen hindernis
8085,24,Tienen 1,Tienen,50.8133795491886,4.935044252605416,1.3299484762494107,50.806192629211665,4.950174003765073,2018,6,18,24107,Tienen,Normaal,Droog,Dag,met lichtgewonden,9,personenauto,3,Fiets,Buiten Kruispunt,Gemeenteweg,binnen bebouwde kom,Tss. 2 best.: langs opzij (voor-/achterkant-flank),Geen hindernis
8085,23,Tienen 3,Tienen,50.81324,4.93447,1.3533744860924477,50.806192629211665,4.950174003765073,2018,6,18,24107,Tienen,Normaal,Droog,Dag,met lichtgewonden,9,personenauto,3,Fiets,Buiten Kruispunt,Gemeenteweg,binnen bebouwde kom,Tss. 2 best.: langs opzij (voor-/achterkant-flank),Geen hindernis
8086,150,Bertem,District Leuven,50.8687535,4.56136297,2.2881351662123586,50.87808804125166,4.59042423623784,2018,5,6,24055,Kortenberg,Normaal,Droog,Dag,met zwaargewonden,9,personenauto,3,Fiets,Op Kruispunt,Gemeenteweg,binnen bebouwde kom,Tss. 2 best.: langs opzij (voor-/achterkant-flank),Geen hindernis
8087,87,Aarschot,Aarschot,50.99084,4.81259,2.125358813826341,50.9923440068144,4.842862488427777,2018,6,7,24001,Aarschot,Normaal,Droog,Dag,met lichtgewonden,3,Fiets,9,personenauto,Op Kruispunt,Gewestweg,binnen bebouwde kom,Tss. 2 best.: langs opzij (voor-/achterkant-flank),Geen hindernis
8088,87,Aarschot,Aarschot,50.99084,4.81259,1.3535671656702897,50.98083810216251,4.823611940365355,2018,6,5,24001,Aarschot,Onbekend,Droog,Dageraad - schemering,met lichtgewonden,5,Lichte vrachtauto,3,Fiets,Op Kruispunt,Gewestweg,binnen bebouwde kom,Tss. 2 best.: langs opzij (voor-/achterkant-flank),Geen hindernis
8089,87,Aarschot,Aarschot,50.99084,4.81259,2.018819034546205,50.980365905532175,4.836147419800542,2018,6,11,24001,Aarschot,Normaal,Droog,Dag,met lichtgewonden,9,personenauto,3,Fiets,Buiten Kruispunt,Gemeenteweg,binnen bebouwde kom,Tss. 2 best.: langs opzij (voor-/achterkant-flank),Geen hindernis
8090,87,Aarschot,Aarschot,50.99084,4.81259,1.1429978705340336,50.98845831496307,4.828475825423491,2018,6,15,24001,Aarschot,Normaal,Droog+Proper,Dag,met lichtgewonden,3,Fiets,8,Voetganger,Buiten Kruispunt,Gemeenteweg,binnen bebouwde kom,Met een voetganger,Geen hindernis
8095,101,Diest teller 1,Diest,50.97799,5.04481,0.27367815371754334,50.98014231576015,5.042913812511605,2018,6,13,24020,Diest,Normaal,Droog,Dag,met lichtgewonden,9,personenauto,3,Fiets,Op Kruispunt,Gewestweg,binnen bebouwde kom,Tss. 2 best.: langs opzij (voor-/achterkant-flank),Geen hindernis
8095,102,Diest teller 2,Diest,50.9779,5.04474,0.2802016438243587,50.98014231576015,5.042913812511605,2018,6,13,24020,Diest,Normaal,Droog,Dag,met lichtgewonden,9,personenauto,3,Fiets,Op Kruispunt,Gewestweg,binnen bebouwde kom,Tss. 2 best.: langs opzij (voor-/achterkant-flank),Geen hindernis
8097,101,Diest teller 1,Diest,50.97799,5.04481,1.9293047819034472,50.9949522380732,5.039010651599121,2018,6,8,24020,Diest,Regenval,"Nat, plassen",Dageraad - schemering,met lichtgewonden,9,personenauto,3,Fiets,Op Kruispunt,Gewestweg,binnen bebouwde kom,Tss. 2 best.: langs opzij (voor-/achterkant-flank),Geen hindernis
8097,102,Diest teller 2,Diest,50.9779,5.04474,1.9380696788436749,50.9949522380732,5.039010651599121,2018,6,8,24020,Diest,Regenval,"Nat, plassen",Dageraad - schemering,met lichtgewonden,9,personenauto,3,Fiets,Op Kruispunt,Gewestweg,binnen bebouwde kom,Tss. 2 best.: langs opzij (voor-/achterkant-flank),Geen hindernis
8104,26,Zaventem,Zaventem,50.86995,4.45444,2.30877488518954,50.862253549336025,4.484994776931534,2018,6,8,23094,Zaventem,Normaal,Droog,Dag,met zwaargewonden,3,Fiets,11,een weggebruiker tegen een hindernis,Op Kruispunt,Gemeenteweg,buiten bebouwde kom,Weggebruiker tegen hindernis op de rijbaan,"Op de rijbaan: Put, straatgoot, tramspoor"
8106,147,Overijse,District Vilvoorde-gewestwegen,50.7797555,4.4975769,1.5390894139450113,50.76917447432886,4.5116876781918664,2018,6,10,23062,Overijse,Normaal,Droog,Dag,met lichtgewonden,3,Fiets,8,Voetganger,Buiten Kruispunt,Gemeenteweg,buiten bebouwde kom,Met een voetganger,Geen hindernis
8107,147,Overijse,District Vilvoorde-gewestwegen,50.7797555,4.4975769,1.1968144308487416,50.78078919672925,4.514520635650945,2018,6,17,23062,Overijse,Normaal,Droog,Dag,met lichtgewonden,9,personenauto,3,Fiets,Buiten Kruispunt,Gewestweg,buiten bebouwde kom,Tss. 2 best.: langs opzij (voor-/achterkant-flank),Geen hindernis
8107,145,Overijse,District Vilvoorde-gewestwegen,50.7885856,4.4908759,1.8747423834187185,50.78078919672925,4.514520635650945,2018,6,17,23062,Overijse,Normaal,Droog,Dag,met lichtgewonden,9,personenauto,3,Fiets,Buiten Kruispunt,Gewestweg,buiten bebouwde kom,Tss. 2 best.: langs opzij (voor-/achterkant-flank),Geen hindernis
8107,146,Overijse 2,District Vilvoorde-gewestwegen,50.7881478,4.4902818,1.8903035083646256,50.78078919672925,4.514520635650945,2018,6,17,23062,Overijse,Normaal,Droog,Dag,met lichtgewonden,9,personenauto,3,Fiets,Buiten Kruispunt,Gewestweg,buiten bebouwde kom,Tss. 2 best.: langs opzij (voor-/achterkant-flank),Geen hindernis
8108,147,Overijse,District Vilvoorde-gewestwegen,50.7797555,4.4975769,0.833343612677581,50.782912367305904,4.508327040653649,2018,6,12,23062,Overijse,Normaal,Droog,Dag,met lichtgewonden,9,personenauto,3,Fiets,Buiten Kruispunt,Gewestweg,buiten bebouwde kom,Tss. 2 best.: langs opzij (voor-/achterkant-flank),Geen hindernis
8108,145,Overijse,District Vilvoorde-gewestwegen,50.7885856,4.4908759,1.3795009508850342,50.782912367305904,4.508327040653649,2018,6,12,23062,Overijse,Normaal,Droog,Dag,met lichtgewonden,9,personenauto,3,Fiets,Buiten Kruispunt,Gewestweg,buiten bebouwde kom,Tss. 2 best.: langs opzij (voor-/achterkant-flank),Geen hindernis
8108,146,Overijse 2,District Vilvoorde-gewestwegen,50.7881478,4.4902818,1.3957824746518956,50.782912367305904,4.508327040653649,2018,6,12,23062,Overijse,Normaal,Droog,Dag,met lichtgewonden,9,personenauto,3,Fiets,Buiten Kruispunt,Gewestweg,buiten bebouwde kom,Tss. 2 best.: langs opzij (voor-/achterkant-flank),Geen hindernis
8109,147,Overijse,District Vilvoorde-gewestwegen,50.7797555,4.4975769,1.4682501746106584,50.76902057042194,4.509735181734589,2018,6,7,23062,Overijse,Onbekend,Onbekend,Dag,met lichtgewonden,3,Fiets,8,Voetganger,Buiten Kruispunt,Gemeenteweg,buiten bebouwde kom,Met een voetganger,Geen hindernis
8111,146,Overijse 2,District Vilvoorde-gewestwegen,50.7881478,4.4902818,1.1325794468437533,50.78106545854653,4.478703537621807,2018,6,11,23062,Overijse,Normaal,Droog,Dag,met lichtgewonden,1,Autobus,3,Fiets,Buiten Kruispunt,Gemeenteweg,binnen bebouwde kom,Tussen 2 bestuurders: Flank tegen flank,Geen hindernis
8111,145,Overijse,District Vilvoorde-gewestwegen,50.7885856,4.4908759,1.1964577983646871,50.78106545854653,4.478703537621807,2018,6,11,23062,Overijse,Normaal,Droog,Dag,met lichtgewonden,1,Autobus,3,Fiets,Buiten Kruispunt,Gemeenteweg,binnen bebouwde kom,Tussen 2 bestuurders: Flank tegen flank,Geen hindernis
8111,147,Overijse,District Vilvoorde-gewestwegen,50.7797555,4.4975769,1.3349173995200025,50.78106545854653,4.478703537621807,2018,6,11,23062,Overijse,Normaal,Droog,Dag,met lichtgewonden,1,Autobus,3,Fiets,Buiten Kruispunt,Gemeenteweg,binnen bebouwde kom,Tussen 2 bestuurders: Flank tegen flank,Geen hindernis
8114,86,Asse teller 2,Asse,50.89132,4.1709,1.9574589897983545,50.87389748270836,4.166905437188523,2018,6,8,23086,Ternat,Normaal,Droog,Dag,met lichtgewonden,3,Fiets,1,Autobus,Op Kruispunt,Gemeenteweg,binnen bebouwde kom,Tss. 2 best.: langs opzij (voor-/achterkant-flank),Geen hindernis
8115,86,Asse teller 2,Asse,50.89132,4.1709,2.154182763868092,50.8727229719617,4.162296433106426,2018,6,9,23086,Ternat,Normaal,Droog,Dag,met lichtgewonden,9,personenauto,3,Fiets,Op Kruispunt,Gewestweg,buiten bebouwde kom,Tss. 2 best.: langs opzij (voor-/achterkant-flank),Geen hindernis
8119,152,Opwijk,District Vilvoorde-gewestwegen,50.968901168564656,4.149169474840164,2.0013079246995784,50.9810441191037,4.170267723937087,2018,6,21,23060,Opwijk,Normaal,Droog,Dageraad - schemering,met lichtgewonden,3,Fiets,9,personenauto,Buiten Kruispunt,Gemeenteweg,binnen bebouwde kom,Tss. 2 best.: langs opzij (voor-/achterkant-flank),Geen hindernis
8124,47,Vilvoorde,Vilvoorde,50.91372,4.41497,2.0657783823758193,50.92981620525748,4.429685747306562,2018,6,11,23088,Vilvoorde,Normaal,Droog,Dag,met lichtgewonden,9,personenauto,3,Fiets,Buiten Kruispunt,Gemeenteweg,binnen bebouwde kom,Tss. 2 best.: langs opzij (voor-/achterkant-flank),Geen hindernis
8124,1,Machelen,Machelen,50.91618331151478,4.456121776137429,2.3940646759280195,50.92981620525748,4.429685747306562,2018,6,11,23088,Vilvoorde,Normaal,Droog,Dag,met lichtgewonden,9,personenauto,3,Fiets,Buiten Kruispunt,Gemeenteweg,binnen bebouwde kom,Tss. 2 best.: langs opzij (voor-/achterkant-flank),Geen hindernis