crash_row_id,site_id,site_name,site_gemeente,site_lat,site_long,distance_km,crash_lat,crash_long,DT_YEAR_COLLISION,DT_MONTH_COLLISION,DT_TIME,CD_NIS,TX_MUNTY_COLLISION_NL,TX_WEATHER_NL,TX_ROAD_CONDITION_NL,TX_LIGHT_CONDITION_NL,TX_CLASS_ACCIDENTS_NL,CD_ROAD_USR_TYPE1,TX_ROAD_USR_TYPE1_NL,CD_ROAD_USR_TYPE2,TX_ROAD_USR_TYPE2_NL,TX_CROSSWAY_NL,CD_ROAD_TYPE_NL,TX_BUILD_UP_AREA_NL,TX_COLLISION_TYPE_NL,TX_OBSTACLES_NL
8126,1,Machelen,Machelen,50.91618331151478,4.456121776137429,1.3099663949206555,50.926203621300886,4.446294138629018,2018,6,16,23088,Vilvoorde,Normaal,Droog,Dag,met lichtgewonden,3,Fiets,9,personenauto,Buiten Kruispunt,Gemeenteweg,binnen bebouwde kom,Tss. 2 best.: langs opzij (voor-/achterkant-flank),Geen hindernis
8130,119,Gent teller 2,Gent,51.0281795,3.7683918,1.9633401527486263,51.04393286254831,3.7557103898503037,2018,6,20,44021,Gent,Normaal,Droog,Dag,met lichtgewonden,9,personenauto,3,Fiets,Op Kruispunt,Gemeenteweg,binnen bebouwde kom,Tss. 2 best.: langs opzij (voor-/achterkant-flank),Geen hindernis
8130,118,Gent teller 1,Gent,51.028049,3.7681359,1.9683348907401328,51.04393286254831,3.7557103898503037,2018,6,20,44021,Gent,Normaal,Droog,Dag,met lichtgewonden,9,personenauto,3,Fiets,Op Kruispunt,Gemeenteweg,binnen bebouwde kom,Tss. 2 best.: langs opzij (voor-/achterkant-flank),Geen hindernis
8132,118,Gent teller 1,Gent,51.028049,3.7681359,2.2908619286829133,51.037693863018994,3.739187096053825,2018,6,13,44021,Gent,Normaal,Droog,Dag,met zwaargewonden,3,Fiets,3,Fiets,Buiten Kruispunt,Gemeenteweg,binnen bebouwde kom,Tss. 2 best.: langs opzij (voor-/achterkant-flank),Geen hindernis
8132,119,Gent teller 2,Gent,51.0281795,3.7683918,2.2999763045215778,51.037693863018994,3.739187096053825,2018,6,13,44021,Gent,Normaal,Droog,Dag,met zwaargewonden,3,Fiets,3,Fiets,Buiten Kruispunt,Gemeenteweg,binnen bebouwde kom,Tss. 2 best.: langs opzij (voor-/achterkant-flank),Geen hindernis
8136,118,Gent teller 1,Gent,51.028049,3.7681359,2.4914276543606166,51.04275469664612,3.7412535449659026,2018,6,17,44021,Gent,"Andere (dikke rook,...)",Droog,Dag,met lichtgewonden,3,Fiets,8,Voetganger,Buiten Kruispunt,Gemeenteweg,binnen bebouwde kom,Met een voetganger,Geen hindernis
8136,119,Gent teller 2,Gent,51.0281795,3.7683918,2.4955050164045796,51.04275469664612,3.7412535449659026,2018,6,17,44021,Gent,"Andere (dikke rook,...)",Droog,Dag,met lichtgewonden,3,Fiets,8,Voetganger,Buiten Kruispunt,Gemeenteweg,binnen bebouwde kom,Met een voetganger,Geen hindernis
8137,13,Gent,Gent,51.03018,3.70146,1.7758352264676125,51.01917321604143,3.719857563071637,2018,6,19,44021,Gent,Normaal,Droog,Dag,met lichtgewonden,9,personenauto,3,Fiets,Buiten Kruispunt,Gemeenteweg,binnen bebouwde kom,Tussen 2 bestuurders: Flank tegen flank,Geen hindernis
8138,118,Gent teller 1,Gent,51.028049,3.7681359,1.7855632637487509,51.03980619434399,3.750743505634233,2018,6,12,44021,Gent,Normaal,Droog,Dag,met lichtgewonden,3,Fiets,9,personenauto,Op Kruispunt,Gemeenteweg,binnen bebouwde kom,Tussen 2 bestuurders: Flank tegen flank,Geen hindernis
8138,119,Gent teller 2,Gent,51.0281795,3.7683918,1.7872733602948703,51.03980619434399,3.750743505634233,2018,6,12,44021,Gent,Normaal,Droog,Dag,met lichtgewonden,3,Fiets,9,personenauto,Op Kruispunt,Gemeenteweg,binnen bebouwde kom,Tussen 2 bestuurders: Flank tegen flank,Geen hindernis
8141,136,Gent R4,Gent,51.0876313,3.7587918,1.6105035892537727,51.07556346723388,3.746043118233253,2018,6,10,44021,Gent,Normaal,Droog,Dag,met lichtgewonden,9,personenauto,3,Fiets,Op Kruispunt,Gemeenteweg,buiten bebouwde kom,Tussen 2 bestuurders: Langs achteren,Geen hindernis
8145,13,Gent,Gent,51.03018,3.70146,1.8434993566757312,51.02958170911412,3.727804083074301,2018,6,7,44021,Gent,Normaal,Droog,Dag,met lichtgewonden,3,Fiets,11,een weggebruiker tegen een hindernis,Buiten Kruispunt,Gemeenteweg,binnen bebouwde kom,Weggebruiker tegen hindernis op de rijbaan,"Op de rijbaan: Werken (signal., aarde, toestel,…)"
8149,13,Gent,Gent,51.03018,3.70146,1.8999368555714378,51.03527071629741,3.7273960430219426,2018,6,11,44021,Gent,Normaal,Droog,Dag,met lichtgewonden,3,Fiets,5,Lichte vrachtauto,Buiten Kruispunt,Gemeenteweg,binnen bebouwde kom,Tss. 2 best.: langs opzij (voor-/achterkant-flank),Geen hindernis
8151,13,Gent,Gent,51.03018,3.70146,1.2657130076177725,51.036529665848626,3.7164826347508857,2018,6,14,44021,Gent,Normaal,Droog,Dag,met lichtgewonden,9,personenauto,3,Fiets,Op Kruispunt,Gewestweg,binnen bebouwde kom,Tussen 2 bestuurders: Flank tegen flank,Geen hindernis
8155,119,Gent teller 2,Gent,51.0281795,3.7683918,1.4582875578667016,51.04079197132739,3.7626757528459085,2018,6,16,44021,Gent,Normaal,Droog,Dag,met lichtgewonden,3,Fiets,9,personenauto,Op Kruispunt,Gemeenteweg,binnen bebouwde kom,Tss. 2 best.: langs opzij (voor-/achterkant-flank),Geen hindernis
8155,118,Gent teller 1,Gent,51.028049,3.7681359,1.4674914272558737,51.04079197132739,3.7626757528459085,2018,6,16,44021,Gent,Normaal,Droog,Dag,met lichtgewonden,3,Fiets,9,personenauto,Op Kruispunt,Gemeenteweg,binnen bebouwde kom,Tss. 2 best.: langs opzij (voor-/achterkant-flank),Geen hindernis
8156,13,Gent,Gent,51.03018,3.70146,1.048616025436062,51.03375876624794,3.715333708095296,2018,6,8,44021,Gent,Normaal,Droog+Proper,Dag,met zwaargewonden,2,Andere weggebruiker,3,Fiets,Op Kruispunt,Gewestweg,binnen bebouwde kom,Tss. 2 best.: langs opzij (voor-/achterkant-flank),Geen hindernis
8157,13,Gent,Gent,51.03018,3.70146,1.9515390325384816,51.012731072792796,3.704459084070689,2018,6,17,44021,Gent,Onbekend,"Vuil (zand, grint, bladeren,...)",Dag,met lichtgewonden,3,Fiets,11,een weggebruiker tegen een hindernis,Buiten Kruispunt,Gewestweg,buiten bebouwde kom,Weggebruiker tegen hindernis buiten rijbaan,Andere hindernis
8158,13,Gent,Gent,51.03018,3.70146,0.9661422682004337,51.03706578517014,3.70988638077029,2018,6,8,44021,Gent,Normaal,Droog,Dag,met lichtgewonden,3,Fiets,3,Fiets,Op Kruispunt,Gewestweg,binnen bebouwde kom,Tussen 2 bestuurders: Frontale botsing,Geen hindernis
8160,118,Gent teller 1,Gent,51.028049,3.7681359,0.6470591695442462,51.03173728778614,3.760979135889737,2018,6,7,44021,Gent,Normaal,Droog,Dag,met lichtgewonden,9,personenauto,3,Fiets,Op Kruispunt,Gewestweg,binnen bebouwde kom,Tss. 2 best.: langs opzij (voor-/achterkant-flank),Geen hindernis
8160,119,Gent teller 2,Gent,51.0281795,3.7683918,0.6520937879748351,51.03173728778614,3.760979135889737,2018,6,7,44021,Gent,Normaal,Droog,Dag,met lichtgewonden,9,personenauto,3,Fiets,Op Kruispunt,Gewestweg,binnen bebouwde kom,Tss. 2 best.: langs opzij (voor-/achterkant-flank),Geen hindernis
8161,13,Gent,Gent,51.03018,3.70146,1.7723671395600236,51.02814447092913,3.7265961905115725,2018,6,15,44021,Gent,Normaal,Droog,Dag,met lichtgewonden,3,Fiets,9,personenauto,Buiten Kruispunt,Gemeenteweg,binnen bebouwde kom,Tss. 2 best.: langs opzij (voor-/achterkant-flank),Geen hindernis
8186,118,Gent teller 1,Gent,51.028049,3.7681359,1.8684963126018388,51.0112677461207,3.7667528595100968,2018,6,17,44043,Merelbeke,Normaal,Droog,Dag,met lichtgewonden,3,Fiets,10,"één bestuurder, geen hindernis",Buiten Kruispunt,Gemeenteweg,binnen bebouwde kom,"Eén bestuurder, geen hindernis (incl. val)",Geen hindernis
8186,119,Gent teller 2,Gent,51.0281795,3.7683918,1.8839923455817067,51.0112677461207,3.7667528595100968,2018,6,17,44043,Merelbeke,Normaal,Droog,Dag,met lichtgewonden,3,Fiets,10,"één bestuurder, geen hindernis",Buiten Kruispunt,Gemeenteweg,binnen bebouwde kom,"Eén bestuurder, geen hindernis (incl. val)",Geen hindernis
8191,114,Deinze teller 1,Nazareth,50.9598305,3.555502,1.576340844419751,50.95111575652318,3.5732523282432433,2018,6,21,44048,Nazareth,Normaal,Droog,Dageraad - schemering,met lichtgewonden,3,Fiets,9,personenauto,Op Kruispunt,Gewestweg,buiten bebouwde kom,Tussen 2 bestuurders: Flank tegen flank,Geen hindernis
8191,113,Deinze teller 2,Deinze,50.96018,3.55578,1.5854421657971451,50.95111575652318,3.5732523282432433,2018,6,21,44048,Nazareth,Normaal,Droog,Dageraad - schemering,met lichtgewonden,3,Fiets,9,personenauto,Op Kruispunt,Gewestweg,buiten bebouwde kom,Tussen 2 bestuurders: Flank tegen flank,Geen hindernis
8197,131,Nevele,Deinze,51.0276612,3.558569,2.3903230542048837,51.01338914387238,3.5841242561339794,2018,6,14,44083,Deinze,Normaal,"Vuil (zand, grint, bladeren,...)",Dag,met lichtgewonden,3,Fiets,9,personenauto,Op Kruispunt,Gewestweg,binnen bebouwde kom,Tss. 2 best.: langs opzij (voor-/achterkant-flank),Geen hindernis
8202,113,Deinze teller 2,Deinze,50.96018,3.55578,2.2193688461432726,50.977066767039794,3.538884317996379,2018,6,7,44083,Deinze,Normaal,Droog,Dag,met zwaargewonden,9,personenauto,3,Fiets,Op Kruispunt,Gemeenteweg,binnen bebouwde kom,Tss. 2 best.: langs opzij (voor-/achterkant-flank),Geen hindernis
8202,114,Deinze teller 1,Nazareth,50.9598305,3.555502,2.2421822232884763,50.977066767039794,3.538884317996379,2018,6,7,44083,Deinze,Normaal,Droog,Dag,met zwaargewonden,9,personenauto,3,Fiets,Op Kruispunt,Gemeenteweg,binnen bebouwde kom,Tss. 2 best.: langs opzij (voor-/achterkant-flank),Geen hindernis
8262,128,Lokeren teller 1,Lokeren,51.09644,3.97023,1.650659148135502,51.10682210888004,3.9871269339232827,2018,6,16,46014,Lokeren,Normaal,Droog,Dag,met lichtgewonden,9,personenauto,3,Fiets,Buiten Kruispunt,Gemeenteweg,binnen bebouwde kom,Tussen 2 bestuurders: Flank tegen flank,Geen hindernis
8262,129,Lokeren teller 2,Lokeren,51.09612,3.97025,1.6747577203940998,51.10682210888004,3.9871269339232827,2018,6,16,46014,Lokeren,Normaal,Droog,Dag,met lichtgewonden,9,personenauto,3,Fiets,Buiten Kruispunt,Gemeenteweg,binnen bebouwde kom,Tussen 2 bestuurders: Flank tegen flank,Geen hindernis
8265,128,Lokeren teller 1,Lokeren,51.09644,3.97023,1.955805771490951,51.10465395998797,3.9949980529333216,2018,6,11,46014,Lokeren,Regenval,"Nat, plassen",Dag,met zwaargewonden,9,personenauto,3,Fiets,Op Kruispunt,Gemeenteweg,binnen bebouwde kom,Tss. 2 best.: langs opzij (voor-/achterkant-flank),Geen hindernis
8265,129,Lokeren teller 2,Lokeren,51.09612,3.97025,1.9714545269483776,51.10465395998797,3.9949980529333216,2018,6,11,46014,Lokeren,Regenval,"Nat, plassen",Dag,met zwaargewonden,9,personenauto,3,Fiets,Op Kruispunt,Gemeenteweg,binnen bebouwde kom,Tss. 2 best.: langs opzij (voor-/achterkant-flank),Geen hindernis
8265,141,Test site A support,Lokeren,51.08342085,3.9961071208376326,2.3622841581456564,51.10465395998797,3.9949980529333216,2018,6,11,46014,Lokeren,Regenval,"Nat, plassen",Dag,met zwaargewonden,9,personenauto,3,Fiets,Op Kruispunt,Gemeenteweg,binnen bebouwde kom,Tss. 2 best.: langs opzij (voor-/achterkant-flank),Geen hindernis
8266,128,Lokeren teller 1,Lokeren,51.09644,3.97023,1.710931562615146,51.10604754837125,3.9893696172930224,2018,6,13,46014,Lokeren,Normaal,Droog,Dag,met lichtgewonden,3,Fiets,6,Bromfiets,Buiten Kruispunt,Gemeenteweg,binnen bebouwde kom,Tss. 2 best.: langs opzij (voor-/achterkant-flank),Geen hindernis
8266,129,Lokeren teller 2,Lokeren,51.09612,3.97025,1.7322992510339454,51.10604754837125,3.9893696172930224,2018,6,13,46014,Lokeren,Normaal,Droog,Dag,met lichtgewonden,3,Fiets,6,Bromfiets,Buiten Kruispunt,Gemeenteweg,binnen bebouwde kom,Tss. 2 best.: langs opzij (voor-/achterkant-flank),Geen hindernis
8267,128,Lokeren teller 1,Lokeren,51.09644,3.97023,1.674305053751104,51.10585754802252,3.988939872620485,2018,6,14,46014,Lokeren,Normaal,Droog,Dag,met lichtgewonden,3,Fiets,3,Fiets,Buiten Kruispunt,Gemeenteweg,binnen bebouwde kom,Tss. 2 best.: langs opzij (voor-/achterkant-flank),Geen hindernis
8267,129,Lokeren teller 2,Lokeren,51.09612,3.97025,1.695715494374111,51.10585754802252,3.988939872620485,2018,6,14,46014,Lokeren,Normaal,Droog,Dag,met lichtgewonden,3,Fiets,3,Fiets,Buiten Kruispunt,Gemeenteweg,binnen bebouwde kom,Tss. 2 best.: langs opzij (voor-/achterkant-flank),Geen hindernis
8268,128,Lokeren teller 1,Lokeren,51.09644,3.97023,0.6543668656129615,51.10070696603614,3.9637764300568463,2018,6,18,46014,Lokeren,Onbekend,Onbekend,Dag,met lichtgewonden,3,Fiets,3,Fiets,Buiten Kruispunt,Gemeenteweg,binnen bebouwde kom,Tss. 2 best.: langs opzij (voor-/achterkant-flank),Geen hindernis
8268,129,Lokeren teller 2,Lokeren,51.09612,3.97025,0.6815345593750247,51.10070696603614,3.9637764300568463,2018,6,18,46014,Lokeren,Onbekend,Onbekend,Dag,met lichtgewonden,3,Fiets,3,Fiets,Buiten Kruispunt,Gemeenteweg,binnen bebouwde kom,Tss. 2 best.: langs opzij (voor-/achterkant-flank),Geen hindernis
8271,126,Hamme totem,Hamme,51.1017709,4.1469307,0.9179109394659238,51.09361830788868,4.144866877439594,2018,6,11,42008,Hamme,Normaal,Droog,Dag,met lichtgewonden,3,Fiets,5,Lichte vrachtauto,Buiten Kruispunt,Gemeenteweg,binnen bebouwde kom,Tss. 2 best.: langs opzij (voor-/achterkant-flank),Geen hindernis
8272,126,Hamme totem,Hamme,51.1017709,4.1469307,0.6994306655912969,51.09846722211868,4.1384067593994205,2018,6,15,42008,Hamme,Normaal,Droog,Dag,met lichtgewonden,9,personenauto,3,Fiets,Buiten Kruispunt,Gemeenteweg,binnen bebouwde kom,Tss. 2 best.: langs opzij (voor-/achterkant-flank),Geen hindernis
8273,126,Hamme totem,Hamme,51.1017709,4.1469307,2.178728714399471,51.09168844600892,4.120178465673192,2018,6,16,42008,Hamme,Normaal,Droog,Dag,met lichtgewonden,9,personenauto,3,Fiets,Op Kruispunt,Gemeenteweg,binnen bebouwde kom,Tussen 2 bestuurders: Flank tegen flank,Geen hindernis
8275,120,Zele teller 1,Zele,51.0607671,4.0547741,1.946011649517438,51.06484889553777,4.027695172632937,2018,6,14,42028,Zele,Normaal,Droog,Dag,met lichtgewonden,3,Fiets,9,personenauto,Op Kruispunt,Gewestweg,binnen bebouwde kom,Tss. 2 best.: langs opzij (voor-/achterkant-flank),Geen hindernis
8275,121,Zele teller 2,Zele,51.0604067,4.0556696,2.0163669401561295,51.06484889553777,4.027695172632937,2018,6,14,42028,Zele,Normaal,Droog,Dag,met lichtgewonden,3,Fiets,9,personenauto,Op Kruispunt,Gewestweg,binnen bebouwde kom,Tss. 2 best.: langs opzij (voor-/achterkant-flank),Geen hindernis
8277,120,Zele teller 1,Zele,51.0607671,4.0547741,1.7996134646549755,51.07126095998104,4.035167680342468,2018,6,17,42028,Zele,Normaal,Droog,Dag,met lichtgewonden,3,Fiets,9,personenauto,Op Kruispunt,Gemeenteweg,binnen bebouwde kom,Tss. 2 best.: langs opzij (voor-/achterkant-flank),Geen hindernis
8277,121,Zele teller 2,Zele,51.0604067,4.0556696,1.8732678621756458,51.07126095998104,4.035167680342468,2018,6,17,42028,Zele,Normaal,Droog,Dag,met lichtgewonden,3,Fiets,9,personenauto,Op Kruispunt,Gemeenteweg,binnen bebouwde kom,Tss. 2 best.: langs opzij (voor-/achterkant-flank),Geen hindernis
8278,121,Zele teller 2,Zele,51.0604067,4.0556696,0.5060344737296568,51.05624521789961,4.052739125561181,2018,6,11,42028,Zele,Normaal,Droog,Dag,met lichtgewonden,3,Fiets,11,een weggebruiker tegen een hindernis,Buiten Kruispunt,Gemeenteweg,binnen bebouwde kom,Weggebruiker tegen hindernis op de rijbaan,Op de rijbaan: Dier (wild dier)
8278,120,Zele teller 1,Zele,51.0607671,4.0547741,0.5225374751160233,51.05624521789961,4.052739125561181,2018,6,11,42028,Zele,Normaal,Droog,Dag,met lichtgewonden,3,Fiets,11,een weggebruiker tegen een hindernis,Buiten Kruispunt,Gemeenteweg,binnen bebouwde kom,Weggebruiker tegen hindernis op de rijbaan,Op de rijbaan: Dier (wild dier)
8279,19,Aalst 1,Aalst,50.93433,4.01471,1.5600793045044792,50.93020744944931,3.9934311012739605,2018,6,21,41002,Aalst,Normaal,Droog,Dageraad - schemering,met zwaargewonden,3,Fiets,3,Fiets,Buiten Kruispunt,Gemeenteweg,binnen bebouwde kom,Tussen 2 bestuurders: Langs achteren,Geen hindernis
8279,11,Aalst 3,Aalst,50.93385,4.01647,1.6645879453631411,50.93020744944931,3.9934311012739605,2018,6,21,41002,Aalst,Normaal,Droog,Dageraad - schemering,met zwaargewonden,3,Fiets,3,Fiets,Buiten Kruispunt,Gemeenteweg,binnen bebouwde kom,Tussen 2 bestuurders: Langs achteren,Geen hindernis
8279,10,Aalst 2,Aalst,50.93549,4.01571,1.6681119720104556,50.93020744944931,3.9934311012739605,2018,6,21,41002,Aalst,Normaal,Droog,Dageraad - schemering,met zwaargewonden,3,Fiets,3,Fiets,Buiten Kruispunt,Gemeenteweg,binnen bebouwde kom,Tussen 2 bestuurders: Langs achteren,Geen hindernis
8296,10,Aalst 2,Aalst,50.93549,4.01571,1.725898938834873,50.9508485085789,4.019269261061187,2018,6,12,41002,Aalst,Onbekend,Droog,Dag,met lichtgewonden,3,Fiets,11,een weggebruiker tegen een hindernis,Buiten Kruispunt,Gemeenteweg,binnen bebouwde kom,Weggebruiker tegen hindernis op de rijbaan,"Op de rijbaan: Werken (signal., aarde, toestel,…)"
8296,19,Aalst 1,Aalst,50.93433,4.01471,1.8643447496828218,50.9508485085789,4.019269261061187,2018,6,12,41002,Aalst,Onbekend,Droog,Dag,met lichtgewonden,3,Fiets,11,een weggebruiker tegen een hindernis,Buiten Kruispunt,Gemeenteweg,binnen bebouwde kom,Weggebruiker tegen hindernis op de rijbaan,"Op de rijbaan: Werken (signal., aarde, toestel,…)"
8296,11,Aalst 3,Aalst,50.93385,4.01647,1.900296100269592,50.9508485085789,4.019269261061187,2018,6,12,41002,Aalst,Onbekend,Droog,Dag,met lichtgewonden,3,Fiets,11,een weggebruiker tegen een hindernis,Buiten Kruispunt,Gemeenteweg,binnen bebouwde kom,Weggebruiker tegen hindernis op de rijbaan,"Op de rijbaan: Werken (signal., aarde, toestel,…)"
8297,11,Aalst 3,Aalst,50.93385,4.01647,1.8605659974257729,50.934258305128516,4.043012535961198,2018,6,13,41002,Aalst,Normaal,Droog+Proper,Dag,met lichtgewonden,9,personenauto,3,Fiets,Op Kruispunt,Gemeenteweg,binnen bebouwde kom,Tss. 2 best.: langs opzij (voor-/achterkant-flank),Geen hindernis
8297,10,Aalst 2,Aalst,50.93549,4.01571,1.9181322742126123,50.934258305128516,4.043012535961198,2018,6,13,41002,Aalst,Normaal,Droog+Proper,Dag,met lichtgewonden,9,personenauto,3,Fiets,Op Kruispunt,Gemeenteweg,binnen bebouwde kom,Tss. 2 best.: langs opzij (voor-/achterkant-flank),Geen hindernis
8297,19,Aalst 1,Aalst,50.93433,4.01471,1.983352660021453,50.934258305128516,4.043012535961198,2018,6,13,41002,Aalst,Normaal,Droog+Proper,Dag,met lichtgewonden,9,personenauto,3,Fiets,Op Kruispunt,Gemeenteweg,binnen bebouwde kom,Tss. 2 best.: langs opzij (voor-/achterkant-flank),Geen hindernis
8299,11,Aalst 3,Aalst,50.93385,4.01647,2.060550136100682,50.93275690247562,4.045822558461401,2018,6,8,41002,Aalst,Normaal,Droog,Dag,met lichtgewonden,9,personenauto,3,Fiets,Buiten Kruispunt,Gewestweg,binnen bebouwde kom,Tss. 2 best.: langs opzij (voor-/achterkant-flank),Geen hindernis
8299,10,Aalst 2,Aalst,50.93549,4.01571,2.1319558811290173,50.93275690247562,4.045822558461401,2018,6,8,41002,Aalst,Normaal,Droog,Dag,met lichtgewonden,9,personenauto,3,Fiets,Buiten Kruispunt,Gewestweg,binnen bebouwde kom,Tss. 2 best.: langs opzij (voor-/achterkant-flank),Geen hindernis
8299,19,Aalst 1,Aalst,50.93433,4.01471,2.187293290175447,50.93275690247562,4.045822558461401,2018,6,8,41002,Aalst,Normaal,Droog,Dag,met lichtgewonden,9,personenauto,3,Fiets,Buiten Kruispunt,Gewestweg,binnen bebouwde kom,Tss. 2 best.: langs opzij (voor-/achterkant-flank),Geen hindernis
8300,10,Aalst 2,Aalst,50.93549,4.01571,1.799422550877094,50.940951303263596,4.039883630612697,2018,6,16,41002,Aalst,Normaal,Droog,Dag,met lichtgewonden,1,Autobus,3,Fiets,Buiten Kruispunt,Gemeenteweg,binnen bebouwde kom,Tussen 2 bestuurders: Flank tegen flank,Geen hindernis
8300,11,Aalst 3,Aalst,50.93385,4.01647,1.8207643687769814,50.940951303263596,4.039883630612697,2018,6,16,41002,Aalst,Normaal,Droog,Dag,met lichtgewonden,1,Autobus,3,Fiets,Buiten Kruispunt,Gemeenteweg,binnen bebouwde kom,Tussen 2 bestuurders: Flank tegen flank,Geen hindernis
8300,19,Aalst 1,Aalst,50.93433,4.01471,1.9114348343476673,50.940951303263596,4.039883630612697,2018,6,16,41002,Aalst,Normaal,Droog,Dag,met lichtgewonden,1,Autobus,3,Fiets,Buiten Kruispunt,Gemeenteweg,binnen bebouwde kom,Tussen 2 bestuurders: Flank tegen flank,Geen hindernis
8302,10,Aalst 2,Aalst,50.93549,4.01571,1.9579983296811458,50.94074496069546,4.042379922272673,2018,6,15,41002,Aalst,Normaal,Droog,Dag,met lichtgewonden,3,Fiets,9,personenauto,Buiten Kruispunt,Gemeenteweg,onbekend,Tss. 2 best.: langs opzij (voor-/achterkant-flank),Geen hindernis
8302,11,Aalst 3,Aalst,50.93385,4.01647,1.9707971198556422,50.94074496069546,4.042379922272673,2018,6,15,41002,Aalst,Normaal,Droog,Dag,met lichtgewonden,3,Fiets,9,personenauto,Buiten Kruispunt,Gemeenteweg,onbekend,Tss. 2 best.: langs opzij (voor-/achterkant-flank),Geen hindernis
8302,19,Aalst 1,Aalst,50.93433,4.01471,2.06592117422337,50.94074496069546,4.042379922272673,2018,6,15,41002,Aalst,Normaal,Droog,Dag,met lichtgewonden,3,Fiets,9,personenauto,Buiten Kruispunt,Gemeenteweg,onbekend,Tss. 2 best.: langs opzij (voor-/achterkant-flank),Geen hindernis
8303,10,Aalst 2,Aalst,50.93549,4.01571,2.3401237324310977,50.94283046452852,4.047010054863914,2018,6,8,41002,Aalst,Normaal,Droog,Dag,met lichtgewonden,9,personenauto,3,Fiets,Buiten Kruispunt,Gemeenteweg,binnen bebouwde kom,Tussen 2 bestuurders: Langs achteren,Geen hindernis
8303,11,Aalst 3,Aalst,50.93385,4.01647,2.361470146411623,50.94283046452852,4.047010054863914,2018,6,8,41002,Aalst,Normaal,Droog,Dag,met lichtgewonden,9,personenauto,3,Fiets,Buiten Kruispunt,Gemeenteweg,binnen bebouwde kom,Tussen 2 bestuurders: Langs achteren,Geen hindernis
8303,19,Aalst 1,Aalst,50.93433,4.01471,2.452704995428668,50.94283046452852,4.047010054863914,2018,6,8,41002,Aalst,Normaal,Droog,Dag,met lichtgewonden,9,personenauto,3,Fiets,Buiten Kruispunt,Gemeenteweg,binnen bebouwde kom,Tussen 2 bestuurders: Langs achteren,Geen hindernis
8305,19,Aalst 1,Aalst,50.93433,4.01471,2.364093388404102,50.93852556978899,3.981635888741086,2018,6,20,41082,Erpe-Mere,Normaal,Droog,Dageraad - schemering,met lichtgewonden,9,personenauto,3,Fiets,Op Kruispunt,Gewestweg,binnen bebouwde kom,Tss. 2 best.: langs opzij (voor-/achterkant-flank),Geen hindernis
8305,10,Aalst 2,Aalst,50.93549,4.01571,2.411388721269789,50.93852556978899,3.981635888741086,2018,6,20,41082,Erpe-Mere,Normaal,Droog,Dageraad - schemering,met lichtgewonden,9,personenauto,3,Fiets,Op Kruispunt,Gewestweg,binnen bebouwde kom,Tss. 2 best.: langs opzij (voor-/achterkant-flank),Geen hindernis
8305,11,Aalst 3,Aalst,50.93385,4.01647,2.495698684230205,50.93852556978899,3.981635888741086,2018,6,20,41082,Erpe-Mere,Normaal,Droog,Dageraad - schemering,met lichtgewonden,9,personenauto,3,Fiets,Op Kruispunt,Gewestweg,binnen bebouwde kom,Tss. 2 best.: langs opzij (voor-/achterkant-flank),Geen hindernis
8308,19,Aalst 1,Aalst,50.93433,4.01471,2.444373822306573,50.93571211823323,3.979896855776562,2018,6,14,41082,Erpe-Mere,Normaal,Droog,Dag,met lichtgewonden,3,Fiets,3,Fiets,Buiten Kruispunt,Gewestweg,binnen bebouwde kom,Tussen 2 bestuurders: Frontale botsing,Geen hindernis
8315,125,Dendermonde totem,Dendermonde,51.0372706,4.1025998,0.9187600333558369,51.043385749403356,4.111436983463609,2018,6,13,42006,Dendermonde,Normaal,Droog,Dag,met lichtgewonden,9,personenauto,3,Fiets,Buiten Kruispunt,Gemeenteweg,binnen bebouwde kom,Tussen 2 bestuurders: Langs achteren,Geen hindernis
8315,122,Dendermonde teller 2,Dendermonde,51.0373918,4.1019222,0.9416794375607659,51.043385749403356,4.111436983463609,2018,6,13,42006,Dendermonde,Normaal,Droog,Dag,met lichtgewonden,9,personenauto,3,Fiets,Buiten Kruispunt,Gemeenteweg,binnen bebouwde kom,Tussen 2 bestuurders: Langs achteren,Geen hindernis
8316,125,Dendermonde totem,Dendermonde,51.0372706,4.1025998,1.2819695825511925,51.02574590861136,4.102096947036624,2018,6,7,42006,Dendermonde,Onbekend,Droog,Dag,met lichtgewonden,9,personenauto,3,Fiets,Buiten Kruispunt,Gewestweg,binnen bebouwde kom,Tss. 2 best.: langs opzij (voor-/achterkant-flank),Geen hindernis
8316,122,Dendermonde teller 2,Dendermonde,51.0373918,4.1019222,1.2950216946672408,51.02574590861136,4.102096947036624,2018,6,7,42006,Dendermonde,Onbekend,Droog,Dag,met lichtgewonden,9,personenauto,3,Fiets,Buiten Kruispunt,Gewestweg,binnen bebouwde kom,Tss. 2 best.: langs opzij (voor-/achterkant-flank),Geen hindernis
8317,125,Dendermonde totem,Dendermonde,51.0372706,4.1025998,0.435025135304995,51.03356739447266,4.104606368285569,2018,6,17,42006,Dendermonde,Normaal,Droog,Dag,met lichtgewonden,3,Fiets,9,personenauto,Buiten Kruispunt,Gewestweg,binnen bebouwde kom,Tussen 2 bestuurders: Flank tegen flank,Geen hindernis
8317,122,Dendermonde teller 2,Dendermonde,51.0373918,4.1019222,0.4648309315839816,51.03356739447266,4.104606368285569,2018,6,17,42006,Dendermonde,Normaal,Droog,Dag,met lichtgewonden,3,Fiets,9,personenauto,Buiten Kruispunt,Gewestweg,binnen bebouwde kom,Tussen 2 bestuurders: Flank tegen flank,Geen hindernis
8318,125,Dendermonde totem,Dendermonde,51.0372706,4.1025998,1.6353040219320567,51.037573897895655,4.125982780850932,2018,6,7,42006,Dendermonde,Normaal,Droog,Dag,met lichtgewonden,3,Fiets,10,"één bestuurder, geen hindernis",Op Kruispunt,Gewestweg,buiten bebouwde kom,"Eén bestuurder, geen hindernis (incl. val)",Geen hindernis