crash_row_id,site_id,site_name,site_gemeente,site_lat,site_long,distance_km,crash_lat,crash_long,DT_YEAR_COLLISION,DT_MONTH_COLLISION,DT_TIME,CD_NIS,TX_MUNTY_COLLISION_NL,TX_WEATHER_NL,TX_ROAD_CONDITION_NL,TX_LIGHT_CONDITION_NL,TX_CLASS_ACCIDENTS_NL,CD_ROAD_USR_TYPE1,TX_ROAD_USR_TYPE1_NL,CD_ROAD_USR_TYPE2,TX_ROAD_USR_TYPE2_NL,TX_CROSSWAY_NL,CD_ROAD_TYPE_NL,TX_BUILD_UP_AREA_NL,TX_COLLISION_TYPE_NL,TX_OBSTACLES_NL
8318,122,Dendermonde teller 2,Dendermonde,51.0373918,4.1019222,1.6824541923832772,51.037573897895655,4.125982780850932,2018,6,7,42006,Dendermonde,Normaal,Droog,Dag,met lichtgewonden,3,Fiets,10,"één bestuurder, geen hindernis",Op Kruispunt,Gewestweg,buiten bebouwde kom,"Eén bestuurder, geen hindernis (incl. val)",Geen hindernis
8319,125,Dendermonde totem,Dendermonde,51.0372706,4.1025998,1.9709003125986098,51.020139679949374,4.109833462346865,2018,6,19,42006,Dendermonde,Normaal,Droog,Dag,met lichtgewonden,3,Fiets,10,"één bestuurder, geen hindernis",Buiten Kruispunt,Gewestweg,binnen bebouwde kom,"Eén bestuurder, geen hindernis (incl. val)",Geen hindernis
8319,122,Dendermonde teller 2,Dendermonde,51.0373918,4.1019222,1.99653750555738,51.020139679949374,4.109833462346865,2018,6,19,42006,Dendermonde,Normaal,Droog,Dag,met lichtgewonden,3,Fiets,10,"één bestuurder, geen hindernis",Buiten Kruispunt,Gewestweg,binnen bebouwde kom,"Eén bestuurder, geen hindernis (incl. val)",Geen hindernis
8320,53,Brugge teller 1,Brugge,51.23023,3.228,1.7892119202140129,51.21771078377908,3.2118593719836985,2018,6,5,31005,Brugge,Normaal,Droog,Dag,dodelijk gewonden,4,Vrachtwagen,3,Fiets,Op Kruispunt,Gemeenteweg,binnen bebouwde kom,Tss. 2 best.: langs opzij (voor-/achterkant-flank),Geen hindernis
8320,54,Brugge teller 2,Brugge,51.23015,3.22818,1.7902318949676,51.21771078377908,3.2118593719836985,2018,6,5,31005,Brugge,Normaal,Droog,Dag,dodelijk gewonden,4,Vrachtwagen,3,Fiets,Op Kruispunt,Gemeenteweg,binnen bebouwde kom,Tss. 2 best.: langs opzij (voor-/achterkant-flank),Geen hindernis
8320,52,Brugge,Brugge,51.22632,3.24095,2.240714073865123,51.21771078377908,3.2118593719836985,2018,6,5,31005,Brugge,Normaal,Droog,Dag,dodelijk gewonden,4,Vrachtwagen,3,Fiets,Op Kruispunt,Gemeenteweg,binnen bebouwde kom,Tss. 2 best.: langs opzij (voor-/achterkant-flank),Geen hindernis
8320,142,TEST Validatie BRUGGE Y2H22022134,Brugge,51.22632,3.24095,2.240714073865123,51.21771078377908,3.2118593719836985,2018,6,5,31005,Brugge,Normaal,Droog,Dag,dodelijk gewonden,4,Vrachtwagen,3,Fiets,Op Kruispunt,Gemeenteweg,binnen bebouwde kom,Tss. 2 best.: langs opzij (voor-/achterkant-flank),Geen hindernis
8326,142,TEST Validatie BRUGGE Y2H22022134,Brugge,51.22632,3.24095,2.066069671413565,51.20954654079828,3.253711247066541,2018,6,14,31005,Brugge,Normaal,Droog,Dag,met lichtgewonden,3,Fiets,3,Fiets,Op Kruispunt,Gewestweg,binnen bebouwde kom,Tussen 2 bestuurders: Langs achteren,Geen hindernis
8326,52,Brugge,Brugge,51.22632,3.24095,2.066069671413565,51.20954654079828,3.253711247066541,2018,6,14,31005,Brugge,Normaal,Droog,Dag,met lichtgewonden,3,Fiets,3,Fiets,Op Kruispunt,Gewestweg,binnen bebouwde kom,Tussen 2 bestuurders: Langs achteren,Geen hindernis
8327,20,Brugge,Brugge,51.17416,3.20048,1.3800842760963044,51.17559610472037,3.1808163575904187,2018,6,7,31005,Brugge,Normaal,Droog+Proper,Dag,met lichtgewonden,3,Fiets,3,Fiets,Buiten Kruispunt,Gewestweg,buiten bebouwde kom,Tss. 2 best.: langs opzij (voor-/achterkant-flank),Geen hindernis
8327,51,"Brugge, Sint-Andries",Brugge,51.19281,3.16252,2.3000009710765847,51.17559610472037,3.1808163575904187,2018,6,7,31005,Brugge,Normaal,Droog+Proper,Dag,met lichtgewonden,3,Fiets,3,Fiets,Buiten Kruispunt,Gewestweg,buiten bebouwde kom,Tss. 2 best.: langs opzij (voor-/achterkant-flank),Geen hindernis
8327,50,"Brugge, Sint-Andries",Brugge,51.19291,3.16252,2.309262257629324,51.17559610472037,3.1808163575904187,2018,6,7,31005,Brugge,Normaal,Droog+Proper,Dag,met lichtgewonden,3,Fiets,3,Fiets,Buiten Kruispunt,Gewestweg,buiten bebouwde kom,Tss. 2 best.: langs opzij (voor-/achterkant-flank),Geen hindernis
8332,142,TEST Validatie BRUGGE Y2H22022134,Brugge,51.22632,3.24095,1.491099073425396,51.21340372314989,3.246704802516797,2018,6,18,31005,Brugge,Normaal,Droog,Dag,met zwaargewonden,5,Lichte vrachtauto,3,Fiets,Buiten Kruispunt,Gemeenteweg,binnen bebouwde kom,Tussen 2 bestuurders: Frontale botsing,Geen hindernis
8332,52,Brugge,Brugge,51.22632,3.24095,1.491099073425396,51.21340372314989,3.246704802516797,2018,6,18,31005,Brugge,Normaal,Droog,Dag,met zwaargewonden,5,Lichte vrachtauto,3,Fiets,Buiten Kruispunt,Gemeenteweg,binnen bebouwde kom,Tussen 2 bestuurders: Frontale botsing,Geen hindernis
8332,54,Brugge teller 2,Brugge,51.23015,3.22818,2.2653476341741277,51.21340372314989,3.246704802516797,2018,6,18,31005,Brugge,Normaal,Droog,Dag,met zwaargewonden,5,Lichte vrachtauto,3,Fiets,Buiten Kruispunt,Gemeenteweg,binnen bebouwde kom,Tussen 2 bestuurders: Frontale botsing,Geen hindernis
8332,53,Brugge teller 1,Brugge,51.23023,3.228,2.2798041103727056,51.21340372314989,3.246704802516797,2018,6,18,31005,Brugge,Normaal,Droog,Dag,met zwaargewonden,5,Lichte vrachtauto,3,Fiets,Buiten Kruispunt,Gemeenteweg,binnen bebouwde kom,Tussen 2 bestuurders: Frontale botsing,Geen hindernis
8346,20,Brugge,Brugge,51.17416,3.20048,2.2896712558120544,51.15506769343298,3.1881798520432363,2018,6,7,31040,Zedelgem,Normaal,Droog,Dag,met lichtgewonden,5,Lichte vrachtauto,3,Fiets,Op Kruispunt,Gewestweg,binnen bebouwde kom,Tussen 2 bestuurders: Flank tegen flank,Geen hindernis
8352,15,Oostende 2,Oostende,51.21371,2.92743,1.5213669732399762,51.21181668346237,2.9057989385532763,2018,6,10,35013,Oostende,Normaal,Droog,Dag,met zwaargewonden,9,personenauto,3,Fiets,Buiten Kruispunt,Gewestweg,binnen bebouwde kom,Tussen 2 bestuurders: Langs achteren,Geen hindernis
8352,18,Oostende 1,Oostende,51.21378,2.92765,1.5376299419025945,51.21181668346237,2.9057989385532763,2018,6,10,35013,Oostende,Normaal,Droog,Dag,met zwaargewonden,9,personenauto,3,Fiets,Buiten Kruispunt,Gewestweg,binnen bebouwde kom,Tussen 2 bestuurders: Langs achteren,Geen hindernis
8353,15,Oostende 2,Oostende,51.21371,2.92743,2.083808142824766,51.22873240740114,2.9095419257852413,2018,6,16,35013,Oostende,Normaal,Droog,Dag,met zwaargewonden,9,personenauto,3,Fiets,Op Kruispunt,Gewestweg,binnen bebouwde kom,Tss. 2 best.: langs opzij (voor-/achterkant-flank),Geen hindernis
8353,18,Oostende 1,Oostende,51.21378,2.92765,2.0867965468286407,51.22873240740114,2.9095419257852413,2018,6,16,35013,Oostende,Normaal,Droog,Dag,met zwaargewonden,9,personenauto,3,Fiets,Op Kruispunt,Gewestweg,binnen bebouwde kom,Tss. 2 best.: langs opzij (voor-/achterkant-flank),Geen hindernis
8354,15,Oostende 2,Oostende,51.21371,2.92743,2.065472142143552,51.21440632255626,2.8977974827315327,2018,6,17,35013,Oostende,Normaal,Droog,Dag,met lichtgewonden,9,personenauto,3,Fiets,Op Kruispunt,Gewestweg,binnen bebouwde kom,Tss. 2 best.: langs opzij (voor-/achterkant-flank),Geen hindernis
8354,18,Oostende 1,Oostende,51.21378,2.92765,2.0805086337313208,51.21440632255626,2.8977974827315327,2018,6,17,35013,Oostende,Normaal,Droog,Dag,met lichtgewonden,9,personenauto,3,Fiets,Op Kruispunt,Gewestweg,binnen bebouwde kom,Tss. 2 best.: langs opzij (voor-/achterkant-flank),Geen hindernis
8355,18,Oostende 1,Oostende,51.21378,2.92765,1.8293142743540385,51.227777838187215,2.941450392147019,2018,6,20,35013,Oostende,Normaal,Droog,Dag,met zwaargewonden,3,Fiets,6,Bromfiets,Buiten Kruispunt,Gewestweg,binnen bebouwde kom,Tussen 2 bestuurders: Langs achteren,Geen hindernis
8355,15,Oostende 2,Oostende,51.21371,2.92743,1.8440090457468918,51.227777838187215,2.941450392147019,2018,6,20,35013,Oostende,Normaal,Droog,Dag,met zwaargewonden,3,Fiets,6,Bromfiets,Buiten Kruispunt,Gewestweg,binnen bebouwde kom,Tussen 2 bestuurders: Langs achteren,Geen hindernis
8362,55,Torhout teller 1,Torhout,51.07161,3.08261,1.3963798879150287,51.06718201771256,3.1013111159330453,2018,6,16,31033,Torhout,Normaal,Droog,Dag,met lichtgewonden,9,personenauto,3,Fiets,Op Kruispunt,Gewestweg,binnen bebouwde kom,Tss. 2 best.: langs opzij (voor-/achterkant-flank),Geen hindernis
8362,56,Torhout teller 2,Torhout,51.07147,3.08244,1.4021335389226595,51.06718201771256,3.1013111159330453,2018,6,16,31033,Torhout,Normaal,Droog,Dag,met lichtgewonden,9,personenauto,3,Fiets,Op Kruispunt,Gewestweg,binnen bebouwde kom,Tss. 2 best.: langs opzij (voor-/achterkant-flank),Geen hindernis
8367,55,Torhout teller 1,Torhout,51.07161,3.08261,1.5016363534177786,51.06893386016017,3.103675284562792,2018,6,15,31033,Torhout,Onbekend,Droog,Dag,met zwaargewonden,3,Fiets,9,personenauto,Op Kruispunt,Gewestweg,binnen bebouwde kom,Tss. 2 best.: langs opzij (voor-/achterkant-flank),Geen hindernis
8367,56,Torhout teller 2,Torhout,51.07147,3.08244,1.5102988916093851,51.06893386016017,3.103675284562792,2018,6,15,31033,Torhout,Onbekend,Droog,Dag,met zwaargewonden,3,Fiets,9,personenauto,Op Kruispunt,Gewestweg,binnen bebouwde kom,Tss. 2 best.: langs opzij (voor-/achterkant-flank),Geen hindernis
8369,84,Roeselare totem,Izegem,50.91717,3.18772,1.8860070475421,50.911751358174655,3.21321237199694,2018,6,14,36008,Izegem,Normaal,Droog,Dag,met lichtgewonden,3,Fiets,8,Voetganger,Buiten Kruispunt,Gemeenteweg,binnen bebouwde kom,Met een voetganger,Geen hindernis
8387,143,Eco Display Classic Budastraat,Kortrijk,50.83066,3.26286,0.22119712855988216,50.82895683707845,3.264487284527242,2018,6,15,34022,Kortrijk,Normaal,Droog,Dag,met lichtgewonden,3,Fiets,8,Voetganger,Buiten Kruispunt,Gemeenteweg,binnen bebouwde kom,Met een voetganger,Geen hindernis
8387,16,Kortrijk 1,Kortrijk,50.83332,3.27777,1.0514854602582495,50.82895683707845,3.264487284527242,2018,6,15,34022,Kortrijk,Normaal,Droog,Dag,met lichtgewonden,3,Fiets,8,Voetganger,Buiten Kruispunt,Gemeenteweg,binnen bebouwde kom,Met een voetganger,Geen hindernis
8387,17,Kortrijk 2,Kortrijk,50.83339,3.27773,1.052615868433834,50.82895683707845,3.264487284527242,2018,6,15,34022,Kortrijk,Normaal,Droog,Dag,met lichtgewonden,3,Fiets,8,Voetganger,Buiten Kruispunt,Gemeenteweg,binnen bebouwde kom,Met een voetganger,Geen hindernis
8387,75,Kortrijk teller 2,Kortrijk,50.81925,3.25731,1.1912867360381587,50.82895683707845,3.264487284527242,2018,6,15,34022,Kortrijk,Normaal,Droog,Dag,met lichtgewonden,3,Fiets,8,Voetganger,Buiten Kruispunt,Gemeenteweg,binnen bebouwde kom,Met een voetganger,Geen hindernis
8387,74,Kortrijk teller 1,Kortrijk,50.81909,3.25728,1.2083114483619535,50.82895683707845,3.264487284527242,2018,6,15,34022,Kortrijk,Normaal,Droog,Dag,met lichtgewonden,3,Fiets,8,Voetganger,Buiten Kruispunt,Gemeenteweg,binnen bebouwde kom,Met een voetganger,Geen hindernis
8388,17,Kortrijk 2,Kortrijk,50.83339,3.27773,2.277252169011248,50.85207035067052,3.2910239743849874,2018,6,12,34023,Kuurne,Onbekend,Onbekend,Dag,met lichtgewonden,3,Fiets,9,personenauto,Buiten Kruispunt,Gemeenteweg,binnen bebouwde kom,Tss. 2 best.: langs opzij (voor-/achterkant-flank),Geen hindernis
8388,16,Kortrijk 1,Kortrijk,50.83332,3.27777,2.283208223946497,50.85207035067052,3.2910239743849874,2018,6,12,34023,Kuurne,Onbekend,Onbekend,Dag,met lichtgewonden,3,Fiets,9,personenauto,Buiten Kruispunt,Gemeenteweg,binnen bebouwde kom,Tss. 2 best.: langs opzij (voor-/achterkant-flank),Geen hindernis
8389,143,Eco Display Classic Budastraat,Kortrijk,50.83066,3.26286,0.33475366022871283,50.8276803542689,3.263540761799825,2018,6,9,34022,Kortrijk,Normaal,Droog,Dag,met lichtgewonden,9,personenauto,3,Fiets,Buiten Kruispunt,Gewestweg,binnen bebouwde kom,Tussen 2 bestuurders: Flank tegen flank,Geen hindernis
8389,75,Kortrijk teller 2,Kortrijk,50.81925,3.25731,1.0345511246095764,50.8276803542689,3.263540761799825,2018,6,9,34022,Kortrijk,Normaal,Droog,Dag,met lichtgewonden,9,personenauto,3,Fiets,Buiten Kruispunt,Gewestweg,binnen bebouwde kom,Tussen 2 bestuurders: Flank tegen flank,Geen hindernis
8389,74,Kortrijk teller 1,Kortrijk,50.81909,3.25728,1.0515786326196608,50.8276803542689,3.263540761799825,2018,6,9,34022,Kortrijk,Normaal,Droog,Dag,met lichtgewonden,9,personenauto,3,Fiets,Buiten Kruispunt,Gewestweg,binnen bebouwde kom,Tussen 2 bestuurders: Flank tegen flank,Geen hindernis
8389,16,Kortrijk 1,Kortrijk,50.83332,3.27777,1.179816418668283,50.8276803542689,3.263540761799825,2018,6,9,34022,Kortrijk,Normaal,Droog,Dag,met lichtgewonden,9,personenauto,3,Fiets,Buiten Kruispunt,Gewestweg,binnen bebouwde kom,Tussen 2 bestuurders: Flank tegen flank,Geen hindernis
8389,17,Kortrijk 2,Kortrijk,50.83339,3.27773,1.1816010450992709,50.8276803542689,3.263540761799825,2018,6,9,34022,Kortrijk,Normaal,Droog,Dag,met lichtgewonden,9,personenauto,3,Fiets,Buiten Kruispunt,Gewestweg,binnen bebouwde kom,Tussen 2 bestuurders: Flank tegen flank,Geen hindernis
8391,143,Eco Display Classic Budastraat,Kortrijk,50.83066,3.26286,0.6057842521260731,50.83217675553402,3.254575458546375,2018,6,16,34022,Kortrijk,"Sterke wind, rukwind",Droog,Dag,met lichtgewonden,3,Fiets,11,een weggebruiker tegen een hindernis,Op Kruispunt,Gewestweg,binnen bebouwde kom,Weggebruiker tegen hindernis op de rijbaan,Op de rijbaan: Lading
8391,75,Kortrijk teller 2,Kortrijk,50.81925,3.25731,1.4501659264276057,50.83217675553402,3.254575458546375,2018,6,16,34022,Kortrijk,"Sterke wind, rukwind",Droog,Dag,met lichtgewonden,3,Fiets,11,een weggebruiker tegen een hindernis,Op Kruispunt,Gewestweg,binnen bebouwde kom,Weggebruiker tegen hindernis op de rijbaan,Op de rijbaan: Lading
8391,74,Kortrijk teller 1,Kortrijk,50.81909,3.25728,1.4675280479050055,50.83217675553402,3.254575458546375,2018,6,16,34022,Kortrijk,"Sterke wind, rukwind",Droog,Dag,met lichtgewonden,3,Fiets,11,een weggebruiker tegen een hindernis,Op Kruispunt,Gewestweg,binnen bebouwde kom,Weggebruiker tegen hindernis op de rijbaan,Op de rijbaan: Lading
8391,17,Kortrijk 2,Kortrijk,50.83339,3.27773,1.6317099056983515,50.83217675553402,3.254575458546375,2018,6,16,34022,Kortrijk,"Sterke wind, rukwind",Droog,Dag,met lichtgewonden,3,Fiets,11,een weggebruiker tegen een hindernis,Op Kruispunt,Gewestweg,binnen bebouwde kom,Weggebruiker tegen hindernis op de rijbaan,Op de rijbaan: Lading
8391,16,Kortrijk 1,Kortrijk,50.83332,3.27777,1.6338866671790873,50.83217675553402,3.254575458546375,2018,6,16,34022,Kortrijk,"Sterke wind, rukwind",Droog,Dag,met lichtgewonden,3,Fiets,11,een weggebruiker tegen een hindernis,Op Kruispunt,Gewestweg,binnen bebouwde kom,Weggebruiker tegen hindernis op de rijbaan,Op de rijbaan: Lading
8392,16,Kortrijk 1,Kortrijk,50.83332,3.27777,1.1191440976808087,50.823653143084464,3.2822057479271742,2018,6,8,34022,Kortrijk,Normaal,Droog,Dag,met lichtgewonden,9,personenauto,3,Fiets,Op Kruispunt,Gemeenteweg,binnen bebouwde kom,Tss. 2 best.: langs opzij (voor-/achterkant-flank),Geen hindernis
8392,17,Kortrijk 2,Kortrijk,50.83339,3.27773,1.1274022100702,50.823653143084464,3.2822057479271742,2018,6,8,34022,Kortrijk,Normaal,Droog,Dag,met lichtgewonden,9,personenauto,3,Fiets,Op Kruispunt,Gemeenteweg,binnen bebouwde kom,Tss. 2 best.: langs opzij (voor-/achterkant-flank),Geen hindernis
8392,143,Eco Display Classic Budastraat,Kortrijk,50.83066,3.26286,1.5663247854129776,50.823653143084464,3.2822057479271742,2018,6,8,34022,Kortrijk,Normaal,Droog,Dag,met lichtgewonden,9,personenauto,3,Fiets,Op Kruispunt,Gemeenteweg,binnen bebouwde kom,Tss. 2 best.: langs opzij (voor-/achterkant-flank),Geen hindernis
8392,75,Kortrijk teller 2,Kortrijk,50.81925,3.25731,1.8160743679366642,50.823653143084464,3.2822057479271742,2018,6,8,34022,Kortrijk,Normaal,Droog,Dag,met lichtgewonden,9,personenauto,3,Fiets,Op Kruispunt,Gemeenteweg,binnen bebouwde kom,Tss. 2 best.: langs opzij (voor-/achterkant-flank),Geen hindernis
8392,74,Kortrijk teller 1,Kortrijk,50.81909,3.25728,1.8229783027218813,50.823653143084464,3.2822057479271742,2018,6,8,34022,Kortrijk,Normaal,Droog,Dag,met lichtgewonden,9,personenauto,3,Fiets,Op Kruispunt,Gemeenteweg,binnen bebouwde kom,Tss. 2 best.: langs opzij (voor-/achterkant-flank),Geen hindernis
8393,74,Kortrijk teller 1,Kortrijk,50.81909,3.25728,2.0481462051766983,50.80422116177556,3.274485469497766,2018,6,10,34022,Kortrijk,Normaal,Droog,Dag,met lichtgewonden,5,Lichte vrachtauto,3,Fiets,Op Kruispunt,Gewestweg,buiten bebouwde kom,Tss. 2 best.: langs opzij (voor-/achterkant-flank),Geen hindernis
8393,75,Kortrijk teller 2,Kortrijk,50.81925,3.25731,2.06129872022336,50.80422116177556,3.274485469497766,2018,6,10,34022,Kortrijk,Normaal,Droog,Dag,met lichtgewonden,5,Lichte vrachtauto,3,Fiets,Op Kruispunt,Gewestweg,buiten bebouwde kom,Tss. 2 best.: langs opzij (voor-/achterkant-flank),Geen hindernis
8394,16,Kortrijk 1,Kortrijk,50.83332,3.27777,1.0882528480059193,50.823825085936456,3.274013545851869,2018,6,9,34022,Kortrijk,Normaal,Droog,Dag,met lichtgewonden,9,personenauto,3,Fiets,Buiten Kruispunt,Gewestweg,binnen bebouwde kom,Tss. 2 best.: langs opzij (voor-/achterkant-flank),Geen hindernis
8394,143,Eco Display Classic Budastraat,Kortrijk,50.83066,3.26286,1.0914771918430402,50.823825085936456,3.274013545851869,2018,6,9,34022,Kortrijk,Normaal,Droog,Dag,met lichtgewonden,9,personenauto,3,Fiets,Buiten Kruispunt,Gewestweg,binnen bebouwde kom,Tss. 2 best.: langs opzij (voor-/achterkant-flank),Geen hindernis
8394,17,Kortrijk 2,Kortrijk,50.83339,3.27773,1.0951328295125746,50.823825085936456,3.274013545851869,2018,6,9,34022,Kortrijk,Normaal,Droog,Dag,met lichtgewonden,9,personenauto,3,Fiets,Buiten Kruispunt,Gewestweg,binnen bebouwde kom,Tss. 2 best.: langs opzij (voor-/achterkant-flank),Geen hindernis
8394,75,Kortrijk teller 2,Kortrijk,50.81925,3.25731,1.2788948259727742,50.823825085936456,3.274013545851869,2018,6,9,34022,Kortrijk,Normaal,Droog,Dag,met lichtgewonden,9,personenauto,3,Fiets,Buiten Kruispunt,Gewestweg,binnen bebouwde kom,Tss. 2 best.: langs opzij (voor-/achterkant-flank),Geen hindernis
8394,74,Kortrijk teller 1,Kortrijk,50.81909,3.25728,1.2880003094449348,50.823825085936456,3.274013545851869,2018,6,9,34022,Kortrijk,Normaal,Droog,Dag,met lichtgewonden,9,personenauto,3,Fiets,Buiten Kruispunt,Gewestweg,binnen bebouwde kom,Tss. 2 best.: langs opzij (voor-/achterkant-flank),Geen hindernis
8396,17,Kortrijk 2,Kortrijk,50.83339,3.27773,2.254664870440384,50.85162983543552,3.2917568951195,2018,6,9,34023,Kuurne,Onbekend,Droog,Dag,met lichtgewonden,3,Fiets,9,personenauto,Op Kruispunt,Gemeenteweg,binnen bebouwde kom,Tss. 2 best.: langs opzij (voor-/achterkant-flank),Geen hindernis
8396,16,Kortrijk 1,Kortrijk,50.83332,3.27777,2.2604478598243656,50.85162983543552,3.2917568951195,2018,6,9,34023,Kuurne,Onbekend,Droog,Dag,met lichtgewonden,3,Fiets,9,personenauto,Op Kruispunt,Gemeenteweg,binnen bebouwde kom,Tss. 2 best.: langs opzij (voor-/achterkant-flank),Geen hindernis
8397,143,Eco Display Classic Budastraat,Kortrijk,50.83066,3.26286,0.8355848058243758,50.823952781919324,3.2682245371059606,2018,6,13,34022,Kortrijk,Normaal,"Nat, plassen",Dag,met lichtgewonden,3,Fiets,9,personenauto,Op Kruispunt,Gewestweg,binnen bebouwde kom,Tss. 2 best.: langs opzij (voor-/achterkant-flank),Geen hindernis
8397,75,Kortrijk teller 2,Kortrijk,50.81925,3.25731,0.9280534604743486,50.823952781919324,3.2682245371059606,2018,6,13,34022,Kortrijk,Normaal,"Nat, plassen",Dag,met lichtgewonden,3,Fiets,9,personenauto,Op Kruispunt,Gewestweg,binnen bebouwde kom,Tss. 2 best.: langs opzij (voor-/achterkant-flank),Geen hindernis
8397,74,Kortrijk teller 1,Kortrijk,50.81909,3.25728,0.9399173439489907,50.823952781919324,3.2682245371059606,2018,6,13,34022,Kortrijk,Normaal,"Nat, plassen",Dag,met lichtgewonden,3,Fiets,9,personenauto,Op Kruispunt,Gewestweg,binnen bebouwde kom,Tss. 2 best.: langs opzij (voor-/achterkant-flank),Geen hindernis
8397,16,Kortrijk 1,Kortrijk,50.83332,3.27777,1.238700533147776,50.823952781919324,3.2682245371059606,2018,6,13,34022,Kortrijk,Normaal,"Nat, plassen",Dag,met lichtgewonden,3,Fiets,9,personenauto,Op Kruispunt,Gewestweg,binnen bebouwde kom,Tss. 2 best.: langs opzij (voor-/achterkant-flank),Geen hindernis
8397,17,Kortrijk 2,Kortrijk,50.83339,3.27773,1.243742128175936,50.823952781919324,3.2682245371059606,2018,6,13,34022,Kortrijk,Normaal,"Nat, plassen",Dag,met lichtgewonden,3,Fiets,9,personenauto,Op Kruispunt,Gewestweg,binnen bebouwde kom,Tss. 2 best.: langs opzij (voor-/achterkant-flank),Geen hindernis
8398,17,Kortrijk 2,Kortrijk,50.83339,3.27773,2.3903799347053107,50.85416055460959,3.2865068117843292,2018,6,9,34023,Kuurne,Normaal,"Vuil (zand, grint, bladeren,...)",Dag,met zwaargewonden,3,Fiets,10,"één bestuurder, geen hindernis",Buiten Kruispunt,Gemeenteweg,binnen bebouwde kom,"Eén bestuurder, geen hindernis (incl. val)",Geen hindernis
8398,16,Kortrijk 1,Kortrijk,50.83332,3.27777,2.3971812061574633,50.85416055460959,3.2865068117843292,2018,6,9,34023,Kuurne,Normaal,"Vuil (zand, grint, bladeren,...)",Dag,met zwaargewonden,3,Fiets,10,"één bestuurder, geen hindernis",Buiten Kruispunt,Gemeenteweg,binnen bebouwde kom,"Eén bestuurder, geen hindernis (incl. val)",Geen hindernis
8399,143,Eco Display Classic Budastraat,Kortrijk,50.83066,3.26286,0.1497903591508526,50.83175485524602,3.2616174035265826,2018,6,14,34022,Kortrijk,Normaal,Droog,Dag,met lichtgewonden,3,Fiets,11,een weggebruiker tegen een hindernis,Buiten Kruispunt,Gemeenteweg,binnen bebouwde kom,Weggebruiker tegen hindernis op de rijbaan,"Op de rijbaan: Werken (signal., aarde, toestel,…)"
8399,17,Kortrijk 2,Kortrijk,50.83339,3.27773,1.1460929764769585,50.83175485524602,3.2616174035265826,2018,6,14,34022,Kortrijk,Normaal,Droog,Dag,met lichtgewonden,3,Fiets,11,een weggebruiker tegen een hindernis,Buiten Kruispunt,Gemeenteweg,binnen bebouwde kom,Weggebruiker tegen hindernis op de rijbaan,"Op de rijbaan: Werken (signal., aarde, toestel,…)"
8399,16,Kortrijk 1,Kortrijk,50.83332,3.27777,1.147661399888049,50.83175485524602,3.2616174035265826,2018,6,14,34022,Kortrijk,Normaal,Droog,Dag,met lichtgewonden,3,Fiets,11,een weggebruiker tegen een hindernis,Buiten Kruispunt,Gemeenteweg,binnen bebouwde kom,Weggebruiker tegen hindernis op de rijbaan,"Op de rijbaan: Werken (signal., aarde, toestel,…)"
8399,75,Kortrijk teller 2,Kortrijk,50.81925,3.25731,1.4230118594256282,50.83175485524602,3.2616174035265826,2018,6,14,34022,Kortrijk,Normaal,Droog,Dag,met lichtgewonden,3,Fiets,11,een weggebruiker tegen een hindernis,Buiten Kruispunt,Gemeenteweg,binnen bebouwde kom,Weggebruiker tegen hindernis op de rijbaan,"Op de rijbaan: Werken (signal., aarde, toestel,…)"
8399,74,Kortrijk teller 1,Kortrijk,50.81909,3.25728,1.4408454366498729,50.83175485524602,3.2616174035265826,2018,6,14,34022,Kortrijk,Normaal,Droog,Dag,met lichtgewonden,3,Fiets,11,een weggebruiker tegen een hindernis,Buiten Kruispunt,Gemeenteweg,binnen bebouwde kom,Weggebruiker tegen hindernis op de rijbaan,"Op de rijbaan: Werken (signal., aarde, toestel,…)"
8401,75,Kortrijk teller 2,Kortrijk,50.81925,3.25731,2.3838333201241766,50.8259118774259,3.2250538484223434,2018,6,16,34022,Kortrijk,Normaal,Droog,Dag,met lichtgewonden,3,Fiets,8,Voetganger,Buiten Kruispunt,Gemeenteweg,binnen bebouwde kom,Met een voetganger,Geen hindernis
8401,74,Kortrijk teller 1,Kortrijk,50.81909,3.25728,2.387427151822722,50.8259118774259,3.2250538484223434,2018,6,16,34022,Kortrijk,Normaal,Droog,Dag,met lichtgewonden,3,Fiets,8,Voetganger,Buiten Kruispunt,Gemeenteweg,binnen bebouwde kom,Met een voetganger,Geen hindernis
8402,16,Kortrijk 1,Kortrijk,50.83332,3.27777,0.6466786624217711,50.8283114754249,3.273090087272122,2018,6,19,34022,Kortrijk,Normaal,Droog,Dag,met lichtgewonden,9,personenauto,3,Fiets,Op Kruispunt,Gewestweg,binnen bebouwde kom,Tss. 2 best.: langs opzij (voor-/achterkant-flank),Geen hindernis
8402,17,Kortrijk 2,Kortrijk,50.83339,3.27773,0.6519851787811175,50.8283114754249,3.273090087272122,2018,6,19,34022,Kortrijk,Normaal,Droog,Dag,met lichtgewonden,9,personenauto,3,Fiets,Op Kruispunt,Gewestweg,binnen bebouwde kom,Tss. 2 best.: langs opzij (voor-/achterkant-flank),Geen hindernis
8402,143,Eco Display Classic Budastraat,Kortrijk,50.83066,3.26286,0.7644866311634113,50.8283114754249,3.273090087272122,2018,6,19,34022,Kortrijk,Normaal,Droog,Dag,met lichtgewonden,9,personenauto,3,Fiets,Op Kruispunt,Gewestweg,binnen bebouwde kom,Tss. 2 best.: langs opzij (voor-/achterkant-flank),Geen hindernis
8402,75,Kortrijk teller 2,Kortrijk,50.81925,3.25731,1.4979543842748149,50.8283114754249,3.273090087272122,2018,6,19,34022,Kortrijk,Normaal,Droog,Dag,met lichtgewonden,9,personenauto,3,Fiets,Op Kruispunt,Gewestweg,binnen bebouwde kom,Tss. 2 best.: langs opzij (voor-/achterkant-flank),Geen hindernis