crash_row_id,site_id,site_name,site_gemeente,site_lat,site_long,distance_km,crash_lat,crash_long,DT_YEAR_COLLISION,DT_MONTH_COLLISION,DT_TIME,CD_NIS,TX_MUNTY_COLLISION_NL,TX_WEATHER_NL,TX_ROAD_CONDITION_NL,TX_LIGHT_CONDITION_NL,TX_CLASS_ACCIDENTS_NL,CD_ROAD_USR_TYPE1,TX_ROAD_USR_TYPE1_NL,CD_ROAD_USR_TYPE2,TX_ROAD_USR_TYPE2_NL,TX_CROSSWAY_NL,CD_ROAD_TYPE_NL,TX_BUILD_UP_AREA_NL,TX_COLLISION_TYPE_NL,TX_OBSTACLES_NL
8402,74,Kortrijk teller 1,Kortrijk,50.81909,3.25728,1.5115278858686407,50.8283114754249,3.273090087272122,2018,6,19,34022,Kortrijk,Normaal,Droog,Dag,met lichtgewonden,9,personenauto,3,Fiets,Op Kruispunt,Gewestweg,binnen bebouwde kom,Tss. 2 best.: langs opzij (voor-/achterkant-flank),Geen hindernis
8403,17,Kortrijk 2,Kortrijk,50.83339,3.27773,1.1485297742768572,50.84233315813234,3.2695466154910013,2018,6,10,34022,Kortrijk,Normaal,Droog,Dag,met lichtgewonden,3,Fiets,9,personenauto,Op Kruispunt,Gemeenteweg,binnen bebouwde kom,Tss. 2 best.: langs opzij (voor-/achterkant-flank),Geen hindernis
8403,16,Kortrijk 1,Kortrijk,50.83332,3.27777,1.1566756141162267,50.84233315813234,3.2695466154910013,2018,6,10,34022,Kortrijk,Normaal,Droog,Dag,met lichtgewonden,3,Fiets,9,personenauto,Op Kruispunt,Gemeenteweg,binnen bebouwde kom,Tss. 2 best.: langs opzij (voor-/achterkant-flank),Geen hindernis
8403,143,Eco Display Classic Budastraat,Kortrijk,50.83066,3.26286,1.380318117569805,50.84233315813234,3.2695466154910013,2018,6,10,34022,Kortrijk,Normaal,Droog,Dag,met lichtgewonden,3,Fiets,9,personenauto,Op Kruispunt,Gemeenteweg,binnen bebouwde kom,Tss. 2 best.: langs opzij (voor-/achterkant-flank),Geen hindernis
8404,16,Kortrijk 1,Kortrijk,50.83332,3.27777,0.5885634636849333,50.828043770161095,3.2784381172753094,2018,6,12,34022,Kortrijk,Normaal,Droog,Dag,met lichtgewonden,3,Fiets,9,personenauto,Op Kruispunt,Gemeenteweg,binnen bebouwde kom,Tss. 2 best.: langs opzij (voor-/achterkant-flank),Geen hindernis
8404,17,Kortrijk 2,Kortrijk,50.83339,3.27773,0.5965502832940913,50.828043770161095,3.2784381172753094,2018,6,12,34022,Kortrijk,Normaal,Droog,Dag,met lichtgewonden,3,Fiets,9,personenauto,Op Kruispunt,Gemeenteweg,binnen bebouwde kom,Tss. 2 best.: langs opzij (voor-/achterkant-flank),Geen hindernis
8404,143,Eco Display Classic Budastraat,Kortrijk,50.83066,3.26286,1.1321325034734397,50.828043770161095,3.2784381172753094,2018,6,12,34022,Kortrijk,Normaal,Droog,Dag,met lichtgewonden,3,Fiets,9,personenauto,Op Kruispunt,Gemeenteweg,binnen bebouwde kom,Tss. 2 best.: langs opzij (voor-/achterkant-flank),Geen hindernis
8404,75,Kortrijk teller 2,Kortrijk,50.81925,3.25731,1.7772702187680216,50.828043770161095,3.2784381172753094,2018,6,12,34022,Kortrijk,Normaal,Droog,Dag,met lichtgewonden,3,Fiets,9,personenauto,Op Kruispunt,Gemeenteweg,binnen bebouwde kom,Tss. 2 best.: langs opzij (voor-/achterkant-flank),Geen hindernis
8404,74,Kortrijk teller 1,Kortrijk,50.81909,3.25728,1.7888728478641307,50.828043770161095,3.2784381172753094,2018,6,12,34022,Kortrijk,Normaal,Droog,Dag,met lichtgewonden,3,Fiets,9,personenauto,Op Kruispunt,Gemeenteweg,binnen bebouwde kom,Tss. 2 best.: langs opzij (voor-/achterkant-flank),Geen hindernis
8406,16,Kortrijk 1,Kortrijk,50.83332,3.27777,1.24021337682169,50.82216905891126,3.277391273891882,2018,6,7,34022,Kortrijk,Normaal,Droog,Dag,met lichtgewonden,5,Lichte vrachtauto,3,Fiets,Op Kruispunt,Gemeenteweg,binnen bebouwde kom,Tussen 2 bestuurders: Langs achteren,Geen hindernis
8406,17,Kortrijk 2,Kortrijk,50.83339,3.27773,1.2479385203717999,50.82216905891126,3.277391273891882,2018,6,7,34022,Kortrijk,Normaal,Droog,Dag,met lichtgewonden,5,Lichte vrachtauto,3,Fiets,Op Kruispunt,Gemeenteweg,binnen bebouwde kom,Tussen 2 bestuurders: Langs achteren,Geen hindernis
8406,143,Eco Display Classic Budastraat,Kortrijk,50.83066,3.26286,1.390381697314236,50.82216905891126,3.277391273891882,2018,6,7,34022,Kortrijk,Normaal,Droog,Dag,met lichtgewonden,5,Lichte vrachtauto,3,Fiets,Op Kruispunt,Gemeenteweg,binnen bebouwde kom,Tussen 2 bestuurders: Langs achteren,Geen hindernis
8406,75,Kortrijk teller 2,Kortrijk,50.81925,3.25731,1.4475163136074658,50.82216905891126,3.277391273891882,2018,6,7,34022,Kortrijk,Normaal,Droog,Dag,met lichtgewonden,5,Lichte vrachtauto,3,Fiets,Op Kruispunt,Gemeenteweg,binnen bebouwde kom,Tussen 2 bestuurders: Langs achteren,Geen hindernis
8406,74,Kortrijk teller 1,Kortrijk,50.81909,3.25728,1.4536596772953525,50.82216905891126,3.277391273891882,2018,6,7,34022,Kortrijk,Normaal,Droog,Dag,met lichtgewonden,5,Lichte vrachtauto,3,Fiets,Op Kruispunt,Gemeenteweg,binnen bebouwde kom,Tussen 2 bestuurders: Langs achteren,Geen hindernis
8407,16,Kortrijk 1,Kortrijk,50.83332,3.27777,1.1949390425328508,50.82500953084341,3.2885566529121375,2018,6,7,34022,Kortrijk,Normaal,Droog,Dag,met lichtgewonden,9,personenauto,3,Fiets,Op Kruispunt,Gemeenteweg,binnen bebouwde kom,Tss. 2 best.: langs opzij (voor-/achterkant-flank),Geen hindernis
8407,17,Kortrijk 2,Kortrijk,50.83339,3.27773,1.2027423387807081,50.82500953084341,3.2885566529121375,2018,6,7,34022,Kortrijk,Normaal,Droog,Dag,met lichtgewonden,9,personenauto,3,Fiets,Op Kruispunt,Gemeenteweg,binnen bebouwde kom,Tss. 2 best.: langs opzij (voor-/achterkant-flank),Geen hindernis
8407,143,Eco Display Classic Budastraat,Kortrijk,50.83066,3.26286,1.9110810900635626,50.82500953084341,3.2885566529121375,2018,6,7,34022,Kortrijk,Normaal,Droog,Dag,met lichtgewonden,9,personenauto,3,Fiets,Op Kruispunt,Gemeenteweg,binnen bebouwde kom,Tss. 2 best.: langs opzij (voor-/achterkant-flank),Geen hindernis
8407,75,Kortrijk teller 2,Kortrijk,50.81925,3.25731,2.2864497904416528,50.82500953084341,3.2885566529121375,2018,6,7,34022,Kortrijk,Normaal,Droog,Dag,met lichtgewonden,9,personenauto,3,Fiets,Op Kruispunt,Gemeenteweg,binnen bebouwde kom,Tss. 2 best.: langs opzij (voor-/achterkant-flank),Geen hindernis
8407,74,Kortrijk teller 1,Kortrijk,50.81909,3.25728,2.2935189493332535,50.82500953084341,3.2885566529121375,2018,6,7,34022,Kortrijk,Normaal,Droog,Dag,met lichtgewonden,9,personenauto,3,Fiets,Op Kruispunt,Gemeenteweg,binnen bebouwde kom,Tss. 2 best.: langs opzij (voor-/achterkant-flank),Geen hindernis
8408,16,Kortrijk 1,Kortrijk,50.83332,3.27777,0.7238189495032953,50.827238214194416,3.2814439676482943,2018,6,9,34022,Kortrijk,Normaal,Droog,Dag,met lichtgewonden,9,personenauto,3,Fiets,Buiten Kruispunt,Gemeenteweg,binnen bebouwde kom,Tss. 2 best.: langs opzij (voor-/achterkant-flank),Geen hindernis
8408,17,Kortrijk 2,Kortrijk,50.83339,3.27773,0.7320926411697993,50.827238214194416,3.2814439676482943,2018,6,9,34022,Kortrijk,Normaal,Droog,Dag,met lichtgewonden,9,personenauto,3,Fiets,Buiten Kruispunt,Gemeenteweg,binnen bebouwde kom,Tss. 2 best.: langs opzij (voor-/achterkant-flank),Geen hindernis
8408,143,Eco Display Classic Budastraat,Kortrijk,50.83066,3.26286,1.359569347260843,50.827238214194416,3.2814439676482943,2018,6,9,34022,Kortrijk,Normaal,Droog,Dag,met lichtgewonden,9,personenauto,3,Fiets,Buiten Kruispunt,Gemeenteweg,binnen bebouwde kom,Tss. 2 best.: langs opzij (voor-/achterkant-flank),Geen hindernis
8408,75,Kortrijk teller 2,Kortrijk,50.81925,3.25731,1.9138632165633616,50.827238214194416,3.2814439676482943,2018,6,9,34022,Kortrijk,Normaal,Droog,Dag,met lichtgewonden,9,personenauto,3,Fiets,Buiten Kruispunt,Gemeenteweg,binnen bebouwde kom,Tss. 2 best.: langs opzij (voor-/achterkant-flank),Geen hindernis
8408,74,Kortrijk teller 1,Kortrijk,50.81909,3.25728,1.9240462807423528,50.827238214194416,3.2814439676482943,2018,6,9,34022,Kortrijk,Normaal,Droog,Dag,met lichtgewonden,9,personenauto,3,Fiets,Buiten Kruispunt,Gemeenteweg,binnen bebouwde kom,Tss. 2 best.: langs opzij (voor-/achterkant-flank),Geen hindernis
8409,74,Kortrijk teller 1,Kortrijk,50.81909,3.25728,0.9671568774996478,50.816570389400326,3.2704567478331406,2018,6,17,34022,Kortrijk,Normaal,Droog,Dag,met lichtgewonden,8,Voetganger,3,Fiets,Buiten Kruispunt,Gewestweg,binnen bebouwde kom,Met een voetganger,Geen hindernis
8409,75,Kortrijk teller 2,Kortrijk,50.81925,3.25731,0.9704522892428655,50.816570389400326,3.2704567478331406,2018,6,17,34022,Kortrijk,Normaal,Droog,Dag,met lichtgewonden,8,Voetganger,3,Fiets,Buiten Kruispunt,Gewestweg,binnen bebouwde kom,Met een voetganger,Geen hindernis
8409,143,Eco Display Classic Budastraat,Kortrijk,50.83066,3.26286,1.6550757119671564,50.816570389400326,3.2704567478331406,2018,6,17,34022,Kortrijk,Normaal,Droog,Dag,met lichtgewonden,8,Voetganger,3,Fiets,Buiten Kruispunt,Gewestweg,binnen bebouwde kom,Met een voetganger,Geen hindernis
8409,16,Kortrijk 1,Kortrijk,50.83332,3.27777,1.9320139586949534,50.816570389400326,3.2704567478331406,2018,6,17,34022,Kortrijk,Normaal,Droog,Dag,met lichtgewonden,8,Voetganger,3,Fiets,Buiten Kruispunt,Gewestweg,binnen bebouwde kom,Met een voetganger,Geen hindernis
8409,17,Kortrijk 2,Kortrijk,50.83339,3.27773,1.9387761857613957,50.816570389400326,3.2704567478331406,2018,6,17,34022,Kortrijk,Normaal,Droog,Dag,met lichtgewonden,8,Voetganger,3,Fiets,Buiten Kruispunt,Gewestweg,binnen bebouwde kom,Met een voetganger,Geen hindernis
8421,16,Kortrijk 1,Kortrijk,50.83332,3.27777,1.6545834221951192,50.83092420982617,3.301022078034637,2018,6,9,34013,Harelbeke,Normaal,Droog,Dag,met lichtgewonden,9,personenauto,3,Fiets,Op Kruispunt,Gemeenteweg,binnen bebouwde kom,Tss. 2 best.: langs opzij (voor-/achterkant-flank),Geen hindernis
8421,17,Kortrijk 2,Kortrijk,50.83339,3.27773,1.6586237459223627,50.83092420982617,3.301022078034637,2018,6,9,34013,Harelbeke,Normaal,Droog,Dag,met lichtgewonden,9,personenauto,3,Fiets,Op Kruispunt,Gemeenteweg,binnen bebouwde kom,Tss. 2 best.: langs opzij (voor-/achterkant-flank),Geen hindernis
8432,66,Nieuwpoort totem,Nieuwpoort,51.1347,2.74369,0.7417694273793765,51.1286007981176,2.747995673244292,2018,6,10,38016,Nieuwpoort,Normaal,Droog,Dag,met lichtgewonden,9,personenauto,3,Fiets,Buiten Kruispunt,Gewestweg,binnen bebouwde kom,Tss. 2 best.: langs opzij (voor-/achterkant-flank),Geen hindernis
8432,65,Nieuwpoort teller 2,Nieuwpoort,51.13435,2.75511,0.8093968169779202,51.1286007981176,2.747995673244292,2018,6,10,38016,Nieuwpoort,Normaal,Droog,Dag,met lichtgewonden,9,personenauto,3,Fiets,Buiten Kruispunt,Gewestweg,binnen bebouwde kom,Tss. 2 best.: langs opzij (voor-/achterkant-flank),Geen hindernis
8432,63,Nieuwpoort teller 3,Nieuwpoort,51.13529,2.74289,0.8247243857325545,51.1286007981176,2.747995673244292,2018,6,10,38016,Nieuwpoort,Normaal,Droog,Dag,met lichtgewonden,9,personenauto,3,Fiets,Buiten Kruispunt,Gewestweg,binnen bebouwde kom,Tss. 2 best.: langs opzij (voor-/achterkant-flank),Geen hindernis
8432,64,Nieuwpoort teller 1,Nieuwpoort,51.13359,2.75737,0.8577095865189857,51.1286007981176,2.747995673244292,2018,6,10,38016,Nieuwpoort,Normaal,Droog,Dag,met lichtgewonden,9,personenauto,3,Fiets,Buiten Kruispunt,Gewestweg,binnen bebouwde kom,Tss. 2 best.: langs opzij (voor-/achterkant-flank),Geen hindernis
8442,68,Ieper,Ieper,50.85032,2.85608,1.358090087733859,50.85770134315665,2.8714938849149045,2018,6,14,33011,Ieper,Normaal,Droog,Dag,met lichtgewonden,9,personenauto,3,Fiets,Op Kruispunt,Gewestweg,binnen bebouwde kom,Tss. 2 best.: langs opzij (voor-/achterkant-flank),Geen hindernis
8442,67,Ieper totem,Ieper,50.85018,2.85624,1.358686699639198,50.85770134315665,2.8714938849149045,2018,6,14,33011,Ieper,Normaal,Droog,Dag,met lichtgewonden,9,personenauto,3,Fiets,Op Kruispunt,Gewestweg,binnen bebouwde kom,Tss. 2 best.: langs opzij (voor-/achterkant-flank),Geen hindernis
8447,48,As,As,51.00509,5.60389,1.8067912309318888,50.9932730142115,5.621611624994748,2018,6,9,73107,Maasmechelen,Normaal,Droog,Dag,met lichtgewonden,9,personenauto,3,Fiets,Op Kruispunt,Gewestweg,buiten bebouwde kom,Tss. 2 best.: langs opzij (voor-/achterkant-flank),Geen hindernis
8456,124,Beveren teller 2,Beveren,51.1964712,4.2361077,1.4667136716903357,51.20764607444324,4.247292151690784,2018,6,15,46003,Beveren,Normaal,Droog,Dag,met lichtgewonden,3,Fiets,9,personenauto,Buiten Kruispunt,Gemeenteweg,binnen bebouwde kom,Tss. 2 best.: langs opzij (voor-/achterkant-flank),Geen hindernis
8458,124,Beveren teller 2,Beveren,51.1964712,4.2361077,1.1167548680927397,51.20591163582657,4.241577022548258,2018,6,14,46003,Beveren,Normaal,Droog,Dag,met lichtgewonden,9,personenauto,3,Fiets,Op Kruispunt,Gewestweg,binnen bebouwde kom,Tss. 2 best.: langs opzij (voor-/achterkant-flank),Geen hindernis
8461,124,Beveren teller 2,Beveren,51.1964712,4.2361077,2.2667492055408305,51.21275920200752,4.255672622152568,2018,6,14,46003,Beveren,Normaal,Droog,Dag,met lichtgewonden,9,personenauto,3,Fiets,Buiten Kruispunt,Gemeenteweg,binnen bebouwde kom,Tss. 2 best.: langs opzij (voor-/achterkant-flank),Geen hindernis
8463,124,Beveren teller 2,Beveren,51.1964712,4.2361077,2.3021368553328396,51.18254901677571,4.260557125784037,2018,6,14,46003,Beveren,Normaal,Droog,Dag,met lichtgewonden,5,Lichte vrachtauto,3,Fiets,Op Kruispunt,Gemeenteweg,buiten bebouwde kom,Tss. 2 best.: langs opzij (voor-/achterkant-flank),Geen hindernis
8465,99,Mechelen teller 1,Mechelen,51.04564,4.46882,0.561712775063801,51.04065992974059,4.4701673351928095,2018,6,16,12025,Mechelen,Normaal,Droog,Dag,met lichtgewonden,9,personenauto,3,Fiets,Buiten Kruispunt,Gemeenteweg,binnen bebouwde kom,Tussen 2 bestuurders: Flank tegen flank,Geen hindernis
8465,100,Mechelen teller 2,Mechelen,51.0457,4.46883,0.5681756242406029,51.04065992974059,4.4701673351928095,2018,6,16,12025,Mechelen,Normaal,Droog,Dag,met lichtgewonden,9,personenauto,3,Fiets,Buiten Kruispunt,Gemeenteweg,binnen bebouwde kom,Tussen 2 bestuurders: Flank tegen flank,Geen hindernis
8467,99,Mechelen teller 1,Mechelen,51.04564,4.46882,2.331446344140472,51.026185694192996,4.481255842345463,2018,6,11,12025,Mechelen,Normaal,Droog,Dag,met lichtgewonden,3,Fiets,8,Voetganger,Op Kruispunt,Gemeenteweg,binnen bebouwde kom,Met een voetganger,Geen hindernis
8467,100,Mechelen teller 2,Mechelen,51.0457,4.46883,2.3373777477562556,51.026185694192996,4.481255842345463,2018,6,11,12025,Mechelen,Normaal,Droog,Dag,met lichtgewonden,3,Fiets,8,Voetganger,Op Kruispunt,Gemeenteweg,binnen bebouwde kom,Met een voetganger,Geen hindernis
8468,99,Mechelen teller 1,Mechelen,51.04564,4.46882,1.5916805573002315,51.03134365974018,4.469960855843846,2018,6,16,12025,Mechelen,Onbekend,Onbekend,Onbekend,met lichtgewonden,3,Fiets,3,Fiets,Buiten Kruispunt,Gemeenteweg,buiten bebouwde kom,Tussen 2 bestuurders: Langs achteren,Geen hindernis
8468,100,Mechelen teller 2,Mechelen,51.0457,4.46883,1.5983091602878192,51.03134365974018,4.469960855843846,2018,6,16,12025,Mechelen,Onbekend,Onbekend,Onbekend,met lichtgewonden,3,Fiets,3,Fiets,Buiten Kruispunt,Gemeenteweg,buiten bebouwde kom,Tussen 2 bestuurders: Langs achteren,Geen hindernis
8472,99,Mechelen teller 1,Mechelen,51.04564,4.46882,2.1235672837526804,51.02769793015832,4.47922435405329,2018,6,16,12025,Mechelen,Normaal,Droog,Dag,met lichtgewonden,3,Fiets,3,Fiets,Buiten Kruispunt,Gemeenteweg,binnen bebouwde kom,Tussen 2 bestuurders: Flank tegen flank,Geen hindernis
8472,100,Mechelen teller 2,Mechelen,51.0457,4.46883,2.1295975988607467,51.02769793015832,4.47922435405329,2018,6,16,12025,Mechelen,Normaal,Droog,Dag,met lichtgewonden,3,Fiets,3,Fiets,Buiten Kruispunt,Gemeenteweg,binnen bebouwde kom,Tussen 2 bestuurders: Flank tegen flank,Geen hindernis
8473,100,Mechelen teller 2,Mechelen,51.0457,4.46883,1.086850201847467,51.05219690745977,4.457213930583368,2018,6,8,12025,Mechelen,Normaal,Droog,Dag,met lichtgewonden,3,Fiets,9,personenauto,Buiten Kruispunt,Gemeenteweg,buiten bebouwde kom,Tussen 2 bestuurders: Frontale botsing,Geen hindernis
8473,99,Mechelen teller 1,Mechelen,51.04564,4.46882,1.0907765830736282,51.05219690745977,4.457213930583368,2018,6,8,12025,Mechelen,Normaal,Droog,Dag,met lichtgewonden,3,Fiets,9,personenauto,Buiten Kruispunt,Gemeenteweg,buiten bebouwde kom,Tussen 2 bestuurders: Frontale botsing,Geen hindernis
8476,140,Hasselt ring,Hasselt,50.9300038,5.3438616,0.05926458639578366,50.93048267207561,5.344232845976429,2018,6,17,71022,Hasselt,Normaal,Droog,Dag,met lichtgewonden,9,personenauto,3,Fiets,Op Kruispunt,Gewestweg,binnen bebouwde kom,Tss. 2 best.: langs opzij (voor-/achterkant-flank),Geen hindernis
8476,138,Hasselt-Kempische brug,Hasselt,50.9405318,5.3422472,1.126041946752712,50.93048267207561,5.344232845976429,2018,6,17,71022,Hasselt,Normaal,Droog,Dag,met lichtgewonden,9,personenauto,3,Fiets,Op Kruispunt,Gewestweg,binnen bebouwde kom,Tss. 2 best.: langs opzij (voor-/achterkant-flank),Geen hindernis
8476,137,Hasselt-Kempische brug,Hasselt,50.9411605,5.3417576,1.1999227065692613,50.93048267207561,5.344232845976429,2018,6,17,71022,Hasselt,Normaal,Droog,Dag,met lichtgewonden,9,personenauto,3,Fiets,Op Kruispunt,Gewestweg,binnen bebouwde kom,Tss. 2 best.: langs opzij (voor-/achterkant-flank),Geen hindernis
8477,33,Lummen,Lummen,50.97978,5.20936,2.4197166320021037,51.00121442253307,5.215327251489188,2018,6,15,71037,Lummen,Normaal,Droog,Dag,met lichtgewonden,9,personenauto,3,Fiets,Op Kruispunt,Gemeenteweg,buiten bebouwde kom,Tss. 2 best.: langs opzij (voor-/achterkant-flank),Geen hindernis
8477,32,Lummen,Lummen,50.97971,5.20961,2.4244344501106028,51.00121442253307,5.215327251489188,2018,6,15,71037,Lummen,Normaal,Droog,Dag,met lichtgewonden,9,personenauto,3,Fiets,Op Kruispunt,Gemeenteweg,buiten bebouwde kom,Tss. 2 best.: langs opzij (voor-/achterkant-flank),Geen hindernis
8478,140,Hasselt ring,Hasselt,50.9300038,5.3438616,0.6342403371947692,50.93438984321765,5.338075773703511,2018,6,13,71022,Hasselt,Onbekend,Droog,Dag,met lichtgewonden,3,Fiets,9,personenauto,Op Kruispunt,Gewestweg,binnen bebouwde kom,Tss. 2 best.: langs opzij (voor-/achterkant-flank),Geen hindernis
8478,138,Hasselt-Kempische brug,Hasselt,50.9405318,5.3422472,0.7428761505051064,50.93438984321765,5.338075773703511,2018,6,13,71022,Hasselt,Onbekend,Droog,Dag,met lichtgewonden,3,Fiets,9,personenauto,Op Kruispunt,Gewestweg,binnen bebouwde kom,Tss. 2 best.: langs opzij (voor-/achterkant-flank),Geen hindernis
8478,137,Hasselt-Kempische brug,Hasselt,50.9411605,5.3417576,0.7958396537122601,50.93438984321765,5.338075773703511,2018,6,13,71022,Hasselt,Onbekend,Droog,Dag,met lichtgewonden,3,Fiets,9,personenauto,Op Kruispunt,Gewestweg,binnen bebouwde kom,Tss. 2 best.: langs opzij (voor-/achterkant-flank),Geen hindernis
8479,140,Hasselt ring,Hasselt,50.9300038,5.3438616,1.818855531293177,50.91581803134268,5.330941867931616,2018,6,16,71022,Hasselt,Normaal,Droog,Dag,met lichtgewonden,9,personenauto,3,Fiets,Buiten Kruispunt,Gewestweg,buiten bebouwde kom,Tss. 2 best.: langs opzij (voor-/achterkant-flank),Geen hindernis
8480,140,Hasselt ring,Hasselt,50.9300038,5.3438616,1.2617414394358226,50.92732964921962,5.361357595717496,2018,6,12,71022,Hasselt,Normaal,Droog,Dag,met lichtgewonden,9,personenauto,3,Fiets,Buiten Kruispunt,Gewestweg,binnen bebouwde kom,Tss. 2 best.: langs opzij (voor-/achterkant-flank),Geen hindernis
8480,138,Hasselt-Kempische brug,Hasselt,50.9405318,5.3422472,1.987084747593538,50.92732964921962,5.361357595717496,2018,6,12,71022,Hasselt,Normaal,Droog,Dag,met lichtgewonden,9,personenauto,3,Fiets,Buiten Kruispunt,Gewestweg,binnen bebouwde kom,Tss. 2 best.: langs opzij (voor-/achterkant-flank),Geen hindernis
8480,137,Hasselt-Kempische brug,Hasselt,50.9411605,5.3417576,2.0619630295682163,50.92732964921962,5.361357595717496,2018,6,12,71022,Hasselt,Normaal,Droog,Dag,met lichtgewonden,9,personenauto,3,Fiets,Buiten Kruispunt,Gewestweg,binnen bebouwde kom,Tss. 2 best.: langs opzij (voor-/achterkant-flank),Geen hindernis
8482,140,Hasselt ring,Hasselt,50.9300038,5.3438616,0.7657437852072699,50.92361282406401,5.347931032150722,2018,6,16,71022,Hasselt,Normaal,Droog,Dag,met zwaargewonden,9,personenauto,3,Fiets,Op Kruispunt,Gemeenteweg,binnen bebouwde kom,Tss. 2 best.: langs opzij (voor-/achterkant-flank),Geen hindernis
8482,138,Hasselt-Kempische brug,Hasselt,50.9405318,5.3422472,1.9230094501953083,50.92361282406401,5.347931032150722,2018,6,16,71022,Hasselt,Normaal,Droog,Dag,met zwaargewonden,9,personenauto,3,Fiets,Op Kruispunt,Gemeenteweg,binnen bebouwde kom,Tss. 2 best.: langs opzij (voor-/achterkant-flank),Geen hindernis
8482,137,Hasselt-Kempische brug,Hasselt,50.9411605,5.3417576,1.9985990520977792,50.92361282406401,5.347931032150722,2018,6,16,71022,Hasselt,Normaal,Droog,Dag,met zwaargewonden,9,personenauto,3,Fiets,Op Kruispunt,Gemeenteweg,binnen bebouwde kom,Tss. 2 best.: langs opzij (voor-/achterkant-flank),Geen hindernis
8484,140,Hasselt ring,Hasselt,50.9300038,5.3438616,0.22936893795910687,50.9279416070358,5.343784569297438,2018,6,17,71022,Hasselt,Normaal,Droog,Dag,met lichtgewonden,9,personenauto,3,Fiets,Buiten Kruispunt,Gemeenteweg,binnen bebouwde kom,Tss. 2 best.: langs opzij (voor-/achterkant-flank),Geen hindernis
8484,138,Hasselt-Kempische brug,Hasselt,50.9405318,5.3422472,1.404104729079351,50.9279416070358,5.343784569297438,2018,6,17,71022,Hasselt,Normaal,Droog,Dag,met lichtgewonden,9,personenauto,3,Fiets,Buiten Kruispunt,Gemeenteweg,binnen bebouwde kom,Tss. 2 best.: langs opzij (voor-/achterkant-flank),Geen hindernis
8484,137,Hasselt-Kempische brug,Hasselt,50.9411605,5.3417576,1.4767210061632383,50.9279416070358,5.343784569297438,2018,6,17,71022,Hasselt,Normaal,Droog,Dag,met lichtgewonden,9,personenauto,3,Fiets,Buiten Kruispunt,Gemeenteweg,binnen bebouwde kom,Tss. 2 best.: langs opzij (voor-/achterkant-flank),Geen hindernis
8486,31,Herk De Stad,Herk-de-Stad,50.94366,5.1775,2.3209361365346215,50.963729437313454,5.186603401745261,2018,6,10,71024,Herk-de-Stad,Normaal,Droog,Dag,met lichtgewonden,5,Lichte vrachtauto,3,Fiets,Op Kruispunt,Gewestweg,binnen bebouwde kom,Tss. 2 best.: langs opzij (voor-/achterkant-flank),Geen hindernis
8486,30,Herk De Stad,Herk-de-Stad,50.94374,5.17691,2.324120124891074,50.963729437313454,5.186603401745261,2018,6,10,71024,Herk-de-Stad,Normaal,Droog,Dag,met lichtgewonden,5,Lichte vrachtauto,3,Fiets,Op Kruispunt,Gewestweg,binnen bebouwde kom,Tss. 2 best.: langs opzij (voor-/achterkant-flank),Geen hindernis
8486,33,Lummen,Lummen,50.97978,5.20936,2.3925438342665704,50.963729437313454,5.186603401745261,2018,6,10,71024,Herk-de-Stad,Normaal,Droog,Dag,met lichtgewonden,5,Lichte vrachtauto,3,Fiets,Op Kruispunt,Gewestweg,binnen bebouwde kom,Tss. 2 best.: langs opzij (voor-/achterkant-flank),Geen hindernis
8486,32,Lummen,Lummen,50.97971,5.20961,2.3984658819780726,50.963729437313454,5.186603401745261,2018,6,10,71024,Herk-de-Stad,Normaal,Droog,Dag,met lichtgewonden,5,Lichte vrachtauto,3,Fiets,Op Kruispunt,Gewestweg,binnen bebouwde kom,Tss. 2 best.: langs opzij (voor-/achterkant-flank),Geen hindernis
8487,140,Hasselt ring,Hasselt,50.9300038,5.3438616,1.88649794238846,50.92149309205525,5.32057751174553,2018,6,10,71022,Hasselt,Normaal,Droog,Dag,met zwaargewonden,3,Fiets,11,een weggebruiker tegen een hindernis,Buiten Kruispunt,Gewestweg,buiten bebouwde kom,Weggebruiker tegen hindernis op de rijbaan,"Op de rijbaan: Put, straatgoot, tramspoor"
8492,12,Tervuren,Kraainem,50.81896,4.47803,2.205099625439466,50.81755067735978,4.5093395098397275,2018,6,10,24104,Tervuren,Normaal,Droog,Dag,met lichtgewonden,3,Fiets,10,"één bestuurder, geen hindernis",Buiten Kruispunt,Gemeenteweg,binnen bebouwde kom,"Eén bestuurder, geen hindernis (incl. val)",Geen hindernis
8495,111,Zaventem totem,Zaventem,50.8871216,4.4597084,2.0932647221251353,50.89797302940881,4.484095651762303,2018,7,8,23094,Zaventem,Normaal,Droog,Dag,met lichtgewonden,9,personenauto,3,Fiets,Buiten Kruispunt,Gemeenteweg,buiten bebouwde kom,Tss. 2 best.: langs opzij (voor-/achterkant-flank),Geen hindernis
8542,2,Brasschaat 2,Brasschaat,51.27512,4.47169,0.9392369506634651,51.268161986105675,4.464035420408414,2018,7,5,11040,Schoten,Normaal,Droog,Dageraad - schemering,met lichtgewonden,9,personenauto,3,Fiets,Op Kruispunt,Gewestweg,binnen bebouwde kom,Tss. 2 best.: langs opzij (voor-/achterkant-flank),Geen hindernis
8542,3,Brasschaat 1,Brasschaat,51.27503,4.47222,0.9525796239679186,51.268161986105675,4.464035420408414,2018,7,5,11040,Schoten,Normaal,Droog,Dageraad - schemering,met lichtgewonden,9,personenauto,3,Fiets,Op Kruispunt,Gewestweg,binnen bebouwde kom,Tss. 2 best.: langs opzij (voor-/achterkant-flank),Geen hindernis
8579,2,Brasschaat 2,Brasschaat,51.27512,4.47169,2.2742952423500253,51.29513036921082,4.464921758577798,2018,7,2,11008,Brasschaat,Normaal,Droog,"Nacht, openbare verlichting aanwezig en ontstoken",met zwaargewonden,3,Fiets,3,Fiets,Buiten Kruispunt,Gemeenteweg,binnen bebouwde kom,Tussen 2 bestuurders: Frontale botsing,Geen hindernis