crash_row_id,site_id,site_name,site_gemeente,site_lat,site_long,distance_km,crash_lat,crash_long,DT_YEAR_COLLISION,DT_MONTH_COLLISION,DT_TIME,CD_NIS,TX_MUNTY_COLLISION_NL,TX_WEATHER_NL,TX_ROAD_CONDITION_NL,TX_LIGHT_CONDITION_NL,TX_CLASS_ACCIDENTS_NL,CD_ROAD_USR_TYPE1,TX_ROAD_USR_TYPE1_NL,CD_ROAD_USR_TYPE2,TX_ROAD_USR_TYPE2_NL,TX_CROSSWAY_NL,CD_ROAD_TYPE_NL,TX_BUILD_UP_AREA_NL,TX_COLLISION_TYPE_NL,TX_OBSTACLES_NL
8579,3,Brasschaat 1,Brasschaat,51.27503,4.47222,2.2919670135268237,51.29513036921082,4.464921758577798,2018,7,2,11008,Brasschaat,Normaal,Droog,"Nacht, openbare verlichting aanwezig en ontstoken",met zwaargewonden,3,Fiets,3,Fiets,Buiten Kruispunt,Gemeenteweg,binnen bebouwde kom,Tussen 2 bestuurders: Frontale botsing,Geen hindernis
8585,3,Brasschaat 1,Brasschaat,51.27503,4.47222,1.9193919948379898,51.288762829464375,4.488939655802303,2018,7,13,11008,Brasschaat,Normaal,Droog,Dag,met lichtgewonden,4,Vrachtwagen,3,Fiets,Op Kruispunt,Gewestweg,binnen bebouwde kom,Tss. 2 best.: langs opzij (voor-/achterkant-flank),Geen hindernis
8585,2,Brasschaat 2,Brasschaat,51.27512,4.47169,1.9340864218778187,51.288762829464375,4.488939655802303,2018,7,13,11008,Brasschaat,Normaal,Droog,Dag,met lichtgewonden,4,Vrachtwagen,3,Fiets,Op Kruispunt,Gewestweg,binnen bebouwde kom,Tss. 2 best.: langs opzij (voor-/achterkant-flank),Geen hindernis
8587,3,Brasschaat 1,Brasschaat,51.27503,4.47222,1.1043198424907443,51.28310906105234,4.4814536711902395,2018,7,15,11008,Brasschaat,Normaal,Droog,Dag,met lichtgewonden,3,Fiets,11,een weggebruiker tegen een hindernis,Buiten Kruispunt,Gewestweg,buiten bebouwde kom,Weggebruiker tegen hindernis buiten rijbaan,Andere hindernis
8587,2,Brasschaat 2,Brasschaat,51.27512,4.47169,1.1181916321336023,51.28310906105234,4.4814536711902395,2018,7,15,11008,Brasschaat,Normaal,Droog,Dag,met lichtgewonden,3,Fiets,11,een weggebruiker tegen een hindernis,Buiten Kruispunt,Gewestweg,buiten bebouwde kom,Weggebruiker tegen hindernis buiten rijbaan,Andere hindernis
8588,2,Brasschaat 2,Brasschaat,51.27512,4.47169,2.4446439535985034,51.28994742968432,4.445737815675783,2018,7,8,11008,Brasschaat,Normaal,Droog,Dag,met lichtgewonden,3,Fiets,9,personenauto,Op Kruispunt,Gewestweg,binnen bebouwde kom,Tussen 2 bestuurders: Flank tegen flank,Geen hindernis
8588,3,Brasschaat 1,Brasschaat,51.27503,4.47222,2.4786726965447645,51.28994742968432,4.445737815675783,2018,7,8,11008,Brasschaat,Normaal,Droog,Dag,met lichtgewonden,3,Fiets,9,personenauto,Op Kruispunt,Gewestweg,binnen bebouwde kom,Tussen 2 bestuurders: Flank tegen flank,Geen hindernis
8593,104,Malle teller 2,Malle,51.31682,4.73852,1.8405856097263718,51.30101766982091,4.73063740381388,2018,7,16,11057,Malle,Normaal,Droog,Dag,met lichtgewonden,6,Bromfiets,3,Fiets,Op Kruispunt,Gewestweg,binnen bebouwde kom,Tss. 2 best.: langs opzij (voor-/achterkant-flank),Geen hindernis
8593,103,Malle teller 1,Malle,51.31681,4.73872,1.8437127594780336,51.30101766982091,4.73063740381388,2018,7,16,11057,Malle,Normaal,Droog,Dag,met lichtgewonden,6,Bromfiets,3,Fiets,Op Kruispunt,Gewestweg,binnen bebouwde kom,Tss. 2 best.: langs opzij (voor-/achterkant-flank),Geen hindernis
8595,90,Brecht teller 1,Brecht,51.35752,4.6243,2.375049289329135,51.35121190518343,4.656976591266482,2018,7,9,11009,Brecht,Normaal,Droog,Dag,dodelijk gewonden,3,Fiets,9,personenauto,Buiten Kruispunt,Gewestweg,buiten bebouwde kom,Tss. 2 best.: langs opzij (voor-/achterkant-flank),Geen hindernis
8595,91,Brecht teller 2,Brecht,51.35739,4.62422,2.3761410097193187,51.35121190518343,4.656976591266482,2018,7,9,11009,Brecht,Normaal,Droog,Dag,dodelijk gewonden,3,Fiets,9,personenauto,Buiten Kruispunt,Gewestweg,buiten bebouwde kom,Tss. 2 best.: langs opzij (voor-/achterkant-flank),Geen hindernis
8598,91,Brecht teller 2,Brecht,51.35739,4.62422,1.746526819366477,51.347162877713195,4.643308093049555,2018,7,9,11009,Brecht,Normaal,Droog,Dag,met lichtgewonden,9,personenauto,3,Fiets,Op Kruispunt,Gewestweg,binnen bebouwde kom,Tss. 2 best.: langs opzij (voor-/achterkant-flank),Geen hindernis
8598,90,Brecht teller 1,Brecht,51.35752,4.6243,1.751781840910668,51.347162877713195,4.643308093049555,2018,7,9,11009,Brecht,Normaal,Droog,Dag,met lichtgewonden,9,personenauto,3,Fiets,Op Kruispunt,Gewestweg,binnen bebouwde kom,Tss. 2 best.: langs opzij (voor-/achterkant-flank),Geen hindernis
8599,104,Malle teller 2,Malle,51.31682,4.73852,0.7420612993307973,51.31021018882202,4.737048282853167,2018,6,21,11057,Malle,Normaal,Droog,Dag,met lichtgewonden,9,personenauto,3,Fiets,Buiten Kruispunt,Gewestweg,buiten bebouwde kom,Tss. 2 best.: langs opzij (voor-/achterkant-flank),Geen hindernis
8599,103,Malle teller 1,Malle,51.31681,4.73872,0.7430065292697773,51.31021018882202,4.737048282853167,2018,6,21,11057,Malle,Normaal,Droog,Dag,met lichtgewonden,9,personenauto,3,Fiets,Buiten Kruispunt,Gewestweg,buiten bebouwde kom,Tss. 2 best.: langs opzij (voor-/achterkant-flank),Geen hindernis
8602,8,Heist op den Berg 1,Heist-op-den-Berg,51.06759,4.68823,2.29757011068967,51.065291239836945,4.655553899997068,2018,7,19,12029,Putte,Normaal,Droog,Dag,met lichtgewonden,3,Fiets,9,personenauto,Op Kruispunt,Gemeenteweg,buiten bebouwde kom,Tss. 2 best.: langs opzij (voor-/achterkant-flank),Geen hindernis
8606,96,Lier teller 2,Lier,51.11705,4.58444,1.795994228818464,51.130499607727884,4.570190471187583,2018,7,13,12021,Lier,Normaal,Droog,Dag,met lichtgewonden,3,Fiets,8,Voetganger,Buiten Kruispunt,Gewestweg,binnen bebouwde kom,Met een voetganger,Geen hindernis
8606,95,Lier teller 1,Lier,51.11687,4.58437,1.8100201888970207,51.130499607727884,4.570190471187583,2018,7,13,12021,Lier,Normaal,Droog,Dag,met lichtgewonden,3,Fiets,8,Voetganger,Buiten Kruispunt,Gewestweg,binnen bebouwde kom,Met een voetganger,Geen hindernis
8609,93,Nijlen teller 2,Nijlen,51.14998,4.64469,2.0608605543711644,51.16073107729128,4.668759809052633,2018,7,20,12026,Nijlen,Normaal,Droog,Dag,met lichtgewonden,9,personenauto,3,Fiets,Buiten Kruispunt,Gewestweg,binnen bebouwde kom,Tss. 2 best.: langs opzij (voor-/achterkant-flank),Geen hindernis
8609,92,Nijlen teller 1,Nijlen,51.14989,4.64479,2.0610221994686233,51.16073107729128,4.668759809052633,2018,7,20,12026,Nijlen,Normaal,Droog,Dag,met lichtgewonden,9,personenauto,3,Fiets,Buiten Kruispunt,Gewestweg,binnen bebouwde kom,Tss. 2 best.: langs opzij (voor-/achterkant-flank),Geen hindernis
8611,9,Heist op den Berg 2,Heist-op-den-Berg,51.06904,4.69524,2.059407960912236,51.077699934617186,4.7212955953832445,2018,7,10,12014,Heist-op-den-Berg,Normaal,Droog,Dag,met lichtgewonden,3,Fiets,9,personenauto,Buiten Kruispunt,Gemeenteweg,binnen bebouwde kom,Tss. 2 best.: langs opzij (voor-/achterkant-flank),Geen hindernis
8612,132,Gierde lille,Lille,51.245445,4.8298851,1.1496788012690546,51.25229594574519,4.8422565375957,2018,7,15,13019,Lille,"Sterke wind, rukwind",Droog,Dag,met zwaargewonden,3,Fiets,11,een weggebruiker tegen een hindernis,Buiten Kruispunt,Gewestweg,buiten bebouwde kom,Weggebruiker tegen hindernis op de rijbaan,"Op de rijbaan: Werken (signal., aarde, toestel,…)"
8612,133,Gierde Lille Totem,Lille,51.2453915,4.8297416,1.1611035007557746,51.25229594574519,4.8422565375957,2018,7,15,13019,Lille,"Sterke wind, rukwind",Droog,Dag,met zwaargewonden,3,Fiets,11,een weggebruiker tegen een hindernis,Buiten Kruispunt,Gewestweg,buiten bebouwde kom,Weggebruiker tegen hindernis op de rijbaan,"Op de rijbaan: Werken (signal., aarde, toestel,…)"
8618,133,Gierde Lille Totem,Lille,51.2453915,4.8297416,0.5839562308401651,51.24290328368564,4.822353816382019,2018,7,23,13019,Lille,Normaal,Droog,"Nacht, openbare verlichting aanwezig en ontstoken",met lichtgewonden,3,Fiets,11,een weggebruiker tegen een hindernis,Buiten Kruispunt,Gewestweg,binnen bebouwde kom,Weggebruiker tegen hindernis buiten rijbaan,Onbekend
8618,132,Gierde lille,Lille,51.245445,4.8298851,0.5955712414215864,51.24290328368564,4.822353816382019,2018,7,23,13019,Lille,Normaal,Droog,"Nacht, openbare verlichting aanwezig en ontstoken",met lichtgewonden,3,Fiets,11,een weggebruiker tegen een hindernis,Buiten Kruispunt,Gewestweg,binnen bebouwde kom,Weggebruiker tegen hindernis buiten rijbaan,Onbekend
8622,88,Westerlo teller 1,Westerlo,51.082,4.91325,2.3587530831242383,51.10291166444271,4.907579440371284,2018,7,16,13049,Westerlo,Normaal,Droog,Dag,met lichtgewonden,3,Fiets,5,Lichte vrachtauto,Op Kruispunt,Gemeenteweg,buiten bebouwde kom,Tss. 2 best.: langs opzij (voor-/achterkant-flank),Geen hindernis
8622,89,Westerlo teller 2,Westerlo,51.08191,4.91334,2.369678216063375,51.10291166444271,4.907579440371284,2018,7,16,13049,Westerlo,Normaal,Droog,Dag,met lichtgewonden,3,Fiets,5,Lichte vrachtauto,Op Kruispunt,Gemeenteweg,buiten bebouwde kom,Tss. 2 best.: langs opzij (voor-/achterkant-flank),Geen hindernis
8625,97,Geel teller 1,Geel,51.14813,4.99698,2.4122681656754006,51.16390237864684,5.020728484263978,2018,7,12,13008,Geel,Normaal,Droog,Dag,met zwaargewonden,4,Vrachtwagen,3,Fiets,Op Kruispunt,Gewestweg,binnen bebouwde kom,Tussen 2 bestuurders: Langs achteren,Geen hindernis
8625,98,Geel teller 2,Geel,51.1481,4.99643,2.4411645139846696,51.16390237864684,5.020728484263978,2018,7,12,13008,Geel,Normaal,Droog,Dag,met zwaargewonden,4,Vrachtwagen,3,Fiets,Op Kruispunt,Gewestweg,binnen bebouwde kom,Tussen 2 bestuurders: Langs achteren,Geen hindernis
8632,135,Retie 2,Dessel,51.2544998,5.1040064,1.8623103062606872,51.239026336588246,5.114244635999762,2018,7,11,13006,Dessel,Normaal,Droog,Dag,met lichtgewonden,3,Fiets,8,Voetganger,Buiten Kruispunt,Gemeenteweg,binnen bebouwde kom,Met een voetganger,Geen hindernis
8632,134,Retie,Dessel,51.2548405,5.1037658,1.9037185796393825,51.239026336588246,5.114244635999762,2018,7,11,13006,Dessel,Normaal,Droog,Dag,met lichtgewonden,3,Fiets,8,Voetganger,Buiten Kruispunt,Gemeenteweg,binnen bebouwde kom,Met een voetganger,Geen hindernis
8634,94,Herentals teller 2,Herentals,51.17345,4.81283,1.3749838855972207,51.161527756279895,4.807597186747674,2018,7,15,13011,Herentals,Normaal,Droog,Dag,met lichtgewonden,9,personenauto,3,Fiets,Op Kruispunt,Gemeenteweg,buiten bebouwde kom,Tss. 2 best.: langs opzij (voor-/achterkant-flank),Geen hindernis
8634,110,Herentals totem,Herentals,51.1739426,4.811783,1.410981276392427,51.161527756279895,4.807597186747674,2018,7,15,13011,Herentals,Normaal,Droog,Dag,met lichtgewonden,9,personenauto,3,Fiets,Op Kruispunt,Gemeenteweg,buiten bebouwde kom,Tss. 2 best.: langs opzij (voor-/achterkant-flank),Geen hindernis
8635,38,Lommel teller 2,Lommel,51.23277,5.29189,1.8263695394301793,51.222330003471946,5.312138347223771,2018,7,18,72020,Lommel,Normaal,Droog+Proper,Dag,met lichtgewonden,3,Fiets,9,personenauto,Buiten Kruispunt,Gemeenteweg,buiten bebouwde kom,Tussen 2 bestuurders: Frontale botsing,Geen hindernis
8635,37,Lommel teller 1,Lommel,51.23299,5.29211,1.8303132824315211,51.222330003471946,5.312138347223771,2018,7,18,72020,Lommel,Normaal,Droog+Proper,Dag,met lichtgewonden,3,Fiets,9,personenauto,Buiten Kruispunt,Gemeenteweg,buiten bebouwde kom,Tussen 2 bestuurders: Frontale botsing,Geen hindernis
8636,46,Pelt teller 2,Pelt,51.231,5.44375,1.3039109316938582,51.22003971819767,5.437093174126,2018,7,7,72043,Pelt,Normaal,Droog,Dag,met lichtgewonden,9,personenauto,3,Fiets,Buiten Kruispunt,Gemeenteweg,buiten bebouwde kom,Tss. 2 best.: langs opzij (voor-/achterkant-flank),Geen hindernis
8636,45,Pelt teller 1,Pelt,51.23127,5.44377,1.332499829644115,51.22003971819767,5.437093174126,2018,7,7,72043,Pelt,Normaal,Droog,Dag,met lichtgewonden,9,personenauto,3,Fiets,Buiten Kruispunt,Gemeenteweg,buiten bebouwde kom,Tss. 2 best.: langs opzij (voor-/achterkant-flank),Geen hindernis
8651,39,Peer teller 1,Peer,51.13425,5.47817,1.3990042595668137,51.130942108795224,5.458825742481931,2018,7,11,72030,Peer,Normaal,Droog,Dag,met lichtgewonden,9,personenauto,3,Fiets,Buiten Kruispunt,Gemeenteweg,binnen bebouwde kom,Tss. 2 best.: langs opzij (voor-/achterkant-flank),Geen hindernis
8651,40,Peer teller 2,Peer,51.13438,5.47892,1.453294570422836,51.130942108795224,5.458825742481931,2018,7,11,72030,Peer,Normaal,Droog,Dag,met lichtgewonden,9,personenauto,3,Fiets,Buiten Kruispunt,Gemeenteweg,binnen bebouwde kom,Tss. 2 best.: langs opzij (voor-/achterkant-flank),Geen hindernis
8661,140,Hasselt ring,Hasselt,50.9300038,5.3438616,0.4372595563417578,50.92971203856034,5.350083573105462,2018,7,20,71022,Hasselt,Normaal,Droog,Dag,met lichtgewonden,9,personenauto,3,Fiets,Op Kruispunt,Gewestweg,binnen bebouwde kom,Tss. 2 best.: langs opzij (voor-/achterkant-flank),Geen hindernis
8661,138,Hasselt-Kempische brug,Hasselt,50.9405318,5.3422472,1.3224992018175066,50.92971203856034,5.350083573105462,2018,7,20,71022,Hasselt,Normaal,Droog,Dag,met lichtgewonden,9,personenauto,3,Fiets,Op Kruispunt,Gewestweg,binnen bebouwde kom,Tss. 2 best.: langs opzij (voor-/achterkant-flank),Geen hindernis
8661,137,Hasselt-Kempische brug,Hasselt,50.9411605,5.3417576,1.4003419522839737,50.92971203856034,5.350083573105462,2018,7,20,71022,Hasselt,Normaal,Droog,Dag,met lichtgewonden,9,personenauto,3,Fiets,Op Kruispunt,Gewestweg,binnen bebouwde kom,Tss. 2 best.: langs opzij (voor-/achterkant-flank),Geen hindernis
8662,21,Bilzen,Bilzen,50.86015,5.50161,1.5951131730727528,50.87048103022279,5.517379126638807,2018,7,10,73006,Bilzen,Normaal,"Vuil (zand, grint, bladeren,...)",Dag,met lichtgewonden,3,Fiets,10,"één bestuurder, geen hindernis",Buiten Kruispunt,Gemeenteweg,binnen bebouwde kom,"Eén bestuurder, geen hindernis (incl. val)",Geen hindernis
8664,25,Bree,Bree,51.13679500160176,5.597669323604317,0.3589322730985133,51.13996448480449,5.596694547745601,2018,7,17,72004,Bree,Normaal,Droog,Dag,met lichtgewonden,3,Fiets,9,personenauto,Op Kruispunt,Gewestweg,binnen bebouwde kom,Tss. 2 best.: langs opzij (voor-/achterkant-flank),Geen hindernis
8666,14,Genk,Genk,50.97172,5.48927,2.1341931703232837,50.953365416195744,5.480360208024001,2018,7,11,71016,Genk,Normaal,Droog,Dag,met lichtgewonden,9,personenauto,3,Fiets,Op Kruispunt,Gewestweg,buiten bebouwde kom,Tss. 2 best.: langs opzij (voor-/achterkant-flank),Geen hindernis
8670,14,Genk,Genk,50.97172,5.48927,2.2921711385674355,50.95113063124083,5.487670842441792,2018,7,14,71016,Genk,Normaal,Droog,Dag,met lichtgewonden,3,Fiets,3,Fiets,Buiten Kruispunt,Gemeenteweg,buiten bebouwde kom,Tss. 2 best.: langs opzij (voor-/achterkant-flank),Geen hindernis
8673,14,Genk,Genk,50.97172,5.48927,0.9846425523259207,50.96346093050645,5.49434152276538,2018,7,11,71016,Genk,Normaal,Droog,Dag,met lichtgewonden,3,Fiets,10,"één bestuurder, geen hindernis",Buiten Kruispunt,Gewestweg,binnen bebouwde kom,"Eén bestuurder, geen hindernis (incl. val)",Geen hindernis
8674,14,Genk,Genk,50.97172,5.48927,0.7420270981545696,50.978347966172315,5.490502024595317,2018,7,14,71016,Genk,Normaal,Droog,Dag,met lichtgewonden,3,Fiets,9,personenauto,Buiten Kruispunt,Gemeenteweg,binnen bebouwde kom,Tussen 2 bestuurders: Flank tegen flank,Geen hindernis
8677,49,Bokrijk,Genk,50.95264,5.41001,2.158834096932862,50.958251869903016,5.439515308963344,2018,7,12,71016,Genk,Normaal,Droog,Dag,met zwaargewonden,6,Bromfiets,3,Fiets,Buiten Kruispunt,Gewestweg,buiten bebouwde kom,Tussen 2 bestuurders: Frontale botsing,Geen hindernis
8680,107,leuven totem,Leuven,50.8870744,4.7087919,2.316969680787639,50.90738031018137,4.7162033498893,2018,7,11,24062,Leuven,Normaal,Droog,Dag,met lichtgewonden,9,personenauto,3,Fiets,Op Kruispunt,Gewestweg,buiten bebouwde kom,Tss. 2 best.: langs opzij (voor-/achterkant-flank),Geen hindernis
8680,77,Leuven teller 2,Leuven,50.88672,4.70796,2.3689483656944637,50.90738031018137,4.7162033498893,2018,7,11,24062,Leuven,Normaal,Droog,Dag,met lichtgewonden,9,personenauto,3,Fiets,Op Kruispunt,Gewestweg,buiten bebouwde kom,Tss. 2 best.: langs opzij (voor-/achterkant-flank),Geen hindernis
8681,69,Leuven teller 1,Leuven,50.87549,4.71526,0.35710078180966826,50.87499266093444,4.710231972459533,2018,7,12,24062,Leuven,Normaal,Droog,Dag,met lichtgewonden,8,Voetganger,3,Fiets,Op Kruispunt,Gemeenteweg,binnen bebouwde kom,Met een voetganger,Geen hindernis
8681,77,Leuven teller 2,Leuven,50.88672,4.70796,1.3137261038805004,50.87499266093444,4.710231972459533,2018,7,12,24062,Leuven,Normaal,Droog,Dag,met lichtgewonden,8,Voetganger,3,Fiets,Op Kruispunt,Gemeenteweg,binnen bebouwde kom,Met een voetganger,Geen hindernis
8681,107,leuven totem,Leuven,50.8870744,4.7087919,1.3472216537424344,50.87499266093444,4.710231972459533,2018,7,12,24062,Leuven,Normaal,Droog,Dag,met lichtgewonden,8,Voetganger,3,Fiets,Op Kruispunt,Gemeenteweg,binnen bebouwde kom,Met een voetganger,Geen hindernis
8681,151,Leuven,District Leuven,50.8690262,4.6854839,1.8589901616588809,50.87499266093444,4.710231972459533,2018,7,12,24062,Leuven,Normaal,Droog,Dag,met lichtgewonden,8,Voetganger,3,Fiets,Op Kruispunt,Gemeenteweg,binnen bebouwde kom,Met een voetganger,Geen hindernis
8682,69,Leuven teller 1,Leuven,50.87549,4.71526,1.0167522775408877,50.87064649664416,4.727550336533759,2018,7,17,24062,Leuven,Regenval,"Nat, plassen",Dag,met lichtgewonden,3,Fiets,8,Voetganger,Buiten Kruispunt,Gewestweg,binnen bebouwde kom,Met een voetganger,Geen hindernis
8682,107,leuven totem,Leuven,50.8870744,4.7087919,2.2514258219446854,50.87064649664416,4.727550336533759,2018,7,17,24062,Leuven,Regenval,"Nat, plassen",Dag,met lichtgewonden,3,Fiets,8,Voetganger,Buiten Kruispunt,Gewestweg,binnen bebouwde kom,Met een voetganger,Geen hindernis
8682,77,Leuven teller 2,Leuven,50.88672,4.70796,2.2546729773827776,50.87064649664416,4.727550336533759,2018,7,17,24062,Leuven,Regenval,"Nat, plassen",Dag,met lichtgewonden,3,Fiets,8,Voetganger,Buiten Kruispunt,Gewestweg,binnen bebouwde kom,Met een voetganger,Geen hindernis
8683,151,Leuven,District Leuven,50.8690262,4.6854839,0.9232097250155288,50.87540747040638,4.677066864369874,2018,7,15,24062,Leuven,Normaal,Droog,Dag,met lichtgewonden,3,Fiets,9,personenauto,Buiten Kruispunt,Gewestweg,buiten bebouwde kom,Tss. 2 best.: langs opzij (voor-/achterkant-flank),Geen hindernis
8685,151,Leuven,District Leuven,50.8690262,4.6854839,0.8857802256566922,50.87686846899525,4.683267511114734,2018,7,15,24062,Leuven,Normaal,Droog,Dag,met lichtgewonden,9,personenauto,3,Fiets,Op Kruispunt,Gewestweg,binnen bebouwde kom,Tussen 2 bestuurders: Langs achteren,Geen hindernis
8685,77,Leuven teller 2,Leuven,50.88672,4.70796,2.0496071122616764,50.87686846899525,4.683267511114734,2018,7,15,24062,Leuven,Normaal,Droog,Dag,met lichtgewonden,9,personenauto,3,Fiets,Op Kruispunt,Gewestweg,binnen bebouwde kom,Tussen 2 bestuurders: Langs achteren,Geen hindernis
8685,107,leuven totem,Leuven,50.8870744,4.7087919,2.1199915535381693,50.87686846899525,4.683267511114734,2018,7,15,24062,Leuven,Normaal,Droog,Dag,met lichtgewonden,9,personenauto,3,Fiets,Op Kruispunt,Gewestweg,binnen bebouwde kom,Tussen 2 bestuurders: Langs achteren,Geen hindernis
8685,69,Leuven teller 1,Leuven,50.87549,4.71526,2.249942399397486,50.87686846899525,4.683267511114734,2018,7,15,24062,Leuven,Normaal,Droog,Dag,met lichtgewonden,9,personenauto,3,Fiets,Op Kruispunt,Gewestweg,binnen bebouwde kom,Tussen 2 bestuurders: Langs achteren,Geen hindernis
8686,107,leuven totem,Leuven,50.8870744,4.7087919,2.335290110484083,50.90796773561301,4.7121712480074756,2018,7,10,24062,Leuven,Normaal,Droog,Dag,met lichtgewonden,3,Fiets,8,Voetganger,Buiten Kruispunt,Gewestweg,binnen bebouwde kom,Met een voetganger,Geen hindernis
8686,77,Leuven teller 2,Leuven,50.88672,4.70796,2.381028596395435,50.90796773561301,4.7121712480074756,2018,7,10,24062,Leuven,Normaal,Droog,Dag,met lichtgewonden,3,Fiets,8,Voetganger,Buiten Kruispunt,Gewestweg,binnen bebouwde kom,Met een voetganger,Geen hindernis
8687,77,Leuven teller 2,Leuven,50.88672,4.70796,1.2451007386354582,50.885074316593915,4.690403414044418,2018,7,19,24062,Leuven,Normaal,Droog,Dag,met lichtgewonden,3,Fiets,9,personenauto,Op Kruispunt,Gemeenteweg,binnen bebouwde kom,Tss. 2 best.: langs opzij (voor-/achterkant-flank),Geen hindernis
8687,107,leuven totem,Leuven,50.8870744,4.7087919,1.3089641318941605,50.885074316593915,4.690403414044418,2018,7,19,24062,Leuven,Normaal,Droog,Dag,met lichtgewonden,3,Fiets,9,personenauto,Op Kruispunt,Gemeenteweg,binnen bebouwde kom,Tss. 2 best.: langs opzij (voor-/achterkant-flank),Geen hindernis
8687,151,Leuven,District Leuven,50.8690262,4.6854839,1.817544860519772,50.885074316593915,4.690403414044418,2018,7,19,24062,Leuven,Normaal,Droog,Dag,met lichtgewonden,3,Fiets,9,personenauto,Op Kruispunt,Gemeenteweg,binnen bebouwde kom,Tss. 2 best.: langs opzij (voor-/achterkant-flank),Geen hindernis
8687,69,Leuven teller 1,Leuven,50.87549,4.71526,2.0437442148515563,50.885074316593915,4.690403414044418,2018,7,19,24062,Leuven,Normaal,Droog,Dag,met lichtgewonden,3,Fiets,9,personenauto,Op Kruispunt,Gemeenteweg,binnen bebouwde kom,Tss. 2 best.: langs opzij (voor-/achterkant-flank),Geen hindernis
8696,23,Tienen 3,Tienen,50.81324,4.93447,0.7744549098928869,50.806408565666516,4.932323046170428,2018,7,8,24107,Tienen,Normaal,Droog,Dag,met lichtgewonden,9,personenauto,3,Fiets,Op Kruispunt,Gemeenteweg,binnen bebouwde kom,Tss. 2 best.: langs opzij (voor-/achterkant-flank),Geen hindernis
8696,24,Tienen 1,Tienen,50.8133795491886,4.935044252605416,0.798371469739467,50.806408565666516,4.932323046170428,2018,7,8,24107,Tienen,Normaal,Droog,Dag,met lichtgewonden,9,personenauto,3,Fiets,Op Kruispunt,Gemeenteweg,binnen bebouwde kom,Tss. 2 best.: langs opzij (voor-/achterkant-flank),Geen hindernis
8696,22,Tienen 2,Tienen,50.81330800184882,4.935984252796022,0.809163804510786,50.806408565666516,4.932323046170428,2018,7,8,24107,Tienen,Normaal,Droog,Dag,met lichtgewonden,9,personenauto,3,Fiets,Op Kruispunt,Gemeenteweg,binnen bebouwde kom,Tss. 2 best.: langs opzij (voor-/achterkant-flank),Geen hindernis
8697,22,Tienen 2,Tienen,50.81330800184882,4.935984252796022,1.0299646272536163,50.817883194051426,4.948731411650757,2018,7,13,24107,Tienen,Normaal,Droog,Dag,met lichtgewonden,9,personenauto,3,Fiets,Op Kruispunt,Gemeenteweg,binnen bebouwde kom,Tussen 2 bestuurders: Flank tegen flank,Geen hindernis
8697,24,Tienen 1,Tienen,50.8133795491886,4.935044252605416,1.0841768506882077,50.817883194051426,4.948731411650757,2018,7,13,24107,Tienen,Normaal,Droog,Dag,met lichtgewonden,9,personenauto,3,Fiets,Op Kruispunt,Gemeenteweg,binnen bebouwde kom,Tussen 2 bestuurders: Flank tegen flank,Geen hindernis
8697,23,Tienen 3,Tienen,50.81324,4.93447,1.1271385413324728,50.817883194051426,4.948731411650757,2018,7,13,24107,Tienen,Normaal,Droog,Dag,met lichtgewonden,9,personenauto,3,Fiets,Op Kruispunt,Gemeenteweg,binnen bebouwde kom,Tussen 2 bestuurders: Flank tegen flank,Geen hindernis
8699,150,Bertem,District Leuven,50.8687535,4.56136297,2.2881351662123586,50.87808804125166,4.59042423623784,2018,7,7,24055,Kortenberg,Normaal,Droog,Dag,met lichtgewonden,9,personenauto,3,Fiets,Op Kruispunt,Gemeenteweg,binnen bebouwde kom,Tss. 2 best.: langs opzij (voor-/achterkant-flank),Geen hindernis
8701,72,Herent teller 1,Herent,50.89135,4.64689,1.4677504305853815,50.899360026202025,4.630256137372408,2018,7,8,24038,Herent,Normaal,Droog,Dag,dodelijk gewonden,9,personenauto,3,Fiets,Op Kruispunt,Gemeenteweg,binnen bebouwde kom,Tss. 2 best.: langs opzij (voor-/achterkant-flank),Geen hindernis
8701,73,Herent teller 2,Herent,50.89128,4.64685,1.4702658138858218,50.899360026202025,4.630256137372408,2018,7,8,24038,Herent,Normaal,Droog,Dag,dodelijk gewonden,9,personenauto,3,Fiets,Op Kruispunt,Gemeenteweg,binnen bebouwde kom,Tss. 2 best.: langs opzij (voor-/achterkant-flank),Geen hindernis
8702,87,Aarschot,Aarschot,50.99084,4.81259,1.9690838452531285,50.99132188500426,4.840713094401409,2018,7,14,24001,Aarschot,Normaal,Droog,Dag,met lichtgewonden,9,personenauto,3,Fiets,Op Kruispunt,Gewestweg,binnen bebouwde kom,Tss. 2 best.: langs opzij (voor-/achterkant-flank),Geen hindernis
8703,87,Aarschot,Aarschot,50.99084,4.81259,1.9745940925783527,50.99112244631814,4.84079861173863,2018,7,14,24001,Aarschot,Normaal,Droog,Dag,met lichtgewonden,9,personenauto,3,Fiets,Buiten Kruispunt,Gewestweg,binnen bebouwde kom,Tussen 2 bestuurders: Frontale botsing,Geen hindernis
8714,101,Diest teller 1,Diest,50.97799,5.04481,2.429331520330997,50.99666878944056,5.026808048830383,2018,7,11,24020,Diest,Normaal,Droog,Dag,met lichtgewonden,9,personenauto,3,Fiets,Op Kruispunt,Gemeenteweg,binnen bebouwde kom,Tussen 2 bestuurders: Frontale botsing,Geen hindernis