crash_row_id,site_id,site_name,site_gemeente,site_lat,site_long,distance_km,crash_lat,crash_long,DT_YEAR_COLLISION,DT_MONTH_COLLISION,DT_TIME,CD_NIS,TX_MUNTY_COLLISION_NL,TX_WEATHER_NL,TX_ROAD_CONDITION_NL,TX_LIGHT_CONDITION_NL,TX_CLASS_ACCIDENTS_NL,CD_ROAD_USR_TYPE1,TX_ROAD_USR_TYPE1_NL,CD_ROAD_USR_TYPE2,TX_ROAD_USR_TYPE2_NL,TX_CROSSWAY_NL,CD_ROAD_TYPE_NL,TX_BUILD_UP_AREA_NL,TX_COLLISION_TYPE_NL,TX_OBSTACLES_NL
8714,102,Diest teller 2,Diest,50.9779,5.04474,2.4353648326241144,50.99666878944056,5.026808048830383,2018,7,11,24020,Diest,Normaal,Droog,Dag,met lichtgewonden,9,personenauto,3,Fiets,Op Kruispunt,Gemeenteweg,binnen bebouwde kom,Tussen 2 bestuurders: Frontale botsing,Geen hindernis
8720,26,Zaventem,Zaventem,50.86995,4.45444,0.20250759494466294,50.86835843360969,4.4530372773865805,2018,7,8,23094,Zaventem,Normaal,Droog,Dag,met lichtgewonden,3,Fiets,9,personenauto,Op Kruispunt,Gewestweg,binnen bebouwde kom,Tussen 2 bestuurders: Flank tegen flank,Geen hindernis
8720,149,Machelen,,50.88297881,4.43356644,2.1235207956410447,50.86835843360969,4.4530372773865805,2018,7,8,23094,Zaventem,Normaal,Droog,Dag,met lichtgewonden,3,Fiets,9,personenauto,Op Kruispunt,Gewestweg,binnen bebouwde kom,Tussen 2 bestuurders: Flank tegen flank,Geen hindernis
8720,111,Zaventem totem,Zaventem,50.8871216,4.4597084,2.1382262331767046,50.86835843360969,4.4530372773865805,2018,7,8,23094,Zaventem,Normaal,Droog,Dag,met lichtgewonden,3,Fiets,9,personenauto,Op Kruispunt,Gewestweg,binnen bebouwde kom,Tussen 2 bestuurders: Flank tegen flank,Geen hindernis
8721,111,Zaventem totem,Zaventem,50.8871216,4.4597084,1.023899686689568,50.88009535395059,4.469141990015902,2018,7,8,23094,Zaventem,Normaal,Droog,Dag,met lichtgewonden,9,personenauto,3,Fiets,Op Kruispunt,Gewestweg,binnen bebouwde kom,Tss. 2 best.: langs opzij (voor-/achterkant-flank),Geen hindernis
8721,26,Zaventem,Zaventem,50.86995,4.45444,1.5286530219421424,50.88009535395059,4.469141990015902,2018,7,8,23094,Zaventem,Normaal,Droog,Dag,met lichtgewonden,9,personenauto,3,Fiets,Op Kruispunt,Gewestweg,binnen bebouwde kom,Tss. 2 best.: langs opzij (voor-/achterkant-flank),Geen hindernis
8722,111,Zaventem totem,Zaventem,50.8871216,4.4597084,1.0485075569127418,50.89292218952829,4.471493595759099,2018,7,8,23094,Zaventem,Normaal,Droog,Dag,met lichtgewonden,3,Fiets,9,personenauto,Buiten Kruispunt,Gewestweg,binnen bebouwde kom,Tss. 2 best.: langs opzij (voor-/achterkant-flank),Geen hindernis
8725,148,Hoeilaart,District Leuven,50.76699493,4.44471001,1.775643109413973,50.76591353408984,4.469899756646346,2018,7,14,23033,Hoeilaart,Normaal,Droog,Dag,met lichtgewonden,3,Fiets,3,Fiets,Buiten Kruispunt,Gemeenteweg,binnen bebouwde kom,Tussen 2 bestuurders: Frontale botsing,Geen hindernis
8725,147,Overijse,District Vilvoorde-gewestwegen,50.7797555,4.4975769,2.481298447931775,50.76591353408984,4.469899756646346,2018,7,14,23033,Hoeilaart,Normaal,Droog,Dag,met lichtgewonden,3,Fiets,3,Fiets,Buiten Kruispunt,Gemeenteweg,binnen bebouwde kom,Tussen 2 bestuurders: Frontale botsing,Geen hindernis
8726,147,Overijse,District Vilvoorde-gewestwegen,50.7797555,4.4975769,1.670041769608714,50.77840321581823,4.521233004910708,2018,7,7,23062,Overijse,Normaal,Droog,Dag,met lichtgewonden,9,personenauto,3,Fiets,Op Kruispunt,Gewestweg,buiten bebouwde kom,Tss. 2 best.: langs opzij (voor-/achterkant-flank),Geen hindernis
8726,145,Overijse,District Vilvoorde-gewestwegen,50.7885856,4.4908759,2.415940681594434,50.77840321581823,4.521233004910708,2018,7,7,23062,Overijse,Normaal,Droog,Dag,met lichtgewonden,9,personenauto,3,Fiets,Op Kruispunt,Gewestweg,buiten bebouwde kom,Tss. 2 best.: langs opzij (voor-/achterkant-flank),Geen hindernis
8726,146,Overijse 2,District Vilvoorde-gewestwegen,50.7881478,4.4902818,2.430837498800969,50.77840321581823,4.521233004910708,2018,7,7,23062,Overijse,Normaal,Droog,Dag,met lichtgewonden,9,personenauto,3,Fiets,Op Kruispunt,Gewestweg,buiten bebouwde kom,Tss. 2 best.: langs opzij (voor-/achterkant-flank),Geen hindernis
8730,86,Asse teller 2,Asse,50.89132,4.1709,2.4101669107929844,50.87052408286765,4.161214658217245,2018,7,11,23086,Ternat,Normaal,Onbekend,Dag,met lichtgewonden,3,Fiets,9,personenauto,Buiten Kruispunt,Gewestweg,binnen bebouwde kom,Tss. 2 best.: langs opzij (voor-/achterkant-flank),Geen hindernis
8735,81,Wemmel teller 2,Wemmel,50.91439,4.29568,1.7174586419787383,50.92510520332123,4.313325977272346,2018,7,0,23050,Meise,Normaal,Droog,"Nacht, openbare verlichting aanwezig en ontstoken",Met doden,3,Fiets,10,"één bestuurder, geen hindernis",Buiten Kruispunt,Gemeenteweg,buiten bebouwde kom,"Eén bestuurder, geen hindernis (incl. val)",Geen hindernis
8735,80,Wemmel teller 1,Wemmel,50.91418,4.29571,1.7322420270839796,50.92510520332123,4.313325977272346,2018,7,0,23050,Meise,Normaal,Droog,"Nacht, openbare verlichting aanwezig en ontstoken",Met doden,3,Fiets,10,"één bestuurder, geen hindernis",Buiten Kruispunt,Gemeenteweg,buiten bebouwde kom,"Eén bestuurder, geen hindernis (incl. val)",Geen hindernis
8735,27,Grimbergen,Meise,50.92127,4.34013,1.9265667044898176,50.92510520332123,4.313325977272346,2018,7,0,23050,Meise,Normaal,Droog,"Nacht, openbare verlichting aanwezig en ontstoken",Met doden,3,Fiets,10,"één bestuurder, geen hindernis",Buiten Kruispunt,Gemeenteweg,buiten bebouwde kom,"Eén bestuurder, geen hindernis (incl. val)",Geen hindernis
8736,27,Grimbergen,Meise,50.92127,4.34013,0.630372478009967,50.92607871355398,4.3353668938238705,2018,7,10,23050,Meise,Normaal,Droog,Dag,met lichtgewonden,3,Fiets,3,Fiets,Op Kruispunt,Gewestweg,buiten bebouwde kom,Tss. 2 best.: langs opzij (voor-/achterkant-flank),Geen hindernis
8739,27,Grimbergen,Meise,50.92127,4.34013,1.8311381875107982,50.90841721328373,4.3564595807714985,2018,7,8,23025,Grimbergen,Onbekend,Onbekend,Dag,met lichtgewonden,3,Fiets,8,Voetganger,Buiten Kruispunt,Gemeenteweg,binnen bebouwde kom,Met een voetganger,Geen hindernis
8740,47,Vilvoorde,Vilvoorde,50.91372,4.41497,1.451328527683366,50.903053583302665,4.426899529902531,2018,7,15,23047,Machelen,Normaal,Droog,Dag,met lichtgewonden,1,Autobus,3,Fiets,Op Kruispunt,Gewestweg,buiten bebouwde kom,Tss. 2 best.: langs opzij (voor-/achterkant-flank),Geen hindernis
8740,149,Machelen,,50.88297881,4.43356644,2.2806645508221637,50.903053583302665,4.426899529902531,2018,7,15,23047,Machelen,Normaal,Droog,Dag,met lichtgewonden,1,Autobus,3,Fiets,Op Kruispunt,Gewestweg,buiten bebouwde kom,Tss. 2 best.: langs opzij (voor-/achterkant-flank),Geen hindernis
8741,47,Vilvoorde,Vilvoorde,50.91372,4.41497,2.0634178625492265,50.930365948683296,4.4279805835236985,2018,7,18,23088,Vilvoorde,Normaal,Droog,Dag,met lichtgewonden,9,personenauto,3,Fiets,Op Kruispunt,Gewestweg,binnen bebouwde kom,Tss. 2 best.: langs opzij (voor-/achterkant-flank),Geen hindernis
8743,109,Zemst,Zemst,50.9903936,4.4707023,1.504257834373366,50.99807956144632,4.488390060101611,2018,7,21,23096,Zemst,Normaal,Droog,Dageraad - schemering,met lichtgewonden,9,personenauto,3,Fiets,Buiten Kruispunt,Gewestweg,binnen bebouwde kom,Tss. 2 best.: langs opzij (voor-/achterkant-flank),Geen hindernis
8744,109,Zemst,Zemst,50.9903936,4.4707023,0.7140260625395013,50.9851096096387,4.464905837672214,2018,7,14,23096,Zemst,Normaal,Droog,Dag,met lichtgewonden,9,personenauto,3,Fiets,Op Kruispunt,Gewestweg,binnen bebouwde kom,Tss. 2 best.: langs opzij (voor-/achterkant-flank),Geen hindernis
8749,136,Gent R4,Gent,51.0876313,3.7587918,1.5601436763396288,51.09772918162459,3.7743019353285225,2018,7,23,44021,Gent,Normaal,Droog,"Nacht, geen openbare verlichting aanwezig",met lichtgewonden,3,Fiets,11,een weggebruiker tegen een hindernis,Buiten Kruispunt,Gemeenteweg,binnen bebouwde kom,Weggebruiker tegen hindernis op de rijbaan,"Op de rijbaan: Werken (signal., aarde, toestel,…)"
8750,7,Evergem 1,Evergem,51.1089,3.70317,1.4365623112802308,51.096739197517415,3.7101160615911852,2018,7,17,44021,Gent,Normaal,Droog,Dag,met lichtgewonden,5,Lichte vrachtauto,3,Fiets,Op Kruispunt,Gemeenteweg,binnen bebouwde kom,Tss. 2 best.: langs opzij (voor-/achterkant-flank),Geen hindernis
8750,6,Evergem 2,Evergem,51.10894,3.70298,1.445269359428875,51.096739197517415,3.7101160615911852,2018,7,17,44021,Gent,Normaal,Droog,Dag,met lichtgewonden,5,Lichte vrachtauto,3,Fiets,Op Kruispunt,Gemeenteweg,binnen bebouwde kom,Tss. 2 best.: langs opzij (voor-/achterkant-flank),Geen hindernis
8752,13,Gent,Gent,51.03018,3.70146,2.497431828593504,51.01817027696222,3.671285792619468,2018,7,18,44021,Gent,Normaal,Droog,Dag,met lichtgewonden,9,personenauto,3,Fiets,Op Kruispunt,Gewestweg,binnen bebouwde kom,Tussen 2 bestuurders: Flank tegen flank,Geen hindernis
8756,13,Gent,Gent,51.03018,3.70146,1.5241986890344073,51.01732650810015,3.7090316435469446,2018,7,17,44021,Gent,Normaal,Droog,Dag,met lichtgewonden,3,Fiets,9,personenauto,Op Kruispunt,Gewestweg,buiten bebouwde kom,Tussen 2 bestuurders: Flank tegen flank,Geen hindernis
8757,13,Gent,Gent,51.03018,3.70146,1.9705632337145877,51.04778487039954,3.704690890559789,2018,7,7,44021,Gent,Normaal,Droog,Dag,met lichtgewonden,9,personenauto,3,Fiets,Op Kruispunt,Gemeenteweg,binnen bebouwde kom,Tss. 2 best.: langs opzij (voor-/achterkant-flank),Geen hindernis
8760,136,Gent R4,Gent,51.0876313,3.7587918,2.2643149903787574,51.07425601849628,3.7343499588244753,2018,7,16,44021,Gent,Normaal,Droog,Dag,met lichtgewonden,9,personenauto,3,Fiets,Buiten Kruispunt,Gewestweg,binnen bebouwde kom,Tss. 2 best.: langs opzij (voor-/achterkant-flank),Geen hindernis
8761,136,Gent R4,Gent,51.0876313,3.7587918,1.0181781502225435,51.09666354517497,3.761187293032101,2018,7,12,44021,Gent,Normaal,Droog,Dag,met lichtgewonden,3,Fiets,9,personenauto,Buiten Kruispunt,Gemeenteweg,binnen bebouwde kom,Tss. 2 best.: langs opzij (voor-/achterkant-flank),Geen hindernis
8765,13,Gent,Gent,51.03018,3.70146,1.8336503788950886,51.03570626837951,3.7261658657468146,2018,7,18,44021,Gent,Normaal,Droog,Dag,met lichtgewonden,9,personenauto,3,Fiets,Op Kruispunt,Gemeenteweg,binnen bebouwde kom,Tss. 2 best.: langs opzij (voor-/achterkant-flank),Geen hindernis
8766,118,Gent teller 1,Gent,51.028049,3.7681359,1.674809633872129,51.039162566409146,3.7519700456651046,2018,7,12,44021,Gent,Normaal,Droog,Dag,met lichtgewonden,9,personenauto,3,Fiets,Buiten Kruispunt,Gemeenteweg,binnen bebouwde kom,Tss. 2 best.: langs opzij (voor-/achterkant-flank),Geen hindernis
8766,119,Gent teller 2,Gent,51.0281795,3.7683918,1.6763370613294775,51.039162566409146,3.7519700456651046,2018,7,12,44021,Gent,Normaal,Droog,Dag,met lichtgewonden,9,personenauto,3,Fiets,Buiten Kruispunt,Gemeenteweg,binnen bebouwde kom,Tss. 2 best.: langs opzij (voor-/achterkant-flank),Geen hindernis
8767,13,Gent,Gent,51.03018,3.70146,0.6923677339360135,51.036108301730515,3.7044879529996684,2018,7,18,44021,Gent,Normaal,Droog+Proper,Dag,met lichtgewonden,9,personenauto,3,Fiets,Op Kruispunt,Gemeenteweg,binnen bebouwde kom,Tss. 2 best.: langs opzij (voor-/achterkant-flank),Geen hindernis
8776,13,Gent,Gent,51.03018,3.70146,1.5899194431119126,51.044388793333574,3.7040029699932067,2018,7,17,44021,Gent,Normaal,Onbekend,Dag,met lichtgewonden,9,personenauto,3,Fiets,Buiten Kruispunt,Gemeenteweg,binnen bebouwde kom,Tss. 2 best.: langs opzij (voor-/achterkant-flank),Geen hindernis
8777,13,Gent,Gent,51.03018,3.70146,2.2331590742061715,51.03842551731252,3.7305804726951908,2018,7,21,44021,Gent,Normaal,Droog,Dageraad - schemering,met lichtgewonden,7,Motorfiets,3,Fiets,Buiten Kruispunt,Gewestweg,binnen bebouwde kom,Tussen 2 bestuurders: Frontale botsing,Geen hindernis
8778,136,Gent R4,Gent,51.0876313,3.7587918,0.8943278704361615,51.079653553223224,3.7604179699666522,2018,7,14,44021,Gent,Normaal,Droog,Dag,met lichtgewonden,7,Motorfiets,3,Fiets,Op Kruispunt,Gemeenteweg,binnen bebouwde kom,Tussen 2 bestuurders: Flank tegen flank,Geen hindernis
8783,118,Gent teller 1,Gent,51.028049,3.7681359,1.2050711580950422,51.03482085823443,3.7546817383139985,2018,7,16,44021,Gent,Normaal,Droog,Dag,met zwaargewonden,9,personenauto,3,Fiets,Op Kruispunt,Gewestweg,binnen bebouwde kom,Tss. 2 best.: langs opzij (voor-/achterkant-flank),Geen hindernis
8783,119,Gent teller 2,Gent,51.0281795,3.7683918,1.2101835940714012,51.03482085823443,3.7546817383139985,2018,7,16,44021,Gent,Normaal,Droog,Dag,met zwaargewonden,9,personenauto,3,Fiets,Op Kruispunt,Gewestweg,binnen bebouwde kom,Tss. 2 best.: langs opzij (voor-/achterkant-flank),Geen hindernis
8786,13,Gent,Gent,51.03018,3.70146,1.7978512510137241,51.04357865338606,3.7158514060664607,2018,7,23,44021,Gent,Normaal,Droog,"Nacht, openbare verlichting aanwezig en ontstoken",met lichtgewonden,9,personenauto,3,Fiets,Buiten Kruispunt,Gewestweg,binnen bebouwde kom,Tussen 2 bestuurders: Langs achteren,Geen hindernis
8802,117,Melle teller 1,Melle,50.9986113,3.8040599,2.023803315033345,51.013333445529824,3.7870532635518277,2018,7,20,44040,Melle,Normaal,Droog,Dag,met lichtgewonden,9,personenauto,3,Fiets,Op Kruispunt,Gewestweg,buiten bebouwde kom,Tss. 2 best.: langs opzij (voor-/achterkant-flank),Geen hindernis
8802,116,Melle teller 2,Melle,50.9986113,3.8040599,2.023803315033345,51.013333445529824,3.7870532635518277,2018,7,20,44040,Melle,Normaal,Droog,Dag,met lichtgewonden,9,personenauto,3,Fiets,Op Kruispunt,Gewestweg,buiten bebouwde kom,Tss. 2 best.: langs opzij (voor-/achterkant-flank),Geen hindernis
8802,118,Gent teller 1,Gent,51.028049,3.7681359,2.1043537135898087,51.013333445529824,3.7870532635518277,2018,7,20,44040,Melle,Normaal,Droog,Dag,met lichtgewonden,9,personenauto,3,Fiets,Op Kruispunt,Gewestweg,buiten bebouwde kom,Tss. 2 best.: langs opzij (voor-/achterkant-flank),Geen hindernis
8802,119,Gent teller 2,Gent,51.0281795,3.7683918,2.10450726979215,51.013333445529824,3.7870532635518277,2018,7,20,44040,Melle,Normaal,Droog,Dag,met lichtgewonden,9,personenauto,3,Fiets,Op Kruispunt,Gewestweg,buiten bebouwde kom,Tss. 2 best.: langs opzij (voor-/achterkant-flank),Geen hindernis
8803,119,Gent teller 2,Gent,51.0281795,3.7683918,0.804467190466417,51.02731914676758,3.779813181642759,2018,7,16,44040,Melle,Normaal,Droog,Dag,met lichtgewonden,3,Fiets,3,Fiets,Buiten Kruispunt,Gewestweg,binnen bebouwde kom,Tussen 2 bestuurders: Frontale botsing,Geen hindernis
8803,118,Gent teller 1,Gent,51.028049,3.7681359,0.820678781199346,51.02731914676758,3.779813181642759,2018,7,16,44040,Melle,Normaal,Droog,Dag,met lichtgewonden,3,Fiets,3,Fiets,Buiten Kruispunt,Gewestweg,binnen bebouwde kom,Tussen 2 bestuurders: Frontale botsing,Geen hindernis
8813,113,Deinze teller 2,Deinze,50.96018,3.55578,2.4591675372977395,50.9822238792279,3.552949426269093,2018,7,16,44083,Deinze,Normaal,Droog,Dag,met lichtgewonden,3,Fiets,6,Bromfiets,Buiten Kruispunt,Gewestweg,buiten bebouwde kom,Tss. 2 best.: langs opzij (voor-/achterkant-flank),Geen hindernis
8813,114,Deinze teller 1,Nazareth,50.9598305,3.555502,2.4964366378902394,50.9822238792279,3.552949426269093,2018,7,16,44083,Deinze,Normaal,Droog,Dag,met lichtgewonden,3,Fiets,6,Bromfiets,Buiten Kruispunt,Gewestweg,buiten bebouwde kom,Tss. 2 best.: langs opzij (voor-/achterkant-flank),Geen hindernis
8817,6,Evergem 2,Evergem,51.10894,3.70298,1.1641900948360386,51.09927578677631,3.6965659919795906,2018,7,10,44019,Evergem,Normaal,Droog,Dag,met zwaargewonden,4,Vrachtwagen,3,Fiets,Buiten Kruispunt,Gemeenteweg,buiten bebouwde kom,Tussen 2 bestuurders: Flank tegen flank,Geen hindernis
8817,7,Evergem 1,Evergem,51.1089,3.70317,1.1652711246561633,51.09927578677631,3.6965659919795906,2018,7,10,44019,Evergem,Normaal,Droog,Dag,met zwaargewonden,4,Vrachtwagen,3,Fiets,Buiten Kruispunt,Gemeenteweg,buiten bebouwde kom,Tussen 2 bestuurders: Flank tegen flank,Geen hindernis
8819,6,Evergem 2,Evergem,51.10894,3.70298,2.440952316837001,51.123944437482585,3.6774540375607154,2018,7,23,44019,Evergem,Normaal,Droog,"Nacht, openbare verlichting aanwezig en ontstoken",met lichtgewonden,3,Fiets,10,"één bestuurder, geen hindernis",Buiten Kruispunt,Gewestweg,binnen bebouwde kom,"Eén bestuurder, geen hindernis (incl. val)",Geen hindernis
8819,7,Evergem 1,Evergem,51.1089,3.70317,2.453680573702777,51.123944437482585,3.6774540375607154,2018,7,23,44019,Evergem,Normaal,Droog,"Nacht, openbare verlichting aanwezig en ontstoken",met lichtgewonden,3,Fiets,10,"één bestuurder, geen hindernis",Buiten Kruispunt,Gewestweg,binnen bebouwde kom,"Eén bestuurder, geen hindernis (incl. val)",Geen hindernis
8820,131,Nevele,Deinze,51.0276612,3.558569,2.2092851046333806,51.03620407288923,3.5300452506798603,2018,7,17,44083,Deinze,Normaal,Droog,Dag,met lichtgewonden,9,personenauto,3,Fiets,Buiten Kruispunt,Gemeenteweg,buiten bebouwde kom,Tss. 2 best.: langs opzij (voor-/achterkant-flank),Geen hindernis
8822,115,Aalter,Aalter,51.1058367,3.4350591,0.04732256380162977,51.1054127206667,3.4350003316829927,2018,7,6,44084,Aalter,Normaal,Droog,Dag,met zwaargewonden,3,Fiets,10,"één bestuurder, geen hindernis",Op Kruispunt,Gemeenteweg,buiten bebouwde kom,"Eén bestuurder, geen hindernis (incl. val)",Geen hindernis
8852,126,Hamme totem,Hamme,51.1017709,4.1469307,1.2912974318678978,51.113110923778926,4.142944572383947,2018,7,3,46025,Temse,Normaal,Droog,"Nacht, openbare verlichting aanwezig en ontstoken",met zwaargewonden,3,Fiets,11,een weggebruiker tegen een hindernis,Buiten Kruispunt,Gewestweg,buiten bebouwde kom,Weggebruiker tegen hindernis buiten rijbaan,Buiten de rijbaan: Andere paal
8855,126,Hamme totem,Hamme,51.1017709,4.1469307,1.4162108482117066,51.114218179238165,4.142633784859354,2018,7,18,46025,Temse,Normaal,Droog,Dag,met lichtgewonden,3,Fiets,10,"één bestuurder, geen hindernis",Buiten Kruispunt,Gemeenteweg,binnen bebouwde kom,"Eén bestuurder, geen hindernis (incl. val)",Geen hindernis
8858,126,Hamme totem,Hamme,51.1017709,4.1469307,1.096495311873006,51.11124223183948,4.142559229426894,2018,7,9,46025,Temse,Normaal,Onbekend,Dag,met lichtgewonden,3,Fiets,10,"één bestuurder, geen hindernis",Buiten Kruispunt,Gewestweg,binnen bebouwde kom,"Eén bestuurder, geen hindernis (incl. val)",Geen hindernis
8861,129,Lokeren teller 2,Lokeren,51.09612,3.97025,1.9794301743041374,51.082968173503204,3.951150167778265,2018,7,9,46014,Lokeren,Onbekend,Onbekend,Dag,met lichtgewonden,3,Fiets,10,"één bestuurder, geen hindernis",Buiten Kruispunt,Gewestweg,buiten bebouwde kom,"Eén bestuurder, geen hindernis (incl. val)",Geen hindernis
8861,128,Lokeren teller 1,Lokeren,51.09644,3.97023,2.0049302698050537,51.082968173503204,3.951150167778265,2018,7,9,46014,Lokeren,Onbekend,Onbekend,Dag,met lichtgewonden,3,Fiets,10,"één bestuurder, geen hindernis",Buiten Kruispunt,Gewestweg,buiten bebouwde kom,"Eén bestuurder, geen hindernis (incl. val)",Geen hindernis
8862,128,Lokeren teller 1,Lokeren,51.09644,3.97023,1.5947834483203356,51.10432498361386,3.989308129100873,2018,7,19,46014,Lokeren,Normaal,Droog,Dag,met lichtgewonden,9,personenauto,3,Fiets,Buiten Kruispunt,Gemeenteweg,binnen bebouwde kom,Tss. 2 best.: langs opzij (voor-/achterkant-flank),Geen hindernis
8862,129,Lokeren teller 2,Lokeren,51.09612,3.97025,1.613471095007725,51.10432498361386,3.989308129100873,2018,7,19,46014,Lokeren,Normaal,Droog,Dag,met lichtgewonden,9,personenauto,3,Fiets,Buiten Kruispunt,Gemeenteweg,binnen bebouwde kom,Tss. 2 best.: langs opzij (voor-/achterkant-flank),Geen hindernis
8862,141,Test site A support,Lokeren,51.08342085,3.9961071208376326,2.372432807018817,51.10432498361386,3.989308129100873,2018,7,19,46014,Lokeren,Normaal,Droog,Dag,met lichtgewonden,9,personenauto,3,Fiets,Buiten Kruispunt,Gemeenteweg,binnen bebouwde kom,Tss. 2 best.: langs opzij (voor-/achterkant-flank),Geen hindernis
8863,128,Lokeren teller 1,Lokeren,51.09644,3.97023,1.0180107435480212,51.10403226170157,3.9783772699282514,2018,7,12,46014,Lokeren,Normaal,Droog,Dag,met lichtgewonden,9,personenauto,3,Fiets,Buiten Kruispunt,Gemeenteweg,binnen bebouwde kom,Tss. 2 best.: langs opzij (voor-/achterkant-flank),Geen hindernis
8863,129,Lokeren teller 2,Lokeren,51.09612,3.97025,1.0469508119703534,51.10403226170157,3.9783772699282514,2018,7,12,46014,Lokeren,Normaal,Droog,Dag,met lichtgewonden,9,personenauto,3,Fiets,Buiten Kruispunt,Gemeenteweg,binnen bebouwde kom,Tss. 2 best.: langs opzij (voor-/achterkant-flank),Geen hindernis
8865,141,Test site A support,Lokeren,51.08342085,3.9961071208376326,1.5150766373326598,51.09704562992974,3.996315995387428,2018,7,13,46014,Lokeren,Normaal,Droog,Dag,met lichtgewonden,9,personenauto,3,Fiets,Buiten Kruispunt,Gewestweg,buiten bebouwde kom,Tussen 2 bestuurders: Frontale botsing,Geen hindernis
8865,128,Lokeren teller 1,Lokeren,51.09644,3.97023,1.8228613860371692,51.09704562992974,3.996315995387428,2018,7,13,46014,Lokeren,Normaal,Droog,Dag,met lichtgewonden,9,personenauto,3,Fiets,Buiten Kruispunt,Gewestweg,buiten bebouwde kom,Tussen 2 bestuurders: Frontale botsing,Geen hindernis
8865,129,Lokeren teller 2,Lokeren,51.09612,3.97025,1.8231343436595306,51.09704562992974,3.996315995387428,2018,7,13,46014,Lokeren,Normaal,Droog,Dag,met lichtgewonden,9,personenauto,3,Fiets,Buiten Kruispunt,Gewestweg,buiten bebouwde kom,Tussen 2 bestuurders: Frontale botsing,Geen hindernis
8866,128,Lokeren teller 1,Lokeren,51.09644,3.97023,1.8093516394394435,51.107888149188994,3.98864514544179,2018,7,22,46014,Lokeren,Onbekend,Droog,Dageraad - schemering,met lichtgewonden,9,personenauto,3,Fiets,Buiten Kruispunt,Gemeenteweg,binnen bebouwde kom,Tussen 2 bestuurders: Flank tegen flank,Geen hindernis
8866,129,Lokeren teller 2,Lokeren,51.09612,3.97025,1.833584663086963,51.107888149188994,3.98864514544179,2018,7,22,46014,Lokeren,Onbekend,Droog,Dageraad - schemering,met lichtgewonden,9,personenauto,3,Fiets,Buiten Kruispunt,Gemeenteweg,binnen bebouwde kom,Tussen 2 bestuurders: Flank tegen flank,Geen hindernis
8867,126,Hamme totem,Hamme,51.1017709,4.1469307,1.0040288121011591,51.09384596266376,4.1400398735935,2018,7,18,42008,Hamme,Normaal,Droog,Dag,met lichtgewonden,3,Fiets,9,personenauto,Buiten Kruispunt,Gemeenteweg,binnen bebouwde kom,Tss. 2 best.: langs opzij (voor-/achterkant-flank),Geen hindernis
8868,126,Hamme totem,Hamme,51.1017709,4.1469307,0.5637770813601238,51.09708467822101,4.143848641002949,2018,7,8,42008,Hamme,Normaal,Droog,Dag,met lichtgewonden,9,personenauto,3,Fiets,Buiten Kruispunt,Gewestweg,binnen bebouwde kom,Tussen 2 bestuurders: Flank tegen flank,Geen hindernis
8869,126,Hamme totem,Hamme,51.1017709,4.1469307,1.854867294121586,51.09003586506236,4.128053127306837,2018,7,13,42008,Hamme,Normaal,Droog,Dag,met lichtgewonden,3,Fiets,9,personenauto,Op Kruispunt,Gemeenteweg,binnen bebouwde kom,Tss. 2 best.: langs opzij (voor-/achterkant-flank),Geen hindernis
8870,126,Hamme totem,Hamme,51.1017709,4.1469307,0.9740345578617571,51.093011309385716,4.147001428635916,2018,7,14,42008,Hamme,Normaal,Droog,Dag,met lichtgewonden,3,Fiets,3,Fiets,Buiten Kruispunt,Gemeenteweg,binnen bebouwde kom,Tss. 2 best.: langs opzij (voor-/achterkant-flank),Geen hindernis
8873,120,Zele teller 1,Zele,51.0607671,4.0547741,1.91260948673197,51.06918106337722,4.03090209356224,2018,7,11,42028,Zele,Normaal,Droog,Dag,met lichtgewonden,3,Fiets,9,personenauto,Op Kruispunt,Gemeenteweg,binnen bebouwde kom,Tussen 2 bestuurders: Frontale botsing,Geen hindernis
8873,121,Zele teller 2,Zele,51.0604067,4.0556696,1.986802192264055,51.06918106337722,4.03090209356224,2018,7,11,42028,Zele,Normaal,Droog,Dag,met lichtgewonden,3,Fiets,9,personenauto,Op Kruispunt,Gemeenteweg,binnen bebouwde kom,Tussen 2 bestuurders: Frontale botsing,Geen hindernis
8874,121,Zele teller 2,Zele,51.0604067,4.0556696,0.02338538638642517,51.06032573010651,4.055360772966991,2018,7,9,42028,Zele,Normaal,Droog,Dag,met lichtgewonden,9,personenauto,3,Fiets,Op Kruispunt,Gewestweg,buiten bebouwde kom,Tss. 2 best.: langs opzij (voor-/achterkant-flank),Geen hindernis
8874,120,Zele teller 1,Zele,51.0607671,4.0547741,0.06395054309792224,51.06032573010651,4.055360772966991,2018,7,9,42028,Zele,Normaal,Droog,Dag,met lichtgewonden,9,personenauto,3,Fiets,Op Kruispunt,Gewestweg,buiten bebouwde kom,Tss. 2 best.: langs opzij (voor-/achterkant-flank),Geen hindernis
8876,121,Zele teller 2,Zele,51.0604067,4.0556696,1.3159838887950281,51.050941131540256,4.0669717257590525,2018,7,10,42028,Zele,Normaal,Droog,Dag,met zwaargewonden,3,Fiets,10,"één bestuurder, geen hindernis",Buiten Kruispunt,Gemeenteweg,buiten bebouwde kom,"Eén bestuurder, geen hindernis (incl. val)",Geen hindernis
8876,120,Zele teller 1,Zele,51.0607671,4.0547741,1.3858478762325128,51.050941131540256,4.0669717257590525,2018,7,10,42028,Zele,Normaal,Droog,Dag,met zwaargewonden,3,Fiets,10,"één bestuurder, geen hindernis",Buiten Kruispunt,Gemeenteweg,buiten bebouwde kom,"Eén bestuurder, geen hindernis (incl. val)",Geen hindernis