crash_row_id,site_id,site_name,site_gemeente,site_lat,site_long,distance_km,crash_lat,crash_long,DT_YEAR_COLLISION,DT_MONTH_COLLISION,DT_TIME,CD_NIS,TX_MUNTY_COLLISION_NL,TX_WEATHER_NL,TX_ROAD_CONDITION_NL,TX_LIGHT_CONDITION_NL,TX_CLASS_ACCIDENTS_NL,CD_ROAD_USR_TYPE1,TX_ROAD_USR_TYPE1_NL,CD_ROAD_USR_TYPE2,TX_ROAD_USR_TYPE2_NL,TX_CROSSWAY_NL,CD_ROAD_TYPE_NL,TX_BUILD_UP_AREA_NL,TX_COLLISION_TYPE_NL,TX_OBSTACLES_NL
8889,11,Aalst 3,Aalst,50.93385,4.01647,2.1525210629359415,50.919635886729964,4.037318876655304,2018,7,15,41002,Aalst,Normaal,Droog,Dag,met lichtgewonden,3,Fiets,9,personenauto,Buiten Kruispunt,Gemeenteweg,onbekend,Tussen 2 bestuurders: Langs achteren,Geen hindernis
8889,19,Aalst 1,Aalst,50.93433,4.01471,2.2760945769521803,50.919635886729964,4.037318876655304,2018,7,15,41002,Aalst,Normaal,Droog,Dag,met lichtgewonden,3,Fiets,9,personenauto,Buiten Kruispunt,Gemeenteweg,onbekend,Tussen 2 bestuurders: Langs achteren,Geen hindernis
8889,10,Aalst 2,Aalst,50.93549,4.01571,2.324108987536664,50.919635886729964,4.037318876655304,2018,7,15,41002,Aalst,Normaal,Droog,Dag,met lichtgewonden,3,Fiets,9,personenauto,Buiten Kruispunt,Gemeenteweg,onbekend,Tussen 2 bestuurders: Langs achteren,Geen hindernis
8890,10,Aalst 2,Aalst,50.93549,4.01571,1.6072317335322726,50.94334637208016,4.034963816665272,2018,7,13,41002,Aalst,Normaal,Droog,Dag,met lichtgewonden,3,Fiets,9,personenauto,Buiten Kruispunt,Gemeenteweg,binnen bebouwde kom,Tussen 2 bestuurders: Langs achteren,Geen hindernis
8890,11,Aalst 3,Aalst,50.93385,4.01647,1.6716085456597811,50.94334637208016,4.034963816665272,2018,7,13,41002,Aalst,Normaal,Droog,Dag,met lichtgewonden,3,Fiets,9,personenauto,Buiten Kruispunt,Gemeenteweg,binnen bebouwde kom,Tussen 2 bestuurders: Langs achteren,Geen hindernis
8890,19,Aalst 1,Aalst,50.93433,4.01471,1.737587396806342,50.94334637208016,4.034963816665272,2018,7,13,41002,Aalst,Normaal,Droog,Dag,met lichtgewonden,3,Fiets,9,personenauto,Buiten Kruispunt,Gemeenteweg,binnen bebouwde kom,Tussen 2 bestuurders: Langs achteren,Geen hindernis
8891,10,Aalst 2,Aalst,50.93549,4.01571,0.9583294134708267,50.94214714721543,4.024396188443314,2018,7,15,41002,Aalst,Normaal,Droog,Dag,met lichtgewonden,3,Fiets,10,"één bestuurder, geen hindernis",Buiten Kruispunt,Gemeenteweg,binnen bebouwde kom,"Eén bestuurder, geen hindernis (incl. val)",Geen hindernis
8891,11,Aalst 3,Aalst,50.93385,4.01647,1.0768723571130534,50.94214714721543,4.024396188443314,2018,7,15,41002,Aalst,Normaal,Droog,Dag,met lichtgewonden,3,Fiets,10,"één bestuurder, geen hindernis",Buiten Kruispunt,Gemeenteweg,binnen bebouwde kom,"Eén bestuurder, geen hindernis (incl. val)",Geen hindernis
8891,19,Aalst 1,Aalst,50.93433,4.01471,1.1028187584444944,50.94214714721543,4.024396188443314,2018,7,15,41002,Aalst,Normaal,Droog,Dag,met lichtgewonden,3,Fiets,10,"één bestuurder, geen hindernis",Buiten Kruispunt,Gemeenteweg,binnen bebouwde kom,"Eén bestuurder, geen hindernis (incl. val)",Geen hindernis
8892,11,Aalst 3,Aalst,50.93385,4.01647,1.1072250375294266,50.93101340132277,4.031615007447943,2018,7,11,41002,Aalst,Normaal,Droog,Dag,met lichtgewonden,9,personenauto,3,Fiets,Op Kruispunt,Gewestweg,binnen bebouwde kom,Tss. 2 best.: langs opzij (voor-/achterkant-flank),Geen hindernis
8892,10,Aalst 2,Aalst,50.93549,4.01571,1.2206917421793455,50.93101340132277,4.031615007447943,2018,7,11,41002,Aalst,Normaal,Droog,Dag,met lichtgewonden,9,personenauto,3,Fiets,Op Kruispunt,Gewestweg,binnen bebouwde kom,Tss. 2 best.: langs opzij (voor-/achterkant-flank),Geen hindernis
8892,19,Aalst 1,Aalst,50.93433,4.01471,1.2407560260018315,50.93101340132277,4.031615007447943,2018,7,11,41002,Aalst,Normaal,Droog,Dag,met lichtgewonden,9,personenauto,3,Fiets,Op Kruispunt,Gewestweg,binnen bebouwde kom,Tss. 2 best.: langs opzij (voor-/achterkant-flank),Geen hindernis
8894,10,Aalst 2,Aalst,50.93549,4.01571,2.043718965715749,50.94069634068109,4.043681950459204,2018,7,22,41002,Aalst,Normaal,Droog,"Nacht, openbare verlichting aanwezig en ontstoken",met zwaargewonden,9,personenauto,3,Fiets,Buiten Kruispunt,Gemeenteweg,binnen bebouwde kom,Tussen 2 bestuurders: Flank tegen flank,Geen hindernis
8894,11,Aalst 3,Aalst,50.93385,4.01647,2.0531424604049002,50.94069634068109,4.043681950459204,2018,7,22,41002,Aalst,Normaal,Droog,"Nacht, openbare verlichting aanwezig en ontstoken",met zwaargewonden,9,personenauto,3,Fiets,Buiten Kruispunt,Gemeenteweg,binnen bebouwde kom,Tussen 2 bestuurders: Flank tegen flank,Geen hindernis
8894,19,Aalst 1,Aalst,50.93433,4.01471,2.149990767337701,50.94069634068109,4.043681950459204,2018,7,22,41002,Aalst,Normaal,Droog,"Nacht, openbare verlichting aanwezig en ontstoken",met zwaargewonden,9,personenauto,3,Fiets,Buiten Kruispunt,Gemeenteweg,binnen bebouwde kom,Tussen 2 bestuurders: Flank tegen flank,Geen hindernis
8895,10,Aalst 2,Aalst,50.93549,4.01571,2.05742751216669,50.945911210290745,4.039973557455253,2018,7,22,41002,Aalst,Normaal,Proper,"Nacht, openbare verlichting aanwezig en ontstoken",met lichtgewonden,9,personenauto,3,Fiets,Op Kruispunt,Gemeenteweg,binnen bebouwde kom,Tss. 2 best.: langs opzij (voor-/achterkant-flank),Geen hindernis
8895,11,Aalst 3,Aalst,50.93385,4.01647,2.123856562016996,50.945911210290745,4.039973557455253,2018,7,22,41002,Aalst,Normaal,Proper,"Nacht, openbare verlichting aanwezig en ontstoken",met lichtgewonden,9,personenauto,3,Fiets,Op Kruispunt,Gemeenteweg,binnen bebouwde kom,Tss. 2 best.: langs opzij (voor-/achterkant-flank),Geen hindernis
8895,19,Aalst 1,Aalst,50.93433,4.01471,2.1890187715717286,50.945911210290745,4.039973557455253,2018,7,22,41002,Aalst,Normaal,Proper,"Nacht, openbare verlichting aanwezig en ontstoken",met lichtgewonden,9,personenauto,3,Fiets,Op Kruispunt,Gemeenteweg,binnen bebouwde kom,Tss. 2 best.: langs opzij (voor-/achterkant-flank),Geen hindernis
8897,10,Aalst 2,Aalst,50.93549,4.01571,1.5927841423369158,50.94110257867451,4.036623663381463,2018,7,17,41002,Aalst,Normaal,Droog,Dag,met lichtgewonden,3,Fiets,9,personenauto,Buiten Kruispunt,Gemeenteweg,binnen bebouwde kom,Tussen 2 bestuurders: Frontale botsing,Geen hindernis
8897,11,Aalst 3,Aalst,50.93385,4.01647,1.6262418770296991,50.94110257867451,4.036623663381463,2018,7,17,41002,Aalst,Normaal,Droog,Dag,met lichtgewonden,3,Fiets,9,personenauto,Buiten Kruispunt,Gemeenteweg,binnen bebouwde kom,Tussen 2 bestuurders: Frontale botsing,Geen hindernis
8897,19,Aalst 1,Aalst,50.93433,4.01471,1.7102429276320374,50.94110257867451,4.036623663381463,2018,7,17,41002,Aalst,Normaal,Droog,Dag,met lichtgewonden,3,Fiets,9,personenauto,Buiten Kruispunt,Gemeenteweg,binnen bebouwde kom,Tussen 2 bestuurders: Frontale botsing,Geen hindernis
8901,122,Dendermonde teller 2,Dendermonde,51.0373918,4.1019222,1.422145833311525,51.04968924607374,4.107511281458884,2018,7,20,42006,Dendermonde,Normaal,Droog,Dag,met lichtgewonden,9,personenauto,3,Fiets,Buiten Kruispunt,Gewestweg,binnen bebouwde kom,Tss. 2 best.: langs opzij (voor-/achterkant-flank),Geen hindernis
8901,125,Dendermonde totem,Dendermonde,51.0372706,4.1025998,1.4229410248704941,51.04968924607374,4.107511281458884,2018,7,20,42006,Dendermonde,Normaal,Droog,Dag,met lichtgewonden,9,personenauto,3,Fiets,Buiten Kruispunt,Gewestweg,binnen bebouwde kom,Tss. 2 best.: langs opzij (voor-/achterkant-flank),Geen hindernis
8903,122,Dendermonde teller 2,Dendermonde,51.0373918,4.1019222,0.10313185568039776,51.038280527725874,4.102344143554155,2018,7,15,42006,Dendermonde,Normaal,Droog,Dag,met lichtgewonden,9,personenauto,3,Fiets,Buiten Kruispunt,Gewestweg,binnen bebouwde kom,Tss. 2 best.: langs opzij (voor-/achterkant-flank),Geen hindernis
8903,125,Dendermonde totem,Dendermonde,51.0372706,4.1025998,0.11371264234002253,51.038280527725874,4.102344143554155,2018,7,15,42006,Dendermonde,Normaal,Droog,Dag,met lichtgewonden,9,personenauto,3,Fiets,Buiten Kruispunt,Gewestweg,binnen bebouwde kom,Tss. 2 best.: langs opzij (voor-/achterkant-flank),Geen hindernis
8906,142,TEST Validatie BRUGGE Y2H22022134,Brugge,51.22632,3.24095,0.6728511395076101,51.221903282149036,3.234345520493266,2018,7,9,31005,Brugge,Normaal,Droog,Dag,met lichtgewonden,3,Fiets,9,personenauto,Op Kruispunt,Gewestweg,binnen bebouwde kom,Tussen 2 bestuurders: Langs achteren,Geen hindernis
8906,52,Brugge,Brugge,51.22632,3.24095,0.6728511395076101,51.221903282149036,3.234345520493266,2018,7,9,31005,Brugge,Normaal,Droog,Dag,met lichtgewonden,3,Fiets,9,personenauto,Op Kruispunt,Gewestweg,binnen bebouwde kom,Tussen 2 bestuurders: Langs achteren,Geen hindernis
8906,54,Brugge teller 2,Brugge,51.23015,3.22818,1.0125266012364293,51.221903282149036,3.234345520493266,2018,7,9,31005,Brugge,Normaal,Droog,Dag,met lichtgewonden,3,Fiets,9,personenauto,Op Kruispunt,Gewestweg,binnen bebouwde kom,Tussen 2 bestuurders: Langs achteren,Geen hindernis
8906,53,Brugge teller 1,Brugge,51.23023,3.228,1.0259256888321373,51.221903282149036,3.234345520493266,2018,7,9,31005,Brugge,Normaal,Droog,Dag,met lichtgewonden,3,Fiets,9,personenauto,Op Kruispunt,Gewestweg,binnen bebouwde kom,Tussen 2 bestuurders: Langs achteren,Geen hindernis
8907,54,Brugge teller 2,Brugge,51.23015,3.22818,1.0158057745221643,51.2210609621783,3.2267128539912386,2018,7,17,31005,Brugge,Normaal,Droog,Dag,met lichtgewonden,9,personenauto,3,Fiets,Op Kruispunt,Gewestweg,binnen bebouwde kom,Tss. 2 best.: langs opzij (voor-/achterkant-flank),Geen hindernis
8907,53,Brugge teller 1,Brugge,51.23023,3.228,1.0234828402620775,51.2210609621783,3.2267128539912386,2018,7,17,31005,Brugge,Normaal,Droog,Dag,met lichtgewonden,9,personenauto,3,Fiets,Op Kruispunt,Gewestweg,binnen bebouwde kom,Tss. 2 best.: langs opzij (voor-/achterkant-flank),Geen hindernis
8907,52,Brugge,Brugge,51.22632,3.24095,1.1510730100536437,51.2210609621783,3.2267128539912386,2018,7,17,31005,Brugge,Normaal,Droog,Dag,met lichtgewonden,9,personenauto,3,Fiets,Op Kruispunt,Gewestweg,binnen bebouwde kom,Tss. 2 best.: langs opzij (voor-/achterkant-flank),Geen hindernis
8907,142,TEST Validatie BRUGGE Y2H22022134,Brugge,51.22632,3.24095,1.1510730100536437,51.2210609621783,3.2267128539912386,2018,7,17,31005,Brugge,Normaal,Droog,Dag,met lichtgewonden,9,personenauto,3,Fiets,Op Kruispunt,Gewestweg,binnen bebouwde kom,Tss. 2 best.: langs opzij (voor-/achterkant-flank),Geen hindernis
8909,50,"Brugge, Sint-Andries",Brugge,51.19291,3.16252,1.8964178394732503,51.200881726274005,3.186580105249845,2018,7,19,31005,Brugge,Normaal,Droog,Dag,met lichtgewonden,3,Fiets,9,personenauto,Op Kruispunt,Gemeenteweg,binnen bebouwde kom,Tussen 2 bestuurders: Flank tegen flank,Geen hindernis
8909,51,"Brugge, Sint-Andries",Brugge,51.19281,3.16252,1.901642276201705,51.200881726274005,3.186580105249845,2018,7,19,31005,Brugge,Normaal,Droog,Dag,met lichtgewonden,3,Fiets,9,personenauto,Op Kruispunt,Gemeenteweg,binnen bebouwde kom,Tussen 2 bestuurders: Flank tegen flank,Geen hindernis
8911,142,TEST Validatie BRUGGE Y2H22022134,Brugge,51.22632,3.24095,2.0342664825301653,51.20962315914839,3.252887482357472,2018,7,12,31005,Brugge,Normaal,Droog,Dag,met lichtgewonden,6,Bromfiets,3,Fiets,Buiten Kruispunt,Gewestweg,binnen bebouwde kom,Tussen 2 bestuurders: Frontale botsing,Geen hindernis
8911,52,Brugge,Brugge,51.22632,3.24095,2.0342664825301653,51.20962315914839,3.252887482357472,2018,7,12,31005,Brugge,Normaal,Droog,Dag,met lichtgewonden,6,Bromfiets,3,Fiets,Buiten Kruispunt,Gewestweg,binnen bebouwde kom,Tussen 2 bestuurders: Frontale botsing,Geen hindernis
8912,54,Brugge teller 2,Brugge,51.23015,3.22818,2.492759847992575,51.20958194363193,3.213942669866382,2018,7,17,31005,Brugge,Normaal,Droog,Dag,met lichtgewonden,3,Fiets,3,Fiets,Op Kruispunt,Gewestweg,binnen bebouwde kom,Tussen 2 bestuurders: Flank tegen flank,Geen hindernis
8912,53,Brugge teller 1,Brugge,51.23023,3.228,2.495979810724326,51.20958194363193,3.213942669866382,2018,7,17,31005,Brugge,Normaal,Droog,Dag,met lichtgewonden,3,Fiets,3,Fiets,Op Kruispunt,Gewestweg,binnen bebouwde kom,Tussen 2 bestuurders: Flank tegen flank,Geen hindernis
8914,142,TEST Validatie BRUGGE Y2H22022134,Brugge,51.22632,3.24095,0.2554551330810186,51.22412223574202,3.2398815770071043,2018,7,7,31005,Brugge,Normaal,Droog,Dag,met lichtgewonden,9,personenauto,3,Fiets,Op Kruispunt,Gewestweg,binnen bebouwde kom,Tss. 2 best.: langs opzij (voor-/achterkant-flank),Geen hindernis
8914,52,Brugge,Brugge,51.22632,3.24095,0.2554551330810186,51.22412223574202,3.2398815770071043,2018,7,7,31005,Brugge,Normaal,Droog,Dag,met lichtgewonden,9,personenauto,3,Fiets,Op Kruispunt,Gewestweg,binnen bebouwde kom,Tss. 2 best.: langs opzij (voor-/achterkant-flank),Geen hindernis
8914,54,Brugge teller 2,Brugge,51.23015,3.22818,1.0550783851219496,51.22412223574202,3.2398815770071043,2018,7,7,31005,Brugge,Normaal,Droog,Dag,met lichtgewonden,9,personenauto,3,Fiets,Op Kruispunt,Gewestweg,binnen bebouwde kom,Tss. 2 best.: langs opzij (voor-/achterkant-flank),Geen hindernis
8914,53,Brugge teller 1,Brugge,51.23023,3.228,1.0704094875626122,51.22412223574202,3.2398815770071043,2018,7,7,31005,Brugge,Normaal,Droog,Dag,met lichtgewonden,9,personenauto,3,Fiets,Op Kruispunt,Gewestweg,binnen bebouwde kom,Tss. 2 best.: langs opzij (voor-/achterkant-flank),Geen hindernis
8915,142,TEST Validatie BRUGGE Y2H22022134,Brugge,51.22632,3.24095,1.5167947266986235,51.212679769570585,3.2407403130509933,2018,7,14,31005,Brugge,Normaal,Droog,Dag,met lichtgewonden,3,Fiets,3,Fiets,Op Kruispunt,Gewestweg,binnen bebouwde kom,Tss. 2 best.: langs opzij (voor-/achterkant-flank),Geen hindernis
8915,52,Brugge,Brugge,51.22632,3.24095,1.5167947266986235,51.212679769570585,3.2407403130509933,2018,7,14,31005,Brugge,Normaal,Droog,Dag,met lichtgewonden,3,Fiets,3,Fiets,Op Kruispunt,Gewestweg,binnen bebouwde kom,Tss. 2 best.: langs opzij (voor-/achterkant-flank),Geen hindernis
8915,54,Brugge teller 2,Brugge,51.23015,3.22818,2.130460019328511,51.212679769570585,3.2407403130509933,2018,7,14,31005,Brugge,Normaal,Droog,Dag,met lichtgewonden,3,Fiets,3,Fiets,Op Kruispunt,Gewestweg,binnen bebouwde kom,Tss. 2 best.: langs opzij (voor-/achterkant-flank),Geen hindernis
8915,53,Brugge teller 1,Brugge,51.23023,3.228,2.1437319814834743,51.212679769570585,3.2407403130509933,2018,7,14,31005,Brugge,Normaal,Droog,Dag,met lichtgewonden,3,Fiets,3,Fiets,Op Kruispunt,Gewestweg,binnen bebouwde kom,Tss. 2 best.: langs opzij (voor-/achterkant-flank),Geen hindernis
8916,142,TEST Validatie BRUGGE Y2H22022134,Brugge,51.22632,3.24095,2.359531987464286,51.20694292036406,3.2271417857034246,2018,7,9,31005,Brugge,Normaal,Droog,Dag,met lichtgewonden,3,Fiets,5,Lichte vrachtauto,Op Kruispunt,Gemeenteweg,binnen bebouwde kom,Tss. 2 best.: langs opzij (voor-/achterkant-flank),Geen hindernis
8916,52,Brugge,Brugge,51.22632,3.24095,2.359531987464286,51.20694292036406,3.2271417857034246,2018,7,9,31005,Brugge,Normaal,Droog,Dag,met lichtgewonden,3,Fiets,5,Lichte vrachtauto,Op Kruispunt,Gemeenteweg,binnen bebouwde kom,Tss. 2 best.: langs opzij (voor-/achterkant-flank),Geen hindernis
8918,54,Brugge teller 2,Brugge,51.23015,3.22818,1.0173867386213324,51.221037094640984,3.2268732158470024,2018,7,7,31005,Brugge,Normaal,Droog,Dag,met lichtgewonden,3,Fiets,11,een weggebruiker tegen een hindernis,Buiten Kruispunt,Gewestweg,binnen bebouwde kom,Weggebruiker tegen hindernis buiten rijbaan,Andere hindernis
8918,53,Brugge teller 1,Brugge,51.23023,3.228,1.0252115368225614,51.221037094640984,3.2268732158470024,2018,7,7,31005,Brugge,Normaal,Droog,Dag,met lichtgewonden,3,Fiets,11,een weggebruiker tegen een hindernis,Buiten Kruispunt,Gewestweg,binnen bebouwde kom,Weggebruiker tegen hindernis buiten rijbaan,Andere hindernis
8918,52,Brugge,Brugge,51.22632,3.24095,1.1428302202758054,51.221037094640984,3.2268732158470024,2018,7,7,31005,Brugge,Normaal,Droog,Dag,met lichtgewonden,3,Fiets,11,een weggebruiker tegen een hindernis,Buiten Kruispunt,Gewestweg,binnen bebouwde kom,Weggebruiker tegen hindernis buiten rijbaan,Andere hindernis
8918,142,TEST Validatie BRUGGE Y2H22022134,Brugge,51.22632,3.24095,1.1428302202758054,51.221037094640984,3.2268732158470024,2018,7,7,31005,Brugge,Normaal,Droog,Dag,met lichtgewonden,3,Fiets,11,een weggebruiker tegen een hindernis,Buiten Kruispunt,Gewestweg,binnen bebouwde kom,Weggebruiker tegen hindernis buiten rijbaan,Andere hindernis
8919,53,Brugge teller 1,Brugge,51.23023,3.228,1.740468754412598,51.233647492630084,3.20360599847962,2018,7,16,31005,Brugge,Normaal,Droog,Dag,met lichtgewonden,3,Fiets,8,Voetganger,Buiten Kruispunt,Gewestweg,binnen bebouwde kom,Met een voetganger,Geen hindernis
8919,54,Brugge teller 2,Brugge,51.23015,3.22818,1.7546529669967232,51.233647492630084,3.20360599847962,2018,7,16,31005,Brugge,Normaal,Droog,Dag,met lichtgewonden,3,Fiets,8,Voetganger,Buiten Kruispunt,Gewestweg,binnen bebouwde kom,Met een voetganger,Geen hindernis
8920,142,TEST Validatie BRUGGE Y2H22022134,Brugge,51.22632,3.24095,2.4964695019836416,51.20702705455323,3.222618745077108,2018,7,20,31005,Brugge,Normaal,Droog,Dag,met lichtgewonden,3,Fiets,8,Voetganger,Buiten Kruispunt,Gewestweg,binnen bebouwde kom,Met een voetganger,Geen hindernis
8920,52,Brugge,Brugge,51.22632,3.24095,2.4964695019836416,51.20702705455323,3.222618745077108,2018,7,20,31005,Brugge,Normaal,Droog,Dag,met lichtgewonden,3,Fiets,8,Voetganger,Buiten Kruispunt,Gewestweg,binnen bebouwde kom,Met een voetganger,Geen hindernis
8944,15,Oostende 2,Oostende,51.21371,2.92743,1.6305271005073603,51.2161934221541,2.9043587221727236,2018,7,15,35013,Oostende,Normaal,Droog,Dag,met lichtgewonden,9,personenauto,3,Fiets,Buiten Kruispunt,Gemeenteweg,binnen bebouwde kom,Tss. 2 best.: langs opzij (voor-/achterkant-flank),Geen hindernis
8944,18,Oostende 1,Oostende,51.21378,2.92765,1.6443419087239983,51.2161934221541,2.9043587221727236,2018,7,15,35013,Oostende,Normaal,Droog,Dag,met lichtgewonden,9,personenauto,3,Fiets,Buiten Kruispunt,Gemeenteweg,binnen bebouwde kom,Tss. 2 best.: langs opzij (voor-/achterkant-flank),Geen hindernis
8945,18,Oostende 1,Oostende,51.21378,2.92765,1.0553000545577218,51.21422692449175,2.9427837976435436,2018,7,7,35013,Oostende,Normaal,Droog,Dag,met lichtgewonden,9,personenauto,3,Fiets,Op Kruispunt,Gemeenteweg,binnen bebouwde kom,Tss. 2 best.: langs opzij (voor-/achterkant-flank),Geen hindernis
8945,15,Oostende 2,Oostende,51.21371,2.92743,1.0709975122432116,51.21422692449175,2.9427837976435436,2018,7,7,35013,Oostende,Normaal,Droog,Dag,met lichtgewonden,9,personenauto,3,Fiets,Op Kruispunt,Gemeenteweg,binnen bebouwde kom,Tss. 2 best.: langs opzij (voor-/achterkant-flank),Geen hindernis
8946,15,Oostende 2,Oostende,51.21371,2.92743,2.186930848519507,51.22524653091411,2.9019986992067364,2018,7,17,35013,Oostende,Normaal,Droog,Dag,met lichtgewonden,3,Fiets,9,personenauto,Op Kruispunt,Gewestweg,binnen bebouwde kom,Tss. 2 best.: langs opzij (voor-/achterkant-flank),Geen hindernis
8946,18,Oostende 1,Oostende,51.21378,2.92765,2.1948265329889227,51.22524653091411,2.9019986992067364,2018,7,17,35013,Oostende,Normaal,Droog,Dag,met lichtgewonden,3,Fiets,9,personenauto,Op Kruispunt,Gewestweg,binnen bebouwde kom,Tss. 2 best.: langs opzij (voor-/achterkant-flank),Geen hindernis
8948,15,Oostende 2,Oostende,51.21371,2.92743,1.6413907789177276,51.222614837462146,2.9086340873819134,2018,7,18,35013,Oostende,Normaal,Droog,Dag,met lichtgewonden,3,Fiets,9,personenauto,Op Kruispunt,Gewestweg,binnen bebouwde kom,Tss. 2 best.: langs opzij (voor-/achterkant-flank),Geen hindernis
8948,18,Oostende 1,Oostende,51.21378,2.92765,1.64898731961145,51.222614837462146,2.9086340873819134,2018,7,18,35013,Oostende,Normaal,Droog,Dag,met lichtgewonden,3,Fiets,9,personenauto,Op Kruispunt,Gewestweg,binnen bebouwde kom,Tss. 2 best.: langs opzij (voor-/achterkant-flank),Geen hindernis
8949,15,Oostende 2,Oostende,51.21371,2.92743,1.4546963688814538,51.21516177313693,2.9066741854325087,2018,7,9,35013,Oostende,Normaal,Droog,Dag,met lichtgewonden,3,Fiets,9,personenauto,Op Kruispunt,Gewestweg,binnen bebouwde kom,Tss. 2 best.: langs opzij (voor-/achterkant-flank),Geen hindernis
8949,18,Oostende 1,Oostende,51.21378,2.92765,1.4690908928546353,51.21516177313693,2.9066741854325087,2018,7,9,35013,Oostende,Normaal,Droog,Dag,met lichtgewonden,3,Fiets,9,personenauto,Op Kruispunt,Gewestweg,binnen bebouwde kom,Tss. 2 best.: langs opzij (voor-/achterkant-flank),Geen hindernis
8950,15,Oostende 2,Oostende,51.21371,2.92743,2.067819838292077,51.230227137133134,2.913787288740502,2018,7,2,35013,Oostende,Normaal,Droog,"Nacht, openbare verlichting aanwezig en ontstoken",met lichtgewonden,3,Fiets,9,personenauto,Op Kruispunt,Gewestweg,binnen bebouwde kom,Tss. 2 best.: langs opzij (voor-/achterkant-flank),Geen hindernis
8950,18,Oostende 1,Oostende,51.21378,2.92765,2.0680171915330234,51.230227137133134,2.913787288740502,2018,7,2,35013,Oostende,Normaal,Droog,"Nacht, openbare verlichting aanwezig en ontstoken",met lichtgewonden,3,Fiets,9,personenauto,Op Kruispunt,Gewestweg,binnen bebouwde kom,Tss. 2 best.: langs opzij (voor-/achterkant-flank),Geen hindernis
8956,18,Oostende 1,Oostende,51.21378,2.92765,2.0329516867953163,51.22260200317248,2.9532161126057686,2018,7,8,35002,Bredene,Normaal,Droog+Proper,Dageraad - schemering,met lichtgewonden,9,personenauto,3,Fiets,Buiten Kruispunt,Gewestweg,binnen bebouwde kom,Tussen 2 bestuurders: Langs achteren,Geen hindernis
8956,15,Oostende 2,Oostende,51.21371,2.92743,2.050129452436008,51.22260200317248,2.9532161126057686,2018,7,8,35002,Bredene,Normaal,Droog+Proper,Dageraad - schemering,met lichtgewonden,9,personenauto,3,Fiets,Buiten Kruispunt,Gewestweg,binnen bebouwde kom,Tussen 2 bestuurders: Langs achteren,Geen hindernis
8962,55,Torhout teller 1,Torhout,51.07161,3.08261,1.2794219095438717,51.06525440171158,3.097873587931242,2018,7,10,31033,Torhout,Normaal,Droog+Proper,Dag,met lichtgewonden,9,personenauto,3,Fiets,Buiten Kruispunt,Gemeenteweg,binnen bebouwde kom,Tussen 2 bestuurders: Flank tegen flank,Geen hindernis
8962,56,Torhout teller 2,Torhout,51.07147,3.08244,1.2808754466917922,51.06525440171158,3.097873587931242,2018,7,10,31033,Torhout,Normaal,Droog+Proper,Dag,met lichtgewonden,9,personenauto,3,Fiets,Buiten Kruispunt,Gemeenteweg,binnen bebouwde kom,Tussen 2 bestuurders: Flank tegen flank,Geen hindernis
8965,84,Roeselare totem,Izegem,50.91717,3.18772,1.6474414763316183,50.920633378529104,3.210570341132587,2018,7,12,36008,Izegem,Normaal,Droog,Dag,met lichtgewonden,9,personenauto,3,Fiets,Buiten Kruispunt,Gemeenteweg,binnen bebouwde kom,Tussen 2 bestuurders: Flank tegen flank,Geen hindernis
8969,84,Roeselare totem,Izegem,50.91717,3.18772,2.284315719519589,50.93770816640181,3.1884517645467687,2018,7,12,36008,Izegem,Normaal,Droog,Dag,met lichtgewonden,9,personenauto,3,Fiets,Op Kruispunt,Gemeenteweg,binnen bebouwde kom,Tss. 2 best.: langs opzij (voor-/achterkant-flank),Geen hindernis
8978,61,Wervik teller 2,Wervik,50.80555,3.0921,1.2198088700346164,50.79981847241516,3.106900228521735,2018,7,12,34027,Menen,Normaal,Droog,Dag,met lichtgewonden,3,Fiets,10,"één bestuurder, geen hindernis",Buiten Kruispunt,Gemeenteweg,binnen bebouwde kom,"Eén bestuurder, geen hindernis (incl. val)",Geen hindernis
8978,62,Wervik teller 1,Wervik,50.8058,3.09154,1.2678895267463701,50.79981847241516,3.106900228521735,2018,7,12,34027,Menen,Normaal,Droog,Dag,met lichtgewonden,3,Fiets,10,"één bestuurder, geen hindernis",Buiten Kruispunt,Gemeenteweg,binnen bebouwde kom,"Eén bestuurder, geen hindernis (incl. val)",Geen hindernis
8981,61,Wervik teller 2,Wervik,50.80555,3.0921,2.4376681163276257,50.800383219467705,3.1258108836487475,2018,7,16,34027,Menen,Normaal,Droog,Dag,met zwaargewonden,9,personenauto,3,Fiets,Buiten Kruispunt,Gemeenteweg,binnen bebouwde kom,Tussen 2 bestuurders: Flank tegen flank,Geen hindernis
8981,62,Wervik teller 1,Wervik,50.8058,3.09154,2.4825218118713055,50.800383219467705,3.1258108836487475,2018,7,16,34027,Menen,Normaal,Droog,Dag,met zwaargewonden,9,personenauto,3,Fiets,Buiten Kruispunt,Gemeenteweg,binnen bebouwde kom,Tussen 2 bestuurders: Flank tegen flank,Geen hindernis
8982,143,Eco Display Classic Budastraat,Kortrijk,50.83066,3.26286,0.43407492112502677,50.82721439772568,3.2657650182591684,2018,7,18,34022,Kortrijk,Normaal,Droog,Dag,met lichtgewonden,6,Bromfiets,3,Fiets,Op Kruispunt,Gewestweg,binnen bebouwde kom,Tss. 2 best.: langs opzij (voor-/achterkant-flank),Geen hindernis