crash_row_id,site_id,site_name,site_gemeente,site_lat,site_long,distance_km,crash_lat,crash_long,DT_YEAR_COLLISION,DT_MONTH_COLLISION,DT_TIME,CD_NIS,TX_MUNTY_COLLISION_NL,TX_WEATHER_NL,TX_ROAD_CONDITION_NL,TX_LIGHT_CONDITION_NL,TX_CLASS_ACCIDENTS_NL,CD_ROAD_USR_TYPE1,TX_ROAD_USR_TYPE1_NL,CD_ROAD_USR_TYPE2,TX_ROAD_USR_TYPE2_NL,TX_CROSSWAY_NL,CD_ROAD_TYPE_NL,TX_BUILD_UP_AREA_NL,TX_COLLISION_TYPE_NL,TX_OBSTACLES_NL
8982,75,Kortrijk teller 2,Kortrijk,50.81925,3.25731,1.0663103184146003,50.82721439772568,3.2657650182591684,2018,7,18,34022,Kortrijk,Normaal,Droog,Dag,met lichtgewonden,6,Bromfiets,3,Fiets,Op Kruispunt,Gewestweg,binnen bebouwde kom,Tss. 2 best.: langs opzij (voor-/achterkant-flank),Geen hindernis
8982,74,Kortrijk teller 1,Kortrijk,50.81909,3.25728,1.0822914367069203,50.82721439772568,3.2657650182591684,2018,7,18,34022,Kortrijk,Normaal,Droog,Dag,met lichtgewonden,6,Bromfiets,3,Fiets,Op Kruispunt,Gewestweg,binnen bebouwde kom,Tss. 2 best.: langs opzij (voor-/achterkant-flank),Geen hindernis
8982,16,Kortrijk 1,Kortrijk,50.83332,3.27777,1.0825039914300956,50.82721439772568,3.2657650182591684,2018,7,18,34022,Kortrijk,Normaal,Droog,Dag,met lichtgewonden,6,Bromfiets,3,Fiets,Op Kruispunt,Gewestweg,binnen bebouwde kom,Tss. 2 best.: langs opzij (voor-/achterkant-flank),Geen hindernis
8982,17,Kortrijk 2,Kortrijk,50.83339,3.27773,1.08522523328766,50.82721439772568,3.2657650182591684,2018,7,18,34022,Kortrijk,Normaal,Droog,Dag,met lichtgewonden,6,Bromfiets,3,Fiets,Op Kruispunt,Gewestweg,binnen bebouwde kom,Tss. 2 best.: langs opzij (voor-/achterkant-flank),Geen hindernis
8983,74,Kortrijk teller 1,Kortrijk,50.81909,3.25728,0.7400894840818075,50.81583613836867,3.2664700199065035,2018,7,14,34022,Kortrijk,Normaal,Droog,Dag,met lichtgewonden,9,personenauto,3,Fiets,Op Kruispunt,Gemeenteweg,binnen bebouwde kom,Tss. 2 best.: langs opzij (voor-/achterkant-flank),Geen hindernis
8983,75,Kortrijk teller 2,Kortrijk,50.81925,3.25731,0.7471310381867244,50.81583613836867,3.2664700199065035,2018,7,14,34022,Kortrijk,Normaal,Droog,Dag,met lichtgewonden,9,personenauto,3,Fiets,Op Kruispunt,Gemeenteweg,binnen bebouwde kom,Tss. 2 best.: langs opzij (voor-/achterkant-flank),Geen hindernis
8983,143,Eco Display Classic Budastraat,Kortrijk,50.83066,3.26286,1.6677295480119825,50.81583613836867,3.2664700199065035,2018,7,14,34022,Kortrijk,Normaal,Droog,Dag,met lichtgewonden,9,personenauto,3,Fiets,Op Kruispunt,Gemeenteweg,binnen bebouwde kom,Tss. 2 best.: langs opzij (voor-/achterkant-flank),Geen hindernis
8983,16,Kortrijk 1,Kortrijk,50.83332,3.27777,2.0999030576488424,50.81583613836867,3.2664700199065035,2018,7,14,34022,Kortrijk,Normaal,Droog,Dag,met lichtgewonden,9,personenauto,3,Fiets,Op Kruispunt,Gemeenteweg,binnen bebouwde kom,Tss. 2 best.: langs opzij (voor-/achterkant-flank),Geen hindernis
8983,17,Kortrijk 2,Kortrijk,50.83339,3.27773,2.1060543236869034,50.81583613836867,3.2664700199065035,2018,7,14,34022,Kortrijk,Normaal,Droog,Dag,met lichtgewonden,9,personenauto,3,Fiets,Op Kruispunt,Gemeenteweg,binnen bebouwde kom,Tss. 2 best.: langs opzij (voor-/achterkant-flank),Geen hindernis
8984,75,Kortrijk teller 2,Kortrijk,50.81925,3.25731,0.43418166787299006,50.82304014982014,3.2587960630379116,2018,7,9,34022,Kortrijk,Normaal,Droog,Dag,met lichtgewonden,9,personenauto,3,Fiets,Op Kruispunt,Gewestweg,binnen bebouwde kom,Tss. 2 best.: langs opzij (voor-/achterkant-flank),Geen hindernis
8984,74,Kortrijk teller 1,Kortrijk,50.81909,3.25728,0.45196321081605406,50.82304014982014,3.2587960630379116,2018,7,9,34022,Kortrijk,Normaal,Droog,Dag,met lichtgewonden,9,personenauto,3,Fiets,Op Kruispunt,Gewestweg,binnen bebouwde kom,Tss. 2 best.: langs opzij (voor-/achterkant-flank),Geen hindernis
8984,143,Eco Display Classic Budastraat,Kortrijk,50.83066,3.26286,0.8940782127792999,50.82304014982014,3.2587960630379116,2018,7,9,34022,Kortrijk,Normaal,Droog,Dag,met lichtgewonden,9,personenauto,3,Fiets,Op Kruispunt,Gewestweg,binnen bebouwde kom,Tss. 2 best.: langs opzij (voor-/achterkant-flank),Geen hindernis
8984,16,Kortrijk 1,Kortrijk,50.83332,3.27777,1.7557251715146327,50.82304014982014,3.2587960630379116,2018,7,9,34022,Kortrijk,Normaal,Droog,Dag,met lichtgewonden,9,personenauto,3,Fiets,Op Kruispunt,Gewestweg,binnen bebouwde kom,Tss. 2 best.: langs opzij (voor-/achterkant-flank),Geen hindernis
8984,17,Kortrijk 2,Kortrijk,50.83339,3.27773,1.7586765276992788,50.82304014982014,3.2587960630379116,2018,7,9,34022,Kortrijk,Normaal,Droog,Dag,met lichtgewonden,9,personenauto,3,Fiets,Op Kruispunt,Gewestweg,binnen bebouwde kom,Tss. 2 best.: langs opzij (voor-/achterkant-flank),Geen hindernis
8985,143,Eco Display Classic Budastraat,Kortrijk,50.83066,3.26286,0.1270757814162317,50.829899081013394,3.264209967863124,2018,7,17,34022,Kortrijk,Regenval,"Nat, plassen",Dag,met lichtgewonden,3,Fiets,9,personenauto,Buiten Kruispunt,Gemeenteweg,binnen bebouwde kom,Tussen 2 bestuurders: Langs achteren,Geen hindernis
8985,16,Kortrijk 1,Kortrijk,50.83332,3.27777,1.02549225133306,50.829899081013394,3.264209967863124,2018,7,17,34022,Kortrijk,Regenval,"Nat, plassen",Dag,met lichtgewonden,3,Fiets,9,personenauto,Buiten Kruispunt,Gemeenteweg,binnen bebouwde kom,Tussen 2 bestuurders: Langs achteren,Geen hindernis
8985,17,Kortrijk 2,Kortrijk,50.83339,3.27773,1.0258033181279176,50.829899081013394,3.264209967863124,2018,7,17,34022,Kortrijk,Regenval,"Nat, plassen",Dag,met lichtgewonden,3,Fiets,9,personenauto,Buiten Kruispunt,Gemeenteweg,binnen bebouwde kom,Tussen 2 bestuurders: Langs achteren,Geen hindernis
8985,75,Kortrijk teller 2,Kortrijk,50.81925,3.25731,1.2794718913870893,50.829899081013394,3.264209967863124,2018,7,17,34022,Kortrijk,Regenval,"Nat, plassen",Dag,met lichtgewonden,3,Fiets,9,personenauto,Buiten Kruispunt,Gemeenteweg,binnen bebouwde kom,Tussen 2 bestuurders: Langs achteren,Geen hindernis
8985,74,Kortrijk teller 1,Kortrijk,50.81909,3.25728,1.2967446352432865,50.829899081013394,3.264209967863124,2018,7,17,34022,Kortrijk,Regenval,"Nat, plassen",Dag,met lichtgewonden,3,Fiets,9,personenauto,Buiten Kruispunt,Gemeenteweg,binnen bebouwde kom,Tussen 2 bestuurders: Langs achteren,Geen hindernis
8986,143,Eco Display Classic Budastraat,Kortrijk,50.83066,3.26286,1.6409747245678137,50.83745328157755,3.2421162233035217,2018,7,11,34022,Kortrijk,Normaal,Droog,Dag,met lichtgewonden,9,personenauto,3,Fiets,Op Kruispunt,Gemeenteweg,binnen bebouwde kom,Tss. 2 best.: langs opzij (voor-/achterkant-flank),Geen hindernis
8986,75,Kortrijk teller 2,Kortrijk,50.81925,3.25731,2.2881946105362454,50.83745328157755,3.2421162233035217,2018,7,11,34022,Kortrijk,Normaal,Droog,Dag,met lichtgewonden,9,personenauto,3,Fiets,Op Kruispunt,Gemeenteweg,binnen bebouwde kom,Tss. 2 best.: langs opzij (voor-/achterkant-flank),Geen hindernis
8986,74,Kortrijk teller 1,Kortrijk,50.81909,3.25728,2.3029730888545497,50.83745328157755,3.2421162233035217,2018,7,11,34022,Kortrijk,Normaal,Droog,Dag,met lichtgewonden,9,personenauto,3,Fiets,Op Kruispunt,Gemeenteweg,binnen bebouwde kom,Tss. 2 best.: langs opzij (voor-/achterkant-flank),Geen hindernis
8987,143,Eco Display Classic Budastraat,Kortrijk,50.83066,3.26286,0.6451120389350655,50.831874587526315,3.2538780300571033,2018,7,10,34022,Kortrijk,Normaal,Droog,Dag,met lichtgewonden,9,personenauto,3,Fiets,Op Kruispunt,Gewestweg,binnen bebouwde kom,Tss. 2 best.: langs opzij (voor-/achterkant-flank),Geen hindernis
8987,75,Kortrijk teller 2,Kortrijk,50.81925,3.25731,1.424337487844284,50.831874587526315,3.2538780300571033,2018,7,10,34022,Kortrijk,Normaal,Droog,Dag,met lichtgewonden,9,personenauto,3,Fiets,Op Kruispunt,Gewestweg,binnen bebouwde kom,Tss. 2 best.: langs opzij (voor-/achterkant-flank),Geen hindernis
8987,74,Kortrijk teller 1,Kortrijk,50.81909,3.25728,1.4415244358182595,50.831874587526315,3.2538780300571033,2018,7,10,34022,Kortrijk,Normaal,Droog,Dag,met lichtgewonden,9,personenauto,3,Fiets,Op Kruispunt,Gewestweg,binnen bebouwde kom,Tss. 2 best.: langs opzij (voor-/achterkant-flank),Geen hindernis
8987,17,Kortrijk 2,Kortrijk,50.83339,3.27773,1.6835626913222093,50.831874587526315,3.2538780300571033,2018,7,10,34022,Kortrijk,Normaal,Droog,Dag,met lichtgewonden,9,personenauto,3,Fiets,Op Kruispunt,Gewestweg,binnen bebouwde kom,Tss. 2 best.: langs opzij (voor-/achterkant-flank),Geen hindernis
8987,16,Kortrijk 1,Kortrijk,50.83332,3.27777,1.685599061208171,50.831874587526315,3.2538780300571033,2018,7,10,34022,Kortrijk,Normaal,Droog,Dag,met lichtgewonden,9,personenauto,3,Fiets,Op Kruispunt,Gewestweg,binnen bebouwde kom,Tss. 2 best.: langs opzij (voor-/achterkant-flank),Geen hindernis
8988,75,Kortrijk teller 2,Kortrijk,50.81925,3.25731,0.47313613307517577,50.82336099626601,3.2590475219901514,2018,7,11,34022,Kortrijk,Normaal,Droog,Dag,met lichtgewonden,9,personenauto,3,Fiets,Op Kruispunt,Gewestweg,binnen bebouwde kom,Tss. 2 best.: langs opzij (voor-/achterkant-flank),Geen hindernis
8988,74,Kortrijk teller 1,Kortrijk,50.81909,3.25728,0.4908754825911909,50.82336099626601,3.2590475219901514,2018,7,11,34022,Kortrijk,Normaal,Droog,Dag,met lichtgewonden,9,personenauto,3,Fiets,Op Kruispunt,Gewestweg,binnen bebouwde kom,Tss. 2 best.: langs opzij (voor-/achterkant-flank),Geen hindernis
8988,143,Eco Display Classic Budastraat,Kortrijk,50.83066,3.26286,0.8546464456868049,50.82336099626601,3.2590475219901514,2018,7,11,34022,Kortrijk,Normaal,Droog,Dag,met lichtgewonden,9,personenauto,3,Fiets,Op Kruispunt,Gewestweg,binnen bebouwde kom,Tss. 2 best.: langs opzij (voor-/achterkant-flank),Geen hindernis
8988,16,Kortrijk 1,Kortrijk,50.83332,3.27777,1.7191594304005058,50.82336099626601,3.2590475219901514,2018,7,11,34022,Kortrijk,Normaal,Droog,Dag,met lichtgewonden,9,personenauto,3,Fiets,Op Kruispunt,Gewestweg,binnen bebouwde kom,Tss. 2 best.: langs opzij (voor-/achterkant-flank),Geen hindernis
8988,17,Kortrijk 2,Kortrijk,50.83339,3.27773,1.7220410478648072,50.82336099626601,3.2590475219901514,2018,7,11,34022,Kortrijk,Normaal,Droog,Dag,met lichtgewonden,9,personenauto,3,Fiets,Op Kruispunt,Gewestweg,binnen bebouwde kom,Tss. 2 best.: langs opzij (voor-/achterkant-flank),Geen hindernis
8992,17,Kortrijk 2,Kortrijk,50.83339,3.27773,1.38868921342332,50.84116334430586,3.2932079337891587,2018,7,12,34013,Harelbeke,Normaal,Droog,Dag,met lichtgewonden,3,Fiets,11,een weggebruiker tegen een hindernis,Buiten Kruispunt,Gemeenteweg,binnen bebouwde kom,Weggebruiker tegen hindernis op de rijbaan,"Op de rijbaan: Put, straatgoot, tramspoor"
8992,16,Kortrijk 1,Kortrijk,50.83332,3.27777,1.3913582198513783,50.84116334430586,3.2932079337891587,2018,7,12,34013,Harelbeke,Normaal,Droog,Dag,met lichtgewonden,3,Fiets,11,een weggebruiker tegen een hindernis,Buiten Kruispunt,Gemeenteweg,binnen bebouwde kom,Weggebruiker tegen hindernis op de rijbaan,"Op de rijbaan: Put, straatgoot, tramspoor"
8992,143,Eco Display Classic Budastraat,Kortrijk,50.83066,3.26286,2.430206491591897,50.84116334430586,3.2932079337891587,2018,7,12,34013,Harelbeke,Normaal,Droog,Dag,met lichtgewonden,3,Fiets,11,een weggebruiker tegen een hindernis,Buiten Kruispunt,Gemeenteweg,binnen bebouwde kom,Weggebruiker tegen hindernis op de rijbaan,"Op de rijbaan: Put, straatgoot, tramspoor"
8998,65,Nieuwpoort teller 2,Nieuwpoort,51.13435,2.75511,0.06265144275540734,51.13381382849721,2.754834056696519,2018,7,14,38016,Nieuwpoort,Normaal,Droog,Dag,met lichtgewonden,6,Bromfiets,3,Fiets,Buiten Kruispunt,Gewestweg,binnen bebouwde kom,Tussen 2 bestuurders: Frontale botsing,Geen hindernis
8998,64,Nieuwpoort teller 1,Nieuwpoort,51.13359,2.75737,0.17868823227261627,51.13381382849721,2.754834056696519,2018,7,14,38016,Nieuwpoort,Normaal,Droog,Dag,met lichtgewonden,6,Bromfiets,3,Fiets,Buiten Kruispunt,Gewestweg,binnen bebouwde kom,Tussen 2 bestuurders: Frontale botsing,Geen hindernis
8998,66,Nieuwpoort totem,Nieuwpoort,51.1347,2.74369,0.7837903150668858,51.13381382849721,2.754834056696519,2018,7,14,38016,Nieuwpoort,Normaal,Droog,Dag,met lichtgewonden,6,Bromfiets,3,Fiets,Buiten Kruispunt,Gewestweg,binnen bebouwde kom,Tussen 2 bestuurders: Frontale botsing,Geen hindernis
8998,63,Nieuwpoort teller 3,Nieuwpoort,51.13529,2.74289,0.8493967927803736,51.13381382849721,2.754834056696519,2018,7,14,38016,Nieuwpoort,Normaal,Droog,Dag,met lichtgewonden,6,Bromfiets,3,Fiets,Buiten Kruispunt,Gewestweg,binnen bebouwde kom,Tussen 2 bestuurders: Frontale botsing,Geen hindernis
8999,64,Nieuwpoort teller 1,Nieuwpoort,51.13359,2.75737,0.18695883999500268,51.13395494102462,2.7599855649771947,2018,7,17,38016,Nieuwpoort,Normaal,Droog,Dag,met lichtgewonden,9,personenauto,3,Fiets,Buiten Kruispunt,Gewestweg,binnen bebouwde kom,Tss. 2 best.: langs opzij (voor-/achterkant-flank),Geen hindernis
8999,65,Nieuwpoort teller 2,Nieuwpoort,51.13435,2.75511,0.3430156402322047,51.13395494102462,2.7599855649771947,2018,7,17,38016,Nieuwpoort,Normaal,Droog,Dag,met lichtgewonden,9,personenauto,3,Fiets,Buiten Kruispunt,Gewestweg,binnen bebouwde kom,Tss. 2 best.: langs opzij (voor-/achterkant-flank),Geen hindernis
8999,66,Nieuwpoort totem,Nieuwpoort,51.1347,2.74369,1.1400282901837775,51.13395494102462,2.7599855649771947,2018,7,17,38016,Nieuwpoort,Normaal,Droog,Dag,met lichtgewonden,9,personenauto,3,Fiets,Buiten Kruispunt,Gewestweg,binnen bebouwde kom,Tss. 2 best.: langs opzij (voor-/achterkant-flank),Geen hindernis
8999,63,Nieuwpoort teller 3,Nieuwpoort,51.13529,2.74289,1.202028172994934,51.13395494102462,2.7599855649771947,2018,7,17,38016,Nieuwpoort,Normaal,Droog,Dag,met lichtgewonden,9,personenauto,3,Fiets,Buiten Kruispunt,Gewestweg,binnen bebouwde kom,Tss. 2 best.: langs opzij (voor-/achterkant-flank),Geen hindernis
9000,67,Ieper totem,Ieper,50.85018,2.85624,1.925740365889785,50.85038887956942,2.883669109863654,2018,7,12,33011,Ieper,Normaal,Droog,Dag,met lichtgewonden,9,personenauto,3,Fiets,Buiten Kruispunt,Gewestweg,binnen bebouwde kom,Tss. 2 best.: langs opzij (voor-/achterkant-flank),Geen hindernis
9000,68,Ieper,Ieper,50.85032,2.85608,1.936844979086232,50.85038887956942,2.883669109863654,2018,7,12,33011,Ieper,Normaal,Droog,Dag,met lichtgewonden,9,personenauto,3,Fiets,Buiten Kruispunt,Gewestweg,binnen bebouwde kom,Tss. 2 best.: langs opzij (voor-/achterkant-flank),Geen hindernis
9002,67,Ieper totem,Ieper,50.85018,2.85624,2.1048199515393518,50.85392830798095,2.8856294160658336,2018,7,23,33011,Ieper,Onbekend,Onbekend,Onbekend,met lichtgewonden,3,Fiets,11,een weggebruiker tegen een hindernis,Buiten Kruispunt,Gemeenteweg,binnen bebouwde kom,Weggebruiker tegen hindernis op de rijbaan,"Op de rijbaan: Werken (signal., aarde, toestel,…)"
9002,68,Ieper,Ieper,50.85032,2.85608,2.112816232158564,50.85392830798095,2.8856294160658336,2018,7,23,33011,Ieper,Onbekend,Onbekend,Onbekend,met lichtgewonden,3,Fiets,11,een weggebruiker tegen een hindernis,Buiten Kruispunt,Gemeenteweg,binnen bebouwde kom,Weggebruiker tegen hindernis op de rijbaan,"Op de rijbaan: Werken (signal., aarde, toestel,…)"
9003,67,Ieper totem,Ieper,50.85018,2.85624,2.4713883296287076,50.855460676358604,2.8904373569754465,2018,7,10,33011,Ieper,Normaal,Droog,Dag,met lichtgewonden,9,personenauto,3,Fiets,Op Kruispunt,Gemeenteweg,binnen bebouwde kom,Tss. 2 best.: langs opzij (voor-/achterkant-flank),Geen hindernis
9003,68,Ieper,Ieper,50.85032,2.85608,2.47866018411669,50.855460676358604,2.8904373569754465,2018,7,10,33011,Ieper,Normaal,Droog,Dag,met lichtgewonden,9,personenauto,3,Fiets,Op Kruispunt,Gemeenteweg,binnen bebouwde kom,Tss. 2 best.: langs opzij (voor-/achterkant-flank),Geen hindernis
9004,67,Ieper totem,Ieper,50.85018,2.85624,1.6461538949539036,50.84632860124054,2.8788801550340093,2018,7,14,33011,Ieper,Normaal,Droog,Dag,met zwaargewonden,3,Fiets,9,personenauto,Op Kruispunt,Gewestweg,buiten bebouwde kom,Tss. 2 best.: langs opzij (voor-/achterkant-flank),Geen hindernis
9004,68,Ieper,Ieper,50.85032,2.85608,1.6610917824234708,50.84632860124054,2.8788801550340093,2018,7,14,33011,Ieper,Normaal,Droog,Dag,met zwaargewonden,3,Fiets,9,personenauto,Op Kruispunt,Gewestweg,buiten bebouwde kom,Tss. 2 best.: langs opzij (voor-/achterkant-flank),Geen hindernis
9008,67,Ieper totem,Ieper,50.85018,2.85624,2.164870434304647,50.85163855971296,2.8869911336815988,2018,7,20,33011,Ieper,Normaal,Droog,Dag,met lichtgewonden,3,Fiets,3,Fiets,Op Kruispunt,Gewestweg,binnen bebouwde kom,Tss. 2 best.: langs opzij (voor-/achterkant-flank),Geen hindernis
9008,68,Ieper,Ieper,50.85032,2.85608,2.1749632395472513,50.85163855971296,2.8869911336815988,2018,7,20,33011,Ieper,Normaal,Droog,Dag,met lichtgewonden,3,Fiets,3,Fiets,Op Kruispunt,Gewestweg,binnen bebouwde kom,Tss. 2 best.: langs opzij (voor-/achterkant-flank),Geen hindernis
9009,61,Wervik teller 2,Wervik,50.80555,3.0921,0.01941670133924577,50.80568435579054,3.0919235067024493,2018,7,14,33029,Wervik,Normaal,Droog,Dag,met lichtgewonden,9,personenauto,3,Fiets,Buiten Kruispunt,Gewestweg,buiten bebouwde kom,Tussen 2 bestuurders: Langs achteren,Geen hindernis
9009,62,Wervik teller 1,Wervik,50.8058,3.09154,0.02985968524690711,50.80568435579054,3.0919235067024493,2018,7,14,33029,Wervik,Normaal,Droog,Dag,met lichtgewonden,9,personenauto,3,Fiets,Buiten Kruispunt,Gewestweg,buiten bebouwde kom,Tussen 2 bestuurders: Langs achteren,Geen hindernis
9021,124,Beveren teller 2,Beveren,51.1964712,4.2361077,1.9795649584914639,51.17889489808384,4.24062269181715,2018,7,17,46003,Beveren,Normaal,Droog,Dag,met lichtgewonden,3,Fiets,3,Fiets,Buiten Kruispunt,Gemeenteweg,binnen bebouwde kom,Tss. 2 best.: langs opzij (voor-/achterkant-flank),Geen hindernis
9028,99,Mechelen teller 1,Mechelen,51.04564,4.46882,0.4071349921178382,51.04199720838027,4.468232784351031,2018,7,13,12025,Mechelen,Normaal,Droog,Dag,met lichtgewonden,9,personenauto,3,Fiets,Buiten Kruispunt,Gemeenteweg,binnen bebouwde kom,Tss. 2 best.: langs opzij (voor-/achterkant-flank),Geen hindernis
9028,100,Mechelen teller 2,Mechelen,51.0457,4.46883,0.41384317592243713,51.04199720838027,4.468232784351031,2018,7,13,12025,Mechelen,Normaal,Droog,Dag,met lichtgewonden,9,personenauto,3,Fiets,Buiten Kruispunt,Gemeenteweg,binnen bebouwde kom,Tss. 2 best.: langs opzij (voor-/achterkant-flank),Geen hindernis
9031,99,Mechelen teller 1,Mechelen,51.04564,4.46882,0.6753060486357615,51.03993898268396,4.472149331220082,2018,7,12,12025,Mechelen,Normaal,Droog,Dag,met lichtgewonden,9,personenauto,3,Fiets,Op Kruispunt,Gewestweg,buiten bebouwde kom,Tss. 2 best.: langs opzij (voor-/achterkant-flank),Geen hindernis
9031,100,Mechelen teller 2,Mechelen,51.0457,4.46883,0.6813342994014995,51.03993898268396,4.472149331220082,2018,7,12,12025,Mechelen,Normaal,Droog,Dag,met lichtgewonden,9,personenauto,3,Fiets,Op Kruispunt,Gewestweg,buiten bebouwde kom,Tss. 2 best.: langs opzij (voor-/achterkant-flank),Geen hindernis
9032,99,Mechelen teller 1,Mechelen,51.04564,4.46882,1.8236486801311076,51.042496836732326,4.443218156975472,2018,7,13,12025,Mechelen,Normaal,Droog,Dag,met zwaargewonden,3,Fiets,5,Lichte vrachtauto,Buiten Kruispunt,Gemeenteweg,binnen bebouwde kom,Tss. 2 best.: langs opzij (voor-/achterkant-flank),Geen hindernis
9032,100,Mechelen teller 2,Mechelen,51.0457,4.46883,1.825623594514207,51.042496836732326,4.443218156975472,2018,7,13,12025,Mechelen,Normaal,Droog,Dag,met zwaargewonden,3,Fiets,5,Lichte vrachtauto,Buiten Kruispunt,Gemeenteweg,binnen bebouwde kom,Tss. 2 best.: langs opzij (voor-/achterkant-flank),Geen hindernis
9034,99,Mechelen teller 1,Mechelen,51.04564,4.46882,1.8035416986250967,51.03968749879055,4.444823030979159,2018,7,10,12025,Mechelen,Normaal,Droog,Dag,met zwaargewonden,9,personenauto,3,Fiets,Op Kruispunt,Gewestweg,binnen bebouwde kom,Tss. 2 best.: langs opzij (voor-/achterkant-flank),Geen hindernis
9034,100,Mechelen teller 2,Mechelen,51.0457,4.46883,1.8066492996633843,51.03968749879055,4.444823030979159,2018,7,10,12025,Mechelen,Normaal,Droog,Dag,met zwaargewonden,9,personenauto,3,Fiets,Op Kruispunt,Gewestweg,binnen bebouwde kom,Tss. 2 best.: langs opzij (voor-/achterkant-flank),Geen hindernis
9035,140,Hasselt ring,Hasselt,50.9300038,5.3438616,0.30354760909431877,50.93261014669234,5.342573422238938,2018,7,11,71022,Hasselt,Onbekend,Onbekend,Dag,met lichtgewonden,3,Fiets,9,personenauto,Op Kruispunt,Gewestweg,binnen bebouwde kom,Tss. 2 best.: langs opzij (voor-/achterkant-flank),Geen hindernis
9035,138,Hasselt-Kempische brug,Hasselt,50.9405318,5.3422472,0.8811442254786679,50.93261014669234,5.342573422238938,2018,7,11,71022,Hasselt,Onbekend,Onbekend,Dag,met lichtgewonden,3,Fiets,9,personenauto,Op Kruispunt,Gewestweg,binnen bebouwde kom,Tss. 2 best.: langs opzij (voor-/achterkant-flank),Geen hindernis
9035,137,Hasselt-Kempische brug,Hasselt,50.9411605,5.3417576,0.9524730018571418,50.93261014669234,5.342573422238938,2018,7,11,71022,Hasselt,Onbekend,Onbekend,Dag,met lichtgewonden,3,Fiets,9,personenauto,Op Kruispunt,Gewestweg,binnen bebouwde kom,Tss. 2 best.: langs opzij (voor-/achterkant-flank),Geen hindernis
9036,140,Hasselt ring,Hasselt,50.9300038,5.3438616,1.8453093876377278,50.91974114803432,5.323171928093958,2018,7,16,71022,Hasselt,Normaal,Droog,Dag,met lichtgewonden,3,Fiets,9,personenauto,Op Kruispunt,Gewestweg,buiten bebouwde kom,Tss. 2 best.: langs opzij (voor-/achterkant-flank),Geen hindernis
9039,140,Hasselt ring,Hasselt,50.9300038,5.3438616,1.3847062330514002,50.92488327075483,5.325852044047328,2018,7,16,71022,Hasselt,Normaal,Droog,Dag,met lichtgewonden,9,personenauto,3,Fiets,Op Kruispunt,Gemeenteweg,binnen bebouwde kom,Tussen 2 bestuurders: Frontale botsing,Geen hindernis
9039,138,Hasselt-Kempische brug,Hasselt,50.9405318,5.3422472,2.0851419624363086,50.92488327075483,5.325852044047328,2018,7,16,71022,Hasselt,Normaal,Droog,Dag,met lichtgewonden,9,personenauto,3,Fiets,Op Kruispunt,Gemeenteweg,binnen bebouwde kom,Tussen 2 bestuurders: Frontale botsing,Geen hindernis
9039,137,Hasselt-Kempische brug,Hasselt,50.9411605,5.3417576,2.125631264308905,50.92488327075483,5.325852044047328,2018,7,16,71022,Hasselt,Normaal,Droog,Dag,met lichtgewonden,9,personenauto,3,Fiets,Op Kruispunt,Gemeenteweg,binnen bebouwde kom,Tussen 2 bestuurders: Frontale botsing,Geen hindernis
9041,137,Hasselt-Kempische brug,Hasselt,50.9411605,5.3417576,2.0475552344150327,50.95282755503287,5.364369488381931,2018,7,17,71022,Hasselt,"Andere (dikke rook,...)",Droog,Dag,met lichtgewonden,3,Fiets,3,Fiets,Op Kruispunt,Gemeenteweg,buiten bebouwde kom,Tussen 2 bestuurders: Langs achteren,Geen hindernis
9041,138,Hasselt-Kempische brug,Hasselt,50.9405318,5.3422472,2.066710930249261,50.95282755503287,5.364369488381931,2018,7,17,71022,Hasselt,"Andere (dikke rook,...)",Droog,Dag,met lichtgewonden,3,Fiets,3,Fiets,Op Kruispunt,Gemeenteweg,buiten bebouwde kom,Tussen 2 bestuurders: Langs achteren,Geen hindernis
9042,32,Lummen,Lummen,50.97971,5.20961,1.4350199021570247,50.97185225302773,5.225869054628605,2018,7,16,71037,Lummen,Normaal,Droog,Dag,met lichtgewonden,3,Fiets,10,"één bestuurder, geen hindernis",Buiten Kruispunt,Gewestweg,buiten bebouwde kom,"Eén bestuurder, geen hindernis (incl. val)",Geen hindernis
9042,33,Lummen,Lummen,50.97978,5.20936,1.4536502984886048,50.97185225302773,5.225869054628605,2018,7,16,71037,Lummen,Normaal,Droog,Dag,met lichtgewonden,3,Fiets,10,"één bestuurder, geen hindernis",Buiten Kruispunt,Gewestweg,buiten bebouwde kom,"Eén bestuurder, geen hindernis (incl. val)",Geen hindernis
9044,138,Hasselt-Kempische brug,Hasselt,50.9405318,5.3422472,0.23726942743743834,50.93858941951691,5.340845351878659,2018,7,7,71022,Hasselt,Normaal,Droog,Dag,met lichtgewonden,3,Fiets,8,Voetganger,Buiten Kruispunt,Gewestweg,binnen bebouwde kom,Met een voetganger,Geen hindernis
9044,137,Hasselt-Kempische brug,Hasselt,50.9411605,5.3417576,0.2929494836441444,50.93858941951691,5.340845351878659,2018,7,7,71022,Hasselt,Normaal,Droog,Dag,met lichtgewonden,3,Fiets,8,Voetganger,Buiten Kruispunt,Gewestweg,binnen bebouwde kom,Met een voetganger,Geen hindernis
9044,140,Hasselt ring,Hasselt,50.9300038,5.3438616,0.977795996876004,50.93858941951691,5.340845351878659,2018,7,7,71022,Hasselt,Normaal,Droog,Dag,met lichtgewonden,3,Fiets,8,Voetganger,Buiten Kruispunt,Gewestweg,binnen bebouwde kom,Met een voetganger,Geen hindernis
9045,137,Hasselt-Kempische brug,Hasselt,50.9411605,5.3417576,0.2911047721160733,50.94214745294521,5.337909383444224,2018,7,22,71022,Hasselt,Normaal,Droog,"Nacht, openbare verlichting aanwezig en ontstoken",met lichtgewonden,3,Fiets,9,personenauto,Buiten Kruispunt,Gemeenteweg,binnen bebouwde kom,Tss. 2 best.: langs opzij (voor-/achterkant-flank),Geen hindernis