crash_row_id,site_id,site_name,site_gemeente,site_lat,site_long,distance_km,crash_lat,crash_long,DT_YEAR_COLLISION,DT_MONTH_COLLISION,DT_TIME,CD_NIS,TX_MUNTY_COLLISION_NL,TX_WEATHER_NL,TX_ROAD_CONDITION_NL,TX_LIGHT_CONDITION_NL,TX_CLASS_ACCIDENTS_NL,CD_ROAD_USR_TYPE1,TX_ROAD_USR_TYPE1_NL,CD_ROAD_USR_TYPE2,TX_ROAD_USR_TYPE2_NL,TX_CROSSWAY_NL,CD_ROAD_TYPE_NL,TX_BUILD_UP_AREA_NL,TX_COLLISION_TYPE_NL,TX_OBSTACLES_NL
9045,138,Hasselt-Kempische brug,Hasselt,50.9405318,5.3422472,0.3530575952917693,50.94214745294521,5.337909383444224,2018,7,22,71022,Hasselt,Normaal,Droog,"Nacht, openbare verlichting aanwezig en ontstoken",met lichtgewonden,3,Fiets,9,personenauto,Buiten Kruispunt,Gemeenteweg,binnen bebouwde kom,Tss. 2 best.: langs opzij (voor-/achterkant-flank),Geen hindernis
9045,140,Hasselt ring,Hasselt,50.9300038,5.3438616,1.4132625015640188,50.94214745294521,5.337909383444224,2018,7,22,71022,Hasselt,Normaal,Droog,"Nacht, openbare verlichting aanwezig en ontstoken",met lichtgewonden,3,Fiets,9,personenauto,Buiten Kruispunt,Gemeenteweg,binnen bebouwde kom,Tss. 2 best.: langs opzij (voor-/achterkant-flank),Geen hindernis
9046,140,Hasselt ring,Hasselt,50.9300038,5.3438616,0.7275745947996236,50.929450870971344,5.33351714524736,2018,7,9,71022,Hasselt,Normaal,Droog+Proper,Dag,met lichtgewonden,9,personenauto,3,Fiets,Buiten Kruispunt,Gemeenteweg,binnen bebouwde kom,Tss. 2 best.: langs opzij (voor-/achterkant-flank),Geen hindernis
9046,138,Hasselt-Kempische brug,Hasselt,50.9405318,5.3422472,1.3756553672212288,50.929450870971344,5.33351714524736,2018,7,9,71022,Hasselt,Normaal,Droog+Proper,Dag,met lichtgewonden,9,personenauto,3,Fiets,Buiten Kruispunt,Gemeenteweg,binnen bebouwde kom,Tss. 2 best.: langs opzij (voor-/achterkant-flank),Geen hindernis
9046,137,Hasselt-Kempische brug,Hasselt,50.9411605,5.3417576,1.424353812953038,50.929450870971344,5.33351714524736,2018,7,9,71022,Hasselt,Normaal,Droog+Proper,Dag,met lichtgewonden,9,personenauto,3,Fiets,Buiten Kruispunt,Gemeenteweg,binnen bebouwde kom,Tss. 2 best.: langs opzij (voor-/achterkant-flank),Geen hindernis
9047,137,Hasselt-Kempische brug,Hasselt,50.9411605,5.3417576,0.5769231961074035,50.94265418867256,5.333872069713431,2018,7,17,71022,Hasselt,Normaal,Droog,Dag,met lichtgewonden,3,Fiets,9,personenauto,Op Kruispunt,Gewestweg,buiten bebouwde kom,Tss. 2 best.: langs opzij (voor-/achterkant-flank),Geen hindernis
9047,138,Hasselt-Kempische brug,Hasselt,50.9405318,5.3422472,0.6324845060207079,50.94265418867256,5.333872069713431,2018,7,17,71022,Hasselt,Normaal,Droog,Dag,met lichtgewonden,3,Fiets,9,personenauto,Op Kruispunt,Gewestweg,buiten bebouwde kom,Tss. 2 best.: langs opzij (voor-/achterkant-flank),Geen hindernis
9047,140,Hasselt ring,Hasselt,50.9300038,5.3438616,1.571205791473549,50.94265418867256,5.333872069713431,2018,7,17,71022,Hasselt,Normaal,Droog,Dag,met lichtgewonden,3,Fiets,9,personenauto,Op Kruispunt,Gewestweg,buiten bebouwde kom,Tss. 2 best.: langs opzij (voor-/achterkant-flank),Geen hindernis
9048,137,Hasselt-Kempische brug,Hasselt,50.9411605,5.3417576,0.8528651731310717,50.9405749701642,5.329620875649041,2018,7,12,71022,Hasselt,Normaal,Droog,Dag,met lichtgewonden,3,Fiets,9,personenauto,Buiten Kruispunt,Gemeenteweg,binnen bebouwde kom,Tss. 2 best.: langs opzij (voor-/achterkant-flank),Geen hindernis
9048,138,Hasselt-Kempische brug,Hasselt,50.9405318,5.3422472,0.8846998678514254,50.9405749701642,5.329620875649041,2018,7,12,71022,Hasselt,Normaal,Droog,Dag,met lichtgewonden,3,Fiets,9,personenauto,Buiten Kruispunt,Gemeenteweg,binnen bebouwde kom,Tss. 2 best.: langs opzij (voor-/achterkant-flank),Geen hindernis
9048,140,Hasselt ring,Hasselt,50.9300038,5.3438616,1.5419283932386787,50.9405749701642,5.329620875649041,2018,7,12,71022,Hasselt,Normaal,Droog,Dag,met lichtgewonden,3,Fiets,9,personenauto,Buiten Kruispunt,Gemeenteweg,binnen bebouwde kom,Tss. 2 best.: langs opzij (voor-/achterkant-flank),Geen hindernis
9050,150,Bertem,District Leuven,50.8687535,4.56136297,2.453248347846266,50.85413384786168,4.587540862925544,2018,7,17,24009,Bertem,Normaal,Droog,Dag,met lichtgewonden,9,personenauto,3,Fiets,Op Kruispunt,Gewestweg,buiten bebouwde kom,Tss. 2 best.: langs opzij (voor-/achterkant-flank),Geen hindernis
9092,2,Brasschaat 2,Brasschaat,51.27512,4.47169,1.9702653398323748,51.28561044563067,4.44886086113281,2018,8,12,11002,Antwerpen,Normaal,Droog,Dag,met lichtgewonden,9,personenauto,3,Fiets,Buiten Kruispunt,Gewestweg,binnen bebouwde kom,Tussen 2 bestuurders: Flank tegen flank,Geen hindernis
9092,3,Brasschaat 1,Brasschaat,51.27503,4.47222,2.005947126780895,51.28561044563067,4.44886086113281,2018,8,12,11002,Antwerpen,Normaal,Droog,Dag,met lichtgewonden,9,personenauto,3,Fiets,Buiten Kruispunt,Gewestweg,binnen bebouwde kom,Tussen 2 bestuurders: Flank tegen flank,Geen hindernis
9102,2,Brasschaat 2,Brasschaat,51.27512,4.47169,1.5082097290522078,51.26256378755154,4.463491156068222,2018,8,16,11002,Antwerpen,Normaal,Droog,Dag,met lichtgewonden,3,Fiets,8,Voetganger,Buiten Kruispunt,Gewestweg,binnen bebouwde kom,Met een voetganger,Geen hindernis
9102,3,Brasschaat 1,Brasschaat,51.27503,4.47222,1.5133660038272065,51.26256378755154,4.463491156068222,2018,8,16,11002,Antwerpen,Normaal,Droog,Dag,met lichtgewonden,3,Fiets,8,Voetganger,Buiten Kruispunt,Gewestweg,binnen bebouwde kom,Met een voetganger,Geen hindernis
9146,3,Brasschaat 1,Brasschaat,51.27503,4.47222,1.0676571642320154,51.28298148030509,4.480823943324263,2018,8,5,11008,Brasschaat,Normaal,Droog,Dag,met lichtgewonden,3,Fiets,3,Fiets,Buiten Kruispunt,Gewestweg,buiten bebouwde kom,Tss. 2 best.: langs opzij (voor-/achterkant-flank),Geen hindernis
9146,2,Brasschaat 2,Brasschaat,51.27512,4.47169,1.0806372249353795,51.28298148030509,4.480823943324263,2018,8,5,11008,Brasschaat,Normaal,Droog,Dag,met lichtgewonden,3,Fiets,3,Fiets,Buiten Kruispunt,Gewestweg,buiten bebouwde kom,Tss. 2 best.: langs opzij (voor-/achterkant-flank),Geen hindernis
9147,2,Brasschaat 2,Brasschaat,51.27512,4.47169,1.3200489532393034,51.282401418611826,4.45670083809414,2018,8,9,11008,Brasschaat,Normaal,Droog,Dag,met lichtgewonden,9,personenauto,3,Fiets,Buiten Kruispunt,Gemeenteweg,binnen bebouwde kom,Tss. 2 best.: langs opzij (voor-/achterkant-flank),Geen hindernis
9147,3,Brasschaat 1,Brasschaat,51.27503,4.47222,1.3553837763994743,51.282401418611826,4.45670083809414,2018,8,9,11008,Brasschaat,Normaal,Droog,Dag,met lichtgewonden,9,personenauto,3,Fiets,Buiten Kruispunt,Gemeenteweg,binnen bebouwde kom,Tss. 2 best.: langs opzij (voor-/achterkant-flank),Geen hindernis
9152,2,Brasschaat 2,Brasschaat,51.27512,4.47169,1.0656726461740973,51.26730831749438,4.462815436971692,2018,8,14,11040,Schoten,Normaal,Droog,Dag,met lichtgewonden,9,personenauto,3,Fiets,Op Kruispunt,Gewestweg,buiten bebouwde kom,Tss. 2 best.: langs opzij (voor-/achterkant-flank),Geen hindernis
9152,3,Brasschaat 1,Brasschaat,51.27503,4.47222,1.0794719305445941,51.26730831749438,4.462815436971692,2018,8,14,11040,Schoten,Normaal,Droog,Dag,met lichtgewonden,9,personenauto,3,Fiets,Op Kruispunt,Gewestweg,buiten bebouwde kom,Tss. 2 best.: langs opzij (voor-/achterkant-flank),Geen hindernis
9159,104,Malle teller 2,Malle,51.31682,4.73852,2.4780033607172034,51.32513154496317,4.705434096138316,2018,8,10,11057,Malle,Normaal,Droog,Dag,met lichtgewonden,9,personenauto,3,Fiets,Op Kruispunt,Gewestweg,buiten bebouwde kom,Tss. 2 best.: langs opzij (voor-/achterkant-flank),Geen hindernis
9159,103,Malle teller 1,Malle,51.31681,4.73872,2.491317358133964,51.32513154496317,4.705434096138316,2018,8,10,11057,Malle,Normaal,Droog,Dag,met lichtgewonden,9,personenauto,3,Fiets,Op Kruispunt,Gewestweg,buiten bebouwde kom,Tss. 2 best.: langs opzij (voor-/achterkant-flank),Geen hindernis
9163,8,Heist op den Berg 1,Heist-op-den-Berg,51.06759,4.68823,2.153770821281613,51.0695415108949,4.657563108616514,2018,8,10,12029,Putte,Normaal,Droog,Dag,met lichtgewonden,3,Fiets,4,Vrachtwagen,Buiten Kruispunt,Gemeenteweg,buiten bebouwde kom,Tss. 2 best.: langs opzij (voor-/achterkant-flank),Geen hindernis
9164,96,Lier teller 2,Lier,51.11705,4.58444,2.472993146012565,51.135319699620844,4.564232484972248,2018,8,9,12021,Lier,Normaal,Droog,Dag,met lichtgewonden,9,personenauto,3,Fiets,Op Kruispunt,Gewestweg,binnen bebouwde kom,Tss. 2 best.: langs opzij (voor-/achterkant-flank),Geen hindernis
9164,95,Lier teller 1,Lier,51.11687,4.58437,2.486698706013055,51.135319699620844,4.564232484972248,2018,8,9,12021,Lier,Normaal,Droog,Dag,met lichtgewonden,9,personenauto,3,Fiets,Op Kruispunt,Gewestweg,binnen bebouwde kom,Tss. 2 best.: langs opzij (voor-/achterkant-flank),Geen hindernis
9165,96,Lier teller 2,Lier,51.11705,4.58444,0.9264644169750247,51.12408796565729,4.577335240436936,2018,8,17,12021,Lier,Normaal,Droog,Dag,met lichtgewonden,9,personenauto,3,Fiets,Op Kruispunt,Gewestweg,binnen bebouwde kom,Tss. 2 best.: langs opzij (voor-/achterkant-flank),Geen hindernis
9165,95,Lier teller 1,Lier,51.11687,4.58437,0.940873738836724,51.12408796565729,4.577335240436936,2018,8,17,12021,Lier,Normaal,Droog,Dag,met lichtgewonden,9,personenauto,3,Fiets,Op Kruispunt,Gewestweg,binnen bebouwde kom,Tss. 2 best.: langs opzij (voor-/achterkant-flank),Geen hindernis
9167,96,Lier teller 2,Lier,51.11705,4.58444,2.149547867937086,51.1309185008623,4.562983004562672,2018,8,12,12021,Lier,Normaal,Droog,Dag,met lichtgewonden,9,personenauto,3,Fiets,Buiten Kruispunt,Gewestweg,binnen bebouwde kom,Tss. 2 best.: langs opzij (voor-/achterkant-flank),Geen hindernis
9167,95,Lier teller 1,Lier,51.11687,4.58437,2.16057599941823,51.1309185008623,4.562983004562672,2018,8,12,12021,Lier,Normaal,Droog,Dag,met lichtgewonden,9,personenauto,3,Fiets,Buiten Kruispunt,Gewestweg,binnen bebouwde kom,Tss. 2 best.: langs opzij (voor-/achterkant-flank),Geen hindernis
9168,96,Lier teller 2,Lier,51.11705,4.58444,1.7153409756595661,51.12757895323005,4.566477133916494,2018,8,16,12021,Lier,Normaal,Droog,Dag,met lichtgewonden,3,Fiets,3,Fiets,Buiten Kruispunt,Gemeenteweg,binnen bebouwde kom,Tussen 2 bestuurders: Langs achteren,Geen hindernis
9168,95,Lier teller 1,Lier,51.11687,4.58437,1.7255264616978867,51.12757895323005,4.566477133916494,2018,8,16,12021,Lier,Normaal,Droog,Dag,met lichtgewonden,3,Fiets,3,Fiets,Buiten Kruispunt,Gemeenteweg,binnen bebouwde kom,Tussen 2 bestuurders: Langs achteren,Geen hindernis
9169,92,Nijlen teller 1,Nijlen,51.14989,4.64479,2.2302098083448825,51.16118620743511,4.671213672477464,2018,9,9,12026,Nijlen,Normaal,Droog,Dag,met lichtgewonden,9,personenauto,3,Fiets,Op Kruispunt,Gewestweg,binnen bebouwde kom,Tss. 2 best.: langs opzij (voor-/achterkant-flank),Geen hindernis
9169,93,Nijlen teller 2,Nijlen,51.14998,4.64469,2.2303681962535995,51.16118620743511,4.671213672477464,2018,9,9,12026,Nijlen,Normaal,Droog,Dag,met lichtgewonden,9,personenauto,3,Fiets,Op Kruispunt,Gewestweg,binnen bebouwde kom,Tss. 2 best.: langs opzij (voor-/achterkant-flank),Geen hindernis
9170,92,Nijlen teller 1,Nijlen,51.14989,4.64479,2.143245960637723,51.1605652592876,4.670376895635614,2018,8,10,12026,Nijlen,Normaal,Droog,Dag,met lichtgewonden,9,personenauto,3,Fiets,Buiten Kruispunt,Gemeenteweg,binnen bebouwde kom,Tussen 2 bestuurders: Frontale botsing,Geen hindernis
9170,93,Nijlen teller 2,Nijlen,51.14998,4.64469,2.1435434332405663,51.1605652592876,4.670376895635614,2018,8,10,12026,Nijlen,Normaal,Droog,Dag,met lichtgewonden,9,personenauto,3,Fiets,Buiten Kruispunt,Gemeenteweg,binnen bebouwde kom,Tussen 2 bestuurders: Frontale botsing,Geen hindernis
9171,93,Nijlen teller 2,Nijlen,51.14998,4.64469,2.2139418054089357,51.16985789427535,4.646504962759915,2018,8,14,12026,Nijlen,Normaal,Droog,Dag,met lichtgewonden,3,Fiets,9,personenauto,Op Kruispunt,Gewestweg,buiten bebouwde kom,Tss. 2 best.: langs opzij (voor-/achterkant-flank),Geen hindernis
9171,92,Nijlen teller 1,Nijlen,51.14989,4.64479,2.2235470836222335,51.16985789427535,4.646504962759915,2018,8,14,12026,Nijlen,Normaal,Droog,Dag,met lichtgewonden,3,Fiets,9,personenauto,Op Kruispunt,Gewestweg,buiten bebouwde kom,Tss. 2 best.: langs opzij (voor-/achterkant-flank),Geen hindernis
9173,92,Nijlen teller 1,Nijlen,51.14989,4.64479,2.0662571822482927,51.15658622894749,4.672425128012716,2018,8,10,12026,Nijlen,Normaal,Proper,Dag,met lichtgewonden,9,personenauto,3,Fiets,Op Kruispunt,Gemeenteweg,binnen bebouwde kom,Tussen 2 bestuurders: Frontale botsing,Geen hindernis
9173,93,Nijlen teller 2,Nijlen,51.14998,4.64469,2.069189071204521,51.15658622894749,4.672425128012716,2018,8,10,12026,Nijlen,Normaal,Proper,Dag,met lichtgewonden,9,personenauto,3,Fiets,Op Kruispunt,Gemeenteweg,binnen bebouwde kom,Tussen 2 bestuurders: Frontale botsing,Geen hindernis
9178,133,Gierde Lille Totem,Lille,51.2453915,4.8297416,2.0674357535980965,51.22716114257018,4.835577228480323,2018,8,12,13019,Lille,Normaal,"Ijzel, sneeuw",Dag,met lichtgewonden,9,personenauto,3,Fiets,Buiten Kruispunt,Gewestweg,binnen bebouwde kom,Tss. 2 best.: langs opzij (voor-/achterkant-flank),Geen hindernis
9178,132,Gierde lille,Lille,51.245445,4.8298851,2.0713343970294433,51.22716114257018,4.835577228480323,2018,8,12,13019,Lille,Normaal,"Ijzel, sneeuw",Dag,met lichtgewonden,9,personenauto,3,Fiets,Buiten Kruispunt,Gewestweg,binnen bebouwde kom,Tss. 2 best.: langs opzij (voor-/achterkant-flank),Geen hindernis
9185,112,Geel teller 2,Westerlo,51.1354992,4.9394789,2.493694708285065,51.13823750265367,4.904004996854276,2018,8,9,13049,Westerlo,Normaal,Droog,Dag,met lichtgewonden,9,personenauto,3,Fiets,Op Kruispunt,Gemeenteweg,binnen bebouwde kom,Tss. 2 best.: langs opzij (voor-/achterkant-flank),Geen hindernis
9189,94,Herentals teller 2,Herentals,51.17345,4.81283,1.5761874396825084,51.18114028443253,4.831823971766526,2018,8,15,13011,Herentals,Normaal,Droog,Dag,met lichtgewonden,9,personenauto,3,Fiets,Op Kruispunt,Gemeenteweg,binnen bebouwde kom,Tss. 2 best.: langs opzij (voor-/achterkant-flank),Geen hindernis
9189,110,Herentals totem,Herentals,51.1739426,4.811783,1.6100530075996908,51.18114028443253,4.831823971766526,2018,8,15,13011,Herentals,Normaal,Droog,Dag,met lichtgewonden,9,personenauto,3,Fiets,Op Kruispunt,Gemeenteweg,binnen bebouwde kom,Tss. 2 best.: langs opzij (voor-/achterkant-flank),Geen hindernis
9193,38,Lommel teller 2,Lommel,51.23277,5.29189,1.7416585414444652,51.21794591159055,5.28381408224935,2018,8,22,72020,Lommel,Normaal,Droog,"Nacht, openbare verlichting aanwezig en ontstoken",met lichtgewonden,5,Lichte vrachtauto,3,Fiets,Op Kruispunt,Gemeenteweg,buiten bebouwde kom,Tss. 2 best.: langs opzij (voor-/achterkant-flank),Geen hindernis
9193,37,Lommel teller 1,Lommel,51.23299,5.29211,1.76976973901617,51.21794591159055,5.28381408224935,2018,8,22,72020,Lommel,Normaal,Droog,"Nacht, openbare verlichting aanwezig en ontstoken",met lichtgewonden,5,Lichte vrachtauto,3,Fiets,Op Kruispunt,Gemeenteweg,buiten bebouwde kom,Tss. 2 best.: langs opzij (voor-/achterkant-flank),Geen hindernis
9195,38,Lommel teller 2,Lommel,51.23277,5.29189,1.280587570513299,51.223285399883316,5.30232170535343,2018,8,14,72020,Lommel,Normaal,Droog,Dag,met lichtgewonden,5,Lichte vrachtauto,3,Fiets,Op Kruispunt,Gewestweg,buiten bebouwde kom,Tss. 2 best.: langs opzij (voor-/achterkant-flank),Geen hindernis
9195,37,Lommel teller 1,Lommel,51.23299,5.29211,1.2923153134098027,51.223285399883316,5.30232170535343,2018,8,14,72020,Lommel,Normaal,Droog,Dag,met lichtgewonden,5,Lichte vrachtauto,3,Fiets,Op Kruispunt,Gewestweg,buiten bebouwde kom,Tss. 2 best.: langs opzij (voor-/achterkant-flank),Geen hindernis
9197,38,Lommel teller 2,Lommel,51.23277,5.29189,0.3688643158175389,51.233108909464434,5.2866198748162505,2018,8,13,72020,Lommel,Normaal,Droog,Dag,met lichtgewonden,9,personenauto,3,Fiets,Op Kruispunt,Gewestweg,buiten bebouwde kom,Tss. 2 best.: langs opzij (voor-/achterkant-flank),Geen hindernis
9197,37,Lommel teller 1,Lommel,51.23299,5.29211,0.38247949107144835,51.233108909464434,5.2866198748162505,2018,8,13,72020,Lommel,Normaal,Droog,Dag,met lichtgewonden,9,personenauto,3,Fiets,Op Kruispunt,Gewestweg,buiten bebouwde kom,Tss. 2 best.: langs opzij (voor-/achterkant-flank),Geen hindernis
9219,44,Maaseik teller 2,Maaseik,51.09359,5.79726,1.483676237765372,51.101182374119496,5.7797880940030595,2018,8,10,72021,Maaseik,Normaal,"Nat, plassen",Dag,met lichtgewonden,9,personenauto,3,Fiets,Buiten Kruispunt,Gemeenteweg,binnen bebouwde kom,Tss. 2 best.: langs opzij (voor-/achterkant-flank),Geen hindernis
9219,43,Maaseik teller 1,Maaseik,51.09344,5.79715,1.4869620074943015,51.101182374119496,5.7797880940030595,2018,8,10,72021,Maaseik,Normaal,"Nat, plassen",Dag,met lichtgewonden,9,personenauto,3,Fiets,Buiten Kruispunt,Gemeenteweg,binnen bebouwde kom,Tss. 2 best.: langs opzij (voor-/achterkant-flank),Geen hindernis
9220,44,Maaseik teller 2,Maaseik,51.09359,5.79726,0.6072683529495005,51.098967350009815,5.795741142074921,2018,8,13,72021,Maaseik,Normaal,Droog,Dag,met lichtgewonden,3,Fiets,9,personenauto,Op Kruispunt,Gewestweg,binnen bebouwde kom,Tss. 2 best.: langs opzij (voor-/achterkant-flank),Geen hindernis
9220,43,Maaseik teller 1,Maaseik,51.09344,5.79715,0.6224377722974972,51.098967350009815,5.795741142074921,2018,8,13,72021,Maaseik,Normaal,Droog,Dag,met lichtgewonden,3,Fiets,9,personenauto,Op Kruispunt,Gewestweg,binnen bebouwde kom,Tss. 2 best.: langs opzij (voor-/achterkant-flank),Geen hindernis
9222,48,As,As,51.00509,5.60389,0.43108330449964766,51.005364362936135,5.597744417283997,2018,8,8,71002,As,Normaal,Droog,Dag,met zwaargewonden,3,Fiets,11,een weggebruiker tegen een hindernis,Buiten Kruispunt,Gewestweg,buiten bebouwde kom,Weggebruiker tegen hindernis buiten rijbaan,Andere hindernis
9223,25,Bree,Bree,51.13679500160176,5.597669323604317,0.7574166145196775,51.13935366496642,5.607730412891809,2018,8,19,72004,Bree,Normaal,Droog,Dag,met lichtgewonden,3,Fiets,10,"één bestuurder, geen hindernis",Op Kruispunt,Gewestweg,binnen bebouwde kom,"Eén bestuurder, geen hindernis (incl. val)",Geen hindernis
9230,49,Bokrijk,Genk,50.95264,5.41001,1.901578468203454,50.95768027376441,5.435952113738873,2018,8,22,71016,Genk,Normaal,Droog,"Nacht, geen openbare verlichting aanwezig",met lichtgewonden,3,Fiets,3,Fiets,Buiten Kruispunt,Gewestweg,buiten bebouwde kom,Tussen 2 bestuurders: Frontale botsing,Geen hindernis
9231,139,Houthalen-Helchteren,Houthalen-Helchteren,51.0644267,5.3819796,2.489752503530259,51.042094361264354,5.379405455262207,2018,8,9,72039,Houthalen-Helchteren,Normaal,Droog,Dag,met lichtgewonden,9,personenauto,3,Fiets,Buiten Kruispunt,Gewestweg,buiten bebouwde kom,Tss. 2 best.: langs opzij (voor-/achterkant-flank),Geen hindernis
9232,25,Bree,Bree,51.13679500160176,5.597669323604317,0.7762196127725103,51.13654788537186,5.608787612807717,2018,8,17,72004,Bree,Normaal,Droog,Dag,met lichtgewonden,9,personenauto,3,Fiets,Buiten Kruispunt,Gewestweg,buiten bebouwde kom,Tussen 2 bestuurders: Flank tegen flank,Geen hindernis
9234,69,Leuven teller 1,Leuven,50.87549,4.71526,2.426977170724453,50.879877503859646,4.749145169914791,2018,8,15,24062,Leuven,Normaal,"Nat, plassen",Dag,met lichtgewonden,3,Fiets,9,personenauto,Buiten Kruispunt,Gemeenteweg,binnen bebouwde kom,Tss. 2 best.: langs opzij (voor-/achterkant-flank),Geen hindernis
9236,69,Leuven teller 1,Leuven,50.87549,4.71526,2.0986449407023997,50.88596175164859,4.740146860817849,2018,8,19,24062,Leuven,Normaal,Droog,Dag,met lichtgewonden,9,personenauto,3,Fiets,Op Kruispunt,Gewestweg,binnen bebouwde kom,Tss. 2 best.: langs opzij (voor-/achterkant-flank),Geen hindernis
9236,107,leuven totem,Leuven,50.8870744,4.7087919,2.2029725912022475,50.88596175164859,4.740146860817849,2018,8,19,24062,Leuven,Normaal,Droog,Dag,met lichtgewonden,9,personenauto,3,Fiets,Op Kruispunt,Gewestweg,binnen bebouwde kom,Tss. 2 best.: langs opzij (voor-/achterkant-flank),Geen hindernis
9236,77,Leuven teller 2,Leuven,50.88672,4.70796,2.2594343040100693,50.88596175164859,4.740146860817849,2018,8,19,24062,Leuven,Normaal,Droog,Dag,met lichtgewonden,9,personenauto,3,Fiets,Op Kruispunt,Gewestweg,binnen bebouwde kom,Tss. 2 best.: langs opzij (voor-/achterkant-flank),Geen hindernis
9237,69,Leuven teller 1,Leuven,50.87549,4.71526,1.5100971323717107,50.881369981945305,4.734661468324109,2018,8,8,24062,Leuven,Normaal,Droog,Dag,met lichtgewonden,9,personenauto,3,Fiets,Op Kruispunt,Gemeenteweg,binnen bebouwde kom,Tss. 2 best.: langs opzij (voor-/achterkant-flank),Geen hindernis
9237,107,leuven totem,Leuven,50.8870744,4.7087919,1.9224511319009812,50.881369981945305,4.734661468324109,2018,8,8,24062,Leuven,Normaal,Droog,Dag,met lichtgewonden,9,personenauto,3,Fiets,Op Kruispunt,Gemeenteweg,binnen bebouwde kom,Tss. 2 best.: langs opzij (voor-/achterkant-flank),Geen hindernis
9237,77,Leuven teller 2,Leuven,50.88672,4.70796,1.9653577805080782,50.881369981945305,4.734661468324109,2018,8,8,24062,Leuven,Normaal,Droog,Dag,met lichtgewonden,9,personenauto,3,Fiets,Op Kruispunt,Gemeenteweg,binnen bebouwde kom,Tss. 2 best.: langs opzij (voor-/achterkant-flank),Geen hindernis
9238,69,Leuven teller 1,Leuven,50.87549,4.71526,0.8690234256514203,50.88263934235191,4.720263344062255,2018,8,17,24062,Leuven,Normaal,Droog,Dag,met lichtgewonden,3,Fiets,3,Fiets,Op Kruispunt,Gemeenteweg,binnen bebouwde kom,Tss. 2 best.: langs opzij (voor-/achterkant-flank),Geen hindernis
9238,107,leuven totem,Leuven,50.8870744,4.7087919,0.943818762560579,50.88263934235191,4.720263344062255,2018,8,17,24062,Leuven,Normaal,Droog,Dag,met lichtgewonden,3,Fiets,3,Fiets,Op Kruispunt,Gemeenteweg,binnen bebouwde kom,Tss. 2 best.: langs opzij (voor-/achterkant-flank),Geen hindernis
9238,77,Leuven teller 2,Leuven,50.88672,4.70796,0.975097787828946,50.88263934235191,4.720263344062255,2018,8,17,24062,Leuven,Normaal,Droog,Dag,met lichtgewonden,3,Fiets,3,Fiets,Op Kruispunt,Gemeenteweg,binnen bebouwde kom,Tss. 2 best.: langs opzij (voor-/achterkant-flank),Geen hindernis
9239,107,leuven totem,Leuven,50.8870744,4.7087919,1.7251167906272862,50.90139754541691,4.699340109973151,2018,8,20,24062,Leuven,Normaal,Droog,Dag,dodelijk gewonden,9,personenauto,3,Fiets,Op Kruispunt,Gemeenteweg,binnen bebouwde kom,Tss. 2 best.: langs opzij (voor-/achterkant-flank),Geen hindernis
9239,77,Leuven teller 2,Leuven,50.88672,4.70796,1.740446948015646,50.90139754541691,4.699340109973151,2018,8,20,24062,Leuven,Normaal,Droog,Dag,dodelijk gewonden,9,personenauto,3,Fiets,Op Kruispunt,Gemeenteweg,binnen bebouwde kom,Tss. 2 best.: langs opzij (voor-/achterkant-flank),Geen hindernis
9240,151,Leuven,District Leuven,50.8690262,4.6854839,1.1148369233945168,50.8591684015772,4.68838113648092,2018,8,10,24062,Leuven,Normaal,Droog,Dag,met lichtgewonden,9,personenauto,3,Fiets,Op Kruispunt,Gemeenteweg,buiten bebouwde kom,Tussen 2 bestuurders: Frontale botsing,Geen hindernis
9240,108,Heverlee teller 1,Leuven,50.8471728,4.6954674,1.423589548740241,50.8591684015772,4.68838113648092,2018,8,10,24062,Leuven,Normaal,Droog,Dag,met lichtgewonden,9,personenauto,3,Fiets,Op Kruispunt,Gemeenteweg,buiten bebouwde kom,Tussen 2 bestuurders: Frontale botsing,Geen hindernis
9240,76,Heverlee teller 2,Leuven,50.84606,4.69597,1.551891214885047,50.8591684015772,4.68838113648092,2018,8,10,24062,Leuven,Normaal,Droog,Dag,met lichtgewonden,9,personenauto,3,Fiets,Op Kruispunt,Gemeenteweg,buiten bebouwde kom,Tussen 2 bestuurders: Frontale botsing,Geen hindernis
9242,22,Tienen 2,Tienen,50.81330800184882,4.935984252796022,0.985134566818333,50.80455161808717,4.938117400155842,2018,8,14,24107,Tienen,Normaal,Onbekend,Dag,met lichtgewonden,9,personenauto,3,Fiets,Buiten Kruispunt,Gemeenteweg,binnen bebouwde kom,Tussen 2 bestuurders: Langs achteren,Geen hindernis
9242,23,Tienen 3,Tienen,50.81324,4.93447,0.9995193017925852,50.80455161808717,4.938117400155842,2018,8,14,24107,Tienen,Normaal,Onbekend,Dag,met lichtgewonden,9,personenauto,3,Fiets,Buiten Kruispunt,Gemeenteweg,binnen bebouwde kom,Tussen 2 bestuurders: Langs achteren,Geen hindernis
9242,24,Tienen 1,Tienen,50.8133795491886,4.935044252605416,1.0050909614541288,50.80455161808717,4.938117400155842,2018,8,14,24107,Tienen,Normaal,Onbekend,Dag,met lichtgewonden,9,personenauto,3,Fiets,Buiten Kruispunt,Gemeenteweg,binnen bebouwde kom,Tussen 2 bestuurders: Langs achteren,Geen hindernis
9243,23,Tienen 3,Tienen,50.81324,4.93447,1.823949244916026,50.79689221363139,4.936601136059557,2018,8,17,24107,Tienen,Normaal,"Vuil (zand, grint, bladeren,...)",Dag,met lichtgewonden,3,Fiets,10,"één bestuurder, geen hindernis",Op Kruispunt,Gewestweg,binnen bebouwde kom,"Eén bestuurder, geen hindernis (incl. val)",Geen hindernis