crash_row_id,site_id,site_name,site_gemeente,site_lat,site_long,distance_km,crash_lat,crash_long,DT_YEAR_COLLISION,DT_MONTH_COLLISION,DT_TIME,CD_NIS,TX_MUNTY_COLLISION_NL,TX_WEATHER_NL,TX_ROAD_CONDITION_NL,TX_LIGHT_CONDITION_NL,TX_CLASS_ACCIDENTS_NL,CD_ROAD_USR_TYPE1,TX_ROAD_USR_TYPE1_NL,CD_ROAD_USR_TYPE2,TX_ROAD_USR_TYPE2_NL,TX_CROSSWAY_NL,CD_ROAD_TYPE_NL,TX_BUILD_UP_AREA_NL,TX_COLLISION_TYPE_NL,TX_OBSTACLES_NL
9243,22,Tienen 2,Tienen,50.81330800184882,4.935984252796022,1.8258670233074028,50.79689221363139,4.936601136059557,2018,8,17,24107,Tienen,Normaal,"Vuil (zand, grint, bladeren,...)",Dag,met lichtgewonden,3,Fiets,10,"één bestuurder, geen hindernis",Op Kruispunt,Gewestweg,binnen bebouwde kom,"Eén bestuurder, geen hindernis (incl. val)",Geen hindernis
9243,24,Tienen 1,Tienen,50.8133795491886,4.935044252605416,1.8365695087492326,50.79689221363139,4.936601136059557,2018,8,17,24107,Tienen,Normaal,"Vuil (zand, grint, bladeren,...)",Dag,met lichtgewonden,3,Fiets,10,"één bestuurder, geen hindernis",Op Kruispunt,Gewestweg,binnen bebouwde kom,"Eén bestuurder, geen hindernis (incl. val)",Geen hindernis
9245,72,Herent teller 1,Herent,50.89135,4.64689,1.3172426051468704,50.90247474769663,4.653344654533215,2018,8,8,24038,Herent,Normaal,Droog,Dag,met lichtgewonden,3,Fiets,10,"één bestuurder, geen hindernis",Buiten Kruispunt,Gemeenteweg,binnen bebouwde kom,"Eén bestuurder, geen hindernis (incl. val)",Geen hindernis
9245,73,Herent teller 2,Herent,50.89128,4.64685,1.3255163694976335,50.90247474769663,4.653344654533215,2018,8,8,24038,Herent,Normaal,Droog,Dag,met lichtgewonden,3,Fiets,10,"één bestuurder, geen hindernis",Buiten Kruispunt,Gemeenteweg,binnen bebouwde kom,"Eén bestuurder, geen hindernis (incl. val)",Geen hindernis
9248,87,Aarschot,Aarschot,50.99084,4.81259,1.9186580244999218,50.98178850277052,4.83592608760414,2018,8,1,24001,Aarschot,Normaal,Droog,"Nacht, openbare verlichting aanwezig en ontstoken",met lichtgewonden,3,Fiets,3,Fiets,Buiten Kruispunt,Gemeenteweg,binnen bebouwde kom,Tussen 2 bestuurders: Flank tegen flank,Geen hindernis
9249,87,Aarschot,Aarschot,50.99084,4.81259,1.6798118908977828,50.98448124612159,4.8343592362571215,2018,8,18,24001,Aarschot,Normaal,Onbekend,Dag,met lichtgewonden,3,Fiets,9,personenauto,Buiten Kruispunt,Gemeenteweg,binnen bebouwde kom,Tussen 2 bestuurders: Flank tegen flank,Geen hindernis
9252,70,Kampenhout teller 1,Kampenhout,50.95682,4.59318,1.8354712657400118,50.96710441331498,4.613679659138515,2018,8,18,24033,Haacht,Normaal,Droog,Dag,met zwaargewonden,3,Fiets,9,personenauto,Buiten Kruispunt,Gewestweg,buiten bebouwde kom,Tussen 2 bestuurders: Flank tegen flank,Geen hindernis
9252,71,Kampenhout teller 2,Kampenhout,50.95589,4.59164,1.9843216388012324,50.96710441331498,4.613679659138515,2018,8,18,24033,Haacht,Normaal,Droog,Dag,met zwaargewonden,3,Fiets,9,personenauto,Buiten Kruispunt,Gewestweg,buiten bebouwde kom,Tussen 2 bestuurders: Flank tegen flank,Geen hindernis
9259,111,Zaventem totem,Zaventem,50.8871216,4.4597084,1.0500762714997112,50.882003755589,4.472288401095741,2018,8,15,23094,Zaventem,Normaal,Droog,Dag,met lichtgewonden,3,Fiets,9,personenauto,Op Kruispunt,Gemeenteweg,binnen bebouwde kom,Tss. 2 best.: langs opzij (voor-/achterkant-flank),Geen hindernis
9259,26,Zaventem,Zaventem,50.86995,4.45444,1.8343247192102397,50.882003755589,4.472288401095741,2018,8,15,23094,Zaventem,Normaal,Droog,Dag,met lichtgewonden,3,Fiets,9,personenauto,Op Kruispunt,Gemeenteweg,binnen bebouwde kom,Tss. 2 best.: langs opzij (voor-/achterkant-flank),Geen hindernis
9261,111,Zaventem totem,Zaventem,50.8871216,4.4597084,0.8300917882046874,50.88110274250999,4.466708281596505,2018,8,8,23094,Zaventem,Normaal,Droog,Dag,met lichtgewonden,3,Fiets,9,personenauto,Buiten Kruispunt,Gewestweg,binnen bebouwde kom,Kettingbotsing (3 bestuurders of meer),Geen hindernis
9261,26,Zaventem,Zaventem,50.86995,4.45444,1.5096018444284443,50.88110274250999,4.466708281596505,2018,8,8,23094,Zaventem,Normaal,Droog,Dag,met lichtgewonden,3,Fiets,9,personenauto,Buiten Kruispunt,Gewestweg,binnen bebouwde kom,Kettingbotsing (3 bestuurders of meer),Geen hindernis
9261,149,Machelen,,50.88297881,4.43356644,2.334405348719693,50.88110274250999,4.466708281596505,2018,8,8,23094,Zaventem,Normaal,Droog,Dag,met lichtgewonden,3,Fiets,9,personenauto,Buiten Kruispunt,Gewestweg,binnen bebouwde kom,Kettingbotsing (3 bestuurders of meer),Geen hindernis
9262,26,Zaventem,Zaventem,50.86995,4.45444,0.6303121584979625,50.86700361649745,4.446766711212462,2018,8,8,23094,Zaventem,Normaal,Droog,Dag,met lichtgewonden,9,personenauto,3,Fiets,Buiten Kruispunt,Gewestweg,buiten bebouwde kom,Tss. 2 best.: langs opzij (voor-/achterkant-flank),Geen hindernis
9262,149,Machelen,,50.88297881,4.43356644,2.0033253133106834,50.86700361649745,4.446766711212462,2018,8,8,23094,Zaventem,Normaal,Droog,Dag,met lichtgewonden,9,personenauto,3,Fiets,Buiten Kruispunt,Gewestweg,buiten bebouwde kom,Tss. 2 best.: langs opzij (voor-/achterkant-flank),Geen hindernis
9262,111,Zaventem totem,Zaventem,50.8871216,4.4597084,2.4142805309375364,50.86700361649745,4.446766711212462,2018,8,8,23094,Zaventem,Normaal,Droog,Dag,met lichtgewonden,9,personenauto,3,Fiets,Buiten Kruispunt,Gewestweg,buiten bebouwde kom,Tss. 2 best.: langs opzij (voor-/achterkant-flank),Geen hindernis
9264,147,Overijse,District Vilvoorde-gewestwegen,50.7797555,4.4975769,1.6174761859043696,50.76529753308427,4.4950456688146,2018,8,10,23033,Hoeilaart,Normaal,Droog,Dag,met lichtgewonden,5,Lichte vrachtauto,3,Fiets,Op Kruispunt,Gemeenteweg,binnen bebouwde kom,Tussen 2 bestuurders: Frontale botsing,Geen hindernis
9265,148,Hoeilaart,District Leuven,50.76699493,4.44471001,1.7544928766021897,50.76675235246512,4.469654257395516,2018,8,7,23033,Hoeilaart,Normaal,Droog,Dageraad - schemering,met lichtgewonden,8,Voetganger,3,Fiets,Buiten Kruispunt,Gemeenteweg,binnen bebouwde kom,Met een voetganger,Geen hindernis
9265,147,Overijse,District Vilvoorde-gewestwegen,50.7797555,4.4975769,2.4384105987816658,50.76675235246512,4.469654257395516,2018,8,7,23033,Hoeilaart,Normaal,Droog,Dageraad - schemering,met lichtgewonden,8,Voetganger,3,Fiets,Buiten Kruispunt,Gemeenteweg,binnen bebouwde kom,Met een voetganger,Geen hindernis
9281,27,Grimbergen,Meise,50.92127,4.34013,1.823706032494712,50.920986485153904,4.366143328920761,2018,8,11,23025,Grimbergen,Normaal,Droog,Dag,met lichtgewonden,9,personenauto,3,Fiets,Buiten Kruispunt,Gemeenteweg,binnen bebouwde kom,Tss. 2 best.: langs opzij (voor-/achterkant-flank),Geen hindernis
9282,27,Grimbergen,Meise,50.92127,4.34013,1.3266985847325479,50.9097300919357,4.344937339316448,2018,8,11,23025,Grimbergen,Normaal,Droog,Dag,met lichtgewonden,9,personenauto,3,Fiets,Op Kruispunt,Gewestweg,buiten bebouwde kom,Tss. 2 best.: langs opzij (voor-/achterkant-flank),Geen hindernis
9283,71,Kampenhout teller 2,Kampenhout,50.95589,4.59164,0.41714589509925254,50.95891863579169,4.588125433637278,2018,8,16,23038,Kampenhout,Normaal,Droog,Dag,met lichtgewonden,9,personenauto,3,Fiets,Buiten Kruispunt,Gewestweg,buiten bebouwde kom,Tss. 2 best.: langs opzij (voor-/achterkant-flank),Geen hindernis
9283,70,Kampenhout teller 1,Kampenhout,50.95682,4.59318,0.42401646449357133,50.95891863579169,4.588125433637278,2018,8,16,23038,Kampenhout,Normaal,Droog,Dag,met lichtgewonden,9,personenauto,3,Fiets,Buiten Kruispunt,Gewestweg,buiten bebouwde kom,Tss. 2 best.: langs opzij (voor-/achterkant-flank),Geen hindernis
9284,13,Gent,Gent,51.03018,3.70146,1.9011372777578657,51.02993020500553,3.728642651954907,2018,8,9,44021,Gent,Normaal,Droog,Dag,met lichtgewonden,3,Fiets,11,een weggebruiker tegen een hindernis,Buiten Kruispunt,Gemeenteweg,binnen bebouwde kom,Weggebruiker tegen hindernis op de rijbaan,"Op de rijbaan: Put, straatgoot, tramspoor"
9286,136,Gent R4,Gent,51.0876313,3.7587918,2.063718475055998,51.07024015015183,3.748476033642719,2018,8,10,44021,Gent,Onbekend,Droog,Dag,met lichtgewonden,9,personenauto,3,Fiets,Buiten Kruispunt,Gemeenteweg,binnen bebouwde kom,Tussen 2 bestuurders: Frontale botsing,Geen hindernis
9287,7,Evergem 1,Evergem,51.1089,3.70317,2.3048773016030477,51.08988408608199,3.7163068928325043,2018,8,17,44021,Gent,Normaal,Droog,Dag,met lichtgewonden,3,Fiets,9,personenauto,Buiten Kruispunt,Gemeenteweg,binnen bebouwde kom,Tss. 2 best.: langs opzij (voor-/achterkant-flank),Geen hindernis
9287,6,Evergem 2,Evergem,51.10894,3.70298,2.314261051380235,51.08988408608199,3.7163068928325043,2018,8,17,44021,Gent,Normaal,Droog,Dag,met lichtgewonden,3,Fiets,9,personenauto,Buiten Kruispunt,Gemeenteweg,binnen bebouwde kom,Tss. 2 best.: langs opzij (voor-/achterkant-flank),Geen hindernis
9288,13,Gent,Gent,51.03018,3.70146,1.9410975371533885,51.037206401259176,3.7268712273290396,2018,8,10,44021,Gent,Normaal,Droog,Dag,met lichtgewonden,3,Fiets,9,personenauto,Buiten Kruispunt,Gemeenteweg,binnen bebouwde kom,Tss. 2 best.: langs opzij (voor-/achterkant-flank),Geen hindernis
9291,13,Gent,Gent,51.03018,3.70146,2.0176359677506928,51.03162039391239,3.730220917868184,2018,8,18,44021,Gent,Regenval,"Nat, plassen",Dag,met lichtgewonden,1,Autobus,3,Fiets,Op Kruispunt,Gemeenteweg,binnen bebouwde kom,Tussen 2 bestuurders: Flank tegen flank,Geen hindernis
9292,13,Gent,Gent,51.03018,3.70146,0.6242188694189164,51.03396517012722,3.7080520792763636,2018,8,16,44021,Gent,Normaal,"Ijzel, sneeuw",Dag,met lichtgewonden,3,Fiets,9,personenauto,Op Kruispunt,Gewestweg,binnen bebouwde kom,Tussen 2 bestuurders: Flank tegen flank,Geen hindernis
9293,116,Melle teller 2,Melle,50.9986113,3.8040599,1.9432809978281702,50.99178504449655,3.8296213970318993,2018,8,13,42025,Wetteren,Onbekend,Onbekend,Dag,met lichtgewonden,3,Fiets,9,personenauto,Op Kruispunt,Gewestweg,onbekend,Tss. 2 best.: langs opzij (voor-/achterkant-flank),Geen hindernis
9293,117,Melle teller 1,Melle,50.9986113,3.8040599,1.9432809978281702,50.99178504449655,3.8296213970318993,2018,8,13,42025,Wetteren,Onbekend,Onbekend,Dag,met lichtgewonden,3,Fiets,9,personenauto,Op Kruispunt,Gewestweg,onbekend,Tss. 2 best.: langs opzij (voor-/achterkant-flank),Geen hindernis
9294,13,Gent,Gent,51.03018,3.70146,2.323606048669554,51.01295754006567,3.720274168633532,2018,8,8,44021,Gent,Normaal,Droog,Dag,met lichtgewonden,9,personenauto,3,Fiets,Op Kruispunt,Gemeenteweg,buiten bebouwde kom,Tussen 2 bestuurders: Langs achteren,Geen hindernis
9298,13,Gent,Gent,51.03018,3.70146,0.9383099508700656,51.03255782859466,3.7143341347001924,2018,8,11,44021,Gent,Normaal,Droog,Dag,met lichtgewonden,3,Fiets,9,personenauto,Buiten Kruispunt,Gewestweg,binnen bebouwde kom,Tss. 2 best.: langs opzij (voor-/achterkant-flank),Geen hindernis
9300,118,Gent teller 1,Gent,51.028049,3.7681359,2.376242880168506,51.01940568229468,3.737064087263175,2018,8,22,44021,Gent,Normaal,Droog,"Nacht, openbare verlichting aanwezig en ontstoken",met lichtgewonden,9,personenauto,3,Fiets,Buiten Kruispunt,Gemeenteweg,buiten bebouwde kom,Tss. 2 best.: langs opzij (voor-/achterkant-flank),Geen hindernis
9300,119,Gent teller 2,Gent,51.0281795,3.7683918,2.3984854668225544,51.01940568229468,3.737064087263175,2018,8,22,44021,Gent,Normaal,Droog,"Nacht, openbare verlichting aanwezig en ontstoken",met lichtgewonden,9,personenauto,3,Fiets,Buiten Kruispunt,Gemeenteweg,buiten bebouwde kom,Tss. 2 best.: langs opzij (voor-/achterkant-flank),Geen hindernis
9301,13,Gent,Gent,51.03018,3.70146,1.9737567469339325,51.01252072058511,3.704315927916085,2018,8,18,44021,Gent,Normaal,Droog,Dag,met lichtgewonden,4,Vrachtwagen,3,Fiets,Buiten Kruispunt,Gewestweg,binnen bebouwde kom,Tussen 2 bestuurders: Flank tegen flank,Geen hindernis
9304,136,Gent R4,Gent,51.0876313,3.7587918,2.436830529398475,51.07142829156532,3.735304662040374,2018,8,2,44021,Gent,Normaal,Droog,Onbekend,met zwaargewonden,3,Fiets,11,een weggebruiker tegen een hindernis,Op Kruispunt,Gewestweg,binnen bebouwde kom,Weggebruiker tegen hindernis op de rijbaan,Op de rijbaan: Lading
9308,136,Gent R4,Gent,51.0876313,3.7587918,2.391486352067382,51.10820117810733,3.7487917426422905,2018,8,12,44021,Gent,Normaal,Droog,Dag,met lichtgewonden,3,Fiets,3,Fiets,Op Kruispunt,Gemeenteweg,buiten bebouwde kom,Tussen 2 bestuurders: Flank tegen flank,Geen hindernis
9310,13,Gent,Gent,51.03018,3.70146,1.0854198137138886,51.030423711361784,3.7169763425901037,2018,8,14,44021,Gent,Regenval,"Nat, plassen",Dag,met lichtgewonden,3,Fiets,8,Voetganger,Buiten Kruispunt,Gemeenteweg,binnen bebouwde kom,Met een voetganger,Geen hindernis
9311,13,Gent,Gent,51.03018,3.70146,2.0837245398103756,51.02875083388014,3.7311693247306654,2018,8,8,44021,Gent,Normaal,"Vuil (zand, grint, bladeren,...)",Dag,met lichtgewonden,3,Fiets,10,"één bestuurder, geen hindernis",Buiten Kruispunt,Gemeenteweg,binnen bebouwde kom,"Eén bestuurder, geen hindernis (incl. val)",Geen hindernis
9314,13,Gent,Gent,51.03018,3.70146,2.3195134334067697,51.04133337932789,3.729492353531079,2018,9,2,44021,Gent,Normaal,Droog,"Nacht, openbare verlichting aanwezig en ontstoken",met lichtgewonden,3,Fiets,10,"één bestuurder, geen hindernis",Buiten Kruispunt,Gemeenteweg,binnen bebouwde kom,"Eén bestuurder, geen hindernis (incl. val)",Geen hindernis
9315,118,Gent teller 1,Gent,51.028049,3.7681359,2.358886270640839,51.04074022069106,3.7411041959597857,2018,8,1,44021,Gent,Normaal,Droog,"Nacht, geen openbare verlichting aanwezig",met lichtgewonden,3,Fiets,11,een weggebruiker tegen een hindernis,Buiten Kruispunt,Gemeenteweg,binnen bebouwde kom,Weggebruiker tegen hindernis buiten rijbaan,Buiten de rijbaan: Omheining
9315,119,Gent teller 2,Gent,51.0281795,3.7683918,2.3646469973800546,51.04074022069106,3.7411041959597857,2018,8,1,44021,Gent,Normaal,Droog,"Nacht, geen openbare verlichting aanwezig",met lichtgewonden,3,Fiets,11,een weggebruiker tegen een hindernis,Buiten Kruispunt,Gemeenteweg,binnen bebouwde kom,Weggebruiker tegen hindernis buiten rijbaan,Buiten de rijbaan: Omheining
9317,136,Gent R4,Gent,51.0876313,3.7587918,2.0560165679605675,51.074232848150054,3.738508507742087,2018,8,8,44021,Gent,Normaal,Droog,Dag,met lichtgewonden,3,Fiets,4,Vrachtwagen,Op Kruispunt,Gewestweg,binnen bebouwde kom,Tss. 2 best.: langs opzij (voor-/achterkant-flank),Geen hindernis
9333,116,Melle teller 2,Melle,50.9986113,3.8040599,1.9056930791707059,50.981676176092165,3.799879763366052,2018,8,16,44040,Melle,Normaal,Droog,Dag,met lichtgewonden,3,Fiets,9,personenauto,Buiten Kruispunt,Gewestweg,binnen bebouwde kom,Tussen 2 bestuurders: Frontale botsing,Geen hindernis
9333,117,Melle teller 1,Melle,50.9986113,3.8040599,1.9056930791707059,50.981676176092165,3.799879763366052,2018,8,16,44040,Melle,Normaal,Droog,Dag,met lichtgewonden,3,Fiets,9,personenauto,Buiten Kruispunt,Gewestweg,binnen bebouwde kom,Tussen 2 bestuurders: Frontale botsing,Geen hindernis
9334,118,Gent teller 1,Gent,51.028049,3.7681359,1.3022383379019415,51.01872071288584,3.756878708038875,2018,8,14,44043,Merelbeke,Normaal,Droog,Dag,met lichtgewonden,3,Fiets,8,Voetganger,Buiten Kruispunt,Gemeenteweg,buiten bebouwde kom,Met een voetganger,Geen hindernis
9334,119,Gent teller 2,Gent,51.0281795,3.7683918,1.3246286903850057,51.01872071288584,3.756878708038875,2018,8,14,44043,Merelbeke,Normaal,Droog,Dag,met lichtgewonden,3,Fiets,8,Voetganger,Buiten Kruispunt,Gemeenteweg,buiten bebouwde kom,Met een voetganger,Geen hindernis
9335,116,Melle teller 2,Melle,50.9986113,3.8040599,0.7488100385460322,50.99900265052679,3.793377492984413,2018,8,13,44040,Melle,Normaal,Droog,Dag,met lichtgewonden,3,Fiets,9,personenauto,Op Kruispunt,Gemeenteweg,binnen bebouwde kom,Tss. 2 best.: langs opzij (voor-/achterkant-flank),Geen hindernis
9335,117,Melle teller 1,Melle,50.9986113,3.8040599,0.7488100385460322,50.99900265052679,3.793377492984413,2018,8,13,44040,Melle,Normaal,Droog,Dag,met lichtgewonden,3,Fiets,9,personenauto,Op Kruispunt,Gemeenteweg,binnen bebouwde kom,Tss. 2 best.: langs opzij (voor-/achterkant-flank),Geen hindernis
9336,118,Gent teller 1,Gent,51.028049,3.7681359,1.1560584953215305,51.018637496229125,3.7611128304896875,2018,8,15,44043,Merelbeke,Normaal,Proper,Dag,met lichtgewonden,3,Fiets,9,personenauto,Buiten Kruispunt,Gemeenteweg,binnen bebouwde kom,Tss. 2 best.: langs opzij (voor-/achterkant-flank),Geen hindernis
9336,119,Gent teller 2,Gent,51.0281795,3.7683918,1.1768417833498772,51.018637496229125,3.7611128304896875,2018,8,15,44043,Merelbeke,Normaal,Proper,Dag,met lichtgewonden,3,Fiets,9,personenauto,Buiten Kruispunt,Gemeenteweg,binnen bebouwde kom,Tss. 2 best.: langs opzij (voor-/achterkant-flank),Geen hindernis
9337,116,Melle teller 2,Melle,50.9986113,3.8040599,1.2116402726779907,50.988353283260416,3.7982206308861874,2018,9,14,44040,Melle,Normaal,Droog,Dag,met lichtgewonden,9,personenauto,3,Fiets,Op Kruispunt,Gewestweg,buiten bebouwde kom,Tss. 2 best.: langs opzij (voor-/achterkant-flank),Geen hindernis
9337,117,Melle teller 1,Melle,50.9986113,3.8040599,1.2116402726779907,50.988353283260416,3.7982206308861874,2018,9,14,44040,Melle,Normaal,Droog,Dag,met lichtgewonden,9,personenauto,3,Fiets,Op Kruispunt,Gewestweg,buiten bebouwde kom,Tss. 2 best.: langs opzij (voor-/achterkant-flank),Geen hindernis
9347,6,Evergem 2,Evergem,51.10894,3.70298,0.62603125194371,51.10970833686565,3.6940965392420693,2018,8,11,44019,Evergem,Normaal,Droog,Dag,met zwaargewonden,3,Fiets,3,Fiets,Op Kruispunt,Gemeenteweg,binnen bebouwde kom,Tussen 2 bestuurders: Langs achteren,Geen hindernis
9347,7,Evergem 1,Evergem,51.1089,3.70317,0.6397840077478486,51.10970833686565,3.6940965392420693,2018,8,11,44019,Evergem,Normaal,Droog,Dag,met zwaargewonden,3,Fiets,3,Fiets,Op Kruispunt,Gemeenteweg,binnen bebouwde kom,Tussen 2 bestuurders: Langs achteren,Geen hindernis
9351,115,Aalter,Aalter,51.1058367,3.4350591,0.20433332990138933,51.104243681048544,3.4365179949065507,2018,8,13,44084,Aalter,Normaal,Droog,Dag,met lichtgewonden,9,personenauto,3,Fiets,Buiten Kruispunt,Gewestweg,binnen bebouwde kom,Tussen 2 bestuurders: Flank tegen flank,Geen hindernis
9383,126,Hamme totem,Hamme,51.1017709,4.1469307,1.6649072138478356,51.116601637060036,4.143652507493926,2018,8,16,46025,Temse,Normaal,Droog,Dag,met lichtgewonden,9,personenauto,3,Fiets,Buiten Kruispunt,Gewestweg,buiten bebouwde kom,Tss. 2 best.: langs opzij (voor-/achterkant-flank),Geen hindernis
9386,141,Test site A support,Lokeren,51.08342085,3.9961071208376326,1.671082299544727,51.09469274050954,4.011931836829636,2018,8,15,46014,Lokeren,Normaal,Droog,Dag,met lichtgewonden,9,personenauto,3,Fiets,Op Kruispunt,Gewestweg,buiten bebouwde kom,Tussen 2 bestuurders: Frontale botsing,Geen hindernis
9387,141,Test site A support,Lokeren,51.08342085,3.9961071208376326,1.671082299544727,51.09469274050954,4.011931836829636,2018,8,9,46014,Lokeren,Normaal,Droog,Dag,met lichtgewonden,3,Fiets,9,personenauto,Op Kruispunt,Gewestweg,binnen bebouwde kom,Tss. 2 best.: langs opzij (voor-/achterkant-flank),Geen hindernis
9389,128,Lokeren teller 1,Lokeren,51.09644,3.97023,0.5831225256923293,51.10129632431241,3.9670783163488035,2018,8,17,46014,Lokeren,Normaal,Droog,Dag,met lichtgewonden,9,personenauto,3,Fiets,Buiten Kruispunt,Gemeenteweg,binnen bebouwde kom,Tss. 2 best.: langs opzij (voor-/achterkant-flank),Geen hindernis
9389,129,Lokeren teller 2,Lokeren,51.09612,3.97025,0.6167202303165432,51.10129632431241,3.9670783163488035,2018,8,17,46014,Lokeren,Normaal,Droog,Dag,met lichtgewonden,9,personenauto,3,Fiets,Buiten Kruispunt,Gemeenteweg,binnen bebouwde kom,Tss. 2 best.: langs opzij (voor-/achterkant-flank),Geen hindernis
9390,126,Hamme totem,Hamme,51.1017709,4.1469307,0.6755126718880046,51.10638524206332,4.140637677665163,2018,8,19,42023,Waasmunster,Normaal,Droog,Dag,met zwaargewonden,9,personenauto,3,Fiets,Buiten Kruispunt,Gewestweg,buiten bebouwde kom,Tss. 2 best.: langs opzij (voor-/achterkant-flank),Geen hindernis
9391,126,Hamme totem,Hamme,51.1017709,4.1469307,1.2590967686965855,51.09066904333252,4.15047931139621,2018,8,18,42008,Hamme,Normaal,Droog,Dag,met lichtgewonden,5,Lichte vrachtauto,3,Fiets,Buiten Kruispunt,Gemeenteweg,binnen bebouwde kom,Tss. 2 best.: langs opzij (voor-/achterkant-flank),Geen hindernis
9394,120,Zele teller 1,Zele,51.0607671,4.0547741,2.4592772105032505,51.08224582574864,4.046380295223053,2018,8,18,42028,Zele,Normaal,Droog,Dag,met lichtgewonden,9,personenauto,3,Fiets,Op Kruispunt,Gemeenteweg,binnen bebouwde kom,Tss. 2 best.: langs opzij (voor-/achterkant-flank),Geen hindernis
9395,120,Zele teller 1,Zele,51.0607671,4.0547741,1.8358860961408638,51.07632095692751,4.045960332922067,2018,8,8,42028,Zele,Normaal,Droog,Dag,met lichtgewonden,9,personenauto,3,Fiets,Op Kruispunt,Gemeenteweg,buiten bebouwde kom,Tss. 2 best.: langs opzij (voor-/achterkant-flank),Geen hindernis
9395,121,Zele teller 2,Zele,51.0604067,4.0556696,1.8951759004266784,51.07632095692751,4.045960332922067,2018,8,8,42028,Zele,Normaal,Droog,Dag,met lichtgewonden,9,personenauto,3,Fiets,Op Kruispunt,Gemeenteweg,buiten bebouwde kom,Tss. 2 best.: langs opzij (voor-/achterkant-flank),Geen hindernis
9411,19,Aalst 1,Aalst,50.93433,4.01471,1.1397250767694471,50.938168997752896,3.9996291783741778,2018,8,8,41002,Aalst,Normaal,Droog,Dag,met zwaargewonden,3,Fiets,3,Fiets,Buiten Kruispunt,Gemeenteweg,binnen bebouwde kom,Tussen 2 bestuurders: Langs achteren,Geen hindernis
9411,10,Aalst 2,Aalst,50.93549,4.01571,1.165533673572395,50.938168997752896,3.9996291783741778,2018,8,8,41002,Aalst,Normaal,Droog,Dag,met zwaargewonden,3,Fiets,3,Fiets,Buiten Kruispunt,Gemeenteweg,binnen bebouwde kom,Tussen 2 bestuurders: Langs achteren,Geen hindernis
9411,11,Aalst 3,Aalst,50.93385,4.01647,1.2740775799711932,50.938168997752896,3.9996291783741778,2018,8,8,41002,Aalst,Normaal,Droog,Dag,met zwaargewonden,3,Fiets,3,Fiets,Buiten Kruispunt,Gemeenteweg,binnen bebouwde kom,Tussen 2 bestuurders: Langs achteren,Geen hindernis
9412,10,Aalst 2,Aalst,50.93549,4.01571,1.3511840712103904,50.945024470887134,4.027665352630371,2018,8,1,41002,Aalst,Normaal,Droog,"Nacht, openbare verlichting aanwezig en ontstoken",met lichtgewonden,3,Fiets,10,"één bestuurder, geen hindernis",Buiten Kruispunt,Gemeenteweg,binnen bebouwde kom,"Eén bestuurder, geen hindernis (incl. val)",Geen hindernis
9412,11,Aalst 3,Aalst,50.93385,4.01647,1.4694441059384271,50.945024470887134,4.027665352630371,2018,8,1,41002,Aalst,Normaal,Droog,"Nacht, openbare verlichting aanwezig en ontstoken",met lichtgewonden,3,Fiets,10,"één bestuurder, geen hindernis",Buiten Kruispunt,Gemeenteweg,binnen bebouwde kom,"Eén bestuurder, geen hindernis (incl. val)",Geen hindernis
9412,19,Aalst 1,Aalst,50.93433,4.01471,1.496045414867973,50.945024470887134,4.027665352630371,2018,8,1,41002,Aalst,Normaal,Droog,"Nacht, openbare verlichting aanwezig en ontstoken",met lichtgewonden,3,Fiets,10,"één bestuurder, geen hindernis",Buiten Kruispunt,Gemeenteweg,binnen bebouwde kom,"Eén bestuurder, geen hindernis (incl. val)",Geen hindernis
9413,152,Opwijk,District Vilvoorde-gewestwegen,50.968901168564656,4.149169474840164,1.2725652609802132,50.95900512945692,4.140042287784459,2018,8,18,41002,Aalst,Normaal,Droog,Dag,met lichtgewonden,3,Fiets,9,personenauto,Buiten Kruispunt,Gemeenteweg,binnen bebouwde kom,Tussen 2 bestuurders: Langs achteren,Geen hindernis
9417,125,Dendermonde totem,Dendermonde,51.0372706,4.1025998,2.2056503588171936,51.01809553663864,4.094526992660459,2018,8,6,42006,Dendermonde,Onbekend,Droog,Dag,met lichtgewonden,3,Fiets,9,personenauto,Op Kruispunt,Gemeenteweg,binnen bebouwde kom,Tss. 2 best.: langs opzij (voor-/achterkant-flank),Geen hindernis
9417,122,Dendermonde teller 2,Dendermonde,51.0373918,4.1019222,2.207097938208746,51.01809553663864,4.094526992660459,2018,8,6,42006,Dendermonde,Onbekend,Droog,Dag,met lichtgewonden,3,Fiets,9,personenauto,Op Kruispunt,Gemeenteweg,binnen bebouwde kom,Tss. 2 best.: langs opzij (voor-/achterkant-flank),Geen hindernis
9418,125,Dendermonde totem,Dendermonde,51.0372706,4.1025998,1.0451073590914002,51.02797078032776,4.104763918887434,2018,8,11,42006,Dendermonde,Normaal,Droog,Dag,met lichtgewonden,3,Fiets,9,personenauto,Buiten Kruispunt,Gewestweg,binnen bebouwde kom,Tss. 2 best.: langs opzij (voor-/achterkant-flank),Geen hindernis
9418,122,Dendermonde teller 2,Dendermonde,51.0373918,4.1019222,1.0662503969613046,51.02797078032776,4.104763918887434,2018,8,11,42006,Dendermonde,Normaal,Droog,Dag,met lichtgewonden,3,Fiets,9,personenauto,Buiten Kruispunt,Gewestweg,binnen bebouwde kom,Tss. 2 best.: langs opzij (voor-/achterkant-flank),Geen hindernis
9419,125,Dendermonde totem,Dendermonde,51.0372706,4.1025998,2.3933637474941927,51.03250377450919,4.135977642357544,2018,8,14,42006,Dendermonde,Normaal,Droog,Dag,met lichtgewonden,3,Fiets,9,personenauto,Buiten Kruispunt,Gemeenteweg,buiten bebouwde kom,Tss. 2 best.: langs opzij (voor-/achterkant-flank),Geen hindernis