crash_row_id,site_id,site_name,site_gemeente,site_lat,site_long,distance_km,crash_lat,crash_long,DT_YEAR_COLLISION,DT_MONTH_COLLISION,DT_TIME,CD_NIS,TX_MUNTY_COLLISION_NL,TX_WEATHER_NL,TX_ROAD_CONDITION_NL,TX_LIGHT_CONDITION_NL,TX_CLASS_ACCIDENTS_NL,CD_ROAD_USR_TYPE1,TX_ROAD_USR_TYPE1_NL,CD_ROAD_USR_TYPE2,TX_ROAD_USR_TYPE2_NL,TX_CROSSWAY_NL,CD_ROAD_TYPE_NL,TX_BUILD_UP_AREA_NL,TX_COLLISION_TYPE_NL,TX_OBSTACLES_NL
9419,122,Dendermonde teller 2,Dendermonde,51.0373918,4.1019222,2.442551156177879,51.03250377450919,4.135977642357544,2018,8,14,42006,Dendermonde,Normaal,Droog,Dag,met lichtgewonden,3,Fiets,9,personenauto,Buiten Kruispunt,Gemeenteweg,buiten bebouwde kom,Tss. 2 best.: langs opzij (voor-/achterkant-flank),Geen hindernis
9420,125,Dendermonde totem,Dendermonde,51.0372706,4.1025998,0.6059838894987786,51.03256325550723,4.106966553789455,2018,8,9,42006,Dendermonde,Normaal,Droog,Dag,met lichtgewonden,5,Lichte vrachtauto,3,Fiets,Op Kruispunt,Gewestweg,binnen bebouwde kom,Tss. 2 best.: langs opzij (voor-/achterkant-flank),Geen hindernis
9420,122,Dendermonde teller 2,Dendermonde,51.0373918,4.1019222,0.6424064285288023,51.03256325550723,4.106966553789455,2018,8,9,42006,Dendermonde,Normaal,Droog,Dag,met lichtgewonden,5,Lichte vrachtauto,3,Fiets,Op Kruispunt,Gewestweg,binnen bebouwde kom,Tss. 2 best.: langs opzij (voor-/achterkant-flank),Geen hindernis
9421,125,Dendermonde totem,Dendermonde,51.0372706,4.1025998,1.711957886293135,51.022145886406854,4.107175142052477,2018,8,19,42006,Dendermonde,Normaal,Droog,Dag,met lichtgewonden,3,Fiets,3,Fiets,Op Kruispunt,Gewestweg,binnen bebouwde kom,Tussen 2 bestuurders: Langs achteren,Geen hindernis
9421,122,Dendermonde teller 2,Dendermonde,51.0373918,4.1019222,1.7346125722657824,51.022145886406854,4.107175142052477,2018,8,19,42006,Dendermonde,Normaal,Droog,Dag,met lichtgewonden,3,Fiets,3,Fiets,Op Kruispunt,Gewestweg,binnen bebouwde kom,Tussen 2 bestuurders: Langs achteren,Geen hindernis
9422,125,Dendermonde totem,Dendermonde,51.0372706,4.1025998,0.8433841148020815,51.03465660363466,4.113922464063274,2018,8,17,42006,Dendermonde,Normaal,Droog,Dag,met lichtgewonden,3,Fiets,10,"één bestuurder, geen hindernis",Buiten Kruispunt,Gewestweg,buiten bebouwde kom,"Eén bestuurder, geen hindernis (incl. val)",Geen hindernis
9422,122,Dendermonde teller 2,Dendermonde,51.0373918,4.1019222,0.8925124007364126,51.03465660363466,4.113922464063274,2018,8,17,42006,Dendermonde,Normaal,Droog,Dag,met lichtgewonden,3,Fiets,10,"één bestuurder, geen hindernis",Buiten Kruispunt,Gewestweg,buiten bebouwde kom,"Eén bestuurder, geen hindernis (incl. val)",Geen hindernis
9426,142,TEST Validatie BRUGGE Y2H22022134,Brugge,51.22632,3.24095,2.1798954081871313,51.20957873752166,3.2246640520253043,2018,8,15,31005,Brugge,Normaal,Droog,Dag,met lichtgewonden,3,Fiets,8,Voetganger,Buiten Kruispunt,Gewestweg,binnen bebouwde kom,Met een voetganger,Geen hindernis
9426,52,Brugge,Brugge,51.22632,3.24095,2.1798954081871313,51.20957873752166,3.2246640520253043,2018,8,15,31005,Brugge,Normaal,Droog,Dag,met lichtgewonden,3,Fiets,8,Voetganger,Buiten Kruispunt,Gewestweg,binnen bebouwde kom,Met een voetganger,Geen hindernis
9426,54,Brugge teller 2,Brugge,51.23015,3.22818,2.3004892933045538,51.20957873752166,3.2246640520253043,2018,8,15,31005,Brugge,Normaal,Droog,Dag,met lichtgewonden,3,Fiets,8,Voetganger,Buiten Kruispunt,Gewestweg,binnen bebouwde kom,Met een voetganger,Geen hindernis
9426,53,Brugge teller 1,Brugge,51.23023,3.228,2.3080389287040934,51.20957873752166,3.2246640520253043,2018,8,15,31005,Brugge,Normaal,Droog,Dag,met lichtgewonden,3,Fiets,8,Voetganger,Buiten Kruispunt,Gewestweg,binnen bebouwde kom,Met een voetganger,Geen hindernis
9428,142,TEST Validatie BRUGGE Y2H22022134,Brugge,51.22632,3.24095,2.2865047972523556,51.20630311722584,3.2334342575003663,2018,8,16,31005,Brugge,Normaal,Droog,Dag,met lichtgewonden,3,Fiets,3,Fiets,Buiten Kruispunt,Gemeenteweg,binnen bebouwde kom,Tussen 2 bestuurders: Flank tegen flank,Geen hindernis
9428,52,Brugge,Brugge,51.22632,3.24095,2.2865047972523556,51.20630311722584,3.2334342575003663,2018,8,16,31005,Brugge,Normaal,Droog,Dag,met lichtgewonden,3,Fiets,3,Fiets,Buiten Kruispunt,Gemeenteweg,binnen bebouwde kom,Tussen 2 bestuurders: Flank tegen flank,Geen hindernis
9429,54,Brugge teller 2,Brugge,51.23015,3.22818,1.372977215917043,51.218685295929035,3.220859136383847,2018,8,8,31005,Brugge,Normaal,Droog,Dag,met lichtgewonden,6,Bromfiets,3,Fiets,Buiten Kruispunt,Gewestweg,binnen bebouwde kom,Tussen 2 bestuurders: Flank tegen flank,Geen hindernis
9429,53,Brugge teller 1,Brugge,51.23023,3.228,1.3766633226894402,51.218685295929035,3.220859136383847,2018,8,8,31005,Brugge,Normaal,Droog,Dag,met lichtgewonden,6,Bromfiets,3,Fiets,Buiten Kruispunt,Gewestweg,binnen bebouwde kom,Tussen 2 bestuurders: Flank tegen flank,Geen hindernis
9429,52,Brugge,Brugge,51.22632,3.24095,1.6365577834717615,51.218685295929035,3.220859136383847,2018,8,8,31005,Brugge,Normaal,Droog,Dag,met lichtgewonden,6,Bromfiets,3,Fiets,Buiten Kruispunt,Gewestweg,binnen bebouwde kom,Tussen 2 bestuurders: Flank tegen flank,Geen hindernis
9429,142,TEST Validatie BRUGGE Y2H22022134,Brugge,51.22632,3.24095,1.6365577834717615,51.218685295929035,3.220859136383847,2018,8,8,31005,Brugge,Normaal,Droog,Dag,met lichtgewonden,6,Bromfiets,3,Fiets,Buiten Kruispunt,Gewestweg,binnen bebouwde kom,Tussen 2 bestuurders: Flank tegen flank,Geen hindernis
9432,53,Brugge teller 1,Brugge,51.23023,3.228,1.9865381792345407,51.216479823529816,3.2097873749357078,2018,8,8,31005,Brugge,Normaal,Droog,Dag,met lichtgewonden,3,Fiets,5,Lichte vrachtauto,Op Kruispunt,Gemeenteweg,binnen bebouwde kom,Tss. 2 best.: langs opzij (voor-/achterkant-flank),Geen hindernis
9432,54,Brugge teller 2,Brugge,51.23015,3.22818,1.9877546467417768,51.216479823529816,3.2097873749357078,2018,8,8,31005,Brugge,Normaal,Droog,Dag,met lichtgewonden,3,Fiets,5,Lichte vrachtauto,Op Kruispunt,Gemeenteweg,binnen bebouwde kom,Tss. 2 best.: langs opzij (voor-/achterkant-flank),Geen hindernis
9432,52,Brugge,Brugge,51.22632,3.24095,2.430477224676917,51.216479823529816,3.2097873749357078,2018,8,8,31005,Brugge,Normaal,Droog,Dag,met lichtgewonden,3,Fiets,5,Lichte vrachtauto,Op Kruispunt,Gemeenteweg,binnen bebouwde kom,Tss. 2 best.: langs opzij (voor-/achterkant-flank),Geen hindernis
9432,142,TEST Validatie BRUGGE Y2H22022134,Brugge,51.22632,3.24095,2.430477224676917,51.216479823529816,3.2097873749357078,2018,8,8,31005,Brugge,Normaal,Droog,Dag,met lichtgewonden,3,Fiets,5,Lichte vrachtauto,Op Kruispunt,Gemeenteweg,binnen bebouwde kom,Tss. 2 best.: langs opzij (voor-/achterkant-flank),Geen hindernis
9433,54,Brugge teller 2,Brugge,51.23015,3.22818,1.3912879689847395,51.218750110169374,3.2199452625819727,2018,8,9,31005,Brugge,Normaal,Droog,Dag,met lichtgewonden,9,personenauto,3,Fiets,Buiten Kruispunt,Gemeenteweg,binnen bebouwde kom,Tss. 2 best.: langs opzij (voor-/achterkant-flank),Geen hindernis
9433,53,Brugge teller 1,Brugge,51.23023,3.228,1.394307681041542,51.218750110169374,3.2199452625819727,2018,8,9,31005,Brugge,Normaal,Droog,Dag,met lichtgewonden,9,personenauto,3,Fiets,Buiten Kruispunt,Gemeenteweg,binnen bebouwde kom,Tss. 2 best.: langs opzij (voor-/achterkant-flank),Geen hindernis
9433,52,Brugge,Brugge,51.22632,3.24095,1.6876838913183099,51.218750110169374,3.2199452625819727,2018,8,9,31005,Brugge,Normaal,Droog,Dag,met lichtgewonden,9,personenauto,3,Fiets,Buiten Kruispunt,Gemeenteweg,binnen bebouwde kom,Tss. 2 best.: langs opzij (voor-/achterkant-flank),Geen hindernis
9433,142,TEST Validatie BRUGGE Y2H22022134,Brugge,51.22632,3.24095,1.6876838913183099,51.218750110169374,3.2199452625819727,2018,8,9,31005,Brugge,Normaal,Droog,Dag,met lichtgewonden,9,personenauto,3,Fiets,Buiten Kruispunt,Gemeenteweg,binnen bebouwde kom,Tss. 2 best.: langs opzij (voor-/achterkant-flank),Geen hindernis
9466,59,Ardooie teller 1,Ardooie,50.96784,3.18479,0.877454981955276,50.970517659235746,3.196577364381894,2018,8,17,37020,Ardooie,Normaal,Droog,Dag,dodelijk gewonden,3,Fiets,9,personenauto,Op Kruispunt,Gemeenteweg,buiten bebouwde kom,Tss. 2 best.: langs opzij (voor-/achterkant-flank),Geen hindernis
9466,60,Ardooie teller 2,Ardooie,50.96783,3.18411,0.9227471517943927,50.970517659235746,3.196577364381894,2018,8,17,37020,Ardooie,Normaal,Droog,Dag,dodelijk gewonden,3,Fiets,9,personenauto,Op Kruispunt,Gemeenteweg,buiten bebouwde kom,Tss. 2 best.: langs opzij (voor-/achterkant-flank),Geen hindernis
9467,15,Oostende 2,Oostende,51.21371,2.92743,2.113333549707012,51.23024146174554,2.9124582317278036,2018,8,1,35013,Oostende,Regenval,"Nat, plassen","Nacht, openbare verlichting aanwezig en ontstoken",met lichtgewonden,3,Fiets,11,een weggebruiker tegen een hindernis,Buiten Kruispunt,Gewestweg,binnen bebouwde kom,Weggebruiker tegen hindernis buiten rijbaan,Buiten de rijbaan: Muur gebouw
9467,18,Oostende 1,Oostende,51.21378,2.92765,2.1141915781791267,51.23024146174554,2.9124582317278036,2018,8,1,35013,Oostende,Regenval,"Nat, plassen","Nacht, openbare verlichting aanwezig en ontstoken",met lichtgewonden,3,Fiets,11,een weggebruiker tegen een hindernis,Buiten Kruispunt,Gewestweg,binnen bebouwde kom,Weggebruiker tegen hindernis buiten rijbaan,Buiten de rijbaan: Muur gebouw
9468,15,Oostende 2,Oostende,51.21371,2.92743,1.5828309353840666,51.2102543728467,2.9053865327122517,2018,9,15,35013,Oostende,Normaal,Droog,Dag,met lichtgewonden,3,Fiets,5,Lichte vrachtauto,Op Kruispunt,Gewestweg,binnen bebouwde kom,Tss. 2 best.: langs opzij (voor-/achterkant-flank),Geen hindernis
9468,18,Oostende 1,Oostende,51.21378,2.92765,1.5995900732620945,51.2102543728467,2.9053865327122517,2018,9,15,35013,Oostende,Normaal,Droog,Dag,met lichtgewonden,3,Fiets,5,Lichte vrachtauto,Op Kruispunt,Gewestweg,binnen bebouwde kom,Tss. 2 best.: langs opzij (voor-/achterkant-flank),Geen hindernis
9471,15,Oostende 2,Oostende,51.21371,2.92743,1.6370770886642587,51.226838463050086,2.916791506165199,2018,8,15,35013,Oostende,Onbekend,Droog,Dag,met lichtgewonden,3,Fiets,9,personenauto,Buiten Kruispunt,Gewestweg,binnen bebouwde kom,Tussen 2 bestuurders: Langs achteren,Geen hindernis
9471,18,Oostende 1,Oostende,51.21378,2.92765,1.6371605482346065,51.226838463050086,2.916791506165199,2018,8,15,35013,Oostende,Onbekend,Droog,Dag,met lichtgewonden,3,Fiets,9,personenauto,Buiten Kruispunt,Gewestweg,binnen bebouwde kom,Tussen 2 bestuurders: Langs achteren,Geen hindernis
9472,15,Oostende 2,Oostende,51.21371,2.92743,2.083808142824766,51.22873240740114,2.9095419257852413,2018,8,14,35013,Oostende,Normaal,Droog,Dag,met lichtgewonden,9,personenauto,3,Fiets,Op Kruispunt,Gewestweg,binnen bebouwde kom,Tss. 2 best.: langs opzij (voor-/achterkant-flank),Geen hindernis
9472,18,Oostende 1,Oostende,51.21378,2.92765,2.0867965468286407,51.22873240740114,2.9095419257852413,2018,8,14,35013,Oostende,Normaal,Droog,Dag,met lichtgewonden,9,personenauto,3,Fiets,Op Kruispunt,Gewestweg,binnen bebouwde kom,Tss. 2 best.: langs opzij (voor-/achterkant-flank),Geen hindernis
9486,55,Torhout teller 1,Torhout,51.07161,3.08261,2.0363690957953384,51.061368911301,3.1067696785267733,2018,8,9,31033,Torhout,Normaal,Droog,Dag,met lichtgewonden,3,Fiets,9,personenauto,Op Kruispunt,Gemeenteweg,binnen bebouwde kom,Tss. 2 best.: langs opzij (voor-/achterkant-flank),Geen hindernis
9486,56,Torhout teller 2,Torhout,51.07147,3.08244,2.0376077044015286,51.061368911301,3.1067696785267733,2018,8,9,31033,Torhout,Normaal,Droog,Dag,met lichtgewonden,3,Fiets,9,personenauto,Op Kruispunt,Gemeenteweg,binnen bebouwde kom,Tss. 2 best.: langs opzij (voor-/achterkant-flank),Geen hindernis
9488,51,"Brugge, Sint-Andries",Brugge,51.19281,3.16252,1.663347358703987,51.184625047604136,3.1425426916251067,2018,8,10,31012,Jabbeke,Normaal,Droog,Dag,met lichtgewonden,9,personenauto,3,Fiets,Op Kruispunt,Gewestweg,binnen bebouwde kom,Tss. 2 best.: langs opzij (voor-/achterkant-flank),Geen hindernis
9488,50,"Brugge, Sint-Andries",Brugge,51.19291,3.16252,1.6694562386718752,51.184625047604136,3.1425426916251067,2018,8,10,31012,Jabbeke,Normaal,Droog,Dag,met lichtgewonden,9,personenauto,3,Fiets,Op Kruispunt,Gewestweg,binnen bebouwde kom,Tss. 2 best.: langs opzij (voor-/achterkant-flank),Geen hindernis
9489,84,Roeselare totem,Izegem,50.91717,3.18772,1.1334622263526168,50.91547296128039,3.203662801073116,2018,7,16,36008,Izegem,Normaal,Droog,Dag,met lichtgewonden,3,Fiets,9,personenauto,Op Kruispunt,Gemeenteweg,binnen bebouwde kom,Tss. 2 best.: langs opzij (voor-/achterkant-flank),Geen hindernis
9493,84,Roeselare totem,Izegem,50.91717,3.18772,1.7954559634611629,50.920009917164286,3.2129335390628593,2018,8,13,36008,Izegem,Regenval,"Nat, plassen",Dag,met lichtgewonden,9,personenauto,3,Fiets,Op Kruispunt,Gemeenteweg,binnen bebouwde kom,Tussen 2 bestuurders: Flank tegen flank,Geen hindernis
9507,16,Kortrijk 1,Kortrijk,50.83332,3.27777,0.6562939219574072,50.82742092235064,3.2780735748118195,2018,8,13,34022,Kortrijk,Normaal,Droog,Dag,met lichtgewonden,9,personenauto,3,Fiets,Buiten Kruispunt,Gemeenteweg,binnen bebouwde kom,Tss. 2 best.: langs opzij (voor-/achterkant-flank),Geen hindernis
9507,17,Kortrijk 2,Kortrijk,50.83339,3.27773,0.6641696375293897,50.82742092235064,3.2780735748118195,2018,8,13,34022,Kortrijk,Normaal,Droog,Dag,met lichtgewonden,9,personenauto,3,Fiets,Buiten Kruispunt,Gemeenteweg,binnen bebouwde kom,Tss. 2 best.: langs opzij (voor-/achterkant-flank),Geen hindernis
9507,143,Eco Display Classic Budastraat,Kortrijk,50.83066,3.26286,1.1275906770917439,50.82742092235064,3.2780735748118195,2018,8,13,34022,Kortrijk,Normaal,Droog,Dag,met lichtgewonden,9,personenauto,3,Fiets,Buiten Kruispunt,Gemeenteweg,binnen bebouwde kom,Tss. 2 best.: langs opzij (voor-/achterkant-flank),Geen hindernis
9507,75,Kortrijk teller 2,Kortrijk,50.81925,3.25731,1.718348547446126,50.82742092235064,3.2780735748118195,2018,8,13,34022,Kortrijk,Normaal,Droog,Dag,met lichtgewonden,9,personenauto,3,Fiets,Buiten Kruispunt,Gemeenteweg,binnen bebouwde kom,Tss. 2 best.: langs opzij (voor-/achterkant-flank),Geen hindernis
9507,74,Kortrijk teller 1,Kortrijk,50.81909,3.25728,1.7296028219979154,50.82742092235064,3.2780735748118195,2018,8,13,34022,Kortrijk,Normaal,Droog,Dag,met lichtgewonden,9,personenauto,3,Fiets,Buiten Kruispunt,Gemeenteweg,binnen bebouwde kom,Tss. 2 best.: langs opzij (voor-/achterkant-flank),Geen hindernis
9508,16,Kortrijk 1,Kortrijk,50.83332,3.27777,0.6466786624217711,50.8283114754249,3.273090087272122,2018,8,15,34022,Kortrijk,Normaal,Droog,Dag,met lichtgewonden,9,personenauto,3,Fiets,Op Kruispunt,Gewestweg,binnen bebouwde kom,Tss. 2 best.: langs opzij (voor-/achterkant-flank),Geen hindernis
9508,17,Kortrijk 2,Kortrijk,50.83339,3.27773,0.6519851787811175,50.8283114754249,3.273090087272122,2018,8,15,34022,Kortrijk,Normaal,Droog,Dag,met lichtgewonden,9,personenauto,3,Fiets,Op Kruispunt,Gewestweg,binnen bebouwde kom,Tss. 2 best.: langs opzij (voor-/achterkant-flank),Geen hindernis
9508,143,Eco Display Classic Budastraat,Kortrijk,50.83066,3.26286,0.7644866311634113,50.8283114754249,3.273090087272122,2018,8,15,34022,Kortrijk,Normaal,Droog,Dag,met lichtgewonden,9,personenauto,3,Fiets,Op Kruispunt,Gewestweg,binnen bebouwde kom,Tss. 2 best.: langs opzij (voor-/achterkant-flank),Geen hindernis
9508,75,Kortrijk teller 2,Kortrijk,50.81925,3.25731,1.4979543842748149,50.8283114754249,3.273090087272122,2018,8,15,34022,Kortrijk,Normaal,Droog,Dag,met lichtgewonden,9,personenauto,3,Fiets,Op Kruispunt,Gewestweg,binnen bebouwde kom,Tss. 2 best.: langs opzij (voor-/achterkant-flank),Geen hindernis
9508,74,Kortrijk teller 1,Kortrijk,50.81909,3.25728,1.5115278858686407,50.8283114754249,3.273090087272122,2018,8,15,34022,Kortrijk,Normaal,Droog,Dag,met lichtgewonden,9,personenauto,3,Fiets,Op Kruispunt,Gewestweg,binnen bebouwde kom,Tss. 2 best.: langs opzij (voor-/achterkant-flank),Geen hindernis
9509,17,Kortrijk 2,Kortrijk,50.83339,3.27773,0.3270332849206254,50.83557328012367,3.280850188717603,2018,8,14,34022,Kortrijk,Normaal,Droog,Dag,met lichtgewonden,3,Fiets,9,personenauto,Op Kruispunt,Gewestweg,binnen bebouwde kom,Tss. 2 best.: langs opzij (voor-/achterkant-flank),Geen hindernis
9509,16,Kortrijk 1,Kortrijk,50.83332,3.27777,0.331009873753922,50.83557328012367,3.280850188717603,2018,8,14,34022,Kortrijk,Normaal,Droog,Dag,met lichtgewonden,3,Fiets,9,personenauto,Op Kruispunt,Gewestweg,binnen bebouwde kom,Tss. 2 best.: langs opzij (voor-/achterkant-flank),Geen hindernis
9509,143,Eco Display Classic Budastraat,Kortrijk,50.83066,3.26286,1.3764899872974763,50.83557328012367,3.280850188717603,2018,8,14,34022,Kortrijk,Normaal,Droog,Dag,met lichtgewonden,3,Fiets,9,personenauto,Op Kruispunt,Gewestweg,binnen bebouwde kom,Tss. 2 best.: langs opzij (voor-/achterkant-flank),Geen hindernis
9509,75,Kortrijk teller 2,Kortrijk,50.81925,3.25731,2.4552366679383963,50.83557328012367,3.280850188717603,2018,8,14,34022,Kortrijk,Normaal,Droog,Dag,met lichtgewonden,3,Fiets,9,personenauto,Op Kruispunt,Gewestweg,binnen bebouwde kom,Tss. 2 best.: langs opzij (voor-/achterkant-flank),Geen hindernis
9509,74,Kortrijk teller 1,Kortrijk,50.81909,3.25728,2.4698318999955733,50.83557328012367,3.280850188717603,2018,8,14,34022,Kortrijk,Normaal,Droog,Dag,met lichtgewonden,3,Fiets,9,personenauto,Op Kruispunt,Gewestweg,binnen bebouwde kom,Tss. 2 best.: langs opzij (voor-/achterkant-flank),Geen hindernis
9511,16,Kortrijk 1,Kortrijk,50.83332,3.27777,0.7025965819936553,50.83035988961748,3.286608426134652,2018,8,10,34022,Kortrijk,Normaal,Droog,Dag,met lichtgewonden,3,Fiets,3,Fiets,Op Kruispunt,Gemeenteweg,binnen bebouwde kom,Tss. 2 best.: langs opzij (voor-/achterkant-flank),Geen hindernis
9511,17,Kortrijk 2,Kortrijk,50.83339,3.27773,0.7087463128796461,50.83035988961748,3.286608426134652,2018,8,10,34022,Kortrijk,Normaal,Droog,Dag,met lichtgewonden,3,Fiets,3,Fiets,Op Kruispunt,Gemeenteweg,binnen bebouwde kom,Tss. 2 best.: langs opzij (voor-/achterkant-flank),Geen hindernis
9511,143,Eco Display Classic Budastraat,Kortrijk,50.83066,3.26286,1.668246474691915,50.83035988961748,3.286608426134652,2018,8,10,34022,Kortrijk,Normaal,Droog,Dag,met lichtgewonden,3,Fiets,3,Fiets,Op Kruispunt,Gemeenteweg,binnen bebouwde kom,Tss. 2 best.: langs opzij (voor-/achterkant-flank),Geen hindernis
9511,75,Kortrijk teller 2,Kortrijk,50.81925,3.25731,2.4002709593374587,50.83035988961748,3.286608426134652,2018,8,10,34022,Kortrijk,Normaal,Droog,Dag,met lichtgewonden,3,Fiets,3,Fiets,Op Kruispunt,Gemeenteweg,binnen bebouwde kom,Tss. 2 best.: langs opzij (voor-/achterkant-flank),Geen hindernis
9511,74,Kortrijk teller 1,Kortrijk,50.81909,3.25728,2.411279024960846,50.83035988961748,3.286608426134652,2018,8,10,34022,Kortrijk,Normaal,Droog,Dag,met lichtgewonden,3,Fiets,3,Fiets,Op Kruispunt,Gemeenteweg,binnen bebouwde kom,Tss. 2 best.: langs opzij (voor-/achterkant-flank),Geen hindernis
9514,16,Kortrijk 1,Kortrijk,50.83332,3.27777,0.21980523143926023,50.83196944189015,3.2754845641662387,2018,8,12,34022,Kortrijk,Normaal,Droog,Dag,met lichtgewonden,9,personenauto,3,Fiets,Op Kruispunt,Gewestweg,binnen bebouwde kom,Tss. 2 best.: langs opzij (voor-/achterkant-flank),Geen hindernis
9514,17,Kortrijk 2,Kortrijk,50.83339,3.27773,0.2232013196454198,50.83196944189015,3.2754845641662387,2018,8,12,34022,Kortrijk,Normaal,Droog,Dag,met lichtgewonden,9,personenauto,3,Fiets,Op Kruispunt,Gewestweg,binnen bebouwde kom,Tss. 2 best.: langs opzij (voor-/achterkant-flank),Geen hindernis
9514,143,Eco Display Classic Budastraat,Kortrijk,50.83066,3.26286,0.8985160202459949,50.83196944189015,3.2754845641662387,2018,8,12,34022,Kortrijk,Normaal,Droog,Dag,met lichtgewonden,9,personenauto,3,Fiets,Op Kruispunt,Gewestweg,binnen bebouwde kom,Tss. 2 best.: langs opzij (voor-/achterkant-flank),Geen hindernis
9514,75,Kortrijk teller 2,Kortrijk,50.81925,3.25731,1.9052577285304908,50.83196944189015,3.2754845641662387,2018,8,12,34022,Kortrijk,Normaal,Droog,Dag,met lichtgewonden,9,personenauto,3,Fiets,Op Kruispunt,Gewestweg,binnen bebouwde kom,Tss. 2 best.: langs opzij (voor-/achterkant-flank),Geen hindernis
9514,74,Kortrijk teller 1,Kortrijk,50.81909,3.25728,1.9199060083942312,50.83196944189015,3.2754845641662387,2018,8,12,34022,Kortrijk,Normaal,Droog,Dag,met lichtgewonden,9,personenauto,3,Fiets,Op Kruispunt,Gewestweg,binnen bebouwde kom,Tss. 2 best.: langs opzij (voor-/achterkant-flank),Geen hindernis
9515,16,Kortrijk 1,Kortrijk,50.83332,3.27777,0.6917255030584439,50.832391053127424,3.287509130349788,2018,8,20,34022,Kortrijk,Normaal,Droog,Dag,met lichtgewonden,9,personenauto,3,Fiets,Buiten Kruispunt,Gemeenteweg,binnen bebouwde kom,Tussen 2 bestuurders: Flank tegen flank,Geen hindernis
9515,17,Kortrijk 2,Kortrijk,50.83339,3.27773,0.6957030350570966,50.832391053127424,3.287509130349788,2018,8,20,34022,Kortrijk,Normaal,Droog,Dag,met lichtgewonden,9,personenauto,3,Fiets,Buiten Kruispunt,Gemeenteweg,binnen bebouwde kom,Tussen 2 bestuurders: Flank tegen flank,Geen hindernis
9515,143,Eco Display Classic Budastraat,Kortrijk,50.83066,3.26286,1.7418020384664035,50.832391053127424,3.287509130349788,2018,8,20,34022,Kortrijk,Normaal,Droog,Dag,met lichtgewonden,9,personenauto,3,Fiets,Buiten Kruispunt,Gemeenteweg,binnen bebouwde kom,Tussen 2 bestuurders: Flank tegen flank,Geen hindernis
9522,66,Nieuwpoort totem,Nieuwpoort,51.1347,2.74369,0.7585535546036322,51.1284218128437,2.7479426321747775,2018,8,15,38008,De Panne,Normaal,Droog,Dag,met lichtgewonden,3,Fiets,3,Fiets,Buiten Kruispunt,Gewestweg,binnen bebouwde kom,Tss. 2 best.: langs opzij (voor-/achterkant-flank),Geen hindernis
9522,65,Nieuwpoort teller 2,Nieuwpoort,51.13435,2.75511,0.8274388131668821,51.1284218128437,2.7479426321747775,2018,8,15,38008,De Panne,Normaal,Droog,Dag,met lichtgewonden,3,Fiets,3,Fiets,Buiten Kruispunt,Gewestweg,binnen bebouwde kom,Tss. 2 best.: langs opzij (voor-/achterkant-flank),Geen hindernis
9522,63,Nieuwpoort teller 3,Nieuwpoort,51.13529,2.74289,0.8411600673576491,51.1284218128437,2.7479426321747775,2018,8,15,38008,De Panne,Normaal,Droog,Dag,met lichtgewonden,3,Fiets,3,Fiets,Buiten Kruispunt,Gewestweg,binnen bebouwde kom,Tss. 2 best.: langs opzij (voor-/achterkant-flank),Geen hindernis
9522,64,Nieuwpoort teller 1,Nieuwpoort,51.13359,2.75737,0.8734997646946622,51.1284218128437,2.7479426321747775,2018,8,15,38008,De Panne,Normaal,Droog,Dag,met lichtgewonden,3,Fiets,3,Fiets,Buiten Kruispunt,Gewestweg,binnen bebouwde kom,Tss. 2 best.: langs opzij (voor-/achterkant-flank),Geen hindernis
9529,67,Ieper totem,Ieper,50.85018,2.85624,2.3767941144942393,50.84186882020941,2.887429160872175,2018,8,13,33011,Ieper,Normaal,Droog,Dag,met lichtgewonden,3,Fiets,9,personenauto,Buiten Kruispunt,Gemeenteweg,binnen bebouwde kom,Tss. 2 best.: langs opzij (voor-/achterkant-flank),Geen hindernis
9529,68,Ieper,Ieper,50.85032,2.85608,2.3932143623513196,50.84186882020941,2.887429160872175,2018,8,13,33011,Ieper,Normaal,Droog,Dag,met lichtgewonden,3,Fiets,9,personenauto,Buiten Kruispunt,Gemeenteweg,binnen bebouwde kom,Tss. 2 best.: langs opzij (voor-/achterkant-flank),Geen hindernis
9530,67,Ieper totem,Ieper,50.85018,2.85624,2.41081001588457,50.85255192704846,2.8903753203017213,2018,8,19,33011,Ieper,Normaal,Droog,Dag,met lichtgewonden,3,Fiets,3,Fiets,Buiten Kruispunt,Gemeenteweg,binnen bebouwde kom,Tussen 2 bestuurders: Langs achteren,Geen hindernis
9530,68,Ieper,Ieper,50.85032,2.85608,2.420325737657291,50.85255192704846,2.8903753203017213,2018,8,19,33011,Ieper,Normaal,Droog,Dag,met lichtgewonden,3,Fiets,3,Fiets,Buiten Kruispunt,Gemeenteweg,binnen bebouwde kom,Tussen 2 bestuurders: Langs achteren,Geen hindernis
9531,67,Ieper totem,Ieper,50.85018,2.85624,1.2486477636673412,50.85049491794936,2.8740193204723523,2018,8,18,33011,Ieper,Normaal,Droog+Proper,Dag,met lichtgewonden,3,Fiets,11,een weggebruiker tegen een hindernis,Op Kruispunt,Gewestweg,binnen bebouwde kom,Weggebruiker tegen hindernis buiten rijbaan,Buiten de rijbaan: Andere paal
9531,68,Ieper,Ieper,50.85032,2.85608,1.2595373811218815,50.85049491794936,2.8740193204723523,2018,8,18,33011,Ieper,Normaal,Droog+Proper,Dag,met lichtgewonden,3,Fiets,11,een weggebruiker tegen een hindernis,Op Kruispunt,Gewestweg,binnen bebouwde kom,Weggebruiker tegen hindernis buiten rijbaan,Buiten de rijbaan: Andere paal
9533,14,Genk,Genk,50.97172,5.48927,1.0882721113487404,50.96599027814164,5.501869655831966,2018,8,19,71016,Genk,Normaal,Droog,Dag,met lichtgewonden,5,Lichte vrachtauto,3,Fiets,Op Kruispunt,Gewestweg,binnen bebouwde kom,Tss. 2 best.: langs opzij (voor-/achterkant-flank),Geen hindernis