crash_row_id,site_id,site_name,site_gemeente,site_lat,site_long,distance_km,crash_lat,crash_long,DT_YEAR_COLLISION,DT_MONTH_COLLISION,DT_TIME,CD_NIS,TX_MUNTY_COLLISION_NL,TX_WEATHER_NL,TX_ROAD_CONDITION_NL,TX_LIGHT_CONDITION_NL,TX_CLASS_ACCIDENTS_NL,CD_ROAD_USR_TYPE1,TX_ROAD_USR_TYPE1_NL,CD_ROAD_USR_TYPE2,TX_ROAD_USR_TYPE2_NL,TX_CROSSWAY_NL,CD_ROAD_TYPE_NL,TX_BUILD_UP_AREA_NL,TX_COLLISION_TYPE_NL,TX_OBSTACLES_NL
9534,42,Maasmechelen teller 2,Maasmechelen,50.97043,5.6981,1.856728313239378,50.987127665972245,5.6979429120195935,2018,8,11,73107,Maasmechelen,Normaal,Droog,Dag,met lichtgewonden,9,personenauto,3,Fiets,Buiten Kruispunt,Gemeenteweg,binnen bebouwde kom,Tss. 2 best.: langs opzij (voor-/achterkant-flank),Geen hindernis
9534,41,Maasmechelen teller 1,Maasmechelen,50.97025,5.69799,1.8767137250899468,50.987127665972245,5.6979429120195935,2018,8,11,73107,Maasmechelen,Normaal,Droog,Dag,met lichtgewonden,9,personenauto,3,Fiets,Buiten Kruispunt,Gemeenteweg,binnen bebouwde kom,Tss. 2 best.: langs opzij (voor-/achterkant-flank),Geen hindernis
9540,124,Beveren teller 2,Beveren,51.1964712,4.2361077,1.7190349928635367,51.181088609894,4.238567484999886,2018,8,12,46003,Beveren,Normaal,Droog,Dag,met lichtgewonden,3,Fiets,6,Bromfiets,Buiten Kruispunt,Gewestweg,binnen bebouwde kom,Tss. 2 best.: langs opzij (voor-/achterkant-flank),Geen hindernis
9542,106,St. pieters leeuw teller 1,Sint-Pieters-Leeuw,50.75533,4.24951,1.828536806401937,50.771774416071814,4.249539379888698,2018,8,16,23077,Sint-Pieters-Leeuw,Normaal,Droog,Dag,met lichtgewonden,3,Fiets,8,Voetganger,Buiten Kruispunt,Gemeenteweg,binnen bebouwde kom,Met een voetganger,Geen hindernis
9542,105,St. pieters leeuw teller 2,Halle,50.75509,4.24943,1.8552383715809504,50.771774416071814,4.249539379888698,2018,8,16,23077,Sint-Pieters-Leeuw,Normaal,Droog,Dag,met lichtgewonden,3,Fiets,8,Voetganger,Buiten Kruispunt,Gemeenteweg,binnen bebouwde kom,Met een voetganger,Geen hindernis
9543,106,St. pieters leeuw teller 1,Sint-Pieters-Leeuw,50.75533,4.24951,2.4039253991396996,50.76650141008996,4.278770507016939,2018,8,16,23003,Beersel,Normaal,Droog,Dag,met lichtgewonden,9,personenauto,3,Fiets,Op Kruispunt,Gemeenteweg,binnen bebouwde kom,Tussen 2 bestuurders: Flank tegen flank,Geen hindernis
9543,105,St. pieters leeuw teller 2,Halle,50.75509,4.24943,2.4226195877466195,50.76650141008996,4.278770507016939,2018,8,16,23003,Beersel,Normaal,Droog,Dag,met lichtgewonden,9,personenauto,3,Fiets,Op Kruispunt,Gemeenteweg,binnen bebouwde kom,Tussen 2 bestuurders: Flank tegen flank,Geen hindernis
9544,105,St. pieters leeuw teller 2,Halle,50.75509,4.24943,0.5617652994231093,50.7522604192409,4.256045487824629,2018,8,12,23027,Halle,Normaal,Droog,Dag,met lichtgewonden,9,personenauto,3,Fiets,Buiten Kruispunt,Gemeenteweg,buiten bebouwde kom,Tss. 2 best.: langs opzij (voor-/achterkant-flank),Geen hindernis
9544,106,St. pieters leeuw teller 1,Sint-Pieters-Leeuw,50.75533,4.24951,0.5726062899032376,50.7522604192409,4.256045487824629,2018,8,12,23027,Halle,Normaal,Droog,Dag,met lichtgewonden,9,personenauto,3,Fiets,Buiten Kruispunt,Gemeenteweg,buiten bebouwde kom,Tss. 2 best.: langs opzij (voor-/achterkant-flank),Geen hindernis
9546,99,Mechelen teller 1,Mechelen,51.04564,4.46882,1.9589717026059497,51.028046669118595,4.470285695889525,2018,8,22,12025,Mechelen,Normaal,Droog,"Nacht, openbare verlichting aanwezig en ontstoken",met zwaargewonden,3,Fiets,11,een weggebruiker tegen een hindernis,Op Kruispunt,Gewestweg,binnen bebouwde kom,Weggebruiker tegen hindernis buiten rijbaan,Andere hindernis
9546,100,Mechelen teller 2,Mechelen,51.0457,4.46883,1.9655979581365253,51.028046669118595,4.470285695889525,2018,8,22,12025,Mechelen,Normaal,Droog,"Nacht, openbare verlichting aanwezig en ontstoken",met zwaargewonden,3,Fiets,11,een weggebruiker tegen een hindernis,Op Kruispunt,Gewestweg,binnen bebouwde kom,Weggebruiker tegen hindernis buiten rijbaan,Andere hindernis
9549,99,Mechelen teller 1,Mechelen,51.04564,4.46882,2.26571329043652,51.025832825220974,4.476423148974163,2018,8,14,12025,Mechelen,Normaal,Droog,Dag,met zwaargewonden,3,Fiets,8,Voetganger,Buiten Kruispunt,Gemeenteweg,binnen bebouwde kom,Met een voetganger,Geen hindernis
9549,100,Mechelen teller 2,Mechelen,51.0457,4.46883,2.2720356781304556,51.025832825220974,4.476423148974163,2018,8,14,12025,Mechelen,Normaal,Droog,Dag,met zwaargewonden,3,Fiets,8,Voetganger,Buiten Kruispunt,Gemeenteweg,binnen bebouwde kom,Met een voetganger,Geen hindernis
9550,99,Mechelen teller 1,Mechelen,51.04564,4.46882,2.1317503870888084,51.02823422629303,4.481599524559632,2018,8,9,12025,Mechelen,Normaal,Droog,Dag,met lichtgewonden,3,Fiets,3,Fiets,Buiten Kruispunt,Gewestweg,binnen bebouwde kom,Tussen 2 bestuurders: Frontale botsing,Geen hindernis
9550,100,Mechelen teller 2,Mechelen,51.0457,4.46883,2.1375170978921325,51.02823422629303,4.481599524559632,2018,8,9,12025,Mechelen,Normaal,Droog,Dag,met lichtgewonden,3,Fiets,3,Fiets,Buiten Kruispunt,Gewestweg,binnen bebouwde kom,Tussen 2 bestuurders: Frontale botsing,Geen hindernis
9552,30,Herk De Stad,Herk-de-Stad,50.94374,5.17691,1.0662868807730124,50.937062147152126,5.165988421798086,2018,9,12,71024,Herk-de-Stad,Normaal,Droog,Dag,met zwaargewonden,9,personenauto,3,Fiets,Op Kruispunt,Gemeenteweg,binnen bebouwde kom,Tussen 2 bestuurders: Flank tegen flank,Geen hindernis
9552,31,Herk De Stad,Herk-de-Stad,50.94366,5.1775,1.0903283248609146,50.937062147152126,5.165988421798086,2018,9,12,71024,Herk-de-Stad,Normaal,Droog,Dag,met zwaargewonden,9,personenauto,3,Fiets,Op Kruispunt,Gemeenteweg,binnen bebouwde kom,Tussen 2 bestuurders: Flank tegen flank,Geen hindernis
9553,137,Hasselt-Kempische brug,Hasselt,50.9411605,5.3417576,0.4553877300441519,50.94363070891355,5.3469417709537685,2018,8,15,71022,Hasselt,Normaal,Droog,Dag,met lichtgewonden,9,personenauto,3,Fiets,Op Kruispunt,Gewestweg,buiten bebouwde kom,Tss. 2 best.: langs opzij (voor-/achterkant-flank),Geen hindernis
9553,138,Hasselt-Kempische brug,Hasselt,50.9405318,5.3422472,0.4763693519588715,50.94363070891355,5.3469417709537685,2018,8,15,71022,Hasselt,Normaal,Droog,Dag,met lichtgewonden,9,personenauto,3,Fiets,Op Kruispunt,Gewestweg,buiten bebouwde kom,Tss. 2 best.: langs opzij (voor-/achterkant-flank),Geen hindernis
9553,140,Hasselt ring,Hasselt,50.9300038,5.3438616,1.530538013836712,50.94363070891355,5.3469417709537685,2018,8,15,71022,Hasselt,Normaal,Droog,Dag,met lichtgewonden,9,personenauto,3,Fiets,Op Kruispunt,Gewestweg,buiten bebouwde kom,Tss. 2 best.: langs opzij (voor-/achterkant-flank),Geen hindernis
9554,30,Herk De Stad,Herk-de-Stad,50.94374,5.17691,0.999109849185772,50.94077927935844,5.163446485626581,2018,8,10,71024,Herk-de-Stad,Normaal,Droog+Proper,Dag,met lichtgewonden,3,Fiets,9,personenauto,Op Kruispunt,Gewestweg,binnen bebouwde kom,Tss. 2 best.: langs opzij (voor-/achterkant-flank),Geen hindernis
9554,31,Herk De Stad,Herk-de-Stad,50.94366,5.1775,1.035442917810491,50.94077927935844,5.163446485626581,2018,8,10,71024,Herk-de-Stad,Normaal,Droog+Proper,Dag,met lichtgewonden,3,Fiets,9,personenauto,Op Kruispunt,Gewestweg,binnen bebouwde kom,Tss. 2 best.: langs opzij (voor-/achterkant-flank),Geen hindernis
9555,140,Hasselt ring,Hasselt,50.9300038,5.3438616,0.6925950426622131,50.92466325710046,5.338776085436561,2018,8,15,71022,Hasselt,Normaal,Droog,Dag,met lichtgewonden,3,Fiets,9,personenauto,Op Kruispunt,Gewestweg,binnen bebouwde kom,Tss. 2 best.: langs opzij (voor-/achterkant-flank),Geen hindernis
9555,138,Hasselt-Kempische brug,Hasselt,50.9405318,5.3422472,1.7811897150311193,50.92466325710046,5.338776085436561,2018,8,15,71022,Hasselt,Normaal,Droog,Dag,met lichtgewonden,3,Fiets,9,personenauto,Op Kruispunt,Gewestweg,binnen bebouwde kom,Tss. 2 best.: langs opzij (voor-/achterkant-flank),Geen hindernis
9555,137,Hasselt-Kempische brug,Hasselt,50.9411605,5.3417576,1.8462705078195858,50.92466325710046,5.338776085436561,2018,8,15,71022,Hasselt,Normaal,Droog,Dag,met lichtgewonden,3,Fiets,9,personenauto,Op Kruispunt,Gewestweg,binnen bebouwde kom,Tss. 2 best.: langs opzij (voor-/achterkant-flank),Geen hindernis
9556,31,Herk De Stad,Herk-de-Stad,50.94366,5.1775,1.970289794432377,50.959021884603025,5.191517674664168,2018,8,12,71024,Herk-de-Stad,Normaal,Droog,Dag,met lichtgewonden,3,Fiets,10,"één bestuurder, geen hindernis",Buiten Kruispunt,Gemeenteweg,binnen bebouwde kom,"Eén bestuurder, geen hindernis (incl. val)",Geen hindernis
9556,30,Herk De Stad,Herk-de-Stad,50.94374,5.17691,1.9835837528641846,50.959021884603025,5.191517674664168,2018,8,12,71024,Herk-de-Stad,Normaal,Droog,Dag,met lichtgewonden,3,Fiets,10,"één bestuurder, geen hindernis",Buiten Kruispunt,Gemeenteweg,binnen bebouwde kom,"Eén bestuurder, geen hindernis (incl. val)",Geen hindernis
9557,140,Hasselt ring,Hasselt,50.9300038,5.3438616,1.0577090454757914,50.93325506528902,5.3296777803258895,2018,8,18,71022,Hasselt,Normaal,Droog,Dag,met lichtgewonden,3,Fiets,11,een weggebruiker tegen een hindernis,Buiten Kruispunt,Gemeenteweg,binnen bebouwde kom,Weggebruiker tegen hindernis op de rijbaan,"Op de rijbaan: Werken (signal., aarde, toestel,…)"
9557,138,Hasselt-Kempische brug,Hasselt,50.9405318,5.3422472,1.1960163575175484,50.93325506528902,5.3296777803258895,2018,8,18,71022,Hasselt,Normaal,Droog,Dag,met lichtgewonden,3,Fiets,11,een weggebruiker tegen een hindernis,Buiten Kruispunt,Gemeenteweg,binnen bebouwde kom,Weggebruiker tegen hindernis op de rijbaan,"Op de rijbaan: Werken (signal., aarde, toestel,…)"
9557,137,Hasselt-Kempische brug,Hasselt,50.9411605,5.3417576,1.2203304127369996,50.93325506528902,5.3296777803258895,2018,8,18,71022,Hasselt,Normaal,Droog,Dag,met lichtgewonden,3,Fiets,11,een weggebruiker tegen een hindernis,Buiten Kruispunt,Gemeenteweg,binnen bebouwde kom,Weggebruiker tegen hindernis op de rijbaan,"Op de rijbaan: Werken (signal., aarde, toestel,…)"
9561,76,Heverlee teller 2,Leuven,50.84606,4.69597,1.1246059396654338,50.83623888673876,4.6997953609357905,2018,8,11,24086,Oud-Heverlee,Normaal,Droog,Dag,met lichtgewonden,9,personenauto,3,Fiets,Buiten Kruispunt,Gewestweg,buiten bebouwde kom,Tss. 2 best.: langs opzij (voor-/achterkant-flank),Geen hindernis
9561,108,Heverlee teller 1,Leuven,50.8471728,4.6954674,1.2531994213610573,50.83623888673876,4.6997953609357905,2018,8,11,24086,Oud-Heverlee,Normaal,Droog,Dag,met lichtgewonden,9,personenauto,3,Fiets,Buiten Kruispunt,Gewestweg,buiten bebouwde kom,Tss. 2 best.: langs opzij (voor-/achterkant-flank),Geen hindernis
9562,143,Eco Display Classic Budastraat,Kortrijk,50.83066,3.26286,2.001175470481887,50.84851747457281,3.2593181136081086,2018,9,13,34022,Kortrijk,Normaal,Droog,Dag,met zwaargewonden,3,Fiets,9,personenauto,Buiten Kruispunt,Gewestweg,buiten bebouwde kom,Tss. 2 best.: langs opzij (voor-/achterkant-flank),Geen hindernis
9562,17,Kortrijk 2,Kortrijk,50.83339,3.27773,2.1215207445372863,50.84851747457281,3.2593181136081086,2018,9,13,34022,Kortrijk,Normaal,Droog,Dag,met zwaargewonden,3,Fiets,9,personenauto,Buiten Kruispunt,Gewestweg,buiten bebouwde kom,Tss. 2 best.: langs opzij (voor-/achterkant-flank),Geen hindernis
9562,16,Kortrijk 1,Kortrijk,50.83332,3.27777,2.1294058369966766,50.84851747457281,3.2593181136081086,2018,9,13,34022,Kortrijk,Normaal,Droog,Dag,met zwaargewonden,3,Fiets,9,personenauto,Buiten Kruispunt,Gewestweg,buiten bebouwde kom,Tss. 2 best.: langs opzij (voor-/achterkant-flank),Geen hindernis
9637,2,Brasschaat 2,Brasschaat,51.27512,4.47169,2.4478097161542234,51.297098329314785,4.473683957877173,2018,9,8,11008,Brasschaat,Onbekend,Onbekend,Dag,met lichtgewonden,3,Fiets,9,personenauto,Op Kruispunt,Gemeenteweg,binnen bebouwde kom,Tss. 2 best.: langs opzij (voor-/achterkant-flank),Geen hindernis
9637,3,Brasschaat 1,Brasschaat,51.27503,4.47222,2.4559973977416885,51.297098329314785,4.473683957877173,2018,9,8,11008,Brasschaat,Onbekend,Onbekend,Dag,met lichtgewonden,3,Fiets,9,personenauto,Op Kruispunt,Gemeenteweg,binnen bebouwde kom,Tss. 2 best.: langs opzij (voor-/achterkant-flank),Geen hindernis
9675,3,Brasschaat 1,Brasschaat,51.27503,4.47222,2.2578756107692257,51.28989707444905,4.494331954449002,2018,9,15,11008,Brasschaat,Normaal,Droog,Dag,met lichtgewonden,3,Fiets,9,personenauto,Op Kruispunt,Gewestweg,binnen bebouwde kom,Tss. 2 best.: langs opzij (voor-/achterkant-flank),Geen hindernis
9675,2,Brasschaat 2,Brasschaat,51.27512,4.47169,2.275905829198388,51.28989707444905,4.494331954449002,2018,9,15,11008,Brasschaat,Normaal,Droog,Dag,met lichtgewonden,3,Fiets,9,personenauto,Op Kruispunt,Gewestweg,binnen bebouwde kom,Tss. 2 best.: langs opzij (voor-/achterkant-flank),Geen hindernis
9676,3,Brasschaat 1,Brasschaat,51.27503,4.47222,2.446245667325656,51.292213156054416,4.494183828453586,2018,9,8,11008,Brasschaat,Onbekend,Onbekend,Onbekend,met lichtgewonden,8,Voetganger,3,Fiets,Buiten Kruispunt,Gewestweg,onbekend,Met een voetganger,Geen hindernis
9676,2,Brasschaat 2,Brasschaat,51.27512,4.47169,2.4616951719036697,51.292213156054416,4.494183828453586,2018,9,8,11008,Brasschaat,Onbekend,Onbekend,Onbekend,met lichtgewonden,8,Voetganger,3,Fiets,Buiten Kruispunt,Gewestweg,onbekend,Met een voetganger,Geen hindernis
9678,2,Brasschaat 2,Brasschaat,51.27512,4.47169,1.763025625580059,51.29041064837385,4.478394522710939,2018,9,15,11008,Brasschaat,Normaal,Droog,Dag,met lichtgewonden,9,personenauto,3,Fiets,Op Kruispunt,Gemeenteweg,binnen bebouwde kom,Tss. 2 best.: langs opzij (voor-/achterkant-flank),Geen hindernis
9678,3,Brasschaat 1,Brasschaat,51.27503,4.47222,1.763341210163315,51.29041064837385,4.478394522710939,2018,9,15,11008,Brasschaat,Normaal,Droog,Dag,met lichtgewonden,9,personenauto,3,Fiets,Op Kruispunt,Gemeenteweg,binnen bebouwde kom,Tss. 2 best.: langs opzij (voor-/achterkant-flank),Geen hindernis
9679,3,Brasschaat 1,Brasschaat,51.27503,4.47222,2.2901169527713177,51.285635791343104,4.500444650185381,2018,9,15,11008,Brasschaat,Normaal,Droog,Dag,met lichtgewonden,3,Fiets,9,personenauto,Buiten Kruispunt,Gewestweg,buiten bebouwde kom,Tss. 2 best.: langs opzij (voor-/achterkant-flank),Geen hindernis
9679,2,Brasschaat 2,Brasschaat,51.27512,4.47169,2.3167256832511987,51.285635791343104,4.500444650185381,2018,9,15,11008,Brasschaat,Normaal,Droog,Dag,met lichtgewonden,3,Fiets,9,personenauto,Buiten Kruispunt,Gewestweg,buiten bebouwde kom,Tss. 2 best.: langs opzij (voor-/achterkant-flank),Geen hindernis
9681,2,Brasschaat 2,Brasschaat,51.27512,4.47169,1.839945469776288,51.2592944053869,4.463966251415858,2018,9,11,11040,Schoten,Normaal,"Nat, plassen",Dag,met lichtgewonden,9,personenauto,3,Fiets,Buiten Kruispunt,Gewestweg,buiten bebouwde kom,Tss. 2 best.: langs opzij (voor-/achterkant-flank),Geen hindernis
9681,3,Brasschaat 1,Brasschaat,51.27503,4.47222,1.8415397078466795,51.2592944053869,4.463966251415858,2018,9,11,11040,Schoten,Normaal,"Nat, plassen",Dag,met lichtgewonden,9,personenauto,3,Fiets,Buiten Kruispunt,Gewestweg,buiten bebouwde kom,Tss. 2 best.: langs opzij (voor-/achterkant-flank),Geen hindernis
9684,3,Brasschaat 1,Brasschaat,51.27503,4.47222,2.4053065214075726,51.28338644585451,4.504116636299103,2018,9,10,11040,Schoten,Normaal,Droog,Dag,met lichtgewonden,9,personenauto,3,Fiets,Buiten Kruispunt,Gewestweg,buiten bebouwde kom,Tss. 2 best.: langs opzij (voor-/achterkant-flank),Geen hindernis
9684,2,Brasschaat 2,Brasschaat,51.27512,4.47169,2.435554053281903,51.28338644585451,4.504116636299103,2018,9,10,11040,Schoten,Normaal,Droog,Dag,met lichtgewonden,9,personenauto,3,Fiets,Buiten Kruispunt,Gewestweg,buiten bebouwde kom,Tss. 2 best.: langs opzij (voor-/achterkant-flank),Geen hindernis
9698,95,Lier teller 1,Lier,51.11687,4.58437,0.11455610347928957,51.11618365572886,4.585593933723407,2018,9,7,12021,Lier,Normaal,Droog,Dag,met lichtgewonden,3,Fiets,5,Lichte vrachtauto,Buiten Kruispunt,Gewestweg,buiten bebouwde kom,Tussen 2 bestuurders: Flank tegen flank,Geen hindernis
9698,96,Lier teller 2,Lier,51.11705,4.58444,0.1255695677262295,51.11618365572886,4.585593933723407,2018,9,7,12021,Lier,Normaal,Droog,Dag,met lichtgewonden,3,Fiets,5,Lichte vrachtauto,Buiten Kruispunt,Gewestweg,buiten bebouwde kom,Tussen 2 bestuurders: Flank tegen flank,Geen hindernis
9700,96,Lier teller 2,Lier,51.11705,4.58444,1.668377569989574,51.131795738703566,4.5888570719841715,2018,9,8,12021,Lier,Normaal,Droog,Dag,met lichtgewonden,4,Vrachtwagen,3,Fiets,Op Kruispunt,Gewestweg,buiten bebouwde kom,Tss. 2 best.: langs opzij (voor-/achterkant-flank),Geen hindernis
9700,95,Lier teller 1,Lier,51.11687,4.58437,1.688951154493181,51.131795738703566,4.5888570719841715,2018,9,8,12021,Lier,Normaal,Droog,Dag,met lichtgewonden,4,Vrachtwagen,3,Fiets,Op Kruispunt,Gewestweg,buiten bebouwde kom,Tss. 2 best.: langs opzij (voor-/achterkant-flank),Geen hindernis
9702,96,Lier teller 2,Lier,51.11705,4.58444,2.1982001171697094,51.13600173400594,4.593402692397562,2018,9,16,12021,Lier,Normaal,Droog,Dag,met lichtgewonden,3,Fiets,9,personenauto,Op Kruispunt,Gewestweg,buiten bebouwde kom,Tss. 2 best.: langs opzij (voor-/achterkant-flank),Geen hindernis
9702,95,Lier teller 1,Lier,51.11687,4.58437,2.2187784331858333,51.13600173400594,4.593402692397562,2018,9,16,12021,Lier,Normaal,Droog,Dag,met lichtgewonden,3,Fiets,9,personenauto,Op Kruispunt,Gewestweg,buiten bebouwde kom,Tss. 2 best.: langs opzij (voor-/achterkant-flank),Geen hindernis
9703,96,Lier teller 2,Lier,51.11705,4.58444,2.418653573811623,51.137857080499394,4.594541686956229,2018,9,7,12021,Lier,Normaal,Droog,Dag,met lichtgewonden,3,Fiets,9,personenauto,Op Kruispunt,Gewestweg,buiten bebouwde kom,Tss. 2 best.: langs opzij (voor-/achterkant-flank),Geen hindernis
9703,95,Lier teller 1,Lier,51.11687,4.58437,2.4392241067318507,51.137857080499394,4.594541686956229,2018,9,7,12021,Lier,Normaal,Droog,Dag,met lichtgewonden,3,Fiets,9,personenauto,Op Kruispunt,Gewestweg,buiten bebouwde kom,Tss. 2 best.: langs opzij (voor-/achterkant-flank),Geen hindernis
9705,93,Nijlen teller 2,Nijlen,51.14998,4.64469,1.8267750155558045,51.16521625597106,4.654487014720137,2018,9,12,12026,Nijlen,Regenval,"Nat, plassen",Dag,met lichtgewonden,9,personenauto,3,Fiets,Op Kruispunt,Gemeenteweg,binnen bebouwde kom,Tss. 2 best.: langs opzij (voor-/achterkant-flank),Geen hindernis
9705,92,Nijlen teller 1,Nijlen,51.14989,4.64479,1.8334765873720393,51.16521625597106,4.654487014720137,2018,9,12,12026,Nijlen,Regenval,"Nat, plassen",Dag,met lichtgewonden,9,personenauto,3,Fiets,Op Kruispunt,Gemeenteweg,binnen bebouwde kom,Tss. 2 best.: langs opzij (voor-/achterkant-flank),Geen hindernis
9714,88,Westerlo teller 1,Westerlo,51.082,4.91325,2.3587530831242383,51.10291166444271,4.907579440371284,2018,9,9,13049,Westerlo,Normaal,Onbekend,Dag,met lichtgewonden,9,personenauto,3,Fiets,Op Kruispunt,Gemeenteweg,buiten bebouwde kom,Tussen 2 bestuurders: Flank tegen flank,Geen hindernis
9714,89,Westerlo teller 2,Westerlo,51.08191,4.91334,2.369678216063375,51.10291166444271,4.907579440371284,2018,9,9,13049,Westerlo,Normaal,Onbekend,Dag,met lichtgewonden,9,personenauto,3,Fiets,Op Kruispunt,Gemeenteweg,buiten bebouwde kom,Tussen 2 bestuurders: Flank tegen flank,Geen hindernis
9715,112,Geel teller 2,Westerlo,51.1354992,4.9394789,1.5202835271879578,51.13853227138988,4.91823203147899,2018,9,6,13049,Westerlo,Normaal,Droog,Dageraad - schemering,met lichtgewonden,3,Fiets,5,Lichte vrachtauto,Buiten Kruispunt,Gemeenteweg,buiten bebouwde kom,Tss. 2 best.: langs opzij (voor-/achterkant-flank),Geen hindernis
9715,127,Geel totem,Westerlo,51.1342966,4.9400421,1.5929371289259113,51.13853227138988,4.91823203147899,2018,9,6,13049,Westerlo,Normaal,Droog,Dageraad - schemering,met lichtgewonden,3,Fiets,5,Lichte vrachtauto,Buiten Kruispunt,Gemeenteweg,buiten bebouwde kom,Tss. 2 best.: langs opzij (voor-/achterkant-flank),Geen hindernis
9716,88,Westerlo teller 1,Westerlo,51.082,4.91325,1.070235063197694,51.09089315350669,4.919110069654614,2018,9,12,13049,Westerlo,Normaal,Droog,Dag,met lichtgewonden,3,Fiets,9,personenauto,Op Kruispunt,Gewestweg,binnen bebouwde kom,Tss. 2 best.: langs opzij (voor-/achterkant-flank),Geen hindernis
9716,89,Westerlo teller 2,Westerlo,51.08191,4.91334,1.0771209240683213,51.09089315350669,4.919110069654614,2018,9,12,13049,Westerlo,Normaal,Droog,Dag,met lichtgewonden,3,Fiets,9,personenauto,Op Kruispunt,Gewestweg,binnen bebouwde kom,Tss. 2 best.: langs opzij (voor-/achterkant-flank),Geen hindernis
9727,94,Herentals teller 2,Herentals,51.17345,4.81283,0.31855268150052335,51.174550177810055,4.817049009907655,2018,9,7,13011,Herentals,Normaal,Droog,Dag,met lichtgewonden,9,personenauto,3,Fiets,Op Kruispunt,Gewestweg,buiten bebouwde kom,Tss. 2 best.: langs opzij (voor-/achterkant-flank),Geen hindernis
9727,110,Herentals totem,Herentals,51.1739426,4.811783,0.37327986699549404,51.174550177810055,4.817049009907655,2018,9,7,13011,Herentals,Normaal,Droog,Dag,met lichtgewonden,9,personenauto,3,Fiets,Op Kruispunt,Gewestweg,buiten bebouwde kom,Tss. 2 best.: langs opzij (voor-/achterkant-flank),Geen hindernis
9734,38,Lommel teller 2,Lommel,51.23277,5.29189,2.1265000326083077,51.21705668971164,5.274484337666763,2018,9,13,72020,Lommel,Normaal,Droog,Dag,met lichtgewonden,9,personenauto,3,Fiets,Op Kruispunt,Gemeenteweg,buiten bebouwde kom,Tss. 2 best.: langs opzij (voor-/achterkant-flank),Geen hindernis
9734,37,Lommel teller 1,Lommel,51.23299,5.29211,2.15533114071395,51.21705668971164,5.274484337666763,2018,9,13,72020,Lommel,Normaal,Droog,Dag,met lichtgewonden,9,personenauto,3,Fiets,Op Kruispunt,Gemeenteweg,buiten bebouwde kom,Tss. 2 best.: langs opzij (voor-/achterkant-flank),Geen hindernis
9737,46,Pelt teller 2,Pelt,51.231,5.44375,0.6886620475047756,51.2299969201789,5.433990139477687,2018,9,17,72043,Pelt,Normaal,Droog,Dag,met lichtgewonden,9,personenauto,3,Fiets,Op Kruispunt,Gemeenteweg,binnen bebouwde kom,Tss. 2 best.: langs opzij (voor-/achterkant-flank),Geen hindernis
9737,45,Pelt teller 1,Pelt,51.23127,5.44377,0.6955185077869379,51.2299969201789,5.433990139477687,2018,9,17,72043,Pelt,Normaal,Droog,Dag,met lichtgewonden,9,personenauto,3,Fiets,Op Kruispunt,Gemeenteweg,binnen bebouwde kom,Tss. 2 best.: langs opzij (voor-/achterkant-flank),Geen hindernis
9738,46,Pelt teller 2,Pelt,51.231,5.44375,1.1275672505989278,51.22838343749971,5.428104734306255,2018,9,8,72043,Pelt,Normaal,Droog,Dag,met lichtgewonden,3,Fiets,9,personenauto,Op Kruispunt,Gemeenteweg,binnen bebouwde kom,Tss. 2 best.: langs opzij (voor-/achterkant-flank),Geen hindernis
9738,45,Pelt teller 1,Pelt,51.23127,5.44377,1.1370173527653087,51.22838343749971,5.428104734306255,2018,9,8,72043,Pelt,Normaal,Droog,Dag,met lichtgewonden,3,Fiets,9,personenauto,Op Kruispunt,Gemeenteweg,binnen bebouwde kom,Tss. 2 best.: langs opzij (voor-/achterkant-flank),Geen hindernis
9739,45,Pelt teller 1,Pelt,51.23127,5.44377,0.6658974682027125,51.235549330926936,5.450460565932817,2018,9,8,72043,Pelt,Normaal,Droog,Dag,met lichtgewonden,9,personenauto,3,Fiets,Op Kruispunt,Gewestweg,buiten bebouwde kom,Tss. 2 best.: langs opzij (voor-/achterkant-flank),Geen hindernis
9739,46,Pelt teller 2,Pelt,51.231,5.44375,0.6886169259330199,51.235549330926936,5.450460565932817,2018,9,8,72043,Pelt,Normaal,Droog,Dag,met lichtgewonden,9,personenauto,3,Fiets,Op Kruispunt,Gewestweg,buiten bebouwde kom,Tss. 2 best.: langs opzij (voor-/achterkant-flank),Geen hindernis
9751,139,Houthalen-Helchteren,Houthalen-Helchteren,51.0644267,5.3819796,2.4792237991034987,51.06731394458718,5.417160265431364,2018,9,19,72039,Houthalen-Helchteren,Onbekend,Onbekend,Dag,met lichtgewonden,3,Fiets,9,personenauto,Op Kruispunt,Gewestweg,buiten bebouwde kom,Tss. 2 best.: langs opzij (voor-/achterkant-flank),Geen hindernis
9752,14,Genk,Genk,50.97172,5.48927,0.7299776242213862,50.97824090979151,5.490474223917272,2018,9,17,71016,Genk,Normaal,Droog,Dag,met lichtgewonden,9,personenauto,3,Fiets,Op Kruispunt,Gemeenteweg,buiten bebouwde kom,Tss. 2 best.: langs opzij (voor-/achterkant-flank),Geen hindernis
9758,14,Genk,Genk,50.97172,5.48927,2.1614890170020287,50.9759156663776,5.519413370365566,2018,9,8,71016,Genk,Normaal,Droog,Dag,met lichtgewonden,3,Fiets,3,Fiets,Buiten Kruispunt,Gemeenteweg,buiten bebouwde kom,Tussen 2 bestuurders: Flank tegen flank,Geen hindernis
9760,25,Bree,Bree,51.13679500160176,5.597669323604317,0.6172340935025369,51.13788026710701,5.606345306057429,2018,9,11,72004,Bree,Normaal,Droog,Dag,met lichtgewonden,3,Fiets,10,"één bestuurder, geen hindernis",Op Kruispunt,Gewestweg,buiten bebouwde kom,"Eén bestuurder, geen hindernis (incl. val)",Geen hindernis