crash_row_id,site_id,site_name,site_gemeente,site_lat,site_long,distance_km,crash_lat,crash_long,DT_YEAR_COLLISION,DT_MONTH_COLLISION,DT_TIME,CD_NIS,TX_MUNTY_COLLISION_NL,TX_WEATHER_NL,TX_ROAD_CONDITION_NL,TX_LIGHT_CONDITION_NL,TX_CLASS_ACCIDENTS_NL,CD_ROAD_USR_TYPE1,TX_ROAD_USR_TYPE1_NL,CD_ROAD_USR_TYPE2,TX_ROAD_USR_TYPE2_NL,TX_CROSSWAY_NL,CD_ROAD_TYPE_NL,TX_BUILD_UP_AREA_NL,TX_COLLISION_TYPE_NL,TX_OBSTACLES_NL
9762,25,Bree,Bree,51.13679500160176,5.597669323604317,0.6287462232093983,51.142108855728125,5.6007498619552205,2018,9,11,72004,Bree,Normaal,Droog,Dag,met lichtgewonden,9,personenauto,3,Fiets,Buiten Kruispunt,Gewestweg,binnen bebouwde kom,Tussen 2 bestuurders: Frontale botsing,Geen hindernis
9764,48,As,As,51.00509,5.60389,1.0675525915289517,51.00751265132763,5.5891259788881,2018,9,15,71002,As,Onbekend,Droog,Dag,met lichtgewonden,9,personenauto,3,Fiets,Op Kruispunt,Gewestweg,binnen bebouwde kom,Tss. 2 best.: langs opzij (voor-/achterkant-flank),Geen hindernis
9765,25,Bree,Bree,51.13679500160176,5.597669323604317,0.9128512623706521,51.136934289334654,5.6107510470088595,2018,9,13,72004,Bree,Normaal,Droog,Dag,met lichtgewonden,3,Fiets,10,"één bestuurder, geen hindernis",Buiten Kruispunt,Gemeenteweg,buiten bebouwde kom,"Eén bestuurder, geen hindernis (incl. val)",Geen hindernis
9766,69,Leuven teller 1,Leuven,50.87549,4.71526,0.4820894386290836,50.87798869785426,4.709644905101227,2018,9,20,24062,Leuven,Normaal,Droog,Dageraad - schemering,met lichtgewonden,9,personenauto,3,Fiets,Buiten Kruispunt,Gemeenteweg,binnen bebouwde kom,Tss. 2 best.: langs opzij (voor-/achterkant-flank),Geen hindernis
9766,77,Leuven teller 2,Leuven,50.88672,4.70796,0.9780456528344735,50.87798869785426,4.709644905101227,2018,9,20,24062,Leuven,Normaal,Droog,Dageraad - schemering,met lichtgewonden,9,personenauto,3,Fiets,Buiten Kruispunt,Gemeenteweg,binnen bebouwde kom,Tss. 2 best.: langs opzij (voor-/achterkant-flank),Geen hindernis
9766,107,leuven totem,Leuven,50.8870744,4.7087919,1.0120547342199042,50.87798869785426,4.709644905101227,2018,9,20,24062,Leuven,Normaal,Droog,Dageraad - schemering,met lichtgewonden,9,personenauto,3,Fiets,Buiten Kruispunt,Gemeenteweg,binnen bebouwde kom,Tss. 2 best.: langs opzij (voor-/achterkant-flank),Geen hindernis
9766,151,Leuven,District Leuven,50.8690262,4.6854839,1.9665475083923631,50.87798869785426,4.709644905101227,2018,9,20,24062,Leuven,Normaal,Droog,Dageraad - schemering,met lichtgewonden,9,personenauto,3,Fiets,Buiten Kruispunt,Gemeenteweg,binnen bebouwde kom,Tss. 2 best.: langs opzij (voor-/achterkant-flank),Geen hindernis
9767,107,leuven totem,Leuven,50.8870744,4.7087919,1.3790959724069887,50.899265899559275,4.705180340689346,2018,9,12,24062,Leuven,Normaal,Droog,Dag,met lichtgewonden,3,Fiets,6,Bromfiets,Buiten Kruispunt,Gemeenteweg,buiten bebouwde kom,Tussen 2 bestuurders: Frontale botsing,Geen hindernis
9767,77,Leuven teller 2,Leuven,50.88672,4.70796,1.4085977109738634,50.899265899559275,4.705180340689346,2018,9,12,24062,Leuven,Normaal,Droog,Dag,met lichtgewonden,3,Fiets,6,Bromfiets,Buiten Kruispunt,Gemeenteweg,buiten bebouwde kom,Tussen 2 bestuurders: Frontale botsing,Geen hindernis
9768,151,Leuven,District Leuven,50.8690262,4.6854839,1.3119800815532636,50.87059399665615,4.66695342965644,2018,9,11,24062,Leuven,Normaal,Droog,Dag,met lichtgewonden,3,Fiets,11,een weggebruiker tegen een hindernis,Buiten Kruispunt,Gewestweg,binnen bebouwde kom,Weggebruiker tegen hindernis op de rijbaan,"Op de rijbaan: Verkeersdrempel, ezelsrug"
9769,77,Leuven teller 2,Leuven,50.88672,4.70796,1.0866555864509637,50.883049903507775,4.693603571791239,2018,9,12,24062,Leuven,Normaal,Droog,Dag,met lichtgewonden,9,personenauto,3,Fiets,Op Kruispunt,Gemeenteweg,binnen bebouwde kom,Tss. 2 best.: langs opzij (voor-/achterkant-flank),Geen hindernis
9769,107,leuven totem,Leuven,50.8870744,4.7087919,1.1556303454600292,50.883049903507775,4.693603571791239,2018,9,12,24062,Leuven,Normaal,Droog,Dag,met lichtgewonden,9,personenauto,3,Fiets,Op Kruispunt,Gemeenteweg,binnen bebouwde kom,Tss. 2 best.: langs opzij (voor-/achterkant-flank),Geen hindernis
9769,151,Leuven,District Leuven,50.8690262,4.6854839,1.6601766339040418,50.883049903507775,4.693603571791239,2018,9,12,24062,Leuven,Normaal,Droog,Dag,met lichtgewonden,9,personenauto,3,Fiets,Op Kruispunt,Gemeenteweg,binnen bebouwde kom,Tss. 2 best.: langs opzij (voor-/achterkant-flank),Geen hindernis
9769,69,Leuven teller 1,Leuven,50.87549,4.71526,1.7364371486671724,50.883049903507775,4.693603571791239,2018,9,12,24062,Leuven,Normaal,Droog,Dag,met lichtgewonden,9,personenauto,3,Fiets,Op Kruispunt,Gemeenteweg,binnen bebouwde kom,Tss. 2 best.: langs opzij (voor-/achterkant-flank),Geen hindernis
9770,108,Heverlee teller 1,Leuven,50.8471728,4.6954674,1.181747654633326,50.85699263693462,4.689029562457849,2018,9,8,24062,Leuven,Onbekend,"Nat, plassen",Dag,met lichtgewonden,3,Fiets,3,Fiets,Buiten Kruispunt,Gemeenteweg,binnen bebouwde kom,Tss. 2 best.: langs opzij (voor-/achterkant-flank),Geen hindernis
9770,76,Heverlee teller 2,Leuven,50.84606,4.69597,1.3096573732683996,50.85699263693462,4.689029562457849,2018,9,8,24062,Leuven,Onbekend,"Nat, plassen",Dag,met lichtgewonden,3,Fiets,3,Fiets,Buiten Kruispunt,Gemeenteweg,binnen bebouwde kom,Tss. 2 best.: langs opzij (voor-/achterkant-flank),Geen hindernis
9770,151,Leuven,District Leuven,50.8690262,4.6854839,1.3610141523010157,50.85699263693462,4.689029562457849,2018,9,8,24062,Leuven,Onbekend,"Nat, plassen",Dag,met lichtgewonden,3,Fiets,3,Fiets,Buiten Kruispunt,Gemeenteweg,binnen bebouwde kom,Tss. 2 best.: langs opzij (voor-/achterkant-flank),Geen hindernis
9771,107,leuven totem,Leuven,50.8870744,4.7087919,1.8827055548409406,50.90400565999216,4.708956381504871,2018,9,9,24062,Leuven,Normaal,Droog,Dag,met lichtgewonden,5,Lichte vrachtauto,3,Fiets,Op Kruispunt,Gewestweg,binnen bebouwde kom,Tss. 2 best.: langs opzij (voor-/achterkant-flank),Geen hindernis
9771,77,Leuven teller 2,Leuven,50.88672,4.70796,1.9233476128941014,50.90400565999216,4.708956381504871,2018,9,9,24062,Leuven,Normaal,Droog,Dag,met lichtgewonden,5,Lichte vrachtauto,3,Fiets,Op Kruispunt,Gewestweg,binnen bebouwde kom,Tss. 2 best.: langs opzij (voor-/achterkant-flank),Geen hindernis
9772,69,Leuven teller 1,Leuven,50.87549,4.71526,0.3966929411369908,50.87230794722024,4.71270378459339,2018,9,10,24062,Leuven,Normaal,Droog,Dag,met lichtgewonden,9,personenauto,3,Fiets,Op Kruispunt,Gewestweg,binnen bebouwde kom,Tss. 2 best.: langs opzij (voor-/achterkant-flank),Geen hindernis
9772,77,Leuven teller 2,Leuven,50.88672,4.70796,1.6367422965442477,50.87230794722024,4.71270378459339,2018,9,10,24062,Leuven,Normaal,Droog,Dag,met lichtgewonden,9,personenauto,3,Fiets,Op Kruispunt,Gewestweg,binnen bebouwde kom,Tss. 2 best.: langs opzij (voor-/achterkant-flank),Geen hindernis
9772,107,leuven totem,Leuven,50.8870744,4.7087919,1.6647339013647702,50.87230794722024,4.71270378459339,2018,9,10,24062,Leuven,Normaal,Droog,Dag,met lichtgewonden,9,personenauto,3,Fiets,Op Kruispunt,Gewestweg,binnen bebouwde kom,Tss. 2 best.: langs opzij (voor-/achterkant-flank),Geen hindernis
9772,151,Leuven,District Leuven,50.8690262,4.6854839,1.9446223232355666,50.87230794722024,4.71270378459339,2018,9,10,24062,Leuven,Normaal,Droog,Dag,met lichtgewonden,9,personenauto,3,Fiets,Op Kruispunt,Gewestweg,binnen bebouwde kom,Tss. 2 best.: langs opzij (voor-/achterkant-flank),Geen hindernis
9773,77,Leuven teller 2,Leuven,50.88672,4.70796,0.4788954967117288,50.88849986289624,4.7017432066694695,2018,9,13,24062,Leuven,Onbekend,Onbekend,Dag,met lichtgewonden,3,Fiets,8,Voetganger,Buiten Kruispunt,Gemeenteweg,binnen bebouwde kom,Met een voetganger,Geen hindernis
9773,107,leuven totem,Leuven,50.8870744,4.7087919,0.5192249627080596,50.88849986289624,4.7017432066694695,2018,9,13,24062,Leuven,Onbekend,Onbekend,Dag,met lichtgewonden,3,Fiets,8,Voetganger,Buiten Kruispunt,Gemeenteweg,binnen bebouwde kom,Met een voetganger,Geen hindernis
9773,69,Leuven teller 1,Leuven,50.87549,4.71526,1.729728111857394,50.88849986289624,4.7017432066694695,2018,9,13,24062,Leuven,Onbekend,Onbekend,Dag,met lichtgewonden,3,Fiets,8,Voetganger,Buiten Kruispunt,Gemeenteweg,binnen bebouwde kom,Met een voetganger,Geen hindernis
9773,151,Leuven,District Leuven,50.8690262,4.6854839,2.447478861058484,50.88849986289624,4.7017432066694695,2018,9,13,24062,Leuven,Onbekend,Onbekend,Dag,met lichtgewonden,3,Fiets,8,Voetganger,Buiten Kruispunt,Gemeenteweg,binnen bebouwde kom,Met een voetganger,Geen hindernis
9774,107,leuven totem,Leuven,50.8870744,4.7087919,0.07054182369108761,50.886643299639296,4.7095296575689165,2018,9,17,24062,Leuven,Onbekend,Onbekend,Dag,met lichtgewonden,4,Vrachtwagen,3,Fiets,Op Kruispunt,Gewestweg,binnen bebouwde kom,Tss. 2 best.: langs opzij (voor-/achterkant-flank),Geen hindernis
9774,77,Leuven teller 2,Leuven,50.88672,4.70796,0.11043816044971051,50.886643299639296,4.7095296575689165,2018,9,17,24062,Leuven,Onbekend,Onbekend,Dag,met lichtgewonden,4,Vrachtwagen,3,Fiets,Op Kruispunt,Gewestweg,binnen bebouwde kom,Tss. 2 best.: langs opzij (voor-/achterkant-flank),Geen hindernis
9774,69,Leuven teller 1,Leuven,50.87549,4.71526,1.303722587912476,50.886643299639296,4.7095296575689165,2018,9,17,24062,Leuven,Onbekend,Onbekend,Dag,met lichtgewonden,4,Vrachtwagen,3,Fiets,Op Kruispunt,Gewestweg,binnen bebouwde kom,Tss. 2 best.: langs opzij (voor-/achterkant-flank),Geen hindernis
9780,22,Tienen 2,Tienen,50.81330800184882,4.935984252796022,1.4406765128515158,50.802665459679766,4.947677708854696,2018,9,18,24107,Tienen,Normaal,Droog,Dag,met lichtgewonden,9,personenauto,3,Fiets,Op Kruispunt,Gewestweg,binnen bebouwde kom,Tss. 2 best.: langs opzij (voor-/achterkant-flank),Geen hindernis
9780,24,Tienen 1,Tienen,50.8133795491886,4.935044252605416,1.4857135623924023,50.802665459679766,4.947677708854696,2018,9,18,24107,Tienen,Normaal,Droog,Dag,met lichtgewonden,9,personenauto,3,Fiets,Op Kruispunt,Gewestweg,binnen bebouwde kom,Tss. 2 best.: langs opzij (voor-/achterkant-flank),Geen hindernis
9780,23,Tienen 3,Tienen,50.81324,4.93447,1.4979594941642902,50.802665459679766,4.947677708854696,2018,9,18,24107,Tienen,Normaal,Droog,Dag,met lichtgewonden,9,personenauto,3,Fiets,Op Kruispunt,Gewestweg,binnen bebouwde kom,Tss. 2 best.: langs opzij (voor-/achterkant-flank),Geen hindernis
9781,72,Herent teller 1,Herent,50.89135,4.64689,2.251495152467696,50.90332774725912,4.672774270024717,2018,9,16,24038,Herent,Onbekend,Droog,Dag,met zwaargewonden,3,Fiets,3,Fiets,Buiten Kruispunt,Gemeenteweg,binnen bebouwde kom,Tussen 2 bestuurders: Flank tegen flank,Geen hindernis
9781,73,Herent teller 2,Herent,50.89128,4.64685,2.258367174117741,50.90332774725912,4.672774270024717,2018,9,16,24038,Herent,Onbekend,Droog,Dag,met zwaargewonden,3,Fiets,3,Fiets,Buiten Kruispunt,Gemeenteweg,binnen bebouwde kom,Tussen 2 bestuurders: Flank tegen flank,Geen hindernis
9782,150,Bertem,District Leuven,50.8687535,4.56136297,2.4034442747123497,50.89026574608574,4.558031561153569,2018,9,16,24055,Kortenberg,Normaal,Droog,Dag,met lichtgewonden,9,personenauto,3,Fiets,Op Kruispunt,Gewestweg,buiten bebouwde kom,Tussen 2 bestuurders: Frontale botsing,Geen hindernis
9783,87,Aarschot,Aarschot,50.99084,4.81259,1.6259371418666666,50.997293598797434,4.833437119798942,2018,9,16,24001,Aarschot,Normaal,"Nat, plassen",Dag,met lichtgewonden,3,Fiets,3,Fiets,Buiten Kruispunt,Gewestweg,binnen bebouwde kom,Tss. 2 best.: langs opzij (voor-/achterkant-flank),Geen hindernis
9784,87,Aarschot,Aarschot,50.99084,4.81259,0.8653366688568167,50.99399193109797,4.823894458582691,2018,9,22,24001,Aarschot,Normaal,Droog,"Nacht, openbare verlichting aanwezig en ontstoken",met lichtgewonden,7,Motorfiets,3,Fiets,Buiten Kruispunt,Gewestweg,buiten bebouwde kom,Tss. 2 best.: langs opzij (voor-/achterkant-flank),Geen hindernis
9786,70,Kampenhout teller 1,Kampenhout,50.95682,4.59318,1.0816452763045237,50.96292556861058,4.605202735243144,2018,9,22,24014,Boortmeerbeek,Regenval,"Nat, plassen","Nacht, openbare verlichting aanwezig en ontstoken",Met doden,3,Fiets,9,personenauto,Op Kruispunt,Gewestweg,buiten bebouwde kom,Tss. 2 best.: langs opzij (voor-/achterkant-flank),Geen hindernis
9786,71,Kampenhout teller 2,Kampenhout,50.95589,4.59164,1.2305926168043793,50.96292556861058,4.605202735243144,2018,9,22,24014,Boortmeerbeek,Regenval,"Nat, plassen","Nacht, openbare verlichting aanwezig en ontstoken",Met doden,3,Fiets,9,personenauto,Op Kruispunt,Gewestweg,buiten bebouwde kom,Tss. 2 best.: langs opzij (voor-/achterkant-flank),Geen hindernis
9791,101,Diest teller 1,Diest,50.97799,5.04481,1.6647932435866186,50.992750757116795,5.040830396926955,2018,9,15,24020,Diest,Normaal,Droog,Dag,met lichtgewonden,9,personenauto,3,Fiets,Buiten Kruispunt,Gewestweg,buiten bebouwde kom,Tss. 2 best.: langs opzij (voor-/achterkant-flank),Geen hindernis
9791,102,Diest teller 2,Diest,50.9779,5.04474,1.6738524681360778,50.992750757116795,5.040830396926955,2018,9,15,24020,Diest,Normaal,Droog,Dag,met lichtgewonden,9,personenauto,3,Fiets,Buiten Kruispunt,Gewestweg,buiten bebouwde kom,Tss. 2 best.: langs opzij (voor-/achterkant-flank),Geen hindernis
9793,148,Hoeilaart,District Leuven,50.76699493,4.44471001,0.4701870901083025,50.76436358377486,4.44994328522709,2018,9,14,23033,Hoeilaart,Normaal,Onbekend,Dag,met lichtgewonden,3,Fiets,9,personenauto,Buiten Kruispunt,Gewestweg,buiten bebouwde kom,Tss. 2 best.: langs opzij (voor-/achterkant-flank),Geen hindernis
9794,147,Overijse,District Vilvoorde-gewestwegen,50.7797555,4.4975769,1.5870732357308046,50.77879269067779,4.5200981168909005,2018,9,8,23062,Overijse,Normaal,Droog,Dag,met lichtgewonden,3,Fiets,8,Voetganger,Buiten Kruispunt,Gewestweg,buiten bebouwde kom,Met een voetganger,Geen hindernis
9794,145,Overijse,District Vilvoorde-gewestwegen,50.7885856,4.4908759,2.325155193217041,50.77879269067779,4.5200981168909005,2018,9,8,23062,Overijse,Normaal,Droog,Dag,met lichtgewonden,3,Fiets,8,Voetganger,Buiten Kruispunt,Gewestweg,buiten bebouwde kom,Met een voetganger,Geen hindernis
9794,146,Overijse 2,District Vilvoorde-gewestwegen,50.7881478,4.4902818,2.340105817036059,50.77879269067779,4.5200981168909005,2018,9,8,23062,Overijse,Normaal,Droog,Dag,met lichtgewonden,3,Fiets,8,Voetganger,Buiten Kruispunt,Gewestweg,buiten bebouwde kom,Met een voetganger,Geen hindernis
9804,126,Hamme totem,Hamme,51.1017709,4.1469307,0.9522388338515271,51.109842666492376,4.142374671670434,2018,9,11,46025,Temse,Onbekend,Droog,Dag,met lichtgewonden,3,Fiets,11,een weggebruiker tegen een hindernis,Op Kruispunt,Gewestweg,buiten bebouwde kom,Weggebruiker tegen hindernis op de rijbaan,"Op de rijbaan: Put, straatgoot, tramspoor"
9805,80,Wemmel teller 1,Wemmel,50.91418,4.29571,2.3414231049874554,50.89534899764333,4.310652178988474,2018,9,18,23102,Wemmel,Normaal,Droog,Dag,met lichtgewonden,9,personenauto,3,Fiets,Buiten Kruispunt,Gewestweg,binnen bebouwde kom,Tss. 2 best.: langs opzij (voor-/achterkant-flank),Geen hindernis
9805,81,Wemmel teller 2,Wemmel,50.91439,4.29568,2.3632614430224357,50.89534899764333,4.310652178988474,2018,9,18,23102,Wemmel,Normaal,Droog,Dag,met lichtgewonden,9,personenauto,3,Fiets,Buiten Kruispunt,Gewestweg,binnen bebouwde kom,Tss. 2 best.: langs opzij (voor-/achterkant-flank),Geen hindernis
9808,85,Asse teller 1,Asse,50.89621,4.17294,2.4068250378758873,50.91234785467262,4.195814352609282,2018,9,16,23002,Asse,Normaal,Droog,Dag,met lichtgewonden,4,Vrachtwagen,3,Fiets,Buiten Kruispunt,Gewestweg,binnen bebouwde kom,Tss. 2 best.: langs opzij (voor-/achterkant-flank),Geen hindernis
9815,27,Grimbergen,Meise,50.92127,4.34013,2.1832192467575706,50.93767121880766,4.357255074844443,2018,9,8,23025,Grimbergen,Normaal,Droog,Dag,met lichtgewonden,3,Fiets,3,Fiets,Op Kruispunt,Gewestweg,buiten bebouwde kom,Tussen 2 bestuurders: Flank tegen flank,Geen hindernis
9817,1,Machelen,Machelen,50.91618331151478,4.456121776137429,1.9444172373483408,50.92660684074413,4.433849233966838,2018,9,6,23088,Vilvoorde,Normaal,Droog,Dageraad - schemering,met lichtgewonden,9,personenauto,3,Fiets,Op Kruispunt,Gewestweg,binnen bebouwde kom,Tussen 2 bestuurders: Frontale botsing,Geen hindernis
9817,47,Vilvoorde,Vilvoorde,50.91372,4.41497,1.9505657458028334,50.92660684074413,4.433849233966838,2018,9,6,23088,Vilvoorde,Normaal,Droog,Dageraad - schemering,met lichtgewonden,9,personenauto,3,Fiets,Op Kruispunt,Gewestweg,binnen bebouwde kom,Tussen 2 bestuurders: Frontale botsing,Geen hindernis
9818,149,Machelen,,50.88297881,4.43356644,1.6248648200361548,50.89757057135125,4.434807886292024,2018,9,16,23047,Machelen,Normaal,Droog,Dag,met lichtgewonden,9,personenauto,3,Fiets,Op Kruispunt,Gewestweg,buiten bebouwde kom,Tss. 2 best.: langs opzij (voor-/achterkant-flank),Geen hindernis
9818,111,Zaventem totem,Zaventem,50.8871216,4.4597084,2.097675281011515,50.89757057135125,4.434807886292024,2018,9,16,23047,Machelen,Normaal,Droog,Dag,met lichtgewonden,9,personenauto,3,Fiets,Op Kruispunt,Gewestweg,buiten bebouwde kom,Tss. 2 best.: langs opzij (voor-/achterkant-flank),Geen hindernis
9818,47,Vilvoorde,Vilvoorde,50.91372,4.41497,2.271476083840278,50.89757057135125,4.434807886292024,2018,9,16,23047,Machelen,Normaal,Droog,Dag,met lichtgewonden,9,personenauto,3,Fiets,Op Kruispunt,Gewestweg,buiten bebouwde kom,Tss. 2 best.: langs opzij (voor-/achterkant-flank),Geen hindernis
9819,47,Vilvoorde,Vilvoorde,50.91372,4.41497,2.462477693451097,50.93384767524017,4.42962212171131,2018,9,14,23088,Vilvoorde,Normaal,Droog,Dag,met lichtgewonden,9,personenauto,3,Fiets,Buiten Kruispunt,Gemeenteweg,binnen bebouwde kom,Tss. 2 best.: langs opzij (voor-/achterkant-flank),Geen hindernis
9820,1,Machelen,Machelen,50.91618331151478,4.456121776137429,0.8862979036519595,50.912232839444584,4.445141609632039,2018,9,16,23047,Machelen,Normaal,Droog,Dag,met zwaargewonden,5,Lichte vrachtauto,3,Fiets,Op Kruispunt,Gemeenteweg,binnen bebouwde kom,Tss. 2 best.: langs opzij (voor-/achterkant-flank),Geen hindernis
9820,47,Vilvoorde,Vilvoorde,50.91372,4.41497,2.1217373465514964,50.912232839444584,4.445141609632039,2018,9,16,23047,Machelen,Normaal,Droog,Dag,met zwaargewonden,5,Lichte vrachtauto,3,Fiets,Op Kruispunt,Gemeenteweg,binnen bebouwde kom,Tss. 2 best.: langs opzij (voor-/achterkant-flank),Geen hindernis
9823,136,Gent R4,Gent,51.0876313,3.7587918,2.162570533838734,51.068338596373174,3.7627017761626202,2018,9,7,44021,Gent,Normaal,"Nat, plassen",Dag,met lichtgewonden,3,Fiets,9,personenauto,Buiten Kruispunt,Gewestweg,binnen bebouwde kom,Tussen 2 bestuurders: Flank tegen flank,Geen hindernis
9825,13,Gent,Gent,51.03018,3.70146,2.4319679409592294,51.05071892634868,3.7134147587505386,2018,9,8,44021,Gent,Normaal,Droog,Dag,met lichtgewonden,3,Fiets,8,Voetganger,Buiten Kruispunt,Gemeenteweg,binnen bebouwde kom,Met een voetganger,Geen hindernis
9827,136,Gent R4,Gent,51.0876313,3.7587918,1.608503938934146,51.101109757495465,3.7671546254903334,2018,9,16,44021,Gent,Normaal,"Nat, plassen",Dag,met lichtgewonden,9,personenauto,3,Fiets,Op Kruispunt,Gemeenteweg,binnen bebouwde kom,Tss. 2 best.: langs opzij (voor-/achterkant-flank),Geen hindernis
9834,119,Gent teller 2,Gent,51.0281795,3.7683918,0.9016352361572422,51.03587129155618,3.7643111384388206,2018,9,16,44021,Gent,Normaal,Droog,Dag,met lichtgewonden,3,Fiets,9,personenauto,Op Kruispunt,Gemeenteweg,binnen bebouwde kom,Tss. 2 best.: langs opzij (voor-/achterkant-flank),Geen hindernis
9834,118,Gent teller 1,Gent,51.028049,3.7681359,0.9099925093336443,51.03587129155618,3.7643111384388206,2018,9,16,44021,Gent,Normaal,Droog,Dag,met lichtgewonden,3,Fiets,9,personenauto,Op Kruispunt,Gemeenteweg,binnen bebouwde kom,Tss. 2 best.: langs opzij (voor-/achterkant-flank),Geen hindernis
9835,13,Gent,Gent,51.03018,3.70146,2.4645372565472896,51.03932070018289,3.7335686253723006,2018,9,18,44021,Gent,Normaal,Droog,Dag,met lichtgewonden,3,Fiets,3,Fiets,Op Kruispunt,Gemeenteweg,binnen bebouwde kom,Tss. 2 best.: langs opzij (voor-/achterkant-flank),Geen hindernis
9836,118,Gent teller 1,Gent,51.028049,3.7681359,1.687721056974579,51.03751027472204,3.749263605412384,2018,9,6,44021,Gent,Normaal,Droog,Dageraad - schemering,met lichtgewonden,5,Lichte vrachtauto,3,Fiets,Op Kruispunt,Gewestweg,binnen bebouwde kom,Tss. 2 best.: langs opzij (voor-/achterkant-flank),Geen hindernis
9836,119,Gent teller 2,Gent,51.0281795,3.7683918,1.692816139739539,51.03751027472204,3.749263605412384,2018,9,6,44021,Gent,Normaal,Droog,Dageraad - schemering,met lichtgewonden,5,Lichte vrachtauto,3,Fiets,Op Kruispunt,Gewestweg,binnen bebouwde kom,Tss. 2 best.: langs opzij (voor-/achterkant-flank),Geen hindernis
9837,13,Gent,Gent,51.03018,3.70146,2.457533834564752,51.049086025368624,3.7196642174871006,2018,9,16,44021,Gent,Normaal,Droog,Dag,met lichtgewonden,3,Fiets,9,personenauto,Buiten Kruispunt,Gemeenteweg,binnen bebouwde kom,Tussen 2 bestuurders: Flank tegen flank,Geen hindernis
9838,118,Gent teller 1,Gent,51.028049,3.7681359,2.0875807665973234,51.03974504023636,3.7447831143169896,2018,9,17,44021,Gent,Normaal,Droog,Dag,met lichtgewonden,3,Fiets,5,Lichte vrachtauto,Buiten Kruispunt,Gewestweg,binnen bebouwde kom,Tss. 2 best.: langs opzij (voor-/achterkant-flank),Geen hindernis
9838,119,Gent teller 2,Gent,51.0281795,3.7683918,2.092657023338668,51.03974504023636,3.7447831143169896,2018,9,17,44021,Gent,Normaal,Droog,Dag,met lichtgewonden,3,Fiets,5,Lichte vrachtauto,Buiten Kruispunt,Gewestweg,binnen bebouwde kom,Tss. 2 best.: langs opzij (voor-/achterkant-flank),Geen hindernis
9840,118,Gent teller 1,Gent,51.028049,3.7681359,2.4223894098177516,51.0430562050652,3.743023626697458,2018,9,17,44021,Gent,Normaal,Droog,Dag,met zwaargewonden,3,Fiets,8,Voetganger,Op Kruispunt,Gemeenteweg,binnen bebouwde kom,Met een voetganger,Geen hindernis
9840,119,Gent teller 2,Gent,51.0281795,3.7683918,2.4254695354954747,51.0430562050652,3.743023626697458,2018,9,17,44021,Gent,Normaal,Droog,Dag,met zwaargewonden,3,Fiets,8,Voetganger,Op Kruispunt,Gemeenteweg,binnen bebouwde kom,Met een voetganger,Geen hindernis
9846,136,Gent R4,Gent,51.0876313,3.7587918,1.9621927485837045,51.07425783709332,3.740465638709265,2018,9,12,44021,Gent,Normaal,Droog,Dag,met lichtgewonden,9,personenauto,3,Fiets,Buiten Kruispunt,Gewestweg,binnen bebouwde kom,Tss. 2 best.: langs opzij (voor-/achterkant-flank),Geen hindernis
9848,13,Gent,Gent,51.03018,3.70146,1.99036965827707,51.0304332792941,3.72991884840102,2018,9,17,44021,Gent,Normaal,Droog,Dag,met lichtgewonden,3,Fiets,9,personenauto,Op Kruispunt,Gemeenteweg,binnen bebouwde kom,Tss. 2 best.: langs opzij (voor-/achterkant-flank),Geen hindernis
9850,13,Gent,Gent,51.03018,3.70146,2.070459935230493,51.03853112943071,3.7279244952905555,2018,9,18,44021,Gent,Normaal,Droog,Dag,met lichtgewonden,3,Fiets,9,personenauto,Buiten Kruispunt,Gewestweg,binnen bebouwde kom,Tss. 2 best.: langs opzij (voor-/achterkant-flank),Geen hindernis
9852,13,Gent,Gent,51.03018,3.70146,1.9507045886508563,51.03663567476566,3.7273988792129042,2018,9,8,44021,Gent,Normaal,Droog,Dag,met lichtgewonden,9,personenauto,3,Fiets,Buiten Kruispunt,Gemeenteweg,binnen bebouwde kom,Tss. 2 best.: langs opzij (voor-/achterkant-flank),Geen hindernis
9853,13,Gent,Gent,51.03018,3.70146,1.585098216507388,51.04357043891547,3.709235297971488,2018,9,17,44021,Gent,Normaal,Droog,Dag,met lichtgewonden,9,personenauto,3,Fiets,Op Kruispunt,Gemeenteweg,binnen bebouwde kom,Tss. 2 best.: langs opzij (voor-/achterkant-flank),Geen hindernis
9857,13,Gent,Gent,51.03018,3.70146,1.9083465030572726,51.03862802786931,3.7252157802477077,2018,9,14,44021,Gent,Normaal,Droog,Dag,met lichtgewonden,3,Fiets,3,Fiets,Op Kruispunt,Gewestweg,binnen bebouwde kom,Tss. 2 best.: langs opzij (voor-/achterkant-flank),Geen hindernis
9858,13,Gent,Gent,51.03018,3.70146,0.5015422060911382,51.032442323640694,3.7076646688997275,2018,9,21,44021,Gent,Normaal,Droog,"Nacht, openbare verlichting aanwezig en ontstoken",met lichtgewonden,3,Fiets,3,Fiets,Buiten Kruispunt,Gewestweg,binnen bebouwde kom,Tss. 2 best.: langs opzij (voor-/achterkant-flank),Geen hindernis
9859,118,Gent teller 1,Gent,51.028049,3.7681359,0.6201204396289989,51.03146664461777,3.7611286820174574,2018,9,9,44021,Gent,Normaal,Droog,Dag,met lichtgewonden,3,Fiets,1,Autobus,Op Kruispunt,Gewestweg,buiten bebouwde kom,Tss. 2 best.: langs opzij (voor-/achterkant-flank),Geen hindernis