crash_row_id,site_id,site_name,site_gemeente,site_lat,site_long,distance_km,crash_lat,crash_long,DT_YEAR_COLLISION,DT_MONTH_COLLISION,DT_TIME,CD_NIS,TX_MUNTY_COLLISION_NL,TX_WEATHER_NL,TX_ROAD_CONDITION_NL,TX_LIGHT_CONDITION_NL,TX_CLASS_ACCIDENTS_NL,CD_ROAD_USR_TYPE1,TX_ROAD_USR_TYPE1_NL,CD_ROAD_USR_TYPE2,TX_ROAD_USR_TYPE2_NL,TX_CROSSWAY_NL,CD_ROAD_TYPE_NL,TX_BUILD_UP_AREA_NL,TX_COLLISION_TYPE_NL,TX_OBSTACLES_NL
9859,119,Gent teller 2,Gent,51.0281795,3.7683918,0.6257709758406658,51.03146664461777,3.7611286820174574,2018,9,9,44021,Gent,Normaal,Droog,Dag,met lichtgewonden,3,Fiets,1,Autobus,Op Kruispunt,Gewestweg,buiten bebouwde kom,Tss. 2 best.: langs opzij (voor-/achterkant-flank),Geen hindernis
9860,118,Gent teller 1,Gent,51.028049,3.7681359,1.13939409096135,51.03568420147049,3.757269403007979,2018,9,18,44021,Gent,Normaal,Droog,Dageraad - schemering,met lichtgewonden,5,Lichte vrachtauto,3,Fiets,Op Kruispunt,Gemeenteweg,binnen bebouwde kom,Tss. 2 best.: langs opzij (voor-/achterkant-flank),Geen hindernis
9860,119,Gent teller 2,Gent,51.0281795,3.7683918,1.1407473994491035,51.03568420147049,3.757269403007979,2018,9,18,44021,Gent,Normaal,Droog,Dageraad - schemering,met lichtgewonden,5,Lichte vrachtauto,3,Fiets,Op Kruispunt,Gemeenteweg,binnen bebouwde kom,Tss. 2 best.: langs opzij (voor-/achterkant-flank),Geen hindernis
9875,13,Gent,Gent,51.03018,3.70146,2.099953839585186,51.014415433971095,3.7179917596972833,2018,9,16,44021,Gent,Normaal,Droog,Dag,met lichtgewonden,3,Fiets,9,personenauto,Op Kruispunt,Gemeenteweg,buiten bebouwde kom,Tss. 2 best.: langs opzij (voor-/achterkant-flank),Geen hindernis
9886,131,Nevele,Deinze,51.0276612,3.558569,2.398558948370129,51.013328892523624,3.5841966460520536,2018,9,7,44083,Deinze,Normaal,Droog,Dag,met lichtgewonden,9,personenauto,3,Fiets,Op Kruispunt,Gewestweg,binnen bebouwde kom,Tss. 2 best.: langs opzij (voor-/achterkant-flank),Geen hindernis
9889,7,Evergem 1,Evergem,51.1089,3.70317,2.251639115018296,51.120351525865914,3.7297729999624156,2018,9,8,44019,Evergem,Normaal,Droog,Dag,met lichtgewonden,9,personenauto,3,Fiets,Op Kruispunt,Gemeenteweg,buiten bebouwde kom,Tss. 2 best.: langs opzij (voor-/achterkant-flank),Geen hindernis
9889,6,Evergem 2,Evergem,51.10894,3.70298,2.2600889854111537,51.120351525865914,3.7297729999624156,2018,9,8,44019,Evergem,Normaal,Droog,Dag,met lichtgewonden,9,personenauto,3,Fiets,Op Kruispunt,Gemeenteweg,buiten bebouwde kom,Tss. 2 best.: langs opzij (voor-/achterkant-flank),Geen hindernis
9893,131,Nevele,Deinze,51.0276612,3.558569,1.5588648621264702,51.035045462061944,3.539620158953315,2018,9,7,44083,Deinze,Normaal,Droog,Dageraad - schemering,met lichtgewonden,3,Fiets,3,Fiets,Buiten Kruispunt,Gemeenteweg,binnen bebouwde kom,Tussen 2 bestuurders: Frontale botsing,Geen hindernis
9924,128,Lokeren teller 1,Lokeren,51.09644,3.97023,1.8155266025706105,51.108412733655136,3.9879091635276027,2018,9,18,46014,Lokeren,Normaal,Droog,Dag,met lichtgewonden,3,Fiets,3,Fiets,Op Kruispunt,Gemeenteweg,binnen bebouwde kom,Tussen 2 bestuurders: Frontale botsing,Geen hindernis
9924,129,Lokeren teller 2,Lokeren,51.09612,3.97025,1.840844913193083,51.108412733655136,3.9879091635276027,2018,9,18,46014,Lokeren,Normaal,Droog,Dag,met lichtgewonden,3,Fiets,3,Fiets,Op Kruispunt,Gemeenteweg,binnen bebouwde kom,Tussen 2 bestuurders: Frontale botsing,Geen hindernis
9926,126,Hamme totem,Hamme,51.1017709,4.1469307,1.4100076392674425,51.09317940864315,4.132079707093307,2018,9,7,42008,Hamme,Normaal,Droog,Dageraad - schemering,met lichtgewonden,3,Fiets,9,personenauto,Buiten Kruispunt,Gemeenteweg,binnen bebouwde kom,Tussen 2 bestuurders: Flank tegen flank,Geen hindernis
9927,126,Hamme totem,Hamme,51.1017709,4.1469307,1.219232275553253,51.09311015416988,4.136222878808072,2018,9,10,42008,Hamme,Normaal,Droog,Dag,met lichtgewonden,9,personenauto,3,Fiets,Buiten Kruispunt,Gemeenteweg,binnen bebouwde kom,Tussen 2 bestuurders: Flank tegen flank,Geen hindernis
9928,126,Hamme totem,Hamme,51.1017709,4.1469307,1.0426848495945136,51.09992535692408,4.132289949010314,2018,9,13,42008,Hamme,Normaal,Proper,Dag,met lichtgewonden,3,Fiets,9,personenauto,Op Kruispunt,Gemeenteweg,binnen bebouwde kom,Tussen 2 bestuurders: Flank tegen flank,Geen hindernis
9929,126,Hamme totem,Hamme,51.1017709,4.1469307,1.7975141152493173,51.09673218259967,4.1224709055769235,2018,9,14,42008,Hamme,Normaal,Droog,Dag,met lichtgewonden,3,Fiets,9,personenauto,Buiten Kruispunt,Gemeenteweg,binnen bebouwde kom,Tussen 2 bestuurders: Langs achteren,Geen hindernis
9930,141,Test site A support,Lokeren,51.08342085,3.9961071208376326,2.164512985109637,51.06397975529009,3.997671684752761,2018,9,16,42028,Zele,Normaal,Droog,Dag,met lichtgewonden,2,Andere weggebruiker,3,Fiets,Buiten Kruispunt,Gemeenteweg,binnen bebouwde kom,Tussen 2 bestuurders: Frontale botsing,Geen hindernis
9932,120,Zele teller 1,Zele,51.0607671,4.0547741,0.05525561468912599,51.06126368135568,4.054803528636167,2018,9,7,42028,Zele,Normaal,Droog,Dag,met zwaargewonden,3,Fiets,4,Vrachtwagen,Op Kruispunt,Gewestweg,buiten bebouwde kom,Tss. 2 best.: langs opzij (voor-/achterkant-flank),Geen hindernis
9932,121,Zele teller 2,Zele,51.0604067,4.0556696,0.11288902227822759,51.06126368135568,4.054803528636167,2018,9,7,42028,Zele,Normaal,Droog,Dag,met zwaargewonden,3,Fiets,4,Vrachtwagen,Op Kruispunt,Gewestweg,buiten bebouwde kom,Tss. 2 best.: langs opzij (voor-/achterkant-flank),Geen hindernis
9950,10,Aalst 2,Aalst,50.93549,4.01571,2.1119538973138314,50.941817813070905,4.044128808177665,2018,9,10,41002,Aalst,Normaal,Droog,Dag,met zwaargewonden,3,Fiets,3,Fiets,Buiten Kruispunt,Gemeenteweg,binnen bebouwde kom,Tss. 2 best.: langs opzij (voor-/achterkant-flank),Geen hindernis
9950,11,Aalst 3,Aalst,50.93385,4.01647,2.1309884198081717,50.941817813070905,4.044128808177665,2018,9,10,41002,Aalst,Normaal,Droog,Dag,met zwaargewonden,3,Fiets,3,Fiets,Buiten Kruispunt,Gemeenteweg,binnen bebouwde kom,Tss. 2 best.: langs opzij (voor-/achterkant-flank),Geen hindernis
9950,19,Aalst 1,Aalst,50.93433,4.01471,2.2231905899902973,50.941817813070905,4.044128808177665,2018,9,10,41002,Aalst,Normaal,Droog,Dag,met zwaargewonden,3,Fiets,3,Fiets,Buiten Kruispunt,Gemeenteweg,binnen bebouwde kom,Tss. 2 best.: langs opzij (voor-/achterkant-flank),Geen hindernis
9952,10,Aalst 2,Aalst,50.93549,4.01571,2.4354185950662877,50.94154947127074,4.0491103401576325,2018,9,15,41002,Aalst,Normaal,Droog,Dag,met lichtgewonden,1,Autobus,3,Fiets,Buiten Kruispunt,Gewestweg,binnen bebouwde kom,Tussen 2 bestuurders: Frontale botsing,Geen hindernis
9952,11,Aalst 3,Aalst,50.93385,4.01647,2.4421338472999845,50.94154947127074,4.0491103401576325,2018,9,15,41002,Aalst,Normaal,Droog,Dag,met lichtgewonden,1,Autobus,3,Fiets,Buiten Kruispunt,Gewestweg,binnen bebouwde kom,Tussen 2 bestuurders: Frontale botsing,Geen hindernis
9954,11,Aalst 3,Aalst,50.93385,4.01647,1.4954694431051914,50.934937708977074,4.037740729107755,2018,9,8,41002,Aalst,Normaal,Droog,Dag,met lichtgewonden,9,personenauto,3,Fiets,Op Kruispunt,Gemeenteweg,binnen bebouwde kom,Tussen 2 bestuurders: Flank tegen flank,Geen hindernis
9954,10,Aalst 2,Aalst,50.93549,4.01571,1.5450221646123026,50.934937708977074,4.037740729107755,2018,9,8,41002,Aalst,Normaal,Droog,Dag,met lichtgewonden,9,personenauto,3,Fiets,Op Kruispunt,Gemeenteweg,binnen bebouwde kom,Tussen 2 bestuurders: Flank tegen flank,Geen hindernis
9954,19,Aalst 1,Aalst,50.93433,4.01471,1.6153102536810535,50.934937708977074,4.037740729107755,2018,9,8,41002,Aalst,Normaal,Droog,Dag,met lichtgewonden,9,personenauto,3,Fiets,Op Kruispunt,Gemeenteweg,binnen bebouwde kom,Tussen 2 bestuurders: Flank tegen flank,Geen hindernis
9957,10,Aalst 2,Aalst,50.93549,4.01571,1.4965687579491735,50.946967354222465,4.02686588809316,2018,9,9,41002,Aalst,Normaal,Droog,Dag,met zwaargewonden,9,personenauto,3,Fiets,Op Kruispunt,Gewestweg,binnen bebouwde kom,Tss. 2 best.: langs opzij (voor-/achterkant-flank),Geen hindernis
9957,11,Aalst 3,Aalst,50.93385,4.01647,1.6303513098710625,50.946967354222465,4.02686588809316,2018,9,9,41002,Aalst,Normaal,Droog,Dag,met zwaargewonden,9,personenauto,3,Fiets,Op Kruispunt,Gewestweg,binnen bebouwde kom,Tss. 2 best.: langs opzij (voor-/achterkant-flank),Geen hindernis
9957,19,Aalst 1,Aalst,50.93433,4.01471,1.6431818135577547,50.946967354222465,4.02686588809316,2018,9,9,41002,Aalst,Normaal,Droog,Dag,met zwaargewonden,9,personenauto,3,Fiets,Op Kruispunt,Gewestweg,binnen bebouwde kom,Tss. 2 best.: langs opzij (voor-/achterkant-flank),Geen hindernis
9959,10,Aalst 2,Aalst,50.93549,4.01571,1.3707757867569015,50.94035049242437,4.033687994830535,2018,9,9,41002,Aalst,Normaal,Droog,Dag,met lichtgewonden,3,Fiets,3,Fiets,Op Kruispunt,Gemeenteweg,binnen bebouwde kom,Tss. 2 best.: langs opzij (voor-/achterkant-flank),Geen hindernis
9959,11,Aalst 3,Aalst,50.93385,4.01647,1.4064545538183701,50.94035049242437,4.033687994830535,2018,9,9,41002,Aalst,Normaal,Droog,Dag,met lichtgewonden,3,Fiets,3,Fiets,Op Kruispunt,Gemeenteweg,binnen bebouwde kom,Tss. 2 best.: langs opzij (voor-/achterkant-flank),Geen hindernis
9959,19,Aalst 1,Aalst,50.93433,4.01471,1.4888193179277338,50.94035049242437,4.033687994830535,2018,9,9,41002,Aalst,Normaal,Droog,Dag,met lichtgewonden,3,Fiets,3,Fiets,Op Kruispunt,Gemeenteweg,binnen bebouwde kom,Tss. 2 best.: langs opzij (voor-/achterkant-flank),Geen hindernis
9960,10,Aalst 2,Aalst,50.93549,4.01571,1.8821157716794976,50.95069335763392,4.027518126701006,2018,9,15,41002,Aalst,Normaal,Droog,Dag,met lichtgewonden,3,Fiets,3,Fiets,Op Kruispunt,Gemeenteweg,binnen bebouwde kom,Tussen 2 bestuurders: Frontale botsing,Geen hindernis
9960,11,Aalst 3,Aalst,50.93385,4.01647,2.0265579730398007,50.95069335763392,4.027518126701006,2018,9,15,41002,Aalst,Normaal,Droog,Dag,met lichtgewonden,3,Fiets,3,Fiets,Op Kruispunt,Gemeenteweg,binnen bebouwde kom,Tussen 2 bestuurders: Frontale botsing,Geen hindernis
9960,19,Aalst 1,Aalst,50.93433,4.01471,2.0287842769129263,50.95069335763392,4.027518126701006,2018,9,15,41002,Aalst,Normaal,Droog,Dag,met lichtgewonden,3,Fiets,3,Fiets,Op Kruispunt,Gemeenteweg,binnen bebouwde kom,Tussen 2 bestuurders: Frontale botsing,Geen hindernis
9961,19,Aalst 1,Aalst,50.93433,4.01471,1.0916278236242465,50.92512932505512,4.009276946981034,2018,9,9,41002,Aalst,Normaal,Proper,Dag,met lichtgewonden,3,Fiets,11,een weggebruiker tegen een hindernis,Buiten Kruispunt,Gemeenteweg,binnen bebouwde kom,Weggebruiker tegen hindernis op de rijbaan,"Op de rijbaan: Put, straatgoot, tramspoor"
9961,11,Aalst 3,Aalst,50.93385,4.01647,1.0929041480989627,50.92512932505512,4.009276946981034,2018,9,9,41002,Aalst,Normaal,Proper,Dag,met lichtgewonden,3,Fiets,11,een weggebruiker tegen een hindernis,Buiten Kruispunt,Gemeenteweg,binnen bebouwde kom,Weggebruiker tegen hindernis op de rijbaan,"Op de rijbaan: Put, straatgoot, tramspoor"
9961,10,Aalst 2,Aalst,50.93549,4.01571,1.2371293558028453,50.92512932505512,4.009276946981034,2018,9,9,41002,Aalst,Normaal,Proper,Dag,met lichtgewonden,3,Fiets,11,een weggebruiker tegen een hindernis,Buiten Kruispunt,Gemeenteweg,binnen bebouwde kom,Weggebruiker tegen hindernis op de rijbaan,"Op de rijbaan: Put, straatgoot, tramspoor"
9964,19,Aalst 1,Aalst,50.93433,4.01471,2.364093388404102,50.93852556978899,3.981635888741086,2018,9,17,41082,Erpe-Mere,Normaal,Droog,Dag,met lichtgewonden,3,Fiets,9,personenauto,Op Kruispunt,Gewestweg,buiten bebouwde kom,Tss. 2 best.: langs opzij (voor-/achterkant-flank),Geen hindernis
9964,10,Aalst 2,Aalst,50.93549,4.01571,2.411388721269789,50.93852556978899,3.981635888741086,2018,9,17,41082,Erpe-Mere,Normaal,Droog,Dag,met lichtgewonden,3,Fiets,9,personenauto,Op Kruispunt,Gewestweg,buiten bebouwde kom,Tss. 2 best.: langs opzij (voor-/achterkant-flank),Geen hindernis
9964,11,Aalst 3,Aalst,50.93385,4.01647,2.495698684230205,50.93852556978899,3.981635888741086,2018,9,17,41082,Erpe-Mere,Normaal,Droog,Dag,met lichtgewonden,3,Fiets,9,personenauto,Op Kruispunt,Gewestweg,buiten bebouwde kom,Tss. 2 best.: langs opzij (voor-/achterkant-flank),Geen hindernis
9966,122,Dendermonde teller 2,Dendermonde,51.0373918,4.1019222,1.0762851887434843,51.02866226199324,4.0952733007776585,2018,9,7,42006,Dendermonde,Normaal,Droog,Dag,met lichtgewonden,3,Fiets,3,Fiets,Op Kruispunt,Gemeenteweg,binnen bebouwde kom,Tss. 2 best.: langs opzij (voor-/achterkant-flank),Geen hindernis
9966,125,Dendermonde totem,Dendermonde,51.0372706,4.1025998,1.0856860647080218,51.02866226199324,4.0952733007776585,2018,9,7,42006,Dendermonde,Normaal,Droog,Dag,met lichtgewonden,3,Fiets,3,Fiets,Op Kruispunt,Gemeenteweg,binnen bebouwde kom,Tss. 2 best.: langs opzij (voor-/achterkant-flank),Geen hindernis
9967,122,Dendermonde teller 2,Dendermonde,51.0373918,4.1019222,0.7239604195156834,51.033594693641874,4.093511745775593,2018,9,6,42006,Dendermonde,Normaal,Droog,Dag,met lichtgewonden,9,personenauto,3,Fiets,Op Kruispunt,Gewestweg,binnen bebouwde kom,Tussen 2 bestuurders: Flank tegen flank,Geen hindernis
9967,125,Dendermonde totem,Dendermonde,51.0372706,4.1025998,0.755575059666491,51.033594693641874,4.093511745775593,2018,9,6,42006,Dendermonde,Normaal,Droog,Dag,met lichtgewonden,9,personenauto,3,Fiets,Op Kruispunt,Gewestweg,binnen bebouwde kom,Tussen 2 bestuurders: Flank tegen flank,Geen hindernis
9969,125,Dendermonde totem,Dendermonde,51.0372706,4.1025998,0.941347546048936,51.045408171573804,4.106312265719413,2018,9,8,42006,Dendermonde,Normaal,Droog,Dag,met lichtgewonden,3,Fiets,9,personenauto,Op Kruispunt,Gewestweg,binnen bebouwde kom,Tss. 2 best.: langs opzij (voor-/achterkant-flank),Geen hindernis
9969,122,Dendermonde teller 2,Dendermonde,51.0373918,4.1019222,0.9427429888373278,51.045408171573804,4.106312265719413,2018,9,8,42006,Dendermonde,Normaal,Droog,Dag,met lichtgewonden,3,Fiets,9,personenauto,Op Kruispunt,Gewestweg,binnen bebouwde kom,Tss. 2 best.: langs opzij (voor-/achterkant-flank),Geen hindernis
9970,125,Dendermonde totem,Dendermonde,51.0372706,4.1025998,1.711957886293135,51.022145886406854,4.107175142052477,2018,9,17,42006,Dendermonde,Onbekend,Onbekend,Onbekend,met lichtgewonden,3,Fiets,9,personenauto,Op Kruispunt,Gewestweg,onbekend,Tss. 2 best.: langs opzij (voor-/achterkant-flank),Geen hindernis
9970,122,Dendermonde teller 2,Dendermonde,51.0373918,4.1019222,1.7346125722657824,51.022145886406854,4.107175142052477,2018,9,17,42006,Dendermonde,Onbekend,Onbekend,Onbekend,met lichtgewonden,3,Fiets,9,personenauto,Op Kruispunt,Gewestweg,onbekend,Tss. 2 best.: langs opzij (voor-/achterkant-flank),Geen hindernis
9976,54,Brugge teller 2,Brugge,51.23015,3.22818,1.0026553116285897,51.22219220313068,3.2214087849236837,2018,9,16,31005,Brugge,Normaal,Droog,Dag,met lichtgewonden,3,Fiets,9,personenauto,Op Kruispunt,Gewestweg,binnen bebouwde kom,Tss. 2 best.: langs opzij (voor-/achterkant-flank),Geen hindernis
9976,53,Brugge teller 1,Brugge,51.23023,3.228,1.0047268284318616,51.22219220313068,3.2214087849236837,2018,9,16,31005,Brugge,Normaal,Droog,Dag,met lichtgewonden,3,Fiets,9,personenauto,Op Kruispunt,Gewestweg,binnen bebouwde kom,Tss. 2 best.: langs opzij (voor-/achterkant-flank),Geen hindernis
9976,52,Brugge,Brugge,51.22632,3.24095,1.4361420230845214,51.22219220313068,3.2214087849236837,2018,9,16,31005,Brugge,Normaal,Droog,Dag,met lichtgewonden,3,Fiets,9,personenauto,Op Kruispunt,Gewestweg,binnen bebouwde kom,Tss. 2 best.: langs opzij (voor-/achterkant-flank),Geen hindernis
9976,142,TEST Validatie BRUGGE Y2H22022134,Brugge,51.22632,3.24095,1.4361420230845214,51.22219220313068,3.2214087849236837,2018,9,16,31005,Brugge,Normaal,Droog,Dag,met lichtgewonden,3,Fiets,9,personenauto,Op Kruispunt,Gewestweg,binnen bebouwde kom,Tss. 2 best.: langs opzij (voor-/achterkant-flank),Geen hindernis
9977,142,TEST Validatie BRUGGE Y2H22022134,Brugge,51.22632,3.24095,1.5071223440348311,51.21279717333403,3.24241393411815,2018,9,9,31005,Brugge,Normaal,Droog,Dag,met lichtgewonden,9,personenauto,3,Fiets,Op Kruispunt,Gemeenteweg,binnen bebouwde kom,Tss. 2 best.: langs opzij (voor-/achterkant-flank),Geen hindernis
9977,52,Brugge,Brugge,51.22632,3.24095,1.5071223440348311,51.21279717333403,3.24241393411815,2018,9,9,31005,Brugge,Normaal,Droog,Dag,met lichtgewonden,9,personenauto,3,Fiets,Op Kruispunt,Gemeenteweg,binnen bebouwde kom,Tss. 2 best.: langs opzij (voor-/achterkant-flank),Geen hindernis
9977,54,Brugge teller 2,Brugge,51.23015,3.22818,2.1692863790259254,51.21279717333403,3.24241393411815,2018,9,9,31005,Brugge,Normaal,Droog,Dag,met lichtgewonden,9,personenauto,3,Fiets,Op Kruispunt,Gemeenteweg,binnen bebouwde kom,Tss. 2 best.: langs opzij (voor-/achterkant-flank),Geen hindernis
9977,53,Brugge teller 1,Brugge,51.23023,3.228,2.182938344269892,51.21279717333403,3.24241393411815,2018,9,9,31005,Brugge,Normaal,Droog,Dag,met lichtgewonden,9,personenauto,3,Fiets,Op Kruispunt,Gemeenteweg,binnen bebouwde kom,Tss. 2 best.: langs opzij (voor-/achterkant-flank),Geen hindernis
9981,53,Brugge teller 1,Brugge,51.23023,3.228,1.000634101093576,51.227017792348086,3.214576347019663,2018,9,16,31005,Brugge,Normaal,Droog,Dag,met lichtgewonden,3,Fiets,9,personenauto,Buiten Kruispunt,Gemeenteweg,buiten bebouwde kom,Tss. 2 best.: langs opzij (voor-/achterkant-flank),Geen hindernis
9981,54,Brugge teller 2,Brugge,51.23015,3.22818,1.0092485458472504,51.227017792348086,3.214576347019663,2018,9,16,31005,Brugge,Normaal,Droog,Dag,met lichtgewonden,3,Fiets,9,personenauto,Buiten Kruispunt,Gemeenteweg,buiten bebouwde kom,Tss. 2 best.: langs opzij (voor-/achterkant-flank),Geen hindernis
9981,52,Brugge,Brugge,51.22632,3.24095,1.8381629333607703,51.227017792348086,3.214576347019663,2018,9,16,31005,Brugge,Normaal,Droog,Dag,met lichtgewonden,3,Fiets,9,personenauto,Buiten Kruispunt,Gemeenteweg,buiten bebouwde kom,Tss. 2 best.: langs opzij (voor-/achterkant-flank),Geen hindernis
9981,142,TEST Validatie BRUGGE Y2H22022134,Brugge,51.22632,3.24095,1.8381629333607703,51.227017792348086,3.214576347019663,2018,9,16,31005,Brugge,Normaal,Droog,Dag,met lichtgewonden,3,Fiets,9,personenauto,Buiten Kruispunt,Gemeenteweg,buiten bebouwde kom,Tss. 2 best.: langs opzij (voor-/achterkant-flank),Geen hindernis
9982,50,"Brugge, Sint-Andries",Brugge,51.19291,3.16252,1.1688849983300955,51.19681617788368,3.17809323604933,2018,9,10,31005,Brugge,Regenval,"Nat, plassen",Dag,met lichtgewonden,3,Fiets,5,Lichte vrachtauto,Op Kruispunt,Gewestweg,binnen bebouwde kom,Tussen 2 bestuurders: Langs achteren,Geen hindernis
9982,51,"Brugge, Sint-Andries",Brugge,51.19281,3.16252,1.173063416179909,51.19681617788368,3.17809323604933,2018,9,10,31005,Brugge,Regenval,"Nat, plassen",Dag,met lichtgewonden,3,Fiets,5,Lichte vrachtauto,Op Kruispunt,Gewestweg,binnen bebouwde kom,Tussen 2 bestuurders: Langs achteren,Geen hindernis
9985,142,TEST Validatie BRUGGE Y2H22022134,Brugge,51.22632,3.24095,1.9567998097797696,51.20971981637913,3.231624189053539,2018,9,20,31005,Brugge,Normaal,Droog,Dageraad - schemering,met lichtgewonden,3,Fiets,8,Voetganger,Buiten Kruispunt,Gewestweg,binnen bebouwde kom,Met een voetganger,Geen hindernis
9985,52,Brugge,Brugge,51.22632,3.24095,1.9567998097797696,51.20971981637913,3.231624189053539,2018,9,20,31005,Brugge,Normaal,Droog,Dageraad - schemering,met lichtgewonden,3,Fiets,8,Voetganger,Buiten Kruispunt,Gewestweg,binnen bebouwde kom,Met een voetganger,Geen hindernis
9985,54,Brugge teller 2,Brugge,51.23015,3.22818,2.284361544397131,51.20971981637913,3.231624189053539,2018,9,20,31005,Brugge,Normaal,Droog,Dageraad - schemering,met lichtgewonden,3,Fiets,8,Voetganger,Buiten Kruispunt,Gewestweg,binnen bebouwde kom,Met een voetganger,Geen hindernis
9985,53,Brugge teller 1,Brugge,51.23023,3.228,2.2945532787873946,51.20971981637913,3.231624189053539,2018,9,20,31005,Brugge,Normaal,Droog,Dageraad - schemering,met lichtgewonden,3,Fiets,8,Voetganger,Buiten Kruispunt,Gewestweg,binnen bebouwde kom,Met een voetganger,Geen hindernis
9996,59,Ardooie teller 1,Ardooie,50.96784,3.18479,1.735679824591061,50.97548866781009,3.206398487156414,2018,9,8,37020,Ardooie,Normaal,Droog,Dag,met lichtgewonden,9,personenauto,3,Fiets,Op Kruispunt,Gewestweg,buiten bebouwde kom,Tss. 2 best.: langs opzij (voor-/achterkant-flank),Geen hindernis
9996,60,Ardooie teller 2,Ardooie,50.96783,3.18411,1.7778711356651982,50.97548866781009,3.206398487156414,2018,9,8,37020,Ardooie,Normaal,Droog,Dag,met lichtgewonden,9,personenauto,3,Fiets,Op Kruispunt,Gewestweg,buiten bebouwde kom,Tss. 2 best.: langs opzij (voor-/achterkant-flank),Geen hindernis
9997,15,Oostende 2,Oostende,51.21371,2.92743,1.4654129357609247,51.21412463023972,2.9064019885816603,2018,9,16,35013,Oostende,Normaal,Droog,Dag,met lichtgewonden,7,Motorfiets,3,Fiets,Op Kruispunt,Gewestweg,binnen bebouwde kom,Tss. 2 best.: langs opzij (voor-/achterkant-flank),Geen hindernis
9997,18,Oostende 1,Oostende,51.21378,2.92765,1.4805062937695985,51.21412463023972,2.9064019885816603,2018,9,16,35013,Oostende,Normaal,Droog,Dag,met lichtgewonden,7,Motorfiets,3,Fiets,Op Kruispunt,Gewestweg,binnen bebouwde kom,Tss. 2 best.: langs opzij (voor-/achterkant-flank),Geen hindernis
9998,15,Oostende 2,Oostende,51.21371,2.92743,1.5580882634884483,51.214103287258865,2.905069883706793,2018,9,14,35013,Oostende,Normaal,Droog,Dag,met lichtgewonden,9,personenauto,3,Fiets,Op Kruispunt,Gewestweg,binnen bebouwde kom,Tss. 2 best.: langs opzij (voor-/achterkant-flank),Geen hindernis
9998,18,Oostende 1,Oostende,51.21378,2.92765,1.5732078986073963,51.214103287258865,2.905069883706793,2018,9,14,35013,Oostende,Normaal,Droog,Dag,met lichtgewonden,9,personenauto,3,Fiets,Op Kruispunt,Gewestweg,binnen bebouwde kom,Tss. 2 best.: langs opzij (voor-/achterkant-flank),Geen hindernis
9999,15,Oostende 2,Oostende,51.21371,2.92743,1.590706347174413,51.22158824043205,2.908366326687895,2018,9,11,35013,Oostende,"Andere (dikke rook,...)",Droog,Dag,met lichtgewonden,9,personenauto,3,Fiets,Op Kruispunt,Gewestweg,binnen bebouwde kom,Tss. 2 best.: langs opzij (voor-/achterkant-flank),Geen hindernis
9999,18,Oostende 1,Oostende,51.21378,2.92765,1.5992784466439627,51.22158824043205,2.908366326687895,2018,9,11,35013,Oostende,"Andere (dikke rook,...)",Droog,Dag,met lichtgewonden,9,personenauto,3,Fiets,Op Kruispunt,Gewestweg,binnen bebouwde kom,Tss. 2 best.: langs opzij (voor-/achterkant-flank),Geen hindernis
10000,15,Oostende 2,Oostende,51.21371,2.92743,1.9281395491716526,51.20461944543267,2.9038597078945103,2018,9,11,35013,Oostende,Normaal,Droog,Dag,met lichtgewonden,3,Fiets,5,Lichte vrachtauto,Op Kruispunt,Gewestweg,binnen bebouwde kom,Tss. 2 best.: langs opzij (voor-/achterkant-flank),Geen hindernis
10000,18,Oostende 1,Oostende,51.21378,2.92765,1.945270201673426,51.20461944543267,2.9038597078945103,2018,9,11,35013,Oostende,Normaal,Droog,Dag,met lichtgewonden,3,Fiets,5,Lichte vrachtauto,Op Kruispunt,Gewestweg,binnen bebouwde kom,Tss. 2 best.: langs opzij (voor-/achterkant-flank),Geen hindernis
10004,55,Torhout teller 1,Torhout,51.07161,3.08261,1.6454159672151245,51.0647967028805,3.103513624127483,2018,9,15,31033,Torhout,Regenval,"Nat, plassen",Dag,met lichtgewonden,3,Fiets,10,"één bestuurder, geen hindernis",Buiten Kruispunt,Gemeenteweg,binnen bebouwde kom,"Eén bestuurder, geen hindernis (incl. val)",Geen hindernis
10004,56,Torhout teller 2,Torhout,51.07147,3.08244,1.6489076742394329,51.0647967028805,3.103513624127483,2018,9,15,31033,Torhout,Regenval,"Nat, plassen",Dag,met lichtgewonden,3,Fiets,10,"één bestuurder, geen hindernis",Buiten Kruispunt,Gemeenteweg,binnen bebouwde kom,"Eén bestuurder, geen hindernis (incl. val)",Geen hindernis
10005,56,Torhout teller 2,Torhout,51.07147,3.08244,0.8484517205602606,51.07500458936612,3.0716776486912685,2018,9,18,31033,Torhout,Normaal,Proper,Dag,met lichtgewonden,3,Fiets,9,personenauto,Buiten Kruispunt,Gewestweg,buiten bebouwde kom,Tss. 2 best.: langs opzij (voor-/achterkant-flank),Geen hindernis
10005,55,Torhout teller 1,Torhout,51.07161,3.08261,0.851984189470601,51.07500458936612,3.0716776486912685,2018,9,18,31033,Torhout,Normaal,Proper,Dag,met lichtgewonden,3,Fiets,9,personenauto,Buiten Kruispunt,Gewestweg,buiten bebouwde kom,Tss. 2 best.: langs opzij (voor-/achterkant-flank),Geen hindernis
10021,84,Roeselare totem,Izegem,50.91717,3.18772,1.8507940130809601,50.919183918447224,3.2139280088236477,2018,9,11,36008,Izegem,Normaal,Droog,Dag,met lichtgewonden,5,Lichte vrachtauto,3,Fiets,Buiten Kruispunt,Gemeenteweg,binnen bebouwde kom,Tss. 2 best.: langs opzij (voor-/achterkant-flank),Geen hindernis
10023,84,Roeselare totem,Izegem,50.91717,3.18772,1.6577825679664673,50.91011347682804,3.20854991889416,2018,9,18,36008,Izegem,Normaal,Droog,Dag,met lichtgewonden,9,personenauto,3,Fiets,Buiten Kruispunt,Gemeenteweg,binnen bebouwde kom,Tss. 2 best.: langs opzij (voor-/achterkant-flank),Geen hindernis