crash_row_id,site_id,site_name,site_gemeente,site_lat,site_long,distance_km,crash_lat,crash_long,DT_YEAR_COLLISION,DT_MONTH_COLLISION,DT_TIME,CD_NIS,TX_MUNTY_COLLISION_NL,TX_WEATHER_NL,TX_ROAD_CONDITION_NL,TX_LIGHT_CONDITION_NL,TX_CLASS_ACCIDENTS_NL,CD_ROAD_USR_TYPE1,TX_ROAD_USR_TYPE1_NL,CD_ROAD_USR_TYPE2,TX_ROAD_USR_TYPE2_NL,TX_CROSSWAY_NL,CD_ROAD_TYPE_NL,TX_BUILD_UP_AREA_NL,TX_COLLISION_TYPE_NL,TX_OBSTACLES_NL
10024,84,Roeselare totem,Izegem,50.91717,3.18772,1.899328743002148,50.921298864804044,3.2140114730158125,2018,9,15,36008,Izegem,Normaal,Droog,Dag,met lichtgewonden,9,personenauto,3,Fiets,Op Kruispunt,Gemeenteweg,binnen bebouwde kom,Tussen 2 bestuurders: Flank tegen flank,Geen hindernis
10027,84,Roeselare totem,Izegem,50.91717,3.18772,1.902084619212511,50.920116559095554,3.1609916584014255,2018,9,11,36015,Roeselare,Normaal,Droog,Dag,met lichtgewonden,9,personenauto,3,Fiets,Op Kruispunt,Gemeenteweg,binnen bebouwde kom,Tss. 2 best.: langs opzij (voor-/achterkant-flank),Geen hindernis
10029,61,Wervik teller 2,Wervik,50.80555,3.0921,1.3423513840844716,50.79946923535214,3.1086013088342215,2018,9,16,34027,Menen,Normaal,Droog+Proper,Dag,met lichtgewonden,9,personenauto,3,Fiets,Buiten Kruispunt,Gemeenteweg,binnen bebouwde kom,Tussen 2 bestuurders: Langs achteren,Geen hindernis
10029,62,Wervik teller 1,Wervik,50.8058,3.09154,1.390354110174301,50.79946923535214,3.1086013088342215,2018,9,16,34027,Menen,Normaal,Droog+Proper,Dag,met lichtgewonden,9,personenauto,3,Fiets,Buiten Kruispunt,Gemeenteweg,binnen bebouwde kom,Tussen 2 bestuurders: Langs achteren,Geen hindernis
10034,143,Eco Display Classic Budastraat,Kortrijk,50.83066,3.26286,1.51075822296909,50.83846043727831,3.245246176833914,2018,9,12,34022,Kortrijk,Normaal,Droog,Dag,met lichtgewonden,3,Fiets,3,Fiets,Buiten Kruispunt,Gemeenteweg,binnen bebouwde kom,Tussen 2 bestuurders: Flank tegen flank,Geen hindernis
10034,75,Kortrijk teller 2,Kortrijk,50.81925,3.25731,2.2980120461927265,50.83846043727831,3.245246176833914,2018,9,12,34022,Kortrijk,Normaal,Droog,Dag,met lichtgewonden,3,Fiets,3,Fiets,Buiten Kruispunt,Gemeenteweg,binnen bebouwde kom,Tussen 2 bestuurders: Flank tegen flank,Geen hindernis
10034,74,Kortrijk teller 1,Kortrijk,50.81909,3.25728,2.313789053248537,50.83846043727831,3.245246176833914,2018,9,12,34022,Kortrijk,Normaal,Droog,Dag,met lichtgewonden,3,Fiets,3,Fiets,Buiten Kruispunt,Gemeenteweg,binnen bebouwde kom,Tussen 2 bestuurders: Flank tegen flank,Geen hindernis
10034,17,Kortrijk 2,Kortrijk,50.83339,3.27773,2.349799266597088,50.83846043727831,3.245246176833914,2018,9,12,34022,Kortrijk,Normaal,Droog,Dag,met lichtgewonden,3,Fiets,3,Fiets,Buiten Kruispunt,Gemeenteweg,binnen bebouwde kom,Tussen 2 bestuurders: Flank tegen flank,Geen hindernis
10034,16,Kortrijk 1,Kortrijk,50.83332,3.27777,2.354405502674623,50.83846043727831,3.245246176833914,2018,9,12,34022,Kortrijk,Normaal,Droog,Dag,met lichtgewonden,3,Fiets,3,Fiets,Buiten Kruispunt,Gemeenteweg,binnen bebouwde kom,Tussen 2 bestuurders: Flank tegen flank,Geen hindernis
10037,61,Wervik teller 2,Wervik,50.80555,3.0921,1.1091435010218829,50.79585574836837,3.0958165425666677,2018,9,16,34027,Menen,Normaal,Droog,Dag,met lichtgewonden,3,Fiets,9,personenauto,Buiten Kruispunt,Gemeenteweg,binnen bebouwde kom,Tussen 2 bestuurders: Langs achteren,Geen hindernis
10037,62,Wervik teller 1,Wervik,50.8058,3.09154,1.1458665576391736,50.79585574836837,3.0958165425666677,2018,9,16,34027,Menen,Normaal,Droog,Dag,met lichtgewonden,3,Fiets,9,personenauto,Buiten Kruispunt,Gemeenteweg,binnen bebouwde kom,Tussen 2 bestuurders: Langs achteren,Geen hindernis
10038,143,Eco Display Classic Budastraat,Kortrijk,50.83066,3.26286,0.4987048406420223,50.82621349166494,3.2637877872026646,2018,9,12,34022,Kortrijk,Normaal,Droog,Dag,met lichtgewonden,3,Fiets,9,personenauto,Buiten Kruispunt,Gemeenteweg,binnen bebouwde kom,Tss. 2 best.: langs opzij (voor-/achterkant-flank),Geen hindernis
10038,75,Kortrijk teller 2,Kortrijk,50.81925,3.25731,0.8981080372399421,50.82621349166494,3.2637877872026646,2018,9,12,34022,Kortrijk,Normaal,Droog,Dag,met lichtgewonden,3,Fiets,9,personenauto,Buiten Kruispunt,Gemeenteweg,binnen bebouwde kom,Tss. 2 best.: langs opzij (voor-/achterkant-flank),Geen hindernis
10038,74,Kortrijk teller 1,Kortrijk,50.81909,3.25728,0.9145431228038594,50.82621349166494,3.2637877872026646,2018,9,12,34022,Kortrijk,Normaal,Droog,Dag,met lichtgewonden,3,Fiets,9,personenauto,Buiten Kruispunt,Gemeenteweg,binnen bebouwde kom,Tss. 2 best.: langs opzij (voor-/achterkant-flank),Geen hindernis
10038,16,Kortrijk 1,Kortrijk,50.83332,3.27777,1.2604744075811358,50.82621349166494,3.2637877872026646,2018,9,12,34022,Kortrijk,Normaal,Droog,Dag,met lichtgewonden,3,Fiets,9,personenauto,Buiten Kruispunt,Gemeenteweg,binnen bebouwde kom,Tss. 2 best.: langs opzij (voor-/achterkant-flank),Geen hindernis
10038,17,Kortrijk 2,Kortrijk,50.83339,3.27773,1.2631890125460767,50.82621349166494,3.2637877872026646,2018,9,12,34022,Kortrijk,Normaal,Droog,Dag,met lichtgewonden,3,Fiets,9,personenauto,Buiten Kruispunt,Gemeenteweg,binnen bebouwde kom,Tss. 2 best.: langs opzij (voor-/achterkant-flank),Geen hindernis
10039,75,Kortrijk teller 2,Kortrijk,50.81925,3.25731,0.4342312287979598,50.8207158890414,3.2630393446694668,2018,9,14,34022,Kortrijk,Normaal,Droog,Dag,met lichtgewonden,9,personenauto,3,Fiets,Op Kruispunt,Gemeenteweg,binnen bebouwde kom,Tss. 2 best.: langs opzij (voor-/achterkant-flank),Geen hindernis
10039,74,Kortrijk teller 1,Kortrijk,50.81909,3.25728,0.4431417362817073,50.8207158890414,3.2630393446694668,2018,9,14,34022,Kortrijk,Normaal,Droog,Dag,met lichtgewonden,9,personenauto,3,Fiets,Op Kruispunt,Gemeenteweg,binnen bebouwde kom,Tss. 2 best.: langs opzij (voor-/achterkant-flank),Geen hindernis
10039,143,Eco Display Classic Budastraat,Kortrijk,50.83066,3.26286,1.1058064429962409,50.8207158890414,3.2630393446694668,2018,9,14,34022,Kortrijk,Normaal,Droog,Dag,met lichtgewonden,9,personenauto,3,Fiets,Op Kruispunt,Gemeenteweg,binnen bebouwde kom,Tss. 2 best.: langs opzij (voor-/achterkant-flank),Geen hindernis
10039,16,Kortrijk 1,Kortrijk,50.83332,3.27777,1.7420498592931861,50.8207158890414,3.2630393446694668,2018,9,14,34022,Kortrijk,Normaal,Droog,Dag,met lichtgewonden,9,personenauto,3,Fiets,Op Kruispunt,Gemeenteweg,binnen bebouwde kom,Tss. 2 best.: langs opzij (voor-/achterkant-flank),Geen hindernis
10039,17,Kortrijk 2,Kortrijk,50.83339,3.27773,1.7466564166570866,50.8207158890414,3.2630393446694668,2018,9,14,34022,Kortrijk,Normaal,Droog,Dag,met lichtgewonden,9,personenauto,3,Fiets,Op Kruispunt,Gemeenteweg,binnen bebouwde kom,Tss. 2 best.: langs opzij (voor-/achterkant-flank),Geen hindernis
10040,16,Kortrijk 1,Kortrijk,50.83332,3.27777,1.1798296607473022,50.822709715312875,3.2776726001126715,2018,9,20,34022,Kortrijk,Normaal,Droog,"Nacht, openbare verlichting aanwezig en ontstoken",met lichtgewonden,3,Fiets,9,personenauto,Op Kruispunt,Gewestweg,binnen bebouwde kom,Tss. 2 best.: langs opzij (voor-/achterkant-flank),Geen hindernis
10040,17,Kortrijk 2,Kortrijk,50.83339,3.27773,1.187600315315799,50.822709715312875,3.2776726001126715,2018,9,20,34022,Kortrijk,Normaal,Droog,"Nacht, openbare verlichting aanwezig en ontstoken",met lichtgewonden,3,Fiets,9,personenauto,Op Kruispunt,Gewestweg,binnen bebouwde kom,Tss. 2 best.: langs opzij (voor-/achterkant-flank),Geen hindernis
10040,143,Eco Display Classic Budastraat,Kortrijk,50.83066,3.26286,1.3652723335243946,50.822709715312875,3.2776726001126715,2018,9,20,34022,Kortrijk,Normaal,Droog,"Nacht, openbare verlichting aanwezig en ontstoken",met lichtgewonden,3,Fiets,9,personenauto,Op Kruispunt,Gewestweg,binnen bebouwde kom,Tss. 2 best.: langs opzij (voor-/achterkant-flank),Geen hindernis
10040,75,Kortrijk teller 2,Kortrijk,50.81925,3.25731,1.4812384485038743,50.822709715312875,3.2776726001126715,2018,9,20,34022,Kortrijk,Normaal,Droog,"Nacht, openbare verlichting aanwezig en ontstoken",met lichtgewonden,3,Fiets,9,personenauto,Op Kruispunt,Gewestweg,binnen bebouwde kom,Tss. 2 best.: langs opzij (voor-/achterkant-flank),Geen hindernis
10040,74,Kortrijk teller 1,Kortrijk,50.81909,3.25728,1.4879895459361292,50.822709715312875,3.2776726001126715,2018,9,20,34022,Kortrijk,Normaal,Droog,"Nacht, openbare verlichting aanwezig en ontstoken",met lichtgewonden,3,Fiets,9,personenauto,Op Kruispunt,Gewestweg,binnen bebouwde kom,Tss. 2 best.: langs opzij (voor-/achterkant-flank),Geen hindernis
10043,16,Kortrijk 1,Kortrijk,50.83332,3.27777,1.9207089189569226,50.81697116116702,3.2865960369547498,2018,9,12,34022,Kortrijk,Normaal,Droog,Dag,met lichtgewonden,9,personenauto,3,Fiets,Buiten Kruispunt,Gemeenteweg,binnen bebouwde kom,Tss. 2 best.: langs opzij (voor-/achterkant-flank),Geen hindernis
10043,17,Kortrijk 2,Kortrijk,50.83339,3.27773,1.9289826805986796,50.81697116116702,3.2865960369547498,2018,9,12,34022,Kortrijk,Normaal,Droog,Dag,met lichtgewonden,9,personenauto,3,Fiets,Buiten Kruispunt,Gemeenteweg,binnen bebouwde kom,Tss. 2 best.: langs opzij (voor-/achterkant-flank),Geen hindernis
10043,74,Kortrijk teller 1,Kortrijk,50.81909,3.25728,2.0729232721601614,50.81697116116702,3.2865960369547498,2018,9,12,34022,Kortrijk,Normaal,Droog,Dag,met lichtgewonden,9,personenauto,3,Fiets,Buiten Kruispunt,Gemeenteweg,binnen bebouwde kom,Tss. 2 best.: langs opzij (voor-/achterkant-flank),Geen hindernis
10043,75,Kortrijk teller 2,Kortrijk,50.81925,3.25731,2.072925419564914,50.81697116116702,3.2865960369547498,2018,9,12,34022,Kortrijk,Normaal,Droog,Dag,met lichtgewonden,9,personenauto,3,Fiets,Buiten Kruispunt,Gemeenteweg,binnen bebouwde kom,Tss. 2 best.: langs opzij (voor-/achterkant-flank),Geen hindernis
10043,143,Eco Display Classic Budastraat,Kortrijk,50.83066,3.26286,2.257588519258111,50.81697116116702,3.2865960369547498,2018,9,12,34022,Kortrijk,Normaal,Droog,Dag,met lichtgewonden,9,personenauto,3,Fiets,Buiten Kruispunt,Gemeenteweg,binnen bebouwde kom,Tss. 2 best.: langs opzij (voor-/achterkant-flank),Geen hindernis
10044,75,Kortrijk teller 2,Kortrijk,50.81925,3.25731,1.04305183865926,50.82057758933283,3.272008573574407,2018,9,18,34022,Kortrijk,Normaal,Droog,Dag,met lichtgewonden,3,Fiets,9,personenauto,Op Kruispunt,Gemeenteweg,binnen bebouwde kom,Tss. 2 best.: langs opzij (voor-/achterkant-flank),Geen hindernis
10044,74,Kortrijk teller 1,Kortrijk,50.81909,3.25728,1.0478008415647448,50.82057758933283,3.272008573574407,2018,9,18,34022,Kortrijk,Normaal,Droog,Dag,met lichtgewonden,3,Fiets,9,personenauto,Op Kruispunt,Gemeenteweg,binnen bebouwde kom,Tss. 2 best.: langs opzij (voor-/achterkant-flank),Geen hindernis
10044,143,Eco Display Classic Budastraat,Kortrijk,50.83066,3.26286,1.2922161353326012,50.82057758933283,3.272008573574407,2018,9,18,34022,Kortrijk,Normaal,Droog,Dag,met lichtgewonden,3,Fiets,9,personenauto,Op Kruispunt,Gemeenteweg,binnen bebouwde kom,Tss. 2 best.: langs opzij (voor-/achterkant-flank),Geen hindernis
10044,16,Kortrijk 1,Kortrijk,50.83332,3.27777,1.4735465946444242,50.82057758933283,3.272008573574407,2018,9,18,34022,Kortrijk,Normaal,Droog,Dag,met lichtgewonden,3,Fiets,9,personenauto,Op Kruispunt,Gemeenteweg,binnen bebouwde kom,Tss. 2 best.: langs opzij (voor-/achterkant-flank),Geen hindernis
10044,17,Kortrijk 2,Kortrijk,50.83339,3.27773,1.4802672410119484,50.82057758933283,3.272008573574407,2018,9,18,34022,Kortrijk,Normaal,Droog,Dag,met lichtgewonden,3,Fiets,9,personenauto,Op Kruispunt,Gemeenteweg,binnen bebouwde kom,Tss. 2 best.: langs opzij (voor-/achterkant-flank),Geen hindernis
10045,143,Eco Display Classic Budastraat,Kortrijk,50.83066,3.26286,0.5079550462167207,50.82644412417824,3.260075064424214,2018,9,8,34022,Kortrijk,Normaal,Droog,Dag,met lichtgewonden,3,Fiets,9,personenauto,Buiten Kruispunt,Gewestweg,binnen bebouwde kom,Tss. 2 best.: langs opzij (voor-/achterkant-flank),Geen hindernis
10045,75,Kortrijk teller 2,Kortrijk,50.81925,3.25731,0.8231921082052821,50.82644412417824,3.260075064424214,2018,9,8,34022,Kortrijk,Normaal,Droog,Dag,met lichtgewonden,3,Fiets,9,personenauto,Buiten Kruispunt,Gewestweg,binnen bebouwde kom,Tss. 2 best.: langs opzij (voor-/achterkant-flank),Geen hindernis
10045,74,Kortrijk teller 1,Kortrijk,50.81909,3.25728,0.840981022609758,50.82644412417824,3.260075064424214,2018,9,8,34022,Kortrijk,Normaal,Droog,Dag,met lichtgewonden,3,Fiets,9,personenauto,Buiten Kruispunt,Gewestweg,binnen bebouwde kom,Tss. 2 best.: langs opzij (voor-/achterkant-flank),Geen hindernis
10045,16,Kortrijk 1,Kortrijk,50.83332,3.27777,1.4591268555369217,50.82644412417824,3.260075064424214,2018,9,8,34022,Kortrijk,Normaal,Droog,Dag,met lichtgewonden,3,Fiets,9,personenauto,Buiten Kruispunt,Gewestweg,binnen bebouwde kom,Tss. 2 best.: langs opzij (voor-/achterkant-flank),Geen hindernis
10045,17,Kortrijk 2,Kortrijk,50.83339,3.27773,1.4608342652121211,50.82644412417824,3.260075064424214,2018,9,8,34022,Kortrijk,Normaal,Droog,Dag,met lichtgewonden,3,Fiets,9,personenauto,Buiten Kruispunt,Gewestweg,binnen bebouwde kom,Tss. 2 best.: langs opzij (voor-/achterkant-flank),Geen hindernis
10046,143,Eco Display Classic Budastraat,Kortrijk,50.83066,3.26286,0.48909914817342803,50.83459815060108,3.259757992886863,2018,9,18,34022,Kortrijk,Normaal,Droog,Dag,met lichtgewonden,9,personenauto,3,Fiets,Buiten Kruispunt,Gewestweg,binnen bebouwde kom,Tss. 2 best.: langs opzij (voor-/achterkant-flank),Geen hindernis
10046,17,Kortrijk 2,Kortrijk,50.83339,3.27773,1.2692552141140951,50.83459815060108,3.259757992886863,2018,9,18,34022,Kortrijk,Normaal,Droog,Dag,met lichtgewonden,9,personenauto,3,Fiets,Buiten Kruispunt,Gewestweg,binnen bebouwde kom,Tss. 2 best.: langs opzij (voor-/achterkant-flank),Geen hindernis
10046,16,Kortrijk 1,Kortrijk,50.83332,3.27777,1.2728950639407968,50.83459815060108,3.259757992886863,2018,9,18,34022,Kortrijk,Normaal,Droog,Dag,met lichtgewonden,9,personenauto,3,Fiets,Buiten Kruispunt,Gewestweg,binnen bebouwde kom,Tss. 2 best.: langs opzij (voor-/achterkant-flank),Geen hindernis
10046,75,Kortrijk teller 2,Kortrijk,50.81925,3.25731,1.7152761084347166,50.83459815060108,3.259757992886863,2018,9,18,34022,Kortrijk,Normaal,Droog,Dag,met lichtgewonden,9,personenauto,3,Fiets,Buiten Kruispunt,Gewestweg,binnen bebouwde kom,Tss. 2 best.: langs opzij (voor-/achterkant-flank),Geen hindernis
10046,74,Kortrijk teller 1,Kortrijk,50.81909,3.25728,1.733188965880231,50.83459815060108,3.259757992886863,2018,9,18,34022,Kortrijk,Normaal,Droog,Dag,met lichtgewonden,9,personenauto,3,Fiets,Buiten Kruispunt,Gewestweg,binnen bebouwde kom,Tss. 2 best.: langs opzij (voor-/achterkant-flank),Geen hindernis
10047,143,Eco Display Classic Budastraat,Kortrijk,50.83066,3.26286,0.8535512996622072,50.83028426127528,3.250721363825286,2018,9,15,34022,Kortrijk,Normaal,Droog,Dag,met lichtgewonden,3,Fiets,9,personenauto,Buiten Kruispunt,Gewestweg,binnen bebouwde kom,Tss. 2 best.: langs opzij (voor-/achterkant-flank),Geen hindernis
10047,75,Kortrijk teller 2,Kortrijk,50.81925,3.25731,1.311332834615896,50.83028426127528,3.250721363825286,2018,9,15,34022,Kortrijk,Normaal,Droog,Dag,met lichtgewonden,3,Fiets,9,personenauto,Buiten Kruispunt,Gewestweg,binnen bebouwde kom,Tss. 2 best.: langs opzij (voor-/achterkant-flank),Geen hindernis
10047,74,Kortrijk teller 1,Kortrijk,50.81909,3.25728,1.3272614666823717,50.83028426127528,3.250721363825286,2018,9,15,34022,Kortrijk,Normaal,Droog,Dag,met lichtgewonden,3,Fiets,9,personenauto,Buiten Kruispunt,Gewestweg,binnen bebouwde kom,Tss. 2 best.: langs opzij (voor-/achterkant-flank),Geen hindernis
10047,17,Kortrijk 2,Kortrijk,50.83339,3.27773,1.9280123375232554,50.83028426127528,3.250721363825286,2018,9,15,34022,Kortrijk,Normaal,Droog,Dag,met lichtgewonden,3,Fiets,9,personenauto,Buiten Kruispunt,Gewestweg,binnen bebouwde kom,Tss. 2 best.: langs opzij (voor-/achterkant-flank),Geen hindernis
10047,16,Kortrijk 1,Kortrijk,50.83332,3.27777,1.9294005963138716,50.83028426127528,3.250721363825286,2018,9,15,34022,Kortrijk,Normaal,Droog,Dag,met lichtgewonden,3,Fiets,9,personenauto,Buiten Kruispunt,Gewestweg,binnen bebouwde kom,Tss. 2 best.: langs opzij (voor-/achterkant-flank),Geen hindernis
10048,17,Kortrijk 2,Kortrijk,50.83339,3.27773,2.3688154185862267,50.8538466175255,3.2871467371840835,2018,9,16,34023,Kuurne,Normaal,Droog,Dag,met lichtgewonden,3,Fiets,9,personenauto,Buiten Kruispunt,Gemeenteweg,binnen bebouwde kom,Tss. 2 best.: langs opzij (voor-/achterkant-flank),Geen hindernis
10048,16,Kortrijk 1,Kortrijk,50.83332,3.27777,2.3755109446218983,50.8538466175255,3.2871467371840835,2018,9,16,34023,Kuurne,Normaal,Droog,Dag,met lichtgewonden,3,Fiets,9,personenauto,Buiten Kruispunt,Gemeenteweg,binnen bebouwde kom,Tss. 2 best.: langs opzij (voor-/achterkant-flank),Geen hindernis
10049,143,Eco Display Classic Budastraat,Kortrijk,50.83066,3.26286,0.982297355484821,50.8243372508977,3.2726271489098706,2018,9,20,34022,Kortrijk,Normaal,Droog,"Nacht, openbare verlichting aanwezig en ontstoken",met lichtgewonden,3,Fiets,9,personenauto,Op Kruispunt,Gewestweg,binnen bebouwde kom,Tss. 2 best.: langs opzij (voor-/achterkant-flank),Geen hindernis
10049,16,Kortrijk 1,Kortrijk,50.83332,3.27777,1.0621418236819677,50.8243372508977,3.2726271489098706,2018,9,20,34022,Kortrijk,Normaal,Droog,"Nacht, openbare verlichting aanwezig en ontstoken",met lichtgewonden,3,Fiets,9,personenauto,Op Kruispunt,Gewestweg,binnen bebouwde kom,Tss. 2 best.: langs opzij (voor-/achterkant-flank),Geen hindernis
10049,17,Kortrijk 2,Kortrijk,50.83339,3.27773,1.0685191383155392,50.8243372508977,3.2726271489098706,2018,9,20,34022,Kortrijk,Normaal,Droog,"Nacht, openbare verlichting aanwezig en ontstoken",met lichtgewonden,3,Fiets,9,personenauto,Op Kruispunt,Gewestweg,binnen bebouwde kom,Tss. 2 best.: langs opzij (voor-/achterkant-flank),Geen hindernis
10049,75,Kortrijk teller 2,Kortrijk,50.81925,3.25731,1.215601541387438,50.8243372508977,3.2726271489098706,2018,9,20,34022,Kortrijk,Normaal,Droog,"Nacht, openbare verlichting aanwezig en ontstoken",met lichtgewonden,3,Fiets,9,personenauto,Op Kruispunt,Gewestweg,binnen bebouwde kom,Tss. 2 best.: langs opzij (voor-/achterkant-flank),Geen hindernis
10049,74,Kortrijk teller 1,Kortrijk,50.81909,3.25728,1.225836480580608,50.8243372508977,3.2726271489098706,2018,9,20,34022,Kortrijk,Normaal,Droog,"Nacht, openbare verlichting aanwezig en ontstoken",met lichtgewonden,3,Fiets,9,personenauto,Op Kruispunt,Gewestweg,binnen bebouwde kom,Tss. 2 best.: langs opzij (voor-/achterkant-flank),Geen hindernis
10050,75,Kortrijk teller 2,Kortrijk,50.81925,3.25731,1.1351353239851951,50.82172207224976,3.272988109466895,2018,9,18,34022,Kortrijk,Normaal,Droog,Dag,met lichtgewonden,9,personenauto,3,Fiets,Op Kruispunt,Gemeenteweg,binnen bebouwde kom,Tussen 2 bestuurders: Frontale botsing,Geen hindernis
10050,74,Kortrijk teller 1,Kortrijk,50.81909,3.25728,1.141613038261736,50.82172207224976,3.272988109466895,2018,9,18,34022,Kortrijk,Normaal,Droog,Dag,met lichtgewonden,9,personenauto,3,Fiets,Op Kruispunt,Gemeenteweg,binnen bebouwde kom,Tussen 2 bestuurders: Frontale botsing,Geen hindernis
10050,143,Eco Display Classic Budastraat,Kortrijk,50.83066,3.26286,1.2222177806332037,50.82172207224976,3.272988109466895,2018,9,18,34022,Kortrijk,Normaal,Droog,Dag,met lichtgewonden,9,personenauto,3,Fiets,Op Kruispunt,Gemeenteweg,binnen bebouwde kom,Tussen 2 bestuurders: Frontale botsing,Geen hindernis
10050,16,Kortrijk 1,Kortrijk,50.83332,3.27777,1.3326489822013659,50.82172207224976,3.272988109466895,2018,9,18,34022,Kortrijk,Normaal,Droog,Dag,met lichtgewonden,9,personenauto,3,Fiets,Op Kruispunt,Gemeenteweg,binnen bebouwde kom,Tussen 2 bestuurders: Frontale botsing,Geen hindernis
10050,17,Kortrijk 2,Kortrijk,50.83339,3.27773,1.3394814139806137,50.82172207224976,3.272988109466895,2018,9,18,34022,Kortrijk,Normaal,Droog,Dag,met lichtgewonden,9,personenauto,3,Fiets,Op Kruispunt,Gemeenteweg,binnen bebouwde kom,Tussen 2 bestuurders: Frontale botsing,Geen hindernis
10051,16,Kortrijk 1,Kortrijk,50.83332,3.27777,1.4837174599785576,50.820627463794416,3.284286920379965,2018,9,16,34022,Kortrijk,Normaal,Droog,Dag,met lichtgewonden,9,personenauto,3,Fiets,Op Kruispunt,Gemeenteweg,binnen bebouwde kom,Tss. 2 best.: langs opzij (voor-/achterkant-flank),Geen hindernis
10051,17,Kortrijk 2,Kortrijk,50.83339,3.27773,1.491988107388558,50.820627463794416,3.284286920379965,2018,9,16,34022,Kortrijk,Normaal,Droog,Dag,met lichtgewonden,9,personenauto,3,Fiets,Op Kruispunt,Gemeenteweg,binnen bebouwde kom,Tss. 2 best.: langs opzij (voor-/achterkant-flank),Geen hindernis
10051,143,Eco Display Classic Budastraat,Kortrijk,50.83066,3.26286,1.873389451081354,50.820627463794416,3.284286920379965,2018,9,16,34022,Kortrijk,Normaal,Droog,Dag,met lichtgewonden,9,personenauto,3,Fiets,Op Kruispunt,Gemeenteweg,binnen bebouwde kom,Tss. 2 best.: langs opzij (voor-/achterkant-flank),Geen hindernis
10051,75,Kortrijk teller 2,Kortrijk,50.81925,3.25731,1.9012667714978673,50.820627463794416,3.284286920379965,2018,9,16,34022,Kortrijk,Normaal,Droog,Dag,met lichtgewonden,9,personenauto,3,Fiets,Op Kruispunt,Gemeenteweg,binnen bebouwde kom,Tss. 2 best.: langs opzij (voor-/achterkant-flank),Geen hindernis
10051,74,Kortrijk teller 1,Kortrijk,50.81909,3.25728,1.9048848519511319,50.820627463794416,3.284286920379965,2018,9,16,34022,Kortrijk,Normaal,Droog,Dag,met lichtgewonden,9,personenauto,3,Fiets,Op Kruispunt,Gemeenteweg,binnen bebouwde kom,Tss. 2 best.: langs opzij (voor-/achterkant-flank),Geen hindernis
10052,16,Kortrijk 1,Kortrijk,50.83332,3.27777,0.5859066533851489,50.82819636077919,3.2758227774420448,2018,9,15,34022,Kortrijk,Normaal,Droog,Dag,met lichtgewonden,9,personenauto,3,Fiets,Buiten Kruispunt,Gemeenteweg,binnen bebouwde kom,Tss. 2 best.: langs opzij (voor-/achterkant-flank),Geen hindernis
10052,17,Kortrijk 2,Kortrijk,50.83339,3.27773,0.5928370025900344,50.82819636077919,3.2758227774420448,2018,9,15,34022,Kortrijk,Normaal,Droog,Dag,met lichtgewonden,9,personenauto,3,Fiets,Buiten Kruispunt,Gemeenteweg,binnen bebouwde kom,Tss. 2 best.: langs opzij (voor-/achterkant-flank),Geen hindernis
10052,143,Eco Display Classic Budastraat,Kortrijk,50.83066,3.26286,0.9507514801747022,50.82819636077919,3.2758227774420448,2018,9,15,34022,Kortrijk,Normaal,Droog,Dag,met lichtgewonden,9,personenauto,3,Fiets,Buiten Kruispunt,Gemeenteweg,binnen bebouwde kom,Tss. 2 best.: langs opzij (voor-/achterkant-flank),Geen hindernis
10052,75,Kortrijk teller 2,Kortrijk,50.81925,3.25731,1.6372592356814404,50.82819636077919,3.2758227774420448,2018,9,15,34022,Kortrijk,Normaal,Droog,Dag,met lichtgewonden,9,personenauto,3,Fiets,Buiten Kruispunt,Gemeenteweg,binnen bebouwde kom,Tss. 2 best.: langs opzij (voor-/achterkant-flank),Geen hindernis
10052,74,Kortrijk teller 1,Kortrijk,50.81909,3.25728,1.6497945777416074,50.82819636077919,3.2758227774420448,2018,9,15,34022,Kortrijk,Normaal,Droog,Dag,met lichtgewonden,9,personenauto,3,Fiets,Buiten Kruispunt,Gemeenteweg,binnen bebouwde kom,Tss. 2 best.: langs opzij (voor-/achterkant-flank),Geen hindernis
10053,143,Eco Display Classic Budastraat,Kortrijk,50.83066,3.26286,0.5686771618578794,50.829510072853445,3.2549703476785266,2018,9,14,34022,Kortrijk,Normaal,Droog,Dag,met lichtgewonden,3,Fiets,3,Fiets,Op Kruispunt,Gemeenteweg,binnen bebouwde kom,Tussen 2 bestuurders: Frontale botsing,Geen hindernis
10053,75,Kortrijk teller 2,Kortrijk,50.81925,3.25731,1.1526439085487195,50.829510072853445,3.2549703476785266,2018,9,14,34022,Kortrijk,Normaal,Droog,Dag,met lichtgewonden,3,Fiets,3,Fiets,Op Kruispunt,Gemeenteweg,binnen bebouwde kom,Tussen 2 bestuurders: Frontale botsing,Geen hindernis
10053,74,Kortrijk teller 1,Kortrijk,50.81909,3.25728,1.1699620574065914,50.829510072853445,3.2549703476785266,2018,9,14,34022,Kortrijk,Normaal,Droog,Dag,met lichtgewonden,3,Fiets,3,Fiets,Op Kruispunt,Gemeenteweg,binnen bebouwde kom,Tussen 2 bestuurders: Frontale botsing,Geen hindernis
10053,17,Kortrijk 2,Kortrijk,50.83339,3.27773,1.6556355667935252,50.829510072853445,3.2549703476785266,2018,9,14,34022,Kortrijk,Normaal,Droog,Dag,met lichtgewonden,3,Fiets,3,Fiets,Op Kruispunt,Gemeenteweg,binnen bebouwde kom,Tussen 2 bestuurders: Frontale botsing,Geen hindernis
10053,16,Kortrijk 1,Kortrijk,50.83332,3.27777,1.6563411741442249,50.829510072853445,3.2549703476785266,2018,9,14,34022,Kortrijk,Normaal,Droog,Dag,met lichtgewonden,3,Fiets,3,Fiets,Op Kruispunt,Gemeenteweg,binnen bebouwde kom,Tussen 2 bestuurders: Frontale botsing,Geen hindernis