crash_row_id,site_id,site_name,site_gemeente,site_lat,site_long,distance_km,crash_lat,crash_long,DT_YEAR_COLLISION,DT_MONTH_COLLISION,DT_TIME,CD_NIS,TX_MUNTY_COLLISION_NL,TX_WEATHER_NL,TX_ROAD_CONDITION_NL,TX_LIGHT_CONDITION_NL,TX_CLASS_ACCIDENTS_NL,CD_ROAD_USR_TYPE1,TX_ROAD_USR_TYPE1_NL,CD_ROAD_USR_TYPE2,TX_ROAD_USR_TYPE2_NL,TX_CROSSWAY_NL,CD_ROAD_TYPE_NL,TX_BUILD_UP_AREA_NL,TX_COLLISION_TYPE_NL,TX_OBSTACLES_NL
10059,16,Kortrijk 1,Kortrijk,50.83332,3.27777,2.0773308801957944,50.8386288029972,3.3061318437706104,2018,9,11,34013,Harelbeke,Normaal,Droog,Dag,met lichtgewonden,3,Fiets,10,"één bestuurder, geen hindernis",Buiten Kruispunt,Gemeenteweg,binnen bebouwde kom,"Eén bestuurder, geen hindernis (incl. val)",Geen hindernis
10059,17,Kortrijk 2,Kortrijk,50.83339,3.27773,2.0778271715279417,50.8386288029972,3.3061318437706104,2018,9,11,34013,Harelbeke,Normaal,Droog,Dag,met lichtgewonden,3,Fiets,10,"één bestuurder, geen hindernis",Buiten Kruispunt,Gemeenteweg,binnen bebouwde kom,"Eén bestuurder, geen hindernis (incl. val)",Geen hindernis
10064,64,Nieuwpoort teller 1,Nieuwpoort,51.13359,2.75737,0.08289435528707362,51.13302574614602,2.7565935915151116,2018,7,11,38016,Nieuwpoort,Normaal,Droog,Dag,met lichtgewonden,9,personenauto,3,Fiets,Buiten Kruispunt,Gemeenteweg,binnen bebouwde kom,Tss. 2 best.: langs opzij (voor-/achterkant-flank),Geen hindernis
10064,65,Nieuwpoort teller 2,Nieuwpoort,51.13435,2.75511,0.17999631651624326,51.13302574614602,2.7565935915151116,2018,7,11,38016,Nieuwpoort,Normaal,Droog,Dag,met lichtgewonden,9,personenauto,3,Fiets,Buiten Kruispunt,Gemeenteweg,binnen bebouwde kom,Tss. 2 best.: langs opzij (voor-/achterkant-flank),Geen hindernis
10064,66,Nieuwpoort totem,Nieuwpoort,51.1347,2.74369,0.919395934156137,51.13302574614602,2.7565935915151116,2018,7,11,38016,Nieuwpoort,Normaal,Droog,Dag,met lichtgewonden,9,personenauto,3,Fiets,Buiten Kruispunt,Gemeenteweg,binnen bebouwde kom,Tss. 2 best.: langs opzij (voor-/achterkant-flank),Geen hindernis
10064,63,Nieuwpoort teller 3,Nieuwpoort,51.13529,2.74289,0.9887565782508351,51.13302574614602,2.7565935915151116,2018,7,11,38016,Nieuwpoort,Normaal,Droog,Dag,met lichtgewonden,9,personenauto,3,Fiets,Buiten Kruispunt,Gemeenteweg,binnen bebouwde kom,Tss. 2 best.: langs opzij (voor-/achterkant-flank),Geen hindernis
10069,67,Ieper totem,Ieper,50.85018,2.85624,1.3699442379769897,50.83962676416911,2.8663084037145694,2018,9,18,33011,Ieper,Normaal,Droog,Dag,met lichtgewonden,3,Fiets,10,"één bestuurder, geen hindernis",Buiten Kruispunt,Gewestweg,binnen bebouwde kom,"Eén bestuurder, geen hindernis (incl. val)",Geen hindernis
10069,68,Ieper,Ieper,50.85032,2.85608,1.3890759924318974,50.83962676416911,2.8663084037145694,2018,9,18,33011,Ieper,Normaal,Droog,Dag,met lichtgewonden,3,Fiets,10,"één bestuurder, geen hindernis",Buiten Kruispunt,Gewestweg,binnen bebouwde kom,"Eén bestuurder, geen hindernis (incl. val)",Geen hindernis
10072,36,Lanaken teller 2,Lanaken,50.88131,5.63012,1.6994511721908605,50.887779410019675,5.608171834143164,2018,9,12,73042,Lanaken,Normaal,Droog,Dag,met lichtgewonden,3,Fiets,9,personenauto,Buiten Kruispunt,Gemeenteweg,binnen bebouwde kom,Tussen 2 bestuurders: Langs achteren,Geen hindernis
10072,35,Lanaken teller 1,Lanaken,50.88112,5.6314,1.78984890796656,50.887779410019675,5.608171834143164,2018,9,12,73042,Lanaken,Normaal,Droog,Dag,met lichtgewonden,3,Fiets,9,personenauto,Buiten Kruispunt,Gemeenteweg,binnen bebouwde kom,Tussen 2 bestuurders: Langs achteren,Geen hindernis
10074,41,Maasmechelen teller 1,Maasmechelen,50.97025,5.69799,0.7376611826288758,50.96369474756858,5.696372295686098,2018,9,13,73107,Maasmechelen,Normaal,Droog,Dag,met lichtgewonden,3,Fiets,3,Fiets,Buiten Kruispunt,Gewestweg,binnen bebouwde kom,Tss. 2 best.: langs opzij (voor-/achterkant-flank),Geen hindernis
10074,42,Maasmechelen teller 2,Maasmechelen,50.97043,5.6981,0.7586353288009985,50.96369474756858,5.696372295686098,2018,9,13,73107,Maasmechelen,Normaal,Droog,Dag,met lichtgewonden,3,Fiets,3,Fiets,Buiten Kruispunt,Gewestweg,binnen bebouwde kom,Tss. 2 best.: langs opzij (voor-/achterkant-flank),Geen hindernis
10075,41,Maasmechelen teller 1,Maasmechelen,50.97025,5.69799,1.4095271263724583,50.957752666262,5.694620963299907,2018,9,14,73107,Maasmechelen,Normaal,Droog,Dag,met lichtgewonden,3,Fiets,9,personenauto,Op Kruispunt,Gewestweg,buiten bebouwde kom,Tss. 2 best.: langs opzij (voor-/achterkant-flank),Geen hindernis
10075,42,Maasmechelen teller 2,Maasmechelen,50.97043,5.6981,1.4305555089539503,50.957752666262,5.694620963299907,2018,9,14,73107,Maasmechelen,Normaal,Droog,Dag,met lichtgewonden,3,Fiets,9,personenauto,Op Kruispunt,Gewestweg,buiten bebouwde kom,Tss. 2 best.: langs opzij (voor-/achterkant-flank),Geen hindernis
10076,42,Maasmechelen teller 2,Maasmechelen,50.97043,5.6981,0.9360258491604414,50.97739002189034,5.690580469741044,2018,9,16,73107,Maasmechelen,Normaal,Droog,Dag,met lichtgewonden,9,personenauto,3,Fiets,Buiten Kruispunt,Gemeenteweg,binnen bebouwde kom,Tss. 2 best.: langs opzij (voor-/achterkant-flank),Geen hindernis
10076,41,Maasmechelen teller 1,Maasmechelen,50.97025,5.69799,0.9484068635241304,50.97739002189034,5.690580469741044,2018,9,16,73107,Maasmechelen,Normaal,Droog,Dag,met lichtgewonden,9,personenauto,3,Fiets,Buiten Kruispunt,Gemeenteweg,binnen bebouwde kom,Tss. 2 best.: langs opzij (voor-/achterkant-flank),Geen hindernis
10078,42,Maasmechelen teller 2,Maasmechelen,50.97043,5.6981,1.450004686026199,50.983009110224714,5.692641297285753,2018,9,22,73107,Maasmechelen,Normaal,Droog,"Nacht, openb. verlicht. aanw., maar niet ontstoken",met lichtgewonden,9,personenauto,3,Fiets,Op Kruispunt,Gemeenteweg,binnen bebouwde kom,Tss. 2 best.: langs opzij (voor-/achterkant-flank),Geen hindernis
10078,41,Maasmechelen teller 1,Maasmechelen,50.97025,5.69799,1.467337393209555,50.983009110224714,5.692641297285753,2018,9,22,73107,Maasmechelen,Normaal,Droog,"Nacht, openb. verlicht. aanw., maar niet ontstoken",met lichtgewonden,9,personenauto,3,Fiets,Op Kruispunt,Gemeenteweg,binnen bebouwde kom,Tss. 2 best.: langs opzij (voor-/achterkant-flank),Geen hindernis
10083,124,Beveren teller 2,Beveren,51.1964712,4.2361077,2.2418514667428333,51.212625339075124,4.25536179913809,2018,9,8,46003,Beveren,Regenval,"Nat, plassen",Dageraad - schemering,met lichtgewonden,9,personenauto,3,Fiets,Buiten Kruispunt,Gemeenteweg,binnen bebouwde kom,Tss. 2 best.: langs opzij (voor-/achterkant-flank),Geen hindernis
10087,106,St. pieters leeuw teller 1,Sint-Pieters-Leeuw,50.75533,4.24951,2.072493835413012,50.7698058685515,4.268070966846912,2018,9,13,23003,Beersel,Normaal,Droog,Dag,met zwaargewonden,3,Fiets,2,Andere weggebruiker,Buiten Kruispunt,Gemeenteweg,binnen bebouwde kom,Tss. 2 best.: langs opzij (voor-/achterkant-flank),Geen hindernis
10087,105,St. pieters leeuw teller 2,Halle,50.75509,4.24943,2.0968040087737894,50.7698058685515,4.268070966846912,2018,9,13,23003,Beersel,Normaal,Droog,Dag,met zwaargewonden,3,Fiets,2,Andere weggebruiker,Buiten Kruispunt,Gemeenteweg,binnen bebouwde kom,Tss. 2 best.: langs opzij (voor-/achterkant-flank),Geen hindernis
10089,99,Mechelen teller 1,Mechelen,51.04564,4.46882,2.408783828603157,51.02443456188515,4.475860647883837,2018,9,21,12025,Mechelen,Normaal,Droog,Dageraad - schemering,met lichtgewonden,3,Fiets,9,personenauto,Buiten Kruispunt,Gemeenteweg,binnen bebouwde kom,Tss. 2 best.: langs opzij (voor-/achterkant-flank),Geen hindernis
10089,100,Mechelen teller 2,Mechelen,51.0457,4.46883,2.415172582768482,51.02443456188515,4.475860647883837,2018,9,21,12025,Mechelen,Normaal,Droog,Dageraad - schemering,met lichtgewonden,3,Fiets,9,personenauto,Buiten Kruispunt,Gemeenteweg,binnen bebouwde kom,Tss. 2 best.: langs opzij (voor-/achterkant-flank),Geen hindernis
10090,100,Mechelen teller 2,Mechelen,51.0457,4.46883,0.4757951904949246,51.049725243708544,4.466521281574903,2018,9,7,12025,Mechelen,Normaal,Droog,Dag,met lichtgewonden,9,personenauto,3,Fiets,Op Kruispunt,Gewestweg,buiten bebouwde kom,Tss. 2 best.: langs opzij (voor-/achterkant-flank),Geen hindernis
10090,99,Mechelen teller 1,Mechelen,51.04564,4.46882,0.4818431059813998,51.049725243708544,4.466521281574903,2018,9,7,12025,Mechelen,Normaal,Droog,Dag,met lichtgewonden,9,personenauto,3,Fiets,Op Kruispunt,Gewestweg,buiten bebouwde kom,Tss. 2 best.: langs opzij (voor-/achterkant-flank),Geen hindernis
10091,100,Mechelen teller 2,Mechelen,51.0457,4.46883,0.16998078318951032,51.04713217421603,4.467979774631354,2018,9,6,12025,Mechelen,Normaal,Droog,"Nacht, openbare verlichting aanwezig en ontstoken",met lichtgewonden,3,Fiets,3,Fiets,Buiten Kruispunt,Gewestweg,binnen bebouwde kom,Tussen 2 bestuurders: Frontale botsing,Geen hindernis
10091,99,Mechelen teller 1,Mechelen,51.04564,4.46882,0.17601224910258248,51.04713217421603,4.467979774631354,2018,9,6,12025,Mechelen,Normaal,Droog,"Nacht, openbare verlichting aanwezig en ontstoken",met lichtgewonden,3,Fiets,3,Fiets,Buiten Kruispunt,Gewestweg,binnen bebouwde kom,Tussen 2 bestuurders: Frontale botsing,Geen hindernis
10093,99,Mechelen teller 1,Mechelen,51.04564,4.46882,1.3545026078954745,51.03420564142103,4.475499682798276,2018,9,11,12025,Mechelen,Normaal,Droog,Dag,met lichtgewonden,3,Fiets,9,personenauto,Op Kruispunt,Gewestweg,binnen bebouwde kom,Tss. 2 best.: langs opzij (voor-/achterkant-flank),Geen hindernis
10093,100,Mechelen teller 2,Mechelen,51.0457,4.46883,1.3605272260345644,51.03420564142103,4.475499682798276,2018,9,11,12025,Mechelen,Normaal,Droog,Dag,met lichtgewonden,3,Fiets,9,personenauto,Op Kruispunt,Gewestweg,binnen bebouwde kom,Tss. 2 best.: langs opzij (voor-/achterkant-flank),Geen hindernis
10095,99,Mechelen teller 1,Mechelen,51.04564,4.46882,1.7307499568315385,51.033109551008415,4.483504626027425,2018,9,8,12025,Mechelen,Normaal,Droog,Dag,met lichtgewonden,8,Voetganger,3,Fiets,Op Kruispunt,Gewestweg,buiten bebouwde kom,Met een voetganger,Geen hindernis
10095,100,Mechelen teller 2,Mechelen,51.0457,4.46883,1.7357116633862286,51.033109551008415,4.483504626027425,2018,9,8,12025,Mechelen,Normaal,Droog,Dag,met lichtgewonden,8,Voetganger,3,Fiets,Op Kruispunt,Gewestweg,buiten bebouwde kom,Met een voetganger,Geen hindernis
10096,99,Mechelen teller 1,Mechelen,51.04564,4.46882,1.5999202185250105,51.0344425421329,4.483190268526587,2018,9,9,12025,Mechelen,Normaal,Droog,Dag,met lichtgewonden,9,personenauto,3,Fiets,Op Kruispunt,Gewestweg,binnen bebouwde kom,Tussen 2 bestuurders: Frontale botsing,Geen hindernis
10096,100,Mechelen teller 2,Mechelen,51.0457,4.46883,1.6046798191007454,51.0344425421329,4.483190268526587,2018,9,9,12025,Mechelen,Normaal,Droog,Dag,met lichtgewonden,9,personenauto,3,Fiets,Op Kruispunt,Gewestweg,binnen bebouwde kom,Tussen 2 bestuurders: Frontale botsing,Geen hindernis
10097,109,Zemst,Zemst,50.9903936,4.4707023,2.3752300212820048,51.00984173486435,4.484741586680054,2018,9,11,12025,Mechelen,Normaal,Droog,Dag,met lichtgewonden,9,personenauto,3,Fiets,Op Kruispunt,Gemeenteweg,binnen bebouwde kom,Tss. 2 best.: langs opzij (voor-/achterkant-flank),Geen hindernis
10100,99,Mechelen teller 1,Mechelen,51.04564,4.46882,0.1302453679439912,51.04455487467302,4.469521480605486,2018,9,6,12025,Mechelen,Normaal,Droog,Dageraad - schemering,met lichtgewonden,6,Bromfiets,3,Fiets,Buiten Kruispunt,Gewestweg,binnen bebouwde kom,Tussen 2 bestuurders: Frontale botsing,Geen hindernis
10100,100,Mechelen teller 2,Mechelen,51.0457,4.46883,0.13619950648745027,51.04455487467302,4.469521480605486,2018,9,6,12025,Mechelen,Normaal,Droog,Dageraad - schemering,met lichtgewonden,6,Bromfiets,3,Fiets,Buiten Kruispunt,Gewestweg,binnen bebouwde kom,Tussen 2 bestuurders: Frontale botsing,Geen hindernis
10101,99,Mechelen teller 1,Mechelen,51.04564,4.46882,2.312846399122262,51.029118598430436,4.488915737586315,2018,9,12,12025,Mechelen,Normaal,Droog,Dag,met lichtgewonden,9,personenauto,3,Fiets,Op Kruispunt,Gewestweg,binnen bebouwde kom,Tussen 2 bestuurders: Langs achteren,Geen hindernis
10101,100,Mechelen teller 2,Mechelen,51.0457,4.46883,2.3177249776665727,51.029118598430436,4.488915737586315,2018,9,12,12025,Mechelen,Normaal,Droog,Dag,met lichtgewonden,9,personenauto,3,Fiets,Op Kruispunt,Gewestweg,binnen bebouwde kom,Tussen 2 bestuurders: Langs achteren,Geen hindernis
10105,30,Herk De Stad,Herk-de-Stad,50.94374,5.17691,0.999109849185772,50.94077927935844,5.163446485626581,2018,9,8,71024,Herk-de-Stad,Normaal,Droog,Dag,met lichtgewonden,9,personenauto,3,Fiets,Op Kruispunt,Gewestweg,binnen bebouwde kom,Tussen 2 bestuurders: Frontale botsing,Geen hindernis
10105,31,Herk De Stad,Herk-de-Stad,50.94366,5.1775,1.035442917810491,50.94077927935844,5.163446485626581,2018,9,8,71024,Herk-de-Stad,Normaal,Droog,Dag,met lichtgewonden,9,personenauto,3,Fiets,Op Kruispunt,Gewestweg,binnen bebouwde kom,Tussen 2 bestuurders: Frontale botsing,Geen hindernis
10107,137,Hasselt-Kempische brug,Hasselt,50.9411605,5.3417576,0.512942418168293,50.94459268774894,5.346649223049759,2018,9,11,71022,Hasselt,Normaal,Droog,Dag,met lichtgewonden,3,Fiets,9,personenauto,Op Kruispunt,Gemeenteweg,binnen bebouwde kom,Tss. 2 best.: langs opzij (voor-/achterkant-flank),Geen hindernis
10107,138,Hasselt-Kempische brug,Hasselt,50.9405318,5.3422472,0.5468290398732277,50.94459268774894,5.346649223049759,2018,9,11,71022,Hasselt,Normaal,Droog,Dag,met lichtgewonden,3,Fiets,9,personenauto,Op Kruispunt,Gemeenteweg,binnen bebouwde kom,Tss. 2 best.: langs opzij (voor-/achterkant-flank),Geen hindernis
10107,140,Hasselt ring,Hasselt,50.9300038,5.3438616,1.6339282430143147,50.94459268774894,5.346649223049759,2018,9,11,71022,Hasselt,Normaal,Droog,Dag,met lichtgewonden,3,Fiets,9,personenauto,Op Kruispunt,Gemeenteweg,binnen bebouwde kom,Tss. 2 best.: langs opzij (voor-/achterkant-flank),Geen hindernis
10108,137,Hasselt-Kempische brug,Hasselt,50.9411605,5.3417576,1.019540267274811,50.938843683281746,5.327678986541114,2018,9,15,71022,Hasselt,Normaal,Droog+Proper,Dag,met zwaargewonden,3,Fiets,3,Fiets,Op Kruispunt,Gemeenteweg,buiten bebouwde kom,Tss. 2 best.: langs opzij (voor-/achterkant-flank),Geen hindernis
10108,138,Hasselt-Kempische brug,Hasselt,50.9405318,5.3422472,1.0378835094140917,50.938843683281746,5.327678986541114,2018,9,15,71022,Hasselt,Normaal,Droog+Proper,Dag,met zwaargewonden,3,Fiets,3,Fiets,Op Kruispunt,Gemeenteweg,buiten bebouwde kom,Tss. 2 best.: langs opzij (voor-/achterkant-flank),Geen hindernis
10108,140,Hasselt ring,Hasselt,50.9300038,5.3438616,1.5007263209040984,50.938843683281746,5.327678986541114,2018,9,15,71022,Hasselt,Normaal,Droog+Proper,Dag,met zwaargewonden,3,Fiets,3,Fiets,Op Kruispunt,Gemeenteweg,buiten bebouwde kom,Tss. 2 best.: langs opzij (voor-/achterkant-flank),Geen hindernis
10109,138,Hasselt-Kempische brug,Hasselt,50.9405318,5.3422472,0.3151359929687238,50.93784039207889,5.340838158233632,2018,9,8,71022,Hasselt,Normaal,Droog,Dag,met lichtgewonden,3,Fiets,9,personenauto,Op Kruispunt,Gewestweg,binnen bebouwde kom,Tss. 2 best.: langs opzij (voor-/achterkant-flank),Geen hindernis
10109,137,Hasselt-Kempische brug,Hasselt,50.9411605,5.3417576,0.37475816538959594,50.93784039207889,5.340838158233632,2018,9,8,71022,Hasselt,Normaal,Droog,Dag,met lichtgewonden,3,Fiets,9,personenauto,Op Kruispunt,Gewestweg,binnen bebouwde kom,Tss. 2 best.: langs opzij (voor-/achterkant-flank),Geen hindernis
10109,140,Hasselt ring,Hasselt,50.9300038,5.3438616,0.8967773200306396,50.93784039207889,5.340838158233632,2018,9,8,71022,Hasselt,Normaal,Droog,Dag,met lichtgewonden,3,Fiets,9,personenauto,Op Kruispunt,Gewestweg,binnen bebouwde kom,Tss. 2 best.: langs opzij (voor-/achterkant-flank),Geen hindernis
10110,140,Hasselt ring,Hasselt,50.9300038,5.3438616,0.5916308614414739,50.93499349314889,5.346792688689869,2018,9,12,71022,Hasselt,Normaal,Droog,Dag,met zwaargewonden,9,personenauto,3,Fiets,Op Kruispunt,Gemeenteweg,binnen bebouwde kom,Tss. 2 best.: langs opzij (voor-/achterkant-flank),Geen hindernis
10110,138,Hasselt-Kempische brug,Hasselt,50.9405318,5.3422472,0.6933220284504443,50.93499349314889,5.346792688689869,2018,9,12,71022,Hasselt,Normaal,Droog,Dag,met zwaargewonden,9,personenauto,3,Fiets,Op Kruispunt,Gemeenteweg,binnen bebouwde kom,Tss. 2 best.: langs opzij (voor-/achterkant-flank),Geen hindernis
10110,137,Hasselt-Kempische brug,Hasselt,50.9411605,5.3417576,0.7711778104587841,50.93499349314889,5.346792688689869,2018,9,12,71022,Hasselt,Normaal,Droog,Dag,met zwaargewonden,9,personenauto,3,Fiets,Op Kruispunt,Gemeenteweg,binnen bebouwde kom,Tss. 2 best.: langs opzij (voor-/achterkant-flank),Geen hindernis
10111,140,Hasselt ring,Hasselt,50.9300038,5.3438616,0.6476748234563271,50.926173448196366,5.336899647386596,2018,9,16,71022,Hasselt,Normaal,Droog,Dag,met lichtgewonden,9,personenauto,3,Fiets,Buiten Kruispunt,Gewestweg,binnen bebouwde kom,Tss. 2 best.: langs opzij (voor-/achterkant-flank),Geen hindernis
10111,138,Hasselt-Kempische brug,Hasselt,50.9405318,5.3422472,1.6399657782404133,50.926173448196366,5.336899647386596,2018,9,16,71022,Hasselt,Normaal,Droog,Dag,met lichtgewonden,9,personenauto,3,Fiets,Buiten Kruispunt,Gewestweg,binnen bebouwde kom,Tss. 2 best.: langs opzij (voor-/achterkant-flank),Geen hindernis
10111,137,Hasselt-Kempische brug,Hasselt,50.9411605,5.3417576,1.7009007025977714,50.926173448196366,5.336899647386596,2018,9,16,71022,Hasselt,Normaal,Droog,Dag,met lichtgewonden,9,personenauto,3,Fiets,Buiten Kruispunt,Gewestweg,binnen bebouwde kom,Tss. 2 best.: langs opzij (voor-/achterkant-flank),Geen hindernis
10113,30,Herk De Stad,Herk-de-Stad,50.94374,5.17691,0.999109849185772,50.94077927935844,5.163446485626581,2018,9,16,71024,Herk-de-Stad,Normaal,Droog,Dag,met lichtgewonden,9,personenauto,3,Fiets,Op Kruispunt,Gewestweg,binnen bebouwde kom,Tussen 2 bestuurders: Flank tegen flank,Geen hindernis
10113,31,Herk De Stad,Herk-de-Stad,50.94366,5.1775,1.035442917810491,50.94077927935844,5.163446485626581,2018,9,16,71024,Herk-de-Stad,Normaal,Droog,Dag,met lichtgewonden,9,personenauto,3,Fiets,Op Kruispunt,Gewestweg,binnen bebouwde kom,Tussen 2 bestuurders: Flank tegen flank,Geen hindernis
10114,140,Hasselt ring,Hasselt,50.9300038,5.3438616,0.8734933034545237,50.92228143008025,5.346146425021102,2018,9,8,71022,Hasselt,Normaal,Droog,Dag,met lichtgewonden,9,personenauto,3,Fiets,Op Kruispunt,Gemeenteweg,binnen bebouwde kom,Tussen 2 bestuurders: Frontale botsing,Geen hindernis
10114,138,Hasselt-Kempische brug,Hasselt,50.9405318,5.3422472,2.0476637021085775,50.92228143008025,5.346146425021102,2018,9,8,71022,Hasselt,Normaal,Droog,Dag,met lichtgewonden,9,personenauto,3,Fiets,Op Kruispunt,Gemeenteweg,binnen bebouwde kom,Tussen 2 bestuurders: Frontale botsing,Geen hindernis
10114,137,Hasselt-Kempische brug,Hasselt,50.9411605,5.3417576,2.1216687142703967,50.92228143008025,5.346146425021102,2018,9,8,71022,Hasselt,Normaal,Droog,Dag,met lichtgewonden,9,personenauto,3,Fiets,Op Kruispunt,Gemeenteweg,binnen bebouwde kom,Tussen 2 bestuurders: Frontale botsing,Geen hindernis
10159,124,Beveren teller 2,Beveren,51.1964712,4.2361077,2.040620303624542,51.204951356040674,4.262081336573918,2018,10,8,46003,Beveren,Onbekend,Onbekend,Onbekend,met lichtgewonden,3,Fiets,9,personenauto,Buiten Kruispunt,Gemeenteweg,onbekend,Tss. 2 best.: langs opzij (voor-/achterkant-flank),Geen hindernis
10182,2,Brasschaat 2,Brasschaat,51.27512,4.47169,1.7801313291504073,51.26004625168143,4.463072245750403,2018,10,14,11002,Antwerpen,Normaal,Droog,Dag,met zwaargewonden,9,personenauto,3,Fiets,Op Kruispunt,Gewestweg,buiten bebouwde kom,Tss. 2 best.: langs opzij (voor-/achterkant-flank),Geen hindernis
10182,3,Brasschaat 1,Brasschaat,51.27503,4.47222,1.7835348203568695,51.26004625168143,4.463072245750403,2018,10,14,11002,Antwerpen,Normaal,Droog,Dag,met zwaargewonden,9,personenauto,3,Fiets,Op Kruispunt,Gewestweg,buiten bebouwde kom,Tss. 2 best.: langs opzij (voor-/achterkant-flank),Geen hindernis
10199,2,Brasschaat 2,Brasschaat,51.27512,4.47169,1.1485765066330904,51.26642644676209,4.462773696803318,2018,10,6,11002,Antwerpen,Normaal,Droog,"Nacht, openbare verlichting aanwezig en ontstoken",met lichtgewonden,9,personenauto,3,Fiets,Buiten Kruispunt,Gewestweg,binnen bebouwde kom,Tss. 2 best.: langs opzij (voor-/achterkant-flank),Geen hindernis
10199,3,Brasschaat 1,Brasschaat,51.27503,4.47222,1.160638539597732,51.26642644676209,4.462773696803318,2018,10,6,11002,Antwerpen,Normaal,Droog,"Nacht, openbare verlichting aanwezig en ontstoken",met lichtgewonden,9,personenauto,3,Fiets,Buiten Kruispunt,Gewestweg,binnen bebouwde kom,Tss. 2 best.: langs opzij (voor-/achterkant-flank),Geen hindernis
10241,3,Brasschaat 1,Brasschaat,51.27503,4.47222,2.0656369866205924,51.28961597465473,4.490612302953309,2018,10,8,11008,Brasschaat,Normaal,Droog,Dag,met lichtgewonden,6,Bromfiets,3,Fiets,Buiten Kruispunt,Gewestweg,binnen bebouwde kom,Tss. 2 best.: langs opzij (voor-/achterkant-flank),Geen hindernis
10241,2,Brasschaat 2,Brasschaat,51.27512,4.47169,2.08090278941838,51.28961597465473,4.490612302953309,2018,10,8,11008,Brasschaat,Normaal,Droog,Dag,met lichtgewonden,6,Bromfiets,3,Fiets,Buiten Kruispunt,Gewestweg,binnen bebouwde kom,Tss. 2 best.: langs opzij (voor-/achterkant-flank),Geen hindernis
10247,2,Brasschaat 2,Brasschaat,51.27512,4.47169,0.8956206250176786,51.271327145991236,4.46033209501581,2018,10,17,11008,Brasschaat,Normaal,Droog,Dag,met lichtgewonden,8,Voetganger,3,Fiets,Buiten Kruispunt,Gemeenteweg,binnen bebouwde kom,Met een voetganger,Geen hindernis
10247,3,Brasschaat 1,Brasschaat,51.27503,4.47222,0.9238056100790109,51.271327145991236,4.46033209501581,2018,10,17,11008,Brasschaat,Normaal,Droog,Dag,met lichtgewonden,8,Voetganger,3,Fiets,Buiten Kruispunt,Gemeenteweg,binnen bebouwde kom,Met een voetganger,Geen hindernis
10248,3,Brasschaat 1,Brasschaat,51.27503,4.47222,2.186080691981248,51.25737834494752,4.4860544345518285,2018,10,18,11040,Schoten,Normaal,Droog,"Nacht, openbare verlichting aanwezig en ontstoken",met zwaargewonden,9,personenauto,3,Fiets,Op Kruispunt,Gemeenteweg,binnen bebouwde kom,Tss. 2 best.: langs opzij (voor-/achterkant-flank),Geen hindernis
10248,2,Brasschaat 2,Brasschaat,51.27512,4.47169,2.2114877270632696,51.25737834494752,4.4860544345518285,2018,10,18,11040,Schoten,Normaal,Droog,"Nacht, openbare verlichting aanwezig en ontstoken",met zwaargewonden,9,personenauto,3,Fiets,Op Kruispunt,Gemeenteweg,binnen bebouwde kom,Tss. 2 best.: langs opzij (voor-/achterkant-flank),Geen hindernis
10250,2,Brasschaat 2,Brasschaat,51.27512,4.47169,1.7793029131563327,51.2598326152228,4.464134357010885,2018,10,16,11040,Schoten,Onbekend,Droog,Dag,met lichtgewonden,3,Fiets,9,personenauto,Op Kruispunt,Gewestweg,buiten bebouwde kom,Tss. 2 best.: langs opzij (voor-/achterkant-flank),Geen hindernis
10250,3,Brasschaat 1,Brasschaat,51.27503,4.47222,1.7810454288020479,51.2598326152228,4.464134357010885,2018,10,16,11040,Schoten,Onbekend,Droog,Dag,met lichtgewonden,3,Fiets,9,personenauto,Op Kruispunt,Gewestweg,buiten bebouwde kom,Tss. 2 best.: langs opzij (voor-/achterkant-flank),Geen hindernis
10257,104,Malle teller 2,Malle,51.31682,4.73852,2.0997996313471563,51.30023200092753,4.724083693531144,2018,10,7,11057,Malle,Normaal,Droog,Dag,met lichtgewonden,9,personenauto,3,Fiets,Op Kruispunt,Gewestweg,buiten bebouwde kom,Tss. 2 best.: langs opzij (voor-/achterkant-flank),Geen hindernis
10257,103,Malle teller 1,Malle,51.31681,4.73872,2.105505253942578,51.30023200092753,4.724083693531144,2018,10,7,11057,Malle,Normaal,Droog,Dag,met lichtgewonden,9,personenauto,3,Fiets,Op Kruispunt,Gewestweg,buiten bebouwde kom,Tss. 2 best.: langs opzij (voor-/achterkant-flank),Geen hindernis
10264,91,Brecht teller 2,Brecht,51.35739,4.62422,2.0016876273467075,51.34203143862696,4.639254493573097,2018,10,17,11009,Brecht,Normaal,Droog,Dag,met lichtgewonden,3,Fiets,3,Fiets,Buiten Kruispunt,Gemeenteweg,buiten bebouwde kom,Tussen 2 bestuurders: Flank tegen flank,Geen hindernis
10264,90,Brecht teller 1,Brecht,51.35752,4.6243,2.0111592602133364,51.34203143862696,4.639254493573097,2018,10,17,11009,Brecht,Normaal,Droog,Dag,met lichtgewonden,3,Fiets,3,Fiets,Buiten Kruispunt,Gemeenteweg,buiten bebouwde kom,Tussen 2 bestuurders: Flank tegen flank,Geen hindernis
10267,99,Mechelen teller 1,Mechelen,51.04564,4.46882,1.8463589523403054,51.03990671486932,4.444034706829815,2018,10,16,12007,Bornem,Normaal,Proper,Dag,met lichtgewonden,3,Fiets,6,Bromfiets,Buiten Kruispunt,Gewestweg,buiten bebouwde kom,Tss. 2 best.: langs opzij (voor-/achterkant-flank),Geen hindernis