crash_row_id,site_id,site_name,site_gemeente,site_lat,site_long,distance_km,crash_lat,crash_long,DT_YEAR_COLLISION,DT_MONTH_COLLISION,DT_TIME,CD_NIS,TX_MUNTY_COLLISION_NL,TX_WEATHER_NL,TX_ROAD_CONDITION_NL,TX_LIGHT_CONDITION_NL,TX_CLASS_ACCIDENTS_NL,CD_ROAD_USR_TYPE1,TX_ROAD_USR_TYPE1_NL,CD_ROAD_USR_TYPE2,TX_ROAD_USR_TYPE2_NL,TX_CROSSWAY_NL,CD_ROAD_TYPE_NL,TX_BUILD_UP_AREA_NL,TX_COLLISION_TYPE_NL,TX_OBSTACLES_NL
10267,100,Mechelen teller 2,Mechelen,51.0457,4.46883,1.8493274366672798,51.03990671486932,4.444034706829815,2018,10,16,12007,Bornem,Normaal,Proper,Dag,met lichtgewonden,3,Fiets,6,Bromfiets,Buiten Kruispunt,Gewestweg,buiten bebouwde kom,Tss. 2 best.: langs opzij (voor-/achterkant-flank),Geen hindernis
10277,96,Lier teller 2,Lier,51.11705,4.58444,0.5284062405941006,51.12062910451839,4.579459889415245,2018,10,12,12021,Lier,Normaal,Droog,Dag,met zwaargewonden,3,Fiets,6,Bromfiets,Buiten Kruispunt,Gewestweg,buiten bebouwde kom,Tussen 2 bestuurders: Frontale botsing,Geen hindernis
10277,95,Lier teller 1,Lier,51.11687,4.58437,0.5405299017227208,51.12062910451839,4.579459889415245,2018,10,12,12021,Lier,Normaal,Droog,Dag,met zwaargewonden,3,Fiets,6,Bromfiets,Buiten Kruispunt,Gewestweg,buiten bebouwde kom,Tussen 2 bestuurders: Frontale botsing,Geen hindernis
10278,96,Lier teller 2,Lier,51.11705,4.58444,2.2151364756628578,51.12970655968021,4.559929435429542,2018,10,14,12021,Lier,Onbekend,Droog,Dag,met lichtgewonden,3,Fiets,3,Fiets,Buiten Kruispunt,Gewestweg,binnen bebouwde kom,Tussen 2 bestuurders: Frontale botsing,Geen hindernis
10278,95,Lier teller 1,Lier,51.11687,4.58437,2.2241599983990494,51.12970655968021,4.559929435429542,2018,10,14,12021,Lier,Onbekend,Droog,Dag,met lichtgewonden,3,Fiets,3,Fiets,Buiten Kruispunt,Gewestweg,binnen bebouwde kom,Tussen 2 bestuurders: Frontale botsing,Geen hindernis
10280,96,Lier teller 2,Lier,51.11705,4.58444,2.2844350872978008,51.126108087074854,4.555061907050484,2018,10,7,12021,Lier,Normaal,Droog,Dageraad - schemering,met zwaargewonden,9,personenauto,3,Fiets,Op Kruispunt,Gewestweg,binnen bebouwde kom,Tss. 2 best.: langs opzij (voor-/achterkant-flank),Geen hindernis
10280,95,Lier teller 1,Lier,51.11687,4.58437,2.288966711085957,51.126108087074854,4.555061907050484,2018,10,7,12021,Lier,Normaal,Droog,Dageraad - schemering,met zwaargewonden,9,personenauto,3,Fiets,Op Kruispunt,Gewestweg,binnen bebouwde kom,Tss. 2 best.: langs opzij (voor-/achterkant-flank),Geen hindernis
10281,96,Lier teller 2,Lier,51.11705,4.58444,0.9264644169750247,51.12408796565729,4.577335240436936,2018,10,12,12021,Lier,Normaal,Droog,Dag,met lichtgewonden,9,personenauto,3,Fiets,Op Kruispunt,Gewestweg,binnen bebouwde kom,Tss. 2 best.: langs opzij (voor-/achterkant-flank),Geen hindernis
10281,95,Lier teller 1,Lier,51.11687,4.58437,0.940873738836724,51.12408796565729,4.577335240436936,2018,10,12,12021,Lier,Normaal,Droog,Dag,met lichtgewonden,9,personenauto,3,Fiets,Op Kruispunt,Gewestweg,binnen bebouwde kom,Tss. 2 best.: langs opzij (voor-/achterkant-flank),Geen hindernis
10282,95,Lier teller 1,Lier,51.11687,4.58437,1.2240166265132573,51.10887521538176,4.596423070845904,2018,10,13,12021,Lier,Normaal,Droog,Dag,met lichtgewonden,9,personenauto,3,Fiets,Op Kruispunt,Gewestweg,buiten bebouwde kom,Tss. 2 best.: langs opzij (voor-/achterkant-flank),Geen hindernis
10282,96,Lier teller 2,Lier,51.11705,4.58444,1.2353143803166826,51.10887521538176,4.596423070845904,2018,10,13,12021,Lier,Normaal,Droog,Dag,met lichtgewonden,9,personenauto,3,Fiets,Op Kruispunt,Gewestweg,buiten bebouwde kom,Tss. 2 best.: langs opzij (voor-/achterkant-flank),Geen hindernis
10283,95,Lier teller 1,Lier,51.11687,4.58437,1.7525284014504883,51.11289141236229,4.608663380420886,2018,10,8,12021,Lier,Normaal,Droog,Dag,met lichtgewonden,3,Fiets,3,Fiets,Op Kruispunt,Gemeenteweg,buiten bebouwde kom,Tussen 2 bestuurders: Frontale botsing,Geen hindernis
10283,96,Lier teller 2,Lier,51.11705,4.58444,1.7529707515350081,51.11289141236229,4.608663380420886,2018,10,8,12021,Lier,Normaal,Droog,Dag,met lichtgewonden,3,Fiets,3,Fiets,Op Kruispunt,Gemeenteweg,buiten bebouwde kom,Tussen 2 bestuurders: Frontale botsing,Geen hindernis
10284,92,Nijlen teller 1,Nijlen,51.14989,4.64479,0.5196223189721368,51.151237895604844,4.651923163794209,2018,10,18,12026,Nijlen,Normaal,"Nat, plassen",Dageraad - schemering,met zwaargewonden,3,Fiets,3,Fiets,Buiten Kruispunt,Gewestweg,buiten bebouwde kom,Tussen 2 bestuurders: Frontale botsing,Geen hindernis
10284,93,Nijlen teller 2,Nijlen,51.14998,4.64469,0.5235422186451129,51.151237895604844,4.651923163794209,2018,10,18,12026,Nijlen,Normaal,"Nat, plassen",Dageraad - schemering,met zwaargewonden,3,Fiets,3,Fiets,Buiten Kruispunt,Gewestweg,buiten bebouwde kom,Tussen 2 bestuurders: Frontale botsing,Geen hindernis
10286,92,Nijlen teller 1,Nijlen,51.14989,4.64479,1.8758003988728196,51.15953581522111,4.666855172899628,2018,10,11,12026,Nijlen,Normaal,Droog,Dag,met lichtgewonden,3,Fiets,9,personenauto,Op Kruispunt,Gewestweg,binnen bebouwde kom,Tss. 2 best.: langs opzij (voor-/achterkant-flank),Geen hindernis
10286,93,Nijlen teller 2,Nijlen,51.14998,4.64469,1.875838357907502,51.15953581522111,4.666855172899628,2018,10,11,12026,Nijlen,Normaal,Droog,Dag,met lichtgewonden,3,Fiets,9,personenauto,Op Kruispunt,Gewestweg,binnen bebouwde kom,Tss. 2 best.: langs opzij (voor-/achterkant-flank),Geen hindernis
10287,92,Nijlen teller 1,Nijlen,51.14989,4.64479,1.882968895922804,51.13924297400434,4.623800183165408,2018,10,19,12026,Nijlen,Normaal,Droog,"Nacht, openbare verlichting aanwezig en ontstoken",met lichtgewonden,3,Fiets,9,personenauto,Buiten Kruispunt,Gewestweg,binnen bebouwde kom,Tussen 2 bestuurders: Flank tegen flank,Geen hindernis
10287,93,Nijlen teller 2,Nijlen,51.14998,4.64469,1.8838746490623766,51.13924297400434,4.623800183165408,2018,10,19,12026,Nijlen,Normaal,Droog,"Nacht, openbare verlichting aanwezig en ontstoken",met lichtgewonden,3,Fiets,9,personenauto,Buiten Kruispunt,Gewestweg,binnen bebouwde kom,Tussen 2 bestuurders: Flank tegen flank,Geen hindernis
10289,9,Heist op den Berg 2,Heist-op-den-Berg,51.06904,4.69524,0.1954716869955481,51.069732695567126,4.697811203063186,2018,10,8,12014,Heist-op-den-Berg,Normaal,Droog,Dag,met lichtgewonden,3,Fiets,5,Lichte vrachtauto,Op Kruispunt,Gewestweg,binnen bebouwde kom,Tussen 2 bestuurders: Frontale botsing,Geen hindernis
10289,8,Heist op den Berg 1,Heist-op-den-Berg,51.06759,4.68823,0.7106060770668973,51.069732695567126,4.697811203063186,2018,10,8,12014,Heist-op-den-Berg,Normaal,Droog,Dag,met lichtgewonden,3,Fiets,5,Lichte vrachtauto,Op Kruispunt,Gewestweg,binnen bebouwde kom,Tussen 2 bestuurders: Frontale botsing,Geen hindernis
10298,133,Gierde Lille Totem,Lille,51.2453915,4.8297416,2.4910206657468277,51.2577024722692,4.799838586727551,2018,10,6,13019,Lille,Normaal,Droog,"Nacht, openbare verlichting aanwezig en ontstoken",met zwaargewonden,9,personenauto,3,Fiets,Op Kruispunt,Gewestweg,buiten bebouwde kom,Tussen 2 bestuurders: Frontale botsing,Geen hindernis
10298,132,Gierde lille,Lille,51.245445,4.8298851,2.4961163469665086,51.2577024722692,4.799838586727551,2018,10,6,13019,Lille,Normaal,Droog,"Nacht, openbare verlichting aanwezig en ontstoken",met zwaargewonden,9,personenauto,3,Fiets,Op Kruispunt,Gewestweg,buiten bebouwde kom,Tussen 2 bestuurders: Frontale botsing,Geen hindernis
10301,89,Westerlo teller 2,Westerlo,51.08191,4.91334,0.9870823406497246,51.07349630648182,4.917845245591773,2018,10,12,13013,Herselt,Normaal,Droog,Dag,met lichtgewonden,9,personenauto,3,Fiets,Op Kruispunt,Gewestweg,binnen bebouwde kom,Tss. 2 best.: langs opzij (voor-/achterkant-flank),Geen hindernis
10301,88,Westerlo teller 1,Westerlo,51.082,4.91325,0.9985760309818237,51.07349630648182,4.917845245591773,2018,10,12,13013,Herselt,Normaal,Droog,Dag,met lichtgewonden,9,personenauto,3,Fiets,Op Kruispunt,Gewestweg,binnen bebouwde kom,Tss. 2 best.: langs opzij (voor-/achterkant-flank),Geen hindernis
10306,127,Geel totem,Westerlo,51.1342966,4.9400421,2.4408667028439965,51.12692498178736,4.907094033385252,2018,10,1,13049,Westerlo,Normaal,Droog,"Nacht, openb. verlicht. aanw., maar niet ontstoken",met lichtgewonden,9,personenauto,3,Fiets,Buiten Kruispunt,Gemeenteweg,buiten bebouwde kom,Tussen 2 bestuurders: Frontale botsing,Geen hindernis
10306,112,Geel teller 2,Westerlo,51.1354992,4.9394789,2.4526789928350383,51.12692498178736,4.907094033385252,2018,10,1,13049,Westerlo,Normaal,Droog,"Nacht, openb. verlicht. aanw., maar niet ontstoken",met lichtgewonden,9,personenauto,3,Fiets,Buiten Kruispunt,Gemeenteweg,buiten bebouwde kom,Tussen 2 bestuurders: Frontale botsing,Geen hindernis
10311,5,Balen 2,Balen,51.16018,5.19003,1.9553189635502068,51.168300066992515,5.16515713382952,2018,10,11,13003,Balen,Normaal,Droog,Dag,met lichtgewonden,9,personenauto,3,Fiets,Op Kruispunt,Gemeenteweg,binnen bebouwde kom,Tss. 2 best.: langs opzij (voor-/achterkant-flank),Geen hindernis
10311,4,Balen 1,Balen,51.16023,5.19011,1.9577131697094137,51.168300066992515,5.16515713382952,2018,10,11,13003,Balen,Normaal,Droog,Dag,met lichtgewonden,9,personenauto,3,Fiets,Op Kruispunt,Gemeenteweg,binnen bebouwde kom,Tss. 2 best.: langs opzij (voor-/achterkant-flank),Geen hindernis
10319,94,Herentals teller 2,Herentals,51.17345,4.81283,1.4644907933020328,51.17666294604502,4.8332027781162115,2018,10,11,13011,Herentals,Normaal,Droog,Dag,met lichtgewonden,9,personenauto,3,Fiets,Buiten Kruispunt,Gemeenteweg,binnen bebouwde kom,Tussen 2 bestuurders: Flank tegen flank,Geen hindernis
10319,110,Herentals totem,Herentals,51.1739426,4.811783,1.5235566608127915,51.17666294604502,4.8332027781162115,2018,10,11,13011,Herentals,Normaal,Droog,Dag,met lichtgewonden,9,personenauto,3,Fiets,Buiten Kruispunt,Gemeenteweg,binnen bebouwde kom,Tussen 2 bestuurders: Flank tegen flank,Geen hindernis
10322,37,Lommel teller 1,Lommel,51.23299,5.29211,1.4047936260042166,51.22798215721081,5.310632669754798,2018,10,9,72020,Lommel,Normaal,Droog,Dag,met lichtgewonden,3,Fiets,3,Fiets,Op Kruispunt,Gemeenteweg,binnen bebouwde kom,Tussen 2 bestuurders: Flank tegen flank,Geen hindernis
10322,38,Lommel teller 2,Lommel,51.23277,5.29189,1.4094520022479158,51.22798215721081,5.310632669754798,2018,10,9,72020,Lommel,Normaal,Droog,Dag,met lichtgewonden,3,Fiets,3,Fiets,Op Kruispunt,Gemeenteweg,binnen bebouwde kom,Tussen 2 bestuurders: Flank tegen flank,Geen hindernis
10324,37,Lommel teller 1,Lommel,51.23299,5.29211,0.13428434913970794,51.23297359555292,5.294038494656519,2018,10,15,72020,Lommel,Normaal,Droog,Dag,met lichtgewonden,3,Fiets,3,Fiets,Buiten Kruispunt,Gewestweg,buiten bebouwde kom,Tss. 2 best.: langs opzij (voor-/achterkant-flank),Geen hindernis
10324,38,Lommel teller 2,Lommel,51.23277,5.29189,0.15129324517810183,51.23297359555292,5.294038494656519,2018,10,15,72020,Lommel,Normaal,Droog,Dag,met lichtgewonden,3,Fiets,3,Fiets,Buiten Kruispunt,Gewestweg,buiten bebouwde kom,Tss. 2 best.: langs opzij (voor-/achterkant-flank),Geen hindernis
10326,46,Pelt teller 2,Pelt,51.231,5.44375,1.8611749668890982,51.218180755351305,5.426565309154681,2018,10,16,72043,Pelt,Normaal,Droog,Dag,met lichtgewonden,3,Fiets,9,personenauto,Op Kruispunt,Gewestweg,binnen bebouwde kom,Tss. 2 best.: langs opzij (voor-/achterkant-flank),Geen hindernis
10326,45,Pelt teller 1,Pelt,51.23127,5.44377,1.885150178801136,51.218180755351305,5.426565309154681,2018,10,16,72043,Pelt,Normaal,Droog,Dag,met lichtgewonden,3,Fiets,9,personenauto,Op Kruispunt,Gewestweg,binnen bebouwde kom,Tss. 2 best.: langs opzij (voor-/achterkant-flank),Geen hindernis
10327,46,Pelt teller 2,Pelt,51.231,5.44375,2.0791836894528224,51.21604480222926,5.425828441649253,2018,10,12,72043,Pelt,Normaal,Droog,Dag,met lichtgewonden,9,personenauto,3,Fiets,Op Kruispunt,Gewestweg,buiten bebouwde kom,Tss. 2 best.: langs opzij (voor-/achterkant-flank),Geen hindernis
10327,45,Pelt teller 1,Pelt,51.23127,5.44377,2.104097738369441,51.21604480222926,5.425828441649253,2018,10,12,72043,Pelt,Normaal,Droog,Dag,met lichtgewonden,9,personenauto,3,Fiets,Op Kruispunt,Gewestweg,buiten bebouwde kom,Tss. 2 best.: langs opzij (voor-/achterkant-flank),Geen hindernis
10333,139,Houthalen-Helchteren,Houthalen-Helchteren,51.0644267,5.3819796,1.382664278556335,51.05199341108403,5.381692472086677,2018,10,15,72039,Houthalen-Helchteren,Normaal,Droog,Dag,met lichtgewonden,5,Lichte vrachtauto,3,Fiets,Op Kruispunt,Gewestweg,buiten bebouwde kom,Tss. 2 best.: langs opzij (voor-/achterkant-flank),Geen hindernis
10340,39,Peer teller 1,Peer,51.13425,5.47817,1.8820327645616628,51.13265072367047,5.451318095465919,2018,10,10,72030,Peer,Normaal,Droog,Dag,met lichtgewonden,3,Fiets,11,een weggebruiker tegen een hindernis,Buiten Kruispunt,Gemeenteweg,binnen bebouwde kom,Weggebruiker tegen hindernis op de rijbaan,Op de rijbaan: Container
10340,40,Peer teller 2,Peer,51.13438,5.47892,1.9355166779941286,51.13265072367047,5.451318095465919,2018,10,10,72030,Peer,Normaal,Droog,Dag,met lichtgewonden,3,Fiets,11,een weggebruiker tegen een hindernis,Buiten Kruispunt,Gemeenteweg,binnen bebouwde kom,Weggebruiker tegen hindernis op de rijbaan,Op de rijbaan: Container
10346,21,Bilzen,Bilzen,50.86015,5.50161,1.592808188047932,50.874101404268316,5.506756204245174,2018,10,13,73006,Bilzen,Normaal,Droog,Dag,met lichtgewonden,6,Bromfiets,3,Fiets,Buiten Kruispunt,Gewestweg,buiten bebouwde kom,Tss. 2 best.: langs opzij (voor-/achterkant-flank),Geen hindernis
10349,44,Maaseik teller 2,Maaseik,51.09359,5.79726,0.9203222329517821,51.09957814419486,5.788162054735941,2018,10,17,72021,Maaseik,Regenval,"Nat, plassen",Dageraad - schemering,met lichtgewonden,3,Fiets,9,personenauto,Op Kruispunt,Gemeenteweg,binnen bebouwde kom,Tss. 2 best.: langs opzij (voor-/achterkant-flank),Geen hindernis
10349,43,Maaseik teller 1,Maaseik,51.09344,5.79715,0.9272447687046307,51.09957814419486,5.788162054735941,2018,10,17,72021,Maaseik,Regenval,"Nat, plassen",Dageraad - schemering,met lichtgewonden,3,Fiets,9,personenauto,Op Kruispunt,Gemeenteweg,binnen bebouwde kom,Tss. 2 best.: langs opzij (voor-/achterkant-flank),Geen hindernis
10352,44,Maaseik teller 2,Maaseik,51.09359,5.79726,1.8360659434915936,51.10106194019155,5.773812785129859,2018,10,17,72021,Maaseik,Normaal,Droog,Dag,met lichtgewonden,3,Fiets,3,Fiets,Buiten Kruispunt,Gemeenteweg,binnen bebouwde kom,Tss. 2 best.: langs opzij (voor-/achterkant-flank),Geen hindernis
10352,43,Maaseik teller 1,Maaseik,51.09344,5.79715,1.8368576042189824,51.10106194019155,5.773812785129859,2018,10,17,72021,Maaseik,Normaal,Droog,Dag,met lichtgewonden,3,Fiets,3,Fiets,Buiten Kruispunt,Gemeenteweg,binnen bebouwde kom,Tss. 2 best.: langs opzij (voor-/achterkant-flank),Geen hindernis
10354,25,Bree,Bree,51.13679500160176,5.597669323604317,0.2554030423736034,51.13805615632656,5.594609833320151,2018,10,16,72004,Bree,Normaal,Droog,Dag,met lichtgewonden,9,personenauto,3,Fiets,Op Kruispunt,Gewestweg,binnen bebouwde kom,Tussen 2 bestuurders: Frontale botsing,Geen hindernis
10355,25,Bree,Bree,51.13679500160176,5.597669323604317,0.6564483437125093,51.1424770573272,5.60022267674904,2018,10,5,72004,Bree,Normaal,Droog,"Nacht, openbare verlichting aanwezig en ontstoken",met lichtgewonden,9,personenauto,3,Fiets,Op Kruispunt,Gewestweg,binnen bebouwde kom,Tss. 2 best.: langs opzij (voor-/achterkant-flank),Geen hindernis
10356,25,Bree,Bree,51.13679500160176,5.597669323604317,2.347055056858707,51.15775176277339,5.593654324850425,2018,10,13,72004,Bree,Normaal,Droog,Dag,met lichtgewonden,9,personenauto,3,Fiets,Op Kruispunt,Gewestweg,buiten bebouwde kom,Tss. 2 best.: langs opzij (voor-/achterkant-flank),Geen hindernis
10357,14,Genk,Genk,50.97172,5.48927,1.16639782485737,50.965031843616075,5.4764379935847165,2018,10,8,71016,Genk,Normaal,Droog,Dag,met lichtgewonden,9,personenauto,3,Fiets,Buiten Kruispunt,Gewestweg,buiten bebouwde kom,Tss. 2 best.: langs opzij (voor-/achterkant-flank),Geen hindernis
10359,25,Bree,Bree,51.13679500160176,5.597669323604317,0.1673994688681867,51.13829354392847,5.597899063350158,2018,10,12,72004,Bree,Normaal,Droog,Dag,met lichtgewonden,3,Fiets,3,Fiets,Buiten Kruispunt,Gemeenteweg,binnen bebouwde kom,Tussen 2 bestuurders: Frontale botsing,Geen hindernis
10363,14,Genk,Genk,50.97172,5.48927,1.5126770785928079,50.971350769893036,5.467674506991572,2018,10,14,71016,Genk,Normaal,Droog,Dag,met lichtgewonden,9,personenauto,3,Fiets,Op Kruispunt,Gemeenteweg,binnen bebouwde kom,Tss. 2 best.: langs opzij (voor-/achterkant-flank),Geen hindernis
10365,77,Leuven teller 2,Leuven,50.88672,4.70796,1.290466567346034,50.882116115635746,4.691073934392652,2018,10,17,24062,Leuven,Onbekend,Onbekend,Onbekend,met lichtgewonden,3,Fiets,9,personenauto,Buiten Kruispunt,Gemeenteweg,binnen bebouwde kom,Tss. 2 best.: langs opzij (voor-/achterkant-flank),Geen hindernis
10365,107,leuven totem,Leuven,50.8870744,4.7087919,1.3597280761114798,50.882116115635746,4.691073934392652,2018,10,17,24062,Leuven,Onbekend,Onbekend,Onbekend,met lichtgewonden,3,Fiets,9,personenauto,Buiten Kruispunt,Gemeenteweg,binnen bebouwde kom,Tss. 2 best.: langs opzij (voor-/achterkant-flank),Geen hindernis
10365,151,Leuven,District Leuven,50.8690262,4.6854839,1.5074525244094157,50.882116115635746,4.691073934392652,2018,10,17,24062,Leuven,Onbekend,Onbekend,Onbekend,met lichtgewonden,3,Fiets,9,personenauto,Buiten Kruispunt,Gemeenteweg,binnen bebouwde kom,Tss. 2 best.: langs opzij (voor-/achterkant-flank),Geen hindernis
10365,69,Leuven teller 1,Leuven,50.87549,4.71526,1.8499459188176013,50.882116115635746,4.691073934392652,2018,10,17,24062,Leuven,Onbekend,Onbekend,Onbekend,met lichtgewonden,3,Fiets,9,personenauto,Buiten Kruispunt,Gemeenteweg,binnen bebouwde kom,Tss. 2 best.: langs opzij (voor-/achterkant-flank),Geen hindernis
10366,77,Leuven teller 2,Leuven,50.88672,4.70796,1.0898540980760167,50.88035270433568,4.69614927982531,2018,10,17,24062,Leuven,Normaal,Droog,Dag,met lichtgewonden,3,Fiets,8,Voetganger,Op Kruispunt,Gemeenteweg,binnen bebouwde kom,Met een voetganger,Geen hindernis
10366,107,leuven totem,Leuven,50.8870744,4.7087919,1.1598472566288993,50.88035270433568,4.69614927982531,2018,10,17,24062,Leuven,Normaal,Droog,Dag,met lichtgewonden,3,Fiets,8,Voetganger,Op Kruispunt,Gemeenteweg,binnen bebouwde kom,Met een voetganger,Geen hindernis
10366,69,Leuven teller 1,Leuven,50.87549,4.71526,1.445749969831683,50.88035270433568,4.69614927982531,2018,10,17,24062,Leuven,Normaal,Droog,Dag,met lichtgewonden,3,Fiets,8,Voetganger,Op Kruispunt,Gemeenteweg,binnen bebouwde kom,Met een voetganger,Geen hindernis
10366,151,Leuven,District Leuven,50.8690262,4.6854839,1.4650044836054807,50.88035270433568,4.69614927982531,2018,10,17,24062,Leuven,Normaal,Droog,Dag,met lichtgewonden,3,Fiets,8,Voetganger,Op Kruispunt,Gemeenteweg,binnen bebouwde kom,Met een voetganger,Geen hindernis
10367,76,Heverlee teller 2,Leuven,50.84606,4.69597,2.1275340441266075,50.84521909764699,4.726243247261646,2018,10,8,24062,Leuven,Normaal,Droog,Dag,met lichtgewonden,3,Fiets,3,Fiets,Buiten Kruispunt,Gemeenteweg,buiten bebouwde kom,Kettingbotsing (3 bestuurders of meer),Geen hindernis
10367,108,Heverlee teller 1,Leuven,50.8471728,4.6954674,2.171633326531056,50.84521909764699,4.726243247261646,2018,10,8,24062,Leuven,Normaal,Droog,Dag,met lichtgewonden,3,Fiets,3,Fiets,Buiten Kruispunt,Gemeenteweg,buiten bebouwde kom,Kettingbotsing (3 bestuurders of meer),Geen hindernis
10368,151,Leuven,District Leuven,50.8690262,4.6854839,1.230080647347198,50.86547576472893,4.668882995894156,2018,10,18,24062,Leuven,Normaal,Droog,Dag,met lichtgewonden,9,personenauto,3,Fiets,Buiten Kruispunt,Gemeenteweg,binnen bebouwde kom,Tss. 2 best.: langs opzij (voor-/achterkant-flank),Geen hindernis
10369,69,Leuven teller 1,Leuven,50.87549,4.71526,0.3670501185528618,50.87278788628542,4.718264676068715,2018,10,20,24062,Leuven,Normaal,Droog,Dageraad - schemering,met lichtgewonden,6,Bromfiets,3,Fiets,Op Kruispunt,Gewestweg,binnen bebouwde kom,Tss. 2 best.: langs opzij (voor-/achterkant-flank),Geen hindernis
10369,77,Leuven teller 2,Leuven,50.88672,4.70796,1.7095703876050952,50.87278788628542,4.718264676068715,2018,10,20,24062,Leuven,Normaal,Droog,Dageraad - schemering,met lichtgewonden,6,Bromfiets,3,Fiets,Op Kruispunt,Gewestweg,binnen bebouwde kom,Tss. 2 best.: langs opzij (voor-/achterkant-flank),Geen hindernis
10369,107,leuven totem,Leuven,50.8870744,4.7087919,1.7220031101840705,50.87278788628542,4.718264676068715,2018,10,20,24062,Leuven,Normaal,Droog,Dageraad - schemering,met lichtgewonden,6,Bromfiets,3,Fiets,Op Kruispunt,Gewestweg,binnen bebouwde kom,Tss. 2 best.: langs opzij (voor-/achterkant-flank),Geen hindernis
10369,151,Leuven,District Leuven,50.8690262,4.6854839,2.3380051321549202,50.87278788628542,4.718264676068715,2018,10,20,24062,Leuven,Normaal,Droog,Dageraad - schemering,met lichtgewonden,6,Bromfiets,3,Fiets,Op Kruispunt,Gewestweg,binnen bebouwde kom,Tss. 2 best.: langs opzij (voor-/achterkant-flank),Geen hindernis
10370,69,Leuven teller 1,Leuven,50.87549,4.71526,0.6264561968744109,50.88072189254187,4.711947828810749,2018,10,18,24062,Leuven,Normaal,Droog,Dag,met lichtgewonden,3,Fiets,1,Autobus,Buiten Kruispunt,Gemeenteweg,binnen bebouwde kom,Tussen 2 bestuurders: Frontale botsing,Geen hindernis
10370,77,Leuven teller 2,Leuven,50.88672,4.70796,0.7232550705247152,50.88072189254187,4.711947828810749,2018,10,18,24062,Leuven,Normaal,Droog,Dag,met lichtgewonden,3,Fiets,1,Autobus,Buiten Kruispunt,Gemeenteweg,binnen bebouwde kom,Tussen 2 bestuurders: Frontale botsing,Geen hindernis
10370,107,leuven totem,Leuven,50.8870744,4.7087919,0.7402497365820175,50.88072189254187,4.711947828810749,2018,10,18,24062,Leuven,Normaal,Droog,Dag,met lichtgewonden,3,Fiets,1,Autobus,Buiten Kruispunt,Gemeenteweg,binnen bebouwde kom,Tussen 2 bestuurders: Frontale botsing,Geen hindernis
10370,151,Leuven,District Leuven,50.8690262,4.6854839,2.266989694453628,50.88072189254187,4.711947828810749,2018,10,18,24062,Leuven,Normaal,Droog,Dag,met lichtgewonden,3,Fiets,1,Autobus,Buiten Kruispunt,Gemeenteweg,binnen bebouwde kom,Tussen 2 bestuurders: Frontale botsing,Geen hindernis
10371,69,Leuven teller 1,Leuven,50.87549,4.71526,0.42428647845039363,50.87644982045099,4.7094073832029535,2018,10,8,24062,Leuven,Normaal,Droog,Dageraad - schemering,met lichtgewonden,9,personenauto,3,Fiets,Op Kruispunt,Gemeenteweg,binnen bebouwde kom,Tss. 2 best.: langs opzij (voor-/achterkant-flank),Geen hindernis
10371,77,Leuven teller 2,Leuven,50.88672,4.70796,1.1464973706568833,50.87644982045099,4.7094073832029535,2018,10,8,24062,Leuven,Normaal,Droog,Dageraad - schemering,met lichtgewonden,9,personenauto,3,Fiets,Op Kruispunt,Gemeenteweg,binnen bebouwde kom,Tss. 2 best.: langs opzij (voor-/achterkant-flank),Geen hindernis
10371,107,leuven totem,Leuven,50.8870744,4.7087919,1.1821881730107973,50.87644982045099,4.7094073832029535,2018,10,8,24062,Leuven,Normaal,Droog,Dageraad - schemering,met lichtgewonden,9,personenauto,3,Fiets,Op Kruispunt,Gemeenteweg,binnen bebouwde kom,Tss. 2 best.: langs opzij (voor-/achterkant-flank),Geen hindernis
10371,151,Leuven,District Leuven,50.8690262,4.6854839,1.870665305559161,50.87644982045099,4.7094073832029535,2018,10,8,24062,Leuven,Normaal,Droog,Dageraad - schemering,met lichtgewonden,9,personenauto,3,Fiets,Op Kruispunt,Gemeenteweg,binnen bebouwde kom,Tss. 2 best.: langs opzij (voor-/achterkant-flank),Geen hindernis
10372,151,Leuven,District Leuven,50.8690262,4.6854839,0.1445523307409489,50.870322772707034,4.685334629694695,2018,10,17,24062,Leuven,Normaal,Droog,Dag,met lichtgewonden,3,Fiets,11,een weggebruiker tegen een hindernis,Buiten Kruispunt,Gemeenteweg,binnen bebouwde kom,Weggebruiker tegen hindernis buiten rijbaan,Andere hindernis
10372,69,Leuven teller 1,Leuven,50.87549,4.71526,2.177015892634411,50.870322772707034,4.685334629694695,2018,10,17,24062,Leuven,Normaal,Droog,Dag,met lichtgewonden,3,Fiets,11,een weggebruiker tegen een hindernis,Buiten Kruispunt,Gemeenteweg,binnen bebouwde kom,Weggebruiker tegen hindernis buiten rijbaan,Andere hindernis
10372,77,Leuven teller 2,Leuven,50.88672,4.70796,2.417483794547354,50.870322772707034,4.685334629694695,2018,10,17,24062,Leuven,Normaal,Droog,Dag,met lichtgewonden,3,Fiets,11,een weggebruiker tegen een hindernis,Buiten Kruispunt,Gemeenteweg,binnen bebouwde kom,Weggebruiker tegen hindernis buiten rijbaan,Andere hindernis