crash_row_id,site_id,site_name,site_gemeente,site_lat,site_long,distance_km,crash_lat,crash_long,DT_YEAR_COLLISION,DT_MONTH_COLLISION,DT_TIME,CD_NIS,TX_MUNTY_COLLISION_NL,TX_WEATHER_NL,TX_ROAD_CONDITION_NL,TX_LIGHT_CONDITION_NL,TX_CLASS_ACCIDENTS_NL,CD_ROAD_USR_TYPE1,TX_ROAD_USR_TYPE1_NL,CD_ROAD_USR_TYPE2,TX_ROAD_USR_TYPE2_NL,TX_CROSSWAY_NL,CD_ROAD_TYPE_NL,TX_BUILD_UP_AREA_NL,TX_COLLISION_TYPE_NL,TX_OBSTACLES_NL
10372,107,leuven totem,Leuven,50.8870744,4.7087919,2.4855926998343443,50.870322772707034,4.685334629694695,2018,10,17,24062,Leuven,Normaal,Droog,Dag,met lichtgewonden,3,Fiets,11,een weggebruiker tegen een hindernis,Buiten Kruispunt,Gemeenteweg,binnen bebouwde kom,Weggebruiker tegen hindernis buiten rijbaan,Andere hindernis
10373,151,Leuven,District Leuven,50.8690262,4.6854839,0.9156212949615665,50.86865071592572,4.698518036625622,2018,10,20,24062,Leuven,Normaal,Droog,"Nacht, openbare verlichting aanwezig en ontstoken",met lichtgewonden,3,Fiets,10,"één bestuurder, geen hindernis",Op Kruispunt,Gewestweg,binnen bebouwde kom,"Eén bestuurder, geen hindernis (incl. val)",Geen hindernis
10373,69,Leuven teller 1,Leuven,50.87549,4.71526,1.3994525080358748,50.86865071592572,4.698518036625622,2018,10,20,24062,Leuven,Normaal,Droog,"Nacht, openbare verlichting aanwezig en ontstoken",met lichtgewonden,3,Fiets,10,"één bestuurder, geen hindernis",Op Kruispunt,Gewestweg,binnen bebouwde kom,"Eén bestuurder, geen hindernis (incl. val)",Geen hindernis
10373,77,Leuven teller 2,Leuven,50.88672,4.70796,2.115606933434829,50.86865071592572,4.698518036625622,2018,10,20,24062,Leuven,Normaal,Droog,"Nacht, openbare verlichting aanwezig en ontstoken",met lichtgewonden,3,Fiets,10,"één bestuurder, geen hindernis",Op Kruispunt,Gewestweg,binnen bebouwde kom,"Eén bestuurder, geen hindernis (incl. val)",Geen hindernis
10373,107,leuven totem,Leuven,50.8870744,4.7087919,2.171735925163063,50.86865071592572,4.698518036625622,2018,10,20,24062,Leuven,Normaal,Droog,"Nacht, openbare verlichting aanwezig en ontstoken",met lichtgewonden,3,Fiets,10,"één bestuurder, geen hindernis",Op Kruispunt,Gewestweg,binnen bebouwde kom,"Eén bestuurder, geen hindernis (incl. val)",Geen hindernis
10373,108,Heverlee teller 1,Leuven,50.8471728,4.6954674,2.397815394946728,50.86865071592572,4.698518036625622,2018,10,20,24062,Leuven,Normaal,Droog,"Nacht, openbare verlichting aanwezig en ontstoken",met lichtgewonden,3,Fiets,10,"één bestuurder, geen hindernis",Op Kruispunt,Gewestweg,binnen bebouwde kom,"Eén bestuurder, geen hindernis (incl. val)",Geen hindernis
10374,107,leuven totem,Leuven,50.8870744,4.7087919,1.1981347618061675,50.89779504978274,4.707077001061845,2018,10,9,24062,Leuven,Normaal,Droog,Dageraad - schemering,met lichtgewonden,3,Fiets,6,Bromfiets,Buiten Kruispunt,Gewestweg,buiten bebouwde kom,Tussen 2 bestuurders: Frontale botsing,Geen hindernis
10374,77,Leuven teller 2,Leuven,50.88672,4.70796,1.2330457153120873,50.89779504978274,4.707077001061845,2018,10,9,24062,Leuven,Normaal,Droog,Dageraad - schemering,met lichtgewonden,3,Fiets,6,Bromfiets,Buiten Kruispunt,Gewestweg,buiten bebouwde kom,Tussen 2 bestuurders: Frontale botsing,Geen hindernis
10376,77,Leuven teller 2,Leuven,50.88672,4.70796,0.8139394173838342,50.887205858116985,4.696382345336156,2018,10,20,24062,Leuven,Normaal,Droog,Dageraad - schemering,met lichtgewonden,9,personenauto,3,Fiets,Op Kruispunt,Gemeenteweg,binnen bebouwde kom,Tussen 2 bestuurders: Langs achteren,Geen hindernis
10376,107,leuven totem,Leuven,50.8870744,4.7087919,0.870619677550562,50.887205858116985,4.696382345336156,2018,10,20,24062,Leuven,Normaal,Droog,Dageraad - schemering,met lichtgewonden,9,personenauto,3,Fiets,Op Kruispunt,Gemeenteweg,binnen bebouwde kom,Tussen 2 bestuurders: Langs achteren,Geen hindernis
10376,69,Leuven teller 1,Leuven,50.87549,4.71526,1.8577212098984868,50.887205858116985,4.696382345336156,2018,10,20,24062,Leuven,Normaal,Droog,Dageraad - schemering,met lichtgewonden,9,personenauto,3,Fiets,Op Kruispunt,Gemeenteweg,binnen bebouwde kom,Tussen 2 bestuurders: Langs achteren,Geen hindernis
10376,151,Leuven,District Leuven,50.8690262,4.6854839,2.1612695922447767,50.887205858116985,4.696382345336156,2018,10,20,24062,Leuven,Normaal,Droog,Dageraad - schemering,met lichtgewonden,9,personenauto,3,Fiets,Op Kruispunt,Gemeenteweg,binnen bebouwde kom,Tussen 2 bestuurders: Langs achteren,Geen hindernis
10377,151,Leuven,District Leuven,50.8690262,4.6854839,0.324139558322405,50.8661444060182,4.684788124552913,2018,10,16,24062,Leuven,Normaal,Droog,Dag,met lichtgewonden,3,Fiets,3,Fiets,Buiten Kruispunt,Gemeenteweg,binnen bebouwde kom,Tss. 2 best.: langs opzij (voor-/achterkant-flank),Geen hindernis
10377,108,Heverlee teller 1,Leuven,50.8471728,4.6954674,2.2387730459234403,50.8661444060182,4.684788124552913,2018,10,16,24062,Leuven,Normaal,Droog,Dag,met lichtgewonden,3,Fiets,3,Fiets,Buiten Kruispunt,Gemeenteweg,binnen bebouwde kom,Tss. 2 best.: langs opzij (voor-/achterkant-flank),Geen hindernis
10377,76,Heverlee teller 2,Leuven,50.84606,4.69597,2.3671981938982958,50.8661444060182,4.684788124552913,2018,10,16,24062,Leuven,Normaal,Droog,Dag,met lichtgewonden,3,Fiets,3,Fiets,Buiten Kruispunt,Gemeenteweg,binnen bebouwde kom,Tss. 2 best.: langs opzij (voor-/achterkant-flank),Geen hindernis
10377,69,Leuven teller 1,Leuven,50.87549,4.71526,2.377413619211467,50.8661444060182,4.684788124552913,2018,10,16,24062,Leuven,Normaal,Droog,Dag,met lichtgewonden,3,Fiets,3,Fiets,Buiten Kruispunt,Gemeenteweg,binnen bebouwde kom,Tss. 2 best.: langs opzij (voor-/achterkant-flank),Geen hindernis
10378,151,Leuven,District Leuven,50.8690262,4.6854839,0.9383305999639739,50.86850488148202,4.698829658031773,2018,10,21,24062,Leuven,Normaal,Droog,"Nacht, openbare verlichting aanwezig en ontstoken",met lichtgewonden,9,personenauto,3,Fiets,Op Kruispunt,Gewestweg,binnen bebouwde kom,Tss. 2 best.: langs opzij (voor-/achterkant-flank),Geen hindernis
10378,69,Leuven teller 1,Leuven,50.87549,4.71526,1.3901439617337101,50.86850488148202,4.698829658031773,2018,10,21,24062,Leuven,Normaal,Droog,"Nacht, openbare verlichting aanwezig en ontstoken",met lichtgewonden,9,personenauto,3,Fiets,Op Kruispunt,Gewestweg,binnen bebouwde kom,Tss. 2 best.: langs opzij (voor-/achterkant-flank),Geen hindernis
10378,77,Leuven teller 2,Leuven,50.88672,4.70796,2.1243187130980403,50.86850488148202,4.698829658031773,2018,10,21,24062,Leuven,Normaal,Droog,"Nacht, openbare verlichting aanwezig en ontstoken",met lichtgewonden,9,personenauto,3,Fiets,Op Kruispunt,Gewestweg,binnen bebouwde kom,Tss. 2 best.: langs opzij (voor-/achterkant-flank),Geen hindernis
10378,107,leuven totem,Leuven,50.8870744,4.7087919,2.179931307170528,50.86850488148202,4.698829658031773,2018,10,21,24062,Leuven,Normaal,Droog,"Nacht, openbare verlichting aanwezig en ontstoken",met lichtgewonden,9,personenauto,3,Fiets,Op Kruispunt,Gewestweg,binnen bebouwde kom,Tss. 2 best.: langs opzij (voor-/achterkant-flank),Geen hindernis
10378,108,Heverlee teller 1,Leuven,50.8471728,4.6954674,2.3837307003193637,50.86850488148202,4.698829658031773,2018,10,21,24062,Leuven,Normaal,Droog,"Nacht, openbare verlichting aanwezig en ontstoken",met lichtgewonden,9,personenauto,3,Fiets,Op Kruispunt,Gewestweg,binnen bebouwde kom,Tss. 2 best.: langs opzij (voor-/achterkant-flank),Geen hindernis
10379,77,Leuven teller 2,Leuven,50.88672,4.70796,1.6050963639775186,50.88696520513226,4.685081654734446,2018,10,8,24062,Leuven,Normaal,Droog,Dag,met lichtgewonden,9,personenauto,3,Fiets,Op Kruispunt,Gemeenteweg,binnen bebouwde kom,Tussen 2 bestuurders: Flank tegen flank,Geen hindernis
10379,107,leuven totem,Leuven,50.8870744,4.7087919,1.6632586859315397,50.88696520513226,4.685081654734446,2018,10,8,24062,Leuven,Normaal,Droog,Dag,met lichtgewonden,9,personenauto,3,Fiets,Op Kruispunt,Gemeenteweg,binnen bebouwde kom,Tussen 2 bestuurders: Flank tegen flank,Geen hindernis
10379,151,Leuven,District Leuven,50.8690262,4.6854839,1.9949259960092576,50.88696520513226,4.685081654734446,2018,10,8,24062,Leuven,Normaal,Droog,Dag,met lichtgewonden,9,personenauto,3,Fiets,Op Kruispunt,Gemeenteweg,binnen bebouwde kom,Tussen 2 bestuurders: Flank tegen flank,Geen hindernis
10379,69,Leuven teller 1,Leuven,50.87549,4.71526,2.4719762289725424,50.88696520513226,4.685081654734446,2018,10,8,24062,Leuven,Normaal,Droog,Dag,met lichtgewonden,9,personenauto,3,Fiets,Op Kruispunt,Gemeenteweg,binnen bebouwde kom,Tussen 2 bestuurders: Flank tegen flank,Geen hindernis
10380,69,Leuven teller 1,Leuven,50.87549,4.71526,0.5518381075561257,50.874288718729964,4.722890894612682,2018,10,12,24062,Leuven,Normaal,Droog,Dag,met zwaargewonden,9,personenauto,3,Fiets,Op Kruispunt,Gemeenteweg,binnen bebouwde kom,Tss. 2 best.: langs opzij (voor-/achterkant-flank),Geen hindernis
10380,107,leuven totem,Leuven,50.8870744,4.7087919,1.731948163338184,50.874288718729964,4.722890894612682,2018,10,12,24062,Leuven,Normaal,Droog,Dag,met zwaargewonden,9,personenauto,3,Fiets,Op Kruispunt,Gemeenteweg,binnen bebouwde kom,Tss. 2 best.: langs opzij (voor-/achterkant-flank),Geen hindernis
10380,77,Leuven teller 2,Leuven,50.88672,4.70796,1.7343646246372475,50.874288718729964,4.722890894612682,2018,10,12,24062,Leuven,Normaal,Droog,Dag,met zwaargewonden,9,personenauto,3,Fiets,Op Kruispunt,Gemeenteweg,binnen bebouwde kom,Tss. 2 best.: langs opzij (voor-/achterkant-flank),Geen hindernis
10381,77,Leuven teller 2,Leuven,50.88672,4.70796,1.268286297646187,50.880772489336366,4.692533380999701,2018,10,10,24062,Leuven,Normaal,Droog,Dag,met lichtgewonden,9,personenauto,3,Fiets,Op Kruispunt,Gemeenteweg,binnen bebouwde kom,Tss. 2 best.: langs opzij (voor-/achterkant-flank),Geen hindernis
10381,107,leuven totem,Leuven,50.8870744,4.7087919,1.3386327618530385,50.880772489336366,4.692533380999701,2018,10,10,24062,Leuven,Normaal,Droog,Dag,met lichtgewonden,9,personenauto,3,Fiets,Op Kruispunt,Gemeenteweg,binnen bebouwde kom,Tss. 2 best.: langs opzij (voor-/achterkant-flank),Geen hindernis
10381,151,Leuven,District Leuven,50.8690262,4.6854839,1.3966498099233255,50.880772489336366,4.692533380999701,2018,10,10,24062,Leuven,Normaal,Droog,Dag,met lichtgewonden,9,personenauto,3,Fiets,Op Kruispunt,Gemeenteweg,binnen bebouwde kom,Tss. 2 best.: langs opzij (voor-/achterkant-flank),Geen hindernis
10381,69,Leuven teller 1,Leuven,50.87549,4.71526,1.6992689930126867,50.880772489336366,4.692533380999701,2018,10,10,24062,Leuven,Normaal,Droog,Dag,met lichtgewonden,9,personenauto,3,Fiets,Op Kruispunt,Gemeenteweg,binnen bebouwde kom,Tss. 2 best.: langs opzij (voor-/achterkant-flank),Geen hindernis
10382,107,leuven totem,Leuven,50.8870744,4.7087919,1.0910913507063167,50.88407009178331,4.723598700833014,2018,10,23,24062,Leuven,Normaal,Droog,"Nacht, openbare verlichting aanwezig en ontstoken",met lichtgewonden,3,Fiets,3,Fiets,Op Kruispunt,Gewestweg,buiten bebouwde kom,Tussen 2 bestuurders: Frontale botsing,Geen hindernis
10382,69,Leuven teller 1,Leuven,50.87549,4.71526,1.1191494845166923,50.88407009178331,4.723598700833014,2018,10,23,24062,Leuven,Normaal,Droog,"Nacht, openbare verlichting aanwezig en ontstoken",met lichtgewonden,3,Fiets,3,Fiets,Op Kruispunt,Gewestweg,buiten bebouwde kom,Tussen 2 bestuurders: Frontale botsing,Geen hindernis
10382,77,Leuven teller 2,Leuven,50.88672,4.70796,1.135935657217372,50.88407009178331,4.723598700833014,2018,10,23,24062,Leuven,Normaal,Droog,"Nacht, openbare verlichting aanwezig en ontstoken",met lichtgewonden,3,Fiets,3,Fiets,Op Kruispunt,Gewestweg,buiten bebouwde kom,Tussen 2 bestuurders: Frontale botsing,Geen hindernis
10383,77,Leuven teller 2,Leuven,50.88672,4.70796,0.7868412211213818,50.87974607057699,4.706059692866984,2018,10,15,24062,Leuven,Normaal,Droog,Dag,met lichtgewonden,3,Fiets,3,Fiets,Buiten Kruispunt,Gemeenteweg,binnen bebouwde kom,Tss. 2 best.: langs opzij (voor-/achterkant-flank),Geen hindernis
10383,69,Leuven teller 1,Leuven,50.87549,4.71526,0.8004063955466195,50.87974607057699,4.706059692866984,2018,10,15,24062,Leuven,Normaal,Droog,Dag,met lichtgewonden,3,Fiets,3,Fiets,Buiten Kruispunt,Gemeenteweg,binnen bebouwde kom,Tss. 2 best.: langs opzij (voor-/achterkant-flank),Geen hindernis
10383,107,leuven totem,Leuven,50.8870744,4.7087919,0.8371119273182045,50.87974607057699,4.706059692866984,2018,10,15,24062,Leuven,Normaal,Droog,Dag,met lichtgewonden,3,Fiets,3,Fiets,Buiten Kruispunt,Gemeenteweg,binnen bebouwde kom,Tss. 2 best.: langs opzij (voor-/achterkant-flank),Geen hindernis
10383,151,Leuven,District Leuven,50.8690262,4.6854839,1.872221677931502,50.87974607057699,4.706059692866984,2018,10,15,24062,Leuven,Normaal,Droog,Dag,met lichtgewonden,3,Fiets,3,Fiets,Buiten Kruispunt,Gemeenteweg,binnen bebouwde kom,Tss. 2 best.: langs opzij (voor-/achterkant-flank),Geen hindernis
10384,107,leuven totem,Leuven,50.8870744,4.7087919,2.406636615610587,50.90846585273728,4.7140127435668475,2018,10,6,24062,Leuven,Normaal,"Nat, plassen",Dageraad - schemering,met lichtgewonden,5,Lichte vrachtauto,3,Fiets,Buiten Kruispunt,Gewestweg,buiten bebouwde kom,Tss. 2 best.: langs opzij (voor-/achterkant-flank),Geen hindernis
10384,77,Leuven teller 2,Leuven,50.88672,4.70796,2.455005550182402,50.90846585273728,4.7140127435668475,2018,10,6,24062,Leuven,Normaal,"Nat, plassen",Dageraad - schemering,met lichtgewonden,5,Lichte vrachtauto,3,Fiets,Buiten Kruispunt,Gewestweg,buiten bebouwde kom,Tss. 2 best.: langs opzij (voor-/achterkant-flank),Geen hindernis
10388,69,Leuven teller 1,Leuven,50.87549,4.71526,1.3310709587193716,50.88446370919094,4.727816723869021,2018,10,7,24062,Leuven,Onbekend,Onbekend,Dageraad - schemering,met lichtgewonden,3,Fiets,2,Andere weggebruiker,Op Kruispunt,Gewestweg,binnen bebouwde kom,Tss. 2 best.: langs opzij (voor-/achterkant-flank),Geen hindernis
10388,107,leuven totem,Leuven,50.8870744,4.7087919,1.3657870500625608,50.88446370919094,4.727816723869021,2018,10,7,24062,Leuven,Onbekend,Onbekend,Dageraad - schemering,met lichtgewonden,3,Fiets,2,Andere weggebruiker,Op Kruispunt,Gewestweg,binnen bebouwde kom,Tss. 2 best.: langs opzij (voor-/achterkant-flank),Geen hindernis
10388,77,Leuven teller 2,Leuven,50.88672,4.70796,1.415356053021477,50.88446370919094,4.727816723869021,2018,10,7,24062,Leuven,Onbekend,Onbekend,Dageraad - schemering,met lichtgewonden,3,Fiets,2,Andere weggebruiker,Op Kruispunt,Gewestweg,binnen bebouwde kom,Tss. 2 best.: langs opzij (voor-/achterkant-flank),Geen hindernis
10390,23,Tienen 3,Tienen,50.81324,4.93447,0.42993702748500146,50.81180734935018,4.928786297424366,2018,10,10,24107,Tienen,Normaal,Droog,Dag,met lichtgewonden,9,personenauto,3,Fiets,Op Kruispunt,Gewestweg,binnen bebouwde kom,Tss. 2 best.: langs opzij (voor-/achterkant-flank),Geen hindernis
10390,24,Tienen 1,Tienen,50.8133795491886,4.935044252605416,0.4731612015298723,50.81180734935018,4.928786297424366,2018,10,10,24107,Tienen,Normaal,Droog,Dag,met lichtgewonden,9,personenauto,3,Fiets,Op Kruispunt,Gewestweg,binnen bebouwde kom,Tss. 2 best.: langs opzij (voor-/achterkant-flank),Geen hindernis
10390,22,Tienen 2,Tienen,50.81330800184882,4.935984252796022,0.5325428571474925,50.81180734935018,4.928786297424366,2018,10,10,24107,Tienen,Normaal,Droog,Dag,met lichtgewonden,9,personenauto,3,Fiets,Op Kruispunt,Gewestweg,binnen bebouwde kom,Tss. 2 best.: langs opzij (voor-/achterkant-flank),Geen hindernis
10391,150,Bertem,District Leuven,50.8687535,4.56136297,1.6899299806949961,50.87633995870529,4.540494531103984,2018,10,20,24055,Kortenberg,Normaal,Droog,"Nacht, openbare verlichting aanwezig en ontstoken",met lichtgewonden,3,Fiets,11,een weggebruiker tegen een hindernis,Buiten Kruispunt,Gemeenteweg,binnen bebouwde kom,Weggebruiker tegen hindernis op de rijbaan,"Op de rijbaan: Werken (signal., aarde, toestel,…)"
10393,150,Bertem,District Leuven,50.8687535,4.56136297,2.497394511875061,50.88836380563904,4.5440109896373855,2018,10,14,24055,Kortenberg,Normaal,Droog,Dag,met lichtgewonden,9,personenauto,3,Fiets,Op Kruispunt,Gewestweg,binnen bebouwde kom,Tussen 2 bestuurders: Flank tegen flank,Geen hindernis
10394,72,Herent teller 1,Herent,50.89135,4.64689,1.31094413819557,50.90312443275156,4.645942014271012,2018,10,6,24038,Herent,Normaal,Droog,"Nacht, openbare verlichting aanwezig en ontstoken",met lichtgewonden,9,personenauto,3,Fiets,Op Kruispunt,Gemeenteweg,binnen bebouwde kom,Tss. 2 best.: langs opzij (voor-/achterkant-flank),Geen hindernis
10394,73,Herent teller 2,Herent,50.89128,4.64685,1.3185793741207854,50.90312443275156,4.645942014271012,2018,10,6,24038,Herent,Normaal,Droog,"Nacht, openbare verlichting aanwezig en ontstoken",met lichtgewonden,9,personenauto,3,Fiets,Op Kruispunt,Gemeenteweg,binnen bebouwde kom,Tss. 2 best.: langs opzij (voor-/achterkant-flank),Geen hindernis
10395,87,Aarschot,Aarschot,50.99084,4.81259,1.2347992457341528,50.98691838186607,4.829094828743008,2018,10,15,24001,Aarschot,Normaal,Droog,Dag,met lichtgewonden,5,Lichte vrachtauto,3,Fiets,Buiten Kruispunt,Gewestweg,binnen bebouwde kom,Tussen 2 bestuurders: Flank tegen flank,Geen hindernis
10396,87,Aarschot,Aarschot,50.99084,4.81259,1.8570182474256094,51.00005309142697,4.834721845556886,2018,10,18,24001,Aarschot,Onbekend,Droog,Dag,met lichtgewonden,9,personenauto,3,Fiets,Op Kruispunt,Gewestweg,buiten bebouwde kom,Tussen 2 bestuurders: Langs achteren,Geen hindernis
10398,70,Kampenhout teller 1,Kampenhout,50.95682,4.59318,1.0786722954430945,50.961471693351136,4.606694908854649,2018,10,9,24033,Haacht,Normaal,Droog,Dag,met lichtgewonden,3,Fiets,11,een weggebruiker tegen een hindernis,Buiten Kruispunt,Gemeenteweg,binnen bebouwde kom,Weggebruiker tegen hindernis buiten rijbaan,Andere hindernis
10398,71,Kampenhout teller 2,Kampenhout,50.95589,4.59164,1.223542011417971,50.961471693351136,4.606694908854649,2018,10,9,24033,Haacht,Normaal,Droog,Dag,met lichtgewonden,3,Fiets,11,een weggebruiker tegen een hindernis,Buiten Kruispunt,Gemeenteweg,binnen bebouwde kom,Weggebruiker tegen hindernis buiten rijbaan,Andere hindernis
10403,101,Diest teller 1,Diest,50.97799,5.04481,0.0350949406238372,50.978280315801484,5.045006653137968,2018,10,9,24020,Diest,Normaal,Droog,Dag,met lichtgewonden,9,personenauto,3,Fiets,Op Kruispunt,Gewestweg,binnen bebouwde kom,Tss. 2 best.: langs opzij (voor-/achterkant-flank),Geen hindernis
10403,102,Diest teller 2,Diest,50.9779,5.04474,0.046226472584104075,50.978280315801484,5.045006653137968,2018,10,9,24020,Diest,Normaal,Droog,Dag,met lichtgewonden,9,personenauto,3,Fiets,Op Kruispunt,Gewestweg,binnen bebouwde kom,Tss. 2 best.: langs opzij (voor-/achterkant-flank),Geen hindernis
10404,101,Diest teller 1,Diest,50.97799,5.04481,2.30949948405364,50.96898827429951,5.074535839689952,2018,10,7,24020,Diest,Normaal,Droog,Dag,met lichtgewonden,3,Fiets,8,Voetganger,Buiten Kruispunt,Gewestweg,buiten bebouwde kom,Met een voetganger,Geen hindernis
10404,102,Diest teller 2,Diest,50.9779,5.04474,2.309607846317566,50.96898827429951,5.074535839689952,2018,10,7,24020,Diest,Normaal,Droog,Dag,met lichtgewonden,3,Fiets,8,Voetganger,Buiten Kruispunt,Gewestweg,buiten bebouwde kom,Met een voetganger,Geen hindernis
10407,26,Zaventem,Zaventem,50.86995,4.45444,0.5515872153144118,50.86505034377972,4.455667708422056,2018,10,8,23099,Kraainem,Normaal,Droog,Dageraad - schemering,met lichtgewonden,3,Fiets,9,personenauto,Op Kruispunt,Gemeenteweg,binnen bebouwde kom,Tussen 2 bestuurders: Frontale botsing,Geen hindernis
10407,111,Zaventem totem,Zaventem,50.8871216,4.4597084,2.4705330574045776,50.86505034377972,4.455667708422056,2018,10,8,23099,Kraainem,Normaal,Droog,Dageraad - schemering,met lichtgewonden,3,Fiets,9,personenauto,Op Kruispunt,Gemeenteweg,binnen bebouwde kom,Tussen 2 bestuurders: Frontale botsing,Geen hindernis
10408,147,Overijse,District Vilvoorde-gewestwegen,50.7797555,4.4975769,0.6869005019460444,50.78491268605712,4.502955354103419,2018,10,6,23062,Overijse,Normaal,Droog,"Nacht, openbare verlichting aanwezig en ontstoken",met lichtgewonden,9,personenauto,3,Fiets,Op Kruispunt,Gewestweg,binnen bebouwde kom,Tss. 2 best.: langs opzij (voor-/achterkant-flank),Geen hindernis
10408,145,Overijse,District Vilvoorde-gewestwegen,50.7885856,4.4908759,0.9422744788324572,50.78491268605712,4.502955354103419,2018,10,6,23062,Overijse,Normaal,Droog,"Nacht, openbare verlichting aanwezig en ontstoken",met lichtgewonden,9,personenauto,3,Fiets,Op Kruispunt,Gewestweg,binnen bebouwde kom,Tss. 2 best.: langs opzij (voor-/achterkant-flank),Geen hindernis
10408,146,Overijse 2,District Vilvoorde-gewestwegen,50.7881478,4.4902818,0.960816662278149,50.78491268605712,4.502955354103419,2018,10,6,23062,Overijse,Normaal,Droog,"Nacht, openbare verlichting aanwezig en ontstoken",met lichtgewonden,9,personenauto,3,Fiets,Op Kruispunt,Gewestweg,binnen bebouwde kom,Tss. 2 best.: langs opzij (voor-/achterkant-flank),Geen hindernis
10410,78,Pepingen teller 1,Pepingen,50.75824,4.1652,0.8023046760399729,50.757763741407764,4.153819038583849,2018,10,13,23064,Pepingen,Normaal,Droog+Proper,Dag,met lichtgewonden,3,Fiets,9,personenauto,Buiten Kruispunt,Gemeenteweg,binnen bebouwde kom,Tss. 2 best.: langs opzij (voor-/achterkant-flank),Geen hindernis
10410,79,Pepingen teller 2,Pepingen,50.75848,4.16537,0.816405112285986,50.757763741407764,4.153819038583849,2018,10,13,23064,Pepingen,Normaal,Droog+Proper,Dag,met lichtgewonden,3,Fiets,9,personenauto,Buiten Kruispunt,Gemeenteweg,binnen bebouwde kom,Tss. 2 best.: langs opzij (voor-/achterkant-flank),Geen hindernis
10411,86,Asse teller 2,Asse,50.89132,4.1709,1.5651642173912346,50.88289617390316,4.1887757479839545,2018,10,11,23086,Ternat,Normaal,Droog,Dag,met lichtgewonden,3,Fiets,11,een weggebruiker tegen een hindernis,Buiten Kruispunt,Gemeenteweg,buiten bebouwde kom,Weggebruiker tegen hindernis op de rijbaan,"Op de rijbaan: Put, straatgoot, tramspoor"
10411,85,Asse teller 1,Asse,50.89621,4.17294,1.8508105705987947,50.88289617390316,4.1887757479839545,2018,10,11,23086,Ternat,Normaal,Droog,Dag,met lichtgewonden,3,Fiets,11,een weggebruiker tegen een hindernis,Buiten Kruispunt,Gemeenteweg,buiten bebouwde kom,Weggebruiker tegen hindernis op de rijbaan,"Op de rijbaan: Put, straatgoot, tramspoor"
10418,152,Opwijk,District Vilvoorde-gewestwegen,50.968901168564656,4.149169474840164,1.3115254630800353,50.96786370639316,4.167826294364611,2018,10,16,23060,Opwijk,Normaal,"Ijzel, sneeuw",Dag,met lichtgewonden,3,Fiets,9,personenauto,Op Kruispunt,Gewestweg,binnen bebouwde kom,Tss. 2 best.: langs opzij (voor-/achterkant-flank),Geen hindernis
10419,152,Opwijk,District Vilvoorde-gewestwegen,50.968901168564656,4.149169474840164,2.055870501303734,50.98491635313338,4.1638425489014015,2018,10,7,23060,Opwijk,Normaal,Droog,Dageraad - schemering,met zwaargewonden,5,Lichte vrachtauto,3,Fiets,Buiten Kruispunt,Gemeenteweg,buiten bebouwde kom,Tussen 2 bestuurders: Langs achteren,Geen hindernis
10421,152,Opwijk,District Vilvoorde-gewestwegen,50.968901168564656,4.149169474840164,2.0916243143877162,50.95207059403297,4.162506231862418,2018,10,10,23060,Opwijk,Normaal,Droog,Dag,met lichtgewonden,9,personenauto,3,Fiets,Op Kruispunt,Gewestweg,binnen bebouwde kom,Tss. 2 best.: langs opzij (voor-/achterkant-flank),Geen hindernis
10422,85,Asse teller 1,Asse,50.89621,4.17294,2.4080971392829493,50.91117128133548,4.197768936103441,2018,10,15,23002,Asse,Normaal,Droog,Dag,met lichtgewonden,9,personenauto,3,Fiets,Buiten Kruispunt,Gewestweg,binnen bebouwde kom,Tss. 2 best.: langs opzij (voor-/achterkant-flank),Geen hindernis
10429,27,Grimbergen,Meise,50.92127,4.34013,1.8516313794142243,50.90484428390584,4.344470374194373,2018,10,17,23025,Grimbergen,Normaal,Droog,Dag,met lichtgewonden,5,Lichte vrachtauto,3,Fiets,Op Kruispunt,Gewestweg,buiten bebouwde kom,Tussen 2 bestuurders: Flank tegen flank,Geen hindernis
10430,27,Grimbergen,Meise,50.92127,4.34013,2.1533709321027295,50.93811490526965,4.355288643115929,2018,10,17,23025,Grimbergen,"Sterke wind, rukwind","Nat, plassen","Nacht, openbare verlichting aanwezig en ontstoken",met lichtgewonden,9,personenauto,3,Fiets,Buiten Kruispunt,Gewestweg,buiten bebouwde kom,Tss. 2 best.: langs opzij (voor-/achterkant-flank),Geen hindernis
10431,109,Zemst,Zemst,50.9903936,4.4707023,0.9851207922893961,50.982588724930324,4.464043065265521,2018,10,22,23096,Zemst,Normaal,Droog,"Nacht, openb. verlicht. aanw., maar niet ontstoken",met lichtgewonden,9,personenauto,3,Fiets,Op Kruispunt,Gemeenteweg,binnen bebouwde kom,Tss. 2 best.: langs opzij (voor-/achterkant-flank),Geen hindernis
10433,1,Machelen,Machelen,50.91618331151478,4.456121776137429,2.1691938599552225,50.91321486714411,4.486703175331594,2018,10,6,23081,Steenokkerzeel,Normaal,Droog,"Nacht, openbare verlichting aanwezig en ontstoken",met lichtgewonden,5,Lichte vrachtauto,3,Fiets,Buiten Kruispunt,Gewestweg,buiten bebouwde kom,Tss. 2 best.: langs opzij (voor-/achterkant-flank),Geen hindernis