crash_row_id,site_id,site_name,site_gemeente,site_lat,site_long,distance_km,crash_lat,crash_long,DT_YEAR_COLLISION,DT_MONTH_COLLISION,DT_TIME,CD_NIS,TX_MUNTY_COLLISION_NL,TX_WEATHER_NL,TX_ROAD_CONDITION_NL,TX_LIGHT_CONDITION_NL,TX_CLASS_ACCIDENTS_NL,CD_ROAD_USR_TYPE1,TX_ROAD_USR_TYPE1_NL,CD_ROAD_USR_TYPE2,TX_ROAD_USR_TYPE2_NL,TX_CROSSWAY_NL,CD_ROAD_TYPE_NL,TX_BUILD_UP_AREA_NL,TX_COLLISION_TYPE_NL,TX_OBSTACLES_NL
10435,13,Gent,Gent,51.03018,3.70146,1.3808623997876321,51.03322069619752,3.7206054320358093,2018,10,15,44021,Gent,Normaal,Droog,Dag,met zwaargewonden,3,Fiets,9,personenauto,Op Kruispunt,Gewestweg,binnen bebouwde kom,Tussen 2 bestuurders: Flank tegen flank,Geen hindernis
10437,13,Gent,Gent,51.03018,3.70146,2.2593398856842466,51.04660077247677,3.720491503258358,2018,10,12,44021,Gent,Normaal,Droog,Dag,met lichtgewonden,3,Fiets,3,Fiets,Op Kruispunt,Gemeenteweg,binnen bebouwde kom,Tussen 2 bestuurders: Flank tegen flank,Geen hindernis
10438,118,Gent teller 1,Gent,51.028049,3.7681359,2.2821449056125456,51.03359622109558,3.7367161513185523,2018,10,16,44021,Gent,Normaal,Droog,Dag,met lichtgewonden,9,personenauto,3,Fiets,Op Kruispunt,Gemeenteweg,binnen bebouwde kom,Tss. 2 best.: langs opzij (voor-/achterkant-flank),Geen hindernis
10438,119,Gent teller 2,Gent,51.0281795,3.7683918,2.295526132642929,51.03359622109558,3.7367161513185523,2018,10,16,44021,Gent,Normaal,Droog,Dag,met lichtgewonden,9,personenauto,3,Fiets,Op Kruispunt,Gemeenteweg,binnen bebouwde kom,Tss. 2 best.: langs opzij (voor-/achterkant-flank),Geen hindernis
10438,13,Gent,Gent,51.03018,3.70146,2.4945246469095523,51.03359622109558,3.7367161513185523,2018,10,16,44021,Gent,Normaal,Droog,Dag,met lichtgewonden,9,personenauto,3,Fiets,Op Kruispunt,Gemeenteweg,binnen bebouwde kom,Tss. 2 best.: langs opzij (voor-/achterkant-flank),Geen hindernis
10439,119,Gent teller 2,Gent,51.0281795,3.7683918,2.153168253469714,51.04575156160043,3.755454325720383,2018,10,22,44021,Gent,Normaal,Droog,"Nacht, openbare verlichting aanwezig en ontstoken",met lichtgewonden,9,personenauto,3,Fiets,Op Kruispunt,Gemeenteweg,binnen bebouwde kom,Tussen 2 bestuurders: Langs achteren,Geen hindernis
10439,118,Gent teller 1,Gent,51.028049,3.7681359,2.158935133462288,51.04575156160043,3.755454325720383,2018,10,22,44021,Gent,Normaal,Droog,"Nacht, openbare verlichting aanwezig en ontstoken",met lichtgewonden,9,personenauto,3,Fiets,Op Kruispunt,Gemeenteweg,binnen bebouwde kom,Tussen 2 bestuurders: Langs achteren,Geen hindernis
10444,13,Gent,Gent,51.03018,3.70146,2.288129521488134,51.04338459446032,3.7265580790323183,2018,10,22,44021,Gent,Normaal,Droog,"Nacht, openbare verlichting aanwezig en ontstoken",met lichtgewonden,3,Fiets,11,een weggebruiker tegen een hindernis,Buiten Kruispunt,Gemeenteweg,binnen bebouwde kom,Weggebruiker tegen hindernis op de rijbaan,"Op de rijbaan: Put, straatgoot, tramspoor"
10446,13,Gent,Gent,51.03018,3.70146,2.236070722694614,51.04927871665817,3.7114717660376093,2018,10,5,44021,Gent,Normaal,Droog,Onbekend,met lichtgewonden,3,Fiets,3,Fiets,Op Kruispunt,Gemeenteweg,binnen bebouwde kom,Tussen 2 bestuurders: Frontale botsing,Geen hindernis
10447,119,Gent teller 2,Gent,51.0281795,3.7683918,1.844982056134176,51.04476931715708,3.768850294873393,2018,10,8,44021,Gent,Normaal,Droog,Dageraad - schemering,met lichtgewonden,9,personenauto,3,Fiets,Buiten Kruispunt,Gemeenteweg,binnen bebouwde kom,Tss. 2 best.: langs opzij (voor-/achterkant-flank),Geen hindernis
10447,118,Gent teller 1,Gent,51.028049,3.7681359,1.859885359099221,51.04476931715708,3.768850294873393,2018,10,8,44021,Gent,Normaal,Droog,Dageraad - schemering,met lichtgewonden,9,personenauto,3,Fiets,Buiten Kruispunt,Gemeenteweg,binnen bebouwde kom,Tss. 2 best.: langs opzij (voor-/achterkant-flank),Geen hindernis
10451,13,Gent,Gent,51.03018,3.70146,2.1006808074043595,51.04311856984153,3.679568679289556,2018,10,16,44021,Gent,Onbekend,Droog,Dag,met lichtgewonden,3,Fiets,6,Bromfiets,Buiten Kruispunt,Autosnelweg,buiten bebouwde kom,Tussen 2 bestuurders: Langs achteren,Geen hindernis
10454,118,Gent teller 1,Gent,51.028049,3.7681359,2.3853089780735677,51.04279462173055,3.7433600463352095,2018,10,7,44021,Gent,Normaal,Droog,Dageraad - schemering,met lichtgewonden,3,Fiets,3,Fiets,Op Kruispunt,Gemeenteweg,onbekend,Tss. 2 best.: langs opzij (voor-/achterkant-flank),Geen hindernis
10454,119,Gent teller 2,Gent,51.0281795,3.7683918,2.388437529745175,51.04279462173055,3.7433600463352095,2018,10,7,44021,Gent,Normaal,Droog,Dageraad - schemering,met lichtgewonden,3,Fiets,3,Fiets,Op Kruispunt,Gemeenteweg,onbekend,Tss. 2 best.: langs opzij (voor-/achterkant-flank),Geen hindernis
10455,13,Gent,Gent,51.03018,3.70146,1.6342581210944656,51.02823354023033,3.724623006778584,2018,10,15,44021,Gent,Normaal,Droog,Dag,met lichtgewonden,3,Fiets,9,personenauto,Op Kruispunt,Gemeenteweg,binnen bebouwde kom,Tss. 2 best.: langs opzij (voor-/achterkant-flank),Geen hindernis
10456,118,Gent teller 1,Gent,51.028049,3.7681359,2.066061420389799,51.03386354658882,3.740075327502192,2018,10,17,44021,Gent,Normaal,Droog,Dag,met lichtgewonden,4,Vrachtwagen,3,Fiets,Op Kruispunt,Gewestweg,binnen bebouwde kom,Tss. 2 best.: langs opzij (voor-/achterkant-flank),Geen hindernis
10456,119,Gent teller 2,Gent,51.0281795,3.7683918,2.0786045290402573,51.03386354658882,3.740075327502192,2018,10,17,44021,Gent,Normaal,Droog,Dag,met lichtgewonden,4,Vrachtwagen,3,Fiets,Op Kruispunt,Gewestweg,binnen bebouwde kom,Tss. 2 best.: langs opzij (voor-/achterkant-flank),Geen hindernis
10459,136,Gent R4,Gent,51.0876313,3.7587918,2.1535235426696975,51.08064083640717,3.7875439907104576,2018,10,17,44021,Gent,Normaal,Droog,Dag,met lichtgewonden,3,Fiets,9,personenauto,Op Kruispunt,Gewestweg,buiten bebouwde kom,Tss. 2 best.: langs opzij (voor-/achterkant-flank),Geen hindernis
10462,136,Gent R4,Gent,51.0876313,3.7587918,1.6105035892537727,51.07556346723388,3.746043118233253,2018,10,8,44021,Gent,Normaal,Droog,Dag,met lichtgewonden,9,personenauto,3,Fiets,Op Kruispunt,Gemeenteweg,buiten bebouwde kom,Tss. 2 best.: langs opzij (voor-/achterkant-flank),Geen hindernis
10464,118,Gent teller 1,Gent,51.028049,3.7681359,2.3840376707223467,51.01987631116445,3.736623106283922,2018,10,17,44021,Gent,Normaal,"Nat, plassen",Dageraad - schemering,met lichtgewonden,9,personenauto,3,Fiets,Op Kruispunt,Gemeenteweg,binnen bebouwde kom,Tss. 2 best.: langs opzij (voor-/achterkant-flank),Geen hindernis
10464,119,Gent teller 2,Gent,51.0281795,3.7683918,2.406121781833877,51.01987631116445,3.736623106283922,2018,10,17,44021,Gent,Normaal,"Nat, plassen",Dageraad - schemering,met lichtgewonden,9,personenauto,3,Fiets,Op Kruispunt,Gemeenteweg,binnen bebouwde kom,Tss. 2 best.: langs opzij (voor-/achterkant-flank),Geen hindernis
10465,13,Gent,Gent,51.03018,3.70146,1.7891219350032959,51.042613283275536,3.717700965857808,2018,10,12,44021,Gent,Normaal,Droog,Dag,met lichtgewonden,9,personenauto,3,Fiets,Op Kruispunt,Gewestweg,binnen bebouwde kom,Tss. 2 best.: langs opzij (voor-/achterkant-flank),Geen hindernis
10466,13,Gent,Gent,51.03018,3.70146,1.9146979016957488,51.01942446149636,3.6800810395841377,2018,10,9,44021,Gent,Normaal,"Nat, plassen",Dag,met lichtgewonden,9,personenauto,3,Fiets,Op Kruispunt,Gewestweg,binnen bebouwde kom,Tss. 2 best.: langs opzij (voor-/achterkant-flank),Geen hindernis
10470,13,Gent,Gent,51.03018,3.70146,1.3135100955942993,51.04197885051303,3.7023687252246447,2018,10,7,44021,Gent,Normaal,Droog,Dageraad - schemering,met lichtgewonden,3,Fiets,9,personenauto,Op Kruispunt,Gemeenteweg,binnen bebouwde kom,Tss. 2 best.: langs opzij (voor-/achterkant-flank),Geen hindernis
10471,13,Gent,Gent,51.03018,3.70146,0.8281735844986069,51.022823988425635,3.6996051893464474,2018,10,8,44021,Gent,Normaal,Droog,Dag,met lichtgewonden,3,Fiets,9,personenauto,Buiten Kruispunt,Gewestweg,buiten bebouwde kom,Tussen 2 bestuurders: Flank tegen flank,Geen hindernis
10472,119,Gent teller 2,Gent,51.0281795,3.7683918,1.3240658990734135,51.039551145397475,3.762774879553774,2018,10,13,44021,Gent,Normaal,Droog,Dag,met lichtgewonden,3,Fiets,11,een weggebruiker tegen een hindernis,Buiten Kruispunt,Gemeenteweg,buiten bebouwde kom,Weggebruiker tegen hindernis buiten rijbaan,Buiten de rijbaan: Andere paal
10472,118,Gent teller 1,Gent,51.028049,3.7681359,1.3327874624014429,51.039551145397475,3.762774879553774,2018,10,13,44021,Gent,Normaal,Droog,Dag,met lichtgewonden,3,Fiets,11,een weggebruiker tegen een hindernis,Buiten Kruispunt,Gemeenteweg,buiten bebouwde kom,Weggebruiker tegen hindernis buiten rijbaan,Buiten de rijbaan: Andere paal
10473,118,Gent teller 1,Gent,51.028049,3.7681359,0.3992390843964919,51.027133511229,3.7626159249409885,2018,10,17,44021,Gent,Normaal,Droog,Dag,met lichtgewonden,9,personenauto,3,Fiets,Buiten Kruispunt,Gemeenteweg,binnen bebouwde kom,Tss. 2 best.: langs opzij (voor-/achterkant-flank),Geen hindernis
10473,119,Gent teller 2,Gent,51.0281795,3.7683918,0.42035015133994036,51.027133511229,3.7626159249409885,2018,10,17,44021,Gent,Normaal,Droog,Dag,met lichtgewonden,9,personenauto,3,Fiets,Buiten Kruispunt,Gemeenteweg,binnen bebouwde kom,Tss. 2 best.: langs opzij (voor-/achterkant-flank),Geen hindernis
10474,136,Gent R4,Gent,51.0876313,3.7587918,2.465023662152742,51.06572872000482,3.7533431187909394,2018,10,8,44021,Gent,Normaal,Onbekend,Dag,met lichtgewonden,9,personenauto,3,Fiets,Op Kruispunt,Gewestweg,binnen bebouwde kom,Tussen 2 bestuurders: Langs achteren,Geen hindernis
10477,13,Gent,Gent,51.03018,3.70146,2.1462263499868257,51.04917964560867,3.706867394356645,2018,10,15,44021,Gent,Normaal,Droog,Dag,met lichtgewonden,3,Fiets,3,Fiets,Op Kruispunt,Gewestweg,binnen bebouwde kom,Tss. 2 best.: langs opzij (voor-/achterkant-flank),Geen hindernis
10487,136,Gent R4,Gent,51.0876313,3.7587918,2.489597193787298,51.07352075582185,3.7311212672501917,2018,10,18,44021,Gent,Normaal,Droog,Dageraad - schemering,met lichtgewonden,3,Fiets,9,personenauto,Op Kruispunt,Gemeenteweg,binnen bebouwde kom,Tss. 2 best.: langs opzij (voor-/achterkant-flank),Geen hindernis
10498,118,Gent teller 1,Gent,51.028049,3.7681359,1.982057538282649,51.01330763728676,3.7522048782918445,2018,10,14,44043,Merelbeke,Normaal,Droog,Dag,met lichtgewonden,9,personenauto,3,Fiets,Buiten Kruispunt,Gewestweg,binnen bebouwde kom,Tss. 2 best.: langs opzij (voor-/achterkant-flank),Geen hindernis
10498,119,Gent teller 2,Gent,51.0281795,3.7683918,2.0041311398274013,51.01330763728676,3.7522048782918445,2018,10,14,44043,Merelbeke,Normaal,Droog,Dag,met lichtgewonden,9,personenauto,3,Fiets,Buiten Kruispunt,Gewestweg,binnen bebouwde kom,Tss. 2 best.: langs opzij (voor-/achterkant-flank),Geen hindernis
10501,118,Gent teller 1,Gent,51.028049,3.7681359,1.2239081270471295,51.01722956756746,3.76492032338258,2018,10,20,44040,Melle,Normaal,Droog,"Nacht, openbare verlichting aanwezig en ontstoken",met lichtgewonden,3,Fiets,5,Lichte vrachtauto,Buiten Kruispunt,Gemeenteweg,binnen bebouwde kom,Tussen 2 bestuurders: Langs achteren,Geen hindernis
10501,119,Gent teller 2,Gent,51.0281795,3.7683918,1.2415506714400366,51.01722956756746,3.76492032338258,2018,10,20,44040,Melle,Normaal,Droog,"Nacht, openbare verlichting aanwezig en ontstoken",met lichtgewonden,3,Fiets,5,Lichte vrachtauto,Buiten Kruispunt,Gemeenteweg,binnen bebouwde kom,Tussen 2 bestuurders: Langs achteren,Geen hindernis
10502,116,Melle teller 2,Melle,50.9986113,3.8040599,1.509402006589035,51.009795977269576,3.7918360959284834,2018,10,12,44040,Melle,Normaal,Droog,Dag,met lichtgewonden,9,personenauto,3,Fiets,Buiten Kruispunt,Gewestweg,buiten bebouwde kom,Tss. 2 best.: langs opzij (voor-/achterkant-flank),Geen hindernis
10502,117,Melle teller 1,Melle,50.9986113,3.8040599,1.509402006589035,51.009795977269576,3.7918360959284834,2018,10,12,44040,Melle,Normaal,Droog,Dag,met lichtgewonden,9,personenauto,3,Fiets,Buiten Kruispunt,Gewestweg,buiten bebouwde kom,Tss. 2 best.: langs opzij (voor-/achterkant-flank),Geen hindernis
10505,113,Deinze teller 2,Deinze,50.96018,3.55578,2.4674978005071213,50.982334871881676,3.5537771701561223,2018,10,14,44083,Deinze,Normaal,Droog,Dag,met lichtgewonden,5,Lichte vrachtauto,3,Fiets,Buiten Kruispunt,Gewestweg,buiten bebouwde kom,Tss. 2 best.: langs opzij (voor-/achterkant-flank),Geen hindernis
10507,113,Deinze teller 2,Deinze,50.96018,3.55578,2.0156508919904823,50.976655119485436,3.543773988597658,2018,10,9,44083,Deinze,Normaal,Droog,Dag,met lichtgewonden,3,Fiets,10,"één bestuurder, geen hindernis",Buiten Kruispunt,Gemeenteweg,binnen bebouwde kom,"Eén bestuurder, geen hindernis (incl. val)",Geen hindernis
10507,114,Deinze teller 1,Nazareth,50.9598305,3.555502,2.043134650793197,50.976655119485436,3.543773988597658,2018,10,9,44083,Deinze,Normaal,Droog,Dag,met lichtgewonden,3,Fiets,10,"één bestuurder, geen hindernis",Buiten Kruispunt,Gemeenteweg,binnen bebouwde kom,"Eén bestuurder, geen hindernis (incl. val)",Geen hindernis
10511,113,Deinze teller 2,Deinze,50.96018,3.55578,2.4424971010687324,50.977096807939944,3.533530517556997,2018,10,16,44083,Deinze,Normaal,Droog,Dag,met lichtgewonden,3,Fiets,9,personenauto,Op Kruispunt,Gewestweg,binnen bebouwde kom,Tss. 2 best.: langs opzij (voor-/achterkant-flank),Geen hindernis
10511,114,Deinze teller 1,Nazareth,50.9598305,3.555502,2.460334591971074,50.977096807939944,3.533530517556997,2018,10,16,44083,Deinze,Normaal,Droog,Dag,met lichtgewonden,3,Fiets,9,personenauto,Op Kruispunt,Gewestweg,binnen bebouwde kom,Tss. 2 best.: langs opzij (voor-/achterkant-flank),Geen hindernis
10518,6,Evergem 2,Evergem,51.10894,3.70298,0.328136117534793,51.11077331251523,3.6992967751017822,2018,10,9,44019,Evergem,Normaal,Droog,Dag,met lichtgewonden,3,Fiets,10,"één bestuurder, geen hindernis",Op Kruispunt,Gewestweg,binnen bebouwde kom,"Eén bestuurder, geen hindernis (incl. val)",Geen hindernis
10518,7,Evergem 1,Evergem,51.1089,3.70317,0.34132648616204786,51.11077331251523,3.6992967751017822,2018,10,9,44019,Evergem,Normaal,Droog,Dag,met lichtgewonden,3,Fiets,10,"één bestuurder, geen hindernis",Op Kruispunt,Gewestweg,binnen bebouwde kom,"Eén bestuurder, geen hindernis (incl. val)",Geen hindernis
10519,6,Evergem 2,Evergem,51.10894,3.70298,0.31432130216138177,51.11088235783097,3.69970883258636,2018,10,8,44019,Evergem,Normaal,Droog,Dageraad - schemering,met lichtgewonden,9,personenauto,3,Fiets,Buiten Kruispunt,Gemeenteweg,binnen bebouwde kom,Tss. 2 best.: langs opzij (voor-/achterkant-flank),Geen hindernis
10519,7,Evergem 1,Evergem,51.1089,3.70317,0.3270673494382436,51.11088235783097,3.69970883258636,2018,10,8,44019,Evergem,Normaal,Droog,Dageraad - schemering,met lichtgewonden,9,personenauto,3,Fiets,Buiten Kruispunt,Gemeenteweg,binnen bebouwde kom,Tss. 2 best.: langs opzij (voor-/achterkant-flank),Geen hindernis
10563,126,Hamme totem,Hamme,51.1017709,4.1469307,2.2607242104292435,51.113632961166864,4.173229732872965,2018,10,20,46025,Temse,Normaal,Droog,"Nacht, openbare verlichting aanwezig en ontstoken",met lichtgewonden,3,Fiets,10,"één bestuurder, geen hindernis",Buiten Kruispunt,Gemeenteweg,buiten bebouwde kom,"Eén bestuurder, geen hindernis (incl. val)",Geen hindernis
10569,129,Lokeren teller 2,Lokeren,51.09612,3.97025,0.5410609172468012,51.09217653938298,3.965711145492247,2018,10,15,46014,Lokeren,Normaal,Droog,Dag,met lichtgewonden,9,personenauto,3,Fiets,Op Kruispunt,Gewestweg,buiten bebouwde kom,Tss. 2 best.: langs opzij (voor-/achterkant-flank),Geen hindernis
10569,128,Lokeren teller 1,Lokeren,51.09644,3.97023,0.5695033677899052,51.09217653938298,3.965711145492247,2018,10,15,46014,Lokeren,Normaal,Droog,Dag,met lichtgewonden,9,personenauto,3,Fiets,Op Kruispunt,Gewestweg,buiten bebouwde kom,Tss. 2 best.: langs opzij (voor-/achterkant-flank),Geen hindernis
10569,141,Test site A support,Lokeren,51.08342085,3.9961071208376326,2.3355936606887573,51.09217653938298,3.965711145492247,2018,10,15,46014,Lokeren,Normaal,Droog,Dag,met lichtgewonden,9,personenauto,3,Fiets,Op Kruispunt,Gewestweg,buiten bebouwde kom,Tss. 2 best.: langs opzij (voor-/achterkant-flank),Geen hindernis
10570,141,Test site A support,Lokeren,51.08342085,3.9961071208376326,1.7699086569339961,51.098003782099035,4.006263668823115,2018,10,16,46014,Lokeren,Normaal,Droog,Dag,met zwaargewonden,9,personenauto,3,Fiets,Op Kruispunt,Gewestweg,binnen bebouwde kom,Tss. 2 best.: langs opzij (voor-/achterkant-flank),Geen hindernis
10571,141,Test site A support,Lokeren,51.08342085,3.9961071208376326,1.6891930141701383,51.09711990614558,4.006560759136911,2018,10,9,46014,Lokeren,Normaal,Droog,Dag,met lichtgewonden,9,personenauto,3,Fiets,Op Kruispunt,Gewestweg,buiten bebouwde kom,Tss. 2 best.: langs opzij (voor-/achterkant-flank),Geen hindernis
10572,128,Lokeren teller 1,Lokeren,51.09644,3.97023,1.790499811580262,51.11161225553828,3.9616405850473875,2018,10,15,46014,Lokeren,Normaal,Droog,Dag,met lichtgewonden,5,Lichte vrachtauto,3,Fiets,Buiten Kruispunt,Gewestweg,buiten bebouwde kom,Tss. 2 best.: langs opzij (voor-/achterkant-flank),Geen hindernis
10572,129,Lokeren teller 2,Lokeren,51.09612,3.97025,1.8245261024909092,51.11161225553828,3.9616405850473875,2018,10,15,46014,Lokeren,Normaal,Droog,Dag,met lichtgewonden,5,Lichte vrachtauto,3,Fiets,Buiten Kruispunt,Gewestweg,buiten bebouwde kom,Tss. 2 best.: langs opzij (voor-/achterkant-flank),Geen hindernis
10573,141,Test site A support,Lokeren,51.08342085,3.9961071208376326,1.6559061468996796,51.09468039887812,4.011624070202614,2018,10,18,46014,Lokeren,Normaal,Proper,Dag,met lichtgewonden,3,Fiets,3,Fiets,Buiten Kruispunt,Gewestweg,buiten bebouwde kom,Tussen 2 bestuurders: Flank tegen flank,Geen hindernis
10574,141,Test site A support,Lokeren,51.08342085,3.9961071208376326,1.658034659483545,51.09440092863925,4.012168693904265,2018,10,20,46014,Lokeren,Normaal,Droog,Dageraad - schemering,met lichtgewonden,9,personenauto,3,Fiets,Buiten Kruispunt,Gewestweg,buiten bebouwde kom,Tussen 2 bestuurders: Frontale botsing,Geen hindernis
10576,126,Hamme totem,Hamme,51.1017709,4.1469307,0.955182618803616,51.100803346680664,4.133337962193147,2018,10,16,42008,Hamme,Normaal,Onbekend,Dag,met lichtgewonden,9,personenauto,3,Fiets,Op Kruispunt,Gemeenteweg,binnen bebouwde kom,Tss. 2 best.: langs opzij (voor-/achterkant-flank),Geen hindernis
10578,126,Hamme totem,Hamme,51.1017709,4.1469307,1.0449326550761215,51.09847008177018,4.132919458101556,2018,10,12,42008,Hamme,Normaal,Droog,Dag,met lichtgewonden,3,Fiets,3,Fiets,Buiten Kruispunt,Gemeenteweg,binnen bebouwde kom,Tussen 2 bestuurders: Flank tegen flank,Geen hindernis
10581,120,Zele teller 1,Zele,51.0607671,4.0547741,1.214604775209925,51.066618198058,4.040096961126737,2018,10,17,42028,Zele,Normaal,Droog,Dag,met lichtgewonden,9,personenauto,3,Fiets,Buiten Kruispunt,Gemeenteweg,binnen bebouwde kom,Tss. 2 best.: langs opzij (voor-/achterkant-flank),Geen hindernis
10581,121,Zele teller 2,Zele,51.0604067,4.0556696,1.2889182184518069,51.066618198058,4.040096961126737,2018,10,17,42028,Zele,Normaal,Droog,Dag,met lichtgewonden,9,personenauto,3,Fiets,Buiten Kruispunt,Gemeenteweg,binnen bebouwde kom,Tss. 2 best.: langs opzij (voor-/achterkant-flank),Geen hindernis
10582,121,Zele teller 2,Zele,51.0604067,4.0556696,1.8227050549434307,51.06809152283454,4.078708826645529,2018,10,16,42028,Zele,Normaal,Droog,Dag,met lichtgewonden,3,Fiets,9,personenauto,Buiten Kruispunt,Gemeenteweg,buiten bebouwde kom,Tussen 2 bestuurders: Flank tegen flank,Geen hindernis
10582,120,Zele teller 1,Zele,51.0607671,4.0547741,1.8603129396017652,51.06809152283454,4.078708826645529,2018,10,16,42028,Zele,Normaal,Droog,Dag,met lichtgewonden,3,Fiets,9,personenauto,Buiten Kruispunt,Gemeenteweg,buiten bebouwde kom,Tussen 2 bestuurders: Flank tegen flank,Geen hindernis
10592,10,Aalst 2,Aalst,50.93549,4.01571,1.258749641340938,50.93820484941775,4.033149309857019,2018,10,2,41002,Aalst,Normaal,Droog,"Nacht, openbare verlichting aanwezig en ontstoken",met lichtgewonden,3,Fiets,10,"één bestuurder, geen hindernis",Buiten Kruispunt,Gemeenteweg,binnen bebouwde kom,"Eén bestuurder, geen hindernis (incl. val)",Geen hindernis
10592,11,Aalst 3,Aalst,50.93385,4.01647,1.2651219698857878,50.93820484941775,4.033149309857019,2018,10,2,41002,Aalst,Normaal,Droog,"Nacht, openbare verlichting aanwezig en ontstoken",met lichtgewonden,3,Fiets,10,"één bestuurder, geen hindernis",Buiten Kruispunt,Gemeenteweg,binnen bebouwde kom,"Eén bestuurder, geen hindernis (incl. val)",Geen hindernis
10592,19,Aalst 1,Aalst,50.93433,4.01471,1.3620480972890592,50.93820484941775,4.033149309857019,2018,10,2,41002,Aalst,Normaal,Droog,"Nacht, openbare verlichting aanwezig en ontstoken",met lichtgewonden,3,Fiets,10,"één bestuurder, geen hindernis",Buiten Kruispunt,Gemeenteweg,binnen bebouwde kom,"Eén bestuurder, geen hindernis (incl. val)",Geen hindernis
10596,19,Aalst 1,Aalst,50.93433,4.01471,2.381134591505387,50.93605754784607,3.980840919836588,2018,10,17,41082,Erpe-Mere,Normaal,Droog,Dag,met lichtgewonden,9,personenauto,3,Fiets,Op Kruispunt,Gewestweg,binnen bebouwde kom,Tss. 2 best.: langs opzij (voor-/achterkant-flank),Geen hindernis
10596,10,Aalst 2,Aalst,50.93549,4.01571,2.4442327697867854,50.93605754784607,3.980840919836588,2018,10,17,41082,Erpe-Mere,Normaal,Droog,Dag,met lichtgewonden,9,personenauto,3,Fiets,Op Kruispunt,Gewestweg,binnen bebouwde kom,Tss. 2 best.: langs opzij (voor-/achterkant-flank),Geen hindernis
10602,125,Dendermonde totem,Dendermonde,51.0372706,4.1025998,0.6059838894987786,51.03256325550723,4.106966553789455,2018,10,6,42006,Dendermonde,Normaal,Droog,Dageraad - schemering,met lichtgewonden,9,personenauto,3,Fiets,Op Kruispunt,Gewestweg,binnen bebouwde kom,Tss. 2 best.: langs opzij (voor-/achterkant-flank),Geen hindernis
10602,122,Dendermonde teller 2,Dendermonde,51.0373918,4.1019222,0.6424064285288023,51.03256325550723,4.106966553789455,2018,10,6,42006,Dendermonde,Normaal,Droog,Dageraad - schemering,met lichtgewonden,9,personenauto,3,Fiets,Op Kruispunt,Gewestweg,binnen bebouwde kom,Tss. 2 best.: langs opzij (voor-/achterkant-flank),Geen hindernis
10603,125,Dendermonde totem,Dendermonde,51.0372706,4.1025998,2.0847467434918525,51.01907099894178,4.1097606661574,2018,10,16,42006,Dendermonde,Onbekend,Droog,Dag,met zwaargewonden,9,personenauto,3,Fiets,Op Kruispunt,Gemeenteweg,binnen bebouwde kom,Tussen 2 bestuurders: Flank tegen flank,Geen hindernis
10603,122,Dendermonde teller 2,Dendermonde,51.0373918,4.1019222,2.109645604826656,51.01907099894178,4.1097606661574,2018,10,16,42006,Dendermonde,Onbekend,Droog,Dag,met zwaargewonden,9,personenauto,3,Fiets,Op Kruispunt,Gemeenteweg,binnen bebouwde kom,Tussen 2 bestuurders: Flank tegen flank,Geen hindernis
10606,121,Zele teller 2,Zele,51.0604067,4.0556696,1.3872083401486017,51.048987089431286,4.063660519672802,2018,10,15,42006,Dendermonde,Normaal,Droog,Dag,met lichtgewonden,3,Fiets,9,personenauto,Buiten Kruispunt,Gemeenteweg,binnen bebouwde kom,Tss. 2 best.: langs opzij (voor-/achterkant-flank),Geen hindernis
10606,120,Zele teller 1,Zele,51.0607671,4.0547741,1.4496751561223147,51.048987089431286,4.063660519672802,2018,10,15,42006,Dendermonde,Normaal,Droog,Dag,met lichtgewonden,3,Fiets,9,personenauto,Buiten Kruispunt,Gemeenteweg,binnen bebouwde kom,Tss. 2 best.: langs opzij (voor-/achterkant-flank),Geen hindernis
10607,125,Dendermonde totem,Dendermonde,51.0372706,4.1025998,0.731167363855432,51.0316305731583,4.107975489139307,2018,10,8,42006,Dendermonde,Normaal,Droog,Dageraad - schemering,met lichtgewonden,3,Fiets,2,Andere weggebruiker,Buiten Kruispunt,Gewestweg,binnen bebouwde kom,Tussen 2 bestuurders: Flank tegen flank,Geen hindernis
10607,122,Dendermonde teller 2,Dendermonde,51.0373918,4.1019222,0.767825898478106,51.0316305731583,4.107975489139307,2018,10,8,42006,Dendermonde,Normaal,Droog,Dageraad - schemering,met lichtgewonden,3,Fiets,2,Andere weggebruiker,Buiten Kruispunt,Gewestweg,binnen bebouwde kom,Tussen 2 bestuurders: Flank tegen flank,Geen hindernis
10608,125,Dendermonde totem,Dendermonde,51.0372706,4.1025998,0.6059838894987786,51.03256325550723,4.106966553789455,2018,10,8,42006,Dendermonde,Normaal,Droog,Dag,met lichtgewonden,3,Fiets,3,Fiets,Op Kruispunt,Gewestweg,binnen bebouwde kom,Tussen 2 bestuurders: Langs achteren,Geen hindernis