crash_row_id,site_id,site_name,site_gemeente,site_lat,site_long,distance_km,crash_lat,crash_long,DT_YEAR_COLLISION,DT_MONTH_COLLISION,DT_TIME,CD_NIS,TX_MUNTY_COLLISION_NL,TX_WEATHER_NL,TX_ROAD_CONDITION_NL,TX_LIGHT_CONDITION_NL,TX_CLASS_ACCIDENTS_NL,CD_ROAD_USR_TYPE1,TX_ROAD_USR_TYPE1_NL,CD_ROAD_USR_TYPE2,TX_ROAD_USR_TYPE2_NL,TX_CROSSWAY_NL,CD_ROAD_TYPE_NL,TX_BUILD_UP_AREA_NL,TX_COLLISION_TYPE_NL,TX_OBSTACLES_NL
10608,122,Dendermonde teller 2,Dendermonde,51.0373918,4.1019222,0.6424064285288023,51.03256325550723,4.106966553789455,2018,10,8,42006,Dendermonde,Normaal,Droog,Dag,met lichtgewonden,3,Fiets,3,Fiets,Op Kruispunt,Gewestweg,binnen bebouwde kom,Tussen 2 bestuurders: Langs achteren,Geen hindernis
10610,50,"Brugge, Sint-Andries",Brugge,51.19291,3.16252,1.1935171642365638,51.19689081150479,3.1784263281061462,2018,10,20,31005,Brugge,Regenval,"Nat, plassen","Nacht, openbare verlichting aanwezig en ontstoken",met lichtgewonden,9,personenauto,3,Fiets,Buiten Kruispunt,Gewestweg,binnen bebouwde kom,Tussen 2 bestuurders: Langs achteren,Geen hindernis
10610,51,"Brugge, Sint-Andries",Brugge,51.19281,3.16252,1.1976867409933805,51.19689081150479,3.1784263281061462,2018,10,20,31005,Brugge,Regenval,"Nat, plassen","Nacht, openbare verlichting aanwezig en ontstoken",met lichtgewonden,9,personenauto,3,Fiets,Buiten Kruispunt,Gewestweg,binnen bebouwde kom,Tussen 2 bestuurders: Langs achteren,Geen hindernis
10611,142,TEST Validatie BRUGGE Y2H22022134,Brugge,51.22632,3.24095,1.576512577626306,51.21418204816918,3.2526481808568866,2018,10,9,31005,Brugge,Normaal,Droog,Dag,met lichtgewonden,3,Fiets,9,personenauto,Buiten Kruispunt,Gemeenteweg,binnen bebouwde kom,Tss. 2 best.: langs opzij (voor-/achterkant-flank),Geen hindernis
10611,52,Brugge,Brugge,51.22632,3.24095,1.576512577626306,51.21418204816918,3.2526481808568866,2018,10,9,31005,Brugge,Normaal,Droog,Dag,met lichtgewonden,3,Fiets,9,personenauto,Buiten Kruispunt,Gemeenteweg,binnen bebouwde kom,Tss. 2 best.: langs opzij (voor-/achterkant-flank),Geen hindernis
10611,54,Brugge teller 2,Brugge,51.23015,3.22818,2.460940108053521,51.21418204816918,3.2526481808568866,2018,10,9,31005,Brugge,Normaal,Droog,Dag,met lichtgewonden,3,Fiets,9,personenauto,Buiten Kruispunt,Gemeenteweg,binnen bebouwde kom,Tss. 2 best.: langs opzij (voor-/achterkant-flank),Geen hindernis
10611,53,Brugge teller 1,Brugge,51.23023,3.228,2.4760387043361742,51.21418204816918,3.2526481808568866,2018,10,9,31005,Brugge,Normaal,Droog,Dag,met lichtgewonden,3,Fiets,9,personenauto,Buiten Kruispunt,Gemeenteweg,binnen bebouwde kom,Tss. 2 best.: langs opzij (voor-/achterkant-flank),Geen hindernis
10613,50,"Brugge, Sint-Andries",Brugge,51.19291,3.16252,1.570080814277685,51.197740348959194,3.1836925835407284,2018,10,13,31005,Brugge,Normaal,Droog,Dag,met lichtgewonden,3,Fiets,9,personenauto,Buiten Kruispunt,Gewestweg,binnen bebouwde kom,Tss. 2 best.: langs opzij (voor-/achterkant-flank),Geen hindernis
10613,51,"Brugge, Sint-Andries",Brugge,51.19281,3.16252,1.5739208742599387,51.197740348959194,3.1836925835407284,2018,10,13,31005,Brugge,Normaal,Droog,Dag,met lichtgewonden,3,Fiets,9,personenauto,Buiten Kruispunt,Gewestweg,binnen bebouwde kom,Tss. 2 best.: langs opzij (voor-/achterkant-flank),Geen hindernis
10614,54,Brugge teller 2,Brugge,51.23015,3.22818,1.0158057745221643,51.2210609621783,3.2267128539912386,2018,10,10,31005,Brugge,Normaal,Droog,Dag,met lichtgewonden,9,personenauto,3,Fiets,Op Kruispunt,Gewestweg,binnen bebouwde kom,Tussen 2 bestuurders: Flank tegen flank,Geen hindernis
10614,53,Brugge teller 1,Brugge,51.23023,3.228,1.0234828402620775,51.2210609621783,3.2267128539912386,2018,10,10,31005,Brugge,Normaal,Droog,Dag,met lichtgewonden,9,personenauto,3,Fiets,Op Kruispunt,Gewestweg,binnen bebouwde kom,Tussen 2 bestuurders: Flank tegen flank,Geen hindernis
10614,52,Brugge,Brugge,51.22632,3.24095,1.1510730100536437,51.2210609621783,3.2267128539912386,2018,10,10,31005,Brugge,Normaal,Droog,Dag,met lichtgewonden,9,personenauto,3,Fiets,Op Kruispunt,Gewestweg,binnen bebouwde kom,Tussen 2 bestuurders: Flank tegen flank,Geen hindernis
10614,142,TEST Validatie BRUGGE Y2H22022134,Brugge,51.22632,3.24095,1.1510730100536437,51.2210609621783,3.2267128539912386,2018,10,10,31005,Brugge,Normaal,Droog,Dag,met lichtgewonden,9,personenauto,3,Fiets,Op Kruispunt,Gewestweg,binnen bebouwde kom,Tussen 2 bestuurders: Flank tegen flank,Geen hindernis
10617,50,"Brugge, Sint-Andries",Brugge,51.19291,3.16252,1.4087658731771557,51.19729918940163,3.1814849007306134,2018,10,19,31005,Brugge,Normaal,Droog,Dag,met zwaargewonden,9,personenauto,3,Fiets,Op Kruispunt,Gewestweg,binnen bebouwde kom,Tss. 2 best.: langs opzij (voor-/achterkant-flank),Geen hindernis
10617,51,"Brugge, Sint-Andries",Brugge,51.19281,3.16252,1.4126579840487972,51.19729918940163,3.1814849007306134,2018,10,19,31005,Brugge,Normaal,Droog,Dag,met zwaargewonden,9,personenauto,3,Fiets,Op Kruispunt,Gewestweg,binnen bebouwde kom,Tss. 2 best.: langs opzij (voor-/achterkant-flank),Geen hindernis
10618,142,TEST Validatie BRUGGE Y2H22022134,Brugge,51.22632,3.24095,1.7102610048423195,51.211192461335536,3.23651256985592,2018,10,19,31005,Brugge,Normaal,Droog,"Nacht, openbare verlichting aanwezig en ontstoken",met lichtgewonden,6,Bromfiets,3,Fiets,Buiten Kruispunt,Gewestweg,binnen bebouwde kom,Tussen 2 bestuurders: Flank tegen flank,Geen hindernis
10618,52,Brugge,Brugge,51.22632,3.24095,1.7102610048423195,51.211192461335536,3.23651256985592,2018,10,19,31005,Brugge,Normaal,Droog,"Nacht, openbare verlichting aanwezig en ontstoken",met lichtgewonden,6,Bromfiets,3,Fiets,Buiten Kruispunt,Gewestweg,binnen bebouwde kom,Tussen 2 bestuurders: Flank tegen flank,Geen hindernis
10618,54,Brugge teller 2,Brugge,51.23015,3.22818,2.1864014608879683,51.211192461335536,3.23651256985592,2018,10,19,31005,Brugge,Normaal,Droog,"Nacht, openbare verlichting aanwezig en ontstoken",met lichtgewonden,6,Bromfiets,3,Fiets,Buiten Kruispunt,Gewestweg,binnen bebouwde kom,Tussen 2 bestuurders: Flank tegen flank,Geen hindernis
10618,53,Brugge teller 1,Brugge,51.23023,3.228,2.1983266379395383,51.211192461335536,3.23651256985592,2018,10,19,31005,Brugge,Normaal,Droog,"Nacht, openbare verlichting aanwezig en ontstoken",met lichtgewonden,6,Bromfiets,3,Fiets,Buiten Kruispunt,Gewestweg,binnen bebouwde kom,Tussen 2 bestuurders: Flank tegen flank,Geen hindernis
10619,142,TEST Validatie BRUGGE Y2H22022134,Brugge,51.22632,3.24095,1.711976992456873,51.210954626764845,3.2425041850491683,2018,10,8,31005,Brugge,Normaal,Droog,Dageraad - schemering,met lichtgewonden,3,Fiets,3,Fiets,Buiten Kruispunt,Gewestweg,binnen bebouwde kom,Tussen 2 bestuurders: Flank tegen flank,Geen hindernis
10619,52,Brugge,Brugge,51.22632,3.24095,1.711976992456873,51.210954626764845,3.2425041850491683,2018,10,8,31005,Brugge,Normaal,Droog,Dageraad - schemering,met lichtgewonden,3,Fiets,3,Fiets,Buiten Kruispunt,Gewestweg,binnen bebouwde kom,Tussen 2 bestuurders: Flank tegen flank,Geen hindernis
10619,54,Brugge teller 2,Brugge,51.23015,3.22818,2.3560514371522534,51.210954626764845,3.2425041850491683,2018,10,8,31005,Brugge,Normaal,Droog,Dageraad - schemering,met lichtgewonden,3,Fiets,3,Fiets,Buiten Kruispunt,Gewestweg,binnen bebouwde kom,Tussen 2 bestuurders: Flank tegen flank,Geen hindernis
10619,53,Brugge teller 1,Brugge,51.23023,3.228,2.3694299848187783,51.210954626764845,3.2425041850491683,2018,10,8,31005,Brugge,Normaal,Droog,Dageraad - schemering,met lichtgewonden,3,Fiets,3,Fiets,Buiten Kruispunt,Gewestweg,binnen bebouwde kom,Tussen 2 bestuurders: Flank tegen flank,Geen hindernis
10620,142,TEST Validatie BRUGGE Y2H22022134,Brugge,51.22632,3.24095,2.414131089115464,51.20844314923531,3.221281370829611,2018,10,16,31005,Brugge,Normaal,Droog,Dag,met lichtgewonden,8,Voetganger,3,Fiets,Buiten Kruispunt,Gewestweg,binnen bebouwde kom,Met een voetganger,Geen hindernis
10620,52,Brugge,Brugge,51.22632,3.24095,2.414131089115464,51.20844314923531,3.221281370829611,2018,10,16,31005,Brugge,Normaal,Droog,Dag,met lichtgewonden,8,Voetganger,3,Fiets,Buiten Kruispunt,Gewestweg,binnen bebouwde kom,Met een voetganger,Geen hindernis
10620,54,Brugge teller 2,Brugge,51.23015,3.22818,2.461046729078043,51.20844314923531,3.221281370829611,2018,10,16,31005,Brugge,Normaal,Droog,Dag,met lichtgewonden,8,Voetganger,3,Fiets,Buiten Kruispunt,Gewestweg,binnen bebouwde kom,Met een voetganger,Geen hindernis
10620,53,Brugge teller 1,Brugge,51.23023,3.228,2.4673635633653843,51.20844314923531,3.221281370829611,2018,10,16,31005,Brugge,Normaal,Droog,Dag,met lichtgewonden,8,Voetganger,3,Fiets,Buiten Kruispunt,Gewestweg,binnen bebouwde kom,Met een voetganger,Geen hindernis
10621,20,Brugge,Brugge,51.17416,3.20048,1.6414865274263397,51.188020412532246,3.192375127698234,2018,10,7,31005,Brugge,Normaal,"Nat, plassen",Dageraad - schemering,met lichtgewonden,9,personenauto,3,Fiets,Op Kruispunt,Gewestweg,binnen bebouwde kom,Tss. 2 best.: langs opzij (voor-/achterkant-flank),Geen hindernis
10621,51,"Brugge, Sint-Andries",Brugge,51.19281,3.16252,2.1476753209727386,51.188020412532246,3.192375127698234,2018,10,7,31005,Brugge,Normaal,"Nat, plassen",Dageraad - schemering,met lichtgewonden,9,personenauto,3,Fiets,Op Kruispunt,Gewestweg,binnen bebouwde kom,Tss. 2 best.: langs opzij (voor-/achterkant-flank),Geen hindernis
10621,50,"Brugge, Sint-Andries",Brugge,51.19291,3.16252,2.150457514956884,51.188020412532246,3.192375127698234,2018,10,7,31005,Brugge,Normaal,"Nat, plassen",Dageraad - schemering,met lichtgewonden,9,personenauto,3,Fiets,Op Kruispunt,Gewestweg,binnen bebouwde kom,Tss. 2 best.: langs opzij (voor-/achterkant-flank),Geen hindernis
10624,142,TEST Validatie BRUGGE Y2H22022134,Brugge,51.22632,3.24095,2.0150017526485744,51.20862956537163,3.2472216060300285,2018,10,18,31005,Brugge,Onbekend,Onbekend,Onbekend,met lichtgewonden,9,personenauto,3,Fiets,Op Kruispunt,Gemeenteweg,binnen bebouwde kom,Tss. 2 best.: langs opzij (voor-/achterkant-flank),Geen hindernis
10624,52,Brugge,Brugge,51.22632,3.24095,2.0150017526485744,51.20862956537163,3.2472216060300285,2018,10,18,31005,Brugge,Onbekend,Onbekend,Onbekend,met lichtgewonden,9,personenauto,3,Fiets,Op Kruispunt,Gemeenteweg,binnen bebouwde kom,Tss. 2 best.: langs opzij (voor-/achterkant-flank),Geen hindernis
10625,20,Brugge,Brugge,51.17416,3.20048,2.1078897613508705,51.18749468992562,3.221973930081914,2018,10,15,31005,Brugge,Normaal,Droog,Dag,met zwaargewonden,3,Fiets,3,Fiets,Buiten Kruispunt,Gewestweg,binnen bebouwde kom,Tss. 2 best.: langs opzij (voor-/achterkant-flank),Geen hindernis
10626,142,TEST Validatie BRUGGE Y2H22022134,Brugge,51.22632,3.24095,2.1142447016442505,51.207351768192076,3.243051691540082,2018,10,8,31005,Brugge,Normaal,Droog,Dag,met zwaargewonden,9,personenauto,3,Fiets,Op Kruispunt,Gemeenteweg,binnen bebouwde kom,Tussen 2 bestuurders: Frontale botsing,Geen hindernis
10626,52,Brugge,Brugge,51.22632,3.24095,2.1142447016442505,51.207351768192076,3.243051691540082,2018,10,8,31005,Brugge,Normaal,Droog,Dag,met zwaargewonden,9,personenauto,3,Fiets,Op Kruispunt,Gemeenteweg,binnen bebouwde kom,Tussen 2 bestuurders: Frontale botsing,Geen hindernis
10627,50,"Brugge, Sint-Andries",Brugge,51.19291,3.16252,0.6305425857620968,51.195023700116536,3.170916459762666,2018,10,17,31005,Brugge,Normaal,Droog,Dag,met lichtgewonden,5,Lichte vrachtauto,3,Fiets,Op Kruispunt,Gewestweg,buiten bebouwde kom,Tss. 2 best.: langs opzij (voor-/achterkant-flank),Geen hindernis
10627,51,"Brugge, Sint-Andries",Brugge,51.19281,3.16252,0.6347717920319448,51.195023700116536,3.170916459762666,2018,10,17,31005,Brugge,Normaal,Droog,Dag,met lichtgewonden,5,Lichte vrachtauto,3,Fiets,Op Kruispunt,Gewestweg,buiten bebouwde kom,Tss. 2 best.: langs opzij (voor-/achterkant-flank),Geen hindernis
10629,142,TEST Validatie BRUGGE Y2H22022134,Brugge,51.22632,3.24095,0.798315030966984,51.220791225781184,3.2336369603021744,2018,10,16,31005,Brugge,Normaal,Droog,Dag,met lichtgewonden,9,personenauto,3,Fiets,Op Kruispunt,Gewestweg,binnen bebouwde kom,Tss. 2 best.: langs opzij (voor-/achterkant-flank),Geen hindernis
10629,52,Brugge,Brugge,51.22632,3.24095,0.798315030966984,51.220791225781184,3.2336369603021744,2018,10,16,31005,Brugge,Normaal,Droog,Dag,met lichtgewonden,9,personenauto,3,Fiets,Op Kruispunt,Gewestweg,binnen bebouwde kom,Tss. 2 best.: langs opzij (voor-/achterkant-flank),Geen hindernis
10629,54,Brugge teller 2,Brugge,51.23015,3.22818,1.1078591995403846,51.220791225781184,3.2336369603021744,2018,10,16,31005,Brugge,Normaal,Droog,Dag,met lichtgewonden,9,personenauto,3,Fiets,Op Kruispunt,Gewestweg,binnen bebouwde kom,Tss. 2 best.: langs opzij (voor-/achterkant-flank),Geen hindernis
10629,53,Brugge teller 1,Brugge,51.23023,3.228,1.1205484168569773,51.220791225781184,3.2336369603021744,2018,10,16,31005,Brugge,Normaal,Droog,Dag,met lichtgewonden,9,personenauto,3,Fiets,Op Kruispunt,Gewestweg,binnen bebouwde kom,Tss. 2 best.: langs opzij (voor-/achterkant-flank),Geen hindernis
10642,20,Brugge,Brugge,51.17416,3.20048,2.096639612528887,51.18729423732249,3.222061324849839,2018,10,7,31005,Brugge,Onbekend,Onbekend,Dageraad - schemering,met lichtgewonden,3,Fiets,3,Fiets,Buiten Kruispunt,Gewestweg,onbekend,Tss. 2 best.: langs opzij (voor-/achterkant-flank),Geen hindernis
10644,20,Brugge,Brugge,51.17416,3.20048,2.0790398108391135,51.1556657229638,3.1960985078435367,2018,10,17,31040,Zedelgem,Normaal,Droog,"Nacht, openbare verlichting aanwezig en ontstoken",met lichtgewonden,9,personenauto,3,Fiets,Op Kruispunt,Gewestweg,binnen bebouwde kom,Tss. 2 best.: langs opzij (voor-/achterkant-flank),Geen hindernis
10646,20,Brugge,Brugge,51.17416,3.20048,2.349983743673594,51.17770461039229,3.233712578337561,2018,10,15,31022,Oostkamp,Regenval,"Nat, plassen",Dag,met zwaargewonden,9,personenauto,3,Fiets,Op Kruispunt,Gewestweg,binnen bebouwde kom,Tss. 2 best.: langs opzij (voor-/achterkant-flank),Geen hindernis
10650,20,Brugge,Brugge,51.17416,3.20048,2.1705550969412784,51.18826190678875,3.2220116304422466,2018,10,16,31005,Brugge,Onbekend,Onbekend,Dageraad - schemering,met lichtgewonden,6,Bromfiets,3,Fiets,Buiten Kruispunt,Gewestweg,binnen bebouwde kom,Tss. 2 best.: langs opzij (voor-/achterkant-flank),Geen hindernis
10661,18,Oostende 1,Oostende,51.21378,2.92765,0.7940825980831933,51.219854754718774,2.9336440247056235,2018,10,17,35013,Oostende,Normaal,Droog,Dag,met lichtgewonden,2,Andere weggebruiker,3,Fiets,Op Kruispunt,Gemeenteweg,binnen bebouwde kom,Tss. 2 best.: langs opzij (voor-/achterkant-flank),Geen hindernis
10661,15,Oostende 2,Oostende,51.21371,2.92743,0.8088092271458495,51.219854754718774,2.9336440247056235,2018,10,17,35013,Oostende,Normaal,Droog,Dag,met lichtgewonden,2,Andere weggebruiker,3,Fiets,Op Kruispunt,Gemeenteweg,binnen bebouwde kom,Tss. 2 best.: langs opzij (voor-/achterkant-flank),Geen hindernis
10662,18,Oostende 1,Oostende,51.21378,2.92765,1.7870081382187797,51.22896940886881,2.9192684005222054,2018,10,11,35013,Oostende,Normaal,Droog,Dag,met lichtgewonden,9,personenauto,3,Fiets,Op Kruispunt,Gemeenteweg,binnen bebouwde kom,Tss. 2 best.: langs opzij (voor-/achterkant-flank),Geen hindernis
10662,15,Oostende 2,Oostende,51.21371,2.92743,1.7894412649312887,51.22896940886881,2.9192684005222054,2018,10,11,35013,Oostende,Normaal,Droog,Dag,met lichtgewonden,9,personenauto,3,Fiets,Op Kruispunt,Gemeenteweg,binnen bebouwde kom,Tss. 2 best.: langs opzij (voor-/achterkant-flank),Geen hindernis
10663,18,Oostende 1,Oostende,51.21378,2.92765,1.4672351174495735,51.226116114041716,2.9201727797278707,2018,10,7,35013,Oostende,Normaal,Droog,Dageraad - schemering,met zwaargewonden,3,Fiets,1,Autobus,Op Kruispunt,Gewestweg,binnen bebouwde kom,Tss. 2 best.: langs opzij (voor-/achterkant-flank),Geen hindernis
10663,15,Oostende 2,Oostende,51.21371,2.92743,1.469173474329166,51.226116114041716,2.9201727797278707,2018,10,7,35013,Oostende,Normaal,Droog,Dageraad - schemering,met zwaargewonden,3,Fiets,1,Autobus,Op Kruispunt,Gewestweg,binnen bebouwde kom,Tss. 2 best.: langs opzij (voor-/achterkant-flank),Geen hindernis
10667,18,Oostende 1,Oostende,51.21378,2.92765,1.8636726187776886,51.22231803578397,2.950676224846875,2018,10,20,35002,Bredene,Normaal,Droog+Proper,"Nacht, openbare verlichting aanwezig en ontstoken",met lichtgewonden,9,personenauto,3,Fiets,Op Kruispunt,Gewestweg,binnen bebouwde kom,Tss. 2 best.: langs opzij (voor-/achterkant-flank),Geen hindernis
10667,15,Oostende 2,Oostende,51.21371,2.92743,1.8808244655197746,51.22231803578397,2.950676224846875,2018,10,20,35002,Bredene,Normaal,Droog+Proper,"Nacht, openbare verlichting aanwezig en ontstoken",met lichtgewonden,9,personenauto,3,Fiets,Op Kruispunt,Gewestweg,binnen bebouwde kom,Tss. 2 best.: langs opzij (voor-/achterkant-flank),Geen hindernis
10669,55,Torhout teller 1,Torhout,51.07161,3.08261,1.395879532026886,51.0659606327453,3.1004500052978936,2018,10,14,31033,Torhout,Normaal,Droog,Dag,met lichtgewonden,8,Voetganger,3,Fiets,Buiten Kruispunt,Gemeenteweg,binnen bebouwde kom,Met een voetganger,Geen hindernis
10669,56,Torhout teller 2,Torhout,51.07147,3.08244,1.3996155973617395,51.0659606327453,3.1004500052978936,2018,10,14,31033,Torhout,Normaal,Droog,Dag,met lichtgewonden,8,Voetganger,3,Fiets,Buiten Kruispunt,Gemeenteweg,binnen bebouwde kom,Met een voetganger,Geen hindernis
10670,55,Torhout teller 1,Torhout,51.07161,3.08261,2.076883731241254,51.06133345180636,3.1074288797535057,2018,10,12,31033,Torhout,Normaal,Droog,Dag,met lichtgewonden,5,Lichte vrachtauto,3,Fiets,Buiten Kruispunt,Gemeenteweg,binnen bebouwde kom,Tussen 2 bestuurders: Flank tegen flank,Geen hindernis
10670,56,Torhout teller 2,Torhout,51.07147,3.08244,2.0783320756829715,51.06133345180636,3.1074288797535057,2018,10,12,31033,Torhout,Normaal,Droog,Dag,met lichtgewonden,5,Lichte vrachtauto,3,Fiets,Buiten Kruispunt,Gemeenteweg,binnen bebouwde kom,Tussen 2 bestuurders: Flank tegen flank,Geen hindernis
10693,61,Wervik teller 2,Wervik,50.80555,3.0921,1.371153696634572,50.80343724074391,3.1113236430970552,2018,10,8,34027,Menen,Normaal,Droog,Dag,met lichtgewonden,9,personenauto,3,Fiets,Op Kruispunt,Gemeenteweg,binnen bebouwde kom,Tss. 2 best.: langs opzij (voor-/achterkant-flank),Geen hindernis
10693,62,Wervik teller 1,Wervik,50.8058,3.09154,1.4148338362289536,50.80343724074391,3.1113236430970552,2018,10,8,34027,Menen,Normaal,Droog,Dag,met lichtgewonden,9,personenauto,3,Fiets,Op Kruispunt,Gemeenteweg,binnen bebouwde kom,Tss. 2 best.: langs opzij (voor-/achterkant-flank),Geen hindernis
10698,17,Kortrijk 2,Kortrijk,50.83339,3.27773,0.386467249820909,50.833245229198994,3.27223176549722,2018,10,11,34022,Kortrijk,Normaal,Droog,Dag,met lichtgewonden,3,Fiets,2,Andere weggebruiker,Buiten Kruispunt,Gewestweg,binnen bebouwde kom,Tss. 2 best.: langs opzij (voor-/achterkant-flank),Geen hindernis
10698,16,Kortrijk 1,Kortrijk,50.83332,3.27777,0.38903011610076,50.833245229198994,3.27223176549722,2018,10,11,34022,Kortrijk,Normaal,Droog,Dag,met lichtgewonden,3,Fiets,2,Andere weggebruiker,Buiten Kruispunt,Gewestweg,binnen bebouwde kom,Tss. 2 best.: langs opzij (voor-/achterkant-flank),Geen hindernis
10698,143,Eco Display Classic Budastraat,Kortrijk,50.83066,3.26286,0.7182201894398661,50.833245229198994,3.27223176549722,2018,10,11,34022,Kortrijk,Normaal,Droog,Dag,met lichtgewonden,3,Fiets,2,Andere weggebruiker,Buiten Kruispunt,Gewestweg,binnen bebouwde kom,Tss. 2 best.: langs opzij (voor-/achterkant-flank),Geen hindernis
10698,75,Kortrijk teller 2,Kortrijk,50.81925,3.25731,1.8762316342741039,50.833245229198994,3.27223176549722,2018,10,11,34022,Kortrijk,Normaal,Droog,Dag,met lichtgewonden,3,Fiets,2,Andere weggebruiker,Buiten Kruispunt,Gewestweg,binnen bebouwde kom,Tss. 2 best.: langs opzij (voor-/achterkant-flank),Geen hindernis
10698,74,Kortrijk teller 1,Kortrijk,50.81909,3.25728,1.8921839590110061,50.833245229198994,3.27223176549722,2018,10,11,34022,Kortrijk,Normaal,Droog,Dag,met lichtgewonden,3,Fiets,2,Andere weggebruiker,Buiten Kruispunt,Gewestweg,binnen bebouwde kom,Tss. 2 best.: langs opzij (voor-/achterkant-flank),Geen hindernis
10699,17,Kortrijk 2,Kortrijk,50.83339,3.27773,0.4444441588689381,50.83403303458583,3.271483824052507,2018,10,16,34022,Kortrijk,Normaal,Droog,Dag,met lichtgewonden,5,Lichte vrachtauto,3,Fiets,Op Kruispunt,Gewestweg,binnen bebouwde kom,Tss. 2 best.: langs opzij (voor-/achterkant-flank),Geen hindernis
10699,16,Kortrijk 1,Kortrijk,50.83332,3.27777,0.4485275163984999,50.83403303458583,3.271483824052507,2018,10,16,34022,Kortrijk,Normaal,Droog,Dag,met lichtgewonden,5,Lichte vrachtauto,3,Fiets,Op Kruispunt,Gewestweg,binnen bebouwde kom,Tss. 2 best.: langs opzij (voor-/achterkant-flank),Geen hindernis
10699,143,Eco Display Classic Budastraat,Kortrijk,50.83066,3.26286,0.7123794108441458,50.83403303458583,3.271483824052507,2018,10,16,34022,Kortrijk,Normaal,Droog,Dag,met lichtgewonden,5,Lichte vrachtauto,3,Fiets,Op Kruispunt,Gewestweg,binnen bebouwde kom,Tss. 2 best.: langs opzij (voor-/achterkant-flank),Geen hindernis
10699,75,Kortrijk teller 2,Kortrijk,50.81925,3.25731,1.921766355419779,50.83403303458583,3.271483824052507,2018,10,16,34022,Kortrijk,Normaal,Droog,Dag,met lichtgewonden,5,Lichte vrachtauto,3,Fiets,Op Kruispunt,Gewestweg,binnen bebouwde kom,Tss. 2 best.: langs opzij (voor-/achterkant-flank),Geen hindernis
10699,74,Kortrijk teller 1,Kortrijk,50.81909,3.25728,1.9380908365357938,50.83403303458583,3.271483824052507,2018,10,16,34022,Kortrijk,Normaal,Droog,Dag,met lichtgewonden,5,Lichte vrachtauto,3,Fiets,Op Kruispunt,Gewestweg,binnen bebouwde kom,Tss. 2 best.: langs opzij (voor-/achterkant-flank),Geen hindernis
10700,75,Kortrijk teller 2,Kortrijk,50.81925,3.25731,1.1351353239851951,50.82172207224976,3.272988109466895,2018,10,13,34022,Kortrijk,Normaal,Droog,Dag,met lichtgewonden,9,personenauto,3,Fiets,Op Kruispunt,Gemeenteweg,binnen bebouwde kom,Tss. 2 best.: langs opzij (voor-/achterkant-flank),Geen hindernis
10700,74,Kortrijk teller 1,Kortrijk,50.81909,3.25728,1.141613038261736,50.82172207224976,3.272988109466895,2018,10,13,34022,Kortrijk,Normaal,Droog,Dag,met lichtgewonden,9,personenauto,3,Fiets,Op Kruispunt,Gemeenteweg,binnen bebouwde kom,Tss. 2 best.: langs opzij (voor-/achterkant-flank),Geen hindernis
10700,143,Eco Display Classic Budastraat,Kortrijk,50.83066,3.26286,1.2222177806332037,50.82172207224976,3.272988109466895,2018,10,13,34022,Kortrijk,Normaal,Droog,Dag,met lichtgewonden,9,personenauto,3,Fiets,Op Kruispunt,Gemeenteweg,binnen bebouwde kom,Tss. 2 best.: langs opzij (voor-/achterkant-flank),Geen hindernis
10700,16,Kortrijk 1,Kortrijk,50.83332,3.27777,1.3326489822013659,50.82172207224976,3.272988109466895,2018,10,13,34022,Kortrijk,Normaal,Droog,Dag,met lichtgewonden,9,personenauto,3,Fiets,Op Kruispunt,Gemeenteweg,binnen bebouwde kom,Tss. 2 best.: langs opzij (voor-/achterkant-flank),Geen hindernis
10700,17,Kortrijk 2,Kortrijk,50.83339,3.27773,1.3394814139806137,50.82172207224976,3.272988109466895,2018,10,13,34022,Kortrijk,Normaal,Droog,Dag,met lichtgewonden,9,personenauto,3,Fiets,Op Kruispunt,Gemeenteweg,binnen bebouwde kom,Tss. 2 best.: langs opzij (voor-/achterkant-flank),Geen hindernis
10701,74,Kortrijk teller 1,Kortrijk,50.81909,3.25728,2.0481462051766983,50.80422116177556,3.274485469497766,2018,10,8,34022,Kortrijk,Normaal,Droog,Dag,met lichtgewonden,9,personenauto,3,Fiets,Op Kruispunt,Gewestweg,buiten bebouwde kom,Tss. 2 best.: langs opzij (voor-/achterkant-flank),Geen hindernis
10701,75,Kortrijk teller 2,Kortrijk,50.81925,3.25731,2.06129872022336,50.80422116177556,3.274485469497766,2018,10,8,34022,Kortrijk,Normaal,Droog,Dag,met lichtgewonden,9,personenauto,3,Fiets,Op Kruispunt,Gewestweg,buiten bebouwde kom,Tss. 2 best.: langs opzij (voor-/achterkant-flank),Geen hindernis
10703,75,Kortrijk teller 2,Kortrijk,50.81925,3.25731,0.029325817037671672,50.8194242365257,3.2576233781181587,2018,10,7,34022,Kortrijk,Normaal,Droog,Dag,met zwaargewonden,4,Vrachtwagen,3,Fiets,Op Kruispunt,Gewestweg,binnen bebouwde kom,Tss. 2 best.: langs opzij (voor-/achterkant-flank),Geen hindernis
10703,74,Kortrijk teller 1,Kortrijk,50.81909,3.25728,0.04430739062769007,50.8194242365257,3.2576233781181587,2018,10,7,34022,Kortrijk,Normaal,Droog,Dag,met zwaargewonden,4,Vrachtwagen,3,Fiets,Op Kruispunt,Gewestweg,binnen bebouwde kom,Tss. 2 best.: langs opzij (voor-/achterkant-flank),Geen hindernis
10703,143,Eco Display Classic Budastraat,Kortrijk,50.83066,3.26286,1.3023804940028694,50.8194242365257,3.2576233781181587,2018,10,7,34022,Kortrijk,Normaal,Droog,Dag,met zwaargewonden,4,Vrachtwagen,3,Fiets,Op Kruispunt,Gewestweg,binnen bebouwde kom,Tss. 2 best.: langs opzij (voor-/achterkant-flank),Geen hindernis