crash_row_id,site_id,site_name,site_gemeente,site_lat,site_long,distance_km,crash_lat,crash_long,DT_YEAR_COLLISION,DT_MONTH_COLLISION,DT_TIME,CD_NIS,TX_MUNTY_COLLISION_NL,TX_WEATHER_NL,TX_ROAD_CONDITION_NL,TX_LIGHT_CONDITION_NL,TX_CLASS_ACCIDENTS_NL,CD_ROAD_USR_TYPE1,TX_ROAD_USR_TYPE1_NL,CD_ROAD_USR_TYPE2,TX_ROAD_USR_TYPE2_NL,TX_CROSSWAY_NL,CD_ROAD_TYPE_NL,TX_BUILD_UP_AREA_NL,TX_COLLISION_TYPE_NL,TX_OBSTACLES_NL
10703,16,Kortrijk 1,Kortrijk,50.83332,3.27777,2.0952058519916212,50.8194242365257,3.2576233781181587,2018,10,7,34022,Kortrijk,Normaal,Droog,Dag,met zwaargewonden,4,Vrachtwagen,3,Fiets,Op Kruispunt,Gewestweg,binnen bebouwde kom,Tss. 2 best.: langs opzij (voor-/achterkant-flank),Geen hindernis
10703,17,Kortrijk 2,Kortrijk,50.83339,3.27773,2.099060556606182,50.8194242365257,3.2576233781181587,2018,10,7,34022,Kortrijk,Normaal,Droog,Dag,met zwaargewonden,4,Vrachtwagen,3,Fiets,Op Kruispunt,Gewestweg,binnen bebouwde kom,Tss. 2 best.: langs opzij (voor-/achterkant-flank),Geen hindernis
10704,143,Eco Display Classic Budastraat,Kortrijk,50.83066,3.26286,0.6035976450077458,50.827025517501305,3.2692433488054133,2018,9,8,34022,Kortrijk,Normaal,Droog,Dag,met lichtgewonden,3,Fiets,3,Fiets,Op Kruispunt,Gemeenteweg,binnen bebouwde kom,Tss. 2 best.: langs opzij (voor-/achterkant-flank),Geen hindernis
10704,16,Kortrijk 1,Kortrijk,50.83332,3.27777,0.9211433409958323,50.827025517501305,3.2692433488054133,2018,9,8,34022,Kortrijk,Normaal,Droog,Dag,met lichtgewonden,3,Fiets,3,Fiets,Op Kruispunt,Gemeenteweg,binnen bebouwde kom,Tss. 2 best.: langs opzij (voor-/achterkant-flank),Geen hindernis
10704,17,Kortrijk 2,Kortrijk,50.83339,3.27773,0.9252588988182906,50.827025517501305,3.2692433488054133,2018,9,8,34022,Kortrijk,Normaal,Droog,Dag,met lichtgewonden,3,Fiets,3,Fiets,Op Kruispunt,Gemeenteweg,binnen bebouwde kom,Tss. 2 best.: langs opzij (voor-/achterkant-flank),Geen hindernis
10704,75,Kortrijk teller 2,Kortrijk,50.81925,3.25731,1.2042339639934216,50.827025517501305,3.2692433488054133,2018,9,8,34022,Kortrijk,Normaal,Droog,Dag,met lichtgewonden,3,Fiets,3,Fiets,Op Kruispunt,Gemeenteweg,binnen bebouwde kom,Tss. 2 best.: langs opzij (voor-/achterkant-flank),Geen hindernis
10704,74,Kortrijk teller 1,Kortrijk,50.81909,3.25728,1.2185237594288176,50.827025517501305,3.2692433488054133,2018,9,8,34022,Kortrijk,Normaal,Droog,Dag,met lichtgewonden,3,Fiets,3,Fiets,Op Kruispunt,Gemeenteweg,binnen bebouwde kom,Tss. 2 best.: langs opzij (voor-/achterkant-flank),Geen hindernis
10706,74,Kortrijk teller 1,Kortrijk,50.81909,3.25728,1.4169525220085744,50.81263554374808,3.2746702296440184,2018,10,10,34022,Kortrijk,Normaal,Droog,Dag,met zwaargewonden,9,personenauto,3,Fiets,Op Kruispunt,Gewestweg,binnen bebouwde kom,Tussen 2 bestuurders: Flank tegen flank,Geen hindernis
10706,75,Kortrijk teller 2,Kortrijk,50.81925,3.25731,1.4242394135481546,50.81263554374808,3.2746702296440184,2018,10,10,34022,Kortrijk,Normaal,Droog,Dag,met zwaargewonden,9,personenauto,3,Fiets,Op Kruispunt,Gewestweg,binnen bebouwde kom,Tussen 2 bestuurders: Flank tegen flank,Geen hindernis
10706,143,Eco Display Classic Budastraat,Kortrijk,50.83066,3.26286,2.169147228937046,50.81263554374808,3.2746702296440184,2018,10,10,34022,Kortrijk,Normaal,Droog,Dag,met zwaargewonden,9,personenauto,3,Fiets,Op Kruispunt,Gewestweg,binnen bebouwde kom,Tussen 2 bestuurders: Flank tegen flank,Geen hindernis
10706,16,Kortrijk 1,Kortrijk,50.83332,3.27777,2.3102902440527715,50.81263554374808,3.2746702296440184,2018,10,10,34022,Kortrijk,Normaal,Droog,Dag,met zwaargewonden,9,personenauto,3,Fiets,Op Kruispunt,Gewestweg,binnen bebouwde kom,Tussen 2 bestuurders: Flank tegen flank,Geen hindernis
10706,17,Kortrijk 2,Kortrijk,50.83339,3.27773,2.3177771030764247,50.81263554374808,3.2746702296440184,2018,10,10,34022,Kortrijk,Normaal,Droog,Dag,met zwaargewonden,9,personenauto,3,Fiets,Op Kruispunt,Gewestweg,binnen bebouwde kom,Tussen 2 bestuurders: Flank tegen flank,Geen hindernis
10707,143,Eco Display Classic Budastraat,Kortrijk,50.83066,3.26286,0.6057842521260731,50.83217675553402,3.254575458546375,2018,10,15,34022,Kortrijk,Normaal,Droog,Dag,met lichtgewonden,3,Fiets,3,Fiets,Op Kruispunt,Gewestweg,binnen bebouwde kom,Tss. 2 best.: langs opzij (voor-/achterkant-flank),Geen hindernis
10707,75,Kortrijk teller 2,Kortrijk,50.81925,3.25731,1.4501659264276057,50.83217675553402,3.254575458546375,2018,10,15,34022,Kortrijk,Normaal,Droog,Dag,met lichtgewonden,3,Fiets,3,Fiets,Op Kruispunt,Gewestweg,binnen bebouwde kom,Tss. 2 best.: langs opzij (voor-/achterkant-flank),Geen hindernis
10707,74,Kortrijk teller 1,Kortrijk,50.81909,3.25728,1.4675280479050055,50.83217675553402,3.254575458546375,2018,10,15,34022,Kortrijk,Normaal,Droog,Dag,met lichtgewonden,3,Fiets,3,Fiets,Op Kruispunt,Gewestweg,binnen bebouwde kom,Tss. 2 best.: langs opzij (voor-/achterkant-flank),Geen hindernis
10707,17,Kortrijk 2,Kortrijk,50.83339,3.27773,1.6317099056983515,50.83217675553402,3.254575458546375,2018,10,15,34022,Kortrijk,Normaal,Droog,Dag,met lichtgewonden,3,Fiets,3,Fiets,Op Kruispunt,Gewestweg,binnen bebouwde kom,Tss. 2 best.: langs opzij (voor-/achterkant-flank),Geen hindernis
10707,16,Kortrijk 1,Kortrijk,50.83332,3.27777,1.6338866671790873,50.83217675553402,3.254575458546375,2018,10,15,34022,Kortrijk,Normaal,Droog,Dag,met lichtgewonden,3,Fiets,3,Fiets,Op Kruispunt,Gewestweg,binnen bebouwde kom,Tss. 2 best.: langs opzij (voor-/achterkant-flank),Geen hindernis
10708,17,Kortrijk 2,Kortrijk,50.83339,3.27773,1.6638711608524734,50.847421279022846,3.2694967627881724,2018,10,17,34023,Kuurne,Normaal,"Nat, plassen",Dag,met lichtgewonden,3,Fiets,9,personenauto,Op Kruispunt,Gewestweg,binnen bebouwde kom,Tss. 2 best.: langs opzij (voor-/achterkant-flank),Geen hindernis
10708,16,Kortrijk 1,Kortrijk,50.83332,3.27777,1.6721459107144003,50.847421279022846,3.2694967627881724,2018,10,17,34023,Kuurne,Normaal,"Nat, plassen",Dag,met lichtgewonden,3,Fiets,9,personenauto,Op Kruispunt,Gewestweg,binnen bebouwde kom,Tss. 2 best.: langs opzij (voor-/achterkant-flank),Geen hindernis
10708,143,Eco Display Classic Budastraat,Kortrijk,50.83066,3.26286,1.9211509749769198,50.847421279022846,3.2694967627881724,2018,10,17,34023,Kuurne,Normaal,"Nat, plassen",Dag,met lichtgewonden,3,Fiets,9,personenauto,Op Kruispunt,Gewestweg,binnen bebouwde kom,Tss. 2 best.: langs opzij (voor-/achterkant-flank),Geen hindernis
10709,75,Kortrijk teller 2,Kortrijk,50.81925,3.25731,0.47313613307517577,50.82336099626601,3.2590475219901514,2018,10,17,34022,Kortrijk,Onbekend,Onbekend,Dag,met lichtgewonden,9,personenauto,3,Fiets,Op Kruispunt,Gewestweg,binnen bebouwde kom,Tss. 2 best.: langs opzij (voor-/achterkant-flank),Geen hindernis
10709,74,Kortrijk teller 1,Kortrijk,50.81909,3.25728,0.4908754825911909,50.82336099626601,3.2590475219901514,2018,10,17,34022,Kortrijk,Onbekend,Onbekend,Dag,met lichtgewonden,9,personenauto,3,Fiets,Op Kruispunt,Gewestweg,binnen bebouwde kom,Tss. 2 best.: langs opzij (voor-/achterkant-flank),Geen hindernis
10709,143,Eco Display Classic Budastraat,Kortrijk,50.83066,3.26286,0.8546464456868049,50.82336099626601,3.2590475219901514,2018,10,17,34022,Kortrijk,Onbekend,Onbekend,Dag,met lichtgewonden,9,personenauto,3,Fiets,Op Kruispunt,Gewestweg,binnen bebouwde kom,Tss. 2 best.: langs opzij (voor-/achterkant-flank),Geen hindernis
10709,16,Kortrijk 1,Kortrijk,50.83332,3.27777,1.7191594304005058,50.82336099626601,3.2590475219901514,2018,10,17,34022,Kortrijk,Onbekend,Onbekend,Dag,met lichtgewonden,9,personenauto,3,Fiets,Op Kruispunt,Gewestweg,binnen bebouwde kom,Tss. 2 best.: langs opzij (voor-/achterkant-flank),Geen hindernis
10709,17,Kortrijk 2,Kortrijk,50.83339,3.27773,1.7220410478648072,50.82336099626601,3.2590475219901514,2018,10,17,34022,Kortrijk,Onbekend,Onbekend,Dag,met lichtgewonden,9,personenauto,3,Fiets,Op Kruispunt,Gewestweg,binnen bebouwde kom,Tss. 2 best.: langs opzij (voor-/achterkant-flank),Geen hindernis
10716,17,Kortrijk 2,Kortrijk,50.83339,3.27773,1.487391044149716,50.84320300946956,3.2921245320195376,2018,10,7,34013,Harelbeke,Regenval,"Nat, plassen",Dageraad - schemering,met lichtgewonden,6,Bromfiets,3,Fiets,Buiten Kruispunt,Gewestweg,buiten bebouwde kom,Tussen 2 bestuurders: Frontale botsing,Geen hindernis
10716,16,Kortrijk 1,Kortrijk,50.83332,3.27777,1.4912109695466516,50.84320300946956,3.2921245320195376,2018,10,7,34013,Harelbeke,Regenval,"Nat, plassen",Dageraad - schemering,met lichtgewonden,6,Bromfiets,3,Fiets,Buiten Kruispunt,Gewestweg,buiten bebouwde kom,Tussen 2 bestuurders: Frontale botsing,Geen hindernis
10716,143,Eco Display Classic Budastraat,Kortrijk,50.83066,3.26286,2.4836326135756868,50.84320300946956,3.2921245320195376,2018,10,7,34013,Harelbeke,Regenval,"Nat, plassen",Dageraad - schemering,met lichtgewonden,6,Bromfiets,3,Fiets,Buiten Kruispunt,Gewestweg,buiten bebouwde kom,Tussen 2 bestuurders: Frontale botsing,Geen hindernis
10722,64,Nieuwpoort teller 1,Nieuwpoort,51.13359,2.75737,1.2648785035177852,51.12966013932349,2.7743809425707235,2018,9,15,38016,Nieuwpoort,Normaal,Droog,Dag,met zwaargewonden,3,Fiets,3,Fiets,Buiten Kruispunt,Gewestweg,buiten bebouwde kom,Tussen 2 bestuurders: Langs achteren,Geen hindernis
10722,65,Nieuwpoort teller 2,Nieuwpoort,51.13435,2.75511,1.4422668144030952,51.12966013932349,2.7743809425707235,2018,9,15,38016,Nieuwpoort,Normaal,Droog,Dag,met zwaargewonden,3,Fiets,3,Fiets,Buiten Kruispunt,Gewestweg,buiten bebouwde kom,Tussen 2 bestuurders: Langs achteren,Geen hindernis
10722,66,Nieuwpoort totem,Nieuwpoort,51.1347,2.74369,2.213653734835153,51.12966013932349,2.7743809425707235,2018,9,15,38016,Nieuwpoort,Normaal,Droog,Dag,met zwaargewonden,3,Fiets,3,Fiets,Buiten Kruispunt,Gewestweg,buiten bebouwde kom,Tussen 2 bestuurders: Langs achteren,Geen hindernis
10722,63,Nieuwpoort teller 3,Nieuwpoort,51.13529,2.74289,2.2847851948711626,51.12966013932349,2.7743809425707235,2018,9,15,38016,Nieuwpoort,Normaal,Droog,Dag,met zwaargewonden,3,Fiets,3,Fiets,Buiten Kruispunt,Gewestweg,buiten bebouwde kom,Tussen 2 bestuurders: Langs achteren,Geen hindernis
10724,67,Ieper totem,Ieper,50.85018,2.85624,1.373042741053999,50.85255505091611,2.8754334873896297,2018,10,14,33011,Ieper,Normaal,Droog,Dag,met lichtgewonden,9,personenauto,3,Fiets,Buiten Kruispunt,Gewestweg,binnen bebouwde kom,Tss. 2 best.: langs opzij (voor-/achterkant-flank),Geen hindernis
10724,68,Ieper,Ieper,50.85032,2.85608,1.3811790265127388,50.85255505091611,2.8754334873896297,2018,10,14,33011,Ieper,Normaal,Droog,Dag,met lichtgewonden,9,personenauto,3,Fiets,Buiten Kruispunt,Gewestweg,binnen bebouwde kom,Tss. 2 best.: langs opzij (voor-/achterkant-flank),Geen hindernis
10725,68,Ieper,Ieper,50.85032,2.85608,2.2644066207249414,50.85367811400088,2.824265187555099,2018,10,17,33011,Ieper,Normaal,Droog,Dag,met lichtgewonden,3,Fiets,10,"één bestuurder, geen hindernis",Op Kruispunt,Gewestweg,binnen bebouwde kom,"Eén bestuurder, geen hindernis (incl. val)",Geen hindernis
10725,67,Ieper totem,Ieper,50.85018,2.85624,2.278095297813444,50.85367811400088,2.824265187555099,2018,10,17,33011,Ieper,Normaal,Droog,Dag,met lichtgewonden,3,Fiets,10,"één bestuurder, geen hindernis",Op Kruispunt,Gewestweg,binnen bebouwde kom,"Eén bestuurder, geen hindernis (incl. val)",Geen hindernis
10726,67,Ieper totem,Ieper,50.85018,2.85624,1.7972890891410587,50.85894910462806,2.8777481024028484,2018,10,18,33011,Ieper,Normaal,Droog,Dag,met lichtgewonden,1,Autobus,3,Fiets,Op Kruispunt,Gewestweg,binnen bebouwde kom,Tss. 2 best.: langs opzij (voor-/achterkant-flank),Geen hindernis
10726,68,Ieper,Ieper,50.85032,2.85608,1.7983784583409332,50.85894910462806,2.8777481024028484,2018,10,18,33011,Ieper,Normaal,Droog,Dag,met lichtgewonden,1,Autobus,3,Fiets,Op Kruispunt,Gewestweg,binnen bebouwde kom,Tss. 2 best.: langs opzij (voor-/achterkant-flank),Geen hindernis
10727,67,Ieper totem,Ieper,50.85018,2.85624,1.336397953345936,50.855325600468895,2.8734442099616335,2018,10,13,33011,Ieper,Normaal,Droog,Dag,met lichtgewonden,9,personenauto,3,Fiets,Buiten Kruispunt,Gewestweg,binnen bebouwde kom,Tss. 2 best.: langs opzij (voor-/achterkant-flank),Geen hindernis
10727,68,Ieper,Ieper,50.85032,2.85608,1.3400146574384812,50.855325600468895,2.8734442099616335,2018,10,13,33011,Ieper,Normaal,Droog,Dag,met lichtgewonden,9,personenauto,3,Fiets,Buiten Kruispunt,Gewestweg,binnen bebouwde kom,Tss. 2 best.: langs opzij (voor-/achterkant-flank),Geen hindernis
10731,67,Ieper totem,Ieper,50.85018,2.85624,1.39764016727318,50.84990612114227,2.8761437804609096,2018,10,20,33011,Ieper,Normaal,Droog,"Nacht, openb. verlicht. aanw., maar niet ontstoken",met lichtgewonden,9,personenauto,3,Fiets,Buiten Kruispunt,Gewestweg,binnen bebouwde kom,Tss. 2 best.: langs opzij (voor-/achterkant-flank),Geen hindernis
10731,68,Ieper,Ieper,50.85032,2.85608,1.4092903573727693,50.84990612114227,2.8761437804609096,2018,10,20,33011,Ieper,Normaal,Droog,"Nacht, openb. verlicht. aanw., maar niet ontstoken",met lichtgewonden,9,personenauto,3,Fiets,Buiten Kruispunt,Gewestweg,binnen bebouwde kom,Tss. 2 best.: langs opzij (voor-/achterkant-flank),Geen hindernis
10732,35,Lanaken teller 1,Lanaken,50.88112,5.6314,1.817896174251732,50.88534822964322,5.6564315916983885,2018,9,19,73042,Lanaken,Normaal,Droog,Dag,met lichtgewonden,3,Fiets,11,een weggebruiker tegen een hindernis,Op Kruispunt,Gemeenteweg,binnen bebouwde kom,Weggebruiker tegen hindernis op de rijbaan,"Op de rijbaan: Werken (signal., aarde, toestel,…)"
10732,36,Lanaken teller 2,Lanaken,50.88131,5.63012,1.8996706008422188,50.88534822964322,5.6564315916983885,2018,9,19,73042,Lanaken,Normaal,Droog,Dag,met lichtgewonden,3,Fiets,11,een weggebruiker tegen een hindernis,Op Kruispunt,Gemeenteweg,binnen bebouwde kom,Weggebruiker tegen hindernis op de rijbaan,"Op de rijbaan: Werken (signal., aarde, toestel,…)"
10733,36,Lanaken teller 2,Lanaken,50.88131,5.63012,2.0511683143905906,50.8848354996686,5.601420640847146,2018,10,15,73042,Lanaken,Onbekend,Onbekend,Dag,met lichtgewonden,3,Fiets,11,een weggebruiker tegen een hindernis,Buiten Kruispunt,Gemeenteweg,onbekend,Weggebruiker tegen hindernis op de rijbaan,"Op de rijbaan: Verkeersdrempel, ezelsrug"
10733,35,Lanaken teller 1,Lanaken,50.88112,5.6314,2.143354457883799,50.8848354996686,5.601420640847146,2018,10,15,73042,Lanaken,Onbekend,Onbekend,Dag,met lichtgewonden,3,Fiets,11,een weggebruiker tegen een hindernis,Buiten Kruispunt,Gemeenteweg,onbekend,Weggebruiker tegen hindernis op de rijbaan,"Op de rijbaan: Verkeersdrempel, ezelsrug"
10738,124,Beveren teller 2,Beveren,51.1964712,4.2361077,0.7229537240780789,51.199093643250755,4.226613580345503,2018,10,12,46003,Beveren,Normaal,Droog,Dag,met lichtgewonden,9,personenauto,3,Fiets,Op Kruispunt,Gewestweg,binnen bebouwde kom,Tss. 2 best.: langs opzij (voor-/achterkant-flank),Geen hindernis
10739,124,Beveren teller 2,Beveren,51.1964712,4.2361077,1.554519452235548,51.18251072821388,4.2372901699444,2018,10,16,46003,Beveren,Normaal,Droog,Dag,met lichtgewonden,4,Vrachtwagen,3,Fiets,Buiten Kruispunt,Gewestweg,binnen bebouwde kom,Tss. 2 best.: langs opzij (voor-/achterkant-flank),Geen hindernis
10741,124,Beveren teller 2,Beveren,51.1964712,4.2361077,1.282778723301497,51.19695576192865,4.2177144142533685,2018,10,8,46003,Beveren,Normaal,Droog,Dag,met lichtgewonden,9,personenauto,3,Fiets,Buiten Kruispunt,Gemeenteweg,buiten bebouwde kom,Tss. 2 best.: langs opzij (voor-/achterkant-flank),Geen hindernis
10745,99,Mechelen teller 1,Mechelen,51.04564,4.46882,2.312846399122262,51.029118598430436,4.488915737586315,2018,10,21,12025,Mechelen,Normaal,Droog,"Nacht, openbare verlichting aanwezig en ontstoken",met lichtgewonden,9,personenauto,3,Fiets,Op Kruispunt,Gewestweg,binnen bebouwde kom,Tussen 2 bestuurders: Frontale botsing,Geen hindernis
10745,100,Mechelen teller 2,Mechelen,51.0457,4.46883,2.3177249776665727,51.029118598430436,4.488915737586315,2018,10,21,12025,Mechelen,Normaal,Droog,"Nacht, openbare verlichting aanwezig en ontstoken",met lichtgewonden,9,personenauto,3,Fiets,Op Kruispunt,Gewestweg,binnen bebouwde kom,Tussen 2 bestuurders: Frontale botsing,Geen hindernis
10746,99,Mechelen teller 1,Mechelen,51.04564,4.46882,2.2662219738976757,51.03155616936748,4.492247997287038,2018,10,18,12025,Mechelen,Normaal,Droog,Dag,met lichtgewonden,3,Fiets,3,Fiets,Buiten Kruispunt,Gemeenteweg,binnen bebouwde kom,Tussen 2 bestuurders: Flank tegen flank,Geen hindernis
10746,100,Mechelen teller 2,Mechelen,51.0457,4.46883,2.2703324325081367,51.03155616936748,4.492247997287038,2018,10,18,12025,Mechelen,Normaal,Droog,Dag,met lichtgewonden,3,Fiets,3,Fiets,Buiten Kruispunt,Gemeenteweg,binnen bebouwde kom,Tussen 2 bestuurders: Flank tegen flank,Geen hindernis
10748,100,Mechelen teller 2,Mechelen,51.0457,4.46883,1.1926606834053355,51.05579459627033,4.463062966353131,2018,10,18,12025,Mechelen,Normaal,Droog,Dageraad - schemering,met lichtgewonden,3,Fiets,9,personenauto,Op Kruispunt,Gewestweg,binnen bebouwde kom,Tss. 2 best.: langs opzij (voor-/achterkant-flank),Geen hindernis
10748,99,Mechelen teller 1,Mechelen,51.04564,4.46882,1.1987070857263145,51.05579459627033,4.463062966353131,2018,10,18,12025,Mechelen,Normaal,Droog,Dageraad - schemering,met lichtgewonden,3,Fiets,9,personenauto,Op Kruispunt,Gewestweg,binnen bebouwde kom,Tss. 2 best.: langs opzij (voor-/achterkant-flank),Geen hindernis
10751,109,Zemst,Zemst,50.9903936,4.4707023,2.3909266828259375,51.01118277600491,4.461976829254867,2018,10,14,12025,Mechelen,Normaal,Droog,Dag,met lichtgewonden,9,personenauto,3,Fiets,Op Kruispunt,Gemeenteweg,binnen bebouwde kom,Tussen 2 bestuurders: Frontale botsing,Geen hindernis
10753,99,Mechelen teller 1,Mechelen,51.04564,4.46882,1.2593318728225409,51.035658772273074,4.477331405571213,2018,10,19,12025,Mechelen,Normaal,Droog,Onbekend,met zwaargewonden,9,personenauto,3,Fiets,Op Kruispunt,Gemeenteweg,binnen bebouwde kom,Tussen 2 bestuurders: Langs achteren,Geen hindernis
10753,100,Mechelen teller 2,Mechelen,51.0457,4.46883,1.264886759786453,51.035658772273074,4.477331405571213,2018,10,19,12025,Mechelen,Normaal,Droog,Onbekend,met zwaargewonden,9,personenauto,3,Fiets,Op Kruispunt,Gemeenteweg,binnen bebouwde kom,Tussen 2 bestuurders: Langs achteren,Geen hindernis
10754,99,Mechelen teller 1,Mechelen,51.04564,4.46882,1.441614577905158,51.040188642084175,4.487528854927213,2018,10,10,12025,Mechelen,Normaal,Droog,Dag,met lichtgewonden,3,Fiets,9,personenauto,Buiten Kruispunt,Gemeenteweg,binnen bebouwde kom,Tussen 2 bestuurders: Langs achteren,Geen hindernis
10754,100,Mechelen teller 2,Mechelen,51.0457,4.46883,1.443798727696395,51.040188642084175,4.487528854927213,2018,10,10,12025,Mechelen,Normaal,Droog,Dag,met lichtgewonden,3,Fiets,9,personenauto,Buiten Kruispunt,Gemeenteweg,binnen bebouwde kom,Tussen 2 bestuurders: Langs achteren,Geen hindernis
10755,109,Zemst,Zemst,50.9903936,4.4707023,2.351904241557732,51.01154297517226,4.471141728505887,2018,10,8,12025,Mechelen,Onbekend,Onbekend,Dag,met lichtgewonden,9,personenauto,3,Fiets,Op Kruispunt,Gemeenteweg,binnen bebouwde kom,Tss. 2 best.: langs opzij (voor-/achterkant-flank),Geen hindernis
10756,109,Zemst,Zemst,50.9903936,4.4707023,2.020941379299665,51.008419218212175,4.47439447674906,2018,10,18,12025,Mechelen,Normaal,"Nat, plassen",Dag,met lichtgewonden,9,personenauto,3,Fiets,Buiten Kruispunt,Gewestweg,buiten bebouwde kom,Tss. 2 best.: langs opzij (voor-/achterkant-flank),Geen hindernis
10757,99,Mechelen teller 1,Mechelen,51.04564,4.46882,1.147744700292891,51.036377929625296,4.4760657644025805,2018,10,12,12025,Mechelen,Normaal,Droog,Dag,met lichtgewonden,1,Autobus,3,Fiets,Buiten Kruispunt,Gemeenteweg,binnen bebouwde kom,Tussen 2 bestuurders: Flank tegen flank,Geen hindernis
10757,100,Mechelen teller 2,Mechelen,51.0457,4.46883,1.153428147763098,51.036377929625296,4.4760657644025805,2018,10,12,12025,Mechelen,Normaal,Droog,Dag,met lichtgewonden,1,Autobus,3,Fiets,Buiten Kruispunt,Gemeenteweg,binnen bebouwde kom,Tussen 2 bestuurders: Flank tegen flank,Geen hindernis
10760,140,Hasselt ring,Hasselt,50.9300038,5.3438616,0.7721218642227378,50.92629592338725,5.334546881021924,2018,10,11,71022,Hasselt,Normaal,Droog,Dag,met lichtgewonden,9,personenauto,3,Fiets,Op Kruispunt,Gewestweg,binnen bebouwde kom,Tss. 2 best.: langs opzij (voor-/achterkant-flank),Geen hindernis
10760,138,Hasselt-Kempische brug,Hasselt,50.9405318,5.3422472,1.6724064664364373,50.92629592338725,5.334546881021924,2018,10,11,71022,Hasselt,Normaal,Droog,Dag,met lichtgewonden,9,personenauto,3,Fiets,Op Kruispunt,Gewestweg,binnen bebouwde kom,Tss. 2 best.: langs opzij (voor-/achterkant-flank),Geen hindernis
10760,137,Hasselt-Kempische brug,Hasselt,50.9411605,5.3417576,1.728380484341491,50.92629592338725,5.334546881021924,2018,10,11,71022,Hasselt,Normaal,Droog,Dag,met lichtgewonden,9,personenauto,3,Fiets,Op Kruispunt,Gewestweg,binnen bebouwde kom,Tss. 2 best.: langs opzij (voor-/achterkant-flank),Geen hindernis
10762,140,Hasselt ring,Hasselt,50.9300038,5.3438616,0.6248522680284999,50.932309009531494,5.335730202772265,2018,10,13,71022,Hasselt,Normaal,Droog,Dag,met lichtgewonden,9,personenauto,3,Fiets,Op Kruispunt,Gemeenteweg,binnen bebouwde kom,Tss. 2 best.: langs opzij (voor-/achterkant-flank),Geen hindernis
10762,138,Hasselt-Kempische brug,Hasselt,50.9405318,5.3422472,1.0220313056963208,50.932309009531494,5.335730202772265,2018,10,13,71022,Hasselt,Normaal,Droog,Dag,met lichtgewonden,9,personenauto,3,Fiets,Op Kruispunt,Gemeenteweg,binnen bebouwde kom,Tss. 2 best.: langs opzij (voor-/achterkant-flank),Geen hindernis
10762,137,Hasselt-Kempische brug,Hasselt,50.9411605,5.3417576,1.071034148163882,50.932309009531494,5.335730202772265,2018,10,13,71022,Hasselt,Normaal,Droog,Dag,met lichtgewonden,9,personenauto,3,Fiets,Op Kruispunt,Gemeenteweg,binnen bebouwde kom,Tss. 2 best.: langs opzij (voor-/achterkant-flank),Geen hindernis
10763,30,Herk De Stad,Herk-de-Stad,50.94374,5.17691,0.999109849185772,50.94077927935844,5.163446485626581,2018,10,10,71024,Herk-de-Stad,Normaal,Droog,Dag,met lichtgewonden,9,personenauto,3,Fiets,Op Kruispunt,Gewestweg,binnen bebouwde kom,Tss. 2 best.: langs opzij (voor-/achterkant-flank),Geen hindernis
10763,31,Herk De Stad,Herk-de-Stad,50.94366,5.1775,1.035442917810491,50.94077927935844,5.163446485626581,2018,10,10,71024,Herk-de-Stad,Normaal,Droog,Dag,met lichtgewonden,9,personenauto,3,Fiets,Op Kruispunt,Gewestweg,binnen bebouwde kom,Tss. 2 best.: langs opzij (voor-/achterkant-flank),Geen hindernis
10764,140,Hasselt ring,Hasselt,50.9300038,5.3438616,0.22487713411186375,50.93193566225613,5.3448107907481415,2018,10,22,71022,Hasselt,Normaal,Droog,"Nacht, openbare verlichting aanwezig en ontstoken",met lichtgewonden,3,Fiets,9,personenauto,Op Kruispunt,Gewestweg,binnen bebouwde kom,Tss. 2 best.: langs opzij (voor-/achterkant-flank),Geen hindernis
10764,138,Hasselt-Kempische brug,Hasselt,50.9405318,5.3422472,0.9725809128078253,50.93193566225613,5.3448107907481415,2018,10,22,71022,Hasselt,Normaal,Droog,"Nacht, openbare verlichting aanwezig en ontstoken",met lichtgewonden,3,Fiets,9,personenauto,Op Kruispunt,Gewestweg,binnen bebouwde kom,Tss. 2 best.: langs opzij (voor-/achterkant-flank),Geen hindernis
10764,137,Hasselt-Kempische brug,Hasselt,50.9411605,5.3417576,1.0478294181646193,50.93193566225613,5.3448107907481415,2018,10,22,71022,Hasselt,Normaal,Droog,"Nacht, openbare verlichting aanwezig en ontstoken",met lichtgewonden,3,Fiets,9,personenauto,Op Kruispunt,Gewestweg,binnen bebouwde kom,Tss. 2 best.: langs opzij (voor-/achterkant-flank),Geen hindernis
10766,138,Hasselt-Kempische brug,Hasselt,50.9405318,5.3422472,0.45636101065105933,50.93659683588291,5.340396465681363,2018,10,10,71022,Hasselt,Normaal,Droog,Dag,met zwaargewonden,3,Fiets,9,personenauto,Buiten Kruispunt,Gewestweg,binnen bebouwde kom,Tss. 2 best.: langs opzij (voor-/achterkant-flank),Geen hindernis
10766,137,Hasselt-Kempische brug,Hasselt,50.9411605,5.3417576,0.5163410324901071,50.93659683588291,5.340396465681363,2018,10,10,71022,Hasselt,Normaal,Droog,Dag,met zwaargewonden,3,Fiets,9,personenauto,Buiten Kruispunt,Gewestweg,binnen bebouwde kom,Tss. 2 best.: langs opzij (voor-/achterkant-flank),Geen hindernis
10766,140,Hasselt ring,Hasselt,50.9300038,5.3438616,0.7722818816241387,50.93659683588291,5.340396465681363,2018,10,10,71022,Hasselt,Normaal,Droog,Dag,met zwaargewonden,3,Fiets,9,personenauto,Buiten Kruispunt,Gewestweg,binnen bebouwde kom,Tss. 2 best.: langs opzij (voor-/achterkant-flank),Geen hindernis