crash_row_id,site_id,site_name,site_gemeente,site_lat,site_long,distance_km,crash_lat,crash_long,DT_YEAR_COLLISION,DT_MONTH_COLLISION,DT_TIME,CD_NIS,TX_MUNTY_COLLISION_NL,TX_WEATHER_NL,TX_ROAD_CONDITION_NL,TX_LIGHT_CONDITION_NL,TX_CLASS_ACCIDENTS_NL,CD_ROAD_USR_TYPE1,TX_ROAD_USR_TYPE1_NL,CD_ROAD_USR_TYPE2,TX_ROAD_USR_TYPE2_NL,TX_CROSSWAY_NL,CD_ROAD_TYPE_NL,TX_BUILD_UP_AREA_NL,TX_COLLISION_TYPE_NL,TX_OBSTACLES_NL
10769,137,Hasselt-Kempische brug,Hasselt,50.9411605,5.3417576,1.1574462608413247,50.95093170642117,5.347452475448821,2018,10,8,71022,Hasselt,Normaal,Droog,Dag,met lichtgewonden,3,Fiets,9,personenauto,Buiten Kruispunt,Gewestweg,buiten bebouwde kom,Tss. 2 best.: langs opzij (voor-/achterkant-flank),Geen hindernis
10769,138,Hasselt-Kempische brug,Hasselt,50.9405318,5.3422472,1.2125547222490056,50.95093170642117,5.347452475448821,2018,10,8,71022,Hasselt,Normaal,Droog,Dag,met lichtgewonden,3,Fiets,9,personenauto,Buiten Kruispunt,Gewestweg,buiten bebouwde kom,Tss. 2 best.: langs opzij (voor-/achterkant-flank),Geen hindernis
10769,140,Hasselt ring,Hasselt,50.9300038,5.3438616,2.3406389989357113,50.95093170642117,5.347452475448821,2018,10,8,71022,Hasselt,Normaal,Droog,Dag,met lichtgewonden,3,Fiets,9,personenauto,Buiten Kruispunt,Gewestweg,buiten bebouwde kom,Tss. 2 best.: langs opzij (voor-/achterkant-flank),Geen hindernis
10771,137,Hasselt-Kempische brug,Hasselt,50.9411605,5.3417576,0.7792810088612987,50.94787602633658,5.344938642116134,2018,10,15,71022,Hasselt,Normaal,Droog,Dag,met lichtgewonden,9,personenauto,3,Fiets,Buiten Kruispunt,Gemeenteweg,buiten bebouwde kom,Tss. 2 best.: langs opzij (voor-/achterkant-flank),Geen hindernis
10771,138,Hasselt-Kempische brug,Hasselt,50.9405318,5.3422472,0.8381283990979697,50.94787602633658,5.344938642116134,2018,10,15,71022,Hasselt,Normaal,Droog,Dag,met lichtgewonden,9,personenauto,3,Fiets,Buiten Kruispunt,Gemeenteweg,buiten bebouwde kom,Tss. 2 best.: langs opzij (voor-/achterkant-flank),Geen hindernis
10771,140,Hasselt ring,Hasselt,50.9300038,5.3438616,1.9887333173312816,50.94787602633658,5.344938642116134,2018,10,15,71022,Hasselt,Normaal,Droog,Dag,met lichtgewonden,9,personenauto,3,Fiets,Buiten Kruispunt,Gemeenteweg,buiten bebouwde kom,Tss. 2 best.: langs opzij (voor-/achterkant-flank),Geen hindernis
10773,140,Hasselt ring,Hasselt,50.9300038,5.3438616,0.533051745663017,50.93290897956455,5.337811209526052,2018,10,17,71022,Hasselt,Normaal,Droog,Dag,met zwaargewonden,3,Fiets,9,personenauto,Buiten Kruispunt,Gemeenteweg,binnen bebouwde kom,Tussen 2 bestuurders: Langs achteren,Geen hindernis
10773,138,Hasselt-Kempische brug,Hasselt,50.9405318,5.3422472,0.9028180069425942,50.93290897956455,5.337811209526052,2018,10,17,71022,Hasselt,Normaal,Droog,Dag,met zwaargewonden,3,Fiets,9,personenauto,Buiten Kruispunt,Gemeenteweg,binnen bebouwde kom,Tussen 2 bestuurders: Langs achteren,Geen hindernis
10773,137,Hasselt-Kempische brug,Hasselt,50.9411605,5.3417576,0.95829336841884,50.93290897956455,5.337811209526052,2018,10,17,71022,Hasselt,Normaal,Droog,Dag,met zwaargewonden,3,Fiets,9,personenauto,Buiten Kruispunt,Gemeenteweg,binnen bebouwde kom,Tussen 2 bestuurders: Langs achteren,Geen hindernis
10776,69,Leuven teller 1,Leuven,50.87549,4.71526,0.6699361188370785,50.880319435083834,4.7095510810590575,2018,10,11,24062,Leuven,Onbekend,Onbekend,Dag,met lichtgewonden,8,Voetganger,3,Fiets,Buiten Kruispunt,Gemeenteweg,binnen bebouwde kom,Met een voetganger,Geen hindernis
10776,77,Leuven teller 2,Leuven,50.88672,4.70796,0.7204098557157913,50.880319435083834,4.7095510810590575,2018,10,11,24062,Leuven,Onbekend,Onbekend,Dag,met lichtgewonden,8,Voetganger,3,Fiets,Buiten Kruispunt,Gemeenteweg,binnen bebouwde kom,Met een voetganger,Geen hindernis
10776,107,leuven totem,Leuven,50.8870744,4.7087919,0.7530036218647875,50.880319435083834,4.7095510810590575,2018,10,11,24062,Leuven,Onbekend,Onbekend,Dag,met lichtgewonden,8,Voetganger,3,Fiets,Buiten Kruispunt,Gemeenteweg,binnen bebouwde kom,Met een voetganger,Geen hindernis
10776,151,Leuven,District Leuven,50.8690262,4.6854839,2.1044278623748918,50.880319435083834,4.7095510810590575,2018,10,11,24062,Leuven,Onbekend,Onbekend,Dag,met lichtgewonden,8,Voetganger,3,Fiets,Buiten Kruispunt,Gemeenteweg,binnen bebouwde kom,Met een voetganger,Geen hindernis
10779,2,Brasschaat 2,Brasschaat,51.27512,4.47169,1.9802469444067614,51.28310135314737,4.446239237095683,2018,11,16,11002,Antwerpen,Normaal,Droog,Dag,met lichtgewonden,9,personenauto,3,Fiets,Op Kruispunt,Gemeenteweg,binnen bebouwde kom,Tss. 2 best.: langs opzij (voor-/achterkant-flank),Geen hindernis
10779,3,Brasschaat 1,Brasschaat,51.27503,4.47222,2.0177026927882165,51.28310135314737,4.446239237095683,2018,11,16,11002,Antwerpen,Normaal,Droog,Dag,met lichtgewonden,9,personenauto,3,Fiets,Op Kruispunt,Gemeenteweg,binnen bebouwde kom,Tss. 2 best.: langs opzij (voor-/achterkant-flank),Geen hindernis
10835,2,Brasschaat 2,Brasschaat,51.27512,4.47169,1.7801313291504073,51.26004625168143,4.463072245750403,2018,11,15,11002,Antwerpen,Normaal,Droog,Dag,met lichtgewonden,9,personenauto,3,Fiets,Op Kruispunt,Gewestweg,binnen bebouwde kom,Tss. 2 best.: langs opzij (voor-/achterkant-flank),Geen hindernis
10835,3,Brasschaat 1,Brasschaat,51.27503,4.47222,1.7835348203568695,51.26004625168143,4.463072245750403,2018,11,15,11002,Antwerpen,Normaal,Droog,Dag,met lichtgewonden,9,personenauto,3,Fiets,Op Kruispunt,Gewestweg,binnen bebouwde kom,Tss. 2 best.: langs opzij (voor-/achterkant-flank),Geen hindernis
10890,2,Brasschaat 2,Brasschaat,51.27512,4.47169,2.4478097161542234,51.297098329314785,4.473683957877173,2018,11,7,11008,Brasschaat,Normaal,Droog,Dag,met lichtgewonden,9,personenauto,3,Fiets,Op Kruispunt,Gemeenteweg,binnen bebouwde kom,Tss. 2 best.: langs opzij (voor-/achterkant-flank),Geen hindernis
10890,3,Brasschaat 1,Brasschaat,51.27503,4.47222,2.4559973977416885,51.297098329314785,4.473683957877173,2018,11,7,11008,Brasschaat,Normaal,Droog,Dag,met lichtgewonden,9,personenauto,3,Fiets,Op Kruispunt,Gemeenteweg,binnen bebouwde kom,Tss. 2 best.: langs opzij (voor-/achterkant-flank),Geen hindernis
10893,3,Brasschaat 1,Brasschaat,51.27503,4.47222,2.1169948938665955,51.292174946505284,4.485454307763332,2018,11,7,11008,Brasschaat,Normaal,Droog,Dag,met lichtgewonden,3,Fiets,6,Bromfiets,Op Kruispunt,Gemeenteweg,binnen bebouwde kom,Tss. 2 best.: langs opzij (voor-/achterkant-flank),Geen hindernis
10893,2,Brasschaat 2,Brasschaat,51.27512,4.47169,2.1243404786375812,51.292174946505284,4.485454307763332,2018,11,7,11008,Brasschaat,Normaal,Droog,Dag,met lichtgewonden,3,Fiets,6,Bromfiets,Op Kruispunt,Gemeenteweg,binnen bebouwde kom,Tss. 2 best.: langs opzij (voor-/achterkant-flank),Geen hindernis
10898,3,Brasschaat 1,Brasschaat,51.27503,4.47222,2.446296705242815,51.25515464917107,4.4872948232206324,2018,11,19,11040,Schoten,Normaal,Onbekend,"Nacht, geen openbare verlichting aanwezig",met lichtgewonden,9,personenauto,3,Fiets,Buiten Kruispunt,Gemeenteweg,binnen bebouwde kom,Tussen 2 bestuurders: Frontale botsing,Geen hindernis
10898,2,Brasschaat 2,Brasschaat,51.27512,4.47169,2.4713182284558974,51.25515464917107,4.4872948232206324,2018,11,19,11040,Schoten,Normaal,Onbekend,"Nacht, geen openbare verlichting aanwezig",met lichtgewonden,9,personenauto,3,Fiets,Buiten Kruispunt,Gemeenteweg,binnen bebouwde kom,Tussen 2 bestuurders: Frontale botsing,Geen hindernis
10903,104,Malle teller 2,Malle,51.31682,4.73852,2.0997996313471563,51.30023200092753,4.724083693531144,2018,11,16,11057,Malle,Normaal,Droog,Dageraad - schemering,met lichtgewonden,9,personenauto,3,Fiets,Op Kruispunt,Gewestweg,buiten bebouwde kom,Tss. 2 best.: langs opzij (voor-/achterkant-flank),Geen hindernis
10903,103,Malle teller 1,Malle,51.31681,4.73872,2.105505253942578,51.30023200092753,4.724083693531144,2018,11,16,11057,Malle,Normaal,Droog,Dageraad - schemering,met lichtgewonden,9,personenauto,3,Fiets,Op Kruispunt,Gewestweg,buiten bebouwde kom,Tss. 2 best.: langs opzij (voor-/achterkant-flank),Geen hindernis
10905,103,Malle teller 1,Malle,51.31681,4.73872,1.7574495551985456,51.301428831227454,4.744536735945483,2018,11,15,11057,Malle,Normaal,Droog,Dag,met lichtgewonden,9,personenauto,3,Fiets,Op Kruispunt,Gewestweg,buiten bebouwde kom,Tss. 2 best.: langs opzij (voor-/achterkant-flank),Geen hindernis
10905,104,Malle teller 2,Malle,51.31682,4.73852,1.7617799814816753,51.301428831227454,4.744536735945483,2018,11,15,11057,Malle,Normaal,Droog,Dag,met lichtgewonden,9,personenauto,3,Fiets,Op Kruispunt,Gewestweg,buiten bebouwde kom,Tss. 2 best.: langs opzij (voor-/achterkant-flank),Geen hindernis
10911,96,Lier teller 2,Lier,51.11705,4.58444,2.4277300005261453,51.136784319186965,4.569557392988061,2018,11,15,12021,Lier,Normaal,Droog,Dag,met lichtgewonden,3,Fiets,9,personenauto,Op Kruispunt,Gemeenteweg,binnen bebouwde kom,Tss. 2 best.: langs opzij (voor-/achterkant-flank),Geen hindernis
10911,95,Lier teller 1,Lier,51.11687,4.58437,2.443766561694788,51.136784319186965,4.569557392988061,2018,11,15,12021,Lier,Normaal,Droog,Dag,met lichtgewonden,3,Fiets,9,personenauto,Op Kruispunt,Gemeenteweg,binnen bebouwde kom,Tss. 2 best.: langs opzij (voor-/achterkant-flank),Geen hindernis
10917,93,Nijlen teller 2,Nijlen,51.14998,4.64469,1.5733679473710986,51.14378713290772,4.6244095619162255,2018,11,12,12026,Nijlen,Normaal,Droog,Dag,met lichtgewonden,3,Fiets,8,Voetganger,Buiten Kruispunt,Gemeenteweg,buiten bebouwde kom,Met een voetganger,Geen hindernis
10917,92,Nijlen teller 1,Nijlen,51.14989,4.64479,1.5753072611813723,51.14378713290772,4.6244095619162255,2018,11,12,12026,Nijlen,Normaal,Droog,Dag,met lichtgewonden,3,Fiets,8,Voetganger,Buiten Kruispunt,Gemeenteweg,buiten bebouwde kom,Met een voetganger,Geen hindernis
10918,9,Heist op den Berg 2,Heist-op-den-Berg,51.06904,4.69524,2.4548541943873783,51.07035646199224,4.730311039476551,2018,11,21,12014,Heist-op-den-Berg,Onbekend,Droog,"Nacht, openbare verlichting aanwezig en ontstoken",met lichtgewonden,6,Bromfiets,3,Fiets,Op Kruispunt,Gewestweg,binnen bebouwde kom,Tussen 2 bestuurders: Frontale botsing,Geen hindernis
10943,94,Herentals teller 2,Herentals,51.17345,4.81283,1.3062435104032566,51.17408920109206,4.831539195248479,2018,11,15,13011,Herentals,Normaal,Droog,Dag,met lichtgewonden,9,personenauto,3,Fiets,Op Kruispunt,Gemeenteweg,binnen bebouwde kom,Tussen 2 bestuurders: Langs achteren,Geen hindernis
10943,110,Herentals totem,Herentals,51.1739426,4.811783,1.3773889048982575,51.17408920109206,4.831539195248479,2018,11,15,13011,Herentals,Normaal,Droog,Dag,met lichtgewonden,9,personenauto,3,Fiets,Op Kruispunt,Gemeenteweg,binnen bebouwde kom,Tussen 2 bestuurders: Langs achteren,Geen hindernis
10948,94,Herentals teller 2,Herentals,51.17345,4.81283,0.40883969008378074,51.17478905617744,4.81829175061335,2018,11,14,13011,Herentals,Normaal,Droog,Dag,met lichtgewonden,3,Fiets,5,Lichte vrachtauto,Op Kruispunt,Gewestweg,onbekend,Tss. 2 best.: langs opzij (voor-/achterkant-flank),Geen hindernis
10948,110,Herentals totem,Herentals,51.1739426,4.811783,0.46340961164885525,51.17478905617744,4.81829175061335,2018,11,14,13011,Herentals,Normaal,Droog,Dag,met lichtgewonden,3,Fiets,5,Lichte vrachtauto,Op Kruispunt,Gewestweg,onbekend,Tss. 2 best.: langs opzij (voor-/achterkant-flank),Geen hindernis
10949,38,Lommel teller 2,Lommel,51.23277,5.29189,1.6905502726277482,51.21829966812983,5.299337860260468,2018,11,7,72020,Lommel,Normaal,Droog,Dag,met lichtgewonden,3,Fiets,9,personenauto,Op Kruispunt,Gemeenteweg,buiten bebouwde kom,Tussen 2 bestuurders: Langs achteren,Geen hindernis
10949,37,Lommel teller 1,Lommel,51.23299,5.29211,1.709275808046588,51.21829966812983,5.299337860260468,2018,11,7,72020,Lommel,Normaal,Droog,Dag,met lichtgewonden,3,Fiets,9,personenauto,Op Kruispunt,Gemeenteweg,buiten bebouwde kom,Tussen 2 bestuurders: Langs achteren,Geen hindernis
10951,46,Pelt teller 2,Pelt,51.231,5.44375,2.1241429542386308,51.21338204161248,5.431959728774989,2018,11,9,72043,Pelt,Normaal,Droog,Dag,met lichtgewonden,9,personenauto,3,Fiets,Op Kruispunt,Gewestweg,buiten bebouwde kom,Tss. 2 best.: langs opzij (voor-/achterkant-flank),Geen hindernis
10951,45,Pelt teller 1,Pelt,51.23127,5.44377,2.1523940696344543,51.21338204161248,5.431959728774989,2018,11,9,72043,Pelt,Normaal,Droog,Dag,met lichtgewonden,9,personenauto,3,Fiets,Op Kruispunt,Gewestweg,buiten bebouwde kom,Tss. 2 best.: langs opzij (voor-/achterkant-flank),Geen hindernis
10952,46,Pelt teller 2,Pelt,51.231,5.44375,0.8780615408136218,51.23073793633379,5.431146277400458,2018,11,8,72043,Pelt,Normaal,Droog,Dag,met lichtgewonden,3,Fiets,10,"één bestuurder, geen hindernis",Op Kruispunt,Gemeenteweg,binnen bebouwde kom,"Eén bestuurder, geen hindernis (incl. val)",Geen hindernis
10952,45,Pelt teller 1,Pelt,51.23127,5.44377,0.8809567173148145,51.23073793633379,5.431146277400458,2018,11,8,72043,Pelt,Normaal,Droog,Dag,met lichtgewonden,3,Fiets,10,"één bestuurder, geen hindernis",Op Kruispunt,Gemeenteweg,binnen bebouwde kom,"Eén bestuurder, geen hindernis (incl. val)",Geen hindernis
10960,40,Peer teller 2,Peer,51.13438,5.47892,0.908658129164189,51.13500636156584,5.491904583311587,2018,11,6,72030,Peer,Normaal,Droog,"Nacht, openbare verlichting aanwezig en ontstoken",met lichtgewonden,3,Fiets,9,personenauto,Op Kruispunt,Gewestweg,buiten bebouwde kom,Tss. 2 best.: langs opzij (voor-/achterkant-flank),Geen hindernis
10960,39,Peer teller 1,Peer,51.13425,5.47817,0.9620001742477239,51.13500636156584,5.491904583311587,2018,11,6,72030,Peer,Normaal,Droog,"Nacht, openbare verlichting aanwezig en ontstoken",met lichtgewonden,3,Fiets,9,personenauto,Op Kruispunt,Gewestweg,buiten bebouwde kom,Tss. 2 best.: langs opzij (voor-/achterkant-flank),Geen hindernis
10966,21,Bilzen,Bilzen,50.86015,5.50161,0.25324500763827407,50.86211279368626,5.503440090906772,2018,11,15,73006,Bilzen,Normaal,Droog,Dag,met zwaargewonden,3,Fiets,8,Voetganger,Buiten Kruispunt,Gewestweg,buiten bebouwde kom,Met een voetganger,Geen hindernis
10970,25,Bree,Bree,51.13679500160176,5.597669323604317,0.49914644886229903,51.140899219011885,5.594771469551717,2018,11,12,72004,Bree,Normaal,Droog,Dag,met lichtgewonden,9,personenauto,3,Fiets,Op Kruispunt,Gewestweg,binnen bebouwde kom,Tss. 2 best.: langs opzij (voor-/achterkant-flank),Geen hindernis
10972,14,Genk,Genk,50.97172,5.48927,1.8885838334934126,50.974565843741125,5.515861608164172,2018,11,8,71016,Genk,Normaal,"Nat, plassen",Dageraad - schemering,met lichtgewonden,3,Fiets,9,personenauto,Op Kruispunt,Gemeenteweg,binnen bebouwde kom,Tss. 2 best.: langs opzij (voor-/achterkant-flank),Geen hindernis
10973,25,Bree,Bree,51.13679500160176,5.597669323604317,0.5981837429203185,51.132419133452395,5.59268251075125,2018,11,8,72004,Bree,Normaal,Droog,Dag,met lichtgewonden,9,personenauto,3,Fiets,Op Kruispunt,Gewestweg,buiten bebouwde kom,Tss. 2 best.: langs opzij (voor-/achterkant-flank),Geen hindernis
10975,25,Bree,Bree,51.13679500160176,5.597669323604317,2.1129706410323834,51.1556943850973,5.6008191534312335,2018,11,18,72004,Bree,Normaal,Droog,"Nacht, openbare verlichting aanwezig en ontstoken",met lichtgewonden,3,Fiets,9,personenauto,Buiten Kruispunt,Gemeenteweg,binnen bebouwde kom,Tussen 2 bestuurders: Langs achteren,Geen hindernis
10976,108,Heverlee teller 1,Leuven,50.8471728,4.6954674,1.313070370629577,50.858979386491384,4.69582341157169,2018,11,8,24062,Leuven,Normaal,Droog,Dageraad - schemering,met lichtgewonden,3,Fiets,8,Voetganger,Buiten Kruispunt,Gewestweg,binnen bebouwde kom,Met een voetganger,Geen hindernis
10976,151,Leuven,District Leuven,50.8690262,4.6854839,1.3321416237512977,50.858979386491384,4.69582341157169,2018,11,8,24062,Leuven,Normaal,Droog,Dageraad - schemering,met lichtgewonden,3,Fiets,8,Voetganger,Buiten Kruispunt,Gewestweg,binnen bebouwde kom,Met een voetganger,Geen hindernis
10976,76,Heverlee teller 2,Leuven,50.84606,4.69597,1.4366070888606295,50.858979386491384,4.69582341157169,2018,11,8,24062,Leuven,Normaal,Droog,Dageraad - schemering,met lichtgewonden,3,Fiets,8,Voetganger,Buiten Kruispunt,Gewestweg,binnen bebouwde kom,Met een voetganger,Geen hindernis
10976,69,Leuven teller 1,Leuven,50.87549,4.71526,2.2871447025715845,50.858979386491384,4.69582341157169,2018,11,8,24062,Leuven,Normaal,Droog,Dageraad - schemering,met lichtgewonden,3,Fiets,8,Voetganger,Buiten Kruispunt,Gewestweg,binnen bebouwde kom,Met een voetganger,Geen hindernis
10978,69,Leuven teller 1,Leuven,50.87549,4.71526,0.5085302528561338,50.872302002724204,4.720456298810779,2018,11,19,24062,Leuven,Regenval,"Nat, plassen","Nacht, openbare verlichting aanwezig en ontstoken",met lichtgewonden,9,personenauto,3,Fiets,Op Kruispunt,Gewestweg,binnen bebouwde kom,Tss. 2 best.: langs opzij (voor-/achterkant-flank),Geen hindernis
10978,77,Leuven teller 2,Leuven,50.88672,4.70796,1.8272722111145043,50.872302002724204,4.720456298810779,2018,11,19,24062,Leuven,Regenval,"Nat, plassen","Nacht, openbare verlichting aanwezig en ontstoken",met lichtgewonden,9,personenauto,3,Fiets,Op Kruispunt,Gewestweg,binnen bebouwde kom,Tss. 2 best.: langs opzij (voor-/achterkant-flank),Geen hindernis
10978,107,leuven totem,Leuven,50.8870744,4.7087919,1.8351824231192662,50.872302002724204,4.720456298810779,2018,11,19,24062,Leuven,Regenval,"Nat, plassen","Nacht, openbare verlichting aanwezig en ontstoken",met lichtgewonden,9,personenauto,3,Fiets,Op Kruispunt,Gewestweg,binnen bebouwde kom,Tss. 2 best.: langs opzij (voor-/achterkant-flank),Geen hindernis
10978,151,Leuven,District Leuven,50.8690262,4.6854839,2.480972640746152,50.872302002724204,4.720456298810779,2018,11,19,24062,Leuven,Regenval,"Nat, plassen","Nacht, openbare verlichting aanwezig en ontstoken",met lichtgewonden,9,personenauto,3,Fiets,Op Kruispunt,Gewestweg,binnen bebouwde kom,Tss. 2 best.: langs opzij (voor-/achterkant-flank),Geen hindernis
10979,69,Leuven teller 1,Leuven,50.87549,4.71526,0.21051247759175987,50.87366810902584,4.714444423409694,2018,11,7,24062,Leuven,Normaal,Droog,Dag,met lichtgewonden,9,personenauto,3,Fiets,Op Kruispunt,Gewestweg,binnen bebouwde kom,Tussen 2 bestuurders: Frontale botsing,Geen hindernis
10979,77,Leuven teller 2,Leuven,50.88672,4.70796,1.5209363066331727,50.87366810902584,4.714444423409694,2018,11,7,24062,Leuven,Normaal,Droog,Dag,met lichtgewonden,9,personenauto,3,Fiets,Op Kruispunt,Gewestweg,binnen bebouwde kom,Tussen 2 bestuurders: Frontale botsing,Geen hindernis
10979,107,leuven totem,Leuven,50.8870744,4.7087919,1.5425583455455394,50.87366810902584,4.714444423409694,2018,11,7,24062,Leuven,Normaal,Droog,Dag,met lichtgewonden,9,personenauto,3,Fiets,Op Kruispunt,Gewestweg,binnen bebouwde kom,Tussen 2 bestuurders: Frontale botsing,Geen hindernis
10979,151,Leuven,District Leuven,50.8690262,4.6854839,2.0967166173148457,50.87366810902584,4.714444423409694,2018,11,7,24062,Leuven,Normaal,Droog,Dag,met lichtgewonden,9,personenauto,3,Fiets,Op Kruispunt,Gewestweg,binnen bebouwde kom,Tussen 2 bestuurders: Frontale botsing,Geen hindernis
10980,151,Leuven,District Leuven,50.8690262,4.6854839,1.0393053591013623,50.86787948795098,4.700182115569686,2018,11,17,24062,Leuven,Normaal,Droog,"Nacht, openbare verlichting aanwezig en ontstoken",met lichtgewonden,9,personenauto,3,Fiets,Op Kruispunt,Gewestweg,binnen bebouwde kom,Tss. 2 best.: langs opzij (voor-/achterkant-flank),Geen hindernis
10980,69,Leuven teller 1,Leuven,50.87549,4.71526,1.3548263311442985,50.86787948795098,4.700182115569686,2018,11,17,24062,Leuven,Normaal,Droog,"Nacht, openbare verlichting aanwezig en ontstoken",met lichtgewonden,9,personenauto,3,Fiets,Op Kruispunt,Gewestweg,binnen bebouwde kom,Tss. 2 best.: langs opzij (voor-/achterkant-flank),Geen hindernis
10980,77,Leuven teller 2,Leuven,50.88672,4.70796,2.1648785699586823,50.86787948795098,4.700182115569686,2018,11,17,24062,Leuven,Normaal,Droog,"Nacht, openbare verlichting aanwezig en ontstoken",met lichtgewonden,9,personenauto,3,Fiets,Op Kruispunt,Gewestweg,binnen bebouwde kom,Tss. 2 best.: langs opzij (voor-/achterkant-flank),Geen hindernis
10980,107,leuven totem,Leuven,50.8870744,4.7087919,2.2182144514300948,50.86787948795098,4.700182115569686,2018,11,17,24062,Leuven,Normaal,Droog,"Nacht, openbare verlichting aanwezig en ontstoken",met lichtgewonden,9,personenauto,3,Fiets,Op Kruispunt,Gewestweg,binnen bebouwde kom,Tss. 2 best.: langs opzij (voor-/achterkant-flank),Geen hindernis
10980,108,Heverlee teller 1,Leuven,50.8471728,4.6954674,2.326139675124952,50.86787948795098,4.700182115569686,2018,11,17,24062,Leuven,Normaal,Droog,"Nacht, openbare verlichting aanwezig en ontstoken",met lichtgewonden,9,personenauto,3,Fiets,Op Kruispunt,Gewestweg,binnen bebouwde kom,Tss. 2 best.: langs opzij (voor-/achterkant-flank),Geen hindernis
10980,76,Heverlee teller 2,Leuven,50.84606,4.69597,2.4441646057893154,50.86787948795098,4.700182115569686,2018,11,17,24062,Leuven,Normaal,Droog,"Nacht, openbare verlichting aanwezig en ontstoken",met lichtgewonden,9,personenauto,3,Fiets,Op Kruispunt,Gewestweg,binnen bebouwde kom,Tss. 2 best.: langs opzij (voor-/achterkant-flank),Geen hindernis
10981,107,leuven totem,Leuven,50.8870744,4.7087919,1.7303031780273888,50.88793637333635,4.7334209256192485,2018,11,18,24062,Leuven,Normaal,Droog,"Nacht, openbare verlichting aanwezig en ontstoken",met lichtgewonden,9,personenauto,3,Fiets,Op Kruispunt,Gemeenteweg,binnen bebouwde kom,Tss. 2 best.: langs opzij (voor-/achterkant-flank),Geen hindernis
10981,77,Leuven teller 2,Leuven,50.88672,4.70796,1.7911224840076292,50.88793637333635,4.7334209256192485,2018,11,18,24062,Leuven,Normaal,Droog,"Nacht, openbare verlichting aanwezig en ontstoken",met lichtgewonden,9,personenauto,3,Fiets,Op Kruispunt,Gemeenteweg,binnen bebouwde kom,Tss. 2 best.: langs opzij (voor-/achterkant-flank),Geen hindernis
10981,69,Leuven teller 1,Leuven,50.87549,4.71526,1.881139166298783,50.88793637333635,4.7334209256192485,2018,11,18,24062,Leuven,Normaal,Droog,"Nacht, openbare verlichting aanwezig en ontstoken",met lichtgewonden,9,personenauto,3,Fiets,Op Kruispunt,Gemeenteweg,binnen bebouwde kom,Tss. 2 best.: langs opzij (voor-/achterkant-flank),Geen hindernis
10982,77,Leuven teller 2,Leuven,50.88672,4.70796,0.6125229422571362,50.88189380053493,4.712169220126866,2018,11,9,24062,Leuven,Normaal,Droog,Dag,met lichtgewonden,3,Fiets,11,een weggebruiker tegen een hindernis,Buiten Kruispunt,Gemeenteweg,binnen bebouwde kom,Weggebruiker tegen hindernis op de rijbaan,"Op de rijbaan: Werken (signal., aarde, toestel,…)"
10982,107,leuven totem,Leuven,50.8870744,4.7087919,0.6228753257772474,50.88189380053493,4.712169220126866,2018,11,9,24062,Leuven,Normaal,Droog,Dag,met lichtgewonden,3,Fiets,11,een weggebruiker tegen een hindernis,Buiten Kruispunt,Gemeenteweg,binnen bebouwde kom,Weggebruiker tegen hindernis op de rijbaan,"Op de rijbaan: Werken (signal., aarde, toestel,…)"
10982,69,Leuven teller 1,Leuven,50.87549,4.71526,0.7443570780568732,50.88189380053493,4.712169220126866,2018,11,9,24062,Leuven,Normaal,Droog,Dag,met lichtgewonden,3,Fiets,11,een weggebruiker tegen een hindernis,Buiten Kruispunt,Gemeenteweg,binnen bebouwde kom,Weggebruiker tegen hindernis op de rijbaan,"Op de rijbaan: Werken (signal., aarde, toestel,…)"
10982,151,Leuven,District Leuven,50.8690262,4.6854839,2.356481030014574,50.88189380053493,4.712169220126866,2018,11,9,24062,Leuven,Normaal,Droog,Dag,met lichtgewonden,3,Fiets,11,een weggebruiker tegen een hindernis,Buiten Kruispunt,Gemeenteweg,binnen bebouwde kom,Weggebruiker tegen hindernis op de rijbaan,"Op de rijbaan: Werken (signal., aarde, toestel,…)"
10983,151,Leuven,District Leuven,50.8690262,4.6854839,0.529873115935665,50.86962807621005,4.692974260954764,2018,11,21,24062,Leuven,Normaal,Droog,"Nacht, openbare verlichting aanwezig en ontstoken",met lichtgewonden,3,Fiets,9,personenauto,Buiten Kruispunt,Gewestweg,binnen bebouwde kom,Tussen 2 bestuurders: Frontale botsing,Geen hindernis
10983,69,Leuven teller 1,Leuven,50.87549,4.71526,1.6941822801893005,50.86962807621005,4.692974260954764,2018,11,21,24062,Leuven,Normaal,Droog,"Nacht, openbare verlichting aanwezig en ontstoken",met lichtgewonden,3,Fiets,9,personenauto,Buiten Kruispunt,Gewestweg,binnen bebouwde kom,Tussen 2 bestuurders: Frontale botsing,Geen hindernis
10983,77,Leuven teller 2,Leuven,50.88672,4.70796,2.171980798761667,50.86962807621005,4.692974260954764,2018,11,21,24062,Leuven,Normaal,Droog,"Nacht, openbare verlichting aanwezig en ontstoken",met lichtgewonden,3,Fiets,9,personenauto,Buiten Kruispunt,Gewestweg,binnen bebouwde kom,Tussen 2 bestuurders: Frontale botsing,Geen hindernis