crash_row_id,site_id,site_name,site_gemeente,site_lat,site_long,distance_km,crash_lat,crash_long,DT_YEAR_COLLISION,DT_MONTH_COLLISION,DT_TIME,CD_NIS,TX_MUNTY_COLLISION_NL,TX_WEATHER_NL,TX_ROAD_CONDITION_NL,TX_LIGHT_CONDITION_NL,TX_CLASS_ACCIDENTS_NL,CD_ROAD_USR_TYPE1,TX_ROAD_USR_TYPE1_NL,CD_ROAD_USR_TYPE2,TX_ROAD_USR_TYPE2_NL,TX_CROSSWAY_NL,CD_ROAD_TYPE_NL,TX_BUILD_UP_AREA_NL,TX_COLLISION_TYPE_NL,TX_OBSTACLES_NL
10983,107,leuven totem,Leuven,50.8870744,4.7087919,2.2349444060182306,50.86962807621005,4.692974260954764,2018,11,21,24062,Leuven,Normaal,Droog,"Nacht, openbare verlichting aanwezig en ontstoken",met lichtgewonden,3,Fiets,9,personenauto,Buiten Kruispunt,Gewestweg,binnen bebouwde kom,Tussen 2 bestuurders: Frontale botsing,Geen hindernis
10984,77,Leuven teller 2,Leuven,50.88672,4.70796,0.8139394173838342,50.887205858116985,4.696382345336156,2018,11,7,24062,Leuven,Normaal,Droog,"Nacht, openbare verlichting aanwezig en ontstoken",met lichtgewonden,9,personenauto,3,Fiets,Op Kruispunt,Gemeenteweg,binnen bebouwde kom,Tss. 2 best.: langs opzij (voor-/achterkant-flank),Geen hindernis
10984,107,leuven totem,Leuven,50.8870744,4.7087919,0.870619677550562,50.887205858116985,4.696382345336156,2018,11,7,24062,Leuven,Normaal,Droog,"Nacht, openbare verlichting aanwezig en ontstoken",met lichtgewonden,9,personenauto,3,Fiets,Op Kruispunt,Gemeenteweg,binnen bebouwde kom,Tss. 2 best.: langs opzij (voor-/achterkant-flank),Geen hindernis
10984,69,Leuven teller 1,Leuven,50.87549,4.71526,1.8577212098984868,50.887205858116985,4.696382345336156,2018,11,7,24062,Leuven,Normaal,Droog,"Nacht, openbare verlichting aanwezig en ontstoken",met lichtgewonden,9,personenauto,3,Fiets,Op Kruispunt,Gemeenteweg,binnen bebouwde kom,Tss. 2 best.: langs opzij (voor-/achterkant-flank),Geen hindernis
10984,151,Leuven,District Leuven,50.8690262,4.6854839,2.1612695922447767,50.887205858116985,4.696382345336156,2018,11,7,24062,Leuven,Normaal,Droog,"Nacht, openbare verlichting aanwezig en ontstoken",met lichtgewonden,9,personenauto,3,Fiets,Op Kruispunt,Gemeenteweg,binnen bebouwde kom,Tss. 2 best.: langs opzij (voor-/achterkant-flank),Geen hindernis
10986,151,Leuven,District Leuven,50.8690262,4.6854839,1.338255975232309,50.880606199443555,4.690679891911922,2018,11,10,24062,Leuven,Onbekend,Onbekend,Dag,met zwaargewonden,9,personenauto,3,Fiets,Buiten Kruispunt,Gemeenteweg,binnen bebouwde kom,Tss. 2 best.: langs opzij (voor-/achterkant-flank),Geen hindernis
10986,77,Leuven teller 2,Leuven,50.88672,4.70796,1.3898542602884751,50.880606199443555,4.690679891911922,2018,11,10,24062,Leuven,Onbekend,Onbekend,Dag,met zwaargewonden,9,personenauto,3,Fiets,Buiten Kruispunt,Gemeenteweg,binnen bebouwde kom,Tss. 2 best.: langs opzij (voor-/achterkant-flank),Geen hindernis
10986,107,leuven totem,Leuven,50.8870744,4.7087919,1.4600392262826973,50.880606199443555,4.690679891911922,2018,11,10,24062,Leuven,Onbekend,Onbekend,Dag,met zwaargewonden,9,personenauto,3,Fiets,Buiten Kruispunt,Gemeenteweg,binnen bebouwde kom,Tss. 2 best.: langs opzij (voor-/achterkant-flank),Geen hindernis
10986,69,Leuven teller 1,Leuven,50.87549,4.71526,1.8159754470510927,50.880606199443555,4.690679891911922,2018,11,10,24062,Leuven,Onbekend,Onbekend,Dag,met zwaargewonden,9,personenauto,3,Fiets,Buiten Kruispunt,Gemeenteweg,binnen bebouwde kom,Tss. 2 best.: langs opzij (voor-/achterkant-flank),Geen hindernis
10987,151,Leuven,District Leuven,50.8690262,4.6854839,1.2013434982532982,50.879823937421534,4.686064053259062,2018,11,13,24062,Leuven,Normaal,Droog,Dag,met lichtgewonden,3,Fiets,9,personenauto,Buiten Kruispunt,Gemeenteweg,binnen bebouwde kom,Tussen 2 bestuurders: Langs achteren,Geen hindernis
10987,77,Leuven teller 2,Leuven,50.88672,4.70796,1.7168292081520302,50.879823937421534,4.686064053259062,2018,11,13,24062,Leuven,Normaal,Droog,Dag,met lichtgewonden,3,Fiets,9,personenauto,Buiten Kruispunt,Gemeenteweg,binnen bebouwde kom,Tussen 2 bestuurders: Langs achteren,Geen hindernis
10987,107,leuven totem,Leuven,50.8870744,4.7087919,1.786664266070174,50.879823937421534,4.686064053259062,2018,11,13,24062,Leuven,Normaal,Droog,Dag,met lichtgewonden,3,Fiets,9,personenauto,Buiten Kruispunt,Gemeenteweg,binnen bebouwde kom,Tussen 2 bestuurders: Langs achteren,Geen hindernis
10987,69,Leuven teller 1,Leuven,50.87549,4.71526,2.104357775221932,50.879823937421534,4.686064053259062,2018,11,13,24062,Leuven,Normaal,Droog,Dag,met lichtgewonden,3,Fiets,9,personenauto,Buiten Kruispunt,Gemeenteweg,binnen bebouwde kom,Tussen 2 bestuurders: Langs achteren,Geen hindernis
10990,22,Tienen 2,Tienen,50.81330800184882,4.935984252796022,2.4726422732861084,50.795108724445846,4.956203086575256,2018,11,17,24107,Tienen,Normaal,Droog+Proper,Dageraad - schemering,met lichtgewonden,9,personenauto,3,Fiets,Op Kruispunt,Gemeenteweg,buiten bebouwde kom,Tss. 2 best.: langs opzij (voor-/achterkant-flank),Geen hindernis
10993,102,Diest teller 2,Diest,50.9779,5.04474,2.095080388946897,50.9792901979411,5.014895916406362,2018,11,7,24020,Diest,Normaal,"Nat, plassen",Dageraad - schemering,met lichtgewonden,3,Fiets,9,personenauto,Op Kruispunt,Gewestweg,buiten bebouwde kom,Tss. 2 best.: langs opzij (voor-/achterkant-flank),Geen hindernis
10993,101,Diest teller 1,Diest,50.97799,5.04481,2.0992527520442192,50.9792901979411,5.014895916406362,2018,11,7,24020,Diest,Normaal,"Nat, plassen",Dageraad - schemering,met lichtgewonden,3,Fiets,9,personenauto,Op Kruispunt,Gewestweg,buiten bebouwde kom,Tss. 2 best.: langs opzij (voor-/achterkant-flank),Geen hindernis
10994,101,Diest teller 1,Diest,50.97799,5.04481,1.9293047819034472,50.9949522380732,5.039010651599121,2018,11,7,24020,Diest,Normaal,Droog,Dageraad - schemering,met lichtgewonden,3,Fiets,9,personenauto,Op Kruispunt,Gewestweg,binnen bebouwde kom,Tss. 2 best.: langs opzij (voor-/achterkant-flank),Geen hindernis
10994,102,Diest teller 2,Diest,50.9779,5.04474,1.9380696788436749,50.9949522380732,5.039010651599121,2018,11,7,24020,Diest,Normaal,Droog,Dageraad - schemering,met lichtgewonden,3,Fiets,9,personenauto,Op Kruispunt,Gewestweg,binnen bebouwde kom,Tss. 2 best.: langs opzij (voor-/achterkant-flank),Geen hindernis
10995,101,Diest teller 1,Diest,50.97799,5.04481,1.9357075402606634,50.99447601425879,5.035928627211018,2018,11,7,24020,Diest,Normaal,Droog,Dageraad - schemering,met lichtgewonden,6,Bromfiets,3,Fiets,Buiten Kruispunt,Gewestweg,buiten bebouwde kom,Tussen 2 bestuurders: Frontale botsing,Geen hindernis
10995,102,Diest teller 2,Diest,50.9779,5.04474,1.9436273267047302,50.99447601425879,5.035928627211018,2018,11,7,24020,Diest,Normaal,Droog,Dageraad - schemering,met lichtgewonden,6,Bromfiets,3,Fiets,Buiten Kruispunt,Gewestweg,buiten bebouwde kom,Tussen 2 bestuurders: Frontale botsing,Geen hindernis
11004,86,Asse teller 2,Asse,50.89132,4.1709,2.3519883149366536,50.87037008255594,4.175522371154738,2018,11,17,23086,Ternat,Normaal,Droog,Dag,met lichtgewonden,3,Fiets,11,een weggebruiker tegen een hindernis,Op Kruispunt,Gemeenteweg,binnen bebouwde kom,Weggebruiker tegen hindernis op de rijbaan,"Op de rijbaan: Werken (signal., aarde, toestel,…)"
11009,27,Grimbergen,Meise,50.92127,4.34013,1.8615927907648493,50.90475692289534,4.344503287552433,2018,11,17,23025,Grimbergen,Normaal,Droog,"Nacht, openbare verlichting aanwezig en ontstoken",met lichtgewonden,3,Fiets,9,personenauto,Op Kruispunt,Gewestweg,buiten bebouwde kom,Tss. 2 best.: langs opzij (voor-/achterkant-flank),Geen hindernis
11010,27,Grimbergen,Meise,50.92127,4.34013,2.126067194765921,50.90215504350911,4.339421102026909,2018,11,7,23025,Grimbergen,Normaal,Droog,Dag,met lichtgewonden,9,personenauto,3,Fiets,Buiten Kruispunt,Gemeenteweg,binnen bebouwde kom,Tss. 2 best.: langs opzij (voor-/achterkant-flank),Geen hindernis
11011,27,Grimbergen,Meise,50.92127,4.34013,0.2425887638050439,50.91916406238954,4.341033819449691,2018,11,7,23025,Grimbergen,Onbekend,Onbekend,Dag,met lichtgewonden,3,Fiets,9,personenauto,Op Kruispunt,Gewestweg,buiten bebouwde kom,Tss. 2 best.: langs opzij (voor-/achterkant-flank),Geen hindernis
11012,27,Grimbergen,Meise,50.92127,4.34013,2.011970977039764,50.906498744433385,4.356704742835203,2018,11,16,23025,Grimbergen,Normaal,Droog,Dag,met lichtgewonden,9,personenauto,3,Fiets,Op Kruispunt,Gemeenteweg,binnen bebouwde kom,Tss. 2 best.: langs opzij (voor-/achterkant-flank),Geen hindernis
11013,27,Grimbergen,Meise,50.92127,4.34013,2.186391022700604,50.91063819237541,4.366365512520994,2018,11,10,23088,Vilvoorde,Normaal,"Nat, plassen",Dag,met lichtgewonden,9,personenauto,3,Fiets,Op Kruispunt,Gemeenteweg,binnen bebouwde kom,Tss. 2 best.: langs opzij (voor-/achterkant-flank),Geen hindernis
11015,47,Vilvoorde,Vilvoorde,50.91372,4.41497,1.6504145037559852,50.9274095178515,4.424068503212057,2018,11,11,23088,Vilvoorde,Normaal,Droog,Dag,met lichtgewonden,9,personenauto,3,Fiets,Op Kruispunt,Gewestweg,binnen bebouwde kom,Tss. 2 best.: langs opzij (voor-/achterkant-flank),Geen hindernis
11016,47,Vilvoorde,Vilvoorde,50.91372,4.41497,1.5898855229971278,50.92623666902578,4.425933840009619,2018,11,8,23088,Vilvoorde,Normaal,Droog,Dag,met lichtgewonden,9,personenauto,3,Fiets,Op Kruispunt,Gewestweg,binnen bebouwde kom,Tss. 2 best.: langs opzij (voor-/achterkant-flank),Geen hindernis
11016,1,Machelen,Machelen,50.91618331151478,4.456121776137429,2.3931869335268394,50.92623666902578,4.425933840009619,2018,11,8,23088,Vilvoorde,Normaal,Droog,Dag,met lichtgewonden,9,personenauto,3,Fiets,Op Kruispunt,Gewestweg,binnen bebouwde kom,Tss. 2 best.: langs opzij (voor-/achterkant-flank),Geen hindernis
11017,47,Vilvoorde,Vilvoorde,50.91372,4.41497,1.380596904084419,50.91269525385236,4.434595228447872,2018,11,15,23047,Machelen,Normaal,Droog,Dag,met lichtgewonden,3,Fiets,9,personenauto,Op Kruispunt,Gemeenteweg,binnen bebouwde kom,Tussen 2 bestuurders: Flank tegen flank,Geen hindernis
11017,1,Machelen,Machelen,50.91618331151478,4.456121776137429,1.55818741362018,50.91269525385236,4.434595228447872,2018,11,15,23047,Machelen,Normaal,Droog,Dag,met lichtgewonden,3,Fiets,9,personenauto,Op Kruispunt,Gemeenteweg,binnen bebouwde kom,Tussen 2 bestuurders: Flank tegen flank,Geen hindernis
11018,47,Vilvoorde,Vilvoorde,50.91372,4.41497,1.7267342325857429,50.91208747900229,4.3904770277505625,2018,11,12,23088,Vilvoorde,Normaal,Droog,Dag,met lichtgewonden,9,personenauto,3,Fiets,Op Kruispunt,Gewestweg,buiten bebouwde kom,Tss. 2 best.: langs opzij (voor-/achterkant-flank),Geen hindernis
11025,13,Gent,Gent,51.03018,3.70146,1.1242822839027728,51.03706957079016,3.7132277176144046,2018,11,13,44021,Gent,Normaal,Droog,Dag,met lichtgewonden,3,Fiets,9,personenauto,Op Kruispunt,Gemeenteweg,binnen bebouwde kom,Tussen 2 bestuurders: Flank tegen flank,Geen hindernis
11027,13,Gent,Gent,51.03018,3.70146,1.3378267773345445,51.03823225925568,3.7156755077663974,2018,11,9,44021,Gent,Regenval,"Nat, plassen",Dag,met lichtgewonden,9,personenauto,3,Fiets,Buiten Kruispunt,Gewestweg,binnen bebouwde kom,Tss. 2 best.: langs opzij (voor-/achterkant-flank),Geen hindernis
11030,13,Gent,Gent,51.03018,3.70146,1.7780837833804546,51.027808718101326,3.67631575742116,2018,11,12,44021,Gent,Normaal,"Vuil (zand, grint, bladeren,...)",Dag,met lichtgewonden,3,Fiets,10,"één bestuurder, geen hindernis",Buiten Kruispunt,Gemeenteweg,binnen bebouwde kom,"Eén bestuurder, geen hindernis (incl. val)",Geen hindernis
11031,13,Gent,Gent,51.03018,3.70146,2.380860699451915,51.050134731955566,3.713806309492049,2018,11,8,44021,Gent,Regenval,"Nat, plassen",Dag,met lichtgewonden,3,Fiets,11,een weggebruiker tegen een hindernis,Op Kruispunt,Gemeenteweg,binnen bebouwde kom,Weggebruiker tegen hindernis buiten rijbaan,Buiten de rijbaan: Muur gebouw
11032,13,Gent,Gent,51.03018,3.70146,1.965952507933057,51.038427718972,3.72632837534718,2018,11,23,44021,Gent,Normaal,Droog,"Nacht, openbare verlichting aanwezig en ontstoken",met lichtgewonden,9,personenauto,3,Fiets,Op Kruispunt,Gewestweg,binnen bebouwde kom,Tss. 2 best.: langs opzij (voor-/achterkant-flank),Geen hindernis
11038,136,Gent R4,Gent,51.0876313,3.7587918,2.4436809624137767,51.07323873218262,3.7323557081005565,2018,11,12,44021,Gent,Normaal,Droog,Dag,met lichtgewonden,3,Fiets,9,personenauto,Buiten Kruispunt,Gemeenteweg,binnen bebouwde kom,Tussen 2 bestuurders: Frontale botsing,Geen hindernis
11040,136,Gent R4,Gent,51.0876313,3.7587918,2.2534876759393128,51.10445802274874,3.776776935656493,2018,11,12,44021,Gent,Normaal,Droog,Dag,met lichtgewonden,3,Fiets,9,personenauto,Buiten Kruispunt,Gemeenteweg,binnen bebouwde kom,Tussen 2 bestuurders: Langs achteren,Geen hindernis
11042,13,Gent,Gent,51.03018,3.70146,1.612219904473787,51.036533128689186,3.7221845991546507,2018,11,5,44021,Gent,Normaal,"Nat, plassen","Nacht, openbare verlichting aanwezig en ontstoken",met lichtgewonden,9,personenauto,3,Fiets,Op Kruispunt,Gewestweg,binnen bebouwde kom,Tss. 2 best.: langs opzij (voor-/achterkant-flank),Geen hindernis
11045,119,Gent teller 2,Gent,51.0281795,3.7683918,1.9633401527486263,51.04393286254831,3.7557103898503037,2018,11,12,44021,Gent,Normaal,Droog+Proper,Dag,met lichtgewonden,9,personenauto,3,Fiets,Op Kruispunt,Gemeenteweg,binnen bebouwde kom,Tss. 2 best.: langs opzij (voor-/achterkant-flank),Geen hindernis
11045,118,Gent teller 1,Gent,51.028049,3.7681359,1.9683348907401328,51.04393286254831,3.7557103898503037,2018,11,12,44021,Gent,Normaal,Droog+Proper,Dag,met lichtgewonden,9,personenauto,3,Fiets,Op Kruispunt,Gemeenteweg,binnen bebouwde kom,Tss. 2 best.: langs opzij (voor-/achterkant-flank),Geen hindernis
11046,119,Gent teller 2,Gent,51.0281795,3.7683918,1.8846975120046592,51.04427956008604,3.759965932933504,2018,11,14,44021,Gent,Normaal,Droog,Dag,met lichtgewonden,3,Fiets,9,personenauto,Buiten Kruispunt,Gemeenteweg,binnen bebouwde kom,Tss. 2 best.: langs opzij (voor-/achterkant-flank),Geen hindernis
11046,118,Gent teller 1,Gent,51.028049,3.7681359,1.8930105099905736,51.04427956008604,3.759965932933504,2018,11,14,44021,Gent,Normaal,Droog,Dag,met lichtgewonden,3,Fiets,9,personenauto,Buiten Kruispunt,Gemeenteweg,binnen bebouwde kom,Tss. 2 best.: langs opzij (voor-/achterkant-flank),Geen hindernis
11047,118,Gent teller 1,Gent,51.028049,3.7681359,2.1875352617471675,51.03493374098588,3.7388321067388355,2018,11,19,44021,Gent,Normaal,Droog,Dageraad - schemering,met lichtgewonden,3,Fiets,6,Bromfiets,Op Kruispunt,Gewestweg,binnen bebouwde kom,Tussen 2 bestuurders: Flank tegen flank,Geen hindernis
11047,119,Gent teller 2,Gent,51.0281795,3.7683918,2.1993073467119024,51.03493374098588,3.7388321067388355,2018,11,19,44021,Gent,Normaal,Droog,Dageraad - schemering,met lichtgewonden,3,Fiets,6,Bromfiets,Op Kruispunt,Gewestweg,binnen bebouwde kom,Tussen 2 bestuurders: Flank tegen flank,Geen hindernis
11050,118,Gent teller 1,Gent,51.028049,3.7681359,1.410010683496949,51.026020745800515,3.7482341626464977,2018,11,17,44021,Gent,Normaal,Droog,"Nacht, openbare verlichting aanwezig en ontstoken",met lichtgewonden,3,Fiets,3,Fiets,Buiten Kruispunt,Gewestweg,binnen bebouwde kom,Tss. 2 best.: langs opzij (voor-/achterkant-flank),Geen hindernis
11050,119,Gent teller 2,Gent,51.0281795,3.7683918,1.4300420059146066,51.026020745800515,3.7482341626464977,2018,11,17,44021,Gent,Normaal,Droog,"Nacht, openbare verlichting aanwezig en ontstoken",met lichtgewonden,3,Fiets,3,Fiets,Buiten Kruispunt,Gewestweg,binnen bebouwde kom,Tss. 2 best.: langs opzij (voor-/achterkant-flank),Geen hindernis
11053,119,Gent teller 2,Gent,51.0281795,3.7683918,2.1663754037231255,51.04409890967752,3.750530804034426,2018,11,15,44021,Gent,Normaal,Droog,Dag,met lichtgewonden,9,personenauto,3,Fiets,Op Kruispunt,Gemeenteweg,binnen bebouwde kom,Tss. 2 best.: langs opzij (voor-/achterkant-flank),Geen hindernis
11053,118,Gent teller 1,Gent,51.028049,3.7681359,2.1680399851902323,51.04409890967752,3.750530804034426,2018,11,15,44021,Gent,Normaal,Droog,Dag,met lichtgewonden,9,personenauto,3,Fiets,Op Kruispunt,Gemeenteweg,binnen bebouwde kom,Tss. 2 best.: langs opzij (voor-/achterkant-flank),Geen hindernis
11055,13,Gent,Gent,51.03018,3.70146,2.1849669508475418,51.0251217832847,3.671270272504509,2018,11,8,44021,Gent,Normaal,Proper,Dag,met lichtgewonden,9,personenauto,3,Fiets,Op Kruispunt,Gemeenteweg,binnen bebouwde kom,Tss. 2 best.: langs opzij (voor-/achterkant-flank),Geen hindernis
11056,13,Gent,Gent,51.03018,3.70146,1.7899663758946562,51.04288041467975,3.7171892491926273,2018,11,21,44021,Gent,Normaal,Onbekend,"Nacht, openb. verlicht. aanw., maar niet ontstoken",met lichtgewonden,8,Voetganger,3,Fiets,Op Kruispunt,Gewestweg,binnen bebouwde kom,Met een voetganger,Geen hindernis
11057,13,Gent,Gent,51.03018,3.70146,0.8271108415067807,51.034709880723156,3.7108417244579925,2018,11,11,44021,Gent,Normaal,Droog,Dag,met lichtgewonden,3,Fiets,9,personenauto,Op Kruispunt,Gemeenteweg,binnen bebouwde kom,Tss. 2 best.: langs opzij (voor-/achterkant-flank),Geen hindernis
11077,117,Melle teller 1,Melle,50.9986113,3.8040599,1.76843916197339,51.00976068863076,3.7860366401901357,2018,11,18,44040,Melle,Normaal,"Nat, plassen","Nacht, geen openbare verlichting aanwezig",met lichtgewonden,9,personenauto,3,Fiets,Op Kruispunt,Gemeenteweg,binnen bebouwde kom,Tussen 2 bestuurders: Frontale botsing,Geen hindernis
11077,116,Melle teller 2,Melle,50.9986113,3.8040599,1.76843916197339,51.00976068863076,3.7860366401901357,2018,11,18,44040,Melle,Normaal,"Nat, plassen","Nacht, geen openbare verlichting aanwezig",met lichtgewonden,9,personenauto,3,Fiets,Op Kruispunt,Gemeenteweg,binnen bebouwde kom,Tussen 2 bestuurders: Frontale botsing,Geen hindernis
11077,118,Gent teller 1,Gent,51.028049,3.7681359,2.3881448004971255,51.00976068863076,3.7860366401901357,2018,11,18,44040,Melle,Normaal,"Nat, plassen","Nacht, geen openbare verlichting aanwezig",met lichtgewonden,9,personenauto,3,Fiets,Op Kruispunt,Gemeenteweg,binnen bebouwde kom,Tussen 2 bestuurders: Frontale botsing,Geen hindernis
11077,119,Gent teller 2,Gent,51.0281795,3.7683918,2.3912244005366583,51.00976068863076,3.7860366401901357,2018,11,18,44040,Melle,Normaal,"Nat, plassen","Nacht, geen openbare verlichting aanwezig",met lichtgewonden,9,personenauto,3,Fiets,Op Kruispunt,Gemeenteweg,binnen bebouwde kom,Tussen 2 bestuurders: Frontale botsing,Geen hindernis
11078,118,Gent teller 1,Gent,51.028049,3.7681359,0.5822685165684061,51.0230923726797,3.7708210897843464,2018,11,15,44040,Melle,Normaal,Droog,Dag,met lichtgewonden,9,personenauto,3,Fiets,Buiten Kruispunt,Gemeenteweg,binnen bebouwde kom,Tss. 2 best.: langs opzij (voor-/achterkant-flank),Geen hindernis
11078,119,Gent teller 2,Gent,51.0281795,3.7683918,0.5906273851055608,51.0230923726797,3.7708210897843464,2018,11,15,44040,Melle,Normaal,Droog,Dag,met lichtgewonden,9,personenauto,3,Fiets,Buiten Kruispunt,Gemeenteweg,binnen bebouwde kom,Tss. 2 best.: langs opzij (voor-/achterkant-flank),Geen hindernis
11092,6,Evergem 2,Evergem,51.10894,3.70298,0.6083653981974312,51.112965655854204,3.6970784274842283,2018,11,17,44019,Evergem,Normaal,Droog,"Nacht, openbare verlichting aanwezig en ontstoken",met lichtgewonden,3,Fiets,9,personenauto,Op Kruispunt,Gewestweg,binnen bebouwde kom,Tss. 2 best.: langs opzij (voor-/achterkant-flank),Geen hindernis
11092,7,Evergem 1,Evergem,51.1089,3.70317,0.6206572044982679,51.112965655854204,3.6970784274842283,2018,11,17,44019,Evergem,Normaal,Droog,"Nacht, openbare verlichting aanwezig en ontstoken",met lichtgewonden,3,Fiets,9,personenauto,Op Kruispunt,Gewestweg,binnen bebouwde kom,Tss. 2 best.: langs opzij (voor-/achterkant-flank),Geen hindernis
11097,115,Aalter,Aalter,51.1058367,3.4350591,2.3218202994406987,51.08976608963236,3.456288282886285,2018,11,17,44084,Aalter,Normaal,Droog,"Nacht, openbare verlichting aanwezig en ontstoken",met zwaargewonden,9,personenauto,3,Fiets,Op Kruispunt,Gemeenteweg,binnen bebouwde kom,Tss. 2 best.: langs opzij (voor-/achterkant-flank),Geen hindernis
11119,126,Hamme totem,Hamme,51.1017709,4.1469307,1.6976954591173379,51.11363555994893,4.131626218574629,2018,11,10,46025,Temse,Normaal,Droog,Dag,met lichtgewonden,3,Fiets,3,Fiets,Buiten Kruispunt,Gemeenteweg,buiten bebouwde kom,Kettingbotsing (3 bestuurders of meer),Geen hindernis
11121,126,Hamme totem,Hamme,51.1017709,4.1469307,1.59117686309604,51.11498715057415,4.138192233217858,2018,11,15,46025,Temse,Normaal,Droog,Dag,met zwaargewonden,9,personenauto,3,Fiets,Buiten Kruispunt,Gemeenteweg,buiten bebouwde kom,Tussen 2 bestuurders: Langs achteren,Geen hindernis
11123,141,Test site A support,Lokeren,51.08342085,3.9961071208376326,1.655967115603828,51.09457315711731,4.0118204480260475,2018,11,8,46014,Lokeren,Normaal,Droog,Dag,met lichtgewonden,9,personenauto,3,Fiets,Op Kruispunt,Gewestweg,buiten bebouwde kom,Tss. 2 best.: langs opzij (voor-/achterkant-flank),Geen hindernis
11124,128,Lokeren teller 1,Lokeren,51.09644,3.97023,0.593032943735651,51.10170200870244,3.9688462722729807,2018,11,13,46014,Lokeren,Normaal,Droog,Dag,met lichtgewonden,3,Fiets,3,Fiets,Buiten Kruispunt,Gemeenteweg,binnen bebouwde kom,Tussen 2 bestuurders: Flank tegen flank,Geen hindernis
11124,129,Lokeren teller 2,Lokeren,51.09612,3.97025,0.6283829931489175,51.10170200870244,3.9688462722729807,2018,11,13,46014,Lokeren,Normaal,Droog,Dag,met lichtgewonden,3,Fiets,3,Fiets,Buiten Kruispunt,Gemeenteweg,binnen bebouwde kom,Tussen 2 bestuurders: Flank tegen flank,Geen hindernis
11125,141,Test site A support,Lokeren,51.08342085,3.9961071208376326,1.687570781631737,51.09650854897023,4.008340870665418,2018,11,9,46014,Lokeren,Normaal,Droog,Dag,met lichtgewonden,9,personenauto,3,Fiets,Op Kruispunt,Gewestweg,binnen bebouwde kom,Tss. 2 best.: langs opzij (voor-/achterkant-flank),Geen hindernis
11126,128,Lokeren teller 1,Lokeren,51.09644,3.97023,2.2674468167593202,51.11409488123075,3.9864814105848145,2018,11,9,46014,Lokeren,Normaal,Droog,Dag,dodelijk gewonden,9,personenauto,3,Fiets,Op Kruispunt,Gemeenteweg,binnen bebouwde kom,Tss. 2 best.: langs opzij (voor-/achterkant-flank),Geen hindernis
11126,129,Lokeren teller 2,Lokeren,51.09612,3.97025,2.2976355533027357,51.11409488123075,3.9864814105848145,2018,11,9,46014,Lokeren,Normaal,Droog,Dag,dodelijk gewonden,9,personenauto,3,Fiets,Op Kruispunt,Gemeenteweg,binnen bebouwde kom,Tss. 2 best.: langs opzij (voor-/achterkant-flank),Geen hindernis
11128,126,Hamme totem,Hamme,51.1017709,4.1469307,1.4500377991130846,51.09668321473192,4.127810326549483,2018,11,19,42008,Hamme,Onbekend,Onbekend,Onbekend,met lichtgewonden,3,Fiets,9,personenauto,Buiten Kruispunt,Gemeenteweg,binnen bebouwde kom,Tussen 2 bestuurders: Flank tegen flank,Geen hindernis
11129,126,Hamme totem,Hamme,51.1017709,4.1469307,1.004789465557406,51.09274478498409,4.147613303135724,2018,11,18,42008,Hamme,Normaal,Droog,"Nacht, openbare verlichting aanwezig en ontstoken",met lichtgewonden,5,Lichte vrachtauto,3,Fiets,Buiten Kruispunt,Gemeenteweg,binnen bebouwde kom,Tussen 2 bestuurders: Frontale botsing,Geen hindernis
11130,120,Zele teller 1,Zele,51.0607671,4.0547741,1.319297773084502,51.0543115890656,4.03893610462208,2018,11,7,42028,Zele,Onbekend,Onbekend,Onbekend,met lichtgewonden,3,Fiets,9,personenauto,Op Kruispunt,Gemeenteweg,buiten bebouwde kom,Tss. 2 best.: langs opzij (voor-/achterkant-flank),Geen hindernis
11130,121,Zele teller 2,Zele,51.0604067,4.0556696,1.3517046285333283,51.0543115890656,4.03893610462208,2018,11,7,42028,Zele,Onbekend,Onbekend,Onbekend,met lichtgewonden,3,Fiets,9,personenauto,Op Kruispunt,Gemeenteweg,buiten bebouwde kom,Tss. 2 best.: langs opzij (voor-/achterkant-flank),Geen hindernis
11142,10,Aalst 2,Aalst,50.93549,4.01571,1.3470336660548667,50.94165947995452,4.032254348523755,2018,11,7,41002,Aalst,Normaal,"Nat, plassen",Dag,met lichtgewonden,3,Fiets,11,een weggebruiker tegen een hindernis,Op Kruispunt,Gemeenteweg,binnen bebouwde kom,Weggebruiker tegen hindernis op de rijbaan,"Op de rijbaan: Verkeersdrempel, ezelsrug"
11142,11,Aalst 3,Aalst,50.93385,4.01647,1.4061893128583411,50.94165947995452,4.032254348523755,2018,11,7,41002,Aalst,Normaal,"Nat, plassen",Dag,met lichtgewonden,3,Fiets,11,een weggebruiker tegen een hindernis,Op Kruispunt,Gemeenteweg,binnen bebouwde kom,Weggebruiker tegen hindernis op de rijbaan,"Op de rijbaan: Verkeersdrempel, ezelsrug"
11142,19,Aalst 1,Aalst,50.93433,4.01471,1.474962938936786,50.94165947995452,4.032254348523755,2018,11,7,41002,Aalst,Normaal,"Nat, plassen",Dag,met lichtgewonden,3,Fiets,11,een weggebruiker tegen een hindernis,Op Kruispunt,Gemeenteweg,binnen bebouwde kom,Weggebruiker tegen hindernis op de rijbaan,"Op de rijbaan: Verkeersdrempel, ezelsrug"