crash_row_id,site_id,site_name,site_gemeente,site_lat,site_long,distance_km,crash_lat,crash_long,DT_YEAR_COLLISION,DT_MONTH_COLLISION,DT_TIME,CD_NIS,TX_MUNTY_COLLISION_NL,TX_WEATHER_NL,TX_ROAD_CONDITION_NL,TX_LIGHT_CONDITION_NL,TX_CLASS_ACCIDENTS_NL,CD_ROAD_USR_TYPE1,TX_ROAD_USR_TYPE1_NL,CD_ROAD_USR_TYPE2,TX_ROAD_USR_TYPE2_NL,TX_CROSSWAY_NL,CD_ROAD_TYPE_NL,TX_BUILD_UP_AREA_NL,TX_COLLISION_TYPE_NL,TX_OBSTACLES_NL
11144,10,Aalst 2,Aalst,50.93549,4.01571,1.9246227880365878,50.94071565258243,4.041895209963743,2018,11,14,41002,Aalst,Normaal,"Nat, plassen",Dag,met lichtgewonden,9,personenauto,3,Fiets,Buiten Kruispunt,Gemeenteweg,binnen bebouwde kom,Tussen 2 bestuurders: Langs achteren,Geen hindernis
11144,11,Aalst 3,Aalst,50.93385,4.01647,1.938267551550634,50.94071565258243,4.041895209963743,2018,11,14,41002,Aalst,Normaal,"Nat, plassen",Dag,met lichtgewonden,9,personenauto,3,Fiets,Buiten Kruispunt,Gemeenteweg,binnen bebouwde kom,Tussen 2 bestuurders: Langs achteren,Geen hindernis
11144,19,Aalst 1,Aalst,50.93433,4.01471,2.0329392902775294,50.94071565258243,4.041895209963743,2018,11,14,41002,Aalst,Normaal,"Nat, plassen",Dag,met lichtgewonden,9,personenauto,3,Fiets,Buiten Kruispunt,Gemeenteweg,binnen bebouwde kom,Tussen 2 bestuurders: Langs achteren,Geen hindernis
11145,10,Aalst 2,Aalst,50.93549,4.01571,2.263625848249352,50.94230652132737,4.046150620320817,2018,11,9,41002,Aalst,Normaal,"Nat, plassen",Dag,met lichtgewonden,3,Fiets,9,personenauto,Op Kruispunt,Gewestweg,binnen bebouwde kom,Tss. 2 best.: langs opzij (voor-/achterkant-flank),Geen hindernis
11145,11,Aalst 3,Aalst,50.93385,4.01647,2.282436825168885,50.94230652132737,4.046150620320817,2018,11,9,41002,Aalst,Normaal,"Nat, plassen",Dag,met lichtgewonden,3,Fiets,9,personenauto,Op Kruispunt,Gewestweg,binnen bebouwde kom,Tss. 2 best.: langs opzij (voor-/achterkant-flank),Geen hindernis
11145,19,Aalst 1,Aalst,50.93433,4.01471,2.3748921936885283,50.94230652132737,4.046150620320817,2018,11,9,41002,Aalst,Normaal,"Nat, plassen",Dag,met lichtgewonden,3,Fiets,9,personenauto,Op Kruispunt,Gewestweg,binnen bebouwde kom,Tss. 2 best.: langs opzij (voor-/achterkant-flank),Geen hindernis
11146,11,Aalst 3,Aalst,50.93385,4.01647,2.093447875980248,50.9398395788495,4.044793255664335,2018,11,10,41002,Aalst,Normaal,Droog,Dag,met zwaargewonden,3,Fiets,9,personenauto,Op Kruispunt,Gemeenteweg,binnen bebouwde kom,Tss. 2 best.: langs opzij (voor-/achterkant-flank),Geen hindernis
11146,10,Aalst 2,Aalst,50.93549,4.01571,2.0945047479307446,50.9398395788495,4.044793255664335,2018,11,10,41002,Aalst,Normaal,Droog,Dag,met zwaargewonden,3,Fiets,9,personenauto,Op Kruispunt,Gemeenteweg,binnen bebouwde kom,Tss. 2 best.: langs opzij (voor-/achterkant-flank),Geen hindernis
11146,19,Aalst 1,Aalst,50.93433,4.01471,2.195215932639357,50.9398395788495,4.044793255664335,2018,11,10,41002,Aalst,Normaal,Droog,Dag,met zwaargewonden,3,Fiets,9,personenauto,Op Kruispunt,Gemeenteweg,binnen bebouwde kom,Tss. 2 best.: langs opzij (voor-/achterkant-flank),Geen hindernis
11147,11,Aalst 3,Aalst,50.93385,4.01647,1.8208057383342235,50.91751296478485,4.018235635030034,2018,11,16,41002,Aalst,Normaal,Droog,Dageraad - schemering,met lichtgewonden,3,Fiets,9,personenauto,Op Kruispunt,Gemeenteweg,binnen bebouwde kom,Tss. 2 best.: langs opzij (voor-/achterkant-flank),Geen hindernis
11147,19,Aalst 1,Aalst,50.93433,4.01471,1.886225426034281,50.91751296478485,4.018235635030034,2018,11,16,41002,Aalst,Normaal,Droog,Dageraad - schemering,met lichtgewonden,3,Fiets,9,personenauto,Op Kruispunt,Gemeenteweg,binnen bebouwde kom,Tss. 2 best.: langs opzij (voor-/achterkant-flank),Geen hindernis
11147,10,Aalst 2,Aalst,50.93549,4.01571,2.0067776357725435,50.91751296478485,4.018235635030034,2018,11,16,41002,Aalst,Normaal,Droog,Dageraad - schemering,met lichtgewonden,3,Fiets,9,personenauto,Op Kruispunt,Gemeenteweg,binnen bebouwde kom,Tss. 2 best.: langs opzij (voor-/achterkant-flank),Geen hindernis
11148,10,Aalst 2,Aalst,50.93549,4.01571,2.1641768575228006,50.94224300157713,4.044677451385482,2018,11,16,41002,Aalst,Normaal,Droog,"Nacht, openbare verlichting aanwezig en ontstoken",met lichtgewonden,3,Fiets,3,Fiets,Buiten Kruispunt,Gemeenteweg,binnen bebouwde kom,Tussen 2 bestuurders: Langs achteren,Geen hindernis
11148,11,Aalst 3,Aalst,50.93385,4.01647,2.1857676377330124,50.94224300157713,4.044677451385482,2018,11,16,41002,Aalst,Normaal,Droog,"Nacht, openbare verlichting aanwezig en ontstoken",met lichtgewonden,3,Fiets,3,Fiets,Buiten Kruispunt,Gemeenteweg,binnen bebouwde kom,Tussen 2 bestuurders: Langs achteren,Geen hindernis
11148,19,Aalst 1,Aalst,50.93433,4.01471,2.2767243983957957,50.94224300157713,4.044677451385482,2018,11,16,41002,Aalst,Normaal,Droog,"Nacht, openbare verlichting aanwezig en ontstoken",met lichtgewonden,3,Fiets,3,Fiets,Buiten Kruispunt,Gemeenteweg,binnen bebouwde kom,Tussen 2 bestuurders: Langs achteren,Geen hindernis
11149,10,Aalst 2,Aalst,50.93549,4.01571,1.953202293347594,50.94549497324842,4.038622500536698,2018,11,6,41002,Aalst,Normaal,Droog,"Nacht, openbare verlichting aanwezig en ontstoken",met lichtgewonden,5,Lichte vrachtauto,3,Fiets,Op Kruispunt,Gemeenteweg,binnen bebouwde kom,Tss. 2 best.: langs opzij (voor-/achterkant-flank),Geen hindernis
11149,11,Aalst 3,Aalst,50.93385,4.01647,2.0213725809224563,50.94549497324842,4.038622500536698,2018,11,6,41002,Aalst,Normaal,Droog,"Nacht, openbare verlichting aanwezig en ontstoken",met lichtgewonden,5,Lichte vrachtauto,3,Fiets,Op Kruispunt,Gemeenteweg,binnen bebouwde kom,Tss. 2 best.: langs opzij (voor-/achterkant-flank),Geen hindernis
11149,19,Aalst 1,Aalst,50.93433,4.01471,2.0853256136954017,50.94549497324842,4.038622500536698,2018,11,6,41002,Aalst,Normaal,Droog,"Nacht, openbare verlichting aanwezig en ontstoken",met lichtgewonden,5,Lichte vrachtauto,3,Fiets,Op Kruispunt,Gemeenteweg,binnen bebouwde kom,Tss. 2 best.: langs opzij (voor-/achterkant-flank),Geen hindernis
11150,10,Aalst 2,Aalst,50.93549,4.01571,1.11699621589867,50.94026522148219,4.029734667429982,2018,11,9,41002,Aalst,Normaal,Droog,Dag,met lichtgewonden,3,Fiets,8,Voetganger,Buiten Kruispunt,Gemeenteweg,binnen bebouwde kom,Met een voetganger,Geen hindernis
11150,11,Aalst 3,Aalst,50.93385,4.01647,1.1716627001359503,50.94026522148219,4.029734667429982,2018,11,9,41002,Aalst,Normaal,Droog,Dag,met lichtgewonden,3,Fiets,8,Voetganger,Buiten Kruispunt,Gemeenteweg,binnen bebouwde kom,Met een voetganger,Geen hindernis
11150,19,Aalst 1,Aalst,50.93433,4.01471,1.2425594512794662,50.94026522148219,4.029734667429982,2018,11,9,41002,Aalst,Normaal,Droog,Dag,met lichtgewonden,3,Fiets,8,Voetganger,Buiten Kruispunt,Gemeenteweg,binnen bebouwde kom,Met een voetganger,Geen hindernis
11157,122,Dendermonde teller 2,Dendermonde,51.0373918,4.1019222,2.2325431195625502,51.03049142121903,4.071939811992743,2018,11,7,42006,Dendermonde,Normaal,Onbekend,Dageraad - schemering,met lichtgewonden,3,Fiets,1,Autobus,Buiten Kruispunt,Gewestweg,binnen bebouwde kom,Tss. 2 best.: langs opzij (voor-/achterkant-flank),Geen hindernis
11157,125,Dendermonde totem,Dendermonde,51.0372706,4.1025998,2.272593930452481,51.03049142121903,4.071939811992743,2018,11,7,42006,Dendermonde,Normaal,Onbekend,Dageraad - schemering,met lichtgewonden,3,Fiets,1,Autobus,Buiten Kruispunt,Gewestweg,binnen bebouwde kom,Tss. 2 best.: langs opzij (voor-/achterkant-flank),Geen hindernis
11158,125,Dendermonde totem,Dendermonde,51.0372706,4.1025998,1.5060466516380162,51.023742210973886,4.101559404605349,2018,11,7,42006,Dendermonde,Onbekend,Onbekend,"Nacht, openbare verlichting aanwezig en ontstoken",met lichtgewonden,3,Fiets,5,Lichte vrachtauto,Op Kruispunt,Gemeenteweg,binnen bebouwde kom,Tss. 2 best.: langs opzij (voor-/achterkant-flank),Geen hindernis
11158,122,Dendermonde teller 2,Dendermonde,51.0373918,4.1019222,1.5179770816258604,51.023742210973886,4.101559404605349,2018,11,7,42006,Dendermonde,Onbekend,Onbekend,"Nacht, openbare verlichting aanwezig en ontstoken",met lichtgewonden,3,Fiets,5,Lichte vrachtauto,Op Kruispunt,Gemeenteweg,binnen bebouwde kom,Tss. 2 best.: langs opzij (voor-/achterkant-flank),Geen hindernis
11159,125,Dendermonde totem,Dendermonde,51.0372706,4.1025998,0.6533961422277966,51.03289030099231,4.108828487845802,2018,11,12,42006,Dendermonde,Regenval,"Nat, plassen",Dag,met lichtgewonden,9,personenauto,3,Fiets,Op Kruispunt,Gewestweg,binnen bebouwde kom,Tss. 2 best.: langs opzij (voor-/achterkant-flank),Geen hindernis
11159,122,Dendermonde teller 2,Dendermonde,51.0373918,4.1019222,0.6955233863418621,51.03289030099231,4.108828487845802,2018,11,12,42006,Dendermonde,Regenval,"Nat, plassen",Dag,met lichtgewonden,9,personenauto,3,Fiets,Op Kruispunt,Gewestweg,binnen bebouwde kom,Tss. 2 best.: langs opzij (voor-/achterkant-flank),Geen hindernis
11160,125,Dendermonde totem,Dendermonde,51.0372706,4.1025998,2.2094373380988044,51.01762993184599,4.097814331060737,2018,11,16,42006,Dendermonde,Normaal,Droog,Dag,met lichtgewonden,3,Fiets,3,Fiets,Buiten Kruispunt,Gemeenteweg,binnen bebouwde kom,Tss. 2 best.: langs opzij (voor-/achterkant-flank),Geen hindernis
11160,122,Dendermonde teller 2,Dendermonde,51.0373918,4.1019222,2.2161196015108033,51.01762993184599,4.097814331060737,2018,11,16,42006,Dendermonde,Normaal,Droog,Dag,met lichtgewonden,3,Fiets,3,Fiets,Buiten Kruispunt,Gemeenteweg,binnen bebouwde kom,Tss. 2 best.: langs opzij (voor-/achterkant-flank),Geen hindernis
11161,125,Dendermonde totem,Dendermonde,51.0372706,4.1025998,1.6446894616737042,51.03757794891531,4.126116906880472,2018,11,10,42006,Dendermonde,Onbekend,Onbekend,Dag,met lichtgewonden,3,Fiets,11,een weggebruiker tegen een hindernis,Op Kruispunt,Gewestweg,onbekend,Weggebruiker tegen hindernis op de rijbaan,"Op de rijbaan: Werken (signal., aarde, toestel,…)"
11161,122,Dendermonde teller 2,Dendermonde,51.0373918,4.1019222,1.6918370781667216,51.03757794891531,4.126116906880472,2018,11,10,42006,Dendermonde,Onbekend,Onbekend,Dag,met lichtgewonden,3,Fiets,11,een weggebruiker tegen een hindernis,Op Kruispunt,Gewestweg,onbekend,Weggebruiker tegen hindernis op de rijbaan,"Op de rijbaan: Werken (signal., aarde, toestel,…)"
11163,20,Brugge,Brugge,51.17416,3.20048,1.6118506953583764,51.188655301254535,3.2003039057103195,2018,11,8,31005,Brugge,Regenval,"Nat, plassen",Dag,met lichtgewonden,9,personenauto,3,Fiets,Op Kruispunt,Gemeenteweg,binnen bebouwde kom,Tss. 2 best.: langs opzij (voor-/achterkant-flank),Geen hindernis
11168,20,Brugge,Brugge,51.17416,3.20048,1.6660021077467742,51.18856005526784,3.207080637821657,2018,11,18,31005,Brugge,Normaal,Droog,"Nacht, openbare verlichting aanwezig en ontstoken",met zwaargewonden,9,personenauto,3,Fiets,Op Kruispunt,Gemeenteweg,binnen bebouwde kom,Tss. 2 best.: langs opzij (voor-/achterkant-flank),Geen hindernis
11169,20,Brugge,Brugge,51.17416,3.20048,1.652539197773651,51.188208394396895,3.192744909877798,2018,11,11,31005,Brugge,Normaal,Droog,Dag,met zwaargewonden,3,Fiets,4,Vrachtwagen,Buiten Kruispunt,Gewestweg,binnen bebouwde kom,Tss. 2 best.: langs opzij (voor-/achterkant-flank),Geen hindernis
11169,51,"Brugge, Sint-Andries",Brugge,51.19281,3.16252,2.1676165296520535,51.188208394396895,3.192744909877798,2018,11,11,31005,Brugge,Normaal,Droog,Dag,met zwaargewonden,3,Fiets,4,Vrachtwagen,Buiten Kruispunt,Gewestweg,binnen bebouwde kom,Tss. 2 best.: langs opzij (voor-/achterkant-flank),Geen hindernis
11169,50,"Brugge, Sint-Andries",Brugge,51.19291,3.16252,2.170266014004388,51.188208394396895,3.192744909877798,2018,11,11,31005,Brugge,Normaal,Droog,Dag,met zwaargewonden,3,Fiets,4,Vrachtwagen,Buiten Kruispunt,Gewestweg,binnen bebouwde kom,Tss. 2 best.: langs opzij (voor-/achterkant-flank),Geen hindernis
11171,20,Brugge,Brugge,51.17416,3.20048,1.8119803337550842,51.187398092487896,3.2156387376207096,2018,11,15,31005,Brugge,Normaal,Droog,Dag,met lichtgewonden,9,personenauto,3,Fiets,Op Kruispunt,Gemeenteweg,binnen bebouwde kom,Tss. 2 best.: langs opzij (voor-/achterkant-flank),Geen hindernis
11172,142,TEST Validatie BRUGGE Y2H22022134,Brugge,51.22632,3.24095,1.7128627841613935,51.21402385147201,3.2557642497989847,2018,11,12,31005,Brugge,Normaal,Droog,Dag,met lichtgewonden,5,Lichte vrachtauto,3,Fiets,Buiten Kruispunt,Gemeenteweg,binnen bebouwde kom,Tss. 2 best.: langs opzij (voor-/achterkant-flank),Geen hindernis
11172,52,Brugge,Brugge,51.22632,3.24095,1.7128627841613935,51.21402385147201,3.2557642497989847,2018,11,12,31005,Brugge,Normaal,Droog,Dag,met lichtgewonden,5,Lichte vrachtauto,3,Fiets,Buiten Kruispunt,Gemeenteweg,binnen bebouwde kom,Tss. 2 best.: langs opzij (voor-/achterkant-flank),Geen hindernis
11174,54,Brugge teller 2,Brugge,51.23015,3.22818,1.0026553116285897,51.22219220313068,3.2214087849236837,2018,11,10,31005,Brugge,Normaal,Droog,Dag,met lichtgewonden,9,personenauto,3,Fiets,Op Kruispunt,Gewestweg,binnen bebouwde kom,Tss. 2 best.: langs opzij (voor-/achterkant-flank),Geen hindernis
11174,53,Brugge teller 1,Brugge,51.23023,3.228,1.0047268284318616,51.22219220313068,3.2214087849236837,2018,11,10,31005,Brugge,Normaal,Droog,Dag,met lichtgewonden,9,personenauto,3,Fiets,Op Kruispunt,Gewestweg,binnen bebouwde kom,Tss. 2 best.: langs opzij (voor-/achterkant-flank),Geen hindernis
11174,52,Brugge,Brugge,51.22632,3.24095,1.4361420230845214,51.22219220313068,3.2214087849236837,2018,11,10,31005,Brugge,Normaal,Droog,Dag,met lichtgewonden,9,personenauto,3,Fiets,Op Kruispunt,Gewestweg,binnen bebouwde kom,Tss. 2 best.: langs opzij (voor-/achterkant-flank),Geen hindernis
11174,142,TEST Validatie BRUGGE Y2H22022134,Brugge,51.22632,3.24095,1.4361420230845214,51.22219220313068,3.2214087849236837,2018,11,10,31005,Brugge,Normaal,Droog,Dag,met lichtgewonden,9,personenauto,3,Fiets,Op Kruispunt,Gewestweg,binnen bebouwde kom,Tss. 2 best.: langs opzij (voor-/achterkant-flank),Geen hindernis
11176,142,TEST Validatie BRUGGE Y2H22022134,Brugge,51.22632,3.24095,0.6728511395076101,51.221903282149036,3.234345520493266,2018,11,15,31005,Brugge,Normaal,Droog,Dag,met lichtgewonden,9,personenauto,3,Fiets,Op Kruispunt,Gewestweg,buiten bebouwde kom,Tss. 2 best.: langs opzij (voor-/achterkant-flank),Geen hindernis
11176,52,Brugge,Brugge,51.22632,3.24095,0.6728511395076101,51.221903282149036,3.234345520493266,2018,11,15,31005,Brugge,Normaal,Droog,Dag,met lichtgewonden,9,personenauto,3,Fiets,Op Kruispunt,Gewestweg,buiten bebouwde kom,Tss. 2 best.: langs opzij (voor-/achterkant-flank),Geen hindernis
11176,54,Brugge teller 2,Brugge,51.23015,3.22818,1.0125266012364293,51.221903282149036,3.234345520493266,2018,11,15,31005,Brugge,Normaal,Droog,Dag,met lichtgewonden,9,personenauto,3,Fiets,Op Kruispunt,Gewestweg,buiten bebouwde kom,Tss. 2 best.: langs opzij (voor-/achterkant-flank),Geen hindernis
11176,53,Brugge teller 1,Brugge,51.23023,3.228,1.0259256888321373,51.221903282149036,3.234345520493266,2018,11,15,31005,Brugge,Normaal,Droog,Dag,met lichtgewonden,9,personenauto,3,Fiets,Op Kruispunt,Gewestweg,buiten bebouwde kom,Tss. 2 best.: langs opzij (voor-/achterkant-flank),Geen hindernis
11177,142,TEST Validatie BRUGGE Y2H22022134,Brugge,51.22632,3.24095,1.202761301743854,51.215917784078385,3.2456849732389363,2018,11,21,31005,Brugge,Normaal,Droog,"Nacht, openbare verlichting aanwezig en ontstoken",met lichtgewonden,3,Fiets,9,personenauto,Op Kruispunt,Gemeenteweg,binnen bebouwde kom,Tss. 2 best.: langs opzij (voor-/achterkant-flank),Geen hindernis
11177,52,Brugge,Brugge,51.22632,3.24095,1.202761301743854,51.215917784078385,3.2456849732389363,2018,11,21,31005,Brugge,Normaal,Droog,"Nacht, openbare verlichting aanwezig en ontstoken",met lichtgewonden,3,Fiets,9,personenauto,Op Kruispunt,Gemeenteweg,binnen bebouwde kom,Tss. 2 best.: langs opzij (voor-/achterkant-flank),Geen hindernis
11177,54,Brugge teller 2,Brugge,51.23015,3.22818,1.997636797233664,51.215917784078385,3.2456849732389363,2018,11,21,31005,Brugge,Normaal,Droog,"Nacht, openbare verlichting aanwezig en ontstoken",met lichtgewonden,3,Fiets,9,personenauto,Op Kruispunt,Gemeenteweg,binnen bebouwde kom,Tss. 2 best.: langs opzij (voor-/achterkant-flank),Geen hindernis
11177,53,Brugge teller 1,Brugge,51.23023,3.228,2.0123379710388356,51.215917784078385,3.2456849732389363,2018,11,21,31005,Brugge,Normaal,Droog,"Nacht, openbare verlichting aanwezig en ontstoken",met lichtgewonden,3,Fiets,9,personenauto,Op Kruispunt,Gemeenteweg,binnen bebouwde kom,Tss. 2 best.: langs opzij (voor-/achterkant-flank),Geen hindernis
11178,142,TEST Validatie BRUGGE Y2H22022134,Brugge,51.22632,3.24095,1.6074260021455078,51.21334511599379,3.2511264787080982,2018,11,16,31005,Brugge,Normaal,Droog,Dageraad - schemering,met lichtgewonden,3,Fiets,9,personenauto,Buiten Kruispunt,Gemeenteweg,binnen bebouwde kom,Tss. 2 best.: langs opzij (voor-/achterkant-flank),Geen hindernis
11178,52,Brugge,Brugge,51.22632,3.24095,1.6074260021455078,51.21334511599379,3.2511264787080982,2018,11,16,31005,Brugge,Normaal,Droog,Dageraad - schemering,met lichtgewonden,3,Fiets,9,personenauto,Buiten Kruispunt,Gemeenteweg,binnen bebouwde kom,Tss. 2 best.: langs opzij (voor-/achterkant-flank),Geen hindernis
11178,54,Brugge teller 2,Brugge,51.23015,3.22818,2.4587557240602145,51.21334511599379,3.2511264787080982,2018,11,16,31005,Brugge,Normaal,Droog,Dageraad - schemering,met lichtgewonden,3,Fiets,9,personenauto,Buiten Kruispunt,Gemeenteweg,binnen bebouwde kom,Tss. 2 best.: langs opzij (voor-/achterkant-flank),Geen hindernis
11178,53,Brugge teller 1,Brugge,51.23023,3.228,2.473665565659184,51.21334511599379,3.2511264787080982,2018,11,16,31005,Brugge,Normaal,Droog,Dageraad - schemering,met lichtgewonden,3,Fiets,9,personenauto,Buiten Kruispunt,Gemeenteweg,binnen bebouwde kom,Tss. 2 best.: langs opzij (voor-/achterkant-flank),Geen hindernis
11179,142,TEST Validatie BRUGGE Y2H22022134,Brugge,51.22632,3.24095,1.6970182755491434,51.2112959582017,3.2366671224416494,2018,11,19,31005,Brugge,Normaal,Droog,"Nacht, openbare verlichting aanwezig en ontstoken",met lichtgewonden,9,personenauto,3,Fiets,Buiten Kruispunt,Gewestweg,binnen bebouwde kom,Tussen 2 bestuurders: Frontale botsing,Geen hindernis
11179,52,Brugge,Brugge,51.22632,3.24095,1.6970182755491434,51.2112959582017,3.2366671224416494,2018,11,19,31005,Brugge,Normaal,Droog,"Nacht, openbare verlichting aanwezig en ontstoken",met lichtgewonden,9,personenauto,3,Fiets,Buiten Kruispunt,Gewestweg,binnen bebouwde kom,Tussen 2 bestuurders: Frontale botsing,Geen hindernis
11179,54,Brugge teller 2,Brugge,51.23015,3.22818,2.178204013451895,51.2112959582017,3.2366671224416494,2018,11,19,31005,Brugge,Normaal,Droog,"Nacht, openbare verlichting aanwezig en ontstoken",met lichtgewonden,9,personenauto,3,Fiets,Buiten Kruispunt,Gewestweg,binnen bebouwde kom,Tussen 2 bestuurders: Frontale botsing,Geen hindernis
11179,53,Brugge teller 1,Brugge,51.23023,3.228,2.1901886777653727,51.2112959582017,3.2366671224416494,2018,11,19,31005,Brugge,Normaal,Droog,"Nacht, openbare verlichting aanwezig en ontstoken",met lichtgewonden,9,personenauto,3,Fiets,Buiten Kruispunt,Gewestweg,binnen bebouwde kom,Tussen 2 bestuurders: Frontale botsing,Geen hindernis
11191,20,Brugge,Brugge,51.17416,3.20048,2.355449370369953,51.17807851572559,3.233685505310924,2018,11,17,31022,Oostkamp,Normaal,Droog,"Nacht, openb. verlicht. aanw., maar niet ontstoken",met lichtgewonden,3,Fiets,9,personenauto,Buiten Kruispunt,Gewestweg,binnen bebouwde kom,Tss. 2 best.: langs opzij (voor-/achterkant-flank),Geen hindernis
11193,20,Brugge,Brugge,51.17416,3.20048,2.304593107056432,51.155039015079666,3.1877282718546236,2018,11,6,31040,Zedelgem,Regenval,"Nat, plassen","Nacht, openbare verlichting aanwezig en ontstoken",met lichtgewonden,9,personenauto,3,Fiets,Op Kruispunt,Gewestweg,binnen bebouwde kom,Tss. 2 best.: langs opzij (voor-/achterkant-flank),Geen hindernis
11205,18,Oostende 1,Oostende,51.21378,2.92765,0.5094338136407699,51.21322189174806,2.9349092286859575,2018,11,17,35013,Oostende,Normaal,Droog,"Nacht, openbare verlichting aanwezig en ontstoken",met lichtgewonden,3,Fiets,7,Motorfiets,Op Kruispunt,Gemeenteweg,binnen bebouwde kom,Tussen 2 bestuurders: Flank tegen flank,Geen hindernis
11205,15,Oostende 2,Oostende,51.21371,2.92743,0.5237837691691103,51.21322189174806,2.9349092286859575,2018,11,17,35013,Oostende,Normaal,Droog,"Nacht, openbare verlichting aanwezig en ontstoken",met lichtgewonden,3,Fiets,7,Motorfiets,Op Kruispunt,Gemeenteweg,binnen bebouwde kom,Tussen 2 bestuurders: Flank tegen flank,Geen hindernis
11206,15,Oostende 2,Oostende,51.21371,2.92743,1.5316191979715146,51.21151935312824,2.9057215594568917,2018,11,8,35013,Oostende,Normaal,Droog,Dag,met lichtgewonden,5,Lichte vrachtauto,3,Fiets,Op Kruispunt,Gewestweg,binnen bebouwde kom,Tss. 2 best.: langs opzij (voor-/achterkant-flank),Geen hindernis
11206,18,Oostende 1,Oostende,51.21378,2.92765,1.5479941496029883,51.21151935312824,2.9057215594568917,2018,11,8,35013,Oostende,Normaal,Droog,Dag,met lichtgewonden,5,Lichte vrachtauto,3,Fiets,Op Kruispunt,Gewestweg,binnen bebouwde kom,Tss. 2 best.: langs opzij (voor-/achterkant-flank),Geen hindernis
11208,15,Oostende 2,Oostende,51.21371,2.92743,1.6455424750701872,51.21408268148915,2.9038130192979827,2018,11,15,35013,Oostende,Normaal,Droog,Dag,met lichtgewonden,3,Fiets,9,personenauto,Op Kruispunt,Gewestweg,binnen bebouwde kom,Tss. 2 best.: langs opzij (voor-/achterkant-flank),Geen hindernis
11208,18,Oostende 1,Oostende,51.21378,2.92765,1.6606843291533264,51.21408268148915,2.9038130192979827,2018,11,15,35013,Oostende,Normaal,Droog,Dag,met lichtgewonden,3,Fiets,9,personenauto,Op Kruispunt,Gewestweg,binnen bebouwde kom,Tss. 2 best.: langs opzij (voor-/achterkant-flank),Geen hindernis
11218,84,Roeselare totem,Izegem,50.91717,3.18772,1.9295397391617988,50.915975869507484,3.2151791104182856,2018,11,11,36008,Izegem,Normaal,Droog,Dag,met lichtgewonden,9,personenauto,3,Fiets,Buiten Kruispunt,Gemeenteweg,binnen bebouwde kom,Tss. 2 best.: langs opzij (voor-/achterkant-flank),Geen hindernis
11220,84,Roeselare totem,Izegem,50.91717,3.18772,1.9463584060404346,50.92129153937917,3.2147051781184905,2018,11,20,36008,Izegem,Normaal,Droog,"Nacht, openbare verlichting aanwezig en ontstoken",met lichtgewonden,9,personenauto,3,Fiets,Op Kruispunt,Gemeenteweg,binnen bebouwde kom,Tussen 2 bestuurders: Frontale botsing,Geen hindernis
11221,84,Roeselare totem,Izegem,50.91717,3.18772,2.3926251319430603,50.916296301946566,3.2218221161407237,2018,11,8,36008,Izegem,Normaal,Droog,Dag,met lichtgewonden,5,Lichte vrachtauto,3,Fiets,Op Kruispunt,Gewestweg,binnen bebouwde kom,Tss. 2 best.: langs opzij (voor-/achterkant-flank),Geen hindernis
11223,84,Roeselare totem,Izegem,50.91717,3.18772,1.644630493092341,50.90271907418836,3.1927176339500143,2018,11,7,36008,Izegem,Normaal,Droog,Dag,met lichtgewonden,3,Fiets,9,personenauto,Buiten Kruispunt,Gemeenteweg,binnen bebouwde kom,Tussen 2 bestuurders: Flank tegen flank,Geen hindernis
11227,84,Roeselare totem,Izegem,50.91717,3.18772,1.5168418865444675,50.9302511717101,3.1815824940837523,2018,11,15,36008,Izegem,Normaal,"Nat, plassen",Dag,met zwaargewonden,9,personenauto,3,Fiets,Op Kruispunt,Gemeenteweg,buiten bebouwde kom,Tss. 2 best.: langs opzij (voor-/achterkant-flank),Geen hindernis
11230,61,Wervik teller 2,Wervik,50.80555,3.0921,1.6116743235567577,50.7987981484294,3.11239345510592,2018,11,11,34027,Menen,Onbekend,Droog+Proper,Dag,met lichtgewonden,3,Fiets,9,personenauto,Buiten Kruispunt,Gewestweg,binnen bebouwde kom,Tussen 2 bestuurders: Langs achteren,Geen hindernis
11230,62,Wervik teller 1,Wervik,50.8058,3.09154,1.6594556279704111,50.7987981484294,3.11239345510592,2018,11,11,34027,Menen,Onbekend,Droog+Proper,Dag,met lichtgewonden,3,Fiets,9,personenauto,Buiten Kruispunt,Gewestweg,binnen bebouwde kom,Tussen 2 bestuurders: Langs achteren,Geen hindernis
11235,17,Kortrijk 2,Kortrijk,50.83339,3.27773,2.3840941768383304,50.85398062291099,3.2871962515068853,2018,11,8,34023,Kuurne,Regenval,"Nat, plassen",Dag,met lichtgewonden,3,Fiets,2,Andere weggebruiker,Op Kruispunt,Gemeenteweg,binnen bebouwde kom,Tss. 2 best.: langs opzij (voor-/achterkant-flank),Geen hindernis
11235,16,Kortrijk 1,Kortrijk,50.83332,3.27777,2.3907913456209537,50.85398062291099,3.2871962515068853,2018,11,8,34023,Kuurne,Regenval,"Nat, plassen",Dag,met lichtgewonden,3,Fiets,2,Andere weggebruiker,Op Kruispunt,Gemeenteweg,binnen bebouwde kom,Tss. 2 best.: langs opzij (voor-/achterkant-flank),Geen hindernis