crash_row_id,site_id,site_name,site_gemeente,site_lat,site_long,distance_km,crash_lat,crash_long,DT_YEAR_COLLISION,DT_MONTH_COLLISION,DT_TIME,CD_NIS,TX_MUNTY_COLLISION_NL,TX_WEATHER_NL,TX_ROAD_CONDITION_NL,TX_LIGHT_CONDITION_NL,TX_CLASS_ACCIDENTS_NL,CD_ROAD_USR_TYPE1,TX_ROAD_USR_TYPE1_NL,CD_ROAD_USR_TYPE2,TX_ROAD_USR_TYPE2_NL,TX_CROSSWAY_NL,CD_ROAD_TYPE_NL,TX_BUILD_UP_AREA_NL,TX_COLLISION_TYPE_NL,TX_OBSTACLES_NL
11236,16,Kortrijk 1,Kortrijk,50.83332,3.27777,0.6839355001174029,50.830606460309646,3.2865095213165296,2018,11,18,34022,Kortrijk,Normaal,Droog,"Nacht, openbare verlichting aanwezig en ontstoken",met lichtgewonden,9,personenauto,3,Fiets,Buiten Kruispunt,Gemeenteweg,binnen bebouwde kom,Tss. 2 best.: langs opzij (voor-/achterkant-flank),Geen hindernis
11236,17,Kortrijk 2,Kortrijk,50.83339,3.27773,0.6899139806577069,50.830606460309646,3.2865095213165296,2018,11,18,34022,Kortrijk,Normaal,Droog,"Nacht, openbare verlichting aanwezig en ontstoken",met lichtgewonden,9,personenauto,3,Fiets,Buiten Kruispunt,Gemeenteweg,binnen bebouwde kom,Tss. 2 best.: langs opzij (voor-/achterkant-flank),Geen hindernis
11236,143,Eco Display Classic Budastraat,Kortrijk,50.83066,3.26286,1.6609726196946621,50.830606460309646,3.2865095213165296,2018,11,18,34022,Kortrijk,Normaal,Droog,"Nacht, openbare verlichting aanwezig en ontstoken",met lichtgewonden,9,personenauto,3,Fiets,Buiten Kruispunt,Gemeenteweg,binnen bebouwde kom,Tss. 2 best.: langs opzij (voor-/achterkant-flank),Geen hindernis
11236,75,Kortrijk teller 2,Kortrijk,50.81925,3.25731,2.408573305973242,50.830606460309646,3.2865095213165296,2018,11,18,34022,Kortrijk,Normaal,Droog,"Nacht, openbare verlichting aanwezig en ontstoken",met lichtgewonden,9,personenauto,3,Fiets,Buiten Kruispunt,Gemeenteweg,binnen bebouwde kom,Tss. 2 best.: langs opzij (voor-/achterkant-flank),Geen hindernis
11236,74,Kortrijk teller 1,Kortrijk,50.81909,3.25728,2.419739114549473,50.830606460309646,3.2865095213165296,2018,11,18,34022,Kortrijk,Normaal,Droog,"Nacht, openbare verlichting aanwezig en ontstoken",met lichtgewonden,9,personenauto,3,Fiets,Buiten Kruispunt,Gemeenteweg,binnen bebouwde kom,Tss. 2 best.: langs opzij (voor-/achterkant-flank),Geen hindernis
11237,16,Kortrijk 1,Kortrijk,50.83332,3.27777,0.6466786624217711,50.8283114754249,3.273090087272122,2018,11,14,34022,Kortrijk,Normaal,Droog,Dag,met lichtgewonden,3,Fiets,9,personenauto,Op Kruispunt,Gewestweg,binnen bebouwde kom,Tss. 2 best.: langs opzij (voor-/achterkant-flank),Geen hindernis
11237,17,Kortrijk 2,Kortrijk,50.83339,3.27773,0.6519851787811175,50.8283114754249,3.273090087272122,2018,11,14,34022,Kortrijk,Normaal,Droog,Dag,met lichtgewonden,3,Fiets,9,personenauto,Op Kruispunt,Gewestweg,binnen bebouwde kom,Tss. 2 best.: langs opzij (voor-/achterkant-flank),Geen hindernis
11237,143,Eco Display Classic Budastraat,Kortrijk,50.83066,3.26286,0.7644866311634113,50.8283114754249,3.273090087272122,2018,11,14,34022,Kortrijk,Normaal,Droog,Dag,met lichtgewonden,3,Fiets,9,personenauto,Op Kruispunt,Gewestweg,binnen bebouwde kom,Tss. 2 best.: langs opzij (voor-/achterkant-flank),Geen hindernis
11237,75,Kortrijk teller 2,Kortrijk,50.81925,3.25731,1.4979543842748149,50.8283114754249,3.273090087272122,2018,11,14,34022,Kortrijk,Normaal,Droog,Dag,met lichtgewonden,3,Fiets,9,personenauto,Op Kruispunt,Gewestweg,binnen bebouwde kom,Tss. 2 best.: langs opzij (voor-/achterkant-flank),Geen hindernis
11237,74,Kortrijk teller 1,Kortrijk,50.81909,3.25728,1.5115278858686407,50.8283114754249,3.273090087272122,2018,11,14,34022,Kortrijk,Normaal,Droog,Dag,met lichtgewonden,3,Fiets,9,personenauto,Op Kruispunt,Gewestweg,binnen bebouwde kom,Tss. 2 best.: langs opzij (voor-/achterkant-flank),Geen hindernis
11238,74,Kortrijk teller 1,Kortrijk,50.81909,3.25728,1.4169525220085744,50.81263554374808,3.2746702296440184,2018,11,12,34022,Kortrijk,Normaal,Droog,Dag,met lichtgewonden,3,Fiets,9,personenauto,Op Kruispunt,Gewestweg,binnen bebouwde kom,Tss. 2 best.: langs opzij (voor-/achterkant-flank),Geen hindernis
11238,75,Kortrijk teller 2,Kortrijk,50.81925,3.25731,1.4242394135481546,50.81263554374808,3.2746702296440184,2018,11,12,34022,Kortrijk,Normaal,Droog,Dag,met lichtgewonden,3,Fiets,9,personenauto,Op Kruispunt,Gewestweg,binnen bebouwde kom,Tss. 2 best.: langs opzij (voor-/achterkant-flank),Geen hindernis
11238,143,Eco Display Classic Budastraat,Kortrijk,50.83066,3.26286,2.169147228937046,50.81263554374808,3.2746702296440184,2018,11,12,34022,Kortrijk,Normaal,Droog,Dag,met lichtgewonden,3,Fiets,9,personenauto,Op Kruispunt,Gewestweg,binnen bebouwde kom,Tss. 2 best.: langs opzij (voor-/achterkant-flank),Geen hindernis
11238,16,Kortrijk 1,Kortrijk,50.83332,3.27777,2.3102902440527715,50.81263554374808,3.2746702296440184,2018,11,12,34022,Kortrijk,Normaal,Droog,Dag,met lichtgewonden,3,Fiets,9,personenauto,Op Kruispunt,Gewestweg,binnen bebouwde kom,Tss. 2 best.: langs opzij (voor-/achterkant-flank),Geen hindernis
11238,17,Kortrijk 2,Kortrijk,50.83339,3.27773,2.3177771030764247,50.81263554374808,3.2746702296440184,2018,11,12,34022,Kortrijk,Normaal,Droog,Dag,met lichtgewonden,3,Fiets,9,personenauto,Op Kruispunt,Gewestweg,binnen bebouwde kom,Tss. 2 best.: langs opzij (voor-/achterkant-flank),Geen hindernis
11239,143,Eco Display Classic Budastraat,Kortrijk,50.83066,3.26286,0.5530955575808859,50.828223787170224,3.269725811666557,2018,11,18,34022,Kortrijk,Regenval,"Nat, plassen",Dageraad - schemering,met lichtgewonden,3,Fiets,8,Voetganger,Buiten Kruispunt,Gemeenteweg,binnen bebouwde kom,Met een voetganger,Geen hindernis
11239,16,Kortrijk 1,Kortrijk,50.83332,3.27777,0.8001868161862685,50.828223787170224,3.269725811666557,2018,11,18,34022,Kortrijk,Regenval,"Nat, plassen",Dageraad - schemering,met lichtgewonden,3,Fiets,8,Voetganger,Buiten Kruispunt,Gemeenteweg,binnen bebouwde kom,Met een voetganger,Geen hindernis
11239,17,Kortrijk 2,Kortrijk,50.83339,3.27773,0.8037501066147144,50.828223787170224,3.269725811666557,2018,11,18,34022,Kortrijk,Regenval,"Nat, plassen",Dageraad - schemering,met lichtgewonden,3,Fiets,8,Voetganger,Buiten Kruispunt,Gemeenteweg,binnen bebouwde kom,Met een voetganger,Geen hindernis
11239,75,Kortrijk teller 2,Kortrijk,50.81925,3.25731,1.325246547717434,50.828223787170224,3.269725811666557,2018,11,18,34022,Kortrijk,Regenval,"Nat, plassen",Dageraad - schemering,met lichtgewonden,3,Fiets,8,Voetganger,Buiten Kruispunt,Gemeenteweg,binnen bebouwde kom,Met een voetganger,Geen hindernis
11239,74,Kortrijk teller 1,Kortrijk,50.81909,3.25728,1.3400683235631767,50.828223787170224,3.269725811666557,2018,11,18,34022,Kortrijk,Regenval,"Nat, plassen",Dageraad - schemering,met lichtgewonden,3,Fiets,8,Voetganger,Buiten Kruispunt,Gemeenteweg,binnen bebouwde kom,Met een voetganger,Geen hindernis
11240,75,Kortrijk teller 2,Kortrijk,50.81925,3.25731,2.136516065172136,50.82657303138815,3.229190047623592,2018,11,12,34022,Kortrijk,Normaal,Droog,Dag,met lichtgewonden,9,personenauto,3,Fiets,Op Kruispunt,Gemeenteweg,binnen bebouwde kom,Tss. 2 best.: langs opzij (voor-/achterkant-flank),Geen hindernis
11240,74,Kortrijk teller 1,Kortrijk,50.81909,3.25728,2.141421108447379,50.82657303138815,3.229190047623592,2018,11,12,34022,Kortrijk,Normaal,Droog,Dag,met lichtgewonden,9,personenauto,3,Fiets,Op Kruispunt,Gemeenteweg,binnen bebouwde kom,Tss. 2 best.: langs opzij (voor-/achterkant-flank),Geen hindernis
11240,143,Eco Display Classic Budastraat,Kortrijk,50.83066,3.26286,2.4080929212440485,50.82657303138815,3.229190047623592,2018,11,12,34022,Kortrijk,Normaal,Droog,Dag,met lichtgewonden,9,personenauto,3,Fiets,Op Kruispunt,Gemeenteweg,binnen bebouwde kom,Tss. 2 best.: langs opzij (voor-/achterkant-flank),Geen hindernis
11241,143,Eco Display Classic Budastraat,Kortrijk,50.83066,3.26286,0.48235149451016546,50.82895431398914,3.2565453851715795,2018,11,8,34022,Kortrijk,Normaal,Droog,Dag,met lichtgewonden,9,personenauto,3,Fiets,Op Kruispunt,Gemeenteweg,binnen bebouwde kom,Tss. 2 best.: langs opzij (voor-/achterkant-flank),Geen hindernis
11241,75,Kortrijk teller 2,Kortrijk,50.81925,3.25731,1.0804062564296248,50.82895431398914,3.2565453851715795,2018,11,8,34022,Kortrijk,Normaal,Droog,Dag,met lichtgewonden,9,personenauto,3,Fiets,Op Kruispunt,Gemeenteweg,binnen bebouwde kom,Tss. 2 best.: langs opzij (voor-/achterkant-flank),Geen hindernis
11241,74,Kortrijk teller 1,Kortrijk,50.81909,3.25728,1.0980747662043961,50.82895431398914,3.2565453851715795,2018,11,8,34022,Kortrijk,Normaal,Droog,Dag,met lichtgewonden,9,personenauto,3,Fiets,Op Kruispunt,Gemeenteweg,binnen bebouwde kom,Tss. 2 best.: langs opzij (voor-/achterkant-flank),Geen hindernis
11241,17,Kortrijk 2,Kortrijk,50.83339,3.27773,1.5674518973516394,50.82895431398914,3.2565453851715795,2018,11,8,34022,Kortrijk,Normaal,Droog,Dag,met lichtgewonden,9,personenauto,3,Fiets,Op Kruispunt,Gemeenteweg,binnen bebouwde kom,Tss. 2 best.: langs opzij (voor-/achterkant-flank),Geen hindernis
11241,16,Kortrijk 1,Kortrijk,50.83332,3.27777,1.5676920848498788,50.82895431398914,3.2565453851715795,2018,11,8,34022,Kortrijk,Normaal,Droog,Dag,met lichtgewonden,9,personenauto,3,Fiets,Op Kruispunt,Gemeenteweg,binnen bebouwde kom,Tss. 2 best.: langs opzij (voor-/achterkant-flank),Geen hindernis
11242,17,Kortrijk 2,Kortrijk,50.83339,3.27773,0.668782307886795,50.83782104101583,3.2712903333572894,2018,11,12,34022,Kortrijk,Normaal,Droog,Dag,met lichtgewonden,3,Fiets,9,personenauto,Op Kruispunt,Gemeenteweg,binnen bebouwde kom,Tss. 2 best.: langs opzij (voor-/achterkant-flank),Geen hindernis
11242,16,Kortrijk 1,Kortrijk,50.83332,3.27777,0.67642390921259,50.83782104101583,3.2712903333572894,2018,11,12,34022,Kortrijk,Normaal,Droog,Dag,met lichtgewonden,3,Fiets,9,personenauto,Op Kruispunt,Gemeenteweg,binnen bebouwde kom,Tss. 2 best.: langs opzij (voor-/achterkant-flank),Geen hindernis
11242,143,Eco Display Classic Budastraat,Kortrijk,50.83066,3.26286,0.9922476793494615,50.83782104101583,3.2712903333572894,2018,11,12,34022,Kortrijk,Normaal,Droog,Dag,met lichtgewonden,3,Fiets,9,personenauto,Op Kruispunt,Gemeenteweg,binnen bebouwde kom,Tss. 2 best.: langs opzij (voor-/achterkant-flank),Geen hindernis
11242,75,Kortrijk teller 2,Kortrijk,50.81925,3.25731,2.2865710229394267,50.83782104101583,3.2712903333572894,2018,11,12,34022,Kortrijk,Normaal,Droog,Dag,met lichtgewonden,3,Fiets,9,personenauto,Op Kruispunt,Gemeenteweg,binnen bebouwde kom,Tss. 2 best.: langs opzij (voor-/achterkant-flank),Geen hindernis
11242,74,Kortrijk teller 1,Kortrijk,50.81909,3.25728,2.303550966496479,50.83782104101583,3.2712903333572894,2018,11,12,34022,Kortrijk,Normaal,Droog,Dag,met lichtgewonden,3,Fiets,9,personenauto,Op Kruispunt,Gemeenteweg,binnen bebouwde kom,Tss. 2 best.: langs opzij (voor-/achterkant-flank),Geen hindernis
11243,143,Eco Display Classic Budastraat,Kortrijk,50.83066,3.26286,1.9687367059602718,50.84826639044183,3.2599009507794077,2018,11,9,34022,Kortrijk,Normaal,Droog,Dag,met lichtgewonden,9,personenauto,3,Fiets,Op Kruispunt,Gewestweg,binnen bebouwde kom,Tss. 2 best.: langs opzij (voor-/achterkant-flank),Geen hindernis
11243,17,Kortrijk 2,Kortrijk,50.83339,3.27773,2.0745046257217994,50.84826639044183,3.2599009507794077,2018,11,9,34022,Kortrijk,Normaal,Droog,Dag,met lichtgewonden,9,personenauto,3,Fiets,Op Kruispunt,Gewestweg,binnen bebouwde kom,Tss. 2 best.: langs opzij (voor-/achterkant-flank),Geen hindernis
11243,16,Kortrijk 1,Kortrijk,50.83332,3.27777,2.0824081624986994,50.84826639044183,3.2599009507794077,2018,11,9,34022,Kortrijk,Normaal,Droog,Dag,met lichtgewonden,9,personenauto,3,Fiets,Op Kruispunt,Gewestweg,binnen bebouwde kom,Tss. 2 best.: langs opzij (voor-/achterkant-flank),Geen hindernis
11244,16,Kortrijk 1,Kortrijk,50.83332,3.27777,1.324927290851746,50.82147828885436,3.279864060783335,2018,11,14,34022,Kortrijk,Normaal,Droog,Dag,met zwaargewonden,9,personenauto,3,Fiets,Buiten Kruispunt,Gewestweg,binnen bebouwde kom,Tss. 2 best.: langs opzij (voor-/achterkant-flank),Geen hindernis
11244,17,Kortrijk 2,Kortrijk,50.83339,3.27773,1.3329760917108704,50.82147828885436,3.279864060783335,2018,11,14,34022,Kortrijk,Normaal,Droog,Dag,met zwaargewonden,9,personenauto,3,Fiets,Buiten Kruispunt,Gewestweg,binnen bebouwde kom,Tss. 2 best.: langs opzij (voor-/achterkant-flank),Geen hindernis
11244,143,Eco Display Classic Budastraat,Kortrijk,50.83066,3.26286,1.5712530133193514,50.82147828885436,3.279864060783335,2018,11,14,34022,Kortrijk,Normaal,Droog,Dag,met zwaargewonden,9,personenauto,3,Fiets,Buiten Kruispunt,Gewestweg,binnen bebouwde kom,Tss. 2 best.: langs opzij (voor-/achterkant-flank),Geen hindernis
11244,75,Kortrijk teller 2,Kortrijk,50.81925,3.25731,1.6036308535572317,50.82147828885436,3.279864060783335,2018,11,14,34022,Kortrijk,Normaal,Droog,Dag,met zwaargewonden,9,personenauto,3,Fiets,Buiten Kruispunt,Gewestweg,binnen bebouwde kom,Tss. 2 best.: langs opzij (voor-/achterkant-flank),Geen hindernis
11244,74,Kortrijk teller 1,Kortrijk,50.81909,3.25728,1.6085570664826156,50.82147828885436,3.279864060783335,2018,11,14,34022,Kortrijk,Normaal,Droog,Dag,met zwaargewonden,9,personenauto,3,Fiets,Buiten Kruispunt,Gewestweg,binnen bebouwde kom,Tss. 2 best.: langs opzij (voor-/achterkant-flank),Geen hindernis
11263,64,Nieuwpoort teller 1,Nieuwpoort,51.13359,2.75737,0.5506744398610622,51.129002058997244,2.7543988426596404,2018,11,8,38016,Nieuwpoort,Normaal,Droog,Dag,met lichtgewonden,9,personenauto,3,Fiets,Op Kruispunt,Gemeenteweg,binnen bebouwde kom,Tss. 2 best.: langs opzij (voor-/achterkant-flank),Geen hindernis
11263,65,Nieuwpoort teller 2,Nieuwpoort,51.13435,2.75511,0.5967308024578166,51.129002058997244,2.7543988426596404,2018,11,8,38016,Nieuwpoort,Normaal,Droog,Dag,met lichtgewonden,9,personenauto,3,Fiets,Op Kruispunt,Gemeenteweg,binnen bebouwde kom,Tss. 2 best.: langs opzij (voor-/achterkant-flank),Geen hindernis
11263,66,Nieuwpoort totem,Nieuwpoort,51.1347,2.74369,0.9796935155848772,51.129002058997244,2.7543988426596404,2018,11,8,38016,Nieuwpoort,Normaal,Droog,Dag,met lichtgewonden,9,personenauto,3,Fiets,Op Kruispunt,Gemeenteweg,binnen bebouwde kom,Tss. 2 best.: langs opzij (voor-/achterkant-flank),Geen hindernis
11263,63,Nieuwpoort teller 3,Nieuwpoort,51.13529,2.74289,1.0647862374582842,51.129002058997244,2.7543988426596404,2018,11,8,38016,Nieuwpoort,Normaal,Droog,Dag,met lichtgewonden,9,personenauto,3,Fiets,Op Kruispunt,Gemeenteweg,binnen bebouwde kom,Tss. 2 best.: langs opzij (voor-/achterkant-flank),Geen hindernis
11265,67,Ieper totem,Ieper,50.85018,2.85624,1.3316765195194318,50.847204919934974,2.8746137399627636,2018,11,10,33011,Ieper,Normaal,Droog,Dag,met lichtgewonden,3,Fiets,9,personenauto,Op Kruispunt,Gemeenteweg,buiten bebouwde kom,Tss. 2 best.: langs opzij (voor-/achterkant-flank),Geen hindernis
11265,68,Ieper,Ieper,50.85032,2.85608,1.3464786348619895,50.847204919934974,2.8746137399627636,2018,11,10,33011,Ieper,Normaal,Droog,Dag,met lichtgewonden,3,Fiets,9,personenauto,Op Kruispunt,Gemeenteweg,buiten bebouwde kom,Tss. 2 best.: langs opzij (voor-/achterkant-flank),Geen hindernis
11275,124,Beveren teller 2,Beveren,51.1964712,4.2361077,2.3146032370555254,51.21479256355184,4.251877791545448,2018,11,16,46003,Beveren,Normaal,Droog,Dag,met lichtgewonden,9,personenauto,3,Fiets,Buiten Kruispunt,Gemeenteweg,binnen bebouwde kom,Tss. 2 best.: langs opzij (voor-/achterkant-flank),Geen hindernis
11280,124,Beveren teller 2,Beveren,51.1964712,4.2361077,1.6681909244948891,51.20927845094795,4.248577629667122,2018,11,14,46003,Beveren,Normaal,Droog,Dag,met lichtgewonden,9,personenauto,3,Fiets,Buiten Kruispunt,Gewestweg,binnen bebouwde kom,Tss. 2 best.: langs opzij (voor-/achterkant-flank),Geen hindernis
11284,124,Beveren teller 2,Beveren,51.1964712,4.2361077,2.2418514667428333,51.212625339075124,4.25536179913809,2018,11,15,46003,Beveren,Normaal,Droog,Dag,met lichtgewonden,3,Fiets,9,personenauto,Buiten Kruispunt,Gemeenteweg,binnen bebouwde kom,Tss. 2 best.: langs opzij (voor-/achterkant-flank),Geen hindernis
11287,124,Beveren teller 2,Beveren,51.1964712,4.2361077,2.475532780512836,51.21657875316312,4.251361194490095,2018,11,10,46003,Beveren,Normaal,Droog,Dag,met lichtgewonden,9,personenauto,3,Fiets,Op Kruispunt,Gemeenteweg,binnen bebouwde kom,Tussen 2 bestuurders: Langs achteren,Geen hindernis
11289,99,Mechelen teller 1,Mechelen,51.04564,4.46882,2.356044591113712,51.02500065246996,4.476440885314896,2018,11,17,12025,Mechelen,Regenval,"Nat, plassen",Onbekend,met lichtgewonden,3,Fiets,5,Lichte vrachtauto,Buiten Kruispunt,Gemeenteweg,binnen bebouwde kom,Tussen 2 bestuurders: Flank tegen flank,Geen hindernis
11289,100,Mechelen teller 2,Mechelen,51.0457,4.46883,2.3623861842021636,51.02500065246996,4.476440885314896,2018,11,17,12025,Mechelen,Regenval,"Nat, plassen",Onbekend,met lichtgewonden,3,Fiets,5,Lichte vrachtauto,Buiten Kruispunt,Gemeenteweg,binnen bebouwde kom,Tussen 2 bestuurders: Flank tegen flank,Geen hindernis
11290,100,Mechelen teller 2,Mechelen,51.0457,4.46883,1.6885894916846313,51.05960963507483,4.459136150602439,2018,11,11,12025,Mechelen,Normaal,Droog,Dag,met lichtgewonden,3,Fiets,5,Lichte vrachtauto,Op Kruispunt,Gewestweg,buiten bebouwde kom,Tss. 2 best.: langs opzij (voor-/achterkant-flank),Geen hindernis
11290,99,Mechelen teller 1,Mechelen,51.04564,4.46882,1.6944234440377697,51.05960963507483,4.459136150602439,2018,11,11,12025,Mechelen,Normaal,Droog,Dag,met lichtgewonden,3,Fiets,5,Lichte vrachtauto,Op Kruispunt,Gewestweg,buiten bebouwde kom,Tss. 2 best.: langs opzij (voor-/achterkant-flank),Geen hindernis
11292,99,Mechelen teller 1,Mechelen,51.04564,4.46882,2.3056692758420843,51.03286613120475,4.494796225820284,2018,11,15,12025,Mechelen,Normaal,Droog,Dag,met lichtgewonden,9,personenauto,3,Fiets,Op Kruispunt,Gemeenteweg,binnen bebouwde kom,Tss. 2 best.: langs opzij (voor-/achterkant-flank),Geen hindernis
11292,100,Mechelen teller 2,Mechelen,51.0457,4.46883,2.3092346441549685,51.03286613120475,4.494796225820284,2018,11,15,12025,Mechelen,Normaal,Droog,Dag,met lichtgewonden,9,personenauto,3,Fiets,Op Kruispunt,Gemeenteweg,binnen bebouwde kom,Tss. 2 best.: langs opzij (voor-/achterkant-flank),Geen hindernis
11294,99,Mechelen teller 1,Mechelen,51.04564,4.46882,2.1153587574324932,51.02697340565691,4.4746556716811385,2018,11,23,12025,Mechelen,Normaal,Droog,"Nacht, openbare verlichting aanwezig en ontstoken",met lichtgewonden,9,personenauto,3,Fiets,Op Kruispunt,Gemeenteweg,binnen bebouwde kom,Tss. 2 best.: langs opzij (voor-/achterkant-flank),Geen hindernis
11294,100,Mechelen teller 2,Mechelen,51.0457,4.46883,2.121771142127074,51.02697340565691,4.4746556716811385,2018,11,23,12025,Mechelen,Normaal,Droog,"Nacht, openbare verlichting aanwezig en ontstoken",met lichtgewonden,9,personenauto,3,Fiets,Op Kruispunt,Gemeenteweg,binnen bebouwde kom,Tss. 2 best.: langs opzij (voor-/achterkant-flank),Geen hindernis
11296,137,Hasselt-Kempische brug,Hasselt,50.9411605,5.3417576,2.459330343432455,50.939961551077445,5.3067094360901095,2018,11,18,71022,Hasselt,Normaal,"Nat, plassen","Nacht, openbare verlichting aanwezig en ontstoken",met lichtgewonden,3,Fiets,9,personenauto,Op Kruispunt,Gewestweg,binnen bebouwde kom,Tussen 2 bestuurders: Flank tegen flank,Geen hindernis
11296,138,Hasselt-Kempische brug,Hasselt,50.9405318,5.3422472,2.4908429975342816,50.939961551077445,5.3067094360901095,2018,11,18,71022,Hasselt,Normaal,"Nat, plassen","Nacht, openbare verlichting aanwezig en ontstoken",met lichtgewonden,3,Fiets,9,personenauto,Op Kruispunt,Gewestweg,binnen bebouwde kom,Tussen 2 bestuurders: Flank tegen flank,Geen hindernis
11297,138,Hasselt-Kempische brug,Hasselt,50.9405318,5.3422472,0.5829890552095931,50.93711157976135,5.348553218452078,2018,11,14,71022,Hasselt,Normaal,Droog,Dag,met lichtgewonden,9,personenauto,3,Fiets,Buiten Kruispunt,Gemeenteweg,binnen bebouwde kom,Tss. 2 best.: langs opzij (voor-/achterkant-flank),Geen hindernis
11297,137,Hasselt-Kempische brug,Hasselt,50.9411605,5.3417576,0.6553074645420985,50.93711157976135,5.348553218452078,2018,11,14,71022,Hasselt,Normaal,Droog,Dag,met lichtgewonden,9,personenauto,3,Fiets,Buiten Kruispunt,Gemeenteweg,binnen bebouwde kom,Tss. 2 best.: langs opzij (voor-/achterkant-flank),Geen hindernis
11297,140,Hasselt ring,Hasselt,50.9300038,5.3438616,0.8560055763343304,50.93711157976135,5.348553218452078,2018,11,14,71022,Hasselt,Normaal,Droog,Dag,met lichtgewonden,9,personenauto,3,Fiets,Buiten Kruispunt,Gemeenteweg,binnen bebouwde kom,Tss. 2 best.: langs opzij (voor-/achterkant-flank),Geen hindernis
11299,140,Hasselt ring,Hasselt,50.9300038,5.3438616,1.068738642165498,50.928215127601234,5.32887861767589,2018,11,13,71022,Hasselt,Normaal,Droog,Dag,met lichtgewonden,3,Fiets,3,Fiets,Buiten Kruispunt,Gemeenteweg,binnen bebouwde kom,Tussen 2 bestuurders: Flank tegen flank,Geen hindernis
11299,138,Hasselt-Kempische brug,Hasselt,50.9405318,5.3422472,1.6593074236810892,50.928215127601234,5.32887861767589,2018,11,13,71022,Hasselt,Normaal,Droog,Dag,met lichtgewonden,3,Fiets,3,Fiets,Buiten Kruispunt,Gemeenteweg,binnen bebouwde kom,Tussen 2 bestuurders: Flank tegen flank,Geen hindernis
11299,137,Hasselt-Kempische brug,Hasselt,50.9411605,5.3417576,1.6989870827466709,50.928215127601234,5.32887861767589,2018,11,13,71022,Hasselt,Normaal,Droog,Dag,met lichtgewonden,3,Fiets,3,Fiets,Buiten Kruispunt,Gemeenteweg,binnen bebouwde kom,Tussen 2 bestuurders: Flank tegen flank,Geen hindernis
11300,140,Hasselt ring,Hasselt,50.9300038,5.3438616,1.4322020087203182,50.932571894236425,5.323835502639941,2018,11,7,71022,Hasselt,Normaal,Droog,Dag,met lichtgewonden,3,Fiets,7,Motorfiets,Op Kruispunt,Gemeenteweg,binnen bebouwde kom,Tussen 2 bestuurders: Flank tegen flank,Geen hindernis
11300,138,Hasselt-Kempische brug,Hasselt,50.9405318,5.3422472,1.5645826264084735,50.932571894236425,5.323835502639941,2018,11,7,71022,Hasselt,Normaal,Droog,Dag,met lichtgewonden,3,Fiets,7,Motorfiets,Op Kruispunt,Gemeenteweg,binnen bebouwde kom,Tussen 2 bestuurders: Flank tegen flank,Geen hindernis
11300,137,Hasselt-Kempische brug,Hasselt,50.9411605,5.3417576,1.577716241376692,50.932571894236425,5.323835502639941,2018,11,7,71022,Hasselt,Normaal,Droog,Dag,met lichtgewonden,3,Fiets,7,Motorfiets,Op Kruispunt,Gemeenteweg,binnen bebouwde kom,Tussen 2 bestuurders: Flank tegen flank,Geen hindernis
11301,137,Hasselt-Kempische brug,Hasselt,50.9411605,5.3417576,1.0588928643874103,50.94144546394868,5.326651517152458,2018,11,16,71022,Hasselt,Normaal,Droog,Dag,met lichtgewonden,9,personenauto,3,Fiets,Buiten Kruispunt,Gewestweg,buiten bebouwde kom,Tss. 2 best.: langs opzij (voor-/achterkant-flank),Geen hindernis
11301,138,Hasselt-Kempische brug,Hasselt,50.9405318,5.3422472,1.0974428700887935,50.94144546394868,5.326651517152458,2018,11,16,71022,Hasselt,Normaal,Droog,Dag,met lichtgewonden,9,personenauto,3,Fiets,Buiten Kruispunt,Gewestweg,buiten bebouwde kom,Tss. 2 best.: langs opzij (voor-/achterkant-flank),Geen hindernis
11301,140,Hasselt ring,Hasselt,50.9300038,5.3438616,1.753004385417941,50.94144546394868,5.326651517152458,2018,11,16,71022,Hasselt,Normaal,Droog,Dag,met lichtgewonden,9,personenauto,3,Fiets,Buiten Kruispunt,Gewestweg,buiten bebouwde kom,Tss. 2 best.: langs opzij (voor-/achterkant-flank),Geen hindernis
11302,12,Tervuren,Kraainem,50.81896,4.47803,2.4884056654125137,50.82702760663269,4.511073181261693,2018,11,15,24104,Tervuren,Onbekend,Onbekend,Dag,met lichtgewonden,9,personenauto,3,Fiets,Op Kruispunt,Gewestweg,buiten bebouwde kom,Tss. 2 best.: langs opzij (voor-/achterkant-flank),Geen hindernis
11331,3,Brasschaat 1,Brasschaat,51.27503,4.47222,1.7909763639042093,51.28805934107177,4.4873582724480405,2018,12,7,11008,Brasschaat,Normaal,"Nat, plassen","Nacht, openbare verlichting aanwezig en ontstoken",met lichtgewonden,9,personenauto,3,Fiets,Buiten Kruispunt,Gewestweg,binnen bebouwde kom,Tss. 2 best.: langs opzij (voor-/achterkant-flank),Geen hindernis
11331,2,Brasschaat 2,Brasschaat,51.27512,4.47169,1.804904329334413,51.28805934107177,4.4873582724480405,2018,12,7,11008,Brasschaat,Normaal,"Nat, plassen","Nacht, openbare verlichting aanwezig en ontstoken",met lichtgewonden,9,personenauto,3,Fiets,Buiten Kruispunt,Gewestweg,binnen bebouwde kom,Tss. 2 best.: langs opzij (voor-/achterkant-flank),Geen hindernis
11334,103,Malle teller 1,Malle,51.31681,4.73872,2.045603371412057,51.301578807705084,4.7552243679800785,2018,11,17,11057,Malle,Onbekend,Onbekend,Dageraad - schemering,met zwaargewonden,3,Fiets,10,"één bestuurder, geen hindernis",Buiten Kruispunt,Gewestweg,buiten bebouwde kom,"Eén bestuurder, geen hindernis (incl. val)",Geen hindernis