crash_row_id,site_id,site_name,site_gemeente,site_lat,site_long,distance_km,crash_lat,crash_long,DT_YEAR_COLLISION,DT_MONTH_COLLISION,DT_TIME,CD_NIS,TX_MUNTY_COLLISION_NL,TX_WEATHER_NL,TX_ROAD_CONDITION_NL,TX_LIGHT_CONDITION_NL,TX_CLASS_ACCIDENTS_NL,CD_ROAD_USR_TYPE1,TX_ROAD_USR_TYPE1_NL,CD_ROAD_USR_TYPE2,TX_ROAD_USR_TYPE2_NL,TX_CROSSWAY_NL,CD_ROAD_TYPE_NL,TX_BUILD_UP_AREA_NL,TX_COLLISION_TYPE_NL,TX_OBSTACLES_NL
11334,104,Malle teller 2,Malle,51.31682,4.73852,2.0543492848265665,51.301578807705084,4.7552243679800785,2018,11,17,11057,Malle,Onbekend,Onbekend,Dageraad - schemering,met zwaargewonden,3,Fiets,10,"één bestuurder, geen hindernis",Buiten Kruispunt,Gewestweg,buiten bebouwde kom,"Eén bestuurder, geen hindernis (incl. val)",Geen hindernis
11336,88,Westerlo teller 1,Westerlo,51.082,4.91325,0.893487434091954,51.08903441297721,4.919432737685883,2018,12,16,13049,Westerlo,Normaal,"Nat, plassen",Dageraad - schemering,met lichtgewonden,9,personenauto,3,Fiets,Op Kruispunt,Gemeenteweg,binnen bebouwde kom,Tss. 2 best.: langs opzij (voor-/achterkant-flank),Geen hindernis
11336,89,Westerlo teller 2,Westerlo,51.08191,4.91334,0.8992696436611639,51.08903441297721,4.919432737685883,2018,12,16,13049,Westerlo,Normaal,"Nat, plassen",Dageraad - schemering,met lichtgewonden,9,personenauto,3,Fiets,Op Kruispunt,Gemeenteweg,binnen bebouwde kom,Tss. 2 best.: langs opzij (voor-/achterkant-flank),Geen hindernis
11337,127,Geel totem,Westerlo,51.1342966,4.9400421,0.8123038889805008,51.127928697036324,4.945746848917277,2018,12,5,13049,Westerlo,Normaal,Droog,"Nacht, openbare verlichting aanwezig en ontstoken",met lichtgewonden,9,personenauto,3,Fiets,Op Kruispunt,Gemeenteweg,buiten bebouwde kom,Tss. 2 best.: langs opzij (voor-/achterkant-flank),Geen hindernis
11337,112,Geel teller 2,Westerlo,51.1354992,4.9394789,0.9486411667617123,51.127928697036324,4.945746848917277,2018,12,5,13049,Westerlo,Normaal,Droog,"Nacht, openbare verlichting aanwezig en ontstoken",met lichtgewonden,9,personenauto,3,Fiets,Op Kruispunt,Gemeenteweg,buiten bebouwde kom,Tss. 2 best.: langs opzij (voor-/achterkant-flank),Geen hindernis
11338,45,Pelt teller 1,Pelt,51.23127,5.44377,1.6683498835530095,51.24594603437008,5.438787992427568,2018,12,8,72043,Pelt,Regenval,"Nat, plassen",Dag,met lichtgewonden,9,personenauto,3,Fiets,Op Kruispunt,Gemeenteweg,binnen bebouwde kom,Tss. 2 best.: langs opzij (voor-/achterkant-flank),Geen hindernis
11338,46,Pelt teller 2,Pelt,51.231,5.44375,1.6974443775756998,51.24594603437008,5.438787992427568,2018,12,8,72043,Pelt,Regenval,"Nat, plassen",Dag,met lichtgewonden,9,personenauto,3,Fiets,Op Kruispunt,Gemeenteweg,binnen bebouwde kom,Tss. 2 best.: langs opzij (voor-/achterkant-flank),Geen hindernis
11339,46,Pelt teller 2,Pelt,51.231,5.44375,1.2891970525571859,51.224267118588244,5.428677629275877,2018,12,16,72043,Pelt,Normaal,Droog,Dageraad - schemering,met zwaargewonden,3,Fiets,9,personenauto,Buiten Kruispunt,Gewestweg,buiten bebouwde kom,Tss. 2 best.: langs opzij (voor-/achterkant-flank),Geen hindernis
11339,45,Pelt teller 1,Pelt,51.23127,5.44377,1.3079766043016572,51.224267118588244,5.428677629275877,2018,12,16,72043,Pelt,Normaal,Droog,Dageraad - schemering,met zwaargewonden,3,Fiets,9,personenauto,Buiten Kruispunt,Gewestweg,buiten bebouwde kom,Tss. 2 best.: langs opzij (voor-/achterkant-flank),Geen hindernis
11342,14,Genk,Genk,50.97172,5.48927,1.7665851990151618,50.98731354672095,5.4940998980279145,2018,12,15,71016,Genk,Onbekend,Onbekend,Dag,met lichtgewonden,3,Fiets,9,personenauto,Op Kruispunt,Gewestweg,buiten bebouwde kom,Tussen 2 bestuurders: Flank tegen flank,Geen hindernis
11343,69,Leuven teller 1,Leuven,50.87549,4.71526,0.7172950371756175,50.880029507773585,4.707996373310259,2018,12,10,24062,Leuven,Normaal,Droog,Dag,met lichtgewonden,9,personenauto,3,Fiets,Buiten Kruispunt,Gemeenteweg,binnen bebouwde kom,Tussen 2 bestuurders: Langs achteren,Geen hindernis
11343,77,Leuven teller 2,Leuven,50.88672,4.70796,0.7439531683957274,50.880029507773585,4.707996373310259,2018,12,10,24062,Leuven,Normaal,Droog,Dag,met lichtgewonden,9,personenauto,3,Fiets,Buiten Kruispunt,Gemeenteweg,binnen bebouwde kom,Tussen 2 bestuurders: Langs achteren,Geen hindernis
11343,107,leuven totem,Leuven,50.8870744,4.7087919,0.7853417253905464,50.880029507773585,4.707996373310259,2018,12,10,24062,Leuven,Normaal,Droog,Dag,met lichtgewonden,9,personenauto,3,Fiets,Buiten Kruispunt,Gemeenteweg,binnen bebouwde kom,Tussen 2 bestuurders: Langs achteren,Geen hindernis
11343,151,Leuven,District Leuven,50.8690262,4.6854839,1.998041977207859,50.880029507773585,4.707996373310259,2018,12,10,24062,Leuven,Normaal,Droog,Dag,met lichtgewonden,9,personenauto,3,Fiets,Buiten Kruispunt,Gemeenteweg,binnen bebouwde kom,Tussen 2 bestuurders: Langs achteren,Geen hindernis
11344,151,Leuven,District Leuven,50.8690262,4.6854839,1.230080647347198,50.86547576472893,4.668882995894156,2018,12,0,24062,Leuven,Normaal,Droog,"Nacht, openbare verlichting aanwezig en ontstoken",met lichtgewonden,9,personenauto,3,Fiets,Buiten Kruispunt,Gemeenteweg,binnen bebouwde kom,Tss. 2 best.: langs opzij (voor-/achterkant-flank),Geen hindernis
11345,69,Leuven teller 1,Leuven,50.87549,4.71526,0.9228569239728386,50.875990872524504,4.702131208940974,2018,11,9,24062,Leuven,Normaal,"Nat, plassen",Dag,met lichtgewonden,8,Voetganger,3,Fiets,Buiten Kruispunt,Gemeenteweg,binnen bebouwde kom,Met een voetganger,Geen hindernis
11345,77,Leuven teller 2,Leuven,50.88672,4.70796,1.2611609992848172,50.875990872524504,4.702131208940974,2018,11,9,24062,Leuven,Normaal,"Nat, plassen",Dag,met lichtgewonden,8,Voetganger,3,Fiets,Buiten Kruispunt,Gemeenteweg,binnen bebouwde kom,Met een voetganger,Geen hindernis
11345,107,leuven totem,Leuven,50.8870744,4.7087919,1.3180458074289516,50.875990872524504,4.702131208940974,2018,11,9,24062,Leuven,Normaal,"Nat, plassen",Dag,met lichtgewonden,8,Voetganger,3,Fiets,Buiten Kruispunt,Gemeenteweg,binnen bebouwde kom,Met een voetganger,Geen hindernis
11345,151,Leuven,District Leuven,50.8690262,4.6854839,1.401528107479097,50.875990872524504,4.702131208940974,2018,11,9,24062,Leuven,Normaal,"Nat, plassen",Dag,met lichtgewonden,8,Voetganger,3,Fiets,Buiten Kruispunt,Gemeenteweg,binnen bebouwde kom,Met een voetganger,Geen hindernis
11346,77,Leuven teller 2,Leuven,50.88672,4.70796,0.7710741420387418,50.87983719397582,4.7066212451245955,2018,12,11,24062,Leuven,Normaal,Droog,Dag,met lichtgewonden,3,Fiets,6,Bromfiets,Op Kruispunt,Gemeenteweg,binnen bebouwde kom,Tss. 2 best.: langs opzij (voor-/achterkant-flank),Geen hindernis
11346,69,Leuven teller 1,Leuven,50.87549,4.71526,0.7752610809570597,50.87983719397582,4.7066212451245955,2018,12,11,24062,Leuven,Normaal,Droog,Dag,met lichtgewonden,3,Fiets,6,Bromfiets,Op Kruispunt,Gemeenteweg,binnen bebouwde kom,Tss. 2 best.: langs opzij (voor-/achterkant-flank),Geen hindernis
11346,107,leuven totem,Leuven,50.8870744,4.7087919,0.819021310193263,50.87983719397582,4.7066212451245955,2018,12,11,24062,Leuven,Normaal,Droog,Dag,met lichtgewonden,3,Fiets,6,Bromfiets,Op Kruispunt,Gemeenteweg,binnen bebouwde kom,Tss. 2 best.: langs opzij (voor-/achterkant-flank),Geen hindernis
11346,151,Leuven,District Leuven,50.8690262,4.6854839,1.90913407441612,50.87983719397582,4.7066212451245955,2018,12,11,24062,Leuven,Normaal,Droog,Dag,met lichtgewonden,3,Fiets,6,Bromfiets,Op Kruispunt,Gemeenteweg,binnen bebouwde kom,Tss. 2 best.: langs opzij (voor-/achterkant-flank),Geen hindernis
11347,69,Leuven teller 1,Leuven,50.87549,4.71526,0.4321609629437613,50.879376154704715,4.715344090559356,2018,12,16,24062,Leuven,Normaal,Droog,"Nacht, openbare verlichting aanwezig en ontstoken",met lichtgewonden,3,Fiets,3,Fiets,Buiten Kruispunt,Gewestweg,binnen bebouwde kom,Tss. 2 best.: langs opzij (voor-/achterkant-flank),Geen hindernis
11347,77,Leuven teller 2,Leuven,50.88672,4.70796,0.967045597561199,50.879376154704715,4.715344090559356,2018,12,16,24062,Leuven,Normaal,Droog,"Nacht, openbare verlichting aanwezig en ontstoken",met lichtgewonden,3,Fiets,3,Fiets,Buiten Kruispunt,Gewestweg,binnen bebouwde kom,Tss. 2 best.: langs opzij (voor-/achterkant-flank),Geen hindernis
11347,107,leuven totem,Leuven,50.8870744,4.7087919,0.971612429561391,50.879376154704715,4.715344090559356,2018,12,16,24062,Leuven,Normaal,Droog,"Nacht, openbare verlichting aanwezig en ontstoken",met lichtgewonden,3,Fiets,3,Fiets,Buiten Kruispunt,Gewestweg,binnen bebouwde kom,Tss. 2 best.: langs opzij (voor-/achterkant-flank),Geen hindernis
11347,151,Leuven,District Leuven,50.8690262,4.6854839,2.390464814034627,50.879376154704715,4.715344090559356,2018,12,16,24062,Leuven,Normaal,Droog,"Nacht, openbare verlichting aanwezig en ontstoken",met lichtgewonden,3,Fiets,3,Fiets,Buiten Kruispunt,Gewestweg,binnen bebouwde kom,Tss. 2 best.: langs opzij (voor-/achterkant-flank),Geen hindernis
11356,47,Vilvoorde,Vilvoorde,50.91372,4.41497,1.7330999604699848,50.92484407869958,4.432287307278154,2018,12,7,23088,Vilvoorde,Onbekend,Onbekend,"Nacht, openbare verlichting aanwezig en ontstoken",met lichtgewonden,3,Fiets,9,personenauto,Op Kruispunt,Gewestweg,binnen bebouwde kom,Tss. 2 best.: langs opzij (voor-/achterkant-flank),Geen hindernis
11356,1,Machelen,Machelen,50.91618331151478,4.456121776137429,1.9284082707307852,50.92484407869958,4.432287307278154,2018,12,7,23088,Vilvoorde,Onbekend,Onbekend,"Nacht, openbare verlichting aanwezig en ontstoken",met lichtgewonden,3,Fiets,9,personenauto,Op Kruispunt,Gewestweg,binnen bebouwde kom,Tss. 2 best.: langs opzij (voor-/achterkant-flank),Geen hindernis
11357,13,Gent,Gent,51.03018,3.70146,1.4929145535438848,51.02420291913985,3.720574765805058,2018,12,22,44021,Gent,Normaal,"Nat, plassen","Nacht, openbare verlichting aanwezig en ontstoken",met lichtgewonden,9,personenauto,3,Fiets,Op Kruispunt,Gemeenteweg,binnen bebouwde kom,Tss. 2 best.: langs opzij (voor-/achterkant-flank),Geen hindernis
11358,13,Gent,Gent,51.03018,3.70146,2.116283318604583,51.041789895587655,3.7254424536283133,2018,12,18,44021,Gent,Onbekend,Droog,Dag,met lichtgewonden,3,Fiets,9,personenauto,Buiten Kruispunt,Gemeenteweg,binnen bebouwde kom,Tussen 2 bestuurders: Langs achteren,Geen hindernis
11359,118,Gent teller 1,Gent,51.028049,3.7681359,1.2050711580950422,51.03482085823443,3.7546817383139985,2018,12,9,44021,Gent,Regenval,"Nat, plassen",Dag,met lichtgewonden,3,Fiets,9,personenauto,Op Kruispunt,Gewestweg,binnen bebouwde kom,Tss. 2 best.: langs opzij (voor-/achterkant-flank),Geen hindernis
11359,119,Gent teller 2,Gent,51.0281795,3.7683918,1.2101835940714012,51.03482085823443,3.7546817383139985,2018,12,9,44021,Gent,Regenval,"Nat, plassen",Dag,met lichtgewonden,3,Fiets,9,personenauto,Op Kruispunt,Gewestweg,binnen bebouwde kom,Tss. 2 best.: langs opzij (voor-/achterkant-flank),Geen hindernis
11362,13,Gent,Gent,51.03018,3.70146,2.156055198727252,51.038399860978714,3.7293859026202156,2018,12,17,44021,Gent,Normaal,"Nat, plassen","Nacht, openbare verlichting aanwezig en ontstoken",met lichtgewonden,3,Fiets,9,personenauto,Op Kruispunt,Gewestweg,binnen bebouwde kom,Tss. 2 best.: langs opzij (voor-/achterkant-flank),Geen hindernis
11363,118,Gent teller 1,Gent,51.028049,3.7681359,0.22192350185106477,51.02938022433255,3.7657716158429806,2018,12,21,44021,Gent,Normaal,"Nat, plassen","Nacht, openbare verlichting aanwezig en ontstoken",met lichtgewonden,6,Bromfiets,3,Fiets,Buiten Kruispunt,Gewestweg,binnen bebouwde kom,Tss. 2 best.: langs opzij (voor-/achterkant-flank),Geen hindernis
11363,119,Gent teller 2,Gent,51.0281795,3.7683918,0.2267218971176749,51.02938022433255,3.7657716158429806,2018,12,21,44021,Gent,Normaal,"Nat, plassen","Nacht, openbare verlichting aanwezig en ontstoken",met lichtgewonden,6,Bromfiets,3,Fiets,Buiten Kruispunt,Gewestweg,binnen bebouwde kom,Tss. 2 best.: langs opzij (voor-/achterkant-flank),Geen hindernis
11365,13,Gent,Gent,51.03018,3.70146,1.3862860663796066,51.01874928591543,3.709372477092704,2018,12,23,44021,Gent,Regenval,"Nat, plassen","Nacht, openbare verlichting aanwezig en ontstoken",met lichtgewonden,3,Fiets,3,Fiets,Buiten Kruispunt,Gewestweg,buiten bebouwde kom,Kettingbotsing (3 bestuurders of meer),Geen hindernis
11369,13,Gent,Gent,51.03018,3.70146,0.7887020629371433,51.02309009694388,3.7011285064339163,2018,11,7,44021,Gent,Onbekend,Onbekend,"Nacht, openbare verlichting aanwezig en ontstoken",met lichtgewonden,9,personenauto,3,Fiets,Op Kruispunt,Gewestweg,buiten bebouwde kom,Tussen 2 bestuurders: Flank tegen flank,Geen hindernis
11370,113,Deinze teller 2,Deinze,50.96018,3.55578,2.0267926621270638,50.97386528276889,3.5366625626598993,2018,12,10,44083,Deinze,Normaal,"Nat, plassen",Dag,met lichtgewonden,9,personenauto,3,Fiets,Op Kruispunt,Gewestweg,binnen bebouwde kom,Tussen 2 bestuurders: Frontale botsing,Geen hindernis
11370,114,Deinze teller 1,Nazareth,50.9598305,3.555502,2.04351275156051,50.97386528276889,3.5366625626598993,2018,12,10,44083,Deinze,Normaal,"Nat, plassen",Dag,met lichtgewonden,9,personenauto,3,Fiets,Op Kruispunt,Gewestweg,binnen bebouwde kom,Tussen 2 bestuurders: Frontale botsing,Geen hindernis
11371,115,Aalter,Aalter,51.1058367,3.4350591,1.7994545894752898,51.0923553149749,3.4493144091582906,2018,12,7,44084,Aalter,Normaal,"Nat, plassen","Nacht, openbare verlichting aanwezig en ontstoken",met lichtgewonden,5,Lichte vrachtauto,3,Fiets,Buiten Kruispunt,Gemeenteweg,binnen bebouwde kom,Tussen 2 bestuurders: Frontale botsing,Geen hindernis
11372,6,Evergem 2,Evergem,51.10894,3.70298,0.970172860227166,51.101708399457216,3.6952055442530902,2018,12,8,44019,Evergem,Normaal,"Nat, plassen",Dag,met lichtgewonden,3,Fiets,10,"één bestuurder, geen hindernis",Buiten Kruispunt,Gemeenteweg,buiten bebouwde kom,"Eén bestuurder, geen hindernis (incl. val)",Geen hindernis
11372,7,Evergem 1,Evergem,51.1089,3.70317,0.9740016780663556,51.101708399457216,3.6952055442530902,2018,12,8,44019,Evergem,Normaal,"Nat, plassen",Dag,met lichtgewonden,3,Fiets,10,"één bestuurder, geen hindernis",Buiten Kruispunt,Gemeenteweg,buiten bebouwde kom,"Eén bestuurder, geen hindernis (incl. val)",Geen hindernis
11379,126,Hamme totem,Hamme,51.1017709,4.1469307,0.9853826038520114,51.09622681298318,4.1359218341214286,2018,12,17,42008,Hamme,Normaal,Droog,Dag,met lichtgewonden,3,Fiets,3,Fiets,Buiten Kruispunt,Gemeenteweg,buiten bebouwde kom,Tussen 2 bestuurders: Flank tegen flank,Geen hindernis
11380,120,Zele teller 1,Zele,51.0607671,4.0547741,0.5493034746397474,51.060929231747565,4.046918276446061,2018,12,8,42028,Zele,Onbekend,Droog,Dageraad - schemering,met lichtgewonden,9,personenauto,3,Fiets,Buiten Kruispunt,Gemeenteweg,binnen bebouwde kom,Tss. 2 best.: langs opzij (voor-/achterkant-flank),Geen hindernis
11380,121,Zele teller 2,Zele,51.0604067,4.0556696,0.6143460903674961,51.060929231747565,4.046918276446061,2018,12,8,42028,Zele,Onbekend,Droog,Dageraad - schemering,met lichtgewonden,9,personenauto,3,Fiets,Buiten Kruispunt,Gemeenteweg,binnen bebouwde kom,Tss. 2 best.: langs opzij (voor-/achterkant-flank),Geen hindernis
11381,141,Test site A support,Lokeren,51.08342085,3.9961071208376326,2.183686340025949,51.08012590181968,4.026924771739198,2018,12,7,42028,Zele,Normaal,"Nat, plassen","Nacht, geen openbare verlichting aanwezig",met lichtgewonden,3,Fiets,11,een weggebruiker tegen een hindernis,Buiten Kruispunt,Gemeenteweg,buiten bebouwde kom,Weggebruiker tegen hindernis op de rijbaan,"Op de rijbaan: Verkeersdrempel, ezelsrug"
11385,54,Brugge teller 2,Brugge,51.23015,3.22818,0.5825192462066776,51.22491500082437,3.228495297657731,2018,12,12,31005,Brugge,Regenval,"Nat, plassen",Dag,met zwaargewonden,3,Fiets,9,personenauto,Buiten Kruispunt,Gewestweg,binnen bebouwde kom,Tss. 2 best.: langs opzij (voor-/achterkant-flank),Geen hindernis
11385,53,Brugge teller 1,Brugge,51.23023,3.228,0.5920064408862884,51.22491500082437,3.228495297657731,2018,12,12,31005,Brugge,Regenval,"Nat, plassen",Dag,met zwaargewonden,3,Fiets,9,personenauto,Buiten Kruispunt,Gewestweg,binnen bebouwde kom,Tss. 2 best.: langs opzij (voor-/achterkant-flank),Geen hindernis
11385,52,Brugge,Brugge,51.22632,3.24095,0.8812593716816827,51.22491500082437,3.228495297657731,2018,12,12,31005,Brugge,Regenval,"Nat, plassen",Dag,met zwaargewonden,3,Fiets,9,personenauto,Buiten Kruispunt,Gewestweg,binnen bebouwde kom,Tss. 2 best.: langs opzij (voor-/achterkant-flank),Geen hindernis
11385,142,TEST Validatie BRUGGE Y2H22022134,Brugge,51.22632,3.24095,0.8812593716816827,51.22491500082437,3.228495297657731,2018,12,12,31005,Brugge,Regenval,"Nat, plassen",Dag,met zwaargewonden,3,Fiets,9,personenauto,Buiten Kruispunt,Gewestweg,binnen bebouwde kom,Tss. 2 best.: langs opzij (voor-/achterkant-flank),Geen hindernis
11388,59,Ardooie teller 1,Ardooie,50.96784,3.18479,2.390668040155536,50.98599378771793,3.203084343599205,2018,12,8,37020,Ardooie,Normaal,"Nat, plassen+Proper",Dag,met lichtgewonden,9,personenauto,3,Fiets,Buiten Kruispunt,Gemeenteweg,binnen bebouwde kom,Tss. 2 best.: langs opzij (voor-/achterkant-flank),Geen hindernis
11388,60,Ardooie teller 2,Ardooie,50.96783,3.18411,2.4174379968604467,50.98599378771793,3.203084343599205,2018,12,8,37020,Ardooie,Normaal,"Nat, plassen+Proper",Dag,met lichtgewonden,9,personenauto,3,Fiets,Buiten Kruispunt,Gemeenteweg,binnen bebouwde kom,Tss. 2 best.: langs opzij (voor-/achterkant-flank),Geen hindernis
11390,18,Oostende 1,Oostende,51.21378,2.92765,2.0329877139857513,51.230942231754284,2.9175859165905145,2018,12,12,35013,Oostende,Normaal,"Nat, plassen",Dag,met lichtgewonden,9,personenauto,3,Fiets,Op Kruispunt,Gemeenteweg,binnen bebouwde kom,Tss. 2 best.: langs opzij (voor-/achterkant-flank),Geen hindernis
11390,15,Oostende 2,Oostende,51.21371,2.92743,2.0350839257965423,51.230942231754284,2.9175859165905145,2018,12,12,35013,Oostende,Normaal,"Nat, plassen",Dag,met lichtgewonden,9,personenauto,3,Fiets,Op Kruispunt,Gemeenteweg,binnen bebouwde kom,Tss. 2 best.: langs opzij (voor-/achterkant-flank),Geen hindernis
11391,15,Oostende 2,Oostende,51.21371,2.92743,0.4613069526188462,51.20995905830287,2.9302593945806117,2018,12,7,35013,Oostende,Regenval,"Nat, plassen",Dageraad - schemering,met lichtgewonden,9,personenauto,3,Fiets,Op Kruispunt,Gemeenteweg,binnen bebouwde kom,Tss. 2 best.: langs opzij (voor-/achterkant-flank),Geen hindernis
11391,18,Oostende 1,Oostende,51.21378,2.92765,0.4621166424629185,51.20995905830287,2.9302593945806117,2018,12,7,35013,Oostende,Regenval,"Nat, plassen",Dageraad - schemering,met lichtgewonden,9,personenauto,3,Fiets,Op Kruispunt,Gemeenteweg,binnen bebouwde kom,Tss. 2 best.: langs opzij (voor-/achterkant-flank),Geen hindernis
11392,65,Nieuwpoort teller 2,Nieuwpoort,51.13435,2.75511,1.3453338025082549,51.14642745150434,2.7562571279402306,2018,12,17,35011,Middelkerke,Normaal,"Nat, plassen","Nacht, openbare verlichting aanwezig en ontstoken",met lichtgewonden,9,personenauto,3,Fiets,Op Kruispunt,Gewestweg,binnen bebouwde kom,Tss. 2 best.: langs opzij (voor-/achterkant-flank),Geen hindernis
11392,64,Nieuwpoort teller 1,Nieuwpoort,51.13359,2.75737,1.4295693778283207,51.14642745150434,2.7562571279402306,2018,12,17,35011,Middelkerke,Normaal,"Nat, plassen","Nacht, openbare verlichting aanwezig en ontstoken",met lichtgewonden,9,personenauto,3,Fiets,Op Kruispunt,Gewestweg,binnen bebouwde kom,Tss. 2 best.: langs opzij (voor-/achterkant-flank),Geen hindernis
11392,63,Nieuwpoort teller 3,Nieuwpoort,51.13529,2.74289,1.5502765690584783,51.14642745150434,2.7562571279402306,2018,12,17,35011,Middelkerke,Normaal,"Nat, plassen","Nacht, openbare verlichting aanwezig en ontstoken",met lichtgewonden,9,personenauto,3,Fiets,Op Kruispunt,Gewestweg,binnen bebouwde kom,Tss. 2 best.: langs opzij (voor-/achterkant-flank),Geen hindernis
11392,66,Nieuwpoort totem,Nieuwpoort,51.1347,2.74369,1.5713643226470035,51.14642745150434,2.7562571279402306,2018,12,17,35011,Middelkerke,Normaal,"Nat, plassen","Nacht, openbare verlichting aanwezig en ontstoken",met lichtgewonden,9,personenauto,3,Fiets,Op Kruispunt,Gewestweg,binnen bebouwde kom,Tss. 2 best.: langs opzij (voor-/achterkant-flank),Geen hindernis
11393,55,Torhout teller 1,Torhout,51.07161,3.08261,2.300650702847596,51.06002903442538,3.109893166888401,2018,12,7,31033,Torhout,Normaal,"Nat, plassen","Nacht, openbare verlichting aanwezig en ontstoken",met lichtgewonden,9,personenauto,3,Fiets,Op Kruispunt,Gemeenteweg,binnen bebouwde kom,Tss. 2 best.: langs opzij (voor-/achterkant-flank),Geen hindernis
11393,56,Torhout teller 2,Torhout,51.07147,3.08244,2.3018666786085107,51.06002903442538,3.109893166888401,2018,12,7,31033,Torhout,Normaal,"Nat, plassen","Nacht, openbare verlichting aanwezig en ontstoken",met lichtgewonden,9,personenauto,3,Fiets,Op Kruispunt,Gemeenteweg,binnen bebouwde kom,Tss. 2 best.: langs opzij (voor-/achterkant-flank),Geen hindernis
11400,74,Kortrijk teller 1,Kortrijk,50.81909,3.25728,1.146169430394924,50.810104559831004,3.2492859473023485,2018,12,7,34022,Kortrijk,Normaal,"Nat, plassen",Dag,met lichtgewonden,9,personenauto,3,Fiets,Op Kruispunt,Gewestweg,binnen bebouwde kom,Tss. 2 best.: langs opzij (voor-/achterkant-flank),Geen hindernis
11400,75,Kortrijk teller 2,Kortrijk,50.81925,3.25731,1.1627309922833753,50.810104559831004,3.2492859473023485,2018,12,7,34022,Kortrijk,Normaal,"Nat, plassen",Dag,met lichtgewonden,9,personenauto,3,Fiets,Op Kruispunt,Gewestweg,binnen bebouwde kom,Tss. 2 best.: langs opzij (voor-/achterkant-flank),Geen hindernis
11400,143,Eco Display Classic Budastraat,Kortrijk,50.83066,3.26286,2.4765897856877572,50.810104559831004,3.2492859473023485,2018,12,7,34022,Kortrijk,Normaal,"Nat, plassen",Dag,met lichtgewonden,9,personenauto,3,Fiets,Op Kruispunt,Gewestweg,binnen bebouwde kom,Tss. 2 best.: langs opzij (voor-/achterkant-flank),Geen hindernis
11401,143,Eco Display Classic Budastraat,Kortrijk,50.83066,3.26286,0.7998649424533523,50.824619887951506,3.269044686411899,2018,12,18,34022,Kortrijk,Normaal,Droog,"Nacht, openbare verlichting aanwezig en ontstoken",met lichtgewonden,9,personenauto,3,Fiets,Op Kruispunt,Gemeenteweg,binnen bebouwde kom,Tss. 2 best.: langs opzij (voor-/achterkant-flank),Geen hindernis
11401,75,Kortrijk teller 2,Kortrijk,50.81925,3.25731,1.017849648288064,50.824619887951506,3.269044686411899,2018,12,18,34022,Kortrijk,Normaal,Droog,"Nacht, openbare verlichting aanwezig en ontstoken",met lichtgewonden,9,personenauto,3,Fiets,Op Kruispunt,Gemeenteweg,binnen bebouwde kom,Tss. 2 best.: langs opzij (voor-/achterkant-flank),Geen hindernis
11401,74,Kortrijk teller 1,Kortrijk,50.81909,3.25728,1.030078559729443,50.824619887951506,3.269044686411899,2018,12,18,34022,Kortrijk,Normaal,Droog,"Nacht, openbare verlichting aanwezig en ontstoken",met lichtgewonden,9,personenauto,3,Fiets,Op Kruispunt,Gemeenteweg,binnen bebouwde kom,Tss. 2 best.: langs opzij (voor-/achterkant-flank),Geen hindernis
11401,16,Kortrijk 1,Kortrijk,50.83332,3.27777,1.1451763173889904,50.824619887951506,3.269044686411899,2018,12,18,34022,Kortrijk,Normaal,Droog,"Nacht, openbare verlichting aanwezig en ontstoken",met lichtgewonden,9,personenauto,3,Fiets,Op Kruispunt,Gemeenteweg,binnen bebouwde kom,Tss. 2 best.: langs opzij (voor-/achterkant-flank),Geen hindernis
11401,17,Kortrijk 2,Kortrijk,50.83339,3.27773,1.1502666339699337,50.824619887951506,3.269044686411899,2018,12,18,34022,Kortrijk,Normaal,Droog,"Nacht, openbare verlichting aanwezig en ontstoken",met lichtgewonden,9,personenauto,3,Fiets,Op Kruispunt,Gemeenteweg,binnen bebouwde kom,Tss. 2 best.: langs opzij (voor-/achterkant-flank),Geen hindernis
11402,143,Eco Display Classic Budastraat,Kortrijk,50.83066,3.26286,2.336709208226887,50.850551029894696,3.2521245973869353,2018,12,8,34022,Kortrijk,Normaal,Droog,Dag,met lichtgewonden,9,personenauto,3,Fiets,Op Kruispunt,Gemeenteweg,binnen bebouwde kom,Tss. 2 best.: langs opzij (voor-/achterkant-flank),Geen hindernis
11406,67,Ieper totem,Ieper,50.85018,2.85624,2.204351038449036,50.85522003229804,2.886609603636111,2018,12,20,33011,Ieper,Normaal,Droog,"Nacht, openbare verlichting aanwezig en ontstoken",met lichtgewonden,9,personenauto,3,Fiets,Op Kruispunt,Gewestweg,binnen bebouwde kom,Tss. 2 best.: langs opzij (voor-/achterkant-flank),Geen hindernis
11406,68,Ieper,Ieper,50.85032,2.85608,2.2113255026288137,50.85522003229804,2.886609603636111,2018,12,20,33011,Ieper,Normaal,Droog,"Nacht, openbare verlichting aanwezig en ontstoken",met lichtgewonden,9,personenauto,3,Fiets,Op Kruispunt,Gewestweg,binnen bebouwde kom,Tss. 2 best.: langs opzij (voor-/achterkant-flank),Geen hindernis