crash_row_id,site_id,site_name,site_gemeente,site_lat,site_long,distance_km,crash_lat,crash_long,DT_YEAR_COLLISION,DT_MONTH_COLLISION,DT_TIME,CD_NIS,TX_MUNTY_COLLISION_NL,TX_WEATHER_NL,TX_ROAD_CONDITION_NL,TX_LIGHT_CONDITION_NL,TX_CLASS_ACCIDENTS_NL,CD_ROAD_USR_TYPE1,TX_ROAD_USR_TYPE1_NL,CD_ROAD_USR_TYPE2,TX_ROAD_USR_TYPE2_NL,TX_CROSSWAY_NL,CD_ROAD_TYPE_NL,TX_BUILD_UP_AREA_NL,TX_COLLISION_TYPE_NL,TX_OBSTACLES_NL
11407,67,Ieper totem,Ieper,50.85018,2.85624,2.2759617901793114,50.84272790070689,2.8864322697484215,2018,12,10,33011,Ieper,Regenval,"Nat, plassen",Dag,met lichtgewonden,5,Lichte vrachtauto,3,Fiets,Buiten Kruispunt,Gewestweg,buiten bebouwde kom,Tss. 2 best.: langs opzij (voor-/achterkant-flank),Geen hindernis
11407,68,Ieper,Ieper,50.85032,2.85608,2.292112605707434,50.84272790070689,2.8864322697484215,2018,12,10,33011,Ieper,Regenval,"Nat, plassen",Dag,met lichtgewonden,5,Lichte vrachtauto,3,Fiets,Buiten Kruispunt,Gewestweg,buiten bebouwde kom,Tss. 2 best.: langs opzij (voor-/achterkant-flank),Geen hindernis
11408,41,Maasmechelen teller 1,Maasmechelen,50.97025,5.69799,0.5429695496752248,50.96552363978163,5.696041565180322,2018,11,18,73107,Maasmechelen,Onbekend,Onbekend,"Nacht, openbare verlichting aanwezig en ontstoken",met lichtgewonden,8,Voetganger,3,Fiets,Buiten Kruispunt,Gewestweg,binnen bebouwde kom,Met een voetganger,Geen hindernis
11408,42,Maasmechelen teller 2,Maasmechelen,50.97043,5.6981,0.5642831647759657,50.96552363978163,5.696041565180322,2018,11,18,73107,Maasmechelen,Onbekend,Onbekend,"Nacht, openbare verlichting aanwezig en ontstoken",met lichtgewonden,8,Voetganger,3,Fiets,Buiten Kruispunt,Gewestweg,binnen bebouwde kom,Met een voetganger,Geen hindernis
11409,124,Beveren teller 2,Beveren,51.1964712,4.2361077,0.31423810908035466,51.19928921049731,4.235768586068178,2018,12,17,46003,Beveren,Normaal,Droog,"Nacht, openbare verlichting aanwezig en ontstoken",met lichtgewonden,9,personenauto,3,Fiets,Op Kruispunt,Gewestweg,binnen bebouwde kom,Tss. 2 best.: langs opzij (voor-/achterkant-flank),Geen hindernis
11412,137,Hasselt-Kempische brug,Hasselt,50.9411605,5.3417576,1.2355464271875984,50.95222219312922,5.343426174320248,2018,11,8,71022,Hasselt,Onbekend,Onbekend,Onbekend,met lichtgewonden,9,personenauto,3,Fiets,Buiten Kruispunt,Gemeenteweg,binnen bebouwde kom,Tss. 2 best.: langs opzij (voor-/achterkant-flank),Geen hindernis
11412,138,Hasselt-Kempische brug,Hasselt,50.9405318,5.3422472,1.3025338672301852,50.95222219312922,5.343426174320248,2018,11,8,71022,Hasselt,Onbekend,Onbekend,Onbekend,met lichtgewonden,9,personenauto,3,Fiets,Buiten Kruispunt,Gemeenteweg,binnen bebouwde kom,Tss. 2 best.: langs opzij (voor-/achterkant-flank),Geen hindernis
11412,140,Hasselt ring,Hasselt,50.9300038,5.3438616,2.4707609584986927,50.95222219312922,5.343426174320248,2018,11,8,71022,Hasselt,Onbekend,Onbekend,Onbekend,met lichtgewonden,9,personenauto,3,Fiets,Buiten Kruispunt,Gemeenteweg,binnen bebouwde kom,Tss. 2 best.: langs opzij (voor-/achterkant-flank),Geen hindernis
11413,137,Hasselt-Kempische brug,Hasselt,50.9411605,5.3417576,1.352975622967477,50.949001773158535,5.356524378094888,2018,12,12,71022,Hasselt,Normaal,Droog,Dag,met lichtgewonden,3,Fiets,9,personenauto,Buiten Kruispunt,Gemeenteweg,binnen bebouwde kom,Tss. 2 best.: langs opzij (voor-/achterkant-flank),Geen hindernis
11413,138,Hasselt-Kempische brug,Hasselt,50.9405318,5.3422472,1.3738827937785425,50.949001773158535,5.356524378094888,2018,12,12,71022,Hasselt,Normaal,Droog,Dag,met lichtgewonden,3,Fiets,9,personenauto,Buiten Kruispunt,Gemeenteweg,binnen bebouwde kom,Tss. 2 best.: langs opzij (voor-/achterkant-flank),Geen hindernis
11413,140,Hasselt ring,Hasselt,50.9300038,5.3438616,2.291243436248117,50.949001773158535,5.356524378094888,2018,12,12,71022,Hasselt,Normaal,Droog,Dag,met lichtgewonden,3,Fiets,9,personenauto,Buiten Kruispunt,Gemeenteweg,binnen bebouwde kom,Tss. 2 best.: langs opzij (voor-/achterkant-flank),Geen hindernis
11414,140,Hasselt ring,Hasselt,50.9300038,5.3438616,0.8417421301718689,50.92252815120497,5.345751530980968,2018,12,13,71022,Hasselt,Normaal,Droog,Dag,met lichtgewonden,9,personenauto,3,Fiets,Op Kruispunt,Gemeenteweg,binnen bebouwde kom,Tss. 2 best.: langs opzij (voor-/achterkant-flank),Geen hindernis
11414,138,Hasselt-Kempische brug,Hasselt,50.9405318,5.3422472,2.0169217467689298,50.92252815120497,5.345751530980968,2018,12,13,71022,Hasselt,Normaal,Droog,Dag,met lichtgewonden,9,personenauto,3,Fiets,Op Kruispunt,Gemeenteweg,binnen bebouwde kom,Tss. 2 best.: langs opzij (voor-/achterkant-flank),Geen hindernis
11414,137,Hasselt-Kempische brug,Hasselt,50.9411605,5.3417576,2.090643467183869,50.92252815120497,5.345751530980968,2018,12,13,71022,Hasselt,Normaal,Droog,Dag,met lichtgewonden,9,personenauto,3,Fiets,Op Kruispunt,Gemeenteweg,binnen bebouwde kom,Tss. 2 best.: langs opzij (voor-/achterkant-flank),Geen hindernis
11415,72,Herent teller 1,Herent,50.89135,4.64689,1.6304769383120543,50.88641583807361,4.66877895196001,2018,12,10,24038,Herent,Normaal,Droog,Dag,met zwaargewonden,9,personenauto,3,Fiets,Buiten Kruispunt,Gewestweg,buiten bebouwde kom,Tss. 2 best.: langs opzij (voor-/achterkant-flank),Geen hindernis
11415,73,Herent teller 2,Herent,50.89128,4.64685,1.6305219978102343,50.88641583807361,4.66877895196001,2018,12,10,24038,Herent,Normaal,Droog,Dag,met zwaargewonden,9,personenauto,3,Fiets,Buiten Kruispunt,Gewestweg,buiten bebouwde kom,Tss. 2 best.: langs opzij (voor-/achterkant-flank),Geen hindernis
11415,151,Leuven,District Leuven,50.8690262,4.6854839,2.2611168391150622,50.88641583807361,4.66877895196001,2018,12,10,24038,Herent,Normaal,Droog,Dag,met zwaargewonden,9,personenauto,3,Fiets,Buiten Kruispunt,Gewestweg,buiten bebouwde kom,Tss. 2 best.: langs opzij (voor-/achterkant-flank),Geen hindernis
11470,2,Brasschaat 2,Brasschaat,51.27512,4.47169,1.3985899255842154,51.28061061191045,4.45359994251686,2018,12,15,11008,Brasschaat,Normaal,Droog,Dag,met zwaargewonden,9,personenauto,3,Fiets,Op Kruispunt,Gemeenteweg,binnen bebouwde kom,Tussen 2 bestuurders: Frontale botsing,Geen hindernis
11470,3,Brasschaat 1,Brasschaat,51.27503,4.47222,1.436144557516655,51.28061061191045,4.45359994251686,2018,12,15,11008,Brasschaat,Normaal,Droog,Dag,met zwaargewonden,9,personenauto,3,Fiets,Op Kruispunt,Gemeenteweg,binnen bebouwde kom,Tussen 2 bestuurders: Frontale botsing,Geen hindernis
11472,2,Brasschaat 2,Brasschaat,51.27512,4.47169,0.5245493013972407,51.27390639004617,4.464403108903711,2018,12,9,11008,Brasschaat,Normaal,Droog,Dag,met lichtgewonden,9,personenauto,3,Fiets,Op Kruispunt,Gemeenteweg,binnen bebouwde kom,Tss. 2 best.: langs opzij (voor-/achterkant-flank),Geen hindernis
11472,3,Brasschaat 1,Brasschaat,51.27503,4.47222,0.5579313240561913,51.27390639004617,4.464403108903711,2018,12,9,11008,Brasschaat,Normaal,Droog,Dag,met lichtgewonden,9,personenauto,3,Fiets,Op Kruispunt,Gemeenteweg,binnen bebouwde kom,Tss. 2 best.: langs opzij (voor-/achterkant-flank),Geen hindernis
11473,2,Brasschaat 2,Brasschaat,51.27512,4.47169,1.7315926449970465,51.26027713377274,4.464160408630676,2018,12,13,11040,Schoten,Normaal,Droog,Dag,met lichtgewonden,9,personenauto,3,Fiets,Buiten Kruispunt,Gewestweg,buiten bebouwde kom,Tss. 2 best.: langs opzij (voor-/achterkant-flank),Geen hindernis
11473,3,Brasschaat 1,Brasschaat,51.27503,4.47222,1.7336298057665211,51.26027713377274,4.464160408630676,2018,12,13,11040,Schoten,Normaal,Droog,Dag,met lichtgewonden,9,personenauto,3,Fiets,Buiten Kruispunt,Gewestweg,buiten bebouwde kom,Tss. 2 best.: langs opzij (voor-/achterkant-flank),Geen hindernis
11479,96,Lier teller 2,Lier,51.11705,4.58444,1.2627399971941118,51.128369983026694,4.585881718951186,2018,12,18,12021,Lier,Regenval,"Nat, plassen","Nacht, openbare verlichting aanwezig en ontstoken",met zwaargewonden,3,Fiets,9,personenauto,Buiten Kruispunt,Gewestweg,binnen bebouwde kom,Tss. 2 best.: langs opzij (voor-/achterkant-flank),Geen hindernis
11479,95,Lier teller 1,Lier,51.11687,4.58437,1.283084928200444,51.128369983026694,4.585881718951186,2018,12,18,12021,Lier,Regenval,"Nat, plassen","Nacht, openbare verlichting aanwezig en ontstoken",met zwaargewonden,3,Fiets,9,personenauto,Buiten Kruispunt,Gewestweg,binnen bebouwde kom,Tss. 2 best.: langs opzij (voor-/achterkant-flank),Geen hindernis
11483,133,Gierde Lille Totem,Lille,51.2453915,4.8297416,1.622911276121823,51.230897939323526,4.832487866212558,2018,12,17,13019,Lille,Normaal,Droog,"Nacht, openbare verlichting aanwezig en ontstoken",met lichtgewonden,9,personenauto,3,Fiets,Op Kruispunt,Gewestweg,binnen bebouwde kom,Tss. 2 best.: langs opzij (voor-/achterkant-flank),Geen hindernis
11483,132,Gierde lille,Lille,51.245445,4.8298851,1.6276765332190386,51.230897939323526,4.832487866212558,2018,12,17,13019,Lille,Normaal,Droog,"Nacht, openbare verlichting aanwezig en ontstoken",met lichtgewonden,9,personenauto,3,Fiets,Op Kruispunt,Gewestweg,binnen bebouwde kom,Tss. 2 best.: langs opzij (voor-/achterkant-flank),Geen hindernis
11488,134,Retie,Dessel,51.2548405,5.1037658,1.380032108879012,51.262857325856146,5.088626434723731,2018,12,10,13036,Retie,Onbekend,Droog,Dag,met lichtgewonden,9,personenauto,3,Fiets,Op Kruispunt,Gewestweg,binnen bebouwde kom,Tss. 2 best.: langs opzij (voor-/achterkant-flank),Geen hindernis
11488,135,Retie 2,Dessel,51.2544998,5.1040064,1.4174027844358372,51.262857325856146,5.088626434723731,2018,12,10,13036,Retie,Onbekend,Droog,Dag,met lichtgewonden,9,personenauto,3,Fiets,Op Kruispunt,Gewestweg,binnen bebouwde kom,Tss. 2 best.: langs opzij (voor-/achterkant-flank),Geen hindernis
11490,5,Balen 2,Balen,51.16018,5.19003,1.4103789638051656,51.16754848313377,5.173566763192673,2018,12,17,13003,Balen,Normaal,Droog,"Nacht, openbare verlichting aanwezig en ontstoken",met lichtgewonden,9,personenauto,3,Fiets,Op Kruispunt,Gewestweg,binnen bebouwde kom,Tss. 2 best.: langs opzij (voor-/achterkant-flank),Geen hindernis
11490,4,Balen 1,Balen,51.16023,5.19011,1.4117104924533537,51.16754848313377,5.173566763192673,2018,12,17,13003,Balen,Normaal,Droog,"Nacht, openbare verlichting aanwezig en ontstoken",met lichtgewonden,9,personenauto,3,Fiets,Op Kruispunt,Gewestweg,binnen bebouwde kom,Tss. 2 best.: langs opzij (voor-/achterkant-flank),Geen hindernis
11493,110,Herentals totem,Herentals,51.1739426,4.811783,2.091941050183031,51.175515458595555,4.781880313193115,2018,12,17,13010,Grobbendonk,Normaal,"Nat, plassen","Nacht, openbare verlichting aanwezig en ontstoken",met lichtgewonden,1,Autobus,3,Fiets,Buiten Kruispunt,Gewestweg,buiten bebouwde kom,Tussen 2 bestuurders: Frontale botsing,Geen hindernis
11493,94,Herentals teller 2,Herentals,51.17345,4.81283,2.169807923016638,51.175515458595555,4.781880313193115,2018,12,17,13010,Grobbendonk,Normaal,"Nat, plassen","Nacht, openbare verlichting aanwezig en ontstoken",met lichtgewonden,1,Autobus,3,Fiets,Buiten Kruispunt,Gewestweg,buiten bebouwde kom,Tussen 2 bestuurders: Frontale botsing,Geen hindernis
11497,38,Lommel teller 2,Lommel,51.23277,5.29189,1.5976490412257058,51.222989316505966,5.308697231783833,2018,12,8,72020,Lommel,Regenval,"Nat, plassen",Dageraad - schemering,met lichtgewonden,5,Lichte vrachtauto,3,Fiets,Buiten Kruispunt,Gemeenteweg,binnen bebouwde kom,Tss. 2 best.: langs opzij (voor-/achterkant-flank),Geen hindernis
11497,37,Lommel teller 1,Lommel,51.23299,5.29211,1.6033282901794206,51.222989316505966,5.308697231783833,2018,12,8,72020,Lommel,Regenval,"Nat, plassen",Dageraad - schemering,met lichtgewonden,5,Lichte vrachtauto,3,Fiets,Buiten Kruispunt,Gemeenteweg,binnen bebouwde kom,Tss. 2 best.: langs opzij (voor-/achterkant-flank),Geen hindernis
11498,37,Lommel teller 1,Lommel,51.23299,5.29211,1.1105824859136597,51.228960757541245,5.30670463196638,2018,12,7,72020,Lommel,Normaal,Droog,"Nacht, openbare verlichting aanwezig en ontstoken",met zwaargewonden,3,Fiets,9,personenauto,Buiten Kruispunt,Gemeenteweg,binnen bebouwde kom,Tussen 2 bestuurders: Langs achteren,Geen hindernis
11498,38,Lommel teller 2,Lommel,51.23277,5.29189,1.1150982462201204,51.228960757541245,5.30670463196638,2018,12,7,72020,Lommel,Normaal,Droog,"Nacht, openbare verlichting aanwezig en ontstoken",met zwaargewonden,3,Fiets,9,personenauto,Buiten Kruispunt,Gemeenteweg,binnen bebouwde kom,Tussen 2 bestuurders: Langs achteren,Geen hindernis
11499,37,Lommel teller 1,Lommel,51.23299,5.29211,1.0971309498607835,51.23017098063317,5.307210357463724,2018,12,13,72020,Lommel,Normaal,Droog,Dag,met lichtgewonden,3,Fiets,8,Voetganger,Buiten Kruispunt,Gewestweg,binnen bebouwde kom,Met een voetganger,Geen hindernis
11499,38,Lommel teller 2,Lommel,51.23277,5.29189,1.105173846295991,51.23017098063317,5.307210357463724,2018,12,13,72020,Lommel,Normaal,Droog,Dag,met lichtgewonden,3,Fiets,8,Voetganger,Buiten Kruispunt,Gewestweg,binnen bebouwde kom,Met een voetganger,Geen hindernis
11508,14,Genk,Genk,50.97172,5.48927,0.9714507939458147,50.963390137877425,5.493452933526825,2018,12,14,71016,Genk,Normaal,"Nat, plassen",Dag,met lichtgewonden,8,Voetganger,3,Fiets,Buiten Kruispunt,Gewestweg,binnen bebouwde kom,Met een voetganger,Geen hindernis
11509,25,Bree,Bree,51.13679500160176,5.597669323604317,0.7892072953765126,51.13987191032161,5.587475744759766,2018,12,18,72004,Bree,Normaal,Droog,"Nacht, openb. verlicht. aanw., maar niet ontstoken",met lichtgewonden,3,Fiets,10,"één bestuurder, geen hindernis",Buiten Kruispunt,Gewestweg,buiten bebouwde kom,"Eén bestuurder, geen hindernis (incl. val)",Geen hindernis
11510,14,Genk,Genk,50.97172,5.48927,1.4501125519182605,50.964106837528526,5.506083344383639,2018,12,11,71016,Genk,Normaal,Droog,Dag,met lichtgewonden,9,personenauto,3,Fiets,Op Kruispunt,Gemeenteweg,binnen bebouwde kom,Tss. 2 best.: langs opzij (voor-/achterkant-flank),Geen hindernis
11512,151,Leuven,District Leuven,50.8690262,4.6854839,0.861141058708198,50.869007211458396,4.697755269258954,2018,12,17,24062,Leuven,Regenval,"Nat, plassen","Nacht, openbare verlichting aanwezig en ontstoken",met lichtgewonden,3,Fiets,9,personenauto,Op Kruispunt,Gewestweg,binnen bebouwde kom,Tss. 2 best.: langs opzij (voor-/achterkant-flank),Geen hindernis
11512,69,Leuven teller 1,Leuven,50.87549,4.71526,1.4242036453390086,50.869007211458396,4.697755269258954,2018,12,17,24062,Leuven,Regenval,"Nat, plassen","Nacht, openbare verlichting aanwezig en ontstoken",met lichtgewonden,3,Fiets,9,personenauto,Op Kruispunt,Gewestweg,binnen bebouwde kom,Tss. 2 best.: langs opzij (voor-/achterkant-flank),Geen hindernis
11512,77,Leuven teller 2,Leuven,50.88672,4.70796,2.0956712054185687,50.869007211458396,4.697755269258954,2018,12,17,24062,Leuven,Regenval,"Nat, plassen","Nacht, openbare verlichting aanwezig en ontstoken",met lichtgewonden,3,Fiets,9,personenauto,Op Kruispunt,Gewestweg,binnen bebouwde kom,Tss. 2 best.: langs opzij (voor-/achterkant-flank),Geen hindernis
11512,107,leuven totem,Leuven,50.8870744,4.7087919,2.1530452349502167,50.869007211458396,4.697755269258954,2018,12,17,24062,Leuven,Regenval,"Nat, plassen","Nacht, openbare verlichting aanwezig en ontstoken",met lichtgewonden,3,Fiets,9,personenauto,Op Kruispunt,Gewestweg,binnen bebouwde kom,Tss. 2 best.: langs opzij (voor-/achterkant-flank),Geen hindernis
11512,108,Heverlee teller 1,Leuven,50.8471728,4.6954674,2.4331809001537494,50.869007211458396,4.697755269258954,2018,12,17,24062,Leuven,Regenval,"Nat, plassen","Nacht, openbare verlichting aanwezig en ontstoken",met lichtgewonden,3,Fiets,9,personenauto,Op Kruispunt,Gewestweg,binnen bebouwde kom,Tss. 2 best.: langs opzij (voor-/achterkant-flank),Geen hindernis
11513,69,Leuven teller 1,Leuven,50.87549,4.71526,1.6412247351241989,50.88031146273862,4.737368940134114,2018,12,16,24062,Leuven,Regenval,"Nat, plassen","Nacht, openbare verlichting aanwezig en ontstoken",met zwaargewonden,9,personenauto,3,Fiets,Buiten Kruispunt,Gemeenteweg,binnen bebouwde kom,Tussen 2 bestuurders: Langs achteren,Geen hindernis
11513,107,leuven totem,Leuven,50.8870744,4.7087919,2.141153201794595,50.88031146273862,4.737368940134114,2018,12,16,24062,Leuven,Regenval,"Nat, plassen","Nacht, openbare verlichting aanwezig en ontstoken",met zwaargewonden,9,personenauto,3,Fiets,Buiten Kruispunt,Gemeenteweg,binnen bebouwde kom,Tussen 2 bestuurders: Langs achteren,Geen hindernis
11513,77,Leuven teller 2,Leuven,50.88672,4.70796,2.1827168981620875,50.88031146273862,4.737368940134114,2018,12,16,24062,Leuven,Regenval,"Nat, plassen","Nacht, openbare verlichting aanwezig en ontstoken",met zwaargewonden,9,personenauto,3,Fiets,Buiten Kruispunt,Gemeenteweg,binnen bebouwde kom,Tussen 2 bestuurders: Langs achteren,Geen hindernis
11516,70,Kampenhout teller 1,Kampenhout,50.95682,4.59318,1.9435248445824684,50.96101912953741,4.620116403928568,2018,12,20,24033,Haacht,Normaal,"Nat, plassen","Nacht, openbare verlichting aanwezig en ontstoken",met zwaargewonden,3,Fiets,10,"één bestuurder, geen hindernis",Buiten Kruispunt,Gemeenteweg,binnen bebouwde kom,"Eén bestuurder, geen hindernis (incl. val)",Geen hindernis
11516,71,Kampenhout teller 2,Kampenhout,50.95589,4.59164,2.0744265484131983,50.96101912953741,4.620116403928568,2018,12,20,24033,Haacht,Normaal,"Nat, plassen","Nacht, openbare verlichting aanwezig en ontstoken",met zwaargewonden,3,Fiets,10,"één bestuurder, geen hindernis",Buiten Kruispunt,Gemeenteweg,binnen bebouwde kom,"Eén bestuurder, geen hindernis (incl. val)",Geen hindernis
11523,26,Zaventem,Zaventem,50.86995,4.45444,1.483112432541073,50.86110426015637,4.47025683034279,2018,12,14,23099,Kraainem,Normaal,Droog,Dag,met lichtgewonden,8,Voetganger,3,Fiets,Buiten Kruispunt,Gemeenteweg,binnen bebouwde kom,Met een voetganger,Geen hindernis
11526,118,Gent teller 1,Gent,51.028049,3.7681359,2.3840376707223467,51.01987631116445,3.736623106283922,2018,12,7,44021,Gent,Normaal,Droog,"Nacht, openbare verlichting aanwezig en ontstoken",met lichtgewonden,9,personenauto,3,Fiets,Op Kruispunt,Gemeenteweg,binnen bebouwde kom,Tussen 2 bestuurders: Frontale botsing,Geen hindernis
11526,119,Gent teller 2,Gent,51.0281795,3.7683918,2.406121781833877,51.01987631116445,3.736623106283922,2018,12,7,44021,Gent,Normaal,Droog,"Nacht, openbare verlichting aanwezig en ontstoken",met lichtgewonden,9,personenauto,3,Fiets,Op Kruispunt,Gemeenteweg,binnen bebouwde kom,Tussen 2 bestuurders: Frontale botsing,Geen hindernis
11527,13,Gent,Gent,51.03018,3.70146,1.7113149869708413,51.02007447832591,3.683005269798281,2018,12,12,44021,Gent,Normaal,Droog,Dag,met lichtgewonden,3,Fiets,9,personenauto,Op Kruispunt,Gewestweg,buiten bebouwde kom,Tss. 2 best.: langs opzij (voor-/achterkant-flank),Geen hindernis
11528,136,Gent R4,Gent,51.0876313,3.7587918,1.5393728105684397,51.10105148279145,3.764203735952473,2018,12,8,44021,Gent,Normaal,Droog+Proper,Dag,met lichtgewonden,9,personenauto,3,Fiets,Op Kruispunt,Gemeenteweg,binnen bebouwde kom,Tss. 2 best.: langs opzij (voor-/achterkant-flank),Geen hindernis
11529,13,Gent,Gent,51.03018,3.70146,2.099953839585186,51.014415433971095,3.7179917596972833,2018,12,11,44021,Gent,Normaal,"Nat, plassen",Dag,met lichtgewonden,9,personenauto,3,Fiets,Op Kruispunt,Gemeenteweg,buiten bebouwde kom,Tss. 2 best.: langs opzij (voor-/achterkant-flank),Geen hindernis
11531,136,Gent R4,Gent,51.0876313,3.7587918,0.9773970399277122,51.0790239035758,3.755954943905447,2018,12,17,44021,Gent,Normaal,Droog,"Nacht, openbare verlichting aanwezig en ontstoken",met lichtgewonden,5,Lichte vrachtauto,3,Fiets,Buiten Kruispunt,Gemeenteweg,binnen bebouwde kom,Tussen 2 bestuurders: Flank tegen flank,Geen hindernis
11532,119,Gent teller 2,Gent,51.0281795,3.7683918,2.1663754037231255,51.04409890967752,3.750530804034426,2018,12,11,44021,Gent,Normaal,Droog,Dag,met lichtgewonden,9,personenauto,3,Fiets,Op Kruispunt,Gemeenteweg,binnen bebouwde kom,Tss. 2 best.: langs opzij (voor-/achterkant-flank),Geen hindernis
11532,118,Gent teller 1,Gent,51.028049,3.7681359,2.1680399851902323,51.04409890967752,3.750530804034426,2018,12,11,44021,Gent,Normaal,Droog,Dag,met lichtgewonden,9,personenauto,3,Fiets,Op Kruispunt,Gemeenteweg,binnen bebouwde kom,Tss. 2 best.: langs opzij (voor-/achterkant-flank),Geen hindernis
11534,13,Gent,Gent,51.03018,3.70146,2.406241147388984,51.02345343873859,3.668758462726586,2018,12,8,44021,Gent,Normaal,Droog+Proper,Dag,met lichtgewonden,3,Fiets,9,personenauto,Op Kruispunt,Gemeenteweg,binnen bebouwde kom,Tss. 2 best.: langs opzij (voor-/achterkant-flank),Geen hindernis
11535,13,Gent,Gent,51.03018,3.70146,1.1051092538905045,51.022979758210994,3.7123518717656383,2018,12,12,44021,Gent,Normaal,Droog,Dag,met lichtgewonden,3,Fiets,9,personenauto,Buiten Kruispunt,Gemeenteweg,binnen bebouwde kom,Tss. 2 best.: langs opzij (voor-/achterkant-flank),Geen hindernis
11536,118,Gent teller 1,Gent,51.028049,3.7681359,2.4116330047706738,51.04294526606656,3.743068404304872,2018,12,16,44021,Gent,Normaal,Droog,Dageraad - schemering,met lichtgewonden,5,Lichte vrachtauto,3,Fiets,Buiten Kruispunt,Gemeenteweg,binnen bebouwde kom,Tussen 2 bestuurders: Langs achteren,Geen hindernis
11536,119,Gent teller 2,Gent,51.0281795,3.7683918,2.4147778173488885,51.04294526606656,3.743068404304872,2018,12,16,44021,Gent,Normaal,Droog,Dageraad - schemering,met lichtgewonden,5,Lichte vrachtauto,3,Fiets,Buiten Kruispunt,Gemeenteweg,binnen bebouwde kom,Tussen 2 bestuurders: Langs achteren,Geen hindernis
11537,13,Gent,Gent,51.03018,3.70146,1.1033736678594195,51.02101734409084,3.707516061236553,2018,12,17,44021,Gent,Normaal,Droog,"Nacht, openbare verlichting aanwezig en ontstoken",met zwaargewonden,3,Fiets,3,Fiets,Buiten Kruispunt,Gemeenteweg,binnen bebouwde kom,Tussen 2 bestuurders: Frontale botsing,Geen hindernis
11538,13,Gent,Gent,51.03018,3.70146,2.12845075084288,51.04196624000255,3.725445207357947,2018,12,16,44021,Gent,Normaal,Droog,Dageraad - schemering,met zwaargewonden,3,Fiets,3,Fiets,Buiten Kruispunt,Gemeenteweg,binnen bebouwde kom,Tussen 2 bestuurders: Flank tegen flank,Geen hindernis
11549,13,Gent,Gent,51.03018,3.70146,1.3999352653194286,51.03450169120348,3.7202631167420783,2018,12,16,44021,Gent,"Sterke wind, rukwind",Droog,Dag,met zwaargewonden,3,Fiets,9,personenauto,Buiten Kruispunt,Gewestweg,binnen bebouwde kom,Tss. 2 best.: langs opzij (voor-/achterkant-flank),Geen hindernis
11556,13,Gent,Gent,51.03018,3.70146,0.14269551273354933,51.0313212502949,3.7005268782191836,2018,12,8,44021,Gent,Onbekend,Onbekend,Onbekend,met lichtgewonden,3,Fiets,2,Andere weggebruiker,Buiten Kruispunt,Gemeenteweg,onbekend,Tussen 2 bestuurders: Flank tegen flank,Geen hindernis
11567,115,Aalter,Aalter,51.1058367,3.4350591,1.838559948547544,51.09175642280365,3.4488624195195663,2018,12,10,44084,Aalter,Normaal,Droog,Dag,met lichtgewonden,5,Lichte vrachtauto,3,Fiets,Buiten Kruispunt,Gemeenteweg,binnen bebouwde kom,Tss. 2 best.: langs opzij (voor-/achterkant-flank),Geen hindernis
11569,115,Aalter,Aalter,51.1058367,3.4350591,1.0652220028527273,51.10075563299375,3.447992717632,2018,12,13,44084,Aalter,Regenval,"Nat, plassen",Dag,met lichtgewonden,3,Fiets,2,Andere weggebruiker,Op Kruispunt,Gemeenteweg,buiten bebouwde kom,Tss. 2 best.: langs opzij (voor-/achterkant-flank),Geen hindernis
11584,141,Test site A support,Lokeren,51.08342085,3.9961071208376326,1.4024407376738899,51.095549955354684,3.9906014494750575,2018,12,13,46014,Lokeren,Normaal,Droog,Dag,met lichtgewonden,3,Fiets,9,personenauto,Op Kruispunt,Gewestweg,buiten bebouwde kom,Tss. 2 best.: langs opzij (voor-/achterkant-flank),Geen hindernis
11584,129,Lokeren teller 2,Lokeren,51.09612,3.97025,1.4226073815247458,51.095549955354684,3.9906014494750575,2018,12,13,46014,Lokeren,Normaal,Droog,Dag,met lichtgewonden,3,Fiets,9,personenauto,Op Kruispunt,Gewestweg,buiten bebouwde kom,Tss. 2 best.: langs opzij (voor-/achterkant-flank),Geen hindernis
11584,128,Lokeren teller 1,Lokeren,51.09644,3.97023,1.4260247174310239,51.095549955354684,3.9906014494750575,2018,12,13,46014,Lokeren,Normaal,Droog,Dag,met lichtgewonden,3,Fiets,9,personenauto,Op Kruispunt,Gewestweg,buiten bebouwde kom,Tss. 2 best.: langs opzij (voor-/achterkant-flank),Geen hindernis
11586,126,Hamme totem,Hamme,51.1017709,4.1469307,0.5830173109503397,51.09934435763388,4.139529048553343,2018,12,13,42008,Hamme,Normaal,Droog,Dag,met lichtgewonden,9,personenauto,3,Fiets,Buiten Kruispunt,Gemeenteweg,binnen bebouwde kom,Tussen 2 bestuurders: Flank tegen flank,Geen hindernis
11587,126,Hamme totem,Hamme,51.1017709,4.1469307,1.3490035464960186,51.09591181394795,4.130014111217235,2018,12,17,42008,Hamme,Regenval,"Nat, plassen","Nacht, openbare verlichting aanwezig en ontstoken",met lichtgewonden,3,Fiets,9,personenauto,Op Kruispunt,Gemeenteweg,binnen bebouwde kom,Tss. 2 best.: langs opzij (voor-/achterkant-flank),Geen hindernis