crash_row_id,site_id,site_name,site_gemeente,site_lat,site_long,distance_km,crash_lat,crash_long,DT_YEAR_COLLISION,DT_MONTH_COLLISION,DT_TIME,CD_NIS,TX_MUNTY_COLLISION_NL,TX_WEATHER_NL,TX_ROAD_CONDITION_NL,TX_LIGHT_CONDITION_NL,TX_CLASS_ACCIDENTS_NL,CD_ROAD_USR_TYPE1,TX_ROAD_USR_TYPE1_NL,CD_ROAD_USR_TYPE2,TX_ROAD_USR_TYPE2_NL,TX_CROSSWAY_NL,CD_ROAD_TYPE_NL,TX_BUILD_UP_AREA_NL,TX_COLLISION_TYPE_NL,TX_OBSTACLES_NL
11596,125,Dendermonde totem,Dendermonde,51.0372706,4.1025998,1.6446894616737042,51.03757794891531,4.126116906880472,2018,12,21,42006,Dendermonde,Normaal,Droog,"Nacht, openbare verlichting aanwezig en ontstoken",met lichtgewonden,9,personenauto,3,Fiets,Op Kruispunt,Gewestweg,buiten bebouwde kom,Tss. 2 best.: langs opzij (voor-/achterkant-flank),Geen hindernis
11596,122,Dendermonde teller 2,Dendermonde,51.0373918,4.1019222,1.6918370781667216,51.03757794891531,4.126116906880472,2018,12,21,42006,Dendermonde,Normaal,Droog,"Nacht, openbare verlichting aanwezig en ontstoken",met lichtgewonden,9,personenauto,3,Fiets,Op Kruispunt,Gewestweg,buiten bebouwde kom,Tss. 2 best.: langs opzij (voor-/achterkant-flank),Geen hindernis
11597,125,Dendermonde totem,Dendermonde,51.0372706,4.1025998,1.2613912301089545,51.025927628288485,4.102361237569604,2018,12,8,42006,Dendermonde,Normaal,Droog,Dageraad - schemering,met lichtgewonden,3,Fiets,10,"één bestuurder, geen hindernis",Buiten Kruispunt,Gewestweg,binnen bebouwde kom,"Eén bestuurder, geen hindernis (incl. val)",Geen hindernis
11597,122,Dendermonde teller 2,Dendermonde,51.0373918,4.1019222,1.2751273931956237,51.025927628288485,4.102361237569604,2018,12,8,42006,Dendermonde,Normaal,Droog,Dageraad - schemering,met lichtgewonden,3,Fiets,10,"één bestuurder, geen hindernis",Buiten Kruispunt,Gewestweg,binnen bebouwde kom,"Eén bestuurder, geen hindernis (incl. val)",Geen hindernis
11598,142,TEST Validatie BRUGGE Y2H22022134,Brugge,51.22632,3.24095,2.1484406006722128,51.214269315920504,3.2650633913683698,2018,12,13,31005,Brugge,Normaal,Droog,Dag,met lichtgewonden,9,personenauto,3,Fiets,Op Kruispunt,Gemeenteweg,binnen bebouwde kom,Tss. 2 best.: langs opzij (voor-/achterkant-flank),Geen hindernis
11598,52,Brugge,Brugge,51.22632,3.24095,2.1484406006722128,51.214269315920504,3.2650633913683698,2018,12,13,31005,Brugge,Normaal,Droog,Dag,met lichtgewonden,9,personenauto,3,Fiets,Op Kruispunt,Gemeenteweg,binnen bebouwde kom,Tss. 2 best.: langs opzij (voor-/achterkant-flank),Geen hindernis
11599,53,Brugge teller 1,Brugge,51.23023,3.228,2.4160913164885085,51.22638701227721,3.193849170637045,2018,12,14,31005,Brugge,Normaal,Droog,Dag,met lichtgewonden,9,personenauto,3,Fiets,Op Kruispunt,Gewestweg,binnen bebouwde kom,Tss. 2 best.: langs opzij (voor-/achterkant-flank),Geen hindernis
11599,54,Brugge teller 2,Brugge,51.23015,3.22818,2.4268810797162694,51.22638701227721,3.193849170637045,2018,12,14,31005,Brugge,Normaal,Droog,Dag,met lichtgewonden,9,personenauto,3,Fiets,Op Kruispunt,Gewestweg,binnen bebouwde kom,Tss. 2 best.: langs opzij (voor-/achterkant-flank),Geen hindernis
11600,50,"Brugge, Sint-Andries",Brugge,51.19291,3.16252,0.6212542043271951,51.19503210468333,3.1707671486860924,2018,12,17,31005,Brugge,Normaal,Droog,"Nacht, openbare verlichting aanwezig en ontstoken",met lichtgewonden,6,Bromfiets,3,Fiets,Buiten Kruispunt,Gewestweg,buiten bebouwde kom,Tss. 2 best.: langs opzij (voor-/achterkant-flank),Geen hindernis
11600,51,"Brugge, Sint-Andries",Brugge,51.19281,3.16252,0.6255628018369195,51.19503210468333,3.1707671486860924,2018,12,17,31005,Brugge,Normaal,Droog,"Nacht, openbare verlichting aanwezig en ontstoken",met lichtgewonden,6,Bromfiets,3,Fiets,Buiten Kruispunt,Gewestweg,buiten bebouwde kom,Tss. 2 best.: langs opzij (voor-/achterkant-flank),Geen hindernis
11601,54,Brugge teller 2,Brugge,51.23015,3.22818,0.9273188020098263,51.22185114766238,3.226865549345649,2018,12,13,31005,Brugge,Normaal,Droog,Dag,met lichtgewonden,9,personenauto,3,Fiets,Op Kruispunt,Gewestweg,binnen bebouwde kom,Tussen 2 bestuurders: Flank tegen flank,Geen hindernis
11601,53,Brugge teller 1,Brugge,51.23023,3.228,0.9350290375602759,51.22185114766238,3.226865549345649,2018,12,13,31005,Brugge,Normaal,Droog,Dag,met lichtgewonden,9,personenauto,3,Fiets,Op Kruispunt,Gewestweg,binnen bebouwde kom,Tussen 2 bestuurders: Flank tegen flank,Geen hindernis
11601,52,Brugge,Brugge,51.22632,3.24095,1.0995169319319922,51.22185114766238,3.226865549345649,2018,12,13,31005,Brugge,Normaal,Droog,Dag,met lichtgewonden,9,personenauto,3,Fiets,Op Kruispunt,Gewestweg,binnen bebouwde kom,Tussen 2 bestuurders: Flank tegen flank,Geen hindernis
11601,142,TEST Validatie BRUGGE Y2H22022134,Brugge,51.22632,3.24095,1.0995169319319922,51.22185114766238,3.226865549345649,2018,12,13,31005,Brugge,Normaal,Droog,Dag,met lichtgewonden,9,personenauto,3,Fiets,Op Kruispunt,Gewestweg,binnen bebouwde kom,Tussen 2 bestuurders: Flank tegen flank,Geen hindernis
11602,142,TEST Validatie BRUGGE Y2H22022134,Brugge,51.22632,3.24095,1.4869365473805123,51.21368824020471,3.2479565315781356,2018,12,11,31005,Brugge,Normaal,Droog,Dag,met lichtgewonden,3,Fiets,9,personenauto,Op Kruispunt,Gemeenteweg,binnen bebouwde kom,Tss. 2 best.: langs opzij (voor-/achterkant-flank),Geen hindernis
11602,52,Brugge,Brugge,51.22632,3.24095,1.4869365473805123,51.21368824020471,3.2479565315781356,2018,12,11,31005,Brugge,Normaal,Droog,Dag,met lichtgewonden,3,Fiets,9,personenauto,Op Kruispunt,Gemeenteweg,binnen bebouwde kom,Tss. 2 best.: langs opzij (voor-/achterkant-flank),Geen hindernis
11602,54,Brugge teller 2,Brugge,51.23015,3.22818,2.2907404779844476,51.21368824020471,3.2479565315781356,2018,12,11,31005,Brugge,Normaal,Droog,Dag,met lichtgewonden,3,Fiets,9,personenauto,Op Kruispunt,Gemeenteweg,binnen bebouwde kom,Tss. 2 best.: langs opzij (voor-/achterkant-flank),Geen hindernis
11602,53,Brugge teller 1,Brugge,51.23023,3.228,2.3053895272562306,51.21368824020471,3.2479565315781356,2018,12,11,31005,Brugge,Normaal,Droog,Dag,met lichtgewonden,3,Fiets,9,personenauto,Op Kruispunt,Gemeenteweg,binnen bebouwde kom,Tss. 2 best.: langs opzij (voor-/achterkant-flank),Geen hindernis
11603,20,Brugge,Brugge,51.17416,3.20048,2.2153506704902988,51.19403371947322,3.198242933054261,2018,12,14,31005,Brugge,Normaal,Droog,Dag,met lichtgewonden,9,personenauto,3,Fiets,Buiten Kruispunt,Gewestweg,binnen bebouwde kom,Tss. 2 best.: langs opzij (voor-/achterkant-flank),Geen hindernis
11603,50,"Brugge, Sint-Andries",Brugge,51.19291,3.16252,2.492487901071094,51.19403371947322,3.198242933054261,2018,12,14,31005,Brugge,Normaal,Droog,Dag,met lichtgewonden,9,personenauto,3,Fiets,Buiten Kruispunt,Gewestweg,binnen bebouwde kom,Tss. 2 best.: langs opzij (voor-/achterkant-flank),Geen hindernis
11603,51,"Brugge, Sint-Andries",Brugge,51.19281,3.16252,2.493072769139074,51.19403371947322,3.198242933054261,2018,12,14,31005,Brugge,Normaal,Droog,Dag,met lichtgewonden,9,personenauto,3,Fiets,Buiten Kruispunt,Gewestweg,binnen bebouwde kom,Tss. 2 best.: langs opzij (voor-/achterkant-flank),Geen hindernis
11605,54,Brugge teller 2,Brugge,51.23015,3.22818,2.114247640473462,51.2133746909005,3.2138886196370637,2018,12,16,31005,Brugge,Normaal,"Nat, plassen",Dag,met lichtgewonden,3,Fiets,3,Fiets,Op Kruispunt,Gemeenteweg,binnen bebouwde kom,Tss. 2 best.: langs opzij (voor-/achterkant-flank),Geen hindernis
11605,53,Brugge teller 1,Brugge,51.23023,3.228,2.1162493088150867,51.2133746909005,3.2138886196370637,2018,12,16,31005,Brugge,Normaal,"Nat, plassen",Dag,met lichtgewonden,3,Fiets,3,Fiets,Op Kruispunt,Gemeenteweg,binnen bebouwde kom,Tss. 2 best.: langs opzij (voor-/achterkant-flank),Geen hindernis
11605,52,Brugge,Brugge,51.22632,3.24095,2.3715172786463428,51.2133746909005,3.2138886196370637,2018,12,16,31005,Brugge,Normaal,"Nat, plassen",Dag,met lichtgewonden,3,Fiets,3,Fiets,Op Kruispunt,Gemeenteweg,binnen bebouwde kom,Tss. 2 best.: langs opzij (voor-/achterkant-flank),Geen hindernis
11605,142,TEST Validatie BRUGGE Y2H22022134,Brugge,51.22632,3.24095,2.3715172786463428,51.2133746909005,3.2138886196370637,2018,12,16,31005,Brugge,Normaal,"Nat, plassen",Dag,met lichtgewonden,3,Fiets,3,Fiets,Op Kruispunt,Gemeenteweg,binnen bebouwde kom,Tss. 2 best.: langs opzij (voor-/achterkant-flank),Geen hindernis
11611,18,Oostende 1,Oostende,51.21378,2.92765,2.1118592635964015,51.23166253912041,2.9174353724519375,2018,12,7,35013,Oostende,Normaal,"Ijzel, sneeuw",Dag,met lichtgewonden,3,Fiets,5,Lichte vrachtauto,Op Kruispunt,Gemeenteweg,binnen bebouwde kom,Tss. 2 best.: langs opzij (voor-/achterkant-flank),Geen hindernis
11611,15,Oostende 2,Oostende,51.21371,2.92743,2.1140962720822642,51.23166253912041,2.9174353724519375,2018,12,7,35013,Oostende,Normaal,"Ijzel, sneeuw",Dag,met lichtgewonden,3,Fiets,5,Lichte vrachtauto,Op Kruispunt,Gemeenteweg,binnen bebouwde kom,Tss. 2 best.: langs opzij (voor-/achterkant-flank),Geen hindernis
11612,15,Oostende 2,Oostende,51.21371,2.92743,0.993215910099643,51.21149641418573,2.9136159417641525,2018,12,16,35013,Oostende,Normaal,"Nat, plassen",Dag,met lichtgewonden,9,personenauto,3,Fiets,Op Kruispunt,Gemeenteweg,binnen bebouwde kom,Tss. 2 best.: langs opzij (voor-/achterkant-flank),Geen hindernis
11612,18,Oostende 1,Oostende,51.21378,2.92765,1.0099973890135838,51.21149641418573,2.9136159417641525,2018,12,16,35013,Oostende,Normaal,"Nat, plassen",Dag,met lichtgewonden,9,personenauto,3,Fiets,Op Kruispunt,Gemeenteweg,binnen bebouwde kom,Tss. 2 best.: langs opzij (voor-/achterkant-flank),Geen hindernis
11614,18,Oostende 1,Oostende,51.21378,2.92765,2.3623245724170427,51.22283475127546,2.958333353339236,2018,12,1,35002,Bredene,Normaal,Droog,"Nacht, openbare verlichting aanwezig en ontstoken",met lichtgewonden,3,Fiets,9,personenauto,Buiten Kruispunt,Gemeenteweg,binnen bebouwde kom,Tss. 2 best.: langs opzij (voor-/achterkant-flank),Geen hindernis
11614,15,Oostende 2,Oostende,51.21371,2.92743,2.379504627374285,51.22283475127546,2.958333353339236,2018,12,1,35002,Bredene,Normaal,Droog,"Nacht, openbare verlichting aanwezig en ontstoken",met lichtgewonden,3,Fiets,9,personenauto,Buiten Kruispunt,Gemeenteweg,binnen bebouwde kom,Tss. 2 best.: langs opzij (voor-/achterkant-flank),Geen hindernis
11616,55,Torhout teller 1,Torhout,51.07161,3.08261,1.554502654526783,51.069454580836876,3.1045922198906704,2018,12,15,31033,Torhout,Normaal,"Nat, plassen",Dag,met lichtgewonden,3,Fiets,9,personenauto,Op Kruispunt,Gewestweg,binnen bebouwde kom,Tss. 2 best.: langs opzij (voor-/achterkant-flank),Geen hindernis
11616,56,Torhout teller 2,Torhout,51.07147,3.08244,1.5639355545405682,51.069454580836876,3.1045922198906704,2018,12,15,31033,Torhout,Normaal,"Nat, plassen",Dag,met lichtgewonden,3,Fiets,9,personenauto,Op Kruispunt,Gewestweg,binnen bebouwde kom,Tss. 2 best.: langs opzij (voor-/achterkant-flank),Geen hindernis
11618,51,"Brugge, Sint-Andries",Brugge,51.19281,3.16252,0.6164238326160176,51.19091108051067,3.1542095819598175,2018,12,8,31012,Jabbeke,Normaal,"Nat, plassen",Dageraad - schemering,met lichtgewonden,3,Fiets,6,Bromfiets,Buiten Kruispunt,Gewestweg,buiten bebouwde kom,Tussen 2 bestuurders: Flank tegen flank,Geen hindernis
11618,50,"Brugge, Sint-Andries",Brugge,51.19291,3.16252,0.6203200973421747,51.19091108051067,3.1542095819598175,2018,12,8,31012,Jabbeke,Normaal,"Nat, plassen",Dageraad - schemering,met lichtgewonden,3,Fiets,6,Bromfiets,Buiten Kruispunt,Gewestweg,buiten bebouwde kom,Tussen 2 bestuurders: Flank tegen flank,Geen hindernis
11619,55,Torhout teller 1,Torhout,51.07161,3.08261,1.9866747480505644,51.06126541367347,3.1057907978720682,2018,12,10,31033,Torhout,Normaal,Droog,Dag,met lichtgewonden,9,personenauto,3,Fiets,Op Kruispunt,Gemeenteweg,binnen bebouwde kom,Tussen 2 bestuurders: Flank tegen flank,Geen hindernis
11619,56,Torhout teller 2,Torhout,51.07147,3.08244,1.98744524958408,51.06126541367347,3.1057907978720682,2018,12,10,31033,Torhout,Normaal,Droog,Dag,met lichtgewonden,9,personenauto,3,Fiets,Op Kruispunt,Gemeenteweg,binnen bebouwde kom,Tussen 2 bestuurders: Flank tegen flank,Geen hindernis
11623,84,Roeselare totem,Izegem,50.91717,3.18772,1.1555406315551715,50.92086124911853,3.203129398482632,2018,12,15,36008,Izegem,Normaal,Droog,Dag,met lichtgewonden,3,Fiets,9,personenauto,Op Kruispunt,Gewestweg,binnen bebouwde kom,Tss. 2 best.: langs opzij (voor-/achterkant-flank),Geen hindernis
11632,13,Gent,Gent,51.03018,3.70146,2.028105960548294,51.01928685047772,3.6782018939738688,2018,12,22,34022,Kortrijk,Normaal,"Nat, plassen","Nacht, openbare verlichting aanwezig en ontstoken",met lichtgewonden,9,personenauto,3,Fiets,Op Kruispunt,Gewestweg,binnen bebouwde kom,Tss. 2 best.: langs opzij (voor-/achterkant-flank),Geen hindernis
11633,143,Eco Display Classic Budastraat,Kortrijk,50.83066,3.26286,0.6250074224429468,50.82506833254738,3.26195476400946,2018,12,17,34022,Kortrijk,Normaal,"Nat, plassen","Nacht, openbare verlichting aanwezig en ontstoken",met lichtgewonden,9,personenauto,3,Fiets,Op Kruispunt,Gemeenteweg,binnen bebouwde kom,Tss. 2 best.: langs opzij (voor-/achterkant-flank),Geen hindernis
11633,75,Kortrijk teller 2,Kortrijk,50.81925,3.25731,0.7245842862235868,50.82506833254738,3.26195476400946,2018,12,17,34022,Kortrijk,Normaal,"Nat, plassen","Nacht, openbare verlichting aanwezig en ontstoken",met lichtgewonden,9,personenauto,3,Fiets,Op Kruispunt,Gemeenteweg,binnen bebouwde kom,Tss. 2 best.: langs opzij (voor-/achterkant-flank),Geen hindernis
11633,74,Kortrijk teller 1,Kortrijk,50.81909,3.25728,0.7414442408863303,50.82506833254738,3.26195476400946,2018,12,17,34022,Kortrijk,Normaal,"Nat, plassen","Nacht, openbare verlichting aanwezig en ontstoken",met lichtgewonden,9,personenauto,3,Fiets,Op Kruispunt,Gemeenteweg,binnen bebouwde kom,Tss. 2 best.: langs opzij (voor-/achterkant-flank),Geen hindernis
11633,16,Kortrijk 1,Kortrijk,50.83332,3.27777,1.440732093706949,50.82506833254738,3.26195476400946,2018,12,17,34022,Kortrijk,Normaal,"Nat, plassen","Nacht, openbare verlichting aanwezig en ontstoken",met lichtgewonden,9,personenauto,3,Fiets,Op Kruispunt,Gemeenteweg,binnen bebouwde kom,Tss. 2 best.: langs opzij (voor-/achterkant-flank),Geen hindernis
11633,17,Kortrijk 2,Kortrijk,50.83339,3.27773,1.4435435855516303,50.82506833254738,3.26195476400946,2018,12,17,34022,Kortrijk,Normaal,"Nat, plassen","Nacht, openbare verlichting aanwezig en ontstoken",met lichtgewonden,9,personenauto,3,Fiets,Op Kruispunt,Gemeenteweg,binnen bebouwde kom,Tss. 2 best.: langs opzij (voor-/achterkant-flank),Geen hindernis
11634,143,Eco Display Classic Budastraat,Kortrijk,50.83066,3.26286,0.5067522350334287,50.827787152734345,3.2572589717085028,2018,12,19,34022,Kortrijk,Normaal,Droog,"Nacht, openbare verlichting aanwezig en ontstoken",met lichtgewonden,9,personenauto,3,Fiets,Op Kruispunt,Gewestweg,binnen bebouwde kom,Tussen 2 bestuurders: Frontale botsing,Geen hindernis
11634,75,Kortrijk teller 2,Kortrijk,50.81925,3.25731,0.9492948391013223,50.827787152734345,3.2572589717085028,2018,12,19,34022,Kortrijk,Normaal,Droog,"Nacht, openbare verlichting aanwezig en ontstoken",met lichtgewonden,9,personenauto,3,Fiets,Op Kruispunt,Gewestweg,binnen bebouwde kom,Tussen 2 bestuurders: Frontale botsing,Geen hindernis
11634,74,Kortrijk teller 1,Kortrijk,50.81909,3.25728,0.9670803883511637,50.827787152734345,3.2572589717085028,2018,12,19,34022,Kortrijk,Normaal,Droog,"Nacht, openbare verlichting aanwezig en ontstoken",met lichtgewonden,9,personenauto,3,Fiets,Op Kruispunt,Gewestweg,binnen bebouwde kom,Tussen 2 bestuurders: Frontale botsing,Geen hindernis
11634,16,Kortrijk 1,Kortrijk,50.83332,3.27777,1.5664158022782637,50.827787152734345,3.2572589717085028,2018,12,19,34022,Kortrijk,Normaal,Droog,"Nacht, openbare verlichting aanwezig en ontstoken",met lichtgewonden,9,personenauto,3,Fiets,Op Kruispunt,Gewestweg,binnen bebouwde kom,Tussen 2 bestuurders: Frontale botsing,Geen hindernis
11634,17,Kortrijk 2,Kortrijk,50.83339,3.27773,1.566910144627926,50.827787152734345,3.2572589717085028,2018,12,19,34022,Kortrijk,Normaal,Droog,"Nacht, openbare verlichting aanwezig en ontstoken",met lichtgewonden,9,personenauto,3,Fiets,Op Kruispunt,Gewestweg,binnen bebouwde kom,Tussen 2 bestuurders: Frontale botsing,Geen hindernis
11635,74,Kortrijk teller 1,Kortrijk,50.81909,3.25728,2.0611007290173577,50.804771002332636,3.275908244631374,2018,12,8,34022,Kortrijk,Onbekend,"Nat, plassen",Dag,met lichtgewonden,9,personenauto,3,Fiets,Buiten Kruispunt,Gewestweg,buiten bebouwde kom,Tss. 2 best.: langs opzij (voor-/achterkant-flank),Geen hindernis
11635,75,Kortrijk teller 2,Kortrijk,50.81925,3.25731,2.0735448023684526,50.804771002332636,3.275908244631374,2018,12,8,34022,Kortrijk,Onbekend,"Nat, plassen",Dag,met lichtgewonden,9,personenauto,3,Fiets,Buiten Kruispunt,Gewestweg,buiten bebouwde kom,Tss. 2 best.: langs opzij (voor-/achterkant-flank),Geen hindernis
11636,143,Eco Display Classic Budastraat,Kortrijk,50.83066,3.26286,0.8862399450495428,50.83862977218444,3.262982437403706,2018,12,11,34022,Kortrijk,Normaal,Droog,Dag,met lichtgewonden,3,Fiets,2,Andere weggebruiker,Buiten Kruispunt,Gewestweg,binnen bebouwde kom,Tss. 2 best.: langs opzij (voor-/achterkant-flank),Geen hindernis
11636,17,Kortrijk 2,Kortrijk,50.83339,3.27773,1.1882797457446879,50.83862977218444,3.262982437403706,2018,12,11,34022,Kortrijk,Normaal,Droog,Dag,met lichtgewonden,3,Fiets,2,Andere weggebruiker,Buiten Kruispunt,Gewestweg,binnen bebouwde kom,Tss. 2 best.: langs opzij (voor-/achterkant-flank),Geen hindernis
11636,16,Kortrijk 1,Kortrijk,50.83332,3.27777,1.1945572655159875,50.83862977218444,3.262982437403706,2018,12,11,34022,Kortrijk,Normaal,Droog,Dag,met lichtgewonden,3,Fiets,2,Andere weggebruiker,Buiten Kruispunt,Gewestweg,binnen bebouwde kom,Tss. 2 best.: langs opzij (voor-/achterkant-flank),Geen hindernis
11636,75,Kortrijk teller 2,Kortrijk,50.81925,3.25731,2.1914512323761626,50.83862977218444,3.262982437403706,2018,12,11,34022,Kortrijk,Normaal,Droog,Dag,met lichtgewonden,3,Fiets,2,Andere weggebruiker,Buiten Kruispunt,Gewestweg,binnen bebouwde kom,Tss. 2 best.: langs opzij (voor-/achterkant-flank),Geen hindernis
11636,74,Kortrijk teller 1,Kortrijk,50.81909,3.25728,2.2093294327753554,50.83862977218444,3.262982437403706,2018,12,11,34022,Kortrijk,Normaal,Droog,Dag,met lichtgewonden,3,Fiets,2,Andere weggebruiker,Buiten Kruispunt,Gewestweg,binnen bebouwde kom,Tss. 2 best.: langs opzij (voor-/achterkant-flank),Geen hindernis
11637,16,Kortrijk 1,Kortrijk,50.83332,3.27777,1.4837174599785576,50.820627463794416,3.284286920379965,2018,12,8,34022,Kortrijk,Onbekend,Onbekend,Onbekend,met lichtgewonden,3,Fiets,9,personenauto,Op Kruispunt,Gewestweg,binnen bebouwde kom,Tussen 2 bestuurders: Frontale botsing,Geen hindernis
11637,17,Kortrijk 2,Kortrijk,50.83339,3.27773,1.491988107388558,50.820627463794416,3.284286920379965,2018,12,8,34022,Kortrijk,Onbekend,Onbekend,Onbekend,met lichtgewonden,3,Fiets,9,personenauto,Op Kruispunt,Gewestweg,binnen bebouwde kom,Tussen 2 bestuurders: Frontale botsing,Geen hindernis
11637,143,Eco Display Classic Budastraat,Kortrijk,50.83066,3.26286,1.873389451081354,50.820627463794416,3.284286920379965,2018,12,8,34022,Kortrijk,Onbekend,Onbekend,Onbekend,met lichtgewonden,3,Fiets,9,personenauto,Op Kruispunt,Gewestweg,binnen bebouwde kom,Tussen 2 bestuurders: Frontale botsing,Geen hindernis
11637,75,Kortrijk teller 2,Kortrijk,50.81925,3.25731,1.9012667714978673,50.820627463794416,3.284286920379965,2018,12,8,34022,Kortrijk,Onbekend,Onbekend,Onbekend,met lichtgewonden,3,Fiets,9,personenauto,Op Kruispunt,Gewestweg,binnen bebouwde kom,Tussen 2 bestuurders: Frontale botsing,Geen hindernis
11637,74,Kortrijk teller 1,Kortrijk,50.81909,3.25728,1.9048848519511319,50.820627463794416,3.284286920379965,2018,12,8,34022,Kortrijk,Onbekend,Onbekend,Onbekend,met lichtgewonden,3,Fiets,9,personenauto,Op Kruispunt,Gewestweg,binnen bebouwde kom,Tussen 2 bestuurders: Frontale botsing,Geen hindernis
11638,143,Eco Display Classic Budastraat,Kortrijk,50.83066,3.26286,0.9951674495675891,50.82430817790372,3.2728416076521256,2018,12,12,34022,Kortrijk,Onbekend,Droog,Dag,met lichtgewonden,6,Bromfiets,3,Fiets,Op Kruispunt,Gewestweg,binnen bebouwde kom,Tussen 2 bestuurders: Frontale botsing,Geen hindernis
11638,16,Kortrijk 1,Kortrijk,50.83332,3.27777,1.0601694409468927,50.82430817790372,3.2728416076521256,2018,12,12,34022,Kortrijk,Onbekend,Droog,Dag,met lichtgewonden,6,Bromfiets,3,Fiets,Op Kruispunt,Gewestweg,binnen bebouwde kom,Tussen 2 bestuurders: Frontale botsing,Geen hindernis
11638,17,Kortrijk 2,Kortrijk,50.83339,3.27773,1.0666218225736142,50.82430817790372,3.2728416076521256,2018,12,12,34022,Kortrijk,Onbekend,Droog,Dag,met lichtgewonden,6,Bromfiets,3,Fiets,Op Kruispunt,Gewestweg,binnen bebouwde kom,Tussen 2 bestuurders: Frontale botsing,Geen hindernis
11638,75,Kortrijk teller 2,Kortrijk,50.81925,3.25731,1.22747146055945,50.82430817790372,3.2728416076521256,2018,12,12,34022,Kortrijk,Onbekend,Droog,Dag,met lichtgewonden,6,Bromfiets,3,Fiets,Op Kruispunt,Gewestweg,binnen bebouwde kom,Tussen 2 bestuurders: Frontale botsing,Geen hindernis
11638,74,Kortrijk teller 1,Kortrijk,50.81909,3.25728,1.2375874658859995,50.82430817790372,3.2728416076521256,2018,12,12,34022,Kortrijk,Onbekend,Droog,Dag,met lichtgewonden,6,Bromfiets,3,Fiets,Op Kruispunt,Gewestweg,binnen bebouwde kom,Tussen 2 bestuurders: Frontale botsing,Geen hindernis
11639,143,Eco Display Classic Budastraat,Kortrijk,50.83066,3.26286,2.4410361541225205,50.84333675247247,3.2344801054928523,2018,12,16,34022,Kortrijk,Regenval,"Nat, plassen",Dageraad - schemering,met lichtgewonden,3,Fiets,5,Lichte vrachtauto,Op Kruispunt,Gemeenteweg,binnen bebouwde kom,Tss. 2 best.: langs opzij (voor-/achterkant-flank),Geen hindernis
11641,17,Kortrijk 2,Kortrijk,50.83339,3.27773,1.6544462643933133,50.84292917984855,3.2958112048426234,2018,12,17,34013,Harelbeke,Regenval,"Nat, plassen","Nacht, openbare verlichting aanwezig en ontstoken",met lichtgewonden,9,personenauto,3,Fiets,Op Kruispunt,Gemeenteweg,binnen bebouwde kom,Tss. 2 best.: langs opzij (voor-/achterkant-flank),Geen hindernis
11641,16,Kortrijk 1,Kortrijk,50.83332,3.27777,1.6572999161051187,50.84292917984855,3.2958112048426234,2018,12,17,34013,Harelbeke,Regenval,"Nat, plassen","Nacht, openbare verlichting aanwezig en ontstoken",met lichtgewonden,9,personenauto,3,Fiets,Op Kruispunt,Gemeenteweg,binnen bebouwde kom,Tss. 2 best.: langs opzij (voor-/achterkant-flank),Geen hindernis
11643,67,Ieper totem,Ieper,50.85018,2.85624,0.22808836841815372,50.849898210431476,2.859458172356224,2018,12,16,33011,Ieper,Regenval,"Nat, plassen","Nacht, openbare verlichting aanwezig en ontstoken",met lichtgewonden,5,Lichte vrachtauto,3,Fiets,Op Kruispunt,Gewestweg,binnen bebouwde kom,Tss. 2 best.: langs opzij (voor-/achterkant-flank),Geen hindernis
11643,68,Ieper,Ieper,50.85032,2.85608,0.24175117522593523,50.849898210431476,2.859458172356224,2018,12,16,33011,Ieper,Regenval,"Nat, plassen","Nacht, openbare verlichting aanwezig en ontstoken",met lichtgewonden,5,Lichte vrachtauto,3,Fiets,Op Kruispunt,Gewestweg,binnen bebouwde kom,Tss. 2 best.: langs opzij (voor-/achterkant-flank),Geen hindernis
11644,67,Ieper totem,Ieper,50.85018,2.85624,2.452534901507988,50.84287053261925,2.8891981528707307,2018,12,15,33011,Ieper,Normaal,"Nat, plassen",Dag,met lichtgewonden,9,personenauto,3,Fiets,Buiten Kruispunt,Gewestweg,binnen bebouwde kom,Tss. 2 best.: langs opzij (voor-/achterkant-flank),Geen hindernis
11644,68,Ieper,Ieper,50.85032,2.85608,2.468313555300821,50.84287053261925,2.8891981528707307,2018,12,15,33011,Ieper,Normaal,"Nat, plassen",Dag,met lichtgewonden,9,personenauto,3,Fiets,Buiten Kruispunt,Gewestweg,binnen bebouwde kom,Tss. 2 best.: langs opzij (voor-/achterkant-flank),Geen hindernis
11645,124,Beveren teller 2,Beveren,51.1964712,4.2361077,1.1973484547216817,51.206427674498116,4.242652813737076,2018,12,4,46003,Beveren,Onbekend,Onbekend,"Nacht, openbare verlichting aanwezig en ontstoken",met lichtgewonden,3,Fiets,6,Bromfiets,Buiten Kruispunt,Gewestweg,binnen bebouwde kom,Tussen 2 bestuurders: Langs achteren,Geen hindernis
11648,124,Beveren teller 2,Beveren,51.1964712,4.2361077,2.2607434117909198,51.21589440247577,4.24569812554747,2018,12,13,46003,Beveren,"Andere (dikke rook,...)","Nat, plassen",Dag,met lichtgewonden,3,Fiets,9,personenauto,Op Kruispunt,Gemeenteweg,binnen bebouwde kom,Tss. 2 best.: langs opzij (voor-/achterkant-flank),Geen hindernis