crash_row_id,site_id,site_name,site_gemeente,site_lat,site_long,distance_km,crash_lat,crash_long,DT_YEAR_COLLISION,DT_MONTH_COLLISION,DT_TIME,CD_NIS,TX_MUNTY_COLLISION_NL,TX_WEATHER_NL,TX_ROAD_CONDITION_NL,TX_LIGHT_CONDITION_NL,TX_CLASS_ACCIDENTS_NL,CD_ROAD_USR_TYPE1,TX_ROAD_USR_TYPE1_NL,CD_ROAD_USR_TYPE2,TX_ROAD_USR_TYPE2_NL,TX_CROSSWAY_NL,CD_ROAD_TYPE_NL,TX_BUILD_UP_AREA_NL,TX_COLLISION_TYPE_NL,TX_OBSTACLES_NL
11649,99,Mechelen teller 1,Mechelen,51.04564,4.46882,1.6485602815963383,51.03178725641795,4.460418594448422,2018,12,12,12025,Mechelen,Normaal,Droog,Dag,met lichtgewonden,9,personenauto,3,Fiets,Buiten Kruispunt,Gewestweg,binnen bebouwde kom,Tussen 2 bestuurders: Frontale botsing,Geen hindernis
11649,100,Mechelen teller 2,Mechelen,51.0457,4.46883,1.6550439693897883,51.03178725641795,4.460418594448422,2018,12,12,12025,Mechelen,Normaal,Droog,Dag,met lichtgewonden,9,personenauto,3,Fiets,Buiten Kruispunt,Gewestweg,binnen bebouwde kom,Tussen 2 bestuurders: Frontale botsing,Geen hindernis
11650,99,Mechelen teller 1,Mechelen,51.04564,4.46882,2.2465874855884107,51.02775296925701,4.483759912723943,2018,12,16,12025,Mechelen,Regenval,"Nat, plassen",Dageraad - schemering,met lichtgewonden,3,Fiets,3,Fiets,Op Kruispunt,Gemeenteweg,binnen bebouwde kom,Tussen 2 bestuurders: Flank tegen flank,Geen hindernis
11650,100,Mechelen teller 2,Mechelen,51.0457,4.46883,2.252171701527844,51.02775296925701,4.483759912723943,2018,12,16,12025,Mechelen,Regenval,"Nat, plassen",Dageraad - schemering,met lichtgewonden,3,Fiets,3,Fiets,Op Kruispunt,Gemeenteweg,binnen bebouwde kom,Tussen 2 bestuurders: Flank tegen flank,Geen hindernis
11651,99,Mechelen teller 1,Mechelen,51.04564,4.46882,2.329643022598321,51.02892394986246,4.488905441636526,2018,12,12,12025,Mechelen,Normaal,Droog,Dag,met lichtgewonden,3,Fiets,9,personenauto,Op Kruispunt,Gewestweg,binnen bebouwde kom,Tss. 2 best.: langs opzij (voor-/achterkant-flank),Geen hindernis
11651,100,Mechelen teller 2,Mechelen,51.0457,4.46883,2.3345485695230033,51.02892394986246,4.488905441636526,2018,12,12,12025,Mechelen,Normaal,Droog,Dag,met lichtgewonden,3,Fiets,9,personenauto,Op Kruispunt,Gewestweg,binnen bebouwde kom,Tss. 2 best.: langs opzij (voor-/achterkant-flank),Geen hindernis
11652,99,Mechelen teller 1,Mechelen,51.04564,4.46882,2.3178610468443557,51.0254339618783,4.476964591347234,2018,12,23,12025,Mechelen,Onbekend,Onbekend,"Nacht, geen openbare verlichting aanwezig",met lichtgewonden,3,Fiets,11,een weggebruiker tegen een hindernis,Op Kruispunt,Gemeenteweg,binnen bebouwde kom,Weggebruiker tegen hindernis op de rijbaan,"Op de rijbaan: Werken (signal., aarde, toestel,…)"
11652,100,Mechelen teller 2,Mechelen,51.0457,4.46883,2.3241574893399704,51.0254339618783,4.476964591347234,2018,12,23,12025,Mechelen,Onbekend,Onbekend,"Nacht, geen openbare verlichting aanwezig",met lichtgewonden,3,Fiets,11,een weggebruiker tegen een hindernis,Op Kruispunt,Gemeenteweg,binnen bebouwde kom,Weggebruiker tegen hindernis op de rijbaan,"Op de rijbaan: Werken (signal., aarde, toestel,…)"
11653,99,Mechelen teller 1,Mechelen,51.04564,4.46882,0.9595762123600781,51.03896801749956,4.477524946472191,2018,12,12,12025,Mechelen,Normaal,"Nat, plassen",Dag,met lichtgewonden,3,Fiets,9,personenauto,Buiten Kruispunt,Gemeenteweg,binnen bebouwde kom,Tss. 2 best.: langs opzij (voor-/achterkant-flank),Geen hindernis
11653,100,Mechelen teller 2,Mechelen,51.0457,4.46883,0.9643025406984993,51.03896801749956,4.477524946472191,2018,12,12,12025,Mechelen,Normaal,"Nat, plassen",Dag,met lichtgewonden,3,Fiets,9,personenauto,Buiten Kruispunt,Gemeenteweg,binnen bebouwde kom,Tss. 2 best.: langs opzij (voor-/achterkant-flank),Geen hindernis
11656,137,Hasselt-Kempische brug,Hasselt,50.9411605,5.3417576,1.917391921461512,50.937086465492335,5.3151679829983705,2018,12,7,71022,Hasselt,Regenval,"Nat, plassen","Nacht, openbare verlichting aanwezig en ontstoken",met lichtgewonden,9,personenauto,3,Fiets,Op Kruispunt,Gewestweg,buiten bebouwde kom,Tss. 2 best.: langs opzij (voor-/achterkant-flank),Geen hindernis
11656,138,Hasselt-Kempische brug,Hasselt,50.9405318,5.3422472,1.935716080621321,50.937086465492335,5.3151679829983705,2018,12,7,71022,Hasselt,Regenval,"Nat, plassen","Nacht, openbare verlichting aanwezig en ontstoken",met lichtgewonden,9,personenauto,3,Fiets,Op Kruispunt,Gewestweg,buiten bebouwde kom,Tss. 2 best.: langs opzij (voor-/achterkant-flank),Geen hindernis
11656,140,Hasselt ring,Hasselt,50.9300038,5.3438616,2.1595044276272537,50.937086465492335,5.3151679829983705,2018,12,7,71022,Hasselt,Regenval,"Nat, plassen","Nacht, openbare verlichting aanwezig en ontstoken",met lichtgewonden,9,personenauto,3,Fiets,Op Kruispunt,Gewestweg,buiten bebouwde kom,Tss. 2 best.: langs opzij (voor-/achterkant-flank),Geen hindernis
11665,2,Brasschaat 2,Brasschaat,51.27512,4.47169,1.2268195916480338,51.26554540432661,4.462927418873084,2019,1,16,11002,Antwerpen,Normaal,Droog,Dag,met lichtgewonden,9,personenauto,3,Fiets,Op Kruispunt,Gewestweg,binnen bebouwde kom,Tss. 2 best.: langs opzij (voor-/achterkant-flank),Geen hindernis
11665,3,Brasschaat 1,Brasschaat,51.27503,4.47222,1.2370091198502073,51.26554540432661,4.462927418873084,2019,1,16,11002,Antwerpen,Normaal,Droog,Dag,met lichtgewonden,9,personenauto,3,Fiets,Op Kruispunt,Gewestweg,binnen bebouwde kom,Tss. 2 best.: langs opzij (voor-/achterkant-flank),Geen hindernis
11707,2,Brasschaat 2,Brasschaat,51.27512,4.47169,2.488827853653611,51.254223851623294,4.4588718582044855,2019,1,17,11002,Antwerpen,Normaal,"Nat, plassen","Nacht, openbare verlichting aanwezig en ontstoken",met lichtgewonden,3,Fiets,5,Lichte vrachtauto,Op Kruispunt,Gewestweg,binnen bebouwde kom,Tss. 2 best.: langs opzij (voor-/achterkant-flank),Geen hindernis
11707,3,Brasschaat 1,Brasschaat,51.27503,4.47222,2.4929892883364886,51.254223851623294,4.4588718582044855,2019,1,17,11002,Antwerpen,Normaal,"Nat, plassen","Nacht, openbare verlichting aanwezig en ontstoken",met lichtgewonden,3,Fiets,5,Lichte vrachtauto,Op Kruispunt,Gewestweg,binnen bebouwde kom,Tss. 2 best.: langs opzij (voor-/achterkant-flank),Geen hindernis
11735,91,Brecht teller 2,Brecht,51.35739,4.62422,1.592195759698137,51.34777341750158,4.641207511709275,2019,1,17,11009,Brecht,Normaal,Droog,"Nacht, openb. verlicht. aanw., maar niet ontstoken",met lichtgewonden,9,personenauto,3,Fiets,Op Kruispunt,Gewestweg,binnen bebouwde kom,Tss. 2 best.: langs opzij (voor-/achterkant-flank),Geen hindernis
11735,90,Brecht teller 1,Brecht,51.35752,4.6243,1.5978517899237108,51.34777341750158,4.641207511709275,2019,1,17,11009,Brecht,Normaal,Droog,"Nacht, openb. verlicht. aanw., maar niet ontstoken",met lichtgewonden,9,personenauto,3,Fiets,Op Kruispunt,Gewestweg,binnen bebouwde kom,Tss. 2 best.: langs opzij (voor-/achterkant-flank),Geen hindernis
11749,9,Heist op den Berg 2,Heist-op-den-Berg,51.06904,4.69524,0.8254452698742085,51.06475118262658,4.70488195737866,2019,1,7,12014,Heist-op-den-Berg,Normaal,Droog,"Nacht, openbare verlichting aanwezig en ontstoken",met lichtgewonden,9,personenauto,3,Fiets,Op Kruispunt,Gewestweg,buiten bebouwde kom,Tss. 2 best.: langs opzij (voor-/achterkant-flank),Geen hindernis
11749,8,Heist op den Berg 1,Heist-op-den-Berg,51.06759,4.68823,1.2056519177854215,51.06475118262658,4.70488195737866,2019,1,7,12014,Heist-op-den-Berg,Normaal,Droog,"Nacht, openbare verlichting aanwezig en ontstoken",met lichtgewonden,9,personenauto,3,Fiets,Op Kruispunt,Gewestweg,buiten bebouwde kom,Tss. 2 best.: langs opzij (voor-/achterkant-flank),Geen hindernis
11750,9,Heist op den Berg 2,Heist-op-den-Berg,51.06904,4.69524,1.4430619981473995,51.063662550285194,4.714035144957526,2019,1,22,12014,Heist-op-den-Berg,Normaal,"Nat, plassen","Nacht, openbare verlichting aanwezig en ontstoken",met zwaargewonden,9,personenauto,3,Fiets,Buiten Kruispunt,Gemeenteweg,buiten bebouwde kom,Tss. 2 best.: langs opzij (voor-/achterkant-flank),Geen hindernis
11750,8,Heist op den Berg 1,Heist-op-den-Berg,51.06759,4.68823,1.855346467577575,51.063662550285194,4.714035144957526,2019,1,22,12014,Heist-op-den-Berg,Normaal,"Nat, plassen","Nacht, openbare verlichting aanwezig en ontstoken",met zwaargewonden,9,personenauto,3,Fiets,Buiten Kruispunt,Gemeenteweg,buiten bebouwde kom,Tss. 2 best.: langs opzij (voor-/achterkant-flank),Geen hindernis
11751,9,Heist op den Berg 2,Heist-op-den-Berg,51.06904,4.69524,2.3222983901002183,51.075063260125624,4.727065817874065,2019,1,7,12014,Heist-op-den-Berg,Normaal,"Ijzel, sneeuw",Dageraad - schemering,met lichtgewonden,3,Fiets,9,personenauto,Op Kruispunt,Gewestweg,binnen bebouwde kom,Tss. 2 best.: langs opzij (voor-/achterkant-flank),Geen hindernis
11758,88,Westerlo teller 1,Westerlo,51.082,4.91325,1.631049643963853,51.085125336030345,4.890435807460296,2019,1,18,13049,Westerlo,Onbekend,Droog,"Nacht, openbare verlichting aanwezig en ontstoken",met lichtgewonden,6,Bromfiets,3,Fiets,Buiten Kruispunt,Gemeenteweg,buiten bebouwde kom,Tss. 2 best.: langs opzij (voor-/achterkant-flank),Geen hindernis
11758,89,Westerlo teller 2,Westerlo,51.08191,4.91334,1.6393473965012708,51.085125336030345,4.890435807460296,2019,1,18,13049,Westerlo,Onbekend,Droog,"Nacht, openbare verlichting aanwezig en ontstoken",met lichtgewonden,6,Bromfiets,3,Fiets,Buiten Kruispunt,Gemeenteweg,buiten bebouwde kom,Tss. 2 best.: langs opzij (voor-/achterkant-flank),Geen hindernis
11762,134,Retie,Dessel,51.2548405,5.1037658,1.9866408787003216,51.26940292639838,5.087224514515757,2019,1,13,13036,Retie,Normaal,Droog,Dag,met lichtgewonden,9,personenauto,3,Fiets,Op Kruispunt,Gemeenteweg,binnen bebouwde kom,Tss. 2 best.: langs opzij (voor-/achterkant-flank),Geen hindernis
11762,135,Retie 2,Dessel,51.2544998,5.1040064,2.027237935405696,51.26940292639838,5.087224514515757,2019,1,13,13036,Retie,Normaal,Droog,Dag,met lichtgewonden,9,personenauto,3,Fiets,Op Kruispunt,Gemeenteweg,binnen bebouwde kom,Tss. 2 best.: langs opzij (voor-/achterkant-flank),Geen hindernis
11766,94,Herentals teller 2,Herentals,51.17345,4.81283,1.6931987993034732,51.1793917122065,4.835193504357476,2019,1,15,13011,Herentals,Regenval,"Nat, plassen",Dag,met lichtgewonden,9,personenauto,3,Fiets,Op Kruispunt,Gewestweg,binnen bebouwde kom,Tss. 2 best.: langs opzij (voor-/achterkant-flank),Geen hindernis
11766,110,Herentals totem,Herentals,51.1739426,4.811783,1.7408084977539242,51.1793917122065,4.835193504357476,2019,1,15,13011,Herentals,Regenval,"Nat, plassen",Dag,met lichtgewonden,9,personenauto,3,Fiets,Op Kruispunt,Gewestweg,binnen bebouwde kom,Tss. 2 best.: langs opzij (voor-/achterkant-flank),Geen hindernis
11768,110,Herentals totem,Herentals,51.1739426,4.811783,1.8069611402573418,51.17485638046811,4.78590433463347,2019,1,7,13010,Grobbendonk,Normaal,"Nat, plassen","Nacht, openbare verlichting aanwezig en ontstoken",met zwaargewonden,3,Fiets,11,een weggebruiker tegen een hindernis,Buiten Kruispunt,Gewestweg,buiten bebouwde kom,Weggebruiker tegen hindernis op de rijbaan,"Op de rijbaan: Werken (signal., aarde, toestel,…)"
11768,94,Herentals teller 2,Herentals,51.17345,4.81283,1.8836054504189308,51.17485638046811,4.78590433463347,2019,1,7,13010,Grobbendonk,Normaal,"Nat, plassen","Nacht, openbare verlichting aanwezig en ontstoken",met zwaargewonden,3,Fiets,11,een weggebruiker tegen een hindernis,Buiten Kruispunt,Gewestweg,buiten bebouwde kom,Weggebruiker tegen hindernis op de rijbaan,"Op de rijbaan: Werken (signal., aarde, toestel,…)"
11769,110,Herentals totem,Herentals,51.1739426,4.811783,0.4738811208021888,51.17646867008192,4.806308205100924,2019,1,14,13011,Herentals,Normaal,"Nat, plassen",Dag,met lichtgewonden,3,Fiets,5,Lichte vrachtauto,Buiten Kruispunt,Gemeenteweg,buiten bebouwde kom,Tss. 2 best.: langs opzij (voor-/achterkant-flank),Geen hindernis
11769,94,Herentals teller 2,Herentals,51.17345,4.81283,0.5651358385262856,51.17646867008192,4.806308205100924,2019,1,14,13011,Herentals,Normaal,"Nat, plassen",Dag,met lichtgewonden,3,Fiets,5,Lichte vrachtauto,Buiten Kruispunt,Gemeenteweg,buiten bebouwde kom,Tss. 2 best.: langs opzij (voor-/achterkant-flank),Geen hindernis
11773,37,Lommel teller 1,Lommel,51.23299,5.29211,1.7202768541242368,51.24394268079282,5.3095619887354895,2019,1,13,72020,Lommel,Normaal,Droog,Dag,met lichtgewonden,9,personenauto,3,Fiets,Op Kruispunt,Gewestweg,buiten bebouwde kom,Tss. 2 best.: langs opzij (voor-/achterkant-flank),Geen hindernis
11773,38,Lommel teller 2,Lommel,51.23277,5.29189,1.748426256384835,51.24394268079282,5.3095619887354895,2019,1,13,72020,Lommel,Normaal,Droog,Dag,met lichtgewonden,9,personenauto,3,Fiets,Op Kruispunt,Gewestweg,buiten bebouwde kom,Tss. 2 best.: langs opzij (voor-/achterkant-flank),Geen hindernis
11774,37,Lommel teller 1,Lommel,51.23299,5.29211,1.094203137606027,51.22925901662524,5.306651618855726,2019,1,18,72020,Lommel,Regenval,"Nat, plassen","Nacht, openbare verlichting aanwezig en ontstoken",met lichtgewonden,9,personenauto,3,Fiets,Op Kruispunt,Gemeenteweg,binnen bebouwde kom,Tss. 2 best.: langs opzij (voor-/achterkant-flank),Geen hindernis
11774,38,Lommel teller 2,Lommel,51.23277,5.29189,1.099472801155971,51.22925901662524,5.306651618855726,2019,1,18,72020,Lommel,Regenval,"Nat, plassen","Nacht, openbare verlichting aanwezig en ontstoken",met lichtgewonden,9,personenauto,3,Fiets,Op Kruispunt,Gemeenteweg,binnen bebouwde kom,Tss. 2 best.: langs opzij (voor-/achterkant-flank),Geen hindernis
11775,37,Lommel teller 1,Lommel,51.23299,5.29211,1.7202768541242368,51.24394268079282,5.3095619887354895,2019,1,10,72020,Lommel,Normaal,Droog,Dag,met lichtgewonden,9,personenauto,3,Fiets,Op Kruispunt,Gewestweg,buiten bebouwde kom,Tss. 2 best.: langs opzij (voor-/achterkant-flank),Geen hindernis
11775,38,Lommel teller 2,Lommel,51.23277,5.29189,1.748426256384835,51.24394268079282,5.3095619887354895,2019,1,10,72020,Lommel,Normaal,Droog,Dag,met lichtgewonden,9,personenauto,3,Fiets,Op Kruispunt,Gewestweg,buiten bebouwde kom,Tss. 2 best.: langs opzij (voor-/achterkant-flank),Geen hindernis
11776,38,Lommel teller 2,Lommel,51.23277,5.29189,1.5822480324224304,51.22313057803093,5.308604637053469,2019,1,14,72020,Lommel,Onbekend,"Nat, plassen",Dag,met lichtgewonden,9,personenauto,3,Fiets,Op Kruispunt,Gemeenteweg,binnen bebouwde kom,Tussen 2 bestuurders: Flank tegen flank,Geen hindernis
11776,37,Lommel teller 1,Lommel,51.23299,5.29211,1.5878026340490177,51.22313057803093,5.308604637053469,2019,1,14,72020,Lommel,Onbekend,"Nat, plassen",Dag,met lichtgewonden,9,personenauto,3,Fiets,Op Kruispunt,Gemeenteweg,binnen bebouwde kom,Tussen 2 bestuurders: Flank tegen flank,Geen hindernis
11791,39,Peer teller 1,Peer,51.13425,5.47817,1.343932719936894,51.13123557490318,5.45951822257181,2019,1,7,72030,Peer,Regenval,"Nat, plassen","Nacht, openbare verlichting aanwezig en ontstoken",met lichtgewonden,9,personenauto,3,Fiets,Op Kruispunt,Gewestweg,binnen bebouwde kom,Tussen 2 bestuurders: Flank tegen flank,Geen hindernis
11791,40,Peer teller 2,Peer,51.13438,5.47892,1.3982153144542675,51.13123557490318,5.45951822257181,2019,1,7,72030,Peer,Regenval,"Nat, plassen","Nacht, openbare verlichting aanwezig en ontstoken",met lichtgewonden,9,personenauto,3,Fiets,Op Kruispunt,Gewestweg,binnen bebouwde kom,Tussen 2 bestuurders: Flank tegen flank,Geen hindernis
11800,44,Maaseik teller 2,Maaseik,51.09359,5.79726,0.3997364649109616,51.09622812613818,5.793371550140307,2019,1,15,72021,Maaseik,Normaal,Droog,Dag,met lichtgewonden,9,personenauto,3,Fiets,Op Kruispunt,Gewestweg,binnen bebouwde kom,Tss. 2 best.: langs opzij (voor-/achterkant-flank),Geen hindernis
11800,43,Maaseik teller 1,Maaseik,51.09344,5.79715,0.4071122283688435,51.09622812613818,5.793371550140307,2019,1,15,72021,Maaseik,Normaal,Droog,Dag,met lichtgewonden,9,personenauto,3,Fiets,Op Kruispunt,Gewestweg,binnen bebouwde kom,Tss. 2 best.: langs opzij (voor-/achterkant-flank),Geen hindernis
11805,151,Leuven,District Leuven,50.8690262,4.6854839,0.428571001236505,50.870135261753134,4.691332876068482,2019,1,17,24062,Leuven,Normaal,Proper,"Nacht, openbare verlichting aanwezig en ontstoken",met lichtgewonden,9,personenauto,3,Fiets,Buiten Kruispunt,Gewestweg,binnen bebouwde kom,Tss. 2 best.: langs opzij (voor-/achterkant-flank),Geen hindernis
11805,69,Leuven teller 1,Leuven,50.87549,4.71526,1.7813935906620941,50.870135261753134,4.691332876068482,2019,1,17,24062,Leuven,Normaal,Proper,"Nacht, openbare verlichting aanwezig en ontstoken",met lichtgewonden,9,personenauto,3,Fiets,Buiten Kruispunt,Gewestweg,binnen bebouwde kom,Tss. 2 best.: langs opzij (voor-/achterkant-flank),Geen hindernis
11805,77,Leuven teller 2,Leuven,50.88672,4.70796,2.1821375971978925,50.870135261753134,4.691332876068482,2019,1,17,24062,Leuven,Normaal,Proper,"Nacht, openbare verlichting aanwezig en ontstoken",met lichtgewonden,9,personenauto,3,Fiets,Buiten Kruispunt,Gewestweg,binnen bebouwde kom,Tss. 2 best.: langs opzij (voor-/achterkant-flank),Geen hindernis
11805,107,leuven totem,Leuven,50.8870744,4.7087919,2.2468188832656177,50.870135261753134,4.691332876068482,2019,1,17,24062,Leuven,Normaal,Proper,"Nacht, openbare verlichting aanwezig en ontstoken",met lichtgewonden,9,personenauto,3,Fiets,Buiten Kruispunt,Gewestweg,binnen bebouwde kom,Tss. 2 best.: langs opzij (voor-/achterkant-flank),Geen hindernis
11806,69,Leuven teller 1,Leuven,50.87549,4.71526,1.0672517518052291,50.87868780862424,4.72960207122131,2019,1,9,24062,Leuven,Normaal,Droog,Dag,met lichtgewonden,3,Fiets,3,Fiets,Op Kruispunt,Gemeenteweg,binnen bebouwde kom,Tussen 2 bestuurders: Langs achteren,Geen hindernis
11806,107,leuven totem,Leuven,50.8870744,4.7087919,1.7323346289405708,50.87868780862424,4.72960207122131,2019,1,9,24062,Leuven,Normaal,Droog,Dag,met lichtgewonden,3,Fiets,3,Fiets,Op Kruispunt,Gemeenteweg,binnen bebouwde kom,Tussen 2 bestuurders: Langs achteren,Geen hindernis
11806,77,Leuven teller 2,Leuven,50.88672,4.70796,1.761494975182527,50.87868780862424,4.72960207122131,2019,1,9,24062,Leuven,Normaal,Droog,Dag,met lichtgewonden,3,Fiets,3,Fiets,Op Kruispunt,Gemeenteweg,binnen bebouwde kom,Tussen 2 bestuurders: Langs achteren,Geen hindernis
11807,69,Leuven teller 1,Leuven,50.87549,4.71526,0.7394337606733499,50.87598839011467,4.725768936723357,2019,1,14,24062,Leuven,Normaal,Droog,Dag,met lichtgewonden,9,personenauto,3,Fiets,Buiten Kruispunt,Gemeenteweg,binnen bebouwde kom,Tss. 2 best.: langs opzij (voor-/achterkant-flank),Geen hindernis
11807,107,leuven totem,Leuven,50.8870744,4.7087919,1.7140998000448278,50.87598839011467,4.725768936723357,2019,1,14,24062,Leuven,Normaal,Droog,Dag,met lichtgewonden,9,personenauto,3,Fiets,Buiten Kruispunt,Gemeenteweg,binnen bebouwde kom,Tss. 2 best.: langs opzij (voor-/achterkant-flank),Geen hindernis
11807,77,Leuven teller 2,Leuven,50.88672,4.70796,1.727708675850425,50.87598839011467,4.725768936723357,2019,1,14,24062,Leuven,Normaal,Droog,Dag,met lichtgewonden,9,personenauto,3,Fiets,Buiten Kruispunt,Gemeenteweg,binnen bebouwde kom,Tss. 2 best.: langs opzij (voor-/achterkant-flank),Geen hindernis
11808,151,Leuven,District Leuven,50.8690262,4.6854839,1.0741288382808396,50.861947033553086,4.695897638601126,2019,1,10,24062,Leuven,Normaal,Droog,Dag,met lichtgewonden,9,personenauto,3,Fiets,Buiten Kruispunt,Gewestweg,binnen bebouwde kom,Tussen 2 bestuurders: Flank tegen flank,Geen hindernis
11808,108,Heverlee teller 1,Leuven,50.8471728,4.6954674,1.6430973982026982,50.861947033553086,4.695897638601126,2019,1,10,24062,Leuven,Normaal,Droog,Dag,met lichtgewonden,9,personenauto,3,Fiets,Buiten Kruispunt,Gewestweg,binnen bebouwde kom,Tussen 2 bestuurders: Flank tegen flank,Geen hindernis
11808,76,Heverlee teller 2,Leuven,50.84606,4.69597,1.7665648334259387,50.861947033553086,4.695897638601126,2019,1,10,24062,Leuven,Normaal,Droog,Dag,met lichtgewonden,9,personenauto,3,Fiets,Buiten Kruispunt,Gewestweg,binnen bebouwde kom,Tussen 2 bestuurders: Flank tegen flank,Geen hindernis
11808,69,Leuven teller 1,Leuven,50.87549,4.71526,2.0282940473580604,50.861947033553086,4.695897638601126,2019,1,10,24062,Leuven,Normaal,Droog,Dag,met lichtgewonden,9,personenauto,3,Fiets,Buiten Kruispunt,Gewestweg,binnen bebouwde kom,Tussen 2 bestuurders: Flank tegen flank,Geen hindernis
11809,77,Leuven teller 2,Leuven,50.88672,4.70796,0.8053704647954109,50.88697277954627,4.6964859366440574,2019,1,13,24062,Leuven,Normaal,"Nat, plassen",Dag,met lichtgewonden,9,personenauto,3,Fiets,Buiten Kruispunt,Gemeenteweg,binnen bebouwde kom,Tss. 2 best.: langs opzij (voor-/achterkant-flank),Geen hindernis
11809,107,leuven totem,Leuven,50.8870744,4.7087919,0.8633064174145456,50.88697277954627,4.6964859366440574,2019,1,13,24062,Leuven,Normaal,"Nat, plassen",Dag,met lichtgewonden,9,personenauto,3,Fiets,Buiten Kruispunt,Gemeenteweg,binnen bebouwde kom,Tss. 2 best.: langs opzij (voor-/achterkant-flank),Geen hindernis
11809,69,Leuven teller 1,Leuven,50.87549,4.71526,1.8344166438705662,50.88697277954627,4.6964859366440574,2019,1,13,24062,Leuven,Normaal,"Nat, plassen",Dag,met lichtgewonden,9,personenauto,3,Fiets,Buiten Kruispunt,Gemeenteweg,binnen bebouwde kom,Tss. 2 best.: langs opzij (voor-/achterkant-flank),Geen hindernis
11809,151,Leuven,District Leuven,50.8690262,4.6854839,2.1396603480599525,50.88697277954627,4.6964859366440574,2019,1,13,24062,Leuven,Normaal,"Nat, plassen",Dag,met lichtgewonden,9,personenauto,3,Fiets,Buiten Kruispunt,Gemeenteweg,binnen bebouwde kom,Tss. 2 best.: langs opzij (voor-/achterkant-flank),Geen hindernis
11810,69,Leuven teller 1,Leuven,50.87549,4.71526,0.6704813358986487,50.8803230802743,4.709545828841716,2019,1,15,24062,Leuven,Normaal,Droog,Dag,met lichtgewonden,3,Fiets,8,Voetganger,Buiten Kruispunt,Gemeenteweg,binnen bebouwde kom,Met een voetganger,Geen hindernis
11810,77,Leuven teller 2,Leuven,50.88672,4.70796,0.7199523979818402,50.8803230802743,4.709545828841716,2019,1,15,24062,Leuven,Normaal,Droog,Dag,met lichtgewonden,3,Fiets,8,Voetganger,Buiten Kruispunt,Gemeenteweg,binnen bebouwde kom,Met een voetganger,Geen hindernis
11810,107,leuven totem,Leuven,50.8870744,4.7087919,0.752573326235541,50.8803230802743,4.709545828841716,2019,1,15,24062,Leuven,Normaal,Droog,Dag,met lichtgewonden,3,Fiets,8,Voetganger,Buiten Kruispunt,Gemeenteweg,binnen bebouwde kom,Met een voetganger,Geen hindernis
11810,151,Leuven,District Leuven,50.8690262,4.6854839,2.104374020592861,50.8803230802743,4.709545828841716,2019,1,15,24062,Leuven,Normaal,Droog,Dag,met lichtgewonden,3,Fiets,8,Voetganger,Buiten Kruispunt,Gemeenteweg,binnen bebouwde kom,Met een voetganger,Geen hindernis
11811,77,Leuven teller 2,Leuven,50.88672,4.70796,0.5623693664302574,50.886187490614226,4.699987703856944,2019,1,21,24062,Leuven,Normaal,Droog,"Nacht, openbare verlichting aanwezig en ontstoken",met lichtgewonden,9,personenauto,3,Fiets,Buiten Kruispunt,Gemeenteweg,binnen bebouwde kom,Tss. 2 best.: langs opzij (voor-/achterkant-flank),Geen hindernis
11811,107,leuven totem,Leuven,50.8870744,4.7087919,0.6254218742749474,50.886187490614226,4.699987703856944,2019,1,21,24062,Leuven,Normaal,Droog,"Nacht, openbare verlichting aanwezig en ontstoken",met lichtgewonden,9,personenauto,3,Fiets,Buiten Kruispunt,Gemeenteweg,binnen bebouwde kom,Tss. 2 best.: langs opzij (voor-/achterkant-flank),Geen hindernis
11811,69,Leuven teller 1,Leuven,50.87549,4.71526,1.6009194277215328,50.886187490614226,4.699987703856944,2019,1,21,24062,Leuven,Normaal,Droog,"Nacht, openbare verlichting aanwezig en ontstoken",met lichtgewonden,9,personenauto,3,Fiets,Buiten Kruispunt,Gemeenteweg,binnen bebouwde kom,Tss. 2 best.: langs opzij (voor-/achterkant-flank),Geen hindernis
11811,151,Leuven,District Leuven,50.8690262,4.6854839,2.162624442556175,50.886187490614226,4.699987703856944,2019,1,21,24062,Leuven,Normaal,Droog,"Nacht, openbare verlichting aanwezig en ontstoken",met lichtgewonden,9,personenauto,3,Fiets,Buiten Kruispunt,Gemeenteweg,binnen bebouwde kom,Tss. 2 best.: langs opzij (voor-/achterkant-flank),Geen hindernis
11812,151,Leuven,District Leuven,50.8690262,4.6854839,1.5523212147463792,50.88295485026135,4.683993566696765,2019,1,12,24062,Leuven,Onbekend,Proper,Dag,met lichtgewonden,3,Fiets,9,personenauto,Op Kruispunt,Gewestweg,binnen bebouwde kom,Tss. 2 best.: langs opzij (voor-/achterkant-flank),Geen hindernis
11812,77,Leuven teller 2,Leuven,50.88672,4.70796,1.7326077817578087,50.88295485026135,4.683993566696765,2019,1,12,24062,Leuven,Onbekend,Proper,Dag,met lichtgewonden,3,Fiets,9,personenauto,Op Kruispunt,Gewestweg,binnen bebouwde kom,Tss. 2 best.: langs opzij (voor-/achterkant-flank),Geen hindernis