crash_row_id,site_id,site_name,site_gemeente,site_lat,site_long,distance_km,crash_lat,crash_long,DT_YEAR_COLLISION,DT_MONTH_COLLISION,DT_TIME,CD_NIS,TX_MUNTY_COLLISION_NL,TX_WEATHER_NL,TX_ROAD_CONDITION_NL,TX_LIGHT_CONDITION_NL,TX_CLASS_ACCIDENTS_NL,CD_ROAD_USR_TYPE1,TX_ROAD_USR_TYPE1_NL,CD_ROAD_USR_TYPE2,TX_ROAD_USR_TYPE2_NL,TX_CROSSWAY_NL,CD_ROAD_TYPE_NL,TX_BUILD_UP_AREA_NL,TX_COLLISION_TYPE_NL,TX_OBSTACLES_NL
11812,107,leuven totem,Leuven,50.8870744,4.7087919,1.798914771274388,50.88295485026135,4.683993566696765,2019,1,12,24062,Leuven,Onbekend,Proper,Dag,met lichtgewonden,3,Fiets,9,personenauto,Op Kruispunt,Gewestweg,binnen bebouwde kom,Tss. 2 best.: langs opzij (voor-/achterkant-flank),Geen hindernis
11812,69,Leuven teller 1,Leuven,50.87549,4.71526,2.345420537960744,50.88295485026135,4.683993566696765,2019,1,12,24062,Leuven,Onbekend,Proper,Dag,met lichtgewonden,3,Fiets,9,personenauto,Op Kruispunt,Gewestweg,binnen bebouwde kom,Tss. 2 best.: langs opzij (voor-/achterkant-flank),Geen hindernis
11815,150,Bertem,District Leuven,50.8687535,4.56136297,2.3822322626895773,50.88530211043082,4.5397996312190845,2019,1,16,24055,Kortenberg,Normaal,Droog,Dag,met lichtgewonden,3,Fiets,5,Lichte vrachtauto,Op Kruispunt,Gemeenteweg,binnen bebouwde kom,Tss. 2 best.: langs opzij (voor-/achterkant-flank),Geen hindernis
11816,151,Leuven,District Leuven,50.8690262,4.6854839,1.0634380896670697,50.87237897471085,4.69967683917313,2019,1,8,24062,Leuven,Regenval,"Nat, plassen","Nacht, openb. verlicht. aanw., maar niet ontstoken",met lichtgewonden,8,Voetganger,3,Fiets,Buiten Kruispunt,Gemeenteweg,binnen bebouwde kom,Met een voetganger,Geen hindernis
11816,69,Leuven teller 1,Leuven,50.87549,4.71526,1.1468434049345098,50.87237897471085,4.69967683917313,2019,1,8,24062,Leuven,Regenval,"Nat, plassen","Nacht, openb. verlicht. aanw., maar niet ontstoken",met lichtgewonden,8,Voetganger,3,Fiets,Buiten Kruispunt,Gemeenteweg,binnen bebouwde kom,Met een voetganger,Geen hindernis
11816,77,Leuven teller 2,Leuven,50.88672,4.70796,1.697240552019659,50.87237897471085,4.69967683917313,2019,1,8,24062,Leuven,Regenval,"Nat, plassen","Nacht, openb. verlicht. aanw., maar niet ontstoken",met lichtgewonden,8,Voetganger,3,Fiets,Buiten Kruispunt,Gemeenteweg,binnen bebouwde kom,Met een voetganger,Geen hindernis
11816,107,leuven totem,Leuven,50.8870744,4.7087919,1.7547364839728248,50.87237897471085,4.69967683917313,2019,1,8,24062,Leuven,Regenval,"Nat, plassen","Nacht, openb. verlicht. aanw., maar niet ontstoken",met lichtgewonden,8,Voetganger,3,Fiets,Buiten Kruispunt,Gemeenteweg,binnen bebouwde kom,Met een voetganger,Geen hindernis
11817,87,Aarschot,Aarschot,50.99084,4.81259,2.125358813826341,50.9923440068144,4.842862488427777,2019,1,7,24001,Aarschot,Onbekend,Onbekend,Dageraad - schemering,met lichtgewonden,3,Fiets,2,Andere weggebruiker,Op Kruispunt,Gewestweg,buiten bebouwde kom,Tss. 2 best.: langs opzij (voor-/achterkant-flank),Geen hindernis
11822,71,Kampenhout teller 2,Kampenhout,50.95589,4.59164,2.447272471945049,50.97188162270747,4.567630501225496,2019,1,12,24014,Boortmeerbeek,Normaal,"Nat, plassen",Dag,met zwaargewonden,9,personenauto,3,Fiets,Op Kruispunt,Gewestweg,buiten bebouwde kom,Tss. 2 best.: langs opzij (voor-/achterkant-flank),Geen hindernis
11822,70,Kampenhout teller 1,Kampenhout,50.95682,4.59318,2.4507782347918834,50.97188162270747,4.567630501225496,2019,1,12,24014,Boortmeerbeek,Normaal,"Nat, plassen",Dag,met zwaargewonden,9,personenauto,3,Fiets,Op Kruispunt,Gewestweg,buiten bebouwde kom,Tss. 2 best.: langs opzij (voor-/achterkant-flank),Geen hindernis
11823,101,Diest teller 1,Diest,50.97799,5.04481,1.6818058745225946,50.992468171024534,5.0517602458875634,2019,1,6,24020,Diest,Normaal,Droog,"Nacht, openbare verlichting aanwezig en ontstoken",met lichtgewonden,9,personenauto,3,Fiets,Buiten Kruispunt,Gewestweg,binnen bebouwde kom,Tussen 2 bestuurders: Flank tegen flank,Geen hindernis
11823,102,Diest teller 2,Diest,50.9779,5.04474,1.6928040942734595,50.992468171024534,5.0517602458875634,2019,1,6,24020,Diest,Normaal,Droog,"Nacht, openbare verlichting aanwezig en ontstoken",met lichtgewonden,9,personenauto,3,Fiets,Buiten Kruispunt,Gewestweg,binnen bebouwde kom,Tussen 2 bestuurders: Flank tegen flank,Geen hindernis
11824,101,Diest teller 1,Diest,50.97799,5.04481,1.6754894555586772,50.99217232481391,5.052895389558564,2019,1,18,24020,Diest,Onbekend,"Nat, plassen","Nacht, openbare verlichting aanwezig en ontstoken",met lichtgewonden,3,Fiets,9,personenauto,Op Kruispunt,Gewestweg,binnen bebouwde kom,Tss. 2 best.: langs opzij (voor-/achterkant-flank),Geen hindernis
11824,102,Diest teller 2,Diest,50.9779,5.04474,1.6865645810941556,50.99217232481391,5.052895389558564,2019,1,18,24020,Diest,Onbekend,"Nat, plassen","Nacht, openbare verlichting aanwezig en ontstoken",met lichtgewonden,3,Fiets,9,personenauto,Op Kruispunt,Gewestweg,binnen bebouwde kom,Tss. 2 best.: langs opzij (voor-/achterkant-flank),Geen hindernis
11826,147,Overijse,District Vilvoorde-gewestwegen,50.7797555,4.4975769,1.102237170853714,50.77797043375467,4.512997383925065,2019,1,8,23062,Overijse,Normaal,Droog,Dageraad - schemering,met lichtgewonden,3,Fiets,9,personenauto,Op Kruispunt,Gemeenteweg,buiten bebouwde kom,Tussen 2 bestuurders: Flank tegen flank,Geen hindernis
11826,145,Overijse,District Vilvoorde-gewestwegen,50.7885856,4.4908759,1.9524193336339217,50.77797043375467,4.512997383925065,2019,1,8,23062,Overijse,Normaal,Droog,Dageraad - schemering,met lichtgewonden,3,Fiets,9,personenauto,Op Kruispunt,Gemeenteweg,buiten bebouwde kom,Tussen 2 bestuurders: Flank tegen flank,Geen hindernis
11826,146,Overijse 2,District Vilvoorde-gewestwegen,50.7881478,4.4902818,1.9573125867180567,50.77797043375467,4.512997383925065,2019,1,8,23062,Overijse,Normaal,Droog,Dageraad - schemering,met lichtgewonden,3,Fiets,9,personenauto,Op Kruispunt,Gemeenteweg,buiten bebouwde kom,Tussen 2 bestuurders: Flank tegen flank,Geen hindernis
11833,47,Vilvoorde,Vilvoorde,50.91372,4.41497,1.370628433416324,50.92355430076624,4.4267579428827055,2019,1,16,23088,Vilvoorde,Normaal,Droog,Dag,met lichtgewonden,3,Fiets,9,personenauto,Buiten Kruispunt,Gewestweg,binnen bebouwde kom,Tss. 2 best.: langs opzij (voor-/achterkant-flank),Geen hindernis
11833,1,Machelen,Machelen,50.91618331151478,4.456121776137429,2.2155275033443846,50.92355430076624,4.4267579428827055,2019,1,16,23088,Vilvoorde,Normaal,Droog,Dag,met lichtgewonden,3,Fiets,9,personenauto,Buiten Kruispunt,Gewestweg,binnen bebouwde kom,Tss. 2 best.: langs opzij (voor-/achterkant-flank),Geen hindernis
11834,47,Vilvoorde,Vilvoorde,50.91372,4.41497,1.8284375738109115,50.92935376231512,4.423054906489781,2019,1,17,23088,Vilvoorde,Normaal,"Ijzel, sneeuw",Dag,met lichtgewonden,9,personenauto,3,Fiets,Op Kruispunt,Gemeenteweg,binnen bebouwde kom,Tss. 2 best.: langs opzij (voor-/achterkant-flank),Geen hindernis
11835,47,Vilvoorde,Vilvoorde,50.91372,4.41497,0.9525358050189027,50.91914075060472,4.425491158113647,2019,1,11,23088,Vilvoorde,Normaal,Droog,Dag,met lichtgewonden,3,Fiets,9,personenauto,Buiten Kruispunt,Gewestweg,buiten bebouwde kom,Tussen 2 bestuurders: Langs achteren,Geen hindernis
11835,1,Machelen,Machelen,50.91618331151478,4.456121776137429,2.1722835444033897,50.91914075060472,4.425491158113647,2019,1,11,23088,Vilvoorde,Normaal,Droog,Dag,met lichtgewonden,3,Fiets,9,personenauto,Buiten Kruispunt,Gewestweg,buiten bebouwde kom,Tussen 2 bestuurders: Langs achteren,Geen hindernis
11839,13,Gent,Gent,51.03018,3.70146,0.9553307008113943,51.036174748873165,3.7112464561504863,2019,1,17,44021,Gent,Normaal,Droog,Dageraad - schemering,met lichtgewonden,3,Fiets,1,Autobus,Buiten Kruispunt,Gewestweg,binnen bebouwde kom,Tss. 2 best.: langs opzij (voor-/achterkant-flank),Geen hindernis
11841,13,Gent,Gent,51.03018,3.70146,2.2441790203904524,51.04904863754594,3.7128512591308453,2019,1,10,44021,Gent,Normaal,Droog,Dag,met lichtgewonden,9,personenauto,3,Fiets,Buiten Kruispunt,Gemeenteweg,binnen bebouwde kom,Tss. 2 best.: langs opzij (voor-/achterkant-flank),Geen hindernis
11842,118,Gent teller 1,Gent,51.028049,3.7681359,1.1195740636901337,51.028898058423394,3.752183977557432,2019,1,11,44021,Gent,Normaal,Droog,Dag,met lichtgewonden,9,personenauto,3,Fiets,Op Kruispunt,Gemeenteweg,binnen bebouwde kom,Tss. 2 best.: langs opzij (voor-/achterkant-flank),Geen hindernis
11842,119,Gent teller 2,Gent,51.0281795,3.7683918,1.1362934450961348,51.028898058423394,3.752183977557432,2019,1,11,44021,Gent,Normaal,Droog,Dag,met lichtgewonden,9,personenauto,3,Fiets,Op Kruispunt,Gemeenteweg,binnen bebouwde kom,Tss. 2 best.: langs opzij (voor-/achterkant-flank),Geen hindernis
11843,13,Gent,Gent,51.03018,3.70146,1.260305876013607,51.029761538083335,3.7194695837853726,2019,1,13,44021,Gent,Normaal,Onbekend,Dag,met lichtgewonden,9,personenauto,3,Fiets,Op Kruispunt,Gewestweg,binnen bebouwde kom,Tussen 2 bestuurders: Langs achteren,Geen hindernis
11844,13,Gent,Gent,51.03018,3.70146,2.040348936183978,51.038527412113766,3.7274448255607426,2019,1,8,44021,Gent,Sneeuwval,"Ijzel, sneeuw",Dag,met lichtgewonden,3,Fiets,9,personenauto,Op Kruispunt,Gewestweg,binnen bebouwde kom,Tss. 2 best.: langs opzij (voor-/achterkant-flank),Geen hindernis
11847,7,Evergem 1,Evergem,51.1089,3.70317,2.239884917189792,51.09048955142143,3.716187824829834,2019,1,15,44021,Gent,Normaal,"Nat, plassen",Dag,met lichtgewonden,9,personenauto,3,Fiets,Op Kruispunt,Gewestweg,binnen bebouwde kom,Tussen 2 bestuurders: Flank tegen flank,Geen hindernis
11847,6,Evergem 2,Evergem,51.10894,3.70298,2.2493575686154736,51.09048955142143,3.716187824829834,2019,1,15,44021,Gent,Normaal,"Nat, plassen",Dag,met lichtgewonden,9,personenauto,3,Fiets,Op Kruispunt,Gewestweg,binnen bebouwde kom,Tussen 2 bestuurders: Flank tegen flank,Geen hindernis
11848,136,Gent R4,Gent,51.0876313,3.7587918,2.3309809471460237,51.073790043266406,3.7337310147877534,2019,1,4,44021,Gent,Normaal,Droog,"Nacht, openbare verlichting aanwezig en ontstoken",met lichtgewonden,9,personenauto,3,Fiets,Op Kruispunt,Gewestweg,binnen bebouwde kom,Tss. 2 best.: langs opzij (voor-/achterkant-flank),Geen hindernis
11849,13,Gent,Gent,51.03018,3.70146,0.9162490472016046,51.03792905604359,3.7059153950401367,2019,1,21,44021,Gent,Regenval,"Nat, plassen","Nacht, openbare verlichting aanwezig en ontstoken",met lichtgewonden,9,personenauto,3,Fiets,Op Kruispunt,Gemeenteweg,binnen bebouwde kom,Tss. 2 best.: langs opzij (voor-/achterkant-flank),Geen hindernis
11850,13,Gent,Gent,51.03018,3.70146,1.960769412965595,51.04584203158039,3.7143450609636353,2019,1,16,44021,Gent,Normaal,Droog,Dag,met lichtgewonden,3,Fiets,9,personenauto,Op Kruispunt,Gewestweg,binnen bebouwde kom,Tussen 2 bestuurders: Flank tegen flank,Geen hindernis
11854,13,Gent,Gent,51.03018,3.70146,0.6240107995468984,51.03396491588804,3.708048418890613,2019,1,18,44021,Gent,Normaal,"Nat, plassen","Nacht, openbare verlichting aanwezig en ontstoken",met lichtgewonden,3,Fiets,9,personenauto,Op Kruispunt,Gewestweg,binnen bebouwde kom,Tss. 2 best.: langs opzij (voor-/achterkant-flank),Geen hindernis
11856,13,Gent,Gent,51.03018,3.70146,2.4657525939215823,51.05201278973045,3.7076323958461135,2019,1,7,44021,Gent,Normaal,Proper,"Nacht, openbare verlichting aanwezig en ontstoken",met lichtgewonden,3,Fiets,3,Fiets,Op Kruispunt,Gemeenteweg,binnen bebouwde kom,Tussen 2 bestuurders: Frontale botsing,Geen hindernis
11859,136,Gent R4,Gent,51.0876313,3.7587918,0.4894495858146331,51.09202145149219,3.7582839211928376,2019,1,7,44021,Gent,Normaal,"Nat, plassen","Nacht, openbare verlichting aanwezig en ontstoken",met lichtgewonden,9,personenauto,3,Fiets,Op Kruispunt,Gemeenteweg,binnen bebouwde kom,Tss. 2 best.: langs opzij (voor-/achterkant-flank),Geen hindernis
11861,136,Gent R4,Gent,51.0876313,3.7587918,2.386396724096376,51.10379115581503,3.7812793734245886,2019,1,16,44021,Gent,Sneeuwval,"Ijzel, sneeuw",Dageraad - schemering,met lichtgewonden,3,Fiets,9,personenauto,Op Kruispunt,Gemeenteweg,binnen bebouwde kom,Tussen 2 bestuurders: Frontale botsing,Geen hindernis
11864,13,Gent,Gent,51.03018,3.70146,2.157394049791756,51.03799967535371,3.729695819470175,2019,1,20,44021,Gent,Normaal,"Nat, plassen","Nacht, openbare verlichting aanwezig en ontstoken",met lichtgewonden,3,Fiets,10,"één bestuurder, geen hindernis",Buiten Kruispunt,Gemeenteweg,binnen bebouwde kom,"Eén bestuurder, geen hindernis (incl. val)",Geen hindernis
11865,118,Gent teller 1,Gent,51.028049,3.7681359,2.2559187947212282,51.033282615004154,3.7369685278694265,2019,1,21,44021,Gent,Normaal,Droog,"Nacht, openbare verlichting aanwezig en ontstoken",met lichtgewonden,9,personenauto,3,Fiets,Op Kruispunt,Gemeenteweg,binnen bebouwde kom,Tussen 2 bestuurders: Flank tegen flank,Geen hindernis
11865,119,Gent teller 2,Gent,51.0281795,3.7683918,2.2695386279277767,51.033282615004154,3.7369685278694265,2019,1,21,44021,Gent,Normaal,Droog,"Nacht, openbare verlichting aanwezig en ontstoken",met lichtgewonden,9,personenauto,3,Fiets,Op Kruispunt,Gemeenteweg,binnen bebouwde kom,Tussen 2 bestuurders: Flank tegen flank,Geen hindernis
11874,118,Gent teller 1,Gent,51.028049,3.7681359,1.3343922844040104,51.016659124599116,3.762127825820139,2019,1,23,44043,Merelbeke,Normaal,Droog,"Nacht, openbare verlichting aanwezig en ontstoken",met lichtgewonden,5,Lichte vrachtauto,3,Fiets,Op Kruispunt,Gemeenteweg,binnen bebouwde kom,Tss. 2 best.: langs opzij (voor-/achterkant-flank),Geen hindernis
11874,119,Gent teller 2,Gent,51.0281795,3.7683918,1.353858233077809,51.016659124599116,3.762127825820139,2019,1,23,44043,Merelbeke,Normaal,Droog,"Nacht, openbare verlichting aanwezig en ontstoken",met lichtgewonden,5,Lichte vrachtauto,3,Fiets,Op Kruispunt,Gemeenteweg,binnen bebouwde kom,Tss. 2 best.: langs opzij (voor-/achterkant-flank),Geen hindernis
11875,116,Melle teller 2,Melle,50.9986113,3.8040599,1.028601103320116,50.99568860922074,3.818005168325548,2019,1,6,44040,Melle,Sneeuwval,"Ijzel, sneeuw",Dageraad - schemering,met lichtgewonden,3,Fiets,10,"één bestuurder, geen hindernis",Buiten Kruispunt,Gewestweg,buiten bebouwde kom,"Eén bestuurder, geen hindernis (incl. val)",Geen hindernis
11875,117,Melle teller 1,Melle,50.9986113,3.8040599,1.028601103320116,50.99568860922074,3.818005168325548,2019,1,6,44040,Melle,Sneeuwval,"Ijzel, sneeuw",Dageraad - schemering,met lichtgewonden,3,Fiets,10,"één bestuurder, geen hindernis",Buiten Kruispunt,Gewestweg,buiten bebouwde kom,"Eén bestuurder, geen hindernis (incl. val)",Geen hindernis
11876,116,Melle teller 2,Melle,50.9986113,3.8040599,1.1315185506066445,50.99859756162419,3.820229208389421,2019,1,12,44040,Melle,Normaal,"Ijzel, sneeuw",Dag,met lichtgewonden,3,Fiets,10,"één bestuurder, geen hindernis",Op Kruispunt,Gewestweg,binnen bebouwde kom,"Eén bestuurder, geen hindernis (incl. val)",Geen hindernis
11876,117,Melle teller 1,Melle,50.9986113,3.8040599,1.1315185506066445,50.99859756162419,3.820229208389421,2019,1,12,44040,Melle,Normaal,"Ijzel, sneeuw",Dag,met lichtgewonden,3,Fiets,10,"één bestuurder, geen hindernis",Op Kruispunt,Gewestweg,binnen bebouwde kom,"Eén bestuurder, geen hindernis (incl. val)",Geen hindernis
11906,128,Lokeren teller 1,Lokeren,51.09644,3.97023,1.3711178738363763,51.10465134771331,3.984879105914556,2019,1,18,46014,Lokeren,Normaal,"Nat, plassen","Nacht, openbare verlichting aanwezig en ontstoken",met zwaargewonden,9,personenauto,3,Fiets,Buiten Kruispunt,Gemeenteweg,binnen bebouwde kom,Tss. 2 best.: langs opzij (voor-/achterkant-flank),Geen hindernis
11906,129,Lokeren teller 2,Lokeren,51.09612,3.97025,1.3940445758501492,51.10465134771331,3.984879105914556,2019,1,18,46014,Lokeren,Normaal,"Nat, plassen","Nacht, openbare verlichting aanwezig en ontstoken",met zwaargewonden,9,personenauto,3,Fiets,Buiten Kruispunt,Gemeenteweg,binnen bebouwde kom,Tss. 2 best.: langs opzij (voor-/achterkant-flank),Geen hindernis
11906,141,Test site A support,Lokeren,51.08342085,3.9961071208376326,2.4875384578150674,51.10465134771331,3.984879105914556,2019,1,18,46014,Lokeren,Normaal,"Nat, plassen","Nacht, openbare verlichting aanwezig en ontstoken",met zwaargewonden,9,personenauto,3,Fiets,Buiten Kruispunt,Gemeenteweg,binnen bebouwde kom,Tss. 2 best.: langs opzij (voor-/achterkant-flank),Geen hindernis
11908,141,Test site A support,Lokeren,51.08342085,3.9961071208376326,1.9665998933203874,51.10097488692186,3.999541374576678,2019,1,18,46014,Lokeren,Normaal,Onbekend,"Nacht, openbare verlichting aanwezig en ontstoken",met lichtgewonden,9,personenauto,3,Fiets,Op Kruispunt,Gewestweg,binnen bebouwde kom,Tss. 2 best.: langs opzij (voor-/achterkant-flank),Geen hindernis
11908,128,Lokeren teller 1,Lokeren,51.09644,3.97023,2.107963500192439,51.10097488692186,3.999541374576678,2019,1,18,46014,Lokeren,Normaal,Onbekend,"Nacht, openbare verlichting aanwezig en ontstoken",met lichtgewonden,9,personenauto,3,Fiets,Op Kruispunt,Gewestweg,binnen bebouwde kom,Tss. 2 best.: langs opzij (voor-/achterkant-flank),Geen hindernis
11908,129,Lokeren teller 2,Lokeren,51.09612,3.97025,2.1154137982275993,51.10097488692186,3.999541374576678,2019,1,18,46014,Lokeren,Normaal,Onbekend,"Nacht, openbare verlichting aanwezig en ontstoken",met lichtgewonden,9,personenauto,3,Fiets,Op Kruispunt,Gewestweg,binnen bebouwde kom,Tss. 2 best.: langs opzij (voor-/achterkant-flank),Geen hindernis
11910,128,Lokeren teller 1,Lokeren,51.09644,3.97023,1.4327905235583274,51.10173494614885,3.9889364797233338,2019,1,18,46014,Lokeren,Normaal,"Nat, plassen","Nacht, openbare verlichting aanwezig en ontstoken",met lichtgewonden,5,Lichte vrachtauto,3,Fiets,Buiten Kruispunt,Gemeenteweg,binnen bebouwde kom,Tussen 2 bestuurders: Frontale botsing,Geen hindernis
11910,129,Lokeren teller 2,Lokeren,51.09612,3.97025,1.446519905192391,51.10173494614885,3.9889364797233338,2019,1,18,46014,Lokeren,Normaal,"Nat, plassen","Nacht, openbare verlichting aanwezig en ontstoken",met lichtgewonden,5,Lichte vrachtauto,3,Fiets,Buiten Kruispunt,Gemeenteweg,binnen bebouwde kom,Tussen 2 bestuurders: Frontale botsing,Geen hindernis
11910,141,Test site A support,Lokeren,51.08342085,3.9961071208376326,2.097104228631264,51.10173494614885,3.9889364797233338,2019,1,18,46014,Lokeren,Normaal,"Nat, plassen","Nacht, openbare verlichting aanwezig en ontstoken",met lichtgewonden,5,Lichte vrachtauto,3,Fiets,Buiten Kruispunt,Gemeenteweg,binnen bebouwde kom,Tussen 2 bestuurders: Frontale botsing,Geen hindernis
11911,141,Test site A support,Lokeren,51.08342085,3.9961071208376326,1.4161471728391457,51.09585022937725,3.991686651424734,2019,1,16,46014,Lokeren,Normaal,Droog,Dag,met lichtgewonden,9,personenauto,3,Fiets,Op Kruispunt,Gewestweg,buiten bebouwde kom,Tss. 2 best.: langs opzij (voor-/achterkant-flank),Geen hindernis
11911,129,Lokeren teller 2,Lokeren,51.09612,3.97025,1.497272684177437,51.09585022937725,3.991686651424734,2019,1,16,46014,Lokeren,Normaal,Droog,Dag,met lichtgewonden,9,personenauto,3,Fiets,Op Kruispunt,Gewestweg,buiten bebouwde kom,Tss. 2 best.: langs opzij (voor-/achterkant-flank),Geen hindernis
11911,128,Lokeren teller 1,Lokeren,51.09644,3.97023,1.4997980636511252,51.09585022937725,3.991686651424734,2019,1,16,46014,Lokeren,Normaal,Droog,Dag,met lichtgewonden,9,personenauto,3,Fiets,Op Kruispunt,Gewestweg,buiten bebouwde kom,Tss. 2 best.: langs opzij (voor-/achterkant-flank),Geen hindernis
11913,120,Zele teller 1,Zele,51.0607671,4.0547741,1.799150208861303,51.07125835883081,4.035172863737129,2019,1,13,42028,Zele,Normaal,Droog,Dag,met lichtgewonden,9,personenauto,3,Fiets,Op Kruispunt,Gemeenteweg,binnen bebouwde kom,Tss. 2 best.: langs opzij (voor-/achterkant-flank),Geen hindernis
11913,121,Zele teller 2,Zele,51.0604067,4.0556696,1.872804534678996,51.07125835883081,4.035172863737129,2019,1,13,42028,Zele,Normaal,Droog,Dag,met lichtgewonden,9,personenauto,3,Fiets,Op Kruispunt,Gemeenteweg,binnen bebouwde kom,Tss. 2 best.: langs opzij (voor-/achterkant-flank),Geen hindernis
11914,120,Zele teller 1,Zele,51.0607671,4.0547741,1.1078666695143808,51.060086623564544,4.038958646196994,2019,1,6,42028,Zele,Sneeuwval,"Ijzel, sneeuw","Nacht, openbare verlichting aanwezig en ontstoken",met lichtgewonden,3,Fiets,9,personenauto,Buiten Kruispunt,Gemeenteweg,binnen bebouwde kom,Tussen 2 bestuurders: Langs achteren,Geen hindernis
11914,121,Zele teller 2,Zele,51.0604067,4.0556696,1.168409434571972,51.060086623564544,4.038958646196994,2019,1,6,42028,Zele,Sneeuwval,"Ijzel, sneeuw","Nacht, openbare verlichting aanwezig en ontstoken",met lichtgewonden,3,Fiets,9,personenauto,Buiten Kruispunt,Gemeenteweg,binnen bebouwde kom,Tussen 2 bestuurders: Langs achteren,Geen hindernis
11915,120,Zele teller 1,Zele,51.0607671,4.0547741,2.4590318804201736,51.08224315802585,4.046377730524725,2019,1,7,42028,Zele,Normaal,Onbekend,"Nacht, openbare verlichting aanwezig en ontstoken",met lichtgewonden,3,Fiets,5,Lichte vrachtauto,Op Kruispunt,Gemeenteweg,buiten bebouwde kom,Tss. 2 best.: langs opzij (voor-/achterkant-flank),Geen hindernis
11916,120,Zele teller 1,Zele,51.0607671,4.0547741,2.4590318804201736,51.08224315802585,4.046377730524725,2019,1,7,42028,Zele,Onbekend,Onbekend,Dag,met lichtgewonden,9,personenauto,3,Fiets,Op Kruispunt,Gemeenteweg,buiten bebouwde kom,Tussen 2 bestuurders: Frontale botsing,Geen hindernis
11925,10,Aalst 2,Aalst,50.93549,4.01571,0.8766710708285819,50.942223786649244,4.022217367262065,2019,1,8,41002,Aalst,Normaal,Droog,Dageraad - schemering,met lichtgewonden,9,personenauto,3,Fiets,Op Kruispunt,Gemeenteweg,binnen bebouwde kom,Tss. 2 best.: langs opzij (voor-/achterkant-flank),Geen hindernis
11925,11,Aalst 3,Aalst,50.93385,4.01647,1.0144821761929292,50.942223786649244,4.022217367262065,2019,1,8,41002,Aalst,Normaal,Droog,Dageraad - schemering,met lichtgewonden,9,personenauto,3,Fiets,Op Kruispunt,Gemeenteweg,binnen bebouwde kom,Tss. 2 best.: langs opzij (voor-/achterkant-flank),Geen hindernis
11925,19,Aalst 1,Aalst,50.93433,4.01471,1.0233107945013926,50.942223786649244,4.022217367262065,2019,1,8,41002,Aalst,Normaal,Droog,Dageraad - schemering,met lichtgewonden,9,personenauto,3,Fiets,Op Kruispunt,Gemeenteweg,binnen bebouwde kom,Tss. 2 best.: langs opzij (voor-/achterkant-flank),Geen hindernis
11926,11,Aalst 3,Aalst,50.93385,4.01647,1.9668346597443043,50.934619703609286,4.044510428245931,2019,1,8,41002,Aalst,Normaal,Droog,Dag,met lichtgewonden,9,personenauto,3,Fiets,Op Kruispunt,Gewestweg,binnen bebouwde kom,Tss. 2 best.: langs opzij (voor-/achterkant-flank),Geen hindernis
11926,10,Aalst 2,Aalst,50.93549,4.01571,2.0205128608351606,50.934619703609286,4.044510428245931,2019,1,8,41002,Aalst,Normaal,Droog,Dag,met lichtgewonden,9,personenauto,3,Fiets,Op Kruispunt,Gewestweg,binnen bebouwde kom,Tss. 2 best.: langs opzij (voor-/achterkant-flank),Geen hindernis
11926,19,Aalst 1,Aalst,50.93433,4.01471,2.0885436972487383,50.934619703609286,4.044510428245931,2019,1,8,41002,Aalst,Normaal,Droog,Dag,met lichtgewonden,9,personenauto,3,Fiets,Op Kruispunt,Gewestweg,binnen bebouwde kom,Tss. 2 best.: langs opzij (voor-/achterkant-flank),Geen hindernis
11930,122,Dendermonde teller 2,Dendermonde,51.0373918,4.1019222,1.864932987812047,51.02139639230198,4.093902684116416,2019,1,20,42006,Dendermonde,Normaal,Droog,"Nacht, openbare verlichting aanwezig en ontstoken",met lichtgewonden,3,Fiets,9,personenauto,Op Kruispunt,Gemeenteweg,binnen bebouwde kom,Tussen 2 bestuurders: Frontale botsing,Geen hindernis
11930,125,Dendermonde totem,Dendermonde,51.0372706,4.1025998,1.8669800528283043,51.02139639230198,4.093902684116416,2019,1,20,42006,Dendermonde,Normaal,Droog,"Nacht, openbare verlichting aanwezig en ontstoken",met lichtgewonden,3,Fiets,9,personenauto,Op Kruispunt,Gemeenteweg,binnen bebouwde kom,Tussen 2 bestuurders: Frontale botsing,Geen hindernis
11931,125,Dendermonde totem,Dendermonde,51.0372706,4.1025998,1.7833724110535485,51.02159057472599,4.107959475289771,2019,1,20,42006,Dendermonde,Normaal,Droog,Dag,met lichtgewonden,9,personenauto,3,Fiets,Buiten Kruispunt,Gewestweg,buiten bebouwde kom,Tss. 2 best.: langs opzij (voor-/achterkant-flank),Geen hindernis
11931,122,Dendermonde teller 2,Dendermonde,51.0373918,4.1019222,1.8070310163007375,51.02159057472599,4.107959475289771,2019,1,20,42006,Dendermonde,Normaal,Droog,Dag,met lichtgewonden,9,personenauto,3,Fiets,Buiten Kruispunt,Gewestweg,buiten bebouwde kom,Tss. 2 best.: langs opzij (voor-/achterkant-flank),Geen hindernis