crash_row_id,site_id,site_name,site_gemeente,site_lat,site_long,distance_km,crash_lat,crash_long,DT_YEAR_COLLISION,DT_MONTH_COLLISION,DT_TIME,CD_NIS,TX_MUNTY_COLLISION_NL,TX_WEATHER_NL,TX_ROAD_CONDITION_NL,TX_LIGHT_CONDITION_NL,TX_CLASS_ACCIDENTS_NL,CD_ROAD_USR_TYPE1,TX_ROAD_USR_TYPE1_NL,CD_ROAD_USR_TYPE2,TX_ROAD_USR_TYPE2_NL,TX_CROSSWAY_NL,CD_ROAD_TYPE_NL,TX_BUILD_UP_AREA_NL,TX_COLLISION_TYPE_NL,TX_OBSTACLES_NL
11933,122,Dendermonde teller 2,Dendermonde,51.0373918,4.1019222,0.7858858620405501,51.03163876307839,4.095393833626508,2019,1,15,42006,Dendermonde,Onbekend,Onbekend,Dag,met lichtgewonden,3,Fiets,3,Fiets,Buiten Kruispunt,Gemeenteweg,onbekend,Tss. 2 best.: langs opzij (voor-/achterkant-flank),Geen hindernis
11933,125,Dendermonde totem,Dendermonde,51.0372706,4.1025998,0.8037787186948958,51.03163876307839,4.095393833626508,2019,1,15,42006,Dendermonde,Onbekend,Onbekend,Dag,met lichtgewonden,3,Fiets,3,Fiets,Buiten Kruispunt,Gemeenteweg,onbekend,Tss. 2 best.: langs opzij (voor-/achterkant-flank),Geen hindernis
11935,125,Dendermonde totem,Dendermonde,51.0372706,4.1025998,2.039318304418792,51.01963451502109,4.110601296299747,2019,1,22,42006,Dendermonde,Normaal,"Ijzel, sneeuw","Nacht, openbare verlichting aanwezig en ontstoken",met lichtgewonden,3,Fiets,10,"één bestuurder, geen hindernis",Op Kruispunt,Gewestweg,binnen bebouwde kom,"Eén bestuurder, geen hindernis (incl. val)",Geen hindernis
11935,122,Dendermonde teller 2,Dendermonde,51.0373918,4.1019222,2.0657049051214376,51.01963451502109,4.110601296299747,2019,1,22,42006,Dendermonde,Normaal,"Ijzel, sneeuw","Nacht, openbare verlichting aanwezig en ontstoken",met lichtgewonden,3,Fiets,10,"één bestuurder, geen hindernis",Op Kruispunt,Gewestweg,binnen bebouwde kom,"Eén bestuurder, geen hindernis (incl. val)",Geen hindernis
11936,50,"Brugge, Sint-Andries",Brugge,51.19291,3.16252,2.1785061353615522,51.19349194006466,3.1937682014484445,2019,1,14,31005,Brugge,Normaal,Droog,Dag,met lichtgewonden,6,Bromfiets,3,Fiets,Op Kruispunt,Gemeenteweg,binnen bebouwde kom,Tss. 2 best.: langs opzij (voor-/achterkant-flank),Geen hindernis
11936,51,"Brugge, Sint-Andries",Brugge,51.19281,3.16252,2.1788671306597545,51.19349194006466,3.1937682014484445,2019,1,14,31005,Brugge,Normaal,Droog,Dag,met lichtgewonden,6,Bromfiets,3,Fiets,Op Kruispunt,Gemeenteweg,binnen bebouwde kom,Tss. 2 best.: langs opzij (voor-/achterkant-flank),Geen hindernis
11936,20,Brugge,Brugge,51.17416,3.20048,2.199928387876799,51.19349194006466,3.1937682014484445,2019,1,14,31005,Brugge,Normaal,Droog,Dag,met lichtgewonden,6,Bromfiets,3,Fiets,Op Kruispunt,Gemeenteweg,binnen bebouwde kom,Tss. 2 best.: langs opzij (voor-/achterkant-flank),Geen hindernis
11937,50,"Brugge, Sint-Andries",Brugge,51.19291,3.16252,2.2332098008464465,51.20815155545249,3.1833925476449774,2019,1,15,31005,Brugge,Normaal,Droog,Dag,met lichtgewonden,9,personenauto,3,Fiets,Op Kruispunt,Gemeenteweg,buiten bebouwde kom,Tss. 2 best.: langs opzij (voor-/achterkant-flank),Geen hindernis
11937,51,"Brugge, Sint-Andries",Brugge,51.19281,3.16252,2.2416611064990026,51.20815155545249,3.1833925476449774,2019,1,15,31005,Brugge,Normaal,Droog,Dag,met lichtgewonden,9,personenauto,3,Fiets,Op Kruispunt,Gemeenteweg,buiten bebouwde kom,Tss. 2 best.: langs opzij (voor-/achterkant-flank),Geen hindernis
11939,54,Brugge teller 2,Brugge,51.23015,3.22818,1.7544910541901648,51.21530747017164,3.219631964229203,2019,1,14,31005,Brugge,Normaal,Droog,Dag,met lichtgewonden,9,personenauto,3,Fiets,Op Kruispunt,Gemeenteweg,binnen bebouwde kom,Tussen 2 bestuurders: Frontale botsing,Geen hindernis
11939,53,Brugge teller 1,Brugge,51.23023,3.228,1.758667958533055,51.21530747017164,3.219631964229203,2019,1,14,31005,Brugge,Normaal,Droog,Dag,met lichtgewonden,9,personenauto,3,Fiets,Op Kruispunt,Gemeenteweg,binnen bebouwde kom,Tussen 2 bestuurders: Frontale botsing,Geen hindernis
11939,52,Brugge,Brugge,51.22632,3.24095,1.9245067953027806,51.21530747017164,3.219631964229203,2019,1,14,31005,Brugge,Normaal,Droog,Dag,met lichtgewonden,9,personenauto,3,Fiets,Op Kruispunt,Gemeenteweg,binnen bebouwde kom,Tussen 2 bestuurders: Frontale botsing,Geen hindernis
11939,142,TEST Validatie BRUGGE Y2H22022134,Brugge,51.22632,3.24095,1.9245067953027806,51.21530747017164,3.219631964229203,2019,1,14,31005,Brugge,Normaal,Droog,Dag,met lichtgewonden,9,personenauto,3,Fiets,Op Kruispunt,Gemeenteweg,binnen bebouwde kom,Tussen 2 bestuurders: Frontale botsing,Geen hindernis
11945,53,Brugge teller 1,Brugge,51.23023,3.228,1.6430675577884637,51.22340806258596,3.207069586485916,2019,1,13,31005,Brugge,Normaal,"Nat, plassen",Dag,met lichtgewonden,3,Fiets,9,personenauto,Op Kruispunt,Gewestweg,binnen bebouwde kom,Tss. 2 best.: langs opzij (voor-/achterkant-flank),Geen hindernis
11945,54,Brugge teller 2,Brugge,51.23015,3.22818,1.6501369687167957,51.22340806258596,3.207069586485916,2019,1,13,31005,Brugge,Normaal,"Nat, plassen",Dag,met lichtgewonden,3,Fiets,9,personenauto,Op Kruispunt,Gewestweg,binnen bebouwde kom,Tss. 2 best.: langs opzij (voor-/achterkant-flank),Geen hindernis
11945,52,Brugge,Brugge,51.22632,3.24095,2.3814637456802537,51.22340806258596,3.207069586485916,2019,1,13,31005,Brugge,Normaal,"Nat, plassen",Dag,met lichtgewonden,3,Fiets,9,personenauto,Op Kruispunt,Gewestweg,binnen bebouwde kom,Tss. 2 best.: langs opzij (voor-/achterkant-flank),Geen hindernis
11945,142,TEST Validatie BRUGGE Y2H22022134,Brugge,51.22632,3.24095,2.3814637456802537,51.22340806258596,3.207069586485916,2019,1,13,31005,Brugge,Normaal,"Nat, plassen",Dag,met lichtgewonden,3,Fiets,9,personenauto,Op Kruispunt,Gewestweg,binnen bebouwde kom,Tss. 2 best.: langs opzij (voor-/achterkant-flank),Geen hindernis
11946,142,TEST Validatie BRUGGE Y2H22022134,Brugge,51.22632,3.24095,1.6440840597277249,51.21153508533595,3.2411778076710327,2019,1,17,31005,Brugge,Regenval,"Nat, plassen","Nacht, openbare verlichting aanwezig en ontstoken",met lichtgewonden,9,personenauto,3,Fiets,Buiten Kruispunt,Gewestweg,buiten bebouwde kom,Tss. 2 best.: langs opzij (voor-/achterkant-flank),Geen hindernis
11946,52,Brugge,Brugge,51.22632,3.24095,1.6440840597277249,51.21153508533595,3.2411778076710327,2019,1,17,31005,Brugge,Regenval,"Nat, plassen","Nacht, openbare verlichting aanwezig en ontstoken",met lichtgewonden,9,personenauto,3,Fiets,Buiten Kruispunt,Gewestweg,buiten bebouwde kom,Tss. 2 best.: langs opzij (voor-/achterkant-flank),Geen hindernis
11946,54,Brugge teller 2,Brugge,51.23015,3.22818,2.259166545316039,51.21153508533595,3.2411778076710327,2019,1,17,31005,Brugge,Regenval,"Nat, plassen","Nacht, openbare verlichting aanwezig en ontstoken",met lichtgewonden,9,personenauto,3,Fiets,Buiten Kruispunt,Gewestweg,buiten bebouwde kom,Tss. 2 best.: langs opzij (voor-/achterkant-flank),Geen hindernis
11946,53,Brugge teller 1,Brugge,51.23023,3.228,2.2723532444215198,51.21153508533595,3.2411778076710327,2019,1,17,31005,Brugge,Regenval,"Nat, plassen","Nacht, openbare verlichting aanwezig en ontstoken",met lichtgewonden,9,personenauto,3,Fiets,Buiten Kruispunt,Gewestweg,buiten bebouwde kom,Tss. 2 best.: langs opzij (voor-/achterkant-flank),Geen hindernis
11948,20,Brugge,Brugge,51.17416,3.20048,2.3908930059885773,51.17934486323526,3.2337654722813713,2019,1,19,31005,Brugge,Normaal,"Nat, plassen","Nacht, openbare verlichting aanwezig en ontstoken",met lichtgewonden,9,personenauto,3,Fiets,Op Kruispunt,Gewestweg,binnen bebouwde kom,Tussen 2 bestuurders: Frontale botsing,Geen hindernis
11950,142,TEST Validatie BRUGGE Y2H22022134,Brugge,51.22632,3.24095,2.3386150934250276,51.20817895178296,3.223961415161276,2019,1,2,31005,Brugge,Normaal,Droog,"Nacht, openbare verlichting aanwezig en ontstoken",met lichtgewonden,9,personenauto,3,Fiets,Buiten Kruispunt,Gewestweg,binnen bebouwde kom,Tussen 2 bestuurders: Flank tegen flank,Geen hindernis
11950,52,Brugge,Brugge,51.22632,3.24095,2.3386150934250276,51.20817895178296,3.223961415161276,2019,1,2,31005,Brugge,Normaal,Droog,"Nacht, openbare verlichting aanwezig en ontstoken",met lichtgewonden,9,personenauto,3,Fiets,Buiten Kruispunt,Gewestweg,binnen bebouwde kom,Tussen 2 bestuurders: Flank tegen flank,Geen hindernis
11950,54,Brugge teller 2,Brugge,51.23015,3.22818,2.460672654432597,51.20817895178296,3.223961415161276,2019,1,2,31005,Brugge,Normaal,Droog,"Nacht, openbare verlichting aanwezig en ontstoken",met lichtgewonden,9,personenauto,3,Fiets,Buiten Kruispunt,Gewestweg,binnen bebouwde kom,Tussen 2 bestuurders: Flank tegen flank,Geen hindernis
11950,53,Brugge teller 1,Brugge,51.23023,3.228,2.4680446964017535,51.20817895178296,3.223961415161276,2019,1,2,31005,Brugge,Normaal,Droog,"Nacht, openbare verlichting aanwezig en ontstoken",met lichtgewonden,9,personenauto,3,Fiets,Buiten Kruispunt,Gewestweg,binnen bebouwde kom,Tussen 2 bestuurders: Flank tegen flank,Geen hindernis
11961,55,Torhout teller 1,Torhout,51.07161,3.08261,1.5691810028291753,51.06450956284137,3.102017431826894,2019,1,19,31033,Torhout,Normaal,"Nat, plassen","Nacht, openbare verlichting aanwezig en ontstoken",met lichtgewonden,9,personenauto,3,Fiets,Buiten Kruispunt,Gewestweg,binnen bebouwde kom,Tss. 2 best.: langs opzij (voor-/achterkant-flank),Geen hindernis
11961,56,Torhout teller 2,Torhout,51.07147,3.08244,1.571735773178451,51.06450956284137,3.102017431826894,2019,1,19,31033,Torhout,Normaal,"Nat, plassen","Nacht, openbare verlichting aanwezig en ontstoken",met lichtgewonden,9,personenauto,3,Fiets,Buiten Kruispunt,Gewestweg,binnen bebouwde kom,Tss. 2 best.: langs opzij (voor-/achterkant-flank),Geen hindernis
11963,60,Ardooie teller 2,Ardooie,50.96783,3.18411,1.8861031881240917,50.95796393947751,3.1622028496928465,2019,1,13,36015,Roeselare,Normaal,Droog,Dag,met lichtgewonden,3,Fiets,4,Vrachtwagen,Buiten Kruispunt,Gewestweg,binnen bebouwde kom,Tussen 2 bestuurders: Langs achteren,Geen hindernis
11963,59,Ardooie teller 1,Ardooie,50.96784,3.18479,1.9256742345774485,50.95796393947751,3.1622028496928465,2019,1,13,36015,Roeselare,Normaal,Droog,Dag,met lichtgewonden,3,Fiets,4,Vrachtwagen,Buiten Kruispunt,Gewestweg,binnen bebouwde kom,Tussen 2 bestuurders: Langs achteren,Geen hindernis
11967,84,Roeselare totem,Izegem,50.91717,3.18772,1.9324905981026619,50.91853556715159,3.2152019792800575,2019,1,11,36008,Izegem,Normaal,"Nat, plassen",Dag,met lichtgewonden,3,Fiets,3,Fiets,Buiten Kruispunt,Gemeenteweg,binnen bebouwde kom,Tss. 2 best.: langs opzij (voor-/achterkant-flank),Geen hindernis
11968,84,Roeselare totem,Izegem,50.91717,3.18772,1.0707739974142119,50.921332767747906,3.2014942001563607,2019,1,11,36008,Izegem,Normaal,Droog,Dag,met lichtgewonden,9,personenauto,3,Fiets,Buiten Kruispunt,Gewestweg,binnen bebouwde kom,Tss. 2 best.: langs opzij (voor-/achterkant-flank),Geen hindernis
11976,61,Wervik teller 2,Wervik,50.80555,3.0921,2.1876171156566033,50.79628068690087,3.1195569185468073,2019,1,12,34027,Menen,Normaal,Droog,Dag,met zwaargewonden,3,Fiets,3,Fiets,Op Kruispunt,Gewestweg,binnen bebouwde kom,Tss. 2 best.: langs opzij (voor-/achterkant-flank),Geen hindernis
11976,62,Wervik teller 1,Wervik,50.8058,3.09154,2.235431197545095,50.79628068690087,3.1195569185468073,2019,1,12,34027,Menen,Normaal,Droog,Dag,met zwaargewonden,3,Fiets,3,Fiets,Op Kruispunt,Gewestweg,binnen bebouwde kom,Tss. 2 best.: langs opzij (voor-/achterkant-flank),Geen hindernis
11977,143,Eco Display Classic Budastraat,Kortrijk,50.83066,3.26286,2.377936960600761,50.83651179821021,3.2302920634961607,2019,1,17,34022,Kortrijk,Normaal,Droog,Dag,met lichtgewonden,3,Fiets,9,personenauto,Op Kruispunt,Gemeenteweg,binnen bebouwde kom,Tussen 2 bestuurders: Flank tegen flank,Geen hindernis
11978,17,Kortrijk 2,Kortrijk,50.83339,3.27773,2.22812680497216,50.85070526357445,3.2617593293242306,2019,1,8,34023,Kuurne,Regenval,"Nat, plassen","Nacht, openbare verlichting aanwezig en ontstoken",met lichtgewonden,9,personenauto,3,Fiets,Buiten Kruispunt,Gemeenteweg,buiten bebouwde kom,Tss. 2 best.: langs opzij (voor-/achterkant-flank),Geen hindernis
11978,143,Eco Display Classic Budastraat,Kortrijk,50.83066,3.26286,2.23027112032315,50.85070526357445,3.2617593293242306,2019,1,8,34023,Kuurne,Regenval,"Nat, plassen","Nacht, openbare verlichting aanwezig en ontstoken",met lichtgewonden,9,personenauto,3,Fiets,Buiten Kruispunt,Gemeenteweg,buiten bebouwde kom,Tss. 2 best.: langs opzij (voor-/achterkant-flank),Geen hindernis
11978,16,Kortrijk 1,Kortrijk,50.83332,3.27777,2.236267261845283,50.85070526357445,3.2617593293242306,2019,1,8,34023,Kuurne,Regenval,"Nat, plassen","Nacht, openbare verlichting aanwezig en ontstoken",met lichtgewonden,9,personenauto,3,Fiets,Buiten Kruispunt,Gemeenteweg,buiten bebouwde kom,Tss. 2 best.: langs opzij (voor-/achterkant-flank),Geen hindernis
11979,143,Eco Display Classic Budastraat,Kortrijk,50.83066,3.26286,0.9487925500998159,50.834758052354125,3.2510102036155324,2019,1,14,34022,Kortrijk,Regenval,"Nat, plassen",Dag,met zwaargewonden,9,personenauto,3,Fiets,Buiten Kruispunt,Gemeenteweg,binnen bebouwde kom,Tussen 2 bestuurders: Langs achteren,Geen hindernis
11979,75,Kortrijk teller 2,Kortrijk,50.81925,3.25731,1.7802823435696389,50.834758052354125,3.2510102036155324,2019,1,14,34022,Kortrijk,Regenval,"Nat, plassen",Dag,met zwaargewonden,9,personenauto,3,Fiets,Buiten Kruispunt,Gemeenteweg,binnen bebouwde kom,Tussen 2 bestuurders: Langs achteren,Geen hindernis
11979,74,Kortrijk teller 1,Kortrijk,50.81909,3.25728,1.7970033256859574,50.834758052354125,3.2510102036155324,2019,1,14,34022,Kortrijk,Regenval,"Nat, plassen",Dag,met zwaargewonden,9,personenauto,3,Fiets,Buiten Kruispunt,Gemeenteweg,binnen bebouwde kom,Tussen 2 bestuurders: Langs achteren,Geen hindernis
11979,17,Kortrijk 2,Kortrijk,50.83339,3.27773,1.8826122630935225,50.834758052354125,3.2510102036155324,2019,1,14,34022,Kortrijk,Regenval,"Nat, plassen",Dag,met zwaargewonden,9,personenauto,3,Fiets,Buiten Kruispunt,Gemeenteweg,binnen bebouwde kom,Tussen 2 bestuurders: Langs achteren,Geen hindernis
11979,16,Kortrijk 1,Kortrijk,50.83332,3.27777,1.8860575469166032,50.834758052354125,3.2510102036155324,2019,1,14,34022,Kortrijk,Regenval,"Nat, plassen",Dag,met zwaargewonden,9,personenauto,3,Fiets,Buiten Kruispunt,Gemeenteweg,binnen bebouwde kom,Tussen 2 bestuurders: Langs achteren,Geen hindernis
11980,17,Kortrijk 2,Kortrijk,50.83339,3.27773,2.4130037270406093,50.855010804165865,3.274784294379005,2019,1,18,34023,Kuurne,Regenval,"Nat, plassen","Nacht, openbare verlichting aanwezig en ontstoken",met lichtgewonden,9,personenauto,3,Fiets,Op Kruispunt,Gemeenteweg,binnen bebouwde kom,Tss. 2 best.: langs opzij (voor-/achterkant-flank),Geen hindernis
11980,16,Kortrijk 1,Kortrijk,50.83332,3.27777,2.4210003998239396,50.855010804165865,3.274784294379005,2019,1,18,34023,Kuurne,Regenval,"Nat, plassen","Nacht, openbare verlichting aanwezig en ontstoken",met lichtgewonden,9,personenauto,3,Fiets,Op Kruispunt,Gemeenteweg,binnen bebouwde kom,Tss. 2 best.: langs opzij (voor-/achterkant-flank),Geen hindernis
11981,17,Kortrijk 2,Kortrijk,50.83339,3.27773,2.3273611578233484,50.8540113829856,3.2834054329094253,2019,1,8,34023,Kuurne,Normaal,Onbekend,Dageraad - schemering,met lichtgewonden,9,personenauto,3,Fiets,Buiten Kruispunt,Gemeenteweg,binnen bebouwde kom,Tss. 2 best.: langs opzij (voor-/achterkant-flank),Geen hindernis
11981,16,Kortrijk 1,Kortrijk,50.83332,3.27777,2.334552643391556,50.8540113829856,3.2834054329094253,2019,1,8,34023,Kuurne,Normaal,Onbekend,Dageraad - schemering,met lichtgewonden,9,personenauto,3,Fiets,Buiten Kruispunt,Gemeenteweg,binnen bebouwde kom,Tss. 2 best.: langs opzij (voor-/achterkant-flank),Geen hindernis
11983,143,Eco Display Classic Budastraat,Kortrijk,50.83066,3.26286,2.3941661449265497,50.84287851780295,3.2347876481607747,2019,1,7,34022,Kortrijk,Normaal,"Nat, plassen",Dageraad - schemering,met lichtgewonden,9,personenauto,3,Fiets,Op Kruispunt,Gemeenteweg,binnen bebouwde kom,Tss. 2 best.: langs opzij (voor-/achterkant-flank),Geen hindernis
11988,17,Kortrijk 2,Kortrijk,50.83339,3.27773,2.4785350464932656,50.849387435999624,3.302310445504091,2019,1,13,34013,Harelbeke,Normaal,Droog,Dag,met lichtgewonden,9,personenauto,3,Fiets,Op Kruispunt,Gemeenteweg,binnen bebouwde kom,Tss. 2 best.: langs opzij (voor-/achterkant-flank),Geen hindernis
11988,16,Kortrijk 1,Kortrijk,50.83332,3.27777,2.4821775482787225,50.849387435999624,3.302310445504091,2019,1,13,34013,Harelbeke,Normaal,Droog,Dag,met lichtgewonden,9,personenauto,3,Fiets,Op Kruispunt,Gemeenteweg,binnen bebouwde kom,Tss. 2 best.: langs opzij (voor-/achterkant-flank),Geen hindernis
11992,68,Ieper,Ieper,50.85032,2.85608,1.358090087733859,50.85770134315665,2.8714938849149045,2019,1,8,33011,Ieper,Normaal,Droog,Dageraad - schemering,met lichtgewonden,3,Fiets,9,personenauto,Op Kruispunt,Gewestweg,binnen bebouwde kom,Tss. 2 best.: langs opzij (voor-/achterkant-flank),Geen hindernis
11992,67,Ieper totem,Ieper,50.85018,2.85624,1.358686699639198,50.85770134315665,2.8714938849149045,2019,1,8,33011,Ieper,Normaal,Droog,Dageraad - schemering,met lichtgewonden,3,Fiets,9,personenauto,Op Kruispunt,Gewestweg,binnen bebouwde kom,Tss. 2 best.: langs opzij (voor-/achterkant-flank),Geen hindernis
11993,67,Ieper totem,Ieper,50.85018,2.85624,1.5592383177717808,50.84596125208681,2.8774204727346593,2019,1,16,33011,Ieper,Normaal,"Nat, plassen","Nacht, geen openbare verlichting aanwezig",met lichtgewonden,9,personenauto,3,Fiets,Buiten Kruispunt,Gewestweg,binnen bebouwde kom,Tussen 2 bestuurders: Langs achteren,Geen hindernis
11993,68,Ieper,Ieper,50.85032,2.85608,1.574673970947778,50.84596125208681,2.8774204727346593,2019,1,16,33011,Ieper,Normaal,"Nat, plassen","Nacht, geen openbare verlichting aanwezig",met lichtgewonden,9,personenauto,3,Fiets,Buiten Kruispunt,Gewestweg,binnen bebouwde kom,Tussen 2 bestuurders: Langs achteren,Geen hindernis
11998,41,Maasmechelen teller 1,Maasmechelen,50.97025,5.69799,1.1081000127093155,50.96079389927464,5.702983741748206,2019,1,15,73107,Maasmechelen,"Andere (dikke rook,...)",Droog,Dag,met lichtgewonden,3,Fiets,11,een weggebruiker tegen een hindernis,Buiten Kruispunt,Gewestweg,binnen bebouwde kom,Weggebruiker tegen hindernis op de rijbaan,"Op de rijbaan: Verkeersdrempel, ezelsrug"
11998,42,Maasmechelen teller 2,Maasmechelen,50.97043,5.6981,1.1247434919517618,50.96079389927464,5.702983741748206,2019,1,15,73107,Maasmechelen,"Andere (dikke rook,...)",Droog,Dag,met lichtgewonden,3,Fiets,11,een weggebruiker tegen een hindernis,Buiten Kruispunt,Gewestweg,binnen bebouwde kom,Weggebruiker tegen hindernis op de rijbaan,"Op de rijbaan: Verkeersdrempel, ezelsrug"
11999,42,Maasmechelen teller 2,Maasmechelen,50.97043,5.6981,0.06945457153458556,50.97105001422321,5.698220233435995,2019,1,8,73107,Maasmechelen,Normaal,Droog,Dag,met lichtgewonden,5,Lichte vrachtauto,3,Fiets,Op Kruispunt,Gewestweg,binnen bebouwde kom,Tss. 2 best.: langs opzij (voor-/achterkant-flank),Geen hindernis
11999,41,Maasmechelen teller 1,Maasmechelen,50.97025,5.69799,0.09040650873704086,50.97105001422321,5.698220233435995,2019,1,8,73107,Maasmechelen,Normaal,Droog,Dag,met lichtgewonden,5,Lichte vrachtauto,3,Fiets,Op Kruispunt,Gewestweg,binnen bebouwde kom,Tss. 2 best.: langs opzij (voor-/achterkant-flank),Geen hindernis
12000,41,Maasmechelen teller 1,Maasmechelen,50.97025,5.69799,0.3931780393121687,50.966834831314124,5.696535097797564,2019,1,8,73107,Maasmechelen,Normaal,Droog,Onbekend,met lichtgewonden,9,personenauto,3,Fiets,Op Kruispunt,Gewestweg,binnen bebouwde kom,Tss. 2 best.: langs opzij (voor-/achterkant-flank),Geen hindernis
12000,42,Maasmechelen teller 2,Maasmechelen,50.97043,5.6981,0.41451150217763383,50.966834831314124,5.696535097797564,2019,1,8,73107,Maasmechelen,Normaal,Droog,Onbekend,met lichtgewonden,9,personenauto,3,Fiets,Op Kruispunt,Gewestweg,binnen bebouwde kom,Tss. 2 best.: langs opzij (voor-/achterkant-flank),Geen hindernis
12005,124,Beveren teller 2,Beveren,51.1964712,4.2361077,0.39052929041321505,51.199967196244536,4.236644048150996,2019,1,7,46003,Beveren,Sneeuwval,"Ijzel, sneeuw","Nacht, openbare verlichting aanwezig en ontstoken",met lichtgewonden,6,Bromfiets,3,Fiets,Buiten Kruispunt,Gewestweg,buiten bebouwde kom,Tussen 2 bestuurders: Frontale botsing,Geen hindernis
12010,124,Beveren teller 2,Beveren,51.1964712,4.2361077,2.2436894555724014,51.2126389992508,4.255376698059123,2019,1,15,46003,Beveren,Onbekend,Droog,Dag,met lichtgewonden,9,personenauto,3,Fiets,Buiten Kruispunt,Gemeenteweg,binnen bebouwde kom,Tss. 2 best.: langs opzij (voor-/achterkant-flank),Geen hindernis
12014,99,Mechelen teller 1,Mechelen,51.04564,4.46882,2.31435528760526,51.02910948453165,4.488932306496594,2019,1,8,12025,Mechelen,Normaal,Droog,Dageraad - schemering,met lichtgewonden,9,personenauto,3,Fiets,Op Kruispunt,Gewestweg,binnen bebouwde kom,Tss. 2 best.: langs opzij (voor-/achterkant-flank),Geen hindernis
12014,100,Mechelen teller 2,Mechelen,51.0457,4.46883,2.319233257177282,51.02910948453165,4.488932306496594,2019,1,8,12025,Mechelen,Normaal,Droog,Dageraad - schemering,met lichtgewonden,9,personenauto,3,Fiets,Op Kruispunt,Gewestweg,binnen bebouwde kom,Tss. 2 best.: langs opzij (voor-/achterkant-flank),Geen hindernis
12015,99,Mechelen teller 1,Mechelen,51.04564,4.46882,2.0418111147707214,51.04027936060049,4.440886964850994,2019,1,17,12025,Mechelen,Normaal,"Nat, plassen",Dageraad - schemering,met lichtgewonden,9,personenauto,3,Fiets,Op Kruispunt,Gewestweg,buiten bebouwde kom,Tss. 2 best.: langs opzij (voor-/achterkant-flank),Geen hindernis
12015,100,Mechelen teller 2,Mechelen,51.0457,4.46883,2.0444356070623466,51.04027936060049,4.440886964850994,2019,1,17,12025,Mechelen,Normaal,"Nat, plassen",Dageraad - schemering,met lichtgewonden,9,personenauto,3,Fiets,Op Kruispunt,Gewestweg,buiten bebouwde kom,Tss. 2 best.: langs opzij (voor-/achterkant-flank),Geen hindernis
12016,99,Mechelen teller 1,Mechelen,51.04564,4.46882,2.324682114781474,51.024768488578005,4.470739008057132,2019,1,7,12025,Mechelen,Normaal,Droog,"Nacht, geen openbare verlichting aanwezig",met lichtgewonden,9,personenauto,3,Fiets,Op Kruispunt,Gewestweg,binnen bebouwde kom,Tss. 2 best.: langs opzij (voor-/achterkant-flank),Geen hindernis
12016,100,Mechelen teller 2,Mechelen,51.0457,4.46883,2.331302571875276,51.024768488578005,4.470739008057132,2019,1,7,12025,Mechelen,Normaal,Droog,"Nacht, geen openbare verlichting aanwezig",met lichtgewonden,9,personenauto,3,Fiets,Op Kruispunt,Gewestweg,binnen bebouwde kom,Tss. 2 best.: langs opzij (voor-/achterkant-flank),Geen hindernis
12017,109,Zemst,Zemst,50.9903936,4.4707023,2.4393735205486298,51.012126690585426,4.475453670753705,2019,1,17,12025,Mechelen,Normaal,Droog,"Nacht, openbare verlichting aanwezig en ontstoken",met lichtgewonden,9,personenauto,3,Fiets,Op Kruispunt,Gewestweg,buiten bebouwde kom,Tss. 2 best.: langs opzij (voor-/achterkant-flank),Geen hindernis
12019,99,Mechelen teller 1,Mechelen,51.04564,4.46882,1.3547682716247647,51.03420492407212,4.475507593351936,2019,1,18,12025,Mechelen,Normaal,"Nat, plassen","Nacht, openbare verlichting aanwezig en ontstoken",met lichtgewonden,9,personenauto,3,Fiets,Op Kruispunt,Gewestweg,binnen bebouwde kom,Tss. 2 best.: langs opzij (voor-/achterkant-flank),Geen hindernis
12019,100,Mechelen teller 2,Mechelen,51.0457,4.46883,1.3607918202481268,51.03420492407212,4.475507593351936,2019,1,18,12025,Mechelen,Normaal,"Nat, plassen","Nacht, openbare verlichting aanwezig en ontstoken",met lichtgewonden,9,personenauto,3,Fiets,Op Kruispunt,Gewestweg,binnen bebouwde kom,Tss. 2 best.: langs opzij (voor-/achterkant-flank),Geen hindernis
12021,100,Mechelen teller 2,Mechelen,51.0457,4.46883,0.9845823690155432,51.052398785336976,4.459619111286588,2019,1,16,12025,Mechelen,Onbekend,"Nat, plassen",Dag,met lichtgewonden,9,personenauto,3,Fiets,Op Kruispunt,Gemeenteweg,buiten bebouwde kom,Tss. 2 best.: langs opzij (voor-/achterkant-flank),Geen hindernis
12021,99,Mechelen teller 1,Mechelen,51.04564,4.46882,0.9891849719207125,51.052398785336976,4.459619111286588,2019,1,16,12025,Mechelen,Onbekend,"Nat, plassen",Dag,met lichtgewonden,9,personenauto,3,Fiets,Op Kruispunt,Gemeenteweg,buiten bebouwde kom,Tss. 2 best.: langs opzij (voor-/achterkant-flank),Geen hindernis
12022,99,Mechelen teller 1,Mechelen,51.04564,4.46882,1.1182960710812377,51.03862631110091,4.4802837880599995,2019,1,16,12025,Mechelen,Onbekend,Onbekend,Dag,met lichtgewonden,9,personenauto,3,Fiets,Op Kruispunt,Gewestweg,binnen bebouwde kom,Tussen 2 bestuurders: Frontale botsing,Geen hindernis