crash_row_id,site_id,site_name,site_gemeente,site_lat,site_long,distance_km,crash_lat,crash_long,DT_YEAR_COLLISION,DT_MONTH_COLLISION,DT_TIME,CD_NIS,TX_MUNTY_COLLISION_NL,TX_WEATHER_NL,TX_ROAD_CONDITION_NL,TX_LIGHT_CONDITION_NL,TX_CLASS_ACCIDENTS_NL,CD_ROAD_USR_TYPE1,TX_ROAD_USR_TYPE1_NL,CD_ROAD_USR_TYPE2,TX_ROAD_USR_TYPE2_NL,TX_CROSSWAY_NL,CD_ROAD_TYPE_NL,TX_BUILD_UP_AREA_NL,TX_COLLISION_TYPE_NL,TX_OBSTACLES_NL
12022,100,Mechelen teller 2,Mechelen,51.0457,4.46883,1.122459764443253,51.03862631110091,4.4802837880599995,2019,1,16,12025,Mechelen,Onbekend,Onbekend,Dag,met lichtgewonden,9,personenauto,3,Fiets,Op Kruispunt,Gewestweg,binnen bebouwde kom,Tussen 2 bestuurders: Frontale botsing,Geen hindernis
12023,137,Hasselt-Kempische brug,Hasselt,50.9411605,5.3417576,1.2987795097500356,50.952089020449385,5.3483007193162235,2019,1,8,71022,Hasselt,Onbekend,Onbekend,Onbekend,met lichtgewonden,3,Fiets,3,Fiets,Buiten Kruispunt,Gewestweg,onbekend,Tss. 2 best.: langs opzij (voor-/achterkant-flank),Geen hindernis
12023,138,Hasselt-Kempische brug,Hasselt,50.9405318,5.3422472,1.353274762381894,50.952089020449385,5.3483007193162235,2019,1,8,71022,Hasselt,Onbekend,Onbekend,Onbekend,met lichtgewonden,3,Fiets,3,Fiets,Buiten Kruispunt,Gewestweg,onbekend,Tss. 2 best.: langs opzij (voor-/achterkant-flank),Geen hindernis
12023,140,Hasselt ring,Hasselt,50.9300038,5.3438616,2.4753827818224043,50.952089020449385,5.3483007193162235,2019,1,8,71022,Hasselt,Onbekend,Onbekend,Onbekend,met lichtgewonden,3,Fiets,3,Fiets,Buiten Kruispunt,Gewestweg,onbekend,Tss. 2 best.: langs opzij (voor-/achterkant-flank),Geen hindernis
12024,140,Hasselt ring,Hasselt,50.9300038,5.3438616,0.8985004815796059,50.931438941554546,5.331244669372855,2019,1,16,71022,Hasselt,Onbekend,"Nat, plassen",Dag,met lichtgewonden,3,Fiets,9,personenauto,Op Kruispunt,Gemeenteweg,binnen bebouwde kom,Tss. 2 best.: langs opzij (voor-/achterkant-flank),Geen hindernis
12024,138,Hasselt-Kempische brug,Hasselt,50.9405318,5.3422472,1.2714973127884712,50.931438941554546,5.331244669372855,2019,1,16,71022,Hasselt,Onbekend,"Nat, plassen",Dag,met lichtgewonden,3,Fiets,9,personenauto,Op Kruispunt,Gemeenteweg,binnen bebouwde kom,Tss. 2 best.: langs opzij (voor-/achterkant-flank),Geen hindernis
12024,137,Hasselt-Kempische brug,Hasselt,50.9411605,5.3417576,1.3081382249405693,50.931438941554546,5.331244669372855,2019,1,16,71022,Hasselt,Onbekend,"Nat, plassen",Dag,met lichtgewonden,3,Fiets,9,personenauto,Op Kruispunt,Gemeenteweg,binnen bebouwde kom,Tss. 2 best.: langs opzij (voor-/achterkant-flank),Geen hindernis
12025,137,Hasselt-Kempische brug,Hasselt,50.9411605,5.3417576,1.032218400542616,50.94260862078548,5.327205632905268,2019,1,15,71022,Hasselt,Normaal,"Nat, plassen",Dag,met lichtgewonden,3,Fiets,9,personenauto,Buiten Kruispunt,Gewestweg,buiten bebouwde kom,Tss. 2 best.: langs opzij (voor-/achterkant-flank),Geen hindernis
12025,138,Hasselt-Kempische brug,Hasselt,50.9405318,5.3422472,1.0788968690594198,50.94260862078548,5.327205632905268,2019,1,15,71022,Hasselt,Normaal,"Nat, plassen",Dag,met lichtgewonden,3,Fiets,9,personenauto,Buiten Kruispunt,Gewestweg,buiten bebouwde kom,Tss. 2 best.: langs opzij (voor-/achterkant-flank),Geen hindernis
12025,140,Hasselt ring,Hasselt,50.9300038,5.3438616,1.8239164411971922,50.94260862078548,5.327205632905268,2019,1,15,71022,Hasselt,Normaal,"Nat, plassen",Dag,met lichtgewonden,3,Fiets,9,personenauto,Buiten Kruispunt,Gewestweg,buiten bebouwde kom,Tss. 2 best.: langs opzij (voor-/achterkant-flank),Geen hindernis
12027,138,Hasselt-Kempische brug,Hasselt,50.9405318,5.3422472,0.5759321930887272,50.93862217677495,5.349887730203391,2019,1,15,71022,Hasselt,Normaal,Droog,Dag,met lichtgewonden,9,personenauto,3,Fiets,Op Kruispunt,Gewestweg,binnen bebouwde kom,Tss. 2 best.: langs opzij (voor-/achterkant-flank),Geen hindernis
12027,137,Hasselt-Kempische brug,Hasselt,50.9411605,5.3417576,0.6357497162943667,50.93862217677495,5.349887730203391,2019,1,15,71022,Hasselt,Normaal,Droog,Dag,met lichtgewonden,9,personenauto,3,Fiets,Op Kruispunt,Gewestweg,binnen bebouwde kom,Tss. 2 best.: langs opzij (voor-/achterkant-flank),Geen hindernis
12027,140,Hasselt ring,Hasselt,50.9300038,5.3438616,1.0472366018207608,50.93862217677495,5.349887730203391,2019,1,15,71022,Hasselt,Normaal,Droog,Dag,met lichtgewonden,9,personenauto,3,Fiets,Op Kruispunt,Gewestweg,binnen bebouwde kom,Tss. 2 best.: langs opzij (voor-/achterkant-flank),Geen hindernis
12028,33,Lummen,Lummen,50.97978,5.20936,2.2290199393036954,50.980163561878726,5.177526069678856,2019,1,15,71037,Lummen,Normaal,Droog,Dag,met lichtgewonden,9,personenauto,3,Fiets,Op Kruispunt,Gemeenteweg,buiten bebouwde kom,Tussen 2 bestuurders: Langs achteren,Geen hindernis
12028,32,Lummen,Lummen,50.97971,5.20961,2.2466815626869105,50.980163561878726,5.177526069678856,2019,1,15,71037,Lummen,Normaal,Droog,Dag,met lichtgewonden,9,personenauto,3,Fiets,Op Kruispunt,Gemeenteweg,buiten bebouwde kom,Tussen 2 bestuurders: Langs achteren,Geen hindernis
12030,76,Heverlee teller 2,Leuven,50.84606,4.69597,2.3231801299987502,50.83223448324541,4.720774741513469,2019,1,9,24086,Oud-Heverlee,Normaal,Droog,Dag,met lichtgewonden,3,Fiets,2,Andere weggebruiker,Buiten Kruispunt,Gemeenteweg,binnen bebouwde kom,Tss. 2 best.: langs opzij (voor-/achterkant-flank),Geen hindernis
12030,108,Heverlee teller 1,Leuven,50.8471728,4.6954674,2.432496820505258,50.83223448324541,4.720774741513469,2019,1,9,24086,Oud-Heverlee,Normaal,Droog,Dag,met lichtgewonden,3,Fiets,2,Andere weggebruiker,Buiten Kruispunt,Gemeenteweg,binnen bebouwde kom,Tss. 2 best.: langs opzij (voor-/achterkant-flank),Geen hindernis
12031,131,Nevele,Deinze,51.0276612,3.558569,0.738402876285993,51.03281827935044,3.551916892898752,2019,1,15,44083,Deinze,Normaal,Droog,Dag,met lichtgewonden,3,Fiets,9,personenauto,Buiten Kruispunt,Gemeenteweg,binnen bebouwde kom,Tss. 2 best.: langs opzij (voor-/achterkant-flank),Geen hindernis
12036,61,Wervik teller 2,Wervik,50.80555,3.0921,1.5813917707582543,50.81615898518925,3.1070893092471707,2019,2,2,33029,Wervik,Normaal,Droog,"Nacht, geen openbare verlichting aanwezig",Met doden,3,Fiets,9,personenauto,Buiten Kruispunt,Autosnelweg,buiten bebouwde kom,Tussen 2 bestuurders: Frontale botsing,Geen hindernis
12036,62,Wervik teller 1,Wervik,50.8058,3.09154,1.5875788631157235,50.81615898518925,3.1070893092471707,2019,2,2,33029,Wervik,Normaal,Droog,"Nacht, geen openbare verlichting aanwezig",Met doden,3,Fiets,9,personenauto,Buiten Kruispunt,Autosnelweg,buiten bebouwde kom,Tussen 2 bestuurders: Frontale botsing,Geen hindernis
12058,2,Brasschaat 2,Brasschaat,51.27512,4.47169,1.915175862145654,51.28358465521844,4.447710009834802,2019,2,15,11002,Antwerpen,Normaal,"Nat, plassen",Dag,met lichtgewonden,3,Fiets,9,personenauto,Op Kruispunt,Gemeenteweg,binnen bebouwde kom,Tss. 2 best.: langs opzij (voor-/achterkant-flank),Geen hindernis
12058,3,Brasschaat 1,Brasschaat,51.27503,4.47222,1.952223327506174,51.28358465521844,4.447710009834802,2019,2,15,11002,Antwerpen,Normaal,"Nat, plassen",Dag,met lichtgewonden,3,Fiets,9,personenauto,Op Kruispunt,Gemeenteweg,binnen bebouwde kom,Tss. 2 best.: langs opzij (voor-/achterkant-flank),Geen hindernis
12079,2,Brasschaat 2,Brasschaat,51.27512,4.47169,2.326599619767726,51.25546229574897,4.460235200009297,2019,2,8,11002,Antwerpen,Normaal,Droog,Dag,met lichtgewonden,6,Bromfiets,3,Fiets,Buiten Kruispunt,Gewestweg,buiten bebouwde kom,Tss. 2 best.: langs opzij (voor-/achterkant-flank),Geen hindernis
12079,3,Brasschaat 1,Brasschaat,51.27503,4.47222,2.330140696580545,51.25546229574897,4.460235200009297,2019,2,8,11002,Antwerpen,Normaal,Droog,Dag,met lichtgewonden,6,Bromfiets,3,Fiets,Buiten Kruispunt,Gewestweg,buiten bebouwde kom,Tss. 2 best.: langs opzij (voor-/achterkant-flank),Geen hindernis
12123,2,Brasschaat 2,Brasschaat,51.27512,4.47169,2.445532790019124,51.297077209974184,4.4737010423321815,2019,2,15,11008,Brasschaat,"Andere (dikke rook,...)",Droog,Dag,met lichtgewonden,9,personenauto,3,Fiets,Op Kruispunt,Gemeenteweg,buiten bebouwde kom,Tss. 2 best.: langs opzij (voor-/achterkant-flank),Geen hindernis
12123,3,Brasschaat 1,Brasschaat,51.27503,4.47222,2.4537006430062758,51.297077209974184,4.4737010423321815,2019,2,15,11008,Brasschaat,"Andere (dikke rook,...)",Droog,Dag,met lichtgewonden,9,personenauto,3,Fiets,Op Kruispunt,Gemeenteweg,buiten bebouwde kom,Tss. 2 best.: langs opzij (voor-/achterkant-flank),Geen hindernis
12135,104,Malle teller 2,Malle,51.31682,4.73852,1.7773523712566703,51.301114598021755,4.7337658615045015,2019,2,8,11057,Malle,Normaal,Droog,Dag,met lichtgewonden,3,Fiets,8,Voetganger,Op Kruispunt,Gewestweg,binnen bebouwde kom,Met een voetganger,Geen hindernis
12135,103,Malle teller 1,Malle,51.31681,4.73872,1.7788986552446164,51.301114598021755,4.7337658615045015,2019,2,8,11057,Malle,Normaal,Droog,Dag,met lichtgewonden,3,Fiets,8,Voetganger,Op Kruispunt,Gewestweg,binnen bebouwde kom,Met een voetganger,Geen hindernis
12138,13,Gent,Gent,51.03018,3.70146,0.8363221877864798,51.031182203104194,3.7133126095325295,2019,1,18,44021,Gent,Normaal,Droog,Onbekend,met lichtgewonden,9,personenauto,3,Fiets,Buiten Kruispunt,Gewestweg,binnen bebouwde kom,Tss. 2 best.: langs opzij (voor-/achterkant-flank),Geen hindernis
12142,96,Lier teller 2,Lier,51.11705,4.58444,1.3054553219848442,51.12055480113587,4.5665895019584575,2019,2,9,12021,Lier,Normaal,Droog,Dag,met lichtgewonden,9,personenauto,3,Fiets,Op Kruispunt,Gewestweg,binnen bebouwde kom,Tss. 2 best.: langs opzij (voor-/achterkant-flank),Geen hindernis
12142,95,Lier teller 1,Lier,51.11687,4.58437,1.306931383152165,51.12055480113587,4.5665895019584575,2019,2,9,12021,Lier,Normaal,Droog,Dag,met lichtgewonden,9,personenauto,3,Fiets,Op Kruispunt,Gewestweg,binnen bebouwde kom,Tss. 2 best.: langs opzij (voor-/achterkant-flank),Geen hindernis
12143,93,Nijlen teller 2,Nijlen,51.14998,4.64469,1.6951447868558966,51.14923548039614,4.620416320505427,2019,2,8,12026,Nijlen,Normaal,Droog,Dag,met lichtgewonden,9,personenauto,3,Fiets,Op Kruispunt,Gemeenteweg,binnen bebouwde kom,Tss. 2 best.: langs opzij (voor-/achterkant-flank),Geen hindernis
12143,92,Nijlen teller 1,Nijlen,51.14989,4.64479,1.7016559035848968,51.14923548039614,4.620416320505427,2019,2,8,12026,Nijlen,Normaal,Droog,Dag,met lichtgewonden,9,personenauto,3,Fiets,Op Kruispunt,Gemeenteweg,binnen bebouwde kom,Tss. 2 best.: langs opzij (voor-/achterkant-flank),Geen hindernis
12145,9,Heist op den Berg 2,Heist-op-den-Berg,51.06904,4.69524,2.0485322520925786,51.0797589371175,4.71908738936346,2019,2,13,12014,Heist-op-den-Berg,Normaal,Droog,Dag,met lichtgewonden,3,Fiets,9,personenauto,Op Kruispunt,Gemeenteweg,binnen bebouwde kom,Tussen 2 bestuurders: Frontale botsing,Geen hindernis
12149,133,Gierde Lille Totem,Lille,51.2453915,4.8297416,2.043470540035217,51.22738036504434,4.835572203750462,2019,2,22,13019,Lille,Normaal,Droog,"Nacht, openbare verlichting aanwezig en ontstoken",met lichtgewonden,5,Lichte vrachtauto,3,Fiets,Buiten Kruispunt,Gewestweg,binnen bebouwde kom,Tss. 2 best.: langs opzij (voor-/achterkant-flank),Geen hindernis
12149,132,Gierde lille,Lille,51.245445,4.8298851,2.0473457055702537,51.22738036504434,4.835572203750462,2019,2,22,13019,Lille,Normaal,Droog,"Nacht, openbare verlichting aanwezig en ontstoken",met lichtgewonden,5,Lichte vrachtauto,3,Fiets,Buiten Kruispunt,Gewestweg,binnen bebouwde kom,Tss. 2 best.: langs opzij (voor-/achterkant-flank),Geen hindernis
12154,127,Geel totem,Westerlo,51.1342966,4.9400421,1.4821089819028381,51.12109356622404,4.942954230516626,2019,1,0,13008,Geel,Normaal,Droog,"Nacht, openbare verlichting aanwezig en ontstoken",met lichtgewonden,3,Fiets,9,personenauto,Buiten Kruispunt,Gewestweg,buiten bebouwde kom,Tss. 2 best.: langs opzij (voor-/achterkant-flank),Geen hindernis
12154,112,Geel teller 2,Westerlo,51.1354992,4.9394789,1.6200884590758524,51.12109356622404,4.942954230516626,2019,1,0,13008,Geel,Normaal,Droog,"Nacht, openbare verlichting aanwezig en ontstoken",met lichtgewonden,3,Fiets,9,personenauto,Buiten Kruispunt,Gewestweg,buiten bebouwde kom,Tss. 2 best.: langs opzij (voor-/achterkant-flank),Geen hindernis
12155,134,Retie,Dessel,51.2548405,5.1037658,1.8083990232777312,51.26810243599614,5.088722434808442,2019,2,9,13036,Retie,Normaal,Droog,Dag,met lichtgewonden,9,personenauto,3,Fiets,Op Kruispunt,Gewestweg,binnen bebouwde kom,Tussen 2 bestuurders: Flank tegen flank,Geen hindernis
12155,135,Retie 2,Dessel,51.2544998,5.1040064,1.849002841055475,51.26810243599614,5.088722434808442,2019,2,9,13036,Retie,Normaal,Droog,Dag,met lichtgewonden,9,personenauto,3,Fiets,Op Kruispunt,Gewestweg,binnen bebouwde kom,Tussen 2 bestuurders: Flank tegen flank,Geen hindernis
12156,134,Retie,Dessel,51.2548405,5.1037658,2.166576916615118,51.273575112551256,5.112321383907896,2019,2,16,13036,Retie,Normaal,Droog,Dag,met lichtgewonden,3,Fiets,9,personenauto,Op Kruispunt,Gewestweg,buiten bebouwde kom,Tss. 2 best.: langs opzij (voor-/achterkant-flank),Geen hindernis
12156,135,Retie 2,Dessel,51.2544998,5.1040064,2.1985638073526057,51.273575112551256,5.112321383907896,2019,2,16,13036,Retie,Normaal,Droog,Dag,met lichtgewonden,3,Fiets,9,personenauto,Op Kruispunt,Gewestweg,buiten bebouwde kom,Tss. 2 best.: langs opzij (voor-/achterkant-flank),Geen hindernis
12160,135,Retie 2,Dessel,51.2544998,5.1040064,0.2731315940746873,51.252599161129325,5.106492518818529,2019,2,10,13006,Dessel,Normaal,Droog,Dag,met lichtgewonden,9,personenauto,3,Fiets,Op Kruispunt,Gewestweg,buiten bebouwde kom,Tussen 2 bestuurders: Frontale botsing,Geen hindernis
12160,134,Retie,Dessel,51.2548405,5.1037658,0.3132464432243902,51.252599161129325,5.106492518818529,2019,2,10,13006,Dessel,Normaal,Droog,Dag,met lichtgewonden,9,personenauto,3,Fiets,Op Kruispunt,Gewestweg,buiten bebouwde kom,Tussen 2 bestuurders: Frontale botsing,Geen hindernis
12163,94,Herentals teller 2,Herentals,51.17345,4.81283,1.2405820989107512,51.17747810569496,4.82942540392498,2019,2,18,13011,Herentals,Normaal,Droog,Dageraad - schemering,met lichtgewonden,9,personenauto,3,Fiets,Buiten Kruispunt,Gemeenteweg,binnen bebouwde kom,Tussen 2 bestuurders: Flank tegen flank,Geen hindernis
12163,110,Herentals totem,Herentals,51.1739426,4.811783,1.291189214485103,51.17747810569496,4.82942540392498,2019,2,18,13011,Herentals,Normaal,Droog,Dageraad - schemering,met lichtgewonden,9,personenauto,3,Fiets,Buiten Kruispunt,Gemeenteweg,binnen bebouwde kom,Tussen 2 bestuurders: Flank tegen flank,Geen hindernis
12164,94,Herentals teller 2,Herentals,51.17345,4.81283,0.7135403821233965,51.17509401413573,4.822723639889966,2019,2,17,13011,Herentals,Normaal,Droog,Dag,met lichtgewonden,9,personenauto,3,Fiets,Buiten Kruispunt,Gewestweg,binnen bebouwde kom,Tss. 2 best.: langs opzij (voor-/achterkant-flank),Geen hindernis
12164,110,Herentals totem,Herentals,51.1739426,4.811783,0.7733837027017024,51.17509401413573,4.822723639889966,2019,2,17,13011,Herentals,Normaal,Droog,Dag,met lichtgewonden,9,personenauto,3,Fiets,Buiten Kruispunt,Gewestweg,binnen bebouwde kom,Tss. 2 best.: langs opzij (voor-/achterkant-flank),Geen hindernis
12165,110,Herentals totem,Herentals,51.1739426,4.811783,1.5286527692667957,51.16598587443069,4.793903117794661,2019,2,5,13011,Herentals,Mist (zichtbaarheid minder dan 100m),Droog,"Nacht, openbare verlichting aanwezig en ontstoken",met lichtgewonden,9,personenauto,3,Fiets,Op Kruispunt,Gemeenteweg,buiten bebouwde kom,Tss. 2 best.: langs opzij (voor-/achterkant-flank),Geen hindernis
12165,94,Herentals teller 2,Herentals,51.17345,4.81283,1.5589098722780652,51.16598587443069,4.793903117794661,2019,2,5,13011,Herentals,Mist (zichtbaarheid minder dan 100m),Droog,"Nacht, openbare verlichting aanwezig en ontstoken",met lichtgewonden,9,personenauto,3,Fiets,Op Kruispunt,Gemeenteweg,buiten bebouwde kom,Tss. 2 best.: langs opzij (voor-/achterkant-flank),Geen hindernis
12167,38,Lommel teller 2,Lommel,51.23277,5.29189,1.2757701502763863,51.223360475027555,5.30237322200825,2019,2,16,72020,Lommel,Normaal,Droog,Dag,met lichtgewonden,9,personenauto,3,Fiets,Buiten Kruispunt,Gemeenteweg,binnen bebouwde kom,Tss. 2 best.: langs opzij (voor-/achterkant-flank),Geen hindernis
12167,37,Lommel teller 1,Lommel,51.23299,5.29211,1.2873404727738298,51.223360475027555,5.30237322200825,2019,2,16,72020,Lommel,Normaal,Droog,Dag,met lichtgewonden,9,personenauto,3,Fiets,Buiten Kruispunt,Gemeenteweg,binnen bebouwde kom,Tss. 2 best.: langs opzij (voor-/achterkant-flank),Geen hindernis
12169,38,Lommel teller 2,Lommel,51.23277,5.29189,1.6043136069809851,51.22975994471597,5.269355758015974,2019,2,18,72020,Lommel,Normaal,Droog,"Nacht, openbare verlichting aanwezig en ontstoken",met lichtgewonden,9,personenauto,3,Fiets,Op Kruispunt,Gemeenteweg,buiten bebouwde kom,Tussen 2 bestuurders: Frontale botsing,Geen hindernis
12169,37,Lommel teller 1,Lommel,51.23299,5.29211,1.6245268412518261,51.22975994471597,5.269355758015974,2019,2,18,72020,Lommel,Normaal,Droog,"Nacht, openbare verlichting aanwezig en ontstoken",met lichtgewonden,9,personenauto,3,Fiets,Op Kruispunt,Gemeenteweg,buiten bebouwde kom,Tussen 2 bestuurders: Frontale botsing,Geen hindernis
12171,46,Pelt teller 2,Pelt,51.231,5.44375,0.9806124160082286,51.226846855234406,5.431326544584692,2019,2,18,72043,Pelt,Normaal,"Nat, plassen","Nacht, openbare verlichting aanwezig en ontstoken",met lichtgewonden,3,Fiets,9,personenauto,Buiten Kruispunt,Gewestweg,binnen bebouwde kom,Tss. 2 best.: langs opzij (voor-/achterkant-flank),Geen hindernis
12171,45,Pelt teller 1,Pelt,51.23127,5.44377,0.9963124228747087,51.226846855234406,5.431326544584692,2019,2,18,72043,Pelt,Normaal,"Nat, plassen","Nacht, openbare verlichting aanwezig en ontstoken",met lichtgewonden,3,Fiets,9,personenauto,Buiten Kruispunt,Gewestweg,binnen bebouwde kom,Tss. 2 best.: langs opzij (voor-/achterkant-flank),Geen hindernis
12180,39,Peer teller 1,Peer,51.13425,5.47817,1.3943307319654465,51.1310858957583,5.458833935480784,2019,2,6,72030,Peer,Normaal,Droog,"Nacht, openbare verlichting aanwezig en ontstoken",met lichtgewonden,9,personenauto,3,Fiets,Op Kruispunt,Gemeenteweg,binnen bebouwde kom,Tss. 2 best.: langs opzij (voor-/achterkant-flank),Geen hindernis
12180,40,Peer teller 2,Peer,51.13438,5.47892,1.448615844862193,51.1310858957583,5.458833935480784,2019,2,6,72030,Peer,Normaal,Droog,"Nacht, openbare verlichting aanwezig en ontstoken",met lichtgewonden,9,personenauto,3,Fiets,Op Kruispunt,Gemeenteweg,binnen bebouwde kom,Tss. 2 best.: langs opzij (voor-/achterkant-flank),Geen hindernis
12191,14,Genk,Genk,50.97172,5.48927,2.233411110017953,50.970734081766764,5.52112802726244,2019,2,12,71016,Genk,Normaal,Droog,Dag,met lichtgewonden,3,Fiets,2,Andere weggebruiker,Op Kruispunt,Gemeenteweg,buiten bebouwde kom,Tussen 2 bestuurders: Langs achteren,Geen hindernis
12193,14,Genk,Genk,50.97172,5.48927,1.0827867797789175,50.9662106511051,5.502020247237676,2019,2,19,71016,Genk,Normaal,"Ijzel, sneeuw","Nacht, openbare verlichting aanwezig en ontstoken",met lichtgewonden,9,personenauto,3,Fiets,Op Kruispunt,Gewestweg,binnen bebouwde kom,Tussen 2 bestuurders: Flank tegen flank,Geen hindernis
12194,14,Genk,Genk,50.97172,5.48927,1.2680275152001723,50.975789755366925,5.472352244920718,2019,2,16,71016,Genk,Normaal,Droog,Dag,met lichtgewonden,9,personenauto,3,Fiets,Op Kruispunt,Gemeenteweg,buiten bebouwde kom,Tss. 2 best.: langs opzij (voor-/achterkant-flank),Geen hindernis
12195,25,Bree,Bree,51.13679500160176,5.597669323604317,1.7895457184025485,51.129842314184145,5.5745390893099325,2019,2,17,72004,Bree,Normaal,Droog,Dag,met zwaargewonden,3,Fiets,9,personenauto,Buiten Kruispunt,Gewestweg,buiten bebouwde kom,Tss. 2 best.: langs opzij (voor-/achterkant-flank),Geen hindernis
12197,48,As,As,51.00509,5.60389,1.2136810857282883,51.00551633524175,5.586557312676336,2019,2,15,71002,As,Normaal,Droog,Dag,met lichtgewonden,9,personenauto,3,Fiets,Op Kruispunt,Gewestweg,binnen bebouwde kom,Tss. 2 best.: langs opzij (voor-/achterkant-flank),Geen hindernis
12199,25,Bree,Bree,51.13679500160176,5.597669323604317,0.3006876571208314,51.136188467116746,5.593469504278103,2019,2,17,72004,Bree,"Andere (dikke rook,...)",Droog,Dag,met lichtgewonden,3,Fiets,10,"één bestuurder, geen hindernis",Op Kruispunt,Gewestweg,buiten bebouwde kom,"Eén bestuurder, geen hindernis (incl. val)",Geen hindernis
12200,151,Leuven,District Leuven,50.8690262,4.6854839,0.5644784727264018,50.87261616184395,4.691171470653554,2019,2,9,24062,Leuven,Normaal,Droog,Dag,met lichtgewonden,9,personenauto,3,Fiets,Op Kruispunt,Gewestweg,binnen bebouwde kom,Tss. 2 best.: langs opzij (voor-/achterkant-flank),Geen hindernis
12200,69,Leuven teller 1,Leuven,50.87549,4.71526,1.720163069506913,50.87261616184395,4.691171470653554,2019,2,9,24062,Leuven,Normaal,Droog,Dag,met lichtgewonden,9,personenauto,3,Fiets,Op Kruispunt,Gewestweg,binnen bebouwde kom,Tss. 2 best.: langs opzij (voor-/achterkant-flank),Geen hindernis
12200,77,Leuven teller 2,Leuven,50.88672,4.70796,1.9613361338488524,50.87261616184395,4.691171470653554,2019,2,9,24062,Leuven,Normaal,Droog,Dag,met lichtgewonden,9,personenauto,3,Fiets,Op Kruispunt,Gewestweg,binnen bebouwde kom,Tss. 2 best.: langs opzij (voor-/achterkant-flank),Geen hindernis
12200,107,leuven totem,Leuven,50.8870744,4.7087919,2.0280241770847556,50.87261616184395,4.691171470653554,2019,2,9,24062,Leuven,Normaal,Droog,Dag,met lichtgewonden,9,personenauto,3,Fiets,Op Kruispunt,Gewestweg,binnen bebouwde kom,Tss. 2 best.: langs opzij (voor-/achterkant-flank),Geen hindernis
12201,69,Leuven teller 1,Leuven,50.87549,4.71526,2.469630943179592,50.88374547741908,4.747938609827158,2019,2,8,24062,Leuven,Normaal,Onbekend,Dag,met lichtgewonden,3,Fiets,9,personenauto,Buiten Kruispunt,Gemeenteweg,binnen bebouwde kom,Tussen 2 bestuurders: Langs achteren,Geen hindernis
12202,107,leuven totem,Leuven,50.8870744,4.7087919,1.7230524618590692,50.90256250249607,4.709565310940971,2019,2,17,24062,Leuven,Normaal,Droog,Dag,met lichtgewonden,3,Fiets,6,Bromfiets,Op Kruispunt,Gewestweg,binnen bebouwde kom,Tussen 2 bestuurders: Frontale botsing,Geen hindernis
12202,77,Leuven teller 2,Leuven,50.88672,4.70796,1.765200241370152,50.90256250249607,4.709565310940971,2019,2,17,24062,Leuven,Normaal,Droog,Dag,met lichtgewonden,3,Fiets,6,Bromfiets,Op Kruispunt,Gewestweg,binnen bebouwde kom,Tussen 2 bestuurders: Frontale botsing,Geen hindernis
12203,69,Leuven teller 1,Leuven,50.87549,4.71526,2.49595873678682,50.86599078310824,4.747487108193732,2019,2,16,24062,Leuven,Normaal,Droog,Dag,met lichtgewonden,9,personenauto,3,Fiets,Op Kruispunt,Gewestweg,binnen bebouwde kom,Tussen 2 bestuurders: Flank tegen flank,Geen hindernis
12204,151,Leuven,District Leuven,50.8690262,4.6854839,1.1961338804401433,50.876443534187956,4.697829931225265,2019,2,16,24062,Leuven,Normaal,Droog,Onbekend,met lichtgewonden,3,Fiets,3,Fiets,Buiten Kruispunt,Gemeenteweg,binnen bebouwde kom,Tussen 2 bestuurders: Frontale botsing,Geen hindernis
12204,69,Leuven teller 1,Leuven,50.87549,4.71526,1.227553372449117,50.876443534187956,4.697829931225265,2019,2,16,24062,Leuven,Normaal,Droog,Onbekend,met lichtgewonden,3,Fiets,3,Fiets,Buiten Kruispunt,Gemeenteweg,binnen bebouwde kom,Tussen 2 bestuurders: Frontale botsing,Geen hindernis
12204,77,Leuven teller 2,Leuven,50.88672,4.70796,1.3456638492174964,50.876443534187956,4.697829931225265,2019,2,16,24062,Leuven,Normaal,Droog,Onbekend,met lichtgewonden,3,Fiets,3,Fiets,Buiten Kruispunt,Gemeenteweg,binnen bebouwde kom,Tussen 2 bestuurders: Frontale botsing,Geen hindernis
12204,107,leuven totem,Leuven,50.8870744,4.7087919,1.410241587631454,50.876443534187956,4.697829931225265,2019,2,16,24062,Leuven,Normaal,Droog,Onbekend,met lichtgewonden,3,Fiets,3,Fiets,Buiten Kruispunt,Gemeenteweg,binnen bebouwde kom,Tussen 2 bestuurders: Frontale botsing,Geen hindernis
12205,69,Leuven teller 1,Leuven,50.87549,4.71526,0.7011541237406597,50.870059174331566,4.710182334307032,2019,2,7,24062,Leuven,Normaal,Droog,"Nacht, openbare verlichting aanwezig en ontstoken",met lichtgewonden,3,Fiets,5,Lichte vrachtauto,Op Kruispunt,Gewestweg,binnen bebouwde kom,Tss. 2 best.: langs opzij (voor-/achterkant-flank),Geen hindernis
12205,151,Leuven,District Leuven,50.8690262,4.6854839,1.7369851479248297,50.870059174331566,4.710182334307032,2019,2,7,24062,Leuven,Normaal,Droog,"Nacht, openbare verlichting aanwezig en ontstoken",met lichtgewonden,3,Fiets,5,Lichte vrachtauto,Op Kruispunt,Gewestweg,binnen bebouwde kom,Tss. 2 best.: langs opzij (voor-/achterkant-flank),Geen hindernis