crash_row_id,site_id,site_name,site_gemeente,site_lat,site_long,distance_km,crash_lat,crash_long,DT_YEAR_COLLISION,DT_MONTH_COLLISION,DT_TIME,CD_NIS,TX_MUNTY_COLLISION_NL,TX_WEATHER_NL,TX_ROAD_CONDITION_NL,TX_LIGHT_CONDITION_NL,TX_CLASS_ACCIDENTS_NL,CD_ROAD_USR_TYPE1,TX_ROAD_USR_TYPE1_NL,CD_ROAD_USR_TYPE2,TX_ROAD_USR_TYPE2_NL,TX_CROSSWAY_NL,CD_ROAD_TYPE_NL,TX_BUILD_UP_AREA_NL,TX_COLLISION_TYPE_NL,TX_OBSTACLES_NL
12205,77,Leuven teller 2,Leuven,50.88672,4.70796,1.8591490497082288,50.870059174331566,4.710182334307032,2019,2,7,24062,Leuven,Normaal,Droog,"Nacht, openbare verlichting aanwezig en ontstoken",met lichtgewonden,3,Fiets,5,Lichte vrachtauto,Op Kruispunt,Gewestweg,binnen bebouwde kom,Tss. 2 best.: langs opzij (voor-/achterkant-flank),Geen hindernis
12205,107,leuven totem,Leuven,50.8870744,4.7087919,1.8945200556642532,50.870059174331566,4.710182334307032,2019,2,7,24062,Leuven,Normaal,Droog,"Nacht, openbare verlichting aanwezig en ontstoken",met lichtgewonden,3,Fiets,5,Lichte vrachtauto,Op Kruispunt,Gewestweg,binnen bebouwde kom,Tss. 2 best.: langs opzij (voor-/achterkant-flank),Geen hindernis
12206,151,Leuven,District Leuven,50.8690262,4.6854839,0.9784636906550331,50.8638072184927,4.69670943181598,2019,2,18,24062,Leuven,Normaal,Droog,"Nacht, openbare verlichting aanwezig en ontstoken",met lichtgewonden,3,Fiets,3,Fiets,Op Kruispunt,Gemeenteweg,binnen bebouwde kom,Tussen 2 bestuurders: Frontale botsing,Geen hindernis
12206,69,Leuven teller 1,Leuven,50.87549,4.71526,1.839063491549699,50.8638072184927,4.69670943181598,2019,2,18,24062,Leuven,Normaal,Droog,"Nacht, openbare verlichting aanwezig en ontstoken",met lichtgewonden,3,Fiets,3,Fiets,Op Kruispunt,Gemeenteweg,binnen bebouwde kom,Tussen 2 bestuurders: Frontale botsing,Geen hindernis
12206,108,Heverlee teller 1,Leuven,50.8471728,4.6954674,1.8517165340406072,50.8638072184927,4.69670943181598,2019,2,18,24062,Leuven,Normaal,Droog,"Nacht, openbare verlichting aanwezig en ontstoken",met lichtgewonden,3,Fiets,3,Fiets,Op Kruispunt,Gemeenteweg,binnen bebouwde kom,Tussen 2 bestuurders: Frontale botsing,Geen hindernis
12206,76,Heverlee teller 2,Leuven,50.84606,4.69597,1.9740831513985737,50.8638072184927,4.69670943181598,2019,2,18,24062,Leuven,Normaal,Droog,"Nacht, openbare verlichting aanwezig en ontstoken",met lichtgewonden,3,Fiets,3,Fiets,Op Kruispunt,Gemeenteweg,binnen bebouwde kom,Tussen 2 bestuurders: Frontale botsing,Geen hindernis
12207,69,Leuven teller 1,Leuven,50.87549,4.71526,1.7910264577455726,50.88514677527446,4.735691779825168,2019,2,8,24062,Leuven,Normaal,Droog,Dageraad - schemering,met lichtgewonden,9,personenauto,3,Fiets,Op Kruispunt,Gewestweg,buiten bebouwde kom,Tss. 2 best.: langs opzij (voor-/achterkant-flank),Geen hindernis
12207,107,leuven totem,Leuven,50.8870744,4.7087919,1.8991305158653988,50.88514677527446,4.735691779825168,2019,2,8,24062,Leuven,Normaal,Droog,Dageraad - schemering,met lichtgewonden,9,personenauto,3,Fiets,Op Kruispunt,Gewestweg,buiten bebouwde kom,Tss. 2 best.: langs opzij (voor-/achterkant-flank),Geen hindernis
12207,77,Leuven teller 2,Leuven,50.88672,4.70796,1.9532098897891639,50.88514677527446,4.735691779825168,2019,2,8,24062,Leuven,Normaal,Droog,Dageraad - schemering,met lichtgewonden,9,personenauto,3,Fiets,Op Kruispunt,Gewestweg,buiten bebouwde kom,Tss. 2 best.: langs opzij (voor-/achterkant-flank),Geen hindernis
12208,107,leuven totem,Leuven,50.8870744,4.7087919,0.9417017685068497,50.88388621565447,4.721228493535964,2019,2,16,24062,Leuven,Normaal,Proper,Dag,met lichtgewonden,5,Lichte vrachtauto,3,Fiets,Buiten Kruispunt,Gewestweg,binnen bebouwde kom,Tussen 2 bestuurders: Flank tegen flank,Geen hindernis
12208,77,Leuven teller 2,Leuven,50.88672,4.70796,0.9826759236910825,50.88388621565447,4.721228493535964,2019,2,16,24062,Leuven,Normaal,Proper,Dag,met lichtgewonden,5,Lichte vrachtauto,3,Fiets,Buiten Kruispunt,Gewestweg,binnen bebouwde kom,Tussen 2 bestuurders: Flank tegen flank,Geen hindernis
12208,69,Leuven teller 1,Leuven,50.87549,4.71526,1.0232222442098815,50.88388621565447,4.721228493535964,2019,2,16,24062,Leuven,Normaal,Proper,Dag,met lichtgewonden,5,Lichte vrachtauto,3,Fiets,Buiten Kruispunt,Gewestweg,binnen bebouwde kom,Tussen 2 bestuurders: Flank tegen flank,Geen hindernis
12209,77,Leuven teller 2,Leuven,50.88672,4.70796,1.0133368721599219,50.87981937877267,4.698525260009199,2019,2,8,24062,Leuven,Normaal,Droog,Dag,met lichtgewonden,3,Fiets,3,Fiets,Op Kruispunt,Gemeenteweg,binnen bebouwde kom,Tussen 2 bestuurders: Frontale botsing,Geen hindernis
12209,107,leuven totem,Leuven,50.8870744,4.7087919,1.0814514149193912,50.87981937877267,4.698525260009199,2019,2,8,24062,Leuven,Normaal,Droog,Dag,met lichtgewonden,3,Fiets,3,Fiets,Op Kruispunt,Gemeenteweg,binnen bebouwde kom,Tussen 2 bestuurders: Frontale botsing,Geen hindernis
12209,69,Leuven teller 1,Leuven,50.87549,4.71526,1.2689942211266025,50.87981937877267,4.698525260009199,2019,2,8,24062,Leuven,Normaal,Droog,Dag,met lichtgewonden,3,Fiets,3,Fiets,Op Kruispunt,Gemeenteweg,binnen bebouwde kom,Tussen 2 bestuurders: Frontale botsing,Geen hindernis
12209,151,Leuven,District Leuven,50.8690262,4.6854839,1.5092044770132804,50.87981937877267,4.698525260009199,2019,2,8,24062,Leuven,Normaal,Droog,Dag,met lichtgewonden,3,Fiets,3,Fiets,Op Kruispunt,Gemeenteweg,binnen bebouwde kom,Tussen 2 bestuurders: Frontale botsing,Geen hindernis
12210,77,Leuven teller 2,Leuven,50.88672,4.70796,0.8296113324355037,50.88723257271122,4.696161283914562,2019,2,8,24062,Leuven,Normaal,Droog,Dag,met lichtgewonden,3,Fiets,9,personenauto,Op Kruispunt,Gemeenteweg,binnen bebouwde kom,Tss. 2 best.: langs opzij (voor-/achterkant-flank),Geen hindernis
12210,107,leuven totem,Leuven,50.8870744,4.7087919,0.8861781205031828,50.88723257271122,4.696161283914562,2019,2,8,24062,Leuven,Normaal,Droog,Dag,met lichtgewonden,3,Fiets,9,personenauto,Op Kruispunt,Gemeenteweg,binnen bebouwde kom,Tss. 2 best.: langs opzij (voor-/achterkant-flank),Geen hindernis
12210,69,Leuven teller 1,Leuven,50.87549,4.71526,1.8708808620761654,50.88723257271122,4.696161283914562,2019,2,8,24062,Leuven,Normaal,Droog,Dag,met lichtgewonden,3,Fiets,9,personenauto,Op Kruispunt,Gemeenteweg,binnen bebouwde kom,Tss. 2 best.: langs opzij (voor-/achterkant-flank),Geen hindernis
12210,151,Leuven,District Leuven,50.8690262,4.6854839,2.158616683472585,50.88723257271122,4.696161283914562,2019,2,8,24062,Leuven,Normaal,Droog,Dag,met lichtgewonden,3,Fiets,9,personenauto,Op Kruispunt,Gemeenteweg,binnen bebouwde kom,Tss. 2 best.: langs opzij (voor-/achterkant-flank),Geen hindernis
12211,151,Leuven,District Leuven,50.8690262,4.6854839,1.0393861132458169,50.86784582877482,4.700176578864843,2019,2,8,24062,Leuven,Normaal,Droog,Dag,met lichtgewonden,9,personenauto,3,Fiets,Op Kruispunt,Gewestweg,binnen bebouwde kom,Tss. 2 best.: langs opzij (voor-/achterkant-flank),Geen hindernis
12211,69,Leuven teller 1,Leuven,50.87549,4.71526,1.3574704570150853,50.86784582877482,4.700176578864843,2019,2,8,24062,Leuven,Normaal,Droog,Dag,met lichtgewonden,9,personenauto,3,Fiets,Op Kruispunt,Gewestweg,binnen bebouwde kom,Tss. 2 best.: langs opzij (voor-/achterkant-flank),Geen hindernis
12211,77,Leuven teller 2,Leuven,50.88672,4.70796,2.1685984846543134,50.86784582877482,4.700176578864843,2019,2,8,24062,Leuven,Normaal,Droog,Dag,met lichtgewonden,9,personenauto,3,Fiets,Op Kruispunt,Gewestweg,binnen bebouwde kom,Tss. 2 best.: langs opzij (voor-/achterkant-flank),Geen hindernis
12211,107,leuven totem,Leuven,50.8870744,4.7087919,2.2219216668288575,50.86784582877482,4.700176578864843,2019,2,8,24062,Leuven,Normaal,Droog,Dag,met lichtgewonden,9,personenauto,3,Fiets,Op Kruispunt,Gewestweg,binnen bebouwde kom,Tss. 2 best.: langs opzij (voor-/achterkant-flank),Geen hindernis
12211,108,Heverlee teller 1,Leuven,50.8471728,4.6954674,2.3223797476789674,50.86784582877482,4.700176578864843,2019,2,8,24062,Leuven,Normaal,Droog,Dag,met lichtgewonden,9,personenauto,3,Fiets,Op Kruispunt,Gewestweg,binnen bebouwde kom,Tss. 2 best.: langs opzij (voor-/achterkant-flank),Geen hindernis
12211,76,Heverlee teller 2,Leuven,50.84606,4.69597,2.440402362327118,50.86784582877482,4.700176578864843,2019,2,8,24062,Leuven,Normaal,Droog,Dag,met lichtgewonden,9,personenauto,3,Fiets,Op Kruispunt,Gewestweg,binnen bebouwde kom,Tss. 2 best.: langs opzij (voor-/achterkant-flank),Geen hindernis
12212,69,Leuven teller 1,Leuven,50.87549,4.71526,1.7100384762300542,50.86844366075068,4.7369213120978735,2019,2,16,24062,Leuven,Normaal,Droog,Dag,met lichtgewonden,3,Fiets,10,"één bestuurder, geen hindernis",Buiten Kruispunt,Gewestweg,binnen bebouwde kom,"Eén bestuurder, geen hindernis (incl. val)",Geen hindernis
12215,72,Herent teller 1,Herent,50.89135,4.64689,2.4465911584949023,50.89965526702419,4.614586438076173,2019,2,12,24038,Herent,Onbekend,Onbekend,Dag,met lichtgewonden,9,personenauto,3,Fiets,Op Kruispunt,Gemeenteweg,binnen bebouwde kom,Tss. 2 best.: langs opzij (voor-/achterkant-flank),Geen hindernis
12215,73,Herent teller 2,Herent,50.89128,4.64685,2.4469468955111533,50.89965526702419,4.614586438076173,2019,2,12,24038,Herent,Onbekend,Onbekend,Dag,met lichtgewonden,9,personenauto,3,Fiets,Op Kruispunt,Gemeenteweg,binnen bebouwde kom,Tss. 2 best.: langs opzij (voor-/achterkant-flank),Geen hindernis
12216,87,Aarschot,Aarschot,50.99084,4.81259,1.8703971362777,50.991346263639485,4.83930141561481,2019,2,18,24001,Aarschot,Regenval,"Nat, plassen","Nacht, openbare verlichting aanwezig en ontstoken",met lichtgewonden,3,Fiets,9,personenauto,Op Kruispunt,Gemeenteweg,binnen bebouwde kom,Tussen 2 bestuurders: Flank tegen flank,Geen hindernis
12217,71,Kampenhout teller 2,Kampenhout,50.95589,4.59164,2.254253202590632,50.964672544153714,4.562630552839895,2019,2,13,24014,Boortmeerbeek,Normaal,Droog,Dag,met lichtgewonden,5,Lichte vrachtauto,3,Fiets,Buiten Kruispunt,Gemeenteweg,binnen bebouwde kom,Tussen 2 bestuurders: Flank tegen flank,Geen hindernis
12217,70,Kampenhout teller 1,Kampenhout,50.95682,4.59318,2.3108851930598697,50.964672544153714,4.562630552839895,2019,2,13,24014,Boortmeerbeek,Normaal,Droog,Dag,met lichtgewonden,5,Lichte vrachtauto,3,Fiets,Buiten Kruispunt,Gemeenteweg,binnen bebouwde kom,Tussen 2 bestuurders: Flank tegen flank,Geen hindernis
12222,26,Zaventem,Zaventem,50.86995,4.45444,0.6015994248519271,50.867085853619386,4.447166998932301,2019,2,8,23094,Zaventem,Normaal,"Nat, plassen",Dag,met lichtgewonden,3,Fiets,9,personenauto,Buiten Kruispunt,Gewestweg,binnen bebouwde kom,Tss. 2 best.: langs opzij (voor-/achterkant-flank),Geen hindernis
12222,149,Machelen,,50.88297881,4.43356644,2.00841316294224,50.867085853619386,4.447166998932301,2019,2,8,23094,Zaventem,Normaal,"Nat, plassen",Dag,met lichtgewonden,3,Fiets,9,personenauto,Buiten Kruispunt,Gewestweg,binnen bebouwde kom,Tss. 2 best.: langs opzij (voor-/achterkant-flank),Geen hindernis
12222,111,Zaventem totem,Zaventem,50.8871216,4.4597084,2.395350806919047,50.867085853619386,4.447166998932301,2019,2,8,23094,Zaventem,Normaal,"Nat, plassen",Dag,met lichtgewonden,3,Fiets,9,personenauto,Buiten Kruispunt,Gewestweg,binnen bebouwde kom,Tss. 2 best.: langs opzij (voor-/achterkant-flank),Geen hindernis
12231,85,Asse teller 1,Asse,50.89621,4.17294,2.4941770506018814,50.910623260036,4.200193722432641,2019,2,16,23002,Asse,Normaal,Droog,Dag,met lichtgewonden,9,personenauto,3,Fiets,Op Kruispunt,Gewestweg,binnen bebouwde kom,Kettingbotsing (3 bestuurders of meer),Geen hindernis
12234,1,Machelen,Machelen,50.91618331151478,4.456121776137429,1.8045018533495052,50.92573773360807,4.435313222461455,2019,2,13,23088,Vilvoorde,Normaal,Droog,Dag,met lichtgewonden,3,Fiets,10,"één bestuurder, geen hindernis",Buiten Kruispunt,Gewestweg,buiten bebouwde kom,"Eén bestuurder, geen hindernis (incl. val)",Geen hindernis
12234,47,Vilvoorde,Vilvoorde,50.91372,4.41497,1.9542956097685256,50.92573773360807,4.435313222461455,2019,2,13,23088,Vilvoorde,Normaal,Droog,Dag,met lichtgewonden,3,Fiets,10,"één bestuurder, geen hindernis",Buiten Kruispunt,Gewestweg,buiten bebouwde kom,"Eén bestuurder, geen hindernis (incl. val)",Geen hindernis
12235,1,Machelen,Machelen,50.91618331151478,4.456121776137429,1.8579041914206915,50.9283354159886,4.4379303471508225,2019,2,15,23088,Vilvoorde,Normaal,Droog,Dag,met zwaargewonden,3,Fiets,8,Voetganger,Buiten Kruispunt,Gemeenteweg,binnen bebouwde kom,Met een voetganger,Geen hindernis
12235,47,Vilvoorde,Vilvoorde,50.91372,4.41497,2.2872310214159484,50.9283354159886,4.4379303471508225,2019,2,15,23088,Vilvoorde,Normaal,Droog,Dag,met zwaargewonden,3,Fiets,8,Voetganger,Buiten Kruispunt,Gemeenteweg,binnen bebouwde kom,Met een voetganger,Geen hindernis
12236,149,Machelen,,50.88297881,4.43356644,1.4330854216366247,50.895705686573095,4.436787385853442,2019,2,16,23047,Machelen,Normaal,Droog,Dag,met lichtgewonden,9,personenauto,3,Fiets,Op Kruispunt,Gewestweg,buiten bebouwde kom,Tss. 2 best.: langs opzij (voor-/achterkant-flank),Geen hindernis
12236,111,Zaventem totem,Zaventem,50.8871216,4.4597084,1.8697013226274002,50.895705686573095,4.436787385853442,2019,2,16,23047,Machelen,Normaal,Droog,Dag,met lichtgewonden,9,personenauto,3,Fiets,Op Kruispunt,Gewestweg,buiten bebouwde kom,Tss. 2 best.: langs opzij (voor-/achterkant-flank),Geen hindernis
12237,27,Grimbergen,Meise,50.92127,4.34013,2.246358359441286,50.90875689969087,4.365285887466513,2019,2,8,23088,Vilvoorde,Normaal,Droog,Dag,met lichtgewonden,9,personenauto,3,Fiets,Buiten Kruispunt,Gemeenteweg,binnen bebouwde kom,Tss. 2 best.: langs opzij (voor-/achterkant-flank),Geen hindernis
12238,109,Zemst,Zemst,50.9903936,4.4707023,0.8211038619207177,50.990734055321,4.482421310271492,2019,2,21,23096,Zemst,Normaal,Droog,"Nacht, openbare verlichting aanwezig en ontstoken",met lichtgewonden,3,Fiets,10,"één bestuurder, geen hindernis",Buiten Kruispunt,Gemeenteweg,binnen bebouwde kom,"Eén bestuurder, geen hindernis (incl. val)",Geen hindernis
12240,7,Evergem 1,Evergem,51.1089,3.70317,1.0324567437454564,51.10187145102724,3.7128330751991454,2019,2,16,44021,Gent,Normaal,"Nat, plassen",Dag,met lichtgewonden,9,personenauto,3,Fiets,Op Kruispunt,Gewestweg,binnen bebouwde kom,Tss. 2 best.: langs opzij (voor-/achterkant-flank),Geen hindernis
12240,6,Evergem 2,Evergem,51.10894,3.70298,1.0445160700264093,51.10187145102724,3.7128330751991454,2019,2,16,44021,Gent,Normaal,"Nat, plassen",Dag,met lichtgewonden,9,personenauto,3,Fiets,Op Kruispunt,Gewestweg,binnen bebouwde kom,Tss. 2 best.: langs opzij (voor-/achterkant-flank),Geen hindernis
12241,13,Gent,Gent,51.03018,3.70146,2.1439557824578523,51.01439783369757,3.7190687312764363,2019,2,17,44021,Gent,Normaal,Droog,Dag,met lichtgewonden,9,personenauto,3,Fiets,Op Kruispunt,Gemeenteweg,binnen bebouwde kom,Tss. 2 best.: langs opzij (voor-/achterkant-flank),Geen hindernis
12243,136,Gent R4,Gent,51.0876313,3.7587918,2.255747156216404,51.06817603894445,3.7496438453915286,2019,2,16,44021,Gent,Normaal,Droog,Dag,met zwaargewonden,4,Vrachtwagen,3,Fiets,Op Kruispunt,Gemeenteweg,binnen bebouwde kom,Tussen 2 bestuurders: Flank tegen flank,Geen hindernis
12244,13,Gent,Gent,51.03018,3.70146,1.8147904995033244,51.042095101272565,3.719196792283464,2019,2,13,44021,Gent,Normaal,Droog,Dag,met lichtgewonden,3,Fiets,3,Fiets,Op Kruispunt,Gewestweg,binnen bebouwde kom,Tss. 2 best.: langs opzij (voor-/achterkant-flank),Geen hindernis
12246,136,Gent R4,Gent,51.0876313,3.7587918,2.2858852101693454,51.07807182861216,3.7298205755170386,2019,2,18,44021,Gent,Regenval,"Nat, plassen+Proper","Nacht, openbare verlichting aanwezig en ontstoken",met lichtgewonden,9,personenauto,3,Fiets,Op Kruispunt,Gemeenteweg,binnen bebouwde kom,Tss. 2 best.: langs opzij (voor-/achterkant-flank),Geen hindernis
12247,118,Gent teller 1,Gent,51.028049,3.7681359,1.8604411851204228,51.0330251500728,3.7427358778521898,2019,2,8,44021,Gent,Normaal,Droog,Dag,met lichtgewonden,9,personenauto,3,Fiets,Buiten Kruispunt,Gewestweg,binnen bebouwde kom,Tss. 2 best.: langs opzij (voor-/achterkant-flank),Geen hindernis
12247,119,Gent teller 2,Gent,51.0281795,3.7683918,1.8733067456906973,51.0330251500728,3.7427358778521898,2019,2,8,44021,Gent,Normaal,Droog,Dag,met lichtgewonden,9,personenauto,3,Fiets,Buiten Kruispunt,Gewestweg,binnen bebouwde kom,Tss. 2 best.: langs opzij (voor-/achterkant-flank),Geen hindernis
12249,13,Gent,Gent,51.03018,3.70146,1.3276130343635149,51.031606528889235,3.72030871999637,2019,2,7,44021,Gent,Normaal,Droog,Dageraad - schemering,met lichtgewonden,9,personenauto,3,Fiets,Op Kruispunt,Gewestweg,binnen bebouwde kom,Tss. 2 best.: langs opzij (voor-/achterkant-flank),Geen hindernis
12250,136,Gent R4,Gent,51.0876313,3.7587918,2.0650758138299095,51.06920567218349,3.7550918840492975,2019,2,12,44021,Gent,Normaal,Droog,Dag,met lichtgewonden,3,Fiets,9,personenauto,Buiten Kruispunt,Gemeenteweg,binnen bebouwde kom,Tussen 2 bestuurders: Langs achteren,Geen hindernis
12251,118,Gent teller 1,Gent,51.028049,3.7681359,2.2559187947212282,51.033282615004154,3.7369685278694265,2019,2,13,44021,Gent,Normaal,Droog,Dag,met lichtgewonden,9,personenauto,3,Fiets,Op Kruispunt,Gemeenteweg,buiten bebouwde kom,Tss. 2 best.: langs opzij (voor-/achterkant-flank),Geen hindernis
12251,119,Gent teller 2,Gent,51.0281795,3.7683918,2.2695386279277767,51.033282615004154,3.7369685278694265,2019,2,13,44021,Gent,Normaal,Droog,Dag,met lichtgewonden,9,personenauto,3,Fiets,Op Kruispunt,Gemeenteweg,buiten bebouwde kom,Tss. 2 best.: langs opzij (voor-/achterkant-flank),Geen hindernis
12252,118,Gent teller 1,Gent,51.028049,3.7681359,2.052135523278464,51.039511852461025,3.7451359701049323,2019,2,17,44021,Gent,Normaal,Droog,Dag,met lichtgewonden,3,Fiets,5,Lichte vrachtauto,Op Kruispunt,Gewestweg,binnen bebouwde kom,Tss. 2 best.: langs opzij (voor-/achterkant-flank),Geen hindernis
12252,119,Gent teller 2,Gent,51.0281795,3.7683918,2.0572676468213476,51.039511852461025,3.7451359701049323,2019,2,17,44021,Gent,Normaal,Droog,Dag,met lichtgewonden,3,Fiets,5,Lichte vrachtauto,Op Kruispunt,Gewestweg,binnen bebouwde kom,Tss. 2 best.: langs opzij (voor-/achterkant-flank),Geen hindernis
12253,7,Evergem 1,Evergem,51.1089,3.70317,1.0324567437454564,51.10187145102724,3.7128330751991454,2019,2,8,44021,Gent,Normaal,Droog,Dag,met lichtgewonden,7,Motorfiets,3,Fiets,Op Kruispunt,Gewestweg,binnen bebouwde kom,Tss. 2 best.: langs opzij (voor-/achterkant-flank),Geen hindernis
12253,6,Evergem 2,Evergem,51.10894,3.70298,1.0445160700264093,51.10187145102724,3.7128330751991454,2019,2,8,44021,Gent,Normaal,Droog,Dag,met lichtgewonden,7,Motorfiets,3,Fiets,Op Kruispunt,Gewestweg,binnen bebouwde kom,Tss. 2 best.: langs opzij (voor-/achterkant-flank),Geen hindernis
12256,13,Gent,Gent,51.03018,3.70146,1.0063640092109454,51.03571630371127,3.712844814263771,2019,2,22,44021,Gent,Normaal,"Nat, plassen","Nacht, openbare verlichting aanwezig en ontstoken",met lichtgewonden,3,Fiets,3,Fiets,Buiten Kruispunt,Gewestweg,binnen bebouwde kom,Tss. 2 best.: langs opzij (voor-/achterkant-flank),Geen hindernis
12258,13,Gent,Gent,51.03018,3.70146,1.5789861134301422,51.032501163335084,3.72373584152556,2019,2,13,44021,Gent,Normaal,Proper,Dag,met lichtgewonden,9,personenauto,3,Fiets,Op Kruispunt,Gemeenteweg,binnen bebouwde kom,Tussen 2 bestuurders: Frontale botsing,Geen hindernis
12259,13,Gent,Gent,51.03018,3.70146,0.7893080526580848,51.027075602384144,3.711609892599944,2019,2,13,44021,Gent,Normaal,Droog,Dag,met lichtgewonden,3,Fiets,9,personenauto,Buiten Kruispunt,Gewestweg,binnen bebouwde kom,Tss. 2 best.: langs opzij (voor-/achterkant-flank),Geen hindernis
12261,13,Gent,Gent,51.03018,3.70146,1.1138190903263192,51.03424464523211,3.7160176552005226,2019,2,0,44021,Gent,Normaal,Droog,"Nacht, openbare verlichting aanwezig en ontstoken",dodelijk gewonden,3,Fiets,11,een weggebruiker tegen een hindernis,Buiten Kruispunt,Gewestweg,binnen bebouwde kom,Weggebruiker tegen hindernis buiten rijbaan,Onbekend
12264,118,Gent teller 1,Gent,51.028049,3.7681359,1.8361991902740071,51.03291415898778,3.7430441345579144,2019,2,10,44021,Gent,Normaal,Droog,Dag,met lichtgewonden,3,Fiets,9,personenauto,Op Kruispunt,Gewestweg,binnen bebouwde kom,Tussen 2 bestuurders: Flank tegen flank,Geen hindernis
12264,119,Gent teller 2,Gent,51.0281795,3.7683918,1.8491217480571926,51.03291415898778,3.7430441345579144,2019,2,10,44021,Gent,Normaal,Droog,Dag,met lichtgewonden,3,Fiets,9,personenauto,Op Kruispunt,Gewestweg,binnen bebouwde kom,Tussen 2 bestuurders: Flank tegen flank,Geen hindernis
12266,7,Evergem 1,Evergem,51.1089,3.70317,2.0743614284302585,51.09212697694566,3.716173889770344,2019,2,7,44021,Gent,Normaal,Droog,Dageraad - schemering,met lichtgewonden,9,personenauto,3,Fiets,Op Kruispunt,Gewestweg,binnen bebouwde kom,Tussen 2 bestuurders: Frontale botsing,Geen hindernis
12266,6,Evergem 2,Evergem,51.10894,3.70298,2.0841914588696637,51.09212697694566,3.716173889770344,2019,2,7,44021,Gent,Normaal,Droog,Dageraad - schemering,met lichtgewonden,9,personenauto,3,Fiets,Op Kruispunt,Gewestweg,binnen bebouwde kom,Tussen 2 bestuurders: Frontale botsing,Geen hindernis
12271,13,Gent,Gent,51.03018,3.70146,1.1196704968802154,51.03617344634325,3.7143267061728356,2019,2,17,44021,Gent,Regenval,Onbekend,Dageraad - schemering,met lichtgewonden,3,Fiets,3,Fiets,Buiten Kruispunt,Gemeenteweg,binnen bebouwde kom,Tussen 2 bestuurders: Langs achteren,Geen hindernis
12273,13,Gent,Gent,51.03018,3.70146,1.936479830017578,51.03864740315164,3.7256598098307476,2019,2,4,44021,Gent,Normaal,Droog,"Nacht, openbare verlichting aanwezig en ontstoken",met lichtgewonden,6,Bromfiets,3,Fiets,Buiten Kruispunt,Gewestweg,binnen bebouwde kom,Tss. 2 best.: langs opzij (voor-/achterkant-flank),Geen hindernis
12288,119,Gent teller 2,Gent,51.0281795,3.7683918,0.49066674971277224,51.0247582024903,3.7728226383177237,2019,2,7,44040,Melle,Normaal,Droog,Dageraad - schemering,met lichtgewonden,8,Voetganger,3,Fiets,Op Kruispunt,Gewestweg,buiten bebouwde kom,Met een voetganger,Geen hindernis
12288,118,Gent teller 1,Gent,51.028049,3.7681359,0.49125966760006845,51.0247582024903,3.7728226383177237,2019,2,7,44040,Melle,Normaal,Droog,Dageraad - schemering,met lichtgewonden,8,Voetganger,3,Fiets,Op Kruispunt,Gewestweg,buiten bebouwde kom,Met een voetganger,Geen hindernis
12294,7,Evergem 1,Evergem,51.1089,3.70317,0.7046653771024022,51.1128825659523,3.7110217375440007,2019,2,18,44019,Evergem,Normaal,Droog,Dag,met lichtgewonden,9,personenauto,3,Fiets,Op Kruispunt,Gemeenteweg,binnen bebouwde kom,Tussen 2 bestuurders: Frontale botsing,Geen hindernis
12294,6,Evergem 2,Evergem,51.10894,3.70298,0.712285066851623,51.1128825659523,3.7110217375440007,2019,2,18,44019,Evergem,Normaal,Droog,Dag,met lichtgewonden,9,personenauto,3,Fiets,Op Kruispunt,Gemeenteweg,binnen bebouwde kom,Tussen 2 bestuurders: Frontale botsing,Geen hindernis
12295,6,Evergem 2,Evergem,51.10894,3.70298,1.5301471882121804,51.11744764849593,3.685751312618445,2019,2,8,44019,Evergem,Normaal,Droog,Dag,met lichtgewonden,9,personenauto,3,Fiets,Op Kruispunt,Gewestweg,buiten bebouwde kom,Tss. 2 best.: langs opzij (voor-/achterkant-flank),Geen hindernis
12295,7,Evergem 1,Evergem,51.1089,3.70317,1.5433292852750224,51.11744764849593,3.685751312618445,2019,2,8,44019,Evergem,Normaal,Droog,Dag,met lichtgewonden,9,personenauto,3,Fiets,Op Kruispunt,Gewestweg,buiten bebouwde kom,Tss. 2 best.: langs opzij (voor-/achterkant-flank),Geen hindernis
12296,7,Evergem 1,Evergem,51.1089,3.70317,0.44107038884168914,51.1125316554211,3.705711194837513,2019,2,19,44019,Evergem,Onbekend,Droog,"Nacht, geen openbare verlichting aanwezig",met lichtgewonden,3,Fiets,11,een weggebruiker tegen een hindernis,Buiten Kruispunt,Gemeenteweg,binnen bebouwde kom,Weggebruiker tegen hindernis buiten rijbaan,Andere hindernis
12296,6,Evergem 2,Evergem,51.10894,3.70298,0.4425523775541927,51.1125316554211,3.705711194837513,2019,2,19,44019,Evergem,Onbekend,Droog,"Nacht, geen openbare verlichting aanwezig",met lichtgewonden,3,Fiets,11,een weggebruiker tegen een hindernis,Buiten Kruispunt,Gemeenteweg,binnen bebouwde kom,Weggebruiker tegen hindernis buiten rijbaan,Andere hindernis
12299,115,Aalter,Aalter,51.1058367,3.4350591,1.1245982051438177,51.09684661484128,3.4424374310495023,2019,2,15,44084,Aalter,Normaal,Droog,Dag,met lichtgewonden,3,Fiets,10,"één bestuurder, geen hindernis",Op Kruispunt,Gewestweg,binnen bebouwde kom,"Eén bestuurder, geen hindernis (incl. val)",Geen hindernis
12326,126,Hamme totem,Hamme,51.1017709,4.1469307,1.4094148981659977,51.114184982422636,4.142854269015002,2019,2,15,46025,Temse,Normaal,Droog,Dag,met lichtgewonden,9,personenauto,3,Fiets,Op Kruispunt,Gewestweg,binnen bebouwde kom,Tss. 2 best.: langs opzij (voor-/achterkant-flank),Geen hindernis