crash_row_id,site_id,site_name,site_gemeente,site_lat,site_long,distance_km,crash_lat,crash_long,DT_YEAR_COLLISION,DT_MONTH_COLLISION,DT_TIME,CD_NIS,TX_MUNTY_COLLISION_NL,TX_WEATHER_NL,TX_ROAD_CONDITION_NL,TX_LIGHT_CONDITION_NL,TX_CLASS_ACCIDENTS_NL,CD_ROAD_USR_TYPE1,TX_ROAD_USR_TYPE1_NL,CD_ROAD_USR_TYPE2,TX_ROAD_USR_TYPE2_NL,TX_CROSSWAY_NL,CD_ROAD_TYPE_NL,TX_BUILD_UP_AREA_NL,TX_COLLISION_TYPE_NL,TX_OBSTACLES_NL
12327,126,Hamme totem,Hamme,51.1017709,4.1469307,2.2206956143673295,51.11148753402411,4.174719894621798,2019,2,14,46025,Temse,Normaal,Droog,Dag,met lichtgewonden,3,Fiets,10,"één bestuurder, geen hindernis",Buiten Kruispunt,Gemeenteweg,binnen bebouwde kom,"Eén bestuurder, geen hindernis (incl. val)",Geen hindernis
12328,126,Hamme totem,Hamme,51.1017709,4.1469307,2.2206956143673295,51.11148753402411,4.174719894621798,2019,2,9,46025,Temse,Normaal,Droog,Dag,met zwaargewonden,3,Fiets,8,Voetganger,Buiten Kruispunt,Gemeenteweg,binnen bebouwde kom,Met een voetganger,Geen hindernis
12332,128,Lokeren teller 1,Lokeren,51.09644,3.97023,1.5075639319884828,51.10975399080778,3.9743067269893784,2019,2,12,46014,Lokeren,Normaal,Droog,Dag,met zwaargewonden,9,personenauto,3,Fiets,Buiten Kruispunt,Gewestweg,buiten bebouwde kom,Tussen 2 bestuurders: Flank tegen flank,Geen hindernis
12332,129,Lokeren teller 2,Lokeren,51.09612,3.97025,1.5422640439119961,51.10975399080778,3.9743067269893784,2019,2,12,46014,Lokeren,Normaal,Droog,Dag,met zwaargewonden,9,personenauto,3,Fiets,Buiten Kruispunt,Gewestweg,buiten bebouwde kom,Tussen 2 bestuurders: Flank tegen flank,Geen hindernis
12334,128,Lokeren teller 1,Lokeren,51.09644,3.97023,1.6836476084138448,51.10721028347307,3.9871783510667425,2019,2,10,46014,Lokeren,Normaal,Droog,Dag,met lichtgewonden,3,Fiets,9,personenauto,Buiten Kruispunt,Gemeenteweg,binnen bebouwde kom,Tss. 2 best.: langs opzij (voor-/achterkant-flank),Geen hindernis
12334,129,Lokeren teller 2,Lokeren,51.09612,3.97025,1.7081770443096906,51.10721028347307,3.9871783510667425,2019,2,10,46014,Lokeren,Normaal,Droog,Dag,met lichtgewonden,3,Fiets,9,personenauto,Buiten Kruispunt,Gemeenteweg,binnen bebouwde kom,Tss. 2 best.: langs opzij (voor-/achterkant-flank),Geen hindernis
12337,128,Lokeren teller 1,Lokeren,51.09644,3.97023,1.6648564367882754,51.105824544147,3.9888085234146926,2019,2,18,46014,Lokeren,Normaal,Droog,"Nacht, openbare verlichting aanwezig en ontstoken",met lichtgewonden,9,personenauto,3,Fiets,Buiten Kruispunt,Gemeenteweg,binnen bebouwde kom,Tussen 2 bestuurders: Langs achteren,Geen hindernis
12337,129,Lokeren teller 2,Lokeren,51.09612,3.97025,1.6863169520957293,51.105824544147,3.9888085234146926,2019,2,18,46014,Lokeren,Normaal,Droog,"Nacht, openbare verlichting aanwezig en ontstoken",met lichtgewonden,9,personenauto,3,Fiets,Buiten Kruispunt,Gemeenteweg,binnen bebouwde kom,Tussen 2 bestuurders: Langs achteren,Geen hindernis
12338,141,Test site A support,Lokeren,51.08342085,3.9961071208376326,1.9665998933203874,51.10097488692186,3.999541374576678,2019,2,13,46014,Lokeren,Normaal,Droog,Dag,met lichtgewonden,9,personenauto,3,Fiets,Op Kruispunt,Gewestweg,binnen bebouwde kom,Tss. 2 best.: langs opzij (voor-/achterkant-flank),Geen hindernis
12338,128,Lokeren teller 1,Lokeren,51.09644,3.97023,2.107963500192439,51.10097488692186,3.999541374576678,2019,2,13,46014,Lokeren,Normaal,Droog,Dag,met lichtgewonden,9,personenauto,3,Fiets,Op Kruispunt,Gewestweg,binnen bebouwde kom,Tss. 2 best.: langs opzij (voor-/achterkant-flank),Geen hindernis
12338,129,Lokeren teller 2,Lokeren,51.09612,3.97025,2.1154137982275993,51.10097488692186,3.999541374576678,2019,2,13,46014,Lokeren,Normaal,Droog,Dag,met lichtgewonden,9,personenauto,3,Fiets,Op Kruispunt,Gewestweg,binnen bebouwde kom,Tss. 2 best.: langs opzij (voor-/achterkant-flank),Geen hindernis
12339,121,Zele teller 2,Zele,51.0604067,4.0556696,0.02170435963800901,51.06032370925722,4.055388501979423,2019,2,7,42028,Zele,Normaal,Droog,Dag,met lichtgewonden,9,personenauto,3,Fiets,Op Kruispunt,Gemeenteweg,buiten bebouwde kom,Tss. 2 best.: langs opzij (voor-/achterkant-flank),Geen hindernis
12339,120,Zele teller 1,Zele,51.0607671,4.0547741,0.06537920165052842,51.06032370925722,4.055388501979423,2019,2,7,42028,Zele,Normaal,Droog,Dag,met lichtgewonden,9,personenauto,3,Fiets,Op Kruispunt,Gemeenteweg,buiten bebouwde kom,Tss. 2 best.: langs opzij (voor-/achterkant-flank),Geen hindernis
12340,120,Zele teller 1,Zele,51.0607671,4.0547741,1.151542160659972,51.06886019512877,4.044492433093346,2019,2,21,42028,Zele,Normaal,Droog,"Nacht, openbare verlichting aanwezig en ontstoken",met lichtgewonden,9,personenauto,3,Fiets,Op Kruispunt,Gemeenteweg,binnen bebouwde kom,Tss. 2 best.: langs opzij (voor-/achterkant-flank),Geen hindernis
12340,121,Zele teller 2,Zele,51.0604067,4.0556696,1.2221389204265092,51.06886019512877,4.044492433093346,2019,2,21,42028,Zele,Normaal,Droog,"Nacht, openbare verlichting aanwezig en ontstoken",met lichtgewonden,9,personenauto,3,Fiets,Op Kruispunt,Gemeenteweg,binnen bebouwde kom,Tss. 2 best.: langs opzij (voor-/achterkant-flank),Geen hindernis
12341,120,Zele teller 1,Zele,51.0607671,4.0547741,1.838558314103211,51.07704391383252,4.050146288790471,2019,2,16,42028,Zele,Normaal,Droog,Dag,met lichtgewonden,3,Fiets,9,personenauto,Op Kruispunt,Gemeenteweg,buiten bebouwde kom,Tss. 2 best.: langs opzij (voor-/achterkant-flank),Geen hindernis
12341,121,Zele teller 2,Zele,51.0604067,4.0556696,1.8898008971360933,51.07704391383252,4.050146288790471,2019,2,16,42028,Zele,Normaal,Droog,Dag,met lichtgewonden,3,Fiets,9,personenauto,Op Kruispunt,Gemeenteweg,buiten bebouwde kom,Tss. 2 best.: langs opzij (voor-/achterkant-flank),Geen hindernis
12357,10,Aalst 2,Aalst,50.93549,4.01571,2.360392932552741,50.94294526516406,4.047250831815929,2019,2,17,41002,Aalst,Normaal,"Nat, plassen",Dageraad - schemering,met lichtgewonden,9,personenauto,3,Fiets,Op Kruispunt,Gemeenteweg,binnen bebouwde kom,Tss. 2 best.: langs opzij (voor-/achterkant-flank),Geen hindernis
12357,11,Aalst 3,Aalst,50.93385,4.01647,2.382158472366471,50.94294526516406,4.047250831815929,2019,2,17,41002,Aalst,Normaal,"Nat, plassen",Dageraad - schemering,met lichtgewonden,9,personenauto,3,Fiets,Op Kruispunt,Gemeenteweg,binnen bebouwde kom,Tss. 2 best.: langs opzij (voor-/achterkant-flank),Geen hindernis
12357,19,Aalst 1,Aalst,50.93433,4.01471,2.473195501169127,50.94294526516406,4.047250831815929,2019,2,17,41002,Aalst,Normaal,"Nat, plassen",Dageraad - schemering,met lichtgewonden,9,personenauto,3,Fiets,Op Kruispunt,Gemeenteweg,binnen bebouwde kom,Tss. 2 best.: langs opzij (voor-/achterkant-flank),Geen hindernis
12358,11,Aalst 3,Aalst,50.93385,4.01647,1.375859285607586,50.93714331508747,4.035396008835672,2019,2,14,41002,Aalst,Normaal,Droog,Dag,met lichtgewonden,9,personenauto,3,Fiets,Op Kruispunt,Gemeenteweg,binnen bebouwde kom,Tussen 2 bestuurders: Flank tegen flank,Geen hindernis
12358,10,Aalst 2,Aalst,50.93549,4.01571,1.391658650508065,50.93714331508747,4.035396008835672,2019,2,14,41002,Aalst,Normaal,Droog,Dag,met lichtgewonden,9,personenauto,3,Fiets,Op Kruispunt,Gemeenteweg,binnen bebouwde kom,Tussen 2 bestuurders: Flank tegen flank,Geen hindernis
12358,19,Aalst 1,Aalst,50.93433,4.01471,1.4829249364477963,50.93714331508747,4.035396008835672,2019,2,14,41002,Aalst,Normaal,Droog,Dag,met lichtgewonden,9,personenauto,3,Fiets,Op Kruispunt,Gemeenteweg,binnen bebouwde kom,Tussen 2 bestuurders: Flank tegen flank,Geen hindernis
12360,10,Aalst 2,Aalst,50.93549,4.01571,1.4673281851028888,50.94052778094775,4.035064618034188,2019,2,16,41002,Aalst,Normaal,Droog,Dag,met lichtgewonden,3,Fiets,8,Voetganger,Buiten Kruispunt,Gemeenteweg,binnen bebouwde kom,Met een voetganger,Geen hindernis
12360,11,Aalst 3,Aalst,50.93385,4.01647,1.4996884050327954,50.94052778094775,4.035064618034188,2019,2,16,41002,Aalst,Normaal,Droog,Dag,met lichtgewonden,3,Fiets,8,Voetganger,Buiten Kruispunt,Gemeenteweg,binnen bebouwde kom,Met een voetganger,Geen hindernis
12360,19,Aalst 1,Aalst,50.93433,4.01471,1.5840512529558173,50.94052778094775,4.035064618034188,2019,2,16,41002,Aalst,Normaal,Droog,Dag,met lichtgewonden,3,Fiets,8,Voetganger,Buiten Kruispunt,Gemeenteweg,binnen bebouwde kom,Met een voetganger,Geen hindernis
12361,11,Aalst 3,Aalst,50.93385,4.01647,1.6077536642191312,50.938300199984525,4.038300012870684,2019,2,13,41002,Aalst,Normaal,Droog,Dag,met lichtgewonden,3,Fiets,3,Fiets,Buiten Kruispunt,Gemeenteweg,binnen bebouwde kom,Tussen 2 bestuurders: Langs achteren,Geen hindernis
12361,10,Aalst 2,Aalst,50.93549,4.01571,1.61348354748497,50.938300199984525,4.038300012870684,2019,2,13,41002,Aalst,Normaal,Droog,Dag,met lichtgewonden,3,Fiets,3,Fiets,Buiten Kruispunt,Gemeenteweg,binnen bebouwde kom,Tussen 2 bestuurders: Langs achteren,Geen hindernis
12361,19,Aalst 1,Aalst,50.93433,4.01471,1.710963509892046,50.938300199984525,4.038300012870684,2019,2,13,41002,Aalst,Normaal,Droog,Dag,met lichtgewonden,3,Fiets,3,Fiets,Buiten Kruispunt,Gemeenteweg,binnen bebouwde kom,Tussen 2 bestuurders: Langs achteren,Geen hindernis
12362,10,Aalst 2,Aalst,50.93549,4.01571,2.0107860854175157,50.94574742029692,4.039344679646337,2019,2,17,41002,Aalst,Regenval,"Nat, plassen","Nacht, openbare verlichting aanwezig en ontstoken",met lichtgewonden,9,personenauto,3,Fiets,Op Kruispunt,Gemeenteweg,binnen bebouwde kom,Tss. 2 best.: langs opzij (voor-/achterkant-flank),Geen hindernis
12362,11,Aalst 3,Aalst,50.93385,4.01647,2.078235804223308,50.94574742029692,4.039344679646337,2019,2,17,41002,Aalst,Regenval,"Nat, plassen","Nacht, openbare verlichting aanwezig en ontstoken",met lichtgewonden,9,personenauto,3,Fiets,Op Kruispunt,Gemeenteweg,binnen bebouwde kom,Tss. 2 best.: langs opzij (voor-/achterkant-flank),Geen hindernis
12362,19,Aalst 1,Aalst,50.93433,4.01471,2.1427038520939057,50.94574742029692,4.039344679646337,2019,2,17,41002,Aalst,Regenval,"Nat, plassen","Nacht, openbare verlichting aanwezig en ontstoken",met lichtgewonden,9,personenauto,3,Fiets,Op Kruispunt,Gemeenteweg,binnen bebouwde kom,Tss. 2 best.: langs opzij (voor-/achterkant-flank),Geen hindernis
12364,10,Aalst 2,Aalst,50.93549,4.01571,2.344266171664889,50.943467278837225,4.046679233214381,2019,2,20,41002,Aalst,Normaal,"Nat, plassen","Nacht, geen openbare verlichting aanwezig",met lichtgewonden,3,Fiets,8,Voetganger,Buiten Kruispunt,Gemeenteweg,binnen bebouwde kom,Met een voetganger,Geen hindernis
12364,11,Aalst 3,Aalst,50.93385,4.01647,2.3715481192518575,50.943467278837225,4.046679233214381,2019,2,20,41002,Aalst,Normaal,"Nat, plassen","Nacht, geen openbare verlichting aanwezig",met lichtgewonden,3,Fiets,8,Voetganger,Buiten Kruispunt,Gemeenteweg,binnen bebouwde kom,Met een voetganger,Geen hindernis
12364,19,Aalst 1,Aalst,50.93433,4.01471,2.459711052740414,50.943467278837225,4.046679233214381,2019,2,20,41002,Aalst,Normaal,"Nat, plassen","Nacht, geen openbare verlichting aanwezig",met lichtgewonden,3,Fiets,8,Voetganger,Buiten Kruispunt,Gemeenteweg,binnen bebouwde kom,Met een voetganger,Geen hindernis
12365,19,Aalst 1,Aalst,50.93433,4.01471,2.3243647122691913,50.93883971478176,3.982320442626024,2019,2,8,41082,Erpe-Mere,Onbekend,Onbekend,Onbekend,met lichtgewonden,3,Fiets,9,personenauto,Op Kruispunt,Gewestweg,onbekend,Tss. 2 best.: langs opzij (voor-/achterkant-flank),Geen hindernis
12365,10,Aalst 2,Aalst,50.93549,4.01571,2.369134621088674,50.93883971478176,3.982320442626024,2019,2,8,41082,Erpe-Mere,Onbekend,Onbekend,Onbekend,met lichtgewonden,3,Fiets,9,personenauto,Op Kruispunt,Gewestweg,onbekend,Tss. 2 best.: langs opzij (voor-/achterkant-flank),Geen hindernis
12365,11,Aalst 3,Aalst,50.93385,4.01647,2.456447919626613,50.93883971478176,3.982320442626024,2019,2,8,41082,Erpe-Mere,Onbekend,Onbekend,Onbekend,met lichtgewonden,3,Fiets,9,personenauto,Op Kruispunt,Gewestweg,onbekend,Tss. 2 best.: langs opzij (voor-/achterkant-flank),Geen hindernis
12371,125,Dendermonde totem,Dendermonde,51.0372706,4.1025998,0.4495988902270194,51.03325441643791,4.101855840596064,2019,2,14,42006,Dendermonde,Normaal,Droog,Dag,met lichtgewonden,3,Fiets,9,personenauto,Op Kruispunt,Gewestweg,binnen bebouwde kom,Tss. 2 best.: langs opzij (voor-/achterkant-flank),Geen hindernis
12371,122,Dendermonde teller 2,Dendermonde,51.0373918,4.1019222,0.4600794611025146,51.03325441643791,4.101855840596064,2019,2,14,42006,Dendermonde,Normaal,Droog,Dag,met lichtgewonden,3,Fiets,9,personenauto,Op Kruispunt,Gewestweg,binnen bebouwde kom,Tss. 2 best.: langs opzij (voor-/achterkant-flank),Geen hindernis
12372,125,Dendermonde totem,Dendermonde,51.0372706,4.1025998,0.6348242670623901,51.03183248183782,4.105363652318751,2019,2,5,42006,Dendermonde,Normaal,Droog,"Nacht, openbare verlichting aanwezig en ontstoken",met lichtgewonden,9,personenauto,3,Fiets,Buiten Kruispunt,Gemeenteweg,binnen bebouwde kom,Tussen 2 bestuurders: Langs achteren,Geen hindernis
12372,122,Dendermonde teller 2,Dendermonde,51.0373918,4.1019222,0.6633558599552006,51.03183248183782,4.105363652318751,2019,2,5,42006,Dendermonde,Normaal,Droog,"Nacht, openbare verlichting aanwezig en ontstoken",met lichtgewonden,9,personenauto,3,Fiets,Buiten Kruispunt,Gemeenteweg,binnen bebouwde kom,Tussen 2 bestuurders: Langs achteren,Geen hindernis
12373,122,Dendermonde teller 2,Dendermonde,51.0373918,4.1019222,1.4211138044103244,51.049682347150686,4.107495940785596,2019,2,17,42006,Dendermonde,Normaal,Droog,Dag,met lichtgewonden,9,personenauto,3,Fiets,Op Kruispunt,Gewestweg,binnen bebouwde kom,Tss. 2 best.: langs opzij (voor-/achterkant-flank),Geen hindernis
12373,125,Dendermonde totem,Dendermonde,51.0372706,4.1025998,1.4219380304251934,51.049682347150686,4.107495940785596,2019,2,17,42006,Dendermonde,Normaal,Droog,Dag,met lichtgewonden,9,personenauto,3,Fiets,Op Kruispunt,Gewestweg,binnen bebouwde kom,Tss. 2 best.: langs opzij (voor-/achterkant-flank),Geen hindernis
12374,125,Dendermonde totem,Dendermonde,51.0372706,4.1025998,1.0502301315329472,51.03646908705384,4.11756572622188,2019,2,16,42006,Dendermonde,Normaal,Droog,Dag,met lichtgewonden,3,Fiets,3,Fiets,Buiten Kruispunt,Gemeenteweg,binnen bebouwde kom,Tss. 2 best.: langs opzij (voor-/achterkant-flank),Geen hindernis
12374,122,Dendermonde teller 2,Dendermonde,51.0373918,4.1019222,1.0986206280723478,51.03646908705384,4.11756572622188,2019,2,16,42006,Dendermonde,Normaal,Droog,Dag,met lichtgewonden,3,Fiets,3,Fiets,Buiten Kruispunt,Gemeenteweg,binnen bebouwde kom,Tss. 2 best.: langs opzij (voor-/achterkant-flank),Geen hindernis
12375,122,Dendermonde teller 2,Dendermonde,51.0373918,4.1019222,1.5367719611960002,51.0319824953572,4.081698053317033,2019,2,17,42006,Dendermonde,Normaal,Droog,Dag,met lichtgewonden,3,Fiets,9,personenauto,Op Kruispunt,Gewestweg,binnen bebouwde kom,Tss. 2 best.: langs opzij (voor-/achterkant-flank),Geen hindernis
12375,125,Dendermonde totem,Dendermonde,51.0372706,4.1025998,1.5754040809465188,51.0319824953572,4.081698053317033,2019,2,17,42006,Dendermonde,Normaal,Droog,Dag,met lichtgewonden,3,Fiets,9,personenauto,Op Kruispunt,Gewestweg,binnen bebouwde kom,Tss. 2 best.: langs opzij (voor-/achterkant-flank),Geen hindernis
12376,122,Dendermonde teller 2,Dendermonde,51.0373918,4.1019222,0.9893958594208223,51.02978566600761,4.094580090799927,2019,2,12,42006,Dendermonde,Normaal,Droog,Dag,met lichtgewonden,3,Fiets,5,Lichte vrachtauto,Buiten Kruispunt,Gemeenteweg,binnen bebouwde kom,Tussen 2 bestuurders: Flank tegen flank,Geen hindernis
12376,125,Dendermonde totem,Dendermonde,51.0372706,4.1025998,1.0035876453417034,51.02978566600761,4.094580090799927,2019,2,12,42006,Dendermonde,Normaal,Droog,Dag,met lichtgewonden,3,Fiets,5,Lichte vrachtauto,Buiten Kruispunt,Gemeenteweg,binnen bebouwde kom,Tussen 2 bestuurders: Flank tegen flank,Geen hindernis
12378,54,Brugge teller 2,Brugge,51.23015,3.22818,1.8369849168076249,51.21541413412336,3.2162551450789745,2019,2,19,31005,Brugge,Normaal,Droog,Dageraad - schemering,met lichtgewonden,9,personenauto,3,Fiets,Op Kruispunt,Gewestweg,binnen bebouwde kom,Tss. 2 best.: langs opzij (voor-/achterkant-flank),Geen hindernis
12378,53,Brugge teller 1,Brugge,51.23023,3.228,1.83931521142306,51.21541413412336,3.2162551450789745,2019,2,19,31005,Brugge,Normaal,Droog,Dageraad - schemering,met lichtgewonden,9,personenauto,3,Fiets,Op Kruispunt,Gewestweg,binnen bebouwde kom,Tss. 2 best.: langs opzij (voor-/achterkant-flank),Geen hindernis
12378,52,Brugge,Brugge,51.22632,3.24095,2.1043835359637693,51.21541413412336,3.2162551450789745,2019,2,19,31005,Brugge,Normaal,Droog,Dageraad - schemering,met lichtgewonden,9,personenauto,3,Fiets,Op Kruispunt,Gewestweg,binnen bebouwde kom,Tss. 2 best.: langs opzij (voor-/achterkant-flank),Geen hindernis
12378,142,TEST Validatie BRUGGE Y2H22022134,Brugge,51.22632,3.24095,2.1043835359637693,51.21541413412336,3.2162551450789745,2019,2,19,31005,Brugge,Normaal,Droog,Dageraad - schemering,met lichtgewonden,9,personenauto,3,Fiets,Op Kruispunt,Gewestweg,binnen bebouwde kom,Tss. 2 best.: langs opzij (voor-/achterkant-flank),Geen hindernis
12380,20,Brugge,Brugge,51.17416,3.20048,1.9445516654798574,51.190314030025895,3.211166003667048,2019,2,14,31005,Brugge,Normaal,Droog,Dag,met lichtgewonden,9,personenauto,3,Fiets,Buiten Kruispunt,Gewestweg,binnen bebouwde kom,Tss. 2 best.: langs opzij (voor-/achterkant-flank),Geen hindernis
12381,50,"Brugge, Sint-Andries",Brugge,51.19291,3.16252,1.8828494949204277,51.198641214231586,3.1879459632429845,2019,2,8,31005,Brugge,Normaal,Droog,Dag,met lichtgewonden,5,Lichte vrachtauto,3,Fiets,Buiten Kruispunt,Gewestweg,binnen bebouwde kom,Tss. 2 best.: langs opzij (voor-/achterkant-flank),Geen hindernis
12381,51,"Brugge, Sint-Andries",Brugge,51.19281,3.16252,1.8866438932448732,51.198641214231586,3.1879459632429845,2019,2,8,31005,Brugge,Normaal,Droog,Dag,met lichtgewonden,5,Lichte vrachtauto,3,Fiets,Buiten Kruispunt,Gewestweg,binnen bebouwde kom,Tss. 2 best.: langs opzij (voor-/achterkant-flank),Geen hindernis
12382,53,Brugge teller 1,Brugge,51.23023,3.228,1.7768768518458196,51.219337649915715,3.20933001767745,2019,2,10,31005,Brugge,Onbekend,Droog,Dag,met lichtgewonden,4,Vrachtwagen,3,Fiets,Op Kruispunt,Gewestweg,binnen bebouwde kom,Tussen 2 bestuurders: Flank tegen flank,Geen hindernis
12382,54,Brugge teller 2,Brugge,51.23015,3.22818,1.7800494828424682,51.219337649915715,3.20933001767745,2019,2,10,31005,Brugge,Onbekend,Droog,Dag,met lichtgewonden,4,Vrachtwagen,3,Fiets,Op Kruispunt,Gewestweg,binnen bebouwde kom,Tussen 2 bestuurders: Flank tegen flank,Geen hindernis
12382,52,Brugge,Brugge,51.22632,3.24095,2.334900487442403,51.219337649915715,3.20933001767745,2019,2,10,31005,Brugge,Onbekend,Droog,Dag,met lichtgewonden,4,Vrachtwagen,3,Fiets,Op Kruispunt,Gewestweg,binnen bebouwde kom,Tussen 2 bestuurders: Flank tegen flank,Geen hindernis
12382,142,TEST Validatie BRUGGE Y2H22022134,Brugge,51.22632,3.24095,2.334900487442403,51.219337649915715,3.20933001767745,2019,2,10,31005,Brugge,Onbekend,Droog,Dag,met lichtgewonden,4,Vrachtwagen,3,Fiets,Op Kruispunt,Gewestweg,binnen bebouwde kom,Tussen 2 bestuurders: Flank tegen flank,Geen hindernis
12384,54,Brugge teller 2,Brugge,51.23015,3.22818,0.9167451318453771,51.22194488945819,3.2268948647370994,2019,2,7,31005,Brugge,Normaal,Droog,Dag,met lichtgewonden,9,personenauto,3,Fiets,Op Kruispunt,Gemeenteweg,binnen bebouwde kom,Tussen 2 bestuurders: Frontale botsing,Geen hindernis
12384,53,Brugge teller 1,Brugge,51.23023,3.228,0.9244709348231477,51.22194488945819,3.2268948647370994,2019,2,7,31005,Brugge,Normaal,Droog,Dag,met lichtgewonden,9,personenauto,3,Fiets,Op Kruispunt,Gemeenteweg,binnen bebouwde kom,Tussen 2 bestuurders: Frontale botsing,Geen hindernis
12384,52,Brugge,Brugge,51.22632,3.24095,1.0930161962989375,51.22194488945819,3.2268948647370994,2019,2,7,31005,Brugge,Normaal,Droog,Dag,met lichtgewonden,9,personenauto,3,Fiets,Op Kruispunt,Gemeenteweg,binnen bebouwde kom,Tussen 2 bestuurders: Frontale botsing,Geen hindernis
12384,142,TEST Validatie BRUGGE Y2H22022134,Brugge,51.22632,3.24095,1.0930161962989375,51.22194488945819,3.2268948647370994,2019,2,7,31005,Brugge,Normaal,Droog,Dag,met lichtgewonden,9,personenauto,3,Fiets,Op Kruispunt,Gemeenteweg,binnen bebouwde kom,Tussen 2 bestuurders: Frontale botsing,Geen hindernis
12386,50,"Brugge, Sint-Andries",Brugge,51.19291,3.16252,1.1741249845056014,51.19510170236847,3.179002268743138,2019,2,17,31005,Brugge,Normaal,Droog,Dag,met lichtgewonden,3,Fiets,9,personenauto,Op Kruispunt,Gemeenteweg,binnen bebouwde kom,Tussen 2 bestuurders: Langs achteren,Geen hindernis
12386,51,"Brugge, Sint-Andries",Brugge,51.19281,3.16252,1.1764844935305403,51.19510170236847,3.179002268743138,2019,2,17,31005,Brugge,Normaal,Droog,Dag,met lichtgewonden,3,Fiets,9,personenauto,Op Kruispunt,Gemeenteweg,binnen bebouwde kom,Tussen 2 bestuurders: Langs achteren,Geen hindernis
12389,142,TEST Validatie BRUGGE Y2H22022134,Brugge,51.22632,3.24095,1.726110233493411,51.210847947961675,3.2429618405759197,2019,2,18,31005,Brugge,Normaal,Droog,"Nacht, openbare verlichting aanwezig en ontstoken",met lichtgewonden,9,personenauto,3,Fiets,Op Kruispunt,Gewestweg,binnen bebouwde kom,Tss. 2 best.: langs opzij (voor-/achterkant-flank),Geen hindernis
12389,52,Brugge,Brugge,51.22632,3.24095,1.726110233493411,51.210847947961675,3.2429618405759197,2019,2,18,31005,Brugge,Normaal,Droog,"Nacht, openbare verlichting aanwezig en ontstoken",met lichtgewonden,9,personenauto,3,Fiets,Op Kruispunt,Gewestweg,binnen bebouwde kom,Tss. 2 best.: langs opzij (voor-/achterkant-flank),Geen hindernis
12389,54,Brugge teller 2,Brugge,51.23015,3.22818,2.3804133802803293,51.210847947961675,3.2429618405759197,2019,2,18,31005,Brugge,Normaal,Droog,"Nacht, openbare verlichting aanwezig en ontstoken",met lichtgewonden,9,personenauto,3,Fiets,Op Kruispunt,Gewestweg,binnen bebouwde kom,Tss. 2 best.: langs opzij (voor-/achterkant-flank),Geen hindernis
12389,53,Brugge teller 1,Brugge,51.23023,3.228,2.393866755479757,51.210847947961675,3.2429618405759197,2019,2,18,31005,Brugge,Normaal,Droog,"Nacht, openbare verlichting aanwezig en ontstoken",met lichtgewonden,9,personenauto,3,Fiets,Op Kruispunt,Gewestweg,binnen bebouwde kom,Tss. 2 best.: langs opzij (voor-/achterkant-flank),Geen hindernis
12390,20,Brugge,Brugge,51.17416,3.20048,2.1144586387016484,51.193056798125,3.1970916305647097,2019,2,11,31005,Brugge,Normaal,Droog,Dag,met lichtgewonden,9,personenauto,3,Fiets,Buiten Kruispunt,Gewestweg,binnen bebouwde kom,Tss. 2 best.: langs opzij (voor-/achterkant-flank),Geen hindernis
12390,50,"Brugge, Sint-Andries",Brugge,51.19291,3.16252,2.4092062055483816,51.193056798125,3.1970916305647097,2019,2,11,31005,Brugge,Normaal,Droog,Dag,met lichtgewonden,9,personenauto,3,Fiets,Buiten Kruispunt,Gewestweg,binnen bebouwde kom,Tss. 2 best.: langs opzij (voor-/achterkant-flank),Geen hindernis
12390,51,"Brugge, Sint-Andries",Brugge,51.19281,3.16252,2.409309816399081,51.193056798125,3.1970916305647097,2019,2,11,31005,Brugge,Normaal,Droog,Dag,met lichtgewonden,9,personenauto,3,Fiets,Buiten Kruispunt,Gewestweg,binnen bebouwde kom,Tss. 2 best.: langs opzij (voor-/achterkant-flank),Geen hindernis
12394,20,Brugge,Brugge,51.17416,3.20048,2.290488727776524,51.15506822315671,3.1881465029344214,2019,2,9,31040,Zedelgem,Normaal,Droog,Dag,met lichtgewonden,3,Fiets,10,"één bestuurder, geen hindernis",Op Kruispunt,Gewestweg,binnen bebouwde kom,"Eén bestuurder, geen hindernis (incl. val)",Geen hindernis
12405,15,Oostende 2,Oostende,51.21371,2.92743,1.432729899208681,51.22517721013653,2.918049174076718,2019,2,8,35013,Oostende,Normaal,Droog,Dag,met lichtgewonden,3,Fiets,9,personenauto,Op Kruispunt,Gemeenteweg,binnen bebouwde kom,Tss. 2 best.: langs opzij (voor-/achterkant-flank),Geen hindernis
12405,18,Oostende 1,Oostende,51.21378,2.92765,1.4328924335229505,51.22517721013653,2.918049174076718,2019,2,8,35013,Oostende,Normaal,Droog,Dag,met lichtgewonden,3,Fiets,9,personenauto,Op Kruispunt,Gemeenteweg,binnen bebouwde kom,Tss. 2 best.: langs opzij (voor-/achterkant-flank),Geen hindernis
12407,15,Oostende 2,Oostende,51.21371,2.92743,2.1462032926854455,51.20179013804556,2.9031988528983455,2019,2,8,35013,Oostende,Normaal,Droog,Dag,met lichtgewonden,5,Lichte vrachtauto,3,Fiets,Buiten Kruispunt,Gewestweg,binnen bebouwde kom,Tss. 2 best.: langs opzij (voor-/achterkant-flank),Geen hindernis