crash_row_id,site_id,site_name,site_gemeente,site_lat,site_long,distance_km,crash_lat,crash_long,DT_YEAR_COLLISION,DT_MONTH_COLLISION,DT_TIME,CD_NIS,TX_MUNTY_COLLISION_NL,TX_WEATHER_NL,TX_ROAD_CONDITION_NL,TX_LIGHT_CONDITION_NL,TX_CLASS_ACCIDENTS_NL,CD_ROAD_USR_TYPE1,TX_ROAD_USR_TYPE1_NL,CD_ROAD_USR_TYPE2,TX_ROAD_USR_TYPE2_NL,TX_CROSSWAY_NL,CD_ROAD_TYPE_NL,TX_BUILD_UP_AREA_NL,TX_COLLISION_TYPE_NL,TX_OBSTACLES_NL
12407,18,Oostende 1,Oostende,51.21378,2.92765,2.1630659160839425,51.20179013804556,2.9031988528983455,2019,2,8,35013,Oostende,Normaal,Droog,Dag,met lichtgewonden,5,Lichte vrachtauto,3,Fiets,Buiten Kruispunt,Gewestweg,binnen bebouwde kom,Tss. 2 best.: langs opzij (voor-/achterkant-flank),Geen hindernis
12409,15,Oostende 2,Oostende,51.21371,2.92743,1.6357001578556194,51.21707901027225,2.904570257698393,2019,2,8,35013,Oostende,Normaal,Droog,Dag,met lichtgewonden,8,Voetganger,3,Fiets,Op Kruispunt,Gemeenteweg,binnen bebouwde kom,Met een voetganger,Geen hindernis
12409,18,Oostende 1,Oostende,51.21378,2.92765,1.648869707532232,51.21707901027225,2.904570257698393,2019,2,8,35013,Oostende,Normaal,Droog,Dag,met lichtgewonden,8,Voetganger,3,Fiets,Op Kruispunt,Gemeenteweg,binnen bebouwde kom,Met een voetganger,Geen hindernis
12413,51,"Brugge, Sint-Andries",Brugge,51.19281,3.16252,0.857142032846222,51.18982943512051,3.1511769893276536,2019,2,12,31012,Jabbeke,Normaal,Droog,Dag,met lichtgewonden,9,personenauto,3,Fiets,Buiten Kruispunt,Gewestweg,binnen bebouwde kom,Tss. 2 best.: langs opzij (voor-/achterkant-flank),Geen hindernis
12413,50,"Brugge, Sint-Andries",Brugge,51.19291,3.16252,0.8615017575193884,51.18982943512051,3.1511769893276536,2019,2,12,31012,Jabbeke,Normaal,Droog,Dag,met lichtgewonden,9,personenauto,3,Fiets,Buiten Kruispunt,Gewestweg,binnen bebouwde kom,Tss. 2 best.: langs opzij (voor-/achterkant-flank),Geen hindernis
12417,55,Torhout teller 1,Torhout,51.07161,3.08261,2.0515856982633234,51.061874124267575,3.1075497931263634,2019,2,17,31033,Torhout,Normaal,Droog,Dag,met zwaargewonden,3,Fiets,11,een weggebruiker tegen een hindernis,Buiten Kruispunt,Gemeenteweg,binnen bebouwde kom,Weggebruiker tegen hindernis op de rijbaan,Op de rijbaan: Container
12417,56,Torhout teller 2,Torhout,51.07147,3.08244,2.0535564786949387,51.061874124267575,3.1075497931263634,2019,2,17,31033,Torhout,Normaal,Droog,Dag,met zwaargewonden,3,Fiets,11,een weggebruiker tegen een hindernis,Buiten Kruispunt,Gemeenteweg,binnen bebouwde kom,Weggebruiker tegen hindernis op de rijbaan,Op de rijbaan: Container
12418,55,Torhout teller 1,Torhout,51.07161,3.08261,0.6047840026592094,51.06906306220389,3.0902580265902637,2019,2,16,31033,Torhout,Regenval,"Nat, plassen",Dag,met lichtgewonden,9,personenauto,3,Fiets,Op Kruispunt,Gewestweg,binnen bebouwde kom,Tss. 2 best.: langs opzij (voor-/achterkant-flank),Geen hindernis
12418,56,Torhout teller 2,Torhout,51.07147,3.08244,0.6082969952065711,51.06906306220389,3.0902580265902637,2019,2,16,31033,Torhout,Regenval,"Nat, plassen",Dag,met lichtgewonden,9,personenauto,3,Fiets,Op Kruispunt,Gewestweg,binnen bebouwde kom,Tss. 2 best.: langs opzij (voor-/achterkant-flank),Geen hindernis
12419,84,Roeselare totem,Izegem,50.91717,3.18772,1.655309738639328,50.913718796875386,3.210688672900774,2019,2,12,36008,Izegem,Normaal,Droog,Dag,met lichtgewonden,3,Fiets,6,Bromfiets,Op Kruispunt,Gemeenteweg,binnen bebouwde kom,Tss. 2 best.: langs opzij (voor-/achterkant-flank),Geen hindernis
12425,84,Roeselare totem,Izegem,50.91717,3.18772,2.1828828328606455,50.91866266079891,3.218768983768395,2019,2,13,36008,Izegem,Normaal,Droog,Dag,met lichtgewonden,3,Fiets,9,personenauto,Op Kruispunt,Gemeenteweg,binnen bebouwde kom,Tussen 2 bestuurders: Flank tegen flank,Geen hindernis
12434,143,Eco Display Classic Budastraat,Kortrijk,50.83066,3.26286,0.831816309469174,50.83813906603822,3.2626121610674494,2019,2,12,34022,Kortrijk,Normaal,Droog,Dag,met lichtgewonden,3,Fiets,9,personenauto,Op Kruispunt,Gewestweg,binnen bebouwde kom,Tss. 2 best.: langs opzij (voor-/achterkant-flank),Geen hindernis
12434,17,Kortrijk 2,Kortrijk,50.83339,3.27773,1.185727660696105,50.83813906603822,3.2626121610674494,2019,2,12,34022,Kortrijk,Normaal,Droog,Dag,met lichtgewonden,3,Fiets,9,personenauto,Op Kruispunt,Gewestweg,binnen bebouwde kom,Tss. 2 best.: langs opzij (voor-/achterkant-flank),Geen hindernis
12434,16,Kortrijk 1,Kortrijk,50.83332,3.27777,1.1917236266903644,50.83813906603822,3.2626121610674494,2019,2,12,34022,Kortrijk,Normaal,Droog,Dag,met lichtgewonden,3,Fiets,9,personenauto,Op Kruispunt,Gewestweg,binnen bebouwde kom,Tss. 2 best.: langs opzij (voor-/achterkant-flank),Geen hindernis
12434,75,Kortrijk teller 2,Kortrijk,50.81925,3.25731,2.133126324135389,50.83813906603822,3.2626121610674494,2019,2,12,34022,Kortrijk,Normaal,Droog,Dag,met lichtgewonden,3,Fiets,9,personenauto,Op Kruispunt,Gewestweg,binnen bebouwde kom,Tss. 2 best.: langs opzij (voor-/achterkant-flank),Geen hindernis
12434,74,Kortrijk teller 1,Kortrijk,50.81909,3.25728,2.1510125033839325,50.83813906603822,3.2626121610674494,2019,2,12,34022,Kortrijk,Normaal,Droog,Dag,met lichtgewonden,3,Fiets,9,personenauto,Op Kruispunt,Gewestweg,binnen bebouwde kom,Tss. 2 best.: langs opzij (voor-/achterkant-flank),Geen hindernis
12435,143,Eco Display Classic Budastraat,Kortrijk,50.83066,3.26286,0.5205512613801536,50.83407854685264,3.267923924948435,2019,2,7,34022,Kortrijk,Normaal,Droog,Dag,met lichtgewonden,9,personenauto,3,Fiets,Op Kruispunt,Gemeenteweg,binnen bebouwde kom,Tss. 2 best.: langs opzij (voor-/achterkant-flank),Geen hindernis
12435,17,Kortrijk 2,Kortrijk,50.83339,3.27773,0.6929010922530624,50.83407854685264,3.267923924948435,2019,2,7,34022,Kortrijk,Normaal,Droog,Dag,met lichtgewonden,9,personenauto,3,Fiets,Op Kruispunt,Gemeenteweg,binnen bebouwde kom,Tss. 2 best.: langs opzij (voor-/achterkant-flank),Geen hindernis
12435,16,Kortrijk 1,Kortrijk,50.83332,3.27777,0.6965931556866016,50.83407854685264,3.267923924948435,2019,2,7,34022,Kortrijk,Normaal,Droog,Dag,met lichtgewonden,9,personenauto,3,Fiets,Op Kruispunt,Gemeenteweg,binnen bebouwde kom,Tss. 2 best.: langs opzij (voor-/achterkant-flank),Geen hindernis
12435,75,Kortrijk teller 2,Kortrijk,50.81925,3.25731,1.8095616959379555,50.83407854685264,3.267923924948435,2019,2,7,34022,Kortrijk,Normaal,Droog,Dag,met lichtgewonden,9,personenauto,3,Fiets,Op Kruispunt,Gemeenteweg,binnen bebouwde kom,Tss. 2 best.: langs opzij (voor-/achterkant-flank),Geen hindernis
12435,74,Kortrijk teller 1,Kortrijk,50.81909,3.25728,1.8266495342920517,50.83407854685264,3.267923924948435,2019,2,7,34022,Kortrijk,Normaal,Droog,Dag,met lichtgewonden,9,personenauto,3,Fiets,Op Kruispunt,Gemeenteweg,binnen bebouwde kom,Tss. 2 best.: langs opzij (voor-/achterkant-flank),Geen hindernis
12436,75,Kortrijk teller 2,Kortrijk,50.81925,3.25731,0.11874173568693738,50.82024350339897,3.257929746279998,2019,2,21,34022,Kortrijk,Normaal,Droog,"Nacht, openbare verlichting aanwezig en ontstoken",met zwaargewonden,9,personenauto,3,Fiets,Buiten Kruispunt,Gewestweg,binnen bebouwde kom,Tussen 2 bestuurders: Langs achteren,Geen hindernis
12436,74,Kortrijk teller 1,Kortrijk,50.81909,3.25728,0.1361431335142103,50.82024350339897,3.257929746279998,2019,2,21,34022,Kortrijk,Normaal,Droog,"Nacht, openbare verlichting aanwezig en ontstoken",met zwaargewonden,9,personenauto,3,Fiets,Buiten Kruispunt,Gewestweg,binnen bebouwde kom,Tussen 2 bestuurders: Langs achteren,Geen hindernis
12436,143,Eco Display Classic Budastraat,Kortrijk,50.83066,3.26286,1.2089230093453245,50.82024350339897,3.257929746279998,2019,2,21,34022,Kortrijk,Normaal,Droog,"Nacht, openbare verlichting aanwezig en ontstoken",met zwaargewonden,9,personenauto,3,Fiets,Buiten Kruispunt,Gewestweg,binnen bebouwde kom,Tussen 2 bestuurders: Langs achteren,Geen hindernis
12436,16,Kortrijk 1,Kortrijk,50.83332,3.27777,2.0139996722279663,50.82024350339897,3.257929746279998,2019,2,21,34022,Kortrijk,Normaal,Droog,"Nacht, openbare verlichting aanwezig en ontstoken",met zwaargewonden,9,personenauto,3,Fiets,Buiten Kruispunt,Gewestweg,binnen bebouwde kom,Tussen 2 bestuurders: Langs achteren,Geen hindernis
12436,17,Kortrijk 2,Kortrijk,50.83339,3.27773,2.0176881148165564,50.82024350339897,3.257929746279998,2019,2,21,34022,Kortrijk,Normaal,Droog,"Nacht, openbare verlichting aanwezig en ontstoken",met zwaargewonden,9,personenauto,3,Fiets,Buiten Kruispunt,Gewestweg,binnen bebouwde kom,Tussen 2 bestuurders: Langs achteren,Geen hindernis
12437,16,Kortrijk 1,Kortrijk,50.83332,3.27777,1.1589589315020439,50.828757763654764,3.2926070775243335,2019,2,17,34022,Kortrijk,Normaal,Droog,Dag,met zwaargewonden,5,Lichte vrachtauto,3,Fiets,Op Kruispunt,Gemeenteweg,binnen bebouwde kom,Tss. 2 best.: langs opzij (voor-/achterkant-flank),Geen hindernis
12437,17,Kortrijk 2,Kortrijk,50.83339,3.27773,1.164905405382438,50.828757763654764,3.2926070775243335,2019,2,17,34022,Kortrijk,Normaal,Droog,Dag,met zwaargewonden,5,Lichte vrachtauto,3,Fiets,Op Kruispunt,Gemeenteweg,binnen bebouwde kom,Tss. 2 best.: langs opzij (voor-/achterkant-flank),Geen hindernis
12437,143,Eco Display Classic Budastraat,Kortrijk,50.83066,3.26286,2.0999291152724897,50.828757763654764,3.2926070775243335,2019,2,17,34022,Kortrijk,Normaal,Droog,Dag,met zwaargewonden,5,Lichte vrachtauto,3,Fiets,Op Kruispunt,Gemeenteweg,binnen bebouwde kom,Tss. 2 best.: langs opzij (voor-/achterkant-flank),Geen hindernis
12438,143,Eco Display Classic Budastraat,Kortrijk,50.83066,3.26286,0.4818348434687021,50.82897106815998,3.256542093240895,2019,2,6,34022,Kortrijk,Normaal,Droog,"Nacht, openbare verlichting aanwezig en ontstoken",met lichtgewonden,9,personenauto,3,Fiets,Op Kruispunt,Gewestweg,binnen bebouwde kom,Tss. 2 best.: langs opzij (voor-/achterkant-flank),Geen hindernis
12438,75,Kortrijk teller 2,Kortrijk,50.81925,3.25731,1.082278435095361,50.82897106815998,3.256542093240895,2019,2,6,34022,Kortrijk,Normaal,Droog,"Nacht, openbare verlichting aanwezig en ontstoken",met lichtgewonden,9,personenauto,3,Fiets,Op Kruispunt,Gewestweg,binnen bebouwde kom,Tss. 2 best.: langs opzij (voor-/achterkant-flank),Geen hindernis
12438,74,Kortrijk teller 1,Kortrijk,50.81909,3.25728,1.099946561953578,50.82897106815998,3.256542093240895,2019,2,6,34022,Kortrijk,Normaal,Droog,"Nacht, openbare verlichting aanwezig en ontstoken",met lichtgewonden,9,personenauto,3,Fiets,Op Kruispunt,Gewestweg,binnen bebouwde kom,Tss. 2 best.: langs opzij (voor-/achterkant-flank),Geen hindernis
12438,17,Kortrijk 2,Kortrijk,50.83339,3.27773,1.5670859599322662,50.82897106815998,3.256542093240895,2019,2,6,34022,Kortrijk,Normaal,Droog,"Nacht, openbare verlichting aanwezig en ontstoken",met lichtgewonden,9,personenauto,3,Fiets,Op Kruispunt,Gewestweg,binnen bebouwde kom,Tss. 2 best.: langs opzij (voor-/achterkant-flank),Geen hindernis
12438,16,Kortrijk 1,Kortrijk,50.83332,3.27777,1.567335869159804,50.82897106815998,3.256542093240895,2019,2,6,34022,Kortrijk,Normaal,Droog,"Nacht, openbare verlichting aanwezig en ontstoken",met lichtgewonden,9,personenauto,3,Fiets,Op Kruispunt,Gewestweg,binnen bebouwde kom,Tss. 2 best.: langs opzij (voor-/achterkant-flank),Geen hindernis
12439,17,Kortrijk 2,Kortrijk,50.83339,3.27773,1.954412869066855,50.85023526149941,3.2697851669656304,2019,2,17,34023,Kuurne,Normaal,Droog,Dag,met zwaargewonden,3,Fiets,9,personenauto,Buiten Kruispunt,Gewestweg,binnen bebouwde kom,Tss. 2 best.: langs opzij (voor-/achterkant-flank),Geen hindernis
12439,16,Kortrijk 1,Kortrijk,50.83332,3.27777,1.9626745529184042,50.85023526149941,3.2697851669656304,2019,2,17,34023,Kuurne,Normaal,Droog,Dag,met zwaargewonden,3,Fiets,9,personenauto,Buiten Kruispunt,Gewestweg,binnen bebouwde kom,Tss. 2 best.: langs opzij (voor-/achterkant-flank),Geen hindernis
12439,143,Eco Display Classic Budastraat,Kortrijk,50.83066,3.26286,2.2303247379556215,50.85023526149941,3.2697851669656304,2019,2,17,34023,Kuurne,Normaal,Droog,Dag,met zwaargewonden,3,Fiets,9,personenauto,Buiten Kruispunt,Gewestweg,binnen bebouwde kom,Tss. 2 best.: langs opzij (voor-/achterkant-flank),Geen hindernis
12440,16,Kortrijk 1,Kortrijk,50.83332,3.27777,2.3733775527280963,50.81547697138598,3.296312793989217,2019,2,12,34022,Kortrijk,Normaal,Droog,Dag,met lichtgewonden,9,personenauto,3,Fiets,Op Kruispunt,Gemeenteweg,binnen bebouwde kom,Tss. 2 best.: langs opzij (voor-/achterkant-flank),Geen hindernis
12440,17,Kortrijk 2,Kortrijk,50.83339,3.27773,2.381426536322499,50.81547697138598,3.296312793989217,2019,2,12,34022,Kortrijk,Normaal,Droog,Dag,met lichtgewonden,9,personenauto,3,Fiets,Op Kruispunt,Gemeenteweg,binnen bebouwde kom,Tss. 2 best.: langs opzij (voor-/achterkant-flank),Geen hindernis
12441,74,Kortrijk teller 1,Kortrijk,50.81909,3.25728,0.9717195043174895,50.810888411046705,3.25250502515712,2019,2,7,34022,Kortrijk,Normaal,Droog,Dag,met zwaargewonden,3,Fiets,3,Fiets,Op Kruispunt,Gemeenteweg,binnen bebouwde kom,Tussen 2 bestuurders: Langs achteren,Geen hindernis
12441,75,Kortrijk teller 2,Kortrijk,50.81925,3.25731,0.9891530416326535,50.810888411046705,3.25250502515712,2019,2,7,34022,Kortrijk,Normaal,Droog,Dag,met zwaargewonden,3,Fiets,3,Fiets,Op Kruispunt,Gemeenteweg,binnen bebouwde kom,Tussen 2 bestuurders: Langs achteren,Geen hindernis
12441,143,Eco Display Classic Budastraat,Kortrijk,50.83066,3.26286,2.315712924328764,50.810888411046705,3.25250502515712,2019,2,7,34022,Kortrijk,Normaal,Droog,Dag,met zwaargewonden,3,Fiets,3,Fiets,Op Kruispunt,Gemeenteweg,binnen bebouwde kom,Tussen 2 bestuurders: Langs achteren,Geen hindernis
12442,75,Kortrijk teller 2,Kortrijk,50.81925,3.25731,0.8398324402203912,50.82036764779201,3.2691335205084657,2019,2,16,34022,Kortrijk,Normaal,Droog,Dag,met lichtgewonden,9,personenauto,3,Fiets,Op Kruispunt,Gewestweg,binnen bebouwde kom,Tussen 2 bestuurders: Flank tegen flank,Geen hindernis
12442,74,Kortrijk teller 1,Kortrijk,50.81909,3.25728,0.8447276416701901,50.82036764779201,3.2691335205084657,2019,2,16,34022,Kortrijk,Normaal,Droog,Dag,met lichtgewonden,9,personenauto,3,Fiets,Op Kruispunt,Gewestweg,binnen bebouwde kom,Tussen 2 bestuurders: Flank tegen flank,Geen hindernis
12442,143,Eco Display Classic Budastraat,Kortrijk,50.83066,3.26286,1.2263593611241586,50.82036764779201,3.2691335205084657,2019,2,16,34022,Kortrijk,Normaal,Droog,Dag,met lichtgewonden,9,personenauto,3,Fiets,Op Kruispunt,Gewestweg,binnen bebouwde kom,Tussen 2 bestuurders: Flank tegen flank,Geen hindernis
12442,16,Kortrijk 1,Kortrijk,50.83332,3.27777,1.5627714484613011,50.82036764779201,3.2691335205084657,2019,2,16,34022,Kortrijk,Normaal,Droog,Dag,met lichtgewonden,9,personenauto,3,Fiets,Op Kruispunt,Gewestweg,binnen bebouwde kom,Tussen 2 bestuurders: Flank tegen flank,Geen hindernis
12442,17,Kortrijk 2,Kortrijk,50.83339,3.27773,1.5688640901280992,50.82036764779201,3.2691335205084657,2019,2,16,34022,Kortrijk,Normaal,Droog,Dag,met lichtgewonden,9,personenauto,3,Fiets,Op Kruispunt,Gewestweg,binnen bebouwde kom,Tussen 2 bestuurders: Flank tegen flank,Geen hindernis
12443,16,Kortrijk 1,Kortrijk,50.83332,3.27777,2.102699556682395,50.815463630462446,3.2876229387394678,2019,2,8,34022,Kortrijk,Normaal,Droog,Dag,met lichtgewonden,9,personenauto,3,Fiets,Op Kruispunt,Gemeenteweg,binnen bebouwde kom,Tss. 2 best.: langs opzij (voor-/achterkant-flank),Geen hindernis
12443,17,Kortrijk 2,Kortrijk,50.83339,3.27773,2.110974111285513,50.815463630462446,3.2876229387394678,2019,2,8,34022,Kortrijk,Normaal,Droog,Dag,met lichtgewonden,9,personenauto,3,Fiets,Op Kruispunt,Gemeenteweg,binnen bebouwde kom,Tss. 2 best.: langs opzij (voor-/achterkant-flank),Geen hindernis
12443,74,Kortrijk teller 1,Kortrijk,50.81909,3.25728,2.169469637646228,50.815463630462446,3.2876229387394678,2019,2,8,34022,Kortrijk,Normaal,Droog,Dag,met lichtgewonden,9,personenauto,3,Fiets,Op Kruispunt,Gemeenteweg,binnen bebouwde kom,Tss. 2 best.: langs opzij (voor-/achterkant-flank),Geen hindernis
12443,75,Kortrijk teller 2,Kortrijk,50.81925,3.25731,2.1707755919899454,50.815463630462446,3.2876229387394678,2019,2,8,34022,Kortrijk,Normaal,Droog,Dag,met lichtgewonden,9,personenauto,3,Fiets,Op Kruispunt,Gemeenteweg,binnen bebouwde kom,Tss. 2 best.: langs opzij (voor-/achterkant-flank),Geen hindernis
12443,143,Eco Display Classic Budastraat,Kortrijk,50.83066,3.26286,2.425065863108203,50.815463630462446,3.2876229387394678,2019,2,8,34022,Kortrijk,Normaal,Droog,Dag,met lichtgewonden,9,personenauto,3,Fiets,Op Kruispunt,Gemeenteweg,binnen bebouwde kom,Tss. 2 best.: langs opzij (voor-/achterkant-flank),Geen hindernis
12444,75,Kortrijk teller 2,Kortrijk,50.81925,3.25731,2.1355997741694597,50.82657126926918,3.229203007684641,2019,2,12,34022,Kortrijk,Normaal,Droog,Dag,met zwaargewonden,3,Fiets,9,personenauto,Op Kruispunt,Gemeenteweg,binnen bebouwde kom,Tussen 2 bestuurders: Flank tegen flank,Geen hindernis
12444,74,Kortrijk teller 1,Kortrijk,50.81909,3.25728,2.140506181882918,50.82657126926918,3.229203007684641,2019,2,12,34022,Kortrijk,Normaal,Droog,Dag,met zwaargewonden,3,Fiets,9,personenauto,Op Kruispunt,Gemeenteweg,binnen bebouwde kom,Tussen 2 bestuurders: Flank tegen flank,Geen hindernis
12444,143,Eco Display Classic Budastraat,Kortrijk,50.83066,3.26286,2.407236070680026,50.82657126926918,3.229203007684641,2019,2,12,34022,Kortrijk,Normaal,Droog,Dag,met zwaargewonden,3,Fiets,9,personenauto,Op Kruispunt,Gemeenteweg,binnen bebouwde kom,Tussen 2 bestuurders: Flank tegen flank,Geen hindernis
12445,75,Kortrijk teller 2,Kortrijk,50.81925,3.25731,0.6460287619362342,50.82495357724698,3.259061199610481,2019,2,20,34022,Kortrijk,Normaal,"Nat, plassen","Nacht, geen openbare verlichting aanwezig",met lichtgewonden,9,personenauto,3,Fiets,Op Kruispunt,Gewestweg,binnen bebouwde kom,Tss. 2 best.: langs opzij (voor-/achterkant-flank),Geen hindernis
12445,74,Kortrijk teller 1,Kortrijk,50.81909,3.25728,0.6638970601345524,50.82495357724698,3.259061199610481,2019,2,20,34022,Kortrijk,Normaal,"Nat, plassen","Nacht, geen openbare verlichting aanwezig",met lichtgewonden,9,personenauto,3,Fiets,Op Kruispunt,Gewestweg,binnen bebouwde kom,Tss. 2 best.: langs opzij (voor-/achterkant-flank),Geen hindernis
12445,143,Eco Display Classic Budastraat,Kortrijk,50.83066,3.26286,0.6883403972979208,50.82495357724698,3.259061199610481,2019,2,20,34022,Kortrijk,Normaal,"Nat, plassen","Nacht, geen openbare verlichting aanwezig",met lichtgewonden,9,personenauto,3,Fiets,Op Kruispunt,Gewestweg,binnen bebouwde kom,Tss. 2 best.: langs opzij (voor-/achterkant-flank),Geen hindernis
12445,16,Kortrijk 1,Kortrijk,50.83332,3.27777,1.6099924268637178,50.82495357724698,3.259061199610481,2019,2,20,34022,Kortrijk,Normaal,"Nat, plassen","Nacht, geen openbare verlichting aanwezig",met lichtgewonden,9,personenauto,3,Fiets,Op Kruispunt,Gewestweg,binnen bebouwde kom,Tss. 2 best.: langs opzij (voor-/achterkant-flank),Geen hindernis
12445,17,Kortrijk 2,Kortrijk,50.83339,3.27773,1.6122160921314146,50.82495357724698,3.259061199610481,2019,2,20,34022,Kortrijk,Normaal,"Nat, plassen","Nacht, geen openbare verlichting aanwezig",met lichtgewonden,9,personenauto,3,Fiets,Op Kruispunt,Gewestweg,binnen bebouwde kom,Tss. 2 best.: langs opzij (voor-/achterkant-flank),Geen hindernis
12446,143,Eco Display Classic Budastraat,Kortrijk,50.83066,3.26286,0.982297355484821,50.8243372508977,3.2726271489098706,2019,2,8,34022,Kortrijk,Normaal,Droog,Dag,met lichtgewonden,3,Fiets,5,Lichte vrachtauto,Op Kruispunt,Gewestweg,binnen bebouwde kom,Tss. 2 best.: langs opzij (voor-/achterkant-flank),Geen hindernis
12446,16,Kortrijk 1,Kortrijk,50.83332,3.27777,1.0621418236819677,50.8243372508977,3.2726271489098706,2019,2,8,34022,Kortrijk,Normaal,Droog,Dag,met lichtgewonden,3,Fiets,5,Lichte vrachtauto,Op Kruispunt,Gewestweg,binnen bebouwde kom,Tss. 2 best.: langs opzij (voor-/achterkant-flank),Geen hindernis
12446,17,Kortrijk 2,Kortrijk,50.83339,3.27773,1.0685191383155392,50.8243372508977,3.2726271489098706,2019,2,8,34022,Kortrijk,Normaal,Droog,Dag,met lichtgewonden,3,Fiets,5,Lichte vrachtauto,Op Kruispunt,Gewestweg,binnen bebouwde kom,Tss. 2 best.: langs opzij (voor-/achterkant-flank),Geen hindernis
12446,75,Kortrijk teller 2,Kortrijk,50.81925,3.25731,1.215601541387438,50.8243372508977,3.2726271489098706,2019,2,8,34022,Kortrijk,Normaal,Droog,Dag,met lichtgewonden,3,Fiets,5,Lichte vrachtauto,Op Kruispunt,Gewestweg,binnen bebouwde kom,Tss. 2 best.: langs opzij (voor-/achterkant-flank),Geen hindernis
12446,74,Kortrijk teller 1,Kortrijk,50.81909,3.25728,1.225836480580608,50.8243372508977,3.2726271489098706,2019,2,8,34022,Kortrijk,Normaal,Droog,Dag,met lichtgewonden,3,Fiets,5,Lichte vrachtauto,Op Kruispunt,Gewestweg,binnen bebouwde kom,Tss. 2 best.: langs opzij (voor-/achterkant-flank),Geen hindernis
12454,17,Kortrijk 2,Kortrijk,50.83339,3.27773,2.142065183123765,50.84697183703832,3.299363957428332,2019,2,14,34013,Harelbeke,Normaal,Droog,Dag,met lichtgewonden,3,Fiets,9,personenauto,Op Kruispunt,Gemeenteweg,binnen bebouwde kom,Tss. 2 best.: langs opzij (voor-/achterkant-flank),Geen hindernis
12454,16,Kortrijk 1,Kortrijk,50.83332,3.27777,2.145574972982995,50.84697183703832,3.299363957428332,2019,2,14,34013,Harelbeke,Normaal,Droog,Dag,met lichtgewonden,3,Fiets,9,personenauto,Op Kruispunt,Gemeenteweg,binnen bebouwde kom,Tss. 2 best.: langs opzij (voor-/achterkant-flank),Geen hindernis
12461,67,Ieper totem,Ieper,50.85018,2.85624,0.8776085361579739,50.847635522711485,2.8680732254285886,2019,2,14,33011,Ieper,Normaal,Droog,Dag,met lichtgewonden,3,Fiets,9,personenauto,Op Kruispunt,Gewestweg,binnen bebouwde kom,Tss. 2 best.: langs opzij (voor-/achterkant-flank),Geen hindernis
12461,68,Ieper,Ieper,50.85032,2.85608,0.8933282679543152,50.847635522711485,2.8680732254285886,2019,2,14,33011,Ieper,Normaal,Droog,Dag,met lichtgewonden,3,Fiets,9,personenauto,Op Kruispunt,Gewestweg,binnen bebouwde kom,Tss. 2 best.: langs opzij (voor-/achterkant-flank),Geen hindernis
12466,41,Maasmechelen teller 1,Maasmechelen,50.97025,5.69799,1.5510414397250718,50.96098246897868,5.681436570827921,2019,2,12,73107,Maasmechelen,Normaal,Droog,Dag,met lichtgewonden,9,personenauto,3,Fiets,Op Kruispunt,Gemeenteweg,buiten bebouwde kom,Tss. 2 best.: langs opzij (voor-/achterkant-flank),Geen hindernis
12466,42,Maasmechelen teller 2,Maasmechelen,50.97043,5.6981,1.570125737274578,50.96098246897868,5.681436570827921,2019,2,12,73107,Maasmechelen,Normaal,Droog,Dag,met lichtgewonden,9,personenauto,3,Fiets,Op Kruispunt,Gemeenteweg,buiten bebouwde kom,Tss. 2 best.: langs opzij (voor-/achterkant-flank),Geen hindernis
12467,35,Lanaken teller 1,Lanaken,50.88112,5.6314,1.4341122842471707,50.86828666940026,5.629367143073963,2019,2,10,73042,Lanaken,Normaal,Droog,Dag,met zwaargewonden,3,Fiets,10,"één bestuurder, geen hindernis",Buiten Kruispunt,Gemeenteweg,binnen bebouwde kom,"Eén bestuurder, geen hindernis (incl. val)",Geen hindernis
12467,36,Lanaken teller 2,Lanaken,50.88131,5.63012,1.4490914445136294,50.86828666940026,5.629367143073963,2019,2,10,73042,Lanaken,Normaal,Droog,Dag,met zwaargewonden,3,Fiets,10,"één bestuurder, geen hindernis",Buiten Kruispunt,Gemeenteweg,binnen bebouwde kom,"Eén bestuurder, geen hindernis (incl. val)",Geen hindernis
12468,42,Maasmechelen teller 2,Maasmechelen,50.97043,5.6981,2.218530614997926,50.987265327511714,5.715106079998117,2019,2,9,73107,Maasmechelen,Normaal,Droog,Dag,met lichtgewonden,9,personenauto,3,Fiets,Op Kruispunt,Gewestweg,buiten bebouwde kom,Tss. 2 best.: langs opzij (voor-/achterkant-flank),Geen hindernis
12468,41,Maasmechelen teller 1,Maasmechelen,50.97025,5.69799,2.2395574353855228,50.987265327511714,5.715106079998117,2019,2,9,73107,Maasmechelen,Normaal,Droog,Dag,met lichtgewonden,9,personenauto,3,Fiets,Op Kruispunt,Gewestweg,buiten bebouwde kom,Tss. 2 best.: langs opzij (voor-/achterkant-flank),Geen hindernis
12477,106,St. pieters leeuw teller 1,Sint-Pieters-Leeuw,50.75533,4.24951,2.2468276295997227,50.77265643690579,4.265946593034228,2019,2,12,23003,Beersel,Normaal,Droog,Dag,met lichtgewonden,9,personenauto,3,Fiets,Buiten Kruispunt,Gemeenteweg,buiten bebouwde kom,Tussen 2 bestuurders: Langs achteren,Geen hindernis
12477,105,St. pieters leeuw teller 2,Halle,50.75509,4.24943,2.272624988131695,50.77265643690579,4.265946593034228,2019,2,12,23003,Beersel,Normaal,Droog,Dag,met lichtgewonden,9,personenauto,3,Fiets,Buiten Kruispunt,Gemeenteweg,buiten bebouwde kom,Tussen 2 bestuurders: Langs achteren,Geen hindernis
12478,105,St. pieters leeuw teller 2,Halle,50.75509,4.24943,0.3376108211848478,50.75317971666747,4.253160267200762,2019,2,5,23027,Halle,Normaal,Droog,"Nacht, openbare verlichting aanwezig en ontstoken",met lichtgewonden,9,personenauto,3,Fiets,Op Kruispunt,Gemeenteweg,binnen bebouwde kom,Tss. 2 best.: langs opzij (voor-/achterkant-flank),Geen hindernis