crash_row_id,site_id,site_name,site_gemeente,site_lat,site_long,distance_km,crash_lat,crash_long,DT_YEAR_COLLISION,DT_MONTH_COLLISION,DT_TIME,CD_NIS,TX_MUNTY_COLLISION_NL,TX_WEATHER_NL,TX_ROAD_CONDITION_NL,TX_LIGHT_CONDITION_NL,TX_CLASS_ACCIDENTS_NL,CD_ROAD_USR_TYPE1,TX_ROAD_USR_TYPE1_NL,CD_ROAD_USR_TYPE2,TX_ROAD_USR_TYPE2_NL,TX_CROSSWAY_NL,CD_ROAD_TYPE_NL,TX_BUILD_UP_AREA_NL,TX_COLLISION_TYPE_NL,TX_OBSTACLES_NL
12478,106,St. pieters leeuw teller 1,Sint-Pieters-Leeuw,50.75533,4.24951,0.3508678342864995,50.75317971666747,4.253160267200762,2019,2,5,23027,Halle,Normaal,Droog,"Nacht, openbare verlichting aanwezig en ontstoken",met lichtgewonden,9,personenauto,3,Fiets,Op Kruispunt,Gemeenteweg,binnen bebouwde kom,Tss. 2 best.: langs opzij (voor-/achterkant-flank),Geen hindernis
12480,99,Mechelen teller 1,Mechelen,51.04564,4.46882,1.971063480280198,51.03396233008474,4.4900293899799815,2019,2,8,12025,Mechelen,Normaal,Droog,Dag,met lichtgewonden,9,personenauto,3,Fiets,Buiten Kruispunt,Gemeenteweg,binnen bebouwde kom,Tss. 2 best.: langs opzij (voor-/achterkant-flank),Geen hindernis
12480,100,Mechelen teller 2,Mechelen,51.0457,4.46883,1.974939532000322,51.03396233008474,4.4900293899799815,2019,2,8,12025,Mechelen,Normaal,Droog,Dag,met lichtgewonden,9,personenauto,3,Fiets,Buiten Kruispunt,Gemeenteweg,binnen bebouwde kom,Tss. 2 best.: langs opzij (voor-/achterkant-flank),Geen hindernis
12482,99,Mechelen teller 1,Mechelen,51.04564,4.46882,1.3354686671804301,51.04358519996998,4.4876410474897925,2019,2,13,12025,Mechelen,Normaal,Droog,Dag,met lichtgewonden,9,personenauto,3,Fiets,Buiten Kruispunt,Gemeenteweg,binnen bebouwde kom,Tussen 2 bestuurders: Langs achteren,Geen hindernis
12482,100,Mechelen teller 2,Mechelen,51.0457,4.46883,1.3359372533078466,51.04358519996998,4.4876410474897925,2019,2,13,12025,Mechelen,Normaal,Droog,Dag,met lichtgewonden,9,personenauto,3,Fiets,Buiten Kruispunt,Gemeenteweg,binnen bebouwde kom,Tussen 2 bestuurders: Langs achteren,Geen hindernis
12485,109,Zemst,Zemst,50.9903936,4.4707023,1.8491478264132075,51.00689717261316,4.473951682538404,2019,2,20,12025,Mechelen,Normaal,Droog,"Nacht, openb. verlicht. aanw., maar niet ontstoken",met lichtgewonden,3,Fiets,9,personenauto,Buiten Kruispunt,Gewestweg,buiten bebouwde kom,Tss. 2 best.: langs opzij (voor-/achterkant-flank),Geen hindernis
12486,99,Mechelen teller 1,Mechelen,51.04564,4.46882,1.7262072293342376,51.033175893115384,4.483538020124604,2019,2,16,12025,Mechelen,Normaal,Droog,Dag,met lichtgewonden,3,Fiets,9,personenauto,Op Kruispunt,Gewestweg,binnen bebouwde kom,Tss. 2 best.: langs opzij (voor-/achterkant-flank),Geen hindernis
12486,100,Mechelen teller 2,Mechelen,51.0457,4.46883,1.7311525819276965,51.033175893115384,4.483538020124604,2019,2,16,12025,Mechelen,Normaal,Droog,Dag,met lichtgewonden,3,Fiets,9,personenauto,Op Kruispunt,Gewestweg,binnen bebouwde kom,Tss. 2 best.: langs opzij (voor-/achterkant-flank),Geen hindernis
12487,99,Mechelen teller 1,Mechelen,51.04564,4.46882,1.2820579776349108,51.03620094069754,4.479350567708566,2019,2,13,12025,Mechelen,Normaal,Droog,Dag,met zwaargewonden,9,personenauto,3,Fiets,Op Kruispunt,Gemeenteweg,binnen bebouwde kom,Tss. 2 best.: langs opzij (voor-/achterkant-flank),Geen hindernis
12487,100,Mechelen teller 2,Mechelen,51.0457,4.46883,1.2871256149209118,51.03620094069754,4.479350567708566,2019,2,13,12025,Mechelen,Normaal,Droog,Dag,met zwaargewonden,9,personenauto,3,Fiets,Op Kruispunt,Gemeenteweg,binnen bebouwde kom,Tss. 2 best.: langs opzij (voor-/achterkant-flank),Geen hindernis
12491,138,Hasselt-Kempische brug,Hasselt,50.9405318,5.3422472,0.5759321930887272,50.93862217677495,5.349887730203391,2019,2,2,71022,Hasselt,Normaal,Droog,"Nacht, openbare verlichting aanwezig en ontstoken",met lichtgewonden,9,personenauto,3,Fiets,Op Kruispunt,Gewestweg,buiten bebouwde kom,Tss. 2 best.: langs opzij (voor-/achterkant-flank),Geen hindernis
12491,137,Hasselt-Kempische brug,Hasselt,50.9411605,5.3417576,0.6357497162943667,50.93862217677495,5.349887730203391,2019,2,2,71022,Hasselt,Normaal,Droog,"Nacht, openbare verlichting aanwezig en ontstoken",met lichtgewonden,9,personenauto,3,Fiets,Op Kruispunt,Gewestweg,buiten bebouwde kom,Tss. 2 best.: langs opzij (voor-/achterkant-flank),Geen hindernis
12491,140,Hasselt ring,Hasselt,50.9300038,5.3438616,1.0472366018207608,50.93862217677495,5.349887730203391,2019,2,2,71022,Hasselt,Normaal,Droog,"Nacht, openbare verlichting aanwezig en ontstoken",met lichtgewonden,9,personenauto,3,Fiets,Op Kruispunt,Gewestweg,buiten bebouwde kom,Tss. 2 best.: langs opzij (voor-/achterkant-flank),Geen hindernis
12493,140,Hasselt ring,Hasselt,50.9300038,5.3438616,1.0705837158179565,50.93223721137252,5.329001935630027,2019,2,19,71022,Hasselt,Normaal,Droog+Proper,"Nacht, openb. verlicht. aanw., maar niet ontstoken",met lichtgewonden,3,Fiets,9,personenauto,Buiten Kruispunt,Gemeenteweg,binnen bebouwde kom,Tss. 2 best.: langs opzij (voor-/achterkant-flank),Geen hindernis
12493,138,Hasselt-Kempische brug,Hasselt,50.9405318,5.3422472,1.3084746238838767,50.93223721137252,5.329001935630027,2019,2,19,71022,Hasselt,Normaal,Droog+Proper,"Nacht, openb. verlicht. aanw., maar niet ontstoken",met lichtgewonden,3,Fiets,9,personenauto,Buiten Kruispunt,Gemeenteweg,binnen bebouwde kom,Tss. 2 best.: langs opzij (voor-/achterkant-flank),Geen hindernis
12493,137,Hasselt-Kempische brug,Hasselt,50.9411605,5.3417576,1.335451062530904,50.93223721137252,5.329001935630027,2019,2,19,71022,Hasselt,Normaal,Droog+Proper,"Nacht, openb. verlicht. aanw., maar niet ontstoken",met lichtgewonden,3,Fiets,9,personenauto,Buiten Kruispunt,Gemeenteweg,binnen bebouwde kom,Tss. 2 best.: langs opzij (voor-/achterkant-flank),Geen hindernis
12495,140,Hasselt ring,Hasselt,50.9300038,5.3438616,1.7674451783551237,50.924798667837415,5.320034083209899,2019,2,18,71022,Hasselt,Normaal,Droog,Dag,met zwaargewonden,3,Fiets,8,Voetganger,Buiten Kruispunt,Gemeenteweg,binnen bebouwde kom,Met een voetganger,Geen hindernis
12495,138,Hasselt-Kempische brug,Hasselt,50.9405318,5.3422472,2.341744841203585,50.924798667837415,5.320034083209899,2019,2,18,71022,Hasselt,Normaal,Droog,Dag,met zwaargewonden,3,Fiets,8,Voetganger,Buiten Kruispunt,Gemeenteweg,binnen bebouwde kom,Met een voetganger,Geen hindernis
12495,137,Hasselt-Kempische brug,Hasselt,50.9411605,5.3417576,2.3722527112498,50.924798667837415,5.320034083209899,2019,2,18,71022,Hasselt,Normaal,Droog,Dag,met zwaargewonden,3,Fiets,8,Voetganger,Buiten Kruispunt,Gemeenteweg,binnen bebouwde kom,Met een voetganger,Geen hindernis
12497,140,Hasselt ring,Hasselt,50.9300038,5.3438616,0.6959072222197445,50.93340103571813,5.335521795917004,2019,2,17,71022,Hasselt,Normaal,Droog,Dag,met lichtgewonden,3,Fiets,6,Bromfiets,Buiten Kruispunt,Gewestweg,binnen bebouwde kom,Tussen 2 bestuurders: Frontale botsing,Geen hindernis
12497,138,Hasselt-Kempische brug,Hasselt,50.9405318,5.3422472,0.9223817267268407,50.93340103571813,5.335521795917004,2019,2,17,71022,Hasselt,Normaal,Droog,Dag,met lichtgewonden,3,Fiets,6,Bromfiets,Buiten Kruispunt,Gewestweg,binnen bebouwde kom,Tussen 2 bestuurders: Frontale botsing,Geen hindernis
12497,137,Hasselt-Kempische brug,Hasselt,50.9411605,5.3417576,0.9671479310515386,50.93340103571813,5.335521795917004,2019,2,17,71022,Hasselt,Normaal,Droog,Dag,met lichtgewonden,3,Fiets,6,Bromfiets,Buiten Kruispunt,Gewestweg,binnen bebouwde kom,Tussen 2 bestuurders: Frontale botsing,Geen hindernis
12498,140,Hasselt ring,Hasselt,50.9300038,5.3438616,2.0913419694743247,50.93097550957939,5.314060105491076,2019,2,10,71022,Hasselt,Normaal,Droog,Dag,met lichtgewonden,9,personenauto,3,Fiets,Buiten Kruispunt,Gewestweg,buiten bebouwde kom,Tussen 2 bestuurders: Flank tegen flank,Geen hindernis
12498,138,Hasselt-Kempische brug,Hasselt,50.9405318,5.3422472,2.2428770942358955,50.93097550957939,5.314060105491076,2019,2,10,71022,Hasselt,Normaal,Droog,Dag,met lichtgewonden,9,personenauto,3,Fiets,Buiten Kruispunt,Gewestweg,buiten bebouwde kom,Tussen 2 bestuurders: Flank tegen flank,Geen hindernis
12498,137,Hasselt-Kempische brug,Hasselt,50.9411605,5.3417576,2.247120631733237,50.93097550957939,5.314060105491076,2019,2,10,71022,Hasselt,Normaal,Droog,Dag,met lichtgewonden,9,personenauto,3,Fiets,Buiten Kruispunt,Gewestweg,buiten bebouwde kom,Tussen 2 bestuurders: Flank tegen flank,Geen hindernis
12501,140,Hasselt ring,Hasselt,50.9300038,5.3438616,1.2138327880823276,50.9337328764649,5.327582878122619,2019,2,7,71022,Hasselt,Normaal,"Nat, plassen",Dag,met lichtgewonden,9,personenauto,3,Fiets,Buiten Kruispunt,Gemeenteweg,binnen bebouwde kom,Tss. 2 best.: langs opzij (voor-/achterkant-flank),Geen hindernis
12501,138,Hasselt-Kempische brug,Hasselt,50.9405318,5.3422472,1.2757042297215622,50.9337328764649,5.327582878122619,2019,2,7,71022,Hasselt,Normaal,"Nat, plassen",Dag,met lichtgewonden,9,personenauto,3,Fiets,Buiten Kruispunt,Gemeenteweg,binnen bebouwde kom,Tss. 2 best.: langs opzij (voor-/achterkant-flank),Geen hindernis
12501,137,Hasselt-Kempische brug,Hasselt,50.9411605,5.3417576,1.2917696206918994,50.9337328764649,5.327582878122619,2019,2,7,71022,Hasselt,Normaal,"Nat, plassen",Dag,met lichtgewonden,9,personenauto,3,Fiets,Buiten Kruispunt,Gemeenteweg,binnen bebouwde kom,Tss. 2 best.: langs opzij (voor-/achterkant-flank),Geen hindernis
12502,138,Hasselt-Kempische brug,Hasselt,50.9405318,5.3422472,1.2194564297233794,50.93496761767983,5.327250369523925,2019,2,18,71022,Hasselt,Normaal,Proper,"Nacht, openbare verlichting aanwezig en ontstoken",met lichtgewonden,9,personenauto,3,Fiets,Buiten Kruispunt,Gemeenteweg,binnen bebouwde kom,Tss. 2 best.: langs opzij (voor-/achterkant-flank),Geen hindernis
12502,137,Hasselt-Kempische brug,Hasselt,50.9411605,5.3417576,1.2278141708602064,50.93496761767983,5.327250369523925,2019,2,18,71022,Hasselt,Normaal,Proper,"Nacht, openbare verlichting aanwezig en ontstoken",met lichtgewonden,9,personenauto,3,Fiets,Buiten Kruispunt,Gemeenteweg,binnen bebouwde kom,Tss. 2 best.: langs opzij (voor-/achterkant-flank),Geen hindernis
12502,140,Hasselt ring,Hasselt,50.9300038,5.3438616,1.2883228994865197,50.93496761767983,5.327250369523925,2019,2,18,71022,Hasselt,Normaal,Proper,"Nacht, openbare verlichting aanwezig en ontstoken",met lichtgewonden,9,personenauto,3,Fiets,Buiten Kruispunt,Gemeenteweg,binnen bebouwde kom,Tss. 2 best.: langs opzij (voor-/achterkant-flank),Geen hindernis
12506,12,Tervuren,Kraainem,50.81896,4.47803,1.9570898070810177,50.81959371442944,4.505871081298636,2019,2,8,24104,Tervuren,Normaal,Droog,Dageraad - schemering,met lichtgewonden,3,Fiets,9,personenauto,Op Kruispunt,Gemeenteweg,binnen bebouwde kom,Tss. 2 best.: langs opzij (voor-/achterkant-flank),Geen hindernis
12509,13,Gent,Gent,51.03018,3.70146,1.767040256251125,51.0189655299803,3.683559339735405,2019,1,7,44021,Gent,Normaal,Droog,Dag,met lichtgewonden,3,Fiets,4,Vrachtwagen,Op Kruispunt,Gemeenteweg,binnen bebouwde kom,Tussen 2 bestuurders: Langs achteren,Geen hindernis
12617,3,Brasschaat 1,Brasschaat,51.27503,4.47222,2.424205666787835,51.25388324673747,4.463745913522903,2019,3,16,11002,Antwerpen,Normaal,Droog,Dag,met lichtgewonden,9,personenauto,3,Fiets,Op Kruispunt,Gemeenteweg,binnen bebouwde kom,Tss. 2 best.: langs opzij (voor-/achterkant-flank),Geen hindernis
12617,2,Brasschaat 2,Brasschaat,51.27512,4.47169,2.4252446005594797,51.25388324673747,4.463745913522903,2019,3,16,11002,Antwerpen,Normaal,Droog,Dag,met lichtgewonden,9,personenauto,3,Fiets,Op Kruispunt,Gemeenteweg,binnen bebouwde kom,Tss. 2 best.: langs opzij (voor-/achterkant-flank),Geen hindernis
12793,2,Brasschaat 2,Brasschaat,51.27512,4.47169,1.389388054033934,51.281991684867755,4.455006937254348,2019,4,16,11008,Brasschaat,Normaal,Droog,Dag,met zwaargewonden,3,Fiets,11,een weggebruiker tegen een hindernis,Buiten Kruispunt,Gemeenteweg,binnen bebouwde kom,Weggebruiker tegen hindernis buiten rijbaan,Buiten de rijbaan: Andere paal
12793,3,Brasschaat 1,Brasschaat,51.27503,4.47222,1.4257318725213735,51.281991684867755,4.455006937254348,2019,4,16,11008,Brasschaat,Normaal,Droog,Dag,met zwaargewonden,3,Fiets,11,een weggebruiker tegen een hindernis,Buiten Kruispunt,Gemeenteweg,binnen bebouwde kom,Weggebruiker tegen hindernis buiten rijbaan,Buiten de rijbaan: Andere paal
12794,3,Brasschaat 1,Brasschaat,51.27503,4.47222,2.019764174558241,51.29187229340142,4.483095905265328,2019,3,7,11008,Brasschaat,Normaal,Proper,Dag,met lichtgewonden,9,personenauto,3,Fiets,Op Kruispunt,Gemeenteweg,binnen bebouwde kom,Tss. 2 best.: langs opzij (voor-/achterkant-flank),Geen hindernis
12794,2,Brasschaat 2,Brasschaat,51.27512,4.47169,2.0246443745420613,51.29187229340142,4.483095905265328,2019,3,7,11008,Brasschaat,Normaal,Proper,Dag,met lichtgewonden,9,personenauto,3,Fiets,Op Kruispunt,Gemeenteweg,binnen bebouwde kom,Tss. 2 best.: langs opzij (voor-/achterkant-flank),Geen hindernis
12795,2,Brasschaat 2,Brasschaat,51.27512,4.47169,0.6097771134555674,51.27272051981333,4.4638078704594335,2019,3,11,11008,Brasschaat,Normaal,Droog,Dag,met lichtgewonden,9,personenauto,3,Fiets,Op Kruispunt,Gemeenteweg,binnen bebouwde kom,Tss. 2 best.: langs opzij (voor-/achterkant-flank),Geen hindernis
12795,3,Brasschaat 1,Brasschaat,51.27503,4.47222,0.6390450545524375,51.27272051981333,4.4638078704594335,2019,3,11,11008,Brasschaat,Normaal,Droog,Dag,met lichtgewonden,9,personenauto,3,Fiets,Op Kruispunt,Gemeenteweg,binnen bebouwde kom,Tss. 2 best.: langs opzij (voor-/achterkant-flank),Geen hindernis
12796,3,Brasschaat 1,Brasschaat,51.27503,4.47222,2.147203344193097,51.290083805834634,4.491555832946388,2019,5,14,11008,Brasschaat,Normaal,Droog,Dag,met lichtgewonden,8,Voetganger,3,Fiets,Op Kruispunt,Gewestweg,binnen bebouwde kom,Met een voetganger,Geen hindernis
12796,2,Brasschaat 2,Brasschaat,51.27512,4.47169,2.16277087650111,51.290083805834634,4.491555832946388,2019,5,14,11008,Brasschaat,Normaal,Droog,Dag,met lichtgewonden,8,Voetganger,3,Fiets,Op Kruispunt,Gewestweg,binnen bebouwde kom,Met een voetganger,Geen hindernis
12800,3,Brasschaat 1,Brasschaat,51.27503,4.47222,1.7163348926664808,51.28810655706497,4.485331040685886,2019,4,8,11008,Brasschaat,Normaal,Droog,Dag,met lichtgewonden,3,Fiets,8,Voetganger,Buiten Kruispunt,Gemeenteweg,binnen bebouwde kom,Met een voetganger,Geen hindernis
12800,2,Brasschaat 2,Brasschaat,51.27512,4.47169,1.7278278709188046,51.28810655706497,4.485331040685886,2019,4,8,11008,Brasschaat,Normaal,Droog,Dag,met lichtgewonden,3,Fiets,8,Voetganger,Buiten Kruispunt,Gemeenteweg,binnen bebouwde kom,Met een voetganger,Geen hindernis
12816,3,Brasschaat 1,Brasschaat,51.27503,4.47222,1.6930697411981743,51.26016189030037,4.466973763395234,2019,5,23,11040,Schoten,Normaal,"Nat, plassen","Nacht, openbare verlichting aanwezig en ontstoken",met zwaargewonden,9,personenauto,3,Fiets,Buiten Kruispunt,Gemeenteweg,binnen bebouwde kom,Tussen 2 bestuurders: Flank tegen flank,Geen hindernis
12816,2,Brasschaat 2,Brasschaat,51.27512,4.47169,1.6953222193069644,51.26016189030037,4.466973763395234,2019,5,23,11040,Schoten,Normaal,"Nat, plassen","Nacht, openbare verlichting aanwezig en ontstoken",met zwaargewonden,9,personenauto,3,Fiets,Buiten Kruispunt,Gemeenteweg,binnen bebouwde kom,Tussen 2 bestuurders: Flank tegen flank,Geen hindernis
12831,103,Malle teller 1,Malle,51.31681,4.73872,0.8193547426597376,51.31283783598232,4.748649500640147,2019,4,10,11057,Malle,Normaal,Droog,Dag,met lichtgewonden,9,personenauto,3,Fiets,Buiten Kruispunt,Gemeenteweg,buiten bebouwde kom,Tussen 2 bestuurders: Flank tegen flank,Geen hindernis
12831,104,Malle teller 2,Malle,51.31682,4.73852,0.8316876450090952,51.31283783598232,4.748649500640147,2019,4,10,11057,Malle,Normaal,Droog,Dag,met lichtgewonden,9,personenauto,3,Fiets,Buiten Kruispunt,Gemeenteweg,buiten bebouwde kom,Tussen 2 bestuurders: Flank tegen flank,Geen hindernis
12835,91,Brecht teller 2,Brecht,51.35739,4.62422,1.470590543300973,51.34511531222964,4.632103472692654,2019,4,17,11009,Brecht,Normaal,Droog,Dag,met lichtgewonden,3,Fiets,11,een weggebruiker tegen een hindernis,Buiten Kruispunt,Gewestweg,binnen bebouwde kom,Weggebruiker tegen hindernis buiten rijbaan,Andere hindernis
12835,90,Brecht teller 1,Brecht,51.35752,4.6243,1.4819757103590356,51.34511531222964,4.632103472692654,2019,4,17,11009,Brecht,Normaal,Droog,Dag,met lichtgewonden,3,Fiets,11,een weggebruiker tegen een hindernis,Buiten Kruispunt,Gewestweg,binnen bebouwde kom,Weggebruiker tegen hindernis buiten rijbaan,Andere hindernis
12855,96,Lier teller 2,Lier,51.11705,4.58444,2.47216299522097,51.135315913120365,4.564244655973238,2019,3,16,12021,Lier,Normaal,Droog,Dag,met lichtgewonden,3,Fiets,8,Voetganger,Op Kruispunt,Gewestweg,binnen bebouwde kom,Met een voetganger,Geen hindernis
12855,95,Lier teller 1,Lier,51.11687,4.58437,2.4858714091841474,51.135315913120365,4.564244655973238,2019,3,16,12021,Lier,Normaal,Droog,Dag,met lichtgewonden,3,Fiets,8,Voetganger,Op Kruispunt,Gewestweg,binnen bebouwde kom,Met een voetganger,Geen hindernis
12858,96,Lier teller 2,Lier,51.11705,4.58444,0.042052272668087566,51.11722662537091,4.583907277224894,2019,4,16,12021,Lier,Normaal,Droog,Dag,met lichtgewonden,9,personenauto,3,Fiets,Op Kruispunt,Gewestweg,buiten bebouwde kom,Tss. 2 best.: langs opzij (voor-/achterkant-flank),Geen hindernis
12858,95,Lier teller 1,Lier,51.11687,4.58437,0.05114385794910293,51.11722662537091,4.583907277224894,2019,4,16,12021,Lier,Normaal,Droog,Dag,met lichtgewonden,9,personenauto,3,Fiets,Op Kruispunt,Gewestweg,buiten bebouwde kom,Tss. 2 best.: langs opzij (voor-/achterkant-flank),Geen hindernis
12860,96,Lier teller 2,Lier,51.11705,4.58444,2.078385463925027,51.13418814014349,4.572553748436882,2019,4,15,12021,Lier,Normaal,Droog+Proper,Dag,met zwaargewonden,9,personenauto,3,Fiets,Buiten Kruispunt,Gemeenteweg,binnen bebouwde kom,Tss. 2 best.: langs opzij (voor-/achterkant-flank),Geen hindernis
12860,95,Lier teller 1,Lier,51.11687,4.58437,2.094825329989314,51.13418814014349,4.572553748436882,2019,4,15,12021,Lier,Normaal,Droog+Proper,Dag,met zwaargewonden,9,personenauto,3,Fiets,Buiten Kruispunt,Gemeenteweg,binnen bebouwde kom,Tss. 2 best.: langs opzij (voor-/achterkant-flank),Geen hindernis
12861,96,Lier teller 2,Lier,51.11705,4.58444,1.2554862122073605,51.12834082774021,4.58439782871767,2019,3,9,12021,Lier,Normaal,Droog,Dag,met lichtgewonden,9,personenauto,3,Fiets,Op Kruispunt,Gewestweg,binnen bebouwde kom,Tss. 2 best.: langs opzij (voor-/achterkant-flank),Geen hindernis
12861,95,Lier teller 1,Lier,51.11687,4.58437,1.2754993278579374,51.12834082774021,4.58439782871767,2019,3,9,12021,Lier,Normaal,Droog,Dag,met lichtgewonden,9,personenauto,3,Fiets,Op Kruispunt,Gewestweg,binnen bebouwde kom,Tss. 2 best.: langs opzij (voor-/achterkant-flank),Geen hindernis
12864,96,Lier teller 2,Lier,51.11705,4.58444,1.255507052405941,51.128325642268116,4.58350064741206,2019,3,9,12021,Lier,Regenval,"Nat, plassen",Dag,met lichtgewonden,9,personenauto,3,Fiets,Op Kruispunt,Gewestweg,binnen bebouwde kom,Tss. 2 best.: langs opzij (voor-/achterkant-flank),Geen hindernis
12864,95,Lier teller 1,Lier,51.11687,4.58437,1.275253493104318,51.128325642268116,4.58350064741206,2019,3,9,12021,Lier,Regenval,"Nat, plassen",Dag,met lichtgewonden,9,personenauto,3,Fiets,Op Kruispunt,Gewestweg,binnen bebouwde kom,Tss. 2 best.: langs opzij (voor-/achterkant-flank),Geen hindernis
12865,93,Nijlen teller 2,Nijlen,51.14998,4.64469,1.9807041538730967,51.16720564724111,4.651922736317433,2019,4,15,12026,Nijlen,Normaal,Onbekend,Dag,met lichtgewonden,3,Fiets,11,een weggebruiker tegen een hindernis,Buiten Kruispunt,Gemeenteweg,binnen bebouwde kom,Weggebruiker tegen hindernis op de rijbaan,Op de rijbaan: Dier (wild dier)
12865,92,Nijlen teller 1,Nijlen,51.14989,4.64479,1.988627699083178,51.16720564724111,4.651922736317433,2019,4,15,12026,Nijlen,Normaal,Onbekend,Dag,met lichtgewonden,3,Fiets,11,een weggebruiker tegen een hindernis,Buiten Kruispunt,Gemeenteweg,binnen bebouwde kom,Weggebruiker tegen hindernis op de rijbaan,Op de rijbaan: Dier (wild dier)
12866,92,Nijlen teller 1,Nijlen,51.14989,4.64479,2.409797529858282,51.16185431569461,4.673600342234056,2019,5,8,12026,Nijlen,Normaal,Droog,Dag,met lichtgewonden,3,Fiets,6,Bromfiets,Buiten Kruispunt,Gewestweg,binnen bebouwde kom,Tussen 2 bestuurders: Frontale botsing,Geen hindernis
12866,93,Nijlen teller 2,Nijlen,51.14998,4.64469,2.410116968507043,51.16185431569461,4.673600342234056,2019,5,8,12026,Nijlen,Normaal,Droog,Dag,met lichtgewonden,3,Fiets,6,Bromfiets,Buiten Kruispunt,Gewestweg,binnen bebouwde kom,Tussen 2 bestuurders: Frontale botsing,Geen hindernis
12867,93,Nijlen teller 2,Nijlen,51.14998,4.64469,0.07710784450357656,51.14983376676341,4.643609385121834,2019,4,8,12026,Nijlen,Normaal,Droog,Dag,met lichtgewonden,3,Fiets,8,Voetganger,Buiten Kruispunt,Gewestweg,buiten bebouwde kom,Met een voetganger,Geen hindernis
12867,92,Nijlen teller 1,Nijlen,51.14989,4.64479,0.08258608552870263,51.14983376676341,4.643609385121834,2019,4,8,12026,Nijlen,Normaal,Droog,Dag,met lichtgewonden,3,Fiets,8,Voetganger,Buiten Kruispunt,Gewestweg,buiten bebouwde kom,Met een voetganger,Geen hindernis
12868,8,Heist op den Berg 1,Heist-op-den-Berg,51.06759,4.68823,2.1822097483280087,51.08288898133869,4.668666605506349,2019,3,16,12002,Berlaar,Normaal,Droog,Dag,met lichtgewonden,5,Lichte vrachtauto,3,Fiets,Op Kruispunt,Gewestweg,binnen bebouwde kom,Tss. 2 best.: langs opzij (voor-/achterkant-flank),Geen hindernis
12868,9,Heist op den Berg 2,Heist-op-den-Berg,51.06904,4.69524,2.412041924746345,51.08288898133869,4.668666605506349,2019,3,16,12002,Berlaar,Normaal,Droog,Dag,met lichtgewonden,5,Lichte vrachtauto,3,Fiets,Op Kruispunt,Gewestweg,binnen bebouwde kom,Tss. 2 best.: langs opzij (voor-/achterkant-flank),Geen hindernis
12870,92,Nijlen teller 1,Nijlen,51.14989,4.64479,0.7786792135078164,51.15232961427953,4.655254637886467,2019,3,8,12026,Nijlen,Normaal,Droog,Dag,met lichtgewonden,9,personenauto,3,Fiets,Op Kruispunt,Gewestweg,buiten bebouwde kom,Tss. 2 best.: langs opzij (voor-/achterkant-flank),Geen hindernis
12870,93,Nijlen teller 2,Nijlen,51.14998,4.64469,0.7818193319578668,51.15232961427953,4.655254637886467,2019,3,8,12026,Nijlen,Normaal,Droog,Dag,met lichtgewonden,9,personenauto,3,Fiets,Op Kruispunt,Gewestweg,buiten bebouwde kom,Tss. 2 best.: langs opzij (voor-/achterkant-flank),Geen hindernis
12871,93,Nijlen teller 2,Nijlen,51.14998,4.64469,2.153799547322797,51.16122121889378,4.669839405146204,2019,3,14,12026,Nijlen,Normaal,Droog,Dag,met lichtgewonden,9,personenauto,3,Fiets,Buiten Kruispunt,Gewestweg,binnen bebouwde kom,Tss. 2 best.: langs opzij (voor-/achterkant-flank),Geen hindernis
12871,92,Nijlen teller 1,Nijlen,51.14989,4.64479,2.1539638208311236,51.16122121889378,4.669839405146204,2019,3,14,12026,Nijlen,Normaal,Droog,Dag,met lichtgewonden,9,personenauto,3,Fiets,Buiten Kruispunt,Gewestweg,binnen bebouwde kom,Tss. 2 best.: langs opzij (voor-/achterkant-flank),Geen hindernis
12872,92,Nijlen teller 1,Nijlen,51.14989,4.64479,1.6158041544702972,51.157087887897084,4.664915315231111,2019,3,18,12026,Nijlen,Normaal,Droog,Dag,met lichtgewonden,3,Fiets,9,personenauto,Op Kruispunt,Gewestweg,binnen bebouwde kom,Tussen 2 bestuurders: Frontale botsing,Geen hindernis
12872,93,Nijlen teller 2,Nijlen,51.14998,4.64469,1.6169502721765552,51.157087887897084,4.664915315231111,2019,3,18,12026,Nijlen,Normaal,Droog,Dag,met lichtgewonden,3,Fiets,9,personenauto,Op Kruispunt,Gewestweg,binnen bebouwde kom,Tussen 2 bestuurders: Frontale botsing,Geen hindernis
12874,93,Nijlen teller 2,Nijlen,51.14998,4.64469,1.4996987586784138,51.151351019982116,4.623300247264599,2019,4,18,12026,Nijlen,Normaal,Droog,Dag,met lichtgewonden,3,Fiets,3,Fiets,Buiten Kruispunt,Gemeenteweg,binnen bebouwde kom,Tss. 2 best.: langs opzij (voor-/achterkant-flank),Geen hindernis
12874,92,Nijlen teller 1,Nijlen,51.14989,4.64479,1.507684718311134,51.151351019982116,4.623300247264599,2019,4,18,12026,Nijlen,Normaal,Droog,Dag,met lichtgewonden,3,Fiets,3,Fiets,Buiten Kruispunt,Gemeenteweg,binnen bebouwde kom,Tss. 2 best.: langs opzij (voor-/achterkant-flank),Geen hindernis
12875,93,Nijlen teller 2,Nijlen,51.14998,4.64469,2.1602316645747806,51.161072176843135,4.670119446004018,2019,4,12,12026,Nijlen,Normaal,Droog,Dag,met lichtgewonden,3,Fiets,4,Vrachtwagen,Op Kruispunt,Gewestweg,binnen bebouwde kom,Tussen 2 bestuurders: Flank tegen flank,Geen hindernis