crash_row_id,site_id,site_name,site_gemeente,site_lat,site_long,distance_km,crash_lat,crash_long,DT_YEAR_COLLISION,DT_MONTH_COLLISION,DT_TIME,CD_NIS,TX_MUNTY_COLLISION_NL,TX_WEATHER_NL,TX_ROAD_CONDITION_NL,TX_LIGHT_CONDITION_NL,TX_CLASS_ACCIDENTS_NL,CD_ROAD_USR_TYPE1,TX_ROAD_USR_TYPE1_NL,CD_ROAD_USR_TYPE2,TX_ROAD_USR_TYPE2_NL,TX_CROSSWAY_NL,CD_ROAD_TYPE_NL,TX_BUILD_UP_AREA_NL,TX_COLLISION_TYPE_NL,TX_OBSTACLES_NL
12875,92,Nijlen teller 1,Nijlen,51.14989,4.64479,2.160255638261228,51.161072176843135,4.670119446004018,2019,4,12,12026,Nijlen,Normaal,Droog,Dag,met lichtgewonden,3,Fiets,4,Vrachtwagen,Op Kruispunt,Gewestweg,binnen bebouwde kom,Tussen 2 bestuurders: Flank tegen flank,Geen hindernis
12876,93,Nijlen teller 2,Nijlen,51.14998,4.64469,2.2144867868757476,51.153726838145424,4.613507127265368,2019,5,8,12026,Nijlen,Normaal,Droog,Dag,met lichtgewonden,9,personenauto,3,Fiets,Op Kruispunt,Gemeenteweg,binnen bebouwde kom,Tss. 2 best.: langs opzij (voor-/achterkant-flank),Geen hindernis
12876,92,Nijlen teller 1,Nijlen,51.14989,4.64479,2.223238231899736,51.153726838145424,4.613507127265368,2019,5,8,12026,Nijlen,Normaal,Droog,Dag,met lichtgewonden,9,personenauto,3,Fiets,Op Kruispunt,Gemeenteweg,binnen bebouwde kom,Tss. 2 best.: langs opzij (voor-/achterkant-flank),Geen hindernis
12880,9,Heist op den Berg 2,Heist-op-den-Berg,51.06904,4.69524,2.3222983901002183,51.075063260125624,4.727065817874065,2019,5,16,12014,Heist-op-den-Berg,Normaal,Droog,Dag,met lichtgewonden,3,Fiets,9,personenauto,Op Kruispunt,Gewestweg,binnen bebouwde kom,Tss. 2 best.: langs opzij (voor-/achterkant-flank),Geen hindernis
12881,9,Heist op den Berg 2,Heist-op-den-Berg,51.06904,4.69524,1.0125932400203874,51.074016329080976,4.7073773952318785,2019,6,16,12014,Heist-op-den-Berg,Normaal,Droog,Dag,met zwaargewonden,9,personenauto,3,Fiets,Op Kruispunt,Gewestweg,binnen bebouwde kom,Tussen 2 bestuurders: Flank tegen flank,Geen hindernis
12881,8,Heist op den Berg 1,Heist-op-den-Berg,51.06759,4.68823,1.516714542188657,51.074016329080976,4.7073773952318785,2019,6,16,12014,Heist-op-den-Berg,Normaal,Droog,Dag,met zwaargewonden,9,personenauto,3,Fiets,Op Kruispunt,Gewestweg,binnen bebouwde kom,Tussen 2 bestuurders: Flank tegen flank,Geen hindernis
12882,8,Heist op den Berg 1,Heist-op-den-Berg,51.06759,4.68823,1.5752856598621772,51.053709540716106,4.683720297877622,2019,5,20,12014,Heist-op-den-Berg,Normaal,Droog,Dag,met lichtgewonden,3,Fiets,3,Fiets,Op Kruispunt,Gemeenteweg,buiten bebouwde kom,Tussen 2 bestuurders: Flank tegen flank,Geen hindernis
12882,9,Heist op den Berg 2,Heist-op-den-Berg,51.06904,4.69524,1.8852063657171467,51.053709540716106,4.683720297877622,2019,5,20,12014,Heist-op-den-Berg,Normaal,Droog,Dag,met lichtgewonden,3,Fiets,3,Fiets,Op Kruispunt,Gemeenteweg,buiten bebouwde kom,Tussen 2 bestuurders: Flank tegen flank,Geen hindernis
12884,9,Heist op den Berg 2,Heist-op-den-Berg,51.06904,4.69524,1.3460257684679395,51.073669527111385,4.713040296591543,2019,4,16,12014,Heist-op-den-Berg,Normaal,Droog,Dag,met lichtgewonden,9,personenauto,3,Fiets,Op Kruispunt,Gewestweg,binnen bebouwde kom,Tussen 2 bestuurders: Flank tegen flank,Geen hindernis
12884,8,Heist op den Berg 1,Heist-op-den-Berg,51.06759,4.68823,1.8606600404660858,51.073669527111385,4.713040296591543,2019,4,16,12014,Heist-op-den-Berg,Normaal,Droog,Dag,met lichtgewonden,9,personenauto,3,Fiets,Op Kruispunt,Gewestweg,binnen bebouwde kom,Tussen 2 bestuurders: Flank tegen flank,Geen hindernis
12899,133,Gierde Lille Totem,Lille,51.2453915,4.8297416,1.6234510430953168,51.23089386927514,4.832498863784213,2019,4,16,13019,Lille,Normaal,Droog,Dag,met lichtgewonden,9,personenauto,3,Fiets,Op Kruispunt,Gewestweg,binnen bebouwde kom,Tss. 2 best.: langs opzij (voor-/achterkant-flank),Geen hindernis
12899,132,Gierde lille,Lille,51.245445,4.8298851,1.6282116762242471,51.23089386927514,4.832498863784213,2019,4,16,13019,Lille,Normaal,Droog,Dag,met lichtgewonden,9,personenauto,3,Fiets,Op Kruispunt,Gewestweg,binnen bebouwde kom,Tss. 2 best.: langs opzij (voor-/achterkant-flank),Geen hindernis
12924,88,Westerlo teller 1,Westerlo,51.082,4.91325,0.588809137569711,51.087269167895364,4.912413760085517,2019,5,16,13049,Westerlo,Normaal,Droog,Dag,met lichtgewonden,3,Fiets,9,personenauto,Buiten Kruispunt,Gemeenteweg,binnen bebouwde kom,Tussen 2 bestuurders: Frontale botsing,Geen hindernis
12924,89,Westerlo teller 2,Westerlo,51.08191,4.91334,0.5994140547023155,51.087269167895364,4.912413760085517,2019,5,16,13049,Westerlo,Normaal,Droog,Dag,met lichtgewonden,3,Fiets,9,personenauto,Buiten Kruispunt,Gemeenteweg,binnen bebouwde kom,Tussen 2 bestuurders: Frontale botsing,Geen hindernis
12929,89,Westerlo teller 2,Westerlo,51.08191,4.91334,1.7500840389719488,51.06672510056446,4.9067525116030914,2019,3,10,13013,Herselt,Normaal,Droog,Dag,met lichtgewonden,3,Fiets,4,Vrachtwagen,Op Kruispunt,Gemeenteweg,buiten bebouwde kom,Tussen 2 bestuurders: Flank tegen flank,Geen hindernis
12929,88,Westerlo teller 1,Westerlo,51.082,4.91325,1.758107161080658,51.06672510056446,4.9067525116030914,2019,3,10,13013,Herselt,Normaal,Droog,Dag,met lichtgewonden,3,Fiets,4,Vrachtwagen,Op Kruispunt,Gemeenteweg,buiten bebouwde kom,Tussen 2 bestuurders: Flank tegen flank,Geen hindernis
12936,112,Geel teller 2,Westerlo,51.1354992,4.9394789,1.5524066870275854,51.14701042843237,4.926887833707142,2019,4,12,13008,Geel,Normaal,Droog,Dag,met lichtgewonden,9,personenauto,3,Fiets,Op Kruispunt,Gewestweg,buiten bebouwde kom,Tss. 2 best.: langs opzij (voor-/achterkant-flank),Geen hindernis
12936,127,Geel totem,Westerlo,51.1342966,4.9400421,1.6854581515407747,51.14701042843237,4.926887833707142,2019,4,12,13008,Geel,Normaal,Droog,Dag,met lichtgewonden,9,personenauto,3,Fiets,Op Kruispunt,Gewestweg,buiten bebouwde kom,Tss. 2 best.: langs opzij (voor-/achterkant-flank),Geen hindernis
12937,98,Geel teller 2,Geel,51.1481,4.99643,1.6253944120914094,51.15393201061916,4.975061657508985,2019,3,9,13008,Geel,Normaal,Droog,Dag,met zwaargewonden,9,personenauto,3,Fiets,Buiten Kruispunt,Gemeenteweg,binnen bebouwde kom,Tss. 2 best.: langs opzij (voor-/achterkant-flank),Geen hindernis
12937,97,Geel teller 1,Geel,51.14813,4.99698,1.6593412366322067,51.15393201061916,4.975061657508985,2019,3,9,13008,Geel,Normaal,Droog,Dag,met zwaargewonden,9,personenauto,3,Fiets,Buiten Kruispunt,Gemeenteweg,binnen bebouwde kom,Tss. 2 best.: langs opzij (voor-/achterkant-flank),Geen hindernis
12938,98,Geel teller 2,Geel,51.1481,4.99643,2.35724275834818,51.16867904900593,4.988314103570576,2019,4,9,13008,Geel,Normaal,Droog,Dag,met lichtgewonden,9,personenauto,3,Fiets,Op Kruispunt,Gemeenteweg,binnen bebouwde kom,Tss. 2 best.: langs opzij (voor-/achterkant-flank),Geen hindernis
12938,97,Geel teller 1,Geel,51.14813,4.99698,2.36351997598536,51.16867904900593,4.988314103570576,2019,4,9,13008,Geel,Normaal,Droog,Dag,met lichtgewonden,9,personenauto,3,Fiets,Op Kruispunt,Gemeenteweg,binnen bebouwde kom,Tss. 2 best.: langs opzij (voor-/achterkant-flank),Geen hindernis
12941,98,Geel teller 2,Geel,51.1481,4.99643,2.2518054375239376,51.16364669197898,4.975739772231935,2019,4,11,13008,Geel,Normaal,Droog,Dag,met lichtgewonden,2,Andere weggebruiker,3,Fiets,Op Kruispunt,Gemeenteweg,binnen bebouwde kom,Tussen 2 bestuurders: Langs achteren,Geen hindernis
12941,97,Geel teller 1,Geel,51.14813,4.99698,2.274043695035211,51.16364669197898,4.975739772231935,2019,4,11,13008,Geel,Normaal,Droog,Dag,met lichtgewonden,2,Andere weggebruiker,3,Fiets,Op Kruispunt,Gemeenteweg,binnen bebouwde kom,Tussen 2 bestuurders: Langs achteren,Geen hindernis
12942,97,Geel teller 1,Geel,51.14813,4.99698,1.3959473719183542,51.160146943434285,5.002771874858661,2019,5,5,13008,Geel,Normaal,Droog,"Nacht, openbare verlichting aanwezig en ontstoken",met lichtgewonden,3,Fiets,11,een weggebruiker tegen een hindernis,Buiten Kruispunt,Gemeenteweg,buiten bebouwde kom,Weggebruiker tegen hindernis buiten rijbaan,Andere hindernis
12942,98,Geel teller 2,Geel,51.1481,4.99643,1.4106939348571201,51.160146943434285,5.002771874858661,2019,5,5,13008,Geel,Normaal,Droog,"Nacht, openbare verlichting aanwezig en ontstoken",met lichtgewonden,3,Fiets,11,een weggebruiker tegen een hindernis,Buiten Kruispunt,Gemeenteweg,buiten bebouwde kom,Weggebruiker tegen hindernis buiten rijbaan,Andere hindernis
12955,4,Balen 1,Balen,51.16023,5.19011,2.177075568722331,51.17723366665769,5.1746304357030555,2019,4,8,13003,Balen,Onbekend,Onbekend,Dag,met zwaargewonden,9,personenauto,3,Fiets,Op Kruispunt,Gewestweg,binnen bebouwde kom,Tss. 2 best.: langs opzij (voor-/achterkant-flank),Geen hindernis
12955,5,Balen 2,Balen,51.16018,5.19003,2.1791524128346986,51.17723366665769,5.1746304357030555,2019,4,8,13003,Balen,Onbekend,Onbekend,Dag,met zwaargewonden,9,personenauto,3,Fiets,Op Kruispunt,Gewestweg,binnen bebouwde kom,Tss. 2 best.: langs opzij (voor-/achterkant-flank),Geen hindernis
12956,5,Balen 2,Balen,51.16018,5.19003,1.9244362234578407,51.17038330224207,5.167737189861492,2019,3,7,13003,Balen,Normaal,Droog,Dageraad - schemering,met lichtgewonden,9,personenauto,3,Fiets,Op Kruispunt,Gewestweg,binnen bebouwde kom,Tss. 2 best.: langs opzij (voor-/achterkant-flank),Geen hindernis
12956,4,Balen 1,Balen,51.16023,5.19011,1.9256791840256964,51.17038330224207,5.167737189861492,2019,3,7,13003,Balen,Normaal,Droog,Dageraad - schemering,met lichtgewonden,9,personenauto,3,Fiets,Op Kruispunt,Gewestweg,binnen bebouwde kom,Tss. 2 best.: langs opzij (voor-/achterkant-flank),Geen hindernis
12958,134,Retie,Dessel,51.2548405,5.1037658,0.2548531432966475,51.256590356685535,5.101400657787109,2019,3,12,13036,Retie,Normaal,Droog,Dag,met lichtgewonden,3,Fiets,3,Fiets,Buiten Kruispunt,Gewestweg,buiten bebouwde kom,Tussen 2 bestuurders: Flank tegen flank,Geen hindernis
12958,135,Retie 2,Dessel,51.2544998,5.1040064,0.29482242027428424,51.256590356685535,5.101400657787109,2019,3,12,13036,Retie,Normaal,Droog,Dag,met lichtgewonden,3,Fiets,3,Fiets,Buiten Kruispunt,Gewestweg,buiten bebouwde kom,Tussen 2 bestuurders: Flank tegen flank,Geen hindernis
12961,94,Herentals teller 2,Herentals,51.17345,4.81283,0.7512473937422064,51.177196344344246,4.8217978439352365,2019,4,15,13011,Herentals,Normaal,Droog,Dag,met lichtgewonden,3,Fiets,7,Motorfiets,Op Kruispunt,Gemeenteweg,binnen bebouwde kom,Tss. 2 best.: langs opzij (voor-/achterkant-flank),Geen hindernis
12961,110,Herentals totem,Herentals,51.1739426,4.811783,0.7863337652362727,51.177196344344246,4.8217978439352365,2019,4,15,13011,Herentals,Normaal,Droog,Dag,met lichtgewonden,3,Fiets,7,Motorfiets,Op Kruispunt,Gemeenteweg,binnen bebouwde kom,Tss. 2 best.: langs opzij (voor-/achterkant-flank),Geen hindernis
12962,94,Herentals teller 2,Herentals,51.17345,4.81283,1.393193526061773,51.16703594558668,4.829995700410008,2019,4,14,13011,Herentals,Normaal,Droog,Dag,met lichtgewonden,3,Fiets,9,personenauto,Op Kruispunt,Gemeenteweg,binnen bebouwde kom,Tss. 2 best.: langs opzij (voor-/achterkant-flank),Geen hindernis
12962,110,Herentals totem,Herentals,51.1739426,4.811783,1.4839664479252481,51.16703594558668,4.829995700410008,2019,4,14,13011,Herentals,Normaal,Droog,Dag,met lichtgewonden,3,Fiets,9,personenauto,Op Kruispunt,Gemeenteweg,binnen bebouwde kom,Tss. 2 best.: langs opzij (voor-/achterkant-flank),Geen hindernis
12963,110,Herentals totem,Herentals,51.1739426,4.811783,0.6739673123882027,51.17869718875112,4.805786832493451,2019,4,15,13011,Herentals,Normaal,Droog,Dag,dodelijk gewonden,3,Fiets,10,"één bestuurder, geen hindernis",Op Kruispunt,Gemeenteweg,buiten bebouwde kom,"Eén bestuurder, geen hindernis (incl. val)",Geen hindernis
12963,94,Herentals teller 2,Herentals,51.17345,4.81283,0.7625590886047963,51.17869718875112,4.805786832493451,2019,4,15,13011,Herentals,Normaal,Droog,Dag,dodelijk gewonden,3,Fiets,10,"één bestuurder, geen hindernis",Op Kruispunt,Gemeenteweg,buiten bebouwde kom,"Eén bestuurder, geen hindernis (incl. val)",Geen hindernis
12964,94,Herentals teller 2,Herentals,51.17345,4.81283,2.495529787343166,51.167659186573296,4.8474117192812525,2019,4,7,13011,Herentals,Normaal,Droog,Dag,met lichtgewonden,3,Fiets,9,personenauto,Op Kruispunt,Gewestweg,buiten bebouwde kom,Tss. 2 best.: langs opzij (voor-/achterkant-flank),Geen hindernis
12965,94,Herentals teller 2,Herentals,51.17345,4.81283,1.0176011286469204,51.176726855999206,4.82645919516902,2019,3,10,13011,Herentals,Normaal,Droog,Dag,met lichtgewonden,3,Fiets,9,personenauto,Buiten Kruispunt,Gemeenteweg,binnen bebouwde kom,Tss. 2 best.: langs opzij (voor-/achterkant-flank),Geen hindernis
12965,110,Herentals totem,Herentals,51.1739426,4.811783,1.068929766553497,51.176726855999206,4.82645919516902,2019,3,10,13011,Herentals,Normaal,Droog,Dag,met lichtgewonden,3,Fiets,9,personenauto,Buiten Kruispunt,Gemeenteweg,binnen bebouwde kom,Tss. 2 best.: langs opzij (voor-/achterkant-flank),Geen hindernis
12966,94,Herentals teller 2,Herentals,51.17345,4.81283,1.5398317577819944,51.17492744616435,4.834791709441219,2019,3,10,13011,Herentals,Normaal,Droog,Dag,met lichtgewonden,3,Fiets,9,personenauto,Op Kruispunt,Gemeenteweg,binnen bebouwde kom,Tss. 2 best.: langs opzij (voor-/achterkant-flank),Geen hindernis
12966,110,Herentals totem,Herentals,51.1739426,4.811783,1.6077590007633804,51.17492744616435,4.834791709441219,2019,3,10,13011,Herentals,Normaal,Droog,Dag,met lichtgewonden,3,Fiets,9,personenauto,Op Kruispunt,Gemeenteweg,binnen bebouwde kom,Tss. 2 best.: langs opzij (voor-/achterkant-flank),Geen hindernis
12967,94,Herentals teller 2,Herentals,51.17345,4.81283,1.931055546192467,51.173146005003616,4.840524823666627,2019,3,20,13011,Herentals,Normaal,Droog,"Nacht, openbare verlichting aanwezig en ontstoken",met lichtgewonden,9,personenauto,3,Fiets,Buiten Kruispunt,Gewestweg,binnen bebouwde kom,Tss. 2 best.: langs opzij (voor-/achterkant-flank),Geen hindernis
12967,110,Herentals totem,Herentals,51.1739426,4.811783,2.005698006329084,51.173146005003616,4.840524823666627,2019,3,20,13011,Herentals,Normaal,Droog,"Nacht, openbare verlichting aanwezig en ontstoken",met lichtgewonden,9,personenauto,3,Fiets,Buiten Kruispunt,Gewestweg,binnen bebouwde kom,Tss. 2 best.: langs opzij (voor-/achterkant-flank),Geen hindernis
12972,94,Herentals teller 2,Herentals,51.17345,4.81283,1.381684467443625,51.168863824608636,4.831248729551627,2019,4,8,13011,Herentals,Normaal,Droog,Dag,met lichtgewonden,9,personenauto,3,Fiets,Op Kruispunt,Gemeenteweg,buiten bebouwde kom,Tss. 2 best.: langs opzij (voor-/achterkant-flank),Geen hindernis
12972,110,Herentals totem,Herentals,51.1739426,4.811783,1.4699314113507937,51.168863824608636,4.831248729551627,2019,4,8,13011,Herentals,Normaal,Droog,Dag,met lichtgewonden,9,personenauto,3,Fiets,Op Kruispunt,Gemeenteweg,buiten bebouwde kom,Tss. 2 best.: langs opzij (voor-/achterkant-flank),Geen hindernis
12974,94,Herentals teller 2,Herentals,51.17345,4.81283,1.547220813944953,51.18208477947077,4.830234790744043,2019,4,14,13011,Herentals,Normaal,Droog,Dag,met zwaargewonden,3,Fiets,9,personenauto,Op Kruispunt,Gemeenteweg,binnen bebouwde kom,Tss. 2 best.: langs opzij (voor-/achterkant-flank),Geen hindernis
12974,110,Herentals totem,Herentals,51.1739426,4.811783,1.5729333870140787,51.18208477947077,4.830234790744043,2019,4,14,13011,Herentals,Normaal,Droog,Dag,met zwaargewonden,3,Fiets,9,personenauto,Op Kruispunt,Gemeenteweg,binnen bebouwde kom,Tss. 2 best.: langs opzij (voor-/achterkant-flank),Geen hindernis
12976,94,Herentals teller 2,Herentals,51.17345,4.81283,1.3759973987206193,51.16983305880185,4.831704720785234,2019,5,12,13011,Herentals,Normaal,Droog,Dag,met lichtgewonden,9,personenauto,3,Fiets,Op Kruispunt,Gemeenteweg,buiten bebouwde kom,Tss. 2 best.: langs opzij (voor-/achterkant-flank),Geen hindernis
12976,110,Herentals totem,Herentals,51.1739426,4.811783,1.4621370729808172,51.16983305880185,4.831704720785234,2019,5,12,13011,Herentals,Normaal,Droog,Dag,met lichtgewonden,9,personenauto,3,Fiets,Op Kruispunt,Gemeenteweg,buiten bebouwde kom,Tss. 2 best.: langs opzij (voor-/achterkant-flank),Geen hindernis
12977,94,Herentals teller 2,Herentals,51.17345,4.81283,1.9498051379848005,51.15604044888154,4.80949088983515,2019,3,5,13011,Herentals,Onbekend,Onbekend,Onbekend,met lichtgewonden,3,Fiets,3,Fiets,Buiten Kruispunt,Gemeenteweg,onbekend,Tussen 2 bestuurders: Frontale botsing,Geen hindernis
12977,110,Herentals totem,Herentals,51.1739426,4.811783,1.997034104660083,51.15604044888154,4.80949088983515,2019,3,5,13011,Herentals,Onbekend,Onbekend,Onbekend,met lichtgewonden,3,Fiets,3,Fiets,Buiten Kruispunt,Gemeenteweg,onbekend,Tussen 2 bestuurders: Frontale botsing,Geen hindernis
12981,37,Lommel teller 1,Lommel,51.23299,5.29211,1.7369806019549032,51.22576659273513,5.314228359376741,2019,3,15,72020,Lommel,Normaal,Droog,Dag,met lichtgewonden,9,personenauto,3,Fiets,Op Kruispunt,Gewestweg,buiten bebouwde kom,Tussen 2 bestuurders: Flank tegen flank,Geen hindernis
12981,38,Lommel teller 2,Lommel,51.23277,5.29189,1.7394925020245977,51.22576659273513,5.314228359376741,2019,3,15,72020,Lommel,Normaal,Droog,Dag,met lichtgewonden,9,personenauto,3,Fiets,Op Kruispunt,Gewestweg,buiten bebouwde kom,Tussen 2 bestuurders: Flank tegen flank,Geen hindernis
12982,46,Pelt teller 2,Pelt,51.231,5.44375,1.862091471342646,51.21453268585697,5.448609428824359,2019,4,11,72043,Pelt,Normaal,Onbekend,Dag,met lichtgewonden,3,Fiets,9,personenauto,Buiten Kruispunt,Gemeenteweg,binnen bebouwde kom,Tussen 2 bestuurders: Flank tegen flank,Geen hindernis
12982,45,Pelt teller 1,Pelt,51.23127,5.44377,1.8913731429880773,51.21453268585697,5.448609428824359,2019,4,11,72043,Pelt,Normaal,Onbekend,Dag,met lichtgewonden,3,Fiets,9,personenauto,Buiten Kruispunt,Gemeenteweg,binnen bebouwde kom,Tussen 2 bestuurders: Flank tegen flank,Geen hindernis
12984,46,Pelt teller 2,Pelt,51.231,5.44375,2.1917428412559063,51.214955706625744,5.425468156426386,2019,5,11,72043,Pelt,Normaal,Droog,Dag,met lichtgewonden,3,Fiets,9,personenauto,Op Kruispunt,Gewestweg,buiten bebouwde kom,Tss. 2 best.: langs opzij (voor-/achterkant-flank),Geen hindernis
12984,45,Pelt teller 1,Pelt,51.23127,5.44377,2.2170476671910495,51.214955706625744,5.425468156426386,2019,5,11,72043,Pelt,Normaal,Droog,Dag,met lichtgewonden,3,Fiets,9,personenauto,Op Kruispunt,Gewestweg,buiten bebouwde kom,Tss. 2 best.: langs opzij (voor-/achterkant-flank),Geen hindernis
12986,46,Pelt teller 2,Pelt,51.231,5.44375,2.1917428412559063,51.214955706625744,5.425468156426386,2019,3,16,72043,Pelt,Normaal,Droog,Dag,met zwaargewonden,9,personenauto,3,Fiets,Op Kruispunt,Gewestweg,binnen bebouwde kom,Tss. 2 best.: langs opzij (voor-/achterkant-flank),Geen hindernis
12986,45,Pelt teller 1,Pelt,51.23127,5.44377,2.2170476671910495,51.214955706625744,5.425468156426386,2019,3,16,72043,Pelt,Normaal,Droog,Dag,met zwaargewonden,9,personenauto,3,Fiets,Op Kruispunt,Gewestweg,binnen bebouwde kom,Tss. 2 best.: langs opzij (voor-/achterkant-flank),Geen hindernis
12988,46,Pelt teller 2,Pelt,51.231,5.44375,0.02971415273591269,51.230859314927514,5.44338717557878,2019,5,12,72043,Pelt,Onbekend,Onbekend,Dag,met lichtgewonden,3,Fiets,9,personenauto,Op Kruispunt,Gewestweg,onbekend,Tss. 2 best.: langs opzij (voor-/achterkant-flank),Geen hindernis
12988,45,Pelt teller 1,Pelt,51.23127,5.44377,0.05287627819531873,51.230859314927514,5.44338717557878,2019,5,12,72043,Pelt,Onbekend,Onbekend,Dag,met lichtgewonden,3,Fiets,9,personenauto,Op Kruispunt,Gewestweg,onbekend,Tss. 2 best.: langs opzij (voor-/achterkant-flank),Geen hindernis
13018,39,Peer teller 1,Peer,51.13425,5.47817,1.951874411533998,51.12263622251452,5.4571965484795895,2019,4,12,72030,Peer,Normaal,Droog,Dag,met lichtgewonden,3,Fiets,9,personenauto,Buiten Kruispunt,Gemeenteweg,buiten bebouwde kom,Tss. 2 best.: langs opzij (voor-/achterkant-flank),Geen hindernis
13018,40,Peer teller 2,Peer,51.13438,5.47892,2.0008229671441784,51.12263622251452,5.4571965484795895,2019,4,12,72030,Peer,Normaal,Droog,Dag,met lichtgewonden,3,Fiets,9,personenauto,Buiten Kruispunt,Gemeenteweg,buiten bebouwde kom,Tss. 2 best.: langs opzij (voor-/achterkant-flank),Geen hindernis
13030,21,Bilzen,Bilzen,50.86015,5.50161,0.8199027910396595,50.86644603117802,5.507690574090352,2019,5,16,73006,Bilzen,Normaal,Proper,Dag,met lichtgewonden,9,personenauto,3,Fiets,Buiten Kruispunt,Gewestweg,binnen bebouwde kom,Tss. 2 best.: langs opzij (voor-/achterkant-flank),Geen hindernis
13031,21,Bilzen,Bilzen,50.86015,5.50161,0.30048626938640094,50.86265878117716,5.503201123070752,2019,5,19,73006,Bilzen,Normaal,Droog,Dag,met lichtgewonden,3,Fiets,6,Bromfiets,Op Kruispunt,Gewestweg,buiten bebouwde kom,Tussen 2 bestuurders: Frontale botsing,Geen hindernis
13032,21,Bilzen,Bilzen,50.86015,5.50161,1.791777818859445,50.86513812383158,5.5258856696559375,2019,5,18,73006,Bilzen,Normaal,Droog,Dag,met lichtgewonden,3,Fiets,9,personenauto,Buiten Kruispunt,Gewestweg,binnen bebouwde kom,Tss. 2 best.: langs opzij (voor-/achterkant-flank),Geen hindernis
13033,43,Maaseik teller 1,Maaseik,51.09344,5.79715,0.2585771219095304,51.09369989870253,5.79347056479287,2019,5,14,72021,Maaseik,Normaal,Droog,Dag,met lichtgewonden,9,personenauto,3,Fiets,Op Kruispunt,Gemeenteweg,binnen bebouwde kom,Tss. 2 best.: langs opzij (voor-/achterkant-flank),Geen hindernis
13033,44,Maaseik teller 2,Maaseik,51.09359,5.79726,0.2649206279264149,51.09369989870253,5.79347056479287,2019,5,14,72021,Maaseik,Normaal,Droog,Dag,met lichtgewonden,9,personenauto,3,Fiets,Op Kruispunt,Gemeenteweg,binnen bebouwde kom,Tss. 2 best.: langs opzij (voor-/achterkant-flank),Geen hindernis
13034,44,Maaseik teller 2,Maaseik,51.09359,5.79726,0.02430369582660021,51.093628828904414,5.79691752441957,2019,4,8,72021,Maaseik,Normaal,Droog,Dag,met lichtgewonden,3,Fiets,3,Fiets,Op Kruispunt,Gewestweg,binnen bebouwde kom,Tss. 2 best.: langs opzij (voor-/achterkant-flank),Geen hindernis
13034,43,Maaseik teller 1,Maaseik,51.09344,5.79715,0.026541427919624147,51.093628828904414,5.79691752441957,2019,4,8,72021,Maaseik,Normaal,Droog,Dag,met lichtgewonden,3,Fiets,3,Fiets,Op Kruispunt,Gewestweg,binnen bebouwde kom,Tss. 2 best.: langs opzij (voor-/achterkant-flank),Geen hindernis
13039,14,Genk,Genk,50.97172,5.48927,0.8024367600556218,50.97888245299913,5.490669892678071,2019,3,12,71016,Genk,Normaal,Droog,Dag,met lichtgewonden,3,Fiets,9,personenauto,Buiten Kruispunt,Gemeenteweg,binnen bebouwde kom,Tss. 2 best.: langs opzij (voor-/achterkant-flank),Geen hindernis
13044,14,Genk,Genk,50.97172,5.48927,0.4087581184046598,50.97539009131645,5.489602267838216,2019,5,16,71016,Genk,Normaal,Droog,Dag,met lichtgewonden,9,personenauto,3,Fiets,Buiten Kruispunt,Gemeenteweg,binnen bebouwde kom,Tss. 2 best.: langs opzij (voor-/achterkant-flank),Geen hindernis
13046,14,Genk,Genk,50.97172,5.48927,1.578701267986387,50.96076739445042,5.503614660986815,2019,4,15,71016,Genk,Normaal,Droog,Dag,met lichtgewonden,3,Fiets,6,Bromfiets,Buiten Kruispunt,Gewestweg,binnen bebouwde kom,Tss. 2 best.: langs opzij (voor-/achterkant-flank),Geen hindernis
13049,139,Houthalen-Helchteren,Houthalen-Helchteren,51.0644267,5.3819796,0.9056916906213693,51.05628661624702,5.382433497428268,2019,5,11,72039,Houthalen-Helchteren,Normaal,Droog,Dag,Met doden,4,Vrachtwagen,3,Fiets,Op Kruispunt,Gewestweg,binnen bebouwde kom,Tussen 2 bestuurders: Flank tegen flank,Geen hindernis
13058,69,Leuven teller 1,Leuven,50.87549,4.71526,0.9016822027385522,50.86766012321612,4.7119174817995555,2019,5,9,24062,Leuven,Normaal,Droog,Dag,met lichtgewonden,8,Voetganger,3,Fiets,Buiten Kruispunt,Gemeenteweg,binnen bebouwde kom,Met een voetganger,Geen hindernis
13058,151,Leuven,District Leuven,50.8690262,4.6854839,1.861201912859695,50.86766012321612,4.7119174817995555,2019,5,9,24062,Leuven,Normaal,Droog,Dag,met lichtgewonden,8,Voetganger,3,Fiets,Buiten Kruispunt,Gemeenteweg,binnen bebouwde kom,Met een voetganger,Geen hindernis
13058,77,Leuven teller 2,Leuven,50.88672,4.70796,2.1374732768103977,50.86766012321612,4.7119174817995555,2019,5,9,24062,Leuven,Normaal,Droog,Dag,met lichtgewonden,8,Voetganger,3,Fiets,Buiten Kruispunt,Gemeenteweg,binnen bebouwde kom,Met een voetganger,Geen hindernis
13058,107,leuven totem,Leuven,50.8870744,4.7087919,2.169879074677536,50.86766012321612,4.7119174817995555,2019,5,9,24062,Leuven,Normaal,Droog,Dag,met lichtgewonden,8,Voetganger,3,Fiets,Buiten Kruispunt,Gemeenteweg,binnen bebouwde kom,Met een voetganger,Geen hindernis
13059,77,Leuven teller 2,Leuven,50.88672,4.70796,1.0399792339717469,50.880104715508224,4.697480514533682,2019,5,7,24062,Leuven,Normaal,Droog,Dageraad - schemering,met lichtgewonden,9,personenauto,3,Fiets,Buiten Kruispunt,Gemeenteweg,binnen bebouwde kom,Tss. 2 best.: langs opzij (voor-/achterkant-flank),Geen hindernis