crash_row_id,site_id,site_name,site_gemeente,site_lat,site_long,distance_km,crash_lat,crash_long,DT_YEAR_COLLISION,DT_MONTH_COLLISION,DT_TIME,CD_NIS,TX_MUNTY_COLLISION_NL,TX_WEATHER_NL,TX_ROAD_CONDITION_NL,TX_LIGHT_CONDITION_NL,TX_CLASS_ACCIDENTS_NL,CD_ROAD_USR_TYPE1,TX_ROAD_USR_TYPE1_NL,CD_ROAD_USR_TYPE2,TX_ROAD_USR_TYPE2_NL,TX_CROSSWAY_NL,CD_ROAD_TYPE_NL,TX_BUILD_UP_AREA_NL,TX_COLLISION_TYPE_NL,TX_OBSTACLES_NL
13059,107,leuven totem,Leuven,50.8870744,4.7087919,1.109186658794219,50.880104715508224,4.697480514533682,2019,5,7,24062,Leuven,Normaal,Droog,Dageraad - schemering,met lichtgewonden,9,personenauto,3,Fiets,Buiten Kruispunt,Gemeenteweg,binnen bebouwde kom,Tss. 2 best.: langs opzij (voor-/achterkant-flank),Geen hindernis
13059,69,Leuven teller 1,Leuven,50.87549,4.71526,1.3488496097832474,50.880104715508224,4.697480514533682,2019,5,7,24062,Leuven,Normaal,Droog,Dageraad - schemering,met lichtgewonden,9,personenauto,3,Fiets,Buiten Kruispunt,Gemeenteweg,binnen bebouwde kom,Tss. 2 best.: langs opzij (voor-/achterkant-flank),Geen hindernis
13059,151,Leuven,District Leuven,50.8690262,4.6854839,1.4920023189296348,50.880104715508224,4.697480514533682,2019,5,7,24062,Leuven,Normaal,Droog,Dageraad - schemering,met lichtgewonden,9,personenauto,3,Fiets,Buiten Kruispunt,Gemeenteweg,binnen bebouwde kom,Tss. 2 best.: langs opzij (voor-/achterkant-flank),Geen hindernis
13060,69,Leuven teller 1,Leuven,50.87549,4.71526,0.21073652666595144,50.8736654659637,4.714447515395654,2019,4,8,24062,Leuven,Normaal,Droog,Dag,met lichtgewonden,3,Fiets,9,personenauto,Op Kruispunt,Gewestweg,binnen bebouwde kom,Tss. 2 best.: langs opzij (voor-/achterkant-flank),Geen hindernis
13060,77,Leuven teller 2,Leuven,50.88672,4.70796,1.5212816407782783,50.8736654659637,4.714447515395654,2019,4,8,24062,Leuven,Normaal,Droog,Dag,met lichtgewonden,3,Fiets,9,personenauto,Op Kruispunt,Gewestweg,binnen bebouwde kom,Tss. 2 best.: langs opzij (voor-/achterkant-flank),Geen hindernis
13060,107,leuven totem,Leuven,50.8870744,4.7087919,1.5428981394770114,50.8736654659637,4.714447515395654,2019,4,8,24062,Leuven,Normaal,Droog,Dag,met lichtgewonden,3,Fiets,9,personenauto,Op Kruispunt,Gewestweg,binnen bebouwde kom,Tss. 2 best.: langs opzij (voor-/achterkant-flank),Geen hindernis
13060,151,Leuven,District Leuven,50.8690262,4.6854839,2.0968546421722905,50.8736654659637,4.714447515395654,2019,4,8,24062,Leuven,Normaal,Droog,Dag,met lichtgewonden,3,Fiets,9,personenauto,Op Kruispunt,Gewestweg,binnen bebouwde kom,Tss. 2 best.: langs opzij (voor-/achterkant-flank),Geen hindernis
13061,77,Leuven teller 2,Leuven,50.88672,4.70796,1.0333567218081325,50.89050259030613,4.694503830706301,2019,3,18,24062,Leuven,Normaal,Droog,Dag,met lichtgewonden,3,Fiets,9,personenauto,Op Kruispunt,Gewestweg,binnen bebouwde kom,Tss. 2 best.: langs opzij (voor-/achterkant-flank),Geen hindernis
13061,107,leuven totem,Leuven,50.8870744,4.7087919,1.072280246899421,50.89050259030613,4.694503830706301,2019,3,18,24062,Leuven,Normaal,Droog,Dag,met lichtgewonden,3,Fiets,9,personenauto,Op Kruispunt,Gewestweg,binnen bebouwde kom,Tss. 2 best.: langs opzij (voor-/achterkant-flank),Geen hindernis
13061,69,Leuven teller 1,Leuven,50.87549,4.71526,2.2151579907919743,50.89050259030613,4.694503830706301,2019,3,18,24062,Leuven,Normaal,Droog,Dag,met lichtgewonden,3,Fiets,9,personenauto,Op Kruispunt,Gewestweg,binnen bebouwde kom,Tss. 2 best.: langs opzij (voor-/achterkant-flank),Geen hindernis
13061,151,Leuven,District Leuven,50.8690262,4.6854839,2.470490608882381,50.89050259030613,4.694503830706301,2019,3,18,24062,Leuven,Normaal,Droog,Dag,met lichtgewonden,3,Fiets,9,personenauto,Op Kruispunt,Gewestweg,binnen bebouwde kom,Tss. 2 best.: langs opzij (voor-/achterkant-flank),Geen hindernis
13062,151,Leuven,District Leuven,50.8690262,4.6854839,1.1582632777640582,50.875989585227394,4.697760197167901,2019,2,3,24062,Leuven,Onbekend,Onbekend,"Nacht, openbare verlichting aanwezig en ontstoken",met lichtgewonden,8,Voetganger,3,Fiets,Op Kruispunt,Gemeenteweg,binnen bebouwde kom,Met een voetganger,Geen hindernis
13062,69,Leuven teller 1,Leuven,50.87549,4.71526,1.229120586233275,50.875989585227394,4.697760197167901,2019,2,3,24062,Leuven,Onbekend,Onbekend,"Nacht, openbare verlichting aanwezig en ontstoken",met lichtgewonden,8,Voetganger,3,Fiets,Op Kruispunt,Gemeenteweg,binnen bebouwde kom,Met een voetganger,Geen hindernis
13062,77,Leuven teller 2,Leuven,50.88672,4.70796,1.391294535874181,50.875989585227394,4.697760197167901,2019,2,3,24062,Leuven,Onbekend,Onbekend,"Nacht, openbare verlichting aanwezig en ontstoken",met lichtgewonden,8,Voetganger,3,Fiets,Op Kruispunt,Gemeenteweg,binnen bebouwde kom,Met een voetganger,Geen hindernis
13062,107,leuven totem,Leuven,50.8870744,4.7087919,1.45541086676768,50.875989585227394,4.697760197167901,2019,2,3,24062,Leuven,Onbekend,Onbekend,"Nacht, openbare verlichting aanwezig en ontstoken",met lichtgewonden,8,Voetganger,3,Fiets,Op Kruispunt,Gemeenteweg,binnen bebouwde kom,Met een voetganger,Geen hindernis
13063,69,Leuven teller 1,Leuven,50.87549,4.71526,1.228623183128523,50.86473485039869,4.711247150649912,2019,6,14,24062,Leuven,Normaal,Droog,Dag,met lichtgewonden,9,personenauto,3,Fiets,Op Kruispunt,Gemeenteweg,binnen bebouwde kom,Tss. 2 best.: langs opzij (voor-/achterkant-flank),Geen hindernis
13063,151,Leuven,District Leuven,50.8690262,4.6854839,1.8699178625428927,50.86473485039869,4.711247150649912,2019,6,14,24062,Leuven,Normaal,Droog,Dag,met lichtgewonden,9,personenauto,3,Fiets,Op Kruispunt,Gemeenteweg,binnen bebouwde kom,Tss. 2 best.: langs opzij (voor-/achterkant-flank),Geen hindernis
13063,108,Heverlee teller 1,Leuven,50.8471728,4.6954674,2.245073390233881,50.86473485039869,4.711247150649912,2019,6,14,24062,Leuven,Normaal,Droog,Dag,met lichtgewonden,9,personenauto,3,Fiets,Op Kruispunt,Gemeenteweg,binnen bebouwde kom,Tss. 2 best.: langs opzij (voor-/achterkant-flank),Geen hindernis
13063,76,Heverlee teller 2,Leuven,50.84606,4.69597,2.337104086672915,50.86473485039869,4.711247150649912,2019,6,14,24062,Leuven,Normaal,Droog,Dag,met lichtgewonden,9,personenauto,3,Fiets,Op Kruispunt,Gemeenteweg,binnen bebouwde kom,Tss. 2 best.: langs opzij (voor-/achterkant-flank),Geen hindernis
13063,77,Leuven teller 2,Leuven,50.88672,4.70796,2.455493012588929,50.86473485039869,4.711247150649912,2019,6,14,24062,Leuven,Normaal,Droog,Dag,met lichtgewonden,9,personenauto,3,Fiets,Op Kruispunt,Gemeenteweg,binnen bebouwde kom,Tss. 2 best.: langs opzij (voor-/achterkant-flank),Geen hindernis
13063,107,leuven totem,Leuven,50.8870744,4.7087919,2.490010982118778,50.86473485039869,4.711247150649912,2019,6,14,24062,Leuven,Normaal,Droog,Dag,met lichtgewonden,9,personenauto,3,Fiets,Op Kruispunt,Gemeenteweg,binnen bebouwde kom,Tss. 2 best.: langs opzij (voor-/achterkant-flank),Geen hindernis
13064,69,Leuven teller 1,Leuven,50.87549,4.71526,0.49957026450022995,50.879975302607825,4.7156696231987345,2019,5,8,24062,Leuven,Normaal,Droog,Dag,met lichtgewonden,8,Voetganger,3,Fiets,Buiten Kruispunt,Gemeenteweg,binnen bebouwde kom,Met een voetganger,Geen hindernis
13064,77,Leuven teller 2,Leuven,50.88672,4.70796,0.9246548554461691,50.879975302607825,4.7156696231987345,2019,5,8,24062,Leuven,Normaal,Droog,Dag,met lichtgewonden,8,Voetganger,3,Fiets,Buiten Kruispunt,Gemeenteweg,binnen bebouwde kom,Met een voetganger,Geen hindernis
13064,107,leuven totem,Leuven,50.8870744,4.7087919,0.9251617751699336,50.879975302607825,4.7156696231987345,2019,5,8,24062,Leuven,Normaal,Droog,Dag,met lichtgewonden,8,Voetganger,3,Fiets,Buiten Kruispunt,Gemeenteweg,binnen bebouwde kom,Met een voetganger,Geen hindernis
13064,151,Leuven,District Leuven,50.8690262,4.6854839,2.4430075087488023,50.879975302607825,4.7156696231987345,2019,5,8,24062,Leuven,Normaal,Droog,Dag,met lichtgewonden,8,Voetganger,3,Fiets,Buiten Kruispunt,Gemeenteweg,binnen bebouwde kom,Met een voetganger,Geen hindernis
13065,69,Leuven teller 1,Leuven,50.87549,4.71526,0.6195760934815487,50.876190826872104,4.7064997687589125,2019,5,11,24062,Leuven,Normaal,Droog,Dag,met lichtgewonden,3,Fiets,3,Fiets,Buiten Kruispunt,Gemeenteweg,binnen bebouwde kom,Tussen 2 bestuurders: Frontale botsing,Geen hindernis
13065,77,Leuven teller 2,Leuven,50.88672,4.70796,1.1752639874244286,50.876190826872104,4.7064997687589125,2019,5,11,24062,Leuven,Normaal,Droog,Dag,met lichtgewonden,3,Fiets,3,Fiets,Buiten Kruispunt,Gemeenteweg,binnen bebouwde kom,Tussen 2 bestuurders: Frontale botsing,Geen hindernis
13065,107,leuven totem,Leuven,50.8870744,4.7087919,1.2208349620093897,50.876190826872104,4.7064997687589125,2019,5,11,24062,Leuven,Normaal,Droog,Dag,met lichtgewonden,3,Fiets,3,Fiets,Buiten Kruispunt,Gemeenteweg,binnen bebouwde kom,Tussen 2 bestuurders: Frontale botsing,Geen hindernis
13065,151,Leuven,District Leuven,50.8690262,4.6854839,1.6761040960168825,50.876190826872104,4.7064997687589125,2019,5,11,24062,Leuven,Normaal,Droog,Dag,met lichtgewonden,3,Fiets,3,Fiets,Buiten Kruispunt,Gemeenteweg,binnen bebouwde kom,Tussen 2 bestuurders: Frontale botsing,Geen hindernis
13066,107,leuven totem,Leuven,50.8870744,4.7087919,0.5273241667654442,50.88380885893329,4.714242917777202,2019,5,8,24062,Leuven,Normaal,Droog,Dag,met lichtgewonden,3,Fiets,3,Fiets,Buiten Kruispunt,Gemeenteweg,binnen bebouwde kom,Tussen 2 bestuurders: Frontale botsing,Geen hindernis
13066,77,Leuven teller 2,Leuven,50.88672,4.70796,0.5468480348483984,50.88380885893329,4.714242917777202,2019,5,8,24062,Leuven,Normaal,Droog,Dag,met lichtgewonden,3,Fiets,3,Fiets,Buiten Kruispunt,Gemeenteweg,binnen bebouwde kom,Tussen 2 bestuurders: Frontale botsing,Geen hindernis
13066,69,Leuven teller 1,Leuven,50.87549,4.71526,0.9277631225659275,50.88380885893329,4.714242917777202,2019,5,8,24062,Leuven,Normaal,Droog,Dag,met lichtgewonden,3,Fiets,3,Fiets,Buiten Kruispunt,Gemeenteweg,binnen bebouwde kom,Tussen 2 bestuurders: Frontale botsing,Geen hindernis
13067,151,Leuven,District Leuven,50.8690262,4.6854839,0.6442705260926481,50.86997680765855,4.676427249116326,2019,5,11,24062,Leuven,Normaal,Droog,Dag,met lichtgewonden,3,Fiets,9,personenauto,Buiten Kruispunt,Gemeenteweg,binnen bebouwde kom,Tss. 2 best.: langs opzij (voor-/achterkant-flank),Geen hindernis
13068,77,Leuven teller 2,Leuven,50.88672,4.70796,0.9454607878041059,50.880920988731106,4.698103596378996,2019,5,10,24062,Leuven,Normaal,Droog,Dag,met lichtgewonden,5,Lichte vrachtauto,3,Fiets,Buiten Kruispunt,Gemeenteweg,binnen bebouwde kom,Tussen 2 bestuurders: Langs achteren,Geen hindernis
13068,107,leuven totem,Leuven,50.8870744,4.7087919,1.0150752355068897,50.880920988731106,4.698103596378996,2019,5,10,24062,Leuven,Normaal,Droog,Dag,met lichtgewonden,5,Lichte vrachtauto,3,Fiets,Buiten Kruispunt,Gemeenteweg,binnen bebouwde kom,Tussen 2 bestuurders: Langs achteren,Geen hindernis
13068,69,Leuven teller 1,Leuven,50.87549,4.71526,1.3467006150341632,50.880920988731106,4.698103596378996,2019,5,10,24062,Leuven,Normaal,Droog,Dag,met lichtgewonden,5,Lichte vrachtauto,3,Fiets,Buiten Kruispunt,Gemeenteweg,binnen bebouwde kom,Tussen 2 bestuurders: Langs achteren,Geen hindernis
13068,151,Leuven,District Leuven,50.8690262,4.6854839,1.5916759572265837,50.880920988731106,4.698103596378996,2019,5,10,24062,Leuven,Normaal,Droog,Dag,met lichtgewonden,5,Lichte vrachtauto,3,Fiets,Buiten Kruispunt,Gemeenteweg,binnen bebouwde kom,Tussen 2 bestuurders: Langs achteren,Geen hindernis
13069,151,Leuven,District Leuven,50.8690262,4.6854839,0.8884654265798801,50.870450265208966,4.697942168339712,2019,5,21,24062,Leuven,Onbekend,Onbekend,Dag,met lichtgewonden,3,Fiets,8,Voetganger,Buiten Kruispunt,Gemeenteweg,binnen bebouwde kom,Met een voetganger,Geen hindernis
13069,69,Leuven teller 1,Leuven,50.87549,4.71526,1.3381613074875849,50.870450265208966,4.697942168339712,2019,5,21,24062,Leuven,Onbekend,Onbekend,Dag,met lichtgewonden,3,Fiets,8,Voetganger,Buiten Kruispunt,Gemeenteweg,binnen bebouwde kom,Met een voetganger,Geen hindernis
13069,77,Leuven teller 2,Leuven,50.88672,4.70796,1.9408473667472734,50.870450265208966,4.697942168339712,2019,5,21,24062,Leuven,Onbekend,Onbekend,Dag,met lichtgewonden,3,Fiets,8,Voetganger,Buiten Kruispunt,Gemeenteweg,binnen bebouwde kom,Met een voetganger,Geen hindernis
13069,107,leuven totem,Leuven,50.8870744,4.7087919,1.9991184495082057,50.870450265208966,4.697942168339712,2019,5,21,24062,Leuven,Onbekend,Onbekend,Dag,met lichtgewonden,3,Fiets,8,Voetganger,Buiten Kruispunt,Gemeenteweg,binnen bebouwde kom,Met een voetganger,Geen hindernis
13070,69,Leuven teller 1,Leuven,50.87549,4.71526,0.21902224732877174,50.8735267427057,4.715007457041504,2019,5,8,24062,Leuven,Normaal,Droog,Dag,met lichtgewonden,3,Fiets,3,Fiets,Buiten Kruispunt,Gewestweg,binnen bebouwde kom,Tussen 2 bestuurders: Flank tegen flank,Geen hindernis
13070,77,Leuven teller 2,Leuven,50.88672,4.70796,1.5481030071442676,50.8735267427057,4.715007457041504,2019,5,8,24062,Leuven,Normaal,Droog,Dag,met lichtgewonden,3,Fiets,3,Fiets,Buiten Kruispunt,Gewestweg,binnen bebouwde kom,Tussen 2 bestuurders: Flank tegen flank,Geen hindernis
13070,107,leuven totem,Leuven,50.8870744,4.7087919,1.5682759647072173,50.8735267427057,4.715007457041504,2019,5,8,24062,Leuven,Normaal,Droog,Dag,met lichtgewonden,3,Fiets,3,Fiets,Buiten Kruispunt,Gewestweg,binnen bebouwde kom,Tussen 2 bestuurders: Flank tegen flank,Geen hindernis
13070,151,Leuven,District Leuven,50.8690262,4.6854839,2.131289023444645,50.8735267427057,4.715007457041504,2019,5,8,24062,Leuven,Normaal,Droog,Dag,met lichtgewonden,3,Fiets,3,Fiets,Buiten Kruispunt,Gewestweg,binnen bebouwde kom,Tussen 2 bestuurders: Flank tegen flank,Geen hindernis
13071,77,Leuven teller 2,Leuven,50.88672,4.70796,0.3355642347500892,50.884499638154544,4.704720349728411,2019,5,9,24062,Leuven,Onbekend,"Vuil (zand, grint, bladeren,...)",Dag,met lichtgewonden,3,Fiets,11,een weggebruiker tegen een hindernis,Op Kruispunt,Gemeenteweg,binnen bebouwde kom,Weggebruiker tegen hindernis op de rijbaan,Op de rijbaan: Lading
13071,107,leuven totem,Leuven,50.8870744,4.7087919,0.40440673149733863,50.884499638154544,4.704720349728411,2019,5,9,24062,Leuven,Onbekend,"Vuil (zand, grint, bladeren,...)",Dag,met lichtgewonden,3,Fiets,11,een weggebruiker tegen een hindernis,Op Kruispunt,Gemeenteweg,binnen bebouwde kom,Weggebruiker tegen hindernis op de rijbaan,Op de rijbaan: Lading
13071,69,Leuven teller 1,Leuven,50.87549,4.71526,1.245162351970617,50.884499638154544,4.704720349728411,2019,5,9,24062,Leuven,Onbekend,"Vuil (zand, grint, bladeren,...)",Dag,met lichtgewonden,3,Fiets,11,een weggebruiker tegen een hindernis,Op Kruispunt,Gemeenteweg,binnen bebouwde kom,Weggebruiker tegen hindernis op de rijbaan,Op de rijbaan: Lading
13071,151,Leuven,District Leuven,50.8690262,4.6854839,2.1867797261627198,50.884499638154544,4.704720349728411,2019,5,9,24062,Leuven,Onbekend,"Vuil (zand, grint, bladeren,...)",Dag,met lichtgewonden,3,Fiets,11,een weggebruiker tegen een hindernis,Op Kruispunt,Gemeenteweg,binnen bebouwde kom,Weggebruiker tegen hindernis op de rijbaan,Op de rijbaan: Lading
13072,69,Leuven teller 1,Leuven,50.87549,4.71526,2.4150830463733786,50.863491479411834,4.7439474240058175,2019,5,15,24062,Leuven,Normaal,Droog,Dag,met lichtgewonden,3,Fiets,3,Fiets,Buiten Kruispunt,Gemeenteweg,binnen bebouwde kom,Tussen 2 bestuurders: Langs achteren,Geen hindernis
13073,77,Leuven teller 2,Leuven,50.88672,4.70796,0.8570911705665667,50.89139790331941,4.69824854215172,2019,5,13,24062,Leuven,Normaal,Droog,Dag,met lichtgewonden,9,personenauto,3,Fiets,Buiten Kruispunt,Gemeenteweg,binnen bebouwde kom,Tussen 2 bestuurders: Flank tegen flank,Geen hindernis
13073,107,leuven totem,Leuven,50.8870744,4.7087919,0.8820791931290627,50.89139790331941,4.69824854215172,2019,5,13,24062,Leuven,Normaal,Droog,Dag,met lichtgewonden,9,personenauto,3,Fiets,Buiten Kruispunt,Gemeenteweg,binnen bebouwde kom,Tussen 2 bestuurders: Flank tegen flank,Geen hindernis
13073,69,Leuven teller 1,Leuven,50.87549,4.71526,2.133808815366293,50.89139790331941,4.69824854215172,2019,5,13,24062,Leuven,Normaal,Droog,Dag,met lichtgewonden,9,personenauto,3,Fiets,Buiten Kruispunt,Gemeenteweg,binnen bebouwde kom,Tussen 2 bestuurders: Flank tegen flank,Geen hindernis
13074,69,Leuven teller 1,Leuven,50.87549,4.71526,0.02760387117790124,50.87527754993093,4.715056483919494,2019,5,21,24062,Leuven,Normaal,Proper,Dageraad - schemering,met lichtgewonden,9,personenauto,3,Fiets,Op Kruispunt,Gewestweg,binnen bebouwde kom,Tussen 2 bestuurders: Frontale botsing,Geen hindernis
13074,77,Leuven teller 2,Leuven,50.88672,4.70796,1.3662813229134159,50.87527754993093,4.715056483919494,2019,5,21,24062,Leuven,Normaal,Proper,Dageraad - schemering,met lichtgewonden,9,personenauto,3,Fiets,Op Kruispunt,Gewestweg,binnen bebouwde kom,Tussen 2 bestuurders: Frontale botsing,Geen hindernis
13074,107,leuven totem,Leuven,50.8870744,4.7087919,1.3834189522366231,50.87527754993093,4.715056483919494,2019,5,21,24062,Leuven,Normaal,Proper,Dageraad - schemering,met lichtgewonden,9,personenauto,3,Fiets,Op Kruispunt,Gewestweg,binnen bebouwde kom,Tussen 2 bestuurders: Frontale botsing,Geen hindernis
13074,151,Leuven,District Leuven,50.8690262,4.6854839,2.188435356917175,50.87527754993093,4.715056483919494,2019,5,21,24062,Leuven,Normaal,Proper,Dageraad - schemering,met lichtgewonden,9,personenauto,3,Fiets,Op Kruispunt,Gewestweg,binnen bebouwde kom,Tussen 2 bestuurders: Frontale botsing,Geen hindernis
13075,77,Leuven teller 2,Leuven,50.88672,4.70796,0.6829560738100707,50.887387386228724,4.6982816394824205,2019,5,8,24062,Leuven,Normaal,Droog,Dag,met lichtgewonden,3,Fiets,11,een weggebruiker tegen een hindernis,Op Kruispunt,Gemeenteweg,binnen bebouwde kom,Weggebruiker tegen hindernis op de rijbaan,"Op de rijbaan: Werken (signal., aarde, toestel,…)"
13075,107,leuven totem,Leuven,50.8870744,4.7087919,0.7380860991431641,50.887387386228724,4.6982816394824205,2019,5,8,24062,Leuven,Normaal,Droog,Dag,met lichtgewonden,3,Fiets,11,een weggebruiker tegen een hindernis,Op Kruispunt,Gemeenteweg,binnen bebouwde kom,Weggebruiker tegen hindernis op de rijbaan,"Op de rijbaan: Werken (signal., aarde, toestel,…)"
13075,69,Leuven teller 1,Leuven,50.87549,4.71526,1.7801508253659566,50.887387386228724,4.6982816394824205,2019,5,8,24062,Leuven,Normaal,Droog,Dag,met lichtgewonden,3,Fiets,11,een weggebruiker tegen een hindernis,Op Kruispunt,Gemeenteweg,binnen bebouwde kom,Weggebruiker tegen hindernis op de rijbaan,"Op de rijbaan: Werken (signal., aarde, toestel,…)"
13075,151,Leuven,District Leuven,50.8690262,4.6854839,2.230390650263737,50.887387386228724,4.6982816394824205,2019,5,8,24062,Leuven,Normaal,Droog,Dag,met lichtgewonden,3,Fiets,11,een weggebruiker tegen een hindernis,Op Kruispunt,Gemeenteweg,binnen bebouwde kom,Weggebruiker tegen hindernis op de rijbaan,"Op de rijbaan: Werken (signal., aarde, toestel,…)"
13076,76,Heverlee teller 2,Leuven,50.84606,4.69597,1.70179759730254,50.85047195717379,4.719181059224846,2019,5,15,24062,Leuven,Normaal,Droog,Dag,met lichtgewonden,9,personenauto,3,Fiets,Buiten Kruispunt,Gemeenteweg,binnen bebouwde kom,Tss. 2 best.: langs opzij (voor-/achterkant-flank),Geen hindernis
13076,108,Heverlee teller 1,Leuven,50.8471728,4.6954674,1.7047567841822393,50.85047195717379,4.719181059224846,2019,5,15,24062,Leuven,Normaal,Droog,Dag,met lichtgewonden,9,personenauto,3,Fiets,Buiten Kruispunt,Gemeenteweg,binnen bebouwde kom,Tss. 2 best.: langs opzij (voor-/achterkant-flank),Geen hindernis
13077,77,Leuven teller 2,Leuven,50.88672,4.70796,0.7055915142433336,50.88734398181712,4.6979500630475775,2019,5,7,24062,Leuven,Normaal,Droog,Dag,met lichtgewonden,3,Fiets,11,een weggebruiker tegen een hindernis,Buiten Kruispunt,Gemeenteweg,binnen bebouwde kom,Weggebruiker tegen hindernis buiten rijbaan,Andere hindernis
13077,107,leuven totem,Leuven,50.8870744,4.7087919,0.7611151658841355,50.88734398181712,4.6979500630475775,2019,5,7,24062,Leuven,Normaal,Droog,Dag,met lichtgewonden,3,Fiets,11,een weggebruiker tegen een hindernis,Buiten Kruispunt,Gemeenteweg,binnen bebouwde kom,Weggebruiker tegen hindernis buiten rijbaan,Andere hindernis
13077,69,Leuven teller 1,Leuven,50.87549,4.71526,1.7922469835518287,50.88734398181712,4.6979500630475775,2019,5,7,24062,Leuven,Normaal,Droog,Dag,met lichtgewonden,3,Fiets,11,een weggebruiker tegen een hindernis,Buiten Kruispunt,Gemeenteweg,binnen bebouwde kom,Weggebruiker tegen hindernis buiten rijbaan,Andere hindernis
13077,151,Leuven,District Leuven,50.8690262,4.6854839,2.2166919458492456,50.88734398181712,4.6979500630475775,2019,5,7,24062,Leuven,Normaal,Droog,Dag,met lichtgewonden,3,Fiets,11,een weggebruiker tegen een hindernis,Buiten Kruispunt,Gemeenteweg,binnen bebouwde kom,Weggebruiker tegen hindernis buiten rijbaan,Andere hindernis
13078,69,Leuven teller 1,Leuven,50.87549,4.71526,0.43275035240485155,50.87907139017106,4.71284612125216,2019,5,18,24062,Leuven,Onbekend,Onbekend,Dag,met lichtgewonden,3,Fiets,6,Bromfiets,Op Kruispunt,Gemeenteweg,binnen bebouwde kom,Tussen 2 bestuurders: Flank tegen flank,Geen hindernis
13078,77,Leuven teller 2,Leuven,50.88672,4.70796,0.9169652508393661,50.87907139017106,4.71284612125216,2019,5,18,24062,Leuven,Onbekend,Onbekend,Dag,met lichtgewonden,3,Fiets,6,Bromfiets,Op Kruispunt,Gemeenteweg,binnen bebouwde kom,Tussen 2 bestuurders: Flank tegen flank,Geen hindernis
13078,107,leuven totem,Leuven,50.8870744,4.7087919,0.9342402510140166,50.87907139017106,4.71284612125216,2019,5,18,24062,Leuven,Onbekend,Onbekend,Dag,met lichtgewonden,3,Fiets,6,Bromfiets,Op Kruispunt,Gemeenteweg,binnen bebouwde kom,Tussen 2 bestuurders: Flank tegen flank,Geen hindernis
13078,151,Leuven,District Leuven,50.8690262,4.6854839,2.2212037433720355,50.87907139017106,4.71284612125216,2019,5,18,24062,Leuven,Onbekend,Onbekend,Dag,met lichtgewonden,3,Fiets,6,Bromfiets,Op Kruispunt,Gemeenteweg,binnen bebouwde kom,Tussen 2 bestuurders: Flank tegen flank,Geen hindernis
13079,107,leuven totem,Leuven,50.8870744,4.7087919,0.6562165946590895,50.88406737954036,4.716840995471227,2019,4,22,24062,Leuven,Onbekend,Onbekend,Onbekend,met lichtgewonden,9,personenauto,3,Fiets,Op Kruispunt,Gewestweg,binnen bebouwde kom,Tss. 2 best.: langs opzij (voor-/achterkant-flank),Geen hindernis
13079,77,Leuven teller 2,Leuven,50.88672,4.70796,0.6892973756893253,50.88406737954036,4.716840995471227,2019,4,22,24062,Leuven,Onbekend,Onbekend,Onbekend,met lichtgewonden,9,personenauto,3,Fiets,Op Kruispunt,Gewestweg,binnen bebouwde kom,Tss. 2 best.: langs opzij (voor-/achterkant-flank),Geen hindernis
13079,69,Leuven teller 1,Leuven,50.87549,4.71526,0.9601892969891831,50.88406737954036,4.716840995471227,2019,4,22,24062,Leuven,Onbekend,Onbekend,Onbekend,met lichtgewonden,9,personenauto,3,Fiets,Op Kruispunt,Gewestweg,binnen bebouwde kom,Tss. 2 best.: langs opzij (voor-/achterkant-flank),Geen hindernis
13080,77,Leuven teller 2,Leuven,50.88672,4.70796,0.4984876894625004,50.8824195067976,4.705953070074601,2019,5,14,24062,Leuven,Normaal,Droog,Dag,met lichtgewonden,3,Fiets,9,personenauto,Buiten Kruispunt,Gemeenteweg,binnen bebouwde kom,Tussen 2 bestuurders: Frontale botsing,Geen hindernis
13080,107,leuven totem,Leuven,50.8870744,4.7087919,0.5545896021639716,50.8824195067976,4.705953070074601,2019,5,14,24062,Leuven,Normaal,Droog,Dag,met lichtgewonden,3,Fiets,9,personenauto,Buiten Kruispunt,Gemeenteweg,binnen bebouwde kom,Tussen 2 bestuurders: Frontale botsing,Geen hindernis
13080,69,Leuven teller 1,Leuven,50.87549,4.71526,1.0099907252383562,50.8824195067976,4.705953070074601,2019,5,14,24062,Leuven,Normaal,Droog,Dag,met lichtgewonden,3,Fiets,9,personenauto,Buiten Kruispunt,Gemeenteweg,binnen bebouwde kom,Tussen 2 bestuurders: Frontale botsing,Geen hindernis
13080,151,Leuven,District Leuven,50.8690262,4.6854839,2.068964808780759,50.8824195067976,4.705953070074601,2019,5,14,24062,Leuven,Normaal,Droog,Dag,met lichtgewonden,3,Fiets,9,personenauto,Buiten Kruispunt,Gemeenteweg,binnen bebouwde kom,Tussen 2 bestuurders: Frontale botsing,Geen hindernis
13082,151,Leuven,District Leuven,50.8690262,4.6854839,1.5523212147463792,50.88295485026135,4.683993566696765,2019,5,14,24062,Leuven,Normaal,Droog,Dag,met lichtgewonden,3,Fiets,9,personenauto,Op Kruispunt,Gewestweg,buiten bebouwde kom,Tss. 2 best.: langs opzij (voor-/achterkant-flank),Geen hindernis