crash_row_id,site_id,site_name,site_gemeente,site_lat,site_long,distance_km,crash_lat,crash_long,DT_YEAR_COLLISION,DT_MONTH_COLLISION,DT_TIME,CD_NIS,TX_MUNTY_COLLISION_NL,TX_WEATHER_NL,TX_ROAD_CONDITION_NL,TX_LIGHT_CONDITION_NL,TX_CLASS_ACCIDENTS_NL,CD_ROAD_USR_TYPE1,TX_ROAD_USR_TYPE1_NL,CD_ROAD_USR_TYPE2,TX_ROAD_USR_TYPE2_NL,TX_CROSSWAY_NL,CD_ROAD_TYPE_NL,TX_BUILD_UP_AREA_NL,TX_COLLISION_TYPE_NL,TX_OBSTACLES_NL
13082,77,Leuven teller 2,Leuven,50.88672,4.70796,1.7326077817578087,50.88295485026135,4.683993566696765,2019,5,14,24062,Leuven,Normaal,Droog,Dag,met lichtgewonden,3,Fiets,9,personenauto,Op Kruispunt,Gewestweg,buiten bebouwde kom,Tss. 2 best.: langs opzij (voor-/achterkant-flank),Geen hindernis
13082,107,leuven totem,Leuven,50.8870744,4.7087919,1.798914771274388,50.88295485026135,4.683993566696765,2019,5,14,24062,Leuven,Normaal,Droog,Dag,met lichtgewonden,3,Fiets,9,personenauto,Op Kruispunt,Gewestweg,buiten bebouwde kom,Tss. 2 best.: langs opzij (voor-/achterkant-flank),Geen hindernis
13082,69,Leuven teller 1,Leuven,50.87549,4.71526,2.345420537960744,50.88295485026135,4.683993566696765,2019,5,14,24062,Leuven,Normaal,Droog,Dag,met lichtgewonden,3,Fiets,9,personenauto,Op Kruispunt,Gewestweg,buiten bebouwde kom,Tss. 2 best.: langs opzij (voor-/achterkant-flank),Geen hindernis
13083,107,leuven totem,Leuven,50.8870744,4.7087919,0.6457166559251972,50.88240194362043,4.714257605364304,2019,4,20,24062,Leuven,Normaal,Droog,Dageraad - schemering,met lichtgewonden,3,Fiets,9,personenauto,Op Kruispunt,Gewestweg,binnen bebouwde kom,Tss. 2 best.: langs opzij (voor-/achterkant-flank),Geen hindernis
13083,77,Leuven teller 2,Leuven,50.88672,4.70796,0.6524674356014936,50.88240194362043,4.714257605364304,2019,4,20,24062,Leuven,Normaal,Droog,Dageraad - schemering,met lichtgewonden,3,Fiets,9,personenauto,Op Kruispunt,Gewestweg,binnen bebouwde kom,Tss. 2 best.: langs opzij (voor-/achterkant-flank),Geen hindernis
13083,69,Leuven teller 1,Leuven,50.87549,4.71526,0.771783994648162,50.88240194362043,4.714257605364304,2019,4,20,24062,Leuven,Normaal,Droog,Dageraad - schemering,met lichtgewonden,3,Fiets,9,personenauto,Op Kruispunt,Gewestweg,binnen bebouwde kom,Tss. 2 best.: langs opzij (voor-/achterkant-flank),Geen hindernis
13084,69,Leuven teller 1,Leuven,50.87549,4.71526,0.018620169846780547,50.87548490817614,4.714994745293066,2019,4,15,24062,Leuven,Normaal,Droog,Dag,met lichtgewonden,9,personenauto,3,Fiets,Buiten Kruispunt,Gewestweg,binnen bebouwde kom,Tss. 2 best.: langs opzij (voor-/achterkant-flank),Geen hindernis
13084,77,Leuven teller 2,Leuven,50.88672,4.70796,1.343237812964717,50.87548490817614,4.714994745293066,2019,4,15,24062,Leuven,Normaal,Droog,Dag,met lichtgewonden,9,personenauto,3,Fiets,Buiten Kruispunt,Gewestweg,binnen bebouwde kom,Tss. 2 best.: langs opzij (voor-/achterkant-flank),Geen hindernis
13084,107,leuven totem,Leuven,50.8870744,4.7087919,1.360183726798391,50.87548490817614,4.714994745293066,2019,4,15,24062,Leuven,Normaal,Droog,Dag,met lichtgewonden,9,personenauto,3,Fiets,Buiten Kruispunt,Gewestweg,binnen bebouwde kom,Tss. 2 best.: langs opzij (voor-/achterkant-flank),Geen hindernis
13084,151,Leuven,District Leuven,50.8690262,4.6854839,2.191770078306141,50.87548490817614,4.714994745293066,2019,4,15,24062,Leuven,Normaal,Droog,Dag,met lichtgewonden,9,personenauto,3,Fiets,Buiten Kruispunt,Gewestweg,binnen bebouwde kom,Tss. 2 best.: langs opzij (voor-/achterkant-flank),Geen hindernis
13085,69,Leuven teller 1,Leuven,50.87549,4.71526,0.7486672191178897,50.88214687778643,4.716859293323704,2019,4,6,24062,Leuven,Normaal,"Ijzel, sneeuw",Dag,met lichtgewonden,3,Fiets,3,Fiets,Buiten Kruispunt,Gemeenteweg,binnen bebouwde kom,Tussen 2 bestuurders: Frontale botsing,Geen hindernis
13085,107,leuven totem,Leuven,50.8870744,4.7087919,0.7877155154154728,50.88214687778643,4.716859293323704,2019,4,6,24062,Leuven,Normaal,"Ijzel, sneeuw",Dag,met lichtgewonden,3,Fiets,3,Fiets,Buiten Kruispunt,Gemeenteweg,binnen bebouwde kom,Tussen 2 bestuurders: Frontale botsing,Geen hindernis
13085,77,Leuven teller 2,Leuven,50.88672,4.70796,0.8051882613084423,50.88214687778643,4.716859293323704,2019,4,6,24062,Leuven,Normaal,"Ijzel, sneeuw",Dag,met lichtgewonden,3,Fiets,3,Fiets,Buiten Kruispunt,Gemeenteweg,binnen bebouwde kom,Tussen 2 bestuurders: Frontale botsing,Geen hindernis
13086,77,Leuven teller 2,Leuven,50.88672,4.70796,0.9459296868834912,50.87988748354694,4.699927009706575,2019,4,18,24062,Leuven,Normaal,Droog,Dag,met lichtgewonden,3,Fiets,3,Fiets,Op Kruispunt,Gemeenteweg,binnen bebouwde kom,Tussen 2 bestuurders: Flank tegen flank,Geen hindernis
13086,107,leuven totem,Leuven,50.8870744,4.7087919,1.0126176834437017,50.87988748354694,4.699927009706575,2019,4,18,24062,Leuven,Normaal,Droog,Dag,met lichtgewonden,3,Fiets,3,Fiets,Op Kruispunt,Gemeenteweg,binnen bebouwde kom,Tussen 2 bestuurders: Flank tegen flank,Geen hindernis
13086,69,Leuven teller 1,Leuven,50.87549,4.71526,1.181700284439267,50.87988748354694,4.699927009706575,2019,4,18,24062,Leuven,Normaal,Droog,Dag,met lichtgewonden,3,Fiets,3,Fiets,Op Kruispunt,Gemeenteweg,binnen bebouwde kom,Tussen 2 bestuurders: Flank tegen flank,Geen hindernis
13086,151,Leuven,District Leuven,50.8690262,4.6854839,1.5765814977928019,50.87988748354694,4.699927009706575,2019,4,18,24062,Leuven,Normaal,Droog,Dag,met lichtgewonden,3,Fiets,3,Fiets,Op Kruispunt,Gemeenteweg,binnen bebouwde kom,Tussen 2 bestuurders: Flank tegen flank,Geen hindernis
13087,151,Leuven,District Leuven,50.8690262,4.6854839,0.812281250088326,50.863509613827226,4.693071198333703,2019,4,11,24062,Leuven,Normaal,Droog,Dag,met lichtgewonden,9,personenauto,3,Fiets,Op Kruispunt,Gemeenteweg,binnen bebouwde kom,Tss. 2 best.: langs opzij (voor-/achterkant-flank),Geen hindernis
13087,108,Heverlee teller 1,Leuven,50.8471728,4.6954674,1.824341355232433,50.863509613827226,4.693071198333703,2019,4,11,24062,Leuven,Normaal,Droog,Dag,met lichtgewonden,9,personenauto,3,Fiets,Op Kruispunt,Gemeenteweg,binnen bebouwde kom,Tss. 2 best.: langs opzij (voor-/achterkant-flank),Geen hindernis
13087,76,Heverlee teller 2,Leuven,50.84606,4.69597,1.950949274537078,50.863509613827226,4.693071198333703,2019,4,11,24062,Leuven,Normaal,Droog,Dag,met lichtgewonden,9,personenauto,3,Fiets,Op Kruispunt,Gemeenteweg,binnen bebouwde kom,Tss. 2 best.: langs opzij (voor-/achterkant-flank),Geen hindernis
13087,69,Leuven teller 1,Leuven,50.87549,4.71526,2.049176768139177,50.863509613827226,4.693071198333703,2019,4,11,24062,Leuven,Normaal,Droog,Dag,met lichtgewonden,9,personenauto,3,Fiets,Op Kruispunt,Gemeenteweg,binnen bebouwde kom,Tss. 2 best.: langs opzij (voor-/achterkant-flank),Geen hindernis
13088,107,leuven totem,Leuven,50.8870744,4.7087919,2.2456103606442386,50.90660344196351,4.71694833556161,2019,4,21,24062,Leuven,Normaal,Droog,"Nacht, openbare verlichting aanwezig en ontstoken",met lichtgewonden,9,personenauto,3,Fiets,Op Kruispunt,Gewestweg,buiten bebouwde kom,Tss. 2 best.: langs opzij (voor-/achterkant-flank),Geen hindernis
13088,77,Leuven teller 2,Leuven,50.88672,4.70796,2.29904841148726,50.90660344196351,4.71694833556161,2019,4,21,24062,Leuven,Normaal,Droog,"Nacht, openbare verlichting aanwezig en ontstoken",met lichtgewonden,9,personenauto,3,Fiets,Op Kruispunt,Gewestweg,buiten bebouwde kom,Tss. 2 best.: langs opzij (voor-/achterkant-flank),Geen hindernis
13089,69,Leuven teller 1,Leuven,50.87549,4.71526,0.6255180704089944,50.87323871835357,4.723429743037503,2019,4,19,24062,Leuven,Normaal,Droog,Dag,met lichtgewonden,3,Fiets,3,Fiets,Buiten Kruispunt,Gemeenteweg,binnen bebouwde kom,Tussen 2 bestuurders: Flank tegen flank,Geen hindernis
13089,107,leuven totem,Leuven,50.8870744,4.7087919,1.8497289640198828,50.87323871835357,4.723429743037503,2019,4,19,24062,Leuven,Normaal,Droog,Dag,met lichtgewonden,3,Fiets,3,Fiets,Buiten Kruispunt,Gemeenteweg,binnen bebouwde kom,Tussen 2 bestuurders: Flank tegen flank,Geen hindernis
13089,77,Leuven teller 2,Leuven,50.88672,4.70796,1.850699214593482,50.87323871835357,4.723429743037503,2019,4,19,24062,Leuven,Normaal,Droog,Dag,met lichtgewonden,3,Fiets,3,Fiets,Buiten Kruispunt,Gemeenteweg,binnen bebouwde kom,Tussen 2 bestuurders: Flank tegen flank,Geen hindernis
13090,69,Leuven teller 1,Leuven,50.87549,4.71526,1.4763219508143264,50.86727323772277,4.731785799607599,2019,3,9,24062,Leuven,Normaal,Droog,Dag,met lichtgewonden,9,personenauto,3,Fiets,Op Kruispunt,Gemeenteweg,binnen bebouwde kom,Tss. 2 best.: langs opzij (voor-/achterkant-flank),Geen hindernis
13092,151,Leuven,District Leuven,50.8690262,4.6854839,1.0908348291641647,50.86174201727062,4.695895260419652,2019,3,10,24062,Leuven,Normaal,Droog,Dag,met lichtgewonden,3,Fiets,9,personenauto,Buiten Kruispunt,Gewestweg,binnen bebouwde kom,Tussen 2 bestuurders: Frontale botsing,Geen hindernis
13092,108,Heverlee teller 1,Leuven,50.8471728,4.6954674,1.6203014313384305,50.86174201727062,4.695895260419652,2019,3,10,24062,Leuven,Normaal,Droog,Dag,met lichtgewonden,3,Fiets,9,personenauto,Buiten Kruispunt,Gewestweg,binnen bebouwde kom,Tussen 2 bestuurders: Frontale botsing,Geen hindernis
13092,76,Heverlee teller 2,Leuven,50.84606,4.69597,1.7437686527332763,50.86174201727062,4.695895260419652,2019,3,10,24062,Leuven,Normaal,Droog,Dag,met lichtgewonden,3,Fiets,9,personenauto,Buiten Kruispunt,Gewestweg,binnen bebouwde kom,Tussen 2 bestuurders: Frontale botsing,Geen hindernis
13092,69,Leuven teller 1,Leuven,50.87549,4.71526,2.045389409612056,50.86174201727062,4.695895260419652,2019,3,10,24062,Leuven,Normaal,Droog,Dag,met lichtgewonden,3,Fiets,9,personenauto,Buiten Kruispunt,Gewestweg,binnen bebouwde kom,Tussen 2 bestuurders: Frontale botsing,Geen hindernis
13093,107,leuven totem,Leuven,50.8870744,4.7087919,0.9672556754343193,50.88392151980624,4.72164275038418,2019,3,12,24062,Leuven,Normaal,Droog,Dag,met lichtgewonden,9,personenauto,3,Fiets,Buiten Kruispunt,Gewestweg,binnen bebouwde kom,Tss. 2 best.: langs opzij (voor-/achterkant-flank),Geen hindernis
13093,77,Leuven teller 2,Leuven,50.88672,4.70796,1.0090266484302592,50.88392151980624,4.72164275038418,2019,3,12,24062,Leuven,Normaal,Droog,Dag,met lichtgewonden,9,personenauto,3,Fiets,Buiten Kruispunt,Gewestweg,binnen bebouwde kom,Tss. 2 best.: langs opzij (voor-/achterkant-flank),Geen hindernis
13093,69,Leuven teller 1,Leuven,50.87549,4.71526,1.0389966698573898,50.88392151980624,4.72164275038418,2019,3,12,24062,Leuven,Normaal,Droog,Dag,met lichtgewonden,9,personenauto,3,Fiets,Buiten Kruispunt,Gewestweg,binnen bebouwde kom,Tss. 2 best.: langs opzij (voor-/achterkant-flank),Geen hindernis
13094,69,Leuven teller 1,Leuven,50.87549,4.71526,0.42271961499695426,50.8764597646316,4.7094345936542235,2019,3,10,24062,Leuven,Normaal,Droog,Dag,met lichtgewonden,3,Fiets,9,personenauto,Op Kruispunt,Gemeenteweg,binnen bebouwde kom,Tss. 2 best.: langs opzij (voor-/achterkant-flank),Geen hindernis
13094,77,Leuven teller 2,Leuven,50.88672,4.70796,1.145566789469287,50.8764597646316,4.7094345936542235,2019,3,10,24062,Leuven,Normaal,Droog,Dag,met lichtgewonden,3,Fiets,9,personenauto,Op Kruispunt,Gemeenteweg,binnen bebouwde kom,Tss. 2 best.: langs opzij (voor-/achterkant-flank),Geen hindernis
13094,107,leuven totem,Leuven,50.8870744,4.7087919,1.1811544995625352,50.8764597646316,4.7094345936542235,2019,3,10,24062,Leuven,Normaal,Droog,Dag,met lichtgewonden,3,Fiets,9,personenauto,Op Kruispunt,Gemeenteweg,binnen bebouwde kom,Tss. 2 best.: langs opzij (voor-/achterkant-flank),Geen hindernis
13094,151,Leuven,District Leuven,50.8690262,4.6854839,1.872866465627622,50.8764597646316,4.7094345936542235,2019,3,10,24062,Leuven,Normaal,Droog,Dag,met lichtgewonden,3,Fiets,9,personenauto,Op Kruispunt,Gemeenteweg,binnen bebouwde kom,Tss. 2 best.: langs opzij (voor-/achterkant-flank),Geen hindernis
13095,107,leuven totem,Leuven,50.8870744,4.7087919,2.3297976037682577,50.90791997744828,4.712141747468,2019,3,7,24062,Leuven,Regenval,"Nat, plassen",Dageraad - schemering,met lichtgewonden,9,personenauto,3,Fiets,Buiten Kruispunt,Gewestweg,binnen bebouwde kom,Tss. 2 best.: langs opzij (voor-/achterkant-flank),Geen hindernis
13095,77,Leuven teller 2,Leuven,50.88672,4.70796,2.3755029398088268,50.90791997744828,4.712141747468,2019,3,7,24062,Leuven,Regenval,"Nat, plassen",Dageraad - schemering,met lichtgewonden,9,personenauto,3,Fiets,Buiten Kruispunt,Gewestweg,binnen bebouwde kom,Tss. 2 best.: langs opzij (voor-/achterkant-flank),Geen hindernis
13096,151,Leuven,District Leuven,50.8690262,4.6854839,1.5101571946999455,50.882508385220156,4.682890062292768,2019,3,7,24062,Leuven,Normaal,Droog,Dag,met lichtgewonden,9,personenauto,3,Fiets,Op Kruispunt,Gewestweg,buiten bebouwde kom,Tss. 2 best.: langs opzij (voor-/achterkant-flank),Geen hindernis
13096,77,Leuven teller 2,Leuven,50.88672,4.70796,1.8199682815919678,50.882508385220156,4.682890062292768,2019,3,7,24062,Leuven,Normaal,Droog,Dag,met lichtgewonden,9,personenauto,3,Fiets,Op Kruispunt,Gewestweg,buiten bebouwde kom,Tss. 2 best.: langs opzij (voor-/achterkant-flank),Geen hindernis
13096,107,leuven totem,Leuven,50.8870744,4.7087919,1.886636444025331,50.882508385220156,4.682890062292768,2019,3,7,24062,Leuven,Normaal,Droog,Dag,met lichtgewonden,9,personenauto,3,Fiets,Op Kruispunt,Gewestweg,buiten bebouwde kom,Tss. 2 best.: langs opzij (voor-/achterkant-flank),Geen hindernis
13096,69,Leuven teller 1,Leuven,50.87549,4.71526,2.4014071166705504,50.882508385220156,4.682890062292768,2019,3,7,24062,Leuven,Normaal,Droog,Dag,met lichtgewonden,9,personenauto,3,Fiets,Op Kruispunt,Gewestweg,buiten bebouwde kom,Tss. 2 best.: langs opzij (voor-/achterkant-flank),Geen hindernis
13097,69,Leuven teller 1,Leuven,50.87549,4.71526,0.4784108433417839,50.873969895911515,4.708881467000433,2019,3,20,24062,Leuven,Normaal,"Nat, plassen","Nacht, openbare verlichting aanwezig en ontstoken",met lichtgewonden,3,Fiets,6,Bromfiets,Op Kruispunt,Gemeenteweg,binnen bebouwde kom,Tussen 2 bestuurders: Flank tegen flank,Geen hindernis
13097,77,Leuven teller 2,Leuven,50.88672,4.70796,1.4192200629947336,50.873969895911515,4.708881467000433,2019,3,20,24062,Leuven,Normaal,"Nat, plassen","Nacht, openbare verlichting aanwezig en ontstoken",met lichtgewonden,3,Fiets,6,Bromfiets,Op Kruispunt,Gemeenteweg,binnen bebouwde kom,Tussen 2 bestuurders: Flank tegen flank,Geen hindernis
13097,107,leuven totem,Leuven,50.8870744,4.7087919,1.457167919730609,50.873969895911515,4.708881467000433,2019,3,20,24062,Leuven,Normaal,"Nat, plassen","Nacht, openbare verlichting aanwezig en ontstoken",met lichtgewonden,3,Fiets,6,Bromfiets,Op Kruispunt,Gemeenteweg,binnen bebouwde kom,Tussen 2 bestuurders: Flank tegen flank,Geen hindernis
13097,151,Leuven,District Leuven,50.8690262,4.6854839,1.7314107416140112,50.873969895911515,4.708881467000433,2019,3,20,24062,Leuven,Normaal,"Nat, plassen","Nacht, openbare verlichting aanwezig en ontstoken",met lichtgewonden,3,Fiets,6,Bromfiets,Op Kruispunt,Gemeenteweg,binnen bebouwde kom,Tussen 2 bestuurders: Flank tegen flank,Geen hindernis
13098,151,Leuven,District Leuven,50.8690262,4.6854839,0.9171387871243026,50.86881240495582,4.6985488646750735,2019,3,20,24062,Leuven,Normaal,"Nat, plassen","Nacht, openbare verlichting aanwezig en ontstoken",met lichtgewonden,9,personenauto,3,Fiets,Op Kruispunt,Gewestweg,binnen bebouwde kom,Tss. 2 best.: langs opzij (voor-/achterkant-flank),Geen hindernis
13098,69,Leuven teller 1,Leuven,50.87549,4.71526,1.3879344545819148,50.86881240495582,4.6985488646750735,2019,3,20,24062,Leuven,Normaal,"Nat, plassen","Nacht, openbare verlichting aanwezig en ontstoken",met lichtgewonden,9,personenauto,3,Fiets,Op Kruispunt,Gewestweg,binnen bebouwde kom,Tss. 2 best.: langs opzij (voor-/achterkant-flank),Geen hindernis
13098,77,Leuven teller 2,Leuven,50.88672,4.70796,2.097857501679686,50.86881240495582,4.6985488646750735,2019,3,20,24062,Leuven,Normaal,"Nat, plassen","Nacht, openbare verlichting aanwezig en ontstoken",met lichtgewonden,9,personenauto,3,Fiets,Op Kruispunt,Gewestweg,binnen bebouwde kom,Tss. 2 best.: langs opzij (voor-/achterkant-flank),Geen hindernis
13098,107,leuven totem,Leuven,50.8870744,4.7087919,2.1540614124692654,50.86881240495582,4.6985488646750735,2019,3,20,24062,Leuven,Normaal,"Nat, plassen","Nacht, openbare verlichting aanwezig en ontstoken",met lichtgewonden,9,personenauto,3,Fiets,Op Kruispunt,Gewestweg,binnen bebouwde kom,Tss. 2 best.: langs opzij (voor-/achterkant-flank),Geen hindernis
13098,108,Heverlee teller 1,Leuven,50.8471728,4.6954674,2.4159158271523142,50.86881240495582,4.6985488646750735,2019,3,20,24062,Leuven,Normaal,"Nat, plassen","Nacht, openbare verlichting aanwezig en ontstoken",met lichtgewonden,9,personenauto,3,Fiets,Op Kruispunt,Gewestweg,binnen bebouwde kom,Tss. 2 best.: langs opzij (voor-/achterkant-flank),Geen hindernis
13099,69,Leuven teller 1,Leuven,50.87549,4.71526,1.8433114945287303,50.86797934848622,4.7386782052523815,2019,3,9,24062,Leuven,Normaal,Droog,Dag,met lichtgewonden,9,personenauto,3,Fiets,Op Kruispunt,Gewestweg,binnen bebouwde kom,Tss. 2 best.: langs opzij (voor-/achterkant-flank),Geen hindernis
13101,77,Leuven teller 2,Leuven,50.88672,4.70796,0.8317589086398873,50.88046494756608,4.701457940107829,2019,3,10,24062,Leuven,Onbekend,Onbekend,Dag,met lichtgewonden,6,Bromfiets,3,Fiets,Buiten Kruispunt,Gemeenteweg,binnen bebouwde kom,Tss. 2 best.: langs opzij (voor-/achterkant-flank),Geen hindernis
13101,107,leuven totem,Leuven,50.8870744,4.7087919,0.8971277327864884,50.88046494756608,4.701457940107829,2019,3,10,24062,Leuven,Onbekend,Onbekend,Dag,met lichtgewonden,6,Bromfiets,3,Fiets,Buiten Kruispunt,Gemeenteweg,binnen bebouwde kom,Tss. 2 best.: langs opzij (voor-/achterkant-flank),Geen hindernis
13101,69,Leuven teller 1,Leuven,50.87549,4.71526,1.1152373464152172,50.88046494756608,4.701457940107829,2019,3,10,24062,Leuven,Onbekend,Onbekend,Dag,met lichtgewonden,6,Bromfiets,3,Fiets,Buiten Kruispunt,Gemeenteweg,binnen bebouwde kom,Tss. 2 best.: langs opzij (voor-/achterkant-flank),Geen hindernis
13101,151,Leuven,District Leuven,50.8690262,4.6854839,1.695310260121935,50.88046494756608,4.701457940107829,2019,3,10,24062,Leuven,Onbekend,Onbekend,Dag,met lichtgewonden,6,Bromfiets,3,Fiets,Buiten Kruispunt,Gemeenteweg,binnen bebouwde kom,Tss. 2 best.: langs opzij (voor-/achterkant-flank),Geen hindernis
13102,151,Leuven,District Leuven,50.8690262,4.6854839,1.5783456241568259,50.883147186291815,4.68319893134621,2019,3,23,24062,Leuven,Onbekend,Onbekend,"Nacht, openbare verlichting aanwezig en ontstoken",met lichtgewonden,9,personenauto,3,Fiets,Op Kruispunt,Gewestweg,binnen bebouwde kom,Tss. 2 best.: langs opzij (voor-/achterkant-flank),Geen hindernis
13102,77,Leuven teller 2,Leuven,50.88672,4.70796,1.7818574623400683,50.883147186291815,4.68319893134621,2019,3,23,24062,Leuven,Onbekend,Onbekend,"Nacht, openbare verlichting aanwezig en ontstoken",met lichtgewonden,9,personenauto,3,Fiets,Op Kruispunt,Gewestweg,binnen bebouwde kom,Tss. 2 best.: langs opzij (voor-/achterkant-flank),Geen hindernis
13102,107,leuven totem,Leuven,50.8870744,4.7087919,1.8477010026102296,50.883147186291815,4.68319893134621,2019,3,23,24062,Leuven,Onbekend,Onbekend,"Nacht, openbare verlichting aanwezig en ontstoken",met lichtgewonden,9,personenauto,3,Fiets,Op Kruispunt,Gewestweg,binnen bebouwde kom,Tss. 2 best.: langs opzij (voor-/achterkant-flank),Geen hindernis
13102,69,Leuven teller 1,Leuven,50.87549,4.71526,2.4051279839742405,50.883147186291815,4.68319893134621,2019,3,23,24062,Leuven,Onbekend,Onbekend,"Nacht, openbare verlichting aanwezig en ontstoken",met lichtgewonden,9,personenauto,3,Fiets,Op Kruispunt,Gewestweg,binnen bebouwde kom,Tss. 2 best.: langs opzij (voor-/achterkant-flank),Geen hindernis
13103,151,Leuven,District Leuven,50.8690262,4.6854839,2.0718289302192785,50.86125037653784,4.6586560995338,2019,3,16,24062,Leuven,Normaal,Droog,Dag,met lichtgewonden,9,personenauto,3,Fiets,Op Kruispunt,Gewestweg,binnen bebouwde kom,Tussen 2 bestuurders: Frontale botsing,Geen hindernis
13104,69,Leuven teller 1,Leuven,50.87549,4.71526,0.8692908352906572,50.88263875034744,4.7202748926445866,2019,4,13,24062,Leuven,Normaal,Droog,Dag,met lichtgewonden,9,personenauto,3,Fiets,Op Kruispunt,Gemeenteweg,binnen bebouwde kom,Tss. 2 best.: langs opzij (voor-/achterkant-flank),Geen hindernis
13104,107,leuven totem,Leuven,50.8870744,4.7087919,0.9445439872206687,50.88263875034744,4.7202748926445866,2019,4,13,24062,Leuven,Normaal,Droog,Dag,met lichtgewonden,9,personenauto,3,Fiets,Op Kruispunt,Gemeenteweg,binnen bebouwde kom,Tss. 2 best.: langs opzij (voor-/achterkant-flank),Geen hindernis
13104,77,Leuven teller 2,Leuven,50.88672,4.70796,0.9758455635469884,50.88263875034744,4.7202748926445866,2019,4,13,24062,Leuven,Normaal,Droog,Dag,met lichtgewonden,9,personenauto,3,Fiets,Op Kruispunt,Gemeenteweg,binnen bebouwde kom,Tss. 2 best.: langs opzij (voor-/achterkant-flank),Geen hindernis
13105,107,leuven totem,Leuven,50.8870744,4.7087919,1.727114030954666,50.88961626471345,4.733081837434979,2019,4,19,24062,Leuven,Onbekend,"Nat, plassen","Nacht, openbare verlichting aanwezig en ontstoken",met lichtgewonden,3,Fiets,9,personenauto,Op Kruispunt,Gemeenteweg,binnen bebouwde kom,Tss. 2 best.: langs opzij (voor-/achterkant-flank),Geen hindernis
13105,77,Leuven teller 2,Leuven,50.88672,4.70796,1.791377072291706,50.88961626471345,4.733081837434979,2019,4,19,24062,Leuven,Onbekend,"Nat, plassen","Nacht, openbare verlichting aanwezig en ontstoken",met lichtgewonden,3,Fiets,9,personenauto,Op Kruispunt,Gemeenteweg,binnen bebouwde kom,Tss. 2 best.: langs opzij (voor-/achterkant-flank),Geen hindernis
13105,69,Leuven teller 1,Leuven,50.87549,4.71526,2.007612534743392,50.88961626471345,4.733081837434979,2019,4,19,24062,Leuven,Onbekend,"Nat, plassen","Nacht, openbare verlichting aanwezig en ontstoken",met lichtgewonden,3,Fiets,9,personenauto,Op Kruispunt,Gemeenteweg,binnen bebouwde kom,Tss. 2 best.: langs opzij (voor-/achterkant-flank),Geen hindernis
13115,72,Herent teller 1,Herent,50.89135,4.64689,1.1207592817311236,50.888703579658724,4.662307620136005,2019,5,17,24038,Herent,Normaal,Droog,Dag,met lichtgewonden,9,personenauto,3,Fiets,Buiten Kruispunt,Gemeenteweg,buiten bebouwde kom,Tss. 2 best.: langs opzij (voor-/achterkant-flank),Geen hindernis
13115,73,Herent teller 2,Herent,50.89128,4.64685,1.1214539884131463,50.888703579658724,4.662307620136005,2019,5,17,24038,Herent,Normaal,Droog,Dag,met lichtgewonden,9,personenauto,3,Fiets,Buiten Kruispunt,Gemeenteweg,buiten bebouwde kom,Tss. 2 best.: langs opzij (voor-/achterkant-flank),Geen hindernis
13116,73,Herent teller 2,Herent,50.89128,4.64685,0.8283167507188961,50.88878085238272,4.65797457176166,2019,3,17,24038,Herent,Normaal,Droog,Dag,met lichtgewonden,3,Fiets,11,een weggebruiker tegen een hindernis,Buiten Kruispunt,Gewestweg,buiten bebouwde kom,Weggebruiker tegen hindernis op de rijbaan,"Op de rijbaan: Werken (signal., aarde, toestel,…)"
13116,72,Herent teller 1,Herent,50.89135,4.64689,0.8283257565033125,50.88878085238272,4.65797457176166,2019,3,17,24038,Herent,Normaal,Droog,Dag,met lichtgewonden,3,Fiets,11,een weggebruiker tegen een hindernis,Buiten Kruispunt,Gewestweg,buiten bebouwde kom,Weggebruiker tegen hindernis op de rijbaan,"Op de rijbaan: Werken (signal., aarde, toestel,…)"
13117,72,Herent teller 1,Herent,50.89135,4.64689,2.2539526366308946,50.90332951072938,4.67281567001837,2019,3,16,24038,Herent,Onbekend,Onbekend,Dag,met lichtgewonden,3,Fiets,8,Voetganger,Buiten Kruispunt,Gemeenteweg,binnen bebouwde kom,Met een voetganger,Geen hindernis
13117,73,Herent teller 2,Herent,50.89128,4.64685,2.260821469694047,50.90332951072938,4.67281567001837,2019,3,16,24038,Herent,Onbekend,Onbekend,Dag,met lichtgewonden,3,Fiets,8,Voetganger,Buiten Kruispunt,Gemeenteweg,binnen bebouwde kom,Met een voetganger,Geen hindernis
13118,150,Bertem,District Leuven,50.8687535,4.56136297,2.404296702992827,50.890276917942344,4.558088342868525,2019,3,16,24055,Kortenberg,Normaal,Droog,Dag,met lichtgewonden,9,personenauto,3,Fiets,Op Kruispunt,Gewestweg,buiten bebouwde kom,Tss. 2 best.: langs opzij (voor-/achterkant-flank),Geen hindernis
13121,87,Aarschot,Aarschot,50.99084,4.81259,1.1870922685534429,50.98698449277353,4.828405292186941,2019,5,17,24001,Aarschot,Normaal,Droog,Dag,met lichtgewonden,3,Fiets,8,Voetganger,Op Kruispunt,Gewestweg,binnen bebouwde kom,Met een voetganger,Geen hindernis
13130,101,Diest teller 1,Diest,50.97799,5.04481,0.8078244264520864,50.97979833720073,5.055985679749611,2019,4,17,24020,Diest,Normaal,Droog,Dag,met lichtgewonden,9,personenauto,3,Fiets,Buiten Kruispunt,Gewestweg,binnen bebouwde kom,Tss. 2 best.: langs opzij (voor-/achterkant-flank),Geen hindernis