crash_row_id,site_id,site_name,site_gemeente,site_lat,site_long,distance_km,crash_lat,crash_long,DT_YEAR_COLLISION,DT_MONTH_COLLISION,DT_TIME,CD_NIS,TX_MUNTY_COLLISION_NL,TX_WEATHER_NL,TX_ROAD_CONDITION_NL,TX_LIGHT_CONDITION_NL,TX_CLASS_ACCIDENTS_NL,CD_ROAD_USR_TYPE1,TX_ROAD_USR_TYPE1_NL,CD_ROAD_USR_TYPE2,TX_ROAD_USR_TYPE2_NL,TX_CROSSWAY_NL,CD_ROAD_TYPE_NL,TX_BUILD_UP_AREA_NL,TX_COLLISION_TYPE_NL,TX_OBSTACLES_NL
13130,102,Diest teller 2,Diest,50.9779,5.04474,0.8151065979503537,50.97979833720073,5.055985679749611,2019,4,17,24020,Diest,Normaal,Droog,Dag,met lichtgewonden,9,personenauto,3,Fiets,Buiten Kruispunt,Gewestweg,binnen bebouwde kom,Tss. 2 best.: langs opzij (voor-/achterkant-flank),Geen hindernis
13131,101,Diest teller 1,Diest,50.97799,5.04481,0.533041788601397,50.97932923286493,5.052120701471445,2019,4,5,24020,Diest,Onbekend,Droog,"Nacht, openbare verlichting aanwezig en ontstoken",met lichtgewonden,9,personenauto,3,Fiets,Buiten Kruispunt,Gewestweg,binnen bebouwde kom,Tss. 2 best.: langs opzij (voor-/achterkant-flank),Geen hindernis
13131,102,Diest teller 2,Diest,50.9779,5.04474,0.5406064080716089,50.97932923286493,5.052120701471445,2019,4,5,24020,Diest,Onbekend,Droog,"Nacht, openbare verlichting aanwezig en ontstoken",met lichtgewonden,9,personenauto,3,Fiets,Buiten Kruispunt,Gewestweg,binnen bebouwde kom,Tss. 2 best.: langs opzij (voor-/achterkant-flank),Geen hindernis
13132,101,Diest teller 1,Diest,50.97799,5.04481,1.6647932435866186,50.992750757116795,5.040830396926955,2019,3,16,24020,Diest,Normaal,Droog,Dag,met lichtgewonden,1,Autobus,3,Fiets,Buiten Kruispunt,Gewestweg,buiten bebouwde kom,Tss. 2 best.: langs opzij (voor-/achterkant-flank),Geen hindernis
13132,102,Diest teller 2,Diest,50.9779,5.04474,1.6738524681360778,50.992750757116795,5.040830396926955,2019,3,16,24020,Diest,Normaal,Droog,Dag,met lichtgewonden,1,Autobus,3,Fiets,Buiten Kruispunt,Gewestweg,buiten bebouwde kom,Tss. 2 best.: langs opzij (voor-/achterkant-flank),Geen hindernis
13133,101,Diest teller 1,Diest,50.97799,5.04481,0.7908370895054427,50.98363718805237,5.051677189311365,2019,3,10,24020,Diest,Normaal,Droog,Dag,met lichtgewonden,3,Fiets,5,Lichte vrachtauto,Op Kruispunt,Gemeenteweg,binnen bebouwde kom,Tss. 2 best.: langs opzij (voor-/achterkant-flank),Geen hindernis
13133,102,Diest teller 2,Diest,50.9779,5.04474,0.8017654852513563,50.98363718805237,5.051677189311365,2019,3,10,24020,Diest,Normaal,Droog,Dag,met lichtgewonden,3,Fiets,5,Lichte vrachtauto,Op Kruispunt,Gemeenteweg,binnen bebouwde kom,Tss. 2 best.: langs opzij (voor-/achterkant-flank),Geen hindernis
13139,26,Zaventem,Zaventem,50.86995,4.45444,2.3079414652545425,50.86226733427187,4.484990706260558,2019,5,16,23094,Zaventem,Normaal,Droog,Dag,met lichtgewonden,9,personenauto,3,Fiets,Op Kruispunt,Gemeenteweg,buiten bebouwde kom,Tss. 2 best.: langs opzij (voor-/achterkant-flank),Geen hindernis
13142,26,Zaventem,Zaventem,50.86995,4.45444,1.4200185827376586,50.86131561252147,4.469348304546551,2019,3,17,23099,Kraainem,Regenval,"Nat, plassen",Dag,met lichtgewonden,9,personenauto,3,Fiets,Buiten Kruispunt,Gemeenteweg,binnen bebouwde kom,Tussen 2 bestuurders: Flank tegen flank,Geen hindernis
13144,147,Overijse,District Vilvoorde-gewestwegen,50.7797555,4.4975769,0.9843716498834368,50.781902146576904,4.51116003127123,2019,5,17,23062,Overijse,Normaal,"Nat, plassen",Dag,met lichtgewonden,9,personenauto,3,Fiets,Buiten Kruispunt,Gewestweg,buiten bebouwde kom,Tss. 2 best.: langs opzij (voor-/achterkant-flank),Geen hindernis
13144,145,Overijse,District Vilvoorde-gewestwegen,50.7885856,4.4908759,1.6080224065657307,50.781902146576904,4.51116003127123,2019,5,17,23062,Overijse,Normaal,"Nat, plassen",Dag,met lichtgewonden,9,personenauto,3,Fiets,Buiten Kruispunt,Gewestweg,buiten bebouwde kom,Tss. 2 best.: langs opzij (voor-/achterkant-flank),Geen hindernis
13144,146,Overijse 2,District Vilvoorde-gewestwegen,50.7881478,4.4902818,1.6237698672862468,50.781902146576904,4.51116003127123,2019,5,17,23062,Overijse,Normaal,"Nat, plassen",Dag,met lichtgewonden,9,personenauto,3,Fiets,Buiten Kruispunt,Gewestweg,buiten bebouwde kom,Tss. 2 best.: langs opzij (voor-/achterkant-flank),Geen hindernis
13147,147,Overijse,District Vilvoorde-gewestwegen,50.7797555,4.4975769,0.6894836284808377,50.78536966960126,4.501740326328853,2019,4,11,23062,Overijse,Normaal,Droog,Dag,met lichtgewonden,9,personenauto,3,Fiets,Buiten Kruispunt,Gewestweg,buiten bebouwde kom,Tss. 2 best.: langs opzij (voor-/achterkant-flank),Geen hindernis
13147,145,Overijse,District Vilvoorde-gewestwegen,50.7885856,4.4908759,0.8433178661610227,50.78536966960126,4.501740326328853,2019,4,11,23062,Overijse,Normaal,Droog,Dag,met lichtgewonden,9,personenauto,3,Fiets,Buiten Kruispunt,Gewestweg,buiten bebouwde kom,Tss. 2 best.: langs opzij (voor-/achterkant-flank),Geen hindernis
13147,146,Overijse 2,District Vilvoorde-gewestwegen,50.7881478,4.4902818,0.8627185727267539,50.78536966960126,4.501740326328853,2019,4,11,23062,Overijse,Normaal,Droog,Dag,met lichtgewonden,9,personenauto,3,Fiets,Buiten Kruispunt,Gewestweg,buiten bebouwde kom,Tss. 2 best.: langs opzij (voor-/achterkant-flank),Geen hindernis
13151,86,Asse teller 2,Asse,50.89132,4.1709,0.983607620859108,50.88282891271368,4.166969075974398,2019,2,22,23086,Ternat,Onbekend,Onbekend,Onbekend,met lichtgewonden,3,Fiets,9,personenauto,Op Kruispunt,Gewestweg,onbekend,Tss. 2 best.: langs opzij (voor-/achterkant-flank),Geen hindernis
13151,85,Asse teller 1,Asse,50.89621,4.17294,1.5457314999595368,50.88282891271368,4.166969075974398,2019,2,22,23086,Ternat,Onbekend,Onbekend,Onbekend,met lichtgewonden,3,Fiets,9,personenauto,Op Kruispunt,Gewestweg,onbekend,Tss. 2 best.: langs opzij (voor-/achterkant-flank),Geen hindernis
13157,86,Asse teller 2,Asse,50.89132,4.1709,2.1469221768893427,50.8747264357083,4.155253788196405,2019,4,19,23086,Ternat,Normaal,Proper,Dageraad - schemering,met lichtgewonden,3,Fiets,10,"één bestuurder, geen hindernis",Buiten Kruispunt,Gemeenteweg,binnen bebouwde kom,"Eén bestuurder, geen hindernis (incl. val)",Geen hindernis
13159,152,Opwijk,District Vilvoorde-gewestwegen,50.968901168564656,4.149169474840164,0.374671416100963,50.97000593657287,4.154224367933789,2019,5,16,23060,Opwijk,Normaal,Droog,Dag,met lichtgewonden,5,Lichte vrachtauto,3,Fiets,Buiten Kruispunt,Gemeenteweg,binnen bebouwde kom,Tss. 2 best.: langs opzij (voor-/achterkant-flank),Geen hindernis
13174,27,Grimbergen,Meise,50.92127,4.34013,2.2507985375799495,50.94150795699369,4.339494691488787,2019,5,16,23050,Meise,Onbekend,Droog,Dag,met lichtgewonden,5,Lichte vrachtauto,3,Fiets,Buiten Kruispunt,Gewestweg,buiten bebouwde kom,Tss. 2 best.: langs opzij (voor-/achterkant-flank),Geen hindernis
13180,27,Grimbergen,Meise,50.92127,4.34013,0.43759806947623126,50.917338169256176,4.3403963319959695,2019,5,16,23025,Grimbergen,Normaal,Droog,Dag,met lichtgewonden,3,Fiets,3,Fiets,Buiten Kruispunt,Gewestweg,buiten bebouwde kom,Tussen 2 bestuurders: Flank tegen flank,Geen hindernis
13181,27,Grimbergen,Meise,50.92127,4.34013,2.2077307232383383,50.90197682706071,4.347565364057684,2019,4,17,23025,Grimbergen,Normaal,Droog,Dag,met lichtgewonden,9,personenauto,3,Fiets,Op Kruispunt,Gewestweg,buiten bebouwde kom,Tss. 2 best.: langs opzij (voor-/achterkant-flank),Geen hindernis
13182,47,Vilvoorde,Vilvoorde,50.91372,4.41497,1.3211757221185778,50.90355487970951,4.4247259213723,2019,6,17,23047,Machelen,Normaal,Droog,Dag,met lichtgewonden,5,Lichte vrachtauto,3,Fiets,Buiten Kruispunt,Gemeenteweg,binnen bebouwde kom,Tss. 2 best.: langs opzij (voor-/achterkant-flank),Geen hindernis
13182,149,Machelen,,50.88297881,4.43356644,2.370486628261229,50.90355487970951,4.4247259213723,2019,6,17,23047,Machelen,Normaal,Droog,Dag,met lichtgewonden,5,Lichte vrachtauto,3,Fiets,Buiten Kruispunt,Gemeenteweg,binnen bebouwde kom,Tss. 2 best.: langs opzij (voor-/achterkant-flank),Geen hindernis
13183,47,Vilvoorde,Vilvoorde,50.91372,4.41497,1.2284947443958198,50.90629571637183,4.4279457685195265,2019,3,18,23047,Machelen,Normaal,Droog,Dag,met lichtgewonden,9,personenauto,3,Fiets,Op Kruispunt,Gewestweg,buiten bebouwde kom,Tss. 2 best.: langs opzij (voor-/achterkant-flank),Geen hindernis
13183,1,Machelen,Machelen,50.91618331151478,4.456121776137429,2.2607937865079117,50.90629571637183,4.4279457685195265,2019,3,18,23047,Machelen,Normaal,Droog,Dag,met lichtgewonden,9,personenauto,3,Fiets,Op Kruispunt,Gewestweg,buiten bebouwde kom,Tss. 2 best.: langs opzij (voor-/achterkant-flank),Geen hindernis
13184,47,Vilvoorde,Vilvoorde,50.91372,4.41497,1.370628433416324,50.92355430076624,4.4267579428827055,2019,5,15,23088,Vilvoorde,Normaal,Droog,Dag,met lichtgewonden,9,personenauto,3,Fiets,Buiten Kruispunt,Gewestweg,binnen bebouwde kom,Tussen 2 bestuurders: Frontale botsing,Geen hindernis
13184,1,Machelen,Machelen,50.91618331151478,4.456121776137429,2.2155275033443846,50.92355430076624,4.4267579428827055,2019,5,15,23088,Vilvoorde,Normaal,Droog,Dag,met lichtgewonden,9,personenauto,3,Fiets,Buiten Kruispunt,Gewestweg,binnen bebouwde kom,Tussen 2 bestuurders: Frontale botsing,Geen hindernis
13185,47,Vilvoorde,Vilvoorde,50.91372,4.41497,1.9980880921856972,50.93097700658684,4.4229159545300165,2019,3,11,23088,Vilvoorde,Normaal,Droog,Dag,met lichtgewonden,9,personenauto,3,Fiets,Op Kruispunt,Gemeenteweg,binnen bebouwde kom,Tussen 2 bestuurders: Frontale botsing,Geen hindernis
13186,47,Vilvoorde,Vilvoorde,50.91372,4.41497,1.0520220687892439,50.92308654253251,4.412853963493052,2019,3,7,23088,Vilvoorde,Normaal,Droog,Dag,met lichtgewonden,5,Lichte vrachtauto,3,Fiets,Op Kruispunt,Gewestweg,binnen bebouwde kom,Tss. 2 best.: langs opzij (voor-/achterkant-flank),Geen hindernis
13187,27,Grimbergen,Meise,50.92127,4.34013,2.088679504332194,50.913778254989296,4.3674527058037995,2019,4,12,23088,Vilvoorde,Normaal,Droog,Dag,met lichtgewonden,9,personenauto,3,Fiets,Op Kruispunt,Gemeenteweg,binnen bebouwde kom,Tss. 2 best.: langs opzij (voor-/achterkant-flank),Geen hindernis
13188,47,Vilvoorde,Vilvoorde,50.91372,4.41497,1.6003211495023153,50.91299642419046,4.392172299264354,2019,5,10,23088,Vilvoorde,Normaal,Droog,Dag,met lichtgewonden,3,Fiets,9,personenauto,Op Kruispunt,Gewestweg,buiten bebouwde kom,Tss. 2 best.: langs opzij (voor-/achterkant-flank),Geen hindernis
13190,109,Zemst,Zemst,50.9903936,4.4707023,1.947630218878043,50.974256108081775,4.4815189771621755,2019,5,17,23096,Zemst,Normaal,Droog,Dag,met lichtgewonden,3,Fiets,9,personenauto,Op Kruispunt,Gewestweg,binnen bebouwde kom,Tss. 2 best.: langs opzij (voor-/achterkant-flank),Geen hindernis
13193,71,Kampenhout teller 2,Kampenhout,50.95589,4.59164,0.30346048811177523,50.95335625518455,4.5900304291295715,2019,5,15,23038,Kampenhout,Normaal,Droog,Dag,met lichtgewonden,6,Bromfiets,3,Fiets,Op Kruispunt,Gewestweg,binnen bebouwde kom,Tss. 2 best.: langs opzij (voor-/achterkant-flank),Geen hindernis
13193,70,Kampenhout teller 1,Kampenhout,50.95682,4.59318,0.4438587917388444,50.95335625518455,4.5900304291295715,2019,5,15,23038,Kampenhout,Normaal,Droog,Dag,met lichtgewonden,6,Bromfiets,3,Fiets,Op Kruispunt,Gewestweg,binnen bebouwde kom,Tss. 2 best.: langs opzij (voor-/achterkant-flank),Geen hindernis
13201,118,Gent teller 1,Gent,51.028049,3.7681359,1.7663690647726038,51.03788023105297,3.748294672860843,2019,3,9,44021,Gent,Normaal,Droog,Dag,met lichtgewonden,9,personenauto,3,Fiets,Op Kruispunt,Gewestweg,binnen bebouwde kom,Tussen 2 bestuurders: Flank tegen flank,Geen hindernis
13201,119,Gent teller 2,Gent,51.0281795,3.7683918,1.7715851331912036,51.03788023105297,3.748294672860843,2019,3,9,44021,Gent,Normaal,Droog,Dag,met lichtgewonden,9,personenauto,3,Fiets,Op Kruispunt,Gewestweg,binnen bebouwde kom,Tussen 2 bestuurders: Flank tegen flank,Geen hindernis
13203,118,Gent teller 1,Gent,51.028049,3.7681359,0.7505266094192165,51.028725019682916,3.757457998720723,2019,3,8,44021,Gent,Regenval,"Nat, plassen",Dag,met lichtgewonden,3,Fiets,9,personenauto,Buiten Kruispunt,Gemeenteweg,binnen bebouwde kom,Tussen 2 bestuurders: Flank tegen flank,Geen hindernis
13203,119,Gent teller 2,Gent,51.0281795,3.7683918,0.767050135897432,51.028725019682916,3.757457998720723,2019,3,8,44021,Gent,Regenval,"Nat, plassen",Dag,met lichtgewonden,3,Fiets,9,personenauto,Buiten Kruispunt,Gemeenteweg,binnen bebouwde kom,Tussen 2 bestuurders: Flank tegen flank,Geen hindernis
13204,13,Gent,Gent,51.03018,3.70146,1.965480154108658,51.046010099802025,3.7139668962982904,2019,3,14,44021,Gent,Normaal,Proper,Dag,met lichtgewonden,9,personenauto,3,Fiets,Op Kruispunt,Gewestweg,binnen bebouwde kom,Tss. 2 best.: langs opzij (voor-/achterkant-flank),Geen hindernis
13206,13,Gent,Gent,51.03018,3.70146,1.3261811993228607,51.028326848409705,3.7201932535577558,2019,3,13,44021,Gent,Normaal,Droog,Dag,met lichtgewonden,9,personenauto,3,Fiets,Buiten Kruispunt,Gemeenteweg,binnen bebouwde kom,Tss. 2 best.: langs opzij (voor-/achterkant-flank),Geen hindernis
13208,13,Gent,Gent,51.03018,3.70146,1.9372476521688329,51.014252845554736,3.690234906319869,2019,3,11,44021,Gent,Normaal,"Nat, plassen",Dag,met lichtgewonden,3,Fiets,9,personenauto,Buiten Kruispunt,Gemeenteweg,binnen bebouwde kom,Tussen 2 bestuurders: Langs achteren,Geen hindernis
13210,7,Evergem 1,Evergem,51.1089,3.70317,2.115752643180708,51.09409921323726,3.72221218620329,2019,3,12,44021,Gent,Normaal,Droog,Dag,met lichtgewonden,3,Fiets,4,Vrachtwagen,Buiten Kruispunt,Gewestweg,buiten bebouwde kom,Tss. 2 best.: langs opzij (voor-/achterkant-flank),Geen hindernis
13210,6,Evergem 2,Evergem,51.10894,3.70298,2.1275624817349783,51.09409921323726,3.72221218620329,2019,3,12,44021,Gent,Normaal,Droog,Dag,met lichtgewonden,3,Fiets,4,Vrachtwagen,Buiten Kruispunt,Gewestweg,buiten bebouwde kom,Tss. 2 best.: langs opzij (voor-/achterkant-flank),Geen hindernis
13215,13,Gent,Gent,51.03018,3.70146,1.9731491815774485,51.04685939435287,3.711091886770069,2019,3,14,44021,Gent,Normaal,Droog,Dag,met lichtgewonden,9,personenauto,3,Fiets,Buiten Kruispunt,Gewestweg,binnen bebouwde kom,Tss. 2 best.: langs opzij (voor-/achterkant-flank),Geen hindernis
13218,13,Gent,Gent,51.03018,3.70146,2.207907102042424,51.041226029709925,3.7276991167571834,2019,3,17,44021,Gent,Normaal,Droog,Dag,met lichtgewonden,9,personenauto,3,Fiets,Op Kruispunt,Gemeenteweg,binnen bebouwde kom,Tss. 2 best.: langs opzij (voor-/achterkant-flank),Geen hindernis
13219,13,Gent,Gent,51.03018,3.70146,1.2148405582945605,51.02860853643433,3.7186508797886577,2019,3,19,44021,Gent,"Sterke wind, rukwind",Droog,"Nacht, openbare verlichting aanwezig en ontstoken",met lichtgewonden,3,Fiets,3,Fiets,Op Kruispunt,Gewestweg,binnen bebouwde kom,Tussen 2 bestuurders: Frontale botsing,Geen hindernis
13223,13,Gent,Gent,51.03018,3.70146,1.960769412965595,51.04584203158039,3.7143450609636353,2019,4,19,44021,Gent,Onbekend,Onbekend,Onbekend,met lichtgewonden,9,personenauto,3,Fiets,Op Kruispunt,Gewestweg,binnen bebouwde kom,Tss. 2 best.: langs opzij (voor-/achterkant-flank),Geen hindernis
13230,13,Gent,Gent,51.03018,3.70146,1.960769412965595,51.04584203158039,3.7143450609636353,2019,3,9,44021,Gent,Normaal,Droog,Dag,met lichtgewonden,9,personenauto,3,Fiets,Op Kruispunt,Gewestweg,binnen bebouwde kom,Tss. 2 best.: langs opzij (voor-/achterkant-flank),Geen hindernis
13239,13,Gent,Gent,51.03018,3.70146,1.9731491815774485,51.04685939435287,3.711091886770069,2019,5,15,44021,Gent,Normaal,Droog,Dag,met lichtgewonden,2,Andere weggebruiker,3,Fiets,Buiten Kruispunt,Gewestweg,binnen bebouwde kom,Tussen 2 bestuurders: Frontale botsing,Geen hindernis
13241,13,Gent,Gent,51.03018,3.70146,1.971357331264637,51.03863472878165,3.72623998902888,2019,4,2,44021,Gent,Normaal,Droog,"Nacht, openbare verlichting aanwezig en ontstoken",met lichtgewonden,9,personenauto,3,Fiets,Op Kruispunt,Gewestweg,binnen bebouwde kom,Tussen 2 bestuurders: Frontale botsing,Geen hindernis
13244,118,Gent teller 1,Gent,51.028049,3.7681359,2.440644884587417,51.041616190728064,3.7406984067155635,2019,5,12,44021,Gent,Normaal,Droog,Dag,met lichtgewonden,3,Fiets,9,personenauto,Op Kruispunt,Gewestweg,binnen bebouwde kom,Tss. 2 best.: langs opzij (voor-/achterkant-flank),Geen hindernis
13244,119,Gent teller 2,Gent,51.0281795,3.7683918,2.445842487298554,51.041616190728064,3.7406984067155635,2019,5,12,44021,Gent,Normaal,Droog,Dag,met lichtgewonden,3,Fiets,9,personenauto,Op Kruispunt,Gewestweg,binnen bebouwde kom,Tss. 2 best.: langs opzij (voor-/achterkant-flank),Geen hindernis
13246,7,Evergem 1,Evergem,51.1089,3.70317,2.268394343948334,51.089464651074664,3.7130422163078802,2019,5,10,44021,Gent,Normaal,Droog,Dag,met lichtgewonden,3,Fiets,9,personenauto,Buiten Kruispunt,Gemeenteweg,binnen bebouwde kom,Tussen 2 bestuurders: Frontale botsing,Geen hindernis
13246,6,Evergem 2,Evergem,51.10894,3.70298,2.2766915147488818,51.089464651074664,3.7130422163078802,2019,5,10,44021,Gent,Normaal,Droog,Dag,met lichtgewonden,3,Fiets,9,personenauto,Buiten Kruispunt,Gemeenteweg,binnen bebouwde kom,Tussen 2 bestuurders: Frontale botsing,Geen hindernis
13247,13,Gent,Gent,51.03018,3.70146,1.381510442412383,51.03322402251824,3.7206136547736577,2019,4,13,44021,Gent,Normaal,Droog,Dag,met lichtgewonden,3,Fiets,9,personenauto,Op Kruispunt,Gewestweg,binnen bebouwde kom,Tss. 2 best.: langs opzij (voor-/achterkant-flank),Geen hindernis
13248,118,Gent teller 1,Gent,51.028049,3.7681359,0.8474853279469875,51.032838934704486,3.758709436764451,2019,5,9,44021,Gent,Normaal,Droog,Dag,met lichtgewonden,9,personenauto,3,Fiets,Buiten Kruispunt,Gewestweg,binnen bebouwde kom,Tss. 2 best.: langs opzij (voor-/achterkant-flank),Geen hindernis
13248,119,Gent teller 2,Gent,51.0281795,3.7683918,0.852582474210183,51.032838934704486,3.758709436764451,2019,5,9,44021,Gent,Normaal,Droog,Dag,met lichtgewonden,9,personenauto,3,Fiets,Buiten Kruispunt,Gewestweg,binnen bebouwde kom,Tss. 2 best.: langs opzij (voor-/achterkant-flank),Geen hindernis
13249,136,Gent R4,Gent,51.0876313,3.7587918,1.786808356716014,51.07201971901027,3.7648522392237647,2019,6,18,44021,Gent,Normaal,Droog,Dag,met lichtgewonden,3,Fiets,11,een weggebruiker tegen een hindernis,Buiten Kruispunt,Gemeenteweg,binnen bebouwde kom,Weggebruiker tegen hindernis buiten rijbaan,Andere hindernis
13251,118,Gent teller 1,Gent,51.028049,3.7681359,2.052135523278464,51.039511852461025,3.7451359701049323,2019,5,16,44021,Gent,Normaal,Proper,Dag,met lichtgewonden,5,Lichte vrachtauto,3,Fiets,Op Kruispunt,Gewestweg,binnen bebouwde kom,Tss. 2 best.: langs opzij (voor-/achterkant-flank),Geen hindernis
13251,119,Gent teller 2,Gent,51.0281795,3.7683918,2.0572676468213476,51.039511852461025,3.7451359701049323,2019,5,16,44021,Gent,Normaal,Proper,Dag,met lichtgewonden,5,Lichte vrachtauto,3,Fiets,Op Kruispunt,Gewestweg,binnen bebouwde kom,Tss. 2 best.: langs opzij (voor-/achterkant-flank),Geen hindernis
13255,118,Gent teller 1,Gent,51.028049,3.7681359,0.8670777914990669,51.03294659266793,3.75848754969325,2019,3,8,44021,Gent,Normaal,Droog,Dag,met lichtgewonden,9,personenauto,3,Fiets,Op Kruispunt,Gewestweg,binnen bebouwde kom,Tss. 2 best.: langs opzij (voor-/achterkant-flank),Geen hindernis
13255,119,Gent teller 2,Gent,51.0281795,3.7683918,0.8721795766362758,51.03294659266793,3.75848754969325,2019,3,8,44021,Gent,Normaal,Droog,Dag,met lichtgewonden,9,personenauto,3,Fiets,Op Kruispunt,Gewestweg,binnen bebouwde kom,Tss. 2 best.: langs opzij (voor-/achterkant-flank),Geen hindernis
13258,13,Gent,Gent,51.03018,3.70146,2.29730169554336,51.046161678456926,3.72228213633745,2019,3,4,44021,Gent,Regenval,"Nat, plassen",Onbekend,met lichtgewonden,9,personenauto,3,Fiets,Op Kruispunt,Gemeenteweg,binnen bebouwde kom,Tussen 2 bestuurders: Frontale botsing,Geen hindernis
13259,118,Gent teller 1,Gent,51.028049,3.7681359,1.9612348795712204,51.03756495181697,3.744521433710235,2019,4,19,44021,Gent,Normaal,Droog,Dag,met lichtgewonden,7,Motorfiets,3,Fiets,Op Kruispunt,Gemeenteweg,binnen bebouwde kom,Tss. 2 best.: langs opzij (voor-/achterkant-flank),Geen hindernis
13259,119,Gent teller 2,Gent,51.0281795,3.7683918,1.9685921445706314,51.03756495181697,3.744521433710235,2019,4,19,44021,Gent,Normaal,Droog,Dag,met lichtgewonden,7,Motorfiets,3,Fiets,Op Kruispunt,Gemeenteweg,binnen bebouwde kom,Tss. 2 best.: langs opzij (voor-/achterkant-flank),Geen hindernis
13260,13,Gent,Gent,51.03018,3.70146,2.135798577134123,51.04124514023544,3.7264271915900538,2019,4,4,44021,Gent,Normaal,Droog,"Nacht, openbare verlichting aanwezig en ontstoken",met zwaargewonden,3,Fiets,11,een weggebruiker tegen een hindernis,Op Kruispunt,Gemeenteweg,binnen bebouwde kom,Weggebruiker tegen hindernis buiten rijbaan,Andere hindernis
13261,13,Gent,Gent,51.03018,3.70146,1.6919456288076413,51.028623571413355,3.7255269472659256,2019,4,3,44021,Gent,Normaal,Droog,"Nacht, openbare verlichting aanwezig en ontstoken",met lichtgewonden,3,Fiets,11,een weggebruiker tegen een hindernis,Op Kruispunt,Gemeenteweg,binnen bebouwde kom,Weggebruiker tegen hindernis buiten rijbaan,Buiten de rijbaan: Andere paal
13265,118,Gent teller 1,Gent,51.028049,3.7681359,2.4914276543606166,51.04275469664612,3.7412535449659026,2019,6,13,44021,Gent,Normaal,Droog,Dag,met lichtgewonden,3,Fiets,8,Voetganger,Buiten Kruispunt,Gemeenteweg,binnen bebouwde kom,Met een voetganger,Geen hindernis
13265,119,Gent teller 2,Gent,51.0281795,3.7683918,2.4955050164045796,51.04275469664612,3.7412535449659026,2019,6,13,44021,Gent,Normaal,Droog,Dag,met lichtgewonden,3,Fiets,8,Voetganger,Buiten Kruispunt,Gemeenteweg,binnen bebouwde kom,Met een voetganger,Geen hindernis
13268,118,Gent teller 1,Gent,51.028049,3.7681359,2.28217514096269,51.03359595736681,3.736715584613713,2019,4,18,44021,Gent,Normaal,Droog,Dageraad - schemering,met lichtgewonden,9,personenauto,3,Fiets,Op Kruispunt,Gemeenteweg,binnen bebouwde kom,Tss. 2 best.: langs opzij (voor-/achterkant-flank),Geen hindernis
13268,119,Gent teller 2,Gent,51.0281795,3.7683918,2.2955566860511434,51.03359595736681,3.736715584613713,2019,4,18,44021,Gent,Normaal,Droog,Dageraad - schemering,met lichtgewonden,9,personenauto,3,Fiets,Op Kruispunt,Gemeenteweg,binnen bebouwde kom,Tss. 2 best.: langs opzij (voor-/achterkant-flank),Geen hindernis
13268,13,Gent,Gent,51.03018,3.70146,2.4944810212939617,51.03359595736681,3.736715584613713,2019,4,18,44021,Gent,Normaal,Droog,Dageraad - schemering,met lichtgewonden,9,personenauto,3,Fiets,Op Kruispunt,Gemeenteweg,binnen bebouwde kom,Tss. 2 best.: langs opzij (voor-/achterkant-flank),Geen hindernis
13270,136,Gent R4,Gent,51.0876313,3.7587918,2.4076662382761516,51.075274428005045,3.7304886186640043,2019,5,12,44021,Gent,Normaal,Droog,Dag,met lichtgewonden,3,Fiets,3,Fiets,Op Kruispunt,Gemeenteweg,binnen bebouwde kom,Tss. 2 best.: langs opzij (voor-/achterkant-flank),Geen hindernis
13271,13,Gent,Gent,51.03018,3.70146,1.711414687677045,51.03205252278673,3.7257513534352737,2019,4,10,44021,Gent,Normaal,Droog,Dag,met lichtgewonden,3,Fiets,4,Vrachtwagen,Op Kruispunt,Gemeenteweg,buiten bebouwde kom,Tussen 2 bestuurders: Flank tegen flank,Geen hindernis
13272,13,Gent,Gent,51.03018,3.70146,1.332013830755521,51.041692321296715,3.7067258604275546,2019,4,18,44021,Gent,Normaal,Droog,Dag,met lichtgewonden,3,Fiets,9,personenauto,Op Kruispunt,Gemeenteweg,binnen bebouwde kom,Tss. 2 best.: langs opzij (voor-/achterkant-flank),Geen hindernis
13275,13,Gent,Gent,51.03018,3.70146,2.216136697653395,51.04656789926022,3.719498135968896,2019,4,15,44021,Gent,Regenval,"Nat, plassen",Dag,met lichtgewonden,3,Fiets,3,Fiets,Buiten Kruispunt,Gemeenteweg,binnen bebouwde kom,Tss. 2 best.: langs opzij (voor-/achterkant-flank),Geen hindernis
13277,13,Gent,Gent,51.03018,3.70146,2.326876013702099,51.012920221956385,3.7202703384205438,2019,6,16,44021,Gent,Normaal,Droog,Dag,met lichtgewonden,9,personenauto,3,Fiets,Op Kruispunt,Gemeenteweg,binnen bebouwde kom,Tussen 2 bestuurders: Frontale botsing,Geen hindernis
13279,118,Gent teller 1,Gent,51.028049,3.7681359,2.274084258093609,51.037197820312244,3.739050959693788,2019,5,8,44021,Gent,Normaal,Droog,Dag,met lichtgewonden,3,Fiets,2,Andere weggebruiker,Op Kruispunt,Gewestweg,binnen bebouwde kom,Tss. 2 best.: langs opzij (voor-/achterkant-flank),Geen hindernis
13279,119,Gent teller 2,Gent,51.0281795,3.7683918,2.2836908685265467,51.037197820312244,3.739050959693788,2019,5,8,44021,Gent,Normaal,Droog,Dag,met lichtgewonden,3,Fiets,2,Andere weggebruiker,Op Kruispunt,Gewestweg,binnen bebouwde kom,Tss. 2 best.: langs opzij (voor-/achterkant-flank),Geen hindernis