crash_row_id,site_id,site_name,site_gemeente,site_lat,site_long,distance_km,crash_lat,crash_long,DT_YEAR_COLLISION,DT_MONTH_COLLISION,DT_TIME,CD_NIS,TX_MUNTY_COLLISION_NL,TX_WEATHER_NL,TX_ROAD_CONDITION_NL,TX_LIGHT_CONDITION_NL,TX_CLASS_ACCIDENTS_NL,CD_ROAD_USR_TYPE1,TX_ROAD_USR_TYPE1_NL,CD_ROAD_USR_TYPE2,TX_ROAD_USR_TYPE2_NL,TX_CROSSWAY_NL,CD_ROAD_TYPE_NL,TX_BUILD_UP_AREA_NL,TX_COLLISION_TYPE_NL,TX_OBSTACLES_NL
13280,119,Gent teller 2,Gent,51.0281795,3.7683918,2.3312674491682928,51.046891432068826,3.753353586440629,2019,3,15,44021,Gent,Normaal,Droog,Dag,met lichtgewonden,3,Fiets,3,Fiets,Op Kruispunt,Gemeenteweg,binnen bebouwde kom,Tss. 2 best.: langs opzij (voor-/achterkant-flank),Geen hindernis
13280,118,Gent teller 1,Gent,51.028049,3.7681359,2.3362574798807367,51.046891432068826,3.753353586440629,2019,3,15,44021,Gent,Normaal,Droog,Dag,met lichtgewonden,3,Fiets,3,Fiets,Op Kruispunt,Gemeenteweg,binnen bebouwde kom,Tss. 2 best.: langs opzij (voor-/achterkant-flank),Geen hindernis
13282,13,Gent,Gent,51.03018,3.70146,1.996451694844388,51.030421616413314,3.730006080421762,2019,5,6,44021,Gent,Normaal,Droog,Dageraad - schemering,met lichtgewonden,3,Fiets,10,"één bestuurder, geen hindernis",Op Kruispunt,Gemeenteweg,binnen bebouwde kom,"Eén bestuurder, geen hindernis (incl. val)",Geen hindernis
13284,13,Gent,Gent,51.03018,3.70146,2.416689486094627,51.0467717889768,3.723785440397645,2019,3,0,44021,Gent,"Sterke wind, rukwind","Vuil (zand, grint, bladeren,...)","Nacht, openbare verlichting aanwezig en ontstoken",met zwaargewonden,3,Fiets,11,een weggebruiker tegen een hindernis,Buiten Kruispunt,Gemeenteweg,binnen bebouwde kom,Weggebruiker tegen hindernis op de rijbaan,"Op de rijbaan: Werken (signal., aarde, toestel,…)"
13285,118,Gent teller 1,Gent,51.028049,3.7681359,1.8251069075033164,51.03266624536965,3.7430912923049755,2019,3,14,44021,Gent,Normaal,Droog,Dag,met lichtgewonden,3,Fiets,11,een weggebruiker tegen een hindernis,Buiten Kruispunt,Gewestweg,binnen bebouwde kom,Weggebruiker tegen hindernis op de rijbaan,"Op de rijbaan: Verkeersdrempel, ezelsrug"
13285,119,Gent teller 2,Gent,51.0281795,3.7683918,1.8382930598613327,51.03266624536965,3.7430912923049755,2019,3,14,44021,Gent,Normaal,Droog,Dag,met lichtgewonden,3,Fiets,11,een weggebruiker tegen een hindernis,Buiten Kruispunt,Gewestweg,binnen bebouwde kom,Weggebruiker tegen hindernis op de rijbaan,"Op de rijbaan: Verkeersdrempel, ezelsrug"
13288,13,Gent,Gent,51.03018,3.70146,1.6251258810716396,51.043367025808074,3.7114804756016126,2019,4,8,44021,Gent,Normaal,Droog,Dag,met lichtgewonden,9,personenauto,3,Fiets,Op Kruispunt,Gewestweg,binnen bebouwde kom,Tussen 2 bestuurders: Frontale botsing,Geen hindernis
13293,118,Gent teller 1,Gent,51.028049,3.7681359,0.933473585598924,51.02022061634854,3.7633159607093156,2019,3,0,44021,Gent,Normaal,"Nat, plassen+Proper","Nacht, openbare verlichting aanwezig en ontstoken",met lichtgewonden,3,Fiets,9,personenauto,Buiten Kruispunt,Gemeenteweg,binnen bebouwde kom,Tussen 2 bestuurders: Frontale botsing,Geen hindernis
13293,119,Gent teller 2,Gent,51.0281795,3.7683918,0.9535373386308034,51.02022061634854,3.7633159607093156,2019,3,0,44021,Gent,Normaal,"Nat, plassen+Proper","Nacht, openbare verlichting aanwezig en ontstoken",met lichtgewonden,3,Fiets,9,personenauto,Buiten Kruispunt,Gemeenteweg,binnen bebouwde kom,Tussen 2 bestuurders: Frontale botsing,Geen hindernis
13296,136,Gent R4,Gent,51.0876313,3.7587918,2.255747156216404,51.06817603894445,3.7496438453915286,2019,3,3,44021,Gent,Regenval,"Nat, plassen","Nacht, openbare verlichting aanwezig en ontstoken",met lichtgewonden,3,Fiets,9,personenauto,Op Kruispunt,Gemeenteweg,binnen bebouwde kom,Tussen 2 bestuurders: Flank tegen flank,Geen hindernis
13300,13,Gent,Gent,51.03018,3.70146,1.8144757575276125,51.04208142126025,3.7192134227103457,2019,4,22,44021,Gent,Normaal,Droog,"Nacht, openbare verlichting aanwezig en ontstoken",met lichtgewonden,9,personenauto,3,Fiets,Op Kruispunt,Gewestweg,binnen bebouwde kom,Tussen 2 bestuurders: Flank tegen flank,Geen hindernis
13304,13,Gent,Gent,51.03018,3.70146,1.7329746769146426,51.02833500968692,3.6768537893331166,2019,4,20,44021,Gent,Onbekend,Onbekend,Onbekend,met lichtgewonden,3,Fiets,3,Fiets,Buiten Kruispunt,Gemeenteweg,binnen bebouwde kom,Tussen 2 bestuurders: Flank tegen flank,Geen hindernis
13305,136,Gent R4,Gent,51.0876313,3.7587918,2.4765558646071835,51.0737489954429,3.731068550943728,2019,5,0,44021,Gent,Normaal,Droog,"Nacht, openbare verlichting aanwezig en ontstoken",met lichtgewonden,3,Fiets,10,"één bestuurder, geen hindernis",Buiten Kruispunt,Gemeenteweg,binnen bebouwde kom,"Eén bestuurder, geen hindernis (incl. val)",Geen hindernis
13306,13,Gent,Gent,51.03018,3.70146,2.214453958086795,51.03906953811375,3.729798905221974,2019,5,20,44021,Gent,Normaal,Droog,Dag,met lichtgewonden,3,Fiets,3,Fiets,Buiten Kruispunt,Gemeenteweg,binnen bebouwde kom,Tussen 2 bestuurders: Frontale botsing,Geen hindernis
13310,13,Gent,Gent,51.03018,3.70146,2.1930497015627055,51.04341317054788,3.724716301122767,2019,4,8,44021,Gent,Normaal,Droog,Dag,met lichtgewonden,9,personenauto,3,Fiets,Op Kruispunt,Gemeenteweg,binnen bebouwde kom,Tussen 2 bestuurders: Flank tegen flank,Geen hindernis
13313,13,Gent,Gent,51.03018,3.70146,2.0938370040941123,51.039744229530385,3.7272541778158694,2019,4,21,44021,Gent,Normaal,Droog,"Nacht, openbare verlichting aanwezig en ontstoken",met lichtgewonden,9,personenauto,3,Fiets,Op Kruispunt,Gemeenteweg,binnen bebouwde kom,Tss. 2 best.: langs opzij (voor-/achterkant-flank),Geen hindernis
13314,118,Gent teller 1,Gent,51.028049,3.7681359,2.2789129234964434,51.03168253448865,3.7360646635837487,2019,4,13,44021,Gent,Normaal,Droog,Dag,met lichtgewonden,5,Lichte vrachtauto,3,Fiets,Buiten Kruispunt,Gemeenteweg,binnen bebouwde kom,Tussen 2 bestuurders: Flank tegen flank,Geen hindernis
13314,119,Gent teller 2,Gent,51.0281795,3.7683918,2.2940156786334294,51.03168253448865,3.7360646635837487,2019,4,13,44021,Gent,Normaal,Droog,Dag,met lichtgewonden,5,Lichte vrachtauto,3,Fiets,Buiten Kruispunt,Gemeenteweg,binnen bebouwde kom,Tussen 2 bestuurders: Flank tegen flank,Geen hindernis
13314,13,Gent,Gent,51.03018,3.70146,2.4256845792450363,51.03168253448865,3.7360646635837487,2019,4,13,44021,Gent,Normaal,Droog,Dag,met lichtgewonden,5,Lichte vrachtauto,3,Fiets,Buiten Kruispunt,Gemeenteweg,binnen bebouwde kom,Tussen 2 bestuurders: Flank tegen flank,Geen hindernis
13354,119,Gent teller 2,Gent,51.0281795,3.7683918,0.8254353866873706,51.022421672968854,3.775841056885225,2019,5,16,44040,Melle,Normaal,Droog,Dag,met lichtgewonden,7,Motorfiets,3,Fiets,Buiten Kruispunt,Gewestweg,buiten bebouwde kom,Tss. 2 best.: langs opzij (voor-/achterkant-flank),Geen hindernis
13354,118,Gent teller 1,Gent,51.028049,3.7681359,0.8257985030890629,51.022421672968854,3.775841056885225,2019,5,16,44040,Melle,Normaal,Droog,Dag,met lichtgewonden,7,Motorfiets,3,Fiets,Buiten Kruispunt,Gewestweg,buiten bebouwde kom,Tss. 2 best.: langs opzij (voor-/achterkant-flank),Geen hindernis
13356,118,Gent teller 1,Gent,51.028049,3.7681359,1.2722905170657695,51.018620654571414,3.757829616906078,2019,3,7,44043,Merelbeke,Normaal,Droog,Dag,met lichtgewonden,3,Fiets,9,personenauto,Op Kruispunt,Gemeenteweg,binnen bebouwde kom,Tss. 2 best.: langs opzij (voor-/achterkant-flank),Geen hindernis
13356,119,Gent teller 2,Gent,51.0281795,3.7683918,1.2944041584519492,51.018620654571414,3.757829616906078,2019,3,7,44043,Merelbeke,Normaal,Droog,Dag,met lichtgewonden,3,Fiets,9,personenauto,Op Kruispunt,Gemeenteweg,binnen bebouwde kom,Tss. 2 best.: langs opzij (voor-/achterkant-flank),Geen hindernis
13362,116,Melle teller 2,Melle,50.9986113,3.8040599,0.5909402994184834,51.00242271114133,3.7981747747997017,2019,3,16,44040,Melle,Normaal,Droog,Dag,met lichtgewonden,3,Fiets,3,Fiets,Op Kruispunt,Gemeenteweg,binnen bebouwde kom,Tussen 2 bestuurders: Frontale botsing,Geen hindernis
13362,117,Melle teller 1,Melle,50.9986113,3.8040599,0.5909402994184834,51.00242271114133,3.7981747747997017,2019,3,16,44040,Melle,Normaal,Droog,Dag,met lichtgewonden,3,Fiets,3,Fiets,Op Kruispunt,Gemeenteweg,binnen bebouwde kom,Tussen 2 bestuurders: Frontale botsing,Geen hindernis
13363,119,Gent teller 2,Gent,51.0281795,3.7683918,0.5493636779599833,51.02571850114411,3.77520306805645,2019,3,16,44040,Melle,Normaal,Droog,Dag,met lichtgewonden,3,Fiets,11,een weggebruiker tegen een hindernis,Buiten Kruispunt,Gewestweg,binnen bebouwde kom,Weggebruiker tegen hindernis buiten rijbaan,Andere hindernis
13363,118,Gent teller 1,Gent,51.028049,3.7681359,0.5580686735853525,51.02571850114411,3.77520306805645,2019,3,16,44040,Melle,Normaal,Droog,Dag,met lichtgewonden,3,Fiets,11,een weggebruiker tegen een hindernis,Buiten Kruispunt,Gewestweg,binnen bebouwde kom,Weggebruiker tegen hindernis buiten rijbaan,Andere hindernis
13367,118,Gent teller 1,Gent,51.028049,3.7681359,1.2722905170657695,51.018620654571414,3.757829616906078,2019,6,12,44043,Merelbeke,Normaal,Droog,Dag,met zwaargewonden,9,personenauto,3,Fiets,Op Kruispunt,Gemeenteweg,binnen bebouwde kom,Tss. 2 best.: langs opzij (voor-/achterkant-flank),Geen hindernis
13367,119,Gent teller 2,Gent,51.0281795,3.7683918,1.2944041584519492,51.018620654571414,3.757829616906078,2019,6,12,44043,Merelbeke,Normaal,Droog,Dag,met zwaargewonden,9,personenauto,3,Fiets,Op Kruispunt,Gemeenteweg,binnen bebouwde kom,Tss. 2 best.: langs opzij (voor-/achterkant-flank),Geen hindernis
13371,116,Melle teller 2,Melle,50.9986113,3.8040599,0.2550757160277464,51.000198573720574,3.8066914861634777,2019,3,16,44040,Melle,Normaal,Droog,Dag,met lichtgewonden,3,Fiets,9,personenauto,Buiten Kruispunt,Gewestweg,binnen bebouwde kom,Tss. 2 best.: langs opzij (voor-/achterkant-flank),Geen hindernis
13371,117,Melle teller 1,Melle,50.9986113,3.8040599,0.2550757160277464,51.000198573720574,3.8066914861634777,2019,3,16,44040,Melle,Normaal,Droog,Dag,met lichtgewonden,3,Fiets,9,personenauto,Buiten Kruispunt,Gewestweg,binnen bebouwde kom,Tss. 2 best.: langs opzij (voor-/achterkant-flank),Geen hindernis
13377,116,Melle teller 2,Melle,50.9986113,3.8040599,1.509402006589035,51.009795977269576,3.7918360959284834,2019,6,13,44040,Melle,Normaal,Droog,Dag,met lichtgewonden,3,Fiets,10,"één bestuurder, geen hindernis",Buiten Kruispunt,Gewestweg,buiten bebouwde kom,"Eén bestuurder, geen hindernis (incl. val)",Geen hindernis
13377,117,Melle teller 1,Melle,50.9986113,3.8040599,1.509402006589035,51.009795977269576,3.7918360959284834,2019,6,13,44040,Melle,Normaal,Droog,Dag,met lichtgewonden,3,Fiets,10,"één bestuurder, geen hindernis",Buiten Kruispunt,Gewestweg,buiten bebouwde kom,"Eén bestuurder, geen hindernis (incl. val)",Geen hindernis
13383,114,Deinze teller 1,Nazareth,50.9598305,3.555502,0.44503469040492916,50.95749026436058,3.5606566095144196,2019,4,7,44048,Nazareth,Normaal,"Nat, plassen",Dag,met lichtgewonden,3,Fiets,3,Fiets,Buiten Kruispunt,Gewestweg,buiten bebouwde kom,Tussen 2 bestuurders: Flank tegen flank,Geen hindernis
13383,113,Deinze teller 2,Deinze,50.96018,3.55578,0.45399468123253417,50.95749026436058,3.5606566095144196,2019,4,7,44048,Nazareth,Normaal,"Nat, plassen",Dag,met lichtgewonden,3,Fiets,3,Fiets,Buiten Kruispunt,Gewestweg,buiten bebouwde kom,Tussen 2 bestuurders: Flank tegen flank,Geen hindernis
13386,114,Deinze teller 1,Nazareth,50.9598305,3.555502,0.5390532291663326,50.95677065719688,3.5614715768200367,2019,3,17,44048,Nazareth,Onbekend,Onbekend,Onbekend,met lichtgewonden,3,Fiets,6,Bromfiets,Buiten Kruispunt,Gewestweg,onbekend,Tss. 2 best.: langs opzij (voor-/achterkant-flank),Geen hindernis
13386,113,Deinze teller 2,Deinze,50.96018,3.55578,0.5501178262803205,50.95677065719688,3.5614715768200367,2019,3,17,44048,Nazareth,Onbekend,Onbekend,Onbekend,met lichtgewonden,3,Fiets,6,Bromfiets,Buiten Kruispunt,Gewestweg,onbekend,Tss. 2 best.: langs opzij (voor-/achterkant-flank),Geen hindernis
13388,114,Deinze teller 1,Nazareth,50.9598305,3.555502,0.3479833527860964,50.95804240880253,3.5595795446688894,2019,3,12,44048,Nazareth,Normaal,Droog,Dag,met lichtgewonden,3,Fiets,11,een weggebruiker tegen een hindernis,Buiten Kruispunt,Gewestweg,buiten bebouwde kom,Weggebruiker tegen hindernis op de rijbaan,"Op de rijbaan: Verkeersdrempel, ezelsrug"
13388,113,Deinze teller 2,Deinze,50.96018,3.55578,0.35681068010364586,50.95804240880253,3.5595795446688894,2019,3,12,44048,Nazareth,Normaal,Droog,Dag,met lichtgewonden,3,Fiets,11,een weggebruiker tegen een hindernis,Buiten Kruispunt,Gewestweg,buiten bebouwde kom,Weggebruiker tegen hindernis op de rijbaan,"Op de rijbaan: Verkeersdrempel, ezelsrug"
13398,7,Evergem 1,Evergem,51.1089,3.70317,0.36831932879220486,51.107259180688374,3.7077529484710934,2019,4,11,44019,Evergem,Normaal,Droog,Dag,met lichtgewonden,3,Fiets,11,een weggebruiker tegen een hindernis,Buiten Kruispunt,Gemeenteweg,binnen bebouwde kom,Weggebruiker tegen hindernis buiten rijbaan,Andere hindernis
13398,6,Evergem 2,Evergem,51.10894,3.70298,0.3820549183127724,51.107259180688374,3.7077529484710934,2019,4,11,44019,Evergem,Normaal,Droog,Dag,met lichtgewonden,3,Fiets,11,een weggebruiker tegen een hindernis,Buiten Kruispunt,Gemeenteweg,binnen bebouwde kom,Weggebruiker tegen hindernis buiten rijbaan,Andere hindernis
13399,6,Evergem 2,Evergem,51.10894,3.70298,0.5164550448311122,51.11003034120048,3.6957889349194346,2019,5,15,44019,Evergem,Normaal,Droog,Dag,met lichtgewonden,5,Lichte vrachtauto,3,Fiets,Buiten Kruispunt,Gemeenteweg,binnen bebouwde kom,Tss. 2 best.: langs opzij (voor-/achterkant-flank),Geen hindernis
13399,7,Evergem 1,Evergem,51.1089,3.70317,0.5303943836363272,51.11003034120048,3.6957889349194346,2019,5,15,44019,Evergem,Normaal,Droog,Dag,met lichtgewonden,5,Lichte vrachtauto,3,Fiets,Buiten Kruispunt,Gemeenteweg,binnen bebouwde kom,Tss. 2 best.: langs opzij (voor-/achterkant-flank),Geen hindernis
13403,7,Evergem 1,Evergem,51.1089,3.70317,1.7839314973638256,51.11840552395497,3.7237570392355503,2019,4,20,44019,Evergem,Normaal,Droog,Dag,met zwaargewonden,3,Fiets,11,een weggebruiker tegen een hindernis,Buiten Kruispunt,Gemeenteweg,binnen bebouwde kom,Weggebruiker tegen hindernis buiten rijbaan,Buiten de rijbaan: Boom
13403,6,Evergem 2,Evergem,51.10894,3.70298,1.7920166456394049,51.11840552395497,3.7237570392355503,2019,4,20,44019,Evergem,Normaal,Droog,Dag,met zwaargewonden,3,Fiets,11,een weggebruiker tegen een hindernis,Buiten Kruispunt,Gemeenteweg,binnen bebouwde kom,Weggebruiker tegen hindernis buiten rijbaan,Buiten de rijbaan: Boom
13408,115,Aalter,Aalter,51.1058367,3.4350591,2.227707814693749,51.10563690073841,3.46696503392891,2019,6,8,44084,Aalter,Normaal,Proper,Dag,met lichtgewonden,3,Fiets,11,een weggebruiker tegen een hindernis,Buiten Kruispunt,Gemeenteweg,buiten bebouwde kom,Weggebruiker tegen hindernis op de rijbaan,Op de rijbaan: Dier (wild dier)
13410,115,Aalter,Aalter,51.1058367,3.4350591,2.2896925443137017,51.086440169461596,3.4460671510964964,2019,5,21,44084,Aalter,Normaal,Droog,Dag,met zwaargewonden,3,Fiets,10,"één bestuurder, geen hindernis",Buiten Kruispunt,Gemeenteweg,binnen bebouwde kom,"Eén bestuurder, geen hindernis (incl. val)",Geen hindernis
13411,115,Aalter,Aalter,51.1058367,3.4350591,1.7453719136826904,51.104069683536515,3.459898779324236,2019,3,12,44084,Aalter,Onbekend,Onbekend,Dag,met lichtgewonden,3,Fiets,3,Fiets,Buiten Kruispunt,Gemeenteweg,binnen bebouwde kom,Tussen 2 bestuurders: Frontale botsing,Geen hindernis
13413,115,Aalter,Aalter,51.1058367,3.4350591,1.7371125846295388,51.091365410442556,3.444430736836163,2019,3,2,44084,Aalter,Regenval,"Nat, plassen",Onbekend,met lichtgewonden,3,Fiets,9,personenauto,Buiten Kruispunt,Gemeenteweg,binnen bebouwde kom,Tussen 2 bestuurders: Langs achteren,Geen hindernis
13414,115,Aalter,Aalter,51.1058367,3.4350591,1.5288116951433812,51.096953081899066,3.418348144148938,2019,5,17,44084,Aalter,Normaal,Droog,Dag,met zwaargewonden,3,Fiets,2,Andere weggebruiker,Op Kruispunt,Gemeenteweg,buiten bebouwde kom,Tss. 2 best.: langs opzij (voor-/achterkant-flank),Geen hindernis
13511,126,Hamme totem,Hamme,51.1017709,4.1469307,2.414176801213292,51.11336838123497,4.176163577375594,2019,5,8,46025,Temse,Normaal,Droog,Dag,met lichtgewonden,9,personenauto,3,Fiets,Op Kruispunt,Gemeenteweg,binnen bebouwde kom,Tss. 2 best.: langs opzij (voor-/achterkant-flank),Geen hindernis
13514,126,Hamme totem,Hamme,51.1017709,4.1469307,1.8228074421927305,51.11444561865052,4.163488863882105,2019,5,17,46025,Temse,Normaal,Droog,Dag,met lichtgewonden,9,personenauto,3,Fiets,Op Kruispunt,Gemeenteweg,binnen bebouwde kom,Tss. 2 best.: langs opzij (voor-/achterkant-flank),Geen hindernis
13522,126,Hamme totem,Hamme,51.1017709,4.1469307,1.893636211452882,51.114053295735154,4.1657194011886824,2019,3,19,46025,Temse,Normaal,Droog,"Nacht, openb. verlicht. aanw., maar niet ontstoken",met lichtgewonden,3,Fiets,3,Fiets,Buiten Kruispunt,Gemeenteweg,binnen bebouwde kom,Tussen 2 bestuurders: Frontale botsing,Geen hindernis
13523,126,Hamme totem,Hamme,51.1017709,4.1469307,1.4011890719797633,51.11416017543297,4.143265357257676,2019,3,7,46025,Temse,Normaal,Droog,Dageraad - schemering,met lichtgewonden,9,personenauto,3,Fiets,Op Kruispunt,Gewestweg,buiten bebouwde kom,Tss. 2 best.: langs opzij (voor-/achterkant-flank),Geen hindernis
13527,141,Test site A support,Lokeren,51.08342085,3.9961071208376326,1.672182327960336,51.09470297700759,4.011937169014898,2019,3,18,46014,Lokeren,Normaal,Onbekend,Dageraad - schemering,met lichtgewonden,9,personenauto,3,Fiets,Op Kruispunt,Gewestweg,buiten bebouwde kom,Tss. 2 best.: langs opzij (voor-/achterkant-flank),Geen hindernis
13529,141,Test site A support,Lokeren,51.08342085,3.9961071208376326,1.67363535293914,51.09641356882054,4.008204258402136,2019,4,7,46014,Lokeren,Normaal,Droog,Dag,met lichtgewonden,5,Lichte vrachtauto,3,Fiets,Op Kruispunt,Gewestweg,buiten bebouwde kom,Tss. 2 best.: langs opzij (voor-/achterkant-flank),Geen hindernis
13530,128,Lokeren teller 1,Lokeren,51.09644,3.97023,1.6366066228120175,51.10604456684705,3.987990570744614,2019,3,16,46014,Lokeren,Normaal,Droog,Dag,met lichtgewonden,9,personenauto,3,Fiets,Buiten Kruispunt,Gemeenteweg,binnen bebouwde kom,Tussen 2 bestuurders: Langs achteren,Geen hindernis
13530,129,Lokeren teller 2,Lokeren,51.09612,3.97025,1.6590053499624835,51.10604456684705,3.987990570744614,2019,3,16,46014,Lokeren,Normaal,Droog,Dag,met lichtgewonden,9,personenauto,3,Fiets,Buiten Kruispunt,Gemeenteweg,binnen bebouwde kom,Tussen 2 bestuurders: Langs achteren,Geen hindernis
13531,141,Test site A support,Lokeren,51.08342085,3.9961071208376326,1.9665998933203874,51.10097488692186,3.999541374576678,2019,3,11,46014,Lokeren,Normaal,Droog,Dag,met lichtgewonden,3,Fiets,9,personenauto,Op Kruispunt,Gewestweg,binnen bebouwde kom,Tss. 2 best.: langs opzij (voor-/achterkant-flank),Geen hindernis
13531,128,Lokeren teller 1,Lokeren,51.09644,3.97023,2.107963500192439,51.10097488692186,3.999541374576678,2019,3,11,46014,Lokeren,Normaal,Droog,Dag,met lichtgewonden,3,Fiets,9,personenauto,Op Kruispunt,Gewestweg,binnen bebouwde kom,Tss. 2 best.: langs opzij (voor-/achterkant-flank),Geen hindernis
13531,129,Lokeren teller 2,Lokeren,51.09612,3.97025,2.1154137982275993,51.10097488692186,3.999541374576678,2019,3,11,46014,Lokeren,Normaal,Droog,Dag,met lichtgewonden,3,Fiets,9,personenauto,Op Kruispunt,Gewestweg,binnen bebouwde kom,Tss. 2 best.: langs opzij (voor-/achterkant-flank),Geen hindernis
13532,141,Test site A support,Lokeren,51.08342085,3.9961071208376326,2.2041816771638576,51.103030457751665,4.000722355903552,2019,3,9,46014,Lokeren,Regenval,"Nat, plassen",Dag,met lichtgewonden,9,personenauto,3,Fiets,Op Kruispunt,Gewestweg,binnen bebouwde kom,Tss. 2 best.: langs opzij (voor-/achterkant-flank),Geen hindernis
13532,128,Lokeren teller 1,Lokeren,51.09644,3.97023,2.251764603584333,51.103030457751665,4.000722355903552,2019,3,9,46014,Lokeren,Regenval,"Nat, plassen",Dag,met lichtgewonden,9,personenauto,3,Fiets,Op Kruispunt,Gewestweg,binnen bebouwde kom,Tss. 2 best.: langs opzij (voor-/achterkant-flank),Geen hindernis
13532,129,Lokeren teller 2,Lokeren,51.09612,3.97025,2.262288137379181,51.103030457751665,4.000722355903552,2019,3,9,46014,Lokeren,Regenval,"Nat, plassen",Dag,met lichtgewonden,9,personenauto,3,Fiets,Op Kruispunt,Gewestweg,binnen bebouwde kom,Tss. 2 best.: langs opzij (voor-/achterkant-flank),Geen hindernis
13533,128,Lokeren teller 1,Lokeren,51.09644,3.97023,1.6932427549908178,51.110342753935484,3.9801239598371057,2019,3,17,46014,Lokeren,Normaal,Droog,Dag,met lichtgewonden,9,personenauto,3,Fiets,Buiten Kruispunt,Gewestweg,binnen bebouwde kom,Tss. 2 best.: langs opzij (voor-/achterkant-flank),Geen hindernis
13533,129,Lokeren teller 2,Lokeren,51.09612,3.97025,1.7252326685185426,51.110342753935484,3.9801239598371057,2019,3,17,46014,Lokeren,Normaal,Droog,Dag,met lichtgewonden,9,personenauto,3,Fiets,Buiten Kruispunt,Gewestweg,binnen bebouwde kom,Tss. 2 best.: langs opzij (voor-/achterkant-flank),Geen hindernis
13534,141,Test site A support,Lokeren,51.08342085,3.9961071208376326,1.5346484815792398,51.09455764883124,4.009085290074805,2019,3,12,46014,Lokeren,Normaal,Droog,Dag,met lichtgewonden,9,personenauto,3,Fiets,Buiten Kruispunt,Gewestweg,buiten bebouwde kom,Tss. 2 best.: langs opzij (voor-/achterkant-flank),Geen hindernis
13535,141,Test site A support,Lokeren,51.08342085,3.9961071208376326,1.67363535293914,51.09641356882054,4.008204258402136,2019,5,13,46014,Lokeren,Normaal,Droog,Dag,met lichtgewonden,9,personenauto,3,Fiets,Op Kruispunt,Gewestweg,buiten bebouwde kom,Tss. 2 best.: langs opzij (voor-/achterkant-flank),Geen hindernis
13536,126,Hamme totem,Hamme,51.1017709,4.1469307,1.7182950159951216,51.089720089624606,4.13152783469513,2019,5,14,42008,Hamme,Normaal,Droog,Dag,met lichtgewonden,3,Fiets,5,Lichte vrachtauto,Buiten Kruispunt,Gemeenteweg,binnen bebouwde kom,Tss. 2 best.: langs opzij (voor-/achterkant-flank),Geen hindernis
13541,126,Hamme totem,Hamme,51.1017709,4.1469307,1.228137930935791,51.09817183203776,4.130302238507058,2019,4,17,42008,Hamme,Normaal,Droog,Dag,met lichtgewonden,9,personenauto,3,Fiets,Op Kruispunt,Gemeenteweg,binnen bebouwde kom,Tss. 2 best.: langs opzij (voor-/achterkant-flank),Geen hindernis
13542,126,Hamme totem,Hamme,51.1017709,4.1469307,1.389259887086706,51.098054329637975,4.127935466157464,2019,5,18,42008,Hamme,Onbekend,Droog,Dag,met lichtgewonden,3,Fiets,3,Fiets,Buiten Kruispunt,Gemeenteweg,binnen bebouwde kom,Tss. 2 best.: langs opzij (voor-/achterkant-flank),Geen hindernis
13543,126,Hamme totem,Hamme,51.1017709,4.1469307,0.864570136050989,51.094458549700505,4.142722372955345,2019,5,12,42008,Hamme,Normaal,"Nat, plassen",Dag,met lichtgewonden,2,Andere weggebruiker,3,Fiets,Op Kruispunt,Gewestweg,binnen bebouwde kom,Tussen 2 bestuurders: Flank tegen flank,Geen hindernis
13546,126,Hamme totem,Hamme,51.1017709,4.1469307,0.8232919355855501,51.09454007233364,4.144395365604193,2019,5,18,42008,Hamme,Normaal,Droog,Dag,met lichtgewonden,3,Fiets,9,personenauto,Buiten Kruispunt,Gemeenteweg,binnen bebouwde kom,Tss. 2 best.: langs opzij (voor-/achterkant-flank),Geen hindernis
13547,120,Zele teller 1,Zele,51.0607671,4.0547741,2.229548890308453,51.07939324368074,4.042960874758004,2019,5,12,42028,Zele,Normaal,Droog,Dag,met zwaargewonden,3,Fiets,9,personenauto,Op Kruispunt,Gemeenteweg,buiten bebouwde kom,Tss. 2 best.: langs opzij (voor-/achterkant-flank),Geen hindernis
13547,121,Zele teller 2,Zele,51.0604067,4.0556696,2.2903507522879574,51.07939324368074,4.042960874758004,2019,5,12,42028,Zele,Normaal,Droog,Dag,met zwaargewonden,3,Fiets,9,personenauto,Op Kruispunt,Gemeenteweg,buiten bebouwde kom,Tss. 2 best.: langs opzij (voor-/achterkant-flank),Geen hindernis
13550,120,Zele teller 1,Zele,51.0607671,4.0547741,2.423460840558242,51.056104355975116,4.020901127170289,2019,5,15,42028,Zele,Normaal,Droog,Dag,met lichtgewonden,9,personenauto,3,Fiets,Op Kruispunt,Gemeenteweg,buiten bebouwde kom,Tussen 2 bestuurders: Langs achteren,Geen hindernis
13550,121,Zele teller 2,Zele,51.0604067,4.0556696,2.4765904808403576,51.056104355975116,4.020901127170289,2019,5,15,42028,Zele,Normaal,Droog,Dag,met lichtgewonden,9,personenauto,3,Fiets,Op Kruispunt,Gemeenteweg,buiten bebouwde kom,Tussen 2 bestuurders: Langs achteren,Geen hindernis