crash_row_id,site_id,site_name,site_gemeente,site_lat,site_long,distance_km,crash_lat,crash_long,DT_YEAR_COLLISION,DT_MONTH_COLLISION,DT_TIME,CD_NIS,TX_MUNTY_COLLISION_NL,TX_WEATHER_NL,TX_ROAD_CONDITION_NL,TX_LIGHT_CONDITION_NL,TX_CLASS_ACCIDENTS_NL,CD_ROAD_USR_TYPE1,TX_ROAD_USR_TYPE1_NL,CD_ROAD_USR_TYPE2,TX_ROAD_USR_TYPE2_NL,TX_CROSSWAY_NL,CD_ROAD_TYPE_NL,TX_BUILD_UP_AREA_NL,TX_COLLISION_TYPE_NL,TX_OBSTACLES_NL
13552,120,Zele teller 1,Zele,51.0607671,4.0547741,1.799310964518987,51.065593600917765,4.0301982305977075,2019,5,14,42028,Zele,Normaal,"Nat, plassen",Dag,met zwaargewonden,9,personenauto,3,Fiets,Op Kruispunt,Gewestweg,binnen bebouwde kom,Tss. 2 best.: langs opzij (voor-/achterkant-flank),Geen hindernis
13552,121,Zele teller 2,Zele,51.0604067,4.0556696,1.8711038768052208,51.065593600917765,4.0301982305977075,2019,5,14,42028,Zele,Normaal,"Nat, plassen",Dag,met zwaargewonden,9,personenauto,3,Fiets,Op Kruispunt,Gewestweg,binnen bebouwde kom,Tss. 2 best.: langs opzij (voor-/achterkant-flank),Geen hindernis
13553,120,Zele teller 1,Zele,51.0607671,4.0547741,1.799310964518987,51.065593600917765,4.0301982305977075,2019,4,10,42028,Zele,Normaal,Droog,Dag,met lichtgewonden,5,Lichte vrachtauto,3,Fiets,Op Kruispunt,Gewestweg,binnen bebouwde kom,Tss. 2 best.: langs opzij (voor-/achterkant-flank),Geen hindernis
13553,121,Zele teller 2,Zele,51.0604067,4.0556696,1.8711038768052208,51.065593600917765,4.0301982305977075,2019,4,10,42028,Zele,Normaal,Droog,Dag,met lichtgewonden,5,Lichte vrachtauto,3,Fiets,Op Kruispunt,Gewestweg,binnen bebouwde kom,Tss. 2 best.: langs opzij (voor-/achterkant-flank),Geen hindernis
13554,120,Zele teller 1,Zele,51.0607671,4.0547741,1.799310964518987,51.065593600917765,4.0301982305977075,2019,4,10,42028,Zele,Normaal,Droog,Dag,met lichtgewonden,3,Fiets,9,personenauto,Op Kruispunt,Gewestweg,binnen bebouwde kom,Tussen 2 bestuurders: Frontale botsing,Geen hindernis
13554,121,Zele teller 2,Zele,51.0604067,4.0556696,1.8711038768052208,51.065593600917765,4.0301982305977075,2019,4,10,42028,Zele,Normaal,Droog,Dag,met lichtgewonden,3,Fiets,9,personenauto,Op Kruispunt,Gewestweg,binnen bebouwde kom,Tussen 2 bestuurders: Frontale botsing,Geen hindernis
13555,120,Zele teller 1,Zele,51.0607671,4.0547741,1.358401449424344,51.064294781601625,4.036163918774913,2019,4,16,42028,Zele,Normaal,Droog,Dag,met lichtgewonden,9,personenauto,3,Fiets,Op Kruispunt,Gemeenteweg,binnen bebouwde kom,Tss. 2 best.: langs opzij (voor-/achterkant-flank),Geen hindernis
13555,121,Zele teller 2,Zele,51.0604067,4.0556696,1.4300369361003589,51.064294781601625,4.036163918774913,2019,4,16,42028,Zele,Normaal,Droog,Dag,met lichtgewonden,9,personenauto,3,Fiets,Op Kruispunt,Gemeenteweg,binnen bebouwde kom,Tss. 2 best.: langs opzij (voor-/achterkant-flank),Geen hindernis
13556,120,Zele teller 1,Zele,51.0607671,4.0547741,2.2961686707237745,51.06613465236043,4.0230454830467135,2019,3,9,42028,Zele,Normaal,Droog,Dag,met zwaargewonden,9,personenauto,3,Fiets,Buiten Kruispunt,Gemeenteweg,binnen bebouwde kom,Tss. 2 best.: langs opzij (voor-/achterkant-flank),Geen hindernis
13556,121,Zele teller 2,Zele,51.0604067,4.0556696,2.3671279991598286,51.06613465236043,4.0230454830467135,2019,3,9,42028,Zele,Normaal,Droog,Dag,met zwaargewonden,9,personenauto,3,Fiets,Buiten Kruispunt,Gemeenteweg,binnen bebouwde kom,Tss. 2 best.: langs opzij (voor-/achterkant-flank),Geen hindernis
13558,152,Opwijk,District Vilvoorde-gewestwegen,50.968901168564656,4.149169474840164,0.9173674933732276,50.97669156056423,4.144857106781478,2019,5,11,42011,Lebbeke,Normaal,Droog,Dag,met lichtgewonden,6,Bromfiets,3,Fiets,Buiten Kruispunt,Gewestweg,buiten bebouwde kom,Tussen 2 bestuurders: Frontale botsing,Geen hindernis
13578,10,Aalst 2,Aalst,50.93549,4.01571,2.2717486012074395,50.94288467717648,4.045933414486668,2019,4,21,41002,Aalst,Normaal,Droog,"Nacht, openbare verlichting aanwezig en ontstoken",met lichtgewonden,3,Fiets,10,"één bestuurder, geen hindernis",Buiten Kruispunt,Gemeenteweg,binnen bebouwde kom,"Eén bestuurder, geen hindernis (incl. val)",Geen hindernis
13578,11,Aalst 3,Aalst,50.93385,4.01647,2.2959586590088006,50.94288467717648,4.045933414486668,2019,4,21,41002,Aalst,Normaal,Droog,"Nacht, openbare verlichting aanwezig en ontstoken",met lichtgewonden,3,Fiets,10,"één bestuurder, geen hindernis",Buiten Kruispunt,Gemeenteweg,binnen bebouwde kom,"Eén bestuurder, geen hindernis (incl. val)",Geen hindernis
13578,19,Aalst 1,Aalst,50.93433,4.01471,2.3856652991396317,50.94288467717648,4.045933414486668,2019,4,21,41002,Aalst,Normaal,Droog,"Nacht, openbare verlichting aanwezig en ontstoken",met lichtgewonden,3,Fiets,10,"één bestuurder, geen hindernis",Buiten Kruispunt,Gemeenteweg,binnen bebouwde kom,"Eén bestuurder, geen hindernis (incl. val)",Geen hindernis
13579,11,Aalst 3,Aalst,50.93385,4.01647,1.0772557409646146,50.93378249290078,4.031842083150132,2019,3,7,41002,Aalst,Normaal,Droog,Dag,met lichtgewonden,3,Fiets,9,personenauto,Op Kruispunt,Gemeenteweg,binnen bebouwde kom,Tussen 2 bestuurders: Flank tegen flank,Geen hindernis
13579,10,Aalst 2,Aalst,50.93549,4.01571,1.1463016413651164,50.93378249290078,4.031842083150132,2019,3,7,41002,Aalst,Normaal,Droog,Dag,met lichtgewonden,3,Fiets,9,personenauto,Op Kruispunt,Gemeenteweg,binnen bebouwde kom,Tussen 2 bestuurders: Flank tegen flank,Geen hindernis
13579,19,Aalst 1,Aalst,50.93433,4.01471,1.2021015382393796,50.93378249290078,4.031842083150132,2019,3,7,41002,Aalst,Normaal,Droog,Dag,met lichtgewonden,3,Fiets,9,personenauto,Op Kruispunt,Gemeenteweg,binnen bebouwde kom,Tussen 2 bestuurders: Flank tegen flank,Geen hindernis
13581,10,Aalst 2,Aalst,50.93549,4.01571,1.2903370396695266,50.939008046282474,4.03325785031508,2019,4,18,41002,Aalst,Normaal,Droog,Dag,met lichtgewonden,9,personenauto,3,Fiets,Op Kruispunt,Gemeenteweg,binnen bebouwde kom,Tss. 2 best.: langs opzij (voor-/achterkant-flank),Geen hindernis
13581,11,Aalst 3,Aalst,50.93385,4.01647,1.308747101566968,50.939008046282474,4.03325785031508,2019,4,18,41002,Aalst,Normaal,Droog,Dag,met lichtgewonden,9,personenauto,3,Fiets,Op Kruispunt,Gemeenteweg,binnen bebouwde kom,Tss. 2 best.: langs opzij (voor-/achterkant-flank),Geen hindernis
13581,19,Aalst 1,Aalst,50.93433,4.01471,1.399927580214669,50.939008046282474,4.03325785031508,2019,4,18,41002,Aalst,Normaal,Droog,Dag,met lichtgewonden,9,personenauto,3,Fiets,Op Kruispunt,Gemeenteweg,binnen bebouwde kom,Tss. 2 best.: langs opzij (voor-/achterkant-flank),Geen hindernis
13582,10,Aalst 2,Aalst,50.93549,4.01571,0.23039164435453313,50.93661192042773,4.018474146209859,2019,5,12,41002,Aalst,Normaal,Droog,Dag,met lichtgewonden,3,Fiets,9,personenauto,Buiten Kruispunt,Gemeenteweg,binnen bebouwde kom,Tss. 2 best.: langs opzij (voor-/achterkant-flank),Geen hindernis
13582,11,Aalst 3,Aalst,50.93385,4.01647,0.337699533087646,50.93661192042773,4.018474146209859,2019,5,12,41002,Aalst,Normaal,Droog,Dag,met lichtgewonden,3,Fiets,9,personenauto,Buiten Kruispunt,Gemeenteweg,binnen bebouwde kom,Tss. 2 best.: langs opzij (voor-/achterkant-flank),Geen hindernis
13582,19,Aalst 1,Aalst,50.93433,4.01471,0.36600266550148153,50.93661192042773,4.018474146209859,2019,5,12,41002,Aalst,Normaal,Droog,Dag,met lichtgewonden,3,Fiets,9,personenauto,Buiten Kruispunt,Gemeenteweg,binnen bebouwde kom,Tss. 2 best.: langs opzij (voor-/achterkant-flank),Geen hindernis
13584,10,Aalst 2,Aalst,50.93549,4.01571,0.5203837728126571,50.937284912829874,4.0225683803554855,2019,5,11,41002,Aalst,Normaal,Droog,Dag,met lichtgewonden,9,personenauto,3,Fiets,Buiten Kruispunt,Gemeenteweg,binnen bebouwde kom,Tss. 2 best.: langs opzij (voor-/achterkant-flank),Geen hindernis
13584,11,Aalst 3,Aalst,50.93385,4.01647,0.5731505030864706,50.937284912829874,4.0225683803554855,2019,5,11,41002,Aalst,Normaal,Droog,Dag,met lichtgewonden,9,personenauto,3,Fiets,Buiten Kruispunt,Gemeenteweg,binnen bebouwde kom,Tss. 2 best.: langs opzij (voor-/achterkant-flank),Geen hindernis
13584,19,Aalst 1,Aalst,50.93433,4.01471,0.6412445538506754,50.937284912829874,4.0225683803554855,2019,5,11,41002,Aalst,Normaal,Droog,Dag,met lichtgewonden,9,personenauto,3,Fiets,Buiten Kruispunt,Gemeenteweg,binnen bebouwde kom,Tss. 2 best.: langs opzij (voor-/achterkant-flank),Geen hindernis
13585,11,Aalst 3,Aalst,50.93385,4.01647,1.1173575709152457,50.932878182283964,4.032339814464378,2019,5,8,41002,Aalst,Normaal,Droog,Dag,met lichtgewonden,3,Fiets,9,personenauto,Op Kruispunt,Gemeenteweg,binnen bebouwde kom,Tss. 2 best.: langs opzij (voor-/achterkant-flank),Geen hindernis
13585,10,Aalst 2,Aalst,50.93549,4.01571,1.2010014677032863,50.932878182283964,4.032339814464378,2019,5,8,41002,Aalst,Normaal,Droog,Dag,met lichtgewonden,3,Fiets,9,personenauto,Op Kruispunt,Gemeenteweg,binnen bebouwde kom,Tss. 2 best.: langs opzij (voor-/achterkant-flank),Geen hindernis
13585,19,Aalst 1,Aalst,50.93433,4.01471,1.2459528765210375,50.932878182283964,4.032339814464378,2019,5,8,41002,Aalst,Normaal,Droog,Dag,met lichtgewonden,3,Fiets,9,personenauto,Op Kruispunt,Gemeenteweg,binnen bebouwde kom,Tss. 2 best.: langs opzij (voor-/achterkant-flank),Geen hindernis
13586,10,Aalst 2,Aalst,50.93549,4.01571,1.5672773309583505,50.942589801213636,4.035032676620434,2019,5,13,41002,Aalst,Normaal,Droog+Proper,Dag,met lichtgewonden,3,Fiets,9,personenauto,Op Kruispunt,Gemeenteweg,binnen bebouwde kom,Tss. 2 best.: langs opzij (voor-/achterkant-flank),Geen hindernis
13586,11,Aalst 3,Aalst,50.93385,4.01647,1.62365054643595,50.942589801213636,4.035032676620434,2019,5,13,41002,Aalst,Normaal,Droog+Proper,Dag,met lichtgewonden,3,Fiets,9,personenauto,Op Kruispunt,Gemeenteweg,binnen bebouwde kom,Tss. 2 best.: langs opzij (voor-/achterkant-flank),Geen hindernis
13586,19,Aalst 1,Aalst,50.93433,4.01471,1.6945063056223209,50.942589801213636,4.035032676620434,2019,5,13,41002,Aalst,Normaal,Droog+Proper,Dag,met lichtgewonden,3,Fiets,9,personenauto,Op Kruispunt,Gemeenteweg,binnen bebouwde kom,Tss. 2 best.: langs opzij (voor-/achterkant-flank),Geen hindernis
13587,11,Aalst 3,Aalst,50.93385,4.01647,0.8530269817493323,50.93663511222716,4.027812514346105,2019,5,17,41002,Aalst,Normaal,"Ijzel, sneeuw",Dag,met lichtgewonden,3,Fiets,8,Voetganger,Buiten Kruispunt,Gewestweg,binnen bebouwde kom,Met een voetganger,Geen hindernis
13587,10,Aalst 2,Aalst,50.93549,4.01571,0.8575726088141257,50.93663511222716,4.027812514346105,2019,5,17,41002,Aalst,Normaal,"Ijzel, sneeuw",Dag,met lichtgewonden,3,Fiets,8,Voetganger,Buiten Kruispunt,Gewestweg,binnen bebouwde kom,Met een voetganger,Geen hindernis
13587,19,Aalst 1,Aalst,50.93433,4.01471,0.9532583970480311,50.93663511222716,4.027812514346105,2019,5,17,41002,Aalst,Normaal,"Ijzel, sneeuw",Dag,met lichtgewonden,3,Fiets,8,Voetganger,Buiten Kruispunt,Gewestweg,binnen bebouwde kom,Met een voetganger,Geen hindernis
13589,11,Aalst 3,Aalst,50.93385,4.01647,2.488964345111972,50.91810791018377,4.04171561677454,2019,4,7,41002,Aalst,Onbekend,Onbekend,Dag,met lichtgewonden,3,Fiets,9,personenauto,Op Kruispunt,Gewestweg,binnen bebouwde kom,Tss. 2 best.: langs opzij (voor-/achterkant-flank),Geen hindernis
13590,11,Aalst 3,Aalst,50.93385,4.01647,1.7949090604315545,50.939002959893216,4.040744609053318,2019,4,15,41002,Aalst,"Andere (dikke rook,...)",Droog,Dag,met lichtgewonden,9,personenauto,3,Fiets,Buiten Kruispunt,Gemeenteweg,binnen bebouwde kom,Tussen 2 bestuurders: Langs achteren,Geen hindernis
13590,10,Aalst 2,Aalst,50.93549,4.01571,1.7971861846489752,50.939002959893216,4.040744609053318,2019,4,15,41002,Aalst,"Andere (dikke rook,...)",Droog,Dag,met lichtgewonden,9,personenauto,3,Fiets,Buiten Kruispunt,Gemeenteweg,binnen bebouwde kom,Tussen 2 bestuurders: Langs achteren,Geen hindernis
13590,19,Aalst 1,Aalst,50.93433,4.01471,1.896871539367387,50.939002959893216,4.040744609053318,2019,4,15,41002,Aalst,"Andere (dikke rook,...)",Droog,Dag,met lichtgewonden,9,personenauto,3,Fiets,Buiten Kruispunt,Gemeenteweg,binnen bebouwde kom,Tussen 2 bestuurders: Langs achteren,Geen hindernis
13592,11,Aalst 3,Aalst,50.93385,4.01647,1.4544121933253473,50.92806199051091,4.0350806837466235,2019,4,18,41002,Aalst,Normaal,Droog,Dag,met lichtgewonden,3,Fiets,3,Fiets,Op Kruispunt,Gewestweg,binnen bebouwde kom,Tussen 2 bestuurders: Frontale botsing,Geen hindernis
13592,19,Aalst 1,Aalst,50.93433,4.01471,1.5886476988850176,50.92806199051091,4.0350806837466235,2019,4,18,41002,Aalst,Normaal,Droog,Dag,met lichtgewonden,3,Fiets,3,Fiets,Op Kruispunt,Gewestweg,binnen bebouwde kom,Tussen 2 bestuurders: Frontale botsing,Geen hindernis
13592,10,Aalst 2,Aalst,50.93549,4.01571,1.5890275989661513,50.92806199051091,4.0350806837466235,2019,4,18,41002,Aalst,Normaal,Droog,Dag,met lichtgewonden,3,Fiets,3,Fiets,Op Kruispunt,Gewestweg,binnen bebouwde kom,Tussen 2 bestuurders: Frontale botsing,Geen hindernis
13594,11,Aalst 3,Aalst,50.93385,4.01647,0.5668712767656481,50.93520923412382,4.024266561487674,2019,3,16,41002,Aalst,Normaal,Droog,Dag,met lichtgewonden,3,Fiets,8,Voetganger,Buiten Kruispunt,Gemeenteweg,binnen bebouwde kom,Met een voetganger,Geen hindernis
13594,10,Aalst 2,Aalst,50.93549,4.01571,0.600410675700293,50.93520923412382,4.024266561487674,2019,3,16,41002,Aalst,Normaal,Droog,Dag,met lichtgewonden,3,Fiets,8,Voetganger,Buiten Kruispunt,Gemeenteweg,binnen bebouwde kom,Met een voetganger,Geen hindernis
13594,19,Aalst 1,Aalst,50.93433,4.01471,0.6767803047364868,50.93520923412382,4.024266561487674,2019,3,16,41002,Aalst,Normaal,Droog,Dag,met lichtgewonden,3,Fiets,8,Voetganger,Buiten Kruispunt,Gemeenteweg,binnen bebouwde kom,Met een voetganger,Geen hindernis
13595,11,Aalst 3,Aalst,50.93385,4.01647,1.7388257102024551,50.92994615283933,4.0404964379390425,2019,4,7,41002,Aalst,Normaal,Droog,Dag,met lichtgewonden,3,Fiets,9,personenauto,Buiten Kruispunt,Gewestweg,binnen bebouwde kom,Tss. 2 best.: langs opzij (voor-/achterkant-flank),Geen hindernis
13595,10,Aalst 2,Aalst,50.93549,4.01571,1.8431435509392347,50.92994615283933,4.0404964379390425,2019,4,7,41002,Aalst,Normaal,Droog,Dag,met lichtgewonden,3,Fiets,9,personenauto,Buiten Kruispunt,Gewestweg,binnen bebouwde kom,Tss. 2 best.: langs opzij (voor-/achterkant-flank),Geen hindernis
13595,19,Aalst 1,Aalst,50.93433,4.01471,1.871693079253433,50.92994615283933,4.0404964379390425,2019,4,7,41002,Aalst,Normaal,Droog,Dag,met lichtgewonden,3,Fiets,9,personenauto,Buiten Kruispunt,Gewestweg,binnen bebouwde kom,Tss. 2 best.: langs opzij (voor-/achterkant-flank),Geen hindernis
13596,10,Aalst 2,Aalst,50.93549,4.01571,0.9460728026651012,50.943982160278644,4.016539649471028,2019,2,14,41002,Aalst,Normaal,Droog,Dag,met lichtgewonden,9,personenauto,3,Fiets,Op Kruispunt,Gemeenteweg,binnen bebouwde kom,Tussen 2 bestuurders: Flank tegen flank,Geen hindernis
13596,19,Aalst 1,Aalst,50.93433,4.01471,1.0809009412263488,50.943982160278644,4.016539649471028,2019,2,14,41002,Aalst,Normaal,Droog,Dag,met lichtgewonden,9,personenauto,3,Fiets,Op Kruispunt,Gemeenteweg,binnen bebouwde kom,Tussen 2 bestuurders: Flank tegen flank,Geen hindernis
13596,11,Aalst 3,Aalst,50.93385,4.01647,1.126655388872566,50.943982160278644,4.016539649471028,2019,2,14,41002,Aalst,Normaal,Droog,Dag,met lichtgewonden,9,personenauto,3,Fiets,Op Kruispunt,Gemeenteweg,binnen bebouwde kom,Tussen 2 bestuurders: Flank tegen flank,Geen hindernis
13597,10,Aalst 2,Aalst,50.93549,4.01571,1.5432124662857225,50.9415464380278,4.035526146803194,2019,5,8,41002,Aalst,Normaal,Droog,Dag,met lichtgewonden,3,Fiets,9,personenauto,Op Kruispunt,Gemeenteweg,binnen bebouwde kom,Tss. 2 best.: langs opzij (voor-/achterkant-flank),Geen hindernis
13597,11,Aalst 3,Aalst,50.93385,4.01647,1.5859985428788002,50.9415464380278,4.035526146803194,2019,5,8,41002,Aalst,Normaal,Droog,Dag,met lichtgewonden,3,Fiets,9,personenauto,Op Kruispunt,Gemeenteweg,binnen bebouwde kom,Tss. 2 best.: langs opzij (voor-/achterkant-flank),Geen hindernis
13597,19,Aalst 1,Aalst,50.93433,4.01471,1.6647587055484547,50.9415464380278,4.035526146803194,2019,5,8,41002,Aalst,Normaal,Droog,Dag,met lichtgewonden,3,Fiets,9,personenauto,Op Kruispunt,Gemeenteweg,binnen bebouwde kom,Tss. 2 best.: langs opzij (voor-/achterkant-flank),Geen hindernis
13598,11,Aalst 3,Aalst,50.93385,4.01647,1.4335748766519494,50.92776534149588,4.034504305196653,2019,4,16,41002,Aalst,Normaal,Droog,Dag,met lichtgewonden,5,Lichte vrachtauto,3,Fiets,Op Kruispunt,Gewestweg,binnen bebouwde kom,Tss. 2 best.: langs opzij (voor-/achterkant-flank),Geen hindernis
13598,19,Aalst 1,Aalst,50.93433,4.01471,1.5675405983990025,50.92776534149588,4.034504305196653,2019,4,16,41002,Aalst,Normaal,Droog,Dag,met lichtgewonden,5,Lichte vrachtauto,3,Fiets,Op Kruispunt,Gewestweg,binnen bebouwde kom,Tss. 2 best.: langs opzij (voor-/achterkant-flank),Geen hindernis
13598,10,Aalst 2,Aalst,50.93549,4.01571,1.5724386258533463,50.92776534149588,4.034504305196653,2019,4,16,41002,Aalst,Normaal,Droog,Dag,met lichtgewonden,5,Lichte vrachtauto,3,Fiets,Op Kruispunt,Gewestweg,binnen bebouwde kom,Tss. 2 best.: langs opzij (voor-/achterkant-flank),Geen hindernis
13599,10,Aalst 2,Aalst,50.93549,4.01571,2.3145929945563113,50.943272807676024,4.0463474004149,2019,3,20,41002,Aalst,Normaal,Droog,"Nacht, openbare verlichting aanwezig en ontstoken",met lichtgewonden,3,Fiets,10,"één bestuurder, geen hindernis",Buiten Kruispunt,Gemeenteweg,binnen bebouwde kom,"Eén bestuurder, geen hindernis (incl. val)",Geen hindernis
13599,11,Aalst 3,Aalst,50.93385,4.01647,2.341064393366342,50.943272807676024,4.0463474004149,2019,3,20,41002,Aalst,Normaal,Droog,"Nacht, openbare verlichting aanwezig en ontstoken",met lichtgewonden,3,Fiets,10,"één bestuurder, geen hindernis",Buiten Kruispunt,Gemeenteweg,binnen bebouwde kom,"Eén bestuurder, geen hindernis (incl. val)",Geen hindernis
13599,19,Aalst 1,Aalst,50.93433,4.01471,2.429629031954538,50.943272807676024,4.0463474004149,2019,3,20,41002,Aalst,Normaal,Droog,"Nacht, openbare verlichting aanwezig en ontstoken",met lichtgewonden,3,Fiets,10,"één bestuurder, geen hindernis",Buiten Kruispunt,Gemeenteweg,binnen bebouwde kom,"Eén bestuurder, geen hindernis (incl. val)",Geen hindernis
13600,10,Aalst 2,Aalst,50.93549,4.01571,1.803230301845567,50.94222550305143,4.0391201827512155,2019,3,14,41002,Aalst,Normaal,Droog,Dag,met lichtgewonden,3,Fiets,9,personenauto,Buiten Kruispunt,Gemeenteweg,binnen bebouwde kom,Tussen 2 bestuurders: Langs achteren,Geen hindernis
13600,11,Aalst 3,Aalst,50.93385,4.01647,1.840182655909386,50.94222550305143,4.0391201827512155,2019,3,14,41002,Aalst,Normaal,Droog,Dag,met lichtgewonden,3,Fiets,9,personenauto,Buiten Kruispunt,Gemeenteweg,binnen bebouwde kom,Tussen 2 bestuurders: Langs achteren,Geen hindernis
13600,19,Aalst 1,Aalst,50.93433,4.01471,1.9225878132072476,50.94222550305143,4.0391201827512155,2019,3,14,41002,Aalst,Normaal,Droog,Dag,met lichtgewonden,3,Fiets,9,personenauto,Buiten Kruispunt,Gemeenteweg,binnen bebouwde kom,Tussen 2 bestuurders: Langs achteren,Geen hindernis
13601,10,Aalst 2,Aalst,50.93549,4.01571,0.934733446266396,50.94059925315744,4.026303149325212,2019,3,12,41002,Aalst,Normaal,Droog,Dag,met zwaargewonden,3,Fiets,1,Autobus,Op Kruispunt,Gemeenteweg,binnen bebouwde kom,Tussen 2 bestuurders: Flank tegen flank,Geen hindernis
13601,11,Aalst 3,Aalst,50.93385,4.01647,1.0188143832330312,50.94059925315744,4.026303149325212,2019,3,12,41002,Aalst,Normaal,Droog,Dag,met zwaargewonden,3,Fiets,1,Autobus,Op Kruispunt,Gemeenteweg,binnen bebouwde kom,Tussen 2 bestuurders: Flank tegen flank,Geen hindernis
13601,19,Aalst 1,Aalst,50.93433,4.01471,1.070454498818259,50.94059925315744,4.026303149325212,2019,3,12,41002,Aalst,Normaal,Droog,Dag,met zwaargewonden,3,Fiets,1,Autobus,Op Kruispunt,Gemeenteweg,binnen bebouwde kom,Tussen 2 bestuurders: Flank tegen flank,Geen hindernis
13603,11,Aalst 3,Aalst,50.93385,4.01647,1.9724959994915532,50.938921436038235,4.0434442248638325,2019,3,8,41002,Aalst,Normaal,Droog,Dag,met lichtgewonden,9,personenauto,3,Fiets,Op Kruispunt,Gemeenteweg,buiten bebouwde kom,Tussen 2 bestuurders: Flank tegen flank,Geen hindernis
13603,10,Aalst 2,Aalst,50.93549,4.01571,1.980492549742823,50.938921436038235,4.0434442248638325,2019,3,8,41002,Aalst,Normaal,Droog,Dag,met lichtgewonden,9,personenauto,3,Fiets,Op Kruispunt,Gemeenteweg,buiten bebouwde kom,Tussen 2 bestuurders: Flank tegen flank,Geen hindernis
13603,19,Aalst 1,Aalst,50.93433,4.01471,2.077206013979194,50.938921436038235,4.0434442248638325,2019,3,8,41002,Aalst,Normaal,Droog,Dag,met lichtgewonden,9,personenauto,3,Fiets,Op Kruispunt,Gemeenteweg,buiten bebouwde kom,Tussen 2 bestuurders: Flank tegen flank,Geen hindernis
13620,122,Dendermonde teller 2,Dendermonde,51.0373918,4.1019222,0.9661754607938615,51.031762835363516,4.091396328990915,2019,4,7,42006,Dendermonde,Normaal,Droog,Dag,met lichtgewonden,9,personenauto,3,Fiets,Buiten Kruispunt,Gewestweg,binnen bebouwde kom,Tussen 2 bestuurders: Flank tegen flank,Geen hindernis
13620,125,Dendermonde totem,Dendermonde,51.0372706,4.1025998,0.9943841763921497,51.031762835363516,4.091396328990915,2019,4,7,42006,Dendermonde,Normaal,Droog,Dag,met lichtgewonden,9,personenauto,3,Fiets,Buiten Kruispunt,Gewestweg,binnen bebouwde kom,Tussen 2 bestuurders: Flank tegen flank,Geen hindernis
13623,125,Dendermonde totem,Dendermonde,51.0372706,4.1025998,1.9997803023960277,51.01992592868509,4.110159064145148,2019,4,18,42006,Dendermonde,Normaal,Droog,Dag,met lichtgewonden,3,Fiets,2,Andere weggebruiker,Buiten Kruispunt,Gewestweg,binnen bebouwde kom,Tussen 2 bestuurders: Flank tegen flank,Geen hindernis
13623,122,Dendermonde teller 2,Dendermonde,51.0373918,4.1019222,2.0257428537168503,51.01992592868509,4.110159064145148,2019,4,18,42006,Dendermonde,Normaal,Droog,Dag,met lichtgewonden,3,Fiets,2,Andere weggebruiker,Buiten Kruispunt,Gewestweg,binnen bebouwde kom,Tussen 2 bestuurders: Flank tegen flank,Geen hindernis
13624,125,Dendermonde totem,Dendermonde,51.0372706,4.1025998,2.160299345053339,51.019821263829705,4.116181864958051,2019,4,17,42006,Dendermonde,Normaal,Droog,Dag,met zwaargewonden,9,personenauto,3,Fiets,Buiten Kruispunt,Gemeenteweg,binnen bebouwde kom,Tss. 2 best.: langs opzij (voor-/achterkant-flank),Geen hindernis
13624,122,Dendermonde teller 2,Dendermonde,51.0373918,4.1019222,2.193544458080358,51.019821263829705,4.116181864958051,2019,4,17,42006,Dendermonde,Normaal,Droog,Dag,met zwaargewonden,9,personenauto,3,Fiets,Buiten Kruispunt,Gemeenteweg,binnen bebouwde kom,Tss. 2 best.: langs opzij (voor-/achterkant-flank),Geen hindernis
13625,122,Dendermonde teller 2,Dendermonde,51.0373918,4.1019222,1.4251851220326652,51.032107254786766,4.083353578376233,2019,4,15,42006,Dendermonde,Normaal,Droog,Dag,met lichtgewonden,9,personenauto,3,Fiets,Buiten Kruispunt,Gewestweg,binnen bebouwde kom,Tss. 2 best.: langs opzij (voor-/achterkant-flank),Geen hindernis
13625,125,Dendermonde totem,Dendermonde,51.0372706,4.1025998,1.4631423080563601,51.032107254786766,4.083353578376233,2019,4,15,42006,Dendermonde,Normaal,Droog,Dag,met lichtgewonden,9,personenauto,3,Fiets,Buiten Kruispunt,Gewestweg,binnen bebouwde kom,Tss. 2 best.: langs opzij (voor-/achterkant-flank),Geen hindernis
13626,125,Dendermonde totem,Dendermonde,51.0372706,4.1025998,0.9584430883694411,51.04553998640624,4.10646713720271,2019,5,0,42006,Dendermonde,Normaal,Droog,"Nacht, openbare verlichting aanwezig en ontstoken",met zwaargewonden,3,Fiets,9,personenauto,Buiten Kruispunt,Gewestweg,binnen bebouwde kom,Tussen 2 bestuurders: Langs achteren,Geen hindernis
13626,122,Dendermonde teller 2,Dendermonde,51.0373918,4.1019222,0.9601422055023994,51.04553998640624,4.10646713720271,2019,5,0,42006,Dendermonde,Normaal,Droog,"Nacht, openbare verlichting aanwezig en ontstoken",met zwaargewonden,3,Fiets,9,personenauto,Buiten Kruispunt,Gewestweg,binnen bebouwde kom,Tussen 2 bestuurders: Langs achteren,Geen hindernis
13627,125,Dendermonde totem,Dendermonde,51.0372706,4.1025998,1.378530488583777,51.024873728541415,4.1027856652677395,2019,5,18,42006,Dendermonde,Normaal,Droog,Dag,met lichtgewonden,9,personenauto,3,Fiets,Buiten Kruispunt,Gewestweg,binnen bebouwde kom,Tss. 2 best.: langs opzij (voor-/achterkant-flank),Geen hindernis
13627,122,Dendermonde teller 2,Dendermonde,51.0373918,4.1019222,1.3932551096857742,51.024873728541415,4.1027856652677395,2019,5,18,42006,Dendermonde,Normaal,Droog,Dag,met lichtgewonden,9,personenauto,3,Fiets,Buiten Kruispunt,Gewestweg,binnen bebouwde kom,Tss. 2 best.: langs opzij (voor-/achterkant-flank),Geen hindernis
13629,122,Dendermonde teller 2,Dendermonde,51.0373918,4.1019222,0.6379860231816196,51.03184696938216,4.099577371387279,2019,4,16,42006,Dendermonde,Normaal,Droog,Dag,met lichtgewonden,9,personenauto,3,Fiets,Buiten Kruispunt,Gemeenteweg,binnen bebouwde kom,Tussen 2 bestuurders: Langs achteren,Geen hindernis