crash_row_id,site_id,site_name,site_gemeente,site_lat,site_long,distance_km,crash_lat,crash_long,DT_YEAR_COLLISION,DT_MONTH_COLLISION,DT_TIME,CD_NIS,TX_MUNTY_COLLISION_NL,TX_WEATHER_NL,TX_ROAD_CONDITION_NL,TX_LIGHT_CONDITION_NL,TX_CLASS_ACCIDENTS_NL,CD_ROAD_USR_TYPE1,TX_ROAD_USR_TYPE1_NL,CD_ROAD_USR_TYPE2,TX_ROAD_USR_TYPE2_NL,TX_CROSSWAY_NL,CD_ROAD_TYPE_NL,TX_BUILD_UP_AREA_NL,TX_COLLISION_TYPE_NL,TX_OBSTACLES_NL
13629,125,Dendermonde totem,Dendermonde,51.0372706,4.1025998,0.6390397988717318,51.03184696938216,4.099577371387279,2019,4,16,42006,Dendermonde,Normaal,Droog,Dag,met lichtgewonden,9,personenauto,3,Fiets,Buiten Kruispunt,Gemeenteweg,binnen bebouwde kom,Tussen 2 bestuurders: Langs achteren,Geen hindernis
13630,122,Dendermonde teller 2,Dendermonde,51.0373918,4.1019222,0.351584076542741,51.04054479475176,4.10229873364481,2019,4,8,42006,Dendermonde,Normaal,Droog,Dageraad - schemering,met lichtgewonden,9,personenauto,3,Fiets,Buiten Kruispunt,Gewestweg,binnen bebouwde kom,Tss. 2 best.: langs opzij (voor-/achterkant-flank),Geen hindernis
13630,125,Dendermonde totem,Dendermonde,51.0372706,4.1025998,0.36468187822420123,51.04054479475176,4.10229873364481,2019,4,8,42006,Dendermonde,Normaal,Droog,Dageraad - schemering,met lichtgewonden,9,personenauto,3,Fiets,Buiten Kruispunt,Gewestweg,binnen bebouwde kom,Tss. 2 best.: langs opzij (voor-/achterkant-flank),Geen hindernis
13631,125,Dendermonde totem,Dendermonde,51.0372706,4.1025998,1.3568939224616379,51.025110607713614,4.100975190009855,2019,4,15,42006,Dendermonde,Normaal,Droog,Dag,met lichtgewonden,9,personenauto,3,Fiets,Op Kruispunt,Gemeenteweg,binnen bebouwde kom,Tussen 2 bestuurders: Langs achteren,Geen hindernis
13631,122,Dendermonde teller 2,Dendermonde,51.0373918,4.1019222,1.3672110967061553,51.025110607713614,4.100975190009855,2019,4,15,42006,Dendermonde,Normaal,Droog,Dag,met lichtgewonden,9,personenauto,3,Fiets,Op Kruispunt,Gemeenteweg,binnen bebouwde kom,Tussen 2 bestuurders: Langs achteren,Geen hindernis
13632,122,Dendermonde teller 2,Dendermonde,51.0373918,4.1019222,1.3514318022004508,51.034523072420825,4.083140882917708,2019,3,20,42006,Dendermonde,Normaal,Droog,"Nacht, openbare verlichting aanwezig en ontstoken",met lichtgewonden,3,Fiets,10,"één bestuurder, geen hindernis",Buiten Kruispunt,Gemeenteweg,binnen bebouwde kom,"Eén bestuurder, geen hindernis (incl. val)",Geen hindernis
13632,125,Dendermonde totem,Dendermonde,51.0372706,4.1025998,1.394504942487982,51.034523072420825,4.083140882917708,2019,3,20,42006,Dendermonde,Normaal,Droog,"Nacht, openbare verlichting aanwezig en ontstoken",met lichtgewonden,3,Fiets,10,"één bestuurder, geen hindernis",Buiten Kruispunt,Gemeenteweg,binnen bebouwde kom,"Eén bestuurder, geen hindernis (incl. val)",Geen hindernis
13634,122,Dendermonde teller 2,Dendermonde,51.0373918,4.1019222,2.3632787124489827,51.03064968237684,4.069870895031389,2019,3,8,42006,Dendermonde,Onbekend,Onbekend,Dag,met lichtgewonden,3,Fiets,9,personenauto,Buiten Kruispunt,Gewestweg,buiten bebouwde kom,Tss. 2 best.: langs opzij (voor-/achterkant-flank),Geen hindernis
13634,125,Dendermonde totem,Dendermonde,51.0372706,4.1025998,2.4041018105691774,51.03064968237684,4.069870895031389,2019,3,8,42006,Dendermonde,Onbekend,Onbekend,Dag,met lichtgewonden,3,Fiets,9,personenauto,Buiten Kruispunt,Gewestweg,buiten bebouwde kom,Tss. 2 best.: langs opzij (voor-/achterkant-flank),Geen hindernis
13635,125,Dendermonde totem,Dendermonde,51.0372706,4.1025998,1.2168289419131266,51.0363093771252,4.119935264064527,2019,3,7,42006,Dendermonde,Normaal,Droog,Dageraad - schemering,met lichtgewonden,3,Fiets,3,Fiets,Buiten Kruispunt,Gewestweg,binnen bebouwde kom,Tussen 2 bestuurders: Frontale botsing,Geen hindernis
13635,122,Dendermonde teller 2,Dendermonde,51.0373918,4.1019222,1.2652408183427764,51.0363093771252,4.119935264064527,2019,3,7,42006,Dendermonde,Normaal,Droog,Dageraad - schemering,met lichtgewonden,3,Fiets,3,Fiets,Buiten Kruispunt,Gewestweg,binnen bebouwde kom,Tussen 2 bestuurders: Frontale botsing,Geen hindernis
13636,125,Dendermonde totem,Dendermonde,51.0372706,4.1025998,0.7049691394490213,51.03260432436805,4.109424893256029,2019,5,13,42006,Dendermonde,Normaal,Droog,Dag,met lichtgewonden,3,Fiets,9,personenauto,Buiten Kruispunt,Gemeenteweg,binnen bebouwde kom,Tss. 2 best.: langs opzij (voor-/achterkant-flank),Geen hindernis
13636,122,Dendermonde teller 2,Dendermonde,51.0373918,4.1019222,0.7474067797597599,51.03260432436805,4.109424893256029,2019,5,13,42006,Dendermonde,Normaal,Droog,Dag,met lichtgewonden,3,Fiets,9,personenauto,Buiten Kruispunt,Gemeenteweg,binnen bebouwde kom,Tss. 2 best.: langs opzij (voor-/achterkant-flank),Geen hindernis
13637,125,Dendermonde totem,Dendermonde,51.0372706,4.1025998,1.938577667037908,51.01995752707937,4.105859691934783,2019,5,12,42006,Dendermonde,Normaal,Droog,Dag,met lichtgewonden,3,Fiets,9,personenauto,Op Kruispunt,Gemeenteweg,binnen bebouwde kom,Tussen 2 bestuurders: Langs achteren,Geen hindernis
13637,122,Dendermonde teller 2,Dendermonde,51.0373918,4.1019222,1.9580618002556616,51.01995752707937,4.105859691934783,2019,5,12,42006,Dendermonde,Normaal,Droog,Dag,met lichtgewonden,3,Fiets,9,personenauto,Op Kruispunt,Gemeenteweg,binnen bebouwde kom,Tussen 2 bestuurders: Langs achteren,Geen hindernis
13639,20,Brugge,Brugge,51.17416,3.20048,2.3908930059885773,51.17934486323526,3.2337654722813713,2019,5,16,31005,Brugge,Normaal,Droog,Dag,met zwaargewonden,3,Fiets,3,Fiets,Op Kruispunt,Gewestweg,binnen bebouwde kom,Tss. 2 best.: langs opzij (voor-/achterkant-flank),Geen hindernis
13640,142,TEST Validatie BRUGGE Y2H22022134,Brugge,51.22632,3.24095,1.9358044789631084,51.211688954536065,3.225887242077448,2019,5,13,31005,Brugge,Normaal,Droog,Dag,met lichtgewonden,6,Bromfiets,3,Fiets,Buiten Kruispunt,Gewestweg,binnen bebouwde kom,Tss. 2 best.: langs opzij (voor-/achterkant-flank),Geen hindernis
13640,52,Brugge,Brugge,51.22632,3.24095,1.9358044789631084,51.211688954536065,3.225887242077448,2019,5,13,31005,Brugge,Normaal,Droog,Dag,met lichtgewonden,6,Bromfiets,3,Fiets,Buiten Kruispunt,Gewestweg,binnen bebouwde kom,Tss. 2 best.: langs opzij (voor-/achterkant-flank),Geen hindernis
13640,54,Brugge teller 2,Brugge,51.23015,3.22818,2.058975444438712,51.211688954536065,3.225887242077448,2019,5,13,31005,Brugge,Normaal,Droog,Dag,met lichtgewonden,6,Bromfiets,3,Fiets,Buiten Kruispunt,Gewestweg,binnen bebouwde kom,Tss. 2 best.: langs opzij (voor-/achterkant-flank),Geen hindernis
13640,53,Brugge teller 1,Brugge,51.23023,3.228,2.0669141454243403,51.211688954536065,3.225887242077448,2019,5,13,31005,Brugge,Normaal,Droog,Dag,met lichtgewonden,6,Bromfiets,3,Fiets,Buiten Kruispunt,Gewestweg,binnen bebouwde kom,Tss. 2 best.: langs opzij (voor-/achterkant-flank),Geen hindernis
13641,142,TEST Validatie BRUGGE Y2H22022134,Brugge,51.22632,3.24095,1.62144281671942,51.21229873777883,3.2345560229516037,2019,4,8,31005,Brugge,Normaal,Droog,Dag,met lichtgewonden,9,personenauto,3,Fiets,Buiten Kruispunt,Gemeenteweg,binnen bebouwde kom,Tussen 2 bestuurders: Frontale botsing,Geen hindernis
13641,52,Brugge,Brugge,51.22632,3.24095,1.62144281671942,51.21229873777883,3.2345560229516037,2019,4,8,31005,Brugge,Normaal,Droog,Dag,met lichtgewonden,9,personenauto,3,Fiets,Buiten Kruispunt,Gemeenteweg,binnen bebouwde kom,Tussen 2 bestuurders: Frontale botsing,Geen hindernis
13641,54,Brugge teller 2,Brugge,51.23015,3.22818,2.0340308972066925,51.21229873777883,3.2345560229516037,2019,4,8,31005,Brugge,Normaal,Droog,Dag,met lichtgewonden,9,personenauto,3,Fiets,Buiten Kruispunt,Gemeenteweg,binnen bebouwde kom,Tussen 2 bestuurders: Frontale botsing,Geen hindernis
13641,53,Brugge teller 1,Brugge,51.23023,3.228,2.0454743873006342,51.21229873777883,3.2345560229516037,2019,4,8,31005,Brugge,Normaal,Droog,Dag,met lichtgewonden,9,personenauto,3,Fiets,Buiten Kruispunt,Gemeenteweg,binnen bebouwde kom,Tussen 2 bestuurders: Frontale botsing,Geen hindernis
13643,142,TEST Validatie BRUGGE Y2H22022134,Brugge,51.22632,3.24095,2.3008388401982467,51.20731414665495,3.2278886277606644,2019,4,11,31005,Brugge,Normaal,"Nat, plassen",Dag,met lichtgewonden,8,Voetganger,3,Fiets,Op Kruispunt,Gemeenteweg,binnen bebouwde kom,Met een voetganger,Geen hindernis
13643,52,Brugge,Brugge,51.22632,3.24095,2.3008388401982467,51.20731414665495,3.2278886277606644,2019,4,11,31005,Brugge,Normaal,"Nat, plassen",Dag,met lichtgewonden,8,Voetganger,3,Fiets,Op Kruispunt,Gemeenteweg,binnen bebouwde kom,Met een voetganger,Geen hindernis
13644,53,Brugge teller 1,Brugge,51.23023,3.228,1.0674839017654043,51.23942083598098,3.2324291330459225,2019,4,7,31005,Brugge,Normaal,"Nat, plassen",Dag,met lichtgewonden,3,Fiets,9,personenauto,Op Kruispunt,Gewestweg,buiten bebouwde kom,Tss. 2 best.: langs opzij (voor-/achterkant-flank),Geen hindernis
13644,54,Brugge teller 2,Brugge,51.23015,3.22818,1.0724790952056187,51.23942083598098,3.2324291330459225,2019,4,7,31005,Brugge,Normaal,"Nat, plassen",Dag,met lichtgewonden,3,Fiets,9,personenauto,Op Kruispunt,Gewestweg,buiten bebouwde kom,Tss. 2 best.: langs opzij (voor-/achterkant-flank),Geen hindernis
13644,52,Brugge,Brugge,51.22632,3.24095,1.5729203917584904,51.23942083598098,3.2324291330459225,2019,4,7,31005,Brugge,Normaal,"Nat, plassen",Dag,met lichtgewonden,3,Fiets,9,personenauto,Op Kruispunt,Gewestweg,buiten bebouwde kom,Tss. 2 best.: langs opzij (voor-/achterkant-flank),Geen hindernis
13644,142,TEST Validatie BRUGGE Y2H22022134,Brugge,51.22632,3.24095,1.5729203917584904,51.23942083598098,3.2324291330459225,2019,4,7,31005,Brugge,Normaal,"Nat, plassen",Dag,met lichtgewonden,3,Fiets,9,personenauto,Op Kruispunt,Gewestweg,buiten bebouwde kom,Tss. 2 best.: langs opzij (voor-/achterkant-flank),Geen hindernis
13646,142,TEST Validatie BRUGGE Y2H22022134,Brugge,51.22632,3.24095,2.281834180372878,51.2071959003188,3.229069165393478,2019,4,10,31005,Brugge,Normaal,Droog,Dag,met lichtgewonden,3,Fiets,5,Lichte vrachtauto,Op Kruispunt,Gemeenteweg,binnen bebouwde kom,Tss. 2 best.: langs opzij (voor-/achterkant-flank),Geen hindernis
13646,52,Brugge,Brugge,51.22632,3.24095,2.281834180372878,51.2071959003188,3.229069165393478,2019,4,10,31005,Brugge,Normaal,Droog,Dag,met lichtgewonden,3,Fiets,5,Lichte vrachtauto,Op Kruispunt,Gemeenteweg,binnen bebouwde kom,Tss. 2 best.: langs opzij (voor-/achterkant-flank),Geen hindernis
13647,142,TEST Validatie BRUGGE Y2H22022134,Brugge,51.22632,3.24095,1.480523361452499,51.21382638079777,3.2336004637099847,2019,4,10,31005,Brugge,Normaal,Droog,Dag,met lichtgewonden,3,Fiets,3,Fiets,Op Kruispunt,Gemeenteweg,binnen bebouwde kom,Tussen 2 bestuurders: Frontale botsing,Geen hindernis
13647,52,Brugge,Brugge,51.22632,3.24095,1.480523361452499,51.21382638079777,3.2336004637099847,2019,4,10,31005,Brugge,Normaal,Droog,Dag,met lichtgewonden,3,Fiets,3,Fiets,Op Kruispunt,Gemeenteweg,binnen bebouwde kom,Tussen 2 bestuurders: Frontale botsing,Geen hindernis
13647,54,Brugge teller 2,Brugge,51.23015,3.22818,1.8539420112648846,51.21382638079777,3.2336004637099847,2019,4,10,31005,Brugge,Normaal,Droog,Dag,met lichtgewonden,3,Fiets,3,Fiets,Op Kruispunt,Gemeenteweg,binnen bebouwde kom,Tussen 2 bestuurders: Frontale botsing,Geen hindernis
13647,53,Brugge teller 1,Brugge,51.23023,3.228,1.8652329499421698,51.21382638079777,3.2336004637099847,2019,4,10,31005,Brugge,Normaal,Droog,Dag,met lichtgewonden,3,Fiets,3,Fiets,Op Kruispunt,Gemeenteweg,binnen bebouwde kom,Tussen 2 bestuurders: Frontale botsing,Geen hindernis
13648,142,TEST Validatie BRUGGE Y2H22022134,Brugge,51.22632,3.24095,1.9358042270485551,51.21168895835621,3.225887239292697,2019,4,11,31005,Brugge,"Andere (dikke rook,...)",Droog,Dag,met lichtgewonden,3,Fiets,3,Fiets,Op Kruispunt,Gewestweg,binnen bebouwde kom,Tussen 2 bestuurders: Frontale botsing,Geen hindernis
13648,52,Brugge,Brugge,51.22632,3.24095,1.9358042270485551,51.21168895835621,3.225887239292697,2019,4,11,31005,Brugge,"Andere (dikke rook,...)",Droog,Dag,met lichtgewonden,3,Fiets,3,Fiets,Op Kruispunt,Gewestweg,binnen bebouwde kom,Tussen 2 bestuurders: Frontale botsing,Geen hindernis
13648,54,Brugge teller 2,Brugge,51.23015,3.22818,2.0589750359762653,51.21168895835621,3.225887239292697,2019,4,11,31005,Brugge,"Andere (dikke rook,...)",Droog,Dag,met lichtgewonden,3,Fiets,3,Fiets,Op Kruispunt,Gewestweg,binnen bebouwde kom,Tussen 2 bestuurders: Frontale botsing,Geen hindernis
13648,53,Brugge teller 1,Brugge,51.23023,3.228,2.0669137355263665,51.21168895835621,3.225887239292697,2019,4,11,31005,Brugge,"Andere (dikke rook,...)",Droog,Dag,met lichtgewonden,3,Fiets,3,Fiets,Op Kruispunt,Gewestweg,binnen bebouwde kom,Tussen 2 bestuurders: Frontale botsing,Geen hindernis
13649,54,Brugge teller 2,Brugge,51.23015,3.22818,2.479802428152239,51.20898054264728,3.2169803972419424,2019,4,9,31005,Brugge,Normaal,Droog,Dag,met zwaargewonden,3,Fiets,10,"één bestuurder, geen hindernis",Buiten Kruispunt,Gemeenteweg,binnen bebouwde kom,"Eén bestuurder, geen hindernis (incl. val)",Geen hindernis
13649,53,Brugge teller 1,Brugge,51.23023,3.228,2.4843466198736697,51.20898054264728,3.2169803972419424,2019,4,9,31005,Brugge,Normaal,Droog,Dag,met zwaargewonden,3,Fiets,10,"één bestuurder, geen hindernis",Buiten Kruispunt,Gemeenteweg,binnen bebouwde kom,"Eén bestuurder, geen hindernis (incl. val)",Geen hindernis
13651,142,TEST Validatie BRUGGE Y2H22022134,Brugge,51.22632,3.24095,2.4315385935127796,51.20831525078158,3.2211372448504947,2019,4,12,31005,Brugge,Normaal,Droog,Dag,met lichtgewonden,5,Lichte vrachtauto,3,Fiets,Buiten Kruispunt,Gewestweg,binnen bebouwde kom,Tussen 2 bestuurders: Flank tegen flank,Geen hindernis
13651,52,Brugge,Brugge,51.22632,3.24095,2.4315385935127796,51.20831525078158,3.2211372448504947,2019,4,12,31005,Brugge,Normaal,Droog,Dag,met lichtgewonden,5,Lichte vrachtauto,3,Fiets,Buiten Kruispunt,Gewestweg,binnen bebouwde kom,Tussen 2 bestuurders: Flank tegen flank,Geen hindernis
13651,54,Brugge teller 2,Brugge,51.23015,3.22818,2.476964601413006,51.20831525078158,3.2211372448504947,2019,4,12,31005,Brugge,Normaal,Droog,Dag,met lichtgewonden,5,Lichte vrachtauto,3,Fiets,Buiten Kruispunt,Gewestweg,binnen bebouwde kom,Tussen 2 bestuurders: Flank tegen flank,Geen hindernis
13651,53,Brugge teller 1,Brugge,51.23023,3.228,2.483241205494407,51.20831525078158,3.2211372448504947,2019,4,12,31005,Brugge,Normaal,Droog,Dag,met lichtgewonden,5,Lichte vrachtauto,3,Fiets,Buiten Kruispunt,Gewestweg,binnen bebouwde kom,Tussen 2 bestuurders: Flank tegen flank,Geen hindernis
13652,50,"Brugge, Sint-Andries",Brugge,51.19291,3.16252,0.852127544268452,51.1958890686736,3.173786706299577,2019,3,16,31005,Brugge,Normaal,Droog,Dag,met lichtgewonden,3,Fiets,9,personenauto,Buiten Kruispunt,Gewestweg,binnen bebouwde kom,Tussen 2 bestuurders: Langs achteren,Geen hindernis
13652,51,"Brugge, Sint-Andries",Brugge,51.19281,3.16252,0.8565122061388383,51.1958890686736,3.173786706299577,2019,3,16,31005,Brugge,Normaal,Droog,Dag,met lichtgewonden,3,Fiets,9,personenauto,Buiten Kruispunt,Gewestweg,binnen bebouwde kom,Tussen 2 bestuurders: Langs achteren,Geen hindernis
13654,20,Brugge,Brugge,51.17416,3.20048,1.7823717305926068,51.18861183534798,3.2115416595488453,2019,3,9,31005,Brugge,Normaal,Droog,Dag,met lichtgewonden,9,personenauto,3,Fiets,Op Kruispunt,Gemeenteweg,binnen bebouwde kom,Tss. 2 best.: langs opzij (voor-/achterkant-flank),Geen hindernis
13657,142,TEST Validatie BRUGGE Y2H22022134,Brugge,51.22632,3.24095,2.1313864363381847,51.20715221386175,3.240799248369975,2019,4,15,31005,Brugge,Normaal,Droog,Dag,met lichtgewonden,3,Fiets,3,Fiets,Buiten Kruispunt,Gemeenteweg,binnen bebouwde kom,Tussen 2 bestuurders: Langs achteren,Geen hindernis
13657,52,Brugge,Brugge,51.22632,3.24095,2.1313864363381847,51.20715221386175,3.240799248369975,2019,4,15,31005,Brugge,Normaal,Droog,Dag,met lichtgewonden,3,Fiets,3,Fiets,Buiten Kruispunt,Gemeenteweg,binnen bebouwde kom,Tussen 2 bestuurders: Langs achteren,Geen hindernis
13658,20,Brugge,Brugge,51.17416,3.20048,1.9940391195499096,51.18534481105221,3.2228405348326667,2019,4,7,31005,Brugge,Normaal,Droog,Dag,met lichtgewonden,9,personenauto,3,Fiets,Op Kruispunt,Gewestweg,binnen bebouwde kom,Tss. 2 best.: langs opzij (voor-/achterkant-flank),Geen hindernis
13659,53,Brugge teller 1,Brugge,51.23023,3.228,1.7733119768037955,51.220714965056146,3.207563877205861,2019,4,7,31005,Brugge,Normaal,Droog,Dag,met lichtgewonden,9,personenauto,3,Fiets,Op Kruispunt,Gewestweg,binnen bebouwde kom,Tss. 2 best.: langs opzij (voor-/achterkant-flank),Geen hindernis
13659,54,Brugge teller 2,Brugge,51.23015,3.22818,1.7781247787781769,51.220714965056146,3.207563877205861,2019,4,7,31005,Brugge,Normaal,Droog,Dag,met lichtgewonden,9,personenauto,3,Fiets,Op Kruispunt,Gewestweg,binnen bebouwde kom,Tss. 2 best.: langs opzij (voor-/achterkant-flank),Geen hindernis
13659,52,Brugge,Brugge,51.22632,3.24095,2.4070829033020926,51.220714965056146,3.207563877205861,2019,4,7,31005,Brugge,Normaal,Droog,Dag,met lichtgewonden,9,personenauto,3,Fiets,Op Kruispunt,Gewestweg,binnen bebouwde kom,Tss. 2 best.: langs opzij (voor-/achterkant-flank),Geen hindernis
13659,142,TEST Validatie BRUGGE Y2H22022134,Brugge,51.22632,3.24095,2.4070829033020926,51.220714965056146,3.207563877205861,2019,4,7,31005,Brugge,Normaal,Droog,Dag,met lichtgewonden,9,personenauto,3,Fiets,Op Kruispunt,Gewestweg,binnen bebouwde kom,Tss. 2 best.: langs opzij (voor-/achterkant-flank),Geen hindernis
13660,54,Brugge teller 2,Brugge,51.23015,3.22818,1.231117059928885,51.21973371212278,3.2221876398149396,2019,4,7,31005,Brugge,Normaal,Droog,Dag,met lichtgewonden,3,Fiets,9,personenauto,Op Kruispunt,Gewestweg,binnen bebouwde kom,Tss. 2 best.: langs opzij (voor-/achterkant-flank),Geen hindernis
13660,53,Brugge teller 1,Brugge,51.23023,3.228,1.2353259942307129,51.21973371212278,3.2221876398149396,2019,4,7,31005,Brugge,Normaal,Droog,Dag,met lichtgewonden,3,Fiets,9,personenauto,Op Kruispunt,Gewestweg,binnen bebouwde kom,Tss. 2 best.: langs opzij (voor-/achterkant-flank),Geen hindernis
13660,52,Brugge,Brugge,51.22632,3.24095,1.49786572532023,51.21973371212278,3.2221876398149396,2019,4,7,31005,Brugge,Normaal,Droog,Dag,met lichtgewonden,3,Fiets,9,personenauto,Op Kruispunt,Gewestweg,binnen bebouwde kom,Tss. 2 best.: langs opzij (voor-/achterkant-flank),Geen hindernis
13660,142,TEST Validatie BRUGGE Y2H22022134,Brugge,51.22632,3.24095,1.49786572532023,51.21973371212278,3.2221876398149396,2019,4,7,31005,Brugge,Normaal,Droog,Dag,met lichtgewonden,3,Fiets,9,personenauto,Op Kruispunt,Gewestweg,binnen bebouwde kom,Tss. 2 best.: langs opzij (voor-/achterkant-flank),Geen hindernis
13662,53,Brugge teller 1,Brugge,51.23023,3.228,1.4355438025448284,51.21979151914232,3.2158697630532145,2019,5,17,31005,Brugge,Normaal,Droog,Dag,met zwaargewonden,9,personenauto,3,Fiets,Op Kruispunt,Gemeenteweg,binnen bebouwde kom,Tss. 2 best.: langs opzij (voor-/achterkant-flank),Geen hindernis
13662,54,Brugge teller 2,Brugge,51.23015,3.22818,1.4358098011000318,51.21979151914232,3.2158697630532145,2019,5,17,31005,Brugge,Normaal,Droog,Dag,met zwaargewonden,9,personenauto,3,Fiets,Op Kruispunt,Gemeenteweg,binnen bebouwde kom,Tss. 2 best.: langs opzij (voor-/achterkant-flank),Geen hindernis
13662,52,Brugge,Brugge,51.22632,3.24095,1.8914475608365713,51.21979151914232,3.2158697630532145,2019,5,17,31005,Brugge,Normaal,Droog,Dag,met zwaargewonden,9,personenauto,3,Fiets,Op Kruispunt,Gemeenteweg,binnen bebouwde kom,Tss. 2 best.: langs opzij (voor-/achterkant-flank),Geen hindernis
13662,142,TEST Validatie BRUGGE Y2H22022134,Brugge,51.22632,3.24095,1.8914475608365713,51.21979151914232,3.2158697630532145,2019,5,17,31005,Brugge,Normaal,Droog,Dag,met zwaargewonden,9,personenauto,3,Fiets,Op Kruispunt,Gemeenteweg,binnen bebouwde kom,Tss. 2 best.: langs opzij (voor-/achterkant-flank),Geen hindernis
13663,54,Brugge teller 2,Brugge,51.23015,3.22818,0.7358931317982963,51.22356915500001,3.2270610622368343,2019,5,16,31005,Brugge,Normaal,Droog,Dag,met lichtgewonden,3,Fiets,9,personenauto,Buiten Kruispunt,Gewestweg,binnen bebouwde kom,Tss. 2 best.: langs opzij (voor-/achterkant-flank),Geen hindernis
13663,53,Brugge teller 1,Brugge,51.23023,3.228,0.7435324481873867,51.22356915500001,3.2270610622368343,2019,5,16,31005,Brugge,Normaal,Droog,Dag,met lichtgewonden,3,Fiets,9,personenauto,Buiten Kruispunt,Gewestweg,binnen bebouwde kom,Tss. 2 best.: langs opzij (voor-/achterkant-flank),Geen hindernis
13663,52,Brugge,Brugge,51.22632,3.24095,1.0144057096322159,51.22356915500001,3.2270610622368343,2019,5,16,31005,Brugge,Normaal,Droog,Dag,met lichtgewonden,3,Fiets,9,personenauto,Buiten Kruispunt,Gewestweg,binnen bebouwde kom,Tss. 2 best.: langs opzij (voor-/achterkant-flank),Geen hindernis
13663,142,TEST Validatie BRUGGE Y2H22022134,Brugge,51.22632,3.24095,1.0144057096322159,51.22356915500001,3.2270610622368343,2019,5,16,31005,Brugge,Normaal,Droog,Dag,met lichtgewonden,3,Fiets,9,personenauto,Buiten Kruispunt,Gewestweg,binnen bebouwde kom,Tss. 2 best.: langs opzij (voor-/achterkant-flank),Geen hindernis
13665,20,Brugge,Brugge,51.17416,3.20048,2.3359278117815108,51.1647675561374,3.1705114045065317,2019,5,22,31005,Brugge,Normaal,Droog,"Nacht, geen openbare verlichting aanwezig",met zwaargewonden,3,Fiets,3,Fiets,Buiten Kruispunt,Gewestweg,buiten bebouwde kom,Tussen 2 bestuurders: Frontale botsing,Geen hindernis
13666,54,Brugge teller 2,Brugge,51.23015,3.22818,1.5141736976196782,51.21762726080187,3.2196391022045603,2019,5,19,31005,Brugge,Normaal,Droog,Dag,met lichtgewonden,3,Fiets,3,Fiets,Buiten Kruispunt,Gewestweg,binnen bebouwde kom,Tussen 2 bestuurders: Frontale botsing,Geen hindernis
13666,53,Brugge teller 1,Brugge,51.23023,3.228,1.5175045648624848,51.21762726080187,3.2196391022045603,2019,5,19,31005,Brugge,Normaal,Droog,Dag,met lichtgewonden,3,Fiets,3,Fiets,Buiten Kruispunt,Gewestweg,binnen bebouwde kom,Tussen 2 bestuurders: Frontale botsing,Geen hindernis
13666,52,Brugge,Brugge,51.22632,3.24095,1.7711411368948509,51.21762726080187,3.2196391022045603,2019,5,19,31005,Brugge,Normaal,Droog,Dag,met lichtgewonden,3,Fiets,3,Fiets,Buiten Kruispunt,Gewestweg,binnen bebouwde kom,Tussen 2 bestuurders: Frontale botsing,Geen hindernis
13666,142,TEST Validatie BRUGGE Y2H22022134,Brugge,51.22632,3.24095,1.7711411368948509,51.21762726080187,3.2196391022045603,2019,5,19,31005,Brugge,Normaal,Droog,Dag,met lichtgewonden,3,Fiets,3,Fiets,Buiten Kruispunt,Gewestweg,binnen bebouwde kom,Tussen 2 bestuurders: Frontale botsing,Geen hindernis
13668,51,"Brugge, Sint-Andries",Brugge,51.19281,3.16252,1.1780080440127356,51.18877712796808,3.178151082373045,2019,3,20,31005,Brugge,Normaal,Droog,"Nacht, openbare verlichting aanwezig en ontstoken",met lichtgewonden,3,Fiets,9,personenauto,Op Kruispunt,Gemeenteweg,binnen bebouwde kom,Tussen 2 bestuurders: Flank tegen flank,Geen hindernis
13668,50,"Brugge, Sint-Andries",Brugge,51.19291,3.16252,1.1822845499837897,51.18877712796808,3.178151082373045,2019,3,20,31005,Brugge,Normaal,Droog,"Nacht, openbare verlichting aanwezig en ontstoken",met lichtgewonden,3,Fiets,9,personenauto,Op Kruispunt,Gemeenteweg,binnen bebouwde kom,Tussen 2 bestuurders: Flank tegen flank,Geen hindernis
13668,20,Brugge,Brugge,51.17416,3.20048,2.250363302456865,51.18877712796808,3.178151082373045,2019,3,20,31005,Brugge,Normaal,Droog,"Nacht, openbare verlichting aanwezig en ontstoken",met lichtgewonden,3,Fiets,9,personenauto,Op Kruispunt,Gemeenteweg,binnen bebouwde kom,Tussen 2 bestuurders: Flank tegen flank,Geen hindernis
13669,20,Brugge,Brugge,51.17416,3.20048,1.6118506953583764,51.188655301254535,3.2003039057103195,2019,3,13,31005,Brugge,Normaal,Droog,Dag,met lichtgewonden,3,Fiets,3,Fiets,Op Kruispunt,Gemeenteweg,binnen bebouwde kom,Tussen 2 bestuurders: Langs achteren,Geen hindernis
13672,142,TEST Validatie BRUGGE Y2H22022134,Brugge,51.22632,3.24095,1.5167947266986235,51.212679769570585,3.2407403130509933,2019,5,16,31005,Brugge,Normaal,Droog,Dag,met lichtgewonden,9,personenauto,3,Fiets,Op Kruispunt,Gewestweg,buiten bebouwde kom,Tss. 2 best.: langs opzij (voor-/achterkant-flank),Geen hindernis
13672,52,Brugge,Brugge,51.22632,3.24095,1.5167947266986235,51.212679769570585,3.2407403130509933,2019,5,16,31005,Brugge,Normaal,Droog,Dag,met lichtgewonden,9,personenauto,3,Fiets,Op Kruispunt,Gewestweg,buiten bebouwde kom,Tss. 2 best.: langs opzij (voor-/achterkant-flank),Geen hindernis