crash_row_id,site_id,site_name,site_gemeente,site_lat,site_long,distance_km,crash_lat,crash_long,DT_YEAR_COLLISION,DT_MONTH_COLLISION,DT_TIME,CD_NIS,TX_MUNTY_COLLISION_NL,TX_WEATHER_NL,TX_ROAD_CONDITION_NL,TX_LIGHT_CONDITION_NL,TX_CLASS_ACCIDENTS_NL,CD_ROAD_USR_TYPE1,TX_ROAD_USR_TYPE1_NL,CD_ROAD_USR_TYPE2,TX_ROAD_USR_TYPE2_NL,TX_CROSSWAY_NL,CD_ROAD_TYPE_NL,TX_BUILD_UP_AREA_NL,TX_COLLISION_TYPE_NL,TX_OBSTACLES_NL
13672,54,Brugge teller 2,Brugge,51.23015,3.22818,2.130460019328511,51.212679769570585,3.2407403130509933,2019,5,16,31005,Brugge,Normaal,Droog,Dag,met lichtgewonden,9,personenauto,3,Fiets,Op Kruispunt,Gewestweg,buiten bebouwde kom,Tss. 2 best.: langs opzij (voor-/achterkant-flank),Geen hindernis
13672,53,Brugge teller 1,Brugge,51.23023,3.228,2.1437319814834743,51.212679769570585,3.2407403130509933,2019,5,16,31005,Brugge,Normaal,Droog,Dag,met lichtgewonden,9,personenauto,3,Fiets,Op Kruispunt,Gewestweg,buiten bebouwde kom,Tss. 2 best.: langs opzij (voor-/achterkant-flank),Geen hindernis
13674,53,Brugge teller 1,Brugge,51.23023,3.228,1.3630653791223408,51.2205436964077,3.216003643248732,2019,5,17,31005,Brugge,Normaal,Droog,Dag,met lichtgewonden,3,Fiets,9,personenauto,Op Kruispunt,Gewestweg,binnen bebouwde kom,Tss. 2 best.: langs opzij (voor-/achterkant-flank),Geen hindernis
13674,54,Brugge teller 2,Brugge,51.23015,3.22818,1.363805313102816,51.2205436964077,3.216003643248732,2019,5,17,31005,Brugge,Normaal,Droog,Dag,met lichtgewonden,3,Fiets,9,personenauto,Op Kruispunt,Gewestweg,binnen bebouwde kom,Tss. 2 best.: langs opzij (voor-/achterkant-flank),Geen hindernis
13674,52,Brugge,Brugge,51.22632,3.24095,1.8521896487706502,51.2205436964077,3.216003643248732,2019,5,17,31005,Brugge,Normaal,Droog,Dag,met lichtgewonden,3,Fiets,9,personenauto,Op Kruispunt,Gewestweg,binnen bebouwde kom,Tss. 2 best.: langs opzij (voor-/achterkant-flank),Geen hindernis
13674,142,TEST Validatie BRUGGE Y2H22022134,Brugge,51.22632,3.24095,1.8521896487706502,51.2205436964077,3.216003643248732,2019,5,17,31005,Brugge,Normaal,Droog,Dag,met lichtgewonden,3,Fiets,9,personenauto,Op Kruispunt,Gewestweg,binnen bebouwde kom,Tss. 2 best.: langs opzij (voor-/achterkant-flank),Geen hindernis
13676,53,Brugge teller 1,Brugge,51.23023,3.228,1.5983259348892014,51.22530076470465,3.20643832089766,2019,3,20,31005,Brugge,Onbekend,Droog,Dageraad - schemering,met lichtgewonden,3,Fiets,9,personenauto,Buiten Kruispunt,Gewestweg,binnen bebouwde kom,Tss. 2 best.: langs opzij (voor-/achterkant-flank),Geen hindernis
13676,54,Brugge teller 2,Brugge,51.23015,3.22818,1.6071004182741735,51.22530076470465,3.20643832089766,2019,3,20,31005,Brugge,Onbekend,Droog,Dageraad - schemering,met lichtgewonden,3,Fiets,9,personenauto,Buiten Kruispunt,Gewestweg,binnen bebouwde kom,Tss. 2 best.: langs opzij (voor-/achterkant-flank),Geen hindernis
13676,52,Brugge,Brugge,51.22632,3.24095,2.4059302469095316,51.22530076470465,3.20643832089766,2019,3,20,31005,Brugge,Onbekend,Droog,Dageraad - schemering,met lichtgewonden,3,Fiets,9,personenauto,Buiten Kruispunt,Gewestweg,binnen bebouwde kom,Tss. 2 best.: langs opzij (voor-/achterkant-flank),Geen hindernis
13676,142,TEST Validatie BRUGGE Y2H22022134,Brugge,51.22632,3.24095,2.4059302469095316,51.22530076470465,3.20643832089766,2019,3,20,31005,Brugge,Onbekend,Droog,Dageraad - schemering,met lichtgewonden,3,Fiets,9,personenauto,Buiten Kruispunt,Gewestweg,binnen bebouwde kom,Tss. 2 best.: langs opzij (voor-/achterkant-flank),Geen hindernis
13677,142,TEST Validatie BRUGGE Y2H22022134,Brugge,51.22632,3.24095,0.9453554629536519,51.234642565130784,3.243723050985473,2019,4,22,31005,Brugge,Normaal,Droog,"Nacht, openbare verlichting aanwezig en ontstoken",met lichtgewonden,3,Fiets,9,personenauto,Buiten Kruispunt,Gewestweg,binnen bebouwde kom,Tussen 2 bestuurders: Langs achteren,Geen hindernis
13677,52,Brugge,Brugge,51.22632,3.24095,0.9453554629536519,51.234642565130784,3.243723050985473,2019,4,22,31005,Brugge,Normaal,Droog,"Nacht, openbare verlichting aanwezig en ontstoken",met lichtgewonden,3,Fiets,9,personenauto,Buiten Kruispunt,Gewestweg,binnen bebouwde kom,Tussen 2 bestuurders: Langs achteren,Geen hindernis
13677,54,Brugge teller 2,Brugge,51.23015,3.22818,1.1919369599179175,51.234642565130784,3.243723050985473,2019,4,22,31005,Brugge,Normaal,Droog,"Nacht, openbare verlichting aanwezig en ontstoken",met lichtgewonden,3,Fiets,9,personenauto,Buiten Kruispunt,Gewestweg,binnen bebouwde kom,Tussen 2 bestuurders: Langs achteren,Geen hindernis
13677,53,Brugge teller 1,Brugge,51.23023,3.228,1.1996608279355796,51.234642565130784,3.243723050985473,2019,4,22,31005,Brugge,Normaal,Droog,"Nacht, openbare verlichting aanwezig en ontstoken",met lichtgewonden,3,Fiets,9,personenauto,Buiten Kruispunt,Gewestweg,binnen bebouwde kom,Tussen 2 bestuurders: Langs achteren,Geen hindernis
13738,59,Ardooie teller 1,Ardooie,50.96784,3.18479,0.9079586684986458,50.97207882364924,3.1958726587294515,2019,4,18,37020,Ardooie,Regenval,"Nat, plassen",Dag,met lichtgewonden,3,Fiets,9,personenauto,Op Kruispunt,Gewestweg,binnen bebouwde kom,Tussen 2 bestuurders: Flank tegen flank,Geen hindernis
13738,60,Ardooie teller 2,Ardooie,50.96783,3.18411,0.949530484183573,50.97207882364924,3.1958726587294515,2019,4,18,37020,Ardooie,Regenval,"Nat, plassen",Dag,met lichtgewonden,3,Fiets,9,personenauto,Op Kruispunt,Gewestweg,binnen bebouwde kom,Tussen 2 bestuurders: Flank tegen flank,Geen hindernis
13740,59,Ardooie teller 1,Ardooie,50.96784,3.18479,0.2510552028456519,50.96913233540328,3.187729829943169,2019,4,19,37020,Ardooie,Normaal,Droog,Dag,met zwaargewonden,3,Fiets,10,"één bestuurder, geen hindernis",Buiten Kruispunt,Gewestweg,buiten bebouwde kom,"Eén bestuurder, geen hindernis (incl. val)",Geen hindernis
13740,60,Ardooie teller 2,Ardooie,50.96783,3.18411,0.29192771313123494,50.96913233540328,3.187729829943169,2019,4,19,37020,Ardooie,Normaal,Droog,Dag,met zwaargewonden,3,Fiets,10,"één bestuurder, geen hindernis",Buiten Kruispunt,Gewestweg,buiten bebouwde kom,"Eén bestuurder, geen hindernis (incl. val)",Geen hindernis
13744,59,Ardooie teller 1,Ardooie,50.96784,3.18479,0.8774887579642995,50.97050903780083,3.196582805396784,2019,3,7,37020,Ardooie,Normaal,Droog,Dageraad - schemering,met lichtgewonden,9,personenauto,3,Fiets,Op Kruispunt,Gemeenteweg,binnen bebouwde kom,Tss. 2 best.: langs opzij (voor-/achterkant-flank),Geen hindernis
13744,60,Ardooie teller 2,Ardooie,50.96783,3.18411,0.9227977827394692,50.97050903780083,3.196582805396784,2019,3,7,37020,Ardooie,Normaal,Droog,Dageraad - schemering,met lichtgewonden,9,personenauto,3,Fiets,Op Kruispunt,Gemeenteweg,binnen bebouwde kom,Tss. 2 best.: langs opzij (voor-/achterkant-flank),Geen hindernis
13745,18,Oostende 1,Oostende,51.21378,2.92765,0.2221425904780899,51.21557363155282,2.9262455226482347,2019,5,8,35013,Oostende,Normaal,Proper,Dag,met lichtgewonden,3,Fiets,3,Fiets,Buiten Kruispunt,Gemeenteweg,binnen bebouwde kom,Tss. 2 best.: langs opzij (voor-/achterkant-flank),Geen hindernis
13745,15,Oostende 2,Oostende,51.21371,2.92743,0.22304577898955646,51.21557363155282,2.9262455226482347,2019,5,8,35013,Oostende,Normaal,Proper,Dag,met lichtgewonden,3,Fiets,3,Fiets,Buiten Kruispunt,Gemeenteweg,binnen bebouwde kom,Tss. 2 best.: langs opzij (voor-/achterkant-flank),Geen hindernis
13746,18,Oostende 1,Oostende,51.21378,2.92765,0.6303678716459725,51.21772991329238,2.9341419111479445,2019,5,10,35013,Oostende,Normaal,Droog,Dag,met lichtgewonden,3,Fiets,9,personenauto,Buiten Kruispunt,Gemeenteweg,binnen bebouwde kom,Tss. 2 best.: langs opzij (voor-/achterkant-flank),Geen hindernis
13746,15,Oostende 2,Oostende,51.21371,2.92743,0.6468030332260364,51.21772991329238,2.9341419111479445,2019,5,10,35013,Oostende,Normaal,Droog,Dag,met lichtgewonden,3,Fiets,9,personenauto,Buiten Kruispunt,Gemeenteweg,binnen bebouwde kom,Tss. 2 best.: langs opzij (voor-/achterkant-flank),Geen hindernis
13747,15,Oostende 2,Oostende,51.21371,2.92743,2.0620015862328946,51.22599390732514,2.9052501975615654,2019,5,16,35013,Oostende,Normaal,Droog,Dag,met lichtgewonden,9,personenauto,3,Fiets,Buiten Kruispunt,Gewestweg,binnen bebouwde kom,Tss. 2 best.: langs opzij (voor-/achterkant-flank),Geen hindernis
13747,18,Oostende 1,Oostende,51.21378,2.92765,2.0683845720182052,51.22599390732514,2.9052501975615654,2019,5,16,35013,Oostende,Normaal,Droog,Dag,met lichtgewonden,9,personenauto,3,Fiets,Buiten Kruispunt,Gewestweg,binnen bebouwde kom,Tss. 2 best.: langs opzij (voor-/achterkant-flank),Geen hindernis
13748,15,Oostende 2,Oostende,51.21371,2.92743,0.793001199620106,51.209292603555696,2.9184925870354563,2019,5,15,35013,Oostende,Normaal,Droog,Dag,met lichtgewonden,5,Lichte vrachtauto,3,Fiets,Op Kruispunt,Gemeenteweg,binnen bebouwde kom,Tss. 2 best.: langs opzij (voor-/achterkant-flank),Geen hindernis
13748,18,Oostende 1,Oostende,51.21378,2.92765,0.8098600829846692,51.209292603555696,2.9184925870354563,2019,5,15,35013,Oostende,Normaal,Droog,Dag,met lichtgewonden,5,Lichte vrachtauto,3,Fiets,Op Kruispunt,Gemeenteweg,binnen bebouwde kom,Tss. 2 best.: langs opzij (voor-/achterkant-flank),Geen hindernis
13749,15,Oostende 2,Oostende,51.21371,2.92743,1.5911348198170738,51.22158659979727,2.9083572299657834,2019,4,16,35013,Oostende,Normaal,Droog,Dag,met lichtgewonden,9,personenauto,3,Fiets,Op Kruispunt,Gewestweg,binnen bebouwde kom,Tss. 2 best.: langs opzij (voor-/achterkant-flank),Geen hindernis
13749,18,Oostende 1,Oostende,51.21378,2.92765,1.5997115792079126,51.22158659979727,2.9083572299657834,2019,4,16,35013,Oostende,Normaal,Droog,Dag,met lichtgewonden,9,personenauto,3,Fiets,Op Kruispunt,Gewestweg,binnen bebouwde kom,Tss. 2 best.: langs opzij (voor-/achterkant-flank),Geen hindernis
13750,15,Oostende 2,Oostende,51.21371,2.92743,1.6262057980639442,51.20655565332388,2.907069088902237,2019,5,15,35013,Oostende,Normaal,Droog,Dag,met lichtgewonden,3,Fiets,6,Bromfiets,Buiten Kruispunt,Gewestweg,binnen bebouwde kom,Tss. 2 best.: langs opzij (voor-/achterkant-flank),Geen hindernis
13750,18,Oostende 1,Oostende,51.21378,2.92765,1.6433789389624562,51.20655565332388,2.907069088902237,2019,5,15,35013,Oostende,Normaal,Droog,Dag,met lichtgewonden,3,Fiets,6,Bromfiets,Buiten Kruispunt,Gewestweg,binnen bebouwde kom,Tss. 2 best.: langs opzij (voor-/achterkant-flank),Geen hindernis
13751,15,Oostende 2,Oostende,51.21371,2.92743,1.631843525729986,51.21543990903847,2.9041651892315468,2019,4,12,35013,Oostende,Normaal,Droog,Dag,met lichtgewonden,3,Fiets,9,personenauto,Op Kruispunt,Gemeenteweg,binnen bebouwde kom,Tss. 2 best.: langs opzij (voor-/achterkant-flank),Geen hindernis
13751,18,Oostende 1,Oostende,51.21378,2.92765,1.646169246644941,51.21543990903847,2.9041651892315468,2019,4,12,35013,Oostende,Normaal,Droog,Dag,met lichtgewonden,3,Fiets,9,personenauto,Op Kruispunt,Gemeenteweg,binnen bebouwde kom,Tss. 2 best.: langs opzij (voor-/achterkant-flank),Geen hindernis
13752,18,Oostende 1,Oostende,51.21378,2.92765,1.900843814742992,51.22857110248731,2.941333858346316,2019,4,16,35013,Oostende,Normaal,Droog,Dag,met lichtgewonden,3,Fiets,9,personenauto,Op Kruispunt,Gewestweg,binnen bebouwde kom,Tss. 2 best.: langs opzij (voor-/achterkant-flank),Geen hindernis
13752,15,Oostende 2,Oostende,51.21371,2.92743,1.9152832089714869,51.22857110248731,2.941333858346316,2019,4,16,35013,Oostende,Normaal,Droog,Dag,met lichtgewonden,3,Fiets,9,personenauto,Op Kruispunt,Gewestweg,binnen bebouwde kom,Tss. 2 best.: langs opzij (voor-/achterkant-flank),Geen hindernis
13753,15,Oostende 2,Oostende,51.21371,2.92743,1.4715986549529787,51.21792291733737,2.9074009855262877,2019,3,8,35013,Oostende,Normaal,Droog,Dag,met lichtgewonden,3,Fiets,9,personenauto,Op Kruispunt,Gewestweg,binnen bebouwde kom,Tss. 2 best.: langs opzij (voor-/achterkant-flank),Geen hindernis
13753,18,Oostende 1,Oostende,51.21378,2.92765,1.4836966404227927,51.21792291733737,2.9074009855262877,2019,3,8,35013,Oostende,Normaal,Droog,Dag,met lichtgewonden,3,Fiets,9,personenauto,Op Kruispunt,Gewestweg,binnen bebouwde kom,Tss. 2 best.: langs opzij (voor-/achterkant-flank),Geen hindernis
13754,15,Oostende 2,Oostende,51.21371,2.92743,1.3217173723600242,51.22420406686004,2.9185173512337648,2019,3,15,35013,Oostende,Normaal,Droog,Dag,met lichtgewonden,9,personenauto,3,Fiets,Buiten Kruispunt,Gewestweg,binnen bebouwde kom,Tss. 2 best.: langs opzij (voor-/achterkant-flank),Geen hindernis
13754,18,Oostende 1,Oostende,51.21378,2.92765,1.322152926600326,51.22420406686004,2.9185173512337648,2019,3,15,35013,Oostende,Normaal,Droog,Dag,met lichtgewonden,9,personenauto,3,Fiets,Buiten Kruispunt,Gewestweg,binnen bebouwde kom,Tss. 2 best.: langs opzij (voor-/achterkant-flank),Geen hindernis
13755,18,Oostende 1,Oostende,51.21378,2.92765,1.9573276576126728,51.23007483699314,2.9170190054885503,2019,4,15,35013,Oostende,Normaal,Droog,Dag,met lichtgewonden,3,Fiets,10,"één bestuurder, geen hindernis",Op Kruispunt,Gemeenteweg,binnen bebouwde kom,"Eén bestuurder, geen hindernis (incl. val)",Geen hindernis
13755,15,Oostende 2,Oostende,51.21371,2.92743,1.9588127857972857,51.23007483699314,2.9170190054885503,2019,4,15,35013,Oostende,Normaal,Droog,Dag,met lichtgewonden,3,Fiets,10,"één bestuurder, geen hindernis",Op Kruispunt,Gemeenteweg,binnen bebouwde kom,"Eén bestuurder, geen hindernis (incl. val)",Geen hindernis
13756,15,Oostende 2,Oostende,51.21371,2.92743,1.4545832606169862,51.215172326135,2.90667770523283,2019,3,9,35013,Oostende,Normaal,"Nat, plassen",Dag,met lichtgewonden,9,personenauto,3,Fiets,Op Kruispunt,Gewestweg,binnen bebouwde kom,Tussen 2 bestuurders: Flank tegen flank,Geen hindernis
13756,18,Oostende 1,Oostende,51.21378,2.92765,1.4689701146696748,51.215172326135,2.90667770523283,2019,3,9,35013,Oostende,Normaal,"Nat, plassen",Dag,met lichtgewonden,9,personenauto,3,Fiets,Op Kruispunt,Gewestweg,binnen bebouwde kom,Tussen 2 bestuurders: Flank tegen flank,Geen hindernis
13757,18,Oostende 1,Oostende,51.21378,2.92765,0.9687446167708643,51.21552497460337,2.941276320408798,2019,5,16,35013,Oostende,Normaal,Droog,Dag,met lichtgewonden,3,Fiets,9,personenauto,Op Kruispunt,Gemeenteweg,binnen bebouwde kom,Tussen 2 bestuurders: Flank tegen flank,Geen hindernis
13757,15,Oostende 2,Oostende,51.21371,2.92743,0.9853280203914074,51.21552497460337,2.941276320408798,2019,5,16,35013,Oostende,Normaal,Droog,Dag,met lichtgewonden,3,Fiets,9,personenauto,Op Kruispunt,Gemeenteweg,binnen bebouwde kom,Tussen 2 bestuurders: Flank tegen flank,Geen hindernis
13758,15,Oostende 2,Oostende,51.21371,2.92743,1.8165251314715163,51.223439676061936,2.906478593845062,2019,5,13,35013,Oostende,Normaal,Droog,Dag,met lichtgewonden,3,Fiets,11,een weggebruiker tegen een hindernis,Buiten Kruispunt,Gewestweg,binnen bebouwde kom,Weggebruiker tegen hindernis op de rijbaan,"Op de rijbaan: Werken (signal., aarde, toestel,…)"
13758,18,Oostende 1,Oostende,51.21378,2.92765,1.8242615996713276,51.223439676061936,2.906478593845062,2019,5,13,35013,Oostende,Normaal,Droog,Dag,met lichtgewonden,3,Fiets,11,een weggebruiker tegen een hindernis,Buiten Kruispunt,Gewestweg,binnen bebouwde kom,Weggebruiker tegen hindernis op de rijbaan,"Op de rijbaan: Werken (signal., aarde, toestel,…)"
13759,15,Oostende 2,Oostende,51.21371,2.92743,1.8165067356807039,51.22550409181736,2.909382800337374,2019,3,9,35013,Oostende,Normaal,Droog,Dag,met lichtgewonden,9,personenauto,3,Fiets,Buiten Kruispunt,Gewestweg,binnen bebouwde kom,Tussen 2 bestuurders: Langs achteren,Geen hindernis
13759,18,Oostende 1,Oostende,51.21378,2.92765,1.8215626968016772,51.22550409181736,2.909382800337374,2019,3,9,35013,Oostende,Normaal,Droog,Dag,met lichtgewonden,9,personenauto,3,Fiets,Buiten Kruispunt,Gewestweg,binnen bebouwde kom,Tussen 2 bestuurders: Langs achteren,Geen hindernis
13760,15,Oostende 2,Oostende,51.21371,2.92743,1.760018698258953,51.22464179638376,2.9091544298020047,2019,5,7,35013,Oostende,Normaal,Droog,Dag,met lichtgewonden,5,Lichte vrachtauto,3,Fiets,Op Kruispunt,Gewestweg,binnen bebouwde kom,Tss. 2 best.: langs opzij (voor-/achterkant-flank),Geen hindernis
13760,18,Oostende 1,Oostende,51.21378,2.92765,1.7657974000728334,51.22464179638376,2.9091544298020047,2019,5,7,35013,Oostende,Normaal,Droog,Dag,met lichtgewonden,5,Lichte vrachtauto,3,Fiets,Op Kruispunt,Gewestweg,binnen bebouwde kom,Tss. 2 best.: langs opzij (voor-/achterkant-flank),Geen hindernis
13761,18,Oostende 1,Oostende,51.21378,2.92765,2.136198760694466,51.232076686615414,2.918298029117081,2019,5,11,35013,Oostende,Normaal,Droog,Dag,met lichtgewonden,3,Fiets,8,Voetganger,Buiten Kruispunt,Gemeenteweg,binnen bebouwde kom,Met een voetganger,Geen hindernis
13761,15,Oostende 2,Oostende,51.21371,2.92743,2.139008283946309,51.232076686615414,2.918298029117081,2019,5,11,35013,Oostende,Normaal,Droog,Dag,met lichtgewonden,3,Fiets,8,Voetganger,Buiten Kruispunt,Gemeenteweg,binnen bebouwde kom,Met een voetganger,Geen hindernis
13762,18,Oostende 1,Oostende,51.21378,2.92765,2.1966227770365903,51.23306787424421,2.920833270675825,2019,5,11,35013,Oostende,Normaal,Droog,Dag,met lichtgewonden,9,personenauto,3,Fiets,Op Kruispunt,Gemeenteweg,binnen bebouwde kom,Tussen 2 bestuurders: Flank tegen flank,Geen hindernis
13762,15,Oostende 2,Oostende,51.21371,2.92743,2.200974479647307,51.23306787424421,2.920833270675825,2019,5,11,35013,Oostende,Normaal,Droog,Dag,met lichtgewonden,9,personenauto,3,Fiets,Op Kruispunt,Gemeenteweg,binnen bebouwde kom,Tussen 2 bestuurders: Flank tegen flank,Geen hindernis
13763,15,Oostende 2,Oostende,51.21371,2.92743,2.4616722078874544,51.2157970601546,2.892245383279887,2019,5,18,35013,Oostende,Onbekend,Onbekend,Dag,met lichtgewonden,3,Fiets,9,personenauto,Op Kruispunt,Gewestweg,binnen bebouwde kom,Tss. 2 best.: langs opzij (voor-/achterkant-flank),Geen hindernis
13763,18,Oostende 1,Oostende,51.21378,2.92765,2.47620899619587,51.2157970601546,2.892245383279887,2019,5,18,35013,Oostende,Onbekend,Onbekend,Dag,met lichtgewonden,3,Fiets,9,personenauto,Op Kruispunt,Gewestweg,binnen bebouwde kom,Tss. 2 best.: langs opzij (voor-/achterkant-flank),Geen hindernis
13764,18,Oostende 1,Oostende,51.21378,2.92765,2.085122363900613,51.21089287883479,2.9572274304322113,2019,5,16,35013,Oostende,Normaal,Droog,Dag,met lichtgewonden,4,Vrachtwagen,3,Fiets,Buiten Kruispunt,Gemeenteweg,binnen bebouwde kom,Tussen 2 bestuurders: Flank tegen flank,Geen hindernis
13764,15,Oostende 2,Oostende,51.21371,2.92743,2.09909129469946,51.21089287883479,2.9572274304322113,2019,5,16,35013,Oostende,Normaal,Droog,Dag,met lichtgewonden,4,Vrachtwagen,3,Fiets,Buiten Kruispunt,Gemeenteweg,binnen bebouwde kom,Tussen 2 bestuurders: Flank tegen flank,Geen hindernis
13765,15,Oostende 2,Oostende,51.21371,2.92743,1.2238300816364929,51.220542014603694,2.9136538456124166,2019,5,15,35013,Oostende,Normaal,Droog,Dag,met lichtgewonden,3,Fiets,9,personenauto,Buiten Kruispunt,Gemeenteweg,binnen bebouwde kom,Tss. 2 best.: langs opzij (voor-/achterkant-flank),Geen hindernis
13765,18,Oostende 1,Oostende,51.21378,2.92765,1.2311101688424433,51.220542014603694,2.9136538456124166,2019,5,15,35013,Oostende,Normaal,Droog,Dag,met lichtgewonden,3,Fiets,9,personenauto,Buiten Kruispunt,Gemeenteweg,binnen bebouwde kom,Tss. 2 best.: langs opzij (voor-/achterkant-flank),Geen hindernis
13768,18,Oostende 1,Oostende,51.21378,2.92765,0.1267299731946162,51.21482495773266,2.92692367764211,2019,5,17,35013,Oostende,Normaal,Droog,Dag,met lichtgewonden,9,personenauto,3,Fiets,Op Kruispunt,Gewestweg,binnen bebouwde kom,Tss. 2 best.: langs opzij (voor-/achterkant-flank),Geen hindernis
13768,15,Oostende 2,Oostende,51.21371,2.92743,0.1288961949713488,51.21482495773266,2.92692367764211,2019,5,17,35013,Oostende,Normaal,Droog,Dag,met lichtgewonden,9,personenauto,3,Fiets,Op Kruispunt,Gewestweg,binnen bebouwde kom,Tss. 2 best.: langs opzij (voor-/achterkant-flank),Geen hindernis
13769,50,"Brugge, Sint-Andries",Brugge,51.19291,3.16252,1.651422326902873,51.199383714214264,3.141190262770219,2019,5,10,31012,Jabbeke,Normaal,Droog,Dag,met lichtgewonden,9,personenauto,3,Fiets,Buiten Kruispunt,Gemeenteweg,onbekend,Tussen 2 bestuurders: Flank tegen flank,Geen hindernis
13769,51,"Brugge, Sint-Andries",Brugge,51.19281,3.16252,1.6563009216830602,51.199383714214264,3.141190262770219,2019,5,10,31012,Jabbeke,Normaal,Droog,Dag,met lichtgewonden,9,personenauto,3,Fiets,Buiten Kruispunt,Gemeenteweg,onbekend,Tussen 2 bestuurders: Flank tegen flank,Geen hindernis
13776,55,Torhout teller 1,Torhout,51.07161,3.08261,0.408016659804768,51.07137809523059,3.088438034454089,2019,3,1,31033,Torhout,Normaal,Droog,"Nacht, openbare verlichting aanwezig en ontstoken",met lichtgewonden,3,Fiets,10,"één bestuurder, geen hindernis",Buiten Kruispunt,Gemeenteweg,binnen bebouwde kom,"Eén bestuurder, geen hindernis (incl. val)",Geen hindernis
13776,56,Torhout teller 2,Torhout,51.07147,3.08244,0.4192039930558866,51.07137809523059,3.088438034454089,2019,3,1,31033,Torhout,Normaal,Droog,"Nacht, openbare verlichting aanwezig en ontstoken",met lichtgewonden,3,Fiets,10,"één bestuurder, geen hindernis",Buiten Kruispunt,Gemeenteweg,binnen bebouwde kom,"Eén bestuurder, geen hindernis (incl. val)",Geen hindernis
13783,50,"Brugge, Sint-Andries",Brugge,51.19291,3.16252,2.3412883616326368,51.213935493493956,3.160720215524501,2019,4,17,31005,Brugge,Normaal,Droog,Dag,met lichtgewonden,3,Fiets,11,een weggebruiker tegen een hindernis,Buiten Kruispunt,Gemeenteweg,onbekend,Weggebruiker tegen hindernis buiten rijbaan,Andere hindernis
13783,51,"Brugge, Sint-Andries",Brugge,51.19281,3.16252,2.3523919785292366,51.213935493493956,3.160720215524501,2019,4,17,31005,Brugge,Normaal,Droog,Dag,met lichtgewonden,3,Fiets,11,een weggebruiker tegen een hindernis,Buiten Kruispunt,Gemeenteweg,onbekend,Weggebruiker tegen hindernis buiten rijbaan,Andere hindernis
13784,55,Torhout teller 1,Torhout,51.07161,3.08261,1.1876548187974778,51.073211999264736,3.099416268577378,2019,4,18,31033,Torhout,Normaal,Droog,Dag,met lichtgewonden,3,Fiets,9,personenauto,Buiten Kruispunt,Gemeenteweg,buiten bebouwde kom,Tussen 2 bestuurders: Frontale botsing,Geen hindernis
13784,56,Torhout teller 2,Torhout,51.07147,3.08244,1.2018117547071068,51.073211999264736,3.099416268577378,2019,4,18,31033,Torhout,Normaal,Droog,Dag,met lichtgewonden,3,Fiets,9,personenauto,Buiten Kruispunt,Gemeenteweg,buiten bebouwde kom,Tussen 2 bestuurders: Frontale botsing,Geen hindernis
13785,55,Torhout teller 1,Torhout,51.07161,3.08261,1.9439019233948056,51.067585114605016,3.109683435322199,2019,4,17,31033,Torhout,Normaal,Droog,Dag,met zwaargewonden,9,personenauto,3,Fiets,Op Kruispunt,Gemeenteweg,binnen bebouwde kom,Tussen 2 bestuurders: Frontale botsing,Geen hindernis
13785,56,Torhout teller 2,Torhout,51.07147,3.08244,1.9519617610800297,51.067585114605016,3.109683435322199,2019,4,17,31033,Torhout,Normaal,Droog,Dag,met zwaargewonden,9,personenauto,3,Fiets,Op Kruispunt,Gemeenteweg,binnen bebouwde kom,Tussen 2 bestuurders: Frontale botsing,Geen hindernis
13786,56,Torhout teller 2,Torhout,51.07147,3.08244,1.8347271728445034,51.0607763587163,3.102435760400192,2019,4,13,31033,Torhout,Normaal,Droog,Dag,met lichtgewonden,9,personenauto,3,Fiets,Op Kruispunt,Gewestweg,binnen bebouwde kom,Tss. 2 best.: langs opzij (voor-/achterkant-flank),Geen hindernis
13786,55,Torhout teller 1,Torhout,51.07161,3.08261,1.8358721381791197,51.0607763587163,3.102435760400192,2019,4,13,31033,Torhout,Normaal,Droog,Dag,met lichtgewonden,9,personenauto,3,Fiets,Op Kruispunt,Gewestweg,binnen bebouwde kom,Tss. 2 best.: langs opzij (voor-/achterkant-flank),Geen hindernis
13788,55,Torhout teller 1,Torhout,51.07161,3.08261,1.9439019233948056,51.067585114605016,3.109683435322199,2019,3,7,31033,Torhout,Normaal,Droog,Dag,met lichtgewonden,3,Fiets,9,personenauto,Op Kruispunt,Gemeenteweg,binnen bebouwde kom,Tss. 2 best.: langs opzij (voor-/achterkant-flank),Geen hindernis
13788,56,Torhout teller 2,Torhout,51.07147,3.08244,1.9519617610800297,51.067585114605016,3.109683435322199,2019,3,7,31033,Torhout,Normaal,Droog,Dag,met lichtgewonden,3,Fiets,9,personenauto,Op Kruispunt,Gemeenteweg,binnen bebouwde kom,Tss. 2 best.: langs opzij (voor-/achterkant-flank),Geen hindernis
13794,84,Roeselare totem,Izegem,50.91717,3.18772,1.2276007574303325,50.91675596008544,3.2052192176736307,2019,5,17,36008,Izegem,Normaal,Droog,Dag,met lichtgewonden,3,Fiets,8,Voetganger,Buiten Kruispunt,Gemeenteweg,binnen bebouwde kom,Met een voetganger,Geen hindernis
13799,84,Roeselare totem,Izegem,50.91717,3.18772,1.2843282454598999,50.921256401427726,3.1705833466803677,2019,5,7,36015,Roeselare,Normaal,Droog,Dag,met lichtgewonden,9,personenauto,3,Fiets,Op Kruispunt,Gemeenteweg,buiten bebouwde kom,Tss. 2 best.: langs opzij (voor-/achterkant-flank),Geen hindernis