crash_row_id,site_id,site_name,site_gemeente,site_lat,site_long,distance_km,crash_lat,crash_long,DT_YEAR_COLLISION,DT_MONTH_COLLISION,DT_TIME,CD_NIS,TX_MUNTY_COLLISION_NL,TX_WEATHER_NL,TX_ROAD_CONDITION_NL,TX_LIGHT_CONDITION_NL,TX_CLASS_ACCIDENTS_NL,CD_ROAD_USR_TYPE1,TX_ROAD_USR_TYPE1_NL,CD_ROAD_USR_TYPE2,TX_ROAD_USR_TYPE2_NL,TX_CROSSWAY_NL,CD_ROAD_TYPE_NL,TX_BUILD_UP_AREA_NL,TX_COLLISION_TYPE_NL,TX_OBSTACLES_NL
13800,59,Ardooie teller 1,Ardooie,50.96784,3.18479,1.2074989786376944,50.9752326938383,3.1974219167118876,2019,5,13,37020,Ardooie,Onbekend,Onbekend,Dag,met lichtgewonden,2,Andere weggebruiker,3,Fiets,Buiten Kruispunt,Gemeenteweg,onbekend,Tss. 2 best.: langs opzij (voor-/achterkant-flank),Geen hindernis
13800,60,Ardooie teller 2,Ardooie,50.96783,3.18411,1.2435344621652409,50.9752326938383,3.1974219167118876,2019,5,13,37020,Ardooie,Onbekend,Onbekend,Dag,met lichtgewonden,2,Andere weggebruiker,3,Fiets,Buiten Kruispunt,Gemeenteweg,onbekend,Tss. 2 best.: langs opzij (voor-/achterkant-flank),Geen hindernis
13804,84,Roeselare totem,Izegem,50.91717,3.18772,2.139984862028885,50.924319940460606,3.159376021776092,2019,5,16,36015,Roeselare,Normaal,Droog,Dag,met lichtgewonden,9,personenauto,3,Fiets,Buiten Kruispunt,Gemeenteweg,binnen bebouwde kom,Tss. 2 best.: langs opzij (voor-/achterkant-flank),Geen hindernis
13809,84,Roeselare totem,Izegem,50.91717,3.18772,1.6020077806268345,50.91888246122504,3.2104109102886027,2019,5,11,36008,Izegem,Normaal,Droog,Dag,met lichtgewonden,9,personenauto,3,Fiets,Op Kruispunt,Gewestweg,binnen bebouwde kom,Tussen 2 bestuurders: Langs achteren,Geen hindernis
13811,84,Roeselare totem,Izegem,50.91717,3.18772,1.1845054085052318,50.92367042701728,3.2011071095377237,2019,4,9,36008,Izegem,Normaal,Droog,Dag,met zwaargewonden,9,personenauto,3,Fiets,Op Kruispunt,Gemeenteweg,binnen bebouwde kom,Tss. 2 best.: langs opzij (voor-/achterkant-flank),Geen hindernis
13812,84,Roeselare totem,Izegem,50.91717,3.18772,0.784242987755681,50.9235586459165,3.1829801552612347,2019,4,16,36008,Izegem,Normaal,Droog,Dag,met lichtgewonden,5,Lichte vrachtauto,3,Fiets,Op Kruispunt,Gemeenteweg,buiten bebouwde kom,Tss. 2 best.: langs opzij (voor-/achterkant-flank),Geen hindernis
13817,84,Roeselare totem,Izegem,50.91717,3.18772,2.154730013413379,50.924734704152414,3.216020506332076,2019,4,19,36008,Izegem,Normaal,Droog,Dag,met lichtgewonden,3,Fiets,9,personenauto,Buiten Kruispunt,Gemeenteweg,binnen bebouwde kom,Tss. 2 best.: langs opzij (voor-/achterkant-flank),Geen hindernis
13823,84,Roeselare totem,Izegem,50.91717,3.18772,2.0782841859294163,50.93089596948089,3.167594904287956,2019,4,22,36015,Roeselare,Normaal,Droog,"Nacht, openbare verlichting aanwezig en ontstoken",met lichtgewonden,9,personenauto,3,Fiets,Op Kruispunt,Gewestweg,binnen bebouwde kom,Tss. 2 best.: langs opzij (voor-/achterkant-flank),Geen hindernis
13824,84,Roeselare totem,Izegem,50.91717,3.18772,2.3292771181218606,50.93101670431819,3.2126563393061,2019,4,12,36008,Izegem,Normaal,Droog,Dag,met lichtgewonden,9,personenauto,3,Fiets,Op Kruispunt,Gemeenteweg,binnen bebouwde kom,Kettingbotsing (3 bestuurders of meer),Geen hindernis
13826,84,Roeselare totem,Izegem,50.91717,3.18772,1.7020851328561997,50.91841489917703,3.2119199861889225,2019,4,18,36008,Izegem,Regenval,"Nat, plassen",Dag,met lichtgewonden,9,personenauto,3,Fiets,Op Kruispunt,Gewestweg,binnen bebouwde kom,Tss. 2 best.: langs opzij (voor-/achterkant-flank),Geen hindernis
13827,84,Roeselare totem,Izegem,50.91717,3.18772,1.7919775780486067,50.918042893720525,3.2132451144298004,2019,3,17,36008,Izegem,Normaal,Droog,Dag,met lichtgewonden,4,Vrachtwagen,3,Fiets,Op Kruispunt,Gewestweg,binnen bebouwde kom,Tss. 2 best.: langs opzij (voor-/achterkant-flank),Geen hindernis
13828,84,Roeselare totem,Izegem,50.91717,3.18772,0.784242987755681,50.9235586459165,3.1829801552612347,2019,3,7,36008,Izegem,Normaal,Droog,Dag,met lichtgewonden,3,Fiets,9,personenauto,Op Kruispunt,Gemeenteweg,buiten bebouwde kom,Tss. 2 best.: langs opzij (voor-/achterkant-flank),Geen hindernis
13829,84,Roeselare totem,Izegem,50.91717,3.18772,2.4368173715504082,50.912882218287336,3.2218075671248796,2019,3,18,36008,Izegem,Regenval,"Nat, plassen",Dag,met lichtgewonden,9,personenauto,3,Fiets,Op Kruispunt,Gemeenteweg,binnen bebouwde kom,Tss. 2 best.: langs opzij (voor-/achterkant-flank),Geen hindernis
13830,84,Roeselare totem,Izegem,50.91717,3.18772,1.695698922812404,50.9204852688186,3.211331308929845,2019,5,20,36008,Izegem,Normaal,Droog,Dag,met lichtgewonden,9,personenauto,3,Fiets,Op Kruispunt,Gemeenteweg,binnen bebouwde kom,Tss. 2 best.: langs opzij (voor-/achterkant-flank),Geen hindernis
13838,74,Kortrijk teller 1,Kortrijk,50.81909,3.25728,2.2052281380498506,50.809335638254275,3.229951061077848,2019,5,17,34022,Kortrijk,Normaal,Droog,Dag,met lichtgewonden,3,Fiets,3,Fiets,Op Kruispunt,Gemeenteweg,binnen bebouwde kom,Tss. 2 best.: langs opzij (voor-/achterkant-flank),Geen hindernis
13838,75,Kortrijk teller 2,Kortrijk,50.81925,3.25731,2.2158581164297604,50.809335638254275,3.229951061077848,2019,5,17,34022,Kortrijk,Normaal,Droog,Dag,met lichtgewonden,3,Fiets,3,Fiets,Op Kruispunt,Gemeenteweg,binnen bebouwde kom,Tss. 2 best.: langs opzij (voor-/achterkant-flank),Geen hindernis
13839,143,Eco Display Classic Budastraat,Kortrijk,50.83066,3.26286,2.250716391797156,50.84066562912142,3.2349994422616777,2019,5,10,34022,Kortrijk,Regenval,"Nat, plassen",Dag,met lichtgewonden,9,personenauto,3,Fiets,Op Kruispunt,Gemeenteweg,binnen bebouwde kom,Tss. 2 best.: langs opzij (voor-/achterkant-flank),Geen hindernis
13840,143,Eco Display Classic Budastraat,Kortrijk,50.83066,3.26286,0.8780044781662869,50.82475387966233,3.271156925957162,2019,5,8,34022,Kortrijk,Normaal,Droog,Dag,met lichtgewonden,9,personenauto,3,Fiets,Op Kruispunt,Gemeenteweg,binnen bebouwde kom,Tss. 2 best.: langs opzij (voor-/achterkant-flank),Geen hindernis
13840,16,Kortrijk 1,Kortrijk,50.83332,3.27777,1.0597187929437095,50.82475387966233,3.271156925957162,2019,5,8,34022,Kortrijk,Normaal,Droog,Dag,met lichtgewonden,9,personenauto,3,Fiets,Op Kruispunt,Gemeenteweg,binnen bebouwde kom,Tss. 2 best.: langs opzij (voor-/achterkant-flank),Geen hindernis
13840,17,Kortrijk 2,Kortrijk,50.83339,3.27773,1.0655000332383,50.82475387966233,3.271156925957162,2019,5,8,34022,Kortrijk,Normaal,Droog,Dag,met lichtgewonden,9,personenauto,3,Fiets,Op Kruispunt,Gemeenteweg,binnen bebouwde kom,Tss. 2 best.: langs opzij (voor-/achterkant-flank),Geen hindernis
13840,75,Kortrijk teller 2,Kortrijk,50.81925,3.25731,1.1491993058495231,50.82475387966233,3.271156925957162,2019,5,8,34022,Kortrijk,Normaal,Droog,Dag,met lichtgewonden,9,personenauto,3,Fiets,Op Kruispunt,Gemeenteweg,binnen bebouwde kom,Tss. 2 best.: langs opzij (voor-/achterkant-flank),Geen hindernis
13840,74,Kortrijk teller 1,Kortrijk,50.81909,3.25728,1.1605427140989333,50.82475387966233,3.271156925957162,2019,5,8,34022,Kortrijk,Normaal,Droog,Dag,met lichtgewonden,9,personenauto,3,Fiets,Op Kruispunt,Gemeenteweg,binnen bebouwde kom,Tss. 2 best.: langs opzij (voor-/achterkant-flank),Geen hindernis
13841,16,Kortrijk 1,Kortrijk,50.83332,3.27777,1.1589589315020439,50.828757763654764,3.2926070775243335,2019,4,8,34022,Kortrijk,Normaal,Droog,Dag,met lichtgewonden,9,personenauto,3,Fiets,Op Kruispunt,Gemeenteweg,binnen bebouwde kom,Tss. 2 best.: langs opzij (voor-/achterkant-flank),Geen hindernis
13841,17,Kortrijk 2,Kortrijk,50.83339,3.27773,1.164905405382438,50.828757763654764,3.2926070775243335,2019,4,8,34022,Kortrijk,Normaal,Droog,Dag,met lichtgewonden,9,personenauto,3,Fiets,Op Kruispunt,Gemeenteweg,binnen bebouwde kom,Tss. 2 best.: langs opzij (voor-/achterkant-flank),Geen hindernis
13841,143,Eco Display Classic Budastraat,Kortrijk,50.83066,3.26286,2.0999291152724897,50.828757763654764,3.2926070775243335,2019,4,8,34022,Kortrijk,Normaal,Droog,Dag,met lichtgewonden,9,personenauto,3,Fiets,Op Kruispunt,Gemeenteweg,binnen bebouwde kom,Tss. 2 best.: langs opzij (voor-/achterkant-flank),Geen hindernis
13842,75,Kortrijk teller 2,Kortrijk,50.81925,3.25731,0.43418166787299006,50.82304014982014,3.2587960630379116,2019,4,12,34022,Kortrijk,Normaal,Droog,Dag,met lichtgewonden,9,personenauto,3,Fiets,Op Kruispunt,Gewestweg,binnen bebouwde kom,Tss. 2 best.: langs opzij (voor-/achterkant-flank),Geen hindernis
13842,74,Kortrijk teller 1,Kortrijk,50.81909,3.25728,0.45196321081605406,50.82304014982014,3.2587960630379116,2019,4,12,34022,Kortrijk,Normaal,Droog,Dag,met lichtgewonden,9,personenauto,3,Fiets,Op Kruispunt,Gewestweg,binnen bebouwde kom,Tss. 2 best.: langs opzij (voor-/achterkant-flank),Geen hindernis
13842,143,Eco Display Classic Budastraat,Kortrijk,50.83066,3.26286,0.8940782127792999,50.82304014982014,3.2587960630379116,2019,4,12,34022,Kortrijk,Normaal,Droog,Dag,met lichtgewonden,9,personenauto,3,Fiets,Op Kruispunt,Gewestweg,binnen bebouwde kom,Tss. 2 best.: langs opzij (voor-/achterkant-flank),Geen hindernis
13842,16,Kortrijk 1,Kortrijk,50.83332,3.27777,1.7557251715146327,50.82304014982014,3.2587960630379116,2019,4,12,34022,Kortrijk,Normaal,Droog,Dag,met lichtgewonden,9,personenauto,3,Fiets,Op Kruispunt,Gewestweg,binnen bebouwde kom,Tss. 2 best.: langs opzij (voor-/achterkant-flank),Geen hindernis
13842,17,Kortrijk 2,Kortrijk,50.83339,3.27773,1.7586765276992788,50.82304014982014,3.2587960630379116,2019,4,12,34022,Kortrijk,Normaal,Droog,Dag,met lichtgewonden,9,personenauto,3,Fiets,Op Kruispunt,Gewestweg,binnen bebouwde kom,Tss. 2 best.: langs opzij (voor-/achterkant-flank),Geen hindernis
13843,16,Kortrijk 1,Kortrijk,50.83332,3.27777,2.036631371140582,50.81910619166538,3.2960572020380194,2019,4,7,34022,Kortrijk,Normaal,Droog,Dag,met zwaargewonden,9,personenauto,3,Fiets,Op Kruispunt,Gewestweg,buiten bebouwde kom,Tss. 2 best.: langs opzij (voor-/achterkant-flank),Geen hindernis
13843,17,Kortrijk 2,Kortrijk,50.83339,3.27773,2.0444449397344853,50.81910619166538,3.2960572020380194,2019,4,7,34022,Kortrijk,Normaal,Droog,Dag,met zwaargewonden,9,personenauto,3,Fiets,Op Kruispunt,Gewestweg,buiten bebouwde kom,Tss. 2 best.: langs opzij (voor-/achterkant-flank),Geen hindernis
13844,143,Eco Display Classic Budastraat,Kortrijk,50.83066,3.26286,0.8747790160485073,50.824267846551656,3.2701202388317636,2019,4,7,34022,Kortrijk,Normaal,Droog,Dag,met lichtgewonden,3,Fiets,3,Fiets,Buiten Kruispunt,Gewestweg,binnen bebouwde kom,Tussen 2 bestuurders: Frontale botsing,Geen hindernis
13844,75,Kortrijk teller 2,Kortrijk,50.81925,3.25731,1.0588080172119412,50.824267846551656,3.2701202388317636,2019,4,7,34022,Kortrijk,Normaal,Droog,Dag,met lichtgewonden,3,Fiets,3,Fiets,Buiten Kruispunt,Gewestweg,binnen bebouwde kom,Tussen 2 bestuurders: Frontale botsing,Geen hindernis
13844,74,Kortrijk teller 1,Kortrijk,50.81909,3.25728,1.0700674652241804,50.824267846551656,3.2701202388317636,2019,4,7,34022,Kortrijk,Normaal,Droog,Dag,met lichtgewonden,3,Fiets,3,Fiets,Buiten Kruispunt,Gewestweg,binnen bebouwde kom,Tussen 2 bestuurders: Frontale botsing,Geen hindernis
13844,16,Kortrijk 1,Kortrijk,50.83332,3.27777,1.1409741486595062,50.824267846551656,3.2701202388317636,2019,4,7,34022,Kortrijk,Normaal,Droog,Dag,met lichtgewonden,3,Fiets,3,Fiets,Buiten Kruispunt,Gewestweg,binnen bebouwde kom,Tussen 2 bestuurders: Frontale botsing,Geen hindernis
13844,17,Kortrijk 2,Kortrijk,50.83339,3.27773,1.1465341171292251,50.824267846551656,3.2701202388317636,2019,4,7,34022,Kortrijk,Normaal,Droog,Dag,met lichtgewonden,3,Fiets,3,Fiets,Buiten Kruispunt,Gewestweg,binnen bebouwde kom,Tussen 2 bestuurders: Frontale botsing,Geen hindernis
13845,74,Kortrijk teller 1,Kortrijk,50.81909,3.25728,1.3946943387637336,50.81103740515226,3.242059804025685,2019,4,18,34022,Kortrijk,Normaal,Droog,Dag,met lichtgewonden,9,personenauto,3,Fiets,Op Kruispunt,Gemeenteweg,binnen bebouwde kom,Tussen 2 bestuurders: Frontale botsing,Geen hindernis
13845,75,Kortrijk teller 2,Kortrijk,50.81925,3.25731,1.4077846314186928,50.81103740515226,3.242059804025685,2019,4,18,34022,Kortrijk,Normaal,Droog,Dag,met lichtgewonden,9,personenauto,3,Fiets,Op Kruispunt,Gemeenteweg,binnen bebouwde kom,Tussen 2 bestuurders: Frontale botsing,Geen hindernis
13846,143,Eco Display Classic Budastraat,Kortrijk,50.83066,3.26286,1.6631622071897105,50.844754886645646,3.2549344620357368,2019,5,18,34022,Kortrijk,Normaal,Droog,Dag,met lichtgewonden,3,Fiets,8,Voetganger,Buiten Kruispunt,Gemeenteweg,binnen bebouwde kom,Met een voetganger,Geen hindernis
13846,17,Kortrijk 2,Kortrijk,50.83339,3.27773,2.039413548219797,50.844754886645646,3.2549344620357368,2019,5,18,34022,Kortrijk,Normaal,Droog,Dag,met lichtgewonden,3,Fiets,8,Voetganger,Buiten Kruispunt,Gemeenteweg,binnen bebouwde kom,Met een voetganger,Geen hindernis
13846,16,Kortrijk 1,Kortrijk,50.83332,3.27777,2.046446831680262,50.844754886645646,3.2549344620357368,2019,5,18,34022,Kortrijk,Normaal,Droog,Dag,met lichtgewonden,3,Fiets,8,Voetganger,Buiten Kruispunt,Gemeenteweg,binnen bebouwde kom,Met een voetganger,Geen hindernis
13848,16,Kortrijk 1,Kortrijk,50.83332,3.27777,0.822608099101928,50.8263897073427,3.2736719891063997,2019,4,7,34022,Kortrijk,Normaal,Droog,Dag,met lichtgewonden,9,personenauto,3,Fiets,Buiten Kruispunt,Gemeenteweg,binnen bebouwde kom,Tss. 2 best.: langs opzij (voor-/achterkant-flank),Geen hindernis
13848,17,Kortrijk 2,Kortrijk,50.83339,3.27773,0.8289340414230822,50.8263897073427,3.2736719891063997,2019,4,7,34022,Kortrijk,Normaal,Droog,Dag,met lichtgewonden,9,personenauto,3,Fiets,Buiten Kruispunt,Gemeenteweg,binnen bebouwde kom,Tss. 2 best.: langs opzij (voor-/achterkant-flank),Geen hindernis
13848,143,Eco Display Classic Budastraat,Kortrijk,50.83066,3.26286,0.8956199804304953,50.8263897073427,3.2736719891063997,2019,4,7,34022,Kortrijk,Normaal,Droog,Dag,met lichtgewonden,9,personenauto,3,Fiets,Buiten Kruispunt,Gemeenteweg,binnen bebouwde kom,Tss. 2 best.: langs opzij (voor-/achterkant-flank),Geen hindernis
13848,75,Kortrijk teller 2,Kortrijk,50.81925,3.25731,1.3968692773341451,50.8263897073427,3.2736719891063997,2019,4,7,34022,Kortrijk,Normaal,Droog,Dag,met lichtgewonden,9,personenauto,3,Fiets,Buiten Kruispunt,Gemeenteweg,binnen bebouwde kom,Tss. 2 best.: langs opzij (voor-/achterkant-flank),Geen hindernis
13848,74,Kortrijk teller 1,Kortrijk,50.81909,3.25728,1.4087803752208052,50.8263897073427,3.2736719891063997,2019,4,7,34022,Kortrijk,Normaal,Droog,Dag,met lichtgewonden,9,personenauto,3,Fiets,Buiten Kruispunt,Gemeenteweg,binnen bebouwde kom,Tss. 2 best.: langs opzij (voor-/achterkant-flank),Geen hindernis
13849,74,Kortrijk teller 1,Kortrijk,50.81909,3.25728,2.0775951965516977,50.80212936404519,3.2696845694439047,2019,4,15,34022,Kortrijk,Regenval,"Nat, plassen",Dag,met lichtgewonden,9,personenauto,3,Fiets,Op Kruispunt,Gewestweg,binnen bebouwde kom,Tss. 2 best.: langs opzij (voor-/achterkant-flank),Geen hindernis
13849,75,Kortrijk teller 2,Kortrijk,50.81925,3.25731,2.092881253908589,50.80212936404519,3.2696845694439047,2019,4,15,34022,Kortrijk,Regenval,"Nat, plassen",Dag,met lichtgewonden,9,personenauto,3,Fiets,Op Kruispunt,Gewestweg,binnen bebouwde kom,Tss. 2 best.: langs opzij (voor-/achterkant-flank),Geen hindernis
13850,74,Kortrijk teller 1,Kortrijk,50.81909,3.25728,0.4509805729074939,50.81649727380761,3.2622164849153177,2019,3,15,34022,Kortrijk,Normaal,Droog,Dag,met zwaargewonden,9,personenauto,3,Fiets,Op Kruispunt,Gewestweg,binnen bebouwde kom,Tss. 2 best.: langs opzij (voor-/achterkant-flank),Geen hindernis
13850,75,Kortrijk teller 2,Kortrijk,50.81925,3.25731,0.46097785654468576,50.81649727380761,3.2622164849153177,2019,3,15,34022,Kortrijk,Normaal,Droog,Dag,met zwaargewonden,9,personenauto,3,Fiets,Op Kruispunt,Gewestweg,binnen bebouwde kom,Tss. 2 best.: langs opzij (voor-/achterkant-flank),Geen hindernis
13850,143,Eco Display Classic Budastraat,Kortrijk,50.83066,3.26286,1.5754718928408649,50.81649727380761,3.2622164849153177,2019,3,15,34022,Kortrijk,Normaal,Droog,Dag,met zwaargewonden,9,personenauto,3,Fiets,Op Kruispunt,Gewestweg,binnen bebouwde kom,Tss. 2 best.: langs opzij (voor-/achterkant-flank),Geen hindernis
13850,16,Kortrijk 1,Kortrijk,50.83332,3.27777,2.1662628296627378,50.81649727380761,3.2622164849153177,2019,3,15,34022,Kortrijk,Normaal,Droog,Dag,met zwaargewonden,9,personenauto,3,Fiets,Op Kruispunt,Gewestweg,binnen bebouwde kom,Tss. 2 best.: langs opzij (voor-/achterkant-flank),Geen hindernis
13850,17,Kortrijk 2,Kortrijk,50.83339,3.27773,2.1715760444423604,50.81649727380761,3.2622164849153177,2019,3,15,34022,Kortrijk,Normaal,Droog,Dag,met zwaargewonden,9,personenauto,3,Fiets,Op Kruispunt,Gewestweg,binnen bebouwde kom,Tss. 2 best.: langs opzij (voor-/achterkant-flank),Geen hindernis
13851,143,Eco Display Classic Budastraat,Kortrijk,50.83066,3.26286,0.5407740442592806,50.82701710141957,3.257759067082015,2019,3,16,34022,Kortrijk,Normaal,Droog,Dag,met lichtgewonden,9,personenauto,3,Fiets,Op Kruispunt,Gewestweg,binnen bebouwde kom,Tss. 2 best.: langs opzij (voor-/achterkant-flank),Geen hindernis
13851,75,Kortrijk teller 2,Kortrijk,50.81925,3.25731,0.8642381339372294,50.82701710141957,3.257759067082015,2019,3,16,34022,Kortrijk,Normaal,Droog,Dag,met lichtgewonden,9,personenauto,3,Fiets,Op Kruispunt,Gewestweg,binnen bebouwde kom,Tss. 2 best.: langs opzij (voor-/achterkant-flank),Geen hindernis
13851,74,Kortrijk teller 1,Kortrijk,50.81909,3.25728,0.882095587657433,50.82701710141957,3.257759067082015,2019,3,16,34022,Kortrijk,Normaal,Droog,Dag,met lichtgewonden,9,personenauto,3,Fiets,Op Kruispunt,Gewestweg,binnen bebouwde kom,Tss. 2 best.: langs opzij (voor-/achterkant-flank),Geen hindernis
13851,16,Kortrijk 1,Kortrijk,50.83332,3.27777,1.5704848237894273,50.82701710141957,3.257759067082015,2019,3,16,34022,Kortrijk,Normaal,Droog,Dag,met lichtgewonden,9,personenauto,3,Fiets,Op Kruispunt,Gewestweg,binnen bebouwde kom,Tss. 2 best.: langs opzij (voor-/achterkant-flank),Geen hindernis
13851,17,Kortrijk 2,Kortrijk,50.83339,3.27773,1.571464870838624,50.82701710141957,3.257759067082015,2019,3,16,34022,Kortrijk,Normaal,Droog,Dag,met lichtgewonden,9,personenauto,3,Fiets,Op Kruispunt,Gewestweg,binnen bebouwde kom,Tss. 2 best.: langs opzij (voor-/achterkant-flank),Geen hindernis
13852,17,Kortrijk 2,Kortrijk,50.83339,3.27773,2.3836307895769417,50.85397759034894,3.287189120309633,2019,2,7,34023,Kuurne,Onbekend,Onbekend,Onbekend,met lichtgewonden,9,personenauto,3,Fiets,Op Kruispunt,Gemeenteweg,binnen bebouwde kom,Tussen 2 bestuurders: Frontale botsing,Geen hindernis
13852,16,Kortrijk 1,Kortrijk,50.83332,3.27777,2.390328746661179,50.85397759034894,3.287189120309633,2019,2,7,34023,Kuurne,Onbekend,Onbekend,Onbekend,met lichtgewonden,9,personenauto,3,Fiets,Op Kruispunt,Gemeenteweg,binnen bebouwde kom,Tussen 2 bestuurders: Frontale botsing,Geen hindernis
13853,143,Eco Display Classic Budastraat,Kortrijk,50.83066,3.26286,2.377936960600761,50.83651179821021,3.2302920634961607,2019,3,7,34022,Kortrijk,Normaal,Droog,Dag,met lichtgewonden,9,personenauto,3,Fiets,Op Kruispunt,Gemeenteweg,binnen bebouwde kom,Tss. 2 best.: langs opzij (voor-/achterkant-flank),Geen hindernis
13854,75,Kortrijk teller 2,Kortrijk,50.81925,3.25731,0.8404469619590226,50.81912370785917,3.2692720571219036,2019,3,13,34022,Kortrijk,Normaal,Droog,Dag,met lichtgewonden,9,personenauto,3,Fiets,Buiten Kruispunt,Gewestweg,buiten bebouwde kom,Tussen 2 bestuurders: Flank tegen flank,Geen hindernis
13854,74,Kortrijk teller 1,Kortrijk,50.81909,3.25728,0.8424468999855493,50.81912370785917,3.2692720571219036,2019,3,13,34022,Kortrijk,Normaal,Droog,Dag,met lichtgewonden,9,personenauto,3,Fiets,Buiten Kruispunt,Gewestweg,buiten bebouwde kom,Tussen 2 bestuurders: Flank tegen flank,Geen hindernis
13854,143,Eco Display Classic Budastraat,Kortrijk,50.83066,3.26286,1.3595469145790628,50.81912370785917,3.2692720571219036,2019,3,13,34022,Kortrijk,Normaal,Droog,Dag,met lichtgewonden,9,personenauto,3,Fiets,Buiten Kruispunt,Gewestweg,buiten bebouwde kom,Tussen 2 bestuurders: Flank tegen flank,Geen hindernis
13854,16,Kortrijk 1,Kortrijk,50.83332,3.27777,1.6876350784048393,50.81912370785917,3.2692720571219036,2019,3,13,34022,Kortrijk,Normaal,Droog,Dag,met lichtgewonden,9,personenauto,3,Fiets,Buiten Kruispunt,Gewestweg,buiten bebouwde kom,Tussen 2 bestuurders: Flank tegen flank,Geen hindernis
13854,17,Kortrijk 2,Kortrijk,50.83339,3.27773,1.693930329229799,50.81912370785917,3.2692720571219036,2019,3,13,34022,Kortrijk,Normaal,Droog,Dag,met lichtgewonden,9,personenauto,3,Fiets,Buiten Kruispunt,Gewestweg,buiten bebouwde kom,Tussen 2 bestuurders: Flank tegen flank,Geen hindernis
13855,16,Kortrijk 1,Kortrijk,50.83332,3.27777,2.036631371140582,50.81910619166538,3.2960572020380194,2019,3,7,34022,Kortrijk,Normaal,Droog,Dag,met lichtgewonden,9,personenauto,3,Fiets,Op Kruispunt,Gewestweg,buiten bebouwde kom,Tussen 2 bestuurders: Flank tegen flank,Geen hindernis
13855,17,Kortrijk 2,Kortrijk,50.83339,3.27773,2.0444449397344853,50.81910619166538,3.2960572020380194,2019,3,7,34022,Kortrijk,Normaal,Droog,Dag,met lichtgewonden,9,personenauto,3,Fiets,Op Kruispunt,Gewestweg,buiten bebouwde kom,Tussen 2 bestuurders: Flank tegen flank,Geen hindernis
13856,16,Kortrijk 1,Kortrijk,50.83332,3.27777,1.324927290851746,50.82147828885436,3.279864060783335,2019,4,15,34022,Kortrijk,Normaal,Droog,Dag,met lichtgewonden,3,Fiets,8,Voetganger,Buiten Kruispunt,Gewestweg,binnen bebouwde kom,Met een voetganger,Geen hindernis
13856,17,Kortrijk 2,Kortrijk,50.83339,3.27773,1.3329760917108704,50.82147828885436,3.279864060783335,2019,4,15,34022,Kortrijk,Normaal,Droog,Dag,met lichtgewonden,3,Fiets,8,Voetganger,Buiten Kruispunt,Gewestweg,binnen bebouwde kom,Met een voetganger,Geen hindernis
13856,143,Eco Display Classic Budastraat,Kortrijk,50.83066,3.26286,1.5712530133193514,50.82147828885436,3.279864060783335,2019,4,15,34022,Kortrijk,Normaal,Droog,Dag,met lichtgewonden,3,Fiets,8,Voetganger,Buiten Kruispunt,Gewestweg,binnen bebouwde kom,Met een voetganger,Geen hindernis
13856,75,Kortrijk teller 2,Kortrijk,50.81925,3.25731,1.6036308535572317,50.82147828885436,3.279864060783335,2019,4,15,34022,Kortrijk,Normaal,Droog,Dag,met lichtgewonden,3,Fiets,8,Voetganger,Buiten Kruispunt,Gewestweg,binnen bebouwde kom,Met een voetganger,Geen hindernis
13856,74,Kortrijk teller 1,Kortrijk,50.81909,3.25728,1.6085570664826156,50.82147828885436,3.279864060783335,2019,4,15,34022,Kortrijk,Normaal,Droog,Dag,met lichtgewonden,3,Fiets,8,Voetganger,Buiten Kruispunt,Gewestweg,binnen bebouwde kom,Met een voetganger,Geen hindernis
13857,75,Kortrijk teller 2,Kortrijk,50.81925,3.25731,2.1387336544340836,50.82391076706142,3.227771051166748,2019,4,16,34022,Kortrijk,Normaal,Droog,Dag,met lichtgewonden,3,Fiets,11,een weggebruiker tegen een hindernis,Buiten Kruispunt,Gewestweg,binnen bebouwde kom,Weggebruiker tegen hindernis op de rijbaan,Op de rijbaan: Lading
13857,74,Kortrijk teller 1,Kortrijk,50.81909,3.25728,2.141077400818648,50.82391076706142,3.227771051166748,2019,4,16,34022,Kortrijk,Normaal,Droog,Dag,met lichtgewonden,3,Fiets,11,een weggebruiker tegen een hindernis,Buiten Kruispunt,Gewestweg,binnen bebouwde kom,Weggebruiker tegen hindernis op de rijbaan,Op de rijbaan: Lading
13858,16,Kortrijk 1,Kortrijk,50.83332,3.27777,0.7028018535632198,50.830353034191155,3.286605971757069,2019,5,12,34022,Kortrijk,Normaal,Droog,Dag,met lichtgewonden,6,Bromfiets,3,Fiets,Op Kruispunt,Gemeenteweg,binnen bebouwde kom,Tss. 2 best.: langs opzij (voor-/achterkant-flank),Geen hindernis
13858,17,Kortrijk 2,Kortrijk,50.83339,3.27773,0.7089574906173546,50.830353034191155,3.286605971757069,2019,5,12,34022,Kortrijk,Normaal,Droog,Dag,met lichtgewonden,6,Bromfiets,3,Fiets,Op Kruispunt,Gemeenteweg,binnen bebouwde kom,Tss. 2 best.: langs opzij (voor-/achterkant-flank),Geen hindernis
13858,143,Eco Display Classic Budastraat,Kortrijk,50.83066,3.26286,1.6680896785313601,50.830353034191155,3.286605971757069,2019,5,12,34022,Kortrijk,Normaal,Droog,Dag,met lichtgewonden,6,Bromfiets,3,Fiets,Op Kruispunt,Gemeenteweg,binnen bebouwde kom,Tss. 2 best.: langs opzij (voor-/achterkant-flank),Geen hindernis
13858,75,Kortrijk teller 2,Kortrijk,50.81925,3.25731,2.399731011654885,50.830353034191155,3.286605971757069,2019,5,12,34022,Kortrijk,Normaal,Droog,Dag,met lichtgewonden,6,Bromfiets,3,Fiets,Op Kruispunt,Gemeenteweg,binnen bebouwde kom,Tss. 2 best.: langs opzij (voor-/achterkant-flank),Geen hindernis