crash_row_id,site_id,site_name,site_gemeente,site_lat,site_long,distance_km,crash_lat,crash_long,DT_YEAR_COLLISION,DT_MONTH_COLLISION,DT_TIME,CD_NIS,TX_MUNTY_COLLISION_NL,TX_WEATHER_NL,TX_ROAD_CONDITION_NL,TX_LIGHT_CONDITION_NL,TX_CLASS_ACCIDENTS_NL,CD_ROAD_USR_TYPE1,TX_ROAD_USR_TYPE1_NL,CD_ROAD_USR_TYPE2,TX_ROAD_USR_TYPE2_NL,TX_CROSSWAY_NL,CD_ROAD_TYPE_NL,TX_BUILD_UP_AREA_NL,TX_COLLISION_TYPE_NL,TX_OBSTACLES_NL
13858,74,Kortrijk teller 1,Kortrijk,50.81909,3.25728,2.4107357662153057,50.830353034191155,3.286605971757069,2019,5,12,34022,Kortrijk,Normaal,Droog,Dag,met lichtgewonden,6,Bromfiets,3,Fiets,Op Kruispunt,Gemeenteweg,binnen bebouwde kom,Tss. 2 best.: langs opzij (voor-/achterkant-flank),Geen hindernis
13860,75,Kortrijk teller 2,Kortrijk,50.81925,3.25731,0.8797131885793595,50.822713242167154,3.2685695302902515,2019,5,15,34022,Kortrijk,Normaal,Droog,Dag,met zwaargewonden,9,personenauto,3,Fiets,Buiten Kruispunt,Gewestweg,binnen bebouwde kom,Tussen 2 bestuurders: Flank tegen flank,Geen hindernis
13860,74,Kortrijk teller 1,Kortrijk,50.81909,3.25728,0.8895249881907848,50.822713242167154,3.2685695302902515,2019,5,15,34022,Kortrijk,Normaal,Droog,Dag,met zwaargewonden,9,personenauto,3,Fiets,Buiten Kruispunt,Gewestweg,binnen bebouwde kom,Tussen 2 bestuurders: Flank tegen flank,Geen hindernis
13860,143,Eco Display Classic Budastraat,Kortrijk,50.83066,3.26286,0.9703820959230761,50.822713242167154,3.2685695302902515,2019,5,15,34022,Kortrijk,Normaal,Droog,Dag,met zwaargewonden,9,personenauto,3,Fiets,Buiten Kruispunt,Gewestweg,binnen bebouwde kom,Tussen 2 bestuurders: Flank tegen flank,Geen hindernis
13860,16,Kortrijk 1,Kortrijk,50.83332,3.27777,1.3448455397476453,50.822713242167154,3.2685695302902515,2019,5,15,34022,Kortrijk,Normaal,Droog,Dag,met zwaargewonden,9,personenauto,3,Fiets,Buiten Kruispunt,Gewestweg,binnen bebouwde kom,Tussen 2 bestuurders: Flank tegen flank,Geen hindernis
13860,17,Kortrijk 2,Kortrijk,50.83339,3.27773,1.3503357893305112,50.822713242167154,3.2685695302902515,2019,5,15,34022,Kortrijk,Normaal,Droog,Dag,met zwaargewonden,9,personenauto,3,Fiets,Buiten Kruispunt,Gewestweg,binnen bebouwde kom,Tussen 2 bestuurders: Flank tegen flank,Geen hindernis
13861,17,Kortrijk 2,Kortrijk,50.83339,3.27773,2.14180004728462,50.851833494977335,3.286525951236074,2019,5,10,34023,Kuurne,Normaal,Droog,Dag,met lichtgewonden,3,Fiets,9,personenauto,Buiten Kruispunt,Gemeenteweg,binnen bebouwde kom,Tussen 2 bestuurders: Flank tegen flank,Geen hindernis
13861,16,Kortrijk 1,Kortrijk,50.83332,3.27777,2.148448993643383,50.851833494977335,3.286525951236074,2019,5,10,34023,Kuurne,Normaal,Droog,Dag,met lichtgewonden,3,Fiets,9,personenauto,Buiten Kruispunt,Gemeenteweg,binnen bebouwde kom,Tussen 2 bestuurders: Flank tegen flank,Geen hindernis
13862,75,Kortrijk teller 2,Kortrijk,50.81925,3.25731,1.1843535179161346,50.82000695919678,3.274126752417236,2019,5,7,34022,Kortrijk,Normaal,Droog,Dag,met lichtgewonden,3,Fiets,9,personenauto,Op Kruispunt,Gemeenteweg,binnen bebouwde kom,Tss. 2 best.: langs opzij (voor-/achterkant-flank),Geen hindernis
13862,74,Kortrijk teller 1,Kortrijk,50.81909,3.25728,1.1878524078819144,50.82000695919678,3.274126752417236,2019,5,7,34022,Kortrijk,Normaal,Droog,Dag,met lichtgewonden,3,Fiets,9,personenauto,Op Kruispunt,Gemeenteweg,binnen bebouwde kom,Tss. 2 best.: langs opzij (voor-/achterkant-flank),Geen hindernis
13862,143,Eco Display Classic Budastraat,Kortrijk,50.83066,3.26286,1.4245965351913175,50.82000695919678,3.274126752417236,2019,5,7,34022,Kortrijk,Normaal,Droog,Dag,met lichtgewonden,3,Fiets,9,personenauto,Op Kruispunt,Gemeenteweg,binnen bebouwde kom,Tss. 2 best.: langs opzij (voor-/achterkant-flank),Geen hindernis
13862,16,Kortrijk 1,Kortrijk,50.83332,3.27777,1.5022971729026775,50.82000695919678,3.274126752417236,2019,5,7,34022,Kortrijk,Normaal,Droog,Dag,met lichtgewonden,3,Fiets,9,personenauto,Op Kruispunt,Gemeenteweg,binnen bebouwde kom,Tss. 2 best.: langs opzij (voor-/achterkant-flank),Geen hindernis
13862,17,Kortrijk 2,Kortrijk,50.83339,3.27773,1.5094940229426783,50.82000695919678,3.274126752417236,2019,5,7,34022,Kortrijk,Normaal,Droog,Dag,met lichtgewonden,3,Fiets,9,personenauto,Op Kruispunt,Gemeenteweg,binnen bebouwde kom,Tss. 2 best.: langs opzij (voor-/achterkant-flank),Geen hindernis
13863,17,Kortrijk 2,Kortrijk,50.83339,3.27773,2.4891923878953626,50.85410055904422,3.291186578945249,2019,3,19,34023,Kuurne,"Regenval+Sterke wind, rukwind","Nat, plassen","Nacht, openbare verlichting aanwezig en ontstoken",met lichtgewonden,9,personenauto,3,Fiets,Buiten Kruispunt,Gemeenteweg,binnen bebouwde kom,Tss. 2 best.: langs opzij (voor-/achterkant-flank),Geen hindernis
13863,16,Kortrijk 1,Kortrijk,50.83332,3.27777,2.4953339507419243,50.85410055904422,3.291186578945249,2019,3,19,34023,Kuurne,"Regenval+Sterke wind, rukwind","Nat, plassen","Nacht, openbare verlichting aanwezig en ontstoken",met lichtgewonden,9,personenauto,3,Fiets,Buiten Kruispunt,Gemeenteweg,binnen bebouwde kom,Tss. 2 best.: langs opzij (voor-/achterkant-flank),Geen hindernis
13865,143,Eco Display Classic Budastraat,Kortrijk,50.83066,3.26286,1.4830751578196752,50.84342957839704,3.2567621647261964,2019,4,17,34022,Kortrijk,Normaal,Droog,Dag,met lichtgewonden,9,personenauto,3,Fiets,Buiten Kruispunt,Gemeenteweg,binnen bebouwde kom,Tussen 2 bestuurders: Flank tegen flank,Geen hindernis
13865,17,Kortrijk 2,Kortrijk,50.83339,3.27773,1.847735672649955,50.84342957839704,3.2567621647261964,2019,4,17,34022,Kortrijk,Normaal,Droog,Dag,met lichtgewonden,9,personenauto,3,Fiets,Buiten Kruispunt,Gemeenteweg,binnen bebouwde kom,Tussen 2 bestuurders: Flank tegen flank,Geen hindernis
13865,16,Kortrijk 1,Kortrijk,50.83332,3.27777,1.8546829098809285,50.84342957839704,3.2567621647261964,2019,4,17,34022,Kortrijk,Normaal,Droog,Dag,met lichtgewonden,9,personenauto,3,Fiets,Buiten Kruispunt,Gemeenteweg,binnen bebouwde kom,Tussen 2 bestuurders: Flank tegen flank,Geen hindernis
13866,143,Eco Display Classic Budastraat,Kortrijk,50.83066,3.26286,2.246676573822295,50.83348282226216,3.23118357082213,2019,4,5,34022,Kortrijk,Regenval,"Nat, plassen","Nacht, openbare verlichting aanwezig en ontstoken",met lichtgewonden,9,personenauto,3,Fiets,Buiten Kruispunt,Gemeenteweg,binnen bebouwde kom,Tussen 2 bestuurders: Langs achteren,Geen hindernis
13866,75,Kortrijk teller 2,Kortrijk,50.81925,3.25731,2.423268309960295,50.83348282226216,3.23118357082213,2019,4,5,34022,Kortrijk,Regenval,"Nat, plassen","Nacht, openbare verlichting aanwezig en ontstoken",met lichtgewonden,9,personenauto,3,Fiets,Buiten Kruispunt,Gemeenteweg,binnen bebouwde kom,Tussen 2 bestuurders: Langs achteren,Geen hindernis
13866,74,Kortrijk teller 1,Kortrijk,50.81909,3.25728,2.433339559702591,50.83348282226216,3.23118357082213,2019,4,5,34022,Kortrijk,Regenval,"Nat, plassen","Nacht, openbare verlichting aanwezig en ontstoken",met lichtgewonden,9,personenauto,3,Fiets,Buiten Kruispunt,Gemeenteweg,binnen bebouwde kom,Tussen 2 bestuurders: Langs achteren,Geen hindernis
13867,17,Kortrijk 2,Kortrijk,50.83339,3.27773,2.0892228546226,50.85101545323146,3.2880374652571236,2019,4,12,34023,Kuurne,Normaal,Droog,Dag,met lichtgewonden,3,Fiets,10,"één bestuurder, geen hindernis",Buiten Kruispunt,Gemeenteweg,binnen bebouwde kom,"Eén bestuurder, geen hindernis (incl. val)",Geen hindernis
13867,16,Kortrijk 1,Kortrijk,50.83332,3.27777,2.0955585729288533,50.85101545323146,3.2880374652571236,2019,4,12,34023,Kuurne,Normaal,Droog,Dag,met lichtgewonden,3,Fiets,10,"één bestuurder, geen hindernis",Buiten Kruispunt,Gemeenteweg,binnen bebouwde kom,"Eén bestuurder, geen hindernis (incl. val)",Geen hindernis
13868,16,Kortrijk 1,Kortrijk,50.83332,3.27777,0.452630316268211,50.83001049022886,3.274017614666834,2019,5,10,34022,Kortrijk,Normaal,Droog,Dag,met lichtgewonden,3,Fiets,9,personenauto,Op Kruispunt,Gewestweg,binnen bebouwde kom,Tss. 2 best.: langs opzij (voor-/achterkant-flank),Geen hindernis
13868,17,Kortrijk 2,Kortrijk,50.83339,3.27773,0.4573736984728557,50.83001049022886,3.274017614666834,2019,5,10,34022,Kortrijk,Normaal,Droog,Dag,met lichtgewonden,3,Fiets,9,personenauto,Op Kruispunt,Gewestweg,binnen bebouwde kom,Tss. 2 best.: langs opzij (voor-/achterkant-flank),Geen hindernis
13868,143,Eco Display Classic Budastraat,Kortrijk,50.83066,3.26286,0.7869518249784192,50.83001049022886,3.274017614666834,2019,5,10,34022,Kortrijk,Normaal,Droog,Dag,met lichtgewonden,3,Fiets,9,personenauto,Op Kruispunt,Gewestweg,binnen bebouwde kom,Tss. 2 best.: langs opzij (voor-/achterkant-flank),Geen hindernis
13868,75,Kortrijk teller 2,Kortrijk,50.81925,3.25731,1.6759769069985495,50.83001049022886,3.274017614666834,2019,5,10,34022,Kortrijk,Normaal,Droog,Dag,met lichtgewonden,3,Fiets,9,personenauto,Op Kruispunt,Gewestweg,binnen bebouwde kom,Tss. 2 best.: langs opzij (voor-/achterkant-flank),Geen hindernis
13868,74,Kortrijk teller 1,Kortrijk,50.81909,3.25728,1.6901908205666534,50.83001049022886,3.274017614666834,2019,5,10,34022,Kortrijk,Normaal,Droog,Dag,met lichtgewonden,3,Fiets,9,personenauto,Op Kruispunt,Gewestweg,binnen bebouwde kom,Tss. 2 best.: langs opzij (voor-/achterkant-flank),Geen hindernis
13869,16,Kortrijk 1,Kortrijk,50.83332,3.27777,0.6432490681059626,50.828455517293435,3.2728132280843503,2019,5,21,34022,Kortrijk,Normaal,Droog,"Nacht, openbare verlichting aanwezig en ontstoken",met lichtgewonden,9,personenauto,3,Fiets,Buiten Kruispunt,Gewestweg,binnen bebouwde kom,Tussen 2 bestuurders: Langs achteren,Geen hindernis
13869,17,Kortrijk 2,Kortrijk,50.83339,3.27773,0.6483071373150427,50.828455517293435,3.2728132280843503,2019,5,21,34022,Kortrijk,Normaal,Droog,"Nacht, openbare verlichting aanwezig en ontstoken",met lichtgewonden,9,personenauto,3,Fiets,Buiten Kruispunt,Gewestweg,binnen bebouwde kom,Tussen 2 bestuurders: Langs achteren,Geen hindernis
13869,143,Eco Display Classic Budastraat,Kortrijk,50.83066,3.26286,0.7407868531873084,50.828455517293435,3.2728132280843503,2019,5,21,34022,Kortrijk,Normaal,Droog,"Nacht, openbare verlichting aanwezig en ontstoken",met lichtgewonden,9,personenauto,3,Fiets,Buiten Kruispunt,Gewestweg,binnen bebouwde kom,Tussen 2 bestuurders: Langs achteren,Geen hindernis
13869,75,Kortrijk teller 2,Kortrijk,50.81925,3.25731,1.4945443351195473,50.828455517293435,3.2728132280843503,2019,5,21,34022,Kortrijk,Normaal,Droog,"Nacht, openbare verlichting aanwezig en ontstoken",met lichtgewonden,9,personenauto,3,Fiets,Buiten Kruispunt,Gewestweg,binnen bebouwde kom,Tussen 2 bestuurders: Langs achteren,Geen hindernis
13869,74,Kortrijk teller 1,Kortrijk,50.81909,3.25728,1.5083102374234272,50.828455517293435,3.2728132280843503,2019,5,21,34022,Kortrijk,Normaal,Droog,"Nacht, openbare verlichting aanwezig en ontstoken",met lichtgewonden,9,personenauto,3,Fiets,Buiten Kruispunt,Gewestweg,binnen bebouwde kom,Tussen 2 bestuurders: Langs achteren,Geen hindernis
13870,16,Kortrijk 1,Kortrijk,50.83332,3.27777,0.6919402792865224,50.82757786230181,3.2739732994517716,2019,3,16,34022,Kortrijk,"Sterke wind, rukwind",Onbekend,Dag,met lichtgewonden,9,personenauto,3,Fiets,Buiten Kruispunt,Gemeenteweg,binnen bebouwde kom,Tussen 2 bestuurders: Flank tegen flank,Geen hindernis
13870,17,Kortrijk 2,Kortrijk,50.83339,3.27773,0.6980624386928268,50.82757786230181,3.2739732994517716,2019,3,16,34022,Kortrijk,"Sterke wind, rukwind",Onbekend,Dag,met lichtgewonden,9,personenauto,3,Fiets,Buiten Kruispunt,Gemeenteweg,binnen bebouwde kom,Tussen 2 bestuurders: Flank tegen flank,Geen hindernis
13870,143,Eco Display Classic Budastraat,Kortrijk,50.83066,3.26286,0.8524648535721886,50.82757786230181,3.2739732994517716,2019,3,16,34022,Kortrijk,"Sterke wind, rukwind",Onbekend,Dag,met lichtgewonden,9,personenauto,3,Fiets,Buiten Kruispunt,Gemeenteweg,binnen bebouwde kom,Tussen 2 bestuurders: Flank tegen flank,Geen hindernis
13870,75,Kortrijk teller 2,Kortrijk,50.81925,3.25731,1.4924940628833507,50.82757786230181,3.2739732994517716,2019,3,16,34022,Kortrijk,"Sterke wind, rukwind",Onbekend,Dag,met lichtgewonden,9,personenauto,3,Fiets,Buiten Kruispunt,Gemeenteweg,binnen bebouwde kom,Tussen 2 bestuurders: Flank tegen flank,Geen hindernis
13870,74,Kortrijk teller 1,Kortrijk,50.81909,3.25728,1.505239905207098,50.82757786230181,3.2739732994517716,2019,3,16,34022,Kortrijk,"Sterke wind, rukwind",Onbekend,Dag,met lichtgewonden,9,personenauto,3,Fiets,Buiten Kruispunt,Gemeenteweg,binnen bebouwde kom,Tussen 2 bestuurders: Flank tegen flank,Geen hindernis
13903,142,TEST Validatie BRUGGE Y2H22022134,Brugge,51.22632,3.24095,1.9926440614837124,51.209813606763134,3.229811365055041,2019,4,17,31005,Brugge,Onbekend,Onbekend,Dag,met zwaargewonden,8,Voetganger,3,Fiets,Buiten Kruispunt,Gewestweg,onbekend,Met een voetganger,Geen hindernis
13903,52,Brugge,Brugge,51.22632,3.24095,1.9926440614837124,51.209813606763134,3.229811365055041,2019,4,17,31005,Brugge,Onbekend,Onbekend,Dag,met zwaargewonden,8,Voetganger,3,Fiets,Buiten Kruispunt,Gewestweg,onbekend,Met een voetganger,Geen hindernis
13903,54,Brugge teller 2,Brugge,51.23015,3.22818,2.2641562083728295,51.209813606763134,3.229811365055041,2019,4,17,31005,Brugge,Onbekend,Onbekend,Dag,met zwaargewonden,8,Voetganger,3,Fiets,Buiten Kruispunt,Gewestweg,onbekend,Met een voetganger,Geen hindernis
13903,53,Brugge teller 1,Brugge,51.23023,3.228,2.2737017136309143,51.209813606763134,3.229811365055041,2019,4,17,31005,Brugge,Onbekend,Onbekend,Dag,met zwaargewonden,8,Voetganger,3,Fiets,Buiten Kruispunt,Gewestweg,onbekend,Met een voetganger,Geen hindernis
13904,67,Ieper totem,Ieper,50.85018,2.85624,2.472602246374363,50.84508214797503,2.890520845710086,2019,4,17,33011,Ieper,Normaal,Droog,Dag,met lichtgewonden,9,personenauto,3,Fiets,Buiten Kruispunt,Gewestweg,binnen bebouwde kom,Tussen 2 bestuurders: Langs achteren,Geen hindernis
13904,68,Ieper,Ieper,50.85032,2.85608,2.4871333030165403,50.84508214797503,2.890520845710086,2019,4,17,33011,Ieper,Normaal,Droog,Dag,met lichtgewonden,9,personenauto,3,Fiets,Buiten Kruispunt,Gewestweg,binnen bebouwde kom,Tussen 2 bestuurders: Langs achteren,Geen hindernis
13907,68,Ieper,Ieper,50.85032,2.85608,2.1722699117854343,50.85630673711152,2.8266240750604967,2019,3,16,33011,Ieper,Regenval,"Nat, plassen",Dag,met lichtgewonden,9,personenauto,3,Fiets,Op Kruispunt,Gemeenteweg,binnen bebouwde kom,Tussen 2 bestuurders: Langs achteren,Geen hindernis
13907,67,Ieper totem,Ieper,50.85018,2.85624,2.1877643897347903,50.85630673711152,2.8266240750604967,2019,3,16,33011,Ieper,Regenval,"Nat, plassen",Dag,met lichtgewonden,9,personenauto,3,Fiets,Op Kruispunt,Gemeenteweg,binnen bebouwde kom,Tussen 2 bestuurders: Langs achteren,Geen hindernis
13908,67,Ieper totem,Ieper,50.85018,2.85624,2.3189739638517026,50.84221115760374,2.8867632632275506,2019,4,13,33011,Ieper,Normaal,Droog,Dag,met lichtgewonden,5,Lichte vrachtauto,3,Fiets,Buiten Kruispunt,Gemeenteweg,binnen bebouwde kom,Tussen 2 bestuurders: Flank tegen flank,Geen hindernis
13908,68,Ieper,Ieper,50.85032,2.85608,2.3353221771255748,50.84221115760374,2.8867632632275506,2019,4,13,33011,Ieper,Normaal,Droog,Dag,met lichtgewonden,5,Lichte vrachtauto,3,Fiets,Buiten Kruispunt,Gemeenteweg,binnen bebouwde kom,Tussen 2 bestuurders: Flank tegen flank,Geen hindernis
13913,62,Wervik teller 1,Wervik,50.8058,3.09154,0.9900723584658099,50.80995308815819,3.0790763977757254,2019,3,8,33029,Wervik,Normaal,Droog,Dag,met lichtgewonden,9,personenauto,3,Fiets,Buiten Kruispunt,Gewestweg,binnen bebouwde kom,Tss. 2 best.: langs opzij (voor-/achterkant-flank),Geen hindernis
13913,61,Wervik teller 2,Wervik,50.80555,3.0921,1.0378661749388989,50.80995308815819,3.0790763977757254,2019,3,8,33029,Wervik,Normaal,Droog,Dag,met lichtgewonden,9,personenauto,3,Fiets,Buiten Kruispunt,Gewestweg,binnen bebouwde kom,Tss. 2 best.: langs opzij (voor-/achterkant-flank),Geen hindernis
13916,67,Ieper totem,Ieper,50.85018,2.85624,1.8663555532967435,50.848812132147664,2.882736322958233,2019,4,12,33011,Ieper,Normaal,Droog,Dag,met lichtgewonden,3,Fiets,11,een weggebruiker tegen een hindernis,Buiten Kruispunt,Gemeenteweg,binnen bebouwde kom,Weggebruiker tegen hindernis op de rijbaan,"Op de rijbaan: Put, straatgoot, tramspoor"
13916,68,Ieper,Ieper,50.85032,2.85608,1.8788734248809589,50.848812132147664,2.882736322958233,2019,4,12,33011,Ieper,Normaal,Droog,Dag,met lichtgewonden,3,Fiets,11,een weggebruiker tegen een hindernis,Buiten Kruispunt,Gemeenteweg,binnen bebouwde kom,Weggebruiker tegen hindernis op de rijbaan,"Op de rijbaan: Put, straatgoot, tramspoor"
13917,67,Ieper totem,Ieper,50.85018,2.85624,2.433215726406578,50.828312248891734,2.8575092132213644,2019,4,14,33011,Ieper,Normaal,Droog,Dag,met lichtgewonden,6,Bromfiets,3,Fiets,Op Kruispunt,Gewestweg,buiten bebouwde kom,Tussen 2 bestuurders: Frontale botsing,Geen hindernis
13917,68,Ieper,Ieper,50.85032,2.85608,2.449207268539959,50.828312248891734,2.8575092132213644,2019,4,14,33011,Ieper,Normaal,Droog,Dag,met lichtgewonden,6,Bromfiets,3,Fiets,Op Kruispunt,Gewestweg,buiten bebouwde kom,Tussen 2 bestuurders: Frontale botsing,Geen hindernis
13919,67,Ieper totem,Ieper,50.85018,2.85624,2.464766757797756,50.85790237965403,2.889152339702051,2019,5,17,33011,Ieper,Normaal,Droog,Dag,met lichtgewonden,4,Vrachtwagen,3,Fiets,Op Kruispunt,Gewestweg,binnen bebouwde kom,Tss. 2 best.: langs opzij (voor-/achterkant-flank),Geen hindernis
13919,68,Ieper,Ieper,50.85032,2.85608,2.46993728428826,50.85790237965403,2.889152339702051,2019,5,17,33011,Ieper,Normaal,Droog,Dag,met lichtgewonden,4,Vrachtwagen,3,Fiets,Op Kruispunt,Gewestweg,binnen bebouwde kom,Tss. 2 best.: langs opzij (voor-/achterkant-flank),Geen hindernis
13920,62,Wervik teller 1,Wervik,50.8058,3.09154,1.2067883467955987,50.80967991737335,3.0755006299147967,2019,5,18,33029,Wervik,Normaal,Droog,Dag,met lichtgewonden,9,personenauto,3,Fiets,Op Kruispunt,Gewestweg,binnen bebouwde kom,Tussen 2 bestuurders: Flank tegen flank,Geen hindernis
13920,61,Wervik teller 2,Wervik,50.80555,3.0921,1.2535346651427421,50.80967991737335,3.0755006299147967,2019,5,18,33029,Wervik,Normaal,Droog,Dag,met lichtgewonden,9,personenauto,3,Fiets,Op Kruispunt,Gewestweg,binnen bebouwde kom,Tussen 2 bestuurders: Flank tegen flank,Geen hindernis
13921,62,Wervik teller 1,Wervik,50.8058,3.09154,0.8203003934609229,50.80923974391905,3.0812126660298658,2019,6,10,33029,Wervik,Normaal,Droog,Dag,met lichtgewonden,3,Fiets,9,personenauto,Buiten Kruispunt,Gewestweg,binnen bebouwde kom,Tussen 2 bestuurders: Flank tegen flank,Geen hindernis
13921,61,Wervik teller 2,Wervik,50.80555,3.0921,0.8680967022667101,50.80923974391905,3.0812126660298658,2019,6,10,33029,Wervik,Normaal,Droog,Dag,met lichtgewonden,3,Fiets,9,personenauto,Buiten Kruispunt,Gewestweg,binnen bebouwde kom,Tussen 2 bestuurders: Flank tegen flank,Geen hindernis
13923,67,Ieper totem,Ieper,50.85018,2.85624,1.3957678347163165,50.849922745972854,2.876117664680012,2019,3,10,33011,Ieper,"Andere (dikke rook,...)",Droog,Dag,met zwaargewonden,9,personenauto,3,Fiets,Op Kruispunt,Gewestweg,binnen bebouwde kom,Tss. 2 best.: langs opzij (voor-/achterkant-flank),Geen hindernis
13923,68,Ieper,Ieper,50.85032,2.85608,1.40739844537424,50.849922745972854,2.876117664680012,2019,3,10,33011,Ieper,"Andere (dikke rook,...)",Droog,Dag,met zwaargewonden,9,personenauto,3,Fiets,Op Kruispunt,Gewestweg,binnen bebouwde kom,Tss. 2 best.: langs opzij (voor-/achterkant-flank),Geen hindernis
13924,67,Ieper totem,Ieper,50.85018,2.85624,0.6718051699296427,50.84891094643579,2.865595856249531,2019,3,13,33011,Ieper,Normaal,Droog,Dag,met lichtgewonden,3,Fiets,11,een weggebruiker tegen een hindernis,Buiten Kruispunt,Gewestweg,binnen bebouwde kom,Weggebruiker tegen hindernis buiten rijbaan,Andere hindernis
13924,68,Ieper,Ieper,50.85032,2.85608,0.6861766588006565,50.84891094643579,2.865595856249531,2019,3,13,33011,Ieper,Normaal,Droog,Dag,met lichtgewonden,3,Fiets,11,een weggebruiker tegen een hindernis,Buiten Kruispunt,Gewestweg,binnen bebouwde kom,Weggebruiker tegen hindernis buiten rijbaan,Andere hindernis
13925,67,Ieper totem,Ieper,50.85018,2.85624,1.202667993900094,50.84686060929824,2.87254399198737,2019,4,9,33011,Ieper,Normaal,Droog,Dag,met lichtgewonden,9,personenauto,3,Fiets,Op Kruispunt,Gemeenteweg,binnen bebouwde kom,Tussen 2 bestuurders: Flank tegen flank,Geen hindernis
13925,68,Ieper,Ieper,50.85032,2.85608,1.2181877991073244,50.84686060929824,2.87254399198737,2019,4,9,33011,Ieper,Normaal,Droog,Dag,met lichtgewonden,9,personenauto,3,Fiets,Op Kruispunt,Gemeenteweg,binnen bebouwde kom,Tussen 2 bestuurders: Flank tegen flank,Geen hindernis
13926,67,Ieper totem,Ieper,50.85018,2.85624,0.22730307153588789,50.849893529109785,2.859445837979832,2019,4,8,33011,Ieper,Normaal,Droog,Dag,met lichtgewonden,9,personenauto,3,Fiets,Op Kruispunt,Gewestweg,binnen bebouwde kom,Tss. 2 best.: langs opzij (voor-/achterkant-flank),Geen hindernis
13926,68,Ieper,Ieper,50.85032,2.85608,0.24100367016543495,50.849893529109785,2.859445837979832,2019,4,8,33011,Ieper,Normaal,Droog,Dag,met lichtgewonden,9,personenauto,3,Fiets,Op Kruispunt,Gewestweg,binnen bebouwde kom,Tss. 2 best.: langs opzij (voor-/achterkant-flank),Geen hindernis
13928,67,Ieper totem,Ieper,50.85018,2.85624,1.8157979932263297,50.85014527302803,2.882104910846718,2019,5,16,33011,Ieper,Normaal,Droog,Dag,met zwaargewonden,9,personenauto,3,Fiets,Buiten Kruispunt,Gewestweg,binnen bebouwde kom,Tss. 2 best.: langs opzij (voor-/achterkant-flank),Geen hindernis
13928,68,Ieper,Ieper,50.85032,2.85608,1.8271269234152696,50.85014527302803,2.882104910846718,2019,5,16,33011,Ieper,Normaal,Droog,Dag,met zwaargewonden,9,personenauto,3,Fiets,Buiten Kruispunt,Gewestweg,binnen bebouwde kom,Tss. 2 best.: langs opzij (voor-/achterkant-flank),Geen hindernis
13929,67,Ieper totem,Ieper,50.85018,2.85624,2.389855431406451,50.85759313753414,2.8881955679733102,2019,5,11,33011,Ieper,Normaal,Droog,Dag,met lichtgewonden,3,Fiets,9,personenauto,Buiten Kruispunt,Gewestweg,binnen bebouwde kom,Tss. 2 best.: langs opzij (voor-/achterkant-flank),Geen hindernis
13929,68,Ieper,Ieper,50.85032,2.85608,2.395096485881598,50.85759313753414,2.8881955679733102,2019,5,11,33011,Ieper,Normaal,Droog,Dag,met lichtgewonden,3,Fiets,9,personenauto,Buiten Kruispunt,Gewestweg,binnen bebouwde kom,Tss. 2 best.: langs opzij (voor-/achterkant-flank),Geen hindernis
13933,42,Maasmechelen teller 2,Maasmechelen,50.97043,5.6981,1.6709223075419468,50.98251837113613,5.712277034318009,2019,5,15,73107,Maasmechelen,Normaal,Droog,Dag,met lichtgewonden,9,personenauto,3,Fiets,Op Kruispunt,Gewestweg,binnen bebouwde kom,Tss. 2 best.: langs opzij (voor-/achterkant-flank),Geen hindernis
13933,41,Maasmechelen teller 1,Maasmechelen,50.97025,5.69799,1.6916089158533152,50.98251837113613,5.712277034318009,2019,5,15,73107,Maasmechelen,Normaal,Droog,Dag,met lichtgewonden,9,personenauto,3,Fiets,Op Kruispunt,Gewestweg,binnen bebouwde kom,Tss. 2 best.: langs opzij (voor-/achterkant-flank),Geen hindernis
13936,35,Lanaken teller 1,Lanaken,50.88112,5.6314,1.8956322019509726,50.89065157768368,5.653804514909233,2019,5,15,73042,Lanaken,Normaal,Droog,Dag,met lichtgewonden,9,personenauto,3,Fiets,Buiten Kruispunt,Gewestweg,binnen bebouwde kom,Tss. 2 best.: langs opzij (voor-/achterkant-flank),Geen hindernis
13936,36,Lanaken teller 2,Lanaken,50.88131,5.63012,1.9594328306686657,50.89065157768368,5.653804514909233,2019,5,15,73042,Lanaken,Normaal,Droog,Dag,met lichtgewonden,9,personenauto,3,Fiets,Buiten Kruispunt,Gewestweg,binnen bebouwde kom,Tss. 2 best.: langs opzij (voor-/achterkant-flank),Geen hindernis
13938,42,Maasmechelen teller 2,Maasmechelen,50.97043,5.6981,1.2794641987884527,50.981382623622025,5.692498494273655,2019,4,8,73107,Maasmechelen,Normaal,Droog,Dag,met lichtgewonden,3,Fiets,9,personenauto,Op Kruispunt,Gemeenteweg,binnen bebouwde kom,Tss. 2 best.: langs opzij (voor-/achterkant-flank),Geen hindernis
13938,41,Maasmechelen teller 1,Maasmechelen,50.97025,5.69799,1.296225349431681,50.981382623622025,5.692498494273655,2019,4,8,73107,Maasmechelen,Normaal,Droog,Dag,met lichtgewonden,3,Fiets,9,personenauto,Op Kruispunt,Gemeenteweg,binnen bebouwde kom,Tss. 2 best.: langs opzij (voor-/achterkant-flank),Geen hindernis
13939,35,Lanaken teller 1,Lanaken,50.88112,5.6314,1.7661992559259811,50.895205472371295,5.643037439404465,2019,4,14,73042,Lanaken,Normaal,Droog,Dag,met lichtgewonden,3,Fiets,9,personenauto,Buiten Kruispunt,Gemeenteweg,binnen bebouwde kom,Tussen 2 bestuurders: Langs achteren,Geen hindernis