crash_row_id,site_id,site_name,site_gemeente,site_lat,site_long,distance_km,crash_lat,crash_long,DT_YEAR_COLLISION,DT_MONTH_COLLISION,DT_TIME,CD_NIS,TX_MUNTY_COLLISION_NL,TX_WEATHER_NL,TX_ROAD_CONDITION_NL,TX_LIGHT_CONDITION_NL,TX_CLASS_ACCIDENTS_NL,CD_ROAD_USR_TYPE1,TX_ROAD_USR_TYPE1_NL,CD_ROAD_USR_TYPE2,TX_ROAD_USR_TYPE2_NL,TX_CROSSWAY_NL,CD_ROAD_TYPE_NL,TX_BUILD_UP_AREA_NL,TX_COLLISION_TYPE_NL,TX_OBSTACLES_NL
13939,36,Lanaken teller 2,Lanaken,50.88131,5.63012,1.7911932905481995,50.895205472371295,5.643037439404465,2019,4,14,73042,Lanaken,Normaal,Droog,Dag,met lichtgewonden,3,Fiets,9,personenauto,Buiten Kruispunt,Gemeenteweg,binnen bebouwde kom,Tussen 2 bestuurders: Langs achteren,Geen hindernis
13941,41,Maasmechelen teller 1,Maasmechelen,50.97025,5.69799,1.1090962711670707,50.96045329994787,5.695014279673966,2019,4,17,73107,Maasmechelen,Onbekend,Onbekend,Dag,met lichtgewonden,3,Fiets,9,personenauto,Buiten Kruispunt,Gewestweg,binnen bebouwde kom,Tss. 2 best.: langs opzij (voor-/achterkant-flank),Geen hindernis
13941,42,Maasmechelen teller 2,Maasmechelen,50.97043,5.6981,1.1302085796132455,50.96045329994787,5.695014279673966,2019,4,17,73107,Maasmechelen,Onbekend,Onbekend,Dag,met lichtgewonden,3,Fiets,9,personenauto,Buiten Kruispunt,Gewestweg,binnen bebouwde kom,Tss. 2 best.: langs opzij (voor-/achterkant-flank),Geen hindernis
13943,35,Lanaken teller 1,Lanaken,50.88112,5.6314,1.6907871240734789,50.89019691617389,5.650737092358657,2019,3,8,73042,Lanaken,Normaal,Droog,Dag,met lichtgewonden,3,Fiets,11,een weggebruiker tegen een hindernis,Buiten Kruispunt,Gewestweg,binnen bebouwde kom,Weggebruiker tegen hindernis op de rijbaan,"Op de rijbaan: Put, straatgoot, tramspoor"
13943,36,Lanaken teller 2,Lanaken,50.88131,5.63012,1.751632410670968,50.89019691617389,5.650737092358657,2019,3,8,73042,Lanaken,Normaal,Droog,Dag,met lichtgewonden,3,Fiets,11,een weggebruiker tegen een hindernis,Buiten Kruispunt,Gewestweg,binnen bebouwde kom,Weggebruiker tegen hindernis op de rijbaan,"Op de rijbaan: Put, straatgoot, tramspoor"
13944,41,Maasmechelen teller 1,Maasmechelen,50.97025,5.69799,0.391695436855666,50.967243093323674,5.695076114215035,2019,3,10,73107,Maasmechelen,Normaal,Droog,Dag,met lichtgewonden,3,Fiets,9,personenauto,Buiten Kruispunt,Gemeenteweg,binnen bebouwde kom,Tss. 2 best.: langs opzij (voor-/achterkant-flank),Geen hindernis
13944,42,Maasmechelen teller 2,Maasmechelen,50.97043,5.6981,0.41281064838419657,50.967243093323674,5.695076114215035,2019,3,10,73107,Maasmechelen,Normaal,Droog,Dag,met lichtgewonden,3,Fiets,9,personenauto,Buiten Kruispunt,Gemeenteweg,binnen bebouwde kom,Tss. 2 best.: langs opzij (voor-/achterkant-flank),Geen hindernis
13945,41,Maasmechelen teller 1,Maasmechelen,50.97025,5.69799,0.8758406515315675,50.96240466416545,5.699103673969478,2019,3,8,73107,Maasmechelen,Normaal,Droog,Dag,met lichtgewonden,9,personenauto,3,Fiets,Op Kruispunt,Gewestweg,binnen bebouwde kom,Tussen 2 bestuurders: Flank tegen flank,Geen hindernis
13945,42,Maasmechelen teller 2,Maasmechelen,50.97043,5.6981,0.8951402412074976,50.96240466416545,5.699103673969478,2019,3,8,73107,Maasmechelen,Normaal,Droog,Dag,met lichtgewonden,9,personenauto,3,Fiets,Op Kruispunt,Gewestweg,binnen bebouwde kom,Tussen 2 bestuurders: Flank tegen flank,Geen hindernis
13946,35,Lanaken teller 1,Lanaken,50.88112,5.6314,2.3625838477409684,50.86026561603856,5.624955644004983,2019,3,16,73042,Lanaken,Normaal,"Nat, plassen",Dag,met lichtgewonden,4,Vrachtwagen,3,Fiets,Op Kruispunt,Gewestweg,binnen bebouwde kom,Tss. 2 best.: langs opzij (voor-/achterkant-flank),Geen hindernis
13946,36,Lanaken teller 2,Lanaken,50.88131,5.63012,2.3679237827886026,50.86026561603856,5.624955644004983,2019,3,16,73042,Lanaken,Normaal,"Nat, plassen",Dag,met lichtgewonden,4,Vrachtwagen,3,Fiets,Op Kruispunt,Gewestweg,binnen bebouwde kom,Tss. 2 best.: langs opzij (voor-/achterkant-flank),Geen hindernis
13948,18,Oostende 1,Oostende,51.21378,2.92765,1.3055347867937732,51.22546795679242,2.929429116889658,2019,5,7,35013,Oostende,Normaal,Droog,Dag,met lichtgewonden,3,Fiets,11,een weggebruiker tegen een hindernis,Buiten Kruispunt,Gewestweg,binnen bebouwde kom,Weggebruiker tegen hindernis op de rijbaan,"Op de rijbaan: Put, straatgoot, tramspoor"
13948,15,Oostende 2,Oostende,51.21371,2.92743,1.314817620404509,51.22546795679242,2.929429116889658,2019,5,7,35013,Oostende,Normaal,Droog,Dag,met lichtgewonden,3,Fiets,11,een weggebruiker tegen een hindernis,Buiten Kruispunt,Gewestweg,binnen bebouwde kom,Weggebruiker tegen hindernis op de rijbaan,"Op de rijbaan: Put, straatgoot, tramspoor"
13951,18,Oostende 1,Oostende,51.21378,2.92765,1.2963647457554324,51.22471173275921,2.9341190852509116,2019,5,17,35013,Oostende,Normaal,Droog,Dag,met lichtgewonden,3,Fiets,6,Bromfiets,Buiten Kruispunt,Gewestweg,binnen bebouwde kom,Tussen 2 bestuurders: Frontale botsing,Geen hindernis
13951,15,Oostende 2,Oostende,51.21371,2.92743,1.3090403979410627,51.22471173275921,2.9341190852509116,2019,5,17,35013,Oostende,Normaal,Droog,Dag,met lichtgewonden,3,Fiets,6,Bromfiets,Buiten Kruispunt,Gewestweg,binnen bebouwde kom,Tussen 2 bestuurders: Frontale botsing,Geen hindernis
13953,124,Beveren teller 2,Beveren,51.1964712,4.2361077,2.419466319747775,51.21328939721722,4.258142359576395,2019,3,16,46003,Beveren,Normaal,Droog,Dag,met lichtgewonden,3,Fiets,9,personenauto,Op Kruispunt,Gemeenteweg,binnen bebouwde kom,Tss. 2 best.: langs opzij (voor-/achterkant-flank),Geen hindernis
13959,124,Beveren teller 2,Beveren,51.1964712,4.2361077,2.435092852498852,51.21383766474752,4.257401267890227,2019,3,15,46003,Beveren,Normaal,Droog,Dag,met lichtgewonden,3,Fiets,5,Lichte vrachtauto,Op Kruispunt,Gemeenteweg,binnen bebouwde kom,Tss. 2 best.: langs opzij (voor-/achterkant-flank),Geen hindernis
13962,124,Beveren teller 2,Beveren,51.1964712,4.2361077,0.31510217343793245,51.199296773373256,4.235763743272178,2019,5,16,46003,Beveren,Normaal,Droog,Dag,met lichtgewonden,9,personenauto,3,Fiets,Op Kruispunt,Gewestweg,buiten bebouwde kom,Tss. 2 best.: langs opzij (voor-/achterkant-flank),Geen hindernis
13966,124,Beveren teller 2,Beveren,51.1964712,4.2361077,1.8888033086191374,51.210662201992335,4.251007614082934,2019,3,13,46003,Beveren,Normaal,Droog,Dag,met lichtgewonden,9,personenauto,3,Fiets,Buiten Kruispunt,Gewestweg,binnen bebouwde kom,Tss. 2 best.: langs opzij (voor-/achterkant-flank),Geen hindernis
13967,124,Beveren teller 2,Beveren,51.1964712,4.2361077,2.2669630702736057,51.212923673492405,4.255324091806272,2019,4,14,46003,Beveren,Onbekend,Onbekend,Dag,met lichtgewonden,9,personenauto,3,Fiets,Buiten Kruispunt,Gemeenteweg,binnen bebouwde kom,Tss. 2 best.: langs opzij (voor-/achterkant-flank),Geen hindernis
13972,106,St. pieters leeuw teller 1,Sint-Pieters-Leeuw,50.75533,4.24951,0.7611962362304654,50.76124463636199,4.254958433789929,2019,3,9,23077,Sint-Pieters-Leeuw,Normaal,Droog,Dag,met lichtgewonden,3,Fiets,9,personenauto,Buiten Kruispunt,Gemeenteweg,binnen bebouwde kom,Tss. 2 best.: langs opzij (voor-/achterkant-flank),Geen hindernis
13972,105,St. pieters leeuw teller 2,Halle,50.75509,4.24943,0.7871341964433739,50.76124463636199,4.254958433789929,2019,3,9,23077,Sint-Pieters-Leeuw,Normaal,Droog,Dag,met lichtgewonden,3,Fiets,9,personenauto,Buiten Kruispunt,Gemeenteweg,binnen bebouwde kom,Tss. 2 best.: langs opzij (voor-/achterkant-flank),Geen hindernis
13981,109,Zemst,Zemst,50.9903936,4.4707023,2.4393735205486298,51.012126690585426,4.475453670753705,2019,3,7,12025,Mechelen,Regenval,"Nat, plassen",Dag,met lichtgewonden,3,Fiets,9,personenauto,Op Kruispunt,Gewestweg,binnen bebouwde kom,Tss. 2 best.: langs opzij (voor-/achterkant-flank),Geen hindernis
13983,99,Mechelen teller 1,Mechelen,51.04564,4.46882,2.165868246956751,51.02894766866696,4.484783520034138,2019,5,12,12025,Mechelen,Regenval,"Nat, plassen",Dag,met lichtgewonden,3,Fiets,3,Fiets,Buiten Kruispunt,Gemeenteweg,binnen bebouwde kom,Tussen 2 bestuurders: Frontale botsing,Geen hindernis
13983,100,Mechelen teller 2,Mechelen,51.0457,4.46883,2.171228790337021,51.02894766866696,4.484783520034138,2019,5,12,12025,Mechelen,Regenval,"Nat, plassen",Dag,met lichtgewonden,3,Fiets,3,Fiets,Buiten Kruispunt,Gemeenteweg,binnen bebouwde kom,Tussen 2 bestuurders: Frontale botsing,Geen hindernis
13984,99,Mechelen teller 1,Mechelen,51.04564,4.46882,1.0617029549108497,51.03650686747741,4.4732482854500795,2019,5,19,12025,Mechelen,Normaal,Droog,Dag,met lichtgewonden,3,Fiets,9,personenauto,Buiten Kruispunt,Gewestweg,binnen bebouwde kom,Tss. 2 best.: langs opzij (voor-/achterkant-flank),Geen hindernis
13984,100,Mechelen teller 2,Mechelen,51.0457,4.46883,1.0678839388674186,51.03650686747741,4.4732482854500795,2019,5,19,12025,Mechelen,Normaal,Droog,Dag,met lichtgewonden,3,Fiets,9,personenauto,Buiten Kruispunt,Gewestweg,binnen bebouwde kom,Tss. 2 best.: langs opzij (voor-/achterkant-flank),Geen hindernis
13989,99,Mechelen teller 1,Mechelen,51.04564,4.46882,1.4973446039924405,51.04281456684595,4.447878748589542,2019,5,21,12025,Mechelen,Normaal,Droog,Dageraad - schemering,met zwaargewonden,9,personenauto,3,Fiets,Op Kruispunt,Gemeenteweg,binnen bebouwde kom,Tss. 2 best.: langs opzij (voor-/achterkant-flank),Geen hindernis
13989,100,Mechelen teller 2,Mechelen,51.0457,4.46883,1.4994406382053025,51.04281456684595,4.447878748589542,2019,5,21,12025,Mechelen,Normaal,Droog,Dageraad - schemering,met zwaargewonden,9,personenauto,3,Fiets,Op Kruispunt,Gemeenteweg,binnen bebouwde kom,Tss. 2 best.: langs opzij (voor-/achterkant-flank),Geen hindernis
13990,99,Mechelen teller 1,Mechelen,51.04564,4.46882,2.3534864081788522,51.03103439377293,4.493181186269586,2019,5,19,12025,Mechelen,Normaal,Droog,Dag,met lichtgewonden,3,Fiets,9,personenauto,Buiten Kruispunt,Gewestweg,binnen bebouwde kom,Tss. 2 best.: langs opzij (voor-/achterkant-flank),Geen hindernis
13990,100,Mechelen teller 2,Mechelen,51.0457,4.46883,2.3575894914154243,51.03103439377293,4.493181186269586,2019,5,19,12025,Mechelen,Normaal,Droog,Dag,met lichtgewonden,3,Fiets,9,personenauto,Buiten Kruispunt,Gewestweg,binnen bebouwde kom,Tss. 2 best.: langs opzij (voor-/achterkant-flank),Geen hindernis
13991,99,Mechelen teller 1,Mechelen,51.04564,4.46882,1.8035416986250967,51.03968749879055,4.444823030979159,2019,5,10,12025,Mechelen,Normaal,Droog,Dag,met zwaargewonden,9,personenauto,3,Fiets,Op Kruispunt,Gewestweg,binnen bebouwde kom,Tss. 2 best.: langs opzij (voor-/achterkant-flank),Geen hindernis
13991,100,Mechelen teller 2,Mechelen,51.0457,4.46883,1.8066492996633843,51.03968749879055,4.444823030979159,2019,5,10,12025,Mechelen,Normaal,Droog,Dag,met zwaargewonden,9,personenauto,3,Fiets,Op Kruispunt,Gewestweg,binnen bebouwde kom,Tss. 2 best.: langs opzij (voor-/achterkant-flank),Geen hindernis
13993,99,Mechelen teller 1,Mechelen,51.04564,4.46882,1.1634608172463552,51.03615816712705,4.475856506507874,2019,5,13,12025,Mechelen,Normaal,"Nat, plassen",Dag,met lichtgewonden,3,Fiets,9,personenauto,Op Kruispunt,Gemeenteweg,binnen bebouwde kom,Tss. 2 best.: langs opzij (voor-/achterkant-flank),Geen hindernis
13993,100,Mechelen teller 2,Mechelen,51.0457,4.46883,1.1692160651743435,51.03615816712705,4.475856506507874,2019,5,13,12025,Mechelen,Normaal,"Nat, plassen",Dag,met lichtgewonden,3,Fiets,9,personenauto,Op Kruispunt,Gemeenteweg,binnen bebouwde kom,Tss. 2 best.: langs opzij (voor-/achterkant-flank),Geen hindernis
13998,109,Zemst,Zemst,50.9903936,4.4707023,1.010872861648878,50.99924356759112,4.4740062888808305,2019,4,15,12025,Mechelen,Normaal,Droog,Dag,met lichtgewonden,9,personenauto,3,Fiets,Buiten Kruispunt,Gewestweg,buiten bebouwde kom,Tussen 2 bestuurders: Langs achteren,Geen hindernis
13999,99,Mechelen teller 1,Mechelen,51.04564,4.46882,2.39795491366857,51.0256008784886,4.481491796159872,2019,3,13,12025,Mechelen,Onbekend,Onbekend,Dag,met lichtgewonden,3,Fiets,8,Voetganger,Buiten Kruispunt,Gemeenteweg,binnen bebouwde kom,Met een voetganger,Geen hindernis
13999,100,Mechelen teller 2,Mechelen,51.0457,4.46883,2.4038978812624525,51.0256008784886,4.481491796159872,2019,3,13,12025,Mechelen,Onbekend,Onbekend,Dag,met lichtgewonden,3,Fiets,8,Voetganger,Buiten Kruispunt,Gemeenteweg,binnen bebouwde kom,Met een voetganger,Geen hindernis
14000,99,Mechelen teller 1,Mechelen,51.04564,4.46882,1.2315673655345634,51.03488978149445,4.473059255447867,2019,4,9,12025,Mechelen,Normaal,Droog,Dag,met lichtgewonden,9,personenauto,3,Fiets,Buiten Kruispunt,Gewestweg,binnen bebouwde kom,Tss. 2 best.: langs opzij (voor-/achterkant-flank),Geen hindernis
14000,100,Mechelen teller 2,Mechelen,51.0457,4.46883,1.2378767680641953,51.03488978149445,4.473059255447867,2019,4,9,12025,Mechelen,Normaal,Droog,Dag,met lichtgewonden,9,personenauto,3,Fiets,Buiten Kruispunt,Gewestweg,binnen bebouwde kom,Tss. 2 best.: langs opzij (voor-/achterkant-flank),Geen hindernis
14001,99,Mechelen teller 1,Mechelen,51.04564,4.46882,2.2779303530788546,51.02900386292903,4.487831304291342,2019,4,11,12025,Mechelen,Normaal,Droog,Dag,met lichtgewonden,9,personenauto,3,Fiets,Buiten Kruispunt,Gewestweg,binnen bebouwde kom,Tussen 2 bestuurders: Flank tegen flank,Geen hindernis
14001,100,Mechelen teller 2,Mechelen,51.0457,4.46883,2.2829441151151952,51.02900386292903,4.487831304291342,2019,4,11,12025,Mechelen,Normaal,Droog,Dag,met lichtgewonden,9,personenauto,3,Fiets,Buiten Kruispunt,Gewestweg,binnen bebouwde kom,Tussen 2 bestuurders: Flank tegen flank,Geen hindernis
14005,99,Mechelen teller 1,Mechelen,51.04564,4.46882,1.1629632942174313,51.0382397420241,4.480574547502252,2019,3,6,12025,Mechelen,Normaal,Droog,Dag,met lichtgewonden,3,Fiets,9,personenauto,Buiten Kruispunt,Gewestweg,binnen bebouwde kom,Tussen 2 bestuurders: Flank tegen flank,Geen hindernis
14005,100,Mechelen teller 2,Mechelen,51.0457,4.46883,1.167201150909976,51.0382397420241,4.480574547502252,2019,3,6,12025,Mechelen,Normaal,Droog,Dag,met lichtgewonden,3,Fiets,9,personenauto,Buiten Kruispunt,Gewestweg,binnen bebouwde kom,Tussen 2 bestuurders: Flank tegen flank,Geen hindernis
14006,99,Mechelen teller 1,Mechelen,51.04564,4.46882,1.805887315151244,51.03831638753222,4.491874807195159,2019,3,8,12025,Mechelen,Normaal,Onbekend,Dag,met lichtgewonden,3,Fiets,9,personenauto,Buiten Kruispunt,Gemeenteweg,binnen bebouwde kom,Tss. 2 best.: langs opzij (voor-/achterkant-flank),Geen hindernis
14006,100,Mechelen teller 2,Mechelen,51.0457,4.46883,1.8082817777579936,51.03831638753222,4.491874807195159,2019,3,8,12025,Mechelen,Normaal,Onbekend,Dag,met lichtgewonden,3,Fiets,9,personenauto,Buiten Kruispunt,Gemeenteweg,binnen bebouwde kom,Tss. 2 best.: langs opzij (voor-/achterkant-flank),Geen hindernis
14007,99,Mechelen teller 1,Mechelen,51.04564,4.46882,1.1102301057752926,51.03601770479404,4.473058527427105,2019,3,8,12025,Mechelen,Normaal,Droog,Dag,met zwaargewonden,9,personenauto,3,Fiets,Buiten Kruispunt,Gewestweg,binnen bebouwde kom,Tussen 2 bestuurders: Langs achteren,Geen hindernis
14007,100,Mechelen teller 2,Mechelen,51.0457,4.46883,1.1164757797165026,51.03601770479404,4.473058527427105,2019,3,8,12025,Mechelen,Normaal,Droog,Dag,met zwaargewonden,9,personenauto,3,Fiets,Buiten Kruispunt,Gewestweg,binnen bebouwde kom,Tussen 2 bestuurders: Langs achteren,Geen hindernis
14008,109,Zemst,Zemst,50.9903936,4.4707023,1.4148562031206706,51.00307779484649,4.472302377145683,2019,3,4,12025,Mechelen,Normaal,Droog,"Nacht, openbare verlichting aanwezig en ontstoken",met lichtgewonden,9,personenauto,3,Fiets,Op Kruispunt,Gemeenteweg,binnen bebouwde kom,Tss. 2 best.: langs opzij (voor-/achterkant-flank),Geen hindernis
14011,140,Hasselt ring,Hasselt,50.9300038,5.3438616,0.9176580244324124,50.92481503077097,5.3336800903672055,2019,3,7,71022,Hasselt,Normaal,Droog,Dag,met lichtgewonden,9,personenauto,3,Fiets,Buiten Kruispunt,Gewestweg,binnen bebouwde kom,Tss. 2 best.: langs opzij (voor-/achterkant-flank),Geen hindernis
14011,138,Hasselt-Kempische brug,Hasselt,50.9405318,5.3422472,1.8478744178632474,50.92481503077097,5.3336800903672055,2019,3,7,71022,Hasselt,Normaal,Droog,Dag,met lichtgewonden,9,personenauto,3,Fiets,Buiten Kruispunt,Gewestweg,binnen bebouwde kom,Tss. 2 best.: langs opzij (voor-/achterkant-flank),Geen hindernis
14011,137,Hasselt-Kempische brug,Hasselt,50.9411605,5.3417576,1.9036408614354148,50.92481503077097,5.3336800903672055,2019,3,7,71022,Hasselt,Normaal,Droog,Dag,met lichtgewonden,9,personenauto,3,Fiets,Buiten Kruispunt,Gewestweg,binnen bebouwde kom,Tss. 2 best.: langs opzij (voor-/achterkant-flank),Geen hindernis
14015,137,Hasselt-Kempische brug,Hasselt,50.9411605,5.3417576,0.6262487863858226,50.94648149966483,5.344686760134927,2019,4,16,71022,Hasselt,Normaal,Droog,Dag,met lichtgewonden,3,Fiets,3,Fiets,Buiten Kruispunt,Gewestweg,buiten bebouwde kom,Tss. 2 best.: langs opzij (voor-/achterkant-flank),Geen hindernis
14015,138,Hasselt-Kempische brug,Hasselt,50.9405318,5.3422472,0.6832989819066267,50.94648149966483,5.344686760134927,2019,4,16,71022,Hasselt,Normaal,Droog,Dag,met lichtgewonden,3,Fiets,3,Fiets,Buiten Kruispunt,Gewestweg,buiten bebouwde kom,Tss. 2 best.: langs opzij (voor-/achterkant-flank),Geen hindernis
14015,140,Hasselt ring,Hasselt,50.9300038,5.3438616,1.8331486693687176,50.94648149966483,5.344686760134927,2019,4,16,71022,Hasselt,Normaal,Droog,Dag,met lichtgewonden,3,Fiets,3,Fiets,Buiten Kruispunt,Gewestweg,buiten bebouwde kom,Tss. 2 best.: langs opzij (voor-/achterkant-flank),Geen hindernis
14016,140,Hasselt ring,Hasselt,50.9300038,5.3438616,1.0509155331160078,50.9321148247326,5.3292447675872525,2019,4,11,71022,Hasselt,Normaal,Droog,Dag,met lichtgewonden,3,Fiets,9,personenauto,Buiten Kruispunt,Gemeenteweg,binnen bebouwde kom,Tussen 2 bestuurders: Flank tegen flank,Geen hindernis
14016,138,Hasselt-Kempische brug,Hasselt,50.9405318,5.3422472,1.3061774733073954,50.9321148247326,5.3292447675872525,2019,4,11,71022,Hasselt,Normaal,Droog,Dag,met lichtgewonden,3,Fiets,9,personenauto,Buiten Kruispunt,Gemeenteweg,binnen bebouwde kom,Tussen 2 bestuurders: Flank tegen flank,Geen hindernis
14016,137,Hasselt-Kempische brug,Hasselt,50.9411605,5.3417576,1.3343514645616363,50.9321148247326,5.3292447675872525,2019,4,11,71022,Hasselt,Normaal,Droog,Dag,met lichtgewonden,3,Fiets,9,personenauto,Buiten Kruispunt,Gemeenteweg,binnen bebouwde kom,Tussen 2 bestuurders: Flank tegen flank,Geen hindernis
14018,31,Herk De Stad,Herk-de-Stad,50.94366,5.1775,2.1851232628943364,50.962509797409076,5.186318088938745,2019,4,16,71024,Herk-de-Stad,Normaal,Droog,Dag,met lichtgewonden,3,Fiets,5,Lichte vrachtauto,Op Kruispunt,Gewestweg,buiten bebouwde kom,Tss. 2 best.: langs opzij (voor-/achterkant-flank),Geen hindernis
14018,30,Herk De Stad,Herk-de-Stad,50.94374,5.17691,2.1886790112897376,50.962509797409076,5.186318088938745,2019,4,16,71024,Herk-de-Stad,Normaal,Droog,Dag,met lichtgewonden,3,Fiets,5,Lichte vrachtauto,Op Kruispunt,Gewestweg,buiten bebouwde kom,Tss. 2 best.: langs opzij (voor-/achterkant-flank),Geen hindernis
14019,137,Hasselt-Kempische brug,Hasselt,50.9411605,5.3417576,1.8845180352521231,50.93732153774121,5.315561435400827,2019,5,17,71022,Hasselt,Normaal,Droog,Dag,met lichtgewonden,5,Lichte vrachtauto,3,Fiets,Op Kruispunt,Gewestweg,buiten bebouwde kom,Tss. 2 best.: langs opzij (voor-/achterkant-flank),Geen hindernis
14019,138,Hasselt-Kempische brug,Hasselt,50.9405318,5.3422472,1.9036213498551173,50.93732153774121,5.315561435400827,2019,5,17,71022,Hasselt,Normaal,Droog,Dag,met lichtgewonden,5,Lichte vrachtauto,3,Fiets,Op Kruispunt,Gewestweg,buiten bebouwde kom,Tss. 2 best.: langs opzij (voor-/achterkant-flank),Geen hindernis
14019,140,Hasselt ring,Hasselt,50.9300038,5.3438616,2.1436352110787436,50.93732153774121,5.315561435400827,2019,5,17,71022,Hasselt,Normaal,Droog,Dag,met lichtgewonden,5,Lichte vrachtauto,3,Fiets,Op Kruispunt,Gewestweg,buiten bebouwde kom,Tss. 2 best.: langs opzij (voor-/achterkant-flank),Geen hindernis
14022,140,Hasselt ring,Hasselt,50.9300038,5.3438616,1.060037124697079,50.93218912691358,5.3291385219055645,2019,5,8,71022,Hasselt,Normaal,Droog,Dag,met zwaargewonden,9,personenauto,3,Fiets,Buiten Kruispunt,Gemeenteweg,binnen bebouwde kom,Tss. 2 best.: langs opzij (voor-/achterkant-flank),Geen hindernis
14022,138,Hasselt-Kempische brug,Hasselt,50.9405318,5.3422472,1.3054973128220801,50.93218912691358,5.3291385219055645,2019,5,8,71022,Hasselt,Normaal,Droog,Dag,met zwaargewonden,9,personenauto,3,Fiets,Buiten Kruispunt,Gemeenteweg,binnen bebouwde kom,Tss. 2 best.: langs opzij (voor-/achterkant-flank),Geen hindernis
14022,137,Hasselt-Kempische brug,Hasselt,50.9411605,5.3417576,1.3330609080658824,50.93218912691358,5.3291385219055645,2019,5,8,71022,Hasselt,Normaal,Droog,Dag,met zwaargewonden,9,personenauto,3,Fiets,Buiten Kruispunt,Gemeenteweg,binnen bebouwde kom,Tss. 2 best.: langs opzij (voor-/achterkant-flank),Geen hindernis
14023,140,Hasselt ring,Hasselt,50.9300038,5.3438616,1.0375464001781407,50.92380002599142,5.332803847362191,2019,5,16,71022,Hasselt,Normaal,Droog,Dag,met lichtgewonden,9,personenauto,3,Fiets,Op Kruispunt,Gewestweg,binnen bebouwde kom,Tss. 2 best.: langs opzij (voor-/achterkant-flank),Geen hindernis
14023,138,Hasselt-Kempische brug,Hasselt,50.9405318,5.3422472,1.9746839986918907,50.92380002599142,5.332803847362191,2019,5,16,71022,Hasselt,Normaal,Droog,Dag,met lichtgewonden,9,personenauto,3,Fiets,Op Kruispunt,Gewestweg,binnen bebouwde kom,Tss. 2 best.: langs opzij (voor-/achterkant-flank),Geen hindernis
14023,137,Hasselt-Kempische brug,Hasselt,50.9411605,5.3417576,2.029815267550601,50.92380002599142,5.332803847362191,2019,5,16,71022,Hasselt,Normaal,Droog,Dag,met lichtgewonden,9,personenauto,3,Fiets,Op Kruispunt,Gewestweg,binnen bebouwde kom,Tss. 2 best.: langs opzij (voor-/achterkant-flank),Geen hindernis
14024,137,Hasselt-Kempische brug,Hasselt,50.9411605,5.3417576,1.6909305555227614,50.93828980216348,5.318058829080118,2019,3,13,71022,Hasselt,Normaal,Droog,Dag,met lichtgewonden,9,personenauto,3,Fiets,Buiten Kruispunt,Gewestweg,buiten bebouwde kom,Tussen 2 bestuurders: Frontale botsing,Geen hindernis
14024,138,Hasselt-Kempische brug,Hasselt,50.9405318,5.3422472,1.7130815960021215,50.93828980216348,5.318058829080118,2019,3,13,71022,Hasselt,Normaal,Droog,Dag,met lichtgewonden,9,personenauto,3,Fiets,Buiten Kruispunt,Gewestweg,buiten bebouwde kom,Tussen 2 bestuurders: Frontale botsing,Geen hindernis
14024,140,Hasselt ring,Hasselt,50.9300038,5.3438616,2.0293789045936497,50.93828980216348,5.318058829080118,2019,3,13,71022,Hasselt,Normaal,Droog,Dag,met lichtgewonden,9,personenauto,3,Fiets,Buiten Kruispunt,Gewestweg,buiten bebouwde kom,Tussen 2 bestuurders: Frontale botsing,Geen hindernis
14026,140,Hasselt ring,Hasselt,50.9300038,5.3438616,1.379641023322301,50.91928678077962,5.353780256317203,2019,5,8,71022,Hasselt,Normaal,Droog,Dag,met lichtgewonden,9,personenauto,3,Fiets,Op Kruispunt,Gewestweg,buiten bebouwde kom,Tss. 2 best.: langs opzij (voor-/achterkant-flank),Geen hindernis
14026,138,Hasselt-Kempische brug,Hasselt,50.9405318,5.3422472,2.496786494616482,50.91928678077962,5.353780256317203,2019,5,8,71022,Hasselt,Normaal,Droog,Dag,met lichtgewonden,9,personenauto,3,Fiets,Op Kruispunt,Gewestweg,buiten bebouwde kom,Tss. 2 best.: langs opzij (voor-/achterkant-flank),Geen hindernis
14028,140,Hasselt ring,Hasselt,50.9300038,5.3438616,1.0947720208716856,50.93234735019698,5.328689078108639,2019,2,7,71022,Hasselt,Normaal,Droog,Dageraad - schemering,met lichtgewonden,3,Fiets,11,een weggebruiker tegen een hindernis,Buiten Kruispunt,Gemeenteweg,buiten bebouwde kom,Weggebruiker tegen hindernis buiten rijbaan,Andere hindernis
14028,138,Hasselt-Kempische brug,Hasselt,50.9405318,5.3422472,1.3156132599113908,50.93234735019698,5.328689078108639,2019,2,7,71022,Hasselt,Normaal,Droog,Dageraad - schemering,met lichtgewonden,3,Fiets,11,een weggebruiker tegen een hindernis,Buiten Kruispunt,Gemeenteweg,buiten bebouwde kom,Weggebruiker tegen hindernis buiten rijbaan,Andere hindernis
14028,137,Hasselt-Kempische brug,Hasselt,50.9411605,5.3417576,1.3412475515021849,50.93234735019698,5.328689078108639,2019,2,7,71022,Hasselt,Normaal,Droog,Dageraad - schemering,met lichtgewonden,3,Fiets,11,een weggebruiker tegen een hindernis,Buiten Kruispunt,Gemeenteweg,buiten bebouwde kom,Weggebruiker tegen hindernis buiten rijbaan,Andere hindernis
14032,150,Bertem,District Leuven,50.8687535,4.56136297,1.8625661279681045,50.85238077035086,4.566966776043743,2019,4,8,24009,Bertem,Normaal,Droog,Dag,met lichtgewonden,3,Fiets,10,"één bestuurder, geen hindernis",Buiten Kruispunt,Gemeenteweg,buiten bebouwde kom,"Eén bestuurder, geen hindernis (incl. val)",Geen hindernis