crash_row_id,site_id,site_name,site_gemeente,site_lat,site_long,distance_km,crash_lat,crash_long,DT_YEAR_COLLISION,DT_MONTH_COLLISION,DT_TIME,CD_NIS,TX_MUNTY_COLLISION_NL,TX_WEATHER_NL,TX_ROAD_CONDITION_NL,TX_LIGHT_CONDITION_NL,TX_CLASS_ACCIDENTS_NL,CD_ROAD_USR_TYPE1,TX_ROAD_USR_TYPE1_NL,CD_ROAD_USR_TYPE2,TX_ROAD_USR_TYPE2_NL,TX_CROSSWAY_NL,CD_ROAD_TYPE_NL,TX_BUILD_UP_AREA_NL,TX_COLLISION_TYPE_NL,TX_OBSTACLES_NL
14034,24,Tienen 1,Tienen,50.8133795491886,4.935044252605416,0.03633009579095684,50.81305289451377,4.935054934931166,2019,4,18,24107,Tienen,Normaal,Droog,Dag,met lichtgewonden,3,Fiets,9,personenauto,Op Kruispunt,Gewestweg,binnen bebouwde kom,Tussen 2 bestuurders: Flank tegen flank,Geen hindernis
14034,23,Tienen 3,Tienen,50.81324,4.93447,0.04606298778421636,50.81305289451377,4.935054934931166,2019,4,18,24107,Tienen,Normaal,Droog,Dag,met lichtgewonden,3,Fiets,9,personenauto,Op Kruispunt,Gewestweg,binnen bebouwde kom,Tussen 2 bestuurders: Flank tegen flank,Geen hindernis
14034,22,Tienen 2,Tienen,50.81330800184882,4.935984252796022,0.07118840947257453,50.81305289451377,4.935054934931166,2019,4,18,24107,Tienen,Normaal,Droog,Dag,met lichtgewonden,3,Fiets,9,personenauto,Op Kruispunt,Gewestweg,binnen bebouwde kom,Tussen 2 bestuurders: Flank tegen flank,Geen hindernis
14035,23,Tienen 3,Tienen,50.81324,4.93447,1.165712001536327,50.80275854608644,4.9347977439544275,2019,3,8,24107,Tienen,Onbekend,Onbekend,Onbekend,met lichtgewonden,9,personenauto,3,Fiets,Op Kruispunt,Gemeenteweg,onbekend,Tss. 2 best.: langs opzij (voor-/achterkant-flank),Geen hindernis
14035,22,Tienen 2,Tienen,50.81330800184882,4.935984252796022,1.1760049568253228,50.80275854608644,4.9347977439544275,2019,3,8,24107,Tienen,Onbekend,Onbekend,Onbekend,met lichtgewonden,9,personenauto,3,Fiets,Op Kruispunt,Gemeenteweg,onbekend,Tss. 2 best.: langs opzij (voor-/achterkant-flank),Geen hindernis
14035,24,Tienen 1,Tienen,50.8133795491886,4.935044252605416,1.1811286757843829,50.80275854608644,4.9347977439544275,2019,3,8,24107,Tienen,Onbekend,Onbekend,Onbekend,met lichtgewonden,9,personenauto,3,Fiets,Op Kruispunt,Gemeenteweg,onbekend,Tss. 2 best.: langs opzij (voor-/achterkant-flank),Geen hindernis
14036,22,Tienen 2,Tienen,50.81330800184882,4.935984252796022,0.8883861431433933,50.805405686824464,4.9378464617168785,2019,5,15,24107,Tienen,Onbekend,Onbekend,Dag,met lichtgewonden,2,Andere weggebruiker,3,Fiets,Buiten Kruispunt,Gemeenteweg,binnen bebouwde kom,Tss. 2 best.: langs opzij (voor-/achterkant-flank),Geen hindernis
14036,23,Tienen 3,Tienen,50.81324,4.93447,0.9028637681451296,50.805405686824464,4.9378464617168785,2019,5,15,24107,Tienen,Onbekend,Onbekend,Dag,met lichtgewonden,2,Andere weggebruiker,3,Fiets,Buiten Kruispunt,Gemeenteweg,binnen bebouwde kom,Tss. 2 best.: langs opzij (voor-/achterkant-flank),Geen hindernis
14036,24,Tienen 1,Tienen,50.8133795491886,4.935044252605416,0.9082518295034063,50.805405686824464,4.9378464617168785,2019,5,15,24107,Tienen,Onbekend,Onbekend,Dag,met lichtgewonden,2,Andere weggebruiker,3,Fiets,Buiten Kruispunt,Gemeenteweg,binnen bebouwde kom,Tss. 2 best.: langs opzij (voor-/achterkant-flank),Geen hindernis
14039,22,Tienen 2,Tienen,50.81330800184882,4.935984252796022,0.49718022249914057,50.81254623216732,4.942957187401451,2019,4,15,24107,Tienen,Normaal,Droog,Dag,met zwaargewonden,9,personenauto,3,Fiets,Op Kruispunt,Gewestweg,binnen bebouwde kom,Tss. 2 best.: langs opzij (voor-/achterkant-flank),Geen hindernis
14039,24,Tienen 1,Tienen,50.8133795491886,4.935044252605416,0.5636234798215904,50.81254623216732,4.942957187401451,2019,4,15,24107,Tienen,Normaal,Droog,Dag,met zwaargewonden,9,personenauto,3,Fiets,Op Kruispunt,Gewestweg,binnen bebouwde kom,Tss. 2 best.: langs opzij (voor-/achterkant-flank),Geen hindernis
14039,23,Tienen 3,Tienen,50.81324,4.93447,0.6012711173727727,50.81254623216732,4.942957187401451,2019,4,15,24107,Tienen,Normaal,Droog,Dag,met zwaargewonden,9,personenauto,3,Fiets,Op Kruispunt,Gewestweg,binnen bebouwde kom,Tss. 2 best.: langs opzij (voor-/achterkant-flank),Geen hindernis
14040,24,Tienen 1,Tienen,50.8133795491886,4.935044252605416,0.03633009579095684,50.81305289451377,4.935054934931166,2019,3,12,24107,Tienen,Normaal,Droog,Dag,met lichtgewonden,3,Fiets,9,personenauto,Buiten Kruispunt,Gewestweg,binnen bebouwde kom,Tussen 2 bestuurders: Flank tegen flank,Geen hindernis
14040,23,Tienen 3,Tienen,50.81324,4.93447,0.04606298778421636,50.81305289451377,4.935054934931166,2019,3,12,24107,Tienen,Normaal,Droog,Dag,met lichtgewonden,3,Fiets,9,personenauto,Buiten Kruispunt,Gewestweg,binnen bebouwde kom,Tussen 2 bestuurders: Flank tegen flank,Geen hindernis
14040,22,Tienen 2,Tienen,50.81330800184882,4.935984252796022,0.07118840947257453,50.81305289451377,4.935054934931166,2019,3,12,24107,Tienen,Normaal,Droog,Dag,met lichtgewonden,3,Fiets,9,personenauto,Buiten Kruispunt,Gewestweg,binnen bebouwde kom,Tussen 2 bestuurders: Flank tegen flank,Geen hindernis
14041,22,Tienen 2,Tienen,50.81330800184882,4.935984252796022,0.48678099834110955,50.809042201514934,4.937540857539957,2019,3,7,24107,Tienen,Normaal,Droog,Dag,met lichtgewonden,3,Fiets,8,Voetganger,Buiten Kruispunt,Gemeenteweg,buiten bebouwde kom,Met een voetganger,Geen hindernis
14041,24,Tienen 1,Tienen,50.8133795491886,4.935044252605416,0.5132009712732288,50.809042201514934,4.937540857539957,2019,3,7,24107,Tienen,Normaal,Droog,Dag,met lichtgewonden,3,Fiets,8,Voetganger,Buiten Kruispunt,Gemeenteweg,buiten bebouwde kom,Met een voetganger,Geen hindernis
14041,23,Tienen 3,Tienen,50.81324,4.93447,0.5142293493511241,50.809042201514934,4.937540857539957,2019,3,7,24107,Tienen,Normaal,Droog,Dag,met lichtgewonden,3,Fiets,8,Voetganger,Buiten Kruispunt,Gemeenteweg,buiten bebouwde kom,Met een voetganger,Geen hindernis
14042,22,Tienen 2,Tienen,50.81330800184882,4.935984252796022,0.4133204563664464,50.80965354293628,4.937059502848386,2019,3,15,24107,Tienen,Onbekend,Onbekend,Dag,met lichtgewonden,6,Bromfiets,3,Fiets,Op Kruispunt,Gemeenteweg,binnen bebouwde kom,Tss. 2 best.: langs opzij (voor-/achterkant-flank),Geen hindernis
14042,24,Tienen 1,Tienen,50.8133795491886,4.935044252605416,0.4378402083284337,50.80965354293628,4.937059502848386,2019,3,15,24107,Tienen,Onbekend,Onbekend,Dag,met lichtgewonden,6,Bromfiets,3,Fiets,Op Kruispunt,Gemeenteweg,binnen bebouwde kom,Tss. 2 best.: langs opzij (voor-/achterkant-flank),Geen hindernis
14042,23,Tienen 3,Tienen,50.81324,4.93447,0.43833877862598536,50.80965354293628,4.937059502848386,2019,3,15,24107,Tienen,Onbekend,Onbekend,Dag,met lichtgewonden,6,Bromfiets,3,Fiets,Op Kruispunt,Gemeenteweg,binnen bebouwde kom,Tss. 2 best.: langs opzij (voor-/achterkant-flank),Geen hindernis
14043,113,Deinze teller 2,Deinze,50.96018,3.55578,2.422169339794817,50.98139434062157,3.5479269659106616,2019,5,16,44083,Deinze,Normaal,Droog,Dag,met lichtgewonden,9,personenauto,3,Fiets,Op Kruispunt,Gewestweg,buiten bebouwde kom,Tss. 2 best.: langs opzij (voor-/achterkant-flank),Geen hindernis
14043,114,Deinze teller 1,Nazareth,50.9598305,3.555502,2.455755696000207,50.98139434062157,3.5479269659106616,2019,5,16,44083,Deinze,Normaal,Droog,Dag,met lichtgewonden,9,personenauto,3,Fiets,Op Kruispunt,Gewestweg,buiten bebouwde kom,Tss. 2 best.: langs opzij (voor-/achterkant-flank),Geen hindernis
14047,131,Nevele,Deinze,51.0276612,3.558569,1.1268815571459936,51.03666097669412,3.5511603733250037,2019,3,8,44083,Deinze,Normaal,Droog,Dag,met lichtgewonden,9,personenauto,3,Fiets,Op Kruispunt,Gewestweg,buiten bebouwde kom,Tussen 2 bestuurders: Flank tegen flank,Geen hindernis
14066,2,Brasschaat 2,Brasschaat,51.27512,4.47169,1.5082097290522078,51.26256378755154,4.463491156068222,2019,6,16,11002,Antwerpen,Normaal,"Nat, plassen",Dag,met lichtgewonden,3,Fiets,9,personenauto,Buiten Kruispunt,Gewestweg,buiten bebouwde kom,Tss. 2 best.: langs opzij (voor-/achterkant-flank),Geen hindernis
14066,3,Brasschaat 1,Brasschaat,51.27503,4.47222,1.5133660038272065,51.26256378755154,4.463491156068222,2019,6,16,11002,Antwerpen,Normaal,"Nat, plassen",Dag,met lichtgewonden,3,Fiets,9,personenauto,Buiten Kruispunt,Gewestweg,buiten bebouwde kom,Tss. 2 best.: langs opzij (voor-/achterkant-flank),Geen hindernis
14153,2,Brasschaat 2,Brasschaat,51.27512,4.47169,1.3358024756974824,51.26425293536941,4.463505251620801,2019,6,13,11040,Schoten,Normaal,Droog,Dag,met lichtgewonden,3,Fiets,9,personenauto,Buiten Kruispunt,Gewestweg,buiten bebouwde kom,Tss. 2 best.: langs opzij (voor-/achterkant-flank),Geen hindernis
14153,3,Brasschaat 1,Brasschaat,51.27503,4.47222,1.342994319636614,51.26425293536941,4.463505251620801,2019,6,13,11040,Schoten,Normaal,Droog,Dag,met lichtgewonden,3,Fiets,9,personenauto,Buiten Kruispunt,Gewestweg,buiten bebouwde kom,Tss. 2 best.: langs opzij (voor-/achterkant-flank),Geen hindernis
14154,2,Brasschaat 2,Brasschaat,51.27512,4.47169,1.557795737285181,51.26199785747032,4.463847308826426,2019,6,16,11040,Schoten,Normaal,Droog,Dag,met lichtgewonden,8,Voetganger,3,Fiets,Buiten Kruispunt,Gewestweg,buiten bebouwde kom,Met een voetganger,Geen hindernis
14154,3,Brasschaat 1,Brasschaat,51.27503,4.47222,1.5618006643937057,51.26199785747032,4.463847308826426,2019,6,16,11040,Schoten,Normaal,Droog,Dag,met lichtgewonden,8,Voetganger,3,Fiets,Buiten Kruispunt,Gewestweg,buiten bebouwde kom,Met een voetganger,Geen hindernis
14160,103,Malle teller 1,Malle,51.31681,4.73872,1.6760130464165806,51.30202036815236,4.743371409792333,2019,6,15,11057,Malle,Normaal,Droog,Dag,met lichtgewonden,9,personenauto,3,Fiets,Buiten Kruispunt,Gemeenteweg,binnen bebouwde kom,Tussen 2 bestuurders: Langs achteren,Geen hindernis
14160,104,Malle teller 2,Malle,51.31682,4.73852,1.679839557058536,51.30202036815236,4.743371409792333,2019,6,15,11057,Malle,Normaal,Droog,Dag,met lichtgewonden,9,personenauto,3,Fiets,Buiten Kruispunt,Gemeenteweg,binnen bebouwde kom,Tussen 2 bestuurders: Langs achteren,Geen hindernis
14174,96,Lier teller 2,Lier,51.11705,4.58444,1.2886223826271717,51.12831058294268,4.588803518205588,2019,6,20,12021,Lier,Normaal,Proper,Dag,met zwaargewonden,9,personenauto,3,Fiets,Op Kruispunt,Gewestweg,binnen bebouwde kom,Tss. 2 best.: langs opzij (voor-/achterkant-flank),Geen hindernis
14174,95,Lier teller 1,Lier,51.11687,4.58437,1.309225218420977,51.12831058294268,4.588803518205588,2019,6,20,12021,Lier,Normaal,Proper,Dag,met zwaargewonden,9,personenauto,3,Fiets,Op Kruispunt,Gewestweg,binnen bebouwde kom,Tss. 2 best.: langs opzij (voor-/achterkant-flank),Geen hindernis
14176,96,Lier teller 2,Lier,51.11705,4.58444,2.47216299522097,51.135315913120365,4.564244655973238,2019,6,22,12021,Lier,Normaal,Droog,Dageraad - schemering,met lichtgewonden,9,personenauto,3,Fiets,Op Kruispunt,Gemeenteweg,binnen bebouwde kom,Tss. 2 best.: langs opzij (voor-/achterkant-flank),Geen hindernis
14176,95,Lier teller 1,Lier,51.11687,4.58437,2.4858714091841474,51.135315913120365,4.564244655973238,2019,6,22,12021,Lier,Normaal,Droog,Dageraad - schemering,met lichtgewonden,9,personenauto,3,Fiets,Op Kruispunt,Gemeenteweg,binnen bebouwde kom,Tss. 2 best.: langs opzij (voor-/achterkant-flank),Geen hindernis
14177,96,Lier teller 2,Lier,51.11705,4.58444,1.2953023933974168,51.125682771328385,4.571979188262638,2019,6,17,12021,Lier,Normaal,Droog,Dag,met lichtgewonden,3,Fiets,3,Fiets,Buiten Kruispunt,Gewestweg,binnen bebouwde kom,Tussen 2 bestuurders: Frontale botsing,Geen hindernis
14177,95,Lier teller 1,Lier,51.11687,4.58437,1.3069673176835825,51.125682771328385,4.571979188262638,2019,6,17,12021,Lier,Normaal,Droog,Dag,met lichtgewonden,3,Fiets,3,Fiets,Buiten Kruispunt,Gewestweg,binnen bebouwde kom,Tussen 2 bestuurders: Frontale botsing,Geen hindernis
14178,96,Lier teller 2,Lier,51.11705,4.58444,2.375833139270655,51.12537650925731,4.55309067822216,2019,6,10,12021,Lier,Regenval,"Nat, plassen",Dag,met lichtgewonden,9,personenauto,3,Fiets,Op Kruispunt,Gewestweg,buiten bebouwde kom,Tss. 2 best.: langs opzij (voor-/achterkant-flank),Geen hindernis
14178,95,Lier teller 1,Lier,51.11687,4.58437,2.3792245169479855,51.12537650925731,4.55309067822216,2019,6,10,12021,Lier,Regenval,"Nat, plassen",Dag,met lichtgewonden,9,personenauto,3,Fiets,Op Kruispunt,Gewestweg,buiten bebouwde kom,Tss. 2 best.: langs opzij (voor-/achterkant-flank),Geen hindernis
14179,93,Nijlen teller 2,Nijlen,51.14998,4.64469,2.0282142759916884,51.166410603791675,4.657319380964163,2019,6,19,12026,Nijlen,Normaal,Droog,Dag,met lichtgewonden,9,personenauto,3,Fiets,Op Kruispunt,Gewestweg,buiten bebouwde kom,Tussen 2 bestuurders: Frontale botsing,Geen hindernis
14179,92,Nijlen teller 1,Nijlen,51.14989,4.64479,2.0342287319406536,51.166410603791675,4.657319380964163,2019,6,19,12026,Nijlen,Normaal,Droog,Dag,met lichtgewonden,9,personenauto,3,Fiets,Op Kruispunt,Gewestweg,buiten bebouwde kom,Tussen 2 bestuurders: Frontale botsing,Geen hindernis
14188,88,Westerlo teller 1,Westerlo,51.082,4.91325,1.8570678947505306,51.09848199363085,4.9089578667351565,2019,6,16,13049,Westerlo,Normaal,Droog,Dag,met zwaargewonden,9,personenauto,3,Fiets,Op Kruispunt,Gemeenteweg,buiten bebouwde kom,Tss. 2 best.: langs opzij (voor-/achterkant-flank),Geen hindernis
14188,89,Westerlo teller 2,Westerlo,51.08191,4.91334,1.8679645146758899,51.09848199363085,4.9089578667351565,2019,6,16,13049,Westerlo,Normaal,Droog,Dag,met zwaargewonden,9,personenauto,3,Fiets,Op Kruispunt,Gemeenteweg,buiten bebouwde kom,Tss. 2 best.: langs opzij (voor-/achterkant-flank),Geen hindernis
14192,112,Geel teller 2,Westerlo,51.1354992,4.9394789,1.3578691890564922,51.14619458176621,4.930085639444605,2019,6,8,13008,Geel,Normaal,Droog,Dag,met lichtgewonden,3,Fiets,9,personenauto,Buiten Kruispunt,Gewestweg,buiten bebouwde kom,Tss. 2 best.: langs opzij (voor-/achterkant-flank),Geen hindernis
14192,127,Geel totem,Westerlo,51.1342966,4.9400421,1.4942589366335632,51.14619458176621,4.930085639444605,2019,6,8,13008,Geel,Normaal,Droog,Dag,met lichtgewonden,3,Fiets,9,personenauto,Buiten Kruispunt,Gewestweg,buiten bebouwde kom,Tss. 2 best.: langs opzij (voor-/achterkant-flank),Geen hindernis
14194,135,Retie 2,Dessel,51.2544998,5.1040064,0.619967470492367,51.249448089655026,5.107775920564935,2019,6,6,13006,Dessel,Normaal,Droog,Dag,met lichtgewonden,7,Motorfiets,3,Fiets,Buiten Kruispunt,Gewestweg,buiten bebouwde kom,Tss. 2 best.: langs opzij (voor-/achterkant-flank),Geen hindernis
14194,134,Retie,Dessel,51.2548405,5.1037658,0.6613784619369683,51.249448089655026,5.107775920564935,2019,6,6,13006,Dessel,Normaal,Droog,Dag,met lichtgewonden,7,Motorfiets,3,Fiets,Buiten Kruispunt,Gewestweg,buiten bebouwde kom,Tss. 2 best.: langs opzij (voor-/achterkant-flank),Geen hindernis
14195,5,Balen 2,Balen,51.16018,5.19003,2.253182319346488,51.16958951254162,5.161411447699735,2019,6,8,13003,Balen,Normaal,Droog,Dag,met lichtgewonden,3,Fiets,3,Fiets,Op Kruispunt,Gemeenteweg,binnen bebouwde kom,Tussen 2 bestuurders: Flank tegen flank,Geen hindernis
14195,4,Balen 1,Balen,51.16023,5.19011,2.255552508950566,51.16958951254162,5.161411447699735,2019,6,8,13003,Balen,Normaal,Droog,Dag,met lichtgewonden,3,Fiets,3,Fiets,Op Kruispunt,Gemeenteweg,binnen bebouwde kom,Tussen 2 bestuurders: Flank tegen flank,Geen hindernis
14201,94,Herentals teller 2,Herentals,51.17345,4.81283,2.3975009145874915,51.18765823379868,4.838700962669511,2019,6,11,13011,Herentals,Onbekend,Onbekend,Dag,met lichtgewonden,3,Fiets,9,personenauto,Op Kruispunt,Gewestweg,onbekend,Tss. 2 best.: langs opzij (voor-/achterkant-flank),Geen hindernis
14201,110,Herentals totem,Herentals,51.1739426,4.811783,2.417941296646442,51.18765823379868,4.838700962669511,2019,6,11,13011,Herentals,Onbekend,Onbekend,Dag,met lichtgewonden,3,Fiets,9,personenauto,Op Kruispunt,Gewestweg,onbekend,Tss. 2 best.: langs opzij (voor-/achterkant-flank),Geen hindernis
14204,38,Lommel teller 2,Lommel,51.23277,5.29189,2.313731634441753,51.21666330437276,5.312925029218863,2019,6,7,72020,Lommel,Normaal,Droog,Dag,met lichtgewonden,9,personenauto,3,Fiets,Op Kruispunt,Gemeenteweg,buiten bebouwde kom,Tss. 2 best.: langs opzij (voor-/achterkant-flank),Geen hindernis
14204,37,Lommel teller 1,Lommel,51.23299,5.29211,2.323126988956398,51.21666330437276,5.312925029218863,2019,6,7,72020,Lommel,Normaal,Droog,Dag,met lichtgewonden,9,personenauto,3,Fiets,Op Kruispunt,Gemeenteweg,buiten bebouwde kom,Tss. 2 best.: langs opzij (voor-/achterkant-flank),Geen hindernis
14212,39,Peer teller 1,Peer,51.13425,5.47817,1.4719419560249718,51.133414184632066,5.457116602003923,2019,6,17,72030,Peer,Normaal,Droog,Dag,met lichtgewonden,3,Fiets,3,Fiets,Op Kruispunt,Gewestweg,binnen bebouwde kom,Tussen 2 bestuurders: Flank tegen flank,Geen hindernis
14212,40,Peer teller 2,Peer,51.13438,5.47892,1.5251200648068008,51.133414184632066,5.457116602003923,2019,6,17,72030,Peer,Normaal,Droog,Dag,met lichtgewonden,3,Fiets,3,Fiets,Op Kruispunt,Gewestweg,binnen bebouwde kom,Tussen 2 bestuurders: Flank tegen flank,Geen hindernis
14213,39,Peer teller 1,Peer,51.13425,5.47817,1.480239698882585,51.13104740644617,5.457579184249934,2019,6,10,72030,Peer,Normaal,Droog,Dag,met lichtgewonden,9,personenauto,3,Fiets,Op Kruispunt,Gewestweg,binnen bebouwde kom,Tss. 2 best.: langs opzij (voor-/achterkant-flank),Geen hindernis
14213,40,Peer teller 2,Peer,51.13438,5.47892,1.5345116918516926,51.13104740644617,5.457579184249934,2019,6,10,72030,Peer,Normaal,Droog,Dag,met lichtgewonden,9,personenauto,3,Fiets,Op Kruispunt,Gewestweg,binnen bebouwde kom,Tss. 2 best.: langs opzij (voor-/achterkant-flank),Geen hindernis
14223,21,Bilzen,Bilzen,50.86015,5.50161,1.3882129638406047,50.870095781999844,5.513566202122465,2019,6,9,73006,Bilzen,Normaal,Droog,Dag,met lichtgewonden,9,personenauto,3,Fiets,Op Kruispunt,Gewestweg,binnen bebouwde kom,Tss. 2 best.: langs opzij (voor-/achterkant-flank),Geen hindernis
14225,43,Maaseik teller 1,Maaseik,51.09344,5.79715,0.3952932784384872,51.09383328317954,5.791524429716376,2019,6,12,72021,Maaseik,Normaal,Droog,Dag,met lichtgewonden,5,Lichte vrachtauto,3,Fiets,Buiten Kruispunt,Gewestweg,binnen bebouwde kom,Tss. 2 best.: langs opzij (voor-/achterkant-flank),Geen hindernis
14225,44,Maaseik teller 2,Maaseik,51.09359,5.79726,0.40146062065406424,51.09383328317954,5.791524429716376,2019,6,12,72021,Maaseik,Normaal,Droog,Dag,met lichtgewonden,5,Lichte vrachtauto,3,Fiets,Buiten Kruispunt,Gewestweg,binnen bebouwde kom,Tss. 2 best.: langs opzij (voor-/achterkant-flank),Geen hindernis
14229,14,Genk,Genk,50.97172,5.48927,1.831057907313357,50.96296797779679,5.467120811397249,2019,6,17,71016,Genk,Normaal,Droog,Dag,met lichtgewonden,9,personenauto,3,Fiets,Op Kruispunt,Gewestweg,buiten bebouwde kom,Tss. 2 best.: langs opzij (voor-/achterkant-flank),Geen hindernis
14230,14,Genk,Genk,50.97172,5.48927,0.859210728602274,50.966338017228985,5.480465527001272,2019,6,16,71016,Genk,Normaal,Droog,Dag,met lichtgewonden,9,personenauto,3,Fiets,Op Kruispunt,Gewestweg,buiten bebouwde kom,Tss. 2 best.: langs opzij (voor-/achterkant-flank),Geen hindernis
14231,14,Genk,Genk,50.97172,5.48927,1.1374120811084967,50.96361814624843,5.499185506908394,2019,6,8,71016,Genk,Normaal,Droog,Dag,met lichtgewonden,9,personenauto,3,Fiets,Op Kruispunt,Gewestweg,binnen bebouwde kom,Tss. 2 best.: langs opzij (voor-/achterkant-flank),Geen hindernis
14232,139,Houthalen-Helchteren,Houthalen-Helchteren,51.0644267,5.3819796,1.7041006806512908,51.06262380553336,5.406195888011256,2019,6,7,72039,Houthalen-Helchteren,Normaal,Droog,Dag,met lichtgewonden,7,Motorfiets,3,Fiets,Buiten Kruispunt,Gewestweg,buiten bebouwde kom,Tss. 2 best.: langs opzij (voor-/achterkant-flank),Geen hindernis
14236,14,Genk,Genk,50.97172,5.48927,0.9109574012105147,50.966317628990645,5.499049848209713,2019,6,11,71016,Genk,Normaal,Droog,Dag,met lichtgewonden,3,Fiets,9,personenauto,Op Kruispunt,Gewestweg,binnen bebouwde kom,Tss. 2 best.: langs opzij (voor-/achterkant-flank),Geen hindernis
14237,14,Genk,Genk,50.97172,5.48927,1.5382960778049186,50.96390576798017,5.471142465539875,2019,6,21,71016,Genk,Normaal,Droog,Dag,met lichtgewonden,3,Fiets,3,Fiets,Op Kruispunt,Gewestweg,buiten bebouwde kom,Tussen 2 bestuurders: Frontale botsing,Geen hindernis
14239,69,Leuven teller 1,Leuven,50.87549,4.71526,0.7523049122377231,50.87992138201956,4.707157636304404,2019,6,14,24062,Leuven,Normaal,Droog,Dag,met lichtgewonden,9,personenauto,3,Fiets,Op Kruispunt,Gemeenteweg,binnen bebouwde kom,Tss. 2 best.: langs opzij (voor-/achterkant-flank),Geen hindernis
14239,77,Leuven teller 2,Leuven,50.88672,4.70796,0.7580644919749788,50.87992138201956,4.707157636304404,2019,6,14,24062,Leuven,Normaal,Droog,Dag,met lichtgewonden,9,personenauto,3,Fiets,Op Kruispunt,Gemeenteweg,binnen bebouwde kom,Tss. 2 best.: langs opzij (voor-/achterkant-flank),Geen hindernis
14239,107,leuven totem,Leuven,50.8870744,4.7087919,0.8035996828276064,50.87992138201956,4.707157636304404,2019,6,14,24062,Leuven,Normaal,Droog,Dag,met lichtgewonden,9,personenauto,3,Fiets,Op Kruispunt,Gemeenteweg,binnen bebouwde kom,Tss. 2 best.: langs opzij (voor-/achterkant-flank),Geen hindernis
14239,151,Leuven,District Leuven,50.8690262,4.6854839,1.9443353938466643,50.87992138201956,4.707157636304404,2019,6,14,24062,Leuven,Normaal,Droog,Dag,met lichtgewonden,9,personenauto,3,Fiets,Op Kruispunt,Gemeenteweg,binnen bebouwde kom,Tss. 2 best.: langs opzij (voor-/achterkant-flank),Geen hindernis
14241,69,Leuven teller 1,Leuven,50.87549,4.71526,1.1450517168112895,50.880033991668704,4.729905425351722,2019,6,15,24062,Leuven,Normaal,Droog,Dag,met lichtgewonden,3,Fiets,11,een weggebruiker tegen een hindernis,Op Kruispunt,Gemeenteweg,binnen bebouwde kom,Weggebruiker tegen hindernis op de rijbaan,"Op de rijbaan: Werken (signal., aarde, toestel,…)"
14241,107,leuven totem,Leuven,50.8870744,4.7087919,1.6753310426182124,50.880033991668704,4.729905425351722,2019,6,15,24062,Leuven,Normaal,Droog,Dag,met lichtgewonden,3,Fiets,11,een weggebruiker tegen een hindernis,Op Kruispunt,Gemeenteweg,binnen bebouwde kom,Weggebruiker tegen hindernis op de rijbaan,"Op de rijbaan: Werken (signal., aarde, toestel,…)"
14241,77,Leuven teller 2,Leuven,50.88672,4.70796,1.7096468938552853,50.880033991668704,4.729905425351722,2019,6,15,24062,Leuven,Normaal,Droog,Dag,met lichtgewonden,3,Fiets,11,een weggebruiker tegen een hindernis,Op Kruispunt,Gemeenteweg,binnen bebouwde kom,Weggebruiker tegen hindernis op de rijbaan,"Op de rijbaan: Werken (signal., aarde, toestel,…)"
14242,107,leuven totem,Leuven,50.8870744,4.7087919,1.9082441924654878,50.903195884053765,4.699465237601181,2019,6,8,24062,Leuven,Normaal,Droog,Dag,met lichtgewonden,3,Fiets,9,personenauto,Op Kruispunt,Gemeenteweg,binnen bebouwde kom,Tss. 2 best.: langs opzij (voor-/achterkant-flank),Geen hindernis
14242,77,Leuven teller 2,Leuven,50.88672,4.70796,1.9264762390744545,50.903195884053765,4.699465237601181,2019,6,8,24062,Leuven,Normaal,Droog,Dag,met lichtgewonden,3,Fiets,9,personenauto,Op Kruispunt,Gemeenteweg,binnen bebouwde kom,Tss. 2 best.: langs opzij (voor-/achterkant-flank),Geen hindernis
14243,108,Heverlee teller 1,Leuven,50.8471728,4.6954674,0.7729574143524341,50.8541228028924,4.695685997504931,2019,6,14,24062,Leuven,Normaal,Droog,Dag,met lichtgewonden,3,Fiets,10,"één bestuurder, geen hindernis",Buiten Kruispunt,Gewestweg,binnen bebouwde kom,"Eén bestuurder, geen hindernis (incl. val)",Geen hindernis
14243,76,Heverlee teller 2,Leuven,50.84606,4.69597,0.8967644436925568,50.8541228028924,4.695685997504931,2019,6,14,24062,Leuven,Normaal,Droog,Dag,met lichtgewonden,3,Fiets,10,"één bestuurder, geen hindernis",Buiten Kruispunt,Gewestweg,binnen bebouwde kom,"Eén bestuurder, geen hindernis (incl. val)",Geen hindernis
14243,151,Leuven,District Leuven,50.8690262,4.6854839,1.8052615969094266,50.8541228028924,4.695685997504931,2019,6,14,24062,Leuven,Normaal,Droog,Dag,met lichtgewonden,3,Fiets,10,"één bestuurder, geen hindernis",Buiten Kruispunt,Gewestweg,binnen bebouwde kom,"Eén bestuurder, geen hindernis (incl. val)",Geen hindernis
14244,77,Leuven teller 2,Leuven,50.88672,4.70796,1.0191960197406802,50.87896836818474,4.70020717579993,2019,6,8,24062,Leuven,Normaal,Droog,Dag,met lichtgewonden,3,Fiets,9,personenauto,Buiten Kruispunt,Gemeenteweg,binnen bebouwde kom,Tss. 2 best.: langs opzij (voor-/achterkant-flank),Geen hindernis
14244,107,leuven totem,Leuven,50.8870744,4.7087919,1.0840362103529644,50.87896836818474,4.70020717579993,2019,6,8,24062,Leuven,Normaal,Droog,Dag,met lichtgewonden,3,Fiets,9,personenauto,Buiten Kruispunt,Gemeenteweg,binnen bebouwde kom,Tss. 2 best.: langs opzij (voor-/achterkant-flank),Geen hindernis