crash_row_id,site_id,site_name,site_gemeente,site_lat,site_long,distance_km,crash_lat,crash_long,DT_YEAR_COLLISION,DT_MONTH_COLLISION,DT_TIME,CD_NIS,TX_MUNTY_COLLISION_NL,TX_WEATHER_NL,TX_ROAD_CONDITION_NL,TX_LIGHT_CONDITION_NL,TX_CLASS_ACCIDENTS_NL,CD_ROAD_USR_TYPE1,TX_ROAD_USR_TYPE1_NL,CD_ROAD_USR_TYPE2,TX_ROAD_USR_TYPE2_NL,TX_CROSSWAY_NL,CD_ROAD_TYPE_NL,TX_BUILD_UP_AREA_NL,TX_COLLISION_TYPE_NL,TX_OBSTACLES_NL
14244,69,Leuven teller 1,Leuven,50.87549,4.71526,1.1247345267083813,50.87896836818474,4.70020717579993,2019,6,8,24062,Leuven,Normaal,Droog,Dag,met lichtgewonden,3,Fiets,9,personenauto,Buiten Kruispunt,Gemeenteweg,binnen bebouwde kom,Tss. 2 best.: langs opzij (voor-/achterkant-flank),Geen hindernis
14244,151,Leuven,District Leuven,50.8690262,4.6854839,1.513091439433032,50.87896836818474,4.70020717579993,2019,6,8,24062,Leuven,Normaal,Droog,Dag,met lichtgewonden,3,Fiets,9,personenauto,Buiten Kruispunt,Gemeenteweg,binnen bebouwde kom,Tss. 2 best.: langs opzij (voor-/achterkant-flank),Geen hindernis
14245,69,Leuven teller 1,Leuven,50.87549,4.71526,1.8387610399847476,50.883136591988745,4.738498138707177,2019,6,13,24062,Leuven,Normaal,Droog,Dag,met lichtgewonden,9,personenauto,3,Fiets,Buiten Kruispunt,Gemeenteweg,binnen bebouwde kom,Tss. 2 best.: langs opzij (voor-/achterkant-flank),Geen hindernis
14245,107,leuven totem,Leuven,50.8870744,4.7087919,2.129408528678489,50.883136591988745,4.738498138707177,2019,6,13,24062,Leuven,Normaal,Droog,Dag,met lichtgewonden,9,personenauto,3,Fiets,Buiten Kruispunt,Gemeenteweg,binnen bebouwde kom,Tss. 2 best.: langs opzij (voor-/achterkant-flank),Geen hindernis
14245,77,Leuven teller 2,Leuven,50.88672,4.70796,2.179011083675258,50.883136591988745,4.738498138707177,2019,6,13,24062,Leuven,Normaal,Droog,Dag,met lichtgewonden,9,personenauto,3,Fiets,Buiten Kruispunt,Gemeenteweg,binnen bebouwde kom,Tss. 2 best.: langs opzij (voor-/achterkant-flank),Geen hindernis
14246,77,Leuven teller 2,Leuven,50.88672,4.70796,0.754674210452476,50.885912676612676,4.6972781552039695,2019,6,19,24062,Leuven,Normaal,Droog,Dag,met zwaargewonden,9,personenauto,3,Fiets,Buiten Kruispunt,Gemeenteweg,binnen bebouwde kom,Tussen 2 bestuurders: Langs achteren,Geen hindernis
14246,107,leuven totem,Leuven,50.8870744,4.7087919,0.8179345489489899,50.885912676612676,4.6972781552039695,2019,6,19,24062,Leuven,Normaal,Droog,Dag,met zwaargewonden,9,personenauto,3,Fiets,Buiten Kruispunt,Gemeenteweg,binnen bebouwde kom,Tussen 2 bestuurders: Langs achteren,Geen hindernis
14246,69,Leuven teller 1,Leuven,50.87549,4.71526,1.7130898679161968,50.885912676612676,4.6972781552039695,2019,6,19,24062,Leuven,Normaal,Droog,Dag,met zwaargewonden,9,personenauto,3,Fiets,Buiten Kruispunt,Gemeenteweg,binnen bebouwde kom,Tussen 2 bestuurders: Langs achteren,Geen hindernis
14246,151,Leuven,District Leuven,50.8690262,4.6854839,2.051947776375443,50.885912676612676,4.6972781552039695,2019,6,19,24062,Leuven,Normaal,Droog,Dag,met zwaargewonden,9,personenauto,3,Fiets,Buiten Kruispunt,Gemeenteweg,binnen bebouwde kom,Tussen 2 bestuurders: Langs achteren,Geen hindernis
14247,77,Leuven teller 2,Leuven,50.88672,4.70796,0.8618159953795087,50.879400716824556,4.7039194925630206,2019,6,17,24062,Leuven,Normaal,Droog,Dag,met zwaargewonden,3,Fiets,3,Fiets,Buiten Kruispunt,Gemeenteweg,binnen bebouwde kom,Tss. 2 best.: langs opzij (voor-/achterkant-flank),Geen hindernis
14247,69,Leuven teller 1,Leuven,50.87549,4.71526,0.9067467187809164,50.879400716824556,4.7039194925630206,2019,6,17,24062,Leuven,Normaal,Droog,Dag,met zwaargewonden,3,Fiets,3,Fiets,Buiten Kruispunt,Gemeenteweg,binnen bebouwde kom,Tss. 2 best.: langs opzij (voor-/achterkant-flank),Geen hindernis
14247,107,leuven totem,Leuven,50.8870744,4.7087919,0.9191926123859092,50.879400716824556,4.7039194925630206,2019,6,17,24062,Leuven,Normaal,Droog,Dag,met zwaargewonden,3,Fiets,3,Fiets,Buiten Kruispunt,Gemeenteweg,binnen bebouwde kom,Tss. 2 best.: langs opzij (voor-/achterkant-flank),Geen hindernis
14247,151,Leuven,District Leuven,50.8690262,4.6854839,1.7332315675798031,50.879400716824556,4.7039194925630206,2019,6,17,24062,Leuven,Normaal,Droog,Dag,met zwaargewonden,3,Fiets,3,Fiets,Buiten Kruispunt,Gemeenteweg,binnen bebouwde kom,Tss. 2 best.: langs opzij (voor-/achterkant-flank),Geen hindernis
14254,73,Herent teller 2,Herent,50.89128,4.64685,0.5944694603710351,50.893012416709745,4.638831832245215,2019,6,18,24038,Herent,Normaal,Droog,Dag,met zwaargewonden,3,Fiets,9,personenauto,Op Kruispunt,Gewestweg,buiten bebouwde kom,Tss. 2 best.: langs opzij (voor-/achterkant-flank),Geen hindernis
14254,72,Herent teller 1,Herent,50.89135,4.64689,0.5946585431081873,50.893012416709745,4.638831832245215,2019,6,18,24038,Herent,Normaal,Droog,Dag,met zwaargewonden,3,Fiets,9,personenauto,Op Kruispunt,Gewestweg,buiten bebouwde kom,Tss. 2 best.: langs opzij (voor-/achterkant-flank),Geen hindernis
14255,73,Herent teller 2,Herent,50.89128,4.64685,1.5132635243871937,50.88398743662253,4.665064141677675,2019,6,16,24038,Herent,Normaal,Droog,Dag,met lichtgewonden,3,Fiets,9,personenauto,Buiten Kruispunt,Gemeenteweg,binnen bebouwde kom,Tussen 2 bestuurders: Langs achteren,Geen hindernis
14255,72,Herent teller 1,Herent,50.89135,4.64689,1.5150861652422742,50.88398743662253,4.665064141677675,2019,6,16,24038,Herent,Normaal,Droog,Dag,met lichtgewonden,3,Fiets,9,personenauto,Buiten Kruispunt,Gemeenteweg,binnen bebouwde kom,Tussen 2 bestuurders: Langs achteren,Geen hindernis
14255,151,Leuven,District Leuven,50.8690262,4.6854839,2.195516237097957,50.88398743662253,4.665064141677675,2019,6,16,24038,Herent,Normaal,Droog,Dag,met lichtgewonden,3,Fiets,9,personenauto,Buiten Kruispunt,Gemeenteweg,binnen bebouwde kom,Tussen 2 bestuurders: Langs achteren,Geen hindernis
14258,101,Diest teller 1,Diest,50.97799,5.04481,0.7141430094567426,50.98063911322248,5.05410261349862,2019,6,18,24020,Diest,Normaal,Droog,Dag,met lichtgewonden,3,Fiets,9,personenauto,Buiten Kruispunt,Gemeenteweg,binnen bebouwde kom,Tussen 2 bestuurders: Flank tegen flank,Geen hindernis
14258,102,Diest teller 2,Diest,50.9779,5.04474,0.7227705780756766,50.98063911322248,5.05410261349862,2019,6,18,24020,Diest,Normaal,Droog,Dag,met lichtgewonden,3,Fiets,9,personenauto,Buiten Kruispunt,Gemeenteweg,binnen bebouwde kom,Tussen 2 bestuurders: Flank tegen flank,Geen hindernis
14259,101,Diest teller 1,Diest,50.97799,5.04481,0.8078244264520864,50.97979833720073,5.055985679749611,2019,6,14,24020,Diest,Normaal,Droog,Dag,met lichtgewonden,9,personenauto,3,Fiets,Buiten Kruispunt,Gewestweg,binnen bebouwde kom,Tss. 2 best.: langs opzij (voor-/achterkant-flank),Geen hindernis
14259,102,Diest teller 2,Diest,50.9779,5.04474,0.8151065979503537,50.97979833720073,5.055985679749611,2019,6,14,24020,Diest,Normaal,Droog,Dag,met lichtgewonden,9,personenauto,3,Fiets,Buiten Kruispunt,Gewestweg,binnen bebouwde kom,Tss. 2 best.: langs opzij (voor-/achterkant-flank),Geen hindernis
14261,101,Diest teller 1,Diest,50.97799,5.04481,1.0538768003945171,50.987169828831,5.04855487579223,2019,6,13,24020,Diest,Normaal,Droog,Dag,met zwaargewonden,3,Fiets,8,Voetganger,Buiten Kruispunt,Gemeenteweg,binnen bebouwde kom,Met een voetganger,Geen hindernis
14261,102,Diest teller 2,Diest,50.9779,5.04474,1.0647911822136122,50.987169828831,5.04855487579223,2019,6,13,24020,Diest,Normaal,Droog,Dag,met zwaargewonden,3,Fiets,8,Voetganger,Buiten Kruispunt,Gemeenteweg,binnen bebouwde kom,Met een voetganger,Geen hindernis
14264,111,Zaventem totem,Zaventem,50.8871216,4.4597084,0.8694725181940178,50.882145464450964,4.469268977637076,2019,6,13,23094,Zaventem,Normaal,Droog,Dag,met lichtgewonden,3,Fiets,9,personenauto,Op Kruispunt,Gemeenteweg,binnen bebouwde kom,Tussen 2 bestuurders: Flank tegen flank,Geen hindernis
14264,26,Zaventem,Zaventem,50.86995,4.45444,1.7092379693261006,50.882145464450964,4.469268977637076,2019,6,13,23094,Zaventem,Normaal,Droog,Dag,met lichtgewonden,3,Fiets,9,personenauto,Op Kruispunt,Gemeenteweg,binnen bebouwde kom,Tussen 2 bestuurders: Flank tegen flank,Geen hindernis
14265,12,Tervuren,Kraainem,50.81896,4.47803,2.2932556763060306,50.83918780529666,4.471662759311725,2019,6,8,23099,Kraainem,Regenval,"Nat, plassen",Dag,met zwaargewonden,5,Lichte vrachtauto,3,Fiets,Buiten Kruispunt,Gemeenteweg,binnen bebouwde kom,Tussen 2 bestuurders: Flank tegen flank,Geen hindernis
14272,85,Asse teller 1,Asse,50.89621,4.17294,2.434391547371385,50.91359766110405,4.19403566399571,2019,6,20,23002,Asse,Onbekend,Onbekend,Dageraad - schemering,met lichtgewonden,2,Andere weggebruiker,3,Fiets,Op Kruispunt,Gewestweg,onbekend,Tss. 2 best.: langs opzij (voor-/achterkant-flank),Geen hindernis
14274,85,Asse teller 1,Asse,50.89621,4.17294,2.223453982447891,50.89614687797808,4.204642915202583,2019,6,8,23002,Asse,Normaal,Droog,Dag,met zwaargewonden,9,personenauto,3,Fiets,Buiten Kruispunt,Gemeenteweg,buiten bebouwde kom,Kettingbotsing (3 bestuurders of meer),Geen hindernis
14274,86,Asse teller 2,Asse,50.89132,4.1709,2.4267380253464745,50.89614687797808,4.204642915202583,2019,6,8,23002,Asse,Normaal,Droog,Dag,met zwaargewonden,9,personenauto,3,Fiets,Buiten Kruispunt,Gemeenteweg,buiten bebouwde kom,Kettingbotsing (3 bestuurders of meer),Geen hindernis
14275,1,Machelen,Machelen,50.91618331151478,4.456121776137429,1.4845376863546,50.91055796871732,4.436918144158958,2019,6,14,23047,Machelen,Onbekend,Onbekend,Dag,met lichtgewonden,3,Fiets,4,Vrachtwagen,Buiten Kruispunt,Gemeenteweg,buiten bebouwde kom,Tussen 2 bestuurders: Flank tegen flank,Geen hindernis
14275,47,Vilvoorde,Vilvoorde,50.91372,4.41497,1.5784355145213345,50.91055796871732,4.436918144158958,2019,6,14,23047,Machelen,Onbekend,Onbekend,Dag,met lichtgewonden,3,Fiets,4,Vrachtwagen,Buiten Kruispunt,Gemeenteweg,buiten bebouwde kom,Tussen 2 bestuurders: Flank tegen flank,Geen hindernis
14276,27,Grimbergen,Meise,50.92127,4.34013,2.0593527201397577,50.93800214834047,4.327533352922152,2019,6,8,23050,Meise,Normaal,Droog,Dag,met lichtgewonden,3,Fiets,9,personenauto,Op Kruispunt,Gewestweg,binnen bebouwde kom,Tss. 2 best.: langs opzij (voor-/achterkant-flank),Geen hindernis
14277,47,Vilvoorde,Vilvoorde,50.91372,4.41497,1.6115469213761784,50.925944149016004,4.427320252628419,2019,6,18,23088,Vilvoorde,Regenval,"Nat, plassen",Dag,met lichtgewonden,5,Lichte vrachtauto,3,Fiets,Op Kruispunt,Gewestweg,binnen bebouwde kom,Tss. 2 best.: langs opzij (voor-/achterkant-flank),Geen hindernis
14277,1,Machelen,Machelen,50.91618331151478,4.456121776137429,2.292131097561938,50.925944149016004,4.427320252628419,2019,6,18,23088,Vilvoorde,Regenval,"Nat, plassen",Dag,met lichtgewonden,5,Lichte vrachtauto,3,Fiets,Op Kruispunt,Gewestweg,binnen bebouwde kom,Tss. 2 best.: langs opzij (voor-/achterkant-flank),Geen hindernis
14278,47,Vilvoorde,Vilvoorde,50.91372,4.41497,1.8956846570784456,50.92900392527466,4.426951372981622,2019,6,11,23088,Vilvoorde,Normaal,Droog,Dag,met lichtgewonden,3,Fiets,8,Voetganger,Buiten Kruispunt,Gewestweg,binnen bebouwde kom,Met een voetganger,Geen hindernis
14278,1,Machelen,Machelen,50.91618331151478,4.456121776137429,2.4925820319093144,50.92900392527466,4.426951372981622,2019,6,11,23088,Vilvoorde,Normaal,Droog,Dag,met lichtgewonden,3,Fiets,8,Voetganger,Buiten Kruispunt,Gewestweg,binnen bebouwde kom,Met een voetganger,Geen hindernis
14279,27,Grimbergen,Meise,50.92127,4.34013,2.379139190485733,50.91267647988877,4.371210409343244,2019,6,15,23088,Vilvoorde,Normaal,Droog,Dag,met lichtgewonden,3,Fiets,9,personenauto,Buiten Kruispunt,Gemeenteweg,buiten bebouwde kom,Tussen 2 bestuurders: Flank tegen flank,Geen hindernis
14280,71,Kampenhout teller 2,Kampenhout,50.95589,4.59164,0.6512412250130941,50.959253826588245,4.584028588541971,2019,6,18,23038,Kampenhout,Regenval,"Nat, plassen",Dag,met lichtgewonden,3,Fiets,10,"één bestuurder, geen hindernis",Buiten Kruispunt,Gemeenteweg,binnen bebouwde kom,"Eén bestuurder, geen hindernis (incl. val)",Geen hindernis
14280,70,Kampenhout teller 1,Kampenhout,50.95682,4.59318,0.6957600354261663,50.959253826588245,4.584028588541971,2019,6,18,23038,Kampenhout,Regenval,"Nat, plassen",Dag,met lichtgewonden,3,Fiets,10,"één bestuurder, geen hindernis",Buiten Kruispunt,Gemeenteweg,binnen bebouwde kom,"Eén bestuurder, geen hindernis (incl. val)",Geen hindernis
14281,13,Gent,Gent,51.03018,3.70146,1.5555496590869518,51.044154223729535,3.700424208896745,2019,6,15,44021,Gent,Normaal,Droog,Dag,met lichtgewonden,3,Fiets,10,"één bestuurder, geen hindernis",Buiten Kruispunt,Gemeenteweg,binnen bebouwde kom,"Eén bestuurder, geen hindernis (incl. val)",Geen hindernis
14282,118,Gent teller 1,Gent,51.028049,3.7681359,2.1798106704872633,51.03783187410993,3.741122481428984,2019,6,19,44021,Gent,Normaal,Droog,Dag,met lichtgewonden,3,Fiets,9,personenauto,Buiten Kruispunt,Gemeenteweg,binnen bebouwde kom,Tss. 2 best.: langs opzij (voor-/achterkant-flank),Geen hindernis
14282,119,Gent teller 2,Gent,51.0281795,3.7683918,2.1881795045091867,51.03783187410993,3.741122481428984,2019,6,19,44021,Gent,Normaal,Droog,Dag,met lichtgewonden,3,Fiets,9,personenauto,Buiten Kruispunt,Gemeenteweg,binnen bebouwde kom,Tss. 2 best.: langs opzij (voor-/achterkant-flank),Geen hindernis
14284,13,Gent,Gent,51.03018,3.70146,1.906368851842585,51.02996047196504,3.728718137155058,2019,6,16,44021,Gent,Normaal,Droog,Dag,met lichtgewonden,3,Fiets,9,personenauto,Buiten Kruispunt,Gemeenteweg,binnen bebouwde kom,Tss. 2 best.: langs opzij (voor-/achterkant-flank),Geen hindernis
14286,13,Gent,Gent,51.03018,3.70146,2.286683503526462,51.03837108709701,3.7314556712644746,2019,6,17,44021,Gent,Normaal,"Nat, plassen",Dag,met lichtgewonden,3,Fiets,9,personenauto,Buiten Kruispunt,Gewestweg,binnen bebouwde kom,Tussen 2 bestuurders: Flank tegen flank,Geen hindernis
14287,13,Gent,Gent,51.03018,3.70146,2.4753515897428757,51.052421424378345,3.699961520889842,2019,6,6,44021,Gent,Onbekend,Onbekend,Onbekend,met lichtgewonden,3,Fiets,10,"één bestuurder, geen hindernis",Buiten Kruispunt,Gewestweg,binnen bebouwde kom,"Eén bestuurder, geen hindernis (incl. val)",Geen hindernis
14288,136,Gent R4,Gent,51.0876313,3.7587918,1.8719274053407713,51.07463152151679,3.7417653997157636,2019,6,16,44021,Gent,Normaal,Droog,Dag,met lichtgewonden,9,personenauto,3,Fiets,Op Kruispunt,Gewestweg,buiten bebouwde kom,Tss. 2 best.: langs opzij (voor-/achterkant-flank),Geen hindernis
14289,13,Gent,Gent,51.03018,3.70146,2.39458677877625,51.04754818678429,3.7217083173804513,2019,6,8,44021,Gent,Normaal,Droog,Dag,met lichtgewonden,9,personenauto,3,Fiets,Op Kruispunt,Gemeenteweg,binnen bebouwde kom,Tss. 2 best.: langs opzij (voor-/achterkant-flank),Geen hindernis
14291,118,Gent teller 1,Gent,51.028049,3.7681359,2.4005445803922036,51.04139497860259,3.7411514003574124,2019,6,17,44021,Gent,Normaal,Droog,Dag,met lichtgewonden,9,personenauto,3,Fiets,Buiten Kruispunt,Gewestweg,binnen bebouwde kom,Tss. 2 best.: langs opzij (voor-/achterkant-flank),Geen hindernis
14291,119,Gent teller 2,Gent,51.0281795,3.7683918,2.4057417268191252,51.04139497860259,3.7411514003574124,2019,6,17,44021,Gent,Normaal,Droog,Dag,met lichtgewonden,9,personenauto,3,Fiets,Buiten Kruispunt,Gewestweg,binnen bebouwde kom,Tss. 2 best.: langs opzij (voor-/achterkant-flank),Geen hindernis
14292,13,Gent,Gent,51.03018,3.70146,1.719575879303321,51.02005317320767,3.6828782482301707,2019,6,18,44021,Gent,Normaal,Droog,Dag,met lichtgewonden,9,personenauto,3,Fiets,Buiten Kruispunt,Gewestweg,buiten bebouwde kom,Tussen 2 bestuurders: Frontale botsing,Geen hindernis
14293,13,Gent,Gent,51.03018,3.70146,1.7902522077608105,51.02102540423664,3.72251677777415,2019,6,19,44021,Gent,Normaal,Droog,Dag,met lichtgewonden,9,personenauto,3,Fiets,Op Kruispunt,Gemeenteweg,binnen bebouwde kom,Tss. 2 best.: langs opzij (voor-/achterkant-flank),Geen hindernis
14295,13,Gent,Gent,51.03018,3.70146,2.2301411527217683,51.03550565924459,3.7322071943219166,2019,6,8,44021,Gent,Normaal,Droog,Dag,met lichtgewonden,3,Fiets,10,"één bestuurder, geen hindernis",Buiten Kruispunt,Gemeenteweg,binnen bebouwde kom,"Eén bestuurder, geen hindernis (incl. val)",Geen hindernis
14296,13,Gent,Gent,51.03018,3.70146,1.3659514394581667,51.03269373510782,3.720579844435126,2019,6,6,44021,Gent,Regenval,"Nat, plassen",Dag,met lichtgewonden,6,Bromfiets,3,Fiets,Op Kruispunt,Gewestweg,binnen bebouwde kom,Tss. 2 best.: langs opzij (voor-/achterkant-flank),Geen hindernis
14299,118,Gent teller 1,Gent,51.028049,3.7681359,2.359407588860405,51.03906375164695,3.739296981840044,2019,6,9,44021,Gent,Normaal,Droog,Dag,met lichtgewonden,3,Fiets,3,Fiets,Buiten Kruispunt,Gemeenteweg,binnen bebouwde kom,Tussen 2 bestuurders: Flank tegen flank,Geen hindernis
14299,119,Gent teller 2,Gent,51.0281795,3.7683918,2.367266142375272,51.03906375164695,3.739296981840044,2019,6,9,44021,Gent,Normaal,Droog,Dag,met lichtgewonden,3,Fiets,3,Fiets,Buiten Kruispunt,Gemeenteweg,binnen bebouwde kom,Tussen 2 bestuurders: Flank tegen flank,Geen hindernis
14300,119,Gent teller 2,Gent,51.0281795,3.7683918,2.3757687389011886,51.04612478783248,3.7499510149871322,2019,6,16,44021,Gent,Normaal,"Nat, plassen",Dag,met lichtgewonden,3,Fiets,3,Fiets,Buiten Kruispunt,Gemeenteweg,binnen bebouwde kom,Tussen 2 bestuurders: Frontale botsing,Geen hindernis
14300,118,Gent teller 1,Gent,51.028049,3.7681359,2.3783568407169007,51.04612478783248,3.7499510149871322,2019,6,16,44021,Gent,Normaal,"Nat, plassen",Dag,met lichtgewonden,3,Fiets,3,Fiets,Buiten Kruispunt,Gemeenteweg,binnen bebouwde kom,Tussen 2 bestuurders: Frontale botsing,Geen hindernis
14301,13,Gent,Gent,51.03018,3.70146,2.445650202179513,51.050370508997865,3.7153330415211445,2019,6,15,44021,Gent,Normaal,Droog,Dag,met zwaargewonden,5,Lichte vrachtauto,3,Fiets,Buiten Kruispunt,Gemeenteweg,binnen bebouwde kom,Tss. 2 best.: langs opzij (voor-/achterkant-flank),Geen hindernis
14308,13,Gent,Gent,51.03018,3.70146,2.1556740561646355,51.03847480968806,3.7293237986766847,2019,6,18,44021,Gent,Normaal,Droog,Dag,met lichtgewonden,9,personenauto,3,Fiets,Op Kruispunt,Gewestweg,binnen bebouwde kom,Tss. 2 best.: langs opzij (voor-/achterkant-flank),Geen hindernis
14310,13,Gent,Gent,51.03018,3.70146,1.9788336143277845,51.04072579803075,3.724255648818398,2019,6,5,44021,Gent,Normaal,Proper,"Nacht, openbare verlichting aanwezig en ontstoken",met lichtgewonden,9,personenauto,3,Fiets,Op Kruispunt,Gemeenteweg,binnen bebouwde kom,Tussen 2 bestuurders: Frontale botsing,Geen hindernis
14312,136,Gent R4,Gent,51.0876313,3.7587918,2.4554992672296523,51.06584671912398,3.764549010116021,2019,6,12,44021,Gent,Onbekend,Onbekend,Dag,met lichtgewonden,3,Fiets,7,Motorfiets,Buiten Kruispunt,Gemeenteweg,onbekend,Tss. 2 best.: langs opzij (voor-/achterkant-flank),Geen hindernis
14331,118,Gent teller 1,Gent,51.028049,3.7681359,1.8393718255261962,51.016225965356504,3.749743285002442,2019,6,14,44043,Merelbeke,Normaal,Droog,Dag,met lichtgewonden,3,Fiets,10,"één bestuurder, geen hindernis",Buiten Kruispunt,Gemeenteweg,binnen bebouwde kom,"Eén bestuurder, geen hindernis (incl. val)",Geen hindernis
14331,119,Gent teller 2,Gent,51.0281795,3.7683918,1.862262113458287,51.016225965356504,3.749743285002442,2019,6,14,44043,Merelbeke,Normaal,Droog,Dag,met lichtgewonden,3,Fiets,10,"één bestuurder, geen hindernis",Buiten Kruispunt,Gemeenteweg,binnen bebouwde kom,"Eén bestuurder, geen hindernis (incl. val)",Geen hindernis
14332,118,Gent teller 1,Gent,51.028049,3.7681359,2.4443660333478894,51.00712010146387,3.7574462838698244,2019,6,8,44043,Merelbeke,Normaal,Droog,Dag,met lichtgewonden,3,Fiets,10,"één bestuurder, geen hindernis",Op Kruispunt,Gemeenteweg,binnen bebouwde kom,"Eén bestuurder, geen hindernis (incl. val)",Geen hindernis
14332,119,Gent teller 2,Gent,51.0281795,3.7683918,2.4636890793458006,51.00712010146387,3.7574462838698244,2019,6,8,44043,Merelbeke,Normaal,Droog,Dag,met lichtgewonden,3,Fiets,10,"één bestuurder, geen hindernis",Op Kruispunt,Gemeenteweg,binnen bebouwde kom,"Eén bestuurder, geen hindernis (incl. val)",Geen hindernis
14333,116,Melle teller 2,Melle,50.9986113,3.8040599,1.28514340607587,51.00816384129535,3.7937212045182624,2019,6,17,44040,Melle,Normaal,Droog,Dag,met lichtgewonden,3,Fiets,9,personenauto,Buiten Kruispunt,Gewestweg,buiten bebouwde kom,Tussen 2 bestuurders: Flank tegen flank,Geen hindernis
14333,117,Melle teller 1,Melle,50.9986113,3.8040599,1.28514340607587,51.00816384129535,3.7937212045182624,2019,6,17,44040,Melle,Normaal,Droog,Dag,met lichtgewonden,3,Fiets,9,personenauto,Buiten Kruispunt,Gewestweg,buiten bebouwde kom,Tussen 2 bestuurders: Flank tegen flank,Geen hindernis
14336,116,Melle teller 2,Melle,50.9986113,3.8040599,0.6116690938813926,51.003593950692824,3.8003560796757063,2019,6,19,44040,Melle,Normaal,Droog,Dag,met lichtgewonden,9,personenauto,3,Fiets,Op Kruispunt,Gewestweg,binnen bebouwde kom,Tss. 2 best.: langs opzij (voor-/achterkant-flank),Geen hindernis
14336,117,Melle teller 1,Melle,50.9986113,3.8040599,0.6116690938813926,51.003593950692824,3.8003560796757063,2019,6,19,44040,Melle,Normaal,Droog,Dag,met lichtgewonden,9,personenauto,3,Fiets,Op Kruispunt,Gewestweg,binnen bebouwde kom,Tss. 2 best.: langs opzij (voor-/achterkant-flank),Geen hindernis
14343,114,Deinze teller 1,Nazareth,50.9598305,3.555502,0.8460537917312306,50.95563280323267,3.5454272041157404,2019,6,16,44048,Nazareth,Normaal,Droog,Dag,met lichtgewonden,3,Fiets,10,"één bestuurder, geen hindernis",Buiten Kruispunt,Gemeenteweg,buiten bebouwde kom,"Eén bestuurder, geen hindernis (incl. val)",Geen hindernis
14343,113,Deinze teller 2,Deinze,50.96018,3.55578,0.8839975406485351,50.95563280323267,3.5454272041157404,2019,6,16,44048,Nazareth,Normaal,Droog,Dag,met lichtgewonden,3,Fiets,10,"één bestuurder, geen hindernis",Buiten Kruispunt,Gemeenteweg,buiten bebouwde kom,"Eén bestuurder, geen hindernis (incl. val)",Geen hindernis
14351,7,Evergem 1,Evergem,51.1089,3.70317,0.6379520500402127,51.10558444279923,3.71062734166274,2019,6,22,44019,Evergem,Onbekend,"Nat, plassen","Nacht, openbare verlichting aanwezig en ontstoken",met zwaargewonden,9,personenauto,3,Fiets,Op Kruispunt,Gemeenteweg,binnen bebouwde kom,Tss. 2 best.: langs opzij (voor-/achterkant-flank),Geen hindernis
14351,6,Evergem 2,Evergem,51.10894,3.70298,0.6513603429354966,51.10558444279923,3.71062734166274,2019,6,22,44019,Evergem,Onbekend,"Nat, plassen","Nacht, openbare verlichting aanwezig en ontstoken",met zwaargewonden,9,personenauto,3,Fiets,Op Kruispunt,Gemeenteweg,binnen bebouwde kom,Tss. 2 best.: langs opzij (voor-/achterkant-flank),Geen hindernis
14389,126,Hamme totem,Hamme,51.1017709,4.1469307,2.228699595664572,51.11371529534464,4.172566043682235,2019,6,13,46025,Temse,Normaal,Droog,Dag,met lichtgewonden,3,Fiets,5,Lichte vrachtauto,Buiten Kruispunt,Gemeenteweg,binnen bebouwde kom,Tussen 2 bestuurders: Flank tegen flank,Geen hindernis
14390,126,Hamme totem,Hamme,51.1017709,4.1469307,1.3632510254207724,51.11401124024963,4.145825001230584,2019,6,0,46025,Temse,Normaal,Droog,"Nacht, openbare verlichting aanwezig en ontstoken",met lichtgewonden,3,Fiets,11,een weggebruiker tegen een hindernis,Buiten Kruispunt,Gemeenteweg,buiten bebouwde kom,Weggebruiker tegen hindernis buiten rijbaan,Buiten de rijbaan: Verlichtingspaal
14392,141,Test site A support,Lokeren,51.08342085,3.9961071208376326,1.569998208124041,51.09748578397359,3.998078524569473,2019,6,16,46014,Lokeren,Normaal,Droog,Dag,met lichtgewonden,5,Lichte vrachtauto,3,Fiets,Op Kruispunt,Gewestweg,binnen bebouwde kom,Tussen 2 bestuurders: Flank tegen flank,Geen hindernis
14392,128,Lokeren teller 1,Lokeren,51.09644,3.97023,1.9481609842365057,51.09748578397359,3.998078524569473,2019,6,16,46014,Lokeren,Normaal,Droog,Dag,met lichtgewonden,5,Lichte vrachtauto,3,Fiets,Op Kruispunt,Gewestweg,binnen bebouwde kom,Tussen 2 bestuurders: Flank tegen flank,Geen hindernis
14392,129,Lokeren teller 2,Lokeren,51.09612,3.97025,1.9492226392554286,51.09748578397359,3.998078524569473,2019,6,16,46014,Lokeren,Normaal,Droog,Dag,met lichtgewonden,5,Lichte vrachtauto,3,Fiets,Op Kruispunt,Gewestweg,binnen bebouwde kom,Tussen 2 bestuurders: Flank tegen flank,Geen hindernis
14393,128,Lokeren teller 1,Lokeren,51.09644,3.97023,1.5027168232720127,51.103662298519325,3.98841978744901,2019,6,17,46014,Lokeren,Normaal,Droog,Dag,met lichtgewonden,9,personenauto,3,Fiets,Buiten Kruispunt,Gemeenteweg,binnen bebouwde kom,Tussen 2 bestuurders: Flank tegen flank,Geen hindernis