crash_row_id,site_id,site_name,site_gemeente,site_lat,site_long,distance_km,crash_lat,crash_long,DT_YEAR_COLLISION,DT_MONTH_COLLISION,DT_TIME,CD_NIS,TX_MUNTY_COLLISION_NL,TX_WEATHER_NL,TX_ROAD_CONDITION_NL,TX_LIGHT_CONDITION_NL,TX_CLASS_ACCIDENTS_NL,CD_ROAD_USR_TYPE1,TX_ROAD_USR_TYPE1_NL,CD_ROAD_USR_TYPE2,TX_ROAD_USR_TYPE2_NL,TX_CROSSWAY_NL,CD_ROAD_TYPE_NL,TX_BUILD_UP_AREA_NL,TX_COLLISION_TYPE_NL,TX_OBSTACLES_NL
14393,129,Lokeren teller 2,Lokeren,51.09612,3.97025,1.520868412423813,51.103662298519325,3.98841978744901,2019,6,17,46014,Lokeren,Normaal,Droog,Dag,met lichtgewonden,9,personenauto,3,Fiets,Buiten Kruispunt,Gemeenteweg,binnen bebouwde kom,Tussen 2 bestuurders: Flank tegen flank,Geen hindernis
14393,141,Test site A support,Lokeren,51.08342085,3.9961071208376326,2.3138864473407827,51.103662298519325,3.98841978744901,2019,6,17,46014,Lokeren,Normaal,Droog,Dag,met lichtgewonden,9,personenauto,3,Fiets,Buiten Kruispunt,Gemeenteweg,binnen bebouwde kom,Tussen 2 bestuurders: Flank tegen flank,Geen hindernis
14395,141,Test site A support,Lokeren,51.08342085,3.9961071208376326,1.672182327960336,51.09470297700759,4.011937169014898,2019,6,18,46014,Lokeren,Normaal,Droog,Dag,met lichtgewonden,9,personenauto,3,Fiets,Op Kruispunt,Gewestweg,buiten bebouwde kom,Tss. 2 best.: langs opzij (voor-/achterkant-flank),Geen hindernis
14396,128,Lokeren teller 1,Lokeren,51.09644,3.97023,1.8712748682193756,51.11114932163101,3.9832506208307525,2019,6,10,46014,Lokeren,Normaal,Droog,Dag,met lichtgewonden,9,personenauto,3,Fiets,Op Kruispunt,Gewestweg,binnen bebouwde kom,Tss. 2 best.: langs opzij (voor-/achterkant-flank),Geen hindernis
14396,129,Lokeren teller 2,Lokeren,51.09612,3.97025,1.90178905855384,51.11114932163101,3.9832506208307525,2019,6,10,46014,Lokeren,Normaal,Droog,Dag,met lichtgewonden,9,personenauto,3,Fiets,Op Kruispunt,Gewestweg,binnen bebouwde kom,Tss. 2 best.: langs opzij (voor-/achterkant-flank),Geen hindernis
14400,126,Hamme totem,Hamme,51.1017709,4.1469307,0.7710474279619239,51.09521825626254,4.143318398886919,2019,6,18,42008,Hamme,Normaal,Droog,Dag,met lichtgewonden,9,personenauto,3,Fiets,Op Kruispunt,Gewestweg,binnen bebouwde kom,Tussen 2 bestuurders: Frontale botsing,Geen hindernis
14402,120,Zele teller 1,Zele,51.0607671,4.0547741,1.369871687761774,51.06815069300467,4.0390818288655295,2019,6,6,42028,Zele,Normaal,Droog,Dageraad - schemering,met lichtgewonden,3,Fiets,5,Lichte vrachtauto,Buiten Kruispunt,Gemeenteweg,binnen bebouwde kom,Tussen 2 bestuurders: Frontale botsing,Geen hindernis
14402,121,Zele teller 2,Zele,51.0604067,4.0556696,1.4439968092492517,51.06815069300467,4.0390818288655295,2019,6,6,42028,Zele,Normaal,Droog,Dageraad - schemering,met lichtgewonden,3,Fiets,5,Lichte vrachtauto,Buiten Kruispunt,Gemeenteweg,binnen bebouwde kom,Tussen 2 bestuurders: Frontale botsing,Geen hindernis
14403,120,Zele teller 1,Zele,51.0607671,4.0547741,1.3247079982607093,51.069099048187795,4.041224457744826,2019,6,15,42028,Zele,Onbekend,Droog,Dag,met lichtgewonden,3,Fiets,10,"één bestuurder, geen hindernis",Op Kruispunt,Gemeenteweg,binnen bebouwde kom,"Eén bestuurder, geen hindernis (incl. val)",Geen hindernis
14403,121,Zele teller 2,Zele,51.0604067,4.0556696,1.3975469396306202,51.069099048187795,4.041224457744826,2019,6,15,42028,Zele,Onbekend,Droog,Dag,met lichtgewonden,3,Fiets,10,"één bestuurder, geen hindernis",Op Kruispunt,Gemeenteweg,binnen bebouwde kom,"Eén bestuurder, geen hindernis (incl. val)",Geen hindernis
14404,120,Zele teller 1,Zele,51.0607671,4.0547741,1.151707894521636,51.05584076350818,4.040278363659958,2019,6,13,42028,Zele,Normaal,Droog,Dag,met lichtgewonden,3,Fiets,9,personenauto,Buiten Kruispunt,Gemeenteweg,binnen bebouwde kom,Tss. 2 best.: langs opzij (voor-/achterkant-flank),Geen hindernis
14404,121,Zele teller 2,Zele,51.0604067,4.0556696,1.189482883202162,51.05584076350818,4.040278363659958,2019,6,13,42028,Zele,Normaal,Droog,Dag,met lichtgewonden,3,Fiets,9,personenauto,Buiten Kruispunt,Gemeenteweg,binnen bebouwde kom,Tss. 2 best.: langs opzij (voor-/achterkant-flank),Geen hindernis
14405,120,Zele teller 1,Zele,51.0607671,4.0547741,1.5167116739896835,51.07084256273221,4.040143222454164,2019,6,8,42028,Zele,Normaal,"Nat, plassen",Dag,met lichtgewonden,3,Fiets,10,"één bestuurder, geen hindernis",Buiten Kruispunt,Gemeenteweg,binnen bebouwde kom,"Eén bestuurder, geen hindernis (incl. val)",Geen hindernis
14405,121,Zele teller 2,Zele,51.0604067,4.0556696,1.5886130375551601,51.07084256273221,4.040143222454164,2019,6,8,42028,Zele,Normaal,"Nat, plassen",Dag,met lichtgewonden,3,Fiets,10,"één bestuurder, geen hindernis",Buiten Kruispunt,Gemeenteweg,binnen bebouwde kom,"Eén bestuurder, geen hindernis (incl. val)",Geen hindernis
14406,120,Zele teller 1,Zele,51.0607671,4.0547741,1.8113579241097748,51.07432324682909,4.040399785375758,2019,6,20,42028,Zele,Normaal,Droog,Dag,met zwaargewonden,3,Fiets,11,een weggebruiker tegen een hindernis,Buiten Kruispunt,Gemeenteweg,binnen bebouwde kom,Weggebruiker tegen hindernis buiten rijbaan,Andere hindernis
14406,121,Zele teller 2,Zele,51.0604067,4.0556696,1.8796439487768786,51.07432324682909,4.040399785375758,2019,6,20,42028,Zele,Normaal,Droog,Dag,met zwaargewonden,3,Fiets,11,een weggebruiker tegen een hindernis,Buiten Kruispunt,Gemeenteweg,binnen bebouwde kom,Weggebruiker tegen hindernis buiten rijbaan,Andere hindernis
14407,152,Opwijk,District Vilvoorde-gewestwegen,50.968901168564656,4.149169474840164,2.3842929360995413,50.98969891601791,4.1408808759153795,2019,6,13,42011,Lebbeke,Normaal,Droog,Dag,met lichtgewonden,3,Fiets,10,"één bestuurder, geen hindernis",Op Kruispunt,Gemeenteweg,binnen bebouwde kom,"Eén bestuurder, geen hindernis (incl. val)",Geen hindernis
14421,10,Aalst 2,Aalst,50.93549,4.01571,0.4786827760302317,50.93943157526531,4.018456778523198,2019,6,12,41002,Aalst,Normaal,Droog,Dag,met lichtgewonden,3,Fiets,11,een weggebruiker tegen een hindernis,Op Kruispunt,Gewestweg,binnen bebouwde kom,Weggebruiker tegen hindernis op de rijbaan,"Op de rijbaan: Werken (signal., aarde, toestel,…)"
14421,19,Aalst 1,Aalst,50.93433,4.01471,0.6250797567142486,50.93943157526531,4.018456778523198,2019,6,12,41002,Aalst,Normaal,Droog,Dag,met lichtgewonden,3,Fiets,11,een weggebruiker tegen een hindernis,Op Kruispunt,Gewestweg,binnen bebouwde kom,Weggebruiker tegen hindernis op de rijbaan,"Op de rijbaan: Werken (signal., aarde, toestel,…)"
14421,11,Aalst 3,Aalst,50.93385,4.01647,0.6360656337268189,50.93943157526531,4.018456778523198,2019,6,12,41002,Aalst,Normaal,Droog,Dag,met lichtgewonden,3,Fiets,11,een weggebruiker tegen een hindernis,Op Kruispunt,Gewestweg,binnen bebouwde kom,Weggebruiker tegen hindernis op de rijbaan,"Op de rijbaan: Werken (signal., aarde, toestel,…)"
14422,10,Aalst 2,Aalst,50.93549,4.01571,2.233720029195917,50.94198695517462,4.045875301962057,2019,6,17,41002,Aalst,Onbekend,Droog,Dag,met lichtgewonden,3,Fiets,5,Lichte vrachtauto,Buiten Kruispunt,Gemeenteweg,binnen bebouwde kom,Tss. 2 best.: langs opzij (voor-/achterkant-flank),Geen hindernis
14422,11,Aalst 3,Aalst,50.93385,4.01647,2.250358050240593,50.94198695517462,4.045875301962057,2019,6,17,41002,Aalst,Onbekend,Droog,Dag,met lichtgewonden,3,Fiets,5,Lichte vrachtauto,Buiten Kruispunt,Gemeenteweg,binnen bebouwde kom,Tss. 2 best.: langs opzij (voor-/achterkant-flank),Geen hindernis
14422,19,Aalst 1,Aalst,50.93433,4.01471,2.3438740986778694,50.94198695517462,4.045875301962057,2019,6,17,41002,Aalst,Onbekend,Droog,Dag,met lichtgewonden,3,Fiets,5,Lichte vrachtauto,Buiten Kruispunt,Gemeenteweg,binnen bebouwde kom,Tss. 2 best.: langs opzij (voor-/achterkant-flank),Geen hindernis
14423,10,Aalst 2,Aalst,50.93549,4.01571,1.89815528871768,50.95063493609118,4.028209977460867,2019,6,8,41002,Aalst,Normaal,Droog,Dag,met lichtgewonden,3,Fiets,10,"één bestuurder, geen hindernis",Buiten Kruispunt,Gemeenteweg,binnen bebouwde kom,"Eén bestuurder, geen hindernis (incl. val)",Geen hindernis
14423,11,Aalst 3,Aalst,50.93385,4.01647,2.0396181224888683,50.95063493609118,4.028209977460867,2019,6,8,41002,Aalst,Normaal,Droog,Dag,met lichtgewonden,3,Fiets,10,"één bestuurder, geen hindernis",Buiten Kruispunt,Gemeenteweg,binnen bebouwde kom,"Eén bestuurder, geen hindernis (incl. val)",Geen hindernis
14423,19,Aalst 1,Aalst,50.93433,4.01471,2.0449250041362674,50.95063493609118,4.028209977460867,2019,6,8,41002,Aalst,Normaal,Droog,Dag,met lichtgewonden,3,Fiets,10,"één bestuurder, geen hindernis",Buiten Kruispunt,Gemeenteweg,binnen bebouwde kom,"Eén bestuurder, geen hindernis (incl. val)",Geen hindernis
14424,10,Aalst 2,Aalst,50.93549,4.01571,1.5738760698299885,50.94091315612801,4.036457260386724,2019,6,15,41002,Aalst,Normaal,Droog,Dag,met lichtgewonden,9,personenauto,3,Fiets,Buiten Kruispunt,Gemeenteweg,binnen bebouwde kom,Tussen 2 bestuurders: Flank tegen flank,Geen hindernis
14424,11,Aalst 3,Aalst,50.93385,4.01647,1.605722661040448,50.94091315612801,4.036457260386724,2019,6,15,41002,Aalst,Normaal,Droog,Dag,met lichtgewonden,9,personenauto,3,Fiets,Buiten Kruispunt,Gemeenteweg,binnen bebouwde kom,Tussen 2 bestuurders: Flank tegen flank,Geen hindernis
14424,19,Aalst 1,Aalst,50.93433,4.01471,1.690558411404168,50.94091315612801,4.036457260386724,2019,6,15,41002,Aalst,Normaal,Droog,Dag,met lichtgewonden,9,personenauto,3,Fiets,Buiten Kruispunt,Gemeenteweg,binnen bebouwde kom,Tussen 2 bestuurders: Flank tegen flank,Geen hindernis
14426,10,Aalst 2,Aalst,50.93549,4.01571,1.4963766847181148,50.94352221156858,4.03284468725298,2019,6,17,41002,Aalst,Normaal,Droog,Dag,met lichtgewonden,9,personenauto,3,Fiets,Buiten Kruispunt,Gemeenteweg,binnen bebouwde kom,Tussen 2 bestuurders: Langs achteren,Geen hindernis
14426,11,Aalst 3,Aalst,50.93385,4.01647,1.5726275836501984,50.94352221156858,4.03284468725298,2019,6,17,41002,Aalst,Normaal,Droog,Dag,met lichtgewonden,9,personenauto,3,Fiets,Buiten Kruispunt,Gemeenteweg,binnen bebouwde kom,Tussen 2 bestuurders: Langs achteren,Geen hindernis
14426,19,Aalst 1,Aalst,50.93433,4.01471,1.630761938724828,50.94352221156858,4.03284468725298,2019,6,17,41002,Aalst,Normaal,Droog,Dag,met lichtgewonden,9,personenauto,3,Fiets,Buiten Kruispunt,Gemeenteweg,binnen bebouwde kom,Tussen 2 bestuurders: Langs achteren,Geen hindernis
14428,10,Aalst 2,Aalst,50.93549,4.01571,1.1495376837904516,50.94037569269491,4.030167734377508,2019,6,10,41002,Aalst,Normaal,Droog,Dag,met lichtgewonden,3,Fiets,9,personenauto,Buiten Kruispunt,Gemeenteweg,binnen bebouwde kom,Tss. 2 best.: langs opzij (voor-/achterkant-flank),Geen hindernis
14428,11,Aalst 3,Aalst,50.93385,4.01647,1.2032457061760304,50.94037569269491,4.030167734377508,2019,6,10,41002,Aalst,Normaal,Droog,Dag,met lichtgewonden,3,Fiets,9,personenauto,Buiten Kruispunt,Gemeenteweg,binnen bebouwde kom,Tss. 2 best.: langs opzij (voor-/achterkant-flank),Geen hindernis
14428,19,Aalst 1,Aalst,50.93433,4.01471,1.274807100364579,50.94037569269491,4.030167734377508,2019,6,10,41002,Aalst,Normaal,Droog,Dag,met lichtgewonden,3,Fiets,9,personenauto,Buiten Kruispunt,Gemeenteweg,binnen bebouwde kom,Tss. 2 best.: langs opzij (voor-/achterkant-flank),Geen hindernis
14434,125,Dendermonde totem,Dendermonde,51.0372706,4.1025998,2.293427815003563,51.04806936499618,4.130548335875215,2019,6,16,42006,Dendermonde,Normaal,Droog,Dag,met lichtgewonden,3,Fiets,3,Fiets,Buiten Kruispunt,Gemeenteweg,binnen bebouwde kom,Tss. 2 best.: langs opzij (voor-/achterkant-flank),Geen hindernis
14434,122,Dendermonde teller 2,Dendermonde,51.0373918,4.1019222,2.3270133884849598,51.04806936499618,4.130548335875215,2019,6,16,42006,Dendermonde,Normaal,Droog,Dag,met lichtgewonden,3,Fiets,3,Fiets,Buiten Kruispunt,Gemeenteweg,binnen bebouwde kom,Tss. 2 best.: langs opzij (voor-/achterkant-flank),Geen hindernis
14435,125,Dendermonde totem,Dendermonde,51.0372706,4.1025998,0.48803455769820014,51.03302316616406,4.104358147440273,2019,6,11,42006,Dendermonde,Normaal,Droog,Dag,met lichtgewonden,9,personenauto,3,Fiets,Op Kruispunt,Gewestweg,binnen bebouwde kom,Tss. 2 best.: langs opzij (voor-/achterkant-flank),Geen hindernis
14435,122,Dendermonde teller 2,Dendermonde,51.0373918,4.1019222,0.5147671592286311,51.03302316616406,4.104358147440273,2019,6,11,42006,Dendermonde,Normaal,Droog,Dag,met lichtgewonden,9,personenauto,3,Fiets,Op Kruispunt,Gewestweg,binnen bebouwde kom,Tss. 2 best.: langs opzij (voor-/achterkant-flank),Geen hindernis
14436,122,Dendermonde teller 2,Dendermonde,51.0373918,4.1019222,0.7301206916170462,51.03156716383011,4.097102112092146,2019,6,10,42006,Dendermonde,Normaal,Droog,Dag,met lichtgewonden,3,Fiets,11,een weggebruiker tegen een hindernis,Buiten Kruispunt,Gemeenteweg,binnen bebouwde kom,Weggebruiker tegen hindernis buiten rijbaan,Andere hindernis
14436,125,Dendermonde totem,Dendermonde,51.0372706,4.1025998,0.7416100740764149,51.03156716383011,4.097102112092146,2019,6,10,42006,Dendermonde,Normaal,Droog,Dag,met lichtgewonden,3,Fiets,11,een weggebruiker tegen een hindernis,Buiten Kruispunt,Gemeenteweg,binnen bebouwde kom,Weggebruiker tegen hindernis buiten rijbaan,Andere hindernis
14437,125,Dendermonde totem,Dendermonde,51.0372706,4.1025998,2.152008681694298,51.01876354130608,4.111600515260877,2019,6,14,42006,Dendermonde,Normaal,Droog,Dag,met zwaargewonden,3,Fiets,10,"één bestuurder, geen hindernis",Buiten Kruispunt,Gewestweg,binnen bebouwde kom,"Eén bestuurder, geen hindernis (incl. val)",Geen hindernis
14437,122,Dendermonde teller 2,Dendermonde,51.0373918,4.1019222,2.1791496396867838,51.01876354130608,4.111600515260877,2019,6,14,42006,Dendermonde,Normaal,Droog,Dag,met zwaargewonden,3,Fiets,10,"één bestuurder, geen hindernis",Buiten Kruispunt,Gewestweg,binnen bebouwde kom,"Eén bestuurder, geen hindernis (incl. val)",Geen hindernis
14439,53,Brugge teller 1,Brugge,51.23023,3.228,1.7768768518458196,51.219337649915715,3.20933001767745,2019,6,13,31005,Brugge,Normaal,Droog,Dag,met lichtgewonden,3,Fiets,9,personenauto,Op Kruispunt,Gewestweg,binnen bebouwde kom,Tussen 2 bestuurders: Flank tegen flank,Geen hindernis
14439,54,Brugge teller 2,Brugge,51.23015,3.22818,1.7800494828424682,51.219337649915715,3.20933001767745,2019,6,13,31005,Brugge,Normaal,Droog,Dag,met lichtgewonden,3,Fiets,9,personenauto,Op Kruispunt,Gewestweg,binnen bebouwde kom,Tussen 2 bestuurders: Flank tegen flank,Geen hindernis
14439,52,Brugge,Brugge,51.22632,3.24095,2.334900487442403,51.219337649915715,3.20933001767745,2019,6,13,31005,Brugge,Normaal,Droog,Dag,met lichtgewonden,3,Fiets,9,personenauto,Op Kruispunt,Gewestweg,binnen bebouwde kom,Tussen 2 bestuurders: Flank tegen flank,Geen hindernis
14439,142,TEST Validatie BRUGGE Y2H22022134,Brugge,51.22632,3.24095,2.334900487442403,51.219337649915715,3.20933001767745,2019,6,13,31005,Brugge,Normaal,Droog,Dag,met lichtgewonden,3,Fiets,9,personenauto,Op Kruispunt,Gewestweg,binnen bebouwde kom,Tussen 2 bestuurders: Flank tegen flank,Geen hindernis
14440,142,TEST Validatie BRUGGE Y2H22022134,Brugge,51.22632,3.24095,2.0109784941777638,51.21190654331474,3.2235097091226907,2019,6,12,31005,Brugge,Normaal,Droog+Proper,Dag,met lichtgewonden,3,Fiets,9,personenauto,Buiten Kruispunt,Gewestweg,binnen bebouwde kom,Tss. 2 best.: langs opzij (voor-/achterkant-flank),Geen hindernis
14440,52,Brugge,Brugge,51.22632,3.24095,2.0109784941777638,51.21190654331474,3.2235097091226907,2019,6,12,31005,Brugge,Normaal,Droog+Proper,Dag,met lichtgewonden,3,Fiets,9,personenauto,Buiten Kruispunt,Gewestweg,binnen bebouwde kom,Tss. 2 best.: langs opzij (voor-/achterkant-flank),Geen hindernis
14440,54,Brugge teller 2,Brugge,51.23015,3.22818,2.0544894136147573,51.21190654331474,3.2235097091226907,2019,6,12,31005,Brugge,Normaal,Droog+Proper,Dag,met lichtgewonden,3,Fiets,9,personenauto,Buiten Kruispunt,Gewestweg,binnen bebouwde kom,Tss. 2 best.: langs opzij (voor-/achterkant-flank),Geen hindernis
14440,53,Brugge teller 1,Brugge,51.23023,3.228,2.0613342876968446,51.21190654331474,3.2235097091226907,2019,6,12,31005,Brugge,Normaal,Droog+Proper,Dag,met lichtgewonden,3,Fiets,9,personenauto,Buiten Kruispunt,Gewestweg,binnen bebouwde kom,Tss. 2 best.: langs opzij (voor-/achterkant-flank),Geen hindernis
14441,142,TEST Validatie BRUGGE Y2H22022134,Brugge,51.22632,3.24095,1.5868435317306004,51.23484805656894,3.2592231308411272,2019,6,10,31005,Brugge,Normaal,Droog,Dag,met lichtgewonden,3,Fiets,11,een weggebruiker tegen een hindernis,Buiten Kruispunt,Gewestweg,buiten bebouwde kom,Weggebruiker tegen hindernis op de rijbaan,Op de rijbaan: Dier (wild dier)
14441,52,Brugge,Brugge,51.22632,3.24095,1.5868435317306004,51.23484805656894,3.2592231308411272,2019,6,10,31005,Brugge,Normaal,Droog,Dag,met lichtgewonden,3,Fiets,11,een weggebruiker tegen een hindernis,Buiten Kruispunt,Gewestweg,buiten bebouwde kom,Weggebruiker tegen hindernis op de rijbaan,Op de rijbaan: Dier (wild dier)
14441,54,Brugge teller 2,Brugge,51.23015,3.22818,2.223643558566506,51.23484805656894,3.2592231308411272,2019,6,10,31005,Brugge,Normaal,Droog,Dag,met lichtgewonden,3,Fiets,11,een weggebruiker tegen een hindernis,Buiten Kruispunt,Gewestweg,buiten bebouwde kom,Weggebruiker tegen hindernis op de rijbaan,Op de rijbaan: Dier (wild dier)
14441,53,Brugge teller 1,Brugge,51.23023,3.228,2.2337638716546953,51.23484805656894,3.2592231308411272,2019,6,10,31005,Brugge,Normaal,Droog,Dag,met lichtgewonden,3,Fiets,11,een weggebruiker tegen een hindernis,Buiten Kruispunt,Gewestweg,buiten bebouwde kom,Weggebruiker tegen hindernis op de rijbaan,Op de rijbaan: Dier (wild dier)
14442,53,Brugge teller 1,Brugge,51.23023,3.228,2.0392393840463976,51.24458228894842,3.2097651231062643,2019,6,20,31005,Brugge,Normaal,Droog,Dag,met lichtgewonden,9,personenauto,3,Fiets,Buiten Kruispunt,Gemeenteweg,buiten bebouwde kom,Tussen 2 bestuurders: Frontale botsing,Geen hindernis
14442,54,Brugge teller 2,Brugge,51.23015,3.22818,2.054007304960652,51.24458228894842,3.2097651231062643,2019,6,20,31005,Brugge,Normaal,Droog,Dag,met lichtgewonden,9,personenauto,3,Fiets,Buiten Kruispunt,Gemeenteweg,buiten bebouwde kom,Tussen 2 bestuurders: Frontale botsing,Geen hindernis
14445,53,Brugge teller 1,Brugge,51.23023,3.228,1.3904940470806866,51.234407783091925,3.2091766661736365,2019,6,10,31005,Brugge,Normaal,"Vuil (zand, grint, bladeren,...)",Dag,met lichtgewonden,3,Fiets,10,"één bestuurder, geen hindernis",Buiten Kruispunt,Gemeenteweg,binnen bebouwde kom,"Eén bestuurder, geen hindernis (incl. val)",Geen hindernis
14445,54,Brugge teller 2,Brugge,51.23015,3.22818,1.4052859347052498,51.234407783091925,3.2091766661736365,2019,6,10,31005,Brugge,Normaal,"Vuil (zand, grint, bladeren,...)",Dag,met lichtgewonden,3,Fiets,10,"één bestuurder, geen hindernis",Buiten Kruispunt,Gemeenteweg,binnen bebouwde kom,"Eén bestuurder, geen hindernis (incl. val)",Geen hindernis
14445,52,Brugge,Brugge,51.22632,3.24095,2.3881545134923283,51.234407783091925,3.2091766661736365,2019,6,10,31005,Brugge,Normaal,"Vuil (zand, grint, bladeren,...)",Dag,met lichtgewonden,3,Fiets,10,"één bestuurder, geen hindernis",Buiten Kruispunt,Gemeenteweg,binnen bebouwde kom,"Eén bestuurder, geen hindernis (incl. val)",Geen hindernis
14445,142,TEST Validatie BRUGGE Y2H22022134,Brugge,51.22632,3.24095,2.3881545134923283,51.234407783091925,3.2091766661736365,2019,6,10,31005,Brugge,Normaal,"Vuil (zand, grint, bladeren,...)",Dag,met lichtgewonden,3,Fiets,10,"één bestuurder, geen hindernis",Buiten Kruispunt,Gemeenteweg,binnen bebouwde kom,"Eén bestuurder, geen hindernis (incl. val)",Geen hindernis
14448,142,TEST Validatie BRUGGE Y2H22022134,Brugge,51.22632,3.24095,1.8632687664189058,51.21019218323842,3.2482108512107626,2019,6,14,31005,Brugge,Normaal,Droog,Dag,met lichtgewonden,8,Voetganger,3,Fiets,Buiten Kruispunt,Gewestweg,binnen bebouwde kom,Met een voetganger,Geen hindernis
14448,52,Brugge,Brugge,51.22632,3.24095,1.8632687664189058,51.21019218323842,3.2482108512107626,2019,6,14,31005,Brugge,Normaal,Droog,Dag,met lichtgewonden,8,Voetganger,3,Fiets,Buiten Kruispunt,Gewestweg,binnen bebouwde kom,Met een voetganger,Geen hindernis
14449,142,TEST Validatie BRUGGE Y2H22022134,Brugge,51.22632,3.24095,0.5997443268859812,51.222027746042784,3.235734781878332,2019,6,8,31005,Brugge,Normaal,Droog,Dag,met lichtgewonden,3,Fiets,9,personenauto,Buiten Kruispunt,Gemeenteweg,binnen bebouwde kom,Tss. 2 best.: langs opzij (voor-/achterkant-flank),Geen hindernis
14449,52,Brugge,Brugge,51.22632,3.24095,0.5997443268859812,51.222027746042784,3.235734781878332,2019,6,8,31005,Brugge,Normaal,Droog,Dag,met lichtgewonden,3,Fiets,9,personenauto,Buiten Kruispunt,Gemeenteweg,binnen bebouwde kom,Tss. 2 best.: langs opzij (voor-/achterkant-flank),Geen hindernis
14449,54,Brugge teller 2,Brugge,51.23015,3.22818,1.045202819560141,51.222027746042784,3.235734781878332,2019,6,8,31005,Brugge,Normaal,Droog,Dag,met lichtgewonden,3,Fiets,9,personenauto,Buiten Kruispunt,Gemeenteweg,binnen bebouwde kom,Tss. 2 best.: langs opzij (voor-/achterkant-flank),Geen hindernis
14449,53,Brugge teller 1,Brugge,51.23023,3.228,1.059217225233332,51.222027746042784,3.235734781878332,2019,6,8,31005,Brugge,Normaal,Droog,Dag,met lichtgewonden,3,Fiets,9,personenauto,Buiten Kruispunt,Gemeenteweg,binnen bebouwde kom,Tss. 2 best.: langs opzij (voor-/achterkant-flank),Geen hindernis
14450,142,TEST Validatie BRUGGE Y2H22022134,Brugge,51.22632,3.24095,2.468713632353573,51.20803152120788,3.220854006421342,2019,6,17,31005,Brugge,Normaal,Droog,Dag,met lichtgewonden,3,Fiets,8,Voetganger,Buiten Kruispunt,Gewestweg,binnen bebouwde kom,Met een voetganger,Geen hindernis
14450,52,Brugge,Brugge,51.22632,3.24095,2.468713632353573,51.20803152120788,3.220854006421342,2019,6,17,31005,Brugge,Normaal,Droog,Dag,met lichtgewonden,3,Fiets,8,Voetganger,Buiten Kruispunt,Gewestweg,binnen bebouwde kom,Met een voetganger,Geen hindernis
14451,142,TEST Validatie BRUGGE Y2H22022134,Brugge,51.22632,3.24095,2.090899207750515,51.2094407482215,3.254180732028755,2019,6,19,31005,Brugge,Normaal,"Nat, plassen",Dag,met lichtgewonden,9,personenauto,3,Fiets,Buiten Kruispunt,Gewestweg,binnen bebouwde kom,Tss. 2 best.: langs opzij (voor-/achterkant-flank),Geen hindernis
14451,52,Brugge,Brugge,51.22632,3.24095,2.090899207750515,51.2094407482215,3.254180732028755,2019,6,19,31005,Brugge,Normaal,"Nat, plassen",Dag,met lichtgewonden,9,personenauto,3,Fiets,Buiten Kruispunt,Gewestweg,binnen bebouwde kom,Tss. 2 best.: langs opzij (voor-/achterkant-flank),Geen hindernis
14461,20,Brugge,Brugge,51.17416,3.20048,2.290488727776524,51.15506822315671,3.1881465029344214,2019,6,12,31040,Zedelgem,Normaal,Droog,Dag,met lichtgewonden,9,personenauto,3,Fiets,Op Kruispunt,Gewestweg,binnen bebouwde kom,Tss. 2 best.: langs opzij (voor-/achterkant-flank),Geen hindernis
14466,15,Oostende 2,Oostende,51.21371,2.92743,1.973358237013598,51.22787473845061,2.9103595113221585,2019,6,22,35013,Oostende,Normaal,Droog,"Nacht, openbare verlichting aanwezig en ontstoken",met lichtgewonden,3,Fiets,6,Bromfiets,Op Kruispunt,Gewestweg,binnen bebouwde kom,Tussen 2 bestuurders: Langs achteren,Geen hindernis
14466,18,Oostende 1,Oostende,51.21378,2.92765,1.9764480576043548,51.22787473845061,2.9103595113221585,2019,6,22,35013,Oostende,Normaal,Droog,"Nacht, openbare verlichting aanwezig en ontstoken",met lichtgewonden,3,Fiets,6,Bromfiets,Op Kruispunt,Gewestweg,binnen bebouwde kom,Tussen 2 bestuurders: Langs achteren,Geen hindernis
14467,15,Oostende 2,Oostende,51.21371,2.92743,1.6482785602142143,51.226356848544995,2.915084644035922,2019,6,7,35013,Oostende,Normaal,Droog,Dag,met zwaargewonden,9,personenauto,3,Fiets,Buiten Kruispunt,Gewestweg,binnen bebouwde kom,Tussen 2 bestuurders: Flank tegen flank,Geen hindernis
14467,18,Oostende 1,Oostende,51.21378,2.92765,1.6497187182054445,51.226356848544995,2.915084644035922,2019,6,7,35013,Oostende,Normaal,Droog,Dag,met zwaargewonden,9,personenauto,3,Fiets,Buiten Kruispunt,Gewestweg,binnen bebouwde kom,Tussen 2 bestuurders: Flank tegen flank,Geen hindernis
14468,15,Oostende 2,Oostende,51.21371,2.92743,1.5127621901727875,51.21208735660805,2.905867305727905,2019,6,11,35013,Oostende,Normaal,Droog,Dag,met lichtgewonden,9,personenauto,3,Fiets,Op Kruispunt,Gewestweg,binnen bebouwde kom,Tss. 2 best.: langs opzij (voor-/achterkant-flank),Geen hindernis
14468,18,Oostende 1,Oostende,51.21378,2.92765,1.528915653321586,51.21208735660805,2.905867305727905,2019,6,11,35013,Oostende,Normaal,Droog,Dag,met lichtgewonden,9,personenauto,3,Fiets,Op Kruispunt,Gewestweg,binnen bebouwde kom,Tss. 2 best.: langs opzij (voor-/achterkant-flank),Geen hindernis