crash_row_id,site_id,site_name,site_gemeente,site_lat,site_long,distance_km,crash_lat,crash_long,DT_YEAR_COLLISION,DT_MONTH_COLLISION,DT_TIME,CD_NIS,TX_MUNTY_COLLISION_NL,TX_WEATHER_NL,TX_ROAD_CONDITION_NL,TX_LIGHT_CONDITION_NL,TX_CLASS_ACCIDENTS_NL,CD_ROAD_USR_TYPE1,TX_ROAD_USR_TYPE1_NL,CD_ROAD_USR_TYPE2,TX_ROAD_USR_TYPE2_NL,TX_CROSSWAY_NL,CD_ROAD_TYPE_NL,TX_BUILD_UP_AREA_NL,TX_COLLISION_TYPE_NL,TX_OBSTACLES_NL
14469,15,Oostende 2,Oostende,51.21371,2.92743,2.38650718698002,51.19903341862465,2.902434883206785,2019,6,6,35013,Oostende,Normaal,Droog,Dag,met lichtgewonden,3,Fiets,11,een weggebruiker tegen een hindernis,Buiten Kruispunt,Gewestweg,binnen bebouwde kom,Weggebruiker tegen hindernis op de rijbaan,"Op de rijbaan: Put, straatgoot, tramspoor"
14469,18,Oostende 1,Oostende,51.21378,2.92765,2.4030164949120443,51.19903341862465,2.902434883206785,2019,6,6,35013,Oostende,Normaal,Droog,Dag,met lichtgewonden,3,Fiets,11,een weggebruiker tegen een hindernis,Buiten Kruispunt,Gewestweg,binnen bebouwde kom,Weggebruiker tegen hindernis op de rijbaan,"Op de rijbaan: Put, straatgoot, tramspoor"
14477,55,Torhout teller 1,Torhout,51.07161,3.08261,1.2011209764677426,51.07543284662442,3.0986890943152323,2019,6,19,31033,Torhout,Normaal,Droog,Dag,met zwaargewonden,9,personenauto,3,Fiets,Op Kruispunt,Gemeenteweg,binnen bebouwde kom,Tss. 2 best.: langs opzij (voor-/achterkant-flank),Geen hindernis
14477,56,Torhout teller 2,Torhout,51.07147,3.08244,1.2177845310448094,51.07543284662442,3.0986890943152323,2019,6,19,31033,Torhout,Normaal,Droog,Dag,met zwaargewonden,9,personenauto,3,Fiets,Op Kruispunt,Gemeenteweg,binnen bebouwde kom,Tss. 2 best.: langs opzij (voor-/achterkant-flank),Geen hindernis
14479,55,Torhout teller 1,Torhout,51.07161,3.08261,0.41402975982934775,51.07108167123371,3.088475795950188,2019,6,13,31033,Torhout,Normaal,Droog,Dag,met lichtgewonden,3,Fiets,9,personenauto,Op Kruispunt,Gemeenteweg,binnen bebouwde kom,Tss. 2 best.: langs opzij (voor-/achterkant-flank),Geen hindernis
14479,56,Torhout teller 2,Torhout,51.07147,3.08244,0.42392400158518606,51.07108167123371,3.088475795950188,2019,6,13,31033,Torhout,Normaal,Droog,Dag,met lichtgewonden,3,Fiets,9,personenauto,Op Kruispunt,Gemeenteweg,binnen bebouwde kom,Tss. 2 best.: langs opzij (voor-/achterkant-flank),Geen hindernis
14483,84,Roeselare totem,Izegem,50.91717,3.18772,1.9536775572595524,50.91323814659218,3.1605589062617527,2019,6,8,36015,Roeselare,Normaal,Droog,Dag,met lichtgewonden,3,Fiets,9,personenauto,Buiten Kruispunt,Gemeenteweg,binnen bebouwde kom,Tussen 2 bestuurders: Flank tegen flank,Geen hindernis
14487,84,Roeselare totem,Izegem,50.91717,3.18772,2.093968351879169,50.932699543769154,3.1708215821729873,2019,6,15,36015,Roeselare,Normaal,Droog,Dag,met zwaargewonden,3,Fiets,3,Fiets,Buiten Kruispunt,Gemeenteweg,buiten bebouwde kom,Tussen 2 bestuurders: Frontale botsing,Geen hindernis
14499,74,Kortrijk teller 1,Kortrijk,50.81909,3.25728,1.4240539558541632,50.80762089838464,3.248261008149135,2019,6,13,34022,Kortrijk,Normaal,Droog,Dag,met lichtgewonden,9,personenauto,3,Fiets,Buiten Kruispunt,Gewestweg,buiten bebouwde kom,Tss. 2 best.: langs opzij (voor-/achterkant-flank),Geen hindernis
14499,75,Kortrijk teller 2,Kortrijk,50.81925,3.25731,1.44093680004669,50.80762089838464,3.248261008149135,2019,6,13,34022,Kortrijk,Normaal,Droog,Dag,met lichtgewonden,9,personenauto,3,Fiets,Buiten Kruispunt,Gewestweg,buiten bebouwde kom,Tss. 2 best.: langs opzij (voor-/achterkant-flank),Geen hindernis
14501,143,Eco Display Classic Budastraat,Kortrijk,50.83066,3.26286,1.9800666134869471,50.83687993289229,3.2364409379341725,2019,6,10,34022,Kortrijk,Normaal,Droog,Dag,met lichtgewonden,3,Fiets,10,"één bestuurder, geen hindernis",Buiten Kruispunt,Gemeenteweg,binnen bebouwde kom,"Eén bestuurder, geen hindernis (incl. val)",Geen hindernis
14501,75,Kortrijk teller 2,Kortrijk,50.81925,3.25731,2.4477485186231567,50.83687993289229,3.2364409379341725,2019,6,10,34022,Kortrijk,Normaal,Droog,Dag,met lichtgewonden,3,Fiets,10,"één bestuurder, geen hindernis",Buiten Kruispunt,Gemeenteweg,binnen bebouwde kom,"Eén bestuurder, geen hindernis (incl. val)",Geen hindernis
14501,74,Kortrijk teller 1,Kortrijk,50.81909,3.25728,2.460767840940392,50.83687993289229,3.2364409379341725,2019,6,10,34022,Kortrijk,Normaal,Droog,Dag,met lichtgewonden,3,Fiets,10,"één bestuurder, geen hindernis",Buiten Kruispunt,Gemeenteweg,binnen bebouwde kom,"Eén bestuurder, geen hindernis (incl. val)",Geen hindernis
14502,75,Kortrijk teller 2,Kortrijk,50.81925,3.25731,0.857263554924081,50.821808393249896,3.2688219307242505,2019,6,10,34022,Kortrijk,Normaal,Droog,Dag,met lichtgewonden,9,personenauto,3,Fiets,Buiten Kruispunt,Gewestweg,binnen bebouwde kom,Tss. 2 best.: langs opzij (voor-/achterkant-flank),Geen hindernis
14502,74,Kortrijk teller 1,Kortrijk,50.81909,3.25728,0.86530630406989,50.821808393249896,3.2688219307242505,2019,6,10,34022,Kortrijk,Normaal,Droog,Dag,met lichtgewonden,9,personenauto,3,Fiets,Buiten Kruispunt,Gewestweg,binnen bebouwde kom,Tss. 2 best.: langs opzij (voor-/achterkant-flank),Geen hindernis
14502,143,Eco Display Classic Budastraat,Kortrijk,50.83066,3.26286,1.069633300872975,50.821808393249896,3.2688219307242505,2019,6,10,34022,Kortrijk,Normaal,Droog,Dag,met lichtgewonden,9,personenauto,3,Fiets,Buiten Kruispunt,Gewestweg,binnen bebouwde kom,Tss. 2 best.: langs opzij (voor-/achterkant-flank),Geen hindernis
14502,16,Kortrijk 1,Kortrijk,50.83332,3.27777,1.4260001923444614,50.821808393249896,3.2688219307242505,2019,6,10,34022,Kortrijk,Normaal,Droog,Dag,met lichtgewonden,9,personenauto,3,Fiets,Buiten Kruispunt,Gewestweg,binnen bebouwde kom,Tss. 2 best.: langs opzij (voor-/achterkant-flank),Geen hindernis
14502,17,Kortrijk 2,Kortrijk,50.83339,3.27773,1.4317610272175625,50.821808393249896,3.2688219307242505,2019,6,10,34022,Kortrijk,Normaal,Droog,Dag,met lichtgewonden,9,personenauto,3,Fiets,Buiten Kruispunt,Gewestweg,binnen bebouwde kom,Tss. 2 best.: langs opzij (voor-/achterkant-flank),Geen hindernis
14503,143,Eco Display Classic Budastraat,Kortrijk,50.83066,3.26286,1.023977889659508,50.831845792030805,3.2484013297540937,2019,6,10,34022,Kortrijk,Regenval,"Nat, plassen",Dag,met lichtgewonden,3,Fiets,9,personenauto,Buiten Kruispunt,Gemeenteweg,binnen bebouwde kom,Tss. 2 best.: langs opzij (voor-/achterkant-flank),Geen hindernis
14503,75,Kortrijk teller 2,Kortrijk,50.81925,3.25731,1.5340157319586494,50.831845792030805,3.2484013297540937,2019,6,10,34022,Kortrijk,Regenval,"Nat, plassen",Dag,met lichtgewonden,3,Fiets,9,personenauto,Buiten Kruispunt,Gemeenteweg,binnen bebouwde kom,Tss. 2 best.: langs opzij (voor-/achterkant-flank),Geen hindernis
14503,74,Kortrijk teller 1,Kortrijk,50.81909,3.25728,1.5494275328519846,50.831845792030805,3.2484013297540937,2019,6,10,34022,Kortrijk,Regenval,"Nat, plassen",Dag,met lichtgewonden,3,Fiets,9,personenauto,Buiten Kruispunt,Gemeenteweg,binnen bebouwde kom,Tss. 2 best.: langs opzij (voor-/achterkant-flank),Geen hindernis
14503,17,Kortrijk 2,Kortrijk,50.83339,3.27773,2.066879219379163,50.831845792030805,3.2484013297540937,2019,6,10,34022,Kortrijk,Regenval,"Nat, plassen",Dag,met lichtgewonden,3,Fiets,9,personenauto,Buiten Kruispunt,Gemeenteweg,binnen bebouwde kom,Tss. 2 best.: langs opzij (voor-/achterkant-flank),Geen hindernis
14503,16,Kortrijk 1,Kortrijk,50.83332,3.27777,2.0690490195003686,50.831845792030805,3.2484013297540937,2019,6,10,34022,Kortrijk,Regenval,"Nat, plassen",Dag,met lichtgewonden,3,Fiets,9,personenauto,Buiten Kruispunt,Gemeenteweg,binnen bebouwde kom,Tss. 2 best.: langs opzij (voor-/achterkant-flank),Geen hindernis
14504,16,Kortrijk 1,Kortrijk,50.83332,3.27777,0.08330880892956541,50.833266195786685,3.2789531929038764,2019,6,17,34022,Kortrijk,Normaal,Droog,Dag,met lichtgewonden,3,Fiets,9,personenauto,Buiten Kruispunt,Gewestweg,binnen bebouwde kom,Tussen 2 bestuurders: Flank tegen flank,Geen hindernis
14504,17,Kortrijk 2,Kortrijk,50.83339,3.27773,0.08699885676525247,50.833266195786685,3.2789531929038764,2019,6,17,34022,Kortrijk,Normaal,Droog,Dag,met lichtgewonden,3,Fiets,9,personenauto,Buiten Kruispunt,Gewestweg,binnen bebouwde kom,Tussen 2 bestuurders: Flank tegen flank,Geen hindernis
14504,143,Eco Display Classic Budastraat,Kortrijk,50.83066,3.26286,1.1667919461220893,50.833266195786685,3.2789531929038764,2019,6,17,34022,Kortrijk,Normaal,Droog,Dag,met lichtgewonden,3,Fiets,9,personenauto,Buiten Kruispunt,Gewestweg,binnen bebouwde kom,Tussen 2 bestuurders: Flank tegen flank,Geen hindernis
14504,75,Kortrijk teller 2,Kortrijk,50.81925,3.25731,2.177156120847217,50.833266195786685,3.2789531929038764,2019,6,17,34022,Kortrijk,Normaal,Droog,Dag,met lichtgewonden,3,Fiets,9,personenauto,Buiten Kruispunt,Gewestweg,binnen bebouwde kom,Tussen 2 bestuurders: Flank tegen flank,Geen hindernis
14504,74,Kortrijk teller 1,Kortrijk,50.81909,3.25728,2.1913923640536312,50.833266195786685,3.2789531929038764,2019,6,17,34022,Kortrijk,Normaal,Droog,Dag,met lichtgewonden,3,Fiets,9,personenauto,Buiten Kruispunt,Gewestweg,binnen bebouwde kom,Tussen 2 bestuurders: Flank tegen flank,Geen hindernis
14505,17,Kortrijk 2,Kortrijk,50.83339,3.27773,1.3028447934414829,50.842630160930035,3.266322030777167,2019,6,2,34022,Kortrijk,Normaal,Droog,"Nacht, openbare verlichting aanwezig en ontstoken",met zwaargewonden,9,personenauto,3,Fiets,Op Kruispunt,Gewestweg,binnen bebouwde kom,Tss. 2 best.: langs opzij (voor-/achterkant-flank),Geen hindernis
14505,16,Kortrijk 1,Kortrijk,50.83332,3.27777,1.310713161694388,50.842630160930035,3.266322030777167,2019,6,2,34022,Kortrijk,Normaal,Droog,"Nacht, openbare verlichting aanwezig en ontstoken",met zwaargewonden,9,personenauto,3,Fiets,Op Kruispunt,Gewestweg,binnen bebouwde kom,Tss. 2 best.: langs opzij (voor-/achterkant-flank),Geen hindernis
14505,143,Eco Display Classic Budastraat,Kortrijk,50.83066,3.26286,1.353041906283961,50.842630160930035,3.266322030777167,2019,6,2,34022,Kortrijk,Normaal,Droog,"Nacht, openbare verlichting aanwezig en ontstoken",met zwaargewonden,9,personenauto,3,Fiets,Op Kruispunt,Gewestweg,binnen bebouwde kom,Tss. 2 best.: langs opzij (voor-/achterkant-flank),Geen hindernis
14506,143,Eco Display Classic Budastraat,Kortrijk,50.83066,3.26286,0.507669675112178,50.827779995924814,3.2572513475960285,2019,6,13,34022,Kortrijk,Regenval,"Nat, plassen",Dag,met lichtgewonden,3,Fiets,9,personenauto,Op Kruispunt,Gewestweg,binnen bebouwde kom,Tss. 2 best.: langs opzij (voor-/achterkant-flank),Geen hindernis
14506,75,Kortrijk teller 2,Kortrijk,50.81925,3.25731,0.9485012188684315,50.827779995924814,3.2572513475960285,2019,6,13,34022,Kortrijk,Regenval,"Nat, plassen",Dag,met lichtgewonden,3,Fiets,9,personenauto,Op Kruispunt,Gewestweg,binnen bebouwde kom,Tss. 2 best.: langs opzij (voor-/achterkant-flank),Geen hindernis
14506,74,Kortrijk teller 1,Kortrijk,50.81909,3.25728,0.9662855554221322,50.827779995924814,3.2572513475960285,2019,6,13,34022,Kortrijk,Regenval,"Nat, plassen",Dag,met lichtgewonden,3,Fiets,9,personenauto,Op Kruispunt,Gewestweg,binnen bebouwde kom,Tss. 2 best.: langs opzij (voor-/achterkant-flank),Geen hindernis
14506,16,Kortrijk 1,Kortrijk,50.83332,3.27777,1.5672209804099024,50.827779995924814,3.2572513475960285,2019,6,13,34022,Kortrijk,Regenval,"Nat, plassen",Dag,met lichtgewonden,3,Fiets,9,personenauto,Op Kruispunt,Gewestweg,binnen bebouwde kom,Tss. 2 best.: langs opzij (voor-/achterkant-flank),Geen hindernis
14506,17,Kortrijk 2,Kortrijk,50.83339,3.27773,1.5677180593218238,50.827779995924814,3.2572513475960285,2019,6,13,34022,Kortrijk,Regenval,"Nat, plassen",Dag,met lichtgewonden,3,Fiets,9,personenauto,Op Kruispunt,Gewestweg,binnen bebouwde kom,Tss. 2 best.: langs opzij (voor-/achterkant-flank),Geen hindernis
14515,17,Kortrijk 2,Kortrijk,50.83339,3.27773,1.8470841736190786,50.84380445742275,3.29822239793228,2019,6,7,34013,Harelbeke,Onbekend,Onbekend,Dag,met lichtgewonden,3,Fiets,8,Voetganger,Buiten Kruispunt,Gemeenteweg,binnen bebouwde kom,Met een voetganger,Geen hindernis
14515,16,Kortrijk 1,Kortrijk,50.83332,3.27777,1.849793311328467,50.84380445742275,3.29822239793228,2019,6,7,34013,Harelbeke,Onbekend,Onbekend,Dag,met lichtgewonden,3,Fiets,8,Voetganger,Buiten Kruispunt,Gemeenteweg,binnen bebouwde kom,Met een voetganger,Geen hindernis
14517,64,Nieuwpoort teller 1,Nieuwpoort,51.13359,2.75737,0.6955829335232114,51.12846596181149,2.7516519804872406,2019,6,12,38016,Nieuwpoort,Normaal,Droog,Dag,met lichtgewonden,3,Fiets,9,personenauto,Op Kruispunt,Gemeenteweg,binnen bebouwde kom,Tss. 2 best.: langs opzij (voor-/achterkant-flank),Geen hindernis
14517,65,Nieuwpoort teller 2,Nieuwpoort,51.13435,2.75511,0.6973522106347804,51.12846596181149,2.7516519804872406,2019,6,12,38016,Nieuwpoort,Normaal,Droog,Dag,met lichtgewonden,3,Fiets,9,personenauto,Op Kruispunt,Gemeenteweg,binnen bebouwde kom,Tss. 2 best.: langs opzij (voor-/achterkant-flank),Geen hindernis
14517,66,Nieuwpoort totem,Nieuwpoort,51.1347,2.74369,0.8883589305654578,51.12846596181149,2.7516519804872406,2019,6,12,38016,Nieuwpoort,Normaal,Droog,Dag,met lichtgewonden,3,Fiets,9,personenauto,Op Kruispunt,Gemeenteweg,binnen bebouwde kom,Tss. 2 best.: langs opzij (voor-/achterkant-flank),Geen hindernis
14517,63,Nieuwpoort teller 3,Nieuwpoort,51.13529,2.74289,0.9744632464794936,51.12846596181149,2.7516519804872406,2019,6,12,38016,Nieuwpoort,Normaal,Droog,Dag,met lichtgewonden,3,Fiets,9,personenauto,Op Kruispunt,Gemeenteweg,binnen bebouwde kom,Tss. 2 best.: langs opzij (voor-/achterkant-flank),Geen hindernis
14518,66,Nieuwpoort totem,Nieuwpoort,51.1347,2.74369,0.7125252176100253,51.12920963197766,2.7489552258850507,2019,6,17,38016,Nieuwpoort,Normaal,Droog,Dag,met zwaargewonden,9,personenauto,3,Fiets,Op Kruispunt,Gemeenteweg,binnen bebouwde kom,Tss. 2 best.: langs opzij (voor-/achterkant-flank),Geen hindernis
14518,65,Nieuwpoort teller 2,Nieuwpoort,51.13435,2.75511,0.7149483423920524,51.12920963197766,2.7489552258850507,2019,6,17,38016,Nieuwpoort,Normaal,Droog,Dag,met zwaargewonden,9,personenauto,3,Fiets,Op Kruispunt,Gemeenteweg,binnen bebouwde kom,Tss. 2 best.: langs opzij (voor-/achterkant-flank),Geen hindernis
14518,64,Nieuwpoort teller 1,Nieuwpoort,51.13359,2.75737,0.7628986878534771,51.12920963197766,2.7489552258850507,2019,6,17,38016,Nieuwpoort,Normaal,Droog,Dag,met zwaargewonden,9,personenauto,3,Fiets,Op Kruispunt,Gemeenteweg,binnen bebouwde kom,Tss. 2 best.: langs opzij (voor-/achterkant-flank),Geen hindernis
14518,63,Nieuwpoort teller 3,Nieuwpoort,51.13529,2.74289,0.7976414642705354,51.12920963197766,2.7489552258850507,2019,6,17,38016,Nieuwpoort,Normaal,Droog,Dag,met zwaargewonden,9,personenauto,3,Fiets,Op Kruispunt,Gemeenteweg,binnen bebouwde kom,Tss. 2 best.: langs opzij (voor-/achterkant-flank),Geen hindernis
14521,67,Ieper totem,Ieper,50.85018,2.85624,1.9250429944477325,50.8503988215037,2.8836589838613964,2019,6,13,33011,Ieper,Normaal,Droog,Dag,met lichtgewonden,3,Fiets,8,Voetganger,Buiten Kruispunt,Gewestweg,binnen bebouwde kom,Met een voetganger,Geen hindernis
14521,68,Ieper,Ieper,50.85032,2.85608,1.9361385944545748,50.8503988215037,2.8836589838613964,2019,6,13,33011,Ieper,Normaal,Droog,Dag,met lichtgewonden,3,Fiets,8,Voetganger,Buiten Kruispunt,Gewestweg,binnen bebouwde kom,Met een voetganger,Geen hindernis
14522,67,Ieper totem,Ieper,50.85018,2.85624,1.3327132012814797,50.84795828723902,2.874894269035976,2019,6,16,33011,Ieper,Normaal,Droog,Dag,met lichtgewonden,9,personenauto,3,Fiets,Buiten Kruispunt,Gemeenteweg,binnen bebouwde kom,Tss. 2 best.: langs opzij (voor-/achterkant-flank),Geen hindernis
14522,68,Ieper,Ieper,50.85032,2.85608,1.3466998534826626,50.84795828723902,2.874894269035976,2019,6,16,33011,Ieper,Normaal,Droog,Dag,met lichtgewonden,9,personenauto,3,Fiets,Buiten Kruispunt,Gemeenteweg,binnen bebouwde kom,Tss. 2 best.: langs opzij (voor-/achterkant-flank),Geen hindernis
14525,67,Ieper totem,Ieper,50.85018,2.85624,2.4160202039359713,50.828462995807904,2.857324071420169,2019,6,16,33011,Ieper,Normaal,Droog,Dag,met lichtgewonden,9,personenauto,3,Fiets,Op Kruispunt,Gewestweg,buiten bebouwde kom,Tss. 2 best.: langs opzij (voor-/achterkant-flank),Geen hindernis
14525,68,Ieper,Ieper,50.85032,2.85608,2.4319574602124012,50.828462995807904,2.857324071420169,2019,6,16,33011,Ieper,Normaal,Droog,Dag,met lichtgewonden,9,personenauto,3,Fiets,Op Kruispunt,Gewestweg,buiten bebouwde kom,Tss. 2 best.: langs opzij (voor-/achterkant-flank),Geen hindernis
14526,41,Maasmechelen teller 1,Maasmechelen,50.97025,5.69799,0.706313714402403,50.96409817684618,5.695477624577967,2019,6,18,73107,Maasmechelen,Normaal,Droog,Dag,met lichtgewonden,9,personenauto,3,Fiets,Op Kruispunt,Gewestweg,binnen bebouwde kom,Tussen 2 bestuurders: Frontale botsing,Geen hindernis
14526,42,Maasmechelen teller 2,Maasmechelen,50.97043,5.6981,0.7276207682294643,50.96409817684618,5.695477624577967,2019,6,18,73107,Maasmechelen,Normaal,Droog,Dag,met lichtgewonden,9,personenauto,3,Fiets,Op Kruispunt,Gewestweg,binnen bebouwde kom,Tussen 2 bestuurders: Frontale botsing,Geen hindernis
14527,41,Maasmechelen teller 1,Maasmechelen,50.97025,5.69799,1.0277903380982942,50.96129055513742,5.701598285692311,2019,6,18,73107,Maasmechelen,Normaal,Droog,Dag,met lichtgewonden,3,Fiets,9,personenauto,Buiten Kruispunt,Gewestweg,binnen bebouwde kom,Tss. 2 best.: langs opzij (voor-/achterkant-flank),Geen hindernis
14527,42,Maasmechelen teller 2,Maasmechelen,50.97043,5.6981,1.045370557889307,50.96129055513742,5.701598285692311,2019,6,18,73107,Maasmechelen,Normaal,Droog,Dag,met lichtgewonden,3,Fiets,9,personenauto,Buiten Kruispunt,Gewestweg,binnen bebouwde kom,Tss. 2 best.: langs opzij (voor-/achterkant-flank),Geen hindernis
14528,42,Maasmechelen teller 2,Maasmechelen,50.97043,5.6981,1.4025762165822697,50.981646940337214,5.7072627940640634,2019,6,20,73107,Maasmechelen,Normaal,Droog,Dageraad - schemering,met lichtgewonden,9,personenauto,3,Fiets,Buiten Kruispunt,Gewestweg,buiten bebouwde kom,Tss. 2 best.: langs opzij (voor-/achterkant-flank),Geen hindernis
14528,41,Maasmechelen teller 1,Maasmechelen,50.97025,5.69799,1.4238999848319778,50.981646940337214,5.7072627940640634,2019,6,20,73107,Maasmechelen,Normaal,Droog,Dageraad - schemering,met lichtgewonden,9,personenauto,3,Fiets,Buiten Kruispunt,Gewestweg,buiten bebouwde kom,Tss. 2 best.: langs opzij (voor-/achterkant-flank),Geen hindernis
14534,106,St. pieters leeuw teller 1,Sint-Pieters-Leeuw,50.75533,4.24951,1.9389027458368493,50.76645967247333,4.270730270770737,2019,6,10,23003,Beersel,Normaal,Droog,Dag,met lichtgewonden,9,personenauto,3,Fiets,Op Kruispunt,Gemeenteweg,binnen bebouwde kom,Tss. 2 best.: langs opzij (voor-/achterkant-flank),Geen hindernis
14534,105,St. pieters leeuw teller 2,Halle,50.75509,4.24943,1.960344294730772,50.76645967247333,4.270730270770737,2019,6,10,23003,Beersel,Normaal,Droog,Dag,met lichtgewonden,9,personenauto,3,Fiets,Op Kruispunt,Gemeenteweg,binnen bebouwde kom,Tss. 2 best.: langs opzij (voor-/achterkant-flank),Geen hindernis
14535,79,Pepingen teller 2,Pepingen,50.75848,4.16537,2.198801204721891,50.774249948071684,4.1842325682950525,2019,6,18,23077,Sint-Pieters-Leeuw,Normaal,Proper,Dag,met lichtgewonden,9,personenauto,3,Fiets,Op Kruispunt,Gemeenteweg,binnen bebouwde kom,Tussen 2 bestuurders: Flank tegen flank,Geen hindernis
14535,78,Pepingen teller 1,Pepingen,50.75824,4.1652,2.2273088674636714,50.774249948071684,4.1842325682950525,2019,6,18,23077,Sint-Pieters-Leeuw,Normaal,Proper,Dag,met lichtgewonden,9,personenauto,3,Fiets,Op Kruispunt,Gemeenteweg,binnen bebouwde kom,Tussen 2 bestuurders: Flank tegen flank,Geen hindernis
14539,99,Mechelen teller 1,Mechelen,51.04564,4.46882,1.0617029549108497,51.03650686747741,4.4732482854500795,2019,6,18,12025,Mechelen,Normaal,"Nat, plassen",Dag,met lichtgewonden,9,personenauto,3,Fiets,Buiten Kruispunt,Gewestweg,binnen bebouwde kom,Tss. 2 best.: langs opzij (voor-/achterkant-flank),Geen hindernis
14539,100,Mechelen teller 2,Mechelen,51.0457,4.46883,1.0678839388674186,51.03650686747741,4.4732482854500795,2019,6,18,12025,Mechelen,Normaal,"Nat, plassen",Dag,met lichtgewonden,9,personenauto,3,Fiets,Buiten Kruispunt,Gewestweg,binnen bebouwde kom,Tss. 2 best.: langs opzij (voor-/achterkant-flank),Geen hindernis
14546,140,Hasselt ring,Hasselt,50.9300038,5.3438616,0.17289508932051756,50.929578312471136,5.341488762190037,2019,6,14,71022,Hasselt,Normaal,Droog,Dag,met lichtgewonden,3,Fiets,8,Voetganger,Buiten Kruispunt,Gemeenteweg,binnen bebouwde kom,Met een voetganger,Geen hindernis
14546,138,Hasselt-Kempische brug,Hasselt,50.9405318,5.3422472,1.2191312702781716,50.929578312471136,5.341488762190037,2019,6,14,71022,Hasselt,Normaal,Droog,Dag,met lichtgewonden,3,Fiets,8,Voetganger,Buiten Kruispunt,Gemeenteweg,binnen bebouwde kom,Met een voetganger,Geen hindernis
14546,137,Hasselt-Kempische brug,Hasselt,50.9411605,5.3417576,1.2880182687879946,50.929578312471136,5.341488762190037,2019,6,14,71022,Hasselt,Normaal,Droog,Dag,met lichtgewonden,3,Fiets,8,Voetganger,Buiten Kruispunt,Gemeenteweg,binnen bebouwde kom,Met een voetganger,Geen hindernis
14549,140,Hasselt ring,Hasselt,50.9300038,5.3438616,1.5595441833458434,50.92317179610207,5.324428785307939,2019,6,16,71022,Hasselt,Normaal,Droog,Dag,met zwaargewonden,3,Fiets,9,personenauto,Op Kruispunt,Gemeenteweg,binnen bebouwde kom,Tss. 2 best.: langs opzij (voor-/achterkant-flank),Geen hindernis
14549,138,Hasselt-Kempische brug,Hasselt,50.9405318,5.3422472,2.2990249552804114,50.92317179610207,5.324428785307939,2019,6,16,71022,Hasselt,Normaal,Droog,Dag,met zwaargewonden,3,Fiets,9,personenauto,Op Kruispunt,Gemeenteweg,binnen bebouwde kom,Tss. 2 best.: langs opzij (voor-/achterkant-flank),Geen hindernis
14549,137,Hasselt-Kempische brug,Hasselt,50.9411605,5.3417576,2.3400351695414296,50.92317179610207,5.324428785307939,2019,6,16,71022,Hasselt,Normaal,Droog,Dag,met zwaargewonden,3,Fiets,9,personenauto,Op Kruispunt,Gemeenteweg,binnen bebouwde kom,Tss. 2 best.: langs opzij (voor-/achterkant-flank),Geen hindernis
14550,140,Hasselt ring,Hasselt,50.9300038,5.3438616,0.5426310745931915,50.926182496165474,5.339046187719674,2019,6,15,71022,Hasselt,Normaal,Droog,Dag,met lichtgewonden,9,personenauto,3,Fiets,Op Kruispunt,Gemeenteweg,binnen bebouwde kom,Tss. 2 best.: langs opzij (voor-/achterkant-flank),Geen hindernis
14550,138,Hasselt-Kempische brug,Hasselt,50.9405318,5.3422472,1.6112610642265528,50.926182496165474,5.339046187719674,2019,6,15,71022,Hasselt,Normaal,Droog,Dag,met lichtgewonden,9,personenauto,3,Fiets,Op Kruispunt,Gemeenteweg,binnen bebouwde kom,Tss. 2 best.: langs opzij (voor-/achterkant-flank),Geen hindernis
14550,137,Hasselt-Kempische brug,Hasselt,50.9411605,5.3417576,1.6762816672991967,50.926182496165474,5.339046187719674,2019,6,15,71022,Hasselt,Normaal,Droog,Dag,met lichtgewonden,9,personenauto,3,Fiets,Op Kruispunt,Gemeenteweg,binnen bebouwde kom,Tss. 2 best.: langs opzij (voor-/achterkant-flank),Geen hindernis
14551,49,Bokrijk,Genk,50.95264,5.41001,1.4748082945680976,50.94609263425368,5.428318641284713,2019,6,8,71011,Diepenbeek,Normaal,Droog,Dag,met lichtgewonden,9,personenauto,3,Fiets,Op Kruispunt,Gemeenteweg,buiten bebouwde kom,Tss. 2 best.: langs opzij (voor-/achterkant-flank),Geen hindernis
14552,140,Hasselt ring,Hasselt,50.9300038,5.3438616,1.1734329030121364,50.91945206284781,5.344113906520275,2019,6,9,71022,Hasselt,Normaal,Droog,Dag,met lichtgewonden,9,personenauto,3,Fiets,Op Kruispunt,Gewestweg,binnen bebouwde kom,Tss. 2 best.: langs opzij (voor-/achterkant-flank),Geen hindernis
14552,138,Hasselt-Kempische brug,Hasselt,50.9405318,5.3422472,2.347607841159087,50.91945206284781,5.344113906520275,2019,6,9,71022,Hasselt,Normaal,Droog,Dag,met lichtgewonden,9,personenauto,3,Fiets,Op Kruispunt,Gewestweg,binnen bebouwde kom,Tss. 2 best.: langs opzij (voor-/achterkant-flank),Geen hindernis
14552,137,Hasselt-Kempische brug,Hasselt,50.9411605,5.3417576,2.4195100291237432,50.91945206284781,5.344113906520275,2019,6,9,71022,Hasselt,Normaal,Droog,Dag,met lichtgewonden,9,personenauto,3,Fiets,Op Kruispunt,Gewestweg,binnen bebouwde kom,Tss. 2 best.: langs opzij (voor-/achterkant-flank),Geen hindernis
14555,76,Heverlee teller 2,Leuven,50.84606,4.69597,2.4831269573015105,50.82563986843754,4.710282670731019,2019,6,11,24086,Oud-Heverlee,Normaal,Droog,Dag,met lichtgewonden,3,Fiets,3,Fiets,Buiten Kruispunt,Gemeenteweg,binnen bebouwde kom,Tss. 2 best.: langs opzij (voor-/achterkant-flank),Geen hindernis
14556,23,Tienen 3,Tienen,50.81324,4.93447,0.44626061487103547,50.81234260307698,4.928279192581891,2019,6,13,24107,Tienen,Normaal,Droog,Dag,met zwaargewonden,3,Fiets,11,een weggebruiker tegen een hindernis,Op Kruispunt,Gewestweg,binnen bebouwde kom,Weggebruiker tegen hindernis buiten rijbaan,Buiten de rijbaan: Verlichtingspaal