crash_row_id,site_id,site_name,site_gemeente,site_lat,site_long,distance_km,crash_lat,crash_long,DT_YEAR_COLLISION,DT_MONTH_COLLISION,DT_TIME,CD_NIS,TX_MUNTY_COLLISION_NL,TX_WEATHER_NL,TX_ROAD_CONDITION_NL,TX_LIGHT_CONDITION_NL,TX_CLASS_ACCIDENTS_NL,CD_ROAD_USR_TYPE1,TX_ROAD_USR_TYPE1_NL,CD_ROAD_USR_TYPE2,TX_ROAD_USR_TYPE2_NL,TX_CROSSWAY_NL,CD_ROAD_TYPE_NL,TX_BUILD_UP_AREA_NL,TX_COLLISION_TYPE_NL,TX_OBSTACLES_NL
14556,24,Tienen 1,Tienen,50.8133795491886,4.935044252605416,0.4890926671396642,50.81234260307698,4.928279192581891,2019,6,13,24107,Tienen,Normaal,Droog,Dag,met zwaargewonden,3,Fiets,11,een weggebruiker tegen een hindernis,Op Kruispunt,Gewestweg,binnen bebouwde kom,Weggebruiker tegen hindernis buiten rijbaan,Buiten de rijbaan: Verlichtingspaal
14556,22,Tienen 2,Tienen,50.81330800184882,4.935984252796022,0.5518917063110345,50.81234260307698,4.928279192581891,2019,6,13,24107,Tienen,Normaal,Droog,Dag,met zwaargewonden,3,Fiets,11,een weggebruiker tegen een hindernis,Op Kruispunt,Gewestweg,binnen bebouwde kom,Weggebruiker tegen hindernis buiten rijbaan,Buiten de rijbaan: Verlichtingspaal
14557,22,Tienen 2,Tienen,50.81330800184882,4.935984252796022,1.175697052239989,50.80308476398872,4.94025403341512,2019,6,21,24107,Tienen,Normaal,Droog,Dageraad - schemering,met zwaargewonden,9,personenauto,3,Fiets,Op Kruispunt,Gemeenteweg,binnen bebouwde kom,Tss. 2 best.: langs opzij (voor-/achterkant-flank),Geen hindernis
14557,23,Tienen 3,Tienen,50.81324,4.93447,1.2001231692747953,50.80308476398872,4.94025403341512,2019,6,21,24107,Tienen,Normaal,Droog,Dageraad - schemering,met zwaargewonden,9,personenauto,3,Fiets,Op Kruispunt,Gemeenteweg,binnen bebouwde kom,Tss. 2 best.: langs opzij (voor-/achterkant-flank),Geen hindernis
14557,24,Tienen 1,Tienen,50.8133795491886,4.935044252605416,1.2018360030688444,50.80308476398872,4.94025403341512,2019,6,21,24107,Tienen,Normaal,Droog,Dageraad - schemering,met zwaargewonden,9,personenauto,3,Fiets,Op Kruispunt,Gemeenteweg,binnen bebouwde kom,Tss. 2 best.: langs opzij (voor-/achterkant-flank),Geen hindernis
14558,24,Tienen 1,Tienen,50.8133795491886,4.935044252605416,1.2543492335229085,50.824190820949404,4.929947331119855,2019,6,13,24107,Tienen,Normaal,"Vuil (zand, grint, bladeren,...)",Dag,met lichtgewonden,3,Fiets,5,Lichte vrachtauto,Op Kruispunt,Gemeenteweg,buiten bebouwde kom,Tussen 2 bestuurders: Flank tegen flank,Geen hindernis
14558,23,Tienen 3,Tienen,50.81324,4.93447,1.258443266603681,50.824190820949404,4.929947331119855,2019,6,13,24107,Tienen,Normaal,"Vuil (zand, grint, bladeren,...)",Dag,met lichtgewonden,3,Fiets,5,Lichte vrachtauto,Op Kruispunt,Gemeenteweg,buiten bebouwde kom,Tussen 2 bestuurders: Flank tegen flank,Geen hindernis
14558,22,Tienen 2,Tienen,50.81330800184882,4.935984252796022,1.2822766216277632,50.824190820949404,4.929947331119855,2019,6,13,24107,Tienen,Normaal,"Vuil (zand, grint, bladeren,...)",Dag,met lichtgewonden,3,Fiets,5,Lichte vrachtauto,Op Kruispunt,Gemeenteweg,buiten bebouwde kom,Tussen 2 bestuurders: Flank tegen flank,Geen hindernis
14559,23,Tienen 3,Tienen,50.81324,4.93447,1.7110218599447502,50.797859465731676,4.935207247648143,2019,6,12,24107,Tienen,Normaal,Droog,Dag,met lichtgewonden,3,Fiets,9,personenauto,Buiten Kruispunt,Gewestweg,binnen bebouwde kom,Tss. 2 best.: langs opzij (voor-/achterkant-flank),Geen hindernis
14559,22,Tienen 2,Tienen,50.81330800184882,4.935984252796022,1.7186663541319072,50.797859465731676,4.935207247648143,2019,6,12,24107,Tienen,Normaal,Droog,Dag,met lichtgewonden,3,Fiets,9,personenauto,Buiten Kruispunt,Gewestweg,binnen bebouwde kom,Tss. 2 best.: langs opzij (voor-/achterkant-flank),Geen hindernis
14559,24,Tienen 1,Tienen,50.8133795491886,4.935044252605416,1.725792549498876,50.797859465731676,4.935207247648143,2019,6,12,24107,Tienen,Normaal,Droog,Dag,met lichtgewonden,3,Fiets,9,personenauto,Buiten Kruispunt,Gewestweg,binnen bebouwde kom,Tss. 2 best.: langs opzij (voor-/achterkant-flank),Geen hindernis
14564,148,Hoeilaart,District Leuven,50.76699493,4.44471001,1.2510935029468577,50.75938425431862,4.457811065348528,2019,7,8,23033,Hoeilaart,Onbekend,Onbekend,Onbekend,met lichtgewonden,3,Fiets,9,personenauto,Op Kruispunt,Gewestweg,onbekend,Tss. 2 best.: langs opzij (voor-/achterkant-flank),Geen hindernis
14569,2,Brasschaat 2,Brasschaat,51.27512,4.47169,1.9794894853604645,51.28309181370357,4.44624377878361,2019,7,7,11002,Antwerpen,Normaal,Droog,Dag,met lichtgewonden,3,Fiets,3,Fiets,Op Kruispunt,Gemeenteweg,binnen bebouwde kom,Tss. 2 best.: langs opzij (voor-/achterkant-flank),Geen hindernis
14569,3,Brasschaat 1,Brasschaat,51.27503,4.47222,2.0169482695008387,51.28309181370357,4.44624377878361,2019,7,7,11002,Antwerpen,Normaal,Droog,Dag,met lichtgewonden,3,Fiets,3,Fiets,Op Kruispunt,Gemeenteweg,binnen bebouwde kom,Tss. 2 best.: langs opzij (voor-/achterkant-flank),Geen hindernis
14675,96,Lier teller 2,Lier,51.11705,4.58444,0.9162032824598422,51.124611434041874,4.589655273712161,2019,7,14,12021,Lier,Normaal,Droog,Dag,met zwaargewonden,9,personenauto,3,Fiets,Buiten Kruispunt,Gemeenteweg,buiten bebouwde kom,Tss. 2 best.: langs opzij (voor-/achterkant-flank),Geen hindernis
14675,95,Lier teller 1,Lier,51.11687,4.58437,0.9365187072967779,51.124611434041874,4.589655273712161,2019,7,14,12021,Lier,Normaal,Droog,Dag,met zwaargewonden,9,personenauto,3,Fiets,Buiten Kruispunt,Gemeenteweg,buiten bebouwde kom,Tss. 2 best.: langs opzij (voor-/achterkant-flank),Geen hindernis
14676,96,Lier teller 2,Lier,51.11705,4.58444,2.3379709995533924,51.13448846234591,4.565723350189772,2019,7,16,12021,Lier,Normaal,Droog,Dag,met zwaargewonden,3,Fiets,3,Fiets,Buiten Kruispunt,Gewestweg,binnen bebouwde kom,Tss. 2 best.: langs opzij (voor-/achterkant-flank),Geen hindernis
14676,95,Lier teller 1,Lier,51.11687,4.58437,2.351892635859791,51.13448846234591,4.565723350189772,2019,7,16,12021,Lier,Normaal,Droog,Dag,met zwaargewonden,3,Fiets,3,Fiets,Buiten Kruispunt,Gewestweg,binnen bebouwde kom,Tss. 2 best.: langs opzij (voor-/achterkant-flank),Geen hindernis
14679,92,Nijlen teller 1,Nijlen,51.14989,4.64479,0.9240541479688272,51.14423580479564,4.635081867792983,2019,7,17,12026,Nijlen,Normaal,Droog,Dag,met zwaargewonden,5,Lichte vrachtauto,3,Fiets,Op Kruispunt,Gewestweg,buiten bebouwde kom,Tss. 2 best.: langs opzij (voor-/achterkant-flank),Geen hindernis
14679,93,Nijlen teller 2,Nijlen,51.14998,4.64469,0.9258295200677247,51.14423580479564,4.635081867792983,2019,7,17,12026,Nijlen,Normaal,Droog,Dag,met zwaargewonden,5,Lichte vrachtauto,3,Fiets,Op Kruispunt,Gewestweg,buiten bebouwde kom,Tss. 2 best.: langs opzij (voor-/achterkant-flank),Geen hindernis
14684,9,Heist op den Berg 2,Heist-op-den-Berg,51.06904,4.69524,2.04282308543758,51.079135284055326,4.719669208066211,2019,7,15,12014,Heist-op-den-Berg,Normaal,Droog,Dag,met lichtgewonden,9,personenauto,3,Fiets,Op Kruispunt,Gemeenteweg,binnen bebouwde kom,Tss. 2 best.: langs opzij (voor-/achterkant-flank),Geen hindernis
14685,9,Heist op den Berg 2,Heist-op-den-Berg,51.06904,4.69524,2.4708876351122884,51.07444547478756,4.729542301152456,2019,7,16,12014,Heist-op-den-Berg,Normaal,Droog,Dag,met zwaargewonden,3,Fiets,11,een weggebruiker tegen een hindernis,Buiten Kruispunt,Gewestweg,binnen bebouwde kom,Weggebruiker tegen hindernis op de rijbaan,"Op de rijbaan: Verkeersdrempel, ezelsrug"
14687,9,Heist op den Berg 2,Heist-op-den-Berg,51.06904,4.69524,1.3956840632045977,51.07054185567948,4.715071385614525,2019,7,2,12014,Heist-op-den-Berg,Normaal,Droog,"Nacht, openbare verlichting aanwezig en ontstoken",met zwaargewonden,9,personenauto,3,Fiets,Buiten Kruispunt,Gemeenteweg,binnen bebouwde kom,Tussen 2 bestuurders: Flank tegen flank,Geen hindernis
14687,8,Heist op den Berg 1,Heist-op-den-Berg,51.06759,4.68823,1.9039940335828704,51.07054185567948,4.715071385614525,2019,7,2,12014,Heist-op-den-Berg,Normaal,Droog,"Nacht, openbare verlichting aanwezig en ontstoken",met zwaargewonden,9,personenauto,3,Fiets,Buiten Kruispunt,Gemeenteweg,binnen bebouwde kom,Tussen 2 bestuurders: Flank tegen flank,Geen hindernis
14689,103,Malle teller 1,Malle,51.31681,4.73872,2.1467266528100755,51.32301974727382,4.767969400790783,2019,7,17,13037,Rijkevorsel,Normaal,Droog,Dag,met lichtgewonden,9,personenauto,3,Fiets,Op Kruispunt,Gemeenteweg,buiten bebouwde kom,Tss. 2 best.: langs opzij (voor-/achterkant-flank),Geen hindernis
14689,104,Malle teller 2,Malle,51.31682,4.73852,2.159535983615343,51.32301974727382,4.767969400790783,2019,7,17,13037,Rijkevorsel,Normaal,Droog,Dag,met lichtgewonden,9,personenauto,3,Fiets,Op Kruispunt,Gemeenteweg,buiten bebouwde kom,Tss. 2 best.: langs opzij (voor-/achterkant-flank),Geen hindernis
14707,97,Geel teller 1,Geel,51.14813,4.99698,1.5317154528930852,51.15806244634156,5.012196706712359,2019,7,17,13008,Geel,Normaal,Droog,Dag,met zwaargewonden,9,personenauto,3,Fiets,Op Kruispunt,Gemeenteweg,binnen bebouwde kom,Tussen 2 bestuurders: Langs achteren,Geen hindernis
14707,98,Geel teller 2,Geel,51.1481,4.99643,1.5609062217583267,51.15806244634156,5.012196706712359,2019,7,17,13008,Geel,Normaal,Droog,Dag,met zwaargewonden,9,personenauto,3,Fiets,Op Kruispunt,Gemeenteweg,binnen bebouwde kom,Tussen 2 bestuurders: Langs achteren,Geen hindernis
14715,110,Herentals totem,Herentals,51.1739426,4.811783,0.34803584479054606,51.17677512952864,4.809658863124588,2019,7,19,13011,Herentals,Normaal,Droog,Dag,met lichtgewonden,3,Fiets,9,personenauto,Buiten Kruispunt,Gemeenteweg,binnen bebouwde kom,Tss. 2 best.: langs opzij (voor-/achterkant-flank),Geen hindernis
14715,94,Herentals teller 2,Herentals,51.17345,4.81283,0.43078680545867215,51.17677512952864,4.809658863124588,2019,7,19,13011,Herentals,Normaal,Droog,Dag,met lichtgewonden,3,Fiets,9,personenauto,Buiten Kruispunt,Gemeenteweg,binnen bebouwde kom,Tss. 2 best.: langs opzij (voor-/achterkant-flank),Geen hindernis
14718,94,Herentals teller 2,Herentals,51.17345,4.81283,2.495529787343166,51.167659186573296,4.8474117192812525,2019,7,7,13011,Herentals,Normaal,Droog,Dag,met lichtgewonden,9,personenauto,3,Fiets,Op Kruispunt,Gewestweg,buiten bebouwde kom,Tss. 2 best.: langs opzij (voor-/achterkant-flank),Geen hindernis
14720,38,Lommel teller 2,Lommel,51.23277,5.29189,2.2512075576091943,51.22184283596986,5.319105954871469,2019,7,14,72020,Lommel,Normaal,Droog,Dag,met lichtgewonden,9,personenauto,3,Fiets,Op Kruispunt,Gemeenteweg,buiten bebouwde kom,Tss. 2 best.: langs opzij (voor-/achterkant-flank),Geen hindernis
14720,37,Lommel teller 1,Lommel,51.23299,5.29211,2.2516956607310235,51.22184283596986,5.319105954871469,2019,7,14,72020,Lommel,Normaal,Droog,Dag,met lichtgewonden,9,personenauto,3,Fiets,Op Kruispunt,Gemeenteweg,buiten bebouwde kom,Tss. 2 best.: langs opzij (voor-/achterkant-flank),Geen hindernis
14721,46,Pelt teller 2,Pelt,51.231,5.44375,0.7683231501314217,51.22945147190563,5.4329962142840955,2019,7,15,72043,Pelt,Onbekend,Droog,Dag,met lichtgewonden,3,Fiets,3,Fiets,Buiten Kruispunt,Gemeenteweg,binnen bebouwde kom,Tussen 2 bestuurders: Frontale botsing,Geen hindernis
14721,45,Pelt teller 1,Pelt,51.23127,5.44377,0.7769459733587166,51.22945147190563,5.4329962142840955,2019,7,15,72043,Pelt,Onbekend,Droog,Dag,met lichtgewonden,3,Fiets,3,Fiets,Buiten Kruispunt,Gemeenteweg,binnen bebouwde kom,Tussen 2 bestuurders: Frontale botsing,Geen hindernis
14723,45,Pelt teller 1,Pelt,51.23127,5.44377,0.7298238459907528,51.23574130893597,5.451443643317157,2019,7,21,72043,Pelt,Normaal,Droog,Dageraad - schemering,met zwaargewonden,3,Fiets,9,personenauto,Buiten Kruispunt,Gewestweg,buiten bebouwde kom,Tussen 2 bestuurders: Frontale botsing,Geen hindernis
14723,46,Pelt teller 2,Pelt,51.231,5.44375,0.7515913001304639,51.23574130893597,5.451443643317157,2019,7,21,72043,Pelt,Normaal,Droog,Dageraad - schemering,met zwaargewonden,3,Fiets,9,personenauto,Buiten Kruispunt,Gewestweg,buiten bebouwde kom,Tussen 2 bestuurders: Frontale botsing,Geen hindernis
14730,39,Peer teller 1,Peer,51.13425,5.47817,2.2158261566484043,51.133858195351856,5.446419340363444,2019,7,23,72030,Peer,Normaal,Droog,"Nacht, geen openbare verlichting aanwezig",met lichtgewonden,3,Fiets,9,personenauto,Buiten Kruispunt,Gemeenteweg,binnen bebouwde kom,Tss. 2 best.: langs opzij (voor-/achterkant-flank),Geen hindernis
14730,40,Peer teller 2,Peer,51.13438,5.47892,2.2684679258464597,51.133858195351856,5.446419340363444,2019,7,23,72030,Peer,Normaal,Droog,"Nacht, geen openbare verlichting aanwezig",met lichtgewonden,3,Fiets,9,personenauto,Buiten Kruispunt,Gemeenteweg,binnen bebouwde kom,Tss. 2 best.: langs opzij (voor-/achterkant-flank),Geen hindernis
14732,39,Peer teller 1,Peer,51.13425,5.47817,1.7789089024707694,51.138320637905515,5.453512934380812,2019,7,18,72030,Peer,Normaal,Droog,Dag,met lichtgewonden,3,Fiets,5,Lichte vrachtauto,Buiten Kruispunt,Gewestweg,buiten bebouwde kom,Tss. 2 best.: langs opzij (voor-/achterkant-flank),Geen hindernis
14732,40,Peer teller 2,Peer,51.13438,5.47892,1.826038729869417,51.138320637905515,5.453512934380812,2019,7,18,72030,Peer,Normaal,Droog,Dag,met lichtgewonden,3,Fiets,5,Lichte vrachtauto,Buiten Kruispunt,Gewestweg,buiten bebouwde kom,Tss. 2 best.: langs opzij (voor-/achterkant-flank),Geen hindernis
14740,21,Bilzen,Bilzen,50.86015,5.50161,1.0713265120627393,50.85792150783459,5.516459415952352,2019,7,14,73006,Bilzen,Normaal,Droog,Dag,met lichtgewonden,8,Voetganger,3,Fiets,Buiten Kruispunt,Gemeenteweg,buiten bebouwde kom,Met een voetganger,Geen hindernis
14741,43,Maaseik teller 1,Maaseik,51.09344,5.79715,1.2840495476211131,51.0969364780298,5.779625836728992,2019,7,10,72021,Maaseik,Normaal,Droog,Dag,met lichtgewonden,3,Fiets,9,personenauto,Op Kruispunt,Gemeenteweg,binnen bebouwde kom,Tss. 2 best.: langs opzij (voor-/achterkant-flank),Geen hindernis
14741,44,Maaseik teller 2,Maaseik,51.09359,5.79726,1.2864475855793975,51.0969364780298,5.779625836728992,2019,7,10,72021,Maaseik,Normaal,Droog,Dag,met lichtgewonden,3,Fiets,9,personenauto,Op Kruispunt,Gemeenteweg,binnen bebouwde kom,Tss. 2 best.: langs opzij (voor-/achterkant-flank),Geen hindernis
14742,44,Maaseik teller 2,Maaseik,51.09359,5.79726,1.1046552224497064,51.098890692991546,5.783881185906578,2019,7,15,72021,Maaseik,Normaal,Droog,Dag,met lichtgewonden,9,personenauto,3,Fiets,Buiten Kruispunt,Gemeenteweg,binnen bebouwde kom,Tss. 2 best.: langs opzij (voor-/achterkant-flank),Geen hindernis
14742,43,Maaseik teller 1,Maaseik,51.09344,5.79715,1.1072089972703656,51.098890692991546,5.783881185906578,2019,7,15,72021,Maaseik,Normaal,Droog,Dag,met lichtgewonden,9,personenauto,3,Fiets,Buiten Kruispunt,Gemeenteweg,binnen bebouwde kom,Tss. 2 best.: langs opzij (voor-/achterkant-flank),Geen hindernis
14743,14,Genk,Genk,50.97172,5.48927,1.2893377632292247,50.964592267923976,5.474747093086211,2019,7,11,71016,Genk,Normaal,Droog,Dag,met lichtgewonden,3,Fiets,3,Fiets,Buiten Kruispunt,Gewestweg,buiten bebouwde kom,Tussen 2 bestuurders: Frontale botsing,Geen hindernis
14746,14,Genk,Genk,50.97172,5.48927,0.7081474955495984,50.97643991863063,5.482479852102249,2019,7,20,71016,Genk,Normaal,Droog,Dag,met lichtgewonden,3,Fiets,10,"één bestuurder, geen hindernis",Buiten Kruispunt,Gemeenteweg,buiten bebouwde kom,"Eén bestuurder, geen hindernis (incl. val)",Geen hindernis
14748,139,Houthalen-Helchteren,Houthalen-Helchteren,51.0644267,5.3819796,1.1559993399422133,51.07301571389445,5.391300870061069,2019,7,16,72039,Houthalen-Helchteren,Normaal,Droog,Dag,met zwaargewonden,3,Fiets,9,personenauto,Op Kruispunt,Gemeenteweg,buiten bebouwde kom,Tussen 2 bestuurders: Frontale botsing,Geen hindernis
14751,14,Genk,Genk,50.97172,5.48927,1.615478262118629,50.98601645615561,5.493376327765045,2019,7,8,71016,Genk,Normaal,Droog,Dag,met lichtgewonden,9,personenauto,3,Fiets,Op Kruispunt,Gewestweg,buiten bebouwde kom,Tss. 2 best.: langs opzij (voor-/achterkant-flank),Geen hindernis
14754,107,leuven totem,Leuven,50.8870744,4.7087919,1.388264915102277,50.89008541302656,4.727999029751833,2019,7,17,24062,Leuven,Normaal,Droog,Dag,met lichtgewonden,3,Fiets,9,personenauto,Buiten Kruispunt,Gemeenteweg,buiten bebouwde kom,Tussen 2 bestuurders: Frontale botsing,Geen hindernis
14754,77,Leuven teller 2,Leuven,50.88672,4.70796,1.4546061643053565,50.89008541302656,4.727999029751833,2019,7,17,24062,Leuven,Normaal,Droog,Dag,met lichtgewonden,3,Fiets,9,personenauto,Buiten Kruispunt,Gemeenteweg,buiten bebouwde kom,Tussen 2 bestuurders: Frontale botsing,Geen hindernis
14754,69,Leuven teller 1,Leuven,50.87549,4.71526,1.8527295178812073,50.89008541302656,4.727999029751833,2019,7,17,24062,Leuven,Normaal,Droog,Dag,met lichtgewonden,3,Fiets,9,personenauto,Buiten Kruispunt,Gemeenteweg,buiten bebouwde kom,Tussen 2 bestuurders: Frontale botsing,Geen hindernis
14755,107,leuven totem,Leuven,50.8870744,4.7087919,1.6738727835290128,50.89941971801233,4.722448282021469,2019,7,20,24062,Leuven,Normaal,Droog,Dag,met lichtgewonden,3,Fiets,3,Fiets,Buiten Kruispunt,Gemeenteweg,binnen bebouwde kom,Tussen 2 bestuurders: Flank tegen flank,Geen hindernis
14755,77,Leuven teller 2,Leuven,50.88672,4.70796,1.7397651163384908,50.89941971801233,4.722448282021469,2019,7,20,24062,Leuven,Normaal,Droog,Dag,met lichtgewonden,3,Fiets,3,Fiets,Buiten Kruispunt,Gemeenteweg,binnen bebouwde kom,Tussen 2 bestuurders: Flank tegen flank,Geen hindernis
14756,69,Leuven teller 1,Leuven,50.87549,4.71526,0.38652187209075656,50.877431782624576,4.7106907788874555,2019,7,21,24062,Leuven,Normaal,Droog,Dageraad - schemering,met lichtgewonden,3,Fiets,9,personenauto,Op Kruispunt,Gemeenteweg,binnen bebouwde kom,Tss. 2 best.: langs opzij (voor-/achterkant-flank),Geen hindernis
14756,77,Leuven teller 2,Leuven,50.88672,4.70796,1.0504205361755354,50.877431782624576,4.7106907788874555,2019,7,21,24062,Leuven,Normaal,Droog,Dageraad - schemering,met lichtgewonden,3,Fiets,9,personenauto,Op Kruispunt,Gemeenteweg,binnen bebouwde kom,Tss. 2 best.: langs opzij (voor-/achterkant-flank),Geen hindernis
14756,107,leuven totem,Leuven,50.8870744,4.7087919,1.0804540083896652,50.877431782624576,4.7106907788874555,2019,7,21,24062,Leuven,Normaal,Droog,Dageraad - schemering,met lichtgewonden,3,Fiets,9,personenauto,Op Kruispunt,Gemeenteweg,binnen bebouwde kom,Tss. 2 best.: langs opzij (voor-/achterkant-flank),Geen hindernis
14756,151,Leuven,District Leuven,50.8690262,4.6854839,2.000491542732658,50.877431782624576,4.7106907788874555,2019,7,21,24062,Leuven,Normaal,Droog,Dageraad - schemering,met lichtgewonden,3,Fiets,9,personenauto,Op Kruispunt,Gemeenteweg,binnen bebouwde kom,Tss. 2 best.: langs opzij (voor-/achterkant-flank),Geen hindernis
14757,69,Leuven teller 1,Leuven,50.87549,4.71526,1.4591111967370975,50.862661558583675,4.710885768107369,2019,7,10,24062,Leuven,Normaal,Droog,Dag,met lichtgewonden,3,Fiets,10,"één bestuurder, geen hindernis",Buiten Kruispunt,Gemeenteweg,binnen bebouwde kom,"Eén bestuurder, geen hindernis (incl. val)",Geen hindernis
14757,151,Leuven,District Leuven,50.8690262,4.6854839,1.9180291544719166,50.862661558583675,4.710885768107369,2019,7,10,24062,Leuven,Normaal,Droog,Dag,met lichtgewonden,3,Fiets,10,"één bestuurder, geen hindernis",Buiten Kruispunt,Gemeenteweg,binnen bebouwde kom,"Eén bestuurder, geen hindernis (incl. val)",Geen hindernis
14757,108,Heverlee teller 1,Leuven,50.8471728,4.6954674,2.034109873237559,50.862661558583675,4.710885768107369,2019,7,10,24062,Leuven,Normaal,Droog,Dag,met lichtgewonden,3,Fiets,10,"één bestuurder, geen hindernis",Buiten Kruispunt,Gemeenteweg,binnen bebouwde kom,"Eén bestuurder, geen hindernis (incl. val)",Geen hindernis
14757,76,Heverlee teller 2,Leuven,50.84606,4.69597,2.1222715060374746,50.862661558583675,4.710885768107369,2019,7,10,24062,Leuven,Normaal,Droog,Dag,met lichtgewonden,3,Fiets,10,"één bestuurder, geen hindernis",Buiten Kruispunt,Gemeenteweg,binnen bebouwde kom,"Eén bestuurder, geen hindernis (incl. val)",Geen hindernis
14758,77,Leuven teller 2,Leuven,50.88672,4.70796,1.1062996424208726,50.88041245369315,4.6957643169928565,2019,7,9,24062,Leuven,Normaal,Droog,Dag,met lichtgewonden,3,Fiets,8,Voetganger,Buiten Kruispunt,Gemeenteweg,binnen bebouwde kom,Met een voetganger,Geen hindernis
14758,107,leuven totem,Leuven,50.8870744,4.7087919,1.1764313130122928,50.88041245369315,4.6957643169928565,2019,7,9,24062,Leuven,Normaal,Droog,Dag,met lichtgewonden,3,Fiets,8,Voetganger,Buiten Kruispunt,Gemeenteweg,binnen bebouwde kom,Met een voetganger,Geen hindernis
14758,151,Leuven,District Leuven,50.8690262,4.6854839,1.4571611521953456,50.88041245369315,4.6957643169928565,2019,7,9,24062,Leuven,Normaal,Droog,Dag,met lichtgewonden,3,Fiets,8,Voetganger,Buiten Kruispunt,Gemeenteweg,binnen bebouwde kom,Met een voetganger,Geen hindernis
14758,69,Leuven teller 1,Leuven,50.87549,4.71526,1.4732885632949462,50.88041245369315,4.6957643169928565,2019,7,9,24062,Leuven,Normaal,Droog,Dag,met lichtgewonden,3,Fiets,8,Voetganger,Buiten Kruispunt,Gemeenteweg,binnen bebouwde kom,Met een voetganger,Geen hindernis
14759,77,Leuven teller 2,Leuven,50.88672,4.70796,1.3469385239227412,50.88102958318882,4.691010212986585,2019,7,21,24062,Leuven,Normaal,Onbekend,Dageraad - schemering,met lichtgewonden,9,personenauto,3,Fiets,Op Kruispunt,Gemeenteweg,binnen bebouwde kom,Tussen 2 bestuurders: Flank tegen flank,Geen hindernis
14759,151,Leuven,District Leuven,50.8690262,4.6854839,1.3898993877430899,50.88102958318882,4.691010212986585,2019,7,21,24062,Leuven,Normaal,Onbekend,Dageraad - schemering,met lichtgewonden,9,personenauto,3,Fiets,Op Kruispunt,Gemeenteweg,binnen bebouwde kom,Tussen 2 bestuurders: Flank tegen flank,Geen hindernis
14759,107,leuven totem,Leuven,50.8870744,4.7087919,1.4169851880903361,50.88102958318882,4.691010212986585,2019,7,21,24062,Leuven,Normaal,Onbekend,Dageraad - schemering,met lichtgewonden,9,personenauto,3,Fiets,Op Kruispunt,Gemeenteweg,binnen bebouwde kom,Tussen 2 bestuurders: Flank tegen flank,Geen hindernis
14759,69,Leuven teller 1,Leuven,50.87549,4.71526,1.8094538339774129,50.88102958318882,4.691010212986585,2019,7,21,24062,Leuven,Normaal,Onbekend,Dageraad - schemering,met lichtgewonden,9,personenauto,3,Fiets,Op Kruispunt,Gemeenteweg,binnen bebouwde kom,Tussen 2 bestuurders: Flank tegen flank,Geen hindernis
14761,107,leuven totem,Leuven,50.8870744,4.7087919,2.3207446443668234,50.891515876350745,4.741119457641002,2019,7,20,24062,Leuven,Normaal,Droog,Dag,met zwaargewonden,3,Fiets,11,een weggebruiker tegen een hindernis,Buiten Kruispunt,Gemeenteweg,binnen bebouwde kom,Weggebruiker tegen hindernis op de rijbaan,"Op de rijbaan: Verkeersdrempel, ezelsrug"
14761,77,Leuven teller 2,Leuven,50.88672,4.70796,2.386298275656163,50.891515876350745,4.741119457641002,2019,7,20,24062,Leuven,Normaal,Droog,Dag,met zwaargewonden,3,Fiets,11,een weggebruiker tegen een hindernis,Buiten Kruispunt,Gemeenteweg,binnen bebouwde kom,Weggebruiker tegen hindernis op de rijbaan,"Op de rijbaan: Verkeersdrempel, ezelsrug"
14762,77,Leuven teller 2,Leuven,50.88672,4.70796,0.7313637033010474,50.88036410241629,4.705277768381632,2019,7,8,24062,Leuven,Onbekend,Proper,Dag,met zwaargewonden,3,Fiets,10,"één bestuurder, geen hindernis",Op Kruispunt,Gemeenteweg,binnen bebouwde kom,"Eén bestuurder, geen hindernis (incl. val)",Geen hindernis
14762,107,leuven totem,Leuven,50.8870744,4.7087919,0.7858218393156858,50.88036410241629,4.705277768381632,2019,7,8,24062,Leuven,Onbekend,Proper,Dag,met zwaargewonden,3,Fiets,10,"één bestuurder, geen hindernis",Op Kruispunt,Gemeenteweg,binnen bebouwde kom,"Eén bestuurder, geen hindernis (incl. val)",Geen hindernis
14762,69,Leuven teller 1,Leuven,50.87549,4.71526,0.8855782641376743,50.88036410241629,4.705277768381632,2019,7,8,24062,Leuven,Onbekend,Proper,Dag,met zwaargewonden,3,Fiets,10,"één bestuurder, geen hindernis",Op Kruispunt,Gemeenteweg,binnen bebouwde kom,"Eén bestuurder, geen hindernis (incl. val)",Geen hindernis
14762,151,Leuven,District Leuven,50.8690262,4.6854839,1.8757221149256662,50.88036410241629,4.705277768381632,2019,7,8,24062,Leuven,Onbekend,Proper,Dag,met zwaargewonden,3,Fiets,10,"één bestuurder, geen hindernis",Op Kruispunt,Gemeenteweg,binnen bebouwde kom,"Eén bestuurder, geen hindernis (incl. val)",Geen hindernis
14763,107,leuven totem,Leuven,50.8870744,4.7087919,0.6141074378119801,50.882475984678,4.713640259223299,2019,7,20,24062,Leuven,Normaal,Proper,Dag,met lichtgewonden,3,Fiets,11,een weggebruiker tegen een hindernis,Buiten Kruispunt,Gewestweg,binnen bebouwde kom,Weggebruiker tegen hindernis op de rijbaan,"Op de rijbaan: Put, straatgoot, tramspoor"