crash_row_id,site_id,site_name,site_gemeente,site_lat,site_long,distance_km,crash_lat,crash_long,DT_YEAR_COLLISION,DT_MONTH_COLLISION,DT_TIME,CD_NIS,TX_MUNTY_COLLISION_NL,TX_WEATHER_NL,TX_ROAD_CONDITION_NL,TX_LIGHT_CONDITION_NL,TX_CLASS_ACCIDENTS_NL,CD_ROAD_USR_TYPE1,TX_ROAD_USR_TYPE1_NL,CD_ROAD_USR_TYPE2,TX_ROAD_USR_TYPE2_NL,TX_CROSSWAY_NL,CD_ROAD_TYPE_NL,TX_BUILD_UP_AREA_NL,TX_COLLISION_TYPE_NL,TX_OBSTACLES_NL
14763,77,Leuven teller 2,Leuven,50.88672,4.70796,0.6176451419782931,50.882475984678,4.713640259223299,2019,7,20,24062,Leuven,Normaal,Proper,Dag,met lichtgewonden,3,Fiets,11,een weggebruiker tegen een hindernis,Buiten Kruispunt,Gewestweg,binnen bebouwde kom,Weggebruiker tegen hindernis op de rijbaan,"Op de rijbaan: Put, straatgoot, tramspoor"
14763,69,Leuven teller 1,Leuven,50.87549,4.71526,0.7850743769139781,50.882475984678,4.713640259223299,2019,7,20,24062,Leuven,Normaal,Proper,Dag,met lichtgewonden,3,Fiets,11,een weggebruiker tegen een hindernis,Buiten Kruispunt,Gewestweg,binnen bebouwde kom,Weggebruiker tegen hindernis op de rijbaan,"Op de rijbaan: Put, straatgoot, tramspoor"
14763,151,Leuven,District Leuven,50.8690262,4.6854839,2.477814194094482,50.882475984678,4.713640259223299,2019,7,20,24062,Leuven,Normaal,Proper,Dag,met lichtgewonden,3,Fiets,11,een weggebruiker tegen een hindernis,Buiten Kruispunt,Gewestweg,binnen bebouwde kom,Weggebruiker tegen hindernis op de rijbaan,"Op de rijbaan: Put, straatgoot, tramspoor"
14764,77,Leuven teller 2,Leuven,50.88672,4.70796,1.09006093459983,50.87895515871987,4.698475154606823,2019,7,8,24062,Leuven,Normaal,Droog,Dag,met lichtgewonden,3,Fiets,11,een weggebruiker tegen een hindernis,Buiten Kruispunt,Gemeenteweg,binnen bebouwde kom,Weggebruiker tegen hindernis buiten rijbaan,Andere hindernis
14764,107,leuven totem,Leuven,50.8870744,4.7087919,1.1571101955594718,50.87895515871987,4.698475154606823,2019,7,8,24062,Leuven,Normaal,Droog,Dag,met lichtgewonden,3,Fiets,11,een weggebruiker tegen een hindernis,Buiten Kruispunt,Gemeenteweg,binnen bebouwde kom,Weggebruiker tegen hindernis buiten rijbaan,Andere hindernis
14764,69,Leuven teller 1,Leuven,50.87549,4.71526,1.2390929277139358,50.87895515871987,4.698475154606823,2019,7,8,24062,Leuven,Normaal,Droog,Dag,met lichtgewonden,3,Fiets,11,een weggebruiker tegen een hindernis,Buiten Kruispunt,Gemeenteweg,binnen bebouwde kom,Weggebruiker tegen hindernis buiten rijbaan,Andere hindernis
14764,151,Leuven,District Leuven,50.8690262,4.6854839,1.4317351643583625,50.87895515871987,4.698475154606823,2019,7,8,24062,Leuven,Normaal,Droog,Dag,met lichtgewonden,3,Fiets,11,een weggebruiker tegen een hindernis,Buiten Kruispunt,Gemeenteweg,binnen bebouwde kom,Weggebruiker tegen hindernis buiten rijbaan,Andere hindernis
14765,151,Leuven,District Leuven,50.8690262,4.6854839,1.2321884900907223,50.88005706651648,4.68380975681227,2019,7,15,24062,Leuven,Normaal,Droog,Dag,met lichtgewonden,3,Fiets,8,Voetganger,Buiten Kruispunt,Gemeenteweg,binnen bebouwde kom,Met een voetganger,Geen hindernis
14765,77,Leuven teller 2,Leuven,50.88672,4.70796,1.8491244317569373,50.88005706651648,4.68380975681227,2019,7,15,24062,Leuven,Normaal,Droog,Dag,met lichtgewonden,3,Fiets,8,Voetganger,Buiten Kruispunt,Gemeenteweg,binnen bebouwde kom,Met een voetganger,Geen hindernis
14765,107,leuven totem,Leuven,50.8870744,4.7087919,1.9184208666481946,50.88005706651648,4.68380975681227,2019,7,15,24062,Leuven,Normaal,Droog,Dag,met lichtgewonden,3,Fiets,8,Voetganger,Buiten Kruispunt,Gemeenteweg,binnen bebouwde kom,Met een voetganger,Geen hindernis
14765,69,Leuven teller 1,Leuven,50.87549,4.71526,2.264277313237064,50.88005706651648,4.68380975681227,2019,7,15,24062,Leuven,Normaal,Droog,Dag,met lichtgewonden,3,Fiets,8,Voetganger,Buiten Kruispunt,Gemeenteweg,binnen bebouwde kom,Met een voetganger,Geen hindernis
14766,151,Leuven,District Leuven,50.8690262,4.6854839,2.1722612301800748,50.85901404835541,4.658906148373569,2019,7,17,24062,Leuven,Normaal,Droog,Dag,met lichtgewonden,3,Fiets,3,Fiets,Buiten Kruispunt,Gemeenteweg,binnen bebouwde kom,Tussen 2 bestuurders: Flank tegen flank,Geen hindernis
14767,151,Leuven,District Leuven,50.8690262,4.6854839,0.19978777455058283,50.870770450790125,4.686167005934848,2019,7,9,24062,Leuven,Normaal,Droog,Dag,met lichtgewonden,9,personenauto,3,Fiets,Buiten Kruispunt,Gemeenteweg,buiten bebouwde kom,Tussen 2 bestuurders: Langs achteren,Geen hindernis
14767,69,Leuven teller 1,Leuven,50.87549,4.71526,2.1077845567975477,50.870770450790125,4.686167005934848,2019,7,9,24062,Leuven,Normaal,Droog,Dag,met lichtgewonden,9,personenauto,3,Fiets,Buiten Kruispunt,Gemeenteweg,buiten bebouwde kom,Tussen 2 bestuurders: Langs achteren,Geen hindernis
14767,77,Leuven teller 2,Leuven,50.88672,4.70796,2.341615088200199,50.870770450790125,4.686167005934848,2019,7,9,24062,Leuven,Normaal,Droog,Dag,met lichtgewonden,9,personenauto,3,Fiets,Buiten Kruispunt,Gemeenteweg,buiten bebouwde kom,Tussen 2 bestuurders: Langs achteren,Geen hindernis
14767,107,leuven totem,Leuven,50.8870744,4.7087919,2.409639713764214,50.870770450790125,4.686167005934848,2019,7,9,24062,Leuven,Normaal,Droog,Dag,met lichtgewonden,9,personenauto,3,Fiets,Buiten Kruispunt,Gemeenteweg,buiten bebouwde kom,Tussen 2 bestuurders: Langs achteren,Geen hindernis
14768,77,Leuven teller 2,Leuven,50.88672,4.70796,0.3355642347500892,50.884499638154544,4.704720349728411,2019,7,15,24062,Leuven,Normaal,Droog,Dag,met zwaargewonden,3,Fiets,9,personenauto,Op Kruispunt,Gemeenteweg,binnen bebouwde kom,Tss. 2 best.: langs opzij (voor-/achterkant-flank),Geen hindernis
14768,107,leuven totem,Leuven,50.8870744,4.7087919,0.40440673149733863,50.884499638154544,4.704720349728411,2019,7,15,24062,Leuven,Normaal,Droog,Dag,met zwaargewonden,3,Fiets,9,personenauto,Op Kruispunt,Gemeenteweg,binnen bebouwde kom,Tss. 2 best.: langs opzij (voor-/achterkant-flank),Geen hindernis
14768,69,Leuven teller 1,Leuven,50.87549,4.71526,1.245162351970617,50.884499638154544,4.704720349728411,2019,7,15,24062,Leuven,Normaal,Droog,Dag,met zwaargewonden,3,Fiets,9,personenauto,Op Kruispunt,Gemeenteweg,binnen bebouwde kom,Tss. 2 best.: langs opzij (voor-/achterkant-flank),Geen hindernis
14768,151,Leuven,District Leuven,50.8690262,4.6854839,2.1867797261627198,50.884499638154544,4.704720349728411,2019,7,15,24062,Leuven,Normaal,Droog,Dag,met zwaargewonden,3,Fiets,9,personenauto,Op Kruispunt,Gemeenteweg,binnen bebouwde kom,Tss. 2 best.: langs opzij (voor-/achterkant-flank),Geen hindernis
14769,69,Leuven teller 1,Leuven,50.87549,4.71526,0.4784108433417839,50.873969895911515,4.708881467000433,2019,7,15,24062,Leuven,Normaal,Proper,Dag,met lichtgewonden,9,personenauto,3,Fiets,Op Kruispunt,Gemeenteweg,binnen bebouwde kom,Tss. 2 best.: langs opzij (voor-/achterkant-flank),Geen hindernis
14769,77,Leuven teller 2,Leuven,50.88672,4.70796,1.4192200629947336,50.873969895911515,4.708881467000433,2019,7,15,24062,Leuven,Normaal,Proper,Dag,met lichtgewonden,9,personenauto,3,Fiets,Op Kruispunt,Gemeenteweg,binnen bebouwde kom,Tss. 2 best.: langs opzij (voor-/achterkant-flank),Geen hindernis
14769,107,leuven totem,Leuven,50.8870744,4.7087919,1.457167919730609,50.873969895911515,4.708881467000433,2019,7,15,24062,Leuven,Normaal,Proper,Dag,met lichtgewonden,9,personenauto,3,Fiets,Op Kruispunt,Gemeenteweg,binnen bebouwde kom,Tss. 2 best.: langs opzij (voor-/achterkant-flank),Geen hindernis
14769,151,Leuven,District Leuven,50.8690262,4.6854839,1.7314107416140112,50.873969895911515,4.708881467000433,2019,7,15,24062,Leuven,Normaal,Proper,Dag,met lichtgewonden,9,personenauto,3,Fiets,Op Kruispunt,Gemeenteweg,binnen bebouwde kom,Tss. 2 best.: langs opzij (voor-/achterkant-flank),Geen hindernis
14770,151,Leuven,District Leuven,50.8690262,4.6854839,0.51618157005182,50.87206791766729,4.691040702652305,2019,7,17,24062,Leuven,Normaal,Droog,Dag,met lichtgewonden,3,Fiets,9,personenauto,Op Kruispunt,Gewestweg,binnen bebouwde kom,Tss. 2 best.: langs opzij (voor-/achterkant-flank),Geen hindernis
14770,69,Leuven teller 1,Leuven,50.87549,4.71526,1.7414863304489716,50.87206791766729,4.691040702652305,2019,7,17,24062,Leuven,Normaal,Droog,Dag,met lichtgewonden,3,Fiets,9,personenauto,Op Kruispunt,Gewestweg,binnen bebouwde kom,Tss. 2 best.: langs opzij (voor-/achterkant-flank),Geen hindernis
14770,77,Leuven teller 2,Leuven,50.88672,4.70796,2.015807373206002,50.87206791766729,4.691040702652305,2019,7,17,24062,Leuven,Normaal,Droog,Dag,met lichtgewonden,3,Fiets,9,personenauto,Op Kruispunt,Gewestweg,binnen bebouwde kom,Tss. 2 best.: langs opzij (voor-/achterkant-flank),Geen hindernis
14770,107,leuven totem,Leuven,50.8870744,4.7087919,2.082162133041279,50.87206791766729,4.691040702652305,2019,7,17,24062,Leuven,Normaal,Droog,Dag,met lichtgewonden,3,Fiets,9,personenauto,Op Kruispunt,Gewestweg,binnen bebouwde kom,Tss. 2 best.: langs opzij (voor-/achterkant-flank),Geen hindernis
14771,151,Leuven,District Leuven,50.8690262,4.6854839,1.5984013969908373,50.88328606164538,4.682609207103178,2019,7,18,24062,Leuven,Normaal,Droog,Dag,met lichtgewonden,9,personenauto,3,Fiets,Buiten Kruispunt,Gewestweg,binnen bebouwde kom,Tss. 2 best.: langs opzij (voor-/achterkant-flank),Geen hindernis
14771,77,Leuven teller 2,Leuven,50.88672,4.70796,1.8189021126196387,50.88328606164538,4.682609207103178,2019,7,18,24062,Leuven,Normaal,Droog,Dag,met lichtgewonden,9,personenauto,3,Fiets,Buiten Kruispunt,Gewestweg,binnen bebouwde kom,Tss. 2 best.: langs opzij (voor-/achterkant-flank),Geen hindernis
14771,107,leuven totem,Leuven,50.8870744,4.7087919,1.8844090679670962,50.88328606164538,4.682609207103178,2019,7,18,24062,Leuven,Normaal,Droog,Dag,met lichtgewonden,9,personenauto,3,Fiets,Buiten Kruispunt,Gewestweg,binnen bebouwde kom,Tss. 2 best.: langs opzij (voor-/achterkant-flank),Geen hindernis
14771,69,Leuven teller 1,Leuven,50.87549,4.71526,2.4492866762087777,50.88328606164538,4.682609207103178,2019,7,18,24062,Leuven,Normaal,Droog,Dag,met lichtgewonden,9,personenauto,3,Fiets,Buiten Kruispunt,Gewestweg,binnen bebouwde kom,Tss. 2 best.: langs opzij (voor-/achterkant-flank),Geen hindernis
14772,77,Leuven teller 2,Leuven,50.88672,4.70796,0.7729221401563681,50.88077821163754,4.702242320614778,2019,7,18,24062,Leuven,Normaal,Droog,Dag,met lichtgewonden,3,Fiets,9,personenauto,Op Kruispunt,Gemeenteweg,binnen bebouwde kom,Tss. 2 best.: langs opzij (voor-/achterkant-flank),Geen hindernis
14772,107,leuven totem,Leuven,50.8870744,4.7087919,0.8374102471439361,50.88077821163754,4.702242320614778,2019,7,18,24062,Leuven,Normaal,Droog,Dag,met lichtgewonden,3,Fiets,9,personenauto,Op Kruispunt,Gemeenteweg,binnen bebouwde kom,Tss. 2 best.: langs opzij (voor-/achterkant-flank),Geen hindernis
14772,69,Leuven teller 1,Leuven,50.87549,4.71526,1.0862528278893668,50.88077821163754,4.702242320614778,2019,7,18,24062,Leuven,Normaal,Droog,Dag,met lichtgewonden,3,Fiets,9,personenauto,Op Kruispunt,Gemeenteweg,binnen bebouwde kom,Tss. 2 best.: langs opzij (voor-/achterkant-flank),Geen hindernis
14772,151,Leuven,District Leuven,50.8690262,4.6854839,1.7579236569175976,50.88077821163754,4.702242320614778,2019,7,18,24062,Leuven,Normaal,Droog,Dag,met lichtgewonden,3,Fiets,9,personenauto,Op Kruispunt,Gemeenteweg,binnen bebouwde kom,Tss. 2 best.: langs opzij (voor-/achterkant-flank),Geen hindernis
14773,151,Leuven,District Leuven,50.8690262,4.6854839,0.2455622374386681,50.87115451654673,4.6845501060327015,2019,7,9,24062,Leuven,Normaal,Droog,Dag,met lichtgewonden,9,personenauto,3,Fiets,Buiten Kruispunt,Gemeenteweg,binnen bebouwde kom,Tussen 2 bestuurders: Frontale botsing,Geen hindernis
14773,69,Leuven teller 1,Leuven,50.87549,4.71526,2.2081230070915767,50.87115451654673,4.6845501060327015,2019,7,9,24062,Leuven,Normaal,Droog,Dag,met lichtgewonden,9,personenauto,3,Fiets,Buiten Kruispunt,Gemeenteweg,binnen bebouwde kom,Tussen 2 bestuurders: Frontale botsing,Geen hindernis
14773,77,Leuven teller 2,Leuven,50.88672,4.70796,2.386054430749007,50.87115451654673,4.6845501060327015,2019,7,9,24062,Leuven,Normaal,Droog,Dag,met lichtgewonden,9,personenauto,3,Fiets,Buiten Kruispunt,Gemeenteweg,binnen bebouwde kom,Tussen 2 bestuurders: Frontale botsing,Geen hindernis
14773,107,leuven totem,Leuven,50.8870744,4.7087919,2.4548584536888622,50.87115451654673,4.6845501060327015,2019,7,9,24062,Leuven,Normaal,Droog,Dag,met lichtgewonden,9,personenauto,3,Fiets,Buiten Kruispunt,Gemeenteweg,binnen bebouwde kom,Tussen 2 bestuurders: Frontale botsing,Geen hindernis
14774,69,Leuven teller 1,Leuven,50.87549,4.71526,0.7077994742618238,50.88168134242373,4.7176029932383745,2019,7,21,24062,Leuven,Normaal,Onbekend,Dag,met lichtgewonden,9,personenauto,3,Fiets,Buiten Kruispunt,Gewestweg,binnen bebouwde kom,Tss. 2 best.: langs opzij (voor-/achterkant-flank),Geen hindernis
14774,107,leuven totem,Leuven,50.8870744,4.7087919,0.861207476945875,50.88168134242373,4.7176029932383745,2019,7,21,24062,Leuven,Normaal,Onbekend,Dag,met lichtgewonden,9,personenauto,3,Fiets,Buiten Kruispunt,Gewestweg,binnen bebouwde kom,Tss. 2 best.: langs opzij (voor-/achterkant-flank),Geen hindernis
14774,77,Leuven teller 2,Leuven,50.88672,4.70796,0.8783629278677426,50.88168134242373,4.7176029932383745,2019,7,21,24062,Leuven,Normaal,Onbekend,Dag,met lichtgewonden,9,personenauto,3,Fiets,Buiten Kruispunt,Gewestweg,binnen bebouwde kom,Tss. 2 best.: langs opzij (voor-/achterkant-flank),Geen hindernis
14775,69,Leuven teller 1,Leuven,50.87549,4.71526,1.7400063373922643,50.885069269493115,4.734871248433571,2019,7,12,24062,Leuven,Normaal,Droog,Dag,met lichtgewonden,3,Fiets,8,Voetganger,Buiten Kruispunt,Gewestweg,binnen bebouwde kom,Met een voetganger,Geen hindernis
14775,107,leuven totem,Leuven,50.8870744,4.7087919,1.8429746669803833,50.885069269493115,4.734871248433571,2019,7,12,24062,Leuven,Normaal,Droog,Dag,met lichtgewonden,3,Fiets,8,Voetganger,Buiten Kruispunt,Gewestweg,binnen bebouwde kom,Met een voetganger,Geen hindernis
14775,77,Leuven teller 2,Leuven,50.88672,4.70796,1.8967048407078972,50.885069269493115,4.734871248433571,2019,7,12,24062,Leuven,Normaal,Droog,Dag,met lichtgewonden,3,Fiets,8,Voetganger,Buiten Kruispunt,Gewestweg,binnen bebouwde kom,Met een voetganger,Geen hindernis
14776,77,Leuven teller 2,Leuven,50.88672,4.70796,0.4062586096336746,50.883071095828306,4.7082526307787775,2019,7,12,24062,Leuven,Normaal,Droog,Dag,met lichtgewonden,3,Fiets,3,Fiets,Buiten Kruispunt,Gemeenteweg,binnen bebouwde kom,Tussen 2 bestuurders: Flank tegen flank,Geen hindernis
14776,107,leuven totem,Leuven,50.8870744,4.7087919,0.44675167518286585,50.883071095828306,4.7082526307787775,2019,7,12,24062,Leuven,Normaal,Droog,Dag,met lichtgewonden,3,Fiets,3,Fiets,Buiten Kruispunt,Gemeenteweg,binnen bebouwde kom,Tussen 2 bestuurders: Flank tegen flank,Geen hindernis
14776,69,Leuven teller 1,Leuven,50.87549,4.71526,0.975866471724507,50.883071095828306,4.7082526307787775,2019,7,12,24062,Leuven,Normaal,Droog,Dag,met lichtgewonden,3,Fiets,3,Fiets,Buiten Kruispunt,Gemeenteweg,binnen bebouwde kom,Tussen 2 bestuurders: Flank tegen flank,Geen hindernis
14776,151,Leuven,District Leuven,50.8690262,4.6854839,2.2340825566089832,50.883071095828306,4.7082526307787775,2019,7,12,24062,Leuven,Normaal,Droog,Dag,met lichtgewonden,3,Fiets,3,Fiets,Buiten Kruispunt,Gemeenteweg,binnen bebouwde kom,Tussen 2 bestuurders: Flank tegen flank,Geen hindernis
14781,77,Leuven teller 2,Leuven,50.88672,4.70796,2.3947668715256323,50.899524848703095,4.6805068979734274,2019,7,10,24038,Herent,Normaal,Droog,Dag,met lichtgewonden,9,personenauto,3,Fiets,Buiten Kruispunt,Gewestweg,binnen bebouwde kom,Tss. 2 best.: langs opzij (voor-/achterkant-flank),Geen hindernis
14781,107,leuven totem,Leuven,50.8870744,4.7087919,2.419156141931679,50.899524848703095,4.6805068979734274,2019,7,10,24038,Herent,Normaal,Droog,Dag,met lichtgewonden,9,personenauto,3,Fiets,Buiten Kruispunt,Gewestweg,binnen bebouwde kom,Tss. 2 best.: langs opzij (voor-/achterkant-flank),Geen hindernis
14782,70,Kampenhout teller 1,Kampenhout,50.95682,4.59318,1.6335308366958001,50.960338096513325,4.615824276582415,2019,7,18,24033,Haacht,Normaal,Droog,Dag,met lichtgewonden,9,personenauto,3,Fiets,Buiten Kruispunt,Gemeenteweg,buiten bebouwde kom,Tss. 2 best.: langs opzij (voor-/achterkant-flank),Geen hindernis
14782,71,Kampenhout teller 2,Kampenhout,50.95589,4.59164,1.764610786673138,50.960338096513325,4.615824276582415,2019,7,18,24033,Haacht,Normaal,Droog,Dag,met lichtgewonden,9,personenauto,3,Fiets,Buiten Kruispunt,Gemeenteweg,buiten bebouwde kom,Tss. 2 best.: langs opzij (voor-/achterkant-flank),Geen hindernis
14784,102,Diest teller 2,Diest,50.9779,5.04474,1.7081844960015107,50.97528727542354,5.020697192742371,2019,7,7,24020,Diest,Normaal,Droog,Dag,met lichtgewonden,9,personenauto,3,Fiets,Op Kruispunt,Gemeenteweg,binnen bebouwde kom,Tussen 2 bestuurders: Frontale botsing,Geen hindernis
14784,101,Diest teller 1,Diest,50.97799,5.04481,1.7147381742880337,50.97528727542354,5.020697192742371,2019,7,7,24020,Diest,Normaal,Droog,Dag,met lichtgewonden,9,personenauto,3,Fiets,Op Kruispunt,Gemeenteweg,binnen bebouwde kom,Tussen 2 bestuurders: Frontale botsing,Geen hindernis
14789,111,Zaventem totem,Zaventem,50.8871216,4.4597084,1.0484806919999126,50.882009419840834,4.4722671270504275,2019,7,18,23094,Zaventem,Normaal,Droog,Dag,met lichtgewonden,9,personenauto,3,Fiets,Op Kruispunt,Gemeenteweg,binnen bebouwde kom,Tss. 2 best.: langs opzij (voor-/achterkant-flank),Geen hindernis
14789,26,Zaventem,Zaventem,50.86995,4.45444,1.8337664421064415,50.882009419840834,4.4722671270504275,2019,7,18,23094,Zaventem,Normaal,Droog,Dag,met lichtgewonden,9,personenauto,3,Fiets,Op Kruispunt,Gemeenteweg,binnen bebouwde kom,Tss. 2 best.: langs opzij (voor-/achterkant-flank),Geen hindernis
14790,12,Tervuren,Kraainem,50.81896,4.47803,0.19951763475706158,50.820712488465546,4.477420406665074,2019,7,21,23099,Kraainem,Normaal,Droog,Dag,met lichtgewonden,9,personenauto,3,Fiets,Buiten Kruispunt,Gewestweg,buiten bebouwde kom,Tussen 2 bestuurders: Flank tegen flank,Geen hindernis
14792,148,Hoeilaart,District Leuven,50.76699493,4.44471001,1.7680433461335594,50.76676363373122,4.469847223448284,2019,7,17,23033,Hoeilaart,Normaal,Droog,Dag,met lichtgewonden,9,personenauto,3,Fiets,Op Kruispunt,Gemeenteweg,binnen bebouwde kom,Tss. 2 best.: langs opzij (voor-/achterkant-flank),Geen hindernis
14792,147,Overijse,District Vilvoorde-gewestwegen,50.7797555,4.4975769,2.4267505185051883,50.76676363373122,4.469847223448284,2019,7,17,23033,Hoeilaart,Normaal,Droog,Dag,met lichtgewonden,9,personenauto,3,Fiets,Op Kruispunt,Gemeenteweg,binnen bebouwde kom,Tss. 2 best.: langs opzij (voor-/achterkant-flank),Geen hindernis
14800,85,Asse teller 1,Asse,50.89621,4.17294,2.3800165894646157,50.90182086531006,4.20569067814061,2019,7,16,23002,Asse,Onbekend,Onbekend,Onbekend,met lichtgewonden,9,personenauto,3,Fiets,Op Kruispunt,Gemeenteweg,onbekend,Tss. 2 best.: langs opzij (voor-/achterkant-flank),Geen hindernis
14807,27,Grimbergen,Meise,50.92127,4.34013,0.22821475820148715,50.919367351308296,4.338909264695265,2019,7,8,23025,Grimbergen,Normaal,Droog,Dag,met lichtgewonden,7,Motorfiets,3,Fiets,Op Kruispunt,Gewestweg,buiten bebouwde kom,Tss. 2 best.: langs opzij (voor-/achterkant-flank),Geen hindernis
14809,47,Vilvoorde,Vilvoorde,50.91372,4.41497,1.3228260858527239,50.92522056506942,4.410142233784603,2019,7,18,23088,Vilvoorde,Normaal,Droog,Dag,met lichtgewonden,5,Lichte vrachtauto,3,Fiets,Op Kruispunt,Gemeenteweg,binnen bebouwde kom,Tss. 2 best.: langs opzij (voor-/achterkant-flank),Geen hindernis
14810,47,Vilvoorde,Vilvoorde,50.91372,4.41497,1.9622015359740208,50.92951590262199,4.427449596535579,2019,7,15,23088,Vilvoorde,Normaal,Droog,Dag,met lichtgewonden,5,Lichte vrachtauto,3,Fiets,Op Kruispunt,Gewestweg,binnen bebouwde kom,Tss. 2 best.: langs opzij (voor-/achterkant-flank),Geen hindernis
14810,1,Machelen,Machelen,50.91618331151478,4.456121776137429,2.4973760221440404,50.92951590262199,4.427449596535579,2019,7,15,23088,Vilvoorde,Normaal,Droog,Dag,met lichtgewonden,5,Lichte vrachtauto,3,Fiets,Op Kruispunt,Gewestweg,binnen bebouwde kom,Tss. 2 best.: langs opzij (voor-/achterkant-flank),Geen hindernis
14817,13,Gent,Gent,51.03018,3.70146,1.4584610678399514,51.024882532040145,3.720537723127888,2019,7,17,44021,Gent,Normaal,Droog,Dag,met lichtgewonden,3,Fiets,1,Autobus,Buiten Kruispunt,Gemeenteweg,binnen bebouwde kom,Tussen 2 bestuurders: Flank tegen flank,Geen hindernis
14818,136,Gent R4,Gent,51.0876313,3.7587918,1.3945828097481325,51.09973478210173,3.7640249148896956,2019,7,18,44021,Gent,Onbekend,Droog,Dag,met lichtgewonden,3,Fiets,9,personenauto,Buiten Kruispunt,Gemeenteweg,binnen bebouwde kom,Tussen 2 bestuurders: Flank tegen flank,Geen hindernis
14824,118,Gent teller 1,Gent,51.028049,3.7681359,1.9612348795712204,51.03756495181697,3.744521433710235,2019,7,16,44021,Gent,Normaal,Droog,Dag,met lichtgewonden,9,personenauto,3,Fiets,Op Kruispunt,Gemeenteweg,binnen bebouwde kom,Tussen 2 bestuurders: Frontale botsing,Geen hindernis
14824,119,Gent teller 2,Gent,51.0281795,3.7683918,1.9685921445706314,51.03756495181697,3.744521433710235,2019,7,16,44021,Gent,Normaal,Droog,Dag,met lichtgewonden,9,personenauto,3,Fiets,Op Kruispunt,Gemeenteweg,binnen bebouwde kom,Tussen 2 bestuurders: Frontale botsing,Geen hindernis
14825,13,Gent,Gent,51.03018,3.70146,1.6961945634737419,51.01620256620596,3.711172598777535,2019,7,15,44021,Gent,Normaal,Droog,Dag,met lichtgewonden,9,personenauto,3,Fiets,Buiten Kruispunt,Autosnelweg,buiten bebouwde kom,Tss. 2 best.: langs opzij (voor-/achterkant-flank),Geen hindernis
14826,7,Evergem 1,Evergem,51.1089,3.70317,2.2234069582965854,51.09014731955292,3.71422109752073,2019,7,19,44021,Gent,Normaal,Droog,Dag,met lichtgewonden,3,Fiets,9,personenauto,Buiten Kruispunt,Gemeenteweg,binnen bebouwde kom,Tussen 2 bestuurders: Langs achteren,Geen hindernis
14826,6,Evergem 2,Evergem,51.10894,3.70298,2.232209322837682,51.09014731955292,3.71422109752073,2019,7,19,44021,Gent,Normaal,Droog,Dag,met lichtgewonden,3,Fiets,9,personenauto,Buiten Kruispunt,Gemeenteweg,binnen bebouwde kom,Tussen 2 bestuurders: Langs achteren,Geen hindernis
14828,13,Gent,Gent,51.03018,3.70146,2.1634867085832816,51.04962539966284,3.702514629130796,2019,7,16,44021,Gent,Normaal,Droog,Dag,met lichtgewonden,9,personenauto,3,Fiets,Op Kruispunt,Gemeenteweg,binnen bebouwde kom,Tss. 2 best.: langs opzij (voor-/achterkant-flank),Geen hindernis
14829,13,Gent,Gent,51.03018,3.70146,1.9599039208280231,51.03841286198792,3.726243030917915,2019,7,20,44021,Gent,Normaal,Droog,Dag,met zwaargewonden,9,personenauto,3,Fiets,Op Kruispunt,Gewestweg,binnen bebouwde kom,Tussen 2 bestuurders: Frontale botsing,Geen hindernis
14833,13,Gent,Gent,51.03018,3.70146,2.3357476620602373,51.03995486720357,3.731026899196925,2019,7,12,44021,Gent,Normaal,Droog,Dag,met zwaargewonden,3,Fiets,10,"één bestuurder, geen hindernis",Buiten Kruispunt,Gemeenteweg,binnen bebouwde kom,"Eén bestuurder, geen hindernis (incl. val)",Geen hindernis
14835,119,Gent teller 2,Gent,51.0281795,3.7683918,1.6819707421009076,51.0405082291077,3.7544553031018424,2019,7,10,44021,Gent,Normaal,Droog,Dag,met lichtgewonden,3,Fiets,4,Vrachtwagen,Op Kruispunt,Gemeenteweg,binnen bebouwde kom,Tussen 2 bestuurders: Flank tegen flank,Geen hindernis
14835,118,Gent teller 1,Gent,51.028049,3.7681359,1.6835881266617667,51.0405082291077,3.7544553031018424,2019,7,10,44021,Gent,Normaal,Droog,Dag,met lichtgewonden,3,Fiets,4,Vrachtwagen,Op Kruispunt,Gemeenteweg,binnen bebouwde kom,Tussen 2 bestuurders: Flank tegen flank,Geen hindernis
14837,118,Gent teller 1,Gent,51.028049,3.7681359,2.147301132805265,51.037154864442584,3.7410567425358705,2019,7,1,44021,Gent,Normaal,Proper,"Nacht, openbare verlichting aanwezig en ontstoken",met lichtgewonden,3,Fiets,10,"één bestuurder, geen hindernis",Buiten Kruispunt,Gemeenteweg,binnen bebouwde kom,"Eén bestuurder, geen hindernis (incl. val)",Geen hindernis
14837,119,Gent teller 2,Gent,51.0281795,3.7683918,2.1563412005463043,51.037154864442584,3.7410567425358705,2019,7,1,44021,Gent,Normaal,Proper,"Nacht, openbare verlichting aanwezig en ontstoken",met lichtgewonden,3,Fiets,10,"één bestuurder, geen hindernis",Buiten Kruispunt,Gemeenteweg,binnen bebouwde kom,"Eén bestuurder, geen hindernis (incl. val)",Geen hindernis
14838,13,Gent,Gent,51.03018,3.70146,2.040754842235938,51.0405664757128,3.7255219938616815,2019,7,17,44021,Gent,Normaal,Droog,Dag,met lichtgewonden,3,Fiets,3,Fiets,Buiten Kruispunt,Gemeenteweg,binnen bebouwde kom,Tussen 2 bestuurders: Flank tegen flank,Geen hindernis