crash_row_id,site_id,site_name,site_gemeente,site_lat,site_long,distance_km,crash_lat,crash_long,DT_YEAR_COLLISION,DT_MONTH_COLLISION,DT_TIME,CD_NIS,TX_MUNTY_COLLISION_NL,TX_WEATHER_NL,TX_ROAD_CONDITION_NL,TX_LIGHT_CONDITION_NL,TX_CLASS_ACCIDENTS_NL,CD_ROAD_USR_TYPE1,TX_ROAD_USR_TYPE1_NL,CD_ROAD_USR_TYPE2,TX_ROAD_USR_TYPE2_NL,TX_CROSSWAY_NL,CD_ROAD_TYPE_NL,TX_BUILD_UP_AREA_NL,TX_COLLISION_TYPE_NL,TX_OBSTACLES_NL
14839,118,Gent teller 1,Gent,51.028049,3.7681359,1.6083930892193106,51.03705773470537,3.7501408272817613,2019,7,14,44021,Gent,Normaal,Droog,Dag,met lichtgewonden,9,personenauto,3,Fiets,Buiten Kruispunt,Gewestweg,binnen bebouwde kom,Tussen 2 bestuurders: Langs achteren,Geen hindernis
14839,119,Gent teller 2,Gent,51.0281795,3.7683918,1.6135111862604332,51.03705773470537,3.7501408272817613,2019,7,14,44021,Gent,Normaal,Droog,Dag,met lichtgewonden,9,personenauto,3,Fiets,Buiten Kruispunt,Gewestweg,binnen bebouwde kom,Tussen 2 bestuurders: Langs achteren,Geen hindernis
14840,118,Gent teller 1,Gent,51.028049,3.7681359,2.4914276543606166,51.04275469664612,3.7412535449659026,2019,7,13,44021,Gent,Normaal,Droog,Dag,met lichtgewonden,6,Bromfiets,3,Fiets,Buiten Kruispunt,Gemeenteweg,onbekend,Tss. 2 best.: langs opzij (voor-/achterkant-flank),Geen hindernis
14840,119,Gent teller 2,Gent,51.0281795,3.7683918,2.4955050164045796,51.04275469664612,3.7412535449659026,2019,7,13,44021,Gent,Normaal,Droog,Dag,met lichtgewonden,6,Bromfiets,3,Fiets,Buiten Kruispunt,Gemeenteweg,onbekend,Tss. 2 best.: langs opzij (voor-/achterkant-flank),Geen hindernis
14855,116,Melle teller 2,Melle,50.9986113,3.8040599,0.3410405583239336,50.99575661058917,3.8022780753785574,2019,7,16,44040,Melle,Normaal,Droog,Dag,met lichtgewonden,9,personenauto,3,Fiets,Op Kruispunt,Gewestweg,binnen bebouwde kom,Tss. 2 best.: langs opzij (voor-/achterkant-flank),Geen hindernis
14855,117,Melle teller 1,Melle,50.9986113,3.8040599,0.3410405583239336,50.99575661058917,3.8022780753785574,2019,7,16,44040,Melle,Normaal,Droog,Dag,met lichtgewonden,9,personenauto,3,Fiets,Op Kruispunt,Gewestweg,binnen bebouwde kom,Tss. 2 best.: langs opzij (voor-/achterkant-flank),Geen hindernis
14857,116,Melle teller 2,Melle,50.9986113,3.8040599,1.0021560316547367,51.00053743022952,3.790069732089725,2019,7,8,44040,Melle,Normaal,Droog,Dag,met lichtgewonden,3,Fiets,8,Voetganger,Op Kruispunt,Gemeenteweg,binnen bebouwde kom,Met een voetganger,Geen hindernis
14857,117,Melle teller 1,Melle,50.9986113,3.8040599,1.0021560316547367,51.00053743022952,3.790069732089725,2019,7,8,44040,Melle,Normaal,Droog,Dag,met lichtgewonden,3,Fiets,8,Voetganger,Op Kruispunt,Gemeenteweg,binnen bebouwde kom,Met een voetganger,Geen hindernis
14858,119,Gent teller 2,Gent,51.0281795,3.7683918,2.4739434482015934,51.0331450058594,3.8028764139042046,2019,7,12,44013,Destelbergen,Normaal,Droog,Dag,met lichtgewonden,9,personenauto,3,Fiets,Buiten Kruispunt,Gewestweg,binnen bebouwde kom,Tss. 2 best.: langs opzij (voor-/achterkant-flank),Geen hindernis
14858,118,Gent teller 1,Gent,51.028049,3.7681359,2.4946499687844437,51.0331450058594,3.8028764139042046,2019,7,12,44013,Destelbergen,Normaal,Droog,Dag,met lichtgewonden,9,personenauto,3,Fiets,Buiten Kruispunt,Gewestweg,binnen bebouwde kom,Tss. 2 best.: langs opzij (voor-/achterkant-flank),Geen hindernis
14864,6,Evergem 2,Evergem,51.10894,3.70298,1.4645446579523191,51.09770775187837,3.692025866674256,2019,7,13,44019,Evergem,Regenval,"Nat, plassen",Dag,met lichtgewonden,3,Fiets,11,een weggebruiker tegen een hindernis,Buiten Kruispunt,Gemeenteweg,buiten bebouwde kom,Weggebruiker tegen hindernis op de rijbaan,"Op de rijbaan: Put, straatgoot, tramspoor"
14864,7,Evergem 1,Evergem,51.1089,3.70317,1.4677430326382277,51.09770775187837,3.692025866674256,2019,7,13,44019,Evergem,Regenval,"Nat, plassen",Dag,met lichtgewonden,3,Fiets,11,een weggebruiker tegen een hindernis,Buiten Kruispunt,Gemeenteweg,buiten bebouwde kom,Weggebruiker tegen hindernis op de rijbaan,"Op de rijbaan: Put, straatgoot, tramspoor"
14887,124,Beveren teller 2,Beveren,51.1964712,4.2361077,2.3494472850834858,51.189511897336004,4.204274085609853,2019,7,17,46021,Sint-Niklaas,Normaal,Droog,Dag,met lichtgewonden,3,Fiets,10,"één bestuurder, geen hindernis",Op Kruispunt,Gewestweg,buiten bebouwde kom,"Eén bestuurder, geen hindernis (incl. val)",Geen hindernis
14895,141,Test site A support,Lokeren,51.08342085,3.9961071208376326,1.569998208124041,51.09748578397359,3.998078524569473,2019,7,8,46014,Lokeren,Normaal,Droog,Dag,met lichtgewonden,9,personenauto,3,Fiets,Op Kruispunt,Gewestweg,binnen bebouwde kom,Tussen 2 bestuurders: Flank tegen flank,Geen hindernis
14895,128,Lokeren teller 1,Lokeren,51.09644,3.97023,1.9481609842365057,51.09748578397359,3.998078524569473,2019,7,8,46014,Lokeren,Normaal,Droog,Dag,met lichtgewonden,9,personenauto,3,Fiets,Op Kruispunt,Gewestweg,binnen bebouwde kom,Tussen 2 bestuurders: Flank tegen flank,Geen hindernis
14895,129,Lokeren teller 2,Lokeren,51.09612,3.97025,1.9492226392554286,51.09748578397359,3.998078524569473,2019,7,8,46014,Lokeren,Normaal,Droog,Dag,met lichtgewonden,9,personenauto,3,Fiets,Op Kruispunt,Gewestweg,binnen bebouwde kom,Tussen 2 bestuurders: Flank tegen flank,Geen hindernis
14896,128,Lokeren teller 1,Lokeren,51.09644,3.97023,2.1252888326888346,51.112442506434775,3.9868750676174676,2019,7,17,46014,Lokeren,Normaal,Droog,Dag,met lichtgewonden,9,personenauto,3,Fiets,Buiten Kruispunt,Gewestweg,binnen bebouwde kom,Tss. 2 best.: langs opzij (voor-/achterkant-flank),Geen hindernis
14896,129,Lokeren teller 2,Lokeren,51.09612,3.97025,2.154417496640569,51.112442506434775,3.9868750676174676,2019,7,17,46014,Lokeren,Normaal,Droog,Dag,met lichtgewonden,9,personenauto,3,Fiets,Buiten Kruispunt,Gewestweg,binnen bebouwde kom,Tss. 2 best.: langs opzij (voor-/achterkant-flank),Geen hindernis
14897,128,Lokeren teller 1,Lokeren,51.09644,3.97023,1.3095474456433187,51.10028009063513,3.987958747559686,2019,7,19,46014,Lokeren,Normaal,Droog,Dag,met lichtgewonden,9,personenauto,3,Fiets,Op Kruispunt,Gemeenteweg,binnen bebouwde kom,Tussen 2 bestuurders: Frontale botsing,Geen hindernis
14897,129,Lokeren teller 2,Lokeren,51.09612,3.97025,1.3202736626320546,51.10028009063513,3.987958747559686,2019,7,19,46014,Lokeren,Normaal,Droog,Dag,met lichtgewonden,9,personenauto,3,Fiets,Op Kruispunt,Gemeenteweg,binnen bebouwde kom,Tussen 2 bestuurders: Frontale botsing,Geen hindernis
14897,141,Test site A support,Lokeren,51.08342085,3.9961071208376326,1.95913236158958,51.10028009063513,3.987958747559686,2019,7,19,46014,Lokeren,Normaal,Droog,Dag,met lichtgewonden,9,personenauto,3,Fiets,Op Kruispunt,Gemeenteweg,binnen bebouwde kom,Tussen 2 bestuurders: Frontale botsing,Geen hindernis
14900,125,Dendermonde totem,Dendermonde,51.0372706,4.1025998,2.2843221758934087,51.01767607277069,4.112412028003289,2019,7,1,42006,Dendermonde,Normaal,Droog,"Nacht, openbare verlichting aanwezig en ontstoken",met zwaargewonden,3,Fiets,10,"één bestuurder, geen hindernis",Buiten Kruispunt,Gewestweg,binnen bebouwde kom,"Eén bestuurder, geen hindernis (incl. val)",Geen hindernis
14900,122,Dendermonde teller 2,Dendermonde,51.0373918,4.1019222,2.31177832979607,51.01767607277069,4.112412028003289,2019,7,1,42006,Dendermonde,Normaal,Droog,"Nacht, openbare verlichting aanwezig en ontstoken",met zwaargewonden,3,Fiets,10,"één bestuurder, geen hindernis",Buiten Kruispunt,Gewestweg,binnen bebouwde kom,"Eén bestuurder, geen hindernis (incl. val)",Geen hindernis
14901,126,Hamme totem,Hamme,51.1017709,4.1469307,1.938355223989047,51.09136741487454,4.169203083487718,2019,7,18,42008,Hamme,Normaal,Droog,Dag,met zwaargewonden,3,Fiets,3,Fiets,Buiten Kruispunt,Gemeenteweg,buiten bebouwde kom,Tussen 2 bestuurders: Frontale botsing,Geen hindernis
14902,120,Zele teller 1,Zele,51.0607671,4.0547741,1.4158238369799239,51.06803854681781,4.038142139358484,2019,7,17,42028,Zele,Normaal,Droog,Dag,met lichtgewonden,9,personenauto,3,Fiets,Buiten Kruispunt,Gemeenteweg,binnen bebouwde kom,Tussen 2 bestuurders: Flank tegen flank,Geen hindernis
14902,121,Zele teller 2,Zele,51.0604067,4.0556696,1.490085889411907,51.06803854681781,4.038142139358484,2019,7,17,42028,Zele,Normaal,Droog,Dag,met lichtgewonden,9,personenauto,3,Fiets,Buiten Kruispunt,Gemeenteweg,binnen bebouwde kom,Tussen 2 bestuurders: Flank tegen flank,Geen hindernis
14903,120,Zele teller 1,Zele,51.0607671,4.0547741,1.6478720313824793,51.072203020031495,4.0397751371070605,2019,7,18,42028,Zele,Normaal,Droog,Dag,met zwaargewonden,9,personenauto,3,Fiets,Op Kruispunt,Gemeenteweg,binnen bebouwde kom,Tss. 2 best.: langs opzij (voor-/achterkant-flank),Geen hindernis
14903,121,Zele teller 2,Zele,51.0604067,4.0556696,1.718749390675826,51.072203020031495,4.0397751371070605,2019,7,18,42028,Zele,Normaal,Droog,Dag,met zwaargewonden,9,personenauto,3,Fiets,Op Kruispunt,Gemeenteweg,binnen bebouwde kom,Tss. 2 best.: langs opzij (voor-/achterkant-flank),Geen hindernis
14904,120,Zele teller 1,Zele,51.0607671,4.0547741,1.458260690638817,51.067703994582644,4.0370644331840175,2019,7,14,42028,Zele,Normaal,Droog,Dag,met lichtgewonden,5,Lichte vrachtauto,3,Fiets,Buiten Kruispunt,Gewestweg,binnen bebouwde kom,Tussen 2 bestuurders: Flank tegen flank,Geen hindernis
14904,121,Zele teller 2,Zele,51.0604067,4.0556696,1.5325695915659305,51.067703994582644,4.0370644331840175,2019,7,14,42028,Zele,Normaal,Droog,Dag,met lichtgewonden,5,Lichte vrachtauto,3,Fiets,Buiten Kruispunt,Gewestweg,binnen bebouwde kom,Tussen 2 bestuurders: Flank tegen flank,Geen hindernis
14905,141,Test site A support,Lokeren,51.08342085,3.9961071208376326,1.4376438754334417,51.070519061911426,3.9974425878455118,2019,7,7,42028,Zele,Normaal,Droog,Dag,met lichtgewonden,3,Fiets,9,personenauto,Buiten Kruispunt,Gemeenteweg,buiten bebouwde kom,Tussen 2 bestuurders: Flank tegen flank,Geen hindernis
14917,10,Aalst 2,Aalst,50.93549,4.01571,0.9909983257002739,50.94372748260917,4.021108502113207,2019,7,21,41002,Aalst,Normaal,Droog,"Nacht, openbare verlichting aanwezig en ontstoken",met lichtgewonden,9,personenauto,3,Fiets,Buiten Kruispunt,Gewestweg,binnen bebouwde kom,Tss. 2 best.: langs opzij (voor-/achterkant-flank),Geen hindernis
14917,19,Aalst 1,Aalst,50.93433,4.01471,1.1370717300432949,50.94372748260917,4.021108502113207,2019,7,21,41002,Aalst,Normaal,Droog,"Nacht, openbare verlichting aanwezig en ontstoken",met lichtgewonden,9,personenauto,3,Fiets,Buiten Kruispunt,Gewestweg,binnen bebouwde kom,Tss. 2 best.: langs opzij (voor-/achterkant-flank),Geen hindernis
14917,11,Aalst 3,Aalst,50.93385,4.01647,1.145406624608372,50.94372748260917,4.021108502113207,2019,7,21,41002,Aalst,Normaal,Droog,"Nacht, openbare verlichting aanwezig en ontstoken",met lichtgewonden,9,personenauto,3,Fiets,Buiten Kruispunt,Gewestweg,binnen bebouwde kom,Tss. 2 best.: langs opzij (voor-/achterkant-flank),Geen hindernis
14918,10,Aalst 2,Aalst,50.93549,4.01571,1.0163318779878108,50.941186633245636,4.004367255765557,2019,7,15,41002,Aalst,Normaal,Droog,Dag,met lichtgewonden,3,Fiets,9,personenauto,Buiten Kruispunt,Gewestweg,binnen bebouwde kom,Tss. 2 best.: langs opzij (voor-/achterkant-flank),Geen hindernis
14918,19,Aalst 1,Aalst,50.93433,4.01471,1.051911584841038,50.941186633245636,4.004367255765557,2019,7,15,41002,Aalst,Normaal,Droog,Dag,met lichtgewonden,3,Fiets,9,personenauto,Buiten Kruispunt,Gewestweg,binnen bebouwde kom,Tss. 2 best.: langs opzij (voor-/achterkant-flank),Geen hindernis
14918,11,Aalst 3,Aalst,50.93385,4.01647,1.1767428461508502,50.941186633245636,4.004367255765557,2019,7,15,41002,Aalst,Normaal,Droog,Dag,met lichtgewonden,3,Fiets,9,personenauto,Buiten Kruispunt,Gewestweg,binnen bebouwde kom,Tss. 2 best.: langs opzij (voor-/achterkant-flank),Geen hindernis
14919,11,Aalst 3,Aalst,50.93385,4.01647,1.654153192489143,50.93820516884937,4.039041631804938,2019,7,14,41002,Aalst,Normaal,Droog,Dag,met lichtgewonden,3,Fiets,8,Voetganger,Buiten Kruispunt,Gemeenteweg,binnen bebouwde kom,Met een voetganger,Geen hindernis
14919,10,Aalst 2,Aalst,50.93549,4.01571,1.6625473623141644,50.93820516884937,4.039041631804938,2019,7,14,41002,Aalst,Normaal,Droog,Dag,met lichtgewonden,3,Fiets,8,Voetganger,Buiten Kruispunt,Gemeenteweg,binnen bebouwde kom,Met een voetganger,Geen hindernis
14919,19,Aalst 1,Aalst,50.93433,4.01471,1.7586052571438104,50.93820516884937,4.039041631804938,2019,7,14,41002,Aalst,Normaal,Droog,Dag,met lichtgewonden,3,Fiets,8,Voetganger,Buiten Kruispunt,Gemeenteweg,binnen bebouwde kom,Met een voetganger,Geen hindernis
14921,10,Aalst 2,Aalst,50.93549,4.01571,0.7886315020926874,50.94160298191683,4.010003138896513,2019,7,19,41002,Aalst,Normaal,Droog,Dag,met lichtgewonden,3,Fiets,9,personenauto,Buiten Kruispunt,Gemeenteweg,binnen bebouwde kom,Tss. 2 best.: langs opzij (voor-/achterkant-flank),Geen hindernis
14921,19,Aalst 1,Aalst,50.93433,4.01471,0.8733857891954426,50.94160298191683,4.010003138896513,2019,7,19,41002,Aalst,Normaal,Droog,Dag,met lichtgewonden,3,Fiets,9,personenauto,Buiten Kruispunt,Gemeenteweg,binnen bebouwde kom,Tss. 2 best.: langs opzij (voor-/achterkant-flank),Geen hindernis
14921,11,Aalst 3,Aalst,50.93385,4.01647,0.9739297050727473,50.94160298191683,4.010003138896513,2019,7,19,41002,Aalst,Normaal,Droog,Dag,met lichtgewonden,3,Fiets,9,personenauto,Buiten Kruispunt,Gemeenteweg,binnen bebouwde kom,Tss. 2 best.: langs opzij (voor-/achterkant-flank),Geen hindernis
14927,125,Dendermonde totem,Dendermonde,51.0372706,4.1025998,2.424067026644051,51.02053203009746,4.124806855871943,2019,7,14,42006,Dendermonde,Normaal,Droog,Dag,met lichtgewonden,3,Fiets,9,personenauto,Buiten Kruispunt,Gemeenteweg,binnen bebouwde kom,Tss. 2 best.: langs opzij (voor-/achterkant-flank),Geen hindernis
14927,122,Dendermonde teller 2,Dendermonde,51.0373918,4.1019222,2.4649289546772115,51.02053203009746,4.124806855871943,2019,7,14,42006,Dendermonde,Normaal,Droog,Dag,met lichtgewonden,3,Fiets,9,personenauto,Buiten Kruispunt,Gemeenteweg,binnen bebouwde kom,Tss. 2 best.: langs opzij (voor-/achterkant-flank),Geen hindernis
14935,20,Brugge,Brugge,51.17416,3.20048,1.3392735977579957,51.18339171249853,3.188140095111725,2019,7,10,31005,Brugge,Normaal,Droog,Dag,met lichtgewonden,5,Lichte vrachtauto,3,Fiets,Buiten Kruispunt,Gewestweg,buiten bebouwde kom,Tss. 2 best.: langs opzij (voor-/achterkant-flank),Geen hindernis
14935,51,"Brugge, Sint-Andries",Brugge,51.19281,3.16252,2.07000916298082,51.18339171249853,3.188140095111725,2019,7,10,31005,Brugge,Normaal,Droog,Dag,met lichtgewonden,5,Lichte vrachtauto,3,Fiets,Buiten Kruispunt,Gewestweg,buiten bebouwde kom,Tss. 2 best.: langs opzij (voor-/achterkant-flank),Geen hindernis
14935,50,"Brugge, Sint-Andries",Brugge,51.19291,3.16252,2.075655267086092,51.18339171249853,3.188140095111725,2019,7,10,31005,Brugge,Normaal,Droog,Dag,met lichtgewonden,5,Lichte vrachtauto,3,Fiets,Buiten Kruispunt,Gewestweg,buiten bebouwde kom,Tss. 2 best.: langs opzij (voor-/achterkant-flank),Geen hindernis
14937,142,TEST Validatie BRUGGE Y2H22022134,Brugge,51.22632,3.24095,2.042846732343779,51.207975523581894,3.2393520444111914,2019,7,18,31005,Brugge,Normaal,Droog,Dag,met lichtgewonden,9,personenauto,3,Fiets,Op Kruispunt,Gewestweg,binnen bebouwde kom,Tss. 2 best.: langs opzij (voor-/achterkant-flank),Geen hindernis
14937,52,Brugge,Brugge,51.22632,3.24095,2.042846732343779,51.207975523581894,3.2393520444111914,2019,7,18,31005,Brugge,Normaal,Droog,Dag,met lichtgewonden,9,personenauto,3,Fiets,Op Kruispunt,Gewestweg,binnen bebouwde kom,Tss. 2 best.: langs opzij (voor-/achterkant-flank),Geen hindernis
14939,142,TEST Validatie BRUGGE Y2H22022134,Brugge,51.22632,3.24095,0.6682167185283548,51.22257167525485,3.2334498254541266,2019,7,8,31005,Brugge,Normaal,Droog+Proper,Dag,met lichtgewonden,3,Fiets,9,personenauto,Op Kruispunt,Gewestweg,binnen bebouwde kom,Tss. 2 best.: langs opzij (voor-/achterkant-flank),Geen hindernis
14939,52,Brugge,Brugge,51.22632,3.24095,0.6682167185283548,51.22257167525485,3.2334498254541266,2019,7,8,31005,Brugge,Normaal,Droog+Proper,Dag,met lichtgewonden,3,Fiets,9,personenauto,Op Kruispunt,Gewestweg,binnen bebouwde kom,Tss. 2 best.: langs opzij (voor-/achterkant-flank),Geen hindernis
14939,54,Brugge teller 2,Brugge,51.23015,3.22818,0.9191075909880713,51.22257167525485,3.2334498254541266,2019,7,8,31005,Brugge,Normaal,Droog+Proper,Dag,met lichtgewonden,3,Fiets,9,personenauto,Op Kruispunt,Gewestweg,binnen bebouwde kom,Tss. 2 best.: langs opzij (voor-/achterkant-flank),Geen hindernis
14939,53,Brugge teller 1,Brugge,51.23023,3.228,0.9323015794767424,51.22257167525485,3.2334498254541266,2019,7,8,31005,Brugge,Normaal,Droog+Proper,Dag,met lichtgewonden,3,Fiets,9,personenauto,Op Kruispunt,Gewestweg,binnen bebouwde kom,Tss. 2 best.: langs opzij (voor-/achterkant-flank),Geen hindernis
14941,142,TEST Validatie BRUGGE Y2H22022134,Brugge,51.22632,3.24095,0.514267899368567,51.22316642334739,3.2355481117497127,2019,7,13,31005,Brugge,Normaal,Droog,Dag,met lichtgewonden,9,personenauto,3,Fiets,Buiten Kruispunt,Gewestweg,binnen bebouwde kom,Tss. 2 best.: langs opzij (voor-/achterkant-flank),Geen hindernis
14941,52,Brugge,Brugge,51.22632,3.24095,0.514267899368567,51.22316642334739,3.2355481117497127,2019,7,13,31005,Brugge,Normaal,Droog,Dag,met lichtgewonden,9,personenauto,3,Fiets,Buiten Kruispunt,Gewestweg,binnen bebouwde kom,Tss. 2 best.: langs opzij (voor-/achterkant-flank),Geen hindernis
14941,54,Brugge teller 2,Brugge,51.23015,3.22818,0.9307308945195171,51.22316642334739,3.2355481117497127,2019,7,13,31005,Brugge,Normaal,Droog,Dag,met lichtgewonden,9,personenauto,3,Fiets,Buiten Kruispunt,Gewestweg,binnen bebouwde kom,Tss. 2 best.: langs opzij (voor-/achterkant-flank),Geen hindernis
14941,53,Brugge teller 1,Brugge,51.23023,3.228,0.9450785125112354,51.22316642334739,3.2355481117497127,2019,7,13,31005,Brugge,Normaal,Droog,Dag,met lichtgewonden,9,personenauto,3,Fiets,Buiten Kruispunt,Gewestweg,binnen bebouwde kom,Tss. 2 best.: langs opzij (voor-/achterkant-flank),Geen hindernis
14942,54,Brugge teller 2,Brugge,51.23015,3.22818,1.0607856037752823,51.22082679201303,3.2249518833354367,2019,7,13,31005,Brugge,Onbekend,Droog,Dag,met lichtgewonden,9,personenauto,3,Fiets,Buiten Kruispunt,Gewestweg,binnen bebouwde kom,Tss. 2 best.: langs opzij (voor-/achterkant-flank),Geen hindernis
14942,53,Brugge teller 1,Brugge,51.23023,3.228,1.0669165131621727,51.22082679201303,3.2249518833354367,2019,7,13,31005,Brugge,Onbekend,Droog,Dag,met lichtgewonden,9,personenauto,3,Fiets,Buiten Kruispunt,Gewestweg,binnen bebouwde kom,Tss. 2 best.: langs opzij (voor-/achterkant-flank),Geen hindernis
14942,52,Brugge,Brugge,51.22632,3.24095,1.2705581801705963,51.22082679201303,3.2249518833354367,2019,7,13,31005,Brugge,Onbekend,Droog,Dag,met lichtgewonden,9,personenauto,3,Fiets,Buiten Kruispunt,Gewestweg,binnen bebouwde kom,Tss. 2 best.: langs opzij (voor-/achterkant-flank),Geen hindernis
14942,142,TEST Validatie BRUGGE Y2H22022134,Brugge,51.22632,3.24095,1.2705581801705963,51.22082679201303,3.2249518833354367,2019,7,13,31005,Brugge,Onbekend,Droog,Dag,met lichtgewonden,9,personenauto,3,Fiets,Buiten Kruispunt,Gewestweg,binnen bebouwde kom,Tss. 2 best.: langs opzij (voor-/achterkant-flank),Geen hindernis
14943,53,Brugge teller 1,Brugge,51.23023,3.228,1.7190685238638015,51.24369552954078,3.215868769489002,2019,7,10,31005,Brugge,Normaal,Droog,Dag,met lichtgewonden,3,Fiets,4,Vrachtwagen,Buiten Kruispunt,Gemeenteweg,buiten bebouwde kom,Tussen 2 bestuurders: Frontale botsing,Geen hindernis
14943,54,Brugge teller 2,Brugge,51.23015,3.22818,1.7329858860009135,51.24369552954078,3.215868769489002,2019,7,10,31005,Brugge,Normaal,Droog,Dag,met lichtgewonden,3,Fiets,4,Vrachtwagen,Buiten Kruispunt,Gemeenteweg,buiten bebouwde kom,Tussen 2 bestuurders: Frontale botsing,Geen hindernis
14944,142,TEST Validatie BRUGGE Y2H22022134,Brugge,51.22632,3.24095,2.3257960418897095,51.208965332415964,3.222310323218395,2019,6,4,31005,Brugge,Normaal,Droog,"Nacht, openbare verlichting aanwezig en ontstoken",met lichtgewonden,3,Fiets,3,Fiets,Buiten Kruispunt,Gewestweg,binnen bebouwde kom,Tussen 2 bestuurders: Frontale botsing,Geen hindernis
14944,52,Brugge,Brugge,51.22632,3.24095,2.3257960418897095,51.208965332415964,3.222310323218395,2019,6,4,31005,Brugge,Normaal,Droog,"Nacht, openbare verlichting aanwezig en ontstoken",met lichtgewonden,3,Fiets,3,Fiets,Buiten Kruispunt,Gewestweg,binnen bebouwde kom,Tussen 2 bestuurders: Frontale botsing,Geen hindernis
14944,54,Brugge teller 2,Brugge,51.23015,3.22818,2.3908358801216107,51.208965332415964,3.222310323218395,2019,6,4,31005,Brugge,Normaal,Droog,"Nacht, openbare verlichting aanwezig en ontstoken",met lichtgewonden,3,Fiets,3,Fiets,Buiten Kruispunt,Gewestweg,binnen bebouwde kom,Tussen 2 bestuurders: Frontale botsing,Geen hindernis
14944,53,Brugge teller 1,Brugge,51.23023,3.228,2.3974970506911997,51.208965332415964,3.222310323218395,2019,6,4,31005,Brugge,Normaal,Droog,"Nacht, openbare verlichting aanwezig en ontstoken",met lichtgewonden,3,Fiets,3,Fiets,Buiten Kruispunt,Gewestweg,binnen bebouwde kom,Tussen 2 bestuurders: Frontale botsing,Geen hindernis
14947,53,Brugge teller 1,Brugge,51.23023,3.228,1.7768768518458196,51.219337649915715,3.20933001767745,2019,7,10,31005,Brugge,Normaal,Droog,Dag,met lichtgewonden,9,personenauto,3,Fiets,Op Kruispunt,Gewestweg,binnen bebouwde kom,Tss. 2 best.: langs opzij (voor-/achterkant-flank),Geen hindernis
14947,54,Brugge teller 2,Brugge,51.23015,3.22818,1.7800494828424682,51.219337649915715,3.20933001767745,2019,7,10,31005,Brugge,Normaal,Droog,Dag,met lichtgewonden,9,personenauto,3,Fiets,Op Kruispunt,Gewestweg,binnen bebouwde kom,Tss. 2 best.: langs opzij (voor-/achterkant-flank),Geen hindernis
14947,52,Brugge,Brugge,51.22632,3.24095,2.334900487442403,51.219337649915715,3.20933001767745,2019,7,10,31005,Brugge,Normaal,Droog,Dag,met lichtgewonden,9,personenauto,3,Fiets,Op Kruispunt,Gewestweg,binnen bebouwde kom,Tss. 2 best.: langs opzij (voor-/achterkant-flank),Geen hindernis
14947,142,TEST Validatie BRUGGE Y2H22022134,Brugge,51.22632,3.24095,2.334900487442403,51.219337649915715,3.20933001767745,2019,7,10,31005,Brugge,Normaal,Droog,Dag,met lichtgewonden,9,personenauto,3,Fiets,Op Kruispunt,Gewestweg,binnen bebouwde kom,Tss. 2 best.: langs opzij (voor-/achterkant-flank),Geen hindernis
14957,57,Meulebeke teller 1,Meulebeke,50.96056,3.24491,2.443428245264915,50.98228919665472,3.239712744081991,2019,7,14,37020,Ardooie,Normaal,Droog+Proper,Dag,met lichtgewonden,9,personenauto,3,Fiets,Buiten Kruispunt,Gewestweg,buiten bebouwde kom,Tss. 2 best.: langs opzij (voor-/achterkant-flank),Geen hindernis
14957,58,Meulebeke teller 2,Meulebeke,50.96021,3.24471,2.4799046976928985,50.98228919665472,3.239712744081991,2019,7,14,37020,Ardooie,Normaal,Droog+Proper,Dag,met lichtgewonden,9,personenauto,3,Fiets,Buiten Kruispunt,Gewestweg,buiten bebouwde kom,Tss. 2 best.: langs opzij (voor-/achterkant-flank),Geen hindernis
14959,59,Ardooie teller 1,Ardooie,50.96784,3.18479,1.0379126499595885,50.97656335518306,3.19006415657062,2019,7,16,37020,Ardooie,Normaal,Droog,Dag,met lichtgewonden,3,Fiets,9,personenauto,Op Kruispunt,Gemeenteweg,onbekend,Tss. 2 best.: langs opzij (voor-/achterkant-flank),Geen hindernis
14959,60,Ardooie teller 2,Ardooie,50.96783,3.18411,1.0568132867139737,50.97656335518306,3.19006415657062,2019,7,16,37020,Ardooie,Normaal,Droog,Dag,met lichtgewonden,3,Fiets,9,personenauto,Op Kruispunt,Gemeenteweg,onbekend,Tss. 2 best.: langs opzij (voor-/achterkant-flank),Geen hindernis
14960,59,Ardooie teller 1,Ardooie,50.96784,3.18479,0.8774887579642995,50.97050903780083,3.196582805396784,2019,7,5,37020,Ardooie,Mist (zichtbaarheid minder dan 100m),Droog,Dageraad - schemering,met lichtgewonden,9,personenauto,3,Fiets,Op Kruispunt,Gemeenteweg,buiten bebouwde kom,Tss. 2 best.: langs opzij (voor-/achterkant-flank),Geen hindernis
14960,60,Ardooie teller 2,Ardooie,50.96783,3.18411,0.9227977827394692,50.97050903780083,3.196582805396784,2019,7,5,37020,Ardooie,Mist (zichtbaarheid minder dan 100m),Droog,Dageraad - schemering,met lichtgewonden,9,personenauto,3,Fiets,Op Kruispunt,Gemeenteweg,buiten bebouwde kom,Tss. 2 best.: langs opzij (voor-/achterkant-flank),Geen hindernis
14963,18,Oostende 1,Oostende,51.21378,2.92765,1.6349882727658145,51.227173329979756,2.9179617553635775,2019,7,13,35013,Oostende,Normaal,Droog,Dag,met lichtgewonden,9,personenauto,3,Fiets,Op Kruispunt,Gewestweg,binnen bebouwde kom,Tussen 2 bestuurders: Flank tegen flank,Geen hindernis