crash_row_id,site_id,site_name,site_gemeente,site_lat,site_long,distance_km,crash_lat,crash_long,DT_YEAR_COLLISION,DT_MONTH_COLLISION,DT_TIME,CD_NIS,TX_MUNTY_COLLISION_NL,TX_WEATHER_NL,TX_ROAD_CONDITION_NL,TX_LIGHT_CONDITION_NL,TX_CLASS_ACCIDENTS_NL,CD_ROAD_USR_TYPE1,TX_ROAD_USR_TYPE1_NL,CD_ROAD_USR_TYPE2,TX_ROAD_USR_TYPE2_NL,TX_CROSSWAY_NL,CD_ROAD_TYPE_NL,TX_BUILD_UP_AREA_NL,TX_COLLISION_TYPE_NL,TX_OBSTACLES_NL
14963,15,Oostende 2,Oostende,51.21371,2.92743,1.6358455024337397,51.227173329979756,2.9179617553635775,2019,7,13,35013,Oostende,Normaal,Droog,Dag,met lichtgewonden,9,personenauto,3,Fiets,Op Kruispunt,Gewestweg,binnen bebouwde kom,Tussen 2 bestuurders: Flank tegen flank,Geen hindernis
14965,15,Oostende 2,Oostende,51.21371,2.92743,1.5823018164714209,51.22138952415507,2.9083039802764703,2019,7,6,35013,Oostende,Normaal,Droog,Dag,met lichtgewonden,3,Fiets,8,Voetganger,Buiten Kruispunt,Gewestweg,binnen bebouwde kom,Met een voetganger,Geen hindernis
14965,18,Oostende 1,Oostende,51.21378,2.92765,1.591069173733591,51.22138952415507,2.9083039802764703,2019,7,6,35013,Oostende,Normaal,Droog,Dag,met lichtgewonden,3,Fiets,8,Voetganger,Buiten Kruispunt,Gewestweg,binnen bebouwde kom,Met een voetganger,Geen hindernis
14967,18,Oostende 1,Oostende,51.21378,2.92765,1.900843814742992,51.22857110248731,2.941333858346316,2019,7,15,35013,Oostende,Normaal,Droog,Dag,met lichtgewonden,3,Fiets,6,Bromfiets,Op Kruispunt,Gewestweg,binnen bebouwde kom,Tss. 2 best.: langs opzij (voor-/achterkant-flank),Geen hindernis
14967,15,Oostende 2,Oostende,51.21371,2.92743,1.9152832089714869,51.22857110248731,2.941333858346316,2019,7,15,35013,Oostende,Normaal,Droog,Dag,met lichtgewonden,3,Fiets,6,Bromfiets,Op Kruispunt,Gewestweg,binnen bebouwde kom,Tss. 2 best.: langs opzij (voor-/achterkant-flank),Geen hindernis
14968,18,Oostende 1,Oostende,51.21378,2.92765,2.419788021529228,51.234558032161615,2.917321167486891,2019,7,10,35013,Oostende,Normaal,Droog,Dag,met zwaargewonden,3,Fiets,9,personenauto,Op Kruispunt,Gewestweg,binnen bebouwde kom,Tussen 2 bestuurders: Frontale botsing,Geen hindernis
14968,15,Oostende 2,Oostende,51.21371,2.92743,2.4227251928624423,51.234558032161615,2.917321167486891,2019,7,10,35013,Oostende,Normaal,Droog,Dag,met zwaargewonden,3,Fiets,9,personenauto,Op Kruispunt,Gewestweg,binnen bebouwde kom,Tussen 2 bestuurders: Frontale botsing,Geen hindernis
14969,18,Oostende 1,Oostende,51.21378,2.92765,1.9920581659473078,51.22977327192598,2.9147612059702803,2019,7,17,35013,Oostende,Normaal,Droog,Dag,met zwaargewonden,8,Voetganger,3,Fiets,Op Kruispunt,Gewestweg,binnen bebouwde kom,Met een voetganger,Geen hindernis
14969,15,Oostende 2,Oostende,51.21371,2.92743,1.9921776404334925,51.22977327192598,2.9147612059702803,2019,7,17,35013,Oostende,Normaal,Droog,Dag,met zwaargewonden,8,Voetganger,3,Fiets,Op Kruispunt,Gewestweg,binnen bebouwde kom,Met een voetganger,Geen hindernis
14981,18,Oostende 1,Oostende,51.21378,2.92765,2.253386992610066,51.220750601878244,2.958029273617887,2019,7,16,35002,Bredene,Normaal,Droog,Dag,met lichtgewonden,5,Lichte vrachtauto,3,Fiets,Op Kruispunt,Gewestweg,binnen bebouwde kom,Tss. 2 best.: langs opzij (voor-/achterkant-flank),Geen hindernis
14981,15,Oostende 2,Oostende,51.21371,2.92743,2.2704545699149907,51.220750601878244,2.958029273617887,2019,7,16,35002,Bredene,Normaal,Droog,Dag,met lichtgewonden,5,Lichte vrachtauto,3,Fiets,Op Kruispunt,Gewestweg,binnen bebouwde kom,Tss. 2 best.: langs opzij (voor-/achterkant-flank),Geen hindernis
14983,65,Nieuwpoort teller 2,Nieuwpoort,51.13435,2.75511,1.842355077874938,51.15075043615876,2.758864149583085,2019,7,14,35011,Middelkerke,Normaal,Droog,Dag,met lichtgewonden,5,Lichte vrachtauto,3,Fiets,Buiten Kruispunt,Gewestweg,binnen bebouwde kom,Tss. 2 best.: langs opzij (voor-/achterkant-flank),Geen hindernis
14983,64,Nieuwpoort teller 1,Nieuwpoort,51.13359,2.75737,1.910998336414054,51.15075043615876,2.758864149583085,2019,7,14,35011,Middelkerke,Normaal,Droog,Dag,met lichtgewonden,5,Lichte vrachtauto,3,Fiets,Buiten Kruispunt,Gewestweg,binnen bebouwde kom,Tss. 2 best.: langs opzij (voor-/achterkant-flank),Geen hindernis
14983,63,Nieuwpoort teller 3,Nieuwpoort,51.13529,2.74289,2.048711325201308,51.15075043615876,2.758864149583085,2019,7,14,35011,Middelkerke,Normaal,Droog,Dag,met lichtgewonden,5,Lichte vrachtauto,3,Fiets,Buiten Kruispunt,Gewestweg,binnen bebouwde kom,Tss. 2 best.: langs opzij (voor-/achterkant-flank),Geen hindernis
14983,66,Nieuwpoort totem,Nieuwpoort,51.1347,2.74369,2.0750499766015214,51.15075043615876,2.758864149583085,2019,7,14,35011,Middelkerke,Normaal,Droog,Dag,met lichtgewonden,5,Lichte vrachtauto,3,Fiets,Buiten Kruispunt,Gewestweg,binnen bebouwde kom,Tss. 2 best.: langs opzij (voor-/achterkant-flank),Geen hindernis
14984,65,Nieuwpoort teller 2,Nieuwpoort,51.13435,2.75511,1.2565603079934615,51.14564678992338,2.75464737131574,2019,7,8,35011,Middelkerke,Normaal,Droog,Dageraad - schemering,met lichtgewonden,3,Fiets,9,personenauto,Op Kruispunt,Gemeenteweg,binnen bebouwde kom,Tussen 2 bestuurders: Frontale botsing,Geen hindernis
14984,64,Nieuwpoort teller 1,Nieuwpoort,51.13359,2.75737,1.354043240932606,51.14564678992338,2.75464737131574,2019,7,8,35011,Middelkerke,Normaal,Droog,Dageraad - schemering,met lichtgewonden,3,Fiets,9,personenauto,Op Kruispunt,Gemeenteweg,binnen bebouwde kom,Tussen 2 bestuurders: Frontale botsing,Geen hindernis
14984,63,Nieuwpoort teller 3,Nieuwpoort,51.13529,2.74289,1.4138785618359142,51.14564678992338,2.75464737131574,2019,7,8,35011,Middelkerke,Normaal,Droog,Dageraad - schemering,met lichtgewonden,3,Fiets,9,personenauto,Op Kruispunt,Gemeenteweg,binnen bebouwde kom,Tussen 2 bestuurders: Frontale botsing,Geen hindernis
14984,66,Nieuwpoort totem,Nieuwpoort,51.1347,2.74369,1.4373667277390296,51.14564678992338,2.75464737131574,2019,7,8,35011,Middelkerke,Normaal,Droog,Dageraad - schemering,met lichtgewonden,3,Fiets,9,personenauto,Op Kruispunt,Gemeenteweg,binnen bebouwde kom,Tussen 2 bestuurders: Frontale botsing,Geen hindernis
14986,65,Nieuwpoort teller 2,Nieuwpoort,51.13435,2.75511,0.5840373808350022,51.13958591456518,2.755772182709018,2019,7,10,35011,Middelkerke,Normaal,Droog,Dag,met zwaargewonden,9,personenauto,3,Fiets,Buiten Kruispunt,Gewestweg,buiten bebouwde kom,Tss. 2 best.: langs opzij (voor-/achterkant-flank),Geen hindernis
14986,64,Nieuwpoort teller 1,Nieuwpoort,51.13359,2.75737,0.6759714184131107,51.13958591456518,2.755772182709018,2019,7,10,35011,Middelkerke,Normaal,Droog,Dag,met zwaargewonden,9,personenauto,3,Fiets,Buiten Kruispunt,Gewestweg,buiten bebouwde kom,Tss. 2 best.: langs opzij (voor-/achterkant-flank),Geen hindernis
14986,66,Nieuwpoort totem,Nieuwpoort,51.1347,2.74369,1.0028817157485959,51.13958591456518,2.755772182709018,2019,7,10,35011,Middelkerke,Normaal,Droog,Dag,met zwaargewonden,9,personenauto,3,Fiets,Buiten Kruispunt,Gewestweg,buiten bebouwde kom,Tss. 2 best.: langs opzij (voor-/achterkant-flank),Geen hindernis
14986,63,Nieuwpoort teller 3,Nieuwpoort,51.13529,2.74289,1.0178405119323868,51.13958591456518,2.755772182709018,2019,7,10,35011,Middelkerke,Normaal,Droog,Dag,met zwaargewonden,9,personenauto,3,Fiets,Buiten Kruispunt,Gewestweg,buiten bebouwde kom,Tss. 2 best.: langs opzij (voor-/achterkant-flank),Geen hindernis
14992,84,Roeselare totem,Izegem,50.91717,3.18772,1.98100646388594,50.93362470624582,3.1985544059762834,2019,7,10,36008,Izegem,Normaal,Droog,Dag,met lichtgewonden,9,personenauto,3,Fiets,Op Kruispunt,Gemeenteweg,binnen bebouwde kom,Tss. 2 best.: langs opzij (voor-/achterkant-flank),Geen hindernis
14993,84,Roeselare totem,Izegem,50.91717,3.18772,2.1899037713374843,50.9200782688224,3.218617262928674,2019,7,10,36008,Izegem,Normaal,Droog,Dag,met lichtgewonden,9,personenauto,3,Fiets,Buiten Kruispunt,Gemeenteweg,binnen bebouwde kom,Tss. 2 best.: langs opzij (voor-/achterkant-flank),Geen hindernis
15008,74,Kortrijk teller 1,Kortrijk,50.81909,3.25728,1.4169525220085744,50.81263554374808,3.2746702296440184,2019,7,17,34022,Kortrijk,Normaal,Droog,Dag,met lichtgewonden,3,Fiets,9,personenauto,Op Kruispunt,Gewestweg,buiten bebouwde kom,Tss. 2 best.: langs opzij (voor-/achterkant-flank),Geen hindernis
15008,75,Kortrijk teller 2,Kortrijk,50.81925,3.25731,1.4242394135481546,50.81263554374808,3.2746702296440184,2019,7,17,34022,Kortrijk,Normaal,Droog,Dag,met lichtgewonden,3,Fiets,9,personenauto,Op Kruispunt,Gewestweg,buiten bebouwde kom,Tss. 2 best.: langs opzij (voor-/achterkant-flank),Geen hindernis
15008,143,Eco Display Classic Budastraat,Kortrijk,50.83066,3.26286,2.169147228937046,50.81263554374808,3.2746702296440184,2019,7,17,34022,Kortrijk,Normaal,Droog,Dag,met lichtgewonden,3,Fiets,9,personenauto,Op Kruispunt,Gewestweg,buiten bebouwde kom,Tss. 2 best.: langs opzij (voor-/achterkant-flank),Geen hindernis
15008,16,Kortrijk 1,Kortrijk,50.83332,3.27777,2.3102902440527715,50.81263554374808,3.2746702296440184,2019,7,17,34022,Kortrijk,Normaal,Droog,Dag,met lichtgewonden,3,Fiets,9,personenauto,Op Kruispunt,Gewestweg,buiten bebouwde kom,Tss. 2 best.: langs opzij (voor-/achterkant-flank),Geen hindernis
15008,17,Kortrijk 2,Kortrijk,50.83339,3.27773,2.3177771030764247,50.81263554374808,3.2746702296440184,2019,7,17,34022,Kortrijk,Normaal,Droog,Dag,met lichtgewonden,3,Fiets,9,personenauto,Op Kruispunt,Gewestweg,buiten bebouwde kom,Tss. 2 best.: langs opzij (voor-/achterkant-flank),Geen hindernis
15009,143,Eco Display Classic Budastraat,Kortrijk,50.83066,3.26286,0.5872701225740617,50.82545165029073,3.2614736971017737,2019,7,6,34022,Kortrijk,Normaal,Droog,Dag,met lichtgewonden,9,personenauto,3,Fiets,Buiten Kruispunt,Gemeenteweg,binnen bebouwde kom,Tss. 2 best.: langs opzij (voor-/achterkant-flank),Geen hindernis
15009,75,Kortrijk teller 2,Kortrijk,50.81925,3.25731,0.7490531980563584,50.82545165029073,3.2614736971017737,2019,7,6,34022,Kortrijk,Normaal,Droog,Dag,met lichtgewonden,9,personenauto,3,Fiets,Buiten Kruispunt,Gemeenteweg,binnen bebouwde kom,Tss. 2 best.: langs opzij (voor-/achterkant-flank),Geen hindernis
15009,74,Kortrijk teller 1,Kortrijk,50.81909,3.25728,0.7662714838897868,50.82545165029073,3.2614736971017737,2019,7,6,34022,Kortrijk,Normaal,Droog,Dag,met lichtgewonden,9,personenauto,3,Fiets,Buiten Kruispunt,Gemeenteweg,binnen bebouwde kom,Tss. 2 best.: langs opzij (voor-/achterkant-flank),Geen hindernis
15009,16,Kortrijk 1,Kortrijk,50.83332,3.27777,1.440659683630881,50.82545165029073,3.2614736971017737,2019,7,6,34022,Kortrijk,Normaal,Droog,Dag,met lichtgewonden,9,personenauto,3,Fiets,Buiten Kruispunt,Gemeenteweg,binnen bebouwde kom,Tss. 2 best.: langs opzij (voor-/achterkant-flank),Geen hindernis
15009,17,Kortrijk 2,Kortrijk,50.83339,3.27773,1.443175669115179,50.82545165029073,3.2614736971017737,2019,7,6,34022,Kortrijk,Normaal,Droog,Dag,met lichtgewonden,9,personenauto,3,Fiets,Buiten Kruispunt,Gemeenteweg,binnen bebouwde kom,Tss. 2 best.: langs opzij (voor-/achterkant-flank),Geen hindernis
15010,143,Eco Display Classic Budastraat,Kortrijk,50.83066,3.26286,0.5646948688082496,50.832436176596204,3.2553272781019933,2019,7,17,34022,Kortrijk,Normaal,Droog,Dag,met lichtgewonden,9,personenauto,3,Fiets,Buiten Kruispunt,Gewestweg,binnen bebouwde kom,Tss. 2 best.: langs opzij (voor-/achterkant-flank),Geen hindernis
15010,75,Kortrijk teller 2,Kortrijk,50.81925,3.25731,1.4728349271567365,50.832436176596204,3.2553272781019933,2019,7,17,34022,Kortrijk,Normaal,Droog,Dag,met lichtgewonden,9,personenauto,3,Fiets,Buiten Kruispunt,Gewestweg,binnen bebouwde kom,Tss. 2 best.: langs opzij (voor-/achterkant-flank),Geen hindernis
15010,74,Kortrijk teller 1,Kortrijk,50.81909,3.25728,1.49035197044461,50.832436176596204,3.2553272781019933,2019,7,17,34022,Kortrijk,Normaal,Droog,Dag,met lichtgewonden,9,personenauto,3,Fiets,Buiten Kruispunt,Gewestweg,binnen bebouwde kom,Tss. 2 best.: langs opzij (voor-/achterkant-flank),Geen hindernis
15010,17,Kortrijk 2,Kortrijk,50.83339,3.27773,1.5768902305775987,50.832436176596204,3.2553272781019933,2019,7,17,34022,Kortrijk,Normaal,Droog,Dag,met lichtgewonden,9,personenauto,3,Fiets,Buiten Kruispunt,Gewestweg,binnen bebouwde kom,Tss. 2 best.: langs opzij (voor-/achterkant-flank),Geen hindernis
15010,16,Kortrijk 1,Kortrijk,50.83332,3.27777,1.5791907212605485,50.832436176596204,3.2553272781019933,2019,7,17,34022,Kortrijk,Normaal,Droog,Dag,met lichtgewonden,9,personenauto,3,Fiets,Buiten Kruispunt,Gewestweg,binnen bebouwde kom,Tss. 2 best.: langs opzij (voor-/achterkant-flank),Geen hindernis
15011,17,Kortrijk 2,Kortrijk,50.83339,3.27773,0.4444441588689381,50.83403303458583,3.271483824052507,2019,7,16,34022,Kortrijk,Normaal,Droog,Dag,met lichtgewonden,3,Fiets,9,personenauto,Buiten Kruispunt,Gewestweg,binnen bebouwde kom,Tss. 2 best.: langs opzij (voor-/achterkant-flank),Geen hindernis
15011,16,Kortrijk 1,Kortrijk,50.83332,3.27777,0.4485275163984999,50.83403303458583,3.271483824052507,2019,7,16,34022,Kortrijk,Normaal,Droog,Dag,met lichtgewonden,3,Fiets,9,personenauto,Buiten Kruispunt,Gewestweg,binnen bebouwde kom,Tss. 2 best.: langs opzij (voor-/achterkant-flank),Geen hindernis
15011,143,Eco Display Classic Budastraat,Kortrijk,50.83066,3.26286,0.7123794108441458,50.83403303458583,3.271483824052507,2019,7,16,34022,Kortrijk,Normaal,Droog,Dag,met lichtgewonden,3,Fiets,9,personenauto,Buiten Kruispunt,Gewestweg,binnen bebouwde kom,Tss. 2 best.: langs opzij (voor-/achterkant-flank),Geen hindernis
15011,75,Kortrijk teller 2,Kortrijk,50.81925,3.25731,1.921766355419779,50.83403303458583,3.271483824052507,2019,7,16,34022,Kortrijk,Normaal,Droog,Dag,met lichtgewonden,3,Fiets,9,personenauto,Buiten Kruispunt,Gewestweg,binnen bebouwde kom,Tss. 2 best.: langs opzij (voor-/achterkant-flank),Geen hindernis
15011,74,Kortrijk teller 1,Kortrijk,50.81909,3.25728,1.9380908365357938,50.83403303458583,3.271483824052507,2019,7,16,34022,Kortrijk,Normaal,Droog,Dag,met lichtgewonden,3,Fiets,9,personenauto,Buiten Kruispunt,Gewestweg,binnen bebouwde kom,Tss. 2 best.: langs opzij (voor-/achterkant-flank),Geen hindernis
15014,17,Kortrijk 2,Kortrijk,50.83339,3.27773,0.4444441588689381,50.83403303458583,3.271483824052507,2019,7,9,34022,Kortrijk,Normaal,Droog,Dag,met lichtgewonden,3,Fiets,9,personenauto,Op Kruispunt,Gewestweg,buiten bebouwde kom,Tss. 2 best.: langs opzij (voor-/achterkant-flank),Geen hindernis
15014,16,Kortrijk 1,Kortrijk,50.83332,3.27777,0.4485275163984999,50.83403303458583,3.271483824052507,2019,7,9,34022,Kortrijk,Normaal,Droog,Dag,met lichtgewonden,3,Fiets,9,personenauto,Op Kruispunt,Gewestweg,buiten bebouwde kom,Tss. 2 best.: langs opzij (voor-/achterkant-flank),Geen hindernis
15014,143,Eco Display Classic Budastraat,Kortrijk,50.83066,3.26286,0.7123794108441458,50.83403303458583,3.271483824052507,2019,7,9,34022,Kortrijk,Normaal,Droog,Dag,met lichtgewonden,3,Fiets,9,personenauto,Op Kruispunt,Gewestweg,buiten bebouwde kom,Tss. 2 best.: langs opzij (voor-/achterkant-flank),Geen hindernis
15014,75,Kortrijk teller 2,Kortrijk,50.81925,3.25731,1.921766355419779,50.83403303458583,3.271483824052507,2019,7,9,34022,Kortrijk,Normaal,Droog,Dag,met lichtgewonden,3,Fiets,9,personenauto,Op Kruispunt,Gewestweg,buiten bebouwde kom,Tss. 2 best.: langs opzij (voor-/achterkant-flank),Geen hindernis
15014,74,Kortrijk teller 1,Kortrijk,50.81909,3.25728,1.9380908365357938,50.83403303458583,3.271483824052507,2019,7,9,34022,Kortrijk,Normaal,Droog,Dag,met lichtgewonden,3,Fiets,9,personenauto,Op Kruispunt,Gewestweg,buiten bebouwde kom,Tss. 2 best.: langs opzij (voor-/achterkant-flank),Geen hindernis
15022,17,Kortrijk 2,Kortrijk,50.83339,3.27773,2.477101296495243,50.849729313912235,3.301709928147665,2019,7,9,34013,Harelbeke,Normaal,Droog,Dag,met lichtgewonden,4,Vrachtwagen,3,Fiets,Op Kruispunt,Gewestweg,binnen bebouwde kom,Tss. 2 best.: langs opzij (voor-/achterkant-flank),Geen hindernis
15022,16,Kortrijk 1,Kortrijk,50.83332,3.27777,2.480912884906179,50.849729313912235,3.301709928147665,2019,7,9,34013,Harelbeke,Normaal,Droog,Dag,met lichtgewonden,4,Vrachtwagen,3,Fiets,Op Kruispunt,Gewestweg,binnen bebouwde kom,Tss. 2 best.: langs opzij (voor-/achterkant-flank),Geen hindernis
15025,64,Nieuwpoort teller 1,Nieuwpoort,51.13359,2.75737,1.0899824493773216,51.12623074333504,2.7676882476630538,2019,7,10,38016,Nieuwpoort,Normaal,Droog,Dag,met lichtgewonden,3,Fiets,5,Lichte vrachtauto,Op Kruispunt,Gewestweg,binnen bebouwde kom,Tss. 2 best.: langs opzij (voor-/achterkant-flank),Geen hindernis
15025,65,Nieuwpoort teller 2,Nieuwpoort,51.13435,2.75511,1.259155016507488,51.12623074333504,2.7676882476630538,2019,7,10,38016,Nieuwpoort,Normaal,Droog,Dag,met lichtgewonden,3,Fiets,5,Lichte vrachtauto,Op Kruispunt,Gewestweg,binnen bebouwde kom,Tss. 2 best.: langs opzij (voor-/achterkant-flank),Geen hindernis
15025,66,Nieuwpoort totem,Nieuwpoort,51.1347,2.74369,1.9212421444918089,51.12623074333504,2.7676882476630538,2019,7,10,38016,Nieuwpoort,Normaal,Droog,Dag,met lichtgewonden,3,Fiets,5,Lichte vrachtauto,Op Kruispunt,Gewestweg,binnen bebouwde kom,Tss. 2 best.: langs opzij (voor-/achterkant-flank),Geen hindernis
15025,63,Nieuwpoort teller 3,Nieuwpoort,51.13529,2.74289,2.0022702067691904,51.12623074333504,2.7676882476630538,2019,7,10,38016,Nieuwpoort,Normaal,Droog,Dag,met lichtgewonden,3,Fiets,5,Lichte vrachtauto,Op Kruispunt,Gewestweg,binnen bebouwde kom,Tss. 2 best.: langs opzij (voor-/achterkant-flank),Geen hindernis
15027,67,Ieper totem,Ieper,50.85018,2.85624,1.4705035038446597,50.843200401537565,2.874030254191734,2019,7,10,33011,Ieper,Normaal,Droog,Dag,met zwaargewonden,9,personenauto,3,Fiets,Buiten Kruispunt,Gewestweg,binnen bebouwde kom,Tussen 2 bestuurders: Flank tegen flank,Geen hindernis
15027,68,Ieper,Ieper,50.85032,2.85608,1.4882772069698653,50.843200401537565,2.874030254191734,2019,7,10,33011,Ieper,Normaal,Droog,Dag,met zwaargewonden,9,personenauto,3,Fiets,Buiten Kruispunt,Gewestweg,binnen bebouwde kom,Tussen 2 bestuurders: Flank tegen flank,Geen hindernis
15031,67,Ieper totem,Ieper,50.85018,2.85624,2.2147831257857495,50.848280226705896,2.887643819575643,2019,7,15,33011,Ieper,Normaal,Droog,Dag,met lichtgewonden,3,Fiets,3,Fiets,Op Kruispunt,Gewestweg,binnen bebouwde kom,Tussen 2 bestuurders: Frontale botsing,Geen hindernis
15031,68,Ieper,Ieper,50.85032,2.85608,2.2274928185849143,50.848280226705896,2.887643819575643,2019,7,15,33011,Ieper,Normaal,Droog,Dag,met lichtgewonden,3,Fiets,3,Fiets,Op Kruispunt,Gewestweg,binnen bebouwde kom,Tussen 2 bestuurders: Frontale botsing,Geen hindernis
15032,62,Wervik teller 1,Wervik,50.8058,3.09154,0.978092155178409,50.813624556095036,3.085180387992961,2019,7,7,33029,Wervik,Normaal,Droog,Dag,met lichtgewonden,9,personenauto,3,Fiets,Buiten Kruispunt,Gemeenteweg,binnen bebouwde kom,Tss. 2 best.: langs opzij (voor-/achterkant-flank),Geen hindernis
15032,61,Wervik teller 2,Wervik,50.80555,3.0921,1.0210408011454362,50.813624556095036,3.085180387992961,2019,7,7,33029,Wervik,Normaal,Droog,Dag,met lichtgewonden,9,personenauto,3,Fiets,Buiten Kruispunt,Gemeenteweg,binnen bebouwde kom,Tss. 2 best.: langs opzij (voor-/achterkant-flank),Geen hindernis
15034,67,Ieper totem,Ieper,50.85018,2.85624,1.7699560877860903,50.85871897678245,2.8775191723289857,2019,7,6,33011,Ieper,Normaal,Droog,Dag,met lichtgewonden,9,personenauto,3,Fiets,Op Kruispunt,Gewestweg,binnen bebouwde kom,Tss. 2 best.: langs opzij (voor-/achterkant-flank),Geen hindernis
15034,68,Ieper,Ieper,50.85032,2.85608,1.7711853656681835,50.85871897678245,2.8775191723289857,2019,7,6,33011,Ieper,Normaal,Droog,Dag,met lichtgewonden,9,personenauto,3,Fiets,Op Kruispunt,Gewestweg,binnen bebouwde kom,Tss. 2 best.: langs opzij (voor-/achterkant-flank),Geen hindernis
15037,68,Ieper,Ieper,50.85032,2.85608,2.4928744654046375,50.86748173700261,2.8789323382305545,2019,7,15,33011,Ieper,Normaal,Droog,Dag,met lichtgewonden,3,Fiets,10,"één bestuurder, geen hindernis",Buiten Kruispunt,Gemeenteweg,buiten bebouwde kom,"Eén bestuurder, geen hindernis (incl. val)",Geen hindernis
15037,67,Ieper totem,Ieper,50.85018,2.85624,2.4976361146975945,50.86748173700261,2.8789323382305545,2019,7,15,33011,Ieper,Normaal,Droog,Dag,met lichtgewonden,3,Fiets,10,"één bestuurder, geen hindernis",Buiten Kruispunt,Gemeenteweg,buiten bebouwde kom,"Eén bestuurder, geen hindernis (incl. val)",Geen hindernis
15038,67,Ieper totem,Ieper,50.85018,2.85624,2.3984426555276075,50.85189113756577,2.8902973619695995,2019,7,18,33011,Ieper,Normaal,Droog,Dag,met zwaargewonden,3,Fiets,9,personenauto,Buiten Kruispunt,Gewestweg,binnen bebouwde kom,Tussen 2 bestuurders: Flank tegen flank,Geen hindernis
15038,68,Ieper,Ieper,50.85032,2.85608,2.408456865458495,50.85189113756577,2.8902973619695995,2019,7,18,33011,Ieper,Normaal,Droog,Dag,met zwaargewonden,3,Fiets,9,personenauto,Buiten Kruispunt,Gewestweg,binnen bebouwde kom,Tussen 2 bestuurders: Flank tegen flank,Geen hindernis
15039,68,Ieper,Ieper,50.85032,2.85608,1.5659419423513605,50.85275444595179,2.834109242562868,2019,7,0,33011,Ieper,Normaal,Droog,"Nacht, openbare verlichting aanwezig en ontstoken",met zwaargewonden,3,Fiets,3,Fiets,Buiten Kruispunt,Gewestweg,buiten bebouwde kom,Tussen 2 bestuurders: Flank tegen flank,Geen hindernis
15039,67,Ieper totem,Ieper,50.85018,2.85624,1.5797550984739117,50.85275444595179,2.834109242562868,2019,7,0,33011,Ieper,Normaal,Droog,"Nacht, openbare verlichting aanwezig en ontstoken",met zwaargewonden,3,Fiets,3,Fiets,Buiten Kruispunt,Gewestweg,buiten bebouwde kom,Tussen 2 bestuurders: Flank tegen flank,Geen hindernis
15042,42,Maasmechelen teller 2,Maasmechelen,50.97043,5.6981,2.218530614997926,50.987265327511714,5.715106079998117,2019,7,21,73107,Maasmechelen,Normaal,Droog,Dag,met lichtgewonden,3,Fiets,9,personenauto,Op Kruispunt,Gewestweg,buiten bebouwde kom,Tss. 2 best.: langs opzij (voor-/achterkant-flank),Geen hindernis
15042,41,Maasmechelen teller 1,Maasmechelen,50.97025,5.69799,2.2395574353855228,50.987265327511714,5.715106079998117,2019,7,21,73107,Maasmechelen,Normaal,Droog,Dag,met lichtgewonden,3,Fiets,9,personenauto,Op Kruispunt,Gewestweg,buiten bebouwde kom,Tss. 2 best.: langs opzij (voor-/achterkant-flank),Geen hindernis
15047,124,Beveren teller 2,Beveren,51.1964712,4.2361077,2.3257438695386634,51.21150384673321,4.259318747914732,2019,7,10,46003,Beveren,Normaal,Droog,Dag,met lichtgewonden,3,Fiets,3,Fiets,Op Kruispunt,Gemeenteweg,binnen bebouwde kom,Tss. 2 best.: langs opzij (voor-/achterkant-flank),Geen hindernis
15049,99,Mechelen teller 1,Mechelen,51.04564,4.46882,1.8500028116460736,51.03940953140435,4.444284042227117,2019,7,9,12025,Mechelen,Normaal,Droog,Dag,met lichtgewonden,3,Fiets,2,Andere weggebruiker,Op Kruispunt,Gewestweg,binnen bebouwde kom,Tss. 2 best.: langs opzij (voor-/achterkant-flank),Geen hindernis
15049,100,Mechelen teller 2,Mechelen,51.0457,4.46883,1.85315795323035,51.03940953140435,4.444284042227117,2019,7,9,12025,Mechelen,Normaal,Droog,Dag,met lichtgewonden,3,Fiets,2,Andere weggebruiker,Op Kruispunt,Gewestweg,binnen bebouwde kom,Tss. 2 best.: langs opzij (voor-/achterkant-flank),Geen hindernis
15051,99,Mechelen teller 1,Mechelen,51.04564,4.46882,1.713359465368843,51.03029549369663,4.471052935864649,2019,7,20,12025,Mechelen,Normaal,Droog,Dag,met lichtgewonden,9,personenauto,3,Fiets,Op Kruispunt,Gewestweg,binnen bebouwde kom,Tussen 2 bestuurders: Frontale botsing,Geen hindernis
15051,100,Mechelen teller 2,Mechelen,51.0457,4.46883,1.7199401763502609,51.03029549369663,4.471052935864649,2019,7,20,12025,Mechelen,Normaal,Droog,Dag,met lichtgewonden,9,personenauto,3,Fiets,Op Kruispunt,Gewestweg,binnen bebouwde kom,Tussen 2 bestuurders: Frontale botsing,Geen hindernis
15052,99,Mechelen teller 1,Mechelen,51.04564,4.46882,1.809897512579587,51.0321332641613,4.4832652624314635,2019,7,7,12025,Mechelen,Normaal,Droog,Dag,met lichtgewonden,3,Fiets,3,Fiets,Op Kruispunt,Gewestweg,binnen bebouwde kom,Tss. 2 best.: langs opzij (voor-/achterkant-flank),Geen hindernis
15052,100,Mechelen teller 2,Mechelen,51.0457,4.46883,1.8150483525563827,51.0321332641613,4.4832652624314635,2019,7,7,12025,Mechelen,Normaal,Droog,Dag,met lichtgewonden,3,Fiets,3,Fiets,Op Kruispunt,Gewestweg,binnen bebouwde kom,Tss. 2 best.: langs opzij (voor-/achterkant-flank),Geen hindernis
15054,99,Mechelen teller 1,Mechelen,51.04564,4.46882,1.2291816235333257,51.03489474622625,4.472947983970038,2019,7,14,12025,Mechelen,Normaal,Droog,Dag,met lichtgewonden,9,personenauto,3,Fiets,Buiten Kruispunt,Gewestweg,binnen bebouwde kom,Tss. 2 best.: langs opzij (voor-/achterkant-flank),Geen hindernis