crash_row_id,site_id,site_name,site_gemeente,site_lat,site_long,distance_km,crash_lat,crash_long,DT_YEAR_COLLISION,DT_MONTH_COLLISION,DT_TIME,CD_NIS,TX_MUNTY_COLLISION_NL,TX_WEATHER_NL,TX_ROAD_CONDITION_NL,TX_LIGHT_CONDITION_NL,TX_CLASS_ACCIDENTS_NL,CD_ROAD_USR_TYPE1,TX_ROAD_USR_TYPE1_NL,CD_ROAD_USR_TYPE2,TX_ROAD_USR_TYPE2_NL,TX_CROSSWAY_NL,CD_ROAD_TYPE_NL,TX_BUILD_UP_AREA_NL,TX_COLLISION_TYPE_NL,TX_OBSTACLES_NL
15054,100,Mechelen teller 2,Mechelen,51.0457,4.46883,1.2355046333226605,51.03489474622625,4.472947983970038,2019,7,14,12025,Mechelen,Normaal,Droog,Dag,met lichtgewonden,9,personenauto,3,Fiets,Buiten Kruispunt,Gewestweg,binnen bebouwde kom,Tss. 2 best.: langs opzij (voor-/achterkant-flank),Geen hindernis
15055,99,Mechelen teller 1,Mechelen,51.04564,4.46882,2.377189176514556,51.024766290749106,4.4761646543766,2019,7,15,12025,Mechelen,Normaal,Droog,Dag,met lichtgewonden,8,Voetganger,3,Fiets,Buiten Kruispunt,Gemeenteweg,binnen bebouwde kom,Met een voetganger,Geen hindernis
15055,100,Mechelen teller 2,Mechelen,51.0457,4.46883,2.3835531271298325,51.024766290749106,4.4761646543766,2019,7,15,12025,Mechelen,Normaal,Droog,Dag,met lichtgewonden,8,Voetganger,3,Fiets,Buiten Kruispunt,Gemeenteweg,binnen bebouwde kom,Met een voetganger,Geen hindernis
15060,99,Mechelen teller 1,Mechelen,51.04564,4.46882,1.4334620696701323,51.03963705133102,4.4506750472762375,2019,7,19,12025,Mechelen,Normaal,Proper,Dag,met lichtgewonden,7,Motorfiets,3,Fiets,Buiten Kruispunt,Gemeenteweg,binnen bebouwde kom,Tussen 2 bestuurders: Langs achteren,Geen hindernis
15060,100,Mechelen teller 2,Mechelen,51.0457,4.46883,1.4371975791347904,51.03963705133102,4.4506750472762375,2019,7,19,12025,Mechelen,Normaal,Proper,Dag,met lichtgewonden,7,Motorfiets,3,Fiets,Buiten Kruispunt,Gemeenteweg,binnen bebouwde kom,Tussen 2 bestuurders: Langs achteren,Geen hindernis
15062,99,Mechelen teller 1,Mechelen,51.04564,4.46882,2.2407859757940036,51.03029666413011,4.489596632994563,2019,7,19,12025,Mechelen,Normaal,Droog,Dag,met lichtgewonden,3,Fiets,3,Fiets,Buiten Kruispunt,Gemeenteweg,binnen bebouwde kom,Tussen 2 bestuurders: Frontale botsing,Geen hindernis
15062,100,Mechelen teller 2,Mechelen,51.0457,4.46883,2.2454170609326995,51.03029666413011,4.489596632994563,2019,7,19,12025,Mechelen,Normaal,Droog,Dag,met lichtgewonden,3,Fiets,3,Fiets,Buiten Kruispunt,Gemeenteweg,binnen bebouwde kom,Tussen 2 bestuurders: Frontale botsing,Geen hindernis
15063,32,Lummen,Lummen,50.97971,5.20961,1.7600490456899163,50.99144425107081,5.22648491982249,2019,7,14,71037,Lummen,Normaal,Droog,Dag,met lichtgewonden,5,Lichte vrachtauto,3,Fiets,Buiten Kruispunt,Gemeenteweg,onbekend,Tss. 2 best.: langs opzij (voor-/achterkant-flank),Geen hindernis
15063,33,Lummen,Lummen,50.97978,5.20936,1.7661165379337105,50.99144425107081,5.22648491982249,2019,7,14,71037,Lummen,Normaal,Droog,Dag,met lichtgewonden,5,Lichte vrachtauto,3,Fiets,Buiten Kruispunt,Gemeenteweg,onbekend,Tss. 2 best.: langs opzij (voor-/achterkant-flank),Geen hindernis
15064,137,Hasselt-Kempische brug,Hasselt,50.9411605,5.3417576,1.3996338177740015,50.94933332239796,5.326563835320922,2019,7,9,71022,Hasselt,Onbekend,Onbekend,Dag,met lichtgewonden,3,Fiets,11,een weggebruiker tegen een hindernis,Op Kruispunt,Gemeenteweg,onbekend,Weggebruiker tegen hindernis op de rijbaan,Op de rijbaan: Lading
15064,138,Hasselt-Kempische brug,Hasselt,50.9405318,5.3422472,1.4714422499111637,50.94933332239796,5.326563835320922,2019,7,9,71022,Hasselt,Onbekend,Onbekend,Dag,met lichtgewonden,3,Fiets,11,een weggebruiker tegen een hindernis,Op Kruispunt,Gemeenteweg,onbekend,Weggebruiker tegen hindernis op de rijbaan,Op de rijbaan: Lading
15064,140,Hasselt ring,Hasselt,50.9300038,5.3438616,2.467525674834267,50.94933332239796,5.326563835320922,2019,7,9,71022,Hasselt,Onbekend,Onbekend,Dag,met lichtgewonden,3,Fiets,11,een weggebruiker tegen een hindernis,Op Kruispunt,Gemeenteweg,onbekend,Weggebruiker tegen hindernis op de rijbaan,Op de rijbaan: Lading
15065,140,Hasselt ring,Hasselt,50.9300038,5.3438616,0.020636890745595816,50.929828099769914,5.343956450518034,2019,7,12,71022,Hasselt,Normaal,Droog,Dag,met lichtgewonden,9,personenauto,3,Fiets,Op Kruispunt,Gewestweg,binnen bebouwde kom,Tss. 2 best.: langs opzij (voor-/achterkant-flank),Geen hindernis
15065,138,Hasselt-Kempische brug,Hasselt,50.9405318,5.3422472,1.196208798745205,50.929828099769914,5.343956450518034,2019,7,12,71022,Hasselt,Normaal,Droog,Dag,met lichtgewonden,9,personenauto,3,Fiets,Op Kruispunt,Gewestweg,binnen bebouwde kom,Tss. 2 best.: langs opzij (voor-/achterkant-flank),Geen hindernis
15065,137,Hasselt-Kempische brug,Hasselt,50.9411605,5.3417576,1.269490966684214,50.929828099769914,5.343956450518034,2019,7,12,71022,Hasselt,Normaal,Droog,Dag,met lichtgewonden,9,personenauto,3,Fiets,Op Kruispunt,Gewestweg,binnen bebouwde kom,Tss. 2 best.: langs opzij (voor-/achterkant-flank),Geen hindernis
15066,140,Hasselt ring,Hasselt,50.9300038,5.3438616,0.9226697440185113,50.930288908321295,5.330703900898841,2019,7,13,71022,Hasselt,Onbekend,Onbekend,Dag,met lichtgewonden,9,personenauto,3,Fiets,Buiten Kruispunt,Gemeenteweg,onbekend,Tussen 2 bestuurders: Langs achteren,Geen hindernis
15066,138,Hasselt-Kempische brug,Hasselt,50.9405318,5.3422472,1.3969720328890682,50.930288908321295,5.330703900898841,2019,7,13,71022,Hasselt,Onbekend,Onbekend,Dag,met lichtgewonden,9,personenauto,3,Fiets,Buiten Kruispunt,Gemeenteweg,onbekend,Tussen 2 bestuurders: Langs achteren,Geen hindernis
15066,137,Hasselt-Kempische brug,Hasselt,50.9411605,5.3417576,1.4357326552499636,50.930288908321295,5.330703900898841,2019,7,13,71022,Hasselt,Onbekend,Onbekend,Dag,met lichtgewonden,9,personenauto,3,Fiets,Buiten Kruispunt,Gemeenteweg,onbekend,Tussen 2 bestuurders: Langs achteren,Geen hindernis
15069,140,Hasselt ring,Hasselt,50.9300038,5.3438616,0.7286868258087295,50.93271806559473,5.3343975859053065,2019,7,17,71022,Hasselt,Normaal,Droog,Dag,met lichtgewonden,9,personenauto,3,Fiets,Op Kruispunt,Gewestweg,binnen bebouwde kom,Tss. 2 best.: langs opzij (voor-/achterkant-flank),Geen hindernis
15069,138,Hasselt-Kempische brug,Hasselt,50.9405318,5.3422472,1.0283213814584689,50.93271806559473,5.3343975859053065,2019,7,17,71022,Hasselt,Normaal,Droog,Dag,met lichtgewonden,9,personenauto,3,Fiets,Op Kruispunt,Gewestweg,binnen bebouwde kom,Tss. 2 best.: langs opzij (voor-/achterkant-flank),Geen hindernis
15069,137,Hasselt-Kempische brug,Hasselt,50.9411605,5.3417576,1.0710944165121181,50.93271806559473,5.3343975859053065,2019,7,17,71022,Hasselt,Normaal,Droog,Dag,met lichtgewonden,9,personenauto,3,Fiets,Op Kruispunt,Gewestweg,binnen bebouwde kom,Tss. 2 best.: langs opzij (voor-/achterkant-flank),Geen hindernis
15072,22,Tienen 2,Tienen,50.81330800184882,4.935984252796022,0.6314005009850109,50.81115835230315,4.944302019193615,2019,7,17,24107,Tienen,Normaal,Droog,Dag,met lichtgewonden,9,personenauto,3,Fiets,Buiten Kruispunt,Gewestweg,binnen bebouwde kom,Tss. 2 best.: langs opzij (voor-/achterkant-flank),Geen hindernis
15072,24,Tienen 1,Tienen,50.8133795491886,4.935044252605416,0.69576437539085,50.81115835230315,4.944302019193615,2019,7,17,24107,Tienen,Normaal,Droog,Dag,met lichtgewonden,9,personenauto,3,Fiets,Buiten Kruispunt,Gewestweg,binnen bebouwde kom,Tss. 2 best.: langs opzij (voor-/achterkant-flank),Geen hindernis
15072,23,Tienen 3,Tienen,50.81324,4.93447,0.7285468857140612,50.81115835230315,4.944302019193615,2019,7,17,24107,Tienen,Normaal,Droog,Dag,met lichtgewonden,9,personenauto,3,Fiets,Buiten Kruispunt,Gewestweg,binnen bebouwde kom,Tss. 2 best.: langs opzij (voor-/achterkant-flank),Geen hindernis
15076,114,Deinze teller 1,Nazareth,50.9598305,3.555502,1.2239325831933794,50.961274975151674,3.5381775471372268,2019,7,15,44083,Deinze,Normaal,Droog,Dag,met lichtgewonden,2,Andere weggebruiker,3,Fiets,Op Kruispunt,Gewestweg,buiten bebouwde kom,Tss. 2 best.: langs opzij (voor-/achterkant-flank),Geen hindernis
15076,113,Deinze teller 2,Deinze,50.96018,3.55578,1.2388111603073906,50.961274975151674,3.5381775471372268,2019,7,15,44083,Deinze,Normaal,Droog,Dag,met lichtgewonden,2,Andere weggebruiker,3,Fiets,Op Kruispunt,Gewestweg,buiten bebouwde kom,Tss. 2 best.: langs opzij (voor-/achterkant-flank),Geen hindernis
15090,94,Herentals teller 2,Herentals,51.17345,4.81283,1.2311386101761002,51.175759580638456,4.8301014621687,2019,7,11,13011,Herentals,Onbekend,Onbekend,Dag,met zwaargewonden,3,Fiets,11,een weggebruiker tegen een hindernis,Buiten Kruispunt,Gemeenteweg,buiten bebouwde kom,Weggebruiker tegen hindernis op de rijbaan,"Op de rijbaan: Put, straatgoot, tramspoor"
15090,110,Herentals totem,Herentals,51.1739426,4.811783,1.2929219486598948,51.175759580638456,4.8301014621687,2019,7,11,13011,Herentals,Onbekend,Onbekend,Dag,met zwaargewonden,3,Fiets,11,een weggebruiker tegen een hindernis,Buiten Kruispunt,Gemeenteweg,buiten bebouwde kom,Weggebruiker tegen hindernis op de rijbaan,"Op de rijbaan: Put, straatgoot, tramspoor"
15108,2,Brasschaat 2,Brasschaat,51.27512,4.47169,1.0651612061779765,51.26793690432825,4.461560118856688,2019,8,11,11002,Antwerpen,Normaal,Droog,Dag,met lichtgewonden,3,Fiets,3,Fiets,Buiten Kruispunt,Gewestweg,buiten bebouwde kom,Tussen 2 bestuurders: Frontale botsing,Geen hindernis
15108,3,Brasschaat 1,Brasschaat,51.27503,4.47222,1.082593236222529,51.26793690432825,4.461560118856688,2019,8,11,11002,Antwerpen,Normaal,Droog,Dag,met lichtgewonden,3,Fiets,3,Fiets,Buiten Kruispunt,Gewestweg,buiten bebouwde kom,Tussen 2 bestuurders: Frontale botsing,Geen hindernis
15189,3,Brasschaat 1,Brasschaat,51.27503,4.47222,0.7808490146865151,51.28174913453005,4.4754831351248425,2019,8,11,11008,Brasschaat,Normaal,Droog,Dag,met lichtgewonden,9,personenauto,3,Fiets,Buiten Kruispunt,Gewestweg,buiten bebouwde kom,Tss. 2 best.: langs opzij (voor-/achterkant-flank),Geen hindernis
15189,2,Brasschaat 2,Brasschaat,51.27512,4.47169,0.7829207725996964,51.28174913453005,4.4754831351248425,2019,8,11,11008,Brasschaat,Normaal,Droog,Dag,met lichtgewonden,9,personenauto,3,Fiets,Buiten Kruispunt,Gewestweg,buiten bebouwde kom,Tss. 2 best.: langs opzij (voor-/achterkant-flank),Geen hindernis
15205,100,Mechelen teller 2,Mechelen,51.0457,4.46883,1.3944182100895584,51.05621218026966,4.479707064895094,2019,8,8,12035,Sint-Katelijne-Waver,Normaal,Droog+Proper,Dag,met lichtgewonden,9,personenauto,3,Fiets,Op Kruispunt,Gewestweg,buiten bebouwde kom,Tussen 2 bestuurders: Flank tegen flank,Geen hindernis
15205,99,Mechelen teller 1,Mechelen,51.04564,4.46882,1.400395629628412,51.05621218026966,4.479707064895094,2019,8,8,12035,Sint-Katelijne-Waver,Normaal,Droog+Proper,Dag,met lichtgewonden,9,personenauto,3,Fiets,Op Kruispunt,Gewestweg,buiten bebouwde kom,Tussen 2 bestuurders: Flank tegen flank,Geen hindernis
15212,96,Lier teller 2,Lier,51.11705,4.58444,1.842396270347781,51.130797036549566,4.569703025213467,2019,8,17,12021,Lier,Normaal,Droog,Dag,met lichtgewonden,2,Andere weggebruiker,3,Fiets,Buiten Kruispunt,Gewestweg,binnen bebouwde kom,Tussen 2 bestuurders: Flank tegen flank,Geen hindernis
15212,95,Lier teller 1,Lier,51.11687,4.58437,1.8563387824559066,51.130797036549566,4.569703025213467,2019,8,17,12021,Lier,Normaal,Droog,Dag,met lichtgewonden,2,Andere weggebruiker,3,Fiets,Buiten Kruispunt,Gewestweg,binnen bebouwde kom,Tussen 2 bestuurders: Flank tegen flank,Geen hindernis
15229,98,Geel teller 2,Geel,51.1481,4.99643,1.023569093185543,51.15715595360644,4.993798250708819,2019,8,14,13008,Geel,Normaal,Droog,Dag,met lichtgewonden,3,Fiets,9,personenauto,Op Kruispunt,Gewestweg,binnen bebouwde kom,Tss. 2 best.: langs opzij (voor-/achterkant-flank),Geen hindernis
15229,97,Geel teller 1,Geel,51.14813,4.99698,1.027881697049718,51.15715595360644,4.993798250708819,2019,8,14,13008,Geel,Normaal,Droog,Dag,met lichtgewonden,3,Fiets,9,personenauto,Op Kruispunt,Gewestweg,binnen bebouwde kom,Tss. 2 best.: langs opzij (voor-/achterkant-flank),Geen hindernis
15231,98,Geel teller 2,Geel,51.1481,4.99643,0.9329961141357083,51.148349316746874,4.983060278290291,2019,8,9,13008,Geel,Normaal,Droog,Dag,met lichtgewonden,9,personenauto,3,Fiets,Op Kruispunt,Gewestweg,buiten bebouwde kom,Tss. 2 best.: langs opzij (voor-/achterkant-flank),Geen hindernis
15231,97,Geel teller 1,Geel,51.14813,4.99698,0.9712544393801895,51.148349316746874,4.983060278290291,2019,8,9,13008,Geel,Normaal,Droog,Dag,met lichtgewonden,9,personenauto,3,Fiets,Op Kruispunt,Gewestweg,buiten bebouwde kom,Tss. 2 best.: langs opzij (voor-/achterkant-flank),Geen hindernis
15232,98,Geel teller 2,Geel,51.1481,4.99643,1.6724398052151237,51.16270716016895,4.990714508367239,2019,8,8,13008,Geel,Normaal,Droog,Dag,met lichtgewonden,9,personenauto,3,Fiets,Op Kruispunt,Gewestweg,binnen bebouwde kom,Tss. 2 best.: langs opzij (voor-/achterkant-flank),Geen hindernis
15232,97,Geel teller 1,Geel,51.14813,4.99698,1.6787737122181436,51.16270716016895,4.990714508367239,2019,8,8,13008,Geel,Normaal,Droog,Dag,met lichtgewonden,9,personenauto,3,Fiets,Op Kruispunt,Gewestweg,binnen bebouwde kom,Tss. 2 best.: langs opzij (voor-/achterkant-flank),Geen hindernis
15234,134,Retie,Dessel,51.2548405,5.1037658,1.1206252905520488,51.26131737425753,5.091427963149742,2019,8,14,13036,Retie,Normaal,Droog,Dag,met lichtgewonden,3,Fiets,9,personenauto,Buiten Kruispunt,Gewestweg,binnen bebouwde kom,Tss. 2 best.: langs opzij (voor-/achterkant-flank),Geen hindernis
15234,135,Retie 2,Dessel,51.2544998,5.1040064,1.157946152904902,51.26131737425753,5.091427963149742,2019,8,14,13036,Retie,Normaal,Droog,Dag,met lichtgewonden,3,Fiets,9,personenauto,Buiten Kruispunt,Gewestweg,binnen bebouwde kom,Tss. 2 best.: langs opzij (voor-/achterkant-flank),Geen hindernis
15237,5,Balen 2,Balen,51.16018,5.19003,1.9244362234578407,51.17038330224207,5.167737189861492,2019,8,13,13003,Balen,Normaal,Droog,Dag,met lichtgewonden,3,Fiets,3,Fiets,Op Kruispunt,Gewestweg,buiten bebouwde kom,Tussen 2 bestuurders: Flank tegen flank,Geen hindernis
15237,4,Balen 1,Balen,51.16023,5.19011,1.9256791840256964,51.17038330224207,5.167737189861492,2019,8,13,13003,Balen,Normaal,Droog,Dag,met lichtgewonden,3,Fiets,3,Fiets,Op Kruispunt,Gewestweg,buiten bebouwde kom,Tussen 2 bestuurders: Flank tegen flank,Geen hindernis
15245,38,Lommel teller 2,Lommel,51.23277,5.29189,1.4130008955154272,51.2249191616493,5.307846501538432,2019,8,18,72020,Lommel,Normaal,Droog,Dag,met lichtgewonden,9,personenauto,3,Fiets,Op Kruispunt,Gemeenteweg,buiten bebouwde kom,Tss. 2 best.: langs opzij (voor-/achterkant-flank),Geen hindernis
15245,37,Lommel teller 1,Lommel,51.23299,5.29211,1.4163575797119345,51.2249191616493,5.307846501538432,2019,8,18,72020,Lommel,Normaal,Droog,Dag,met lichtgewonden,9,personenauto,3,Fiets,Op Kruispunt,Gemeenteweg,buiten bebouwde kom,Tss. 2 best.: langs opzij (voor-/achterkant-flank),Geen hindernis
15249,46,Pelt teller 2,Pelt,51.231,5.44375,2.1917428412559063,51.214955706625744,5.425468156426386,2019,8,13,72043,Pelt,Normaal,Droog,Dag,met lichtgewonden,3,Fiets,9,personenauto,Op Kruispunt,Gewestweg,binnen bebouwde kom,Tss. 2 best.: langs opzij (voor-/achterkant-flank),Geen hindernis
15249,45,Pelt teller 1,Pelt,51.23127,5.44377,2.2170476671910495,51.214955706625744,5.425468156426386,2019,8,13,72043,Pelt,Normaal,Droog,Dag,met lichtgewonden,3,Fiets,9,personenauto,Op Kruispunt,Gewestweg,binnen bebouwde kom,Tss. 2 best.: langs opzij (voor-/achterkant-flank),Geen hindernis
15262,21,Bilzen,Bilzen,50.86015,5.50161,1.1285402974749363,50.86863918813781,5.510422977848336,2019,8,8,73006,Bilzen,Normaal,Droog,Dag,met lichtgewonden,9,personenauto,3,Fiets,Op Kruispunt,Gewestweg,binnen bebouwde kom,Tss. 2 best.: langs opzij (voor-/achterkant-flank),Geen hindernis
15265,25,Bree,Bree,51.13679500160176,5.597669323604317,0.6102614233705405,51.14191445526304,5.600821548546129,2019,8,20,72004,Bree,Normaal,Droog,Dageraad - schemering,met zwaargewonden,3,Fiets,10,"één bestuurder, geen hindernis",Op Kruispunt,Gewestweg,binnen bebouwde kom,"Eén bestuurder, geen hindernis (incl. val)",Geen hindernis
15266,14,Genk,Genk,50.97172,5.48927,1.2760967869168276,50.96710452725034,5.50595508225966,2019,8,12,71016,Genk,Normaal,Droog,Dag,met lichtgewonden,3,Fiets,3,Fiets,Buiten Kruispunt,Gewestweg,binnen bebouwde kom,Tussen 2 bestuurders: Flank tegen flank,Geen hindernis
15268,25,Bree,Bree,51.13679500160176,5.597669323604317,0.7603408759992595,51.13924147998441,5.607845930067978,2019,8,19,72004,Bree,Normaal,Droog,Dag,met lichtgewonden,3,Fiets,9,personenauto,Op Kruispunt,Gewestweg,buiten bebouwde kom,Tss. 2 best.: langs opzij (voor-/achterkant-flank),Geen hindernis
15272,14,Genk,Genk,50.97172,5.48927,1.517820466869812,50.963924259118826,5.471477466184294,2019,8,13,71016,Genk,Normaal,Droog,Dag,met lichtgewonden,6,Bromfiets,3,Fiets,Buiten Kruispunt,Gewestweg,buiten bebouwde kom,Tussen 2 bestuurders: Frontale botsing,Geen hindernis
15275,14,Genk,Genk,50.97172,5.48927,0.37882809061755973,50.97276287685536,5.484119361573103,2019,8,20,71016,Genk,Normaal,Droog,Dageraad - schemering,met lichtgewonden,3,Fiets,9,personenauto,Op Kruispunt,Gemeenteweg,binnen bebouwde kom,Tss. 2 best.: langs opzij (voor-/achterkant-flank),Geen hindernis
15277,139,Houthalen-Helchteren,Houthalen-Helchteren,51.0644267,5.3819796,1.2936270140756863,51.05279285213654,5.382013380441965,2019,8,22,72039,Houthalen-Helchteren,Normaal,Droog,"Nacht, openbare verlichting aanwezig en ontstoken",met zwaargewonden,9,personenauto,3,Fiets,Op Kruispunt,Gewestweg,binnen bebouwde kom,Tss. 2 best.: langs opzij (voor-/achterkant-flank),Geen hindernis
15279,14,Genk,Genk,50.97172,5.48927,1.5984967196851214,50.961439705486384,5.505225878693061,2019,8,20,71016,Genk,Normaal,Droog,Dageraad - schemering,met lichtgewonden,3,Fiets,9,personenauto,Op Kruispunt,Gemeenteweg,binnen bebouwde kom,Tss. 2 best.: langs opzij (voor-/achterkant-flank),Geen hindernis
15281,69,Leuven teller 1,Leuven,50.87549,4.71526,0.35840406103249817,50.87414452400875,4.719901634659071,2019,8,17,24062,Leuven,Normaal,Droog,Dag,met lichtgewonden,3,Fiets,3,Fiets,Buiten Kruispunt,Gewestweg,binnen bebouwde kom,Tussen 2 bestuurders: Frontale botsing,Geen hindernis
15281,77,Leuven teller 2,Leuven,50.88672,4.70796,1.6300992386090831,50.87414452400875,4.719901634659071,2019,8,17,24062,Leuven,Normaal,Droog,Dag,met lichtgewonden,3,Fiets,3,Fiets,Buiten Kruispunt,Gewestweg,binnen bebouwde kom,Tussen 2 bestuurders: Frontale botsing,Geen hindernis
15281,107,leuven totem,Leuven,50.8870744,4.7087919,1.6354184477087779,50.87414452400875,4.719901634659071,2019,8,17,24062,Leuven,Normaal,Droog,Dag,met lichtgewonden,3,Fiets,3,Fiets,Buiten Kruispunt,Gewestweg,binnen bebouwde kom,Tussen 2 bestuurders: Frontale botsing,Geen hindernis
15281,151,Leuven,District Leuven,50.8690262,4.6854839,2.481270773075387,50.87414452400875,4.719901634659071,2019,8,17,24062,Leuven,Normaal,Droog,Dag,met lichtgewonden,3,Fiets,3,Fiets,Buiten Kruispunt,Gewestweg,binnen bebouwde kom,Tussen 2 bestuurders: Frontale botsing,Geen hindernis
15282,69,Leuven teller 1,Leuven,50.87549,4.71526,0.5977351179741374,50.88086457673048,4.715096969784686,2019,8,15,24062,Leuven,Normaal,Droog,Dag,met lichtgewonden,3,Fiets,8,Voetganger,Buiten Kruispunt,Gewestweg,binnen bebouwde kom,Met een voetganger,Geen hindernis
15282,107,leuven totem,Leuven,50.8870744,4.7087919,0.8200200821066232,50.88086457673048,4.715096969784686,2019,8,15,24062,Leuven,Normaal,Droog,Dag,met lichtgewonden,3,Fiets,8,Voetganger,Buiten Kruispunt,Gewestweg,binnen bebouwde kom,Met een voetganger,Geen hindernis
15282,77,Leuven teller 2,Leuven,50.88672,4.70796,0.821339318090066,50.88086457673048,4.715096969784686,2019,8,15,24062,Leuven,Normaal,Droog,Dag,met lichtgewonden,3,Fiets,8,Voetganger,Buiten Kruispunt,Gewestweg,binnen bebouwde kom,Met een voetganger,Geen hindernis
15282,151,Leuven,District Leuven,50.8690262,4.6854839,2.4597080435170904,50.88086457673048,4.715096969784686,2019,8,15,24062,Leuven,Normaal,Droog,Dag,met lichtgewonden,3,Fiets,8,Voetganger,Buiten Kruispunt,Gewestweg,binnen bebouwde kom,Met een voetganger,Geen hindernis
15283,69,Leuven teller 1,Leuven,50.87549,4.71526,0.9885768085462204,50.867416826297614,4.70935960375654,2019,8,9,24062,Leuven,Normaal,Droog,Dag,met lichtgewonden,3,Fiets,8,Voetganger,Op Kruispunt,Gemeenteweg,binnen bebouwde kom,Met een voetganger,Geen hindernis
15283,151,Leuven,District Leuven,50.8690262,4.6854839,1.6850262651080923,50.867416826297614,4.70935960375654,2019,8,9,24062,Leuven,Normaal,Droog,Dag,met lichtgewonden,3,Fiets,8,Voetganger,Op Kruispunt,Gemeenteweg,binnen bebouwde kom,Met een voetganger,Geen hindernis
15283,77,Leuven teller 2,Leuven,50.88672,4.70796,2.1486601541599315,50.867416826297614,4.70935960375654,2019,8,9,24062,Leuven,Normaal,Droog,Dag,met lichtgewonden,3,Fiets,8,Voetganger,Op Kruispunt,Gemeenteweg,binnen bebouwde kom,Met een voetganger,Geen hindernis
15283,107,leuven totem,Leuven,50.8870744,4.7087919,2.1861853509677,50.867416826297614,4.70935960375654,2019,8,9,24062,Leuven,Normaal,Droog,Dag,met lichtgewonden,3,Fiets,8,Voetganger,Op Kruispunt,Gemeenteweg,binnen bebouwde kom,Met een voetganger,Geen hindernis
15283,108,Heverlee teller 1,Leuven,50.8471728,4.6954674,2.45316497486529,50.867416826297614,4.70935960375654,2019,8,9,24062,Leuven,Normaal,Droog,Dag,met lichtgewonden,3,Fiets,8,Voetganger,Op Kruispunt,Gemeenteweg,binnen bebouwde kom,Met een voetganger,Geen hindernis
15284,77,Leuven teller 2,Leuven,50.88672,4.70796,0.047272627550616356,50.88701039837109,4.707467818581537,2019,8,14,24062,Leuven,Normaal,Droog,Dag,met lichtgewonden,3,Fiets,10,"één bestuurder, geen hindernis",Buiten Kruispunt,Gemeenteweg,binnen bebouwde kom,"Eén bestuurder, geen hindernis (incl. val)",Geen hindernis
15284,107,leuven totem,Leuven,50.8870744,4.7087919,0.09315319776556719,50.88701039837109,4.707467818581537,2019,8,14,24062,Leuven,Normaal,Droog,Dag,met lichtgewonden,3,Fiets,10,"één bestuurder, geen hindernis",Buiten Kruispunt,Gemeenteweg,binnen bebouwde kom,"Eén bestuurder, geen hindernis (incl. val)",Geen hindernis
15284,69,Leuven teller 1,Leuven,50.87549,4.71526,1.3927792432415487,50.88701039837109,4.707467818581537,2019,8,14,24062,Leuven,Normaal,Droog,Dag,met lichtgewonden,3,Fiets,10,"één bestuurder, geen hindernis",Buiten Kruispunt,Gemeenteweg,binnen bebouwde kom,"Eén bestuurder, geen hindernis (incl. val)",Geen hindernis
15285,69,Leuven teller 1,Leuven,50.87549,4.71526,0.49957026450022995,50.879975302607825,4.7156696231987345,2019,8,17,24062,Leuven,Normaal,Droog,Dag,met zwaargewonden,3,Fiets,3,Fiets,Buiten Kruispunt,Gemeenteweg,binnen bebouwde kom,Tussen 2 bestuurders: Frontale botsing,Geen hindernis
15285,77,Leuven teller 2,Leuven,50.88672,4.70796,0.9246548554461691,50.879975302607825,4.7156696231987345,2019,8,17,24062,Leuven,Normaal,Droog,Dag,met zwaargewonden,3,Fiets,3,Fiets,Buiten Kruispunt,Gemeenteweg,binnen bebouwde kom,Tussen 2 bestuurders: Frontale botsing,Geen hindernis
15285,107,leuven totem,Leuven,50.8870744,4.7087919,0.9251617751699336,50.879975302607825,4.7156696231987345,2019,8,17,24062,Leuven,Normaal,Droog,Dag,met zwaargewonden,3,Fiets,3,Fiets,Buiten Kruispunt,Gemeenteweg,binnen bebouwde kom,Tussen 2 bestuurders: Frontale botsing,Geen hindernis
15285,151,Leuven,District Leuven,50.8690262,4.6854839,2.4430075087488023,50.879975302607825,4.7156696231987345,2019,8,17,24062,Leuven,Normaal,Droog,Dag,met zwaargewonden,3,Fiets,3,Fiets,Buiten Kruispunt,Gemeenteweg,binnen bebouwde kom,Tussen 2 bestuurders: Frontale botsing,Geen hindernis
15286,151,Leuven,District Leuven,50.8690262,4.6854839,1.0720492097435101,50.86739404501439,4.70054001998806,2019,8,8,24062,Leuven,Normaal,Droog,Dag,met lichtgewonden,9,personenauto,3,Fiets,Buiten Kruispunt,Gemeenteweg,binnen bebouwde kom,Tss. 2 best.: langs opzij (voor-/achterkant-flank),Geen hindernis
15286,69,Leuven teller 1,Leuven,50.87549,4.71526,1.3701554229492634,50.86739404501439,4.70054001998806,2019,8,8,24062,Leuven,Normaal,Droog,Dag,met lichtgewonden,9,personenauto,3,Fiets,Buiten Kruispunt,Gemeenteweg,binnen bebouwde kom,Tss. 2 best.: langs opzij (voor-/achterkant-flank),Geen hindernis
15286,77,Leuven teller 2,Leuven,50.88672,4.70796,2.211109902307343,50.86739404501439,4.70054001998806,2019,8,8,24062,Leuven,Normaal,Droog,Dag,met lichtgewonden,9,personenauto,3,Fiets,Buiten Kruispunt,Gemeenteweg,binnen bebouwde kom,Tss. 2 best.: langs opzij (voor-/achterkant-flank),Geen hindernis