crash_row_id,site_id,site_name,site_gemeente,site_lat,site_long,distance_km,crash_lat,crash_long,DT_YEAR_COLLISION,DT_MONTH_COLLISION,DT_TIME,CD_NIS,TX_MUNTY_COLLISION_NL,TX_WEATHER_NL,TX_ROAD_CONDITION_NL,TX_LIGHT_CONDITION_NL,TX_CLASS_ACCIDENTS_NL,CD_ROAD_USR_TYPE1,TX_ROAD_USR_TYPE1_NL,CD_ROAD_USR_TYPE2,TX_ROAD_USR_TYPE2_NL,TX_CROSSWAY_NL,CD_ROAD_TYPE_NL,TX_BUILD_UP_AREA_NL,TX_COLLISION_TYPE_NL,TX_OBSTACLES_NL
15286,107,leuven totem,Leuven,50.8870744,4.7087919,2.2636490386115447,50.86739404501439,4.70054001998806,2019,8,8,24062,Leuven,Normaal,Droog,Dag,met lichtgewonden,9,personenauto,3,Fiets,Buiten Kruispunt,Gemeenteweg,binnen bebouwde kom,Tss. 2 best.: langs opzij (voor-/achterkant-flank),Geen hindernis
15286,108,Heverlee teller 1,Leuven,50.8471728,4.6954674,2.276516941594781,50.86739404501439,4.70054001998806,2019,8,8,24062,Leuven,Normaal,Droog,Dag,met lichtgewonden,9,personenauto,3,Fiets,Buiten Kruispunt,Gemeenteweg,binnen bebouwde kom,Tss. 2 best.: langs opzij (voor-/achterkant-flank),Geen hindernis
15286,76,Heverlee teller 2,Leuven,50.84606,4.69597,2.393828185963278,50.86739404501439,4.70054001998806,2019,8,8,24062,Leuven,Normaal,Droog,Dag,met lichtgewonden,9,personenauto,3,Fiets,Buiten Kruispunt,Gemeenteweg,binnen bebouwde kom,Tss. 2 best.: langs opzij (voor-/achterkant-flank),Geen hindernis
15287,151,Leuven,District Leuven,50.8690262,4.6854839,0.8536963245000855,50.86186202526098,4.681110705705236,2019,8,11,24062,Leuven,Normaal,Droog,Dag,met lichtgewonden,8,Voetganger,3,Fiets,Op Kruispunt,Gemeenteweg,binnen bebouwde kom,Met een voetganger,Geen hindernis
15287,108,Heverlee teller 1,Leuven,50.8471728,4.6954674,1.9192516212948452,50.86186202526098,4.681110705705236,2019,8,11,24062,Leuven,Normaal,Droog,Dag,met lichtgewonden,8,Voetganger,3,Fiets,Op Kruispunt,Gemeenteweg,binnen bebouwde kom,Met een voetganger,Geen hindernis
15287,76,Heverlee teller 2,Leuven,50.84606,4.69597,2.0433888025177875,50.86186202526098,4.681110705705236,2019,8,11,24062,Leuven,Normaal,Droog,Dag,met lichtgewonden,8,Voetganger,3,Fiets,Op Kruispunt,Gemeenteweg,binnen bebouwde kom,Met een voetganger,Geen hindernis
15288,69,Leuven teller 1,Leuven,50.87549,4.71526,0.7646530495650091,50.8822486073132,4.717271047803731,2019,8,17,24062,Leuven,Normaal,Droog,Dag,met lichtgewonden,3,Fiets,3,Fiets,Buiten Kruispunt,Gemeenteweg,binnen bebouwde kom,Tussen 2 bestuurders: Frontale botsing,Geen hindernis
15288,107,leuven totem,Leuven,50.8870744,4.7087919,0.8010965262537337,50.8822486073132,4.717271047803731,2019,8,17,24062,Leuven,Normaal,Droog,Dag,met lichtgewonden,3,Fiets,3,Fiets,Buiten Kruispunt,Gemeenteweg,binnen bebouwde kom,Tussen 2 bestuurders: Frontale botsing,Geen hindernis
15288,77,Leuven teller 2,Leuven,50.88672,4.70796,0.8208843381616189,50.8822486073132,4.717271047803731,2019,8,17,24062,Leuven,Normaal,Droog,Dag,met lichtgewonden,3,Fiets,3,Fiets,Buiten Kruispunt,Gemeenteweg,binnen bebouwde kom,Tussen 2 bestuurders: Frontale botsing,Geen hindernis
15289,69,Leuven teller 1,Leuven,50.87549,4.71526,0.7419429319500124,50.87996472989993,4.707415681214298,2019,8,18,24062,Leuven,Normaal,Droog,Dag,met lichtgewonden,8,Voetganger,3,Fiets,Buiten Kruispunt,Gemeenteweg,binnen bebouwde kom,Met een voetganger,Geen hindernis
15289,77,Leuven teller 2,Leuven,50.88672,4.70796,0.7521217405385358,50.87996472989993,4.707415681214298,2019,8,18,24062,Leuven,Normaal,Droog,Dag,met lichtgewonden,8,Voetganger,3,Fiets,Buiten Kruispunt,Gemeenteweg,binnen bebouwde kom,Met een voetganger,Geen hindernis
15289,107,leuven totem,Leuven,50.8870744,4.7087919,0.7964326492825121,50.87996472989993,4.707415681214298,2019,8,18,24062,Leuven,Normaal,Droog,Dag,met lichtgewonden,8,Voetganger,3,Fiets,Buiten Kruispunt,Gemeenteweg,binnen bebouwde kom,Met een voetganger,Geen hindernis
15289,151,Leuven,District Leuven,50.8690262,4.6854839,1.9615142558739398,50.87996472989993,4.707415681214298,2019,8,18,24062,Leuven,Normaal,Droog,Dag,met lichtgewonden,8,Voetganger,3,Fiets,Buiten Kruispunt,Gemeenteweg,binnen bebouwde kom,Met een voetganger,Geen hindernis
15290,151,Leuven,District Leuven,50.8690262,4.6854839,0.5591450540599704,50.87186596863352,4.692059807583148,2019,8,9,24062,Leuven,Normaal,Droog,Dag,met lichtgewonden,3,Fiets,8,Voetganger,Buiten Kruispunt,Gewestweg,binnen bebouwde kom,Met een voetganger,Geen hindernis
15290,69,Leuven teller 1,Leuven,50.87549,4.71526,1.677036439847172,50.87186596863352,4.692059807583148,2019,8,9,24062,Leuven,Normaal,Droog,Dag,met lichtgewonden,3,Fiets,8,Voetganger,Buiten Kruispunt,Gewestweg,binnen bebouwde kom,Met een voetganger,Geen hindernis
15290,77,Leuven teller 2,Leuven,50.88672,4.70796,1.993119974718275,50.87186596863352,4.692059807583148,2019,8,9,24062,Leuven,Normaal,Droog,Dag,met lichtgewonden,3,Fiets,8,Voetganger,Buiten Kruispunt,Gewestweg,binnen bebouwde kom,Met een voetganger,Geen hindernis
15290,107,leuven totem,Leuven,50.8870744,4.7087919,2.0586093849997216,50.87186596863352,4.692059807583148,2019,8,9,24062,Leuven,Normaal,Droog,Dag,met lichtgewonden,3,Fiets,8,Voetganger,Buiten Kruispunt,Gewestweg,binnen bebouwde kom,Met een voetganger,Geen hindernis
15291,77,Leuven teller 2,Leuven,50.88672,4.70796,1.3281261218454457,50.887759162715874,4.68909836786487,2019,8,8,24062,Leuven,Onbekend,Droog,Dag,met lichtgewonden,3,Fiets,3,Fiets,Buiten Kruispunt,Gewestweg,buiten bebouwde kom,Tussen 2 bestuurders: Flank tegen flank,Geen hindernis
15291,107,leuven totem,Leuven,50.8870744,4.7087919,1.383537030352554,50.887759162715874,4.68909836786487,2019,8,8,24062,Leuven,Onbekend,Droog,Dag,met lichtgewonden,3,Fiets,3,Fiets,Buiten Kruispunt,Gewestweg,buiten bebouwde kom,Tussen 2 bestuurders: Flank tegen flank,Geen hindernis
15291,151,Leuven,District Leuven,50.8690262,4.6854839,2.098390265977039,50.887759162715874,4.68909836786487,2019,8,8,24062,Leuven,Onbekend,Droog,Dag,met lichtgewonden,3,Fiets,3,Fiets,Buiten Kruispunt,Gewestweg,buiten bebouwde kom,Tussen 2 bestuurders: Flank tegen flank,Geen hindernis
15291,69,Leuven teller 1,Leuven,50.87549,4.71526,2.286890683896346,50.887759162715874,4.68909836786487,2019,8,8,24062,Leuven,Onbekend,Droog,Dag,met lichtgewonden,3,Fiets,3,Fiets,Buiten Kruispunt,Gewestweg,buiten bebouwde kom,Tussen 2 bestuurders: Flank tegen flank,Geen hindernis
15292,77,Leuven teller 2,Leuven,50.88672,4.70796,0.9820516793905922,50.879151869206815,4.70074439130016,2019,8,4,24062,Leuven,Normaal,Droog,"Nacht, openbare verlichting aanwezig en ontstoken",met lichtgewonden,3,Fiets,11,een weggebruiker tegen een hindernis,Buiten Kruispunt,Gemeenteweg,binnen bebouwde kom,Weggebruiker tegen hindernis op de rijbaan,"Op de rijbaan: Verkeersdrempel, ezelsrug"
15292,107,leuven totem,Leuven,50.8870744,4.7087919,1.0463232859323526,50.879151869206815,4.70074439130016,2019,8,4,24062,Leuven,Normaal,Droog,"Nacht, openbare verlichting aanwezig en ontstoken",met lichtgewonden,3,Fiets,11,een weggebruiker tegen een hindernis,Buiten Kruispunt,Gemeenteweg,binnen bebouwde kom,Weggebruiker tegen hindernis op de rijbaan,"Op de rijbaan: Verkeersdrempel, ezelsrug"
15292,69,Leuven teller 1,Leuven,50.87549,4.71526,1.0968263508970317,50.879151869206815,4.70074439130016,2019,8,4,24062,Leuven,Normaal,Droog,"Nacht, openbare verlichting aanwezig en ontstoken",met lichtgewonden,3,Fiets,11,een weggebruiker tegen een hindernis,Buiten Kruispunt,Gemeenteweg,binnen bebouwde kom,Weggebruiker tegen hindernis op de rijbaan,"Op de rijbaan: Verkeersdrempel, ezelsrug"
15292,151,Leuven,District Leuven,50.8690262,4.6854839,1.5537945848820882,50.879151869206815,4.70074439130016,2019,8,4,24062,Leuven,Normaal,Droog,"Nacht, openbare verlichting aanwezig en ontstoken",met lichtgewonden,3,Fiets,11,een weggebruiker tegen een hindernis,Buiten Kruispunt,Gemeenteweg,binnen bebouwde kom,Weggebruiker tegen hindernis op de rijbaan,"Op de rijbaan: Verkeersdrempel, ezelsrug"
15293,69,Leuven teller 1,Leuven,50.87549,4.71526,0.3973983595556553,50.87197513259239,4.716285039450503,2019,8,17,24062,Leuven,Normaal,Droog,Dag,met lichtgewonden,3,Fiets,8,Voetganger,Op Kruispunt,Gemeenteweg,binnen bebouwde kom,Met een voetganger,Geen hindernis
15293,77,Leuven teller 2,Leuven,50.88672,4.70796,1.7404840015820975,50.87197513259239,4.716285039450503,2019,8,17,24062,Leuven,Normaal,Droog,Dag,met lichtgewonden,3,Fiets,8,Voetganger,Op Kruispunt,Gemeenteweg,binnen bebouwde kom,Met een voetganger,Geen hindernis
15293,107,leuven totem,Leuven,50.8870744,4.7087919,1.7593418331302333,50.87197513259239,4.716285039450503,2019,8,17,24062,Leuven,Normaal,Droog,Dag,met lichtgewonden,3,Fiets,8,Voetganger,Op Kruispunt,Gemeenteweg,binnen bebouwde kom,Met een voetganger,Geen hindernis
15293,151,Leuven,District Leuven,50.8690262,4.6854839,2.186120908794944,50.87197513259239,4.716285039450503,2019,8,17,24062,Leuven,Normaal,Droog,Dag,met lichtgewonden,3,Fiets,8,Voetganger,Op Kruispunt,Gemeenteweg,binnen bebouwde kom,Met een voetganger,Geen hindernis
15294,69,Leuven teller 1,Leuven,50.87549,4.71526,0.6520468409587507,50.871804115055525,4.722487488306654,2019,8,10,24062,Leuven,Normaal,Droog,Dag,met lichtgewonden,3,Fiets,9,personenauto,Buiten Kruispunt,Gewestweg,binnen bebouwde kom,Tss. 2 best.: langs opzij (voor-/achterkant-flank),Geen hindernis
15294,77,Leuven teller 2,Leuven,50.88672,4.70796,1.9467152289897856,50.871804115055525,4.722487488306654,2019,8,10,24062,Leuven,Normaal,Droog,Dag,met lichtgewonden,3,Fiets,9,personenauto,Buiten Kruispunt,Gewestweg,binnen bebouwde kom,Tss. 2 best.: langs opzij (voor-/achterkant-flank),Geen hindernis
15294,107,leuven totem,Leuven,50.8870744,4.7087919,1.9509988407512773,50.871804115055525,4.722487488306654,2019,8,10,24062,Leuven,Normaal,Droog,Dag,met lichtgewonden,3,Fiets,9,personenauto,Buiten Kruispunt,Gewestweg,binnen bebouwde kom,Tss. 2 best.: langs opzij (voor-/achterkant-flank),Geen hindernis
15296,151,Leuven,District Leuven,50.8690262,4.6854839,0.8536963245000855,50.86186202526098,4.681110705705236,2019,8,11,24062,Leuven,Normaal,Droog,Dag,met lichtgewonden,3,Fiets,10,"één bestuurder, geen hindernis",Op Kruispunt,Gemeenteweg,binnen bebouwde kom,"Eén bestuurder, geen hindernis (incl. val)",Geen hindernis
15296,108,Heverlee teller 1,Leuven,50.8471728,4.6954674,1.9192516212948452,50.86186202526098,4.681110705705236,2019,8,11,24062,Leuven,Normaal,Droog,Dag,met lichtgewonden,3,Fiets,10,"één bestuurder, geen hindernis",Op Kruispunt,Gemeenteweg,binnen bebouwde kom,"Eén bestuurder, geen hindernis (incl. val)",Geen hindernis
15296,76,Heverlee teller 2,Leuven,50.84606,4.69597,2.0433888025177875,50.86186202526098,4.681110705705236,2019,8,11,24062,Leuven,Normaal,Droog,Dag,met lichtgewonden,3,Fiets,10,"één bestuurder, geen hindernis",Op Kruispunt,Gemeenteweg,binnen bebouwde kom,"Eén bestuurder, geen hindernis (incl. val)",Geen hindernis
15297,69,Leuven teller 1,Leuven,50.87549,4.71526,0.48019933024136685,50.875690824153814,4.708423516915582,2019,8,8,24062,Leuven,Normaal,Droog,Dag,met lichtgewonden,9,personenauto,3,Fiets,Op Kruispunt,Gemeenteweg,binnen bebouwde kom,Tss. 2 best.: langs opzij (voor-/achterkant-flank),Geen hindernis
15297,77,Leuven teller 2,Leuven,50.88672,4.70796,1.226819451091497,50.875690824153814,4.708423516915582,2019,8,8,24062,Leuven,Normaal,Droog,Dag,met lichtgewonden,9,personenauto,3,Fiets,Op Kruispunt,Gemeenteweg,binnen bebouwde kom,Tss. 2 best.: langs opzij (voor-/achterkant-flank),Geen hindernis
15297,107,leuven totem,Leuven,50.8870744,4.7087919,1.266059690339165,50.875690824153814,4.708423516915582,2019,8,8,24062,Leuven,Normaal,Droog,Dag,met lichtgewonden,9,personenauto,3,Fiets,Op Kruispunt,Gemeenteweg,binnen bebouwde kom,Tss. 2 best.: langs opzij (voor-/achterkant-flank),Geen hindernis
15297,151,Leuven,District Leuven,50.8690262,4.6854839,1.7720619595270803,50.875690824153814,4.708423516915582,2019,8,8,24062,Leuven,Normaal,Droog,Dag,met lichtgewonden,9,personenauto,3,Fiets,Op Kruispunt,Gemeenteweg,binnen bebouwde kom,Tss. 2 best.: langs opzij (voor-/achterkant-flank),Geen hindernis
15306,72,Herent teller 1,Herent,50.89135,4.64689,2.0993927471251297,50.90099646306412,4.621157898261834,2019,8,19,24038,Herent,Normaal,Droog,Dag,met lichtgewonden,3,Fiets,11,een weggebruiker tegen een hindernis,Buiten Kruispunt,Gemeenteweg,binnen bebouwde kom,Weggebruiker tegen hindernis op de rijbaan,"Op de rijbaan: Put, straatgoot, tramspoor"
15306,73,Herent teller 2,Herent,50.89128,4.64685,2.1009749517047926,50.90099646306412,4.621157898261834,2019,8,19,24038,Herent,Normaal,Droog,Dag,met lichtgewonden,3,Fiets,11,een weggebruiker tegen een hindernis,Buiten Kruispunt,Gemeenteweg,binnen bebouwde kom,Weggebruiker tegen hindernis op de rijbaan,"Op de rijbaan: Put, straatgoot, tramspoor"
15308,87,Aarschot,Aarschot,50.99084,4.81259,2.1472316814614825,50.99410811828471,4.842827180612128,2019,8,15,24001,Aarschot,Normaal,Droog,Dag,met lichtgewonden,9,personenauto,3,Fiets,Buiten Kruispunt,Gewestweg,buiten bebouwde kom,Tss. 2 best.: langs opzij (voor-/achterkant-flank),Geen hindernis
15315,87,Aarschot,Aarschot,50.99084,4.81259,1.9389797580553119,50.999992964413885,4.789007601154289,2019,7,12,24007,Begijnendijk,Onbekend,Droog,Dag,met lichtgewonden,3,Fiets,3,Fiets,Buiten Kruispunt,Gemeenteweg,buiten bebouwde kom,Tussen 2 bestuurders: Flank tegen flank,Geen hindernis
15318,111,Zaventem totem,Zaventem,50.8871216,4.4597084,1.7362424620692596,50.8804592811626,4.482092025304475,2019,8,14,23094,Zaventem,Normaal,Droog,Dag,met lichtgewonden,3,Fiets,9,personenauto,Op Kruispunt,Gemeenteweg,binnen bebouwde kom,Tss. 2 best.: langs opzij (voor-/achterkant-flank),Geen hindernis
15318,26,Zaventem,Zaventem,50.86995,4.45444,2.2649503267206255,50.8804592811626,4.482092025304475,2019,8,14,23094,Zaventem,Normaal,Droog,Dag,met lichtgewonden,3,Fiets,9,personenauto,Op Kruispunt,Gemeenteweg,binnen bebouwde kom,Tss. 2 best.: langs opzij (voor-/achterkant-flank),Geen hindernis
15319,111,Zaventem totem,Zaventem,50.8871216,4.4597084,0.8213397785690237,50.88114682261954,4.466592421230541,2019,8,22,23094,Zaventem,Normaal,Droog,"Nacht, openbare verlichting aanwezig en ontstoken",dodelijk gewonden,5,Lichte vrachtauto,3,Fiets,Op Kruispunt,Gewestweg,binnen bebouwde kom,Tss. 2 best.: langs opzij (voor-/achterkant-flank),Geen hindernis
15319,26,Zaventem,Zaventem,50.86995,4.45444,1.5090224085538972,50.88114682261954,4.466592421230541,2019,8,22,23094,Zaventem,Normaal,Droog,"Nacht, openbare verlichting aanwezig en ontstoken",dodelijk gewonden,5,Lichte vrachtauto,3,Fiets,Op Kruispunt,Gewestweg,binnen bebouwde kom,Tss. 2 best.: langs opzij (voor-/achterkant-flank),Geen hindernis
15319,149,Machelen,,50.88297881,4.43356644,2.3258742950048292,50.88114682261954,4.466592421230541,2019,8,22,23094,Zaventem,Normaal,Droog,"Nacht, openbare verlichting aanwezig en ontstoken",dodelijk gewonden,5,Lichte vrachtauto,3,Fiets,Op Kruispunt,Gewestweg,binnen bebouwde kom,Tss. 2 best.: langs opzij (voor-/achterkant-flank),Geen hindernis
15321,148,Hoeilaart,District Leuven,50.76699493,4.44471001,0.992095432390324,50.76102214029613,4.455188770223501,2019,8,19,23033,Hoeilaart,Normaal,Droog,Dag,met lichtgewonden,3,Fiets,9,personenauto,Op Kruispunt,Gemeenteweg,binnen bebouwde kom,Tss. 2 best.: langs opzij (voor-/achterkant-flank),Geen hindernis
15322,147,Overijse,District Vilvoorde-gewestwegen,50.7797555,4.4975769,1.96934167972114,50.76215393452308,4.500681225384202,2019,8,14,23033,Hoeilaart,Normaal,Droog,Dag,met lichtgewonden,3,Fiets,9,personenauto,Op Kruispunt,Gemeenteweg,binnen bebouwde kom,Tss. 2 best.: langs opzij (voor-/achterkant-flank),Geen hindernis
15324,79,Pepingen teller 2,Pepingen,50.75848,4.16537,2.3101221355040047,50.768746220764555,4.136814998223535,2019,8,10,23064,Pepingen,Normaal,"Vuil (zand, grint, bladeren,...)",Dag,met lichtgewonden,3,Fiets,11,een weggebruiker tegen een hindernis,Op Kruispunt,Gewestweg,buiten bebouwde kom,Weggebruiker tegen hindernis op de rijbaan,"Op de rijbaan: Put, straatgoot, tramspoor"
15324,78,Pepingen teller 1,Pepingen,50.75824,4.1652,2.3131022460812822,50.768746220764555,4.136814998223535,2019,8,10,23064,Pepingen,Normaal,"Vuil (zand, grint, bladeren,...)",Dag,met lichtgewonden,3,Fiets,11,een weggebruiker tegen een hindernis,Op Kruispunt,Gewestweg,buiten bebouwde kom,Weggebruiker tegen hindernis op de rijbaan,"Op de rijbaan: Put, straatgoot, tramspoor"
15330,27,Grimbergen,Meise,50.92127,4.34013,1.8227807609526865,50.904948413679676,4.337711518859655,2019,8,15,23025,Grimbergen,Normaal,Droog,Dag,met lichtgewonden,9,personenauto,3,Fiets,Buiten Kruispunt,Gemeenteweg,binnen bebouwde kom,Tss. 2 best.: langs opzij (voor-/achterkant-flank),Geen hindernis
15331,27,Grimbergen,Meise,50.92127,4.34013,2.4651816438472913,50.93216012797111,4.370766925681467,2019,8,8,23025,Grimbergen,Normaal,Droog,Dag,met lichtgewonden,3,Fiets,10,"één bestuurder, geen hindernis",Buiten Kruispunt,Gemeenteweg,binnen bebouwde kom,"Eén bestuurder, geen hindernis (incl. val)",Geen hindernis
15332,1,Machelen,Machelen,50.91618331151478,4.456121776137429,0.5972105578423624,50.91910250387679,4.448970789183537,2019,8,7,23047,Machelen,Normaal,Droog,Dag,met lichtgewonden,9,personenauto,3,Fiets,Buiten Kruispunt,Gewestweg,binnen bebouwde kom,Tss. 2 best.: langs opzij (voor-/achterkant-flank),Geen hindernis
15332,47,Vilvoorde,Vilvoorde,50.91372,4.41497,2.4575584491697526,50.91910250387679,4.448970789183537,2019,8,7,23047,Machelen,Normaal,Droog,Dag,met lichtgewonden,9,personenauto,3,Fiets,Buiten Kruispunt,Gewestweg,binnen bebouwde kom,Tss. 2 best.: langs opzij (voor-/achterkant-flank),Geen hindernis
15333,109,Zemst,Zemst,50.9903936,4.4707023,0.8636561215539746,50.98419199023743,4.4632737458221,2019,8,16,23096,Zemst,Normaal,Droog,Dag,met lichtgewonden,9,personenauto,3,Fiets,Op Kruispunt,Gewestweg,binnen bebouwde kom,Tss. 2 best.: langs opzij (voor-/achterkant-flank),Geen hindernis
15336,13,Gent,Gent,51.03018,3.70146,1.4755569025717843,51.030115502892905,3.722559705947126,2019,8,15,44021,Gent,Normaal,Droog,Dag,met lichtgewonden,9,personenauto,3,Fiets,Op Kruispunt,Gemeenteweg,binnen bebouwde kom,Tss. 2 best.: langs opzij (voor-/achterkant-flank),Geen hindernis
15337,118,Gent teller 1,Gent,51.028049,3.7681359,1.8963335450304448,51.03317141613581,3.7422708423064908,2019,8,1,44021,Gent,Normaal,Droog+Proper,"Nacht, openbare verlichting aanwezig en ontstoken",met zwaargewonden,3,Fiets,9,personenauto,Buiten Kruispunt,Gewestweg,binnen bebouwde kom,Tussen 2 bestuurders: Flank tegen flank,Geen hindernis
15337,119,Gent teller 2,Gent,51.0281795,3.7683918,1.9091383022772508,51.03317141613581,3.7422708423064908,2019,8,1,44021,Gent,Normaal,Droog+Proper,"Nacht, openbare verlichting aanwezig en ontstoken",met zwaargewonden,3,Fiets,9,personenauto,Buiten Kruispunt,Gewestweg,binnen bebouwde kom,Tussen 2 bestuurders: Flank tegen flank,Geen hindernis
15339,136,Gent R4,Gent,51.0876313,3.7587918,1.6101149567085606,51.07556956479502,3.7460385565840926,2019,8,16,44021,Gent,Normaal,Droog,Dag,met lichtgewonden,3,Fiets,9,personenauto,Op Kruispunt,Gemeenteweg,buiten bebouwde kom,Tss. 2 best.: langs opzij (voor-/achterkant-flank),Geen hindernis
15344,118,Gent teller 1,Gent,51.028049,3.7681359,2.1948698070667314,51.03502625215435,3.738775303958739,2019,8,17,44021,Gent,Normaal,Proper,Dag,met lichtgewonden,9,personenauto,3,Fiets,Op Kruispunt,Gewestweg,binnen bebouwde kom,Tss. 2 best.: langs opzij (voor-/achterkant-flank),Geen hindernis
15344,119,Gent teller 2,Gent,51.0281795,3.7683918,2.2065672852016784,51.03502625215435,3.738775303958739,2019,8,17,44021,Gent,Normaal,Proper,Dag,met lichtgewonden,9,personenauto,3,Fiets,Op Kruispunt,Gewestweg,binnen bebouwde kom,Tss. 2 best.: langs opzij (voor-/achterkant-flank),Geen hindernis
15346,118,Gent teller 1,Gent,51.028049,3.7681359,0.43345208149258985,51.03054866287151,3.7633798822174054,2019,8,13,44021,Gent,Normaal,Droog,Dag,met lichtgewonden,9,personenauto,3,Fiets,Buiten Kruispunt,Gewestweg,buiten bebouwde kom,Tss. 2 best.: langs opzij (voor-/achterkant-flank),Geen hindernis
15346,119,Gent teller 2,Gent,51.0281795,3.7683918,0.43846207656224284,51.03054866287151,3.7633798822174054,2019,8,13,44021,Gent,Normaal,Droog,Dag,met lichtgewonden,9,personenauto,3,Fiets,Buiten Kruispunt,Gewestweg,buiten bebouwde kom,Tss. 2 best.: langs opzij (voor-/achterkant-flank),Geen hindernis
15347,13,Gent,Gent,51.03018,3.70146,0.7456113937780368,51.03625501181394,3.696946309255329,2019,8,17,44021,Gent,Normaal,Droog,Dag,met lichtgewonden,3,Fiets,9,personenauto,Buiten Kruispunt,Gemeenteweg,binnen bebouwde kom,Tss. 2 best.: langs opzij (voor-/achterkant-flank),Geen hindernis
15348,13,Gent,Gent,51.03018,3.70146,2.0946937437305917,51.04401127311886,3.7217987388295195,2019,8,8,44021,Gent,Normaal,"Nat, plassen",Dag,met lichtgewonden,3,Fiets,11,een weggebruiker tegen een hindernis,Buiten Kruispunt,Gemeenteweg,binnen bebouwde kom,Weggebruiker tegen hindernis op de rijbaan,"Op de rijbaan: Put, straatgoot, tramspoor"
15349,13,Gent,Gent,51.03018,3.70146,1.259580740184618,51.036721274363245,3.716166045850772,2019,8,16,44021,Gent,Normaal,Droog,Dag,met lichtgewonden,3,Fiets,9,personenauto,Op Kruispunt,Gewestweg,binnen bebouwde kom,Tss. 2 best.: langs opzij (voor-/achterkant-flank),Geen hindernis
15352,13,Gent,Gent,51.03018,3.70146,0.843333280391722,51.02457422285852,3.7095822445199005,2019,8,17,44021,Gent,Normaal,Droog,Dag,met lichtgewonden,3,Fiets,3,Fiets,Op Kruispunt,Gewestweg,binnen bebouwde kom,Tussen 2 bestuurders: Frontale botsing,Geen hindernis
15357,13,Gent,Gent,51.03018,3.70146,1.6093338005459248,51.01675428054975,3.7100538987646123,2019,8,18,44021,Gent,Normaal,Droog,Dag,met lichtgewonden,3,Fiets,3,Fiets,Buiten Kruispunt,Autosnelweg,buiten bebouwde kom,Tussen 2 bestuurders: Flank tegen flank,Geen hindernis
15359,136,Gent R4,Gent,51.0876313,3.7587918,1.8719274053407713,51.07463152151679,3.7417653997157636,2019,8,8,44021,Gent,Normaal,Droog,Dag,met lichtgewonden,3,Fiets,9,personenauto,Op Kruispunt,Gewestweg,binnen bebouwde kom,Tss. 2 best.: langs opzij (voor-/achterkant-flank),Geen hindernis
15362,118,Gent teller 1,Gent,51.028049,3.7681359,2.1705563465336803,51.04022070219202,3.7438684389239847,2019,8,23,44021,Gent,Onbekend,Onbekend,Onbekend,met lichtgewonden,6,Bromfiets,3,Fiets,Buiten Kruispunt,Gewestweg,binnen bebouwde kom,Tussen 2 bestuurders: Flank tegen flank,Geen hindernis
15362,119,Gent teller 2,Gent,51.0281795,3.7683918,2.1756120011292177,51.04022070219202,3.7438684389239847,2019,8,23,44021,Gent,Onbekend,Onbekend,Onbekend,met lichtgewonden,6,Bromfiets,3,Fiets,Buiten Kruispunt,Gewestweg,binnen bebouwde kom,Tussen 2 bestuurders: Flank tegen flank,Geen hindernis
15364,13,Gent,Gent,51.03018,3.70146,2.47689709702387,51.052427600054024,3.699694707259418,2019,8,18,44021,Gent,Onbekend,Onbekend,Onbekend,met lichtgewonden,3,Fiets,9,personenauto,Op Kruispunt,Gewestweg,binnen bebouwde kom,Tussen 2 bestuurders: Flank tegen flank,Geen hindernis
15368,128,Lokeren teller 1,Lokeren,51.09644,3.97023,0.707773896424272,51.10269115459096,3.9683201569765285,2019,8,17,46014,Lokeren,Normaal,Droog,Dag,met lichtgewonden,3,Fiets,3,Fiets,Op Kruispunt,Gemeenteweg,binnen bebouwde kom,Tss. 2 best.: langs opzij (voor-/achterkant-flank),Geen hindernis
15368,129,Lokeren teller 2,Lokeren,51.09612,3.97025,0.7430013015770874,51.10269115459096,3.9683201569765285,2019,8,17,46014,Lokeren,Normaal,Droog,Dag,met lichtgewonden,3,Fiets,3,Fiets,Op Kruispunt,Gemeenteweg,binnen bebouwde kom,Tss. 2 best.: langs opzij (voor-/achterkant-flank),Geen hindernis
15380,118,Gent teller 1,Gent,51.028049,3.7681359,1.2904903499735463,51.02160924629989,3.7527855841678184,2019,8,17,44043,Merelbeke,Normaal,Droog,Dag,met lichtgewonden,9,personenauto,3,Fiets,Op Kruispunt,Gewestweg,binnen bebouwde kom,Tussen 2 bestuurders: Flank tegen flank,Geen hindernis
15380,119,Gent teller 2,Gent,51.0281795,3.7683918,1.3134321976047851,51.02160924629989,3.7527855841678184,2019,8,17,44043,Merelbeke,Normaal,Droog,Dag,met lichtgewonden,9,personenauto,3,Fiets,Op Kruispunt,Gewestweg,binnen bebouwde kom,Tussen 2 bestuurders: Flank tegen flank,Geen hindernis
15382,116,Melle teller 2,Melle,50.9986113,3.8040599,0.49817587109084255,50.99445365779628,3.8014077113527063,2019,8,8,44040,Melle,Normaal,Droog,Dag,met lichtgewonden,9,personenauto,3,Fiets,Buiten Kruispunt,Gewestweg,binnen bebouwde kom,Tss. 2 best.: langs opzij (voor-/achterkant-flank),Geen hindernis
15382,117,Melle teller 1,Melle,50.9986113,3.8040599,0.49817587109084255,50.99445365779628,3.8014077113527063,2019,8,8,44040,Melle,Normaal,Droog,Dag,met lichtgewonden,9,personenauto,3,Fiets,Buiten Kruispunt,Gewestweg,binnen bebouwde kom,Tss. 2 best.: langs opzij (voor-/achterkant-flank),Geen hindernis