crash_row_id,site_id,site_name,site_gemeente,site_lat,site_long,distance_km,crash_lat,crash_long,DT_YEAR_COLLISION,DT_MONTH_COLLISION,DT_TIME,CD_NIS,TX_MUNTY_COLLISION_NL,TX_WEATHER_NL,TX_ROAD_CONDITION_NL,TX_LIGHT_CONDITION_NL,TX_CLASS_ACCIDENTS_NL,CD_ROAD_USR_TYPE1,TX_ROAD_USR_TYPE1_NL,CD_ROAD_USR_TYPE2,TX_ROAD_USR_TYPE2_NL,TX_CROSSWAY_NL,CD_ROAD_TYPE_NL,TX_BUILD_UP_AREA_NL,TX_COLLISION_TYPE_NL,TX_OBSTACLES_NL
15384,119,Gent teller 2,Gent,51.0281795,3.7683918,1.5840405175830221,51.02842760757684,3.791038696688428,2019,8,16,44013,Destelbergen,Normaal,Droog,Dag,met zwaargewonden,9,personenauto,3,Fiets,Op Kruispunt,Gewestweg,binnen bebouwde kom,Tss. 2 best.: langs opzij (voor-/achterkant-flank),Geen hindernis
15384,118,Gent teller 1,Gent,51.028049,3.7681359,1.6022519328363256,51.02842760757684,3.791038696688428,2019,8,16,44013,Destelbergen,Normaal,Droog,Dag,met zwaargewonden,9,personenauto,3,Fiets,Op Kruispunt,Gewestweg,binnen bebouwde kom,Tss. 2 best.: langs opzij (voor-/achterkant-flank),Geen hindernis
15389,114,Deinze teller 1,Nazareth,50.9598305,3.555502,0.3479833527860964,50.95804240880253,3.5595795446688894,2019,8,19,44048,Nazareth,Normaal,Droog,Dag,met lichtgewonden,3,Fiets,10,"één bestuurder, geen hindernis",Buiten Kruispunt,Gewestweg,buiten bebouwde kom,"Eén bestuurder, geen hindernis (incl. val)",Geen hindernis
15389,113,Deinze teller 2,Deinze,50.96018,3.55578,0.35681068010364586,50.95804240880253,3.5595795446688894,2019,8,19,44048,Nazareth,Normaal,Droog,Dag,met lichtgewonden,3,Fiets,10,"één bestuurder, geen hindernis",Buiten Kruispunt,Gewestweg,buiten bebouwde kom,"Eén bestuurder, geen hindernis (incl. val)",Geen hindernis
15397,7,Evergem 1,Evergem,51.1089,3.70317,2.251639115018296,51.120351525865914,3.7297729999624156,2019,7,17,44019,Evergem,Normaal,"Vuil (zand, grint, bladeren,...)",Dag,met lichtgewonden,3,Fiets,11,een weggebruiker tegen een hindernis,Op Kruispunt,Gemeenteweg,buiten bebouwde kom,Weggebruiker tegen hindernis op de rijbaan,Op de rijbaan: Lading
15397,6,Evergem 2,Evergem,51.10894,3.70298,2.2600889854111537,51.120351525865914,3.7297729999624156,2019,7,17,44019,Evergem,Normaal,"Vuil (zand, grint, bladeren,...)",Dag,met lichtgewonden,3,Fiets,11,een weggebruiker tegen een hindernis,Op Kruispunt,Gemeenteweg,buiten bebouwde kom,Weggebruiker tegen hindernis op de rijbaan,Op de rijbaan: Lading
15437,128,Lokeren teller 1,Lokeren,51.09644,3.97023,1.4879086807329527,51.10971732538468,3.9728786498038633,2019,8,18,46014,Lokeren,Normaal,"Nat, plassen",Dag,met lichtgewonden,9,personenauto,3,Fiets,Buiten Kruispunt,Gewestweg,buiten bebouwde kom,Tss. 2 best.: langs opzij (voor-/achterkant-flank),Geen hindernis
15437,129,Lokeren teller 2,Lokeren,51.09612,3.97025,1.5230527341126836,51.10971732538468,3.9728786498038633,2019,8,18,46014,Lokeren,Normaal,"Nat, plassen",Dag,met lichtgewonden,9,personenauto,3,Fiets,Buiten Kruispunt,Gewestweg,buiten bebouwde kom,Tss. 2 best.: langs opzij (voor-/achterkant-flank),Geen hindernis
15438,128,Lokeren teller 1,Lokeren,51.09644,3.97023,1.8712748682193756,51.11114932163101,3.9832506208307525,2019,8,8,46014,Lokeren,Normaal,Droog,Dag,met lichtgewonden,4,Vrachtwagen,3,Fiets,Op Kruispunt,Gewestweg,binnen bebouwde kom,Tss. 2 best.: langs opzij (voor-/achterkant-flank),Geen hindernis
15438,129,Lokeren teller 2,Lokeren,51.09612,3.97025,1.90178905855384,51.11114932163101,3.9832506208307525,2019,8,8,46014,Lokeren,Normaal,Droog,Dag,met lichtgewonden,4,Vrachtwagen,3,Fiets,Op Kruispunt,Gewestweg,binnen bebouwde kom,Tss. 2 best.: langs opzij (voor-/achterkant-flank),Geen hindernis
15439,128,Lokeren teller 1,Lokeren,51.09644,3.97023,1.8703828486908238,51.102373259880345,3.995294174207368,2019,8,17,46014,Lokeren,Normaal,Droog,Dag,met lichtgewonden,9,personenauto,3,Fiets,Op Kruispunt,Gewestweg,binnen bebouwde kom,Tss. 2 best.: langs opzij (voor-/achterkant-flank),Geen hindernis
15439,129,Lokeren teller 2,Lokeren,51.09612,3.97025,1.8819361571410302,51.102373259880345,3.995294174207368,2019,8,17,46014,Lokeren,Normaal,Droog,Dag,met lichtgewonden,9,personenauto,3,Fiets,Op Kruispunt,Gewestweg,binnen bebouwde kom,Tss. 2 best.: langs opzij (voor-/achterkant-flank),Geen hindernis
15439,141,Test site A support,Lokeren,51.08342085,3.9961071208376326,2.108176431902379,51.102373259880345,3.995294174207368,2019,8,17,46014,Lokeren,Normaal,Droog,Dag,met lichtgewonden,9,personenauto,3,Fiets,Op Kruispunt,Gewestweg,binnen bebouwde kom,Tss. 2 best.: langs opzij (voor-/achterkant-flank),Geen hindernis
15444,120,Zele teller 1,Zele,51.0607671,4.0547741,1.8294064995257862,51.07454154971698,4.040457281822088,2019,8,6,42028,Zele,Normaal,Droog,Dag,met lichtgewonden,9,personenauto,3,Fiets,Buiten Kruispunt,Gemeenteweg,binnen bebouwde kom,Tss. 2 best.: langs opzij (voor-/achterkant-flank),Geen hindernis
15444,121,Zele teller 2,Zele,51.0604067,4.0556696,1.8974230104975554,51.07454154971698,4.040457281822088,2019,8,6,42028,Zele,Normaal,Droog,Dag,met lichtgewonden,9,personenauto,3,Fiets,Buiten Kruispunt,Gemeenteweg,binnen bebouwde kom,Tss. 2 best.: langs opzij (voor-/achterkant-flank),Geen hindernis
15445,120,Zele teller 1,Zele,51.0607671,4.0547741,1.319297773084502,51.0543115890656,4.03893610462208,2019,8,10,42028,Zele,Normaal,Droog,Dag,met lichtgewonden,9,personenauto,3,Fiets,Op Kruispunt,Gemeenteweg,binnen bebouwde kom,Tussen 2 bestuurders: Langs achteren,Geen hindernis
15445,121,Zele teller 2,Zele,51.0604067,4.0556696,1.3517046285333283,51.0543115890656,4.03893610462208,2019,8,10,42028,Zele,Normaal,Droog,Dag,met lichtgewonden,9,personenauto,3,Fiets,Op Kruispunt,Gemeenteweg,binnen bebouwde kom,Tussen 2 bestuurders: Langs achteren,Geen hindernis
15446,126,Hamme totem,Hamme,51.1017709,4.1469307,1.3528371995830213,51.09902303938712,4.128056842609319,2019,8,16,42008,Hamme,Normaal,Droog,Dag,met lichtgewonden,3,Fiets,9,personenauto,Op Kruispunt,Gemeenteweg,binnen bebouwde kom,Tussen 2 bestuurders: Langs achteren,Geen hindernis
15447,120,Zele teller 1,Zele,51.0607671,4.0547741,1.0876248097454337,51.06828428720783,4.044815919503957,2019,8,19,42028,Zele,Normaal,Droog,Dag,met lichtgewonden,4,Vrachtwagen,3,Fiets,Op Kruispunt,Gewestweg,binnen bebouwde kom,Tss. 2 best.: langs opzij (voor-/achterkant-flank),Geen hindernis
15447,121,Zele teller 2,Zele,51.0604067,4.0556696,1.158680742638166,51.06828428720783,4.044815919503957,2019,8,19,42028,Zele,Normaal,Droog,Dag,met lichtgewonden,4,Vrachtwagen,3,Fiets,Op Kruispunt,Gewestweg,binnen bebouwde kom,Tss. 2 best.: langs opzij (voor-/achterkant-flank),Geen hindernis
15448,120,Zele teller 1,Zele,51.0607671,4.0547741,1.3233144047911005,51.06565066328562,4.03750545267652,2019,8,12,42028,Zele,Normaal,Droog,Dag,met zwaargewonden,9,personenauto,3,Fiets,Buiten Kruispunt,Gemeenteweg,binnen bebouwde kom,Tss. 2 best.: langs opzij (voor-/achterkant-flank),Geen hindernis
15448,121,Zele teller 2,Zele,51.0604067,4.0556696,1.3968735709521105,51.06565066328562,4.03750545267652,2019,8,12,42028,Zele,Normaal,Droog,Dag,met zwaargewonden,9,personenauto,3,Fiets,Buiten Kruispunt,Gemeenteweg,binnen bebouwde kom,Tss. 2 best.: langs opzij (voor-/achterkant-flank),Geen hindernis
15457,152,Opwijk,District Vilvoorde-gewestwegen,50.968901168564656,4.149169474840164,2.1704405401580837,50.95172190577037,4.134456956118195,2019,8,12,41002,Aalst,Normaal,Droog,Dag,met lichtgewonden,3,Fiets,10,"één bestuurder, geen hindernis",Buiten Kruispunt,Gewestweg,binnen bebouwde kom,"Eén bestuurder, geen hindernis (incl. val)",Geen hindernis
15461,10,Aalst 2,Aalst,50.93549,4.01571,1.5289711829341779,50.94208586828713,3.9965635817250003,2019,8,18,41002,Aalst,Normaal,Droog,Dag,met lichtgewonden,3,Fiets,9,personenauto,Buiten Kruispunt,Gewestweg,binnen bebouwde kom,Tss. 2 best.: langs opzij (voor-/achterkant-flank),Geen hindernis
15461,19,Aalst 1,Aalst,50.93433,4.01471,1.53640373194402,50.94208586828713,3.9965635817250003,2019,8,18,41002,Aalst,Normaal,Droog,Dag,met lichtgewonden,3,Fiets,9,personenauto,Buiten Kruispunt,Gewestweg,binnen bebouwde kom,Tss. 2 best.: langs opzij (voor-/achterkant-flank),Geen hindernis
15461,11,Aalst 3,Aalst,50.93385,4.01647,1.6686201969158574,50.94208586828713,3.9965635817250003,2019,8,18,41002,Aalst,Normaal,Droog,Dag,met lichtgewonden,3,Fiets,9,personenauto,Buiten Kruispunt,Gewestweg,binnen bebouwde kom,Tss. 2 best.: langs opzij (voor-/achterkant-flank),Geen hindernis
15464,122,Dendermonde teller 2,Dendermonde,51.0373918,4.1019222,1.32570394745276,51.049309959098636,4.101419935652409,2019,8,18,42006,Dendermonde,Normaal,Droog,Dag,met zwaargewonden,3,Fiets,3,Fiets,Buiten Kruispunt,Gemeenteweg,binnen bebouwde kom,Tss. 2 best.: langs opzij (voor-/achterkant-flank),Geen hindernis
15464,125,Dendermonde totem,Dendermonde,51.0372706,4.1025998,1.3412544997692475,51.049309959098636,4.101419935652409,2019,8,18,42006,Dendermonde,Normaal,Droog,Dag,met zwaargewonden,3,Fiets,3,Fiets,Buiten Kruispunt,Gemeenteweg,binnen bebouwde kom,Tss. 2 best.: langs opzij (voor-/achterkant-flank),Geen hindernis
15465,125,Dendermonde totem,Dendermonde,51.0372706,4.1025998,1.2938260890282538,51.02563614589719,4.102333704436262,2019,8,10,42006,Dendermonde,Normaal,Droog,Dag,met lichtgewonden,5,Lichte vrachtauto,3,Fiets,Buiten Kruispunt,Gewestweg,binnen bebouwde kom,Tss. 2 best.: langs opzij (voor-/achterkant-flank),Geen hindernis
15465,122,Dendermonde teller 2,Dendermonde,51.0373918,4.1019222,1.3074858028057816,51.02563614589719,4.102333704436262,2019,8,10,42006,Dendermonde,Normaal,Droog,Dag,met lichtgewonden,5,Lichte vrachtauto,3,Fiets,Buiten Kruispunt,Gewestweg,binnen bebouwde kom,Tss. 2 best.: langs opzij (voor-/achterkant-flank),Geen hindernis
15467,122,Dendermonde teller 2,Dendermonde,51.0373918,4.1019222,2.1480877530597526,51.01896661490422,4.0926912545334355,2019,8,14,42006,Dendermonde,Normaal,Droog,Dag,met lichtgewonden,3,Fiets,3,Fiets,Buiten Kruispunt,Gemeenteweg,binnen bebouwde kom,Tss. 2 best.: langs opzij (voor-/achterkant-flank),Geen hindernis
15467,125,Dendermonde totem,Dendermonde,51.0372706,4.1025998,2.1500397263612543,51.01896661490422,4.0926912545334355,2019,8,14,42006,Dendermonde,Normaal,Droog,Dag,met lichtgewonden,3,Fiets,3,Fiets,Buiten Kruispunt,Gemeenteweg,binnen bebouwde kom,Tss. 2 best.: langs opzij (voor-/achterkant-flank),Geen hindernis
15469,142,TEST Validatie BRUGGE Y2H22022134,Brugge,51.22632,3.24095,1.646159173162331,51.24024008213725,3.2489985392275122,2019,8,13,31005,Brugge,Normaal,Droog,Dag,met lichtgewonden,3,Fiets,10,"één bestuurder, geen hindernis",Buiten Kruispunt,Gewestweg,binnen bebouwde kom,"Eén bestuurder, geen hindernis (incl. val)",Geen hindernis
15469,52,Brugge,Brugge,51.22632,3.24095,1.646159173162331,51.24024008213725,3.2489985392275122,2019,8,13,31005,Brugge,Normaal,Droog,Dag,met lichtgewonden,3,Fiets,10,"één bestuurder, geen hindernis",Buiten Kruispunt,Gewestweg,binnen bebouwde kom,"Eén bestuurder, geen hindernis (incl. val)",Geen hindernis
15469,54,Brugge teller 2,Brugge,51.23015,3.22818,1.8329335004181944,51.24024008213725,3.2489985392275122,2019,8,13,31005,Brugge,Normaal,Droog,Dag,met lichtgewonden,3,Fiets,10,"één bestuurder, geen hindernis",Buiten Kruispunt,Gewestweg,binnen bebouwde kom,"Eén bestuurder, geen hindernis (incl. val)",Geen hindernis
15469,53,Brugge teller 1,Brugge,51.23023,3.228,1.8374560801612412,51.24024008213725,3.2489985392275122,2019,8,13,31005,Brugge,Normaal,Droog,Dag,met lichtgewonden,3,Fiets,10,"één bestuurder, geen hindernis",Buiten Kruispunt,Gewestweg,binnen bebouwde kom,"Eén bestuurder, geen hindernis (incl. val)",Geen hindernis
15470,20,Brugge,Brugge,51.17416,3.20048,1.6207116917581625,51.188565721415976,3.2040176579984636,2019,8,22,31005,Brugge,Normaal,"Nat, plassen","Nacht, openbare verlichting aanwezig en ontstoken",met lichtgewonden,9,personenauto,3,Fiets,Buiten Kruispunt,Gemeenteweg,binnen bebouwde kom,Tss. 2 best.: langs opzij (voor-/achterkant-flank),Geen hindernis
15471,50,"Brugge, Sint-Andries",Brugge,51.19291,3.16252,2.3896293083354605,51.20213894551047,3.1934914769663707,2019,8,17,31005,Brugge,Normaal,Droog,Dag,met lichtgewonden,9,personenauto,3,Fiets,Op Kruispunt,Gewestweg,binnen bebouwde kom,Tss. 2 best.: langs opzij (voor-/achterkant-flank),Geen hindernis
15471,51,"Brugge, Sint-Andries",Brugge,51.19281,3.16252,2.3944276756081813,51.20213894551047,3.1934914769663707,2019,8,17,31005,Brugge,Normaal,Droog,Dag,met lichtgewonden,9,personenauto,3,Fiets,Op Kruispunt,Gewestweg,binnen bebouwde kom,Tss. 2 best.: langs opzij (voor-/achterkant-flank),Geen hindernis
15472,53,Brugge teller 1,Brugge,51.23023,3.228,1.698378931034468,51.23114115019763,3.2036515166073345,2019,8,16,31005,Brugge,Regenval,"Nat, plassen+Proper",Dag,met lichtgewonden,3,Fiets,9,personenauto,Buiten Kruispunt,Gemeenteweg,binnen bebouwde kom,Tussen 2 bestuurders: Frontale botsing,Geen hindernis
15472,54,Brugge teller 2,Brugge,51.23015,3.22818,1.7114412451015641,51.23114115019763,3.2036515166073345,2019,8,16,31005,Brugge,Regenval,"Nat, plassen+Proper",Dag,met lichtgewonden,3,Fiets,9,personenauto,Buiten Kruispunt,Gemeenteweg,binnen bebouwde kom,Tussen 2 bestuurders: Frontale botsing,Geen hindernis
15473,142,TEST Validatie BRUGGE Y2H22022134,Brugge,51.22632,3.24095,2.076515860468393,51.208038196264766,3.2470323695636694,2019,8,11,31005,Brugge,Normaal,Droog,Dag,met lichtgewonden,3,Fiets,9,personenauto,Buiten Kruispunt,Gemeenteweg,binnen bebouwde kom,Tss. 2 best.: langs opzij (voor-/achterkant-flank),Geen hindernis
15473,52,Brugge,Brugge,51.22632,3.24095,2.076515860468393,51.208038196264766,3.2470323695636694,2019,8,11,31005,Brugge,Normaal,Droog,Dag,met lichtgewonden,3,Fiets,9,personenauto,Buiten Kruispunt,Gemeenteweg,binnen bebouwde kom,Tss. 2 best.: langs opzij (voor-/achterkant-flank),Geen hindernis
15474,142,TEST Validatie BRUGGE Y2H22022134,Brugge,51.22632,3.24095,1.0155460076452796,51.217425312371915,3.237640370862597,2019,8,13,31005,Brugge,Normaal,Droog,Dag,met zwaargewonden,3,Fiets,10,"één bestuurder, geen hindernis",Buiten Kruispunt,Gewestweg,binnen bebouwde kom,"Eén bestuurder, geen hindernis (incl. val)",Geen hindernis
15474,52,Brugge,Brugge,51.22632,3.24095,1.0155460076452796,51.217425312371915,3.237640370862597,2019,8,13,31005,Brugge,Normaal,Droog,Dag,met zwaargewonden,3,Fiets,10,"één bestuurder, geen hindernis",Buiten Kruispunt,Gewestweg,binnen bebouwde kom,"Eén bestuurder, geen hindernis (incl. val)",Geen hindernis
15474,54,Brugge teller 2,Brugge,51.23015,3.22818,1.5607800853452454,51.217425312371915,3.237640370862597,2019,8,13,31005,Brugge,Normaal,Droog,Dag,met zwaargewonden,3,Fiets,10,"één bestuurder, geen hindernis",Buiten Kruispunt,Gewestweg,binnen bebouwde kom,"Eén bestuurder, geen hindernis (incl. val)",Geen hindernis
15474,53,Brugge teller 1,Brugge,51.23023,3.228,1.5741536038882107,51.217425312371915,3.237640370862597,2019,8,13,31005,Brugge,Normaal,Droog,Dag,met zwaargewonden,3,Fiets,10,"één bestuurder, geen hindernis",Buiten Kruispunt,Gewestweg,binnen bebouwde kom,"Eén bestuurder, geen hindernis (incl. val)",Geen hindernis
15477,142,TEST Validatie BRUGGE Y2H22022134,Brugge,51.22632,3.24095,1.4888959204614816,51.21348814592887,3.2470578089395565,2019,8,12,31005,Brugge,Normaal,Droog,Dag,met lichtgewonden,9,personenauto,3,Fiets,Buiten Kruispunt,Gemeenteweg,binnen bebouwde kom,Tss. 2 best.: langs opzij (voor-/achterkant-flank),Geen hindernis
15477,52,Brugge,Brugge,51.22632,3.24095,1.4888959204614816,51.21348814592887,3.2470578089395565,2019,8,12,31005,Brugge,Normaal,Droog,Dag,met lichtgewonden,9,personenauto,3,Fiets,Buiten Kruispunt,Gemeenteweg,binnen bebouwde kom,Tss. 2 best.: langs opzij (voor-/achterkant-flank),Geen hindernis
15477,54,Brugge teller 2,Brugge,51.23015,3.22818,2.271774892095721,51.21348814592887,3.2470578089395565,2019,8,12,31005,Brugge,Normaal,Droog,Dag,met lichtgewonden,9,personenauto,3,Fiets,Buiten Kruispunt,Gemeenteweg,binnen bebouwde kom,Tss. 2 best.: langs opzij (voor-/achterkant-flank),Geen hindernis
15477,53,Brugge teller 1,Brugge,51.23023,3.228,2.286288959576634,51.21348814592887,3.2470578089395565,2019,8,12,31005,Brugge,Normaal,Droog,Dag,met lichtgewonden,9,personenauto,3,Fiets,Buiten Kruispunt,Gemeenteweg,binnen bebouwde kom,Tss. 2 best.: langs opzij (voor-/achterkant-flank),Geen hindernis
15497,59,Ardooie teller 1,Ardooie,50.96784,3.18479,1.0379126499595885,50.97656335518306,3.19006415657062,2019,8,11,37020,Ardooie,Normaal,Droog,Dag,met lichtgewonden,9,personenauto,3,Fiets,Op Kruispunt,Gemeenteweg,binnen bebouwde kom,Tss. 2 best.: langs opzij (voor-/achterkant-flank),Geen hindernis
15497,60,Ardooie teller 2,Ardooie,50.96783,3.18411,1.0568132867139737,50.97656335518306,3.19006415657062,2019,8,11,37020,Ardooie,Normaal,Droog,Dag,met lichtgewonden,9,personenauto,3,Fiets,Op Kruispunt,Gemeenteweg,binnen bebouwde kom,Tss. 2 best.: langs opzij (voor-/achterkant-flank),Geen hindernis
15498,57,Meulebeke teller 1,Meulebeke,50.96056,3.24491,1.1107322827687227,50.970453965560424,3.2427266981645917,2019,8,14,37011,Pittem,Normaal,Droog+Proper,Dag,met zwaargewonden,9,personenauto,3,Fiets,Op Kruispunt,Gewestweg,buiten bebouwde kom,Tss. 2 best.: langs opzij (voor-/achterkant-flank),Geen hindernis
15498,58,Meulebeke teller 2,Meulebeke,50.96021,3.24471,1.1475132876503862,50.970453965560424,3.2427266981645917,2019,8,14,37011,Pittem,Normaal,Droog+Proper,Dag,met zwaargewonden,9,personenauto,3,Fiets,Op Kruispunt,Gewestweg,buiten bebouwde kom,Tss. 2 best.: langs opzij (voor-/achterkant-flank),Geen hindernis
15504,18,Oostende 1,Oostende,51.21378,2.92765,1.4640530896739425,51.22308117611528,2.9425283858501876,2019,8,17,35013,Oostende,Normaal,Droog,Dag,met lichtgewonden,9,personenauto,3,Fiets,Buiten Kruispunt,Gewestweg,binnen bebouwde kom,Tussen 2 bestuurders: Frontale botsing,Geen hindernis
15504,15,Oostende 2,Oostende,51.21371,2.92743,1.4804067715314555,51.22308117611528,2.9425283858501876,2019,8,17,35013,Oostende,Normaal,Droog,Dag,met lichtgewonden,9,personenauto,3,Fiets,Buiten Kruispunt,Gewestweg,binnen bebouwde kom,Tussen 2 bestuurders: Frontale botsing,Geen hindernis
15505,15,Oostende 2,Oostende,51.21371,2.92743,0.8699482181680498,51.208873522771114,2.9176134008487686,2019,8,14,35013,Oostende,Normaal,Droog,Dag,met lichtgewonden,9,personenauto,3,Fiets,Buiten Kruispunt,Gemeenteweg,binnen bebouwde kom,Tss. 2 best.: langs opzij (voor-/achterkant-flank),Geen hindernis
15505,18,Oostende 1,Oostende,51.21378,2.92765,0.8868116421202269,51.208873522771114,2.9176134008487686,2019,8,14,35013,Oostende,Normaal,Droog,Dag,met lichtgewonden,9,personenauto,3,Fiets,Buiten Kruispunt,Gemeenteweg,binnen bebouwde kom,Tss. 2 best.: langs opzij (voor-/achterkant-flank),Geen hindernis
15506,15,Oostende 2,Oostende,51.21371,2.92743,2.0828726028144326,51.228235147716276,2.9085453121142484,2019,8,15,35013,Oostende,Normaal,Droog,Dag,met lichtgewonden,9,personenauto,3,Fiets,Buiten Kruispunt,Gewestweg,binnen bebouwde kom,Tussen 2 bestuurders: Frontale botsing,Geen hindernis
15506,18,Oostende 1,Oostende,51.21378,2.92765,2.0865784183871234,51.228235147716276,2.9085453121142484,2019,8,15,35013,Oostende,Normaal,Droog,Dag,met lichtgewonden,9,personenauto,3,Fiets,Buiten Kruispunt,Gewestweg,binnen bebouwde kom,Tussen 2 bestuurders: Frontale botsing,Geen hindernis
15507,18,Oostende 1,Oostende,51.21378,2.92765,0.6276981485735598,51.217120633108024,2.9349145010087034,2019,8,8,35013,Oostende,Normaal,"Vuil (zand, grint, bladeren,...)",Dag,met lichtgewonden,3,Fiets,11,een weggebruiker tegen een hindernis,Buiten Kruispunt,Gemeenteweg,binnen bebouwde kom,Weggebruiker tegen hindernis op de rijbaan,Op de rijbaan: Lading
15507,15,Oostende 2,Oostende,51.21371,2.92743,0.6446628967003011,51.217120633108024,2.9349145010087034,2019,8,8,35013,Oostende,Normaal,"Vuil (zand, grint, bladeren,...)",Dag,met lichtgewonden,3,Fiets,11,een weggebruiker tegen een hindernis,Buiten Kruispunt,Gemeenteweg,binnen bebouwde kom,Weggebruiker tegen hindernis op de rijbaan,Op de rijbaan: Lading
15510,18,Oostende 1,Oostende,51.21378,2.92765,1.5687797543495599,51.22776300832113,2.9246537297656023,2019,8,19,35013,Oostende,Normaal,Droog,Dag,met lichtgewonden,8,Voetganger,3,Fiets,Buiten Kruispunt,Gemeenteweg,binnen bebouwde kom,Met een voetganger,Geen hindernis
15510,15,Oostende 2,Oostende,51.21371,2.92743,1.5745397989804328,51.22776300832113,2.9246537297656023,2019,8,19,35013,Oostende,Normaal,Droog,Dag,met lichtgewonden,8,Voetganger,3,Fiets,Buiten Kruispunt,Gemeenteweg,binnen bebouwde kom,Met een voetganger,Geen hindernis
15511,15,Oostende 2,Oostende,51.21371,2.92743,1.725348260027299,51.22408428768678,2.9090083189463622,2019,8,11,35013,Oostende,"Andere (dikke rook,...)",Droog,Dag,met lichtgewonden,3,Fiets,8,Voetganger,Op Kruispunt,Gewestweg,binnen bebouwde kom,Met een voetganger,Geen hindernis
15511,18,Oostende 1,Oostende,51.21378,2.92765,1.7316115572396018,51.22408428768678,2.9090083189463622,2019,8,11,35013,Oostende,"Andere (dikke rook,...)",Droog,Dag,met lichtgewonden,3,Fiets,8,Voetganger,Op Kruispunt,Gewestweg,binnen bebouwde kom,Met een voetganger,Geen hindernis
15512,15,Oostende 2,Oostende,51.21371,2.92743,1.760018698258953,51.22464179638376,2.9091544298020047,2019,8,21,35013,Oostende,Normaal,Droog,Dag,met lichtgewonden,3,Fiets,9,personenauto,Op Kruispunt,Gewestweg,binnen bebouwde kom,Tussen 2 bestuurders: Langs achteren,Geen hindernis
15512,18,Oostende 1,Oostende,51.21378,2.92765,1.7657974000728334,51.22464179638376,2.9091544298020047,2019,8,21,35013,Oostende,Normaal,Droog,Dag,met lichtgewonden,3,Fiets,9,personenauto,Op Kruispunt,Gewestweg,binnen bebouwde kom,Tussen 2 bestuurders: Langs achteren,Geen hindernis
15527,84,Roeselare totem,Izegem,50.91717,3.18772,1.6872068023712026,50.91524391422771,3.2115926662234764,2019,8,11,36008,Izegem,Normaal,Droog,Dag,met lichtgewonden,3,Fiets,8,Voetganger,Buiten Kruispunt,Gemeenteweg,binnen bebouwde kom,Met een voetganger,Geen hindernis
15528,84,Roeselare totem,Izegem,50.91717,3.18772,2.2845693029832006,50.937710443685795,3.1884520345436704,2019,8,17,36008,Izegem,Normaal,Droog,Dag,met lichtgewonden,3,Fiets,9,personenauto,Op Kruispunt,Gemeenteweg,binnen bebouwde kom,Tussen 2 bestuurders: Frontale botsing,Geen hindernis
15529,84,Roeselare totem,Izegem,50.91717,3.18772,1.654270327473342,50.91032133859004,3.208667355763186,2019,8,7,36008,Izegem,Normaal,Droog,Dageraad - schemering,met lichtgewonden,3,Fiets,5,Lichte vrachtauto,Buiten Kruispunt,Gemeenteweg,binnen bebouwde kom,Tussen 2 bestuurders: Langs achteren,Geen hindernis
15531,84,Roeselare totem,Izegem,50.91717,3.18772,1.2415595735733977,50.906825898413125,3.194386993338942,2019,8,17,36008,Izegem,Normaal,Droog,Dag,met lichtgewonden,3,Fiets,3,Fiets,Buiten Kruispunt,Gemeenteweg,binnen bebouwde kom,Tss. 2 best.: langs opzij (voor-/achterkant-flank),Geen hindernis
15539,16,Kortrijk 1,Kortrijk,50.83332,3.27777,0.32159014624255167,50.83179507418797,3.2816608869329476,2019,8,18,34022,Kortrijk,Normaal,"Nat, plassen",Dag,met zwaargewonden,3,Fiets,8,Voetganger,Buiten Kruispunt,Gemeenteweg,binnen bebouwde kom,Met een voetganger,Geen hindernis
15539,17,Kortrijk 2,Kortrijk,50.83339,3.27773,0.3281211373152332,50.83179507418797,3.2816608869329476,2019,8,18,34022,Kortrijk,Normaal,"Nat, plassen",Dag,met zwaargewonden,3,Fiets,8,Voetganger,Buiten Kruispunt,Gemeenteweg,binnen bebouwde kom,Met een voetganger,Geen hindernis
15539,143,Eco Display Classic Budastraat,Kortrijk,50.83066,3.26286,1.3264325721799375,50.83179507418797,3.2816608869329476,2019,8,18,34022,Kortrijk,Normaal,"Nat, plassen",Dag,met zwaargewonden,3,Fiets,8,Voetganger,Buiten Kruispunt,Gemeenteweg,binnen bebouwde kom,Met een voetganger,Geen hindernis
15539,75,Kortrijk teller 2,Kortrijk,50.81925,3.25731,2.207119446916523,50.83179507418797,3.2816608869329476,2019,8,18,34022,Kortrijk,Normaal,"Nat, plassen",Dag,met zwaargewonden,3,Fiets,8,Voetganger,Buiten Kruispunt,Gemeenteweg,binnen bebouwde kom,Met een voetganger,Geen hindernis
15539,74,Kortrijk teller 1,Kortrijk,50.81909,3.25728,2.2200340545837665,50.83179507418797,3.2816608869329476,2019,8,18,34022,Kortrijk,Normaal,"Nat, plassen",Dag,met zwaargewonden,3,Fiets,8,Voetganger,Buiten Kruispunt,Gemeenteweg,binnen bebouwde kom,Met een voetganger,Geen hindernis
15540,16,Kortrijk 1,Kortrijk,50.83332,3.27777,2.0982707544288814,50.81882289449358,3.296893189818324,2019,8,21,34022,Kortrijk,Normaal,Droog,Dageraad - schemering,met lichtgewonden,9,personenauto,3,Fiets,Op Kruispunt,Gewestweg,buiten bebouwde kom,Tss. 2 best.: langs opzij (voor-/achterkant-flank),Geen hindernis