crash_row_id,site_id,site_name,site_gemeente,site_lat,site_long,distance_km,crash_lat,crash_long,DT_YEAR_COLLISION,DT_MONTH_COLLISION,DT_TIME,CD_NIS,TX_MUNTY_COLLISION_NL,TX_WEATHER_NL,TX_ROAD_CONDITION_NL,TX_LIGHT_CONDITION_NL,TX_CLASS_ACCIDENTS_NL,CD_ROAD_USR_TYPE1,TX_ROAD_USR_TYPE1_NL,CD_ROAD_USR_TYPE2,TX_ROAD_USR_TYPE2_NL,TX_CROSSWAY_NL,CD_ROAD_TYPE_NL,TX_BUILD_UP_AREA_NL,TX_COLLISION_TYPE_NL,TX_OBSTACLES_NL
15540,17,Kortrijk 2,Kortrijk,50.83339,3.27773,2.1060503507619432,50.81882289449358,3.296893189818324,2019,8,21,34022,Kortrijk,Normaal,Droog,Dageraad - schemering,met lichtgewonden,9,personenauto,3,Fiets,Op Kruispunt,Gewestweg,buiten bebouwde kom,Tss. 2 best.: langs opzij (voor-/achterkant-flank),Geen hindernis
15541,74,Kortrijk teller 1,Kortrijk,50.81909,3.25728,1.452988689525446,50.816877746429874,3.2776641356719374,2019,8,18,34022,Kortrijk,Normaal,Droog,Dag,met lichtgewonden,9,personenauto,3,Fiets,Op Kruispunt,Gemeenteweg,binnen bebouwde kom,Tss. 2 best.: langs opzij (voor-/achterkant-flank),Geen hindernis
15541,75,Kortrijk teller 2,Kortrijk,50.81925,3.25731,1.45403129003788,50.816877746429874,3.2776641356719374,2019,8,18,34022,Kortrijk,Normaal,Droog,Dag,met lichtgewonden,9,personenauto,3,Fiets,Op Kruispunt,Gemeenteweg,binnen bebouwde kom,Tss. 2 best.: langs opzij (voor-/achterkant-flank),Geen hindernis
15541,16,Kortrijk 1,Kortrijk,50.83332,3.27777,1.8283103012386803,50.816877746429874,3.2776641356719374,2019,8,18,34022,Kortrijk,Normaal,Droog,Dag,met lichtgewonden,9,personenauto,3,Fiets,Op Kruispunt,Gemeenteweg,binnen bebouwde kom,Tss. 2 best.: langs opzij (voor-/achterkant-flank),Geen hindernis
15541,17,Kortrijk 2,Kortrijk,50.83339,3.27773,1.8360846529490684,50.816877746429874,3.2776641356719374,2019,8,18,34022,Kortrijk,Normaal,Droog,Dag,met lichtgewonden,9,personenauto,3,Fiets,Op Kruispunt,Gemeenteweg,binnen bebouwde kom,Tss. 2 best.: langs opzij (voor-/achterkant-flank),Geen hindernis
15541,143,Eco Display Classic Budastraat,Kortrijk,50.83066,3.26286,1.8520158798999766,50.816877746429874,3.2776641356719374,2019,8,18,34022,Kortrijk,Normaal,Droog,Dag,met lichtgewonden,9,personenauto,3,Fiets,Op Kruispunt,Gemeenteweg,binnen bebouwde kom,Tss. 2 best.: langs opzij (voor-/achterkant-flank),Geen hindernis
15542,143,Eco Display Classic Budastraat,Kortrijk,50.83066,3.26286,0.588385284355514,50.825439800364514,3.261489647431482,2019,8,17,34022,Kortrijk,Normaal,Droog,Dag,met lichtgewonden,3,Fiets,9,personenauto,Buiten Kruispunt,Gemeenteweg,binnen bebouwde kom,Tss. 2 best.: langs opzij (voor-/achterkant-flank),Geen hindernis
15542,75,Kortrijk teller 2,Kortrijk,50.81925,3.25731,0.7482792422572484,50.825439800364514,3.261489647431482,2019,8,17,34022,Kortrijk,Normaal,Droog,Dag,met lichtgewonden,3,Fiets,9,personenauto,Buiten Kruispunt,Gemeenteweg,binnen bebouwde kom,Tss. 2 best.: langs opzij (voor-/achterkant-flank),Geen hindernis
15542,74,Kortrijk teller 1,Kortrijk,50.81909,3.25728,0.7654873986932592,50.825439800364514,3.261489647431482,2019,8,17,34022,Kortrijk,Normaal,Droog,Dag,met lichtgewonden,3,Fiets,9,personenauto,Buiten Kruispunt,Gemeenteweg,binnen bebouwde kom,Tss. 2 best.: langs opzij (voor-/achterkant-flank),Geen hindernis
15542,16,Kortrijk 1,Kortrijk,50.83332,3.27777,1.4405710406657035,50.825439800364514,3.261489647431482,2019,8,17,34022,Kortrijk,Normaal,Droog,Dag,met lichtgewonden,3,Fiets,9,personenauto,Buiten Kruispunt,Gemeenteweg,binnen bebouwde kom,Tss. 2 best.: langs opzij (voor-/achterkant-flank),Geen hindernis
15542,17,Kortrijk 2,Kortrijk,50.83339,3.27773,1.4430964694046213,50.825439800364514,3.261489647431482,2019,8,17,34022,Kortrijk,Normaal,Droog,Dag,met lichtgewonden,3,Fiets,9,personenauto,Buiten Kruispunt,Gemeenteweg,binnen bebouwde kom,Tss. 2 best.: langs opzij (voor-/achterkant-flank),Geen hindernis
15543,17,Kortrijk 2,Kortrijk,50.83339,3.27773,0.7218827237328321,50.83815961193889,3.2847037783878674,2019,8,16,34022,Kortrijk,Normaal,Droog,Dag,met lichtgewonden,9,personenauto,3,Fiets,Buiten Kruispunt,Gewestweg,binnen bebouwde kom,Tss. 2 best.: langs opzij (voor-/achterkant-flank),Geen hindernis
15543,16,Kortrijk 1,Kortrijk,50.83332,3.27777,0.7257330217826128,50.83815961193889,3.2847037783878674,2019,8,16,34022,Kortrijk,Normaal,Droog,Dag,met lichtgewonden,9,personenauto,3,Fiets,Buiten Kruispunt,Gewestweg,binnen bebouwde kom,Tss. 2 best.: langs opzij (voor-/achterkant-flank),Geen hindernis
15543,143,Eco Display Classic Budastraat,Kortrijk,50.83066,3.26286,1.7460315881333266,50.83815961193889,3.2847037783878674,2019,8,16,34022,Kortrijk,Normaal,Droog,Dag,met lichtgewonden,9,personenauto,3,Fiets,Buiten Kruispunt,Gewestweg,binnen bebouwde kom,Tss. 2 best.: langs opzij (voor-/achterkant-flank),Geen hindernis
15544,16,Kortrijk 1,Kortrijk,50.83332,3.27777,1.1520852215589263,50.823140696489226,3.2808280408373225,2019,8,15,34022,Kortrijk,Normaal,Droog,Dag,met lichtgewonden,9,personenauto,3,Fiets,Op Kruispunt,Gemeenteweg,binnen bebouwde kom,Tss. 2 best.: langs opzij (voor-/achterkant-flank),Geen hindernis
15544,17,Kortrijk 2,Kortrijk,50.83339,3.27773,1.1602568786237524,50.823140696489226,3.2808280408373225,2019,8,15,34022,Kortrijk,Normaal,Droog,Dag,met lichtgewonden,9,personenauto,3,Fiets,Op Kruispunt,Gemeenteweg,binnen bebouwde kom,Tss. 2 best.: langs opzij (voor-/achterkant-flank),Geen hindernis
15544,143,Eco Display Classic Budastraat,Kortrijk,50.83066,3.26286,1.5138757366328308,50.823140696489226,3.2808280408373225,2019,8,15,34022,Kortrijk,Normaal,Droog,Dag,met lichtgewonden,9,personenauto,3,Fiets,Op Kruispunt,Gemeenteweg,binnen bebouwde kom,Tss. 2 best.: langs opzij (voor-/achterkant-flank),Geen hindernis
15544,75,Kortrijk teller 2,Kortrijk,50.81925,3.25731,1.707768390949584,50.823140696489226,3.2808280408373225,2019,8,15,34022,Kortrijk,Normaal,Droog,Dag,met lichtgewonden,9,personenauto,3,Fiets,Op Kruispunt,Gemeenteweg,binnen bebouwde kom,Tss. 2 best.: langs opzij (voor-/achterkant-flank),Geen hindernis
15544,74,Kortrijk teller 1,Kortrijk,50.81909,3.25728,1.7143979033850778,50.823140696489226,3.2808280408373225,2019,8,15,34022,Kortrijk,Normaal,Droog,Dag,met lichtgewonden,9,personenauto,3,Fiets,Op Kruispunt,Gemeenteweg,binnen bebouwde kom,Tss. 2 best.: langs opzij (voor-/achterkant-flank),Geen hindernis
15545,143,Eco Display Classic Budastraat,Kortrijk,50.83066,3.26286,1.1010321204796485,50.8230432240506,3.2728763472291886,2019,8,19,34022,Kortrijk,Normaal,Droog,Dag,met lichtgewonden,9,personenauto,3,Fiets,Buiten Kruispunt,Gemeenteweg,binnen bebouwde kom,Tussen 2 bestuurders: Langs achteren,Geen hindernis
15545,75,Kortrijk teller 2,Kortrijk,50.81925,3.25731,1.172011511621976,50.8230432240506,3.2728763472291886,2019,8,19,34022,Kortrijk,Normaal,Droog,Dag,met lichtgewonden,9,personenauto,3,Fiets,Buiten Kruispunt,Gemeenteweg,binnen bebouwde kom,Tussen 2 bestuurders: Langs achteren,Geen hindernis
15545,74,Kortrijk teller 1,Kortrijk,50.81909,3.25728,1.1804884880564055,50.8230432240506,3.2728763472291886,2019,8,19,34022,Kortrijk,Normaal,Droog,Dag,met lichtgewonden,9,personenauto,3,Fiets,Buiten Kruispunt,Gemeenteweg,binnen bebouwde kom,Tussen 2 bestuurders: Langs achteren,Geen hindernis
15545,16,Kortrijk 1,Kortrijk,50.83332,3.27777,1.193297277978251,50.8230432240506,3.2728763472291886,2019,8,19,34022,Kortrijk,Normaal,Droog,Dag,met lichtgewonden,9,personenauto,3,Fiets,Buiten Kruispunt,Gemeenteweg,binnen bebouwde kom,Tussen 2 bestuurders: Langs achteren,Geen hindernis
15545,17,Kortrijk 2,Kortrijk,50.83339,3.27773,1.19995189993587,50.8230432240506,3.2728763472291886,2019,8,19,34022,Kortrijk,Normaal,Droog,Dag,met lichtgewonden,9,personenauto,3,Fiets,Buiten Kruispunt,Gemeenteweg,binnen bebouwde kom,Tussen 2 bestuurders: Langs achteren,Geen hindernis
15556,66,Nieuwpoort totem,Nieuwpoort,51.1347,2.74369,0.44708292338078837,51.13229678844838,2.7488269268480936,2019,8,15,38016,Nieuwpoort,Normaal,Droog,Dag,met lichtgewonden,9,personenauto,3,Fiets,Op Kruispunt,Gemeenteweg,binnen bebouwde kom,Tss. 2 best.: langs opzij (voor-/achterkant-flank),Geen hindernis
15556,65,Nieuwpoort teller 2,Nieuwpoort,51.13435,2.75511,0.49429250274909065,51.13229678844838,2.7488269268480936,2019,8,15,38016,Nieuwpoort,Normaal,Droog,Dag,met lichtgewonden,9,personenauto,3,Fiets,Op Kruispunt,Gemeenteweg,binnen bebouwde kom,Tss. 2 best.: langs opzij (voor-/achterkant-flank),Geen hindernis
15556,63,Nieuwpoort teller 3,Nieuwpoort,51.13529,2.74289,0.5313937434759919,51.13229678844838,2.7488269268480936,2019,8,15,38016,Nieuwpoort,Normaal,Droog,Dag,met lichtgewonden,9,personenauto,3,Fiets,Op Kruispunt,Gemeenteweg,binnen bebouwde kom,Tss. 2 best.: langs opzij (voor-/achterkant-flank),Geen hindernis
15556,64,Nieuwpoort teller 1,Nieuwpoort,51.13359,2.75737,0.6132050852928351,51.13229678844838,2.7488269268480936,2019,8,15,38016,Nieuwpoort,Normaal,Droog,Dag,met lichtgewonden,9,personenauto,3,Fiets,Op Kruispunt,Gemeenteweg,binnen bebouwde kom,Tss. 2 best.: langs opzij (voor-/achterkant-flank),Geen hindernis
15557,66,Nieuwpoort totem,Nieuwpoort,51.1347,2.74369,0.2778875511761648,51.133182108597964,2.746853856853749,2019,8,14,38016,Nieuwpoort,Normaal,Droog,Dag,met lichtgewonden,5,Lichte vrachtauto,3,Fiets,Buiten Kruispunt,Gewestweg,binnen bebouwde kom,Tss. 2 best.: langs opzij (voor-/achterkant-flank),Geen hindernis
15557,63,Nieuwpoort teller 3,Nieuwpoort,51.13529,2.74289,0.36253514109919327,51.133182108597964,2.746853856853749,2019,8,14,38016,Nieuwpoort,Normaal,Droog,Dag,met lichtgewonden,5,Lichte vrachtauto,3,Fiets,Buiten Kruispunt,Gewestweg,binnen bebouwde kom,Tss. 2 best.: langs opzij (voor-/achterkant-flank),Geen hindernis
15557,65,Nieuwpoort teller 2,Nieuwpoort,51.13435,2.75511,0.5905309140606627,51.133182108597964,2.746853856853749,2019,8,14,38016,Nieuwpoort,Normaal,Droog,Dag,met lichtgewonden,5,Lichte vrachtauto,3,Fiets,Buiten Kruispunt,Gewestweg,binnen bebouwde kom,Tss. 2 best.: langs opzij (voor-/achterkant-flank),Geen hindernis
15557,64,Nieuwpoort teller 1,Nieuwpoort,51.13359,2.75737,0.7351734358738125,51.133182108597964,2.746853856853749,2019,8,14,38016,Nieuwpoort,Normaal,Droog,Dag,met lichtgewonden,5,Lichte vrachtauto,3,Fiets,Buiten Kruispunt,Gewestweg,binnen bebouwde kom,Tss. 2 best.: langs opzij (voor-/achterkant-flank),Geen hindernis
15558,67,Ieper totem,Ieper,50.85018,2.85624,2.452534901507988,50.84287053261925,2.8891981528707307,2019,8,11,33011,Ieper,Normaal,Droog,Dag,met lichtgewonden,3,Fiets,9,personenauto,Buiten Kruispunt,Gewestweg,buiten bebouwde kom,Tss. 2 best.: langs opzij (voor-/achterkant-flank),Geen hindernis
15558,68,Ieper,Ieper,50.85032,2.85608,2.468313555300821,50.84287053261925,2.8891981528707307,2019,8,11,33011,Ieper,Normaal,Droog,Dag,met lichtgewonden,3,Fiets,9,personenauto,Buiten Kruispunt,Gewestweg,buiten bebouwde kom,Tss. 2 best.: langs opzij (voor-/achterkant-flank),Geen hindernis
15564,67,Ieper totem,Ieper,50.85018,2.85624,2.433215726406578,50.828312248891734,2.8575092132213644,2019,8,7,33011,Ieper,Normaal,Droog+Proper,Dag,met lichtgewonden,9,personenauto,3,Fiets,Op Kruispunt,Gewestweg,buiten bebouwde kom,Tss. 2 best.: langs opzij (voor-/achterkant-flank),Geen hindernis
15564,68,Ieper,Ieper,50.85032,2.85608,2.449207268539959,50.828312248891734,2.8575092132213644,2019,8,7,33011,Ieper,Normaal,Droog+Proper,Dag,met lichtgewonden,9,personenauto,3,Fiets,Op Kruispunt,Gewestweg,buiten bebouwde kom,Tss. 2 best.: langs opzij (voor-/achterkant-flank),Geen hindernis
15568,41,Maasmechelen teller 1,Maasmechelen,50.97025,5.69799,0.706313714402403,50.96409817684618,5.695477624577967,2019,8,14,73107,Maasmechelen,Normaal,Droog,Dag,met lichtgewonden,9,personenauto,3,Fiets,Op Kruispunt,Gewestweg,buiten bebouwde kom,Tussen 2 bestuurders: Flank tegen flank,Geen hindernis
15568,42,Maasmechelen teller 2,Maasmechelen,50.97043,5.6981,0.7276207682294643,50.96409817684618,5.695477624577967,2019,8,14,73107,Maasmechelen,Normaal,Droog,Dag,met lichtgewonden,9,personenauto,3,Fiets,Op Kruispunt,Gewestweg,buiten bebouwde kom,Tussen 2 bestuurders: Flank tegen flank,Geen hindernis
15571,124,Beveren teller 2,Beveren,51.1964712,4.2361077,0.31510217343793245,51.199296773373256,4.235763743272178,2019,8,23,46003,Beveren,Normaal,Droog+Proper,"Nacht, openbare verlichting aanwezig en ontstoken",met lichtgewonden,9,personenauto,3,Fiets,Op Kruispunt,Gewestweg,binnen bebouwde kom,Tussen 2 bestuurders: Flank tegen flank,Geen hindernis
15580,106,St. pieters leeuw teller 1,Sint-Pieters-Leeuw,50.75533,4.24951,2.404959879776413,50.766519668002054,4.278770259767763,2019,8,18,23003,Beersel,Normaal,Droog,Dag,Met doden,3,Fiets,9,personenauto,Op Kruispunt,Gemeenteweg,binnen bebouwde kom,Tss. 2 best.: langs opzij (voor-/achterkant-flank),Geen hindernis
15580,105,St. pieters leeuw teller 2,Halle,50.75509,4.24943,2.4236684011691403,50.766519668002054,4.278770259767763,2019,8,18,23003,Beersel,Normaal,Droog,Dag,Met doden,3,Fiets,9,personenauto,Op Kruispunt,Gemeenteweg,binnen bebouwde kom,Tss. 2 best.: langs opzij (voor-/achterkant-flank),Geen hindernis
15583,99,Mechelen teller 1,Mechelen,51.04564,4.46882,1.9891181668794435,51.02779108068608,4.4707130252856375,2019,8,22,12025,Mechelen,Normaal,Droog,"Nacht, openbare verlichting aanwezig en ontstoken",met lichtgewonden,3,Fiets,3,Fiets,Buiten Kruispunt,Gewestweg,binnen bebouwde kom,Tussen 2 bestuurders: Frontale botsing,Geen hindernis
15583,100,Mechelen teller 2,Mechelen,51.0457,4.46883,1.9957288667542332,51.02779108068608,4.4707130252856375,2019,8,22,12025,Mechelen,Normaal,Droog,"Nacht, openbare verlichting aanwezig en ontstoken",met lichtgewonden,3,Fiets,3,Fiets,Buiten Kruispunt,Gewestweg,binnen bebouwde kom,Tussen 2 bestuurders: Frontale botsing,Geen hindernis
15586,99,Mechelen teller 1,Mechelen,51.04564,4.46882,2.1391261557186785,51.02835563262037,4.482251718744013,2019,8,8,12025,Mechelen,Normaal,Droog,Dag,met lichtgewonden,3,Fiets,3,Fiets,Buiten Kruispunt,Gewestweg,binnen bebouwde kom,Tussen 2 bestuurders: Flank tegen flank,Geen hindernis
15586,100,Mechelen teller 2,Mechelen,51.0457,4.46883,2.1448161533868295,51.02835563262037,4.482251718744013,2019,8,8,12025,Mechelen,Normaal,Droog,Dag,met lichtgewonden,3,Fiets,3,Fiets,Buiten Kruispunt,Gewestweg,binnen bebouwde kom,Tussen 2 bestuurders: Flank tegen flank,Geen hindernis
15587,137,Hasselt-Kempische brug,Hasselt,50.9411605,5.3417576,1.30706231080432,50.941822749529265,5.323132351102709,2019,8,12,71022,Hasselt,Onbekend,Droog,Dag,met lichtgewonden,3,Fiets,5,Lichte vrachtauto,Op Kruispunt,Gewestweg,buiten bebouwde kom,Tss. 2 best.: langs opzij (voor-/achterkant-flank),Geen hindernis
15587,138,Hasselt-Kempische brug,Hasselt,50.9405318,5.3422472,1.346970152094823,50.941822749529265,5.323132351102709,2019,8,12,71022,Hasselt,Onbekend,Droog,Dag,met lichtgewonden,3,Fiets,5,Lichte vrachtauto,Op Kruispunt,Gewestweg,buiten bebouwde kom,Tss. 2 best.: langs opzij (voor-/achterkant-flank),Geen hindernis
15587,140,Hasselt ring,Hasselt,50.9300038,5.3438616,1.9588578563852048,50.941822749529265,5.323132351102709,2019,8,12,71022,Hasselt,Onbekend,Droog,Dag,met lichtgewonden,3,Fiets,5,Lichte vrachtauto,Op Kruispunt,Gewestweg,buiten bebouwde kom,Tss. 2 best.: langs opzij (voor-/achterkant-flank),Geen hindernis
15588,140,Hasselt ring,Hasselt,50.9300038,5.3438616,0.09063784140360265,50.93054466814085,5.344829174696124,2019,8,14,71022,Hasselt,Normaal,Droog,Dag,met lichtgewonden,6,Bromfiets,3,Fiets,Buiten Kruispunt,Gewestweg,binnen bebouwde kom,Tussen 2 bestuurders: Frontale botsing,Geen hindernis
15588,138,Hasselt-Kempische brug,Hasselt,50.9405318,5.3422472,1.1251608327639468,50.93054466814085,5.344829174696124,2019,8,14,71022,Hasselt,Normaal,Droog,Dag,met lichtgewonden,6,Bromfiets,3,Fiets,Buiten Kruispunt,Gewestweg,binnen bebouwde kom,Tussen 2 bestuurders: Frontale botsing,Geen hindernis
15588,137,Hasselt-Kempische brug,Hasselt,50.9411605,5.3417576,1.1998892345382344,50.93054466814085,5.344829174696124,2019,8,14,71022,Hasselt,Normaal,Droog,Dag,met lichtgewonden,6,Bromfiets,3,Fiets,Buiten Kruispunt,Gewestweg,binnen bebouwde kom,Tussen 2 bestuurders: Frontale botsing,Geen hindernis
15589,140,Hasselt ring,Hasselt,50.9300038,5.3438616,1.1200653408137662,50.92038434300422,5.339120457349243,2019,8,15,71022,Hasselt,Regenval,"Nat, plassen",Dag,met lichtgewonden,9,personenauto,3,Fiets,Buiten Kruispunt,Gemeenteweg,binnen bebouwde kom,Tussen 2 bestuurders: Langs achteren,Geen hindernis
15589,138,Hasselt-Kempische brug,Hasselt,50.9405318,5.3422472,2.2509862361904514,50.92038434300422,5.339120457349243,2019,8,15,71022,Hasselt,Regenval,"Nat, plassen",Dag,met lichtgewonden,9,personenauto,3,Fiets,Buiten Kruispunt,Gemeenteweg,binnen bebouwde kom,Tussen 2 bestuurders: Langs achteren,Geen hindernis
15589,137,Hasselt-Kempische brug,Hasselt,50.9411605,5.3417576,2.3175840248467128,50.92038434300422,5.339120457349243,2019,8,15,71022,Hasselt,Regenval,"Nat, plassen",Dag,met lichtgewonden,9,personenauto,3,Fiets,Buiten Kruispunt,Gemeenteweg,binnen bebouwde kom,Tussen 2 bestuurders: Langs achteren,Geen hindernis
15594,140,Hasselt ring,Hasselt,50.9300038,5.3438616,1.6406941004147904,50.92597490232977,5.366381815867268,2019,8,14,71022,Hasselt,Normaal,Droog,Dag,met lichtgewonden,3,Fiets,3,Fiets,Op Kruispunt,Gewestweg,binnen bebouwde kom,Tussen 2 bestuurders: Frontale botsing,Geen hindernis
15594,138,Hasselt-Kempische brug,Hasselt,50.9405318,5.3422472,2.341055504284538,50.92597490232977,5.366381815867268,2019,8,14,71022,Hasselt,Normaal,Droog,Dag,met lichtgewonden,3,Fiets,3,Fiets,Op Kruispunt,Gewestweg,binnen bebouwde kom,Tussen 2 bestuurders: Frontale botsing,Geen hindernis
15594,137,Hasselt-Kempische brug,Hasselt,50.9411605,5.3417576,2.414319144024463,50.92597490232977,5.366381815867268,2019,8,14,71022,Hasselt,Normaal,Droog,Dag,met lichtgewonden,3,Fiets,3,Fiets,Op Kruispunt,Gewestweg,binnen bebouwde kom,Tussen 2 bestuurders: Frontale botsing,Geen hindernis
15595,138,Hasselt-Kempische brug,Hasselt,50.9405318,5.3422472,0.6021863547557806,50.935314643457346,5.339942150878716,2019,8,22,71022,Hasselt,Normaal,Droog,"Nacht, openbare verlichting aanwezig en ontstoken",met zwaargewonden,3,Fiets,7,Motorfiets,Buiten Kruispunt,Gewestweg,binnen bebouwde kom,Tss. 2 best.: langs opzij (voor-/achterkant-flank),Geen hindernis
15595,140,Hasselt ring,Hasselt,50.9300038,5.3438616,0.6512908682251574,50.935314643457346,5.339942150878716,2019,8,22,71022,Hasselt,Normaal,Droog,"Nacht, openbare verlichting aanwezig en ontstoken",met zwaargewonden,3,Fiets,7,Motorfiets,Buiten Kruispunt,Gewestweg,binnen bebouwde kom,Tss. 2 best.: langs opzij (voor-/achterkant-flank),Geen hindernis
15595,137,Hasselt-Kempische brug,Hasselt,50.9411605,5.3417576,0.6623598977526156,50.935314643457346,5.339942150878716,2019,8,22,71022,Hasselt,Normaal,Droog,"Nacht, openbare verlichting aanwezig en ontstoken",met zwaargewonden,3,Fiets,7,Motorfiets,Buiten Kruispunt,Gewestweg,binnen bebouwde kom,Tss. 2 best.: langs opzij (voor-/achterkant-flank),Geen hindernis
15598,32,Lummen,Lummen,50.97971,5.20961,1.4238577982415734,50.97192933364542,5.225762023224231,2019,8,14,71037,Lummen,Normaal,Droog,Dag,met lichtgewonden,5,Lichte vrachtauto,3,Fiets,Op Kruispunt,Gewestweg,buiten bebouwde kom,Tss. 2 best.: langs opzij (voor-/achterkant-flank),Geen hindernis
15598,33,Lummen,Lummen,50.97978,5.20936,1.4424951657837706,50.97192933364542,5.225762023224231,2019,8,14,71037,Lummen,Normaal,Droog,Dag,met lichtgewonden,5,Lichte vrachtauto,3,Fiets,Op Kruispunt,Gewestweg,buiten bebouwde kom,Tss. 2 best.: langs opzij (voor-/achterkant-flank),Geen hindernis
15599,30,Herk De Stad,Herk-de-Stad,50.94374,5.17691,0.6327461893039764,50.938748336528754,5.172574184666057,2019,8,17,71024,Herk-de-Stad,Regenval,"Nat, plassen",Dag,met lichtgewonden,9,personenauto,3,Fiets,Op Kruispunt,Gewestweg,binnen bebouwde kom,Tss. 2 best.: langs opzij (voor-/achterkant-flank),Geen hindernis
15599,31,Herk De Stad,Herk-de-Stad,50.94366,5.1775,0.6460633607418259,50.938748336528754,5.172574184666057,2019,8,17,71024,Herk-de-Stad,Regenval,"Nat, plassen",Dag,met lichtgewonden,9,personenauto,3,Fiets,Op Kruispunt,Gewestweg,binnen bebouwde kom,Tss. 2 best.: langs opzij (voor-/achterkant-flank),Geen hindernis
15603,150,Bertem,District Leuven,50.8687535,4.56136297,2.087915006754736,50.86020453019375,4.534875004941916,2019,8,16,24104,Tervuren,Normaal,Droog,Dag,met lichtgewonden,9,personenauto,3,Fiets,Op Kruispunt,Gemeenteweg,binnen bebouwde kom,Tss. 2 best.: langs opzij (voor-/achterkant-flank),Geen hindernis
15609,113,Deinze teller 2,Deinze,50.96018,3.55578,2.422169339794817,50.98139434062157,3.5479269659106616,2019,8,13,44083,Deinze,Normaal,Droog,Dag,met lichtgewonden,9,personenauto,3,Fiets,Op Kruispunt,Gewestweg,buiten bebouwde kom,Tussen 2 bestuurders: Flank tegen flank,Geen hindernis
15609,114,Deinze teller 1,Nazareth,50.9598305,3.555502,2.455755696000207,50.98139434062157,3.5479269659106616,2019,8,13,44083,Deinze,Normaal,Droog,Dag,met lichtgewonden,9,personenauto,3,Fiets,Op Kruispunt,Gewestweg,buiten bebouwde kom,Tussen 2 bestuurders: Flank tegen flank,Geen hindernis
15619,2,Brasschaat 2,Brasschaat,51.27512,4.47169,2.3533371729095065,51.255299529502366,4.4598304733686875,2019,9,10,11002,Antwerpen,Normaal,Onbekend,Dag,met lichtgewonden,9,personenauto,3,Fiets,Op Kruispunt,Gewestweg,binnen bebouwde kom,Tss. 2 best.: langs opzij (voor-/achterkant-flank),Geen hindernis
15619,3,Brasschaat 1,Brasschaat,51.27503,4.47222,2.3572018523677314,51.255299529502366,4.4598304733686875,2019,9,10,11002,Antwerpen,Normaal,Onbekend,Dag,met lichtgewonden,9,personenauto,3,Fiets,Op Kruispunt,Gewestweg,binnen bebouwde kom,Tss. 2 best.: langs opzij (voor-/achterkant-flank),Geen hindernis
15661,2,Brasschaat 2,Brasschaat,51.27512,4.47169,2.130447060553873,51.27224656165355,4.4414105195281754,2019,9,18,11002,Antwerpen,Regenval,"Nat, plassen",Dag,met lichtgewonden,9,personenauto,3,Fiets,Op Kruispunt,Gemeenteweg,binnen bebouwde kom,Tss. 2 best.: langs opzij (voor-/achterkant-flank),Geen hindernis
15661,3,Brasschaat 1,Brasschaat,51.27503,4.47222,2.1654549485218233,51.27224656165355,4.4414105195281754,2019,9,18,11002,Antwerpen,Regenval,"Nat, plassen",Dag,met lichtgewonden,9,personenauto,3,Fiets,Op Kruispunt,Gemeenteweg,binnen bebouwde kom,Tss. 2 best.: langs opzij (voor-/achterkant-flank),Geen hindernis
15757,2,Brasschaat 2,Brasschaat,51.27512,4.47169,1.0207043886703082,51.267600538420375,4.4632746503168,2019,9,18,11040,Schoten,Normaal,Droog+Proper,Dag,met lichtgewonden,3,Fiets,3,Fiets,Buiten Kruispunt,Gewestweg,buiten bebouwde kom,Tussen 2 bestuurders: Frontale botsing,Geen hindernis
15757,3,Brasschaat 1,Brasschaat,51.27503,4.47222,1.0342790441545342,51.267600538420375,4.4632746503168,2019,9,18,11040,Schoten,Normaal,Droog+Proper,Dag,met lichtgewonden,3,Fiets,3,Fiets,Buiten Kruispunt,Gewestweg,buiten bebouwde kom,Tussen 2 bestuurders: Frontale botsing,Geen hindernis
15771,100,Mechelen teller 2,Mechelen,51.0457,4.46883,1.3944182100895584,51.05621218026966,4.479707064895094,2019,9,10,12035,Sint-Katelijne-Waver,Regenval,"Nat, plassen",Dag,Met doden,4,Vrachtwagen,3,Fiets,Op Kruispunt,Gewestweg,buiten bebouwde kom,Tss. 2 best.: langs opzij (voor-/achterkant-flank),Geen hindernis
15771,99,Mechelen teller 1,Mechelen,51.04564,4.46882,1.400395629628412,51.05621218026966,4.479707064895094,2019,9,10,12035,Sint-Katelijne-Waver,Regenval,"Nat, plassen",Dag,Met doden,4,Vrachtwagen,3,Fiets,Op Kruispunt,Gewestweg,buiten bebouwde kom,Tss. 2 best.: langs opzij (voor-/achterkant-flank),Geen hindernis
15777,96,Lier teller 2,Lier,51.11705,4.58444,2.451028978078509,51.134834704950826,4.563690887034309,2019,9,11,12021,Lier,Normaal,Droog,Dag,met lichtgewonden,9,personenauto,3,Fiets,Op Kruispunt,Gemeenteweg,binnen bebouwde kom,Tss. 2 best.: langs opzij (voor-/achterkant-flank),Geen hindernis
15777,95,Lier teller 1,Lier,51.11687,4.58437,2.464343850976249,51.134834704950826,4.563690887034309,2019,9,11,12021,Lier,Normaal,Droog,Dag,met lichtgewonden,9,personenauto,3,Fiets,Op Kruispunt,Gemeenteweg,binnen bebouwde kom,Tss. 2 best.: langs opzij (voor-/achterkant-flank),Geen hindernis
15778,92,Nijlen teller 1,Nijlen,51.14989,4.64479,2.072970365657894,51.15393519549203,4.673802804400676,2019,9,2,12026,Nijlen,Normaal,Onbekend,"Nacht, openbare verlichting aanwezig en ontstoken",met lichtgewonden,9,personenauto,3,Fiets,Op Kruispunt,Gemeenteweg,binnen bebouwde kom,Tss. 2 best.: langs opzij (voor-/achterkant-flank),Geen hindernis