crash_row_id,site_id,site_name,site_gemeente,site_lat,site_long,distance_km,crash_lat,crash_long,DT_YEAR_COLLISION,DT_MONTH_COLLISION,DT_TIME,CD_NIS,TX_MUNTY_COLLISION_NL,TX_WEATHER_NL,TX_ROAD_CONDITION_NL,TX_LIGHT_CONDITION_NL,TX_CLASS_ACCIDENTS_NL,CD_ROAD_USR_TYPE1,TX_ROAD_USR_TYPE1_NL,CD_ROAD_USR_TYPE2,TX_ROAD_USR_TYPE2_NL,TX_CROSSWAY_NL,CD_ROAD_TYPE_NL,TX_BUILD_UP_AREA_NL,TX_COLLISION_TYPE_NL,TX_OBSTACLES_NL
15778,93,Nijlen teller 2,Nijlen,51.14998,4.64469,2.077636181200467,51.15393519549203,4.673802804400676,2019,9,2,12026,Nijlen,Normaal,Onbekend,"Nacht, openbare verlichting aanwezig en ontstoken",met lichtgewonden,9,personenauto,3,Fiets,Op Kruispunt,Gemeenteweg,binnen bebouwde kom,Tss. 2 best.: langs opzij (voor-/achterkant-flank),Geen hindernis
15779,93,Nijlen teller 2,Nijlen,51.14998,4.64469,1.7955168697492576,51.14545069899553,4.619982730259856,2019,9,16,12026,Nijlen,Normaal,Onbekend,Dag,met lichtgewonden,3,Fiets,5,Lichte vrachtauto,Buiten Kruispunt,Gemeenteweg,buiten bebouwde kom,Tss. 2 best.: langs opzij (voor-/achterkant-flank),Geen hindernis
15779,92,Nijlen teller 1,Nijlen,51.14989,4.64479,1.7994439584706883,51.14545069899553,4.619982730259856,2019,9,16,12026,Nijlen,Normaal,Onbekend,Dag,met lichtgewonden,3,Fiets,5,Lichte vrachtauto,Buiten Kruispunt,Gemeenteweg,buiten bebouwde kom,Tss. 2 best.: langs opzij (voor-/achterkant-flank),Geen hindernis
15780,92,Nijlen teller 1,Nijlen,51.14989,4.64479,1.620060680268602,51.15819611750991,4.6638739122445125,2019,9,12,12026,Nijlen,Normaal,Droog,Dag,met lichtgewonden,6,Bromfiets,3,Fiets,Op Kruispunt,Gemeenteweg,buiten bebouwde kom,Tss. 2 best.: langs opzij (voor-/achterkant-flank),Geen hindernis
15780,93,Nijlen teller 2,Nijlen,51.14998,4.64469,1.6201302573485017,51.15819611750991,4.6638739122445125,2019,9,12,12026,Nijlen,Normaal,Droog,Dag,met lichtgewonden,6,Bromfiets,3,Fiets,Op Kruispunt,Gemeenteweg,buiten bebouwde kom,Tss. 2 best.: langs opzij (voor-/achterkant-flank),Geen hindernis
15783,93,Nijlen teller 2,Nijlen,51.14998,4.64469,1.8261230968775133,51.16521120757503,4.65448198003721,2019,9,15,12026,Nijlen,Normaal,Droog,Dag,met lichtgewonden,5,Lichte vrachtauto,3,Fiets,Op Kruispunt,Gemeenteweg,buiten bebouwde kom,Tss. 2 best.: langs opzij (voor-/achterkant-flank),Geen hindernis
15783,92,Nijlen teller 1,Nijlen,51.14989,4.64479,1.8328253227415363,51.16521120757503,4.65448198003721,2019,9,15,12026,Nijlen,Normaal,Droog,Dag,met lichtgewonden,5,Lichte vrachtauto,3,Fiets,Op Kruispunt,Gemeenteweg,buiten bebouwde kom,Tss. 2 best.: langs opzij (voor-/achterkant-flank),Geen hindernis
15785,9,Heist op den Berg 2,Heist-op-den-Berg,51.06904,4.69524,1.0814853315861275,51.074371271847326,4.708186172698938,2019,10,15,12014,Heist-op-den-Berg,Normaal,"Nat, plassen",Dag,met lichtgewonden,3,Fiets,3,Fiets,Buiten Kruispunt,Gemeenteweg,binnen bebouwde kom,Tussen 2 bestuurders: Flank tegen flank,Geen hindernis
15785,8,Heist op den Berg 1,Heist-op-den-Berg,51.06759,4.68823,1.5851705796831579,51.074371271847326,4.708186172698938,2019,10,15,12014,Heist-op-den-Berg,Normaal,"Nat, plassen",Dag,met lichtgewonden,3,Fiets,3,Fiets,Buiten Kruispunt,Gemeenteweg,binnen bebouwde kom,Tussen 2 bestuurders: Flank tegen flank,Geen hindernis
15786,9,Heist op den Berg 2,Heist-op-den-Berg,51.06904,4.69524,0.06452259779731256,51.06913315192366,4.696151450496053,2019,9,5,12014,Heist-op-den-Berg,Normaal,Droog,"Nacht, openbare verlichting aanwezig en ontstoken",met lichtgewonden,9,personenauto,3,Fiets,Op Kruispunt,Gewestweg,buiten bebouwde kom,Tss. 2 best.: langs opzij (voor-/achterkant-flank),Geen hindernis
15786,8,Heist op den Berg 1,Heist-op-den-Berg,51.06759,4.68823,0.5794912524970697,51.06913315192366,4.696151450496053,2019,9,5,12014,Heist-op-den-Berg,Normaal,Droog,"Nacht, openbare verlichting aanwezig en ontstoken",met lichtgewonden,9,personenauto,3,Fiets,Op Kruispunt,Gewestweg,buiten bebouwde kom,Tss. 2 best.: langs opzij (voor-/achterkant-flank),Geen hindernis
15797,133,Gierde Lille Totem,Lille,51.2453915,4.8297416,1.7922960163023565,51.25434415668474,4.808327562224751,2019,9,16,13019,Lille,Regenval,"Nat, plassen",Dag,met lichtgewonden,9,personenauto,3,Fiets,Op Kruispunt,Gewestweg,buiten bebouwde kom,Tss. 2 best.: langs opzij (voor-/achterkant-flank),Geen hindernis
15797,132,Gierde lille,Lille,51.245445,4.8298851,1.7973270341895178,51.25434415668474,4.808327562224751,2019,9,16,13019,Lille,Regenval,"Nat, plassen",Dag,met lichtgewonden,9,personenauto,3,Fiets,Op Kruispunt,Gewestweg,buiten bebouwde kom,Tss. 2 best.: langs opzij (voor-/achterkant-flank),Geen hindernis
15806,112,Geel teller 2,Westerlo,51.1354992,4.9394789,0.5455356034511357,51.1339076149101,4.932083130669169,2019,9,14,13049,Westerlo,Normaal,Droog,Dag,met lichtgewonden,3,Fiets,9,personenauto,Buiten Kruispunt,Gemeenteweg,buiten bebouwde kom,Tussen 2 bestuurders: Flank tegen flank,Geen hindernis
15806,127,Geel totem,Westerlo,51.1342966,4.9400421,0.5570172682424899,51.1339076149101,4.932083130669169,2019,9,14,13049,Westerlo,Normaal,Droog,Dag,met lichtgewonden,3,Fiets,9,personenauto,Buiten Kruispunt,Gemeenteweg,buiten bebouwde kom,Tussen 2 bestuurders: Flank tegen flank,Geen hindernis
15813,98,Geel teller 2,Geel,51.1481,4.99643,0.4687883911393286,51.15201623159803,4.993941310451439,2019,9,16,13008,Geel,Onbekend,Onbekend,Onbekend,met lichtgewonden,3,Fiets,9,personenauto,Op Kruispunt,Gewestweg,onbekend,Tss. 2 best.: langs opzij (voor-/achterkant-flank),Geen hindernis
15813,97,Geel teller 1,Geel,51.14813,4.99698,0.48130938528628575,51.15201623159803,4.993941310451439,2019,9,16,13008,Geel,Onbekend,Onbekend,Onbekend,met lichtgewonden,3,Fiets,9,personenauto,Op Kruispunt,Gewestweg,onbekend,Tss. 2 best.: langs opzij (voor-/achterkant-flank),Geen hindernis
15814,98,Geel teller 2,Geel,51.1481,4.99643,1.621275980433988,51.16172225572255,4.988141753456366,2019,9,17,13008,Geel,Normaal,Droog,Dag,met lichtgewonden,9,personenauto,3,Fiets,Op Kruispunt,Gemeenteweg,binnen bebouwde kom,Tussen 2 bestuurders: Frontale botsing,Geen hindernis
15814,97,Geel teller 1,Geel,51.14813,4.99698,1.632255784386271,51.16172225572255,4.988141753456366,2019,9,17,13008,Geel,Normaal,Droog,Dag,met lichtgewonden,9,personenauto,3,Fiets,Op Kruispunt,Gemeenteweg,binnen bebouwde kom,Tussen 2 bestuurders: Frontale botsing,Geen hindernis
15815,112,Geel teller 2,Westerlo,51.1354992,4.9394789,1.9615944218654255,51.14729796433953,4.960382143558132,2019,9,17,13008,Geel,Normaal,"Nat, plassen",Dag,met lichtgewonden,3,Fiets,9,personenauto,Op Kruispunt,Gewestweg,buiten bebouwde kom,Tss. 2 best.: langs opzij (voor-/achterkant-flank),Geen hindernis
15815,127,Geel totem,Westerlo,51.1342966,4.9400421,2.0257381053782444,51.14729796433953,4.960382143558132,2019,9,17,13008,Geel,Normaal,"Nat, plassen",Dag,met lichtgewonden,3,Fiets,9,personenauto,Op Kruispunt,Gewestweg,buiten bebouwde kom,Tss. 2 best.: langs opzij (voor-/achterkant-flank),Geen hindernis
15822,94,Herentals teller 2,Herentals,51.17345,4.81283,1.3639265523704842,51.16624720423629,4.828664698438313,2019,9,15,13011,Herentals,Normaal,Droog,Dag,met lichtgewonden,3,Fiets,9,personenauto,Op Kruispunt,Gemeenteweg,buiten bebouwde kom,Tussen 2 bestuurders: Frontale botsing,Geen hindernis
15822,110,Herentals totem,Herentals,51.1739426,4.811783,1.4551732324733955,51.16624720423629,4.828664698438313,2019,9,15,13011,Herentals,Normaal,Droog,Dag,met lichtgewonden,3,Fiets,9,personenauto,Op Kruispunt,Gemeenteweg,buiten bebouwde kom,Tussen 2 bestuurders: Frontale botsing,Geen hindernis
15824,94,Herentals teller 2,Herentals,51.17345,4.81283,1.5593522153276576,51.17982038116813,4.832757807906819,2019,9,17,13011,Herentals,Normaal,Droog,Dag,met lichtgewonden,3,Fiets,9,personenauto,Op Kruispunt,Gemeenteweg,binnen bebouwde kom,Tss. 2 best.: langs opzij (voor-/achterkant-flank),Geen hindernis
15824,110,Herentals totem,Herentals,51.1739426,4.811783,1.6015828615316898,51.17982038116813,4.832757807906819,2019,9,17,13011,Herentals,Normaal,Droog,Dag,met lichtgewonden,3,Fiets,9,personenauto,Op Kruispunt,Gemeenteweg,binnen bebouwde kom,Tss. 2 best.: langs opzij (voor-/achterkant-flank),Geen hindernis
15825,94,Herentals teller 2,Herentals,51.17345,4.81283,1.754171176171286,51.179629922845564,4.835982447833892,2019,9,8,13011,Herentals,Normaal,Droog,Dag,met lichtgewonden,3,Fiets,6,Bromfiets,Buiten Kruispunt,Gemeenteweg,binnen bebouwde kom,Tss. 2 best.: langs opzij (voor-/achterkant-flank),Geen hindernis
15825,110,Herentals totem,Herentals,51.1739426,4.811783,1.8015915021076934,51.179629922845564,4.835982447833892,2019,9,8,13011,Herentals,Normaal,Droog,Dag,met lichtgewonden,3,Fiets,6,Bromfiets,Buiten Kruispunt,Gemeenteweg,binnen bebouwde kom,Tss. 2 best.: langs opzij (voor-/achterkant-flank),Geen hindernis
15830,37,Lommel teller 1,Lommel,51.23299,5.29211,1.1493842823935991,51.228251360629336,5.306780539511867,2019,9,14,72020,Lommel,Regenval,"Nat, plassen",Dag,met lichtgewonden,9,personenauto,3,Fiets,Op Kruispunt,Gemeenteweg,binnen bebouwde kom,Tss. 2 best.: langs opzij (voor-/achterkant-flank),Geen hindernis
15830,38,Lommel teller 2,Lommel,51.23277,5.29189,1.1521449565720785,51.228251360629336,5.306780539511867,2019,9,14,72020,Lommel,Regenval,"Nat, plassen",Dag,met lichtgewonden,9,personenauto,3,Fiets,Op Kruispunt,Gemeenteweg,binnen bebouwde kom,Tss. 2 best.: langs opzij (voor-/achterkant-flank),Geen hindernis
15832,38,Lommel teller 2,Lommel,51.23277,5.29189,2.1425570458847414,51.21807730730053,5.311795401148005,2019,9,16,72020,Lommel,Normaal,Droog,Dag,met lichtgewonden,3,Fiets,9,personenauto,Buiten Kruispunt,Gemeenteweg,buiten bebouwde kom,Tussen 2 bestuurders: Langs achteren,Geen hindernis
15832,37,Lommel teller 1,Lommel,51.23299,5.29211,2.1514729199666256,51.21807730730053,5.311795401148005,2019,9,16,72020,Lommel,Normaal,Droog,Dag,met lichtgewonden,3,Fiets,9,personenauto,Buiten Kruispunt,Gemeenteweg,buiten bebouwde kom,Tussen 2 bestuurders: Langs achteren,Geen hindernis
15833,37,Lommel teller 1,Lommel,51.23299,5.29211,1.547649660985111,51.228753072912895,5.313282353233971,2019,9,22,72020,Lommel,Normaal,Droog,"Nacht, openbare verlichting aanwezig en ontstoken",met lichtgewonden,3,Fiets,9,personenauto,Op Kruispunt,Gewestweg,binnen bebouwde kom,Tussen 2 bestuurders: Langs achteren,Geen hindernis
15833,38,Lommel teller 2,Lommel,51.23277,5.29189,1.5550489810474981,51.228753072912895,5.313282353233971,2019,9,22,72020,Lommel,Normaal,Droog,"Nacht, openbare verlichting aanwezig en ontstoken",met lichtgewonden,3,Fiets,9,personenauto,Op Kruispunt,Gewestweg,binnen bebouwde kom,Tussen 2 bestuurders: Langs achteren,Geen hindernis
15834,46,Pelt teller 2,Pelt,51.231,5.44375,0.7210720705092248,51.22840957456345,5.434256391984523,2019,9,15,72043,Pelt,Normaal,Droog,Dag,met lichtgewonden,5,Lichte vrachtauto,3,Fiets,Op Kruispunt,Gewestweg,binnen bebouwde kom,Tussen 2 bestuurders: Langs achteren,Geen hindernis
15834,45,Pelt teller 1,Pelt,51.23127,5.44377,0.7348349209877374,51.22840957456345,5.434256391984523,2019,9,15,72043,Pelt,Normaal,Droog,Dag,met lichtgewonden,5,Lichte vrachtauto,3,Fiets,Op Kruispunt,Gewestweg,binnen bebouwde kom,Tussen 2 bestuurders: Langs achteren,Geen hindernis
15835,46,Pelt teller 2,Pelt,51.231,5.44375,0.8767900814411761,51.22881473018891,5.431651083625419,2019,9,11,72043,Pelt,Normaal,Droog,Dag,dodelijk gewonden,3,Fiets,9,personenauto,Op Kruispunt,Gewestweg,binnen bebouwde kom,Tss. 2 best.: langs opzij (voor-/achterkant-flank),Geen hindernis
15835,45,Pelt teller 1,Pelt,51.23127,5.44377,0.8869029253396544,51.22881473018891,5.431651083625419,2019,9,11,72043,Pelt,Normaal,Droog,Dag,dodelijk gewonden,3,Fiets,9,personenauto,Op Kruispunt,Gewestweg,binnen bebouwde kom,Tss. 2 best.: langs opzij (voor-/achterkant-flank),Geen hindernis
15854,43,Maaseik teller 1,Maaseik,51.09344,5.79715,1.0660499939123513,51.0957958018001,5.782352644651136,2019,9,10,72021,Maaseik,Normaal,Droog,Dag,met lichtgewonden,6,Bromfiets,3,Fiets,Buiten Kruispunt,Gewestweg,binnen bebouwde kom,Tss. 2 best.: langs opzij (voor-/achterkant-flank),Geen hindernis
15854,44,Maaseik teller 2,Maaseik,51.09359,5.79726,1.069548550034576,51.0957958018001,5.782352644651136,2019,9,10,72021,Maaseik,Normaal,Droog,Dag,met lichtgewonden,6,Bromfiets,3,Fiets,Buiten Kruispunt,Gewestweg,binnen bebouwde kom,Tss. 2 best.: langs opzij (voor-/achterkant-flank),Geen hindernis
15855,43,Maaseik teller 1,Maaseik,51.09344,5.79715,1.175514793701732,51.09742525614039,5.781558718891007,2019,9,18,72021,Maaseik,Normaal,Droog,Dag,met lichtgewonden,9,personenauto,3,Fiets,Buiten Kruispunt,Gewestweg,binnen bebouwde kom,Tss. 2 best.: langs opzij (voor-/achterkant-flank),Geen hindernis
15855,44,Maaseik teller 2,Maaseik,51.09359,5.79726,1.1764834250631755,51.09742525614039,5.781558718891007,2019,9,18,72021,Maaseik,Normaal,Droog,Dag,met lichtgewonden,9,personenauto,3,Fiets,Buiten Kruispunt,Gewestweg,binnen bebouwde kom,Tss. 2 best.: langs opzij (voor-/achterkant-flank),Geen hindernis
15857,14,Genk,Genk,50.97172,5.48927,2.092492235948941,50.98333289752232,5.512788203221738,2019,9,11,71016,Genk,Normaal,Droog,Dag,met lichtgewonden,9,personenauto,3,Fiets,Op Kruispunt,Gemeenteweg,buiten bebouwde kom,Tss. 2 best.: langs opzij (voor-/achterkant-flank),Geen hindernis
15858,14,Genk,Genk,50.97172,5.48927,1.3120372284446018,50.96510909967928,5.473750208374024,2019,8,14,71016,Genk,Normaal,Droog,Dag,met zwaargewonden,3,Fiets,10,"één bestuurder, geen hindernis",Buiten Kruispunt,Gewestweg,buiten bebouwde kom,"Eén bestuurder, geen hindernis (incl. val)",Geen hindernis
15860,25,Bree,Bree,51.13679500160176,5.597669323604317,1.3847003402471696,51.14701203412312,5.586321594043776,2019,9,16,72004,Bree,Normaal,Droog,Dag,met zwaargewonden,9,personenauto,3,Fiets,Buiten Kruispunt,Gemeenteweg,binnen bebouwde kom,Tss. 2 best.: langs opzij (voor-/achterkant-flank),Geen hindernis
15861,14,Genk,Genk,50.97172,5.48927,2.099156234654618,50.962053861693356,5.463521272617096,2019,9,17,71016,Genk,Normaal,Droog,Dag,met lichtgewonden,9,personenauto,3,Fiets,Buiten Kruispunt,Gewestweg,buiten bebouwde kom,Tss. 2 best.: langs opzij (voor-/achterkant-flank),Geen hindernis
15862,14,Genk,Genk,50.97172,5.48927,1.8892690703503756,50.974568270505976,5.515870880714773,2019,9,12,71016,Genk,Normaal,"Nat, plassen",Dag,met zwaargewonden,3,Fiets,9,personenauto,Op Kruispunt,Gemeenteweg,buiten bebouwde kom,Tss. 2 best.: langs opzij (voor-/achterkant-flank),Geen hindernis
15863,14,Genk,Genk,50.97172,5.48927,1.1662086507982374,50.96503624825173,5.476435712806904,2019,8,8,71016,Genk,Onbekend,Onbekend,Dag,met lichtgewonden,3,Fiets,9,personenauto,Buiten Kruispunt,Gewestweg,buiten bebouwde kom,Tussen 2 bestuurders: Flank tegen flank,Geen hindernis
15866,25,Bree,Bree,51.13679500160176,5.597669323604317,0.4670887882289473,51.14029862594112,5.593976046887849,2019,9,18,72004,Bree,Normaal,Droog,Dag,met lichtgewonden,9,personenauto,3,Fiets,Op Kruispunt,Gewestweg,binnen bebouwde kom,Tss. 2 best.: langs opzij (voor-/achterkant-flank),Geen hindernis
15868,14,Genk,Genk,50.97172,5.48927,2.1371523673002266,50.953346554084966,5.480313716191542,2019,9,7,71016,Genk,Normaal,Droog,Dag,met lichtgewonden,9,personenauto,3,Fiets,Op Kruispunt,Gewestweg,buiten bebouwde kom,Tss. 2 best.: langs opzij (voor-/achterkant-flank),Geen hindernis
15871,14,Genk,Genk,50.97172,5.48927,1.2893377632292247,50.964592267923976,5.474747093086211,2019,9,18,71016,Genk,Normaal,Droog,Dag,met lichtgewonden,3,Fiets,3,Fiets,Buiten Kruispunt,Gewestweg,buiten bebouwde kom,Tss. 2 best.: langs opzij (voor-/achterkant-flank),Geen hindernis
15872,25,Bree,Bree,51.13679500160176,5.597669323604317,1.1622204197374342,51.14724707594157,5.59770576340645,2019,9,11,72004,Bree,Normaal,Droog,Dag,met lichtgewonden,9,personenauto,3,Fiets,Op Kruispunt,Gewestweg,buiten bebouwde kom,Tss. 2 best.: langs opzij (voor-/achterkant-flank),Geen hindernis
15873,151,Leuven,District Leuven,50.8690262,4.6854839,0.531288690720806,50.8733245609156,4.688790147896725,2019,9,17,24062,Leuven,Normaal,Droog,Dag,met lichtgewonden,3,Fiets,3,Fiets,Op Kruispunt,Gewestweg,binnen bebouwde kom,Tss. 2 best.: langs opzij (voor-/achterkant-flank),Geen hindernis
15873,69,Leuven teller 1,Leuven,50.87549,4.71526,1.8728396337927031,50.8733245609156,4.688790147896725,2019,9,17,24062,Leuven,Normaal,Droog,Dag,met lichtgewonden,3,Fiets,3,Fiets,Op Kruispunt,Gewestweg,binnen bebouwde kom,Tss. 2 best.: langs opzij (voor-/achterkant-flank),Geen hindernis
15873,77,Leuven teller 2,Leuven,50.88672,4.70796,2.00684632589301,50.8733245609156,4.688790147896725,2019,9,17,24062,Leuven,Normaal,Droog,Dag,met lichtgewonden,3,Fiets,3,Fiets,Op Kruispunt,Gewestweg,binnen bebouwde kom,Tss. 2 best.: langs opzij (voor-/achterkant-flank),Geen hindernis
15873,107,leuven totem,Leuven,50.8870744,4.7087919,2.075274151623503,50.8733245609156,4.688790147896725,2019,9,17,24062,Leuven,Normaal,Droog,Dag,met lichtgewonden,3,Fiets,3,Fiets,Op Kruispunt,Gewestweg,binnen bebouwde kom,Tss. 2 best.: langs opzij (voor-/achterkant-flank),Geen hindernis
15875,69,Leuven teller 1,Leuven,50.87549,4.71526,0.8862515402134559,50.868896506590495,4.708164222830899,2019,9,10,24062,Leuven,Normaal,Droog,Dag,met lichtgewonden,9,personenauto,3,Fiets,Op Kruispunt,Gewestweg,binnen bebouwde kom,Tss. 2 best.: langs opzij (voor-/achterkant-flank),Geen hindernis
15875,151,Leuven,District Leuven,50.8690262,4.6854839,1.5916498774928354,50.868896506590495,4.708164222830899,2019,9,10,24062,Leuven,Normaal,Droog,Dag,met lichtgewonden,9,personenauto,3,Fiets,Op Kruispunt,Gewestweg,binnen bebouwde kom,Tss. 2 best.: langs opzij (voor-/achterkant-flank),Geen hindernis
15875,77,Leuven teller 2,Leuven,50.88672,4.70796,1.9819338376183457,50.868896506590495,4.708164222830899,2019,9,10,24062,Leuven,Normaal,Droog,Dag,met lichtgewonden,9,personenauto,3,Fiets,Op Kruispunt,Gewestweg,binnen bebouwde kom,Tss. 2 best.: langs opzij (voor-/achterkant-flank),Geen hindernis
15875,107,leuven totem,Leuven,50.8870744,4.7087919,2.0217692083877954,50.868896506590495,4.708164222830899,2019,9,10,24062,Leuven,Normaal,Droog,Dag,met lichtgewonden,9,personenauto,3,Fiets,Op Kruispunt,Gewestweg,binnen bebouwde kom,Tss. 2 best.: langs opzij (voor-/achterkant-flank),Geen hindernis
15876,69,Leuven teller 1,Leuven,50.87549,4.71526,1.7910264577455726,50.88514677527446,4.735691779825168,2019,9,18,24062,Leuven,Normaal,Droog,Dag,met lichtgewonden,9,personenauto,3,Fiets,Op Kruispunt,Gewestweg,binnen bebouwde kom,Tss. 2 best.: langs opzij (voor-/achterkant-flank),Geen hindernis
15876,107,leuven totem,Leuven,50.8870744,4.7087919,1.8991305158653988,50.88514677527446,4.735691779825168,2019,9,18,24062,Leuven,Normaal,Droog,Dag,met lichtgewonden,9,personenauto,3,Fiets,Op Kruispunt,Gewestweg,binnen bebouwde kom,Tss. 2 best.: langs opzij (voor-/achterkant-flank),Geen hindernis
15876,77,Leuven teller 2,Leuven,50.88672,4.70796,1.9532098897891639,50.88514677527446,4.735691779825168,2019,9,18,24062,Leuven,Normaal,Droog,Dag,met lichtgewonden,9,personenauto,3,Fiets,Op Kruispunt,Gewestweg,binnen bebouwde kom,Tss. 2 best.: langs opzij (voor-/achterkant-flank),Geen hindernis
15877,69,Leuven teller 1,Leuven,50.87549,4.71526,0.31728926103155397,50.87473224313443,4.71090034658775,2019,9,16,24062,Leuven,Normaal,Droog,Dag,met zwaargewonden,5,Lichte vrachtauto,3,Fiets,Buiten Kruispunt,Gemeenteweg,binnen bebouwde kom,Tss. 2 best.: langs opzij (voor-/achterkant-flank),Geen hindernis
15877,77,Leuven teller 2,Leuven,50.88672,4.70796,1.3488452498865837,50.87473224313443,4.71090034658775,2019,9,16,24062,Leuven,Normaal,Droog,Dag,met zwaargewonden,5,Lichte vrachtauto,3,Fiets,Buiten Kruispunt,Gemeenteweg,binnen bebouwde kom,Tss. 2 best.: langs opzij (voor-/achterkant-flank),Geen hindernis
15877,107,leuven totem,Leuven,50.8870744,4.7087919,1.3803340292360073,50.87473224313443,4.71090034658775,2019,9,16,24062,Leuven,Normaal,Droog,Dag,met zwaargewonden,5,Lichte vrachtauto,3,Fiets,Buiten Kruispunt,Gemeenteweg,binnen bebouwde kom,Tss. 2 best.: langs opzij (voor-/achterkant-flank),Geen hindernis
15877,151,Leuven,District Leuven,50.8690262,4.6854839,1.8929785859845616,50.87473224313443,4.71090034658775,2019,9,16,24062,Leuven,Normaal,Droog,Dag,met zwaargewonden,5,Lichte vrachtauto,3,Fiets,Buiten Kruispunt,Gemeenteweg,binnen bebouwde kom,Tss. 2 best.: langs opzij (voor-/achterkant-flank),Geen hindernis
15878,69,Leuven teller 1,Leuven,50.87549,4.71526,1.7910264577455726,50.88514677527446,4.735691779825168,2019,9,7,24062,Leuven,Normaal,Proper,Dag,met lichtgewonden,9,personenauto,3,Fiets,Op Kruispunt,Gewestweg,binnen bebouwde kom,Tussen 2 bestuurders: Frontale botsing,Geen hindernis
15878,107,leuven totem,Leuven,50.8870744,4.7087919,1.8991305158653988,50.88514677527446,4.735691779825168,2019,9,7,24062,Leuven,Normaal,Proper,Dag,met lichtgewonden,9,personenauto,3,Fiets,Op Kruispunt,Gewestweg,binnen bebouwde kom,Tussen 2 bestuurders: Frontale botsing,Geen hindernis
15878,77,Leuven teller 2,Leuven,50.88672,4.70796,1.9532098897891639,50.88514677527446,4.735691779825168,2019,9,7,24062,Leuven,Normaal,Proper,Dag,met lichtgewonden,9,personenauto,3,Fiets,Op Kruispunt,Gewestweg,binnen bebouwde kom,Tussen 2 bestuurders: Frontale botsing,Geen hindernis
15879,107,leuven totem,Leuven,50.8870744,4.7087919,0.8693870691129689,50.88378446630509,4.720034597645212,2019,9,15,24062,Leuven,Normaal,Droog,Dag,met lichtgewonden,5,Lichte vrachtauto,3,Fiets,Op Kruispunt,Gewestweg,binnen bebouwde kom,Tss. 2 best.: langs opzij (voor-/achterkant-flank),Geen hindernis
15879,77,Leuven teller 2,Leuven,50.88672,4.70796,0.9077532160636071,50.88378446630509,4.720034597645212,2019,9,15,24062,Leuven,Normaal,Droog,Dag,met lichtgewonden,5,Lichte vrachtauto,3,Fiets,Op Kruispunt,Gewestweg,binnen bebouwde kom,Tss. 2 best.: langs opzij (voor-/achterkant-flank),Geen hindernis
15879,69,Leuven teller 1,Leuven,50.87549,4.71526,0.9812507662724205,50.88378446630509,4.720034597645212,2019,9,15,24062,Leuven,Normaal,Droog,Dag,met lichtgewonden,5,Lichte vrachtauto,3,Fiets,Op Kruispunt,Gewestweg,binnen bebouwde kom,Tss. 2 best.: langs opzij (voor-/achterkant-flank),Geen hindernis
15881,77,Leuven teller 2,Leuven,50.88672,4.70796,1.1366305573576643,50.88477737530891,4.692052295909151,2019,9,21,24062,Leuven,Normaal,Droog,"Nacht, openbare verlichting aanwezig en ontstoken",met lichtgewonden,3,Fiets,9,personenauto,Buiten Kruispunt,Gemeenteweg,binnen bebouwde kom,Tss. 2 best.: langs opzij (voor-/achterkant-flank),Geen hindernis
15881,107,leuven totem,Leuven,50.8870744,4.7087919,1.2017260781020105,50.88477737530891,4.692052295909151,2019,9,21,24062,Leuven,Normaal,Droog,"Nacht, openbare verlichting aanwezig en ontstoken",met lichtgewonden,3,Fiets,9,personenauto,Buiten Kruispunt,Gemeenteweg,binnen bebouwde kom,Tss. 2 best.: langs opzij (voor-/achterkant-flank),Geen hindernis
15881,151,Leuven,District Leuven,50.8690262,4.6854839,1.8110683718465452,50.88477737530891,4.692052295909151,2019,9,21,24062,Leuven,Normaal,Droog,"Nacht, openbare verlichting aanwezig en ontstoken",met lichtgewonden,3,Fiets,9,personenauto,Buiten Kruispunt,Gemeenteweg,binnen bebouwde kom,Tss. 2 best.: langs opzij (voor-/achterkant-flank),Geen hindernis
15881,69,Leuven teller 1,Leuven,50.87549,4.71526,1.9280904728098358,50.88477737530891,4.692052295909151,2019,9,21,24062,Leuven,Normaal,Droog,"Nacht, openbare verlichting aanwezig en ontstoken",met lichtgewonden,3,Fiets,9,personenauto,Buiten Kruispunt,Gemeenteweg,binnen bebouwde kom,Tss. 2 best.: langs opzij (voor-/achterkant-flank),Geen hindernis
15883,107,leuven totem,Leuven,50.8870744,4.7087919,2.2826165951638795,50.90651253955908,4.719256162444338,2019,9,12,24062,Leuven,Normaal,Droog,Dag,met lichtgewonden,9,personenauto,3,Fiets,Buiten Kruispunt,Gemeenteweg,binnen bebouwde kom,Tss. 2 best.: langs opzij (voor-/achterkant-flank),Geen hindernis
15883,77,Leuven teller 2,Leuven,50.88672,4.70796,2.339078396098584,50.90651253955908,4.719256162444338,2019,9,12,24062,Leuven,Normaal,Droog,Dag,met lichtgewonden,9,personenauto,3,Fiets,Buiten Kruispunt,Gemeenteweg,binnen bebouwde kom,Tss. 2 best.: langs opzij (voor-/achterkant-flank),Geen hindernis
15884,69,Leuven teller 1,Leuven,50.87549,4.71526,1.1547664112323437,50.87500841782246,4.731700112695477,2019,9,19,24062,Leuven,Normaal,Droog,Dageraad - schemering,met lichtgewonden,3,Fiets,9,personenauto,Op Kruispunt,Gemeenteweg,buiten bebouwde kom,Tss. 2 best.: langs opzij (voor-/achterkant-flank),Geen hindernis