crash_row_id,site_id,site_name,site_gemeente,site_lat,site_long,distance_km,crash_lat,crash_long,DT_YEAR_COLLISION,DT_MONTH_COLLISION,DT_TIME,CD_NIS,TX_MUNTY_COLLISION_NL,TX_WEATHER_NL,TX_ROAD_CONDITION_NL,TX_LIGHT_CONDITION_NL,TX_CLASS_ACCIDENTS_NL,CD_ROAD_USR_TYPE1,TX_ROAD_USR_TYPE1_NL,CD_ROAD_USR_TYPE2,TX_ROAD_USR_TYPE2_NL,TX_CROSSWAY_NL,CD_ROAD_TYPE_NL,TX_BUILD_UP_AREA_NL,TX_COLLISION_TYPE_NL,TX_OBSTACLES_NL
15884,107,leuven totem,Leuven,50.8870744,4.7087919,2.0935753476445536,50.87500841782246,4.731700112695477,2019,9,19,24062,Leuven,Normaal,Droog,Dageraad - schemering,met lichtgewonden,3,Fiets,9,personenauto,Op Kruispunt,Gemeenteweg,buiten bebouwde kom,Tss. 2 best.: langs opzij (voor-/achterkant-flank),Geen hindernis
15884,77,Leuven teller 2,Leuven,50.88672,4.70796,2.114211880198172,50.87500841782246,4.731700112695477,2019,9,19,24062,Leuven,Normaal,Droog,Dageraad - schemering,met lichtgewonden,3,Fiets,9,personenauto,Op Kruispunt,Gemeenteweg,buiten bebouwde kom,Tss. 2 best.: langs opzij (voor-/achterkant-flank),Geen hindernis
15885,69,Leuven teller 1,Leuven,50.87549,4.71526,0.2363150152565407,50.87338254661795,4.715694722758002,2019,9,8,24062,Leuven,Normaal,Droog,Dag,met lichtgewonden,3,Fiets,10,"één bestuurder, geen hindernis",Buiten Kruispunt,Gewestweg,buiten bebouwde kom,"Eén bestuurder, geen hindernis (incl. val)",Geen hindernis
15885,77,Leuven teller 2,Leuven,50.88672,4.70796,1.5792182729552229,50.87338254661795,4.715694722758002,2019,9,8,24062,Leuven,Normaal,Droog,Dag,met lichtgewonden,3,Fiets,10,"één bestuurder, geen hindernis",Buiten Kruispunt,Gewestweg,buiten bebouwde kom,"Eén bestuurder, geen hindernis (incl. val)",Geen hindernis
15885,107,leuven totem,Leuven,50.8870744,4.7087919,1.5976331873237413,50.87338254661795,4.715694722758002,2019,9,8,24062,Leuven,Normaal,Droog,Dag,met lichtgewonden,3,Fiets,10,"één bestuurder, geen hindernis",Buiten Kruispunt,Gewestweg,buiten bebouwde kom,"Eén bestuurder, geen hindernis (incl. val)",Geen hindernis
15885,151,Leuven,District Leuven,50.8690262,4.6854839,2.1745718607725006,50.87338254661795,4.715694722758002,2019,9,8,24062,Leuven,Normaal,Droog,Dag,met lichtgewonden,3,Fiets,10,"één bestuurder, geen hindernis",Buiten Kruispunt,Gewestweg,buiten bebouwde kom,"Eén bestuurder, geen hindernis (incl. val)",Geen hindernis
15886,76,Heverlee teller 2,Leuven,50.84606,4.69597,2.0307256644047413,50.84952762029867,4.724368828324083,2019,9,18,24062,Leuven,Normaal,Droog,Dageraad - schemering,met lichtgewonden,3,Fiets,9,personenauto,Buiten Kruispunt,Gemeenteweg,binnen bebouwde kom,Tss. 2 best.: langs opzij (voor-/achterkant-flank),Geen hindernis
15886,108,Heverlee teller 1,Leuven,50.8471728,4.6954674,2.045870757441965,50.84952762029867,4.724368828324083,2019,9,18,24062,Leuven,Normaal,Droog,Dageraad - schemering,met lichtgewonden,3,Fiets,9,personenauto,Buiten Kruispunt,Gemeenteweg,binnen bebouwde kom,Tss. 2 best.: langs opzij (voor-/achterkant-flank),Geen hindernis
15887,151,Leuven,District Leuven,50.8690262,4.6854839,0.6849265305649858,50.866089983957124,4.6940636906344,2019,10,8,24062,Leuven,Regenval,"Nat, plassen",Dageraad - schemering,met lichtgewonden,3,Fiets,3,Fiets,Buiten Kruispunt,Gemeenteweg,binnen bebouwde kom,Tussen 2 bestuurders: Frontale botsing,Geen hindernis
15887,69,Leuven teller 1,Leuven,50.87549,4.71526,1.8179195353989386,50.866089983957124,4.6940636906344,2019,10,8,24062,Leuven,Regenval,"Nat, plassen",Dageraad - schemering,met lichtgewonden,3,Fiets,3,Fiets,Buiten Kruispunt,Gemeenteweg,binnen bebouwde kom,Tussen 2 bestuurders: Frontale botsing,Geen hindernis
15887,108,Heverlee teller 1,Leuven,50.8471728,4.6954674,2.1058012873407153,50.866089983957124,4.6940636906344,2019,10,8,24062,Leuven,Regenval,"Nat, plassen",Dageraad - schemering,met lichtgewonden,3,Fiets,3,Fiets,Buiten Kruispunt,Gemeenteweg,binnen bebouwde kom,Tussen 2 bestuurders: Frontale botsing,Geen hindernis
15887,76,Heverlee teller 2,Leuven,50.84606,4.69597,2.2312486626087917,50.866089983957124,4.6940636906344,2019,10,8,24062,Leuven,Regenval,"Nat, plassen",Dageraad - schemering,met lichtgewonden,3,Fiets,3,Fiets,Buiten Kruispunt,Gemeenteweg,binnen bebouwde kom,Tussen 2 bestuurders: Frontale botsing,Geen hindernis
15887,77,Leuven teller 2,Leuven,50.88672,4.70796,2.4925633484568683,50.866089983957124,4.6940636906344,2019,10,8,24062,Leuven,Regenval,"Nat, plassen",Dageraad - schemering,met lichtgewonden,3,Fiets,3,Fiets,Buiten Kruispunt,Gemeenteweg,binnen bebouwde kom,Tussen 2 bestuurders: Frontale botsing,Geen hindernis
15888,69,Leuven teller 1,Leuven,50.87549,4.71526,0.5241696695359442,50.87719129619747,4.722227175684837,2019,10,8,24062,Leuven,Regenval,"Nat, plassen",Dag,met lichtgewonden,9,personenauto,3,Fiets,Buiten Kruispunt,Gemeenteweg,binnen bebouwde kom,Tussen 2 bestuurders: Flank tegen flank,Geen hindernis
15888,107,leuven totem,Leuven,50.8870744,4.7087919,1.4477891698389287,50.87719129619747,4.722227175684837,2019,10,8,24062,Leuven,Regenval,"Nat, plassen",Dag,met lichtgewonden,9,personenauto,3,Fiets,Buiten Kruispunt,Gemeenteweg,binnen bebouwde kom,Tussen 2 bestuurders: Flank tegen flank,Geen hindernis
15888,77,Leuven teller 2,Leuven,50.88672,4.70796,1.4575541926551911,50.87719129619747,4.722227175684837,2019,10,8,24062,Leuven,Regenval,"Nat, plassen",Dag,met lichtgewonden,9,personenauto,3,Fiets,Buiten Kruispunt,Gemeenteweg,binnen bebouwde kom,Tussen 2 bestuurders: Flank tegen flank,Geen hindernis
15889,77,Leuven teller 2,Leuven,50.88672,4.70796,0.8296113324355037,50.88723257271122,4.696161283914562,2019,9,7,24062,Leuven,Normaal,Proper,Dag,met lichtgewonden,3,Fiets,10,"één bestuurder, geen hindernis",Op Kruispunt,Gemeenteweg,binnen bebouwde kom,"Eén bestuurder, geen hindernis (incl. val)",Geen hindernis
15889,107,leuven totem,Leuven,50.8870744,4.7087919,0.8861781205031828,50.88723257271122,4.696161283914562,2019,9,7,24062,Leuven,Normaal,Proper,Dag,met lichtgewonden,3,Fiets,10,"één bestuurder, geen hindernis",Op Kruispunt,Gemeenteweg,binnen bebouwde kom,"Eén bestuurder, geen hindernis (incl. val)",Geen hindernis
15889,69,Leuven teller 1,Leuven,50.87549,4.71526,1.8708808620761654,50.88723257271122,4.696161283914562,2019,9,7,24062,Leuven,Normaal,Proper,Dag,met lichtgewonden,3,Fiets,10,"één bestuurder, geen hindernis",Op Kruispunt,Gemeenteweg,binnen bebouwde kom,"Eén bestuurder, geen hindernis (incl. val)",Geen hindernis
15889,151,Leuven,District Leuven,50.8690262,4.6854839,2.158616683472585,50.88723257271122,4.696161283914562,2019,9,7,24062,Leuven,Normaal,Proper,Dag,met lichtgewonden,3,Fiets,10,"één bestuurder, geen hindernis",Op Kruispunt,Gemeenteweg,binnen bebouwde kom,"Eén bestuurder, geen hindernis (incl. val)",Geen hindernis
15890,107,leuven totem,Leuven,50.8870744,4.7087919,0.3420978241338949,50.884535076300565,4.711545196818949,2019,9,17,24062,Leuven,Regenval,"Nat, plassen",Dag,met lichtgewonden,3,Fiets,9,personenauto,Buiten Kruispunt,Gewestweg,binnen bebouwde kom,Tussen 2 bestuurders: Frontale botsing,Geen hindernis
15890,77,Leuven teller 2,Leuven,50.88672,4.70796,0.34968297722505853,50.884535076300565,4.711545196818949,2019,9,17,24062,Leuven,Regenval,"Nat, plassen",Dag,met lichtgewonden,3,Fiets,9,personenauto,Buiten Kruispunt,Gewestweg,binnen bebouwde kom,Tussen 2 bestuurders: Frontale botsing,Geen hindernis
15890,69,Leuven teller 1,Leuven,50.87549,4.71526,1.0389855489908073,50.884535076300565,4.711545196818949,2019,9,17,24062,Leuven,Regenval,"Nat, plassen",Dag,met lichtgewonden,3,Fiets,9,personenauto,Buiten Kruispunt,Gewestweg,binnen bebouwde kom,Tussen 2 bestuurders: Frontale botsing,Geen hindernis
15891,69,Leuven teller 1,Leuven,50.87549,4.71526,0.6685098015849767,50.88033635856717,4.709621501965054,2019,9,14,24062,Leuven,Normaal,Droog,Dag,met lichtgewonden,3,Fiets,3,Fiets,Op Kruispunt,Gemeenteweg,binnen bebouwde kom,Tussen 2 bestuurders: Flank tegen flank,Geen hindernis
15891,77,Leuven teller 2,Leuven,50.88672,4.70796,0.7193347926925634,50.88033635856717,4.709621501965054,2019,9,14,24062,Leuven,Normaal,Droog,Dag,met lichtgewonden,3,Fiets,3,Fiets,Op Kruispunt,Gemeenteweg,binnen bebouwde kom,Tussen 2 bestuurders: Flank tegen flank,Geen hindernis
15891,107,leuven totem,Leuven,50.8870744,4.7087919,0.7514929805905297,50.88033635856717,4.709621501965054,2019,9,14,24062,Leuven,Normaal,Droog,Dag,met lichtgewonden,3,Fiets,3,Fiets,Op Kruispunt,Gemeenteweg,binnen bebouwde kom,Tussen 2 bestuurders: Flank tegen flank,Geen hindernis
15891,151,Leuven,District Leuven,50.8690262,4.6854839,2.1095160510446407,50.88033635856717,4.709621501965054,2019,9,14,24062,Leuven,Normaal,Droog,Dag,met lichtgewonden,3,Fiets,3,Fiets,Op Kruispunt,Gemeenteweg,binnen bebouwde kom,Tussen 2 bestuurders: Flank tegen flank,Geen hindernis
15892,107,leuven totem,Leuven,50.8870744,4.7087919,1.4796645566545596,50.90028882100819,4.7063084498412096,2019,9,13,24062,Leuven,Normaal,Droog,Dag,met lichtgewonden,3,Fiets,3,Fiets,Op Kruispunt,Gemeenteweg,binnen bebouwde kom,Tussen 2 bestuurders: Frontale botsing,Geen hindernis
15892,77,Leuven teller 2,Leuven,50.88672,4.70796,1.5132241421350023,50.90028882100819,4.7063084498412096,2019,9,13,24062,Leuven,Normaal,Droog,Dag,met lichtgewonden,3,Fiets,3,Fiets,Op Kruispunt,Gemeenteweg,binnen bebouwde kom,Tussen 2 bestuurders: Frontale botsing,Geen hindernis
15893,151,Leuven,District Leuven,50.8690262,4.6854839,1.18626972763782,50.86593591758296,4.701663169256788,2019,9,21,24062,Leuven,Regenval,"Nat, plassen",Onbekend,met lichtgewonden,3,Fiets,10,"één bestuurder, geen hindernis",Buiten Kruispunt,Gemeenteweg,binnen bebouwde kom,"Eén bestuurder, geen hindernis (incl. val)",Geen hindernis
15893,69,Leuven teller 1,Leuven,50.87549,4.71526,1.4279217769789043,50.86593591758296,4.701663169256788,2019,9,21,24062,Leuven,Regenval,"Nat, plassen",Onbekend,met lichtgewonden,3,Fiets,10,"één bestuurder, geen hindernis",Buiten Kruispunt,Gemeenteweg,binnen bebouwde kom,"Eén bestuurder, geen hindernis (incl. val)",Geen hindernis
15893,108,Heverlee teller 1,Leuven,50.8471728,4.6954674,2.1312090981154017,50.86593591758296,4.701663169256788,2019,9,21,24062,Leuven,Regenval,"Nat, plassen",Onbekend,met lichtgewonden,3,Fiets,10,"één bestuurder, geen hindernis",Buiten Kruispunt,Gemeenteweg,binnen bebouwde kom,"Eén bestuurder, geen hindernis (incl. val)",Geen hindernis
15893,76,Heverlee teller 2,Leuven,50.84606,4.69597,2.2459406502370967,50.86593591758296,4.701663169256788,2019,9,21,24062,Leuven,Regenval,"Nat, plassen",Onbekend,met lichtgewonden,3,Fiets,10,"één bestuurder, geen hindernis",Buiten Kruispunt,Gemeenteweg,binnen bebouwde kom,"Eén bestuurder, geen hindernis (incl. val)",Geen hindernis
15893,77,Leuven teller 2,Leuven,50.88672,4.70796,2.3529356580183785,50.86593591758296,4.701663169256788,2019,9,21,24062,Leuven,Regenval,"Nat, plassen",Onbekend,met lichtgewonden,3,Fiets,10,"één bestuurder, geen hindernis",Buiten Kruispunt,Gemeenteweg,binnen bebouwde kom,"Eén bestuurder, geen hindernis (incl. val)",Geen hindernis
15893,107,leuven totem,Leuven,50.8870744,4.7087919,2.403120502457659,50.86593591758296,4.701663169256788,2019,9,21,24062,Leuven,Regenval,"Nat, plassen",Onbekend,met lichtgewonden,3,Fiets,10,"één bestuurder, geen hindernis",Buiten Kruispunt,Gemeenteweg,binnen bebouwde kom,"Eén bestuurder, geen hindernis (incl. val)",Geen hindernis
15894,151,Leuven,District Leuven,50.8690262,4.6854839,0.7917199829835414,50.86466586413427,4.694402584901563,2019,9,7,24062,Leuven,Normaal,Droog,Dag,met lichtgewonden,9,personenauto,3,Fiets,Buiten Kruispunt,Gemeenteweg,binnen bebouwde kom,Tussen 2 bestuurders: Flank tegen flank,Geen hindernis
15894,69,Leuven teller 1,Leuven,50.87549,4.71526,1.8949490512432487,50.86466586413427,4.694402584901563,2019,9,7,24062,Leuven,Normaal,Droog,Dag,met lichtgewonden,9,personenauto,3,Fiets,Buiten Kruispunt,Gemeenteweg,binnen bebouwde kom,Tussen 2 bestuurders: Flank tegen flank,Geen hindernis
15894,108,Heverlee teller 1,Leuven,50.8471728,4.6954674,1.9465755097360455,50.86466586413427,4.694402584901563,2019,9,7,24062,Leuven,Normaal,Droog,Dag,met lichtgewonden,9,personenauto,3,Fiets,Buiten Kruispunt,Gemeenteweg,binnen bebouwde kom,Tussen 2 bestuurders: Flank tegen flank,Geen hindernis
15894,76,Heverlee teller 2,Leuven,50.84606,4.69597,2.0718012491550026,50.86466586413427,4.694402584901563,2019,9,7,24062,Leuven,Normaal,Droog,Dag,met lichtgewonden,9,personenauto,3,Fiets,Buiten Kruispunt,Gemeenteweg,binnen bebouwde kom,Tussen 2 bestuurders: Flank tegen flank,Geen hindernis
15900,72,Herent teller 1,Herent,50.89135,4.64689,1.6504105554853659,50.8991573209422,4.626876664402881,2019,9,8,24038,Herent,Onbekend,Onbekend,Dag,met lichtgewonden,3,Fiets,9,personenauto,Op Kruispunt,Gemeenteweg,binnen bebouwde kom,Tss. 2 best.: langs opzij (voor-/achterkant-flank),Geen hindernis
15900,73,Herent teller 2,Herent,50.89128,4.64685,1.652139633468694,50.8991573209422,4.626876664402881,2019,9,8,24038,Herent,Onbekend,Onbekend,Dag,met lichtgewonden,3,Fiets,9,personenauto,Op Kruispunt,Gemeenteweg,binnen bebouwde kom,Tss. 2 best.: langs opzij (voor-/achterkant-flank),Geen hindernis
15901,77,Leuven teller 2,Leuven,50.88672,4.70796,2.2294274369085025,50.89846581294557,4.682199805467007,2019,9,17,24038,Herent,Normaal,Onbekend,Dag,met lichtgewonden,9,personenauto,3,Fiets,Buiten Kruispunt,Gewestweg,buiten bebouwde kom,Tussen 2 bestuurders: Flank tegen flank,Geen hindernis
15901,107,leuven totem,Leuven,50.8870744,4.7087919,2.2545926672767043,50.89846581294557,4.682199805467007,2019,9,17,24038,Herent,Normaal,Onbekend,Dag,met lichtgewonden,9,personenauto,3,Fiets,Buiten Kruispunt,Gewestweg,buiten bebouwde kom,Tussen 2 bestuurders: Flank tegen flank,Geen hindernis
15902,87,Aarschot,Aarschot,50.99084,4.81259,1.3998306867082704,50.97843952959588,4.809142301116608,2019,9,13,24001,Aarschot,Normaal,Droog,Dag,met zwaargewonden,9,personenauto,3,Fiets,Buiten Kruispunt,Gemeenteweg,buiten bebouwde kom,Tss. 2 best.: langs opzij (voor-/achterkant-flank),Geen hindernis
15903,87,Aarschot,Aarschot,50.99084,4.81259,2.1570595143498346,50.97146542746891,4.814132722776969,2019,9,17,24001,Aarschot,Normaal,Droog,Dag,met zwaargewonden,9,personenauto,3,Fiets,Buiten Kruispunt,Gemeenteweg,buiten bebouwde kom,Tss. 2 best.: langs opzij (voor-/achterkant-flank),Geen hindernis
15904,87,Aarschot,Aarschot,50.99084,4.81259,1.2610849359950154,50.980002108682825,4.817897438368755,2019,9,15,24001,Aarschot,Normaal,Droog,Dag,met lichtgewonden,3,Fiets,1,Autobus,Buiten Kruispunt,Gemeenteweg,buiten bebouwde kom,Tss. 2 best.: langs opzij (voor-/achterkant-flank),Geen hindernis
15907,101,Diest teller 1,Diest,50.97799,5.04481,2.240822515039318,50.994357867998694,5.026135056802993,2019,9,11,24020,Diest,Normaal,Droog,Dag,dodelijk gewonden,3,Fiets,10,"één bestuurder, geen hindernis",Buiten Kruispunt,Gemeenteweg,buiten bebouwde kom,"Eén bestuurder, geen hindernis (incl. val)",Geen hindernis
15907,102,Diest teller 2,Diest,50.9779,5.04474,2.246114560164799,50.994357867998694,5.026135056802993,2019,9,11,24020,Diest,Normaal,Droog,Dag,dodelijk gewonden,3,Fiets,10,"één bestuurder, geen hindernis",Buiten Kruispunt,Gemeenteweg,buiten bebouwde kom,"Eén bestuurder, geen hindernis (incl. val)",Geen hindernis
15913,111,Zaventem totem,Zaventem,50.8871216,4.4597084,1.2844192523649345,50.88038089753234,4.47457661278418,2019,9,7,23094,Zaventem,Normaal,Droog,Dag,met lichtgewonden,9,personenauto,3,Fiets,Op Kruispunt,Gewestweg,binnen bebouwde kom,Tss. 2 best.: langs opzij (voor-/achterkant-flank),Geen hindernis
15913,26,Zaventem,Zaventem,50.86995,4.45444,1.8279898374121653,50.88038089753234,4.47457661278418,2019,9,7,23094,Zaventem,Normaal,Droog,Dag,met lichtgewonden,9,personenauto,3,Fiets,Op Kruispunt,Gewestweg,binnen bebouwde kom,Tss. 2 best.: langs opzij (voor-/achterkant-flank),Geen hindernis
15914,26,Zaventem,Zaventem,50.86995,4.45444,0.9218483113016316,50.870064280009856,4.4413044742443715,2019,9,16,23094,Zaventem,Normaal,Droog,Dag,met lichtgewonden,3,Fiets,9,personenauto,Buiten Kruispunt,Gemeenteweg,binnen bebouwde kom,Tss. 2 best.: langs opzij (voor-/achterkant-flank),Geen hindernis
15914,149,Machelen,,50.88297881,4.43356644,1.535236617855443,50.870064280009856,4.4413044742443715,2019,9,16,23094,Zaventem,Normaal,Droog,Dag,met lichtgewonden,3,Fiets,9,personenauto,Buiten Kruispunt,Gemeenteweg,binnen bebouwde kom,Tss. 2 best.: langs opzij (voor-/achterkant-flank),Geen hindernis
15914,111,Zaventem totem,Zaventem,50.8871216,4.4597084,2.2944889743066446,50.870064280009856,4.4413044742443715,2019,9,16,23094,Zaventem,Normaal,Droog,Dag,met lichtgewonden,3,Fiets,9,personenauto,Buiten Kruispunt,Gemeenteweg,binnen bebouwde kom,Tss. 2 best.: langs opzij (voor-/achterkant-flank),Geen hindernis
15915,111,Zaventem totem,Zaventem,50.8871216,4.4597084,0.6672543736683246,50.890123314873364,4.467945236703243,2019,9,7,23094,Zaventem,Normaal,Droog,Dag,met lichtgewonden,3,Fiets,9,personenauto,Op Kruispunt,Gemeenteweg,binnen bebouwde kom,Tussen 2 bestuurders: Frontale botsing,Geen hindernis
15915,26,Zaventem,Zaventem,50.86995,4.45444,2.4350708643877983,50.890123314873364,4.467945236703243,2019,9,7,23094,Zaventem,Normaal,Droog,Dag,met lichtgewonden,3,Fiets,9,personenauto,Op Kruispunt,Gemeenteweg,binnen bebouwde kom,Tussen 2 bestuurders: Frontale botsing,Geen hindernis
15917,145,Overijse,District Vilvoorde-gewestwegen,50.7885856,4.4908759,0.35705015611856844,50.79119680280584,4.487919750506833,2019,9,12,23062,Overijse,Regenval,"Nat, plassen",Dag,met lichtgewonden,3,Fiets,9,personenauto,Buiten Kruispunt,Gewestweg,buiten bebouwde kom,Tussen 2 bestuurders: Langs achteren,Geen hindernis
15917,146,Overijse 2,District Vilvoorde-gewestwegen,50.7881478,4.4902818,0.3775081252476073,50.79119680280584,4.487919750506833,2019,9,12,23062,Overijse,Regenval,"Nat, plassen",Dag,met lichtgewonden,3,Fiets,9,personenauto,Buiten Kruispunt,Gewestweg,buiten bebouwde kom,Tussen 2 bestuurders: Langs achteren,Geen hindernis
15917,147,Overijse,District Vilvoorde-gewestwegen,50.7797555,4.4975769,1.4420250893746618,50.79119680280584,4.487919750506833,2019,9,12,23062,Overijse,Regenval,"Nat, plassen",Dag,met lichtgewonden,3,Fiets,9,personenauto,Buiten Kruispunt,Gewestweg,buiten bebouwde kom,Tussen 2 bestuurders: Langs achteren,Geen hindernis
15923,85,Asse teller 1,Asse,50.89621,4.17294,2.2046676858871903,50.91120699561839,4.193505733086958,2019,9,19,23002,Asse,Regenval,"Nat, plassen",Dageraad - schemering,met lichtgewonden,9,personenauto,3,Fiets,Buiten Kruispunt,Gemeenteweg,binnen bebouwde kom,Tussen 2 bestuurders: Flank tegen flank,Geen hindernis
15924,27,Grimbergen,Meise,50.92127,4.34013,2.243858572402291,50.94077471041542,4.331919340863525,2019,9,8,23050,Meise,Regenval,"Nat, plassen",Dag,met lichtgewonden,9,personenauto,3,Fiets,Op Kruispunt,Gewestweg,binnen bebouwde kom,Tss. 2 best.: langs opzij (voor-/achterkant-flank),Geen hindernis
15926,47,Vilvoorde,Vilvoorde,50.91372,4.41497,1.7417919370730466,50.92552600104355,4.398639206438863,2019,9,12,23025,Grimbergen,Normaal,Droog,Dag,met lichtgewonden,9,personenauto,3,Fiets,Op Kruispunt,Gewestweg,buiten bebouwde kom,Tss. 2 best.: langs opzij (voor-/achterkant-flank),Geen hindernis
15927,47,Vilvoorde,Vilvoorde,50.91372,4.41497,1.375672601639246,50.92373235654093,4.4264975140448835,2019,9,16,23088,Vilvoorde,Normaal,Droog,Dag,met zwaargewonden,3,Fiets,9,personenauto,Buiten Kruispunt,Gewestweg,binnen bebouwde kom,Tussen 2 bestuurders: Langs achteren,Geen hindernis
15927,1,Machelen,Machelen,50.91618331151478,4.456121776137429,2.2398389161884826,50.92373235654093,4.4264975140448835,2019,9,16,23088,Vilvoorde,Normaal,Droog,Dag,met zwaargewonden,3,Fiets,9,personenauto,Buiten Kruispunt,Gewestweg,binnen bebouwde kom,Tussen 2 bestuurders: Langs achteren,Geen hindernis
15935,13,Gent,Gent,51.03018,3.70146,1.598925588551501,51.03340158087481,3.7237436681544085,2019,9,14,44021,Gent,Onbekend,Onbekend,Dag,met lichtgewonden,6,Bromfiets,3,Fiets,Buiten Kruispunt,Gemeenteweg,onbekend,Tss. 2 best.: langs opzij (voor-/achterkant-flank),Geen hindernis
15937,13,Gent,Gent,51.03018,3.70146,1.5899758739266479,51.04046076193782,3.7172639436221155,2019,9,11,44021,Gent,Normaal,Droog,Dag,met lichtgewonden,3,Fiets,10,"één bestuurder, geen hindernis",Buiten Kruispunt,Gewestweg,binnen bebouwde kom,"Eén bestuurder, geen hindernis (incl. val)",Geen hindernis
15938,7,Evergem 1,Evergem,51.1089,3.70317,1.195124702294759,51.10070517560698,3.714245801172679,2019,9,9,44021,Gent,Normaal,Droog,Dag,met lichtgewonden,4,Vrachtwagen,3,Fiets,Op Kruispunt,Gewestweg,buiten bebouwde kom,Tss. 2 best.: langs opzij (voor-/achterkant-flank),Geen hindernis
15938,6,Evergem 2,Evergem,51.10894,3.70298,1.2071208747441027,51.10070517560698,3.714245801172679,2019,9,9,44021,Gent,Normaal,Droog,Dag,met lichtgewonden,4,Vrachtwagen,3,Fiets,Op Kruispunt,Gewestweg,buiten bebouwde kom,Tss. 2 best.: langs opzij (voor-/achterkant-flank),Geen hindernis
15942,136,Gent R4,Gent,51.0876313,3.7587918,1.8719274053407713,51.07463152151679,3.7417653997157636,2019,9,12,44021,Gent,Normaal,Droog,Dag,met zwaargewonden,4,Vrachtwagen,3,Fiets,Op Kruispunt,Gewestweg,binnen bebouwde kom,Tss. 2 best.: langs opzij (voor-/achterkant-flank),Geen hindernis
15944,119,Gent teller 2,Gent,51.0281795,3.7683918,1.1315343400480733,51.036190138007754,3.7584128234624536,2019,9,12,44021,Gent,Normaal,Droog,Dag,met lichtgewonden,3,Fiets,9,personenauto,Op Kruispunt,Gemeenteweg,binnen bebouwde kom,Tss. 2 best.: langs opzij (voor-/achterkant-flank),Geen hindernis
15944,118,Gent teller 1,Gent,51.028049,3.7681359,1.132156595688469,51.036190138007754,3.7584128234624536,2019,9,12,44021,Gent,Normaal,Droog,Dag,met lichtgewonden,3,Fiets,9,personenauto,Op Kruispunt,Gemeenteweg,binnen bebouwde kom,Tss. 2 best.: langs opzij (voor-/achterkant-flank),Geen hindernis
15946,13,Gent,Gent,51.03018,3.70146,1.5035247744608846,51.03129278983488,3.722887226190667,2019,9,8,44021,Gent,Normaal,Droog,Dag,met lichtgewonden,5,Lichte vrachtauto,3,Fiets,Op Kruispunt,Gemeenteweg,binnen bebouwde kom,Tss. 2 best.: langs opzij (voor-/achterkant-flank),Geen hindernis
15947,118,Gent teller 1,Gent,51.028049,3.7681359,2.240392516965357,51.0405544185288,3.743014400930879,2019,9,17,44021,Gent,Regenval,"Nat, plassen",Dag,met lichtgewonden,3,Fiets,8,Voetganger,Buiten Kruispunt,Gewestweg,binnen bebouwde kom,Met een voetganger,Geen hindernis
15947,119,Gent teller 2,Gent,51.0281795,3.7683918,2.2455268011546896,51.0405544185288,3.743014400930879,2019,9,17,44021,Gent,Regenval,"Nat, plassen",Dag,met lichtgewonden,3,Fiets,8,Voetganger,Buiten Kruispunt,Gewestweg,binnen bebouwde kom,Met een voetganger,Geen hindernis
15948,118,Gent teller 1,Gent,51.028049,3.7681359,2.3537483743139336,51.04034639352345,3.740738084828222,2019,9,7,44021,Gent,Normaal,Droog,Dag,met lichtgewonden,3,Fiets,3,Fiets,Op Kruispunt,Gemeenteweg,binnen bebouwde kom,Tussen 2 bestuurders: Flank tegen flank,Geen hindernis
15948,119,Gent teller 2,Gent,51.0281795,3.7683918,2.359985127035019,51.04034639352345,3.740738084828222,2019,9,7,44021,Gent,Normaal,Droog,Dag,met lichtgewonden,3,Fiets,3,Fiets,Op Kruispunt,Gemeenteweg,binnen bebouwde kom,Tussen 2 bestuurders: Flank tegen flank,Geen hindernis
15949,136,Gent R4,Gent,51.0876313,3.7587918,2.3144312320240745,51.08925691955587,3.7257557539330426,2019,9,16,44021,Gent,Normaal,Droog,Dag,met lichtgewonden,9,personenauto,3,Fiets,Op Kruispunt,Gewestweg,binnen bebouwde kom,Tussen 2 bestuurders: Frontale botsing,Geen hindernis
15953,13,Gent,Gent,51.03018,3.70146,2.4920151586618564,51.05256836535259,3.699850310356318,2019,9,17,44021,Gent,Normaal,Droog,Dag,met lichtgewonden,9,personenauto,3,Fiets,Op Kruispunt,Gewestweg,binnen bebouwde kom,Tss. 2 best.: langs opzij (voor-/achterkant-flank),Geen hindernis
15954,118,Gent teller 1,Gent,51.028049,3.7681359,2.3876890982206134,51.040943800862394,3.740831957570964,2019,9,17,44021,Gent,Normaal,Droog,Dag,met lichtgewonden,6,Bromfiets,3,Fiets,Buiten Kruispunt,Gewestweg,binnen bebouwde kom,Tss. 2 best.: langs opzij (voor-/achterkant-flank),Geen hindernis
15954,119,Gent teller 2,Gent,51.0281795,3.7683918,2.393385469538169,51.040943800862394,3.740831957570964,2019,9,17,44021,Gent,Normaal,Droog,Dag,met lichtgewonden,6,Bromfiets,3,Fiets,Buiten Kruispunt,Gewestweg,binnen bebouwde kom,Tss. 2 best.: langs opzij (voor-/achterkant-flank),Geen hindernis
15957,118,Gent teller 1,Gent,51.028049,3.7681359,0.8670777914990669,51.03294659266793,3.75848754969325,2019,9,9,44021,Gent,Normaal,Droog,Dag,met lichtgewonden,3,Fiets,9,personenauto,Op Kruispunt,Gewestweg,binnen bebouwde kom,Tss. 2 best.: langs opzij (voor-/achterkant-flank),Geen hindernis