crash_row_id,site_id,site_name,site_gemeente,site_lat,site_long,distance_km,crash_lat,crash_long,DT_YEAR_COLLISION,DT_MONTH_COLLISION,DT_TIME,CD_NIS,TX_MUNTY_COLLISION_NL,TX_WEATHER_NL,TX_ROAD_CONDITION_NL,TX_LIGHT_CONDITION_NL,TX_CLASS_ACCIDENTS_NL,CD_ROAD_USR_TYPE1,TX_ROAD_USR_TYPE1_NL,CD_ROAD_USR_TYPE2,TX_ROAD_USR_TYPE2_NL,TX_CROSSWAY_NL,CD_ROAD_TYPE_NL,TX_BUILD_UP_AREA_NL,TX_COLLISION_TYPE_NL,TX_OBSTACLES_NL
15957,119,Gent teller 2,Gent,51.0281795,3.7683918,0.8721795766362758,51.03294659266793,3.75848754969325,2019,9,9,44021,Gent,Normaal,Droog,Dag,met lichtgewonden,3,Fiets,9,personenauto,Op Kruispunt,Gewestweg,binnen bebouwde kom,Tss. 2 best.: langs opzij (voor-/achterkant-flank),Geen hindernis
15960,13,Gent,Gent,51.03018,3.70146,1.0848892863707515,51.02174202603796,3.7092477286631964,2019,8,7,44021,Gent,Normaal,Droog,Dag,met lichtgewonden,9,personenauto,3,Fiets,Op Kruispunt,Gewestweg,binnen bebouwde kom,Tussen 2 bestuurders: Flank tegen flank,Geen hindernis
15962,13,Gent,Gent,51.03018,3.70146,1.9662669759793558,51.02787028249495,3.673584617413327,2019,9,10,44021,Gent,Normaal,Droog,Dag,met lichtgewonden,8,Voetganger,3,Fiets,Buiten Kruispunt,Gemeenteweg,buiten bebouwde kom,Met een voetganger,Geen hindernis
15963,13,Gent,Gent,51.03018,3.70146,1.980380397740938,51.03906616501936,3.726004394689533,2019,9,18,44021,Gent,Normaal,Droog,Dag,met lichtgewonden,3,Fiets,3,Fiets,Buiten Kruispunt,Gemeenteweg,binnen bebouwde kom,Tss. 2 best.: langs opzij (voor-/achterkant-flank),Geen hindernis
15964,118,Gent teller 1,Gent,51.028049,3.7681359,0.07693901600687722,51.028473185891265,3.7672667261311434,2019,9,11,44021,Gent,Normaal,Droog+Proper,Dag,met lichtgewonden,3,Fiets,9,personenauto,Op Kruispunt,Gewestweg,binnen bebouwde kom,Tss. 2 best.: langs opzij (voor-/achterkant-flank),Geen hindernis
15964,119,Gent teller 2,Gent,51.0281795,3.7683918,0.08518928897087269,51.028473185891265,3.7672667261311434,2019,9,11,44021,Gent,Normaal,Droog+Proper,Dag,met lichtgewonden,3,Fiets,9,personenauto,Op Kruispunt,Gewestweg,binnen bebouwde kom,Tss. 2 best.: langs opzij (voor-/achterkant-flank),Geen hindernis
15969,13,Gent,Gent,51.03018,3.70146,1.249478118372033,51.036463515948334,3.71627355762452,2019,9,19,44021,Gent,Normaal,Droog,"Nacht, openbare verlichting aanwezig en ontstoken",met lichtgewonden,9,personenauto,3,Fiets,Op Kruispunt,Gewestweg,binnen bebouwde kom,Tss. 2 best.: langs opzij (voor-/achterkant-flank),Geen hindernis
15973,13,Gent,Gent,51.03018,3.70146,1.0534174176136626,51.036432900529114,3.7127770214532574,2019,9,11,44021,Gent,Normaal,Droog,Dag,met lichtgewonden,3,Fiets,9,personenauto,Buiten Kruispunt,Gemeenteweg,binnen bebouwde kom,Tss. 2 best.: langs opzij (voor-/achterkant-flank),Geen hindernis
15975,118,Gent teller 1,Gent,51.028049,3.7681359,1.230997621112052,51.03496396789138,3.7543889714922973,2019,8,17,44021,Gent,Onbekend,Onbekend,Onbekend,met lichtgewonden,3,Fiets,9,personenauto,Buiten Kruispunt,Gewestweg,binnen bebouwde kom,Tussen 2 bestuurders: Flank tegen flank,Geen hindernis
15975,119,Gent teller 2,Gent,51.0281795,3.7683918,1.2361123198686814,51.03496396789138,3.7543889714922973,2019,8,17,44021,Gent,Onbekend,Onbekend,Onbekend,met lichtgewonden,3,Fiets,9,personenauto,Buiten Kruispunt,Gewestweg,binnen bebouwde kom,Tussen 2 bestuurders: Flank tegen flank,Geen hindernis
15976,118,Gent teller 1,Gent,51.028049,3.7681359,2.275618835486287,51.04355489276975,3.7468962446255825,2019,9,8,44021,Gent,Normaal,Droog,Dag,met lichtgewonden,3,Fiets,9,personenauto,Buiten Kruispunt,Gemeenteweg,binnen bebouwde kom,Tss. 2 best.: langs opzij (voor-/achterkant-flank),Geen hindernis
15976,119,Gent teller 2,Gent,51.0281795,3.7683918,2.2764171573931447,51.04355489276975,3.7468962446255825,2019,9,8,44021,Gent,Normaal,Droog,Dag,met lichtgewonden,3,Fiets,9,personenauto,Buiten Kruispunt,Gemeenteweg,binnen bebouwde kom,Tss. 2 best.: langs opzij (voor-/achterkant-flank),Geen hindernis
15979,118,Gent teller 1,Gent,51.028049,3.7681359,1.5728226869051818,51.03143110545131,3.746297656128641,2019,9,19,44021,Gent,Normaal,Onbekend,Dag,met lichtgewonden,3,Fiets,10,"één bestuurder, geen hindernis",Buiten Kruispunt,Gemeenteweg,binnen bebouwde kom,"Eén bestuurder, geen hindernis (incl. val)",Geen hindernis
15979,119,Gent teller 2,Gent,51.0281795,3.7683918,1.5868338208058235,51.03143110545131,3.746297656128641,2019,9,19,44021,Gent,Normaal,Onbekend,Dag,met lichtgewonden,3,Fiets,10,"één bestuurder, geen hindernis",Buiten Kruispunt,Gemeenteweg,binnen bebouwde kom,"Eén bestuurder, geen hindernis (incl. val)",Geen hindernis
15980,136,Gent R4,Gent,51.0876313,3.7587918,0.532367309033972,51.09240684980725,3.7582492206337723,2019,9,17,44021,Gent,Normaal,Droog,Dag,met lichtgewonden,3,Fiets,3,Fiets,Buiten Kruispunt,Gemeenteweg,binnen bebouwde kom,Tussen 2 bestuurders: Langs achteren,Geen hindernis
15988,116,Melle teller 2,Melle,50.9986113,3.8040599,2.4952717326024727,50.97628188770828,3.8076029050506954,2019,9,15,44040,Melle,Normaal,Droog,Dag,met lichtgewonden,5,Lichte vrachtauto,3,Fiets,Buiten Kruispunt,Gemeenteweg,buiten bebouwde kom,Tussen 2 bestuurders: Langs achteren,Geen hindernis
15988,117,Melle teller 1,Melle,50.9986113,3.8040599,2.4952717326024727,50.97628188770828,3.8076029050506954,2019,9,15,44040,Melle,Normaal,Droog,Dag,met lichtgewonden,5,Lichte vrachtauto,3,Fiets,Buiten Kruispunt,Gemeenteweg,buiten bebouwde kom,Tussen 2 bestuurders: Langs achteren,Geen hindernis
15992,117,Melle teller 1,Melle,50.9986113,3.8040599,2.023803315033345,51.013333445529824,3.7870532635518277,2019,9,16,44040,Melle,Normaal,Droog,Dag,met lichtgewonden,9,personenauto,3,Fiets,Op Kruispunt,Gewestweg,binnen bebouwde kom,Tss. 2 best.: langs opzij (voor-/achterkant-flank),Geen hindernis
15992,116,Melle teller 2,Melle,50.9986113,3.8040599,2.023803315033345,51.013333445529824,3.7870532635518277,2019,9,16,44040,Melle,Normaal,Droog,Dag,met lichtgewonden,9,personenauto,3,Fiets,Op Kruispunt,Gewestweg,binnen bebouwde kom,Tss. 2 best.: langs opzij (voor-/achterkant-flank),Geen hindernis
15992,118,Gent teller 1,Gent,51.028049,3.7681359,2.1043537135898087,51.013333445529824,3.7870532635518277,2019,9,16,44040,Melle,Normaal,Droog,Dag,met lichtgewonden,9,personenauto,3,Fiets,Op Kruispunt,Gewestweg,binnen bebouwde kom,Tss. 2 best.: langs opzij (voor-/achterkant-flank),Geen hindernis
15992,119,Gent teller 2,Gent,51.0281795,3.7683918,2.10450726979215,51.013333445529824,3.7870532635518277,2019,9,16,44040,Melle,Normaal,Droog,Dag,met lichtgewonden,9,personenauto,3,Fiets,Op Kruispunt,Gewestweg,binnen bebouwde kom,Tss. 2 best.: langs opzij (voor-/achterkant-flank),Geen hindernis
15998,6,Evergem 2,Evergem,51.10894,3.70298,1.6057280718488485,51.11790061435354,3.684941358673837,2019,9,10,44019,Evergem,Normaal,Droog,Dag,Met doden,3,Fiets,10,"één bestuurder, geen hindernis",Buiten Kruispunt,Gewestweg,buiten bebouwde kom,"Eén bestuurder, geen hindernis (incl. val)",Geen hindernis
15998,7,Evergem 1,Evergem,51.1089,3.70317,1.6188962752374674,51.11790061435354,3.684941358673837,2019,9,10,44019,Evergem,Normaal,Droog,Dag,Met doden,3,Fiets,10,"één bestuurder, geen hindernis",Buiten Kruispunt,Gewestweg,buiten bebouwde kom,"Eén bestuurder, geen hindernis (incl. val)",Geen hindernis
16000,7,Evergem 1,Evergem,51.1089,3.70317,0.3017114735250626,51.110537585478,3.7066159484485017,2019,9,8,44019,Evergem,Normaal,Droog,Dag,met lichtgewonden,3,Fiets,9,personenauto,Buiten Kruispunt,Gemeenteweg,binnen bebouwde kom,Tss. 2 best.: langs opzij (voor-/achterkant-flank),Geen hindernis
16000,6,Evergem 2,Evergem,51.10894,3.70298,0.30981855854988105,51.110537585478,3.7066159484485017,2019,9,8,44019,Evergem,Normaal,Droog,Dag,met lichtgewonden,3,Fiets,9,personenauto,Buiten Kruispunt,Gemeenteweg,binnen bebouwde kom,Tss. 2 best.: langs opzij (voor-/achterkant-flank),Geen hindernis
16002,115,Aalter,Aalter,51.1058367,3.4350591,1.7850706119897073,51.09149902192473,3.446558275632677,2019,9,8,44084,Aalter,Normaal,"Nat, plassen",Dag,met lichtgewonden,9,personenauto,3,Fiets,Op Kruispunt,Gewestweg,binnen bebouwde kom,Tss. 2 best.: langs opzij (voor-/achterkant-flank),Geen hindernis
16004,115,Aalter,Aalter,51.1058367,3.4350591,2.2962766692054544,51.08852010552129,3.4529754253839275,2019,9,16,44084,Aalter,Normaal,Droog,Dag,met lichtgewonden,9,personenauto,3,Fiets,Op Kruispunt,Gemeenteweg,binnen bebouwde kom,Tss. 2 best.: langs opzij (voor-/achterkant-flank),Geen hindernis
16048,141,Test site A support,Lokeren,51.08342085,3.9961071208376326,1.5451783760898838,51.094479161463646,4.009504744284591,2019,9,17,46014,Lokeren,Onbekend,Onbekend,Dag,met lichtgewonden,9,personenauto,3,Fiets,Buiten Kruispunt,Gewestweg,buiten bebouwde kom,Tss. 2 best.: langs opzij (voor-/achterkant-flank),Geen hindernis
16049,128,Lokeren teller 1,Lokeren,51.09644,3.97023,1.0015331719234273,51.10301328801374,3.9800358693732196,2019,9,19,46014,Lokeren,Normaal,Droog,Dag,met lichtgewonden,3,Fiets,6,Bromfiets,Buiten Kruispunt,Gemeenteweg,binnen bebouwde kom,Tussen 2 bestuurders: Flank tegen flank,Geen hindernis
16049,129,Lokeren teller 2,Lokeren,51.09612,3.97025,1.0268607556446454,51.10301328801374,3.9800358693732196,2019,9,19,46014,Lokeren,Normaal,Droog,Dag,met lichtgewonden,3,Fiets,6,Bromfiets,Buiten Kruispunt,Gemeenteweg,binnen bebouwde kom,Tussen 2 bestuurders: Flank tegen flank,Geen hindernis
16049,141,Test site A support,Lokeren,51.08342085,3.9961071208376326,2.4506944210748505,51.10301328801374,3.9800358693732196,2019,9,19,46014,Lokeren,Normaal,Droog,Dag,met lichtgewonden,3,Fiets,6,Bromfiets,Buiten Kruispunt,Gemeenteweg,binnen bebouwde kom,Tussen 2 bestuurders: Flank tegen flank,Geen hindernis
16050,141,Test site A support,Lokeren,51.08342085,3.9961071208376326,1.9826761434239857,51.101114406700326,3.9996206182527727,2019,9,12,46014,Lokeren,Normaal,Droog,Dag,met lichtgewonden,3,Fiets,9,personenauto,Op Kruispunt,Gewestweg,binnen bebouwde kom,Tss. 2 best.: langs opzij (voor-/achterkant-flank),Geen hindernis
16050,128,Lokeren teller 1,Lokeren,51.09644,3.97023,2.1170890320031663,51.101114406700326,3.9996206182527727,2019,9,12,46014,Lokeren,Normaal,Droog,Dag,met lichtgewonden,3,Fiets,9,personenauto,Op Kruispunt,Gewestweg,binnen bebouwde kom,Tss. 2 best.: langs opzij (voor-/achterkant-flank),Geen hindernis
16050,129,Lokeren teller 2,Lokeren,51.09612,3.97025,2.1247635514882655,51.101114406700326,3.9996206182527727,2019,9,12,46014,Lokeren,Normaal,Droog,Dag,met lichtgewonden,3,Fiets,9,personenauto,Op Kruispunt,Gewestweg,binnen bebouwde kom,Tss. 2 best.: langs opzij (voor-/achterkant-flank),Geen hindernis
16052,128,Lokeren teller 1,Lokeren,51.09644,3.97023,1.000535366474581,51.10280472065744,3.9803585636045478,2019,9,11,46014,Lokeren,Normaal,Droog,Dag,met lichtgewonden,9,personenauto,3,Fiets,Buiten Kruispunt,Gemeenteweg,binnen bebouwde kom,Tss. 2 best.: langs opzij (voor-/achterkant-flank),Geen hindernis
16052,129,Lokeren teller 2,Lokeren,51.09612,3.97025,1.0250522826929414,51.10280472065744,3.9803585636045478,2019,9,11,46014,Lokeren,Normaal,Droog,Dag,met lichtgewonden,9,personenauto,3,Fiets,Buiten Kruispunt,Gemeenteweg,binnen bebouwde kom,Tss. 2 best.: langs opzij (voor-/achterkant-flank),Geen hindernis
16052,141,Test site A support,Lokeren,51.08342085,3.9961071208376326,2.419776430397592,51.10280472065744,3.9803585636045478,2019,9,11,46014,Lokeren,Normaal,Droog,Dag,met lichtgewonden,9,personenauto,3,Fiets,Buiten Kruispunt,Gemeenteweg,binnen bebouwde kom,Tss. 2 best.: langs opzij (voor-/achterkant-flank),Geen hindernis
16053,128,Lokeren teller 1,Lokeren,51.09644,3.97023,0.6504054697562328,51.099851604936056,3.977795851118469,2019,9,15,46014,Lokeren,Normaal,Droog,Dag,met lichtgewonden,9,personenauto,3,Fiets,Buiten Kruispunt,Gewestweg,binnen bebouwde kom,Tussen 2 bestuurders: Langs achteren,Geen hindernis
16053,129,Lokeren teller 2,Lokeren,51.09612,3.97025,0.6706848376649428,51.099851604936056,3.977795851118469,2019,9,15,46014,Lokeren,Normaal,Droog,Dag,met lichtgewonden,9,personenauto,3,Fiets,Buiten Kruispunt,Gewestweg,binnen bebouwde kom,Tussen 2 bestuurders: Langs achteren,Geen hindernis
16053,141,Test site A support,Lokeren,51.08342085,3.9961071208376326,2.2301166630765366,51.099851604936056,3.977795851118469,2019,9,15,46014,Lokeren,Normaal,Droog,Dag,met lichtgewonden,9,personenauto,3,Fiets,Buiten Kruispunt,Gewestweg,binnen bebouwde kom,Tussen 2 bestuurders: Langs achteren,Geen hindernis
16054,129,Lokeren teller 2,Lokeren,51.09612,3.97025,1.0910804038600215,51.095386790803445,3.9858305198670694,2019,9,18,46014,Lokeren,Regenval,"Nat, plassen",Dag,met lichtgewonden,5,Lichte vrachtauto,3,Fiets,Op Kruispunt,Gemeenteweg,binnen bebouwde kom,Tss. 2 best.: langs opzij (voor-/achterkant-flank),Geen hindernis
16054,128,Lokeren teller 1,Lokeren,51.09644,3.97023,1.0956995461058299,51.095386790803445,3.9858305198670694,2019,9,18,46014,Lokeren,Regenval,"Nat, plassen",Dag,met lichtgewonden,5,Lichte vrachtauto,3,Fiets,Op Kruispunt,Gemeenteweg,binnen bebouwde kom,Tss. 2 best.: langs opzij (voor-/achterkant-flank),Geen hindernis
16054,141,Test site A support,Lokeren,51.08342085,3.9961071208376326,1.5117940635661773,51.095386790803445,3.9858305198670694,2019,9,18,46014,Lokeren,Regenval,"Nat, plassen",Dag,met lichtgewonden,5,Lichte vrachtauto,3,Fiets,Op Kruispunt,Gemeenteweg,binnen bebouwde kom,Tss. 2 best.: langs opzij (voor-/achterkant-flank),Geen hindernis
16055,141,Test site A support,Lokeren,51.08342085,3.9961071208376326,1.569998208124041,51.09748578397359,3.998078524569473,2019,9,16,46014,Lokeren,Normaal,Droog,Dag,met lichtgewonden,3,Fiets,9,personenauto,Op Kruispunt,Gewestweg,binnen bebouwde kom,Tss. 2 best.: langs opzij (voor-/achterkant-flank),Geen hindernis
16055,128,Lokeren teller 1,Lokeren,51.09644,3.97023,1.9481609842365057,51.09748578397359,3.998078524569473,2019,9,16,46014,Lokeren,Normaal,Droog,Dag,met lichtgewonden,3,Fiets,9,personenauto,Op Kruispunt,Gewestweg,binnen bebouwde kom,Tss. 2 best.: langs opzij (voor-/achterkant-flank),Geen hindernis
16055,129,Lokeren teller 2,Lokeren,51.09612,3.97025,1.9492226392554286,51.09748578397359,3.998078524569473,2019,9,16,46014,Lokeren,Normaal,Droog,Dag,met lichtgewonden,3,Fiets,9,personenauto,Op Kruispunt,Gewestweg,binnen bebouwde kom,Tss. 2 best.: langs opzij (voor-/achterkant-flank),Geen hindernis
16056,141,Test site A support,Lokeren,51.08342085,3.9961071208376326,1.6729773630671552,51.094612634012115,4.0121159147168175,2019,9,6,46014,Lokeren,Normaal,Droog,"Nacht, openbare verlichting aanwezig en ontstoken",met lichtgewonden,5,Lichte vrachtauto,3,Fiets,Buiten Kruispunt,Gewestweg,buiten bebouwde kom,Tussen 2 bestuurders: Frontale botsing,Geen hindernis
16058,126,Hamme totem,Hamme,51.1017709,4.1469307,1.3971367895497415,51.09667244421699,4.1286435497153136,2019,9,12,42008,Hamme,Normaal,Droog,Dag,met lichtgewonden,3,Fiets,3,Fiets,Buiten Kruispunt,Gemeenteweg,binnen bebouwde kom,Tussen 2 bestuurders: Flank tegen flank,Geen hindernis
16059,126,Hamme totem,Hamme,51.1017709,4.1469307,1.926453448669497,51.09161370130323,4.124581909845933,2019,9,16,42008,Hamme,Normaal,Droog,Dag,met lichtgewonden,9,personenauto,3,Fiets,Op Kruispunt,Gemeenteweg,binnen bebouwde kom,Tss. 2 best.: langs opzij (voor-/achterkant-flank),Geen hindernis
16060,126,Hamme totem,Hamme,51.1017709,4.1469307,1.3674519243790013,51.09019540555808,4.1403185617702825,2019,9,10,42008,Hamme,Normaal,Droog,Dag,met lichtgewonden,3,Fiets,9,personenauto,Op Kruispunt,Gewestweg,binnen bebouwde kom,Tss. 2 best.: langs opzij (voor-/achterkant-flank),Geen hindernis
16063,120,Zele teller 1,Zele,51.0607671,4.0547741,1.319297773084502,51.0543115890656,4.03893610462208,2019,9,16,42028,Zele,Onbekend,Droog,Dag,met lichtgewonden,3,Fiets,9,personenauto,Op Kruispunt,Gemeenteweg,binnen bebouwde kom,Tss. 2 best.: langs opzij (voor-/achterkant-flank),Geen hindernis
16063,121,Zele teller 2,Zele,51.0604067,4.0556696,1.3517046285333283,51.0543115890656,4.03893610462208,2019,9,16,42028,Zele,Onbekend,Droog,Dag,met lichtgewonden,3,Fiets,9,personenauto,Op Kruispunt,Gemeenteweg,binnen bebouwde kom,Tss. 2 best.: langs opzij (voor-/achterkant-flank),Geen hindernis
16065,120,Zele teller 1,Zele,51.0607671,4.0547741,1.422592047329602,51.068043503913174,4.038029738820652,2019,9,10,42028,Zele,Normaal,Droog,Dag,met lichtgewonden,3,Fiets,5,Lichte vrachtauto,Op Kruispunt,Gewestweg,binnen bebouwde kom,Tss. 2 best.: langs opzij (voor-/achterkant-flank),Geen hindernis
16065,121,Zele teller 2,Zele,51.0604067,4.0556696,1.4968614848088526,51.068043503913174,4.038029738820652,2019,9,10,42028,Zele,Normaal,Droog,Dag,met lichtgewonden,3,Fiets,5,Lichte vrachtauto,Op Kruispunt,Gewestweg,binnen bebouwde kom,Tss. 2 best.: langs opzij (voor-/achterkant-flank),Geen hindernis
16070,116,Melle teller 2,Melle,50.9986113,3.8040599,2.4709416949965055,50.98880375951985,3.8357410979042212,2019,9,13,42025,Wetteren,Normaal,Droog,Dag,met lichtgewonden,9,personenauto,3,Fiets,Buiten Kruispunt,Gewestweg,buiten bebouwde kom,Tss. 2 best.: langs opzij (voor-/achterkant-flank),Geen hindernis
16070,117,Melle teller 1,Melle,50.9986113,3.8040599,2.4709416949965055,50.98880375951985,3.8357410979042212,2019,9,13,42025,Wetteren,Normaal,Droog,Dag,met lichtgewonden,9,personenauto,3,Fiets,Buiten Kruispunt,Gewestweg,buiten bebouwde kom,Tss. 2 best.: langs opzij (voor-/achterkant-flank),Geen hindernis
16078,10,Aalst 2,Aalst,50.93549,4.01571,1.5923548765813178,50.93946694027073,4.0375408297024205,2019,9,16,41002,Aalst,Normaal,Proper,Dag,met lichtgewonden,3,Fiets,8,Voetganger,Buiten Kruispunt,Gemeenteweg,binnen bebouwde kom,Met een voetganger,Geen hindernis
16078,11,Aalst 3,Aalst,50.93385,4.01647,1.6031588486769073,50.93946694027073,4.0375408297024205,2019,9,16,41002,Aalst,Normaal,Proper,Dag,met lichtgewonden,3,Fiets,8,Voetganger,Buiten Kruispunt,Gemeenteweg,binnen bebouwde kom,Met een voetganger,Geen hindernis
16078,19,Aalst 1,Aalst,50.93433,4.01471,1.6987242281113022,50.93946694027073,4.0375408297024205,2019,9,16,41002,Aalst,Normaal,Proper,Dag,met lichtgewonden,3,Fiets,8,Voetganger,Buiten Kruispunt,Gemeenteweg,binnen bebouwde kom,Met een voetganger,Geen hindernis
16081,19,Aalst 1,Aalst,50.93433,4.01471,1.5232294907569606,50.92267256204657,4.003295565452201,2019,9,14,41002,Aalst,Normaal,Droog,Dag,met lichtgewonden,3,Fiets,9,personenauto,Op Kruispunt,Gemeenteweg,binnen bebouwde kom,Tss. 2 best.: langs opzij (voor-/achterkant-flank),Geen hindernis
16081,11,Aalst 3,Aalst,50.93385,4.01647,1.5483167215859812,50.92267256204657,4.003295565452201,2019,9,14,41002,Aalst,Normaal,Droog,Dag,met lichtgewonden,3,Fiets,9,personenauto,Op Kruispunt,Gemeenteweg,binnen bebouwde kom,Tss. 2 best.: langs opzij (voor-/achterkant-flank),Geen hindernis
16081,10,Aalst 2,Aalst,50.93549,4.01571,1.669816708322886,50.92267256204657,4.003295565452201,2019,9,14,41002,Aalst,Normaal,Droog,Dag,met lichtgewonden,3,Fiets,9,personenauto,Op Kruispunt,Gemeenteweg,binnen bebouwde kom,Tss. 2 best.: langs opzij (voor-/achterkant-flank),Geen hindernis
16082,11,Aalst 3,Aalst,50.93385,4.01647,2.488964345111972,50.91810791018377,4.04171561677454,2019,9,19,41002,Aalst,Normaal,Droog,Dageraad - schemering,met lichtgewonden,9,personenauto,3,Fiets,Op Kruispunt,Gewestweg,binnen bebouwde kom,Tss. 2 best.: langs opzij (voor-/achterkant-flank),Geen hindernis
16085,11,Aalst 3,Aalst,50.93385,4.01647,1.992550490346005,50.93699231881045,4.044464104254506,2019,9,7,41002,Aalst,Normaal,"Nat, plassen",Dag,met lichtgewonden,3,Fiets,10,"één bestuurder, geen hindernis",Op Kruispunt,Gemeenteweg,binnen bebouwde kom,"Eén bestuurder, geen hindernis (incl. val)",Geen hindernis
16085,10,Aalst 2,Aalst,50.93549,4.01571,2.021809514650056,50.93699231881045,4.044464104254506,2019,9,7,41002,Aalst,Normaal,"Nat, plassen",Dag,met lichtgewonden,3,Fiets,10,"één bestuurder, geen hindernis",Op Kruispunt,Gemeenteweg,binnen bebouwde kom,"Eén bestuurder, geen hindernis (incl. val)",Geen hindernis
16085,19,Aalst 1,Aalst,50.93433,4.01471,2.1059072312643794,50.93699231881045,4.044464104254506,2019,9,7,41002,Aalst,Normaal,"Nat, plassen",Dag,met lichtgewonden,3,Fiets,10,"één bestuurder, geen hindernis",Op Kruispunt,Gemeenteweg,binnen bebouwde kom,"Eén bestuurder, geen hindernis (incl. val)",Geen hindernis
16088,11,Aalst 3,Aalst,50.93385,4.01647,1.4590682823499361,50.9342677943927,4.0372804793342745,2019,9,19,41002,Aalst,Regenval,"Nat, plassen","Nacht, openbare verlichting aanwezig en ontstoken",met lichtgewonden,9,personenauto,3,Fiets,Buiten Kruispunt,Gewestweg,binnen bebouwde kom,Tss. 2 best.: langs opzij (voor-/achterkant-flank),Geen hindernis
16088,10,Aalst 2,Aalst,50.93549,4.01571,1.5176572687069063,50.9342677943927,4.0372804793342745,2019,9,19,41002,Aalst,Regenval,"Nat, plassen","Nacht, openbare verlichting aanwezig en ontstoken",met lichtgewonden,9,personenauto,3,Fiets,Buiten Kruispunt,Gewestweg,binnen bebouwde kom,Tss. 2 best.: langs opzij (voor-/achterkant-flank),Geen hindernis
16088,19,Aalst 1,Aalst,50.93433,4.01471,1.5816703584572145,50.9342677943927,4.0372804793342745,2019,9,19,41002,Aalst,Regenval,"Nat, plassen","Nacht, openbare verlichting aanwezig en ontstoken",met lichtgewonden,9,personenauto,3,Fiets,Buiten Kruispunt,Gewestweg,binnen bebouwde kom,Tss. 2 best.: langs opzij (voor-/achterkant-flank),Geen hindernis
16098,122,Dendermonde teller 2,Dendermonde,51.0373918,4.1019222,1.1309327162683773,51.03189837862235,4.08831077258394,2019,9,16,42006,Dendermonde,Normaal,Droog,Dag,met lichtgewonden,6,Bromfiets,3,Fiets,Op Kruispunt,Gewestweg,binnen bebouwde kom,Tussen 2 bestuurders: Flank tegen flank,Geen hindernis
16098,125,Dendermonde totem,Dendermonde,51.0372706,4.1025998,1.1641161393849535,51.03189837862235,4.08831077258394,2019,9,16,42006,Dendermonde,Normaal,Droog,Dag,met lichtgewonden,6,Bromfiets,3,Fiets,Op Kruispunt,Gewestweg,binnen bebouwde kom,Tussen 2 bestuurders: Flank tegen flank,Geen hindernis
16099,125,Dendermonde totem,Dendermonde,51.0372706,4.1025998,0.9249414185268781,51.03511237893861,4.115374866109939,2019,9,17,42006,Dendermonde,Normaal,Droog,Dag,met lichtgewonden,3,Fiets,3,Fiets,Buiten Kruispunt,Gewestweg,binnen bebouwde kom,Tussen 2 bestuurders: Frontale botsing,Geen hindernis
16099,122,Dendermonde teller 2,Dendermonde,51.0373918,4.1019222,0.9741942038768345,51.03511237893861,4.115374866109939,2019,9,17,42006,Dendermonde,Normaal,Droog,Dag,met lichtgewonden,3,Fiets,3,Fiets,Buiten Kruispunt,Gewestweg,binnen bebouwde kom,Tussen 2 bestuurders: Frontale botsing,Geen hindernis
16100,122,Dendermonde teller 2,Dendermonde,51.0373918,4.1019222,2.06130030305079,51.031163519509896,4.074157288178331,2019,9,15,42006,Dendermonde,Normaal,Droog,Dag,met lichtgewonden,4,Vrachtwagen,3,Fiets,Op Kruispunt,Gewestweg,binnen bebouwde kom,Tss. 2 best.: langs opzij (voor-/achterkant-flank),Geen hindernis
16100,125,Dendermonde totem,Dendermonde,51.0372706,4.1025998,2.1015968464339534,51.031163519509896,4.074157288178331,2019,9,15,42006,Dendermonde,Normaal,Droog,Dag,met lichtgewonden,4,Vrachtwagen,3,Fiets,Op Kruispunt,Gewestweg,binnen bebouwde kom,Tss. 2 best.: langs opzij (voor-/achterkant-flank),Geen hindernis
16102,142,TEST Validatie BRUGGE Y2H22022134,Brugge,51.22632,3.24095,1.627257344115859,51.211688915408516,3.24143799366177,2019,9,15,31005,Brugge,Normaal,"Nat, plassen",Dag,met lichtgewonden,3,Fiets,9,personenauto,Op Kruispunt,Gewestweg,binnen bebouwde kom,Tss. 2 best.: langs opzij (voor-/achterkant-flank),Geen hindernis
16102,52,Brugge,Brugge,51.22632,3.24095,1.627257344115859,51.211688915408516,3.24143799366177,2019,9,15,31005,Brugge,Normaal,"Nat, plassen",Dag,met lichtgewonden,3,Fiets,9,personenauto,Op Kruispunt,Gewestweg,binnen bebouwde kom,Tss. 2 best.: langs opzij (voor-/achterkant-flank),Geen hindernis
16102,54,Brugge teller 2,Brugge,51.23015,3.22818,2.2508766805898004,51.211688915408516,3.24143799366177,2019,9,15,31005,Brugge,Normaal,"Nat, plassen",Dag,met lichtgewonden,3,Fiets,9,personenauto,Op Kruispunt,Gewestweg,binnen bebouwde kom,Tss. 2 best.: langs opzij (voor-/achterkant-flank),Geen hindernis
16102,53,Brugge teller 1,Brugge,51.23023,3.228,2.264144754489073,51.211688915408516,3.24143799366177,2019,9,15,31005,Brugge,Normaal,"Nat, plassen",Dag,met lichtgewonden,3,Fiets,9,personenauto,Op Kruispunt,Gewestweg,binnen bebouwde kom,Tss. 2 best.: langs opzij (voor-/achterkant-flank),Geen hindernis
16103,20,Brugge,Brugge,51.17416,3.20048,2.454353495707536,51.19273870504671,3.219492469254614,2019,9,8,31005,Brugge,Normaal,Droog,Dag,met lichtgewonden,6,Bromfiets,3,Fiets,Buiten Kruispunt,Gewestweg,binnen bebouwde kom,Tussen 2 bestuurders: Langs achteren,Geen hindernis