crash_row_id,site_id,site_name,site_gemeente,site_lat,site_long,distance_km,crash_lat,crash_long,DT_YEAR_COLLISION,DT_MONTH_COLLISION,DT_TIME,CD_NIS,TX_MUNTY_COLLISION_NL,TX_WEATHER_NL,TX_ROAD_CONDITION_NL,TX_LIGHT_CONDITION_NL,TX_CLASS_ACCIDENTS_NL,CD_ROAD_USR_TYPE1,TX_ROAD_USR_TYPE1_NL,CD_ROAD_USR_TYPE2,TX_ROAD_USR_TYPE2_NL,TX_CROSSWAY_NL,CD_ROAD_TYPE_NL,TX_BUILD_UP_AREA_NL,TX_COLLISION_TYPE_NL,TX_OBSTACLES_NL
16105,53,Brugge teller 1,Brugge,51.23023,3.228,1.7891105046488742,51.21772957329246,3.2118245953079163,2019,9,14,31005,Brugge,Regenval,"Nat, plassen",Dag,met lichtgewonden,9,personenauto,3,Fiets,Op Kruispunt,Gemeenteweg,binnen bebouwde kom,Tss. 2 best.: langs opzij (voor-/achterkant-flank),Geen hindernis
16105,54,Brugge teller 2,Brugge,51.23015,3.22818,1.7901578768472177,51.21772957329246,3.2118245953079163,2019,9,14,31005,Brugge,Regenval,"Nat, plassen",Dag,met lichtgewonden,9,personenauto,3,Fiets,Op Kruispunt,Gemeenteweg,binnen bebouwde kom,Tss. 2 best.: langs opzij (voor-/achterkant-flank),Geen hindernis
16105,52,Brugge,Brugge,51.22632,3.24095,2.2420127485341412,51.21772957329246,3.2118245953079163,2019,9,14,31005,Brugge,Regenval,"Nat, plassen",Dag,met lichtgewonden,9,personenauto,3,Fiets,Op Kruispunt,Gemeenteweg,binnen bebouwde kom,Tss. 2 best.: langs opzij (voor-/achterkant-flank),Geen hindernis
16105,142,TEST Validatie BRUGGE Y2H22022134,Brugge,51.22632,3.24095,2.2420127485341412,51.21772957329246,3.2118245953079163,2019,9,14,31005,Brugge,Regenval,"Nat, plassen",Dag,met lichtgewonden,9,personenauto,3,Fiets,Op Kruispunt,Gemeenteweg,binnen bebouwde kom,Tss. 2 best.: langs opzij (voor-/achterkant-flank),Geen hindernis
16106,53,Brugge teller 1,Brugge,51.23023,3.228,1.8099654155981437,51.21704160211281,3.2127665286883134,2019,9,9,31005,Brugge,Normaal,Droog,Dag,met lichtgewonden,9,personenauto,3,Fiets,Op Kruispunt,Gemeenteweg,binnen bebouwde kom,Tss. 2 best.: langs opzij (voor-/achterkant-flank),Geen hindernis
16106,54,Brugge teller 2,Brugge,51.23015,3.22818,1.8101707934612419,51.21704160211281,3.2127665286883134,2019,9,9,31005,Brugge,Normaal,Droog,Dag,met lichtgewonden,9,personenauto,3,Fiets,Op Kruispunt,Gemeenteweg,binnen bebouwde kom,Tss. 2 best.: langs opzij (voor-/achterkant-flank),Geen hindernis
16106,52,Brugge,Brugge,51.22632,3.24095,2.217401251377839,51.21704160211281,3.2127665286883134,2019,9,9,31005,Brugge,Normaal,Droog,Dag,met lichtgewonden,9,personenauto,3,Fiets,Op Kruispunt,Gemeenteweg,binnen bebouwde kom,Tss. 2 best.: langs opzij (voor-/achterkant-flank),Geen hindernis
16106,142,TEST Validatie BRUGGE Y2H22022134,Brugge,51.22632,3.24095,2.217401251377839,51.21704160211281,3.2127665286883134,2019,9,9,31005,Brugge,Normaal,Droog,Dag,met lichtgewonden,9,personenauto,3,Fiets,Op Kruispunt,Gemeenteweg,binnen bebouwde kom,Tss. 2 best.: langs opzij (voor-/achterkant-flank),Geen hindernis
16107,53,Brugge teller 1,Brugge,51.23023,3.228,1.7891105046488742,51.21772957329246,3.2118245953079163,2019,9,11,31005,Brugge,Normaal,Droog,Dag,met lichtgewonden,9,personenauto,3,Fiets,Op Kruispunt,Gemeenteweg,binnen bebouwde kom,Tss. 2 best.: langs opzij (voor-/achterkant-flank),Geen hindernis
16107,54,Brugge teller 2,Brugge,51.23015,3.22818,1.7901578768472177,51.21772957329246,3.2118245953079163,2019,9,11,31005,Brugge,Normaal,Droog,Dag,met lichtgewonden,9,personenauto,3,Fiets,Op Kruispunt,Gemeenteweg,binnen bebouwde kom,Tss. 2 best.: langs opzij (voor-/achterkant-flank),Geen hindernis
16107,52,Brugge,Brugge,51.22632,3.24095,2.2420127485341412,51.21772957329246,3.2118245953079163,2019,9,11,31005,Brugge,Normaal,Droog,Dag,met lichtgewonden,9,personenauto,3,Fiets,Op Kruispunt,Gemeenteweg,binnen bebouwde kom,Tss. 2 best.: langs opzij (voor-/achterkant-flank),Geen hindernis
16107,142,TEST Validatie BRUGGE Y2H22022134,Brugge,51.22632,3.24095,2.2420127485341412,51.21772957329246,3.2118245953079163,2019,9,11,31005,Brugge,Normaal,Droog,Dag,met lichtgewonden,9,personenauto,3,Fiets,Op Kruispunt,Gemeenteweg,binnen bebouwde kom,Tss. 2 best.: langs opzij (voor-/achterkant-flank),Geen hindernis
16108,142,TEST Validatie BRUGGE Y2H22022134,Brugge,51.22632,3.24095,1.2044842745885835,51.215719487004186,3.244507808823447,2019,9,8,31005,Brugge,Normaal,Droog,Dag,met lichtgewonden,9,personenauto,3,Fiets,Op Kruispunt,Gemeenteweg,binnen bebouwde kom,Tss. 2 best.: langs opzij (voor-/achterkant-flank),Geen hindernis
16108,52,Brugge,Brugge,51.22632,3.24095,1.2044842745885835,51.215719487004186,3.244507808823447,2019,9,8,31005,Brugge,Normaal,Droog,Dag,met lichtgewonden,9,personenauto,3,Fiets,Op Kruispunt,Gemeenteweg,binnen bebouwde kom,Tss. 2 best.: langs opzij (voor-/achterkant-flank),Geen hindernis
16108,54,Brugge teller 2,Brugge,51.23015,3.22818,1.966642593249674,51.215719487004186,3.244507808823447,2019,9,8,31005,Brugge,Normaal,Droog,Dag,met lichtgewonden,9,personenauto,3,Fiets,Op Kruispunt,Gemeenteweg,binnen bebouwde kom,Tss. 2 best.: langs opzij (voor-/achterkant-flank),Geen hindernis
16108,53,Brugge teller 1,Brugge,51.23023,3.228,1.981154194953491,51.215719487004186,3.244507808823447,2019,9,8,31005,Brugge,Normaal,Droog,Dag,met lichtgewonden,9,personenauto,3,Fiets,Op Kruispunt,Gemeenteweg,binnen bebouwde kom,Tss. 2 best.: langs opzij (voor-/achterkant-flank),Geen hindernis
16109,142,TEST Validatie BRUGGE Y2H22022134,Brugge,51.22632,3.24095,1.8359168426617631,51.21030252622638,3.247345519922751,2019,9,17,31005,Brugge,Regenval,"Nat, plassen",Dag,met lichtgewonden,3,Fiets,3,Fiets,Buiten Kruispunt,Gewestweg,binnen bebouwde kom,Tussen 2 bestuurders: Flank tegen flank,Geen hindernis
16109,52,Brugge,Brugge,51.22632,3.24095,1.8359168426617631,51.21030252622638,3.247345519922751,2019,9,17,31005,Brugge,Regenval,"Nat, plassen",Dag,met lichtgewonden,3,Fiets,3,Fiets,Buiten Kruispunt,Gewestweg,binnen bebouwde kom,Tussen 2 bestuurders: Flank tegen flank,Geen hindernis
16110,50,"Brugge, Sint-Andries",Brugge,51.19291,3.16252,1.9210761730269155,51.19875269943377,3.188465002786944,2019,9,7,31005,Brugge,Regenval,"Nat, plassen",Dag,met lichtgewonden,9,personenauto,3,Fiets,Buiten Kruispunt,Gewestweg,binnen bebouwde kom,Tss. 2 best.: langs opzij (voor-/achterkant-flank),Geen hindernis
16110,51,"Brugge, Sint-Andries",Brugge,51.19281,3.16252,1.9248669020184361,51.19875269943377,3.188465002786944,2019,9,7,31005,Brugge,Regenval,"Nat, plassen",Dag,met lichtgewonden,9,personenauto,3,Fiets,Buiten Kruispunt,Gewestweg,binnen bebouwde kom,Tss. 2 best.: langs opzij (voor-/achterkant-flank),Geen hindernis
16131,59,Ardooie teller 1,Ardooie,50.96784,3.18479,0.9079586684986458,50.97207882364924,3.1958726587294515,2019,9,16,37020,Ardooie,Normaal,Droog,Dag,met lichtgewonden,3,Fiets,4,Vrachtwagen,Op Kruispunt,Gewestweg,buiten bebouwde kom,Tss. 2 best.: langs opzij (voor-/achterkant-flank),Geen hindernis
16131,60,Ardooie teller 2,Ardooie,50.96783,3.18411,0.949530484183573,50.97207882364924,3.1958726587294515,2019,9,16,37020,Ardooie,Normaal,Droog,Dag,met lichtgewonden,3,Fiets,4,Vrachtwagen,Op Kruispunt,Gewestweg,buiten bebouwde kom,Tss. 2 best.: langs opzij (voor-/achterkant-flank),Geen hindernis
16135,18,Oostende 1,Oostende,51.21378,2.92765,0.62547837215733,51.21743713285245,2.934473139443075,2019,10,16,35013,Oostende,Normaal,"Nat, plassen",Dag,met lichtgewonden,9,personenauto,3,Fiets,Op Kruispunt,Gewestweg,binnen bebouwde kom,Tussen 2 bestuurders: Flank tegen flank,Geen hindernis
16135,15,Oostende 2,Oostende,51.21371,2.92743,0.6421947210733613,51.21743713285245,2.934473139443075,2019,10,16,35013,Oostende,Normaal,"Nat, plassen",Dag,met lichtgewonden,9,personenauto,3,Fiets,Op Kruispunt,Gewestweg,binnen bebouwde kom,Tussen 2 bestuurders: Flank tegen flank,Geen hindernis
16136,15,Oostende 2,Oostende,51.21371,2.92743,0.6776352684242556,51.20818326884651,2.931528922492381,2019,9,10,35013,Oostende,Normaal,Droog,Dag,met lichtgewonden,9,personenauto,3,Fiets,Op Kruispunt,Gemeenteweg,binnen bebouwde kom,Tss. 2 best.: langs opzij (voor-/achterkant-flank),Geen hindernis
16136,18,Oostende 1,Oostende,51.21378,2.92765,0.6784544109548961,51.20818326884651,2.931528922492381,2019,9,10,35013,Oostende,Normaal,Droog,Dag,met lichtgewonden,9,personenauto,3,Fiets,Op Kruispunt,Gemeenteweg,binnen bebouwde kom,Tss. 2 best.: langs opzij (voor-/achterkant-flank),Geen hindernis
16137,18,Oostende 1,Oostende,51.21378,2.92765,0.40277487408010393,51.21704954090073,2.9251610212700387,2019,9,10,35013,Oostende,Onbekend,Onbekend,Dag,met lichtgewonden,9,personenauto,3,Fiets,Buiten Kruispunt,Gewestweg,onbekend,Tss. 2 best.: langs opzij (voor-/achterkant-flank),Geen hindernis
16137,15,Oostende 2,Oostende,51.21371,2.92743,0.4035710897274354,51.21704954090073,2.9251610212700387,2019,9,10,35013,Oostende,Onbekend,Onbekend,Dag,met lichtgewonden,9,personenauto,3,Fiets,Buiten Kruispunt,Gewestweg,onbekend,Tss. 2 best.: langs opzij (voor-/achterkant-flank),Geen hindernis
16138,15,Oostende 2,Oostende,51.21371,2.92743,2.099483056179475,51.22013060109655,2.8990828609072876,2019,9,14,35013,Oostende,Normaal,Droog,Dag,met lichtgewonden,3,Fiets,9,personenauto,Buiten Kruispunt,Gewestweg,binnen bebouwde kom,Tss. 2 best.: langs opzij (voor-/achterkant-flank),Geen hindernis
16138,18,Oostende 1,Oostende,51.21378,2.92765,2.1112817017446184,51.22013060109655,2.8990828609072876,2019,9,14,35013,Oostende,Normaal,Droog,Dag,met lichtgewonden,3,Fiets,9,personenauto,Buiten Kruispunt,Gewestweg,binnen bebouwde kom,Tss. 2 best.: langs opzij (voor-/achterkant-flank),Geen hindernis
16139,18,Oostende 1,Oostende,51.21378,2.92765,0.1267299731946162,51.21482495773266,2.92692367764211,2019,9,11,35013,Oostende,Normaal,Droog,Dag,met lichtgewonden,3,Fiets,9,personenauto,Op Kruispunt,Gewestweg,binnen bebouwde kom,Tss. 2 best.: langs opzij (voor-/achterkant-flank),Geen hindernis
16139,15,Oostende 2,Oostende,51.21371,2.92743,0.1288961949713488,51.21482495773266,2.92692367764211,2019,9,11,35013,Oostende,Normaal,Droog,Dag,met lichtgewonden,3,Fiets,9,personenauto,Op Kruispunt,Gewestweg,binnen bebouwde kom,Tss. 2 best.: langs opzij (voor-/achterkant-flank),Geen hindernis
16143,65,Nieuwpoort teller 2,Nieuwpoort,51.13435,2.75511,1.1732804920489115,51.14488165536864,2.7561426139689247,2019,9,10,35011,Middelkerke,Normaal,Droog,Dag,met lichtgewonden,7,Motorfiets,3,Fiets,Buiten Kruispunt,Gewestweg,buiten bebouwde kom,Tss. 2 best.: langs opzij (voor-/achterkant-flank),Geen hindernis
16143,64,Nieuwpoort teller 1,Nieuwpoort,51.13359,2.75737,1.2584914523734203,51.14488165536864,2.7561426139689247,2019,9,10,35011,Middelkerke,Normaal,Droog,Dag,met lichtgewonden,7,Motorfiets,3,Fiets,Buiten Kruispunt,Gewestweg,buiten bebouwde kom,Tss. 2 best.: langs opzij (voor-/achterkant-flank),Geen hindernis
16143,63,Nieuwpoort teller 3,Nieuwpoort,51.13529,2.74289,1.411509911756095,51.14488165536864,2.7561426139689247,2019,9,10,35011,Middelkerke,Normaal,Droog,Dag,met lichtgewonden,7,Motorfiets,3,Fiets,Buiten Kruispunt,Gewestweg,buiten bebouwde kom,Tss. 2 best.: langs opzij (voor-/achterkant-flank),Geen hindernis
16143,66,Nieuwpoort totem,Nieuwpoort,51.1347,2.74369,1.4270682757631266,51.14488165536864,2.7561426139689247,2019,9,10,35011,Middelkerke,Normaal,Droog,Dag,met lichtgewonden,7,Motorfiets,3,Fiets,Buiten Kruispunt,Gewestweg,buiten bebouwde kom,Tss. 2 best.: langs opzij (voor-/achterkant-flank),Geen hindernis
16145,56,Torhout teller 2,Torhout,51.07147,3.08244,0.540866744550077,51.06664016249454,3.0815224385049844,2019,9,11,31033,Torhout,Normaal,"Nat, plassen",Dag,met lichtgewonden,9,personenauto,3,Fiets,Buiten Kruispunt,Gemeenteweg,binnen bebouwde kom,Tss. 2 best.: langs opzij (voor-/achterkant-flank),Geen hindernis
16145,55,Torhout teller 1,Torhout,51.07161,3.08261,0.5578210330046032,51.06664016249454,3.0815224385049844,2019,9,11,31033,Torhout,Normaal,"Nat, plassen",Dag,met lichtgewonden,9,personenauto,3,Fiets,Buiten Kruispunt,Gemeenteweg,binnen bebouwde kom,Tss. 2 best.: langs opzij (voor-/achterkant-flank),Geen hindernis
16147,55,Torhout teller 1,Torhout,51.07161,3.08261,1.4952109928533441,51.0688612245476,3.10355763222851,2019,9,11,31033,Torhout,Normaal,Droog,Dag,met zwaargewonden,9,personenauto,3,Fiets,Op Kruispunt,Gewestweg,binnen bebouwde kom,Tss. 2 best.: langs opzij (voor-/achterkant-flank),Geen hindernis
16147,56,Torhout teller 2,Torhout,51.07147,3.08244,1.5037619975633842,51.0688612245476,3.10355763222851,2019,9,11,31033,Torhout,Normaal,Droog,Dag,met zwaargewonden,9,personenauto,3,Fiets,Op Kruispunt,Gewestweg,binnen bebouwde kom,Tss. 2 best.: langs opzij (voor-/achterkant-flank),Geen hindernis
16151,55,Torhout teller 1,Torhout,51.07161,3.08261,1.2231836632227049,51.07646162084768,3.0983229118158135,2019,9,15,31033,Torhout,Normaal,"Nat, plassen",Dag,met lichtgewonden,5,Lichte vrachtauto,3,Fiets,Buiten Kruispunt,Gemeenteweg,buiten bebouwde kom,Tss. 2 best.: langs opzij (voor-/achterkant-flank),Geen hindernis
16151,56,Torhout teller 2,Torhout,51.07147,3.08244,1.2407412999389382,51.07646162084768,3.0983229118158135,2019,9,15,31033,Torhout,Normaal,"Nat, plassen",Dag,met lichtgewonden,5,Lichte vrachtauto,3,Fiets,Buiten Kruispunt,Gemeenteweg,buiten bebouwde kom,Tss. 2 best.: langs opzij (voor-/achterkant-flank),Geen hindernis
16153,84,Roeselare totem,Izegem,50.91717,3.18772,1.695698922812404,50.9204852688186,3.211331308929845,2019,9,7,36008,Izegem,Normaal,Droog,Dag,met lichtgewonden,9,personenauto,3,Fiets,Op Kruispunt,Gemeenteweg,binnen bebouwde kom,Tss. 2 best.: langs opzij (voor-/achterkant-flank),Geen hindernis
16158,84,Roeselare totem,Izegem,50.91717,3.18772,1.807430942121654,50.901143169682996,3.1920205093220164,2019,8,12,36008,Izegem,Onbekend,Onbekend,Dag,met lichtgewonden,3,Fiets,11,een weggebruiker tegen een hindernis,Buiten Kruispunt,Gemeenteweg,binnen bebouwde kom,Weggebruiker tegen hindernis op de rijbaan,"Op de rijbaan: Put, straatgoot, tramspoor"
16160,84,Roeselare totem,Izegem,50.91717,3.18772,1.5163846352420425,50.93025031494783,3.1816009247564656,2019,9,12,36008,Izegem,Normaal,Droog,Dag,met lichtgewonden,9,personenauto,3,Fiets,Op Kruispunt,Gemeenteweg,buiten bebouwde kom,Tss. 2 best.: langs opzij (voor-/achterkant-flank),Geen hindernis
16161,84,Roeselare totem,Izegem,50.91717,3.18772,0.8033131087368257,50.91810995342121,3.1990818981284894,2019,9,17,36008,Izegem,Normaal,Droog,Dag,met lichtgewonden,3,Fiets,11,een weggebruiker tegen een hindernis,Op Kruispunt,Gemeenteweg,binnen bebouwde kom,Weggebruiker tegen hindernis op de rijbaan,"Op de rijbaan: Werken (signal., aarde, toestel,…)"
16162,20,Brugge,Brugge,51.17416,3.20048,1.8743082189430997,51.17620268795919,3.227168031834749,2019,9,8,31005,Brugge,Onbekend,Onbekend,Dag,met lichtgewonden,6,Bromfiets,3,Fiets,Buiten Kruispunt,Gewestweg,binnen bebouwde kom,Tussen 2 bestuurders: Langs achteren,Geen hindernis
16169,84,Roeselare totem,Izegem,50.91717,3.18772,1.0356207355605291,50.92083705144478,3.1741397187992506,2019,9,12,36015,Roeselare,Normaal,Droog,Dag,met lichtgewonden,9,personenauto,3,Fiets,Buiten Kruispunt,Gemeenteweg,buiten bebouwde kom,Tussen 2 bestuurders: Flank tegen flank,Geen hindernis
16174,61,Wervik teller 2,Wervik,50.80555,3.0921,2.36332841674805,50.79636944976094,3.1224297557324405,2019,9,17,34027,Menen,Normaal,"Nat, plassen",Dag,met lichtgewonden,9,personenauto,3,Fiets,Op Kruispunt,Gewestweg,binnen bebouwde kom,Tussen 2 bestuurders: Frontale botsing,Geen hindernis
16174,62,Wervik teller 1,Wervik,50.8058,3.09154,2.4108386191758053,50.79636944976094,3.1224297557324405,2019,9,17,34027,Menen,Normaal,"Nat, plassen",Dag,met lichtgewonden,9,personenauto,3,Fiets,Op Kruispunt,Gewestweg,binnen bebouwde kom,Tussen 2 bestuurders: Frontale botsing,Geen hindernis
16175,61,Wervik teller 2,Wervik,50.80555,3.0921,2.460121394813602,50.794328604352195,3.122268655047105,2019,9,18,34027,Menen,Normaal,Droog,Dag,met lichtgewonden,9,personenauto,3,Fiets,Buiten Kruispunt,Gewestweg,binnen bebouwde kom,Tussen 2 bestuurders: Frontale botsing,Geen hindernis
16178,143,Eco Display Classic Budastraat,Kortrijk,50.83066,3.26286,0.9888510356696042,50.83952107237274,3.2640512074864843,2019,9,12,34022,Kortrijk,Normaal,"Nat, plassen+Proper",Dag,met lichtgewonden,9,personenauto,3,Fiets,Op Kruispunt,Gemeenteweg,binnen bebouwde kom,Tss. 2 best.: langs opzij (voor-/achterkant-flank),Geen hindernis
16178,17,Kortrijk 2,Kortrijk,50.83339,3.27773,1.177912499802386,50.83952107237274,3.2640512074864843,2019,9,12,34022,Kortrijk,Normaal,"Nat, plassen+Proper",Dag,met lichtgewonden,9,personenauto,3,Fiets,Op Kruispunt,Gemeenteweg,binnen bebouwde kom,Tss. 2 best.: langs opzij (voor-/achterkant-flank),Geen hindernis
16178,16,Kortrijk 1,Kortrijk,50.83332,3.27777,1.1847181234666622,50.83952107237274,3.2640512074864843,2019,9,12,34022,Kortrijk,Normaal,"Nat, plassen+Proper",Dag,met lichtgewonden,9,personenauto,3,Fiets,Op Kruispunt,Gemeenteweg,binnen bebouwde kom,Tss. 2 best.: langs opzij (voor-/achterkant-flank),Geen hindernis
16178,75,Kortrijk teller 2,Kortrijk,50.81925,3.25731,2.303229462265165,50.83952107237274,3.2640512074864843,2019,9,12,34022,Kortrijk,Normaal,"Nat, plassen+Proper",Dag,met lichtgewonden,9,personenauto,3,Fiets,Op Kruispunt,Gemeenteweg,binnen bebouwde kom,Tss. 2 best.: langs opzij (voor-/achterkant-flank),Geen hindernis
16178,74,Kortrijk teller 1,Kortrijk,50.81909,3.25728,2.321074538410905,50.83952107237274,3.2640512074864843,2019,9,12,34022,Kortrijk,Normaal,"Nat, plassen+Proper",Dag,met lichtgewonden,9,personenauto,3,Fiets,Op Kruispunt,Gemeenteweg,binnen bebouwde kom,Tss. 2 best.: langs opzij (voor-/achterkant-flank),Geen hindernis
16179,143,Eco Display Classic Budastraat,Kortrijk,50.83066,3.26286,0.5696356026634196,50.83488818391721,3.267439620316915,2019,9,10,34022,Kortrijk,Normaal,Droog,Dag,met lichtgewonden,9,personenauto,3,Fiets,Op Kruispunt,Gewestweg,binnen bebouwde kom,Tussen 2 bestuurders: Langs achteren,Geen hindernis
16179,17,Kortrijk 2,Kortrijk,50.83339,3.27773,0.7416164008117851,50.83488818391721,3.267439620316915,2019,9,10,34022,Kortrijk,Normaal,Droog,Dag,met lichtgewonden,9,personenauto,3,Fiets,Op Kruispunt,Gewestweg,binnen bebouwde kom,Tussen 2 bestuurders: Langs achteren,Geen hindernis
16179,16,Kortrijk 1,Kortrijk,50.83332,3.27777,0.7461350801331028,50.83488818391721,3.267439620316915,2019,9,10,34022,Kortrijk,Normaal,Droog,Dag,met lichtgewonden,9,personenauto,3,Fiets,Op Kruispunt,Gewestweg,binnen bebouwde kom,Tussen 2 bestuurders: Langs achteren,Geen hindernis
16179,75,Kortrijk teller 2,Kortrijk,50.81925,3.25731,1.8788115960112384,50.83488818391721,3.267439620316915,2019,9,10,34022,Kortrijk,Normaal,Droog,Dag,met lichtgewonden,9,personenauto,3,Fiets,Op Kruispunt,Gewestweg,binnen bebouwde kom,Tussen 2 bestuurders: Langs achteren,Geen hindernis
16179,74,Kortrijk teller 1,Kortrijk,50.81909,3.25728,1.8960822285411887,50.83488818391721,3.267439620316915,2019,9,10,34022,Kortrijk,Normaal,Droog,Dag,met lichtgewonden,9,personenauto,3,Fiets,Op Kruispunt,Gewestweg,binnen bebouwde kom,Tussen 2 bestuurders: Langs achteren,Geen hindernis
16181,74,Kortrijk teller 1,Kortrijk,50.81909,3.25728,0.8788173781385824,50.81405571767257,3.2476368532295723,2019,9,8,34022,Kortrijk,Normaal,Droog,Dag,met lichtgewonden,9,personenauto,3,Fiets,Op Kruispunt,Gemeenteweg,binnen bebouwde kom,Tss. 2 best.: langs opzij (voor-/achterkant-flank),Geen hindernis
16181,75,Kortrijk teller 2,Kortrijk,50.81925,3.25731,0.8918596123315445,50.81405571767257,3.2476368532295723,2019,9,8,34022,Kortrijk,Normaal,Droog,Dag,met lichtgewonden,9,personenauto,3,Fiets,Op Kruispunt,Gemeenteweg,binnen bebouwde kom,Tss. 2 best.: langs opzij (voor-/achterkant-flank),Geen hindernis
16181,143,Eco Display Classic Budastraat,Kortrijk,50.83066,3.26286,2.133628665560561,50.81405571767257,3.2476368532295723,2019,9,8,34022,Kortrijk,Normaal,Droog,Dag,met lichtgewonden,9,personenauto,3,Fiets,Op Kruispunt,Gemeenteweg,binnen bebouwde kom,Tss. 2 best.: langs opzij (voor-/achterkant-flank),Geen hindernis
16182,17,Kortrijk 2,Kortrijk,50.83339,3.27773,1.414550839274432,50.844344466430854,3.267488060411931,2019,9,10,34022,Kortrijk,Normaal,"Nat, plassen",Dag,met zwaargewonden,9,personenauto,3,Fiets,Buiten Kruispunt,Gewestweg,binnen bebouwde kom,Tss. 2 best.: langs opzij (voor-/achterkant-flank),Geen hindernis
16182,16,Kortrijk 1,Kortrijk,50.83332,3.27777,1.4226825606499018,50.844344466430854,3.267488060411931,2019,9,10,34022,Kortrijk,Normaal,"Nat, plassen",Dag,met zwaargewonden,9,personenauto,3,Fiets,Buiten Kruispunt,Gewestweg,binnen bebouwde kom,Tss. 2 best.: langs opzij (voor-/achterkant-flank),Geen hindernis
16182,143,Eco Display Classic Budastraat,Kortrijk,50.83066,3.26286,1.555962028636259,50.844344466430854,3.267488060411931,2019,9,10,34022,Kortrijk,Normaal,"Nat, plassen",Dag,met zwaargewonden,9,personenauto,3,Fiets,Buiten Kruispunt,Gewestweg,binnen bebouwde kom,Tss. 2 best.: langs opzij (voor-/achterkant-flank),Geen hindernis
16183,143,Eco Display Classic Budastraat,Kortrijk,50.83066,3.26286,0.7748485440437747,50.83083700245395,3.2518308913619127,2019,9,20,34022,Kortrijk,Normaal,Droog,Dag,met lichtgewonden,9,personenauto,3,Fiets,Buiten Kruispunt,Gewestweg,binnen bebouwde kom,Tss. 2 best.: langs opzij (voor-/achterkant-flank),Geen hindernis
16183,75,Kortrijk teller 2,Kortrijk,50.81925,3.25731,1.3446673596420489,50.83083700245395,3.2518308913619127,2019,9,20,34022,Kortrijk,Normaal,Droog,Dag,met lichtgewonden,9,personenauto,3,Fiets,Buiten Kruispunt,Gewestweg,binnen bebouwde kom,Tss. 2 best.: langs opzij (voor-/achterkant-flank),Geen hindernis
16183,74,Kortrijk teller 1,Kortrijk,50.81909,3.25728,1.3611299413636273,50.83083700245395,3.2518308913619127,2019,9,20,34022,Kortrijk,Normaal,Droog,Dag,met lichtgewonden,9,personenauto,3,Fiets,Buiten Kruispunt,Gewestweg,binnen bebouwde kom,Tss. 2 best.: langs opzij (voor-/achterkant-flank),Geen hindernis
16183,17,Kortrijk 2,Kortrijk,50.83339,3.27773,1.8409178204070364,50.83083700245395,3.2518308913619127,2019,9,20,34022,Kortrijk,Normaal,Droog,Dag,met lichtgewonden,9,personenauto,3,Fiets,Buiten Kruispunt,Gewestweg,binnen bebouwde kom,Tss. 2 best.: langs opzij (voor-/achterkant-flank),Geen hindernis
16183,16,Kortrijk 1,Kortrijk,50.83332,3.27777,1.8425124003022535,50.83083700245395,3.2518308913619127,2019,9,20,34022,Kortrijk,Normaal,Droog,Dag,met lichtgewonden,9,personenauto,3,Fiets,Buiten Kruispunt,Gewestweg,binnen bebouwde kom,Tss. 2 best.: langs opzij (voor-/achterkant-flank),Geen hindernis
16184,17,Kortrijk 2,Kortrijk,50.83339,3.27773,2.437801930609922,50.85449464870952,3.2871315369182055,2019,9,6,34023,Kuurne,Normaal,Droog,Dageraad - schemering,met lichtgewonden,3,Fiets,9,personenauto,Op Kruispunt,Gemeenteweg,binnen bebouwde kom,Tss. 2 best.: langs opzij (voor-/achterkant-flank),Geen hindernis
16184,16,Kortrijk 1,Kortrijk,50.83332,3.27777,2.444539179885028,50.85449464870952,3.2871315369182055,2019,9,6,34023,Kuurne,Normaal,Droog,Dageraad - schemering,met lichtgewonden,3,Fiets,9,personenauto,Op Kruispunt,Gemeenteweg,binnen bebouwde kom,Tss. 2 best.: langs opzij (voor-/achterkant-flank),Geen hindernis
16185,143,Eco Display Classic Budastraat,Kortrijk,50.83066,3.26286,0.49274207637668105,50.829969636791475,3.2559298284653067,2019,9,19,34022,Kortrijk,Normaal,Droog,Dag,met zwaargewonden,3,Fiets,9,personenauto,Buiten Kruispunt,Gewestweg,binnen bebouwde kom,Tussen 2 bestuurders: Frontale botsing,Geen hindernis
16185,75,Kortrijk teller 2,Kortrijk,50.81925,3.25731,1.1959051025405127,50.829969636791475,3.2559298284653067,2019,9,19,34022,Kortrijk,Normaal,Droog,Dag,met zwaargewonden,3,Fiets,9,personenauto,Buiten Kruispunt,Gewestweg,binnen bebouwde kom,Tussen 2 bestuurders: Frontale botsing,Geen hindernis
16185,74,Kortrijk teller 1,Kortrijk,50.81909,3.25728,1.2134720991795678,50.829969636791475,3.2559298284653067,2019,9,19,34022,Kortrijk,Normaal,Droog,Dag,met zwaargewonden,3,Fiets,9,personenauto,Buiten Kruispunt,Gewestweg,binnen bebouwde kom,Tussen 2 bestuurders: Frontale botsing,Geen hindernis
16185,17,Kortrijk 2,Kortrijk,50.83339,3.27773,1.5775748958464015,50.829969636791475,3.2559298284653067,2019,9,19,34022,Kortrijk,Normaal,Droog,Dag,met zwaargewonden,3,Fiets,9,personenauto,Buiten Kruispunt,Gewestweg,binnen bebouwde kom,Tussen 2 bestuurders: Frontale botsing,Geen hindernis
16185,16,Kortrijk 1,Kortrijk,50.83332,3.27777,1.5784473408729816,50.829969636791475,3.2559298284653067,2019,9,19,34022,Kortrijk,Normaal,Droog,Dag,met zwaargewonden,3,Fiets,9,personenauto,Buiten Kruispunt,Gewestweg,binnen bebouwde kom,Tussen 2 bestuurders: Frontale botsing,Geen hindernis