crash_row_id,site_id,site_name,site_gemeente,site_lat,site_long,distance_km,crash_lat,crash_long,DT_YEAR_COLLISION,DT_MONTH_COLLISION,DT_TIME,CD_NIS,TX_MUNTY_COLLISION_NL,TX_WEATHER_NL,TX_ROAD_CONDITION_NL,TX_LIGHT_CONDITION_NL,TX_CLASS_ACCIDENTS_NL,CD_ROAD_USR_TYPE1,TX_ROAD_USR_TYPE1_NL,CD_ROAD_USR_TYPE2,TX_ROAD_USR_TYPE2_NL,TX_CROSSWAY_NL,CD_ROAD_TYPE_NL,TX_BUILD_UP_AREA_NL,TX_COLLISION_TYPE_NL,TX_OBSTACLES_NL
16186,74,Kortrijk teller 1,Kortrijk,50.81909,3.25728,2.2411392086546056,50.801440963149034,3.2418765080032905,2019,9,7,34022,Kortrijk,Normaal,Droog,Dag,met lichtgewonden,3,Fiets,9,personenauto,Op Kruispunt,Gewestweg,binnen bebouwde kom,Tss. 2 best.: langs opzij (voor-/achterkant-flank),Geen hindernis
16186,75,Kortrijk teller 2,Kortrijk,50.81925,3.25731,2.25774543216371,50.801440963149034,3.2418765080032905,2019,9,7,34022,Kortrijk,Normaal,Droog,Dag,met lichtgewonden,3,Fiets,9,personenauto,Op Kruispunt,Gewestweg,binnen bebouwde kom,Tss. 2 best.: langs opzij (voor-/achterkant-flank),Geen hindernis
16188,17,Kortrijk 2,Kortrijk,50.83339,3.27773,2.0480145625423947,50.851117699037836,3.2698181243174353,2019,9,14,34023,Kuurne,Normaal,Droog,Dag,met lichtgewonden,5,Lichte vrachtauto,3,Fiets,Op Kruispunt,Gewestweg,binnen bebouwde kom,Tss. 2 best.: langs opzij (voor-/achterkant-flank),Geen hindernis
16188,16,Kortrijk 1,Kortrijk,50.83332,3.27777,2.0562684228566592,50.851117699037836,3.2698181243174353,2019,9,14,34023,Kuurne,Normaal,Droog,Dag,met lichtgewonden,5,Lichte vrachtauto,3,Fiets,Op Kruispunt,Gewestweg,binnen bebouwde kom,Tss. 2 best.: langs opzij (voor-/achterkant-flank),Geen hindernis
16188,143,Eco Display Classic Budastraat,Kortrijk,50.83066,3.26286,2.3266690448201426,50.851117699037836,3.2698181243174353,2019,9,14,34023,Kuurne,Normaal,Droog,Dag,met lichtgewonden,5,Lichte vrachtauto,3,Fiets,Op Kruispunt,Gewestweg,binnen bebouwde kom,Tss. 2 best.: langs opzij (voor-/achterkant-flank),Geen hindernis
16189,74,Kortrijk teller 1,Kortrijk,50.81909,3.25728,1.4169525220085744,50.81263554374808,3.2746702296440184,2019,9,17,34022,Kortrijk,Onbekend,"Nat, plassen",Dag,met lichtgewonden,4,Vrachtwagen,3,Fiets,Op Kruispunt,Gewestweg,binnen bebouwde kom,Tss. 2 best.: langs opzij (voor-/achterkant-flank),Geen hindernis
16189,75,Kortrijk teller 2,Kortrijk,50.81925,3.25731,1.4242394135481546,50.81263554374808,3.2746702296440184,2019,9,17,34022,Kortrijk,Onbekend,"Nat, plassen",Dag,met lichtgewonden,4,Vrachtwagen,3,Fiets,Op Kruispunt,Gewestweg,binnen bebouwde kom,Tss. 2 best.: langs opzij (voor-/achterkant-flank),Geen hindernis
16189,143,Eco Display Classic Budastraat,Kortrijk,50.83066,3.26286,2.169147228937046,50.81263554374808,3.2746702296440184,2019,9,17,34022,Kortrijk,Onbekend,"Nat, plassen",Dag,met lichtgewonden,4,Vrachtwagen,3,Fiets,Op Kruispunt,Gewestweg,binnen bebouwde kom,Tss. 2 best.: langs opzij (voor-/achterkant-flank),Geen hindernis
16189,16,Kortrijk 1,Kortrijk,50.83332,3.27777,2.3102902440527715,50.81263554374808,3.2746702296440184,2019,9,17,34022,Kortrijk,Onbekend,"Nat, plassen",Dag,met lichtgewonden,4,Vrachtwagen,3,Fiets,Op Kruispunt,Gewestweg,binnen bebouwde kom,Tss. 2 best.: langs opzij (voor-/achterkant-flank),Geen hindernis
16189,17,Kortrijk 2,Kortrijk,50.83339,3.27773,2.3177771030764247,50.81263554374808,3.2746702296440184,2019,9,17,34022,Kortrijk,Onbekend,"Nat, plassen",Dag,met lichtgewonden,4,Vrachtwagen,3,Fiets,Op Kruispunt,Gewestweg,binnen bebouwde kom,Tss. 2 best.: langs opzij (voor-/achterkant-flank),Geen hindernis
16190,75,Kortrijk teller 2,Kortrijk,50.81925,3.25731,1.1554600622588804,50.820664360745916,3.2736051254814726,2019,9,19,34022,Kortrijk,Normaal,Droog,Dag,met zwaargewonden,6,Bromfiets,3,Fiets,Op Kruispunt,Gemeenteweg,binnen bebouwde kom,Tss. 2 best.: langs opzij (voor-/achterkant-flank),Geen hindernis
16190,74,Kortrijk teller 1,Kortrijk,50.81909,3.25728,1.1601009839897767,50.820664360745916,3.2736051254814726,2019,9,19,34022,Kortrijk,Normaal,Droog,Dag,met zwaargewonden,6,Bromfiets,3,Fiets,Op Kruispunt,Gemeenteweg,binnen bebouwde kom,Tss. 2 best.: langs opzij (voor-/achterkant-flank),Geen hindernis
16190,143,Eco Display Classic Budastraat,Kortrijk,50.83066,3.26286,1.3434952484410645,50.820664360745916,3.2736051254814726,2019,9,19,34022,Kortrijk,Normaal,Droog,Dag,met zwaargewonden,6,Bromfiets,3,Fiets,Op Kruispunt,Gemeenteweg,binnen bebouwde kom,Tss. 2 best.: langs opzij (voor-/achterkant-flank),Geen hindernis
16190,16,Kortrijk 1,Kortrijk,50.83332,3.27777,1.4373264723099664,50.820664360745916,3.2736051254814726,2019,9,19,34022,Kortrijk,Normaal,Droog,Dag,met zwaargewonden,6,Bromfiets,3,Fiets,Op Kruispunt,Gemeenteweg,binnen bebouwde kom,Tss. 2 best.: langs opzij (voor-/achterkant-flank),Geen hindernis
16190,17,Kortrijk 2,Kortrijk,50.83339,3.27773,1.4443818587007646,50.820664360745916,3.2736051254814726,2019,9,19,34022,Kortrijk,Normaal,Droog,Dag,met zwaargewonden,6,Bromfiets,3,Fiets,Op Kruispunt,Gemeenteweg,binnen bebouwde kom,Tss. 2 best.: langs opzij (voor-/achterkant-flank),Geen hindernis
16191,143,Eco Display Classic Budastraat,Kortrijk,50.83066,3.26286,2.201922249120074,50.83402582156611,3.2319631102134285,2019,9,8,34022,Kortrijk,Normaal,Droog,Dag,met lichtgewonden,3,Fiets,9,personenauto,Buiten Kruispunt,Gemeenteweg,binnen bebouwde kom,Tss. 2 best.: langs opzij (voor-/achterkant-flank),Geen hindernis
16191,75,Kortrijk teller 2,Kortrijk,50.81925,3.25731,2.4226003543958594,50.83402582156611,3.2319631102134285,2019,9,8,34022,Kortrijk,Normaal,Droog,Dag,met lichtgewonden,3,Fiets,9,personenauto,Buiten Kruispunt,Gemeenteweg,binnen bebouwde kom,Tss. 2 best.: langs opzij (voor-/achterkant-flank),Geen hindernis
16191,74,Kortrijk teller 1,Kortrijk,50.81909,3.25728,2.433163202169696,50.83402582156611,3.2319631102134285,2019,9,8,34022,Kortrijk,Normaal,Droog,Dag,met lichtgewonden,3,Fiets,9,personenauto,Buiten Kruispunt,Gemeenteweg,binnen bebouwde kom,Tss. 2 best.: langs opzij (voor-/achterkant-flank),Geen hindernis
16192,143,Eco Display Classic Budastraat,Kortrijk,50.83066,3.26286,0.9364219052012779,50.82426148564679,3.2715282628558264,2019,9,17,34022,Kortrijk,Normaal,Droog,Dag,met lichtgewonden,3,Fiets,6,Bromfiets,Buiten Kruispunt,Gewestweg,binnen bebouwde kom,Tussen 2 bestuurders: Frontale botsing,Geen hindernis
16192,16,Kortrijk 1,Kortrijk,50.83332,3.27777,1.0985260926267406,50.82426148564679,3.2715282628558264,2019,9,17,34022,Kortrijk,Normaal,Droog,Dag,met lichtgewonden,3,Fiets,6,Bromfiets,Buiten Kruispunt,Gewestweg,binnen bebouwde kom,Tussen 2 bestuurders: Frontale botsing,Geen hindernis
16192,17,Kortrijk 2,Kortrijk,50.83339,3.27773,1.1045564105273913,50.82426148564679,3.2715282628558264,2019,9,17,34022,Kortrijk,Normaal,Droog,Dag,met lichtgewonden,3,Fiets,6,Bromfiets,Buiten Kruispunt,Gewestweg,binnen bebouwde kom,Tussen 2 bestuurders: Frontale botsing,Geen hindernis
16192,75,Kortrijk teller 2,Kortrijk,50.81925,3.25731,1.143711274025278,50.82426148564679,3.2715282628558264,2019,9,17,34022,Kortrijk,Normaal,Droog,Dag,met lichtgewonden,3,Fiets,6,Bromfiets,Buiten Kruispunt,Gewestweg,binnen bebouwde kom,Tussen 2 bestuurders: Frontale botsing,Geen hindernis
16192,74,Kortrijk teller 1,Kortrijk,50.81909,3.25728,1.1543126914254365,50.82426148564679,3.2715282628558264,2019,9,17,34022,Kortrijk,Normaal,Droog,Dag,met lichtgewonden,3,Fiets,6,Bromfiets,Buiten Kruispunt,Gewestweg,binnen bebouwde kom,Tussen 2 bestuurders: Frontale botsing,Geen hindernis
16193,75,Kortrijk teller 2,Kortrijk,50.81925,3.25731,1.0693814860223843,50.82113482170433,3.272237708975663,2019,9,11,34022,Kortrijk,Normaal,Droog,Dag,met lichtgewonden,9,personenauto,3,Fiets,Buiten Kruispunt,Gemeenteweg,binnen bebouwde kom,Tussen 2 bestuurders: Flank tegen flank,Geen hindernis
16193,74,Kortrijk teller 1,Kortrijk,50.81909,3.25728,1.0750715648493245,50.82113482170433,3.272237708975663,2019,9,11,34022,Kortrijk,Normaal,Droog,Dag,met lichtgewonden,9,personenauto,3,Fiets,Buiten Kruispunt,Gemeenteweg,binnen bebouwde kom,Tussen 2 bestuurders: Flank tegen flank,Geen hindernis
16193,143,Eco Display Classic Budastraat,Kortrijk,50.83066,3.26286,1.247264430371744,50.82113482170433,3.272237708975663,2019,9,11,34022,Kortrijk,Normaal,Droog,Dag,met lichtgewonden,9,personenauto,3,Fiets,Buiten Kruispunt,Gemeenteweg,binnen bebouwde kom,Tussen 2 bestuurders: Flank tegen flank,Geen hindernis
16193,16,Kortrijk 1,Kortrijk,50.83332,3.27777,1.4095478990183898,50.82113482170433,3.272237708975663,2019,9,11,34022,Kortrijk,Normaal,Droog,Dag,met lichtgewonden,9,personenauto,3,Fiets,Buiten Kruispunt,Gemeenteweg,binnen bebouwde kom,Tussen 2 bestuurders: Flank tegen flank,Geen hindernis
16193,17,Kortrijk 2,Kortrijk,50.83339,3.27773,1.4162636492690814,50.82113482170433,3.272237708975663,2019,9,11,34022,Kortrijk,Normaal,Droog,Dag,met lichtgewonden,9,personenauto,3,Fiets,Buiten Kruispunt,Gemeenteweg,binnen bebouwde kom,Tussen 2 bestuurders: Flank tegen flank,Geen hindernis
16200,17,Kortrijk 2,Kortrijk,50.83339,3.27773,0.9587506214927582,50.8397202383006,3.2869997508065976,2019,9,7,34013,Harelbeke,Normaal,"Nat, plassen",Dag,met lichtgewonden,9,personenauto,3,Fiets,Buiten Kruispunt,Gewestweg,buiten bebouwde kom,Tss. 2 best.: langs opzij (voor-/achterkant-flank),Geen hindernis
16200,16,Kortrijk 1,Kortrijk,50.83332,3.27777,0.9625863835543019,50.8397202383006,3.2869997508065976,2019,9,7,34013,Harelbeke,Normaal,"Nat, plassen",Dag,met lichtgewonden,9,personenauto,3,Fiets,Buiten Kruispunt,Gewestweg,buiten bebouwde kom,Tss. 2 best.: langs opzij (voor-/achterkant-flank),Geen hindernis
16200,143,Eco Display Classic Budastraat,Kortrijk,50.83066,3.26286,1.9719921830524618,50.8397202383006,3.2869997508065976,2019,9,7,34013,Harelbeke,Normaal,"Nat, plassen",Dag,met lichtgewonden,9,personenauto,3,Fiets,Buiten Kruispunt,Gewestweg,buiten bebouwde kom,Tss. 2 best.: langs opzij (voor-/achterkant-flank),Geen hindernis
16207,64,Nieuwpoort teller 1,Nieuwpoort,51.13359,2.75737,0.1711835006651868,51.1349192216588,2.758607708880238,2019,9,7,38016,Nieuwpoort,Normaal,Droog,Dag,met lichtgewonden,3,Fiets,3,Fiets,Buiten Kruispunt,Gewestweg,binnen bebouwde kom,Tussen 2 bestuurders: Frontale botsing,Geen hindernis
16207,65,Nieuwpoort teller 2,Nieuwpoort,51.13435,2.75511,0.25212329283041673,51.1349192216588,2.758607708880238,2019,9,7,38016,Nieuwpoort,Normaal,Droog,Dag,met lichtgewonden,3,Fiets,3,Fiets,Buiten Kruispunt,Gewestweg,binnen bebouwde kom,Tussen 2 bestuurders: Frontale botsing,Geen hindernis
16207,66,Nieuwpoort totem,Nieuwpoort,51.1347,2.74369,1.0411494185595942,51.1349192216588,2.758607708880238,2019,9,7,38016,Nieuwpoort,Normaal,Droog,Dag,met lichtgewonden,3,Fiets,3,Fiets,Buiten Kruispunt,Gewestweg,binnen bebouwde kom,Tussen 2 bestuurders: Frontale botsing,Geen hindernis
16207,63,Nieuwpoort teller 3,Nieuwpoort,51.13529,2.74289,1.097450693053461,51.1349192216588,2.758607708880238,2019,9,7,38016,Nieuwpoort,Normaal,Droog,Dag,met lichtgewonden,3,Fiets,3,Fiets,Buiten Kruispunt,Gewestweg,binnen bebouwde kom,Tussen 2 bestuurders: Frontale botsing,Geen hindernis
16208,64,Nieuwpoort teller 1,Nieuwpoort,51.13359,2.75737,0.7919800143541433,51.12646769733917,2.7572976490785934,2019,9,18,38016,Nieuwpoort,Normaal,"Nat, plassen",Dag,met lichtgewonden,6,Bromfiets,3,Fiets,Op Kruispunt,Gemeenteweg,binnen bebouwde kom,Tussen 2 bestuurders: Langs achteren,Geen hindernis
16208,65,Nieuwpoort teller 2,Nieuwpoort,51.13435,2.75511,0.8896666897631138,51.12646769733917,2.7572976490785934,2019,9,18,38016,Nieuwpoort,Normaal,"Nat, plassen",Dag,met lichtgewonden,6,Bromfiets,3,Fiets,Op Kruispunt,Gemeenteweg,binnen bebouwde kom,Tussen 2 bestuurders: Langs achteren,Geen hindernis
16208,66,Nieuwpoort totem,Nieuwpoort,51.1347,2.74369,1.3189282000308118,51.12646769733917,2.7572976490785934,2019,9,18,38016,Nieuwpoort,Normaal,"Nat, plassen",Dag,met lichtgewonden,6,Bromfiets,3,Fiets,Op Kruispunt,Gemeenteweg,binnen bebouwde kom,Tussen 2 bestuurders: Langs achteren,Geen hindernis
16208,63,Nieuwpoort teller 3,Nieuwpoort,51.13529,2.74289,1.4046715456461756,51.12646769733917,2.7572976490785934,2019,9,18,38016,Nieuwpoort,Normaal,"Nat, plassen",Dag,met lichtgewonden,6,Bromfiets,3,Fiets,Op Kruispunt,Gemeenteweg,binnen bebouwde kom,Tussen 2 bestuurders: Langs achteren,Geen hindernis
16211,67,Ieper totem,Ieper,50.85018,2.85624,2.4160202039359713,50.828462995807904,2.857324071420169,2019,9,11,33011,Ieper,Normaal,Droog,Dag,met lichtgewonden,3,Fiets,9,personenauto,Op Kruispunt,Gewestweg,buiten bebouwde kom,Tss. 2 best.: langs opzij (voor-/achterkant-flank),Geen hindernis
16211,68,Ieper,Ieper,50.85032,2.85608,2.4319574602124012,50.828462995807904,2.857324071420169,2019,9,11,33011,Ieper,Normaal,Droog,Dag,met lichtgewonden,3,Fiets,9,personenauto,Op Kruispunt,Gewestweg,buiten bebouwde kom,Tss. 2 best.: langs opzij (voor-/achterkant-flank),Geen hindernis
16213,35,Lanaken teller 1,Lanaken,50.88112,5.6314,1.780001816230561,50.894924295995,5.644248434984393,2019,9,17,73042,Lanaken,Normaal,Droog,Dag,met lichtgewonden,9,personenauto,3,Fiets,Buiten Kruispunt,Gewestweg,binnen bebouwde kom,Tss. 2 best.: langs opzij (voor-/achterkant-flank),Geen hindernis
16213,36,Lanaken teller 2,Lanaken,50.88131,5.63012,1.809390941873409,50.894924295995,5.644248434984393,2019,9,17,73042,Lanaken,Normaal,Droog,Dag,met lichtgewonden,9,personenauto,3,Fiets,Buiten Kruispunt,Gewestweg,binnen bebouwde kom,Tss. 2 best.: langs opzij (voor-/achterkant-flank),Geen hindernis
16214,42,Maasmechelen teller 2,Maasmechelen,50.97043,5.6981,1.3734405229149496,50.982579258466814,5.69456334429115,2019,9,15,73107,Maasmechelen,Normaal,Droog,Dag,met lichtgewonden,3,Fiets,9,personenauto,Op Kruispunt,Gemeenteweg,binnen bebouwde kom,Tussen 2 bestuurders: Flank tegen flank,Geen hindernis
16214,41,Maasmechelen teller 1,Maasmechelen,50.97025,5.69799,1.391784219076387,50.982579258466814,5.69456334429115,2019,9,15,73107,Maasmechelen,Normaal,Droog,Dag,met lichtgewonden,3,Fiets,9,personenauto,Op Kruispunt,Gemeenteweg,binnen bebouwde kom,Tussen 2 bestuurders: Flank tegen flank,Geen hindernis
16224,99,Mechelen teller 1,Mechelen,51.04564,4.46882,1.9145599257589572,51.032382513551795,4.486292210580837,2019,9,14,12025,Mechelen,Normaal,Onbekend,Dag,met lichtgewonden,3,Fiets,9,personenauto,Op Kruispunt,Gemeenteweg,binnen bebouwde kom,Tss. 2 best.: langs opzij (voor-/achterkant-flank),Geen hindernis
16224,100,Mechelen teller 2,Mechelen,51.0457,4.46883,1.9192563290108449,51.032382513551795,4.486292210580837,2019,9,14,12025,Mechelen,Normaal,Onbekend,Dag,met lichtgewonden,3,Fiets,9,personenauto,Op Kruispunt,Gemeenteweg,binnen bebouwde kom,Tss. 2 best.: langs opzij (voor-/achterkant-flank),Geen hindernis
16225,109,Zemst,Zemst,50.9903936,4.4707023,2.3885560363838505,51.01000482640457,4.484630025436028,2019,9,9,12025,Mechelen,Normaal,Droog,Dag,met lichtgewonden,9,personenauto,3,Fiets,Op Kruispunt,Gemeenteweg,binnen bebouwde kom,Tss. 2 best.: langs opzij (voor-/achterkant-flank),Geen hindernis
16226,99,Mechelen teller 1,Mechelen,51.04564,4.46882,2.3139754842056584,51.02548509561334,4.477058479346783,2019,9,13,12025,Mechelen,Normaal,Droog,Dag,met lichtgewonden,3,Fiets,8,Voetganger,Buiten Kruispunt,Gemeenteweg,binnen bebouwde kom,Met een voetganger,Geen hindernis
16226,100,Mechelen teller 2,Mechelen,51.0457,4.46883,2.320264141530613,51.02548509561334,4.477058479346783,2019,9,13,12025,Mechelen,Normaal,Droog,Dag,met lichtgewonden,3,Fiets,8,Voetganger,Buiten Kruispunt,Gemeenteweg,binnen bebouwde kom,Met een voetganger,Geen hindernis
16227,99,Mechelen teller 1,Mechelen,51.04564,4.46882,2.2467548688620185,51.0269296138464,4.480950438424049,2019,9,7,12025,Mechelen,Normaal,"Nat, plassen",Dag,met lichtgewonden,3,Fiets,3,Fiets,Op Kruispunt,Gemeenteweg,binnen bebouwde kom,Tss. 2 best.: langs opzij (voor-/achterkant-flank),Geen hindernis
16227,100,Mechelen teller 2,Mechelen,51.0457,4.46883,2.252670922405693,51.0269296138464,4.480950438424049,2019,9,7,12025,Mechelen,Normaal,"Nat, plassen",Dag,met lichtgewonden,3,Fiets,3,Fiets,Op Kruispunt,Gemeenteweg,binnen bebouwde kom,Tss. 2 best.: langs opzij (voor-/achterkant-flank),Geen hindernis
16228,99,Mechelen teller 1,Mechelen,51.04564,4.46882,2.3107105116985225,51.03101030420803,4.492290717821156,2019,9,15,12025,Mechelen,Regenval,"Nat, plassen",Dag,met lichtgewonden,9,personenauto,3,Fiets,Op Kruispunt,Gewestweg,binnen bebouwde kom,Tss. 2 best.: langs opzij (voor-/achterkant-flank),Geen hindernis
16228,100,Mechelen teller 2,Mechelen,51.0457,4.46883,2.3149159986848264,51.03101030420803,4.492290717821156,2019,9,15,12025,Mechelen,Regenval,"Nat, plassen",Dag,met lichtgewonden,9,personenauto,3,Fiets,Op Kruispunt,Gewestweg,binnen bebouwde kom,Tss. 2 best.: langs opzij (voor-/achterkant-flank),Geen hindernis
16232,100,Mechelen teller 2,Mechelen,51.0457,4.46883,0.7583722274929701,51.047452071544235,4.479314232789957,2019,9,15,12025,Mechelen,Normaal,Droog,Dag,met lichtgewonden,9,personenauto,3,Fiets,Op Kruispunt,Gewestweg,binnen bebouwde kom,Tss. 2 best.: langs opzij (voor-/achterkant-flank),Geen hindernis
16232,99,Mechelen teller 1,Mechelen,51.04564,4.46882,0.7607880370518324,51.047452071544235,4.479314232789957,2019,9,15,12025,Mechelen,Normaal,Droog,Dag,met lichtgewonden,9,personenauto,3,Fiets,Op Kruispunt,Gewestweg,binnen bebouwde kom,Tss. 2 best.: langs opzij (voor-/achterkant-flank),Geen hindernis
16235,99,Mechelen teller 1,Mechelen,51.04564,4.46882,2.3149400282924724,51.02904973151403,4.488821322341679,2019,9,8,12025,Mechelen,Normaal,Droog,Dag,met lichtgewonden,9,personenauto,3,Fiets,Op Kruispunt,Gewestweg,binnen bebouwde kom,Tss. 2 best.: langs opzij (voor-/achterkant-flank),Geen hindernis
16235,100,Mechelen teller 2,Mechelen,51.0457,4.46883,2.3198382212194653,51.02904973151403,4.488821322341679,2019,9,8,12025,Mechelen,Normaal,Droog,Dag,met lichtgewonden,9,personenauto,3,Fiets,Op Kruispunt,Gewestweg,binnen bebouwde kom,Tss. 2 best.: langs opzij (voor-/achterkant-flank),Geen hindernis
16237,138,Hasselt-Kempische brug,Hasselt,50.9405318,5.3422472,0.26020462618894963,50.93832299779368,5.341020880258631,2019,9,9,71022,Hasselt,Normaal,Droog,Dag,met lichtgewonden,3,Fiets,6,Bromfiets,Buiten Kruispunt,Gewestweg,binnen bebouwde kom,Tss. 2 best.: langs opzij (voor-/achterkant-flank),Geen hindernis
16237,137,Hasselt-Kempische brug,Hasselt,50.9411605,5.3417576,0.31971069926619605,50.93832299779368,5.341020880258631,2019,9,9,71022,Hasselt,Normaal,Droog,Dag,met lichtgewonden,3,Fiets,6,Bromfiets,Buiten Kruispunt,Gewestweg,binnen bebouwde kom,Tss. 2 best.: langs opzij (voor-/achterkant-flank),Geen hindernis
16237,140,Hasselt ring,Hasselt,50.9300038,5.3438616,0.9462294761434767,50.93832299779368,5.341020880258631,2019,9,9,71022,Hasselt,Normaal,Droog,Dag,met lichtgewonden,3,Fiets,6,Bromfiets,Buiten Kruispunt,Gewestweg,binnen bebouwde kom,Tss. 2 best.: langs opzij (voor-/achterkant-flank),Geen hindernis
16238,140,Hasselt ring,Hasselt,50.9300038,5.3438616,2.4903488334645276,50.92265026128182,5.377423334589247,2019,9,17,71011,Diepenbeek,Normaal,Droog,Dag,met lichtgewonden,9,personenauto,3,Fiets,Buiten Kruispunt,Gewestweg,buiten bebouwde kom,Tussen 2 bestuurders: Flank tegen flank,Geen hindernis
16239,137,Hasselt-Kempische brug,Hasselt,50.9411605,5.3417576,1.5417778615211157,50.93549536164741,5.321674634600965,2019,9,17,71022,Hasselt,Regenval,"Nat, plassen",Dag,met lichtgewonden,3,Fiets,9,personenauto,Op Kruispunt,Gemeenteweg,binnen bebouwde kom,Tss. 2 best.: langs opzij (voor-/achterkant-flank),Geen hindernis
16239,138,Hasselt-Kempische brug,Hasselt,50.9405318,5.3422472,1.5464957066089238,50.93549536164741,5.321674634600965,2019,9,17,71022,Hasselt,Regenval,"Nat, plassen",Dag,met lichtgewonden,3,Fiets,9,personenauto,Op Kruispunt,Gemeenteweg,binnen bebouwde kom,Tss. 2 best.: langs opzij (voor-/achterkant-flank),Geen hindernis
16239,140,Hasselt ring,Hasselt,50.9300038,5.3438616,1.6704417219739784,50.93549536164741,5.321674634600965,2019,9,17,71022,Hasselt,Regenval,"Nat, plassen",Dag,met lichtgewonden,3,Fiets,9,personenauto,Op Kruispunt,Gemeenteweg,binnen bebouwde kom,Tss. 2 best.: langs opzij (voor-/achterkant-flank),Geen hindernis
16241,140,Hasselt ring,Hasselt,50.9300038,5.3438616,0.2791008992609908,50.93023597899417,5.347826983255258,2019,9,14,71022,Hasselt,Normaal,Droog,Dag,met lichtgewonden,3,Fiets,9,personenauto,Buiten Kruispunt,Gewestweg,binnen bebouwde kom,Tss. 2 best.: langs opzij (voor-/achterkant-flank),Geen hindernis
16241,138,Hasselt-Kempische brug,Hasselt,50.9405318,5.3422472,1.2097717455003176,50.93023597899417,5.347826983255258,2019,9,14,71022,Hasselt,Normaal,Droog,Dag,met lichtgewonden,3,Fiets,9,personenauto,Buiten Kruispunt,Gewestweg,binnen bebouwde kom,Tss. 2 best.: langs opzij (voor-/achterkant-flank),Geen hindernis
16241,137,Hasselt-Kempische brug,Hasselt,50.9411605,5.3417576,1.2870535324688264,50.93023597899417,5.347826983255258,2019,9,14,71022,Hasselt,Normaal,Droog,Dag,met lichtgewonden,3,Fiets,9,personenauto,Buiten Kruispunt,Gewestweg,binnen bebouwde kom,Tss. 2 best.: langs opzij (voor-/achterkant-flank),Geen hindernis
16244,140,Hasselt ring,Hasselt,50.9300038,5.3438616,1.7574900525114903,50.91688150948899,5.329885164775568,2019,9,16,71022,Hasselt,Normaal,Droog,Dag,met zwaargewonden,3,Fiets,3,Fiets,Buiten Kruispunt,Gewestweg,buiten bebouwde kom,Tussen 2 bestuurders: Frontale botsing,Geen hindernis
16245,140,Hasselt ring,Hasselt,50.9300038,5.3438616,0.8005599982015003,50.92986296462123,5.332440735680124,2019,9,14,71022,Hasselt,Normaal,Droog,Dag,met lichtgewonden,9,personenauto,3,Fiets,Op Kruispunt,Gewestweg,binnen bebouwde kom,Tss. 2 best.: langs opzij (voor-/achterkant-flank),Geen hindernis
16245,138,Hasselt-Kempische brug,Hasselt,50.9405318,5.3422472,1.3709786089280718,50.92986296462123,5.332440735680124,2019,9,14,71022,Hasselt,Normaal,Droog,Dag,met lichtgewonden,9,personenauto,3,Fiets,Op Kruispunt,Gewestweg,binnen bebouwde kom,Tss. 2 best.: langs opzij (voor-/achterkant-flank),Geen hindernis
16245,137,Hasselt-Kempische brug,Hasselt,50.9411605,5.3417576,1.415752454979691,50.92986296462123,5.332440735680124,2019,9,14,71022,Hasselt,Normaal,Droog,Dag,met lichtgewonden,9,personenauto,3,Fiets,Op Kruispunt,Gewestweg,binnen bebouwde kom,Tss. 2 best.: langs opzij (voor-/achterkant-flank),Geen hindernis
16249,137,Hasselt-Kempische brug,Hasselt,50.9411605,5.3417576,2.381117808105649,50.951157106005645,5.311700716307509,2019,9,17,71022,Hasselt,Normaal,Droog,Dag,met lichtgewonden,9,personenauto,3,Fiets,Buiten Kruispunt,Gemeenteweg,binnen bebouwde kom,Tussen 2 bestuurders: Langs achteren,Geen hindernis
16249,138,Hasselt-Kempische brug,Hasselt,50.9405318,5.3422472,2.4445285484695343,50.951157106005645,5.311700716307509,2019,9,17,71022,Hasselt,Normaal,Droog,Dag,met lichtgewonden,9,personenauto,3,Fiets,Buiten Kruispunt,Gemeenteweg,binnen bebouwde kom,Tussen 2 bestuurders: Langs achteren,Geen hindernis
16250,140,Hasselt ring,Hasselt,50.9300038,5.3438616,1.0480635974943535,50.92371591017791,5.332721841304781,2019,9,18,71022,Hasselt,Onbekend,Droog,Dag,met lichtgewonden,9,personenauto,3,Fiets,Op Kruispunt,Gewestweg,binnen bebouwde kom,Tss. 2 best.: langs opzij (voor-/achterkant-flank),Geen hindernis
16250,138,Hasselt-Kempische brug,Hasselt,50.9405318,5.3422472,1.9854238662900383,50.92371591017791,5.332721841304781,2019,9,18,71022,Hasselt,Onbekend,Droog,Dag,met lichtgewonden,9,personenauto,3,Fiets,Op Kruispunt,Gewestweg,binnen bebouwde kom,Tss. 2 best.: langs opzij (voor-/achterkant-flank),Geen hindernis
16250,137,Hasselt-Kempische brug,Hasselt,50.9411605,5.3417576,2.040488727974934,50.92371591017791,5.332721841304781,2019,9,18,71022,Hasselt,Onbekend,Droog,Dag,met lichtgewonden,9,personenauto,3,Fiets,Op Kruispunt,Gewestweg,binnen bebouwde kom,Tss. 2 best.: langs opzij (voor-/achterkant-flank),Geen hindernis
16252,140,Hasselt ring,Hasselt,50.9300038,5.3438616,0.13552974626400482,50.93004743397301,5.341928985616324,2019,9,12,71022,Hasselt,Normaal,Droog,Dag,met lichtgewonden,3,Fiets,8,Voetganger,Buiten Kruispunt,Gemeenteweg,binnen bebouwde kom,Met een voetganger,Geen hindernis
16252,138,Hasselt-Kempische brug,Hasselt,50.9405318,5.3422472,1.166021550133496,50.93004743397301,5.341928985616324,2019,9,12,71022,Hasselt,Normaal,Droog,Dag,met lichtgewonden,3,Fiets,8,Voetganger,Buiten Kruispunt,Gemeenteweg,binnen bebouwde kom,Met een voetganger,Geen hindernis
16252,137,Hasselt-Kempische brug,Hasselt,50.9411605,5.3417576,1.235774920597871,50.93004743397301,5.341928985616324,2019,9,12,71022,Hasselt,Normaal,Droog,Dag,met lichtgewonden,3,Fiets,8,Voetganger,Buiten Kruispunt,Gemeenteweg,binnen bebouwde kom,Met een voetganger,Geen hindernis