crash_row_id,site_id,site_name,site_gemeente,site_lat,site_long,distance_km,crash_lat,crash_long,DT_YEAR_COLLISION,DT_MONTH_COLLISION,DT_TIME,CD_NIS,TX_MUNTY_COLLISION_NL,TX_WEATHER_NL,TX_ROAD_CONDITION_NL,TX_LIGHT_CONDITION_NL,TX_CLASS_ACCIDENTS_NL,CD_ROAD_USR_TYPE1,TX_ROAD_USR_TYPE1_NL,CD_ROAD_USR_TYPE2,TX_ROAD_USR_TYPE2_NL,TX_CROSSWAY_NL,CD_ROAD_TYPE_NL,TX_BUILD_UP_AREA_NL,TX_COLLISION_TYPE_NL,TX_OBSTACLES_NL
16257,22,Tienen 2,Tienen,50.81330800184882,4.935984252796022,1.8277576833864937,50.80120280985925,4.9535810134264775,2019,9,7,24107,Tienen,Normaal,Droog,Dag,met lichtgewonden,9,personenauto,3,Fiets,Buiten Kruispunt,Gewestweg,binnen bebouwde kom,Tussen 2 bestuurders: Flank tegen flank,Geen hindernis
16257,24,Tienen 1,Tienen,50.8133795491886,4.935044252605416,1.8787979720260244,50.80120280985925,4.9535810134264775,2019,9,7,24107,Tienen,Normaal,Droog,Dag,met lichtgewonden,9,personenauto,3,Fiets,Buiten Kruispunt,Gewestweg,binnen bebouwde kom,Tussen 2 bestuurders: Flank tegen flank,Geen hindernis
16257,23,Tienen 3,Tienen,50.81324,4.93447,1.8960099283988574,50.80120280985925,4.9535810134264775,2019,9,7,24107,Tienen,Normaal,Droog,Dag,met lichtgewonden,9,personenauto,3,Fiets,Buiten Kruispunt,Gewestweg,binnen bebouwde kom,Tussen 2 bestuurders: Flank tegen flank,Geen hindernis
16258,22,Tienen 2,Tienen,50.81330800184882,4.935984252796022,1.009677711577709,50.82235270418481,4.937254743123205,2019,9,7,24107,Tienen,Normaal,Droog,Dag,met lichtgewonden,4,Vrachtwagen,3,Fiets,Buiten Kruispunt,Gewestweg,binnen bebouwde kom,Tussen 2 bestuurders: Flank tegen flank,Geen hindernis
16258,24,Tienen 1,Tienen,50.8133795491886,4.935044252605416,1.0097815220774127,50.82235270418481,4.937254743123205,2019,9,7,24107,Tienen,Normaal,Droog,Dag,met lichtgewonden,4,Vrachtwagen,3,Fiets,Buiten Kruispunt,Gewestweg,binnen bebouwde kom,Tussen 2 bestuurders: Flank tegen flank,Geen hindernis
16258,23,Tienen 3,Tienen,50.81324,4.93447,1.0319988883581754,50.82235270418481,4.937254743123205,2019,9,7,24107,Tienen,Normaal,Droog,Dag,met lichtgewonden,4,Vrachtwagen,3,Fiets,Buiten Kruispunt,Gewestweg,binnen bebouwde kom,Tussen 2 bestuurders: Flank tegen flank,Geen hindernis
16263,1,Machelen,Machelen,50.91618331151478,4.456121776137429,1.1589177332827492,50.90582094991793,4.457893413151607,2019,10,3,23047,Machelen,Normaal,Droog,"Nacht, openbare verlichting aanwezig en ontstoken",met lichtgewonden,3,Fiets,11,een weggebruiker tegen een hindernis,Buiten Kruispunt,Gemeenteweg,binnen bebouwde kom,Weggebruiker tegen hindernis op de rijbaan,Op de rijbaan: Lading
16263,111,Zaventem totem,Zaventem,50.8871216,4.4597084,2.0831655092975594,50.90582094991793,4.457893413151607,2019,10,3,23047,Machelen,Normaal,Droog,"Nacht, openbare verlichting aanwezig en ontstoken",met lichtgewonden,3,Fiets,11,een weggebruiker tegen een hindernis,Buiten Kruispunt,Gemeenteweg,binnen bebouwde kom,Weggebruiker tegen hindernis op de rijbaan,Op de rijbaan: Lading
16378,3,Brasschaat 1,Brasschaat,51.27503,4.47222,1.815758790488381,51.28820194761432,4.487650333774151,2019,10,7,11008,Brasschaat,Normaal,"Nat, plassen",Dageraad - schemering,met lichtgewonden,5,Lichte vrachtauto,3,Fiets,Op Kruispunt,Gewestweg,binnen bebouwde kom,Tss. 2 best.: langs opzij (voor-/achterkant-flank),Geen hindernis
16378,2,Brasschaat 2,Brasschaat,51.27512,4.47169,1.8298205292187872,51.28820194761432,4.487650333774151,2019,10,7,11008,Brasschaat,Normaal,"Nat, plassen",Dageraad - schemering,met lichtgewonden,5,Lichte vrachtauto,3,Fiets,Op Kruispunt,Gewestweg,binnen bebouwde kom,Tss. 2 best.: langs opzij (voor-/achterkant-flank),Geen hindernis
16379,3,Brasschaat 1,Brasschaat,51.27503,4.47222,2.2920981664710385,51.292658801327406,4.489300785644768,2019,10,14,11008,Brasschaat,Normaal,Droog,Dag,met lichtgewonden,6,Bromfiets,3,Fiets,Buiten Kruispunt,Gemeenteweg,binnen bebouwde kom,Tussen 2 bestuurders: Frontale botsing,Geen hindernis
16379,2,Brasschaat 2,Brasschaat,51.27512,4.47169,2.302935507239912,51.292658801327406,4.489300785644768,2019,10,14,11008,Brasschaat,Normaal,Droog,Dag,met lichtgewonden,6,Bromfiets,3,Fiets,Buiten Kruispunt,Gemeenteweg,binnen bebouwde kom,Tussen 2 bestuurders: Frontale botsing,Geen hindernis
16381,3,Brasschaat 1,Brasschaat,51.27503,4.47222,1.9887952560869715,51.28917163967345,4.489726999792045,2019,10,15,11008,Brasschaat,Normaal,Droog,Dag,met lichtgewonden,3,Fiets,11,een weggebruiker tegen een hindernis,Buiten Kruispunt,Gewestweg,binnen bebouwde kom,Weggebruiker tegen hindernis op de rijbaan,"Op de rijbaan: Werken (signal., aarde, toestel,…)"
16381,2,Brasschaat 2,Brasschaat,51.27512,4.47169,2.0037608421396023,51.28917163967345,4.489726999792045,2019,10,15,11008,Brasschaat,Normaal,Droog,Dag,met lichtgewonden,3,Fiets,11,een weggebruiker tegen een hindernis,Buiten Kruispunt,Gewestweg,binnen bebouwde kom,Weggebruiker tegen hindernis op de rijbaan,"Op de rijbaan: Werken (signal., aarde, toestel,…)"
16384,2,Brasschaat 2,Brasschaat,51.27512,4.47169,1.0354868446176844,51.26756130207192,4.4629959110165895,2019,10,12,11040,Schoten,Normaal,Droog,Dag,met lichtgewonden,3,Fiets,8,Voetganger,Buiten Kruispunt,Gewestweg,buiten bebouwde kom,Met een voetganger,Geen hindernis
16384,3,Brasschaat 1,Brasschaat,51.27503,4.47222,1.0495100690216823,51.26756130207192,4.4629959110165895,2019,10,12,11040,Schoten,Normaal,Droog,Dag,met lichtgewonden,3,Fiets,8,Voetganger,Buiten Kruispunt,Gewestweg,buiten bebouwde kom,Met een voetganger,Geen hindernis
16406,93,Nijlen teller 2,Nijlen,51.14998,4.64469,2.448836137503257,51.14498920028755,4.610496878747722,2019,10,13,12026,Nijlen,Normaal,"Nat, plassen",Dag,met lichtgewonden,3,Fiets,10,"één bestuurder, geen hindernis",Buiten Kruispunt,Gemeenteweg,binnen bebouwde kom,"Eén bestuurder, geen hindernis (incl. val)",Geen hindernis
16406,92,Nijlen teller 1,Nijlen,51.14989,4.64479,2.453390649218123,51.14498920028755,4.610496878747722,2019,10,13,12026,Nijlen,Normaal,"Nat, plassen",Dag,met lichtgewonden,3,Fiets,10,"één bestuurder, geen hindernis",Buiten Kruispunt,Gemeenteweg,binnen bebouwde kom,"Eén bestuurder, geen hindernis (incl. val)",Geen hindernis
16407,92,Nijlen teller 1,Nijlen,51.14989,4.64479,2.0752417402969416,51.15744236656127,4.671999503021997,2019,10,16,12026,Nijlen,Normaal,Droog,Dag,met lichtgewonden,3,Fiets,3,Fiets,Buiten Kruispunt,Gemeenteweg,binnen bebouwde kom,Tussen 2 bestuurders: Frontale botsing,Geen hindernis
16407,93,Nijlen teller 2,Nijlen,51.14998,4.64469,2.0776027511008532,51.15744236656127,4.671999503021997,2019,10,16,12026,Nijlen,Normaal,Droog,Dag,met lichtgewonden,3,Fiets,3,Fiets,Buiten Kruispunt,Gemeenteweg,binnen bebouwde kom,Tussen 2 bestuurders: Frontale botsing,Geen hindernis
16409,9,Heist op den Berg 2,Heist-op-den-Berg,51.06904,4.69524,0.9180150790221503,51.073529663337126,4.70626631038108,2019,10,16,12014,Heist-op-den-Berg,Normaal,Droog,Dag,met zwaargewonden,9,personenauto,3,Fiets,Buiten Kruispunt,Gewestweg,binnen bebouwde kom,Tussen 2 bestuurders: Frontale botsing,Geen hindernis
16409,8,Heist op den Berg 1,Heist-op-den-Berg,51.06759,4.68823,1.4227927084226348,51.073529663337126,4.70626631038108,2019,10,16,12014,Heist-op-den-Berg,Normaal,Droog,Dag,met zwaargewonden,9,personenauto,3,Fiets,Buiten Kruispunt,Gewestweg,binnen bebouwde kom,Tussen 2 bestuurders: Frontale botsing,Geen hindernis
16420,133,Gierde Lille Totem,Lille,51.2453915,4.8297416,1.750108441393475,51.25446011389399,4.809189778580924,2019,10,10,13019,Lille,Normaal,"Nat, plassen",Dag,met lichtgewonden,9,personenauto,3,Fiets,Op Kruispunt,Gewestweg,buiten bebouwde kom,Tss. 2 best.: langs opzij (voor-/achterkant-flank),Geen hindernis
16420,132,Gierde lille,Lille,51.245445,4.8298851,1.754875218115094,51.25446011389399,4.809189778580924,2019,10,10,13019,Lille,Normaal,"Nat, plassen",Dag,met lichtgewonden,9,personenauto,3,Fiets,Op Kruispunt,Gewestweg,buiten bebouwde kom,Tss. 2 best.: langs opzij (voor-/achterkant-flank),Geen hindernis
16425,88,Westerlo teller 1,Westerlo,51.082,4.91325,2.0673033327839057,51.09396760699708,4.8905989552141795,2019,10,12,13049,Westerlo,Normaal,Droog,Dag,met lichtgewonden,3,Fiets,5,Lichte vrachtauto,Buiten Kruispunt,Gemeenteweg,buiten bebouwde kom,Tussen 2 bestuurders: Langs achteren,Geen hindernis
16425,89,Westerlo teller 2,Westerlo,51.08191,4.91334,2.0785600773936532,51.09396760699708,4.8905989552141795,2019,10,12,13049,Westerlo,Normaal,Droog,Dag,met lichtgewonden,3,Fiets,5,Lichte vrachtauto,Buiten Kruispunt,Gemeenteweg,buiten bebouwde kom,Tussen 2 bestuurders: Langs achteren,Geen hindernis
16426,127,Geel totem,Westerlo,51.1342966,4.9400421,0.8507762949469689,51.12684844516236,4.937251837425651,2019,10,14,13049,Westerlo,Normaal,Droog,Dag,met lichtgewonden,5,Lichte vrachtauto,3,Fiets,Op Kruispunt,Gemeenteweg,buiten bebouwde kom,Tss. 2 best.: langs opzij (voor-/achterkant-flank),Geen hindernis
16426,112,Geel teller 2,Westerlo,51.1354992,4.9394789,0.9743922065282309,51.12684844516236,4.937251837425651,2019,10,14,13049,Westerlo,Normaal,Droog,Dag,met lichtgewonden,5,Lichte vrachtauto,3,Fiets,Op Kruispunt,Gemeenteweg,buiten bebouwde kom,Tss. 2 best.: langs opzij (voor-/achterkant-flank),Geen hindernis
16430,98,Geel teller 2,Geel,51.1481,4.99643,2.35724275834818,51.16867904900593,4.988314103570576,2019,10,20,13008,Geel,Normaal,Droog,"Nacht, openbare verlichting aanwezig en ontstoken",met lichtgewonden,9,personenauto,3,Fiets,Op Kruispunt,Gewestweg,binnen bebouwde kom,Tss. 2 best.: langs opzij (voor-/achterkant-flank),Geen hindernis
16430,97,Geel teller 1,Geel,51.14813,4.99698,2.36351997598536,51.16867904900593,4.988314103570576,2019,10,20,13008,Geel,Normaal,Droog,"Nacht, openbare verlichting aanwezig en ontstoken",met lichtgewonden,9,personenauto,3,Fiets,Op Kruispunt,Gewestweg,binnen bebouwde kom,Tss. 2 best.: langs opzij (voor-/achterkant-flank),Geen hindernis
16431,98,Geel teller 2,Geel,51.1481,4.99643,1.9337730076736432,51.160648162108146,4.977232770349059,2019,10,8,13008,Geel,Regenval,"Nat, plassen",Dageraad - schemering,met lichtgewonden,9,personenauto,3,Fiets,Op Kruispunt,Gemeenteweg,binnen bebouwde kom,Tss. 2 best.: langs opzij (voor-/achterkant-flank),Geen hindernis
16431,97,Geel teller 1,Geel,51.14813,4.99698,1.9581543535041084,51.160648162108146,4.977232770349059,2019,10,8,13008,Geel,Regenval,"Nat, plassen",Dageraad - schemering,met lichtgewonden,9,personenauto,3,Fiets,Op Kruispunt,Gemeenteweg,binnen bebouwde kom,Tss. 2 best.: langs opzij (voor-/achterkant-flank),Geen hindernis
16435,134,Retie,Dessel,51.2548405,5.1037658,0.4759946264868657,51.2579029877603,5.098986685652485,2019,10,15,13036,Retie,Normaal,"Nat, plassen",Dag,met lichtgewonden,3,Fiets,9,personenauto,Op Kruispunt,Gewestweg,buiten bebouwde kom,Tss. 2 best.: langs opzij (voor-/achterkant-flank),Geen hindernis
16435,135,Retie 2,Dessel,51.2544998,5.1040064,0.5150008167929411,51.2579029877603,5.098986685652485,2019,10,15,13036,Retie,Normaal,"Nat, plassen",Dag,met lichtgewonden,3,Fiets,9,personenauto,Op Kruispunt,Gewestweg,buiten bebouwde kom,Tss. 2 best.: langs opzij (voor-/achterkant-flank),Geen hindernis
16440,110,Herentals totem,Herentals,51.1739426,4.811783,1.5027684365613003,51.17415015055629,4.790229476451822,2019,10,14,13010,Grobbendonk,Normaal,Droog,Dag,met lichtgewonden,9,personenauto,3,Fiets,Buiten Kruispunt,Gewestweg,buiten bebouwde kom,Tss. 2 best.: langs opzij (voor-/achterkant-flank),Geen hindernis
16440,94,Herentals teller 2,Herentals,51.17345,4.81283,1.5775128884840817,51.17415015055629,4.790229476451822,2019,10,14,13010,Grobbendonk,Normaal,Droog,Dag,met lichtgewonden,9,personenauto,3,Fiets,Buiten Kruispunt,Gewestweg,buiten bebouwde kom,Tss. 2 best.: langs opzij (voor-/achterkant-flank),Geen hindernis
16441,94,Herentals teller 2,Herentals,51.17345,4.81283,2.102152194845176,51.17688342931463,4.842483029273833,2019,10,14,13011,Herentals,Normaal,Droog,Dag,met lichtgewonden,9,personenauto,3,Fiets,Buiten Kruispunt,Gemeenteweg,binnen bebouwde kom,Tss. 2 best.: langs opzij (voor-/achterkant-flank),Geen hindernis
16441,110,Herentals totem,Herentals,51.1739426,4.811783,2.1650091276782315,51.17688342931463,4.842483029273833,2019,10,14,13011,Herentals,Normaal,Droog,Dag,met lichtgewonden,9,personenauto,3,Fiets,Buiten Kruispunt,Gemeenteweg,binnen bebouwde kom,Tss. 2 best.: langs opzij (voor-/achterkant-flank),Geen hindernis
16446,37,Lommel teller 1,Lommel,51.23299,5.29211,1.1307943152604818,51.23243350578859,5.308326717790805,2019,10,8,72020,Lommel,Normaal,Droog,Dag,met lichtgewonden,6,Bromfiets,3,Fiets,Buiten Kruispunt,Gemeenteweg,binnen bebouwde kom,Tussen 2 bestuurders: Flank tegen flank,Geen hindernis
16446,38,Lommel teller 2,Lommel,51.23277,5.29189,1.1450318460845508,51.23243350578859,5.308326717790805,2019,10,8,72020,Lommel,Normaal,Droog,Dag,met lichtgewonden,6,Bromfiets,3,Fiets,Buiten Kruispunt,Gemeenteweg,binnen bebouwde kom,Tussen 2 bestuurders: Flank tegen flank,Geen hindernis
16448,46,Pelt teller 2,Pelt,51.231,5.44375,0.216300331598738,51.22984294854562,5.441252826232637,2019,10,10,72043,Pelt,Normaal,Droog,Dag,met lichtgewonden,9,personenauto,3,Fiets,Op Kruispunt,Gewestweg,binnen bebouwde kom,Tss. 2 best.: langs opzij (voor-/achterkant-flank),Geen hindernis
16448,45,Pelt teller 1,Pelt,51.23127,5.44377,0.2364287264822491,51.22984294854562,5.441252826232637,2019,10,10,72043,Pelt,Normaal,Droog,Dag,met lichtgewonden,9,personenauto,3,Fiets,Op Kruispunt,Gewestweg,binnen bebouwde kom,Tss. 2 best.: langs opzij (voor-/achterkant-flank),Geen hindernis
16467,21,Bilzen,Bilzen,50.86015,5.50161,1.6641903132397307,50.870890487028625,5.51812424923281,2019,10,12,73006,Bilzen,Normaal,Droog,Dag,met lichtgewonden,9,personenauto,3,Fiets,Op Kruispunt,Gemeenteweg,binnen bebouwde kom,Tussen 2 bestuurders: Frontale botsing,Geen hindernis
16468,21,Bilzen,Bilzen,50.86015,5.50161,0.6189097458220614,50.8649149718461,5.50616759664687,2019,10,16,73006,Bilzen,Normaal,Droog,Dag,met lichtgewonden,9,personenauto,3,Fiets,Buiten Kruispunt,Gewestweg,binnen bebouwde kom,Tss. 2 best.: langs opzij (voor-/achterkant-flank),Geen hindernis
16470,44,Maaseik teller 2,Maaseik,51.09359,5.79726,0.6004728948904504,51.097189992176155,5.7908507489820025,2019,10,16,72021,Maaseik,Normaal,Droog,Dag,met lichtgewonden,9,personenauto,3,Fiets,Op Kruispunt,Gewestweg,binnen bebouwde kom,Tss. 2 best.: langs opzij (voor-/achterkant-flank),Geen hindernis
16470,43,Maaseik teller 1,Maaseik,51.09344,5.79715,0.6061209941626468,51.097189992176155,5.7908507489820025,2019,10,16,72021,Maaseik,Normaal,Droog,Dag,met lichtgewonden,9,personenauto,3,Fiets,Op Kruispunt,Gewestweg,binnen bebouwde kom,Tss. 2 best.: langs opzij (voor-/achterkant-flank),Geen hindernis
16472,14,Genk,Genk,50.97172,5.48927,0.4648293729448624,50.97588350071017,5.489864774986192,2019,10,10,71016,Genk,Normaal,Droog,Dag,met lichtgewonden,9,personenauto,3,Fiets,Op Kruispunt,Gemeenteweg,binnen bebouwde kom,Tss. 2 best.: langs opzij (voor-/achterkant-flank),Geen hindernis
16473,14,Genk,Genk,50.97172,5.48927,2.1953057890250327,50.97748046427393,5.519260225457296,2019,10,18,71016,Genk,Normaal,Droog,Dag,met lichtgewonden,9,personenauto,3,Fiets,Buiten Kruispunt,Gemeenteweg,buiten bebouwde kom,Tss. 2 best.: langs opzij (voor-/achterkant-flank),Geen hindernis
16477,69,Leuven teller 1,Leuven,50.87549,4.71526,0.23668869922159705,50.8739248569322,4.712973777719971,2019,11,1,24062,Leuven,Normaal,Droog,"Nacht, openbare verlichting aanwezig en ontstoken",met lichtgewonden,3,Fiets,10,"één bestuurder, geen hindernis",Buiten Kruispunt,Gemeenteweg,binnen bebouwde kom,"Eén bestuurder, geen hindernis (incl. val)",Geen hindernis
16477,77,Leuven teller 2,Leuven,50.88672,4.70796,1.4655930595916964,50.8739248569322,4.712973777719971,2019,11,1,24062,Leuven,Normaal,Droog,"Nacht, openbare verlichting aanwezig en ontstoken",met lichtgewonden,3,Fiets,10,"één bestuurder, geen hindernis",Buiten Kruispunt,Gemeenteweg,binnen bebouwde kom,"Eén bestuurder, geen hindernis (incl. val)",Geen hindernis
16477,107,leuven totem,Leuven,50.8870744,4.7087919,1.4913069422668666,50.8739248569322,4.712973777719971,2019,11,1,24062,Leuven,Normaal,Droog,"Nacht, openbare verlichting aanwezig en ontstoken",met lichtgewonden,3,Fiets,10,"één bestuurder, geen hindernis",Buiten Kruispunt,Gemeenteweg,binnen bebouwde kom,"Eén bestuurder, geen hindernis (incl. val)",Geen hindernis
16477,151,Leuven,District Leuven,50.8690262,4.6854839,2.0044213327316784,50.8739248569322,4.712973777719971,2019,11,1,24062,Leuven,Normaal,Droog,"Nacht, openbare verlichting aanwezig en ontstoken",met lichtgewonden,3,Fiets,10,"één bestuurder, geen hindernis",Buiten Kruispunt,Gemeenteweg,binnen bebouwde kom,"Eén bestuurder, geen hindernis (incl. val)",Geen hindernis
16478,77,Leuven teller 2,Leuven,50.88672,4.70796,0.508993466168278,50.88910970196958,4.701771115030191,2019,10,17,24062,Leuven,Normaal,Droog,Dageraad - schemering,met lichtgewonden,3,Fiets,3,Fiets,Buiten Kruispunt,Gemeenteweg,binnen bebouwde kom,Tss. 2 best.: langs opzij (voor-/achterkant-flank),Geen hindernis
16478,107,leuven totem,Leuven,50.8870744,4.7087919,0.5419910680373076,50.88910970196958,4.701771115030191,2019,10,17,24062,Leuven,Normaal,Droog,Dageraad - schemering,met lichtgewonden,3,Fiets,3,Fiets,Buiten Kruispunt,Gemeenteweg,binnen bebouwde kom,Tss. 2 best.: langs opzij (voor-/achterkant-flank),Geen hindernis
16478,69,Leuven teller 1,Leuven,50.87549,4.71526,1.7857859631838129,50.88910970196958,4.701771115030191,2019,10,17,24062,Leuven,Normaal,Droog,Dageraad - schemering,met lichtgewonden,3,Fiets,3,Fiets,Buiten Kruispunt,Gemeenteweg,binnen bebouwde kom,Tss. 2 best.: langs opzij (voor-/achterkant-flank),Geen hindernis
16479,151,Leuven,District Leuven,50.8690262,4.6854839,0.428571001236505,50.870135261753134,4.691332876068482,2019,10,10,24062,Leuven,Normaal,Droog,Dag,met lichtgewonden,9,personenauto,3,Fiets,Buiten Kruispunt,Gewestweg,binnen bebouwde kom,Tss. 2 best.: langs opzij (voor-/achterkant-flank),Geen hindernis
16479,69,Leuven teller 1,Leuven,50.87549,4.71526,1.7813935906620941,50.870135261753134,4.691332876068482,2019,10,10,24062,Leuven,Normaal,Droog,Dag,met lichtgewonden,9,personenauto,3,Fiets,Buiten Kruispunt,Gewestweg,binnen bebouwde kom,Tss. 2 best.: langs opzij (voor-/achterkant-flank),Geen hindernis
16479,77,Leuven teller 2,Leuven,50.88672,4.70796,2.1821375971978925,50.870135261753134,4.691332876068482,2019,10,10,24062,Leuven,Normaal,Droog,Dag,met lichtgewonden,9,personenauto,3,Fiets,Buiten Kruispunt,Gewestweg,binnen bebouwde kom,Tss. 2 best.: langs opzij (voor-/achterkant-flank),Geen hindernis
16479,107,leuven totem,Leuven,50.8870744,4.7087919,2.2468188832656177,50.870135261753134,4.691332876068482,2019,10,10,24062,Leuven,Normaal,Droog,Dag,met lichtgewonden,9,personenauto,3,Fiets,Buiten Kruispunt,Gewestweg,binnen bebouwde kom,Tss. 2 best.: langs opzij (voor-/achterkant-flank),Geen hindernis
16480,151,Leuven,District Leuven,50.8690262,4.6854839,0.9416151220409008,50.868479585703604,4.698874015946121,2019,10,8,24062,Leuven,Normaal,Droog,Dag,met lichtgewonden,9,personenauto,3,Fiets,Op Kruispunt,Gewestweg,binnen bebouwde kom,Tss. 2 best.: langs opzij (voor-/achterkant-flank),Geen hindernis
16480,69,Leuven teller 1,Leuven,50.87549,4.71526,1.3891403097125137,50.868479585703604,4.698874015946121,2019,10,8,24062,Leuven,Normaal,Droog,Dag,met lichtgewonden,9,personenauto,3,Fiets,Op Kruispunt,Gewestweg,binnen bebouwde kom,Tss. 2 best.: langs opzij (voor-/achterkant-flank),Geen hindernis
16480,77,Leuven teller 2,Leuven,50.88672,4.70796,2.1260655045618964,50.868479585703604,4.698874015946121,2019,10,8,24062,Leuven,Normaal,Droog,Dag,met lichtgewonden,9,personenauto,3,Fiets,Op Kruispunt,Gewestweg,binnen bebouwde kom,Tss. 2 best.: langs opzij (voor-/achterkant-flank),Geen hindernis
16480,107,leuven totem,Leuven,50.8870744,4.7087919,2.181601131365374,50.868479585703604,4.698874015946121,2019,10,8,24062,Leuven,Normaal,Droog,Dag,met lichtgewonden,9,personenauto,3,Fiets,Op Kruispunt,Gewestweg,binnen bebouwde kom,Tss. 2 best.: langs opzij (voor-/achterkant-flank),Geen hindernis
16480,108,Heverlee teller 1,Leuven,50.8471728,4.6954674,2.3812424152471805,50.868479585703604,4.698874015946121,2019,10,8,24062,Leuven,Normaal,Droog,Dag,met lichtgewonden,9,personenauto,3,Fiets,Op Kruispunt,Gewestweg,binnen bebouwde kom,Tss. 2 best.: langs opzij (voor-/achterkant-flank),Geen hindernis
16481,77,Leuven teller 2,Leuven,50.88672,4.70796,0.9786088402544153,50.87884097024955,4.701744865237889,2019,10,0,24062,Leuven,Normaal,Droog,"Nacht, openbare verlichting aanwezig en ontstoken",met lichtgewonden,3,Fiets,10,"één bestuurder, geen hindernis",Buiten Kruispunt,Gemeenteweg,binnen bebouwde kom,"Eén bestuurder, geen hindernis (incl. val)",Geen hindernis
16481,69,Leuven teller 1,Leuven,50.87549,4.71526,1.0188343416226064,50.87884097024955,4.701744865237889,2019,10,0,24062,Leuven,Normaal,Droog,"Nacht, openbare verlichting aanwezig en ontstoken",met lichtgewonden,3,Fiets,10,"één bestuurder, geen hindernis",Buiten Kruispunt,Gemeenteweg,binnen bebouwde kom,"Eén bestuurder, geen hindernis (incl. val)",Geen hindernis
16481,107,leuven totem,Leuven,50.8870744,4.7087919,1.0404688568593614,50.87884097024955,4.701744865237889,2019,10,0,24062,Leuven,Normaal,Droog,"Nacht, openbare verlichting aanwezig en ontstoken",met lichtgewonden,3,Fiets,10,"één bestuurder, geen hindernis",Buiten Kruispunt,Gemeenteweg,binnen bebouwde kom,"Eén bestuurder, geen hindernis (incl. val)",Geen hindernis
16481,151,Leuven,District Leuven,50.8690262,4.6854839,1.5788922096318883,50.87884097024955,4.701744865237889,2019,10,0,24062,Leuven,Normaal,Droog,"Nacht, openbare verlichting aanwezig en ontstoken",met lichtgewonden,3,Fiets,10,"één bestuurder, geen hindernis",Buiten Kruispunt,Gemeenteweg,binnen bebouwde kom,"Eén bestuurder, geen hindernis (incl. val)",Geen hindernis
16482,69,Leuven teller 1,Leuven,50.87549,4.71526,0.8681054166060247,50.8693271948718,4.707665184594835,2019,10,13,24062,Leuven,Normaal,Droog,Dag,met lichtgewonden,3,Fiets,9,personenauto,Op Kruispunt,Gewestweg,buiten bebouwde kom,Tss. 2 best.: langs opzij (voor-/achterkant-flank),Geen hindernis
16482,151,Leuven,District Leuven,50.8690262,4.6854839,1.55691728625934,50.8693271948718,4.707665184594835,2019,10,13,24062,Leuven,Normaal,Droog,Dag,met lichtgewonden,3,Fiets,9,personenauto,Op Kruispunt,Gewestweg,buiten bebouwde kom,Tss. 2 best.: langs opzij (voor-/achterkant-flank),Geen hindernis
16482,77,Leuven teller 2,Leuven,50.88672,4.70796,1.934102300625833,50.8693271948718,4.707665184594835,2019,10,13,24062,Leuven,Normaal,Droog,Dag,met lichtgewonden,3,Fiets,9,personenauto,Op Kruispunt,Gewestweg,buiten bebouwde kom,Tss. 2 best.: langs opzij (voor-/achterkant-flank),Geen hindernis
16482,107,leuven totem,Leuven,50.8870744,4.7087919,1.974981870770436,50.8693271948718,4.707665184594835,2019,10,13,24062,Leuven,Normaal,Droog,Dag,met lichtgewonden,3,Fiets,9,personenauto,Op Kruispunt,Gewestweg,buiten bebouwde kom,Tss. 2 best.: langs opzij (voor-/achterkant-flank),Geen hindernis
16483,69,Leuven teller 1,Leuven,50.87549,4.71526,0.8297226467965197,50.86944787165083,4.708321367711608,2019,10,1,24062,Leuven,Normaal,Droog,"Nacht, openbare verlichting aanwezig en ontstoken",met lichtgewonden,3,Fiets,11,een weggebruiker tegen een hindernis,Buiten Kruispunt,Gewestweg,binnen bebouwde kom,Weggebruiker tegen hindernis buiten rijbaan,Andere hindernis
16483,151,Leuven,District Leuven,50.8690262,4.6854839,1.6032884150306976,50.86944787165083,4.708321367711608,2019,10,1,24062,Leuven,Normaal,Droog,"Nacht, openbare verlichting aanwezig en ontstoken",met lichtgewonden,3,Fiets,11,een weggebruiker tegen een hindernis,Buiten Kruispunt,Gewestweg,binnen bebouwde kom,Weggebruiker tegen hindernis buiten rijbaan,Andere hindernis
16483,77,Leuven teller 2,Leuven,50.88672,4.70796,1.9207403886788594,50.86944787165083,4.708321367711608,2019,10,1,24062,Leuven,Normaal,Droog,"Nacht, openbare verlichting aanwezig en ontstoken",met lichtgewonden,3,Fiets,11,een weggebruiker tegen een hindernis,Buiten Kruispunt,Gewestweg,binnen bebouwde kom,Weggebruiker tegen hindernis buiten rijbaan,Andere hindernis
16483,107,leuven totem,Leuven,50.8870744,4.7087919,1.9602585326379665,50.86944787165083,4.708321367711608,2019,10,1,24062,Leuven,Normaal,Droog,"Nacht, openbare verlichting aanwezig en ontstoken",met lichtgewonden,3,Fiets,11,een weggebruiker tegen een hindernis,Buiten Kruispunt,Gewestweg,binnen bebouwde kom,Weggebruiker tegen hindernis buiten rijbaan,Andere hindernis