crash_row_id,site_id,site_name,site_gemeente,site_lat,site_long,distance_km,crash_lat,crash_long,DT_YEAR_COLLISION,DT_MONTH_COLLISION,DT_TIME,CD_NIS,TX_MUNTY_COLLISION_NL,TX_WEATHER_NL,TX_ROAD_CONDITION_NL,TX_LIGHT_CONDITION_NL,TX_CLASS_ACCIDENTS_NL,CD_ROAD_USR_TYPE1,TX_ROAD_USR_TYPE1_NL,CD_ROAD_USR_TYPE2,TX_ROAD_USR_TYPE2_NL,TX_CROSSWAY_NL,CD_ROAD_TYPE_NL,TX_BUILD_UP_AREA_NL,TX_COLLISION_TYPE_NL,TX_OBSTACLES_NL
16484,77,Leuven teller 2,Leuven,50.88672,4.70796,1.0484056056338737,50.87885129736239,4.699726942757544,2019,10,23,24062,Leuven,Normaal,Droog,"Nacht, openbare verlichting aanwezig en ontstoken",met lichtgewonden,3,Fiets,10,"één bestuurder, geen hindernis",Buiten Kruispunt,Gemeenteweg,binnen bebouwde kom,"Eén bestuurder, geen hindernis (incl. val)",Geen hindernis
16484,107,leuven totem,Leuven,50.8870744,4.7087919,1.113771305215262,50.87885129736239,4.699726942757544,2019,10,23,24062,Leuven,Normaal,Droog,"Nacht, openbare verlichting aanwezig en ontstoken",met lichtgewonden,3,Fiets,10,"één bestuurder, geen hindernis",Buiten Kruispunt,Gemeenteweg,binnen bebouwde kom,"Eén bestuurder, geen hindernis (incl. val)",Geen hindernis
16484,69,Leuven teller 1,Leuven,50.87549,4.71526,1.152144631657279,50.87885129736239,4.699726942757544,2019,10,23,24062,Leuven,Normaal,Droog,"Nacht, openbare verlichting aanwezig en ontstoken",met lichtgewonden,3,Fiets,10,"één bestuurder, geen hindernis",Buiten Kruispunt,Gemeenteweg,binnen bebouwde kom,"Eén bestuurder, geen hindernis (incl. val)",Geen hindernis
16484,151,Leuven,District Leuven,50.8690262,4.6854839,1.480657763976166,50.87885129736239,4.699726942757544,2019,10,23,24062,Leuven,Normaal,Droog,"Nacht, openbare verlichting aanwezig en ontstoken",met lichtgewonden,3,Fiets,10,"één bestuurder, geen hindernis",Buiten Kruispunt,Gemeenteweg,binnen bebouwde kom,"Eén bestuurder, geen hindernis (incl. val)",Geen hindernis
16485,151,Leuven,District Leuven,50.8690262,4.6854839,0.4899141500984529,50.87169563218913,4.691038143406855,2019,10,15,24062,Leuven,Normaal,Droog,Dag,met lichtgewonden,9,personenauto,3,Fiets,Op Kruispunt,Gewestweg,binnen bebouwde kom,Tss. 2 best.: langs opzij (voor-/achterkant-flank),Geen hindernis
16485,69,Leuven teller 1,Leuven,50.87549,4.71526,1.75117840192735,50.87169563218913,4.691038143406855,2019,10,15,24062,Leuven,Normaal,Droog,Dag,met lichtgewonden,9,personenauto,3,Fiets,Op Kruispunt,Gewestweg,binnen bebouwde kom,Tss. 2 best.: langs opzij (voor-/achterkant-flank),Geen hindernis
16485,77,Leuven teller 2,Leuven,50.88672,4.70796,2.049516827555056,50.87169563218913,4.691038143406855,2019,10,15,24062,Leuven,Normaal,Droog,Dag,met lichtgewonden,9,personenauto,3,Fiets,Op Kruispunt,Gewestweg,binnen bebouwde kom,Tss. 2 best.: langs opzij (voor-/achterkant-flank),Geen hindernis
16485,107,leuven totem,Leuven,50.8870744,4.7087919,2.115590637023359,50.87169563218913,4.691038143406855,2019,10,15,24062,Leuven,Normaal,Droog,Dag,met lichtgewonden,9,personenauto,3,Fiets,Op Kruispunt,Gewestweg,binnen bebouwde kom,Tss. 2 best.: langs opzij (voor-/achterkant-flank),Geen hindernis
16486,151,Leuven,District Leuven,50.8690262,4.6854839,0.812281250088326,50.863509613827226,4.693071198333703,2019,10,18,24062,Leuven,Normaal,Droog,Dageraad - schemering,met lichtgewonden,9,personenauto,3,Fiets,Op Kruispunt,Gemeenteweg,binnen bebouwde kom,Tss. 2 best.: langs opzij (voor-/achterkant-flank),Geen hindernis
16486,108,Heverlee teller 1,Leuven,50.8471728,4.6954674,1.824341355232433,50.863509613827226,4.693071198333703,2019,10,18,24062,Leuven,Normaal,Droog,Dageraad - schemering,met lichtgewonden,9,personenauto,3,Fiets,Op Kruispunt,Gemeenteweg,binnen bebouwde kom,Tss. 2 best.: langs opzij (voor-/achterkant-flank),Geen hindernis
16486,76,Heverlee teller 2,Leuven,50.84606,4.69597,1.950949274537078,50.863509613827226,4.693071198333703,2019,10,18,24062,Leuven,Normaal,Droog,Dageraad - schemering,met lichtgewonden,9,personenauto,3,Fiets,Op Kruispunt,Gemeenteweg,binnen bebouwde kom,Tss. 2 best.: langs opzij (voor-/achterkant-flank),Geen hindernis
16486,69,Leuven teller 1,Leuven,50.87549,4.71526,2.049176768139177,50.863509613827226,4.693071198333703,2019,10,18,24062,Leuven,Normaal,Droog,Dageraad - schemering,met lichtgewonden,9,personenauto,3,Fiets,Op Kruispunt,Gemeenteweg,binnen bebouwde kom,Tss. 2 best.: langs opzij (voor-/achterkant-flank),Geen hindernis
16487,69,Leuven teller 1,Leuven,50.87549,4.71526,0.4151170958609701,50.87817930503795,4.719363624425163,2019,10,6,24062,Leuven,Regenval,"Nat, plassen","Nacht, openbare verlichting aanwezig en ontstoken",met lichtgewonden,3,Fiets,10,"één bestuurder, geen hindernis",Op Kruispunt,Gewestweg,binnen bebouwde kom,"Eén bestuurder, geen hindernis (incl. val)",Geen hindernis
16487,107,leuven totem,Leuven,50.8870744,4.7087919,1.236261515902007,50.87817930503795,4.719363624425163,2019,10,6,24062,Leuven,Regenval,"Nat, plassen","Nacht, openbare verlichting aanwezig en ontstoken",met lichtgewonden,3,Fiets,10,"één bestuurder, geen hindernis",Op Kruispunt,Gewestweg,binnen bebouwde kom,"Eén bestuurder, geen hindernis (incl. val)",Geen hindernis
16487,77,Leuven teller 2,Leuven,50.88672,4.70796,1.2417401119642486,50.87817930503795,4.719363624425163,2019,10,6,24062,Leuven,Regenval,"Nat, plassen","Nacht, openbare verlichting aanwezig en ontstoken",met lichtgewonden,3,Fiets,10,"één bestuurder, geen hindernis",Op Kruispunt,Gewestweg,binnen bebouwde kom,"Eén bestuurder, geen hindernis (incl. val)",Geen hindernis
16488,77,Leuven teller 2,Leuven,50.88672,4.70796,1.2121738438580723,50.880643120694124,4.693614615228913,2019,10,13,24062,Leuven,Normaal,Droog,Dag,met lichtgewonden,8,Voetganger,3,Fiets,Op Kruispunt,Gemeenteweg,binnen bebouwde kom,Met een voetganger,Geen hindernis
16488,107,leuven totem,Leuven,50.8870744,4.7087919,1.2825891842190893,50.880643120694124,4.693614615228913,2019,10,13,24062,Leuven,Normaal,Droog,Dag,met lichtgewonden,8,Voetganger,3,Fiets,Op Kruispunt,Gemeenteweg,binnen bebouwde kom,Met een voetganger,Geen hindernis
16488,151,Leuven,District Leuven,50.8690262,4.6854839,1.4121145819367902,50.880643120694124,4.693614615228913,2019,10,13,24062,Leuven,Normaal,Droog,Dag,met lichtgewonden,8,Voetganger,3,Fiets,Op Kruispunt,Gemeenteweg,binnen bebouwde kom,Met een voetganger,Geen hindernis
16488,69,Leuven teller 1,Leuven,50.87549,4.71526,1.6231643063477605,50.880643120694124,4.693614615228913,2019,10,13,24062,Leuven,Normaal,Droog,Dag,met lichtgewonden,8,Voetganger,3,Fiets,Op Kruispunt,Gemeenteweg,binnen bebouwde kom,Met een voetganger,Geen hindernis
16489,76,Heverlee teller 2,Leuven,50.84606,4.69597,1.9293526033945663,50.85104663629386,4.722292142386431,2019,10,19,24062,Leuven,Regenval,Onbekend,"Nacht, openbare verlichting aanwezig en ontstoken",met lichtgewonden,9,personenauto,3,Fiets,Op Kruispunt,Gewestweg,buiten bebouwde kom,Tss. 2 best.: langs opzij (voor-/achterkant-flank),Geen hindernis
16489,108,Heverlee teller 1,Leuven,50.8471728,4.6954674,1.9318544960812292,50.85104663629386,4.722292142386431,2019,10,19,24062,Leuven,Regenval,Onbekend,"Nacht, openbare verlichting aanwezig en ontstoken",met lichtgewonden,9,personenauto,3,Fiets,Op Kruispunt,Gewestweg,buiten bebouwde kom,Tss. 2 best.: langs opzij (voor-/achterkant-flank),Geen hindernis
16490,151,Leuven,District Leuven,50.8690262,4.6854839,1.2391916136131427,50.880145742824475,4.684306931583551,2019,10,18,24062,Leuven,Normaal,Droog,Dageraad - schemering,met lichtgewonden,3,Fiets,10,"één bestuurder, geen hindernis",Buiten Kruispunt,Gemeenteweg,binnen bebouwde kom,"Eén bestuurder, geen hindernis (incl. val)",Geen hindernis
16490,77,Leuven teller 2,Leuven,50.88672,4.70796,1.8132226895093884,50.880145742824475,4.684306931583551,2019,10,18,24062,Leuven,Normaal,Droog,Dageraad - schemering,met lichtgewonden,3,Fiets,10,"één bestuurder, geen hindernis",Buiten Kruispunt,Gemeenteweg,binnen bebouwde kom,"Eén bestuurder, geen hindernis (incl. val)",Geen hindernis
16490,107,leuven totem,Leuven,50.8870744,4.7087919,1.8825531521498802,50.880145742824475,4.684306931583551,2019,10,18,24062,Leuven,Normaal,Droog,Dageraad - schemering,met lichtgewonden,3,Fiets,10,"één bestuurder, geen hindernis",Buiten Kruispunt,Gemeenteweg,binnen bebouwde kom,"Eén bestuurder, geen hindernis (incl. val)",Geen hindernis
16490,69,Leuven teller 1,Leuven,50.87549,4.71526,2.2325610178145356,50.880145742824475,4.684306931583551,2019,10,18,24062,Leuven,Normaal,Droog,Dageraad - schemering,met lichtgewonden,3,Fiets,10,"één bestuurder, geen hindernis",Buiten Kruispunt,Gemeenteweg,binnen bebouwde kom,"Eén bestuurder, geen hindernis (incl. val)",Geen hindernis
16491,69,Leuven teller 1,Leuven,50.87549,4.71526,0.7368751793145821,50.88203500737522,4.716905822649435,2019,10,8,24062,Leuven,Regenval,"Nat, plassen",Dag,met lichtgewonden,3,Fiets,10,"één bestuurder, geen hindernis",Buiten Kruispunt,Gemeenteweg,binnen bebouwde kom,"Eén bestuurder, geen hindernis (incl. val)",Geen hindernis
16491,107,leuven totem,Leuven,50.8870744,4.7087919,0.79874147190456,50.88203500737522,4.716905822649435,2019,10,8,24062,Leuven,Regenval,"Nat, plassen",Dag,met lichtgewonden,3,Fiets,10,"één bestuurder, geen hindernis",Buiten Kruispunt,Gemeenteweg,binnen bebouwde kom,"Eén bestuurder, geen hindernis (incl. val)",Geen hindernis
16491,77,Leuven teller 2,Leuven,50.88672,4.70796,0.8156108775858066,50.88203500737522,4.716905822649435,2019,10,8,24062,Leuven,Regenval,"Nat, plassen",Dag,met lichtgewonden,3,Fiets,10,"één bestuurder, geen hindernis",Buiten Kruispunt,Gemeenteweg,binnen bebouwde kom,"Eén bestuurder, geen hindernis (incl. val)",Geen hindernis
16492,77,Leuven teller 2,Leuven,50.88672,4.70796,0.9053635734049925,50.879575416628654,4.701770430954101,2019,10,23,24062,Leuven,Normaal,Droog,"Nacht, openbare verlichting aanwezig en ontstoken",met zwaargewonden,3,Fiets,8,Voetganger,Buiten Kruispunt,Gemeenteweg,binnen bebouwde kom,Met een voetganger,Geen hindernis
16492,107,leuven totem,Leuven,50.8870744,4.7087919,0.968471288682233,50.879575416628654,4.701770430954101,2019,10,23,24062,Leuven,Normaal,Droog,"Nacht, openbare verlichting aanwezig en ontstoken",met zwaargewonden,3,Fiets,8,Voetganger,Buiten Kruispunt,Gemeenteweg,binnen bebouwde kom,Met een voetganger,Geen hindernis
16492,69,Leuven teller 1,Leuven,50.87549,4.71526,1.0498285187130716,50.879575416628654,4.701770430954101,2019,10,23,24062,Leuven,Normaal,Droog,"Nacht, openbare verlichting aanwezig en ontstoken",met zwaargewonden,3,Fiets,8,Voetganger,Buiten Kruispunt,Gemeenteweg,binnen bebouwde kom,Met een voetganger,Geen hindernis
16492,151,Leuven,District Leuven,50.8690262,4.6854839,1.6376509502917618,50.879575416628654,4.701770430954101,2019,10,23,24062,Leuven,Normaal,Droog,"Nacht, openbare verlichting aanwezig en ontstoken",met zwaargewonden,3,Fiets,8,Voetganger,Buiten Kruispunt,Gemeenteweg,binnen bebouwde kom,Met een voetganger,Geen hindernis
16493,107,leuven totem,Leuven,50.8870744,4.7087919,1.357707796145369,50.8867457400297,4.728139884112635,2019,10,7,24062,Leuven,Regenval,"Nat, plassen",Dageraad - schemering,met lichtgewonden,3,Fiets,10,"één bestuurder, geen hindernis",Buiten Kruispunt,Gemeenteweg,binnen bebouwde kom,"Eén bestuurder, geen hindernis (incl. val)",Geen hindernis
16493,77,Leuven teller 2,Leuven,50.88672,4.70796,1.4155799814757162,50.8867457400297,4.728139884112635,2019,10,7,24062,Leuven,Regenval,"Nat, plassen",Dageraad - schemering,met lichtgewonden,3,Fiets,10,"één bestuurder, geen hindernis",Buiten Kruispunt,Gemeenteweg,binnen bebouwde kom,"Eén bestuurder, geen hindernis (incl. val)",Geen hindernis
16493,69,Leuven teller 1,Leuven,50.87549,4.71526,1.5436837233795027,50.8867457400297,4.728139884112635,2019,10,7,24062,Leuven,Regenval,"Nat, plassen",Dageraad - schemering,met lichtgewonden,3,Fiets,10,"één bestuurder, geen hindernis",Buiten Kruispunt,Gemeenteweg,binnen bebouwde kom,"Eén bestuurder, geen hindernis (incl. val)",Geen hindernis
16494,151,Leuven,District Leuven,50.8690262,4.6854839,0.40566147806154956,50.86592073943578,4.682450312663036,2019,10,16,24062,Leuven,Normaal,Onbekend,Dag,met lichtgewonden,3,Fiets,3,Fiets,Buiten Kruispunt,Gemeenteweg,binnen bebouwde kom,Tussen 2 bestuurders: Frontale botsing,Geen hindernis
16494,108,Heverlee teller 1,Leuven,50.8471728,4.6954674,2.2761249758481497,50.86592073943578,4.682450312663036,2019,10,16,24062,Leuven,Normaal,Onbekend,Dag,met lichtgewonden,3,Fiets,3,Fiets,Buiten Kruispunt,Gemeenteweg,binnen bebouwde kom,Tussen 2 bestuurders: Frontale botsing,Geen hindernis
16494,76,Heverlee teller 2,Leuven,50.84606,4.69597,2.403684293655893,50.86592073943578,4.682450312663036,2019,10,16,24062,Leuven,Normaal,Onbekend,Dag,met lichtgewonden,3,Fiets,3,Fiets,Buiten Kruispunt,Gemeenteweg,binnen bebouwde kom,Tussen 2 bestuurders: Frontale botsing,Geen hindernis
16495,76,Heverlee teller 2,Leuven,50.84606,4.69597,2.0157259977939512,50.847446651266516,4.724596608589486,2019,10,7,24062,Leuven,Normaal,Droog,Dag,met lichtgewonden,9,personenauto,3,Fiets,Op Kruispunt,Gemeenteweg,buiten bebouwde kom,Tss. 2 best.: langs opzij (voor-/achterkant-flank),Geen hindernis
16495,108,Heverlee teller 1,Leuven,50.8471728,4.6954674,2.0453090828142506,50.847446651266516,4.724596608589486,2019,10,7,24062,Leuven,Normaal,Droog,Dag,met lichtgewonden,9,personenauto,3,Fiets,Op Kruispunt,Gemeenteweg,buiten bebouwde kom,Tss. 2 best.: langs opzij (voor-/achterkant-flank),Geen hindernis
16496,69,Leuven teller 1,Leuven,50.87549,4.71526,1.0558723982159188,50.87789882653586,4.700703418589756,2019,10,15,24062,Leuven,Regenval,"Nat, plassen",Dag,met lichtgewonden,3,Fiets,8,Voetganger,Buiten Kruispunt,Gemeenteweg,binnen bebouwde kom,Met een voetganger,Geen hindernis
16496,77,Leuven teller 2,Leuven,50.88672,4.70796,1.1051110462186469,50.87789882653586,4.700703418589756,2019,10,15,24062,Leuven,Regenval,"Nat, plassen",Dag,met lichtgewonden,3,Fiets,8,Voetganger,Buiten Kruispunt,Gemeenteweg,binnen bebouwde kom,Met een voetganger,Geen hindernis
16496,107,leuven totem,Leuven,50.8870744,4.7087919,1.1674570464845928,50.87789882653586,4.700703418589756,2019,10,15,24062,Leuven,Regenval,"Nat, plassen",Dag,met lichtgewonden,3,Fiets,8,Voetganger,Buiten Kruispunt,Gemeenteweg,binnen bebouwde kom,Met een voetganger,Geen hindernis
16496,151,Leuven,District Leuven,50.8690262,4.6854839,1.4538978309276454,50.87789882653586,4.700703418589756,2019,10,15,24062,Leuven,Regenval,"Nat, plassen",Dag,met lichtgewonden,3,Fiets,8,Voetganger,Buiten Kruispunt,Gemeenteweg,binnen bebouwde kom,Met een voetganger,Geen hindernis
16497,151,Leuven,District Leuven,50.8690262,4.6854839,0.8598822698858504,50.868897345480576,4.697735652572563,2019,10,13,24062,Leuven,Normaal,Droog,Dag,met zwaargewonden,3,Fiets,3,Fiets,Buiten Kruispunt,Gewestweg,binnen bebouwde kom,Tss. 2 best.: langs opzij (voor-/achterkant-flank),Geen hindernis
16497,69,Leuven teller 1,Leuven,50.87549,4.71526,1.4316091993552944,50.868897345480576,4.697735652572563,2019,10,13,24062,Leuven,Normaal,Droog,Dag,met zwaargewonden,3,Fiets,3,Fiets,Buiten Kruispunt,Gewestweg,binnen bebouwde kom,Tss. 2 best.: langs opzij (voor-/achterkant-flank),Geen hindernis
16497,77,Leuven teller 2,Leuven,50.88672,4.70796,2.107625134914893,50.868897345480576,4.697735652572563,2019,10,13,24062,Leuven,Normaal,Droog,Dag,met zwaargewonden,3,Fiets,3,Fiets,Buiten Kruispunt,Gewestweg,binnen bebouwde kom,Tss. 2 best.: langs opzij (voor-/achterkant-flank),Geen hindernis
16497,107,leuven totem,Leuven,50.8870744,4.7087919,2.1649418912123175,50.868897345480576,4.697735652572563,2019,10,13,24062,Leuven,Normaal,Droog,Dag,met zwaargewonden,3,Fiets,3,Fiets,Buiten Kruispunt,Gewestweg,binnen bebouwde kom,Tss. 2 best.: langs opzij (voor-/achterkant-flank),Geen hindernis
16497,108,Heverlee teller 1,Leuven,50.8471728,4.6954674,2.4209002003793882,50.868897345480576,4.697735652572563,2019,10,13,24062,Leuven,Normaal,Droog,Dag,met zwaargewonden,3,Fiets,3,Fiets,Buiten Kruispunt,Gewestweg,binnen bebouwde kom,Tss. 2 best.: langs opzij (voor-/achterkant-flank),Geen hindernis
16498,77,Leuven teller 2,Leuven,50.88672,4.70796,0.24809510604634197,50.88862042516381,4.706106953488293,2019,10,8,24062,Leuven,Regenval,"Nat, plassen",Dag,met zwaargewonden,3,Fiets,10,"één bestuurder, geen hindernis",Buiten Kruispunt,Gemeenteweg,onbekend,"Eén bestuurder, geen hindernis (incl. val)",Geen hindernis
16498,107,leuven totem,Leuven,50.8870744,4.7087919,0.254999323472021,50.88862042516381,4.706106953488293,2019,10,8,24062,Leuven,Regenval,"Nat, plassen",Dag,met zwaargewonden,3,Fiets,10,"één bestuurder, geen hindernis",Buiten Kruispunt,Gemeenteweg,onbekend,"Eén bestuurder, geen hindernis (incl. val)",Geen hindernis
16498,69,Leuven teller 1,Leuven,50.87549,4.71526,1.595004767281941,50.88862042516381,4.706106953488293,2019,10,8,24062,Leuven,Regenval,"Nat, plassen",Dag,met zwaargewonden,3,Fiets,10,"één bestuurder, geen hindernis",Buiten Kruispunt,Gemeenteweg,onbekend,"Eén bestuurder, geen hindernis (incl. val)",Geen hindernis
16499,151,Leuven,District Leuven,50.8690262,4.6854839,1.0139154897210578,50.86343875628601,4.696901300687944,2019,10,17,24062,Leuven,Onbekend,Droog,Dag,met lichtgewonden,3,Fiets,8,Voetganger,Buiten Kruispunt,Gemeenteweg,binnen bebouwde kom,Met een voetganger,Geen hindernis
16499,108,Heverlee teller 1,Leuven,50.8471728,4.6954674,1.811490301550876,50.86343875628601,4.696901300687944,2019,10,17,24062,Leuven,Onbekend,Droog,Dag,met lichtgewonden,3,Fiets,8,Voetganger,Buiten Kruispunt,Gemeenteweg,binnen bebouwde kom,Met een voetganger,Geen hindernis
16499,69,Leuven teller 1,Leuven,50.87549,4.71526,1.85887648210624,50.86343875628601,4.696901300687944,2019,10,17,24062,Leuven,Onbekend,Droog,Dag,met lichtgewonden,3,Fiets,8,Voetganger,Buiten Kruispunt,Gemeenteweg,binnen bebouwde kom,Met een voetganger,Geen hindernis
16499,76,Heverlee teller 2,Leuven,50.84606,4.69597,1.9335350022249176,50.86343875628601,4.696901300687944,2019,10,17,24062,Leuven,Onbekend,Droog,Dag,met lichtgewonden,3,Fiets,8,Voetganger,Buiten Kruispunt,Gemeenteweg,binnen bebouwde kom,Met een voetganger,Geen hindernis
16500,69,Leuven teller 1,Leuven,50.87549,4.71526,0.23194149127289115,50.873412304334735,4.715552893759935,2019,10,17,24062,Leuven,Normaal,Droog,Dag,met lichtgewonden,9,personenauto,3,Fiets,Buiten Kruispunt,Gewestweg,binnen bebouwde kom,Tss. 2 best.: langs opzij (voor-/achterkant-flank),Geen hindernis
16500,77,Leuven teller 2,Leuven,50.88672,4.70796,1.5727130298884537,50.873412304334735,4.715552893759935,2019,10,17,24062,Leuven,Normaal,Droog,Dag,met lichtgewonden,9,personenauto,3,Fiets,Buiten Kruispunt,Gewestweg,binnen bebouwde kom,Tss. 2 best.: langs opzij (voor-/achterkant-flank),Geen hindernis
16500,107,leuven totem,Leuven,50.8870744,4.7087919,1.591486268842088,50.873412304334735,4.715552893759935,2019,10,17,24062,Leuven,Normaal,Droog,Dag,met lichtgewonden,9,personenauto,3,Fiets,Buiten Kruispunt,Gewestweg,binnen bebouwde kom,Tss. 2 best.: langs opzij (voor-/achterkant-flank),Geen hindernis
16500,151,Leuven,District Leuven,50.8690262,4.6854839,2.165612868492237,50.873412304334735,4.715552893759935,2019,10,17,24062,Leuven,Normaal,Droog,Dag,met lichtgewonden,9,personenauto,3,Fiets,Buiten Kruispunt,Gewestweg,binnen bebouwde kom,Tss. 2 best.: langs opzij (voor-/achterkant-flank),Geen hindernis
16501,107,leuven totem,Leuven,50.8870744,4.7087919,1.9509820350695009,50.90334601051244,4.698385476316213,2019,10,16,24062,Leuven,Normaal,Droog,Dag,met lichtgewonden,3,Fiets,9,personenauto,Buiten Kruispunt,Gemeenteweg,binnen bebouwde kom,Tussen 2 bestuurders: Flank tegen flank,Geen hindernis
16501,77,Leuven teller 2,Leuven,50.88672,4.70796,1.9669075827195428,50.90334601051244,4.698385476316213,2019,10,16,24062,Leuven,Normaal,Droog,Dag,met lichtgewonden,3,Fiets,9,personenauto,Buiten Kruispunt,Gemeenteweg,binnen bebouwde kom,Tussen 2 bestuurders: Flank tegen flank,Geen hindernis
16502,151,Leuven,District Leuven,50.8690262,4.6854839,1.5482117311556716,50.88292261328188,4.6841106710392095,2019,11,0,24062,Leuven,Normaal,"Nat, plassen","Nacht, openbare verlichting aanwezig en ontstoken",met lichtgewonden,3,Fiets,10,"één bestuurder, geen hindernis",Op Kruispunt,Gewestweg,binnen bebouwde kom,"Eén bestuurder, geen hindernis (incl. val)",Geen hindernis
16502,77,Leuven teller 2,Leuven,50.88672,4.70796,1.7255116475763705,50.88292261328188,4.6841106710392095,2019,11,0,24062,Leuven,Normaal,"Nat, plassen","Nacht, openbare verlichting aanwezig en ontstoken",met lichtgewonden,3,Fiets,10,"één bestuurder, geen hindernis",Op Kruispunt,Gewestweg,binnen bebouwde kom,"Eén bestuurder, geen hindernis (incl. val)",Geen hindernis
16502,107,leuven totem,Leuven,50.8870744,4.7087919,1.7918926094658822,50.88292261328188,4.6841106710392095,2019,11,0,24062,Leuven,Normaal,"Nat, plassen","Nacht, openbare verlichting aanwezig en ontstoken",met lichtgewonden,3,Fiets,10,"één bestuurder, geen hindernis",Op Kruispunt,Gewestweg,binnen bebouwde kom,"Eén bestuurder, geen hindernis (incl. val)",Geen hindernis
16502,69,Leuven teller 1,Leuven,50.87549,4.71526,2.336468457988775,50.88292261328188,4.6841106710392095,2019,11,0,24062,Leuven,Normaal,"Nat, plassen","Nacht, openbare verlichting aanwezig en ontstoken",met lichtgewonden,3,Fiets,10,"één bestuurder, geen hindernis",Op Kruispunt,Gewestweg,binnen bebouwde kom,"Eén bestuurder, geen hindernis (incl. val)",Geen hindernis
16503,69,Leuven teller 1,Leuven,50.87549,4.71526,0.4643580331473818,50.875614699649944,4.708644842506072,2019,10,16,24062,Leuven,Normaal,Droog,Dag,met lichtgewonden,3,Fiets,9,personenauto,Buiten Kruispunt,Gemeenteweg,binnen bebouwde kom,Tussen 2 bestuurders: Langs achteren,Geen hindernis
16503,77,Leuven teller 2,Leuven,50.88672,4.70796,1.2357873986374595,50.875614699649944,4.708644842506072,2019,10,16,24062,Leuven,Normaal,Droog,Dag,met lichtgewonden,3,Fiets,9,personenauto,Buiten Kruispunt,Gemeenteweg,binnen bebouwde kom,Tussen 2 bestuurders: Langs achteren,Geen hindernis
16503,107,leuven totem,Leuven,50.8870744,4.7087919,1.2743023044711324,50.875614699649944,4.708644842506072,2019,10,16,24062,Leuven,Normaal,Droog,Dag,met lichtgewonden,3,Fiets,9,personenauto,Buiten Kruispunt,Gemeenteweg,binnen bebouwde kom,Tussen 2 bestuurders: Langs achteren,Geen hindernis
16503,151,Leuven,District Leuven,50.8690262,4.6854839,1.7826867549433594,50.875614699649944,4.708644842506072,2019,10,16,24062,Leuven,Normaal,Droog,Dag,met lichtgewonden,3,Fiets,9,personenauto,Buiten Kruispunt,Gemeenteweg,binnen bebouwde kom,Tussen 2 bestuurders: Langs achteren,Geen hindernis
16505,69,Leuven teller 1,Leuven,50.87549,4.71526,0.48019933024136685,50.875690824153814,4.708423516915582,2019,11,13,24062,Leuven,Normaal,"Nat, plassen",Dag,met lichtgewonden,3,Fiets,8,Voetganger,Op Kruispunt,Gemeenteweg,binnen bebouwde kom,Met een voetganger,Geen hindernis
16505,77,Leuven teller 2,Leuven,50.88672,4.70796,1.226819451091497,50.875690824153814,4.708423516915582,2019,11,13,24062,Leuven,Normaal,"Nat, plassen",Dag,met lichtgewonden,3,Fiets,8,Voetganger,Op Kruispunt,Gemeenteweg,binnen bebouwde kom,Met een voetganger,Geen hindernis
16505,107,leuven totem,Leuven,50.8870744,4.7087919,1.266059690339165,50.875690824153814,4.708423516915582,2019,11,13,24062,Leuven,Normaal,"Nat, plassen",Dag,met lichtgewonden,3,Fiets,8,Voetganger,Op Kruispunt,Gemeenteweg,binnen bebouwde kom,Met een voetganger,Geen hindernis
16505,151,Leuven,District Leuven,50.8690262,4.6854839,1.7720619595270803,50.875690824153814,4.708423516915582,2019,11,13,24062,Leuven,Normaal,"Nat, plassen",Dag,met lichtgewonden,3,Fiets,8,Voetganger,Op Kruispunt,Gemeenteweg,binnen bebouwde kom,Met een voetganger,Geen hindernis
16506,72,Herent teller 1,Herent,50.89135,4.64689,0.1395773811096192,50.89216131514188,4.645371548770334,2019,10,13,24038,Herent,Normaal,Onbekend,Dag,met lichtgewonden,3,Fiets,10,"één bestuurder, geen hindernis",Buiten Kruispunt,Gemeenteweg,binnen bebouwde kom,"Eén bestuurder, geen hindernis (incl. val)",Geen hindernis
16506,73,Herent teller 2,Herent,50.89128,4.64685,0.14267825731298261,50.89216131514188,4.645371548770334,2019,10,13,24038,Herent,Normaal,Onbekend,Dag,met lichtgewonden,3,Fiets,10,"één bestuurder, geen hindernis",Buiten Kruispunt,Gemeenteweg,binnen bebouwde kom,"Eén bestuurder, geen hindernis (incl. val)",Geen hindernis
16508,101,Diest teller 1,Diest,50.97799,5.04481,0.7175847587907465,50.98057166211818,5.054204041106424,2019,10,11,24020,Diest,Regenval,"Nat, plassen",Dag,met lichtgewonden,1,Autobus,3,Fiets,Op Kruispunt,Gemeenteweg,binnen bebouwde kom,Tussen 2 bestuurders: Flank tegen flank,Geen hindernis