crash_row_id,site_id,site_name,site_gemeente,site_lat,site_long,distance_km,crash_lat,crash_long,DT_YEAR_COLLISION,DT_MONTH_COLLISION,DT_TIME,CD_NIS,TX_MUNTY_COLLISION_NL,TX_WEATHER_NL,TX_ROAD_CONDITION_NL,TX_LIGHT_CONDITION_NL,TX_CLASS_ACCIDENTS_NL,CD_ROAD_USR_TYPE1,TX_ROAD_USR_TYPE1_NL,CD_ROAD_USR_TYPE2,TX_ROAD_USR_TYPE2_NL,TX_CROSSWAY_NL,CD_ROAD_TYPE_NL,TX_BUILD_UP_AREA_NL,TX_COLLISION_TYPE_NL,TX_OBSTACLES_NL
16508,102,Diest teller 2,Diest,50.9779,5.04474,0.7261160118697869,50.98057166211818,5.054204041106424,2019,10,11,24020,Diest,Regenval,"Nat, plassen",Dag,met lichtgewonden,1,Autobus,3,Fiets,Op Kruispunt,Gemeenteweg,binnen bebouwde kom,Tussen 2 bestuurders: Flank tegen flank,Geen hindernis
16509,111,Zaventem totem,Zaventem,50.8871216,4.4597084,1.225460374739795,50.879798396251765,4.4727625478559085,2019,10,17,23094,Zaventem,Normaal,Droog,Dag,met lichtgewonden,3,Fiets,9,personenauto,Op Kruispunt,Gewestweg,binnen bebouwde kom,Tussen 2 bestuurders: Frontale botsing,Geen hindernis
16509,26,Zaventem,Zaventem,50.86995,4.45444,1.6887966661448353,50.879798396251765,4.4727625478559085,2019,10,17,23094,Zaventem,Normaal,Droog,Dag,met lichtgewonden,3,Fiets,9,personenauto,Op Kruispunt,Gewestweg,binnen bebouwde kom,Tussen 2 bestuurders: Frontale botsing,Geen hindernis
16510,12,Tervuren,Kraainem,50.81896,4.47803,2.1870857281261533,50.83242227867103,4.500731218711739,2019,10,17,23103,Wezembeek-Oppem,Normaal,Droog,Dag,met lichtgewonden,3,Fiets,9,personenauto,Op Kruispunt,Gemeenteweg,binnen bebouwde kom,Tussen 2 bestuurders: Langs achteren,Geen hindernis
16513,145,Overijse,District Vilvoorde-gewestwegen,50.7885856,4.4908759,0.12653254794415708,50.7895345531823,4.49186929085864,2019,10,12,23062,Overijse,Normaal,Droog,Dag,met lichtgewonden,3,Fiets,9,personenauto,Buiten Kruispunt,Gewestweg,binnen bebouwde kom,Tss. 2 best.: langs opzij (voor-/achterkant-flank),Geen hindernis
16513,146,Overijse 2,District Vilvoorde-gewestwegen,50.7881478,4.4902818,0.19034342994347628,50.7895345531823,4.49186929085864,2019,10,12,23062,Overijse,Normaal,Droog,Dag,met lichtgewonden,3,Fiets,9,personenauto,Buiten Kruispunt,Gewestweg,binnen bebouwde kom,Tss. 2 best.: langs opzij (voor-/achterkant-flank),Geen hindernis
16513,147,Overijse,District Vilvoorde-gewestwegen,50.7797555,4.4975769,1.159052289727547,50.7895345531823,4.49186929085864,2019,10,12,23062,Overijse,Normaal,Droog,Dag,met lichtgewonden,3,Fiets,9,personenauto,Buiten Kruispunt,Gewestweg,binnen bebouwde kom,Tss. 2 best.: langs opzij (voor-/achterkant-flank),Geen hindernis
16517,10,Aalst 2,Aalst,50.93549,4.01571,1.9653145092625166,50.94041452818668,4.042646892545441,2019,10,12,41002,Aalst,Onbekend,Onbekend,Dag,met lichtgewonden,3,Fiets,9,personenauto,Buiten Kruispunt,Gemeenteweg,binnen bebouwde kom,Tussen 2 bestuurders: Langs achteren,Geen hindernis
16517,11,Aalst 3,Aalst,50.93385,4.01647,1.9741714399607602,50.94041452818668,4.042646892545441,2019,10,12,41002,Aalst,Onbekend,Onbekend,Dag,met lichtgewonden,3,Fiets,9,personenauto,Buiten Kruispunt,Gemeenteweg,binnen bebouwde kom,Tussen 2 bestuurders: Langs achteren,Geen hindernis
16517,19,Aalst 1,Aalst,50.93433,4.01471,2.071202730839575,50.94041452818668,4.042646892545441,2019,10,12,41002,Aalst,Onbekend,Onbekend,Dag,met lichtgewonden,3,Fiets,9,personenauto,Buiten Kruispunt,Gemeenteweg,binnen bebouwde kom,Tussen 2 bestuurders: Langs achteren,Geen hindernis
16521,80,Wemmel teller 1,Wemmel,50.91418,4.29571,1.4345777526783894,50.90314768323415,4.306317243152894,2019,10,14,23102,Wemmel,Normaal,Droog,Dag,met lichtgewonden,9,personenauto,3,Fiets,Op Kruispunt,Gewestweg,binnen bebouwde kom,Tss. 2 best.: langs opzij (voor-/achterkant-flank),Geen hindernis
16521,81,Wemmel teller 2,Wemmel,50.91439,4.29568,1.4556717439856335,50.90314768323415,4.306317243152894,2019,10,14,23102,Wemmel,Normaal,Droog,Dag,met lichtgewonden,9,personenauto,3,Fiets,Op Kruispunt,Gewestweg,binnen bebouwde kom,Tss. 2 best.: langs opzij (voor-/achterkant-flank),Geen hindernis
16523,80,Wemmel teller 1,Wemmel,50.91418,4.29571,1.0678877014952002,50.905658614364015,4.302734455081558,2019,10,8,23102,Wemmel,Normaal,Droog,Dag,met lichtgewonden,5,Lichte vrachtauto,3,Fiets,Op Kruispunt,Gemeenteweg,binnen bebouwde kom,Tss. 2 best.: langs opzij (voor-/achterkant-flank),Geen hindernis
16523,81,Wemmel teller 2,Wemmel,50.91439,4.29568,1.0896128861004248,50.905658614364015,4.302734455081558,2019,10,8,23102,Wemmel,Normaal,Droog,Dag,met lichtgewonden,5,Lichte vrachtauto,3,Fiets,Op Kruispunt,Gemeenteweg,binnen bebouwde kom,Tss. 2 best.: langs opzij (voor-/achterkant-flank),Geen hindernis
16524,80,Wemmel teller 1,Wemmel,50.91418,4.29571,1.1222251121250846,50.905246329420365,4.303156506532805,2019,10,15,23102,Wemmel,Normaal,Droog,Dag,met lichtgewonden,9,personenauto,3,Fiets,Buiten Kruispunt,Gemeenteweg,binnen bebouwde kom,Tussen 2 bestuurders: Flank tegen flank,Geen hindernis
16524,81,Wemmel teller 2,Wemmel,50.91439,4.29568,1.1439085053425977,50.905246329420365,4.303156506532805,2019,10,15,23102,Wemmel,Normaal,Droog,Dag,met lichtgewonden,9,personenauto,3,Fiets,Buiten Kruispunt,Gemeenteweg,binnen bebouwde kom,Tussen 2 bestuurders: Flank tegen flank,Geen hindernis
16526,27,Grimbergen,Meise,50.92127,4.34013,1.0936623654931437,50.92802356547231,4.328786424089355,2019,10,17,23050,Meise,Normaal,Droog,Dag,met lichtgewonden,9,personenauto,3,Fiets,Buiten Kruispunt,Gewestweg,buiten bebouwde kom,Tss. 2 best.: langs opzij (voor-/achterkant-flank),Geen hindernis
16527,47,Vilvoorde,Vilvoorde,50.91372,4.41497,2.0176830869280855,50.925962249700895,4.393724249957177,2019,10,7,23025,Grimbergen,Normaal,Droog,Dageraad - schemering,met lichtgewonden,3,Fiets,5,Lichte vrachtauto,Buiten Kruispunt,Gewestweg,buiten bebouwde kom,Tss. 2 best.: langs opzij (voor-/achterkant-flank),Geen hindernis
16529,1,Machelen,Machelen,50.91618331151478,4.456121776137429,1.8194218221265606,50.930605173688605,4.468383285255693,2019,10,16,23088,Vilvoorde,Normaal,Droog,Dag,met lichtgewonden,9,personenauto,3,Fiets,Op Kruispunt,Gewestweg,buiten bebouwde kom,Tss. 2 best.: langs opzij (voor-/achterkant-flank),Geen hindernis
16530,149,Machelen,,50.88297881,4.43356644,1.5302481051780683,50.8967397984849,4.433322074933618,2019,10,16,23047,Machelen,Normaal,Droog,Dag,met lichtgewonden,9,personenauto,3,Fiets,Op Kruispunt,Gewestweg,binnen bebouwde kom,Tss. 2 best.: langs opzij (voor-/achterkant-flank),Geen hindernis
16530,111,Zaventem totem,Zaventem,50.8871216,4.4597084,2.1375350454979825,50.8967397984849,4.433322074933618,2019,10,16,23047,Machelen,Normaal,Droog,Dag,met lichtgewonden,9,personenauto,3,Fiets,Op Kruispunt,Gewestweg,binnen bebouwde kom,Tss. 2 best.: langs opzij (voor-/achterkant-flank),Geen hindernis
16530,47,Vilvoorde,Vilvoorde,50.91372,4.41497,2.284939335607478,50.8967397984849,4.433322074933618,2019,10,16,23047,Machelen,Normaal,Droog,Dag,met lichtgewonden,9,personenauto,3,Fiets,Op Kruispunt,Gewestweg,binnen bebouwde kom,Tss. 2 best.: langs opzij (voor-/achterkant-flank),Geen hindernis
16531,1,Machelen,Machelen,50.91618331151478,4.456121776137429,1.7830653223820643,50.92841881704628,4.439679441213603,2019,10,12,23088,Vilvoorde,Normaal,"Nat, plassen",Dag,met lichtgewonden,9,personenauto,3,Fiets,Op Kruispunt,Gemeenteweg,binnen bebouwde kom,Tss. 2 best.: langs opzij (voor-/achterkant-flank),Geen hindernis
16531,47,Vilvoorde,Vilvoorde,50.91372,4.41497,2.381455546033221,50.92841881704628,4.439679441213603,2019,10,12,23088,Vilvoorde,Normaal,"Nat, plassen",Dag,met lichtgewonden,9,personenauto,3,Fiets,Op Kruispunt,Gemeenteweg,binnen bebouwde kom,Tss. 2 best.: langs opzij (voor-/achterkant-flank),Geen hindernis
16532,1,Machelen,Machelen,50.91618331151478,4.456121776137429,2.018086513494329,50.93197991408455,4.441945102481236,2019,10,8,23088,Vilvoorde,Normaal,Droog,Dag,met lichtgewonden,9,personenauto,3,Fiets,Buiten Kruispunt,Gemeenteweg,binnen bebouwde kom,Tussen 2 bestuurders: Flank tegen flank,Geen hindernis
16533,47,Vilvoorde,Vilvoorde,50.91372,4.41497,1.9709202216645452,50.92768172210904,4.4322922006777015,2019,10,17,23088,Vilvoorde,Normaal,Droog,Dag,met lichtgewonden,3,Fiets,9,personenauto,Buiten Kruispunt,Gemeenteweg,binnen bebouwde kom,Tss. 2 best.: langs opzij (voor-/achterkant-flank),Geen hindernis
16533,1,Machelen,Machelen,50.91618331151478,4.456121776137429,2.103505934419211,50.92768172210904,4.4322922006777015,2019,10,17,23088,Vilvoorde,Normaal,Droog,Dag,met lichtgewonden,3,Fiets,9,personenauto,Buiten Kruispunt,Gemeenteweg,binnen bebouwde kom,Tss. 2 best.: langs opzij (voor-/achterkant-flank),Geen hindernis
16544,136,Gent R4,Gent,51.0876313,3.7587918,2.486424699232948,51.07355509903629,3.7311353965148917,2019,10,18,44021,Gent,Normaal,Droog,"Nacht, openbare verlichting aanwezig en ontstoken",met lichtgewonden,3,Fiets,9,personenauto,Op Kruispunt,Gemeenteweg,binnen bebouwde kom,Tss. 2 best.: langs opzij (voor-/achterkant-flank),Geen hindernis
16549,13,Gent,Gent,51.03018,3.70146,2.216136697653395,51.04656789926022,3.719498135968896,2019,10,19,44021,Gent,Onbekend,Onbekend,Dag,met lichtgewonden,3,Fiets,10,"één bestuurder, geen hindernis",Buiten Kruispunt,Gemeenteweg,binnen bebouwde kom,"Eén bestuurder, geen hindernis (incl. val)",Geen hindernis
16552,13,Gent,Gent,51.03018,3.70146,1.4193196063227211,51.035041867594614,3.7202268288712,2019,10,16,44021,Gent,Normaal,Droog,Dag,met zwaargewonden,5,Lichte vrachtauto,3,Fiets,Op Kruispunt,Gewestweg,binnen bebouwde kom,Tss. 2 best.: langs opzij (voor-/achterkant-flank),Geen hindernis
16557,7,Evergem 1,Evergem,51.1089,3.70317,1.2583702960917027,51.09760419658095,3.702072753613424,2019,10,16,44021,Gent,Normaal,"Nat, plassen",Dag,met lichtgewonden,3,Fiets,11,een weggebruiker tegen een hindernis,Buiten Kruispunt,Gemeenteweg,buiten bebouwde kom,Weggebruiker tegen hindernis op de rijbaan,"Op de rijbaan: Put, straatgoot, tramspoor"
16557,6,Evergem 2,Evergem,51.10894,3.70298,1.2620745210000988,51.09760419658095,3.702072753613424,2019,10,16,44021,Gent,Normaal,"Nat, plassen",Dag,met lichtgewonden,3,Fiets,11,een weggebruiker tegen een hindernis,Buiten Kruispunt,Gemeenteweg,buiten bebouwde kom,Weggebruiker tegen hindernis op de rijbaan,"Op de rijbaan: Put, straatgoot, tramspoor"
16558,13,Gent,Gent,51.03018,3.70146,2.063077732364814,51.0486743684239,3.7038179639133313,2019,10,11,44021,Gent,Onbekend,Onbekend,Dag,met lichtgewonden,3,Fiets,3,Fiets,Buiten Kruispunt,Gemeenteweg,binnen bebouwde kom,Tussen 2 bestuurders: Flank tegen flank,Geen hindernis
16559,118,Gent teller 1,Gent,51.028049,3.7681359,2.195042202729728,51.03712128912665,3.7402572640462184,2019,10,8,44021,Gent,Normaal,"Nat, plassen",Dag,met lichtgewonden,3,Fiets,10,"één bestuurder, geen hindernis",Buiten Kruispunt,Gemeenteweg,binnen bebouwde kom,"Eén bestuurder, geen hindernis (incl. val)",Geen hindernis
16559,119,Gent teller 2,Gent,51.0281795,3.7683918,2.2043647858853914,51.03712128912665,3.7402572640462184,2019,10,8,44021,Gent,Normaal,"Nat, plassen",Dag,met lichtgewonden,3,Fiets,10,"één bestuurder, geen hindernis",Buiten Kruispunt,Gemeenteweg,binnen bebouwde kom,"Eén bestuurder, geen hindernis (incl. val)",Geen hindernis
16563,13,Gent,Gent,51.03018,3.70146,2.2556018693289643,51.04663810776462,3.7203184604977295,2019,10,4,44021,Gent,Regenval,"Nat, plassen",Onbekend,met lichtgewonden,3,Fiets,10,"één bestuurder, geen hindernis",Buiten Kruispunt,Gemeenteweg,binnen bebouwde kom,"Eén bestuurder, geen hindernis (incl. val)",Geen hindernis
16570,13,Gent,Gent,51.03018,3.70146,1.2979996362161341,51.03782950825873,3.715481434971639,2019,10,8,44021,Gent,Normaal,Droog,Dag,met lichtgewonden,3,Fiets,9,personenauto,Op Kruispunt,Gewestweg,binnen bebouwde kom,Tss. 2 best.: langs opzij (voor-/achterkant-flank),Geen hindernis
16573,13,Gent,Gent,51.03018,3.70146,2.326876013702099,51.012920221956385,3.7202703384205438,2019,10,7,44021,Gent,Normaal,Droog,Dag,met lichtgewonden,9,personenauto,3,Fiets,Op Kruispunt,Gemeenteweg,buiten bebouwde kom,Tss. 2 best.: langs opzij (voor-/achterkant-flank),Geen hindernis
16574,13,Gent,Gent,51.03018,3.70146,1.148535157597782,51.03886246218577,3.710357104690588,2019,10,8,44021,Gent,Normaal,Droog,Dag,met lichtgewonden,3,Fiets,9,personenauto,Op Kruispunt,Gewestweg,binnen bebouwde kom,Tussen 2 bestuurders: Flank tegen flank,Geen hindernis
16577,118,Gent teller 1,Gent,51.028049,3.7681359,2.098690466147276,51.034212411456124,3.7397699911897315,2019,10,12,44021,Gent,Normaal,Droog,Dag,met lichtgewonden,3,Fiets,3,Fiets,Buiten Kruispunt,Gewestweg,binnen bebouwde kom,Tussen 2 bestuurders: Frontale botsing,Geen hindernis
16577,119,Gent teller 2,Gent,51.0281795,3.7683918,2.1109538802654533,51.034212411456124,3.7397699911897315,2019,10,12,44021,Gent,Normaal,Droog,Dag,met lichtgewonden,3,Fiets,3,Fiets,Buiten Kruispunt,Gewestweg,binnen bebouwde kom,Tussen 2 bestuurders: Frontale botsing,Geen hindernis
16578,13,Gent,Gent,51.03018,3.70146,2.3040693441223747,51.04629350141791,3.7221779134304316,2019,10,14,44021,Gent,Normaal,Droog,Dag,met lichtgewonden,9,personenauto,3,Fiets,Op Kruispunt,Gemeenteweg,binnen bebouwde kom,Tss. 2 best.: langs opzij (voor-/achterkant-flank),Geen hindernis
16580,119,Gent teller 2,Gent,51.0281795,3.7683918,0.3693081815409359,51.03123708449281,3.77045394603687,2019,10,9,44021,Gent,Normaal,"Nat, plassen",Dag,met lichtgewonden,3,Fiets,10,"één bestuurder, geen hindernis",Op Kruispunt,Gemeenteweg,binnen bebouwde kom,"Eén bestuurder, geen hindernis (incl. val)",Geen hindernis
16580,118,Gent teller 1,Gent,51.028049,3.7681359,0.38980511409111945,51.03123708449281,3.77045394603687,2019,10,9,44021,Gent,Normaal,"Nat, plassen",Dag,met lichtgewonden,3,Fiets,10,"één bestuurder, geen hindernis",Op Kruispunt,Gemeenteweg,binnen bebouwde kom,"Eén bestuurder, geen hindernis (incl. val)",Geen hindernis
16582,13,Gent,Gent,51.03018,3.70146,1.249478118372033,51.036463515948334,3.71627355762452,2019,10,7,44021,Gent,Normaal,Droog,Dageraad - schemering,met lichtgewonden,9,personenauto,3,Fiets,Op Kruispunt,Gewestweg,binnen bebouwde kom,Tussen 2 bestuurders: Flank tegen flank,Geen hindernis
16587,13,Gent,Gent,51.03018,3.70146,2.0845374089476936,51.038405023393004,3.7282483568598916,2019,10,1,44021,Gent,Regenval,"Nat, plassen","Nacht, openbare verlichting aanwezig en ontstoken",met zwaargewonden,3,Fiets,3,Fiets,Buiten Kruispunt,Gewestweg,binnen bebouwde kom,Tussen 2 bestuurders: Flank tegen flank,Geen hindernis
16589,13,Gent,Gent,51.03018,3.70146,2.3040693441223747,51.04629350141791,3.7221779134304316,2019,10,1,44021,Gent,Onbekend,Onbekend,Onbekend,met lichtgewonden,3,Fiets,3,Fiets,Op Kruispunt,Gemeenteweg,binnen bebouwde kom,Tss. 2 best.: langs opzij (voor-/achterkant-flank),Geen hindernis
16590,13,Gent,Gent,51.03018,3.70146,0.6536519620302154,51.0270481598066,3.709369742100162,2019,10,7,44021,Gent,Normaal,Droog,Dag,met lichtgewonden,3,Fiets,3,Fiets,Buiten Kruispunt,Gewestweg,binnen bebouwde kom,Tussen 2 bestuurders: Langs achteren,Geen hindernis
16591,118,Gent teller 1,Gent,51.028049,3.7681359,1.3938118259708578,51.025501474261596,3.7486222536993288,2019,10,6,44021,Gent,Onbekend,"Nat, plassen",Dageraad - schemering,met lichtgewonden,3,Fiets,3,Fiets,Buiten Kruispunt,Gewestweg,binnen bebouwde kom,Tussen 2 bestuurders: Frontale botsing,Geen hindernis
16591,119,Gent teller 2,Gent,51.0281795,3.7683918,1.4143218936526802,51.025501474261596,3.7486222536993288,2019,10,6,44021,Gent,Onbekend,"Nat, plassen",Dageraad - schemering,met lichtgewonden,3,Fiets,3,Fiets,Buiten Kruispunt,Gewestweg,binnen bebouwde kom,Tussen 2 bestuurders: Frontale botsing,Geen hindernis
16593,13,Gent,Gent,51.03018,3.70146,2.207907102042424,51.041226029709925,3.7276991167571834,2019,10,5,44021,Gent,Regenval,"Nat, plassen","Nacht, openb. verlicht. aanw., maar niet ontstoken",met lichtgewonden,3,Fiets,3,Fiets,Op Kruispunt,Gemeenteweg,buiten bebouwde kom,Tss. 2 best.: langs opzij (voor-/achterkant-flank),Geen hindernis
16594,13,Gent,Gent,51.03018,3.70146,2.2790557168782986,51.045779678599075,3.722602120989919,2019,10,2,44021,Gent,Normaal,Droog,"Nacht, openbare verlichting aanwezig en ontstoken",met lichtgewonden,3,Fiets,10,"één bestuurder, geen hindernis",Buiten Kruispunt,Gemeenteweg,binnen bebouwde kom,"Eén bestuurder, geen hindernis (incl. val)",Geen hindernis
16595,13,Gent,Gent,51.03018,3.70146,1.934282357340303,51.046641808329035,3.7104012168398217,2019,10,16,44021,Gent,Normaal,Droog,Dag,met lichtgewonden,9,personenauto,3,Fiets,Buiten Kruispunt,Gewestweg,binnen bebouwde kom,Tussen 2 bestuurders: Flank tegen flank,Geen hindernis
16606,118,Gent teller 1,Gent,51.028049,3.7681359,2.4975226288260934,51.005999717307425,3.7613330657320683,2019,10,11,44043,Merelbeke,Normaal,Droog,Dag,met zwaargewonden,3,Fiets,3,Fiets,Buiten Kruispunt,Gemeenteweg,binnen bebouwde kom,Tss. 2 best.: langs opzij (voor-/achterkant-flank),Geen hindernis
16611,119,Gent teller 2,Gent,51.0281795,3.7683918,1.5840405175830221,51.02842760757684,3.791038696688428,2019,10,17,44013,Destelbergen,Normaal,Droog,Dag,met lichtgewonden,9,personenauto,3,Fiets,Op Kruispunt,Gewestweg,buiten bebouwde kom,Tussen 2 bestuurders: Flank tegen flank,Geen hindernis
16611,118,Gent teller 1,Gent,51.028049,3.7681359,1.6022519328363256,51.02842760757684,3.791038696688428,2019,10,17,44013,Destelbergen,Normaal,Droog,Dag,met lichtgewonden,9,personenauto,3,Fiets,Op Kruispunt,Gewestweg,buiten bebouwde kom,Tussen 2 bestuurders: Flank tegen flank,Geen hindernis
16615,116,Melle teller 2,Melle,50.9986113,3.8040599,0.8014010863673867,51.0048057948418,3.798205810408859,2019,10,8,44040,Melle,Normaal,Droog,Dag,met lichtgewonden,9,personenauto,3,Fiets,Op Kruispunt,Gewestweg,binnen bebouwde kom,Tss. 2 best.: langs opzij (voor-/achterkant-flank),Geen hindernis
16615,117,Melle teller 1,Melle,50.9986113,3.8040599,0.8014010863673867,51.0048057948418,3.798205810408859,2019,10,8,44040,Melle,Normaal,Droog,Dag,met lichtgewonden,9,personenauto,3,Fiets,Op Kruispunt,Gewestweg,binnen bebouwde kom,Tss. 2 best.: langs opzij (voor-/achterkant-flank),Geen hindernis
16617,116,Melle teller 2,Melle,50.9986113,3.8040599,1.3655508236314073,50.99817105146067,3.7845589041131147,2019,10,16,44040,Melle,Normaal,Droog,Dag,met lichtgewonden,3,Fiets,11,een weggebruiker tegen een hindernis,Buiten Kruispunt,Gemeenteweg,binnen bebouwde kom,Weggebruiker tegen hindernis op de rijbaan,"Op de rijbaan: Put, straatgoot, tramspoor"
16617,117,Melle teller 1,Melle,50.9986113,3.8040599,1.3655508236314073,50.99817105146067,3.7845589041131147,2019,10,16,44040,Melle,Normaal,Droog,Dag,met lichtgewonden,3,Fiets,11,een weggebruiker tegen een hindernis,Buiten Kruispunt,Gemeenteweg,binnen bebouwde kom,Weggebruiker tegen hindernis op de rijbaan,"Op de rijbaan: Put, straatgoot, tramspoor"
16618,116,Melle teller 2,Melle,50.9986113,3.8040599,0.48943134673506516,50.99452926111693,3.801443902985994,2019,10,20,44040,Melle,Normaal,Droog,"Nacht, openbare verlichting aanwezig en ontstoken",met lichtgewonden,3,Fiets,8,Voetganger,Buiten Kruispunt,Gewestweg,binnen bebouwde kom,Met een voetganger,Geen hindernis
16618,117,Melle teller 1,Melle,50.9986113,3.8040599,0.48943134673506516,50.99452926111693,3.801443902985994,2019,10,20,44040,Melle,Normaal,Droog,"Nacht, openbare verlichting aanwezig en ontstoken",met lichtgewonden,3,Fiets,8,Voetganger,Buiten Kruispunt,Gewestweg,binnen bebouwde kom,Met een voetganger,Geen hindernis
16621,7,Evergem 1,Evergem,51.1089,3.70317,2.1770208494924885,51.11993714687956,3.7289292854358673,2019,10,16,44019,Evergem,Normaal,Droog,Dag,met lichtgewonden,3,Fiets,6,Bromfiets,Op Kruispunt,Gemeenteweg,buiten bebouwde kom,Tussen 2 bestuurders: Frontale botsing,Geen hindernis
16621,6,Evergem 2,Evergem,51.10894,3.70298,2.185495727309316,51.11993714687956,3.7289292854358673,2019,10,16,44019,Evergem,Normaal,Droog,Dag,met lichtgewonden,3,Fiets,6,Bromfiets,Op Kruispunt,Gemeenteweg,buiten bebouwde kom,Tussen 2 bestuurders: Frontale botsing,Geen hindernis
16625,115,Aalter,Aalter,51.1058367,3.4350591,1.768493113723926,51.09043562804561,3.441380334832999,2019,10,15,44084,Aalter,Normaal,Droog+Proper,Dag,met lichtgewonden,9,personenauto,3,Fiets,Op Kruispunt,Gemeenteweg,binnen bebouwde kom,Tussen 2 bestuurders: Flank tegen flank,Geen hindernis
16656,128,Lokeren teller 1,Lokeren,51.09644,3.97023,1.078872504564628,51.101976680272315,3.982917958067614,2019,10,20,46014,Lokeren,Normaal,Droog,"Nacht, openbare verlichting aanwezig en ontstoken",met lichtgewonden,9,personenauto,3,Fiets,Op Kruispunt,Gemeenteweg,binnen bebouwde kom,Tss. 2 best.: langs opzij (voor-/achterkant-flank),Geen hindernis
16656,129,Lokeren teller 2,Lokeren,51.09612,3.97025,1.0984431655859528,51.101976680272315,3.982917958067614,2019,10,20,46014,Lokeren,Normaal,Droog,"Nacht, openbare verlichting aanwezig en ontstoken",met lichtgewonden,9,personenauto,3,Fiets,Op Kruispunt,Gemeenteweg,binnen bebouwde kom,Tss. 2 best.: langs opzij (voor-/achterkant-flank),Geen hindernis
16656,141,Test site A support,Lokeren,51.08342085,3.9961071208376326,2.2595758759639417,51.101976680272315,3.982917958067614,2019,10,20,46014,Lokeren,Normaal,Droog,"Nacht, openbare verlichting aanwezig en ontstoken",met lichtgewonden,9,personenauto,3,Fiets,Op Kruispunt,Gemeenteweg,binnen bebouwde kom,Tss. 2 best.: langs opzij (voor-/achterkant-flank),Geen hindernis
16657,128,Lokeren teller 1,Lokeren,51.09644,3.97023,1.6987315190390766,51.10555176008657,3.989757549347237,2019,10,9,46014,Lokeren,Normaal,"Vuil (zand, grint, bladeren,...)",Dag,met lichtgewonden,3,Fiets,11,een weggebruiker tegen een hindernis,Buiten Kruispunt,Gemeenteweg,binnen bebouwde kom,Weggebruiker tegen hindernis op de rijbaan,Op de rijbaan: Lading
16657,129,Lokeren teller 2,Lokeren,51.09612,3.97025,1.7190881933047,51.10555176008657,3.989757549347237,2019,10,9,46014,Lokeren,Normaal,"Vuil (zand, grint, bladeren,...)",Dag,met lichtgewonden,3,Fiets,11,een weggebruiker tegen een hindernis,Buiten Kruispunt,Gemeenteweg,binnen bebouwde kom,Weggebruiker tegen hindernis op de rijbaan,Op de rijbaan: Lading
16658,126,Hamme totem,Hamme,51.1017709,4.1469307,0.96593248661171,51.10096899508204,4.133155998421182,2019,10,16,42008,Hamme,Normaal,Droog,Dag,met lichtgewonden,3,Fiets,9,personenauto,Buiten Kruispunt,Gemeenteweg,binnen bebouwde kom,Tussen 2 bestuurders: Flank tegen flank,Geen hindernis
16659,126,Hamme totem,Hamme,51.1017709,4.1469307,2.2053764762946293,51.082221959706665,4.14160136830874,2019,10,18,42008,Hamme,Normaal,Droog,Dag,met lichtgewonden,9,personenauto,3,Fiets,Op Kruispunt,Gewestweg,buiten bebouwde kom,Tss. 2 best.: langs opzij (voor-/achterkant-flank),Geen hindernis
16660,126,Hamme totem,Hamme,51.1017709,4.1469307,2.179793481981733,51.09169715529043,4.120152369801483,2019,10,7,42008,Hamme,Normaal,Proper,"Nacht, openbare verlichting aanwezig en ontstoken",met lichtgewonden,9,personenauto,3,Fiets,Op Kruispunt,Gemeenteweg,binnen bebouwde kom,Tss. 2 best.: langs opzij (voor-/achterkant-flank),Geen hindernis
16662,120,Zele teller 1,Zele,51.0607671,4.0547741,1.487110785130578,51.067017219613206,4.035960299373011,2019,10,15,42028,Zele,Normaal,Onbekend,Dag,met lichtgewonden,3,Fiets,9,personenauto,Buiten Kruispunt,Gewestweg,binnen bebouwde kom,Tussen 2 bestuurders: Langs achteren,Geen hindernis
16662,121,Zele teller 2,Zele,51.0604067,4.0556696,1.561180288326654,51.067017219613206,4.035960299373011,2019,10,15,42028,Zele,Normaal,Onbekend,Dag,met lichtgewonden,3,Fiets,9,personenauto,Buiten Kruispunt,Gewestweg,binnen bebouwde kom,Tussen 2 bestuurders: Langs achteren,Geen hindernis
16663,125,Dendermonde totem,Dendermonde,51.0372706,4.1025998,0.6885022605471859,51.033509294207384,4.110421331269983,2019,11,16,42006,Dendermonde,Onbekend,Onbekend,Onbekend,met lichtgewonden,3,Fiets,10,"één bestuurder, geen hindernis",Buiten Kruispunt,Gewestweg,buiten bebouwde kom,"Eén bestuurder, geen hindernis (incl. val)",Geen hindernis
16663,122,Dendermonde teller 2,Dendermonde,51.0373918,4.1019222,0.7345473318091642,51.033509294207384,4.110421331269983,2019,11,16,42006,Dendermonde,Onbekend,Onbekend,Onbekend,met lichtgewonden,3,Fiets,10,"één bestuurder, geen hindernis",Buiten Kruispunt,Gewestweg,buiten bebouwde kom,"Eén bestuurder, geen hindernis (incl. val)",Geen hindernis
16674,10,Aalst 2,Aalst,50.93549,4.01571,1.2903370396695266,50.939008046282474,4.03325785031508,2019,10,8,41002,Aalst,Normaal,Droog,Dag,met lichtgewonden,3,Fiets,9,personenauto,Op Kruispunt,Gemeenteweg,binnen bebouwde kom,Tss. 2 best.: langs opzij (voor-/achterkant-flank),Geen hindernis