crash_row_id,site_id,site_name,site_gemeente,site_lat,site_long,distance_km,crash_lat,crash_long,DT_YEAR_COLLISION,DT_MONTH_COLLISION,DT_TIME,CD_NIS,TX_MUNTY_COLLISION_NL,TX_WEATHER_NL,TX_ROAD_CONDITION_NL,TX_LIGHT_CONDITION_NL,TX_CLASS_ACCIDENTS_NL,CD_ROAD_USR_TYPE1,TX_ROAD_USR_TYPE1_NL,CD_ROAD_USR_TYPE2,TX_ROAD_USR_TYPE2_NL,TX_CROSSWAY_NL,CD_ROAD_TYPE_NL,TX_BUILD_UP_AREA_NL,TX_COLLISION_TYPE_NL,TX_OBSTACLES_NL
16674,11,Aalst 3,Aalst,50.93385,4.01647,1.308747101566968,50.939008046282474,4.03325785031508,2019,10,8,41002,Aalst,Normaal,Droog,Dag,met lichtgewonden,3,Fiets,9,personenauto,Op Kruispunt,Gemeenteweg,binnen bebouwde kom,Tss. 2 best.: langs opzij (voor-/achterkant-flank),Geen hindernis
16674,19,Aalst 1,Aalst,50.93433,4.01471,1.399927580214669,50.939008046282474,4.03325785031508,2019,10,8,41002,Aalst,Normaal,Droog,Dag,met lichtgewonden,3,Fiets,9,personenauto,Op Kruispunt,Gemeenteweg,binnen bebouwde kom,Tss. 2 best.: langs opzij (voor-/achterkant-flank),Geen hindernis
16675,11,Aalst 3,Aalst,50.93385,4.01647,1.196993274627792,50.93330789876664,4.033529353304858,2019,10,8,41002,Aalst,Normaal,Droog,Dag,met lichtgewonden,1,Autobus,3,Fiets,Buiten Kruispunt,Gemeenteweg,binnen bebouwde kom,Tussen 2 bestuurders: Langs achteren,Geen hindernis
16675,10,Aalst 2,Aalst,50.93549,4.01571,1.272066593864751,50.93330789876664,4.033529353304858,2019,10,8,41002,Aalst,Normaal,Droog,Dag,met lichtgewonden,1,Autobus,3,Fiets,Buiten Kruispunt,Gemeenteweg,binnen bebouwde kom,Tussen 2 bestuurders: Langs achteren,Geen hindernis
16675,19,Aalst 1,Aalst,50.93433,4.01471,1.3236920244974975,50.93330789876664,4.033529353304858,2019,10,8,41002,Aalst,Normaal,Droog,Dag,met lichtgewonden,1,Autobus,3,Fiets,Buiten Kruispunt,Gemeenteweg,binnen bebouwde kom,Tussen 2 bestuurders: Langs achteren,Geen hindernis
16676,11,Aalst 3,Aalst,50.93385,4.01647,1.1173575709152457,50.932878182283964,4.032339814464378,2019,10,5,41002,Aalst,Normaal,Droog,"Nacht, openbare verlichting aanwezig en ontstoken",met lichtgewonden,9,personenauto,3,Fiets,Op Kruispunt,Gemeenteweg,binnen bebouwde kom,Tss. 2 best.: langs opzij (voor-/achterkant-flank),Geen hindernis
16676,10,Aalst 2,Aalst,50.93549,4.01571,1.2010014677032863,50.932878182283964,4.032339814464378,2019,10,5,41002,Aalst,Normaal,Droog,"Nacht, openbare verlichting aanwezig en ontstoken",met lichtgewonden,9,personenauto,3,Fiets,Op Kruispunt,Gemeenteweg,binnen bebouwde kom,Tss. 2 best.: langs opzij (voor-/achterkant-flank),Geen hindernis
16676,19,Aalst 1,Aalst,50.93433,4.01471,1.2459528765210375,50.932878182283964,4.032339814464378,2019,10,5,41002,Aalst,Normaal,Droog,"Nacht, openbare verlichting aanwezig en ontstoken",met lichtgewonden,9,personenauto,3,Fiets,Op Kruispunt,Gemeenteweg,binnen bebouwde kom,Tss. 2 best.: langs opzij (voor-/achterkant-flank),Geen hindernis
16677,10,Aalst 2,Aalst,50.93549,4.01571,2.208527063004553,50.94179803453265,4.045597118042571,2019,10,12,41002,Aalst,Normaal,Droog,Dag,met lichtgewonden,9,personenauto,3,Fiets,Buiten Kruispunt,Gemeenteweg,binnen bebouwde kom,Tussen 2 bestuurders: Langs achteren,Geen hindernis
16677,11,Aalst 3,Aalst,50.93385,4.01647,2.224097261669363,50.94179803453265,4.045597118042571,2019,10,12,41002,Aalst,Normaal,Droog,Dag,met lichtgewonden,9,personenauto,3,Fiets,Buiten Kruispunt,Gemeenteweg,binnen bebouwde kom,Tussen 2 bestuurders: Langs achteren,Geen hindernis
16677,19,Aalst 1,Aalst,50.93433,4.01471,2.318120069357569,50.94179803453265,4.045597118042571,2019,10,12,41002,Aalst,Normaal,Droog,Dag,met lichtgewonden,9,personenauto,3,Fiets,Buiten Kruispunt,Gemeenteweg,binnen bebouwde kom,Tussen 2 bestuurders: Langs achteren,Geen hindernis
16681,11,Aalst 3,Aalst,50.93385,4.01647,1.3971227678894278,50.9261747016171,4.032253487445543,2019,10,8,41002,Aalst,Normaal,Droog,Dag,met lichtgewonden,3,Fiets,9,personenauto,Op Kruispunt,Gemeenteweg,binnen bebouwde kom,Tussen 2 bestuurders: Flank tegen flank,Geen hindernis
16681,19,Aalst 1,Aalst,50.93433,4.01471,1.5277370909621,50.9261747016171,4.032253487445543,2019,10,8,41002,Aalst,Normaal,Droog,Dag,met lichtgewonden,3,Fiets,9,personenauto,Op Kruispunt,Gemeenteweg,binnen bebouwde kom,Tussen 2 bestuurders: Flank tegen flank,Geen hindernis
16681,10,Aalst 2,Aalst,50.93549,4.01571,1.5547029857634609,50.9261747016171,4.032253487445543,2019,10,8,41002,Aalst,Normaal,Droog,Dag,met lichtgewonden,3,Fiets,9,personenauto,Op Kruispunt,Gemeenteweg,binnen bebouwde kom,Tussen 2 bestuurders: Flank tegen flank,Geen hindernis
16682,10,Aalst 2,Aalst,50.93549,4.01571,2.061518192722567,50.941375284903465,4.043609098506767,2019,10,8,41002,Aalst,Normaal,Droog,Dag,met lichtgewonden,3,Fiets,1,Autobus,Buiten Kruispunt,Gemeenteweg,binnen bebouwde kom,Tussen 2 bestuurders: Flank tegen flank,Geen hindernis
16682,11,Aalst 3,Aalst,50.93385,4.01647,2.0776295536696963,50.941375284903465,4.043609098506767,2019,10,8,41002,Aalst,Normaal,Droog,Dag,met lichtgewonden,3,Fiets,1,Autobus,Buiten Kruispunt,Gemeenteweg,binnen bebouwde kom,Tussen 2 bestuurders: Flank tegen flank,Geen hindernis
16682,19,Aalst 1,Aalst,50.93433,4.01471,2.171240664200329,50.941375284903465,4.043609098506767,2019,10,8,41002,Aalst,Normaal,Droog,Dag,met lichtgewonden,3,Fiets,1,Autobus,Buiten Kruispunt,Gemeenteweg,binnen bebouwde kom,Tussen 2 bestuurders: Flank tegen flank,Geen hindernis
16684,11,Aalst 3,Aalst,50.93385,4.01647,1.3921002520378918,50.92812268247795,4.0341336076626835,2019,10,18,41002,Aalst,Normaal,Droog,"Nacht, openbare verlichting aanwezig en ontstoken",met lichtgewonden,9,personenauto,3,Fiets,Buiten Kruispunt,Gewestweg,binnen bebouwde kom,Tss. 2 best.: langs opzij (voor-/achterkant-flank),Geen hindernis
16684,19,Aalst 1,Aalst,50.93433,4.01471,1.5262168086355916,50.92812268247795,4.0341336076626835,2019,10,18,41002,Aalst,Normaal,Droog,"Nacht, openbare verlichting aanwezig en ontstoken",met lichtgewonden,9,personenauto,3,Fiets,Buiten Kruispunt,Gewestweg,binnen bebouwde kom,Tss. 2 best.: langs opzij (voor-/achterkant-flank),Geen hindernis
16684,10,Aalst 2,Aalst,50.93549,4.01571,1.5290884335699522,50.92812268247795,4.0341336076626835,2019,10,18,41002,Aalst,Normaal,Droog,"Nacht, openbare verlichting aanwezig en ontstoken",met lichtgewonden,9,personenauto,3,Fiets,Buiten Kruispunt,Gewestweg,binnen bebouwde kom,Tss. 2 best.: langs opzij (voor-/achterkant-flank),Geen hindernis
16689,125,Dendermonde totem,Dendermonde,51.0372706,4.1025998,1.1687265090731764,51.02678351535624,4.103717389112071,2019,10,7,42006,Dendermonde,Regenval,"Nat, plassen",Dag,met lichtgewonden,9,personenauto,3,Fiets,Buiten Kruispunt,Gewestweg,binnen bebouwde kom,Tss. 2 best.: langs opzij (voor-/achterkant-flank),Geen hindernis
16689,122,Dendermonde teller 2,Dendermonde,51.0373918,4.1019222,1.1862485683622337,51.02678351535624,4.103717389112071,2019,10,7,42006,Dendermonde,Regenval,"Nat, plassen",Dag,met lichtgewonden,9,personenauto,3,Fiets,Buiten Kruispunt,Gewestweg,binnen bebouwde kom,Tss. 2 best.: langs opzij (voor-/achterkant-flank),Geen hindernis
16690,122,Dendermonde teller 2,Dendermonde,51.0373918,4.1019222,0.46944163394004873,51.04160550568819,4.102337513567091,2019,10,11,42006,Dendermonde,Normaal,Droog,Dag,met lichtgewonden,9,personenauto,3,Fiets,Buiten Kruispunt,Gewestweg,binnen bebouwde kom,Tss. 2 best.: langs opzij (voor-/achterkant-flank),Geen hindernis
16690,125,Dendermonde totem,Dendermonde,51.0372706,4.1025998,0.48236823826887965,51.04160550568819,4.102337513567091,2019,10,11,42006,Dendermonde,Normaal,Droog,Dag,met lichtgewonden,9,personenauto,3,Fiets,Buiten Kruispunt,Gewestweg,binnen bebouwde kom,Tss. 2 best.: langs opzij (voor-/achterkant-flank),Geen hindernis
16692,125,Dendermonde totem,Dendermonde,51.0372706,4.1025998,2.039318304418792,51.01963451502109,4.110601296299747,2019,10,7,42006,Dendermonde,Normaal,Droog,Dag,met lichtgewonden,7,Motorfiets,3,Fiets,Op Kruispunt,Gewestweg,binnen bebouwde kom,Tss. 2 best.: langs opzij (voor-/achterkant-flank),Geen hindernis
16692,122,Dendermonde teller 2,Dendermonde,51.0373918,4.1019222,2.0657049051214376,51.01963451502109,4.110601296299747,2019,10,7,42006,Dendermonde,Normaal,Droog,Dag,met lichtgewonden,7,Motorfiets,3,Fiets,Op Kruispunt,Gewestweg,binnen bebouwde kom,Tss. 2 best.: langs opzij (voor-/achterkant-flank),Geen hindernis
16696,50,"Brugge, Sint-Andries",Brugge,51.19291,3.16252,2.480534760028928,51.20233036416537,3.1947896796130593,2019,10,16,31005,Brugge,Normaal,Droog+Proper,Dag,met lichtgewonden,3,Fiets,9,personenauto,Op Kruispunt,Gemeenteweg,binnen bebouwde kom,Tss. 2 best.: langs opzij (voor-/achterkant-flank),Geen hindernis
16696,51,"Brugge, Sint-Andries",Brugge,51.19281,3.16252,2.4852530203616277,51.20233036416537,3.1947896796130593,2019,10,16,31005,Brugge,Normaal,Droog+Proper,Dag,met lichtgewonden,3,Fiets,9,personenauto,Op Kruispunt,Gemeenteweg,binnen bebouwde kom,Tss. 2 best.: langs opzij (voor-/achterkant-flank),Geen hindernis
16699,54,Brugge teller 2,Brugge,51.23015,3.22818,0.9911194454887444,51.221321952053295,3.2262156144614735,2019,10,16,31005,Brugge,Normaal,Droog,Dag,met lichtgewonden,9,personenauto,3,Fiets,Op Kruispunt,Gewestweg,binnen bebouwde kom,Tss. 2 best.: langs opzij (voor-/achterkant-flank),Geen hindernis
16699,53,Brugge teller 1,Brugge,51.23023,3.228,0.9982931218983077,51.221321952053295,3.2262156144614735,2019,10,16,31005,Brugge,Normaal,Droog,Dag,met lichtgewonden,9,personenauto,3,Fiets,Op Kruispunt,Gewestweg,binnen bebouwde kom,Tss. 2 best.: langs opzij (voor-/achterkant-flank),Geen hindernis
16699,52,Brugge,Brugge,51.22632,3.24095,1.1669304767397153,51.221321952053295,3.2262156144614735,2019,10,16,31005,Brugge,Normaal,Droog,Dag,met lichtgewonden,9,personenauto,3,Fiets,Op Kruispunt,Gewestweg,binnen bebouwde kom,Tss. 2 best.: langs opzij (voor-/achterkant-flank),Geen hindernis
16699,142,TEST Validatie BRUGGE Y2H22022134,Brugge,51.22632,3.24095,1.1669304767397153,51.221321952053295,3.2262156144614735,2019,10,16,31005,Brugge,Normaal,Droog,Dag,met lichtgewonden,9,personenauto,3,Fiets,Op Kruispunt,Gewestweg,binnen bebouwde kom,Tss. 2 best.: langs opzij (voor-/achterkant-flank),Geen hindernis
16700,54,Brugge teller 2,Brugge,51.23015,3.22818,1.6396815483263987,51.21672953798267,3.2184235444354554,2019,10,11,31005,Brugge,Normaal,Droog,Dag,met lichtgewonden,9,personenauto,3,Fiets,Op Kruispunt,Gewestweg,binnen bebouwde kom,Tss. 2 best.: langs opzij (voor-/achterkant-flank),Geen hindernis
16700,53,Brugge teller 1,Brugge,51.23023,3.228,1.6426524144058916,51.21672953798267,3.2184235444354554,2019,10,11,31005,Brugge,Normaal,Droog,Dag,met lichtgewonden,9,personenauto,3,Fiets,Op Kruispunt,Gewestweg,binnen bebouwde kom,Tss. 2 best.: langs opzij (voor-/achterkant-flank),Geen hindernis
16700,52,Brugge,Brugge,51.22632,3.24095,1.8969365948860535,51.21672953798267,3.2184235444354554,2019,10,11,31005,Brugge,Normaal,Droog,Dag,met lichtgewonden,9,personenauto,3,Fiets,Op Kruispunt,Gewestweg,binnen bebouwde kom,Tss. 2 best.: langs opzij (voor-/achterkant-flank),Geen hindernis
16700,142,TEST Validatie BRUGGE Y2H22022134,Brugge,51.22632,3.24095,1.8969365948860535,51.21672953798267,3.2184235444354554,2019,10,11,31005,Brugge,Normaal,Droog,Dag,met lichtgewonden,9,personenauto,3,Fiets,Op Kruispunt,Gewestweg,binnen bebouwde kom,Tss. 2 best.: langs opzij (voor-/achterkant-flank),Geen hindernis
16701,20,Brugge,Brugge,51.17416,3.20048,1.6110554069286174,51.188636850009885,3.201409444157585,2019,10,7,31005,Brugge,Normaal,Droog,Dag,met lichtgewonden,3,Fiets,9,personenauto,Buiten Kruispunt,Gemeenteweg,binnen bebouwde kom,Tss. 2 best.: langs opzij (voor-/achterkant-flank),Geen hindernis
16702,20,Brugge,Brugge,51.17416,3.20048,2.3897267982997032,51.17934469832875,3.233748299340652,2019,10,6,31005,Brugge,Normaal,Droog+Proper,"Nacht, openbare verlichting aanwezig en ontstoken",met zwaargewonden,9,personenauto,3,Fiets,Op Kruispunt,Gewestweg,binnen bebouwde kom,Tss. 2 best.: langs opzij (voor-/achterkant-flank),Geen hindernis
16719,15,Oostende 2,Oostende,51.21371,2.92743,0.793001199620106,51.209292603555696,2.9184925870354563,2019,10,13,35013,Oostende,Normaal,Droog,Dag,met lichtgewonden,9,personenauto,3,Fiets,Op Kruispunt,Gemeenteweg,binnen bebouwde kom,Tss. 2 best.: langs opzij (voor-/achterkant-flank),Geen hindernis
16719,18,Oostende 1,Oostende,51.21378,2.92765,0.8098600829846692,51.209292603555696,2.9184925870354563,2019,10,13,35013,Oostende,Normaal,Droog,Dag,met lichtgewonden,9,personenauto,3,Fiets,Op Kruispunt,Gemeenteweg,binnen bebouwde kom,Tss. 2 best.: langs opzij (voor-/achterkant-flank),Geen hindernis
16720,18,Oostende 1,Oostende,51.21378,2.92765,0.7809777634040874,51.21938175536132,2.934413858531427,2019,10,8,35013,Oostende,Normaal,Droog,Dag,met lichtgewonden,3,Fiets,9,personenauto,Buiten Kruispunt,Gemeenteweg,binnen bebouwde kom,Tss. 2 best.: langs opzij (voor-/achterkant-flank),Geen hindernis
16720,15,Oostende 2,Oostende,51.21371,2.92743,0.796464760681123,51.21938175536132,2.934413858531427,2019,10,8,35013,Oostende,Normaal,Droog,Dag,met lichtgewonden,3,Fiets,9,personenauto,Buiten Kruispunt,Gemeenteweg,binnen bebouwde kom,Tss. 2 best.: langs opzij (voor-/achterkant-flank),Geen hindernis
16721,18,Oostende 1,Oostende,51.21378,2.92765,1.725407433471523,51.229080536418245,2.9235265388123506,2019,10,12,35013,Oostende,Normaal,"Nat, plassen",Dag,met lichtgewonden,3,Fiets,9,personenauto,Buiten Kruispunt,Gewestweg,binnen bebouwde kom,Tss. 2 best.: langs opzij (voor-/achterkant-flank),Geen hindernis
16721,15,Oostende 2,Oostende,51.21371,2.92743,1.7306102591570118,51.229080536418245,2.9235265388123506,2019,10,12,35013,Oostende,Normaal,"Nat, plassen",Dag,met lichtgewonden,3,Fiets,9,personenauto,Buiten Kruispunt,Gewestweg,binnen bebouwde kom,Tss. 2 best.: langs opzij (voor-/achterkant-flank),Geen hindernis
16722,15,Oostende 2,Oostende,51.21371,2.92743,1.4383969404237849,51.22071412663048,2.910067175902803,2019,10,8,35013,Oostende,Regenval,"Nat, plassen",Dag,met lichtgewonden,9,personenauto,3,Fiets,Op Kruispunt,Gemeenteweg,binnen bebouwde kom,Tss. 2 best.: langs opzij (voor-/achterkant-flank),Geen hindernis
16722,18,Oostende 1,Oostende,51.21378,2.92765,1.4471401444006873,51.22071412663048,2.910067175902803,2019,10,8,35013,Oostende,Regenval,"Nat, plassen",Dag,met lichtgewonden,9,personenauto,3,Fiets,Op Kruispunt,Gemeenteweg,binnen bebouwde kom,Tss. 2 best.: langs opzij (voor-/achterkant-flank),Geen hindernis
16723,15,Oostende 2,Oostende,51.21371,2.92743,1.4946260909307005,51.209390506077234,2.9071113651246927,2019,10,16,35013,Oostende,Normaal,"Nat, plassen",Dag,met lichtgewonden,3,Fiets,3,Fiets,Op Kruispunt,Gemeenteweg,binnen bebouwde kom,Tussen 2 bestuurders: Frontale botsing,Geen hindernis
16723,18,Oostende 1,Oostende,51.21378,2.92765,1.5116402068359749,51.209390506077234,2.9071113651246927,2019,10,16,35013,Oostende,Normaal,"Nat, plassen",Dag,met lichtgewonden,3,Fiets,3,Fiets,Op Kruispunt,Gemeenteweg,binnen bebouwde kom,Tussen 2 bestuurders: Frontale botsing,Geen hindernis
16725,65,Nieuwpoort teller 2,Nieuwpoort,51.13435,2.75511,1.5020217048118298,51.147825858973526,2.7565944744734385,2019,10,9,35011,Middelkerke,Normaal,"Nat, plassen",Dag,met lichtgewonden,9,personenauto,3,Fiets,Op Kruispunt,Gewestweg,binnen bebouwde kom,Tss. 2 best.: langs opzij (voor-/achterkant-flank),Geen hindernis
16725,64,Nieuwpoort teller 1,Nieuwpoort,51.13359,2.75737,1.5838796508409727,51.147825858973526,2.7565944744734385,2019,10,9,35011,Middelkerke,Normaal,"Nat, plassen",Dag,met lichtgewonden,9,personenauto,3,Fiets,Op Kruispunt,Gewestweg,binnen bebouwde kom,Tss. 2 best.: langs opzij (voor-/achterkant-flank),Geen hindernis
16725,63,Nieuwpoort teller 3,Nieuwpoort,51.13529,2.74289,1.6902953239545597,51.147825858973526,2.7565944744734385,2019,10,9,35011,Middelkerke,Normaal,"Nat, plassen",Dag,met lichtgewonden,9,personenauto,3,Fiets,Op Kruispunt,Gewestweg,binnen bebouwde kom,Tss. 2 best.: langs opzij (voor-/achterkant-flank),Geen hindernis
16725,66,Nieuwpoort totem,Nieuwpoort,51.1347,2.74369,1.7148486581918883,51.147825858973526,2.7565944744734385,2019,10,9,35011,Middelkerke,Normaal,"Nat, plassen",Dag,met lichtgewonden,9,personenauto,3,Fiets,Op Kruispunt,Gewestweg,binnen bebouwde kom,Tss. 2 best.: langs opzij (voor-/achterkant-flank),Geen hindernis
16727,55,Torhout teller 1,Torhout,51.07161,3.08261,0.720593815506179,51.06846148031487,3.0916241121334225,2019,10,16,31033,Torhout,Normaal,Droog,Dag,met lichtgewonden,9,personenauto,3,Fiets,Op Kruispunt,Gewestweg,buiten bebouwde kom,Tss. 2 best.: langs opzij (voor-/achterkant-flank),Geen hindernis
16727,56,Torhout teller 2,Torhout,51.07147,3.08244,0.7236728364789035,51.06846148031487,3.0916241121334225,2019,10,16,31033,Torhout,Normaal,Droog,Dag,met lichtgewonden,9,personenauto,3,Fiets,Op Kruispunt,Gewestweg,buiten bebouwde kom,Tss. 2 best.: langs opzij (voor-/achterkant-flank),Geen hindernis
16728,55,Torhout teller 1,Torhout,51.07161,3.08261,1.5439225178664298,51.06963038849278,3.1044811239628767,2019,10,14,31033,Torhout,Normaal,"Nat, plassen",Dag,met lichtgewonden,9,personenauto,3,Fiets,Op Kruispunt,Gewestweg,binnen bebouwde kom,Tussen 2 bestuurders: Frontale botsing,Geen hindernis
16728,56,Torhout teller 2,Torhout,51.07147,3.08244,1.5535561432380536,51.06963038849278,3.1044811239628767,2019,10,14,31033,Torhout,Normaal,"Nat, plassen",Dag,met lichtgewonden,9,personenauto,3,Fiets,Op Kruispunt,Gewestweg,binnen bebouwde kom,Tussen 2 bestuurders: Frontale botsing,Geen hindernis
16729,84,Roeselare totem,Izegem,50.91717,3.18772,2.185359506786056,50.9203981472532,3.156968376676847,2019,10,17,36015,Roeselare,Onbekend,Onbekend,Onbekend,met lichtgewonden,5,Lichte vrachtauto,3,Fiets,Op Kruispunt,Gemeenteweg,binnen bebouwde kom,Tussen 2 bestuurders: Langs achteren,Geen hindernis
16738,84,Roeselare totem,Izegem,50.91717,3.18772,1.4832479162381282,50.90667851680084,3.2007852905127425,2019,10,17,36008,Izegem,Normaal,Droog,"Nacht, openbare verlichting aanwezig en ontstoken",met lichtgewonden,3,Fiets,9,personenauto,Buiten Kruispunt,Gemeenteweg,binnen bebouwde kom,Tussen 2 bestuurders: Flank tegen flank,Geen hindernis
16739,84,Roeselare totem,Izegem,50.91717,3.18772,1.6020077806268345,50.91888246122504,3.2104109102886027,2019,10,22,36008,Izegem,Onbekend,Onbekend,Onbekend,met lichtgewonden,3,Fiets,9,personenauto,Op Kruispunt,Gewestweg,binnen bebouwde kom,Tss. 2 best.: langs opzij (voor-/achterkant-flank),Geen hindernis
16744,74,Kortrijk teller 1,Kortrijk,50.81909,3.25728,1.5662481249436668,50.8113811927379,3.2759385740040132,2019,10,9,34022,Kortrijk,Normaal,Droog,Dag,met zwaargewonden,9,personenauto,3,Fiets,Op Kruispunt,Gewestweg,binnen bebouwde kom,Tss. 2 best.: langs opzij (voor-/achterkant-flank),Geen hindernis
16744,75,Kortrijk teller 2,Kortrijk,50.81925,3.25731,1.5743008147268034,50.8113811927379,3.2759385740040132,2019,10,9,34022,Kortrijk,Normaal,Droog,Dag,met zwaargewonden,9,personenauto,3,Fiets,Op Kruispunt,Gewestweg,binnen bebouwde kom,Tss. 2 best.: langs opzij (voor-/achterkant-flank),Geen hindernis
16744,143,Eco Display Classic Budastraat,Kortrijk,50.83066,3.26286,2.3322811509098655,50.8113811927379,3.2759385740040132,2019,10,9,34022,Kortrijk,Normaal,Droog,Dag,met zwaargewonden,9,personenauto,3,Fiets,Op Kruispunt,Gewestweg,binnen bebouwde kom,Tss. 2 best.: langs opzij (voor-/achterkant-flank),Geen hindernis
16744,16,Kortrijk 1,Kortrijk,50.83332,3.27777,2.4428738937533883,50.8113811927379,3.2759385740040132,2019,10,9,34022,Kortrijk,Normaal,Droog,Dag,met zwaargewonden,9,personenauto,3,Fiets,Op Kruispunt,Gewestweg,binnen bebouwde kom,Tss. 2 best.: langs opzij (voor-/achterkant-flank),Geen hindernis
16744,17,Kortrijk 2,Kortrijk,50.83339,3.27773,2.4505008717806076,50.8113811927379,3.2759385740040132,2019,10,9,34022,Kortrijk,Normaal,Droog,Dag,met zwaargewonden,9,personenauto,3,Fiets,Op Kruispunt,Gewestweg,binnen bebouwde kom,Tss. 2 best.: langs opzij (voor-/achterkant-flank),Geen hindernis
16745,74,Kortrijk teller 1,Kortrijk,50.81909,3.25728,1.8478126072119827,50.80907116456119,3.2782631345183724,2019,10,15,34022,Kortrijk,Normaal,Droog,Dag,met lichtgewonden,3,Fiets,3,Fiets,Buiten Kruispunt,Gewestweg,binnen bebouwde kom,Tss. 2 best.: langs opzij (voor-/achterkant-flank),Geen hindernis
16745,75,Kortrijk teller 2,Kortrijk,50.81925,3.25731,1.8569197143409808,50.80907116456119,3.2782631345183724,2019,10,15,34022,Kortrijk,Normaal,Droog,Dag,met lichtgewonden,3,Fiets,3,Fiets,Buiten Kruispunt,Gewestweg,binnen bebouwde kom,Tss. 2 best.: langs opzij (voor-/achterkant-flank),Geen hindernis
16746,143,Eco Display Classic Budastraat,Kortrijk,50.83066,3.26286,0.5987357246494336,50.83210325731223,3.254646742797995,2019,10,9,34022,Kortrijk,Normaal,Droog,Dag,met lichtgewonden,9,personenauto,3,Fiets,Op Kruispunt,Gewestweg,binnen bebouwde kom,Tussen 2 bestuurders: Frontale botsing,Geen hindernis
16746,75,Kortrijk teller 2,Kortrijk,50.81925,3.25731,1.4414073695012015,50.83210325731223,3.254646742797995,2019,10,9,34022,Kortrijk,Normaal,Droog,Dag,met lichtgewonden,9,personenauto,3,Fiets,Op Kruispunt,Gewestweg,binnen bebouwde kom,Tussen 2 bestuurders: Frontale botsing,Geen hindernis
16746,74,Kortrijk teller 1,Kortrijk,50.81909,3.25728,1.4587812907405784,50.83210325731223,3.254646742797995,2019,10,9,34022,Kortrijk,Normaal,Droog,Dag,met lichtgewonden,9,personenauto,3,Fiets,Op Kruispunt,Gewestweg,binnen bebouwde kom,Tussen 2 bestuurders: Frontale botsing,Geen hindernis
16746,17,Kortrijk 2,Kortrijk,50.83339,3.27773,1.6274202875803823,50.83210325731223,3.254646742797995,2019,10,9,34022,Kortrijk,Normaal,Droog,Dag,met lichtgewonden,9,personenauto,3,Fiets,Op Kruispunt,Gewestweg,binnen bebouwde kom,Tussen 2 bestuurders: Frontale botsing,Geen hindernis
16746,16,Kortrijk 1,Kortrijk,50.83332,3.27777,1.6295551094834044,50.83210325731223,3.254646742797995,2019,10,9,34022,Kortrijk,Normaal,Droog,Dag,met lichtgewonden,9,personenauto,3,Fiets,Op Kruispunt,Gewestweg,binnen bebouwde kom,Tussen 2 bestuurders: Frontale botsing,Geen hindernis
16747,74,Kortrijk teller 1,Kortrijk,50.81909,3.25728,1.5782355788396845,50.80590239668349,3.2489745767910736,2019,10,16,34022,Kortrijk,Normaal,Droog,Dag,met lichtgewonden,3,Fiets,3,Fiets,Op Kruispunt,Gemeenteweg,binnen bebouwde kom,Tussen 2 bestuurders: Flank tegen flank,Geen hindernis
16747,75,Kortrijk teller 2,Kortrijk,50.81925,3.25731,1.5955516549587327,50.80590239668349,3.2489745767910736,2019,10,16,34022,Kortrijk,Normaal,Droog,Dag,met lichtgewonden,3,Fiets,3,Fiets,Op Kruispunt,Gemeenteweg,binnen bebouwde kom,Tussen 2 bestuurders: Flank tegen flank,Geen hindernis
16748,75,Kortrijk teller 2,Kortrijk,50.81925,3.25731,0.2834026197311985,50.82169886006849,3.258428115038701,2019,10,8,34022,Kortrijk,Normaal,Droog,Dag,met lichtgewonden,3,Fiets,9,personenauto,Op Kruispunt,Gewestweg,binnen bebouwde kom,Tss. 2 best.: langs opzij (voor-/achterkant-flank),Geen hindernis
16748,74,Kortrijk teller 1,Kortrijk,50.81909,3.25728,0.3010950031169017,50.82169886006849,3.258428115038701,2019,10,8,34022,Kortrijk,Normaal,Droog,Dag,met lichtgewonden,3,Fiets,9,personenauto,Op Kruispunt,Gewestweg,binnen bebouwde kom,Tss. 2 best.: langs opzij (voor-/achterkant-flank),Geen hindernis
16748,143,Eco Display Classic Budastraat,Kortrijk,50.83066,3.26286,1.0439261013166072,50.82169886006849,3.258428115038701,2019,10,8,34022,Kortrijk,Normaal,Droog,Dag,met lichtgewonden,3,Fiets,9,personenauto,Op Kruispunt,Gewestweg,binnen bebouwde kom,Tss. 2 best.: langs opzij (voor-/achterkant-flank),Geen hindernis
16748,16,Kortrijk 1,Kortrijk,50.83332,3.27777,1.8749348478563665,50.82169886006849,3.258428115038701,2019,10,8,34022,Kortrijk,Normaal,Droog,Dag,met lichtgewonden,3,Fiets,9,personenauto,Op Kruispunt,Gewestweg,binnen bebouwde kom,Tss. 2 best.: langs opzij (voor-/achterkant-flank),Geen hindernis
16748,17,Kortrijk 2,Kortrijk,50.83339,3.27773,1.878278248573919,50.82169886006849,3.258428115038701,2019,10,8,34022,Kortrijk,Normaal,Droog,Dag,met lichtgewonden,3,Fiets,9,personenauto,Op Kruispunt,Gewestweg,binnen bebouwde kom,Tss. 2 best.: langs opzij (voor-/achterkant-flank),Geen hindernis
16749,74,Kortrijk teller 1,Kortrijk,50.81909,3.25728,1.4162959064048553,50.81194754289421,3.2405885386398166,2019,10,12,34022,Kortrijk,Regenval,"Nat, plassen",Dag,met lichtgewonden,3,Fiets,6,Bromfiets,Op Kruispunt,Gemeenteweg,buiten bebouwde kom,Tussen 2 bestuurders: Flank tegen flank,Geen hindernis