crash_row_id,site_id,site_name,site_gemeente,site_lat,site_long,distance_km,crash_lat,crash_long,DT_YEAR_COLLISION,DT_MONTH_COLLISION,DT_TIME,CD_NIS,TX_MUNTY_COLLISION_NL,TX_WEATHER_NL,TX_ROAD_CONDITION_NL,TX_LIGHT_CONDITION_NL,TX_CLASS_ACCIDENTS_NL,CD_ROAD_USR_TYPE1,TX_ROAD_USR_TYPE1_NL,CD_ROAD_USR_TYPE2,TX_ROAD_USR_TYPE2_NL,TX_CROSSWAY_NL,CD_ROAD_TYPE_NL,TX_BUILD_UP_AREA_NL,TX_COLLISION_TYPE_NL,TX_OBSTACLES_NL
16749,75,Kortrijk teller 2,Kortrijk,50.81925,3.25731,1.4280802355114317,50.81194754289421,3.2405885386398166,2019,10,12,34022,Kortrijk,Regenval,"Nat, plassen",Dag,met lichtgewonden,3,Fiets,6,Bromfiets,Op Kruispunt,Gemeenteweg,buiten bebouwde kom,Tussen 2 bestuurders: Flank tegen flank,Geen hindernis
16750,75,Kortrijk teller 2,Kortrijk,50.81925,3.25731,0.6519630538520521,50.82364101914061,3.263460374749474,2019,10,17,34022,Kortrijk,Normaal,Droog,Dag,met lichtgewonden,9,personenauto,3,Fiets,Op Kruispunt,Gewestweg,binnen bebouwde kom,Tss. 2 best.: langs opzij (voor-/achterkant-flank),Geen hindernis
16750,74,Kortrijk teller 1,Kortrijk,50.81909,3.25728,0.6667621809650728,50.82364101914061,3.263460374749474,2019,10,17,34022,Kortrijk,Normaal,Droog,Dag,met lichtgewonden,9,personenauto,3,Fiets,Op Kruispunt,Gewestweg,binnen bebouwde kom,Tss. 2 best.: langs opzij (voor-/achterkant-flank),Geen hindernis
16750,143,Eco Display Classic Budastraat,Kortrijk,50.83066,3.26286,0.7816134192657073,50.82364101914061,3.263460374749474,2019,10,17,34022,Kortrijk,Normaal,Droog,Dag,met lichtgewonden,9,personenauto,3,Fiets,Op Kruispunt,Gewestweg,binnen bebouwde kom,Tss. 2 best.: langs opzij (voor-/achterkant-flank),Geen hindernis
16750,16,Kortrijk 1,Kortrijk,50.83332,3.27777,1.4725616102791443,50.82364101914061,3.263460374749474,2019,10,17,34022,Kortrijk,Normaal,Droog,Dag,met lichtgewonden,9,personenauto,3,Fiets,Op Kruispunt,Gewestweg,binnen bebouwde kom,Tss. 2 best.: langs opzij (voor-/achterkant-flank),Geen hindernis
16750,17,Kortrijk 2,Kortrijk,50.83339,3.27773,1.4763508463430939,50.82364101914061,3.263460374749474,2019,10,17,34022,Kortrijk,Normaal,Droog,Dag,met lichtgewonden,9,personenauto,3,Fiets,Op Kruispunt,Gewestweg,binnen bebouwde kom,Tss. 2 best.: langs opzij (voor-/achterkant-flank),Geen hindernis
16752,17,Kortrijk 2,Kortrijk,50.83339,3.27773,0.7013975156850509,50.83704822799527,3.285866567663971,2019,10,15,34022,Kortrijk,Onbekend,Onbekend,Dag,met lichtgewonden,9,personenauto,3,Fiets,Buiten Kruispunt,Gemeenteweg,buiten bebouwde kom,Tss. 2 best.: langs opzij (voor-/achterkant-flank),Geen hindernis
16752,16,Kortrijk 1,Kortrijk,50.83332,3.27777,0.7036687621998091,50.83704822799527,3.285866567663971,2019,10,15,34022,Kortrijk,Onbekend,Onbekend,Dag,met lichtgewonden,9,personenauto,3,Fiets,Buiten Kruispunt,Gemeenteweg,buiten bebouwde kom,Tss. 2 best.: langs opzij (voor-/achterkant-flank),Geen hindernis
16752,143,Eco Display Classic Budastraat,Kortrijk,50.83066,3.26286,1.7649501092374367,50.83704822799527,3.285866567663971,2019,10,15,34022,Kortrijk,Onbekend,Onbekend,Dag,met lichtgewonden,9,personenauto,3,Fiets,Buiten Kruispunt,Gemeenteweg,buiten bebouwde kom,Tss. 2 best.: langs opzij (voor-/achterkant-flank),Geen hindernis
16753,74,Kortrijk teller 1,Kortrijk,50.81909,3.25728,1.5673300964679482,50.81137733519475,3.2759529814849637,2019,10,17,34022,Kortrijk,Normaal,Droog,Dag,met lichtgewonden,9,personenauto,3,Fiets,Op Kruispunt,Gewestweg,binnen bebouwde kom,Tussen 2 bestuurders: Flank tegen flank,Geen hindernis
16753,75,Kortrijk teller 2,Kortrijk,50.81925,3.25731,1.575380742554661,50.81137733519475,3.2759529814849637,2019,10,17,34022,Kortrijk,Normaal,Droog,Dag,met lichtgewonden,9,personenauto,3,Fiets,Op Kruispunt,Gewestweg,binnen bebouwde kom,Tussen 2 bestuurders: Flank tegen flank,Geen hindernis
16753,143,Eco Display Classic Budastraat,Kortrijk,50.83066,3.26286,2.3330742244705944,50.81137733519475,3.2759529814849637,2019,10,17,34022,Kortrijk,Normaal,Droog,Dag,met lichtgewonden,9,personenauto,3,Fiets,Op Kruispunt,Gewestweg,binnen bebouwde kom,Tussen 2 bestuurders: Flank tegen flank,Geen hindernis
16753,16,Kortrijk 1,Kortrijk,50.83332,3.27777,2.443249159228807,50.81137733519475,3.2759529814849637,2019,10,17,34022,Kortrijk,Normaal,Droog,Dag,met lichtgewonden,9,personenauto,3,Fiets,Op Kruispunt,Gewestweg,binnen bebouwde kom,Tussen 2 bestuurders: Flank tegen flank,Geen hindernis
16753,17,Kortrijk 2,Kortrijk,50.83339,3.27773,2.4508774920300156,50.81137733519475,3.2759529814849637,2019,10,17,34022,Kortrijk,Normaal,Droog,Dag,met lichtgewonden,9,personenauto,3,Fiets,Op Kruispunt,Gewestweg,binnen bebouwde kom,Tussen 2 bestuurders: Flank tegen flank,Geen hindernis
16754,17,Kortrijk 2,Kortrijk,50.83339,3.27773,1.6740427211384619,50.84816504458116,3.282306518981908,2019,10,10,34023,Kuurne,Normaal,Droog,Dag,met lichtgewonden,9,personenauto,3,Fiets,Op Kruispunt,Gemeenteweg,binnen bebouwde kom,Tss. 2 best.: langs opzij (voor-/achterkant-flank),Geen hindernis
16754,16,Kortrijk 1,Kortrijk,50.83332,3.27777,1.6811478737085257,50.84816504458116,3.282306518981908,2019,10,10,34023,Kuurne,Normaal,Droog,Dag,met lichtgewonden,9,personenauto,3,Fiets,Op Kruispunt,Gemeenteweg,binnen bebouwde kom,Tss. 2 best.: langs opzij (voor-/achterkant-flank),Geen hindernis
16754,143,Eco Display Classic Budastraat,Kortrijk,50.83066,3.26286,2.3776866513869837,50.84816504458116,3.282306518981908,2019,10,10,34023,Kuurne,Normaal,Droog,Dag,met lichtgewonden,9,personenauto,3,Fiets,Op Kruispunt,Gemeenteweg,binnen bebouwde kom,Tss. 2 best.: langs opzij (voor-/achterkant-flank),Geen hindernis
16755,17,Kortrijk 2,Kortrijk,50.83339,3.27773,2.132152980354562,50.852517752212236,3.2798584559893533,2019,10,18,34023,Kuurne,Normaal,"Nat, plassen",Dag,met lichtgewonden,3,Fiets,1,Autobus,Op Kruispunt,Gemeenteweg,binnen bebouwde kom,Tss. 2 best.: langs opzij (voor-/achterkant-flank),Geen hindernis
16755,16,Kortrijk 1,Kortrijk,50.83332,3.27777,2.1397232497959306,50.852517752212236,3.2798584559893533,2019,10,18,34023,Kuurne,Normaal,"Nat, plassen",Dag,met lichtgewonden,3,Fiets,1,Autobus,Op Kruispunt,Gemeenteweg,binnen bebouwde kom,Tss. 2 best.: langs opzij (voor-/achterkant-flank),Geen hindernis
16757,143,Eco Display Classic Budastraat,Kortrijk,50.83066,3.26286,0.5178506762224686,50.827521496700925,3.2574126317883216,2019,10,7,34022,Kortrijk,Regenval,"Nat, plassen",Dageraad - schemering,met lichtgewonden,3,Fiets,8,Voetganger,Buiten Kruispunt,Gewestweg,binnen bebouwde kom,Met een voetganger,Geen hindernis
16757,75,Kortrijk teller 2,Kortrijk,50.81925,3.25731,0.919776722094599,50.827521496700925,3.2574126317883216,2019,10,7,34022,Kortrijk,Regenval,"Nat, plassen",Dageraad - schemering,met lichtgewonden,3,Fiets,8,Voetganger,Buiten Kruispunt,Gewestweg,binnen bebouwde kom,Met een voetganger,Geen hindernis
16757,74,Kortrijk teller 1,Kortrijk,50.81909,3.25728,0.9375859459582657,50.827521496700925,3.2574126317883216,2019,10,7,34022,Kortrijk,Regenval,"Nat, plassen",Dageraad - schemering,met lichtgewonden,3,Fiets,8,Voetganger,Buiten Kruispunt,Gewestweg,binnen bebouwde kom,Met een voetganger,Geen hindernis
16757,16,Kortrijk 1,Kortrijk,50.83332,3.27777,1.5684112036058366,50.827521496700925,3.2574126317883216,2019,10,7,34022,Kortrijk,Regenval,"Nat, plassen",Dageraad - schemering,met lichtgewonden,3,Fiets,8,Voetganger,Buiten Kruispunt,Gewestweg,binnen bebouwde kom,Met een voetganger,Geen hindernis
16757,17,Kortrijk 2,Kortrijk,50.83339,3.27773,1.5690707845974703,50.827521496700925,3.2574126317883216,2019,10,7,34022,Kortrijk,Regenval,"Nat, plassen",Dageraad - schemering,met lichtgewonden,3,Fiets,8,Voetganger,Buiten Kruispunt,Gewestweg,binnen bebouwde kom,Met een voetganger,Geen hindernis
16758,143,Eco Display Classic Budastraat,Kortrijk,50.83066,3.26286,0.9951674495675891,50.82430817790372,3.2728416076521256,2019,10,10,34022,Kortrijk,Normaal,Droog,Dag,met lichtgewonden,3,Fiets,3,Fiets,Buiten Kruispunt,Gewestweg,binnen bebouwde kom,Tussen 2 bestuurders: Frontale botsing,Geen hindernis
16758,16,Kortrijk 1,Kortrijk,50.83332,3.27777,1.0601694409468927,50.82430817790372,3.2728416076521256,2019,10,10,34022,Kortrijk,Normaal,Droog,Dag,met lichtgewonden,3,Fiets,3,Fiets,Buiten Kruispunt,Gewestweg,binnen bebouwde kom,Tussen 2 bestuurders: Frontale botsing,Geen hindernis
16758,17,Kortrijk 2,Kortrijk,50.83339,3.27773,1.0666218225736142,50.82430817790372,3.2728416076521256,2019,10,10,34022,Kortrijk,Normaal,Droog,Dag,met lichtgewonden,3,Fiets,3,Fiets,Buiten Kruispunt,Gewestweg,binnen bebouwde kom,Tussen 2 bestuurders: Frontale botsing,Geen hindernis
16758,75,Kortrijk teller 2,Kortrijk,50.81925,3.25731,1.22747146055945,50.82430817790372,3.2728416076521256,2019,10,10,34022,Kortrijk,Normaal,Droog,Dag,met lichtgewonden,3,Fiets,3,Fiets,Buiten Kruispunt,Gewestweg,binnen bebouwde kom,Tussen 2 bestuurders: Frontale botsing,Geen hindernis
16758,74,Kortrijk teller 1,Kortrijk,50.81909,3.25728,1.2375874658859995,50.82430817790372,3.2728416076521256,2019,10,10,34022,Kortrijk,Normaal,Droog,Dag,met lichtgewonden,3,Fiets,3,Fiets,Buiten Kruispunt,Gewestweg,binnen bebouwde kom,Tussen 2 bestuurders: Frontale botsing,Geen hindernis
16766,143,Eco Display Classic Budastraat,Kortrijk,50.83066,3.26286,0.6038528256003178,50.82701917606804,3.269239181720388,2019,10,18,34022,Kortrijk,Normaal,Droog,Dag,met lichtgewonden,9,personenauto,3,Fiets,Op Kruispunt,Gemeenteweg,binnen bebouwde kom,Tss. 2 best.: langs opzij (voor-/achterkant-flank),Geen hindernis
16766,16,Kortrijk 1,Kortrijk,50.83332,3.27777,0.9218694507010389,50.82701917606804,3.269239181720388,2019,10,18,34022,Kortrijk,Normaal,Droog,Dag,met lichtgewonden,9,personenauto,3,Fiets,Op Kruispunt,Gemeenteweg,binnen bebouwde kom,Tss. 2 best.: langs opzij (voor-/achterkant-flank),Geen hindernis
16766,17,Kortrijk 2,Kortrijk,50.83339,3.27773,0.9259868200945955,50.82701917606804,3.269239181720388,2019,10,18,34022,Kortrijk,Normaal,Droog,Dag,met lichtgewonden,9,personenauto,3,Fiets,Op Kruispunt,Gemeenteweg,binnen bebouwde kom,Tss. 2 best.: langs opzij (voor-/achterkant-flank),Geen hindernis
16766,75,Kortrijk teller 2,Kortrijk,50.81925,3.25731,1.203524023643289,50.82701917606804,3.269239181720388,2019,10,18,34022,Kortrijk,Normaal,Droog,Dag,met lichtgewonden,9,personenauto,3,Fiets,Op Kruispunt,Gemeenteweg,binnen bebouwde kom,Tss. 2 best.: langs opzij (voor-/achterkant-flank),Geen hindernis
16766,74,Kortrijk teller 1,Kortrijk,50.81909,3.25728,1.2178113410894862,50.82701917606804,3.269239181720388,2019,10,18,34022,Kortrijk,Normaal,Droog,Dag,met lichtgewonden,9,personenauto,3,Fiets,Op Kruispunt,Gemeenteweg,binnen bebouwde kom,Tss. 2 best.: langs opzij (voor-/achterkant-flank),Geen hindernis
16770,64,Nieuwpoort teller 1,Nieuwpoort,51.13359,2.75737,0.9458467748654942,51.12877715629901,2.768546516358129,2019,10,8,38016,Nieuwpoort,Normaal,"Nat, plassen",Dageraad - schemering,met lichtgewonden,9,personenauto,3,Fiets,Op Kruispunt,Gewestweg,buiten bebouwde kom,Tss. 2 best.: langs opzij (voor-/achterkant-flank),Geen hindernis
16770,65,Nieuwpoort teller 2,Nieuwpoort,51.13435,2.75511,1.1238561302066312,51.12877715629901,2.768546516358129,2019,10,8,38016,Nieuwpoort,Normaal,"Nat, plassen",Dageraad - schemering,met lichtgewonden,9,personenauto,3,Fiets,Op Kruispunt,Gewestweg,buiten bebouwde kom,Tss. 2 best.: langs opzij (voor-/achterkant-flank),Geen hindernis
16770,66,Nieuwpoort totem,Nieuwpoort,51.1347,2.74369,1.8552754779523128,51.12877715629901,2.768546516358129,2019,10,8,38016,Nieuwpoort,Normaal,"Nat, plassen",Dageraad - schemering,met lichtgewonden,9,personenauto,3,Fiets,Op Kruispunt,Gewestweg,buiten bebouwde kom,Tss. 2 best.: langs opzij (voor-/achterkant-flank),Geen hindernis
16770,63,Nieuwpoort teller 3,Nieuwpoort,51.13529,2.74289,1.9311869233778738,51.12877715629901,2.768546516358129,2019,10,8,38016,Nieuwpoort,Normaal,"Nat, plassen",Dageraad - schemering,met lichtgewonden,9,personenauto,3,Fiets,Op Kruispunt,Gewestweg,buiten bebouwde kom,Tss. 2 best.: langs opzij (voor-/achterkant-flank),Geen hindernis
16771,65,Nieuwpoort teller 2,Nieuwpoort,51.13435,2.75511,0.34205195109738457,51.13741850304103,2.7554553932112884,2019,10,12,38016,Nieuwpoort,Normaal,"Nat, plassen",Dag,met lichtgewonden,3,Fiets,9,personenauto,Op Kruispunt,Gewestweg,binnen bebouwde kom,Tss. 2 best.: langs opzij (voor-/achterkant-flank),Geen hindernis
16771,64,Nieuwpoort teller 1,Nieuwpoort,51.13359,2.75737,0.44617782175497295,51.13741850304103,2.7554553932112884,2019,10,12,38016,Nieuwpoort,Normaal,"Nat, plassen",Dag,met lichtgewonden,3,Fiets,9,personenauto,Op Kruispunt,Gewestweg,binnen bebouwde kom,Tss. 2 best.: langs opzij (voor-/achterkant-flank),Geen hindernis
16771,66,Nieuwpoort totem,Nieuwpoort,51.1347,2.74369,0.874780433735365,51.13741850304103,2.7554553932112884,2019,10,12,38016,Nieuwpoort,Normaal,"Nat, plassen",Dag,met lichtgewonden,3,Fiets,9,personenauto,Op Kruispunt,Gewestweg,binnen bebouwde kom,Tss. 2 best.: langs opzij (voor-/achterkant-flank),Geen hindernis
16771,63,Nieuwpoort teller 3,Nieuwpoort,51.13529,2.74289,0.9080904527752819,51.13741850304103,2.7554553932112884,2019,10,12,38016,Nieuwpoort,Normaal,"Nat, plassen",Dag,met lichtgewonden,3,Fiets,9,personenauto,Op Kruispunt,Gewestweg,binnen bebouwde kom,Tss. 2 best.: langs opzij (voor-/achterkant-flank),Geen hindernis
16772,65,Nieuwpoort teller 2,Nieuwpoort,51.13435,2.75511,0.10528509991094462,51.133970259483895,2.753727739821087,2019,10,15,38016,Nieuwpoort,Normaal,Droog,Dag,met zwaargewonden,8,Voetganger,3,Fiets,Buiten Kruispunt,Gewestweg,binnen bebouwde kom,Met een voetganger,Geen hindernis
16772,64,Nieuwpoort teller 1,Nieuwpoort,51.13359,2.75737,0.25763313878973304,51.133970259483895,2.753727739821087,2019,10,15,38016,Nieuwpoort,Normaal,Droog,Dag,met zwaargewonden,8,Voetganger,3,Fiets,Buiten Kruispunt,Gewestweg,binnen bebouwde kom,Met een voetganger,Geen hindernis
16772,66,Nieuwpoort totem,Nieuwpoort,51.1347,2.74369,0.7050624668467446,51.133970259483895,2.753727739821087,2019,10,15,38016,Nieuwpoort,Normaal,Droog,Dag,met zwaargewonden,8,Voetganger,3,Fiets,Buiten Kruispunt,Gewestweg,binnen bebouwde kom,Met een voetganger,Geen hindernis
16772,63,Nieuwpoort teller 3,Nieuwpoort,51.13529,2.74289,0.7702999236933373,51.133970259483895,2.753727739821087,2019,10,15,38016,Nieuwpoort,Normaal,Droog,Dag,met zwaargewonden,8,Voetganger,3,Fiets,Buiten Kruispunt,Gewestweg,binnen bebouwde kom,Met een voetganger,Geen hindernis
16773,67,Ieper totem,Ieper,50.85018,2.85624,2.2874233960578847,50.84634505474157,2.888250501990406,2019,10,8,33011,Ieper,Normaal,"Nat, plassen+Proper",Dag,met lichtgewonden,9,personenauto,3,Fiets,Buiten Kruispunt,Gemeenteweg,binnen bebouwde kom,Tss. 2 best.: langs opzij (voor-/achterkant-flank),Geen hindernis
16773,68,Ieper,Ieper,50.85032,2.85608,2.3013960335192856,50.84634505474157,2.888250501990406,2019,10,8,33011,Ieper,Normaal,"Nat, plassen+Proper",Dag,met lichtgewonden,9,personenauto,3,Fiets,Buiten Kruispunt,Gemeenteweg,binnen bebouwde kom,Tss. 2 best.: langs opzij (voor-/achterkant-flank),Geen hindernis
16774,67,Ieper totem,Ieper,50.85018,2.85624,2.15159103567796,50.85328649474531,2.8864916114407517,2019,10,8,33011,Ieper,Normaal,Droog,Dag,met lichtgewonden,3,Fiets,3,Fiets,Op Kruispunt,Gewestweg,binnen bebouwde kom,Tss. 2 best.: langs opzij (voor-/achterkant-flank),Geen hindernis
16774,68,Ieper,Ieper,50.85032,2.85608,2.160243251717358,50.85328649474531,2.8864916114407517,2019,10,8,33011,Ieper,Normaal,Droog,Dag,met lichtgewonden,3,Fiets,3,Fiets,Op Kruispunt,Gewestweg,binnen bebouwde kom,Tss. 2 best.: langs opzij (voor-/achterkant-flank),Geen hindernis
16776,67,Ieper totem,Ieper,50.85018,2.85624,2.34712044579943,50.85755913377595,2.8875663229961703,2019,10,7,33011,Ieper,Regenval,"Nat, plassen",Dageraad - schemering,met lichtgewonden,3,Fiets,9,personenauto,Buiten Kruispunt,Gewestweg,binnen bebouwde kom,Tussen 2 bestuurders: Frontale botsing,Geen hindernis
16776,68,Ieper,Ieper,50.85032,2.85608,2.352270966965969,50.85755913377595,2.8875663229961703,2019,10,7,33011,Ieper,Regenval,"Nat, plassen",Dageraad - schemering,met lichtgewonden,3,Fiets,9,personenauto,Buiten Kruispunt,Gewestweg,binnen bebouwde kom,Tussen 2 bestuurders: Frontale botsing,Geen hindernis
16779,67,Ieper totem,Ieper,50.85018,2.85624,2.2118668694884036,50.85543522338427,2.886629041829502,2019,10,6,33011,Ieper,Normaal,"Nat, plassen","Nacht, openbare verlichting aanwezig en ontstoken",met zwaargewonden,5,Lichte vrachtauto,3,Fiets,Op Kruispunt,Gewestweg,binnen bebouwde kom,Tss. 2 best.: langs opzij (voor-/achterkant-flank),Geen hindernis
16779,68,Ieper,Ieper,50.85032,2.85608,2.2186566761588473,50.85543522338427,2.886629041829502,2019,10,6,33011,Ieper,Normaal,"Nat, plassen","Nacht, openbare verlichting aanwezig en ontstoken",met zwaargewonden,5,Lichte vrachtauto,3,Fiets,Op Kruispunt,Gewestweg,binnen bebouwde kom,Tss. 2 best.: langs opzij (voor-/achterkant-flank),Geen hindernis
16782,41,Maasmechelen teller 1,Maasmechelen,50.97025,5.69799,1.7430945999891767,50.97525959454279,5.67440058564655,2019,10,8,73107,Maasmechelen,Normaal,Droog,Dag,met lichtgewonden,9,personenauto,3,Fiets,Op Kruispunt,Gemeenteweg,binnen bebouwde kom,Tussen 2 bestuurders: Frontale botsing,Geen hindernis
16782,42,Maasmechelen teller 2,Maasmechelen,50.97043,5.6981,1.7441250726775648,50.97525959454279,5.67440058564655,2019,10,8,73107,Maasmechelen,Normaal,Droog,Dag,met lichtgewonden,9,personenauto,3,Fiets,Op Kruispunt,Gemeenteweg,binnen bebouwde kom,Tussen 2 bestuurders: Frontale botsing,Geen hindernis
16784,15,Oostende 2,Oostende,51.21371,2.92743,1.96373293077394,51.21709716132242,2.899759871261045,2019,10,17,35013,Oostende,Normaal,Droog,Dag,met lichtgewonden,3,Fiets,9,personenauto,Buiten Kruispunt,Gemeenteweg,binnen bebouwde kom,Tss. 2 best.: langs opzij (voor-/achterkant-flank),Geen hindernis
16784,18,Oostende 1,Oostende,51.21378,2.92765,1.97730583670775,51.21709716132242,2.899759871261045,2019,10,17,35013,Oostende,Normaal,Droog,Dag,met lichtgewonden,3,Fiets,9,personenauto,Buiten Kruispunt,Gemeenteweg,binnen bebouwde kom,Tss. 2 best.: langs opzij (voor-/achterkant-flank),Geen hindernis
16790,99,Mechelen teller 1,Mechelen,51.04564,4.46882,2.2691090210266447,51.02604274042452,4.477868510699357,2019,10,19,12025,Mechelen,Normaal,Droog,"Nacht, openb. verlicht. aanw., maar niet ontstoken",met lichtgewonden,3,Fiets,3,Fiets,Op Kruispunt,Gemeenteweg,binnen bebouwde kom,Tussen 2 bestuurders: Flank tegen flank,Geen hindernis
16790,100,Mechelen teller 2,Mechelen,51.0457,4.46883,2.2753224429049794,51.02604274042452,4.477868510699357,2019,10,19,12025,Mechelen,Normaal,Droog,"Nacht, openb. verlicht. aanw., maar niet ontstoken",met lichtgewonden,3,Fiets,3,Fiets,Op Kruispunt,Gemeenteweg,binnen bebouwde kom,Tussen 2 bestuurders: Flank tegen flank,Geen hindernis
16792,99,Mechelen teller 1,Mechelen,51.04564,4.46882,2.109386569952826,51.02680919588738,4.472470025939589,2019,10,17,12025,Mechelen,Normaal,Droog,Dag,met lichtgewonden,9,personenauto,3,Fiets,Buiten Kruispunt,Gewestweg,binnen bebouwde kom,Tussen 2 bestuurders: Flank tegen flank,Geen hindernis
16792,100,Mechelen teller 2,Mechelen,51.0457,4.46883,2.1159251636268075,51.02680919588738,4.472470025939589,2019,10,17,12025,Mechelen,Normaal,Droog,Dag,met lichtgewonden,9,personenauto,3,Fiets,Buiten Kruispunt,Gewestweg,binnen bebouwde kom,Tussen 2 bestuurders: Flank tegen flank,Geen hindernis
16795,99,Mechelen teller 1,Mechelen,51.04564,4.46882,1.3547682716247647,51.03420492407212,4.475507593351936,2019,10,15,12025,Mechelen,Normaal,Droog,Dag,met lichtgewonden,9,personenauto,3,Fiets,Op Kruispunt,Gewestweg,binnen bebouwde kom,Tss. 2 best.: langs opzij (voor-/achterkant-flank),Geen hindernis
16795,100,Mechelen teller 2,Mechelen,51.0457,4.46883,1.3607918202481268,51.03420492407212,4.475507593351936,2019,10,15,12025,Mechelen,Normaal,Droog,Dag,met lichtgewonden,9,personenauto,3,Fiets,Op Kruispunt,Gewestweg,binnen bebouwde kom,Tss. 2 best.: langs opzij (voor-/achterkant-flank),Geen hindernis
16797,140,Hasselt ring,Hasselt,50.9300038,5.3438616,0.7286868258087295,50.93271806559473,5.3343975859053065,2019,10,15,71022,Hasselt,Normaal,Droog,Dag,met lichtgewonden,3,Fiets,9,personenauto,Op Kruispunt,Gewestweg,binnen bebouwde kom,Tss. 2 best.: langs opzij (voor-/achterkant-flank),Geen hindernis
16797,138,Hasselt-Kempische brug,Hasselt,50.9405318,5.3422472,1.0283213814584689,50.93271806559473,5.3343975859053065,2019,10,15,71022,Hasselt,Normaal,Droog,Dag,met lichtgewonden,3,Fiets,9,personenauto,Op Kruispunt,Gewestweg,binnen bebouwde kom,Tss. 2 best.: langs opzij (voor-/achterkant-flank),Geen hindernis
16797,137,Hasselt-Kempische brug,Hasselt,50.9411605,5.3417576,1.0710944165121181,50.93271806559473,5.3343975859053065,2019,10,15,71022,Hasselt,Normaal,Droog,Dag,met lichtgewonden,3,Fiets,9,personenauto,Op Kruispunt,Gewestweg,binnen bebouwde kom,Tss. 2 best.: langs opzij (voor-/achterkant-flank),Geen hindernis
16799,138,Hasselt-Kempische brug,Hasselt,50.9405318,5.3422472,0.5759321930887272,50.93862217677495,5.349887730203391,2019,10,20,71022,Hasselt,Normaal,Droog,"Nacht, openbare verlichting aanwezig en ontstoken",met lichtgewonden,3,Fiets,9,personenauto,Op Kruispunt,Gewestweg,buiten bebouwde kom,Tss. 2 best.: langs opzij (voor-/achterkant-flank),Geen hindernis
16799,137,Hasselt-Kempische brug,Hasselt,50.9411605,5.3417576,0.6357497162943667,50.93862217677495,5.349887730203391,2019,10,20,71022,Hasselt,Normaal,Droog,"Nacht, openbare verlichting aanwezig en ontstoken",met lichtgewonden,3,Fiets,9,personenauto,Op Kruispunt,Gewestweg,buiten bebouwde kom,Tss. 2 best.: langs opzij (voor-/achterkant-flank),Geen hindernis
16799,140,Hasselt ring,Hasselt,50.9300038,5.3438616,1.0472366018207608,50.93862217677495,5.349887730203391,2019,10,20,71022,Hasselt,Normaal,Droog,"Nacht, openbare verlichting aanwezig en ontstoken",met lichtgewonden,3,Fiets,9,personenauto,Op Kruispunt,Gewestweg,buiten bebouwde kom,Tss. 2 best.: langs opzij (voor-/achterkant-flank),Geen hindernis
16802,138,Hasselt-Kempische brug,Hasselt,50.9405318,5.3422472,1.2353596809379968,50.93820487612349,5.359486858652799,2019,10,8,71022,Hasselt,Normaal,Onbekend,Dag,met lichtgewonden,3,Fiets,9,personenauto,Buiten Kruispunt,Gemeenteweg,buiten bebouwde kom,Tss. 2 best.: langs opzij (voor-/achterkant-flank),Geen hindernis
16802,137,Hasselt-Kempische brug,Hasselt,50.9411605,5.3417576,1.2849952123317683,50.93820487612349,5.359486858652799,2019,10,8,71022,Hasselt,Normaal,Onbekend,Dag,met lichtgewonden,3,Fiets,9,personenauto,Buiten Kruispunt,Gemeenteweg,buiten bebouwde kom,Tss. 2 best.: langs opzij (voor-/achterkant-flank),Geen hindernis
16802,140,Hasselt ring,Hasselt,50.9300038,5.3438616,1.4249708693415533,50.93820487612349,5.359486858652799,2019,10,8,71022,Hasselt,Normaal,Onbekend,Dag,met lichtgewonden,3,Fiets,9,personenauto,Buiten Kruispunt,Gemeenteweg,buiten bebouwde kom,Tss. 2 best.: langs opzij (voor-/achterkant-flank),Geen hindernis
16803,140,Hasselt ring,Hasselt,50.9300038,5.3438616,0.4645142420884845,50.92942235850563,5.337298073809321,2019,10,7,71022,Hasselt,Normaal,Droog,Dageraad - schemering,met lichtgewonden,3,Fiets,11,een weggebruiker tegen een hindernis,Buiten Kruispunt,Gemeenteweg,binnen bebouwde kom,Weggebruiker tegen hindernis op de rijbaan,"Op de rijbaan: Werken (signal., aarde, toestel,…)"
16803,138,Hasselt-Kempische brug,Hasselt,50.9405318,5.3422472,1.283073496068953,50.92942235850563,5.337298073809321,2019,10,7,71022,Hasselt,Normaal,Droog,Dageraad - schemering,met lichtgewonden,3,Fiets,11,een weggebruiker tegen een hindernis,Buiten Kruispunt,Gemeenteweg,binnen bebouwde kom,Weggebruiker tegen hindernis op de rijbaan,"Op de rijbaan: Werken (signal., aarde, toestel,…)"
16803,137,Hasselt-Kempische brug,Hasselt,50.9411605,5.3417576,1.3421104130852666,50.92942235850563,5.337298073809321,2019,10,7,71022,Hasselt,Normaal,Droog,Dageraad - schemering,met lichtgewonden,3,Fiets,11,een weggebruiker tegen een hindernis,Buiten Kruispunt,Gemeenteweg,binnen bebouwde kom,Weggebruiker tegen hindernis op de rijbaan,"Op de rijbaan: Werken (signal., aarde, toestel,…)"
16805,137,Hasselt-Kempische brug,Hasselt,50.9411605,5.3417576,0.8050872555886243,50.94800913913138,5.345485958886816,2019,10,6,71022,Hasselt,Normaal,"Nat, plassen","Nacht, openbare verlichting aanwezig en ontstoken",met lichtgewonden,3,Fiets,6,Bromfiets,Op Kruispunt,Gewestweg,binnen bebouwde kom,Tussen 2 bestuurders: Frontale botsing,Geen hindernis