crash_row_id,site_id,site_name,site_gemeente,site_lat,site_long,distance_km,crash_lat,crash_long,DT_YEAR_COLLISION,DT_MONTH_COLLISION,DT_TIME,CD_NIS,TX_MUNTY_COLLISION_NL,TX_WEATHER_NL,TX_ROAD_CONDITION_NL,TX_LIGHT_CONDITION_NL,TX_CLASS_ACCIDENTS_NL,CD_ROAD_USR_TYPE1,TX_ROAD_USR_TYPE1_NL,CD_ROAD_USR_TYPE2,TX_ROAD_USR_TYPE2_NL,TX_CROSSWAY_NL,CD_ROAD_TYPE_NL,TX_BUILD_UP_AREA_NL,TX_COLLISION_TYPE_NL,TX_OBSTACLES_NL
16805,138,Hasselt-Kempische brug,Hasselt,50.9405318,5.3422472,0.8618497113488256,50.94800913913138,5.345485958886816,2019,10,6,71022,Hasselt,Normaal,"Nat, plassen","Nacht, openbare verlichting aanwezig en ontstoken",met lichtgewonden,3,Fiets,6,Bromfiets,Op Kruispunt,Gewestweg,binnen bebouwde kom,Tussen 2 bestuurders: Frontale botsing,Geen hindernis
16805,140,Hasselt ring,Hasselt,50.9300038,5.3438616,2.0053349594914445,50.94800913913138,5.345485958886816,2019,10,6,71022,Hasselt,Normaal,"Nat, plassen","Nacht, openbare verlichting aanwezig en ontstoken",met lichtgewonden,3,Fiets,6,Bromfiets,Op Kruispunt,Gewestweg,binnen bebouwde kom,Tussen 2 bestuurders: Frontale botsing,Geen hindernis
16806,138,Hasselt-Kempische brug,Hasselt,50.9405318,5.3422472,1.21870535128749,50.93496242989455,5.327267664480544,2019,10,12,71022,Hasselt,Onbekend,Onbekend,Dag,met lichtgewonden,3,Fiets,3,Fiets,Buiten Kruispunt,Gemeenteweg,binnen bebouwde kom,Tss. 2 best.: langs opzij (voor-/achterkant-flank),Geen hindernis
16806,137,Hasselt-Kempische brug,Hasselt,50.9411605,5.3417576,1.2271349632044866,50.93496242989455,5.327267664480544,2019,10,12,71022,Hasselt,Onbekend,Onbekend,Dag,met lichtgewonden,3,Fiets,3,Fiets,Buiten Kruispunt,Gemeenteweg,binnen bebouwde kom,Tss. 2 best.: langs opzij (voor-/achterkant-flank),Geen hindernis
16806,140,Hasselt ring,Hasselt,50.9300038,5.3438616,1.286980670898708,50.93496242989455,5.327267664480544,2019,10,12,71022,Hasselt,Onbekend,Onbekend,Dag,met lichtgewonden,3,Fiets,3,Fiets,Buiten Kruispunt,Gemeenteweg,binnen bebouwde kom,Tss. 2 best.: langs opzij (voor-/achterkant-flank),Geen hindernis
16807,140,Hasselt ring,Hasselt,50.9300038,5.3438616,0.5843550600815289,50.9298867971768,5.335525604905323,2019,10,10,71022,Hasselt,Normaal,Droog,Dag,met lichtgewonden,3,Fiets,8,Voetganger,Buiten Kruispunt,Gemeenteweg,binnen bebouwde kom,Met een voetganger,Geen hindernis
16807,138,Hasselt-Kempische brug,Hasselt,50.9405318,5.3422472,1.2739429647713088,50.9298867971768,5.335525604905323,2019,10,10,71022,Hasselt,Normaal,Droog,Dag,met lichtgewonden,3,Fiets,8,Voetganger,Buiten Kruispunt,Gemeenteweg,binnen bebouwde kom,Met een voetganger,Geen hindernis
16807,137,Hasselt-Kempische brug,Hasselt,50.9411605,5.3417576,1.3274672034003165,50.9298867971768,5.335525604905323,2019,10,10,71022,Hasselt,Normaal,Droog,Dag,met lichtgewonden,3,Fiets,8,Voetganger,Buiten Kruispunt,Gemeenteweg,binnen bebouwde kom,Met een voetganger,Geen hindernis
16808,137,Hasselt-Kempische brug,Hasselt,50.9411605,5.3417576,1.6776429470150704,50.93555364381823,5.319529949890222,2019,10,17,71022,Hasselt,Normaal,Droog,Dag,met lichtgewonden,3,Fiets,3,Fiets,Buiten Kruispunt,Gewestweg,binnen bebouwde kom,Tussen 2 bestuurders: Frontale botsing,Geen hindernis
16808,138,Hasselt-Kempische brug,Hasselt,50.9405318,5.3422472,1.6853127334186098,50.93555364381823,5.319529949890222,2019,10,17,71022,Hasselt,Normaal,Droog,Dag,met lichtgewonden,3,Fiets,3,Fiets,Buiten Kruispunt,Gewestweg,binnen bebouwde kom,Tussen 2 bestuurders: Frontale botsing,Geen hindernis
16808,140,Hasselt ring,Hasselt,50.9300038,5.3438616,1.8133640697470224,50.93555364381823,5.319529949890222,2019,10,17,71022,Hasselt,Normaal,Droog,Dag,met lichtgewonden,3,Fiets,3,Fiets,Buiten Kruispunt,Gewestweg,binnen bebouwde kom,Tussen 2 bestuurders: Frontale botsing,Geen hindernis
16810,140,Hasselt ring,Hasselt,50.9300038,5.3438616,1.200552847226135,50.932828128212904,5.327327087614263,2019,10,13,71022,Hasselt,Normaal,Droog,Dag,met lichtgewonden,9,personenauto,3,Fiets,Op Kruispunt,Gemeenteweg,binnen bebouwde kom,Tss. 2 best.: langs opzij (voor-/achterkant-flank),Geen hindernis
16810,138,Hasselt-Kempische brug,Hasselt,50.9405318,5.3422472,1.3516041583724658,50.932828128212904,5.327327087614263,2019,10,13,71022,Hasselt,Normaal,Droog,Dag,met lichtgewonden,9,personenauto,3,Fiets,Op Kruispunt,Gemeenteweg,binnen bebouwde kom,Tss. 2 best.: langs opzij (voor-/achterkant-flank),Geen hindernis
16810,137,Hasselt-Kempische brug,Hasselt,50.9411605,5.3417576,1.3714647648733687,50.932828128212904,5.327327087614263,2019,10,13,71022,Hasselt,Normaal,Droog,Dag,met lichtgewonden,9,personenauto,3,Fiets,Op Kruispunt,Gemeenteweg,binnen bebouwde kom,Tss. 2 best.: langs opzij (voor-/achterkant-flank),Geen hindernis
16844,2,Brasschaat 2,Brasschaat,51.27512,4.47169,2.482426118267053,51.254214904573594,4.459168996601815,2019,11,6,11002,Antwerpen,Normaal,"Nat, plassen","Nacht, openbare verlichting aanwezig en ontstoken",met lichtgewonden,9,personenauto,3,Fiets,Op Kruispunt,Gewestweg,binnen bebouwde kom,Tss. 2 best.: langs opzij (voor-/achterkant-flank),Geen hindernis
16844,3,Brasschaat 1,Brasschaat,51.27503,4.47222,2.4862876364557445,51.254214904573594,4.459168996601815,2019,11,6,11002,Antwerpen,Normaal,"Nat, plassen","Nacht, openbare verlichting aanwezig en ontstoken",met lichtgewonden,9,personenauto,3,Fiets,Op Kruispunt,Gewestweg,binnen bebouwde kom,Tss. 2 best.: langs opzij (voor-/achterkant-flank),Geen hindernis
16859,2,Brasschaat 2,Brasschaat,51.27512,4.47169,2.488827853653611,51.254223851623294,4.4588718582044855,2019,11,15,11002,Antwerpen,Normaal,Droog,Dag,met lichtgewonden,9,personenauto,3,Fiets,Op Kruispunt,Gewestweg,binnen bebouwde kom,Tss. 2 best.: langs opzij (voor-/achterkant-flank),Geen hindernis
16859,3,Brasschaat 1,Brasschaat,51.27503,4.47222,2.4929892883364886,51.254223851623294,4.4588718582044855,2019,11,15,11002,Antwerpen,Normaal,Droog,Dag,met lichtgewonden,9,personenauto,3,Fiets,Op Kruispunt,Gewestweg,binnen bebouwde kom,Tss. 2 best.: langs opzij (voor-/achterkant-flank),Geen hindernis
16933,3,Brasschaat 1,Brasschaat,51.27503,4.47222,2.1498869942138064,51.28974631961078,4.4922683497079605,2019,11,8,11008,Brasschaat,Normaal,Droog,Dag,met lichtgewonden,9,personenauto,3,Fiets,Op Kruispunt,Gewestweg,binnen bebouwde kom,Tss. 2 best.: langs opzij (voor-/achterkant-flank),Geen hindernis
16933,2,Brasschaat 2,Brasschaat,51.27512,4.47169,2.1664521114480544,51.28974631961078,4.4922683497079605,2019,11,8,11008,Brasschaat,Normaal,Droog,Dag,met lichtgewonden,9,personenauto,3,Fiets,Op Kruispunt,Gewestweg,binnen bebouwde kom,Tss. 2 best.: langs opzij (voor-/achterkant-flank),Geen hindernis
16935,3,Brasschaat 1,Brasschaat,51.27503,4.47222,2.1183348261336747,51.28991964898965,4.491219491179532,2019,11,8,11008,Brasschaat,Normaal,Droog,Dag,met lichtgewonden,3,Fiets,3,Fiets,Buiten Kruispunt,Gewestweg,binnen bebouwde kom,Tss. 2 best.: langs opzij (voor-/achterkant-flank),Geen hindernis
16935,2,Brasschaat 2,Brasschaat,51.27512,4.47169,2.1337945869178205,51.28991964898965,4.491219491179532,2019,11,8,11008,Brasschaat,Normaal,Droog,Dag,met lichtgewonden,3,Fiets,3,Fiets,Buiten Kruispunt,Gewestweg,binnen bebouwde kom,Tss. 2 best.: langs opzij (voor-/achterkant-flank),Geen hindernis
16937,2,Brasschaat 2,Brasschaat,51.27512,4.47169,1.1504190196181086,51.2768181354077,4.4553758308767195,2019,11,7,11008,Brasschaat,Regenval,"Nat, plassen",Dageraad - schemering,met lichtgewonden,9,personenauto,3,Fiets,Op Kruispunt,Gewestweg,binnen bebouwde kom,Tss. 2 best.: langs opzij (voor-/achterkant-flank),Geen hindernis
16937,3,Brasschaat 1,Brasschaat,51.27503,4.47222,1.1884357945393567,51.2768181354077,4.4553758308767195,2019,11,7,11008,Brasschaat,Regenval,"Nat, plassen",Dageraad - schemering,met lichtgewonden,9,personenauto,3,Fiets,Op Kruispunt,Gewestweg,binnen bebouwde kom,Tss. 2 best.: langs opzij (voor-/achterkant-flank),Geen hindernis
16938,2,Brasschaat 2,Brasschaat,51.27512,4.47169,1.1504190196181086,51.2768181354077,4.4553758308767195,2019,11,7,11008,Brasschaat,Normaal,"Nat, plassen","Nacht, openbare verlichting aanwezig en ontstoken",met lichtgewonden,3,Fiets,9,personenauto,Op Kruispunt,Gewestweg,binnen bebouwde kom,Tss. 2 best.: langs opzij (voor-/achterkant-flank),Geen hindernis
16938,3,Brasschaat 1,Brasschaat,51.27503,4.47222,1.1884357945393567,51.2768181354077,4.4553758308767195,2019,11,7,11008,Brasschaat,Normaal,"Nat, plassen","Nacht, openbare verlichting aanwezig en ontstoken",met lichtgewonden,3,Fiets,9,personenauto,Op Kruispunt,Gewestweg,binnen bebouwde kom,Tss. 2 best.: langs opzij (voor-/achterkant-flank),Geen hindernis
16940,3,Brasschaat 1,Brasschaat,51.27503,4.47222,1.9333795916178276,51.28985682819698,4.4867400656317455,2019,11,16,11008,Brasschaat,Normaal,Droog,Dag,met lichtgewonden,9,personenauto,3,Fiets,Buiten Kruispunt,Gemeenteweg,binnen bebouwde kom,Tussen 2 bestuurders: Frontale botsing,Geen hindernis
16940,2,Brasschaat 2,Brasschaat,51.27512,4.47169,1.9444450982818549,51.28985682819698,4.4867400656317455,2019,11,16,11008,Brasschaat,Normaal,Droog,Dag,met lichtgewonden,9,personenauto,3,Fiets,Buiten Kruispunt,Gemeenteweg,binnen bebouwde kom,Tussen 2 bestuurders: Frontale botsing,Geen hindernis
16947,104,Malle teller 2,Malle,51.31682,4.73852,2.1004608451714426,51.30022641170708,4.724080224037669,2019,11,16,11057,Malle,Normaal,"Nat, plassen",Dag,met lichtgewonden,6,Bromfiets,3,Fiets,Op Kruispunt,Gewestweg,buiten bebouwde kom,Tussen 2 bestuurders: Frontale botsing,Geen hindernis
16947,103,Malle teller 1,Malle,51.31681,4.73872,2.106165941129605,51.30022641170708,4.724080224037669,2019,11,16,11057,Malle,Normaal,"Nat, plassen",Dag,met lichtgewonden,6,Bromfiets,3,Fiets,Op Kruispunt,Gewestweg,buiten bebouwde kom,Tussen 2 bestuurders: Frontale botsing,Geen hindernis
16956,96,Lier teller 2,Lier,51.11705,4.58444,1.4299664966308399,51.12918142296819,4.577641459997329,2019,11,18,12021,Lier,Normaal,Onbekend,"Nacht, openbare verlichting aanwezig en ontstoken",met lichtgewonden,9,personenauto,3,Fiets,Op Kruispunt,Gewestweg,binnen bebouwde kom,Tss. 2 best.: langs opzij (voor-/achterkant-flank),Geen hindernis
16956,95,Lier teller 1,Lier,51.11687,4.58437,1.4472706311510501,51.12918142296819,4.577641459997329,2019,11,18,12021,Lier,Normaal,Onbekend,"Nacht, openbare verlichting aanwezig en ontstoken",met lichtgewonden,9,personenauto,3,Fiets,Op Kruispunt,Gewestweg,binnen bebouwde kom,Tss. 2 best.: langs opzij (voor-/achterkant-flank),Geen hindernis
16959,95,Lier teller 1,Lier,51.11687,4.58437,1.8210166867258213,51.113048248534525,4.55900261612518,2019,11,16,12021,Lier,Normaal,Droog,Dag,met lichtgewonden,6,Bromfiets,3,Fiets,Buiten Kruispunt,Gewestweg,buiten bebouwde kom,Tussen 2 bestuurders: Frontale botsing,Geen hindernis
16959,96,Lier teller 2,Lier,51.11705,4.58444,1.8305271737782474,51.113048248534525,4.55900261612518,2019,11,16,12021,Lier,Normaal,Droog,Dag,met lichtgewonden,6,Bromfiets,3,Fiets,Buiten Kruispunt,Gewestweg,buiten bebouwde kom,Tussen 2 bestuurders: Frontale botsing,Geen hindernis
16960,92,Nijlen teller 1,Nijlen,51.14989,4.64479,2.3776736610444127,51.161098546635586,4.673823131593156,2019,11,16,12026,Nijlen,Normaal,Droog,Dag,met lichtgewonden,9,personenauto,3,Fiets,Buiten Kruispunt,Gemeenteweg,binnen bebouwde kom,Tss. 2 best.: langs opzij (voor-/achterkant-flank),Geen hindernis
16960,93,Nijlen teller 2,Nijlen,51.14998,4.64469,2.378396685596703,51.161098546635586,4.673823131593156,2019,11,16,12026,Nijlen,Normaal,Droog,Dag,met lichtgewonden,9,personenauto,3,Fiets,Buiten Kruispunt,Gemeenteweg,binnen bebouwde kom,Tss. 2 best.: langs opzij (voor-/achterkant-flank),Geen hindernis
16977,88,Westerlo teller 1,Westerlo,51.082,4.91325,1.0171596202727207,51.09114175791101,4.913767534233891,2019,11,9,13049,Westerlo,Normaal,Droog,Dag,met lichtgewonden,9,personenauto,3,Fiets,Op Kruispunt,Gemeenteweg,buiten bebouwde kom,Tss. 2 best.: langs opzij (voor-/achterkant-flank),Geen hindernis
16977,89,Westerlo teller 2,Westerlo,51.08191,4.91334,1.026958895671109,51.09114175791101,4.913767534233891,2019,11,9,13049,Westerlo,Normaal,Droog,Dag,met lichtgewonden,9,personenauto,3,Fiets,Op Kruispunt,Gemeenteweg,buiten bebouwde kom,Tss. 2 best.: langs opzij (voor-/achterkant-flank),Geen hindernis
16978,88,Westerlo teller 1,Westerlo,51.082,4.91325,1.259834076497504,51.092267837393564,4.920874952490872,2019,11,12,13049,Westerlo,Normaal,Droog,Dag,met lichtgewonden,9,personenauto,3,Fiets,Buiten Kruispunt,Gemeenteweg,binnen bebouwde kom,Tss. 2 best.: langs opzij (voor-/achterkant-flank),Geen hindernis
16978,89,Westerlo teller 2,Westerlo,51.08191,4.91334,1.2662852600470804,51.092267837393564,4.920874952490872,2019,11,12,13049,Westerlo,Normaal,Droog,Dag,met lichtgewonden,9,personenauto,3,Fiets,Buiten Kruispunt,Gemeenteweg,binnen bebouwde kom,Tss. 2 best.: langs opzij (voor-/achterkant-flank),Geen hindernis
16987,135,Retie 2,Dessel,51.2544998,5.1040064,1.642908668471435,51.239923094726514,5.107860834289647,2019,11,21,13006,Dessel,Normaal,Droog,"Nacht, openbare verlichting aanwezig en ontstoken",met lichtgewonden,9,personenauto,3,Fiets,Op Kruispunt,Gemeenteweg,binnen bebouwde kom,Tss. 2 best.: langs opzij (voor-/achterkant-flank),Geen hindernis
16987,134,Retie,Dessel,51.2548405,5.1037658,1.6830505012431842,51.239923094726514,5.107860834289647,2019,11,21,13006,Dessel,Normaal,Droog,"Nacht, openbare verlichting aanwezig en ontstoken",met lichtgewonden,9,personenauto,3,Fiets,Op Kruispunt,Gemeenteweg,binnen bebouwde kom,Tss. 2 best.: langs opzij (voor-/achterkant-flank),Geen hindernis
16989,110,Herentals totem,Herentals,51.1739426,4.811783,0.8218927977018733,51.17145460192201,4.800681858369868,2019,11,11,13011,Herentals,Normaal,"Vuil (zand, grint, bladeren,...)",Dag,met lichtgewonden,6,Bromfiets,3,Fiets,Op Kruispunt,Gewestweg,buiten bebouwde kom,Tussen 2 bestuurders: Flank tegen flank,Geen hindernis
16989,94,Herentals teller 2,Herentals,51.17345,4.81283,0.8755113026077855,51.17145460192201,4.800681858369868,2019,11,11,13011,Herentals,Normaal,"Vuil (zand, grint, bladeren,...)",Dag,met lichtgewonden,6,Bromfiets,3,Fiets,Op Kruispunt,Gewestweg,buiten bebouwde kom,Tussen 2 bestuurders: Flank tegen flank,Geen hindernis
16990,94,Herentals teller 2,Herentals,51.17345,4.81283,1.449060211518449,51.1708603052757,4.83320027314629,2019,11,19,13011,Herentals,Normaal,Droog,"Nacht, openbare verlichting aanwezig en ontstoken",met lichtgewonden,9,personenauto,3,Fiets,Buiten Kruispunt,Gemeenteweg,binnen bebouwde kom,Tussen 2 bestuurders: Langs achteren,Geen hindernis
16990,110,Herentals totem,Herentals,51.1739426,4.811783,1.5319765682170916,51.1708603052757,4.83320027314629,2019,11,19,13011,Herentals,Normaal,Droog,"Nacht, openbare verlichting aanwezig en ontstoken",met lichtgewonden,9,personenauto,3,Fiets,Buiten Kruispunt,Gemeenteweg,binnen bebouwde kom,Tussen 2 bestuurders: Langs achteren,Geen hindernis
16991,37,Lommel teller 1,Lommel,51.23299,5.29211,0.7463835273203202,51.23191028085411,5.302690292084572,2019,11,12,72020,Lommel,Normaal,"Nat, plassen",Dag,met lichtgewonden,3,Fiets,9,personenauto,Op Kruispunt,Gewestweg,binnen bebouwde kom,Tss. 2 best.: langs opzij (voor-/achterkant-flank),Geen hindernis
16991,38,Lommel teller 2,Lommel,51.23277,5.29189,0.7580357523492315,51.23191028085411,5.302690292084572,2019,11,12,72020,Lommel,Normaal,"Nat, plassen",Dag,met lichtgewonden,3,Fiets,9,personenauto,Op Kruispunt,Gewestweg,binnen bebouwde kom,Tss. 2 best.: langs opzij (voor-/achterkant-flank),Geen hindernis
16992,37,Lommel teller 1,Lommel,51.23299,5.29211,1.7191869639908446,51.22617751292251,5.314274173191824,2019,11,11,72020,Lommel,Normaal,Droog,Dag,met lichtgewonden,3,Fiets,9,personenauto,Buiten Kruispunt,Gewestweg,binnen bebouwde kom,Tss. 2 best.: langs opzij (voor-/achterkant-flank),Geen hindernis
16992,38,Lommel teller 2,Lommel,51.23277,5.29189,1.7224021761593784,51.22617751292251,5.314274173191824,2019,11,11,72020,Lommel,Normaal,Droog,Dag,met lichtgewonden,3,Fiets,9,personenauto,Buiten Kruispunt,Gewestweg,binnen bebouwde kom,Tss. 2 best.: langs opzij (voor-/achterkant-flank),Geen hindernis
16994,38,Lommel teller 2,Lommel,51.23277,5.29189,2.001934748372738,51.22228683198364,5.315263194029473,2019,11,6,72020,Lommel,Regenval,"Nat, plassen",Dageraad - schemering,met lichtgewonden,9,personenauto,3,Fiets,Op Kruispunt,Gemeenteweg,binnen bebouwde kom,Tss. 2 best.: langs opzij (voor-/achterkant-flank),Geen hindernis
16994,37,Lommel teller 1,Lommel,51.23299,5.29211,2.0039283023943995,51.22228683198364,5.315263194029473,2019,11,6,72020,Lommel,Regenval,"Nat, plassen",Dageraad - schemering,met lichtgewonden,9,personenauto,3,Fiets,Op Kruispunt,Gemeenteweg,binnen bebouwde kom,Tss. 2 best.: langs opzij (voor-/achterkant-flank),Geen hindernis
17022,139,Houthalen-Helchteren,Houthalen-Helchteren,51.0644267,5.3819796,1.0886951316484454,51.06002909718326,5.395898507362103,2019,11,12,72039,Houthalen-Helchteren,Regenval,"Nat, plassen",Dag,met lichtgewonden,9,personenauto,3,Fiets,Buiten Kruispunt,Gewestweg,buiten bebouwde kom,Tss. 2 best.: langs opzij (voor-/achterkant-flank),Geen hindernis
17024,48,As,As,51.00509,5.60389,1.0984417056553006,51.00701353109745,5.588491318079845,2019,11,18,71002,As,Normaal,Droog,"Nacht, openbare verlichting aanwezig en ontstoken",met lichtgewonden,3,Fiets,9,personenauto,Op Kruispunt,Gewestweg,buiten bebouwde kom,Tss. 2 best.: langs opzij (voor-/achterkant-flank),Geen hindernis
17025,14,Genk,Genk,50.97172,5.48927,1.0827867797789175,50.9662106511051,5.502020247237676,2019,11,8,71016,Genk,Regenval,"Nat, plassen",Dag,met lichtgewonden,9,personenauto,3,Fiets,Op Kruispunt,Gewestweg,binnen bebouwde kom,Tussen 2 bestuurders: Flank tegen flank,Geen hindernis
17026,14,Genk,Genk,50.97172,5.48927,1.3502272340745352,50.96852479443779,5.507873281086955,2019,11,17,71016,Genk,Normaal,Droog,"Nacht, openbare verlichting aanwezig en ontstoken",met lichtgewonden,9,personenauto,3,Fiets,Op Kruispunt,Gewestweg,binnen bebouwde kom,Tss. 2 best.: langs opzij (voor-/achterkant-flank),Geen hindernis
17027,14,Genk,Genk,50.97172,5.48927,0.5565380190989395,50.96866873352731,5.482969744911954,2019,11,15,71016,Genk,Normaal,Droog,Dag,met lichtgewonden,9,personenauto,3,Fiets,Op Kruispunt,Gemeenteweg,buiten bebouwde kom,Tss. 2 best.: langs opzij (voor-/achterkant-flank),Geen hindernis
17029,151,Leuven,District Leuven,50.8690262,4.6854839,0.7312930331605695,50.87446985798112,4.691331897562859,2019,11,2,24062,Leuven,Regenval,"Nat, plassen","Nacht, openbare verlichting aanwezig en ontstoken",met lichtgewonden,3,Fiets,10,"één bestuurder, geen hindernis",Buiten Kruispunt,Gemeenteweg,binnen bebouwde kom,"Eén bestuurder, geen hindernis (incl. val)",Geen hindernis
17029,69,Leuven teller 1,Leuven,50.87549,4.71526,1.6827579394309595,50.87446985798112,4.691331897562859,2019,11,2,24062,Leuven,Regenval,"Nat, plassen","Nacht, openbare verlichting aanwezig en ontstoken",met lichtgewonden,3,Fiets,10,"één bestuurder, geen hindernis",Buiten Kruispunt,Gemeenteweg,binnen bebouwde kom,"Eén bestuurder, geen hindernis (incl. val)",Geen hindernis
17029,77,Leuven teller 2,Leuven,50.88672,4.70796,1.7934249086854135,50.87446985798112,4.691331897562859,2019,11,2,24062,Leuven,Regenval,"Nat, plassen","Nacht, openbare verlichting aanwezig en ontstoken",met lichtgewonden,3,Fiets,10,"één bestuurder, geen hindernis",Buiten Kruispunt,Gemeenteweg,binnen bebouwde kom,"Eén bestuurder, geen hindernis (incl. val)",Geen hindernis
17029,107,leuven totem,Leuven,50.8870744,4.7087919,1.8614109961303578,50.87446985798112,4.691331897562859,2019,11,2,24062,Leuven,Regenval,"Nat, plassen","Nacht, openbare verlichting aanwezig en ontstoken",met lichtgewonden,3,Fiets,10,"één bestuurder, geen hindernis",Buiten Kruispunt,Gemeenteweg,binnen bebouwde kom,"Eén bestuurder, geen hindernis (incl. val)",Geen hindernis
17030,107,leuven totem,Leuven,50.8870744,4.7087919,2.2144013948612042,50.88772160997438,4.7403432698443435,2019,11,16,24062,Leuven,Regenval,"Nat, plassen+Vuil (zand, grint, bladeren,...)","Nacht, openbare verlichting aanwezig en ontstoken",met lichtgewonden,5,Lichte vrachtauto,3,Fiets,Buiten Kruispunt,Gewestweg,binnen bebouwde kom,Tussen 2 bestuurders: Flank tegen flank,Geen hindernis
17030,69,Leuven teller 1,Leuven,50.87549,4.71526,2.2240758456339975,50.88772160997438,4.7403432698443435,2019,11,16,24062,Leuven,Regenval,"Nat, plassen+Vuil (zand, grint, bladeren,...)","Nacht, openbare verlichting aanwezig en ontstoken",met lichtgewonden,5,Lichte vrachtauto,3,Fiets,Buiten Kruispunt,Gewestweg,binnen bebouwde kom,Tussen 2 bestuurders: Flank tegen flank,Geen hindernis
17030,77,Leuven teller 2,Leuven,50.88672,4.70796,2.2743241605641806,50.88772160997438,4.7403432698443435,2019,11,16,24062,Leuven,Regenval,"Nat, plassen+Vuil (zand, grint, bladeren,...)","Nacht, openbare verlichting aanwezig en ontstoken",met lichtgewonden,5,Lichte vrachtauto,3,Fiets,Buiten Kruispunt,Gewestweg,binnen bebouwde kom,Tussen 2 bestuurders: Flank tegen flank,Geen hindernis
17031,151,Leuven,District Leuven,50.8690262,4.6854839,0.8510905362291011,50.86520038332208,4.695987888085433,2019,11,19,24062,Leuven,Regenval,"Nat, plassen","Nacht, openbare verlichting aanwezig en ontstoken",met lichtgewonden,9,personenauto,3,Fiets,Buiten Kruispunt,Gewestweg,binnen bebouwde kom,Tss. 2 best.: langs opzij (voor-/achterkant-flank),Geen hindernis
17031,69,Leuven teller 1,Leuven,50.87549,4.71526,1.7714408264903416,50.86520038332208,4.695987888085433,2019,11,19,24062,Leuven,Regenval,"Nat, plassen","Nacht, openbare verlichting aanwezig en ontstoken",met lichtgewonden,9,personenauto,3,Fiets,Buiten Kruispunt,Gewestweg,binnen bebouwde kom,Tss. 2 best.: langs opzij (voor-/achterkant-flank),Geen hindernis
17031,108,Heverlee teller 1,Leuven,50.8471728,4.6954674,2.004908719011326,50.86520038332208,4.695987888085433,2019,11,19,24062,Leuven,Regenval,"Nat, plassen","Nacht, openbare verlichting aanwezig en ontstoken",met lichtgewonden,9,personenauto,3,Fiets,Buiten Kruispunt,Gewestweg,binnen bebouwde kom,Tss. 2 best.: langs opzij (voor-/achterkant-flank),Geen hindernis
17031,76,Heverlee teller 2,Leuven,50.84606,4.69597,2.1283138898477754,50.86520038332208,4.695987888085433,2019,11,19,24062,Leuven,Regenval,"Nat, plassen","Nacht, openbare verlichting aanwezig en ontstoken",met lichtgewonden,9,personenauto,3,Fiets,Buiten Kruispunt,Gewestweg,binnen bebouwde kom,Tss. 2 best.: langs opzij (voor-/achterkant-flank),Geen hindernis
17032,69,Leuven teller 1,Leuven,50.87549,4.71526,0.8800763005984791,50.86905564008467,4.707956509643332,2019,11,9,24062,Leuven,Normaal,Droog,Dag,met lichtgewonden,9,personenauto,3,Fiets,Op Kruispunt,Gewestweg,binnen bebouwde kom,Tss. 2 best.: langs opzij (voor-/achterkant-flank),Geen hindernis
17032,151,Leuven,District Leuven,50.8690262,4.6854839,1.577009041997403,50.86905564008467,4.707956509643332,2019,11,9,24062,Leuven,Normaal,Droog,Dag,met lichtgewonden,9,personenauto,3,Fiets,Op Kruispunt,Gewestweg,binnen bebouwde kom,Tss. 2 best.: langs opzij (voor-/achterkant-flank),Geen hindernis
17032,77,Leuven teller 2,Leuven,50.88672,4.70796,1.9641872202735875,50.86905564008467,4.707956509643332,2019,11,9,24062,Leuven,Normaal,Droog,Dag,met lichtgewonden,9,personenauto,3,Fiets,Op Kruispunt,Gewestweg,binnen bebouwde kom,Tss. 2 best.: langs opzij (voor-/achterkant-flank),Geen hindernis
17032,107,leuven totem,Leuven,50.8870744,4.7087919,2.0044517987654675,50.86905564008467,4.707956509643332,2019,11,9,24062,Leuven,Normaal,Droog,Dag,met lichtgewonden,9,personenauto,3,Fiets,Op Kruispunt,Gewestweg,binnen bebouwde kom,Tss. 2 best.: langs opzij (voor-/achterkant-flank),Geen hindernis
17034,77,Leuven teller 2,Leuven,50.88672,4.70796,0.4779996243289913,50.88245762543811,4.707075407978598,2019,11,9,24062,Leuven,Normaal,Proper,Dag,met lichtgewonden,9,personenauto,3,Fiets,Op Kruispunt,Gemeenteweg,binnen bebouwde kom,Tss. 2 best.: langs opzij (voor-/achterkant-flank),Geen hindernis
17034,107,leuven totem,Leuven,50.8870744,4.7087919,0.5272948388932921,50.88245762543811,4.707075407978598,2019,11,9,24062,Leuven,Normaal,Proper,Dag,met lichtgewonden,9,personenauto,3,Fiets,Op Kruispunt,Gemeenteweg,binnen bebouwde kom,Tss. 2 best.: langs opzij (voor-/achterkant-flank),Geen hindernis
17034,69,Leuven teller 1,Leuven,50.87549,4.71526,0.9643639123529976,50.88245762543811,4.707075407978598,2019,11,9,24062,Leuven,Normaal,Proper,Dag,met lichtgewonden,9,personenauto,3,Fiets,Op Kruispunt,Gemeenteweg,binnen bebouwde kom,Tss. 2 best.: langs opzij (voor-/achterkant-flank),Geen hindernis
17034,151,Leuven,District Leuven,50.8690262,4.6854839,2.1273588324569968,50.88245762543811,4.707075407978598,2019,11,9,24062,Leuven,Normaal,Proper,Dag,met lichtgewonden,9,personenauto,3,Fiets,Op Kruispunt,Gemeenteweg,binnen bebouwde kom,Tss. 2 best.: langs opzij (voor-/achterkant-flank),Geen hindernis