crash_row_id,site_id,site_name,site_gemeente,site_lat,site_long,distance_km,crash_lat,crash_long,DT_YEAR_COLLISION,DT_MONTH_COLLISION,DT_TIME,CD_NIS,TX_MUNTY_COLLISION_NL,TX_WEATHER_NL,TX_ROAD_CONDITION_NL,TX_LIGHT_CONDITION_NL,TX_CLASS_ACCIDENTS_NL,CD_ROAD_USR_TYPE1,TX_ROAD_USR_TYPE1_NL,CD_ROAD_USR_TYPE2,TX_ROAD_USR_TYPE2_NL,TX_CROSSWAY_NL,CD_ROAD_TYPE_NL,TX_BUILD_UP_AREA_NL,TX_COLLISION_TYPE_NL,TX_OBSTACLES_NL
17035,77,Leuven teller 2,Leuven,50.88672,4.70796,0.9770423283777939,50.879135579637584,4.700927871137181,2019,11,9,24062,Leuven,Normaal,"Nat, plassen",Dag,met lichtgewonden,3,Fiets,10,"één bestuurder, geen hindernis",Op Kruispunt,Gemeenteweg,binnen bebouwde kom,"Eén bestuurder, geen hindernis (incl. val)",Geen hindernis
17035,107,leuven totem,Leuven,50.8870744,4.7087919,1.0409702702214232,50.879135579637584,4.700927871137181,2019,11,9,24062,Leuven,Normaal,"Nat, plassen",Dag,met lichtgewonden,3,Fiets,10,"één bestuurder, geen hindernis",Op Kruispunt,Gemeenteweg,binnen bebouwde kom,"Eén bestuurder, geen hindernis (incl. val)",Geen hindernis
17035,69,Leuven teller 1,Leuven,50.87549,4.71526,1.0842051270282274,50.879135579637584,4.700927871137181,2019,11,9,24062,Leuven,Normaal,"Nat, plassen",Dag,met lichtgewonden,3,Fiets,10,"één bestuurder, geen hindernis",Op Kruispunt,Gemeenteweg,binnen bebouwde kom,"Eén bestuurder, geen hindernis (incl. val)",Geen hindernis
17035,151,Leuven,District Leuven,50.8690262,4.6854839,1.5613901576341156,50.879135579637584,4.700927871137181,2019,11,9,24062,Leuven,Normaal,"Nat, plassen",Dag,met lichtgewonden,3,Fiets,10,"één bestuurder, geen hindernis",Op Kruispunt,Gemeenteweg,binnen bebouwde kom,"Eén bestuurder, geen hindernis (incl. val)",Geen hindernis
17037,151,Leuven,District Leuven,50.8690262,4.6854839,0.8859858931163326,50.86106494826316,4.6859980521643365,2019,11,20,24062,Leuven,Normaal,Droog,"Nacht, openbare verlichting aanwezig en ontstoken",met lichtgewonden,9,personenauto,3,Fiets,Op Kruispunt,Gemeenteweg,buiten bebouwde kom,Tss. 2 best.: langs opzij (voor-/achterkant-flank),Geen hindernis
17037,108,Heverlee teller 1,Leuven,50.8471728,4.6954674,1.6816846734098139,50.86106494826316,4.6859980521643365,2019,11,20,24062,Leuven,Normaal,Droog,"Nacht, openbare verlichting aanwezig en ontstoken",met lichtgewonden,9,personenauto,3,Fiets,Op Kruispunt,Gemeenteweg,buiten bebouwde kom,Tss. 2 best.: langs opzij (voor-/achterkant-flank),Geen hindernis
17037,76,Heverlee teller 2,Leuven,50.84606,4.69597,1.809369812827207,50.86106494826316,4.6859980521643365,2019,11,20,24062,Leuven,Normaal,Droog,"Nacht, openbare verlichting aanwezig en ontstoken",met lichtgewonden,9,personenauto,3,Fiets,Op Kruispunt,Gemeenteweg,buiten bebouwde kom,Tss. 2 best.: langs opzij (voor-/achterkant-flank),Geen hindernis
17038,69,Leuven teller 1,Leuven,50.87549,4.71526,0.7779984070016795,50.8763440556511,4.726265333497353,2019,11,17,24062,Leuven,Onbekend,Droog,Onbekend,met lichtgewonden,3,Fiets,10,"één bestuurder, geen hindernis",Buiten Kruispunt,Gemeenteweg,buiten bebouwde kom,"Eén bestuurder, geen hindernis (incl. val)",Geen hindernis
17038,107,leuven totem,Leuven,50.8870744,4.7087919,1.7106597177347096,50.8763440556511,4.726265333497353,2019,11,17,24062,Leuven,Onbekend,Droog,Onbekend,met lichtgewonden,3,Fiets,10,"één bestuurder, geen hindernis",Buiten Kruispunt,Gemeenteweg,buiten bebouwde kom,"Eén bestuurder, geen hindernis (incl. val)",Geen hindernis
17038,77,Leuven teller 2,Leuven,50.88672,4.70796,1.7263769349681195,50.8763440556511,4.726265333497353,2019,11,17,24062,Leuven,Onbekend,Droog,Onbekend,met lichtgewonden,3,Fiets,10,"één bestuurder, geen hindernis",Buiten Kruispunt,Gemeenteweg,buiten bebouwde kom,"Eén bestuurder, geen hindernis (incl. val)",Geen hindernis
17039,69,Leuven teller 1,Leuven,50.87549,4.71526,0.5901271957727778,50.87200931124617,4.721608836420379,2019,11,14,24062,Leuven,Normaal,"Nat, plassen",Dag,met zwaargewonden,3,Fiets,9,personenauto,Buiten Kruispunt,Gewestweg,binnen bebouwde kom,Tussen 2 bestuurders: Frontale botsing,Geen hindernis
17039,77,Leuven teller 2,Leuven,50.88672,4.70796,1.895433395278881,50.87200931124617,4.721608836420379,2019,11,14,24062,Leuven,Normaal,"Nat, plassen",Dag,met zwaargewonden,3,Fiets,9,personenauto,Buiten Kruispunt,Gewestweg,binnen bebouwde kom,Tussen 2 bestuurders: Frontale botsing,Geen hindernis
17039,107,leuven totem,Leuven,50.8870744,4.7087919,1.9012530147255773,50.87200931124617,4.721608836420379,2019,11,14,24062,Leuven,Normaal,"Nat, plassen",Dag,met zwaargewonden,3,Fiets,9,personenauto,Buiten Kruispunt,Gewestweg,binnen bebouwde kom,Tussen 2 bestuurders: Frontale botsing,Geen hindernis
17040,151,Leuven,District Leuven,50.8690262,4.6854839,0.8736196545544438,50.86884192438051,4.6979296814048555,2019,11,16,24062,Leuven,Normaal,Droog,Dag,met zwaargewonden,9,personenauto,3,Fiets,Buiten Kruispunt,Gewestweg,binnen bebouwde kom,Tss. 2 best.: langs opzij (voor-/achterkant-flank),Geen hindernis
17040,69,Leuven teller 1,Leuven,50.87549,4.71526,1.4231236897345607,50.86884192438051,4.6979296814048555,2019,11,16,24062,Leuven,Normaal,Droog,Dag,met zwaargewonden,9,personenauto,3,Fiets,Buiten Kruispunt,Gewestweg,binnen bebouwde kom,Tss. 2 best.: langs opzij (voor-/achterkant-flank),Geen hindernis
17040,77,Leuven teller 2,Leuven,50.88672,4.70796,2.10883905699218,50.86884192438051,4.6979296814048555,2019,11,16,24062,Leuven,Normaal,Droog,Dag,met zwaargewonden,9,personenauto,3,Fiets,Buiten Kruispunt,Gewestweg,binnen bebouwde kom,Tss. 2 best.: langs opzij (voor-/achterkant-flank),Geen hindernis
17040,107,leuven totem,Leuven,50.8870744,4.7087919,2.1658690330504053,50.86884192438051,4.6979296814048555,2019,11,16,24062,Leuven,Normaal,Droog,Dag,met zwaargewonden,9,personenauto,3,Fiets,Buiten Kruispunt,Gewestweg,binnen bebouwde kom,Tss. 2 best.: langs opzij (voor-/achterkant-flank),Geen hindernis
17040,108,Heverlee teller 1,Leuven,50.8471728,4.6954674,2.415687207054073,50.86884192438051,4.6979296814048555,2019,11,16,24062,Leuven,Normaal,Droog,Dag,met zwaargewonden,9,personenauto,3,Fiets,Buiten Kruispunt,Gewestweg,binnen bebouwde kom,Tss. 2 best.: langs opzij (voor-/achterkant-flank),Geen hindernis
17041,69,Leuven teller 1,Leuven,50.87549,4.71526,0.7611164512111953,50.87464277492781,4.726024032970021,2019,11,13,24062,Leuven,Regenval,"Nat, plassen",Dag,met lichtgewonden,3,Fiets,11,een weggebruiker tegen een hindernis,Buiten Kruispunt,Gemeenteweg,binnen bebouwde kom,Weggebruiker tegen hindernis op de rijbaan,"Op de rijbaan: Werken (signal., aarde, toestel,…)"
17041,107,leuven totem,Leuven,50.8870744,4.7087919,1.836411844326109,50.87464277492781,4.726024032970021,2019,11,13,24062,Leuven,Regenval,"Nat, plassen",Dag,met lichtgewonden,3,Fiets,11,een weggebruiker tegen een hindernis,Buiten Kruispunt,Gemeenteweg,binnen bebouwde kom,Weggebruiker tegen hindernis op de rijbaan,"Op de rijbaan: Werken (signal., aarde, toestel,…)"
17041,77,Leuven teller 2,Leuven,50.88672,4.70796,1.8464962376119842,50.87464277492781,4.726024032970021,2019,11,13,24062,Leuven,Regenval,"Nat, plassen",Dag,met lichtgewonden,3,Fiets,11,een weggebruiker tegen een hindernis,Buiten Kruispunt,Gemeenteweg,binnen bebouwde kom,Weggebruiker tegen hindernis op de rijbaan,"Op de rijbaan: Werken (signal., aarde, toestel,…)"
17042,107,leuven totem,Leuven,50.8870744,4.7087919,1.1269780863521033,50.88835678252712,4.724728851749271,2019,11,17,24062,Leuven,Normaal,Onbekend,"Nacht, openbare verlichting aanwezig en ontstoken",met lichtgewonden,3,Fiets,5,Lichte vrachtauto,Op Kruispunt,Gemeenteweg,binnen bebouwde kom,Tss. 2 best.: langs opzij (voor-/achterkant-flank),Geen hindernis
17042,77,Leuven teller 2,Leuven,50.88672,4.70796,1.1902768915904995,50.88835678252712,4.724728851749271,2019,11,17,24062,Leuven,Normaal,Onbekend,"Nacht, openbare verlichting aanwezig en ontstoken",met lichtgewonden,3,Fiets,5,Lichte vrachtauto,Op Kruispunt,Gemeenteweg,binnen bebouwde kom,Tss. 2 best.: langs opzij (voor-/achterkant-flank),Geen hindernis
17042,69,Leuven teller 1,Leuven,50.87549,4.71526,1.5774162936422216,50.88835678252712,4.724728851749271,2019,11,17,24062,Leuven,Normaal,Onbekend,"Nacht, openbare verlichting aanwezig en ontstoken",met lichtgewonden,3,Fiets,5,Lichte vrachtauto,Op Kruispunt,Gemeenteweg,binnen bebouwde kom,Tss. 2 best.: langs opzij (voor-/achterkant-flank),Geen hindernis
17043,77,Leuven teller 2,Leuven,50.88672,4.70796,0.7402618045565686,50.885231723209685,4.697674377555155,2019,11,10,24062,Leuven,Regenval,"Nat, plassen",Dag,met lichtgewonden,3,Fiets,10,"één bestuurder, geen hindernis",Buiten Kruispunt,Gemeenteweg,binnen bebouwde kom,"Eén bestuurder, geen hindernis (incl. val)",Geen hindernis
17043,107,leuven totem,Leuven,50.8870744,4.7087919,0.8063477527723687,50.885231723209685,4.697674377555155,2019,11,10,24062,Leuven,Regenval,"Nat, plassen",Dag,met lichtgewonden,3,Fiets,10,"één bestuurder, geen hindernis",Buiten Kruispunt,Gemeenteweg,binnen bebouwde kom,"Eén bestuurder, geen hindernis (incl. val)",Geen hindernis
17043,69,Leuven teller 1,Leuven,50.87549,4.71526,1.641816245462478,50.885231723209685,4.697674377555155,2019,11,10,24062,Leuven,Regenval,"Nat, plassen",Dag,met lichtgewonden,3,Fiets,10,"één bestuurder, geen hindernis",Buiten Kruispunt,Gemeenteweg,binnen bebouwde kom,"Eén bestuurder, geen hindernis (incl. val)",Geen hindernis
17043,151,Leuven,District Leuven,50.8690262,4.6854839,1.9946587017375341,50.885231723209685,4.697674377555155,2019,11,10,24062,Leuven,Regenval,"Nat, plassen",Dag,met lichtgewonden,3,Fiets,10,"één bestuurder, geen hindernis",Buiten Kruispunt,Gemeenteweg,binnen bebouwde kom,"Eén bestuurder, geen hindernis (incl. val)",Geen hindernis
17044,69,Leuven teller 1,Leuven,50.87549,4.71526,1.0538218654526244,50.87748702155369,4.700577685855522,2019,11,0,24062,Leuven,Normaal,Droog,"Nacht, openbare verlichting aanwezig en ontstoken",met lichtgewonden,3,Fiets,10,"één bestuurder, geen hindernis",Buiten Kruispunt,Gemeenteweg,binnen bebouwde kom,"Eén bestuurder, geen hindernis (incl. val)",Geen hindernis
17044,77,Leuven teller 2,Leuven,50.88672,4.70796,1.1498946101180672,50.87748702155369,4.700577685855522,2019,11,0,24062,Leuven,Normaal,Droog,"Nacht, openbare verlichting aanwezig en ontstoken",met lichtgewonden,3,Fiets,10,"één bestuurder, geen hindernis",Buiten Kruispunt,Gemeenteweg,binnen bebouwde kom,"Eén bestuurder, geen hindernis (incl. val)",Geen hindernis
17044,107,leuven totem,Leuven,50.8870744,4.7087919,1.2118507346240304,50.87748702155369,4.700577685855522,2019,11,0,24062,Leuven,Normaal,Droog,"Nacht, openbare verlichting aanwezig en ontstoken",met lichtgewonden,3,Fiets,10,"één bestuurder, geen hindernis",Buiten Kruispunt,Gemeenteweg,binnen bebouwde kom,"Eén bestuurder, geen hindernis (incl. val)",Geen hindernis
17044,151,Leuven,District Leuven,50.8690262,4.6854839,1.4166181262802564,50.87748702155369,4.700577685855522,2019,11,0,24062,Leuven,Normaal,Droog,"Nacht, openbare verlichting aanwezig en ontstoken",met lichtgewonden,3,Fiets,10,"één bestuurder, geen hindernis",Buiten Kruispunt,Gemeenteweg,binnen bebouwde kom,"Eén bestuurder, geen hindernis (incl. val)",Geen hindernis
17045,77,Leuven teller 2,Leuven,50.88672,4.70796,0.9849629272116421,50.879429183550684,4.699986225928219,2019,11,10,24062,Leuven,Normaal,Droog,Dag,met lichtgewonden,3,Fiets,3,Fiets,Buiten Kruispunt,Gemeenteweg,binnen bebouwde kom,Tussen 2 bestuurders: Frontale botsing,Geen hindernis
17045,107,leuven totem,Leuven,50.8870744,4.7087919,1.0508548245955065,50.879429183550684,4.699986225928219,2019,11,10,24062,Leuven,Normaal,Droog,Dag,met lichtgewonden,3,Fiets,3,Fiets,Buiten Kruispunt,Gemeenteweg,binnen bebouwde kom,Tussen 2 bestuurders: Frontale botsing,Geen hindernis
17045,69,Leuven teller 1,Leuven,50.87549,4.71526,1.15769802550451,50.879429183550684,4.699986225928219,2019,11,10,24062,Leuven,Normaal,Droog,Dag,met lichtgewonden,3,Fiets,3,Fiets,Buiten Kruispunt,Gemeenteweg,binnen bebouwde kom,Tussen 2 bestuurders: Frontale botsing,Geen hindernis
17045,151,Leuven,District Leuven,50.8690262,4.6854839,1.5406371557751,50.879429183550684,4.699986225928219,2019,11,10,24062,Leuven,Normaal,Droog,Dag,met lichtgewonden,3,Fiets,3,Fiets,Buiten Kruispunt,Gemeenteweg,binnen bebouwde kom,Tussen 2 bestuurders: Frontale botsing,Geen hindernis
17056,101,Diest teller 1,Diest,50.97799,5.04481,1.6818058745225946,50.992468171024534,5.0517602458875634,2019,11,10,24020,Diest,Normaal,Droog,Dag,met lichtgewonden,3,Fiets,11,een weggebruiker tegen een hindernis,Buiten Kruispunt,Gewestweg,binnen bebouwde kom,Weggebruiker tegen hindernis buiten rijbaan,Andere hindernis
17056,102,Diest teller 2,Diest,50.9779,5.04474,1.6928040942734595,50.992468171024534,5.0517602458875634,2019,11,10,24020,Diest,Normaal,Droog,Dag,met lichtgewonden,3,Fiets,11,een weggebruiker tegen een hindernis,Buiten Kruispunt,Gewestweg,binnen bebouwde kom,Weggebruiker tegen hindernis buiten rijbaan,Andere hindernis
17060,111,Zaventem totem,Zaventem,50.8871216,4.4597084,1.3162646847347257,50.87865937575215,4.472828297699116,2019,11,13,23094,Zaventem,Normaal,Droog,Dag,met lichtgewonden,3,Fiets,9,personenauto,Op Kruispunt,Gewestweg,binnen bebouwde kom,Tussen 2 bestuurders: Frontale botsing,Geen hindernis
17060,26,Zaventem,Zaventem,50.86995,4.45444,1.6132592316351988,50.87865937575215,4.472828297699116,2019,11,13,23094,Zaventem,Normaal,Droog,Dag,met lichtgewonden,3,Fiets,9,personenauto,Op Kruispunt,Gewestweg,binnen bebouwde kom,Tussen 2 bestuurders: Frontale botsing,Geen hindernis
17062,147,Overijse,District Vilvoorde-gewestwegen,50.7797555,4.4975769,1.7139519855708598,50.77002258341565,4.51647789572921,2019,11,13,23062,Overijse,Normaal,Droog+Proper,Dag,met lichtgewonden,9,personenauto,3,Fiets,Op Kruispunt,Gemeenteweg,buiten bebouwde kom,Tss. 2 best.: langs opzij (voor-/achterkant-flank),Geen hindernis
17063,147,Overijse,District Vilvoorde-gewestwegen,50.7797555,4.4975769,0.6918266277394659,50.78540740784929,4.501690945025338,2019,11,18,23062,Overijse,Normaal,Proper,"Nacht, openbare verlichting aanwezig en ontstoken",met zwaargewonden,9,personenauto,3,Fiets,Op Kruispunt,Gewestweg,buiten bebouwde kom,Tss. 2 best.: langs opzij (voor-/achterkant-flank),Geen hindernis
17063,145,Overijse,District Vilvoorde-gewestwegen,50.7885856,4.4908759,0.8383975791295928,50.78540740784929,4.501690945025338,2019,11,18,23062,Overijse,Normaal,Proper,"Nacht, openbare verlichting aanwezig en ontstoken",met zwaargewonden,9,personenauto,3,Fiets,Op Kruispunt,Gewestweg,buiten bebouwde kom,Tss. 2 best.: langs opzij (voor-/achterkant-flank),Geen hindernis
17063,146,Overijse 2,District Vilvoorde-gewestwegen,50.7881478,4.4902818,0.8579786182324539,50.78540740784929,4.501690945025338,2019,11,18,23062,Overijse,Normaal,Proper,"Nacht, openbare verlichting aanwezig en ontstoken",met zwaargewonden,9,personenauto,3,Fiets,Op Kruispunt,Gewestweg,buiten bebouwde kom,Tss. 2 best.: langs opzij (voor-/achterkant-flank),Geen hindernis
17065,86,Asse teller 2,Asse,50.89132,4.1709,2.198780821741682,50.871799175489244,4.1759003016172915,2019,11,16,23086,Ternat,Normaal,"Nat, plassen",Dageraad - schemering,met lichtgewonden,9,personenauto,3,Fiets,Op Kruispunt,Gemeenteweg,binnen bebouwde kom,Tussen 2 bestuurders: Langs achteren,Geen hindernis
17068,149,Machelen,,50.88297881,4.43356644,1.597508648224991,50.89733662857882,4.434368960659622,2019,11,7,23047,Machelen,Regenval,"Nat, plassen",Dageraad - schemering,met lichtgewonden,9,personenauto,3,Fiets,Op Kruispunt,Gewestweg,binnen bebouwde kom,Tss. 2 best.: langs opzij (voor-/achterkant-flank),Geen hindernis
17068,111,Zaventem totem,Zaventem,50.8871216,4.4597084,2.109258129239808,50.89733662857882,4.434368960659622,2019,11,7,23047,Machelen,Regenval,"Nat, plassen",Dageraad - schemering,met lichtgewonden,9,personenauto,3,Fiets,Op Kruispunt,Gewestweg,binnen bebouwde kom,Tss. 2 best.: langs opzij (voor-/achterkant-flank),Geen hindernis
17068,47,Vilvoorde,Vilvoorde,50.91372,4.41497,2.273552075864253,50.89733662857882,4.434368960659622,2019,11,7,23047,Machelen,Regenval,"Nat, plassen",Dageraad - schemering,met lichtgewonden,9,personenauto,3,Fiets,Op Kruispunt,Gewestweg,binnen bebouwde kom,Tss. 2 best.: langs opzij (voor-/achterkant-flank),Geen hindernis
17069,149,Machelen,,50.88297881,4.43356644,1.6388873548798908,50.897675192192196,4.435339240398559,2019,11,13,23047,Machelen,Normaal,Droog,Dag,met lichtgewonden,3,Fiets,5,Lichte vrachtauto,Op Kruispunt,Gewestweg,binnen bebouwde kom,Tss. 2 best.: langs opzij (voor-/achterkant-flank),Geen hindernis
17069,111,Zaventem totem,Zaventem,50.8871216,4.4597084,2.0733092473029453,50.897675192192196,4.435339240398559,2019,11,13,23047,Machelen,Normaal,Droog,Dag,met lichtgewonden,3,Fiets,5,Lichte vrachtauto,Op Kruispunt,Gewestweg,binnen bebouwde kom,Tss. 2 best.: langs opzij (voor-/achterkant-flank),Geen hindernis
17069,47,Vilvoorde,Vilvoorde,50.91372,4.41497,2.2853874817590354,50.897675192192196,4.435339240398559,2019,11,13,23047,Machelen,Normaal,Droog,Dag,met lichtgewonden,3,Fiets,5,Lichte vrachtauto,Op Kruispunt,Gewestweg,binnen bebouwde kom,Tss. 2 best.: langs opzij (voor-/achterkant-flank),Geen hindernis
17070,70,Kampenhout teller 1,Kampenhout,50.95682,4.59318,0.33847686772156327,50.958779083091166,4.596878703411882,2019,11,8,23038,Kampenhout,Normaal,"Nat, plassen",Dag,met lichtgewonden,9,personenauto,3,Fiets,Buiten Kruispunt,Gewestweg,buiten bebouwde kom,Tss. 2 best.: langs opzij (voor-/achterkant-flank),Geen hindernis
17070,71,Kampenhout teller 2,Kampenhout,50.95589,4.59164,0.4876862313888355,50.958779083091166,4.596878703411882,2019,11,8,23038,Kampenhout,Normaal,"Nat, plassen",Dag,met lichtgewonden,9,personenauto,3,Fiets,Buiten Kruispunt,Gewestweg,buiten bebouwde kom,Tss. 2 best.: langs opzij (voor-/achterkant-flank),Geen hindernis
17072,109,Zemst,Zemst,50.9903936,4.4707023,0.34792467861340154,50.987264860675864,4.470761576075733,2019,11,8,23096,Zemst,Onbekend,Onbekend,Onbekend,met lichtgewonden,9,personenauto,3,Fiets,Op Kruispunt,Gewestweg,binnen bebouwde kom,Tss. 2 best.: langs opzij (voor-/achterkant-flank),Geen hindernis
17073,109,Zemst,Zemst,50.9903936,4.4707023,1.6407879336736226,50.989833219862966,4.4941278477047355,2019,11,13,23096,Zemst,Normaal,Droog,Dag,met lichtgewonden,3,Fiets,3,Fiets,Buiten Kruispunt,Gewestweg,binnen bebouwde kom,Tussen 2 bestuurders: Flank tegen flank,Geen hindernis
17074,136,Gent R4,Gent,51.0876313,3.7587918,0.3746543759966808,51.0909901845293,3.7583693758783125,2019,11,7,44021,Gent,Normaal,Droog,Dageraad - schemering,met zwaargewonden,3,Fiets,3,Fiets,Buiten Kruispunt,Gemeenteweg,binnen bebouwde kom,Tss. 2 best.: langs opzij (voor-/achterkant-flank),Geen hindernis
17081,136,Gent R4,Gent,51.0876313,3.7587918,2.0571331289776644,51.074236574355176,3.73847909216428,2019,11,7,44021,Gent,Onbekend,Onbekend,Dageraad - schemering,met lichtgewonden,6,Bromfiets,3,Fiets,Op Kruispunt,Gewestweg,buiten bebouwde kom,Tussen 2 bestuurders: Flank tegen flank,Geen hindernis
17083,136,Gent R4,Gent,51.0876313,3.7587918,0.7427486705757107,51.092371194795604,3.7662851549903826,2019,11,17,44021,Gent,Normaal,Droog,Dag,met lichtgewonden,3,Fiets,3,Fiets,Buiten Kruispunt,Gemeenteweg,binnen bebouwde kom,Tussen 2 bestuurders: Flank tegen flank,Geen hindernis
17086,13,Gent,Gent,51.03018,3.70146,1.1797365154466093,51.03522147153672,3.716304393905064,2019,11,16,44021,Gent,Normaal,Droog,Dageraad - schemering,met lichtgewonden,3,Fiets,9,personenauto,Buiten Kruispunt,Gewestweg,binnen bebouwde kom,Tussen 2 bestuurders: Flank tegen flank,Geen hindernis
17087,136,Gent R4,Gent,51.0876313,3.7587918,2.3343837231315043,51.08925535709361,3.7254690203926604,2019,11,7,44021,Gent,Onbekend,Droog,Dag,met lichtgewonden,9,personenauto,3,Fiets,Op Kruispunt,Gewestweg,binnen bebouwde kom,Tussen 2 bestuurders: Frontale botsing,Geen hindernis
17088,13,Gent,Gent,51.03018,3.70146,0.7836916146949239,51.034044657160656,3.710831903529847,2019,11,8,44021,Gent,Onbekend,"Nat, plassen",Dag,met lichtgewonden,3,Fiets,9,personenauto,Buiten Kruispunt,Gemeenteweg,binnen bebouwde kom,Tussen 2 bestuurders: Flank tegen flank,Geen hindernis
17092,13,Gent,Gent,51.03018,3.70146,1.8144757575276125,51.04208142126025,3.7192134227103457,2019,11,17,44021,Gent,Regenval,"Nat, plassen","Nacht, openbare verlichting aanwezig en ontstoken",met lichtgewonden,3,Fiets,8,Voetganger,Op Kruispunt,Gewestweg,binnen bebouwde kom,Met een voetganger,Geen hindernis
17096,118,Gent teller 1,Gent,51.028049,3.7681359,0.6449141155763904,51.03172324877586,3.76100050222694,2019,11,21,44021,Gent,Regenval,"Nat, plassen","Nacht, openbare verlichting aanwezig en ontstoken",met lichtgewonden,3,Fiets,5,Lichte vrachtauto,Op Kruispunt,Gewestweg,binnen bebouwde kom,Tss. 2 best.: langs opzij (voor-/achterkant-flank),Geen hindernis
17096,119,Gent teller 2,Gent,51.0281795,3.7683918,0.6499590692903574,51.03172324877586,3.76100050222694,2019,11,21,44021,Gent,Regenval,"Nat, plassen","Nacht, openbare verlichting aanwezig en ontstoken",met lichtgewonden,3,Fiets,5,Lichte vrachtauto,Op Kruispunt,Gewestweg,binnen bebouwde kom,Tss. 2 best.: langs opzij (voor-/achterkant-flank),Geen hindernis
17097,13,Gent,Gent,51.03018,3.70146,0.8048119420730979,51.032614334350704,3.6906216297950865,2019,11,12,44021,Gent,Normaal,Droog,Dag,met lichtgewonden,3,Fiets,6,Bromfiets,Buiten Kruispunt,Autosnelweg,buiten bebouwde kom,Tussen 2 bestuurders: Frontale botsing,Geen hindernis
17099,118,Gent teller 1,Gent,51.028049,3.7681359,0.15399916432454985,51.02889976058706,3.7663983025813472,2019,11,13,44021,Gent,Normaal,Droog,Dag,met lichtgewonden,3,Fiets,9,personenauto,Buiten Kruispunt,Gewestweg,binnen bebouwde kom,Tussen 2 bestuurders: Langs achteren,Geen hindernis
17099,119,Gent teller 2,Gent,51.0281795,3.7683918,0.16078076588424872,51.02889976058706,3.7663983025813472,2019,11,13,44021,Gent,Normaal,Droog,Dag,met lichtgewonden,3,Fiets,9,personenauto,Buiten Kruispunt,Gewestweg,binnen bebouwde kom,Tussen 2 bestuurders: Langs achteren,Geen hindernis
17100,118,Gent teller 1,Gent,51.028049,3.7681359,2.2559187947212282,51.033282615004154,3.7369685278694265,2019,11,17,44021,Gent,Regenval,"Nat, plassen","Nacht, openbare verlichting aanwezig en ontstoken",met lichtgewonden,9,personenauto,3,Fiets,Op Kruispunt,Gemeenteweg,binnen bebouwde kom,Tss. 2 best.: langs opzij (voor-/achterkant-flank),Geen hindernis
17100,119,Gent teller 2,Gent,51.0281795,3.7683918,2.2695386279277767,51.033282615004154,3.7369685278694265,2019,11,17,44021,Gent,Regenval,"Nat, plassen","Nacht, openbare verlichting aanwezig en ontstoken",met lichtgewonden,9,personenauto,3,Fiets,Op Kruispunt,Gemeenteweg,binnen bebouwde kom,Tss. 2 best.: langs opzij (voor-/achterkant-flank),Geen hindernis
17101,13,Gent,Gent,51.03018,3.70146,1.6053293254231058,51.04336333193851,3.7108181856015223,2019,11,19,44021,Gent,Normaal,Droog,"Nacht, openbare verlichting aanwezig en ontstoken",met lichtgewonden,9,personenauto,3,Fiets,Op Kruispunt,Gewestweg,binnen bebouwde kom,Tss. 2 best.: langs opzij (voor-/achterkant-flank),Geen hindernis
17104,136,Gent R4,Gent,51.0876313,3.7587918,0.21120117049951184,51.08951931187354,3.758461483535758,2019,11,20,44021,Gent,Onbekend,Onbekend,"Nacht, openbare verlichting aanwezig en ontstoken",met lichtgewonden,3,Fiets,9,personenauto,Op Kruispunt,Gemeenteweg,binnen bebouwde kom,Tss. 2 best.: langs opzij (voor-/achterkant-flank),Geen hindernis
17110,13,Gent,Gent,51.03018,3.70146,2.286683503526462,51.03837108709701,3.7314556712644746,2019,11,23,44021,Gent,Normaal,Droog,"Nacht, openbare verlichting aanwezig en ontstoken",met lichtgewonden,7,Motorfiets,3,Fiets,Buiten Kruispunt,Gewestweg,binnen bebouwde kom,Tussen 2 bestuurders: Flank tegen flank,Geen hindernis
17121,118,Gent teller 1,Gent,51.028049,3.7681359,1.2904903499735463,51.02160924629989,3.7527855841678184,2019,11,16,44043,Merelbeke,Normaal,Droog,Dag,met lichtgewonden,9,personenauto,3,Fiets,Op Kruispunt,Gewestweg,binnen bebouwde kom,Tss. 2 best.: langs opzij (voor-/achterkant-flank),Geen hindernis
17121,119,Gent teller 2,Gent,51.0281795,3.7683918,1.3134321976047851,51.02160924629989,3.7527855841678184,2019,11,16,44043,Merelbeke,Normaal,Droog,Dag,met lichtgewonden,9,personenauto,3,Fiets,Op Kruispunt,Gewestweg,binnen bebouwde kom,Tss. 2 best.: langs opzij (voor-/achterkant-flank),Geen hindernis