crash_row_id,site_id,site_name,site_gemeente,site_lat,site_long,distance_km,crash_lat,crash_long,DT_YEAR_COLLISION,DT_MONTH_COLLISION,DT_TIME,CD_NIS,TX_MUNTY_COLLISION_NL,TX_WEATHER_NL,TX_ROAD_CONDITION_NL,TX_LIGHT_CONDITION_NL,TX_CLASS_ACCIDENTS_NL,CD_ROAD_USR_TYPE1,TX_ROAD_USR_TYPE1_NL,CD_ROAD_USR_TYPE2,TX_ROAD_USR_TYPE2_NL,TX_CROSSWAY_NL,CD_ROAD_TYPE_NL,TX_BUILD_UP_AREA_NL,TX_COLLISION_TYPE_NL,TX_OBSTACLES_NL
17122,116,Melle teller 2,Melle,50.9986113,3.8040599,0.6000250489130586,51.00294820111002,3.7989576689477715,2019,11,16,44040,Melle,Normaal,Droog,Dageraad - schemering,met lichtgewonden,3,Fiets,5,Lichte vrachtauto,Buiten Kruispunt,Gemeenteweg,binnen bebouwde kom,Tss. 2 best.: langs opzij (voor-/achterkant-flank),Geen hindernis
17122,117,Melle teller 1,Melle,50.9986113,3.8040599,0.6000250489130586,51.00294820111002,3.7989576689477715,2019,11,16,44040,Melle,Normaal,Droog,Dageraad - schemering,met lichtgewonden,3,Fiets,5,Lichte vrachtauto,Buiten Kruispunt,Gemeenteweg,binnen bebouwde kom,Tss. 2 best.: langs opzij (voor-/achterkant-flank),Geen hindernis
17153,126,Hamme totem,Hamme,51.1017709,4.1469307,1.1143634576961172,51.11143086078023,4.14268094858928,2019,11,17,46025,Temse,Normaal,Droog,"Nacht, openbare verlichting aanwezig en ontstoken",met lichtgewonden,9,personenauto,3,Fiets,Buiten Kruispunt,Gewestweg,buiten bebouwde kom,Tss. 2 best.: langs opzij (voor-/achterkant-flank),Geen hindernis
17155,128,Lokeren teller 1,Lokeren,51.09644,3.97023,1.818188571321142,51.10841943908053,3.9879537023833675,2019,11,12,46014,Lokeren,Normaal,"Nat, plassen",Dag,met lichtgewonden,9,personenauto,3,Fiets,Op Kruispunt,Gemeenteweg,binnen bebouwde kom,Tss. 2 best.: langs opzij (voor-/achterkant-flank),Geen hindernis
17155,129,Lokeren teller 2,Lokeren,51.09612,3.97025,1.8434823731134027,51.10841943908053,3.9879537023833675,2019,11,12,46014,Lokeren,Normaal,"Nat, plassen",Dag,met lichtgewonden,9,personenauto,3,Fiets,Op Kruispunt,Gemeenteweg,binnen bebouwde kom,Tss. 2 best.: langs opzij (voor-/achterkant-flank),Geen hindernis
17156,141,Test site A support,Lokeren,51.08342085,3.9961071208376326,1.2697850842137623,51.0948344132242,3.9955233483915884,2019,11,18,46014,Lokeren,Normaal,Droog,"Nacht, openbare verlichting aanwezig en ontstoken",met lichtgewonden,9,personenauto,3,Fiets,Op Kruispunt,Gemeenteweg,binnen bebouwde kom,Tss. 2 best.: langs opzij (voor-/achterkant-flank),Geen hindernis
17156,129,Lokeren teller 2,Lokeren,51.09612,3.97025,1.7706969240281536,51.0948344132242,3.9955233483915884,2019,11,18,46014,Lokeren,Normaal,Droog,"Nacht, openbare verlichting aanwezig en ontstoken",met lichtgewonden,9,personenauto,3,Fiets,Op Kruispunt,Gemeenteweg,binnen bebouwde kom,Tss. 2 best.: langs opzij (voor-/achterkant-flank),Geen hindernis
17156,128,Lokeren teller 1,Lokeren,51.09644,3.97023,1.775307607926085,51.0948344132242,3.9955233483915884,2019,11,18,46014,Lokeren,Normaal,Droog,"Nacht, openbare verlichting aanwezig en ontstoken",met lichtgewonden,9,personenauto,3,Fiets,Op Kruispunt,Gemeenteweg,binnen bebouwde kom,Tss. 2 best.: langs opzij (voor-/achterkant-flank),Geen hindernis
17157,141,Test site A support,Lokeren,51.08342085,3.9961071208376326,1.2016921533361842,51.084939477311714,4.013140265492407,2019,11,21,46014,Lokeren,Normaal,Droog,"Nacht, openbare verlichting aanwezig en ontstoken",met zwaargewonden,3,Fiets,9,personenauto,Buiten Kruispunt,Gemeenteweg,buiten bebouwde kom,Tss. 2 best.: langs opzij (voor-/achterkant-flank),Geen hindernis
17158,128,Lokeren teller 1,Lokeren,51.09644,3.97023,1.818188571321142,51.10841943908053,3.9879537023833675,2019,11,8,46014,Lokeren,Normaal,Droog,Dag,met lichtgewonden,9,personenauto,3,Fiets,Op Kruispunt,Gemeenteweg,binnen bebouwde kom,Tussen 2 bestuurders: Frontale botsing,Geen hindernis
17158,129,Lokeren teller 2,Lokeren,51.09612,3.97025,1.8434823731134027,51.10841943908053,3.9879537023833675,2019,11,8,46014,Lokeren,Normaal,Droog,Dag,met lichtgewonden,9,personenauto,3,Fiets,Op Kruispunt,Gemeenteweg,binnen bebouwde kom,Tussen 2 bestuurders: Frontale botsing,Geen hindernis
17159,128,Lokeren teller 1,Lokeren,51.09644,3.97023,1.8608367711424485,51.102402287021874,3.995130451907025,2019,11,11,46014,Lokeren,Normaal,Droog,Dag,met lichtgewonden,9,personenauto,3,Fiets,Buiten Kruispunt,Gewestweg,binnen bebouwde kom,Tss. 2 best.: langs opzij (voor-/achterkant-flank),Geen hindernis
17159,129,Lokeren teller 2,Lokeren,51.09612,3.97025,1.8725187696418555,51.102402287021874,3.995130451907025,2019,11,11,46014,Lokeren,Normaal,Droog,Dag,met lichtgewonden,9,personenauto,3,Fiets,Buiten Kruispunt,Gewestweg,binnen bebouwde kom,Tss. 2 best.: langs opzij (voor-/achterkant-flank),Geen hindernis
17159,141,Test site A support,Lokeren,51.08342085,3.9961071208376326,2.11174131209652,51.102402287021874,3.995130451907025,2019,11,11,46014,Lokeren,Normaal,Droog,Dag,met lichtgewonden,9,personenauto,3,Fiets,Buiten Kruispunt,Gewestweg,binnen bebouwde kom,Tss. 2 best.: langs opzij (voor-/achterkant-flank),Geen hindernis
17160,126,Hamme totem,Hamme,51.1017709,4.1469307,0.4160066364528767,51.09806441353662,4.1461205579039815,2019,11,18,42008,Hamme,Normaal,Droog,"Nacht, openbare verlichting aanwezig en ontstoken",met lichtgewonden,3,Fiets,9,personenauto,Buiten Kruispunt,Gemeenteweg,binnen bebouwde kom,Tussen 2 bestuurders: Flank tegen flank,Geen hindernis
17162,126,Hamme totem,Hamme,51.1017709,4.1469307,1.4995640367404903,51.09887927152035,4.125954403874347,2019,11,18,42008,Hamme,Normaal,Droog,Dag,met lichtgewonden,3,Fiets,9,personenauto,Buiten Kruispunt,Gemeenteweg,binnen bebouwde kom,Tussen 2 bestuurders: Flank tegen flank,Geen hindernis
17166,120,Zele teller 1,Zele,51.0607671,4.0547741,1.2777909450146396,51.066164890527816,4.038631737753988,2019,11,9,42028,Zele,Normaal,Droog,Dag,met lichtgewonden,9,personenauto,3,Fiets,Op Kruispunt,Gemeenteweg,binnen bebouwde kom,Tss. 2 best.: langs opzij (voor-/achterkant-flank),Geen hindernis
17166,121,Zele teller 2,Zele,51.0604067,4.0556696,1.3518777324651068,51.066164890527816,4.038631737753988,2019,11,9,42028,Zele,Normaal,Droog,Dag,met lichtgewonden,9,personenauto,3,Fiets,Op Kruispunt,Gemeenteweg,binnen bebouwde kom,Tss. 2 best.: langs opzij (voor-/achterkant-flank),Geen hindernis
17176,10,Aalst 2,Aalst,50.93549,4.01571,2.2762331356649725,50.94429096306684,4.045040485680009,2019,11,13,41002,Aalst,Normaal,Droog,Dag,met lichtgewonden,3,Fiets,8,Voetganger,Buiten Kruispunt,Gemeenteweg,binnen bebouwde kom,Met een voetganger,Geen hindernis
17176,11,Aalst 3,Aalst,50.93385,4.01647,2.3141985181385,50.94429096306684,4.045040485680009,2019,11,13,41002,Aalst,Normaal,Droog,Dag,met lichtgewonden,3,Fiets,8,Voetganger,Buiten Kruispunt,Gemeenteweg,binnen bebouwde kom,Met een voetganger,Geen hindernis
17176,19,Aalst 1,Aalst,50.93433,4.01471,2.396528857127773,50.94429096306684,4.045040485680009,2019,11,13,41002,Aalst,Normaal,Droog,Dag,met lichtgewonden,3,Fiets,8,Voetganger,Buiten Kruispunt,Gemeenteweg,binnen bebouwde kom,Met een voetganger,Geen hindernis
17179,10,Aalst 2,Aalst,50.93549,4.01571,1.1584351693755373,50.941441407207016,4.002140586464443,2019,11,10,41002,Aalst,Normaal,Droog,Dag,met lichtgewonden,9,personenauto,3,Fiets,Buiten Kruispunt,Gewestweg,binnen bebouwde kom,Tss. 2 best.: langs opzij (voor-/achterkant-flank),Geen hindernis
17179,19,Aalst 1,Aalst,50.93433,4.01471,1.183642508504995,50.941441407207016,4.002140586464443,2019,11,10,41002,Aalst,Normaal,Droog,Dag,met lichtgewonden,9,personenauto,3,Fiets,Buiten Kruispunt,Gewestweg,binnen bebouwde kom,Tss. 2 best.: langs opzij (voor-/achterkant-flank),Geen hindernis
17179,11,Aalst 3,Aalst,50.93385,4.01647,1.3117639858705648,50.941441407207016,4.002140586464443,2019,11,10,41002,Aalst,Normaal,Droog,Dag,met lichtgewonden,9,personenauto,3,Fiets,Buiten Kruispunt,Gewestweg,binnen bebouwde kom,Tss. 2 best.: langs opzij (voor-/achterkant-flank),Geen hindernis
17180,11,Aalst 3,Aalst,50.93385,4.01647,0.9313531603085089,50.92616451963178,4.01118665706496,2019,11,11,41002,Aalst,Normaal,Droog,Dag,met lichtgewonden,3,Fiets,9,personenauto,Op Kruispunt,Gemeenteweg,binnen bebouwde kom,Tussen 2 bestuurders: Flank tegen flank,Geen hindernis
17180,19,Aalst 1,Aalst,50.93433,4.01471,0.9409372681702438,50.92616451963178,4.01118665706496,2019,11,11,41002,Aalst,Normaal,Droog,Dag,met lichtgewonden,3,Fiets,9,personenauto,Op Kruispunt,Gemeenteweg,binnen bebouwde kom,Tussen 2 bestuurders: Flank tegen flank,Geen hindernis
17180,10,Aalst 2,Aalst,50.93549,4.01571,1.084319114641488,50.92616451963178,4.01118665706496,2019,11,11,41002,Aalst,Normaal,Droog,Dag,met lichtgewonden,3,Fiets,9,personenauto,Op Kruispunt,Gemeenteweg,binnen bebouwde kom,Tussen 2 bestuurders: Flank tegen flank,Geen hindernis
17181,11,Aalst 3,Aalst,50.93385,4.01647,2.0930798548869562,50.93984381835347,4.044785458147827,2019,11,16,41002,Aalst,Normaal,Droog,Dag,met lichtgewonden,9,personenauto,3,Fiets,Op Kruispunt,Gemeenteweg,binnen bebouwde kom,Tussen 2 bestuurders: Frontale botsing,Geen hindernis
17181,10,Aalst 2,Aalst,50.93549,4.01571,2.0940819799123194,50.93984381835347,4.044785458147827,2019,11,16,41002,Aalst,Normaal,Droog,Dag,met lichtgewonden,9,personenauto,3,Fiets,Op Kruispunt,Gemeenteweg,binnen bebouwde kom,Tussen 2 bestuurders: Frontale botsing,Geen hindernis
17181,19,Aalst 1,Aalst,50.93433,4.01471,2.1948228052146703,50.93984381835347,4.044785458147827,2019,11,16,41002,Aalst,Normaal,Droog,Dag,met lichtgewonden,9,personenauto,3,Fiets,Op Kruispunt,Gemeenteweg,binnen bebouwde kom,Tussen 2 bestuurders: Frontale botsing,Geen hindernis
17184,10,Aalst 2,Aalst,50.93549,4.01571,0.5747992718999,50.93853037269357,4.022344097101615,2019,11,12,41002,Aalst,Normaal,Droog+Proper,Dag,met lichtgewonden,5,Lichte vrachtauto,3,Fiets,Buiten Kruispunt,Gewestweg,binnen bebouwde kom,Tussen 2 bestuurders: Frontale botsing,Geen hindernis
17184,11,Aalst 3,Aalst,50.93385,4.01647,0.6635365274442225,50.93853037269357,4.022344097101615,2019,11,12,41002,Aalst,Normaal,Droog+Proper,Dag,met lichtgewonden,5,Lichte vrachtauto,3,Fiets,Buiten Kruispunt,Gewestweg,binnen bebouwde kom,Tussen 2 bestuurders: Frontale botsing,Geen hindernis
17184,19,Aalst 1,Aalst,50.93433,4.01471,0.7101485097207434,50.93853037269357,4.022344097101615,2019,11,12,41002,Aalst,Normaal,Droog+Proper,Dag,met lichtgewonden,5,Lichte vrachtauto,3,Fiets,Buiten Kruispunt,Gewestweg,binnen bebouwde kom,Tussen 2 bestuurders: Frontale botsing,Geen hindernis
17185,11,Aalst 3,Aalst,50.93385,4.01647,2.2636586099709843,50.93166903696734,4.048585804906876,2019,11,14,41002,Aalst,Normaal,Droog,Dag,met lichtgewonden,3,Fiets,11,een weggebruiker tegen een hindernis,Op Kruispunt,Gemeenteweg,binnen bebouwde kom,Weggebruiker tegen hindernis buiten rijbaan,Buiten de rijbaan: Omheining
17185,10,Aalst 2,Aalst,50.93549,4.01571,2.342699210158263,50.93166903696734,4.048585804906876,2019,11,14,41002,Aalst,Normaal,Droog,Dag,met lichtgewonden,3,Fiets,11,een weggebruiker tegen een hindernis,Op Kruispunt,Gemeenteweg,binnen bebouwde kom,Weggebruiker tegen hindernis buiten rijbaan,Buiten de rijbaan: Omheining
17185,19,Aalst 1,Aalst,50.93433,4.01471,2.39232496528332,50.93166903696734,4.048585804906876,2019,11,14,41002,Aalst,Normaal,Droog,Dag,met lichtgewonden,3,Fiets,11,een weggebruiker tegen een hindernis,Op Kruispunt,Gemeenteweg,binnen bebouwde kom,Weggebruiker tegen hindernis buiten rijbaan,Buiten de rijbaan: Omheining
17186,11,Aalst 3,Aalst,50.93385,4.01647,1.4415212176910661,50.92430571313766,4.0303895369169425,2019,11,8,41002,Aalst,Regenval,Onbekend,Dag,met lichtgewonden,3,Fiets,3,Fiets,Buiten Kruispunt,Gemeenteweg,binnen bebouwde kom,Tussen 2 bestuurders: Flank tegen flank,Geen hindernis
17186,19,Aalst 1,Aalst,50.93433,4.01471,1.5652425923933848,50.92430571313766,4.0303895369169425,2019,11,8,41002,Aalst,Regenval,Onbekend,Dag,met lichtgewonden,3,Fiets,3,Fiets,Buiten Kruispunt,Gemeenteweg,binnen bebouwde kom,Tussen 2 bestuurders: Flank tegen flank,Geen hindernis
17186,10,Aalst 2,Aalst,50.93549,4.01571,1.6140100102769945,50.92430571313766,4.0303895369169425,2019,11,8,41002,Aalst,Regenval,Onbekend,Dag,met lichtgewonden,3,Fiets,3,Fiets,Buiten Kruispunt,Gemeenteweg,binnen bebouwde kom,Tussen 2 bestuurders: Flank tegen flank,Geen hindernis
17188,122,Dendermonde teller 2,Dendermonde,51.0373918,4.1019222,1.4950709705813021,51.050406996480426,4.107289125978897,2019,11,8,42006,Dendermonde,Onbekend,Onbekend,Onbekend,met lichtgewonden,9,personenauto,3,Fiets,Op Kruispunt,Gewestweg,onbekend,Tss. 2 best.: langs opzij (voor-/achterkant-flank),Geen hindernis
17188,125,Dendermonde totem,Dendermonde,51.0372706,4.1025998,1.4970379936232725,51.050406996480426,4.107289125978897,2019,11,8,42006,Dendermonde,Onbekend,Onbekend,Onbekend,met lichtgewonden,9,personenauto,3,Fiets,Op Kruispunt,Gewestweg,onbekend,Tss. 2 best.: langs opzij (voor-/achterkant-flank),Geen hindernis
17189,122,Dendermonde teller 2,Dendermonde,51.0373918,4.1019222,0.7078685122993004,51.03154270674233,4.097926325400022,2019,11,15,42006,Dendermonde,Normaal,Droog,Dag,met lichtgewonden,9,personenauto,3,Fiets,Buiten Kruispunt,Gemeenteweg,binnen bebouwde kom,Tss. 2 best.: langs opzij (voor-/achterkant-flank),Geen hindernis
17189,125,Dendermonde totem,Dendermonde,51.0372706,4.1025998,0.7158576893874126,51.03154270674233,4.097926325400022,2019,11,15,42006,Dendermonde,Normaal,Droog,Dag,met lichtgewonden,9,personenauto,3,Fiets,Buiten Kruispunt,Gemeenteweg,binnen bebouwde kom,Tss. 2 best.: langs opzij (voor-/achterkant-flank),Geen hindernis
17190,125,Dendermonde totem,Dendermonde,51.0372706,4.1025998,0.6533961422277966,51.03289030099231,4.108828487845802,2019,11,20,42006,Dendermonde,Normaal,Droog,"Nacht, openbare verlichting aanwezig en ontstoken",met lichtgewonden,3,Fiets,9,personenauto,Op Kruispunt,Gewestweg,binnen bebouwde kom,Tussen 2 bestuurders: Flank tegen flank,Geen hindernis
17190,122,Dendermonde teller 2,Dendermonde,51.0373918,4.1019222,0.6955233863418621,51.03289030099231,4.108828487845802,2019,11,20,42006,Dendermonde,Normaal,Droog,"Nacht, openbare verlichting aanwezig en ontstoken",met lichtgewonden,3,Fiets,9,personenauto,Op Kruispunt,Gewestweg,binnen bebouwde kom,Tussen 2 bestuurders: Flank tegen flank,Geen hindernis
17191,122,Dendermonde teller 2,Dendermonde,51.0373918,4.1019222,1.4950709705813021,51.050406996480426,4.107289125978897,2019,11,17,42006,Dendermonde,Normaal,Droog,"Nacht, openbare verlichting aanwezig en ontstoken",met lichtgewonden,9,personenauto,3,Fiets,Op Kruispunt,Gewestweg,binnen bebouwde kom,Tss. 2 best.: langs opzij (voor-/achterkant-flank),Geen hindernis
17191,125,Dendermonde totem,Dendermonde,51.0372706,4.1025998,1.4970379936232725,51.050406996480426,4.107289125978897,2019,11,17,42006,Dendermonde,Normaal,Droog,"Nacht, openbare verlichting aanwezig en ontstoken",met lichtgewonden,9,personenauto,3,Fiets,Op Kruispunt,Gewestweg,binnen bebouwde kom,Tss. 2 best.: langs opzij (voor-/achterkant-flank),Geen hindernis
17192,122,Dendermonde teller 2,Dendermonde,51.0373918,4.1019222,1.5790694539771346,51.051557706580226,4.103507175627471,2019,11,1,42006,Dendermonde,Regenval,"Nat, plassen","Nacht, openbare verlichting aanwezig en ontstoken",met lichtgewonden,3,Fiets,10,"één bestuurder, geen hindernis",Buiten Kruispunt,Gemeenteweg,binnen bebouwde kom,"Eén bestuurder, geen hindernis (incl. val)",Geen hindernis
17192,125,Dendermonde totem,Dendermonde,51.0372706,4.1025998,1.5899197380417296,51.051557706580226,4.103507175627471,2019,11,1,42006,Dendermonde,Regenval,"Nat, plassen","Nacht, openbare verlichting aanwezig en ontstoken",met lichtgewonden,3,Fiets,10,"één bestuurder, geen hindernis",Buiten Kruispunt,Gemeenteweg,binnen bebouwde kom,"Eén bestuurder, geen hindernis (incl. val)",Geen hindernis
17193,122,Dendermonde teller 2,Dendermonde,51.0373918,4.1019222,1.457842360726213,51.03248135437254,4.082590949559882,2019,11,20,42006,Dendermonde,Onbekend,"Vuil (zand, grint, bladeren,...)","Nacht, openbare verlichting aanwezig en ontstoken",met lichtgewonden,3,Fiets,10,"één bestuurder, geen hindernis",Buiten Kruispunt,Gewestweg,binnen bebouwde kom,"Eén bestuurder, geen hindernis (incl. val)",Geen hindernis
17193,125,Dendermonde totem,Dendermonde,51.0372706,4.1025998,1.4970340765012837,51.03248135437254,4.082590949559882,2019,11,20,42006,Dendermonde,Onbekend,"Vuil (zand, grint, bladeren,...)","Nacht, openbare verlichting aanwezig en ontstoken",met lichtgewonden,3,Fiets,10,"één bestuurder, geen hindernis",Buiten Kruispunt,Gewestweg,binnen bebouwde kom,"Eén bestuurder, geen hindernis (incl. val)",Geen hindernis
17194,50,"Brugge, Sint-Andries",Brugge,51.19291,3.16252,1.3481583931640746,51.20013102745741,3.1780618997353964,2019,11,10,31005,Brugge,Normaal,Proper,Dag,met lichtgewonden,3,Fiets,9,personenauto,Op Kruispunt,Gemeenteweg,binnen bebouwde kom,Tss. 2 best.: langs opzij (voor-/achterkant-flank),Geen hindernis
17194,51,"Brugge, Sint-Andries",Brugge,51.19281,3.16252,1.3548113700364206,51.20013102745741,3.1780618997353964,2019,11,10,31005,Brugge,Normaal,Proper,Dag,met lichtgewonden,3,Fiets,9,personenauto,Op Kruispunt,Gemeenteweg,binnen bebouwde kom,Tss. 2 best.: langs opzij (voor-/achterkant-flank),Geen hindernis
17196,20,Brugge,Brugge,51.17416,3.20048,2.187108953653604,51.19233143731055,3.212489951799589,2019,11,17,31005,Brugge,Normaal,"Nat, plassen","Nacht, openbare verlichting aanwezig en ontstoken",met lichtgewonden,9,personenauto,3,Fiets,Buiten Kruispunt,Gewestweg,binnen bebouwde kom,Tss. 2 best.: langs opzij (voor-/achterkant-flank),Geen hindernis
17197,54,Brugge teller 2,Brugge,51.23015,3.22818,1.4371606840578741,51.2182038851201,3.220302679563438,2019,11,8,31005,Brugge,Onbekend,Proper,Onbekend,met lichtgewonden,3,Fiets,9,personenauto,Buiten Kruispunt,Gewestweg,binnen bebouwde kom,Tussen 2 bestuurders: Flank tegen flank,Geen hindernis
17197,53,Brugge teller 1,Brugge,51.23023,3.228,1.4406758791600174,51.2182038851201,3.220302679563438,2019,11,8,31005,Brugge,Onbekend,Proper,Onbekend,met lichtgewonden,3,Fiets,9,personenauto,Buiten Kruispunt,Gewestweg,binnen bebouwde kom,Tussen 2 bestuurders: Flank tegen flank,Geen hindernis
17197,52,Brugge,Brugge,51.22632,3.24095,1.6976569366578618,51.2182038851201,3.220302679563438,2019,11,8,31005,Brugge,Onbekend,Proper,Onbekend,met lichtgewonden,3,Fiets,9,personenauto,Buiten Kruispunt,Gewestweg,binnen bebouwde kom,Tussen 2 bestuurders: Flank tegen flank,Geen hindernis
17197,142,TEST Validatie BRUGGE Y2H22022134,Brugge,51.22632,3.24095,1.6976569366578618,51.2182038851201,3.220302679563438,2019,11,8,31005,Brugge,Onbekend,Proper,Onbekend,met lichtgewonden,3,Fiets,9,personenauto,Buiten Kruispunt,Gewestweg,binnen bebouwde kom,Tussen 2 bestuurders: Flank tegen flank,Geen hindernis
17201,20,Brugge,Brugge,51.17416,3.20048,2.3897267982997032,51.17934469832875,3.233748299340652,2019,11,18,31005,Brugge,Normaal,Droog+Proper,"Nacht, geen openbare verlichting aanwezig",met lichtgewonden,9,personenauto,3,Fiets,Op Kruispunt,Gewestweg,binnen bebouwde kom,Tss. 2 best.: langs opzij (voor-/achterkant-flank),Geen hindernis
17202,54,Brugge teller 2,Brugge,51.23015,3.22818,1.8837015330016949,51.216124481141165,3.213009894726903,2019,11,11,31005,Brugge,Normaal,Droog,Dag,met lichtgewonden,3,Fiets,11,een weggebruiker tegen een hindernis,Buiten Kruispunt,Gemeenteweg,binnen bebouwde kom,Weggebruiker tegen hindernis buiten rijbaan,Buiten de rijbaan: Andere paal
17202,53,Brugge teller 1,Brugge,51.23023,3.228,1.8840983852082345,51.216124481141165,3.213009894726903,2019,11,11,31005,Brugge,Normaal,Droog,Dag,met lichtgewonden,3,Fiets,11,een weggebruiker tegen een hindernis,Buiten Kruispunt,Gemeenteweg,binnen bebouwde kom,Weggebruiker tegen hindernis buiten rijbaan,Buiten de rijbaan: Andere paal
17202,52,Brugge,Brugge,51.22632,3.24095,2.2520045921916494,51.216124481141165,3.213009894726903,2019,11,11,31005,Brugge,Normaal,Droog,Dag,met lichtgewonden,3,Fiets,11,een weggebruiker tegen een hindernis,Buiten Kruispunt,Gemeenteweg,binnen bebouwde kom,Weggebruiker tegen hindernis buiten rijbaan,Buiten de rijbaan: Andere paal
17202,142,TEST Validatie BRUGGE Y2H22022134,Brugge,51.22632,3.24095,2.2520045921916494,51.216124481141165,3.213009894726903,2019,11,11,31005,Brugge,Normaal,Droog,Dag,met lichtgewonden,3,Fiets,11,een weggebruiker tegen een hindernis,Buiten Kruispunt,Gemeenteweg,binnen bebouwde kom,Weggebruiker tegen hindernis buiten rijbaan,Buiten de rijbaan: Andere paal
17203,20,Brugge,Brugge,51.17416,3.20048,1.623044398341684,51.18224660154728,3.2198636304709334,2019,11,20,31005,Brugge,Normaal,Droog,"Nacht, openbare verlichting aanwezig en ontstoken",met zwaargewonden,3,Fiets,8,Voetganger,Buiten Kruispunt,Gemeenteweg,binnen bebouwde kom,Met een voetganger,Geen hindernis
17209,50,"Brugge, Sint-Andries",Brugge,51.19291,3.16252,2.3069246635547267,51.19655080270195,3.1951121707337213,2019,11,8,31005,Brugge,Normaal,Droog,Dag,met lichtgewonden,3,Fiets,8,Voetganger,Buiten Kruispunt,Gemeenteweg,binnen bebouwde kom,Met een voetganger,Geen hindernis
17209,51,"Brugge, Sint-Andries",Brugge,51.19281,3.16252,2.308904381829897,51.19655080270195,3.1951121707337213,2019,11,8,31005,Brugge,Normaal,Droog,Dag,met lichtgewonden,3,Fiets,8,Voetganger,Buiten Kruispunt,Gemeenteweg,binnen bebouwde kom,Met een voetganger,Geen hindernis
17210,53,Brugge teller 1,Brugge,51.23023,3.228,1.1018356144882002,51.22254594898668,3.218009401691447,2019,11,9,31005,Brugge,Normaal,Droog,Dag,met lichtgewonden,9,personenauto,3,Fiets,Buiten Kruispunt,Gemeenteweg,binnen bebouwde kom,Tss. 2 best.: langs opzij (voor-/achterkant-flank),Geen hindernis
17210,54,Brugge teller 2,Brugge,51.23015,3.22818,1.1029586506768998,51.22254594898668,3.218009401691447,2019,11,9,31005,Brugge,Normaal,Droog,Dag,met lichtgewonden,9,personenauto,3,Fiets,Buiten Kruispunt,Gemeenteweg,binnen bebouwde kom,Tss. 2 best.: langs opzij (voor-/achterkant-flank),Geen hindernis
17210,52,Brugge,Brugge,51.22632,3.24095,1.651741878577063,51.22254594898668,3.218009401691447,2019,11,9,31005,Brugge,Normaal,Droog,Dag,met lichtgewonden,9,personenauto,3,Fiets,Buiten Kruispunt,Gemeenteweg,binnen bebouwde kom,Tss. 2 best.: langs opzij (voor-/achterkant-flank),Geen hindernis
17210,142,TEST Validatie BRUGGE Y2H22022134,Brugge,51.22632,3.24095,1.651741878577063,51.22254594898668,3.218009401691447,2019,11,9,31005,Brugge,Normaal,Droog,Dag,met lichtgewonden,9,personenauto,3,Fiets,Buiten Kruispunt,Gemeenteweg,binnen bebouwde kom,Tss. 2 best.: langs opzij (voor-/achterkant-flank),Geen hindernis
17211,54,Brugge teller 2,Brugge,51.23015,3.22818,1.7544910541901648,51.21530747017164,3.219631964229203,2019,11,9,31005,Brugge,Normaal,Droog,Dag,met lichtgewonden,9,personenauto,3,Fiets,Op Kruispunt,Gemeenteweg,binnen bebouwde kom,Tss. 2 best.: langs opzij (voor-/achterkant-flank),Geen hindernis
17211,53,Brugge teller 1,Brugge,51.23023,3.228,1.758667958533055,51.21530747017164,3.219631964229203,2019,11,9,31005,Brugge,Normaal,Droog,Dag,met lichtgewonden,9,personenauto,3,Fiets,Op Kruispunt,Gemeenteweg,binnen bebouwde kom,Tss. 2 best.: langs opzij (voor-/achterkant-flank),Geen hindernis
17211,52,Brugge,Brugge,51.22632,3.24095,1.9245067953027806,51.21530747017164,3.219631964229203,2019,11,9,31005,Brugge,Normaal,Droog,Dag,met lichtgewonden,9,personenauto,3,Fiets,Op Kruispunt,Gemeenteweg,binnen bebouwde kom,Tss. 2 best.: langs opzij (voor-/achterkant-flank),Geen hindernis
17211,142,TEST Validatie BRUGGE Y2H22022134,Brugge,51.22632,3.24095,1.9245067953027806,51.21530747017164,3.219631964229203,2019,11,9,31005,Brugge,Normaal,Droog,Dag,met lichtgewonden,9,personenauto,3,Fiets,Op Kruispunt,Gemeenteweg,binnen bebouwde kom,Tss. 2 best.: langs opzij (voor-/achterkant-flank),Geen hindernis
17218,20,Brugge,Brugge,51.17416,3.20048,2.4170598392199683,51.16427417874244,3.2313546164214615,2019,11,15,31022,Oostkamp,Normaal,Droog,Dag,met lichtgewonden,3,Fiets,9,personenauto,Buiten Kruispunt,Gemeenteweg,binnen bebouwde kom,Tss. 2 best.: langs opzij (voor-/achterkant-flank),Geen hindernis
17223,18,Oostende 1,Oostende,51.21378,2.92765,2.030370612453892,51.23092209670603,2.9176073917491063,2019,11,16,35013,Oostende,Normaal,Droog,Dageraad - schemering,met lichtgewonden,3,Fiets,9,personenauto,Op Kruispunt,Gemeenteweg,binnen bebouwde kom,Tss. 2 best.: langs opzij (voor-/achterkant-flank),Geen hindernis
17223,15,Oostende 2,Oostende,51.21371,2.92743,2.0324722199081457,51.23092209670603,2.9176073917491063,2019,11,16,35013,Oostende,Normaal,Droog,Dageraad - schemering,met lichtgewonden,3,Fiets,9,personenauto,Op Kruispunt,Gemeenteweg,binnen bebouwde kom,Tss. 2 best.: langs opzij (voor-/achterkant-flank),Geen hindernis