crash_row_id,site_id,site_name,site_gemeente,site_lat,site_long,distance_km,crash_lat,crash_long,DT_YEAR_COLLISION,DT_MONTH_COLLISION,DT_TIME,CD_NIS,TX_MUNTY_COLLISION_NL,TX_WEATHER_NL,TX_ROAD_CONDITION_NL,TX_LIGHT_CONDITION_NL,TX_CLASS_ACCIDENTS_NL,CD_ROAD_USR_TYPE1,TX_ROAD_USR_TYPE1_NL,CD_ROAD_USR_TYPE2,TX_ROAD_USR_TYPE2_NL,TX_CROSSWAY_NL,CD_ROAD_TYPE_NL,TX_BUILD_UP_AREA_NL,TX_COLLISION_TYPE_NL,TX_OBSTACLES_NL
17224,15,Oostende 2,Oostende,51.21371,2.92743,2.073129788970033,51.21395391706789,2.8976693952120813,2019,11,8,35013,Oostende,Normaal,Droog,Dag,met lichtgewonden,3,Fiets,3,Fiets,Op Kruispunt,Gemeenteweg,binnen bebouwde kom,Tss. 2 best.: langs opzij (voor-/achterkant-flank),Geen hindernis
17224,18,Oostende 1,Oostende,51.21378,2.92765,2.08836425106011,51.21395391706789,2.8976693952120813,2019,11,8,35013,Oostende,Normaal,Droog,Dag,met lichtgewonden,3,Fiets,3,Fiets,Op Kruispunt,Gemeenteweg,binnen bebouwde kom,Tss. 2 best.: langs opzij (voor-/achterkant-flank),Geen hindernis
17225,15,Oostende 2,Oostende,51.21371,2.92743,1.7338077486692423,51.22496994355076,2.9102091798486236,2019,11,10,35013,Oostende,Normaal,Droog,Dag,met lichtgewonden,9,personenauto,3,Fiets,Buiten Kruispunt,Gewestweg,binnen bebouwde kom,Tss. 2 best.: langs opzij (voor-/achterkant-flank),Geen hindernis
17225,18,Oostende 1,Oostende,51.21378,2.92765,1.7388630860626006,51.22496994355076,2.9102091798486236,2019,11,10,35013,Oostende,Normaal,Droog,Dag,met lichtgewonden,9,personenauto,3,Fiets,Buiten Kruispunt,Gewestweg,binnen bebouwde kom,Tss. 2 best.: langs opzij (voor-/achterkant-flank),Geen hindernis
17226,15,Oostende 2,Oostende,51.21371,2.92743,1.1801659627060086,51.2217414286364,2.9163526107442745,2019,11,6,35013,Oostende,Onbekend,Onbekend,Onbekend,met lichtgewonden,9,personenauto,3,Fiets,Buiten Kruispunt,Gemeenteweg,onbekend,Tussen 2 bestuurders: Flank tegen flank,Geen hindernis
17226,18,Oostende 1,Oostende,51.21378,2.92765,1.184410061949468,51.2217414286364,2.9163526107442745,2019,11,6,35013,Oostende,Onbekend,Onbekend,Onbekend,met lichtgewonden,9,personenauto,3,Fiets,Buiten Kruispunt,Gemeenteweg,onbekend,Tussen 2 bestuurders: Flank tegen flank,Geen hindernis
17227,15,Oostende 2,Oostende,51.21371,2.92743,1.4804169084601835,51.22517985717977,2.916637171546461,2019,11,12,35013,Oostende,Normaal,"Nat, plassen",Dag,met lichtgewonden,9,personenauto,3,Fiets,Buiten Kruispunt,Gemeenteweg,binnen bebouwde kom,Tss. 2 best.: langs opzij (voor-/achterkant-flank),Geen hindernis
17227,18,Oostende 1,Oostende,51.21378,2.92765,1.4815899331246072,51.22517985717977,2.916637171546461,2019,11,12,35013,Oostende,Normaal,"Nat, plassen",Dag,met lichtgewonden,9,personenauto,3,Fiets,Buiten Kruispunt,Gemeenteweg,binnen bebouwde kom,Tss. 2 best.: langs opzij (voor-/achterkant-flank),Geen hindernis
17228,15,Oostende 2,Oostende,51.21371,2.92743,0.31852563525185695,51.21113369629238,2.9294291953905565,2019,11,12,35013,Oostende,Normaal,Droog,Dag,met lichtgewonden,9,personenauto,3,Fiets,Buiten Kruispunt,Gemeenteweg,binnen bebouwde kom,Tss. 2 best.: langs opzij (voor-/achterkant-flank),Geen hindernis
17228,18,Oostende 1,Oostende,51.21378,2.92765,0.3192890835685659,51.21113369629238,2.9294291953905565,2019,11,12,35013,Oostende,Normaal,Droog,Dag,met lichtgewonden,9,personenauto,3,Fiets,Buiten Kruispunt,Gemeenteweg,binnen bebouwde kom,Tss. 2 best.: langs opzij (voor-/achterkant-flank),Geen hindernis
17229,15,Oostende 2,Oostende,51.21371,2.92743,0.867802214966643,51.20870081619874,2.9178767909868975,2019,11,15,35013,Oostende,Normaal,"Nat, plassen",Dag,met lichtgewonden,3,Fiets,9,personenauto,Op Kruispunt,Gemeenteweg,binnen bebouwde kom,Tussen 2 bestuurders: Langs achteren,Geen hindernis
17229,18,Oostende 1,Oostende,51.21378,2.92765,0.8845577465636484,51.20870081619874,2.9178767909868975,2019,11,15,35013,Oostende,Normaal,"Nat, plassen",Dag,met lichtgewonden,3,Fiets,9,personenauto,Op Kruispunt,Gemeenteweg,binnen bebouwde kom,Tussen 2 bestuurders: Langs achteren,Geen hindernis
17230,18,Oostende 1,Oostende,51.21378,2.92765,1.3931097420773886,51.22605398105639,2.9236382465762745,2019,11,11,35013,Oostende,Regenval,"Nat, plassen",Dag,met lichtgewonden,3,Fiets,9,personenauto,Op Kruispunt,Gewestweg,binnen bebouwde kom,Tss. 2 best.: langs opzij (voor-/achterkant-flank),Geen hindernis
17230,15,Oostende 2,Oostende,51.21371,2.92743,1.3977605906310615,51.22605398105639,2.9236382465762745,2019,11,11,35013,Oostende,Regenval,"Nat, plassen",Dag,met lichtgewonden,3,Fiets,9,personenauto,Op Kruispunt,Gewestweg,binnen bebouwde kom,Tss. 2 best.: langs opzij (voor-/achterkant-flank),Geen hindernis
17239,84,Roeselare totem,Izegem,50.91717,3.18772,1.6067923690433277,50.91885162586433,3.210485425798143,2019,11,10,36008,Izegem,Normaal,Droog,Dag,met lichtgewonden,5,Lichte vrachtauto,3,Fiets,Buiten Kruispunt,Gewestweg,binnen bebouwde kom,Tussen 2 bestuurders: Flank tegen flank,Geen hindernis
17240,84,Roeselare totem,Izegem,50.91717,3.18772,1.8805830590699724,50.91970353338903,3.214244360981657,2019,11,23,36008,Izegem,Normaal,Droog,"Nacht, openbare verlichting aanwezig en ontstoken",met lichtgewonden,3,Fiets,9,personenauto,Op Kruispunt,Gemeenteweg,binnen bebouwde kom,Tussen 2 bestuurders: Flank tegen flank,Geen hindernis
17256,143,Eco Display Classic Budastraat,Kortrijk,50.83066,3.26286,0.5238076213503646,50.83091213322603,3.2554124583703854,2019,11,9,34022,Kortrijk,Normaal,Droog,Dag,met lichtgewonden,4,Vrachtwagen,3,Fiets,Op Kruispunt,Gewestweg,binnen bebouwde kom,Tss. 2 best.: langs opzij (voor-/achterkant-flank),Geen hindernis
17256,75,Kortrijk teller 2,Kortrijk,50.81925,3.25731,1.3036016913000892,50.83091213322603,3.2554124583703854,2019,11,9,34022,Kortrijk,Normaal,Droog,Dag,met lichtgewonden,4,Vrachtwagen,3,Fiets,Op Kruispunt,Gewestweg,binnen bebouwde kom,Tss. 2 best.: langs opzij (voor-/achterkant-flank),Geen hindernis
17256,74,Kortrijk teller 1,Kortrijk,50.81909,3.25728,1.3210900175998677,50.83091213322603,3.2554124583703854,2019,11,9,34022,Kortrijk,Normaal,Droog,Dag,met lichtgewonden,4,Vrachtwagen,3,Fiets,Op Kruispunt,Gewestweg,binnen bebouwde kom,Tss. 2 best.: langs opzij (voor-/achterkant-flank),Geen hindernis
17256,17,Kortrijk 2,Kortrijk,50.83339,3.27773,1.591395968166975,50.83091213322603,3.2554124583703854,2019,11,9,34022,Kortrijk,Normaal,Droog,Dag,met lichtgewonden,4,Vrachtwagen,3,Fiets,Op Kruispunt,Gewestweg,binnen bebouwde kom,Tss. 2 best.: langs opzij (voor-/achterkant-flank),Geen hindernis
17256,16,Kortrijk 1,Kortrijk,50.83332,3.27777,1.5928371504700196,50.83091213322603,3.2554124583703854,2019,11,9,34022,Kortrijk,Normaal,Droog,Dag,met lichtgewonden,4,Vrachtwagen,3,Fiets,Op Kruispunt,Gewestweg,binnen bebouwde kom,Tss. 2 best.: langs opzij (voor-/achterkant-flank),Geen hindernis
17259,143,Eco Display Classic Budastraat,Kortrijk,50.83066,3.26286,0.7997642384816619,50.8246225771041,3.2690486263384066,2019,11,21,34022,Kortrijk,Normaal,Droog,"Nacht, openbare verlichting aanwezig en ontstoken",met lichtgewonden,9,personenauto,3,Fiets,Op Kruispunt,Gemeenteweg,binnen bebouwde kom,Tss. 2 best.: langs opzij (voor-/achterkant-flank),Geen hindernis
17259,75,Kortrijk teller 2,Kortrijk,50.81925,3.25731,1.0182491837287964,50.8246225771041,3.2690486263384066,2019,11,21,34022,Kortrijk,Normaal,Droog,"Nacht, openbare verlichting aanwezig en ontstoken",met lichtgewonden,9,personenauto,3,Fiets,Op Kruispunt,Gemeenteweg,binnen bebouwde kom,Tss. 2 best.: langs opzij (voor-/achterkant-flank),Geen hindernis
17259,74,Kortrijk teller 1,Kortrijk,50.81909,3.25728,1.0304790830232589,50.8246225771041,3.2690486263384066,2019,11,21,34022,Kortrijk,Normaal,Droog,"Nacht, openbare verlichting aanwezig en ontstoken",met lichtgewonden,9,personenauto,3,Fiets,Op Kruispunt,Gemeenteweg,binnen bebouwde kom,Tss. 2 best.: langs opzij (voor-/achterkant-flank),Geen hindernis
17259,16,Kortrijk 1,Kortrijk,50.83332,3.27777,1.1447756256396249,50.8246225771041,3.2690486263384066,2019,11,21,34022,Kortrijk,Normaal,Droog,"Nacht, openbare verlichting aanwezig en ontstoken",met lichtgewonden,9,personenauto,3,Fiets,Op Kruispunt,Gemeenteweg,binnen bebouwde kom,Tss. 2 best.: langs opzij (voor-/achterkant-flank),Geen hindernis
17259,17,Kortrijk 2,Kortrijk,50.83339,3.27773,1.1498663683134878,50.8246225771041,3.2690486263384066,2019,11,21,34022,Kortrijk,Normaal,Droog,"Nacht, openbare verlichting aanwezig en ontstoken",met lichtgewonden,9,personenauto,3,Fiets,Op Kruispunt,Gemeenteweg,binnen bebouwde kom,Tss. 2 best.: langs opzij (voor-/achterkant-flank),Geen hindernis
17260,75,Kortrijk teller 2,Kortrijk,50.81925,3.25731,0.6400851797668212,50.823620297002634,3.263240592281338,2019,11,8,34022,Kortrijk,Normaal,Droog,Dag,met lichtgewonden,6,Bromfiets,3,Fiets,Buiten Kruispunt,Gewestweg,binnen bebouwde kom,Tss. 2 best.: langs opzij (voor-/achterkant-flank),Geen hindernis
17260,74,Kortrijk teller 1,Kortrijk,50.81909,3.25728,0.6550403920730037,50.823620297002634,3.263240592281338,2019,11,8,34022,Kortrijk,Normaal,Droog,Dag,met lichtgewonden,6,Bromfiets,3,Fiets,Buiten Kruispunt,Gewestweg,binnen bebouwde kom,Tss. 2 best.: langs opzij (voor-/achterkant-flank),Geen hindernis
17260,143,Eco Display Classic Budastraat,Kortrijk,50.83066,3.26286,0.7832355723310738,50.823620297002634,3.263240592281338,2019,11,8,34022,Kortrijk,Normaal,Droog,Dag,met lichtgewonden,6,Bromfiets,3,Fiets,Buiten Kruispunt,Gewestweg,binnen bebouwde kom,Tss. 2 best.: langs opzij (voor-/achterkant-flank),Geen hindernis
17260,16,Kortrijk 1,Kortrijk,50.83332,3.27777,1.484813263744495,50.823620297002634,3.263240592281338,2019,11,8,34022,Kortrijk,Normaal,Droog,Dag,met lichtgewonden,6,Bromfiets,3,Fiets,Buiten Kruispunt,Gewestweg,binnen bebouwde kom,Tss. 2 best.: langs opzij (voor-/achterkant-flank),Geen hindernis
17260,17,Kortrijk 2,Kortrijk,50.83339,3.27773,1.4885542108854044,50.823620297002634,3.263240592281338,2019,11,8,34022,Kortrijk,Normaal,Droog,Dag,met lichtgewonden,6,Bromfiets,3,Fiets,Buiten Kruispunt,Gewestweg,binnen bebouwde kom,Tss. 2 best.: langs opzij (voor-/achterkant-flank),Geen hindernis
17261,74,Kortrijk teller 1,Kortrijk,50.81909,3.25728,0.9033212646027721,50.81338050317632,3.2664267875713824,2019,11,7,34022,Kortrijk,Normaal,"Nat, plassen","Nacht, openbare verlichting aanwezig en ontstoken",met lichtgewonden,9,personenauto,3,Fiets,Op Kruispunt,Gewestweg,binnen bebouwde kom,Tss. 2 best.: langs opzij (voor-/achterkant-flank),Geen hindernis
17261,75,Kortrijk teller 2,Kortrijk,50.81925,3.25731,0.914434382829085,50.81338050317632,3.2664267875713824,2019,11,7,34022,Kortrijk,Normaal,"Nat, plassen","Nacht, openbare verlichting aanwezig en ontstoken",met lichtgewonden,9,personenauto,3,Fiets,Op Kruispunt,Gewestweg,binnen bebouwde kom,Tss. 2 best.: langs opzij (voor-/achterkant-flank),Geen hindernis
17261,143,Eco Display Classic Budastraat,Kortrijk,50.83066,3.26286,1.9376594305340493,50.81338050317632,3.2664267875713824,2019,11,7,34022,Kortrijk,Normaal,"Nat, plassen","Nacht, openbare verlichting aanwezig en ontstoken",met lichtgewonden,9,personenauto,3,Fiets,Op Kruispunt,Gewestweg,binnen bebouwde kom,Tss. 2 best.: langs opzij (voor-/achterkant-flank),Geen hindernis
17261,16,Kortrijk 1,Kortrijk,50.83332,3.27777,2.3559951264568877,50.81338050317632,3.2664267875713824,2019,11,7,34022,Kortrijk,Normaal,"Nat, plassen","Nacht, openbare verlichting aanwezig en ontstoken",met lichtgewonden,9,personenauto,3,Fiets,Op Kruispunt,Gewestweg,binnen bebouwde kom,Tss. 2 best.: langs opzij (voor-/achterkant-flank),Geen hindernis
17261,17,Kortrijk 2,Kortrijk,50.83339,3.27773,2.362375585224987,50.81338050317632,3.2664267875713824,2019,11,7,34022,Kortrijk,Normaal,"Nat, plassen","Nacht, openbare verlichting aanwezig en ontstoken",met lichtgewonden,9,personenauto,3,Fiets,Op Kruispunt,Gewestweg,binnen bebouwde kom,Tss. 2 best.: langs opzij (voor-/achterkant-flank),Geen hindernis
17262,17,Kortrijk 2,Kortrijk,50.83339,3.27773,2.2085674502274437,50.85249943279249,3.2863071814952427,2019,11,8,34023,Kuurne,Normaal,Droog,Dag,met lichtgewonden,9,personenauto,3,Fiets,Op Kruispunt,Gemeenteweg,binnen bebouwde kom,Tussen 2 bestuurders: Langs achteren,Geen hindernis
17262,16,Kortrijk 1,Kortrijk,50.83332,3.27777,2.215295660326089,50.85249943279249,3.2863071814952427,2019,11,8,34023,Kuurne,Normaal,Droog,Dag,met lichtgewonden,9,personenauto,3,Fiets,Op Kruispunt,Gemeenteweg,binnen bebouwde kom,Tussen 2 bestuurders: Langs achteren,Geen hindernis
17263,16,Kortrijk 1,Kortrijk,50.83332,3.27777,1.4837174599785576,50.820627463794416,3.284286920379965,2019,11,18,34022,Kortrijk,Onbekend,Onbekend,"Nacht, openbare verlichting aanwezig en ontstoken",met lichtgewonden,9,personenauto,3,Fiets,Op Kruispunt,Gewestweg,binnen bebouwde kom,Tss. 2 best.: langs opzij (voor-/achterkant-flank),Geen hindernis
17263,17,Kortrijk 2,Kortrijk,50.83339,3.27773,1.491988107388558,50.820627463794416,3.284286920379965,2019,11,18,34022,Kortrijk,Onbekend,Onbekend,"Nacht, openbare verlichting aanwezig en ontstoken",met lichtgewonden,9,personenauto,3,Fiets,Op Kruispunt,Gewestweg,binnen bebouwde kom,Tss. 2 best.: langs opzij (voor-/achterkant-flank),Geen hindernis
17263,143,Eco Display Classic Budastraat,Kortrijk,50.83066,3.26286,1.873389451081354,50.820627463794416,3.284286920379965,2019,11,18,34022,Kortrijk,Onbekend,Onbekend,"Nacht, openbare verlichting aanwezig en ontstoken",met lichtgewonden,9,personenauto,3,Fiets,Op Kruispunt,Gewestweg,binnen bebouwde kom,Tss. 2 best.: langs opzij (voor-/achterkant-flank),Geen hindernis
17263,75,Kortrijk teller 2,Kortrijk,50.81925,3.25731,1.9012667714978673,50.820627463794416,3.284286920379965,2019,11,18,34022,Kortrijk,Onbekend,Onbekend,"Nacht, openbare verlichting aanwezig en ontstoken",met lichtgewonden,9,personenauto,3,Fiets,Op Kruispunt,Gewestweg,binnen bebouwde kom,Tss. 2 best.: langs opzij (voor-/achterkant-flank),Geen hindernis
17263,74,Kortrijk teller 1,Kortrijk,50.81909,3.25728,1.9048848519511319,50.820627463794416,3.284286920379965,2019,11,18,34022,Kortrijk,Onbekend,Onbekend,"Nacht, openbare verlichting aanwezig en ontstoken",met lichtgewonden,9,personenauto,3,Fiets,Op Kruispunt,Gewestweg,binnen bebouwde kom,Tss. 2 best.: langs opzij (voor-/achterkant-flank),Geen hindernis
17264,143,Eco Display Classic Budastraat,Kortrijk,50.83066,3.26286,0.8718080598588348,50.82361805579648,3.268317129771939,2019,11,21,34022,Kortrijk,Normaal,Droog,"Nacht, openbare verlichting aanwezig en ontstoken",met zwaargewonden,3,Fiets,8,Voetganger,Buiten Kruispunt,Gewestweg,binnen bebouwde kom,Met een voetganger,Geen hindernis
17264,75,Kortrijk teller 2,Kortrijk,50.81925,3.25731,0.9131058984088744,50.82361805579648,3.268317129771939,2019,11,21,34022,Kortrijk,Normaal,Droog,"Nacht, openbare verlichting aanwezig en ontstoken",met zwaargewonden,3,Fiets,8,Voetganger,Buiten Kruispunt,Gewestweg,binnen bebouwde kom,Met een voetganger,Geen hindernis
17264,74,Kortrijk teller 1,Kortrijk,50.81909,3.25728,0.9244603132469763,50.82361805579648,3.268317129771939,2019,11,21,34022,Kortrijk,Normaal,Droog,"Nacht, openbare verlichting aanwezig en ontstoken",met zwaargewonden,3,Fiets,8,Voetganger,Buiten Kruispunt,Gewestweg,binnen bebouwde kom,Met een voetganger,Geen hindernis
17264,16,Kortrijk 1,Kortrijk,50.83332,3.27777,1.2667380270324409,50.82361805579648,3.268317129771939,2019,11,21,34022,Kortrijk,Normaal,Droog,"Nacht, openbare verlichting aanwezig en ontstoken",met zwaargewonden,3,Fiets,8,Voetganger,Buiten Kruispunt,Gewestweg,binnen bebouwde kom,Met een voetganger,Geen hindernis
17264,17,Kortrijk 2,Kortrijk,50.83339,3.27773,1.2719106253743888,50.82361805579648,3.268317129771939,2019,11,21,34022,Kortrijk,Normaal,Droog,"Nacht, openbare verlichting aanwezig en ontstoken",met zwaargewonden,3,Fiets,8,Voetganger,Buiten Kruispunt,Gewestweg,binnen bebouwde kom,Met een voetganger,Geen hindernis
17271,17,Kortrijk 2,Kortrijk,50.83339,3.27773,2.142065183123765,50.84697183703832,3.299363957428332,2019,11,8,34013,Harelbeke,Normaal,Droog,Dag,met lichtgewonden,9,personenauto,3,Fiets,Op Kruispunt,Gemeenteweg,binnen bebouwde kom,Tss. 2 best.: langs opzij (voor-/achterkant-flank),Geen hindernis
17271,16,Kortrijk 1,Kortrijk,50.83332,3.27777,2.145574972982995,50.84697183703832,3.299363957428332,2019,11,8,34013,Harelbeke,Normaal,Droog,Dag,met lichtgewonden,9,personenauto,3,Fiets,Op Kruispunt,Gemeenteweg,binnen bebouwde kom,Tss. 2 best.: langs opzij (voor-/achterkant-flank),Geen hindernis
17277,67,Ieper totem,Ieper,50.85018,2.85624,1.6544862368199265,50.84997390471488,2.8798048745025766,2019,11,9,33011,Ieper,Normaal,Droog,Dag,met lichtgewonden,3,Fiets,3,Fiets,Buiten Kruispunt,Gewestweg,binnen bebouwde kom,Tss. 2 best.: langs opzij (voor-/achterkant-flank),Geen hindernis
17277,68,Ieper,Ieper,50.85032,2.85608,1.6660020573213126,50.84997390471488,2.8798048745025766,2019,11,9,33011,Ieper,Normaal,Droog,Dag,met lichtgewonden,3,Fiets,3,Fiets,Buiten Kruispunt,Gewestweg,binnen bebouwde kom,Tss. 2 best.: langs opzij (voor-/achterkant-flank),Geen hindernis
17279,62,Wervik teller 1,Wervik,50.8058,3.09154,2.1397779094911895,50.80160378192939,3.0618231984858926,2019,11,7,33029,Wervik,Normaal,Droog,Dag,met lichtgewonden,9,personenauto,3,Fiets,Op Kruispunt,Gewestweg,buiten bebouwde kom,Tss. 2 best.: langs opzij (voor-/achterkant-flank),Geen hindernis
17279,61,Wervik teller 2,Wervik,50.80555,3.0921,2.1724210629850775,50.80160378192939,3.0618231984858926,2019,11,7,33029,Wervik,Normaal,Droog,Dag,met lichtgewonden,9,personenauto,3,Fiets,Op Kruispunt,Gewestweg,buiten bebouwde kom,Tss. 2 best.: langs opzij (voor-/achterkant-flank),Geen hindernis
17281,67,Ieper totem,Ieper,50.85018,2.85624,1.468755225425164,50.85024909559943,2.877161287197383,2019,11,15,33011,Ieper,Normaal,Droog,Dag,met zwaargewonden,3,Fiets,9,personenauto,Op Kruispunt,Gewestweg,binnen bebouwde kom,Tussen 2 bestuurders: Flank tegen flank,Geen hindernis
17281,68,Ieper,Ieper,50.85032,2.85608,1.4799863744535455,50.85024909559943,2.877161287197383,2019,11,15,33011,Ieper,Normaal,Droog,Dag,met zwaargewonden,3,Fiets,9,personenauto,Op Kruispunt,Gewestweg,binnen bebouwde kom,Tussen 2 bestuurders: Flank tegen flank,Geen hindernis
17282,67,Ieper totem,Ieper,50.85018,2.85624,2.390709916171419,50.85332688583432,2.8899286538660554,2019,11,13,33011,Ieper,Normaal,Droog,Dag,met lichtgewonden,3,Fiets,5,Lichte vrachtauto,Op Kruispunt,Gemeenteweg,binnen bebouwde kom,Tussen 2 bestuurders: Langs achteren,Geen hindernis
17282,68,Ieper,Ieper,50.85032,2.85608,2.3995995281206333,50.85332688583432,2.8899286538660554,2019,11,13,33011,Ieper,Normaal,Droog,Dag,met lichtgewonden,3,Fiets,5,Lichte vrachtauto,Op Kruispunt,Gemeenteweg,binnen bebouwde kom,Tussen 2 bestuurders: Langs achteren,Geen hindernis
17284,67,Ieper totem,Ieper,50.85018,2.85624,1.269065853747228,50.84495058555686,2.8723069255613214,2019,11,10,33011,Ieper,Normaal,Proper,Dag,met zwaargewonden,9,personenauto,3,Fiets,Op Kruispunt,Gemeenteweg,binnen bebouwde kom,Tussen 2 bestuurders: Flank tegen flank,Geen hindernis
17284,68,Ieper,Ieper,50.85032,2.85608,1.286211148843033,50.84495058555686,2.8723069255613214,2019,11,10,33011,Ieper,Normaal,Proper,Dag,met zwaargewonden,9,personenauto,3,Fiets,Op Kruispunt,Gemeenteweg,binnen bebouwde kom,Tussen 2 bestuurders: Flank tegen flank,Geen hindernis
17285,41,Maasmechelen teller 1,Maasmechelen,50.97025,5.69799,1.8829948276376491,50.97421434271332,5.671844710799302,2019,11,15,73107,Maasmechelen,Normaal,Droog,Dag,met lichtgewonden,3,Fiets,10,"één bestuurder, geen hindernis",Op Kruispunt,Gemeenteweg,buiten bebouwde kom,"Eén bestuurder, geen hindernis (incl. val)",Geen hindernis
17285,42,Maasmechelen teller 2,Maasmechelen,50.97043,5.6981,1.8859136951704303,50.97421434271332,5.671844710799302,2019,11,15,73107,Maasmechelen,Normaal,Droog,Dag,met lichtgewonden,3,Fiets,10,"één bestuurder, geen hindernis",Op Kruispunt,Gemeenteweg,buiten bebouwde kom,"Eén bestuurder, geen hindernis (incl. val)",Geen hindernis
17286,42,Maasmechelen teller 2,Maasmechelen,50.97043,5.6981,0.9421969555319991,50.978652631203175,5.701349499633698,2019,11,12,73107,Maasmechelen,Normaal,Droog,Dag,met lichtgewonden,3,Fiets,9,personenauto,Buiten Kruispunt,Gewestweg,buiten bebouwde kom,Tussen 2 bestuurders: Flank tegen flank,Geen hindernis
17286,41,Maasmechelen teller 1,Maasmechelen,50.97025,5.69799,0.9634832356054097,50.978652631203175,5.701349499633698,2019,11,12,73107,Maasmechelen,Normaal,Droog,Dag,met lichtgewonden,3,Fiets,9,personenauto,Buiten Kruispunt,Gewestweg,buiten bebouwde kom,Tussen 2 bestuurders: Flank tegen flank,Geen hindernis
17292,124,Beveren teller 2,Beveren,51.1964712,4.2361077,1.950810606368506,51.21107001076822,4.25163678918506,2019,11,18,46003,Beveren,Regenval,"Nat, plassen","Nacht, openbare verlichting aanwezig en ontstoken",met lichtgewonden,9,personenauto,3,Fiets,Buiten Kruispunt,Gewestweg,binnen bebouwde kom,Tss. 2 best.: langs opzij (voor-/achterkant-flank),Geen hindernis
17299,106,St. pieters leeuw teller 1,Sint-Pieters-Leeuw,50.75533,4.24951,2.1096173126421114,50.7674412314762,4.272596764167128,2019,11,16,23003,Beersel,Normaal,Droog,Dag,met lichtgewonden,3,Fiets,3,Fiets,Op Kruispunt,Gemeenteweg,binnen bebouwde kom,Tussen 2 bestuurders: Frontale botsing,Geen hindernis
17299,105,St. pieters leeuw teller 2,Halle,50.75509,4.24943,2.1310550703351883,50.7674412314762,4.272596764167128,2019,11,16,23003,Beersel,Normaal,Droog,Dag,met lichtgewonden,3,Fiets,3,Fiets,Op Kruispunt,Gemeenteweg,binnen bebouwde kom,Tussen 2 bestuurders: Frontale botsing,Geen hindernis
17302,99,Mechelen teller 1,Mechelen,51.04564,4.46882,0.6567153386835887,51.04300955228223,4.4772305174294855,2019,11,17,12025,Mechelen,Normaal,"Nat, plassen",Dag,met lichtgewonden,3,Fiets,9,personenauto,Buiten Kruispunt,Gewestweg,binnen bebouwde kom,Tss. 2 best.: langs opzij (voor-/achterkant-flank),Geen hindernis
17302,100,Mechelen teller 2,Mechelen,51.0457,4.46883,0.6590905169354362,51.04300955228223,4.4772305174294855,2019,11,17,12025,Mechelen,Normaal,"Nat, plassen",Dag,met lichtgewonden,3,Fiets,9,personenauto,Buiten Kruispunt,Gewestweg,binnen bebouwde kom,Tss. 2 best.: langs opzij (voor-/achterkant-flank),Geen hindernis
17304,99,Mechelen teller 1,Mechelen,51.04564,4.46882,2.3107105116985225,51.03101030420803,4.492290717821156,2019,11,17,12025,Mechelen,Regenval,"Nat, plassen","Nacht, openbare verlichting aanwezig en ontstoken",met lichtgewonden,3,Fiets,9,personenauto,Op Kruispunt,Gewestweg,binnen bebouwde kom,Tss. 2 best.: langs opzij (voor-/achterkant-flank),Geen hindernis
17304,100,Mechelen teller 2,Mechelen,51.0457,4.46883,2.3149159986848264,51.03101030420803,4.492290717821156,2019,11,17,12025,Mechelen,Regenval,"Nat, plassen","Nacht, openbare verlichting aanwezig en ontstoken",met lichtgewonden,3,Fiets,9,personenauto,Op Kruispunt,Gewestweg,binnen bebouwde kom,Tss. 2 best.: langs opzij (voor-/achterkant-flank),Geen hindernis
17306,99,Mechelen teller 1,Mechelen,51.04564,4.46882,1.1972391245767877,51.035213305590496,4.473091341396983,2019,11,18,12025,Mechelen,Normaal,"Nat, plassen","Nacht, openbare verlichting aanwezig en ontstoken",met lichtgewonden,3,Fiets,9,personenauto,Buiten Kruispunt,Gewestweg,binnen bebouwde kom,Tss. 2 best.: langs opzij (voor-/achterkant-flank),Geen hindernis
17306,100,Mechelen teller 2,Mechelen,51.0457,4.46883,1.2035277663650068,51.035213305590496,4.473091341396983,2019,11,18,12025,Mechelen,Normaal,"Nat, plassen","Nacht, openbare verlichting aanwezig en ontstoken",met lichtgewonden,3,Fiets,9,personenauto,Buiten Kruispunt,Gewestweg,binnen bebouwde kom,Tss. 2 best.: langs opzij (voor-/achterkant-flank),Geen hindernis
17308,99,Mechelen teller 1,Mechelen,51.04564,4.46882,1.2597850971026558,51.035653927807154,4.477330752714535,2019,11,16,12025,Mechelen,Normaal,"Nat, plassen",Dageraad - schemering,met lichtgewonden,9,personenauto,3,Fiets,Op Kruispunt,Gemeenteweg,binnen bebouwde kom,Tss. 2 best.: langs opzij (voor-/achterkant-flank),Geen hindernis
17308,100,Mechelen teller 2,Mechelen,51.0457,4.46883,1.265340859881766,51.035653927807154,4.477330752714535,2019,11,16,12025,Mechelen,Normaal,"Nat, plassen",Dageraad - schemering,met lichtgewonden,9,personenauto,3,Fiets,Op Kruispunt,Gemeenteweg,binnen bebouwde kom,Tss. 2 best.: langs opzij (voor-/achterkant-flank),Geen hindernis
17309,99,Mechelen teller 1,Mechelen,51.04564,4.46882,0.6753060486357615,51.03993898268396,4.472149331220082,2019,11,18,12025,Mechelen,Normaal,Droog,"Nacht, openbare verlichting aanwezig en ontstoken",met lichtgewonden,6,Bromfiets,3,Fiets,Op Kruispunt,Gewestweg,binnen bebouwde kom,Tussen 2 bestuurders: Frontale botsing,Geen hindernis