crash_row_id,site_id,site_name,site_gemeente,site_lat,site_long,distance_km,crash_lat,crash_long,DT_YEAR_COLLISION,DT_MONTH_COLLISION,DT_TIME,CD_NIS,TX_MUNTY_COLLISION_NL,TX_WEATHER_NL,TX_ROAD_CONDITION_NL,TX_LIGHT_CONDITION_NL,TX_CLASS_ACCIDENTS_NL,CD_ROAD_USR_TYPE1,TX_ROAD_USR_TYPE1_NL,CD_ROAD_USR_TYPE2,TX_ROAD_USR_TYPE2_NL,TX_CROSSWAY_NL,CD_ROAD_TYPE_NL,TX_BUILD_UP_AREA_NL,TX_COLLISION_TYPE_NL,TX_OBSTACLES_NL
17309,100,Mechelen teller 2,Mechelen,51.0457,4.46883,0.6813342994014995,51.03993898268396,4.472149331220082,2019,11,18,12025,Mechelen,Normaal,Droog,"Nacht, openbare verlichting aanwezig en ontstoken",met lichtgewonden,6,Bromfiets,3,Fiets,Op Kruispunt,Gewestweg,binnen bebouwde kom,Tussen 2 bestuurders: Frontale botsing,Geen hindernis
17315,99,Mechelen teller 1,Mechelen,51.04564,4.46882,1.4408421852330546,51.038848703812995,4.486371622458233,2019,11,13,12025,Mechelen,Normaal,Droog,Dag,met lichtgewonden,3,Fiets,9,personenauto,Buiten Kruispunt,Gemeenteweg,binnen bebouwde kom,Tussen 2 bestuurders: Langs achteren,Geen hindernis
17315,100,Mechelen teller 2,Mechelen,51.0457,4.46883,1.4437554531885493,51.038848703812995,4.486371622458233,2019,11,13,12025,Mechelen,Normaal,Droog,Dag,met lichtgewonden,3,Fiets,9,personenauto,Buiten Kruispunt,Gemeenteweg,binnen bebouwde kom,Tussen 2 bestuurders: Langs achteren,Geen hindernis
17319,99,Mechelen teller 1,Mechelen,51.04564,4.46882,1.1182960710812377,51.03862631110091,4.4802837880599995,2019,11,20,12025,Mechelen,Regenval,"Nat, plassen","Nacht, openbare verlichting aanwezig en ontstoken",met lichtgewonden,3,Fiets,9,personenauto,Op Kruispunt,Gewestweg,binnen bebouwde kom,Tss. 2 best.: langs opzij (voor-/achterkant-flank),Geen hindernis
17319,100,Mechelen teller 2,Mechelen,51.0457,4.46883,1.122459764443253,51.03862631110091,4.4802837880599995,2019,11,20,12025,Mechelen,Regenval,"Nat, plassen","Nacht, openbare verlichting aanwezig en ontstoken",met lichtgewonden,3,Fiets,9,personenauto,Op Kruispunt,Gewestweg,binnen bebouwde kom,Tss. 2 best.: langs opzij (voor-/achterkant-flank),Geen hindernis
17320,140,Hasselt ring,Hasselt,50.9300038,5.3438616,1.0734782533229834,50.93088407638953,5.328607968322462,2019,11,16,71022,Hasselt,Normaal,Droog,Dag,met lichtgewonden,6,Bromfiets,3,Fiets,Buiten Kruispunt,Gemeenteweg,binnen bebouwde kom,Tussen 2 bestuurders: Frontale botsing,Geen hindernis
17320,138,Hasselt-Kempische brug,Hasselt,50.9405318,5.3422472,1.436775961873276,50.93088407638953,5.328607968322462,2019,11,16,71022,Hasselt,Normaal,Droog,Dag,met lichtgewonden,6,Bromfiets,3,Fiets,Buiten Kruispunt,Gemeenteweg,binnen bebouwde kom,Tussen 2 bestuurders: Frontale botsing,Geen hindernis
17320,137,Hasselt-Kempische brug,Hasselt,50.9411605,5.3417576,1.467919993758722,50.93088407638953,5.328607968322462,2019,11,16,71022,Hasselt,Normaal,Droog,Dag,met lichtgewonden,6,Bromfiets,3,Fiets,Buiten Kruispunt,Gemeenteweg,binnen bebouwde kom,Tussen 2 bestuurders: Frontale botsing,Geen hindernis
17322,140,Hasselt ring,Hasselt,50.9300038,5.3438616,0.5612506254760949,50.9259682975291,5.33905157803523,2019,11,8,71022,Hasselt,Normaal,Droog,Dag,met lichtgewonden,9,personenauto,3,Fiets,Buiten Kruispunt,Gemeenteweg,binnen bebouwde kom,Tss. 2 best.: langs opzij (voor-/achterkant-flank),Geen hindernis
17322,138,Hasselt-Kempische brug,Hasselt,50.9405318,5.3422472,1.63479856204974,50.9259682975291,5.33905157803523,2019,11,8,71022,Hasselt,Normaal,Droog,Dag,met lichtgewonden,9,personenauto,3,Fiets,Buiten Kruispunt,Gemeenteweg,binnen bebouwde kom,Tss. 2 best.: langs opzij (voor-/achterkant-flank),Geen hindernis
17322,137,Hasselt-Kempische brug,Hasselt,50.9411605,5.3417576,1.6999059763419961,50.9259682975291,5.33905157803523,2019,11,8,71022,Hasselt,Normaal,Droog,Dag,met lichtgewonden,9,personenauto,3,Fiets,Buiten Kruispunt,Gemeenteweg,binnen bebouwde kom,Tss. 2 best.: langs opzij (voor-/achterkant-flank),Geen hindernis
17324,140,Hasselt ring,Hasselt,50.9300038,5.3438616,1.1764630952724562,50.92269479350477,5.331725271417247,2019,11,8,71022,Hasselt,Onbekend,Droog,Dageraad - schemering,met lichtgewonden,9,personenauto,3,Fiets,Op Kruispunt,Gewestweg,binnen bebouwde kom,Tss. 2 best.: langs opzij (voor-/achterkant-flank),Geen hindernis
17324,138,Hasselt-Kempische brug,Hasselt,50.9405318,5.3422472,2.1160208210375595,50.92269479350477,5.331725271417247,2019,11,8,71022,Hasselt,Onbekend,Droog,Dageraad - schemering,met lichtgewonden,9,personenauto,3,Fiets,Op Kruispunt,Gewestweg,binnen bebouwde kom,Tss. 2 best.: langs opzij (voor-/achterkant-flank),Geen hindernis
17324,137,Hasselt-Kempische brug,Hasselt,50.9411605,5.3417576,2.170325039140068,50.92269479350477,5.331725271417247,2019,11,8,71022,Hasselt,Onbekend,Droog,Dageraad - schemering,met lichtgewonden,9,personenauto,3,Fiets,Op Kruispunt,Gewestweg,binnen bebouwde kom,Tss. 2 best.: langs opzij (voor-/achterkant-flank),Geen hindernis
17326,140,Hasselt ring,Hasselt,50.9300038,5.3438616,2.433362863395996,50.930093137199215,5.309140575646833,2019,11,11,71022,Hasselt,Normaal,Droog,Dag,met lichtgewonden,9,personenauto,3,Fiets,Op Kruispunt,Gemeenteweg,buiten bebouwde kom,Tss. 2 best.: langs opzij (voor-/achterkant-flank),Geen hindernis
17327,140,Hasselt ring,Hasselt,50.9300038,5.3438616,0.8216807955477623,50.92701456892668,5.333139611715867,2019,11,9,71022,Hasselt,Normaal,"Nat, plassen",Dag,met lichtgewonden,3,Fiets,3,Fiets,Buiten Kruispunt,Gemeenteweg,binnen bebouwde kom,Tussen 2 bestuurders: Frontale botsing,Geen hindernis
17327,138,Hasselt-Kempische brug,Hasselt,50.9405318,5.3422472,1.6329400943587666,50.92701456892668,5.333139611715867,2019,11,9,71022,Hasselt,Normaal,"Nat, plassen",Dag,met lichtgewonden,3,Fiets,3,Fiets,Buiten Kruispunt,Gemeenteweg,binnen bebouwde kom,Tussen 2 bestuurders: Frontale botsing,Geen hindernis
17327,137,Hasselt-Kempische brug,Hasselt,50.9411605,5.3417576,1.6849060415557762,50.92701456892668,5.333139611715867,2019,11,9,71022,Hasselt,Normaal,"Nat, plassen",Dag,met lichtgewonden,3,Fiets,3,Fiets,Buiten Kruispunt,Gemeenteweg,binnen bebouwde kom,Tussen 2 bestuurders: Frontale botsing,Geen hindernis
17328,140,Hasselt ring,Hasselt,50.9300038,5.3438616,0.22851356683640853,50.927949076014464,5.343801607425412,2019,11,16,71022,Hasselt,Normaal,Droog,Dag,met lichtgewonden,9,personenauto,3,Fiets,Buiten Kruispunt,Gemeenteweg,binnen bebouwde kom,Tussen 2 bestuurders: Flank tegen flank,Geen hindernis
17328,138,Hasselt-Kempische brug,Hasselt,50.9405318,5.3422472,1.4033688347417503,50.927949076014464,5.343801607425412,2019,11,16,71022,Hasselt,Normaal,Droog,Dag,met lichtgewonden,9,personenauto,3,Fiets,Buiten Kruispunt,Gemeenteweg,binnen bebouwde kom,Tussen 2 bestuurders: Flank tegen flank,Geen hindernis
17328,137,Hasselt-Kempische brug,Hasselt,50.9411605,5.3417576,1.4760097322103332,50.927949076014464,5.343801607425412,2019,11,16,71022,Hasselt,Normaal,Droog,Dag,met lichtgewonden,9,personenauto,3,Fiets,Buiten Kruispunt,Gemeenteweg,binnen bebouwde kom,Tussen 2 bestuurders: Flank tegen flank,Geen hindernis
17329,140,Hasselt ring,Hasselt,50.9300038,5.3438616,0.8747440468558525,50.92235004356947,5.340976991325706,2019,11,8,71022,Hasselt,Normaal,Droog,Dag,met lichtgewonden,9,personenauto,3,Fiets,Op Kruispunt,Gewestweg,binnen bebouwde kom,Tss. 2 best.: langs opzij (voor-/achterkant-flank),Geen hindernis
17329,138,Hasselt-Kempische brug,Hasselt,50.9405318,5.3422472,2.02367784709195,50.92235004356947,5.340976991325706,2019,11,8,71022,Hasselt,Normaal,Droog,Dag,met lichtgewonden,9,personenauto,3,Fiets,Op Kruispunt,Gewestweg,binnen bebouwde kom,Tss. 2 best.: langs opzij (voor-/achterkant-flank),Geen hindernis
17329,137,Hasselt-Kempische brug,Hasselt,50.9411605,5.3417576,2.092342589237878,50.92235004356947,5.340976991325706,2019,11,8,71022,Hasselt,Normaal,Droog,Dag,met lichtgewonden,9,personenauto,3,Fiets,Op Kruispunt,Gewestweg,binnen bebouwde kom,Tss. 2 best.: langs opzij (voor-/achterkant-flank),Geen hindernis
17330,137,Hasselt-Kempische brug,Hasselt,50.9411605,5.3417576,1.8135450708795418,50.93661302507042,5.316901873920424,2019,11,14,71022,Hasselt,Normaal,Droog,Dag,met lichtgewonden,3,Fiets,6,Bromfiets,Op Kruispunt,Gewestweg,binnen bebouwde kom,Tussen 2 bestuurders: Flank tegen flank,Geen hindernis
17330,138,Hasselt-Kempische brug,Hasselt,50.9405318,5.3422472,1.828619588773246,50.93661302507042,5.316901873920424,2019,11,14,71022,Hasselt,Normaal,Droog,Dag,met lichtgewonden,3,Fiets,6,Bromfiets,Op Kruispunt,Gewestweg,binnen bebouwde kom,Tussen 2 bestuurders: Flank tegen flank,Geen hindernis
17330,140,Hasselt ring,Hasselt,50.9300038,5.3438616,2.0271817211834198,50.93661302507042,5.316901873920424,2019,11,14,71022,Hasselt,Normaal,Droog,Dag,met lichtgewonden,3,Fiets,6,Bromfiets,Op Kruispunt,Gewestweg,binnen bebouwde kom,Tussen 2 bestuurders: Flank tegen flank,Geen hindernis
17333,22,Tienen 2,Tienen,50.81330800184882,4.935984252796022,1.20159418502081,50.80489658458926,4.946719939562308,2019,11,18,24107,Tienen,Normaal,Droog,"Nacht, geen openbare verlichting aanwezig",met lichtgewonden,3,Fiets,5,Lichte vrachtauto,Op Kruispunt,Gewestweg,binnen bebouwde kom,Tss. 2 best.: langs opzij (voor-/achterkant-flank),Geen hindernis
17333,24,Tienen 1,Tienen,50.8133795491886,4.935044252605416,1.2501128139944644,50.80489658458926,4.946719939562308,2019,11,18,24107,Tienen,Normaal,Droog,"Nacht, geen openbare verlichting aanwezig",met lichtgewonden,3,Fiets,5,Lichte vrachtauto,Op Kruispunt,Gewestweg,binnen bebouwde kom,Tss. 2 best.: langs opzij (voor-/achterkant-flank),Geen hindernis
17333,23,Tienen 3,Tienen,50.81324,4.93447,1.2655372326539571,50.80489658458926,4.946719939562308,2019,11,18,24107,Tienen,Normaal,Droog,"Nacht, geen openbare verlichting aanwezig",met lichtgewonden,3,Fiets,5,Lichte vrachtauto,Op Kruispunt,Gewestweg,binnen bebouwde kom,Tss. 2 best.: langs opzij (voor-/achterkant-flank),Geen hindernis
17334,23,Tienen 3,Tienen,50.81324,4.93447,1.2969797939663974,50.801599760792136,4.935648034754418,2019,11,16,24107,Tienen,Normaal,Droog,Dag,met lichtgewonden,9,personenauto,3,Fiets,Op Kruispunt,Gewestweg,binnen bebouwde kom,Tss. 2 best.: langs opzij (voor-/achterkant-flank),Geen hindernis
17334,22,Tienen 2,Tienen,50.81330800184882,4.935984252796022,1.3021113465331595,50.801599760792136,4.935648034754418,2019,11,16,24107,Tienen,Normaal,Droog,Dag,met lichtgewonden,9,personenauto,3,Fiets,Op Kruispunt,Gewestweg,binnen bebouwde kom,Tss. 2 best.: langs opzij (voor-/achterkant-flank),Geen hindernis
17334,24,Tienen 1,Tienen,50.8133795491886,4.935044252605416,1.3105396158610831,50.801599760792136,4.935648034754418,2019,11,16,24107,Tienen,Normaal,Droog,Dag,met lichtgewonden,9,personenauto,3,Fiets,Op Kruispunt,Gewestweg,binnen bebouwde kom,Tss. 2 best.: langs opzij (voor-/achterkant-flank),Geen hindernis
17335,22,Tienen 2,Tienen,50.81330800184882,4.935984252796022,0.8614734384250895,50.81833839444778,4.945310025781055,2019,11,7,24107,Tienen,Normaal,Droog,Dag,met lichtgewonden,9,personenauto,3,Fiets,Op Kruispunt,Gemeenteweg,binnen bebouwde kom,Tussen 2 bestuurders: Flank tegen flank,Geen hindernis
17335,24,Tienen 1,Tienen,50.8133795491886,4.935044252605416,0.9078520266537615,50.81833839444778,4.945310025781055,2019,11,7,24107,Tienen,Normaal,Droog,Dag,met lichtgewonden,9,personenauto,3,Fiets,Op Kruispunt,Gemeenteweg,binnen bebouwde kom,Tussen 2 bestuurders: Flank tegen flank,Geen hindernis
17335,23,Tienen 3,Tienen,50.81324,4.93447,0.9494056976181583,50.81833839444778,4.945310025781055,2019,11,7,24107,Tienen,Normaal,Droog,Dag,met lichtgewonden,9,personenauto,3,Fiets,Op Kruispunt,Gemeenteweg,binnen bebouwde kom,Tussen 2 bestuurders: Flank tegen flank,Geen hindernis
17337,113,Deinze teller 2,Deinze,50.96018,3.55578,2.3729174332758873,50.97327868495541,3.529028773487638,2019,11,16,44083,Deinze,Normaal,Droog,Dag,met lichtgewonden,6,Bromfiets,3,Fiets,Op Kruispunt,Gemeenteweg,binnen bebouwde kom,Tss. 2 best.: langs opzij (voor-/achterkant-flank),Geen hindernis
17337,114,Deinze teller 1,Nazareth,50.9598305,3.555502,2.3817895752695817,50.97327868495541,3.529028773487638,2019,11,16,44083,Deinze,Normaal,Droog,Dag,met lichtgewonden,6,Bromfiets,3,Fiets,Op Kruispunt,Gemeenteweg,binnen bebouwde kom,Tss. 2 best.: langs opzij (voor-/achterkant-flank),Geen hindernis
17349,2,Brasschaat 2,Brasschaat,51.27512,4.47169,1.5447212802886217,51.26218347062367,4.463597830712918,2019,12,13,11002,Antwerpen,Normaal,Droog,Dag,met lichtgewonden,9,personenauto,3,Fiets,Buiten Kruispunt,Gewestweg,buiten bebouwde kom,Tss. 2 best.: langs opzij (voor-/achterkant-flank),Geen hindernis
17349,3,Brasschaat 1,Brasschaat,51.27503,4.47222,1.5493064654846067,51.26218347062367,4.463597830712918,2019,12,13,11002,Antwerpen,Normaal,Droog,Dag,met lichtgewonden,9,personenauto,3,Fiets,Buiten Kruispunt,Gewestweg,buiten bebouwde kom,Tss. 2 best.: langs opzij (voor-/achterkant-flank),Geen hindernis
17419,2,Brasschaat 2,Brasschaat,51.27512,4.47169,2.3325507925163036,51.29398284173252,4.457016042663492,2019,12,12,11008,Brasschaat,Normaal,Droog,Dag,met lichtgewonden,9,personenauto,3,Fiets,Buiten Kruispunt,Gemeenteweg,binnen bebouwde kom,Tss. 2 best.: langs opzij (voor-/achterkant-flank),Geen hindernis
17419,3,Brasschaat 1,Brasschaat,51.27503,4.47222,2.3578525403897235,51.29398284173252,4.457016042663492,2019,12,12,11008,Brasschaat,Normaal,Droog,Dag,met lichtgewonden,9,personenauto,3,Fiets,Buiten Kruispunt,Gemeenteweg,binnen bebouwde kom,Tss. 2 best.: langs opzij (voor-/achterkant-flank),Geen hindernis
17423,91,Brecht teller 2,Brecht,51.35739,4.62422,1.7652202433115973,51.346814420587314,4.6431773204344475,2019,12,17,11009,Brecht,Normaal,"Nat, plassen","Nacht, openbare verlichting aanwezig en ontstoken",met zwaargewonden,9,personenauto,3,Fiets,Op Kruispunt,Gemeenteweg,binnen bebouwde kom,Tss. 2 best.: langs opzij (voor-/achterkant-flank),Geen hindernis
17423,90,Brecht teller 1,Brecht,51.35752,4.6243,1.7707645945355717,51.346814420587314,4.6431773204344475,2019,12,17,11009,Brecht,Normaal,"Nat, plassen","Nacht, openbare verlichting aanwezig en ontstoken",met zwaargewonden,9,personenauto,3,Fiets,Op Kruispunt,Gemeenteweg,binnen bebouwde kom,Tss. 2 best.: langs opzij (voor-/achterkant-flank),Geen hindernis
17424,91,Brecht teller 2,Brecht,51.35739,4.62422,1.5361213975888177,51.350216333941695,4.643124573364836,2019,12,15,11009,Brecht,Onbekend,Onbekend,Dag,met lichtgewonden,5,Lichte vrachtauto,3,Fiets,Buiten Kruispunt,Gemeenteweg,binnen bebouwde kom,Tss. 2 best.: langs opzij (voor-/achterkant-flank),Geen hindernis
17424,90,Brecht teller 1,Brecht,51.35752,4.6243,1.5389539616551926,51.350216333941695,4.643124573364836,2019,12,15,11009,Brecht,Onbekend,Onbekend,Dag,met lichtgewonden,5,Lichte vrachtauto,3,Fiets,Buiten Kruispunt,Gemeenteweg,binnen bebouwde kom,Tss. 2 best.: langs opzij (voor-/achterkant-flank),Geen hindernis
17438,96,Lier teller 2,Lier,51.11705,4.58444,1.3204913242582488,51.128876590894386,4.58272521879633,2019,12,16,12021,Lier,Normaal,"Nat, plassen","Nacht, openbare verlichting aanwezig en ontstoken",met lichtgewonden,9,personenauto,3,Fiets,Op Kruispunt,Gemeenteweg,binnen bebouwde kom,Tussen 2 bestuurders: Flank tegen flank,Geen hindernis
17438,95,Lier teller 1,Lier,51.11687,4.58437,1.3399979363293968,51.128876590894386,4.58272521879633,2019,12,16,12021,Lier,Normaal,"Nat, plassen","Nacht, openbare verlichting aanwezig en ontstoken",met lichtgewonden,9,personenauto,3,Fiets,Op Kruispunt,Gemeenteweg,binnen bebouwde kom,Tussen 2 bestuurders: Flank tegen flank,Geen hindernis
17441,92,Nijlen teller 1,Nijlen,51.14989,4.64479,1.8330903706966881,51.13906949539345,4.624965270089231,2019,12,8,12026,Nijlen,Normaal,Droog,Dag,met lichtgewonden,9,personenauto,3,Fiets,Buiten Kruispunt,Gewestweg,binnen bebouwde kom,Tss. 2 best.: langs opzij (voor-/achterkant-flank),Geen hindernis
17441,93,Nijlen teller 2,Nijlen,51.14998,4.64469,1.8344352100526835,51.13906949539345,4.624965270089231,2019,12,8,12026,Nijlen,Normaal,Droog,Dag,met lichtgewonden,9,personenauto,3,Fiets,Buiten Kruispunt,Gewestweg,binnen bebouwde kom,Tss. 2 best.: langs opzij (voor-/achterkant-flank),Geen hindernis
17442,92,Nijlen teller 1,Nijlen,51.14989,4.64479,2.072970365657894,51.15393519549203,4.673802804400676,2019,12,12,12026,Nijlen,Normaal,Droog,Dag,met lichtgewonden,3,Fiets,5,Lichte vrachtauto,Op Kruispunt,Gemeenteweg,binnen bebouwde kom,Kettingbotsing (3 bestuurders of meer),Geen hindernis
17442,93,Nijlen teller 2,Nijlen,51.14998,4.64469,2.077636181200467,51.15393519549203,4.673802804400676,2019,12,12,12026,Nijlen,Normaal,Droog,Dag,met lichtgewonden,3,Fiets,5,Lichte vrachtauto,Op Kruispunt,Gemeenteweg,binnen bebouwde kom,Kettingbotsing (3 bestuurders of meer),Geen hindernis
17453,133,Gierde Lille Totem,Lille,51.2453915,4.8297416,2.439996944244103,51.223480607319274,4.831649080626975,2019,12,6,13019,Lille,Normaal,Droog,"Nacht, openbare verlichting aanwezig en ontstoken",met lichtgewonden,9,personenauto,3,Fiets,Op Kruispunt,Gewestweg,binnen bebouwde kom,Tss. 2 best.: langs opzij (voor-/achterkant-flank),Geen hindernis
17453,132,Gierde lille,Lille,51.245445,4.8298851,2.4454149550226947,51.223480607319274,4.831649080626975,2019,12,6,13019,Lille,Normaal,Droog,"Nacht, openbare verlichting aanwezig en ontstoken",met lichtgewonden,9,personenauto,3,Fiets,Op Kruispunt,Gewestweg,binnen bebouwde kom,Tss. 2 best.: langs opzij (voor-/achterkant-flank),Geen hindernis
17458,112,Geel teller 2,Westerlo,51.1354992,4.9394789,0.9761385423189818,51.13691457966832,4.925671456117022,2019,12,6,13049,Westerlo,Onbekend,Onbekend,Dageraad - schemering,met lichtgewonden,3,Fiets,9,personenauto,Op Kruispunt,Gemeenteweg,buiten bebouwde kom,Tss. 2 best.: langs opzij (voor-/achterkant-flank),Geen hindernis
17458,127,Geel totem,Westerlo,51.1342966,4.9400421,1.0440794252952417,51.13691457966832,4.925671456117022,2019,12,6,13049,Westerlo,Onbekend,Onbekend,Dageraad - schemering,met lichtgewonden,3,Fiets,9,personenauto,Op Kruispunt,Gemeenteweg,buiten bebouwde kom,Tss. 2 best.: langs opzij (voor-/achterkant-flank),Geen hindernis
17459,88,Westerlo teller 1,Westerlo,51.082,4.91325,0.7554201732833927,51.08879218043646,4.913024537879075,2019,12,12,13049,Westerlo,Normaal,Droog,Dag,met lichtgewonden,5,Lichte vrachtauto,3,Fiets,Buiten Kruispunt,Gemeenteweg,binnen bebouwde kom,Tss. 2 best.: langs opzij (voor-/achterkant-flank),Geen hindernis
17459,89,Westerlo teller 2,Westerlo,51.08191,4.91334,0.7655807075449994,51.08879218043646,4.913024537879075,2019,12,12,13049,Westerlo,Normaal,Droog,Dag,met lichtgewonden,5,Lichte vrachtauto,3,Fiets,Buiten Kruispunt,Gemeenteweg,binnen bebouwde kom,Tss. 2 best.: langs opzij (voor-/achterkant-flank),Geen hindernis
17460,98,Geel teller 2,Geel,51.1481,4.99643,2.4783352512884242,51.16772443002718,4.979582646266678,2019,12,18,13008,Geel,Normaal,Droog,"Nacht, geen openbare verlichting aanwezig",met lichtgewonden,3,Fiets,9,personenauto,Buiten Kruispunt,Gemeenteweg,binnen bebouwde kom,Tss. 2 best.: langs opzij (voor-/achterkant-flank),Geen hindernis
17460,97,Geel teller 1,Geel,51.14813,4.99698,2.4938322446104224,51.16772443002718,4.979582646266678,2019,12,18,13008,Geel,Normaal,Droog,"Nacht, geen openbare verlichting aanwezig",met lichtgewonden,3,Fiets,9,personenauto,Buiten Kruispunt,Gemeenteweg,binnen bebouwde kom,Tss. 2 best.: langs opzij (voor-/achterkant-flank),Geen hindernis
17461,97,Geel teller 1,Geel,51.14813,4.99698,1.9107833621417947,51.16332779161699,5.009766831733394,2019,12,8,13008,Geel,Normaal,Onbekend,Dageraad - schemering,met lichtgewonden,3,Fiets,9,personenauto,Buiten Kruispunt,Gewestweg,buiten bebouwde kom,Tss. 2 best.: langs opzij (voor-/achterkant-flank),Geen hindernis
17461,98,Geel teller 2,Geel,51.1481,4.99643,1.9319070427236371,51.16332779161699,5.009766831733394,2019,12,8,13008,Geel,Normaal,Onbekend,Dageraad - schemering,met lichtgewonden,3,Fiets,9,personenauto,Buiten Kruispunt,Gewestweg,buiten bebouwde kom,Tss. 2 best.: langs opzij (voor-/achterkant-flank),Geen hindernis
17462,127,Geel totem,Westerlo,51.1342966,4.9400421,2.191300250542465,51.13616973101396,4.971306009255746,2019,12,14,13008,Geel,Normaal,Droog,Dag,met lichtgewonden,9,personenauto,3,Fiets,Op Kruispunt,Gemeenteweg,binnen bebouwde kom,Tss. 2 best.: langs opzij (voor-/achterkant-flank),Geen hindernis
17462,98,Geel teller 2,Geel,51.1481,4.99643,2.1981452574026044,51.13616973101396,4.971306009255746,2019,12,14,13008,Geel,Normaal,Droog,Dag,met lichtgewonden,9,personenauto,3,Fiets,Op Kruispunt,Gemeenteweg,binnen bebouwde kom,Tss. 2 best.: langs opzij (voor-/achterkant-flank),Geen hindernis
17462,112,Geel teller 2,Westerlo,51.1354992,4.9394789,2.2218977983350037,51.13616973101396,4.971306009255746,2019,12,14,13008,Geel,Normaal,Droog,Dag,met lichtgewonden,9,personenauto,3,Fiets,Op Kruispunt,Gemeenteweg,binnen bebouwde kom,Tss. 2 best.: langs opzij (voor-/achterkant-flank),Geen hindernis
17462,97,Geel teller 1,Geel,51.14813,4.99698,2.230846460877967,51.13616973101396,4.971306009255746,2019,12,14,13008,Geel,Normaal,Droog,Dag,met lichtgewonden,9,personenauto,3,Fiets,Op Kruispunt,Gemeenteweg,binnen bebouwde kom,Tss. 2 best.: langs opzij (voor-/achterkant-flank),Geen hindernis
17464,134,Retie,Dessel,51.2548405,5.1037658,2.331950891441706,51.24688927275211,5.072761469425987,2019,12,12,13006,Dessel,Normaal,Droog,Dag,met zwaargewonden,9,personenauto,3,Fiets,Op Kruispunt,Gewestweg,buiten bebouwde kom,Tss. 2 best.: langs opzij (voor-/achterkant-flank),Geen hindernis
17464,135,Retie 2,Dessel,51.2544998,5.1040064,2.3334574900430294,51.24688927275211,5.072761469425987,2019,12,12,13006,Dessel,Normaal,Droog,Dag,met zwaargewonden,9,personenauto,3,Fiets,Op Kruispunt,Gewestweg,buiten bebouwde kom,Tss. 2 best.: langs opzij (voor-/achterkant-flank),Geen hindernis
17466,94,Herentals teller 2,Herentals,51.17345,4.81283,1.3319279905041572,51.17907971294267,4.829694667001076,2019,12,13,13011,Herentals,Normaal,Droog,Dag,met lichtgewonden,9,personenauto,3,Fiets,Op Kruispunt,Gemeenteweg,binnen bebouwde kom,Tussen 2 bestuurders: Frontale botsing,Geen hindernis
17466,110,Herentals totem,Herentals,51.1739426,4.811783,1.3730919911566282,51.17907971294267,4.829694667001076,2019,12,13,13011,Herentals,Normaal,Droog,Dag,met lichtgewonden,9,personenauto,3,Fiets,Op Kruispunt,Gemeenteweg,binnen bebouwde kom,Tussen 2 bestuurders: Frontale botsing,Geen hindernis
17467,112,Geel teller 2,Westerlo,51.1354992,4.9394789,2.3689839468065648,51.14931193994245,4.913624962952026,2019,12,6,13029,Olen,Normaal,"Nat, plassen","Nacht, openbare verlichting aanwezig en ontstoken",met lichtgewonden,9,personenauto,3,Fiets,Op Kruispunt,Gemeenteweg,buiten bebouwde kom,Tss. 2 best.: langs opzij (voor-/achterkant-flank),Geen hindernis
17467,127,Geel totem,Westerlo,51.1342966,4.9400421,2.4867851855834355,51.14931193994245,4.913624962952026,2019,12,6,13029,Olen,Normaal,"Nat, plassen","Nacht, openbare verlichting aanwezig en ontstoken",met lichtgewonden,9,personenauto,3,Fiets,Op Kruispunt,Gemeenteweg,buiten bebouwde kom,Tss. 2 best.: langs opzij (voor-/achterkant-flank),Geen hindernis
17470,38,Lommel teller 2,Lommel,51.23277,5.29189,2.0831985149519974,51.21990635388899,5.313639215681846,2019,12,21,72020,Lommel,Normaal,"Nat, plassen","Nacht, openbare verlichting aanwezig en ontstoken",met lichtgewonden,3,Fiets,8,Voetganger,Buiten Kruispunt,Gewestweg,buiten bebouwde kom,Met een voetganger,Geen hindernis
17470,37,Lommel teller 1,Lommel,51.23299,5.29211,2.0890467900394554,51.21990635388899,5.313639215681846,2019,12,21,72020,Lommel,Normaal,"Nat, plassen","Nacht, openbare verlichting aanwezig en ontstoken",met lichtgewonden,3,Fiets,8,Voetganger,Buiten Kruispunt,Gewestweg,buiten bebouwde kom,Met een voetganger,Geen hindernis
17471,37,Lommel teller 1,Lommel,51.23299,5.29211,1.7665655563760418,51.2280282796777,5.316212047447636,2019,12,7,72020,Lommel,Normaal,Droog,Dageraad - schemering,met lichtgewonden,5,Lichte vrachtauto,3,Fiets,Op Kruispunt,Gewestweg,binnen bebouwde kom,Tss. 2 best.: langs opzij (voor-/achterkant-flank),Geen hindernis
17471,38,Lommel teller 2,Lommel,51.23277,5.29189,1.773702934553607,51.2280282796777,5.316212047447636,2019,12,7,72020,Lommel,Normaal,Droog,Dageraad - schemering,met lichtgewonden,5,Lichte vrachtauto,3,Fiets,Op Kruispunt,Gewestweg,binnen bebouwde kom,Tss. 2 best.: langs opzij (voor-/achterkant-flank),Geen hindernis