crash_row_id,site_id,site_name,site_gemeente,site_lat,site_long,distance_km,crash_lat,crash_long,DT_YEAR_COLLISION,DT_MONTH_COLLISION,DT_TIME,CD_NIS,TX_MUNTY_COLLISION_NL,TX_WEATHER_NL,TX_ROAD_CONDITION_NL,TX_LIGHT_CONDITION_NL,TX_CLASS_ACCIDENTS_NL,CD_ROAD_USR_TYPE1,TX_ROAD_USR_TYPE1_NL,CD_ROAD_USR_TYPE2,TX_ROAD_USR_TYPE2_NL,TX_CROSSWAY_NL,CD_ROAD_TYPE_NL,TX_BUILD_UP_AREA_NL,TX_COLLISION_TYPE_NL,TX_OBSTACLES_NL
17473,46,Pelt teller 2,Pelt,51.231,5.44375,1.9459939075489348,51.21734311767406,5.42627565179683,2019,12,16,72043,Pelt,Normaal,Droog,Dageraad - schemering,met lichtgewonden,9,personenauto,3,Fiets,Op Kruispunt,Gewestweg,buiten bebouwde kom,Tss. 2 best.: langs opzij (voor-/achterkant-flank),Geen hindernis
17473,45,Pelt teller 1,Pelt,51.23127,5.44377,1.9703704903919654,51.21734311767406,5.42627565179683,2019,12,16,72043,Pelt,Normaal,Droog,Dageraad - schemering,met lichtgewonden,9,personenauto,3,Fiets,Op Kruispunt,Gewestweg,buiten bebouwde kom,Tss. 2 best.: langs opzij (voor-/achterkant-flank),Geen hindernis
17474,46,Pelt teller 2,Pelt,51.231,5.44375,2.0834161468706105,51.21300730451148,5.435403914427262,2019,12,11,72043,Pelt,Normaal,Droog,Dag,met lichtgewonden,9,personenauto,3,Fiets,Op Kruispunt,Gemeenteweg,buiten bebouwde kom,Tss. 2 best.: langs opzij (voor-/achterkant-flank),Geen hindernis
17474,45,Pelt teller 1,Pelt,51.23127,5.44377,2.112646592547223,51.21300730451148,5.435403914427262,2019,12,11,72043,Pelt,Normaal,Droog,Dag,met lichtgewonden,9,personenauto,3,Fiets,Op Kruispunt,Gemeenteweg,buiten bebouwde kom,Tss. 2 best.: langs opzij (voor-/achterkant-flank),Geen hindernis
17492,43,Maaseik teller 1,Maaseik,51.09344,5.79715,1.2270634504384832,51.09725708502254,5.780663334037015,2019,12,10,72021,Maaseik,Normaal,Droog,Dag,met lichtgewonden,9,personenauto,3,Fiets,Buiten Kruispunt,Gemeenteweg,binnen bebouwde kom,Tss. 2 best.: langs opzij (voor-/achterkant-flank),Geen hindernis
17492,44,Maaseik teller 2,Maaseik,51.09359,5.79726,1.228636221262293,51.09725708502254,5.780663334037015,2019,12,10,72021,Maaseik,Normaal,Droog,Dag,met lichtgewonden,9,personenauto,3,Fiets,Buiten Kruispunt,Gemeenteweg,binnen bebouwde kom,Tss. 2 best.: langs opzij (voor-/achterkant-flank),Geen hindernis
17493,14,Genk,Genk,50.97172,5.48927,2.203143396456172,50.97474627615956,5.520366366481855,2019,12,13,71016,Genk,Normaal,Droog,Dag,met lichtgewonden,3,Fiets,3,Fiets,Op Kruispunt,Gewestweg,buiten bebouwde kom,Tussen 2 bestuurders: Frontale botsing,Geen hindernis
17497,107,leuven totem,Leuven,50.8870744,4.7087919,0.6471331557157743,50.88584809672676,4.717809987350149,2019,12,20,24062,Leuven,Regenval,"Nat, plassen","Nacht, openbare verlichting aanwezig en ontstoken",met lichtgewonden,9,personenauto,3,Fiets,Op Kruispunt,Gemeenteweg,binnen bebouwde kom,Tss. 2 best.: langs opzij (voor-/achterkant-flank),Geen hindernis
17497,77,Leuven teller 2,Leuven,50.88672,4.70796,0.6977314929074641,50.88584809672676,4.717809987350149,2019,12,20,24062,Leuven,Regenval,"Nat, plassen","Nacht, openbare verlichting aanwezig en ontstoken",met lichtgewonden,9,personenauto,3,Fiets,Op Kruispunt,Gemeenteweg,binnen bebouwde kom,Tss. 2 best.: langs opzij (voor-/achterkant-flank),Geen hindernis
17497,69,Leuven teller 1,Leuven,50.87549,4.71526,1.1655788906978057,50.88584809672676,4.717809987350149,2019,12,20,24062,Leuven,Regenval,"Nat, plassen","Nacht, openbare verlichting aanwezig en ontstoken",met lichtgewonden,9,personenauto,3,Fiets,Op Kruispunt,Gemeenteweg,binnen bebouwde kom,Tss. 2 best.: langs opzij (voor-/achterkant-flank),Geen hindernis
17498,151,Leuven,District Leuven,50.8690262,4.6854839,0.9404074169017673,50.8690530564726,4.69888480421886,2019,12,20,24062,Leuven,Normaal,Droog,"Nacht, openbare verlichting aanwezig en ontstoken",met lichtgewonden,3,Fiets,8,Voetganger,Buiten Kruispunt,Gemeenteweg,binnen bebouwde kom,Met een voetganger,Geen hindernis
17498,69,Leuven teller 1,Leuven,50.87549,4.71526,1.35373735965769,50.8690530564726,4.69888480421886,2019,12,20,24062,Leuven,Normaal,Droog,"Nacht, openbare verlichting aanwezig en ontstoken",met lichtgewonden,3,Fiets,8,Voetganger,Buiten Kruispunt,Gemeenteweg,binnen bebouwde kom,Met een voetganger,Geen hindernis
17498,77,Leuven teller 2,Leuven,50.88672,4.70796,2.0650862870919284,50.8690530564726,4.69888480421886,2019,12,20,24062,Leuven,Normaal,Droog,"Nacht, openbare verlichting aanwezig en ontstoken",met lichtgewonden,3,Fiets,8,Voetganger,Buiten Kruispunt,Gemeenteweg,binnen bebouwde kom,Met een voetganger,Geen hindernis
17498,107,leuven totem,Leuven,50.8870744,4.7087919,2.1210127852153775,50.8690530564726,4.69888480421886,2019,12,20,24062,Leuven,Normaal,Droog,"Nacht, openbare verlichting aanwezig en ontstoken",met lichtgewonden,3,Fiets,8,Voetganger,Buiten Kruispunt,Gemeenteweg,binnen bebouwde kom,Met een voetganger,Geen hindernis
17498,108,Heverlee teller 1,Leuven,50.8471728,4.6954674,2.4447695693109814,50.8690530564726,4.69888480421886,2019,12,20,24062,Leuven,Normaal,Droog,"Nacht, openbare verlichting aanwezig en ontstoken",met lichtgewonden,3,Fiets,8,Voetganger,Buiten Kruispunt,Gemeenteweg,binnen bebouwde kom,Met een voetganger,Geen hindernis
17499,151,Leuven,District Leuven,50.8690262,4.6854839,0.5301273893970647,50.86963523737816,4.692976461417668,2019,12,18,24062,Leuven,Normaal,Droog,Dageraad - schemering,met lichtgewonden,3,Fiets,3,Fiets,Buiten Kruispunt,Gewestweg,binnen bebouwde kom,Tussen 2 bestuurders: Flank tegen flank,Geen hindernis
17499,69,Leuven teller 1,Leuven,50.87549,4.71526,1.6937334230900822,50.86963523737816,4.692976461417668,2019,12,18,24062,Leuven,Normaal,Droog,Dageraad - schemering,met lichtgewonden,3,Fiets,3,Fiets,Buiten Kruispunt,Gewestweg,binnen bebouwde kom,Tussen 2 bestuurders: Flank tegen flank,Geen hindernis
17499,77,Leuven teller 2,Leuven,50.88672,4.70796,2.171209269909839,50.86963523737816,4.692976461417668,2019,12,18,24062,Leuven,Normaal,Droog,Dageraad - schemering,met lichtgewonden,3,Fiets,3,Fiets,Buiten Kruispunt,Gewestweg,binnen bebouwde kom,Tussen 2 bestuurders: Flank tegen flank,Geen hindernis
17499,107,leuven totem,Leuven,50.8870744,4.7087919,2.2341765381226266,50.86963523737816,4.692976461417668,2019,12,18,24062,Leuven,Normaal,Droog,Dageraad - schemering,met lichtgewonden,3,Fiets,3,Fiets,Buiten Kruispunt,Gewestweg,binnen bebouwde kom,Tussen 2 bestuurders: Flank tegen flank,Geen hindernis
17500,72,Herent teller 1,Herent,50.89135,4.64689,1.3113838485423754,50.89849958378067,4.6617602208870546,2019,12,8,24038,Herent,Onbekend,Onbekend,Dageraad - schemering,met lichtgewonden,3,Fiets,10,"één bestuurder, geen hindernis",Op Kruispunt,Gemeenteweg,binnen bebouwde kom,"Eén bestuurder, geen hindernis (incl. val)",Geen hindernis
17500,73,Herent teller 2,Herent,50.89128,4.64685,1.318341907037867,50.89849958378067,4.6617602208870546,2019,12,8,24038,Herent,Onbekend,Onbekend,Dageraad - schemering,met lichtgewonden,3,Fiets,10,"één bestuurder, geen hindernis",Op Kruispunt,Gemeenteweg,binnen bebouwde kom,"Eén bestuurder, geen hindernis (incl. val)",Geen hindernis
17501,69,Leuven teller 1,Leuven,50.87549,4.71526,1.0490424985200284,50.8771047547112,4.7005292608462526,2019,12,23,24062,Leuven,Normaal,"Nat, plassen","Nacht, openbare verlichting aanwezig en ontstoken",met lichtgewonden,8,Voetganger,3,Fiets,Buiten Kruispunt,Gemeenteweg,binnen bebouwde kom,Met een voetganger,Geen hindernis
17501,77,Leuven teller 2,Leuven,50.88672,4.70796,1.1894855156309283,50.8771047547112,4.7005292608462526,2019,12,23,24062,Leuven,Normaal,"Nat, plassen","Nacht, openbare verlichting aanwezig en ontstoken",met lichtgewonden,8,Voetganger,3,Fiets,Buiten Kruispunt,Gemeenteweg,binnen bebouwde kom,Met een voetganger,Geen hindernis
17501,107,leuven totem,Leuven,50.8870744,4.7087919,1.2509786317063991,50.8771047547112,4.7005292608462526,2019,12,23,24062,Leuven,Normaal,"Nat, plassen","Nacht, openbare verlichting aanwezig en ontstoken",met lichtgewonden,8,Voetganger,3,Fiets,Buiten Kruispunt,Gemeenteweg,binnen bebouwde kom,Met een voetganger,Geen hindernis
17501,151,Leuven,District Leuven,50.8690262,4.6854839,1.386166420314484,50.8771047547112,4.7005292608462526,2019,12,23,24062,Leuven,Normaal,"Nat, plassen","Nacht, openbare verlichting aanwezig en ontstoken",met lichtgewonden,8,Voetganger,3,Fiets,Buiten Kruispunt,Gemeenteweg,binnen bebouwde kom,Met een voetganger,Geen hindernis
17502,107,leuven totem,Leuven,50.8870744,4.7087919,1.727114030954666,50.88961626471345,4.733081837434979,2019,12,13,24062,Leuven,Normaal,Droog,Dag,met lichtgewonden,3,Fiets,9,personenauto,Op Kruispunt,Gemeenteweg,binnen bebouwde kom,Tss. 2 best.: langs opzij (voor-/achterkant-flank),Geen hindernis
17502,77,Leuven teller 2,Leuven,50.88672,4.70796,1.791377072291706,50.88961626471345,4.733081837434979,2019,12,13,24062,Leuven,Normaal,Droog,Dag,met lichtgewonden,3,Fiets,9,personenauto,Op Kruispunt,Gemeenteweg,binnen bebouwde kom,Tss. 2 best.: langs opzij (voor-/achterkant-flank),Geen hindernis
17502,69,Leuven teller 1,Leuven,50.87549,4.71526,2.007612534743392,50.88961626471345,4.733081837434979,2019,12,13,24062,Leuven,Normaal,Droog,Dag,met lichtgewonden,3,Fiets,9,personenauto,Op Kruispunt,Gemeenteweg,binnen bebouwde kom,Tss. 2 best.: langs opzij (voor-/achterkant-flank),Geen hindernis
17503,151,Leuven,District Leuven,50.8690262,4.6854839,0.9014353620691173,50.877069589354186,4.683880201617781,2019,12,16,24062,Leuven,Normaal,Droog,Dag,met lichtgewonden,3,Fiets,9,personenauto,Op Kruispunt,Gewestweg,binnen bebouwde kom,Tss. 2 best.: langs opzij (voor-/achterkant-flank),Geen hindernis
17503,77,Leuven teller 2,Leuven,50.88672,4.70796,2.001326355635865,50.877069589354186,4.683880201617781,2019,12,16,24062,Leuven,Normaal,Droog,Dag,met lichtgewonden,3,Fiets,9,personenauto,Op Kruispunt,Gewestweg,binnen bebouwde kom,Tss. 2 best.: langs opzij (voor-/achterkant-flank),Geen hindernis
17503,107,leuven totem,Leuven,50.8870744,4.7087919,2.0717148770679534,50.877069589354186,4.683880201617781,2019,12,16,24062,Leuven,Normaal,Droog,Dag,met lichtgewonden,3,Fiets,9,personenauto,Op Kruispunt,Gewestweg,binnen bebouwde kom,Tss. 2 best.: langs opzij (voor-/achterkant-flank),Geen hindernis
17503,69,Leuven teller 1,Leuven,50.87549,4.71526,2.208716585185834,50.877069589354186,4.683880201617781,2019,12,16,24062,Leuven,Normaal,Droog,Dag,met lichtgewonden,3,Fiets,9,personenauto,Op Kruispunt,Gewestweg,binnen bebouwde kom,Tss. 2 best.: langs opzij (voor-/achterkant-flank),Geen hindernis
17504,69,Leuven teller 1,Leuven,50.87549,4.71526,0.7045696093510941,50.87692306207984,4.705478408093182,2019,12,21,24062,Leuven,Normaal,Droog,"Nacht, openbare verlichting aanwezig en ontstoken",met lichtgewonden,3,Fiets,6,Bromfiets,Op Kruispunt,Gemeenteweg,buiten bebouwde kom,Tussen 2 bestuurders: Frontale botsing,Geen hindernis
17504,77,Leuven teller 2,Leuven,50.88672,4.70796,1.1031936694193905,50.87692306207984,4.705478408093182,2019,12,21,24062,Leuven,Normaal,Droog,"Nacht, openbare verlichting aanwezig en ontstoken",met lichtgewonden,3,Fiets,6,Bromfiets,Op Kruispunt,Gemeenteweg,buiten bebouwde kom,Tussen 2 bestuurders: Frontale botsing,Geen hindernis
17504,107,leuven totem,Leuven,50.8870744,4.7087919,1.152464732416757,50.87692306207984,4.705478408093182,2019,12,21,24062,Leuven,Normaal,Droog,"Nacht, openbare verlichting aanwezig en ontstoken",met lichtgewonden,3,Fiets,6,Bromfiets,Op Kruispunt,Gemeenteweg,buiten bebouwde kom,Tussen 2 bestuurders: Frontale botsing,Geen hindernis
17504,151,Leuven,District Leuven,50.8690262,4.6854839,1.6551186685424044,50.87692306207984,4.705478408093182,2019,12,21,24062,Leuven,Normaal,Droog,"Nacht, openbare verlichting aanwezig en ontstoken",met lichtgewonden,3,Fiets,6,Bromfiets,Op Kruispunt,Gemeenteweg,buiten bebouwde kom,Tussen 2 bestuurders: Frontale botsing,Geen hindernis
17505,77,Leuven teller 2,Leuven,50.88672,4.70796,1.2683992330362792,50.88076662667011,4.692537177140397,2019,12,16,24062,Leuven,Normaal,Droog,Dag,met lichtgewonden,9,personenauto,3,Fiets,Op Kruispunt,Gemeenteweg,binnen bebouwde kom,Tss. 2 best.: langs opzij (voor-/achterkant-flank),Geen hindernis
17505,107,leuven totem,Leuven,50.8870744,4.7087919,1.3387473509104564,50.88076662667011,4.692537177140397,2019,12,16,24062,Leuven,Normaal,Droog,Dag,met lichtgewonden,9,personenauto,3,Fiets,Op Kruispunt,Gemeenteweg,binnen bebouwde kom,Tss. 2 best.: langs opzij (voor-/achterkant-flank),Geen hindernis
17505,151,Leuven,District Leuven,50.8690262,4.6854839,1.3961345893712558,50.88076662667011,4.692537177140397,2019,12,16,24062,Leuven,Normaal,Droog,Dag,met lichtgewonden,9,personenauto,3,Fiets,Op Kruispunt,Gemeenteweg,binnen bebouwde kom,Tss. 2 best.: langs opzij (voor-/achterkant-flank),Geen hindernis
17505,69,Leuven teller 1,Leuven,50.87549,4.71526,1.698793902557837,50.88076662667011,4.692537177140397,2019,12,16,24062,Leuven,Normaal,Droog,Dag,met lichtgewonden,9,personenauto,3,Fiets,Op Kruispunt,Gemeenteweg,binnen bebouwde kom,Tss. 2 best.: langs opzij (voor-/achterkant-flank),Geen hindernis
17506,151,Leuven,District Leuven,50.8690262,4.6854839,0.5301273893970647,50.86963523737816,4.692976461417668,2019,12,15,24062,Leuven,Onbekend,Onbekend,Dag,met lichtgewonden,9,personenauto,3,Fiets,Buiten Kruispunt,Gewestweg,binnen bebouwde kom,Tss. 2 best.: langs opzij (voor-/achterkant-flank),Geen hindernis
17506,69,Leuven teller 1,Leuven,50.87549,4.71526,1.6937334230900822,50.86963523737816,4.692976461417668,2019,12,15,24062,Leuven,Onbekend,Onbekend,Dag,met lichtgewonden,9,personenauto,3,Fiets,Buiten Kruispunt,Gewestweg,binnen bebouwde kom,Tss. 2 best.: langs opzij (voor-/achterkant-flank),Geen hindernis
17506,77,Leuven teller 2,Leuven,50.88672,4.70796,2.171209269909839,50.86963523737816,4.692976461417668,2019,12,15,24062,Leuven,Onbekend,Onbekend,Dag,met lichtgewonden,9,personenauto,3,Fiets,Buiten Kruispunt,Gewestweg,binnen bebouwde kom,Tss. 2 best.: langs opzij (voor-/achterkant-flank),Geen hindernis
17506,107,leuven totem,Leuven,50.8870744,4.7087919,2.2341765381226266,50.86963523737816,4.692976461417668,2019,12,15,24062,Leuven,Onbekend,Onbekend,Dag,met lichtgewonden,9,personenauto,3,Fiets,Buiten Kruispunt,Gewestweg,binnen bebouwde kom,Tss. 2 best.: langs opzij (voor-/achterkant-flank),Geen hindernis
17507,77,Leuven teller 2,Leuven,50.88672,4.70796,0.6682455844214935,50.88075451051713,4.70911300816206,2019,11,8,24062,Leuven,Normaal,Droog,"Nacht, openbare verlichting aanwezig en ontstoken",met lichtgewonden,1,Autobus,3,Fiets,Buiten Kruispunt,Gemeenteweg,binnen bebouwde kom,Tussen 2 bestuurders: Flank tegen flank,Geen hindernis
17507,107,leuven totem,Leuven,50.8870744,4.7087919,0.7031005990557008,50.88075451051713,4.70911300816206,2019,11,8,24062,Leuven,Normaal,Droog,"Nacht, openbare verlichting aanwezig en ontstoken",met lichtgewonden,1,Autobus,3,Fiets,Buiten Kruispunt,Gemeenteweg,binnen bebouwde kom,Tussen 2 bestuurders: Flank tegen flank,Geen hindernis
17507,69,Leuven teller 1,Leuven,50.87549,4.71526,0.7271030707173853,50.88075451051713,4.70911300816206,2019,11,8,24062,Leuven,Normaal,Droog,"Nacht, openbare verlichting aanwezig en ontstoken",met lichtgewonden,1,Autobus,3,Fiets,Buiten Kruispunt,Gemeenteweg,binnen bebouwde kom,Tussen 2 bestuurders: Flank tegen flank,Geen hindernis
17507,151,Leuven,District Leuven,50.8690262,4.6854839,2.109398972430933,50.88075451051713,4.70911300816206,2019,11,8,24062,Leuven,Normaal,Droog,"Nacht, openbare verlichting aanwezig en ontstoken",met lichtgewonden,1,Autobus,3,Fiets,Buiten Kruispunt,Gemeenteweg,binnen bebouwde kom,Tussen 2 bestuurders: Flank tegen flank,Geen hindernis
17512,102,Diest teller 2,Diest,50.9779,5.04474,0.5149598944805034,50.97428480803953,5.040143026436877,2019,12,12,24020,Diest,Normaal,"Nat, plassen",Dag,met zwaargewonden,9,personenauto,3,Fiets,Op Kruispunt,Gewestweg,binnen bebouwde kom,Tss. 2 best.: langs opzij (voor-/achterkant-flank),Geen hindernis
17512,101,Diest teller 1,Diest,50.97799,5.04481,0.5258405290396312,50.97428480803953,5.040143026436877,2019,12,12,24020,Diest,Normaal,"Nat, plassen",Dag,met zwaargewonden,9,personenauto,3,Fiets,Op Kruispunt,Gewestweg,binnen bebouwde kom,Tss. 2 best.: langs opzij (voor-/achterkant-flank),Geen hindernis
17515,87,Aarschot,Aarschot,50.99084,4.81259,2.250379147040442,50.98653306749657,4.781175586043232,2019,12,9,24007,Begijnendijk,Normaal,Droog+Proper,Dag,met lichtgewonden,9,personenauto,3,Fiets,Buiten Kruispunt,Gemeenteweg,binnen bebouwde kom,Tss. 2 best.: langs opzij (voor-/achterkant-flank),Geen hindernis
17516,87,Aarschot,Aarschot,50.99084,4.81259,2.376224688960295,51.01144620251701,4.803592927219756,2019,12,14,24007,Begijnendijk,Normaal,Droog+Proper,Dag,met lichtgewonden,3,Fiets,5,Lichte vrachtauto,Buiten Kruispunt,Gemeenteweg,buiten bebouwde kom,Tussen 2 bestuurders: Langs achteren,Geen hindernis
17517,87,Aarschot,Aarschot,50.99084,4.81259,1.8465353303888044,50.99528296341761,4.7871681105661725,2019,12,14,24007,Begijnendijk,Normaal,Droog+Proper,Dag,met lichtgewonden,9,personenauto,3,Fiets,Op Kruispunt,Gemeenteweg,buiten bebouwde kom,Tss. 2 best.: langs opzij (voor-/achterkant-flank),Geen hindernis
17519,26,Zaventem,Zaventem,50.86995,4.45444,1.2073356893693639,50.86192770463153,4.442846987301928,2019,12,9,23094,Zaventem,Normaal,Droog,Dag,met lichtgewonden,3,Fiets,9,personenauto,Buiten Kruispunt,Gemeenteweg,binnen bebouwde kom,Tussen 2 bestuurders: Frontale botsing,Geen hindernis
17519,149,Machelen,,50.88297881,4.43356644,2.4296724463018515,50.86192770463153,4.442846987301928,2019,12,9,23094,Zaventem,Normaal,Droog,Dag,met lichtgewonden,3,Fiets,9,personenauto,Buiten Kruispunt,Gemeenteweg,binnen bebouwde kom,Tussen 2 bestuurders: Frontale botsing,Geen hindernis
17520,86,Asse teller 2,Asse,50.89132,4.1709,2.0234756903589015,50.87623702713901,4.1547624534434,2019,12,15,23086,Ternat,Normaal,Droog,Dag,met lichtgewonden,9,personenauto,3,Fiets,Op Kruispunt,Gemeenteweg,binnen bebouwde kom,Tussen 2 bestuurders: Flank tegen flank,Geen hindernis
17523,152,Opwijk,District Vilvoorde-gewestwegen,50.968901168564656,4.149169474840164,2.3885988017573565,50.973762412559694,4.182397355593134,2019,12,8,23060,Opwijk,Normaal,Droog,Dag,met lichtgewonden,9,personenauto,3,Fiets,Buiten Kruispunt,Gemeenteweg,binnen bebouwde kom,Tss. 2 best.: langs opzij (voor-/achterkant-flank),Geen hindernis
17529,47,Vilvoorde,Vilvoorde,50.91372,4.41497,1.308692278546548,50.92259452362423,4.42723225383893,2019,12,7,23088,Vilvoorde,Normaal,Droog,Dageraad - schemering,met lichtgewonden,9,personenauto,3,Fiets,Op Kruispunt,Gewestweg,binnen bebouwde kom,Tussen 2 bestuurders: Flank tegen flank,Geen hindernis
17529,1,Machelen,Machelen,50.91618331151478,4.456121776137429,2.146934121764344,50.92259452362423,4.42723225383893,2019,12,7,23088,Vilvoorde,Normaal,Droog,Dageraad - schemering,met lichtgewonden,9,personenauto,3,Fiets,Op Kruispunt,Gewestweg,binnen bebouwde kom,Tussen 2 bestuurders: Flank tegen flank,Geen hindernis
17531,109,Zemst,Zemst,50.9903936,4.4707023,1.4542023460579987,50.996303552113574,4.48923777066052,2019,12,2,23096,Zemst,Normaal,Droog,"Nacht, openbare verlichting aanwezig en ontstoken",met lichtgewonden,3,Fiets,10,"één bestuurder, geen hindernis",Buiten Kruispunt,Gewestweg,binnen bebouwde kom,"Eén bestuurder, geen hindernis (incl. val)",Geen hindernis
17532,109,Zemst,Zemst,50.9903936,4.4707023,1.7166970991881834,50.98895920190333,4.495122976253857,2019,12,7,23096,Zemst,Regenval,"Nat, plassen",Dageraad - schemering,met lichtgewonden,9,personenauto,3,Fiets,Op Kruispunt,Gewestweg,binnen bebouwde kom,Tss. 2 best.: langs opzij (voor-/achterkant-flank),Geen hindernis
17533,118,Gent teller 1,Gent,51.028049,3.7681359,1.6891331973859565,51.03751008384901,3.7492375448530035,2019,12,8,44021,Gent,Onbekend,Onbekend,Dag,met lichtgewonden,9,personenauto,3,Fiets,Op Kruispunt,Gewestweg,binnen bebouwde kom,Tss. 2 best.: langs opzij (voor-/achterkant-flank),Geen hindernis
17533,119,Gent teller 2,Gent,51.0281795,3.7683918,1.6942434589377422,51.03751008384901,3.7492375448530035,2019,12,8,44021,Gent,Onbekend,Onbekend,Dag,met lichtgewonden,9,personenauto,3,Fiets,Op Kruispunt,Gewestweg,binnen bebouwde kom,Tss. 2 best.: langs opzij (voor-/achterkant-flank),Geen hindernis
17534,13,Gent,Gent,51.03018,3.70146,1.1910813419541546,51.02842194920879,3.718260783169584,2019,12,15,44021,Gent,Normaal,Droog,Dag,met lichtgewonden,3,Fiets,3,Fiets,Buiten Kruispunt,Gewestweg,binnen bebouwde kom,Tussen 2 bestuurders: Flank tegen flank,Geen hindernis
17536,13,Gent,Gent,51.03018,3.70146,1.9324331873231904,51.03864948726109,3.7255917137714554,2019,12,10,44021,Gent,Onbekend,Onbekend,Dag,met lichtgewonden,3,Fiets,9,personenauto,Op Kruispunt,Gewestweg,binnen bebouwde kom,Tss. 2 best.: langs opzij (voor-/achterkant-flank),Geen hindernis
17537,13,Gent,Gent,51.03018,3.70146,2.0938370040941123,51.039744229530385,3.7272541778158694,2019,12,12,44021,Gent,Normaal,Droog,Dag,met lichtgewonden,3,Fiets,9,personenauto,Op Kruispunt,Gemeenteweg,binnen bebouwde kom,Tss. 2 best.: langs opzij (voor-/achterkant-flank),Geen hindernis
17538,13,Gent,Gent,51.03018,3.70146,2.3842940648909585,51.04740858660366,3.7217613986102003,2019,12,11,44021,Gent,Regenval,Onbekend,Dag,met lichtgewonden,5,Lichte vrachtauto,3,Fiets,Op Kruispunt,Gemeenteweg,binnen bebouwde kom,Tussen 2 bestuurders: Flank tegen flank,Geen hindernis
17539,13,Gent,Gent,51.03018,3.70146,2.29730169554336,51.046161678456926,3.72228213633745,2019,12,19,44021,Gent,Normaal,Droog,"Nacht, openbare verlichting aanwezig en ontstoken",met lichtgewonden,9,personenauto,3,Fiets,Op Kruispunt,Gemeenteweg,binnen bebouwde kom,Tss. 2 best.: langs opzij (voor-/achterkant-flank),Geen hindernis
17540,136,Gent R4,Gent,51.0876313,3.7587918,2.3343837231315043,51.08925535709361,3.7254690203926604,2019,12,20,44021,Gent,Normaal,Droog,"Nacht, openbare verlichting aanwezig en ontstoken",met lichtgewonden,3,Fiets,9,personenauto,Op Kruispunt,Gewestweg,binnen bebouwde kom,Tss. 2 best.: langs opzij (voor-/achterkant-flank),Geen hindernis
17541,13,Gent,Gent,51.03018,3.70146,2.3963087570687263,51.044853847289424,3.7265597435247724,2019,12,18,44021,Gent,Normaal,Droog,"Nacht, openbare verlichting aanwezig en ontstoken",met lichtgewonden,3,Fiets,8,Voetganger,Buiten Kruispunt,Gemeenteweg,binnen bebouwde kom,Met een voetganger,Geen hindernis
17545,13,Gent,Gent,51.03018,3.70146,2.154470524559711,51.048160929486,3.712939348457606,2019,12,6,44021,Gent,Normaal,"Nat, plassen","Nacht, openbare verlichting aanwezig en ontstoken",met lichtgewonden,3,Fiets,3,Fiets,Buiten Kruispunt,Gemeenteweg,binnen bebouwde kom,Tussen 2 bestuurders: Flank tegen flank,Geen hindernis
17546,13,Gent,Gent,51.03018,3.70146,1.6507728689698398,51.043526994777,3.711797332966481,2019,12,14,44021,Gent,Normaal,Droog,Dag,met lichtgewonden,3,Fiets,9,personenauto,Op Kruispunt,Gewestweg,binnen bebouwde kom,Tss. 2 best.: langs opzij (voor-/achterkant-flank),Geen hindernis
17548,13,Gent,Gent,51.03018,3.70146,1.1728388693964609,51.021511610174,3.691905929293682,2019,12,7,44021,Gent,Normaal,Proper,"Nacht, openbare verlichting aanwezig en ontstoken",met lichtgewonden,9,personenauto,3,Fiets,Op Kruispunt,Gewestweg,buiten bebouwde kom,Tussen 2 bestuurders: Frontale botsing,Geen hindernis
17549,13,Gent,Gent,51.03018,3.70146,2.1686286744922882,51.03193936602265,3.7323448120729195,2019,12,8,44021,Gent,Normaal,Droog,Dageraad - schemering,met lichtgewonden,3,Fiets,3,Fiets,Buiten Kruispunt,Gemeenteweg,binnen bebouwde kom,Tss. 2 best.: langs opzij (voor-/achterkant-flank),Geen hindernis
17550,136,Gent R4,Gent,51.0876313,3.7587918,1.966619144084607,51.0778233759882,3.7822200762607645,2019,12,12,44021,Gent,Regenval,"Nat, plassen",Dag,met lichtgewonden,9,personenauto,3,Fiets,Buiten Kruispunt,Gewestweg,buiten bebouwde kom,Tussen 2 bestuurders: Flank tegen flank,Geen hindernis
17552,118,Gent teller 1,Gent,51.028049,3.7681359,1.0462517648113254,51.033938797567245,3.7564682871674226,2019,12,21,44021,Gent,Normaal,Droog,"Nacht, openbare verlichting aanwezig en ontstoken",met zwaargewonden,3,Fiets,8,Voetganger,Buiten Kruispunt,Gewestweg,binnen bebouwde kom,Met een voetganger,Geen hindernis
17552,119,Gent teller 2,Gent,51.0281795,3.7683918,1.0513643066883136,51.033938797567245,3.7564682871674226,2019,12,21,44021,Gent,Normaal,Droog,"Nacht, openbare verlichting aanwezig en ontstoken",met zwaargewonden,3,Fiets,8,Voetganger,Buiten Kruispunt,Gewestweg,binnen bebouwde kom,Met een voetganger,Geen hindernis
17553,13,Gent,Gent,51.03018,3.70146,0.7992573638086021,51.02814351501386,3.7124205639269277,2019,12,8,44021,Gent,Normaal,Droog,Dag,met lichtgewonden,3,Fiets,6,Bromfiets,Buiten Kruispunt,Gewestweg,binnen bebouwde kom,Tussen 2 bestuurders: Frontale botsing,Geen hindernis