crash_row_id,site_id,site_name,site_gemeente,site_lat,site_long,distance_km,crash_lat,crash_long,DT_YEAR_COLLISION,DT_MONTH_COLLISION,DT_TIME,CD_NIS,TX_MUNTY_COLLISION_NL,TX_WEATHER_NL,TX_ROAD_CONDITION_NL,TX_LIGHT_CONDITION_NL,TX_CLASS_ACCIDENTS_NL,CD_ROAD_USR_TYPE1,TX_ROAD_USR_TYPE1_NL,CD_ROAD_USR_TYPE2,TX_ROAD_USR_TYPE2_NL,TX_CROSSWAY_NL,CD_ROAD_TYPE_NL,TX_BUILD_UP_AREA_NL,TX_COLLISION_TYPE_NL,TX_OBSTACLES_NL
17554,13,Gent,Gent,51.03018,3.70146,0.3614359187444228,51.03223013978526,3.6974491721102423,2019,12,8,44021,Gent,Normaal,"Ijzel, sneeuw",Dag,met lichtgewonden,3,Fiets,10,"één bestuurder, geen hindernis",Buiten Kruispunt,Autosnelweg,buiten bebouwde kom,"Eén bestuurder, geen hindernis (incl. val)",Geen hindernis
17557,119,Gent teller 2,Gent,51.0281795,3.7683918,2.16681255478933,51.04410035310906,3.7505232130855206,2019,12,10,44021,Gent,Normaal,Droog,Dag,met lichtgewonden,9,personenauto,3,Fiets,Op Kruispunt,Gemeenteweg,binnen bebouwde kom,Tussen 2 bestuurders: Frontale botsing,Geen hindernis
17557,118,Gent teller 1,Gent,51.028049,3.7681359,2.168473496158136,51.04410035310906,3.7505232130855206,2019,12,10,44021,Gent,Normaal,Droog,Dag,met lichtgewonden,9,personenauto,3,Fiets,Op Kruispunt,Gemeenteweg,binnen bebouwde kom,Tussen 2 bestuurders: Frontale botsing,Geen hindernis
17558,136,Gent R4,Gent,51.0876313,3.7587918,2.2874142170313947,51.087480120797466,3.726042867375675,2019,12,9,44021,Gent,Normaal,"Nat, plassen",Dag,met lichtgewonden,9,personenauto,3,Fiets,Op Kruispunt,Gewestweg,binnen bebouwde kom,Tussen 2 bestuurders: Flank tegen flank,Geen hindernis
17559,136,Gent R4,Gent,51.0876313,3.7587918,2.185977621485413,51.0689988866776,3.7488124081017995,2019,12,12,44021,Gent,Regenval,"Nat, plassen",Dag,met lichtgewonden,3,Fiets,8,Voetganger,Buiten Kruispunt,Gemeenteweg,binnen bebouwde kom,Met een voetganger,Geen hindernis
17560,13,Gent,Gent,51.03018,3.70146,1.9599039208280231,51.03841286198792,3.726243030917915,2019,12,15,44021,Gent,Normaal,"Nat, plassen",Dag,met lichtgewonden,9,personenauto,3,Fiets,Op Kruispunt,Gewestweg,binnen bebouwde kom,Tussen 2 bestuurders: Flank tegen flank,Geen hindernis
17561,136,Gent R4,Gent,51.0876313,3.7587918,2.3343837231315043,51.08925535709361,3.7254690203926604,2019,12,14,44021,Gent,Normaal,Droog,Dag,met lichtgewonden,5,Lichte vrachtauto,3,Fiets,Op Kruispunt,Gewestweg,binnen bebouwde kom,Tss. 2 best.: langs opzij (voor-/achterkant-flank),Geen hindernis
17567,13,Gent,Gent,51.03018,3.70146,1.1728388693964609,51.021511610174,3.691905929293682,2019,12,9,44021,Gent,Normaal,Droog,Dag,met lichtgewonden,5,Lichte vrachtauto,3,Fiets,Op Kruispunt,Gewestweg,buiten bebouwde kom,Tss. 2 best.: langs opzij (voor-/achterkant-flank),Geen hindernis
17569,136,Gent R4,Gent,51.0876313,3.7587918,2.3343837231315043,51.08925535709361,3.7254690203926604,2019,12,10,44021,Gent,Normaal,Droog,Dag,met zwaargewonden,3,Fiets,9,personenauto,Op Kruispunt,Gewestweg,binnen bebouwde kom,Tussen 2 bestuurders: Frontale botsing,Geen hindernis
17578,118,Gent teller 1,Gent,51.028049,3.7681359,0.9969426388405952,51.01912688136758,3.7695399443215316,2019,12,14,44040,Melle,Normaal,Droog,Dag,met lichtgewonden,9,personenauto,3,Fiets,Op Kruispunt,Gemeenteweg,binnen bebouwde kom,Tss. 2 best.: langs opzij (voor-/achterkant-flank),Geen hindernis
17578,119,Gent teller 2,Gent,51.0281795,3.7683918,1.0098033128227875,51.01912688136758,3.7695399443215316,2019,12,14,44040,Melle,Normaal,Droog,Dag,met lichtgewonden,9,personenauto,3,Fiets,Op Kruispunt,Gemeenteweg,binnen bebouwde kom,Tss. 2 best.: langs opzij (voor-/achterkant-flank),Geen hindernis
17579,119,Gent teller 2,Gent,51.0281795,3.7683918,1.299146957172492,51.019045846203866,3.77997471504231,2019,12,7,44040,Melle,Normaal,"Nat, plassen","Nacht, openbare verlichting aanwezig en ontstoken",met lichtgewonden,9,personenauto,3,Fiets,Op Kruispunt,Gewestweg,buiten bebouwde kom,Tss. 2 best.: langs opzij (voor-/achterkant-flank),Geen hindernis
17579,118,Gent teller 1,Gent,51.028049,3.7681359,1.2991689668209012,51.019045846203866,3.77997471504231,2019,12,7,44040,Melle,Normaal,"Nat, plassen","Nacht, openbare verlichting aanwezig en ontstoken",met lichtgewonden,9,personenauto,3,Fiets,Op Kruispunt,Gewestweg,buiten bebouwde kom,Tss. 2 best.: langs opzij (voor-/achterkant-flank),Geen hindernis
17580,116,Melle teller 2,Melle,50.9986113,3.8040599,1.3381190001839605,51.00851514605375,3.7931965620294346,2019,12,16,44040,Melle,Normaal,"Nat, plassen","Nacht, openbare verlichting aanwezig en ontstoken",met lichtgewonden,3,Fiets,6,Bromfiets,Buiten Kruispunt,Gewestweg,buiten bebouwde kom,Tussen 2 bestuurders: Flank tegen flank,Geen hindernis
17580,117,Melle teller 1,Melle,50.9986113,3.8040599,1.3381190001839605,51.00851514605375,3.7931965620294346,2019,12,16,44040,Melle,Normaal,"Nat, plassen","Nacht, openbare verlichting aanwezig en ontstoken",met lichtgewonden,3,Fiets,6,Bromfiets,Buiten Kruispunt,Gewestweg,buiten bebouwde kom,Tussen 2 bestuurders: Flank tegen flank,Geen hindernis
17582,116,Melle teller 2,Melle,50.9986113,3.8040599,1.6782043303580787,51.00358022813651,3.7814142503771015,2019,12,6,44040,Melle,Onbekend,Onbekend,"Nacht, openbare verlichting aanwezig en ontstoken",met lichtgewonden,3,Fiets,11,een weggebruiker tegen een hindernis,Buiten Kruispunt,Gemeenteweg,buiten bebouwde kom,Weggebruiker tegen hindernis op de rijbaan,"Op de rijbaan: Werken (signal., aarde, toestel,…)"
17582,117,Melle teller 1,Melle,50.9986113,3.8040599,1.6782043303580787,51.00358022813651,3.7814142503771015,2019,12,6,44040,Melle,Onbekend,Onbekend,"Nacht, openbare verlichting aanwezig en ontstoken",met lichtgewonden,3,Fiets,11,een weggebruiker tegen een hindernis,Buiten Kruispunt,Gemeenteweg,buiten bebouwde kom,Weggebruiker tegen hindernis op de rijbaan,"Op de rijbaan: Werken (signal., aarde, toestel,…)"
17584,116,Melle teller 2,Melle,50.9986113,3.8040599,1.105696053251998,51.00828009716714,3.8077502483816668,2019,12,13,44013,Destelbergen,Regenval,"Nat, plassen",Dag,met zwaargewonden,3,Fiets,9,personenauto,Buiten Kruispunt,Gemeenteweg,binnen bebouwde kom,Tussen 2 bestuurders: Langs achteren,Geen hindernis
17584,117,Melle teller 1,Melle,50.9986113,3.8040599,1.105696053251998,51.00828009716714,3.8077502483816668,2019,12,13,44013,Destelbergen,Regenval,"Nat, plassen",Dag,met zwaargewonden,3,Fiets,9,personenauto,Buiten Kruispunt,Gemeenteweg,binnen bebouwde kom,Tussen 2 bestuurders: Langs achteren,Geen hindernis
17591,115,Aalter,Aalter,51.1058367,3.4350591,2.250914363190944,51.08738438395392,3.448313728836377,2019,12,11,44084,Aalter,Normaal,Droog,Dag,met lichtgewonden,9,personenauto,3,Fiets,Op Kruispunt,Gewestweg,binnen bebouwde kom,Tussen 2 bestuurders: Flank tegen flank,Geen hindernis
17619,141,Test site A support,Lokeren,51.08342085,3.9961071208376326,1.655967115603828,51.09457315711731,4.0118204480260475,2019,12,18,46014,Lokeren,Regenval,"Nat, plassen","Nacht, openbare verlichting aanwezig en ontstoken",met lichtgewonden,9,personenauto,3,Fiets,Op Kruispunt,Gewestweg,buiten bebouwde kom,Tss. 2 best.: langs opzij (voor-/achterkant-flank),Geen hindernis
17620,128,Lokeren teller 1,Lokeren,51.09644,3.97023,1.818188571321142,51.10841943908053,3.9879537023833675,2019,12,15,46014,Lokeren,Regenval,"Nat, plassen",Dag,met lichtgewonden,9,personenauto,3,Fiets,Op Kruispunt,Gemeenteweg,binnen bebouwde kom,Tussen 2 bestuurders: Langs achteren,Geen hindernis
17620,129,Lokeren teller 2,Lokeren,51.09612,3.97025,1.8434823731134027,51.10841943908053,3.9879537023833675,2019,12,15,46014,Lokeren,Regenval,"Nat, plassen",Dag,met lichtgewonden,9,personenauto,3,Fiets,Op Kruispunt,Gemeenteweg,binnen bebouwde kom,Tussen 2 bestuurders: Langs achteren,Geen hindernis
17621,128,Lokeren teller 1,Lokeren,51.09644,3.97023,2.1945548635348096,51.111475666166015,3.9905903743453384,2019,12,15,46014,Lokeren,Normaal,"Nat, plassen",Dag,met lichtgewonden,9,personenauto,3,Fiets,Buiten Kruispunt,Gemeenteweg,binnen bebouwde kom,Tussen 2 bestuurders: Flank tegen flank,Geen hindernis
17621,129,Lokeren teller 2,Lokeren,51.09612,3.97025,2.2208922789539525,51.111475666166015,3.9905903743453384,2019,12,15,46014,Lokeren,Normaal,"Nat, plassen",Dag,met lichtgewonden,9,personenauto,3,Fiets,Buiten Kruispunt,Gemeenteweg,binnen bebouwde kom,Tussen 2 bestuurders: Flank tegen flank,Geen hindernis
17622,128,Lokeren teller 1,Lokeren,51.09644,3.97023,0.707773896424272,51.10269115459096,3.9683201569765285,2019,12,8,46014,Lokeren,Onbekend,"Ijzel, sneeuw",Onbekend,met lichtgewonden,3,Fiets,10,"één bestuurder, geen hindernis",Op Kruispunt,Gemeenteweg,onbekend,"Eén bestuurder, geen hindernis (incl. val)",Geen hindernis
17622,129,Lokeren teller 2,Lokeren,51.09612,3.97025,0.7430013015770874,51.10269115459096,3.9683201569765285,2019,12,8,46014,Lokeren,Onbekend,"Ijzel, sneeuw",Onbekend,met lichtgewonden,3,Fiets,10,"één bestuurder, geen hindernis",Op Kruispunt,Gemeenteweg,onbekend,"Eén bestuurder, geen hindernis (incl. val)",Geen hindernis
17623,128,Lokeren teller 1,Lokeren,51.09644,3.97023,1.3230612432686917,51.108173836955764,3.9733722402040232,2019,12,15,46014,Lokeren,Regenval,"Nat, plassen",Dag,met lichtgewonden,3,Fiets,11,een weggebruiker tegen een hindernis,Buiten Kruispunt,Gemeenteweg,binnen bebouwde kom,Weggebruiker tegen hindernis buiten rijbaan,Andere hindernis
17623,129,Lokeren teller 2,Lokeren,51.09612,3.97025,1.3579390251463566,51.108173836955764,3.9733722402040232,2019,12,15,46014,Lokeren,Regenval,"Nat, plassen",Dag,met lichtgewonden,3,Fiets,11,een weggebruiker tegen een hindernis,Buiten Kruispunt,Gemeenteweg,binnen bebouwde kom,Weggebruiker tegen hindernis buiten rijbaan,Andere hindernis
17624,141,Test site A support,Lokeren,51.08342085,3.9961071208376326,1.672182327960336,51.09470297700759,4.011937169014898,2019,12,12,46014,Lokeren,Regenval,"Nat, plassen",Dag,met lichtgewonden,9,personenauto,3,Fiets,Op Kruispunt,Gewestweg,buiten bebouwde kom,Tss. 2 best.: langs opzij (voor-/achterkant-flank),Geen hindernis
17625,126,Hamme totem,Hamme,51.1017709,4.1469307,0.8340091465223491,51.09759000496139,4.137014458038742,2019,12,18,42008,Hamme,Regenval,"Nat, plassen","Nacht, openbare verlichting aanwezig en ontstoken",met lichtgewonden,3,Fiets,9,personenauto,Op Kruispunt,Gemeenteweg,binnen bebouwde kom,Tss. 2 best.: langs opzij (voor-/achterkant-flank),Geen hindernis
17627,120,Zele teller 1,Zele,51.0607671,4.0547741,1.2905406050625237,51.07007902071347,4.043750679564125,2019,12,17,42028,Zele,Normaal,Onbekend,"Nacht, openbare verlichting aanwezig en ontstoken",met lichtgewonden,9,personenauto,3,Fiets,Buiten Kruispunt,Gemeenteweg,binnen bebouwde kom,Tss. 2 best.: langs opzij (voor-/achterkant-flank),Geen hindernis
17627,121,Zele teller 2,Zele,51.0604067,4.0556696,1.3603002678633664,51.07007902071347,4.043750679564125,2019,12,17,42028,Zele,Normaal,Onbekend,"Nacht, openbare verlichting aanwezig en ontstoken",met lichtgewonden,9,personenauto,3,Fiets,Buiten Kruispunt,Gemeenteweg,binnen bebouwde kom,Tss. 2 best.: langs opzij (voor-/achterkant-flank),Geen hindernis
17637,10,Aalst 2,Aalst,50.93549,4.01571,2.360833731270311,50.94841548095658,4.042441370612139,2019,12,7,41002,Aalst,Normaal,"Nat, plassen",Dageraad - schemering,met lichtgewonden,9,personenauto,3,Fiets,Op Kruispunt,Gemeenteweg,binnen bebouwde kom,Tss. 2 best.: langs opzij (voor-/achterkant-flank),Geen hindernis
17637,11,Aalst 3,Aalst,50.93385,4.01647,2.436077099372428,50.94841548095658,4.042441370612139,2019,12,7,41002,Aalst,Normaal,"Nat, plassen",Dageraad - schemering,met lichtgewonden,9,personenauto,3,Fiets,Op Kruispunt,Gemeenteweg,binnen bebouwde kom,Tss. 2 best.: langs opzij (voor-/achterkant-flank),Geen hindernis
17637,19,Aalst 1,Aalst,50.93433,4.01471,2.495676035678897,50.94841548095658,4.042441370612139,2019,12,7,41002,Aalst,Normaal,"Nat, plassen",Dageraad - schemering,met lichtgewonden,9,personenauto,3,Fiets,Op Kruispunt,Gemeenteweg,binnen bebouwde kom,Tss. 2 best.: langs opzij (voor-/achterkant-flank),Geen hindernis
17638,11,Aalst 3,Aalst,50.93385,4.01647,1.2346110416909093,50.93350626952507,4.034079422178099,2019,12,16,41002,Aalst,Normaal,Droog,Dag,met lichtgewonden,3,Fiets,9,personenauto,Buiten Kruispunt,Gemeenteweg,binnen bebouwde kom,Tussen 2 bestuurders: Flank tegen flank,Geen hindernis
17638,10,Aalst 2,Aalst,50.93549,4.01571,1.3060176045091083,50.93350626952507,4.034079422178099,2019,12,16,41002,Aalst,Normaal,Droog,Dag,met lichtgewonden,3,Fiets,9,personenauto,Buiten Kruispunt,Gemeenteweg,binnen bebouwde kom,Tussen 2 bestuurders: Flank tegen flank,Geen hindernis
17638,19,Aalst 1,Aalst,50.93433,4.01471,1.3604350900874351,50.93350626952507,4.034079422178099,2019,12,16,41002,Aalst,Normaal,Droog,Dag,met lichtgewonden,3,Fiets,9,personenauto,Buiten Kruispunt,Gemeenteweg,binnen bebouwde kom,Tussen 2 bestuurders: Flank tegen flank,Geen hindernis
17640,10,Aalst 2,Aalst,50.93549,4.01571,2.0592934430901617,50.94591700895314,4.039999514207649,2019,12,13,41002,Aalst,Normaal,Droog,Dag,met lichtgewonden,9,personenauto,3,Fiets,Op Kruispunt,Gemeenteweg,binnen bebouwde kom,Tss. 2 best.: langs opzij (voor-/achterkant-flank),Geen hindernis
17640,11,Aalst 3,Aalst,50.93385,4.01647,2.125673991203785,50.94591700895314,4.039999514207649,2019,12,13,41002,Aalst,Normaal,Droog,Dag,met lichtgewonden,9,personenauto,3,Fiets,Op Kruispunt,Gemeenteweg,binnen bebouwde kom,Tss. 2 best.: langs opzij (voor-/achterkant-flank),Geen hindernis
17640,19,Aalst 1,Aalst,50.93433,4.01471,2.190868783391191,50.94591700895314,4.039999514207649,2019,12,13,41002,Aalst,Normaal,Droog,Dag,met lichtgewonden,9,personenauto,3,Fiets,Op Kruispunt,Gemeenteweg,binnen bebouwde kom,Tss. 2 best.: langs opzij (voor-/achterkant-flank),Geen hindernis
17644,122,Dendermonde teller 2,Dendermonde,51.0373918,4.1019222,0.45472058356722406,51.041443715395815,4.102800764843539,2019,12,19,42006,Dendermonde,Normaal,"Nat, plassen","Nacht, openbare verlichting aanwezig en ontstoken",met zwaargewonden,9,personenauto,3,Fiets,Op Kruispunt,Gewestweg,binnen bebouwde kom,Tss. 2 best.: langs opzij (voor-/achterkant-flank),Geen hindernis
17644,125,Dendermonde totem,Dendermonde,51.0372706,4.1025998,0.4642419476074075,51.041443715395815,4.102800764843539,2019,12,19,42006,Dendermonde,Normaal,"Nat, plassen","Nacht, openbare verlichting aanwezig en ontstoken",met zwaargewonden,9,personenauto,3,Fiets,Op Kruispunt,Gewestweg,binnen bebouwde kom,Tss. 2 best.: langs opzij (voor-/achterkant-flank),Geen hindernis
17645,142,TEST Validatie BRUGGE Y2H22022134,Brugge,51.22632,3.24095,2.4787292575138316,51.21255289059707,3.2689420198487893,2019,12,17,31005,Brugge,Regenval,"Nat, plassen","Nacht, openbare verlichting aanwezig en ontstoken",met lichtgewonden,3,Fiets,9,personenauto,Buiten Kruispunt,Gemeenteweg,binnen bebouwde kom,Tss. 2 best.: langs opzij (voor-/achterkant-flank),Geen hindernis
17645,52,Brugge,Brugge,51.22632,3.24095,2.4787292575138316,51.21255289059707,3.2689420198487893,2019,12,17,31005,Brugge,Regenval,"Nat, plassen","Nacht, openbare verlichting aanwezig en ontstoken",met lichtgewonden,3,Fiets,9,personenauto,Buiten Kruispunt,Gemeenteweg,binnen bebouwde kom,Tss. 2 best.: langs opzij (voor-/achterkant-flank),Geen hindernis
17647,20,Brugge,Brugge,51.17416,3.20048,0.47221115852026085,51.17048904821702,3.197074667969287,2019,12,19,31005,Brugge,Normaal,Droog,"Nacht, openbare verlichting aanwezig en ontstoken",met lichtgewonden,9,personenauto,3,Fiets,Buiten Kruispunt,Gewestweg,binnen bebouwde kom,Tss. 2 best.: langs opzij (voor-/achterkant-flank),Geen hindernis
17649,54,Brugge teller 2,Brugge,51.23015,3.22818,2.0485859970280758,51.21394369843014,3.2141896262872094,2019,12,16,31005,Brugge,Normaal,Droog,Dag,met lichtgewonden,3,Fiets,3,Fiets,Buiten Kruispunt,Gemeenteweg,binnen bebouwde kom,Tussen 2 bestuurders: Flank tegen flank,Geen hindernis
17649,53,Brugge teller 1,Brugge,51.23023,3.228,2.050505525518313,51.21394369843014,3.2141896262872094,2019,12,16,31005,Brugge,Normaal,Droog,Dag,met lichtgewonden,3,Fiets,3,Fiets,Buiten Kruispunt,Gemeenteweg,binnen bebouwde kom,Tussen 2 bestuurders: Flank tegen flank,Geen hindernis
17649,52,Brugge,Brugge,51.22632,3.24095,2.3167484362167934,51.21394369843014,3.2141896262872094,2019,12,16,31005,Brugge,Normaal,Droog,Dag,met lichtgewonden,3,Fiets,3,Fiets,Buiten Kruispunt,Gemeenteweg,binnen bebouwde kom,Tussen 2 bestuurders: Flank tegen flank,Geen hindernis
17649,142,TEST Validatie BRUGGE Y2H22022134,Brugge,51.22632,3.24095,2.3167484362167934,51.21394369843014,3.2141896262872094,2019,12,16,31005,Brugge,Normaal,Droog,Dag,met lichtgewonden,3,Fiets,3,Fiets,Buiten Kruispunt,Gemeenteweg,binnen bebouwde kom,Tussen 2 bestuurders: Flank tegen flank,Geen hindernis
17650,53,Brugge teller 1,Brugge,51.23023,3.228,1.3841451329353327,51.22046755649055,3.215667979905088,2019,12,11,31005,Brugge,Normaal,"Nat, plassen",Dag,dodelijk gewonden,3,Fiets,4,Vrachtwagen,Op Kruispunt,Gewestweg,binnen bebouwde kom,Tussen 2 bestuurders: Frontale botsing,Geen hindernis
17650,54,Brugge teller 2,Brugge,51.23015,3.22818,1.3850310152531478,51.22046755649055,3.215667979905088,2019,12,11,31005,Brugge,Normaal,"Nat, plassen",Dag,dodelijk gewonden,3,Fiets,4,Vrachtwagen,Op Kruispunt,Gewestweg,binnen bebouwde kom,Tussen 2 bestuurders: Frontale botsing,Geen hindernis
17650,52,Brugge,Brugge,51.22632,3.24095,1.877051959933628,51.22046755649055,3.215667979905088,2019,12,11,31005,Brugge,Normaal,"Nat, plassen",Dag,dodelijk gewonden,3,Fiets,4,Vrachtwagen,Op Kruispunt,Gewestweg,binnen bebouwde kom,Tussen 2 bestuurders: Frontale botsing,Geen hindernis
17650,142,TEST Validatie BRUGGE Y2H22022134,Brugge,51.22632,3.24095,1.877051959933628,51.22046755649055,3.215667979905088,2019,12,11,31005,Brugge,Normaal,"Nat, plassen",Dag,dodelijk gewonden,3,Fiets,4,Vrachtwagen,Op Kruispunt,Gewestweg,binnen bebouwde kom,Tussen 2 bestuurders: Frontale botsing,Geen hindernis
17653,20,Brugge,Brugge,51.17416,3.20048,1.6414865274263397,51.188020412532246,3.192375127698234,2019,12,10,31005,Brugge,Normaal,"Nat, plassen",Dag,met lichtgewonden,9,personenauto,3,Fiets,Op Kruispunt,Gewestweg,binnen bebouwde kom,Tss. 2 best.: langs opzij (voor-/achterkant-flank),Geen hindernis
17653,51,"Brugge, Sint-Andries",Brugge,51.19281,3.16252,2.1476753209727386,51.188020412532246,3.192375127698234,2019,12,10,31005,Brugge,Normaal,"Nat, plassen",Dag,met lichtgewonden,9,personenauto,3,Fiets,Op Kruispunt,Gewestweg,binnen bebouwde kom,Tss. 2 best.: langs opzij (voor-/achterkant-flank),Geen hindernis
17653,50,"Brugge, Sint-Andries",Brugge,51.19291,3.16252,2.150457514956884,51.188020412532246,3.192375127698234,2019,12,10,31005,Brugge,Normaal,"Nat, plassen",Dag,met lichtgewonden,9,personenauto,3,Fiets,Op Kruispunt,Gewestweg,binnen bebouwde kom,Tss. 2 best.: langs opzij (voor-/achterkant-flank),Geen hindernis
17654,54,Brugge teller 2,Brugge,51.23015,3.22818,1.9379980074047347,51.21417823503865,3.217041330256642,2019,12,16,31005,Brugge,Normaal,"Nat, plassen",Dag,met lichtgewonden,3,Fiets,3,Fiets,Op Kruispunt,Gewestweg,binnen bebouwde kom,Tss. 2 best.: langs opzij (voor-/achterkant-flank),Geen hindernis
17654,53,Brugge teller 1,Brugge,51.23023,3.228,1.941190451440436,51.21417823503865,3.217041330256642,2019,12,16,31005,Brugge,Normaal,"Nat, plassen",Dag,met lichtgewonden,3,Fiets,3,Fiets,Op Kruispunt,Gewestweg,binnen bebouwde kom,Tss. 2 best.: langs opzij (voor-/achterkant-flank),Geen hindernis
17654,52,Brugge,Brugge,51.22632,3.24095,2.143679624227594,51.21417823503865,3.217041330256642,2019,12,16,31005,Brugge,Normaal,"Nat, plassen",Dag,met lichtgewonden,3,Fiets,3,Fiets,Op Kruispunt,Gewestweg,binnen bebouwde kom,Tss. 2 best.: langs opzij (voor-/achterkant-flank),Geen hindernis
17654,142,TEST Validatie BRUGGE Y2H22022134,Brugge,51.22632,3.24095,2.143679624227594,51.21417823503865,3.217041330256642,2019,12,16,31005,Brugge,Normaal,"Nat, plassen",Dag,met lichtgewonden,3,Fiets,3,Fiets,Op Kruispunt,Gewestweg,binnen bebouwde kom,Tss. 2 best.: langs opzij (voor-/achterkant-flank),Geen hindernis
17655,20,Brugge,Brugge,51.17416,3.20048,1.6287169881129466,51.18841117108203,3.205878137828209,2019,12,16,31005,Brugge,Normaal,Proper,Dageraad - schemering,met lichtgewonden,3,Fiets,11,een weggebruiker tegen een hindernis,Buiten Kruispunt,Gemeenteweg,binnen bebouwde kom,Weggebruiker tegen hindernis op de rijbaan,"Op de rijbaan: Werken (signal., aarde, toestel,…)"
17664,15,Oostende 2,Oostende,51.21371,2.92743,1.5749376736061762,51.22625916022648,2.916944531819655,2019,12,10,35013,Oostende,Normaal,Droog,Dag,met lichtgewonden,3,Fiets,5,Lichte vrachtauto,Buiten Kruispunt,Gemeenteweg,binnen bebouwde kom,Tss. 2 best.: langs opzij (voor-/achterkant-flank),Geen hindernis
17664,18,Oostende 1,Oostende,51.21378,2.92765,1.5752391709666296,51.22625916022648,2.916944531819655,2019,12,10,35013,Oostende,Normaal,Droog,Dag,met lichtgewonden,3,Fiets,5,Lichte vrachtauto,Buiten Kruispunt,Gemeenteweg,binnen bebouwde kom,Tss. 2 best.: langs opzij (voor-/achterkant-flank),Geen hindernis
17665,18,Oostende 1,Oostende,51.21378,2.92765,1.6292432978266427,51.22713472825152,2.9180256686778936,2019,12,15,35013,Oostende,Normaal,Droog,Dag,met lichtgewonden,3,Fiets,7,Motorfiets,Op Kruispunt,Gewestweg,binnen bebouwde kom,Tussen 2 bestuurders: Flank tegen flank,Geen hindernis
17665,15,Oostende 2,Oostende,51.21371,2.92743,1.6301248827691757,51.22713472825152,2.9180256686778936,2019,12,15,35013,Oostende,Normaal,Droog,Dag,met lichtgewonden,3,Fiets,7,Motorfiets,Op Kruispunt,Gewestweg,binnen bebouwde kom,Tussen 2 bestuurders: Flank tegen flank,Geen hindernis
17666,18,Oostende 1,Oostende,51.21378,2.92765,1.1869300315162306,51.22444735302091,2.9270344430719533,2019,12,14,35013,Oostende,Normaal,Droog,Dag,met zwaargewonden,9,personenauto,3,Fiets,Buiten Kruispunt,Gemeenteweg,binnen bebouwde kom,Tussen 2 bestuurders: Flank tegen flank,Geen hindernis
17666,15,Oostende 2,Oostende,51.21371,2.92743,1.1942569743873126,51.22444735302091,2.9270344430719533,2019,12,14,35013,Oostende,Normaal,Droog,Dag,met zwaargewonden,9,personenauto,3,Fiets,Buiten Kruispunt,Gemeenteweg,binnen bebouwde kom,Tussen 2 bestuurders: Flank tegen flank,Geen hindernis
17668,15,Oostende 2,Oostende,51.21371,2.92743,0.9242765636295605,51.216939893335415,2.9152028464299224,2019,12,13,35013,Oostende,Normaal,Droog,Dag,met lichtgewonden,3,Fiets,9,personenauto,Buiten Kruispunt,Gemeenteweg,buiten bebouwde kom,Tss. 2 best.: langs opzij (voor-/achterkant-flank),Geen hindernis
17668,18,Oostende 1,Oostende,51.21378,2.92765,0.9354628428345284,51.216939893335415,2.9152028464299224,2019,12,13,35013,Oostende,Normaal,Droog,Dag,met lichtgewonden,3,Fiets,9,personenauto,Buiten Kruispunt,Gemeenteweg,buiten bebouwde kom,Tss. 2 best.: langs opzij (voor-/achterkant-flank),Geen hindernis
17669,18,Oostende 1,Oostende,51.21378,2.92765,2.0967044421782384,51.230723165642374,2.9144368656813597,2019,12,16,35013,Oostende,Normaal,Droog,Dag,met lichtgewonden,3,Fiets,8,Voetganger,Buiten Kruispunt,Gemeenteweg,binnen bebouwde kom,Met een voetganger,Geen hindernis
17669,15,Oostende 2,Oostende,51.21371,2.92743,2.0970451336631486,51.230723165642374,2.9144368656813597,2019,12,16,35013,Oostende,Normaal,Droog,Dag,met lichtgewonden,3,Fiets,8,Voetganger,Buiten Kruispunt,Gemeenteweg,binnen bebouwde kom,Met een voetganger,Geen hindernis
17670,18,Oostende 1,Oostende,51.21378,2.92765,2.0967044421782384,51.230723165642374,2.9144368656813597,2019,12,22,35013,Oostende,Normaal,Droog,"Nacht, openbare verlichting aanwezig en ontstoken",met lichtgewonden,9,personenauto,3,Fiets,Buiten Kruispunt,Gemeenteweg,binnen bebouwde kom,Tss. 2 best.: langs opzij (voor-/achterkant-flank),Geen hindernis
17670,15,Oostende 2,Oostende,51.21371,2.92743,2.0970451336631486,51.230723165642374,2.9144368656813597,2019,12,22,35013,Oostende,Normaal,Droog,"Nacht, openbare verlichting aanwezig en ontstoken",met lichtgewonden,9,personenauto,3,Fiets,Buiten Kruispunt,Gemeenteweg,binnen bebouwde kom,Tss. 2 best.: langs opzij (voor-/achterkant-flank),Geen hindernis
17673,51,"Brugge, Sint-Andries",Brugge,51.19281,3.16252,1.1492073612789733,51.18749339066121,3.148379007896804,2019,12,16,31012,Jabbeke,Normaal,Proper,Dag,met lichtgewonden,3,Fiets,8,Voetganger,Buiten Kruispunt,Gewestweg,binnen bebouwde kom,Met een voetganger,Geen hindernis
17673,50,"Brugge, Sint-Andries",Brugge,51.19291,3.16252,1.1549659465766944,51.18749339066121,3.148379007896804,2019,12,16,31012,Jabbeke,Normaal,Proper,Dag,met lichtgewonden,3,Fiets,8,Voetganger,Buiten Kruispunt,Gewestweg,binnen bebouwde kom,Met een voetganger,Geen hindernis