crash_row_id,site_id,site_name,site_gemeente,site_lat,site_long,distance_km,crash_lat,crash_long,DT_YEAR_COLLISION,DT_MONTH_COLLISION,DT_TIME,CD_NIS,TX_MUNTY_COLLISION_NL,TX_WEATHER_NL,TX_ROAD_CONDITION_NL,TX_LIGHT_CONDITION_NL,TX_CLASS_ACCIDENTS_NL,CD_ROAD_USR_TYPE1,TX_ROAD_USR_TYPE1_NL,CD_ROAD_USR_TYPE2,TX_ROAD_USR_TYPE2_NL,TX_CROSSWAY_NL,CD_ROAD_TYPE_NL,TX_BUILD_UP_AREA_NL,TX_COLLISION_TYPE_NL,TX_OBSTACLES_NL
17678,84,Roeselare totem,Izegem,50.91717,3.18772,2.1490478388645915,50.9168936927063,3.218372751114235,2019,12,8,36008,Izegem,Regenval,Onbekend,Dageraad - schemering,met lichtgewonden,9,personenauto,3,Fiets,Buiten Kruispunt,Gewestweg,binnen bebouwde kom,Tss. 2 best.: langs opzij (voor-/achterkant-flank),Geen hindernis
17679,84,Roeselare totem,Izegem,50.91717,3.18772,2.215380572270941,50.919663547074386,3.2190745571156727,2019,12,12,36008,Izegem,Normaal,Droog,Dag,met lichtgewonden,9,personenauto,3,Fiets,Buiten Kruispunt,Gemeenteweg,binnen bebouwde kom,Tss. 2 best.: langs opzij (voor-/achterkant-flank),Geen hindernis
17681,59,Ardooie teller 1,Ardooie,50.96784,3.18479,1.4720616876837025,50.97937242029729,3.1951143174969845,2019,12,10,37020,Ardooie,Onbekend,Onbekend,Dag,met lichtgewonden,5,Lichte vrachtauto,3,Fiets,Op Kruispunt,Gemeenteweg,binnen bebouwde kom,Tussen 2 bestuurders: Flank tegen flank,Geen hindernis
17681,60,Ardooie teller 2,Ardooie,50.96783,3.18411,1.496970403529218,50.97937242029729,3.1951143174969845,2019,12,10,37020,Ardooie,Onbekend,Onbekend,Dag,met lichtgewonden,5,Lichte vrachtauto,3,Fiets,Op Kruispunt,Gemeenteweg,binnen bebouwde kom,Tussen 2 bestuurders: Flank tegen flank,Geen hindernis
17682,84,Roeselare totem,Izegem,50.91717,3.18772,1.1358444009928943,50.92096501351185,3.202763636951706,2019,12,14,36008,Izegem,Normaal,Droog,Dag,met lichtgewonden,9,personenauto,3,Fiets,Buiten Kruispunt,Gewestweg,binnen bebouwde kom,Tss. 2 best.: langs opzij (voor-/achterkant-flank),Geen hindernis
17686,84,Roeselare totem,Izegem,50.91717,3.18772,2.0815934273853083,50.91949664056772,3.2171842523796492,2019,12,9,36008,Izegem,Normaal,Droog,Dag,met lichtgewonden,9,personenauto,3,Fiets,Buiten Kruispunt,Gemeenteweg,binnen bebouwde kom,Tussen 2 bestuurders: Frontale botsing,Geen hindernis
17687,84,Roeselare totem,Izegem,50.91717,3.18772,2.2031478015449464,50.919864120516586,3.218856716543089,2019,12,13,36008,Izegem,Normaal,Droog,Dag,met lichtgewonden,3,Fiets,3,Fiets,Buiten Kruispunt,Gemeenteweg,binnen bebouwde kom,Tss. 2 best.: langs opzij (voor-/achterkant-flank),Geen hindernis
17695,16,Kortrijk 1,Kortrijk,50.83332,3.27777,1.1573864941232481,50.82294348642788,3.2764765701721563,2019,12,10,34022,Kortrijk,Onbekend,Onbekend,Dag,met lichtgewonden,9,personenauto,3,Fiets,Buiten Kruispunt,Gewestweg,binnen bebouwde kom,Tussen 2 bestuurders: Flank tegen flank,Geen hindernis
17695,17,Kortrijk 2,Kortrijk,50.83339,3.27773,1.1649305966556995,50.82294348642788,3.2764765701721563,2019,12,10,34022,Kortrijk,Onbekend,Onbekend,Dag,met lichtgewonden,9,personenauto,3,Fiets,Buiten Kruispunt,Gewestweg,binnen bebouwde kom,Tussen 2 bestuurders: Flank tegen flank,Geen hindernis
17695,143,Eco Display Classic Budastraat,Kortrijk,50.83066,3.26286,1.2848865750114902,50.82294348642788,3.2764765701721563,2019,12,10,34022,Kortrijk,Onbekend,Onbekend,Dag,met lichtgewonden,9,personenauto,3,Fiets,Buiten Kruispunt,Gewestweg,binnen bebouwde kom,Tussen 2 bestuurders: Flank tegen flank,Geen hindernis
17695,75,Kortrijk teller 2,Kortrijk,50.81925,3.25731,1.4076343308825818,50.82294348642788,3.2764765701721563,2019,12,10,34022,Kortrijk,Onbekend,Onbekend,Dag,met lichtgewonden,9,personenauto,3,Fiets,Buiten Kruispunt,Gewestweg,binnen bebouwde kom,Tussen 2 bestuurders: Flank tegen flank,Geen hindernis
17695,74,Kortrijk teller 1,Kortrijk,50.81909,3.25728,1.4149381415296178,50.82294348642788,3.2764765701721563,2019,12,10,34022,Kortrijk,Onbekend,Onbekend,Dag,met lichtgewonden,9,personenauto,3,Fiets,Buiten Kruispunt,Gewestweg,binnen bebouwde kom,Tussen 2 bestuurders: Flank tegen flank,Geen hindernis
17696,143,Eco Display Classic Budastraat,Kortrijk,50.83066,3.26286,0.5244120240472709,50.83086090142319,3.2553999439291346,2019,12,17,34022,Kortrijk,Normaal,"Nat, plassen","Nacht, openbare verlichting aanwezig en ontstoken",met lichtgewonden,9,personenauto,3,Fiets,Op Kruispunt,Gewestweg,binnen bebouwde kom,Tussen 2 bestuurders: Flank tegen flank,Geen hindernis
17696,75,Kortrijk teller 2,Kortrijk,50.81925,3.25731,1.2980255284471394,50.83086090142319,3.2553999439291346,2019,12,17,34022,Kortrijk,Normaal,"Nat, plassen","Nacht, openbare verlichting aanwezig en ontstoken",met lichtgewonden,9,personenauto,3,Fiets,Op Kruispunt,Gewestweg,binnen bebouwde kom,Tussen 2 bestuurders: Flank tegen flank,Geen hindernis
17696,74,Kortrijk teller 1,Kortrijk,50.81909,3.25728,1.3155095326189314,50.83086090142319,3.2553999439291346,2019,12,17,34022,Kortrijk,Normaal,"Nat, plassen","Nacht, openbare verlichting aanwezig en ontstoken",met lichtgewonden,9,personenauto,3,Fiets,Op Kruispunt,Gewestweg,binnen bebouwde kom,Tussen 2 bestuurders: Flank tegen flank,Geen hindernis
17696,17,Kortrijk 2,Kortrijk,50.83339,3.27773,1.5932580837485513,50.83086090142319,3.2553999439291346,2019,12,17,34022,Kortrijk,Normaal,"Nat, plassen","Nacht, openbare verlichting aanwezig en ontstoken",met lichtgewonden,9,personenauto,3,Fiets,Op Kruispunt,Gewestweg,binnen bebouwde kom,Tussen 2 bestuurders: Flank tegen flank,Geen hindernis
17696,16,Kortrijk 1,Kortrijk,50.83332,3.27777,1.5946713301488022,50.83086090142319,3.2553999439291346,2019,12,17,34022,Kortrijk,Normaal,"Nat, plassen","Nacht, openbare verlichting aanwezig en ontstoken",met lichtgewonden,9,personenauto,3,Fiets,Op Kruispunt,Gewestweg,binnen bebouwde kom,Tussen 2 bestuurders: Flank tegen flank,Geen hindernis
17697,17,Kortrijk 2,Kortrijk,50.83339,3.27773,1.9214045464091356,50.849571865096294,3.2873277864078725,2019,12,16,34023,Kuurne,Regenval,"Nat, plassen","Nacht, openbare verlichting aanwezig en ontstoken",met lichtgewonden,3,Fiets,9,personenauto,Op Kruispunt,Gemeenteweg,binnen bebouwde kom,Tss. 2 best.: langs opzij (voor-/achterkant-flank),Geen hindernis
17697,16,Kortrijk 1,Kortrijk,50.83332,3.27777,1.9277162279086422,50.849571865096294,3.2873277864078725,2019,12,16,34023,Kuurne,Regenval,"Nat, plassen","Nacht, openbare verlichting aanwezig en ontstoken",met lichtgewonden,3,Fiets,9,personenauto,Op Kruispunt,Gemeenteweg,binnen bebouwde kom,Tss. 2 best.: langs opzij (voor-/achterkant-flank),Geen hindernis
17700,16,Kortrijk 1,Kortrijk,50.83332,3.27777,0.874196450932026,50.82624943123071,3.2832121018729845,2019,12,8,34022,Kortrijk,Onbekend,Onbekend,Onbekend,met lichtgewonden,3,Fiets,10,"één bestuurder, geen hindernis",Op Kruispunt,Gemeenteweg,binnen bebouwde kom,"Eén bestuurder, geen hindernis (incl. val)",Geen hindernis
17700,17,Kortrijk 2,Kortrijk,50.83339,3.27773,0.8824253164973435,50.82624943123071,3.2832121018729845,2019,12,8,34022,Kortrijk,Onbekend,Onbekend,Onbekend,met lichtgewonden,3,Fiets,10,"één bestuurder, geen hindernis",Op Kruispunt,Gemeenteweg,binnen bebouwde kom,"Eén bestuurder, geen hindernis (incl. val)",Geen hindernis
17700,143,Eco Display Classic Budastraat,Kortrijk,50.83066,3.26286,1.5112352242914358,50.82624943123071,3.2832121018729845,2019,12,8,34022,Kortrijk,Onbekend,Onbekend,Onbekend,met lichtgewonden,3,Fiets,10,"één bestuurder, geen hindernis",Op Kruispunt,Gemeenteweg,binnen bebouwde kom,"Eén bestuurder, geen hindernis (incl. val)",Geen hindernis
17700,75,Kortrijk teller 2,Kortrijk,50.81925,3.25731,1.97894812648634,50.82624943123071,3.2832121018729845,2019,12,8,34022,Kortrijk,Onbekend,Onbekend,Onbekend,met lichtgewonden,3,Fiets,10,"één bestuurder, geen hindernis",Op Kruispunt,Gemeenteweg,binnen bebouwde kom,"Eén bestuurder, geen hindernis (incl. val)",Geen hindernis
17700,74,Kortrijk teller 1,Kortrijk,50.81909,3.25728,1.9879462471871525,50.82624943123071,3.2832121018729845,2019,12,8,34022,Kortrijk,Onbekend,Onbekend,Onbekend,met lichtgewonden,3,Fiets,10,"één bestuurder, geen hindernis",Op Kruispunt,Gemeenteweg,binnen bebouwde kom,"Eén bestuurder, geen hindernis (incl. val)",Geen hindernis
17701,75,Kortrijk teller 2,Kortrijk,50.81925,3.25731,0.8398324402203912,50.82036764779201,3.2691335205084657,2019,12,11,34022,Kortrijk,Normaal,Droog,Dag,met lichtgewonden,9,personenauto,3,Fiets,Op Kruispunt,Gewestweg,binnen bebouwde kom,Tss. 2 best.: langs opzij (voor-/achterkant-flank),Geen hindernis
17701,74,Kortrijk teller 1,Kortrijk,50.81909,3.25728,0.8447276416701901,50.82036764779201,3.2691335205084657,2019,12,11,34022,Kortrijk,Normaal,Droog,Dag,met lichtgewonden,9,personenauto,3,Fiets,Op Kruispunt,Gewestweg,binnen bebouwde kom,Tss. 2 best.: langs opzij (voor-/achterkant-flank),Geen hindernis
17701,143,Eco Display Classic Budastraat,Kortrijk,50.83066,3.26286,1.2263593611241586,50.82036764779201,3.2691335205084657,2019,12,11,34022,Kortrijk,Normaal,Droog,Dag,met lichtgewonden,9,personenauto,3,Fiets,Op Kruispunt,Gewestweg,binnen bebouwde kom,Tss. 2 best.: langs opzij (voor-/achterkant-flank),Geen hindernis
17701,16,Kortrijk 1,Kortrijk,50.83332,3.27777,1.5627714484613011,50.82036764779201,3.2691335205084657,2019,12,11,34022,Kortrijk,Normaal,Droog,Dag,met lichtgewonden,9,personenauto,3,Fiets,Op Kruispunt,Gewestweg,binnen bebouwde kom,Tss. 2 best.: langs opzij (voor-/achterkant-flank),Geen hindernis
17701,17,Kortrijk 2,Kortrijk,50.83339,3.27773,1.5688640901280992,50.82036764779201,3.2691335205084657,2019,12,11,34022,Kortrijk,Normaal,Droog,Dag,met lichtgewonden,9,personenauto,3,Fiets,Op Kruispunt,Gewestweg,binnen bebouwde kom,Tss. 2 best.: langs opzij (voor-/achterkant-flank),Geen hindernis
17702,75,Kortrijk teller 2,Kortrijk,50.81925,3.25731,0.2883644082214217,50.82174464602702,3.2584315908331276,2019,12,12,34022,Kortrijk,Normaal,Droog,Dag,met lichtgewonden,3,Fiets,9,personenauto,Op Kruispunt,Gewestweg,binnen bebouwde kom,Tss. 2 best.: langs opzij (voor-/achterkant-flank),Geen hindernis
17702,74,Kortrijk teller 1,Kortrijk,50.81909,3.25728,0.30606759496688396,50.82174464602702,3.2584315908331276,2019,12,12,34022,Kortrijk,Normaal,Droog,Dag,met lichtgewonden,3,Fiets,9,personenauto,Op Kruispunt,Gewestweg,binnen bebouwde kom,Tss. 2 best.: langs opzij (voor-/achterkant-flank),Geen hindernis
17702,143,Eco Display Classic Budastraat,Kortrijk,50.83066,3.26286,1.038994503927094,50.82174464602702,3.2584315908331276,2019,12,12,34022,Kortrijk,Normaal,Droog,Dag,met lichtgewonden,3,Fiets,9,personenauto,Op Kruispunt,Gewestweg,binnen bebouwde kom,Tss. 2 best.: langs opzij (voor-/achterkant-flank),Geen hindernis
17702,16,Kortrijk 1,Kortrijk,50.83332,3.27777,1.8712519379092427,50.82174464602702,3.2584315908331276,2019,12,12,34022,Kortrijk,Normaal,Droog,Dag,met lichtgewonden,3,Fiets,9,personenauto,Op Kruispunt,Gewestweg,binnen bebouwde kom,Tss. 2 best.: langs opzij (voor-/achterkant-flank),Geen hindernis
17702,17,Kortrijk 2,Kortrijk,50.83339,3.27773,1.8745811358954418,50.82174464602702,3.2584315908331276,2019,12,12,34022,Kortrijk,Normaal,Droog,Dag,met lichtgewonden,3,Fiets,9,personenauto,Op Kruispunt,Gewestweg,binnen bebouwde kom,Tss. 2 best.: langs opzij (voor-/achterkant-flank),Geen hindernis
17703,74,Kortrijk teller 1,Kortrijk,50.81909,3.25728,1.1902418300055415,50.81239405904289,3.2440622701744077,2019,12,13,34022,Kortrijk,Normaal,Droog,Dag,met lichtgewonden,5,Lichte vrachtauto,3,Fiets,Op Kruispunt,Gemeenteweg,buiten bebouwde kom,Tussen 2 bestuurders: Frontale botsing,Geen hindernis
17703,75,Kortrijk teller 2,Kortrijk,50.81925,3.25731,1.2030797937900695,50.81239405904289,3.2440622701744077,2019,12,13,34022,Kortrijk,Normaal,Droog,Dag,met lichtgewonden,5,Lichte vrachtauto,3,Fiets,Op Kruispunt,Gemeenteweg,buiten bebouwde kom,Tussen 2 bestuurders: Frontale botsing,Geen hindernis
17703,143,Eco Display Classic Budastraat,Kortrijk,50.83066,3.26286,2.422584975889859,50.81239405904289,3.2440622701744077,2019,12,13,34022,Kortrijk,Normaal,Droog,Dag,met lichtgewonden,5,Lichte vrachtauto,3,Fiets,Op Kruispunt,Gemeenteweg,buiten bebouwde kom,Tussen 2 bestuurders: Frontale botsing,Geen hindernis
17704,143,Eco Display Classic Budastraat,Kortrijk,50.83066,3.26286,2.2553764303887407,50.83649840470532,3.2321041273880793,2019,12,14,34022,Kortrijk,Normaal,Droog,Dag,met zwaargewonden,3,Fiets,9,personenauto,Op Kruispunt,Gemeenteweg,binnen bebouwde kom,Tss. 2 best.: langs opzij (voor-/achterkant-flank),Geen hindernis
17717,64,Nieuwpoort teller 1,Nieuwpoort,51.13359,2.75737,0.586752416964575,51.12854185547067,2.754921590407924,2019,12,6,38016,Nieuwpoort,Onbekend,Onbekend,"Nacht, openbare verlichting aanwezig en ontstoken",met lichtgewonden,9,personenauto,3,Fiets,Op Kruispunt,Gemeenteweg,binnen bebouwde kom,Tussen 2 bestuurders: Frontale botsing,Geen hindernis
17717,65,Nieuwpoort teller 2,Nieuwpoort,51.13435,2.75511,0.6459700047392631,51.12854185547067,2.754921590407924,2019,12,6,38016,Nieuwpoort,Onbekend,Onbekend,"Nacht, openbare verlichting aanwezig en ontstoken",met lichtgewonden,9,personenauto,3,Fiets,Op Kruispunt,Gemeenteweg,binnen bebouwde kom,Tussen 2 bestuurders: Frontale botsing,Geen hindernis
17717,66,Nieuwpoort totem,Nieuwpoort,51.1347,2.74369,1.0407265950301974,51.12854185547067,2.754921590407924,2019,12,6,38016,Nieuwpoort,Onbekend,Onbekend,"Nacht, openbare verlichting aanwezig en ontstoken",met lichtgewonden,9,personenauto,3,Fiets,Op Kruispunt,Gemeenteweg,binnen bebouwde kom,Tussen 2 bestuurders: Frontale botsing,Geen hindernis
17717,63,Nieuwpoort teller 3,Nieuwpoort,51.13529,2.74289,1.1259969174588242,51.12854185547067,2.754921590407924,2019,12,6,38016,Nieuwpoort,Onbekend,Onbekend,"Nacht, openbare verlichting aanwezig en ontstoken",met lichtgewonden,9,personenauto,3,Fiets,Op Kruispunt,Gemeenteweg,binnen bebouwde kom,Tussen 2 bestuurders: Frontale botsing,Geen hindernis
17718,67,Ieper totem,Ieper,50.85018,2.85624,2.227148027137633,50.8609229123252,2.8830181162880275,2019,12,10,33011,Ieper,Normaal,"Nat, plassen",Dag,met lichtgewonden,9,personenauto,3,Fiets,Op Kruispunt,Gemeenteweg,buiten bebouwde kom,Tss. 2 best.: langs opzij (voor-/achterkant-flank),Geen hindernis
17718,68,Ieper,Ieper,50.85032,2.85608,2.228357294654748,50.8609229123252,2.8830181162880275,2019,12,10,33011,Ieper,Normaal,"Nat, plassen",Dag,met lichtgewonden,9,personenauto,3,Fiets,Op Kruispunt,Gemeenteweg,buiten bebouwde kom,Tss. 2 best.: langs opzij (voor-/achterkant-flank),Geen hindernis
17726,67,Ieper totem,Ieper,50.85018,2.85624,1.5214652978308267,50.84478688502115,2.8761567583804717,2019,12,6,33011,Ieper,Normaal,Droog,"Nacht, openbare verlichting aanwezig en ontstoken",met lichtgewonden,9,personenauto,3,Fiets,Op Kruispunt,Gewestweg,binnen bebouwde kom,Tss. 2 best.: langs opzij (voor-/achterkant-flank),Geen hindernis
17726,68,Ieper,Ieper,50.85032,2.85608,1.5379547067061043,50.84478688502115,2.8761567583804717,2019,12,6,33011,Ieper,Normaal,Droog,"Nacht, openbare verlichting aanwezig en ontstoken",met lichtgewonden,9,personenauto,3,Fiets,Op Kruispunt,Gewestweg,binnen bebouwde kom,Tss. 2 best.: langs opzij (voor-/achterkant-flank),Geen hindernis
17730,42,Maasmechelen teller 2,Maasmechelen,50.97043,5.6981,1.8882176067994754,50.987397289033964,5.69701051716708,2019,12,15,73107,Maasmechelen,Normaal,Droog,Dag,met lichtgewonden,9,personenauto,3,Fiets,Buiten Kruispunt,Gemeenteweg,binnen bebouwde kom,Tss. 2 best.: langs opzij (voor-/achterkant-flank),Geen hindernis
17730,41,Maasmechelen teller 1,Maasmechelen,50.97025,5.69799,1.9079242328939638,50.987397289033964,5.69701051716708,2019,12,15,73107,Maasmechelen,Normaal,Droog,Dag,met lichtgewonden,9,personenauto,3,Fiets,Buiten Kruispunt,Gemeenteweg,binnen bebouwde kom,Tss. 2 best.: langs opzij (voor-/achterkant-flank),Geen hindernis
17733,99,Mechelen teller 1,Mechelen,51.04564,4.46882,2.322239298861295,51.02538222319864,4.476894350507271,2019,12,16,12025,Mechelen,Normaal,Droog,Dageraad - schemering,met lichtgewonden,8,Voetganger,3,Fiets,Buiten Kruispunt,Gemeenteweg,binnen bebouwde kom,Met een voetganger,Geen hindernis
17733,100,Mechelen teller 2,Mechelen,51.0457,4.46883,2.3285418622917047,51.02538222319864,4.476894350507271,2019,12,16,12025,Mechelen,Normaal,Droog,Dageraad - schemering,met lichtgewonden,8,Voetganger,3,Fiets,Buiten Kruispunt,Gemeenteweg,binnen bebouwde kom,Met een voetganger,Geen hindernis
17734,99,Mechelen teller 1,Mechelen,51.04564,4.46882,2.292242772685461,51.031138190712014,4.492120435609292,2019,12,16,12025,Mechelen,Normaal,"Nat, plassen","Nacht, openbare verlichting aanwezig en ontstoken",met lichtgewonden,3,Fiets,3,Fiets,Op Kruispunt,Gemeenteweg,binnen bebouwde kom,Tss. 2 best.: langs opzij (voor-/achterkant-flank),Geen hindernis
17734,100,Mechelen teller 2,Mechelen,51.0457,4.46883,2.296444403756836,51.031138190712014,4.492120435609292,2019,12,16,12025,Mechelen,Normaal,"Nat, plassen","Nacht, openbare verlichting aanwezig en ontstoken",met lichtgewonden,3,Fiets,3,Fiets,Op Kruispunt,Gemeenteweg,binnen bebouwde kom,Tss. 2 best.: langs opzij (voor-/achterkant-flank),Geen hindernis
17736,99,Mechelen teller 1,Mechelen,51.04564,4.46882,2.33017925736847,51.02529272190126,4.476792448294134,2019,11,12,12025,Mechelen,Regenval,"Nat, plassen",Dag,met lichtgewonden,3,Fiets,8,Voetganger,Buiten Kruispunt,Gemeenteweg,binnen bebouwde kom,Met een voetganger,Geen hindernis
17736,100,Mechelen teller 2,Mechelen,51.0457,4.46883,2.336490955012704,51.02529272190126,4.476792448294134,2019,11,12,12025,Mechelen,Regenval,"Nat, plassen",Dag,met lichtgewonden,3,Fiets,8,Voetganger,Buiten Kruispunt,Gemeenteweg,binnen bebouwde kom,Met een voetganger,Geen hindernis
17737,109,Zemst,Zemst,50.9903936,4.4707023,2.2755580513616898,51.01035463244629,4.47787169543456,2019,12,6,12025,Mechelen,Normaal,Droog,Dageraad - schemering,met lichtgewonden,8,Voetganger,3,Fiets,Op Kruispunt,Gewestweg,binnen bebouwde kom,Met een voetganger,Geen hindernis
17738,99,Mechelen teller 1,Mechelen,51.04564,4.46882,2.4830765605768,51.02365708095141,4.475064027946884,2019,12,15,12025,Mechelen,Normaal,Droog,Dag,met lichtgewonden,3,Fiets,3,Fiets,Op Kruispunt,Gemeenteweg,binnen bebouwde kom,Tussen 2 bestuurders: Langs achteren,Geen hindernis
17738,100,Mechelen teller 2,Mechelen,51.0457,4.46883,2.489522001536972,51.02365708095141,4.475064027946884,2019,12,15,12025,Mechelen,Normaal,Droog,Dag,met lichtgewonden,3,Fiets,3,Fiets,Op Kruispunt,Gemeenteweg,binnen bebouwde kom,Tussen 2 bestuurders: Langs achteren,Geen hindernis
17742,100,Mechelen teller 2,Mechelen,51.0457,4.46883,0.7924180732803113,51.051322095667096,4.475795910458352,2019,12,6,12025,Mechelen,Normaal,"Ijzel, sneeuw","Nacht, openbare verlichting aanwezig en ontstoken",met lichtgewonden,3,Fiets,9,personenauto,Buiten Kruispunt,Gewestweg,binnen bebouwde kom,Tss. 2 best.: langs opzij (voor-/achterkant-flank),Geen hindernis
17742,99,Mechelen teller 1,Mechelen,51.04564,4.46882,0.7981191021346861,51.051322095667096,4.475795910458352,2019,12,6,12025,Mechelen,Normaal,"Ijzel, sneeuw","Nacht, openbare verlichting aanwezig en ontstoken",met lichtgewonden,3,Fiets,9,personenauto,Buiten Kruispunt,Gewestweg,binnen bebouwde kom,Tss. 2 best.: langs opzij (voor-/achterkant-flank),Geen hindernis
17743,33,Lummen,Lummen,50.97978,5.20936,2.4480298928889037,50.9771406960033,5.174645178791168,2019,12,15,71037,Lummen,Normaal,Droog,Dag,Met doden,9,personenauto,3,Fiets,Op Kruispunt,Gemeenteweg,buiten bebouwde kom,Tss. 2 best.: langs opzij (voor-/achterkant-flank),Geen hindernis
17743,32,Lummen,Lummen,50.97971,5.20961,2.464494387678087,50.9771406960033,5.174645178791168,2019,12,15,71037,Lummen,Normaal,Droog,Dag,Met doden,9,personenauto,3,Fiets,Op Kruispunt,Gemeenteweg,buiten bebouwde kom,Tss. 2 best.: langs opzij (voor-/achterkant-flank),Geen hindernis
17744,140,Hasselt ring,Hasselt,50.9300038,5.3438616,0.7649906145770007,50.93367919351396,5.334633945246306,2019,12,4,71022,Hasselt,"Andere (dikke rook,...)",Droog,Dag,met lichtgewonden,3,Fiets,10,"één bestuurder, geen hindernis",Buiten Kruispunt,Gemeenteweg,binnen bebouwde kom,"Eén bestuurder, geen hindernis (incl. val)",Geen hindernis
17744,138,Hasselt-Kempische brug,Hasselt,50.9405318,5.3422472,0.9301629209151675,50.93367919351396,5.334633945246306,2019,12,4,71022,Hasselt,"Andere (dikke rook,...)",Droog,Dag,met lichtgewonden,3,Fiets,10,"één bestuurder, geen hindernis",Buiten Kruispunt,Gemeenteweg,binnen bebouwde kom,"Eén bestuurder, geen hindernis (incl. val)",Geen hindernis
17744,137,Hasselt-Kempische brug,Hasselt,50.9411605,5.3417576,0.9701527142799802,50.93367919351396,5.334633945246306,2019,12,4,71022,Hasselt,"Andere (dikke rook,...)",Droog,Dag,met lichtgewonden,3,Fiets,10,"één bestuurder, geen hindernis",Buiten Kruispunt,Gemeenteweg,binnen bebouwde kom,"Eén bestuurder, geen hindernis (incl. val)",Geen hindernis
17747,140,Hasselt ring,Hasselt,50.9300038,5.3438616,0.7355201617673696,50.93258041508875,5.334195266728341,2019,12,16,71022,Hasselt,Normaal,Onbekend,Dag,met lichtgewonden,3,Fiets,8,Voetganger,Buiten Kruispunt,Gewestweg,binnen bebouwde kom,Met een voetganger,Geen hindernis
17747,138,Hasselt-Kempische brug,Hasselt,50.9405318,5.3422472,1.0488442813101515,50.93258041508875,5.334195266728341,2019,12,16,71022,Hasselt,Normaal,Onbekend,Dag,met lichtgewonden,3,Fiets,8,Voetganger,Buiten Kruispunt,Gewestweg,binnen bebouwde kom,Met een voetganger,Geen hindernis
17747,137,Hasselt-Kempische brug,Hasselt,50.9411605,5.3417576,1.0913476412061491,50.93258041508875,5.334195266728341,2019,12,16,71022,Hasselt,Normaal,Onbekend,Dag,met lichtgewonden,3,Fiets,8,Voetganger,Buiten Kruispunt,Gewestweg,binnen bebouwde kom,Met een voetganger,Geen hindernis
17748,140,Hasselt ring,Hasselt,50.9300038,5.3438616,1.7688615097270008,50.9141315255887,5.342177125067916,2019,12,16,71022,Hasselt,Normaal,Droog,"Nacht, openbare verlichting aanwezig en ontstoken",met lichtgewonden,1,Autobus,3,Fiets,Op Kruispunt,Gewestweg,buiten bebouwde kom,Tss. 2 best.: langs opzij (voor-/achterkant-flank),Geen hindernis
17750,140,Hasselt ring,Hasselt,50.9300038,5.3438616,0.15855136109308512,50.93061617064223,5.345904698174438,2019,12,11,71022,Hasselt,Normaal,Droog,Dag,met lichtgewonden,3,Fiets,9,personenauto,Op Kruispunt,Gewestweg,binnen bebouwde kom,Tss. 2 best.: langs opzij (voor-/achterkant-flank),Geen hindernis
17750,138,Hasselt-Kempische brug,Hasselt,50.9405318,5.3422472,1.1319644678532004,50.93061617064223,5.345904698174438,2019,12,11,71022,Hasselt,Normaal,Droog,Dag,met lichtgewonden,3,Fiets,9,personenauto,Op Kruispunt,Gewestweg,binnen bebouwde kom,Tss. 2 best.: langs opzij (voor-/achterkant-flank),Geen hindernis
17750,137,Hasselt-Kempische brug,Hasselt,50.9411605,5.3417576,1.2079528432555626,50.93061617064223,5.345904698174438,2019,12,11,71022,Hasselt,Normaal,Droog,Dag,met lichtgewonden,3,Fiets,9,personenauto,Op Kruispunt,Gewestweg,binnen bebouwde kom,Tss. 2 best.: langs opzij (voor-/achterkant-flank),Geen hindernis
17754,69,Leuven teller 1,Leuven,50.87549,4.71526,0.3988995691180371,50.87694932970861,4.710066397818199,2020,1,1,24062,Leuven,Normaal,Proper,"Nacht, openbare verlichting aanwezig en ontstoken",met lichtgewonden,3,Fiets,10,"één bestuurder, geen hindernis",Buiten Kruispunt,Gemeenteweg,binnen bebouwde kom,"Eén bestuurder, geen hindernis (incl. val)",Geen hindernis
17754,77,Leuven teller 2,Leuven,50.88672,4.70796,1.0964528267852747,50.87694932970861,4.710066397818199,2020,1,1,24062,Leuven,Normaal,Proper,"Nacht, openbare verlichting aanwezig en ontstoken",met lichtgewonden,3,Fiets,10,"één bestuurder, geen hindernis",Buiten Kruispunt,Gemeenteweg,binnen bebouwde kom,"Eén bestuurder, geen hindernis (incl. val)",Geen hindernis
17754,107,leuven totem,Leuven,50.8870744,4.7087919,1.1294013135908372,50.87694932970861,4.710066397818199,2020,1,1,24062,Leuven,Normaal,Proper,"Nacht, openbare verlichting aanwezig en ontstoken",met lichtgewonden,3,Fiets,10,"één bestuurder, geen hindernis",Buiten Kruispunt,Gemeenteweg,binnen bebouwde kom,"Eén bestuurder, geen hindernis (incl. val)",Geen hindernis
17754,151,Leuven,District Leuven,50.8690262,4.6854839,1.9368869473378856,50.87694932970861,4.710066397818199,2020,1,1,24062,Leuven,Normaal,Proper,"Nacht, openbare verlichting aanwezig en ontstoken",met lichtgewonden,3,Fiets,10,"één bestuurder, geen hindernis",Buiten Kruispunt,Gemeenteweg,binnen bebouwde kom,"Eén bestuurder, geen hindernis (incl. val)",Geen hindernis