crash_row_id,site_id,site_name,site_gemeente,site_lat,site_long,distance_km,crash_lat,crash_long,DT_YEAR_COLLISION,DT_MONTH_COLLISION,DT_TIME,CD_NIS,TX_MUNTY_COLLISION_NL,TX_WEATHER_NL,TX_ROAD_CONDITION_NL,TX_LIGHT_CONDITION_NL,TX_CLASS_ACCIDENTS_NL,CD_ROAD_USR_TYPE1,TX_ROAD_USR_TYPE1_NL,CD_ROAD_USR_TYPE2,TX_ROAD_USR_TYPE2_NL,TX_CROSSWAY_NL,CD_ROAD_TYPE_NL,TX_BUILD_UP_AREA_NL,TX_COLLISION_TYPE_NL,TX_OBSTACLES_NL
17755,101,Diest teller 1,Diest,50.97799,5.04481,0.7378072726136627,50.98228565548597,5.052842335928879,2020,1,11,24020,Diest,Normaal,Droog,Dag,met lichtgewonden,8,Voetganger,3,Fiets,Buiten Kruispunt,Gemeenteweg,binnen bebouwde kom,Met een voetganger,Geen hindernis
17755,102,Diest teller 2,Diest,50.9779,5.04474,0.7480347473117832,50.98228565548597,5.052842335928879,2020,1,11,24020,Diest,Normaal,Droog,Dag,met lichtgewonden,8,Voetganger,3,Fiets,Buiten Kruispunt,Gemeenteweg,binnen bebouwde kom,Met een voetganger,Geen hindernis
17759,124,Beveren teller 2,Beveren,51.1964712,4.2361077,0.8684130230963863,51.18866176085973,4.235983673848945,2020,1,11,46003,Beveren,Normaal,Droog,Dag,met lichtgewonden,9,personenauto,3,Fiets,Op Kruispunt,Gewestweg,buiten bebouwde kom,Tss. 2 best.: langs opzij (voor-/achterkant-flank),Geen hindernis
17854,3,Brasschaat 1,Brasschaat,51.27503,4.47222,2.118164152272767,51.29218664013037,4.485454251239308,2020,1,10,11008,Brasschaat,Normaal,"Nat, plassen",Dag,met zwaargewonden,3,Fiets,9,personenauto,Op Kruispunt,Gemeenteweg,binnen bebouwde kom,Tussen 2 bestuurders: Frontale botsing,Geen hindernis
17854,2,Brasschaat 2,Brasschaat,51.27512,4.47169,2.1254995017687275,51.29218664013037,4.485454251239308,2020,1,10,11008,Brasschaat,Normaal,"Nat, plassen",Dag,met zwaargewonden,3,Fiets,9,personenauto,Op Kruispunt,Gemeenteweg,binnen bebouwde kom,Tussen 2 bestuurders: Frontale botsing,Geen hindernis
17855,3,Brasschaat 1,Brasschaat,51.27503,4.47222,1.4337424495363296,51.285532549708144,4.484178234147317,2020,1,11,11008,Brasschaat,Normaal,Droog,Dag,met lichtgewonden,9,personenauto,3,Fiets,Op Kruispunt,Gewestweg,binnen bebouwde kom,Tss. 2 best.: langs opzij (voor-/achterkant-flank),Geen hindernis
17855,2,Brasschaat 2,Brasschaat,51.27512,4.47169,1.4474191907831138,51.285532549708144,4.484178234147317,2020,1,11,11008,Brasschaat,Normaal,Droog,Dag,met lichtgewonden,9,personenauto,3,Fiets,Op Kruispunt,Gewestweg,binnen bebouwde kom,Tss. 2 best.: langs opzij (voor-/achterkant-flank),Geen hindernis
17862,2,Brasschaat 2,Brasschaat,51.27512,4.47169,1.0656726461740973,51.26730831749438,4.462815436971692,2020,1,14,11040,Schoten,Normaal,Droog,Dag,met zwaargewonden,3,Fiets,3,Fiets,Op Kruispunt,Gewestweg,buiten bebouwde kom,Tussen 2 bestuurders: Flank tegen flank,Geen hindernis
17862,3,Brasschaat 1,Brasschaat,51.27503,4.47222,1.0794719305445941,51.26730831749438,4.462815436971692,2020,1,14,11040,Schoten,Normaal,Droog,Dag,met zwaargewonden,3,Fiets,3,Fiets,Op Kruispunt,Gewestweg,buiten bebouwde kom,Tussen 2 bestuurders: Flank tegen flank,Geen hindernis
17866,91,Brecht teller 2,Brecht,51.35739,4.62422,1.592195759698137,51.34777341750158,4.641207511709275,2020,1,17,11009,Brecht,Normaal,Droog,Dageraad - schemering,met lichtgewonden,9,personenauto,3,Fiets,Op Kruispunt,Gewestweg,binnen bebouwde kom,Tss. 2 best.: langs opzij (voor-/achterkant-flank),Geen hindernis
17866,90,Brecht teller 1,Brecht,51.35752,4.6243,1.5978517899237108,51.34777341750158,4.641207511709275,2020,1,17,11009,Brecht,Normaal,Droog,Dageraad - schemering,met lichtgewonden,9,personenauto,3,Fiets,Op Kruispunt,Gewestweg,binnen bebouwde kom,Tss. 2 best.: langs opzij (voor-/achterkant-flank),Geen hindernis
17874,96,Lier teller 2,Lier,51.11705,4.58444,2.2216453849656386,51.128812382401655,4.558708483392156,2020,1,17,12021,Lier,Normaal,Onbekend,Dageraad - schemering,met lichtgewonden,9,personenauto,3,Fiets,Buiten Kruispunt,Gewestweg,binnen bebouwde kom,Tss. 2 best.: langs opzij (voor-/achterkant-flank),Geen hindernis
17874,95,Lier teller 1,Lier,51.11687,4.58437,2.229563731550313,51.128812382401655,4.558708483392156,2020,1,17,12021,Lier,Normaal,Onbekend,Dageraad - schemering,met lichtgewonden,9,personenauto,3,Fiets,Buiten Kruispunt,Gewestweg,binnen bebouwde kom,Tss. 2 best.: langs opzij (voor-/achterkant-flank),Geen hindernis
17875,96,Lier teller 2,Lier,51.11705,4.58444,1.3778430862286961,51.12738836572058,4.595323082165737,2020,1,12,12021,Lier,Normaal,Droog,Dag,met lichtgewonden,9,personenauto,3,Fiets,Buiten Kruispunt,Gemeenteweg,buiten bebouwde kom,Tussen 2 bestuurders: Frontale botsing,Geen hindernis
17875,95,Lier teller 1,Lier,51.11687,4.58437,1.3972535947480045,51.12738836572058,4.595323082165737,2020,1,12,12021,Lier,Normaal,Droog,Dag,met lichtgewonden,9,personenauto,3,Fiets,Buiten Kruispunt,Gemeenteweg,buiten bebouwde kom,Tussen 2 bestuurders: Frontale botsing,Geen hindernis
17876,8,Heist op den Berg 1,Heist-op-den-Berg,51.06759,4.68823,2.4564049478070626,51.06096759455451,4.65469503004438,2020,1,7,12029,Putte,Onbekend,Onbekend,Onbekend,met lichtgewonden,9,personenauto,3,Fiets,Op Kruispunt,Gewestweg,buiten bebouwde kom,Tss. 2 best.: langs opzij (voor-/achterkant-flank),Geen hindernis
17877,93,Nijlen teller 2,Nijlen,51.14998,4.64469,1.584368312914476,51.16070831129993,4.659640043959264,2020,1,8,12026,Nijlen,Normaal,Droog,"Nacht, openbare verlichting aanwezig en ontstoken",met lichtgewonden,9,personenauto,3,Fiets,Op Kruispunt,Gemeenteweg,buiten bebouwde kom,Tussen 2 bestuurders: Langs achteren,Geen hindernis
17877,92,Nijlen teller 1,Nijlen,51.14989,4.64479,1.58735849115242,51.16070831129993,4.659640043959264,2020,1,8,12026,Nijlen,Normaal,Droog,"Nacht, openbare verlichting aanwezig en ontstoken",met lichtgewonden,9,personenauto,3,Fiets,Op Kruispunt,Gemeenteweg,buiten bebouwde kom,Tussen 2 bestuurders: Langs achteren,Geen hindernis
17878,9,Heist op den Berg 2,Heist-op-den-Berg,51.06904,4.69524,2.2492526645507587,51.07145952746086,4.727200285590572,2020,1,10,12014,Heist-op-den-Berg,Onbekend,Onbekend,Dag,met lichtgewonden,3,Fiets,9,personenauto,Op Kruispunt,Gemeenteweg,onbekend,Tss. 2 best.: langs opzij (voor-/achterkant-flank),Geen hindernis
17896,133,Gierde Lille Totem,Lille,51.2453915,4.8297416,1.2439428828598895,51.2383449157565,4.815862445564523,2020,1,19,13019,Lille,Normaal,Droog,"Nacht, geen openbare verlichting aanwezig",met lichtgewonden,3,Fiets,9,personenauto,Buiten Kruispunt,Gemeenteweg,binnen bebouwde kom,Tussen 2 bestuurders: Langs achteren,Geen hindernis
17896,132,Gierde lille,Lille,51.245445,4.8298851,1.25544925998038,51.2383449157565,4.815862445564523,2020,1,19,13019,Lille,Normaal,Droog,"Nacht, geen openbare verlichting aanwezig",met lichtgewonden,3,Fiets,9,personenauto,Buiten Kruispunt,Gemeenteweg,binnen bebouwde kom,Tussen 2 bestuurders: Langs achteren,Geen hindernis
17897,88,Westerlo teller 1,Westerlo,51.082,4.91325,0.7758703559478732,51.088922563944145,4.911857987607169,2020,1,16,13049,Westerlo,Normaal,Droog,Dag,met lichtgewonden,3,Fiets,3,Fiets,Buiten Kruispunt,Gewestweg,binnen bebouwde kom,Tussen 2 bestuurders: Frontale botsing,Geen hindernis
17897,89,Westerlo teller 2,Westerlo,51.08191,4.91334,0.7866025870674521,51.088922563944145,4.911857987607169,2020,1,16,13049,Westerlo,Normaal,Droog,Dag,met lichtgewonden,3,Fiets,3,Fiets,Buiten Kruispunt,Gewestweg,binnen bebouwde kom,Tussen 2 bestuurders: Frontale botsing,Geen hindernis
17900,89,Westerlo teller 2,Westerlo,51.08191,4.91334,0.42865533542367545,51.078251756922846,4.915275291157868,2020,1,16,13013,Herselt,Normaal,Droog,Dag,met lichtgewonden,3,Fiets,3,Fiets,Buiten Kruispunt,Gewestweg,buiten bebouwde kom,Tss. 2 best.: langs opzij (voor-/achterkant-flank),Geen hindernis
17900,88,Westerlo teller 1,Westerlo,51.082,4.91325,0.44014391320532953,51.078251756922846,4.915275291157868,2020,1,16,13013,Herselt,Normaal,Droog,Dag,met lichtgewonden,3,Fiets,3,Fiets,Buiten Kruispunt,Gewestweg,buiten bebouwde kom,Tss. 2 best.: langs opzij (voor-/achterkant-flank),Geen hindernis
17902,88,Westerlo teller 1,Westerlo,51.082,4.91325,1.0171596202727207,51.09114175791101,4.913767534233891,2020,1,18,13049,Westerlo,Normaal,Droog,"Nacht, openbare verlichting aanwezig en ontstoken",met lichtgewonden,9,personenauto,3,Fiets,Op Kruispunt,Gemeenteweg,binnen bebouwde kom,Tss. 2 best.: langs opzij (voor-/achterkant-flank),Geen hindernis
17902,89,Westerlo teller 2,Westerlo,51.08191,4.91334,1.026958895671109,51.09114175791101,4.913767534233891,2020,1,18,13049,Westerlo,Normaal,Droog,"Nacht, openbare verlichting aanwezig en ontstoken",met lichtgewonden,9,personenauto,3,Fiets,Op Kruispunt,Gemeenteweg,binnen bebouwde kom,Tss. 2 best.: langs opzij (voor-/achterkant-flank),Geen hindernis
17903,98,Geel teller 2,Geel,51.1481,4.99643,1.2417392168388206,51.157765617611204,4.987513042119977,2020,1,7,13008,Geel,Normaal,Droog,"Nacht, openbare verlichting aanwezig en ontstoken",met lichtgewonden,3,Fiets,3,Fiets,Op Kruispunt,Gewestweg,binnen bebouwde kom,Tss. 2 best.: langs opzij (voor-/achterkant-flank),Geen hindernis
17903,97,Geel teller 1,Geel,51.14813,4.99698,1.2585479016990466,51.157765617611204,4.987513042119977,2020,1,7,13008,Geel,Normaal,Droog,"Nacht, openbare verlichting aanwezig en ontstoken",met lichtgewonden,3,Fiets,3,Fiets,Op Kruispunt,Gewestweg,binnen bebouwde kom,Tss. 2 best.: langs opzij (voor-/achterkant-flank),Geen hindernis
17909,110,Herentals totem,Herentals,51.1739426,4.811783,2.322931672356121,51.1905561947246,4.791578365543254,2020,1,10,13044,Vorselaar,"Andere (dikke rook,...)","Ijzel, sneeuw",Dag,met lichtgewonden,3,Fiets,3,Fiets,Buiten Kruispunt,Gemeenteweg,buiten bebouwde kom,Tussen 2 bestuurders: Frontale botsing,Geen hindernis
17909,94,Herentals teller 2,Herentals,51.17345,4.81283,2.4108684984610824,51.1905561947246,4.791578365543254,2020,1,10,13044,Vorselaar,"Andere (dikke rook,...)","Ijzel, sneeuw",Dag,met lichtgewonden,3,Fiets,3,Fiets,Buiten Kruispunt,Gemeenteweg,buiten bebouwde kom,Tussen 2 bestuurders: Frontale botsing,Geen hindernis
17910,94,Herentals teller 2,Herentals,51.17345,4.81283,2.1393825022582362,51.17232327314449,4.843464370882299,2020,1,11,13011,Herentals,Normaal,Droog,Dag,met lichtgewonden,9,personenauto,3,Fiets,Buiten Kruispunt,Gemeenteweg,binnen bebouwde kom,Tussen 2 bestuurders: Flank tegen flank,Geen hindernis
17910,110,Herentals totem,Herentals,51.1739426,4.811783,2.2160193449247974,51.17232327314449,4.843464370882299,2020,1,11,13011,Herentals,Normaal,Droog,Dag,met lichtgewonden,9,personenauto,3,Fiets,Buiten Kruispunt,Gemeenteweg,binnen bebouwde kom,Tussen 2 bestuurders: Flank tegen flank,Geen hindernis
17911,94,Herentals teller 2,Herentals,51.17345,4.81283,1.373731316628581,51.17021312242594,4.831845845040651,2020,1,18,13011,Herentals,Regenval,"Nat, plassen","Nacht, openbare verlichting aanwezig en ontstoken",met lichtgewonden,9,personenauto,3,Fiets,Buiten Kruispunt,Gemeenteweg,binnen bebouwde kom,Tss. 2 best.: langs opzij (voor-/achterkant-flank),Geen hindernis
17911,110,Herentals totem,Herentals,51.1739426,4.811783,1.4589100310729377,51.17021312242594,4.831845845040651,2020,1,18,13011,Herentals,Regenval,"Nat, plassen","Nacht, openbare verlichting aanwezig en ontstoken",met lichtgewonden,9,personenauto,3,Fiets,Buiten Kruispunt,Gemeenteweg,binnen bebouwde kom,Tss. 2 best.: langs opzij (voor-/achterkant-flank),Geen hindernis
17912,94,Herentals teller 2,Herentals,51.17345,4.81283,1.381684467443625,51.168863824608636,4.831248729551627,2020,1,7,13011,Herentals,Normaal,Droog,"Nacht, openbare verlichting aanwezig en ontstoken",met zwaargewonden,3,Fiets,9,personenauto,Op Kruispunt,Gemeenteweg,buiten bebouwde kom,Tss. 2 best.: langs opzij (voor-/achterkant-flank),Geen hindernis
17912,110,Herentals totem,Herentals,51.1739426,4.811783,1.4699314113507937,51.168863824608636,4.831248729551627,2020,1,7,13011,Herentals,Normaal,Droog,"Nacht, openbare verlichting aanwezig en ontstoken",met zwaargewonden,3,Fiets,9,personenauto,Op Kruispunt,Gemeenteweg,buiten bebouwde kom,Tss. 2 best.: langs opzij (voor-/achterkant-flank),Geen hindernis
17923,32,Lummen,Lummen,50.97971,5.20961,2.4373539261303514,50.99379570630464,5.236289521190829,2020,1,6,71037,Lummen,Regenval,"Nat, plassen","Nacht, openbare verlichting aanwezig en ontstoken",met lichtgewonden,3,Fiets,9,personenauto,Buiten Kruispunt,Gemeenteweg,buiten bebouwde kom,Tussen 2 bestuurders: Frontale botsing,Geen hindernis
17923,33,Lummen,Lummen,50.97978,5.20936,2.445819458524298,50.99379570630464,5.236289521190829,2020,1,6,71037,Lummen,Regenval,"Nat, plassen","Nacht, openbare verlichting aanwezig en ontstoken",met lichtgewonden,3,Fiets,9,personenauto,Buiten Kruispunt,Gemeenteweg,buiten bebouwde kom,Tussen 2 bestuurders: Frontale botsing,Geen hindernis
17930,39,Peer teller 1,Peer,51.13425,5.47817,1.2699076819955224,51.13319378179198,5.460048057789465,2020,1,15,72030,Peer,Normaal,Droog,Dag,met zwaargewonden,3,Fiets,8,Voetganger,Buiten Kruispunt,Gemeenteweg,binnen bebouwde kom,Met een voetganger,Geen hindernis
17930,40,Peer teller 2,Peer,51.13438,5.47892,1.3233844464428195,51.13319378179198,5.460048057789465,2020,1,15,72030,Peer,Normaal,Droog,Dag,met zwaargewonden,3,Fiets,8,Voetganger,Buiten Kruispunt,Gemeenteweg,binnen bebouwde kom,Met een voetganger,Geen hindernis
17934,69,Leuven teller 1,Leuven,50.87549,4.71526,1.1003488728752195,50.873588565299414,4.699870203425054,2020,1,12,24062,Leuven,Normaal,Droog,Dag,met lichtgewonden,3,Fiets,1,Autobus,Buiten Kruispunt,Gemeenteweg,binnen bebouwde kom,Tss. 2 best.: langs opzij (voor-/achterkant-flank),Geen hindernis
17934,151,Leuven,District Leuven,50.8690262,4.6854839,1.1298064887245132,50.873588565299414,4.699870203425054,2020,1,12,24062,Leuven,Normaal,Droog,Dag,met lichtgewonden,3,Fiets,1,Autobus,Buiten Kruispunt,Gemeenteweg,binnen bebouwde kom,Tss. 2 best.: langs opzij (voor-/achterkant-flank),Geen hindernis
17934,77,Leuven teller 2,Leuven,50.88672,4.70796,1.566576579123248,50.873588565299414,4.699870203425054,2020,1,12,24062,Leuven,Normaal,Droog,Dag,met lichtgewonden,3,Fiets,1,Autobus,Buiten Kruispunt,Gemeenteweg,binnen bebouwde kom,Tss. 2 best.: langs opzij (voor-/achterkant-flank),Geen hindernis
17934,107,leuven totem,Leuven,50.8870744,4.7087919,1.6249464345653524,50.873588565299414,4.699870203425054,2020,1,12,24062,Leuven,Normaal,Droog,Dag,met lichtgewonden,3,Fiets,1,Autobus,Buiten Kruispunt,Gemeenteweg,binnen bebouwde kom,Tss. 2 best.: langs opzij (voor-/achterkant-flank),Geen hindernis
17935,69,Leuven teller 1,Leuven,50.87549,4.71526,1.0451127611582796,50.876390841153885,4.700433327226103,2020,2,18,24062,Leuven,Normaal,Droog,Dag,met lichtgewonden,9,personenauto,3,Fiets,Buiten Kruispunt,Gemeenteweg,binnen bebouwde kom,Tss. 2 best.: langs opzij (voor-/achterkant-flank),Geen hindernis
17935,77,Leuven teller 2,Leuven,50.88672,4.70796,1.2641173294876393,50.876390841153885,4.700433327226103,2020,2,18,24062,Leuven,Normaal,Droog,Dag,met lichtgewonden,9,personenauto,3,Fiets,Buiten Kruispunt,Gemeenteweg,binnen bebouwde kom,Tss. 2 best.: langs opzij (voor-/achterkant-flank),Geen hindernis
17935,107,leuven totem,Leuven,50.8870744,4.7087919,1.3248047023609357,50.876390841153885,4.700433327226103,2020,2,18,24062,Leuven,Normaal,Droog,Dag,met lichtgewonden,9,personenauto,3,Fiets,Buiten Kruispunt,Gemeenteweg,binnen bebouwde kom,Tss. 2 best.: langs opzij (voor-/achterkant-flank),Geen hindernis
17935,151,Leuven,District Leuven,50.8690262,4.6854839,1.330784950909513,50.876390841153885,4.700433327226103,2020,2,18,24062,Leuven,Normaal,Droog,Dag,met lichtgewonden,9,personenauto,3,Fiets,Buiten Kruispunt,Gemeenteweg,binnen bebouwde kom,Tss. 2 best.: langs opzij (voor-/achterkant-flank),Geen hindernis
17936,151,Leuven,District Leuven,50.8690262,4.6854839,0.4888430111395371,50.872577223727426,4.68959088516436,2020,1,17,24062,Leuven,Normaal,Droog,"Nacht, openbare verlichting aanwezig en ontstoken",met lichtgewonden,3,Fiets,3,Fiets,Buiten Kruispunt,Gewestweg,binnen bebouwde kom,Tussen 2 bestuurders: Flank tegen flank,Geen hindernis
17936,69,Leuven teller 1,Leuven,50.87549,4.71526,1.83001563394735,50.872577223727426,4.68959088516436,2020,1,17,24062,Leuven,Normaal,Droog,"Nacht, openbare verlichting aanwezig en ontstoken",met lichtgewonden,3,Fiets,3,Fiets,Buiten Kruispunt,Gewestweg,binnen bebouwde kom,Tussen 2 bestuurders: Flank tegen flank,Geen hindernis
17936,77,Leuven teller 2,Leuven,50.88672,4.70796,2.0332157532965005,50.872577223727426,4.68959088516436,2020,1,17,24062,Leuven,Normaal,Droog,"Nacht, openbare verlichting aanwezig en ontstoken",met lichtgewonden,3,Fiets,3,Fiets,Buiten Kruispunt,Gewestweg,binnen bebouwde kom,Tussen 2 bestuurders: Flank tegen flank,Geen hindernis
17936,107,leuven totem,Leuven,50.8870744,4.7087919,2.1007837790447565,50.872577223727426,4.68959088516436,2020,1,17,24062,Leuven,Normaal,Droog,"Nacht, openbare verlichting aanwezig en ontstoken",met lichtgewonden,3,Fiets,3,Fiets,Buiten Kruispunt,Gewestweg,binnen bebouwde kom,Tussen 2 bestuurders: Flank tegen flank,Geen hindernis
17937,69,Leuven teller 1,Leuven,50.87549,4.71526,1.2533979755338478,50.88433141313487,4.72634186552567,2020,1,7,24062,Leuven,Onbekend,Proper,Dageraad - schemering,met lichtgewonden,3,Fiets,10,"één bestuurder, geen hindernis",Buiten Kruispunt,Gewestweg,binnen bebouwde kom,"Eén bestuurder, geen hindernis (incl. val)",Geen hindernis
17937,107,leuven totem,Leuven,50.8870744,4.7087919,1.2683404992125908,50.88433141313487,4.72634186552567,2020,1,7,24062,Leuven,Onbekend,Proper,Dageraad - schemering,met lichtgewonden,3,Fiets,10,"één bestuurder, geen hindernis",Buiten Kruispunt,Gewestweg,binnen bebouwde kom,"Eén bestuurder, geen hindernis (incl. val)",Geen hindernis
17937,77,Leuven teller 2,Leuven,50.88672,4.70796,1.3165521892933416,50.88433141313487,4.72634186552567,2020,1,7,24062,Leuven,Onbekend,Proper,Dageraad - schemering,met lichtgewonden,3,Fiets,10,"één bestuurder, geen hindernis",Buiten Kruispunt,Gewestweg,binnen bebouwde kom,"Eén bestuurder, geen hindernis (incl. val)",Geen hindernis
17938,151,Leuven,District Leuven,50.8690262,4.6854839,0.6585677714318446,50.86979819287367,4.694788616397143,2020,1,7,24062,Leuven,Normaal,"Nat, plassen","Nacht, openb. verlicht. aanw., maar niet ontstoken",met lichtgewonden,9,personenauto,3,Fiets,Op Kruispunt,Gewestweg,binnen bebouwde kom,Tss. 2 best.: langs opzij (voor-/achterkant-flank),Geen hindernis
17938,69,Leuven teller 1,Leuven,50.87549,4.71526,1.56970640175361,50.86979819287367,4.694788616397143,2020,1,7,24062,Leuven,Normaal,"Nat, plassen","Nacht, openb. verlicht. aanw., maar niet ontstoken",met lichtgewonden,9,personenauto,3,Fiets,Op Kruispunt,Gewestweg,binnen bebouwde kom,Tss. 2 best.: langs opzij (voor-/achterkant-flank),Geen hindernis
17938,77,Leuven teller 2,Leuven,50.88672,4.70796,2.09630052347251,50.86979819287367,4.694788616397143,2020,1,7,24062,Leuven,Normaal,"Nat, plassen","Nacht, openb. verlicht. aanw., maar niet ontstoken",met lichtgewonden,9,personenauto,3,Fiets,Op Kruispunt,Gewestweg,binnen bebouwde kom,Tss. 2 best.: langs opzij (voor-/achterkant-flank),Geen hindernis
17938,107,leuven totem,Leuven,50.8870744,4.7087919,2.1576845801901707,50.86979819287367,4.694788616397143,2020,1,7,24062,Leuven,Normaal,"Nat, plassen","Nacht, openb. verlicht. aanw., maar niet ontstoken",met lichtgewonden,9,personenauto,3,Fiets,Op Kruispunt,Gewestweg,binnen bebouwde kom,Tss. 2 best.: langs opzij (voor-/achterkant-flank),Geen hindernis
17939,151,Leuven,District Leuven,50.8690262,4.6854839,1.0393861132458169,50.86784582877482,4.700176578864843,2020,1,7,24062,Leuven,Normaal,Droog,Dageraad - schemering,met lichtgewonden,2,Andere weggebruiker,3,Fiets,Op Kruispunt,Gewestweg,binnen bebouwde kom,Tss. 2 best.: langs opzij (voor-/achterkant-flank),Geen hindernis
17939,69,Leuven teller 1,Leuven,50.87549,4.71526,1.3574704570150853,50.86784582877482,4.700176578864843,2020,1,7,24062,Leuven,Normaal,Droog,Dageraad - schemering,met lichtgewonden,2,Andere weggebruiker,3,Fiets,Op Kruispunt,Gewestweg,binnen bebouwde kom,Tss. 2 best.: langs opzij (voor-/achterkant-flank),Geen hindernis
17939,77,Leuven teller 2,Leuven,50.88672,4.70796,2.1685984846543134,50.86784582877482,4.700176578864843,2020,1,7,24062,Leuven,Normaal,Droog,Dageraad - schemering,met lichtgewonden,2,Andere weggebruiker,3,Fiets,Op Kruispunt,Gewestweg,binnen bebouwde kom,Tss. 2 best.: langs opzij (voor-/achterkant-flank),Geen hindernis
17939,107,leuven totem,Leuven,50.8870744,4.7087919,2.2219216668288575,50.86784582877482,4.700176578864843,2020,1,7,24062,Leuven,Normaal,Droog,Dageraad - schemering,met lichtgewonden,2,Andere weggebruiker,3,Fiets,Op Kruispunt,Gewestweg,binnen bebouwde kom,Tss. 2 best.: langs opzij (voor-/achterkant-flank),Geen hindernis
17939,108,Heverlee teller 1,Leuven,50.8471728,4.6954674,2.3223797476789674,50.86784582877482,4.700176578864843,2020,1,7,24062,Leuven,Normaal,Droog,Dageraad - schemering,met lichtgewonden,2,Andere weggebruiker,3,Fiets,Op Kruispunt,Gewestweg,binnen bebouwde kom,Tss. 2 best.: langs opzij (voor-/achterkant-flank),Geen hindernis
17939,76,Heverlee teller 2,Leuven,50.84606,4.69597,2.440402362327118,50.86784582877482,4.700176578864843,2020,1,7,24062,Leuven,Normaal,Droog,Dageraad - schemering,met lichtgewonden,2,Andere weggebruiker,3,Fiets,Op Kruispunt,Gewestweg,binnen bebouwde kom,Tss. 2 best.: langs opzij (voor-/achterkant-flank),Geen hindernis
17940,108,Heverlee teller 1,Leuven,50.8471728,4.6954674,1.2099621385286963,50.85615717418238,4.70519127018396,2020,1,8,24062,Leuven,Mist (zichtbaarheid minder dan 100m),Droog,Dageraad - schemering,met lichtgewonden,9,personenauto,3,Fiets,Op Kruispunt,Gemeenteweg,binnen bebouwde kom,Tss. 2 best.: langs opzij (voor-/achterkant-flank),Geen hindernis
17940,76,Heverlee teller 2,Leuven,50.84606,4.69597,1.296007948011914,50.85615717418238,4.70519127018396,2020,1,8,24062,Leuven,Mist (zichtbaarheid minder dan 100m),Droog,Dageraad - schemering,met lichtgewonden,9,personenauto,3,Fiets,Op Kruispunt,Gemeenteweg,binnen bebouwde kom,Tss. 2 best.: langs opzij (voor-/achterkant-flank),Geen hindernis
17940,151,Leuven,District Leuven,50.8690262,4.6854839,1.9901691316293038,50.85615717418238,4.70519127018396,2020,1,8,24062,Leuven,Mist (zichtbaarheid minder dan 100m),Droog,Dageraad - schemering,met lichtgewonden,9,personenauto,3,Fiets,Op Kruispunt,Gemeenteweg,binnen bebouwde kom,Tss. 2 best.: langs opzij (voor-/achterkant-flank),Geen hindernis
17940,69,Leuven teller 1,Leuven,50.87549,4.71526,2.2628677858130994,50.85615717418238,4.70519127018396,2020,1,8,24062,Leuven,Mist (zichtbaarheid minder dan 100m),Droog,Dageraad - schemering,met lichtgewonden,9,personenauto,3,Fiets,Op Kruispunt,Gemeenteweg,binnen bebouwde kom,Tss. 2 best.: langs opzij (voor-/achterkant-flank),Geen hindernis
17941,151,Leuven,District Leuven,50.8690262,4.6854839,1.1446787743145168,50.876153687186864,4.697254521035431,2020,1,12,24062,Leuven,Normaal,Droog,Dag,met lichtgewonden,3,Fiets,10,"één bestuurder, geen hindernis",Buiten Kruispunt,Gemeenteweg,binnen bebouwde kom,"Eén bestuurder, geen hindernis (incl. val)",Geen hindernis
17941,69,Leuven teller 1,Leuven,50.87549,4.71526,1.2654965264958753,50.876153687186864,4.697254521035431,2020,1,12,24062,Leuven,Normaal,Droog,Dag,met lichtgewonden,3,Fiets,10,"één bestuurder, geen hindernis",Buiten Kruispunt,Gemeenteweg,binnen bebouwde kom,"Eén bestuurder, geen hindernis (incl. val)",Geen hindernis
17941,77,Leuven teller 2,Leuven,50.88672,4.70796,1.3944596902968731,50.876153687186864,4.697254521035431,2020,1,12,24062,Leuven,Normaal,Droog,Dag,met lichtgewonden,3,Fiets,10,"één bestuurder, geen hindernis",Buiten Kruispunt,Gemeenteweg,binnen bebouwde kom,"Eén bestuurder, geen hindernis (incl. val)",Geen hindernis
17941,107,leuven totem,Leuven,50.8870744,4.7087919,1.459362946163076,50.876153687186864,4.697254521035431,2020,1,12,24062,Leuven,Normaal,Droog,Dag,met lichtgewonden,3,Fiets,10,"één bestuurder, geen hindernis",Buiten Kruispunt,Gemeenteweg,binnen bebouwde kom,"Eén bestuurder, geen hindernis (incl. val)",Geen hindernis
17942,77,Leuven teller 2,Leuven,50.88672,4.70796,0.8135090440949411,50.887202282128484,4.696388118719363,2020,1,12,24062,Leuven,Normaal,Droog,Dag,met lichtgewonden,3,Fiets,3,Fiets,Op Kruispunt,Gemeenteweg,binnen bebouwde kom,Tss. 2 best.: langs opzij (voor-/achterkant-flank),Geen hindernis
17942,107,leuven totem,Leuven,50.8870744,4.7087919,0.8702081922984206,50.887202282128484,4.696388118719363,2020,1,12,24062,Leuven,Normaal,Droog,Dag,met lichtgewonden,3,Fiets,3,Fiets,Op Kruispunt,Gemeenteweg,binnen bebouwde kom,Tss. 2 best.: langs opzij (voor-/achterkant-flank),Geen hindernis