crash_row_id,site_id,site_name,site_gemeente,site_lat,site_long,distance_km,crash_lat,crash_long,DT_YEAR_COLLISION,DT_MONTH_COLLISION,DT_TIME,CD_NIS,TX_MUNTY_COLLISION_NL,TX_WEATHER_NL,TX_ROAD_CONDITION_NL,TX_LIGHT_CONDITION_NL,TX_CLASS_ACCIDENTS_NL,CD_ROAD_USR_TYPE1,TX_ROAD_USR_TYPE1_NL,CD_ROAD_USR_TYPE2,TX_ROAD_USR_TYPE2_NL,TX_CROSSWAY_NL,CD_ROAD_TYPE_NL,TX_BUILD_UP_AREA_NL,TX_COLLISION_TYPE_NL,TX_OBSTACLES_NL
17942,69,Leuven teller 1,Leuven,50.87549,4.71526,1.8571536492231229,50.887202282128484,4.696388118719363,2020,1,12,24062,Leuven,Normaal,Droog,Dag,met lichtgewonden,3,Fiets,3,Fiets,Op Kruispunt,Gemeenteweg,binnen bebouwde kom,Tss. 2 best.: langs opzij (voor-/achterkant-flank),Geen hindernis
17942,151,Leuven,District Leuven,50.8690262,4.6854839,2.161041060778694,50.887202282128484,4.696388118719363,2020,1,12,24062,Leuven,Normaal,Droog,Dag,met lichtgewonden,3,Fiets,3,Fiets,Op Kruispunt,Gemeenteweg,binnen bebouwde kom,Tss. 2 best.: langs opzij (voor-/achterkant-flank),Geen hindernis
17943,69,Leuven teller 1,Leuven,50.87549,4.71526,2.2483574392634917,50.88288670325811,4.745085289637712,2020,1,17,24062,Leuven,Normaal,Droog,Dageraad - schemering,met lichtgewonden,3,Fiets,9,personenauto,Op Kruispunt,Gemeenteweg,binnen bebouwde kom,Tss. 2 best.: langs opzij (voor-/achterkant-flank),Geen hindernis
17944,69,Leuven teller 1,Leuven,50.87549,4.71526,0.5014806003515901,50.87230384684858,4.720318147306994,2020,1,18,24062,Leuven,Normaal,Droog,"Nacht, openbare verlichting aanwezig en ontstoken",met lichtgewonden,3,Fiets,3,Fiets,Op Kruispunt,Gewestweg,binnen bebouwde kom,Tss. 2 best.: langs opzij (voor-/achterkant-flank),Geen hindernis
17944,77,Leuven teller 2,Leuven,50.88672,4.70796,1.822461191292782,50.87230384684858,4.720318147306994,2020,1,18,24062,Leuven,Normaal,Droog,"Nacht, openbare verlichting aanwezig en ontstoken",met lichtgewonden,3,Fiets,3,Fiets,Op Kruispunt,Gewestweg,binnen bebouwde kom,Tss. 2 best.: langs opzij (voor-/achterkant-flank),Geen hindernis
17944,107,leuven totem,Leuven,50.8870744,4.7087919,1.8306968513083617,50.87230384684858,4.720318147306994,2020,1,18,24062,Leuven,Normaal,Droog,"Nacht, openbare verlichting aanwezig en ontstoken",met lichtgewonden,3,Fiets,3,Fiets,Op Kruispunt,Gewestweg,binnen bebouwde kom,Tss. 2 best.: langs opzij (voor-/achterkant-flank),Geen hindernis
17944,151,Leuven,District Leuven,50.8690262,4.6854839,2.4714139036877016,50.87230384684858,4.720318147306994,2020,1,18,24062,Leuven,Normaal,Droog,"Nacht, openbare verlichting aanwezig en ontstoken",met lichtgewonden,3,Fiets,3,Fiets,Op Kruispunt,Gewestweg,binnen bebouwde kom,Tss. 2 best.: langs opzij (voor-/achterkant-flank),Geen hindernis
17945,151,Leuven,District Leuven,50.8690262,4.6854839,1.1256481109519076,50.86132171302545,4.695888096368638,2020,1,18,24062,Leuven,Regenval,"Nat, plassen","Nacht, openbare verlichting aanwezig en ontstoken",met lichtgewonden,9,personenauto,3,Fiets,Buiten Kruispunt,Gewestweg,binnen bebouwde kom,Tussen 2 bestuurders: Frontale botsing,Geen hindernis
17945,108,Heverlee teller 1,Leuven,50.8471728,4.6954674,1.573564484098098,50.86132171302545,4.695888096368638,2020,1,18,24062,Leuven,Regenval,"Nat, plassen","Nacht, openbare verlichting aanwezig en ontstoken",met lichtgewonden,9,personenauto,3,Fiets,Buiten Kruispunt,Gewestweg,binnen bebouwde kom,Tussen 2 bestuurders: Frontale botsing,Geen hindernis
17945,76,Heverlee teller 2,Leuven,50.84606,4.69597,1.6970347997353001,50.86132171302545,4.695888096368638,2020,1,18,24062,Leuven,Regenval,"Nat, plassen","Nacht, openbare verlichting aanwezig en ontstoken",met lichtgewonden,9,personenauto,3,Fiets,Buiten Kruispunt,Gewestweg,binnen bebouwde kom,Tussen 2 bestuurders: Frontale botsing,Geen hindernis
17945,69,Leuven teller 1,Leuven,50.87549,4.71526,2.080883376331463,50.86132171302545,4.695888096368638,2020,1,18,24062,Leuven,Regenval,"Nat, plassen","Nacht, openbare verlichting aanwezig en ontstoken",met lichtgewonden,9,personenauto,3,Fiets,Buiten Kruispunt,Gewestweg,binnen bebouwde kom,Tussen 2 bestuurders: Frontale botsing,Geen hindernis
17946,77,Leuven teller 2,Leuven,50.88672,4.70796,0.9077776041226127,50.87951938489793,4.701862400497542,2020,1,1,24062,Leuven,Normaal,"Nat, plassen","Nacht, openbare verlichting aanwezig en ontstoken",met lichtgewonden,3,Fiets,11,een weggebruiker tegen een hindernis,Op Kruispunt,Gemeenteweg,binnen bebouwde kom,Weggebruiker tegen hindernis op de rijbaan,"Op de rijbaan: Put, straatgoot, tramspoor"
17946,107,leuven totem,Leuven,50.8870744,4.7087919,0.9705934776637201,50.87951938489793,4.701862400497542,2020,1,1,24062,Leuven,Normaal,"Nat, plassen","Nacht, openbare verlichting aanwezig en ontstoken",met lichtgewonden,3,Fiets,11,een weggebruiker tegen een hindernis,Op Kruispunt,Gemeenteweg,binnen bebouwde kom,Weggebruiker tegen hindernis op de rijbaan,"Op de rijbaan: Put, straatgoot, tramspoor"
17946,69,Leuven teller 1,Leuven,50.87549,4.71526,1.0413195002902391,50.87951938489793,4.701862400497542,2020,1,1,24062,Leuven,Normaal,"Nat, plassen","Nacht, openbare verlichting aanwezig en ontstoken",met lichtgewonden,3,Fiets,11,een weggebruiker tegen een hindernis,Op Kruispunt,Gemeenteweg,binnen bebouwde kom,Weggebruiker tegen hindernis op de rijbaan,"Op de rijbaan: Put, straatgoot, tramspoor"
17946,151,Leuven,District Leuven,50.8690262,4.6854839,1.637716358982012,50.87951938489793,4.701862400497542,2020,1,1,24062,Leuven,Normaal,"Nat, plassen","Nacht, openbare verlichting aanwezig en ontstoken",met lichtgewonden,3,Fiets,11,een weggebruiker tegen een hindernis,Op Kruispunt,Gemeenteweg,binnen bebouwde kom,Weggebruiker tegen hindernis op de rijbaan,"Op de rijbaan: Put, straatgoot, tramspoor"
17947,151,Leuven,District Leuven,50.8690262,4.6854839,0.8343622700727057,50.875773775995825,4.690685413436057,2020,1,19,24062,Leuven,Normaal,Droog,Dageraad - schemering,met lichtgewonden,9,personenauto,3,Fiets,Op Kruispunt,Gemeenteweg,binnen bebouwde kom,Tussen 2 bestuurders: Langs achteren,Geen hindernis
17947,77,Leuven teller 2,Leuven,50.88672,4.70796,1.7176255913630132,50.875773775995825,4.690685413436057,2020,1,19,24062,Leuven,Normaal,Droog,Dageraad - schemering,met lichtgewonden,9,personenauto,3,Fiets,Op Kruispunt,Gemeenteweg,binnen bebouwde kom,Tussen 2 bestuurders: Langs achteren,Geen hindernis
17947,69,Leuven teller 1,Leuven,50.87549,4.71526,1.7245558193602142,50.875773775995825,4.690685413436057,2020,1,19,24062,Leuven,Normaal,Droog,Dageraad - schemering,met lichtgewonden,9,personenauto,3,Fiets,Op Kruispunt,Gemeenteweg,binnen bebouwde kom,Tussen 2 bestuurders: Langs achteren,Geen hindernis
17947,107,leuven totem,Leuven,50.8870744,4.7087919,1.7867785752467977,50.875773775995825,4.690685413436057,2020,1,19,24062,Leuven,Normaal,Droog,Dageraad - schemering,met lichtgewonden,9,personenauto,3,Fiets,Op Kruispunt,Gemeenteweg,binnen bebouwde kom,Tussen 2 bestuurders: Langs achteren,Geen hindernis
17948,151,Leuven,District Leuven,50.8690262,4.6854839,0.8884313639953699,50.870449894805894,4.697941781285649,2020,1,8,24062,Leuven,Onbekend,Droog,Onbekend,met lichtgewonden,9,personenauto,3,Fiets,Buiten Kruispunt,Gemeenteweg,binnen bebouwde kom,Tussen 2 bestuurders: Langs achteren,Geen hindernis
17948,69,Leuven teller 1,Leuven,50.87549,4.71526,1.3382032231548444,50.870449894805894,4.697941781285649,2020,1,8,24062,Leuven,Onbekend,Droog,Onbekend,met lichtgewonden,9,personenauto,3,Fiets,Buiten Kruispunt,Gemeenteweg,binnen bebouwde kom,Tussen 2 bestuurders: Langs achteren,Geen hindernis
17948,77,Leuven teller 2,Leuven,50.88672,4.70796,1.9408955932780394,50.870449894805894,4.697941781285649,2020,1,8,24062,Leuven,Onbekend,Droog,Onbekend,met lichtgewonden,9,personenauto,3,Fiets,Buiten Kruispunt,Gemeenteweg,binnen bebouwde kom,Tussen 2 bestuurders: Langs achteren,Geen hindernis
17948,107,leuven totem,Leuven,50.8870744,4.7087919,1.9991668751348382,50.870449894805894,4.697941781285649,2020,1,8,24062,Leuven,Onbekend,Droog,Onbekend,met lichtgewonden,9,personenauto,3,Fiets,Buiten Kruispunt,Gemeenteweg,binnen bebouwde kom,Tussen 2 bestuurders: Langs achteren,Geen hindernis
17949,77,Leuven teller 2,Leuven,50.88672,4.70796,1.0274313365967918,50.879885889611344,4.698103327380534,2020,1,16,24062,Leuven,Normaal,Droog,Dag,met lichtgewonden,3,Fiets,6,Bromfiets,Buiten Kruispunt,Gemeenteweg,binnen bebouwde kom,Tss. 2 best.: langs opzij (voor-/achterkant-flank),Geen hindernis
17949,107,leuven totem,Leuven,50.8870744,4.7087919,1.0959800552333554,50.879885889611344,4.698103327380534,2020,1,16,24062,Leuven,Normaal,Droog,Dag,met lichtgewonden,3,Fiets,6,Bromfiets,Buiten Kruispunt,Gemeenteweg,binnen bebouwde kom,Tss. 2 best.: langs opzij (voor-/achterkant-flank),Geen hindernis
17949,69,Leuven teller 1,Leuven,50.87549,4.71526,1.2991970400885202,50.879885889611344,4.698103327380534,2020,1,16,24062,Leuven,Normaal,Droog,Dag,met lichtgewonden,3,Fiets,6,Bromfiets,Buiten Kruispunt,Gemeenteweg,binnen bebouwde kom,Tss. 2 best.: langs opzij (voor-/achterkant-flank),Geen hindernis
17949,151,Leuven,District Leuven,50.8690262,4.6854839,1.4973970658030464,50.879885889611344,4.698103327380534,2020,1,16,24062,Leuven,Normaal,Droog,Dag,met lichtgewonden,3,Fiets,6,Bromfiets,Buiten Kruispunt,Gemeenteweg,binnen bebouwde kom,Tss. 2 best.: langs opzij (voor-/achterkant-flank),Geen hindernis
17950,151,Leuven,District Leuven,50.8690262,4.6854839,1.0393861132458169,50.86784582877482,4.700176578864843,2020,1,16,24062,Leuven,Normaal,Droog,Dag,met lichtgewonden,3,Fiets,5,Lichte vrachtauto,Op Kruispunt,Gewestweg,binnen bebouwde kom,Tss. 2 best.: langs opzij (voor-/achterkant-flank),Geen hindernis
17950,69,Leuven teller 1,Leuven,50.87549,4.71526,1.3574704570150853,50.86784582877482,4.700176578864843,2020,1,16,24062,Leuven,Normaal,Droog,Dag,met lichtgewonden,3,Fiets,5,Lichte vrachtauto,Op Kruispunt,Gewestweg,binnen bebouwde kom,Tss. 2 best.: langs opzij (voor-/achterkant-flank),Geen hindernis
17950,77,Leuven teller 2,Leuven,50.88672,4.70796,2.1685984846543134,50.86784582877482,4.700176578864843,2020,1,16,24062,Leuven,Normaal,Droog,Dag,met lichtgewonden,3,Fiets,5,Lichte vrachtauto,Op Kruispunt,Gewestweg,binnen bebouwde kom,Tss. 2 best.: langs opzij (voor-/achterkant-flank),Geen hindernis
17950,107,leuven totem,Leuven,50.8870744,4.7087919,2.2219216668288575,50.86784582877482,4.700176578864843,2020,1,16,24062,Leuven,Normaal,Droog,Dag,met lichtgewonden,3,Fiets,5,Lichte vrachtauto,Op Kruispunt,Gewestweg,binnen bebouwde kom,Tss. 2 best.: langs opzij (voor-/achterkant-flank),Geen hindernis
17950,108,Heverlee teller 1,Leuven,50.8471728,4.6954674,2.3223797476789674,50.86784582877482,4.700176578864843,2020,1,16,24062,Leuven,Normaal,Droog,Dag,met lichtgewonden,3,Fiets,5,Lichte vrachtauto,Op Kruispunt,Gewestweg,binnen bebouwde kom,Tss. 2 best.: langs opzij (voor-/achterkant-flank),Geen hindernis
17950,76,Heverlee teller 2,Leuven,50.84606,4.69597,2.440402362327118,50.86784582877482,4.700176578864843,2020,1,16,24062,Leuven,Normaal,Droog,Dag,met lichtgewonden,3,Fiets,5,Lichte vrachtauto,Op Kruispunt,Gewestweg,binnen bebouwde kom,Tss. 2 best.: langs opzij (voor-/achterkant-flank),Geen hindernis
17951,108,Heverlee teller 1,Leuven,50.8471728,4.6954674,1.1083199536576565,50.854179606099834,4.684239075136479,2020,1,9,24062,Leuven,Normaal,"Ijzel, sneeuw",Dag,met lichtgewonden,3,Fiets,10,"één bestuurder, geen hindernis",Buiten Kruispunt,Gemeenteweg,binnen bebouwde kom,"Eén bestuurder, geen hindernis (incl. val)",Geen hindernis
17951,76,Heverlee teller 2,Leuven,50.84606,4.69597,1.2220407115179663,50.854179606099834,4.684239075136479,2020,1,9,24062,Leuven,Normaal,"Ijzel, sneeuw",Dag,met lichtgewonden,3,Fiets,10,"één bestuurder, geen hindernis",Buiten Kruispunt,Gemeenteweg,binnen bebouwde kom,"Eén bestuurder, geen hindernis (incl. val)",Geen hindernis
17951,151,Leuven,District Leuven,50.8690262,4.6854839,1.6531762228377749,50.854179606099834,4.684239075136479,2020,1,9,24062,Leuven,Normaal,"Ijzel, sneeuw",Dag,met lichtgewonden,3,Fiets,10,"één bestuurder, geen hindernis",Buiten Kruispunt,Gemeenteweg,binnen bebouwde kom,"Eén bestuurder, geen hindernis (incl. val)",Geen hindernis
17952,69,Leuven teller 1,Leuven,50.87549,4.71526,1.2093628973481274,50.87735958304087,4.698280204434446,2020,1,15,24062,Leuven,Normaal,Droog,Dag,met zwaargewonden,8,Voetganger,3,Fiets,Op Kruispunt,Gemeenteweg,binnen bebouwde kom,Met een voetganger,Geen hindernis
17952,77,Leuven teller 2,Leuven,50.88672,4.70796,1.2427738065621097,50.87735958304087,4.698280204434446,2020,1,15,24062,Leuven,Normaal,Droog,Dag,met zwaargewonden,8,Voetganger,3,Fiets,Op Kruispunt,Gemeenteweg,binnen bebouwde kom,Met een voetganger,Geen hindernis
17952,151,Leuven,District Leuven,50.8690262,4.6854839,1.290294023993725,50.87735958304087,4.698280204434446,2020,1,15,24062,Leuven,Normaal,Droog,Dag,met zwaargewonden,8,Voetganger,3,Fiets,Op Kruispunt,Gemeenteweg,binnen bebouwde kom,Met een voetganger,Geen hindernis
17952,107,leuven totem,Leuven,50.8870744,4.7087919,1.3079527007004341,50.87735958304087,4.698280204434446,2020,1,15,24062,Leuven,Normaal,Droog,Dag,met zwaargewonden,8,Voetganger,3,Fiets,Op Kruispunt,Gemeenteweg,binnen bebouwde kom,Met een voetganger,Geen hindernis
17954,69,Leuven teller 1,Leuven,50.87549,4.71526,0.4248356090074112,50.872578435325885,4.719180395839789,2020,1,23,24062,Leuven,Normaal,Droog,"Nacht, openbare verlichting aanwezig en ontstoken",met lichtgewonden,3,Fiets,9,personenauto,Op Kruispunt,Gewestweg,binnen bebouwde kom,Tss. 2 best.: langs opzij (voor-/achterkant-flank),Geen hindernis
17954,77,Leuven teller 2,Leuven,50.88672,4.70796,1.7585101247317694,50.872578435325885,4.719180395839789,2020,1,23,24062,Leuven,Normaal,Droog,"Nacht, openbare verlichting aanwezig en ontstoken",met lichtgewonden,3,Fiets,9,personenauto,Op Kruispunt,Gewestweg,binnen bebouwde kom,Tss. 2 best.: langs opzij (voor-/achterkant-flank),Geen hindernis
17954,107,leuven totem,Leuven,50.8870744,4.7087919,1.7689988198386433,50.872578435325885,4.719180395839789,2020,1,23,24062,Leuven,Normaal,Droog,"Nacht, openbare verlichting aanwezig en ontstoken",met lichtgewonden,3,Fiets,9,personenauto,Op Kruispunt,Gewestweg,binnen bebouwde kom,Tss. 2 best.: langs opzij (voor-/achterkant-flank),Geen hindernis
17954,151,Leuven,District Leuven,50.8690262,4.6854839,2.397311623618192,50.872578435325885,4.719180395839789,2020,1,23,24062,Leuven,Normaal,Droog,"Nacht, openbare verlichting aanwezig en ontstoken",met lichtgewonden,3,Fiets,9,personenauto,Op Kruispunt,Gewestweg,binnen bebouwde kom,Tss. 2 best.: langs opzij (voor-/achterkant-flank),Geen hindernis
17955,87,Aarschot,Aarschot,50.99084,4.81259,1.0777132499573936,50.9848292984541,4.824668414364542,2020,1,11,24001,Aarschot,Normaal,Droog+Proper,Dag,met zwaargewonden,5,Lichte vrachtauto,3,Fiets,Op Kruispunt,Gemeenteweg,binnen bebouwde kom,Tss. 2 best.: langs opzij (voor-/achterkant-flank),Geen hindernis
17956,87,Aarschot,Aarschot,50.99084,4.81259,1.882933535310169,50.98714288459153,4.838842423725156,2020,1,12,24001,Aarschot,Normaal,Droog+Proper,Dag,met lichtgewonden,9,personenauto,3,Fiets,Op Kruispunt,Gemeenteweg,binnen bebouwde kom,Tss. 2 best.: langs opzij (voor-/achterkant-flank),Geen hindernis
17962,86,Asse teller 2,Asse,50.89132,4.1709,2.219708658810648,50.87331799491751,4.157226500093402,2020,1,17,23086,Ternat,Normaal,Droog+Proper,"Nacht, openbare verlichting aanwezig en ontstoken",met lichtgewonden,9,personenauto,3,Fiets,Buiten Kruispunt,Gemeenteweg,binnen bebouwde kom,Tussen 2 bestuurders: Langs achteren,Geen hindernis
17968,80,Wemmel teller 1,Wemmel,50.91418,4.29571,0.5652468600287536,50.910324639344786,4.300964729199799,2020,1,17,23102,Wemmel,"Sterke wind, rukwind","Nat, plassen","Nacht, openbare verlichting aanwezig en ontstoken",met lichtgewonden,3,Fiets,9,personenauto,Op Kruispunt,Gemeenteweg,binnen bebouwde kom,Tss. 2 best.: langs opzij (voor-/achterkant-flank),Geen hindernis
17968,81,Wemmel teller 2,Wemmel,50.91439,4.29568,0.5844858771081629,50.910324639344786,4.300964729199799,2020,1,17,23102,Wemmel,"Sterke wind, rukwind","Nat, plassen","Nacht, openbare verlichting aanwezig en ontstoken",met lichtgewonden,3,Fiets,9,personenauto,Op Kruispunt,Gemeenteweg,binnen bebouwde kom,Tss. 2 best.: langs opzij (voor-/achterkant-flank),Geen hindernis
17970,27,Grimbergen,Meise,50.92127,4.34013,1.8543607774369102,50.90916530705421,4.358324635032372,2020,1,10,23025,Grimbergen,Normaal,Droog,Dag,met lichtgewonden,9,personenauto,3,Fiets,Op Kruispunt,Gemeenteweg,binnen bebouwde kom,Tussen 2 bestuurders: Langs achteren,Geen hindernis
17971,27,Grimbergen,Meise,50.92127,4.34013,2.1585178171646207,50.91086903242056,4.366127654868363,2020,1,12,23025,Grimbergen,Normaal,Droog,Dag,met lichtgewonden,9,personenauto,3,Fiets,Buiten Kruispunt,Gewestweg,binnen bebouwde kom,Tss. 2 best.: langs opzij (voor-/achterkant-flank),Geen hindernis
17972,47,Vilvoorde,Vilvoorde,50.91372,4.41497,1.9526708368030574,50.92766169648866,4.431907888059467,2020,1,8,23088,Vilvoorde,Normaal,Droog,Dag,met lichtgewonden,9,personenauto,3,Fiets,Op Kruispunt,Gemeenteweg,binnen bebouwde kom,Tussen 2 bestuurders: Flank tegen flank,Geen hindernis
17972,1,Machelen,Machelen,50.91618331151478,4.456121776137429,2.1236212027072754,50.92766169648866,4.431907888059467,2020,1,8,23088,Vilvoorde,Normaal,Droog,Dag,met lichtgewonden,9,personenauto,3,Fiets,Op Kruispunt,Gemeenteweg,binnen bebouwde kom,Tussen 2 bestuurders: Flank tegen flank,Geen hindernis
17973,149,Machelen,,50.88297881,4.43356644,1.937889179714737,50.89994043985509,4.439914271495031,2020,1,8,23047,Machelen,Onbekend,"Nat, plassen",Dageraad - schemering,met lichtgewonden,3,Fiets,9,personenauto,Op Kruispunt,Gemeenteweg,binnen bebouwde kom,Tss. 2 best.: langs opzij (voor-/achterkant-flank),Geen hindernis
17973,111,Zaventem totem,Zaventem,50.8871216,4.4597084,1.9897622026860715,50.89994043985509,4.439914271495031,2020,1,8,23047,Machelen,Onbekend,"Nat, plassen",Dageraad - schemering,met lichtgewonden,3,Fiets,9,personenauto,Op Kruispunt,Gemeenteweg,binnen bebouwde kom,Tss. 2 best.: langs opzij (voor-/achterkant-flank),Geen hindernis
17973,1,Machelen,Machelen,50.91618331151478,4.456121776137429,2.133892527169046,50.89994043985509,4.439914271495031,2020,1,8,23047,Machelen,Onbekend,"Nat, plassen",Dageraad - schemering,met lichtgewonden,3,Fiets,9,personenauto,Op Kruispunt,Gemeenteweg,binnen bebouwde kom,Tss. 2 best.: langs opzij (voor-/achterkant-flank),Geen hindernis
17973,47,Vilvoorde,Vilvoorde,50.91372,4.41497,2.3252546878676723,50.89994043985509,4.439914271495031,2020,1,8,23047,Machelen,Onbekend,"Nat, plassen",Dageraad - schemering,met lichtgewonden,3,Fiets,9,personenauto,Op Kruispunt,Gemeenteweg,binnen bebouwde kom,Tss. 2 best.: langs opzij (voor-/achterkant-flank),Geen hindernis
17974,149,Machelen,,50.88297881,4.43356644,1.3612587777325849,50.895166573714846,4.4317401295741545,2020,1,8,23047,Machelen,Normaal,Droog,Dag,met lichtgewonden,9,personenauto,3,Fiets,Op Kruispunt,Gewestweg,binnen bebouwde kom,Tss. 2 best.: langs opzij (voor-/achterkant-flank),Geen hindernis
17974,111,Zaventem totem,Zaventem,50.8871216,4.4597084,2.156066900078035,50.895166573714846,4.4317401295741545,2020,1,8,23047,Machelen,Normaal,Droog,Dag,met lichtgewonden,9,personenauto,3,Fiets,Op Kruispunt,Gewestweg,binnen bebouwde kom,Tss. 2 best.: langs opzij (voor-/achterkant-flank),Geen hindernis
17974,47,Vilvoorde,Vilvoorde,50.91372,4.41497,2.3746585629082215,50.895166573714846,4.4317401295741545,2020,1,8,23047,Machelen,Normaal,Droog,Dag,met lichtgewonden,9,personenauto,3,Fiets,Op Kruispunt,Gewestweg,binnen bebouwde kom,Tss. 2 best.: langs opzij (voor-/achterkant-flank),Geen hindernis
17978,13,Gent,Gent,51.03018,3.70146,1.7684933534270564,51.042752475034376,3.71695054328873,2020,1,18,44021,Gent,Normaal,Droog,"Nacht, openbare verlichting aanwezig en ontstoken",met zwaargewonden,3,Fiets,10,"één bestuurder, geen hindernis",Buiten Kruispunt,Gemeenteweg,binnen bebouwde kom,"Eén bestuurder, geen hindernis (incl. val)",Geen hindernis
17979,13,Gent,Gent,51.03018,3.70146,2.104268126566656,51.04674636995999,3.7160077261974425,2020,1,6,44021,Gent,Normaal,Droog,"Nacht, openbare verlichting aanwezig en ontstoken",met lichtgewonden,3,Fiets,10,"één bestuurder, geen hindernis",Buiten Kruispunt,Gemeenteweg,binnen bebouwde kom,"Eén bestuurder, geen hindernis (incl. val)",Geen hindernis
17982,13,Gent,Gent,51.03018,3.70146,0.4311521687860973,51.03174441055453,3.707101345213822,2020,1,14,44021,Gent,Normaal,"Nat, plassen",Dag,met lichtgewonden,9,personenauto,3,Fiets,Op Kruispunt,Gewestweg,binnen bebouwde kom,Tss. 2 best.: langs opzij (voor-/achterkant-flank),Geen hindernis
17984,13,Gent,Gent,51.03018,3.70146,1.2487233357231806,51.039720557236954,3.6920398731178,2020,1,17,44021,Gent,Normaal,Droog,"Nacht, openbare verlichting aanwezig en ontstoken",met lichtgewonden,3,Fiets,3,Fiets,Buiten Kruispunt,Gemeenteweg,binnen bebouwde kom,Tss. 2 best.: langs opzij (voor-/achterkant-flank),Geen hindernis
17985,13,Gent,Gent,51.03018,3.70146,2.2521859964829387,51.0449513610385,3.7234986155070167,2020,1,12,44021,Gent,Normaal,"Nat, plassen",Dag,met lichtgewonden,9,personenauto,3,Fiets,Op Kruispunt,Gemeenteweg,binnen bebouwde kom,Tussen 2 bestuurders: Frontale botsing,Geen hindernis
17986,119,Gent teller 2,Gent,51.0281795,3.7683918,1.1315343400480733,51.036190138007754,3.7584128234624536,2020,1,16,44021,Gent,Normaal,Droog,Dageraad - schemering,met lichtgewonden,3,Fiets,9,personenauto,Op Kruispunt,Gemeenteweg,binnen bebouwde kom,Tss. 2 best.: langs opzij (voor-/achterkant-flank),Geen hindernis
17986,118,Gent teller 1,Gent,51.028049,3.7681359,1.132156595688469,51.036190138007754,3.7584128234624536,2020,1,16,44021,Gent,Normaal,Droog,Dageraad - schemering,met lichtgewonden,3,Fiets,9,personenauto,Op Kruispunt,Gemeenteweg,binnen bebouwde kom,Tss. 2 best.: langs opzij (voor-/achterkant-flank),Geen hindernis
17988,13,Gent,Gent,51.03018,3.70146,2.0831266354584494,51.04148455750472,3.725216461716372,2020,1,1,44021,Gent,Normaal,Droog,"Nacht, openbare verlichting aanwezig en ontstoken",met lichtgewonden,3,Fiets,9,personenauto,Op Kruispunt,Gemeenteweg,binnen bebouwde kom,Tss. 2 best.: langs opzij (voor-/achterkant-flank),Geen hindernis
17989,13,Gent,Gent,51.03018,3.70146,2.1634867085832816,51.04962539966284,3.702514629130796,2020,1,9,44021,Gent,Normaal,Droog,Dag,met lichtgewonden,3,Fiets,9,personenauto,Op Kruispunt,Gemeenteweg,binnen bebouwde kom,Tss. 2 best.: langs opzij (voor-/achterkant-flank),Geen hindernis
17991,118,Gent teller 1,Gent,51.028049,3.7681359,1.9166715864776955,51.038753073107436,3.746651749648482,2020,1,16,44021,Gent,Normaal,Droog,Dag,met lichtgewonden,9,personenauto,3,Fiets,Op Kruispunt,Gewestweg,binnen bebouwde kom,Tss. 2 best.: langs opzij (voor-/achterkant-flank),Geen hindernis
17991,119,Gent teller 2,Gent,51.0281795,3.7683918,1.921816095926754,51.038753073107436,3.746651749648482,2020,1,16,44021,Gent,Normaal,Droog,Dag,met lichtgewonden,9,personenauto,3,Fiets,Op Kruispunt,Gewestweg,binnen bebouwde kom,Tss. 2 best.: langs opzij (voor-/achterkant-flank),Geen hindernis
17992,13,Gent,Gent,51.03018,3.70146,1.4679220019666137,51.029439784448115,3.722417602632242,2020,1,8,44021,Gent,Normaal,Droog,"Nacht, openbare verlichting aanwezig en ontstoken",met lichtgewonden,9,personenauto,3,Fiets,Buiten Kruispunt,Gemeenteweg,binnen bebouwde kom,Tss. 2 best.: langs opzij (voor-/achterkant-flank),Geen hindernis
17994,13,Gent,Gent,51.03018,3.70146,1.7113149869708413,51.02007447832591,3.683005269798281,2020,1,21,44021,Gent,Normaal,Droog,"Nacht, openbare verlichting aanwezig en ontstoken",met lichtgewonden,9,personenauto,3,Fiets,Op Kruispunt,Gewestweg,buiten bebouwde kom,Tss. 2 best.: langs opzij (voor-/achterkant-flank),Geen hindernis
17995,13,Gent,Gent,51.03018,3.70146,1.4644431809192957,51.02918297858278,3.722340729489668,2020,1,18,44021,Gent,Normaal,"Nat, plassen","Nacht, openbare verlichting aanwezig en ontstoken",met lichtgewonden,3,Fiets,6,Bromfiets,Op Kruispunt,Gemeenteweg,binnen bebouwde kom,Tussen 2 bestuurders: Langs achteren,Geen hindernis
17996,13,Gent,Gent,51.03018,3.70146,2.1634867085832816,51.04962539966284,3.702514629130796,2020,1,20,44021,Gent,Regenval,"Nat, plassen","Nacht, openbare verlichting aanwezig en ontstoken",met lichtgewonden,9,personenauto,3,Fiets,Op Kruispunt,Gemeenteweg,buiten bebouwde kom,Tss. 2 best.: langs opzij (voor-/achterkant-flank),Geen hindernis