crash_row_id,site_id,site_name,site_gemeente,site_lat,site_long,distance_km,crash_lat,crash_long,DT_YEAR_COLLISION,DT_MONTH_COLLISION,DT_TIME,CD_NIS,TX_MUNTY_COLLISION_NL,TX_WEATHER_NL,TX_ROAD_CONDITION_NL,TX_LIGHT_CONDITION_NL,TX_CLASS_ACCIDENTS_NL,CD_ROAD_USR_TYPE1,TX_ROAD_USR_TYPE1_NL,CD_ROAD_USR_TYPE2,TX_ROAD_USR_TYPE2_NL,TX_CROSSWAY_NL,CD_ROAD_TYPE_NL,TX_BUILD_UP_AREA_NL,TX_COLLISION_TYPE_NL,TX_OBSTACLES_NL
17999,119,Gent teller 2,Gent,51.0281795,3.7683918,1.9665098628115054,51.043952190153625,3.7556707518291663,2020,1,7,44021,Gent,Normaal,Droog,"Nacht, openbare verlichting aanwezig en ontstoken",met lichtgewonden,5,Lichte vrachtauto,3,Fiets,Op Kruispunt,Gemeenteweg,binnen bebouwde kom,Tss. 2 best.: langs opzij (voor-/achterkant-flank),Geen hindernis
17999,118,Gent teller 1,Gent,51.028049,3.7681359,1.971487240590694,51.043952190153625,3.7556707518291663,2020,1,7,44021,Gent,Normaal,Droog,"Nacht, openbare verlichting aanwezig en ontstoken",met lichtgewonden,5,Lichte vrachtauto,3,Fiets,Op Kruispunt,Gemeenteweg,binnen bebouwde kom,Tss. 2 best.: langs opzij (voor-/achterkant-flank),Geen hindernis
18013,118,Gent teller 1,Gent,51.028049,3.7681359,1.0796773495554226,51.01844161723956,3.770371756503113,2020,1,11,44040,Melle,Normaal,Droog,Dag,met lichtgewonden,3,Fiets,9,personenauto,Buiten Kruispunt,Gemeenteweg,binnen bebouwde kom,Tussen 2 bestuurders: Langs achteren,Geen hindernis
18013,119,Gent teller 2,Gent,51.0281795,3.7683918,1.0916226534289903,51.01844161723956,3.770371756503113,2020,1,11,44040,Melle,Normaal,Droog,Dag,met lichtgewonden,3,Fiets,9,personenauto,Buiten Kruispunt,Gemeenteweg,binnen bebouwde kom,Tussen 2 bestuurders: Langs achteren,Geen hindernis
18026,7,Evergem 1,Evergem,51.1089,3.70317,0.22938009193561082,51.10833180049553,3.7063285266335333,2020,1,8,44019,Evergem,Normaal,Droog,Dag,met lichtgewonden,9,personenauto,3,Fiets,Buiten Kruispunt,Gemeenteweg,binnen bebouwde kom,Tussen 2 bestuurders: Flank tegen flank,Geen hindernis
18026,6,Evergem 2,Evergem,51.10894,3.70298,0.24335732316937475,51.10833180049553,3.7063285266335333,2020,1,8,44019,Evergem,Normaal,Droog,Dag,met lichtgewonden,9,personenauto,3,Fiets,Buiten Kruispunt,Gemeenteweg,binnen bebouwde kom,Tussen 2 bestuurders: Flank tegen flank,Geen hindernis
18028,115,Aalter,Aalter,51.1058367,3.4350591,2.31637777186357,51.090414599176626,3.4573592080117876,2020,1,14,44084,Aalter,Normaal,Droog,Dag,met lichtgewonden,3,Fiets,9,personenauto,Op Kruispunt,Gemeenteweg,binnen bebouwde kom,Tss. 2 best.: langs opzij (voor-/achterkant-flank),Geen hindernis
18051,126,Hamme totem,Hamme,51.1017709,4.1469307,2.2206956143673295,51.11148753402411,4.174719894621798,2020,1,11,46025,Temse,Normaal,Droog,Dag,met lichtgewonden,3,Fiets,3,Fiets,Buiten Kruispunt,Gemeenteweg,binnen bebouwde kom,Tussen 2 bestuurders: Langs achteren,Geen hindernis
18052,126,Hamme totem,Hamme,51.1017709,4.1469307,2.4555760183052997,51.1143599637767,4.175828847626325,2020,1,17,46025,Temse,Onbekend,Onbekend,Onbekend,met zwaargewonden,3,Fiets,11,een weggebruiker tegen een hindernis,Buiten Kruispunt,Gemeenteweg,binnen bebouwde kom,Weggebruiker tegen hindernis op de rijbaan,"Op de rijbaan: Verkeersdrempel, ezelsrug"
18054,141,Test site A support,Lokeren,51.08342085,3.9961071208376326,1.8411765644952436,51.09988422722196,3.9989229730850795,2020,1,17,46014,Lokeren,Normaal,Droog,Dag,met lichtgewonden,3,Fiets,9,personenauto,Buiten Kruispunt,Gemeenteweg,binnen bebouwde kom,Tussen 2 bestuurders: Frontale botsing,Geen hindernis
18054,128,Lokeren teller 1,Lokeren,51.09644,3.97023,2.0398781682427263,51.09988422722196,3.9989229730850795,2020,1,17,46014,Lokeren,Normaal,Droog,Dag,met lichtgewonden,3,Fiets,9,personenauto,Buiten Kruispunt,Gemeenteweg,binnen bebouwde kom,Tussen 2 bestuurders: Frontale botsing,Geen hindernis
18054,129,Lokeren teller 2,Lokeren,51.09612,3.97025,2.045496777865891,51.09988422722196,3.9989229730850795,2020,1,17,46014,Lokeren,Normaal,Droog,Dag,met lichtgewonden,3,Fiets,9,personenauto,Buiten Kruispunt,Gemeenteweg,binnen bebouwde kom,Tussen 2 bestuurders: Frontale botsing,Geen hindernis
18055,141,Test site A support,Lokeren,51.08342085,3.9961071208376326,1.6891930141701383,51.09711990614558,4.006560759136911,2020,1,10,46014,Lokeren,Normaal,"Nat, plassen",Dag,met lichtgewonden,9,personenauto,3,Fiets,Op Kruispunt,Gewestweg,buiten bebouwde kom,Tss. 2 best.: langs opzij (voor-/achterkant-flank),Geen hindernis
18056,128,Lokeren teller 1,Lokeren,51.09644,3.97023,1.003575271487662,51.10340133038413,3.979377522869139,2020,1,7,46014,Lokeren,Onbekend,Onbekend,Onbekend,met lichtgewonden,3,Fiets,6,Bromfiets,Op Kruispunt,Gemeenteweg,binnen bebouwde kom,Tss. 2 best.: langs opzij (voor-/achterkant-flank),Geen hindernis
18056,129,Lokeren teller 2,Lokeren,51.09612,3.97025,1.0304058794250177,51.10340133038413,3.979377522869139,2020,1,7,46014,Lokeren,Onbekend,Onbekend,Onbekend,met lichtgewonden,3,Fiets,6,Bromfiets,Op Kruispunt,Gemeenteweg,binnen bebouwde kom,Tss. 2 best.: langs opzij (voor-/achterkant-flank),Geen hindernis
18058,120,Zele teller 1,Zele,51.0607671,4.0547741,1.799310964518987,51.065593600917765,4.0301982305977075,2020,1,17,42028,Zele,Normaal,Droog,"Nacht, openbare verlichting aanwezig en ontstoken",met lichtgewonden,9,personenauto,3,Fiets,Op Kruispunt,Gewestweg,binnen bebouwde kom,Tss. 2 best.: langs opzij (voor-/achterkant-flank),Geen hindernis
18058,121,Zele teller 2,Zele,51.0604067,4.0556696,1.8711038768052208,51.065593600917765,4.0301982305977075,2020,1,17,42028,Zele,Normaal,Droog,"Nacht, openbare verlichting aanwezig en ontstoken",met lichtgewonden,9,personenauto,3,Fiets,Op Kruispunt,Gewestweg,binnen bebouwde kom,Tss. 2 best.: langs opzij (voor-/achterkant-flank),Geen hindernis
18070,10,Aalst 2,Aalst,50.93549,4.01571,1.1185647073012914,50.944733056305274,4.022009950177429,2020,1,15,41002,Aalst,Normaal,"Nat, plassen",Dag,met lichtgewonden,9,personenauto,3,Fiets,Buiten Kruispunt,Gewestweg,binnen bebouwde kom,Tss. 2 best.: langs opzij (voor-/achterkant-flank),Geen hindernis
18070,19,Aalst 1,Aalst,50.93433,4.01471,1.264807506817969,50.944733056305274,4.022009950177429,2020,1,15,41002,Aalst,Normaal,"Nat, plassen",Dag,met lichtgewonden,9,personenauto,3,Fiets,Buiten Kruispunt,Gewestweg,binnen bebouwde kom,Tss. 2 best.: langs opzij (voor-/achterkant-flank),Geen hindernis
18070,11,Aalst 3,Aalst,50.93385,4.01647,1.2708745400900623,50.944733056305274,4.022009950177429,2020,1,15,41002,Aalst,Normaal,"Nat, plassen",Dag,met lichtgewonden,9,personenauto,3,Fiets,Buiten Kruispunt,Gewestweg,binnen bebouwde kom,Tss. 2 best.: langs opzij (voor-/achterkant-flank),Geen hindernis
18071,11,Aalst 3,Aalst,50.93385,4.01647,1.1082897154251563,50.93100609250104,4.031627407148185,2020,1,16,41002,Aalst,Normaal,Droog,Dag,met lichtgewonden,3,Fiets,8,Voetganger,Op Kruispunt,Gewestweg,binnen bebouwde kom,Met een voetganger,Geen hindernis
18071,10,Aalst 2,Aalst,50.93549,4.01571,1.2218167045528578,50.93100609250104,4.031627407148185,2020,1,16,41002,Aalst,Normaal,Droog,Dag,met lichtgewonden,3,Fiets,8,Voetganger,Op Kruispunt,Gewestweg,binnen bebouwde kom,Met een voetganger,Geen hindernis
18071,19,Aalst 1,Aalst,50.93433,4.01471,1.2418274660219426,50.93100609250104,4.031627407148185,2020,1,16,41002,Aalst,Normaal,Droog,Dag,met lichtgewonden,3,Fiets,8,Voetganger,Op Kruispunt,Gewestweg,binnen bebouwde kom,Met een voetganger,Geen hindernis
18073,10,Aalst 2,Aalst,50.93549,4.01571,1.8798388668289356,50.94079958955272,4.041180342114744,2020,1,18,41002,Aalst,Normaal,Droog,"Nacht, openbare verlichting aanwezig en ontstoken",met lichtgewonden,6,Bromfiets,3,Fiets,Buiten Kruispunt,Gemeenteweg,binnen bebouwde kom,Tussen 2 bestuurders: Frontale botsing,Geen hindernis
18073,11,Aalst 3,Aalst,50.93385,4.01647,1.8961106651068942,50.94079958955272,4.041180342114744,2020,1,18,41002,Aalst,Normaal,Droog,"Nacht, openbare verlichting aanwezig en ontstoken",met lichtgewonden,6,Bromfiets,3,Fiets,Buiten Kruispunt,Gemeenteweg,binnen bebouwde kom,Tussen 2 bestuurders: Frontale botsing,Geen hindernis
18073,19,Aalst 1,Aalst,50.93433,4.01471,1.9894336392672631,50.94079958955272,4.041180342114744,2020,1,18,41002,Aalst,Normaal,Droog,"Nacht, openbare verlichting aanwezig en ontstoken",met lichtgewonden,6,Bromfiets,3,Fiets,Buiten Kruispunt,Gemeenteweg,binnen bebouwde kom,Tussen 2 bestuurders: Frontale botsing,Geen hindernis
18075,11,Aalst 3,Aalst,50.93385,4.01647,1.2004618933457583,50.93471700005401,4.033545452223983,2020,1,17,41002,Aalst,Normaal,Droog,Dageraad - schemering,met lichtgewonden,3,Fiets,5,Lichte vrachtauto,Buiten Kruispunt,Gemeenteweg,binnen bebouwde kom,Tss. 2 best.: langs opzij (voor-/achterkant-flank),Geen hindernis
18075,10,Aalst 2,Aalst,50.93549,4.01571,1.2527726767467868,50.93471700005401,4.033545452223983,2020,1,17,41002,Aalst,Normaal,Droog,Dageraad - schemering,met lichtgewonden,3,Fiets,5,Lichte vrachtauto,Buiten Kruispunt,Gemeenteweg,binnen bebouwde kom,Tss. 2 best.: langs opzij (voor-/achterkant-flank),Geen hindernis
18075,19,Aalst 1,Aalst,50.93433,4.01471,1.3206133509271194,50.93471700005401,4.033545452223983,2020,1,17,41002,Aalst,Normaal,Droog,Dageraad - schemering,met lichtgewonden,3,Fiets,5,Lichte vrachtauto,Buiten Kruispunt,Gemeenteweg,binnen bebouwde kom,Tss. 2 best.: langs opzij (voor-/achterkant-flank),Geen hindernis
18079,125,Dendermonde totem,Dendermonde,51.0372706,4.1025998,1.1173449123607047,51.046816692793456,4.10759012489405,2020,1,7,42006,Dendermonde,Normaal,Droog,Dageraad - schemering,met lichtgewonden,5,Lichte vrachtauto,3,Fiets,Buiten Kruispunt,Gewestweg,binnen bebouwde kom,Tss. 2 best.: langs opzij (voor-/achterkant-flank),Geen hindernis
18079,122,Dendermonde teller 2,Dendermonde,51.0373918,4.1019222,1.1204155634928188,51.046816692793456,4.10759012489405,2020,1,7,42006,Dendermonde,Normaal,Droog,Dageraad - schemering,met lichtgewonden,5,Lichte vrachtauto,3,Fiets,Buiten Kruispunt,Gewestweg,binnen bebouwde kom,Tss. 2 best.: langs opzij (voor-/achterkant-flank),Geen hindernis
18080,125,Dendermonde totem,Dendermonde,51.0372706,4.1025998,2.2953797002987915,51.04826253881036,4.130390233294257,2020,1,12,42006,Dendermonde,Normaal,"Nat, plassen",Dag,met zwaargewonden,3,Fiets,3,Fiets,Buiten Kruispunt,Gemeenteweg,binnen bebouwde kom,Tussen 2 bestuurders: Frontale botsing,Geen hindernis
18080,122,Dendermonde teller 2,Dendermonde,51.0373918,4.1019222,2.3285878224420125,51.04826253881036,4.130390233294257,2020,1,12,42006,Dendermonde,Normaal,"Nat, plassen",Dag,met zwaargewonden,3,Fiets,3,Fiets,Buiten Kruispunt,Gemeenteweg,binnen bebouwde kom,Tussen 2 bestuurders: Frontale botsing,Geen hindernis
18081,122,Dendermonde teller 2,Dendermonde,51.0373918,4.1019222,0.9270630782153646,51.045723181359854,4.102420844304772,2020,1,17,42006,Dendermonde,Normaal,Droog,Dag,met lichtgewonden,3,Fiets,9,personenauto,Op Kruispunt,Gemeenteweg,binnen bebouwde kom,Tss. 2 best.: langs opzij (voor-/achterkant-flank),Geen hindernis
18081,125,Dendermonde totem,Dendermonde,51.0372706,4.1025998,0.9399674371497213,51.045723181359854,4.102420844304772,2020,1,17,42006,Dendermonde,Normaal,Droog,Dag,met lichtgewonden,3,Fiets,9,personenauto,Op Kruispunt,Gemeenteweg,binnen bebouwde kom,Tss. 2 best.: langs opzij (voor-/achterkant-flank),Geen hindernis
18082,122,Dendermonde teller 2,Dendermonde,51.0373918,4.1019222,0.5411293020958025,51.04216374242483,4.103440422862885,2020,1,12,42006,Dendermonde,Normaal,Droog,Dag,met lichtgewonden,9,personenauto,3,Fiets,Buiten Kruispunt,Gewestweg,binnen bebouwde kom,Tss. 2 best.: langs opzij (voor-/achterkant-flank),Geen hindernis
18082,125,Dendermonde totem,Dendermonde,51.0372706,4.1025998,0.5472578602725067,51.04216374242483,4.103440422862885,2020,1,12,42006,Dendermonde,Normaal,Droog,Dag,met lichtgewonden,9,personenauto,3,Fiets,Buiten Kruispunt,Gewestweg,binnen bebouwde kom,Tss. 2 best.: langs opzij (voor-/achterkant-flank),Geen hindernis
18083,122,Dendermonde teller 2,Dendermonde,51.0373918,4.1019222,2.3632787124489827,51.03064968237684,4.069870895031389,2020,1,15,42006,Dendermonde,Normaal,Droog,Dag,met zwaargewonden,4,Vrachtwagen,3,Fiets,Buiten Kruispunt,Gewestweg,binnen bebouwde kom,Tss. 2 best.: langs opzij (voor-/achterkant-flank),Geen hindernis
18083,125,Dendermonde totem,Dendermonde,51.0372706,4.1025998,2.4041018105691774,51.03064968237684,4.069870895031389,2020,1,15,42006,Dendermonde,Normaal,Droog,Dag,met zwaargewonden,4,Vrachtwagen,3,Fiets,Buiten Kruispunt,Gewestweg,binnen bebouwde kom,Tss. 2 best.: langs opzij (voor-/achterkant-flank),Geen hindernis
18084,125,Dendermonde totem,Dendermonde,51.0372706,4.1025998,0.6533961422277966,51.03289030099231,4.108828487845802,2020,1,16,42006,Dendermonde,Normaal,Droog,Dag,met lichtgewonden,3,Fiets,6,Bromfiets,Op Kruispunt,Gewestweg,binnen bebouwde kom,Tussen 2 bestuurders: Frontale botsing,Geen hindernis
18084,122,Dendermonde teller 2,Dendermonde,51.0373918,4.1019222,0.6955233863418621,51.03289030099231,4.108828487845802,2020,1,16,42006,Dendermonde,Normaal,Droog,Dag,met lichtgewonden,3,Fiets,6,Bromfiets,Op Kruispunt,Gewestweg,binnen bebouwde kom,Tussen 2 bestuurders: Frontale botsing,Geen hindernis
18085,122,Dendermonde teller 2,Dendermonde,51.0373918,4.1019222,1.1762833255689045,51.03177766849161,4.087664586065153,2020,1,8,42006,Dendermonde,Onbekend,Onbekend,Onbekend,met lichtgewonden,9,personenauto,3,Fiets,Buiten Kruispunt,Gewestweg,onbekend,Tss. 2 best.: langs opzij (voor-/achterkant-flank),Geen hindernis
18085,125,Dendermonde totem,Dendermonde,51.0372706,4.1025998,1.2098431906813683,51.03177766849161,4.087664586065153,2020,1,8,42006,Dendermonde,Onbekend,Onbekend,Onbekend,met lichtgewonden,9,personenauto,3,Fiets,Buiten Kruispunt,Gewestweg,onbekend,Tss. 2 best.: langs opzij (voor-/achterkant-flank),Geen hindernis
18086,20,Brugge,Brugge,51.17416,3.20048,2.3908930059885773,51.17934486323526,3.2337654722813713,2020,1,10,31005,Brugge,Normaal,Droog,Dag,met lichtgewonden,9,personenauto,3,Fiets,Op Kruispunt,Gewestweg,binnen bebouwde kom,Tss. 2 best.: langs opzij (voor-/achterkant-flank),Geen hindernis
18087,142,TEST Validatie BRUGGE Y2H22022134,Brugge,51.22632,3.24095,1.697503161799284,51.2110570436642,3.2414376873601825,2020,1,11,31005,Brugge,Normaal,"Nat, plassen",Dag,met lichtgewonden,3,Fiets,9,personenauto,Op Kruispunt,Gewestweg,binnen bebouwde kom,Tussen 2 bestuurders: Frontale botsing,Geen hindernis
18087,52,Brugge,Brugge,51.22632,3.24095,1.697503161799284,51.2110570436642,3.2414376873601825,2020,1,11,31005,Brugge,Normaal,"Nat, plassen",Dag,met lichtgewonden,3,Fiets,9,personenauto,Op Kruispunt,Gewestweg,binnen bebouwde kom,Tussen 2 bestuurders: Frontale botsing,Geen hindernis
18087,54,Brugge teller 2,Brugge,51.23015,3.22818,2.315127439587836,51.2110570436642,3.2414376873601825,2020,1,11,31005,Brugge,Normaal,"Nat, plassen",Dag,met lichtgewonden,3,Fiets,9,personenauto,Op Kruispunt,Gewestweg,binnen bebouwde kom,Tussen 2 bestuurders: Frontale botsing,Geen hindernis
18087,53,Brugge teller 1,Brugge,51.23023,3.228,2.3282977709315915,51.2110570436642,3.2414376873601825,2020,1,11,31005,Brugge,Normaal,"Nat, plassen",Dag,met lichtgewonden,3,Fiets,9,personenauto,Op Kruispunt,Gewestweg,binnen bebouwde kom,Tussen 2 bestuurders: Frontale botsing,Geen hindernis
18088,142,TEST Validatie BRUGGE Y2H22022134,Brugge,51.22632,3.24095,1.8702934994383156,51.20998673954065,3.234536891703099,2020,1,9,31005,Brugge,Normaal,"Nat, plassen",Dag,met zwaargewonden,9,personenauto,3,Fiets,Op Kruispunt,Gewestweg,binnen bebouwde kom,Tussen 2 bestuurders: Flank tegen flank,Geen hindernis
18088,52,Brugge,Brugge,51.22632,3.24095,1.8702934994383156,51.20998673954065,3.234536891703099,2020,1,9,31005,Brugge,Normaal,"Nat, plassen",Dag,met zwaargewonden,9,personenauto,3,Fiets,Op Kruispunt,Gewestweg,binnen bebouwde kom,Tussen 2 bestuurders: Flank tegen flank,Geen hindernis
18088,54,Brugge teller 2,Brugge,51.23015,3.22818,2.2853453442322724,51.20998673954065,3.234536891703099,2020,1,9,31005,Brugge,Normaal,"Nat, plassen",Dag,met zwaargewonden,9,personenauto,3,Fiets,Op Kruispunt,Gewestweg,binnen bebouwde kom,Tussen 2 bestuurders: Flank tegen flank,Geen hindernis
18088,53,Brugge teller 1,Brugge,51.23023,3.228,2.296525220092403,51.20998673954065,3.234536891703099,2020,1,9,31005,Brugge,Normaal,"Nat, plassen",Dag,met zwaargewonden,9,personenauto,3,Fiets,Op Kruispunt,Gewestweg,binnen bebouwde kom,Tussen 2 bestuurders: Flank tegen flank,Geen hindernis
18090,54,Brugge teller 2,Brugge,51.23015,3.22818,1.2370310053531683,51.221069196303375,3.217917937097419,2020,1,14,31005,Brugge,Normaal,Droog,Dag,met lichtgewonden,9,personenauto,3,Fiets,Op Kruispunt,Gewestweg,buiten bebouwde kom,Tussen 2 bestuurders: Frontale botsing,Geen hindernis
18090,53,Brugge teller 1,Brugge,51.23023,3.228,1.2371462473692953,51.221069196303375,3.217917937097419,2020,1,14,31005,Brugge,Normaal,Droog,Dag,met lichtgewonden,9,personenauto,3,Fiets,Op Kruispunt,Gewestweg,buiten bebouwde kom,Tussen 2 bestuurders: Frontale botsing,Geen hindernis
18090,52,Brugge,Brugge,51.22632,3.24095,1.7069007877502564,51.221069196303375,3.217917937097419,2020,1,14,31005,Brugge,Normaal,Droog,Dag,met lichtgewonden,9,personenauto,3,Fiets,Op Kruispunt,Gewestweg,buiten bebouwde kom,Tussen 2 bestuurders: Frontale botsing,Geen hindernis
18090,142,TEST Validatie BRUGGE Y2H22022134,Brugge,51.22632,3.24095,1.7069007877502564,51.221069196303375,3.217917937097419,2020,1,14,31005,Brugge,Normaal,Droog,Dag,met lichtgewonden,9,personenauto,3,Fiets,Op Kruispunt,Gewestweg,buiten bebouwde kom,Tussen 2 bestuurders: Frontale botsing,Geen hindernis
18091,142,TEST Validatie BRUGGE Y2H22022134,Brugge,51.22632,3.24095,1.5065984638268821,51.21280463281453,3.242477000736279,2020,1,12,31005,Brugge,Normaal,"Nat, plassen",Dag,met lichtgewonden,3,Fiets,3,Fiets,Op Kruispunt,Gemeenteweg,binnen bebouwde kom,Tss. 2 best.: langs opzij (voor-/achterkant-flank),Geen hindernis
18091,52,Brugge,Brugge,51.22632,3.24095,1.5065984638268821,51.21280463281453,3.242477000736279,2020,1,12,31005,Brugge,Normaal,"Nat, plassen",Dag,met lichtgewonden,3,Fiets,3,Fiets,Op Kruispunt,Gemeenteweg,binnen bebouwde kom,Tss. 2 best.: langs opzij (voor-/achterkant-flank),Geen hindernis
18091,54,Brugge teller 2,Brugge,51.23015,3.22818,2.1705598363455056,51.21280463281453,3.242477000736279,2020,1,12,31005,Brugge,Normaal,"Nat, plassen",Dag,met lichtgewonden,3,Fiets,3,Fiets,Op Kruispunt,Gemeenteweg,binnen bebouwde kom,Tss. 2 best.: langs opzij (voor-/achterkant-flank),Geen hindernis
18091,53,Brugge teller 1,Brugge,51.23023,3.228,2.184225666916266,51.21280463281453,3.242477000736279,2020,1,12,31005,Brugge,Normaal,"Nat, plassen",Dag,met lichtgewonden,3,Fiets,3,Fiets,Op Kruispunt,Gemeenteweg,binnen bebouwde kom,Tss. 2 best.: langs opzij (voor-/achterkant-flank),Geen hindernis
18093,142,TEST Validatie BRUGGE Y2H22022134,Brugge,51.22632,3.24095,1.2471339317455978,51.21510878534863,3.2404410809740445,2020,1,23,31005,Brugge,Normaal,"Nat, plassen","Nacht, openbare verlichting aanwezig en ontstoken",met lichtgewonden,3,Fiets,9,personenauto,Buiten Kruispunt,Gemeenteweg,binnen bebouwde kom,Tss. 2 best.: langs opzij (voor-/achterkant-flank),Geen hindernis
18093,52,Brugge,Brugge,51.22632,3.24095,1.2471339317455978,51.21510878534863,3.2404410809740445,2020,1,23,31005,Brugge,Normaal,"Nat, plassen","Nacht, openbare verlichting aanwezig en ontstoken",met lichtgewonden,3,Fiets,9,personenauto,Buiten Kruispunt,Gemeenteweg,binnen bebouwde kom,Tss. 2 best.: langs opzij (voor-/achterkant-flank),Geen hindernis
18093,54,Brugge teller 2,Brugge,51.23015,3.22818,1.877865314481681,51.21510878534863,3.2404410809740445,2020,1,23,31005,Brugge,Normaal,"Nat, plassen","Nacht, openbare verlichting aanwezig en ontstoken",met lichtgewonden,3,Fiets,9,personenauto,Buiten Kruispunt,Gemeenteweg,binnen bebouwde kom,Tss. 2 best.: langs opzij (voor-/achterkant-flank),Geen hindernis
18093,53,Brugge teller 1,Brugge,51.23023,3.228,1.8915010469826168,51.21510878534863,3.2404410809740445,2020,1,23,31005,Brugge,Normaal,"Nat, plassen","Nacht, openbare verlichting aanwezig en ontstoken",met lichtgewonden,3,Fiets,9,personenauto,Buiten Kruispunt,Gemeenteweg,binnen bebouwde kom,Tss. 2 best.: langs opzij (voor-/achterkant-flank),Geen hindernis
18094,54,Brugge teller 2,Brugge,51.23015,3.22818,2.0272833584709766,51.212919781101824,3.2186644421868738,2020,1,15,31005,Brugge,Normaal,Droog+Proper,Dag,met lichtgewonden,6,Bromfiets,3,Fiets,Op Kruispunt,Gewestweg,binnen bebouwde kom,Tss. 2 best.: langs opzij (voor-/achterkant-flank),Geen hindernis
18094,53,Brugge teller 1,Brugge,51.23023,3.228,2.0316459461886103,51.212919781101824,3.2186644421868738,2020,1,15,31005,Brugge,Normaal,Droog+Proper,Dag,met lichtgewonden,6,Bromfiets,3,Fiets,Op Kruispunt,Gewestweg,binnen bebouwde kom,Tss. 2 best.: langs opzij (voor-/achterkant-flank),Geen hindernis
18094,52,Brugge,Brugge,51.22632,3.24095,2.1515545551031354,51.212919781101824,3.2186644421868738,2020,1,15,31005,Brugge,Normaal,Droog+Proper,Dag,met lichtgewonden,6,Bromfiets,3,Fiets,Op Kruispunt,Gewestweg,binnen bebouwde kom,Tss. 2 best.: langs opzij (voor-/achterkant-flank),Geen hindernis
18094,142,TEST Validatie BRUGGE Y2H22022134,Brugge,51.22632,3.24095,2.1515545551031354,51.212919781101824,3.2186644421868738,2020,1,15,31005,Brugge,Normaal,Droog+Proper,Dag,met lichtgewonden,6,Bromfiets,3,Fiets,Op Kruispunt,Gewestweg,binnen bebouwde kom,Tss. 2 best.: langs opzij (voor-/achterkant-flank),Geen hindernis
18095,20,Brugge,Brugge,51.17416,3.20048,2.3340069375528887,51.19340469022923,3.213849661362508,2020,1,8,31005,Brugge,Mist (zichtbaarheid minder dan 100m),Onbekend,Dag,met lichtgewonden,3,Fiets,7,Motorfiets,Buiten Kruispunt,Gemeenteweg,binnen bebouwde kom,Tss. 2 best.: langs opzij (voor-/achterkant-flank),Geen hindernis
18098,50,"Brugge, Sint-Andries",Brugge,51.19291,3.16252,1.4342190577524265,51.198322886483425,3.1812022600365797,2020,1,11,31005,Brugge,Normaal,Droog,Dag,met lichtgewonden,9,personenauto,3,Fiets,Buiten Kruispunt,Gemeenteweg,binnen bebouwde kom,Tss. 2 best.: langs opzij (voor-/achterkant-flank),Geen hindernis
18098,51,"Brugge, Sint-Andries",Brugge,51.19281,3.16252,1.4389221486436654,51.198322886483425,3.1812022600365797,2020,1,11,31005,Brugge,Normaal,Droog,Dag,met lichtgewonden,9,personenauto,3,Fiets,Buiten Kruispunt,Gemeenteweg,binnen bebouwde kom,Tss. 2 best.: langs opzij (voor-/achterkant-flank),Geen hindernis
18110,20,Brugge,Brugge,51.17416,3.20048,2.351172826681659,51.17773972614527,3.233720320127135,2020,1,16,31022,Oostkamp,Normaal,"Nat, plassen","Nacht, openbare verlichting aanwezig en ontstoken",met lichtgewonden,3,Fiets,9,personenauto,Op Kruispunt,Gewestweg,binnen bebouwde kom,Tss. 2 best.: langs opzij (voor-/achterkant-flank),Geen hindernis
18114,59,Ardooie teller 1,Ardooie,50.96784,3.18479,0.9400814095299465,50.96633351942603,3.197999737146696,2020,1,13,37020,Ardooie,Regenval,"Nat, plassen",Dag,met lichtgewonden,3,Fiets,6,Bromfiets,Buiten Kruispunt,Gemeenteweg,buiten bebouwde kom,Tussen 2 bestuurders: Flank tegen flank,Geen hindernis
18114,60,Ardooie teller 2,Ardooie,50.96783,3.18411,0.9867860611340986,50.96633351942603,3.197999737146696,2020,1,13,37020,Ardooie,Regenval,"Nat, plassen",Dag,met lichtgewonden,3,Fiets,6,Bromfiets,Buiten Kruispunt,Gemeenteweg,buiten bebouwde kom,Tussen 2 bestuurders: Flank tegen flank,Geen hindernis
18115,15,Oostende 2,Oostende,51.21371,2.92743,1.6992212271821583,51.22539818191311,2.911712819682712,2020,1,17,35013,Oostende,Normaal,Droog,"Nacht, openbare verlichting aanwezig en ontstoken",met lichtgewonden,9,personenauto,3,Fiets,Op Kruispunt,Gewestweg,binnen bebouwde kom,Tss. 2 best.: langs opzij (voor-/achterkant-flank),Geen hindernis
18115,18,Oostende 1,Oostende,51.21378,2.92765,1.703219874934377,51.22539818191311,2.911712819682712,2020,1,17,35013,Oostende,Normaal,Droog,"Nacht, openbare verlichting aanwezig en ontstoken",met lichtgewonden,9,personenauto,3,Fiets,Op Kruispunt,Gewestweg,binnen bebouwde kom,Tss. 2 best.: langs opzij (voor-/achterkant-flank),Geen hindernis
18116,18,Oostende 1,Oostende,51.21378,2.92765,0.667419577851554,51.21694399383785,2.9357927889133557,2020,1,8,35013,Oostende,Normaal,Droog,Dag,met lichtgewonden,9,personenauto,3,Fiets,Op Kruispunt,Gemeenteweg,binnen bebouwde kom,Tussen 2 bestuurders: Frontale botsing,Geen hindernis
18116,15,Oostende 2,Oostende,51.21371,2.92743,0.6845461133684977,51.21694399383785,2.9357927889133557,2020,1,8,35013,Oostende,Normaal,Droog,Dag,met lichtgewonden,9,personenauto,3,Fiets,Op Kruispunt,Gemeenteweg,binnen bebouwde kom,Tussen 2 bestuurders: Frontale botsing,Geen hindernis