crash_row_id,site_id,site_name,site_gemeente,site_lat,site_long,distance_km,crash_lat,crash_long,DT_YEAR_COLLISION,DT_MONTH_COLLISION,DT_TIME,CD_NIS,TX_MUNTY_COLLISION_NL,TX_WEATHER_NL,TX_ROAD_CONDITION_NL,TX_LIGHT_CONDITION_NL,TX_CLASS_ACCIDENTS_NL,CD_ROAD_USR_TYPE1,TX_ROAD_USR_TYPE1_NL,CD_ROAD_USR_TYPE2,TX_ROAD_USR_TYPE2_NL,TX_CROSSWAY_NL,CD_ROAD_TYPE_NL,TX_BUILD_UP_AREA_NL,TX_COLLISION_TYPE_NL,TX_OBSTACLES_NL
18117,18,Oostende 1,Oostende,51.21378,2.92765,2.030370612453892,51.23092209670603,2.9176073917491063,2020,1,20,35013,Oostende,Normaal,Droog,"Nacht, openbare verlichting aanwezig en ontstoken",met lichtgewonden,9,personenauto,3,Fiets,Op Kruispunt,Gemeenteweg,binnen bebouwde kom,Tss. 2 best.: langs opzij (voor-/achterkant-flank),Geen hindernis
18117,15,Oostende 2,Oostende,51.21371,2.92743,2.0324722199081457,51.23092209670603,2.9176073917491063,2020,1,20,35013,Oostende,Normaal,Droog,"Nacht, openbare verlichting aanwezig en ontstoken",met lichtgewonden,9,personenauto,3,Fiets,Op Kruispunt,Gemeenteweg,binnen bebouwde kom,Tss. 2 best.: langs opzij (voor-/achterkant-flank),Geen hindernis
18119,18,Oostende 1,Oostende,51.21378,2.92765,2.113324167221525,51.23167474893494,2.917427417539661,2020,1,22,35013,Oostende,Normaal,Droog,Onbekend,met lichtgewonden,9,personenauto,3,Fiets,Op Kruispunt,Gemeenteweg,binnen bebouwde kom,Tss. 2 best.: langs opzij (voor-/achterkant-flank),Geen hindernis
18119,15,Oostende 2,Oostende,51.21371,2.92743,2.1155606115320857,51.23167474893494,2.917427417539661,2020,1,22,35013,Oostende,Normaal,Droog,Onbekend,met lichtgewonden,9,personenauto,3,Fiets,Op Kruispunt,Gemeenteweg,binnen bebouwde kom,Tss. 2 best.: langs opzij (voor-/achterkant-flank),Geen hindernis
18120,65,Nieuwpoort teller 2,Nieuwpoort,51.13435,2.75511,1.5020217048118298,51.147825858973526,2.7565944744734385,2020,1,8,35011,Middelkerke,Normaal,Droog,Dag,met zwaargewonden,9,personenauto,3,Fiets,Op Kruispunt,Gewestweg,binnen bebouwde kom,Tussen 2 bestuurders: Frontale botsing,Geen hindernis
18120,64,Nieuwpoort teller 1,Nieuwpoort,51.13359,2.75737,1.5838796508409727,51.147825858973526,2.7565944744734385,2020,1,8,35011,Middelkerke,Normaal,Droog,Dag,met zwaargewonden,9,personenauto,3,Fiets,Op Kruispunt,Gewestweg,binnen bebouwde kom,Tussen 2 bestuurders: Frontale botsing,Geen hindernis
18120,63,Nieuwpoort teller 3,Nieuwpoort,51.13529,2.74289,1.6902953239545597,51.147825858973526,2.7565944744734385,2020,1,8,35011,Middelkerke,Normaal,Droog,Dag,met zwaargewonden,9,personenauto,3,Fiets,Op Kruispunt,Gewestweg,binnen bebouwde kom,Tussen 2 bestuurders: Frontale botsing,Geen hindernis
18120,66,Nieuwpoort totem,Nieuwpoort,51.1347,2.74369,1.7148486581918883,51.147825858973526,2.7565944744734385,2020,1,8,35011,Middelkerke,Normaal,Droog,Dag,met zwaargewonden,9,personenauto,3,Fiets,Op Kruispunt,Gewestweg,binnen bebouwde kom,Tussen 2 bestuurders: Frontale botsing,Geen hindernis
18122,50,"Brugge, Sint-Andries",Brugge,51.19291,3.16252,1.2977155338797264,51.19710310281906,3.145140316804575,2020,1,15,31012,Jabbeke,Normaal,Droog,Dag,met lichtgewonden,3,Fiets,5,Lichte vrachtauto,Op Kruispunt,Gemeenteweg,binnen bebouwde kom,Tss. 2 best.: langs opzij (voor-/achterkant-flank),Geen hindernis
18122,51,"Brugge, Sint-Andries",Brugge,51.19281,3.16252,1.3017532020663833,51.19710310281906,3.145140316804575,2020,1,15,31012,Jabbeke,Normaal,Droog,Dag,met lichtgewonden,3,Fiets,5,Lichte vrachtauto,Op Kruispunt,Gemeenteweg,binnen bebouwde kom,Tss. 2 best.: langs opzij (voor-/achterkant-flank),Geen hindernis
18124,56,Torhout teller 2,Torhout,51.07147,3.08244,1.8391207786338926,51.06072500162859,3.102448691143968,2020,1,12,31033,Torhout,Normaal,Droog,Dag,met lichtgewonden,7,Motorfiets,3,Fiets,Op Kruispunt,Gewestweg,binnen bebouwde kom,Tss. 2 best.: langs opzij (voor-/achterkant-flank),Geen hindernis
18124,55,Torhout teller 1,Torhout,51.07161,3.08261,1.8403054731342772,51.06072500162859,3.102448691143968,2020,1,12,31033,Torhout,Normaal,Droog,Dag,met lichtgewonden,7,Motorfiets,3,Fiets,Op Kruispunt,Gewestweg,binnen bebouwde kom,Tss. 2 best.: langs opzij (voor-/achterkant-flank),Geen hindernis
18136,61,Wervik teller 2,Wervik,50.80555,3.0921,1.6997385080970475,50.79847782813651,3.1135425602094466,2020,1,15,34027,Menen,Regenval,"Nat, plassen",Dag,met lichtgewonden,3,Fiets,9,personenauto,Op Kruispunt,Gewestweg,binnen bebouwde kom,Tss. 2 best.: langs opzij (voor-/achterkant-flank),Geen hindernis
18136,62,Wervik teller 1,Wervik,50.8058,3.09154,1.7474969562948535,50.79847782813651,3.1135425602094466,2020,1,15,34027,Menen,Regenval,"Nat, plassen",Dag,met lichtgewonden,3,Fiets,9,personenauto,Op Kruispunt,Gewestweg,binnen bebouwde kom,Tss. 2 best.: langs opzij (voor-/achterkant-flank),Geen hindernis
18138,143,Eco Display Classic Budastraat,Kortrijk,50.83066,3.26286,0.16895933814656783,50.83176647826808,3.264508836720953,2020,1,12,34022,Kortrijk,Onbekend,Onbekend,Dag,met lichtgewonden,9,personenauto,3,Fiets,Buiten Kruispunt,Gemeenteweg,binnen bebouwde kom,Tss. 2 best.: langs opzij (voor-/achterkant-flank),Geen hindernis
18138,17,Kortrijk 2,Kortrijk,50.83339,3.27773,0.94590176664279,50.83176647826808,3.264508836720953,2020,1,12,34022,Kortrijk,Onbekend,Onbekend,Dag,met lichtgewonden,9,personenauto,3,Fiets,Buiten Kruispunt,Gemeenteweg,binnen bebouwde kom,Tss. 2 best.: langs opzij (voor-/achterkant-flank),Geen hindernis
18138,16,Kortrijk 1,Kortrijk,50.83332,3.27777,0.947209762771719,50.83176647826808,3.264508836720953,2020,1,12,34022,Kortrijk,Onbekend,Onbekend,Dag,met lichtgewonden,9,personenauto,3,Fiets,Buiten Kruispunt,Gemeenteweg,binnen bebouwde kom,Tss. 2 best.: langs opzij (voor-/achterkant-flank),Geen hindernis
18138,75,Kortrijk teller 2,Kortrijk,50.81925,3.25731,1.4807766157298123,50.83176647826808,3.264508836720953,2020,1,12,34022,Kortrijk,Onbekend,Onbekend,Dag,met lichtgewonden,9,personenauto,3,Fiets,Buiten Kruispunt,Gemeenteweg,binnen bebouwde kom,Tss. 2 best.: langs opzij (voor-/achterkant-flank),Geen hindernis
18138,74,Kortrijk teller 1,Kortrijk,50.81909,3.25728,1.4982238420402283,50.83176647826808,3.264508836720953,2020,1,12,34022,Kortrijk,Onbekend,Onbekend,Dag,met lichtgewonden,9,personenauto,3,Fiets,Buiten Kruispunt,Gemeenteweg,binnen bebouwde kom,Tss. 2 best.: langs opzij (voor-/achterkant-flank),Geen hindernis
18139,74,Kortrijk teller 1,Kortrijk,50.81909,3.25728,1.2188611567550125,50.81229893689067,3.2708984858950467,2020,1,15,34022,Kortrijk,Normaal,Droog,Dag,met lichtgewonden,9,personenauto,3,Fiets,Op Kruispunt,Gemeenteweg,binnen bebouwde kom,Tss. 2 best.: langs opzij (voor-/achterkant-flank),Geen hindernis
18139,75,Kortrijk teller 2,Kortrijk,50.81925,3.25731,1.2283227211169918,50.81229893689067,3.2708984858950467,2020,1,15,34022,Kortrijk,Normaal,Droog,Dag,met lichtgewonden,9,personenauto,3,Fiets,Op Kruispunt,Gemeenteweg,binnen bebouwde kom,Tss. 2 best.: langs opzij (voor-/achterkant-flank),Geen hindernis
18139,143,Eco Display Classic Budastraat,Kortrijk,50.83066,3.26286,2.1183056287199156,50.81229893689067,3.2708984858950467,2020,1,15,34022,Kortrijk,Normaal,Droog,Dag,met lichtgewonden,9,personenauto,3,Fiets,Op Kruispunt,Gemeenteweg,binnen bebouwde kom,Tss. 2 best.: langs opzij (voor-/achterkant-flank),Geen hindernis
18139,16,Kortrijk 1,Kortrijk,50.83332,3.27777,2.3867527106764754,50.81229893689067,3.2708984858950467,2020,1,15,34022,Kortrijk,Normaal,Droog,Dag,met lichtgewonden,9,personenauto,3,Fiets,Op Kruispunt,Gemeenteweg,binnen bebouwde kom,Tss. 2 best.: langs opzij (voor-/achterkant-flank),Geen hindernis
18139,17,Kortrijk 2,Kortrijk,50.83339,3.27773,2.3938111282461123,50.81229893689067,3.2708984858950467,2020,1,15,34022,Kortrijk,Normaal,Droog,Dag,met lichtgewonden,9,personenauto,3,Fiets,Op Kruispunt,Gemeenteweg,binnen bebouwde kom,Tss. 2 best.: langs opzij (voor-/achterkant-flank),Geen hindernis
18140,16,Kortrijk 1,Kortrijk,50.83332,3.27777,0.7550934562562877,50.82675832328612,3.2750012792236176,2020,1,6,34022,Kortrijk,Onbekend,Onbekend,Onbekend,met lichtgewonden,3,Fiets,11,een weggebruiker tegen een hindernis,Op Kruispunt,Gemeenteweg,binnen bebouwde kom,Weggebruiker tegen hindernis buiten rijbaan,Buiten de rijbaan: Andere paal
18140,17,Kortrijk 2,Kortrijk,50.83339,3.27773,0.7619056715093165,50.82675832328612,3.2750012792236176,2020,1,6,34022,Kortrijk,Onbekend,Onbekend,Onbekend,met lichtgewonden,3,Fiets,11,een weggebruiker tegen een hindernis,Op Kruispunt,Gemeenteweg,binnen bebouwde kom,Weggebruiker tegen hindernis buiten rijbaan,Buiten de rijbaan: Andere paal
18140,143,Eco Display Classic Budastraat,Kortrijk,50.83066,3.26286,0.9567646615838115,50.82675832328612,3.2750012792236176,2020,1,6,34022,Kortrijk,Onbekend,Onbekend,Onbekend,met lichtgewonden,3,Fiets,11,een weggebruiker tegen een hindernis,Op Kruispunt,Gemeenteweg,binnen bebouwde kom,Weggebruiker tegen hindernis buiten rijbaan,Buiten de rijbaan: Andere paal
18140,75,Kortrijk teller 2,Kortrijk,50.81925,3.25731,1.4971136095391133,50.82675832328612,3.2750012792236176,2020,1,6,34022,Kortrijk,Onbekend,Onbekend,Onbekend,met lichtgewonden,3,Fiets,11,een weggebruiker tegen een hindernis,Op Kruispunt,Gemeenteweg,binnen bebouwde kom,Weggebruiker tegen hindernis buiten rijbaan,Buiten de rijbaan: Andere paal
18140,74,Kortrijk teller 1,Kortrijk,50.81909,3.25728,1.5088473259729842,50.82675832328612,3.2750012792236176,2020,1,6,34022,Kortrijk,Onbekend,Onbekend,Onbekend,met lichtgewonden,3,Fiets,11,een weggebruiker tegen een hindernis,Op Kruispunt,Gemeenteweg,binnen bebouwde kom,Weggebruiker tegen hindernis buiten rijbaan,Buiten de rijbaan: Andere paal
18141,143,Eco Display Classic Budastraat,Kortrijk,50.83066,3.26286,2.250716391797156,50.84066562912142,3.2349994422616777,2020,1,10,34022,Kortrijk,Normaal,Droog,Dag,met lichtgewonden,3,Fiets,9,personenauto,Op Kruispunt,Gemeenteweg,binnen bebouwde kom,Tss. 2 best.: langs opzij (voor-/achterkant-flank),Geen hindernis
18143,143,Eco Display Classic Budastraat,Kortrijk,50.83066,3.26286,0.7964027623963991,50.83781549239829,3.2623685081308516,2020,1,14,34022,Kortrijk,Normaal,Droog,Dag,met lichtgewonden,9,personenauto,3,Fiets,Buiten Kruispunt,Gewestweg,binnen bebouwde kom,Tss. 2 best.: langs opzij (voor-/achterkant-flank),Geen hindernis
18143,17,Kortrijk 2,Kortrijk,50.83339,3.27773,1.1856964598214124,50.83781549239829,3.2623685081308516,2020,1,14,34022,Kortrijk,Normaal,Droog,Dag,met lichtgewonden,9,personenauto,3,Fiets,Buiten Kruispunt,Gewestweg,binnen bebouwde kom,Tss. 2 best.: langs opzij (voor-/achterkant-flank),Geen hindernis
18143,16,Kortrijk 1,Kortrijk,50.83332,3.27777,1.1914979344914371,50.83781549239829,3.2623685081308516,2020,1,14,34022,Kortrijk,Normaal,Droog,Dag,met lichtgewonden,9,personenauto,3,Fiets,Buiten Kruispunt,Gewestweg,binnen bebouwde kom,Tss. 2 best.: langs opzij (voor-/achterkant-flank),Geen hindernis
18143,75,Kortrijk teller 2,Kortrijk,50.81925,3.25731,2.094738408465578,50.83781549239829,3.2623685081308516,2020,1,14,34022,Kortrijk,Normaal,Droog,Dag,met lichtgewonden,9,personenauto,3,Fiets,Buiten Kruispunt,Gewestweg,binnen bebouwde kom,Tss. 2 best.: langs opzij (voor-/achterkant-flank),Geen hindernis
18143,74,Kortrijk teller 1,Kortrijk,50.81909,3.25728,2.112629518195448,50.83781549239829,3.2623685081308516,2020,1,14,34022,Kortrijk,Normaal,Droog,Dag,met lichtgewonden,9,personenauto,3,Fiets,Buiten Kruispunt,Gewestweg,binnen bebouwde kom,Tss. 2 best.: langs opzij (voor-/achterkant-flank),Geen hindernis
18144,75,Kortrijk teller 2,Kortrijk,50.81925,3.25731,0.8480679563099436,50.821473269665944,3.2688581967146413,2020,1,21,34022,Kortrijk,Normaal,Droog,"Nacht, openbare verlichting aanwezig en ontstoken",met zwaargewonden,9,personenauto,3,Fiets,Op Kruispunt,Gewestweg,binnen bebouwde kom,Tss. 2 best.: langs opzij (voor-/achterkant-flank),Geen hindernis
18144,74,Kortrijk teller 1,Kortrijk,50.81909,3.25728,0.8554287165577794,50.821473269665944,3.2688581967146413,2020,1,21,34022,Kortrijk,Normaal,Droog,"Nacht, openbare verlichting aanwezig en ontstoken",met zwaargewonden,9,personenauto,3,Fiets,Op Kruispunt,Gewestweg,binnen bebouwde kom,Tss. 2 best.: langs opzij (voor-/achterkant-flank),Geen hindernis
18144,143,Eco Display Classic Budastraat,Kortrijk,50.83066,3.26286,1.104988561477591,50.821473269665944,3.2688581967146413,2020,1,21,34022,Kortrijk,Normaal,Droog,"Nacht, openbare verlichting aanwezig en ontstoken",met zwaargewonden,9,personenauto,3,Fiets,Op Kruispunt,Gewestweg,binnen bebouwde kom,Tss. 2 best.: langs opzij (voor-/achterkant-flank),Geen hindernis
18144,16,Kortrijk 1,Kortrijk,50.83332,3.27777,1.4584481606919795,50.821473269665944,3.2688581967146413,2020,1,21,34022,Kortrijk,Normaal,Droog,"Nacht, openbare verlichting aanwezig en ontstoken",met zwaargewonden,9,personenauto,3,Fiets,Op Kruispunt,Gewestweg,binnen bebouwde kom,Tss. 2 best.: langs opzij (voor-/achterkant-flank),Geen hindernis
18144,17,Kortrijk 2,Kortrijk,50.83339,3.27773,1.4642843031092663,50.821473269665944,3.2688581967146413,2020,1,21,34022,Kortrijk,Normaal,Droog,"Nacht, openbare verlichting aanwezig en ontstoken",met zwaargewonden,9,personenauto,3,Fiets,Op Kruispunt,Gewestweg,binnen bebouwde kom,Tss. 2 best.: langs opzij (voor-/achterkant-flank),Geen hindernis
18145,84,Roeselare totem,Izegem,50.91717,3.18772,1.067272891511881,50.9126242378523,3.2011281778242995,2020,1,17,36008,Izegem,Normaal,Droog,"Nacht, openbare verlichting aanwezig en ontstoken",met lichtgewonden,9,personenauto,3,Fiets,Op Kruispunt,Gewestweg,buiten bebouwde kom,Tss. 2 best.: langs opzij (voor-/achterkant-flank),Geen hindernis
18146,17,Kortrijk 2,Kortrijk,50.83339,3.27773,1.6541760552627407,50.845984685962556,3.2651929149244197,2020,1,17,34022,Kortrijk,Normaal,"Nat, plassen","Nacht, openbare verlichting aanwezig en ontstoken",met lichtgewonden,9,personenauto,3,Fiets,Buiten Kruispunt,Gewestweg,binnen bebouwde kom,Tss. 2 best.: langs opzij (voor-/achterkant-flank),Geen hindernis
18146,16,Kortrijk 1,Kortrijk,50.83332,3.27777,1.6622619570217427,50.845984685962556,3.2651929149244197,2020,1,17,34022,Kortrijk,Normaal,"Nat, plassen","Nacht, openbare verlichting aanwezig en ontstoken",met lichtgewonden,9,personenauto,3,Fiets,Buiten Kruispunt,Gewestweg,binnen bebouwde kom,Tss. 2 best.: langs opzij (voor-/achterkant-flank),Geen hindernis
18146,143,Eco Display Classic Budastraat,Kortrijk,50.83066,3.26286,1.7118837171989298,50.845984685962556,3.2651929149244197,2020,1,17,34022,Kortrijk,Normaal,"Nat, plassen","Nacht, openbare verlichting aanwezig en ontstoken",met lichtgewonden,9,personenauto,3,Fiets,Buiten Kruispunt,Gewestweg,binnen bebouwde kom,Tss. 2 best.: langs opzij (voor-/achterkant-flank),Geen hindernis
18147,16,Kortrijk 1,Kortrijk,50.83332,3.27777,0.6680197686193137,50.828237167381744,3.2828405050590286,2020,1,15,34022,Kortrijk,Onbekend,Onbekend,Dag,met lichtgewonden,3,Fiets,9,personenauto,Op Kruispunt,Gemeenteweg,binnen bebouwde kom,Tss. 2 best.: langs opzij (voor-/achterkant-flank),Geen hindernis
18147,17,Kortrijk 2,Kortrijk,50.83339,3.27773,0.6761049775974077,50.828237167381744,3.2828405050590286,2020,1,15,34022,Kortrijk,Onbekend,Onbekend,Dag,met lichtgewonden,3,Fiets,9,personenauto,Op Kruispunt,Gemeenteweg,binnen bebouwde kom,Tss. 2 best.: langs opzij (voor-/achterkant-flank),Geen hindernis
18147,143,Eco Display Classic Budastraat,Kortrijk,50.83066,3.26286,1.4289400765980491,50.828237167381744,3.2828405050590286,2020,1,15,34022,Kortrijk,Onbekend,Onbekend,Dag,met lichtgewonden,3,Fiets,9,personenauto,Op Kruispunt,Gemeenteweg,binnen bebouwde kom,Tss. 2 best.: langs opzij (voor-/achterkant-flank),Geen hindernis
18147,75,Kortrijk teller 2,Kortrijk,50.81925,3.25731,2.0529726845415754,50.828237167381744,3.2828405050590286,2020,1,15,34022,Kortrijk,Onbekend,Onbekend,Dag,met lichtgewonden,3,Fiets,9,personenauto,Op Kruispunt,Gemeenteweg,binnen bebouwde kom,Tss. 2 best.: langs opzij (voor-/achterkant-flank),Geen hindernis
18147,74,Kortrijk teller 1,Kortrijk,50.81909,3.25728,2.0635274205715755,50.828237167381744,3.2828405050590286,2020,1,15,34022,Kortrijk,Onbekend,Onbekend,Dag,met lichtgewonden,3,Fiets,9,personenauto,Op Kruispunt,Gemeenteweg,binnen bebouwde kom,Tss. 2 best.: langs opzij (voor-/achterkant-flank),Geen hindernis
18148,75,Kortrijk teller 2,Kortrijk,50.81925,3.25731,2.0577762043303105,50.8241925634926,3.229080161777223,2020,1,12,34022,Kortrijk,Normaal,Droog,Dag,met lichtgewonden,3,Fiets,11,een weggebruiker tegen een hindernis,Buiten Kruispunt,Gewestweg,binnen bebouwde kom,Weggebruiker tegen hindernis buiten rijbaan,Andere hindernis
18148,74,Kortrijk teller 1,Kortrijk,50.81909,3.25728,2.0605763781462083,50.8241925634926,3.229080161777223,2020,1,12,34022,Kortrijk,Normaal,Droog,Dag,met lichtgewonden,3,Fiets,11,een weggebruiker tegen een hindernis,Buiten Kruispunt,Gewestweg,binnen bebouwde kom,Weggebruiker tegen hindernis buiten rijbaan,Andere hindernis
18148,143,Eco Display Classic Budastraat,Kortrijk,50.83066,3.26286,2.4791948527036753,50.8241925634926,3.229080161777223,2020,1,12,34022,Kortrijk,Normaal,Droog,Dag,met lichtgewonden,3,Fiets,11,een weggebruiker tegen een hindernis,Buiten Kruispunt,Gewestweg,binnen bebouwde kom,Weggebruiker tegen hindernis buiten rijbaan,Andere hindernis
18149,143,Eco Display Classic Budastraat,Kortrijk,50.83066,3.26286,1.095287535340756,50.83520659703765,3.2490248107778847,2020,1,7,34022,Kortrijk,Normaal,"Nat, plassen","Nacht, openbare verlichting aanwezig en ontstoken",met lichtgewonden,3,Fiets,3,Fiets,Buiten Kruispunt,Gemeenteweg,binnen bebouwde kom,Tussen 2 bestuurders: Langs achteren,Geen hindernis
18149,75,Kortrijk teller 2,Kortrijk,50.81925,3.25731,1.8672862542905757,50.83520659703765,3.2490248107778847,2020,1,7,34022,Kortrijk,Normaal,"Nat, plassen","Nacht, openbare verlichting aanwezig en ontstoken",met lichtgewonden,3,Fiets,3,Fiets,Buiten Kruispunt,Gemeenteweg,binnen bebouwde kom,Tussen 2 bestuurders: Langs achteren,Geen hindernis
18149,74,Kortrijk teller 1,Kortrijk,50.81909,3.25728,1.8835501640207264,50.83520659703765,3.2490248107778847,2020,1,7,34022,Kortrijk,Normaal,"Nat, plassen","Nacht, openbare verlichting aanwezig en ontstoken",met lichtgewonden,3,Fiets,3,Fiets,Buiten Kruispunt,Gemeenteweg,binnen bebouwde kom,Tussen 2 bestuurders: Langs achteren,Geen hindernis
18149,17,Kortrijk 2,Kortrijk,50.83339,3.27773,2.0259702169904896,50.83520659703765,3.2490248107778847,2020,1,7,34022,Kortrijk,Normaal,"Nat, plassen","Nacht, openbare verlichting aanwezig en ontstoken",met lichtgewonden,3,Fiets,3,Fiets,Buiten Kruispunt,Gemeenteweg,binnen bebouwde kom,Tussen 2 bestuurders: Langs achteren,Geen hindernis
18149,16,Kortrijk 1,Kortrijk,50.83332,3.27777,2.0295565845765715,50.83520659703765,3.2490248107778847,2020,1,7,34022,Kortrijk,Normaal,"Nat, plassen","Nacht, openbare verlichting aanwezig en ontstoken",met lichtgewonden,3,Fiets,3,Fiets,Buiten Kruispunt,Gemeenteweg,binnen bebouwde kom,Tussen 2 bestuurders: Langs achteren,Geen hindernis
18157,16,Kortrijk 1,Kortrijk,50.83332,3.27777,2.2629361302141815,50.83097544579372,3.309777202858002,2020,1,15,34013,Harelbeke,Normaal,Droog,Dag,met lichtgewonden,3,Fiets,9,personenauto,Buiten Kruispunt,Gemeenteweg,binnen bebouwde kom,Tss. 2 best.: langs opzij (voor-/achterkant-flank),Geen hindernis
18157,17,Kortrijk 2,Kortrijk,50.83339,3.27773,2.2666337779434307,50.83097544579372,3.309777202858002,2020,1,15,34013,Harelbeke,Normaal,Droog,Dag,met lichtgewonden,3,Fiets,9,personenauto,Buiten Kruispunt,Gemeenteweg,binnen bebouwde kom,Tss. 2 best.: langs opzij (voor-/achterkant-flank),Geen hindernis
18160,67,Ieper totem,Ieper,50.85018,2.85624,2.4398752910969006,50.8505511682595,2.890989760295351,2020,1,10,33011,Ieper,Normaal,Droog,Dag,met lichtgewonden,9,personenauto,3,Fiets,Op Kruispunt,Gemeenteweg,binnen bebouwde kom,Tss. 2 best.: langs opzij (voor-/achterkant-flank),Geen hindernis
18160,68,Ieper,Ieper,50.85032,2.85608,2.450889743590723,50.8505511682595,2.890989760295351,2020,1,10,33011,Ieper,Normaal,Droog,Dag,met lichtgewonden,9,personenauto,3,Fiets,Op Kruispunt,Gemeenteweg,binnen bebouwde kom,Tss. 2 best.: langs opzij (voor-/achterkant-flank),Geen hindernis
18161,67,Ieper totem,Ieper,50.85018,2.85624,1.8930068248457805,50.85025775216004,2.883204514804782,2020,1,15,33011,Ieper,Onbekend,Onbekend,Dag,met lichtgewonden,3,Fiets,10,"één bestuurder, geen hindernis",Buiten Kruispunt,Gewestweg,binnen bebouwde kom,"Eén bestuurder, geen hindernis (incl. val)",Geen hindernis
18161,68,Ieper,Ieper,50.85032,2.85608,1.9042292674137042,50.85025775216004,2.883204514804782,2020,1,15,33011,Ieper,Onbekend,Onbekend,Dag,met lichtgewonden,3,Fiets,10,"één bestuurder, geen hindernis",Buiten Kruispunt,Gewestweg,binnen bebouwde kom,"Eén bestuurder, geen hindernis (incl. val)",Geen hindernis
18163,67,Ieper totem,Ieper,50.85018,2.85624,1.596537642285644,50.84848947706138,2.8788231511582363,2020,1,20,33011,Ieper,Normaal,Droog,"Nacht, openbare verlichting aanwezig en ontstoken",met lichtgewonden,3,Fiets,9,personenauto,Buiten Kruispunt,Gemeenteweg,binnen bebouwde kom,Tussen 2 bestuurders: Frontale botsing,Geen hindernis
18163,68,Ieper,Ieper,50.85032,2.85608,1.6095847954004074,50.84848947706138,2.8788231511582363,2020,1,20,33011,Ieper,Normaal,Droog,"Nacht, openbare verlichting aanwezig en ontstoken",met lichtgewonden,3,Fiets,9,personenauto,Buiten Kruispunt,Gemeenteweg,binnen bebouwde kom,Tussen 2 bestuurders: Frontale botsing,Geen hindernis
18164,41,Maasmechelen teller 1,Maasmechelen,50.97025,5.69799,1.257842190035675,50.9742775300448,5.681202896874135,2020,1,15,73107,Maasmechelen,Normaal,Droog,Dag,met zwaargewonden,9,personenauto,3,Fiets,Op Kruispunt,Gemeenteweg,binnen bebouwde kom,Tss. 2 best.: langs opzij (voor-/achterkant-flank),Geen hindernis
18164,42,Maasmechelen teller 2,Maasmechelen,50.97043,5.6981,1.2580940662326947,50.9742775300448,5.681202896874135,2020,1,15,73107,Maasmechelen,Normaal,Droog,Dag,met zwaargewonden,9,personenauto,3,Fiets,Op Kruispunt,Gemeenteweg,binnen bebouwde kom,Tss. 2 best.: langs opzij (voor-/achterkant-flank),Geen hindernis
18165,42,Maasmechelen teller 2,Maasmechelen,50.97043,5.6981,2.106330980731706,50.98584608849458,5.7155831898493545,2020,1,15,73107,Maasmechelen,Normaal,Droog,Dag,met lichtgewonden,9,personenauto,3,Fiets,Op Kruispunt,Gemeenteweg,binnen bebouwde kom,Tss. 2 best.: langs opzij (voor-/achterkant-flank),Geen hindernis
18165,41,Maasmechelen teller 1,Maasmechelen,50.97025,5.69799,2.127103128593225,50.98584608849458,5.7155831898493545,2020,1,15,73107,Maasmechelen,Normaal,Droog,Dag,met lichtgewonden,9,personenauto,3,Fiets,Op Kruispunt,Gemeenteweg,binnen bebouwde kom,Tss. 2 best.: langs opzij (voor-/achterkant-flank),Geen hindernis
18172,124,Beveren teller 2,Beveren,51.1964712,4.2361077,2.277091815769912,51.213069222587514,4.255251869487165,2020,1,10,46003,Beveren,Normaal,Droog,Dag,met lichtgewonden,9,personenauto,3,Fiets,Buiten Kruispunt,Gemeenteweg,binnen bebouwde kom,Tss. 2 best.: langs opzij (voor-/achterkant-flank),Geen hindernis
18174,124,Beveren teller 2,Beveren,51.1964712,4.2361077,0.6111638298542978,51.20123084679886,4.231721135497196,2020,1,12,46003,Beveren,Regenval,"Nat, plassen",Dag,met lichtgewonden,3,Fiets,8,Voetganger,Buiten Kruispunt,Gewestweg,buiten bebouwde kom,Met een voetganger,Geen hindernis
18175,124,Beveren teller 2,Beveren,51.1964712,4.2361077,2.3964990793882275,51.21287598680402,4.25841736510187,2020,1,8,46003,Beveren,Regenval,"Nat, plassen","Nacht, openbare verlichting aanwezig en ontstoken",met lichtgewonden,9,personenauto,3,Fiets,Buiten Kruispunt,Gemeenteweg,binnen bebouwde kom,Tss. 2 best.: langs opzij (voor-/achterkant-flank),Geen hindernis
18178,99,Mechelen teller 1,Mechelen,51.04564,4.46882,1.3611507115234285,51.03649234599816,4.481756854399605,2020,1,18,12025,Mechelen,Normaal,"Nat, plassen","Nacht, openbare verlichting aanwezig en ontstoken",met lichtgewonden,9,personenauto,3,Fiets,Buiten Kruispunt,Gewestweg,binnen bebouwde kom,Tussen 2 bestuurders: Flank tegen flank,Geen hindernis
18178,100,Mechelen teller 2,Mechelen,51.0457,4.46883,1.365680413040744,51.03649234599816,4.481756854399605,2020,1,18,12025,Mechelen,Normaal,"Nat, plassen","Nacht, openbare verlichting aanwezig en ontstoken",met lichtgewonden,9,personenauto,3,Fiets,Buiten Kruispunt,Gewestweg,binnen bebouwde kom,Tussen 2 bestuurders: Flank tegen flank,Geen hindernis
18179,99,Mechelen teller 1,Mechelen,51.04564,4.46882,0.2491773531830932,51.043536194308004,4.470047567033322,2020,1,9,12025,Mechelen,Onbekend,Onbekend,Dag,met lichtgewonden,3,Fiets,3,Fiets,Buiten Kruispunt,Gewestweg,binnen bebouwde kom,Tussen 2 bestuurders: Langs achteren,Geen hindernis