crash_row_id,site_id,site_name,site_gemeente,site_lat,site_long,distance_km,crash_lat,crash_long,DT_YEAR_COLLISION,DT_MONTH_COLLISION,DT_TIME,CD_NIS,TX_MUNTY_COLLISION_NL,TX_WEATHER_NL,TX_ROAD_CONDITION_NL,TX_LIGHT_CONDITION_NL,TX_CLASS_ACCIDENTS_NL,CD_ROAD_USR_TYPE1,TX_ROAD_USR_TYPE1_NL,CD_ROAD_USR_TYPE2,TX_ROAD_USR_TYPE2_NL,TX_CROSSWAY_NL,CD_ROAD_TYPE_NL,TX_BUILD_UP_AREA_NL,TX_COLLISION_TYPE_NL,TX_OBSTACLES_NL
18179,100,Mechelen teller 2,Mechelen,51.0457,4.46883,0.2552171723050315,51.043536194308004,4.470047567033322,2020,1,9,12025,Mechelen,Onbekend,Onbekend,Dag,met lichtgewonden,3,Fiets,3,Fiets,Buiten Kruispunt,Gewestweg,binnen bebouwde kom,Tussen 2 bestuurders: Langs achteren,Geen hindernis
18180,99,Mechelen teller 1,Mechelen,51.04564,4.46882,0.6245073126920626,51.0444679243432,4.477556420672118,2020,1,13,12025,Mechelen,Normaal,Droog,Dag,met zwaargewonden,9,personenauto,3,Fiets,Op Kruispunt,Gewestweg,binnen bebouwde kom,Tss. 2 best.: langs opzij (voor-/achterkant-flank),Geen hindernis
18180,100,Mechelen teller 2,Mechelen,51.0457,4.46883,0.6252511334012807,51.0444679243432,4.477556420672118,2020,1,13,12025,Mechelen,Normaal,Droog,Dag,met zwaargewonden,9,personenauto,3,Fiets,Op Kruispunt,Gewestweg,binnen bebouwde kom,Tss. 2 best.: langs opzij (voor-/achterkant-flank),Geen hindernis
18182,99,Mechelen teller 1,Mechelen,51.04564,4.46882,0.5378164500576664,51.04298909167316,4.475254565231804,2020,1,12,12025,Mechelen,Normaal,Droog,Dag,met lichtgewonden,9,personenauto,3,Fiets,Buiten Kruispunt,Gemeenteweg,binnen bebouwde kom,Tss. 2 best.: langs opzij (voor-/achterkant-flank),Geen hindernis
18182,100,Mechelen teller 2,Mechelen,51.0457,4.46883,0.5409209720753217,51.04298909167316,4.475254565231804,2020,1,12,12025,Mechelen,Normaal,Droog,Dag,met lichtgewonden,9,personenauto,3,Fiets,Buiten Kruispunt,Gemeenteweg,binnen bebouwde kom,Tss. 2 best.: langs opzij (voor-/achterkant-flank),Geen hindernis
18184,99,Mechelen teller 1,Mechelen,51.04564,4.46882,2.2467548688620185,51.0269296138464,4.480950438424049,2020,1,8,12025,Mechelen,Mist (zichtbaarheid minder dan 100m),Droog,Dageraad - schemering,met lichtgewonden,3,Fiets,3,Fiets,Op Kruispunt,Gemeenteweg,binnen bebouwde kom,Tss. 2 best.: langs opzij (voor-/achterkant-flank),Geen hindernis
18184,100,Mechelen teller 2,Mechelen,51.0457,4.46883,2.252670922405693,51.0269296138464,4.480950438424049,2020,1,8,12025,Mechelen,Mist (zichtbaarheid minder dan 100m),Droog,Dageraad - schemering,met lichtgewonden,3,Fiets,3,Fiets,Op Kruispunt,Gemeenteweg,binnen bebouwde kom,Tss. 2 best.: langs opzij (voor-/achterkant-flank),Geen hindernis
18185,99,Mechelen teller 1,Mechelen,51.04564,4.46882,2.31435528760526,51.02910948453165,4.488932306496594,2020,1,16,12025,Mechelen,Onbekend,Onbekend,Dageraad - schemering,met lichtgewonden,9,personenauto,3,Fiets,Op Kruispunt,Gewestweg,binnen bebouwde kom,Tussen 2 bestuurders: Langs achteren,Geen hindernis
18185,100,Mechelen teller 2,Mechelen,51.0457,4.46883,2.319233257177282,51.02910948453165,4.488932306496594,2020,1,16,12025,Mechelen,Onbekend,Onbekend,Dageraad - schemering,met lichtgewonden,9,personenauto,3,Fiets,Op Kruispunt,Gewestweg,binnen bebouwde kom,Tussen 2 bestuurders: Langs achteren,Geen hindernis
18186,33,Lummen,Lummen,50.97978,5.20936,1.8557812193772494,50.994646764959846,5.197312255875562,2020,1,16,71037,Lummen,Normaal,Droog,Dag,met lichtgewonden,3,Fiets,9,personenauto,Op Kruispunt,Gewestweg,buiten bebouwde kom,Tss. 2 best.: langs opzij (voor-/achterkant-flank),Geen hindernis
18186,32,Lummen,Lummen,50.97971,5.20961,1.8707058336117073,50.994646764959846,5.197312255875562,2020,1,16,71037,Lummen,Normaal,Droog,Dag,met lichtgewonden,3,Fiets,9,personenauto,Op Kruispunt,Gewestweg,buiten bebouwde kom,Tss. 2 best.: langs opzij (voor-/achterkant-flank),Geen hindernis
18187,140,Hasselt ring,Hasselt,50.9300038,5.3438616,1.128153106820877,50.92440722181757,5.330435595456807,2020,1,12,71022,Hasselt,Normaal,Droog,Dag,met lichtgewonden,3,Fiets,9,personenauto,Op Kruispunt,Gemeenteweg,binnen bebouwde kom,Tss. 2 best.: langs opzij (voor-/achterkant-flank),Geen hindernis
18187,138,Hasselt-Kempische brug,Hasselt,50.9405318,5.3422472,1.9748187870152845,50.92440722181757,5.330435595456807,2020,1,12,71022,Hasselt,Normaal,Droog,Dag,met lichtgewonden,3,Fiets,9,personenauto,Op Kruispunt,Gemeenteweg,binnen bebouwde kom,Tss. 2 best.: langs opzij (voor-/achterkant-flank),Geen hindernis
18187,137,Hasselt-Kempische brug,Hasselt,50.9411605,5.3417576,2.024808883844806,50.92440722181757,5.330435595456807,2020,1,12,71022,Hasselt,Normaal,Droog,Dag,met lichtgewonden,3,Fiets,9,personenauto,Op Kruispunt,Gemeenteweg,binnen bebouwde kom,Tss. 2 best.: langs opzij (voor-/achterkant-flank),Geen hindernis
18188,140,Hasselt ring,Hasselt,50.9300038,5.3438616,1.0883154658829992,50.93092421900898,5.32840126022604,2020,1,17,71022,Hasselt,Normaal,Droog,Dag,met lichtgewonden,3,Fiets,6,Bromfiets,Buiten Kruispunt,Gemeenteweg,binnen bebouwde kom,Tss. 2 best.: langs opzij (voor-/achterkant-flank),Geen hindernis
18188,138,Hasselt-Kempische brug,Hasselt,50.9405318,5.3422472,1.4431441943718895,50.93092421900898,5.32840126022604,2020,1,17,71022,Hasselt,Normaal,Droog,Dag,met lichtgewonden,3,Fiets,6,Bromfiets,Buiten Kruispunt,Gemeenteweg,binnen bebouwde kom,Tss. 2 best.: langs opzij (voor-/achterkant-flank),Geen hindernis
18188,137,Hasselt-Kempische brug,Hasselt,50.9411605,5.3417576,1.473604697571379,50.93092421900898,5.32840126022604,2020,1,17,71022,Hasselt,Normaal,Droog,Dag,met lichtgewonden,3,Fiets,6,Bromfiets,Buiten Kruispunt,Gemeenteweg,binnen bebouwde kom,Tss. 2 best.: langs opzij (voor-/achterkant-flank),Geen hindernis
18189,140,Hasselt ring,Hasselt,50.9300038,5.3438616,0.33677561271692785,50.932762984785626,5.345843285754379,2020,1,17,71022,Hasselt,Normaal,Droog,Dag,met lichtgewonden,3,Fiets,9,personenauto,Buiten Kruispunt,Gemeenteweg,binnen bebouwde kom,Tss. 2 best.: langs opzij (voor-/achterkant-flank),Geen hindernis
18189,138,Hasselt-Kempische brug,Hasselt,50.9405318,5.3422472,0.8998552491713565,50.932762984785626,5.345843285754379,2020,1,17,71022,Hasselt,Normaal,Droog,Dag,met lichtgewonden,3,Fiets,9,personenauto,Buiten Kruispunt,Gemeenteweg,binnen bebouwde kom,Tss. 2 best.: langs opzij (voor-/achterkant-flank),Geen hindernis
18189,137,Hasselt-Kempische brug,Hasselt,50.9411605,5.3417576,0.9766645298295923,50.932762984785626,5.345843285754379,2020,1,17,71022,Hasselt,Normaal,Droog,Dag,met lichtgewonden,3,Fiets,9,personenauto,Buiten Kruispunt,Gemeenteweg,binnen bebouwde kom,Tss. 2 best.: langs opzij (voor-/achterkant-flank),Geen hindernis
18191,140,Hasselt ring,Hasselt,50.9300038,5.3438616,0.6870426076119012,50.92468982108866,5.338860059551976,2020,1,10,71022,Hasselt,Normaal,Droog,Dag,met zwaargewonden,3,Fiets,9,personenauto,Op Kruispunt,Gewestweg,binnen bebouwde kom,Tss. 2 best.: langs opzij (voor-/achterkant-flank),Geen hindernis
18191,138,Hasselt-Kempische brug,Hasselt,50.9405318,5.3422472,1.777468211906615,50.92468982108866,5.338860059551976,2020,1,10,71022,Hasselt,Normaal,Droog,Dag,met zwaargewonden,3,Fiets,9,personenauto,Op Kruispunt,Gewestweg,binnen bebouwde kom,Tss. 2 best.: langs opzij (voor-/achterkant-flank),Geen hindernis
18191,137,Hasselt-Kempische brug,Hasselt,50.9411605,5.3417576,1.8426779719304314,50.92468982108866,5.338860059551976,2020,1,10,71022,Hasselt,Normaal,Droog,Dag,met zwaargewonden,3,Fiets,9,personenauto,Op Kruispunt,Gewestweg,binnen bebouwde kom,Tss. 2 best.: langs opzij (voor-/achterkant-flank),Geen hindernis
18192,140,Hasselt ring,Hasselt,50.9300038,5.3438616,0.6258859120435332,50.92711648197415,5.33619564510444,2020,1,10,71022,Hasselt,Normaal,Droog,Dag,met lichtgewonden,9,personenauto,3,Fiets,Op Kruispunt,Gewestweg,binnen bebouwde kom,Tss. 2 best.: langs opzij (voor-/achterkant-flank),Geen hindernis
18192,138,Hasselt-Kempische brug,Hasselt,50.9405318,5.3422472,1.5508236418266392,50.92711648197415,5.33619564510444,2020,1,10,71022,Hasselt,Normaal,Droog,Dag,met lichtgewonden,9,personenauto,3,Fiets,Op Kruispunt,Gewestweg,binnen bebouwde kom,Tss. 2 best.: langs opzij (voor-/achterkant-flank),Geen hindernis
18192,137,Hasselt-Kempische brug,Hasselt,50.9411605,5.3417576,1.6095287796125732,50.92711648197415,5.33619564510444,2020,1,10,71022,Hasselt,Normaal,Droog,Dag,met lichtgewonden,9,personenauto,3,Fiets,Op Kruispunt,Gewestweg,binnen bebouwde kom,Tss. 2 best.: langs opzij (voor-/achterkant-flank),Geen hindernis
18195,12,Tervuren,Kraainem,50.81896,4.47803,2.1254821612638497,50.81931303297996,4.508280956491911,2020,1,12,24104,Tervuren,Onbekend,Onbekend,Dag,met lichtgewonden,3,Fiets,3,Fiets,Op Kruispunt,Gemeenteweg,onbekend,Tussen 2 bestuurders: Flank tegen flank,Geen hindernis
18202,111,Zaventem totem,Zaventem,50.8871216,4.4597084,2.0932647221251353,50.89797302940881,4.484095651762303,2020,2,9,23094,Zaventem,Normaal,"Nat, plassen",Dag,met lichtgewonden,9,personenauto,3,Fiets,Buiten Kruispunt,Gemeenteweg,buiten bebouwde kom,Tss. 2 best.: langs opzij (voor-/achterkant-flank),Geen hindernis
18254,2,Brasschaat 2,Brasschaat,51.27512,4.47169,1.0016660684921104,51.27019651399946,4.459631994866007,2020,2,8,11002,Antwerpen,Normaal,Droog,Dag,met lichtgewonden,9,personenauto,3,Fiets,Buiten Kruispunt,Gewestweg,buiten bebouwde kom,Tss. 2 best.: langs opzij (voor-/achterkant-flank),Geen hindernis
18254,3,Brasschaat 1,Brasschaat,51.27503,4.47222,1.0274687462169738,51.27019651399946,4.459631994866007,2020,2,8,11002,Antwerpen,Normaal,Droog,Dag,met lichtgewonden,9,personenauto,3,Fiets,Buiten Kruispunt,Gewestweg,buiten bebouwde kom,Tss. 2 best.: langs opzij (voor-/achterkant-flank),Geen hindernis
18296,104,Malle teller 2,Malle,51.31682,4.73852,1.3043353025082094,51.30513867902257,4.73680921999235,2020,2,6,11057,Malle,Onbekend,Droog,"Nacht, geen openbare verlichting aanwezig",met lichtgewonden,9,personenauto,3,Fiets,Op Kruispunt,Gewestweg,binnen bebouwde kom,Tss. 2 best.: langs opzij (voor-/achterkant-flank),Geen hindernis
18296,103,Malle teller 1,Malle,51.31681,4.73872,1.304569861197435,51.30513867902257,4.73680921999235,2020,2,6,11057,Malle,Onbekend,Droog,"Nacht, geen openbare verlichting aanwezig",met lichtgewonden,9,personenauto,3,Fiets,Op Kruispunt,Gewestweg,binnen bebouwde kom,Tss. 2 best.: langs opzij (voor-/achterkant-flank),Geen hindernis
18308,92,Nijlen teller 1,Nijlen,51.14989,4.64479,1.7037768926920034,51.15252652218854,4.668852944529069,2020,2,15,12026,Nijlen,Onbekend,Onbekend,Dag,met zwaargewonden,3,Fiets,3,Fiets,Buiten Kruispunt,Gemeenteweg,buiten bebouwde kom,Tss. 2 best.: langs opzij (voor-/achterkant-flank),Geen hindernis
18308,93,Nijlen teller 2,Nijlen,51.14998,4.64469,1.708959920825641,51.15252652218854,4.668852944529069,2020,2,15,12026,Nijlen,Onbekend,Onbekend,Dag,met zwaargewonden,3,Fiets,3,Fiets,Buiten Kruispunt,Gemeenteweg,buiten bebouwde kom,Tss. 2 best.: langs opzij (voor-/achterkant-flank),Geen hindernis
18315,97,Geel teller 1,Geel,51.14813,4.99698,1.945845505981851,51.165130641286765,5.003593897828486,2020,2,13,13008,Geel,Normaal,Droog,Dag,met zwaargewonden,4,Vrachtwagen,3,Fiets,Op Kruispunt,Gewestweg,binnen bebouwde kom,Tss. 2 best.: langs opzij (voor-/achterkant-flank),Geen hindernis
18315,98,Geel teller 2,Geel,51.1481,4.99643,1.9585185008303096,51.165130641286765,5.003593897828486,2020,2,13,13008,Geel,Normaal,Droog,Dag,met zwaargewonden,4,Vrachtwagen,3,Fiets,Op Kruispunt,Gewestweg,binnen bebouwde kom,Tss. 2 best.: langs opzij (voor-/achterkant-flank),Geen hindernis
18317,98,Geel teller 2,Geel,51.1481,4.99643,1.3230162520758808,51.15504839249075,4.981032160023342,2020,2,21,13008,Geel,Normaal,Droog,"Nacht, openbare verlichting aanwezig en ontstoken",met lichtgewonden,9,personenauto,3,Fiets,Op Kruispunt,Gewestweg,binnen bebouwde kom,Tussen 2 bestuurders: Frontale botsing,Geen hindernis
18317,97,Geel teller 1,Geel,51.14813,4.99698,1.352441492789786,51.15504839249075,4.981032160023342,2020,2,21,13008,Geel,Normaal,Droog,"Nacht, openbare verlichting aanwezig en ontstoken",met lichtgewonden,9,personenauto,3,Fiets,Op Kruispunt,Gewestweg,binnen bebouwde kom,Tussen 2 bestuurders: Frontale botsing,Geen hindernis
18318,112,Geel teller 2,Westerlo,51.1354992,4.9394789,1.6517986477078597,51.14627630369362,4.9557740886970025,2020,2,7,13008,Geel,Sneeuwval,"Nat, plassen","Nacht, openbare verlichting aanwezig en ontstoken",met lichtgewonden,9,personenauto,3,Fiets,Buiten Kruispunt,Gewestweg,buiten bebouwde kom,Tss. 2 best.: langs opzij (voor-/achterkant-flank),Geen hindernis
18318,127,Geel totem,Westerlo,51.1342966,4.9400421,1.7259945791931994,51.14627630369362,4.9557740886970025,2020,2,7,13008,Geel,Sneeuwval,"Nat, plassen","Nacht, openbare verlichting aanwezig en ontstoken",met lichtgewonden,9,personenauto,3,Fiets,Buiten Kruispunt,Gewestweg,buiten bebouwde kom,Tss. 2 best.: langs opzij (voor-/achterkant-flank),Geen hindernis
18319,98,Geel teller 2,Geel,51.1481,4.99643,2.274191269115914,51.16790877791332,4.9883141587182305,2020,2,10,13008,Geel,Normaal,Droog,Dag,met lichtgewonden,9,personenauto,3,Fiets,Buiten Kruispunt,Gewestweg,binnen bebouwde kom,Tss. 2 best.: langs opzij (voor-/achterkant-flank),Geen hindernis
18319,97,Geel teller 1,Geel,51.14813,4.99698,2.280822454853619,51.16790877791332,4.9883141587182305,2020,2,10,13008,Geel,Normaal,Droog,Dag,met lichtgewonden,9,personenauto,3,Fiets,Buiten Kruispunt,Gewestweg,binnen bebouwde kom,Tss. 2 best.: langs opzij (voor-/achterkant-flank),Geen hindernis
18327,94,Herentals teller 2,Herentals,51.17345,4.81283,2.228486948167363,51.15402650194867,4.804956237871767,2020,2,7,13012,Herenthout,Regenval,"Nat, plassen",Dag,met lichtgewonden,3,Fiets,9,personenauto,Op Kruispunt,Gemeenteweg,buiten bebouwde kom,Tss. 2 best.: langs opzij (voor-/achterkant-flank),Geen hindernis
18327,110,Herentals totem,Herentals,51.1739426,4.811783,2.2651530518085674,51.15402650194867,4.804956237871767,2020,2,7,13012,Herenthout,Regenval,"Nat, plassen",Dag,met lichtgewonden,3,Fiets,9,personenauto,Op Kruispunt,Gemeenteweg,buiten bebouwde kom,Tss. 2 best.: langs opzij (voor-/achterkant-flank),Geen hindernis
18329,94,Herentals teller 2,Herentals,51.17345,4.81283,1.4316969206141585,51.170624550609645,4.832865153858704,2020,2,16,13011,Herentals,Regenval,"Nat, plassen",Dag,met lichtgewonden,9,personenauto,3,Fiets,Buiten Kruispunt,Gemeenteweg,binnen bebouwde kom,Tss. 2 best.: langs opzij (voor-/achterkant-flank),Geen hindernis
18329,110,Herentals totem,Herentals,51.1739426,4.811783,1.5153862837536543,51.170624550609645,4.832865153858704,2020,2,16,13011,Herentals,Regenval,"Nat, plassen",Dag,met lichtgewonden,9,personenauto,3,Fiets,Buiten Kruispunt,Gemeenteweg,binnen bebouwde kom,Tss. 2 best.: langs opzij (voor-/achterkant-flank),Geen hindernis
18331,37,Lommel teller 1,Lommel,51.23299,5.29211,1.9121994121325174,51.22870574862798,5.3187069786569605,2020,2,13,72020,Lommel,Normaal,Droog,Dag,met lichtgewonden,3,Fiets,9,personenauto,Op Kruispunt,Gemeenteweg,binnen bebouwde kom,Tss. 2 best.: langs opzij (voor-/achterkant-flank),Geen hindernis
18331,38,Lommel teller 2,Lommel,51.23277,5.29189,1.9211415314255227,51.22870574862798,5.3187069786569605,2020,2,13,72020,Lommel,Normaal,Droog,Dag,met lichtgewonden,3,Fiets,9,personenauto,Op Kruispunt,Gemeenteweg,binnen bebouwde kom,Tss. 2 best.: langs opzij (voor-/achterkant-flank),Geen hindernis
18332,37,Lommel teller 1,Lommel,51.23299,5.29211,1.6284345649821645,51.22823885773115,5.314232374697532,2020,2,11,72020,Lommel,Normaal,Droog,Dag,met lichtgewonden,3,Fiets,8,Voetganger,Buiten Kruispunt,Gewestweg,binnen bebouwde kom,Met een voetganger,Geen hindernis
18332,38,Lommel teller 2,Lommel,51.23277,5.29189,1.6352331832144007,51.22823885773115,5.314232374697532,2020,2,11,72020,Lommel,Normaal,Droog,Dag,met lichtgewonden,3,Fiets,8,Voetganger,Buiten Kruispunt,Gewestweg,binnen bebouwde kom,Met een voetganger,Geen hindernis
18333,46,Pelt teller 2,Pelt,51.231,5.44375,0.5511312665138114,51.22918148219829,5.436386819587178,2020,2,16,72043,Pelt,Normaal,Droog,Dag,met lichtgewonden,9,personenauto,3,Fiets,Buiten Kruispunt,Gewestweg,binnen bebouwde kom,Tussen 2 bestuurders: Flank tegen flank,Geen hindernis
18333,45,Pelt teller 1,Pelt,51.23127,5.44377,0.5641073672101301,51.22918148219829,5.436386819587178,2020,2,16,72043,Pelt,Normaal,Droog,Dag,met lichtgewonden,9,personenauto,3,Fiets,Buiten Kruispunt,Gewestweg,binnen bebouwde kom,Tussen 2 bestuurders: Flank tegen flank,Geen hindernis
18343,77,Leuven teller 2,Leuven,50.88672,4.70796,1.151737759578448,50.88911873480424,4.6919872482435645,2020,2,12,24062,Leuven,Regenval,"Nat, plassen",Dag,met lichtgewonden,9,personenauto,3,Fiets,Op Kruispunt,Gewestweg,binnen bebouwde kom,Tss. 2 best.: langs opzij (voor-/achterkant-flank),Geen hindernis
18343,107,leuven totem,Leuven,50.8870744,4.7087919,1.2004955179397876,50.88911873480424,4.6919872482435645,2020,2,12,24062,Leuven,Regenval,"Nat, plassen",Dag,met lichtgewonden,9,personenauto,3,Fiets,Op Kruispunt,Gewestweg,binnen bebouwde kom,Tss. 2 best.: langs opzij (voor-/achterkant-flank),Geen hindernis
18343,69,Leuven teller 1,Leuven,50.87549,4.71526,2.227612040207048,50.88911873480424,4.6919872482435645,2020,2,12,24062,Leuven,Regenval,"Nat, plassen",Dag,met lichtgewonden,9,personenauto,3,Fiets,Op Kruispunt,Gewestweg,binnen bebouwde kom,Tss. 2 best.: langs opzij (voor-/achterkant-flank),Geen hindernis
18343,151,Leuven,District Leuven,50.8690262,4.6854839,2.2803024639115907,50.88911873480424,4.6919872482435645,2020,2,12,24062,Leuven,Regenval,"Nat, plassen",Dag,met lichtgewonden,9,personenauto,3,Fiets,Op Kruispunt,Gewestweg,binnen bebouwde kom,Tss. 2 best.: langs opzij (voor-/achterkant-flank),Geen hindernis
18344,151,Leuven,District Leuven,50.8690262,4.6854839,1.2123242721588052,50.87907823836852,4.692174574586883,2020,2,18,24062,Leuven,Regenval,"Nat, plassen","Nacht, openbare verlichting aanwezig en ontstoken",met lichtgewonden,3,Fiets,6,Bromfiets,Op Kruispunt,Gemeenteweg,binnen bebouwde kom,Tussen 2 bestuurders: Langs achteren,Geen hindernis
18344,77,Leuven teller 2,Leuven,50.88672,4.70796,1.39584415424316,50.87907823836852,4.692174574586883,2020,2,18,24062,Leuven,Regenval,"Nat, plassen","Nacht, openbare verlichting aanwezig en ontstoken",met lichtgewonden,3,Fiets,6,Bromfiets,Op Kruispunt,Gemeenteweg,binnen bebouwde kom,Tussen 2 bestuurders: Langs achteren,Geen hindernis
18344,107,leuven totem,Leuven,50.8870744,4.7087919,1.4661374104086782,50.87907823836852,4.692174574586883,2020,2,18,24062,Leuven,Regenval,"Nat, plassen","Nacht, openbare verlichting aanwezig en ontstoken",met lichtgewonden,3,Fiets,6,Bromfiets,Op Kruispunt,Gemeenteweg,binnen bebouwde kom,Tussen 2 bestuurders: Langs achteren,Geen hindernis
18344,69,Leuven teller 1,Leuven,50.87549,4.71526,1.6681425204546017,50.87907823836852,4.692174574586883,2020,2,18,24062,Leuven,Regenval,"Nat, plassen","Nacht, openbare verlichting aanwezig en ontstoken",met lichtgewonden,3,Fiets,6,Bromfiets,Op Kruispunt,Gemeenteweg,binnen bebouwde kom,Tussen 2 bestuurders: Langs achteren,Geen hindernis
18345,108,Heverlee teller 1,Leuven,50.8471728,4.6954674,1.3166787466147232,50.859011762432175,4.6958300930676256,2020,2,11,24062,Leuven,Normaal,Droog,Dag,met lichtgewonden,9,personenauto,3,Fiets,Buiten Kruispunt,Gewestweg,binnen bebouwde kom,Tss. 2 best.: langs opzij (voor-/achterkant-flank),Geen hindernis
18345,151,Leuven,District Leuven,50.8690262,4.6854839,1.3293799536709818,50.859011762432175,4.6958300930676256,2020,2,11,24062,Leuven,Normaal,Droog,Dag,met lichtgewonden,9,personenauto,3,Fiets,Buiten Kruispunt,Gewestweg,binnen bebouwde kom,Tss. 2 best.: langs opzij (voor-/achterkant-flank),Geen hindernis
18345,76,Heverlee teller 2,Leuven,50.84606,4.69597,1.4402037621255794,50.859011762432175,4.6958300930676256,2020,2,11,24062,Leuven,Normaal,Droog,Dag,met lichtgewonden,9,personenauto,3,Fiets,Buiten Kruispunt,Gewestweg,binnen bebouwde kom,Tss. 2 best.: langs opzij (voor-/achterkant-flank),Geen hindernis
18345,69,Leuven teller 1,Leuven,50.87549,4.71526,2.2839757092809934,50.859011762432175,4.6958300930676256,2020,2,11,24062,Leuven,Normaal,Droog,Dag,met lichtgewonden,9,personenauto,3,Fiets,Buiten Kruispunt,Gewestweg,binnen bebouwde kom,Tss. 2 best.: langs opzij (voor-/achterkant-flank),Geen hindernis
18346,151,Leuven,District Leuven,50.8690262,4.6854839,1.2016056770668118,50.879442535795334,4.690042855555656,2020,2,16,24062,Leuven,Normaal,"Nat, plassen",Dag,met zwaargewonden,4,Vrachtwagen,3,Fiets,Op Kruispunt,Gemeenteweg,binnen bebouwde kom,Tussen 2 bestuurders: Flank tegen flank,Geen hindernis
18346,77,Leuven teller 2,Leuven,50.88672,4.70796,1.4949091434692843,50.879442535795334,4.690042855555656,2020,2,16,24062,Leuven,Normaal,"Nat, plassen",Dag,met zwaargewonden,4,Vrachtwagen,3,Fiets,Op Kruispunt,Gemeenteweg,binnen bebouwde kom,Tussen 2 bestuurders: Flank tegen flank,Geen hindernis
18346,107,leuven totem,Leuven,50.8870744,4.7087919,1.56530834481056,50.879442535795334,4.690042855555656,2020,2,16,24062,Leuven,Normaal,"Nat, plassen",Dag,met zwaargewonden,4,Vrachtwagen,3,Fiets,Op Kruispunt,Gemeenteweg,binnen bebouwde kom,Tussen 2 bestuurders: Flank tegen flank,Geen hindernis
18346,69,Leuven teller 1,Leuven,50.87549,4.71526,1.8230528935352122,50.879442535795334,4.690042855555656,2020,2,16,24062,Leuven,Normaal,"Nat, plassen",Dag,met zwaargewonden,4,Vrachtwagen,3,Fiets,Op Kruispunt,Gemeenteweg,binnen bebouwde kom,Tussen 2 bestuurders: Flank tegen flank,Geen hindernis
18347,69,Leuven teller 1,Leuven,50.87549,4.71526,0.5014806003515901,50.87230384684858,4.720318147306994,2020,2,16,24062,Leuven,Normaal,Droog,Dag,met lichtgewonden,6,Bromfiets,3,Fiets,Op Kruispunt,Gewestweg,binnen bebouwde kom,Tss. 2 best.: langs opzij (voor-/achterkant-flank),Geen hindernis
18347,77,Leuven teller 2,Leuven,50.88672,4.70796,1.822461191292782,50.87230384684858,4.720318147306994,2020,2,16,24062,Leuven,Normaal,Droog,Dag,met lichtgewonden,6,Bromfiets,3,Fiets,Op Kruispunt,Gewestweg,binnen bebouwde kom,Tss. 2 best.: langs opzij (voor-/achterkant-flank),Geen hindernis
18347,107,leuven totem,Leuven,50.8870744,4.7087919,1.8306968513083617,50.87230384684858,4.720318147306994,2020,2,16,24062,Leuven,Normaal,Droog,Dag,met lichtgewonden,6,Bromfiets,3,Fiets,Op Kruispunt,Gewestweg,binnen bebouwde kom,Tss. 2 best.: langs opzij (voor-/achterkant-flank),Geen hindernis
18347,151,Leuven,District Leuven,50.8690262,4.6854839,2.4714139036877016,50.87230384684858,4.720318147306994,2020,2,16,24062,Leuven,Normaal,Droog,Dag,met lichtgewonden,6,Bromfiets,3,Fiets,Op Kruispunt,Gewestweg,binnen bebouwde kom,Tss. 2 best.: langs opzij (voor-/achterkant-flank),Geen hindernis
18348,69,Leuven teller 1,Leuven,50.87549,4.71526,0.3373898246511436,50.876518024471345,4.719784178208192,2020,2,16,24062,Leuven,Normaal,Droog,Dag,met lichtgewonden,3,Fiets,9,personenauto,Buiten Kruispunt,Gewestweg,binnen bebouwde kom,Tss. 2 best.: langs opzij (voor-/achterkant-flank),Geen hindernis
18348,107,leuven totem,Leuven,50.8870744,4.7087919,1.4044719810058401,50.876518024471345,4.719784178208192,2020,2,16,24062,Leuven,Normaal,Droog,Dag,met lichtgewonden,3,Fiets,9,personenauto,Buiten Kruispunt,Gewestweg,binnen bebouwde kom,Tss. 2 best.: langs opzij (voor-/achterkant-flank),Geen hindernis
18348,77,Leuven teller 2,Leuven,50.88672,4.70796,1.4053489849999772,50.876518024471345,4.719784178208192,2020,2,16,24062,Leuven,Normaal,Droog,Dag,met lichtgewonden,3,Fiets,9,personenauto,Buiten Kruispunt,Gewestweg,binnen bebouwde kom,Tss. 2 best.: langs opzij (voor-/achterkant-flank),Geen hindernis
18349,77,Leuven teller 2,Leuven,50.88672,4.70796,0.9698155336279636,50.88955006323812,4.694882380923772,2020,2,10,24062,Leuven,Normaal,Droog+Proper,Dag,met zwaargewonden,3,Fiets,9,personenauto,Op Kruispunt,Gewestweg,binnen bebouwde kom,Tss. 2 best.: langs opzij (voor-/achterkant-flank),Geen hindernis
18349,107,leuven totem,Leuven,50.8870744,4.7087919,1.0137812569577587,50.88955006323812,4.694882380923772,2020,2,10,24062,Leuven,Normaal,Droog+Proper,Dag,met zwaargewonden,3,Fiets,9,personenauto,Op Kruispunt,Gewestweg,binnen bebouwde kom,Tss. 2 best.: langs opzij (voor-/achterkant-flank),Geen hindernis
18349,69,Leuven teller 1,Leuven,50.87549,4.71526,2.1184744813816216,50.88955006323812,4.694882380923772,2020,2,10,24062,Leuven,Normaal,Droog+Proper,Dag,met zwaargewonden,3,Fiets,9,personenauto,Op Kruispunt,Gewestweg,binnen bebouwde kom,Tss. 2 best.: langs opzij (voor-/achterkant-flank),Geen hindernis