crash_row_id,site_id,site_name,site_gemeente,site_lat,site_long,distance_km,crash_lat,crash_long,DT_YEAR_COLLISION,DT_MONTH_COLLISION,DT_TIME,CD_NIS,TX_MUNTY_COLLISION_NL,TX_WEATHER_NL,TX_ROAD_CONDITION_NL,TX_LIGHT_CONDITION_NL,TX_CLASS_ACCIDENTS_NL,CD_ROAD_USR_TYPE1,TX_ROAD_USR_TYPE1_NL,CD_ROAD_USR_TYPE2,TX_ROAD_USR_TYPE2_NL,TX_CROSSWAY_NL,CD_ROAD_TYPE_NL,TX_BUILD_UP_AREA_NL,TX_COLLISION_TYPE_NL,TX_OBSTACLES_NL
18349,151,Leuven,District Leuven,50.8690262,4.6854839,2.375500043719076,50.88955006323812,4.694882380923772,2020,2,10,24062,Leuven,Normaal,Droog+Proper,Dag,met zwaargewonden,3,Fiets,9,personenauto,Op Kruispunt,Gewestweg,binnen bebouwde kom,Tss. 2 best.: langs opzij (voor-/achterkant-flank),Geen hindernis
18350,69,Leuven teller 1,Leuven,50.87549,4.71526,0.7011541237406597,50.870059174331566,4.710182334307032,2020,2,16,24062,Leuven,Normaal,Droog,Dag,met lichtgewonden,3,Fiets,9,personenauto,Op Kruispunt,Gewestweg,binnen bebouwde kom,Tss. 2 best.: langs opzij (voor-/achterkant-flank),Geen hindernis
18350,151,Leuven,District Leuven,50.8690262,4.6854839,1.7369851479248297,50.870059174331566,4.710182334307032,2020,2,16,24062,Leuven,Normaal,Droog,Dag,met lichtgewonden,3,Fiets,9,personenauto,Op Kruispunt,Gewestweg,binnen bebouwde kom,Tss. 2 best.: langs opzij (voor-/achterkant-flank),Geen hindernis
18350,77,Leuven teller 2,Leuven,50.88672,4.70796,1.8591490497082288,50.870059174331566,4.710182334307032,2020,2,16,24062,Leuven,Normaal,Droog,Dag,met lichtgewonden,3,Fiets,9,personenauto,Op Kruispunt,Gewestweg,binnen bebouwde kom,Tss. 2 best.: langs opzij (voor-/achterkant-flank),Geen hindernis
18350,107,leuven totem,Leuven,50.8870744,4.7087919,1.8945200556642532,50.870059174331566,4.710182334307032,2020,2,16,24062,Leuven,Normaal,Droog,Dag,met lichtgewonden,3,Fiets,9,personenauto,Op Kruispunt,Gewestweg,binnen bebouwde kom,Tss. 2 best.: langs opzij (voor-/achterkant-flank),Geen hindernis
18351,69,Leuven teller 1,Leuven,50.87549,4.71526,1.2048236699561543,50.877587336286595,4.698413052190814,2020,2,1,24062,Leuven,Normaal,Droog+Proper,"Nacht, openbare verlichting aanwezig en ontstoken",met lichtgewonden,3,Fiets,10,"één bestuurder, geen hindernis",Op Kruispunt,Gemeenteweg,binnen bebouwde kom,"Eén bestuurder, geen hindernis (incl. val)",Geen hindernis
18351,77,Leuven teller 2,Leuven,50.88672,4.70796,1.2164853431652791,50.877587336286595,4.698413052190814,2020,2,1,24062,Leuven,Normaal,Droog+Proper,"Nacht, openbare verlichting aanwezig en ontstoken",met lichtgewonden,3,Fiets,10,"één bestuurder, geen hindernis",Op Kruispunt,Gemeenteweg,binnen bebouwde kom,"Eén bestuurder, geen hindernis (incl. val)",Geen hindernis
18351,107,leuven totem,Leuven,50.8870744,4.7087919,1.2817979482226094,50.877587336286595,4.698413052190814,2020,2,1,24062,Leuven,Normaal,Droog+Proper,"Nacht, openbare verlichting aanwezig en ontstoken",met lichtgewonden,3,Fiets,10,"één bestuurder, geen hindernis",Op Kruispunt,Gemeenteweg,binnen bebouwde kom,"Eén bestuurder, geen hindernis (incl. val)",Geen hindernis
18351,151,Leuven,District Leuven,50.8690262,4.6854839,1.3150119906111541,50.877587336286595,4.698413052190814,2020,2,1,24062,Leuven,Normaal,Droog+Proper,"Nacht, openbare verlichting aanwezig en ontstoken",met lichtgewonden,3,Fiets,10,"één bestuurder, geen hindernis",Op Kruispunt,Gemeenteweg,binnen bebouwde kom,"Eén bestuurder, geen hindernis (incl. val)",Geen hindernis
18352,69,Leuven teller 1,Leuven,50.87549,4.71526,1.0007518015749404,50.86716520383955,4.709840360120963,2020,2,19,24062,Leuven,Normaal,Droog,"Nacht, openbare verlichting aanwezig en ontstoken",met lichtgewonden,3,Fiets,3,Fiets,Buiten Kruispunt,Gemeenteweg,binnen bebouwde kom,Tussen 2 bestuurders: Flank tegen flank,Geen hindernis
18352,151,Leuven,District Leuven,50.8690262,4.6854839,1.7217195790073436,50.86716520383955,4.709840360120963,2020,2,19,24062,Leuven,Normaal,Droog,"Nacht, openbare verlichting aanwezig en ontstoken",met lichtgewonden,3,Fiets,3,Fiets,Buiten Kruispunt,Gemeenteweg,binnen bebouwde kom,Tussen 2 bestuurders: Flank tegen flank,Geen hindernis
18352,77,Leuven teller 2,Leuven,50.88672,4.70796,2.178392898509927,50.86716520383955,4.709840360120963,2020,2,19,24062,Leuven,Normaal,Droog,"Nacht, openbare verlichting aanwezig en ontstoken",met lichtgewonden,3,Fiets,3,Fiets,Buiten Kruispunt,Gemeenteweg,binnen bebouwde kom,Tussen 2 bestuurders: Flank tegen flank,Geen hindernis
18352,107,leuven totem,Leuven,50.8870744,4.7087919,2.215023474368856,50.86716520383955,4.709840360120963,2020,2,19,24062,Leuven,Normaal,Droog,"Nacht, openbare verlichting aanwezig en ontstoken",met lichtgewonden,3,Fiets,3,Fiets,Buiten Kruispunt,Gemeenteweg,binnen bebouwde kom,Tussen 2 bestuurders: Flank tegen flank,Geen hindernis
18352,108,Heverlee teller 1,Leuven,50.8471728,4.6954674,2.4412688166353944,50.86716520383955,4.709840360120963,2020,2,19,24062,Leuven,Normaal,Droog,"Nacht, openbare verlichting aanwezig en ontstoken",met lichtgewonden,3,Fiets,3,Fiets,Buiten Kruispunt,Gemeenteweg,binnen bebouwde kom,Tussen 2 bestuurders: Flank tegen flank,Geen hindernis
18353,69,Leuven teller 1,Leuven,50.87549,4.71526,0.42271961499695426,50.8764597646316,4.7094345936542235,2020,2,14,24062,Leuven,Normaal,Proper,Dag,met lichtgewonden,5,Lichte vrachtauto,3,Fiets,Op Kruispunt,Gemeenteweg,binnen bebouwde kom,Tss. 2 best.: langs opzij (voor-/achterkant-flank),Geen hindernis
18353,77,Leuven teller 2,Leuven,50.88672,4.70796,1.145566789469287,50.8764597646316,4.7094345936542235,2020,2,14,24062,Leuven,Normaal,Proper,Dag,met lichtgewonden,5,Lichte vrachtauto,3,Fiets,Op Kruispunt,Gemeenteweg,binnen bebouwde kom,Tss. 2 best.: langs opzij (voor-/achterkant-flank),Geen hindernis
18353,107,leuven totem,Leuven,50.8870744,4.7087919,1.1811544995625352,50.8764597646316,4.7094345936542235,2020,2,14,24062,Leuven,Normaal,Proper,Dag,met lichtgewonden,5,Lichte vrachtauto,3,Fiets,Op Kruispunt,Gemeenteweg,binnen bebouwde kom,Tss. 2 best.: langs opzij (voor-/achterkant-flank),Geen hindernis
18353,151,Leuven,District Leuven,50.8690262,4.6854839,1.872866465627622,50.8764597646316,4.7094345936542235,2020,2,14,24062,Leuven,Normaal,Proper,Dag,met lichtgewonden,5,Lichte vrachtauto,3,Fiets,Op Kruispunt,Gemeenteweg,binnen bebouwde kom,Tss. 2 best.: langs opzij (voor-/achterkant-flank),Geen hindernis
18354,151,Leuven,District Leuven,50.8690262,4.6854839,1.7548436190923926,50.86640342286179,4.660825525368181,2020,2,16,24062,Leuven,Regenval,"Nat, plassen",Dag,met lichtgewonden,9,personenauto,3,Fiets,Buiten Kruispunt,Gewestweg,binnen bebouwde kom,Tussen 2 bestuurders: Langs achteren,Geen hindernis
18355,151,Leuven,District Leuven,50.8690262,4.6854839,0.700061915034526,50.874041169636484,4.691515351835757,2020,2,11,24062,Leuven,Normaal,Droog,Dag,met lichtgewonden,3,Fiets,3,Fiets,Op Kruispunt,Gemeenteweg,binnen bebouwde kom,Tss. 2 best.: langs opzij (voor-/achterkant-flank),Geen hindernis
18355,69,Leuven teller 1,Leuven,50.87549,4.71526,1.6738366530093753,50.874041169636484,4.691515351835757,2020,2,11,24062,Leuven,Normaal,Droog,Dag,met lichtgewonden,3,Fiets,3,Fiets,Op Kruispunt,Gemeenteweg,binnen bebouwde kom,Tss. 2 best.: langs opzij (voor-/achterkant-flank),Geen hindernis
18355,77,Leuven teller 2,Leuven,50.88672,4.70796,1.8217178621680314,50.874041169636484,4.691515351835757,2020,2,11,24062,Leuven,Normaal,Droog,Dag,met lichtgewonden,3,Fiets,3,Fiets,Op Kruispunt,Gemeenteweg,binnen bebouwde kom,Tss. 2 best.: langs opzij (voor-/achterkant-flank),Geen hindernis
18355,107,leuven totem,Leuven,50.8870744,4.7087919,1.8892829496699017,50.874041169636484,4.691515351835757,2020,2,11,24062,Leuven,Normaal,Droog,Dag,met lichtgewonden,3,Fiets,3,Fiets,Op Kruispunt,Gemeenteweg,binnen bebouwde kom,Tss. 2 best.: langs opzij (voor-/achterkant-flank),Geen hindernis
18356,69,Leuven teller 1,Leuven,50.87549,4.71526,0.6452649248251137,50.88129250517704,4.7153809343668,2020,2,19,24062,Leuven,Onbekend,Droog,"Nacht, openbare verlichting aanwezig en ontstoken",met lichtgewonden,8,Voetganger,3,Fiets,Buiten Kruispunt,Gewestweg,buiten bebouwde kom,Met een voetganger,Geen hindernis
18356,107,leuven totem,Leuven,50.8870744,4.7087919,0.7918342938639206,50.88129250517704,4.7153809343668,2020,2,19,24062,Leuven,Onbekend,Droog,"Nacht, openbare verlichting aanwezig en ontstoken",met lichtgewonden,8,Voetganger,3,Fiets,Buiten Kruispunt,Gewestweg,buiten bebouwde kom,Met een voetganger,Geen hindernis
18356,77,Leuven teller 2,Leuven,50.88672,4.70796,0.7970206604167503,50.88129250517704,4.7153809343668,2020,2,19,24062,Leuven,Onbekend,Droog,"Nacht, openbare verlichting aanwezig en ontstoken",met lichtgewonden,8,Voetganger,3,Fiets,Buiten Kruispunt,Gewestweg,buiten bebouwde kom,Met een voetganger,Geen hindernis
18357,107,leuven totem,Leuven,50.8870744,4.7087919,0.1047909955586994,50.886631351861205,4.710110382825859,2020,2,22,24062,Leuven,Onbekend,"Nat, plassen","Nacht, openbare verlichting aanwezig en ontstoken",met lichtgewonden,9,personenauto,3,Fiets,Op Kruispunt,Gewestweg,binnen bebouwde kom,Tss. 2 best.: langs opzij (voor-/achterkant-flank),Geen hindernis
18357,77,Leuven teller 2,Leuven,50.88672,4.70796,0.15116681375685964,50.886631351861205,4.710110382825859,2020,2,22,24062,Leuven,Onbekend,"Nat, plassen","Nacht, openbare verlichting aanwezig en ontstoken",met lichtgewonden,9,personenauto,3,Fiets,Op Kruispunt,Gewestweg,binnen bebouwde kom,Tss. 2 best.: langs opzij (voor-/achterkant-flank),Geen hindernis
18357,69,Leuven teller 1,Leuven,50.87549,4.71526,1.2904654414340317,50.886631351861205,4.710110382825859,2020,2,22,24062,Leuven,Onbekend,"Nat, plassen","Nacht, openbare verlichting aanwezig en ontstoken",met lichtgewonden,9,personenauto,3,Fiets,Op Kruispunt,Gewestweg,binnen bebouwde kom,Tss. 2 best.: langs opzij (voor-/achterkant-flank),Geen hindernis
18358,107,leuven totem,Leuven,50.8870744,4.7087919,0.7748002949136592,50.89350841600039,4.70455127530804,2020,2,2,24062,Leuven,Normaal,Droog,"Nacht, openbare verlichting aanwezig en ontstoken",met lichtgewonden,3,Fiets,10,"één bestuurder, geen hindernis",Buiten Kruispunt,Gemeenteweg,binnen bebouwde kom,"Eén bestuurder, geen hindernis (incl. val)",Geen hindernis
18358,77,Leuven teller 2,Leuven,50.88672,4.70796,0.7917999764517205,50.89350841600039,4.70455127530804,2020,2,2,24062,Leuven,Normaal,Droog,"Nacht, openbare verlichting aanwezig en ontstoken",met lichtgewonden,3,Fiets,10,"één bestuurder, geen hindernis",Buiten Kruispunt,Gemeenteweg,binnen bebouwde kom,"Eén bestuurder, geen hindernis (incl. val)",Geen hindernis
18358,69,Leuven teller 1,Leuven,50.87549,4.71526,2.1397631283525547,50.89350841600039,4.70455127530804,2020,2,2,24062,Leuven,Normaal,Droog,"Nacht, openbare verlichting aanwezig en ontstoken",met lichtgewonden,3,Fiets,10,"één bestuurder, geen hindernis",Buiten Kruispunt,Gemeenteweg,binnen bebouwde kom,"Eén bestuurder, geen hindernis (incl. val)",Geen hindernis
18360,72,Herent teller 1,Herent,50.89135,4.64689,0.3740721315575288,50.89459708750671,4.645495540599822,2020,2,15,24038,Herent,Normaal,Droog,Dag,met lichtgewonden,3,Fiets,9,personenauto,Buiten Kruispunt,Gemeenteweg,binnen bebouwde kom,Tussen 2 bestuurders: Frontale botsing,Geen hindernis
18360,73,Herent teller 2,Herent,50.89128,4.64685,0.38088102583634514,50.89459708750671,4.645495540599822,2020,2,15,24038,Herent,Normaal,Droog,Dag,met lichtgewonden,3,Fiets,9,personenauto,Buiten Kruispunt,Gemeenteweg,binnen bebouwde kom,Tussen 2 bestuurders: Frontale botsing,Geen hindernis
18368,85,Asse teller 1,Asse,50.89621,4.17294,2.495583559631346,50.91060020413583,4.20025047659678,2020,2,8,23002,Asse,Normaal,"Nat, plassen",Dag,met lichtgewonden,9,personenauto,3,Fiets,Buiten Kruispunt,Gemeenteweg,binnen bebouwde kom,Tss. 2 best.: langs opzij (voor-/achterkant-flank),Geen hindernis
18369,47,Vilvoorde,Vilvoorde,50.91372,4.41497,1.70743492661606,50.924633657870416,4.432104354341895,2020,2,21,23088,Vilvoorde,Normaal,"Nat, plassen","Nacht, openbare verlichting aanwezig en ontstoken",met lichtgewonden,3,Fiets,9,personenauto,Op Kruispunt,Gewestweg,binnen bebouwde kom,Tss. 2 best.: langs opzij (voor-/achterkant-flank),Geen hindernis
18369,1,Machelen,Machelen,50.91618331151478,4.456121776137429,1.928022284789639,50.924633657870416,4.432104354341895,2020,2,21,23088,Vilvoorde,Normaal,"Nat, plassen","Nacht, openbare verlichting aanwezig en ontstoken",met lichtgewonden,3,Fiets,9,personenauto,Op Kruispunt,Gewestweg,binnen bebouwde kom,Tss. 2 best.: langs opzij (voor-/achterkant-flank),Geen hindernis
18370,47,Vilvoorde,Vilvoorde,50.91372,4.41497,0.9372606683120762,50.91850874545987,4.425972409463781,2020,2,11,23088,Vilvoorde,Normaal,"Nat, plassen",Dag,met lichtgewonden,3,Fiets,8,Voetganger,Buiten Kruispunt,Gemeenteweg,binnen bebouwde kom,Met een voetganger,Geen hindernis
18370,1,Machelen,Machelen,50.91618331151478,4.456121776137429,2.129284374741569,50.91850874545987,4.425972409463781,2020,2,11,23088,Vilvoorde,Normaal,"Nat, plassen",Dag,met lichtgewonden,3,Fiets,8,Voetganger,Buiten Kruispunt,Gemeenteweg,binnen bebouwde kom,Met een voetganger,Geen hindernis
18371,47,Vilvoorde,Vilvoorde,50.91372,4.41497,1.630690978259083,50.926686118192976,4.425838868979153,2020,2,16,23088,Vilvoorde,Normaal,Droog,Dageraad - schemering,met lichtgewonden,9,personenauto,3,Fiets,Op Kruispunt,Gewestweg,binnen bebouwde kom,Tss. 2 best.: langs opzij (voor-/achterkant-flank),Geen hindernis
18371,1,Machelen,Machelen,50.91618331151478,4.456121776137429,2.422756955917018,50.926686118192976,4.425838868979153,2020,2,16,23088,Vilvoorde,Normaal,Droog,Dageraad - schemering,met lichtgewonden,9,personenauto,3,Fiets,Op Kruispunt,Gewestweg,binnen bebouwde kom,Tss. 2 best.: langs opzij (voor-/achterkant-flank),Geen hindernis
18372,1,Machelen,Machelen,50.91618331151478,4.456121776137429,1.9968220686478049,50.92787480766349,4.434498848529926,2020,2,20,23088,Vilvoorde,Regenval,"Nat, plassen","Nacht, geen openbare verlichting aanwezig",met lichtgewonden,9,personenauto,3,Fiets,Op Kruispunt,Gewestweg,binnen bebouwde kom,Tss. 2 best.: langs opzij (voor-/achterkant-flank),Geen hindernis
18372,47,Vilvoorde,Vilvoorde,50.91372,4.41497,2.0859531185060236,50.92787480766349,4.434498848529926,2020,2,20,23088,Vilvoorde,Regenval,"Nat, plassen","Nacht, geen openbare verlichting aanwezig",met lichtgewonden,9,personenauto,3,Fiets,Op Kruispunt,Gewestweg,binnen bebouwde kom,Tss. 2 best.: langs opzij (voor-/achterkant-flank),Geen hindernis
18374,119,Gent teller 2,Gent,51.0281795,3.7683918,0.19933395882587623,51.02683417738495,3.7702755574265705,2020,2,14,44021,Gent,Regenval,"Nat, plassen",Dag,met zwaargewonden,9,personenauto,3,Fiets,Buiten Kruispunt,Gewestweg,buiten bebouwde kom,Tss. 2 best.: langs opzij (voor-/achterkant-flank),Geen hindernis
18374,118,Gent teller 1,Gent,51.028049,3.7681359,0.20159099280380421,51.02683417738495,3.7702755574265705,2020,2,14,44021,Gent,Regenval,"Nat, plassen",Dag,met zwaargewonden,9,personenauto,3,Fiets,Buiten Kruispunt,Gewestweg,buiten bebouwde kom,Tss. 2 best.: langs opzij (voor-/achterkant-flank),Geen hindernis
18376,13,Gent,Gent,51.03018,3.70146,1.6251258810716396,51.043367025808074,3.7114804756016126,2020,2,11,44021,Gent,Normaal,Droog,Dag,met lichtgewonden,9,personenauto,3,Fiets,Op Kruispunt,Gewestweg,binnen bebouwde kom,Tss. 2 best.: langs opzij (voor-/achterkant-flank),Geen hindernis
18379,13,Gent,Gent,51.03018,3.70146,1.381510442412383,51.03322402251824,3.7206136547736577,2020,2,18,44021,Gent,Normaal,Droog,"Nacht, openbare verlichting aanwezig en ontstoken",met lichtgewonden,9,personenauto,3,Fiets,Op Kruispunt,Gewestweg,binnen bebouwde kom,Tss. 2 best.: langs opzij (voor-/achterkant-flank),Geen hindernis
18382,119,Gent teller 2,Gent,51.0281795,3.7683918,1.354657599656657,51.03919103631153,3.760103831702857,2020,2,17,44021,Gent,Onbekend,Onbekend,Onbekend,met lichtgewonden,9,personenauto,3,Fiets,Op Kruispunt,Gemeenteweg,binnen bebouwde kom,Tss. 2 best.: langs opzij (voor-/achterkant-flank),Geen hindernis
18382,118,Gent teller 1,Gent,51.028049,3.7681359,1.3603025318930222,51.03919103631153,3.760103831702857,2020,2,17,44021,Gent,Onbekend,Onbekend,Onbekend,met lichtgewonden,9,personenauto,3,Fiets,Op Kruispunt,Gemeenteweg,binnen bebouwde kom,Tss. 2 best.: langs opzij (voor-/achterkant-flank),Geen hindernis
18384,13,Gent,Gent,51.03018,3.70146,1.7113149869708413,51.02007447832591,3.683005269798281,2020,2,10,44021,Gent,Normaal,Droog,Dag,met zwaargewonden,9,personenauto,3,Fiets,Op Kruispunt,Gewestweg,buiten bebouwde kom,Tussen 2 bestuurders: Frontale botsing,Geen hindernis
18385,13,Gent,Gent,51.03018,3.70146,1.013234961514304,51.02737627630918,3.7152456090673738,2020,2,7,44021,Gent,Normaal,Onbekend,Dag,met lichtgewonden,9,personenauto,3,Fiets,Op Kruispunt,Gewestweg,binnen bebouwde kom,Tss. 2 best.: langs opzij (voor-/achterkant-flank),Geen hindernis
18386,13,Gent,Gent,51.03018,3.70146,1.9717936040099584,51.038643088223786,3.7262398744167697,2020,2,8,44021,Gent,Regenval,"Nat, plassen",Dageraad - schemering,met lichtgewonden,3,Fiets,3,Fiets,Op Kruispunt,Gewestweg,binnen bebouwde kom,Tussen 2 bestuurders: Flank tegen flank,Geen hindernis
18387,13,Gent,Gent,51.03018,3.70146,2.466223448055426,51.05174354157563,3.709713982552285,2020,2,13,44021,Gent,Normaal,Droog,Dag,met lichtgewonden,9,personenauto,3,Fiets,Buiten Kruispunt,Gemeenteweg,binnen bebouwde kom,Tss. 2 best.: langs opzij (voor-/achterkant-flank),Geen hindernis
18389,118,Gent teller 1,Gent,51.028049,3.7681359,2.0658390521110293,51.03707407836702,3.7423135085061223,2020,2,21,44021,Gent,Normaal,Onbekend,Onbekend,met lichtgewonden,3,Fiets,9,personenauto,Buiten Kruispunt,Gemeenteweg,binnen bebouwde kom,Tussen 2 bestuurders: Flank tegen flank,Geen hindernis
18389,119,Gent teller 2,Gent,51.0281795,3.7683918,2.0745391491590266,51.03707407836702,3.7423135085061223,2020,2,21,44021,Gent,Normaal,Onbekend,Onbekend,met lichtgewonden,3,Fiets,9,personenauto,Buiten Kruispunt,Gemeenteweg,binnen bebouwde kom,Tussen 2 bestuurders: Flank tegen flank,Geen hindernis
18393,136,Gent R4,Gent,51.0876313,3.7587918,1.7296841977738995,51.098651513369624,3.776271824931022,2020,2,6,44021,Gent,Normaal,Droog,Dageraad - schemering,met lichtgewonden,3,Fiets,2,Andere weggebruiker,Op Kruispunt,Gemeenteweg,binnen bebouwde kom,Tss. 2 best.: langs opzij (voor-/achterkant-flank),Geen hindernis
18403,118,Gent teller 1,Gent,51.028049,3.7681359,2.2807683863398167,51.01039365477858,3.7515385970853736,2020,2,8,44043,Merelbeke,Normaal,Droog,Dageraad - schemering,met lichtgewonden,9,personenauto,3,Fiets,Op Kruispunt,Gewestweg,binnen bebouwde kom,Tss. 2 best.: langs opzij (voor-/achterkant-flank),Geen hindernis
18403,119,Gent teller 2,Gent,51.0281795,3.7683918,2.3023831804216424,51.01039365477858,3.7515385970853736,2020,2,8,44043,Merelbeke,Normaal,Droog,Dageraad - schemering,met lichtgewonden,9,personenauto,3,Fiets,Op Kruispunt,Gewestweg,binnen bebouwde kom,Tss. 2 best.: langs opzij (voor-/achterkant-flank),Geen hindernis
18409,7,Evergem 1,Evergem,51.1089,3.70317,0.1440118841298681,51.107624881776815,3.7035312216497185,2020,2,7,44019,Evergem,Normaal,Droog,Dag,met lichtgewonden,3,Fiets,9,personenauto,Buiten Kruispunt,Gemeenteweg,binnen bebouwde kom,Tussen 2 bestuurders: Frontale botsing,Geen hindernis
18409,6,Evergem 2,Evergem,51.10894,3.70298,0.15121327064918383,51.107624881776815,3.7035312216497185,2020,2,7,44019,Evergem,Normaal,Droog,Dag,met lichtgewonden,3,Fiets,9,personenauto,Buiten Kruispunt,Gemeenteweg,binnen bebouwde kom,Tussen 2 bestuurders: Frontale botsing,Geen hindernis
18410,115,Aalter,Aalter,51.1058367,3.4350591,0.5483192715081459,51.107676254405305,3.4423459197178046,2020,2,14,44084,Aalter,Normaal,Droog,Dag,met lichtgewonden,3,Fiets,5,Lichte vrachtauto,Buiten Kruispunt,Gemeenteweg,buiten bebouwde kom,Tss. 2 best.: langs opzij (voor-/achterkant-flank),Geen hindernis
18429,126,Hamme totem,Hamme,51.1017709,4.1469307,2.169845558878746,51.11046411124961,4.174755359671467,2020,3,14,46025,Temse,Normaal,Droog,Dag,met lichtgewonden,3,Fiets,11,een weggebruiker tegen een hindernis,Buiten Kruispunt,Gemeenteweg,binnen bebouwde kom,Weggebruiker tegen hindernis op de rijbaan,"Op de rijbaan: Werken (signal., aarde, toestel,…)"
18432,128,Lokeren teller 1,Lokeren,51.09644,3.97023,1.6511098052173807,51.10406122439784,3.9905239155080245,2020,2,8,46014,Lokeren,Normaal,Droog,Dageraad - schemering,met lichtgewonden,3,Fiets,9,personenauto,Op Kruispunt,Gemeenteweg,binnen bebouwde kom,Tss. 2 best.: langs opzij (voor-/achterkant-flank),Geen hindernis
18432,129,Lokeren teller 2,Lokeren,51.09612,3.97025,1.6684710454655842,51.10406122439784,3.9905239155080245,2020,2,8,46014,Lokeren,Normaal,Droog,Dageraad - schemering,met lichtgewonden,3,Fiets,9,personenauto,Op Kruispunt,Gemeenteweg,binnen bebouwde kom,Tss. 2 best.: langs opzij (voor-/achterkant-flank),Geen hindernis
18432,141,Test site A support,Lokeren,51.08342085,3.9961071208376326,2.3279893335852035,51.10406122439784,3.9905239155080245,2020,2,8,46014,Lokeren,Normaal,Droog,Dageraad - schemering,met lichtgewonden,3,Fiets,9,personenauto,Op Kruispunt,Gemeenteweg,binnen bebouwde kom,Tss. 2 best.: langs opzij (voor-/achterkant-flank),Geen hindernis
18433,128,Lokeren teller 1,Lokeren,51.09644,3.97023,1.163912233720674,51.10534980796198,3.9614814949118236,2020,1,16,46014,Lokeren,Onbekend,Onbekend,Dag,met lichtgewonden,3,Fiets,11,een weggebruiker tegen een hindernis,Op Kruispunt,Gemeenteweg,onbekend,Weggebruiker tegen hindernis buiten rijbaan,Buiten de rijbaan: Andere paal
18433,129,Lokeren teller 2,Lokeren,51.09612,3.97025,1.1950620115213908,51.10534980796198,3.9614814949118236,2020,1,16,46014,Lokeren,Onbekend,Onbekend,Dag,met lichtgewonden,3,Fiets,11,een weggebruiker tegen een hindernis,Op Kruispunt,Gemeenteweg,onbekend,Weggebruiker tegen hindernis buiten rijbaan,Buiten de rijbaan: Andere paal
18435,128,Lokeren teller 1,Lokeren,51.09644,3.97023,1.0978041876540259,51.10603364319896,3.966517749766779,2020,2,16,46014,Lokeren,Normaal,Droog,Dag,met lichtgewonden,9,personenauto,3,Fiets,Op Kruispunt,Gemeenteweg,binnen bebouwde kom,Tss. 2 best.: langs opzij (voor-/achterkant-flank),Geen hindernis
18435,129,Lokeren teller 2,Lokeren,51.09612,3.97025,1.132732335932183,51.10603364319896,3.966517749766779,2020,2,16,46014,Lokeren,Normaal,Droog,Dag,met lichtgewonden,9,personenauto,3,Fiets,Op Kruispunt,Gemeenteweg,binnen bebouwde kom,Tss. 2 best.: langs opzij (voor-/achterkant-flank),Geen hindernis
18436,128,Lokeren teller 1,Lokeren,51.09644,3.97023,2.408559436954304,51.11174113608099,3.9946471288861325,2020,2,15,46014,Lokeren,Normaal,Droog,Dag,met lichtgewonden,3,Fiets,9,personenauto,Buiten Kruispunt,Gemeenteweg,binnen bebouwde kom,Tussen 2 bestuurders: Langs achteren,Geen hindernis
18436,129,Lokeren teller 2,Lokeren,51.09612,3.97025,2.4328513797960096,51.11174113608099,3.9946471288861325,2020,2,15,46014,Lokeren,Normaal,Droog,Dag,met lichtgewonden,3,Fiets,9,personenauto,Buiten Kruispunt,Gemeenteweg,binnen bebouwde kom,Tussen 2 bestuurders: Langs achteren,Geen hindernis
18437,126,Hamme totem,Hamme,51.1017709,4.1469307,0.6865462968634113,51.100819432439046,4.137215673196374,2020,2,13,42008,Hamme,"Andere (dikke rook,...)",Droog,Dag,met lichtgewonden,9,personenauto,3,Fiets,Buiten Kruispunt,Gemeenteweg,binnen bebouwde kom,Tussen 2 bestuurders: Langs achteren,Geen hindernis
18438,126,Hamme totem,Hamme,51.1017709,4.1469307,2.2053764762946293,51.082221959706665,4.14160136830874,2020,2,8,42008,Hamme,Regenval,"Nat, plassen",Dag,met lichtgewonden,6,Bromfiets,3,Fiets,Op Kruispunt,Gewestweg,buiten bebouwde kom,Tussen 2 bestuurders: Frontale botsing,Geen hindernis
18439,120,Zele teller 1,Zele,51.0607671,4.0547741,2.1122661474264253,51.077777585852864,4.041318226957397,2020,2,19,42028,Zele,Onbekend,Droog,"Nacht, openbare verlichting aanwezig en ontstoken",met lichtgewonden,3,Fiets,6,Bromfiets,Op Kruispunt,Gemeenteweg,binnen bebouwde kom,Tussen 2 bestuurders: Frontale botsing,Geen hindernis
18439,121,Zele teller 2,Zele,51.0604067,4.0556696,2.1763401149230495,51.077777585852864,4.041318226957397,2020,2,19,42028,Zele,Onbekend,Droog,"Nacht, openbare verlichting aanwezig en ontstoken",met lichtgewonden,3,Fiets,6,Bromfiets,Op Kruispunt,Gemeenteweg,binnen bebouwde kom,Tussen 2 bestuurders: Frontale botsing,Geen hindernis
18441,120,Zele teller 1,Zele,51.0607671,4.0547741,1.422592047329602,51.068043503913174,4.038029738820652,2020,2,13,42028,Zele,Normaal,Droog,Dag,met lichtgewonden,3,Fiets,9,personenauto,Op Kruispunt,Gewestweg,binnen bebouwde kom,Tussen 2 bestuurders: Flank tegen flank,Geen hindernis