crash_row_id,site_id,site_name,site_gemeente,site_lat,site_long,distance_km,crash_lat,crash_long,DT_YEAR_COLLISION,DT_MONTH_COLLISION,DT_TIME,CD_NIS,TX_MUNTY_COLLISION_NL,TX_WEATHER_NL,TX_ROAD_CONDITION_NL,TX_LIGHT_CONDITION_NL,TX_CLASS_ACCIDENTS_NL,CD_ROAD_USR_TYPE1,TX_ROAD_USR_TYPE1_NL,CD_ROAD_USR_TYPE2,TX_ROAD_USR_TYPE2_NL,TX_CROSSWAY_NL,CD_ROAD_TYPE_NL,TX_BUILD_UP_AREA_NL,TX_COLLISION_TYPE_NL,TX_OBSTACLES_NL
18441,121,Zele teller 2,Zele,51.0604067,4.0556696,1.4968614848088526,51.068043503913174,4.038029738820652,2020,2,13,42028,Zele,Normaal,Droog,Dag,met lichtgewonden,3,Fiets,9,personenauto,Op Kruispunt,Gewestweg,binnen bebouwde kom,Tussen 2 bestuurders: Flank tegen flank,Geen hindernis
18442,152,Opwijk,District Vilvoorde-gewestwegen,50.968901168564656,4.149169474840164,1.2483389938812999,50.97542746721192,4.134662921845433,2020,2,9,42011,Lebbeke,Normaal,"Nat, plassen",Dag,met lichtgewonden,3,Fiets,10,"één bestuurder, geen hindernis",Buiten Kruispunt,Gemeenteweg,binnen bebouwde kom,"Eén bestuurder, geen hindernis (incl. val)",Geen hindernis
18443,116,Melle teller 2,Melle,50.9986113,3.8040599,1.9443347670927118,50.991775840888195,3.829631544570619,2020,2,8,42025,Wetteren,Onbekend,Onbekend,Onbekend,met lichtgewonden,3,Fiets,10,"één bestuurder, geen hindernis",Op Kruispunt,Gewestweg,binnen bebouwde kom,"Eén bestuurder, geen hindernis (incl. val)",Geen hindernis
18443,117,Melle teller 1,Melle,50.9986113,3.8040599,1.9443347670927118,50.991775840888195,3.829631544570619,2020,2,8,42025,Wetteren,Onbekend,Onbekend,Onbekend,met lichtgewonden,3,Fiets,10,"één bestuurder, geen hindernis",Op Kruispunt,Gewestweg,binnen bebouwde kom,"Eén bestuurder, geen hindernis (incl. val)",Geen hindernis
18449,10,Aalst 2,Aalst,50.93549,4.01571,1.2325416362196724,50.94169860360635,4.03028197809583,2020,2,16,41002,Aalst,Regenval,Onbekend,Dag,met lichtgewonden,3,Fiets,9,personenauto,Op Kruispunt,Gemeenteweg,binnen bebouwde kom,Tss. 2 best.: langs opzij (voor-/achterkant-flank),Geen hindernis
18449,11,Aalst 3,Aalst,50.93385,4.01647,1.3031975104949292,50.94169860360635,4.03028197809583,2020,2,16,41002,Aalst,Regenval,Onbekend,Dag,met lichtgewonden,3,Fiets,9,personenauto,Op Kruispunt,Gemeenteweg,binnen bebouwde kom,Tss. 2 best.: langs opzij (voor-/achterkant-flank),Geen hindernis
18449,19,Aalst 1,Aalst,50.93433,4.01471,1.364522329236751,50.94169860360635,4.03028197809583,2020,2,16,41002,Aalst,Regenval,Onbekend,Dag,met lichtgewonden,3,Fiets,9,personenauto,Op Kruispunt,Gemeenteweg,binnen bebouwde kom,Tss. 2 best.: langs opzij (voor-/achterkant-flank),Geen hindernis
18450,10,Aalst 2,Aalst,50.93549,4.01571,1.757990928924377,50.939930396206115,4.039788808236011,2020,2,15,41002,Aalst,Normaal,Droog,Dag,met lichtgewonden,9,personenauto,3,Fiets,Op Kruispunt,Gemeenteweg,binnen bebouwde kom,Tss. 2 best.: langs opzij (voor-/achterkant-flank),Geen hindernis
18450,11,Aalst 3,Aalst,50.93385,4.01647,1.7683590297053036,50.939930396206115,4.039788808236011,2020,2,15,41002,Aalst,Normaal,Droog,Dag,met lichtgewonden,9,personenauto,3,Fiets,Op Kruispunt,Gemeenteweg,binnen bebouwde kom,Tss. 2 best.: langs opzij (voor-/achterkant-flank),Geen hindernis
18450,19,Aalst 1,Aalst,50.93433,4.01471,1.8643986638435892,50.939930396206115,4.039788808236011,2020,2,15,41002,Aalst,Normaal,Droog,Dag,met lichtgewonden,9,personenauto,3,Fiets,Op Kruispunt,Gemeenteweg,binnen bebouwde kom,Tss. 2 best.: langs opzij (voor-/achterkant-flank),Geen hindernis
18452,10,Aalst 2,Aalst,50.93549,4.01571,2.094862240938223,50.94903284206214,4.036494793903335,2020,2,17,41002,Aalst,Regenval,"Nat, plassen",Dag,met lichtgewonden,9,personenauto,3,Fiets,Buiten Kruispunt,Gemeenteweg,binnen bebouwde kom,Tss. 2 best.: langs opzij (voor-/achterkant-flank),Geen hindernis
18452,11,Aalst 3,Aalst,50.93385,4.01647,2.1951645307998366,50.94903284206214,4.036494793903335,2020,2,17,41002,Aalst,Regenval,"Nat, plassen",Dag,met lichtgewonden,9,personenauto,3,Fiets,Buiten Kruispunt,Gemeenteweg,binnen bebouwde kom,Tss. 2 best.: langs opzij (voor-/achterkant-flank),Geen hindernis
18452,19,Aalst 1,Aalst,50.93433,4.01471,2.2366485571403025,50.94903284206214,4.036494793903335,2020,2,17,41002,Aalst,Regenval,"Nat, plassen",Dag,met lichtgewonden,9,personenauto,3,Fiets,Buiten Kruispunt,Gemeenteweg,binnen bebouwde kom,Tss. 2 best.: langs opzij (voor-/achterkant-flank),Geen hindernis
18454,10,Aalst 2,Aalst,50.93549,4.01571,0.8943759402327688,50.94096145150996,4.006354242803988,2020,2,13,41002,Aalst,Normaal,Droog,Dag,met lichtgewonden,3,Fiets,9,personenauto,Buiten Kruispunt,Gewestweg,buiten bebouwde kom,Tss. 2 best.: langs opzij (voor-/achterkant-flank),Geen hindernis
18454,19,Aalst 1,Aalst,50.93433,4.01471,0.9415641285796011,50.94096145150996,4.006354242803988,2020,2,13,41002,Aalst,Normaal,Droog,Dag,met lichtgewonden,3,Fiets,9,personenauto,Buiten Kruispunt,Gewestweg,buiten bebouwde kom,Tss. 2 best.: langs opzij (voor-/achterkant-flank),Geen hindernis
18454,11,Aalst 3,Aalst,50.93385,4.01647,1.061947862851136,50.94096145150996,4.006354242803988,2020,2,13,41002,Aalst,Normaal,Droog,Dag,met lichtgewonden,3,Fiets,9,personenauto,Buiten Kruispunt,Gewestweg,buiten bebouwde kom,Tss. 2 best.: langs opzij (voor-/achterkant-flank),Geen hindernis
18455,11,Aalst 3,Aalst,50.93385,4.01647,1.7632767188544896,50.930129463784404,4.040928667199792,2020,2,18,41002,Aalst,Regenval,"Nat, plassen","Nacht, openbare verlichting aanwezig en ontstoken",met lichtgewonden,9,personenauto,3,Fiets,Op Kruispunt,Gewestweg,binnen bebouwde kom,Tss. 2 best.: langs opzij (voor-/achterkant-flank),Geen hindernis
18455,10,Aalst 2,Aalst,50.93549,4.01571,1.8650994730012123,50.930129463784404,4.040928667199792,2020,2,18,41002,Aalst,Regenval,"Nat, plassen","Nacht, openbare verlichting aanwezig en ontstoken",met lichtgewonden,9,personenauto,3,Fiets,Op Kruispunt,Gewestweg,binnen bebouwde kom,Tss. 2 best.: langs opzij (voor-/achterkant-flank),Geen hindernis
18455,19,Aalst 1,Aalst,50.93433,4.01471,1.895826552985655,50.930129463784404,4.040928667199792,2020,2,18,41002,Aalst,Regenval,"Nat, plassen","Nacht, openbare verlichting aanwezig en ontstoken",met lichtgewonden,9,personenauto,3,Fiets,Op Kruispunt,Gewestweg,binnen bebouwde kom,Tss. 2 best.: langs opzij (voor-/achterkant-flank),Geen hindernis
18456,10,Aalst 2,Aalst,50.93549,4.01571,1.2903370396695266,50.939008046282474,4.03325785031508,2020,2,12,41002,Aalst,Normaal,Droog,Dag,met lichtgewonden,3,Fiets,9,personenauto,Op Kruispunt,Gemeenteweg,binnen bebouwde kom,Tss. 2 best.: langs opzij (voor-/achterkant-flank),Geen hindernis
18456,11,Aalst 3,Aalst,50.93385,4.01647,1.308747101566968,50.939008046282474,4.03325785031508,2020,2,12,41002,Aalst,Normaal,Droog,Dag,met lichtgewonden,3,Fiets,9,personenauto,Op Kruispunt,Gemeenteweg,binnen bebouwde kom,Tss. 2 best.: langs opzij (voor-/achterkant-flank),Geen hindernis
18456,19,Aalst 1,Aalst,50.93433,4.01471,1.399927580214669,50.939008046282474,4.03325785031508,2020,2,12,41002,Aalst,Normaal,Droog,Dag,met lichtgewonden,3,Fiets,9,personenauto,Op Kruispunt,Gemeenteweg,binnen bebouwde kom,Tss. 2 best.: langs opzij (voor-/achterkant-flank),Geen hindernis
18457,10,Aalst 2,Aalst,50.93549,4.01571,2.002189387841809,50.942693525243456,4.041898230569848,2020,2,7,41002,Aalst,Normaal,Droog,Dageraad - schemering,met lichtgewonden,6,Bromfiets,3,Fiets,Buiten Kruispunt,Gemeenteweg,binnen bebouwde kom,Tussen 2 bestuurders: Langs achteren,Geen hindernis
18457,11,Aalst 3,Aalst,50.93385,4.01647,2.035109027808468,50.942693525243456,4.041898230569848,2020,2,7,41002,Aalst,Normaal,Droog,Dageraad - schemering,met lichtgewonden,6,Bromfiets,3,Fiets,Buiten Kruispunt,Gemeenteweg,binnen bebouwde kom,Tussen 2 bestuurders: Langs achteren,Geen hindernis
18457,19,Aalst 1,Aalst,50.93433,4.01471,2.119949489080661,50.942693525243456,4.041898230569848,2020,2,7,41002,Aalst,Normaal,Droog,Dageraad - schemering,met lichtgewonden,6,Bromfiets,3,Fiets,Buiten Kruispunt,Gemeenteweg,binnen bebouwde kom,Tussen 2 bestuurders: Langs achteren,Geen hindernis
18458,11,Aalst 3,Aalst,50.93385,4.01647,2.1031416116388404,50.93471970536618,4.04645042149161,2020,2,6,41002,Aalst,Onbekend,Droog,"Nacht, openbare verlichting aanwezig en ontstoken",met lichtgewonden,7,Motorfiets,3,Fiets,Op Kruispunt,Gewestweg,binnen bebouwde kom,Tss. 2 best.: langs opzij (voor-/achterkant-flank),Geen hindernis
18458,10,Aalst 2,Aalst,50.93549,4.01571,2.1558392430381135,50.93471970536618,4.04645042149161,2020,2,6,41002,Aalst,Onbekend,Droog,"Nacht, openbare verlichting aanwezig en ontstoken",met lichtgewonden,7,Motorfiets,3,Fiets,Op Kruispunt,Gewestweg,binnen bebouwde kom,Tss. 2 best.: langs opzij (voor-/achterkant-flank),Geen hindernis
18458,19,Aalst 1,Aalst,50.93433,4.01471,2.2246619296981276,50.93471970536618,4.04645042149161,2020,2,6,41002,Aalst,Onbekend,Droog,"Nacht, openbare verlichting aanwezig en ontstoken",met lichtgewonden,7,Motorfiets,3,Fiets,Op Kruispunt,Gewestweg,binnen bebouwde kom,Tss. 2 best.: langs opzij (voor-/achterkant-flank),Geen hindernis
18459,10,Aalst 2,Aalst,50.93549,4.01571,1.7573011915697128,50.93910793044169,4.040122590349001,2020,2,20,41002,Aalst,Normaal,"Nat, plassen","Nacht, openbare verlichting aanwezig en ontstoken",met lichtgewonden,6,Bromfiets,3,Fiets,Buiten Kruispunt,Gemeenteweg,binnen bebouwde kom,Tussen 2 bestuurders: Frontale botsing,Geen hindernis
18459,11,Aalst 3,Aalst,50.93385,4.01647,1.757504610776197,50.93910793044169,4.040122590349001,2020,2,20,41002,Aalst,Normaal,"Nat, plassen","Nacht, openbare verlichting aanwezig en ontstoken",met lichtgewonden,6,Bromfiets,3,Fiets,Buiten Kruispunt,Gemeenteweg,binnen bebouwde kom,Tussen 2 bestuurders: Frontale botsing,Geen hindernis
18459,19,Aalst 1,Aalst,50.93433,4.01471,1.858292027890714,50.93910793044169,4.040122590349001,2020,2,20,41002,Aalst,Normaal,"Nat, plassen","Nacht, openbare verlichting aanwezig en ontstoken",met lichtgewonden,6,Bromfiets,3,Fiets,Buiten Kruispunt,Gemeenteweg,binnen bebouwde kom,Tussen 2 bestuurders: Frontale botsing,Geen hindernis
18467,125,Dendermonde totem,Dendermonde,51.0372706,4.1025998,0.6533961422277966,51.03289030099231,4.108828487845802,2020,2,20,42006,Dendermonde,Regenval,"Nat, plassen","Nacht, openbare verlichting aanwezig en ontstoken",met lichtgewonden,9,personenauto,3,Fiets,Op Kruispunt,Gewestweg,buiten bebouwde kom,Tss. 2 best.: langs opzij (voor-/achterkant-flank),Geen hindernis
18467,122,Dendermonde teller 2,Dendermonde,51.0373918,4.1019222,0.6955233863418621,51.03289030099231,4.108828487845802,2020,2,20,42006,Dendermonde,Regenval,"Nat, plassen","Nacht, openbare verlichting aanwezig en ontstoken",met lichtgewonden,9,personenauto,3,Fiets,Op Kruispunt,Gewestweg,buiten bebouwde kom,Tss. 2 best.: langs opzij (voor-/achterkant-flank),Geen hindernis
18470,142,TEST Validatie BRUGGE Y2H22022134,Brugge,51.22632,3.24095,2.1424589089302617,51.21424419249074,3.2649212001026595,2020,2,11,31005,Brugge,Normaal,Droog,Dag,met lichtgewonden,9,personenauto,3,Fiets,Op Kruispunt,Gemeenteweg,binnen bebouwde kom,Tss. 2 best.: langs opzij (voor-/achterkant-flank),Geen hindernis
18470,52,Brugge,Brugge,51.22632,3.24095,2.1424589089302617,51.21424419249074,3.2649212001026595,2020,2,11,31005,Brugge,Normaal,Droog,Dag,met lichtgewonden,9,personenauto,3,Fiets,Op Kruispunt,Gemeenteweg,binnen bebouwde kom,Tss. 2 best.: langs opzij (voor-/achterkant-flank),Geen hindernis
18472,20,Brugge,Brugge,51.17416,3.20048,1.248386865698694,51.181904708112164,3.2134454233052336,2020,2,18,31005,Brugge,Normaal,Droog,"Nacht, openbare verlichting aanwezig en ontstoken",met lichtgewonden,9,personenauto,3,Fiets,Buiten Kruispunt,Gemeenteweg,binnen bebouwde kom,Tussen 2 bestuurders: Frontale botsing,Geen hindernis
18474,20,Brugge,Brugge,51.17416,3.20048,1.7547521752672925,51.189921057256555,3.1992190317503195,2020,2,12,31005,Brugge,Normaal,Droog,Dag,met lichtgewonden,3,Fiets,9,personenauto,Op Kruispunt,Gemeenteweg,binnen bebouwde kom,Tss. 2 best.: langs opzij (voor-/achterkant-flank),Geen hindernis
18476,54,Brugge teller 2,Brugge,51.23015,3.22818,2.2655339467757676,51.21252805097968,3.211851660284388,2020,2,14,31005,Brugge,Regenval,"Nat, plassen",Dag,met lichtgewonden,8,Voetganger,3,Fiets,Buiten Kruispunt,Gemeenteweg,binnen bebouwde kom,Met een voetganger,Geen hindernis
18476,53,Brugge teller 1,Brugge,51.23023,3.228,2.266986857510401,51.21252805097968,3.211851660284388,2020,2,14,31005,Brugge,Regenval,"Nat, plassen",Dag,met lichtgewonden,8,Voetganger,3,Fiets,Buiten Kruispunt,Gemeenteweg,binnen bebouwde kom,Met een voetganger,Geen hindernis
18478,20,Brugge,Brugge,51.17416,3.20048,2.030279528528162,51.19236614797761,3.1982706893282358,2020,2,17,31005,Brugge,Regenval,"Nat, plassen",Dag,met lichtgewonden,9,personenauto,3,Fiets,Op Kruispunt,Gemeenteweg,binnen bebouwde kom,Tss. 2 best.: langs opzij (voor-/achterkant-flank),Geen hindernis
18478,51,"Brugge, Sint-Andries",Brugge,51.19281,3.16252,2.4918247160315623,51.19236614797761,3.1982706893282358,2020,2,17,31005,Brugge,Regenval,"Nat, plassen",Dag,met lichtgewonden,9,personenauto,3,Fiets,Op Kruispunt,Gemeenteweg,binnen bebouwde kom,Tss. 2 best.: langs opzij (voor-/achterkant-flank),Geen hindernis
18478,50,"Brugge, Sint-Andries",Brugge,51.19291,3.16252,2.4920670483865823,51.19236614797761,3.1982706893282358,2020,2,17,31005,Brugge,Regenval,"Nat, plassen",Dag,met lichtgewonden,9,personenauto,3,Fiets,Op Kruispunt,Gemeenteweg,binnen bebouwde kom,Tss. 2 best.: langs opzij (voor-/achterkant-flank),Geen hindernis
18479,142,TEST Validatie BRUGGE Y2H22022134,Brugge,51.22632,3.24095,1.5514542233798425,51.214204989751494,3.252000152697486,2020,2,17,31005,Brugge,Regenval,"Nat, plassen",Dag,met lichtgewonden,3,Fiets,9,personenauto,Buiten Kruispunt,Gemeenteweg,binnen bebouwde kom,Tss. 2 best.: langs opzij (voor-/achterkant-flank),Geen hindernis
18479,52,Brugge,Brugge,51.22632,3.24095,1.5514542233798425,51.214204989751494,3.252000152697486,2020,2,17,31005,Brugge,Regenval,"Nat, plassen",Dag,met lichtgewonden,3,Fiets,9,personenauto,Buiten Kruispunt,Gemeenteweg,binnen bebouwde kom,Tss. 2 best.: langs opzij (voor-/achterkant-flank),Geen hindernis
18479,54,Brugge teller 2,Brugge,51.23015,3.22818,2.428045858549124,51.214204989751494,3.252000152697486,2020,2,17,31005,Brugge,Regenval,"Nat, plassen",Dag,met lichtgewonden,3,Fiets,9,personenauto,Buiten Kruispunt,Gemeenteweg,binnen bebouwde kom,Tss. 2 best.: langs opzij (voor-/achterkant-flank),Geen hindernis
18479,53,Brugge teller 1,Brugge,51.23023,3.228,2.44310694689611,51.214204989751494,3.252000152697486,2020,2,17,31005,Brugge,Regenval,"Nat, plassen",Dag,met lichtgewonden,3,Fiets,9,personenauto,Buiten Kruispunt,Gemeenteweg,binnen bebouwde kom,Tss. 2 best.: langs opzij (voor-/achterkant-flank),Geen hindernis
18484,20,Brugge,Brugge,51.17416,3.20048,1.4462927902777636,51.18540695984953,3.190058128491642,2020,2,13,31005,Brugge,Onbekend,Onbekend,Dag,met lichtgewonden,9,personenauto,3,Fiets,Op Kruispunt,Gewestweg,onbekend,Tss. 2 best.: langs opzij (voor-/achterkant-flank),Geen hindernis
18484,51,"Brugge, Sint-Andries",Brugge,51.19281,3.16252,2.0882689913219874,51.18540695984953,3.190058128491642,2020,2,13,31005,Brugge,Onbekend,Onbekend,Dag,met lichtgewonden,9,personenauto,3,Fiets,Op Kruispunt,Gewestweg,onbekend,Tss. 2 best.: langs opzij (voor-/achterkant-flank),Geen hindernis
18484,50,"Brugge, Sint-Andries",Brugge,51.19291,3.16252,2.0926752565473925,51.18540695984953,3.190058128491642,2020,2,13,31005,Brugge,Onbekend,Onbekend,Dag,met lichtgewonden,9,personenauto,3,Fiets,Op Kruispunt,Gewestweg,onbekend,Tss. 2 best.: langs opzij (voor-/achterkant-flank),Geen hindernis
18489,18,Oostende 1,Oostende,51.21378,2.92765,1.4003717030349847,51.22320265103167,2.9409903394832737,2020,2,18,35013,Oostende,Onbekend,Onbekend,"Nacht, openbare verlichting aanwezig en ontstoken",met lichtgewonden,9,personenauto,3,Fiets,Op Kruispunt,Gewestweg,binnen bebouwde kom,Tss. 2 best.: langs opzij (voor-/achterkant-flank),Geen hindernis
18489,15,Oostende 2,Oostende,51.21371,2.92743,1.4163759545321226,51.22320265103167,2.9409903394832737,2020,2,18,35013,Oostende,Onbekend,Onbekend,"Nacht, openbare verlichting aanwezig en ontstoken",met lichtgewonden,9,personenauto,3,Fiets,Op Kruispunt,Gewestweg,binnen bebouwde kom,Tss. 2 best.: langs opzij (voor-/achterkant-flank),Geen hindernis
18490,15,Oostende 2,Oostende,51.21371,2.92743,2.4616722078874544,51.2157970601546,2.892245383279887,2020,2,6,35013,Oostende,Normaal,Droog,"Nacht, openbare verlichting aanwezig en ontstoken",met lichtgewonden,9,personenauto,3,Fiets,Op Kruispunt,Gewestweg,binnen bebouwde kom,Tss. 2 best.: langs opzij (voor-/achterkant-flank),Geen hindernis
18490,18,Oostende 1,Oostende,51.21378,2.92765,2.47620899619587,51.2157970601546,2.892245383279887,2020,2,6,35013,Oostende,Normaal,Droog,"Nacht, openbare verlichting aanwezig en ontstoken",met lichtgewonden,9,personenauto,3,Fiets,Op Kruispunt,Gewestweg,binnen bebouwde kom,Tss. 2 best.: langs opzij (voor-/achterkant-flank),Geen hindernis
18491,15,Oostende 2,Oostende,51.21371,2.92743,0.39058520424272203,51.210540921396266,2.929848535005702,2020,1,13,35013,Oostende,Normaal,Droog,Dag,met lichtgewonden,3,Fiets,3,Fiets,Buiten Kruispunt,Gemeenteweg,binnen bebouwde kom,Tss. 2 best.: langs opzij (voor-/achterkant-flank),Geen hindernis
18491,18,Oostende 1,Oostende,51.21378,2.92765,0.39137516321485666,51.210540921396266,2.929848535005702,2020,1,13,35013,Oostende,Normaal,Droog,Dag,met lichtgewonden,3,Fiets,3,Fiets,Buiten Kruispunt,Gemeenteweg,binnen bebouwde kom,Tss. 2 best.: langs opzij (voor-/achterkant-flank),Geen hindernis
18492,15,Oostende 2,Oostende,51.21371,2.92743,1.7671070981381454,51.22443235344517,2.9087027501288407,2020,2,11,35013,Oostende,Normaal,Droog,Dag,met lichtgewonden,5,Lichte vrachtauto,3,Fiets,Op Kruispunt,Gewestweg,binnen bebouwde kom,Tussen 2 bestuurders: Flank tegen flank,Geen hindernis
18492,18,Oostende 1,Oostende,51.21378,2.92765,1.7732367980517159,51.22443235344517,2.9087027501288407,2020,2,11,35013,Oostende,Normaal,Droog,Dag,met lichtgewonden,5,Lichte vrachtauto,3,Fiets,Op Kruispunt,Gewestweg,binnen bebouwde kom,Tussen 2 bestuurders: Flank tegen flank,Geen hindernis
18496,55,Torhout teller 1,Torhout,51.07161,3.08261,1.9206563073826772,51.0657888309646,3.1084895779550323,2020,2,10,31033,Torhout,Normaal,Droog,Dag,met zwaargewonden,3,Fiets,5,Lichte vrachtauto,Op Kruispunt,Gemeenteweg,binnen bebouwde kom,Tss. 2 best.: langs opzij (voor-/achterkant-flank),Geen hindernis
18496,56,Torhout teller 2,Torhout,51.07147,3.08244,1.9266865222848422,51.0657888309646,3.1084895779550323,2020,2,10,31033,Torhout,Normaal,Droog,Dag,met zwaargewonden,3,Fiets,5,Lichte vrachtauto,Op Kruispunt,Gemeenteweg,binnen bebouwde kom,Tss. 2 best.: langs opzij (voor-/achterkant-flank),Geen hindernis
18498,55,Torhout teller 1,Torhout,51.07161,3.08261,1.4622088223466798,51.06535611134254,3.1010183479582514,2020,2,12,31033,Torhout,Onbekend,Onbekend,Dag,met lichtgewonden,9,personenauto,3,Fiets,Buiten Kruispunt,Gewestweg,binnen bebouwde kom,Tussen 2 bestuurders: Flank tegen flank,Geen hindernis
18498,56,Torhout teller 2,Torhout,51.07147,3.08244,1.4653839364895385,51.06535611134254,3.1010183479582514,2020,2,12,31033,Torhout,Onbekend,Onbekend,Dag,met lichtgewonden,9,personenauto,3,Fiets,Buiten Kruispunt,Gewestweg,binnen bebouwde kom,Tussen 2 bestuurders: Flank tegen flank,Geen hindernis
18499,55,Torhout teller 1,Torhout,51.07161,3.08261,2.1434474905324756,51.066842890041855,3.1123335771010345,2020,2,13,31033,Torhout,Normaal,Droog,Dag,met lichtgewonden,3,Fiets,9,personenauto,Buiten Kruispunt,Gemeenteweg,binnen bebouwde kom,Tss. 2 best.: langs opzij (voor-/achterkant-flank),Geen hindernis
18499,56,Torhout teller 2,Torhout,51.07147,3.08244,2.1511856376393603,51.066842890041855,3.1123335771010345,2020,2,13,31033,Torhout,Normaal,Droog,Dag,met lichtgewonden,3,Fiets,9,personenauto,Buiten Kruispunt,Gemeenteweg,binnen bebouwde kom,Tss. 2 best.: langs opzij (voor-/achterkant-flank),Geen hindernis
18508,84,Roeselare totem,Izegem,50.91717,3.18772,2.1899037713374843,50.9200782688224,3.218617262928674,2020,2,12,36008,Izegem,Normaal,Droog,Dag,met lichtgewonden,3,Fiets,9,personenauto,Buiten Kruispunt,Gemeenteweg,binnen bebouwde kom,Tussen 2 bestuurders: Flank tegen flank,Geen hindernis
18510,84,Roeselare totem,Izegem,50.91717,3.18772,1.0602393133865868,50.921396133959654,3.2012781221197395,2020,2,8,36008,Izegem,Normaal,Droog,Dag,met lichtgewonden,5,Lichte vrachtauto,3,Fiets,Buiten Kruispunt,Gewestweg,binnen bebouwde kom,Tss. 2 best.: langs opzij (voor-/achterkant-flank),Geen hindernis
18516,16,Kortrijk 1,Kortrijk,50.83332,3.27777,0.4817015016029183,50.82900847771362,3.278436843151562,2020,2,18,34022,Kortrijk,Normaal,"Nat, plassen","Nacht, openbare verlichting aanwezig en ontstoken",met lichtgewonden,3,Fiets,9,personenauto,Op Kruispunt,Gemeenteweg,binnen bebouwde kom,Tss. 2 best.: langs opzij (voor-/achterkant-flank),Geen hindernis
18516,17,Kortrijk 2,Kortrijk,50.83339,3.27773,0.4897256433053045,50.82900847771362,3.278436843151562,2020,2,18,34022,Kortrijk,Normaal,"Nat, plassen","Nacht, openbare verlichting aanwezig en ontstoken",met lichtgewonden,3,Fiets,9,personenauto,Op Kruispunt,Gemeenteweg,binnen bebouwde kom,Tss. 2 best.: langs opzij (voor-/achterkant-flank),Geen hindernis
18516,143,Eco Display Classic Budastraat,Kortrijk,50.83066,3.26286,1.1093231934579872,50.82900847771362,3.278436843151562,2020,2,18,34022,Kortrijk,Normaal,"Nat, plassen","Nacht, openbare verlichting aanwezig en ontstoken",met lichtgewonden,3,Fiets,9,personenauto,Op Kruispunt,Gemeenteweg,binnen bebouwde kom,Tss. 2 best.: langs opzij (voor-/achterkant-flank),Geen hindernis
18516,75,Kortrijk teller 2,Kortrijk,50.81925,3.25731,1.8383874649718561,50.82900847771362,3.278436843151562,2020,2,18,34022,Kortrijk,Normaal,"Nat, plassen","Nacht, openbare verlichting aanwezig en ontstoken",met lichtgewonden,3,Fiets,9,personenauto,Op Kruispunt,Gemeenteweg,binnen bebouwde kom,Tss. 2 best.: langs opzij (voor-/achterkant-flank),Geen hindernis
18516,74,Kortrijk teller 1,Kortrijk,50.81909,3.25728,1.8506381443894961,50.82900847771362,3.278436843151562,2020,2,18,34022,Kortrijk,Normaal,"Nat, plassen","Nacht, openbare verlichting aanwezig en ontstoken",met lichtgewonden,3,Fiets,9,personenauto,Op Kruispunt,Gemeenteweg,binnen bebouwde kom,Tss. 2 best.: langs opzij (voor-/achterkant-flank),Geen hindernis
18517,75,Kortrijk teller 2,Kortrijk,50.81925,3.25731,0.8480679563099436,50.821473269665944,3.2688581967146413,2020,2,15,34022,Kortrijk,Normaal,Droog,Dag,met lichtgewonden,9,personenauto,3,Fiets,Op Kruispunt,Gewestweg,binnen bebouwde kom,Tussen 2 bestuurders: Flank tegen flank,Geen hindernis
18517,74,Kortrijk teller 1,Kortrijk,50.81909,3.25728,0.8554287165577794,50.821473269665944,3.2688581967146413,2020,2,15,34022,Kortrijk,Normaal,Droog,Dag,met lichtgewonden,9,personenauto,3,Fiets,Op Kruispunt,Gewestweg,binnen bebouwde kom,Tussen 2 bestuurders: Flank tegen flank,Geen hindernis
18517,143,Eco Display Classic Budastraat,Kortrijk,50.83066,3.26286,1.104988561477591,50.821473269665944,3.2688581967146413,2020,2,15,34022,Kortrijk,Normaal,Droog,Dag,met lichtgewonden,9,personenauto,3,Fiets,Op Kruispunt,Gewestweg,binnen bebouwde kom,Tussen 2 bestuurders: Flank tegen flank,Geen hindernis
18517,16,Kortrijk 1,Kortrijk,50.83332,3.27777,1.4584481606919795,50.821473269665944,3.2688581967146413,2020,2,15,34022,Kortrijk,Normaal,Droog,Dag,met lichtgewonden,9,personenauto,3,Fiets,Op Kruispunt,Gewestweg,binnen bebouwde kom,Tussen 2 bestuurders: Flank tegen flank,Geen hindernis
18517,17,Kortrijk 2,Kortrijk,50.83339,3.27773,1.4642843031092663,50.821473269665944,3.2688581967146413,2020,2,15,34022,Kortrijk,Normaal,Droog,Dag,met lichtgewonden,9,personenauto,3,Fiets,Op Kruispunt,Gewestweg,binnen bebouwde kom,Tussen 2 bestuurders: Flank tegen flank,Geen hindernis
18518,17,Kortrijk 2,Kortrijk,50.83339,3.27773,2.437801930609922,50.85449464870952,3.2871315369182055,2020,2,6,34023,Kuurne,Normaal,Droog,Dageraad - schemering,met lichtgewonden,9,personenauto,3,Fiets,Op Kruispunt,Gemeenteweg,binnen bebouwde kom,Tss. 2 best.: langs opzij (voor-/achterkant-flank),Geen hindernis
18518,16,Kortrijk 1,Kortrijk,50.83332,3.27777,2.444539179885028,50.85449464870952,3.2871315369182055,2020,2,6,34023,Kuurne,Normaal,Droog,Dageraad - schemering,met lichtgewonden,9,personenauto,3,Fiets,Op Kruispunt,Gemeenteweg,binnen bebouwde kom,Tss. 2 best.: langs opzij (voor-/achterkant-flank),Geen hindernis