crash_row_id,site_id,site_name,site_gemeente,site_lat,site_long,distance_km,crash_lat,crash_long,DT_YEAR_COLLISION,DT_MONTH_COLLISION,DT_TIME,CD_NIS,TX_MUNTY_COLLISION_NL,TX_WEATHER_NL,TX_ROAD_CONDITION_NL,TX_LIGHT_CONDITION_NL,TX_CLASS_ACCIDENTS_NL,CD_ROAD_USR_TYPE1,TX_ROAD_USR_TYPE1_NL,CD_ROAD_USR_TYPE2,TX_ROAD_USR_TYPE2_NL,TX_CROSSWAY_NL,CD_ROAD_TYPE_NL,TX_BUILD_UP_AREA_NL,TX_COLLISION_TYPE_NL,TX_OBSTACLES_NL
18519,17,Kortrijk 2,Kortrijk,50.83339,3.27773,1.702011041558921,50.848355973018855,3.2828148347833666,2020,2,21,34023,Kuurne,Regenval,"Nat, plassen","Nacht, openbare verlichting aanwezig en ontstoken",met zwaargewonden,5,Lichte vrachtauto,3,Fiets,Buiten Kruispunt,Gemeenteweg,binnen bebouwde kom,Tussen 2 bestuurders: Langs achteren,Geen hindernis
18519,16,Kortrijk 1,Kortrijk,50.83332,3.27777,1.7090379665049757,50.848355973018855,3.2828148347833666,2020,2,21,34023,Kuurne,Regenval,"Nat, plassen","Nacht, openbare verlichting aanwezig en ontstoken",met zwaargewonden,5,Lichte vrachtauto,3,Fiets,Buiten Kruispunt,Gemeenteweg,binnen bebouwde kom,Tussen 2 bestuurders: Langs achteren,Geen hindernis
18519,143,Eco Display Classic Budastraat,Kortrijk,50.83066,3.26286,2.4156239506633597,50.848355973018855,3.2828148347833666,2020,2,21,34023,Kuurne,Regenval,"Nat, plassen","Nacht, openbare verlichting aanwezig en ontstoken",met zwaargewonden,5,Lichte vrachtauto,3,Fiets,Buiten Kruispunt,Gemeenteweg,binnen bebouwde kom,Tussen 2 bestuurders: Langs achteren,Geen hindernis
18520,17,Kortrijk 2,Kortrijk,50.83339,3.27773,2.437801930609922,50.85449464870952,3.2871315369182055,2020,2,15,34023,Kuurne,Normaal,Droog,Dag,met lichtgewonden,3,Fiets,9,personenauto,Op Kruispunt,Gemeenteweg,binnen bebouwde kom,Tussen 2 bestuurders: Flank tegen flank,Geen hindernis
18520,16,Kortrijk 1,Kortrijk,50.83332,3.27777,2.444539179885028,50.85449464870952,3.2871315369182055,2020,2,15,34023,Kuurne,Normaal,Droog,Dag,met lichtgewonden,3,Fiets,9,personenauto,Op Kruispunt,Gemeenteweg,binnen bebouwde kom,Tussen 2 bestuurders: Flank tegen flank,Geen hindernis
18521,143,Eco Display Classic Budastraat,Kortrijk,50.83066,3.26286,0.7481029624060667,50.82478818862818,3.2680593268816067,2020,2,7,34022,Kortrijk,Normaal,Droog,"Nacht, geen openbare verlichting aanwezig",met lichtgewonden,3,Fiets,8,Voetganger,Buiten Kruispunt,Gewestweg,binnen bebouwde kom,Met een voetganger,Geen hindernis
18521,75,Kortrijk teller 2,Kortrijk,50.81925,3.25731,0.9743681763910241,50.82478818862818,3.2680593268816067,2020,2,7,34022,Kortrijk,Normaal,Droog,"Nacht, geen openbare verlichting aanwezig",met lichtgewonden,3,Fiets,8,Voetganger,Buiten Kruispunt,Gewestweg,binnen bebouwde kom,Met een voetganger,Geen hindernis
18521,74,Kortrijk teller 1,Kortrijk,50.81909,3.25728,0.9873252011953142,50.82478818862818,3.2680593268816067,2020,2,7,34022,Kortrijk,Normaal,Droog,"Nacht, geen openbare verlichting aanwezig",met lichtgewonden,3,Fiets,8,Voetganger,Buiten Kruispunt,Gewestweg,binnen bebouwde kom,Met een voetganger,Geen hindernis
18521,16,Kortrijk 1,Kortrijk,50.83332,3.27777,1.1684095788848619,50.82478818862818,3.2680593268816067,2020,2,7,34022,Kortrijk,Normaal,Droog,"Nacht, geen openbare verlichting aanwezig",met lichtgewonden,3,Fiets,8,Voetganger,Buiten Kruispunt,Gewestweg,binnen bebouwde kom,Met een voetganger,Geen hindernis
18521,17,Kortrijk 2,Kortrijk,50.83339,3.27773,1.1731091888191236,50.82478818862818,3.2680593268816067,2020,2,7,34022,Kortrijk,Normaal,Droog,"Nacht, geen openbare verlichting aanwezig",met lichtgewonden,3,Fiets,8,Voetganger,Buiten Kruispunt,Gewestweg,binnen bebouwde kom,Met een voetganger,Geen hindernis
18522,16,Kortrijk 1,Kortrijk,50.83332,3.27777,1.1573864941232481,50.82294348642788,3.2764765701721563,2020,2,9,34022,Kortrijk,Normaal,Droog,Dag,met lichtgewonden,9,personenauto,3,Fiets,Buiten Kruispunt,Gewestweg,binnen bebouwde kom,Tussen 2 bestuurders: Frontale botsing,Geen hindernis
18522,17,Kortrijk 2,Kortrijk,50.83339,3.27773,1.1649305966556995,50.82294348642788,3.2764765701721563,2020,2,9,34022,Kortrijk,Normaal,Droog,Dag,met lichtgewonden,9,personenauto,3,Fiets,Buiten Kruispunt,Gewestweg,binnen bebouwde kom,Tussen 2 bestuurders: Frontale botsing,Geen hindernis
18522,143,Eco Display Classic Budastraat,Kortrijk,50.83066,3.26286,1.2848865750114902,50.82294348642788,3.2764765701721563,2020,2,9,34022,Kortrijk,Normaal,Droog,Dag,met lichtgewonden,9,personenauto,3,Fiets,Buiten Kruispunt,Gewestweg,binnen bebouwde kom,Tussen 2 bestuurders: Frontale botsing,Geen hindernis
18522,75,Kortrijk teller 2,Kortrijk,50.81925,3.25731,1.4076343308825818,50.82294348642788,3.2764765701721563,2020,2,9,34022,Kortrijk,Normaal,Droog,Dag,met lichtgewonden,9,personenauto,3,Fiets,Buiten Kruispunt,Gewestweg,binnen bebouwde kom,Tussen 2 bestuurders: Frontale botsing,Geen hindernis
18522,74,Kortrijk teller 1,Kortrijk,50.81909,3.25728,1.4149381415296178,50.82294348642788,3.2764765701721563,2020,2,9,34022,Kortrijk,Normaal,Droog,Dag,met lichtgewonden,9,personenauto,3,Fiets,Buiten Kruispunt,Gewestweg,binnen bebouwde kom,Tussen 2 bestuurders: Frontale botsing,Geen hindernis
18523,17,Kortrijk 2,Kortrijk,50.83339,3.27773,0.2977590368312661,50.83502391191299,3.2810891984839095,2020,3,5,34022,Kortrijk,Regenval,"Nat, plassen","Nacht, openbare verlichting aanwezig en ontstoken",met lichtgewonden,3,Fiets,2,Andere weggebruiker,Buiten Kruispunt,Gemeenteweg,binnen bebouwde kom,Tussen 2 bestuurders: Langs achteren,Geen hindernis
18523,16,Kortrijk 1,Kortrijk,50.83332,3.27777,0.3003863332103282,50.83502391191299,3.2810891984839095,2020,3,5,34022,Kortrijk,Regenval,"Nat, plassen","Nacht, openbare verlichting aanwezig en ontstoken",met lichtgewonden,3,Fiets,2,Andere weggebruiker,Buiten Kruispunt,Gemeenteweg,binnen bebouwde kom,Tussen 2 bestuurders: Langs achteren,Geen hindernis
18523,143,Eco Display Classic Budastraat,Kortrijk,50.83066,3.26286,1.369096015125834,50.83502391191299,3.2810891984839095,2020,3,5,34022,Kortrijk,Regenval,"Nat, plassen","Nacht, openbare verlichting aanwezig en ontstoken",met lichtgewonden,3,Fiets,2,Andere weggebruiker,Buiten Kruispunt,Gemeenteweg,binnen bebouwde kom,Tussen 2 bestuurders: Langs achteren,Geen hindernis
18523,75,Kortrijk teller 2,Kortrijk,50.81925,3.25731,2.421981021730442,50.83502391191299,3.2810891984839095,2020,3,5,34022,Kortrijk,Regenval,"Nat, plassen","Nacht, openbare verlichting aanwezig en ontstoken",met lichtgewonden,3,Fiets,2,Andere weggebruiker,Buiten Kruispunt,Gemeenteweg,binnen bebouwde kom,Tussen 2 bestuurders: Langs achteren,Geen hindernis
18523,74,Kortrijk teller 1,Kortrijk,50.81909,3.25728,2.4363439801218654,50.83502391191299,3.2810891984839095,2020,3,5,34022,Kortrijk,Regenval,"Nat, plassen","Nacht, openbare verlichting aanwezig en ontstoken",met lichtgewonden,3,Fiets,2,Andere weggebruiker,Buiten Kruispunt,Gemeenteweg,binnen bebouwde kom,Tussen 2 bestuurders: Langs achteren,Geen hindernis
18524,143,Eco Display Classic Budastraat,Kortrijk,50.83066,3.26286,0.6468680566189355,50.82744389712859,3.2705346504832633,2020,2,17,34022,Kortrijk,Normaal,Droog,Dag,met lichtgewonden,3,Fiets,3,Fiets,Op Kruispunt,Gemeenteweg,binnen bebouwde kom,Tss. 2 best.: langs opzij (voor-/achterkant-flank),Geen hindernis
18524,16,Kortrijk 1,Kortrijk,50.83332,3.27777,0.8277362108158997,50.82744389712859,3.2705346504832633,2020,2,17,34022,Kortrijk,Normaal,Droog,Dag,met lichtgewonden,3,Fiets,3,Fiets,Op Kruispunt,Gemeenteweg,binnen bebouwde kom,Tss. 2 best.: langs opzij (voor-/achterkant-flank),Geen hindernis
18524,17,Kortrijk 2,Kortrijk,50.83339,3.27773,0.8321849164178526,50.82744389712859,3.2705346504832633,2020,2,17,34022,Kortrijk,Normaal,Droog,Dag,met lichtgewonden,3,Fiets,3,Fiets,Op Kruispunt,Gemeenteweg,binnen bebouwde kom,Tss. 2 best.: langs opzij (voor-/achterkant-flank),Geen hindernis
18524,75,Kortrijk teller 2,Kortrijk,50.81925,3.25731,1.301182289964572,50.82744389712859,3.2705346504832633,2020,2,17,34022,Kortrijk,Normaal,Droog,Dag,met lichtgewonden,3,Fiets,3,Fiets,Op Kruispunt,Gemeenteweg,binnen bebouwde kom,Tss. 2 best.: langs opzij (voor-/achterkant-flank),Geen hindernis
18524,74,Kortrijk teller 1,Kortrijk,50.81909,3.25728,1.3151936062262672,50.82744389712859,3.2705346504832633,2020,2,17,34022,Kortrijk,Normaal,Droog,Dag,met lichtgewonden,3,Fiets,3,Fiets,Op Kruispunt,Gemeenteweg,binnen bebouwde kom,Tss. 2 best.: langs opzij (voor-/achterkant-flank),Geen hindernis
18530,17,Kortrijk 2,Kortrijk,50.83339,3.27773,1.3440358747960932,50.842257012797454,3.290737420388992,2020,2,14,34013,Harelbeke,Normaal,Droog+Proper,Dag,met zwaargewonden,9,personenauto,3,Fiets,Buiten Kruispunt,Gewestweg,buiten bebouwde kom,Tss. 2 best.: langs opzij (voor-/achterkant-flank),Geen hindernis
18530,16,Kortrijk 1,Kortrijk,50.83332,3.27777,1.3478574651837012,50.842257012797454,3.290737420388992,2020,2,14,34013,Harelbeke,Normaal,Droog+Proper,Dag,met zwaargewonden,9,personenauto,3,Fiets,Buiten Kruispunt,Gewestweg,buiten bebouwde kom,Tss. 2 best.: langs opzij (voor-/achterkant-flank),Geen hindernis
18530,143,Eco Display Classic Budastraat,Kortrijk,50.83066,3.26286,2.344203511847344,50.842257012797454,3.290737420388992,2020,2,14,34013,Harelbeke,Normaal,Droog+Proper,Dag,met zwaargewonden,9,personenauto,3,Fiets,Buiten Kruispunt,Gewestweg,buiten bebouwde kom,Tss. 2 best.: langs opzij (voor-/achterkant-flank),Geen hindernis
18533,67,Ieper totem,Ieper,50.85018,2.85624,2.2118668694884036,50.85543522338427,2.886629041829502,2020,2,20,33011,Ieper,Regenval,"Nat, plassen","Nacht, openbare verlichting aanwezig en ontstoken",met lichtgewonden,9,personenauto,3,Fiets,Op Kruispunt,Gewestweg,binnen bebouwde kom,Tss. 2 best.: langs opzij (voor-/achterkant-flank),Geen hindernis
18533,68,Ieper,Ieper,50.85032,2.85608,2.2186566761588473,50.85543522338427,2.886629041829502,2020,2,20,33011,Ieper,Regenval,"Nat, plassen","Nacht, openbare verlichting aanwezig en ontstoken",met lichtgewonden,9,personenauto,3,Fiets,Op Kruispunt,Gewestweg,binnen bebouwde kom,Tss. 2 best.: langs opzij (voor-/achterkant-flank),Geen hindernis
18535,67,Ieper totem,Ieper,50.85018,2.85624,1.3803990598787848,50.85227377500613,2.8756217273093307,2020,2,19,33011,Ieper,Onbekend,Droog,"Nacht, openbare verlichting aanwezig en ontstoken",met lichtgewonden,3,Fiets,9,personenauto,Buiten Kruispunt,Gewestweg,binnen bebouwde kom,Tss. 2 best.: langs opzij (voor-/achterkant-flank),Geen hindernis
18535,68,Ieper,Ieper,50.85032,2.85608,1.38894975220686,50.85227377500613,2.8756217273093307,2020,2,19,33011,Ieper,Onbekend,Droog,"Nacht, openbare verlichting aanwezig en ontstoken",met lichtgewonden,3,Fiets,9,personenauto,Buiten Kruispunt,Gewestweg,binnen bebouwde kom,Tss. 2 best.: langs opzij (voor-/achterkant-flank),Geen hindernis
18539,67,Ieper totem,Ieper,50.85018,2.85624,2.227148027137633,50.8609229123252,2.8830181162880275,2020,2,16,33011,Ieper,Normaal,Droog,Dag,met lichtgewonden,9,personenauto,3,Fiets,Op Kruispunt,Gemeenteweg,buiten bebouwde kom,Tss. 2 best.: langs opzij (voor-/achterkant-flank),Geen hindernis
18539,68,Ieper,Ieper,50.85032,2.85608,2.228357294654748,50.8609229123252,2.8830181162880275,2020,2,16,33011,Ieper,Normaal,Droog,Dag,met lichtgewonden,9,personenauto,3,Fiets,Op Kruispunt,Gemeenteweg,buiten bebouwde kom,Tss. 2 best.: langs opzij (voor-/achterkant-flank),Geen hindernis
18540,62,Wervik teller 1,Wervik,50.8058,3.09154,0.34721960001323626,50.8075639354823,3.087462576651207,2020,2,16,33029,Wervik,Normaal,"Nat, plassen",Dag,met lichtgewonden,9,personenauto,3,Fiets,Buiten Kruispunt,Gewestweg,buiten bebouwde kom,Tss. 2 best.: langs opzij (voor-/achterkant-flank),Geen hindernis
18540,61,Wervik teller 2,Wervik,50.80555,3.0921,0.39539472358666283,50.8075639354823,3.087462576651207,2020,2,16,33029,Wervik,Normaal,"Nat, plassen",Dag,met lichtgewonden,9,personenauto,3,Fiets,Buiten Kruispunt,Gewestweg,buiten bebouwde kom,Tss. 2 best.: langs opzij (voor-/achterkant-flank),Geen hindernis
18543,136,Gent R4,Gent,51.0876313,3.7587918,2.0571331289776644,51.074236574355176,3.73847909216428,2020,2,15,44021,Gent,Normaal,Droog,Dag,met zwaargewonden,3,Fiets,11,een weggebruiker tegen een hindernis,Op Kruispunt,Gewestweg,binnen bebouwde kom,Weggebruiker tegen hindernis op de rijbaan,"Op de rijbaan: Werken (signal., aarde, toestel,…)"
18547,124,Beveren teller 2,Beveren,51.1964712,4.2361077,1.8180308502122242,51.21244493940209,4.230541976613728,2020,2,15,46003,Beveren,Normaal,Droog,Dag,met lichtgewonden,3,Fiets,3,Fiets,Op Kruispunt,Gemeenteweg,binnen bebouwde kom,Tss. 2 best.: langs opzij (voor-/achterkant-flank),Geen hindernis
18550,99,Mechelen teller 1,Mechelen,51.04564,4.46882,1.6002165793689684,51.03442268120027,4.483157800895753,2020,2,18,12025,Mechelen,Onbekend,Onbekend,Dageraad - schemering,met lichtgewonden,3,Fiets,2,Andere weggebruiker,Op Kruispunt,Gewestweg,binnen bebouwde kom,Tss. 2 best.: langs opzij (voor-/achterkant-flank),Geen hindernis
18550,100,Mechelen teller 2,Mechelen,51.0457,4.46883,1.6049854717878695,51.03442268120027,4.483157800895753,2020,2,18,12025,Mechelen,Onbekend,Onbekend,Dageraad - schemering,met lichtgewonden,3,Fiets,2,Andere weggebruiker,Op Kruispunt,Gewestweg,binnen bebouwde kom,Tss. 2 best.: langs opzij (voor-/achterkant-flank),Geen hindernis
18553,99,Mechelen teller 1,Mechelen,51.04564,4.46882,1.6834630212738808,51.033703384890316,4.48363093065409,2020,3,14,12025,Mechelen,Normaal,Droog,Dag,met lichtgewonden,9,personenauto,3,Fiets,Op Kruispunt,Gewestweg,binnen bebouwde kom,Tss. 2 best.: langs opzij (voor-/achterkant-flank),Geen hindernis
18553,100,Mechelen teller 2,Mechelen,51.0457,4.46883,1.6882991067502904,51.033703384890316,4.48363093065409,2020,3,14,12025,Mechelen,Normaal,Droog,Dag,met lichtgewonden,9,personenauto,3,Fiets,Op Kruispunt,Gewestweg,binnen bebouwde kom,Tss. 2 best.: langs opzij (voor-/achterkant-flank),Geen hindernis
18554,99,Mechelen teller 1,Mechelen,51.04564,4.46882,1.3660725357069534,51.03361086666837,4.472789775586937,2020,2,19,12025,Mechelen,Regenval,"Nat, plassen","Nacht, openbare verlichting aanwezig en ontstoken",met lichtgewonden,3,Fiets,6,Bromfiets,Buiten Kruispunt,Gewestweg,binnen bebouwde kom,Tss. 2 best.: langs opzij (voor-/achterkant-flank),Geen hindernis
18554,100,Mechelen teller 2,Mechelen,51.0457,4.46883,1.37246449403478,51.03361086666837,4.472789775586937,2020,2,19,12025,Mechelen,Regenval,"Nat, plassen","Nacht, openbare verlichting aanwezig en ontstoken",met lichtgewonden,3,Fiets,6,Bromfiets,Buiten Kruispunt,Gewestweg,binnen bebouwde kom,Tss. 2 best.: langs opzij (voor-/achterkant-flank),Geen hindernis
18555,99,Mechelen teller 1,Mechelen,51.04564,4.46882,1.6409249561293455,51.032644269171186,4.4799395146366034,2020,2,12,12025,Mechelen,Normaal,Droog,Dag,met lichtgewonden,9,personenauto,3,Fiets,Op Kruispunt,Gemeenteweg,binnen bebouwde kom,Tss. 2 best.: langs opzij (voor-/achterkant-flank),Geen hindernis
18555,100,Mechelen teller 2,Mechelen,51.0457,4.46883,1.6464731264197165,51.032644269171186,4.4799395146366034,2020,2,12,12025,Mechelen,Normaal,Droog,Dag,met lichtgewonden,9,personenauto,3,Fiets,Op Kruispunt,Gemeenteweg,binnen bebouwde kom,Tss. 2 best.: langs opzij (voor-/achterkant-flank),Geen hindernis
18556,99,Mechelen teller 1,Mechelen,51.04564,4.46882,1.3168991308773967,51.034071510421505,4.472852944211628,2020,2,9,12025,Mechelen,Normaal,Droog,Dag,met zwaargewonden,9,personenauto,3,Fiets,Op Kruispunt,Gewestweg,binnen bebouwde kom,Tussen 2 bestuurders: Frontale botsing,Geen hindernis
18556,100,Mechelen teller 2,Mechelen,51.0457,4.46883,1.3232680360055222,51.034071510421505,4.472852944211628,2020,2,9,12025,Mechelen,Normaal,Droog,Dag,met zwaargewonden,9,personenauto,3,Fiets,Op Kruispunt,Gewestweg,binnen bebouwde kom,Tussen 2 bestuurders: Frontale botsing,Geen hindernis
18557,99,Mechelen teller 1,Mechelen,51.04564,4.46882,1.1634608172463552,51.03615816712705,4.475856506507874,2020,2,11,12025,Mechelen,Normaal,Droog,Dag,met lichtgewonden,9,personenauto,3,Fiets,Op Kruispunt,Gemeenteweg,binnen bebouwde kom,Tss. 2 best.: langs opzij (voor-/achterkant-flank),Geen hindernis
18557,100,Mechelen teller 2,Mechelen,51.0457,4.46883,1.1692160651743435,51.03615816712705,4.475856506507874,2020,2,11,12025,Mechelen,Normaal,Droog,Dag,met lichtgewonden,9,personenauto,3,Fiets,Op Kruispunt,Gemeenteweg,binnen bebouwde kom,Tss. 2 best.: langs opzij (voor-/achterkant-flank),Geen hindernis
18558,99,Mechelen teller 1,Mechelen,51.04564,4.46882,1.8955116595689243,51.0325174543528,4.486124234228559,2020,2,7,12025,Mechelen,Normaal,Droog,Dageraad - schemering,met lichtgewonden,9,personenauto,3,Fiets,Op Kruispunt,Gemeenteweg,binnen bebouwde kom,Tss. 2 best.: langs opzij (voor-/achterkant-flank),Geen hindernis
18558,100,Mechelen teller 2,Mechelen,51.0457,4.46883,1.900206791347782,51.0325174543528,4.486124234228559,2020,2,7,12025,Mechelen,Normaal,Droog,Dageraad - schemering,met lichtgewonden,9,personenauto,3,Fiets,Op Kruispunt,Gemeenteweg,binnen bebouwde kom,Tss. 2 best.: langs opzij (voor-/achterkant-flank),Geen hindernis
18562,140,Hasselt ring,Hasselt,50.9300038,5.3438616,1.0947720208716856,50.93234735019698,5.328689078108639,2020,2,18,71022,Hasselt,Regenval,"Nat, plassen","Nacht, openbare verlichting aanwezig en ontstoken",met lichtgewonden,3,Fiets,3,Fiets,Buiten Kruispunt,Gemeenteweg,binnen bebouwde kom,Tussen 2 bestuurders: Frontale botsing,Geen hindernis
18562,138,Hasselt-Kempische brug,Hasselt,50.9405318,5.3422472,1.3156132599113908,50.93234735019698,5.328689078108639,2020,2,18,71022,Hasselt,Regenval,"Nat, plassen","Nacht, openbare verlichting aanwezig en ontstoken",met lichtgewonden,3,Fiets,3,Fiets,Buiten Kruispunt,Gemeenteweg,binnen bebouwde kom,Tussen 2 bestuurders: Frontale botsing,Geen hindernis
18562,137,Hasselt-Kempische brug,Hasselt,50.9411605,5.3417576,1.3412475515021849,50.93234735019698,5.328689078108639,2020,2,18,71022,Hasselt,Regenval,"Nat, plassen","Nacht, openbare verlichting aanwezig en ontstoken",met lichtgewonden,3,Fiets,3,Fiets,Buiten Kruispunt,Gemeenteweg,binnen bebouwde kom,Tussen 2 bestuurders: Frontale botsing,Geen hindernis
18564,138,Hasselt-Kempische brug,Hasselt,50.9405318,5.3422472,1.1780739880975153,50.93874818374348,5.358820468440816,2020,2,17,71022,Hasselt,Regenval,"Nat, plassen",Dag,met lichtgewonden,9,personenauto,3,Fiets,Op Kruispunt,Gemeenteweg,binnen bebouwde kom,Tss. 2 best.: langs opzij (voor-/achterkant-flank),Geen hindernis
18564,137,Hasselt-Kempische brug,Hasselt,50.9411605,5.3417576,1.2252786058250147,50.93874818374348,5.358820468440816,2020,2,17,71022,Hasselt,Regenval,"Nat, plassen",Dag,met lichtgewonden,9,personenauto,3,Fiets,Op Kruispunt,Gemeenteweg,binnen bebouwde kom,Tss. 2 best.: langs opzij (voor-/achterkant-flank),Geen hindernis
18564,140,Hasselt ring,Hasselt,50.9300038,5.3438616,1.4297821701855034,50.93874818374348,5.358820468440816,2020,2,17,71022,Hasselt,Regenval,"Nat, plassen",Dag,met lichtgewonden,9,personenauto,3,Fiets,Op Kruispunt,Gemeenteweg,binnen bebouwde kom,Tss. 2 best.: langs opzij (voor-/achterkant-flank),Geen hindernis
18565,138,Hasselt-Kempische brug,Hasselt,50.9405318,5.3422472,0.9699324976795527,50.943657971499384,5.355171023735137,2020,2,16,71022,Hasselt,Normaal,Droog,Dag,met lichtgewonden,3,Fiets,9,personenauto,Op Kruispunt,Gewestweg,buiten bebouwde kom,Tss. 2 best.: langs opzij (voor-/achterkant-flank),Geen hindernis
18565,137,Hasselt-Kempische brug,Hasselt,50.9411605,5.3417576,0.9799707657533393,50.943657971499384,5.355171023735137,2020,2,16,71022,Hasselt,Normaal,Droog,Dag,met lichtgewonden,3,Fiets,9,personenauto,Op Kruispunt,Gewestweg,buiten bebouwde kom,Tss. 2 best.: langs opzij (voor-/achterkant-flank),Geen hindernis
18565,140,Hasselt ring,Hasselt,50.9300038,5.3438616,1.712653211012334,50.943657971499384,5.355171023735137,2020,2,16,71022,Hasselt,Normaal,Droog,Dag,met lichtgewonden,3,Fiets,9,personenauto,Op Kruispunt,Gewestweg,buiten bebouwde kom,Tss. 2 best.: langs opzij (voor-/achterkant-flank),Geen hindernis
18566,137,Hasselt-Kempische brug,Hasselt,50.9411605,5.3417576,1.6177309859551392,50.94967799335449,5.360477499915583,2020,2,8,71022,Hasselt,Onbekend,Onbekend,Onbekend,met lichtgewonden,3,Fiets,9,personenauto,Buiten Kruispunt,Gemeenteweg,onbekend,Tussen 2 bestuurders: Flank tegen flank,Geen hindernis
18566,138,Hasselt-Kempische brug,Hasselt,50.9405318,5.3422472,1.632662682686596,50.94967799335449,5.360477499915583,2020,2,8,71022,Hasselt,Onbekend,Onbekend,Onbekend,met lichtgewonden,3,Fiets,9,personenauto,Buiten Kruispunt,Gemeenteweg,onbekend,Tussen 2 bestuurders: Flank tegen flank,Geen hindernis
18566,140,Hasselt ring,Hasselt,50.9300038,5.3438616,2.478176914222089,50.94967799335449,5.360477499915583,2020,2,8,71022,Hasselt,Onbekend,Onbekend,Onbekend,met lichtgewonden,3,Fiets,9,personenauto,Buiten Kruispunt,Gemeenteweg,onbekend,Tussen 2 bestuurders: Flank tegen flank,Geen hindernis
18567,137,Hasselt-Kempische brug,Hasselt,50.9411605,5.3417576,0.6197352834105788,50.94462840602434,5.334833098874516,2020,2,18,71022,Hasselt,Normaal,Droog,"Nacht, openbare verlichting aanwezig en ontstoken",met lichtgewonden,3,Fiets,9,personenauto,Op Kruispunt,Gewestweg,buiten bebouwde kom,Tss. 2 best.: langs opzij (voor-/achterkant-flank),Geen hindernis
18567,138,Hasselt-Kempische brug,Hasselt,50.9405318,5.3422472,0.6908971849963381,50.94462840602434,5.334833098874516,2020,2,18,71022,Hasselt,Normaal,Droog,"Nacht, openbare verlichting aanwezig en ontstoken",met lichtgewonden,3,Fiets,9,personenauto,Op Kruispunt,Gewestweg,buiten bebouwde kom,Tss. 2 best.: langs opzij (voor-/achterkant-flank),Geen hindernis
18567,140,Hasselt ring,Hasselt,50.9300038,5.3438616,1.7449082176430237,50.94462840602434,5.334833098874516,2020,2,18,71022,Hasselt,Normaal,Droog,"Nacht, openbare verlichting aanwezig en ontstoken",met lichtgewonden,3,Fiets,9,personenauto,Op Kruispunt,Gewestweg,buiten bebouwde kom,Tss. 2 best.: langs opzij (voor-/achterkant-flank),Geen hindernis
18568,140,Hasselt ring,Hasselt,50.9300038,5.3438616,0.7036750562827581,50.92881490570327,5.353723321695311,2020,2,8,71022,Hasselt,Regenval,"Nat, plassen",Dag,met lichtgewonden,9,personenauto,3,Fiets,Op Kruispunt,Gewestweg,binnen bebouwde kom,Tss. 2 best.: langs opzij (voor-/achterkant-flank),Geen hindernis
18568,138,Hasselt-Kempische brug,Hasselt,50.9405318,5.3422472,1.5310700898867902,50.92881490570327,5.353723321695311,2020,2,8,71022,Hasselt,Regenval,"Nat, plassen",Dag,met lichtgewonden,9,personenauto,3,Fiets,Op Kruispunt,Gewestweg,binnen bebouwde kom,Tss. 2 best.: langs opzij (voor-/achterkant-flank),Geen hindernis
18568,137,Hasselt-Kempische brug,Hasselt,50.9411605,5.3417576,1.608593838357877,50.92881490570327,5.353723321695311,2020,2,8,71022,Hasselt,Regenval,"Nat, plassen",Dag,met lichtgewonden,9,personenauto,3,Fiets,Op Kruispunt,Gewestweg,binnen bebouwde kom,Tss. 2 best.: langs opzij (voor-/achterkant-flank),Geen hindernis
18569,14,Genk,Genk,50.97172,5.48927,1.2850367533563734,50.97602873364827,5.472240024068562,2020,2,8,71016,Genk,Normaal,"Nat, plassen",Dag,met lichtgewonden,9,personenauto,3,Fiets,Op Kruispunt,Gemeenteweg,buiten bebouwde kom,Tss. 2 best.: langs opzij (voor-/achterkant-flank),Geen hindernis
18570,14,Genk,Genk,50.97172,5.48927,1.0300547869935897,50.966314072924376,5.477324554032619,2020,2,16,71016,Genk,Regenval,"Nat, plassen",Dag,met lichtgewonden,3,Fiets,11,een weggebruiker tegen een hindernis,Buiten Kruispunt,Gemeenteweg,buiten bebouwde kom,Weggebruiker tegen hindernis buiten rijbaan,Andere hindernis
18571,22,Tienen 2,Tienen,50.81330800184882,4.935984252796022,1.8267817355475264,50.81010474844454,4.9614852385181285,2020,2,9,24107,Tienen,Regenval,"Nat, plassen",Dag,met lichtgewonden,9,personenauto,3,Fiets,Buiten Kruispunt,Gemeenteweg,buiten bebouwde kom,Tss. 2 best.: langs opzij (voor-/achterkant-flank),Geen hindernis
18571,24,Tienen 1,Tienen,50.8133795491886,4.935044252605416,1.8931159590810096,50.81010474844454,4.9614852385181285,2020,2,9,24107,Tienen,Regenval,"Nat, plassen",Dag,met lichtgewonden,9,personenauto,3,Fiets,Buiten Kruispunt,Gemeenteweg,buiten bebouwde kom,Tss. 2 best.: langs opzij (voor-/achterkant-flank),Geen hindernis
18571,23,Tienen 3,Tienen,50.81324,4.93447,1.9298649473906484,50.81010474844454,4.9614852385181285,2020,2,9,24107,Tienen,Regenval,"Nat, plassen",Dag,met lichtgewonden,9,personenauto,3,Fiets,Buiten Kruispunt,Gemeenteweg,buiten bebouwde kom,Tss. 2 best.: langs opzij (voor-/achterkant-flank),Geen hindernis