crash_row_id,site_id,site_name,site_gemeente,site_lat,site_long,distance_km,crash_lat,crash_long,DT_YEAR_COLLISION,DT_MONTH_COLLISION,DT_TIME,CD_NIS,TX_MUNTY_COLLISION_NL,TX_WEATHER_NL,TX_ROAD_CONDITION_NL,TX_LIGHT_CONDITION_NL,TX_CLASS_ACCIDENTS_NL,CD_ROAD_USR_TYPE1,TX_ROAD_USR_TYPE1_NL,CD_ROAD_USR_TYPE2,TX_ROAD_USR_TYPE2_NL,TX_CROSSWAY_NL,CD_ROAD_TYPE_NL,TX_BUILD_UP_AREA_NL,TX_COLLISION_TYPE_NL,TX_OBSTACLES_NL
18572,22,Tienen 2,Tienen,50.81330800184882,4.935984252796022,0.20223874236858533,50.81192322970384,4.937850387039002,2020,2,15,24107,Tienen,Normaal,Proper,Dag,met zwaargewonden,3,Fiets,10,"één bestuurder, geen hindernis",Buiten Kruispunt,Gemeenteweg,binnen bebouwde kom,"Eén bestuurder, geen hindernis (incl. val)",Geen hindernis
18572,24,Tienen 1,Tienen,50.8133795491886,4.935044252605416,0.25513543247631676,50.81192322970384,4.937850387039002,2020,2,15,24107,Tienen,Normaal,Proper,Dag,met zwaargewonden,3,Fiets,10,"één bestuurder, geen hindernis",Buiten Kruispunt,Gemeenteweg,binnen bebouwde kom,"Eén bestuurder, geen hindernis (incl. val)",Geen hindernis
18572,23,Tienen 3,Tienen,50.81324,4.93447,0.2790100743915583,50.81192322970384,4.937850387039002,2020,2,15,24107,Tienen,Normaal,Proper,Dag,met zwaargewonden,3,Fiets,10,"één bestuurder, geen hindernis",Buiten Kruispunt,Gemeenteweg,binnen bebouwde kom,"Eén bestuurder, geen hindernis (incl. val)",Geen hindernis
18573,101,Diest teller 1,Diest,50.97799,5.04481,1.4611356433784346,50.99037405772551,5.051788958092045,2020,2,16,24020,Diest,"Andere (dikke rook,...)",Droog,Dag,met lichtgewonden,3,Fiets,8,Voetganger,Buiten Kruispunt,Gemeenteweg,binnen bebouwde kom,Met een voetganger,Geen hindernis
18573,102,Diest teller 2,Diest,50.9779,5.04474,1.4722062963709297,50.99037405772551,5.051788958092045,2020,2,16,24020,Diest,"Andere (dikke rook,...)",Droog,Dag,met lichtgewonden,3,Fiets,8,Voetganger,Buiten Kruispunt,Gemeenteweg,binnen bebouwde kom,Met een voetganger,Geen hindernis
18575,131,Nevele,Deinze,51.0276612,3.558569,0.9244266502136351,51.033658488462386,3.5494143086884504,2020,2,12,44083,Deinze,Normaal,Droog,Dag,met zwaargewonden,9,personenauto,3,Fiets,Buiten Kruispunt,Gewestweg,binnen bebouwde kom,Tss. 2 best.: langs opzij (voor-/achterkant-flank),Geen hindernis
18577,113,Deinze teller 2,Deinze,50.96018,3.55578,2.496943298412048,50.97268450617805,3.5261634421248593,2020,2,7,44083,Deinze,Normaal,Droog,Dag,met lichtgewonden,9,personenauto,3,Fiets,Buiten Kruispunt,Gemeenteweg,binnen bebouwde kom,Tussen 2 bestuurders: Frontale botsing,Geen hindernis
18579,13,Gent,Gent,51.03018,3.70146,0.8259584383442696,51.03470178345334,3.7108308317934937,2020,2,7,44021,Gent,Normaal,Droog,Dageraad - schemering,met lichtgewonden,3,Fiets,3,Fiets,Op Kruispunt,Gemeenteweg,binnen bebouwde kom,Tussen 2 bestuurders: Frontale botsing,Geen hindernis
18637,3,Brasschaat 1,Brasschaat,51.27503,4.47222,1.3359882034778883,51.284800163493955,4.483399339239048,2020,3,8,11008,Brasschaat,Onbekend,Onbekend,Onbekend,met lichtgewonden,9,personenauto,3,Fiets,Buiten Kruispunt,Gewestweg,onbekend,Tss. 2 best.: langs opzij (voor-/achterkant-flank),Geen hindernis
18637,2,Brasschaat 2,Brasschaat,51.27512,4.47169,1.349780101827665,51.284800163493955,4.483399339239048,2020,3,8,11008,Brasschaat,Onbekend,Onbekend,Onbekend,met lichtgewonden,9,personenauto,3,Fiets,Buiten Kruispunt,Gewestweg,onbekend,Tss. 2 best.: langs opzij (voor-/achterkant-flank),Geen hindernis
18648,91,Brecht teller 2,Brecht,51.35739,4.62422,1.555506476641484,51.34346363328681,4.626337256374784,2020,3,14,11009,Brecht,Normaal,Droog,Dag,dodelijk gewonden,3,Fiets,11,een weggebruiker tegen een hindernis,Buiten Kruispunt,Gewestweg,buiten bebouwde kom,Weggebruiker tegen hindernis buiten rijbaan,Buiten de rijbaan: Boom
18648,90,Brecht teller 1,Brecht,51.35752,4.6243,1.5693870539310308,51.34346363328681,4.626337256374784,2020,3,14,11009,Brecht,Normaal,Droog,Dag,dodelijk gewonden,3,Fiets,11,een weggebruiker tegen een hindernis,Buiten Kruispunt,Gewestweg,buiten bebouwde kom,Weggebruiker tegen hindernis buiten rijbaan,Buiten de rijbaan: Boom
18657,96,Lier teller 2,Lier,51.11705,4.58444,1.400119459025933,51.1296384722052,4.583994532218281,2020,3,10,12021,Lier,Normaal,Droog,Dag,met lichtgewonden,9,personenauto,3,Fiets,Buiten Kruispunt,Gemeenteweg,binnen bebouwde kom,Tss. 2 best.: langs opzij (voor-/achterkant-flank),Geen hindernis
18657,95,Lier teller 1,Lier,51.11687,4.58437,1.4200311297897055,51.1296384722052,4.583994532218281,2020,3,10,12021,Lier,Normaal,Droog,Dag,met lichtgewonden,9,personenauto,3,Fiets,Buiten Kruispunt,Gemeenteweg,binnen bebouwde kom,Tss. 2 best.: langs opzij (voor-/achterkant-flank),Geen hindernis
18658,96,Lier teller 2,Lier,51.11705,4.58444,2.165461943788979,51.13354226284531,4.567938522904068,2020,3,20,12021,Lier,Normaal,Droog,"Nacht, openbare verlichting aanwezig en ontstoken",met lichtgewonden,3,Fiets,8,Voetganger,Buiten Kruispunt,Gemeenteweg,binnen bebouwde kom,Met een voetganger,Geen hindernis
18658,95,Lier teller 1,Lier,51.11687,4.58437,2.179865366109895,51.13354226284531,4.567938522904068,2020,3,20,12021,Lier,Normaal,Droog,"Nacht, openbare verlichting aanwezig en ontstoken",met lichtgewonden,3,Fiets,8,Voetganger,Buiten Kruispunt,Gemeenteweg,binnen bebouwde kom,Met een voetganger,Geen hindernis
18659,96,Lier teller 2,Lier,51.11705,4.58444,1.4299664966308399,51.12918142296819,4.577641459997329,2020,3,15,12021,Lier,Normaal,Droog,Dag,met lichtgewonden,9,personenauto,3,Fiets,Op Kruispunt,Gewestweg,binnen bebouwde kom,Tussen 2 bestuurders: Frontale botsing,Geen hindernis
18659,95,Lier teller 1,Lier,51.11687,4.58437,1.4472706311510501,51.12918142296819,4.577641459997329,2020,3,15,12021,Lier,Normaal,Droog,Dag,met lichtgewonden,9,personenauto,3,Fiets,Op Kruispunt,Gewestweg,binnen bebouwde kom,Tussen 2 bestuurders: Frontale botsing,Geen hindernis
18660,92,Nijlen teller 1,Nijlen,51.14989,4.64479,1.2909668025771674,51.144538498208135,4.66121382585247,2020,3,10,12026,Nijlen,Normaal,Droog,Dag,met lichtgewonden,3,Fiets,2,Andere weggebruiker,Op Kruispunt,Gemeenteweg,buiten bebouwde kom,Tussen 2 bestuurders: Frontale botsing,Geen hindernis
18660,93,Nijlen teller 2,Nijlen,51.14998,4.64469,1.3017812964411182,51.144538498208135,4.66121382585247,2020,3,10,12026,Nijlen,Normaal,Droog,Dag,met lichtgewonden,3,Fiets,2,Andere weggebruiker,Op Kruispunt,Gemeenteweg,buiten bebouwde kom,Tussen 2 bestuurders: Frontale botsing,Geen hindernis
18662,9,Heist op den Berg 2,Heist-op-den-Berg,51.06904,4.69524,2.2492526645507587,51.07145952746086,4.727200285590572,2020,3,12,12014,Heist-op-den-Berg,Onbekend,"Nat, plassen",Dag,met zwaargewonden,3,Fiets,9,personenauto,Op Kruispunt,Gemeenteweg,binnen bebouwde kom,Tss. 2 best.: langs opzij (voor-/achterkant-flank),Geen hindernis
18666,133,Gierde Lille Totem,Lille,51.2453915,4.8297416,1.0326488595125312,51.236974034790535,4.836008272203077,2020,3,8,13019,Lille,Normaal,Droog+Proper,Dag,met lichtgewonden,9,personenauto,3,Fiets,Op Kruispunt,Gemeenteweg,binnen bebouwde kom,Tss. 2 best.: langs opzij (voor-/achterkant-flank),Geen hindernis
18666,132,Gierde lille,Lille,51.245445,4.8298851,1.0338854740970487,51.236974034790535,4.836008272203077,2020,3,8,13019,Lille,Normaal,Droog+Proper,Dag,met lichtgewonden,9,personenauto,3,Fiets,Op Kruispunt,Gemeenteweg,binnen bebouwde kom,Tss. 2 best.: langs opzij (voor-/achterkant-flank),Geen hindernis
18672,88,Westerlo teller 1,Westerlo,51.082,4.91325,1.0171596202727207,51.09114175791101,4.913767534233891,2020,3,16,13049,Westerlo,Normaal,Droog,Dag,met lichtgewonden,9,personenauto,3,Fiets,Op Kruispunt,Gemeenteweg,binnen bebouwde kom,Tussen 2 bestuurders: Flank tegen flank,Geen hindernis
18672,89,Westerlo teller 2,Westerlo,51.08191,4.91334,1.026958895671109,51.09114175791101,4.913767534233891,2020,3,16,13049,Westerlo,Normaal,Droog,Dag,met lichtgewonden,9,personenauto,3,Fiets,Op Kruispunt,Gemeenteweg,binnen bebouwde kom,Tussen 2 bestuurders: Flank tegen flank,Geen hindernis
18673,127,Geel totem,Westerlo,51.1342966,4.9400421,0.3341067735756844,51.13356020462861,4.93539979111071,2020,3,6,13049,Westerlo,Normaal,Droog,Dageraad - schemering,met lichtgewonden,9,personenauto,3,Fiets,Buiten Kruispunt,Gemeenteweg,buiten bebouwde kom,Tss. 2 best.: langs opzij (voor-/achterkant-flank),Geen hindernis
18673,112,Geel teller 2,Westerlo,51.1354992,4.9394789,0.35706104590946963,51.13356020462861,4.93539979111071,2020,3,6,13049,Westerlo,Normaal,Droog,Dageraad - schemering,met lichtgewonden,9,personenauto,3,Fiets,Buiten Kruispunt,Gemeenteweg,buiten bebouwde kom,Tss. 2 best.: langs opzij (voor-/achterkant-flank),Geen hindernis
18675,88,Westerlo teller 1,Westerlo,51.082,4.91325,0.9161984427912143,51.09012784139448,4.9154028228230775,2020,3,12,13049,Westerlo,Normaal,Droog,Dag,met lichtgewonden,5,Lichte vrachtauto,3,Fiets,Buiten Kruispunt,Gewestweg,binnen bebouwde kom,Tussen 2 bestuurders: Frontale botsing,Geen hindernis
18675,89,Westerlo teller 2,Westerlo,51.08191,4.91334,0.9250718389155571,51.09012784139448,4.9154028228230775,2020,3,12,13049,Westerlo,Normaal,Droog,Dag,met lichtgewonden,5,Lichte vrachtauto,3,Fiets,Buiten Kruispunt,Gewestweg,binnen bebouwde kom,Tussen 2 bestuurders: Frontale botsing,Geen hindernis
18678,98,Geel teller 2,Geel,51.1481,4.99643,2.2921120234538073,51.15909460272312,4.968630913977043,2020,3,16,13008,Geel,Normaal,Droog,Dag,met lichtgewonden,9,personenauto,3,Fiets,Op Kruispunt,Gewestweg,buiten bebouwde kom,Tss. 2 best.: langs opzij (voor-/achterkant-flank),Geen hindernis
18678,97,Geel teller 1,Geel,51.14813,4.99698,2.3228968829060097,51.15909460272312,4.968630913977043,2020,3,16,13008,Geel,Normaal,Droog,Dag,met lichtgewonden,9,personenauto,3,Fiets,Op Kruispunt,Gewestweg,buiten bebouwde kom,Tss. 2 best.: langs opzij (voor-/achterkant-flank),Geen hindernis
18685,94,Herentals teller 2,Herentals,51.17345,4.81283,2.495635661042378,51.16699666564322,4.847113421009949,2020,3,14,13011,Herentals,Normaal,Droog,Dag,met lichtgewonden,9,personenauto,3,Fiets,Buiten Kruispunt,Gewestweg,buiten bebouwde kom,Tss. 2 best.: langs opzij (voor-/achterkant-flank),Geen hindernis
18688,45,Pelt teller 1,Pelt,51.23127,5.44377,0.6653318072157468,51.23555185723027,5.450444816094435,2020,3,7,72043,Pelt,Normaal,Droog,Dag,met lichtgewonden,3,Fiets,9,personenauto,Op Kruispunt,Gewestweg,buiten bebouwde kom,Tss. 2 best.: langs opzij (voor-/achterkant-flank),Geen hindernis
18688,46,Pelt teller 2,Pelt,51.231,5.44375,0.6880799761879921,51.23555185723027,5.450444816094435,2020,3,7,72043,Pelt,Normaal,Droog,Dag,met lichtgewonden,3,Fiets,9,personenauto,Op Kruispunt,Gewestweg,buiten bebouwde kom,Tss. 2 best.: langs opzij (voor-/achterkant-flank),Geen hindernis
18700,44,Maaseik teller 2,Maaseik,51.09359,5.79726,0.6004728948904504,51.097189992176155,5.7908507489820025,2020,3,8,72021,Maaseik,Regenval,"Nat, plassen",Dag,met lichtgewonden,9,personenauto,3,Fiets,Op Kruispunt,Gewestweg,binnen bebouwde kom,Tss. 2 best.: langs opzij (voor-/achterkant-flank),Geen hindernis
18700,43,Maaseik teller 1,Maaseik,51.09344,5.79715,0.6061209941626468,51.097189992176155,5.7908507489820025,2020,3,8,72021,Maaseik,Regenval,"Nat, plassen",Dag,met lichtgewonden,9,personenauto,3,Fiets,Op Kruispunt,Gewestweg,binnen bebouwde kom,Tss. 2 best.: langs opzij (voor-/achterkant-flank),Geen hindernis
18701,69,Leuven teller 1,Leuven,50.87549,4.71526,1.6872237005028163,50.860448776560865,4.712091476622134,2020,3,14,24062,Leuven,Normaal,Droog,Dag,met lichtgewonden,3,Fiets,10,"één bestuurder, geen hindernis",Buiten Kruispunt,Gemeenteweg,binnen bebouwde kom,"Eén bestuurder, geen hindernis (incl. val)",Geen hindernis
18701,108,Heverlee teller 1,Leuven,50.8471728,4.6954674,1.8817663426461668,50.860448776560865,4.712091476622134,2020,3,14,24062,Leuven,Normaal,Droog,Dag,met lichtgewonden,3,Fiets,10,"één bestuurder, geen hindernis",Buiten Kruispunt,Gemeenteweg,binnen bebouwde kom,"Eén bestuurder, geen hindernis (incl. val)",Geen hindernis
18701,76,Heverlee teller 2,Leuven,50.84606,4.69597,1.9597487490904673,50.860448776560865,4.712091476622134,2020,3,14,24062,Leuven,Normaal,Droog,Dag,met lichtgewonden,3,Fiets,10,"één bestuurder, geen hindernis",Buiten Kruispunt,Gemeenteweg,binnen bebouwde kom,"Eén bestuurder, geen hindernis (incl. val)",Geen hindernis
18701,151,Leuven,District Leuven,50.8690262,4.6854839,2.0968205180034323,50.860448776560865,4.712091476622134,2020,3,14,24062,Leuven,Normaal,Droog,Dag,met lichtgewonden,3,Fiets,10,"één bestuurder, geen hindernis",Buiten Kruispunt,Gemeenteweg,binnen bebouwde kom,"Eén bestuurder, geen hindernis (incl. val)",Geen hindernis
18702,77,Leuven teller 2,Leuven,50.88672,4.70796,0.3460182232671244,50.885532246282814,4.703400821205847,2020,3,17,24062,Leuven,Normaal,Droog,Dag,met lichtgewonden,3,Fiets,9,personenauto,Op Kruispunt,Gemeenteweg,binnen bebouwde kom,Tussen 2 bestuurders: Flank tegen flank,Geen hindernis
18702,107,leuven totem,Leuven,50.8870744,4.7087919,0.41523817816928554,50.885532246282814,4.703400821205847,2020,3,17,24062,Leuven,Normaal,Droog,Dag,met lichtgewonden,3,Fiets,9,personenauto,Op Kruispunt,Gemeenteweg,binnen bebouwde kom,Tussen 2 bestuurders: Flank tegen flank,Geen hindernis
18702,69,Leuven teller 1,Leuven,50.87549,4.71526,1.392529125430508,50.885532246282814,4.703400821205847,2020,3,17,24062,Leuven,Normaal,Droog,Dag,met lichtgewonden,3,Fiets,9,personenauto,Op Kruispunt,Gemeenteweg,binnen bebouwde kom,Tussen 2 bestuurders: Flank tegen flank,Geen hindernis
18702,151,Leuven,District Leuven,50.8690262,4.6854839,2.224618269997514,50.885532246282814,4.703400821205847,2020,3,17,24062,Leuven,Normaal,Droog,Dag,met lichtgewonden,3,Fiets,9,personenauto,Op Kruispunt,Gemeenteweg,binnen bebouwde kom,Tussen 2 bestuurders: Flank tegen flank,Geen hindernis
18703,151,Leuven,District Leuven,50.8690262,4.6854839,1.3336723519954092,50.88075423580475,4.689464516024207,2020,3,13,24062,Leuven,Normaal,Droog,Dag,met lichtgewonden,3,Fiets,9,personenauto,Buiten Kruispunt,Gemeenteweg,binnen bebouwde kom,Tss. 2 best.: langs opzij (voor-/achterkant-flank),Geen hindernis
18703,77,Leuven teller 2,Leuven,50.88672,4.70796,1.457245686885731,50.88075423580475,4.689464516024207,2020,3,13,24062,Leuven,Normaal,Droog,Dag,met lichtgewonden,3,Fiets,9,personenauto,Buiten Kruispunt,Gemeenteweg,binnen bebouwde kom,Tss. 2 best.: langs opzij (voor-/achterkant-flank),Geen hindernis
18703,107,leuven totem,Leuven,50.8870744,4.7087919,1.527166278171105,50.88075423580475,4.689464516024207,2020,3,13,24062,Leuven,Normaal,Droog,Dag,met lichtgewonden,3,Fiets,9,personenauto,Buiten Kruispunt,Gemeenteweg,binnen bebouwde kom,Tss. 2 best.: langs opzij (voor-/achterkant-flank),Geen hindernis
18703,69,Leuven teller 1,Leuven,50.87549,4.71526,1.9021414134066434,50.88075423580475,4.689464516024207,2020,3,13,24062,Leuven,Normaal,Droog,Dag,met lichtgewonden,3,Fiets,9,personenauto,Buiten Kruispunt,Gemeenteweg,binnen bebouwde kom,Tss. 2 best.: langs opzij (voor-/achterkant-flank),Geen hindernis
18704,69,Leuven teller 1,Leuven,50.87549,4.71526,1.0560271013484044,50.877917778126786,4.700709044776249,2020,3,14,24062,Leuven,Regenval,"Nat, plassen",Dag,met lichtgewonden,3,Fiets,10,"één bestuurder, geen hindernis",Buiten Kruispunt,Gemeenteweg,binnen bebouwde kom,"Eén bestuurder, geen hindernis (incl. val)",Geen hindernis
18704,77,Leuven teller 2,Leuven,50.88672,4.70796,1.103058941728593,50.877917778126786,4.700709044776249,2020,3,14,24062,Leuven,Regenval,"Nat, plassen",Dag,met lichtgewonden,3,Fiets,10,"één bestuurder, geen hindernis",Buiten Kruispunt,Gemeenteweg,binnen bebouwde kom,"Eén bestuurder, geen hindernis (incl. val)",Geen hindernis
18704,107,leuven totem,Leuven,50.8870744,4.7087919,1.1654236904773663,50.877917778126786,4.700709044776249,2020,3,14,24062,Leuven,Regenval,"Nat, plassen",Dag,met lichtgewonden,3,Fiets,10,"één bestuurder, geen hindernis",Buiten Kruispunt,Gemeenteweg,binnen bebouwde kom,"Eén bestuurder, geen hindernis (incl. val)",Geen hindernis
18704,151,Leuven,District Leuven,50.8690262,4.6854839,1.455618200784426,50.877917778126786,4.700709044776249,2020,3,14,24062,Leuven,Regenval,"Nat, plassen",Dag,met lichtgewonden,3,Fiets,10,"één bestuurder, geen hindernis",Buiten Kruispunt,Gemeenteweg,binnen bebouwde kom,"Eén bestuurder, geen hindernis (incl. val)",Geen hindernis
18705,69,Leuven teller 1,Leuven,50.87549,4.71526,1.051963287022647,50.8772535078416,4.700529766925,2020,3,0,24062,Leuven,Regenval,"Nat, plassen","Nacht, openbare verlichting aanwezig en ontstoken",met lichtgewonden,3,Fiets,10,"één bestuurder, geen hindernis",Buiten Kruispunt,Gemeenteweg,binnen bebouwde kom,"Eén bestuurder, geen hindernis (incl. val)",Geen hindernis
18705,77,Leuven teller 2,Leuven,50.88672,4.70796,1.1746242818657382,50.8772535078416,4.700529766925,2020,3,0,24062,Leuven,Regenval,"Nat, plassen","Nacht, openbare verlichting aanwezig en ontstoken",met lichtgewonden,3,Fiets,10,"één bestuurder, geen hindernis",Buiten Kruispunt,Gemeenteweg,binnen bebouwde kom,"Eén bestuurder, geen hindernis (incl. val)",Geen hindernis
18705,107,leuven totem,Leuven,50.8870744,4.7087919,1.2363276076345164,50.8772535078416,4.700529766925,2020,3,0,24062,Leuven,Regenval,"Nat, plassen","Nacht, openbare verlichting aanwezig en ontstoken",met lichtgewonden,3,Fiets,10,"één bestuurder, geen hindernis",Buiten Kruispunt,Gemeenteweg,binnen bebouwde kom,"Eén bestuurder, geen hindernis (incl. val)",Geen hindernis
18705,151,Leuven,District Leuven,50.8690262,4.6854839,1.39696778750663,50.8772535078416,4.700529766925,2020,3,0,24062,Leuven,Regenval,"Nat, plassen","Nacht, openbare verlichting aanwezig en ontstoken",met lichtgewonden,3,Fiets,10,"één bestuurder, geen hindernis",Buiten Kruispunt,Gemeenteweg,binnen bebouwde kom,"Eén bestuurder, geen hindernis (incl. val)",Geen hindernis
18706,69,Leuven teller 1,Leuven,50.87549,4.71526,0.6495902205327884,50.87406511654884,4.706281687497437,2020,3,12,24062,Leuven,Normaal,Droog,Dag,met lichtgewonden,3,Fiets,5,Lichte vrachtauto,Buiten Kruispunt,Gemeenteweg,binnen bebouwde kom,Tss. 2 best.: langs opzij (voor-/achterkant-flank),Geen hindernis
18706,77,Leuven teller 2,Leuven,50.88672,4.70796,1.4120765393297487,50.87406511654884,4.706281687497437,2020,3,12,24062,Leuven,Normaal,Droog,Dag,met lichtgewonden,3,Fiets,5,Lichte vrachtauto,Buiten Kruispunt,Gemeenteweg,binnen bebouwde kom,Tss. 2 best.: langs opzij (voor-/achterkant-flank),Geen hindernis
18706,107,leuven totem,Leuven,50.8870744,4.7087919,1.45724694970906,50.87406511654884,4.706281687497437,2020,3,12,24062,Leuven,Normaal,Droog,Dag,met lichtgewonden,3,Fiets,5,Lichte vrachtauto,Buiten Kruispunt,Gemeenteweg,binnen bebouwde kom,Tss. 2 best.: langs opzij (voor-/achterkant-flank),Geen hindernis
18706,151,Leuven,District Leuven,50.8690262,4.6854839,1.5632590197642489,50.87406511654884,4.706281687497437,2020,3,12,24062,Leuven,Normaal,Droog,Dag,met lichtgewonden,3,Fiets,5,Lichte vrachtauto,Buiten Kruispunt,Gemeenteweg,binnen bebouwde kom,Tss. 2 best.: langs opzij (voor-/achterkant-flank),Geen hindernis
18708,77,Leuven teller 2,Leuven,50.88672,4.70796,1.0133368721599219,50.87981937877267,4.698525260009199,2020,3,10,24062,Leuven,Normaal,"Nat, plassen",Dag,met lichtgewonden,3,Fiets,10,"één bestuurder, geen hindernis",Op Kruispunt,Gemeenteweg,binnen bebouwde kom,"Eén bestuurder, geen hindernis (incl. val)",Geen hindernis
18708,107,leuven totem,Leuven,50.8870744,4.7087919,1.0814514149193912,50.87981937877267,4.698525260009199,2020,3,10,24062,Leuven,Normaal,"Nat, plassen",Dag,met lichtgewonden,3,Fiets,10,"één bestuurder, geen hindernis",Op Kruispunt,Gemeenteweg,binnen bebouwde kom,"Eén bestuurder, geen hindernis (incl. val)",Geen hindernis
18708,69,Leuven teller 1,Leuven,50.87549,4.71526,1.2689942211266025,50.87981937877267,4.698525260009199,2020,3,10,24062,Leuven,Normaal,"Nat, plassen",Dag,met lichtgewonden,3,Fiets,10,"één bestuurder, geen hindernis",Op Kruispunt,Gemeenteweg,binnen bebouwde kom,"Eén bestuurder, geen hindernis (incl. val)",Geen hindernis
18708,151,Leuven,District Leuven,50.8690262,4.6854839,1.5092044770132804,50.87981937877267,4.698525260009199,2020,3,10,24062,Leuven,Normaal,"Nat, plassen",Dag,met lichtgewonden,3,Fiets,10,"één bestuurder, geen hindernis",Op Kruispunt,Gemeenteweg,binnen bebouwde kom,"Eén bestuurder, geen hindernis (incl. val)",Geen hindernis
18709,69,Leuven teller 1,Leuven,50.87549,4.71526,0.6721897376170992,50.881528097078125,4.714797412253282,2020,3,15,24062,Leuven,Normaal,Droog,Dag,met lichtgewonden,9,personenauto,3,Fiets,Op Kruispunt,Gewestweg,binnen bebouwde kom,Tussen 2 bestuurders: Langs achteren,Geen hindernis
18709,107,leuven totem,Leuven,50.8870744,4.7087919,0.746883525473281,50.881528097078125,4.714797412253282,2020,3,15,24062,Leuven,Normaal,Droog,Dag,met lichtgewonden,9,personenauto,3,Fiets,Op Kruispunt,Gewestweg,binnen bebouwde kom,Tussen 2 bestuurders: Langs achteren,Geen hindernis
18709,77,Leuven teller 2,Leuven,50.88672,4.70796,0.7505741859029159,50.881528097078125,4.714797412253282,2020,3,15,24062,Leuven,Normaal,Droog,Dag,met lichtgewonden,9,personenauto,3,Fiets,Op Kruispunt,Gewestweg,binnen bebouwde kom,Tussen 2 bestuurders: Langs achteren,Geen hindernis
18709,151,Leuven,District Leuven,50.8690262,4.6854839,2.482516087182323,50.881528097078125,4.714797412253282,2020,3,15,24062,Leuven,Normaal,Droog,Dag,met lichtgewonden,9,personenauto,3,Fiets,Op Kruispunt,Gewestweg,binnen bebouwde kom,Tussen 2 bestuurders: Langs achteren,Geen hindernis
18710,151,Leuven,District Leuven,50.8690262,4.6854839,1.0859534864904905,50.87878920293519,4.685087037433516,2020,3,18,24062,Leuven,Normaal,Droog,Dageraad - schemering,met lichtgewonden,9,personenauto,3,Fiets,Op Kruispunt,Gemeenteweg,binnen bebouwde kom,Tss. 2 best.: langs opzij (voor-/achterkant-flank),Geen hindernis
18710,77,Leuven teller 2,Leuven,50.88672,4.70796,1.8309876430775642,50.87878920293519,4.685087037433516,2020,3,18,24062,Leuven,Normaal,Droog,Dageraad - schemering,met lichtgewonden,9,personenauto,3,Fiets,Op Kruispunt,Gemeenteweg,binnen bebouwde kom,Tss. 2 best.: langs opzij (voor-/achterkant-flank),Geen hindernis
18710,107,leuven totem,Leuven,50.8870744,4.7087919,1.9011189636238834,50.87878920293519,4.685087037433516,2020,3,18,24062,Leuven,Normaal,Droog,Dageraad - schemering,met lichtgewonden,9,personenauto,3,Fiets,Op Kruispunt,Gemeenteweg,binnen bebouwde kom,Tss. 2 best.: langs opzij (voor-/achterkant-flank),Geen hindernis
18710,69,Leuven teller 1,Leuven,50.87549,4.71526,2.148557560264633,50.87878920293519,4.685087037433516,2020,3,18,24062,Leuven,Normaal,Droog,Dageraad - schemering,met lichtgewonden,9,personenauto,3,Fiets,Op Kruispunt,Gemeenteweg,binnen bebouwde kom,Tss. 2 best.: langs opzij (voor-/achterkant-flank),Geen hindernis
18711,151,Leuven,District Leuven,50.8690262,4.6854839,1.3338065465471742,50.857579785032435,4.6798012499949735,2020,3,9,24062,Leuven,Onbekend,Onbekend,Dag,met lichtgewonden,3,Fiets,9,personenauto,Op Kruispunt,Gemeenteweg,binnen bebouwde kom,Tussen 2 bestuurders: Frontale botsing,Geen hindernis
18711,108,Heverlee teller 1,Leuven,50.8471728,4.6954674,1.5964301357820703,50.857579785032435,4.6798012499949735,2020,3,9,24062,Leuven,Onbekend,Onbekend,Dag,met lichtgewonden,3,Fiets,9,personenauto,Op Kruispunt,Gemeenteweg,binnen bebouwde kom,Tussen 2 bestuurders: Frontale botsing,Geen hindernis
18711,76,Heverlee teller 2,Leuven,50.84606,4.69597,1.7114787221504753,50.857579785032435,4.6798012499949735,2020,3,9,24062,Leuven,Onbekend,Onbekend,Dag,met lichtgewonden,3,Fiets,9,personenauto,Op Kruispunt,Gemeenteweg,binnen bebouwde kom,Tussen 2 bestuurders: Frontale botsing,Geen hindernis
18712,151,Leuven,District Leuven,50.8690262,4.6854839,1.0089389849483845,50.860040412993804,4.683488592913416,2020,3,17,24062,Leuven,Normaal,Droog,Dag,met lichtgewonden,3,Fiets,10,"één bestuurder, geen hindernis",Op Kruispunt,Gemeenteweg,binnen bebouwde kom,"Eén bestuurder, geen hindernis (incl. val)",Geen hindernis
18712,108,Heverlee teller 1,Leuven,50.8471728,4.6954674,1.6596131262742089,50.860040412993804,4.683488592913416,2020,3,17,24062,Leuven,Normaal,Droog,Dag,met lichtgewonden,3,Fiets,10,"één bestuurder, geen hindernis",Op Kruispunt,Gemeenteweg,binnen bebouwde kom,"Eén bestuurder, geen hindernis (incl. val)",Geen hindernis
18712,76,Heverlee teller 2,Leuven,50.84606,4.69597,1.784465258312448,50.860040412993804,4.683488592913416,2020,3,17,24062,Leuven,Normaal,Droog,Dag,met lichtgewonden,3,Fiets,10,"één bestuurder, geen hindernis",Op Kruispunt,Gemeenteweg,binnen bebouwde kom,"Eén bestuurder, geen hindernis (incl. val)",Geen hindernis