crash_row_id,site_id,site_name,site_gemeente,site_lat,site_long,distance_km,crash_lat,crash_long,DT_YEAR_COLLISION,DT_MONTH_COLLISION,DT_TIME,CD_NIS,TX_MUNTY_COLLISION_NL,TX_WEATHER_NL,TX_ROAD_CONDITION_NL,TX_LIGHT_CONDITION_NL,TX_CLASS_ACCIDENTS_NL,CD_ROAD_USR_TYPE1,TX_ROAD_USR_TYPE1_NL,CD_ROAD_USR_TYPE2,TX_ROAD_USR_TYPE2_NL,TX_CROSSWAY_NL,CD_ROAD_TYPE_NL,TX_BUILD_UP_AREA_NL,TX_COLLISION_TYPE_NL,TX_OBSTACLES_NL
18713,69,Leuven teller 1,Leuven,50.87549,4.71526,0.5076656698148151,50.87581473060594,4.708042972955068,2020,3,17,24062,Leuven,Normaal,Droog,Dag,met lichtgewonden,9,personenauto,3,Fiets,Buiten Kruispunt,Gemeenteweg,binnen bebouwde kom,Tussen 2 bestuurders: Langs achteren,Geen hindernis
18713,77,Leuven teller 2,Leuven,50.88672,4.70796,1.2126246020630367,50.87581473060594,4.708042972955068,2020,3,17,24062,Leuven,Normaal,Droog,Dag,met lichtgewonden,9,personenauto,3,Fiets,Buiten Kruispunt,Gemeenteweg,binnen bebouwde kom,Tussen 2 bestuurders: Langs achteren,Geen hindernis
18713,107,leuven totem,Leuven,50.8870744,4.7087919,1.2531200971999337,50.87581473060594,4.708042972955068,2020,3,17,24062,Leuven,Normaal,Droog,Dag,met lichtgewonden,9,personenauto,3,Fiets,Buiten Kruispunt,Gemeenteweg,binnen bebouwde kom,Tussen 2 bestuurders: Langs achteren,Geen hindernis
18713,151,Leuven,District Leuven,50.8690262,4.6854839,1.7537263269277914,50.87581473060594,4.708042972955068,2020,3,17,24062,Leuven,Normaal,Droog,Dag,met lichtgewonden,9,personenauto,3,Fiets,Buiten Kruispunt,Gemeenteweg,binnen bebouwde kom,Tussen 2 bestuurders: Langs achteren,Geen hindernis
18714,77,Leuven teller 2,Leuven,50.88672,4.70796,0.8296113324355037,50.88723257271122,4.696161283914562,2020,3,14,24062,Leuven,Normaal,Droog,Dag,met lichtgewonden,3,Fiets,3,Fiets,Op Kruispunt,Gemeenteweg,binnen bebouwde kom,Tussen 2 bestuurders: Frontale botsing,Geen hindernis
18714,107,leuven totem,Leuven,50.8870744,4.7087919,0.8861781205031828,50.88723257271122,4.696161283914562,2020,3,14,24062,Leuven,Normaal,Droog,Dag,met lichtgewonden,3,Fiets,3,Fiets,Op Kruispunt,Gemeenteweg,binnen bebouwde kom,Tussen 2 bestuurders: Frontale botsing,Geen hindernis
18714,69,Leuven teller 1,Leuven,50.87549,4.71526,1.8708808620761654,50.88723257271122,4.696161283914562,2020,3,14,24062,Leuven,Normaal,Droog,Dag,met lichtgewonden,3,Fiets,3,Fiets,Op Kruispunt,Gemeenteweg,binnen bebouwde kom,Tussen 2 bestuurders: Frontale botsing,Geen hindernis
18714,151,Leuven,District Leuven,50.8690262,4.6854839,2.158616683472585,50.88723257271122,4.696161283914562,2020,3,14,24062,Leuven,Normaal,Droog,Dag,met lichtgewonden,3,Fiets,3,Fiets,Op Kruispunt,Gemeenteweg,binnen bebouwde kom,Tussen 2 bestuurders: Frontale botsing,Geen hindernis
18719,87,Aarschot,Aarschot,50.99084,4.81259,1.882933535310169,50.98714288459153,4.838842423725156,2020,3,8,24001,Aarschot,Normaal,Droog,Dag,met lichtgewonden,9,personenauto,3,Fiets,Op Kruispunt,Gemeenteweg,binnen bebouwde kom,Tss. 2 best.: langs opzij (voor-/achterkant-flank),Geen hindernis
18720,87,Aarschot,Aarschot,50.99084,4.81259,1.9758032795936438,50.99130764419623,4.8408097349316845,2020,3,8,24001,Aarschot,Normaal,Droog,Dag,met lichtgewonden,9,personenauto,3,Fiets,Op Kruispunt,Gewestweg,binnen bebouwde kom,Tss. 2 best.: langs opzij (voor-/achterkant-flank),Geen hindernis
18721,87,Aarschot,Aarschot,50.99084,4.81259,1.5956463438488324,50.98387260805831,4.832518816737863,2020,3,6,24001,Aarschot,Normaal,Droog,Dag,met lichtgewonden,3,Fiets,3,Fiets,Buiten Kruispunt,Gewestweg,binnen bebouwde kom,Tussen 2 bestuurders: Langs achteren,Geen hindernis
18732,47,Vilvoorde,Vilvoorde,50.91372,4.41497,2.088837497813565,50.90915107587182,4.386071232027858,2020,3,16,23088,Vilvoorde,Normaal,Droog,Dag,met lichtgewonden,9,personenauto,3,Fiets,Buiten Kruispunt,Gemeenteweg,buiten bebouwde kom,Tss. 2 best.: langs opzij (voor-/achterkant-flank),Geen hindernis
18733,1,Machelen,Machelen,50.91618331151478,4.456121776137429,1.07999839464503,50.924714847132954,4.463485450801372,2020,3,19,23088,Vilvoorde,Normaal,Droog,"Nacht, geen openbare verlichting aanwezig",Met doden,3,Fiets,5,Lichte vrachtauto,Op Kruispunt,Gewestweg,buiten bebouwde kom,Tss. 2 best.: langs opzij (voor-/achterkant-flank),Geen hindernis
18735,70,Kampenhout teller 1,Kampenhout,50.95682,4.59318,0.4327710102861297,50.95926055280262,4.597993116248656,2020,3,15,23038,Kampenhout,Normaal,Droog,Dag,met lichtgewonden,9,personenauto,3,Fiets,Buiten Kruispunt,Gewestweg,buiten bebouwde kom,Tss. 2 best.: langs opzij (voor-/achterkant-flank),Geen hindernis
18735,71,Kampenhout teller 2,Kampenhout,50.95589,4.59164,0.5817846935507947,50.95926055280262,4.597993116248656,2020,3,15,23038,Kampenhout,Normaal,Droog,Dag,met lichtgewonden,9,personenauto,3,Fiets,Buiten Kruispunt,Gewestweg,buiten bebouwde kom,Tss. 2 best.: langs opzij (voor-/achterkant-flank),Geen hindernis
18738,13,Gent,Gent,51.03018,3.70146,1.0848892863707515,51.02174202603796,3.7092477286631964,2020,3,9,44021,Gent,Normaal,Droog,Dag,met lichtgewonden,3,Fiets,9,personenauto,Op Kruispunt,Gewestweg,binnen bebouwde kom,Tss. 2 best.: langs opzij (voor-/achterkant-flank),Geen hindernis
18739,13,Gent,Gent,51.03018,3.70146,2.1640680163509973,51.04829997708206,3.712754162148063,2020,3,13,44021,Gent,Onbekend,Onbekend,Dag,met lichtgewonden,9,personenauto,3,Fiets,Buiten Kruispunt,Gemeenteweg,binnen bebouwde kom,Tss. 2 best.: langs opzij (voor-/achterkant-flank),Geen hindernis
18740,136,Gent R4,Gent,51.0876313,3.7587918,2.159576988720386,51.088263899164,3.7278884236790764,2020,3,16,44021,Gent,Onbekend,Droog,Dag,met lichtgewonden,3,Fiets,11,een weggebruiker tegen een hindernis,Op Kruispunt,Gewestweg,binnen bebouwde kom,Weggebruiker tegen hindernis buiten rijbaan,Buiten de rijbaan: Andere paal
18743,13,Gent,Gent,51.03018,3.70146,2.0843781551045395,51.04827299747568,3.709255741685498,2020,3,12,44021,Gent,Normaal,"Nat, plassen",Dag,met lichtgewonden,8,Voetganger,3,Fiets,Buiten Kruispunt,Gewestweg,binnen bebouwde kom,Met een voetganger,Geen hindernis
18744,13,Gent,Gent,51.03018,3.70146,1.7908194106714164,51.04289342108684,3.7171825375334246,2020,3,8,44021,Gent,Normaal,Droog,Dag,met lichtgewonden,3,Fiets,3,Fiets,Op Kruispunt,Gewestweg,binnen bebouwde kom,Tss. 2 best.: langs opzij (voor-/achterkant-flank),Geen hindernis
18747,136,Gent R4,Gent,51.0876313,3.7587918,1.6895014456020871,51.07817388102386,3.77772200335818,2020,3,7,44021,Gent,Normaal,Droog,Dag,met lichtgewonden,3,Fiets,3,Fiets,Buiten Kruispunt,Gemeenteweg,binnen bebouwde kom,Tss. 2 best.: langs opzij (voor-/achterkant-flank),Geen hindernis
18748,136,Gent R4,Gent,51.0876313,3.7587918,0.9423863613677993,51.07916720517238,3.75810498175741,2020,3,12,44021,Gent,Normaal,Droog,Dag,met lichtgewonden,9,personenauto,3,Fiets,Buiten Kruispunt,Gemeenteweg,binnen bebouwde kom,Tss. 2 best.: langs opzij (voor-/achterkant-flank),Geen hindernis
18750,13,Gent,Gent,51.03018,3.70146,1.8144757575276125,51.04208142126025,3.7192134227103457,2020,3,8,44021,Gent,Onbekend,Droog,Dag,met lichtgewonden,3,Fiets,8,Voetganger,Op Kruispunt,Gewestweg,binnen bebouwde kom,Met een voetganger,Geen hindernis
18751,13,Gent,Gent,51.03018,3.70146,1.590223456601878,51.044393265601975,3.7039785277895203,2020,3,13,44021,Gent,Normaal,Droog,Dag,met lichtgewonden,3,Fiets,3,Fiets,Buiten Kruispunt,Gemeenteweg,binnen bebouwde kom,Tussen 2 bestuurders: Frontale botsing,Geen hindernis
18752,13,Gent,Gent,51.03018,3.70146,2.3548969712623045,51.05120800751618,3.7054628797258102,2020,3,11,44021,Gent,Normaal,"Nat, plassen",Dag,met lichtgewonden,9,personenauto,3,Fiets,Buiten Kruispunt,Gemeenteweg,binnen bebouwde kom,Tss. 2 best.: langs opzij (voor-/achterkant-flank),Geen hindernis
18753,136,Gent R4,Gent,51.0876313,3.7587918,2.4994114144390416,51.06635373245754,3.77032602329635,2020,3,8,44021,Gent,Regenval,"Nat, plassen",Dag,met lichtgewonden,9,personenauto,3,Fiets,Buiten Kruispunt,Gemeenteweg,binnen bebouwde kom,Tussen 2 bestuurders: Langs achteren,Geen hindernis
18755,136,Gent R4,Gent,51.0876313,3.7587918,2.275962404238124,51.07416737751285,3.73425180105102,2020,3,9,44021,Gent,Normaal,Droog,Dag,met lichtgewonden,9,personenauto,3,Fiets,Buiten Kruispunt,Gewestweg,binnen bebouwde kom,Tussen 2 bestuurders: Flank tegen flank,Geen hindernis
18762,114,Deinze teller 1,Nazareth,50.9598305,3.555502,0.2510971550618078,50.958594543282004,3.558502454459168,2020,3,16,44048,Nazareth,Normaal,Droog,Dag,met lichtgewonden,3,Fiets,10,"één bestuurder, geen hindernis",Buiten Kruispunt,Gewestweg,buiten bebouwde kom,"Eén bestuurder, geen hindernis (incl. val)",Geen hindernis
18762,113,Deinze teller 2,Deinze,50.96018,3.55578,0.25968708372495675,50.958594543282004,3.558502454459168,2020,3,16,44048,Nazareth,Normaal,Droog,Dag,met lichtgewonden,3,Fiets,10,"één bestuurder, geen hindernis",Buiten Kruispunt,Gewestweg,buiten bebouwde kom,"Eén bestuurder, geen hindernis (incl. val)",Geen hindernis
18767,7,Evergem 1,Evergem,51.1089,3.70317,1.715609950742439,51.11099975222533,3.727516326284127,2020,3,7,44019,Evergem,Onbekend,"Ijzel, sneeuw",Dageraad - schemering,met lichtgewonden,3,Fiets,10,"één bestuurder, geen hindernis",Op Kruispunt,Gemeenteweg,buiten bebouwde kom,"Eén bestuurder, geen hindernis (incl. val)",Geen hindernis
18767,6,Evergem 2,Evergem,51.10894,3.70298,1.728155801619583,51.11099975222533,3.727516326284127,2020,3,7,44019,Evergem,Onbekend,"Ijzel, sneeuw",Dageraad - schemering,met lichtgewonden,3,Fiets,10,"één bestuurder, geen hindernis",Op Kruispunt,Gemeenteweg,buiten bebouwde kom,"Eén bestuurder, geen hindernis (incl. val)",Geen hindernis
18769,115,Aalter,Aalter,51.1058367,3.4350591,2.250914363190944,51.08738438395392,3.448313728836377,2020,3,9,44084,Aalter,Normaal,Droog+Proper,Dag,met lichtgewonden,9,personenauto,3,Fiets,Op Kruispunt,Gewestweg,binnen bebouwde kom,Tussen 2 bestuurders: Frontale botsing,Geen hindernis
18793,128,Lokeren teller 1,Lokeren,51.09644,3.97023,0.6468800834799872,51.10221588009968,3.971336584282796,2020,3,8,46014,Lokeren,Normaal,"Nat, plassen",Dag,met lichtgewonden,1,Autobus,3,Fiets,Buiten Kruispunt,Gemeenteweg,binnen bebouwde kom,Tussen 2 bestuurders: Flank tegen flank,Geen hindernis
18793,129,Lokeren teller 2,Lokeren,51.09612,3.97025,0.6820642028374585,51.10221588009968,3.971336584282796,2020,3,8,46014,Lokeren,Normaal,"Nat, plassen",Dag,met lichtgewonden,1,Autobus,3,Fiets,Buiten Kruispunt,Gemeenteweg,binnen bebouwde kom,Tussen 2 bestuurders: Flank tegen flank,Geen hindernis
18794,128,Lokeren teller 1,Lokeren,51.09644,3.97023,1.4646683622770427,51.10930131560011,3.9657002604007725,2020,3,6,46014,Lokeren,Regenval,"Nat, plassen","Nacht, openbare verlichting aanwezig en ontstoken",met lichtgewonden,9,personenauto,3,Fiets,Buiten Kruispunt,Gewestweg,buiten bebouwde kom,Tss. 2 best.: langs opzij (voor-/achterkant-flank),Geen hindernis
18794,129,Lokeren teller 2,Lokeren,51.09612,3.97025,1.49972635031219,51.10930131560011,3.9657002604007725,2020,3,6,46014,Lokeren,Regenval,"Nat, plassen","Nacht, openbare verlichting aanwezig en ontstoken",met lichtgewonden,9,personenauto,3,Fiets,Buiten Kruispunt,Gewestweg,buiten bebouwde kom,Tss. 2 best.: langs opzij (voor-/achterkant-flank),Geen hindernis
18797,128,Lokeren teller 1,Lokeren,51.09644,3.97023,1.8712748682193756,51.11114932163101,3.9832506208307525,2020,3,17,46014,Lokeren,Normaal,Droog,Dag,met lichtgewonden,3,Fiets,9,personenauto,Op Kruispunt,Gewestweg,binnen bebouwde kom,Tss. 2 best.: langs opzij (voor-/achterkant-flank),Geen hindernis
18797,129,Lokeren teller 2,Lokeren,51.09612,3.97025,1.90178905855384,51.11114932163101,3.9832506208307525,2020,3,17,46014,Lokeren,Normaal,Droog,Dag,met lichtgewonden,3,Fiets,9,personenauto,Op Kruispunt,Gewestweg,binnen bebouwde kom,Tss. 2 best.: langs opzij (voor-/achterkant-flank),Geen hindernis
18799,126,Hamme totem,Hamme,51.1017709,4.1469307,1.590456524587129,51.09154419620362,4.1310073897226705,2020,3,11,42008,Hamme,Regenval,"Nat, plassen",Dag,met lichtgewonden,5,Lichte vrachtauto,3,Fiets,Op Kruispunt,Gemeenteweg,binnen bebouwde kom,Tss. 2 best.: langs opzij (voor-/achterkant-flank),Geen hindernis
18802,120,Zele teller 1,Zele,51.0607671,4.0547741,1.6229139780213924,51.069940742778584,4.036710367996863,2020,3,12,42028,Zele,Normaal,Droog,Dag,met lichtgewonden,9,personenauto,3,Fiets,Buiten Kruispunt,Gemeenteweg,binnen bebouwde kom,Tussen 2 bestuurders: Flank tegen flank,Geen hindernis
18802,121,Zele teller 2,Zele,51.0604067,4.0556696,1.6967966096044111,51.069940742778584,4.036710367996863,2020,3,12,42028,Zele,Normaal,Droog,Dag,met lichtgewonden,9,personenauto,3,Fiets,Buiten Kruispunt,Gemeenteweg,binnen bebouwde kom,Tussen 2 bestuurders: Flank tegen flank,Geen hindernis
18810,10,Aalst 2,Aalst,50.93549,4.01571,2.0592934430901617,50.94591700895314,4.039999514207649,2020,3,7,41002,Aalst,Normaal,Droog+Proper,Dag,met lichtgewonden,9,personenauto,3,Fiets,Op Kruispunt,Gemeenteweg,binnen bebouwde kom,Tss. 2 best.: langs opzij (voor-/achterkant-flank),Geen hindernis
18810,11,Aalst 3,Aalst,50.93385,4.01647,2.125673991203785,50.94591700895314,4.039999514207649,2020,3,7,41002,Aalst,Normaal,Droog+Proper,Dag,met lichtgewonden,9,personenauto,3,Fiets,Op Kruispunt,Gemeenteweg,binnen bebouwde kom,Tss. 2 best.: langs opzij (voor-/achterkant-flank),Geen hindernis
18810,19,Aalst 1,Aalst,50.93433,4.01471,2.190868783391191,50.94591700895314,4.039999514207649,2020,3,7,41002,Aalst,Normaal,Droog+Proper,Dag,met lichtgewonden,9,personenauto,3,Fiets,Op Kruispunt,Gemeenteweg,binnen bebouwde kom,Tss. 2 best.: langs opzij (voor-/achterkant-flank),Geen hindernis
18811,11,Aalst 3,Aalst,50.93385,4.01647,2.4172178818354224,50.91659229226324,4.03744109760473,2020,3,7,41002,Aalst,Normaal,Droog,Dag,met lichtgewonden,9,personenauto,3,Fiets,Buiten Kruispunt,Gemeenteweg,binnen bebouwde kom,Tss. 2 best.: langs opzij (voor-/achterkant-flank),Geen hindernis
18814,11,Aalst 3,Aalst,50.93385,4.01647,1.6172718522071954,50.92880059966608,4.038111907403742,2020,3,18,41002,Aalst,Regenval,"Nat, plassen","Nacht, openbare verlichting aanwezig en ontstoken",met lichtgewonden,3,Fiets,8,Voetganger,Buiten Kruispunt,Gewestweg,binnen bebouwde kom,Met een voetganger,Geen hindernis
18814,10,Aalst 2,Aalst,50.93549,4.01571,1.7372139683784482,50.92880059966608,4.038111907403742,2020,3,18,41002,Aalst,Regenval,"Nat, plassen","Nacht, openbare verlichting aanwezig en ontstoken",met lichtgewonden,3,Fiets,8,Voetganger,Buiten Kruispunt,Gewestweg,binnen bebouwde kom,Met een voetganger,Geen hindernis
18814,19,Aalst 1,Aalst,50.93433,4.01471,1.7514790908741211,50.92880059966608,4.038111907403742,2020,3,18,41002,Aalst,Regenval,"Nat, plassen","Nacht, openbare verlichting aanwezig en ontstoken",met lichtgewonden,3,Fiets,8,Voetganger,Buiten Kruispunt,Gewestweg,binnen bebouwde kom,Met een voetganger,Geen hindernis
18816,11,Aalst 3,Aalst,50.93385,4.01647,1.372315425959049,50.92812689476776,4.033819017990314,2020,3,15,41002,Aalst,Regenval,"Nat, plassen",Dag,met lichtgewonden,9,personenauto,3,Fiets,Buiten Kruispunt,Gewestweg,binnen bebouwde kom,Tussen 2 bestuurders: Langs achteren,Geen hindernis
18816,19,Aalst 1,Aalst,50.93433,4.01471,1.506371866892608,50.92812689476776,4.033819017990314,2020,3,15,41002,Aalst,Regenval,"Nat, plassen",Dag,met lichtgewonden,9,personenauto,3,Fiets,Buiten Kruispunt,Gewestweg,binnen bebouwde kom,Tussen 2 bestuurders: Langs achteren,Geen hindernis
18816,10,Aalst 2,Aalst,50.93549,4.01571,1.5102650747104742,50.92812689476776,4.033819017990314,2020,3,15,41002,Aalst,Regenval,"Nat, plassen",Dag,met lichtgewonden,9,personenauto,3,Fiets,Buiten Kruispunt,Gewestweg,binnen bebouwde kom,Tussen 2 bestuurders: Langs achteren,Geen hindernis
18821,125,Dendermonde totem,Dendermonde,51.0372706,4.1025998,0.47870676435132914,51.03311620346807,4.104395407049491,2020,3,10,42006,Dendermonde,Normaal,Droog,Dag,met lichtgewonden,3,Fiets,9,personenauto,Buiten Kruispunt,Gewestweg,binnen bebouwde kom,Tussen 2 bestuurders: Flank tegen flank,Geen hindernis
18821,122,Dendermonde teller 2,Dendermonde,51.0373918,4.1019222,0.5059008573632625,51.03311620346807,4.104395407049491,2020,3,10,42006,Dendermonde,Normaal,Droog,Dag,met lichtgewonden,3,Fiets,9,personenauto,Buiten Kruispunt,Gewestweg,binnen bebouwde kom,Tussen 2 bestuurders: Flank tegen flank,Geen hindernis
18822,142,TEST Validatie BRUGGE Y2H22022134,Brugge,51.22632,3.24095,0.2511880981224165,51.22415903229776,3.239898972972341,2020,3,14,31005,Brugge,Normaal,Droog,Dag,met lichtgewonden,3,Fiets,9,personenauto,Buiten Kruispunt,Gemeenteweg,binnen bebouwde kom,Tss. 2 best.: langs opzij (voor-/achterkant-flank),Geen hindernis
18822,52,Brugge,Brugge,51.22632,3.24095,0.2511880981224165,51.22415903229776,3.239898972972341,2020,3,14,31005,Brugge,Normaal,Droog,Dag,met lichtgewonden,3,Fiets,9,personenauto,Buiten Kruispunt,Gemeenteweg,binnen bebouwde kom,Tss. 2 best.: langs opzij (voor-/achterkant-flank),Geen hindernis
18822,54,Brugge teller 2,Brugge,51.23015,3.22818,1.0534217259579157,51.22415903229776,3.239898972972341,2020,3,14,31005,Brugge,Normaal,Droog,Dag,met lichtgewonden,3,Fiets,9,personenauto,Buiten Kruispunt,Gemeenteweg,binnen bebouwde kom,Tss. 2 best.: langs opzij (voor-/achterkant-flank),Geen hindernis
18822,53,Brugge teller 1,Brugge,51.23023,3.228,1.06875673440697,51.22415903229776,3.239898972972341,2020,3,14,31005,Brugge,Normaal,Droog,Dag,met lichtgewonden,3,Fiets,9,personenauto,Buiten Kruispunt,Gemeenteweg,binnen bebouwde kom,Tss. 2 best.: langs opzij (voor-/achterkant-flank),Geen hindernis
18823,54,Brugge teller 2,Brugge,51.23015,3.22818,0.43072946964626535,51.22877886264948,3.2339654360596644,2020,3,10,31005,Brugge,Normaal,Droog+Proper,Dag,met zwaargewonden,9,personenauto,3,Fiets,Op Kruispunt,Gemeenteweg,binnen bebouwde kom,Tss. 2 best.: langs opzij (voor-/achterkant-flank),Geen hindernis
18823,53,Brugge teller 1,Brugge,51.23023,3.228,0.44561685632083536,51.22877886264948,3.2339654360596644,2020,3,10,31005,Brugge,Normaal,Droog+Proper,Dag,met zwaargewonden,9,personenauto,3,Fiets,Op Kruispunt,Gemeenteweg,binnen bebouwde kom,Tss. 2 best.: langs opzij (voor-/achterkant-flank),Geen hindernis
18823,52,Brugge,Brugge,51.22632,3.24095,0.5579429310919286,51.22877886264948,3.2339654360596644,2020,3,10,31005,Brugge,Normaal,Droog+Proper,Dag,met zwaargewonden,9,personenauto,3,Fiets,Op Kruispunt,Gemeenteweg,binnen bebouwde kom,Tss. 2 best.: langs opzij (voor-/achterkant-flank),Geen hindernis
18823,142,TEST Validatie BRUGGE Y2H22022134,Brugge,51.22632,3.24095,0.5579429310919286,51.22877886264948,3.2339654360596644,2020,3,10,31005,Brugge,Normaal,Droog+Proper,Dag,met zwaargewonden,9,personenauto,3,Fiets,Op Kruispunt,Gemeenteweg,binnen bebouwde kom,Tss. 2 best.: langs opzij (voor-/achterkant-flank),Geen hindernis
18825,142,TEST Validatie BRUGGE Y2H22022134,Brugge,51.22632,3.24095,0.5715823810311629,51.223363538067,3.234235476025377,2020,3,18,31005,Brugge,Normaal,Droog+Proper,Dag,met zwaargewonden,5,Lichte vrachtauto,3,Fiets,Buiten Kruispunt,Gemeenteweg,binnen bebouwde kom,Tss. 2 best.: langs opzij (voor-/achterkant-flank),Geen hindernis
18825,52,Brugge,Brugge,51.22632,3.24095,0.5715823810311629,51.223363538067,3.234235476025377,2020,3,18,31005,Brugge,Normaal,Droog+Proper,Dag,met zwaargewonden,5,Lichte vrachtauto,3,Fiets,Buiten Kruispunt,Gemeenteweg,binnen bebouwde kom,Tss. 2 best.: langs opzij (voor-/achterkant-flank),Geen hindernis
18825,54,Brugge teller 2,Brugge,51.23015,3.22818,0.8644409397627456,51.223363538067,3.234235476025377,2020,3,18,31005,Brugge,Normaal,Droog+Proper,Dag,met zwaargewonden,5,Lichte vrachtauto,3,Fiets,Buiten Kruispunt,Gemeenteweg,binnen bebouwde kom,Tss. 2 best.: langs opzij (voor-/achterkant-flank),Geen hindernis
18825,53,Brugge teller 1,Brugge,51.23023,3.228,0.8783452039230093,51.223363538067,3.234235476025377,2020,3,18,31005,Brugge,Normaal,Droog+Proper,Dag,met zwaargewonden,5,Lichte vrachtauto,3,Fiets,Buiten Kruispunt,Gemeenteweg,binnen bebouwde kom,Tss. 2 best.: langs opzij (voor-/achterkant-flank),Geen hindernis
18829,20,Brugge,Brugge,51.17416,3.20048,1.659925349880497,51.18849553473995,3.207122797409579,2020,3,17,31005,Brugge,Normaal,Droog,Dag,met lichtgewonden,9,personenauto,3,Fiets,Buiten Kruispunt,Gemeenteweg,binnen bebouwde kom,Tss. 2 best.: langs opzij (voor-/achterkant-flank),Geen hindernis
18840,15,Oostende 2,Oostende,51.21371,2.92743,1.9803802881000983,51.22893013144595,2.9126627048060367,2020,3,16,35013,Oostende,Normaal,Droog,Dag,met lichtgewonden,9,personenauto,3,Fiets,Buiten Kruispunt,Gemeenteweg,binnen bebouwde kom,Tussen 2 bestuurders: Frontale botsing,Geen hindernis
18840,18,Oostende 1,Oostende,51.21378,2.92765,1.9817588008546125,51.22893013144595,2.9126627048060367,2020,3,16,35013,Oostende,Normaal,Droog,Dag,met lichtgewonden,9,personenauto,3,Fiets,Buiten Kruispunt,Gemeenteweg,binnen bebouwde kom,Tussen 2 bestuurders: Frontale botsing,Geen hindernis
18841,18,Oostende 1,Oostende,51.21378,2.92765,2.392242641316418,51.233691212000835,2.9406605277017968,2020,3,7,35013,Oostende,Normaal,Droog,Dag,met zwaargewonden,5,Lichte vrachtauto,3,Fiets,Op Kruispunt,Gewestweg,binnen bebouwde kom,Tss. 2 best.: langs opzij (voor-/achterkant-flank),Geen hindernis
18841,15,Oostende 2,Oostende,51.21371,2.92743,2.405275485057982,51.233691212000835,2.9406605277017968,2020,3,7,35013,Oostende,Normaal,Droog,Dag,met zwaargewonden,5,Lichte vrachtauto,3,Fiets,Op Kruispunt,Gewestweg,binnen bebouwde kom,Tss. 2 best.: langs opzij (voor-/achterkant-flank),Geen hindernis
18842,15,Oostende 2,Oostende,51.21371,2.92743,1.760018698258953,51.22464179638376,2.9091544298020047,2020,3,11,35013,Oostende,Onbekend,Onbekend,Dag,met lichtgewonden,3,Fiets,9,personenauto,Op Kruispunt,Gewestweg,binnen bebouwde kom,Tussen 2 bestuurders: Langs achteren,Geen hindernis
18842,18,Oostende 1,Oostende,51.21378,2.92765,1.7657974000728334,51.22464179638376,2.9091544298020047,2020,3,11,35013,Oostende,Onbekend,Onbekend,Dag,met lichtgewonden,3,Fiets,9,personenauto,Op Kruispunt,Gewestweg,binnen bebouwde kom,Tussen 2 bestuurders: Langs achteren,Geen hindernis
18843,15,Oostende 2,Oostende,51.21371,2.92743,1.4570194703177184,51.2168151373246,2.9071073073722413,2020,3,18,35013,Oostende,Normaal,"Nat, plassen","Nacht, openbare verlichting aanwezig en ontstoken",met lichtgewonden,5,Lichte vrachtauto,3,Fiets,Op Kruispunt,Gewestweg,binnen bebouwde kom,Tss. 2 best.: langs opzij (voor-/achterkant-flank),Geen hindernis
18843,18,Oostende 1,Oostende,51.21378,2.92765,1.470103487934475,51.2168151373246,2.9071073073722413,2020,3,18,35013,Oostende,Normaal,"Nat, plassen","Nacht, openbare verlichting aanwezig en ontstoken",met lichtgewonden,5,Lichte vrachtauto,3,Fiets,Op Kruispunt,Gewestweg,binnen bebouwde kom,Tss. 2 best.: langs opzij (voor-/achterkant-flank),Geen hindernis
18844,18,Oostende 1,Oostende,51.21378,2.92765,2.030370612453892,51.23092209670603,2.9176073917491063,2020,3,8,35013,Oostende,Regenval,"Nat, plassen",Dag,met lichtgewonden,5,Lichte vrachtauto,3,Fiets,Op Kruispunt,Gemeenteweg,binnen bebouwde kom,Tss. 2 best.: langs opzij (voor-/achterkant-flank),Geen hindernis
18844,15,Oostende 2,Oostende,51.21371,2.92743,2.0324722199081457,51.23092209670603,2.9176073917491063,2020,3,8,35013,Oostende,Regenval,"Nat, plassen",Dag,met lichtgewonden,5,Lichte vrachtauto,3,Fiets,Op Kruispunt,Gemeenteweg,binnen bebouwde kom,Tss. 2 best.: langs opzij (voor-/achterkant-flank),Geen hindernis
18845,15,Oostende 2,Oostende,51.21371,2.92743,1.254734374219751,51.21753932911269,2.910484559934448,2020,3,16,35013,Oostende,Normaal,Droog,Dag,met lichtgewonden,3,Fiets,9,personenauto,Buiten Kruispunt,Gemeenteweg,binnen bebouwde kom,Tss. 2 best.: langs opzij (voor-/achterkant-flank),Geen hindernis
18845,18,Oostende 1,Oostende,51.21378,2.92765,1.2665680050019152,51.21753932911269,2.910484559934448,2020,3,16,35013,Oostende,Normaal,Droog,Dag,met lichtgewonden,3,Fiets,9,personenauto,Buiten Kruispunt,Gemeenteweg,binnen bebouwde kom,Tss. 2 best.: langs opzij (voor-/achterkant-flank),Geen hindernis
18846,15,Oostende 2,Oostende,51.21371,2.92743,1.3626725316894936,51.22253591019303,2.9138563111924216,2020,3,9,35013,Oostende,Normaal,Droog,Dag,met lichtgewonden,9,personenauto,3,Fiets,Buiten Kruispunt,Gemeenteweg,binnen bebouwde kom,Tss. 2 best.: langs opzij (voor-/achterkant-flank),Geen hindernis
18846,18,Oostende 1,Oostende,51.21378,2.92765,1.3677952300519656,51.22253591019303,2.9138563111924216,2020,3,9,35013,Oostende,Normaal,Droog,Dag,met lichtgewonden,9,personenauto,3,Fiets,Buiten Kruispunt,Gemeenteweg,binnen bebouwde kom,Tss. 2 best.: langs opzij (voor-/achterkant-flank),Geen hindernis