crash_row_id,site_id,site_name,site_gemeente,site_lat,site_long,distance_km,crash_lat,crash_long,DT_YEAR_COLLISION,DT_MONTH_COLLISION,DT_TIME,CD_NIS,TX_MUNTY_COLLISION_NL,TX_WEATHER_NL,TX_ROAD_CONDITION_NL,TX_LIGHT_CONDITION_NL,TX_CLASS_ACCIDENTS_NL,CD_ROAD_USR_TYPE1,TX_ROAD_USR_TYPE1_NL,CD_ROAD_USR_TYPE2,TX_ROAD_USR_TYPE2_NL,TX_CROSSWAY_NL,CD_ROAD_TYPE_NL,TX_BUILD_UP_AREA_NL,TX_COLLISION_TYPE_NL,TX_OBSTACLES_NL
18847,18,Oostende 1,Oostende,51.21378,2.92765,1.9574495726875174,51.229184745689075,2.9412530804873644,2020,3,11,35013,Oostende,Normaal,Droog,Dag,met lichtgewonden,3,Fiets,9,personenauto,Buiten Kruispunt,Gewestweg,binnen bebouwde kom,Tss. 2 best.: langs opzij (voor-/achterkant-flank),Geen hindernis
18847,15,Oostende 2,Oostende,51.21371,2.92743,1.9716999817881014,51.229184745689075,2.9412530804873644,2020,3,11,35013,Oostende,Normaal,Droog,Dag,met lichtgewonden,3,Fiets,9,personenauto,Buiten Kruispunt,Gewestweg,binnen bebouwde kom,Tss. 2 best.: langs opzij (voor-/achterkant-flank),Geen hindernis
18859,84,Roeselare totem,Izegem,50.91717,3.18772,2.1899037713374843,50.9200782688224,3.218617262928674,2020,3,8,36008,Izegem,Normaal,"Nat, plassen",Dag,met lichtgewonden,9,personenauto,3,Fiets,Buiten Kruispunt,Gemeenteweg,binnen bebouwde kom,Tss. 2 best.: langs opzij (voor-/achterkant-flank),Geen hindernis
18867,75,Kortrijk teller 2,Kortrijk,50.81925,3.25731,1.5316758708319351,50.81890119944613,3.2791062988091255,2020,3,13,34022,Kortrijk,Normaal,Droog,Dag,met lichtgewonden,6,Bromfiets,3,Fiets,Op Kruispunt,Gemeenteweg,binnen bebouwde kom,Tss. 2 best.: langs opzij (voor-/achterkant-flank),Geen hindernis
18867,74,Kortrijk teller 1,Kortrijk,50.81909,3.25728,1.5334385741553953,50.81890119944613,3.2791062988091255,2020,3,13,34022,Kortrijk,Normaal,Droog,Dag,met lichtgewonden,6,Bromfiets,3,Fiets,Op Kruispunt,Gemeenteweg,binnen bebouwde kom,Tss. 2 best.: langs opzij (voor-/achterkant-flank),Geen hindernis
18867,16,Kortrijk 1,Kortrijk,50.83332,3.27777,1.6060425197321062,50.81890119944613,3.2791062988091255,2020,3,13,34022,Kortrijk,Normaal,Droog,Dag,met lichtgewonden,6,Bromfiets,3,Fiets,Op Kruispunt,Gemeenteweg,binnen bebouwde kom,Tss. 2 best.: langs opzij (voor-/achterkant-flank),Geen hindernis
18867,17,Kortrijk 2,Kortrijk,50.83339,3.27773,1.6139787641323509,50.81890119944613,3.2791062988091255,2020,3,13,34022,Kortrijk,Normaal,Droog,Dag,met lichtgewonden,6,Bromfiets,3,Fiets,Op Kruispunt,Gemeenteweg,binnen bebouwde kom,Tss. 2 best.: langs opzij (voor-/achterkant-flank),Geen hindernis
18867,143,Eco Display Classic Budastraat,Kortrijk,50.83066,3.26286,1.735468238243883,50.81890119944613,3.2791062988091255,2020,3,13,34022,Kortrijk,Normaal,Droog,Dag,met lichtgewonden,6,Bromfiets,3,Fiets,Op Kruispunt,Gemeenteweg,binnen bebouwde kom,Tss. 2 best.: langs opzij (voor-/achterkant-flank),Geen hindernis
18868,16,Kortrijk 1,Kortrijk,50.83332,3.27777,0.452630316268211,50.83001049022886,3.274017614666834,2020,3,8,34022,Kortrijk,Normaal,Droog,Dag,met lichtgewonden,9,personenauto,3,Fiets,Op Kruispunt,Gewestweg,binnen bebouwde kom,Tss. 2 best.: langs opzij (voor-/achterkant-flank),Geen hindernis
18868,17,Kortrijk 2,Kortrijk,50.83339,3.27773,0.4573736984728557,50.83001049022886,3.274017614666834,2020,3,8,34022,Kortrijk,Normaal,Droog,Dag,met lichtgewonden,9,personenauto,3,Fiets,Op Kruispunt,Gewestweg,binnen bebouwde kom,Tss. 2 best.: langs opzij (voor-/achterkant-flank),Geen hindernis
18868,143,Eco Display Classic Budastraat,Kortrijk,50.83066,3.26286,0.7869518249784192,50.83001049022886,3.274017614666834,2020,3,8,34022,Kortrijk,Normaal,Droog,Dag,met lichtgewonden,9,personenauto,3,Fiets,Op Kruispunt,Gewestweg,binnen bebouwde kom,Tss. 2 best.: langs opzij (voor-/achterkant-flank),Geen hindernis
18868,75,Kortrijk teller 2,Kortrijk,50.81925,3.25731,1.6759769069985495,50.83001049022886,3.274017614666834,2020,3,8,34022,Kortrijk,Normaal,Droog,Dag,met lichtgewonden,9,personenauto,3,Fiets,Op Kruispunt,Gewestweg,binnen bebouwde kom,Tss. 2 best.: langs opzij (voor-/achterkant-flank),Geen hindernis
18868,74,Kortrijk teller 1,Kortrijk,50.81909,3.25728,1.6901908205666534,50.83001049022886,3.274017614666834,2020,3,8,34022,Kortrijk,Normaal,Droog,Dag,met lichtgewonden,9,personenauto,3,Fiets,Op Kruispunt,Gewestweg,binnen bebouwde kom,Tss. 2 best.: langs opzij (voor-/achterkant-flank),Geen hindernis
18869,16,Kortrijk 1,Kortrijk,50.83332,3.27777,0.5832944975931362,50.82809852610676,3.2785671608585085,2020,3,10,34022,Kortrijk,Normaal,Droog,Dag,met lichtgewonden,9,personenauto,3,Fiets,Op Kruispunt,Gemeenteweg,binnen bebouwde kom,Tussen 2 bestuurders: Frontale botsing,Geen hindernis
18869,17,Kortrijk 2,Kortrijk,50.83339,3.27773,0.5913153958930837,50.82809852610676,3.2785671608585085,2020,3,10,34022,Kortrijk,Normaal,Droog,Dag,met lichtgewonden,9,personenauto,3,Fiets,Op Kruispunt,Gemeenteweg,binnen bebouwde kom,Tussen 2 bestuurders: Frontale botsing,Geen hindernis
18869,143,Eco Display Classic Budastraat,Kortrijk,50.83066,3.26286,1.1393559253355507,50.82809852610676,3.2785671608585085,2020,3,10,34022,Kortrijk,Normaal,Droog,Dag,met lichtgewonden,9,personenauto,3,Fiets,Op Kruispunt,Gemeenteweg,binnen bebouwde kom,Tussen 2 bestuurders: Frontale botsing,Geen hindernis
18869,75,Kortrijk teller 2,Kortrijk,50.81925,3.25731,1.788188493254036,50.82809852610676,3.2785671608585085,2020,3,10,34022,Kortrijk,Normaal,Droog,Dag,met lichtgewonden,9,personenauto,3,Fiets,Op Kruispunt,Gemeenteweg,binnen bebouwde kom,Tussen 2 bestuurders: Frontale botsing,Geen hindernis
18869,74,Kortrijk teller 1,Kortrijk,50.81909,3.25728,1.799791559245108,50.82809852610676,3.2785671608585085,2020,3,10,34022,Kortrijk,Normaal,Droog,Dag,met lichtgewonden,9,personenauto,3,Fiets,Op Kruispunt,Gemeenteweg,binnen bebouwde kom,Tussen 2 bestuurders: Frontale botsing,Geen hindernis
18870,74,Kortrijk teller 1,Kortrijk,50.81909,3.25728,1.6303876506053987,50.8119374293387,3.2370218181501955,2020,3,16,34022,Kortrijk,Normaal,Droog,Dag,met lichtgewonden,9,personenauto,3,Fiets,Op Kruispunt,Gemeenteweg,binnen bebouwde kom,Tss. 2 best.: langs opzij (voor-/achterkant-flank),Geen hindernis
18870,75,Kortrijk teller 2,Kortrijk,50.81925,3.25731,1.64096831560464,50.8119374293387,3.2370218181501955,2020,3,16,34022,Kortrijk,Normaal,Droog,Dag,met lichtgewonden,9,personenauto,3,Fiets,Op Kruispunt,Gemeenteweg,binnen bebouwde kom,Tss. 2 best.: langs opzij (voor-/achterkant-flank),Geen hindernis
18871,75,Kortrijk teller 2,Kortrijk,50.81925,3.25731,0.5156885989129958,50.8234444417283,3.2604420030688943,2020,2,18,34022,Kortrijk,Onbekend,Onbekend,Onbekend,met lichtgewonden,3,Fiets,8,Voetganger,Buiten Kruispunt,Gewestweg,binnen bebouwde kom,Met een voetganger,Geen hindernis
18871,74,Kortrijk teller 1,Kortrijk,50.81909,3.25728,0.5327089374466614,50.8234444417283,3.2604420030688943,2020,2,18,34022,Kortrijk,Onbekend,Onbekend,Onbekend,met lichtgewonden,3,Fiets,8,Voetganger,Buiten Kruispunt,Gewestweg,binnen bebouwde kom,Met een voetganger,Geen hindernis
18871,143,Eco Display Classic Budastraat,Kortrijk,50.83066,3.26286,0.8201114690590482,50.8234444417283,3.2604420030688943,2020,2,18,34022,Kortrijk,Onbekend,Onbekend,Onbekend,met lichtgewonden,3,Fiets,8,Voetganger,Buiten Kruispunt,Gewestweg,binnen bebouwde kom,Met een voetganger,Geen hindernis
18871,16,Kortrijk 1,Kortrijk,50.83332,3.27777,1.6392218932076765,50.8234444417283,3.2604420030688943,2020,2,18,34022,Kortrijk,Onbekend,Onbekend,Onbekend,met lichtgewonden,3,Fiets,8,Voetganger,Buiten Kruispunt,Gewestweg,binnen bebouwde kom,Met een voetganger,Geen hindernis
18871,17,Kortrijk 2,Kortrijk,50.83339,3.27773,1.64236746902932,50.8234444417283,3.2604420030688943,2020,2,18,34022,Kortrijk,Onbekend,Onbekend,Onbekend,met lichtgewonden,3,Fiets,8,Voetganger,Buiten Kruispunt,Gewestweg,binnen bebouwde kom,Met een voetganger,Geen hindernis
18876,67,Ieper totem,Ieper,50.85018,2.85624,2.426814625069452,50.85195869920137,2.8906942158866356,2020,3,11,33011,Ieper,Normaal,Droog,Dag,met lichtgewonden,3,Fiets,9,personenauto,Op Kruispunt,Gewestweg,binnen bebouwde kom,Tss. 2 best.: langs opzij (voor-/achterkant-flank),Geen hindernis
18876,68,Ieper,Ieper,50.85032,2.85608,2.4367925642346124,50.85195869920137,2.8906942158866356,2020,3,11,33011,Ieper,Normaal,Droog,Dag,met lichtgewonden,3,Fiets,9,personenauto,Op Kruispunt,Gewestweg,binnen bebouwde kom,Tss. 2 best.: langs opzij (voor-/achterkant-flank),Geen hindernis
18877,67,Ieper totem,Ieper,50.85018,2.85624,1.269065853747228,50.84495058555686,2.8723069255613214,2020,3,8,33011,Ieper,Normaal,Droog,Dag,met lichtgewonden,3,Fiets,9,personenauto,Op Kruispunt,Gemeenteweg,binnen bebouwde kom,Tss. 2 best.: langs opzij (voor-/achterkant-flank),Geen hindernis
18877,68,Ieper,Ieper,50.85032,2.85608,1.286211148843033,50.84495058555686,2.8723069255613214,2020,3,8,33011,Ieper,Normaal,Droog,Dag,met lichtgewonden,3,Fiets,9,personenauto,Op Kruispunt,Gemeenteweg,binnen bebouwde kom,Tss. 2 best.: langs opzij (voor-/achterkant-flank),Geen hindernis
18880,136,Gent R4,Gent,51.0876313,3.7587918,1.5045334347103834,51.076592639428995,3.7463362715754713,2020,3,13,44021,Gent,Normaal,"Nat, plassen",Dag,Met doden,3,Fiets,4,Vrachtwagen,Op Kruispunt,Gemeenteweg,binnen bebouwde kom,Tss. 2 best.: langs opzij (voor-/achterkant-flank),Geen hindernis
18883,124,Beveren teller 2,Beveren,51.1964712,4.2361077,1.5214962265814955,51.20882107109756,4.245510424964891,2020,3,8,46003,Beveren,Normaal,Droog,Dag,met lichtgewonden,9,personenauto,3,Fiets,Buiten Kruispunt,Gemeenteweg,binnen bebouwde kom,Tss. 2 best.: langs opzij (voor-/achterkant-flank),Geen hindernis
18886,124,Beveren teller 2,Beveren,51.1964712,4.2361077,2.252061585776226,51.21268261240402,4.255484284841561,2020,3,13,46003,Beveren,Normaal,Droog,Dag,met lichtgewonden,9,personenauto,3,Fiets,Buiten Kruispunt,Gemeenteweg,binnen bebouwde kom,Tss. 2 best.: langs opzij (voor-/achterkant-flank),Geen hindernis
18888,106,St. pieters leeuw teller 1,Sint-Pieters-Leeuw,50.75533,4.24951,1.1569912415322707,50.75743724156157,4.233403215970392,2020,3,15,23077,Sint-Pieters-Leeuw,Normaal,Droog,Dag,met lichtgewonden,9,personenauto,3,Fiets,Buiten Kruispunt,Gemeenteweg,binnen bebouwde kom,Tussen 2 bestuurders: Frontale botsing,Geen hindernis
18888,105,St. pieters leeuw teller 2,Halle,50.75509,4.24943,1.157209212516992,50.75743724156157,4.233403215970392,2020,3,15,23077,Sint-Pieters-Leeuw,Normaal,Droog,Dag,met lichtgewonden,9,personenauto,3,Fiets,Buiten Kruispunt,Gemeenteweg,binnen bebouwde kom,Tussen 2 bestuurders: Frontale botsing,Geen hindernis
18890,99,Mechelen teller 1,Mechelen,51.04564,4.46882,1.7610026196104915,51.03269948054157,4.454300106071018,2020,3,17,12025,Mechelen,Regenval,"Nat, plassen",Dag,met lichtgewonden,3,Fiets,11,een weggebruiker tegen een hindernis,Buiten Kruispunt,Gewestweg,binnen bebouwde kom,Weggebruiker tegen hindernis op de rijbaan,Op de rijbaan: Dier (wild dier)
18890,100,Mechelen teller 2,Mechelen,51.0457,4.46883,1.766859809768786,51.03269948054157,4.454300106071018,2020,3,17,12025,Mechelen,Regenval,"Nat, plassen",Dag,met lichtgewonden,3,Fiets,11,een weggebruiker tegen een hindernis,Buiten Kruispunt,Gewestweg,binnen bebouwde kom,Weggebruiker tegen hindernis op de rijbaan,Op de rijbaan: Dier (wild dier)
18891,99,Mechelen teller 1,Mechelen,51.04564,4.46882,1.872610680899689,51.03036973425016,4.480113645591866,2020,3,8,12025,Mechelen,Regenval,"Nat, plassen",Dag,met lichtgewonden,3,Fiets,3,Fiets,Buiten Kruispunt,Gemeenteweg,binnen bebouwde kom,Tss. 2 best.: langs opzij (voor-/achterkant-flank),Geen hindernis
18891,100,Mechelen teller 2,Mechelen,51.0457,4.46883,1.8783682998248625,51.03036973425016,4.480113645591866,2020,3,8,12025,Mechelen,Regenval,"Nat, plassen",Dag,met lichtgewonden,3,Fiets,3,Fiets,Buiten Kruispunt,Gemeenteweg,binnen bebouwde kom,Tss. 2 best.: langs opzij (voor-/achterkant-flank),Geen hindernis
18895,99,Mechelen teller 1,Mechelen,51.04564,4.46882,1.3121338032192436,51.03692393578389,4.481471415228022,2020,3,12,12025,Mechelen,Normaal,Droog,Dag,met lichtgewonden,3,Fiets,9,personenauto,Buiten Kruispunt,Gewestweg,buiten bebouwde kom,Tussen 2 bestuurders: Flank tegen flank,Geen hindernis
18895,100,Mechelen teller 2,Mechelen,51.0457,4.46883,1.3165995801512997,51.03692393578389,4.481471415228022,2020,3,12,12025,Mechelen,Normaal,Droog,Dag,met lichtgewonden,3,Fiets,9,personenauto,Buiten Kruispunt,Gewestweg,buiten bebouwde kom,Tussen 2 bestuurders: Flank tegen flank,Geen hindernis
18896,33,Lummen,Lummen,50.97978,5.20936,2.0620353259806357,50.997027348686316,5.198536257829837,2020,3,13,71037,Lummen,Normaal,Droog,Dag,met zwaargewonden,3,Fiets,9,personenauto,Op Kruispunt,Gewestweg,buiten bebouwde kom,Tss. 2 best.: langs opzij (voor-/achterkant-flank),Geen hindernis
18896,32,Lummen,Lummen,50.97971,5.20961,2.07574728058818,50.997027348686316,5.198536257829837,2020,3,13,71037,Lummen,Normaal,Droog,Dag,met zwaargewonden,3,Fiets,9,personenauto,Op Kruispunt,Gewestweg,buiten bebouwde kom,Tss. 2 best.: langs opzij (voor-/achterkant-flank),Geen hindernis
18898,140,Hasselt ring,Hasselt,50.9300038,5.3438616,0.8005599982015003,50.92986296462123,5.332440735680124,2020,3,8,71022,Hasselt,Normaal,Droog,Dag,met lichtgewonden,9,personenauto,3,Fiets,Op Kruispunt,Gewestweg,binnen bebouwde kom,Tss. 2 best.: langs opzij (voor-/achterkant-flank),Geen hindernis
18898,138,Hasselt-Kempische brug,Hasselt,50.9405318,5.3422472,1.3709786089280718,50.92986296462123,5.332440735680124,2020,3,8,71022,Hasselt,Normaal,Droog,Dag,met lichtgewonden,9,personenauto,3,Fiets,Op Kruispunt,Gewestweg,binnen bebouwde kom,Tss. 2 best.: langs opzij (voor-/achterkant-flank),Geen hindernis
18898,137,Hasselt-Kempische brug,Hasselt,50.9411605,5.3417576,1.415752454979691,50.92986296462123,5.332440735680124,2020,3,8,71022,Hasselt,Normaal,Droog,Dag,met lichtgewonden,9,personenauto,3,Fiets,Op Kruispunt,Gewestweg,binnen bebouwde kom,Tss. 2 best.: langs opzij (voor-/achterkant-flank),Geen hindernis
18899,140,Hasselt ring,Hasselt,50.9300038,5.3438616,0.6130189137938685,50.92540406964893,5.339040023413534,2020,3,8,71022,Hasselt,Normaal,Droog,Dag,met lichtgewonden,1,Autobus,3,Fiets,Op Kruispunt,Gemeenteweg,binnen bebouwde kom,Tussen 2 bestuurders: Flank tegen flank,Geen hindernis
18899,138,Hasselt-Kempische brug,Hasselt,50.9405318,5.3422472,1.6970753966354135,50.92540406964893,5.339040023413534,2020,3,8,71022,Hasselt,Normaal,Droog,Dag,met lichtgewonden,1,Autobus,3,Fiets,Op Kruispunt,Gemeenteweg,binnen bebouwde kom,Tussen 2 bestuurders: Flank tegen flank,Geen hindernis
18899,137,Hasselt-Kempische brug,Hasselt,50.9411605,5.3417576,1.7623549976410573,50.92540406964893,5.339040023413534,2020,3,8,71022,Hasselt,Normaal,Droog,Dag,met lichtgewonden,1,Autobus,3,Fiets,Op Kruispunt,Gemeenteweg,binnen bebouwde kom,Tussen 2 bestuurders: Flank tegen flank,Geen hindernis
18904,25,Bree,Bree,51.13679500160176,5.597669323604317,1.0991540408121219,51.1445349815667,5.6074691910659045,2020,3,22,72004,Bree,Normaal,Droog,"Nacht, openbare verlichting aanwezig en ontstoken",met zwaargewonden,9,personenauto,3,Fiets,Op Kruispunt,Gewestweg,binnen bebouwde kom,Tussen 2 bestuurders: Frontale botsing,Geen hindernis
18906,14,Genk,Genk,50.97172,5.48927,2.1578619897089086,50.95807177039369,5.511175127583828,2020,3,14,71016,Genk,Onbekend,Onbekend,Dag,met lichtgewonden,3,Fiets,4,Vrachtwagen,Buiten Kruispunt,Gemeenteweg,buiten bebouwde kom,Tussen 2 bestuurders: Frontale botsing,Geen hindernis
18909,113,Deinze teller 2,Deinze,50.96018,3.55578,2.4817173327863675,50.982479972959844,3.554331478738021,2020,3,6,44083,Deinze,Regenval,"Nat, plassen","Nacht, openbare verlichting aanwezig en ontstoken",met zwaargewonden,3,Fiets,9,personenauto,Op Kruispunt,Gewestweg,buiten bebouwde kom,Tss. 2 best.: langs opzij (voor-/achterkant-flank),Geen hindernis
18927,2,Brasschaat 2,Brasschaat,51.27512,4.47169,1.176237973372245,51.27674960248664,4.454982231100759,2020,4,12,11002,Antwerpen,Normaal,Droog,Dag,met lichtgewonden,5,Lichte vrachtauto,3,Fiets,Op Kruispunt,Gewestweg,buiten bebouwde kom,Tss. 2 best.: langs opzij (voor-/achterkant-flank),Geen hindernis
18927,3,Brasschaat 1,Brasschaat,51.27503,4.47222,1.2142149595680394,51.27674960248664,4.454982231100759,2020,4,12,11002,Antwerpen,Normaal,Droog,Dag,met lichtgewonden,5,Lichte vrachtauto,3,Fiets,Op Kruispunt,Gewestweg,buiten bebouwde kom,Tss. 2 best.: langs opzij (voor-/achterkant-flank),Geen hindernis
18976,93,Nijlen teller 2,Nijlen,51.14998,4.64469,1.1389160608191184,51.15836538385818,4.63531267596399,2020,4,13,12026,Nijlen,Normaal,Droog,Dag,met lichtgewonden,9,personenauto,3,Fiets,Op Kruispunt,Gemeenteweg,buiten bebouwde kom,Tss. 2 best.: langs opzij (voor-/achterkant-flank),Geen hindernis
18976,92,Nijlen teller 1,Nijlen,51.14989,4.64479,1.1511144826811524,51.15836538385818,4.63531267596399,2020,4,13,12026,Nijlen,Normaal,Droog,Dag,met lichtgewonden,9,personenauto,3,Fiets,Op Kruispunt,Gemeenteweg,buiten bebouwde kom,Tss. 2 best.: langs opzij (voor-/achterkant-flank),Geen hindernis
18990,88,Westerlo teller 1,Westerlo,51.082,4.91325,0.7401016160574865,51.08778877831061,4.9184794284981335,2020,4,15,13049,Westerlo,Normaal,Droog,Dag,met lichtgewonden,3,Fiets,11,een weggebruiker tegen een hindernis,Buiten Kruispunt,Gemeenteweg,binnen bebouwde kom,Weggebruiker tegen hindernis buiten rijbaan,Andere hindernis
18990,89,Westerlo teller 2,Westerlo,51.08191,4.91334,0.745775566503139,51.08778877831061,4.9184794284981335,2020,4,15,13049,Westerlo,Normaal,Droog,Dag,met lichtgewonden,3,Fiets,11,een weggebruiker tegen een hindernis,Buiten Kruispunt,Gemeenteweg,binnen bebouwde kom,Weggebruiker tegen hindernis buiten rijbaan,Andere hindernis
18991,88,Westerlo teller 1,Westerlo,51.082,4.91325,2.4404613520336174,51.10307552196773,4.903497330577673,2020,4,8,13049,Westerlo,Normaal,Droog,Dag,met zwaargewonden,9,personenauto,3,Fiets,Op Kruispunt,Gemeenteweg,binnen bebouwde kom,Tss. 2 best.: langs opzij (voor-/achterkant-flank),Geen hindernis
18991,89,Westerlo teller 2,Westerlo,51.08191,4.91334,2.45182775637014,51.10307552196773,4.903497330577673,2020,4,8,13049,Westerlo,Normaal,Droog,Dag,met zwaargewonden,9,personenauto,3,Fiets,Op Kruispunt,Gemeenteweg,binnen bebouwde kom,Tss. 2 best.: langs opzij (voor-/achterkant-flank),Geen hindernis
18993,98,Geel teller 2,Geel,51.1481,4.99643,1.9337730076736432,51.160648162108146,4.977232770349059,2020,4,14,13008,Geel,Normaal,Droog,Dag,met lichtgewonden,9,personenauto,3,Fiets,Op Kruispunt,Gemeenteweg,binnen bebouwde kom,Tss. 2 best.: langs opzij (voor-/achterkant-flank),Geen hindernis
18993,97,Geel teller 1,Geel,51.14813,4.99698,1.9581543535041084,51.160648162108146,4.977232770349059,2020,4,14,13008,Geel,Normaal,Droog,Dag,met lichtgewonden,9,personenauto,3,Fiets,Op Kruispunt,Gemeenteweg,binnen bebouwde kom,Tss. 2 best.: langs opzij (voor-/achterkant-flank),Geen hindernis
18995,5,Balen 2,Balen,51.16018,5.19003,1.9076384434942457,51.144810828387605,5.202183061261088,2020,4,10,13003,Balen,Normaal,Droog,Dag,met lichtgewonden,5,Lichte vrachtauto,3,Fiets,Buiten Kruispunt,Gemeenteweg,buiten bebouwde kom,Tussen 2 bestuurders: Flank tegen flank,Geen hindernis
18995,4,Balen 1,Balen,51.16023,5.19011,1.9101542823290738,51.144810828387605,5.202183061261088,2020,4,10,13003,Balen,Normaal,Droog,Dag,met lichtgewonden,5,Lichte vrachtauto,3,Fiets,Buiten Kruispunt,Gemeenteweg,buiten bebouwde kom,Tussen 2 bestuurders: Flank tegen flank,Geen hindernis
19011,107,leuven totem,Leuven,50.8870744,4.7087919,0.1047909955586994,50.886631351861205,4.710110382825859,2020,4,7,24062,Leuven,Normaal,Droog,Dag,met lichtgewonden,3,Fiets,3,Fiets,Op Kruispunt,Gewestweg,binnen bebouwde kom,Tss. 2 best.: langs opzij (voor-/achterkant-flank),Geen hindernis
19011,77,Leuven teller 2,Leuven,50.88672,4.70796,0.15116681375685964,50.886631351861205,4.710110382825859,2020,4,7,24062,Leuven,Normaal,Droog,Dag,met lichtgewonden,3,Fiets,3,Fiets,Op Kruispunt,Gewestweg,binnen bebouwde kom,Tss. 2 best.: langs opzij (voor-/achterkant-flank),Geen hindernis
19011,69,Leuven teller 1,Leuven,50.87549,4.71526,1.2904654414340317,50.886631351861205,4.710110382825859,2020,4,7,24062,Leuven,Normaal,Droog,Dag,met lichtgewonden,3,Fiets,3,Fiets,Op Kruispunt,Gewestweg,binnen bebouwde kom,Tss. 2 best.: langs opzij (voor-/achterkant-flank),Geen hindernis
19013,151,Leuven,District Leuven,50.8690262,4.6854839,0.9908820847074777,50.864069834256156,4.697217936775649,2020,4,16,24062,Leuven,Normaal,Onbekend,Dag,met lichtgewonden,3,Fiets,10,"één bestuurder, geen hindernis",Buiten Kruispunt,Gemeenteweg,binnen bebouwde kom,"Eén bestuurder, geen hindernis (incl. val)",Geen hindernis
19013,69,Leuven teller 1,Leuven,50.87549,4.71526,1.7931812279994945,50.864069834256156,4.697217936775649,2020,4,16,24062,Leuven,Normaal,Onbekend,Dag,met lichtgewonden,3,Fiets,10,"één bestuurder, geen hindernis",Buiten Kruispunt,Gemeenteweg,binnen bebouwde kom,"Eén bestuurder, geen hindernis (incl. val)",Geen hindernis
19013,108,Heverlee teller 1,Leuven,50.8471728,4.6954674,1.8828783503006976,50.864069834256156,4.697217936775649,2020,4,16,24062,Leuven,Normaal,Onbekend,Dag,met lichtgewonden,3,Fiets,10,"één bestuurder, geen hindernis",Buiten Kruispunt,Gemeenteweg,binnen bebouwde kom,"Eén bestuurder, geen hindernis (incl. val)",Geen hindernis
19013,76,Heverlee teller 2,Leuven,50.84606,4.69597,2.0045172162909632,50.864069834256156,4.697217936775649,2020,4,16,24062,Leuven,Normaal,Onbekend,Dag,met lichtgewonden,3,Fiets,10,"één bestuurder, geen hindernis",Buiten Kruispunt,Gemeenteweg,binnen bebouwde kom,"Eén bestuurder, geen hindernis (incl. val)",Geen hindernis
19014,77,Leuven teller 2,Leuven,50.88672,4.70796,0.9465437448395114,50.88607504676656,4.694505344131629,2020,4,17,24062,Leuven,Normaal,Droog,Dag,met lichtgewonden,3,Fiets,11,een weggebruiker tegen een hindernis,Buiten Kruispunt,Gemeenteweg,binnen bebouwde kom,Weggebruiker tegen hindernis op de rijbaan,Op de rijbaan: Dier (wild dier)
19014,107,leuven totem,Leuven,50.8870744,4.7087919,1.0083176542510859,50.88607504676656,4.694505344131629,2020,4,17,24062,Leuven,Normaal,Droog,Dag,met lichtgewonden,3,Fiets,11,een weggebruiker tegen een hindernis,Buiten Kruispunt,Gemeenteweg,binnen bebouwde kom,Weggebruiker tegen hindernis op de rijbaan,Op de rijbaan: Dier (wild dier)
19014,69,Leuven teller 1,Leuven,50.87549,4.71526,1.8723013270167543,50.88607504676656,4.694505344131629,2020,4,17,24062,Leuven,Normaal,Droog,Dag,met lichtgewonden,3,Fiets,11,een weggebruiker tegen een hindernis,Buiten Kruispunt,Gemeenteweg,binnen bebouwde kom,Weggebruiker tegen hindernis op de rijbaan,Op de rijbaan: Dier (wild dier)
19014,151,Leuven,District Leuven,50.8690262,4.6854839,1.998621752323366,50.88607504676656,4.694505344131629,2020,4,17,24062,Leuven,Normaal,Droog,Dag,met lichtgewonden,3,Fiets,11,een weggebruiker tegen een hindernis,Buiten Kruispunt,Gemeenteweg,binnen bebouwde kom,Weggebruiker tegen hindernis op de rijbaan,Op de rijbaan: Dier (wild dier)
19015,69,Leuven teller 1,Leuven,50.87549,4.71526,0.5819625429122349,50.87997673855533,4.71953054116517,2020,4,18,24062,Leuven,Normaal,Droog,Dag,met lichtgewonden,3,Fiets,9,personenauto,Buiten Kruispunt,Gemeenteweg,binnen bebouwde kom,Tussen 2 bestuurders: Frontale botsing,Geen hindernis
19015,107,leuven totem,Leuven,50.8870744,4.7087919,1.0910561766231734,50.87997673855533,4.71953054116517,2020,4,18,24062,Leuven,Normaal,Droog,Dag,met lichtgewonden,3,Fiets,9,personenauto,Buiten Kruispunt,Gemeenteweg,binnen bebouwde kom,Tussen 2 bestuurders: Frontale botsing,Geen hindernis
19015,77,Leuven teller 2,Leuven,50.88672,4.70796,1.1050318407505666,50.87997673855533,4.71953054116517,2020,4,18,24062,Leuven,Normaal,Droog,Dag,met lichtgewonden,3,Fiets,9,personenauto,Buiten Kruispunt,Gemeenteweg,binnen bebouwde kom,Tussen 2 bestuurders: Frontale botsing,Geen hindernis
19016,69,Leuven teller 1,Leuven,50.87549,4.71526,0.631168327791991,50.880639268450565,4.711474667011317,2020,4,17,24062,Leuven,Normaal,Droog,Dag,met lichtgewonden,3,Fiets,6,Bromfiets,Buiten Kruispunt,Gemeenteweg,binnen bebouwde kom,Tussen 2 bestuurders: Flank tegen flank,Geen hindernis
19016,77,Leuven teller 2,Leuven,50.88672,4.70796,0.7196994430195,50.880639268450565,4.711474667011317,2020,4,17,24062,Leuven,Normaal,Droog,Dag,met lichtgewonden,3,Fiets,6,Bromfiets,Buiten Kruispunt,Gemeenteweg,binnen bebouwde kom,Tussen 2 bestuurders: Flank tegen flank,Geen hindernis
19016,107,leuven totem,Leuven,50.8870744,4.7087919,0.7398902321805528,50.880639268450565,4.711474667011317,2020,4,17,24062,Leuven,Normaal,Droog,Dag,met lichtgewonden,3,Fiets,6,Bromfiets,Buiten Kruispunt,Gemeenteweg,binnen bebouwde kom,Tussen 2 bestuurders: Flank tegen flank,Geen hindernis