crash_row_id,site_id,site_name,site_gemeente,site_lat,site_long,distance_km,crash_lat,crash_long,DT_YEAR_COLLISION,DT_MONTH_COLLISION,DT_TIME,CD_NIS,TX_MUNTY_COLLISION_NL,TX_WEATHER_NL,TX_ROAD_CONDITION_NL,TX_LIGHT_CONDITION_NL,TX_CLASS_ACCIDENTS_NL,CD_ROAD_USR_TYPE1,TX_ROAD_USR_TYPE1_NL,CD_ROAD_USR_TYPE2,TX_ROAD_USR_TYPE2_NL,TX_CROSSWAY_NL,CD_ROAD_TYPE_NL,TX_BUILD_UP_AREA_NL,TX_COLLISION_TYPE_NL,TX_OBSTACLES_NL
19016,151,Leuven,District Leuven,50.8690262,4.6854839,2.2345566900458835,50.880639268450565,4.711474667011317,2020,4,17,24062,Leuven,Normaal,Droog,Dag,met lichtgewonden,3,Fiets,6,Bromfiets,Buiten Kruispunt,Gemeenteweg,binnen bebouwde kom,Tussen 2 bestuurders: Flank tegen flank,Geen hindernis
19017,69,Leuven teller 1,Leuven,50.87549,4.71526,2.446262144426772,50.8633869822948,4.744370526740637,2020,4,16,24011,Bierbeek,Normaal,Droog,Dag,met lichtgewonden,3,Fiets,3,Fiets,Op Kruispunt,Gemeenteweg,buiten bebouwde kom,Tussen 2 bestuurders: Frontale botsing,Geen hindernis
19019,77,Leuven teller 2,Leuven,50.88672,4.70796,0.9457177841555208,50.87970380367323,4.700340513624644,2020,5,10,24062,Leuven,Normaal,Droog,Dag,met lichtgewonden,3,Fiets,10,"één bestuurder, geen hindernis",Buiten Kruispunt,Gemeenteweg,binnen bebouwde kom,"Eén bestuurder, geen hindernis (incl. val)",Geen hindernis
19019,107,leuven totem,Leuven,50.8870744,4.7087919,1.011542431661149,50.87970380367323,4.700340513624644,2020,5,10,24062,Leuven,Normaal,Droog,Dag,met lichtgewonden,3,Fiets,10,"één bestuurder, geen hindernis",Buiten Kruispunt,Gemeenteweg,binnen bebouwde kom,"Eén bestuurder, geen hindernis (incl. val)",Geen hindernis
19019,69,Leuven teller 1,Leuven,50.87549,4.71526,1.1468579313981122,50.87970380367323,4.700340513624644,2020,5,10,24062,Leuven,Normaal,Droog,Dag,met lichtgewonden,3,Fiets,10,"één bestuurder, geen hindernis",Buiten Kruispunt,Gemeenteweg,binnen bebouwde kom,"Eén bestuurder, geen hindernis (incl. val)",Geen hindernis
19019,151,Leuven,District Leuven,50.8690262,4.6854839,1.5799828693061755,50.87970380367323,4.700340513624644,2020,5,10,24062,Leuven,Normaal,Droog,Dag,met lichtgewonden,3,Fiets,10,"één bestuurder, geen hindernis",Buiten Kruispunt,Gemeenteweg,binnen bebouwde kom,"Eén bestuurder, geen hindernis (incl. val)",Geen hindernis
19020,102,Diest teller 2,Diest,50.9779,5.04474,2.3238289357069672,50.96149707962965,5.024175845857342,2020,4,12,24008,Bekkevoort,Normaal,Droog,Dag,Met doden,5,Lichte vrachtauto,3,Fiets,Op Kruispunt,Gewestweg,buiten bebouwde kom,Tussen 2 bestuurders: Langs achteren,Geen hindernis
19020,101,Diest teller 1,Diest,50.97799,5.04481,2.3347212364339165,50.96149707962965,5.024175845857342,2020,4,12,24008,Bekkevoort,Normaal,Droog,Dag,Met doden,5,Lichte vrachtauto,3,Fiets,Op Kruispunt,Gewestweg,buiten bebouwde kom,Tussen 2 bestuurders: Langs achteren,Geen hindernis
19023,72,Herent teller 1,Herent,50.89135,4.64689,1.5324959855784643,50.8969043790466,4.626892932467526,2020,4,13,24038,Herent,Normaal,Droog,Dag,met lichtgewonden,3,Fiets,10,"één bestuurder, geen hindernis",Buiten Kruispunt,Gemeenteweg,binnen bebouwde kom,"Eén bestuurder, geen hindernis (incl. val)",Geen hindernis
19023,73,Herent teller 2,Herent,50.89128,4.64685,1.53308854235688,50.8969043790466,4.626892932467526,2020,4,13,24038,Herent,Normaal,Droog,Dag,met lichtgewonden,3,Fiets,10,"één bestuurder, geen hindernis",Buiten Kruispunt,Gemeenteweg,binnen bebouwde kom,"Eén bestuurder, geen hindernis (incl. val)",Geen hindernis
19025,87,Aarschot,Aarschot,50.99084,4.81259,0.5762881506192046,50.989168201753074,4.8203834599987365,2020,3,12,24001,Aarschot,Onbekend,Onbekend,Dag,met lichtgewonden,3,Fiets,11,een weggebruiker tegen een hindernis,Buiten Kruispunt,Gemeenteweg,buiten bebouwde kom,Weggebruiker tegen hindernis op de rijbaan,"Op de rijbaan: Werken (signal., aarde, toestel,…)"
19026,87,Aarschot,Aarschot,50.99084,4.81259,2.126770985914112,50.992370349110516,4.842879406298119,2020,4,10,24001,Aarschot,Normaal,Droog,Dag,met lichtgewonden,9,personenauto,3,Fiets,Op Kruispunt,Gewestweg,buiten bebouwde kom,Tss. 2 best.: langs opzij (voor-/achterkant-flank),Geen hindernis
19027,87,Aarschot,Aarschot,50.99084,4.81259,1.798651564369982,50.986330848745574,4.837268438390075,2020,4,11,24001,Aarschot,Normaal,Droog,Dag,met lichtgewonden,9,personenauto,3,Fiets,Op Kruispunt,Gewestweg,binnen bebouwde kom,Tussen 2 bestuurders: Flank tegen flank,Geen hindernis
19032,87,Aarschot,Aarschot,50.99084,4.81259,1.9369591316269212,50.987873422940396,4.7853207583237385,2020,4,12,24007,Begijnendijk,Normaal,Droog+Proper,Dag,Met doden,5,Lichte vrachtauto,3,Fiets,Buiten Kruispunt,Gemeenteweg,binnen bebouwde kom,Tss. 2 best.: langs opzij (voor-/achterkant-flank),Geen hindernis
19035,111,Zaventem totem,Zaventem,50.8871216,4.4597084,1.3009551238596642,50.87897751831592,4.473022464197409,2020,4,14,23094,Zaventem,Onbekend,Onbekend,Dag,met lichtgewonden,2,Andere weggebruiker,3,Fiets,Op Kruispunt,Gewestweg,binnen bebouwde kom,Tss. 2 best.: langs opzij (voor-/achterkant-flank),Geen hindernis
19035,26,Zaventem,Zaventem,50.86995,4.45444,1.6455108855577596,50.87897751831592,4.473022464197409,2020,4,14,23094,Zaventem,Onbekend,Onbekend,Dag,met lichtgewonden,2,Andere weggebruiker,3,Fiets,Op Kruispunt,Gewestweg,binnen bebouwde kom,Tss. 2 best.: langs opzij (voor-/achterkant-flank),Geen hindernis
19037,12,Tervuren,Kraainem,50.81896,4.47803,0.17473059259368434,50.82049592762108,4.477504560426494,2020,4,15,23099,Kraainem,Normaal,Droog,Dag,met lichtgewonden,3,Fiets,10,"één bestuurder, geen hindernis",Op Kruispunt,Gewestweg,buiten bebouwde kom,"Eén bestuurder, geen hindernis (incl. val)",Geen hindernis
19044,80,Wemmel teller 1,Wemmel,50.91418,4.29571,0.8772401407295188,50.9138445047152,4.308211583396804,2020,4,19,23102,Wemmel,Normaal,Droog,Dag,met lichtgewonden,1,Autobus,3,Fiets,Buiten Kruispunt,Gemeenteweg,binnen bebouwde kom,Tussen 2 bestuurders: Flank tegen flank,Geen hindernis
19044,81,Wemmel teller 2,Wemmel,50.91439,4.29568,0.8806391974775142,50.9138445047152,4.308211583396804,2020,4,19,23102,Wemmel,Normaal,Droog,Dag,met lichtgewonden,1,Autobus,3,Fiets,Buiten Kruispunt,Gemeenteweg,binnen bebouwde kom,Tussen 2 bestuurders: Flank tegen flank,Geen hindernis
19044,27,Grimbergen,Meise,50.92127,4.34013,2.3850113499746923,50.9138445047152,4.308211583396804,2020,4,19,23102,Wemmel,Normaal,Droog,Dag,met lichtgewonden,1,Autobus,3,Fiets,Buiten Kruispunt,Gemeenteweg,binnen bebouwde kom,Tussen 2 bestuurders: Flank tegen flank,Geen hindernis
19048,152,Opwijk,District Vilvoorde-gewestwegen,50.968901168564656,4.149169474840164,0.08082439130923798,50.969211017264804,4.1502135918748095,2020,5,13,23060,Opwijk,Normaal,Droog,Dag,dodelijk gewonden,9,personenauto,3,Fiets,Op Kruispunt,Gewestweg,buiten bebouwde kom,Tss. 2 best.: langs opzij (voor-/achterkant-flank),Geen hindernis
19049,27,Grimbergen,Meise,50.92127,4.34013,2.3205626573760827,50.94204444307682,4.336976101826962,2020,4,19,23050,Meise,Normaal,Droog,Dag,met lichtgewonden,9,personenauto,3,Fiets,Op Kruispunt,Gewestweg,buiten bebouwde kom,Tss. 2 best.: langs opzij (voor-/achterkant-flank),Geen hindernis
19050,27,Grimbergen,Meise,50.92127,4.34013,2.151301653312107,50.90224174820502,4.345677991821643,2020,4,9,23025,Grimbergen,Normaal,Proper,Dag,met lichtgewonden,9,personenauto,3,Fiets,Op Kruispunt,Gewestweg,binnen bebouwde kom,Tss. 2 best.: langs opzij (voor-/achterkant-flank),Geen hindernis
19052,47,Vilvoorde,Vilvoorde,50.91372,4.41497,1.5812530109516345,50.92766578129511,4.419383017614023,2020,5,10,23088,Vilvoorde,Normaal,Droog,Dag,met lichtgewonden,9,personenauto,3,Fiets,Buiten Kruispunt,Gemeenteweg,binnen bebouwde kom,Tss. 2 best.: langs opzij (voor-/achterkant-flank),Geen hindernis
19053,149,Machelen,,50.88297881,4.43356644,1.5302016530273168,50.89673953899513,4.4337872715827835,2020,4,19,23047,Machelen,Normaal,Droog,Dag,met lichtgewonden,3,Fiets,4,Vrachtwagen,Op Kruispunt,Gewestweg,buiten bebouwde kom,Tss. 2 best.: langs opzij (voor-/achterkant-flank),Geen hindernis
19053,111,Zaventem totem,Zaventem,50.8871216,4.4597084,2.109332520470124,50.89673953899513,4.4337872715827835,2020,4,19,23047,Machelen,Normaal,Droog,Dag,met lichtgewonden,3,Fiets,4,Vrachtwagen,Op Kruispunt,Gewestweg,buiten bebouwde kom,Tss. 2 best.: langs opzij (voor-/achterkant-flank),Geen hindernis
19053,47,Vilvoorde,Vilvoorde,50.91372,4.41497,2.3034916584246834,50.89673953899513,4.4337872715827835,2020,4,19,23047,Machelen,Normaal,Droog,Dag,met lichtgewonden,3,Fiets,4,Vrachtwagen,Op Kruispunt,Gewestweg,buiten bebouwde kom,Tss. 2 best.: langs opzij (voor-/achterkant-flank),Geen hindernis
19054,149,Machelen,,50.88297881,4.43356644,1.597508648224991,50.89733662857882,4.434368960659622,2020,4,15,23047,Machelen,Normaal,Droog,Dag,met lichtgewonden,5,Lichte vrachtauto,3,Fiets,Op Kruispunt,Gewestweg,binnen bebouwde kom,Tss. 2 best.: langs opzij (voor-/achterkant-flank),Geen hindernis
19054,111,Zaventem totem,Zaventem,50.8871216,4.4597084,2.109258129239808,50.89733662857882,4.434368960659622,2020,4,15,23047,Machelen,Normaal,Droog,Dag,met lichtgewonden,5,Lichte vrachtauto,3,Fiets,Op Kruispunt,Gewestweg,binnen bebouwde kom,Tss. 2 best.: langs opzij (voor-/achterkant-flank),Geen hindernis
19054,47,Vilvoorde,Vilvoorde,50.91372,4.41497,2.273552075864253,50.89733662857882,4.434368960659622,2020,4,15,23047,Machelen,Normaal,Droog,Dag,met lichtgewonden,5,Lichte vrachtauto,3,Fiets,Op Kruispunt,Gewestweg,binnen bebouwde kom,Tss. 2 best.: langs opzij (voor-/achterkant-flank),Geen hindernis
19055,1,Machelen,Machelen,50.91618331151478,4.456121776137429,1.561109498339752,50.90734831064796,4.438817099001657,2020,4,18,23047,Machelen,Normaal,Droog,Dag,met lichtgewonden,5,Lichte vrachtauto,3,Fiets,Op Kruispunt,Gemeenteweg,binnen bebouwde kom,Tss. 2 best.: langs opzij (voor-/achterkant-flank),Geen hindernis
19055,47,Vilvoorde,Vilvoorde,50.91372,4.41497,1.8158894659244071,50.90734831064796,4.438817099001657,2020,4,18,23047,Machelen,Normaal,Droog,Dag,met lichtgewonden,5,Lichte vrachtauto,3,Fiets,Op Kruispunt,Gemeenteweg,binnen bebouwde kom,Tss. 2 best.: langs opzij (voor-/achterkant-flank),Geen hindernis
19057,1,Machelen,Machelen,50.91618331151478,4.456121776137429,1.8232835738142181,50.91097061696115,4.4807795981512655,2020,4,17,23081,Steenokkerzeel,Normaal,Droog,Dag,met zwaargewonden,3,Fiets,11,een weggebruiker tegen een hindernis,Buiten Kruispunt,Gewestweg,buiten bebouwde kom,Weggebruiker tegen hindernis op de rijbaan,"Op de rijbaan: Put, straatgoot, tramspoor"
19060,136,Gent R4,Gent,51.0876313,3.7587918,2.370749633392701,51.06634497532956,3.756866563400182,2020,4,16,44021,Gent,Normaal,Droog,Dag,met zwaargewonden,3,Fiets,3,Fiets,Buiten Kruispunt,Gewestweg,buiten bebouwde kom,Tss. 2 best.: langs opzij (voor-/achterkant-flank),Geen hindernis
19062,118,Gent teller 1,Gent,51.028049,3.7681359,1.1428091338254778,51.03573461830761,3.7572859393529034,2020,4,15,44021,Gent,Normaal,Droog,Dag,met lichtgewonden,9,personenauto,3,Fiets,Op Kruispunt,Gemeenteweg,binnen bebouwde kom,Tss. 2 best.: langs opzij (voor-/achterkant-flank),Geen hindernis
19062,119,Gent teller 2,Gent,51.0281795,3.7683918,1.1440692027301456,51.03573461830761,3.7572859393529034,2020,4,15,44021,Gent,Normaal,Droog,Dag,met lichtgewonden,9,personenauto,3,Fiets,Op Kruispunt,Gemeenteweg,binnen bebouwde kom,Tss. 2 best.: langs opzij (voor-/achterkant-flank),Geen hindernis
19063,118,Gent teller 1,Gent,51.028049,3.7681359,1.7663690647726038,51.03788023105297,3.748294672860843,2020,4,15,44021,Gent,Onbekend,Onbekend,Dag,met lichtgewonden,3,Fiets,9,personenauto,Op Kruispunt,Gewestweg,binnen bebouwde kom,Tss. 2 best.: langs opzij (voor-/achterkant-flank),Geen hindernis
19063,119,Gent teller 2,Gent,51.0281795,3.7683918,1.7715851331912036,51.03788023105297,3.748294672860843,2020,4,15,44021,Gent,Onbekend,Onbekend,Dag,met lichtgewonden,3,Fiets,9,personenauto,Op Kruispunt,Gewestweg,binnen bebouwde kom,Tss. 2 best.: langs opzij (voor-/achterkant-flank),Geen hindernis
19064,136,Gent R4,Gent,51.0876313,3.7587918,2.4381696131714237,51.081600044997906,3.7252322129416076,2020,4,14,44021,Gent,Normaal,Droog,Dag,met lichtgewonden,9,personenauto,3,Fiets,Buiten Kruispunt,Gewestweg,binnen bebouwde kom,Tss. 2 best.: langs opzij (voor-/achterkant-flank),Geen hindernis
19067,13,Gent,Gent,51.03018,3.70146,2.024842267864448,51.04826951303126,3.704783791670506,2020,4,17,44021,Gent,Normaal,Proper,Dag,met zwaargewonden,3,Fiets,9,personenauto,Op Kruispunt,Gemeenteweg,binnen bebouwde kom,Tss. 2 best.: langs opzij (voor-/achterkant-flank),Geen hindernis
19068,13,Gent,Gent,51.03018,3.70146,2.2521859964829387,51.0449513610385,3.7234986155070167,2020,4,11,44021,Gent,Normaal,Droog,Dag,met lichtgewonden,9,personenauto,3,Fiets,Op Kruispunt,Gemeenteweg,binnen bebouwde kom,Tss. 2 best.: langs opzij (voor-/achterkant-flank),Geen hindernis
19069,136,Gent R4,Gent,51.0876313,3.7587918,0.42171362822029074,51.09141235232123,3.758321747452217,2020,4,21,44021,Gent,Normaal,Droog,"Nacht, openbare verlichting aanwezig en ontstoken",met lichtgewonden,9,personenauto,3,Fiets,Buiten Kruispunt,Gemeenteweg,binnen bebouwde kom,Tss. 2 best.: langs opzij (voor-/achterkant-flank),Geen hindernis
19082,119,Gent teller 2,Gent,51.0281795,3.7683918,1.430553358042449,51.02956231099054,3.78872915192338,2020,4,17,44013,Destelbergen,Normaal,Droog,Dag,met zwaargewonden,3,Fiets,3,Fiets,Buiten Kruispunt,Gemeenteweg,buiten bebouwde kom,Tussen 2 bestuurders: Frontale botsing,Geen hindernis
19082,118,Gent teller 1,Gent,51.028049,3.7681359,1.4499613297869731,51.02956231099054,3.78872915192338,2020,4,17,44013,Destelbergen,Normaal,Droog,Dag,met zwaargewonden,3,Fiets,3,Fiets,Buiten Kruispunt,Gemeenteweg,buiten bebouwde kom,Tussen 2 bestuurders: Frontale botsing,Geen hindernis
19083,116,Melle teller 2,Melle,50.9986113,3.8040599,1.0912897771159917,51.00809137580435,3.8080947827078835,2020,4,9,44013,Destelbergen,Normaal,Droog,Dag,met zwaargewonden,3,Fiets,10,"één bestuurder, geen hindernis",Op Kruispunt,Gewestweg,binnen bebouwde kom,"Eén bestuurder, geen hindernis (incl. val)",Geen hindernis
19083,117,Melle teller 1,Melle,50.9986113,3.8040599,1.0912897771159917,51.00809137580435,3.8080947827078835,2020,4,9,44013,Destelbergen,Normaal,Droog,Dag,met zwaargewonden,3,Fiets,10,"één bestuurder, geen hindernis",Op Kruispunt,Gewestweg,binnen bebouwde kom,"Eén bestuurder, geen hindernis (incl. val)",Geen hindernis
19087,118,Gent teller 1,Gent,51.028049,3.7681359,0.7622937569919617,51.021265208948904,3.7697079190926637,2020,4,8,44040,Melle,Normaal,Droog,Dag,met lichtgewonden,3,Fiets,9,personenauto,Buiten Kruispunt,Gemeenteweg,binnen bebouwde kom,Tss. 2 best.: langs opzij (voor-/achterkant-flank),Geen hindernis
19087,119,Gent teller 2,Gent,51.0281795,3.7683918,0.7743248183364766,51.021265208948904,3.7697079190926637,2020,4,8,44040,Melle,Normaal,Droog,Dag,met lichtgewonden,3,Fiets,9,personenauto,Buiten Kruispunt,Gemeenteweg,binnen bebouwde kom,Tss. 2 best.: langs opzij (voor-/achterkant-flank),Geen hindernis
19088,114,Deinze teller 1,Nazareth,50.9598305,3.555502,0.13910552742198876,50.95860839551678,3.555077547290702,2020,4,16,44048,Nazareth,Normaal,Droog,Dag,met lichtgewonden,3,Fiets,11,een weggebruiker tegen een hindernis,Buiten Kruispunt,Gemeenteweg,buiten bebouwde kom,Weggebruiker tegen hindernis op de rijbaan,"Op de rijbaan: Put, straatgoot, tramspoor"
19088,113,Deinze teller 2,Deinze,50.96018,3.55578,0.18154786909269968,50.95860839551678,3.555077547290702,2020,4,16,44048,Nazareth,Normaal,Droog,Dag,met lichtgewonden,3,Fiets,11,een weggebruiker tegen een hindernis,Buiten Kruispunt,Gemeenteweg,buiten bebouwde kom,Weggebruiker tegen hindernis op de rijbaan,"Op de rijbaan: Put, straatgoot, tramspoor"
19090,6,Evergem 2,Evergem,51.10894,3.70298,2.03342557544586,51.10461196917999,3.6746820009107757,2020,4,19,44019,Evergem,Normaal,Droog,Dag,met lichtgewonden,3,Fiets,10,"één bestuurder, geen hindernis",Buiten Kruispunt,Gemeenteweg,binnen bebouwde kom,"Eén bestuurder, geen hindernis (incl. val)",Geen hindernis
19090,7,Evergem 1,Evergem,51.1089,3.70317,2.045275538925138,51.10461196917999,3.6746820009107757,2020,4,19,44019,Evergem,Normaal,Droog,Dag,met lichtgewonden,3,Fiets,10,"één bestuurder, geen hindernis",Buiten Kruispunt,Gemeenteweg,binnen bebouwde kom,"Eén bestuurder, geen hindernis (incl. val)",Geen hindernis
19115,126,Hamme totem,Hamme,51.1017709,4.1469307,1.6681094337725313,51.11390445660891,4.132879794614489,2020,4,10,46025,Temse,Normaal,Droog,Dag,met lichtgewonden,3,Fiets,9,personenauto,Buiten Kruispunt,Gemeenteweg,binnen bebouwde kom,Tss. 2 best.: langs opzij (voor-/achterkant-flank),Geen hindernis
19118,128,Lokeren teller 1,Lokeren,51.09644,3.97023,1.7562386037717888,51.10231180574379,3.993578488508892,2020,4,12,46014,Lokeren,Normaal,Droog,Dag,met lichtgewonden,9,personenauto,3,Fiets,Buiten Kruispunt,Gemeenteweg,binnen bebouwde kom,Tss. 2 best.: langs opzij (voor-/achterkant-flank),Geen hindernis
19118,129,Lokeren teller 2,Lokeren,51.09612,3.97025,1.7684940614685716,51.10231180574379,3.993578488508892,2020,4,12,46014,Lokeren,Normaal,Droog,Dag,met lichtgewonden,9,personenauto,3,Fiets,Buiten Kruispunt,Gemeenteweg,binnen bebouwde kom,Tss. 2 best.: langs opzij (voor-/achterkant-flank),Geen hindernis
19118,141,Test site A support,Lokeren,51.08342085,3.9961071208376326,2.1079882858019,51.10231180574379,3.993578488508892,2020,4,12,46014,Lokeren,Normaal,Droog,Dag,met lichtgewonden,9,personenauto,3,Fiets,Buiten Kruispunt,Gemeenteweg,binnen bebouwde kom,Tss. 2 best.: langs opzij (voor-/achterkant-flank),Geen hindernis
19119,141,Test site A support,Lokeren,51.08342085,3.9961071208376326,2.096689323644366,51.10210283640795,4.000176236633739,2020,4,7,46014,Lokeren,Normaal,Droog,Dag,met lichtgewonden,9,personenauto,3,Fiets,Op Kruispunt,Gewestweg,binnen bebouwde kom,Tss. 2 best.: langs opzij (voor-/achterkant-flank),Geen hindernis
19119,128,Lokeren teller 1,Lokeren,51.09644,3.97023,2.1838179194484875,51.10210283640795,4.000176236633739,2020,4,7,46014,Lokeren,Normaal,Droog,Dag,met lichtgewonden,9,personenauto,3,Fiets,Op Kruispunt,Gewestweg,binnen bebouwde kom,Tss. 2 best.: langs opzij (voor-/achterkant-flank),Geen hindernis
19119,129,Lokeren teller 2,Lokeren,51.09612,3.97025,2.193018321063945,51.10210283640795,4.000176236633739,2020,4,7,46014,Lokeren,Normaal,Droog,Dag,met lichtgewonden,9,personenauto,3,Fiets,Op Kruispunt,Gewestweg,binnen bebouwde kom,Tss. 2 best.: langs opzij (voor-/achterkant-flank),Geen hindernis
19120,141,Test site A support,Lokeren,51.08342085,3.9961071208376326,1.67363535293914,51.09641356882054,4.008204258402136,2020,4,12,46014,Lokeren,Normaal,Droog,Dag,met lichtgewonden,3,Fiets,9,personenauto,Op Kruispunt,Gewestweg,binnen bebouwde kom,Tss. 2 best.: langs opzij (voor-/achterkant-flank),Geen hindernis
19121,128,Lokeren teller 1,Lokeren,51.09644,3.97023,1.486609757209348,51.104763678967814,3.986890726039175,2020,4,14,46014,Lokeren,Normaal,Droog,Dag,met lichtgewonden,3,Fiets,9,personenauto,Op Kruispunt,Gemeenteweg,binnen bebouwde kom,Tussen 2 bestuurders: Flank tegen flank,Geen hindernis
19121,129,Lokeren teller 2,Lokeren,51.09612,3.97025,1.5079467289394903,51.104763678967814,3.986890726039175,2020,4,14,46014,Lokeren,Normaal,Droog,Dag,met lichtgewonden,3,Fiets,9,personenauto,Op Kruispunt,Gemeenteweg,binnen bebouwde kom,Tussen 2 bestuurders: Flank tegen flank,Geen hindernis
19121,141,Test site A support,Lokeren,51.08342085,3.9961071208376326,2.458943763135177,51.104763678967814,3.986890726039175,2020,4,14,46014,Lokeren,Normaal,Droog,Dag,met lichtgewonden,3,Fiets,9,personenauto,Op Kruispunt,Gemeenteweg,binnen bebouwde kom,Tussen 2 bestuurders: Flank tegen flank,Geen hindernis
19122,129,Lokeren teller 2,Lokeren,51.09612,3.97025,1.1137552996376843,51.09423606528303,3.985914055391438,2020,4,10,46014,Lokeren,Regenval,"Nat, plassen",Dag,met lichtgewonden,9,personenauto,3,Fiets,Op Kruispunt,Gewestweg,buiten bebouwde kom,Tss. 2 best.: langs opzij (voor-/achterkant-flank),Geen hindernis
19122,128,Lokeren teller 1,Lokeren,51.09644,3.97023,1.1223520268739362,51.09423606528303,3.985914055391438,2020,4,10,46014,Lokeren,Regenval,"Nat, plassen",Dag,met lichtgewonden,9,personenauto,3,Fiets,Op Kruispunt,Gewestweg,buiten bebouwde kom,Tss. 2 best.: langs opzij (voor-/achterkant-flank),Geen hindernis
19122,141,Test site A support,Lokeren,51.08342085,3.9961071208376326,1.3975207372468514,51.09423606528303,3.985914055391438,2020,4,10,46014,Lokeren,Regenval,"Nat, plassen",Dag,met lichtgewonden,9,personenauto,3,Fiets,Op Kruispunt,Gewestweg,buiten bebouwde kom,Tss. 2 best.: langs opzij (voor-/achterkant-flank),Geen hindernis
19123,141,Test site A support,Lokeren,51.08342085,3.9961071208376326,1.1929098736296775,51.094044008684996,3.9937240484094008,2020,4,14,46014,Lokeren,Normaal,Droog,Dag,met lichtgewonden,3,Fiets,9,personenauto,Op Kruispunt,Gemeenteweg,binnen bebouwde kom,Tss. 2 best.: langs opzij (voor-/achterkant-flank),Geen hindernis
19123,129,Lokeren teller 2,Lokeren,51.09612,3.97025,1.655453813267966,51.094044008684996,3.9937240484094008,2020,4,14,46014,Lokeren,Normaal,Droog,Dag,met lichtgewonden,3,Fiets,9,personenauto,Op Kruispunt,Gemeenteweg,binnen bebouwde kom,Tss. 2 best.: langs opzij (voor-/achterkant-flank),Geen hindernis
19123,128,Lokeren teller 1,Lokeren,51.09644,3.97023,1.662162293008043,51.094044008684996,3.9937240484094008,2020,4,14,46014,Lokeren,Normaal,Droog,Dag,met lichtgewonden,3,Fiets,9,personenauto,Op Kruispunt,Gemeenteweg,binnen bebouwde kom,Tss. 2 best.: langs opzij (voor-/achterkant-flank),Geen hindernis
19124,141,Test site A support,Lokeren,51.08342085,3.9961071208376326,1.4024407376738899,51.095549955354684,3.9906014494750575,2020,4,12,46014,Lokeren,Normaal,Droog,Dag,met lichtgewonden,9,personenauto,3,Fiets,Op Kruispunt,Gewestweg,buiten bebouwde kom,Tss. 2 best.: langs opzij (voor-/achterkant-flank),Geen hindernis
19124,129,Lokeren teller 2,Lokeren,51.09612,3.97025,1.4226073815247458,51.095549955354684,3.9906014494750575,2020,4,12,46014,Lokeren,Normaal,Droog,Dag,met lichtgewonden,9,personenauto,3,Fiets,Op Kruispunt,Gewestweg,buiten bebouwde kom,Tss. 2 best.: langs opzij (voor-/achterkant-flank),Geen hindernis
19124,128,Lokeren teller 1,Lokeren,51.09644,3.97023,1.4260247174310239,51.095549955354684,3.9906014494750575,2020,4,12,46014,Lokeren,Normaal,Droog,Dag,met lichtgewonden,9,personenauto,3,Fiets,Op Kruispunt,Gewestweg,buiten bebouwde kom,Tss. 2 best.: langs opzij (voor-/achterkant-flank),Geen hindernis
19125,141,Test site A support,Lokeren,51.08342085,3.9961071208376326,1.6562598099455421,51.0954414962691,4.010110979363478,2020,4,13,46014,Lokeren,Normaal,Droog,Dag,met lichtgewonden,3,Fiets,9,personenauto,Buiten Kruispunt,Gewestweg,buiten bebouwde kom,Tss. 2 best.: langs opzij (voor-/achterkant-flank),Geen hindernis
19127,126,Hamme totem,Hamme,51.1017709,4.1469307,1.6148213425336735,51.08798580802821,4.15420521813823,2020,4,15,42008,Hamme,Normaal,Droog,Dag,met lichtgewonden,9,personenauto,3,Fiets,Buiten Kruispunt,Gemeenteweg,binnen bebouwde kom,Tss. 2 best.: langs opzij (voor-/achterkant-flank),Geen hindernis
19129,120,Zele teller 1,Zele,51.0607671,4.0547741,1.6563539275750903,51.07024186845487,4.036483702540769,2020,4,17,42028,Zele,Normaal,Droog,Dag,met lichtgewonden,2,Andere weggebruiker,3,Fiets,Op Kruispunt,Gemeenteweg,binnen bebouwde kom,Tss. 2 best.: langs opzij (voor-/achterkant-flank),Geen hindernis
19129,121,Zele teller 2,Zele,51.0604067,4.0556696,1.7301567969229814,51.07024186845487,4.036483702540769,2020,4,17,42028,Zele,Normaal,Droog,Dag,met lichtgewonden,2,Andere weggebruiker,3,Fiets,Op Kruispunt,Gemeenteweg,binnen bebouwde kom,Tss. 2 best.: langs opzij (voor-/achterkant-flank),Geen hindernis
19135,10,Aalst 2,Aalst,50.93549,4.01571,0.8389165293649731,50.939821842573956,4.025512205354549,2020,4,11,41002,Aalst,Normaal,Droog,Dag,met lichtgewonden,3,Fiets,8,Voetganger,Op Kruispunt,Gemeenteweg,binnen bebouwde kom,Met een voetganger,Geen hindernis
19135,11,Aalst 3,Aalst,50.93385,4.01647,0.9178280442027918,50.939821842573956,4.025512205354549,2020,4,11,41002,Aalst,Normaal,Droog,Dag,met lichtgewonden,3,Fiets,8,Voetganger,Op Kruispunt,Gemeenteweg,binnen bebouwde kom,Met een voetganger,Geen hindernis
19135,19,Aalst 1,Aalst,50.93433,4.01471,0.9725531354489314,50.939821842573956,4.025512205354549,2020,4,11,41002,Aalst,Normaal,Droog,Dag,met lichtgewonden,3,Fiets,8,Voetganger,Op Kruispunt,Gemeenteweg,binnen bebouwde kom,Met een voetganger,Geen hindernis