crash_row_id,site_id,site_name,site_gemeente,site_lat,site_long,distance_km,crash_lat,crash_long,DT_YEAR_COLLISION,DT_MONTH_COLLISION,DT_TIME,CD_NIS,TX_MUNTY_COLLISION_NL,TX_WEATHER_NL,TX_ROAD_CONDITION_NL,TX_LIGHT_CONDITION_NL,TX_CLASS_ACCIDENTS_NL,CD_ROAD_USR_TYPE1,TX_ROAD_USR_TYPE1_NL,CD_ROAD_USR_TYPE2,TX_ROAD_USR_TYPE2_NL,TX_CROSSWAY_NL,CD_ROAD_TYPE_NL,TX_BUILD_UP_AREA_NL,TX_COLLISION_TYPE_NL,TX_OBSTACLES_NL
19141,20,Brugge,Brugge,51.17416,3.20048,1.3470186681048646,51.183226062401985,3.213296671947456,2020,4,15,31005,Brugge,Normaal,Droog,Dag,met lichtgewonden,3,Fiets,11,een weggebruiker tegen een hindernis,Buiten Kruispunt,Gemeenteweg,binnen bebouwde kom,Weggebruiker tegen hindernis op de rijbaan,Op de rijbaan: Lading
19143,53,Brugge teller 1,Brugge,51.23023,3.228,1.0518642568037426,51.22524470552931,3.2151621794807963,2020,4,15,31005,Brugge,Normaal,Droog,Dag,met lichtgewonden,9,personenauto,3,Fiets,Op Kruispunt,Gemeenteweg,binnen bebouwde kom,Tss. 2 best.: langs opzij (voor-/achterkant-flank),Geen hindernis
19143,54,Brugge teller 2,Brugge,51.23015,3.22818,1.0579238765572978,51.22524470552931,3.2151621794807963,2020,4,15,31005,Brugge,Normaal,Droog,Dag,met lichtgewonden,9,personenauto,3,Fiets,Op Kruispunt,Gemeenteweg,binnen bebouwde kom,Tss. 2 best.: langs opzij (voor-/achterkant-flank),Geen hindernis
19143,52,Brugge,Brugge,51.22632,3.24095,1.7997410224620967,51.22524470552931,3.2151621794807963,2020,4,15,31005,Brugge,Normaal,Droog,Dag,met lichtgewonden,9,personenauto,3,Fiets,Op Kruispunt,Gemeenteweg,binnen bebouwde kom,Tss. 2 best.: langs opzij (voor-/achterkant-flank),Geen hindernis
19143,142,TEST Validatie BRUGGE Y2H22022134,Brugge,51.22632,3.24095,1.7997410224620967,51.22524470552931,3.2151621794807963,2020,4,15,31005,Brugge,Normaal,Droog,Dag,met lichtgewonden,9,personenauto,3,Fiets,Op Kruispunt,Gemeenteweg,binnen bebouwde kom,Tss. 2 best.: langs opzij (voor-/achterkant-flank),Geen hindernis
19160,55,Torhout teller 1,Torhout,51.07161,3.08261,1.2218539553800922,51.071465160553544,3.1000961929255166,2020,4,14,31033,Torhout,Normaal,Droog,Dag,met lichtgewonden,3,Fiets,5,Lichte vrachtauto,Buiten Kruispunt,Gemeenteweg,binnen bebouwde kom,Tss. 2 best.: langs opzij (voor-/achterkant-flank),Geen hindernis
19160,56,Torhout teller 2,Torhout,51.07147,3.08244,1.233627568837163,51.071465160553544,3.1000961929255166,2020,4,14,31033,Torhout,Normaal,Droog,Dag,met lichtgewonden,3,Fiets,5,Lichte vrachtauto,Buiten Kruispunt,Gemeenteweg,binnen bebouwde kom,Tss. 2 best.: langs opzij (voor-/achterkant-flank),Geen hindernis
19165,84,Roeselare totem,Izegem,50.91717,3.18772,1.4851907611188924,50.92450396730071,3.2054280021318453,2020,4,13,36008,Izegem,Normaal,Droog,Dag,met lichtgewonden,3,Fiets,3,Fiets,Buiten Kruispunt,Gemeenteweg,binnen bebouwde kom,Tussen 2 bestuurders: Frontale botsing,Geen hindernis
19172,143,Eco Display Classic Budastraat,Kortrijk,50.83066,3.26286,0.31566774151945803,50.83307916523323,3.2652120244813134,2020,4,18,34022,Kortrijk,Normaal,Droog,Dag,met lichtgewonden,3,Fiets,3,Fiets,Buiten Kruispunt,Gemeenteweg,binnen bebouwde kom,Tussen 2 bestuurders: Frontale botsing,Geen hindernis
19172,17,Kortrijk 2,Kortrijk,50.83339,3.27773,0.8797972836382131,50.83307916523323,3.2652120244813134,2020,4,18,34022,Kortrijk,Normaal,Droog,Dag,met lichtgewonden,3,Fiets,3,Fiets,Buiten Kruispunt,Gemeenteweg,binnen bebouwde kom,Tussen 2 bestuurders: Frontale botsing,Geen hindernis
19172,16,Kortrijk 1,Kortrijk,50.83332,3.27777,0.8823343899624689,50.83307916523323,3.2652120244813134,2020,4,18,34022,Kortrijk,Normaal,Droog,Dag,met lichtgewonden,3,Fiets,3,Fiets,Buiten Kruispunt,Gemeenteweg,binnen bebouwde kom,Tussen 2 bestuurders: Frontale botsing,Geen hindernis
19172,75,Kortrijk teller 2,Kortrijk,50.81925,3.25731,1.6348340198160918,50.83307916523323,3.2652120244813134,2020,4,18,34022,Kortrijk,Normaal,Droog,Dag,met lichtgewonden,3,Fiets,3,Fiets,Buiten Kruispunt,Gemeenteweg,binnen bebouwde kom,Tussen 2 bestuurders: Frontale botsing,Geen hindernis
19172,74,Kortrijk teller 1,Kortrijk,50.81909,3.25728,1.6522891969054903,50.83307916523323,3.2652120244813134,2020,4,18,34022,Kortrijk,Normaal,Droog,Dag,met lichtgewonden,3,Fiets,3,Fiets,Buiten Kruispunt,Gemeenteweg,binnen bebouwde kom,Tussen 2 bestuurders: Frontale botsing,Geen hindernis
19184,67,Ieper totem,Ieper,50.85018,2.85624,2.2821163743099544,50.8326152720972,2.8730514105648863,2020,4,13,33011,Ieper,Normaal,Droog,Dag,met lichtgewonden,3,Fiets,10,"één bestuurder, geen hindernis",Buiten Kruispunt,Gewestweg,buiten bebouwde kom,"Eén bestuurder, geen hindernis (incl. val)",Geen hindernis
19184,68,Ieper,Ieper,50.85032,2.85608,2.301250097167315,50.8326152720972,2.8730514105648863,2020,4,13,33011,Ieper,Normaal,Droog,Dag,met lichtgewonden,3,Fiets,10,"één bestuurder, geen hindernis",Buiten Kruispunt,Gewestweg,buiten bebouwde kom,"Eén bestuurder, geen hindernis (incl. val)",Geen hindernis
19195,99,Mechelen teller 1,Mechelen,51.04564,4.46882,1.3547682716247647,51.03420492407212,4.475507593351936,2020,4,14,12025,Mechelen,Normaal,Droog,Dag,met lichtgewonden,3,Fiets,9,personenauto,Op Kruispunt,Gewestweg,binnen bebouwde kom,Tss. 2 best.: langs opzij (voor-/achterkant-flank),Geen hindernis
19195,100,Mechelen teller 2,Mechelen,51.0457,4.46883,1.3607918202481268,51.03420492407212,4.475507593351936,2020,4,14,12025,Mechelen,Normaal,Droog,Dag,met lichtgewonden,3,Fiets,9,personenauto,Op Kruispunt,Gewestweg,binnen bebouwde kom,Tss. 2 best.: langs opzij (voor-/achterkant-flank),Geen hindernis
19196,99,Mechelen teller 1,Mechelen,51.04564,4.46882,1.6493664352140338,51.03177744167249,4.460427178518946,2020,4,11,12025,Mechelen,Normaal,Droog,Dag,met lichtgewonden,9,personenauto,3,Fiets,Buiten Kruispunt,Gewestweg,binnen bebouwde kom,Tss. 2 best.: langs opzij (voor-/achterkant-flank),Geen hindernis
19196,100,Mechelen teller 2,Mechelen,51.0457,4.46883,1.655851110539378,51.03177744167249,4.460427178518946,2020,4,11,12025,Mechelen,Normaal,Droog,Dag,met lichtgewonden,9,personenauto,3,Fiets,Buiten Kruispunt,Gewestweg,binnen bebouwde kom,Tss. 2 best.: langs opzij (voor-/achterkant-flank),Geen hindernis
19199,137,Hasselt-Kempische brug,Hasselt,50.9411605,5.3417576,0.842325996265231,50.94873517887518,5.341613939556261,2020,4,14,71022,Hasselt,Normaal,Droog,Dag,met lichtgewonden,9,personenauto,3,Fiets,Op Kruispunt,Gemeenteweg,buiten bebouwde kom,Tss. 2 best.: langs opzij (voor-/achterkant-flank),Geen hindernis
19199,138,Hasselt-Kempische brug,Hasselt,50.9405318,5.3422472,0.9132524365472576,50.94873517887518,5.341613939556261,2020,4,14,71022,Hasselt,Normaal,Droog,Dag,met lichtgewonden,9,personenauto,3,Fiets,Op Kruispunt,Gemeenteweg,buiten bebouwde kom,Tss. 2 best.: langs opzij (voor-/achterkant-flank),Geen hindernis
19199,140,Hasselt ring,Hasselt,50.9300038,5.3438616,2.0887800220759494,50.94873517887518,5.341613939556261,2020,4,14,71022,Hasselt,Normaal,Droog,Dag,met lichtgewonden,9,personenauto,3,Fiets,Op Kruispunt,Gemeenteweg,buiten bebouwde kom,Tss. 2 best.: langs opzij (voor-/achterkant-flank),Geen hindernis
19201,137,Hasselt-Kempische brug,Hasselt,50.9411605,5.3417576,0.32027143145224934,50.94385064058742,5.3433908740049265,2020,4,5,71022,Hasselt,Normaal,Droog,Dag,met lichtgewonden,6,Bromfiets,3,Fiets,Op Kruispunt,Gewestweg,buiten bebouwde kom,Tussen 2 bestuurders: Flank tegen flank,Geen hindernis
19201,138,Hasselt-Kempische brug,Hasselt,50.9405318,5.3422472,0.37763761394752193,50.94385064058742,5.3433908740049265,2020,4,5,71022,Hasselt,Normaal,Droog,Dag,met lichtgewonden,6,Bromfiets,3,Fiets,Op Kruispunt,Gewestweg,buiten bebouwde kom,Tussen 2 bestuurders: Flank tegen flank,Geen hindernis
19201,140,Hasselt ring,Hasselt,50.9300038,5.3438616,1.5400516991574535,50.94385064058742,5.3433908740049265,2020,4,5,71022,Hasselt,Normaal,Droog,Dag,met lichtgewonden,6,Bromfiets,3,Fiets,Op Kruispunt,Gewestweg,buiten bebouwde kom,Tussen 2 bestuurders: Flank tegen flank,Geen hindernis
19202,49,Bokrijk,Genk,50.95264,5.41001,2.4072159960047212,50.937984973831,5.384720403717393,2020,4,16,71022,Hasselt,Normaal,Droog,Dag,met lichtgewonden,3,Fiets,11,een weggebruiker tegen een hindernis,Buiten Kruispunt,Gemeenteweg,binnen bebouwde kom,Weggebruiker tegen hindernis op de rijbaan,"Op de rijbaan: Werken (signal., aarde, toestel,…)"
19206,150,Bertem,District Leuven,50.8687535,4.56136297,2.315912783448879,50.85336620149996,4.539125692894288,2020,4,16,24104,Tervuren,Normaal,Droog,Dag,met lichtgewonden,3,Fiets,10,"één bestuurder, geen hindernis",Op Kruispunt,Gemeenteweg,binnen bebouwde kom,"Eén bestuurder, geen hindernis (incl. val)",Geen hindernis
19208,48,As,As,51.00509,5.60389,0.7227237475018371,51.00397664342949,5.593713673264808,2020,4,16,71002,As,Normaal,Droog,Dag,met lichtgewonden,3,Fiets,3,Fiets,Buiten Kruispunt,Gemeenteweg,binnen bebouwde kom,Tss. 2 best.: langs opzij (voor-/achterkant-flank),Geen hindernis
19211,14,Genk,Genk,50.97172,5.48927,1.1075726382499331,50.96592872028961,5.50213879862222,2020,4,15,71016,Genk,Normaal,Droog,Dag,met zwaargewonden,3,Fiets,10,"één bestuurder, geen hindernis",Buiten Kruispunt,Gewestweg,binnen bebouwde kom,"Eén bestuurder, geen hindernis (incl. val)",Geen hindernis
19212,139,Houthalen-Helchteren,Houthalen-Helchteren,51.0644267,5.3819796,0.6130899568564744,51.0661762298457,5.373659370006421,2020,4,15,72039,Houthalen-Helchteren,Normaal,Droog,Dag,met lichtgewonden,3,Fiets,3,Fiets,Buiten Kruispunt,Gemeenteweg,buiten bebouwde kom,Tussen 2 bestuurders: Flank tegen flank,Geen hindernis
19213,23,Tienen 3,Tienen,50.81324,4.93447,0.914625038300492,50.80502736575109,4.935195514201635,2020,4,9,24107,Tienen,Onbekend,Droog,Dag,met lichtgewonden,9,personenauto,3,Fiets,Buiten Kruispunt,Gemeenteweg,binnen bebouwde kom,Tussen 2 bestuurders: Frontale botsing,Geen hindernis
19213,22,Tienen 2,Tienen,50.81330800184882,4.935984252796022,0.9224310827434449,50.80502736575109,4.935195514201635,2020,4,9,24107,Tienen,Onbekend,Droog,Dag,met lichtgewonden,9,personenauto,3,Fiets,Buiten Kruispunt,Gemeenteweg,binnen bebouwde kom,Tussen 2 bestuurders: Frontale botsing,Geen hindernis
19213,24,Tienen 1,Tienen,50.8133795491886,4.935044252605416,0.928781238355601,50.80502736575109,4.935195514201635,2020,4,9,24107,Tienen,Onbekend,Droog,Dag,met lichtgewonden,9,personenauto,3,Fiets,Buiten Kruispunt,Gemeenteweg,binnen bebouwde kom,Tussen 2 bestuurders: Frontale botsing,Geen hindernis
19298,91,Brecht teller 2,Brecht,51.35739,4.62422,1.4825931039602276,51.348948431601,4.607694183484676,2020,5,9,11009,Brecht,Normaal,Droog,Dag,met zwaargewonden,9,personenauto,3,Fiets,Op Kruispunt,Gemeenteweg,binnen bebouwde kom,Tss. 2 best.: langs opzij (voor-/achterkant-flank),Geen hindernis
19298,90,Brecht teller 1,Brecht,51.35752,4.6243,1.496063704916042,51.348948431601,4.607694183484676,2020,5,9,11009,Brecht,Normaal,Droog,Dag,met zwaargewonden,9,personenauto,3,Fiets,Op Kruispunt,Gemeenteweg,binnen bebouwde kom,Tss. 2 best.: langs opzij (voor-/achterkant-flank),Geen hindernis
19310,96,Lier teller 2,Lier,51.11705,4.58444,2.221556751512709,51.12882225699248,4.55872151788956,2020,5,14,12021,Lier,Normaal,Droog,Dag,met lichtgewonden,9,personenauto,3,Fiets,Op Kruispunt,Gewestweg,binnen bebouwde kom,Tss. 2 best.: langs opzij (voor-/achterkant-flank),Geen hindernis
19310,95,Lier teller 1,Lier,51.11687,4.58437,2.2294872615859482,51.12882225699248,4.55872151788956,2020,5,14,12021,Lier,Normaal,Droog,Dag,met lichtgewonden,9,personenauto,3,Fiets,Op Kruispunt,Gewestweg,binnen bebouwde kom,Tss. 2 best.: langs opzij (voor-/achterkant-flank),Geen hindernis
19311,96,Lier teller 2,Lier,51.11705,4.58444,2.3568500494114426,51.12394569288478,4.5525090073621834,2020,5,10,12021,Lier,Normaal,Droog,Dag,met lichtgewonden,3,Fiets,7,Motorfiets,Buiten Kruispunt,Gemeenteweg,binnen bebouwde kom,Tussen 2 bestuurders: Langs achteren,Geen hindernis
19311,95,Lier teller 1,Lier,51.11687,4.58437,2.358835074771886,51.12394569288478,4.5525090073621834,2020,5,10,12021,Lier,Normaal,Droog,Dag,met lichtgewonden,3,Fiets,7,Motorfiets,Buiten Kruispunt,Gemeenteweg,binnen bebouwde kom,Tussen 2 bestuurders: Langs achteren,Geen hindernis
19324,127,Geel totem,Westerlo,51.1342966,4.9400421,0.8507762949469689,51.12684844516236,4.937251837425651,2020,5,14,13049,Westerlo,Normaal,Droog,Dag,met lichtgewonden,7,Motorfiets,3,Fiets,Op Kruispunt,Gemeenteweg,buiten bebouwde kom,Tss. 2 best.: langs opzij (voor-/achterkant-flank),Geen hindernis
19324,112,Geel teller 2,Westerlo,51.1354992,4.9394789,0.9743922065282309,51.12684844516236,4.937251837425651,2020,5,14,13049,Westerlo,Normaal,Droog,Dag,met lichtgewonden,7,Motorfiets,3,Fiets,Op Kruispunt,Gemeenteweg,buiten bebouwde kom,Tss. 2 best.: langs opzij (voor-/achterkant-flank),Geen hindernis
19329,134,Retie,Dessel,51.2548405,5.1037658,1.8950149171924708,51.267792192137705,5.086064896502109,2020,5,16,13036,Retie,Normaal,Droog,Dag,met zwaargewonden,9,personenauto,3,Fiets,Op Kruispunt,Gewestweg,binnen bebouwde kom,Tss. 2 best.: langs opzij (voor-/achterkant-flank),Geen hindernis
19329,135,Retie 2,Dessel,51.2544998,5.1040064,1.9347266516852044,51.267792192137705,5.086064896502109,2020,5,16,13036,Retie,Normaal,Droog,Dag,met zwaargewonden,9,personenauto,3,Fiets,Op Kruispunt,Gewestweg,binnen bebouwde kom,Tss. 2 best.: langs opzij (voor-/achterkant-flank),Geen hindernis
19338,37,Lommel teller 1,Lommel,51.23299,5.29211,1.6889595532345612,51.22772015472391,5.3148597684052,2020,5,10,72020,Lommel,Normaal,Droog,Dag,met lichtgewonden,9,personenauto,3,Fiets,Op Kruispunt,Gewestweg,binnen bebouwde kom,Tussen 2 bestuurders: Langs achteren,Geen hindernis
19338,38,Lommel teller 2,Lommel,51.23277,5.29189,1.6950783075100662,51.22772015472391,5.3148597684052,2020,5,10,72020,Lommel,Normaal,Droog,Dag,met lichtgewonden,9,personenauto,3,Fiets,Op Kruispunt,Gewestweg,binnen bebouwde kom,Tussen 2 bestuurders: Langs achteren,Geen hindernis
19339,46,Pelt teller 2,Pelt,51.231,5.44375,2.299355364636994,51.21492072782479,5.422989114812895,2020,5,11,72043,Pelt,Normaal,Droog,Dag,met lichtgewonden,3,Fiets,9,personenauto,Op Kruispunt,Gewestweg,binnen bebouwde kom,Tss. 2 best.: langs opzij (voor-/achterkant-flank),Geen hindernis
19339,45,Pelt teller 1,Pelt,51.23127,5.44377,2.3236416402411053,51.21492072782479,5.422989114812895,2020,5,11,72043,Pelt,Normaal,Droog,Dag,met lichtgewonden,3,Fiets,9,personenauto,Op Kruispunt,Gewestweg,binnen bebouwde kom,Tss. 2 best.: langs opzij (voor-/achterkant-flank),Geen hindernis
19348,39,Peer teller 1,Peer,51.13425,5.47817,2.149083478479032,51.132665630668626,5.44747380624176,2020,5,10,72030,Peer,Normaal,Droog,Dag,met lichtgewonden,3,Fiets,9,personenauto,Buiten Kruispunt,Gewestweg,binnen bebouwde kom,Tussen 2 bestuurders: Flank tegen flank,Geen hindernis
19348,40,Peer teller 2,Peer,51.13438,5.47892,2.2024443169604524,51.132665630668626,5.44747380624176,2020,5,10,72030,Peer,Normaal,Droog,Dag,met lichtgewonden,3,Fiets,9,personenauto,Buiten Kruispunt,Gewestweg,binnen bebouwde kom,Tussen 2 bestuurders: Flank tegen flank,Geen hindernis
19349,39,Peer teller 1,Peer,51.13425,5.47817,1.2622616867106908,51.1336208608741,5.460107357155036,2020,5,16,72030,Peer,Normaal,Droog,Dag,met lichtgewonden,9,personenauto,3,Fiets,Op Kruispunt,Gemeenteweg,buiten bebouwde kom,Tss. 2 best.: langs opzij (voor-/achterkant-flank),Geen hindernis
19349,40,Peer teller 2,Peer,51.13438,5.47892,1.3153623933445278,51.1336208608741,5.460107357155036,2020,5,16,72030,Peer,Normaal,Droog,Dag,met lichtgewonden,9,personenauto,3,Fiets,Op Kruispunt,Gemeenteweg,buiten bebouwde kom,Tss. 2 best.: langs opzij (voor-/achterkant-flank),Geen hindernis
19351,34,Heers teller 1,Heers,50.75486,5.3033,2.347849365779806,50.75448002792553,5.336670042884543,2020,5,17,73022,Heers,Normaal,Droog,Dag,Met doden,3,Fiets,9,personenauto,Buiten Kruispunt,Gemeenteweg,buiten bebouwde kom,Tss. 2 best.: langs opzij (voor-/achterkant-flank),Geen hindernis
19351,28,Heers,Heers,50.75488,5.30314,2.359143381663791,50.75448002792553,5.336670042884543,2020,5,17,73022,Heers,Normaal,Droog,Dag,Met doden,3,Fiets,9,personenauto,Buiten Kruispunt,Gemeenteweg,buiten bebouwde kom,Tss. 2 best.: langs opzij (voor-/achterkant-flank),Geen hindernis
19357,151,Leuven,District Leuven,50.8690262,4.6854839,1.242476140376843,50.87931411251181,4.692394072466078,2020,5,15,24062,Leuven,Normaal,Droog,Dag,met lichtgewonden,1,Autobus,3,Fiets,Buiten Kruispunt,Gemeenteweg,binnen bebouwde kom,Tussen 2 bestuurders: Flank tegen flank,Geen hindernis
19357,77,Leuven teller 2,Leuven,50.88672,4.70796,1.3677067362988122,50.87931411251181,4.692394072466078,2020,5,15,24062,Leuven,Normaal,Droog,Dag,met lichtgewonden,1,Autobus,3,Fiets,Buiten Kruispunt,Gemeenteweg,binnen bebouwde kom,Tussen 2 bestuurders: Flank tegen flank,Geen hindernis
19357,107,leuven totem,Leuven,50.8870744,4.7087919,1.438031577985813,50.87931411251181,4.692394072466078,2020,5,15,24062,Leuven,Normaal,Droog,Dag,met lichtgewonden,1,Autobus,3,Fiets,Buiten Kruispunt,Gemeenteweg,binnen bebouwde kom,Tussen 2 bestuurders: Flank tegen flank,Geen hindernis
19357,69,Leuven teller 1,Leuven,50.87549,4.71526,1.6597145048950293,50.87931411251181,4.692394072466078,2020,5,15,24062,Leuven,Normaal,Droog,Dag,met lichtgewonden,1,Autobus,3,Fiets,Buiten Kruispunt,Gemeenteweg,binnen bebouwde kom,Tussen 2 bestuurders: Flank tegen flank,Geen hindernis
19358,69,Leuven teller 1,Leuven,50.87549,4.71526,1.8302826359989526,50.880918781331324,4.739887307071892,2020,5,18,24062,Leuven,Normaal,Droog,Dag,met lichtgewonden,3,Fiets,5,Lichte vrachtauto,Buiten Kruispunt,Gemeenteweg,binnen bebouwde kom,Tussen 2 bestuurders: Langs achteren,Geen hindernis
19358,107,leuven totem,Leuven,50.8870744,4.7087919,2.2862717471847507,50.880918781331324,4.739887307071892,2020,5,18,24062,Leuven,Normaal,Droog,Dag,met lichtgewonden,3,Fiets,5,Lichte vrachtauto,Buiten Kruispunt,Gemeenteweg,binnen bebouwde kom,Tussen 2 bestuurders: Langs achteren,Geen hindernis
19358,77,Leuven teller 2,Leuven,50.88672,4.70796,2.330815356287622,50.880918781331324,4.739887307071892,2020,5,18,24062,Leuven,Normaal,Droog,Dag,met lichtgewonden,3,Fiets,5,Lichte vrachtauto,Buiten Kruispunt,Gemeenteweg,binnen bebouwde kom,Tussen 2 bestuurders: Langs achteren,Geen hindernis
19359,151,Leuven,District Leuven,50.8690262,4.6854839,0.8557914090612635,50.86901408681771,4.6976790585254005,2020,5,17,24062,Leuven,Normaal,Droog,Dag,met lichtgewonden,3,Fiets,9,personenauto,Op Kruispunt,Gewestweg,buiten bebouwde kom,Tussen 2 bestuurders: Flank tegen flank,Geen hindernis
19359,69,Leuven teller 1,Leuven,50.87549,4.71526,1.4284326875292932,50.86901408681771,4.6976790585254005,2020,5,17,24062,Leuven,Normaal,Droog,Dag,met lichtgewonden,3,Fiets,9,personenauto,Op Kruispunt,Gewestweg,buiten bebouwde kom,Tussen 2 bestuurders: Flank tegen flank,Geen hindernis
19359,77,Leuven teller 2,Leuven,50.88672,4.70796,2.096786141504086,50.86901408681771,4.6976790585254005,2020,5,17,24062,Leuven,Normaal,Droog,Dag,met lichtgewonden,3,Fiets,9,personenauto,Op Kruispunt,Gewestweg,buiten bebouwde kom,Tussen 2 bestuurders: Flank tegen flank,Geen hindernis
19359,107,leuven totem,Leuven,50.8870744,4.7087919,2.1542613487393223,50.86901408681771,4.6976790585254005,2020,5,17,24062,Leuven,Normaal,Droog,Dag,met lichtgewonden,3,Fiets,9,personenauto,Op Kruispunt,Gewestweg,buiten bebouwde kom,Tussen 2 bestuurders: Flank tegen flank,Geen hindernis
19359,108,Heverlee teller 1,Leuven,50.8471728,4.6954674,2.433596652243652,50.86901408681771,4.6976790585254005,2020,5,17,24062,Leuven,Normaal,Droog,Dag,met lichtgewonden,3,Fiets,9,personenauto,Op Kruispunt,Gewestweg,buiten bebouwde kom,Tussen 2 bestuurders: Flank tegen flank,Geen hindernis
19360,151,Leuven,District Leuven,50.8690262,4.6854839,0.7929260672765583,50.86415451802408,4.693734872627527,2020,5,19,24062,Leuven,Normaal,Droog,Dag,met lichtgewonden,3,Fiets,3,Fiets,Op Kruispunt,Gemeenteweg,binnen bebouwde kom,Tss. 2 best.: langs opzij (voor-/achterkant-flank),Geen hindernis
19360,108,Heverlee teller 1,Leuven,50.8471728,4.6954674,1.8921931041883624,50.86415451802408,4.693734872627527,2020,5,19,24062,Leuven,Normaal,Droog,Dag,met lichtgewonden,3,Fiets,3,Fiets,Op Kruispunt,Gemeenteweg,binnen bebouwde kom,Tss. 2 best.: langs opzij (voor-/achterkant-flank),Geen hindernis
19360,69,Leuven teller 1,Leuven,50.87549,4.71526,1.9673110854145215,50.86415451802408,4.693734872627527,2020,5,19,24062,Leuven,Normaal,Droog,Dag,met lichtgewonden,3,Fiets,3,Fiets,Op Kruispunt,Gemeenteweg,binnen bebouwde kom,Tss. 2 best.: langs opzij (voor-/achterkant-flank),Geen hindernis
19360,76,Heverlee teller 2,Leuven,50.84606,4.69597,2.0181266585958433,50.86415451802408,4.693734872627527,2020,5,19,24062,Leuven,Normaal,Droog,Dag,met lichtgewonden,3,Fiets,3,Fiets,Op Kruispunt,Gemeenteweg,binnen bebouwde kom,Tss. 2 best.: langs opzij (voor-/achterkant-flank),Geen hindernis
19361,107,leuven totem,Leuven,50.8870744,4.7087919,1.248738991879292,50.89713414170555,4.716705633200002,2020,5,12,24062,Leuven,Normaal,Droog,Dag,met lichtgewonden,3,Fiets,10,"één bestuurder, geen hindernis",Buiten Kruispunt,Gemeenteweg,binnen bebouwde kom,"Eén bestuurder, geen hindernis (incl. val)",Geen hindernis
19361,77,Leuven teller 2,Leuven,50.88672,4.70796,1.3104377237874754,50.89713414170555,4.716705633200002,2020,5,12,24062,Leuven,Normaal,Droog,Dag,met lichtgewonden,3,Fiets,10,"één bestuurder, geen hindernis",Buiten Kruispunt,Gemeenteweg,binnen bebouwde kom,"Eén bestuurder, geen hindernis (incl. val)",Geen hindernis
19361,69,Leuven teller 1,Leuven,50.87549,4.71526,2.4088542797758947,50.89713414170555,4.716705633200002,2020,5,12,24062,Leuven,Normaal,Droog,Dag,met lichtgewonden,3,Fiets,10,"één bestuurder, geen hindernis",Buiten Kruispunt,Gemeenteweg,binnen bebouwde kom,"Eén bestuurder, geen hindernis (incl. val)",Geen hindernis
19362,107,leuven totem,Leuven,50.8870744,4.7087919,1.0455171104583039,50.89646042153448,4.707908152249714,2020,5,11,24062,Leuven,Normaal,Droog,Dag,met lichtgewonden,3,Fiets,9,personenauto,Buiten Kruispunt,Gewestweg,buiten bebouwde kom,Tss. 2 best.: langs opzij (voor-/achterkant-flank),Geen hindernis
19362,77,Leuven teller 2,Leuven,50.88672,4.70796,1.0830915632856328,50.89646042153448,4.707908152249714,2020,5,11,24062,Leuven,Normaal,Droog,Dag,met lichtgewonden,3,Fiets,9,personenauto,Buiten Kruispunt,Gewestweg,buiten bebouwde kom,Tss. 2 best.: langs opzij (voor-/achterkant-flank),Geen hindernis
19362,69,Leuven teller 1,Leuven,50.87549,4.71526,2.3881550844738153,50.89646042153448,4.707908152249714,2020,5,11,24062,Leuven,Normaal,Droog,Dag,met lichtgewonden,3,Fiets,9,personenauto,Buiten Kruispunt,Gewestweg,buiten bebouwde kom,Tss. 2 best.: langs opzij (voor-/achterkant-flank),Geen hindernis
19363,69,Leuven teller 1,Leuven,50.87549,4.71526,1.676815641152514,50.86124536266971,4.7074176980656395,2020,5,15,24062,Leuven,Normaal,Proper,Dag,met lichtgewonden,3,Fiets,9,personenauto,Op Kruispunt,Gemeenteweg,binnen bebouwde kom,Tussen 2 bestuurders: Frontale botsing,Geen hindernis
19363,151,Leuven,District Leuven,50.8690262,4.6854839,1.7658059340555543,50.86124536266971,4.7074176980656395,2020,5,15,24062,Leuven,Normaal,Proper,Dag,met lichtgewonden,3,Fiets,9,personenauto,Op Kruispunt,Gemeenteweg,binnen bebouwde kom,Tussen 2 bestuurders: Frontale botsing,Geen hindernis
19363,108,Heverlee teller 1,Leuven,50.8471728,4.6954674,1.7754719558286405,50.86124536266971,4.7074176980656395,2020,5,15,24062,Leuven,Normaal,Proper,Dag,met lichtgewonden,3,Fiets,9,personenauto,Op Kruispunt,Gemeenteweg,binnen bebouwde kom,Tussen 2 bestuurders: Frontale botsing,Geen hindernis
19363,76,Heverlee teller 2,Leuven,50.84606,4.69597,1.87000755302566,50.86124536266971,4.7074176980656395,2020,5,15,24062,Leuven,Normaal,Proper,Dag,met lichtgewonden,3,Fiets,9,personenauto,Op Kruispunt,Gemeenteweg,binnen bebouwde kom,Tussen 2 bestuurders: Frontale botsing,Geen hindernis
19365,107,leuven totem,Leuven,50.8870744,4.7087919,2.429918247740264,50.908792478608234,4.712633024276982,2020,5,7,24062,Leuven,Normaal,Droog,Dag,met lichtgewonden,3,Fiets,9,personenauto,Buiten Kruispunt,Gewestweg,binnen bebouwde kom,Tss. 2 best.: langs opzij (voor-/achterkant-flank),Geen hindernis
19365,77,Leuven teller 2,Leuven,50.88672,4.70796,2.4761313111575465,50.908792478608234,4.712633024276982,2020,5,7,24062,Leuven,Normaal,Droog,Dag,met lichtgewonden,3,Fiets,9,personenauto,Buiten Kruispunt,Gewestweg,binnen bebouwde kom,Tss. 2 best.: langs opzij (voor-/achterkant-flank),Geen hindernis