crash_row_id,site_id,site_name,site_gemeente,site_lat,site_long,distance_km,crash_lat,crash_long,DT_YEAR_COLLISION,DT_MONTH_COLLISION,DT_TIME,CD_NIS,TX_MUNTY_COLLISION_NL,TX_WEATHER_NL,TX_ROAD_CONDITION_NL,TX_LIGHT_CONDITION_NL,TX_CLASS_ACCIDENTS_NL,CD_ROAD_USR_TYPE1,TX_ROAD_USR_TYPE1_NL,CD_ROAD_USR_TYPE2,TX_ROAD_USR_TYPE2_NL,TX_CROSSWAY_NL,CD_ROAD_TYPE_NL,TX_BUILD_UP_AREA_NL,TX_COLLISION_TYPE_NL,TX_OBSTACLES_NL
19366,107,leuven totem,Leuven,50.8870744,4.7087919,0.7653364987245604,50.882574273933876,4.717046872095997,2020,5,16,24062,Leuven,Normaal,Droog,Dag,met lichtgewonden,3,Fiets,11,een weggebruiker tegen een hindernis,Op Kruispunt,Gewestweg,binnen bebouwde kom,Weggebruiker tegen hindernis buiten rijbaan,Andere hindernis
19366,77,Leuven teller 2,Leuven,50.88672,4.70796,0.7866723127152374,50.882574273933876,4.717046872095997,2020,5,16,24062,Leuven,Normaal,Droog,Dag,met lichtgewonden,3,Fiets,11,een weggebruiker tegen een hindernis,Op Kruispunt,Gewestweg,binnen bebouwde kom,Weggebruiker tegen hindernis buiten rijbaan,Andere hindernis
19366,69,Leuven teller 1,Leuven,50.87549,4.71526,0.7976487906639531,50.882574273933876,4.717046872095997,2020,5,16,24062,Leuven,Normaal,Droog,Dag,met lichtgewonden,3,Fiets,11,een weggebruiker tegen een hindernis,Op Kruispunt,Gewestweg,binnen bebouwde kom,Weggebruiker tegen hindernis buiten rijbaan,Andere hindernis
19367,69,Leuven teller 1,Leuven,50.87549,4.71526,0.5530369749946228,50.87213335299522,4.721075998347171,2020,5,16,24062,Leuven,Normaal,Droog,Dag,met lichtgewonden,3,Fiets,3,Fiets,Buiten Kruispunt,Gewestweg,binnen bebouwde kom,Tussen 2 bestuurders: Frontale botsing,Geen hindernis
19367,77,Leuven teller 2,Leuven,50.88672,4.70796,1.8648147629953171,50.87213335299522,4.721075998347171,2020,5,16,24062,Leuven,Normaal,Droog,Dag,met lichtgewonden,3,Fiets,3,Fiets,Buiten Kruispunt,Gewestweg,binnen bebouwde kom,Tussen 2 bestuurders: Frontale botsing,Geen hindernis
19367,107,leuven totem,Leuven,50.8870744,4.7087919,1.8716054214933815,50.87213335299522,4.721075998347171,2020,5,16,24062,Leuven,Normaal,Droog,Dag,met lichtgewonden,3,Fiets,3,Fiets,Buiten Kruispunt,Gewestweg,binnen bebouwde kom,Tussen 2 bestuurders: Frontale botsing,Geen hindernis
19369,151,Leuven,District Leuven,50.8690262,4.6854839,0.9058250906882318,50.87105789979098,4.697984438367081,2020,5,22,24062,Leuven,Normaal,Droog,"Nacht, openbare verlichting aanwezig en ontstoken",met lichtgewonden,3,Fiets,10,"één bestuurder, geen hindernis",Op Kruispunt,Gemeenteweg,binnen bebouwde kom,"Eén bestuurder, geen hindernis (incl. val)",Geen hindernis
19369,69,Leuven teller 1,Leuven,50.87549,4.71526,1.3085469538749317,50.87105789979098,4.697984438367081,2020,5,22,24062,Leuven,Normaal,Droog,"Nacht, openbare verlichting aanwezig en ontstoken",met lichtgewonden,3,Fiets,10,"één bestuurder, geen hindernis",Op Kruispunt,Gemeenteweg,binnen bebouwde kom,"Eén bestuurder, geen hindernis (incl. val)",Geen hindernis
19369,77,Leuven teller 2,Leuven,50.88672,4.70796,1.876917339517539,50.87105789979098,4.697984438367081,2020,5,22,24062,Leuven,Normaal,Droog,"Nacht, openbare verlichting aanwezig en ontstoken",met lichtgewonden,3,Fiets,10,"één bestuurder, geen hindernis",Op Kruispunt,Gemeenteweg,binnen bebouwde kom,"Eén bestuurder, geen hindernis (incl. val)",Geen hindernis
19369,107,leuven totem,Leuven,50.8870744,4.7087919,1.9356477740369098,50.87105789979098,4.697984438367081,2020,5,22,24062,Leuven,Normaal,Droog,"Nacht, openbare verlichting aanwezig en ontstoken",met lichtgewonden,3,Fiets,10,"één bestuurder, geen hindernis",Op Kruispunt,Gemeenteweg,binnen bebouwde kom,"Eén bestuurder, geen hindernis (incl. val)",Geen hindernis
19370,77,Leuven teller 2,Leuven,50.88672,4.70796,1.0973065047247048,50.88037674613479,4.695977808934515,2020,5,22,24062,Leuven,Normaal,Droog,Dag,met lichtgewonden,3,Fiets,10,"één bestuurder, geen hindernis",Buiten Kruispunt,Gemeenteweg,binnen bebouwde kom,"Eén bestuurder, geen hindernis (incl. val)",Geen hindernis
19370,107,leuven totem,Leuven,50.8870744,4.7087919,1.1673638676012044,50.88037674613479,4.695977808934515,2020,5,22,24062,Leuven,Normaal,Droog,Dag,met lichtgewonden,3,Fiets,10,"één bestuurder, geen hindernis",Buiten Kruispunt,Gemeenteweg,binnen bebouwde kom,"Eén bestuurder, geen hindernis (incl. val)",Geen hindernis
19370,69,Leuven teller 1,Leuven,50.87549,4.71526,1.4579083995757498,50.88037674613479,4.695977808934515,2020,5,22,24062,Leuven,Normaal,Droog,Dag,met lichtgewonden,3,Fiets,10,"één bestuurder, geen hindernis",Buiten Kruispunt,Gemeenteweg,binnen bebouwde kom,"Eén bestuurder, geen hindernis (incl. val)",Geen hindernis
19370,151,Leuven,District Leuven,50.8690262,4.6854839,1.4612036827957993,50.88037674613479,4.695977808934515,2020,5,22,24062,Leuven,Normaal,Droog,Dag,met lichtgewonden,3,Fiets,10,"één bestuurder, geen hindernis",Buiten Kruispunt,Gemeenteweg,binnen bebouwde kom,"Eén bestuurder, geen hindernis (incl. val)",Geen hindernis
19373,69,Leuven teller 1,Leuven,50.87549,4.71526,0.6452649248251137,50.88129250517704,4.7153809343668,2020,5,8,24062,Leuven,Normaal,Droog,Dag,met zwaargewonden,3,Fiets,11,een weggebruiker tegen een hindernis,Buiten Kruispunt,Gewestweg,binnen bebouwde kom,Weggebruiker tegen hindernis buiten rijbaan,Andere hindernis
19373,107,leuven totem,Leuven,50.8870744,4.7087919,0.7918342938639206,50.88129250517704,4.7153809343668,2020,5,8,24062,Leuven,Normaal,Droog,Dag,met zwaargewonden,3,Fiets,11,een weggebruiker tegen een hindernis,Buiten Kruispunt,Gewestweg,binnen bebouwde kom,Weggebruiker tegen hindernis buiten rijbaan,Andere hindernis
19373,77,Leuven teller 2,Leuven,50.88672,4.70796,0.7970206604167503,50.88129250517704,4.7153809343668,2020,5,8,24062,Leuven,Normaal,Droog,Dag,met zwaargewonden,3,Fiets,11,een weggebruiker tegen een hindernis,Buiten Kruispunt,Gewestweg,binnen bebouwde kom,Weggebruiker tegen hindernis buiten rijbaan,Andere hindernis
19377,72,Herent teller 1,Herent,50.89135,4.64689,1.97775418011647,50.90299392057385,4.6255725351502015,2020,5,12,24038,Herent,Normaal,Droog,Dag,met lichtgewonden,3,Fiets,11,een weggebruiker tegen een hindernis,Buiten Kruispunt,Gemeenteweg,binnen bebouwde kom,Weggebruiker tegen hindernis op de rijbaan,Op de rijbaan: Dier (wild dier)
19377,73,Herent teller 2,Herent,50.89128,4.64685,1.9807450683758308,50.90299392057385,4.6255725351502015,2020,5,12,24038,Herent,Normaal,Droog,Dag,met lichtgewonden,3,Fiets,11,een weggebruiker tegen een hindernis,Buiten Kruispunt,Gemeenteweg,binnen bebouwde kom,Weggebruiker tegen hindernis op de rijbaan,Op de rijbaan: Dier (wild dier)
19378,73,Herent teller 2,Herent,50.89128,4.64685,1.5169007678663176,50.88618926811251,4.666913089324161,2020,5,16,24038,Herent,Normaal,Droog,Dag,met lichtgewonden,9,personenauto,3,Fiets,Buiten Kruispunt,Gewestweg,buiten bebouwde kom,Tss. 2 best.: langs opzij (voor-/achterkant-flank),Geen hindernis
19378,72,Herent teller 1,Herent,50.89135,4.64689,1.5172238397666502,50.88618926811251,4.666913089324161,2020,5,16,24038,Herent,Normaal,Droog,Dag,met lichtgewonden,9,personenauto,3,Fiets,Buiten Kruispunt,Gewestweg,buiten bebouwde kom,Tss. 2 best.: langs opzij (voor-/achterkant-flank),Geen hindernis
19378,151,Leuven,District Leuven,50.8690262,4.6854839,2.310815614136528,50.88618926811251,4.666913089324161,2020,5,16,24038,Herent,Normaal,Droog,Dag,met lichtgewonden,9,personenauto,3,Fiets,Buiten Kruispunt,Gewestweg,buiten bebouwde kom,Tss. 2 best.: langs opzij (voor-/achterkant-flank),Geen hindernis
19379,87,Aarschot,Aarschot,50.99084,4.81259,1.9728679395506263,50.99087595631003,4.840777385231191,2020,5,16,24001,Aarschot,Normaal,"Nat, plassen",Dag,met lichtgewonden,3,Fiets,5,Lichte vrachtauto,Buiten Kruispunt,Gewestweg,binnen bebouwde kom,Tss. 2 best.: langs opzij (voor-/achterkant-flank),Geen hindernis
19385,87,Aarschot,Aarschot,50.99084,4.81259,2.2405793700842653,51.004137363964674,4.788534464599445,2020,5,13,24007,Begijnendijk,Normaal,Droog+Proper,Dag,met lichtgewonden,3,Fiets,3,Fiets,Op Kruispunt,Gemeenteweg,buiten bebouwde kom,Tss. 2 best.: langs opzij (voor-/achterkant-flank),Geen hindernis
19388,87,Aarschot,Aarschot,50.99084,4.81259,2.2100141950777035,50.98665602416697,4.78172329991915,2020,5,16,24007,Begijnendijk,Normaal,Droog+Proper,Dag,met lichtgewonden,3,Fiets,3,Fiets,Buiten Kruispunt,Gemeenteweg,binnen bebouwde kom,Tussen 2 bestuurders: Frontale botsing,Geen hindernis
19390,111,Zaventem totem,Zaventem,50.8871216,4.4597084,0.7463898995618911,50.88229987432787,4.467110553169134,2020,5,12,23094,Zaventem,Normaal,Droog,Dag,met lichtgewonden,3,Fiets,9,personenauto,Op Kruispunt,Gemeenteweg,binnen bebouwde kom,Tss. 2 best.: langs opzij (voor-/achterkant-flank),Geen hindernis
19390,26,Zaventem,Zaventem,50.86995,4.45444,1.6358929688423964,50.88229987432787,4.467110553169134,2020,5,12,23094,Zaventem,Normaal,Droog,Dag,met lichtgewonden,3,Fiets,9,personenauto,Op Kruispunt,Gemeenteweg,binnen bebouwde kom,Tss. 2 best.: langs opzij (voor-/achterkant-flank),Geen hindernis
19390,149,Machelen,,50.88297881,4.43356644,2.3544674773736287,50.88229987432787,4.467110553169134,2020,5,12,23094,Zaventem,Normaal,Droog,Dag,met lichtgewonden,3,Fiets,9,personenauto,Op Kruispunt,Gemeenteweg,binnen bebouwde kom,Tss. 2 best.: langs opzij (voor-/achterkant-flank),Geen hindernis
19391,26,Zaventem,Zaventem,50.86995,4.45444,0.2903701892907045,50.86805183843388,4.4515983149961516,2020,5,18,23094,Zaventem,Normaal,Droog,Dag,met lichtgewonden,3,Fiets,9,personenauto,Op Kruispunt,Gewestweg,binnen bebouwde kom,Tss. 2 best.: langs opzij (voor-/achterkant-flank),Geen hindernis
19391,149,Machelen,,50.88297881,4.43356644,2.087028249971896,50.86805183843388,4.4515983149961516,2020,5,18,23094,Zaventem,Normaal,Droog,Dag,met lichtgewonden,3,Fiets,9,personenauto,Op Kruispunt,Gewestweg,binnen bebouwde kom,Tss. 2 best.: langs opzij (voor-/achterkant-flank),Geen hindernis
19391,111,Zaventem totem,Zaventem,50.8871216,4.4597084,2.195480467389525,50.86805183843388,4.4515983149961516,2020,5,18,23094,Zaventem,Normaal,Droog,Dag,met lichtgewonden,3,Fiets,9,personenauto,Op Kruispunt,Gewestweg,binnen bebouwde kom,Tss. 2 best.: langs opzij (voor-/achterkant-flank),Geen hindernis
19394,147,Overijse,District Vilvoorde-gewestwegen,50.7797555,4.4975769,1.2729955555809713,50.769032659219675,4.491234802935334,2020,5,15,23062,Overijse,Normaal,Droog,Dag,met lichtgewonden,3,Fiets,3,Fiets,Op Kruispunt,Gemeenteweg,binnen bebouwde kom,Tussen 2 bestuurders: Frontale botsing,Geen hindernis
19394,146,Overijse 2,District Vilvoorde-gewestwegen,50.7881478,4.4902818,2.126562595133969,50.769032659219675,4.491234802935334,2020,5,15,23062,Overijse,Normaal,Droog,Dag,met lichtgewonden,3,Fiets,3,Fiets,Op Kruispunt,Gemeenteweg,binnen bebouwde kom,Tussen 2 bestuurders: Frontale botsing,Geen hindernis
19394,145,Overijse,District Vilvoorde-gewestwegen,50.7885856,4.4908759,2.1743342526217133,50.769032659219675,4.491234802935334,2020,5,15,23062,Overijse,Normaal,Droog,Dag,met lichtgewonden,3,Fiets,3,Fiets,Op Kruispunt,Gemeenteweg,binnen bebouwde kom,Tussen 2 bestuurders: Frontale botsing,Geen hindernis
19395,147,Overijse,District Vilvoorde-gewestwegen,50.7797555,4.4975769,1.1140387269387741,50.77109672146882,4.505547043184398,2020,5,16,23062,Overijse,Normaal,Droog,Dag,met lichtgewonden,7,Motorfiets,3,Fiets,Buiten Kruispunt,Gemeenteweg,buiten bebouwde kom,Tussen 2 bestuurders: Frontale botsing,Geen hindernis
19395,146,Overijse 2,District Vilvoorde-gewestwegen,50.7881478,4.4902818,2.17869975662589,50.77109672146882,4.505547043184398,2020,5,16,23062,Overijse,Normaal,Droog,Dag,met lichtgewonden,7,Motorfiets,3,Fiets,Buiten Kruispunt,Gemeenteweg,buiten bebouwde kom,Tussen 2 bestuurders: Frontale botsing,Geen hindernis
19395,145,Overijse,District Vilvoorde-gewestwegen,50.7885856,4.4908759,2.201311410096307,50.77109672146882,4.505547043184398,2020,5,16,23062,Overijse,Normaal,Droog,Dag,met lichtgewonden,7,Motorfiets,3,Fiets,Buiten Kruispunt,Gemeenteweg,buiten bebouwde kom,Tussen 2 bestuurders: Frontale botsing,Geen hindernis
19400,86,Asse teller 2,Asse,50.89132,4.1709,2.220947599670197,50.871389498791814,4.172975210827479,2020,4,16,23086,Ternat,Normaal,Droog,Dag,met lichtgewonden,5,Lichte vrachtauto,3,Fiets,Op Kruispunt,Gemeenteweg,binnen bebouwde kom,Tussen 2 bestuurders: Langs achteren,Geen hindernis
19410,27,Grimbergen,Meise,50.92127,4.34013,1.4474711095470008,50.91258761498851,4.355514239036616,2020,5,17,23025,Grimbergen,Normaal,Droog,Dag,met lichtgewonden,3,Fiets,9,personenauto,Buiten Kruispunt,Gemeenteweg,binnen bebouwde kom,Tss. 2 best.: langs opzij (voor-/achterkant-flank),Geen hindernis
19411,47,Vilvoorde,Vilvoorde,50.91372,4.41497,1.5251572248011926,50.92499643664074,4.402583703055196,2020,5,9,23025,Grimbergen,Normaal,Droog,Dag,met lichtgewonden,9,personenauto,3,Fiets,Op Kruispunt,Gewestweg,buiten bebouwde kom,Tss. 2 best.: langs opzij (voor-/achterkant-flank),Geen hindernis
19413,27,Grimbergen,Meise,50.92127,4.34013,2.1243519880243844,50.90270970230134,4.347312199548977,2020,5,15,23025,Grimbergen,Normaal,Droog,Dag,met zwaargewonden,9,personenauto,3,Fiets,Op Kruispunt,Gewestweg,binnen bebouwde kom,Tss. 2 best.: langs opzij (voor-/achterkant-flank),Geen hindernis
19414,47,Vilvoorde,Vilvoorde,50.91372,4.41497,2.0508108512156262,50.92922678645301,4.4308093544758265,2020,5,15,23088,Vilvoorde,Normaal,Droog,Dag,met lichtgewonden,3,Fiets,10,"één bestuurder, geen hindernis",Op Kruispunt,Gemeenteweg,binnen bebouwde kom,"Eén bestuurder, geen hindernis (incl. val)",Geen hindernis
19414,1,Machelen,Machelen,50.91618331151478,4.456121776137429,2.291616125561903,50.92922678645301,4.4308093544758265,2020,5,15,23088,Vilvoorde,Normaal,Droog,Dag,met lichtgewonden,3,Fiets,10,"één bestuurder, geen hindernis",Op Kruispunt,Gemeenteweg,binnen bebouwde kom,"Eén bestuurder, geen hindernis (incl. val)",Geen hindernis
19416,71,Kampenhout teller 2,Kampenhout,50.95589,4.59164,0.5538132232608974,50.95974725811277,4.586637871262519,2020,5,16,23038,Kampenhout,Normaal,Droog,Dag,met lichtgewonden,9,personenauto,3,Fiets,Buiten Kruispunt,Gewestweg,buiten bebouwde kom,Tss. 2 best.: langs opzij (voor-/achterkant-flank),Geen hindernis
19416,70,Kampenhout teller 1,Kampenhout,50.95682,4.59318,0.5620548488419109,50.95974725811277,4.586637871262519,2020,5,16,23038,Kampenhout,Normaal,Droog,Dag,met lichtgewonden,9,personenauto,3,Fiets,Buiten Kruispunt,Gewestweg,buiten bebouwde kom,Tss. 2 best.: langs opzij (voor-/achterkant-flank),Geen hindernis
19418,1,Machelen,Machelen,50.91618331151478,4.456121776137429,2.0839770100569983,50.913465140137475,4.485533719314329,2020,5,16,23081,Steenokkerzeel,Normaal,Proper,Dag,met lichtgewonden,9,personenauto,3,Fiets,Buiten Kruispunt,Gewestweg,buiten bebouwde kom,Tss. 2 best.: langs opzij (voor-/achterkant-flank),Geen hindernis
19420,118,Gent teller 1,Gent,51.028049,3.7681359,2.0210585420634812,51.03751199595803,3.743459927374882,2020,5,12,44021,Gent,Normaal,Droog,Dag,met zwaargewonden,3,Fiets,10,"één bestuurder, geen hindernis",Buiten Kruispunt,Gemeenteweg,binnen bebouwde kom,"Eén bestuurder, geen hindernis (incl. val)",Geen hindernis
19420,119,Gent teller 2,Gent,51.0281795,3.7683918,2.0288955699403166,51.03751199595803,3.743459927374882,2020,5,12,44021,Gent,Normaal,Droog,Dag,met zwaargewonden,3,Fiets,10,"één bestuurder, geen hindernis",Buiten Kruispunt,Gemeenteweg,binnen bebouwde kom,"Eén bestuurder, geen hindernis (incl. val)",Geen hindernis
19421,136,Gent R4,Gent,51.0876313,3.7587918,2.0820812423845867,51.07011200658351,3.7693122642110373,2020,5,16,44021,Gent,Normaal,Droog,Dag,met lichtgewonden,3,Fiets,3,Fiets,Buiten Kruispunt,Gewestweg,buiten bebouwde kom,Tussen 2 bestuurders: Frontale botsing,Geen hindernis
19422,118,Gent teller 1,Gent,51.028049,3.7681359,1.8582179057163566,51.03773051150903,3.7464762041297686,2020,5,17,44021,Gent,Normaal,Droog,Dag,met zwaargewonden,1,Autobus,3,Fiets,Buiten Kruispunt,Gemeenteweg,binnen bebouwde kom,Tussen 2 bestuurders: Flank tegen flank,Geen hindernis
19422,119,Gent teller 2,Gent,51.0281795,3.7683918,1.8645270792863002,51.03773051150903,3.7464762041297686,2020,5,17,44021,Gent,Normaal,Droog,Dag,met zwaargewonden,1,Autobus,3,Fiets,Buiten Kruispunt,Gemeenteweg,binnen bebouwde kom,Tussen 2 bestuurders: Flank tegen flank,Geen hindernis
19424,13,Gent,Gent,51.03018,3.70146,1.2543716137758245,51.041391822318666,3.703441289926212,2020,5,14,44021,Gent,Normaal,Droog,Dag,met lichtgewonden,3,Fiets,3,Fiets,Buiten Kruispunt,Gemeenteweg,binnen bebouwde kom,Tss. 2 best.: langs opzij (voor-/achterkant-flank),Geen hindernis
19430,136,Gent R4,Gent,51.0876313,3.7587918,2.3144312320240745,51.08925691955587,3.7257557539330426,2020,5,18,44021,Gent,Normaal,Droog,Dag,met lichtgewonden,3,Fiets,9,personenauto,Op Kruispunt,Gewestweg,buiten bebouwde kom,Tss. 2 best.: langs opzij (voor-/achterkant-flank),Geen hindernis
19431,136,Gent R4,Gent,51.0876313,3.7587918,2.028176831432378,51.07286579224746,3.7758372214809937,2020,5,17,44021,Gent,Normaal,Droog,Dag,met lichtgewonden,9,personenauto,3,Fiets,Op Kruispunt,Gewestweg,binnen bebouwde kom,Tss. 2 best.: langs opzij (voor-/achterkant-flank),Geen hindernis
19432,118,Gent teller 1,Gent,51.028049,3.7681359,2.0039058544568116,51.03752608491553,3.7437615205462396,2020,5,20,44021,Gent,Normaal,Droog,Dageraad - schemering,met lichtgewonden,9,personenauto,3,Fiets,Buiten Kruispunt,Gemeenteweg,binnen bebouwde kom,Tussen 2 bestuurders: Flank tegen flank,Geen hindernis
19432,119,Gent teller 2,Gent,51.0281795,3.7683918,2.0116108510695616,51.03752608491553,3.7437615205462396,2020,5,20,44021,Gent,Normaal,Droog,Dageraad - schemering,met lichtgewonden,9,personenauto,3,Fiets,Buiten Kruispunt,Gemeenteweg,binnen bebouwde kom,Tussen 2 bestuurders: Flank tegen flank,Geen hindernis
19433,118,Gent teller 1,Gent,51.028049,3.7681359,0.32035140909425586,51.02732607546648,3.763701785043914,2020,5,17,44021,Gent,Normaal,Droog,Dag,met lichtgewonden,3,Fiets,3,Fiets,Buiten Kruispunt,Gemeenteweg,binnen bebouwde kom,Tussen 2 bestuurders: Langs achteren,Geen hindernis
19433,119,Gent teller 2,Gent,51.0281795,3.7683918,0.34144982347214914,51.02732607546648,3.763701785043914,2020,5,17,44021,Gent,Normaal,Droog,Dag,met lichtgewonden,3,Fiets,3,Fiets,Buiten Kruispunt,Gemeenteweg,binnen bebouwde kom,Tussen 2 bestuurders: Langs achteren,Geen hindernis
19435,13,Gent,Gent,51.03018,3.70146,1.2224250414262234,51.03140608026412,3.6840885544308115,2020,5,16,44021,Gent,Normaal,Droog,Dag,met zwaargewonden,3,Fiets,9,personenauto,Buiten Kruispunt,Gemeenteweg,binnen bebouwde kom,Tss. 2 best.: langs opzij (voor-/achterkant-flank),Geen hindernis
19438,13,Gent,Gent,51.03018,3.70146,1.3082645767236802,51.01923071459688,3.708305697501811,2020,5,16,44021,Gent,Normaal,Droog,Dag,met lichtgewonden,9,personenauto,3,Fiets,Buiten Kruispunt,Gewestweg,buiten bebouwde kom,Tussen 2 bestuurders: Frontale botsing,Geen hindernis
19439,13,Gent,Gent,51.03018,3.70146,2.14357865883097,51.03180340549193,3.732004111362076,2020,5,17,44021,Gent,Normaal,Droog,Dag,met lichtgewonden,3,Fiets,3,Fiets,Buiten Kruispunt,Gemeenteweg,buiten bebouwde kom,Tss. 2 best.: langs opzij (voor-/achterkant-flank),Geen hindernis
19445,118,Gent teller 1,Gent,51.028049,3.7681359,2.2392847072384647,51.037096965235826,3.7395272880290387,2020,5,19,44021,Gent,Normaal,Droog,Dag,met lichtgewonden,3,Fiets,3,Fiets,Op Kruispunt,Gemeenteweg,binnen bebouwde kom,Tussen 2 bestuurders: Flank tegen flank,Geen hindernis
19445,119,Gent teller 2,Gent,51.0281795,3.7683918,2.2488474128116147,51.037096965235826,3.7395272880290387,2020,5,19,44021,Gent,Normaal,Droog,Dag,met lichtgewonden,3,Fiets,3,Fiets,Op Kruispunt,Gemeenteweg,binnen bebouwde kom,Tussen 2 bestuurders: Flank tegen flank,Geen hindernis
19447,13,Gent,Gent,51.03018,3.70146,1.498483461529174,51.042332565827074,3.7107221781079285,2020,5,8,44021,Gent,Normaal,Droog,Dag,met lichtgewonden,3,Fiets,3,Fiets,Op Kruispunt,Gewestweg,binnen bebouwde kom,Tss. 2 best.: langs opzij (voor-/achterkant-flank),Geen hindernis
19459,119,Gent teller 2,Gent,51.0281795,3.7683918,2.0407024485835032,51.027806262172426,3.797565750064362,2020,5,7,44013,Destelbergen,Normaal,Droog,Dag,met lichtgewonden,3,Fiets,9,personenauto,Buiten Kruispunt,Gewestweg,binnen bebouwde kom,Tss. 2 best.: langs opzij (voor-/achterkant-flank),Geen hindernis
19459,118,Gent teller 1,Gent,51.028049,3.7681359,2.058356627072961,51.027806262172426,3.797565750064362,2020,5,7,44013,Destelbergen,Normaal,Droog,Dag,met lichtgewonden,3,Fiets,9,personenauto,Buiten Kruispunt,Gewestweg,binnen bebouwde kom,Tss. 2 best.: langs opzij (voor-/achterkant-flank),Geen hindernis
19462,119,Gent teller 2,Gent,51.0281795,3.7683918,0.9940732262872342,51.02707923426895,3.7824978702436782,2020,5,19,44040,Melle,Normaal,Droog,Dag,met lichtgewonden,3,Fiets,3,Fiets,Buiten Kruispunt,Gewestweg,buiten bebouwde kom,Tss. 2 best.: langs opzij (voor-/achterkant-flank),Geen hindernis
19462,118,Gent teller 1,Gent,51.028049,3.7681359,1.010185626197762,51.02707923426895,3.7824978702436782,2020,5,19,44040,Melle,Normaal,Droog,Dag,met lichtgewonden,3,Fiets,3,Fiets,Buiten Kruispunt,Gewestweg,buiten bebouwde kom,Tss. 2 best.: langs opzij (voor-/achterkant-flank),Geen hindernis
19467,116,Melle teller 2,Melle,50.9986113,3.8040599,1.8539662450935426,50.98227407920016,3.798769754692028,2020,5,11,44040,Melle,Normaal,Droog,Dag,met zwaargewonden,3,Fiets,10,"één bestuurder, geen hindernis",Buiten Kruispunt,Gewestweg,binnen bebouwde kom,"Eén bestuurder, geen hindernis (incl. val)",Geen hindernis
19467,117,Melle teller 1,Melle,50.9986113,3.8040599,1.8539662450935426,50.98227407920016,3.798769754692028,2020,5,11,44040,Melle,Normaal,Droog,Dag,met zwaargewonden,3,Fiets,10,"één bestuurder, geen hindernis",Buiten Kruispunt,Gewestweg,binnen bebouwde kom,"Eén bestuurder, geen hindernis (incl. val)",Geen hindernis
19469,116,Melle teller 2,Melle,50.9986113,3.8040599,0.8679706569583527,50.99141520762074,3.799254461553714,2020,5,16,44040,Melle,Normaal,Droog,Dag,met lichtgewonden,3,Fiets,11,een weggebruiker tegen een hindernis,Buiten Kruispunt,Gewestweg,buiten bebouwde kom,Weggebruiker tegen hindernis op de rijbaan,"Op de rijbaan: Werken (signal., aarde, toestel,…)"
19469,117,Melle teller 1,Melle,50.9986113,3.8040599,0.8679706569583527,50.99141520762074,3.799254461553714,2020,5,16,44040,Melle,Normaal,Droog,Dag,met lichtgewonden,3,Fiets,11,een weggebruiker tegen een hindernis,Buiten Kruispunt,Gewestweg,buiten bebouwde kom,Weggebruiker tegen hindernis op de rijbaan,"Op de rijbaan: Werken (signal., aarde, toestel,…)"
19472,116,Melle teller 2,Melle,50.9986113,3.8040599,1.2851818466564475,51.008133622851716,3.7936500790637746,2020,5,18,44040,Melle,Normaal,Droog,Dag,met lichtgewonden,3,Fiets,10,"één bestuurder, geen hindernis",Buiten Kruispunt,Gewestweg,buiten bebouwde kom,"Eén bestuurder, geen hindernis (incl. val)",Geen hindernis
19472,117,Melle teller 1,Melle,50.9986113,3.8040599,1.2851818466564475,51.008133622851716,3.7936500790637746,2020,5,18,44040,Melle,Normaal,Droog,Dag,met lichtgewonden,3,Fiets,10,"één bestuurder, geen hindernis",Buiten Kruispunt,Gewestweg,buiten bebouwde kom,"Eén bestuurder, geen hindernis (incl. val)",Geen hindernis
19477,114,Deinze teller 1,Nazareth,50.9598305,3.555502,0.15341634654916594,50.95907164998989,3.5573313838009755,2020,5,14,44048,Nazareth,Normaal,Droog,Dag,met zwaargewonden,3,Fiets,11,een weggebruiker tegen een hindernis,Buiten Kruispunt,Gewestweg,buiten bebouwde kom,Weggebruiker tegen hindernis op de rijbaan,"Op de rijbaan: Verkeersdrempel, ezelsrug"
19477,113,Deinze teller 2,Deinze,50.96018,3.55578,0.16430135759326384,50.95907164998989,3.5573313838009755,2020,5,14,44048,Nazareth,Normaal,Droog,Dag,met zwaargewonden,3,Fiets,11,een weggebruiker tegen een hindernis,Buiten Kruispunt,Gewestweg,buiten bebouwde kom,Weggebruiker tegen hindernis op de rijbaan,"Op de rijbaan: Verkeersdrempel, ezelsrug"
19479,114,Deinze teller 1,Nazareth,50.9598305,3.555502,0.15341634654916594,50.95907164998989,3.5573313838009755,2020,5,13,44048,Nazareth,Normaal,Droog,Dag,met lichtgewonden,3,Fiets,11,een weggebruiker tegen een hindernis,Buiten Kruispunt,Gewestweg,buiten bebouwde kom,Weggebruiker tegen hindernis op de rijbaan,"Op de rijbaan: Verkeersdrempel, ezelsrug"
19479,113,Deinze teller 2,Deinze,50.96018,3.55578,0.16430135759326384,50.95907164998989,3.5573313838009755,2020,5,13,44048,Nazareth,Normaal,Droog,Dag,met lichtgewonden,3,Fiets,11,een weggebruiker tegen een hindernis,Buiten Kruispunt,Gewestweg,buiten bebouwde kom,Weggebruiker tegen hindernis op de rijbaan,"Op de rijbaan: Verkeersdrempel, ezelsrug"