crash_row_id,site_id,site_name,site_gemeente,site_lat,site_long,distance_km,crash_lat,crash_long,DT_YEAR_COLLISION,DT_MONTH_COLLISION,DT_TIME,CD_NIS,TX_MUNTY_COLLISION_NL,TX_WEATHER_NL,TX_ROAD_CONDITION_NL,TX_LIGHT_CONDITION_NL,TX_CLASS_ACCIDENTS_NL,CD_ROAD_USR_TYPE1,TX_ROAD_USR_TYPE1_NL,CD_ROAD_USR_TYPE2,TX_ROAD_USR_TYPE2_NL,TX_CROSSWAY_NL,CD_ROAD_TYPE_NL,TX_BUILD_UP_AREA_NL,TX_COLLISION_TYPE_NL,TX_OBSTACLES_NL
19484,7,Evergem 1,Evergem,51.1089,3.70317,2.251639115018296,51.120351525865914,3.7297729999624156,2020,5,6,44019,Evergem,Normaal,Droog,Dag,met lichtgewonden,5,Lichte vrachtauto,3,Fiets,Op Kruispunt,Gemeenteweg,buiten bebouwde kom,Tss. 2 best.: langs opzij (voor-/achterkant-flank),Geen hindernis
19484,6,Evergem 2,Evergem,51.10894,3.70298,2.2600889854111537,51.120351525865914,3.7297729999624156,2020,5,6,44019,Evergem,Normaal,Droog,Dag,met lichtgewonden,5,Lichte vrachtauto,3,Fiets,Op Kruispunt,Gemeenteweg,buiten bebouwde kom,Tss. 2 best.: langs opzij (voor-/achterkant-flank),Geen hindernis
19485,7,Evergem 1,Evergem,51.1089,3.70317,0.4764063965171428,51.111922723239175,3.708006332727842,2020,5,16,44019,Evergem,Normaal,Droog,Dag,met zwaargewonden,3,Fiets,10,"één bestuurder, geen hindernis",Buiten Kruispunt,Gemeenteweg,binnen bebouwde kom,"Eén bestuurder, geen hindernis (incl. val)",Geen hindernis
19485,6,Evergem 2,Evergem,51.10894,3.70298,0.4828305444381775,51.111922723239175,3.708006332727842,2020,5,16,44019,Evergem,Normaal,Droog,Dag,met zwaargewonden,3,Fiets,10,"één bestuurder, geen hindernis",Buiten Kruispunt,Gemeenteweg,binnen bebouwde kom,"Eén bestuurder, geen hindernis (incl. val)",Geen hindernis
19491,115,Aalter,Aalter,51.1058367,3.4350591,2.4473402848326913,51.08510774698156,3.4468385103532904,2020,5,18,44084,Aalter,Normaal,Droog,Dag,met lichtgewonden,9,personenauto,3,Fiets,Buiten Kruispunt,Gemeenteweg,binnen bebouwde kom,Tss. 2 best.: langs opzij (voor-/achterkant-flank),Geen hindernis
19533,128,Lokeren teller 1,Lokeren,51.09644,3.97023,2.0335726898092066,51.10771814232039,3.993157204997174,2020,5,19,46014,Lokeren,Normaal,Droog,Dag,met lichtgewonden,9,personenauto,3,Fiets,Buiten Kruispunt,Gemeenteweg,binnen bebouwde kom,Tss. 2 best.: langs opzij (voor-/achterkant-flank),Geen hindernis
19533,129,Lokeren teller 2,Lokeren,51.09612,3.97025,2.054623646494248,51.10771814232039,3.993157204997174,2020,5,19,46014,Lokeren,Normaal,Droog,Dag,met lichtgewonden,9,personenauto,3,Fiets,Buiten Kruispunt,Gemeenteweg,binnen bebouwde kom,Tss. 2 best.: langs opzij (voor-/achterkant-flank),Geen hindernis
19535,126,Hamme totem,Hamme,51.1017709,4.1469307,0.3057581620497282,51.100803379434055,4.142831758249503,2020,5,14,42008,Hamme,Normaal,Droog,Dag,met zwaargewonden,9,personenauto,3,Fiets,Op Kruispunt,Gewestweg,binnen bebouwde kom,Tss. 2 best.: langs opzij (voor-/achterkant-flank),Geen hindernis
19536,126,Hamme totem,Hamme,51.1017709,4.1469307,1.9458210821792856,51.091453811429396,4.169437271702173,2020,5,10,42008,Hamme,Normaal,Droog,Dag,met lichtgewonden,3,Fiets,3,Fiets,Buiten Kruispunt,Gemeenteweg,binnen bebouwde kom,Tussen 2 bestuurders: Frontale botsing,Geen hindernis
19538,121,Zele teller 2,Zele,51.0604067,4.0556696,1.7684171727647955,51.06794873169288,4.0779493345023905,2020,5,16,42028,Zele,Normaal,Droog,Dag,met lichtgewonden,9,personenauto,3,Fiets,Op Kruispunt,Gemeenteweg,binnen bebouwde kom,Tussen 2 bestuurders: Langs achteren,Geen hindernis
19538,120,Zele teller 1,Zele,51.0607671,4.0547741,1.8056693827465493,51.06794873169288,4.0779493345023905,2020,5,16,42028,Zele,Normaal,Droog,Dag,met lichtgewonden,9,personenauto,3,Fiets,Op Kruispunt,Gemeenteweg,binnen bebouwde kom,Tussen 2 bestuurders: Langs achteren,Geen hindernis
19539,120,Zele teller 1,Zele,51.0607671,4.0547741,1.8322087938496454,51.07418133342914,4.039546742303051,2020,5,15,42028,Zele,Normaal,Droog,Dag,met lichtgewonden,9,personenauto,3,Fiets,Buiten Kruispunt,Gemeenteweg,binnen bebouwde kom,Tussen 2 bestuurders: Flank tegen flank,Geen hindernis
19539,121,Zele teller 2,Zele,51.0604067,4.0556696,1.9013755973037432,51.07418133342914,4.039546742303051,2020,5,15,42028,Zele,Normaal,Droog,Dag,met lichtgewonden,9,personenauto,3,Fiets,Buiten Kruispunt,Gemeenteweg,binnen bebouwde kom,Tussen 2 bestuurders: Flank tegen flank,Geen hindernis
19540,120,Zele teller 1,Zele,51.0607671,4.0547741,1.823567318337787,51.05978056797797,4.028728005671341,2020,5,13,42028,Zele,Normaal,Droog,Dag,met lichtgewonden,8,Voetganger,3,Fiets,Buiten Kruispunt,Gemeenteweg,binnen bebouwde kom,Met een voetganger,Geen hindernis
19540,121,Zele teller 2,Zele,51.0604067,4.0556696,1.8841421721623874,51.05978056797797,4.028728005671341,2020,5,13,42028,Zele,Normaal,Droog,Dag,met lichtgewonden,8,Voetganger,3,Fiets,Buiten Kruispunt,Gemeenteweg,binnen bebouwde kom,Met een voetganger,Geen hindernis
19543,152,Opwijk,District Vilvoorde-gewestwegen,50.968901168564656,4.149169474840164,2.209053118038947,50.987294047538974,4.1372437740778345,2020,5,16,42011,Lebbeke,Normaal,Droog,Dag,met lichtgewonden,9,personenauto,3,Fiets,Buiten Kruispunt,Gewestweg,buiten bebouwde kom,Tss. 2 best.: langs opzij (voor-/achterkant-flank),Geen hindernis
19544,152,Opwijk,District Vilvoorde-gewestwegen,50.968901168564656,4.149169474840164,1.6149040814644824,50.98242422091099,4.140758123507371,2020,5,12,42011,Lebbeke,Normaal,Droog,Dag,met lichtgewonden,9,personenauto,3,Fiets,Op Kruispunt,Gewestweg,buiten bebouwde kom,Tussen 2 bestuurders: Langs achteren,Geen hindernis
19545,152,Opwijk,District Vilvoorde-gewestwegen,50.968901168564656,4.149169474840164,2.2475406220056313,50.98835032936501,4.140429568559955,2020,5,18,42011,Lebbeke,Normaal,Droog,Dag,met lichtgewonden,3,Fiets,9,personenauto,Buiten Kruispunt,Gemeenteweg,binnen bebouwde kom,Tss. 2 best.: langs opzij (voor-/achterkant-flank),Geen hindernis
19551,116,Melle teller 2,Melle,50.9986113,3.8040599,2.0554751895280496,50.99114035049844,3.8309245736400723,2020,5,11,42025,Wetteren,Normaal,Droog,Dag,met lichtgewonden,3,Fiets,8,Voetganger,Buiten Kruispunt,Gewestweg,binnen bebouwde kom,Met een voetganger,Geen hindernis
19551,117,Melle teller 1,Melle,50.9986113,3.8040599,2.0554751895280496,50.99114035049844,3.8309245736400723,2020,5,11,42025,Wetteren,Normaal,Droog,Dag,met lichtgewonden,3,Fiets,8,Voetganger,Buiten Kruispunt,Gewestweg,binnen bebouwde kom,Met een voetganger,Geen hindernis
19556,11,Aalst 3,Aalst,50.93385,4.01647,2.4355447667235377,50.91434947532952,4.032293523904631,2020,5,7,41002,Aalst,Normaal,Proper,Dag,met lichtgewonden,9,personenauto,3,Fiets,Buiten Kruispunt,Gewestweg,binnen bebouwde kom,Tss. 2 best.: langs opzij (voor-/achterkant-flank),Geen hindernis
19557,11,Aalst 3,Aalst,50.93385,4.01647,1.4064506882412613,50.92777947940951,4.034076372232038,2020,5,14,41002,Aalst,Normaal,Droog,Dag,met lichtgewonden,3,Fiets,9,personenauto,Buiten Kruispunt,Gemeenteweg,binnen bebouwde kom,Tss. 2 best.: langs opzij (voor-/achterkant-flank),Geen hindernis
19557,19,Aalst 1,Aalst,50.93433,4.01471,1.5403197345968864,50.92777947940951,4.034076372232038,2020,5,14,41002,Aalst,Normaal,Droog,Dag,met lichtgewonden,3,Fiets,9,personenauto,Buiten Kruispunt,Gemeenteweg,binnen bebouwde kom,Tss. 2 best.: langs opzij (voor-/achterkant-flank),Geen hindernis
19557,10,Aalst 2,Aalst,50.93549,4.01571,1.5465330647071251,50.92777947940951,4.034076372232038,2020,5,14,41002,Aalst,Normaal,Droog,Dag,met lichtgewonden,3,Fiets,9,personenauto,Buiten Kruispunt,Gemeenteweg,binnen bebouwde kom,Tss. 2 best.: langs opzij (voor-/achterkant-flank),Geen hindernis
19558,10,Aalst 2,Aalst,50.93549,4.01571,1.9527498280453575,50.94548970868471,4.038620431562282,2020,5,17,41002,Aalst,Normaal,Droog,Dag,met zwaargewonden,3,Fiets,9,personenauto,Op Kruispunt,Gemeenteweg,binnen bebouwde kom,Tss. 2 best.: langs opzij (voor-/achterkant-flank),Geen hindernis
19558,11,Aalst 3,Aalst,50.93385,4.01647,2.0208863657633414,50.94548970868471,4.038620431562282,2020,5,17,41002,Aalst,Normaal,Droog,Dag,met zwaargewonden,3,Fiets,9,personenauto,Op Kruispunt,Gemeenteweg,binnen bebouwde kom,Tss. 2 best.: langs opzij (voor-/achterkant-flank),Geen hindernis
19558,19,Aalst 1,Aalst,50.93433,4.01471,2.084860736695887,50.94548970868471,4.038620431562282,2020,5,17,41002,Aalst,Normaal,Droog,Dag,met zwaargewonden,3,Fiets,9,personenauto,Op Kruispunt,Gemeenteweg,binnen bebouwde kom,Tss. 2 best.: langs opzij (voor-/achterkant-flank),Geen hindernis
19565,11,Aalst 3,Aalst,50.93385,4.01647,1.8553856116196592,50.936241311056676,4.042673768310295,2020,5,10,41002,Aalst,Normaal,Droog,Dag,met lichtgewonden,3,Fiets,11,een weggebruiker tegen een hindernis,Buiten Kruispunt,Gemeenteweg,binnen bebouwde kom,Weggebruiker tegen hindernis buiten rijbaan,Andere hindernis
19565,10,Aalst 2,Aalst,50.93549,4.01571,1.8913029170191236,50.936241311056676,4.042673768310295,2020,5,10,41002,Aalst,Normaal,Droog,Dag,met lichtgewonden,3,Fiets,11,een weggebruiker tegen een hindernis,Buiten Kruispunt,Gemeenteweg,binnen bebouwde kom,Weggebruiker tegen hindernis buiten rijbaan,Andere hindernis
19565,19,Aalst 1,Aalst,50.93433,4.01471,1.9710466979333623,50.936241311056676,4.042673768310295,2020,5,10,41002,Aalst,Normaal,Droog,Dag,met lichtgewonden,3,Fiets,11,een weggebruiker tegen een hindernis,Buiten Kruispunt,Gemeenteweg,binnen bebouwde kom,Weggebruiker tegen hindernis buiten rijbaan,Andere hindernis
19567,19,Aalst 1,Aalst,50.93433,4.01471,1.9271671827157921,50.94008972050889,3.9887704349112596,2020,5,12,41082,Erpe-Mere,Normaal,Droog,Dag,met lichtgewonden,9,personenauto,3,Fiets,Op Kruispunt,Gewestweg,buiten bebouwde kom,Tussen 2 bestuurders: Langs achteren,Geen hindernis
19567,10,Aalst 2,Aalst,50.93549,4.01571,1.9557462440718416,50.94008972050889,3.9887704349112596,2020,5,12,41082,Erpe-Mere,Normaal,Droog,Dag,met lichtgewonden,9,personenauto,3,Fiets,Op Kruispunt,Gewestweg,buiten bebouwde kom,Tussen 2 bestuurders: Langs achteren,Geen hindernis
19567,11,Aalst 3,Aalst,50.93385,4.01647,2.061252504649482,50.94008972050889,3.9887704349112596,2020,5,12,41082,Erpe-Mere,Normaal,Droog,Dag,met lichtgewonden,9,personenauto,3,Fiets,Op Kruispunt,Gewestweg,buiten bebouwde kom,Tussen 2 bestuurders: Langs achteren,Geen hindernis
19571,122,Dendermonde teller 2,Dendermonde,51.0373918,4.1019222,2.3072045942711323,51.01943257720148,4.085398912038723,2020,5,15,42006,Dendermonde,Normaal,Droog,Dag,met lichtgewonden,3,Fiets,3,Fiets,Op Kruispunt,Gemeenteweg,binnen bebouwde kom,Tss. 2 best.: langs opzij (voor-/achterkant-flank),Geen hindernis
19571,125,Dendermonde totem,Dendermonde,51.0372706,4.1025998,2.319766194665127,51.01943257720148,4.085398912038723,2020,5,15,42006,Dendermonde,Normaal,Droog,Dag,met lichtgewonden,3,Fiets,3,Fiets,Op Kruispunt,Gemeenteweg,binnen bebouwde kom,Tss. 2 best.: langs opzij (voor-/achterkant-flank),Geen hindernis
19572,121,Zele teller 2,Zele,51.0604067,4.0556696,1.7240945860104113,51.05161694473755,4.075990671515218,2020,5,21,42028,Zele,Normaal,Droog,"Nacht, openbare verlichting aanwezig en ontstoken",met lichtgewonden,3,Fiets,11,een weggebruiker tegen een hindernis,Buiten Kruispunt,Gemeenteweg,buiten bebouwde kom,Weggebruiker tegen hindernis op de rijbaan,"Op de rijbaan: Verkeersdrempel, ezelsrug"
19572,120,Zele teller 1,Zele,51.0607671,4.0547741,1.7983697881327914,51.05161694473755,4.075990671515218,2020,5,21,42028,Zele,Normaal,Droog,"Nacht, openbare verlichting aanwezig en ontstoken",met lichtgewonden,3,Fiets,11,een weggebruiker tegen een hindernis,Buiten Kruispunt,Gemeenteweg,buiten bebouwde kom,Weggebruiker tegen hindernis op de rijbaan,"Op de rijbaan: Verkeersdrempel, ezelsrug"
19572,122,Dendermonde teller 2,Dendermonde,51.0373918,4.1019222,2.4059290603239987,51.05161694473755,4.075990671515218,2020,5,21,42028,Zele,Normaal,Droog,"Nacht, openbare verlichting aanwezig en ontstoken",met lichtgewonden,3,Fiets,11,een weggebruiker tegen een hindernis,Buiten Kruispunt,Gemeenteweg,buiten bebouwde kom,Weggebruiker tegen hindernis op de rijbaan,"Op de rijbaan: Verkeersdrempel, ezelsrug"
19572,125,Dendermonde totem,Dendermonde,51.0372706,4.1025998,2.4505753155223022,51.05161694473755,4.075990671515218,2020,5,21,42028,Zele,Normaal,Droog,"Nacht, openbare verlichting aanwezig en ontstoken",met lichtgewonden,3,Fiets,11,een weggebruiker tegen een hindernis,Buiten Kruispunt,Gemeenteweg,buiten bebouwde kom,Weggebruiker tegen hindernis op de rijbaan,"Op de rijbaan: Verkeersdrempel, ezelsrug"
19575,142,TEST Validatie BRUGGE Y2H22022134,Brugge,51.22632,3.24095,1.5804038911450664,51.212332308984465,3.236926310456776,2020,5,15,31005,Brugge,Normaal,Droog,Dag,met lichtgewonden,9,personenauto,3,Fiets,Op Kruispunt,Gemeenteweg,binnen bebouwde kom,Tss. 2 best.: langs opzij (voor-/achterkant-flank),Geen hindernis
19575,52,Brugge,Brugge,51.22632,3.24095,1.5804038911450664,51.212332308984465,3.236926310456776,2020,5,15,31005,Brugge,Normaal,Droog,Dag,met lichtgewonden,9,personenauto,3,Fiets,Op Kruispunt,Gemeenteweg,binnen bebouwde kom,Tss. 2 best.: langs opzij (voor-/achterkant-flank),Geen hindernis
19575,54,Brugge teller 2,Brugge,51.23015,3.22818,2.0727580891794886,51.212332308984465,3.236926310456776,2020,5,15,31005,Brugge,Normaal,Droog,Dag,met lichtgewonden,9,personenauto,3,Fiets,Op Kruispunt,Gemeenteweg,binnen bebouwde kom,Tss. 2 best.: langs opzij (voor-/achterkant-flank),Geen hindernis
19575,53,Brugge teller 1,Brugge,51.23023,3.228,2.0849656579698403,51.212332308984465,3.236926310456776,2020,5,15,31005,Brugge,Normaal,Droog,Dag,met lichtgewonden,9,personenauto,3,Fiets,Op Kruispunt,Gemeenteweg,binnen bebouwde kom,Tss. 2 best.: langs opzij (voor-/achterkant-flank),Geen hindernis
19576,50,"Brugge, Sint-Andries",Brugge,51.19291,3.16252,1.3320133036711987,51.19325574015682,3.1816266432078413,2020,5,16,31005,Brugge,Normaal,Droog,Dag,met lichtgewonden,3,Fiets,5,Lichte vrachtauto,Buiten Kruispunt,Gemeenteweg,binnen bebouwde kom,Tss. 2 best.: langs opzij (voor-/achterkant-flank),Geen hindernis
19576,51,"Brugge, Sint-Andries",Brugge,51.19281,3.16252,1.3323820395765522,51.19325574015682,3.1816266432078413,2020,5,16,31005,Brugge,Normaal,Droog,Dag,met lichtgewonden,3,Fiets,5,Lichte vrachtauto,Buiten Kruispunt,Gemeenteweg,binnen bebouwde kom,Tss. 2 best.: langs opzij (voor-/achterkant-flank),Geen hindernis
19576,20,Brugge,Brugge,51.17416,3.20048,2.497079590634459,51.19325574015682,3.1816266432078413,2020,5,16,31005,Brugge,Normaal,Droog,Dag,met lichtgewonden,3,Fiets,5,Lichte vrachtauto,Buiten Kruispunt,Gemeenteweg,binnen bebouwde kom,Tss. 2 best.: langs opzij (voor-/achterkant-flank),Geen hindernis
19577,50,"Brugge, Sint-Andries",Brugge,51.19291,3.16252,0.9391275378023847,51.19605174462092,3.1750298843796183,2020,5,17,31005,Brugge,Normaal,Droog,Dag,met lichtgewonden,3,Fiets,9,personenauto,Op Kruispunt,Gewestweg,binnen bebouwde kom,Tss. 2 best.: langs opzij (voor-/achterkant-flank),Geen hindernis
19577,51,"Brugge, Sint-Andries",Brugge,51.19281,3.16252,0.9433212212903628,51.19605174462092,3.1750298843796183,2020,5,17,31005,Brugge,Normaal,Droog,Dag,met lichtgewonden,3,Fiets,9,personenauto,Op Kruispunt,Gewestweg,binnen bebouwde kom,Tss. 2 best.: langs opzij (voor-/achterkant-flank),Geen hindernis
19579,20,Brugge,Brugge,51.17416,3.20048,1.0235999740129054,51.17485379579692,3.185838854578717,2020,5,9,31005,Brugge,Normaal,Droog,Dag,met zwaargewonden,9,personenauto,3,Fiets,Op Kruispunt,Gemeenteweg,buiten bebouwde kom,Tss. 2 best.: langs opzij (voor-/achterkant-flank),Geen hindernis
19580,142,TEST Validatie BRUGGE Y2H22022134,Brugge,51.22632,3.24095,2.2284258711460376,51.20915827083121,3.224427346575305,2020,5,19,31005,Brugge,Normaal,Droog,Dag,met lichtgewonden,3,Fiets,3,Fiets,Buiten Kruispunt,Gewestweg,binnen bebouwde kom,Tussen 2 bestuurders: Langs achteren,Geen hindernis
19580,52,Brugge,Brugge,51.22632,3.24095,2.2284258711460376,51.20915827083121,3.224427346575305,2020,5,19,31005,Brugge,Normaal,Droog,Dag,met lichtgewonden,3,Fiets,3,Fiets,Buiten Kruispunt,Gewestweg,binnen bebouwde kom,Tussen 2 bestuurders: Langs achteren,Geen hindernis
19580,54,Brugge teller 2,Brugge,51.23015,3.22818,2.348760052345976,51.20915827083121,3.224427346575305,2020,5,19,31005,Brugge,Normaal,Droog,Dag,met lichtgewonden,3,Fiets,3,Fiets,Buiten Kruispunt,Gewestweg,binnen bebouwde kom,Tussen 2 bestuurders: Langs achteren,Geen hindernis
19580,53,Brugge teller 1,Brugge,51.23023,3.228,2.356243811394412,51.20915827083121,3.224427346575305,2020,5,19,31005,Brugge,Normaal,Droog,Dag,met lichtgewonden,3,Fiets,3,Fiets,Buiten Kruispunt,Gewestweg,binnen bebouwde kom,Tussen 2 bestuurders: Langs achteren,Geen hindernis
19581,53,Brugge teller 1,Brugge,51.23023,3.228,1.6739575790837853,51.23249116296165,3.204231200356495,2020,5,15,31005,Brugge,"Andere (dikke rook,...)",Droog,Dag,met lichtgewonden,3,Fiets,5,Lichte vrachtauto,Buiten Kruispunt,Gewestweg,binnen bebouwde kom,Tussen 2 bestuurders: Langs achteren,Geen hindernis
19581,54,Brugge teller 2,Brugge,51.23015,3.22818,1.6877001014273971,51.23249116296165,3.204231200356495,2020,5,15,31005,Brugge,"Andere (dikke rook,...)",Droog,Dag,met lichtgewonden,3,Fiets,5,Lichte vrachtauto,Buiten Kruispunt,Gewestweg,binnen bebouwde kom,Tussen 2 bestuurders: Langs achteren,Geen hindernis
19592,20,Brugge,Brugge,51.17416,3.20048,2.3554460996589084,51.164507987548184,3.170407172110072,2020,5,14,31040,Zedelgem,Normaal,Droog,Dag,met lichtgewonden,3,Fiets,3,Fiets,Buiten Kruispunt,Gewestweg,binnen bebouwde kom,Tussen 2 bestuurders: Flank tegen flank,Geen hindernis
19594,20,Brugge,Brugge,51.17416,3.20048,2.308145061558042,51.17268793361389,3.233504773054179,2020,5,11,31022,Oostkamp,Normaal,Droog,Dag,met lichtgewonden,9,personenauto,3,Fiets,Buiten Kruispunt,Gewestweg,buiten bebouwde kom,Tussen 2 bestuurders: Langs achteren,Geen hindernis
19597,20,Brugge,Brugge,51.17416,3.20048,1.8700171052433918,51.15746011401131,3.197314153173116,2020,5,21,31040,Zedelgem,Normaal,Droog,Dag,met lichtgewonden,9,personenauto,3,Fiets,Op Kruispunt,Gemeenteweg,binnen bebouwde kom,Tss. 2 best.: langs opzij (voor-/achterkant-flank),Geen hindernis
19604,59,Ardooie teller 1,Ardooie,50.96784,3.18479,2.4189815666504644,50.97798695274118,3.2153496449046286,2020,5,8,37020,Ardooie,Normaal,Droog,Dag,met zwaargewonden,5,Lichte vrachtauto,3,Fiets,Buiten Kruispunt,Gewestweg,buiten bebouwde kom,Tss. 2 best.: langs opzij (voor-/achterkant-flank),Geen hindernis
19604,60,Ardooie teller 2,Ardooie,50.96783,3.18411,2.461707718742979,50.97798695274118,3.2153496449046286,2020,5,8,37020,Ardooie,Normaal,Droog,Dag,met zwaargewonden,5,Lichte vrachtauto,3,Fiets,Buiten Kruispunt,Gewestweg,buiten bebouwde kom,Tss. 2 best.: langs opzij (voor-/achterkant-flank),Geen hindernis
19605,18,Oostende 1,Oostende,51.21378,2.92765,1.5444490366451935,51.22456507388485,2.9416236000036045,2020,5,17,35013,Oostende,Normaal,Droog,Dag,met lichtgewonden,3,Fiets,6,Bromfiets,Buiten Kruispunt,Gewestweg,binnen bebouwde kom,Tussen 2 bestuurders: Frontale botsing,Geen hindernis
19605,15,Oostende 2,Oostende,51.21371,2.92743,1.5601640763926607,51.22456507388485,2.9416236000036045,2020,5,17,35013,Oostende,Normaal,Droog,Dag,met lichtgewonden,3,Fiets,6,Bromfiets,Buiten Kruispunt,Gewestweg,binnen bebouwde kom,Tussen 2 bestuurders: Frontale botsing,Geen hindernis
19606,15,Oostende 2,Oostende,51.21371,2.92743,1.5537579980803915,51.210941807383946,2.905566096889854,2020,5,10,35013,Oostende,Normaal,Droog,Dag,met lichtgewonden,3,Fiets,8,Voetganger,Op Kruispunt,Gewestweg,binnen bebouwde kom,Met een voetganger,Geen hindernis
19606,18,Oostende 1,Oostende,51.21378,2.92765,1.570326271742743,51.210941807383946,2.905566096889854,2020,5,10,35013,Oostende,Normaal,Droog,Dag,met lichtgewonden,3,Fiets,8,Voetganger,Op Kruispunt,Gewestweg,binnen bebouwde kom,Met een voetganger,Geen hindernis
19607,15,Oostende 2,Oostende,51.21371,2.92743,0.9123186876734595,51.21545130940093,2.9146303546460866,2020,5,17,35013,Oostende,Normaal,Droog,Dag,met lichtgewonden,9,personenauto,3,Fiets,Op Kruispunt,Gemeenteweg,binnen bebouwde kom,Tss. 2 best.: langs opzij (voor-/achterkant-flank),Geen hindernis
19607,18,Oostende 1,Oostende,51.21378,2.92765,0.9257043424158122,51.21545130940093,2.9146303546460866,2020,5,17,35013,Oostende,Normaal,Droog,Dag,met lichtgewonden,9,personenauto,3,Fiets,Op Kruispunt,Gemeenteweg,binnen bebouwde kom,Tss. 2 best.: langs opzij (voor-/achterkant-flank),Geen hindernis
19608,15,Oostende 2,Oostende,51.21371,2.92743,2.0637366804971893,51.21451892030837,2.89782967475499,2020,5,14,35013,Oostende,Normaal,Proper,Dag,met lichtgewonden,9,personenauto,3,Fiets,Op Kruispunt,Gewestweg,binnen bebouwde kom,Tss. 2 best.: langs opzij (voor-/achterkant-flank),Geen hindernis
19608,18,Oostende 1,Oostende,51.21378,2.92765,2.07872228113418,51.21451892030837,2.89782967475499,2020,5,14,35013,Oostende,Normaal,Proper,Dag,met lichtgewonden,9,personenauto,3,Fiets,Op Kruispunt,Gewestweg,binnen bebouwde kom,Tss. 2 best.: langs opzij (voor-/achterkant-flank),Geen hindernis
19610,15,Oostende 2,Oostende,51.21371,2.92743,1.4554146458331694,51.215039606175466,2.906642996890837,2020,5,10,35013,Oostende,Normaal,Droog,Dag,met zwaargewonden,3,Fiets,11,een weggebruiker tegen een hindernis,Buiten Kruispunt,Gewestweg,binnen bebouwde kom,Weggebruiker tegen hindernis op de rijbaan,"Op de rijbaan: Werken (signal., aarde, toestel,…)"
19610,18,Oostende 1,Oostende,51.21378,2.92765,1.4698967567157226,51.215039606175466,2.906642996890837,2020,5,10,35013,Oostende,Normaal,Droog,Dag,met zwaargewonden,3,Fiets,11,een weggebruiker tegen een hindernis,Buiten Kruispunt,Gewestweg,binnen bebouwde kom,Weggebruiker tegen hindernis op de rijbaan,"Op de rijbaan: Werken (signal., aarde, toestel,…)"
19617,56,Torhout teller 2,Torhout,51.07147,3.08244,0.6175538152376516,51.06684195674009,3.0873258109461195,2020,5,16,31033,Torhout,Normaal,"Vuil (zand, grint, bladeren,...)",Dag,met lichtgewonden,3,Fiets,11,een weggebruiker tegen een hindernis,Buiten Kruispunt,Gemeenteweg,binnen bebouwde kom,Weggebruiker tegen hindernis op de rijbaan,Op de rijbaan: Lading
19617,55,Torhout teller 1,Torhout,51.07161,3.08261,0.6242338647021846,51.06684195674009,3.0873258109461195,2020,5,16,31033,Torhout,Normaal,"Vuil (zand, grint, bladeren,...)",Dag,met lichtgewonden,3,Fiets,11,een weggebruiker tegen een hindernis,Buiten Kruispunt,Gemeenteweg,binnen bebouwde kom,Weggebruiker tegen hindernis op de rijbaan,Op de rijbaan: Lading
19618,56,Torhout teller 2,Torhout,51.07147,3.08244,0.4618444062114991,51.07341723467088,3.0766012130947176,2020,5,13,31033,Torhout,Normaal,Droog,Dag,met zwaargewonden,3,Fiets,9,personenauto,Buiten Kruispunt,Gewestweg,buiten bebouwde kom,Tss. 2 best.: langs opzij (voor-/achterkant-flank),Geen hindernis
19618,55,Torhout teller 1,Torhout,51.07161,3.08261,0.46543801184407835,51.07341723467088,3.0766012130947176,2020,5,13,31033,Torhout,Normaal,Droog,Dag,met zwaargewonden,3,Fiets,9,personenauto,Buiten Kruispunt,Gewestweg,buiten bebouwde kom,Tss. 2 best.: langs opzij (voor-/achterkant-flank),Geen hindernis
19627,84,Roeselare totem,Izegem,50.91717,3.18772,2.1609123503174206,50.916909274354474,3.2185423607009302,2020,5,17,36008,Izegem,Normaal,Droog,Dag,met lichtgewonden,9,personenauto,3,Fiets,Buiten Kruispunt,Gewestweg,binnen bebouwde kom,Tss. 2 best.: langs opzij (voor-/achterkant-flank),Geen hindernis
19635,58,Meulebeke teller 2,Meulebeke,50.96021,3.24471,2.357022968060175,50.94917916427192,3.273444569451259,2020,5,14,37007,Meulebeke,Normaal,Droog,Dag,met lichtgewonden,3,Fiets,10,"één bestuurder, geen hindernis",Buiten Kruispunt,Gemeenteweg,buiten bebouwde kom,"Eén bestuurder, geen hindernis (incl. val)",Geen hindernis
19635,57,Meulebeke teller 1,Meulebeke,50.96056,3.24491,2.3656536273911097,50.94917916427192,3.273444569451259,2020,5,14,37007,Meulebeke,Normaal,Droog,Dag,met lichtgewonden,3,Fiets,10,"één bestuurder, geen hindernis",Buiten Kruispunt,Gemeenteweg,buiten bebouwde kom,"Eén bestuurder, geen hindernis (incl. val)",Geen hindernis
19642,74,Kortrijk teller 1,Kortrijk,50.81909,3.25728,1.422211779493036,50.81721540670852,3.277306057982856,2020,6,0,34022,Kortrijk,Normaal,Droog,"Nacht, openbare verlichting aanwezig en ontstoken",met zwaargewonden,3,Fiets,10,"één bestuurder, geen hindernis",Buiten Kruispunt,Gemeenteweg,binnen bebouwde kom,"Eén bestuurder, geen hindernis (incl. val)",Geen hindernis