crash_row_id,site_id,site_name,site_gemeente,site_lat,site_long,distance_km,crash_lat,crash_long,DT_YEAR_COLLISION,DT_MONTH_COLLISION,DT_TIME,CD_NIS,TX_MUNTY_COLLISION_NL,TX_WEATHER_NL,TX_ROAD_CONDITION_NL,TX_LIGHT_CONDITION_NL,TX_CLASS_ACCIDENTS_NL,CD_ROAD_USR_TYPE1,TX_ROAD_USR_TYPE1_NL,CD_ROAD_USR_TYPE2,TX_ROAD_USR_TYPE2_NL,TX_CROSSWAY_NL,CD_ROAD_TYPE_NL,TX_BUILD_UP_AREA_NL,TX_COLLISION_TYPE_NL,TX_OBSTACLES_NL
19642,75,Kortrijk teller 2,Kortrijk,50.81925,3.25731,1.422844877701784,50.81721540670852,3.277306057982856,2020,6,0,34022,Kortrijk,Normaal,Droog,"Nacht, openbare verlichting aanwezig en ontstoken",met zwaargewonden,3,Fiets,10,"één bestuurder, geen hindernis",Buiten Kruispunt,Gemeenteweg,binnen bebouwde kom,"Eén bestuurder, geen hindernis (incl. val)",Geen hindernis
19642,16,Kortrijk 1,Kortrijk,50.83332,3.27777,1.7910455536525358,50.81721540670852,3.277306057982856,2020,6,0,34022,Kortrijk,Normaal,Droog,"Nacht, openbare verlichting aanwezig en ontstoken",met zwaargewonden,3,Fiets,10,"één bestuurder, geen hindernis",Buiten Kruispunt,Gemeenteweg,binnen bebouwde kom,"Eén bestuurder, geen hindernis (incl. val)",Geen hindernis
19642,17,Kortrijk 2,Kortrijk,50.83339,3.27773,1.7987792098577597,50.81721540670852,3.277306057982856,2020,6,0,34022,Kortrijk,Normaal,Droog,"Nacht, openbare verlichting aanwezig en ontstoken",met zwaargewonden,3,Fiets,10,"één bestuurder, geen hindernis",Buiten Kruispunt,Gemeenteweg,binnen bebouwde kom,"Eén bestuurder, geen hindernis (incl. val)",Geen hindernis
19642,143,Eco Display Classic Budastraat,Kortrijk,50.83066,3.26286,1.8068222622318497,50.81721540670852,3.277306057982856,2020,6,0,34022,Kortrijk,Normaal,Droog,"Nacht, openbare verlichting aanwezig en ontstoken",met zwaargewonden,3,Fiets,10,"één bestuurder, geen hindernis",Buiten Kruispunt,Gemeenteweg,binnen bebouwde kom,"Eén bestuurder, geen hindernis (incl. val)",Geen hindernis
19644,74,Kortrijk teller 1,Kortrijk,50.81909,3.25728,1.614333293992301,50.815733793500854,3.234923358681729,2020,5,15,34022,Kortrijk,Normaal,Droog,Dag,met lichtgewonden,3,Fiets,3,Fiets,Buiten Kruispunt,Gemeenteweg,buiten bebouwde kom,Tussen 2 bestuurders: Frontale botsing,Geen hindernis
19644,75,Kortrijk teller 2,Kortrijk,50.81925,3.25731,1.620581342592031,50.815733793500854,3.234923358681729,2020,5,15,34022,Kortrijk,Normaal,Droog,Dag,met lichtgewonden,3,Fiets,3,Fiets,Buiten Kruispunt,Gemeenteweg,buiten bebouwde kom,Tussen 2 bestuurders: Frontale botsing,Geen hindernis
19645,75,Kortrijk teller 2,Kortrijk,50.81925,3.25731,2.1355997741694597,50.82657126926918,3.229203007684641,2020,5,15,34022,Kortrijk,Normaal,Droog,Dag,met lichtgewonden,3,Fiets,9,personenauto,Op Kruispunt,Gemeenteweg,binnen bebouwde kom,Tss. 2 best.: langs opzij (voor-/achterkant-flank),Geen hindernis
19645,74,Kortrijk teller 1,Kortrijk,50.81909,3.25728,2.140506181882918,50.82657126926918,3.229203007684641,2020,5,15,34022,Kortrijk,Normaal,Droog,Dag,met lichtgewonden,3,Fiets,9,personenauto,Op Kruispunt,Gemeenteweg,binnen bebouwde kom,Tss. 2 best.: langs opzij (voor-/achterkant-flank),Geen hindernis
19645,143,Eco Display Classic Budastraat,Kortrijk,50.83066,3.26286,2.407236070680026,50.82657126926918,3.229203007684641,2020,5,15,34022,Kortrijk,Normaal,Droog,Dag,met lichtgewonden,3,Fiets,9,personenauto,Op Kruispunt,Gemeenteweg,binnen bebouwde kom,Tss. 2 best.: langs opzij (voor-/achterkant-flank),Geen hindernis
19646,75,Kortrijk teller 2,Kortrijk,50.81925,3.25731,0.6538836572536938,50.820280948398285,3.2664739597172945,2020,6,16,34022,Kortrijk,Normaal,Droog,Dag,met lichtgewonden,3,Fiets,9,personenauto,Buiten Kruispunt,Gemeenteweg,binnen bebouwde kom,Tss. 2 best.: langs opzij (voor-/achterkant-flank),Geen hindernis
19646,74,Kortrijk teller 1,Kortrijk,50.81909,3.25728,0.6593016364913322,50.820280948398285,3.2664739597172945,2020,6,16,34022,Kortrijk,Normaal,Droog,Dag,met lichtgewonden,3,Fiets,9,personenauto,Buiten Kruispunt,Gemeenteweg,binnen bebouwde kom,Tss. 2 best.: langs opzij (voor-/achterkant-flank),Geen hindernis
19646,143,Eco Display Classic Budastraat,Kortrijk,50.83066,3.26286,1.1816849069429978,50.820280948398285,3.2664739597172945,2020,6,16,34022,Kortrijk,Normaal,Droog,Dag,met lichtgewonden,3,Fiets,9,personenauto,Buiten Kruispunt,Gemeenteweg,binnen bebouwde kom,Tss. 2 best.: langs opzij (voor-/achterkant-flank),Geen hindernis
19646,16,Kortrijk 1,Kortrijk,50.83332,3.27777,1.6527690229986562,50.820280948398285,3.2664739597172945,2020,6,16,34022,Kortrijk,Normaal,Droog,Dag,met lichtgewonden,3,Fiets,9,personenauto,Buiten Kruispunt,Gemeenteweg,binnen bebouwde kom,Tss. 2 best.: langs opzij (voor-/achterkant-flank),Geen hindernis
19646,17,Kortrijk 2,Kortrijk,50.83339,3.27773,1.6582597514502646,50.820280948398285,3.2664739597172945,2020,6,16,34022,Kortrijk,Normaal,Droog,Dag,met lichtgewonden,3,Fiets,9,personenauto,Buiten Kruispunt,Gemeenteweg,binnen bebouwde kom,Tss. 2 best.: langs opzij (voor-/achterkant-flank),Geen hindernis
19648,75,Kortrijk teller 2,Kortrijk,50.81925,3.25731,1.374180886748123,50.82716547353335,3.242286335646022,2020,5,14,34022,Kortrijk,Normaal,Droog,Dag,met zwaargewonden,9,personenauto,3,Fiets,Buiten Kruispunt,Gewestweg,binnen bebouwde kom,Tss. 2 best.: langs opzij (voor-/achterkant-flank),Geen hindernis
19648,74,Kortrijk teller 1,Kortrijk,50.81909,3.25728,1.3840405825485724,50.82716547353335,3.242286335646022,2020,5,14,34022,Kortrijk,Normaal,Droog,Dag,met zwaargewonden,9,personenauto,3,Fiets,Buiten Kruispunt,Gewestweg,binnen bebouwde kom,Tss. 2 best.: langs opzij (voor-/achterkant-flank),Geen hindernis
19648,143,Eco Display Classic Budastraat,Kortrijk,50.83066,3.26286,1.496324478719803,50.82716547353335,3.242286335646022,2020,5,14,34022,Kortrijk,Normaal,Droog,Dag,met zwaargewonden,9,personenauto,3,Fiets,Buiten Kruispunt,Gewestweg,binnen bebouwde kom,Tss. 2 best.: langs opzij (voor-/achterkant-flank),Geen hindernis
19668,62,Wervik teller 1,Wervik,50.8058,3.09154,2.4871473420163204,50.79043379928242,3.065824344230966,2020,5,9,33029,Wervik,Normaal,Droog,Dag,met lichtgewonden,9,personenauto,3,Fiets,Op Kruispunt,Gemeenteweg,buiten bebouwde kom,Tss. 2 best.: langs opzij (voor-/achterkant-flank),Geen hindernis
19668,61,Wervik teller 2,Wervik,50.80555,3.0921,2.4971002525970714,50.79043379928242,3.065824344230966,2020,5,9,33029,Wervik,Normaal,Droog,Dag,met lichtgewonden,9,personenauto,3,Fiets,Op Kruispunt,Gemeenteweg,buiten bebouwde kom,Tss. 2 best.: langs opzij (voor-/achterkant-flank),Geen hindernis
19674,67,Ieper totem,Ieper,50.85018,2.85624,2.185990172770157,50.857887838063284,2.884887384182094,2020,5,9,33011,Ieper,Normaal,Droog,Dag,met lichtgewonden,9,personenauto,3,Fiets,Op Kruispunt,Gewestweg,binnen bebouwde kom,Tss. 2 best.: langs opzij (voor-/achterkant-flank),Geen hindernis
19674,68,Ieper,Ieper,50.85032,2.85608,2.190296131278534,50.857887838063284,2.884887384182094,2020,5,9,33011,Ieper,Normaal,Droog,Dag,met lichtgewonden,9,personenauto,3,Fiets,Op Kruispunt,Gewestweg,binnen bebouwde kom,Tss. 2 best.: langs opzij (voor-/achterkant-flank),Geen hindernis
19676,67,Ieper totem,Ieper,50.85018,2.85624,2.227148027137633,50.8609229123252,2.8830181162880275,2020,5,15,33011,Ieper,Normaal,Onbekend,Dag,met lichtgewonden,3,Fiets,10,"één bestuurder, geen hindernis",Op Kruispunt,Gemeenteweg,buiten bebouwde kom,"Eén bestuurder, geen hindernis (incl. val)",Geen hindernis
19676,68,Ieper,Ieper,50.85032,2.85608,2.228357294654748,50.8609229123252,2.8830181162880275,2020,5,15,33011,Ieper,Normaal,Onbekend,Dag,met lichtgewonden,3,Fiets,10,"één bestuurder, geen hindernis",Op Kruispunt,Gemeenteweg,buiten bebouwde kom,"Eén bestuurder, geen hindernis (incl. val)",Geen hindernis
19677,67,Ieper totem,Ieper,50.85018,2.85624,1.384637589311795,50.84194710339301,2.8710361725261646,2020,5,19,33011,Ieper,Normaal,Droog,Dag,met zwaargewonden,2,Andere weggebruiker,3,Fiets,Buiten Kruispunt,Gewestweg,binnen bebouwde kom,Tussen 2 bestuurders: Flank tegen flank,Geen hindernis
19677,68,Ieper,Ieper,50.85032,2.85608,1.4033631280889038,50.84194710339301,2.8710361725261646,2020,5,19,33011,Ieper,Normaal,Droog,Dag,met zwaargewonden,2,Andere weggebruiker,3,Fiets,Buiten Kruispunt,Gewestweg,binnen bebouwde kom,Tussen 2 bestuurders: Flank tegen flank,Geen hindernis
19683,62,Wervik teller 1,Wervik,50.8058,3.09154,1.7988473008502104,50.81479068822538,3.070256179382725,2020,5,18,33029,Wervik,Normaal,Droog,Dag,met lichtgewonden,3,Fiets,9,personenauto,Op Kruispunt,Gemeenteweg,binnen bebouwde kom,Tss. 2 best.: langs opzij (voor-/achterkant-flank),Geen hindernis
19683,61,Wervik teller 2,Wervik,50.80555,3.0921,1.8470116090230202,50.81479068822538,3.070256179382725,2020,5,18,33029,Wervik,Normaal,Droog,Dag,met lichtgewonden,3,Fiets,9,personenauto,Op Kruispunt,Gemeenteweg,binnen bebouwde kom,Tss. 2 best.: langs opzij (voor-/achterkant-flank),Geen hindernis
19688,62,Wervik teller 1,Wervik,50.8058,3.09154,1.5344482013111331,50.81151418248856,3.071662299938525,2020,5,9,33029,Wervik,Normaal,Droog,Dag,met zwaargewonden,3,Fiets,11,een weggebruiker tegen een hindernis,Buiten Kruispunt,Gemeenteweg,binnen bebouwde kom,Weggebruiker tegen hindernis buiten rijbaan,Buiten de rijbaan: Gracht
19688,61,Wervik teller 2,Wervik,50.80555,3.0921,1.5818049997132617,50.81151418248856,3.071662299938525,2020,5,9,33029,Wervik,Normaal,Droog,Dag,met zwaargewonden,3,Fiets,11,een weggebruiker tegen een hindernis,Buiten Kruispunt,Gemeenteweg,binnen bebouwde kom,Weggebruiker tegen hindernis buiten rijbaan,Buiten de rijbaan: Gracht
19692,124,Beveren teller 2,Beveren,51.1964712,4.2361077,2.4330939630171673,51.21035467972311,4.26310088120591,2020,5,16,46003,Beveren,Normaal,Droog,Dag,met lichtgewonden,3,Fiets,3,Fiets,Buiten Kruispunt,Gemeenteweg,binnen bebouwde kom,Tss. 2 best.: langs opzij (voor-/achterkant-flank),Geen hindernis
19699,109,Zemst,Zemst,50.9903936,4.4707023,2.360085729710755,51.01159633107293,4.469166033344816,2020,5,17,12025,Mechelen,Normaal,Droog,Dag,met lichtgewonden,9,personenauto,3,Fiets,Op Kruispunt,Gemeenteweg,binnen bebouwde kom,Tss. 2 best.: langs opzij (voor-/achterkant-flank),Geen hindernis
19701,99,Mechelen teller 1,Mechelen,51.04564,4.46882,1.7169782733371026,51.03783921397861,4.490013984468781,2020,5,15,12025,Mechelen,Normaal,Droog,Dag,met lichtgewonden,3,Fiets,3,Fiets,Buiten Kruispunt,Gemeenteweg,buiten bebouwde kom,Tussen 2 bestuurders: Frontale botsing,Geen hindernis
19701,100,Mechelen teller 2,Mechelen,51.0457,4.46883,1.7197554438280886,51.03783921397861,4.490013984468781,2020,5,15,12025,Mechelen,Normaal,Droog,Dag,met lichtgewonden,3,Fiets,3,Fiets,Buiten Kruispunt,Gemeenteweg,buiten bebouwde kom,Tussen 2 bestuurders: Frontale botsing,Geen hindernis
19703,99,Mechelen teller 1,Mechelen,51.04564,4.46882,2.4596634074947037,51.031042061627,4.49525046586929,2020,5,9,12025,Mechelen,Normaal,Droog,Dag,met lichtgewonden,9,personenauto,3,Fiets,Buiten Kruispunt,Gewestweg,binnen bebouwde kom,Tussen 2 bestuurders: Frontale botsing,Geen hindernis
19703,100,Mechelen teller 2,Mechelen,51.0457,4.46883,2.463546153482945,51.031042061627,4.49525046586929,2020,5,9,12025,Mechelen,Normaal,Droog,Dag,met lichtgewonden,9,personenauto,3,Fiets,Buiten Kruispunt,Gewestweg,binnen bebouwde kom,Tussen 2 bestuurders: Frontale botsing,Geen hindernis
19705,140,Hasselt ring,Hasselt,50.9300038,5.3438616,0.8459228500321697,50.92532104329411,5.33434936714809,2020,5,15,71022,Hasselt,Normaal,Droog,Dag,met lichtgewonden,3,Fiets,3,Fiets,Buiten Kruispunt,Gewestweg,binnen bebouwde kom,Tussen 2 bestuurders: Flank tegen flank,Geen hindernis
19705,138,Hasselt-Kempische brug,Hasselt,50.9405318,5.3422472,1.779612594890941,50.92532104329411,5.33434936714809,2020,5,15,71022,Hasselt,Normaal,Droog,Dag,met lichtgewonden,3,Fiets,3,Fiets,Buiten Kruispunt,Gewestweg,binnen bebouwde kom,Tussen 2 bestuurders: Flank tegen flank,Geen hindernis
19705,137,Hasselt-Kempische brug,Hasselt,50.9411605,5.3417576,1.836186889644584,50.92532104329411,5.33434936714809,2020,5,15,71022,Hasselt,Normaal,Droog,Dag,met lichtgewonden,3,Fiets,3,Fiets,Buiten Kruispunt,Gewestweg,binnen bebouwde kom,Tussen 2 bestuurders: Flank tegen flank,Geen hindernis
19707,140,Hasselt ring,Hasselt,50.9300038,5.3438616,0.4204474133693556,50.92791581872312,5.338860043902138,2020,5,19,71022,Hasselt,Normaal,Droog,Dag,met lichtgewonden,3,Fiets,9,personenauto,Op Kruispunt,Gemeenteweg,binnen bebouwde kom,Tussen 2 bestuurders: Flank tegen flank,Geen hindernis
19707,138,Hasselt-Kempische brug,Hasselt,50.9405318,5.3422472,1.422772068944908,50.92791581872312,5.338860043902138,2020,5,19,71022,Hasselt,Normaal,Droog,Dag,met lichtgewonden,3,Fiets,9,personenauto,Op Kruispunt,Gemeenteweg,binnen bebouwde kom,Tussen 2 bestuurders: Flank tegen flank,Geen hindernis
19707,137,Hasselt-Kempische brug,Hasselt,50.9411605,5.3417576,1.4866727887468356,50.92791581872312,5.338860043902138,2020,5,19,71022,Hasselt,Normaal,Droog,Dag,met lichtgewonden,3,Fiets,9,personenauto,Op Kruispunt,Gemeenteweg,binnen bebouwde kom,Tussen 2 bestuurders: Flank tegen flank,Geen hindernis
19711,137,Hasselt-Kempische brug,Hasselt,50.9411605,5.3417576,2.3354216047771907,50.9542149706283,5.315642785964795,2020,5,18,71022,Hasselt,Normaal,Droog,Dag,met zwaargewonden,8,Voetganger,3,Fiets,Buiten Kruispunt,Gemeenteweg,buiten bebouwde kom,Met een voetganger,Geen hindernis
19711,138,Hasselt-Kempische brug,Hasselt,50.9405318,5.3422472,2.405984812935032,50.9542149706283,5.315642785964795,2020,5,18,71022,Hasselt,Normaal,Droog,Dag,met zwaargewonden,8,Voetganger,3,Fiets,Buiten Kruispunt,Gemeenteweg,buiten bebouwde kom,Met een voetganger,Geen hindernis
19713,32,Lummen,Lummen,50.97971,5.20961,2.49667244656286,50.99550804998018,5.23495607539718,2020,5,14,71037,Lummen,Normaal,Droog,Dag,met lichtgewonden,3,Fiets,9,personenauto,Op Kruispunt,Gemeenteweg,buiten bebouwde kom,Tss. 2 best.: langs opzij (voor-/achterkant-flank),Geen hindernis
19714,137,Hasselt-Kempische brug,Hasselt,50.9411605,5.3417576,1.4478129759374134,50.942060322037236,5.321143226247305,2020,5,14,71022,Hasselt,Normaal,Droog,Dag,met lichtgewonden,3,Fiets,9,personenauto,Buiten Kruispunt,Gewestweg,buiten bebouwde kom,Tss. 2 best.: langs opzij (voor-/achterkant-flank),Geen hindernis
19714,138,Hasselt-Kempische brug,Hasselt,50.9405318,5.3422472,1.4884015800295447,50.942060322037236,5.321143226247305,2020,5,14,71022,Hasselt,Normaal,Droog,Dag,met lichtgewonden,3,Fiets,9,personenauto,Buiten Kruispunt,Gewestweg,buiten bebouwde kom,Tss. 2 best.: langs opzij (voor-/achterkant-flank),Geen hindernis
19714,140,Hasselt ring,Hasselt,50.9300038,5.3438616,2.081251754245915,50.942060322037236,5.321143226247305,2020,5,14,71022,Hasselt,Normaal,Droog,Dag,met lichtgewonden,3,Fiets,9,personenauto,Buiten Kruispunt,Gewestweg,buiten bebouwde kom,Tss. 2 best.: langs opzij (voor-/achterkant-flank),Geen hindernis
19715,76,Heverlee teller 2,Leuven,50.84606,4.69597,2.3408394903785097,50.83181608408981,4.720516368998401,2020,5,14,24086,Oud-Heverlee,Normaal,Droog,Dag,met lichtgewonden,9,personenauto,3,Fiets,Buiten Kruispunt,Gemeenteweg,binnen bebouwde kom,Tss. 2 best.: langs opzij (voor-/achterkant-flank),Geen hindernis
19715,108,Heverlee teller 1,Leuven,50.8471728,4.6954674,2.451456694542242,50.83181608408981,4.720516368998401,2020,5,14,24086,Oud-Heverlee,Normaal,Droog,Dag,met lichtgewonden,9,personenauto,3,Fiets,Buiten Kruispunt,Gemeenteweg,binnen bebouwde kom,Tss. 2 best.: langs opzij (voor-/achterkant-flank),Geen hindernis
19720,14,Genk,Genk,50.97172,5.48927,1.21693209231281,50.96348399906752,5.500714211520736,2020,5,18,71016,Genk,"Andere (dikke rook,...)",Droog,Dag,met lichtgewonden,9,personenauto,3,Fiets,Op Kruispunt,Gewestweg,binnen bebouwde kom,Tss. 2 best.: langs opzij (voor-/achterkant-flank),Geen hindernis
19721,14,Genk,Genk,50.97172,5.48927,1.395955031557898,50.964253925835905,5.505296498422041,2020,5,15,71016,Genk,Normaal,Droog,Dag,met lichtgewonden,3,Fiets,6,Bromfiets,Op Kruispunt,Gemeenteweg,binnen bebouwde kom,Tss. 2 best.: langs opzij (voor-/achterkant-flank),Geen hindernis
19723,139,Houthalen-Helchteren,Houthalen-Helchteren,51.0644267,5.3819796,1.4601143965035412,51.05129634731056,5.381753129404195,2020,5,10,72039,Houthalen-Helchteren,Normaal,Droog,Dag,met lichtgewonden,9,personenauto,3,Fiets,Buiten Kruispunt,Gewestweg,buiten bebouwde kom,Tussen 2 bestuurders: Frontale botsing,Geen hindernis
19726,14,Genk,Genk,50.97172,5.48927,1.8938460048641343,50.9583607543028,5.506044742941868,2020,5,15,71016,Genk,Normaal,Droog,Dag,met lichtgewonden,3,Fiets,11,een weggebruiker tegen een hindernis,Buiten Kruispunt,Gewestweg,buiten bebouwde kom,Weggebruiker tegen hindernis buiten rijbaan,Andere hindernis
19727,14,Genk,Genk,50.97172,5.48927,0.9702242307285371,50.96438230982253,5.481772795830137,2020,6,13,71016,Genk,Normaal,Droog,Dag,met lichtgewonden,7,Motorfiets,3,Fiets,Op Kruispunt,Gewestweg,binnen bebouwde kom,Tss. 2 best.: langs opzij (voor-/achterkant-flank),Geen hindernis
19729,14,Genk,Genk,50.97172,5.48927,2.3109755280604585,50.96170746535025,5.460351170836708,2020,5,16,71016,Genk,Normaal,Droog,Dag,met lichtgewonden,3,Fiets,3,Fiets,Buiten Kruispunt,Gewestweg,buiten bebouwde kom,Tussen 2 bestuurders: Flank tegen flank,Geen hindernis
19731,22,Tienen 2,Tienen,50.81330800184882,4.935984252796022,1.790884782169319,50.80134394494935,4.953046781462056,2020,5,11,24107,Tienen,Normaal,Droog,Dag,met lichtgewonden,9,personenauto,3,Fiets,Buiten Kruispunt,Gewestweg,buiten bebouwde kom,Tss. 2 best.: langs opzij (voor-/achterkant-flank),Geen hindernis
19731,24,Tienen 1,Tienen,50.8133795491886,4.935044252605416,1.84153275498024,50.80134394494935,4.953046781462056,2020,5,11,24107,Tienen,Normaal,Droog,Dag,met lichtgewonden,9,personenauto,3,Fiets,Buiten Kruispunt,Gewestweg,buiten bebouwde kom,Tss. 2 best.: langs opzij (voor-/achterkant-flank),Geen hindernis
19731,23,Tienen 3,Tienen,50.81324,4.93447,1.85840567121428,50.80134394494935,4.953046781462056,2020,5,11,24107,Tienen,Normaal,Droog,Dag,met lichtgewonden,9,personenauto,3,Fiets,Buiten Kruispunt,Gewestweg,buiten bebouwde kom,Tss. 2 best.: langs opzij (voor-/achterkant-flank),Geen hindernis
19768,2,Brasschaat 2,Brasschaat,51.27512,4.47169,2.488827853653611,51.254223851623294,4.4588718582044855,2020,6,7,11002,Antwerpen,Normaal,Droog,Dag,met zwaargewonden,3,Fiets,3,Fiets,Op Kruispunt,Gewestweg,binnen bebouwde kom,Tussen 2 bestuurders: Frontale botsing,Geen hindernis
19768,3,Brasschaat 1,Brasschaat,51.27503,4.47222,2.4929892883364886,51.254223851623294,4.4588718582044855,2020,6,7,11002,Antwerpen,Normaal,Droog,Dag,met zwaargewonden,3,Fiets,3,Fiets,Op Kruispunt,Gewestweg,binnen bebouwde kom,Tussen 2 bestuurders: Frontale botsing,Geen hindernis
19779,2,Brasschaat 2,Brasschaat,51.27512,4.47169,1.4001271333424234,51.279863555206454,4.453044030122687,2020,6,12,11002,Antwerpen,Normaal,Droog,Dag,met lichtgewonden,3,Fiets,11,een weggebruiker tegen een hindernis,Buiten Kruispunt,Gewestweg,binnen bebouwde kom,Weggebruiker tegen hindernis op de rijbaan,"Op de rijbaan: Put, straatgoot, tramspoor"
19779,3,Brasschaat 1,Brasschaat,51.27503,4.47222,1.4380554752490156,51.279863555206454,4.453044030122687,2020,6,12,11002,Antwerpen,Normaal,Droog,Dag,met lichtgewonden,3,Fiets,11,een weggebruiker tegen een hindernis,Buiten Kruispunt,Gewestweg,binnen bebouwde kom,Weggebruiker tegen hindernis op de rijbaan,"Op de rijbaan: Put, straatgoot, tramspoor"
19825,3,Brasschaat 1,Brasschaat,51.27503,4.47222,2.118164152272767,51.29218664013037,4.485454251239308,2020,6,12,11008,Brasschaat,Normaal,Droog,Dag,met lichtgewonden,3,Fiets,3,Fiets,Op Kruispunt,Gemeenteweg,binnen bebouwde kom,Tss. 2 best.: langs opzij (voor-/achterkant-flank),Geen hindernis
19825,2,Brasschaat 2,Brasschaat,51.27512,4.47169,2.1254995017687275,51.29218664013037,4.485454251239308,2020,6,12,11008,Brasschaat,Normaal,Droog,Dag,met lichtgewonden,3,Fiets,3,Fiets,Op Kruispunt,Gemeenteweg,binnen bebouwde kom,Tss. 2 best.: langs opzij (voor-/achterkant-flank),Geen hindernis
19830,2,Brasschaat 2,Brasschaat,51.27512,4.47169,1.4271215731440643,51.2630291585191,4.464809182435176,2020,6,15,11040,Schoten,Normaal,Droog,Dag,met lichtgewonden,3,Fiets,3,Fiets,Buiten Kruispunt,Gewestweg,buiten bebouwde kom,Tss. 2 best.: langs opzij (voor-/achterkant-flank),Geen hindernis
19830,3,Brasschaat 1,Brasschaat,51.27503,4.47222,1.4305694777490177,51.2630291585191,4.464809182435176,2020,6,15,11040,Schoten,Normaal,Droog,Dag,met lichtgewonden,3,Fiets,3,Fiets,Buiten Kruispunt,Gewestweg,buiten bebouwde kom,Tss. 2 best.: langs opzij (voor-/achterkant-flank),Geen hindernis
19836,91,Brecht teller 2,Brecht,51.35739,4.62422,1.592195759698137,51.34777341750158,4.641207511709275,2020,6,7,11009,Brecht,Onbekend,Onbekend,Dag,met lichtgewonden,3,Fiets,9,personenauto,Op Kruispunt,Gewestweg,binnen bebouwde kom,Tussen 2 bestuurders: Frontale botsing,Geen hindernis
19836,90,Brecht teller 1,Brecht,51.35752,4.6243,1.5978517899237108,51.34777341750158,4.641207511709275,2020,6,7,11009,Brecht,Onbekend,Onbekend,Dag,met lichtgewonden,3,Fiets,9,personenauto,Op Kruispunt,Gewestweg,binnen bebouwde kom,Tussen 2 bestuurders: Frontale botsing,Geen hindernis
19841,8,Heist op den Berg 1,Heist-op-den-Berg,51.06759,4.68823,2.0241398666505335,51.06198578404207,4.660670720800314,2020,6,15,12029,Putte,Normaal,Droog,Dag,met lichtgewonden,4,Vrachtwagen,3,Fiets,Buiten Kruispunt,Gewestweg,binnen bebouwde kom,Tss. 2 best.: langs opzij (voor-/achterkant-flank),Geen hindernis
19849,92,Nijlen teller 1,Nijlen,51.14989,4.64479,2.1446564552504315,51.16070915793755,4.6702472643519,2020,6,14,12026,Nijlen,Normaal,Droog,Dag,met lichtgewonden,3,Fiets,9,personenauto,Buiten Kruispunt,Gemeenteweg,binnen bebouwde kom,Tss. 2 best.: langs opzij (voor-/achterkant-flank),Geen hindernis
19849,93,Nijlen teller 2,Nijlen,51.14998,4.64469,2.1448496764697516,51.16070915793755,4.6702472643519,2020,6,14,12026,Nijlen,Normaal,Droog,Dag,met lichtgewonden,3,Fiets,9,personenauto,Buiten Kruispunt,Gemeenteweg,binnen bebouwde kom,Tss. 2 best.: langs opzij (voor-/achterkant-flank),Geen hindernis
19851,9,Heist op den Berg 2,Heist-op-den-Berg,51.06904,4.69524,2.113426809595896,51.07588415092848,4.72345966966973,2020,6,11,12014,Heist-op-den-Berg,Normaal,Droog,Dag,met lichtgewonden,3,Fiets,9,personenauto,Buiten Kruispunt,Gemeenteweg,binnen bebouwde kom,Tss. 2 best.: langs opzij (voor-/achterkant-flank),Geen hindernis
19858,133,Gierde Lille Totem,Lille,51.2453915,4.8297416,1.1356674223978103,51.2511398771243,4.81625480419931,2020,6,12,13019,Lille,Normaal,Droog,Dag,met lichtgewonden,3,Fiets,5,Lichte vrachtauto,Op Kruispunt,Gewestweg,binnen bebouwde kom,Tss. 2 best.: langs opzij (voor-/achterkant-flank),Geen hindernis
19858,132,Gierde lille,Lille,51.245445,4.8298851,1.1406231159591413,51.2511398771243,4.81625480419931,2020,6,12,13019,Lille,Normaal,Droog,Dag,met lichtgewonden,3,Fiets,5,Lichte vrachtauto,Op Kruispunt,Gewestweg,binnen bebouwde kom,Tss. 2 best.: langs opzij (voor-/achterkant-flank),Geen hindernis
19861,127,Geel totem,Westerlo,51.1342966,4.9400421,1.9643492193768806,51.11711225062122,4.933515403260047,2020,6,15,13049,Westerlo,Normaal,Droog,Dag,met lichtgewonden,3,Fiets,11,een weggebruiker tegen een hindernis,Op Kruispunt,Gemeenteweg,buiten bebouwde kom,Weggebruiker tegen hindernis op de rijbaan,Op de rijbaan: Lading
19861,112,Geel teller 2,Westerlo,51.1354992,4.9394789,2.086462187432691,51.11711225062122,4.933515403260047,2020,6,15,13049,Westerlo,Normaal,Droog,Dag,met lichtgewonden,3,Fiets,11,een weggebruiker tegen een hindernis,Op Kruispunt,Gemeenteweg,buiten bebouwde kom,Weggebruiker tegen hindernis op de rijbaan,Op de rijbaan: Lading
19862,88,Westerlo teller 1,Westerlo,51.082,4.91325,1.072595941237104,51.090901484603044,4.919166221356615,2020,6,14,13049,Westerlo,Normaal,Droog,Dag,met lichtgewonden,9,personenauto,3,Fiets,Op Kruispunt,Gewestweg,binnen bebouwde kom,Tss. 2 best.: langs opzij (voor-/achterkant-flank),Geen hindernis
19862,89,Westerlo teller 2,Westerlo,51.08191,4.91334,1.0794524941395536,51.090901484603044,4.919166221356615,2020,6,14,13049,Westerlo,Normaal,Droog,Dag,met lichtgewonden,9,personenauto,3,Fiets,Op Kruispunt,Gewestweg,binnen bebouwde kom,Tss. 2 best.: langs opzij (voor-/achterkant-flank),Geen hindernis
19864,89,Westerlo teller 2,Westerlo,51.08191,4.91334,0.9854629999032478,51.07350785197434,4.917827160325759,2020,6,6,13013,Herselt,Normaal,Droog,Dag,met lichtgewonden,7,Motorfiets,3,Fiets,Op Kruispunt,Gewestweg,buiten bebouwde kom,Tss. 2 best.: langs opzij (voor-/achterkant-flank),Geen hindernis