crash_row_id,site_id,site_name,site_gemeente,site_lat,site_long,distance_km,crash_lat,crash_long,DT_YEAR_COLLISION,DT_MONTH_COLLISION,DT_TIME,CD_NIS,TX_MUNTY_COLLISION_NL,TX_WEATHER_NL,TX_ROAD_CONDITION_NL,TX_LIGHT_CONDITION_NL,TX_CLASS_ACCIDENTS_NL,CD_ROAD_USR_TYPE1,TX_ROAD_USR_TYPE1_NL,CD_ROAD_USR_TYPE2,TX_ROAD_USR_TYPE2_NL,TX_CROSSWAY_NL,CD_ROAD_TYPE_NL,TX_BUILD_UP_AREA_NL,TX_COLLISION_TYPE_NL,TX_OBSTACLES_NL
19864,88,Westerlo teller 1,Westerlo,51.082,4.91325,0.9969545046608653,51.07350785197434,4.917827160325759,2020,6,6,13013,Herselt,Normaal,Droog,Dag,met lichtgewonden,7,Motorfiets,3,Fiets,Op Kruispunt,Gewestweg,buiten bebouwde kom,Tss. 2 best.: langs opzij (voor-/achterkant-flank),Geen hindernis
19867,88,Westerlo teller 1,Westerlo,51.082,4.91325,1.5845853697758643,51.09619654832853,4.911277306795064,2020,6,22,13049,Westerlo,Normaal,Droog,"Nacht, openbare verlichting aanwezig en ontstoken",met lichtgewonden,3,Fiets,6,Bromfiets,Buiten Kruispunt,Gemeenteweg,buiten bebouwde kom,Tss. 2 best.: langs opzij (voor-/achterkant-flank),Geen hindernis
19867,89,Westerlo teller 2,Westerlo,51.08191,4.91334,1.5951106870823353,51.09619654832853,4.911277306795064,2020,6,22,13049,Westerlo,Normaal,Droog,"Nacht, openbare verlichting aanwezig en ontstoken",met lichtgewonden,3,Fiets,6,Bromfiets,Buiten Kruispunt,Gemeenteweg,buiten bebouwde kom,Tss. 2 best.: langs opzij (voor-/achterkant-flank),Geen hindernis
19869,98,Geel teller 2,Geel,51.1481,4.99643,1.621275980433988,51.16172225572255,4.988141753456366,2020,6,17,13008,Geel,Normaal,Droog,Dag,met lichtgewonden,3,Fiets,6,Bromfiets,Op Kruispunt,Gemeenteweg,binnen bebouwde kom,Tss. 2 best.: langs opzij (voor-/achterkant-flank),Geen hindernis
19869,97,Geel teller 1,Geel,51.14813,4.99698,1.632255784386271,51.16172225572255,4.988141753456366,2020,6,17,13008,Geel,Normaal,Droog,Dag,met lichtgewonden,3,Fiets,6,Bromfiets,Op Kruispunt,Gemeenteweg,binnen bebouwde kom,Tss. 2 best.: langs opzij (voor-/achterkant-flank),Geen hindernis
19870,98,Geel teller 2,Geel,51.1481,4.99643,1.2969022371108792,51.15945219555544,4.992163709619185,2020,6,15,13008,Geel,Normaal,Droog,Dag,met lichtgewonden,9,personenauto,3,Fiets,Buiten Kruispunt,Gewestweg,binnen bebouwde kom,Tss. 2 best.: langs opzij (voor-/achterkant-flank),Geen hindernis
19870,97,Geel teller 1,Geel,51.14813,4.99698,1.3030135544993524,51.15945219555544,4.992163709619185,2020,6,15,13008,Geel,Normaal,Droog,Dag,met lichtgewonden,9,personenauto,3,Fiets,Buiten Kruispunt,Gewestweg,binnen bebouwde kom,Tss. 2 best.: langs opzij (voor-/achterkant-flank),Geen hindernis
19874,135,Retie 2,Dessel,51.2544998,5.1040064,0.6417796903959323,51.24927539077268,5.107925712916818,2020,6,4,13006,Dessel,Onbekend,Droog,Dageraad - schemering,met lichtgewonden,3,Fiets,4,Vrachtwagen,Op Kruispunt,Gewestweg,buiten bebouwde kom,Tss. 2 best.: langs opzij (voor-/achterkant-flank),Geen hindernis
19874,134,Retie,Dessel,51.2548405,5.1037658,0.6831889166342426,51.24927539077268,5.107925712916818,2020,6,4,13006,Dessel,Onbekend,Droog,Dageraad - schemering,met lichtgewonden,3,Fiets,4,Vrachtwagen,Op Kruispunt,Gewestweg,buiten bebouwde kom,Tss. 2 best.: langs opzij (voor-/achterkant-flank),Geen hindernis
19878,110,Herentals totem,Herentals,51.1739426,4.811783,0.6503847387981027,51.17935367478207,4.8153252852302355,2020,6,7,13011,Herentals,Normaal,Droog,Dag,met lichtgewonden,9,personenauto,3,Fiets,Buiten Kruispunt,Gemeenteweg,buiten bebouwde kom,Tss. 2 best.: langs opzij (voor-/achterkant-flank),Geen hindernis
19878,94,Herentals teller 2,Herentals,51.17345,4.81283,0.6791141799005982,51.17935367478207,4.8153252852302355,2020,6,7,13011,Herentals,Normaal,Droog,Dag,met lichtgewonden,9,personenauto,3,Fiets,Buiten Kruispunt,Gemeenteweg,buiten bebouwde kom,Tss. 2 best.: langs opzij (voor-/achterkant-flank),Geen hindernis
19883,38,Lommel teller 2,Lommel,51.23277,5.29189,1.9552903153767016,51.2178101059983,5.277132863630796,2020,6,14,72020,Lommel,Normaal,Droog,Dag,met zwaargewonden,9,personenauto,3,Fiets,Op Kruispunt,Gemeenteweg,buiten bebouwde kom,Tss. 2 best.: langs opzij (voor-/achterkant-flank),Geen hindernis
19883,37,Lommel teller 1,Lommel,51.23299,5.29211,1.984152615022662,51.2178101059983,5.277132863630796,2020,6,14,72020,Lommel,Normaal,Droog,Dag,met zwaargewonden,9,personenauto,3,Fiets,Op Kruispunt,Gemeenteweg,buiten bebouwde kom,Tss. 2 best.: langs opzij (voor-/achterkant-flank),Geen hindernis
19885,45,Pelt teller 1,Pelt,51.23127,5.44377,1.5601530629713007,51.245294324173855,5.4430895340404755,2020,6,22,72043,Pelt,Regenval,"Nat, plassen","Nacht, openbare verlichting aanwezig en ontstoken",met lichtgewonden,9,personenauto,3,Fiets,Op Kruispunt,Gemeenteweg,binnen bebouwde kom,Tussen 2 bestuurders: Frontale botsing,Geen hindernis
19885,46,Pelt teller 2,Pelt,51.231,5.44375,1.590121245344627,51.245294324173855,5.4430895340404755,2020,6,22,72043,Pelt,Regenval,"Nat, plassen","Nacht, openbare verlichting aanwezig en ontstoken",met lichtgewonden,9,personenauto,3,Fiets,Op Kruispunt,Gemeenteweg,binnen bebouwde kom,Tussen 2 bestuurders: Frontale botsing,Geen hindernis
19901,69,Leuven teller 1,Leuven,50.87549,4.71526,0.7416954396053557,50.87947444669889,4.706782081397381,2020,6,15,24062,Leuven,Normaal,Droog,Dag,met lichtgewonden,3,Fiets,11,een weggebruiker tegen een hindernis,Op Kruispunt,Gemeenteweg,binnen bebouwde kom,Weggebruiker tegen hindernis buiten rijbaan,Andere hindernis
19901,77,Leuven teller 2,Leuven,50.88672,4.70796,0.8098954911409119,50.87947444669889,4.706782081397381,2020,6,15,24062,Leuven,Normaal,Droog,Dag,met lichtgewonden,3,Fiets,11,een weggebruiker tegen een hindernis,Op Kruispunt,Gemeenteweg,binnen bebouwde kom,Weggebruiker tegen hindernis buiten rijbaan,Andere hindernis
19901,107,leuven totem,Leuven,50.8870744,4.7087919,0.856757538951932,50.87947444669889,4.706782081397381,2020,6,15,24062,Leuven,Normaal,Droog,Dag,met lichtgewonden,3,Fiets,11,een weggebruiker tegen een hindernis,Op Kruispunt,Gemeenteweg,binnen bebouwde kom,Weggebruiker tegen hindernis buiten rijbaan,Andere hindernis
19901,151,Leuven,District Leuven,50.8690262,4.6854839,1.8928979432384312,50.87947444669889,4.706782081397381,2020,6,15,24062,Leuven,Normaal,Droog,Dag,met lichtgewonden,3,Fiets,11,een weggebruiker tegen een hindernis,Op Kruispunt,Gemeenteweg,binnen bebouwde kom,Weggebruiker tegen hindernis buiten rijbaan,Andere hindernis
19902,108,Heverlee teller 1,Leuven,50.8471728,4.6954674,1.921029420242604,50.854433396697814,4.720297808193315,2020,6,10,24062,Leuven,Normaal,Droog,Dag,met lichtgewonden,3,Fiets,10,"één bestuurder, geen hindernis",Buiten Kruispunt,Gemeenteweg,buiten bebouwde kom,"Eén bestuurder, geen hindernis (incl. val)",Geen hindernis
19902,76,Heverlee teller 2,Leuven,50.84606,4.69597,1.9451910274821,50.854433396697814,4.720297808193315,2020,6,10,24062,Leuven,Normaal,Droog,Dag,met lichtgewonden,3,Fiets,10,"één bestuurder, geen hindernis",Buiten Kruispunt,Gemeenteweg,buiten bebouwde kom,"Eén bestuurder, geen hindernis (incl. val)",Geen hindernis
19902,69,Leuven teller 1,Leuven,50.87549,4.71526,2.3679311098583544,50.854433396697814,4.720297808193315,2020,6,10,24062,Leuven,Normaal,Droog,Dag,met lichtgewonden,3,Fiets,10,"één bestuurder, geen hindernis",Buiten Kruispunt,Gemeenteweg,buiten bebouwde kom,"Eén bestuurder, geen hindernis (incl. val)",Geen hindernis
19903,151,Leuven,District Leuven,50.8690262,4.6854839,0.9171387871243026,50.86881240495582,4.6985488646750735,2020,6,16,24062,Leuven,Normaal,Droog,Dag,met lichtgewonden,3,Fiets,10,"één bestuurder, geen hindernis",Op Kruispunt,Gewestweg,binnen bebouwde kom,"Eén bestuurder, geen hindernis (incl. val)",Geen hindernis
19903,69,Leuven teller 1,Leuven,50.87549,4.71526,1.3879344545819148,50.86881240495582,4.6985488646750735,2020,6,16,24062,Leuven,Normaal,Droog,Dag,met lichtgewonden,3,Fiets,10,"één bestuurder, geen hindernis",Op Kruispunt,Gewestweg,binnen bebouwde kom,"Eén bestuurder, geen hindernis (incl. val)",Geen hindernis
19903,77,Leuven teller 2,Leuven,50.88672,4.70796,2.097857501679686,50.86881240495582,4.6985488646750735,2020,6,16,24062,Leuven,Normaal,Droog,Dag,met lichtgewonden,3,Fiets,10,"één bestuurder, geen hindernis",Op Kruispunt,Gewestweg,binnen bebouwde kom,"Eén bestuurder, geen hindernis (incl. val)",Geen hindernis
19903,107,leuven totem,Leuven,50.8870744,4.7087919,2.1540614124692654,50.86881240495582,4.6985488646750735,2020,6,16,24062,Leuven,Normaal,Droog,Dag,met lichtgewonden,3,Fiets,10,"één bestuurder, geen hindernis",Op Kruispunt,Gewestweg,binnen bebouwde kom,"Eén bestuurder, geen hindernis (incl. val)",Geen hindernis
19903,108,Heverlee teller 1,Leuven,50.8471728,4.6954674,2.4159158271523142,50.86881240495582,4.6985488646750735,2020,6,16,24062,Leuven,Normaal,Droog,Dag,met lichtgewonden,3,Fiets,10,"één bestuurder, geen hindernis",Op Kruispunt,Gewestweg,binnen bebouwde kom,"Eén bestuurder, geen hindernis (incl. val)",Geen hindernis
19904,151,Leuven,District Leuven,50.8690262,4.6854839,0.9771780898138562,50.87779977479255,4.686280778286201,2020,6,14,24062,Leuven,Normaal,Onbekend,Dag,met lichtgewonden,3,Fiets,9,personenauto,Buiten Kruispunt,Gemeenteweg,binnen bebouwde kom,Tussen 2 bestuurders: Langs achteren,Geen hindernis
19904,77,Leuven teller 2,Leuven,50.88672,4.70796,1.8157548734418067,50.87779977479255,4.686280778286201,2020,6,14,24062,Leuven,Normaal,Onbekend,Dag,met lichtgewonden,3,Fiets,9,personenauto,Buiten Kruispunt,Gemeenteweg,binnen bebouwde kom,Tussen 2 bestuurders: Langs achteren,Geen hindernis
19904,107,leuven totem,Leuven,50.8870744,4.7087919,1.8861615639444982,50.87779977479255,4.686280778286201,2020,6,14,24062,Leuven,Normaal,Onbekend,Dag,met lichtgewonden,3,Fiets,9,personenauto,Buiten Kruispunt,Gemeenteweg,binnen bebouwde kom,Tussen 2 bestuurders: Langs achteren,Geen hindernis
19904,69,Leuven teller 1,Leuven,50.87549,4.71526,2.049429601640942,50.87779977479255,4.686280778286201,2020,6,14,24062,Leuven,Normaal,Onbekend,Dag,met lichtgewonden,3,Fiets,9,personenauto,Buiten Kruispunt,Gemeenteweg,binnen bebouwde kom,Tussen 2 bestuurders: Langs achteren,Geen hindernis
19905,151,Leuven,District Leuven,50.8690262,4.6854839,1.5816471529253688,50.883170520945384,4.68309983432045,2020,6,17,24062,Leuven,Normaal,Droog,Dag,met lichtgewonden,8,Voetganger,3,Fiets,Buiten Kruispunt,Gewestweg,binnen bebouwde kom,Met een voetganger,Geen hindernis
19905,77,Leuven teller 2,Leuven,50.88672,4.70796,1.7880599143917684,50.883170520945384,4.68309983432045,2020,6,17,24062,Leuven,Normaal,Droog,Dag,met lichtgewonden,8,Voetganger,3,Fiets,Buiten Kruispunt,Gewestweg,binnen bebouwde kom,Met een voetganger,Geen hindernis
19905,107,leuven totem,Leuven,50.8870744,4.7087919,1.8538467636149578,50.883170520945384,4.68309983432045,2020,6,17,24062,Leuven,Normaal,Droog,Dag,met lichtgewonden,8,Voetganger,3,Fiets,Buiten Kruispunt,Gewestweg,binnen bebouwde kom,Met een voetganger,Geen hindernis
19905,69,Leuven teller 1,Leuven,50.87549,4.71526,2.4125483248757136,50.883170520945384,4.68309983432045,2020,6,17,24062,Leuven,Normaal,Droog,Dag,met lichtgewonden,8,Voetganger,3,Fiets,Buiten Kruispunt,Gewestweg,binnen bebouwde kom,Met een voetganger,Geen hindernis
19906,77,Leuven teller 2,Leuven,50.88672,4.70796,0.7406205714628231,50.88411958541751,4.6982402056289905,2020,6,12,24062,Leuven,Normaal,Droog,Dag,met lichtgewonden,3,Fiets,1,Autobus,Op Kruispunt,Gemeenteweg,binnen bebouwde kom,Tss. 2 best.: langs opzij (voor-/achterkant-flank),Geen hindernis
19906,107,leuven totem,Leuven,50.8870744,4.7087919,0.8098421824861022,50.88411958541751,4.6982402056289905,2020,6,12,24062,Leuven,Normaal,Droog,Dag,met lichtgewonden,3,Fiets,1,Autobus,Op Kruispunt,Gemeenteweg,binnen bebouwde kom,Tss. 2 best.: langs opzij (voor-/achterkant-flank),Geen hindernis
19906,69,Leuven teller 1,Leuven,50.87549,4.71526,1.5318603970963274,50.88411958541751,4.6982402056289905,2020,6,12,24062,Leuven,Normaal,Droog,Dag,met lichtgewonden,3,Fiets,1,Autobus,Op Kruispunt,Gemeenteweg,binnen bebouwde kom,Tss. 2 best.: langs opzij (voor-/achterkant-flank),Geen hindernis
19906,151,Leuven,District Leuven,50.8690262,4.6854839,1.9020474562166079,50.88411958541751,4.6982402056289905,2020,6,12,24062,Leuven,Normaal,Droog,Dag,met lichtgewonden,3,Fiets,1,Autobus,Op Kruispunt,Gemeenteweg,binnen bebouwde kom,Tss. 2 best.: langs opzij (voor-/achterkant-flank),Geen hindernis
19907,107,leuven totem,Leuven,50.8870744,4.7087919,1.6345452400910288,50.89281860283876,4.7302420811723165,2020,6,1,24062,Leuven,Normaal,Droog,"Nacht, openbare verlichting aanwezig en ontstoken",met lichtgewonden,3,Fiets,10,"één bestuurder, geen hindernis",Buiten Kruispunt,Gemeenteweg,binnen bebouwde kom,"Eén bestuurder, geen hindernis (incl. val)",Geen hindernis
19907,77,Leuven teller 2,Leuven,50.88672,4.70796,1.7037155469840717,50.89281860283876,4.7302420811723165,2020,6,1,24062,Leuven,Normaal,Droog,"Nacht, openbare verlichting aanwezig en ontstoken",met lichtgewonden,3,Fiets,10,"één bestuurder, geen hindernis",Buiten Kruispunt,Gemeenteweg,binnen bebouwde kom,"Eén bestuurder, geen hindernis (incl. val)",Geen hindernis
19907,69,Leuven teller 1,Leuven,50.87549,4.71526,2.194858699982041,50.89281860283876,4.7302420811723165,2020,6,1,24062,Leuven,Normaal,Droog,"Nacht, openbare verlichting aanwezig en ontstoken",met lichtgewonden,3,Fiets,10,"één bestuurder, geen hindernis",Buiten Kruispunt,Gemeenteweg,binnen bebouwde kom,"Eén bestuurder, geen hindernis (incl. val)",Geen hindernis
19908,77,Leuven teller 2,Leuven,50.88672,4.70796,0.6659577900811027,50.88141735914884,4.703547000801074,2020,6,14,24062,Leuven,Normaal,Droog,Dag,met lichtgewonden,3,Fiets,10,"één bestuurder, geen hindernis",Buiten Kruispunt,Gemeenteweg,binnen bebouwde kom,"Eén bestuurder, geen hindernis (incl. val)",Geen hindernis
19908,107,leuven totem,Leuven,50.8870744,4.7087919,0.7287405499638712,50.88141735914884,4.703547000801074,2020,6,14,24062,Leuven,Normaal,Droog,Dag,met lichtgewonden,3,Fiets,10,"één bestuurder, geen hindernis",Buiten Kruispunt,Gemeenteweg,binnen bebouwde kom,"Eén bestuurder, geen hindernis (incl. val)",Geen hindernis
19908,69,Leuven teller 1,Leuven,50.87549,4.71526,1.0534416033650875,50.88141735914884,4.703547000801074,2020,6,14,24062,Leuven,Normaal,Droog,Dag,met lichtgewonden,3,Fiets,10,"één bestuurder, geen hindernis",Buiten Kruispunt,Gemeenteweg,binnen bebouwde kom,"Eén bestuurder, geen hindernis (incl. val)",Geen hindernis
19908,151,Leuven,District Leuven,50.8690262,4.6854839,1.872093721989051,50.88141735914884,4.703547000801074,2020,6,14,24062,Leuven,Normaal,Droog,Dag,met lichtgewonden,3,Fiets,10,"één bestuurder, geen hindernis",Buiten Kruispunt,Gemeenteweg,binnen bebouwde kom,"Eén bestuurder, geen hindernis (incl. val)",Geen hindernis
19909,107,leuven totem,Leuven,50.8870744,4.7087919,0.7737644222115647,50.882501603627766,4.717105969425453,2020,6,8,24062,Leuven,Normaal,Droog,Dag,met lichtgewonden,3,Fiets,10,"één bestuurder, geen hindernis",Buiten Kruispunt,Gewestweg,binnen bebouwde kom,"Eén bestuurder, geen hindernis (incl. val)",Geen hindernis
19909,69,Leuven teller 1,Leuven,50.87549,4.71526,0.7903385366559766,50.882501603627766,4.717105969425453,2020,6,8,24062,Leuven,Normaal,Droog,Dag,met lichtgewonden,3,Fiets,10,"één bestuurder, geen hindernis",Buiten Kruispunt,Gewestweg,binnen bebouwde kom,"Eén bestuurder, geen hindernis (incl. val)",Geen hindernis
19909,77,Leuven teller 2,Leuven,50.88672,4.70796,0.7947779002056679,50.882501603627766,4.717105969425453,2020,6,8,24062,Leuven,Normaal,Droog,Dag,met lichtgewonden,3,Fiets,10,"één bestuurder, geen hindernis",Buiten Kruispunt,Gewestweg,binnen bebouwde kom,"Eén bestuurder, geen hindernis (incl. val)",Geen hindernis
19910,77,Leuven teller 2,Leuven,50.88672,4.70796,0.5878632426687231,50.88169185434205,4.7053710497860095,2020,6,14,24062,Leuven,Normaal,Droog,Dag,met lichtgewonden,3,Fiets,10,"één bestuurder, geen hindernis",Buiten Kruispunt,Gemeenteweg,binnen bebouwde kom,"Eén bestuurder, geen hindernis (incl. val)",Geen hindernis
19910,107,leuven totem,Leuven,50.8870744,4.7087919,0.6448299134803467,50.88169185434205,4.7053710497860095,2020,6,14,24062,Leuven,Normaal,Droog,Dag,met lichtgewonden,3,Fiets,10,"één bestuurder, geen hindernis",Buiten Kruispunt,Gemeenteweg,binnen bebouwde kom,"Eén bestuurder, geen hindernis (incl. val)",Geen hindernis
19910,69,Leuven teller 1,Leuven,50.87549,4.71526,0.9782339483336736,50.88169185434205,4.7053710497860095,2020,6,14,24062,Leuven,Normaal,Droog,Dag,met lichtgewonden,3,Fiets,10,"één bestuurder, geen hindernis",Buiten Kruispunt,Gemeenteweg,binnen bebouwde kom,"Eén bestuurder, geen hindernis (incl. val)",Geen hindernis
19910,151,Leuven,District Leuven,50.8690262,4.6854839,1.9825643993498843,50.88169185434205,4.7053710497860095,2020,6,14,24062,Leuven,Normaal,Droog,Dag,met lichtgewonden,3,Fiets,10,"één bestuurder, geen hindernis",Buiten Kruispunt,Gemeenteweg,binnen bebouwde kom,"Eén bestuurder, geen hindernis (incl. val)",Geen hindernis
19911,151,Leuven,District Leuven,50.8690262,4.6854839,0.9404074169017673,50.8690530564726,4.69888480421886,2020,6,19,24062,Leuven,Normaal,Droog,Dag,met lichtgewonden,3,Fiets,9,personenauto,Buiten Kruispunt,Gemeenteweg,binnen bebouwde kom,Tussen 2 bestuurders: Langs achteren,Geen hindernis
19911,69,Leuven teller 1,Leuven,50.87549,4.71526,1.35373735965769,50.8690530564726,4.69888480421886,2020,6,19,24062,Leuven,Normaal,Droog,Dag,met lichtgewonden,3,Fiets,9,personenauto,Buiten Kruispunt,Gemeenteweg,binnen bebouwde kom,Tussen 2 bestuurders: Langs achteren,Geen hindernis
19911,77,Leuven teller 2,Leuven,50.88672,4.70796,2.0650862870919284,50.8690530564726,4.69888480421886,2020,6,19,24062,Leuven,Normaal,Droog,Dag,met lichtgewonden,3,Fiets,9,personenauto,Buiten Kruispunt,Gemeenteweg,binnen bebouwde kom,Tussen 2 bestuurders: Langs achteren,Geen hindernis
19911,107,leuven totem,Leuven,50.8870744,4.7087919,2.1210127852153775,50.8690530564726,4.69888480421886,2020,6,19,24062,Leuven,Normaal,Droog,Dag,met lichtgewonden,3,Fiets,9,personenauto,Buiten Kruispunt,Gemeenteweg,binnen bebouwde kom,Tussen 2 bestuurders: Langs achteren,Geen hindernis
19911,108,Heverlee teller 1,Leuven,50.8471728,4.6954674,2.4447695693109814,50.8690530564726,4.69888480421886,2020,6,19,24062,Leuven,Normaal,Droog,Dag,met lichtgewonden,3,Fiets,9,personenauto,Buiten Kruispunt,Gemeenteweg,binnen bebouwde kom,Tussen 2 bestuurders: Langs achteren,Geen hindernis
19912,77,Leuven teller 2,Leuven,50.88672,4.70796,1.2301158534865295,50.88281649809822,4.691552603044825,2020,6,13,24062,Leuven,Normaal,Droog,Dag,met lichtgewonden,9,personenauto,3,Fiets,Op Kruispunt,Gemeenteweg,binnen bebouwde kom,Tss. 2 best.: langs opzij (voor-/achterkant-flank),Geen hindernis
19912,107,leuven totem,Leuven,50.8870744,4.7087919,1.2987234946374935,50.88281649809822,4.691552603044825,2020,6,13,24062,Leuven,Normaal,Droog,Dag,met lichtgewonden,9,personenauto,3,Fiets,Op Kruispunt,Gemeenteweg,binnen bebouwde kom,Tss. 2 best.: langs opzij (voor-/achterkant-flank),Geen hindernis
19912,151,Leuven,District Leuven,50.8690262,4.6854839,1.5914334393108187,50.88281649809822,4.691552603044825,2020,6,13,24062,Leuven,Normaal,Droog,Dag,met lichtgewonden,9,personenauto,3,Fiets,Op Kruispunt,Gemeenteweg,binnen bebouwde kom,Tss. 2 best.: langs opzij (voor-/achterkant-flank),Geen hindernis
19912,69,Leuven teller 1,Leuven,50.87549,4.71526,1.8520901027896415,50.88281649809822,4.691552603044825,2020,6,13,24062,Leuven,Normaal,Droog,Dag,met lichtgewonden,9,personenauto,3,Fiets,Op Kruispunt,Gemeenteweg,binnen bebouwde kom,Tss. 2 best.: langs opzij (voor-/achterkant-flank),Geen hindernis
19913,77,Leuven teller 2,Leuven,50.88672,4.70796,1.0187477480085514,50.87873450859726,4.700841395794428,2020,6,8,24062,Leuven,Normaal,Droog,Dag,met lichtgewonden,3,Fiets,9,personenauto,Buiten Kruispunt,Gemeenteweg,binnen bebouwde kom,Tussen 2 bestuurders: Langs achteren,Geen hindernis
19913,69,Leuven teller 1,Leuven,50.87549,4.71526,1.0740488165151842,50.87873450859726,4.700841395794428,2020,6,8,24062,Leuven,Normaal,Droog,Dag,met lichtgewonden,3,Fiets,9,personenauto,Buiten Kruispunt,Gemeenteweg,binnen bebouwde kom,Tussen 2 bestuurders: Langs achteren,Geen hindernis
19913,107,leuven totem,Leuven,50.8870744,4.7087919,1.0821635094311859,50.87873450859726,4.700841395794428,2020,6,8,24062,Leuven,Normaal,Droog,Dag,met lichtgewonden,3,Fiets,9,personenauto,Buiten Kruispunt,Gemeenteweg,binnen bebouwde kom,Tussen 2 bestuurders: Langs achteren,Geen hindernis
19913,151,Leuven,District Leuven,50.8690262,4.6854839,1.5253065686839486,50.87873450859726,4.700841395794428,2020,6,8,24062,Leuven,Normaal,Droog,Dag,met lichtgewonden,3,Fiets,9,personenauto,Buiten Kruispunt,Gemeenteweg,binnen bebouwde kom,Tussen 2 bestuurders: Langs achteren,Geen hindernis
19916,72,Herent teller 1,Herent,50.89135,4.64689,0.2111279399482914,50.892159785900226,4.644167409029558,2020,6,14,24038,Herent,Normaal,Droog,Dag,met lichtgewonden,3,Fiets,9,personenauto,Buiten Kruispunt,Gemeenteweg,buiten bebouwde kom,Tussen 2 bestuurders: Frontale botsing,Geen hindernis
19916,73,Herent teller 2,Herent,50.89128,4.64685,0.21207008040396075,50.892159785900226,4.644167409029558,2020,6,14,24038,Herent,Normaal,Droog,Dag,met lichtgewonden,3,Fiets,9,personenauto,Buiten Kruispunt,Gemeenteweg,buiten bebouwde kom,Tussen 2 bestuurders: Frontale botsing,Geen hindernis
19919,72,Herent teller 1,Herent,50.89135,4.64689,2.3032401142398515,50.899960076141824,4.617021266301483,2020,6,16,24038,Herent,Normaal,Proper,Dag,met lichtgewonden,3,Fiets,7,Motorfiets,Op Kruispunt,Gemeenteweg,binnen bebouwde kom,Tussen 2 bestuurders: Flank tegen flank,Geen hindernis
19919,73,Herent teller 2,Herent,50.89128,4.64685,2.3039402230461286,50.899960076141824,4.617021266301483,2020,6,16,24038,Herent,Normaal,Proper,Dag,met lichtgewonden,3,Fiets,7,Motorfiets,Op Kruispunt,Gemeenteweg,binnen bebouwde kom,Tussen 2 bestuurders: Flank tegen flank,Geen hindernis
19920,72,Herent teller 1,Herent,50.89135,4.64689,2.2566632315393145,50.907753616231446,4.6279427777763,2020,6,13,24038,Herent,Normaal,Droog,Dag,met zwaargewonden,3,Fiets,5,Lichte vrachtauto,Buiten Kruispunt,Gemeenteweg,binnen bebouwde kom,Tss. 2 best.: langs opzij (voor-/achterkant-flank),Geen hindernis
19920,73,Herent teller 2,Herent,50.89128,4.64685,2.2613138051020267,50.907753616231446,4.6279427777763,2020,6,13,24038,Herent,Normaal,Droog,Dag,met zwaargewonden,3,Fiets,5,Lichte vrachtauto,Buiten Kruispunt,Gemeenteweg,binnen bebouwde kom,Tss. 2 best.: langs opzij (voor-/achterkant-flank),Geen hindernis
19922,87,Aarschot,Aarschot,50.99084,4.81259,1.0986815869238529,50.98666879032523,4.826819455406908,2020,6,15,24001,Aarschot,Normaal,Droog,Dag,met zwaargewonden,3,Fiets,3,Fiets,Buiten Kruispunt,Gewestweg,binnen bebouwde kom,Tussen 2 bestuurders: Frontale botsing,Geen hindernis
19924,87,Aarschot,Aarschot,50.99084,4.81259,2.0107976737246602,50.99178361134116,4.841280507359772,2020,6,12,24001,Aarschot,Normaal,Droog,Dag,met lichtgewonden,9,personenauto,3,Fiets,Buiten Kruispunt,Gewestweg,binnen bebouwde kom,Tss. 2 best.: langs opzij (voor-/achterkant-flank),Geen hindernis
19925,87,Aarschot,Aarschot,50.99084,4.81259,1.7073890319729372,50.99588889168235,4.835629198422532,2020,6,12,24001,Aarschot,Normaal,Droog,Dag,met lichtgewonden,6,Bromfiets,3,Fiets,Buiten Kruispunt,Gewestweg,buiten bebouwde kom,Tss. 2 best.: langs opzij (voor-/achterkant-flank),Geen hindernis
19928,70,Kampenhout teller 1,Kampenhout,50.95682,4.59318,1.7917319148318387,50.96685860133064,4.6131920267598945,2020,6,17,24033,Haacht,Normaal,Droog,Dag,met lichtgewonden,8,Voetganger,3,Fiets,Buiten Kruispunt,Gewestweg,binnen bebouwde kom,Met een voetganger,Geen hindernis
19928,71,Kampenhout teller 2,Kampenhout,50.95589,4.59164,1.9405825711838467,50.96685860133064,4.6131920267598945,2020,6,17,24033,Haacht,Normaal,Droog,Dag,met lichtgewonden,8,Voetganger,3,Fiets,Buiten Kruispunt,Gewestweg,binnen bebouwde kom,Met een voetganger,Geen hindernis
19929,101,Diest teller 1,Diest,50.97799,5.04481,1.9760703427297694,50.97173325733893,5.071226410228216,2020,6,17,24020,Diest,Normaal,Droog,Dag,met zwaargewonden,3,Fiets,9,personenauto,Buiten Kruispunt,Gewestweg,binnen bebouwde kom,Tussen 2 bestuurders: Frontale botsing,Geen hindernis
19929,102,Diest teller 2,Diest,50.9779,5.04474,1.9771670331514057,50.97173325733893,5.071226410228216,2020,6,17,24020,Diest,Normaal,Droog,Dag,met zwaargewonden,3,Fiets,9,personenauto,Buiten Kruispunt,Gewestweg,binnen bebouwde kom,Tussen 2 bestuurders: Frontale botsing,Geen hindernis