crash_row_id,site_id,site_name,site_gemeente,site_lat,site_long,distance_km,crash_lat,crash_long,DT_YEAR_COLLISION,DT_MONTH_COLLISION,DT_TIME,CD_NIS,TX_MUNTY_COLLISION_NL,TX_WEATHER_NL,TX_ROAD_CONDITION_NL,TX_LIGHT_CONDITION_NL,TX_CLASS_ACCIDENTS_NL,CD_ROAD_USR_TYPE1,TX_ROAD_USR_TYPE1_NL,CD_ROAD_USR_TYPE2,TX_ROAD_USR_TYPE2_NL,TX_CROSSWAY_NL,CD_ROAD_TYPE_NL,TX_BUILD_UP_AREA_NL,TX_COLLISION_TYPE_NL,TX_OBSTACLES_NL
19931,102,Diest teller 2,Diest,50.9779,5.04474,0.4362537423587453,50.97405550619506,5.043497204414817,2020,6,17,24020,Diest,Normaal,Droog,Dag,met lichtgewonden,3,Fiets,9,personenauto,Buiten Kruispunt,Gewestweg,binnen bebouwde kom,Tussen 2 bestuurders: Flank tegen flank,Geen hindernis
19931,101,Diest teller 1,Diest,50.97799,5.04481,0.44704650845633354,50.97405550619506,5.043497204414817,2020,6,17,24020,Diest,Normaal,Droog,Dag,met lichtgewonden,3,Fiets,9,personenauto,Buiten Kruispunt,Gewestweg,binnen bebouwde kom,Tussen 2 bestuurders: Flank tegen flank,Geen hindernis
19935,111,Zaventem totem,Zaventem,50.8871216,4.4597084,0.9671845672480859,50.88018478524106,4.468026114015928,2020,6,8,23094,Zaventem,Normaal,Droog,Dag,met lichtgewonden,3,Fiets,8,Voetganger,Buiten Kruispunt,Gewestweg,binnen bebouwde kom,Met een voetganger,Geen hindernis
19935,26,Zaventem,Zaventem,50.86995,4.45444,1.4845564277467922,50.88018478524106,4.468026114015928,2020,6,8,23094,Zaventem,Normaal,Droog,Dag,met lichtgewonden,3,Fiets,8,Voetganger,Buiten Kruispunt,Gewestweg,binnen bebouwde kom,Met een voetganger,Geen hindernis
19935,149,Machelen,,50.88297881,4.43356644,2.4374233228983115,50.88018478524106,4.468026114015928,2020,6,8,23094,Zaventem,Normaal,Droog,Dag,met lichtgewonden,3,Fiets,8,Voetganger,Buiten Kruispunt,Gewestweg,binnen bebouwde kom,Met een voetganger,Geen hindernis
19936,26,Zaventem,Zaventem,50.86995,4.45444,1.1529182500865987,50.85970150505707,4.45693157815067,2020,6,15,23099,Kraainem,Normaal,Droog,Dag,met lichtgewonden,9,personenauto,3,Fiets,Buiten Kruispunt,Gemeenteweg,binnen bebouwde kom,Tussen 2 bestuurders: Langs achteren,Geen hindernis
19937,148,Hoeilaart,District Leuven,50.76699493,4.44471001,0.390016672860755,50.76611801053374,4.4500795187913385,2020,6,20,23033,Hoeilaart,Normaal,Droog,Dag,met lichtgewonden,9,personenauto,3,Fiets,Op Kruispunt,Gemeenteweg,binnen bebouwde kom,Tss. 2 best.: langs opzij (voor-/achterkant-flank),Geen hindernis
19939,147,Overijse,District Vilvoorde-gewestwegen,50.7797555,4.4975769,1.7163998196128554,50.7693690241168,4.47951978742105,2020,6,15,23033,Hoeilaart,Normaal,Droog,Dag,met lichtgewonden,9,personenauto,3,Fiets,Op Kruispunt,Gemeenteweg,buiten bebouwde kom,Tss. 2 best.: langs opzij (voor-/achterkant-flank),Geen hindernis
19939,146,Overijse 2,District Vilvoorde-gewestwegen,50.7881478,4.4902818,2.220978943354352,50.7693690241168,4.47951978742105,2020,6,15,23033,Hoeilaart,Normaal,Droog,Dag,met lichtgewonden,9,personenauto,3,Fiets,Op Kruispunt,Gemeenteweg,buiten bebouwde kom,Tss. 2 best.: langs opzij (voor-/achterkant-flank),Geen hindernis
19939,145,Overijse,District Vilvoorde-gewestwegen,50.7885856,4.4908759,2.2810905511591697,50.7693690241168,4.47951978742105,2020,6,15,23033,Hoeilaart,Normaal,Droog,Dag,met lichtgewonden,9,personenauto,3,Fiets,Op Kruispunt,Gemeenteweg,buiten bebouwde kom,Tss. 2 best.: langs opzij (voor-/achterkant-flank),Geen hindernis
19939,148,Hoeilaart,District Leuven,50.76699493,4.44471001,2.4622351372144764,50.7693690241168,4.47951978742105,2020,6,15,23033,Hoeilaart,Normaal,Droog,Dag,met lichtgewonden,9,personenauto,3,Fiets,Op Kruispunt,Gemeenteweg,buiten bebouwde kom,Tss. 2 best.: langs opzij (voor-/achterkant-flank),Geen hindernis
19949,47,Vilvoorde,Vilvoorde,50.91372,4.41497,1.4412670849304423,50.92545751542474,4.423692237526671,2020,6,8,23088,Vilvoorde,Normaal,"Nat, plassen",Dag,met lichtgewonden,3,Fiets,10,"één bestuurder, geen hindernis",Buiten Kruispunt,Gemeenteweg,binnen bebouwde kom,"Eén bestuurder, geen hindernis (incl. val)",Geen hindernis
19949,1,Machelen,Machelen,50.91618331151478,4.456121776137429,2.4961777202442343,50.92545751542474,4.423692237526671,2020,6,8,23088,Vilvoorde,Normaal,"Nat, plassen",Dag,met lichtgewonden,3,Fiets,10,"één bestuurder, geen hindernis",Buiten Kruispunt,Gemeenteweg,binnen bebouwde kom,"Eén bestuurder, geen hindernis (incl. val)",Geen hindernis
19951,47,Vilvoorde,Vilvoorde,50.91372,4.41497,1.3336738281978227,50.92331701215943,4.426381368431381,2020,6,21,23088,Vilvoorde,Normaal,Droog,Dageraad - schemering,met lichtgewonden,3,Fiets,3,Fiets,Buiten Kruispunt,Gemeenteweg,binnen bebouwde kom,Tussen 2 bestuurders: Frontale botsing,Geen hindernis
19951,1,Machelen,Machelen,50.91618331151478,4.456121776137429,2.2305592330175785,50.92331701215943,4.426381368431381,2020,6,21,23088,Vilvoorde,Normaal,Droog,Dageraad - schemering,met lichtgewonden,3,Fiets,3,Fiets,Buiten Kruispunt,Gemeenteweg,binnen bebouwde kom,Tussen 2 bestuurders: Frontale botsing,Geen hindernis
19952,47,Vilvoorde,Vilvoorde,50.91372,4.41497,1.5606964944523076,50.92639292057359,4.424540095279439,2020,6,9,23088,Vilvoorde,Normaal,Droog,Dag,met lichtgewonden,3,Fiets,9,personenauto,Buiten Kruispunt,Gewestweg,binnen bebouwde kom,Tss. 2 best.: langs opzij (voor-/achterkant-flank),Geen hindernis
19952,1,Machelen,Machelen,50.91618331151478,4.456121776137429,2.4878662080950495,50.92639292057359,4.424540095279439,2020,6,9,23088,Vilvoorde,Normaal,Droog,Dag,met lichtgewonden,3,Fiets,9,personenauto,Buiten Kruispunt,Gewestweg,binnen bebouwde kom,Tss. 2 best.: langs opzij (voor-/achterkant-flank),Geen hindernis
19953,47,Vilvoorde,Vilvoorde,50.91372,4.41497,1.9989306364031425,50.93092062979965,4.423259282775425,2020,6,14,23088,Vilvoorde,Normaal,Droog,Dag,met lichtgewonden,3,Fiets,10,"één bestuurder, geen hindernis",Buiten Kruispunt,Gemeenteweg,binnen bebouwde kom,"Eén bestuurder, geen hindernis (incl. val)",Geen hindernis
19955,119,Gent teller 2,Gent,51.0281795,3.7683918,1.1153338900909027,51.0366286782542,3.759796127368232,2020,6,8,44021,Gent,Normaal,Droog,Dag,met lichtgewonden,9,personenauto,3,Fiets,Op Kruispunt,Gemeenteweg,binnen bebouwde kom,Tss. 2 best.: langs opzij (voor-/achterkant-flank),Geen hindernis
19955,118,Gent teller 1,Gent,51.028049,3.7681359,1.1181481816448235,51.0366286782542,3.759796127368232,2020,6,8,44021,Gent,Normaal,Droog,Dag,met lichtgewonden,9,personenauto,3,Fiets,Op Kruispunt,Gemeenteweg,binnen bebouwde kom,Tss. 2 best.: langs opzij (voor-/achterkant-flank),Geen hindernis
19956,13,Gent,Gent,51.03018,3.70146,0.8259584383442696,51.03470178345334,3.7108308317934937,2020,6,14,44021,Gent,Normaal,Droog,Dag,met lichtgewonden,9,personenauto,3,Fiets,Op Kruispunt,Gemeenteweg,binnen bebouwde kom,Tussen 2 bestuurders: Flank tegen flank,Geen hindernis
19957,136,Gent R4,Gent,51.0876313,3.7587918,2.225514931010368,51.06930366964928,3.7715929068670158,2020,6,14,44021,Gent,Normaal,"Nat, plassen",Dag,met lichtgewonden,9,personenauto,3,Fiets,Op Kruispunt,Gemeenteweg,binnen bebouwde kom,Tss. 2 best.: langs opzij (voor-/achterkant-flank),Geen hindernis
19958,13,Gent,Gent,51.03018,3.70146,2.066832539751821,51.03292406753122,3.7306920349320887,2020,6,6,44021,Gent,Normaal,"Nat, plassen",Dag,met lichtgewonden,3,Fiets,11,een weggebruiker tegen een hindernis,Buiten Kruispunt,Gemeenteweg,binnen bebouwde kom,Weggebruiker tegen hindernis op de rijbaan,Op de rijbaan: Lading
19962,13,Gent,Gent,51.03018,3.70146,2.2199730339579355,51.01885444287107,3.6753204807943836,2020,6,7,44021,Gent,Normaal,Droog,Dag,met lichtgewonden,3,Fiets,9,personenauto,Buiten Kruispunt,Gewestweg,buiten bebouwde kom,Tss. 2 best.: langs opzij (voor-/achterkant-flank),Geen hindernis
19963,118,Gent teller 1,Gent,51.028049,3.7681359,2.2559187947212282,51.033282615004154,3.7369685278694265,2020,6,21,44021,Gent,Onbekend,Onbekend,Onbekend,met lichtgewonden,3,Fiets,9,personenauto,Op Kruispunt,Gemeenteweg,onbekend,Tss. 2 best.: langs opzij (voor-/achterkant-flank),Geen hindernis
19963,119,Gent teller 2,Gent,51.0281795,3.7683918,2.2695386279277767,51.033282615004154,3.7369685278694265,2020,6,21,44021,Gent,Onbekend,Onbekend,Onbekend,met lichtgewonden,3,Fiets,9,personenauto,Op Kruispunt,Gemeenteweg,onbekend,Tss. 2 best.: langs opzij (voor-/achterkant-flank),Geen hindernis
19964,119,Gent teller 2,Gent,51.0281795,3.7683918,2.070258560127036,51.04501683165684,3.7557549311722718,2020,6,12,44021,Gent,Normaal,Droog,Dag,met lichtgewonden,9,personenauto,3,Fiets,Op Kruispunt,Gemeenteweg,binnen bebouwde kom,Tussen 2 bestuurders: Flank tegen flank,Geen hindernis
19964,118,Gent teller 1,Gent,51.028049,3.7681359,2.0758657051813136,51.04501683165684,3.7557549311722718,2020,6,12,44021,Gent,Normaal,Droog,Dag,met lichtgewonden,9,personenauto,3,Fiets,Op Kruispunt,Gemeenteweg,binnen bebouwde kom,Tussen 2 bestuurders: Flank tegen flank,Geen hindernis
19966,118,Gent teller 1,Gent,51.028049,3.7681359,1.6891331973859565,51.03751008384901,3.7492375448530035,2020,6,10,44021,Gent,Normaal,Droog,Dag,met lichtgewonden,3,Fiets,9,personenauto,Op Kruispunt,Gewestweg,binnen bebouwde kom,Tussen 2 bestuurders: Flank tegen flank,Geen hindernis
19966,119,Gent teller 2,Gent,51.0281795,3.7683918,1.6942434589377422,51.03751008384901,3.7492375448530035,2020,6,10,44021,Gent,Normaal,Droog,Dag,met lichtgewonden,3,Fiets,9,personenauto,Op Kruispunt,Gewestweg,binnen bebouwde kom,Tussen 2 bestuurders: Flank tegen flank,Geen hindernis
19968,13,Gent,Gent,51.03018,3.70146,1.0534174176136626,51.036432900529114,3.7127770214532574,2020,6,17,44021,Gent,Normaal,Droog,Dag,met lichtgewonden,9,personenauto,3,Fiets,Buiten Kruispunt,Gemeenteweg,binnen bebouwde kom,Tussen 2 bestuurders: Langs achteren,Geen hindernis
19969,13,Gent,Gent,51.03018,3.70146,2.024842267864448,51.04826951303126,3.704783791670506,2020,6,12,44021,Gent,Normaal,Droog,Dag,met zwaargewonden,9,personenauto,3,Fiets,Op Kruispunt,Gemeenteweg,binnen bebouwde kom,Tss. 2 best.: langs opzij (voor-/achterkant-flank),Geen hindernis
19970,7,Evergem 1,Evergem,51.1089,3.70317,1.6462066429039084,51.09760018286479,3.7184031762573344,2020,6,14,44021,Gent,Regenval,"Nat, plassen",Dag,met lichtgewonden,9,personenauto,3,Fiets,Op Kruispunt,Gewestweg,buiten bebouwde kom,Tss. 2 best.: langs opzij (voor-/achterkant-flank),Geen hindernis
19970,6,Evergem 2,Evergem,51.10894,3.70298,1.6581881236463676,51.09760018286479,3.7184031762573344,2020,6,14,44021,Gent,Regenval,"Nat, plassen",Dag,met lichtgewonden,9,personenauto,3,Fiets,Op Kruispunt,Gewestweg,buiten bebouwde kom,Tss. 2 best.: langs opzij (voor-/achterkant-flank),Geen hindernis
19972,118,Gent teller 1,Gent,51.028049,3.7681359,2.274084258093609,51.037197820312244,3.739050959693788,2020,6,12,44021,Gent,Normaal,Droog,Dag,met lichtgewonden,3,Fiets,2,Andere weggebruiker,Op Kruispunt,Gewestweg,binnen bebouwde kom,Tussen 2 bestuurders: Frontale botsing,Geen hindernis
19972,119,Gent teller 2,Gent,51.0281795,3.7683918,2.2836908685265467,51.037197820312244,3.739050959693788,2020,6,12,44021,Gent,Normaal,Droog,Dag,met lichtgewonden,3,Fiets,2,Andere weggebruiker,Op Kruispunt,Gewestweg,binnen bebouwde kom,Tussen 2 bestuurders: Frontale botsing,Geen hindernis
19975,118,Gent teller 1,Gent,51.028049,3.7681359,2.25571121854242,51.04041055181178,3.7425581713251392,2020,6,18,44021,Gent,Normaal,Droog,Dag,met zwaargewonden,9,personenauto,3,Fiets,Buiten Kruispunt,Gemeenteweg,binnen bebouwde kom,Tss. 2 best.: langs opzij (voor-/achterkant-flank),Geen hindernis
19975,119,Gent teller 2,Gent,51.0281795,3.7683918,2.2611658367897487,51.04041055181178,3.7425581713251392,2020,6,18,44021,Gent,Normaal,Droog,Dag,met zwaargewonden,9,personenauto,3,Fiets,Buiten Kruispunt,Gemeenteweg,binnen bebouwde kom,Tss. 2 best.: langs opzij (voor-/achterkant-flank),Geen hindernis
19977,136,Gent R4,Gent,51.0876313,3.7587918,1.8719274053407713,51.07463152151679,3.7417653997157636,2020,6,11,44021,Gent,Regenval,"Nat, plassen",Dag,met lichtgewonden,5,Lichte vrachtauto,3,Fiets,Op Kruispunt,Gewestweg,buiten bebouwde kom,Tss. 2 best.: langs opzij (voor-/achterkant-flank),Geen hindernis
19981,118,Gent teller 1,Gent,51.028049,3.7681359,1.5348483834560627,51.02855958784533,3.746203990086445,2020,6,14,44021,Gent,Normaal,Droog,Dag,met lichtgewonden,9,personenauto,3,Fiets,Op Kruispunt,Gewestweg,binnen bebouwde kom,Tss. 2 best.: langs opzij (voor-/achterkant-flank),Geen hindernis
19981,119,Gent teller 2,Gent,51.0281795,3.7683918,1.5522674932133598,51.02855958784533,3.746203990086445,2020,6,14,44021,Gent,Normaal,Droog,Dag,met lichtgewonden,9,personenauto,3,Fiets,Op Kruispunt,Gewestweg,binnen bebouwde kom,Tss. 2 best.: langs opzij (voor-/achterkant-flank),Geen hindernis
20028,141,Test site A support,Lokeren,51.08342085,3.9961071208376326,1.0458371495013117,51.08980669988837,4.007100290770418,2020,6,17,46014,Lokeren,Normaal,Proper,Dag,met lichtgewonden,9,personenauto,3,Fiets,Op Kruispunt,Gemeenteweg,binnen bebouwde kom,Kettingbotsing (3 bestuurders of meer),Geen hindernis
20029,128,Lokeren teller 1,Lokeren,51.09644,3.97023,1.8712748682193756,51.11114932163101,3.9832506208307525,2020,6,5,46014,Lokeren,Normaal,Droog,Dag,met lichtgewonden,3,Fiets,2,Andere weggebruiker,Op Kruispunt,Gewestweg,binnen bebouwde kom,Tss. 2 best.: langs opzij (voor-/achterkant-flank),Geen hindernis
20029,129,Lokeren teller 2,Lokeren,51.09612,3.97025,1.90178905855384,51.11114932163101,3.9832506208307525,2020,6,5,46014,Lokeren,Normaal,Droog,Dag,met lichtgewonden,3,Fiets,2,Andere weggebruiker,Op Kruispunt,Gewestweg,binnen bebouwde kom,Tss. 2 best.: langs opzij (voor-/achterkant-flank),Geen hindernis
20030,128,Lokeren teller 1,Lokeren,51.09644,3.97023,1.6489388734603434,51.10672348049728,3.9872450098944463,2020,6,14,46014,Lokeren,Normaal,"Nat, plassen",Dag,met lichtgewonden,3,Fiets,8,Voetganger,Buiten Kruispunt,Gemeenteweg,binnen bebouwde kom,Met een voetganger,Geen hindernis
20030,129,Lokeren teller 2,Lokeren,51.09612,3.97025,1.6728221203458837,51.10672348049728,3.9872450098944463,2020,6,14,46014,Lokeren,Normaal,"Nat, plassen",Dag,met lichtgewonden,3,Fiets,8,Voetganger,Buiten Kruispunt,Gemeenteweg,binnen bebouwde kom,Met een voetganger,Geen hindernis
20032,128,Lokeren teller 1,Lokeren,51.09644,3.97023,1.2175813375599647,51.10719415080613,3.973513099061341,2020,6,16,46014,Lokeren,Onbekend,Onbekend,Dag,met lichtgewonden,3,Fiets,10,"één bestuurder, geen hindernis",Buiten Kruispunt,Gemeenteweg,binnen bebouwde kom,"Eén bestuurder, geen hindernis (incl. val)",Geen hindernis
20032,129,Lokeren teller 2,Lokeren,51.09612,3.97025,1.252290617814321,51.10719415080613,3.973513099061341,2020,6,16,46014,Lokeren,Onbekend,Onbekend,Dag,met lichtgewonden,3,Fiets,10,"één bestuurder, geen hindernis",Buiten Kruispunt,Gemeenteweg,binnen bebouwde kom,"Eén bestuurder, geen hindernis (incl. val)",Geen hindernis
20033,128,Lokeren teller 1,Lokeren,51.09644,3.97023,0.42674400765333975,51.10013935117746,3.9686033287800826,2020,6,13,46014,Lokeren,Normaal,"Vuil (zand, grint, bladeren,...)",Dag,met lichtgewonden,3,Fiets,10,"één bestuurder, geen hindernis",Op Kruispunt,Gewestweg,buiten bebouwde kom,"Eén bestuurder, geen hindernis (incl. val)",Geen hindernis
20033,129,Lokeren teller 2,Lokeren,51.09612,3.97025,0.46148610182052896,51.10013935117746,3.9686033287800826,2020,6,13,46014,Lokeren,Normaal,"Vuil (zand, grint, bladeren,...)",Dag,met lichtgewonden,3,Fiets,10,"één bestuurder, geen hindernis",Op Kruispunt,Gewestweg,buiten bebouwde kom,"Eén bestuurder, geen hindernis (incl. val)",Geen hindernis
20040,120,Zele teller 1,Zele,51.0607671,4.0547741,1.6478720313824793,51.072203020031495,4.0397751371070605,2020,6,17,42028,Zele,Normaal,Droog,Dag,met lichtgewonden,3,Fiets,9,personenauto,Op Kruispunt,Gemeenteweg,binnen bebouwde kom,Tss. 2 best.: langs opzij (voor-/achterkant-flank),Geen hindernis
20040,121,Zele teller 2,Zele,51.0604067,4.0556696,1.718749390675826,51.072203020031495,4.0397751371070605,2020,6,17,42028,Zele,Normaal,Droog,Dag,met lichtgewonden,3,Fiets,9,personenauto,Op Kruispunt,Gemeenteweg,binnen bebouwde kom,Tss. 2 best.: langs opzij (voor-/achterkant-flank),Geen hindernis
20043,120,Zele teller 1,Zele,51.0607671,4.0547741,1.319297773084502,51.0543115890656,4.03893610462208,2020,6,20,42028,Zele,Normaal,Droog,Dag,met lichtgewonden,5,Lichte vrachtauto,3,Fiets,Op Kruispunt,Gemeenteweg,buiten bebouwde kom,Tussen 2 bestuurders: Flank tegen flank,Geen hindernis
20043,121,Zele teller 2,Zele,51.0604067,4.0556696,1.3517046285333283,51.0543115890656,4.03893610462208,2020,6,20,42028,Zele,Normaal,Droog,Dag,met lichtgewonden,5,Lichte vrachtauto,3,Fiets,Op Kruispunt,Gemeenteweg,buiten bebouwde kom,Tussen 2 bestuurders: Flank tegen flank,Geen hindernis
20058,19,Aalst 1,Aalst,50.93433,4.01471,0.861522090363501,50.93300184204418,4.002598085400594,2020,6,18,41002,Aalst,Normaal,Droog,Dag,met lichtgewonden,9,personenauto,3,Fiets,Op Kruispunt,Gemeenteweg,binnen bebouwde kom,Tussen 2 bestuurders: Flank tegen flank,Geen hindernis
20058,10,Aalst 2,Aalst,50.93549,4.01571,0.9595857465312317,50.93300184204418,4.002598085400594,2020,6,18,41002,Aalst,Normaal,Droog,Dag,met lichtgewonden,9,personenauto,3,Fiets,Op Kruispunt,Gemeenteweg,binnen bebouwde kom,Tussen 2 bestuurders: Flank tegen flank,Geen hindernis
20058,11,Aalst 3,Aalst,50.93385,4.01647,0.9766745694624144,50.93300184204418,4.002598085400594,2020,6,18,41002,Aalst,Normaal,Droog,Dag,met lichtgewonden,9,personenauto,3,Fiets,Op Kruispunt,Gemeenteweg,binnen bebouwde kom,Tussen 2 bestuurders: Flank tegen flank,Geen hindernis
20059,10,Aalst 2,Aalst,50.93549,4.01571,1.2191973809714878,50.93890701297902,4.0322427358559425,2020,6,12,41002,Aalst,Normaal,Droog,Dag,met lichtgewonden,3,Fiets,11,een weggebruiker tegen een hindernis,Buiten Kruispunt,Gemeenteweg,binnen bebouwde kom,Weggebruiker tegen hindernis op de rijbaan,"Op de rijbaan: Werken (signal., aarde, toestel,…)"
20059,11,Aalst 3,Aalst,50.93385,4.01647,1.2400662347070865,50.93890701297902,4.0322427358559425,2020,6,12,41002,Aalst,Normaal,Droog,Dag,met lichtgewonden,3,Fiets,11,een weggebruiker tegen een hindernis,Buiten Kruispunt,Gemeenteweg,binnen bebouwde kom,Weggebruiker tegen hindernis op de rijbaan,"Op de rijbaan: Werken (signal., aarde, toestel,…)"
20059,19,Aalst 1,Aalst,50.93433,4.01471,1.3298116313040473,50.93890701297902,4.0322427358559425,2020,6,12,41002,Aalst,Normaal,Droog,Dag,met lichtgewonden,3,Fiets,11,een weggebruiker tegen een hindernis,Buiten Kruispunt,Gemeenteweg,binnen bebouwde kom,Weggebruiker tegen hindernis op de rijbaan,"Op de rijbaan: Werken (signal., aarde, toestel,…)"
20061,11,Aalst 3,Aalst,50.93385,4.01647,2.1031416116388404,50.93471970536618,4.04645042149161,2020,6,18,41002,Aalst,Normaal,Droog,Dag,met zwaargewonden,9,personenauto,3,Fiets,Op Kruispunt,Gewestweg,binnen bebouwde kom,Tussen 2 bestuurders: Flank tegen flank,Geen hindernis
20061,10,Aalst 2,Aalst,50.93549,4.01571,2.1558392430381135,50.93471970536618,4.04645042149161,2020,6,18,41002,Aalst,Normaal,Droog,Dag,met zwaargewonden,9,personenauto,3,Fiets,Op Kruispunt,Gewestweg,binnen bebouwde kom,Tussen 2 bestuurders: Flank tegen flank,Geen hindernis
20061,19,Aalst 1,Aalst,50.93433,4.01471,2.2246619296981276,50.93471970536618,4.04645042149161,2020,6,18,41002,Aalst,Normaal,Droog,Dag,met zwaargewonden,9,personenauto,3,Fiets,Op Kruispunt,Gewestweg,binnen bebouwde kom,Tussen 2 bestuurders: Flank tegen flank,Geen hindernis
20062,19,Aalst 1,Aalst,50.93433,4.01471,2.3243647122691913,50.93883971478176,3.982320442626024,2020,6,19,41082,Erpe-Mere,Normaal,Droog,Dag,met lichtgewonden,9,personenauto,3,Fiets,Op Kruispunt,Gewestweg,buiten bebouwde kom,Tussen 2 bestuurders: Flank tegen flank,Geen hindernis
20062,10,Aalst 2,Aalst,50.93549,4.01571,2.369134621088674,50.93883971478176,3.982320442626024,2020,6,19,41082,Erpe-Mere,Normaal,Droog,Dag,met lichtgewonden,9,personenauto,3,Fiets,Op Kruispunt,Gewestweg,buiten bebouwde kom,Tussen 2 bestuurders: Flank tegen flank,Geen hindernis
20062,11,Aalst 3,Aalst,50.93385,4.01647,2.456447919626613,50.93883971478176,3.982320442626024,2020,6,19,41082,Erpe-Mere,Normaal,Droog,Dag,met lichtgewonden,9,personenauto,3,Fiets,Op Kruispunt,Gewestweg,buiten bebouwde kom,Tussen 2 bestuurders: Flank tegen flank,Geen hindernis
20064,122,Dendermonde teller 2,Dendermonde,51.0373918,4.1019222,0.8323354822738755,51.03168679349549,4.094216093183104,2020,6,16,42006,Dendermonde,Normaal,"Nat, plassen",Dag,met lichtgewonden,9,personenauto,3,Fiets,Buiten Kruispunt,Gemeenteweg,binnen bebouwde kom,Tussen 2 bestuurders: Langs achteren,Geen hindernis
20064,125,Dendermonde totem,Dendermonde,51.0372706,4.1025998,0.8539169610631189,51.03168679349549,4.094216093183104,2020,6,16,42006,Dendermonde,Normaal,"Nat, plassen",Dag,met lichtgewonden,9,personenauto,3,Fiets,Buiten Kruispunt,Gemeenteweg,binnen bebouwde kom,Tussen 2 bestuurders: Langs achteren,Geen hindernis
20065,125,Dendermonde totem,Dendermonde,51.0372706,4.1025998,0.6533961422277966,51.03289030099231,4.108828487845802,2020,6,16,42006,Dendermonde,Normaal,Droog,Dag,met zwaargewonden,9,personenauto,3,Fiets,Op Kruispunt,Gewestweg,binnen bebouwde kom,Tss. 2 best.: langs opzij (voor-/achterkant-flank),Geen hindernis
20065,122,Dendermonde teller 2,Dendermonde,51.0373918,4.1019222,0.6955233863418621,51.03289030099231,4.108828487845802,2020,6,16,42006,Dendermonde,Normaal,Droog,Dag,met zwaargewonden,9,personenauto,3,Fiets,Op Kruispunt,Gewestweg,binnen bebouwde kom,Tss. 2 best.: langs opzij (voor-/achterkant-flank),Geen hindernis
20066,152,Opwijk,District Vilvoorde-gewestwegen,50.968901168564656,4.149169474840164,2.1128013140472097,50.98787427505321,4.150800551465682,2020,6,6,42011,Lebbeke,Onbekend,Onbekend,Onbekend,met lichtgewonden,3,Fiets,3,Fiets,Buiten Kruispunt,Gemeenteweg,onbekend,Tussen 2 bestuurders: Frontale botsing,Geen hindernis
20068,142,TEST Validatie BRUGGE Y2H22022134,Brugge,51.22632,3.24095,1.850896745144224,51.209727564468274,3.238829420229356,2020,6,18,31005,Brugge,Regenval,"Nat, plassen",Dag,met lichtgewonden,9,personenauto,3,Fiets,Buiten Kruispunt,Gemeenteweg,binnen bebouwde kom,Tussen 2 bestuurders: Langs achteren,Geen hindernis
20068,52,Brugge,Brugge,51.22632,3.24095,1.850896745144224,51.209727564468274,3.238829420229356,2020,6,18,31005,Brugge,Regenval,"Nat, plassen",Dag,met lichtgewonden,9,personenauto,3,Fiets,Buiten Kruispunt,Gemeenteweg,binnen bebouwde kom,Tussen 2 bestuurders: Langs achteren,Geen hindernis
20068,54,Brugge teller 2,Brugge,51.23015,3.22818,2.388921027472866,51.209727564468274,3.238829420229356,2020,6,18,31005,Brugge,Regenval,"Nat, plassen",Dag,met lichtgewonden,9,personenauto,3,Fiets,Buiten Kruispunt,Gemeenteweg,binnen bebouwde kom,Tussen 2 bestuurders: Langs achteren,Geen hindernis
20068,53,Brugge teller 1,Brugge,51.23023,3.228,2.401286320144759,51.209727564468274,3.238829420229356,2020,6,18,31005,Brugge,Regenval,"Nat, plassen",Dag,met lichtgewonden,9,personenauto,3,Fiets,Buiten Kruispunt,Gemeenteweg,binnen bebouwde kom,Tussen 2 bestuurders: Langs achteren,Geen hindernis
20069,54,Brugge teller 2,Brugge,51.23015,3.22818,0.9345058568187127,51.22244754924271,3.2228115014823784,2020,6,9,31005,Brugge,Normaal,Droog,Dag,met lichtgewonden,3,Fiets,11,een weggebruiker tegen een hindernis,Buiten Kruispunt,Gewestweg,binnen bebouwde kom,Weggebruiker tegen hindernis buiten rijbaan,Buiten de rijbaan: Andere paal
20069,53,Brugge teller 1,Brugge,51.23023,3.228,0.9377650341764281,51.22244754924271,3.2228115014823784,2020,6,9,31005,Brugge,Normaal,Droog,Dag,met lichtgewonden,3,Fiets,11,een weggebruiker tegen een hindernis,Buiten Kruispunt,Gewestweg,binnen bebouwde kom,Weggebruiker tegen hindernis buiten rijbaan,Buiten de rijbaan: Andere paal
20069,52,Brugge,Brugge,51.22632,3.24095,1.3345114062943713,51.22244754924271,3.2228115014823784,2020,6,9,31005,Brugge,Normaal,Droog,Dag,met lichtgewonden,3,Fiets,11,een weggebruiker tegen een hindernis,Buiten Kruispunt,Gewestweg,binnen bebouwde kom,Weggebruiker tegen hindernis buiten rijbaan,Buiten de rijbaan: Andere paal
20069,142,TEST Validatie BRUGGE Y2H22022134,Brugge,51.22632,3.24095,1.3345114062943713,51.22244754924271,3.2228115014823784,2020,6,9,31005,Brugge,Normaal,Droog,Dag,met lichtgewonden,3,Fiets,11,een weggebruiker tegen een hindernis,Buiten Kruispunt,Gewestweg,binnen bebouwde kom,Weggebruiker tegen hindernis buiten rijbaan,Buiten de rijbaan: Andere paal
20071,20,Brugge,Brugge,51.17416,3.20048,1.9434761281305557,51.1900826958154,3.2119784320914455,2020,6,14,31005,Brugge,Normaal,Droog,Dag,met lichtgewonden,9,personenauto,3,Fiets,Buiten Kruispunt,Gemeenteweg,binnen bebouwde kom,Tss. 2 best.: langs opzij (voor-/achterkant-flank),Geen hindernis