crash_row_id,site_id,site_name,site_gemeente,site_lat,site_long,distance_km,crash_lat,crash_long,DT_YEAR_COLLISION,DT_MONTH_COLLISION,DT_TIME,CD_NIS,TX_MUNTY_COLLISION_NL,TX_WEATHER_NL,TX_ROAD_CONDITION_NL,TX_LIGHT_CONDITION_NL,TX_CLASS_ACCIDENTS_NL,CD_ROAD_USR_TYPE1,TX_ROAD_USR_TYPE1_NL,CD_ROAD_USR_TYPE2,TX_ROAD_USR_TYPE2_NL,TX_CROSSWAY_NL,CD_ROAD_TYPE_NL,TX_BUILD_UP_AREA_NL,TX_COLLISION_TYPE_NL,TX_OBSTACLES_NL
20072,53,Brugge teller 1,Brugge,51.23023,3.228,1.0679147635260482,51.23304833261556,3.21333768008018,2020,6,13,31005,Brugge,Normaal,Droog,Dag,met lichtgewonden,3,Fiets,2,Andere weggebruiker,Buiten Kruispunt,Gemeenteweg,binnen bebouwde kom,Tussen 2 bestuurders: Langs achteren,Geen hindernis
20072,54,Brugge teller 2,Brugge,51.23015,3.22818,1.082517958725626,51.23304833261556,3.21333768008018,2020,6,13,31005,Brugge,Normaal,Droog,Dag,met lichtgewonden,3,Fiets,2,Andere weggebruiker,Buiten Kruispunt,Gemeenteweg,binnen bebouwde kom,Tussen 2 bestuurders: Langs achteren,Geen hindernis
20072,52,Brugge,Brugge,51.22632,3.24095,2.063088100991702,51.23304833261556,3.21333768008018,2020,6,13,31005,Brugge,Normaal,Droog,Dag,met lichtgewonden,3,Fiets,2,Andere weggebruiker,Buiten Kruispunt,Gemeenteweg,binnen bebouwde kom,Tussen 2 bestuurders: Langs achteren,Geen hindernis
20072,142,TEST Validatie BRUGGE Y2H22022134,Brugge,51.22632,3.24095,2.063088100991702,51.23304833261556,3.21333768008018,2020,6,13,31005,Brugge,Normaal,Droog,Dag,met lichtgewonden,3,Fiets,2,Andere weggebruiker,Buiten Kruispunt,Gemeenteweg,binnen bebouwde kom,Tussen 2 bestuurders: Langs achteren,Geen hindernis
20073,53,Brugge teller 1,Brugge,51.23023,3.228,1.0518642568037426,51.22524470552931,3.2151621794807963,2020,6,20,31005,Brugge,Regenval,"Nat, plassen",Dag,met lichtgewonden,9,personenauto,3,Fiets,Op Kruispunt,Gemeenteweg,buiten bebouwde kom,Tss. 2 best.: langs opzij (voor-/achterkant-flank),Geen hindernis
20073,54,Brugge teller 2,Brugge,51.23015,3.22818,1.0579238765572978,51.22524470552931,3.2151621794807963,2020,6,20,31005,Brugge,Regenval,"Nat, plassen",Dag,met lichtgewonden,9,personenauto,3,Fiets,Op Kruispunt,Gemeenteweg,buiten bebouwde kom,Tss. 2 best.: langs opzij (voor-/achterkant-flank),Geen hindernis
20073,52,Brugge,Brugge,51.22632,3.24095,1.7997410224620967,51.22524470552931,3.2151621794807963,2020,6,20,31005,Brugge,Regenval,"Nat, plassen",Dag,met lichtgewonden,9,personenauto,3,Fiets,Op Kruispunt,Gemeenteweg,buiten bebouwde kom,Tss. 2 best.: langs opzij (voor-/achterkant-flank),Geen hindernis
20073,142,TEST Validatie BRUGGE Y2H22022134,Brugge,51.22632,3.24095,1.7997410224620967,51.22524470552931,3.2151621794807963,2020,6,20,31005,Brugge,Regenval,"Nat, plassen",Dag,met lichtgewonden,9,personenauto,3,Fiets,Op Kruispunt,Gemeenteweg,buiten bebouwde kom,Tss. 2 best.: langs opzij (voor-/achterkant-flank),Geen hindernis
20074,142,TEST Validatie BRUGGE Y2H22022134,Brugge,51.22632,3.24095,2.0371068213206818,51.21361772222293,3.262027482694833,2020,6,16,31005,Brugge,Normaal,Droog,Dag,met lichtgewonden,9,personenauto,3,Fiets,Buiten Kruispunt,Gemeenteweg,binnen bebouwde kom,Tussen 2 bestuurders: Flank tegen flank,Geen hindernis
20074,52,Brugge,Brugge,51.22632,3.24095,2.0371068213206818,51.21361772222293,3.262027482694833,2020,6,16,31005,Brugge,Normaal,Droog,Dag,met lichtgewonden,9,personenauto,3,Fiets,Buiten Kruispunt,Gemeenteweg,binnen bebouwde kom,Tussen 2 bestuurders: Flank tegen flank,Geen hindernis
20075,142,TEST Validatie BRUGGE Y2H22022134,Brugge,51.22632,3.24095,1.7822402402647002,51.210629733168204,3.2357240015846256,2020,5,14,31005,Brugge,Onbekend,Onbekend,Dag,met lichtgewonden,8,Voetganger,3,Fiets,Buiten Kruispunt,Gewestweg,binnen bebouwde kom,Met een voetganger,Geen hindernis
20075,52,Brugge,Brugge,51.22632,3.24095,1.7822402402647002,51.210629733168204,3.2357240015846256,2020,5,14,31005,Brugge,Onbekend,Onbekend,Dag,met lichtgewonden,8,Voetganger,3,Fiets,Buiten Kruispunt,Gewestweg,binnen bebouwde kom,Met een voetganger,Geen hindernis
20075,54,Brugge teller 2,Brugge,51.23015,3.22818,2.233237402103973,51.210629733168204,3.2357240015846256,2020,5,14,31005,Brugge,Onbekend,Onbekend,Dag,met lichtgewonden,8,Voetganger,3,Fiets,Buiten Kruispunt,Gewestweg,binnen bebouwde kom,Met een voetganger,Geen hindernis
20075,53,Brugge teller 1,Brugge,51.23023,3.228,2.2448551280546356,51.210629733168204,3.2357240015846256,2020,5,14,31005,Brugge,Onbekend,Onbekend,Dag,met lichtgewonden,8,Voetganger,3,Fiets,Buiten Kruispunt,Gewestweg,binnen bebouwde kom,Met een voetganger,Geen hindernis
20079,20,Brugge,Brugge,51.17416,3.20048,2.316019307254135,51.164234015271916,3.2296833917697487,2020,6,20,31022,Oostkamp,Normaal,Droog,Dag,met zwaargewonden,3,Fiets,11,een weggebruiker tegen een hindernis,Buiten Kruispunt,Gemeenteweg,binnen bebouwde kom,Weggebruiker tegen hindernis buiten rijbaan,Andere hindernis
20098,15,Oostende 2,Oostende,51.21371,2.92743,1.7764257523997526,51.22728887522586,2.9139918742547066,2020,6,9,35013,Oostende,Normaal,Droog,Dag,met lichtgewonden,3,Fiets,9,personenauto,Buiten Kruispunt,Gemeenteweg,binnen bebouwde kom,Tussen 2 bestuurders: Langs achteren,Geen hindernis
20098,18,Oostende 1,Oostende,51.21378,2.92765,1.777964037505206,51.22728887522586,2.9139918742547066,2020,6,9,35013,Oostende,Normaal,Droog,Dag,met lichtgewonden,3,Fiets,9,personenauto,Buiten Kruispunt,Gemeenteweg,binnen bebouwde kom,Tussen 2 bestuurders: Langs achteren,Geen hindernis
20099,15,Oostende 2,Oostende,51.21371,2.92743,1.553339213722042,51.21746538190639,2.905949391311413,2020,6,15,35013,Oostende,Normaal,Droog,Dag,met lichtgewonden,3,Fiets,9,personenauto,Op Kruispunt,Gemeenteweg,binnen bebouwde kom,Tussen 2 bestuurders: Frontale botsing,Geen hindernis
20099,18,Oostende 1,Oostende,51.21378,2.92765,1.5660480088427116,51.21746538190639,2.905949391311413,2020,6,15,35013,Oostende,Normaal,Droog,Dag,met lichtgewonden,3,Fiets,9,personenauto,Op Kruispunt,Gemeenteweg,binnen bebouwde kom,Tussen 2 bestuurders: Frontale botsing,Geen hindernis
20101,18,Oostende 1,Oostende,51.21378,2.92765,2.2313758561955837,51.23226773175909,2.9151897714207116,2020,6,15,35013,Oostende,Normaal,Droog,Dag,met lichtgewonden,3,Fiets,3,Fiets,Buiten Kruispunt,Gemeenteweg,binnen bebouwde kom,Tss. 2 best.: langs opzij (voor-/achterkant-flank),Geen hindernis
20101,15,Oostende 2,Oostende,51.21371,2.92743,2.232654935496225,51.23226773175909,2.9151897714207116,2020,6,15,35013,Oostende,Normaal,Droog,Dag,met lichtgewonden,3,Fiets,3,Fiets,Buiten Kruispunt,Gemeenteweg,binnen bebouwde kom,Tss. 2 best.: langs opzij (voor-/achterkant-flank),Geen hindernis
20102,15,Oostende 2,Oostende,51.21371,2.92743,1.9535650766714523,51.227579355822066,2.910211290585222,2020,6,20,35013,Oostende,Normaal,Droog,Dag,met lichtgewonden,9,personenauto,3,Fiets,Buiten Kruispunt,Gewestweg,binnen bebouwde kom,Tss. 2 best.: langs opzij (voor-/achterkant-flank),Geen hindernis
20102,18,Oostende 1,Oostende,51.21378,2.92765,1.9568976796221826,51.227579355822066,2.910211290585222,2020,6,20,35013,Oostende,Normaal,Droog,Dag,met lichtgewonden,9,personenauto,3,Fiets,Buiten Kruispunt,Gewestweg,binnen bebouwde kom,Tss. 2 best.: langs opzij (voor-/achterkant-flank),Geen hindernis
20104,18,Oostende 1,Oostende,51.21378,2.92765,2.3828635958298854,51.233293576605185,2.913507669382785,2020,6,13,35013,Oostende,Normaal,Droog,Dag,met lichtgewonden,3,Fiets,8,Voetganger,Buiten Kruispunt,Gewestweg,binnen bebouwde kom,Met een voetganger,Geen hindernis
20104,15,Oostende 2,Oostende,51.21371,2.92743,2.383681199075192,51.233293576605185,2.913507669382785,2020,6,13,35013,Oostende,Normaal,Droog,Dag,met lichtgewonden,3,Fiets,8,Voetganger,Buiten Kruispunt,Gewestweg,binnen bebouwde kom,Met een voetganger,Geen hindernis
20115,84,Roeselare totem,Izegem,50.91717,3.18772,2.0931828310383307,50.92227819823965,3.216460270613372,2020,6,19,36008,Izegem,Normaal,Droog,Dag,met lichtgewonden,3,Fiets,11,een weggebruiker tegen een hindernis,Op Kruispunt,Gemeenteweg,binnen bebouwde kom,Weggebruiker tegen hindernis buiten rijbaan,Andere hindernis
20118,84,Roeselare totem,Izegem,50.91717,3.18772,1.8608758630550906,50.932166036143805,3.1995054316157603,2020,6,16,36008,Izegem,Normaal,Droog,Dag,met lichtgewonden,9,personenauto,3,Fiets,Op Kruispunt,Gewestweg,binnen bebouwde kom,Tss. 2 best.: langs opzij (voor-/achterkant-flank),Geen hindernis
20128,61,Wervik teller 2,Wervik,50.80555,3.0921,2.3021861069778584,50.79298328162237,3.1181332647697046,2020,6,19,34027,Menen,Normaal,Droog,Dag,met zwaargewonden,3,Fiets,11,een weggebruiker tegen een hindernis,Buiten Kruispunt,Gemeenteweg,binnen bebouwde kom,Weggebruiker tegen hindernis op de rijbaan,"Op de rijbaan: Verkeersdrempel, ezelsrug"
20128,62,Wervik teller 1,Wervik,50.8058,3.09154,2.350333439552516,50.79298328162237,3.1181332647697046,2020,6,19,34027,Menen,Normaal,Droog,Dag,met zwaargewonden,3,Fiets,11,een weggebruiker tegen een hindernis,Buiten Kruispunt,Gemeenteweg,binnen bebouwde kom,Weggebruiker tegen hindernis op de rijbaan,"Op de rijbaan: Verkeersdrempel, ezelsrug"
20129,61,Wervik teller 2,Wervik,50.80555,3.0921,1.3336438249874434,50.79996402567712,3.108893760555019,2020,6,10,34027,Menen,Normaal,Droog,Dag,met lichtgewonden,9,personenauto,3,Fiets,Op Kruispunt,Gewestweg,binnen bebouwde kom,Tss. 2 best.: langs opzij (voor-/achterkant-flank),Geen hindernis
20129,62,Wervik teller 1,Wervik,50.8058,3.09154,1.3814270244662035,50.79996402567712,3.108893760555019,2020,6,10,34027,Menen,Normaal,Droog,Dag,met lichtgewonden,9,personenauto,3,Fiets,Op Kruispunt,Gewestweg,binnen bebouwde kom,Tss. 2 best.: langs opzij (voor-/achterkant-flank),Geen hindernis
20131,61,Wervik teller 2,Wervik,50.80555,3.0921,2.3236257217485896,50.796091366812924,3.121582793526149,2020,6,12,34027,Menen,Normaal,Droog,Dag,met lichtgewonden,5,Lichte vrachtauto,3,Fiets,Buiten Kruispunt,Gewestweg,binnen bebouwde kom,Tss. 2 best.: langs opzij (voor-/achterkant-flank),Geen hindernis
20131,62,Wervik teller 1,Wervik,50.8058,3.09154,2.371306526761592,50.796091366812924,3.121582793526149,2020,6,12,34027,Menen,Normaal,Droog,Dag,met lichtgewonden,5,Lichte vrachtauto,3,Fiets,Buiten Kruispunt,Gewestweg,binnen bebouwde kom,Tss. 2 best.: langs opzij (voor-/achterkant-flank),Geen hindernis
20134,61,Wervik teller 2,Wervik,50.80555,3.0921,2.1722773935505066,50.80639345457782,3.122984704433348,2020,6,17,34027,Menen,Normaal,Droog,Dag,met lichtgewonden,9,personenauto,3,Fiets,Op Kruispunt,Gewestweg,binnen bebouwde kom,Tss. 2 best.: langs opzij (voor-/achterkant-flank),Geen hindernis
20134,62,Wervik teller 1,Wervik,50.8058,3.09154,2.210581954828636,50.80639345457782,3.122984704433348,2020,6,17,34027,Menen,Normaal,Droog,Dag,met lichtgewonden,9,personenauto,3,Fiets,Op Kruispunt,Gewestweg,binnen bebouwde kom,Tss. 2 best.: langs opzij (voor-/achterkant-flank),Geen hindernis
20135,143,Eco Display Classic Budastraat,Kortrijk,50.83066,3.26286,0.34941642920064536,50.82751763348034,3.2628731172707273,2020,6,17,34022,Kortrijk,Normaal,Droog,Dag,met lichtgewonden,9,personenauto,3,Fiets,Buiten Kruispunt,Gewestweg,binnen bebouwde kom,Tss. 2 best.: langs opzij (voor-/achterkant-flank),Geen hindernis
20135,75,Kortrijk teller 2,Kortrijk,50.81925,3.25731,0.9989242581090872,50.82751763348034,3.2628731172707273,2020,6,17,34022,Kortrijk,Normaal,Droog,Dag,met lichtgewonden,9,personenauto,3,Fiets,Buiten Kruispunt,Gewestweg,binnen bebouwde kom,Tss. 2 best.: langs opzij (voor-/achterkant-flank),Geen hindernis
20135,74,Kortrijk teller 1,Kortrijk,50.81909,3.25728,1.01613466885229,50.82751763348034,3.2628731172707273,2020,6,17,34022,Kortrijk,Normaal,Droog,Dag,met lichtgewonden,9,personenauto,3,Fiets,Buiten Kruispunt,Gewestweg,binnen bebouwde kom,Tss. 2 best.: langs opzij (voor-/achterkant-flank),Geen hindernis
20135,16,Kortrijk 1,Kortrijk,50.83332,3.27777,1.2291908830879392,50.82751763348034,3.2628731172707273,2020,6,17,34022,Kortrijk,Normaal,Droog,Dag,met lichtgewonden,9,personenauto,3,Fiets,Buiten Kruispunt,Gewestweg,binnen bebouwde kom,Tss. 2 best.: langs opzij (voor-/achterkant-flank),Geen hindernis
20135,17,Kortrijk 2,Kortrijk,50.83339,3.27773,1.2309112570861218,50.82751763348034,3.2628731172707273,2020,6,17,34022,Kortrijk,Normaal,Droog,Dag,met lichtgewonden,9,personenauto,3,Fiets,Buiten Kruispunt,Gewestweg,binnen bebouwde kom,Tss. 2 best.: langs opzij (voor-/achterkant-flank),Geen hindernis
20136,16,Kortrijk 1,Kortrijk,50.83332,3.27777,0.8539876806672644,50.825677239457406,3.278967473978874,2020,6,8,34022,Kortrijk,Normaal,Droog,Dag,met lichtgewonden,9,personenauto,3,Fiets,Op Kruispunt,Gemeenteweg,binnen bebouwde kom,Tss. 2 best.: langs opzij (voor-/achterkant-flank),Geen hindernis
20136,17,Kortrijk 2,Kortrijk,50.83339,3.27773,0.8620125438765556,50.825677239457406,3.278967473978874,2020,6,8,34022,Kortrijk,Normaal,Droog,Dag,met lichtgewonden,9,personenauto,3,Fiets,Op Kruispunt,Gemeenteweg,binnen bebouwde kom,Tss. 2 best.: langs opzij (voor-/achterkant-flank),Geen hindernis
20136,143,Eco Display Classic Budastraat,Kortrijk,50.83066,3.26286,1.2597134706694841,50.825677239457406,3.278967473978874,2020,6,8,34022,Kortrijk,Normaal,Droog,Dag,met lichtgewonden,9,personenauto,3,Fiets,Op Kruispunt,Gemeenteweg,binnen bebouwde kom,Tss. 2 best.: langs opzij (voor-/achterkant-flank),Geen hindernis
20136,75,Kortrijk teller 2,Kortrijk,50.81925,3.25731,1.680828018118504,50.825677239457406,3.278967473978874,2020,6,8,34022,Kortrijk,Normaal,Droog,Dag,met lichtgewonden,9,personenauto,3,Fiets,Op Kruispunt,Gemeenteweg,binnen bebouwde kom,Tss. 2 best.: langs opzij (voor-/achterkant-flank),Geen hindernis
20136,74,Kortrijk teller 1,Kortrijk,50.81909,3.25728,1.6903708220613183,50.825677239457406,3.278967473978874,2020,6,8,34022,Kortrijk,Normaal,Droog,Dag,met lichtgewonden,9,personenauto,3,Fiets,Op Kruispunt,Gemeenteweg,binnen bebouwde kom,Tss. 2 best.: langs opzij (voor-/achterkant-flank),Geen hindernis
20139,143,Eco Display Classic Budastraat,Kortrijk,50.83066,3.26286,0.8602569689830916,50.824035848988075,3.269187319903357,2020,6,6,34022,Kortrijk,Normaal,Droog,Dag,met lichtgewonden,3,Fiets,9,personenauto,Op Kruispunt,Gewestweg,binnen bebouwde kom,Tussen 2 bestuurders: Frontale botsing,Geen hindernis
20139,75,Kortrijk teller 2,Kortrijk,50.81925,3.25731,0.9895999529268499,50.824035848988075,3.269187319903357,2020,6,6,34022,Kortrijk,Normaal,Droog,Dag,met lichtgewonden,3,Fiets,9,personenauto,Op Kruispunt,Gewestweg,binnen bebouwde kom,Tussen 2 bestuurders: Frontale botsing,Geen hindernis
20139,74,Kortrijk teller 1,Kortrijk,50.81909,3.25728,1.0010412243232794,50.824035848988075,3.269187319903357,2020,6,6,34022,Kortrijk,Normaal,Droog,Dag,met lichtgewonden,3,Fiets,9,personenauto,Op Kruispunt,Gewestweg,binnen bebouwde kom,Tussen 2 bestuurders: Frontale botsing,Geen hindernis
20139,16,Kortrijk 1,Kortrijk,50.83332,3.27777,1.1954597773456692,50.824035848988075,3.269187319903357,2020,6,6,34022,Kortrijk,Normaal,Droog,Dag,met lichtgewonden,3,Fiets,9,personenauto,Op Kruispunt,Gewestweg,binnen bebouwde kom,Tussen 2 bestuurders: Frontale botsing,Geen hindernis
20139,17,Kortrijk 2,Kortrijk,50.83339,3.27773,1.2007813490418124,50.824035848988075,3.269187319903357,2020,6,6,34022,Kortrijk,Normaal,Droog,Dag,met lichtgewonden,3,Fiets,9,personenauto,Op Kruispunt,Gewestweg,binnen bebouwde kom,Tussen 2 bestuurders: Frontale botsing,Geen hindernis
20140,143,Eco Display Classic Budastraat,Kortrijk,50.83066,3.26286,2.1189854173360665,50.849678216582575,3.2609482802943153,2020,6,15,34023,Kuurne,Normaal,Droog,Dag,met lichtgewonden,9,personenauto,3,Fiets,Op Kruispunt,Gemeenteweg,binnen bebouwde kom,Tss. 2 best.: langs opzij (voor-/achterkant-flank),Geen hindernis
20140,17,Kortrijk 2,Kortrijk,50.83339,3.27773,2.1607457622348343,50.849678216582575,3.2609482802943153,2020,6,15,34023,Kuurne,Normaal,Droog,Dag,met lichtgewonden,9,personenauto,3,Fiets,Op Kruispunt,Gemeenteweg,binnen bebouwde kom,Tss. 2 best.: langs opzij (voor-/achterkant-flank),Geen hindernis
20140,16,Kortrijk 1,Kortrijk,50.83332,3.27777,2.1688030952887014,50.849678216582575,3.2609482802943153,2020,6,15,34023,Kuurne,Normaal,Droog,Dag,met lichtgewonden,9,personenauto,3,Fiets,Op Kruispunt,Gemeenteweg,binnen bebouwde kom,Tss. 2 best.: langs opzij (voor-/achterkant-flank),Geen hindernis
20141,143,Eco Display Classic Budastraat,Kortrijk,50.83066,3.26286,0.598415228729879,50.83218902151676,3.2546904882025838,2020,6,8,34022,Kortrijk,Normaal,Droog,Dag,met lichtgewonden,3,Fiets,9,personenauto,Op Kruispunt,Gewestweg,binnen bebouwde kom,Tss. 2 best.: langs opzij (voor-/achterkant-flank),Geen hindernis
20141,75,Kortrijk teller 2,Kortrijk,50.81925,3.25731,1.4504707939257762,50.83218902151676,3.2546904882025838,2020,6,8,34022,Kortrijk,Normaal,Droog,Dag,met lichtgewonden,3,Fiets,9,personenauto,Op Kruispunt,Gewestweg,binnen bebouwde kom,Tss. 2 best.: langs opzij (voor-/achterkant-flank),Geen hindernis
20141,74,Kortrijk teller 1,Kortrijk,50.81909,3.25728,1.4678574362962316,50.83218902151676,3.2546904882025838,2020,6,8,34022,Kortrijk,Normaal,Droog,Dag,met lichtgewonden,3,Fiets,9,personenauto,Op Kruispunt,Gewestweg,binnen bebouwde kom,Tss. 2 best.: langs opzij (voor-/achterkant-flank),Geen hindernis
20141,17,Kortrijk 2,Kortrijk,50.83339,3.27773,1.623546299947577,50.83218902151676,3.2546904882025838,2020,6,8,34022,Kortrijk,Normaal,Droog,Dag,met lichtgewonden,3,Fiets,9,personenauto,Op Kruispunt,Gewestweg,binnen bebouwde kom,Tss. 2 best.: langs opzij (voor-/achterkant-flank),Geen hindernis
20141,16,Kortrijk 1,Kortrijk,50.83332,3.27777,1.6257265502817189,50.83218902151676,3.2546904882025838,2020,6,8,34022,Kortrijk,Normaal,Droog,Dag,met lichtgewonden,3,Fiets,9,personenauto,Op Kruispunt,Gewestweg,binnen bebouwde kom,Tss. 2 best.: langs opzij (voor-/achterkant-flank),Geen hindernis
20142,74,Kortrijk teller 1,Kortrijk,50.81909,3.25728,1.277724476151951,50.812068718540964,3.242883107177542,2020,6,9,34022,Kortrijk,Normaal,Droog,Dag,met lichtgewonden,6,Bromfiets,3,Fiets,Buiten Kruispunt,Gemeenteweg,binnen bebouwde kom,Tss. 2 best.: langs opzij (voor-/achterkant-flank),Geen hindernis
20142,75,Kortrijk teller 2,Kortrijk,50.81925,3.25731,1.2903259777380311,50.812068718540964,3.242883107177542,2020,6,9,34022,Kortrijk,Normaal,Droog,Dag,met lichtgewonden,6,Bromfiets,3,Fiets,Buiten Kruispunt,Gemeenteweg,binnen bebouwde kom,Tss. 2 best.: langs opzij (voor-/achterkant-flank),Geen hindernis
20142,143,Eco Display Classic Budastraat,Kortrijk,50.83066,3.26286,2.4985611201348714,50.812068718540964,3.242883107177542,2020,6,9,34022,Kortrijk,Normaal,Droog,Dag,met lichtgewonden,6,Bromfiets,3,Fiets,Buiten Kruispunt,Gemeenteweg,binnen bebouwde kom,Tss. 2 best.: langs opzij (voor-/achterkant-flank),Geen hindernis
20143,17,Kortrijk 2,Kortrijk,50.83339,3.27773,1.353434297382464,50.845505092498286,3.2795871875170337,2020,6,18,34023,Kuurne,Normaal,Droog,Dag,met lichtgewonden,3,Fiets,5,Lichte vrachtauto,Buiten Kruispunt,Gemeenteweg,binnen bebouwde kom,Tss. 2 best.: langs opzij (voor-/achterkant-flank),Geen hindernis
20143,16,Kortrijk 1,Kortrijk,50.83332,3.27777,1.3609157148990165,50.845505092498286,3.2795871875170337,2020,6,18,34023,Kuurne,Normaal,Droog,Dag,met lichtgewonden,3,Fiets,5,Lichte vrachtauto,Buiten Kruispunt,Gemeenteweg,binnen bebouwde kom,Tss. 2 best.: langs opzij (voor-/achterkant-flank),Geen hindernis
20143,143,Eco Display Classic Budastraat,Kortrijk,50.83066,3.26286,2.0259561181208534,50.845505092498286,3.2795871875170337,2020,6,18,34023,Kuurne,Normaal,Droog,Dag,met lichtgewonden,3,Fiets,5,Lichte vrachtauto,Buiten Kruispunt,Gemeenteweg,binnen bebouwde kom,Tss. 2 best.: langs opzij (voor-/achterkant-flank),Geen hindernis
20145,74,Kortrijk teller 1,Kortrijk,50.81909,3.25728,1.1130282035156807,50.80913250914496,3.2556640097702987,2020,6,19,34022,Kortrijk,Normaal,"Nat, plassen",Dag,met zwaargewonden,9,personenauto,3,Fiets,Buiten Kruispunt,Gemeenteweg,binnen bebouwde kom,Tussen 2 bestuurders: Flank tegen flank,Geen hindernis
20145,75,Kortrijk teller 2,Kortrijk,50.81925,3.25731,1.1309416035882407,50.80913250914496,3.2556640097702987,2020,6,19,34022,Kortrijk,Normaal,"Nat, plassen",Dag,met zwaargewonden,9,personenauto,3,Fiets,Buiten Kruispunt,Gemeenteweg,binnen bebouwde kom,Tussen 2 bestuurders: Flank tegen flank,Geen hindernis
20145,143,Eco Display Classic Budastraat,Kortrijk,50.83066,3.26286,2.4465417195129975,50.80913250914496,3.2556640097702987,2020,6,19,34022,Kortrijk,Normaal,"Nat, plassen",Dag,met zwaargewonden,9,personenauto,3,Fiets,Buiten Kruispunt,Gemeenteweg,binnen bebouwde kom,Tussen 2 bestuurders: Flank tegen flank,Geen hindernis
20146,143,Eco Display Classic Budastraat,Kortrijk,50.83066,3.26286,0.596092463738253,50.83514286939271,3.2675145125337317,2020,6,10,34022,Kortrijk,Normaal,Droog,Dag,met lichtgewonden,5,Lichte vrachtauto,3,Fiets,Op Kruispunt,Gewestweg,binnen bebouwde kom,Tussen 2 bestuurders: Flank tegen flank,Geen hindernis
20146,17,Kortrijk 2,Kortrijk,50.83339,3.27773,0.7434081632582554,50.83514286939271,3.2675145125337317,2020,6,10,34022,Kortrijk,Normaal,Droog,Dag,met lichtgewonden,5,Lichte vrachtauto,3,Fiets,Op Kruispunt,Gewestweg,binnen bebouwde kom,Tussen 2 bestuurders: Flank tegen flank,Geen hindernis
20146,16,Kortrijk 1,Kortrijk,50.83332,3.27777,0.7481909171780163,50.83514286939271,3.2675145125337317,2020,6,10,34022,Kortrijk,Normaal,Droog,Dag,met lichtgewonden,5,Lichte vrachtauto,3,Fiets,Op Kruispunt,Gewestweg,binnen bebouwde kom,Tussen 2 bestuurders: Flank tegen flank,Geen hindernis
20146,75,Kortrijk teller 2,Kortrijk,50.81925,3.25731,1.90702245845236,50.83514286939271,3.2675145125337317,2020,6,10,34022,Kortrijk,Normaal,Droog,Dag,met lichtgewonden,5,Lichte vrachtauto,3,Fiets,Op Kruispunt,Gewestweg,binnen bebouwde kom,Tussen 2 bestuurders: Flank tegen flank,Geen hindernis
20146,74,Kortrijk teller 1,Kortrijk,50.81909,3.25728,1.9243074915269438,50.83514286939271,3.2675145125337317,2020,6,10,34022,Kortrijk,Normaal,Droog,Dag,met lichtgewonden,5,Lichte vrachtauto,3,Fiets,Op Kruispunt,Gewestweg,binnen bebouwde kom,Tussen 2 bestuurders: Flank tegen flank,Geen hindernis
20147,143,Eco Display Classic Budastraat,Kortrijk,50.83066,3.26286,1.612045230387241,50.83784020955277,3.242918308525235,2020,5,15,34022,Kortrijk,Onbekend,Onbekend,Dag,met lichtgewonden,3,Fiets,3,Fiets,Buiten Kruispunt,Gemeenteweg,binnen bebouwde kom,Tussen 2 bestuurders: Langs achteren,Geen hindernis
20147,75,Kortrijk teller 2,Kortrijk,50.81925,3.25731,2.3010405787613455,50.83784020955277,3.242918308525235,2020,5,15,34022,Kortrijk,Onbekend,Onbekend,Dag,met lichtgewonden,3,Fiets,3,Fiets,Buiten Kruispunt,Gemeenteweg,binnen bebouwde kom,Tussen 2 bestuurders: Langs achteren,Geen hindernis
20147,74,Kortrijk teller 1,Kortrijk,50.81909,3.25728,2.316118772470177,50.83784020955277,3.242918308525235,2020,5,15,34022,Kortrijk,Onbekend,Onbekend,Dag,met lichtgewonden,3,Fiets,3,Fiets,Buiten Kruispunt,Gemeenteweg,binnen bebouwde kom,Tussen 2 bestuurders: Langs achteren,Geen hindernis
20147,17,Kortrijk 2,Kortrijk,50.83339,3.27773,2.494226259432542,50.83784020955277,3.242918308525235,2020,5,15,34022,Kortrijk,Onbekend,Onbekend,Dag,met lichtgewonden,3,Fiets,3,Fiets,Buiten Kruispunt,Gemeenteweg,binnen bebouwde kom,Tussen 2 bestuurders: Langs achteren,Geen hindernis
20147,16,Kortrijk 1,Kortrijk,50.83332,3.27777,2.498535455371189,50.83784020955277,3.242918308525235,2020,5,15,34022,Kortrijk,Onbekend,Onbekend,Dag,met lichtgewonden,3,Fiets,3,Fiets,Buiten Kruispunt,Gemeenteweg,binnen bebouwde kom,Tussen 2 bestuurders: Langs achteren,Geen hindernis
20165,65,Nieuwpoort teller 2,Nieuwpoort,51.13435,2.75511,0.26524670034004966,51.13597743051631,2.757889424087329,2020,6,15,38016,Nieuwpoort,Normaal,Droog+Proper,Dag,met lichtgewonden,9,personenauto,3,Fiets,Op Kruispunt,Gewestweg,binnen bebouwde kom,Tussen 2 bestuurders: Flank tegen flank,Geen hindernis
20165,64,Nieuwpoort teller 1,Nieuwpoort,51.13359,2.75737,0.2679326433362728,51.13597743051631,2.757889424087329,2020,6,15,38016,Nieuwpoort,Normaal,Droog+Proper,Dag,met lichtgewonden,9,personenauto,3,Fiets,Op Kruispunt,Gewestweg,binnen bebouwde kom,Tussen 2 bestuurders: Flank tegen flank,Geen hindernis
20165,66,Nieuwpoort totem,Nieuwpoort,51.1347,2.74369,1.0008660274561159,51.13597743051631,2.757889424087329,2020,6,15,38016,Nieuwpoort,Normaal,Droog+Proper,Dag,met lichtgewonden,9,personenauto,3,Fiets,Op Kruispunt,Gewestweg,binnen bebouwde kom,Tussen 2 bestuurders: Flank tegen flank,Geen hindernis