crash_row_id,site_id,site_name,site_gemeente,site_lat,site_long,distance_km,crash_lat,crash_long,DT_YEAR_COLLISION,DT_MONTH_COLLISION,DT_TIME,CD_NIS,TX_MUNTY_COLLISION_NL,TX_WEATHER_NL,TX_ROAD_CONDITION_NL,TX_LIGHT_CONDITION_NL,TX_CLASS_ACCIDENTS_NL,CD_ROAD_USR_TYPE1,TX_ROAD_USR_TYPE1_NL,CD_ROAD_USR_TYPE2,TX_ROAD_USR_TYPE2_NL,TX_CROSSWAY_NL,CD_ROAD_TYPE_NL,TX_BUILD_UP_AREA_NL,TX_COLLISION_TYPE_NL,TX_OBSTACLES_NL
20165,63,Nieuwpoort teller 3,Nieuwpoort,51.13529,2.74289,1.0493347087835683,51.13597743051631,2.757889424087329,2020,6,15,38016,Nieuwpoort,Normaal,Droog+Proper,Dag,met lichtgewonden,9,personenauto,3,Fiets,Op Kruispunt,Gewestweg,binnen bebouwde kom,Tussen 2 bestuurders: Flank tegen flank,Geen hindernis
20166,65,Nieuwpoort teller 2,Nieuwpoort,51.13435,2.75511,0.5734541706611375,51.13030874425753,2.7500043870172126,2020,6,13,38016,Nieuwpoort,Normaal,Droog,Dag,met lichtgewonden,3,Fiets,2,Andere weggebruiker,Buiten Kruispunt,Gemeenteweg,binnen bebouwde kom,Tss. 2 best.: langs opzij (voor-/achterkant-flank),Geen hindernis
20166,64,Nieuwpoort teller 1,Nieuwpoort,51.13359,2.75737,0.6302975101740532,51.13030874425753,2.7500043870172126,2020,6,13,38016,Nieuwpoort,Normaal,Droog,Dag,met lichtgewonden,3,Fiets,2,Andere weggebruiker,Buiten Kruispunt,Gemeenteweg,binnen bebouwde kom,Tss. 2 best.: langs opzij (voor-/achterkant-flank),Geen hindernis
20166,66,Nieuwpoort totem,Nieuwpoort,51.1347,2.74369,0.6576862318161363,51.13030874425753,2.7500043870172126,2020,6,13,38016,Nieuwpoort,Normaal,Droog,Dag,met lichtgewonden,3,Fiets,2,Andere weggebruiker,Buiten Kruispunt,Gemeenteweg,binnen bebouwde kom,Tss. 2 best.: langs opzij (voor-/achterkant-flank),Geen hindernis
20166,63,Nieuwpoort teller 3,Nieuwpoort,51.13529,2.74289,0.7437917787951136,51.13030874425753,2.7500043870172126,2020,6,13,38016,Nieuwpoort,Normaal,Droog,Dag,met lichtgewonden,3,Fiets,2,Andere weggebruiker,Buiten Kruispunt,Gemeenteweg,binnen bebouwde kom,Tss. 2 best.: langs opzij (voor-/achterkant-flank),Geen hindernis
20167,67,Ieper totem,Ieper,50.85018,2.85624,2.1912433675069174,50.857381026216146,2.8852966544249328,2020,6,7,33011,Ieper,Normaal,Droog,Dag,met lichtgewonden,3,Fiets,4,Vrachtwagen,Buiten Kruispunt,Gewestweg,binnen bebouwde kom,Tss. 2 best.: langs opzij (voor-/achterkant-flank),Geen hindernis
20167,68,Ieper,Ieper,50.85032,2.85608,2.196085538603637,50.857381026216146,2.8852966544249328,2020,6,7,33011,Ieper,Normaal,Droog,Dag,met lichtgewonden,3,Fiets,4,Vrachtwagen,Buiten Kruispunt,Gewestweg,binnen bebouwde kom,Tss. 2 best.: langs opzij (voor-/achterkant-flank),Geen hindernis
20169,67,Ieper totem,Ieper,50.85018,2.85624,2.454509459481316,50.842842749391515,2.8892124753019197,2020,6,12,33011,Ieper,Normaal,Droog,Dag,met lichtgewonden,3,Fiets,9,personenauto,Op Kruispunt,Gewestweg,binnen bebouwde kom,Tss. 2 best.: langs opzij (voor-/achterkant-flank),Geen hindernis
20169,68,Ieper,Ieper,50.85032,2.85608,2.4702995456244303,50.842842749391515,2.8892124753019197,2020,6,12,33011,Ieper,Normaal,Droog,Dag,met lichtgewonden,3,Fiets,9,personenauto,Op Kruispunt,Gewestweg,binnen bebouwde kom,Tss. 2 best.: langs opzij (voor-/achterkant-flank),Geen hindernis
20170,67,Ieper totem,Ieper,50.85018,2.85624,1.892187029673854,50.85809675419664,2.8801006261855826,2020,6,15,33011,Ieper,Normaal,Droog,Dag,met lichtgewonden,9,personenauto,3,Fiets,Op Kruispunt,Gewestweg,binnen bebouwde kom,Tussen 2 bestuurders: Flank tegen flank,Geen hindernis
20170,68,Ieper,Ieper,50.85032,2.85608,1.894979733186548,50.85809675419664,2.8801006261855826,2020,6,15,33011,Ieper,Normaal,Droog,Dag,met lichtgewonden,9,personenauto,3,Fiets,Op Kruispunt,Gewestweg,binnen bebouwde kom,Tussen 2 bestuurders: Flank tegen flank,Geen hindernis
20178,41,Maasmechelen teller 1,Maasmechelen,50.97025,5.69799,0.49903827392722283,50.969093781294106,5.691103788139606,2020,6,17,73107,Maasmechelen,Normaal,Droog,Dag,met lichtgewonden,9,personenauto,3,Fiets,Buiten Kruispunt,Gemeenteweg,binnen bebouwde kom,Tss. 2 best.: langs opzij (voor-/achterkant-flank),Geen hindernis
20178,42,Maasmechelen teller 2,Maasmechelen,50.97043,5.6981,0.5119305764058506,50.969093781294106,5.691103788139606,2020,6,17,73107,Maasmechelen,Normaal,Droog,Dag,met lichtgewonden,9,personenauto,3,Fiets,Buiten Kruispunt,Gemeenteweg,binnen bebouwde kom,Tss. 2 best.: langs opzij (voor-/achterkant-flank),Geen hindernis
20180,42,Maasmechelen teller 2,Maasmechelen,50.97043,5.6981,0.7400476352091524,50.97691002787739,5.700510430601882,2020,6,9,73107,Maasmechelen,Normaal,Droog,Dag,met lichtgewonden,3,Fiets,5,Lichte vrachtauto,Op Kruispunt,Gewestweg,binnen bebouwde kom,Tss. 2 best.: langs opzij (voor-/achterkant-flank),Geen hindernis
20180,41,Maasmechelen teller 1,Maasmechelen,50.97025,5.69799,0.7612974699800705,50.97691002787739,5.700510430601882,2020,6,9,73107,Maasmechelen,Normaal,Droog,Dag,met lichtgewonden,3,Fiets,5,Lichte vrachtauto,Op Kruispunt,Gewestweg,binnen bebouwde kom,Tss. 2 best.: langs opzij (voor-/achterkant-flank),Geen hindernis
20181,42,Maasmechelen teller 2,Maasmechelen,50.97043,5.6981,1.6709223075419468,50.98251837113613,5.712277034318009,2020,6,11,73107,Maasmechelen,Normaal,Droog,Dag,met lichtgewonden,6,Bromfiets,3,Fiets,Op Kruispunt,Gewestweg,buiten bebouwde kom,Tussen 2 bestuurders: Frontale botsing,Geen hindernis
20181,41,Maasmechelen teller 1,Maasmechelen,50.97025,5.69799,1.6916089158533152,50.98251837113613,5.712277034318009,2020,6,11,73107,Maasmechelen,Normaal,Droog,Dag,met lichtgewonden,6,Bromfiets,3,Fiets,Op Kruispunt,Gewestweg,buiten bebouwde kom,Tussen 2 bestuurders: Frontale botsing,Geen hindernis
20191,106,St. pieters leeuw teller 1,Sint-Pieters-Leeuw,50.75533,4.24951,0.8147520736450728,50.76254234008001,4.251553242675499,2020,6,12,23077,Sint-Pieters-Leeuw,Normaal,Droog,Dag,met lichtgewonden,3,Fiets,9,personenauto,Buiten Kruispunt,Gewestweg,buiten bebouwde kom,Tss. 2 best.: langs opzij (voor-/achterkant-flank),Geen hindernis
20191,105,St. pieters leeuw teller 2,Halle,50.75509,4.24943,0.8420134880330843,50.76254234008001,4.251553242675499,2020,6,12,23077,Sint-Pieters-Leeuw,Normaal,Droog,Dag,met lichtgewonden,3,Fiets,9,personenauto,Buiten Kruispunt,Gewestweg,buiten bebouwde kom,Tss. 2 best.: langs opzij (voor-/achterkant-flank),Geen hindernis
20193,99,Mechelen teller 1,Mechelen,51.04564,4.46882,0.3266733133881993,51.04341035806115,4.471862730133354,2020,6,19,12025,Mechelen,Onbekend,Onbekend,Dag,met lichtgewonden,3,Fiets,9,personenauto,Op Kruispunt,Gemeenteweg,binnen bebouwde kom,Tss. 2 best.: langs opzij (voor-/achterkant-flank),Geen hindernis
20193,100,Mechelen teller 2,Mechelen,51.0457,4.46883,0.3313172686187006,51.04341035806115,4.471862730133354,2020,6,19,12025,Mechelen,Onbekend,Onbekend,Dag,met lichtgewonden,3,Fiets,9,personenauto,Op Kruispunt,Gemeenteweg,binnen bebouwde kom,Tss. 2 best.: langs opzij (voor-/achterkant-flank),Geen hindernis
20195,99,Mechelen teller 1,Mechelen,51.04564,4.46882,2.0396496757524587,51.0276698757926,4.4629681734016575,2020,6,8,12025,Mechelen,Normaal,Droog,Dag,met lichtgewonden,3,Fiets,9,personenauto,Buiten Kruispunt,Gemeenteweg,binnen bebouwde kom,Tussen 2 bestuurders: Frontale botsing,Geen hindernis
20195,100,Mechelen teller 2,Mechelen,51.0457,4.46883,2.046326066228284,51.0276698757926,4.4629681734016575,2020,6,8,12025,Mechelen,Normaal,Droog,Dag,met lichtgewonden,3,Fiets,9,personenauto,Buiten Kruispunt,Gemeenteweg,binnen bebouwde kom,Tussen 2 bestuurders: Frontale botsing,Geen hindernis
20197,99,Mechelen teller 1,Mechelen,51.04564,4.46882,1.7670839656471664,51.03020491533364,4.462804810330139,2020,6,22,12025,Mechelen,Regenval,"Nat, plassen","Nacht, openbare verlichting aanwezig en ontstoken",met lichtgewonden,9,personenauto,3,Fiets,Op Kruispunt,Gewestweg,binnen bebouwde kom,Tss. 2 best.: langs opzij (voor-/achterkant-flank),Geen hindernis
20197,100,Mechelen teller 2,Mechelen,51.0457,4.46883,1.7737305202010898,51.03020491533364,4.462804810330139,2020,6,22,12025,Mechelen,Regenval,"Nat, plassen","Nacht, openbare verlichting aanwezig en ontstoken",met lichtgewonden,9,personenauto,3,Fiets,Op Kruispunt,Gewestweg,binnen bebouwde kom,Tss. 2 best.: langs opzij (voor-/achterkant-flank),Geen hindernis
20199,99,Mechelen teller 1,Mechelen,51.04564,4.46882,0.48325486653377453,51.042036205276375,4.472683525373329,2020,6,10,12025,Mechelen,"Andere (dikke rook,...)",Onbekend,Dag,met lichtgewonden,3,Fiets,10,"één bestuurder, geen hindernis",Buiten Kruispunt,Gemeenteweg,binnen bebouwde kom,"Eén bestuurder, geen hindernis (incl. val)",Geen hindernis
20199,100,Mechelen teller 2,Mechelen,51.0457,4.46883,0.48841531599975396,51.042036205276375,4.472683525373329,2020,6,10,12025,Mechelen,"Andere (dikke rook,...)",Onbekend,Dag,met lichtgewonden,3,Fiets,10,"één bestuurder, geen hindernis",Buiten Kruispunt,Gemeenteweg,binnen bebouwde kom,"Eén bestuurder, geen hindernis (incl. val)",Geen hindernis
20202,99,Mechelen teller 1,Mechelen,51.04564,4.46882,1.9527152815170452,51.03043095710916,4.482782285615378,2020,6,17,12025,Mechelen,Onbekend,Onbekend,Dag,met lichtgewonden,3,Fiets,9,personenauto,Op Kruispunt,Gewestweg,binnen bebouwde kom,Tss. 2 best.: langs opzij (voor-/achterkant-flank),Geen hindernis
20202,100,Mechelen teller 2,Mechelen,51.0457,4.46883,1.9581474632071276,51.03043095710916,4.482782285615378,2020,6,17,12025,Mechelen,Onbekend,Onbekend,Dag,met lichtgewonden,3,Fiets,9,personenauto,Op Kruispunt,Gewestweg,binnen bebouwde kom,Tss. 2 best.: langs opzij (voor-/achterkant-flank),Geen hindernis
20206,140,Hasselt ring,Hasselt,50.9300038,5.3438616,0.6870426076119012,50.92468982108866,5.338860059551976,2020,6,13,71022,Hasselt,Normaal,Droog,Dag,met lichtgewonden,9,personenauto,3,Fiets,Op Kruispunt,Gewestweg,binnen bebouwde kom,Tss. 2 best.: langs opzij (voor-/achterkant-flank),Geen hindernis
20206,138,Hasselt-Kempische brug,Hasselt,50.9405318,5.3422472,1.777468211906615,50.92468982108866,5.338860059551976,2020,6,13,71022,Hasselt,Normaal,Droog,Dag,met lichtgewonden,9,personenauto,3,Fiets,Op Kruispunt,Gewestweg,binnen bebouwde kom,Tss. 2 best.: langs opzij (voor-/achterkant-flank),Geen hindernis
20206,137,Hasselt-Kempische brug,Hasselt,50.9411605,5.3417576,1.8426779719304314,50.92468982108866,5.338860059551976,2020,6,13,71022,Hasselt,Normaal,Droog,Dag,met lichtgewonden,9,personenauto,3,Fiets,Op Kruispunt,Gewestweg,binnen bebouwde kom,Tss. 2 best.: langs opzij (voor-/achterkant-flank),Geen hindernis
20208,140,Hasselt ring,Hasselt,50.9300038,5.3438616,2.16506442660726,50.923690455064495,5.373083534835021,2020,6,17,71022,Hasselt,Normaal,Droog,Dag,met lichtgewonden,3,Fiets,5,Lichte vrachtauto,Op Kruispunt,Gewestweg,buiten bebouwde kom,Tss. 2 best.: langs opzij (voor-/achterkant-flank),Geen hindernis
20209,138,Hasselt-Kempische brug,Hasselt,50.9405318,5.3422472,0.2968178289010348,50.938022940785686,5.340800525248921,2020,6,8,71022,Hasselt,Normaal,Droog,Dag,met lichtgewonden,3,Fiets,9,personenauto,Op Kruispunt,Gewestweg,binnen bebouwde kom,Tussen 2 bestuurders: Flank tegen flank,Geen hindernis
20209,137,Hasselt-Kempische brug,Hasselt,50.9411605,5.3417576,0.355267285819521,50.938022940785686,5.340800525248921,2020,6,8,71022,Hasselt,Normaal,Droog,Dag,met lichtgewonden,3,Fiets,9,personenauto,Op Kruispunt,Gewestweg,binnen bebouwde kom,Tussen 2 bestuurders: Flank tegen flank,Geen hindernis
20209,140,Hasselt ring,Hasselt,50.9300038,5.3438616,0.9171268411276111,50.938022940785686,5.340800525248921,2020,6,8,71022,Hasselt,Normaal,Droog,Dag,met lichtgewonden,3,Fiets,9,personenauto,Op Kruispunt,Gewestweg,binnen bebouwde kom,Tussen 2 bestuurders: Flank tegen flank,Geen hindernis
20210,140,Hasselt ring,Hasselt,50.9300038,5.3438616,1.7440644536338024,50.9143463850411,5.342393306744586,2020,6,8,71022,Hasselt,Normaal,Droog,Dag,met lichtgewonden,9,personenauto,3,Fiets,Op Kruispunt,Gewestweg,binnen bebouwde kom,Tussen 2 bestuurders: Frontale botsing,Geen hindernis
20211,72,Herent teller 1,Herent,50.89135,4.64689,2.249044727061106,50.90356569575191,4.621330561362076,2020,6,17,24038,Herent,Normaal,Droog,Dag,met lichtgewonden,9,personenauto,3,Fiets,Op Kruispunt,Gemeenteweg,binnen bebouwde kom,Tss. 2 best.: langs opzij (voor-/achterkant-flank),Geen hindernis
20211,73,Herent teller 2,Herent,50.89128,4.64685,2.2515247740512985,50.90356569575191,4.621330561362076,2020,6,17,24038,Herent,Normaal,Droog,Dag,met lichtgewonden,9,personenauto,3,Fiets,Op Kruispunt,Gemeenteweg,binnen bebouwde kom,Tss. 2 best.: langs opzij (voor-/achterkant-flank),Geen hindernis
20216,14,Genk,Genk,50.97172,5.48927,1.0770408178111686,50.9661957396165,5.5019041959614325,2020,6,13,71016,Genk,Normaal,Droog,Dag,met lichtgewonden,3,Fiets,9,personenauto,Op Kruispunt,Gewestweg,binnen bebouwde kom,Tussen 2 bestuurders: Langs achteren,Geen hindernis
20221,14,Genk,Genk,50.97172,5.48927,2.2442884638371168,50.96176221068552,5.461393318866443,2020,6,17,71016,Genk,Normaal,Droog,Dag,met lichtgewonden,9,personenauto,3,Fiets,Op Kruispunt,Gewestweg,buiten bebouwde kom,Tss. 2 best.: langs opzij (voor-/achterkant-flank),Geen hindernis
20224,48,As,As,51.00509,5.60389,0.09798457313495114,51.00589187982509,5.603309351147492,2020,5,17,71002,As,Normaal,Droog,Dag,met lichtgewonden,9,personenauto,3,Fiets,Op Kruispunt,Gewestweg,buiten bebouwde kom,Tss. 2 best.: langs opzij (voor-/achterkant-flank),Geen hindernis
20226,14,Genk,Genk,50.97172,5.48927,0.9539588637920804,50.96411748678443,5.482957402154972,2020,6,8,71016,Genk,Normaal,Droog,Dag,met lichtgewonden,9,personenauto,3,Fiets,Op Kruispunt,Gewestweg,binnen bebouwde kom,Tss. 2 best.: langs opzij (voor-/achterkant-flank),Geen hindernis
20228,23,Tienen 3,Tienen,50.81324,4.93447,1.6348749665941957,50.79867911065052,4.931245478208226,2020,6,10,24107,Tienen,Normaal,Droog,Dag,met lichtgewonden,9,personenauto,3,Fiets,Op Kruispunt,Gewestweg,binnen bebouwde kom,Tss. 2 best.: langs opzij (voor-/achterkant-flank),Geen hindernis
20228,24,Tienen 1,Tienen,50.8133795491886,4.935044252605416,1.656266638963301,50.79867911065052,4.931245478208226,2020,6,10,24107,Tienen,Normaal,Droog,Dag,met lichtgewonden,9,personenauto,3,Fiets,Op Kruispunt,Gewestweg,binnen bebouwde kom,Tss. 2 best.: langs opzij (voor-/achterkant-flank),Geen hindernis
20228,22,Tienen 2,Tienen,50.81330800184882,4.935984252796022,1.6603917736296159,50.79867911065052,4.931245478208226,2020,6,10,24107,Tienen,Normaal,Droog,Dag,met lichtgewonden,9,personenauto,3,Fiets,Op Kruispunt,Gewestweg,binnen bebouwde kom,Tss. 2 best.: langs opzij (voor-/achterkant-flank),Geen hindernis
20229,22,Tienen 2,Tienen,50.81330800184882,4.935984252796022,2.0486374562848497,50.80310954826262,4.960265413282036,2020,6,12,24107,Tienen,Normaal,Droog,Dag,met lichtgewonden,9,personenauto,3,Fiets,Op Kruispunt,Gemeenteweg,binnen bebouwde kom,Tss. 2 best.: langs opzij (voor-/achterkant-flank),Geen hindernis
20229,24,Tienen 1,Tienen,50.8133795491886,4.935044252605416,2.1082604847087945,50.80310954826262,4.960265413282036,2020,6,12,24107,Tienen,Normaal,Droog,Dag,met lichtgewonden,9,personenauto,3,Fiets,Op Kruispunt,Gemeenteweg,binnen bebouwde kom,Tss. 2 best.: langs opzij (voor-/achterkant-flank),Geen hindernis
20229,23,Tienen 3,Tienen,50.81324,4.93447,2.1340614288645807,50.80310954826262,4.960265413282036,2020,6,12,24107,Tienen,Normaal,Droog,Dag,met lichtgewonden,9,personenauto,3,Fiets,Op Kruispunt,Gemeenteweg,binnen bebouwde kom,Tss. 2 best.: langs opzij (voor-/achterkant-flank),Geen hindernis
20231,131,Nevele,Deinze,51.0276612,3.558569,1.3664189278707852,51.038201027142804,3.548522193387458,2020,6,7,44083,Deinze,Normaal,Droog,Dageraad - schemering,met lichtgewonden,9,personenauto,3,Fiets,Op Kruispunt,Gewestweg,buiten bebouwde kom,Tss. 2 best.: langs opzij (voor-/achterkant-flank),Geen hindernis
20236,124,Beveren teller 2,Beveren,51.1964712,4.2361077,1.4258950313341716,51.208269307128745,4.244126449639498,2020,7,8,46003,Beveren,Onbekend,Droog,Dag,met lichtgewonden,3,Fiets,10,"één bestuurder, geen hindernis",Buiten Kruispunt,Gemeenteweg,binnen bebouwde kom,"Eén bestuurder, geen hindernis (incl. val)",Geen hindernis
20262,2,Brasschaat 2,Brasschaat,51.27512,4.47169,1.1848980104968798,51.266000811009334,4.46287849198778,2020,7,8,11002,Antwerpen,Normaal,Droog,Dag,met lichtgewonden,9,personenauto,3,Fiets,Buiten Kruispunt,Gewestweg,buiten bebouwde kom,Tss. 2 best.: langs opzij (voor-/achterkant-flank),Geen hindernis
20262,3,Brasschaat 1,Brasschaat,51.27503,4.47222,1.1959735120177888,51.266000811009334,4.46287849198778,2020,7,8,11002,Antwerpen,Normaal,Droog,Dag,met lichtgewonden,9,personenauto,3,Fiets,Buiten Kruispunt,Gewestweg,buiten bebouwde kom,Tss. 2 best.: langs opzij (voor-/achterkant-flank),Geen hindernis
20274,2,Brasschaat 2,Brasschaat,51.27512,4.47169,1.4442738370959096,51.28042585060785,4.452737701593221,2020,7,17,11002,Antwerpen,Normaal,Droog,Dag,met lichtgewonden,3,Fiets,11,een weggebruiker tegen een hindernis,Op Kruispunt,Gewestweg,binnen bebouwde kom,Weggebruiker tegen hindernis buiten rijbaan,Buiten de rijbaan: Omheining
20274,3,Brasschaat 1,Brasschaat,51.27503,4.47222,1.4820242407073505,51.28042585060785,4.452737701593221,2020,7,17,11002,Antwerpen,Normaal,Droog,Dag,met lichtgewonden,3,Fiets,11,een weggebruiker tegen een hindernis,Op Kruispunt,Gewestweg,binnen bebouwde kom,Weggebruiker tegen hindernis buiten rijbaan,Buiten de rijbaan: Omheining
20328,2,Brasschaat 2,Brasschaat,51.27512,4.47169,2.3459220822434586,51.295767645997266,4.464762189768523,2020,7,15,11008,Brasschaat,Normaal,Droog,Dag,met lichtgewonden,3,Fiets,9,personenauto,Op Kruispunt,Gemeenteweg,buiten bebouwde kom,Tss. 2 best.: langs opzij (voor-/achterkant-flank),Geen hindernis
20328,3,Brasschaat 1,Brasschaat,51.27503,4.47222,2.3635313132216544,51.295767645997266,4.464762189768523,2020,7,15,11008,Brasschaat,Normaal,Droog,Dag,met lichtgewonden,3,Fiets,9,personenauto,Op Kruispunt,Gemeenteweg,buiten bebouwde kom,Tss. 2 best.: langs opzij (voor-/achterkant-flank),Geen hindernis
20331,3,Brasschaat 1,Brasschaat,51.27503,4.47222,1.3086866742092254,51.28459150018187,4.48319094648772,2020,7,16,11008,Brasschaat,Normaal,Droog,Dag,met lichtgewonden,3,Fiets,9,personenauto,Op Kruispunt,Gewestweg,binnen bebouwde kom,Tussen 2 bestuurders: Flank tegen flank,Geen hindernis
20331,2,Brasschaat 2,Brasschaat,51.27512,4.47169,1.322534955419573,51.28459150018187,4.48319094648772,2020,7,16,11008,Brasschaat,Normaal,Droog,Dag,met lichtgewonden,3,Fiets,9,personenauto,Op Kruispunt,Gewestweg,binnen bebouwde kom,Tussen 2 bestuurders: Flank tegen flank,Geen hindernis
20339,8,Heist op den Berg 1,Heist-op-den-Berg,51.06759,4.68823,0.8154363513465884,51.06215010868215,4.680404347726234,2020,7,7,12029,Putte,Normaal,Droog,Dag,met lichtgewonden,3,Fiets,9,personenauto,Op Kruispunt,Gemeenteweg,buiten bebouwde kom,Tss. 2 best.: langs opzij (voor-/achterkant-flank),Geen hindernis
20339,9,Heist op den Berg 2,Heist-op-den-Berg,51.06904,4.69524,1.2890564306448824,51.06215010868215,4.680404347726234,2020,7,7,12029,Putte,Normaal,Droog,Dag,met lichtgewonden,3,Fiets,9,personenauto,Op Kruispunt,Gemeenteweg,buiten bebouwde kom,Tss. 2 best.: langs opzij (voor-/achterkant-flank),Geen hindernis
20355,88,Westerlo teller 1,Westerlo,51.082,4.91325,1.3400727185846382,51.09192583655156,4.9241314147392625,2020,8,16,13049,Westerlo,Normaal,Droog,Dag,met lichtgewonden,9,personenauto,3,Fiets,Buiten Kruispunt,Gewestweg,binnen bebouwde kom,Tss. 2 best.: langs opzij (voor-/achterkant-flank),Geen hindernis
20355,89,Westerlo teller 2,Westerlo,51.08191,4.91334,1.3447940896167812,51.09192583655156,4.9241314147392625,2020,8,16,13049,Westerlo,Normaal,Droog,Dag,met lichtgewonden,9,personenauto,3,Fiets,Buiten Kruispunt,Gewestweg,binnen bebouwde kom,Tss. 2 best.: langs opzij (voor-/achterkant-flank),Geen hindernis
20358,89,Westerlo teller 2,Westerlo,51.08191,4.91334,1.3572251525440675,51.07034151356988,4.919535533681656,2020,7,12,13013,Herselt,Normaal,Droog,Dag,met lichtgewonden,3,Fiets,8,Voetganger,Op Kruispunt,Gewestweg,buiten bebouwde kom,Met een voetganger,Geen hindernis
20358,88,Westerlo teller 1,Westerlo,51.082,4.91325,1.3687180000619075,51.07034151356988,4.919535533681656,2020,7,12,13013,Herselt,Normaal,Droog,Dag,met lichtgewonden,3,Fiets,8,Voetganger,Op Kruispunt,Gewestweg,buiten bebouwde kom,Met een voetganger,Geen hindernis
20369,94,Herentals teller 2,Herentals,51.17345,4.81283,1.811476369128636,51.16180877020673,4.831004833325571,2020,7,1,13011,Herentals,Normaal,Droog,"Nacht, openb. verlicht. aanw., maar niet ontstoken",met lichtgewonden,3,Fiets,11,een weggebruiker tegen een hindernis,Buiten Kruispunt,Gemeenteweg,binnen bebouwde kom,Weggebruiker tegen hindernis op de rijbaan,"Op de rijbaan: Werken (signal., aarde, toestel,…)"
20369,110,Herentals totem,Herentals,51.1739426,4.811783,1.901730802206521,51.16180877020673,4.831004833325571,2020,7,1,13011,Herentals,Normaal,Droog,"Nacht, openb. verlicht. aanw., maar niet ontstoken",met lichtgewonden,3,Fiets,11,een weggebruiker tegen een hindernis,Buiten Kruispunt,Gemeenteweg,binnen bebouwde kom,Weggebruiker tegen hindernis op de rijbaan,"Op de rijbaan: Werken (signal., aarde, toestel,…)"
20370,37,Lommel teller 1,Lommel,51.23299,5.29211,1.6889595532345612,51.22772015472391,5.3148597684052,2020,7,11,72020,Lommel,Normaal,Droog,Dag,met lichtgewonden,9,personenauto,3,Fiets,Op Kruispunt,Gewestweg,binnen bebouwde kom,Tussen 2 bestuurders: Flank tegen flank,Geen hindernis
20370,38,Lommel teller 2,Lommel,51.23277,5.29189,1.6950783075100662,51.22772015472391,5.3148597684052,2020,7,11,72020,Lommel,Normaal,Droog,Dag,met lichtgewonden,9,personenauto,3,Fiets,Op Kruispunt,Gewestweg,binnen bebouwde kom,Tussen 2 bestuurders: Flank tegen flank,Geen hindernis
20372,38,Lommel teller 2,Lommel,51.23277,5.29189,2.052928774470592,51.221399910718134,5.315117489727834,2020,7,17,72020,Lommel,Normaal,Droog,Dag,met lichtgewonden,9,personenauto,3,Fiets,Buiten Kruispunt,Gemeenteweg,buiten bebouwde kom,Tss. 2 best.: langs opzij (voor-/achterkant-flank),Geen hindernis
20372,37,Lommel teller 1,Lommel,51.23299,5.29211,2.0561219895281093,51.221399910718134,5.315117489727834,2020,7,17,72020,Lommel,Normaal,Droog,Dag,met lichtgewonden,9,personenauto,3,Fiets,Buiten Kruispunt,Gemeenteweg,buiten bebouwde kom,Tss. 2 best.: langs opzij (voor-/achterkant-flank),Geen hindernis
20385,28,Heers,Heers,50.75488,5.30314,0.3510569607975182,50.75178722502491,5.30213755370065,2020,7,18,73022,Heers,Normaal,Droog,Dag,met lichtgewonden,3,Fiets,9,personenauto,Buiten Kruispunt,Gemeenteweg,binnen bebouwde kom,Tussen 2 bestuurders: Flank tegen flank,Geen hindernis
20385,34,Heers teller 1,Heers,50.75486,5.3033,0.351326856809664,50.75178722502491,5.30213755370065,2020,7,18,73022,Heers,Normaal,Droog,Dag,met lichtgewonden,3,Fiets,9,personenauto,Buiten Kruispunt,Gemeenteweg,binnen bebouwde kom,Tussen 2 bestuurders: Flank tegen flank,Geen hindernis
20387,137,Hasselt-Kempische brug,Hasselt,50.9411605,5.3417576,2.0903606456078827,50.94985185794251,5.368214298410428,2020,7,9,71022,Hasselt,Normaal,Droog,Dag,met lichtgewonden,3,Fiets,9,personenauto,Op Kruispunt,Gemeenteweg,buiten bebouwde kom,Tussen 2 bestuurders: Flank tegen flank,Geen hindernis
20387,138,Hasselt-Kempische brug,Hasselt,50.9405318,5.3422472,2.093724625415353,50.94985185794251,5.368214298410428,2020,7,9,71022,Hasselt,Normaal,Droog,Dag,met lichtgewonden,3,Fiets,9,personenauto,Op Kruispunt,Gemeenteweg,buiten bebouwde kom,Tussen 2 bestuurders: Flank tegen flank,Geen hindernis
20392,21,Bilzen,Bilzen,50.86015,5.50161,1.603362010015164,50.871777123381385,5.515122292260036,2020,7,15,73006,Bilzen,Normaal,Droog,Dag,met lichtgewonden,9,personenauto,3,Fiets,Buiten Kruispunt,Gewestweg,binnen bebouwde kom,Tss. 2 best.: langs opzij (voor-/achterkant-flank),Geen hindernis
20396,151,Leuven,District Leuven,50.8690262,4.6854839,0.5301273893970647,50.86963523737816,4.692976461417668,2020,7,13,24062,Leuven,Normaal,Droog,Dag,met lichtgewonden,3,Fiets,10,"één bestuurder, geen hindernis",Buiten Kruispunt,Gewestweg,binnen bebouwde kom,"Eén bestuurder, geen hindernis (incl. val)",Geen hindernis
20396,69,Leuven teller 1,Leuven,50.87549,4.71526,1.6937334230900822,50.86963523737816,4.692976461417668,2020,7,13,24062,Leuven,Normaal,Droog,Dag,met lichtgewonden,3,Fiets,10,"één bestuurder, geen hindernis",Buiten Kruispunt,Gewestweg,binnen bebouwde kom,"Eén bestuurder, geen hindernis (incl. val)",Geen hindernis
20396,77,Leuven teller 2,Leuven,50.88672,4.70796,2.171209269909839,50.86963523737816,4.692976461417668,2020,7,13,24062,Leuven,Normaal,Droog,Dag,met lichtgewonden,3,Fiets,10,"één bestuurder, geen hindernis",Buiten Kruispunt,Gewestweg,binnen bebouwde kom,"Eén bestuurder, geen hindernis (incl. val)",Geen hindernis