crash_row_id,site_id,site_name,site_gemeente,site_lat,site_long,distance_km,crash_lat,crash_long,DT_YEAR_COLLISION,DT_MONTH_COLLISION,DT_TIME,CD_NIS,TX_MUNTY_COLLISION_NL,TX_WEATHER_NL,TX_ROAD_CONDITION_NL,TX_LIGHT_CONDITION_NL,TX_CLASS_ACCIDENTS_NL,CD_ROAD_USR_TYPE1,TX_ROAD_USR_TYPE1_NL,CD_ROAD_USR_TYPE2,TX_ROAD_USR_TYPE2_NL,TX_CROSSWAY_NL,CD_ROAD_TYPE_NL,TX_BUILD_UP_AREA_NL,TX_COLLISION_TYPE_NL,TX_OBSTACLES_NL
20396,107,leuven totem,Leuven,50.8870744,4.7087919,2.2341765381226266,50.86963523737816,4.692976461417668,2020,7,13,24062,Leuven,Normaal,Droog,Dag,met lichtgewonden,3,Fiets,10,"één bestuurder, geen hindernis",Buiten Kruispunt,Gewestweg,binnen bebouwde kom,"Eén bestuurder, geen hindernis (incl. val)",Geen hindernis
20397,107,leuven totem,Leuven,50.8870744,4.7087919,1.7230524618590692,50.90256250249607,4.709565310940971,2020,7,13,24062,Leuven,Normaal,"Vuil (zand, grint, bladeren,...)",Dag,met lichtgewonden,3,Fiets,3,Fiets,Op Kruispunt,Gewestweg,buiten bebouwde kom,Tussen 2 bestuurders: Frontale botsing,Geen hindernis
20397,77,Leuven teller 2,Leuven,50.88672,4.70796,1.765200241370152,50.90256250249607,4.709565310940971,2020,7,13,24062,Leuven,Normaal,"Vuil (zand, grint, bladeren,...)",Dag,met lichtgewonden,3,Fiets,3,Fiets,Op Kruispunt,Gewestweg,buiten bebouwde kom,Tussen 2 bestuurders: Frontale botsing,Geen hindernis
20399,151,Leuven,District Leuven,50.8690262,4.6854839,1.1400781423461983,50.874244319172995,4.671498235706438,2020,7,8,24062,Leuven,Regenval,"Nat, plassen",Dag,met lichtgewonden,3,Fiets,10,"één bestuurder, geen hindernis",Op Kruispunt,Gewestweg,binnen bebouwde kom,"Eén bestuurder, geen hindernis (incl. val)",Geen hindernis
20400,107,leuven totem,Leuven,50.8870744,4.7087919,0.7057917411398302,50.887719685101985,4.718801390272628,2020,7,12,24062,Leuven,Normaal,Droog,Dag,met lichtgewonden,3,Fiets,3,Fiets,Op Kruispunt,Gemeenteweg,binnen bebouwde kom,Tussen 2 bestuurders: Frontale botsing,Geen hindernis
20400,77,Leuven teller 2,Leuven,50.88672,4.70796,0.7685742190282476,50.887719685101985,4.718801390272628,2020,7,12,24062,Leuven,Normaal,Droog,Dag,met lichtgewonden,3,Fiets,3,Fiets,Op Kruispunt,Gemeenteweg,binnen bebouwde kom,Tussen 2 bestuurders: Frontale botsing,Geen hindernis
20400,69,Leuven teller 1,Leuven,50.87549,4.71526,1.382388296253121,50.887719685101985,4.718801390272628,2020,7,12,24062,Leuven,Normaal,Droog,Dag,met lichtgewonden,3,Fiets,3,Fiets,Op Kruispunt,Gemeenteweg,binnen bebouwde kom,Tussen 2 bestuurders: Frontale botsing,Geen hindernis
20401,69,Leuven teller 1,Leuven,50.87549,4.71526,1.0083720240648508,50.86771945779546,4.722668315115514,2020,7,8,24062,Leuven,Normaal,Droog,Dag,met lichtgewonden,3,Fiets,3,Fiets,Op Kruispunt,Gemeenteweg,binnen bebouwde kom,Tss. 2 best.: langs opzij (voor-/achterkant-flank),Geen hindernis
20401,77,Leuven teller 2,Leuven,50.88672,4.70796,2.351325218901409,50.86771945779546,4.722668315115514,2020,7,8,24062,Leuven,Normaal,Droog,Dag,met lichtgewonden,3,Fiets,3,Fiets,Op Kruispunt,Gemeenteweg,binnen bebouwde kom,Tss. 2 best.: langs opzij (voor-/achterkant-flank),Geen hindernis
20401,107,leuven totem,Leuven,50.8870744,4.7087919,2.362145725151573,50.86771945779546,4.722668315115514,2020,7,8,24062,Leuven,Normaal,Droog,Dag,met lichtgewonden,3,Fiets,3,Fiets,Op Kruispunt,Gemeenteweg,binnen bebouwde kom,Tss. 2 best.: langs opzij (voor-/achterkant-flank),Geen hindernis
20402,107,leuven totem,Leuven,50.8870744,4.7087919,2.1386723908516663,50.898403634515006,4.733432680854682,2020,7,17,24062,Leuven,Normaal,Droog,Dag,met lichtgewonden,3,Fiets,3,Fiets,Buiten Kruispunt,Gemeenteweg,binnen bebouwde kom,Tussen 2 bestuurders: Langs achteren,Geen hindernis
20402,77,Leuven teller 2,Leuven,50.88672,4.70796,2.2090436067625845,50.898403634515006,4.733432680854682,2020,7,17,24062,Leuven,Normaal,Droog,Dag,met lichtgewonden,3,Fiets,3,Fiets,Buiten Kruispunt,Gemeenteweg,binnen bebouwde kom,Tussen 2 bestuurders: Langs achteren,Geen hindernis
20403,151,Leuven,District Leuven,50.8690262,4.6854839,1.146620089339852,50.86107221814411,4.695881726380028,2020,7,14,24062,Leuven,Normaal,Droog,Dag,met lichtgewonden,9,personenauto,3,Fiets,Buiten Kruispunt,Gewestweg,binnen bebouwde kom,Tss. 2 best.: langs opzij (voor-/achterkant-flank),Geen hindernis
20403,108,Heverlee teller 1,Leuven,50.8471728,4.6954674,1.5458184164855817,50.86107221814411,4.695881726380028,2020,7,14,24062,Leuven,Normaal,Droog,Dag,met lichtgewonden,9,personenauto,3,Fiets,Buiten Kruispunt,Gewestweg,binnen bebouwde kom,Tss. 2 best.: langs opzij (voor-/achterkant-flank),Geen hindernis
20403,76,Heverlee teller 2,Leuven,50.84606,4.69597,1.669293996641943,50.86107221814411,4.695881726380028,2020,7,14,24062,Leuven,Normaal,Droog,Dag,met lichtgewonden,9,personenauto,3,Fiets,Buiten Kruispunt,Gewestweg,binnen bebouwde kom,Tss. 2 best.: langs opzij (voor-/achterkant-flank),Geen hindernis
20403,69,Leuven teller 1,Leuven,50.87549,4.71526,2.1022569623366425,50.86107221814411,4.695881726380028,2020,7,14,24062,Leuven,Normaal,Droog,Dag,met lichtgewonden,9,personenauto,3,Fiets,Buiten Kruispunt,Gewestweg,binnen bebouwde kom,Tss. 2 best.: langs opzij (voor-/achterkant-flank),Geen hindernis
20404,77,Leuven teller 2,Leuven,50.88672,4.70796,1.0928878346515398,50.894541175454535,4.69852389373005,2020,7,16,24062,Leuven,Normaal,Droog,Dag,met lichtgewonden,9,personenauto,3,Fiets,Buiten Kruispunt,Gemeenteweg,binnen bebouwde kom,Tussen 2 bestuurders: Flank tegen flank,Geen hindernis
20404,107,leuven totem,Leuven,50.8870744,4.7087919,1.0991159290761479,50.894541175454535,4.69852389373005,2020,7,16,24062,Leuven,Normaal,Droog,Dag,met lichtgewonden,9,personenauto,3,Fiets,Buiten Kruispunt,Gemeenteweg,binnen bebouwde kom,Tussen 2 bestuurders: Flank tegen flank,Geen hindernis
20404,69,Leuven teller 1,Leuven,50.87549,4.71526,2.42197821018939,50.894541175454535,4.69852389373005,2020,7,16,24062,Leuven,Normaal,Droog,Dag,met lichtgewonden,9,personenauto,3,Fiets,Buiten Kruispunt,Gemeenteweg,binnen bebouwde kom,Tussen 2 bestuurders: Flank tegen flank,Geen hindernis
20405,77,Leuven teller 2,Leuven,50.88672,4.70796,1.0163755085563575,50.88608150849224,4.693506464853204,2020,7,10,24062,Leuven,Normaal,Droog+Proper,Dag,met lichtgewonden,3,Fiets,5,Lichte vrachtauto,Buiten Kruispunt,Gemeenteweg,binnen bebouwde kom,Tss. 2 best.: langs opzij (voor-/achterkant-flank),Geen hindernis
20405,107,leuven totem,Leuven,50.8870744,4.7087919,1.0779141474830893,50.88608150849224,4.693506464853204,2020,7,10,24062,Leuven,Normaal,Droog+Proper,Dag,met lichtgewonden,3,Fiets,5,Lichte vrachtauto,Buiten Kruispunt,Gemeenteweg,binnen bebouwde kom,Tss. 2 best.: langs opzij (voor-/achterkant-flank),Geen hindernis
20405,69,Leuven teller 1,Leuven,50.87549,4.71526,1.927743291420229,50.88608150849224,4.693506464853204,2020,7,10,24062,Leuven,Normaal,Droog+Proper,Dag,met lichtgewonden,3,Fiets,5,Lichte vrachtauto,Buiten Kruispunt,Gemeenteweg,binnen bebouwde kom,Tss. 2 best.: langs opzij (voor-/achterkant-flank),Geen hindernis
20405,151,Leuven,District Leuven,50.8690262,4.6854839,1.9782329435891821,50.88608150849224,4.693506464853204,2020,7,10,24062,Leuven,Normaal,Droog+Proper,Dag,met lichtgewonden,3,Fiets,5,Lichte vrachtauto,Buiten Kruispunt,Gemeenteweg,binnen bebouwde kom,Tss. 2 best.: langs opzij (voor-/achterkant-flank),Geen hindernis
20406,107,leuven totem,Leuven,50.8870744,4.7087919,2.406636615610587,50.90846585273728,4.7140127435668475,2020,7,6,24062,Leuven,Normaal,Droog,Dag,met lichtgewonden,3,Fiets,11,een weggebruiker tegen een hindernis,Buiten Kruispunt,Gewestweg,buiten bebouwde kom,Weggebruiker tegen hindernis op de rijbaan,"Op de rijbaan: Werken (signal., aarde, toestel,…)"
20406,77,Leuven teller 2,Leuven,50.88672,4.70796,2.455005550182402,50.90846585273728,4.7140127435668475,2020,7,6,24062,Leuven,Normaal,Droog,Dag,met lichtgewonden,3,Fiets,11,een weggebruiker tegen een hindernis,Buiten Kruispunt,Gewestweg,buiten bebouwde kom,Weggebruiker tegen hindernis op de rijbaan,"Op de rijbaan: Werken (signal., aarde, toestel,…)"
20407,151,Leuven,District Leuven,50.8690262,4.6854839,1.4756212665309651,50.879421512494616,4.6724115347667645,2020,7,16,24062,Leuven,Normaal,Droog,Dag,met lichtgewonden,3,Fiets,10,"één bestuurder, geen hindernis",Buiten Kruispunt,Gemeenteweg,binnen bebouwde kom,"Eén bestuurder, geen hindernis (incl. val)",Geen hindernis
20407,73,Herent teller 2,Herent,50.89128,4.64685,2.2257748112173563,50.879421512494616,4.6724115347667645,2020,7,16,24062,Leuven,Normaal,Droog,Dag,met lichtgewonden,3,Fiets,10,"één bestuurder, geen hindernis",Buiten Kruispunt,Gemeenteweg,binnen bebouwde kom,"Eén bestuurder, geen hindernis (incl. val)",Geen hindernis
20407,72,Herent teller 1,Herent,50.89135,4.64689,2.2281384883837463,50.879421512494616,4.6724115347667645,2020,7,16,24062,Leuven,Normaal,Droog,Dag,met lichtgewonden,3,Fiets,10,"één bestuurder, geen hindernis",Buiten Kruispunt,Gemeenteweg,binnen bebouwde kom,"Eén bestuurder, geen hindernis (incl. val)",Geen hindernis
20408,77,Leuven teller 2,Leuven,50.88672,4.70796,0.9077776041226127,50.87951938489793,4.701862400497542,2020,7,11,24062,Leuven,Normaal,Droog,Dag,met lichtgewonden,3,Fiets,10,"één bestuurder, geen hindernis",Op Kruispunt,Gemeenteweg,binnen bebouwde kom,"Eén bestuurder, geen hindernis (incl. val)",Geen hindernis
20408,107,leuven totem,Leuven,50.8870744,4.7087919,0.9705934776637201,50.87951938489793,4.701862400497542,2020,7,11,24062,Leuven,Normaal,Droog,Dag,met lichtgewonden,3,Fiets,10,"één bestuurder, geen hindernis",Op Kruispunt,Gemeenteweg,binnen bebouwde kom,"Eén bestuurder, geen hindernis (incl. val)",Geen hindernis
20408,69,Leuven teller 1,Leuven,50.87549,4.71526,1.0413195002902391,50.87951938489793,4.701862400497542,2020,7,11,24062,Leuven,Normaal,Droog,Dag,met lichtgewonden,3,Fiets,10,"één bestuurder, geen hindernis",Op Kruispunt,Gemeenteweg,binnen bebouwde kom,"Eén bestuurder, geen hindernis (incl. val)",Geen hindernis
20408,151,Leuven,District Leuven,50.8690262,4.6854839,1.637716358982012,50.87951938489793,4.701862400497542,2020,7,11,24062,Leuven,Normaal,Droog,Dag,met lichtgewonden,3,Fiets,10,"één bestuurder, geen hindernis",Op Kruispunt,Gemeenteweg,binnen bebouwde kom,"Eén bestuurder, geen hindernis (incl. val)",Geen hindernis
20409,151,Leuven,District Leuven,50.8690262,4.6854839,0.8898529691308384,50.86814650434026,4.698087492795958,2020,7,14,24062,Leuven,Normaal,Droog,Dag,met lichtgewonden,3,Fiets,9,personenauto,Buiten Kruispunt,Gewestweg,binnen bebouwde kom,Tss. 2 best.: langs opzij (voor-/achterkant-flank),Geen hindernis
20409,69,Leuven teller 1,Leuven,50.87549,4.71526,1.455609097638227,50.86814650434026,4.698087492795958,2020,7,14,24062,Leuven,Normaal,Droog,Dag,met lichtgewonden,3,Fiets,9,personenauto,Buiten Kruispunt,Gewestweg,binnen bebouwde kom,Tss. 2 best.: langs opzij (voor-/achterkant-flank),Geen hindernis
20409,77,Leuven teller 2,Leuven,50.88672,4.70796,2.178341738018895,50.86814650434026,4.698087492795958,2020,7,14,24062,Leuven,Normaal,Droog,Dag,met lichtgewonden,3,Fiets,9,personenauto,Buiten Kruispunt,Gewestweg,binnen bebouwde kom,Tss. 2 best.: langs opzij (voor-/achterkant-flank),Geen hindernis
20409,107,leuven totem,Leuven,50.8870744,4.7087919,2.2346728250060526,50.86814650434026,4.698087492795958,2020,7,14,24062,Leuven,Normaal,Droog,Dag,met lichtgewonden,3,Fiets,9,personenauto,Buiten Kruispunt,Gewestweg,binnen bebouwde kom,Tss. 2 best.: langs opzij (voor-/achterkant-flank),Geen hindernis
20409,108,Heverlee teller 1,Leuven,50.8471728,4.6954674,2.3394095582717895,50.86814650434026,4.698087492795958,2020,7,14,24062,Leuven,Normaal,Droog,Dag,met lichtgewonden,3,Fiets,9,personenauto,Buiten Kruispunt,Gewestweg,binnen bebouwde kom,Tss. 2 best.: langs opzij (voor-/achterkant-flank),Geen hindernis
20409,76,Heverlee teller 2,Leuven,50.84606,4.69597,2.4604007496241267,50.86814650434026,4.698087492795958,2020,7,14,24062,Leuven,Normaal,Droog,Dag,met lichtgewonden,3,Fiets,9,personenauto,Buiten Kruispunt,Gewestweg,binnen bebouwde kom,Tss. 2 best.: langs opzij (voor-/achterkant-flank),Geen hindernis
20410,69,Leuven teller 1,Leuven,50.87549,4.71526,0.886106954873338,50.87104529189498,4.725741597098824,2020,7,17,24062,Leuven,Normaal,Droog,Dag,met lichtgewonden,3,Fiets,99,onbekend,Op Kruispunt,Gewestweg,binnen bebouwde kom,Tss. 2 best.: langs opzij (voor-/achterkant-flank),Geen hindernis
20410,107,leuven totem,Leuven,50.8870744,4.7087919,2.1426490313303215,50.87104529189498,4.725741597098824,2020,7,17,24062,Leuven,Normaal,Droog,Dag,met lichtgewonden,3,Fiets,99,onbekend,Op Kruispunt,Gewestweg,binnen bebouwde kom,Tss. 2 best.: langs opzij (voor-/achterkant-flank),Geen hindernis
20410,77,Leuven teller 2,Leuven,50.88672,4.70796,2.143421269381272,50.87104529189498,4.725741597098824,2020,7,17,24062,Leuven,Normaal,Droog,Dag,met lichtgewonden,3,Fiets,99,onbekend,Op Kruispunt,Gewestweg,binnen bebouwde kom,Tss. 2 best.: langs opzij (voor-/achterkant-flank),Geen hindernis
20421,101,Diest teller 1,Diest,50.97799,5.04481,0.7320278820897361,50.98214024402368,5.052926852132287,2020,7,11,24020,Diest,Normaal,Droog,Dag,met lichtgewonden,9,personenauto,3,Fiets,Buiten Kruispunt,Gemeenteweg,binnen bebouwde kom,Tss. 2 best.: langs opzij (voor-/achterkant-flank),Geen hindernis
20421,102,Diest teller 2,Diest,50.9779,5.04474,0.7421560672552353,50.98214024402368,5.052926852132287,2020,7,11,24020,Diest,Normaal,Droog,Dag,met lichtgewonden,9,personenauto,3,Fiets,Buiten Kruispunt,Gemeenteweg,binnen bebouwde kom,Tss. 2 best.: langs opzij (voor-/achterkant-flank),Geen hindernis
20424,111,Zaventem totem,Zaventem,50.8871216,4.4597084,1.1174535156971195,50.881116552306345,4.472480864583675,2020,7,14,23094,Zaventem,Normaal,Droog,Dag,met lichtgewonden,3,Fiets,3,Fiets,Op Kruispunt,Gemeenteweg,binnen bebouwde kom,Tss. 2 best.: langs opzij (voor-/achterkant-flank),Geen hindernis
20424,26,Zaventem,Zaventem,50.86995,4.45444,1.7731508331953736,50.881116552306345,4.472480864583675,2020,7,14,23094,Zaventem,Normaal,Droog,Dag,met lichtgewonden,3,Fiets,3,Fiets,Op Kruispunt,Gemeenteweg,binnen bebouwde kom,Tss. 2 best.: langs opzij (voor-/achterkant-flank),Geen hindernis
20425,147,Overijse,District Vilvoorde-gewestwegen,50.7797555,4.4975769,1.790679135786069,50.76783001075696,4.48046352900635,2020,7,17,23033,Hoeilaart,Normaal,Droog,Dag,met lichtgewonden,3,Fiets,9,personenauto,Buiten Kruispunt,Gemeenteweg,binnen bebouwde kom,Tss. 2 best.: langs opzij (voor-/achterkant-flank),Geen hindernis
20425,146,Overijse 2,District Vilvoorde-gewestwegen,50.7881478,4.4902818,2.3623525335192483,50.76783001075696,4.48046352900635,2020,7,17,23033,Hoeilaart,Normaal,Droog,Dag,met lichtgewonden,3,Fiets,9,personenauto,Buiten Kruispunt,Gemeenteweg,binnen bebouwde kom,Tss. 2 best.: langs opzij (voor-/achterkant-flank),Geen hindernis
20425,145,Overijse,District Vilvoorde-gewestwegen,50.7885856,4.4908759,2.4212511678196798,50.76783001075696,4.48046352900635,2020,7,17,23033,Hoeilaart,Normaal,Droog,Dag,met lichtgewonden,3,Fiets,9,personenauto,Buiten Kruispunt,Gemeenteweg,binnen bebouwde kom,Tss. 2 best.: langs opzij (voor-/achterkant-flank),Geen hindernis
20431,152,Opwijk,District Vilvoorde-gewestwegen,50.968901168564656,4.149169474840164,1.6190477604201696,50.976717698111266,4.1686782771112885,2020,7,10,23060,Opwijk,Normaal,"Nat, plassen",Dag,met lichtgewonden,9,personenauto,3,Fiets,Buiten Kruispunt,Gemeenteweg,buiten bebouwde kom,Tss. 2 best.: langs opzij (voor-/achterkant-flank),Geen hindernis
20434,47,Vilvoorde,Vilvoorde,50.91372,4.41497,1.7978219053223854,50.928280079339956,4.426121115936969,2020,7,13,23088,Vilvoorde,Normaal,Droog,Dag,met lichtgewonden,9,personenauto,3,Fiets,Op Kruispunt,Gewestweg,binnen bebouwde kom,Tussen 2 bestuurders: Flank tegen flank,Geen hindernis
20434,1,Machelen,Machelen,50.91618331151478,4.456121776137429,2.496276547849078,50.928280079339956,4.426121115936969,2020,7,13,23088,Vilvoorde,Normaal,Droog,Dag,met lichtgewonden,9,personenauto,3,Fiets,Op Kruispunt,Gewestweg,binnen bebouwde kom,Tussen 2 bestuurders: Flank tegen flank,Geen hindernis
20436,1,Machelen,Machelen,50.91618331151478,4.456121776137429,1.5337689569198754,50.929770705463774,4.4523530551546155,2020,7,12,23088,Vilvoorde,Normaal,Droog,Dag,met lichtgewonden,9,personenauto,3,Fiets,Op Kruispunt,Gemeenteweg,binnen bebouwde kom,Tss. 2 best.: langs opzij (voor-/achterkant-flank),Geen hindernis
20437,111,Zaventem totem,Zaventem,50.8871216,4.4597084,0.9726561099621857,50.88196574013096,4.448507800212943,2020,7,19,23047,Machelen,Normaal,Droog,Dag,met lichtgewonden,3,Fiets,3,Fiets,Op Kruispunt,Gemeenteweg,buiten bebouwde kom,Tussen 2 bestuurders: Frontale botsing,Geen hindernis
20437,149,Machelen,,50.88297881,4.43356644,1.0542370091727964,50.88196574013096,4.448507800212943,2020,7,19,23047,Machelen,Normaal,Droog,Dag,met lichtgewonden,3,Fiets,3,Fiets,Op Kruispunt,Gemeenteweg,buiten bebouwde kom,Tussen 2 bestuurders: Frontale botsing,Geen hindernis
20437,26,Zaventem,Zaventem,50.86995,4.45444,1.3994214123335713,50.88196574013096,4.448507800212943,2020,7,19,23047,Machelen,Normaal,Droog,Dag,met lichtgewonden,3,Fiets,3,Fiets,Op Kruispunt,Gemeenteweg,buiten bebouwde kom,Tussen 2 bestuurders: Frontale botsing,Geen hindernis
20439,47,Vilvoorde,Vilvoorde,50.91372,4.41497,1.84015500666696,50.92766754012062,4.429099043317492,2020,7,16,23088,Vilvoorde,Normaal,Droog,Dag,met lichtgewonden,3,Fiets,9,personenauto,Op Kruispunt,Gemeenteweg,binnen bebouwde kom,Tss. 2 best.: langs opzij (voor-/achterkant-flank),Geen hindernis
20439,1,Machelen,Machelen,50.91618331151478,4.456121776137429,2.2844094546811884,50.92766754012062,4.429099043317492,2020,7,16,23088,Vilvoorde,Normaal,Droog,Dag,met lichtgewonden,3,Fiets,9,personenauto,Op Kruispunt,Gemeenteweg,binnen bebouwde kom,Tss. 2 best.: langs opzij (voor-/achterkant-flank),Geen hindernis
20440,47,Vilvoorde,Vilvoorde,50.91372,4.41497,1.0412693633088481,50.92037981051441,4.425412108027386,2020,7,16,23088,Vilvoorde,Normaal,Droog,Dag,met lichtgewonden,3,Fiets,9,personenauto,Op Kruispunt,Gemeenteweg,binnen bebouwde kom,Tss. 2 best.: langs opzij (voor-/achterkant-flank),Geen hindernis
20440,1,Machelen,Machelen,50.91618331151478,4.456121776137429,2.202752897347518,50.92037981051441,4.425412108027386,2020,7,16,23088,Vilvoorde,Normaal,Droog,Dag,met lichtgewonden,3,Fiets,9,personenauto,Op Kruispunt,Gemeenteweg,binnen bebouwde kom,Tss. 2 best.: langs opzij (voor-/achterkant-flank),Geen hindernis
20442,109,Zemst,Zemst,50.9903936,4.4707023,1.8476673365815846,50.99971196498105,4.492561222743014,2020,7,18,23096,Zemst,Normaal,Droog,Dag,met lichtgewonden,3,Fiets,11,een weggebruiker tegen een hindernis,Buiten Kruispunt,Gemeenteweg,binnen bebouwde kom,Weggebruiker tegen hindernis buiten rijbaan,Andere hindernis
20444,118,Gent teller 1,Gent,51.028049,3.7681359,0.8668897217321923,51.03283213162424,3.758346862244396,2020,8,14,44021,Gent,Normaal,Proper,Dag,met lichtgewonden,9,personenauto,3,Fiets,Op Kruispunt,Gewestweg,binnen bebouwde kom,Tss. 2 best.: langs opzij (voor-/achterkant-flank),Geen hindernis
20444,119,Gent teller 2,Gent,51.0281795,3.7683918,0.8724062305599168,51.03283213162424,3.758346862244396,2020,8,14,44021,Gent,Normaal,Proper,Dag,met lichtgewonden,9,personenauto,3,Fiets,Op Kruispunt,Gewestweg,binnen bebouwde kom,Tss. 2 best.: langs opzij (voor-/achterkant-flank),Geen hindernis
20445,13,Gent,Gent,51.03018,3.70146,1.8736419112729812,51.02531973468721,3.727112358375339,2020,7,8,44021,Gent,Normaal,Droog,Dag,met lichtgewonden,9,personenauto,3,Fiets,Buiten Kruispunt,Gemeenteweg,binnen bebouwde kom,Tussen 2 bestuurders: Frontale botsing,Geen hindernis
20448,119,Gent teller 2,Gent,51.0281795,3.7683918,1.6166472172760546,51.042683020157895,3.766780804162994,2020,7,14,44021,Gent,Normaal,Droog,Dag,met lichtgewonden,8,Voetganger,3,Fiets,Op Kruispunt,Gemeenteweg,binnen bebouwde kom,Met een voetganger,Geen hindernis
20448,118,Gent teller 1,Gent,51.028049,3.7681359,1.6299852140379882,51.042683020157895,3.766780804162994,2020,7,14,44021,Gent,Normaal,Droog,Dag,met lichtgewonden,8,Voetganger,3,Fiets,Op Kruispunt,Gemeenteweg,binnen bebouwde kom,Met een voetganger,Geen hindernis
20450,136,Gent R4,Gent,51.0876313,3.7587918,2.4414320438075294,51.07446077190212,3.730827873554367,2020,7,11,44021,Gent,Normaal,Droog,Dag,met lichtgewonden,6,Bromfiets,3,Fiets,Buiten Kruispunt,Gemeenteweg,binnen bebouwde kom,Tussen 2 bestuurders: Flank tegen flank,Geen hindernis
20451,136,Gent R4,Gent,51.0876313,3.7587918,2.3343837231315043,51.08925535709361,3.7254690203926604,2020,7,8,44021,Gent,"Andere (dikke rook,...)",Droog,Dag,met lichtgewonden,9,personenauto,3,Fiets,Op Kruispunt,Gewestweg,buiten bebouwde kom,Tss. 2 best.: langs opzij (voor-/achterkant-flank),Geen hindernis
20452,13,Gent,Gent,51.03018,3.70146,1.9161928976061533,51.038898343106254,3.725097757769454,2020,7,10,44021,Gent,Normaal,Droog,Dag,met lichtgewonden,5,Lichte vrachtauto,3,Fiets,Buiten Kruispunt,Gewestweg,binnen bebouwde kom,Tss. 2 best.: langs opzij (voor-/achterkant-flank),Geen hindernis
20455,13,Gent,Gent,51.03018,3.70146,1.5592775375012737,51.029579583724235,3.723736554833826,2020,8,13,44021,Gent,Normaal,Droog,Dag,met lichtgewonden,3,Fiets,8,Voetganger,Buiten Kruispunt,Gemeenteweg,binnen bebouwde kom,Met een voetganger,Geen hindernis
20457,118,Gent teller 1,Gent,51.028049,3.7681359,1.4608489301436032,51.02707298092035,3.7473051531372286,2020,7,16,44043,Merelbeke,Normaal,Droog,Dag,met lichtgewonden,9,personenauto,3,Fiets,Buiten Kruispunt,Gewestweg,binnen bebouwde kom,Tussen 2 bestuurders: Flank tegen flank,Geen hindernis
20457,119,Gent teller 2,Gent,51.0281795,3.7683918,1.4798303271436488,51.02707298092035,3.7473051531372286,2020,7,16,44043,Merelbeke,Normaal,Droog,Dag,met lichtgewonden,9,personenauto,3,Fiets,Buiten Kruispunt,Gewestweg,binnen bebouwde kom,Tussen 2 bestuurders: Flank tegen flank,Geen hindernis
20458,119,Gent teller 2,Gent,51.0281795,3.7683918,2.364059364120645,51.047584848957904,3.754578826252163,2020,7,21,44021,Gent,Normaal,Droog,Dageraad - schemering,met lichtgewonden,3,Fiets,9,personenauto,Buiten Kruispunt,Gemeenteweg,binnen bebouwde kom,Tss. 2 best.: langs opzij (voor-/achterkant-flank),Geen hindernis
20458,118,Gent teller 1,Gent,51.028049,3.7681359,2.370099414501143,51.047584848957904,3.754578826252163,2020,7,21,44021,Gent,Normaal,Droog,Dageraad - schemering,met lichtgewonden,3,Fiets,9,personenauto,Buiten Kruispunt,Gemeenteweg,binnen bebouwde kom,Tss. 2 best.: langs opzij (voor-/achterkant-flank),Geen hindernis
20459,136,Gent R4,Gent,51.0876313,3.7587918,2.159576988720386,51.088263899164,3.7278884236790764,2020,7,17,44021,Gent,Normaal,Droog,Dag,met lichtgewonden,3,Fiets,11,een weggebruiker tegen een hindernis,Op Kruispunt,Gewestweg,binnen bebouwde kom,Weggebruiker tegen hindernis buiten rijbaan,Andere hindernis
20461,118,Gent teller 1,Gent,51.028049,3.7681359,2.280860149929498,51.0435096446815,3.746698771365022,2020,7,12,44021,Gent,Normaal,Droog,Dag,met lichtgewonden,3,Fiets,3,Fiets,Op Kruispunt,Gemeenteweg,binnen bebouwde kom,Tss. 2 best.: langs opzij (voor-/achterkant-flank),Geen hindernis
20461,119,Gent teller 2,Gent,51.0281795,3.7683918,2.2817969037448145,51.0435096446815,3.746698771365022,2020,7,12,44021,Gent,Normaal,Droog,Dag,met lichtgewonden,3,Fiets,3,Fiets,Op Kruispunt,Gemeenteweg,binnen bebouwde kom,Tss. 2 best.: langs opzij (voor-/achterkant-flank),Geen hindernis
20465,13,Gent,Gent,51.03018,3.70146,1.4890750931341221,51.02445744903344,3.720710023736695,2020,7,20,44021,Gent,Normaal,Droog,Dag,met lichtgewonden,3,Fiets,8,Voetganger,Buiten Kruispunt,Gemeenteweg,binnen bebouwde kom,Met een voetganger,Geen hindernis
20468,13,Gent,Gent,51.03018,3.70146,1.1336448937589623,51.037901288962296,3.7120466089730946,2020,7,18,44021,Gent,Regenval,"Nat, plassen",Dag,met lichtgewonden,9,personenauto,3,Fiets,Op Kruispunt,Gemeenteweg,binnen bebouwde kom,Tussen 2 bestuurders: Frontale botsing,Geen hindernis
20470,13,Gent,Gent,51.03018,3.70146,2.1063300239614877,51.04741959230044,3.7139441275028444,2020,7,13,44021,Gent,Normaal,Droog,Dag,met lichtgewonden,3,Fiets,6,Bromfiets,Buiten Kruispunt,Gemeenteweg,binnen bebouwde kom,Tussen 2 bestuurders: Frontale botsing,Geen hindernis
20471,118,Gent teller 1,Gent,51.028049,3.7681359,0.10589415307651229,51.02863328255395,3.7669401869378754,2020,7,14,44021,Gent,Normaal,Droog,Dag,met lichtgewonden,3,Fiets,9,personenauto,Buiten Kruispunt,Gewestweg,buiten bebouwde kom,Tss. 2 best.: langs opzij (voor-/achterkant-flank),Geen hindernis