crash_row_id,site_id,site_name,site_gemeente,site_lat,site_long,distance_km,crash_lat,crash_long,DT_YEAR_COLLISION,DT_MONTH_COLLISION,DT_TIME,CD_NIS,TX_MUNTY_COLLISION_NL,TX_WEATHER_NL,TX_ROAD_CONDITION_NL,TX_LIGHT_CONDITION_NL,TX_CLASS_ACCIDENTS_NL,CD_ROAD_USR_TYPE1,TX_ROAD_USR_TYPE1_NL,CD_ROAD_USR_TYPE2,TX_ROAD_USR_TYPE2_NL,TX_CROSSWAY_NL,CD_ROAD_TYPE_NL,TX_BUILD_UP_AREA_NL,TX_COLLISION_TYPE_NL,TX_OBSTACLES_NL
20471,119,Gent teller 2,Gent,51.0281795,3.7683918,0.11336612329775353,51.02863328255395,3.7669401869378754,2020,7,14,44021,Gent,Normaal,Droog,Dag,met lichtgewonden,3,Fiets,9,personenauto,Buiten Kruispunt,Gewestweg,buiten bebouwde kom,Tss. 2 best.: langs opzij (voor-/achterkant-flank),Geen hindernis
20473,13,Gent,Gent,51.03018,3.70146,1.3082645767236802,51.01923071459688,3.708305697501811,2020,7,12,44021,Gent,Normaal,Proper,Dag,met lichtgewonden,3,Fiets,8,Voetganger,Buiten Kruispunt,Gewestweg,buiten bebouwde kom,Met een voetganger,Geen hindernis
20477,118,Gent teller 1,Gent,51.028049,3.7681359,2.2116362365338786,51.04039624240457,3.743339827649738,2020,7,23,44021,Gent,Normaal,Droog,"Nacht, openbare verlichting aanwezig en ontstoken",met lichtgewonden,3,Fiets,8,Voetganger,Buiten Kruispunt,Gewestweg,binnen bebouwde kom,Met een voetganger,Geen hindernis
20477,119,Gent teller 2,Gent,51.0281795,3.7683918,2.216768670616396,51.04039624240457,3.743339827649738,2020,7,23,44021,Gent,Normaal,Droog,"Nacht, openbare verlichting aanwezig en ontstoken",met lichtgewonden,3,Fiets,8,Voetganger,Buiten Kruispunt,Gewestweg,binnen bebouwde kom,Met een voetganger,Geen hindernis
20496,118,Gent teller 1,Gent,51.028049,3.7681359,1.3183183546276476,51.02095485870482,3.7530334411192756,2020,7,10,44043,Merelbeke,Normaal,Droog,Dag,met lichtgewonden,9,personenauto,3,Fiets,Op Kruispunt,Gewestweg,binnen bebouwde kom,Tss. 2 best.: langs opzij (voor-/achterkant-flank),Geen hindernis
20496,119,Gent teller 2,Gent,51.0281795,3.7683918,1.3413403652228904,51.02095485870482,3.7530334411192756,2020,7,10,44043,Merelbeke,Normaal,Droog,Dag,met lichtgewonden,9,personenauto,3,Fiets,Op Kruispunt,Gewestweg,binnen bebouwde kom,Tss. 2 best.: langs opzij (voor-/achterkant-flank),Geen hindernis
20509,7,Evergem 1,Evergem,51.1089,3.70317,1.7096731813808672,51.117414147724325,3.723563776118797,2020,7,18,44019,Evergem,Normaal,Droog,Dag,met lichtgewonden,9,personenauto,3,Fiets,Buiten Kruispunt,Gemeenteweg,binnen bebouwde kom,Tss. 2 best.: langs opzij (voor-/achterkant-flank),Geen hindernis
20509,6,Evergem 2,Evergem,51.10894,3.70298,1.7182892829191487,51.117414147724325,3.723563776118797,2020,7,18,44019,Evergem,Normaal,Droog,Dag,met lichtgewonden,9,personenauto,3,Fiets,Buiten Kruispunt,Gemeenteweg,binnen bebouwde kom,Tss. 2 best.: langs opzij (voor-/achterkant-flank),Geen hindernis
20512,7,Evergem 1,Evergem,51.1089,3.70317,1.7119106666500128,51.118135182468066,3.7227916863093857,2020,7,22,44019,Evergem,Normaal,Droog,"Nacht, openbare verlichting aanwezig en ontstoken",met lichtgewonden,3,Fiets,11,een weggebruiker tegen een hindernis,Op Kruispunt,Gemeenteweg,binnen bebouwde kom,Weggebruiker tegen hindernis buiten rijbaan,Buiten de rijbaan: Andere paal
20512,6,Evergem 2,Evergem,51.10894,3.70298,1.7198925739350153,51.118135182468066,3.7227916863093857,2020,7,22,44019,Evergem,Normaal,Droog,"Nacht, openbare verlichting aanwezig en ontstoken",met lichtgewonden,3,Fiets,11,een weggebruiker tegen een hindernis,Op Kruispunt,Gemeenteweg,binnen bebouwde kom,Weggebruiker tegen hindernis buiten rijbaan,Buiten de rijbaan: Andere paal
20513,115,Aalter,Aalter,51.1058367,3.4350591,2.143877770066347,51.109947518879004,3.405056959678603,2020,7,12,44084,Aalter,Normaal,Droog,Dag,met lichtgewonden,3,Fiets,10,"één bestuurder, geen hindernis",Buiten Kruispunt,Gemeenteweg,buiten bebouwde kom,"Eén bestuurder, geen hindernis (incl. val)",Geen hindernis
20546,126,Hamme totem,Hamme,51.1017709,4.1469307,0.7932892862426301,51.101025401420465,4.1356316615007085,2020,7,14,42008,Hamme,Normaal,Droog,Dag,met lichtgewonden,9,personenauto,3,Fiets,Buiten Kruispunt,Gemeenteweg,binnen bebouwde kom,Tussen 2 bestuurders: Flank tegen flank,Geen hindernis
20547,120,Zele teller 1,Zele,51.0607671,4.0547741,1.3890637181432186,51.0680458741103,4.038619181505262,2020,7,12,42028,Zele,Normaal,Droog,Dag,met lichtgewonden,3,Fiets,9,personenauto,Buiten Kruispunt,Gemeenteweg,binnen bebouwde kom,Tussen 2 bestuurders: Flank tegen flank,Geen hindernis
20547,121,Zele teller 2,Zele,51.0604067,4.0556696,1.4632803375430727,51.0680458741103,4.038619181505262,2020,7,12,42028,Zele,Normaal,Droog,Dag,met lichtgewonden,3,Fiets,9,personenauto,Buiten Kruispunt,Gemeenteweg,binnen bebouwde kom,Tussen 2 bestuurders: Flank tegen flank,Geen hindernis
20553,141,Test site A support,Lokeren,51.08342085,3.9961071208376326,2.4165189387097916,51.10473611954753,4.002853276700157,2020,7,12,46014,Lokeren,Normaal,Droog,Dag,met lichtgewonden,9,personenauto,3,Fiets,Op Kruispunt,Gewestweg,binnen bebouwde kom,Tussen 2 bestuurders: Flank tegen flank,Geen hindernis
20553,128,Lokeren teller 1,Lokeren,51.09644,3.97023,2.457633825977142,51.10473611954753,4.002853276700157,2020,7,12,46014,Lokeren,Normaal,Droog,Dag,met lichtgewonden,9,personenauto,3,Fiets,Op Kruispunt,Gewestweg,binnen bebouwde kom,Tussen 2 bestuurders: Flank tegen flank,Geen hindernis
20553,129,Lokeren teller 2,Lokeren,51.09612,3.97025,2.469929990349533,51.10473611954753,4.002853276700157,2020,7,12,46014,Lokeren,Normaal,Droog,Dag,met lichtgewonden,9,personenauto,3,Fiets,Op Kruispunt,Gewestweg,binnen bebouwde kom,Tussen 2 bestuurders: Flank tegen flank,Geen hindernis
20554,129,Lokeren teller 2,Lokeren,51.09612,3.97025,0.708583113714235,51.090044256698704,3.9671900731091454,2020,7,19,46014,Lokeren,Normaal,Droog,Dag,met lichtgewonden,3,Fiets,9,personenauto,Buiten Kruispunt,Gemeenteweg,buiten bebouwde kom,Tussen 2 bestuurders: Langs achteren,Geen hindernis
20554,128,Lokeren teller 1,Lokeren,51.09644,3.97023,0.7421853863434102,51.090044256698704,3.9671900731091454,2020,7,19,46014,Lokeren,Normaal,Droog,Dag,met lichtgewonden,3,Fiets,9,personenauto,Buiten Kruispunt,Gemeenteweg,buiten bebouwde kom,Tussen 2 bestuurders: Langs achteren,Geen hindernis
20554,141,Test site A support,Lokeren,51.08342085,3.9961071208376326,2.1498387073240357,51.090044256698704,3.9671900731091454,2020,7,19,46014,Lokeren,Normaal,Droog,Dag,met lichtgewonden,3,Fiets,9,personenauto,Buiten Kruispunt,Gemeenteweg,buiten bebouwde kom,Tussen 2 bestuurders: Langs achteren,Geen hindernis
20556,126,Hamme totem,Hamme,51.1017709,4.1469307,1.094178791805972,51.094823435309316,4.135833888850132,2020,7,18,42008,Hamme,Normaal,Droog,Dag,met lichtgewonden,9,personenauto,3,Fiets,Op Kruispunt,Gemeenteweg,binnen bebouwde kom,Tussen 2 bestuurders: Flank tegen flank,Geen hindernis
20566,10,Aalst 2,Aalst,50.93549,4.01571,0.8389165293649731,50.939821842573956,4.025512205354549,2020,8,15,41002,Aalst,Normaal,Droog,Dag,met lichtgewonden,9,personenauto,3,Fiets,Op Kruispunt,Gemeenteweg,binnen bebouwde kom,Tss. 2 best.: langs opzij (voor-/achterkant-flank),Geen hindernis
20566,11,Aalst 3,Aalst,50.93385,4.01647,0.9178280442027918,50.939821842573956,4.025512205354549,2020,8,15,41002,Aalst,Normaal,Droog,Dag,met lichtgewonden,9,personenauto,3,Fiets,Op Kruispunt,Gemeenteweg,binnen bebouwde kom,Tss. 2 best.: langs opzij (voor-/achterkant-flank),Geen hindernis
20566,19,Aalst 1,Aalst,50.93433,4.01471,0.9725531354489314,50.939821842573956,4.025512205354549,2020,8,15,41002,Aalst,Normaal,Droog,Dag,met lichtgewonden,9,personenauto,3,Fiets,Op Kruispunt,Gemeenteweg,binnen bebouwde kom,Tss. 2 best.: langs opzij (voor-/achterkant-flank),Geen hindernis
20567,19,Aalst 1,Aalst,50.93433,4.01471,1.1634598413591033,50.924697729378956,4.008226450290533,2020,7,19,41002,Aalst,Normaal,Droog,Dag,met lichtgewonden,9,personenauto,3,Fiets,Buiten Kruispunt,Gemeenteweg,binnen bebouwde kom,Tss. 2 best.: langs opzij (voor-/achterkant-flank),Geen hindernis
20567,11,Aalst 3,Aalst,50.93385,4.01647,1.1702427503352357,50.924697729378956,4.008226450290533,2020,7,19,41002,Aalst,Normaal,Droog,Dag,met lichtgewonden,9,personenauto,3,Fiets,Buiten Kruispunt,Gemeenteweg,binnen bebouwde kom,Tss. 2 best.: langs opzij (voor-/achterkant-flank),Geen hindernis
20567,10,Aalst 2,Aalst,50.93549,4.01571,1.309646952170503,50.924697729378956,4.008226450290533,2020,7,19,41002,Aalst,Normaal,Droog,Dag,met lichtgewonden,9,personenauto,3,Fiets,Buiten Kruispunt,Gemeenteweg,binnen bebouwde kom,Tss. 2 best.: langs opzij (voor-/achterkant-flank),Geen hindernis
20572,125,Dendermonde totem,Dendermonde,51.0372706,4.1025998,0.6533961422277966,51.03289030099231,4.108828487845802,2020,7,9,42006,Dendermonde,Regenval,"Nat, plassen",Dag,met lichtgewonden,9,personenauto,3,Fiets,Op Kruispunt,Gewestweg,binnen bebouwde kom,Tussen 2 bestuurders: Flank tegen flank,Geen hindernis
20572,122,Dendermonde teller 2,Dendermonde,51.0373918,4.1019222,0.6955233863418621,51.03289030099231,4.108828487845802,2020,7,9,42006,Dendermonde,Regenval,"Nat, plassen",Dag,met lichtgewonden,9,personenauto,3,Fiets,Op Kruispunt,Gewestweg,binnen bebouwde kom,Tussen 2 bestuurders: Flank tegen flank,Geen hindernis
20574,122,Dendermonde teller 2,Dendermonde,51.0373918,4.1019222,1.9376145424750701,51.05464414924848,4.105818515546274,2020,7,16,42006,Dendermonde,Normaal,Droog,Dag,met lichtgewonden,3,Fiets,9,personenauto,Buiten Kruispunt,Gewestweg,binnen bebouwde kom,Tss. 2 best.: langs opzij (voor-/achterkant-flank),Geen hindernis
20574,125,Dendermonde totem,Dendermonde,51.0372706,4.1025998,1.9449106977705246,51.05464414924848,4.105818515546274,2020,7,16,42006,Dendermonde,Normaal,Droog,Dag,met lichtgewonden,3,Fiets,9,personenauto,Buiten Kruispunt,Gewestweg,binnen bebouwde kom,Tss. 2 best.: langs opzij (voor-/achterkant-flank),Geen hindernis
20575,125,Dendermonde totem,Dendermonde,51.0372706,4.1025998,1.8018046914357502,51.03757495873637,4.128364485235166,2020,7,10,42006,Dendermonde,Normaal,Droog,Dag,met lichtgewonden,3,Fiets,11,een weggebruiker tegen een hindernis,Buiten Kruispunt,Gewestweg,binnen bebouwde kom,Weggebruiker tegen hindernis op de rijbaan,"Op de rijbaan: Put, straatgoot, tramspoor"
20575,122,Dendermonde teller 2,Dendermonde,51.0373918,4.1019222,1.8489748974300246,51.03757495873637,4.128364485235166,2020,7,10,42006,Dendermonde,Normaal,Droog,Dag,met lichtgewonden,3,Fiets,11,een weggebruiker tegen een hindernis,Buiten Kruispunt,Gewestweg,binnen bebouwde kom,Weggebruiker tegen hindernis op de rijbaan,"Op de rijbaan: Put, straatgoot, tramspoor"
20576,122,Dendermonde teller 2,Dendermonde,51.0373918,4.1019222,1.198114171522234,51.0458194323549,4.0912444819289995,2020,7,11,42006,Dendermonde,Normaal,Droog,Dag,met lichtgewonden,9,personenauto,3,Fiets,Buiten Kruispunt,Gewestweg,binnen bebouwde kom,Tss. 2 best.: langs opzij (voor-/achterkant-flank),Geen hindernis
20576,125,Dendermonde totem,Dendermonde,51.0372706,4.1025998,1.2385054191192528,51.0458194323549,4.0912444819289995,2020,7,11,42006,Dendermonde,Normaal,Droog,Dag,met lichtgewonden,9,personenauto,3,Fiets,Buiten Kruispunt,Gewestweg,binnen bebouwde kom,Tss. 2 best.: langs opzij (voor-/achterkant-flank),Geen hindernis
20579,142,TEST Validatie BRUGGE Y2H22022134,Brugge,51.22632,3.24095,1.4907616073616086,51.21371858513666,3.248256956324619,2020,7,9,31005,Brugge,Regenval,"Nat, plassen",Dag,met lichtgewonden,9,personenauto,3,Fiets,Op Kruispunt,Gemeenteweg,binnen bebouwde kom,Tss. 2 best.: langs opzij (voor-/achterkant-flank),Geen hindernis
20579,52,Brugge,Brugge,51.22632,3.24095,1.4907616073616086,51.21371858513666,3.248256956324619,2020,7,9,31005,Brugge,Regenval,"Nat, plassen",Dag,met lichtgewonden,9,personenauto,3,Fiets,Op Kruispunt,Gemeenteweg,binnen bebouwde kom,Tss. 2 best.: langs opzij (voor-/achterkant-flank),Geen hindernis
20579,54,Brugge teller 2,Brugge,51.23015,3.22818,2.30069953538279,51.21371858513666,3.248256956324619,2020,7,9,31005,Brugge,Regenval,"Nat, plassen",Dag,met lichtgewonden,9,personenauto,3,Fiets,Op Kruispunt,Gemeenteweg,binnen bebouwde kom,Tss. 2 best.: langs opzij (voor-/achterkant-flank),Geen hindernis
20579,53,Brugge teller 1,Brugge,51.23023,3.228,2.3153858584368447,51.21371858513666,3.248256956324619,2020,7,9,31005,Brugge,Regenval,"Nat, plassen",Dag,met lichtgewonden,9,personenauto,3,Fiets,Op Kruispunt,Gemeenteweg,binnen bebouwde kom,Tss. 2 best.: langs opzij (voor-/achterkant-flank),Geen hindernis
20580,142,TEST Validatie BRUGGE Y2H22022134,Brugge,51.22632,3.24095,2.4571244283668707,51.20547389599076,3.229247066360032,2020,7,16,31005,Brugge,Normaal,Droog,Dag,met lichtgewonden,3,Fiets,9,personenauto,Buiten Kruispunt,Gemeenteweg,binnen bebouwde kom,Tss. 2 best.: langs opzij (voor-/achterkant-flank),Geen hindernis
20580,52,Brugge,Brugge,51.22632,3.24095,2.4571244283668707,51.20547389599076,3.229247066360032,2020,7,16,31005,Brugge,Normaal,Droog,Dag,met lichtgewonden,3,Fiets,9,personenauto,Buiten Kruispunt,Gemeenteweg,binnen bebouwde kom,Tss. 2 best.: langs opzij (voor-/achterkant-flank),Geen hindernis
20581,53,Brugge teller 1,Brugge,51.23023,3.228,1.539489540278173,51.22959812531528,3.205913437653306,2020,7,16,31005,Brugge,Normaal,Droog,Dag,met zwaargewonden,5,Lichte vrachtauto,3,Fiets,Op Kruispunt,Gewestweg,binnen bebouwde kom,Tussen 2 bestuurders: Frontale botsing,Geen hindernis
20581,54,Brugge teller 2,Brugge,51.23015,3.22818,1.5516340499004735,51.22959812531528,3.205913437653306,2020,7,16,31005,Brugge,Normaal,Droog,Dag,met zwaargewonden,5,Lichte vrachtauto,3,Fiets,Op Kruispunt,Gewestweg,binnen bebouwde kom,Tussen 2 bestuurders: Frontale botsing,Geen hindernis
20581,52,Brugge,Brugge,51.22632,3.24095,2.4667765232142833,51.22959812531528,3.205913437653306,2020,7,16,31005,Brugge,Normaal,Droog,Dag,met zwaargewonden,5,Lichte vrachtauto,3,Fiets,Op Kruispunt,Gewestweg,binnen bebouwde kom,Tussen 2 bestuurders: Frontale botsing,Geen hindernis
20581,142,TEST Validatie BRUGGE Y2H22022134,Brugge,51.22632,3.24095,2.4667765232142833,51.22959812531528,3.205913437653306,2020,7,16,31005,Brugge,Normaal,Droog,Dag,met zwaargewonden,5,Lichte vrachtauto,3,Fiets,Op Kruispunt,Gewestweg,binnen bebouwde kom,Tussen 2 bestuurders: Frontale botsing,Geen hindernis
20583,142,TEST Validatie BRUGGE Y2H22022134,Brugge,51.22632,3.24095,0.8323359896583601,51.230390938666524,3.250980989852171,2020,7,9,31005,Brugge,Normaal,Droog,Dag,met zwaargewonden,9,personenauto,3,Fiets,Buiten Kruispunt,Gewestweg,binnen bebouwde kom,Tss. 2 best.: langs opzij (voor-/achterkant-flank),Geen hindernis
20583,52,Brugge,Brugge,51.22632,3.24095,0.8323359896583601,51.230390938666524,3.250980989852171,2020,7,9,31005,Brugge,Normaal,Droog,Dag,met zwaargewonden,9,personenauto,3,Fiets,Buiten Kruispunt,Gewestweg,binnen bebouwde kom,Tss. 2 best.: langs opzij (voor-/achterkant-flank),Geen hindernis
20583,54,Brugge teller 2,Brugge,51.23015,3.22818,1.5878446283863585,51.230390938666524,3.250980989852171,2020,7,9,31005,Brugge,Normaal,Droog,Dag,met zwaargewonden,9,personenauto,3,Fiets,Buiten Kruispunt,Gewestweg,binnen bebouwde kom,Tss. 2 best.: langs opzij (voor-/achterkant-flank),Geen hindernis
20583,53,Brugge teller 1,Brugge,51.23023,3.228,1.60025055510786,51.230390938666524,3.250980989852171,2020,7,9,31005,Brugge,Normaal,Droog,Dag,met zwaargewonden,9,personenauto,3,Fiets,Buiten Kruispunt,Gewestweg,binnen bebouwde kom,Tss. 2 best.: langs opzij (voor-/achterkant-flank),Geen hindernis
20584,50,"Brugge, Sint-Andries",Brugge,51.19291,3.16252,1.896130182999581,51.200877784370704,3.1865787598918813,2020,7,18,31005,Brugge,Normaal,Droog,Dag,met lichtgewonden,3,Fiets,9,personenauto,Op Kruispunt,Gemeenteweg,binnen bebouwde kom,Tussen 2 bestuurders: Frontale botsing,Geen hindernis
20584,51,"Brugge, Sint-Andries",Brugge,51.19281,3.16252,1.9013528465756304,51.200877784370704,3.1865787598918813,2020,7,18,31005,Brugge,Normaal,Droog,Dag,met lichtgewonden,3,Fiets,9,personenauto,Op Kruispunt,Gemeenteweg,binnen bebouwde kom,Tussen 2 bestuurders: Frontale botsing,Geen hindernis
20601,142,TEST Validatie BRUGGE Y2H22022134,Brugge,51.22632,3.24095,1.944611475224027,51.209681400722026,3.23235272020507,2020,7,3,31005,Brugge,Normaal,Droog,"Nacht, openbare verlichting aanwezig en ontstoken",met lichtgewonden,3,Fiets,9,personenauto,Op Kruispunt,Gewestweg,binnen bebouwde kom,Tss. 2 best.: langs opzij (voor-/achterkant-flank),Geen hindernis
20601,52,Brugge,Brugge,51.22632,3.24095,1.944611475224027,51.209681400722026,3.23235272020507,2020,7,3,31005,Brugge,Normaal,Droog,"Nacht, openbare verlichting aanwezig en ontstoken",met lichtgewonden,3,Fiets,9,personenauto,Op Kruispunt,Gewestweg,binnen bebouwde kom,Tss. 2 best.: langs opzij (voor-/achterkant-flank),Geen hindernis
20601,54,Brugge teller 2,Brugge,51.23015,3.22818,2.294482456666953,51.209681400722026,3.23235272020507,2020,7,3,31005,Brugge,Normaal,Droog,"Nacht, openbare verlichting aanwezig en ontstoken",met lichtgewonden,3,Fiets,9,personenauto,Op Kruispunt,Gewestweg,binnen bebouwde kom,Tss. 2 best.: langs opzij (voor-/achterkant-flank),Geen hindernis
20601,53,Brugge teller 1,Brugge,51.23023,3.228,2.304921887947268,51.209681400722026,3.23235272020507,2020,7,3,31005,Brugge,Normaal,Droog,"Nacht, openbare verlichting aanwezig en ontstoken",met lichtgewonden,3,Fiets,9,personenauto,Op Kruispunt,Gewestweg,binnen bebouwde kom,Tss. 2 best.: langs opzij (voor-/achterkant-flank),Geen hindernis
20612,15,Oostende 2,Oostende,51.21371,2.92743,1.376110943983251,51.20196118911325,2.933637151412369,2020,7,17,35013,Oostende,Normaal,Droog,Dag,met zwaargewonden,3,Fiets,9,personenauto,Buiten Kruispunt,Gemeenteweg,binnen bebouwde kom,Tss. 2 best.: langs opzij (voor-/achterkant-flank),Geen hindernis
20612,18,Oostende 1,Oostende,51.21378,2.92765,1.3787891707426632,51.20196118911325,2.933637151412369,2020,7,17,35013,Oostende,Normaal,Droog,Dag,met zwaargewonden,3,Fiets,9,personenauto,Buiten Kruispunt,Gemeenteweg,binnen bebouwde kom,Tss. 2 best.: langs opzij (voor-/achterkant-flank),Geen hindernis
20614,15,Oostende 2,Oostende,51.21371,2.92743,0.46718696413272137,51.21673529861274,2.9227755625871312,2020,7,12,35013,Oostende,Normaal,Droog,Dag,met lichtgewonden,9,personenauto,3,Fiets,Buiten Kruispunt,Gemeenteweg,binnen bebouwde kom,Tss. 2 best.: langs opzij (voor-/achterkant-flank),Geen hindernis
20614,18,Oostende 1,Oostende,51.21378,2.92765,0.47250137936646097,51.21673529861274,2.9227755625871312,2020,7,12,35013,Oostende,Normaal,Droog,Dag,met lichtgewonden,9,personenauto,3,Fiets,Buiten Kruispunt,Gemeenteweg,binnen bebouwde kom,Tss. 2 best.: langs opzij (voor-/achterkant-flank),Geen hindernis
20619,55,Torhout teller 1,Torhout,51.07161,3.08261,1.8791566811975378,51.066347977462364,3.1081669190559786,2020,7,11,31033,Torhout,Onbekend,Onbekend,Dag,met lichtgewonden,3,Fiets,9,personenauto,Buiten Kruispunt,Gemeenteweg,onbekend,Kettingbotsing (3 bestuurders of meer),Geen hindernis
20619,56,Torhout teller 2,Torhout,51.07147,3.08244,1.8856907315655482,51.066347977462364,3.1081669190559786,2020,7,11,31033,Torhout,Onbekend,Onbekend,Dag,met lichtgewonden,3,Fiets,9,personenauto,Buiten Kruispunt,Gemeenteweg,onbekend,Kettingbotsing (3 bestuurders of meer),Geen hindernis
20624,55,Torhout teller 1,Torhout,51.07161,3.08261,1.6980087163989273,51.066557680554126,3.105542758840848,2020,7,1,31033,Torhout,Normaal,Droog,"Nacht, geen openbare verlichting aanwezig",met lichtgewonden,3,Fiets,10,"één bestuurder, geen hindernis",Buiten Kruispunt,Gemeenteweg,binnen bebouwde kom,"Eén bestuurder, geen hindernis (incl. val)",Geen hindernis
20624,56,Torhout teller 2,Torhout,51.07147,3.08244,1.7041717083720236,51.066557680554126,3.105542758840848,2020,7,1,31033,Torhout,Normaal,Droog,"Nacht, geen openbare verlichting aanwezig",met lichtgewonden,3,Fiets,10,"één bestuurder, geen hindernis",Buiten Kruispunt,Gemeenteweg,binnen bebouwde kom,"Eén bestuurder, geen hindernis (incl. val)",Geen hindernis
20630,84,Roeselare totem,Izegem,50.91717,3.18772,2.1306579998536264,50.92187019067619,3.158253429349539,2020,7,19,36015,Roeselare,Normaal,Droog,Dag,met lichtgewonden,9,personenauto,3,Fiets,Op Kruispunt,Gewestweg,buiten bebouwde kom,Tss. 2 best.: langs opzij (voor-/achterkant-flank),Geen hindernis
20633,84,Roeselare totem,Izegem,50.91717,3.18772,1.6020077806268345,50.91888246122504,3.2104109102886027,2020,7,17,36008,Izegem,Normaal,Droog,Dag,met lichtgewonden,9,personenauto,3,Fiets,Op Kruispunt,Gewestweg,binnen bebouwde kom,Tss. 2 best.: langs opzij (voor-/achterkant-flank),Geen hindernis
20635,84,Roeselare totem,Izegem,50.91717,3.18772,2.098199448722257,50.92234855846212,3.216503021176306,2020,7,15,36008,Izegem,Normaal,Droog,Dag,met lichtgewonden,9,personenauto,3,Fiets,Op Kruispunt,Gemeenteweg,binnen bebouwde kom,Tussen 2 bestuurders: Flank tegen flank,Geen hindernis
20645,143,Eco Display Classic Budastraat,Kortrijk,50.83066,3.26286,0.8780044781662869,50.82475387966233,3.271156925957162,2020,7,22,34022,Kortrijk,Regenval,"Nat, plassen","Nacht, openbare verlichting aanwezig en ontstoken",met lichtgewonden,3,Fiets,9,personenauto,Op Kruispunt,Gemeenteweg,binnen bebouwde kom,Tussen 2 bestuurders: Flank tegen flank,Geen hindernis
20645,16,Kortrijk 1,Kortrijk,50.83332,3.27777,1.0597187929437095,50.82475387966233,3.271156925957162,2020,7,22,34022,Kortrijk,Regenval,"Nat, plassen","Nacht, openbare verlichting aanwezig en ontstoken",met lichtgewonden,3,Fiets,9,personenauto,Op Kruispunt,Gemeenteweg,binnen bebouwde kom,Tussen 2 bestuurders: Flank tegen flank,Geen hindernis
20645,17,Kortrijk 2,Kortrijk,50.83339,3.27773,1.0655000332383,50.82475387966233,3.271156925957162,2020,7,22,34022,Kortrijk,Regenval,"Nat, plassen","Nacht, openbare verlichting aanwezig en ontstoken",met lichtgewonden,3,Fiets,9,personenauto,Op Kruispunt,Gemeenteweg,binnen bebouwde kom,Tussen 2 bestuurders: Flank tegen flank,Geen hindernis
20645,75,Kortrijk teller 2,Kortrijk,50.81925,3.25731,1.1491993058495231,50.82475387966233,3.271156925957162,2020,7,22,34022,Kortrijk,Regenval,"Nat, plassen","Nacht, openbare verlichting aanwezig en ontstoken",met lichtgewonden,3,Fiets,9,personenauto,Op Kruispunt,Gemeenteweg,binnen bebouwde kom,Tussen 2 bestuurders: Flank tegen flank,Geen hindernis
20645,74,Kortrijk teller 1,Kortrijk,50.81909,3.25728,1.1605427140989333,50.82475387966233,3.271156925957162,2020,7,22,34022,Kortrijk,Regenval,"Nat, plassen","Nacht, openbare verlichting aanwezig en ontstoken",met lichtgewonden,3,Fiets,9,personenauto,Op Kruispunt,Gemeenteweg,binnen bebouwde kom,Tussen 2 bestuurders: Flank tegen flank,Geen hindernis
20646,16,Kortrijk 1,Kortrijk,50.83332,3.27777,1.2161667876549809,50.82478576542167,3.288599560263914,2020,7,12,34022,Kortrijk,Normaal,Droog,Dag,met lichtgewonden,9,personenauto,3,Fiets,Op Kruispunt,Gemeenteweg,binnen bebouwde kom,Tss. 2 best.: langs opzij (voor-/achterkant-flank),Geen hindernis
20646,17,Kortrijk 2,Kortrijk,50.83339,3.27773,1.2239999013534537,50.82478576542167,3.288599560263914,2020,7,12,34022,Kortrijk,Normaal,Droog,Dag,met lichtgewonden,9,personenauto,3,Fiets,Op Kruispunt,Gemeenteweg,binnen bebouwde kom,Tss. 2 best.: langs opzij (voor-/achterkant-flank),Geen hindernis
20646,143,Eco Display Classic Budastraat,Kortrijk,50.83066,3.26286,1.9222433611332612,50.82478576542167,3.288599560263914,2020,7,12,34022,Kortrijk,Normaal,Droog,Dag,met lichtgewonden,9,personenauto,3,Fiets,Op Kruispunt,Gemeenteweg,binnen bebouwde kom,Tss. 2 best.: langs opzij (voor-/achterkant-flank),Geen hindernis
20646,75,Kortrijk teller 2,Kortrijk,50.81925,3.25731,2.2825129328652114,50.82478576542167,3.288599560263914,2020,7,12,34022,Kortrijk,Normaal,Droog,Dag,met lichtgewonden,9,personenauto,3,Fiets,Op Kruispunt,Gemeenteweg,binnen bebouwde kom,Tss. 2 best.: langs opzij (voor-/achterkant-flank),Geen hindernis
20646,74,Kortrijk teller 1,Kortrijk,50.81909,3.25728,2.2894036915472027,50.82478576542167,3.288599560263914,2020,7,12,34022,Kortrijk,Normaal,Droog,Dag,met lichtgewonden,9,personenauto,3,Fiets,Op Kruispunt,Gemeenteweg,binnen bebouwde kom,Tss. 2 best.: langs opzij (voor-/achterkant-flank),Geen hindernis
20647,143,Eco Display Classic Budastraat,Kortrijk,50.83066,3.26286,0.5695085343764368,50.82952885410736,3.254951406036325,2020,7,19,34022,Kortrijk,Normaal,Droog,Dag,met lichtgewonden,3,Fiets,3,Fiets,Op Kruispunt,Gemeenteweg,binnen bebouwde kom,Tussen 2 bestuurders: Langs achteren,Geen hindernis
20647,75,Kortrijk teller 2,Kortrijk,50.81925,3.25731,1.1549010967786966,50.82952885410736,3.254951406036325,2020,7,19,34022,Kortrijk,Normaal,Droog,Dag,met lichtgewonden,3,Fiets,3,Fiets,Op Kruispunt,Gemeenteweg,binnen bebouwde kom,Tussen 2 bestuurders: Langs achteren,Geen hindernis