crash_row_id,site_id,site_name,site_gemeente,site_lat,site_long,distance_km,crash_lat,crash_long,DT_YEAR_COLLISION,DT_MONTH_COLLISION,DT_TIME,CD_NIS,TX_MUNTY_COLLISION_NL,TX_WEATHER_NL,TX_ROAD_CONDITION_NL,TX_LIGHT_CONDITION_NL,TX_CLASS_ACCIDENTS_NL,CD_ROAD_USR_TYPE1,TX_ROAD_USR_TYPE1_NL,CD_ROAD_USR_TYPE2,TX_ROAD_USR_TYPE2_NL,TX_CROSSWAY_NL,CD_ROAD_TYPE_NL,TX_BUILD_UP_AREA_NL,TX_COLLISION_TYPE_NL,TX_OBSTACLES_NL
20647,74,Kortrijk teller 1,Kortrijk,50.81909,3.25728,1.172215203412704,50.82952885410736,3.254951406036325,2020,7,19,34022,Kortrijk,Normaal,Droog,Dag,met lichtgewonden,3,Fiets,3,Fiets,Op Kruispunt,Gemeenteweg,binnen bebouwde kom,Tussen 2 bestuurders: Langs achteren,Geen hindernis
20647,17,Kortrijk 2,Kortrijk,50.83339,3.27773,1.656377081765211,50.82952885410736,3.254951406036325,2020,7,19,34022,Kortrijk,Normaal,Droog,Dag,met lichtgewonden,3,Fiets,3,Fiets,Op Kruispunt,Gemeenteweg,binnen bebouwde kom,Tussen 2 bestuurders: Langs achteren,Geen hindernis
20647,16,Kortrijk 1,Kortrijk,50.83332,3.27777,1.6570944389385702,50.82952885410736,3.254951406036325,2020,7,19,34022,Kortrijk,Normaal,Droog,Dag,met lichtgewonden,3,Fiets,3,Fiets,Op Kruispunt,Gemeenteweg,binnen bebouwde kom,Tussen 2 bestuurders: Langs achteren,Geen hindernis
20648,143,Eco Display Classic Budastraat,Kortrijk,50.83066,3.26286,0.05876149161551621,50.830352733896405,3.2635407043818874,2020,7,14,34022,Kortrijk,Normaal,Droog,Dag,met lichtgewonden,3,Fiets,3,Fiets,Buiten Kruispunt,Gemeenteweg,binnen bebouwde kom,Tussen 2 bestuurders: Flank tegen flank,Geen hindernis
20648,17,Kortrijk 2,Kortrijk,50.83339,3.27773,1.052195597291115,50.830352733896405,3.2635407043818874,2020,7,14,34022,Kortrijk,Normaal,Droog,Dag,met lichtgewonden,3,Fiets,3,Fiets,Buiten Kruispunt,Gemeenteweg,binnen bebouwde kom,Tussen 2 bestuurders: Flank tegen flank,Geen hindernis
20648,16,Kortrijk 1,Kortrijk,50.83332,3.27777,1.0523910525138314,50.830352733896405,3.2635407043818874,2020,7,14,34022,Kortrijk,Normaal,Droog,Dag,met lichtgewonden,3,Fiets,3,Fiets,Buiten Kruispunt,Gemeenteweg,binnen bebouwde kom,Tussen 2 bestuurders: Flank tegen flank,Geen hindernis
20648,75,Kortrijk teller 2,Kortrijk,50.81925,3.25731,1.3098459698824885,50.830352733896405,3.2635407043818874,2020,7,14,34022,Kortrijk,Normaal,Droog,Dag,met lichtgewonden,3,Fiets,3,Fiets,Buiten Kruispunt,Gemeenteweg,binnen bebouwde kom,Tussen 2 bestuurders: Flank tegen flank,Geen hindernis
20648,74,Kortrijk teller 1,Kortrijk,50.81909,3.25728,1.32732490980797,50.830352733896405,3.2635407043818874,2020,7,14,34022,Kortrijk,Normaal,Droog,Dag,met lichtgewonden,3,Fiets,3,Fiets,Buiten Kruispunt,Gemeenteweg,binnen bebouwde kom,Tussen 2 bestuurders: Flank tegen flank,Geen hindernis
20664,64,Nieuwpoort teller 1,Nieuwpoort,51.13359,2.75737,0.25894924959451154,51.13260528795738,2.7607330402838444,2020,7,16,38016,Nieuwpoort,Normaal,Droog,Dag,met lichtgewonden,3,Fiets,8,Voetganger,Buiten Kruispunt,Gewestweg,buiten bebouwde kom,Met een voetganger,Geen hindernis
20664,65,Nieuwpoort teller 2,Nieuwpoort,51.13435,2.75511,0.4376952218821534,51.13260528795738,2.7607330402838444,2020,7,16,38016,Nieuwpoort,Normaal,Droog,Dag,met lichtgewonden,3,Fiets,8,Voetganger,Buiten Kruispunt,Gewestweg,buiten bebouwde kom,Met een voetganger,Geen hindernis
20664,66,Nieuwpoort totem,Nieuwpoort,51.1347,2.74369,1.211782121388299,51.13260528795738,2.7607330402838444,2020,7,16,38016,Nieuwpoort,Normaal,Droog,Dag,met lichtgewonden,3,Fiets,8,Voetganger,Buiten Kruispunt,Gewestweg,buiten bebouwde kom,Met een voetganger,Geen hindernis
20664,63,Nieuwpoort teller 3,Nieuwpoort,51.13529,2.74289,1.280288745131882,51.13260528795738,2.7607330402838444,2020,7,16,38016,Nieuwpoort,Normaal,Droog,Dag,met lichtgewonden,3,Fiets,8,Voetganger,Buiten Kruispunt,Gewestweg,buiten bebouwde kom,Met een voetganger,Geen hindernis
20665,63,Nieuwpoort teller 3,Nieuwpoort,51.13529,2.74289,1.1990748827483133,51.14507597830293,2.7501098051765904,2020,7,18,38016,Nieuwpoort,Onbekend,Onbekend,Onbekend,met lichtgewonden,9,personenauto,3,Fiets,Buiten Kruispunt,Gemeenteweg,binnen bebouwde kom,Tussen 2 bestuurders: Langs achteren,Geen hindernis
20665,66,Nieuwpoort totem,Nieuwpoort,51.1347,2.74369,1.2376403714845607,51.14507597830293,2.7501098051765904,2020,7,18,38016,Nieuwpoort,Onbekend,Onbekend,Onbekend,met lichtgewonden,9,personenauto,3,Fiets,Buiten Kruispunt,Gemeenteweg,binnen bebouwde kom,Tussen 2 bestuurders: Langs achteren,Geen hindernis
20665,65,Nieuwpoort teller 2,Nieuwpoort,51.13435,2.75511,1.2426443905419835,51.14507597830293,2.7501098051765904,2020,7,18,38016,Nieuwpoort,Onbekend,Onbekend,Onbekend,met lichtgewonden,9,personenauto,3,Fiets,Buiten Kruispunt,Gemeenteweg,binnen bebouwde kom,Tussen 2 bestuurders: Langs achteren,Geen hindernis
20665,64,Nieuwpoort teller 1,Nieuwpoort,51.13359,2.75737,1.373957372058288,51.14507597830293,2.7501098051765904,2020,7,18,38016,Nieuwpoort,Onbekend,Onbekend,Onbekend,met lichtgewonden,9,personenauto,3,Fiets,Buiten Kruispunt,Gemeenteweg,binnen bebouwde kom,Tussen 2 bestuurders: Langs achteren,Geen hindernis
20680,41,Maasmechelen teller 1,Maasmechelen,50.97025,5.69799,1.0293155641867389,50.96128058586319,5.701624400842622,2020,7,20,73107,Maasmechelen,Normaal,Droog,Dageraad - schemering,met lichtgewonden,3,Fiets,9,personenauto,Buiten Kruispunt,Gewestweg,binnen bebouwde kom,Tussen 2 bestuurders: Flank tegen flank,Geen hindernis
20680,42,Maasmechelen teller 2,Maasmechelen,50.97043,5.6981,1.0468779059628757,50.96128058586319,5.701624400842622,2020,7,20,73107,Maasmechelen,Normaal,Droog,Dageraad - schemering,met lichtgewonden,3,Fiets,9,personenauto,Buiten Kruispunt,Gewestweg,binnen bebouwde kom,Tussen 2 bestuurders: Flank tegen flank,Geen hindernis
20682,41,Maasmechelen teller 1,Maasmechelen,50.97025,5.69799,1.5818860322612545,50.95624560011633,5.7019634490411795,2020,7,15,73107,Maasmechelen,Normaal,Droog,Dag,met lichtgewonden,3,Fiets,9,personenauto,Op Kruispunt,Gemeenteweg,binnen bebouwde kom,Tss. 2 best.: langs opzij (voor-/achterkant-flank),Geen hindernis
20682,42,Maasmechelen teller 2,Maasmechelen,50.97043,5.6981,1.6002722972117083,50.95624560011633,5.7019634490411795,2020,7,15,73107,Maasmechelen,Normaal,Droog,Dag,met lichtgewonden,3,Fiets,9,personenauto,Op Kruispunt,Gemeenteweg,binnen bebouwde kom,Tss. 2 best.: langs opzij (voor-/achterkant-flank),Geen hindernis
20686,124,Beveren teller 2,Beveren,51.1964712,4.2361077,1.9614352951577916,51.214009083146976,4.233088376696511,2020,7,8,46003,Beveren,Normaal,Droog,Dag,met lichtgewonden,9,personenauto,3,Fiets,Op Kruispunt,Gemeenteweg,binnen bebouwde kom,Tussen 2 bestuurders: Frontale botsing,Geen hindernis
20693,99,Mechelen teller 1,Mechelen,51.04564,4.46882,1.7262072293342376,51.033175893115384,4.483538020124604,2020,7,13,12025,Mechelen,Normaal,Droog,Dag,met lichtgewonden,3,Fiets,3,Fiets,Op Kruispunt,Gewestweg,binnen bebouwde kom,Tussen 2 bestuurders: Langs achteren,Geen hindernis
20693,100,Mechelen teller 2,Mechelen,51.0457,4.46883,1.7311525819276965,51.033175893115384,4.483538020124604,2020,7,13,12025,Mechelen,Normaal,Droog,Dag,met lichtgewonden,3,Fiets,3,Fiets,Op Kruispunt,Gewestweg,binnen bebouwde kom,Tussen 2 bestuurders: Langs achteren,Geen hindernis
20694,99,Mechelen teller 1,Mechelen,51.04564,4.46882,2.272243634453772,51.02981671456741,4.489383860534866,2020,7,14,12025,Mechelen,Normaal,Droog,Dag,met lichtgewonden,6,Bromfiets,3,Fiets,Buiten Kruispunt,Gemeenteweg,binnen bebouwde kom,Tussen 2 bestuurders: Flank tegen flank,Geen hindernis
20694,100,Mechelen teller 2,Mechelen,51.0457,4.46883,2.2769716886507765,51.02981671456741,4.489383860534866,2020,7,14,12025,Mechelen,Normaal,Droog,Dag,met lichtgewonden,6,Bromfiets,3,Fiets,Buiten Kruispunt,Gemeenteweg,binnen bebouwde kom,Tussen 2 bestuurders: Flank tegen flank,Geen hindernis
20695,99,Mechelen teller 1,Mechelen,51.04564,4.46882,2.3107105116985225,51.03101030420803,4.492290717821156,2020,7,18,12025,Mechelen,Normaal,Droog,Dag,met lichtgewonden,9,personenauto,3,Fiets,Op Kruispunt,Gewestweg,binnen bebouwde kom,Tss. 2 best.: langs opzij (voor-/achterkant-flank),Geen hindernis
20695,100,Mechelen teller 2,Mechelen,51.0457,4.46883,2.3149159986848264,51.03101030420803,4.492290717821156,2020,7,18,12025,Mechelen,Normaal,Droog,Dag,met lichtgewonden,9,personenauto,3,Fiets,Op Kruispunt,Gewestweg,binnen bebouwde kom,Tss. 2 best.: langs opzij (voor-/achterkant-flank),Geen hindernis
20697,99,Mechelen teller 1,Mechelen,51.04564,4.46882,2.0766276943838853,51.03086160901506,4.486978706681762,2020,7,13,12025,Mechelen,Normaal,Droog,Dag,met lichtgewonden,9,personenauto,3,Fiets,Op Kruispunt,Gewestweg,binnen bebouwde kom,Tss. 2 best.: langs opzij (voor-/achterkant-flank),Geen hindernis
20697,100,Mechelen teller 2,Mechelen,51.0457,4.46883,2.0814843232238434,51.03086160901506,4.486978706681762,2020,7,13,12025,Mechelen,Normaal,Droog,Dag,met lichtgewonden,9,personenauto,3,Fiets,Op Kruispunt,Gewestweg,binnen bebouwde kom,Tss. 2 best.: langs opzij (voor-/achterkant-flank),Geen hindernis
20698,99,Mechelen teller 1,Mechelen,51.04564,4.46882,2.2273718297634093,51.02616362576376,4.476265558836647,2020,7,15,12025,Mechelen,Normaal,Droog,Dag,met zwaargewonden,3,Fiets,3,Fiets,Op Kruispunt,Gemeenteweg,binnen bebouwde kom,Tss. 2 best.: langs opzij (voor-/achterkant-flank),Geen hindernis
20698,100,Mechelen teller 2,Mechelen,51.0457,4.46883,2.233696329393698,51.02616362576376,4.476265558836647,2020,7,15,12025,Mechelen,Normaal,Droog,Dag,met zwaargewonden,3,Fiets,3,Fiets,Op Kruispunt,Gemeenteweg,binnen bebouwde kom,Tss. 2 best.: langs opzij (voor-/achterkant-flank),Geen hindernis
20700,138,Hasselt-Kempische brug,Hasselt,50.9405318,5.3422472,1.1780739880975153,50.93874818374348,5.358820468440816,2020,7,22,71022,Hasselt,Normaal,Droog,"Nacht, openbare verlichting aanwezig en ontstoken",met lichtgewonden,3,Fiets,5,Lichte vrachtauto,Op Kruispunt,Gemeenteweg,buiten bebouwde kom,Tussen 2 bestuurders: Frontale botsing,Geen hindernis
20700,137,Hasselt-Kempische brug,Hasselt,50.9411605,5.3417576,1.2252786058250147,50.93874818374348,5.358820468440816,2020,7,22,71022,Hasselt,Normaal,Droog,"Nacht, openbare verlichting aanwezig en ontstoken",met lichtgewonden,3,Fiets,5,Lichte vrachtauto,Op Kruispunt,Gemeenteweg,buiten bebouwde kom,Tussen 2 bestuurders: Frontale botsing,Geen hindernis
20700,140,Hasselt ring,Hasselt,50.9300038,5.3438616,1.4297821701855034,50.93874818374348,5.358820468440816,2020,7,22,71022,Hasselt,Normaal,Droog,"Nacht, openbare verlichting aanwezig en ontstoken",met lichtgewonden,3,Fiets,5,Lichte vrachtauto,Op Kruispunt,Gemeenteweg,buiten bebouwde kom,Tussen 2 bestuurders: Frontale botsing,Geen hindernis
20701,33,Lummen,Lummen,50.97978,5.20936,2.111194863098785,50.99862576968316,5.213024765167205,2020,8,17,71037,Lummen,Normaal,Droog,Dag,met lichtgewonden,3,Fiets,3,Fiets,Op Kruispunt,Gemeenteweg,buiten bebouwde kom,Kettingbotsing (3 bestuurders of meer),Geen hindernis
20701,32,Lummen,Lummen,50.97971,5.20961,2.116874039476454,50.99862576968316,5.213024765167205,2020,8,17,71037,Lummen,Normaal,Droog,Dag,met lichtgewonden,3,Fiets,3,Fiets,Op Kruispunt,Gemeenteweg,buiten bebouwde kom,Kettingbotsing (3 bestuurders of meer),Geen hindernis
20703,33,Lummen,Lummen,50.97978,5.20936,1.1686486987356584,50.98670964772163,5.196808472462063,2020,7,16,71037,Lummen,Normaal,Droog,Dag,met lichtgewonden,9,personenauto,3,Fiets,Buiten Kruispunt,Gewestweg,binnen bebouwde kom,Tss. 2 best.: langs opzij (voor-/achterkant-flank),Geen hindernis
20703,32,Lummen,Lummen,50.97971,5.20961,1.1869526253760838,50.98670964772163,5.196808472462063,2020,7,16,71037,Lummen,Normaal,Droog,Dag,met lichtgewonden,9,personenauto,3,Fiets,Buiten Kruispunt,Gewestweg,binnen bebouwde kom,Tss. 2 best.: langs opzij (voor-/achterkant-flank),Geen hindernis
20705,140,Hasselt ring,Hasselt,50.9300038,5.3438616,0.5426310745931915,50.926182496165474,5.339046187719674,2020,7,21,71022,Hasselt,Normaal,Droog,Dageraad - schemering,met lichtgewonden,9,personenauto,3,Fiets,Op Kruispunt,Gemeenteweg,binnen bebouwde kom,Tss. 2 best.: langs opzij (voor-/achterkant-flank),Geen hindernis
20705,138,Hasselt-Kempische brug,Hasselt,50.9405318,5.3422472,1.6112610642265528,50.926182496165474,5.339046187719674,2020,7,21,71022,Hasselt,Normaal,Droog,Dageraad - schemering,met lichtgewonden,9,personenauto,3,Fiets,Op Kruispunt,Gemeenteweg,binnen bebouwde kom,Tss. 2 best.: langs opzij (voor-/achterkant-flank),Geen hindernis
20705,137,Hasselt-Kempische brug,Hasselt,50.9411605,5.3417576,1.6762816672991967,50.926182496165474,5.339046187719674,2020,7,21,71022,Hasselt,Normaal,Droog,Dageraad - schemering,met lichtgewonden,9,personenauto,3,Fiets,Op Kruispunt,Gemeenteweg,binnen bebouwde kom,Tss. 2 best.: langs opzij (voor-/achterkant-flank),Geen hindernis
20706,137,Hasselt-Kempische brug,Hasselt,50.9411605,5.3417576,1.4478129759374134,50.942060322037236,5.321143226247305,2020,7,17,71022,Hasselt,Normaal,Droog,Dag,met zwaargewonden,9,personenauto,3,Fiets,Buiten Kruispunt,Gewestweg,buiten bebouwde kom,Tss. 2 best.: langs opzij (voor-/achterkant-flank),Geen hindernis
20706,138,Hasselt-Kempische brug,Hasselt,50.9405318,5.3422472,1.4884015800295447,50.942060322037236,5.321143226247305,2020,7,17,71022,Hasselt,Normaal,Droog,Dag,met zwaargewonden,9,personenauto,3,Fiets,Buiten Kruispunt,Gewestweg,buiten bebouwde kom,Tss. 2 best.: langs opzij (voor-/achterkant-flank),Geen hindernis
20706,140,Hasselt ring,Hasselt,50.9300038,5.3438616,2.081251754245915,50.942060322037236,5.321143226247305,2020,7,17,71022,Hasselt,Normaal,Droog,Dag,met zwaargewonden,9,personenauto,3,Fiets,Buiten Kruispunt,Gewestweg,buiten bebouwde kom,Tss. 2 best.: langs opzij (voor-/achterkant-flank),Geen hindernis
20708,140,Hasselt ring,Hasselt,50.9300038,5.3438616,0.22850358029170129,50.93196530911842,5.344833786003291,2020,7,11,71022,Hasselt,Normaal,Droog,Dag,met lichtgewonden,3,Fiets,9,personenauto,Op Kruispunt,Gewestweg,binnen bebouwde kom,Tss. 2 best.: langs opzij (voor-/achterkant-flank),Geen hindernis
20708,138,Hasselt-Kempische brug,Hasselt,50.9405318,5.3422472,0.969641143822413,50.93196530911842,5.344833786003291,2020,7,11,71022,Hasselt,Normaal,Droog,Dag,met lichtgewonden,3,Fiets,9,personenauto,Op Kruispunt,Gewestweg,binnen bebouwde kom,Tss. 2 best.: langs opzij (voor-/achterkant-flank),Geen hindernis
20708,137,Hasselt-Kempische brug,Hasselt,50.9411605,5.3417576,1.0449336990754705,50.93196530911842,5.344833786003291,2020,7,11,71022,Hasselt,Normaal,Droog,Dag,met lichtgewonden,3,Fiets,9,personenauto,Op Kruispunt,Gewestweg,binnen bebouwde kom,Tss. 2 best.: langs opzij (voor-/achterkant-flank),Geen hindernis
20709,138,Hasselt-Kempische brug,Hasselt,50.9405318,5.3422472,0.16912559892755244,50.93922811728071,5.341003888977634,2020,7,15,71022,Hasselt,Normaal,Droog,Dag,met lichtgewonden,3,Fiets,3,Fiets,Buiten Kruispunt,Gewestweg,binnen bebouwde kom,Tss. 2 best.: langs opzij (voor-/achterkant-flank),Geen hindernis
20709,137,Hasselt-Kempische brug,Hasselt,50.9411605,5.3417576,0.22126583413243234,50.93922811728071,5.341003888977634,2020,7,15,71022,Hasselt,Normaal,Droog,Dag,met lichtgewonden,3,Fiets,3,Fiets,Buiten Kruispunt,Gewestweg,binnen bebouwde kom,Tss. 2 best.: langs opzij (voor-/achterkant-flank),Geen hindernis
20709,140,Hasselt ring,Hasselt,50.9300038,5.3438616,1.0450634142924682,50.93922811728071,5.341003888977634,2020,7,15,71022,Hasselt,Normaal,Droog,Dag,met lichtgewonden,3,Fiets,3,Fiets,Buiten Kruispunt,Gewestweg,binnen bebouwde kom,Tss. 2 best.: langs opzij (voor-/achterkant-flank),Geen hindernis
20710,140,Hasselt ring,Hasselt,50.9300038,5.3438616,1.8191699356349325,50.92473154561721,5.319290346683841,2020,7,13,71022,Hasselt,Normaal,Droog,Dag,met lichtgewonden,3,Fiets,6,Bromfiets,Buiten Kruispunt,Gemeenteweg,buiten bebouwde kom,Tussen 2 bestuurders: Frontale botsing,Geen hindernis
20710,138,Hasselt-Kempische brug,Hasselt,50.9405318,5.3422472,2.3822104642387725,50.92473154561721,5.319290346683841,2020,7,13,71022,Hasselt,Normaal,Droog,Dag,met lichtgewonden,3,Fiets,6,Bromfiets,Buiten Kruispunt,Gemeenteweg,buiten bebouwde kom,Tussen 2 bestuurders: Frontale botsing,Geen hindernis
20710,137,Hasselt-Kempische brug,Hasselt,50.9411605,5.3417576,2.411681028297263,50.92473154561721,5.319290346683841,2020,7,13,71022,Hasselt,Normaal,Droog,Dag,met lichtgewonden,3,Fiets,6,Bromfiets,Buiten Kruispunt,Gemeenteweg,buiten bebouwde kom,Tussen 2 bestuurders: Frontale botsing,Geen hindernis
20711,140,Hasselt ring,Hasselt,50.9300038,5.3438616,1.747022220132055,50.918238068677475,5.3273434405640705,2020,7,0,71022,Hasselt,Normaal,Droog,"Nacht, openbare verlichting aanwezig en ontstoken",met lichtgewonden,9,personenauto,3,Fiets,Buiten Kruispunt,Gewestweg,binnen bebouwde kom,Tussen 2 bestuurders: Langs achteren,Geen hindernis
20712,137,Hasselt-Kempische brug,Hasselt,50.9411605,5.3417576,0.5130402209130027,50.94459122847532,5.346653888571661,2020,7,18,71022,Hasselt,Normaal,Droog+Proper,Dag,met lichtgewonden,5,Lichte vrachtauto,3,Fiets,Op Kruispunt,Gemeenteweg,binnen bebouwde kom,Tss. 2 best.: langs opzij (voor-/achterkant-flank),Geen hindernis
20712,138,Hasselt-Kempische brug,Hasselt,50.9405318,5.3422472,0.546879540252465,50.94459122847532,5.346653888571661,2020,7,18,71022,Hasselt,Normaal,Droog+Proper,Dag,met lichtgewonden,5,Lichte vrachtauto,3,Fiets,Op Kruispunt,Gemeenteweg,binnen bebouwde kom,Tss. 2 best.: langs opzij (voor-/achterkant-flank),Geen hindernis
20712,140,Hasselt ring,Hasselt,50.9300038,5.3438616,1.6338062624174854,50.94459122847532,5.346653888571661,2020,7,18,71022,Hasselt,Normaal,Droog+Proper,Dag,met lichtgewonden,5,Lichte vrachtauto,3,Fiets,Op Kruispunt,Gemeenteweg,binnen bebouwde kom,Tss. 2 best.: langs opzij (voor-/achterkant-flank),Geen hindernis
20713,137,Hasselt-Kempische brug,Hasselt,50.9411605,5.3417576,0.45641004352259085,50.943638010356864,5.3469513008354,2020,7,22,71022,Hasselt,Normaal,Droog,"Nacht, openbare verlichting aanwezig en ontstoken",met lichtgewonden,9,personenauto,3,Fiets,Op Kruispunt,Gewestweg,buiten bebouwde kom,Tss. 2 best.: langs opzij (voor-/achterkant-flank),Geen hindernis
20713,138,Hasselt-Kempische brug,Hasselt,50.9405318,5.3422472,0.4774176558695029,50.943638010356864,5.3469513008354,2020,7,22,71022,Hasselt,Normaal,Droog,"Nacht, openbare verlichting aanwezig en ontstoken",met lichtgewonden,9,personenauto,3,Fiets,Op Kruispunt,Gewestweg,buiten bebouwde kom,Tss. 2 best.: langs opzij (voor-/achterkant-flank),Geen hindernis
20713,140,Hasselt ring,Hasselt,50.9300038,5.3438616,1.531436049322317,50.943638010356864,5.3469513008354,2020,7,22,71022,Hasselt,Normaal,Droog,"Nacht, openbare verlichting aanwezig en ontstoken",met lichtgewonden,9,personenauto,3,Fiets,Op Kruispunt,Gewestweg,buiten bebouwde kom,Tss. 2 best.: langs opzij (voor-/achterkant-flank),Geen hindernis
20714,31,Herk De Stad,Herk-de-Stad,50.94366,5.1775,1.1634490474709236,50.95043117507984,5.190160749300912,2020,7,20,71024,Herk-de-Stad,Normaal,Droog,Dag,met zwaargewonden,3,Fiets,9,personenauto,Buiten Kruispunt,Gemeenteweg,buiten bebouwde kom,Tss. 2 best.: langs opzij (voor-/achterkant-flank),Geen hindernis
20714,30,Herk De Stad,Herk-de-Stad,50.94374,5.17691,1.1896757243569898,50.95043117507984,5.190160749300912,2020,7,20,71024,Herk-de-Stad,Normaal,Droog,Dag,met zwaargewonden,3,Fiets,9,personenauto,Buiten Kruispunt,Gemeenteweg,buiten bebouwde kom,Tss. 2 best.: langs opzij (voor-/achterkant-flank),Geen hindernis
20716,12,Tervuren,Kraainem,50.81896,4.47803,1.5181613949949753,50.82237609923376,4.498954240311898,2020,7,17,24104,Tervuren,Normaal,Droog,Dag,met lichtgewonden,9,personenauto,3,Fiets,Op Kruispunt,Gewestweg,buiten bebouwde kom,Tss. 2 best.: langs opzij (voor-/achterkant-flank),Geen hindernis
20721,14,Genk,Genk,50.97172,5.48927,1.5456786916702614,50.961719462622796,5.504600749827479,2020,7,16,71016,Genk,Normaal,Droog,Dag,met lichtgewonden,3,Fiets,10,"één bestuurder, geen hindernis",Buiten Kruispunt,Gemeenteweg,buiten bebouwde kom,"Eén bestuurder, geen hindernis (incl. val)",Geen hindernis
20722,48,As,As,51.00509,5.60389,2.058210262768561,51.000066199025206,5.575579902201961,2020,7,16,71002,As,Normaal,Droog,Dag,met lichtgewonden,3,Fiets,9,personenauto,Buiten Kruispunt,Gewestweg,buiten bebouwde kom,Tussen 2 bestuurders: Langs achteren,Geen hindernis
20725,49,Bokrijk,Genk,50.95264,5.41001,2.4067788635869314,50.93758658573924,5.385325677849762,2020,7,17,71022,Hasselt,Normaal,Droog,Dag,met lichtgewonden,3,Fiets,11,een weggebruiker tegen een hindernis,Buiten Kruispunt,Gemeenteweg,binnen bebouwde kom,Weggebruiker tegen hindernis buiten rijbaan,Buiten de rijbaan: Andere paal
20726,14,Genk,Genk,50.97172,5.48927,2.2442884638371168,50.96176221068552,5.461393318866443,2020,7,17,71016,Genk,Normaal,Droog,Dag,met lichtgewonden,9,personenauto,3,Fiets,Op Kruispunt,Gewestweg,buiten bebouwde kom,Tss. 2 best.: langs opzij (voor-/achterkant-flank),Geen hindernis
20728,25,Bree,Bree,51.13679500160176,5.597669323604317,0.5286202736482652,51.13494228217687,5.604646672931727,2020,7,16,72004,Bree,Normaal,Droog,Dag,met lichtgewonden,2,Andere weggebruiker,3,Fiets,Buiten Kruispunt,Gemeenteweg,buiten bebouwde kom,Tussen 2 bestuurders: Flank tegen flank,Geen hindernis
20729,139,Houthalen-Helchteren,Houthalen-Helchteren,51.0644267,5.3819796,1.4209439364483867,51.05609561393953,5.366562327794875,2020,7,14,72039,Houthalen-Helchteren,Normaal,Droog,Dag,met lichtgewonden,3,Fiets,11,een weggebruiker tegen een hindernis,Buiten Kruispunt,Gemeenteweg,binnen bebouwde kom,Weggebruiker tegen hindernis op de rijbaan,"Op de rijbaan: Put, straatgoot, tramspoor"
20733,14,Genk,Genk,50.97172,5.48927,0.859210728602274,50.966338017228985,5.480465527001272,2020,7,15,71016,Genk,Regenval,"Nat, plassen",Dag,met lichtgewonden,3,Fiets,10,"één bestuurder, geen hindernis",Op Kruispunt,Gewestweg,buiten bebouwde kom,"Eén bestuurder, geen hindernis (incl. val)",Geen hindernis
20736,14,Genk,Genk,50.97172,5.48927,0.8043518279178097,50.97687756650004,5.481214835469611,2020,7,14,71016,Genk,Normaal,Droog,Dag,met lichtgewonden,3,Fiets,11,een weggebruiker tegen een hindernis,Buiten Kruispunt,Gemeenteweg,buiten bebouwde kom,Weggebruiker tegen hindernis buiten rijbaan,Andere hindernis
20739,14,Genk,Genk,50.97172,5.48927,0.9855950898551145,50.9634501022544,5.494334757499451,2020,7,18,71016,Genk,Normaal,Droog,Dag,met lichtgewonden,3,Fiets,10,"één bestuurder, geen hindernis",Buiten Kruispunt,Gewestweg,binnen bebouwde kom,"Eén bestuurder, geen hindernis (incl. val)",Geen hindernis
20740,14,Genk,Genk,50.97172,5.48927,1.0415017617635378,50.96780709988837,5.502783672895562,2020,7,11,71016,Genk,Normaal,Droog,Dag,dodelijk gewonden,9,personenauto,3,Fiets,Op Kruispunt,Gewestweg,binnen bebouwde kom,Tss. 2 best.: langs opzij (voor-/achterkant-flank),Geen hindernis
20741,49,Bokrijk,Genk,50.95264,5.41001,0.09790556396503317,50.95220095928699,5.408798479754058,2020,8,11,71016,Genk,Normaal,Droog,Dag,met lichtgewonden,3,Fiets,3,Fiets,Op Kruispunt,Gewestweg,buiten bebouwde kom,Tussen 2 bestuurders: Frontale botsing,Geen hindernis
20742,14,Genk,Genk,50.97172,5.48927,0.8139890845226188,50.978982955731055,5.490723358122439,2020,8,19,71016,Genk,Normaal,Droog,Dag,met lichtgewonden,3,Fiets,8,Voetganger,Buiten Kruispunt,Gemeenteweg,buiten bebouwde kom,Met een voetganger,Geen hindernis
20743,14,Genk,Genk,50.97172,5.48927,1.8833312035906424,50.98865714114411,5.489196461590996,2020,8,10,71016,Genk,Normaal,Droog,Dag,met lichtgewonden,3,Fiets,3,Fiets,Op Kruispunt,Gemeenteweg,buiten bebouwde kom,Tss. 2 best.: langs opzij (voor-/achterkant-flank),Geen hindernis
20744,119,Gent teller 2,Gent,51.0281795,3.7683918,0.22103543106564946,51.02659585514767,3.770302059232156,2020,7,16,44021,Gent,Onbekend,Droog,Dag,met lichtgewonden,3,Fiets,8,Voetganger,Op Kruispunt,Gewestweg,buiten bebouwde kom,Met een voetganger,Geen hindernis
20744,118,Gent teller 1,Gent,51.028049,3.7681359,0.22149231232151248,51.02659585514767,3.770302059232156,2020,7,16,44021,Gent,Onbekend,Droog,Dag,met lichtgewonden,3,Fiets,8,Voetganger,Op Kruispunt,Gewestweg,buiten bebouwde kom,Met een voetganger,Geen hindernis
20749,143,Eco Display Classic Budastraat,Kortrijk,50.83066,3.26286,1.6566939751413174,50.845553143076195,3.262198153653121,2020,9,7,34022,Kortrijk,Normaal,"Nat, plassen",Dag,met lichtgewonden,3,Fiets,9,personenauto,Buiten Kruispunt,Gewestweg,buiten bebouwde kom,Tss. 2 best.: langs opzij (voor-/achterkant-flank),Geen hindernis