crash_row_id,site_id,site_name,site_gemeente,site_lat,site_long,distance_km,crash_lat,crash_long,DT_YEAR_COLLISION,DT_MONTH_COLLISION,DT_TIME,CD_NIS,TX_MUNTY_COLLISION_NL,TX_WEATHER_NL,TX_ROAD_CONDITION_NL,TX_LIGHT_CONDITION_NL,TX_CLASS_ACCIDENTS_NL,CD_ROAD_USR_TYPE1,TX_ROAD_USR_TYPE1_NL,CD_ROAD_USR_TYPE2,TX_ROAD_USR_TYPE2_NL,TX_CROSSWAY_NL,CD_ROAD_TYPE_NL,TX_BUILD_UP_AREA_NL,TX_COLLISION_TYPE_NL,TX_OBSTACLES_NL
20749,17,Kortrijk 2,Kortrijk,50.83339,3.27773,1.7374347159326842,50.845553143076195,3.262198153653121,2020,9,7,34022,Kortrijk,Normaal,"Nat, plassen",Dag,met lichtgewonden,3,Fiets,9,personenauto,Buiten Kruispunt,Gewestweg,buiten bebouwde kom,Tss. 2 best.: langs opzij (voor-/achterkant-flank),Geen hindernis
20749,16,Kortrijk 1,Kortrijk,50.83332,3.27777,1.7452595098911268,50.845553143076195,3.262198153653121,2020,9,7,34022,Kortrijk,Normaal,"Nat, plassen",Dag,met lichtgewonden,3,Fiets,9,personenauto,Buiten Kruispunt,Gewestweg,buiten bebouwde kom,Tss. 2 best.: langs opzij (voor-/achterkant-flank),Geen hindernis
20750,74,Kortrijk teller 1,Kortrijk,50.81909,3.25728,1.2957158224285554,50.80866488072727,3.2490407816029037,2020,9,19,34022,Kortrijk,Normaal,Droog,Dag,met lichtgewonden,9,personenauto,3,Fiets,Op Kruispunt,Gewestweg,buiten bebouwde kom,Tussen 2 bestuurders: Frontale botsing,Geen hindernis
20750,75,Kortrijk teller 2,Kortrijk,50.81925,3.25731,1.3125880201311184,50.80866488072727,3.2490407816029037,2020,9,19,34022,Kortrijk,Normaal,Droog,Dag,met lichtgewonden,9,personenauto,3,Fiets,Op Kruispunt,Gewestweg,buiten bebouwde kom,Tussen 2 bestuurders: Frontale botsing,Geen hindernis
20751,17,Kortrijk 2,Kortrijk,50.83339,3.27773,1.387163033114819,50.844935478250726,3.2702472468596393,2020,10,12,34023,Kuurne,Normaal,"Nat, plassen",Dag,met lichtgewonden,3,Fiets,9,personenauto,Buiten Kruispunt,Gewestweg,buiten bebouwde kom,Tussen 2 bestuurders: Frontale botsing,Geen hindernis
20751,16,Kortrijk 1,Kortrijk,50.83332,3.27777,1.3954307954612566,50.844935478250726,3.2702472468596393,2020,10,12,34023,Kuurne,Normaal,"Nat, plassen",Dag,met lichtgewonden,3,Fiets,9,personenauto,Buiten Kruispunt,Gewestweg,buiten bebouwde kom,Tussen 2 bestuurders: Frontale botsing,Geen hindernis
20751,143,Eco Display Classic Budastraat,Kortrijk,50.83066,3.26286,1.6699729748876488,50.844935478250726,3.2702472468596393,2020,10,12,34023,Kuurne,Normaal,"Nat, plassen",Dag,met lichtgewonden,3,Fiets,9,personenauto,Buiten Kruispunt,Gewestweg,buiten bebouwde kom,Tussen 2 bestuurders: Frontale botsing,Geen hindernis
20763,2,Brasschaat 2,Brasschaat,51.27512,4.47169,1.3445861758226156,51.277125441248664,4.452627803812389,2020,9,16,11002,Antwerpen,Normaal,Droog,Dag,met lichtgewonden,3,Fiets,9,personenauto,Op Kruispunt,Gemeenteweg,binnen bebouwde kom,Tussen 2 bestuurders: Frontale botsing,Geen hindernis
20763,3,Brasschaat 1,Brasschaat,51.27503,4.47222,1.3826085428146975,51.277125441248664,4.452627803812389,2020,9,16,11002,Antwerpen,Normaal,Droog,Dag,met lichtgewonden,3,Fiets,9,personenauto,Op Kruispunt,Gemeenteweg,binnen bebouwde kom,Tussen 2 bestuurders: Frontale botsing,Geen hindernis
20780,2,Brasschaat 2,Brasschaat,51.27512,4.47169,1.1302232739570273,51.27602426336595,4.455506435682471,2020,8,13,11008,Brasschaat,Normaal,Droog,Dag,met lichtgewonden,3,Fiets,8,Voetganger,Buiten Kruispunt,Gewestweg,binnen bebouwde kom,Met een voetganger,Geen hindernis
20780,3,Brasschaat 1,Brasschaat,51.27503,4.47222,1.1678549120632036,51.27602426336595,4.455506435682471,2020,8,13,11008,Brasschaat,Normaal,Droog,Dag,met lichtgewonden,3,Fiets,8,Voetganger,Buiten Kruispunt,Gewestweg,binnen bebouwde kom,Met een voetganger,Geen hindernis
20820,2,Brasschaat 2,Brasschaat,51.27512,4.47169,1.299537114434923,51.26502407117418,4.462280338874247,2020,9,7,11002,Antwerpen,Onbekend,Onbekend,Onbekend,met lichtgewonden,3,Fiets,9,personenauto,Buiten Kruispunt,Gewestweg,onbekend,Tss. 2 best.: langs opzij (voor-/achterkant-flank),Geen hindernis
20820,3,Brasschaat 1,Brasschaat,51.27503,4.47222,1.3099855062200998,51.26502407117418,4.462280338874247,2020,9,7,11002,Antwerpen,Onbekend,Onbekend,Onbekend,met lichtgewonden,3,Fiets,9,personenauto,Buiten Kruispunt,Gewestweg,onbekend,Tss. 2 best.: langs opzij (voor-/achterkant-flank),Geen hindernis
20821,2,Brasschaat 2,Brasschaat,51.27512,4.47169,1.2268195916480338,51.26554540432661,4.462927418873084,2020,8,10,11002,Antwerpen,Normaal,Droog,Dag,met lichtgewonden,9,personenauto,3,Fiets,Op Kruispunt,Gewestweg,buiten bebouwde kom,Tss. 2 best.: langs opzij (voor-/achterkant-flank),Geen hindernis
20821,3,Brasschaat 1,Brasschaat,51.27503,4.47222,1.2370091198502073,51.26554540432661,4.462927418873084,2020,8,10,11002,Antwerpen,Normaal,Droog,Dag,met lichtgewonden,9,personenauto,3,Fiets,Op Kruispunt,Gewestweg,buiten bebouwde kom,Tss. 2 best.: langs opzij (voor-/achterkant-flank),Geen hindernis
20848,2,Brasschaat 2,Brasschaat,51.27512,4.47169,0.9958939208173145,51.27100765178143,4.458972221662877,2020,9,12,11002,Antwerpen,Normaal,Droog,Dag,met lichtgewonden,6,Bromfiets,3,Fiets,Buiten Kruispunt,Gewestweg,binnen bebouwde kom,Tussen 2 bestuurders: Frontale botsing,Geen hindernis
20848,3,Brasschaat 1,Brasschaat,51.27503,4.47222,1.0243780904740816,51.27100765178143,4.458972221662877,2020,9,12,11002,Antwerpen,Normaal,Droog,Dag,met lichtgewonden,6,Bromfiets,3,Fiets,Buiten Kruispunt,Gewestweg,binnen bebouwde kom,Tussen 2 bestuurders: Frontale botsing,Geen hindernis
20940,2,Brasschaat 2,Brasschaat,51.27512,4.47169,1.915175862145654,51.28358465521844,4.447710009834802,2020,9,8,11002,Antwerpen,Onbekend,Onbekend,Dageraad - schemering,met lichtgewonden,3,Fiets,4,Vrachtwagen,Op Kruispunt,Gemeenteweg,binnen bebouwde kom,Tss. 2 best.: langs opzij (voor-/achterkant-flank),Geen hindernis
20940,3,Brasschaat 1,Brasschaat,51.27503,4.47222,1.952223327506174,51.28358465521844,4.447710009834802,2020,9,8,11002,Antwerpen,Onbekend,Onbekend,Dageraad - schemering,met lichtgewonden,3,Fiets,4,Vrachtwagen,Op Kruispunt,Gemeenteweg,binnen bebouwde kom,Tss. 2 best.: langs opzij (voor-/achterkant-flank),Geen hindernis
20943,2,Brasschaat 2,Brasschaat,51.27512,4.47169,0.5236650417567879,51.27389729808491,4.464420156623982,2020,9,17,11008,Brasschaat,Normaal,Droog,Dag,met lichtgewonden,3,Fiets,9,personenauto,Op Kruispunt,Gemeenteweg,binnen bebouwde kom,Tss. 2 best.: langs opzij (voor-/achterkant-flank),Geen hindernis
20943,3,Brasschaat 1,Brasschaat,51.27503,4.47222,0.557003408192626,51.27389729808491,4.464420156623982,2020,9,17,11008,Brasschaat,Normaal,Droog,Dag,met lichtgewonden,3,Fiets,9,personenauto,Op Kruispunt,Gemeenteweg,binnen bebouwde kom,Tss. 2 best.: langs opzij (voor-/achterkant-flank),Geen hindernis
20944,3,Brasschaat 1,Brasschaat,51.27503,4.47222,2.118164152272767,51.29218664013037,4.485454251239308,2020,9,12,11008,Brasschaat,Normaal,Droog,Dag,met lichtgewonden,9,personenauto,3,Fiets,Op Kruispunt,Gemeenteweg,binnen bebouwde kom,Tussen 2 bestuurders: Frontale botsing,Geen hindernis
20944,2,Brasschaat 2,Brasschaat,51.27512,4.47169,2.1254995017687275,51.29218664013037,4.485454251239308,2020,9,12,11008,Brasschaat,Normaal,Droog,Dag,met lichtgewonden,9,personenauto,3,Fiets,Op Kruispunt,Gemeenteweg,binnen bebouwde kom,Tussen 2 bestuurders: Frontale botsing,Geen hindernis
20946,2,Brasschaat 2,Brasschaat,51.27512,4.47169,1.4355109568453244,51.280373925590894,4.452838616069324,2020,8,14,11008,Brasschaat,Normaal,Droog,Dag,met lichtgewonden,3,Fiets,10,"één bestuurder, geen hindernis",Op Kruispunt,Gewestweg,binnen bebouwde kom,"Eén bestuurder, geen hindernis (incl. val)",Geen hindernis
20946,3,Brasschaat 1,Brasschaat,51.27503,4.47222,1.4732710571343328,51.280373925590894,4.452838616069324,2020,8,14,11008,Brasschaat,Normaal,Droog,Dag,met lichtgewonden,3,Fiets,10,"één bestuurder, geen hindernis",Op Kruispunt,Gewestweg,binnen bebouwde kom,"Eén bestuurder, geen hindernis (incl. val)",Geen hindernis
20953,3,Brasschaat 1,Brasschaat,51.27503,4.47222,1.6703547418421985,51.26100010973122,4.480799946326371,2020,9,7,11040,Schoten,Normaal,Droog,Dag,met lichtgewonden,6,Bromfiets,3,Fiets,Buiten Kruispunt,Gemeenteweg,buiten bebouwde kom,Tussen 2 bestuurders: Flank tegen flank,Geen hindernis
20953,2,Brasschaat 2,Brasschaat,51.27512,4.47169,1.6931597131534863,51.26100010973122,4.480799946326371,2020,9,7,11040,Schoten,Normaal,Droog,Dag,met lichtgewonden,6,Bromfiets,3,Fiets,Buiten Kruispunt,Gemeenteweg,buiten bebouwde kom,Tussen 2 bestuurders: Flank tegen flank,Geen hindernis
20972,104,Malle teller 2,Malle,51.31682,4.73852,1.79936542706957,51.30117668579516,4.731895939302006,2020,9,9,11057,Malle,Normaal,Droog,Dag,met lichtgewonden,9,personenauto,3,Fiets,Op Kruispunt,Gewestweg,binnen bebouwde kom,Tss. 2 best.: langs opzij (voor-/achterkant-flank),Geen hindernis
20972,103,Malle teller 1,Malle,51.31681,4.73872,1.80190016740447,51.30117668579516,4.731895939302006,2020,9,9,11057,Malle,Normaal,Droog,Dag,met lichtgewonden,9,personenauto,3,Fiets,Op Kruispunt,Gewestweg,binnen bebouwde kom,Tss. 2 best.: langs opzij (voor-/achterkant-flank),Geen hindernis
20973,104,Malle teller 2,Malle,51.31682,4.73852,1.9747030616258334,51.29938989499211,4.733078544913354,2020,9,9,11057,Malle,Normaal,Droog,Dag,met lichtgewonden,9,personenauto,3,Fiets,Op Kruispunt,Gewestweg,binnen bebouwde kom,Tss. 2 best.: langs opzij (voor-/achterkant-flank),Geen hindernis
20973,103,Malle teller 1,Malle,51.31681,4.73872,1.9763232088042828,51.29938989499211,4.733078544913354,2020,9,9,11057,Malle,Normaal,Droog,Dag,met lichtgewonden,9,personenauto,3,Fiets,Op Kruispunt,Gewestweg,binnen bebouwde kom,Tss. 2 best.: langs opzij (voor-/achterkant-flank),Geen hindernis
20995,92,Nijlen teller 1,Nijlen,51.14989,4.64479,1.1249211979222882,51.14142789876996,4.635952192110458,2020,8,8,12026,Nijlen,Normaal,Droog,Dag,met lichtgewonden,3,Fiets,9,personenauto,Op Kruispunt,Gemeenteweg,binnen bebouwde kom,Tussen 2 bestuurders: Frontale botsing,Geen hindernis
20995,93,Nijlen teller 2,Nijlen,51.14998,4.64469,1.1295254472212202,51.14142789876996,4.635952192110458,2020,8,8,12026,Nijlen,Normaal,Droog,Dag,met lichtgewonden,3,Fiets,9,personenauto,Op Kruispunt,Gemeenteweg,binnen bebouwde kom,Tussen 2 bestuurders: Frontale botsing,Geen hindernis
20996,94,Herentals teller 2,Herentals,51.17345,4.81283,2.036121211015516,51.15539212143129,4.807988932011103,2020,8,12,13011,Herentals,Onbekend,Onbekend,Dag,met lichtgewonden,9,personenauto,3,Fiets,Buiten Kruispunt,Gemeenteweg,onbekend,Tss. 2 best.: langs opzij (voor-/achterkant-flank),Geen hindernis
20996,110,Herentals totem,Herentals,51.1739426,4.811783,2.079615217725883,51.15539212143129,4.807988932011103,2020,8,12,13011,Herentals,Onbekend,Onbekend,Dag,met lichtgewonden,9,personenauto,3,Fiets,Buiten Kruispunt,Gemeenteweg,onbekend,Tss. 2 best.: langs opzij (voor-/achterkant-flank),Geen hindernis
20997,93,Nijlen teller 2,Nijlen,51.14998,4.64469,2.331041539632623,51.14144933835121,4.614165373175895,2020,8,19,12026,Nijlen,Normaal,Droog,Dag,met lichtgewonden,3,Fiets,2,Andere weggebruiker,Buiten Kruispunt,Gemeenteweg,buiten bebouwde kom,Tussen 2 bestuurders: Langs achteren,Geen hindernis
20997,92,Nijlen teller 1,Nijlen,51.14989,4.64479,2.3333738966503357,51.14144933835121,4.614165373175895,2020,8,19,12026,Nijlen,Normaal,Droog,Dag,met lichtgewonden,3,Fiets,2,Andere weggebruiker,Buiten Kruispunt,Gemeenteweg,buiten bebouwde kom,Tussen 2 bestuurders: Langs achteren,Geen hindernis
20999,9,Heist op den Berg 2,Heist-op-den-Berg,51.06904,4.69524,2.0485322520925786,51.0797589371175,4.71908738936346,2020,8,16,12014,Heist-op-den-Berg,Normaal,Droog,Dag,met lichtgewonden,9,personenauto,3,Fiets,Op Kruispunt,Gemeenteweg,buiten bebouwde kom,Tussen 2 bestuurders: Frontale botsing,Geen hindernis
21000,9,Heist op den Berg 2,Heist-op-den-Berg,51.06904,4.69524,0.3322835313038679,51.07199393758735,4.695959102177278,2020,8,15,12014,Heist-op-den-Berg,Onbekend,Onbekend,Dag,met lichtgewonden,3,Fiets,11,een weggebruiker tegen een hindernis,Buiten Kruispunt,Gemeenteweg,onbekend,Weggebruiker tegen hindernis op de rijbaan,Op de rijbaan: Dier (wild dier)
21000,8,Heist op den Berg 1,Heist-op-den-Berg,51.06759,4.68823,0.729008021660373,51.07199393758735,4.695959102177278,2020,8,15,12014,Heist-op-den-Berg,Onbekend,Onbekend,Dag,met lichtgewonden,3,Fiets,11,een weggebruiker tegen een hindernis,Buiten Kruispunt,Gemeenteweg,onbekend,Weggebruiker tegen hindernis op de rijbaan,Op de rijbaan: Dier (wild dier)
21001,9,Heist op den Berg 2,Heist-op-den-Berg,51.06904,4.69524,0.7809229404827432,51.067519211656695,4.706150949627512,2020,9,20,12014,Heist-op-den-Berg,Normaal,Droog,"Nacht, openbare verlichting aanwezig en ontstoken",met lichtgewonden,9,personenauto,3,Fiets,Buiten Kruispunt,Gemeenteweg,buiten bebouwde kom,Tussen 2 bestuurders: Frontale botsing,Geen hindernis
21001,8,Heist op den Berg 1,Heist-op-den-Berg,51.06759,4.68823,1.2522564461714183,51.067519211656695,4.706150949627512,2020,9,20,12014,Heist-op-den-Berg,Normaal,Droog,"Nacht, openbare verlichting aanwezig en ontstoken",met lichtgewonden,9,personenauto,3,Fiets,Buiten Kruispunt,Gemeenteweg,buiten bebouwde kom,Tussen 2 bestuurders: Frontale botsing,Geen hindernis
21031,88,Westerlo teller 1,Westerlo,51.082,4.91325,2.4404613520336174,51.10307552196773,4.903497330577673,2020,9,17,13049,Westerlo,Normaal,Droog,Dag,met lichtgewonden,3,Fiets,9,personenauto,Op Kruispunt,Gemeenteweg,buiten bebouwde kom,Tussen 2 bestuurders: Flank tegen flank,Geen hindernis
21031,89,Westerlo teller 2,Westerlo,51.08191,4.91334,2.45182775637014,51.10307552196773,4.903497330577673,2020,9,17,13049,Westerlo,Normaal,Droog,Dag,met lichtgewonden,3,Fiets,9,personenauto,Op Kruispunt,Gemeenteweg,buiten bebouwde kom,Tussen 2 bestuurders: Flank tegen flank,Geen hindernis
21034,88,Westerlo teller 1,Westerlo,51.082,4.91325,1.3373019325704059,51.09401335186263,4.912350009863886,2020,8,13,13049,Westerlo,Normaal,Droog,Dag,met lichtgewonden,3,Fiets,3,Fiets,Buiten Kruispunt,Gemeenteweg,buiten bebouwde kom,Tussen 2 bestuurders: Frontale botsing,Geen hindernis
21034,89,Westerlo teller 2,Westerlo,51.08191,4.91334,1.3476064070769123,51.09401335186263,4.912350009863886,2020,8,13,13049,Westerlo,Normaal,Droog,Dag,met lichtgewonden,3,Fiets,3,Fiets,Buiten Kruispunt,Gemeenteweg,buiten bebouwde kom,Tussen 2 bestuurders: Frontale botsing,Geen hindernis
21041,97,Geel teller 1,Geel,51.14813,4.99698,1.7299093389007572,51.16303170378954,5.004105491624894,2020,9,19,13008,Geel,Normaal,Droog,Dag,met lichtgewonden,9,personenauto,3,Fiets,Buiten Kruispunt,Gewestweg,binnen bebouwde kom,Tussen 2 bestuurders: Langs achteren,Geen hindernis
21041,98,Geel teller 2,Geel,51.1481,4.99643,1.744490790658936,51.16303170378954,5.004105491624894,2020,9,19,13008,Geel,Normaal,Droog,Dag,met lichtgewonden,9,personenauto,3,Fiets,Buiten Kruispunt,Gewestweg,binnen bebouwde kom,Tussen 2 bestuurders: Langs achteren,Geen hindernis
21050,4,Balen 1,Balen,51.16023,5.19011,2.4361702969421293,51.1818060892393,5.184041633058513,2020,8,18,13003,Balen,Normaal,Droog,Dag,Met doden,9,personenauto,3,Fiets,Buiten Kruispunt,Gemeenteweg,buiten bebouwde kom,Tss. 2 best.: langs opzij (voor-/achterkant-flank),Geen hindernis
21050,5,Balen 2,Balen,51.16018,5.19003,2.440685517519216,51.1818060892393,5.184041633058513,2020,8,18,13003,Balen,Normaal,Droog,Dag,Met doden,9,personenauto,3,Fiets,Buiten Kruispunt,Gemeenteweg,buiten bebouwde kom,Tss. 2 best.: langs opzij (voor-/achterkant-flank),Geen hindernis
21051,4,Balen 1,Balen,51.16023,5.19011,2.177075568722331,51.17723366665769,5.1746304357030555,2020,9,5,13003,Balen,Normaal,"Nat, plassen","Nacht, openbare verlichting aanwezig en ontstoken",met lichtgewonden,9,personenauto,3,Fiets,Op Kruispunt,Gewestweg,binnen bebouwde kom,Tss. 2 best.: langs opzij (voor-/achterkant-flank),Geen hindernis
21051,5,Balen 2,Balen,51.16018,5.19003,2.1791524128346986,51.17723366665769,5.1746304357030555,2020,9,5,13003,Balen,Normaal,"Nat, plassen","Nacht, openbare verlichting aanwezig en ontstoken",met lichtgewonden,9,personenauto,3,Fiets,Op Kruispunt,Gewestweg,binnen bebouwde kom,Tss. 2 best.: langs opzij (voor-/achterkant-flank),Geen hindernis
21062,94,Herentals teller 2,Herentals,51.17345,4.81283,1.5476490854914953,51.17158080822925,4.834828008332469,2020,8,14,13011,Herentals,Onbekend,Onbekend,Dag,met lichtgewonden,3,Fiets,2,Andere weggebruiker,Op Kruispunt,Gemeenteweg,onbekend,Tss. 2 best.: langs opzij (voor-/achterkant-flank),Geen hindernis
21062,110,Herentals totem,Herentals,51.1739426,4.811783,1.627936510361894,51.17158080822925,4.834828008332469,2020,8,14,13011,Herentals,Onbekend,Onbekend,Dag,met lichtgewonden,3,Fiets,2,Andere weggebruiker,Op Kruispunt,Gemeenteweg,onbekend,Tss. 2 best.: langs opzij (voor-/achterkant-flank),Geen hindernis
21063,94,Herentals teller 2,Herentals,51.17345,4.81283,1.371432977240037,51.1704376488902,4.831905516304356,2020,9,8,13011,Herentals,Normaal,Droog,Dag,met lichtgewonden,3,Fiets,3,Fiets,Buiten Kruispunt,Gemeenteweg,binnen bebouwde kom,Tussen 2 bestuurders: Langs achteren,Geen hindernis
21063,110,Herentals totem,Herentals,51.1739426,4.811783,1.4560152371512711,51.1704376488902,4.831905516304356,2020,9,8,13011,Herentals,Normaal,Droog,Dag,met lichtgewonden,3,Fiets,3,Fiets,Buiten Kruispunt,Gemeenteweg,binnen bebouwde kom,Tussen 2 bestuurders: Langs achteren,Geen hindernis
21069,94,Herentals teller 2,Herentals,51.17345,4.81283,1.3960894489779059,51.16978099002752,4.831980678201412,2020,9,16,13011,Herentals,Regenval,"Nat, plassen",Dag,met lichtgewonden,9,personenauto,3,Fiets,Op Kruispunt,Gemeenteweg,buiten bebouwde kom,Tss. 2 best.: langs opzij (voor-/achterkant-flank),Geen hindernis
21069,110,Herentals totem,Herentals,51.1739426,4.811783,1.4822227803872954,51.16978099002752,4.831980678201412,2020,9,16,13011,Herentals,Regenval,"Nat, plassen",Dag,met lichtgewonden,9,personenauto,3,Fiets,Op Kruispunt,Gemeenteweg,buiten bebouwde kom,Tss. 2 best.: langs opzij (voor-/achterkant-flank),Geen hindernis
21070,38,Lommel teller 2,Lommel,51.23277,5.29189,2.2512075576091943,51.22184283596986,5.319105954871469,2020,9,10,72020,Lommel,Normaal,Droog,Dag,met lichtgewonden,3,Fiets,9,personenauto,Op Kruispunt,Gemeenteweg,buiten bebouwde kom,Tss. 2 best.: langs opzij (voor-/achterkant-flank),Geen hindernis
21070,37,Lommel teller 1,Lommel,51.23299,5.29211,2.2516956607310235,51.22184283596986,5.319105954871469,2020,9,10,72020,Lommel,Normaal,Droog,Dag,met lichtgewonden,3,Fiets,9,personenauto,Op Kruispunt,Gemeenteweg,buiten bebouwde kom,Tss. 2 best.: langs opzij (voor-/achterkant-flank),Geen hindernis
21071,45,Pelt teller 1,Pelt,51.23127,5.44377,0.890831158433003,51.233401851615135,5.43143682945004,2020,8,19,72043,Pelt,Normaal,Droog,Dag,met lichtgewonden,3,Fiets,2,Andere weggebruiker,Buiten Kruispunt,Gemeenteweg,buiten bebouwde kom,Tussen 2 bestuurders: Frontale botsing,Geen hindernis
21071,46,Pelt teller 2,Pelt,51.231,5.44375,0.8979587965401218,51.233401851615135,5.43143682945004,2020,8,19,72043,Pelt,Normaal,Droog,Dag,met lichtgewonden,3,Fiets,2,Andere weggebruiker,Buiten Kruispunt,Gemeenteweg,buiten bebouwde kom,Tussen 2 bestuurders: Frontale botsing,Geen hindernis
21073,38,Lommel teller 2,Lommel,51.23277,5.29189,1.524336663977599,51.22259893311462,5.306567049336314,2020,8,16,72020,Lommel,Normaal,Droog,Dag,met lichtgewonden,9,personenauto,3,Fiets,Buiten Kruispunt,Gemeenteweg,buiten bebouwde kom,Tss. 2 best.: langs opzij (voor-/achterkant-flank),Geen hindernis
21073,37,Lommel teller 1,Lommel,51.23299,5.29211,1.5324657007391635,51.22259893311462,5.306567049336314,2020,8,16,72020,Lommel,Normaal,Droog,Dag,met lichtgewonden,9,personenauto,3,Fiets,Buiten Kruispunt,Gemeenteweg,buiten bebouwde kom,Tss. 2 best.: langs opzij (voor-/achterkant-flank),Geen hindernis
21075,37,Lommel teller 1,Lommel,51.23299,5.29211,1.7665661642520218,51.228028272847574,5.31621205304985,2020,8,9,72020,Lommel,Normaal,Droog,Dag,met lichtgewonden,3,Fiets,11,een weggebruiker tegen een hindernis,Buiten Kruispunt,Gemeenteweg,binnen bebouwde kom,Weggebruiker tegen hindernis buiten rijbaan,Andere hindernis
21075,38,Lommel teller 2,Lommel,51.23277,5.29189,1.7737035328816189,51.228028272847574,5.31621205304985,2020,8,9,72020,Lommel,Normaal,Droog,Dag,met lichtgewonden,3,Fiets,11,een weggebruiker tegen een hindernis,Buiten Kruispunt,Gemeenteweg,binnen bebouwde kom,Weggebruiker tegen hindernis buiten rijbaan,Andere hindernis
21076,37,Lommel teller 1,Lommel,51.23299,5.29211,1.544813151936889,51.228777366951945,5.313251971881686,2020,8,9,72020,Lommel,Normaal,Droog,Dag,met lichtgewonden,9,personenauto,3,Fiets,Buiten Kruispunt,Gewestweg,binnen bebouwde kom,Tss. 2 best.: langs opzij (voor-/achterkant-flank),Geen hindernis
21076,38,Lommel teller 2,Lommel,51.23277,5.29189,1.5522476731320338,51.228777366951945,5.313251971881686,2020,8,9,72020,Lommel,Normaal,Droog,Dag,met lichtgewonden,9,personenauto,3,Fiets,Buiten Kruispunt,Gewestweg,binnen bebouwde kom,Tss. 2 best.: langs opzij (voor-/achterkant-flank),Geen hindernis
21077,38,Lommel teller 2,Lommel,51.23277,5.29189,1.8230142300107082,51.224056441698956,5.314066775552785,2020,9,20,72020,Lommel,Normaal,Droog,"Nacht, openbare verlichting aanwezig en ontstoken",met lichtgewonden,9,personenauto,3,Fiets,Op Kruispunt,Gewestweg,binnen bebouwde kom,Tss. 2 best.: langs opzij (voor-/achterkant-flank),Geen hindernis
21077,37,Lommel teller 1,Lommel,51.23299,5.29211,1.8232649795180695,51.224056441698956,5.314066775552785,2020,9,20,72020,Lommel,Normaal,Droog,"Nacht, openbare verlichting aanwezig en ontstoken",met lichtgewonden,9,personenauto,3,Fiets,Op Kruispunt,Gewestweg,binnen bebouwde kom,Tss. 2 best.: langs opzij (voor-/achterkant-flank),Geen hindernis
21078,37,Lommel teller 1,Lommel,51.23299,5.29211,1.9686848907480643,51.228863605875,5.319605527394664,2020,9,17,72020,Lommel,Normaal,Droog,Dag,met lichtgewonden,9,personenauto,3,Fiets,Buiten Kruispunt,Gemeenteweg,buiten bebouwde kom,Tss. 2 best.: langs opzij (voor-/achterkant-flank),Geen hindernis
21078,38,Lommel teller 2,Lommel,51.23277,5.29189,1.9780735268990435,51.228863605875,5.319605527394664,2020,9,17,72020,Lommel,Normaal,Droog,Dag,met lichtgewonden,9,personenauto,3,Fiets,Buiten Kruispunt,Gemeenteweg,buiten bebouwde kom,Tss. 2 best.: langs opzij (voor-/achterkant-flank),Geen hindernis
21079,38,Lommel teller 2,Lommel,51.23277,5.29189,1.8230142300107082,51.224056441698956,5.314066775552785,2020,10,15,72020,Lommel,Normaal,Droog,Dag,met lichtgewonden,9,personenauto,3,Fiets,Op Kruispunt,Gewestweg,binnen bebouwde kom,Tss. 2 best.: langs opzij (voor-/achterkant-flank),Geen hindernis
21079,37,Lommel teller 1,Lommel,51.23299,5.29211,1.8232649795180695,51.224056441698956,5.314066775552785,2020,10,15,72020,Lommel,Normaal,Droog,Dag,met lichtgewonden,9,personenauto,3,Fiets,Op Kruispunt,Gewestweg,binnen bebouwde kom,Tss. 2 best.: langs opzij (voor-/achterkant-flank),Geen hindernis
21080,38,Lommel teller 2,Lommel,51.23277,5.29189,1.6593691662274022,51.226958415454654,5.2699401527256216,2020,8,22,72020,Lommel,Onbekend,Onbekend,Onbekend,met lichtgewonden,9,personenauto,3,Fiets,Buiten Kruispunt,Gemeenteweg,onbekend,Tussen 2 bestuurders: Flank tegen flank,Geen hindernis
21080,37,Lommel teller 1,Lommel,51.23299,5.29211,1.683083292181271,51.226958415454654,5.2699401527256216,2020,8,22,72020,Lommel,Onbekend,Onbekend,Onbekend,met lichtgewonden,9,personenauto,3,Fiets,Buiten Kruispunt,Gemeenteweg,onbekend,Tussen 2 bestuurders: Flank tegen flank,Geen hindernis
21082,45,Pelt teller 1,Pelt,51.23127,5.44377,0.472996040468775,51.234650303189206,5.447893967671195,2020,8,13,72043,Pelt,Normaal,Droog,Dag,met lichtgewonden,3,Fiets,10,"één bestuurder, geen hindernis",Op Kruispunt,Gewestweg,buiten bebouwde kom,"Eén bestuurder, geen hindernis (incl. val)",Geen hindernis
21082,46,Pelt teller 2,Pelt,51.231,5.44375,0.49799404983367823,51.234650303189206,5.447893967671195,2020,8,13,72043,Pelt,Normaal,Droog,Dag,met lichtgewonden,3,Fiets,10,"één bestuurder, geen hindernis",Op Kruispunt,Gewestweg,buiten bebouwde kom,"Eén bestuurder, geen hindernis (incl. val)",Geen hindernis
21083,45,Pelt teller 1,Pelt,51.23127,5.44377,0.2115781572347219,51.23229772560788,5.441212640747074,2020,9,16,72043,Pelt,Normaal,Droog,Dag,met lichtgewonden,3,Fiets,3,Fiets,Buiten Kruispunt,Gemeenteweg,buiten bebouwde kom,Tussen 2 bestuurders: Flank tegen flank,Geen hindernis
21083,46,Pelt teller 2,Pelt,51.231,5.44375,0.22811121395148,51.23229772560788,5.441212640747074,2020,9,16,72043,Pelt,Normaal,Droog,Dag,met lichtgewonden,3,Fiets,3,Fiets,Buiten Kruispunt,Gemeenteweg,buiten bebouwde kom,Tussen 2 bestuurders: Flank tegen flank,Geen hindernis