crash_row_id,site_id,site_name,site_gemeente,site_lat,site_long,distance_km,crash_lat,crash_long,DT_YEAR_COLLISION,DT_MONTH_COLLISION,DT_TIME,CD_NIS,TX_MUNTY_COLLISION_NL,TX_WEATHER_NL,TX_ROAD_CONDITION_NL,TX_LIGHT_CONDITION_NL,TX_CLASS_ACCIDENTS_NL,CD_ROAD_USR_TYPE1,TX_ROAD_USR_TYPE1_NL,CD_ROAD_USR_TYPE2,TX_ROAD_USR_TYPE2_NL,TX_CROSSWAY_NL,CD_ROAD_TYPE_NL,TX_BUILD_UP_AREA_NL,TX_COLLISION_TYPE_NL,TX_OBSTACLES_NL
21086,46,Pelt teller 2,Pelt,51.231,5.44375,2.445951947896151,51.222941563230236,5.411066293399289,2020,8,5,72043,Pelt,Normaal,"Nat, plassen",Dageraad - schemering,met lichtgewonden,9,personenauto,3,Fiets,Op Kruispunt,Gemeenteweg,buiten bebouwde kom,Tss. 2 best.: langs opzij (voor-/achterkant-flank),Geen hindernis
21086,45,Pelt teller 1,Pelt,51.23127,5.44377,2.4583931852002916,51.222941563230236,5.411066293399289,2020,8,5,72043,Pelt,Normaal,"Nat, plassen",Dageraad - schemering,met lichtgewonden,9,personenauto,3,Fiets,Op Kruispunt,Gemeenteweg,buiten bebouwde kom,Tss. 2 best.: langs opzij (voor-/achterkant-flank),Geen hindernis
21087,45,Pelt teller 1,Pelt,51.23127,5.44377,1.667797042865333,51.24594122453533,5.438790044601651,2020,8,7,72043,Pelt,Normaal,Droog,Dag,met lichtgewonden,9,personenauto,3,Fiets,Op Kruispunt,Gemeenteweg,buiten bebouwde kom,Tss. 2 best.: langs opzij (voor-/achterkant-flank),Geen hindernis
21087,46,Pelt teller 2,Pelt,51.231,5.44375,1.696891670200704,51.24594122453533,5.438790044601651,2020,8,7,72043,Pelt,Normaal,Droog,Dag,met lichtgewonden,9,personenauto,3,Fiets,Op Kruispunt,Gemeenteweg,buiten bebouwde kom,Tss. 2 best.: langs opzij (voor-/achterkant-flank),Geen hindernis
21105,39,Peer teller 1,Peer,51.13425,5.47817,2.083138951770693,51.13270569311163,5.44841682900144,2020,9,13,72030,Peer,Normaal,Droog,Dag,met lichtgewonden,8,Voetganger,3,Fiets,Buiten Kruispunt,Gewestweg,binnen bebouwde kom,Met een voetganger,Geen hindernis
21105,40,Peer teller 2,Peer,51.13438,5.47892,2.136505090980354,51.13270569311163,5.44841682900144,2020,9,13,72030,Peer,Normaal,Droog,Dag,met lichtgewonden,8,Voetganger,3,Fiets,Buiten Kruispunt,Gewestweg,binnen bebouwde kom,Met een voetganger,Geen hindernis
21115,34,Heers teller 1,Heers,50.75486,5.3033,0.16947976313789306,50.756223498132805,5.304376690334968,2020,9,15,73022,Heers,Normaal,Droog,Dag,dodelijk gewonden,9,personenauto,3,Fiets,Buiten Kruispunt,Gewestweg,buiten bebouwde kom,Tss. 2 best.: langs opzij (voor-/achterkant-flank),Geen hindernis
21115,28,Heers,Heers,50.75488,5.30314,0.17287455442536087,50.756223498132805,5.304376690334968,2020,9,15,73022,Heers,Normaal,Droog,Dag,dodelijk gewonden,9,personenauto,3,Fiets,Buiten Kruispunt,Gewestweg,buiten bebouwde kom,Tss. 2 best.: langs opzij (voor-/achterkant-flank),Geen hindernis
21123,34,Heers teller 1,Heers,50.75486,5.3033,1.5488086850011757,50.76831419364992,5.3089990154395705,2020,9,16,73022,Heers,Normaal,Droog,Dag,met lichtgewonden,3,Fiets,10,"één bestuurder, geen hindernis",Buiten Kruispunt,Gewestweg,buiten bebouwde kom,"Eén bestuurder, geen hindernis (incl. val)",Geen hindernis
21123,28,Heers,Heers,50.75488,5.30314,1.5496154010356251,50.76831419364992,5.3089990154395705,2020,9,16,73022,Heers,Normaal,Droog,Dag,met lichtgewonden,3,Fiets,10,"één bestuurder, geen hindernis",Buiten Kruispunt,Gewestweg,buiten bebouwde kom,"Eén bestuurder, geen hindernis (incl. val)",Geen hindernis
21130,21,Bilzen,Bilzen,50.86015,5.50161,0.46890089092958676,50.86376628861233,5.505046496005556,2020,9,16,73006,Bilzen,Normaal,Droog,Dag,met lichtgewonden,9,personenauto,3,Fiets,Buiten Kruispunt,Gewestweg,buiten bebouwde kom,Tss. 2 best.: langs opzij (voor-/achterkant-flank),Geen hindernis
21131,21,Bilzen,Bilzen,50.86015,5.50161,2.136419333285578,50.8768261792079,5.516730023558555,2020,9,14,73006,Bilzen,Normaal,Droog,Dag,met lichtgewonden,3,Fiets,3,Fiets,Buiten Kruispunt,Gemeenteweg,binnen bebouwde kom,Tss. 2 best.: langs opzij (voor-/achterkant-flank),Geen hindernis
21134,21,Bilzen,Bilzen,50.86015,5.50161,1.3684432792829795,50.84978959186726,5.491088517212522,2020,8,8,73032,Hoeselt,Normaal,Droog,Dag,met lichtgewonden,9,personenauto,3,Fiets,Op Kruispunt,Gewestweg,binnen bebouwde kom,Tss. 2 best.: langs opzij (voor-/achterkant-flank),Geen hindernis
21135,21,Bilzen,Bilzen,50.86015,5.50161,1.350219476870189,50.86989823647196,5.513081381294309,2020,8,17,73006,Bilzen,Normaal,Droog,Dag,met zwaargewonden,7,Motorfiets,3,Fiets,Op Kruispunt,Gewestweg,binnen bebouwde kom,Tussen 2 bestuurders: Flank tegen flank,Geen hindernis
21140,21,Bilzen,Bilzen,50.86015,5.50161,0.9993759704225705,50.86560701659974,5.490295786217653,2020,8,16,73032,Hoeselt,Normaal,Droog,Dag,met lichtgewonden,3,Fiets,9,personenauto,Buiten Kruispunt,Gemeenteweg,buiten bebouwde kom,Tussen 2 bestuurders: Frontale botsing,Geen hindernis
21143,44,Maaseik teller 2,Maaseik,51.09359,5.79726,0.6072693335596981,51.098967358996916,5.795741142349396,2020,9,8,72021,Maaseik,Normaal,Droog,Dageraad - schemering,met lichtgewonden,3,Fiets,9,personenauto,Op Kruispunt,Gewestweg,buiten bebouwde kom,Tss. 2 best.: langs opzij (voor-/achterkant-flank),Geen hindernis
21143,43,Maaseik teller 1,Maaseik,51.09344,5.79715,0.6224387560244546,51.098967358996916,5.795741142349396,2020,9,8,72021,Maaseik,Normaal,Droog,Dageraad - schemering,met lichtgewonden,3,Fiets,9,personenauto,Op Kruispunt,Gewestweg,buiten bebouwde kom,Tss. 2 best.: langs opzij (voor-/achterkant-flank),Geen hindernis
21144,43,Maaseik teller 1,Maaseik,51.09344,5.79715,0.47947579375533117,51.094252507339384,5.790407207764753,2020,9,16,72021,Maaseik,Normaal,Droog,Dag,met lichtgewonden,3,Fiets,3,Fiets,Op Kruispunt,Gemeenteweg,binnen bebouwde kom,Tss. 2 best.: langs opzij (voor-/achterkant-flank),Geen hindernis
21144,44,Maaseik teller 2,Maaseik,51.09359,5.79726,0.48420481449732106,51.094252507339384,5.790407207764753,2020,9,16,72021,Maaseik,Normaal,Droog,Dag,met lichtgewonden,3,Fiets,3,Fiets,Op Kruispunt,Gemeenteweg,binnen bebouwde kom,Tss. 2 best.: langs opzij (voor-/achterkant-flank),Geen hindernis
21146,151,Leuven,District Leuven,50.8690262,4.6854839,0.7041569242446394,50.869617751058264,4.695474445177423,2020,9,17,24062,Leuven,Regenval,"Nat, plassen",Dag,met lichtgewonden,9,personenauto,3,Fiets,Buiten Kruispunt,Gewestweg,binnen bebouwde kom,Tussen 2 bestuurders: Flank tegen flank,Geen hindernis
21146,69,Leuven teller 1,Leuven,50.87549,4.71526,1.534224570702209,50.869617751058264,4.695474445177423,2020,9,17,24062,Leuven,Regenval,"Nat, plassen",Dag,met lichtgewonden,9,personenauto,3,Fiets,Buiten Kruispunt,Gewestweg,binnen bebouwde kom,Tussen 2 bestuurders: Flank tegen flank,Geen hindernis
21146,77,Leuven teller 2,Leuven,50.88672,4.70796,2.0937454084893456,50.869617751058264,4.695474445177423,2020,9,17,24062,Leuven,Regenval,"Nat, plassen",Dag,met lichtgewonden,9,personenauto,3,Fiets,Buiten Kruispunt,Gewestweg,binnen bebouwde kom,Tussen 2 bestuurders: Flank tegen flank,Geen hindernis
21146,107,leuven totem,Leuven,50.8870744,4.7087919,2.154266039423979,50.869617751058264,4.695474445177423,2020,9,17,24062,Leuven,Regenval,"Nat, plassen",Dag,met lichtgewonden,9,personenauto,3,Fiets,Buiten Kruispunt,Gewestweg,binnen bebouwde kom,Tussen 2 bestuurders: Flank tegen flank,Geen hindernis
21146,108,Heverlee teller 1,Leuven,50.8471728,4.6954674,2.49576473545449,50.869617751058264,4.695474445177423,2020,9,17,24062,Leuven,Regenval,"Nat, plassen",Dag,met lichtgewonden,9,personenauto,3,Fiets,Buiten Kruispunt,Gewestweg,binnen bebouwde kom,Tussen 2 bestuurders: Flank tegen flank,Geen hindernis
21147,69,Leuven teller 1,Leuven,50.87549,4.71526,0.49957026450022995,50.879975302607825,4.7156696231987345,2020,9,17,24062,Leuven,Normaal,Droog,Dag,met lichtgewonden,3,Fiets,3,Fiets,Buiten Kruispunt,Gemeenteweg,binnen bebouwde kom,Tussen 2 bestuurders: Frontale botsing,Geen hindernis
21147,77,Leuven teller 2,Leuven,50.88672,4.70796,0.9246548554461691,50.879975302607825,4.7156696231987345,2020,9,17,24062,Leuven,Normaal,Droog,Dag,met lichtgewonden,3,Fiets,3,Fiets,Buiten Kruispunt,Gemeenteweg,binnen bebouwde kom,Tussen 2 bestuurders: Frontale botsing,Geen hindernis
21147,107,leuven totem,Leuven,50.8870744,4.7087919,0.9251617751699336,50.879975302607825,4.7156696231987345,2020,9,17,24062,Leuven,Normaal,Droog,Dag,met lichtgewonden,3,Fiets,3,Fiets,Buiten Kruispunt,Gemeenteweg,binnen bebouwde kom,Tussen 2 bestuurders: Frontale botsing,Geen hindernis
21147,151,Leuven,District Leuven,50.8690262,4.6854839,2.4430075087488023,50.879975302607825,4.7156696231987345,2020,9,17,24062,Leuven,Normaal,Droog,Dag,met lichtgewonden,3,Fiets,3,Fiets,Buiten Kruispunt,Gemeenteweg,binnen bebouwde kom,Tussen 2 bestuurders: Frontale botsing,Geen hindernis
21148,77,Leuven teller 2,Leuven,50.88672,4.70796,0.9537406939960403,50.881131257032145,4.697646885063479,2020,9,13,24062,Leuven,Normaal,Droog,Dag,met lichtgewonden,3,Fiets,10,"één bestuurder, geen hindernis",Op Kruispunt,Gemeenteweg,binnen bebouwde kom,"Eén bestuurder, geen hindernis (incl. val)",Geen hindernis
21148,107,leuven totem,Leuven,50.8870744,4.7087919,1.0237182399177744,50.881131257032145,4.697646885063479,2020,9,13,24062,Leuven,Normaal,Droog,Dag,met lichtgewonden,3,Fiets,10,"één bestuurder, geen hindernis",Op Kruispunt,Gemeenteweg,binnen bebouwde kom,"Eén bestuurder, geen hindernis (incl. val)",Geen hindernis
21148,69,Leuven teller 1,Leuven,50.87549,4.71526,1.3858389358137007,50.881131257032145,4.697646885063479,2020,9,13,24062,Leuven,Normaal,Droog,Dag,met lichtgewonden,3,Fiets,10,"één bestuurder, geen hindernis",Op Kruispunt,Gemeenteweg,binnen bebouwde kom,"Eén bestuurder, geen hindernis (incl. val)",Geen hindernis
21148,151,Leuven,District Leuven,50.8690262,4.6854839,1.593769380020221,50.881131257032145,4.697646885063479,2020,9,13,24062,Leuven,Normaal,Droog,Dag,met lichtgewonden,3,Fiets,10,"één bestuurder, geen hindernis",Op Kruispunt,Gemeenteweg,binnen bebouwde kom,"Eén bestuurder, geen hindernis (incl. val)",Geen hindernis
21150,107,leuven totem,Leuven,50.8870744,4.7087919,1.727114030954666,50.88961626471345,4.733081837434979,2020,8,13,24062,Leuven,Normaal,Droog,Dag,met lichtgewonden,9,personenauto,3,Fiets,Op Kruispunt,Gemeenteweg,binnen bebouwde kom,Tss. 2 best.: langs opzij (voor-/achterkant-flank),Geen hindernis
21150,77,Leuven teller 2,Leuven,50.88672,4.70796,1.791377072291706,50.88961626471345,4.733081837434979,2020,8,13,24062,Leuven,Normaal,Droog,Dag,met lichtgewonden,9,personenauto,3,Fiets,Op Kruispunt,Gemeenteweg,binnen bebouwde kom,Tss. 2 best.: langs opzij (voor-/achterkant-flank),Geen hindernis
21150,69,Leuven teller 1,Leuven,50.87549,4.71526,2.007612534743392,50.88961626471345,4.733081837434979,2020,8,13,24062,Leuven,Normaal,Droog,Dag,met lichtgewonden,9,personenauto,3,Fiets,Op Kruispunt,Gemeenteweg,binnen bebouwde kom,Tss. 2 best.: langs opzij (voor-/achterkant-flank),Geen hindernis
21151,107,leuven totem,Leuven,50.8870744,4.7087919,2.4267407547160365,50.90876482006257,4.71261745037347,2020,8,9,24062,Leuven,Normaal,Droog,Dag,met zwaargewonden,3,Fiets,10,"één bestuurder, geen hindernis",Buiten Kruispunt,Gewestweg,binnen bebouwde kom,"Eén bestuurder, geen hindernis (incl. val)",Geen hindernis
21151,77,Leuven teller 2,Leuven,50.88672,4.70796,2.4729384235244143,50.90876482006257,4.71261745037347,2020,8,9,24062,Leuven,Normaal,Droog,Dag,met zwaargewonden,3,Fiets,10,"één bestuurder, geen hindernis",Buiten Kruispunt,Gewestweg,binnen bebouwde kom,"Eén bestuurder, geen hindernis (incl. val)",Geen hindernis
21152,77,Leuven teller 2,Leuven,50.88672,4.70796,1.1631322172013836,50.885886303513786,4.691431766171734,2020,8,11,24062,Leuven,Normaal,Droog,Dag,met lichtgewonden,3,Fiets,10,"één bestuurder, geen hindernis",Buiten Kruispunt,Gemeenteweg,binnen bebouwde kom,"Eén bestuurder, geen hindernis (incl. val)",Geen hindernis
21152,107,leuven totem,Leuven,50.8870744,4.7087919,1.2249290240142479,50.885886303513786,4.691431766171734,2020,8,11,24062,Leuven,Normaal,Droog,Dag,met lichtgewonden,3,Fiets,10,"één bestuurder, geen hindernis",Buiten Kruispunt,Gemeenteweg,binnen bebouwde kom,"Eén bestuurder, geen hindernis (incl. val)",Geen hindernis
21152,151,Leuven,District Leuven,50.8690262,4.6854839,1.920642619928303,50.885886303513786,4.691431766171734,2020,8,11,24062,Leuven,Normaal,Droog,Dag,met lichtgewonden,3,Fiets,10,"één bestuurder, geen hindernis",Buiten Kruispunt,Gemeenteweg,binnen bebouwde kom,"Eén bestuurder, geen hindernis (incl. val)",Geen hindernis
21152,69,Leuven teller 1,Leuven,50.87549,4.71526,2.0324898472198987,50.885886303513786,4.691431766171734,2020,8,11,24062,Leuven,Normaal,Droog,Dag,met lichtgewonden,3,Fiets,10,"één bestuurder, geen hindernis",Buiten Kruispunt,Gemeenteweg,binnen bebouwde kom,"Eén bestuurder, geen hindernis (incl. val)",Geen hindernis
21153,151,Leuven,District Leuven,50.8690262,4.6854839,0.825747577965413,50.8657678484702,4.696057398163419,2020,8,11,24062,Leuven,Normaal,Droog,Dag,met lichtgewonden,3,Fiets,3,Fiets,Buiten Kruispunt,Gewestweg,binnen bebouwde kom,Tss. 2 best.: langs opzij (voor-/achterkant-flank),Geen hindernis
21153,69,Leuven teller 1,Leuven,50.87549,4.71526,1.7275423127678686,50.8657678484702,4.696057398163419,2020,8,11,24062,Leuven,Normaal,Droog,Dag,met lichtgewonden,3,Fiets,3,Fiets,Buiten Kruispunt,Gewestweg,binnen bebouwde kom,Tss. 2 best.: langs opzij (voor-/achterkant-flank),Geen hindernis
21153,108,Heverlee teller 1,Leuven,50.8471728,4.6954674,2.0680897554600537,50.8657678484702,4.696057398163419,2020,8,11,24062,Leuven,Normaal,Droog,Dag,met lichtgewonden,3,Fiets,3,Fiets,Buiten Kruispunt,Gewestweg,binnen bebouwde kom,Tss. 2 best.: langs opzij (voor-/achterkant-flank),Geen hindernis
21153,76,Heverlee teller 2,Leuven,50.84606,4.69597,2.191421352205218,50.8657678484702,4.696057398163419,2020,8,11,24062,Leuven,Normaal,Droog,Dag,met lichtgewonden,3,Fiets,3,Fiets,Buiten Kruispunt,Gewestweg,binnen bebouwde kom,Tss. 2 best.: langs opzij (voor-/achterkant-flank),Geen hindernis
21153,77,Leuven teller 2,Leuven,50.88672,4.70796,2.4749314156584705,50.8657678484702,4.696057398163419,2020,8,11,24062,Leuven,Normaal,Droog,Dag,met lichtgewonden,3,Fiets,3,Fiets,Buiten Kruispunt,Gewestweg,binnen bebouwde kom,Tss. 2 best.: langs opzij (voor-/achterkant-flank),Geen hindernis
21154,107,leuven totem,Leuven,50.8870744,4.7087919,0.9582267277103661,50.88735195258735,4.722445039471975,2020,8,9,24062,Leuven,Normaal,Droog,Dag,met lichtgewonden,9,personenauto,3,Fiets,Buiten Kruispunt,Gemeenteweg,binnen bebouwde kom,Tussen 2 bestuurders: Flank tegen flank,Geen hindernis
21154,77,Leuven teller 2,Leuven,50.88672,4.70796,1.0185158569779238,50.88735195258735,4.722445039471975,2020,8,9,24062,Leuven,Normaal,Droog,Dag,met lichtgewonden,9,personenauto,3,Fiets,Buiten Kruispunt,Gemeenteweg,binnen bebouwde kom,Tussen 2 bestuurders: Flank tegen flank,Geen hindernis
21154,69,Leuven teller 1,Leuven,50.87549,4.71526,1.4120274579211534,50.88735195258735,4.722445039471975,2020,8,9,24062,Leuven,Normaal,Droog,Dag,met lichtgewonden,9,personenauto,3,Fiets,Buiten Kruispunt,Gemeenteweg,binnen bebouwde kom,Tussen 2 bestuurders: Flank tegen flank,Geen hindernis
21155,69,Leuven teller 1,Leuven,50.87549,4.71526,0.9100224762719821,50.87096762315638,4.726069214558723,2020,8,8,24062,Leuven,Normaal,Droog,Dag,met lichtgewonden,9,personenauto,3,Fiets,Buiten Kruispunt,Gewestweg,buiten bebouwde kom,Tss. 2 best.: langs opzij (voor-/achterkant-flank),Geen hindernis
21155,107,leuven totem,Leuven,50.8870744,4.7087919,2.1626382536488338,50.87096762315638,4.726069214558723,2020,8,8,24062,Leuven,Normaal,Droog,Dag,met lichtgewonden,9,personenauto,3,Fiets,Buiten Kruispunt,Gewestweg,buiten bebouwde kom,Tss. 2 best.: langs opzij (voor-/achterkant-flank),Geen hindernis
21155,77,Leuven teller 2,Leuven,50.88672,4.70796,2.163866265335702,50.87096762315638,4.726069214558723,2020,8,8,24062,Leuven,Normaal,Droog,Dag,met lichtgewonden,9,personenauto,3,Fiets,Buiten Kruispunt,Gewestweg,buiten bebouwde kom,Tss. 2 best.: langs opzij (voor-/achterkant-flank),Geen hindernis
21156,69,Leuven teller 1,Leuven,50.87549,4.71526,0.8692440233396654,50.870229852714886,4.724423904762905,2020,8,17,24062,Leuven,Normaal,Droog,Dag,met lichtgewonden,9,personenauto,3,Fiets,Buiten Kruispunt,Gemeenteweg,buiten bebouwde kom,Tss. 2 best.: langs opzij (voor-/achterkant-flank),Geen hindernis
21156,77,Leuven teller 2,Leuven,50.88672,4.70796,2.1671299428286943,50.870229852714886,4.724423904762905,2020,8,17,24062,Leuven,Normaal,Droog,Dag,met lichtgewonden,9,personenauto,3,Fiets,Buiten Kruispunt,Gemeenteweg,buiten bebouwde kom,Tss. 2 best.: langs opzij (voor-/achterkant-flank),Geen hindernis
21156,107,leuven totem,Leuven,50.8870744,4.7087919,2.170502183546505,50.870229852714886,4.724423904762905,2020,8,17,24062,Leuven,Normaal,Droog,Dag,met lichtgewonden,9,personenauto,3,Fiets,Buiten Kruispunt,Gemeenteweg,buiten bebouwde kom,Tss. 2 best.: langs opzij (voor-/achterkant-flank),Geen hindernis
21157,151,Leuven,District Leuven,50.8690262,4.6854839,1.1582632777640582,50.875989585227394,4.697760197167901,2020,8,16,24062,Leuven,Normaal,Droog,Dag,met lichtgewonden,3,Fiets,10,"één bestuurder, geen hindernis",Op Kruispunt,Gemeenteweg,binnen bebouwde kom,"Eén bestuurder, geen hindernis (incl. val)",Geen hindernis
21157,69,Leuven teller 1,Leuven,50.87549,4.71526,1.229120586233275,50.875989585227394,4.697760197167901,2020,8,16,24062,Leuven,Normaal,Droog,Dag,met lichtgewonden,3,Fiets,10,"één bestuurder, geen hindernis",Op Kruispunt,Gemeenteweg,binnen bebouwde kom,"Eén bestuurder, geen hindernis (incl. val)",Geen hindernis
21157,77,Leuven teller 2,Leuven,50.88672,4.70796,1.391294535874181,50.875989585227394,4.697760197167901,2020,8,16,24062,Leuven,Normaal,Droog,Dag,met lichtgewonden,3,Fiets,10,"één bestuurder, geen hindernis",Op Kruispunt,Gemeenteweg,binnen bebouwde kom,"Eén bestuurder, geen hindernis (incl. val)",Geen hindernis
21157,107,leuven totem,Leuven,50.8870744,4.7087919,1.45541086676768,50.875989585227394,4.697760197167901,2020,8,16,24062,Leuven,Normaal,Droog,Dag,met lichtgewonden,3,Fiets,10,"één bestuurder, geen hindernis",Op Kruispunt,Gemeenteweg,binnen bebouwde kom,"Eén bestuurder, geen hindernis (incl. val)",Geen hindernis
21161,77,Leuven teller 2,Leuven,50.88672,4.70796,0.9770423283777939,50.879135579637584,4.700927871137181,2020,9,18,24062,Leuven,Normaal,"Nat, plassen",Dageraad - schemering,met lichtgewonden,3,Fiets,10,"één bestuurder, geen hindernis",Op Kruispunt,Gemeenteweg,binnen bebouwde kom,"Eén bestuurder, geen hindernis (incl. val)",Geen hindernis
21161,107,leuven totem,Leuven,50.8870744,4.7087919,1.0409702702214232,50.879135579637584,4.700927871137181,2020,9,18,24062,Leuven,Normaal,"Nat, plassen",Dageraad - schemering,met lichtgewonden,3,Fiets,10,"één bestuurder, geen hindernis",Op Kruispunt,Gemeenteweg,binnen bebouwde kom,"Eén bestuurder, geen hindernis (incl. val)",Geen hindernis
21161,69,Leuven teller 1,Leuven,50.87549,4.71526,1.0842051270282274,50.879135579637584,4.700927871137181,2020,9,18,24062,Leuven,Normaal,"Nat, plassen",Dageraad - schemering,met lichtgewonden,3,Fiets,10,"één bestuurder, geen hindernis",Op Kruispunt,Gemeenteweg,binnen bebouwde kom,"Eén bestuurder, geen hindernis (incl. val)",Geen hindernis
21161,151,Leuven,District Leuven,50.8690262,4.6854839,1.5613901576341156,50.879135579637584,4.700927871137181,2020,9,18,24062,Leuven,Normaal,"Nat, plassen",Dageraad - schemering,met lichtgewonden,3,Fiets,10,"één bestuurder, geen hindernis",Op Kruispunt,Gemeenteweg,binnen bebouwde kom,"Eén bestuurder, geen hindernis (incl. val)",Geen hindernis
21162,77,Leuven teller 2,Leuven,50.88672,4.70796,1.0276368795681208,50.88098374556303,4.696474609941128,2020,9,7,24062,Leuven,Normaal,"Nat, plassen",Dag,met lichtgewonden,3,Fiets,10,"één bestuurder, geen hindernis",Op Kruispunt,Gemeenteweg,binnen bebouwde kom,"Eén bestuurder, geen hindernis (incl. val)",Geen hindernis
21162,107,leuven totem,Leuven,50.8870744,4.7087919,1.097864303803293,50.88098374556303,4.696474609941128,2020,9,7,24062,Leuven,Normaal,"Nat, plassen",Dag,met lichtgewonden,3,Fiets,10,"één bestuurder, geen hindernis",Op Kruispunt,Gemeenteweg,binnen bebouwde kom,"Eén bestuurder, geen hindernis (incl. val)",Geen hindernis
21162,69,Leuven teller 1,Leuven,50.87549,4.71526,1.4526820403791685,50.88098374556303,4.696474609941128,2020,9,7,24062,Leuven,Normaal,"Nat, plassen",Dag,met lichtgewonden,3,Fiets,10,"één bestuurder, geen hindernis",Op Kruispunt,Gemeenteweg,binnen bebouwde kom,"Eén bestuurder, geen hindernis (incl. val)",Geen hindernis
21162,151,Leuven,District Leuven,50.8690262,4.6854839,1.5370711353566935,50.88098374556303,4.696474609941128,2020,9,7,24062,Leuven,Normaal,"Nat, plassen",Dag,met lichtgewonden,3,Fiets,10,"één bestuurder, geen hindernis",Op Kruispunt,Gemeenteweg,binnen bebouwde kom,"Eén bestuurder, geen hindernis (incl. val)",Geen hindernis
21163,77,Leuven teller 2,Leuven,50.88672,4.70796,0.9749925458243621,50.87962395424537,4.69979602189703,2020,10,1,24062,Leuven,Onbekend,Droog,"Nacht, openbare verlichting aanwezig en ontstoken",met lichtgewonden,3,Fiets,10,"één bestuurder, geen hindernis",Buiten Kruispunt,Gemeenteweg,binnen bebouwde kom,"Eén bestuurder, geen hindernis (incl. val)",Geen hindernis
21163,107,leuven totem,Leuven,50.8870744,4.7087919,1.0414434544895543,50.87962395424537,4.69979602189703,2020,10,1,24062,Leuven,Onbekend,Droog,"Nacht, openbare verlichting aanwezig en ontstoken",met lichtgewonden,3,Fiets,10,"één bestuurder, geen hindernis",Buiten Kruispunt,Gemeenteweg,binnen bebouwde kom,"Eén bestuurder, geen hindernis (incl. val)",Geen hindernis
21163,69,Leuven teller 1,Leuven,50.87549,4.71526,1.1783385817027467,50.87962395424537,4.69979602189703,2020,10,1,24062,Leuven,Onbekend,Droog,"Nacht, openbare verlichting aanwezig en ontstoken",met lichtgewonden,3,Fiets,10,"één bestuurder, geen hindernis",Buiten Kruispunt,Gemeenteweg,binnen bebouwde kom,"Eén bestuurder, geen hindernis (incl. val)",Geen hindernis
21163,151,Leuven,District Leuven,50.8690262,4.6854839,1.548273090539445,50.87962395424537,4.69979602189703,2020,10,1,24062,Leuven,Onbekend,Droog,"Nacht, openbare verlichting aanwezig en ontstoken",met lichtgewonden,3,Fiets,10,"één bestuurder, geen hindernis",Buiten Kruispunt,Gemeenteweg,binnen bebouwde kom,"Eén bestuurder, geen hindernis (incl. val)",Geen hindernis
21164,69,Leuven teller 1,Leuven,50.87549,4.71526,0.7419429319500124,50.87996472989993,4.707415681214298,2020,10,16,24062,Leuven,Regenval,"Nat, plassen",Dag,met zwaargewonden,3,Fiets,3,Fiets,Buiten Kruispunt,Gemeenteweg,binnen bebouwde kom,Tussen 2 bestuurders: Flank tegen flank,Geen hindernis
21164,77,Leuven teller 2,Leuven,50.88672,4.70796,0.7521217405385358,50.87996472989993,4.707415681214298,2020,10,16,24062,Leuven,Regenval,"Nat, plassen",Dag,met zwaargewonden,3,Fiets,3,Fiets,Buiten Kruispunt,Gemeenteweg,binnen bebouwde kom,Tussen 2 bestuurders: Flank tegen flank,Geen hindernis
21164,107,leuven totem,Leuven,50.8870744,4.7087919,0.7964326492825121,50.87996472989993,4.707415681214298,2020,10,16,24062,Leuven,Regenval,"Nat, plassen",Dag,met zwaargewonden,3,Fiets,3,Fiets,Buiten Kruispunt,Gemeenteweg,binnen bebouwde kom,Tussen 2 bestuurders: Flank tegen flank,Geen hindernis
21164,151,Leuven,District Leuven,50.8690262,4.6854839,1.9615142558739398,50.87996472989993,4.707415681214298,2020,10,16,24062,Leuven,Regenval,"Nat, plassen",Dag,met zwaargewonden,3,Fiets,3,Fiets,Buiten Kruispunt,Gemeenteweg,binnen bebouwde kom,Tussen 2 bestuurders: Flank tegen flank,Geen hindernis
21165,69,Leuven teller 1,Leuven,50.87549,4.71526,0.6452649248251137,50.88129250517704,4.7153809343668,2020,9,17,24062,Leuven,Normaal,Droog,Dag,met lichtgewonden,3,Fiets,8,Voetganger,Buiten Kruispunt,Gewestweg,binnen bebouwde kom,Met een voetganger,Geen hindernis
21165,107,leuven totem,Leuven,50.8870744,4.7087919,0.7918342938639206,50.88129250517704,4.7153809343668,2020,9,17,24062,Leuven,Normaal,Droog,Dag,met lichtgewonden,3,Fiets,8,Voetganger,Buiten Kruispunt,Gewestweg,binnen bebouwde kom,Met een voetganger,Geen hindernis
21165,77,Leuven teller 2,Leuven,50.88672,4.70796,0.7970206604167503,50.88129250517704,4.7153809343668,2020,9,17,24062,Leuven,Normaal,Droog,Dag,met lichtgewonden,3,Fiets,8,Voetganger,Buiten Kruispunt,Gewestweg,binnen bebouwde kom,Met een voetganger,Geen hindernis