crash_row_id,site_id,site_name,site_gemeente,site_lat,site_long,distance_km,crash_lat,crash_long,DT_YEAR_COLLISION,DT_MONTH_COLLISION,DT_TIME,CD_NIS,TX_MUNTY_COLLISION_NL,TX_WEATHER_NL,TX_ROAD_CONDITION_NL,TX_LIGHT_CONDITION_NL,TX_CLASS_ACCIDENTS_NL,CD_ROAD_USR_TYPE1,TX_ROAD_USR_TYPE1_NL,CD_ROAD_USR_TYPE2,TX_ROAD_USR_TYPE2_NL,TX_CROSSWAY_NL,CD_ROAD_TYPE_NL,TX_BUILD_UP_AREA_NL,TX_COLLISION_TYPE_NL,TX_OBSTACLES_NL
21166,107,leuven totem,Leuven,50.8870744,4.7087919,0.6409030120088144,50.882545400502686,4.7144427432326275,2020,8,20,24062,Leuven,Normaal,Droog,Dag,met zwaargewonden,3,Fiets,3,Fiets,Op Kruispunt,Gewestweg,binnen bebouwde kom,Tussen 2 bestuurders: Langs achteren,Geen hindernis
21166,77,Leuven teller 2,Leuven,50.88672,4.70796,0.6498411088296362,50.882545400502686,4.7144427432326275,2020,8,20,24062,Leuven,Normaal,Droog,Dag,met zwaargewonden,3,Fiets,3,Fiets,Op Kruispunt,Gewestweg,binnen bebouwde kom,Tussen 2 bestuurders: Langs achteren,Geen hindernis
21166,69,Leuven teller 1,Leuven,50.87549,4.71526,0.7866172879960565,50.882545400502686,4.7144427432326275,2020,8,20,24062,Leuven,Normaal,Droog,Dag,met zwaargewonden,3,Fiets,3,Fiets,Op Kruispunt,Gewestweg,binnen bebouwde kom,Tussen 2 bestuurders: Langs achteren,Geen hindernis
21167,69,Leuven teller 1,Leuven,50.87549,4.71526,0.6054629393884686,50.8719582938791,4.721827594643882,2020,8,14,24062,Leuven,Onbekend,Onbekend,Dag,met lichtgewonden,6,Bromfiets,3,Fiets,Buiten Kruispunt,Gewestweg,binnen bebouwde kom,Tussen 2 bestuurders: Frontale botsing,Geen hindernis
21167,77,Leuven teller 2,Leuven,50.88672,4.70796,1.9081114402139705,50.8719582938791,4.721827594643882,2020,8,14,24062,Leuven,Onbekend,Onbekend,Dag,met lichtgewonden,6,Bromfiets,3,Fiets,Buiten Kruispunt,Gewestweg,binnen bebouwde kom,Tussen 2 bestuurders: Frontale botsing,Geen hindernis
21167,107,leuven totem,Leuven,50.8870744,4.7087919,1.9135411540434772,50.8719582938791,4.721827594643882,2020,8,14,24062,Leuven,Onbekend,Onbekend,Dag,met lichtgewonden,6,Bromfiets,3,Fiets,Buiten Kruispunt,Gewestweg,binnen bebouwde kom,Tussen 2 bestuurders: Frontale botsing,Geen hindernis
21168,77,Leuven teller 2,Leuven,50.88672,4.70796,0.8955554630716077,50.879588436062335,4.702027997578328,2020,8,8,24062,Leuven,Normaal,Droog,Dag,met lichtgewonden,3,Fiets,8,Voetganger,Buiten Kruispunt,Gemeenteweg,binnen bebouwde kom,Met een voetganger,Geen hindernis
21168,107,leuven totem,Leuven,50.8870744,4.7087919,0.9581492529412681,50.879588436062335,4.702027997578328,2020,8,8,24062,Leuven,Normaal,Droog,Dag,met lichtgewonden,3,Fiets,8,Voetganger,Buiten Kruispunt,Gemeenteweg,binnen bebouwde kom,Met een voetganger,Geen hindernis
21168,69,Leuven teller 1,Leuven,50.87549,4.71526,1.0342032445070668,50.879588436062335,4.702027997578328,2020,8,8,24062,Leuven,Normaal,Droog,Dag,met lichtgewonden,3,Fiets,8,Voetganger,Buiten Kruispunt,Gemeenteweg,binnen bebouwde kom,Met een voetganger,Geen hindernis
21168,151,Leuven,District Leuven,50.8690262,4.6854839,1.651342177353154,50.879588436062335,4.702027997578328,2020,8,8,24062,Leuven,Normaal,Droog,Dag,met lichtgewonden,3,Fiets,8,Voetganger,Buiten Kruispunt,Gemeenteweg,binnen bebouwde kom,Met een voetganger,Geen hindernis
21169,69,Leuven teller 1,Leuven,50.87549,4.71526,1.7783586671482163,50.878251325223516,4.740225536558321,2020,8,10,24062,Leuven,Normaal,Droog,Dag,met lichtgewonden,3,Fiets,10,"één bestuurder, geen hindernis",Buiten Kruispunt,Gemeenteweg,binnen bebouwde kom,"Eén bestuurder, geen hindernis (incl. val)",Geen hindernis
21169,107,leuven totem,Leuven,50.8870744,4.7087919,2.413589577596759,50.878251325223516,4.740225536558321,2020,8,10,24062,Leuven,Normaal,Droog,Dag,met lichtgewonden,3,Fiets,10,"één bestuurder, geen hindernis",Buiten Kruispunt,Gemeenteweg,binnen bebouwde kom,"Eén bestuurder, geen hindernis (incl. val)",Geen hindernis
21169,77,Leuven teller 2,Leuven,50.88672,4.70796,2.4516289378202405,50.878251325223516,4.740225536558321,2020,8,10,24062,Leuven,Normaal,Droog,Dag,met lichtgewonden,3,Fiets,10,"één bestuurder, geen hindernis",Buiten Kruispunt,Gemeenteweg,binnen bebouwde kom,"Eén bestuurder, geen hindernis (incl. val)",Geen hindernis
21170,107,leuven totem,Leuven,50.8870744,4.7087919,0.6403667336778545,50.88250424535215,4.71434631323461,2020,8,1,24062,Leuven,Normaal,Droog,"Nacht, openbare verlichting aanwezig en ontstoken",met lichtgewonden,3,Fiets,10,"één bestuurder, geen hindernis",Buiten Kruispunt,Gemeenteweg,binnen bebouwde kom,"Eén bestuurder, geen hindernis (incl. val)",Geen hindernis
21170,77,Leuven teller 2,Leuven,50.88672,4.70796,0.6484258794866388,50.88250424535215,4.71434631323461,2020,8,1,24062,Leuven,Normaal,Droog,"Nacht, openbare verlichting aanwezig en ontstoken",met lichtgewonden,3,Fiets,10,"één bestuurder, geen hindernis",Buiten Kruispunt,Gemeenteweg,binnen bebouwde kom,"Eén bestuurder, geen hindernis (incl. val)",Geen hindernis
21170,69,Leuven teller 1,Leuven,50.87549,4.71526,0.7825784086462205,50.88250424535215,4.71434631323461,2020,8,1,24062,Leuven,Normaal,Droog,"Nacht, openbare verlichting aanwezig en ontstoken",met lichtgewonden,3,Fiets,10,"één bestuurder, geen hindernis",Buiten Kruispunt,Gemeenteweg,binnen bebouwde kom,"Eén bestuurder, geen hindernis (incl. val)",Geen hindernis
21171,77,Leuven teller 2,Leuven,50.88672,4.70796,0.35694674606296234,50.88353801811847,4.707288009210902,2020,8,19,24062,Leuven,Normaal,Droog,Dag,met lichtgewonden,9,personenauto,3,Fiets,Buiten Kruispunt,Gemeenteweg,binnen bebouwde kom,Tss. 2 best.: langs opzij (voor-/achterkant-flank),Geen hindernis
21171,107,leuven totem,Leuven,50.8870744,4.7087919,0.40713374051809187,50.88353801811847,4.707288009210902,2020,8,19,24062,Leuven,Normaal,Droog,Dag,met lichtgewonden,9,personenauto,3,Fiets,Buiten Kruispunt,Gemeenteweg,binnen bebouwde kom,Tss. 2 best.: langs opzij (voor-/achterkant-flank),Geen hindernis
21171,69,Leuven teller 1,Leuven,50.87549,4.71526,1.0553038671504222,50.88353801811847,4.707288009210902,2020,8,19,24062,Leuven,Normaal,Droog,Dag,met lichtgewonden,9,personenauto,3,Fiets,Buiten Kruispunt,Gemeenteweg,binnen bebouwde kom,Tss. 2 best.: langs opzij (voor-/achterkant-flank),Geen hindernis
21171,151,Leuven,District Leuven,50.8690262,4.6854839,2.223577253248594,50.88353801811847,4.707288009210902,2020,8,19,24062,Leuven,Normaal,Droog,Dag,met lichtgewonden,9,personenauto,3,Fiets,Buiten Kruispunt,Gemeenteweg,binnen bebouwde kom,Tss. 2 best.: langs opzij (voor-/achterkant-flank),Geen hindernis
21172,107,leuven totem,Leuven,50.8870744,4.7087919,1.8959879123513808,50.90412309505191,4.709239168553033,2020,8,12,24062,Leuven,Onbekend,Onbekend,Dag,met lichtgewonden,3,Fiets,3,Fiets,Op Kruispunt,Gewestweg,binnen bebouwde kom,Tss. 2 best.: langs opzij (voor-/achterkant-flank),Geen hindernis
21172,77,Leuven teller 2,Leuven,50.88672,4.70796,1.9372143707850698,50.90412309505191,4.709239168553033,2020,8,12,24062,Leuven,Onbekend,Onbekend,Dag,met lichtgewonden,3,Fiets,3,Fiets,Op Kruispunt,Gewestweg,binnen bebouwde kom,Tss. 2 best.: langs opzij (voor-/achterkant-flank),Geen hindernis
21173,77,Leuven teller 2,Leuven,50.88672,4.70796,0.7405472214806704,50.88525486274919,4.697661860166786,2020,9,11,24062,Leuven,Regenval,"Nat, plassen",Dag,met lichtgewonden,3,Fiets,10,"één bestuurder, geen hindernis",Buiten Kruispunt,Gemeenteweg,binnen bebouwde kom,"Eén bestuurder, geen hindernis (incl. val)",Geen hindernis
21173,107,leuven totem,Leuven,50.8870744,4.7087919,0.8065475721399322,50.88525486274919,4.697661860166786,2020,9,11,24062,Leuven,Regenval,"Nat, plassen",Dag,met lichtgewonden,3,Fiets,10,"één bestuurder, geen hindernis",Buiten Kruispunt,Gemeenteweg,binnen bebouwde kom,"Eén bestuurder, geen hindernis (incl. val)",Geen hindernis
21173,69,Leuven teller 1,Leuven,50.87549,4.71526,1.6441741011783892,50.88525486274919,4.697661860166786,2020,9,11,24062,Leuven,Regenval,"Nat, plassen",Dag,met lichtgewonden,3,Fiets,10,"één bestuurder, geen hindernis",Buiten Kruispunt,Gemeenteweg,binnen bebouwde kom,"Eén bestuurder, geen hindernis (incl. val)",Geen hindernis
21173,151,Leuven,District Leuven,50.8690262,4.6854839,1.9966073609827313,50.88525486274919,4.697661860166786,2020,9,11,24062,Leuven,Regenval,"Nat, plassen",Dag,met lichtgewonden,3,Fiets,10,"één bestuurder, geen hindernis",Buiten Kruispunt,Gemeenteweg,binnen bebouwde kom,"Eén bestuurder, geen hindernis (incl. val)",Geen hindernis
21174,108,Heverlee teller 1,Leuven,50.8471728,4.6954674,1.212120160098429,50.858071553819755,4.695806688133632,2020,9,7,24062,Leuven,Normaal,Droog,Dag,met lichtgewonden,3,Fiets,1,Autobus,Buiten Kruispunt,Gewestweg,binnen bebouwde kom,Tss. 2 best.: langs opzij (voor-/achterkant-flank),Geen hindernis
21174,76,Heverlee teller 2,Leuven,50.84606,4.69597,1.335673048582744,50.858071553819755,4.695806688133632,2020,9,7,24062,Leuven,Normaal,Droog,Dag,met lichtgewonden,3,Fiets,1,Autobus,Buiten Kruispunt,Gewestweg,binnen bebouwde kom,Tss. 2 best.: langs opzij (voor-/achterkant-flank),Geen hindernis
21174,151,Leuven,District Leuven,50.8690262,4.6854839,1.4172667940950796,50.858071553819755,4.695806688133632,2020,9,7,24062,Leuven,Normaal,Droog,Dag,met lichtgewonden,3,Fiets,1,Autobus,Buiten Kruispunt,Gewestweg,binnen bebouwde kom,Tss. 2 best.: langs opzij (voor-/achterkant-flank),Geen hindernis
21174,69,Leuven teller 1,Leuven,50.87549,4.71526,2.3696232968965485,50.858071553819755,4.695806688133632,2020,9,7,24062,Leuven,Normaal,Droog,Dag,met lichtgewonden,3,Fiets,1,Autobus,Buiten Kruispunt,Gewestweg,binnen bebouwde kom,Tss. 2 best.: langs opzij (voor-/achterkant-flank),Geen hindernis
21175,77,Leuven teller 2,Leuven,50.88672,4.70796,1.378254558823819,50.88129137388143,4.690297850438593,2020,9,16,24062,Leuven,Regenval,"Nat, plassen",Dag,met lichtgewonden,3,Fiets,11,een weggebruiker tegen een hindernis,Op Kruispunt,Gemeenteweg,binnen bebouwde kom,Weggebruiker tegen hindernis op de rijbaan,"Op de rijbaan: Verkeersdrempel, ezelsrug"
21175,151,Leuven,District Leuven,50.8690262,4.6854839,1.4050299723484154,50.88129137388143,4.690297850438593,2020,9,16,24062,Leuven,Regenval,"Nat, plassen",Dag,met lichtgewonden,3,Fiets,11,een weggebruiker tegen een hindernis,Op Kruispunt,Gemeenteweg,binnen bebouwde kom,Weggebruiker tegen hindernis op de rijbaan,"Op de rijbaan: Verkeersdrempel, ezelsrug"
21175,107,leuven totem,Leuven,50.8870744,4.7087919,1.448007626729826,50.88129137388143,4.690297850438593,2020,9,16,24062,Leuven,Regenval,"Nat, plassen",Dag,met lichtgewonden,3,Fiets,11,een weggebruiker tegen een hindernis,Op Kruispunt,Gemeenteweg,binnen bebouwde kom,Weggebruiker tegen hindernis op de rijbaan,"Op de rijbaan: Verkeersdrempel, ezelsrug"
21175,69,Leuven teller 1,Leuven,50.87549,4.71526,1.8663822305256732,50.88129137388143,4.690297850438593,2020,9,16,24062,Leuven,Regenval,"Nat, plassen",Dag,met lichtgewonden,3,Fiets,11,een weggebruiker tegen een hindernis,Op Kruispunt,Gemeenteweg,binnen bebouwde kom,Weggebruiker tegen hindernis op de rijbaan,"Op de rijbaan: Verkeersdrempel, ezelsrug"
21176,69,Leuven teller 1,Leuven,50.87549,4.71526,0.6291171885552541,50.8808645440389,4.718061582511697,2020,9,10,24062,Leuven,Regenval,"Nat, plassen",Dag,met lichtgewonden,3,Fiets,9,personenauto,Buiten Kruispunt,Gewestweg,binnen bebouwde kom,Tussen 2 bestuurders: Flank tegen flank,Geen hindernis
21176,107,leuven totem,Leuven,50.8870744,4.7087919,0.9485095707096145,50.8808645440389,4.718061582511697,2020,9,10,24062,Leuven,Regenval,"Nat, plassen",Dag,met lichtgewonden,3,Fiets,9,personenauto,Buiten Kruispunt,Gewestweg,binnen bebouwde kom,Tussen 2 bestuurders: Flank tegen flank,Geen hindernis
21176,77,Leuven teller 2,Leuven,50.88672,4.70796,0.9623470655421036,50.8808645440389,4.718061582511697,2020,9,10,24062,Leuven,Regenval,"Nat, plassen",Dag,met lichtgewonden,3,Fiets,9,personenauto,Buiten Kruispunt,Gewestweg,binnen bebouwde kom,Tussen 2 bestuurders: Flank tegen flank,Geen hindernis
21177,77,Leuven teller 2,Leuven,50.88672,4.70796,0.8974173667758514,50.8802415157372,4.700331216722007,2020,10,7,24062,Leuven,Normaal,"Nat, plassen",Dageraad - schemering,met lichtgewonden,3,Fiets,8,Voetganger,Op Kruispunt,Gemeenteweg,binnen bebouwde kom,Met een voetganger,Geen hindernis
21177,107,leuven totem,Leuven,50.8870744,4.7087919,0.9641352811031116,50.8802415157372,4.700331216722007,2020,10,7,24062,Leuven,Normaal,"Nat, plassen",Dageraad - schemering,met lichtgewonden,3,Fiets,8,Voetganger,Op Kruispunt,Gemeenteweg,binnen bebouwde kom,Met een voetganger,Geen hindernis
21177,69,Leuven teller 1,Leuven,50.87549,4.71526,1.1731333514874085,50.8802415157372,4.700331216722007,2020,10,7,24062,Leuven,Normaal,"Nat, plassen",Dageraad - schemering,met lichtgewonden,3,Fiets,8,Voetganger,Op Kruispunt,Gemeenteweg,binnen bebouwde kom,Met een voetganger,Geen hindernis
21177,151,Leuven,District Leuven,50.8690262,4.6854839,1.6249699970517566,50.8802415157372,4.700331216722007,2020,10,7,24062,Leuven,Normaal,"Nat, plassen",Dageraad - schemering,met lichtgewonden,3,Fiets,8,Voetganger,Op Kruispunt,Gemeenteweg,binnen bebouwde kom,Met een voetganger,Geen hindernis
21178,69,Leuven teller 1,Leuven,50.87549,4.71526,0.5734860931607946,50.87206488608364,4.721370533608957,2020,10,13,24062,Leuven,Normaal,"Nat, plassen",Dag,met lichtgewonden,8,Voetganger,3,Fiets,Buiten Kruispunt,Gewestweg,buiten bebouwde kom,Met een voetganger,Geen hindernis
21178,77,Leuven teller 2,Leuven,50.88672,4.70796,1.8816874438560476,50.87206488608364,4.721370533608957,2020,10,13,24062,Leuven,Normaal,"Nat, plassen",Dag,met lichtgewonden,8,Voetganger,3,Fiets,Buiten Kruispunt,Gewestweg,buiten bebouwde kom,Met een voetganger,Geen hindernis
21178,107,leuven totem,Leuven,50.8870744,4.7087919,1.8879374569130518,50.87206488608364,4.721370533608957,2020,10,13,24062,Leuven,Normaal,"Nat, plassen",Dag,met lichtgewonden,8,Voetganger,3,Fiets,Buiten Kruispunt,Gewestweg,buiten bebouwde kom,Met een voetganger,Geen hindernis
21179,151,Leuven,District Leuven,50.8690262,4.6854839,0.9870179018144779,50.87051549525862,4.699349914953134,2020,8,15,24062,Leuven,Normaal,Droog,Dag,met lichtgewonden,3,Fiets,2,Andere weggebruiker,Buiten Kruispunt,Gemeenteweg,binnen bebouwde kom,Tussen 2 bestuurders: Flank tegen flank,Geen hindernis
21179,69,Leuven teller 1,Leuven,50.87549,4.71526,1.2459079596191152,50.87051549525862,4.699349914953134,2020,8,15,24062,Leuven,Normaal,Droog,Dag,met lichtgewonden,3,Fiets,2,Andere weggebruiker,Buiten Kruispunt,Gemeenteweg,binnen bebouwde kom,Tussen 2 bestuurders: Flank tegen flank,Geen hindernis
21179,77,Leuven teller 2,Leuven,50.88672,4.70796,1.9004245110529157,50.87051549525862,4.699349914953134,2020,8,15,24062,Leuven,Normaal,Droog,Dag,met lichtgewonden,3,Fiets,2,Andere weggebruiker,Buiten Kruispunt,Gemeenteweg,binnen bebouwde kom,Tussen 2 bestuurders: Flank tegen flank,Geen hindernis
21179,107,leuven totem,Leuven,50.8870744,4.7087919,1.956808443544226,50.87051549525862,4.699349914953134,2020,8,15,24062,Leuven,Normaal,Droog,Dag,met lichtgewonden,3,Fiets,2,Andere weggebruiker,Buiten Kruispunt,Gemeenteweg,binnen bebouwde kom,Tussen 2 bestuurders: Flank tegen flank,Geen hindernis
21180,76,Heverlee teller 2,Leuven,50.84606,4.69597,1.8598973796323792,50.85095798562488,4.72130091296064,2020,9,16,24062,Leuven,Onbekend,Onbekend,Dag,met lichtgewonden,9,personenauto,3,Fiets,Op Kruispunt,Gemeenteweg,binnen bebouwde kom,Tussen 2 bestuurders: Flank tegen flank,Geen hindernis
21180,108,Heverlee teller 1,Leuven,50.8471728,4.6954674,1.861830680023847,50.85095798562488,4.72130091296064,2020,9,16,24062,Leuven,Onbekend,Onbekend,Dag,met lichtgewonden,9,personenauto,3,Fiets,Op Kruispunt,Gemeenteweg,binnen bebouwde kom,Tussen 2 bestuurders: Flank tegen flank,Geen hindernis
21194,72,Herent teller 1,Herent,50.89135,4.64689,2.0993927471251297,50.90099646306412,4.621157898261834,2020,9,19,24038,Herent,Normaal,Droog,Dag,met lichtgewonden,9,personenauto,3,Fiets,Buiten Kruispunt,Gemeenteweg,binnen bebouwde kom,Tss. 2 best.: langs opzij (voor-/achterkant-flank),Geen hindernis
21194,73,Herent teller 2,Herent,50.89128,4.64685,2.1009749517047926,50.90099646306412,4.621157898261834,2020,9,19,24038,Herent,Normaal,Droog,Dag,met lichtgewonden,9,personenauto,3,Fiets,Buiten Kruispunt,Gemeenteweg,binnen bebouwde kom,Tss. 2 best.: langs opzij (voor-/achterkant-flank),Geen hindernis
21195,77,Leuven teller 2,Leuven,50.88672,4.70796,2.2624947334565633,50.898987269247606,4.682224480108882,2020,8,17,24038,Herent,Normaal,Droog,Dag,met lichtgewonden,9,personenauto,3,Fiets,Op Kruispunt,Gewestweg,binnen bebouwde kom,Tss. 2 best.: langs opzij (voor-/achterkant-flank),Geen hindernis
21195,107,leuven totem,Leuven,50.8870744,4.7087919,2.286252294839349,50.898987269247606,4.682224480108882,2020,8,17,24038,Herent,Normaal,Droog,Dag,met lichtgewonden,9,personenauto,3,Fiets,Op Kruispunt,Gewestweg,binnen bebouwde kom,Tss. 2 best.: langs opzij (voor-/achterkant-flank),Geen hindernis
21196,72,Herent teller 1,Herent,50.89135,4.64689,2.387259227090801,50.90238877642126,4.676085026471308,2020,8,7,24038,Herent,"Sterke wind, rukwind",Droog,Dag,met lichtgewonden,9,personenauto,3,Fiets,Buiten Kruispunt,Gewestweg,binnen bebouwde kom,Tussen 2 bestuurders: Flank tegen flank,Geen hindernis
21196,73,Herent teller 2,Herent,50.89128,4.64685,2.393674460515594,50.90238877642126,4.676085026471308,2020,8,7,24038,Herent,"Sterke wind, rukwind",Droog,Dag,met lichtgewonden,9,personenauto,3,Fiets,Buiten Kruispunt,Gewestweg,binnen bebouwde kom,Tussen 2 bestuurders: Flank tegen flank,Geen hindernis
21200,87,Aarschot,Aarschot,50.99084,4.81259,1.459942491209155,50.98746261611924,4.832746328229316,2020,8,17,24001,Aarschot,Normaal,Droog,Dag,met lichtgewonden,3,Fiets,8,Voetganger,Buiten Kruispunt,Gemeenteweg,buiten bebouwde kom,Met een voetganger,Geen hindernis
21204,87,Aarschot,Aarschot,50.99084,4.81259,1.0777132499573936,50.9848292984541,4.824668414364542,2020,8,7,24001,Aarschot,Normaal,Droog,Dag,met lichtgewonden,9,personenauto,3,Fiets,Op Kruispunt,Gemeenteweg,binnen bebouwde kom,Tss. 2 best.: langs opzij (voor-/achterkant-flank),Geen hindernis
21205,87,Aarschot,Aarschot,50.99084,4.81259,1.352719372027743,50.98046082322817,4.822670205565553,2020,8,16,24001,Aarschot,Normaal,Droog,Dag,met lichtgewonden,9,personenauto,3,Fiets,Op Kruispunt,Gewestweg,binnen bebouwde kom,Tss. 2 best.: langs opzij (voor-/achterkant-flank),Geen hindernis
21208,70,Kampenhout teller 1,Kampenhout,50.95682,4.59318,1.4213340365242857,50.96480594989353,4.6090260349928025,2020,9,16,24033,Haacht,Normaal,Droog,Dag,met lichtgewonden,3,Fiets,9,personenauto,Op Kruispunt,Gewestweg,buiten bebouwde kom,Tss. 2 best.: langs opzij (voor-/achterkant-flank),Geen hindernis
21208,71,Kampenhout teller 2,Kampenhout,50.95589,4.59164,1.5702233432949415,50.96480594989353,4.6090260349928025,2020,9,16,24033,Haacht,Normaal,Droog,Dag,met lichtgewonden,3,Fiets,9,personenauto,Op Kruispunt,Gewestweg,buiten bebouwde kom,Tss. 2 best.: langs opzij (voor-/achterkant-flank),Geen hindernis
21210,101,Diest teller 1,Diest,50.97799,5.04481,0.7548993543875738,50.98267288887734,5.0526172658538115,2020,8,8,24020,Diest,Normaal,Droog,Dag,met lichtgewonden,9,personenauto,3,Fiets,Op Kruispunt,Gemeenteweg,binnen bebouwde kom,Tss. 2 best.: langs opzij (voor-/achterkant-flank),Geen hindernis
21210,102,Diest teller 2,Diest,50.9779,5.04474,0.765360539534875,50.98267288887734,5.0526172658538115,2020,8,8,24020,Diest,Normaal,Droog,Dag,met lichtgewonden,9,personenauto,3,Fiets,Op Kruispunt,Gemeenteweg,binnen bebouwde kom,Tss. 2 best.: langs opzij (voor-/achterkant-flank),Geen hindernis
21211,4,Balen 1,Balen,51.16023,5.19011,1.6817664473838196,51.15149119815708,5.209791589274461,2020,8,10,13003,Balen,Normaal,Droog,Dag,met lichtgewonden,3,Fiets,10,"één bestuurder, geen hindernis",Buiten Kruispunt,Gemeenteweg,buiten bebouwde kom,"Eén bestuurder, geen hindernis (incl. val)",Geen hindernis
21211,5,Balen 2,Balen,51.16018,5.19003,1.6831263601762336,51.15149119815708,5.209791589274461,2020,8,10,13003,Balen,Normaal,Droog,Dag,met lichtgewonden,3,Fiets,10,"één bestuurder, geen hindernis",Buiten Kruispunt,Gemeenteweg,buiten bebouwde kom,"Eén bestuurder, geen hindernis (incl. val)",Geen hindernis
21212,102,Diest teller 2,Diest,50.9779,5.04474,0.1745969834663693,50.97666956064667,5.043190746542304,2020,9,16,24020,Diest,Normaal,Droog,Dag,met lichtgewonden,3,Fiets,9,personenauto,Buiten Kruispunt,Gewestweg,binnen bebouwde kom,Tss. 2 best.: langs opzij (voor-/achterkant-flank),Geen hindernis
21212,101,Diest teller 1,Diest,50.97799,5.04481,0.185498850996535,50.97666956064667,5.043190746542304,2020,9,16,24020,Diest,Normaal,Droog,Dag,met lichtgewonden,3,Fiets,9,personenauto,Buiten Kruispunt,Gewestweg,binnen bebouwde kom,Tss. 2 best.: langs opzij (voor-/achterkant-flank),Geen hindernis
21215,87,Aarschot,Aarschot,50.99084,4.81259,2.3210933937128364,50.98289496109851,4.781925974862255,2020,9,10,24007,Begijnendijk,Normaal,Droog+Proper,Dag,met zwaargewonden,3,Fiets,3,Fiets,Buiten Kruispunt,Gemeenteweg,buiten bebouwde kom,Tussen 2 bestuurders: Frontale botsing,Geen hindernis
21218,87,Aarschot,Aarschot,50.99084,4.81259,2.24405979748872,51.00686620073023,4.793100158949222,2020,8,19,24007,Begijnendijk,Normaal,Droog,Dag,met zwaargewonden,9,personenauto,3,Fiets,Op Kruispunt,Gemeenteweg,buiten bebouwde kom,Tss. 2 best.: langs opzij (voor-/achterkant-flank),Geen hindernis
21220,26,Zaventem,Zaventem,50.86995,4.45444,1.4555936999208787,50.86927594051405,4.4337247950811465,2020,8,15,23094,Zaventem,Normaal,Droog,Dag,met zwaargewonden,3,Fiets,11,een weggebruiker tegen een hindernis,Buiten Kruispunt,Gemeenteweg,binnen bebouwde kom,Weggebruiker tegen hindernis op de rijbaan,"Op de rijbaan: Verkeersdrempel, ezelsrug"
21220,149,Machelen,,50.88297881,4.43356644,1.5237300770218245,50.86927594051405,4.4337247950811465,2020,8,15,23094,Zaventem,Normaal,Droog,Dag,met zwaargewonden,3,Fiets,11,een weggebruiker tegen een hindernis,Buiten Kruispunt,Gemeenteweg,binnen bebouwde kom,Weggebruiker tegen hindernis op de rijbaan,"Op de rijbaan: Verkeersdrempel, ezelsrug"
21221,111,Zaventem totem,Zaventem,50.8871216,4.4597084,1.5974984018762899,50.88157866065102,4.480717363367639,2020,8,17,23094,Zaventem,Normaal,Droog,Dag,met zwaargewonden,9,personenauto,3,Fiets,Op Kruispunt,Gemeenteweg,binnen bebouwde kom,Tss. 2 best.: langs opzij (voor-/achterkant-flank),Geen hindernis
21221,26,Zaventem,Zaventem,50.86995,4.45444,2.251963123043495,50.88157866065102,4.480717363367639,2020,8,17,23094,Zaventem,Normaal,Droog,Dag,met zwaargewonden,9,personenauto,3,Fiets,Op Kruispunt,Gemeenteweg,binnen bebouwde kom,Tss. 2 best.: langs opzij (voor-/achterkant-flank),Geen hindernis
21223,12,Tervuren,Kraainem,50.81896,4.47803,2.471162377201286,50.84009308724278,4.4889168093167,2020,10,16,23103,Wezembeek-Oppem,Normaal,Proper,Dag,met lichtgewonden,9,personenauto,3,Fiets,Op Kruispunt,Gemeenteweg,binnen bebouwde kom,Tss. 2 best.: langs opzij (voor-/achterkant-flank),Geen hindernis
21224,147,Overijse,District Vilvoorde-gewestwegen,50.7797555,4.4975769,1.1389242663887909,50.78106163873905,4.513643740900407,2020,9,15,23062,Overijse,Normaal,Droog,Dag,met lichtgewonden,9,personenauto,3,Fiets,Buiten Kruispunt,Gewestweg,buiten bebouwde kom,Tss. 2 best.: langs opzij (voor-/achterkant-flank),Geen hindernis
21224,145,Overijse,District Vilvoorde-gewestwegen,50.7885856,4.4908759,1.8060703852852382,50.78106163873905,4.513643740900407,2020,9,15,23062,Overijse,Normaal,Droog,Dag,met lichtgewonden,9,personenauto,3,Fiets,Buiten Kruispunt,Gewestweg,buiten bebouwde kom,Tss. 2 best.: langs opzij (voor-/achterkant-flank),Geen hindernis
21224,146,Overijse 2,District Vilvoorde-gewestwegen,50.7881478,4.4902818,1.8216135331625136,50.78106163873905,4.513643740900407,2020,9,15,23062,Overijse,Normaal,Droog,Dag,met lichtgewonden,9,personenauto,3,Fiets,Buiten Kruispunt,Gewestweg,buiten bebouwde kom,Tss. 2 best.: langs opzij (voor-/achterkant-flank),Geen hindernis
21228,147,Overijse,District Vilvoorde-gewestwegen,50.7797555,4.4975769,1.1008011092265675,50.76991889401017,4.499342131770206,2020,9,9,23062,Overijse,Normaal,Droog,Dag,met lichtgewonden,9,personenauto,3,Fiets,Buiten Kruispunt,Gemeenteweg,binnen bebouwde kom,Tss. 2 best.: langs opzij (voor-/achterkant-flank),Geen hindernis
21228,146,Overijse 2,District Vilvoorde-gewestwegen,50.7881478,4.4902818,2.1247079387734193,50.76991889401017,4.499342131770206,2020,9,9,23062,Overijse,Normaal,Droog,Dag,met lichtgewonden,9,personenauto,3,Fiets,Buiten Kruispunt,Gemeenteweg,binnen bebouwde kom,Tss. 2 best.: langs opzij (voor-/achterkant-flank),Geen hindernis