crash_row_id,site_id,site_name,site_gemeente,site_lat,site_long,distance_km,crash_lat,crash_long,DT_YEAR_COLLISION,DT_MONTH_COLLISION,DT_TIME,CD_NIS,TX_MUNTY_COLLISION_NL,TX_WEATHER_NL,TX_ROAD_CONDITION_NL,TX_LIGHT_CONDITION_NL,TX_CLASS_ACCIDENTS_NL,CD_ROAD_USR_TYPE1,TX_ROAD_USR_TYPE1_NL,CD_ROAD_USR_TYPE2,TX_ROAD_USR_TYPE2_NL,TX_CROSSWAY_NL,CD_ROAD_TYPE_NL,TX_BUILD_UP_AREA_NL,TX_COLLISION_TYPE_NL,TX_OBSTACLES_NL
21228,145,Overijse,District Vilvoorde-gewestwegen,50.7885856,4.4908759,2.159311396678684,50.76991889401017,4.499342131770206,2020,9,9,23062,Overijse,Normaal,Droog,Dag,met lichtgewonden,9,personenauto,3,Fiets,Buiten Kruispunt,Gemeenteweg,binnen bebouwde kom,Tss. 2 best.: langs opzij (voor-/achterkant-flank),Geen hindernis
21230,147,Overijse,District Vilvoorde-gewestwegen,50.7797555,4.4975769,1.4495588214769513,50.77749791293058,4.477271898189526,2020,8,11,23033,Hoeilaart,Normaal,Droog,Dag,met lichtgewonden,9,personenauto,3,Fiets,Buiten Kruispunt,Gemeenteweg,binnen bebouwde kom,Tussen 2 bestuurders: Flank tegen flank,Geen hindernis
21230,146,Overijse 2,District Vilvoorde-gewestwegen,50.7881478,4.4902818,1.4963119066016966,50.77749791293058,4.477271898189526,2020,8,11,23033,Hoeilaart,Normaal,Droog,Dag,met lichtgewonden,9,personenauto,3,Fiets,Buiten Kruispunt,Gemeenteweg,binnen bebouwde kom,Tussen 2 bestuurders: Flank tegen flank,Geen hindernis
21230,145,Overijse,District Vilvoorde-gewestwegen,50.7885856,4.4908759,1.5603713692297065,50.77749791293058,4.477271898189526,2020,8,11,23033,Hoeilaart,Normaal,Droog,Dag,met lichtgewonden,9,personenauto,3,Fiets,Buiten Kruispunt,Gemeenteweg,binnen bebouwde kom,Tussen 2 bestuurders: Flank tegen flank,Geen hindernis
21231,147,Overijse,District Vilvoorde-gewestwegen,50.7797555,4.4975769,1.0792740061934314,50.78080849776752,4.5128369320818145,2020,9,15,23062,Overijse,Normaal,Droog,Dag,met lichtgewonden,9,personenauto,3,Fiets,Buiten Kruispunt,Gewestweg,buiten bebouwde kom,Tss. 2 best.: langs opzij (voor-/achterkant-flank),Geen hindernis
21231,145,Overijse,District Vilvoorde-gewestwegen,50.7885856,4.4908759,1.7695873195804475,50.78080849776752,4.5128369320818145,2020,9,15,23062,Overijse,Normaal,Droog,Dag,met lichtgewonden,9,personenauto,3,Fiets,Buiten Kruispunt,Gewestweg,buiten bebouwde kom,Tss. 2 best.: langs opzij (voor-/achterkant-flank),Geen hindernis
21231,146,Overijse 2,District Vilvoorde-gewestwegen,50.7881478,4.4902818,1.7833523046560174,50.78080849776752,4.5128369320818145,2020,9,15,23062,Overijse,Normaal,Droog,Dag,met lichtgewonden,9,personenauto,3,Fiets,Buiten Kruispunt,Gewestweg,buiten bebouwde kom,Tss. 2 best.: langs opzij (voor-/achterkant-flank),Geen hindernis
21235,86,Asse teller 2,Asse,50.89132,4.1709,2.4328635422090286,50.86995487222131,4.178373409727035,2020,9,10,23086,Ternat,Normaal,Droog,Dag,met lichtgewonden,9,personenauto,3,Fiets,Op Kruispunt,Gemeenteweg,binnen bebouwde kom,Tss. 2 best.: langs opzij (voor-/achterkant-flank),Geen hindernis
21237,86,Asse teller 2,Asse,50.89132,4.1709,1.5749734399708064,50.877185583576725,4.172352159430256,2020,9,11,23086,Ternat,Normaal,Droog,Dag,met lichtgewonden,3,Fiets,2,Andere weggebruiker,Buiten Kruispunt,Gemeenteweg,binnen bebouwde kom,Tussen 2 bestuurders: Flank tegen flank,Geen hindernis
21237,85,Asse teller 1,Asse,50.89621,4.17294,2.1158204552281537,50.877185583576725,4.172352159430256,2020,9,11,23086,Ternat,Normaal,Droog,Dag,met lichtgewonden,3,Fiets,2,Andere weggebruiker,Buiten Kruispunt,Gemeenteweg,binnen bebouwde kom,Tussen 2 bestuurders: Flank tegen flank,Geen hindernis
21239,86,Asse teller 2,Asse,50.89132,4.1709,2.330965621683972,50.870487441467006,4.174598996941305,2020,9,2,23086,Ternat,Normaal,Droog,"Nacht, openbare verlichting aanwezig en ontstoken",met lichtgewonden,3,Fiets,10,"één bestuurder, geen hindernis",Buiten Kruispunt,Gemeenteweg,binnen bebouwde kom,"Eén bestuurder, geen hindernis (incl. val)",Geen hindernis
21249,47,Vilvoorde,Vilvoorde,50.91372,4.41497,2.273115202085972,50.92703777039617,4.390367716580936,2020,9,9,23025,Grimbergen,Normaal,Droog,Dag,met zwaargewonden,3,Fiets,9,personenauto,Buiten Kruispunt,Gewestweg,buiten bebouwde kom,Tss. 2 best.: langs opzij (voor-/achterkant-flank),Geen hindernis
21250,27,Grimbergen,Meise,50.92127,4.34013,1.9075111390635249,50.904621083690515,4.34668784407447,2020,9,17,23025,Grimbergen,Normaal,Onbekend,Dag,met lichtgewonden,3,Fiets,9,personenauto,Buiten Kruispunt,Gewestweg,buiten bebouwde kom,Tussen 2 bestuurders: Flank tegen flank,Geen hindernis
21251,47,Vilvoorde,Vilvoorde,50.91372,4.41497,0.6136087758196558,50.908206443928606,4.414606558534662,2020,9,19,23088,Vilvoorde,Normaal,Droog,Dag,met lichtgewonden,4,Vrachtwagen,3,Fiets,Op Kruispunt,Gewestweg,buiten bebouwde kom,Tussen 2 bestuurders: Langs achteren,Geen hindernis
21252,47,Vilvoorde,Vilvoorde,50.91372,4.41497,1.6732238659687333,50.92439918508062,4.4317862853782515,2020,9,10,23088,Vilvoorde,Normaal,Proper,Dag,met lichtgewonden,3,Fiets,9,personenauto,Buiten Kruispunt,Gemeenteweg,binnen bebouwde kom,Tss. 2 best.: langs opzij (voor-/achterkant-flank),Geen hindernis
21252,1,Machelen,Machelen,50.91618331151478,4.456121776137429,1.9350806034646193,50.92439918508062,4.4317862853782515,2020,9,10,23088,Vilvoorde,Normaal,Proper,Dag,met lichtgewonden,3,Fiets,9,personenauto,Buiten Kruispunt,Gemeenteweg,binnen bebouwde kom,Tss. 2 best.: langs opzij (voor-/achterkant-flank),Geen hindernis
21253,47,Vilvoorde,Vilvoorde,50.91372,4.41497,1.5780268576036445,50.92623557575576,4.4255826933805,2020,8,7,23088,Vilvoorde,Normaal,Droog,Dag,met lichtgewonden,9,personenauto,3,Fiets,Buiten Kruispunt,Gewestweg,binnen bebouwde kom,Tss. 2 best.: langs opzij (voor-/achterkant-flank),Geen hindernis
21253,1,Machelen,Machelen,50.91618331151478,4.456121776137429,2.414921706964548,50.92623557575576,4.4255826933805,2020,8,7,23088,Vilvoorde,Normaal,Droog,Dag,met lichtgewonden,9,personenauto,3,Fiets,Buiten Kruispunt,Gewestweg,binnen bebouwde kom,Tss. 2 best.: langs opzij (voor-/achterkant-flank),Geen hindernis
21254,47,Vilvoorde,Vilvoorde,50.91372,4.41497,1.7978219053223854,50.928280079339956,4.426121115936969,2020,8,17,23088,Vilvoorde,Normaal,Droog,Dag,met lichtgewonden,9,personenauto,3,Fiets,Op Kruispunt,Gewestweg,binnen bebouwde kom,Tss. 2 best.: langs opzij (voor-/achterkant-flank),Geen hindernis
21254,1,Machelen,Machelen,50.91618331151478,4.456121776137429,2.496276547849078,50.928280079339956,4.426121115936969,2020,8,17,23088,Vilvoorde,Normaal,Droog,Dag,met lichtgewonden,9,personenauto,3,Fiets,Op Kruispunt,Gewestweg,binnen bebouwde kom,Tss. 2 best.: langs opzij (voor-/achterkant-flank),Geen hindernis
21255,47,Vilvoorde,Vilvoorde,50.91372,4.41497,1.445703420206124,50.92463323311162,4.42617988479697,2020,8,17,23088,Vilvoorde,Normaal,Droog,Dag,met zwaargewonden,9,personenauto,3,Fiets,Buiten Kruispunt,Gewestweg,binnen bebouwde kom,Tss. 2 best.: langs opzij (voor-/achterkant-flank),Geen hindernis
21255,1,Machelen,Machelen,50.91618331151478,4.456121776137429,2.2995582814426982,50.92463323311162,4.42617988479697,2020,8,17,23088,Vilvoorde,Normaal,Droog,Dag,met zwaargewonden,9,personenauto,3,Fiets,Buiten Kruispunt,Gewestweg,binnen bebouwde kom,Tss. 2 best.: langs opzij (voor-/achterkant-flank),Geen hindernis
21256,47,Vilvoorde,Vilvoorde,50.91372,4.41497,1.6216846746573672,50.927072255010536,4.42427589619019,2020,9,19,23088,Vilvoorde,Normaal,Droog,Dageraad - schemering,met lichtgewonden,3,Fiets,9,personenauto,Buiten Kruispunt,Gewestweg,binnen bebouwde kom,Tss. 2 best.: langs opzij (voor-/achterkant-flank),Geen hindernis
21257,149,Machelen,,50.88297881,4.43356644,1.5302481051780683,50.8967397984849,4.433322074933618,2020,9,11,23047,Machelen,Normaal,Droog,Dag,met lichtgewonden,9,personenauto,3,Fiets,Op Kruispunt,Gewestweg,binnen bebouwde kom,Tussen 2 bestuurders: Frontale botsing,Geen hindernis
21257,111,Zaventem totem,Zaventem,50.8871216,4.4597084,2.1375350454979825,50.8967397984849,4.433322074933618,2020,9,11,23047,Machelen,Normaal,Droog,Dag,met lichtgewonden,9,personenauto,3,Fiets,Op Kruispunt,Gewestweg,binnen bebouwde kom,Tussen 2 bestuurders: Frontale botsing,Geen hindernis
21257,47,Vilvoorde,Vilvoorde,50.91372,4.41497,2.284939335607478,50.8967397984849,4.433322074933618,2020,9,11,23047,Machelen,Normaal,Droog,Dag,met lichtgewonden,9,personenauto,3,Fiets,Op Kruispunt,Gewestweg,binnen bebouwde kom,Tussen 2 bestuurders: Frontale botsing,Geen hindernis
21258,1,Machelen,Machelen,50.91618331151478,4.456121776137429,1.9433222054923767,50.926586855154234,4.433845175769183,2020,10,16,23088,Vilvoorde,Normaal,Droog,Dag,met lichtgewonden,3,Fiets,9,personenauto,Op Kruispunt,Gewestweg,binnen bebouwde kom,Tss. 2 best.: langs opzij (voor-/achterkant-flank),Geen hindernis
21258,47,Vilvoorde,Vilvoorde,50.91372,4.41497,1.9487407953735219,50.926586855154234,4.433845175769183,2020,10,16,23088,Vilvoorde,Normaal,Droog,Dag,met lichtgewonden,3,Fiets,9,personenauto,Op Kruispunt,Gewestweg,binnen bebouwde kom,Tss. 2 best.: langs opzij (voor-/achterkant-flank),Geen hindernis
21259,47,Vilvoorde,Vilvoorde,50.91372,4.41497,1.9444544130448733,50.929369897453974,4.427346699350929,2020,9,13,23088,Vilvoorde,Normaal,Onbekend,Dag,met lichtgewonden,3,Fiets,9,personenauto,Buiten Kruispunt,Gewestweg,binnen bebouwde kom,Tss. 2 best.: langs opzij (voor-/achterkant-flank),Geen hindernis
21259,1,Machelen,Machelen,50.91618331151478,4.456121776137429,2.4936054362290245,50.929369897453974,4.427346699350929,2020,9,13,23088,Vilvoorde,Normaal,Onbekend,Dag,met lichtgewonden,3,Fiets,9,personenauto,Buiten Kruispunt,Gewestweg,binnen bebouwde kom,Tss. 2 best.: langs opzij (voor-/achterkant-flank),Geen hindernis
21260,71,Kampenhout teller 2,Kampenhout,50.95589,4.59164,0.5012795530682082,50.9530096954037,4.597145286385539,2020,8,9,23038,Kampenhout,Normaal,Droog,Dag,met zwaargewonden,3,Fiets,10,"één bestuurder, geen hindernis",Buiten Kruispunt,Gewestweg,binnen bebouwde kom,"Eén bestuurder, geen hindernis (incl. val)",Geen hindernis
21260,70,Kampenhout teller 1,Kampenhout,50.95682,4.59318,0.5066112618160034,50.9530096954037,4.597145286385539,2020,8,9,23038,Kampenhout,Normaal,Droog,Dag,met zwaargewonden,3,Fiets,10,"één bestuurder, geen hindernis",Buiten Kruispunt,Gewestweg,binnen bebouwde kom,"Eén bestuurder, geen hindernis (incl. val)",Geen hindernis
21261,109,Zemst,Zemst,50.9903936,4.4707023,0.4583549613719813,50.9863328269324,4.47182753962586,2020,9,11,23096,Zemst,Normaal,Droog,Dag,met lichtgewonden,5,Lichte vrachtauto,3,Fiets,Buiten Kruispunt,Gemeenteweg,binnen bebouwde kom,Tss. 2 best.: langs opzij (voor-/achterkant-flank),Geen hindernis
21262,109,Zemst,Zemst,50.9903936,4.4707023,1.6673964432034472,50.98945372632344,4.494477985276898,2020,9,9,23096,Zemst,Normaal,Droog,Dag,met lichtgewonden,9,personenauto,3,Fiets,Buiten Kruispunt,Gewestweg,binnen bebouwde kom,Tss. 2 best.: langs opzij (voor-/achterkant-flank),Geen hindernis
21264,71,Kampenhout teller 2,Kampenhout,50.95589,4.59164,0.5538132232608974,50.95974725811277,4.586637871262519,2020,9,8,23038,Kampenhout,Normaal,Droog,Dag,met zwaargewonden,3,Fiets,9,personenauto,Buiten Kruispunt,Gewestweg,buiten bebouwde kom,Tss. 2 best.: langs opzij (voor-/achterkant-flank),Geen hindernis
21264,70,Kampenhout teller 1,Kampenhout,50.95682,4.59318,0.5620548488419109,50.95974725811277,4.586637871262519,2020,9,8,23038,Kampenhout,Normaal,Droog,Dag,met zwaargewonden,3,Fiets,9,personenauto,Buiten Kruispunt,Gewestweg,buiten bebouwde kom,Tss. 2 best.: langs opzij (voor-/achterkant-flank),Geen hindernis
21265,109,Zemst,Zemst,50.9903936,4.4707023,0.7510764455676934,50.99419213683058,4.461828635115046,2020,8,21,23096,Zemst,Normaal,Droog,Dageraad - schemering,met lichtgewonden,3,Fiets,10,"één bestuurder, geen hindernis",Buiten Kruispunt,Gemeenteweg,buiten bebouwde kom,"Eén bestuurder, geen hindernis (incl. val)",Geen hindernis
21267,13,Gent,Gent,51.03018,3.70146,0.9162490472016046,51.03792905604359,3.7059153950401367,2020,9,1,44021,Gent,Normaal,Droog,"Nacht, openbare verlichting aanwezig en ontstoken",met lichtgewonden,3,Fiets,11,een weggebruiker tegen een hindernis,Op Kruispunt,Gemeenteweg,binnen bebouwde kom,Weggebruiker tegen hindernis op de rijbaan,"Op de rijbaan: Put, straatgoot, tramspoor"
21268,13,Gent,Gent,51.03018,3.70146,2.2521859964829387,51.0449513610385,3.7234986155070167,2020,9,20,44021,Gent,Normaal,Droog,"Nacht, openbare verlichting aanwezig en ontstoken",met lichtgewonden,9,personenauto,3,Fiets,Op Kruispunt,Gemeenteweg,binnen bebouwde kom,Tss. 2 best.: langs opzij (voor-/achterkant-flank),Geen hindernis
21269,13,Gent,Gent,51.03018,3.70146,1.1157943406277815,51.020730271178415,3.70682700010498,2020,9,16,44021,Gent,Normaal,Droog,Dag,met lichtgewonden,3,Fiets,9,personenauto,Buiten Kruispunt,Gemeenteweg,buiten bebouwde kom,Tss. 2 best.: langs opzij (voor-/achterkant-flank),Geen hindernis
21270,13,Gent,Gent,51.03018,3.70146,2.099953839585186,51.014415433971095,3.7179917596972833,2020,9,16,44021,Gent,Normaal,Droog,Dag,met lichtgewonden,6,Bromfiets,3,Fiets,Op Kruispunt,Gemeenteweg,binnen bebouwde kom,Tussen 2 bestuurders: Flank tegen flank,Geen hindernis
21273,13,Gent,Gent,51.03018,3.70146,2.482045046363702,51.00824347961967,3.7080223787286157,2020,9,8,44021,Gent,Normaal,Droog,Dag,met lichtgewonden,3,Fiets,9,personenauto,Op Kruispunt,Gewestweg,binnen bebouwde kom,Tss. 2 best.: langs opzij (voor-/achterkant-flank),Geen hindernis
21275,119,Gent teller 2,Gent,51.0281795,3.7683918,0.0886862352417232,51.02892784212395,3.7688304457471107,2020,9,11,44021,Gent,Normaal,Droog,Dag,met lichtgewonden,3,Fiets,9,personenauto,Op Kruispunt,Gemeenteweg,binnen bebouwde kom,Tss. 2 best.: langs opzij (voor-/achterkant-flank),Geen hindernis
21275,118,Gent teller 1,Gent,51.028049,3.7681359,0.10912852365509901,51.02892784212395,3.7688304457471107,2020,9,11,44021,Gent,Normaal,Droog,Dag,met lichtgewonden,3,Fiets,9,personenauto,Op Kruispunt,Gemeenteweg,binnen bebouwde kom,Tss. 2 best.: langs opzij (voor-/achterkant-flank),Geen hindernis
21276,13,Gent,Gent,51.03018,3.70146,2.1637421723864225,51.03908553517292,3.728973001364133,2020,8,19,44021,Gent,Normaal,Droog,Dag,met lichtgewonden,3,Fiets,3,Fiets,Buiten Kruispunt,Gemeenteweg,binnen bebouwde kom,Tussen 2 bestuurders: Frontale botsing,Geen hindernis
21281,13,Gent,Gent,51.03018,3.70146,0.8960806442466691,51.0309934140526,3.714208323760372,2020,8,18,44021,Gent,Normaal,Droog,Dag,met lichtgewonden,3,Fiets,10,"één bestuurder, geen hindernis",Buiten Kruispunt,Gemeenteweg,binnen bebouwde kom,"Eén bestuurder, geen hindernis (incl. val)",Geen hindernis
21283,13,Gent,Gent,51.03018,3.70146,1.9420650897329979,51.014900005138905,3.7149087378484067,2020,8,18,44021,Gent,Normaal,Droog,Dag,met lichtgewonden,3,Fiets,10,"één bestuurder, geen hindernis",Buiten Kruispunt,Autosnelweg,buiten bebouwde kom,"Eén bestuurder, geen hindernis (incl. val)",Geen hindernis
21285,13,Gent,Gent,51.03018,3.70146,1.6343610010421945,51.02821916658754,3.724621422435899,2020,9,10,44021,Gent,Normaal,Droog,Dag,met lichtgewonden,3,Fiets,9,personenauto,Op Kruispunt,Gemeenteweg,binnen bebouwde kom,Tss. 2 best.: langs opzij (voor-/achterkant-flank),Geen hindernis
21288,136,Gent R4,Gent,51.0876313,3.7587918,2.4410248303697872,51.066189197313086,3.7662836937745543,2020,9,13,44021,Gent,Normaal,Droog,Dag,met lichtgewonden,9,personenauto,3,Fiets,Op Kruispunt,Gewestweg,buiten bebouwde kom,Tss. 2 best.: langs opzij (voor-/achterkant-flank),Geen hindernis
21294,13,Gent,Gent,51.03018,3.70146,1.3404042709300006,51.031963064762444,3.720416853952771,2020,9,16,44021,Gent,Normaal,Droog,Dag,met lichtgewonden,3,Fiets,9,personenauto,Buiten Kruispunt,Gewestweg,binnen bebouwde kom,Tss. 2 best.: langs opzij (voor-/achterkant-flank),Geen hindernis
21298,13,Gent,Gent,51.03018,3.70146,2.268173510868076,51.05050011137418,3.7042954606950955,2020,8,20,44021,Gent,Normaal,Droog,Dag,met lichtgewonden,3,Fiets,3,Fiets,Buiten Kruispunt,Gewestweg,binnen bebouwde kom,Tussen 2 bestuurders: Frontale botsing,Geen hindernis
21299,118,Gent teller 1,Gent,51.028049,3.7681359,1.2033950618702072,51.03481127313143,3.7547002410057084,2020,8,12,44021,Gent,Normaal,Droog,Dag,met lichtgewonden,9,personenauto,3,Fiets,Op Kruispunt,Gewestweg,binnen bebouwde kom,Tss. 2 best.: langs opzij (voor-/achterkant-flank),Geen hindernis
21299,119,Gent teller 2,Gent,51.0281795,3.7683918,1.208508232389181,51.03481127313143,3.7547002410057084,2020,8,12,44021,Gent,Normaal,Droog,Dag,met lichtgewonden,9,personenauto,3,Fiets,Op Kruispunt,Gewestweg,binnen bebouwde kom,Tss. 2 best.: langs opzij (voor-/achterkant-flank),Geen hindernis
21300,13,Gent,Gent,51.03018,3.70146,2.024842267864448,51.04826951303126,3.704783791670506,2020,8,18,44021,Gent,Normaal,Droog,Dag,met lichtgewonden,9,personenauto,3,Fiets,Op Kruispunt,Gemeenteweg,buiten bebouwde kom,Tss. 2 best.: langs opzij (voor-/achterkant-flank),Geen hindernis
21301,136,Gent R4,Gent,51.0876313,3.7587918,2.4185807566486144,51.06620048823464,3.752875110427433,2020,8,8,44021,Gent,Normaal,Droog,Dag,met lichtgewonden,9,personenauto,3,Fiets,Buiten Kruispunt,Gemeenteweg,binnen bebouwde kom,Tussen 2 bestuurders: Flank tegen flank,Geen hindernis
21302,136,Gent R4,Gent,51.0876313,3.7587918,2.038219215063728,51.08187423910391,3.731088158382513,2020,9,8,44021,Gent,Normaal,Droog,Dag,met lichtgewonden,9,personenauto,3,Fiets,Buiten Kruispunt,Gewestweg,binnen bebouwde kom,Tussen 2 bestuurders: Flank tegen flank,Geen hindernis
21303,13,Gent,Gent,51.03018,3.70146,1.6744390089366816,51.0421740649633,3.7159395053072517,2020,9,13,44021,Gent,Normaal,Droog,Dag,met lichtgewonden,3,Fiets,3,Fiets,Buiten Kruispunt,Gemeenteweg,binnen bebouwde kom,Tss. 2 best.: langs opzij (voor-/achterkant-flank),Geen hindernis
21305,13,Gent,Gent,51.03018,3.70146,1.2777194064240434,51.03759014035557,3.715425384316315,2020,9,20,44021,Gent,Normaal,Droog,Dag,met lichtgewonden,3,Fiets,6,Bromfiets,Buiten Kruispunt,Gewestweg,binnen bebouwde kom,Tussen 2 bestuurders: Flank tegen flank,Geen hindernis
21306,136,Gent R4,Gent,51.0876313,3.7587918,1.9621946855482053,51.07425868064239,3.7404640364047457,2020,9,13,44021,Gent,Normaal,Droog,Dag,met lichtgewonden,9,personenauto,3,Fiets,Buiten Kruispunt,Gewestweg,buiten bebouwde kom,Tussen 2 bestuurders: Frontale botsing,Geen hindernis
21307,118,Gent teller 1,Gent,51.028049,3.7681359,2.2559187947212282,51.033282615004154,3.7369685278694265,2020,9,15,44021,Gent,Normaal,Droog,Dag,met lichtgewonden,9,personenauto,3,Fiets,Op Kruispunt,Gemeenteweg,binnen bebouwde kom,Tss. 2 best.: langs opzij (voor-/achterkant-flank),Geen hindernis
21307,119,Gent teller 2,Gent,51.0281795,3.7683918,2.2695386279277767,51.033282615004154,3.7369685278694265,2020,9,15,44021,Gent,Normaal,Droog,Dag,met lichtgewonden,9,personenauto,3,Fiets,Op Kruispunt,Gemeenteweg,binnen bebouwde kom,Tss. 2 best.: langs opzij (voor-/achterkant-flank),Geen hindernis
21311,13,Gent,Gent,51.03018,3.70146,1.3659514394581667,51.03269373510782,3.720579844435126,2020,10,8,44021,Gent,Normaal,"Nat, plassen",Dag,met lichtgewonden,9,personenauto,3,Fiets,Op Kruispunt,Gewestweg,binnen bebouwde kom,Tussen 2 bestuurders: Frontale botsing,Geen hindernis
21313,13,Gent,Gent,51.03018,3.70146,1.2979996362161341,51.03782950825873,3.715481434971639,2020,10,14,44021,Gent,Onbekend,Onbekend,Dag,met lichtgewonden,3,Fiets,9,personenauto,Op Kruispunt,Gewestweg,binnen bebouwde kom,Tss. 2 best.: langs opzij (voor-/achterkant-flank),Geen hindernis
21318,119,Gent teller 2,Gent,51.0281795,3.7683918,1.9665098628115054,51.043952190153625,3.7556707518291663,2020,9,18,44021,Gent,Normaal,"Nat, plassen",Dag,met lichtgewonden,3,Fiets,9,personenauto,Op Kruispunt,Gemeenteweg,binnen bebouwde kom,Tss. 2 best.: langs opzij (voor-/achterkant-flank),Geen hindernis
21318,118,Gent teller 1,Gent,51.028049,3.7681359,1.971487240590694,51.043952190153625,3.7556707518291663,2020,9,18,44021,Gent,Normaal,"Nat, plassen",Dag,met lichtgewonden,3,Fiets,9,personenauto,Op Kruispunt,Gemeenteweg,binnen bebouwde kom,Tss. 2 best.: langs opzij (voor-/achterkant-flank),Geen hindernis
21320,13,Gent,Gent,51.03018,3.70146,2.3390892984837848,51.03457315090397,3.7341722039643135,2020,9,7,44021,Gent,Normaal,Droog,Dageraad - schemering,met lichtgewonden,3,Fiets,5,Lichte vrachtauto,Op Kruispunt,Gemeenteweg,binnen bebouwde kom,Tussen 2 bestuurders: Langs achteren,Geen hindernis
21320,118,Gent teller 1,Gent,51.028049,3.7681359,2.4834033541423013,51.03457315090397,3.7341722039643135,2020,9,7,44021,Gent,Normaal,Droog,Dageraad - schemering,met lichtgewonden,3,Fiets,5,Lichte vrachtauto,Op Kruispunt,Gemeenteweg,binnen bebouwde kom,Tussen 2 bestuurders: Langs achteren,Geen hindernis
21320,119,Gent teller 2,Gent,51.0281795,3.7683918,2.4963488287520192,51.03457315090397,3.7341722039643135,2020,9,7,44021,Gent,Normaal,Droog,Dageraad - schemering,met lichtgewonden,3,Fiets,5,Lichte vrachtauto,Op Kruispunt,Gemeenteweg,binnen bebouwde kom,Tussen 2 bestuurders: Langs achteren,Geen hindernis
21321,13,Gent,Gent,51.03018,3.70146,2.2730697572225074,51.03837707311258,3.731239135492855,2020,9,15,44021,Gent,Normaal,"Nat, plassen",Dag,met lichtgewonden,9,personenauto,3,Fiets,Buiten Kruispunt,Gewestweg,binnen bebouwde kom,Tss. 2 best.: langs opzij (voor-/achterkant-flank),Geen hindernis
21324,136,Gent R4,Gent,51.0876313,3.7587918,2.3852261666068584,51.09009262838779,3.724866166111256,2020,8,18,44021,Gent,Normaal,Droog,Dag,met zwaargewonden,3,Fiets,6,Bromfiets,Op Kruispunt,Gewestweg,binnen bebouwde kom,Tussen 2 bestuurders: Flank tegen flank,Geen hindernis
21327,13,Gent,Gent,51.03018,3.70146,0.9416668386132446,51.0373155819351,3.708712456917867,2020,8,10,44021,Gent,Normaal,Droog,Dag,met lichtgewonden,5,Lichte vrachtauto,3,Fiets,Buiten Kruispunt,Gemeenteweg,binnen bebouwde kom,Tussen 2 bestuurders: Flank tegen flank,Geen hindernis
21332,118,Gent teller 1,Gent,51.028049,3.7681359,2.2664977059273212,51.03693233968867,3.738964186698996,2020,9,18,44021,Gent,Regenval,"Nat, plassen",Dag,met lichtgewonden,3,Fiets,9,personenauto,Op Kruispunt,Gewestweg,binnen bebouwde kom,Tss. 2 best.: langs opzij (voor-/achterkant-flank),Geen hindernis
21332,119,Gent teller 2,Gent,51.0281795,3.7683918,2.276372303307494,51.03693233968867,3.738964186698996,2020,9,18,44021,Gent,Regenval,"Nat, plassen",Dag,met lichtgewonden,3,Fiets,9,personenauto,Op Kruispunt,Gewestweg,binnen bebouwde kom,Tss. 2 best.: langs opzij (voor-/achterkant-flank),Geen hindernis
21338,118,Gent teller 1,Gent,51.028049,3.7681359,2.272222551259747,51.03788789521781,3.739656366931784,2020,8,17,44021,Gent,Normaal,Droog,Dag,met lichtgewonden,3,Fiets,9,personenauto,Op Kruispunt,Gemeenteweg,binnen bebouwde kom,Tss. 2 best.: langs opzij (voor-/achterkant-flank),Geen hindernis
21338,119,Gent teller 2,Gent,51.0281795,3.7683918,2.2810167576001446,51.03788789521781,3.739656366931784,2020,8,17,44021,Gent,Normaal,Droog,Dag,met lichtgewonden,3,Fiets,9,personenauto,Op Kruispunt,Gemeenteweg,binnen bebouwde kom,Tss. 2 best.: langs opzij (voor-/achterkant-flank),Geen hindernis
21343,13,Gent,Gent,51.03018,3.70146,1.8007930928059739,51.03517082970787,3.725958781812468,2020,10,1,44021,Gent,Normaal,Droog,"Nacht, openbare verlichting aanwezig en ontstoken",met lichtgewonden,3,Fiets,3,Fiets,Buiten Kruispunt,Gemeenteweg,binnen bebouwde kom,Tussen 2 bestuurders: Flank tegen flank,Geen hindernis
21362,116,Melle teller 2,Melle,50.9986113,3.8040599,1.6238035885560484,51.01050515704921,3.7905949997314208,2020,9,22,44040,Melle,Regenval,"Nat, plassen","Nacht, openbare verlichting aanwezig en ontstoken",met lichtgewonden,3,Fiets,5,Lichte vrachtauto,Op Kruispunt,Gewestweg,buiten bebouwde kom,Tss. 2 best.: langs opzij (voor-/achterkant-flank),Geen hindernis
21362,117,Melle teller 1,Melle,50.9986113,3.8040599,1.6238035885560484,51.01050515704921,3.7905949997314208,2020,9,22,44040,Melle,Regenval,"Nat, plassen","Nacht, openbare verlichting aanwezig en ontstoken",met lichtgewonden,3,Fiets,5,Lichte vrachtauto,Op Kruispunt,Gewestweg,buiten bebouwde kom,Tss. 2 best.: langs opzij (voor-/achterkant-flank),Geen hindernis
21363,119,Gent teller 2,Gent,51.0281795,3.7683918,2.4739434482015934,51.0331450058594,3.8028764139042046,2020,9,9,44013,Destelbergen,Normaal,Droog,Dag,met lichtgewonden,3,Fiets,10,"één bestuurder, geen hindernis",Buiten Kruispunt,Gewestweg,binnen bebouwde kom,"Eén bestuurder, geen hindernis (incl. val)",Geen hindernis
21363,118,Gent teller 1,Gent,51.028049,3.7681359,2.4946499687844437,51.0331450058594,3.8028764139042046,2020,9,9,44013,Destelbergen,Normaal,Droog,Dag,met lichtgewonden,3,Fiets,10,"één bestuurder, geen hindernis",Buiten Kruispunt,Gewestweg,binnen bebouwde kom,"Eén bestuurder, geen hindernis (incl. val)",Geen hindernis