crash_row_id,site_id,site_name,site_gemeente,site_lat,site_long,distance_km,crash_lat,crash_long,DT_YEAR_COLLISION,DT_MONTH_COLLISION,DT_TIME,CD_NIS,TX_MUNTY_COLLISION_NL,TX_WEATHER_NL,TX_ROAD_CONDITION_NL,TX_LIGHT_CONDITION_NL,TX_CLASS_ACCIDENTS_NL,CD_ROAD_USR_TYPE1,TX_ROAD_USR_TYPE1_NL,CD_ROAD_USR_TYPE2,TX_ROAD_USR_TYPE2_NL,TX_CROSSWAY_NL,CD_ROAD_TYPE_NL,TX_BUILD_UP_AREA_NL,TX_COLLISION_TYPE_NL,TX_OBSTACLES_NL
21366,116,Melle teller 2,Melle,50.9986113,3.8040599,2.333465968692021,50.97763615585778,3.8051001838460863,2020,8,17,44040,Melle,Onbekend,Onbekend,Dag,met lichtgewonden,3,Fiets,9,personenauto,Op Kruispunt,Gewestweg,binnen bebouwde kom,Tss. 2 best.: langs opzij (voor-/achterkant-flank),Geen hindernis
21366,117,Melle teller 1,Melle,50.9986113,3.8040599,2.333465968692021,50.97763615585778,3.8051001838460863,2020,8,17,44040,Melle,Onbekend,Onbekend,Dag,met lichtgewonden,3,Fiets,9,personenauto,Op Kruispunt,Gewestweg,binnen bebouwde kom,Tss. 2 best.: langs opzij (voor-/achterkant-flank),Geen hindernis
21387,7,Evergem 1,Evergem,51.1089,3.70317,0.5186911394792921,51.10659588153701,3.7096299321926622,2020,9,16,44019,Evergem,Onbekend,Onbekend,Onbekend,met lichtgewonden,9,personenauto,3,Fiets,Op Kruispunt,Gemeenteweg,binnen bebouwde kom,Tss. 2 best.: langs opzij (voor-/achterkant-flank),Geen hindernis
21387,6,Evergem 2,Evergem,51.10894,3.70298,0.53242832289941,51.10659588153701,3.7096299321926622,2020,9,16,44019,Evergem,Onbekend,Onbekend,Onbekend,met lichtgewonden,9,personenauto,3,Fiets,Op Kruispunt,Gemeenteweg,binnen bebouwde kom,Tss. 2 best.: langs opzij (voor-/achterkant-flank),Geen hindernis
21391,6,Evergem 2,Evergem,51.10894,3.70298,0.6737254385695858,51.10796712361622,3.693454860618911,2020,8,15,44019,Evergem,Normaal,Droog,Dag,met lichtgewonden,3,Fiets,10,"één bestuurder, geen hindernis",Buiten Kruispunt,Gemeenteweg,binnen bebouwde kom,"Eén bestuurder, geen hindernis (incl. val)",Geen hindernis
21391,7,Evergem 1,Evergem,51.1089,3.70317,0.6861349929476216,51.10796712361622,3.693454860618911,2020,8,15,44019,Evergem,Normaal,Droog,Dag,met lichtgewonden,3,Fiets,10,"één bestuurder, geen hindernis",Buiten Kruispunt,Gemeenteweg,binnen bebouwde kom,"Eén bestuurder, geen hindernis (incl. val)",Geen hindernis
21392,6,Evergem 2,Evergem,51.10894,3.70298,0.7744822901861443,51.115605599161256,3.706198320978197,2020,8,18,44019,Evergem,Normaal,Droog,Dag,met lichtgewonden,3,Fiets,10,"één bestuurder, geen hindernis",Buiten Kruispunt,Gemeenteweg,binnen bebouwde kom,"Eén bestuurder, geen hindernis (incl. val)",Geen hindernis
21392,7,Evergem 1,Evergem,51.1089,3.70317,0.7750175203951188,51.115605599161256,3.706198320978197,2020,8,18,44019,Evergem,Normaal,Droog,Dag,met lichtgewonden,3,Fiets,10,"één bestuurder, geen hindernis",Buiten Kruispunt,Gemeenteweg,binnen bebouwde kom,"Eén bestuurder, geen hindernis (incl. val)",Geen hindernis
21393,7,Evergem 1,Evergem,51.1089,3.70317,0.6339506943529373,51.11367379713789,3.7081347488994236,2020,8,19,44019,Evergem,Regenval,"Nat, plassen",Dag,met zwaargewonden,9,personenauto,3,Fiets,Buiten Kruispunt,Gemeenteweg,binnen bebouwde kom,Tss. 2 best.: langs opzij (voor-/achterkant-flank),Geen hindernis
21393,6,Evergem 2,Evergem,51.10894,3.70298,0.6376214825534975,51.11367379713789,3.7081347488994236,2020,8,19,44019,Evergem,Regenval,"Nat, plassen",Dag,met zwaargewonden,9,personenauto,3,Fiets,Buiten Kruispunt,Gemeenteweg,binnen bebouwde kom,Tss. 2 best.: langs opzij (voor-/achterkant-flank),Geen hindernis
21394,6,Evergem 2,Evergem,51.10894,3.70298,0.28988174952530765,51.1111159002853,3.7006929390253975,2020,9,19,44019,Evergem,Normaal,Droog,Dag,met lichtgewonden,3,Fiets,10,"één bestuurder, geen hindernis",Op Kruispunt,Gemeenteweg,binnen bebouwde kom,"Eén bestuurder, geen hindernis (incl. val)",Geen hindernis
21394,7,Evergem 1,Evergem,51.1089,3.70317,0.30102328331072103,51.1111159002853,3.7006929390253975,2020,9,19,44019,Evergem,Normaal,Droog,Dag,met lichtgewonden,3,Fiets,10,"één bestuurder, geen hindernis",Op Kruispunt,Gemeenteweg,binnen bebouwde kom,"Eén bestuurder, geen hindernis (incl. val)",Geen hindernis
21397,7,Evergem 1,Evergem,51.1089,3.70317,2.1770208494924885,51.11993714687956,3.7289292854358673,2020,8,8,44019,Evergem,Normaal,Droog,Dag,met zwaargewonden,3,Fiets,9,personenauto,Op Kruispunt,Gemeenteweg,buiten bebouwde kom,Tss. 2 best.: langs opzij (voor-/achterkant-flank),Geen hindernis
21397,6,Evergem 2,Evergem,51.10894,3.70298,2.185495727309316,51.11993714687956,3.7289292854358673,2020,8,8,44019,Evergem,Normaal,Droog,Dag,met zwaargewonden,3,Fiets,9,personenauto,Op Kruispunt,Gemeenteweg,buiten bebouwde kom,Tss. 2 best.: langs opzij (voor-/achterkant-flank),Geen hindernis
21405,115,Aalter,Aalter,51.1058367,3.4350591,2.250914363190944,51.08738438395392,3.448313728836377,2020,8,14,44084,Aalter,Normaal,Droog,Dag,met lichtgewonden,9,personenauto,3,Fiets,Op Kruispunt,Gewestweg,binnen bebouwde kom,Tss. 2 best.: langs opzij (voor-/achterkant-flank),Geen hindernis
21406,115,Aalter,Aalter,51.1058367,3.4350591,2.255586819180175,51.08698097877642,3.4469688283592346,2020,9,9,44084,Aalter,Normaal,Droog,Dag,met lichtgewonden,3,Fiets,9,personenauto,Buiten Kruispunt,Gemeenteweg,binnen bebouwde kom,Tss. 2 best.: langs opzij (voor-/achterkant-flank),Geen hindernis
21408,115,Aalter,Aalter,51.1058367,3.4350591,2.077236033850845,51.08749696515739,3.4407191978707306,2020,8,1,44084,Aalter,"Sterke wind, rukwind",Droog,"Nacht, openbare verlichting aanwezig en ontstoken",met lichtgewonden,3,Fiets,11,een weggebruiker tegen een hindernis,Buiten Kruispunt,Gemeenteweg,binnen bebouwde kom,Weggebruiker tegen hindernis buiten rijbaan,Buiten de rijbaan: Omheining
21481,126,Hamme totem,Hamme,51.1017709,4.1469307,2.1895761163117378,51.11324997546221,4.172413018245144,2020,8,15,46025,Temse,Normaal,"Nat, plassen",Dag,met lichtgewonden,3,Fiets,10,"één bestuurder, geen hindernis",Buiten Kruispunt,Gemeenteweg,binnen bebouwde kom,"Eén bestuurder, geen hindernis (incl. val)",Geen hindernis
21484,128,Lokeren teller 1,Lokeren,51.09644,3.97023,2.492228688144066,51.11846872244521,3.963646755459042,2020,9,18,46014,Lokeren,Normaal,Droog,Dag,met zwaargewonden,1,Autobus,3,Fiets,Op Kruispunt,Gemeenteweg,binnen bebouwde kom,Tss. 2 best.: langs opzij (voor-/achterkant-flank),Geen hindernis
21486,128,Lokeren teller 1,Lokeren,51.09644,3.97023,1.7924255120908545,51.105679439969336,3.991265088446861,2020,9,20,46014,Lokeren,Regenval,"Nat, plassen","Nacht, openbare verlichting aanwezig en ontstoken",met lichtgewonden,9,personenauto,3,Fiets,Buiten Kruispunt,Gemeenteweg,binnen bebouwde kom,Tss. 2 best.: langs opzij (voor-/achterkant-flank),Geen hindernis
21486,129,Lokeren teller 2,Lokeren,51.09612,3.97025,1.8119280014620216,51.105679439969336,3.991265088446861,2020,9,20,46014,Lokeren,Regenval,"Nat, plassen","Nacht, openbare verlichting aanwezig en ontstoken",met lichtgewonden,9,personenauto,3,Fiets,Buiten Kruispunt,Gemeenteweg,binnen bebouwde kom,Tss. 2 best.: langs opzij (voor-/achterkant-flank),Geen hindernis
21486,141,Test site A support,Lokeren,51.08342085,3.9961071208376326,2.498033961110305,51.105679439969336,3.991265088446861,2020,9,20,46014,Lokeren,Regenval,"Nat, plassen","Nacht, openbare verlichting aanwezig en ontstoken",met lichtgewonden,9,personenauto,3,Fiets,Buiten Kruispunt,Gemeenteweg,binnen bebouwde kom,Tss. 2 best.: langs opzij (voor-/achterkant-flank),Geen hindernis
21487,128,Lokeren teller 1,Lokeren,51.09644,3.97023,2.1950222988284325,51.10330396805201,3.999703837913024,2020,9,14,46014,Lokeren,Regenval,Proper,Dag,met lichtgewonden,9,personenauto,3,Fiets,Op Kruispunt,Gemeenteweg,binnen bebouwde kom,Tss. 2 best.: langs opzij (voor-/achterkant-flank),Geen hindernis
21487,129,Lokeren teller 2,Lokeren,51.09612,3.97025,2.2063516551260918,51.10330396805201,3.999703837913024,2020,9,14,46014,Lokeren,Regenval,Proper,Dag,met lichtgewonden,9,personenauto,3,Fiets,Op Kruispunt,Gemeenteweg,binnen bebouwde kom,Tss. 2 best.: langs opzij (voor-/achterkant-flank),Geen hindernis
21487,141,Test site A support,Lokeren,51.08342085,3.9961071208376326,2.2251245265868436,51.10330396805201,3.999703837913024,2020,9,14,46014,Lokeren,Regenval,Proper,Dag,met lichtgewonden,9,personenauto,3,Fiets,Op Kruispunt,Gemeenteweg,binnen bebouwde kom,Tss. 2 best.: langs opzij (voor-/achterkant-flank),Geen hindernis
21488,128,Lokeren teller 1,Lokeren,51.09644,3.97023,1.6916337962729955,51.10032239790402,3.9936533236915013,2020,9,15,46014,Lokeren,Onbekend,Onbekend,Dag,met lichtgewonden,3,Fiets,11,een weggebruiker tegen een hindernis,Buiten Kruispunt,Gemeenteweg,binnen bebouwde kom,Weggebruiker tegen hindernis op de rijbaan,Op de rijbaan: Container
21488,129,Lokeren teller 2,Lokeren,51.09612,3.97025,1.6997249595064752,51.10032239790402,3.9936533236915013,2020,9,15,46014,Lokeren,Onbekend,Onbekend,Dag,met lichtgewonden,3,Fiets,11,een weggebruiker tegen een hindernis,Buiten Kruispunt,Gemeenteweg,binnen bebouwde kom,Weggebruiker tegen hindernis op de rijbaan,Op de rijbaan: Container
21488,141,Test site A support,Lokeren,51.08342085,3.9961071208376326,1.8871633647894819,51.10032239790402,3.9936533236915013,2020,9,15,46014,Lokeren,Onbekend,Onbekend,Dag,met lichtgewonden,3,Fiets,11,een weggebruiker tegen een hindernis,Buiten Kruispunt,Gemeenteweg,binnen bebouwde kom,Weggebruiker tegen hindernis op de rijbaan,Op de rijbaan: Container
21489,128,Lokeren teller 1,Lokeren,51.09644,3.97023,1.3533145750683344,51.10849362180528,3.9729113925000497,2020,9,10,46014,Lokeren,Normaal,Droog,Dag,dodelijk gewonden,3,Fiets,3,Fiets,Buiten Kruispunt,Gemeenteweg,binnen bebouwde kom,Tussen 2 bestuurders: Flank tegen flank,Geen hindernis
21489,129,Lokeren teller 2,Lokeren,51.09612,3.97025,1.3883760201505546,51.10849362180528,3.9729113925000497,2020,9,10,46014,Lokeren,Normaal,Droog,Dag,dodelijk gewonden,3,Fiets,3,Fiets,Buiten Kruispunt,Gemeenteweg,binnen bebouwde kom,Tussen 2 bestuurders: Flank tegen flank,Geen hindernis
21490,141,Test site A support,Lokeren,51.08342085,3.9961071208376326,1.170598331927547,51.09394441632032,3.9956522728966397,2020,9,18,46014,Lokeren,Normaal,Droog,Dag,met lichtgewonden,3,Fiets,10,"één bestuurder, geen hindernis",Buiten Kruispunt,Gemeenteweg,binnen bebouwde kom,"Eén bestuurder, geen hindernis (incl. val)",Geen hindernis
21490,129,Lokeren teller 2,Lokeren,51.09612,3.97025,1.7903565131001673,51.09394441632032,3.9956522728966397,2020,9,18,46014,Lokeren,Normaal,Droog,Dag,met lichtgewonden,3,Fiets,10,"één bestuurder, geen hindernis",Buiten Kruispunt,Gemeenteweg,binnen bebouwde kom,"Eén bestuurder, geen hindernis (incl. val)",Geen hindernis
21490,128,Lokeren teller 1,Lokeren,51.09644,3.97023,1.796884431657183,51.09394441632032,3.9956522728966397,2020,9,18,46014,Lokeren,Normaal,Droog,Dag,met lichtgewonden,3,Fiets,10,"één bestuurder, geen hindernis",Buiten Kruispunt,Gemeenteweg,binnen bebouwde kom,"Eén bestuurder, geen hindernis (incl. val)",Geen hindernis
21491,128,Lokeren teller 1,Lokeren,51.09644,3.97023,1.4141073976107421,51.10282050367337,3.9877483164792777,2020,9,12,46014,Lokeren,Normaal,Droog,Dag,met lichtgewonden,9,personenauto,3,Fiets,Buiten Kruispunt,Gemeenteweg,binnen bebouwde kom,Tussen 2 bestuurders: Flank tegen flank,Geen hindernis
21491,129,Lokeren teller 2,Lokeren,51.09612,3.97025,1.431101477023625,51.10282050367337,3.9877483164792777,2020,9,12,46014,Lokeren,Normaal,Droog,Dag,met lichtgewonden,9,personenauto,3,Fiets,Buiten Kruispunt,Gemeenteweg,binnen bebouwde kom,Tussen 2 bestuurders: Flank tegen flank,Geen hindernis
21491,141,Test site A support,Lokeren,51.08342085,3.9961071208376326,2.2347330371431835,51.10282050367337,3.9877483164792777,2020,9,12,46014,Lokeren,Normaal,Droog,Dag,met lichtgewonden,9,personenauto,3,Fiets,Buiten Kruispunt,Gemeenteweg,binnen bebouwde kom,Tussen 2 bestuurders: Flank tegen flank,Geen hindernis
21492,128,Lokeren teller 1,Lokeren,51.09644,3.97023,1.7566437513364936,51.10231281551459,3.993584094917765,2020,9,7,46014,Lokeren,Regenval,"Nat, plassen",Dag,met lichtgewonden,3,Fiets,9,personenauto,Op Kruispunt,Gemeenteweg,binnen bebouwde kom,Tss. 2 best.: langs opzij (voor-/achterkant-flank),Geen hindernis
21492,129,Lokeren teller 2,Lokeren,51.09612,3.97025,1.768898354102458,51.10231281551459,3.993584094917765,2020,9,7,46014,Lokeren,Regenval,"Nat, plassen",Dag,met lichtgewonden,3,Fiets,9,personenauto,Op Kruispunt,Gemeenteweg,binnen bebouwde kom,Tss. 2 best.: langs opzij (voor-/achterkant-flank),Geen hindernis
21492,141,Test site A support,Lokeren,51.08342085,3.9961071208376326,2.1080674101734296,51.10231281551459,3.993584094917765,2020,9,7,46014,Lokeren,Regenval,"Nat, plassen",Dag,met lichtgewonden,3,Fiets,9,personenauto,Op Kruispunt,Gemeenteweg,binnen bebouwde kom,Tss. 2 best.: langs opzij (voor-/achterkant-flank),Geen hindernis
21493,141,Test site A support,Lokeren,51.08342085,3.9961071208376326,1.2697850842137623,51.0948344132242,3.9955233483915884,2020,9,19,46014,Lokeren,Normaal,Droog,Dag,met lichtgewonden,9,personenauto,3,Fiets,Op Kruispunt,Gemeenteweg,binnen bebouwde kom,Tss. 2 best.: langs opzij (voor-/achterkant-flank),Geen hindernis
21493,129,Lokeren teller 2,Lokeren,51.09612,3.97025,1.7706969240281536,51.0948344132242,3.9955233483915884,2020,9,19,46014,Lokeren,Normaal,Droog,Dag,met lichtgewonden,9,personenauto,3,Fiets,Op Kruispunt,Gemeenteweg,binnen bebouwde kom,Tss. 2 best.: langs opzij (voor-/achterkant-flank),Geen hindernis
21493,128,Lokeren teller 1,Lokeren,51.09644,3.97023,1.775307607926085,51.0948344132242,3.9955233483915884,2020,9,19,46014,Lokeren,Normaal,Droog,Dag,met lichtgewonden,9,personenauto,3,Fiets,Op Kruispunt,Gemeenteweg,binnen bebouwde kom,Tss. 2 best.: langs opzij (voor-/achterkant-flank),Geen hindernis
21494,141,Test site A support,Lokeren,51.08342085,3.9961071208376326,1.7759495604499012,51.098025645738225,4.006399319891608,2020,8,7,46014,Lokeren,Normaal,Droog,Dageraad - schemering,met zwaargewonden,9,personenauto,3,Fiets,Op Kruispunt,Gewestweg,buiten bebouwde kom,Tss. 2 best.: langs opzij (voor-/achterkant-flank),Geen hindernis
21495,126,Hamme totem,Hamme,51.1017709,4.1469307,1.094178791805972,51.094823435309316,4.135833888850132,2020,10,13,42008,Hamme,Regenval,"Vuil (zand, grint, bladeren,...)",Dag,met lichtgewonden,3,Fiets,9,personenauto,Op Kruispunt,Gemeenteweg,binnen bebouwde kom,Tss. 2 best.: langs opzij (voor-/achterkant-flank),Geen hindernis
21501,120,Zele teller 1,Zele,51.0607671,4.0547741,1.452982970962915,51.067769682356584,4.037219388076252,2020,9,7,42028,Zele,Normaal,Droog,Dag,met lichtgewonden,3,Fiets,9,personenauto,Op Kruispunt,Gewestweg,binnen bebouwde kom,Tss. 2 best.: langs opzij (voor-/achterkant-flank),Geen hindernis
21501,121,Zele teller 2,Zele,51.0604067,4.0556696,1.5272964949321317,51.067769682356584,4.037219388076252,2020,9,7,42028,Zele,Normaal,Droog,Dag,met lichtgewonden,3,Fiets,9,personenauto,Op Kruispunt,Gewestweg,binnen bebouwde kom,Tss. 2 best.: langs opzij (voor-/achterkant-flank),Geen hindernis
21502,141,Test site A support,Lokeren,51.08342085,3.9961071208376326,1.8266463698761368,51.06844336289124,4.006847348404154,2020,9,8,42028,Zele,Normaal,Droog,Dag,met lichtgewonden,9,personenauto,3,Fiets,Op Kruispunt,Gemeenteweg,buiten bebouwde kom,Tss. 2 best.: langs opzij (voor-/achterkant-flank),Geen hindernis
21504,121,Zele teller 2,Zele,51.0604067,4.0556696,0.3236683181248588,51.057698156443216,4.057365876978739,2020,9,8,42028,Zele,Normaal,Droog,Dag,met lichtgewonden,3,Fiets,4,Vrachtwagen,Op Kruispunt,Gewestweg,buiten bebouwde kom,Tss. 2 best.: langs opzij (voor-/achterkant-flank),Geen hindernis
21504,120,Zele teller 1,Zele,51.0607671,4.0547741,0.3863439515194917,51.057698156443216,4.057365876978739,2020,9,8,42028,Zele,Normaal,Droog,Dag,met lichtgewonden,3,Fiets,4,Vrachtwagen,Op Kruispunt,Gewestweg,buiten bebouwde kom,Tss. 2 best.: langs opzij (voor-/achterkant-flank),Geen hindernis
21506,120,Zele teller 1,Zele,51.0607671,4.0547741,1.5167124488412334,51.07084256636435,4.040143212336938,2020,9,20,42028,Zele,Regenval,"Nat, plassen","Nacht, openbare verlichting aanwezig en ontstoken",met lichtgewonden,9,personenauto,3,Fiets,Op Kruispunt,Gemeenteweg,binnen bebouwde kom,Tss. 2 best.: langs opzij (voor-/achterkant-flank),Geen hindernis
21506,121,Zele teller 2,Zele,51.0604067,4.0556696,1.5886138153729832,51.07084256636435,4.040143212336938,2020,9,20,42028,Zele,Regenval,"Nat, plassen","Nacht, openbare verlichting aanwezig en ontstoken",met lichtgewonden,9,personenauto,3,Fiets,Op Kruispunt,Gemeenteweg,binnen bebouwde kom,Tss. 2 best.: langs opzij (voor-/achterkant-flank),Geen hindernis
21515,116,Melle teller 2,Melle,50.9986113,3.8040599,2.101985563792348,50.99170806654754,3.8320205836691406,2020,9,9,42025,Wetteren,Normaal,Droog,Dag,met lichtgewonden,3,Fiets,10,"één bestuurder, geen hindernis",Buiten Kruispunt,Gewestweg,buiten bebouwde kom,"Eén bestuurder, geen hindernis (incl. val)",Geen hindernis
21515,117,Melle teller 1,Melle,50.9986113,3.8040599,2.101985563792348,50.99170806654754,3.8320205836691406,2020,9,9,42025,Wetteren,Normaal,Droog,Dag,met lichtgewonden,3,Fiets,10,"één bestuurder, geen hindernis",Buiten Kruispunt,Gewestweg,buiten bebouwde kom,"Eén bestuurder, geen hindernis (incl. val)",Geen hindernis
21533,11,Aalst 3,Aalst,50.93385,4.01647,1.4670711507231247,50.92788861625501,4.035145065614762,2020,8,15,41002,Aalst,Normaal,Droog,Dag,met lichtgewonden,9,personenauto,3,Fiets,Buiten Kruispunt,Gewestweg,binnen bebouwde kom,Tss. 2 best.: langs opzij (voor-/achterkant-flank),Geen hindernis
21533,19,Aalst 1,Aalst,50.93433,4.01471,1.6012359346215073,50.92788861625501,4.035145065614762,2020,8,15,41002,Aalst,Normaal,Droog,Dag,met lichtgewonden,9,personenauto,3,Fiets,Buiten Kruispunt,Gewestweg,binnen bebouwde kom,Tss. 2 best.: langs opzij (voor-/achterkant-flank),Geen hindernis
21533,10,Aalst 2,Aalst,50.93549,4.01571,1.602967109651639,50.92788861625501,4.035145065614762,2020,8,15,41002,Aalst,Normaal,Droog,Dag,met lichtgewonden,9,personenauto,3,Fiets,Buiten Kruispunt,Gewestweg,binnen bebouwde kom,Tss. 2 best.: langs opzij (voor-/achterkant-flank),Geen hindernis
21534,11,Aalst 3,Aalst,50.93385,4.01647,1.1013608298952597,50.93098286923602,4.031513119421454,2020,8,9,41002,Aalst,Normaal,Droog,Dag,met lichtgewonden,9,personenauto,3,Fiets,Op Kruispunt,Gewestweg,binnen bebouwde kom,Tss. 2 best.: langs opzij (voor-/achterkant-flank),Geen hindernis
21534,10,Aalst 2,Aalst,50.93549,4.01571,1.215571884966291,50.93098286923602,4.031513119421454,2020,8,9,41002,Aalst,Normaal,Droog,Dag,met lichtgewonden,9,personenauto,3,Fiets,Op Kruispunt,Gewestweg,binnen bebouwde kom,Tss. 2 best.: langs opzij (voor-/achterkant-flank),Geen hindernis
21534,19,Aalst 1,Aalst,50.93433,4.01471,1.2349596489008023,50.93098286923602,4.031513119421454,2020,8,9,41002,Aalst,Normaal,Droog,Dag,met lichtgewonden,9,personenauto,3,Fiets,Op Kruispunt,Gewestweg,binnen bebouwde kom,Tss. 2 best.: langs opzij (voor-/achterkant-flank),Geen hindernis
21536,11,Aalst 3,Aalst,50.93385,4.01647,1.839681439204476,50.939116101065714,4.0413583630480865,2020,8,21,41002,Aalst,Normaal,Droog,"Nacht, openbare verlichting aanwezig en ontstoken",met lichtgewonden,9,personenauto,3,Fiets,Buiten Kruispunt,Gemeenteweg,binnen bebouwde kom,Tss. 2 best.: langs opzij (voor-/achterkant-flank),Geen hindernis
21536,10,Aalst 2,Aalst,50.93549,4.01571,1.8418995506018014,50.939116101065714,4.0413583630480865,2020,8,21,41002,Aalst,Normaal,Droog,"Nacht, openbare verlichting aanwezig en ontstoken",met lichtgewonden,9,personenauto,3,Fiets,Buiten Kruispunt,Gemeenteweg,binnen bebouwde kom,Tss. 2 best.: langs opzij (voor-/achterkant-flank),Geen hindernis
21536,19,Aalst 1,Aalst,50.93433,4.01471,1.9416779760265679,50.939116101065714,4.0413583630480865,2020,8,21,41002,Aalst,Normaal,Droog,"Nacht, openbare verlichting aanwezig en ontstoken",met lichtgewonden,9,personenauto,3,Fiets,Buiten Kruispunt,Gemeenteweg,binnen bebouwde kom,Tss. 2 best.: langs opzij (voor-/achterkant-flank),Geen hindernis
21538,11,Aalst 3,Aalst,50.93385,4.01647,1.3921002520378918,50.92812268247795,4.0341336076626835,2020,9,21,41002,Aalst,Normaal,Droog,"Nacht, openbare verlichting aanwezig en ontstoken",met lichtgewonden,3,Fiets,9,personenauto,Buiten Kruispunt,Gewestweg,binnen bebouwde kom,Tussen 2 bestuurders: Frontale botsing,Geen hindernis
21538,19,Aalst 1,Aalst,50.93433,4.01471,1.5262168086355916,50.92812268247795,4.0341336076626835,2020,9,21,41002,Aalst,Normaal,Droog,"Nacht, openbare verlichting aanwezig en ontstoken",met lichtgewonden,3,Fiets,9,personenauto,Buiten Kruispunt,Gewestweg,binnen bebouwde kom,Tussen 2 bestuurders: Frontale botsing,Geen hindernis
21538,10,Aalst 2,Aalst,50.93549,4.01571,1.5290884335699522,50.92812268247795,4.0341336076626835,2020,9,21,41002,Aalst,Normaal,Droog,"Nacht, openbare verlichting aanwezig en ontstoken",met lichtgewonden,3,Fiets,9,personenauto,Buiten Kruispunt,Gewestweg,binnen bebouwde kom,Tussen 2 bestuurders: Frontale botsing,Geen hindernis
21539,10,Aalst 2,Aalst,50.93549,4.01571,2.4122942163858174,50.94326927783894,4.047848039360382,2020,8,14,41002,Aalst,Normaal,Droog,Dag,met lichtgewonden,9,personenauto,3,Fiets,Buiten Kruispunt,Gemeenteweg,binnen bebouwde kom,Tussen 2 bestuurders: Langs achteren,Geen hindernis
21539,11,Aalst 3,Aalst,50.93385,4.01647,2.435380712244265,50.94326927783894,4.047848039360382,2020,8,14,41002,Aalst,Normaal,Droog,Dag,met lichtgewonden,9,personenauto,3,Fiets,Buiten Kruispunt,Gemeenteweg,binnen bebouwde kom,Tussen 2 bestuurders: Langs achteren,Geen hindernis
21544,10,Aalst 2,Aalst,50.93549,4.01571,2.489637532616917,50.949574181908936,4.043332943302708,2020,9,17,41002,Aalst,Normaal,Droog,Dag,met lichtgewonden,3,Fiets,9,personenauto,Op Kruispunt,Gewestweg,binnen bebouwde kom,Tss. 2 best.: langs opzij (voor-/achterkant-flank),Geen hindernis
21545,11,Aalst 3,Aalst,50.93385,4.01647,2.494244373242683,50.91379335800357,4.032404829974838,2020,9,15,41002,Aalst,Normaal,Droog,Dag,met lichtgewonden,3,Fiets,9,personenauto,Op Kruispunt,Gewestweg,buiten bebouwde kom,Tss. 2 best.: langs opzij (voor-/achterkant-flank),Geen hindernis
21547,10,Aalst 2,Aalst,50.93549,4.01571,2.2317347518882986,50.94158968273845,4.046053605052334,2020,9,15,41002,Aalst,Normaal,Droog,Dag,met lichtgewonden,9,personenauto,3,Fiets,Buiten Kruispunt,Gemeenteweg,binnen bebouwde kom,Tussen 2 bestuurders: Langs achteren,Geen hindernis
21547,11,Aalst 3,Aalst,50.93385,4.01647,2.2445053120722056,50.94158968273845,4.046053605052334,2020,9,15,41002,Aalst,Normaal,Droog,Dag,met lichtgewonden,9,personenauto,3,Fiets,Buiten Kruispunt,Gemeenteweg,binnen bebouwde kom,Tussen 2 bestuurders: Langs achteren,Geen hindernis
21547,19,Aalst 1,Aalst,50.93433,4.01471,2.339922986697002,50.94158968273845,4.046053605052334,2020,9,15,41002,Aalst,Normaal,Droog,Dag,met lichtgewonden,9,personenauto,3,Fiets,Buiten Kruispunt,Gemeenteweg,binnen bebouwde kom,Tussen 2 bestuurders: Langs achteren,Geen hindernis
21551,19,Aalst 1,Aalst,50.93433,4.01471,2.162602788608223,50.943201259086706,3.9872441026775447,2020,9,7,41082,Erpe-Mere,Mist (zichtbaarheid minder dan 100m),Droog,Dag,met lichtgewonden,3,Fiets,5,Lichte vrachtauto,Op Kruispunt,Gewestweg,buiten bebouwde kom,Tss. 2 best.: langs opzij (voor-/achterkant-flank),Geen hindernis
21551,10,Aalst 2,Aalst,50.93549,4.01571,2.171065589081134,50.943201259086706,3.9872441026775447,2020,9,7,41082,Erpe-Mere,Mist (zichtbaarheid minder dan 100m),Droog,Dag,met lichtgewonden,3,Fiets,5,Lichte vrachtauto,Op Kruispunt,Gewestweg,buiten bebouwde kom,Tss. 2 best.: langs opzij (voor-/achterkant-flank),Geen hindernis
21551,11,Aalst 3,Aalst,50.93385,4.01647,2.2967203591964704,50.943201259086706,3.9872441026775447,2020,9,7,41082,Erpe-Mere,Mist (zichtbaarheid minder dan 100m),Droog,Dag,met lichtgewonden,3,Fiets,5,Lichte vrachtauto,Op Kruispunt,Gewestweg,buiten bebouwde kom,Tss. 2 best.: langs opzij (voor-/achterkant-flank),Geen hindernis
21561,122,Dendermonde teller 2,Dendermonde,51.0373918,4.1019222,1.3275995348370995,51.04335967421687,4.085476086291903,2020,9,9,42006,Dendermonde,Normaal,Droog,Dag,met lichtgewonden,5,Lichte vrachtauto,3,Fiets,Buiten Kruispunt,Gemeenteweg,buiten bebouwde kom,Tss. 2 best.: langs opzij (voor-/achterkant-flank),Geen hindernis
21561,125,Dendermonde totem,Dendermonde,51.0372706,4.1025998,1.375422056027117,51.04335967421687,4.085476086291903,2020,9,9,42006,Dendermonde,Normaal,Droog,Dag,met lichtgewonden,5,Lichte vrachtauto,3,Fiets,Buiten Kruispunt,Gemeenteweg,buiten bebouwde kom,Tss. 2 best.: langs opzij (voor-/achterkant-flank),Geen hindernis