crash_row_id,site_id,site_name,site_gemeente,site_lat,site_long,distance_km,crash_lat,crash_long,DT_YEAR_COLLISION,DT_MONTH_COLLISION,DT_TIME,CD_NIS,TX_MUNTY_COLLISION_NL,TX_WEATHER_NL,TX_ROAD_CONDITION_NL,TX_LIGHT_CONDITION_NL,TX_CLASS_ACCIDENTS_NL,CD_ROAD_USR_TYPE1,TX_ROAD_USR_TYPE1_NL,CD_ROAD_USR_TYPE2,TX_ROAD_USR_TYPE2_NL,TX_CROSSWAY_NL,CD_ROAD_TYPE_NL,TX_BUILD_UP_AREA_NL,TX_COLLISION_TYPE_NL,TX_OBSTACLES_NL
21562,125,Dendermonde totem,Dendermonde,51.0372706,4.1025998,1.373996145165227,51.049212685677574,4.107647784116432,2020,9,16,42006,Dendermonde,Normaal,"Nat, plassen",Dag,met lichtgewonden,5,Lichte vrachtauto,3,Fiets,Buiten Kruispunt,Gewestweg,binnen bebouwde kom,Tss. 2 best.: langs opzij (voor-/achterkant-flank),Geen hindernis
21562,122,Dendermonde teller 2,Dendermonde,51.0373918,4.1019222,1.3740217701715949,51.049212685677574,4.107647784116432,2020,9,16,42006,Dendermonde,Normaal,"Nat, plassen",Dag,met lichtgewonden,5,Lichte vrachtauto,3,Fiets,Buiten Kruispunt,Gewestweg,binnen bebouwde kom,Tss. 2 best.: langs opzij (voor-/achterkant-flank),Geen hindernis
21563,125,Dendermonde totem,Dendermonde,51.0372706,4.1025998,0.5347351655222893,51.03248794877589,4.103399063283876,2020,9,13,42006,Dendermonde,Normaal,Droog,Dag,met lichtgewonden,3,Fiets,3,Fiets,Op Kruispunt,Gewestweg,buiten bebouwde kom,Tussen 2 bestuurders: Flank tegen flank,Geen hindernis
21563,122,Dendermonde teller 2,Dendermonde,51.0373918,4.1019222,0.5549760716401666,51.03248794877589,4.103399063283876,2020,9,13,42006,Dendermonde,Normaal,Droog,Dag,met lichtgewonden,3,Fiets,3,Fiets,Op Kruispunt,Gewestweg,buiten bebouwde kom,Tussen 2 bestuurders: Flank tegen flank,Geen hindernis
21564,125,Dendermonde totem,Dendermonde,51.0372706,4.1025998,0.6059838894987786,51.03256325550723,4.106966553789455,2020,8,22,42006,Dendermonde,Regenval,"Nat, plassen","Nacht, openbare verlichting aanwezig en ontstoken",met lichtgewonden,9,personenauto,3,Fiets,Op Kruispunt,Gewestweg,binnen bebouwde kom,Tss. 2 best.: langs opzij (voor-/achterkant-flank),Geen hindernis
21564,122,Dendermonde teller 2,Dendermonde,51.0373918,4.1019222,0.6424064285288023,51.03256325550723,4.106966553789455,2020,8,22,42006,Dendermonde,Regenval,"Nat, plassen","Nacht, openbare verlichting aanwezig en ontstoken",met lichtgewonden,9,personenauto,3,Fiets,Op Kruispunt,Gewestweg,binnen bebouwde kom,Tss. 2 best.: langs opzij (voor-/achterkant-flank),Geen hindernis
21566,54,Brugge teller 2,Brugge,51.23015,3.22818,2.1460089677613534,51.21142070544345,3.2207449552291942,2020,10,10,31005,Brugge,Normaal,"Nat, plassen",Dag,met lichtgewonden,9,personenauto,3,Fiets,Op Kruispunt,Gewestweg,binnen bebouwde kom,Tss. 2 best.: langs opzij (voor-/achterkant-flank),Geen hindernis
21566,53,Brugge teller 1,Brugge,51.23023,3.228,2.1516644830538683,51.21142070544345,3.2207449552291942,2020,10,10,31005,Brugge,Normaal,"Nat, plassen",Dag,met lichtgewonden,9,personenauto,3,Fiets,Op Kruispunt,Gewestweg,binnen bebouwde kom,Tss. 2 best.: langs opzij (voor-/achterkant-flank),Geen hindernis
21566,52,Brugge,Brugge,51.22632,3.24095,2.1737040955118747,51.21142070544345,3.2207449552291942,2020,10,10,31005,Brugge,Normaal,"Nat, plassen",Dag,met lichtgewonden,9,personenauto,3,Fiets,Op Kruispunt,Gewestweg,binnen bebouwde kom,Tss. 2 best.: langs opzij (voor-/achterkant-flank),Geen hindernis
21566,142,TEST Validatie BRUGGE Y2H22022134,Brugge,51.22632,3.24095,2.1737040955118747,51.21142070544345,3.2207449552291942,2020,10,10,31005,Brugge,Normaal,"Nat, plassen",Dag,met lichtgewonden,9,personenauto,3,Fiets,Op Kruispunt,Gewestweg,binnen bebouwde kom,Tss. 2 best.: langs opzij (voor-/achterkant-flank),Geen hindernis
21567,54,Brugge teller 2,Brugge,51.23015,3.22818,0.19917986721292058,51.228371923280335,3.227833491606771,2020,10,16,31005,Brugge,Normaal,Droog,Dag,met lichtgewonden,9,personenauto,3,Fiets,Op Kruispunt,Gewestweg,binnen bebouwde kom,Tss. 2 best.: langs opzij (voor-/achterkant-flank),Geen hindernis
21567,53,Brugge teller 1,Brugge,51.23023,3.228,0.20693375845970927,51.228371923280335,3.227833491606771,2020,10,16,31005,Brugge,Normaal,Droog,Dag,met lichtgewonden,9,personenauto,3,Fiets,Op Kruispunt,Gewestweg,binnen bebouwde kom,Tss. 2 best.: langs opzij (voor-/achterkant-flank),Geen hindernis
21567,52,Brugge,Brugge,51.22632,3.24095,0.9414196457771093,51.228371923280335,3.227833491606771,2020,10,16,31005,Brugge,Normaal,Droog,Dag,met lichtgewonden,9,personenauto,3,Fiets,Op Kruispunt,Gewestweg,binnen bebouwde kom,Tss. 2 best.: langs opzij (voor-/achterkant-flank),Geen hindernis
21567,142,TEST Validatie BRUGGE Y2H22022134,Brugge,51.22632,3.24095,0.9414196457771093,51.228371923280335,3.227833491606771,2020,10,16,31005,Brugge,Normaal,Droog,Dag,met lichtgewonden,9,personenauto,3,Fiets,Op Kruispunt,Gewestweg,binnen bebouwde kom,Tss. 2 best.: langs opzij (voor-/achterkant-flank),Geen hindernis
21569,142,TEST Validatie BRUGGE Y2H22022134,Brugge,51.22632,3.24095,1.944611475224027,51.209681400722026,3.23235272020507,2020,9,8,31005,Brugge,Normaal,Droog,Dag,met lichtgewonden,3,Fiets,3,Fiets,Op Kruispunt,Gewestweg,binnen bebouwde kom,Tss. 2 best.: langs opzij (voor-/achterkant-flank),Geen hindernis
21569,52,Brugge,Brugge,51.22632,3.24095,1.944611475224027,51.209681400722026,3.23235272020507,2020,9,8,31005,Brugge,Normaal,Droog,Dag,met lichtgewonden,3,Fiets,3,Fiets,Op Kruispunt,Gewestweg,binnen bebouwde kom,Tss. 2 best.: langs opzij (voor-/achterkant-flank),Geen hindernis
21569,54,Brugge teller 2,Brugge,51.23015,3.22818,2.294482456666953,51.209681400722026,3.23235272020507,2020,9,8,31005,Brugge,Normaal,Droog,Dag,met lichtgewonden,3,Fiets,3,Fiets,Op Kruispunt,Gewestweg,binnen bebouwde kom,Tss. 2 best.: langs opzij (voor-/achterkant-flank),Geen hindernis
21569,53,Brugge teller 1,Brugge,51.23023,3.228,2.304921887947268,51.209681400722026,3.23235272020507,2020,9,8,31005,Brugge,Normaal,Droog,Dag,met lichtgewonden,3,Fiets,3,Fiets,Op Kruispunt,Gewestweg,binnen bebouwde kom,Tss. 2 best.: langs opzij (voor-/achterkant-flank),Geen hindernis
21570,142,TEST Validatie BRUGGE Y2H22022134,Brugge,51.22632,3.24095,1.5453018750698626,51.21390278707146,3.2509138609245323,2020,9,14,31005,Brugge,Normaal,Droog,Dag,met lichtgewonden,9,personenauto,3,Fiets,Op Kruispunt,Gemeenteweg,binnen bebouwde kom,Tss. 2 best.: langs opzij (voor-/achterkant-flank),Geen hindernis
21570,52,Brugge,Brugge,51.22632,3.24095,1.5453018750698626,51.21390278707146,3.2509138609245323,2020,9,14,31005,Brugge,Normaal,Droog,Dag,met lichtgewonden,9,personenauto,3,Fiets,Op Kruispunt,Gemeenteweg,binnen bebouwde kom,Tss. 2 best.: langs opzij (voor-/achterkant-flank),Geen hindernis
21570,54,Brugge teller 2,Brugge,51.23015,3.22818,2.4021744458125256,51.21390278707146,3.2509138609245323,2020,9,14,31005,Brugge,Normaal,Droog,Dag,met lichtgewonden,9,personenauto,3,Fiets,Op Kruispunt,Gemeenteweg,binnen bebouwde kom,Tss. 2 best.: langs opzij (voor-/achterkant-flank),Geen hindernis
21570,53,Brugge teller 1,Brugge,51.23023,3.228,2.417128217325478,51.21390278707146,3.2509138609245323,2020,9,14,31005,Brugge,Normaal,Droog,Dag,met lichtgewonden,9,personenauto,3,Fiets,Op Kruispunt,Gemeenteweg,binnen bebouwde kom,Tss. 2 best.: langs opzij (voor-/achterkant-flank),Geen hindernis
21572,142,TEST Validatie BRUGGE Y2H22022134,Brugge,51.22632,3.24095,2.3127379860129538,51.21255441922202,3.2658435831587496,2020,8,12,31005,Brugge,Normaal,Droog,Dag,met lichtgewonden,3,Fiets,9,personenauto,Op Kruispunt,Gemeenteweg,binnen bebouwde kom,Tussen 2 bestuurders: Flank tegen flank,Geen hindernis
21572,52,Brugge,Brugge,51.22632,3.24095,2.3127379860129538,51.21255441922202,3.2658435831587496,2020,8,12,31005,Brugge,Normaal,Droog,Dag,met lichtgewonden,3,Fiets,9,personenauto,Op Kruispunt,Gemeenteweg,binnen bebouwde kom,Tussen 2 bestuurders: Flank tegen flank,Geen hindernis
21574,53,Brugge teller 1,Brugge,51.23023,3.228,2.086125794496394,51.22415422973489,3.1996560965502026,2020,8,8,31005,Brugge,Normaal,Droog+Proper,Dag,met lichtgewonden,9,personenauto,3,Fiets,Op Kruispunt,Gewestweg,binnen bebouwde kom,Tss. 2 best.: langs opzij (voor-/achterkant-flank),Geen hindernis
21574,54,Brugge teller 2,Brugge,51.23015,3.22818,2.0951423579367834,51.22415422973489,3.1996560965502026,2020,8,8,31005,Brugge,Normaal,Droog+Proper,Dag,met lichtgewonden,9,personenauto,3,Fiets,Op Kruispunt,Gewestweg,binnen bebouwde kom,Tss. 2 best.: langs opzij (voor-/achterkant-flank),Geen hindernis
21575,20,Brugge,Brugge,51.17416,3.20048,2.0228904177609266,51.18544521358506,3.223241932752244,2020,8,7,31005,Brugge,Normaal,Droog,Dag,met lichtgewonden,5,Lichte vrachtauto,3,Fiets,Op Kruispunt,Gewestweg,binnen bebouwde kom,Tussen 2 bestuurders: Langs achteren,Geen hindernis
21577,53,Brugge teller 1,Brugge,51.23023,3.228,1.7891105046488742,51.21772957329246,3.2118245953079163,2020,8,17,31005,Brugge,Normaal,Droog,Dag,met zwaargewonden,3,Fiets,3,Fiets,Op Kruispunt,Gemeenteweg,binnen bebouwde kom,Tss. 2 best.: langs opzij (voor-/achterkant-flank),Geen hindernis
21577,54,Brugge teller 2,Brugge,51.23015,3.22818,1.7901578768472177,51.21772957329246,3.2118245953079163,2020,8,17,31005,Brugge,Normaal,Droog,Dag,met zwaargewonden,3,Fiets,3,Fiets,Op Kruispunt,Gemeenteweg,binnen bebouwde kom,Tss. 2 best.: langs opzij (voor-/achterkant-flank),Geen hindernis
21577,52,Brugge,Brugge,51.22632,3.24095,2.2420127485341412,51.21772957329246,3.2118245953079163,2020,8,17,31005,Brugge,Normaal,Droog,Dag,met zwaargewonden,3,Fiets,3,Fiets,Op Kruispunt,Gemeenteweg,binnen bebouwde kom,Tss. 2 best.: langs opzij (voor-/achterkant-flank),Geen hindernis
21577,142,TEST Validatie BRUGGE Y2H22022134,Brugge,51.22632,3.24095,2.2420127485341412,51.21772957329246,3.2118245953079163,2020,8,17,31005,Brugge,Normaal,Droog,Dag,met zwaargewonden,3,Fiets,3,Fiets,Op Kruispunt,Gemeenteweg,binnen bebouwde kom,Tss. 2 best.: langs opzij (voor-/achterkant-flank),Geen hindernis
21578,142,TEST Validatie BRUGGE Y2H22022134,Brugge,51.22632,3.24095,2.1486286502582996,51.20927305069817,3.255475978633646,2020,8,10,31005,Brugge,Normaal,Droog,Dag,met lichtgewonden,3,Fiets,9,personenauto,Buiten Kruispunt,Gewestweg,binnen bebouwde kom,Tussen 2 bestuurders: Frontale botsing,Geen hindernis
21578,52,Brugge,Brugge,51.22632,3.24095,2.1486286502582996,51.20927305069817,3.255475978633646,2020,8,10,31005,Brugge,Normaal,Droog,Dag,met lichtgewonden,3,Fiets,9,personenauto,Buiten Kruispunt,Gewestweg,binnen bebouwde kom,Tussen 2 bestuurders: Frontale botsing,Geen hindernis
21581,142,TEST Validatie BRUGGE Y2H22022134,Brugge,51.22632,3.24095,2.2298118876142494,51.20905990967925,3.22465148991196,2020,9,19,31005,Brugge,Regenval,"Nat, plassen","Nacht, openbare verlichting aanwezig en ontstoken",met lichtgewonden,6,Bromfiets,3,Fiets,Buiten Kruispunt,Gewestweg,binnen bebouwde kom,Tussen 2 bestuurders: Frontale botsing,Geen hindernis
21581,52,Brugge,Brugge,51.22632,3.24095,2.2298118876142494,51.20905990967925,3.22465148991196,2020,9,19,31005,Brugge,Regenval,"Nat, plassen","Nacht, openbare verlichting aanwezig en ontstoken",met lichtgewonden,6,Bromfiets,3,Fiets,Buiten Kruispunt,Gewestweg,binnen bebouwde kom,Tussen 2 bestuurders: Frontale botsing,Geen hindernis
21581,54,Brugge teller 2,Brugge,51.23015,3.22818,2.3579517300078083,51.20905990967925,3.22465148991196,2020,9,19,31005,Brugge,Regenval,"Nat, plassen","Nacht, openbare verlichting aanwezig en ontstoken",met lichtgewonden,6,Bromfiets,3,Fiets,Buiten Kruispunt,Gewestweg,binnen bebouwde kom,Tussen 2 bestuurders: Frontale botsing,Geen hindernis
21581,53,Brugge teller 1,Brugge,51.23023,3.228,2.3655302697090246,51.20905990967925,3.22465148991196,2020,9,19,31005,Brugge,Regenval,"Nat, plassen","Nacht, openbare verlichting aanwezig en ontstoken",met lichtgewonden,6,Bromfiets,3,Fiets,Buiten Kruispunt,Gewestweg,binnen bebouwde kom,Tussen 2 bestuurders: Frontale botsing,Geen hindernis
21584,53,Brugge teller 1,Brugge,51.23023,3.228,1.7768768518458196,51.219337649915715,3.20933001767745,2020,8,16,31005,Brugge,Normaal,Droog,Dag,met lichtgewonden,9,personenauto,3,Fiets,Op Kruispunt,Gewestweg,binnen bebouwde kom,Tss. 2 best.: langs opzij (voor-/achterkant-flank),Geen hindernis
21584,54,Brugge teller 2,Brugge,51.23015,3.22818,1.7800494828424682,51.219337649915715,3.20933001767745,2020,8,16,31005,Brugge,Normaal,Droog,Dag,met lichtgewonden,9,personenauto,3,Fiets,Op Kruispunt,Gewestweg,binnen bebouwde kom,Tss. 2 best.: langs opzij (voor-/achterkant-flank),Geen hindernis
21584,52,Brugge,Brugge,51.22632,3.24095,2.334900487442403,51.219337649915715,3.20933001767745,2020,8,16,31005,Brugge,Normaal,Droog,Dag,met lichtgewonden,9,personenauto,3,Fiets,Op Kruispunt,Gewestweg,binnen bebouwde kom,Tss. 2 best.: langs opzij (voor-/achterkant-flank),Geen hindernis
21584,142,TEST Validatie BRUGGE Y2H22022134,Brugge,51.22632,3.24095,2.334900487442403,51.219337649915715,3.20933001767745,2020,8,16,31005,Brugge,Normaal,Droog,Dag,met lichtgewonden,9,personenauto,3,Fiets,Op Kruispunt,Gewestweg,binnen bebouwde kom,Tss. 2 best.: langs opzij (voor-/achterkant-flank),Geen hindernis
21586,142,TEST Validatie BRUGGE Y2H22022134,Brugge,51.22632,3.24095,1.3647039645350325,51.2141128511464,3.2429783494932134,2020,9,1,31005,Brugge,Normaal,Droog,"Nacht, openbare verlichting aanwezig en ontstoken",met lichtgewonden,3,Fiets,9,personenauto,Buiten Kruispunt,Gemeenteweg,binnen bebouwde kom,Tussen 2 bestuurders: Flank tegen flank,Geen hindernis
21586,52,Brugge,Brugge,51.22632,3.24095,1.3647039645350325,51.2141128511464,3.2429783494932134,2020,9,1,31005,Brugge,Normaal,Droog,"Nacht, openbare verlichting aanwezig en ontstoken",met lichtgewonden,3,Fiets,9,personenauto,Buiten Kruispunt,Gemeenteweg,binnen bebouwde kom,Tussen 2 bestuurders: Flank tegen flank,Geen hindernis
21586,54,Brugge teller 2,Brugge,51.23015,3.22818,2.059630633929076,51.2141128511464,3.2429783494932134,2020,9,1,31005,Brugge,Normaal,Droog,"Nacht, openbare verlichting aanwezig en ontstoken",met lichtgewonden,3,Fiets,9,personenauto,Buiten Kruispunt,Gemeenteweg,binnen bebouwde kom,Tussen 2 bestuurders: Flank tegen flank,Geen hindernis
21586,53,Brugge teller 1,Brugge,51.23023,3.228,2.0736143769393824,51.2141128511464,3.2429783494932134,2020,9,1,31005,Brugge,Normaal,Droog,"Nacht, openbare verlichting aanwezig en ontstoken",met lichtgewonden,3,Fiets,9,personenauto,Buiten Kruispunt,Gemeenteweg,binnen bebouwde kom,Tussen 2 bestuurders: Flank tegen flank,Geen hindernis
21587,54,Brugge teller 2,Brugge,51.23015,3.22818,1.10191194323727,51.22058670654495,3.2240325976049546,2020,8,17,31005,Brugge,Normaal,Droog,Dag,met zwaargewonden,9,personenauto,3,Fiets,Buiten Kruispunt,Gewestweg,binnen bebouwde kom,Tss. 2 best.: langs opzij (voor-/achterkant-flank),Geen hindernis
21587,53,Brugge teller 1,Brugge,51.23023,3.228,1.107305161130766,51.22058670654495,3.2240325976049546,2020,8,17,31005,Brugge,Normaal,Droog,Dag,met zwaargewonden,9,personenauto,3,Fiets,Buiten Kruispunt,Gewestweg,binnen bebouwde kom,Tss. 2 best.: langs opzij (voor-/achterkant-flank),Geen hindernis
21587,52,Brugge,Brugge,51.22632,3.24095,1.3395506157440464,51.22058670654495,3.2240325976049546,2020,8,17,31005,Brugge,Normaal,Droog,Dag,met zwaargewonden,9,personenauto,3,Fiets,Buiten Kruispunt,Gewestweg,binnen bebouwde kom,Tss. 2 best.: langs opzij (voor-/achterkant-flank),Geen hindernis
21587,142,TEST Validatie BRUGGE Y2H22022134,Brugge,51.22632,3.24095,1.3395506157440464,51.22058670654495,3.2240325976049546,2020,8,17,31005,Brugge,Normaal,Droog,Dag,met zwaargewonden,9,personenauto,3,Fiets,Buiten Kruispunt,Gewestweg,binnen bebouwde kom,Tss. 2 best.: langs opzij (voor-/achterkant-flank),Geen hindernis
21612,20,Brugge,Brugge,51.17416,3.20048,2.321163980737703,51.15501096844292,3.18722698710688,2020,9,13,31040,Zedelgem,Normaal,Droog,Dag,met lichtgewonden,4,Vrachtwagen,3,Fiets,Buiten Kruispunt,Gewestweg,binnen bebouwde kom,Tss. 2 best.: langs opzij (voor-/achterkant-flank),Geen hindernis
21616,20,Brugge,Brugge,51.17416,3.20048,2.290488727776524,51.15506822315671,3.1881465029344214,2020,8,15,31040,Zedelgem,Normaal,Droog,Dag,met zwaargewonden,9,personenauto,3,Fiets,Op Kruispunt,Gewestweg,binnen bebouwde kom,Tss. 2 best.: langs opzij (voor-/achterkant-flank),Geen hindernis
21629,15,Oostende 2,Oostende,51.21371,2.92743,1.5835624658358143,51.21023950574314,2.9053816603584264,2020,8,11,35013,Oostende,Regenval,"Nat, plassen",Dag,met lichtgewonden,9,personenauto,3,Fiets,Op Kruispunt,Gewestweg,binnen bebouwde kom,Tss. 2 best.: langs opzij (voor-/achterkant-flank),Geen hindernis
21629,18,Oostende 1,Oostende,51.21378,2.92765,1.6003252377149562,51.21023950574314,2.9053816603584264,2020,8,11,35013,Oostende,Regenval,"Nat, plassen",Dag,met lichtgewonden,9,personenauto,3,Fiets,Op Kruispunt,Gewestweg,binnen bebouwde kom,Tss. 2 best.: langs opzij (voor-/achterkant-flank),Geen hindernis
21630,18,Oostende 1,Oostende,51.21378,2.92765,0.62547837215733,51.21743713285245,2.934473139443075,2020,9,17,35013,Oostende,Normaal,Droog,Dag,met lichtgewonden,3,Fiets,5,Lichte vrachtauto,Op Kruispunt,Gewestweg,binnen bebouwde kom,Tss. 2 best.: langs opzij (voor-/achterkant-flank),Geen hindernis
21630,15,Oostende 2,Oostende,51.21371,2.92743,0.6421947210733613,51.21743713285245,2.934473139443075,2020,9,17,35013,Oostende,Normaal,Droog,Dag,met lichtgewonden,3,Fiets,5,Lichte vrachtauto,Op Kruispunt,Gewestweg,binnen bebouwde kom,Tss. 2 best.: langs opzij (voor-/achterkant-flank),Geen hindernis
21631,15,Oostende 2,Oostende,51.21371,2.92743,1.254570005570161,51.2142199530175,2.909436960788823,2020,9,14,35013,Oostende,Normaal,Droog,Dag,met lichtgewonden,3,Fiets,9,personenauto,Op Kruispunt,Gewestweg,binnen bebouwde kom,Tss. 2 best.: langs opzij (voor-/achterkant-flank),Geen hindernis
21631,18,Oostende 1,Oostende,51.21378,2.92765,1.2695537078708874,51.2142199530175,2.909436960788823,2020,9,14,35013,Oostende,Normaal,Droog,Dag,met lichtgewonden,3,Fiets,9,personenauto,Op Kruispunt,Gewestweg,binnen bebouwde kom,Tss. 2 best.: langs opzij (voor-/achterkant-flank),Geen hindernis
21633,15,Oostende 2,Oostende,51.21371,2.92743,1.7282229847890522,51.21870558608738,2.903933902967282,2020,9,12,35013,Oostende,Normaal,Droog,Dag,met lichtgewonden,3,Fiets,3,Fiets,Buiten Kruispunt,Gemeenteweg,binnen bebouwde kom,Tss. 2 best.: langs opzij (voor-/achterkant-flank),Geen hindernis
21633,18,Oostende 1,Oostende,51.21378,2.92765,1.7402734702329377,51.21870558608738,2.903933902967282,2020,9,12,35013,Oostende,Normaal,Droog,Dag,met lichtgewonden,3,Fiets,3,Fiets,Buiten Kruispunt,Gemeenteweg,binnen bebouwde kom,Tss. 2 best.: langs opzij (voor-/achterkant-flank),Geen hindernis
21634,15,Oostende 2,Oostende,51.21371,2.92743,1.6482785602142143,51.226356848544995,2.915084644035922,2020,9,10,35013,Oostende,Normaal,Droog,Dag,met zwaargewonden,9,personenauto,3,Fiets,Buiten Kruispunt,Gewestweg,binnen bebouwde kom,Tussen 2 bestuurders: Langs achteren,Geen hindernis
21634,18,Oostende 1,Oostende,51.21378,2.92765,1.6497187182054445,51.226356848544995,2.915084644035922,2020,9,10,35013,Oostende,Normaal,Droog,Dag,met zwaargewonden,9,personenauto,3,Fiets,Buiten Kruispunt,Gewestweg,binnen bebouwde kom,Tussen 2 bestuurders: Langs achteren,Geen hindernis
21635,15,Oostende 2,Oostende,51.21371,2.92743,1.1801659627060086,51.2217414286364,2.9163526107442745,2020,8,10,35013,Oostende,Normaal,"Nat, plassen",Dag,met lichtgewonden,9,personenauto,3,Fiets,Buiten Kruispunt,Gemeenteweg,binnen bebouwde kom,Tss. 2 best.: langs opzij (voor-/achterkant-flank),Geen hindernis
21635,18,Oostende 1,Oostende,51.21378,2.92765,1.184410061949468,51.2217414286364,2.9163526107442745,2020,8,10,35013,Oostende,Normaal,"Nat, plassen",Dag,met lichtgewonden,9,personenauto,3,Fiets,Buiten Kruispunt,Gemeenteweg,binnen bebouwde kom,Tss. 2 best.: langs opzij (voor-/achterkant-flank),Geen hindernis
21636,15,Oostende 2,Oostende,51.21371,2.92743,1.4265324614155597,51.20206085330172,2.9360084082398874,2020,8,10,35013,Oostende,Onbekend,Droog,Dag,met lichtgewonden,9,personenauto,3,Fiets,Op Kruispunt,Gemeenteweg,binnen bebouwde kom,Tss. 2 best.: langs opzij (voor-/achterkant-flank),Geen hindernis
21636,18,Oostende 1,Oostende,51.21378,2.92765,1.427283087399012,51.20206085330172,2.9360084082398874,2020,8,10,35013,Oostende,Onbekend,Droog,Dag,met lichtgewonden,9,personenauto,3,Fiets,Op Kruispunt,Gemeenteweg,binnen bebouwde kom,Tss. 2 best.: langs opzij (voor-/achterkant-flank),Geen hindernis
21637,15,Oostende 2,Oostende,51.21371,2.92743,2.0830579418953166,51.22801720500483,2.9081217702623623,2020,8,15,35013,Oostende,Normaal,Droog,Dag,met zwaargewonden,3,Fiets,3,Fiets,Op Kruispunt,Gewestweg,binnen bebouwde kom,Kettingbotsing (3 bestuurders of meer),Geen hindernis
21637,18,Oostende 1,Oostende,51.21378,2.92765,2.0870703912796373,51.22801720500483,2.9081217702623623,2020,8,15,35013,Oostende,Normaal,Droog,Dag,met zwaargewonden,3,Fiets,3,Fiets,Op Kruispunt,Gewestweg,binnen bebouwde kom,Kettingbotsing (3 bestuurders of meer),Geen hindernis
21638,18,Oostende 1,Oostende,51.21378,2.92765,2.3739800644860414,51.23393083277779,2.9163871768029574,2020,8,18,35013,Oostende,Normaal,Droog,Dag,met lichtgewonden,5,Lichte vrachtauto,3,Fiets,Op Kruispunt,Gewestweg,binnen bebouwde kom,Tss. 2 best.: langs opzij (voor-/achterkant-flank),Geen hindernis
21638,15,Oostende 2,Oostende,51.21371,2.92743,2.376326120196261,51.23393083277779,2.9163871768029574,2020,8,18,35013,Oostende,Normaal,Droog,Dag,met lichtgewonden,5,Lichte vrachtauto,3,Fiets,Op Kruispunt,Gewestweg,binnen bebouwde kom,Tss. 2 best.: langs opzij (voor-/achterkant-flank),Geen hindernis
21654,55,Torhout teller 1,Torhout,51.07161,3.08261,1.294265181417214,51.06564503228429,3.0985157163426105,2020,9,9,31033,Torhout,Normaal,Droog,Dag,met lichtgewonden,9,personenauto,3,Fiets,Op Kruispunt,Gewestweg,binnen bebouwde kom,Tss. 2 best.: langs opzij (voor-/achterkant-flank),Geen hindernis
21654,56,Torhout teller 2,Torhout,51.07147,3.08244,1.296634962187706,51.06564503228429,3.0985157163426105,2020,9,9,31033,Torhout,Normaal,Droog,Dag,met lichtgewonden,9,personenauto,3,Fiets,Op Kruispunt,Gewestweg,binnen bebouwde kom,Tss. 2 best.: langs opzij (voor-/achterkant-flank),Geen hindernis
21656,56,Torhout teller 2,Torhout,51.07147,3.08244,1.7819529147735766,51.06140088894357,3.1022788813400215,2020,8,9,31033,Torhout,Normaal,Droog,Dag,met lichtgewonden,9,personenauto,3,Fiets,Buiten Kruispunt,Gewestweg,binnen bebouwde kom,Tss. 2 best.: langs opzij (voor-/achterkant-flank),Geen hindernis
21656,55,Torhout teller 1,Torhout,51.07161,3.08261,1.782598595163655,51.06140088894357,3.1022788813400215,2020,8,9,31033,Torhout,Normaal,Droog,Dag,met lichtgewonden,9,personenauto,3,Fiets,Buiten Kruispunt,Gewestweg,binnen bebouwde kom,Tss. 2 best.: langs opzij (voor-/achterkant-flank),Geen hindernis
21659,55,Torhout teller 1,Torhout,51.07161,3.08261,0.5940881481414683,51.06910640499405,3.0901213364432603,2020,8,11,31033,Torhout,Normaal,Droog,Dag,met lichtgewonden,3,Fiets,9,personenauto,Buiten Kruispunt,Gewestweg,buiten bebouwde kom,Tss. 2 best.: langs opzij (voor-/achterkant-flank),Geen hindernis
21659,56,Torhout teller 2,Torhout,51.07147,3.08244,0.5975996940737816,51.06910640499405,3.0901213364432603,2020,8,11,31033,Torhout,Normaal,Droog,Dag,met lichtgewonden,3,Fiets,9,personenauto,Buiten Kruispunt,Gewestweg,buiten bebouwde kom,Tss. 2 best.: langs opzij (voor-/achterkant-flank),Geen hindernis
21678,84,Roeselare totem,Izegem,50.91717,3.18772,1.3003543810091067,50.90796712292532,3.1991641949673113,2020,8,7,36008,Izegem,Normaal,Droog,Dag,met lichtgewonden,9,personenauto,3,Fiets,Buiten Kruispunt,Gemeenteweg,binnen bebouwde kom,Tussen 2 bestuurders: Flank tegen flank,Geen hindernis
21680,84,Roeselare totem,Izegem,50.91717,3.18772,2.4114932454496008,50.92660311859807,3.1567417073094464,2020,9,16,36015,Roeselare,Normaal,Droog,Dag,met lichtgewonden,3,Fiets,9,personenauto,Op Kruispunt,Gemeenteweg,binnen bebouwde kom,Tss. 2 best.: langs opzij (voor-/achterkant-flank),Geen hindernis
21690,58,Meulebeke teller 2,Meulebeke,50.96021,3.24471,2.341386006757902,50.93997982650181,3.2354381484705517,2020,8,16,36007,Ingelmunster,Normaal,Droog,Dag,met lichtgewonden,3,Fiets,5,Lichte vrachtauto,Buiten Kruispunt,Gemeenteweg,buiten bebouwde kom,Tussen 2 bestuurders: Frontale botsing,Geen hindernis