crash_row_id,site_id,site_name,site_gemeente,site_lat,site_long,distance_km,crash_lat,crash_long,DT_YEAR_COLLISION,DT_MONTH_COLLISION,DT_TIME,CD_NIS,TX_MUNTY_COLLISION_NL,TX_WEATHER_NL,TX_ROAD_CONDITION_NL,TX_LIGHT_CONDITION_NL,TX_CLASS_ACCIDENTS_NL,CD_ROAD_USR_TYPE1,TX_ROAD_USR_TYPE1_NL,CD_ROAD_USR_TYPE2,TX_ROAD_USR_TYPE2_NL,TX_CROSSWAY_NL,CD_ROAD_TYPE_NL,TX_BUILD_UP_AREA_NL,TX_COLLISION_TYPE_NL,TX_OBSTACLES_NL
21690,57,Meulebeke teller 1,Meulebeke,50.96056,3.24491,2.382664190215021,50.93997982650181,3.2354381484705517,2020,8,16,36007,Ingelmunster,Normaal,Droog,Dag,met lichtgewonden,3,Fiets,5,Lichte vrachtauto,Buiten Kruispunt,Gemeenteweg,buiten bebouwde kom,Tussen 2 bestuurders: Frontale botsing,Geen hindernis
21691,69,Leuven teller 1,Leuven,50.87549,4.71526,0.762298751224349,50.87715857650416,4.704722129476083,2020,9,17,24062,Leuven,Onbekend,Onbekend,Onbekend,met lichtgewonden,3,Fiets,8,Voetganger,Buiten Kruispunt,Gemeenteweg,binnen bebouwde kom,Met een voetganger,Geen hindernis
21691,77,Leuven teller 2,Leuven,50.88672,4.70796,1.0871771338736944,50.87715857650416,4.704722129476083,2020,9,17,24062,Leuven,Onbekend,Onbekend,Onbekend,met lichtgewonden,3,Fiets,8,Voetganger,Buiten Kruispunt,Gemeenteweg,binnen bebouwde kom,Met een voetganger,Geen hindernis
21691,107,leuven totem,Leuven,50.8870744,4.7087919,1.1389563139477012,50.87715857650416,4.704722129476083,2020,9,17,24062,Leuven,Onbekend,Onbekend,Onbekend,met lichtgewonden,3,Fiets,8,Voetganger,Buiten Kruispunt,Gemeenteweg,binnen bebouwde kom,Met een voetganger,Geen hindernis
21691,151,Leuven,District Leuven,50.8690262,4.6854839,1.62480664281114,50.87715857650416,4.704722129476083,2020,9,17,24062,Leuven,Onbekend,Onbekend,Onbekend,met lichtgewonden,3,Fiets,8,Voetganger,Buiten Kruispunt,Gemeenteweg,binnen bebouwde kom,Met een voetganger,Geen hindernis
21694,61,Wervik teller 2,Wervik,50.80555,3.0921,1.7738668478744484,50.80066388587573,3.116129073897618,2020,8,14,34027,Menen,Normaal,Droog,Dag,met lichtgewonden,5,Lichte vrachtauto,3,Fiets,Buiten Kruispunt,Gewestweg,binnen bebouwde kom,Tussen 2 bestuurders: Flank tegen flank,Geen hindernis
21694,62,Wervik teller 1,Wervik,50.8058,3.09154,1.8198958472038687,50.80066388587573,3.116129073897618,2020,8,14,34027,Menen,Normaal,Droog,Dag,met lichtgewonden,5,Lichte vrachtauto,3,Fiets,Buiten Kruispunt,Gewestweg,binnen bebouwde kom,Tussen 2 bestuurders: Flank tegen flank,Geen hindernis
21695,17,Kortrijk 2,Kortrijk,50.83339,3.27773,1.8345627096784773,50.84764801781688,3.2908759303264827,2020,8,7,34023,Kuurne,Normaal,Droog,Dag,met lichtgewonden,3,Fiets,9,personenauto,Buiten Kruispunt,Gemeenteweg,binnen bebouwde kom,Tss. 2 best.: langs opzij (voor-/achterkant-flank),Geen hindernis
21695,16,Kortrijk 1,Kortrijk,50.83332,3.27777,1.839887356194205,50.84764801781688,3.2908759303264827,2020,8,7,34023,Kuurne,Normaal,Droog,Dag,met lichtgewonden,3,Fiets,9,personenauto,Buiten Kruispunt,Gemeenteweg,binnen bebouwde kom,Tss. 2 best.: langs opzij (voor-/achterkant-flank),Geen hindernis
21696,61,Wervik teller 2,Wervik,50.80555,3.0921,1.4067168313902811,50.798139117675476,3.108323012549346,2020,9,15,34027,Menen,Regenval,"Nat, plassen",Dag,met lichtgewonden,9,personenauto,3,Fiets,Buiten Kruispunt,Gemeenteweg,binnen bebouwde kom,Tss. 2 best.: langs opzij (voor-/achterkant-flank),Geen hindernis
21696,62,Wervik teller 1,Wervik,50.8058,3.09154,1.4548938446711064,50.798139117675476,3.108323012549346,2020,9,15,34027,Menen,Regenval,"Nat, plassen",Dag,met lichtgewonden,9,personenauto,3,Fiets,Buiten Kruispunt,Gemeenteweg,binnen bebouwde kom,Tss. 2 best.: langs opzij (voor-/achterkant-flank),Geen hindernis
21699,75,Kortrijk teller 2,Kortrijk,50.81925,3.25731,0.6519630538520521,50.82364101914061,3.263460374749474,2020,9,14,34022,Kortrijk,Normaal,Droog,Dag,met lichtgewonden,9,personenauto,3,Fiets,Op Kruispunt,Gewestweg,binnen bebouwde kom,Tussen 2 bestuurders: Frontale botsing,Geen hindernis
21699,74,Kortrijk teller 1,Kortrijk,50.81909,3.25728,0.6667621809650728,50.82364101914061,3.263460374749474,2020,9,14,34022,Kortrijk,Normaal,Droog,Dag,met lichtgewonden,9,personenauto,3,Fiets,Op Kruispunt,Gewestweg,binnen bebouwde kom,Tussen 2 bestuurders: Frontale botsing,Geen hindernis
21699,143,Eco Display Classic Budastraat,Kortrijk,50.83066,3.26286,0.7816134192657073,50.82364101914061,3.263460374749474,2020,9,14,34022,Kortrijk,Normaal,Droog,Dag,met lichtgewonden,9,personenauto,3,Fiets,Op Kruispunt,Gewestweg,binnen bebouwde kom,Tussen 2 bestuurders: Frontale botsing,Geen hindernis
21699,16,Kortrijk 1,Kortrijk,50.83332,3.27777,1.4725616102791443,50.82364101914061,3.263460374749474,2020,9,14,34022,Kortrijk,Normaal,Droog,Dag,met lichtgewonden,9,personenauto,3,Fiets,Op Kruispunt,Gewestweg,binnen bebouwde kom,Tussen 2 bestuurders: Frontale botsing,Geen hindernis
21699,17,Kortrijk 2,Kortrijk,50.83339,3.27773,1.4763508463430939,50.82364101914061,3.263460374749474,2020,9,14,34022,Kortrijk,Normaal,Droog,Dag,met lichtgewonden,9,personenauto,3,Fiets,Op Kruispunt,Gewestweg,binnen bebouwde kom,Tussen 2 bestuurders: Frontale botsing,Geen hindernis
21700,74,Kortrijk teller 1,Kortrijk,50.81909,3.25728,0.7886390753307367,50.81902578163085,3.2460542469763656,2020,9,13,34022,Kortrijk,Normaal,Droog,Dag,met lichtgewonden,3,Fiets,9,personenauto,Op Kruispunt,Gemeenteweg,binnen bebouwde kom,Tss. 2 best.: langs opzij (voor-/achterkant-flank),Geen hindernis
21700,75,Kortrijk teller 2,Kortrijk,50.81925,3.25731,0.7911058520953468,50.81902578163085,3.2460542469763656,2020,9,13,34022,Kortrijk,Normaal,Droog,Dag,met lichtgewonden,3,Fiets,9,personenauto,Op Kruispunt,Gemeenteweg,binnen bebouwde kom,Tss. 2 best.: langs opzij (voor-/achterkant-flank),Geen hindernis
21700,143,Eco Display Classic Budastraat,Kortrijk,50.83066,3.26286,1.7512978536173527,50.81902578163085,3.2460542469763656,2020,9,13,34022,Kortrijk,Normaal,Droog,Dag,met lichtgewonden,3,Fiets,9,personenauto,Op Kruispunt,Gemeenteweg,binnen bebouwde kom,Tss. 2 best.: langs opzij (voor-/achterkant-flank),Geen hindernis
21701,143,Eco Display Classic Budastraat,Kortrijk,50.83066,3.26286,0.42747191297851905,50.827086518002965,3.2606158785797956,2020,8,17,34022,Kortrijk,Normaal,Droog,Dag,met lichtgewonden,5,Lichte vrachtauto,3,Fiets,Buiten Kruispunt,Gemeenteweg,binnen bebouwde kom,Tussen 2 bestuurders: Flank tegen flank,Geen hindernis
21701,75,Kortrijk teller 2,Kortrijk,50.81925,3.25731,0.9017924239346233,50.827086518002965,3.2606158785797956,2020,8,17,34022,Kortrijk,Normaal,Droog,Dag,met lichtgewonden,5,Lichte vrachtauto,3,Fiets,Buiten Kruispunt,Gemeenteweg,binnen bebouwde kom,Tussen 2 bestuurders: Flank tegen flank,Geen hindernis
21701,74,Kortrijk teller 1,Kortrijk,50.81909,3.25728,0.9195299039749562,50.827086518002965,3.2606158785797956,2020,8,17,34022,Kortrijk,Normaal,Droog,Dag,met lichtgewonden,5,Lichte vrachtauto,3,Fiets,Buiten Kruispunt,Gemeenteweg,binnen bebouwde kom,Tussen 2 bestuurders: Flank tegen flank,Geen hindernis
21701,16,Kortrijk 1,Kortrijk,50.83332,3.27777,1.389942442261498,50.827086518002965,3.2606158785797956,2020,8,17,34022,Kortrijk,Normaal,Droog,Dag,met lichtgewonden,5,Lichte vrachtauto,3,Fiets,Buiten Kruispunt,Gemeenteweg,binnen bebouwde kom,Tussen 2 bestuurders: Flank tegen flank,Geen hindernis
21701,17,Kortrijk 2,Kortrijk,50.83339,3.27773,1.3914119536049514,50.827086518002965,3.2606158785797956,2020,8,17,34022,Kortrijk,Normaal,Droog,Dag,met lichtgewonden,5,Lichte vrachtauto,3,Fiets,Buiten Kruispunt,Gemeenteweg,binnen bebouwde kom,Tussen 2 bestuurders: Flank tegen flank,Geen hindernis
21702,16,Kortrijk 1,Kortrijk,50.83332,3.27777,0.197391138168009,50.831545214563214,3.277829342908836,2020,8,19,34022,Kortrijk,Normaal,Droog,Dageraad - schemering,met lichtgewonden,3,Fiets,9,personenauto,Op Kruispunt,Gemeenteweg,binnen bebouwde kom,Tussen 2 bestuurders: Flank tegen flank,Geen hindernis
21702,17,Kortrijk 2,Kortrijk,50.83339,3.27773,0.20524939311885448,50.831545214563214,3.277829342908836,2020,8,19,34022,Kortrijk,Normaal,Droog,Dageraad - schemering,met lichtgewonden,3,Fiets,9,personenauto,Op Kruispunt,Gemeenteweg,binnen bebouwde kom,Tussen 2 bestuurders: Flank tegen flank,Geen hindernis
21702,143,Eco Display Classic Budastraat,Kortrijk,50.83066,3.26286,1.055919700757019,50.831545214563214,3.277829342908836,2020,8,19,34022,Kortrijk,Normaal,Droog,Dageraad - schemering,met lichtgewonden,3,Fiets,9,personenauto,Op Kruispunt,Gemeenteweg,binnen bebouwde kom,Tussen 2 bestuurders: Flank tegen flank,Geen hindernis
21702,75,Kortrijk teller 2,Kortrijk,50.81925,3.25731,1.9865649300068786,50.831545214563214,3.277829342908836,2020,8,19,34022,Kortrijk,Normaal,Droog,Dageraad - schemering,met lichtgewonden,3,Fiets,9,personenauto,Op Kruispunt,Gemeenteweg,binnen bebouwde kom,Tussen 2 bestuurders: Flank tegen flank,Geen hindernis
21702,74,Kortrijk teller 1,Kortrijk,50.81909,3.25728,2.000372338086549,50.831545214563214,3.277829342908836,2020,8,19,34022,Kortrijk,Normaal,Droog,Dageraad - schemering,met lichtgewonden,3,Fiets,9,personenauto,Op Kruispunt,Gemeenteweg,binnen bebouwde kom,Tussen 2 bestuurders: Flank tegen flank,Geen hindernis
21703,17,Kortrijk 2,Kortrijk,50.83339,3.27773,2.1093225979668575,50.85164202804196,3.285914398204062,2020,10,17,34023,Kuurne,Regenval,"Nat, plassen",Dag,met lichtgewonden,5,Lichte vrachtauto,3,Fiets,Buiten Kruispunt,Gemeenteweg,binnen bebouwde kom,Tussen 2 bestuurders: Flank tegen flank,Geen hindernis
21703,16,Kortrijk 1,Kortrijk,50.83332,3.27777,2.116052253040146,50.85164202804196,3.285914398204062,2020,10,17,34023,Kuurne,Regenval,"Nat, plassen",Dag,met lichtgewonden,5,Lichte vrachtauto,3,Fiets,Buiten Kruispunt,Gemeenteweg,binnen bebouwde kom,Tussen 2 bestuurders: Flank tegen flank,Geen hindernis
21704,74,Kortrijk teller 1,Kortrijk,50.81909,3.25728,1.7871794639283258,50.80954650537425,3.277747964131051,2020,10,10,34022,Kortrijk,Normaal,Droog,Dag,met lichtgewonden,3,Fiets,9,personenauto,Op Kruispunt,Gewestweg,binnen bebouwde kom,Tss. 2 best.: langs opzij (voor-/achterkant-flank),Geen hindernis
21704,75,Kortrijk teller 2,Kortrijk,50.81925,3.25731,1.7961130544506028,50.80954650537425,3.277747964131051,2020,10,10,34022,Kortrijk,Normaal,Droog,Dag,met lichtgewonden,3,Fiets,9,personenauto,Op Kruispunt,Gewestweg,binnen bebouwde kom,Tss. 2 best.: langs opzij (voor-/achterkant-flank),Geen hindernis
21705,16,Kortrijk 1,Kortrijk,50.83332,3.27777,0.39179973007316865,50.83309187473006,3.2833372229496316,2020,9,7,34022,Kortrijk,Normaal,Droog,Dag,met lichtgewonden,3,Fiets,10,"één bestuurder, geen hindernis",Buiten Kruispunt,Gemeenteweg,binnen bebouwde kom,"Eén bestuurder, geen hindernis (incl. val)",Geen hindernis
21705,17,Kortrijk 2,Kortrijk,50.83339,3.27773,0.3951794279566555,50.83309187473006,3.2833372229496316,2020,9,7,34022,Kortrijk,Normaal,Droog,Dag,met lichtgewonden,3,Fiets,10,"één bestuurder, geen hindernis",Buiten Kruispunt,Gemeenteweg,binnen bebouwde kom,"Eén bestuurder, geen hindernis (incl. val)",Geen hindernis
21705,143,Eco Display Classic Budastraat,Kortrijk,50.83066,3.26286,1.4633277292042532,50.83309187473006,3.2833372229496316,2020,9,7,34022,Kortrijk,Normaal,Droog,Dag,met lichtgewonden,3,Fiets,10,"één bestuurder, geen hindernis",Buiten Kruispunt,Gemeenteweg,binnen bebouwde kom,"Eén bestuurder, geen hindernis (incl. val)",Geen hindernis
21705,75,Kortrijk teller 2,Kortrijk,50.81925,3.25731,2.3897749269082555,50.83309187473006,3.2833372229496316,2020,9,7,34022,Kortrijk,Normaal,Droog,Dag,met lichtgewonden,3,Fiets,10,"één bestuurder, geen hindernis",Buiten Kruispunt,Gemeenteweg,binnen bebouwde kom,"Eén bestuurder, geen hindernis (incl. val)",Geen hindernis
21705,74,Kortrijk teller 1,Kortrijk,50.81909,3.25728,2.402879000373675,50.83309187473006,3.2833372229496316,2020,9,7,34022,Kortrijk,Normaal,Droog,Dag,met lichtgewonden,3,Fiets,10,"één bestuurder, geen hindernis",Buiten Kruispunt,Gemeenteweg,binnen bebouwde kom,"Eén bestuurder, geen hindernis (incl. val)",Geen hindernis
21707,17,Kortrijk 2,Kortrijk,50.83339,3.27773,1.1876793513296722,50.84138040121003,3.2665064908904773,2020,9,8,34022,Kortrijk,Normaal,Droog,Dag,met lichtgewonden,3,Fiets,10,"één bestuurder, geen hindernis",Buiten Kruispunt,Gemeenteweg,binnen bebouwde kom,"Eén bestuurder, geen hindernis (incl. val)",Geen hindernis
21707,16,Kortrijk 1,Kortrijk,50.83332,3.27777,1.1953705120187297,50.84138040121003,3.2665064908904773,2020,9,8,34022,Kortrijk,Normaal,Droog,Dag,met lichtgewonden,3,Fiets,10,"één bestuurder, geen hindernis",Buiten Kruispunt,Gemeenteweg,binnen bebouwde kom,"Eén bestuurder, geen hindernis (incl. val)",Geen hindernis
21707,143,Eco Display Classic Budastraat,Kortrijk,50.83066,3.26286,1.2192482192899579,50.84138040121003,3.2665064908904773,2020,9,8,34022,Kortrijk,Normaal,Droog,Dag,met lichtgewonden,3,Fiets,10,"één bestuurder, geen hindernis",Buiten Kruispunt,Gemeenteweg,binnen bebouwde kom,"Eén bestuurder, geen hindernis (incl. val)",Geen hindernis
21708,143,Eco Display Classic Budastraat,Kortrijk,50.83066,3.26286,0.8355848058243758,50.823952781919324,3.2682245371059606,2020,9,16,34022,Kortrijk,Normaal,Droog,Dag,met lichtgewonden,3,Fiets,9,personenauto,Op Kruispunt,Gewestweg,binnen bebouwde kom,Tss. 2 best.: langs opzij (voor-/achterkant-flank),Geen hindernis
21708,75,Kortrijk teller 2,Kortrijk,50.81925,3.25731,0.9280534604743486,50.823952781919324,3.2682245371059606,2020,9,16,34022,Kortrijk,Normaal,Droog,Dag,met lichtgewonden,3,Fiets,9,personenauto,Op Kruispunt,Gewestweg,binnen bebouwde kom,Tss. 2 best.: langs opzij (voor-/achterkant-flank),Geen hindernis
21708,74,Kortrijk teller 1,Kortrijk,50.81909,3.25728,0.9399173439489907,50.823952781919324,3.2682245371059606,2020,9,16,34022,Kortrijk,Normaal,Droog,Dag,met lichtgewonden,3,Fiets,9,personenauto,Op Kruispunt,Gewestweg,binnen bebouwde kom,Tss. 2 best.: langs opzij (voor-/achterkant-flank),Geen hindernis
21708,16,Kortrijk 1,Kortrijk,50.83332,3.27777,1.238700533147776,50.823952781919324,3.2682245371059606,2020,9,16,34022,Kortrijk,Normaal,Droog,Dag,met lichtgewonden,3,Fiets,9,personenauto,Op Kruispunt,Gewestweg,binnen bebouwde kom,Tss. 2 best.: langs opzij (voor-/achterkant-flank),Geen hindernis
21708,17,Kortrijk 2,Kortrijk,50.83339,3.27773,1.243742128175936,50.823952781919324,3.2682245371059606,2020,9,16,34022,Kortrijk,Normaal,Droog,Dag,met lichtgewonden,3,Fiets,9,personenauto,Op Kruispunt,Gewestweg,binnen bebouwde kom,Tss. 2 best.: langs opzij (voor-/achterkant-flank),Geen hindernis
21709,74,Kortrijk teller 1,Kortrijk,50.81909,3.25728,2.1712861600539806,50.80772300083972,3.2321516257622007,2020,9,11,34022,Kortrijk,Normaal,Droog,Dag,met zwaargewonden,3,Fiets,3,Fiets,Buiten Kruispunt,Gemeenteweg,binnen bebouwde kom,Tussen 2 bestuurders: Flank tegen flank,Geen hindernis
21709,75,Kortrijk teller 2,Kortrijk,50.81925,3.25731,2.183394296333711,50.80772300083972,3.2321516257622007,2020,9,11,34022,Kortrijk,Normaal,Droog,Dag,met zwaargewonden,3,Fiets,3,Fiets,Buiten Kruispunt,Gemeenteweg,binnen bebouwde kom,Tussen 2 bestuurders: Flank tegen flank,Geen hindernis
21711,143,Eco Display Classic Budastraat,Kortrijk,50.83066,3.26286,0.17407835764087667,50.829423673391226,3.264380523117357,2020,9,12,34022,Kortrijk,Normaal,Droog,Dag,met lichtgewonden,7,Motorfiets,3,Fiets,Op Kruispunt,Gemeenteweg,binnen bebouwde kom,Tussen 2 bestuurders: Frontale botsing,Geen hindernis
21711,16,Kortrijk 1,Kortrijk,50.83332,3.27777,1.0353664494295458,50.829423673391226,3.264380523117357,2020,9,12,34022,Kortrijk,Normaal,Droog,Dag,met lichtgewonden,7,Motorfiets,3,Fiets,Op Kruispunt,Gemeenteweg,binnen bebouwde kom,Tussen 2 bestuurders: Frontale botsing,Geen hindernis
21711,17,Kortrijk 2,Kortrijk,50.83339,3.27773,1.036104235338774,50.829423673391226,3.264380523117357,2020,9,12,34022,Kortrijk,Normaal,Droog,Dag,met lichtgewonden,7,Motorfiets,3,Fiets,Op Kruispunt,Gemeenteweg,binnen bebouwde kom,Tussen 2 bestuurders: Frontale botsing,Geen hindernis
21711,75,Kortrijk teller 2,Kortrijk,50.81925,3.25731,1.2354792484059902,50.829423673391226,3.264380523117357,2020,9,12,34022,Kortrijk,Normaal,Droog,Dag,met lichtgewonden,7,Motorfiets,3,Fiets,Op Kruispunt,Gemeenteweg,binnen bebouwde kom,Tussen 2 bestuurders: Frontale botsing,Geen hindernis
21711,74,Kortrijk teller 1,Kortrijk,50.81909,3.25728,1.2526279834363303,50.829423673391226,3.264380523117357,2020,9,12,34022,Kortrijk,Normaal,Droog,Dag,met lichtgewonden,7,Motorfiets,3,Fiets,Op Kruispunt,Gemeenteweg,binnen bebouwde kom,Tussen 2 bestuurders: Frontale botsing,Geen hindernis
21712,143,Eco Display Classic Budastraat,Kortrijk,50.83066,3.26286,0.20392493750064838,50.82887288384342,3.2622080781436607,2020,9,17,34022,Kortrijk,Normaal,Droog,Dag,met lichtgewonden,9,personenauto,3,Fiets,Op Kruispunt,Gemeenteweg,binnen bebouwde kom,Tss. 2 best.: langs opzij (voor-/achterkant-flank),Geen hindernis
21712,75,Kortrijk teller 2,Kortrijk,50.81925,3.25731,1.1239687600574704,50.82887288384342,3.2622080781436607,2020,9,17,34022,Kortrijk,Normaal,Droog,Dag,met lichtgewonden,9,personenauto,3,Fiets,Op Kruispunt,Gemeenteweg,binnen bebouwde kom,Tss. 2 best.: langs opzij (voor-/achterkant-flank),Geen hindernis
21712,74,Kortrijk teller 1,Kortrijk,50.81909,3.25728,1.1415563403124185,50.82887288384342,3.2622080781436607,2020,9,17,34022,Kortrijk,Normaal,Droog,Dag,met lichtgewonden,9,personenauto,3,Fiets,Op Kruispunt,Gemeenteweg,binnen bebouwde kom,Tss. 2 best.: langs opzij (voor-/achterkant-flank),Geen hindernis
21712,16,Kortrijk 1,Kortrijk,50.83332,3.27777,1.1996018064114995,50.82887288384342,3.2622080781436607,2020,9,17,34022,Kortrijk,Normaal,Droog,Dag,met lichtgewonden,9,personenauto,3,Fiets,Op Kruispunt,Gemeenteweg,binnen bebouwde kom,Tss. 2 best.: langs opzij (voor-/achterkant-flank),Geen hindernis
21712,17,Kortrijk 2,Kortrijk,50.83339,3.27773,1.200278485856401,50.82887288384342,3.2622080781436607,2020,9,17,34022,Kortrijk,Normaal,Droog,Dag,met lichtgewonden,9,personenauto,3,Fiets,Op Kruispunt,Gemeenteweg,binnen bebouwde kom,Tss. 2 best.: langs opzij (voor-/achterkant-flank),Geen hindernis
21713,74,Kortrijk teller 1,Kortrijk,50.81909,3.25728,1.7446822101397177,50.81096000362679,3.236040425114137,2020,9,7,34022,Kortrijk,Normaal,Droog,Dageraad - schemering,met lichtgewonden,3,Fiets,10,"één bestuurder, geen hindernis",Buiten Kruispunt,Gemeenteweg,binnen bebouwde kom,"Eén bestuurder, geen hindernis (incl. val)",Geen hindernis
21713,75,Kortrijk teller 2,Kortrijk,50.81925,3.25731,1.7557580918514661,50.81096000362679,3.236040425114137,2020,9,7,34022,Kortrijk,Normaal,Droog,Dageraad - schemering,met lichtgewonden,3,Fiets,10,"één bestuurder, geen hindernis",Buiten Kruispunt,Gemeenteweg,binnen bebouwde kom,"Eén bestuurder, geen hindernis (incl. val)",Geen hindernis
21714,16,Kortrijk 1,Kortrijk,50.83332,3.27777,1.1163023585273575,50.823406363864066,3.275264633966412,2020,9,17,34022,Kortrijk,Normaal,Droog,Dag,met lichtgewonden,3,Fiets,3,Fiets,Buiten Kruispunt,Gewestweg,binnen bebouwde kom,Tss. 2 best.: langs opzij (voor-/achterkant-flank),Geen hindernis
21714,17,Kortrijk 2,Kortrijk,50.83339,3.27773,1.123552935176356,50.823406363864066,3.275264633966412,2020,9,17,34022,Kortrijk,Normaal,Droog,Dag,met lichtgewonden,3,Fiets,3,Fiets,Buiten Kruispunt,Gewestweg,binnen bebouwde kom,Tss. 2 best.: langs opzij (voor-/achterkant-flank),Geen hindernis
21714,143,Eco Display Classic Budastraat,Kortrijk,50.83066,3.26286,1.1872950977940062,50.823406363864066,3.275264633966412,2020,9,17,34022,Kortrijk,Normaal,Droog,Dag,met lichtgewonden,3,Fiets,3,Fiets,Buiten Kruispunt,Gewestweg,binnen bebouwde kom,Tss. 2 best.: langs opzij (voor-/achterkant-flank),Geen hindernis
21714,75,Kortrijk teller 2,Kortrijk,50.81925,3.25731,1.3432587705498715,50.823406363864066,3.275264633966412,2020,9,17,34022,Kortrijk,Normaal,Droog,Dag,met lichtgewonden,3,Fiets,3,Fiets,Buiten Kruispunt,Gewestweg,binnen bebouwde kom,Tss. 2 best.: langs opzij (voor-/achterkant-flank),Geen hindernis
21714,74,Kortrijk teller 1,Kortrijk,50.81909,3.25728,1.35145530115876,50.823406363864066,3.275264633966412,2020,9,17,34022,Kortrijk,Normaal,Droog,Dag,met lichtgewonden,3,Fiets,3,Fiets,Buiten Kruispunt,Gewestweg,binnen bebouwde kom,Tss. 2 best.: langs opzij (voor-/achterkant-flank),Geen hindernis
21715,143,Eco Display Classic Budastraat,Kortrijk,50.83066,3.26286,0.6945028843937847,50.82493016951899,3.2667953994173393,2020,9,18,34022,Kortrijk,Normaal,Droog,Dag,met lichtgewonden,3,Fiets,6,Bromfiets,Op Kruispunt,Gemeenteweg,binnen bebouwde kom,Tussen 2 bestuurders: Flank tegen flank,Geen hindernis
21715,75,Kortrijk teller 2,Kortrijk,50.81925,3.25731,0.9180888914168793,50.82493016951899,3.2667953994173393,2020,9,18,34022,Kortrijk,Normaal,Droog,Dag,met lichtgewonden,3,Fiets,6,Bromfiets,Op Kruispunt,Gemeenteweg,binnen bebouwde kom,Tussen 2 bestuurders: Flank tegen flank,Geen hindernis
21715,74,Kortrijk teller 1,Kortrijk,50.81909,3.25728,0.9319292005575239,50.82493016951899,3.2667953994173393,2020,9,18,34022,Kortrijk,Normaal,Droog,Dag,met lichtgewonden,3,Fiets,6,Bromfiets,Op Kruispunt,Gemeenteweg,binnen bebouwde kom,Tussen 2 bestuurders: Flank tegen flank,Geen hindernis
21715,16,Kortrijk 1,Kortrijk,50.83332,3.27777,1.2101416839255497,50.82493016951899,3.2667953994173393,2020,9,18,34022,Kortrijk,Normaal,Droog,Dag,met lichtgewonden,3,Fiets,6,Bromfiets,Op Kruispunt,Gemeenteweg,binnen bebouwde kom,Tussen 2 bestuurders: Flank tegen flank,Geen hindernis
21715,17,Kortrijk 2,Kortrijk,50.83339,3.27773,1.214373246935763,50.82493016951899,3.2667953994173393,2020,9,18,34022,Kortrijk,Normaal,Droog,Dag,met lichtgewonden,3,Fiets,6,Bromfiets,Op Kruispunt,Gemeenteweg,binnen bebouwde kom,Tussen 2 bestuurders: Flank tegen flank,Geen hindernis
21716,16,Kortrijk 1,Kortrijk,50.83332,3.27777,1.7970604328948059,50.817816315123096,3.284994267924034,2020,9,13,34022,Kortrijk,Normaal,Droog,Dag,met lichtgewonden,9,personenauto,3,Fiets,Buiten Kruispunt,Gemeenteweg,binnen bebouwde kom,Tussen 2 bestuurders: Frontale botsing,Geen hindernis
21716,17,Kortrijk 2,Kortrijk,50.83339,3.27773,1.8053206328372657,50.817816315123096,3.284994267924034,2020,9,13,34022,Kortrijk,Normaal,Droog,Dag,met lichtgewonden,9,personenauto,3,Fiets,Buiten Kruispunt,Gemeenteweg,binnen bebouwde kom,Tussen 2 bestuurders: Frontale botsing,Geen hindernis
21716,75,Kortrijk teller 2,Kortrijk,50.81925,3.25731,1.951358578681646,50.817816315123096,3.284994267924034,2020,9,13,34022,Kortrijk,Normaal,Droog,Dag,met lichtgewonden,9,personenauto,3,Fiets,Buiten Kruispunt,Gemeenteweg,binnen bebouwde kom,Tussen 2 bestuurders: Frontale botsing,Geen hindernis
21716,74,Kortrijk teller 1,Kortrijk,50.81909,3.25728,1.952091012063019,50.817816315123096,3.284994267924034,2020,9,13,34022,Kortrijk,Normaal,Droog,Dag,met lichtgewonden,9,personenauto,3,Fiets,Buiten Kruispunt,Gemeenteweg,binnen bebouwde kom,Tussen 2 bestuurders: Frontale botsing,Geen hindernis
21716,143,Eco Display Classic Budastraat,Kortrijk,50.83066,3.26286,2.111133142941924,50.817816315123096,3.284994267924034,2020,9,13,34022,Kortrijk,Normaal,Droog,Dag,met lichtgewonden,9,personenauto,3,Fiets,Buiten Kruispunt,Gemeenteweg,binnen bebouwde kom,Tussen 2 bestuurders: Frontale botsing,Geen hindernis
21717,17,Kortrijk 2,Kortrijk,50.83339,3.27773,2.1626537800915493,50.852824212340565,3.2789394750280136,2020,8,17,34023,Kuurne,Normaal,Droog,Dag,met lichtgewonden,3,Fiets,9,personenauto,Op Kruispunt,Gemeenteweg,binnen bebouwde kom,Tss. 2 best.: langs opzij (voor-/achterkant-flank),Geen hindernis
21717,16,Kortrijk 1,Kortrijk,50.83332,3.27777,2.170323371281157,50.852824212340565,3.2789394750280136,2020,8,17,34023,Kuurne,Normaal,Droog,Dag,met lichtgewonden,3,Fiets,9,personenauto,Op Kruispunt,Gemeenteweg,binnen bebouwde kom,Tss. 2 best.: langs opzij (voor-/achterkant-flank),Geen hindernis
21718,16,Kortrijk 1,Kortrijk,50.83332,3.27777,1.1794216052233506,50.82271330846974,3.277696433062207,2020,8,15,34022,Kortrijk,Normaal,Droog,Dag,met lichtgewonden,9,personenauto,3,Fiets,Op Kruispunt,Gewestweg,buiten bebouwde kom,Tussen 2 bestuurders: Frontale botsing,Geen hindernis
21718,17,Kortrijk 2,Kortrijk,50.83339,3.27773,1.1871962724745593,50.82271330846974,3.277696433062207,2020,8,15,34022,Kortrijk,Normaal,Droog,Dag,met lichtgewonden,9,personenauto,3,Fiets,Op Kruispunt,Gewestweg,buiten bebouwde kom,Tussen 2 bestuurders: Frontale botsing,Geen hindernis
21718,143,Eco Display Classic Budastraat,Kortrijk,50.83066,3.26286,1.3662899693492572,50.82271330846974,3.277696433062207,2020,8,15,34022,Kortrijk,Normaal,Droog,Dag,met lichtgewonden,9,personenauto,3,Fiets,Op Kruispunt,Gewestweg,buiten bebouwde kom,Tussen 2 bestuurders: Frontale botsing,Geen hindernis