crash_row_id,site_id,site_name,site_gemeente,site_lat,site_long,distance_km,crash_lat,crash_long,DT_YEAR_COLLISION,DT_MONTH_COLLISION,DT_TIME,CD_NIS,TX_MUNTY_COLLISION_NL,TX_WEATHER_NL,TX_ROAD_CONDITION_NL,TX_LIGHT_CONDITION_NL,TX_CLASS_ACCIDENTS_NL,CD_ROAD_USR_TYPE1,TX_ROAD_USR_TYPE1_NL,CD_ROAD_USR_TYPE2,TX_ROAD_USR_TYPE2_NL,TX_CROSSWAY_NL,CD_ROAD_TYPE_NL,TX_BUILD_UP_AREA_NL,TX_COLLISION_TYPE_NL,TX_OBSTACLES_NL
21718,75,Kortrijk teller 2,Kortrijk,50.81925,3.25731,1.4829589040862483,50.82271330846974,3.277696433062207,2020,8,15,34022,Kortrijk,Normaal,Droog,Dag,met lichtgewonden,9,personenauto,3,Fiets,Op Kruispunt,Gewestweg,buiten bebouwde kom,Tussen 2 bestuurders: Frontale botsing,Geen hindernis
21718,74,Kortrijk teller 1,Kortrijk,50.81909,3.25728,1.4897093500714582,50.82271330846974,3.277696433062207,2020,8,15,34022,Kortrijk,Normaal,Droog,Dag,met lichtgewonden,9,personenauto,3,Fiets,Op Kruispunt,Gewestweg,buiten bebouwde kom,Tussen 2 bestuurders: Frontale botsing,Geen hindernis
21720,143,Eco Display Classic Budastraat,Kortrijk,50.83066,3.26286,0.8355848058243758,50.823952781919324,3.2682245371059606,2020,8,18,34022,Kortrijk,Normaal,Droog,Dag,met lichtgewonden,9,personenauto,3,Fiets,Op Kruispunt,Gewestweg,binnen bebouwde kom,Tss. 2 best.: langs opzij (voor-/achterkant-flank),Geen hindernis
21720,75,Kortrijk teller 2,Kortrijk,50.81925,3.25731,0.9280534604743486,50.823952781919324,3.2682245371059606,2020,8,18,34022,Kortrijk,Normaal,Droog,Dag,met lichtgewonden,9,personenauto,3,Fiets,Op Kruispunt,Gewestweg,binnen bebouwde kom,Tss. 2 best.: langs opzij (voor-/achterkant-flank),Geen hindernis
21720,74,Kortrijk teller 1,Kortrijk,50.81909,3.25728,0.9399173439489907,50.823952781919324,3.2682245371059606,2020,8,18,34022,Kortrijk,Normaal,Droog,Dag,met lichtgewonden,9,personenauto,3,Fiets,Op Kruispunt,Gewestweg,binnen bebouwde kom,Tss. 2 best.: langs opzij (voor-/achterkant-flank),Geen hindernis
21720,16,Kortrijk 1,Kortrijk,50.83332,3.27777,1.238700533147776,50.823952781919324,3.2682245371059606,2020,8,18,34022,Kortrijk,Normaal,Droog,Dag,met lichtgewonden,9,personenauto,3,Fiets,Op Kruispunt,Gewestweg,binnen bebouwde kom,Tss. 2 best.: langs opzij (voor-/achterkant-flank),Geen hindernis
21720,17,Kortrijk 2,Kortrijk,50.83339,3.27773,1.243742128175936,50.823952781919324,3.2682245371059606,2020,8,18,34022,Kortrijk,Normaal,Droog,Dag,met lichtgewonden,9,personenauto,3,Fiets,Op Kruispunt,Gewestweg,binnen bebouwde kom,Tss. 2 best.: langs opzij (voor-/achterkant-flank),Geen hindernis
21721,17,Kortrijk 2,Kortrijk,50.83339,3.27773,0.22214992966361813,50.834883902631375,3.279830345683916,2020,8,10,34022,Kortrijk,Normaal,Droog,Dag,met zwaargewonden,3,Fiets,9,personenauto,Buiten Kruispunt,Gewestweg,binnen bebouwde kom,Tss. 2 best.: langs opzij (voor-/achterkant-flank),Geen hindernis
21721,16,Kortrijk 1,Kortrijk,50.83332,3.27777,0.22622193349309905,50.834883902631375,3.279830345683916,2020,8,10,34022,Kortrijk,Normaal,Droog,Dag,met zwaargewonden,3,Fiets,9,personenauto,Buiten Kruispunt,Gewestweg,binnen bebouwde kom,Tss. 2 best.: langs opzij (voor-/achterkant-flank),Geen hindernis
21721,143,Eco Display Classic Budastraat,Kortrijk,50.83066,3.26286,1.2810207984471829,50.834883902631375,3.279830345683916,2020,8,10,34022,Kortrijk,Normaal,Droog,Dag,met zwaargewonden,3,Fiets,9,personenauto,Buiten Kruispunt,Gewestweg,binnen bebouwde kom,Tss. 2 best.: langs opzij (voor-/achterkant-flank),Geen hindernis
21721,75,Kortrijk teller 2,Kortrijk,50.81925,3.25731,2.3503390188439934,50.834883902631375,3.279830345683916,2020,8,10,34022,Kortrijk,Normaal,Droog,Dag,met zwaargewonden,3,Fiets,9,personenauto,Buiten Kruispunt,Gewestweg,binnen bebouwde kom,Tss. 2 best.: langs opzij (voor-/achterkant-flank),Geen hindernis
21721,74,Kortrijk teller 1,Kortrijk,50.81909,3.25728,2.364940988523153,50.834883902631375,3.279830345683916,2020,8,10,34022,Kortrijk,Normaal,Droog,Dag,met zwaargewonden,3,Fiets,9,personenauto,Buiten Kruispunt,Gewestweg,binnen bebouwde kom,Tss. 2 best.: langs opzij (voor-/achterkant-flank),Geen hindernis
21722,84,Roeselare totem,Izegem,50.91717,3.18772,0.8861666573194457,50.922512528725804,3.1971005342440977,2020,8,21,36008,Izegem,Normaal,Droog,Dag,met lichtgewonden,9,personenauto,3,Fiets,Buiten Kruispunt,Gewestweg,binnen bebouwde kom,Tussen 2 bestuurders: Langs achteren,Geen hindernis
21723,143,Eco Display Classic Budastraat,Kortrijk,50.83066,3.26286,1.098711191215262,50.837089700922974,3.2509804118414265,2020,7,15,34022,Kortrijk,Normaal,Droog,Dag,met zwaargewonden,3,Fiets,8,Voetganger,Buiten Kruispunt,Gemeenteweg,binnen bebouwde kom,Met een voetganger,Geen hindernis
21723,17,Kortrijk 2,Kortrijk,50.83339,3.27773,1.9230206050479755,50.837089700922974,3.2509804118414265,2020,7,15,34022,Kortrijk,Normaal,Droog,Dag,met zwaargewonden,3,Fiets,8,Voetganger,Buiten Kruispunt,Gemeenteweg,binnen bebouwde kom,Met een voetganger,Geen hindernis
21723,16,Kortrijk 1,Kortrijk,50.83332,3.27777,1.9274438292632936,50.837089700922974,3.2509804118414265,2020,7,15,34022,Kortrijk,Normaal,Droog,Dag,met zwaargewonden,3,Fiets,8,Voetganger,Buiten Kruispunt,Gemeenteweg,binnen bebouwde kom,Met een voetganger,Geen hindernis
21723,75,Kortrijk teller 2,Kortrijk,50.81925,3.25731,2.032889955540284,50.837089700922974,3.2509804118414265,2020,7,15,34022,Kortrijk,Normaal,Droog,Dag,met zwaargewonden,3,Fiets,8,Voetganger,Buiten Kruispunt,Gemeenteweg,binnen bebouwde kom,Met een voetganger,Geen hindernis
21723,74,Kortrijk teller 1,Kortrijk,50.81909,3.25728,2.0497985110299686,50.837089700922974,3.2509804118414265,2020,7,15,34022,Kortrijk,Normaal,Droog,Dag,met zwaargewonden,3,Fiets,8,Voetganger,Buiten Kruispunt,Gemeenteweg,binnen bebouwde kom,Met een voetganger,Geen hindernis
21724,75,Kortrijk teller 2,Kortrijk,50.81925,3.25731,0.8797131885793595,50.822713242167154,3.2685695302902515,2020,9,18,34022,Kortrijk,Normaal,Droog,Dageraad - schemering,met lichtgewonden,3,Fiets,9,personenauto,Buiten Kruispunt,Gewestweg,binnen bebouwde kom,Tussen 2 bestuurders: Flank tegen flank,Geen hindernis
21724,74,Kortrijk teller 1,Kortrijk,50.81909,3.25728,0.8895249881907848,50.822713242167154,3.2685695302902515,2020,9,18,34022,Kortrijk,Normaal,Droog,Dageraad - schemering,met lichtgewonden,3,Fiets,9,personenauto,Buiten Kruispunt,Gewestweg,binnen bebouwde kom,Tussen 2 bestuurders: Flank tegen flank,Geen hindernis
21724,143,Eco Display Classic Budastraat,Kortrijk,50.83066,3.26286,0.9703820959230761,50.822713242167154,3.2685695302902515,2020,9,18,34022,Kortrijk,Normaal,Droog,Dageraad - schemering,met lichtgewonden,3,Fiets,9,personenauto,Buiten Kruispunt,Gewestweg,binnen bebouwde kom,Tussen 2 bestuurders: Flank tegen flank,Geen hindernis
21724,16,Kortrijk 1,Kortrijk,50.83332,3.27777,1.3448455397476453,50.822713242167154,3.2685695302902515,2020,9,18,34022,Kortrijk,Normaal,Droog,Dageraad - schemering,met lichtgewonden,3,Fiets,9,personenauto,Buiten Kruispunt,Gewestweg,binnen bebouwde kom,Tussen 2 bestuurders: Flank tegen flank,Geen hindernis
21724,17,Kortrijk 2,Kortrijk,50.83339,3.27773,1.3503357893305112,50.822713242167154,3.2685695302902515,2020,9,18,34022,Kortrijk,Normaal,Droog,Dageraad - schemering,met lichtgewonden,3,Fiets,9,personenauto,Buiten Kruispunt,Gewestweg,binnen bebouwde kom,Tussen 2 bestuurders: Flank tegen flank,Geen hindernis
21755,67,Ieper totem,Ieper,50.85018,2.85624,1.7758893771111401,50.85494638137024,2.880384931052154,2020,8,11,33011,Ieper,Normaal,Droog,Dag,met lichtgewonden,3,Fiets,11,een weggebruiker tegen een hindernis,Buiten Kruispunt,Gemeenteweg,binnen bebouwde kom,Weggebruiker tegen hindernis op de rijbaan,"Op de rijbaan: Put, straatgoot, tramspoor"
21755,68,Ieper,Ieper,50.85032,2.85608,1.7820540976097778,50.85494638137024,2.880384931052154,2020,8,11,33011,Ieper,Normaal,Droog,Dag,met lichtgewonden,3,Fiets,11,een weggebruiker tegen een hindernis,Buiten Kruispunt,Gemeenteweg,binnen bebouwde kom,Weggebruiker tegen hindernis op de rijbaan,"Op de rijbaan: Put, straatgoot, tramspoor"
21758,67,Ieper totem,Ieper,50.85018,2.85624,1.70792201741396,50.84649493185554,2.8798568629708425,2020,8,18,33011,Ieper,Normaal,Droog,Dag,met lichtgewonden,3,Fiets,3,Fiets,Buiten Kruispunt,Gewestweg,binnen bebouwde kom,Tss. 2 best.: langs opzij (voor-/achterkant-flank),Geen hindernis
21758,68,Ieper,Ieper,50.85032,2.85608,1.72260405666607,50.84649493185554,2.8798568629708425,2020,8,18,33011,Ieper,Normaal,Droog,Dag,met lichtgewonden,3,Fiets,3,Fiets,Buiten Kruispunt,Gewestweg,binnen bebouwde kom,Tss. 2 best.: langs opzij (voor-/achterkant-flank),Geen hindernis
21760,67,Ieper totem,Ieper,50.85018,2.85624,2.144107091032809,50.8510701777851,2.8867492780524775,2020,9,14,33011,Ieper,Normaal,"Nat, plassen",Dag,met lichtgewonden,3,Fiets,10,"één bestuurder, geen hindernis",Op Kruispunt,Gewestweg,binnen bebouwde kom,"Eén bestuurder, geen hindernis (incl. val)",Geen hindernis
21760,68,Ieper,Ieper,50.85032,2.85608,2.1546655063693763,50.8510701777851,2.8867492780524775,2020,9,14,33011,Ieper,Normaal,"Nat, plassen",Dag,met lichtgewonden,3,Fiets,10,"één bestuurder, geen hindernis",Op Kruispunt,Gewestweg,binnen bebouwde kom,"Eén bestuurder, geen hindernis (incl. val)",Geen hindernis
21769,68,Ieper,Ieper,50.85032,2.85608,1.5830452037902423,50.86442506152675,2.859139479879991,2020,8,19,33011,Ieper,Normaal,Droog,Dag,met lichtgewonden,3,Fiets,10,"één bestuurder, geen hindernis",Buiten Kruispunt,Gewestweg,buiten bebouwde kom,"Eén bestuurder, geen hindernis (incl. val)",Geen hindernis
21769,67,Ieper totem,Ieper,50.85018,2.85624,1.5969999694458274,50.86442506152675,2.859139479879991,2020,8,19,33011,Ieper,Normaal,Droog,Dag,met lichtgewonden,3,Fiets,10,"één bestuurder, geen hindernis",Buiten Kruispunt,Gewestweg,buiten bebouwde kom,"Eén bestuurder, geen hindernis (incl. val)",Geen hindernis
21772,62,Wervik teller 1,Wervik,50.8058,3.09154,1.697138881532195,50.81162237544087,3.0692132235254874,2020,8,11,33029,Wervik,Normaal,Droog,Dag,met lichtgewonden,3,Fiets,9,personenauto,Buiten Kruispunt,Gewestweg,binnen bebouwde kom,Tss. 2 best.: langs opzij (voor-/achterkant-flank),Geen hindernis
21772,61,Wervik teller 2,Wervik,50.80555,3.0921,1.7441531443333984,50.81162237544087,3.0692132235254874,2020,8,11,33029,Wervik,Normaal,Droog,Dag,met lichtgewonden,3,Fiets,9,personenauto,Buiten Kruispunt,Gewestweg,binnen bebouwde kom,Tss. 2 best.: langs opzij (voor-/achterkant-flank),Geen hindernis
21774,62,Wervik teller 1,Wervik,50.8058,3.09154,1.8789504408406577,50.80920767494574,3.065349288516954,2020,9,10,33029,Wervik,Normaal,Droog,Dag,met lichtgewonden,9,personenauto,3,Fiets,Buiten Kruispunt,Gemeenteweg,binnen bebouwde kom,Tss. 2 best.: langs opzij (voor-/achterkant-flank),Geen hindernis
21774,61,Wervik teller 2,Wervik,50.80555,3.0921,1.9231992854846178,50.80920767494574,3.065349288516954,2020,9,10,33029,Wervik,Normaal,Droog,Dag,met lichtgewonden,9,personenauto,3,Fiets,Buiten Kruispunt,Gemeenteweg,binnen bebouwde kom,Tss. 2 best.: langs opzij (voor-/achterkant-flank),Geen hindernis
21775,68,Ieper,Ieper,50.85032,2.85608,0.6465446987922054,50.85365540422461,2.863624025129514,2020,9,18,33011,Ieper,Normaal,Droog,Dag,met zwaargewonden,9,personenauto,3,Fiets,Op Kruispunt,Gemeenteweg,binnen bebouwde kom,Tussen 2 bestuurders: Flank tegen flank,Geen hindernis
21775,67,Ieper totem,Ieper,50.85018,2.85624,0.6465599310502674,50.85365540422461,2.863624025129514,2020,9,18,33011,Ieper,Normaal,Droog,Dag,met zwaargewonden,9,personenauto,3,Fiets,Op Kruispunt,Gemeenteweg,binnen bebouwde kom,Tussen 2 bestuurders: Flank tegen flank,Geen hindernis
21776,67,Ieper totem,Ieper,50.85018,2.85624,2.4738708711794355,50.84456229196863,2.8903349103289604,2020,9,18,33011,Ieper,Normaal,Droog,Dag,met lichtgewonden,1,Autobus,3,Fiets,Buiten Kruispunt,Gewestweg,binnen bebouwde kom,Tss. 2 best.: langs opzij (voor-/achterkant-flank),Geen hindernis
21776,68,Ieper,Ieper,50.85032,2.85608,2.488697359752245,50.84456229196863,2.8903349103289604,2020,9,18,33011,Ieper,Normaal,Droog,Dag,met lichtgewonden,1,Autobus,3,Fiets,Buiten Kruispunt,Gewestweg,binnen bebouwde kom,Tss. 2 best.: langs opzij (voor-/achterkant-flank),Geen hindernis
21778,68,Ieper,Ieper,50.85032,2.85608,2.404505955917684,50.87008359815631,2.842177565416621,2020,9,16,33011,Ieper,Normaal,Onbekend,Dag,met zwaargewonden,3,Fiets,9,personenauto,Buiten Kruispunt,Gewestweg,buiten bebouwde kom,Tss. 2 best.: langs opzij (voor-/achterkant-flank),Geen hindernis
21778,67,Ieper totem,Ieper,50.85018,2.85624,2.4232949010349016,50.87008359815631,2.842177565416621,2020,9,16,33011,Ieper,Normaal,Onbekend,Dag,met zwaargewonden,3,Fiets,9,personenauto,Buiten Kruispunt,Gewestweg,buiten bebouwde kom,Tss. 2 best.: langs opzij (voor-/achterkant-flank),Geen hindernis
21779,67,Ieper totem,Ieper,50.85018,2.85624,2.2452273665332947,50.8514737348976,2.8881566770796665,2020,9,18,33011,Ieper,Normaal,Droog,Dag,met lichtgewonden,9,personenauto,3,Fiets,Op Kruispunt,Gewestweg,binnen bebouwde kom,Tss. 2 best.: langs opzij (voor-/achterkant-flank),Geen hindernis
21779,68,Ieper,Ieper,50.85032,2.85608,2.2554943732963846,50.8514737348976,2.8881566770796665,2020,9,18,33011,Ieper,Normaal,Droog,Dag,met lichtgewonden,9,personenauto,3,Fiets,Op Kruispunt,Gewestweg,binnen bebouwde kom,Tss. 2 best.: langs opzij (voor-/achterkant-flank),Geen hindernis
21780,67,Ieper totem,Ieper,50.85018,2.85624,1.433237398917218,50.85621171530491,2.874283482386819,2020,9,11,33011,Ieper,Regenval,"Nat, plassen",Dag,met lichtgewonden,9,personenauto,3,Fiets,Buiten Kruispunt,Gemeenteweg,binnen bebouwde kom,Tss. 2 best.: langs opzij (voor-/achterkant-flank),Geen hindernis
21780,68,Ieper,Ieper,50.85032,2.85608,1.436002781635991,50.85621171530491,2.874283482386819,2020,9,11,33011,Ieper,Regenval,"Nat, plassen",Dag,met lichtgewonden,9,personenauto,3,Fiets,Buiten Kruispunt,Gemeenteweg,binnen bebouwde kom,Tss. 2 best.: langs opzij (voor-/achterkant-flank),Geen hindernis
21781,41,Maasmechelen teller 1,Maasmechelen,50.97025,5.69799,0.7330086409827993,50.963750105598855,5.696245330812442,2020,9,0,73107,Maasmechelen,Normaal,Droog,"Nacht, openb. verlicht. aanw., maar niet ontstoken",met lichtgewonden,9,personenauto,3,Fiets,Op Kruispunt,Gewestweg,binnen bebouwde kom,Tss. 2 best.: langs opzij (voor-/achterkant-flank),Geen hindernis
21781,42,Maasmechelen teller 2,Maasmechelen,50.97043,5.6981,0.7540396311899645,50.963750105598855,5.696245330812442,2020,9,0,73107,Maasmechelen,Normaal,Droog,"Nacht, openb. verlicht. aanw., maar niet ontstoken",met lichtgewonden,9,personenauto,3,Fiets,Op Kruispunt,Gewestweg,binnen bebouwde kom,Tss. 2 best.: langs opzij (voor-/achterkant-flank),Geen hindernis
21783,35,Lanaken teller 1,Lanaken,50.88112,5.6314,1.3296520816013897,50.88740194781432,5.647527775029054,2020,8,17,73042,Lanaken,Normaal,Droog,Dag,met zwaargewonden,5,Lichte vrachtauto,3,Fiets,Buiten Kruispunt,Gewestweg,binnen bebouwde kom,Tussen 2 bestuurders: Frontale botsing,Geen hindernis
21783,36,Lanaken teller 2,Lanaken,50.88131,5.63012,1.3964766019990609,50.88740194781432,5.647527775029054,2020,8,17,73042,Lanaken,Normaal,Droog,Dag,met zwaargewonden,5,Lichte vrachtauto,3,Fiets,Buiten Kruispunt,Gewestweg,binnen bebouwde kom,Tussen 2 bestuurders: Frontale botsing,Geen hindernis
21784,42,Maasmechelen teller 2,Maasmechelen,50.97043,5.6981,1.2500377241407181,50.981529965825445,5.700927769790493,2020,9,10,73107,Maasmechelen,Normaal,Droog,Dag,met lichtgewonden,3,Fiets,9,personenauto,Op Kruispunt,Gemeenteweg,buiten bebouwde kom,Tussen 2 bestuurders: Frontale botsing,Geen hindernis
21784,41,Maasmechelen teller 1,Maasmechelen,50.97025,5.69799,1.2710277485434285,50.981529965825445,5.700927769790493,2020,9,10,73107,Maasmechelen,Normaal,Droog,Dag,met lichtgewonden,3,Fiets,9,personenauto,Op Kruispunt,Gemeenteweg,buiten bebouwde kom,Tussen 2 bestuurders: Frontale botsing,Geen hindernis
21785,41,Maasmechelen teller 1,Maasmechelen,50.97025,5.69799,0.7352127543636039,50.96412197350512,5.694047395122338,2020,8,14,73107,Maasmechelen,Normaal,Droog,Dag,met lichtgewonden,3,Fiets,11,een weggebruiker tegen een hindernis,Buiten Kruispunt,Gemeenteweg,binnen bebouwde kom,Weggebruiker tegen hindernis op de rijbaan,"Op de rijbaan: Put, straatgoot, tramspoor"
21785,42,Maasmechelen teller 2,Maasmechelen,50.97043,5.6981,0.7566555176178772,50.96412197350512,5.694047395122338,2020,8,14,73107,Maasmechelen,Normaal,Droog,Dag,met lichtgewonden,3,Fiets,11,een weggebruiker tegen een hindernis,Buiten Kruispunt,Gemeenteweg,binnen bebouwde kom,Weggebruiker tegen hindernis op de rijbaan,"Op de rijbaan: Put, straatgoot, tramspoor"
21789,136,Gent R4,Gent,51.0876313,3.7587918,1.5045334347103834,51.076592639428995,3.7463362715754713,2020,8,13,44021,Gent,Normaal,Droog,Dag,met lichtgewonden,4,Vrachtwagen,3,Fiets,Op Kruispunt,Gemeenteweg,binnen bebouwde kom,Tussen 2 bestuurders: Flank tegen flank,Geen hindernis
21793,124,Beveren teller 2,Beveren,51.1964712,4.2361077,1.1190758559629415,51.20593109078999,4.241589117885198,2020,9,14,46003,Beveren,Normaal,Droog,Dag,met lichtgewonden,9,personenauto,3,Fiets,Op Kruispunt,Gewestweg,binnen bebouwde kom,Tss. 2 best.: langs opzij (voor-/achterkant-flank),Geen hindernis
21795,124,Beveren teller 2,Beveren,51.1964712,4.2361077,0.31510217343793245,51.199296773373256,4.235763743272178,2020,9,14,46003,Beveren,Normaal,Droog,Dag,met lichtgewonden,5,Lichte vrachtauto,3,Fiets,Op Kruispunt,Gewestweg,buiten bebouwde kom,Tss. 2 best.: langs opzij (voor-/achterkant-flank),Geen hindernis
21796,124,Beveren teller 2,Beveren,51.1964712,4.2361077,2.2436890756870356,51.21263899770193,4.255376692255872,2020,8,8,46003,Beveren,Normaal,Droog+Proper,Dag,met lichtgewonden,9,personenauto,3,Fiets,Op Kruispunt,Gemeenteweg,binnen bebouwde kom,Tss. 2 best.: langs opzij (voor-/achterkant-flank),Geen hindernis
21803,99,Mechelen teller 1,Mechelen,51.04564,4.46882,2.329643022598321,51.02892394986246,4.488905441636526,2020,9,8,12025,Mechelen,Normaal,Droog,Dag,met lichtgewonden,9,personenauto,3,Fiets,Buiten Kruispunt,Gewestweg,binnen bebouwde kom,Tss. 2 best.: langs opzij (voor-/achterkant-flank),Geen hindernis
21803,100,Mechelen teller 2,Mechelen,51.0457,4.46883,2.3345485695230033,51.02892394986246,4.488905441636526,2020,9,8,12025,Mechelen,Normaal,Droog,Dag,met lichtgewonden,9,personenauto,3,Fiets,Buiten Kruispunt,Gewestweg,binnen bebouwde kom,Tss. 2 best.: langs opzij (voor-/achterkant-flank),Geen hindernis
21805,99,Mechelen teller 1,Mechelen,51.04564,4.46882,2.0081369707685788,51.02921541637957,4.480761287295328,2020,8,11,12025,Mechelen,Normaal,Droog,Dag,met lichtgewonden,3,Fiets,3,Fiets,Op Kruispunt,Gewestweg,binnen bebouwde kom,Tss. 2 best.: langs opzij (voor-/achterkant-flank),Geen hindernis
21805,100,Mechelen teller 2,Mechelen,51.0457,4.46883,2.013916590738103,51.02921541637957,4.480761287295328,2020,8,11,12025,Mechelen,Normaal,Droog,Dag,met lichtgewonden,3,Fiets,3,Fiets,Op Kruispunt,Gewestweg,binnen bebouwde kom,Tss. 2 best.: langs opzij (voor-/achterkant-flank),Geen hindernis
21806,99,Mechelen teller 1,Mechelen,51.04564,4.46882,1.7997144270220389,51.0303297174618,4.47716827888789,2020,9,21,12025,Mechelen,Normaal,Droog,"Nacht, openbare verlichting aanwezig en ontstoken",met lichtgewonden,3,Fiets,3,Fiets,Op Kruispunt,Gemeenteweg,binnen bebouwde kom,Tussen 2 bestuurders: Flank tegen flank,Geen hindernis
21806,100,Mechelen teller 2,Mechelen,51.0457,4.46883,1.8058007783139023,51.0303297174618,4.47716827888789,2020,9,21,12025,Mechelen,Normaal,Droog,"Nacht, openbare verlichting aanwezig en ontstoken",met lichtgewonden,3,Fiets,3,Fiets,Op Kruispunt,Gemeenteweg,binnen bebouwde kom,Tussen 2 bestuurders: Flank tegen flank,Geen hindernis
21808,99,Mechelen teller 1,Mechelen,51.04564,4.46882,2.3149400282924724,51.02904973151403,4.488821322341679,2020,9,20,12025,Mechelen,Normaal,Droog,"Nacht, openbare verlichting aanwezig en ontstoken",met lichtgewonden,9,personenauto,3,Fiets,Op Kruispunt,Gewestweg,binnen bebouwde kom,Tss. 2 best.: langs opzij (voor-/achterkant-flank),Geen hindernis
21808,100,Mechelen teller 2,Mechelen,51.0457,4.46883,2.3198382212194653,51.02904973151403,4.488821322341679,2020,9,20,12025,Mechelen,Normaal,Droog,"Nacht, openbare verlichting aanwezig en ontstoken",met lichtgewonden,9,personenauto,3,Fiets,Op Kruispunt,Gewestweg,binnen bebouwde kom,Tss. 2 best.: langs opzij (voor-/achterkant-flank),Geen hindernis
21811,99,Mechelen teller 1,Mechelen,51.04564,4.46882,0.8301598974959156,51.0405715144928,4.477538566410709,2020,9,12,12025,Mechelen,Normaal,Droog,Dag,met zwaargewonden,9,personenauto,3,Fiets,Op Kruispunt,Gemeenteweg,binnen bebouwde kom,Tussen 2 bestuurders: Frontale botsing,Geen hindernis
21811,100,Mechelen teller 2,Mechelen,51.0457,4.46883,0.8341929622226876,51.0405715144928,4.477538566410709,2020,9,12,12025,Mechelen,Normaal,Droog,Dag,met zwaargewonden,9,personenauto,3,Fiets,Op Kruispunt,Gemeenteweg,binnen bebouwde kom,Tussen 2 bestuurders: Frontale botsing,Geen hindernis
21812,99,Mechelen teller 1,Mechelen,51.04564,4.46882,2.101583402666166,51.026868821493785,4.4723231258177965,2020,9,8,12025,Mechelen,Normaal,"Nat, plassen",Dag,met zwaargewonden,9,personenauto,3,Fiets,Op Kruispunt,Gewestweg,binnen bebouwde kom,Tussen 2 bestuurders: Frontale botsing,Geen hindernis
21812,100,Mechelen teller 2,Mechelen,51.0457,4.46883,2.108128624834368,51.026868821493785,4.4723231258177965,2020,9,8,12025,Mechelen,Normaal,"Nat, plassen",Dag,met zwaargewonden,9,personenauto,3,Fiets,Op Kruispunt,Gewestweg,binnen bebouwde kom,Tussen 2 bestuurders: Frontale botsing,Geen hindernis
21813,30,Herk De Stad,Herk-de-Stad,50.94374,5.17691,1.741908011585568,50.93077237849991,5.162963207667259,2020,8,17,71024,Herk-de-Stad,Normaal,Droog,Dag,met lichtgewonden,5,Lichte vrachtauto,3,Fiets,Op Kruispunt,Gemeenteweg,buiten bebouwde kom,Tussen 2 bestuurders: Flank tegen flank,Geen hindernis
21813,31,Herk De Stad,Herk-de-Stad,50.94366,5.1775,1.7581768497723873,50.93077237849991,5.162963207667259,2020,8,17,71024,Herk-de-Stad,Normaal,Droog,Dag,met lichtgewonden,5,Lichte vrachtauto,3,Fiets,Op Kruispunt,Gemeenteweg,buiten bebouwde kom,Tussen 2 bestuurders: Flank tegen flank,Geen hindernis
21814,140,Hasselt ring,Hasselt,50.9300038,5.3438616,0.285344911225395,50.927470351001304,5.344509687615561,2020,8,17,71022,Hasselt,Normaal,Droog,Dag,met lichtgewonden,1,Autobus,3,Fiets,Op Kruispunt,Gemeenteweg,binnen bebouwde kom,Tussen 2 bestuurders: Frontale botsing,Geen hindernis
21814,138,Hasselt-Kempische brug,Hasselt,50.9405318,5.3422472,1.4609951705183015,50.927470351001304,5.344509687615561,2020,8,17,71022,Hasselt,Normaal,Droog,Dag,met lichtgewonden,1,Autobus,3,Fiets,Op Kruispunt,Gemeenteweg,binnen bebouwde kom,Tussen 2 bestuurders: Frontale botsing,Geen hindernis
21814,137,Hasselt-Kempische brug,Hasselt,50.9411605,5.3417576,1.534442881153567,50.927470351001304,5.344509687615561,2020,8,17,71022,Hasselt,Normaal,Droog,Dag,met lichtgewonden,1,Autobus,3,Fiets,Op Kruispunt,Gemeenteweg,binnen bebouwde kom,Tussen 2 bestuurders: Frontale botsing,Geen hindernis
21816,33,Lummen,Lummen,50.97978,5.20936,1.6413891189639933,50.99112507557455,5.19435820007338,2020,8,11,71037,Lummen,Normaal,Droog,Dag,met lichtgewonden,9,personenauto,3,Fiets,Buiten Kruispunt,Gewestweg,binnen bebouwde kom,Tss. 2 best.: langs opzij (voor-/achterkant-flank),Geen hindernis
21816,32,Lummen,Lummen,50.97971,5.20961,1.658589368721018,50.99112507557455,5.19435820007338,2020,8,11,71037,Lummen,Normaal,Droog,Dag,met lichtgewonden,9,personenauto,3,Fiets,Buiten Kruispunt,Gewestweg,binnen bebouwde kom,Tss. 2 best.: langs opzij (voor-/achterkant-flank),Geen hindernis
21817,140,Hasselt ring,Hasselt,50.9300038,5.3438616,0.5128720507816035,50.92667365728638,5.3387984641484545,2020,8,15,71022,Hasselt,Normaal,Droog,Dag,met zwaargewonden,9,personenauto,3,Fiets,Buiten Kruispunt,Gemeenteweg,binnen bebouwde kom,Tss. 2 best.: langs opzij (voor-/achterkant-flank),Geen hindernis
21817,138,Hasselt-Kempische brug,Hasselt,50.9405318,5.3422472,1.5597920254869564,50.92667365728638,5.3387984641484545,2020,8,15,71022,Hasselt,Normaal,Droog,Dag,met zwaargewonden,9,personenauto,3,Fiets,Buiten Kruispunt,Gemeenteweg,binnen bebouwde kom,Tss. 2 best.: langs opzij (voor-/achterkant-flank),Geen hindernis
21817,137,Hasselt-Kempische brug,Hasselt,50.9411605,5.3417576,1.6241557745097397,50.92667365728638,5.3387984641484545,2020,8,15,71022,Hasselt,Normaal,Droog,Dag,met zwaargewonden,9,personenauto,3,Fiets,Buiten Kruispunt,Gemeenteweg,binnen bebouwde kom,Tss. 2 best.: langs opzij (voor-/achterkant-flank),Geen hindernis