crash_row_id,site_id,site_name,site_gemeente,site_lat,site_long,distance_km,crash_lat,crash_long,DT_YEAR_COLLISION,DT_MONTH_COLLISION,DT_TIME,CD_NIS,TX_MUNTY_COLLISION_NL,TX_WEATHER_NL,TX_ROAD_CONDITION_NL,TX_LIGHT_CONDITION_NL,TX_CLASS_ACCIDENTS_NL,CD_ROAD_USR_TYPE1,TX_ROAD_USR_TYPE1_NL,CD_ROAD_USR_TYPE2,TX_ROAD_USR_TYPE2_NL,TX_CROSSWAY_NL,CD_ROAD_TYPE_NL,TX_BUILD_UP_AREA_NL,TX_COLLISION_TYPE_NL,TX_OBSTACLES_NL
21818,33,Lummen,Lummen,50.97978,5.20936,2.3577266038246334,50.977601414563836,5.175860932430871,2020,8,11,71037,Lummen,Normaal,Droog,Dag,met lichtgewonden,3,Fiets,5,Lichte vrachtauto,Op Kruispunt,Gemeenteweg,binnen bebouwde kom,Tss. 2 best.: langs opzij (voor-/achterkant-flank),Geen hindernis
21818,32,Lummen,Lummen,50.97971,5.20961,2.3743575165343316,50.977601414563836,5.175860932430871,2020,8,11,71037,Lummen,Normaal,Droog,Dag,met lichtgewonden,3,Fiets,5,Lichte vrachtauto,Op Kruispunt,Gemeenteweg,binnen bebouwde kom,Tss. 2 best.: langs opzij (voor-/achterkant-flank),Geen hindernis
21822,140,Hasselt ring,Hasselt,50.9300038,5.3438616,0.7036750562827581,50.92881490570327,5.353723321695311,2020,9,17,71022,Hasselt,Normaal,Droog,Dag,met lichtgewonden,9,personenauto,3,Fiets,Op Kruispunt,Gewestweg,binnen bebouwde kom,Tss. 2 best.: langs opzij (voor-/achterkant-flank),Geen hindernis
21822,138,Hasselt-Kempische brug,Hasselt,50.9405318,5.3422472,1.5310700898867902,50.92881490570327,5.353723321695311,2020,9,17,71022,Hasselt,Normaal,Droog,Dag,met lichtgewonden,9,personenauto,3,Fiets,Op Kruispunt,Gewestweg,binnen bebouwde kom,Tss. 2 best.: langs opzij (voor-/achterkant-flank),Geen hindernis
21822,137,Hasselt-Kempische brug,Hasselt,50.9411605,5.3417576,1.608593838357877,50.92881490570327,5.353723321695311,2020,9,17,71022,Hasselt,Normaal,Droog,Dag,met lichtgewonden,9,personenauto,3,Fiets,Op Kruispunt,Gewestweg,binnen bebouwde kom,Tss. 2 best.: langs opzij (voor-/achterkant-flank),Geen hindernis
21823,137,Hasselt-Kempische brug,Hasselt,50.9411605,5.3417576,0.5130402209130027,50.94459122847532,5.346653888571661,2020,9,7,71022,Hasselt,Normaal,Droog,Dag,met lichtgewonden,3,Fiets,9,personenauto,Op Kruispunt,Gemeenteweg,binnen bebouwde kom,Tss. 2 best.: langs opzij (voor-/achterkant-flank),Geen hindernis
21823,138,Hasselt-Kempische brug,Hasselt,50.9405318,5.3422472,0.546879540252465,50.94459122847532,5.346653888571661,2020,9,7,71022,Hasselt,Normaal,Droog,Dag,met lichtgewonden,3,Fiets,9,personenauto,Op Kruispunt,Gemeenteweg,binnen bebouwde kom,Tss. 2 best.: langs opzij (voor-/achterkant-flank),Geen hindernis
21823,140,Hasselt ring,Hasselt,50.9300038,5.3438616,1.6338062624174854,50.94459122847532,5.346653888571661,2020,9,7,71022,Hasselt,Normaal,Droog,Dag,met lichtgewonden,3,Fiets,9,personenauto,Op Kruispunt,Gemeenteweg,binnen bebouwde kom,Tss. 2 best.: langs opzij (voor-/achterkant-flank),Geen hindernis
21824,32,Lummen,Lummen,50.97971,5.20961,1.6975977768772126,50.991136277789955,5.225693863217723,2020,9,15,71037,Lummen,Normaal,"Nat, plassen",Dag,met lichtgewonden,7,Motorfiets,3,Fiets,Op Kruispunt,Gemeenteweg,buiten bebouwde kom,Tss. 2 best.: langs opzij (voor-/achterkant-flank),Geen hindernis
21824,33,Lummen,Lummen,50.97978,5.20936,1.7034754837862442,50.991136277789955,5.225693863217723,2020,9,15,71037,Lummen,Normaal,"Nat, plassen",Dag,met lichtgewonden,7,Motorfiets,3,Fiets,Op Kruispunt,Gemeenteweg,buiten bebouwde kom,Tss. 2 best.: langs opzij (voor-/achterkant-flank),Geen hindernis
21825,140,Hasselt ring,Hasselt,50.9300038,5.3438616,0.38415969232397074,50.930590247640374,5.338459600100387,2020,8,16,71022,Hasselt,Normaal,Droog,Dag,met lichtgewonden,6,Bromfiets,3,Fiets,Buiten Kruispunt,Gemeenteweg,binnen bebouwde kom,Tss. 2 best.: langs opzij (voor-/achterkant-flank),Geen hindernis
21825,138,Hasselt-Kempische brug,Hasselt,50.9405318,5.3422472,1.136866108442839,50.930590247640374,5.338459600100387,2020,8,16,71022,Hasselt,Normaal,Droog,Dag,met lichtgewonden,6,Bromfiets,3,Fiets,Buiten Kruispunt,Gemeenteweg,binnen bebouwde kom,Tss. 2 best.: langs opzij (voor-/achterkant-flank),Geen hindernis
21825,137,Hasselt-Kempische brug,Hasselt,50.9411605,5.3417576,1.1978632586236275,50.930590247640374,5.338459600100387,2020,8,16,71022,Hasselt,Normaal,Droog,Dag,met lichtgewonden,6,Bromfiets,3,Fiets,Buiten Kruispunt,Gemeenteweg,binnen bebouwde kom,Tss. 2 best.: langs opzij (voor-/achterkant-flank),Geen hindernis
21826,137,Hasselt-Kempische brug,Hasselt,50.9411605,5.3417576,1.8831166755913968,50.93545285752846,5.316455203713214,2020,8,17,71022,Hasselt,Onbekend,Onbekend,Onbekend,met lichtgewonden,6,Bromfiets,3,Fiets,Buiten Kruispunt,Gewestweg,onbekend,Tussen 2 bestuurders: Frontale botsing,Geen hindernis
21826,138,Hasselt-Kempische brug,Hasselt,50.9405318,5.3422472,1.893448517563852,50.93545285752846,5.316455203713214,2020,8,17,71022,Hasselt,Onbekend,Onbekend,Onbekend,met lichtgewonden,6,Bromfiets,3,Fiets,Buiten Kruispunt,Gewestweg,onbekend,Tussen 2 bestuurders: Frontale botsing,Geen hindernis
21826,140,Hasselt ring,Hasselt,50.9300038,5.3438616,2.013911726935997,50.93545285752846,5.316455203713214,2020,8,17,71022,Hasselt,Onbekend,Onbekend,Onbekend,met lichtgewonden,6,Bromfiets,3,Fiets,Buiten Kruispunt,Gewestweg,onbekend,Tussen 2 bestuurders: Frontale botsing,Geen hindernis
21829,140,Hasselt ring,Hasselt,50.9300038,5.3438616,2.043765156327109,50.911798070606224,5.3398558498583455,2020,8,14,71022,Hasselt,Normaal,Droog+Proper,Dag,met lichtgewonden,3,Fiets,9,personenauto,Buiten Kruispunt,Gemeenteweg,buiten bebouwde kom,Tss. 2 best.: langs opzij (voor-/achterkant-flank),Geen hindernis
21831,140,Hasselt ring,Hasselt,50.9300038,5.3438616,0.7908814406108368,50.93072431022947,5.332634599402977,2020,8,18,71022,Hasselt,Normaal,Droog,Dag,met lichtgewonden,3,Fiets,3,Fiets,Op Kruispunt,Gewestweg,binnen bebouwde kom,Tss. 2 best.: langs opzij (voor-/achterkant-flank),Geen hindernis
21831,138,Hasselt-Kempische brug,Hasselt,50.9405318,5.3422472,1.2818018129392839,50.93072431022947,5.332634599402977,2020,8,18,71022,Hasselt,Normaal,Droog,Dag,met lichtgewonden,3,Fiets,3,Fiets,Op Kruispunt,Gewestweg,binnen bebouwde kom,Tss. 2 best.: langs opzij (voor-/achterkant-flank),Geen hindernis
21831,137,Hasselt-Kempische brug,Hasselt,50.9411605,5.3417576,1.324888882618985,50.93072431022947,5.332634599402977,2020,8,18,71022,Hasselt,Normaal,Droog,Dag,met lichtgewonden,3,Fiets,3,Fiets,Op Kruispunt,Gewestweg,binnen bebouwde kom,Tss. 2 best.: langs opzij (voor-/achterkant-flank),Geen hindernis
21832,32,Lummen,Lummen,50.97971,5.20961,2.49667244656286,50.99550804998018,5.23495607539718,2020,9,17,71037,Lummen,Normaal,Droog,Dag,met zwaargewonden,3,Fiets,9,personenauto,Op Kruispunt,Gemeenteweg,buiten bebouwde kom,Tss. 2 best.: langs opzij (voor-/achterkant-flank),Geen hindernis
21834,140,Hasselt ring,Hasselt,50.9300038,5.3438616,0.7737770478361401,50.93111810830106,5.332963037645717,2020,8,12,71022,Hasselt,Normaal,Droog,Dag,met lichtgewonden,3,Fiets,3,Fiets,Buiten Kruispunt,Gewestweg,binnen bebouwde kom,Tussen 2 bestuurders: Frontale botsing,Geen hindernis
21834,138,Hasselt-Kempische brug,Hasselt,50.9405318,5.3422472,1.2324558947004989,50.93111810830106,5.332963037645717,2020,8,12,71022,Hasselt,Normaal,Droog,Dag,met lichtgewonden,3,Fiets,3,Fiets,Buiten Kruispunt,Gewestweg,binnen bebouwde kom,Tussen 2 bestuurders: Frontale botsing,Geen hindernis
21834,137,Hasselt-Kempische brug,Hasselt,50.9411605,5.3417576,1.275429276861439,50.93111810830106,5.332963037645717,2020,8,12,71022,Hasselt,Normaal,Droog,Dag,met lichtgewonden,3,Fiets,3,Fiets,Buiten Kruispunt,Gewestweg,binnen bebouwde kom,Tussen 2 bestuurders: Frontale botsing,Geen hindernis
21835,140,Hasselt ring,Hasselt,50.9300038,5.3438616,0.6870426076119012,50.92468982108866,5.338860059551976,2020,8,18,71022,Hasselt,Normaal,Droog,Dag,met lichtgewonden,9,personenauto,3,Fiets,Op Kruispunt,Gewestweg,binnen bebouwde kom,Tss. 2 best.: langs opzij (voor-/achterkant-flank),Geen hindernis
21835,138,Hasselt-Kempische brug,Hasselt,50.9405318,5.3422472,1.777468211906615,50.92468982108866,5.338860059551976,2020,8,18,71022,Hasselt,Normaal,Droog,Dag,met lichtgewonden,9,personenauto,3,Fiets,Op Kruispunt,Gewestweg,binnen bebouwde kom,Tss. 2 best.: langs opzij (voor-/achterkant-flank),Geen hindernis
21835,137,Hasselt-Kempische brug,Hasselt,50.9411605,5.3417576,1.8426779719304314,50.92468982108866,5.338860059551976,2020,8,18,71022,Hasselt,Normaal,Droog,Dag,met lichtgewonden,9,personenauto,3,Fiets,Op Kruispunt,Gewestweg,binnen bebouwde kom,Tss. 2 best.: langs opzij (voor-/achterkant-flank),Geen hindernis
21836,140,Hasselt ring,Hasselt,50.9300038,5.3438616,1.3645616047142048,50.92483353688677,5.326204284561296,2020,8,15,71022,Hasselt,Normaal,Droog,Dag,met lichtgewonden,1,Autobus,3,Fiets,Buiten Kruispunt,Gemeenteweg,binnen bebouwde kom,Tss. 2 best.: langs opzij (voor-/achterkant-flank),Geen hindernis
21836,138,Hasselt-Kempische brug,Hasselt,50.9405318,5.3422472,2.076290187535562,50.92483353688677,5.326204284561296,2020,8,15,71022,Hasselt,Normaal,Droog,Dag,met lichtgewonden,1,Autobus,3,Fiets,Buiten Kruispunt,Gemeenteweg,binnen bebouwde kom,Tss. 2 best.: langs opzij (voor-/achterkant-flank),Geen hindernis
21836,137,Hasselt-Kempische brug,Hasselt,50.9411605,5.3417576,2.1175315704556668,50.92483353688677,5.326204284561296,2020,8,15,71022,Hasselt,Normaal,Droog,Dag,met lichtgewonden,1,Autobus,3,Fiets,Buiten Kruispunt,Gemeenteweg,binnen bebouwde kom,Tss. 2 best.: langs opzij (voor-/achterkant-flank),Geen hindernis
21838,140,Hasselt ring,Hasselt,50.9300038,5.3438616,0.5894749480162504,50.9349728440779,5.346792556695761,2020,8,20,71022,Hasselt,Normaal,Droog,Dageraad - schemering,met lichtgewonden,3,Fiets,6,Bromfiets,Op Kruispunt,Gemeenteweg,binnen bebouwde kom,Tussen 2 bestuurders: Flank tegen flank,Geen hindernis
21838,138,Hasselt-Kempische brug,Hasselt,50.9405318,5.3422472,0.6953580717151877,50.9349728440779,5.346792556695761,2020,8,20,71022,Hasselt,Normaal,Droog,Dageraad - schemering,met lichtgewonden,3,Fiets,6,Bromfiets,Op Kruispunt,Gemeenteweg,binnen bebouwde kom,Tussen 2 bestuurders: Flank tegen flank,Geen hindernis
21838,137,Hasselt-Kempische brug,Hasselt,50.9411605,5.3417576,0.7732160322711281,50.9349728440779,5.346792556695761,2020,8,20,71022,Hasselt,Normaal,Droog,Dageraad - schemering,met lichtgewonden,3,Fiets,6,Bromfiets,Op Kruispunt,Gemeenteweg,binnen bebouwde kom,Tussen 2 bestuurders: Flank tegen flank,Geen hindernis
21841,137,Hasselt-Kempische brug,Hasselt,50.9411605,5.3417576,2.101425493682945,50.93826958557392,5.312119391966364,2020,8,21,71022,Hasselt,Normaal,Droog,"Nacht, openbare verlichting aanwezig en ontstoken",met lichtgewonden,9,personenauto,3,Fiets,Buiten Kruispunt,Gewestweg,buiten bebouwde kom,Tss. 2 best.: langs opzij (voor-/achterkant-flank),Geen hindernis
21841,138,Hasselt-Kempische brug,Hasselt,50.9405318,5.3422472,2.125947332766317,50.93826958557392,5.312119391966364,2020,8,21,71022,Hasselt,Normaal,Droog,"Nacht, openbare verlichting aanwezig en ontstoken",met lichtgewonden,9,personenauto,3,Fiets,Buiten Kruispunt,Gewestweg,buiten bebouwde kom,Tss. 2 best.: langs opzij (voor-/achterkant-flank),Geen hindernis
21841,140,Hasselt ring,Hasselt,50.9300038,5.3438616,2.4067928645759484,50.93826958557392,5.312119391966364,2020,8,21,71022,Hasselt,Normaal,Droog,"Nacht, openbare verlichting aanwezig en ontstoken",met lichtgewonden,9,personenauto,3,Fiets,Buiten Kruispunt,Gewestweg,buiten bebouwde kom,Tss. 2 best.: langs opzij (voor-/achterkant-flank),Geen hindernis
21847,151,Leuven,District Leuven,50.8690262,4.6854839,0.6876911151472866,50.87409278798518,4.691103966678823,2020,9,19,24062,Leuven,Onbekend,Onbekend,Dag,met lichtgewonden,3,Fiets,9,personenauto,Op Kruispunt,Gemeenteweg,binnen bebouwde kom,Tss. 2 best.: langs opzij (voor-/achterkant-flank),Geen hindernis
21847,69,Leuven teller 1,Leuven,50.87549,4.71526,1.7020356883949836,50.87409278798518,4.691103966678823,2020,9,19,24062,Leuven,Onbekend,Onbekend,Dag,met lichtgewonden,3,Fiets,9,personenauto,Op Kruispunt,Gemeenteweg,binnen bebouwde kom,Tss. 2 best.: langs opzij (voor-/achterkant-flank),Geen hindernis
21847,77,Leuven teller 2,Leuven,50.88672,4.70796,1.8357377131618817,50.87409278798518,4.691103966678823,2020,9,19,24062,Leuven,Onbekend,Onbekend,Dag,met lichtgewonden,3,Fiets,9,personenauto,Op Kruispunt,Gemeenteweg,binnen bebouwde kom,Tss. 2 best.: langs opzij (voor-/achterkant-flank),Geen hindernis
21847,107,leuven totem,Leuven,50.8870744,4.7087919,1.9035711051298525,50.87409278798518,4.691103966678823,2020,9,19,24062,Leuven,Onbekend,Onbekend,Dag,met lichtgewonden,3,Fiets,9,personenauto,Op Kruispunt,Gemeenteweg,binnen bebouwde kom,Tss. 2 best.: langs opzij (voor-/achterkant-flank),Geen hindernis
21848,108,Heverlee teller 1,Leuven,50.8471728,4.6954674,2.1586620091460698,50.843699249817796,4.665217810161663,2020,9,0,24086,Oud-Heverlee,Normaal,Proper,"Nacht, geen openbare verlichting aanwezig",met lichtgewonden,3,Fiets,11,een weggebruiker tegen een hindernis,Buiten Kruispunt,Gemeenteweg,binnen bebouwde kom,Weggebruiker tegen hindernis op de rijbaan,"Op de rijbaan: Put, straatgoot, tramspoor"
21848,76,Heverlee teller 2,Leuven,50.84606,4.69597,2.1750387051675775,50.843699249817796,4.665217810161663,2020,9,0,24086,Oud-Heverlee,Normaal,Proper,"Nacht, geen openbare verlichting aanwezig",met lichtgewonden,3,Fiets,11,een weggebruiker tegen een hindernis,Buiten Kruispunt,Gemeenteweg,binnen bebouwde kom,Weggebruiker tegen hindernis op de rijbaan,"Op de rijbaan: Put, straatgoot, tramspoor"
21853,76,Heverlee teller 2,Leuven,50.84606,4.69597,2.1621624234119974,50.82690972769833,4.701308589388184,2020,7,15,24086,Oud-Heverlee,Normaal,Droog,Dag,met lichtgewonden,3,Fiets,3,Fiets,Buiten Kruispunt,Gewestweg,binnen bebouwde kom,Tussen 2 bestuurders: Flank tegen flank,Geen hindernis
21853,108,Heverlee teller 1,Leuven,50.8471728,4.6954674,2.29018335882865,50.82690972769833,4.701308589388184,2020,7,15,24086,Oud-Heverlee,Normaal,Droog,Dag,met lichtgewonden,3,Fiets,3,Fiets,Buiten Kruispunt,Gewestweg,binnen bebouwde kom,Tussen 2 bestuurders: Flank tegen flank,Geen hindernis
21857,139,Houthalen-Helchteren,Houthalen-Helchteren,51.0644267,5.3819796,1.0265436664918857,51.0595336904914,5.394436015160333,2020,9,17,72039,Houthalen-Helchteren,Normaal,Droog,Dag,met lichtgewonden,9,personenauto,3,Fiets,Op Kruispunt,Gewestweg,buiten bebouwde kom,Tss. 2 best.: langs opzij (voor-/achterkant-flank),Geen hindernis
21860,25,Bree,Bree,51.13679500160176,5.597669323604317,0.9938846354976709,51.145192300940245,5.602550069365687,2020,9,15,72004,Bree,Normaal,Droog,Dag,met lichtgewonden,3,Fiets,9,personenauto,Buiten Kruispunt,Gewestweg,binnen bebouwde kom,Tss. 2 best.: langs opzij (voor-/achterkant-flank),Geen hindernis
21862,14,Genk,Genk,50.97172,5.48927,1.0329204050301803,50.97851524224775,5.4993289030676324,2020,9,16,71016,Genk,Normaal,Droog,Dag,met lichtgewonden,3,Fiets,10,"één bestuurder, geen hindernis",Buiten Kruispunt,Gemeenteweg,buiten bebouwde kom,"Eén bestuurder, geen hindernis (incl. val)",Geen hindernis
21863,14,Genk,Genk,50.97172,5.48927,1.1136303283594635,50.9636031455935,5.4985859355887765,2020,9,14,71016,Genk,Normaal,Droog,Dag,met lichtgewonden,9,personenauto,3,Fiets,Op Kruispunt,Gewestweg,binnen bebouwde kom,Tussen 2 bestuurders: Flank tegen flank,Geen hindernis
21865,139,Houthalen-Helchteren,Houthalen-Helchteren,51.0644267,5.3819796,1.6288040259146248,51.0500118860244,5.377836175295094,2020,9,9,72039,Houthalen-Helchteren,Normaal,Proper,Dag,met lichtgewonden,9,personenauto,3,Fiets,Op Kruispunt,Gemeenteweg,binnen bebouwde kom,Tussen 2 bestuurders: Flank tegen flank,Geen hindernis
21868,14,Genk,Genk,50.97172,5.48927,0.6791775511581909,50.97778767072863,5.490382748668743,2020,9,17,71016,Genk,Normaal,Droog,Dag,met lichtgewonden,9,personenauto,3,Fiets,Buiten Kruispunt,Gemeenteweg,buiten bebouwde kom,Tss. 2 best.: langs opzij (voor-/achterkant-flank),Geen hindernis
21871,139,Houthalen-Helchteren,Houthalen-Helchteren,51.0644267,5.3819796,0.4432747870691858,51.068207193582595,5.379966897128805,2020,8,11,72039,Houthalen-Helchteren,Normaal,Droog,Dag,met lichtgewonden,3,Fiets,10,"één bestuurder, geen hindernis",Buiten Kruispunt,Gemeenteweg,buiten bebouwde kom,"Eén bestuurder, geen hindernis (incl. val)",Geen hindernis
21874,139,Houthalen-Helchteren,Houthalen-Helchteren,51.0644267,5.3819796,0.8096719961911889,51.06766947772376,5.392354153427411,2020,8,10,72039,Houthalen-Helchteren,Normaal,Droog,Dag,met lichtgewonden,3,Fiets,3,Fiets,Buiten Kruispunt,Gemeenteweg,buiten bebouwde kom,Kettingbotsing (3 bestuurders of meer),Geen hindernis
21875,25,Bree,Bree,51.13679500160176,5.597669323604317,0.25891936649147984,51.13774151686009,5.594278708474728,2020,8,14,72004,Bree,Normaal,Droog,Dag,met lichtgewonden,3,Fiets,2,Andere weggebruiker,Op Kruispunt,Gewestweg,buiten bebouwde kom,Tussen 2 bestuurders: Flank tegen flank,Geen hindernis
21881,14,Genk,Genk,50.97172,5.48927,0.703029729142124,50.967015882796616,5.495978155679936,2020,7,14,71016,Genk,Normaal,Droog,Dag,met lichtgewonden,9,personenauto,3,Fiets,Buiten Kruispunt,Gewestweg,buiten bebouwde kom,Tss. 2 best.: langs opzij (voor-/achterkant-flank),Geen hindernis
21883,23,Tienen 3,Tienen,50.81324,4.93447,1.2295333392932806,50.80219350944911,4.935249186681847,2020,9,14,24107,Tienen,Normaal,Droog,Dag,met lichtgewonden,9,personenauto,3,Fiets,Buiten Kruispunt,Gemeenteweg,binnen bebouwde kom,Tss. 2 best.: langs opzij (voor-/achterkant-flank),Geen hindernis
21883,22,Tienen 2,Tienen,50.81330800184882,4.935984252796022,1.236954011859879,50.80219350944911,4.935249186681847,2020,9,14,24107,Tienen,Normaal,Droog,Dag,met lichtgewonden,9,personenauto,3,Fiets,Buiten Kruispunt,Gemeenteweg,binnen bebouwde kom,Tss. 2 best.: langs opzij (voor-/achterkant-flank),Geen hindernis
21883,24,Tienen 1,Tienen,50.8133795491886,4.935044252605416,1.2439142214403445,50.80219350944911,4.935249186681847,2020,9,14,24107,Tienen,Normaal,Droog,Dag,met lichtgewonden,9,personenauto,3,Fiets,Buiten Kruispunt,Gemeenteweg,binnen bebouwde kom,Tss. 2 best.: langs opzij (voor-/achterkant-flank),Geen hindernis
21884,22,Tienen 2,Tienen,50.81330800184882,4.935984252796022,0.8453945330908561,50.81047921852656,4.947152665898049,2020,9,17,24107,Tienen,Normaal,Droog,Dag,met zwaargewonden,3,Fiets,10,"één bestuurder, geen hindernis",Buiten Kruispunt,Gewestweg,binnen bebouwde kom,"Eén bestuurder, geen hindernis (incl. val)",Geen hindernis
21884,24,Tienen 1,Tienen,50.8133795491886,4.935044252605416,0.9098196022246499,50.81047921852656,4.947152665898049,2020,9,17,24107,Tienen,Normaal,Droog,Dag,met zwaargewonden,3,Fiets,10,"één bestuurder, geen hindernis",Buiten Kruispunt,Gewestweg,binnen bebouwde kom,"Eén bestuurder, geen hindernis (incl. val)",Geen hindernis
21884,23,Tienen 3,Tienen,50.81324,4.93447,0.9424884554140028,50.81047921852656,4.947152665898049,2020,9,17,24107,Tienen,Normaal,Droog,Dag,met zwaargewonden,3,Fiets,10,"één bestuurder, geen hindernis",Buiten Kruispunt,Gewestweg,binnen bebouwde kom,"Eén bestuurder, geen hindernis (incl. val)",Geen hindernis
21885,23,Tienen 3,Tienen,50.81324,4.93447,0.5675676535312008,50.81181699436305,4.926712126882958,2020,9,11,24107,Tienen,Normaal,Droog,Dag,met lichtgewonden,4,Vrachtwagen,3,Fiets,Op Kruispunt,Gewestweg,binnen bebouwde kom,Tussen 2 bestuurders: Flank tegen flank,Geen hindernis
21885,24,Tienen 1,Tienen,50.8133795491886,4.935044252605416,0.6106508658576343,50.81181699436305,4.926712126882958,2020,9,11,24107,Tienen,Normaal,Droog,Dag,met lichtgewonden,4,Vrachtwagen,3,Fiets,Op Kruispunt,Gewestweg,binnen bebouwde kom,Tussen 2 bestuurders: Flank tegen flank,Geen hindernis
21885,22,Tienen 2,Tienen,50.81330800184882,4.935984252796022,0.6722212105044151,50.81181699436305,4.926712126882958,2020,9,11,24107,Tienen,Normaal,Droog,Dag,met lichtgewonden,4,Vrachtwagen,3,Fiets,Op Kruispunt,Gewestweg,binnen bebouwde kom,Tussen 2 bestuurders: Flank tegen flank,Geen hindernis
21887,23,Tienen 3,Tienen,50.81324,4.93447,1.0933315435158322,50.80340765073429,4.934366498833233,2020,9,8,24107,Tienen,Normaal,Droog,Dag,met lichtgewonden,9,personenauto,3,Fiets,Op Kruispunt,Gemeenteweg,binnen bebouwde kom,Tss. 2 best.: langs opzij (voor-/achterkant-flank),Geen hindernis
21887,22,Tienen 2,Tienen,50.81330800184882,4.935984252796022,1.1067220426896343,50.80340765073429,4.934366498833233,2020,9,8,24107,Tienen,Normaal,Droog,Dag,met lichtgewonden,9,personenauto,3,Fiets,Op Kruispunt,Gemeenteweg,binnen bebouwde kom,Tss. 2 best.: langs opzij (voor-/achterkant-flank),Geen hindernis
21887,24,Tienen 1,Tienen,50.8133795491886,4.935044252605416,1.1098467250950612,50.80340765073429,4.934366498833233,2020,9,8,24107,Tienen,Normaal,Droog,Dag,met lichtgewonden,9,personenauto,3,Fiets,Op Kruispunt,Gemeenteweg,binnen bebouwde kom,Tss. 2 best.: langs opzij (voor-/achterkant-flank),Geen hindernis
21890,22,Tienen 2,Tienen,50.81330800184882,4.935984252796022,0.9519468094978027,50.80937903014988,4.948021817446968,2020,9,13,24107,Tienen,Normaal,Droog,Dag,dodelijk gewonden,9,personenauto,3,Fiets,Op Kruispunt,Gewestweg,binnen bebouwde kom,Tss. 2 best.: langs opzij (voor-/achterkant-flank),Geen hindernis
21890,24,Tienen 1,Tienen,50.8133795491886,4.935044252605416,1.0145432270551729,50.80937903014988,4.948021817446968,2020,9,13,24107,Tienen,Normaal,Droog,Dag,dodelijk gewonden,9,personenauto,3,Fiets,Op Kruispunt,Gewestweg,binnen bebouwde kom,Tss. 2 best.: langs opzij (voor-/achterkant-flank),Geen hindernis
21890,23,Tienen 3,Tienen,50.81324,4.93447,1.0444826609532998,50.80937903014988,4.948021817446968,2020,9,13,24107,Tienen,Normaal,Droog,Dag,dodelijk gewonden,9,personenauto,3,Fiets,Op Kruispunt,Gewestweg,binnen bebouwde kom,Tss. 2 best.: langs opzij (voor-/achterkant-flank),Geen hindernis
21892,23,Tienen 3,Tienen,50.81324,4.93447,1.1723713113466911,50.80269669504466,4.934403577956365,2020,8,11,24107,Tienen,Normaal,Droog+Proper,Dag,met lichtgewonden,9,personenauto,3,Fiets,Buiten Kruispunt,Gemeenteweg,binnen bebouwde kom,Tss. 2 best.: langs opzij (voor-/achterkant-flank),Geen hindernis
21892,22,Tienen 2,Tienen,50.81330800184882,4.935984252796022,1.1851394863777276,50.80269669504466,4.934403577956365,2020,8,11,24107,Tienen,Normaal,Droog+Proper,Dag,met lichtgewonden,9,personenauto,3,Fiets,Buiten Kruispunt,Gemeenteweg,binnen bebouwde kom,Tss. 2 best.: langs opzij (voor-/achterkant-flank),Geen hindernis
21892,24,Tienen 1,Tienen,50.8133795491886,4.935044252605416,1.1887319135802725,50.80269669504466,4.934403577956365,2020,8,11,24107,Tienen,Normaal,Droog+Proper,Dag,met lichtgewonden,9,personenauto,3,Fiets,Buiten Kruispunt,Gemeenteweg,binnen bebouwde kom,Tss. 2 best.: langs opzij (voor-/achterkant-flank),Geen hindernis
21896,131,Nevele,Deinze,51.0276612,3.558569,0.7138228733047216,51.032286857259955,3.5514912378982495,2020,9,14,44083,Deinze,Normaal,Droog,Dag,met lichtgewonden,3,Fiets,8,Voetganger,Buiten Kruispunt,Gemeenteweg,buiten bebouwde kom,Met een voetganger,Geen hindernis
21897,113,Deinze teller 2,Deinze,50.96018,3.55578,2.4144917012541223,50.98015834658062,3.5422712632328928,2020,9,11,44083,Deinze,Normaal,Droog,Dag,met lichtgewonden,9,personenauto,3,Fiets,Buiten Kruispunt,Gewestweg,buiten bebouwde kom,Tss. 2 best.: langs opzij (voor-/achterkant-flank),Geen hindernis
21897,114,Deinze teller 1,Nazareth,50.9598305,3.555502,2.4428477720741233,50.98015834658062,3.5422712632328928,2020,9,11,44083,Deinze,Normaal,Droog,Dag,met lichtgewonden,9,personenauto,3,Fiets,Buiten Kruispunt,Gewestweg,buiten bebouwde kom,Tss. 2 best.: langs opzij (voor-/achterkant-flank),Geen hindernis
21911,2,Brasschaat 2,Brasschaat,51.27512,4.47169,1.6044360346793998,51.26969828654077,4.450316436445393,2020,10,16,11002,Antwerpen,Normaal,Droog,Dag,met lichtgewonden,3,Fiets,3,Fiets,Buiten Kruispunt,Gemeenteweg,binnen bebouwde kom,Tss. 2 best.: langs opzij (voor-/achterkant-flank),Geen hindernis
21911,3,Brasschaat 1,Brasschaat,51.27503,4.47222,1.6350086616739472,51.26969828654077,4.450316436445393,2020,10,16,11002,Antwerpen,Normaal,Droog,Dag,met lichtgewonden,3,Fiets,3,Fiets,Buiten Kruispunt,Gemeenteweg,binnen bebouwde kom,Tss. 2 best.: langs opzij (voor-/achterkant-flank),Geen hindernis
21990,109,Zemst,Zemst,50.9903936,4.4707023,0.5568986294291581,50.99481798037457,4.474430995497732,2020,10,16,12025,Mechelen,Normaal,Droog,Dag,met zwaargewonden,3,Fiets,9,personenauto,Buiten Kruispunt,Gewestweg,binnen bebouwde kom,Tss. 2 best.: langs opzij (voor-/achterkant-flank),Geen hindernis