crash_row_id,site_id,site_name,site_gemeente,site_lat,site_long,distance_km,crash_lat,crash_long,DT_YEAR_COLLISION,DT_MONTH_COLLISION,DT_TIME,CD_NIS,TX_MUNTY_COLLISION_NL,TX_WEATHER_NL,TX_ROAD_CONDITION_NL,TX_LIGHT_CONDITION_NL,TX_CLASS_ACCIDENTS_NL,CD_ROAD_USR_TYPE1,TX_ROAD_USR_TYPE1_NL,CD_ROAD_USR_TYPE2,TX_ROAD_USR_TYPE2_NL,TX_CROSSWAY_NL,CD_ROAD_TYPE_NL,TX_BUILD_UP_AREA_NL,TX_COLLISION_TYPE_NL,TX_OBSTACLES_NL
22005,3,Brasschaat 1,Brasschaat,51.27503,4.47222,2.118164152272767,51.29218664013037,4.485454251239308,2020,10,9,11008,Brasschaat,Normaal,Droog,Dag,met lichtgewonden,3,Fiets,9,personenauto,Op Kruispunt,Gemeenteweg,binnen bebouwde kom,Tss. 2 best.: langs opzij (voor-/achterkant-flank),Geen hindernis
22005,2,Brasschaat 2,Brasschaat,51.27512,4.47169,2.1254995017687275,51.29218664013037,4.485454251239308,2020,10,9,11008,Brasschaat,Normaal,Droog,Dag,met lichtgewonden,3,Fiets,9,personenauto,Op Kruispunt,Gemeenteweg,binnen bebouwde kom,Tss. 2 best.: langs opzij (voor-/achterkant-flank),Geen hindernis
22006,3,Brasschaat 1,Brasschaat,51.27503,4.47222,1.0683155587352182,51.28298331258587,4.480836498578142,2020,10,12,11008,Brasschaat,Normaal,Droog,Dag,met lichtgewonden,5,Lichte vrachtauto,3,Fiets,Buiten Kruispunt,Gewestweg,buiten bebouwde kom,Tss. 2 best.: langs opzij (voor-/achterkant-flank),Geen hindernis
22006,2,Brasschaat 2,Brasschaat,51.27512,4.47169,1.0813156011829144,51.28298331258587,4.480836498578142,2020,10,12,11008,Brasschaat,Normaal,Droog,Dag,met lichtgewonden,5,Lichte vrachtauto,3,Fiets,Buiten Kruispunt,Gewestweg,buiten bebouwde kom,Tss. 2 best.: langs opzij (voor-/achterkant-flank),Geen hindernis
22010,3,Brasschaat 1,Brasschaat,51.27503,4.47222,1.6703547418421985,51.26100010973122,4.480799946326371,2020,10,8,11040,Schoten,Normaal,Droog,Dag,met lichtgewonden,9,personenauto,3,Fiets,Buiten Kruispunt,Gemeenteweg,buiten bebouwde kom,Tss. 2 best.: langs opzij (voor-/achterkant-flank),Geen hindernis
22010,2,Brasschaat 2,Brasschaat,51.27512,4.47169,1.6931597131534863,51.26100010973122,4.480799946326371,2020,10,8,11040,Schoten,Normaal,Droog,Dag,met lichtgewonden,9,personenauto,3,Fiets,Buiten Kruispunt,Gemeenteweg,buiten bebouwde kom,Tss. 2 best.: langs opzij (voor-/achterkant-flank),Geen hindernis
22016,91,Brecht teller 2,Brecht,51.35739,4.62422,1.2817476080743635,51.3496693592491,4.637925795601654,2020,10,16,11009,Brecht,Normaal,Droog,Dag,met lichtgewonden,3,Fiets,9,personenauto,Op Kruispunt,Gewestweg,binnen bebouwde kom,Tss. 2 best.: langs opzij (voor-/achterkant-flank),Geen hindernis
22016,90,Brecht teller 1,Brecht,51.35752,4.6243,1.287384552570049,51.3496693592491,4.637925795601654,2020,10,16,11009,Brecht,Normaal,Droog,Dag,met lichtgewonden,3,Fiets,9,personenauto,Op Kruispunt,Gewestweg,binnen bebouwde kom,Tss. 2 best.: langs opzij (voor-/achterkant-flank),Geen hindernis
22017,103,Malle teller 1,Malle,51.31681,4.73872,1.7601099118493522,51.301407301718434,4.744557395239978,2020,10,7,11057,Malle,Normaal,Droog,Dageraad - schemering,met lichtgewonden,5,Lichte vrachtauto,3,Fiets,Op Kruispunt,Gewestweg,binnen bebouwde kom,Tss. 2 best.: langs opzij (voor-/achterkant-flank),Geen hindernis
22017,104,Malle teller 2,Malle,51.31682,4.73852,1.7644466334380073,51.301407301718434,4.744557395239978,2020,10,7,11057,Malle,Normaal,Droog,Dageraad - schemering,met lichtgewonden,5,Lichte vrachtauto,3,Fiets,Op Kruispunt,Gewestweg,binnen bebouwde kom,Tss. 2 best.: langs opzij (voor-/achterkant-flank),Geen hindernis
22018,104,Malle teller 2,Malle,51.31682,4.73852,1.79936542706957,51.30117668579516,4.731895939302006,2020,10,6,11057,Malle,Regenval,"Nat, plassen","Nacht, openbare verlichting aanwezig en ontstoken",met lichtgewonden,9,personenauto,3,Fiets,Op Kruispunt,Gewestweg,binnen bebouwde kom,Tss. 2 best.: langs opzij (voor-/achterkant-flank),Geen hindernis
22018,103,Malle teller 1,Malle,51.31681,4.73872,1.80190016740447,51.30117668579516,4.731895939302006,2020,10,6,11057,Malle,Regenval,"Nat, plassen","Nacht, openbare verlichting aanwezig en ontstoken",met lichtgewonden,9,personenauto,3,Fiets,Op Kruispunt,Gewestweg,binnen bebouwde kom,Tss. 2 best.: langs opzij (voor-/achterkant-flank),Geen hindernis
22019,91,Brecht teller 2,Brecht,51.35739,4.62422,0.9573680767204881,51.351868078402184,4.634797862935655,2020,10,13,11009,Brecht,Onbekend,Onbekend,Dag,met zwaargewonden,3,Fiets,8,Voetganger,Buiten Kruispunt,Gewestweg,binnen bebouwde kom,Met een voetganger,Geen hindernis
22019,90,Brecht teller 1,Brecht,51.35752,4.6243,0.9624875329895204,51.351868078402184,4.634797862935655,2020,10,13,11009,Brecht,Onbekend,Onbekend,Dag,met zwaargewonden,3,Fiets,8,Voetganger,Buiten Kruispunt,Gewestweg,binnen bebouwde kom,Met een voetganger,Geen hindernis
22029,96,Lier teller 2,Lier,51.11705,4.58444,2.025371857689758,51.129353964687695,4.56304149731653,2020,10,15,12021,Lier,Normaal,Droog,Dag,met lichtgewonden,3,Fiets,8,Voetganger,Buiten Kruispunt,Gemeenteweg,binnen bebouwde kom,Met een voetganger,Geen hindernis
22029,95,Lier teller 1,Lier,51.11687,4.58437,2.035371988362636,51.129353964687695,4.56304149731653,2020,10,15,12021,Lier,Normaal,Droog,Dag,met lichtgewonden,3,Fiets,8,Voetganger,Buiten Kruispunt,Gemeenteweg,binnen bebouwde kom,Met een voetganger,Geen hindernis
22032,93,Nijlen teller 2,Nijlen,51.14998,4.64469,2.1547893011694246,51.169047264632994,4.650205492132765,2020,10,8,12026,Nijlen,Normaal,Droog,Dag,met lichtgewonden,3,Fiets,9,personenauto,Buiten Kruispunt,Gewestweg,buiten bebouwde kom,Tss. 2 best.: langs opzij (voor-/achterkant-flank),Geen hindernis
22032,92,Nijlen teller 1,Nijlen,51.14989,4.64479,2.163408674896896,51.169047264632994,4.650205492132765,2020,10,8,12026,Nijlen,Normaal,Droog,Dag,met lichtgewonden,3,Fiets,9,personenauto,Buiten Kruispunt,Gewestweg,buiten bebouwde kom,Tss. 2 best.: langs opzij (voor-/achterkant-flank),Geen hindernis
22034,93,Nijlen teller 2,Nijlen,51.14998,4.64469,2.1421381310325525,51.14713216102651,4.614317044597406,2020,10,20,12026,Nijlen,Onbekend,Onbekend,Onbekend,met lichtgewonden,3,Fiets,10,"één bestuurder, geen hindernis",Buiten Kruispunt,Gemeenteweg,buiten bebouwde kom,"Eén bestuurder, geen hindernis (incl. val)",Geen hindernis
22034,92,Nijlen teller 1,Nijlen,51.14989,4.64479,2.147587266264071,51.14713216102651,4.614317044597406,2020,10,20,12026,Nijlen,Onbekend,Onbekend,Onbekend,met lichtgewonden,3,Fiets,10,"één bestuurder, geen hindernis",Buiten Kruispunt,Gemeenteweg,buiten bebouwde kom,"Eén bestuurder, geen hindernis (incl. val)",Geen hindernis
22038,133,Gierde Lille Totem,Lille,51.2453915,4.8297416,0.6021706230174574,51.24186945456104,4.8231703451344625,2020,10,10,13019,Lille,Normaal,"Nat, plassen",Dag,met lichtgewonden,3,Fiets,9,personenauto,Op Kruispunt,Gewestweg,binnen bebouwde kom,Tussen 2 bestuurders: Frontale botsing,Geen hindernis
22038,132,Gierde lille,Lille,51.245445,4.8298851,0.613630362181459,51.24186945456104,4.8231703451344625,2020,10,10,13019,Lille,Normaal,"Nat, plassen",Dag,met lichtgewonden,3,Fiets,9,personenauto,Op Kruispunt,Gewestweg,binnen bebouwde kom,Tussen 2 bestuurders: Frontale botsing,Geen hindernis
22053,88,Westerlo teller 1,Westerlo,51.082,4.91325,2.358584127997789,51.10291142876339,4.907591659216571,2020,10,17,13049,Westerlo,Regenval,"Nat, plassen","Nacht, openbare verlichting aanwezig en ontstoken",met lichtgewonden,9,personenauto,3,Fiets,Op Kruispunt,Gemeenteweg,buiten bebouwde kom,Tss. 2 best.: langs opzij (voor-/achterkant-flank),Geen hindernis
22053,89,Westerlo teller 2,Westerlo,51.08191,4.91334,2.3695076654117284,51.10291142876339,4.907591659216571,2020,10,17,13049,Westerlo,Regenval,"Nat, plassen","Nacht, openbare verlichting aanwezig en ontstoken",met lichtgewonden,9,personenauto,3,Fiets,Op Kruispunt,Gemeenteweg,buiten bebouwde kom,Tss. 2 best.: langs opzij (voor-/achterkant-flank),Geen hindernis
22071,94,Herentals teller 2,Herentals,51.17345,4.81283,0.0287625808732144,51.17360871732932,4.813155776131565,2020,10,8,13011,Herentals,Normaal,Droog,Dag,met lichtgewonden,9,personenauto,3,Fiets,Op Kruispunt,Gewestweg,buiten bebouwde kom,Tss. 2 best.: langs opzij (voor-/achterkant-flank),Geen hindernis
22071,110,Herentals totem,Herentals,51.1739426,4.811783,0.1026517332316727,51.17360871732932,4.813155776131565,2020,10,8,13011,Herentals,Normaal,Droog,Dag,met lichtgewonden,9,personenauto,3,Fiets,Op Kruispunt,Gewestweg,buiten bebouwde kom,Tss. 2 best.: langs opzij (voor-/achterkant-flank),Geen hindernis
22074,38,Lommel teller 2,Lommel,51.23277,5.29189,0.44231312823332386,51.229705742026795,5.287839390314006,2020,11,15,72020,Lommel,Regenval,"Nat, plassen",Dag,met lichtgewonden,9,personenauto,3,Fiets,Buiten Kruispunt,Gemeenteweg,binnen bebouwde kom,Tussen 2 bestuurders: Langs achteren,Geen hindernis
22074,37,Lommel teller 1,Lommel,51.23299,5.29211,0.4709400709389579,51.229705742026795,5.287839390314006,2020,11,15,72020,Lommel,Regenval,"Nat, plassen",Dag,met lichtgewonden,9,personenauto,3,Fiets,Buiten Kruispunt,Gemeenteweg,binnen bebouwde kom,Tussen 2 bestuurders: Langs achteren,Geen hindernis
22075,37,Lommel teller 1,Lommel,51.23299,5.29211,1.9121994121325174,51.22870574862798,5.3187069786569605,2020,10,10,72020,Lommel,Normaal,Droog,Dag,met lichtgewonden,9,personenauto,3,Fiets,Op Kruispunt,Gemeenteweg,binnen bebouwde kom,Tss. 2 best.: langs opzij (voor-/achterkant-flank),Geen hindernis
22075,38,Lommel teller 2,Lommel,51.23277,5.29189,1.9211415314255227,51.22870574862798,5.3187069786569605,2020,10,10,72020,Lommel,Normaal,Droog,Dag,met lichtgewonden,9,personenauto,3,Fiets,Op Kruispunt,Gemeenteweg,binnen bebouwde kom,Tss. 2 best.: langs opzij (voor-/achterkant-flank),Geen hindernis
22076,38,Lommel teller 2,Lommel,51.23277,5.29189,2.0501438237297958,51.22037423037209,5.313684312618419,2020,10,16,72020,Lommel,Normaal,Droog,Dag,met zwaargewonden,9,personenauto,3,Fiets,Buiten Kruispunt,Gewestweg,binnen bebouwde kom,Tss. 2 best.: langs opzij (voor-/achterkant-flank),Geen hindernis
22076,37,Lommel teller 1,Lommel,51.23299,5.29211,2.0554437369752843,51.22037423037209,5.313684312618419,2020,10,16,72020,Lommel,Normaal,Droog,Dag,met zwaargewonden,9,personenauto,3,Fiets,Buiten Kruispunt,Gewestweg,binnen bebouwde kom,Tss. 2 best.: langs opzij (voor-/achterkant-flank),Geen hindernis
22087,39,Peer teller 1,Peer,51.13425,5.47817,1.4108622911282473,51.13058545926432,5.458812162776685,2020,10,19,72030,Peer,Normaal,Droog,"Nacht, openbare verlichting aanwezig en ontstoken",met lichtgewonden,9,personenauto,3,Fiets,Buiten Kruispunt,Gemeenteweg,binnen bebouwde kom,Tss. 2 best.: langs opzij (voor-/achterkant-flank),Geen hindernis
22087,40,Peer teller 2,Peer,51.13438,5.47892,1.4651386982044272,51.13058545926432,5.458812162776685,2020,10,19,72030,Peer,Normaal,Droog,"Nacht, openbare verlichting aanwezig en ontstoken",met lichtgewonden,9,personenauto,3,Fiets,Buiten Kruispunt,Gemeenteweg,binnen bebouwde kom,Tss. 2 best.: langs opzij (voor-/achterkant-flank),Geen hindernis
22092,21,Bilzen,Bilzen,50.86015,5.50161,1.1285402974749363,50.86863918813781,5.510422977848336,2020,10,16,73006,Bilzen,Onbekend,Droog,Dag,met lichtgewonden,9,personenauto,3,Fiets,Op Kruispunt,Gewestweg,binnen bebouwde kom,Tss. 2 best.: langs opzij (voor-/achterkant-flank),Geen hindernis
22093,21,Bilzen,Bilzen,50.86015,5.50161,0.9334680410800568,50.85304570530371,5.494525047649149,2020,10,7,73032,Hoeselt,Normaal,"Nat, plassen",Dageraad - schemering,met lichtgewonden,9,personenauto,3,Fiets,Op Kruispunt,Gewestweg,binnen bebouwde kom,Tss. 2 best.: langs opzij (voor-/achterkant-flank),Geen hindernis
22094,44,Maaseik teller 2,Maaseik,51.09359,5.79726,1.9485553170829253,51.10868522659045,5.783086219760926,2020,11,9,72021,Maaseik,Normaal,Droog,Dag,met lichtgewonden,9,personenauto,3,Fiets,Buiten Kruispunt,Gemeenteweg,buiten bebouwde kom,Tss. 2 best.: langs opzij (voor-/achterkant-flank),Geen hindernis
22094,43,Maaseik teller 1,Maaseik,51.09344,5.79715,1.9590808851105614,51.10868522659045,5.783086219760926,2020,11,9,72021,Maaseik,Normaal,Droog,Dag,met lichtgewonden,9,personenauto,3,Fiets,Buiten Kruispunt,Gemeenteweg,buiten bebouwde kom,Tss. 2 best.: langs opzij (voor-/achterkant-flank),Geen hindernis
22096,151,Leuven,District Leuven,50.8690262,4.6854839,1.1042907601186864,50.87526638241021,4.697726549237887,2020,10,14,24062,Leuven,Normaal,Droog,Dag,met lichtgewonden,3,Fiets,3,Fiets,Op Kruispunt,Gemeenteweg,binnen bebouwde kom,Tss. 2 best.: langs opzij (voor-/achterkant-flank),Geen hindernis
22096,69,Leuven teller 1,Leuven,50.87549,4.71526,1.2304862878394451,50.87526638241021,4.697726549237887,2020,10,14,24062,Leuven,Normaal,Droog,Dag,met lichtgewonden,3,Fiets,3,Fiets,Op Kruispunt,Gemeenteweg,binnen bebouwde kom,Tss. 2 best.: langs opzij (voor-/achterkant-flank),Geen hindernis
22096,77,Leuven teller 2,Leuven,50.88672,4.70796,1.4620054585600353,50.87526638241021,4.697726549237887,2020,10,14,24062,Leuven,Normaal,Droog,Dag,met lichtgewonden,3,Fiets,3,Fiets,Op Kruispunt,Gemeenteweg,binnen bebouwde kom,Tss. 2 best.: langs opzij (voor-/achterkant-flank),Geen hindernis
22096,107,leuven totem,Leuven,50.8870744,4.7087919,1.525318051180455,50.87526638241021,4.697726549237887,2020,10,14,24062,Leuven,Normaal,Droog,Dag,met lichtgewonden,3,Fiets,3,Fiets,Op Kruispunt,Gemeenteweg,binnen bebouwde kom,Tss. 2 best.: langs opzij (voor-/achterkant-flank),Geen hindernis
22097,69,Leuven teller 1,Leuven,50.87549,4.71526,0.9434330491267335,50.878815618936684,4.702889548630203,2020,10,21,24062,Leuven,Regenval,"Nat, plassen","Nacht, openbare verlichting aanwezig en ontstoken",met lichtgewonden,3,Fiets,3,Fiets,Buiten Kruispunt,Gemeenteweg,binnen bebouwde kom,Tussen 2 bestuurders: Frontale botsing,Geen hindernis
22097,77,Leuven teller 2,Leuven,50.88672,4.70796,0.9481791925807549,50.878815618936684,4.702889548630203,2020,10,21,24062,Leuven,Regenval,"Nat, plassen","Nacht, openbare verlichting aanwezig en ontstoken",met lichtgewonden,3,Fiets,3,Fiets,Buiten Kruispunt,Gemeenteweg,binnen bebouwde kom,Tussen 2 bestuurders: Frontale botsing,Geen hindernis
22097,107,leuven totem,Leuven,50.8870744,4.7087919,1.0073695803629263,50.878815618936684,4.702889548630203,2020,10,21,24062,Leuven,Regenval,"Nat, plassen","Nacht, openbare verlichting aanwezig en ontstoken",met lichtgewonden,3,Fiets,3,Fiets,Buiten Kruispunt,Gemeenteweg,binnen bebouwde kom,Tussen 2 bestuurders: Frontale botsing,Geen hindernis
22097,151,Leuven,District Leuven,50.8690262,4.6854839,1.6359993683708687,50.878815618936684,4.702889548630203,2020,10,21,24062,Leuven,Regenval,"Nat, plassen","Nacht, openbare verlichting aanwezig en ontstoken",met lichtgewonden,3,Fiets,3,Fiets,Buiten Kruispunt,Gemeenteweg,binnen bebouwde kom,Tussen 2 bestuurders: Frontale botsing,Geen hindernis
22098,107,leuven totem,Leuven,50.8870744,4.7087919,0.7957634808000885,50.88367637458649,4.718775346664337,2020,10,13,24062,Leuven,Normaal,Droog,Dag,met lichtgewonden,9,personenauto,3,Fiets,Buiten Kruispunt,Gewestweg,binnen bebouwde kom,Tussen 2 bestuurders: Flank tegen flank,Geen hindernis
22098,77,Leuven teller 2,Leuven,50.88672,4.70796,0.8307605890202243,50.88367637458649,4.718775346664337,2020,10,13,24062,Leuven,Normaal,Droog,Dag,met lichtgewonden,9,personenauto,3,Fiets,Buiten Kruispunt,Gewestweg,binnen bebouwde kom,Tussen 2 bestuurders: Flank tegen flank,Geen hindernis
22098,69,Leuven teller 1,Leuven,50.87549,4.71526,0.9431029292253225,50.88367637458649,4.718775346664337,2020,10,13,24062,Leuven,Normaal,Droog,Dag,met lichtgewonden,9,personenauto,3,Fiets,Buiten Kruispunt,Gewestweg,binnen bebouwde kom,Tussen 2 bestuurders: Flank tegen flank,Geen hindernis
22099,107,leuven totem,Leuven,50.8870744,4.7087919,0.6403667336778545,50.88250424535215,4.71434631323461,2020,10,12,24062,Leuven,Normaal,Droog,Dag,met lichtgewonden,3,Fiets,2,Andere weggebruiker,Buiten Kruispunt,Gemeenteweg,binnen bebouwde kom,Tussen 2 bestuurders: Flank tegen flank,Geen hindernis
22099,77,Leuven teller 2,Leuven,50.88672,4.70796,0.6484258794866388,50.88250424535215,4.71434631323461,2020,10,12,24062,Leuven,Normaal,Droog,Dag,met lichtgewonden,3,Fiets,2,Andere weggebruiker,Buiten Kruispunt,Gemeenteweg,binnen bebouwde kom,Tussen 2 bestuurders: Flank tegen flank,Geen hindernis
22099,69,Leuven teller 1,Leuven,50.87549,4.71526,0.7825784086462205,50.88250424535215,4.71434631323461,2020,10,12,24062,Leuven,Normaal,Droog,Dag,met lichtgewonden,3,Fiets,2,Andere weggebruiker,Buiten Kruispunt,Gemeenteweg,binnen bebouwde kom,Tussen 2 bestuurders: Flank tegen flank,Geen hindernis
22100,77,Leuven teller 2,Leuven,50.88672,4.70796,0.9459296868834912,50.87988748354694,4.699927009706575,2020,10,19,24062,Leuven,Normaal,Droog,Dageraad - schemering,met lichtgewonden,3,Fiets,3,Fiets,Op Kruispunt,Gemeenteweg,binnen bebouwde kom,Tss. 2 best.: langs opzij (voor-/achterkant-flank),Geen hindernis
22100,107,leuven totem,Leuven,50.8870744,4.7087919,1.0126176834437017,50.87988748354694,4.699927009706575,2020,10,19,24062,Leuven,Normaal,Droog,Dageraad - schemering,met lichtgewonden,3,Fiets,3,Fiets,Op Kruispunt,Gemeenteweg,binnen bebouwde kom,Tss. 2 best.: langs opzij (voor-/achterkant-flank),Geen hindernis
22100,69,Leuven teller 1,Leuven,50.87549,4.71526,1.181700284439267,50.87988748354694,4.699927009706575,2020,10,19,24062,Leuven,Normaal,Droog,Dageraad - schemering,met lichtgewonden,3,Fiets,3,Fiets,Op Kruispunt,Gemeenteweg,binnen bebouwde kom,Tss. 2 best.: langs opzij (voor-/achterkant-flank),Geen hindernis
22100,151,Leuven,District Leuven,50.8690262,4.6854839,1.5765814977928019,50.87988748354694,4.699927009706575,2020,10,19,24062,Leuven,Normaal,Droog,Dageraad - schemering,met lichtgewonden,3,Fiets,3,Fiets,Op Kruispunt,Gemeenteweg,binnen bebouwde kom,Tss. 2 best.: langs opzij (voor-/achterkant-flank),Geen hindernis
22101,151,Leuven,District Leuven,50.8690262,4.6854839,1.316732056871562,50.85791822096397,4.678982698083796,2020,10,19,24062,Leuven,Regenval,"Nat, plassen",Dageraad - schemering,met lichtgewonden,3,Fiets,10,"één bestuurder, geen hindernis",Buiten Kruispunt,Gemeenteweg,binnen bebouwde kom,"Eén bestuurder, geen hindernis (incl. val)",Geen hindernis
22101,108,Heverlee teller 1,Leuven,50.8471728,4.6954674,1.6633649375041597,50.85791822096397,4.678982698083796,2020,10,19,24062,Leuven,Regenval,"Nat, plassen",Dageraad - schemering,met lichtgewonden,3,Fiets,10,"één bestuurder, geen hindernis",Buiten Kruispunt,Gemeenteweg,binnen bebouwde kom,"Eén bestuurder, geen hindernis (incl. val)",Geen hindernis
22101,76,Heverlee teller 2,Leuven,50.84606,4.69597,1.7778424053233257,50.85791822096397,4.678982698083796,2020,10,19,24062,Leuven,Regenval,"Nat, plassen",Dageraad - schemering,met lichtgewonden,3,Fiets,10,"één bestuurder, geen hindernis",Buiten Kruispunt,Gemeenteweg,binnen bebouwde kom,"Eén bestuurder, geen hindernis (incl. val)",Geen hindernis
22102,151,Leuven,District Leuven,50.8690262,4.6854839,1.4543010418485625,50.88196924326992,4.688462999570752,2020,10,21,24062,Leuven,Normaal,Droog,"Nacht, openbare verlichting aanwezig en ontstoken",met lichtgewonden,3,Fiets,10,"één bestuurder, geen hindernis",Buiten Kruispunt,Gemeenteweg,binnen bebouwde kom,"Eén bestuurder, geen hindernis (incl. val)",Geen hindernis
22102,77,Leuven teller 2,Leuven,50.88672,4.70796,1.4662139041128532,50.88196924326992,4.688462999570752,2020,10,21,24062,Leuven,Normaal,Droog,"Nacht, openbare verlichting aanwezig en ontstoken",met lichtgewonden,3,Fiets,10,"één bestuurder, geen hindernis",Buiten Kruispunt,Gemeenteweg,binnen bebouwde kom,"Eén bestuurder, geen hindernis (incl. val)",Geen hindernis
22102,107,leuven totem,Leuven,50.8870744,4.7087919,1.5349272931486402,50.88196924326992,4.688462999570752,2020,10,21,24062,Leuven,Normaal,Droog,"Nacht, openbare verlichting aanwezig en ontstoken",met lichtgewonden,3,Fiets,10,"één bestuurder, geen hindernis",Buiten Kruispunt,Gemeenteweg,binnen bebouwde kom,"Eén bestuurder, geen hindernis (incl. val)",Geen hindernis
22102,69,Leuven teller 1,Leuven,50.87549,4.71526,2.0133928322087704,50.88196924326992,4.688462999570752,2020,10,21,24062,Leuven,Normaal,Droog,"Nacht, openbare verlichting aanwezig en ontstoken",met lichtgewonden,3,Fiets,10,"één bestuurder, geen hindernis",Buiten Kruispunt,Gemeenteweg,binnen bebouwde kom,"Eén bestuurder, geen hindernis (incl. val)",Geen hindernis
22103,107,leuven totem,Leuven,50.8870744,4.7087919,1.8899875775487027,50.89653270357713,4.731180367332075,2020,10,4,24062,Leuven,Regenval,"Nat, plassen","Nacht, openbare verlichting aanwezig en ontstoken",met lichtgewonden,3,Fiets,9,personenauto,Buiten Kruispunt,Gemeenteweg,buiten bebouwde kom,Kettingbotsing (3 bestuurders of meer),Geen hindernis
22103,77,Leuven teller 2,Leuven,50.88672,4.70796,1.9604027132626933,50.89653270357713,4.731180367332075,2020,10,4,24062,Leuven,Regenval,"Nat, plassen","Nacht, openbare verlichting aanwezig en ontstoken",met lichtgewonden,3,Fiets,9,personenauto,Buiten Kruispunt,Gemeenteweg,buiten bebouwde kom,Kettingbotsing (3 bestuurders of meer),Geen hindernis
22104,69,Leuven teller 1,Leuven,50.87549,4.71526,1.2755576964848812,50.86471561025116,4.7090205301847226,2020,10,10,24062,Leuven,Normaal,Droog,Dag,met lichtgewonden,3,Fiets,5,Lichte vrachtauto,Buiten Kruispunt,Gemeenteweg,binnen bebouwde kom,Tussen 2 bestuurders: Frontale botsing,Geen hindernis
22104,151,Leuven,District Leuven,50.8690262,4.6854839,1.7198897219646585,50.86471561025116,4.7090205301847226,2020,10,10,24062,Leuven,Normaal,Droog,Dag,met lichtgewonden,3,Fiets,5,Lichte vrachtauto,Buiten Kruispunt,Gemeenteweg,binnen bebouwde kom,Tussen 2 bestuurders: Frontale botsing,Geen hindernis
22104,108,Heverlee teller 1,Leuven,50.8471728,4.6954674,2.170297289566693,50.86471561025116,4.7090205301847226,2020,10,10,24062,Leuven,Normaal,Droog,Dag,met lichtgewonden,3,Fiets,5,Lichte vrachtauto,Buiten Kruispunt,Gemeenteweg,binnen bebouwde kom,Tussen 2 bestuurders: Frontale botsing,Geen hindernis
22104,76,Heverlee teller 2,Leuven,50.84606,4.69597,2.2676821975633077,50.86471561025116,4.7090205301847226,2020,10,10,24062,Leuven,Normaal,Droog,Dag,met lichtgewonden,3,Fiets,5,Lichte vrachtauto,Buiten Kruispunt,Gemeenteweg,binnen bebouwde kom,Tussen 2 bestuurders: Frontale botsing,Geen hindernis
22104,77,Leuven teller 2,Leuven,50.88672,4.70796,2.4479077482991287,50.86471561025116,4.7090205301847226,2020,10,10,24062,Leuven,Normaal,Droog,Dag,met lichtgewonden,3,Fiets,5,Lichte vrachtauto,Buiten Kruispunt,Gemeenteweg,binnen bebouwde kom,Tussen 2 bestuurders: Frontale botsing,Geen hindernis
22104,107,leuven totem,Leuven,50.8870744,4.7087919,2.4862357384527614,50.86471561025116,4.7090205301847226,2020,10,10,24062,Leuven,Normaal,Droog,Dag,met lichtgewonden,3,Fiets,5,Lichte vrachtauto,Buiten Kruispunt,Gemeenteweg,binnen bebouwde kom,Tussen 2 bestuurders: Frontale botsing,Geen hindernis
22106,69,Leuven teller 1,Leuven,50.87549,4.71526,0.43575845635917465,50.876256792553164,4.709169501595563,2020,10,7,24062,Leuven,Normaal,Droog,Dag,met lichtgewonden,3,Fiets,2,Andere weggebruiker,Buiten Kruispunt,Gemeenteweg,binnen bebouwde kom,Tss. 2 best.: langs opzij (voor-/achterkant-flank),Geen hindernis
22106,77,Leuven teller 2,Leuven,50.88672,4.70796,1.166545767546071,50.876256792553164,4.709169501595563,2020,10,7,24062,Leuven,Normaal,Droog,Dag,met lichtgewonden,3,Fiets,2,Andere weggebruiker,Buiten Kruispunt,Gemeenteweg,binnen bebouwde kom,Tss. 2 best.: langs opzij (voor-/achterkant-flank),Geen hindernis
22106,107,leuven totem,Leuven,50.8870744,4.7087919,1.2031547373426261,50.876256792553164,4.709169501595563,2020,10,7,24062,Leuven,Normaal,Droog,Dag,met lichtgewonden,3,Fiets,2,Andere weggebruiker,Buiten Kruispunt,Gemeenteweg,binnen bebouwde kom,Tss. 2 best.: langs opzij (voor-/achterkant-flank),Geen hindernis
22106,151,Leuven,District Leuven,50.8690262,4.6854839,1.8462565282736136,50.876256792553164,4.709169501595563,2020,10,7,24062,Leuven,Normaal,Droog,Dag,met lichtgewonden,3,Fiets,2,Andere weggebruiker,Buiten Kruispunt,Gemeenteweg,binnen bebouwde kom,Tss. 2 best.: langs opzij (voor-/achterkant-flank),Geen hindernis
22107,69,Leuven teller 1,Leuven,50.87549,4.71526,0.23943409836966315,50.87686717217291,4.712636694815547,2020,10,12,24062,Leuven,Normaal,Droog,Dag,met lichtgewonden,5,Lichte vrachtauto,3,Fiets,Buiten Kruispunt,Gemeenteweg,binnen bebouwde kom,Tussen 2 bestuurders: Langs achteren,Geen hindernis
22107,77,Leuven teller 2,Leuven,50.88672,4.70796,1.1436572088070711,50.87686717217291,4.712636694815547,2020,10,12,24062,Leuven,Normaal,Droog,Dag,met lichtgewonden,5,Lichte vrachtauto,3,Fiets,Buiten Kruispunt,Gemeenteweg,binnen bebouwde kom,Tussen 2 bestuurders: Langs achteren,Geen hindernis