crash_row_id,site_id,site_name,site_gemeente,site_lat,site_long,distance_km,crash_lat,crash_long,DT_YEAR_COLLISION,DT_MONTH_COLLISION,DT_TIME,CD_NIS,TX_MUNTY_COLLISION_NL,TX_WEATHER_NL,TX_ROAD_CONDITION_NL,TX_LIGHT_CONDITION_NL,TX_CLASS_ACCIDENTS_NL,CD_ROAD_USR_TYPE1,TX_ROAD_USR_TYPE1_NL,CD_ROAD_USR_TYPE2,TX_ROAD_USR_TYPE2_NL,TX_CROSSWAY_NL,CD_ROAD_TYPE_NL,TX_BUILD_UP_AREA_NL,TX_COLLISION_TYPE_NL,TX_OBSTACLES_NL
22107,107,leuven totem,Leuven,50.8870744,4.7087919,1.1666027848413103,50.87686717217291,4.712636694815547,2020,10,12,24062,Leuven,Normaal,Droog,Dag,met lichtgewonden,5,Lichte vrachtauto,3,Fiets,Buiten Kruispunt,Gemeenteweg,binnen bebouwde kom,Tussen 2 bestuurders: Langs achteren,Geen hindernis
22107,151,Leuven,District Leuven,50.8690262,4.6854839,2.0952910865675904,50.87686717217291,4.712636694815547,2020,10,12,24062,Leuven,Normaal,Droog,Dag,met lichtgewonden,5,Lichte vrachtauto,3,Fiets,Buiten Kruispunt,Gemeenteweg,binnen bebouwde kom,Tussen 2 bestuurders: Langs achteren,Geen hindernis
22108,77,Leuven teller 2,Leuven,50.88672,4.70796,1.0499603453962933,50.87842719954412,4.700802738753753,2020,10,20,24062,Leuven,Normaal,"Nat, plassen","Nacht, openbare verlichting aanwezig en ontstoken",met lichtgewonden,3,Fiets,10,"één bestuurder, geen hindernis",Buiten Kruispunt,Gemeenteweg,binnen bebouwde kom,"Eén bestuurder, geen hindernis (incl. val)",Geen hindernis
22108,69,Leuven teller 1,Leuven,50.87549,4.71526,1.0656426648233521,50.87842719954412,4.700802738753753,2020,10,20,24062,Leuven,Normaal,"Nat, plassen","Nacht, openbare verlichting aanwezig en ontstoken",met lichtgewonden,3,Fiets,10,"één bestuurder, geen hindernis",Buiten Kruispunt,Gemeenteweg,binnen bebouwde kom,"Eén bestuurder, geen hindernis (incl. val)",Geen hindernis
22108,107,leuven totem,Leuven,50.8870744,4.7087919,1.1129500197215407,50.87842719954412,4.700802738753753,2020,10,20,24062,Leuven,Normaal,"Nat, plassen","Nacht, openbare verlichting aanwezig en ontstoken",met lichtgewonden,3,Fiets,10,"één bestuurder, geen hindernis",Buiten Kruispunt,Gemeenteweg,binnen bebouwde kom,"Eén bestuurder, geen hindernis (incl. val)",Geen hindernis
22108,151,Leuven,District Leuven,50.8690262,4.6854839,1.4993732953130725,50.87842719954412,4.700802738753753,2020,10,20,24062,Leuven,Normaal,"Nat, plassen","Nacht, openbare verlichting aanwezig en ontstoken",met lichtgewonden,3,Fiets,10,"één bestuurder, geen hindernis",Buiten Kruispunt,Gemeenteweg,binnen bebouwde kom,"Eén bestuurder, geen hindernis (incl. val)",Geen hindernis
22109,151,Leuven,District Leuven,50.8690262,4.6854839,0.7606043330932343,50.87402006446776,4.692891224884758,2020,10,0,24062,Leuven,Normaal,Droog,"Nacht, openbare verlichting aanwezig en ontstoken",met lichtgewonden,3,Fiets,10,"één bestuurder, geen hindernis",Op Kruispunt,Gemeenteweg,binnen bebouwde kom,"Eén bestuurder, geen hindernis (incl. val)",Geen hindernis
22109,69,Leuven teller 1,Leuven,50.87549,4.71526,1.5780144726779757,50.87402006446776,4.692891224884758,2020,10,0,24062,Leuven,Normaal,Droog,"Nacht, openbare verlichting aanwezig en ontstoken",met lichtgewonden,3,Fiets,10,"één bestuurder, geen hindernis",Op Kruispunt,Gemeenteweg,binnen bebouwde kom,"Eén bestuurder, geen hindernis (incl. val)",Geen hindernis
22109,77,Leuven teller 2,Leuven,50.88672,4.70796,1.7640480420450757,50.87402006446776,4.692891224884758,2020,10,0,24062,Leuven,Normaal,Droog,"Nacht, openbare verlichting aanwezig en ontstoken",met lichtgewonden,3,Fiets,10,"één bestuurder, geen hindernis",Op Kruispunt,Gemeenteweg,binnen bebouwde kom,"Eén bestuurder, geen hindernis (incl. val)",Geen hindernis
22109,107,leuven totem,Leuven,50.8870744,4.7087919,1.830715383883189,50.87402006446776,4.692891224884758,2020,10,0,24062,Leuven,Normaal,Droog,"Nacht, openbare verlichting aanwezig en ontstoken",met lichtgewonden,3,Fiets,10,"één bestuurder, geen hindernis",Op Kruispunt,Gemeenteweg,binnen bebouwde kom,"Eén bestuurder, geen hindernis (incl. val)",Geen hindernis
22110,87,Aarschot,Aarschot,50.99084,4.81259,1.8274762321439808,50.98586593277487,4.837474264912192,2020,10,15,24001,Aarschot,Regenval,"Nat, plassen",Dag,met lichtgewonden,3,Fiets,3,Fiets,Buiten Kruispunt,Gemeenteweg,binnen bebouwde kom,Tss. 2 best.: langs opzij (voor-/achterkant-flank),Geen hindernis
22114,101,Diest teller 1,Diest,50.97799,5.04481,0.853288408335073,50.97898621557232,5.05689500825642,2020,10,16,24020,Diest,Normaal,Droog,Dag,met lichtgewonden,9,personenauto,3,Fiets,Op Kruispunt,Gewestweg,binnen bebouwde kom,Tss. 2 best.: langs opzij (voor-/achterkant-flank),Geen hindernis
22114,102,Diest teller 2,Diest,50.9779,5.04474,0.8594977835098261,50.97898621557232,5.05689500825642,2020,10,16,24020,Diest,Normaal,Droog,Dag,met lichtgewonden,9,personenauto,3,Fiets,Op Kruispunt,Gewestweg,binnen bebouwde kom,Tss. 2 best.: langs opzij (voor-/achterkant-flank),Geen hindernis
22115,101,Diest teller 1,Diest,50.97799,5.04481,1.3675837081700306,50.99016459767436,5.047581404000826,2020,10,8,24020,Diest,Normaal,Droog,Dag,met lichtgewonden,5,Lichte vrachtauto,3,Fiets,Op Kruispunt,Gemeenteweg,binnen bebouwde kom,Tss. 2 best.: langs opzij (voor-/achterkant-flank),Geen hindernis
22115,102,Diest teller 2,Diest,50.9779,5.04474,1.378189457899697,50.99016459767436,5.047581404000826,2020,10,8,24020,Diest,Normaal,Droog,Dag,met lichtgewonden,5,Lichte vrachtauto,3,Fiets,Op Kruispunt,Gemeenteweg,binnen bebouwde kom,Tss. 2 best.: langs opzij (voor-/achterkant-flank),Geen hindernis
22122,147,Overijse,District Vilvoorde-gewestwegen,50.7797555,4.4975769,1.69430352433286,50.7673908479758,4.4834962338717546,2020,10,21,23033,Hoeilaart,Normaal,"Nat, plassen","Nacht, openbare verlichting aanwezig en ontstoken",met lichtgewonden,3,Fiets,9,personenauto,Buiten Kruispunt,Gemeenteweg,binnen bebouwde kom,Tss. 2 best.: langs opzij (voor-/achterkant-flank),Geen hindernis
22122,146,Overijse 2,District Vilvoorde-gewestwegen,50.7881478,4.4902818,2.3568637664868195,50.7673908479758,4.4834962338717546,2020,10,21,23033,Hoeilaart,Normaal,"Nat, plassen","Nacht, openbare verlichting aanwezig en ontstoken",met lichtgewonden,3,Fiets,9,personenauto,Buiten Kruispunt,Gemeenteweg,binnen bebouwde kom,Tss. 2 best.: langs opzij (voor-/achterkant-flank),Geen hindernis
22122,145,Overijse,District Vilvoorde-gewestwegen,50.7885856,4.4908759,2.413192369676688,50.7673908479758,4.4834962338717546,2020,10,21,23033,Hoeilaart,Normaal,"Nat, plassen","Nacht, openbare verlichting aanwezig en ontstoken",met lichtgewonden,3,Fiets,9,personenauto,Buiten Kruispunt,Gemeenteweg,binnen bebouwde kom,Tss. 2 best.: langs opzij (voor-/achterkant-flank),Geen hindernis
22126,152,Opwijk,District Vilvoorde-gewestwegen,50.968901168564656,4.149169474840164,2.4143369483080175,50.97092291209724,4.183499072879935,2020,10,8,23060,Opwijk,Normaal,"Nat, plassen",Dag,met lichtgewonden,9,personenauto,3,Fiets,Buiten Kruispunt,Gemeenteweg,binnen bebouwde kom,Tussen 2 bestuurders: Flank tegen flank,Geen hindernis
22128,80,Wemmel teller 1,Wemmel,50.91418,4.29571,0.7764889377588591,50.90959714740507,4.30406655021908,2020,10,13,23102,Wemmel,Normaal,Droog+Proper,Dag,met lichtgewonden,9,personenauto,3,Fiets,Buiten Kruispunt,Gemeenteweg,binnen bebouwde kom,Tss. 2 best.: langs opzij (voor-/achterkant-flank),Geen hindernis
22128,81,Wemmel teller 2,Wemmel,50.91439,4.29568,0.7935657253202133,50.90959714740507,4.30406655021908,2020,10,13,23102,Wemmel,Normaal,Droog+Proper,Dag,met lichtgewonden,9,personenauto,3,Fiets,Buiten Kruispunt,Gemeenteweg,binnen bebouwde kom,Tss. 2 best.: langs opzij (voor-/achterkant-flank),Geen hindernis
22131,27,Grimbergen,Meise,50.92127,4.34013,2.2651671240589284,50.93507261723036,4.363900419051457,2020,10,12,23025,Grimbergen,Normaal,Droog,Dag,met lichtgewonden,9,personenauto,3,Fiets,Op Kruispunt,Gewestweg,binnen bebouwde kom,Tss. 2 best.: langs opzij (voor-/achterkant-flank),Geen hindernis
22132,27,Grimbergen,Meise,50.92127,4.34013,2.118791516093913,50.93244511749034,4.364615870858149,2020,10,7,23025,Grimbergen,Regenval,"Nat, plassen",Dageraad - schemering,met lichtgewonden,3,Fiets,9,personenauto,Op Kruispunt,Gewestweg,binnen bebouwde kom,Tss. 2 best.: langs opzij (voor-/achterkant-flank),Geen hindernis
22133,1,Machelen,Machelen,50.91618331151478,4.456121776137429,1.076046200506563,50.9247105315714,4.448864037973945,2020,10,9,23088,Vilvoorde,Normaal,Droog,Dag,met lichtgewonden,9,personenauto,3,Fiets,Op Kruispunt,Gemeenteweg,binnen bebouwde kom,Tss. 2 best.: langs opzij (voor-/achterkant-flank),Geen hindernis
22134,47,Vilvoorde,Vilvoorde,50.91372,4.41497,2.055616861423355,50.92934443865993,4.430644359842135,2020,10,8,23088,Vilvoorde,Regenval,"Nat, plassen",Dag,met lichtgewonden,3,Fiets,9,personenauto,Buiten Kruispunt,Gemeenteweg,onbekend,Tussen 2 bestuurders: Frontale botsing,Geen hindernis
22134,1,Machelen,Machelen,50.91618331151478,4.456121776137429,2.308849982790187,50.92934443865993,4.430644359842135,2020,10,8,23088,Vilvoorde,Regenval,"Nat, plassen",Dag,met lichtgewonden,3,Fiets,9,personenauto,Buiten Kruispunt,Gemeenteweg,onbekend,Tussen 2 bestuurders: Frontale botsing,Geen hindernis
22135,47,Vilvoorde,Vilvoorde,50.91372,4.41497,2.066787156562641,50.93011042676309,4.428875024504867,2020,10,11,23088,Vilvoorde,Normaal,Droog,Dag,met lichtgewonden,9,personenauto,3,Fiets,Buiten Kruispunt,Gemeenteweg,binnen bebouwde kom,Tussen 2 bestuurders: Flank tegen flank,Geen hindernis
22135,1,Machelen,Machelen,50.91618331151478,4.456121776137429,2.4587817406626997,50.93011042676309,4.428875024504867,2020,10,11,23088,Vilvoorde,Normaal,Droog,Dag,met lichtgewonden,9,personenauto,3,Fiets,Buiten Kruispunt,Gemeenteweg,binnen bebouwde kom,Tussen 2 bestuurders: Flank tegen flank,Geen hindernis
22141,13,Gent,Gent,51.03018,3.70146,2.2825146699858334,51.03847354523548,3.7313192639037425,2020,10,9,44021,Gent,Normaal,Droog,Dag,met lichtgewonden,5,Lichte vrachtauto,3,Fiets,Buiten Kruispunt,Gewestweg,binnen bebouwde kom,Tss. 2 best.: langs opzij (voor-/achterkant-flank),Geen hindernis
22142,118,Gent teller 1,Gent,51.028049,3.7681359,1.695689223480618,51.0374228361246,3.749008944288067,2020,10,17,44021,Gent,Normaal,Droog,Dag,met lichtgewonden,9,personenauto,3,Fiets,Buiten Kruispunt,Gewestweg,binnen bebouwde kom,Tss. 2 best.: langs opzij (voor-/achterkant-flank),Geen hindernis
22142,119,Gent teller 2,Gent,51.0281795,3.7683918,1.701030721163839,51.0374228361246,3.749008944288067,2020,10,17,44021,Gent,Normaal,Droog,Dag,met lichtgewonden,9,personenauto,3,Fiets,Buiten Kruispunt,Gewestweg,binnen bebouwde kom,Tss. 2 best.: langs opzij (voor-/achterkant-flank),Geen hindernis
22146,13,Gent,Gent,51.03018,3.70146,1.7878574208715359,51.04456244271296,3.712890943440744,2020,10,9,44021,Gent,Normaal,"Nat, plassen",Dag,met lichtgewonden,3,Fiets,9,personenauto,Buiten Kruispunt,Gewestweg,binnen bebouwde kom,Tussen 2 bestuurders: Flank tegen flank,Geen hindernis
22147,13,Gent,Gent,51.03018,3.70146,1.8155532731629112,51.04201641811336,3.719345350863082,2020,10,16,44021,Gent,Normaal,Droog,Dag,met lichtgewonden,3,Fiets,9,personenauto,Op Kruispunt,Gewestweg,binnen bebouwde kom,Tss. 2 best.: langs opzij (voor-/achterkant-flank),Geen hindernis
22151,119,Gent teller 2,Gent,51.0281795,3.7683918,1.9665098628115054,51.043952190153625,3.7556707518291663,2020,10,16,44021,Gent,Normaal,Droog,Dag,met lichtgewonden,9,personenauto,3,Fiets,Op Kruispunt,Gemeenteweg,binnen bebouwde kom,Tss. 2 best.: langs opzij (voor-/achterkant-flank),Geen hindernis
22151,118,Gent teller 1,Gent,51.028049,3.7681359,1.971487240590694,51.043952190153625,3.7556707518291663,2020,10,16,44021,Gent,Normaal,Droog,Dag,met lichtgewonden,9,personenauto,3,Fiets,Op Kruispunt,Gemeenteweg,binnen bebouwde kom,Tss. 2 best.: langs opzij (voor-/achterkant-flank),Geen hindernis
22152,13,Gent,Gent,51.03018,3.70146,0.7828959313072236,51.02313955426513,3.701355544287542,2020,10,8,44021,Gent,Regenval,"Nat, plassen",Dageraad - schemering,met lichtgewonden,9,personenauto,3,Fiets,Buiten Kruispunt,Gewestweg,binnen bebouwde kom,Tussen 2 bestuurders: Frontale botsing,Geen hindernis
22155,118,Gent teller 1,Gent,51.028049,3.7681359,1.623307804383208,51.03702519893078,3.749828553810096,2020,10,7,44021,Gent,Normaal,Droog,Dageraad - schemering,met lichtgewonden,9,personenauto,3,Fiets,Buiten Kruispunt,Gewestweg,binnen bebouwde kom,Tss. 2 best.: langs opzij (voor-/achterkant-flank),Geen hindernis
22155,119,Gent teller 2,Gent,51.0281795,3.7683918,1.6286511703269824,51.03702519893078,3.749828553810096,2020,10,7,44021,Gent,Normaal,Droog,Dageraad - schemering,met lichtgewonden,9,personenauto,3,Fiets,Buiten Kruispunt,Gewestweg,binnen bebouwde kom,Tss. 2 best.: langs opzij (voor-/achterkant-flank),Geen hindernis
22157,13,Gent,Gent,51.03018,3.70146,0.827818332607647,51.02487702816154,3.7097678649648453,2020,10,13,44021,Gent,Normaal,Droog,Dag,met lichtgewonden,3,Fiets,3,Fiets,Buiten Kruispunt,Gewestweg,binnen bebouwde kom,Tussen 2 bestuurders: Flank tegen flank,Geen hindernis
22159,136,Gent R4,Gent,51.0876313,3.7587918,2.127191456367833,51.072212150447335,3.776815822487858,2020,10,7,44021,Gent,Regenval,"Nat, plassen","Nacht, openbare verlichting aanwezig en ontstoken",met lichtgewonden,3,Fiets,5,Lichte vrachtauto,Op Kruispunt,Gemeenteweg,binnen bebouwde kom,Tss. 2 best.: langs opzij (voor-/achterkant-flank),Geen hindernis
22165,7,Evergem 1,Evergem,51.1089,3.70317,1.7591271956686492,51.09516086058379,3.715660388063837,2020,10,16,44021,Gent,Normaal,Droog,Dag,met lichtgewonden,9,personenauto,3,Fiets,Buiten Kruispunt,Gewestweg,binnen bebouwde kom,Tss. 2 best.: langs opzij (voor-/achterkant-flank),Geen hindernis
22165,6,Evergem 2,Evergem,51.10894,3.70298,1.7695913052835452,51.09516086058379,3.715660388063837,2020,10,16,44021,Gent,Normaal,Droog,Dag,met lichtgewonden,9,personenauto,3,Fiets,Buiten Kruispunt,Gewestweg,binnen bebouwde kom,Tss. 2 best.: langs opzij (voor-/achterkant-flank),Geen hindernis
22168,119,Gent teller 2,Gent,51.0281795,3.7683918,0.7440586737925018,51.034299793136064,3.7640903521238576,2020,11,12,44021,Gent,Normaal,Droog,Dag,met lichtgewonden,3,Fiets,9,personenauto,Op Kruispunt,Gemeenteweg,binnen bebouwde kom,Tss. 2 best.: langs opzij (voor-/achterkant-flank),Geen hindernis
22168,118,Gent teller 1,Gent,51.028049,3.7681359,0.7504260921035153,51.034299793136064,3.7640903521238576,2020,11,12,44021,Gent,Normaal,Droog,Dag,met lichtgewonden,3,Fiets,9,personenauto,Op Kruispunt,Gemeenteweg,binnen bebouwde kom,Tss. 2 best.: langs opzij (voor-/achterkant-flank),Geen hindernis
22170,118,Gent teller 1,Gent,51.028049,3.7681359,2.2664977059273212,51.03693233968867,3.738964186698996,2020,10,12,44021,Gent,Normaal,Droog,Dag,met lichtgewonden,9,personenauto,3,Fiets,Op Kruispunt,Gewestweg,binnen bebouwde kom,Tss. 2 best.: langs opzij (voor-/achterkant-flank),Geen hindernis
22170,119,Gent teller 2,Gent,51.0281795,3.7683918,2.276372303307494,51.03693233968867,3.738964186698996,2020,10,12,44021,Gent,Normaal,Droog,Dag,met lichtgewonden,9,personenauto,3,Fiets,Op Kruispunt,Gewestweg,binnen bebouwde kom,Tss. 2 best.: langs opzij (voor-/achterkant-flank),Geen hindernis
22172,118,Gent teller 1,Gent,51.028049,3.7681359,0.3510488478105451,51.02584513050226,3.764541801686573,2020,10,16,44021,Gent,Regenval,"Nat, plassen",Dag,met lichtgewonden,9,personenauto,3,Fiets,Op Kruispunt,Gemeenteweg,binnen bebouwde kom,Tss. 2 best.: langs opzij (voor-/achterkant-flank),Geen hindernis
22172,119,Gent teller 2,Gent,51.0281795,3.7683918,0.3739987356435118,51.02584513050226,3.764541801686573,2020,10,16,44021,Gent,Regenval,"Nat, plassen",Dag,met lichtgewonden,9,personenauto,3,Fiets,Op Kruispunt,Gemeenteweg,binnen bebouwde kom,Tss. 2 best.: langs opzij (voor-/achterkant-flank),Geen hindernis
22173,13,Gent,Gent,51.03018,3.70146,1.1403831737519174,51.0401314451115,3.7054030985229485,2020,10,8,44021,Gent,Normaal,"Nat, plassen",Dag,met lichtgewonden,3,Fiets,9,personenauto,Buiten Kruispunt,Gemeenteweg,binnen bebouwde kom,Tss. 2 best.: langs opzij (voor-/achterkant-flank),Geen hindernis
22176,13,Gent,Gent,51.03018,3.70146,2.207907102042424,51.041226029709925,3.7276991167571834,2020,10,16,44021,Gent,Normaal,Droog,Dag,met lichtgewonden,3,Fiets,9,personenauto,Op Kruispunt,Gemeenteweg,binnen bebouwde kom,Tss. 2 best.: langs opzij (voor-/achterkant-flank),Geen hindernis
22177,136,Gent R4,Gent,51.0876313,3.7587918,1.0508507909422764,51.07849111343256,3.7549681784074145,2020,10,17,44021,Gent,Normaal,Droog,Dag,met lichtgewonden,9,personenauto,3,Fiets,Buiten Kruispunt,Gemeenteweg,binnen bebouwde kom,Tss. 2 best.: langs opzij (voor-/achterkant-flank),Geen hindernis
22180,13,Gent,Gent,51.03018,3.70146,2.2165390407650367,51.04938428651259,3.692961902681393,2020,10,10,44021,Gent,Normaal,Droog,Dag,met zwaargewonden,9,personenauto,3,Fiets,Op Kruispunt,Gemeenteweg,binnen bebouwde kom,Tss. 2 best.: langs opzij (voor-/achterkant-flank),Geen hindernis
22181,13,Gent,Gent,51.03018,3.70146,1.004880787164343,51.03641635603752,3.7118603115742674,2020,10,8,44021,Gent,Normaal,Droog,Dag,met lichtgewonden,3,Fiets,10,"één bestuurder, geen hindernis",Buiten Kruispunt,Gewestweg,binnen bebouwde kom,"Eén bestuurder, geen hindernis (incl. val)",Geen hindernis
22184,118,Gent teller 1,Gent,51.028049,3.7681359,1.3838793450649052,51.030746954868185,3.748817792479065,2020,10,13,44021,Gent,Normaal,Droog,Dag,met lichtgewonden,9,personenauto,3,Fiets,Op Kruispunt,Gemeenteweg,binnen bebouwde kom,Tussen 2 bestuurders: Frontale botsing,Geen hindernis
22184,119,Gent teller 2,Gent,51.0281795,3.7683918,1.398318471173373,51.030746954868185,3.748817792479065,2020,10,13,44021,Gent,Normaal,Droog,Dag,met lichtgewonden,9,personenauto,3,Fiets,Op Kruispunt,Gemeenteweg,binnen bebouwde kom,Tussen 2 bestuurders: Frontale botsing,Geen hindernis
22196,118,Gent teller 1,Gent,51.028049,3.7681359,2.032916998232373,51.010131365698605,3.7739129429951404,2020,10,12,44040,Melle,Normaal,Droog,Dag,met lichtgewonden,9,personenauto,3,Fiets,Op Kruispunt,Gemeenteweg,binnen bebouwde kom,Tss. 2 best.: langs opzij (voor-/achterkant-flank),Geen hindernis
22196,119,Gent teller 2,Gent,51.0281795,3.7683918,2.043682303938091,51.010131365698605,3.7739129429951404,2020,10,12,44040,Melle,Normaal,Droog,Dag,met lichtgewonden,9,personenauto,3,Fiets,Op Kruispunt,Gemeenteweg,binnen bebouwde kom,Tss. 2 best.: langs opzij (voor-/achterkant-flank),Geen hindernis
22196,116,Melle teller 2,Melle,50.9986113,3.8040599,2.4678873145422413,51.010131365698605,3.7739129429951404,2020,10,12,44040,Melle,Normaal,Droog,Dag,met lichtgewonden,9,personenauto,3,Fiets,Op Kruispunt,Gemeenteweg,binnen bebouwde kom,Tss. 2 best.: langs opzij (voor-/achterkant-flank),Geen hindernis
22196,117,Melle teller 1,Melle,50.9986113,3.8040599,2.4678873145422413,51.010131365698605,3.7739129429951404,2020,10,12,44040,Melle,Normaal,Droog,Dag,met lichtgewonden,9,personenauto,3,Fiets,Op Kruispunt,Gemeenteweg,binnen bebouwde kom,Tss. 2 best.: langs opzij (voor-/achterkant-flank),Geen hindernis
22198,119,Gent teller 2,Gent,51.0281795,3.7683918,0.6484914379763183,51.023632837282,3.774198836224452,2020,10,8,44040,Melle,Normaal,Droog,Dag,met lichtgewonden,9,personenauto,3,Fiets,Buiten Kruispunt,Gewestweg,binnen bebouwde kom,Tss. 2 best.: langs opzij (voor-/achterkant-flank),Geen hindernis
22198,118,Gent teller 1,Gent,51.028049,3.7681359,0.64879683957074,51.023632837282,3.774198836224452,2020,10,8,44040,Melle,Normaal,Droog,Dag,met lichtgewonden,9,personenauto,3,Fiets,Buiten Kruispunt,Gewestweg,binnen bebouwde kom,Tss. 2 best.: langs opzij (voor-/achterkant-flank),Geen hindernis
22199,119,Gent teller 2,Gent,51.0281795,3.7683918,2.024237203433182,51.01436831191819,3.7872456206087106,2020,10,16,44040,Melle,Normaal,Droog,Dag,met lichtgewonden,3,Fiets,8,Voetganger,Buiten Kruispunt,Gewestweg,buiten bebouwde kom,Met een voetganger,Geen hindernis
22199,118,Gent teller 1,Gent,51.028049,3.7681359,2.0250210500162913,51.01436831191819,3.7872456206087106,2020,10,16,44040,Melle,Normaal,Droog,Dag,met lichtgewonden,3,Fiets,8,Voetganger,Buiten Kruispunt,Gewestweg,buiten bebouwde kom,Met een voetganger,Geen hindernis
22199,116,Melle teller 2,Melle,50.9986113,3.8040599,2.1104249222482587,51.01436831191819,3.7872456206087106,2020,10,16,44040,Melle,Normaal,Droog,Dag,met lichtgewonden,3,Fiets,8,Voetganger,Buiten Kruispunt,Gewestweg,buiten bebouwde kom,Met een voetganger,Geen hindernis
22199,117,Melle teller 1,Melle,50.9986113,3.8040599,2.1104249222482587,51.01436831191819,3.7872456206087106,2020,10,16,44040,Melle,Normaal,Droog,Dag,met lichtgewonden,3,Fiets,8,Voetganger,Buiten Kruispunt,Gewestweg,buiten bebouwde kom,Met een voetganger,Geen hindernis
22200,118,Gent teller 1,Gent,51.028049,3.7681359,2.2981164198497432,51.040391844115526,3.74177528751962,2020,10,17,44021,Gent,Onbekend,Onbekend,Dag,met lichtgewonden,2,Andere weggebruiker,3,Fiets,Buiten Kruispunt,Gewestweg,binnen bebouwde kom,Tss. 2 best.: langs opzij (voor-/achterkant-flank),Geen hindernis
22200,119,Gent teller 2,Gent,51.0281795,3.7683918,2.3039088332622937,51.040391844115526,3.74177528751962,2020,10,17,44021,Gent,Onbekend,Onbekend,Dag,met lichtgewonden,2,Andere weggebruiker,3,Fiets,Buiten Kruispunt,Gewestweg,binnen bebouwde kom,Tss. 2 best.: langs opzij (voor-/achterkant-flank),Geen hindernis
22202,116,Melle teller 2,Melle,50.9986113,3.8040599,1.457225749060155,51.01000170927184,3.793760524681378,2020,10,8,44040,Melle,Normaal,Droog,Dag,met zwaargewonden,3,Fiets,3,Fiets,Buiten Kruispunt,Gewestweg,buiten bebouwde kom,Tss. 2 best.: langs opzij (voor-/achterkant-flank),Geen hindernis
22202,117,Melle teller 1,Melle,50.9986113,3.8040599,1.457225749060155,51.01000170927184,3.793760524681378,2020,10,8,44040,Melle,Normaal,Droog,Dag,met zwaargewonden,3,Fiets,3,Fiets,Buiten Kruispunt,Gewestweg,buiten bebouwde kom,Tss. 2 best.: langs opzij (voor-/achterkant-flank),Geen hindernis
22205,114,Deinze teller 1,Nazareth,50.9598305,3.555502,0.3479833527860964,50.95804240880253,3.5595795446688894,2020,10,16,44048,Nazareth,Normaal,Droog,Dag,met lichtgewonden,6,Bromfiets,3,Fiets,Buiten Kruispunt,Gewestweg,binnen bebouwde kom,Tussen 2 bestuurders: Frontale botsing,Geen hindernis
22205,113,Deinze teller 2,Deinze,50.96018,3.55578,0.35681068010364586,50.95804240880253,3.5595795446688894,2020,10,16,44048,Nazareth,Normaal,Droog,Dag,met lichtgewonden,6,Bromfiets,3,Fiets,Buiten Kruispunt,Gewestweg,binnen bebouwde kom,Tussen 2 bestuurders: Frontale botsing,Geen hindernis
22209,7,Evergem 1,Evergem,51.1089,3.70317,1.8194122317100823,51.11715420213142,3.725674189151873,2020,10,16,44019,Evergem,Normaal,"Nat, plassen",Dag,met zwaargewonden,3,Fiets,9,personenauto,Buiten Kruispunt,Gemeenteweg,binnen bebouwde kom,Tussen 2 bestuurders: Langs achteren,Geen hindernis
22209,6,Evergem 2,Evergem,51.10894,3.70298,1.828650158436279,51.11715420213142,3.725674189151873,2020,10,16,44019,Evergem,Normaal,"Nat, plassen",Dag,met zwaargewonden,3,Fiets,9,personenauto,Buiten Kruispunt,Gemeenteweg,binnen bebouwde kom,Tussen 2 bestuurders: Langs achteren,Geen hindernis
22211,7,Evergem 1,Evergem,51.1089,3.70317,0.6379520500402127,51.10558444279923,3.71062734166274,2020,10,8,44019,Evergem,Normaal,"Nat, plassen",Dag,met lichtgewonden,3,Fiets,10,"één bestuurder, geen hindernis",Op Kruispunt,Gemeenteweg,binnen bebouwde kom,"Eén bestuurder, geen hindernis (incl. val)",Geen hindernis
22211,6,Evergem 2,Evergem,51.10894,3.70298,0.6513603429354966,51.10558444279923,3.71062734166274,2020,10,8,44019,Evergem,Normaal,"Nat, plassen",Dag,met lichtgewonden,3,Fiets,10,"één bestuurder, geen hindernis",Op Kruispunt,Gemeenteweg,binnen bebouwde kom,"Eén bestuurder, geen hindernis (incl. val)",Geen hindernis
22212,6,Evergem 2,Evergem,51.10894,3.70298,0.2905732992394289,51.110550745519824,3.699702476163301,2020,10,10,44019,Evergem,Normaal,Droog,Dag,met lichtgewonden,3,Fiets,10,"één bestuurder, geen hindernis",Buiten Kruispunt,Gewestweg,binnen bebouwde kom,"Eén bestuurder, geen hindernis (incl. val)",Geen hindernis
22212,7,Evergem 1,Evergem,51.1089,3.70317,0.3037956823562052,51.110550745519824,3.699702476163301,2020,10,10,44019,Evergem,Normaal,Droog,Dag,met lichtgewonden,3,Fiets,10,"één bestuurder, geen hindernis",Buiten Kruispunt,Gewestweg,binnen bebouwde kom,"Eén bestuurder, geen hindernis (incl. val)",Geen hindernis
22213,115,Aalter,Aalter,51.1058367,3.4350591,0.4911540088763357,51.10461382070064,3.441818860733469,2020,10,5,44084,Aalter,Regenval,"Nat, plassen",Dageraad - schemering,met lichtgewonden,9,personenauto,3,Fiets,Buiten Kruispunt,Gemeenteweg,binnen bebouwde kom,Tss. 2 best.: langs opzij (voor-/achterkant-flank),Geen hindernis