crash_row_id,site_id,site_name,site_gemeente,site_lat,site_long,distance_km,crash_lat,crash_long,DT_YEAR_COLLISION,DT_MONTH_COLLISION,DT_TIME,CD_NIS,TX_MUNTY_COLLISION_NL,TX_WEATHER_NL,TX_ROAD_CONDITION_NL,TX_LIGHT_CONDITION_NL,TX_CLASS_ACCIDENTS_NL,CD_ROAD_USR_TYPE1,TX_ROAD_USR_TYPE1_NL,CD_ROAD_USR_TYPE2,TX_ROAD_USR_TYPE2_NL,TX_CROSSWAY_NL,CD_ROAD_TYPE_NL,TX_BUILD_UP_AREA_NL,TX_COLLISION_TYPE_NL,TX_OBSTACLES_NL
22242,126,Hamme totem,Hamme,51.1017709,4.1469307,1.8059666928891334,51.11449293623339,4.16301132042904,2020,10,12,46025,Temse,Normaal,Droog,Dag,met zwaargewonden,3,Fiets,5,Lichte vrachtauto,Buiten Kruispunt,Gemeenteweg,binnen bebouwde kom,Tussen 2 bestuurders: Flank tegen flank,Geen hindernis
22244,128,Lokeren teller 1,Lokeren,51.09644,3.97023,1.3152072740487963,51.101589640201745,3.9871861655013894,2020,10,14,46014,Lokeren,Normaal,Droog,Dag,met lichtgewonden,5,Lichte vrachtauto,3,Fiets,Buiten Kruispunt,Gemeenteweg,binnen bebouwde kom,Tussen 2 bestuurders: Flank tegen flank,Geen hindernis
22244,129,Lokeren teller 2,Lokeren,51.09612,3.97025,1.3298461401663513,51.101589640201745,3.9871861655013894,2020,10,14,46014,Lokeren,Normaal,Droog,Dag,met lichtgewonden,5,Lichte vrachtauto,3,Fiets,Buiten Kruispunt,Gemeenteweg,binnen bebouwde kom,Tussen 2 bestuurders: Flank tegen flank,Geen hindernis
22244,141,Test site A support,Lokeren,51.08342085,3.9961071208376326,2.1141599209044837,51.101589640201745,3.9871861655013894,2020,10,14,46014,Lokeren,Normaal,Droog,Dag,met lichtgewonden,5,Lichte vrachtauto,3,Fiets,Buiten Kruispunt,Gemeenteweg,binnen bebouwde kom,Tussen 2 bestuurders: Flank tegen flank,Geen hindernis
22245,128,Lokeren teller 1,Lokeren,51.09644,3.97023,1.8123832531351072,51.107983553904475,3.988555046965082,2020,10,15,46014,Lokeren,Normaal,Droog,Dag,met lichtgewonden,9,personenauto,3,Fiets,Op Kruispunt,Gemeenteweg,binnen bebouwde kom,Tss. 2 best.: langs opzij (voor-/achterkant-flank),Geen hindernis
22245,129,Lokeren teller 2,Lokeren,51.09612,3.97025,1.836786551684201,51.107983553904475,3.988555046965082,2020,10,15,46014,Lokeren,Normaal,Droog,Dag,met lichtgewonden,9,personenauto,3,Fiets,Op Kruispunt,Gemeenteweg,binnen bebouwde kom,Tss. 2 best.: langs opzij (voor-/achterkant-flank),Geen hindernis
22247,128,Lokeren teller 1,Lokeren,51.09644,3.97023,0.31395335934204777,51.09858897921217,3.9731461413956635,2020,10,6,46014,Lokeren,Normaal,Droog,"Nacht, openbare verlichting aanwezig en ontstoken",met lichtgewonden,9,personenauto,3,Fiets,Op Kruispunt,Gewestweg,buiten bebouwde kom,Tss. 2 best.: langs opzij (voor-/achterkant-flank),Geen hindernis
22247,129,Lokeren teller 2,Lokeren,51.09612,3.97025,0.3409860323837467,51.09858897921217,3.9731461413956635,2020,10,6,46014,Lokeren,Normaal,Droog,"Nacht, openbare verlichting aanwezig en ontstoken",met lichtgewonden,9,personenauto,3,Fiets,Op Kruispunt,Gewestweg,buiten bebouwde kom,Tss. 2 best.: langs opzij (voor-/achterkant-flank),Geen hindernis
22247,141,Test site A support,Lokeren,51.08342085,3.9961071208376326,2.327271334913753,51.09858897921217,3.9731461413956635,2020,10,6,46014,Lokeren,Normaal,Droog,"Nacht, openbare verlichting aanwezig en ontstoken",met lichtgewonden,9,personenauto,3,Fiets,Op Kruispunt,Gewestweg,buiten bebouwde kom,Tss. 2 best.: langs opzij (voor-/achterkant-flank),Geen hindernis
22248,128,Lokeren teller 1,Lokeren,51.09644,3.97023,1.6994087094427268,51.10033009458241,3.9466947596074706,2020,10,7,46014,Lokeren,Normaal,Droog,Dageraad - schemering,met lichtgewonden,6,Bromfiets,3,Fiets,Op Kruispunt,Gemeenteweg,binnen bebouwde kom,Tss. 2 best.: langs opzij (voor-/achterkant-flank),Geen hindernis
22248,129,Lokeren teller 2,Lokeren,51.09612,3.97025,1.7101608241652253,51.10033009458241,3.9466947596074706,2020,10,7,46014,Lokeren,Normaal,Droog,Dageraad - schemering,met lichtgewonden,6,Bromfiets,3,Fiets,Op Kruispunt,Gemeenteweg,binnen bebouwde kom,Tss. 2 best.: langs opzij (voor-/achterkant-flank),Geen hindernis
22250,141,Test site A support,Lokeren,51.08342085,3.9961071208376326,2.404790814484566,51.10465563425912,4.002633881214591,2020,10,17,46014,Lokeren,Normaal,Droog,"Nacht, openbare verlichting aanwezig en ontstoken",met lichtgewonden,3,Fiets,9,personenauto,Buiten Kruispunt,Gewestweg,binnen bebouwde kom,Tss. 2 best.: langs opzij (voor-/achterkant-flank),Geen hindernis
22250,128,Lokeren teller 1,Lokeren,51.09644,3.97023,2.4400784725909026,51.10465563425912,4.002633881214591,2020,10,17,46014,Lokeren,Normaal,Droog,"Nacht, openbare verlichting aanwezig en ontstoken",met lichtgewonden,3,Fiets,9,personenauto,Buiten Kruispunt,Gewestweg,binnen bebouwde kom,Tss. 2 best.: langs opzij (voor-/achterkant-flank),Geen hindernis
22250,129,Lokeren teller 2,Lokeren,51.09612,3.97025,2.45234143000775,51.10465563425912,4.002633881214591,2020,10,17,46014,Lokeren,Normaal,Droog,"Nacht, openbare verlichting aanwezig en ontstoken",met lichtgewonden,3,Fiets,9,personenauto,Buiten Kruispunt,Gewestweg,binnen bebouwde kom,Tss. 2 best.: langs opzij (voor-/achterkant-flank),Geen hindernis
22251,126,Hamme totem,Hamme,51.1017709,4.1469307,0.7710474279619239,51.09521825626254,4.143318398886919,2020,10,13,42008,Hamme,Normaal,Droog,Dag,met lichtgewonden,9,personenauto,3,Fiets,Op Kruispunt,Gewestweg,binnen bebouwde kom,Tss. 2 best.: langs opzij (voor-/achterkant-flank),Geen hindernis
22252,126,Hamme totem,Hamme,51.1017709,4.1469307,1.8377820339696698,51.08635890556363,4.137426308061182,2020,10,13,42008,Hamme,Normaal,Droog,Dag,met lichtgewonden,9,personenauto,3,Fiets,Op Kruispunt,Gewestweg,binnen bebouwde kom,Tss. 2 best.: langs opzij (voor-/achterkant-flank),Geen hindernis
22254,120,Zele teller 1,Zele,51.0607671,4.0547741,2.106972787882638,51.06892877822828,4.027562895985345,2020,10,12,42028,Zele,Onbekend,Droog,Dag,met lichtgewonden,9,personenauto,3,Fiets,Op Kruispunt,Gemeenteweg,binnen bebouwde kom,Tss. 2 best.: langs opzij (voor-/achterkant-flank),Geen hindernis
22254,121,Zele teller 2,Zele,51.0604067,4.0556696,2.1807350250085067,51.06892877822828,4.027562895985345,2020,10,12,42028,Zele,Onbekend,Droog,Dag,met lichtgewonden,9,personenauto,3,Fiets,Op Kruispunt,Gemeenteweg,binnen bebouwde kom,Tss. 2 best.: langs opzij (voor-/achterkant-flank),Geen hindernis
22255,120,Zele teller 1,Zele,51.0607671,4.0547741,2.147899231911607,51.06732865776045,4.025865035377705,2020,10,9,42028,Zele,Onbekend,Onbekend,Dag,met lichtgewonden,9,personenauto,3,Fiets,Buiten Kruispunt,Gemeenteweg,binnen bebouwde kom,Tussen 2 bestuurders: Flank tegen flank,Geen hindernis
22255,121,Zele teller 2,Zele,51.0604067,4.0556696,2.220437571259449,51.06732865776045,4.025865035377705,2020,10,9,42028,Zele,Onbekend,Onbekend,Dag,met lichtgewonden,9,personenauto,3,Fiets,Buiten Kruispunt,Gemeenteweg,binnen bebouwde kom,Tussen 2 bestuurders: Flank tegen flank,Geen hindernis
22257,125,Dendermonde totem,Dendermonde,51.0372706,4.1025998,1.711957886293135,51.022145886406854,4.107175142052477,2020,10,16,42006,Dendermonde,Onbekend,Onbekend,Dag,met lichtgewonden,3,Fiets,5,Lichte vrachtauto,Op Kruispunt,Gewestweg,binnen bebouwde kom,Tss. 2 best.: langs opzij (voor-/achterkant-flank),Geen hindernis
22257,122,Dendermonde teller 2,Dendermonde,51.0373918,4.1019222,1.7346125722657824,51.022145886406854,4.107175142052477,2020,10,16,42006,Dendermonde,Onbekend,Onbekend,Dag,met lichtgewonden,3,Fiets,5,Lichte vrachtauto,Op Kruispunt,Gewestweg,binnen bebouwde kom,Tss. 2 best.: langs opzij (voor-/achterkant-flank),Geen hindernis
22263,10,Aalst 2,Aalst,50.93549,4.01571,0.7404120380956087,50.9380044739872,4.025494017462398,2020,10,13,41002,Aalst,"Andere (dikke rook,...)",Droog,Dag,met lichtgewonden,3,Fiets,3,Fiets,Buiten Kruispunt,Gewestweg,binnen bebouwde kom,Tussen 2 bestuurders: Flank tegen flank,Geen hindernis
22263,11,Aalst 3,Aalst,50.93385,4.01647,0.7831136717638005,50.9380044739872,4.025494017462398,2020,10,13,41002,Aalst,"Andere (dikke rook,...)",Droog,Dag,met lichtgewonden,3,Fiets,3,Fiets,Buiten Kruispunt,Gewestweg,binnen bebouwde kom,Tussen 2 bestuurders: Flank tegen flank,Geen hindernis
22263,19,Aalst 1,Aalst,50.93433,4.01471,0.8590589923046588,50.9380044739872,4.025494017462398,2020,10,13,41002,Aalst,"Andere (dikke rook,...)",Droog,Dag,met lichtgewonden,3,Fiets,3,Fiets,Buiten Kruispunt,Gewestweg,binnen bebouwde kom,Tussen 2 bestuurders: Flank tegen flank,Geen hindernis
22266,10,Aalst 2,Aalst,50.93549,4.01571,0.748009160580785,50.93906877389328,4.024748903476416,2020,10,16,41002,Aalst,Normaal,Droog,Dag,met lichtgewonden,9,personenauto,3,Fiets,Buiten Kruispunt,Gemeenteweg,binnen bebouwde kom,Tss. 2 best.: langs opzij (voor-/achterkant-flank),Geen hindernis
22266,11,Aalst 3,Aalst,50.93385,4.01647,0.8205472161046851,50.93906877389328,4.024748903476416,2020,10,16,41002,Aalst,Normaal,Droog,Dag,met lichtgewonden,9,personenauto,3,Fiets,Buiten Kruispunt,Gemeenteweg,binnen bebouwde kom,Tss. 2 best.: langs opzij (voor-/achterkant-flank),Geen hindernis
22266,19,Aalst 1,Aalst,50.93433,4.01471,0.8789188899869961,50.93906877389328,4.024748903476416,2020,10,16,41002,Aalst,Normaal,Droog,Dag,met lichtgewonden,9,personenauto,3,Fiets,Buiten Kruispunt,Gemeenteweg,binnen bebouwde kom,Tss. 2 best.: langs opzij (voor-/achterkant-flank),Geen hindernis
22267,10,Aalst 2,Aalst,50.93549,4.01571,0.8590646870442824,50.939563540959185,4.026127180353981,2020,10,15,41002,Aalst,Normaal,Droog,Dag,met lichtgewonden,5,Lichte vrachtauto,3,Fiets,Buiten Kruispunt,Gemeenteweg,binnen bebouwde kom,Tss. 2 best.: langs opzij (voor-/achterkant-flank),Geen hindernis
22267,11,Aalst 3,Aalst,50.93385,4.01647,0.9282004207126291,50.939563540959185,4.026127180353981,2020,10,15,41002,Aalst,Normaal,Droog,Dag,met lichtgewonden,5,Lichte vrachtauto,3,Fiets,Buiten Kruispunt,Gemeenteweg,binnen bebouwde kom,Tss. 2 best.: langs opzij (voor-/achterkant-flank),Geen hindernis
22267,19,Aalst 1,Aalst,50.93433,4.01471,0.9892940182281932,50.939563540959185,4.026127180353981,2020,10,15,41002,Aalst,Normaal,Droog,Dag,met lichtgewonden,5,Lichte vrachtauto,3,Fiets,Buiten Kruispunt,Gemeenteweg,binnen bebouwde kom,Tss. 2 best.: langs opzij (voor-/achterkant-flank),Geen hindernis
22270,10,Aalst 2,Aalst,50.93549,4.01571,2.360392932552741,50.94294526516406,4.047250831815929,2020,10,17,41002,Aalst,Normaal,Droog,Dag,met lichtgewonden,9,personenauto,3,Fiets,Op Kruispunt,Gemeenteweg,binnen bebouwde kom,Tss. 2 best.: langs opzij (voor-/achterkant-flank),Geen hindernis
22270,11,Aalst 3,Aalst,50.93385,4.01647,2.382158472366471,50.94294526516406,4.047250831815929,2020,10,17,41002,Aalst,Normaal,Droog,Dag,met lichtgewonden,9,personenauto,3,Fiets,Op Kruispunt,Gemeenteweg,binnen bebouwde kom,Tss. 2 best.: langs opzij (voor-/achterkant-flank),Geen hindernis
22270,19,Aalst 1,Aalst,50.93433,4.01471,2.473195501169127,50.94294526516406,4.047250831815929,2020,10,17,41002,Aalst,Normaal,Droog,Dag,met lichtgewonden,9,personenauto,3,Fiets,Op Kruispunt,Gemeenteweg,binnen bebouwde kom,Tss. 2 best.: langs opzij (voor-/achterkant-flank),Geen hindernis
22275,122,Dendermonde teller 2,Dendermonde,51.0373918,4.1019222,1.9627962627188393,51.054888144336736,4.105640858386987,2020,10,8,42006,Dendermonde,Normaal,Droog,Dag,met lichtgewonden,9,personenauto,3,Fiets,Op Kruispunt,Gewestweg,binnen bebouwde kom,Tss. 2 best.: langs opzij (voor-/achterkant-flank),Geen hindernis
22275,125,Dendermonde totem,Dendermonde,51.0372706,4.1025998,1.9704833627733316,51.054888144336736,4.105640858386987,2020,10,8,42006,Dendermonde,Normaal,Droog,Dag,met lichtgewonden,9,personenauto,3,Fiets,Op Kruispunt,Gewestweg,binnen bebouwde kom,Tss. 2 best.: langs opzij (voor-/achterkant-flank),Geen hindernis
22276,125,Dendermonde totem,Dendermonde,51.0372706,4.1025998,1.9776578111784333,51.03781201919492,4.130871029038131,2020,10,8,42006,Dendermonde,Normaal,Droog,Dag,met lichtgewonden,9,personenauto,3,Fiets,Buiten Kruispunt,Gewestweg,binnen bebouwde kom,Tss. 2 best.: langs opzij (voor-/achterkant-flank),Geen hindernis
22276,122,Dendermonde teller 2,Dendermonde,51.0373918,4.1019222,2.0246560698706575,51.03781201919492,4.130871029038131,2020,10,8,42006,Dendermonde,Normaal,Droog,Dag,met lichtgewonden,9,personenauto,3,Fiets,Buiten Kruispunt,Gewestweg,binnen bebouwde kom,Tss. 2 best.: langs opzij (voor-/achterkant-flank),Geen hindernis
22278,122,Dendermonde teller 2,Dendermonde,51.0373918,4.1019222,1.7492549567649345,51.027233230602775,4.082822091416917,2020,10,10,42006,Dendermonde,Normaal,Droog,Dag,met zwaargewonden,3,Fiets,11,een weggebruiker tegen een hindernis,Buiten Kruispunt,Gemeenteweg,binnen bebouwde kom,Weggebruiker tegen hindernis op de rijbaan,"Op de rijbaan: Werken (signal., aarde, toestel,…)"
22278,125,Dendermonde totem,Dendermonde,51.0372706,4.1025998,1.7772037772241047,51.027233230602775,4.082822091416917,2020,10,10,42006,Dendermonde,Normaal,Droog,Dag,met zwaargewonden,3,Fiets,11,een weggebruiker tegen een hindernis,Buiten Kruispunt,Gemeenteweg,binnen bebouwde kom,Weggebruiker tegen hindernis op de rijbaan,"Op de rijbaan: Werken (signal., aarde, toestel,…)"
22282,50,"Brugge, Sint-Andries",Brugge,51.19291,3.16252,1.4177169999215262,51.195838821917405,3.1823209726293116,2020,10,16,31005,Brugge,Normaal,"Nat, plassen",Dag,met lichtgewonden,3,Fiets,9,personenauto,Op Kruispunt,Gemeenteweg,binnen bebouwde kom,Tussen 2 bestuurders: Frontale botsing,Geen hindernis
22282,51,"Brugge, Sint-Andries",Brugge,51.19281,3.16252,1.4203139935333415,51.195838821917405,3.1823209726293116,2020,10,16,31005,Brugge,Normaal,"Nat, plassen",Dag,met lichtgewonden,3,Fiets,9,personenauto,Op Kruispunt,Gemeenteweg,binnen bebouwde kom,Tussen 2 bestuurders: Frontale botsing,Geen hindernis
22283,20,Brugge,Brugge,51.17416,3.20048,1.6231056918548306,51.18867508301944,3.2029426141064468,2020,10,16,31005,Brugge,Normaal,"Nat, plassen",Dag,met lichtgewonden,9,personenauto,3,Fiets,Op Kruispunt,Gemeenteweg,binnen bebouwde kom,Tussen 2 bestuurders: Frontale botsing,Geen hindernis
22284,142,TEST Validatie BRUGGE Y2H22022134,Brugge,51.22632,3.24095,1.5065984638268821,51.21280463281453,3.242477000736279,2020,10,8,31005,Brugge,Normaal,"Nat, plassen",Dag,met lichtgewonden,5,Lichte vrachtauto,3,Fiets,Op Kruispunt,Gemeenteweg,binnen bebouwde kom,Tss. 2 best.: langs opzij (voor-/achterkant-flank),Geen hindernis
22284,52,Brugge,Brugge,51.22632,3.24095,1.5065984638268821,51.21280463281453,3.242477000736279,2020,10,8,31005,Brugge,Normaal,"Nat, plassen",Dag,met lichtgewonden,5,Lichte vrachtauto,3,Fiets,Op Kruispunt,Gemeenteweg,binnen bebouwde kom,Tss. 2 best.: langs opzij (voor-/achterkant-flank),Geen hindernis
22284,54,Brugge teller 2,Brugge,51.23015,3.22818,2.1705598363455056,51.21280463281453,3.242477000736279,2020,10,8,31005,Brugge,Normaal,"Nat, plassen",Dag,met lichtgewonden,5,Lichte vrachtauto,3,Fiets,Op Kruispunt,Gemeenteweg,binnen bebouwde kom,Tss. 2 best.: langs opzij (voor-/achterkant-flank),Geen hindernis
22284,53,Brugge teller 1,Brugge,51.23023,3.228,2.184225666916266,51.21280463281453,3.242477000736279,2020,10,8,31005,Brugge,Normaal,"Nat, plassen",Dag,met lichtgewonden,5,Lichte vrachtauto,3,Fiets,Op Kruispunt,Gemeenteweg,binnen bebouwde kom,Tss. 2 best.: langs opzij (voor-/achterkant-flank),Geen hindernis
22288,20,Brugge,Brugge,51.17416,3.20048,2.0228904177609266,51.18544521358506,3.223241932752244,2020,10,18,31005,Brugge,Normaal,Droog,"Nacht, openbare verlichting aanwezig en ontstoken",met lichtgewonden,9,personenauto,3,Fiets,Op Kruispunt,Gewestweg,binnen bebouwde kom,Tss. 2 best.: langs opzij (voor-/achterkant-flank),Geen hindernis
22290,20,Brugge,Brugge,51.17416,3.20048,2.4855516225903904,51.196513063922225,3.2005464852979313,2020,10,16,31005,Brugge,Normaal,Droog,Dag,met lichtgewonden,9,personenauto,3,Fiets,Op Kruispunt,Gewestweg,binnen bebouwde kom,Tss. 2 best.: langs opzij (voor-/achterkant-flank),Geen hindernis
22291,20,Brugge,Brugge,51.17416,3.20048,1.6391020208514475,51.18809161824374,3.192796060803859,2020,10,8,31005,Brugge,Normaal,Droog,Dag,met lichtgewonden,9,personenauto,3,Fiets,Op Kruispunt,Gewestweg,binnen bebouwde kom,Tss. 2 best.: langs opzij (voor-/achterkant-flank),Geen hindernis
22291,51,"Brugge, Sint-Andries",Brugge,51.19281,3.16252,2.174180108031499,51.18809161824374,3.192796060803859,2020,10,8,31005,Brugge,Normaal,Droog,Dag,met lichtgewonden,9,personenauto,3,Fiets,Op Kruispunt,Gewestweg,binnen bebouwde kom,Tss. 2 best.: langs opzij (voor-/achterkant-flank),Geen hindernis
22291,50,"Brugge, Sint-Andries",Brugge,51.19291,3.16252,2.1768879238025223,51.18809161824374,3.192796060803859,2020,10,8,31005,Brugge,Normaal,Droog,Dag,met lichtgewonden,9,personenauto,3,Fiets,Op Kruispunt,Gewestweg,binnen bebouwde kom,Tss. 2 best.: langs opzij (voor-/achterkant-flank),Geen hindernis
22292,54,Brugge teller 2,Brugge,51.23015,3.22818,2.2665049328734175,51.212538060863224,3.211796436990681,2020,10,7,31005,Brugge,Normaal,Droog,Dageraad - schemering,met lichtgewonden,9,personenauto,3,Fiets,Op Kruispunt,Gemeenteweg,binnen bebouwde kom,Tussen 2 bestuurders: Flank tegen flank,Geen hindernis
22292,53,Brugge teller 1,Brugge,51.23023,3.228,2.2679315962048943,51.212538060863224,3.211796436990681,2020,10,7,31005,Brugge,Normaal,Droog,Dageraad - schemering,met lichtgewonden,9,personenauto,3,Fiets,Op Kruispunt,Gemeenteweg,binnen bebouwde kom,Tussen 2 bestuurders: Flank tegen flank,Geen hindernis
22295,142,TEST Validatie BRUGGE Y2H22022134,Brugge,51.22632,3.24095,0.6728511395076101,51.221903282149036,3.234345520493266,2020,10,8,31005,Brugge,Normaal,"Nat, plassen",Dag,met zwaargewonden,4,Vrachtwagen,3,Fiets,Op Kruispunt,Gewestweg,buiten bebouwde kom,Tussen 2 bestuurders: Flank tegen flank,Geen hindernis
22295,52,Brugge,Brugge,51.22632,3.24095,0.6728511395076101,51.221903282149036,3.234345520493266,2020,10,8,31005,Brugge,Normaal,"Nat, plassen",Dag,met zwaargewonden,4,Vrachtwagen,3,Fiets,Op Kruispunt,Gewestweg,buiten bebouwde kom,Tussen 2 bestuurders: Flank tegen flank,Geen hindernis
22295,54,Brugge teller 2,Brugge,51.23015,3.22818,1.0125266012364293,51.221903282149036,3.234345520493266,2020,10,8,31005,Brugge,Normaal,"Nat, plassen",Dag,met zwaargewonden,4,Vrachtwagen,3,Fiets,Op Kruispunt,Gewestweg,buiten bebouwde kom,Tussen 2 bestuurders: Flank tegen flank,Geen hindernis
22295,53,Brugge teller 1,Brugge,51.23023,3.228,1.0259256888321373,51.221903282149036,3.234345520493266,2020,10,8,31005,Brugge,Normaal,"Nat, plassen",Dag,met zwaargewonden,4,Vrachtwagen,3,Fiets,Op Kruispunt,Gewestweg,buiten bebouwde kom,Tussen 2 bestuurders: Flank tegen flank,Geen hindernis
22296,54,Brugge teller 2,Brugge,51.23015,3.22818,2.215217653079262,51.2121455820416,3.214564107874325,2020,10,21,31005,Brugge,Onbekend,Droog,"Nacht, openbare verlichting aanwezig en ontstoken",met lichtgewonden,3,Fiets,11,een weggebruiker tegen een hindernis,Buiten Kruispunt,Gewestweg,buiten bebouwde kom,Weggebruiker tegen hindernis buiten rijbaan,Buiten de rijbaan: Muur gebouw
22296,53,Brugge teller 1,Brugge,51.23023,3.228,2.2179422388790813,51.2121455820416,3.214564107874325,2020,10,21,31005,Brugge,Onbekend,Droog,"Nacht, openbare verlichting aanwezig en ontstoken",met lichtgewonden,3,Fiets,11,een weggebruiker tegen een hindernis,Buiten Kruispunt,Gewestweg,buiten bebouwde kom,Weggebruiker tegen hindernis buiten rijbaan,Buiten de rijbaan: Muur gebouw
22296,52,Brugge,Brugge,51.22632,3.24095,2.420993493204477,51.2121455820416,3.214564107874325,2020,10,21,31005,Brugge,Onbekend,Droog,"Nacht, openbare verlichting aanwezig en ontstoken",met lichtgewonden,3,Fiets,11,een weggebruiker tegen een hindernis,Buiten Kruispunt,Gewestweg,buiten bebouwde kom,Weggebruiker tegen hindernis buiten rijbaan,Buiten de rijbaan: Muur gebouw
22296,142,TEST Validatie BRUGGE Y2H22022134,Brugge,51.22632,3.24095,2.420993493204477,51.2121455820416,3.214564107874325,2020,10,21,31005,Brugge,Onbekend,Droog,"Nacht, openbare verlichting aanwezig en ontstoken",met lichtgewonden,3,Fiets,11,een weggebruiker tegen een hindernis,Buiten Kruispunt,Gewestweg,buiten bebouwde kom,Weggebruiker tegen hindernis buiten rijbaan,Buiten de rijbaan: Muur gebouw
22297,53,Brugge teller 1,Brugge,51.23023,3.228,0.059950975093986066,51.23073205099299,3.2283138740938355,2020,10,7,31005,Brugge,Normaal,"Nat, plassen","Nacht, openbare verlichting aanwezig en ontstoken",met lichtgewonden,5,Lichte vrachtauto,3,Fiets,Op Kruispunt,Gewestweg,binnen bebouwde kom,Tss. 2 best.: langs opzij (voor-/achterkant-flank),Geen hindernis
22297,54,Brugge teller 2,Brugge,51.23015,3.22818,0.06538894441693058,51.23073205099299,3.2283138740938355,2020,10,7,31005,Brugge,Normaal,"Nat, plassen","Nacht, openbare verlichting aanwezig en ontstoken",met lichtgewonden,5,Lichte vrachtauto,3,Fiets,Op Kruispunt,Gewestweg,binnen bebouwde kom,Tss. 2 best.: langs opzij (voor-/achterkant-flank),Geen hindernis
22297,52,Brugge,Brugge,51.22632,3.24095,1.0074090022130449,51.23073205099299,3.2283138740938355,2020,10,7,31005,Brugge,Normaal,"Nat, plassen","Nacht, openbare verlichting aanwezig en ontstoken",met lichtgewonden,5,Lichte vrachtauto,3,Fiets,Op Kruispunt,Gewestweg,binnen bebouwde kom,Tss. 2 best.: langs opzij (voor-/achterkant-flank),Geen hindernis
22297,142,TEST Validatie BRUGGE Y2H22022134,Brugge,51.22632,3.24095,1.0074090022130449,51.23073205099299,3.2283138740938355,2020,10,7,31005,Brugge,Normaal,"Nat, plassen","Nacht, openbare verlichting aanwezig en ontstoken",met lichtgewonden,5,Lichte vrachtauto,3,Fiets,Op Kruispunt,Gewestweg,binnen bebouwde kom,Tss. 2 best.: langs opzij (voor-/achterkant-flank),Geen hindernis
22298,54,Brugge teller 2,Brugge,51.23015,3.22818,1.2489561245733043,51.21958450327336,3.222093181194017,2020,10,19,31005,Brugge,Normaal,Droog,Dag,met lichtgewonden,9,personenauto,3,Fiets,Buiten Kruispunt,Gewestweg,binnen bebouwde kom,Tss. 2 best.: langs opzij (voor-/achterkant-flank),Geen hindernis
22298,53,Brugge teller 1,Brugge,51.23023,3.228,1.2531571049032617,51.21958450327336,3.222093181194017,2020,10,19,31005,Brugge,Normaal,Droog,Dag,met lichtgewonden,9,personenauto,3,Fiets,Buiten Kruispunt,Gewestweg,binnen bebouwde kom,Tss. 2 best.: langs opzij (voor-/achterkant-flank),Geen hindernis
22298,52,Brugge,Brugge,51.22632,3.24095,1.5117597939726788,51.21958450327336,3.222093181194017,2020,10,19,31005,Brugge,Normaal,Droog,Dag,met lichtgewonden,9,personenauto,3,Fiets,Buiten Kruispunt,Gewestweg,binnen bebouwde kom,Tss. 2 best.: langs opzij (voor-/achterkant-flank),Geen hindernis
22298,142,TEST Validatie BRUGGE Y2H22022134,Brugge,51.22632,3.24095,1.5117597939726788,51.21958450327336,3.222093181194017,2020,10,19,31005,Brugge,Normaal,Droog,Dag,met lichtgewonden,9,personenauto,3,Fiets,Buiten Kruispunt,Gewestweg,binnen bebouwde kom,Tss. 2 best.: langs opzij (voor-/achterkant-flank),Geen hindernis
22310,15,Oostende 2,Oostende,51.21371,2.92743,1.644953463218529,51.22646793659758,2.9154735590370557,2020,10,15,35013,Oostende,Normaal,Droog,Dag,met lichtgewonden,3,Fiets,9,personenauto,Buiten Kruispunt,Gewestweg,binnen bebouwde kom,Tss. 2 best.: langs opzij (voor-/achterkant-flank),Geen hindernis
22310,18,Oostende 1,Oostende,51.21378,2.92765,1.6460860348457522,51.22646793659758,2.9154735590370557,2020,10,15,35013,Oostende,Normaal,Droog,Dag,met lichtgewonden,3,Fiets,9,personenauto,Buiten Kruispunt,Gewestweg,binnen bebouwde kom,Tss. 2 best.: langs opzij (voor-/achterkant-flank),Geen hindernis
22311,18,Oostende 1,Oostende,51.21378,2.92765,1.403774388093989,51.22323177392381,2.941011538591952,2020,10,16,35013,Oostende,Regenval,"Nat, plassen",Dag,met lichtgewonden,9,personenauto,3,Fiets,Op Kruispunt,Gewestweg,buiten bebouwde kom,Tss. 2 best.: langs opzij (voor-/achterkant-flank),Geen hindernis
22311,15,Oostende 2,Oostende,51.21371,2.92743,1.4197739658792046,51.22323177392381,2.941011538591952,2020,10,16,35013,Oostende,Regenval,"Nat, plassen",Dag,met lichtgewonden,9,personenauto,3,Fiets,Op Kruispunt,Gewestweg,buiten bebouwde kom,Tss. 2 best.: langs opzij (voor-/achterkant-flank),Geen hindernis
22325,84,Roeselare totem,Izegem,50.91717,3.18772,2.035830392672045,50.92091424035804,3.216148307946573,2020,10,7,36008,Izegem,Normaal,"Nat, plassen",Dag,met lichtgewonden,3,Fiets,9,personenauto,Op Kruispunt,Gemeenteweg,binnen bebouwde kom,Tss. 2 best.: langs opzij (voor-/achterkant-flank),Geen hindernis
22327,61,Wervik teller 2,Wervik,50.80555,3.0921,1.7175364627150853,50.803048199924646,3.1162185425435625,2020,10,15,34027,Menen,Normaal,Droog,Dag,met lichtgewonden,3,Fiets,9,personenauto,Buiten Kruispunt,Gemeenteweg,binnen bebouwde kom,Tussen 2 bestuurders: Frontale botsing,Geen hindernis