crash_row_id,site_id,site_name,site_gemeente,site_lat,site_long,distance_km,crash_lat,crash_long,DT_YEAR_COLLISION,DT_MONTH_COLLISION,DT_TIME,CD_NIS,TX_MUNTY_COLLISION_NL,TX_WEATHER_NL,TX_ROAD_CONDITION_NL,TX_LIGHT_CONDITION_NL,TX_CLASS_ACCIDENTS_NL,CD_ROAD_USR_TYPE1,TX_ROAD_USR_TYPE1_NL,CD_ROAD_USR_TYPE2,TX_ROAD_USR_TYPE2_NL,TX_CROSSWAY_NL,CD_ROAD_TYPE_NL,TX_BUILD_UP_AREA_NL,TX_COLLISION_TYPE_NL,TX_OBSTACLES_NL
22327,62,Wervik teller 1,Wervik,50.8058,3.09154,1.760993029712595,50.803048199924646,3.1162185425435625,2020,10,15,34027,Menen,Normaal,Droog,Dag,met lichtgewonden,3,Fiets,9,personenauto,Buiten Kruispunt,Gemeenteweg,binnen bebouwde kom,Tussen 2 bestuurders: Frontale botsing,Geen hindernis
22329,143,Eco Display Classic Budastraat,Kortrijk,50.83066,3.26286,0.25917056845162223,50.83280133393762,3.26431731485555,2020,10,8,34022,Kortrijk,Onbekend,Onbekend,Onbekend,met lichtgewonden,3,Fiets,3,Fiets,Buiten Kruispunt,Gemeenteweg,onbekend,Tss. 2 best.: langs opzij (voor-/achterkant-flank),Geen hindernis
22329,17,Kortrijk 2,Kortrijk,50.83339,3.27773,0.9442265457983806,50.83280133393762,3.26431731485555,2020,10,8,34022,Kortrijk,Onbekend,Onbekend,Onbekend,met lichtgewonden,3,Fiets,3,Fiets,Buiten Kruispunt,Gemeenteweg,onbekend,Tss. 2 best.: langs opzij (voor-/achterkant-flank),Geen hindernis
22329,16,Kortrijk 1,Kortrijk,50.83332,3.27777,0.9465235238121305,50.83280133393762,3.26431731485555,2020,10,8,34022,Kortrijk,Onbekend,Onbekend,Onbekend,met lichtgewonden,3,Fiets,3,Fiets,Buiten Kruispunt,Gemeenteweg,onbekend,Tss. 2 best.: langs opzij (voor-/achterkant-flank),Geen hindernis
22329,75,Kortrijk teller 2,Kortrijk,50.81925,3.25731,1.5851862509989343,50.83280133393762,3.26431731485555,2020,10,8,34022,Kortrijk,Onbekend,Onbekend,Onbekend,met lichtgewonden,3,Fiets,3,Fiets,Buiten Kruispunt,Gemeenteweg,onbekend,Tss. 2 best.: langs opzij (voor-/achterkant-flank),Geen hindernis
22329,74,Kortrijk teller 1,Kortrijk,50.81909,3.25728,1.6027565154715828,50.83280133393762,3.26431731485555,2020,10,8,34022,Kortrijk,Onbekend,Onbekend,Onbekend,met lichtgewonden,3,Fiets,3,Fiets,Buiten Kruispunt,Gemeenteweg,onbekend,Tss. 2 best.: langs opzij (voor-/achterkant-flank),Geen hindernis
22330,16,Kortrijk 1,Kortrijk,50.83332,3.27777,0.6469876265224566,50.82830876532921,3.2730887024552064,2020,10,16,34022,Kortrijk,Onbekend,Onbekend,Onbekend,met lichtgewonden,3,Fiets,9,personenauto,Op Kruispunt,Gewestweg,binnen bebouwde kom,Tss. 2 best.: langs opzij (voor-/achterkant-flank),Geen hindernis
22330,17,Kortrijk 2,Kortrijk,50.83339,3.27773,0.6522948062965304,50.82830876532921,3.2730887024552064,2020,10,16,34022,Kortrijk,Onbekend,Onbekend,Onbekend,met lichtgewonden,3,Fiets,9,personenauto,Op Kruispunt,Gewestweg,binnen bebouwde kom,Tss. 2 best.: langs opzij (voor-/achterkant-flank),Geen hindernis
22330,143,Eco Display Classic Budastraat,Kortrijk,50.83066,3.26286,0.7644982443498616,50.82830876532921,3.2730887024552064,2020,10,16,34022,Kortrijk,Onbekend,Onbekend,Onbekend,met lichtgewonden,3,Fiets,9,personenauto,Op Kruispunt,Gewestweg,binnen bebouwde kom,Tss. 2 best.: langs opzij (voor-/achterkant-flank),Geen hindernis
22330,75,Kortrijk teller 2,Kortrijk,50.81925,3.25731,1.4976797369135075,50.82830876532921,3.2730887024552064,2020,10,16,34022,Kortrijk,Onbekend,Onbekend,Onbekend,met lichtgewonden,3,Fiets,9,personenauto,Op Kruispunt,Gewestweg,binnen bebouwde kom,Tss. 2 best.: langs opzij (voor-/achterkant-flank),Geen hindernis
22330,74,Kortrijk teller 1,Kortrijk,50.81909,3.25728,1.5112520218710368,50.82830876532921,3.2730887024552064,2020,10,16,34022,Kortrijk,Onbekend,Onbekend,Onbekend,met lichtgewonden,3,Fiets,9,personenauto,Op Kruispunt,Gewestweg,binnen bebouwde kom,Tss. 2 best.: langs opzij (voor-/achterkant-flank),Geen hindernis
22331,143,Eco Display Classic Budastraat,Kortrijk,50.83066,3.26286,0.1417491065396488,50.831601846303855,3.261499878687489,2020,10,12,34022,Kortrijk,Normaal,Droog,Dag,met lichtgewonden,3,Fiets,3,Fiets,Op Kruispunt,Gemeenteweg,binnen bebouwde kom,Kettingbotsing (3 bestuurders of meer),Geen hindernis
22331,17,Kortrijk 2,Kortrijk,50.83339,3.27773,1.1570468000883398,50.831601846303855,3.261499878687489,2020,10,12,34022,Kortrijk,Normaal,Droog,Dag,met lichtgewonden,3,Fiets,3,Fiets,Op Kruispunt,Gemeenteweg,binnen bebouwde kom,Kettingbotsing (3 bestuurders of meer),Geen hindernis
22331,16,Kortrijk 1,Kortrijk,50.83332,3.27777,1.158506123457049,50.831601846303855,3.261499878687489,2020,10,12,34022,Kortrijk,Normaal,Droog,Dag,met lichtgewonden,3,Fiets,3,Fiets,Op Kruispunt,Gemeenteweg,binnen bebouwde kom,Kettingbotsing (3 bestuurders of meer),Geen hindernis
22331,75,Kortrijk teller 2,Kortrijk,50.81925,3.25731,1.4046390674628075,50.831601846303855,3.261499878687489,2020,10,12,34022,Kortrijk,Normaal,Droog,Dag,met lichtgewonden,3,Fiets,3,Fiets,Op Kruispunt,Gemeenteweg,binnen bebouwde kom,Kettingbotsing (3 bestuurders of meer),Geen hindernis
22331,74,Kortrijk teller 1,Kortrijk,50.81909,3.25728,1.422477956019393,50.831601846303855,3.261499878687489,2020,10,12,34022,Kortrijk,Normaal,Droog,Dag,met lichtgewonden,3,Fiets,3,Fiets,Op Kruispunt,Gemeenteweg,binnen bebouwde kom,Kettingbotsing (3 bestuurders of meer),Geen hindernis
22332,17,Kortrijk 2,Kortrijk,50.83339,3.27773,1.2998922647738311,50.8449860660927,3.280074649842259,2020,10,12,34023,Kuurne,Normaal,Droog,Dag,met lichtgewonden,9,personenauto,3,Fiets,Buiten Kruispunt,Gemeenteweg,binnen bebouwde kom,Tss. 2 best.: langs opzij (voor-/achterkant-flank),Geen hindernis
22332,16,Kortrijk 1,Kortrijk,50.83332,3.27777,1.3072629308865988,50.8449860660927,3.280074649842259,2020,10,12,34023,Kuurne,Normaal,Droog,Dag,met lichtgewonden,9,personenauto,3,Fiets,Buiten Kruispunt,Gemeenteweg,binnen bebouwde kom,Tss. 2 best.: langs opzij (voor-/achterkant-flank),Geen hindernis
22332,143,Eco Display Classic Budastraat,Kortrijk,50.83066,3.26286,1.9997241620524004,50.8449860660927,3.280074649842259,2020,10,12,34023,Kuurne,Normaal,Droog,Dag,met lichtgewonden,9,personenauto,3,Fiets,Buiten Kruispunt,Gemeenteweg,binnen bebouwde kom,Tss. 2 best.: langs opzij (voor-/achterkant-flank),Geen hindernis
22333,74,Kortrijk teller 1,Kortrijk,50.81909,3.25728,1.4169525220085744,50.81263554374808,3.2746702296440184,2020,10,17,34022,Kortrijk,Onbekend,Onbekend,Onbekend,met lichtgewonden,3,Fiets,9,personenauto,Op Kruispunt,Gewestweg,onbekend,Tss. 2 best.: langs opzij (voor-/achterkant-flank),Geen hindernis
22333,75,Kortrijk teller 2,Kortrijk,50.81925,3.25731,1.4242394135481546,50.81263554374808,3.2746702296440184,2020,10,17,34022,Kortrijk,Onbekend,Onbekend,Onbekend,met lichtgewonden,3,Fiets,9,personenauto,Op Kruispunt,Gewestweg,onbekend,Tss. 2 best.: langs opzij (voor-/achterkant-flank),Geen hindernis
22333,143,Eco Display Classic Budastraat,Kortrijk,50.83066,3.26286,2.169147228937046,50.81263554374808,3.2746702296440184,2020,10,17,34022,Kortrijk,Onbekend,Onbekend,Onbekend,met lichtgewonden,3,Fiets,9,personenauto,Op Kruispunt,Gewestweg,onbekend,Tss. 2 best.: langs opzij (voor-/achterkant-flank),Geen hindernis
22333,16,Kortrijk 1,Kortrijk,50.83332,3.27777,2.3102902440527715,50.81263554374808,3.2746702296440184,2020,10,17,34022,Kortrijk,Onbekend,Onbekend,Onbekend,met lichtgewonden,3,Fiets,9,personenauto,Op Kruispunt,Gewestweg,onbekend,Tss. 2 best.: langs opzij (voor-/achterkant-flank),Geen hindernis
22333,17,Kortrijk 2,Kortrijk,50.83339,3.27773,2.3177771030764247,50.81263554374808,3.2746702296440184,2020,10,17,34022,Kortrijk,Onbekend,Onbekend,Onbekend,met lichtgewonden,3,Fiets,9,personenauto,Op Kruispunt,Gewestweg,onbekend,Tss. 2 best.: langs opzij (voor-/achterkant-flank),Geen hindernis
22334,143,Eco Display Classic Budastraat,Kortrijk,50.83066,3.26286,0.5294301627811706,50.829616215981204,3.2555051845284853,2020,10,16,34022,Kortrijk,Normaal,Droog,Dageraad - schemering,met zwaargewonden,3,Fiets,3,Fiets,Buiten Kruispunt,Gemeenteweg,binnen bebouwde kom,Tussen 2 bestuurders: Frontale botsing,Geen hindernis
22334,75,Kortrijk teller 2,Kortrijk,50.81925,3.25731,1.1596210768978275,50.829616215981204,3.2555051845284853,2020,10,16,34022,Kortrijk,Normaal,Droog,Dageraad - schemering,met zwaargewonden,3,Fiets,3,Fiets,Buiten Kruispunt,Gemeenteweg,binnen bebouwde kom,Tussen 2 bestuurders: Frontale botsing,Geen hindernis
22334,74,Kortrijk teller 1,Kortrijk,50.81909,3.25728,1.1770822129303875,50.829616215981204,3.2555051845284853,2020,10,16,34022,Kortrijk,Normaal,Droog,Dageraad - schemering,met zwaargewonden,3,Fiets,3,Fiets,Buiten Kruispunt,Gemeenteweg,binnen bebouwde kom,Tussen 2 bestuurders: Frontale botsing,Geen hindernis
22334,17,Kortrijk 2,Kortrijk,50.83339,3.27773,1.6162946202987813,50.829616215981204,3.2555051845284853,2020,10,16,34022,Kortrijk,Normaal,Droog,Dageraad - schemering,met zwaargewonden,3,Fiets,3,Fiets,Buiten Kruispunt,Gemeenteweg,binnen bebouwde kom,Tussen 2 bestuurders: Frontale botsing,Geen hindernis
22334,16,Kortrijk 1,Kortrijk,50.83332,3.27777,1.6170088891903867,50.829616215981204,3.2555051845284853,2020,10,16,34022,Kortrijk,Normaal,Droog,Dageraad - schemering,met zwaargewonden,3,Fiets,3,Fiets,Buiten Kruispunt,Gemeenteweg,binnen bebouwde kom,Tussen 2 bestuurders: Frontale botsing,Geen hindernis
22335,17,Kortrijk 2,Kortrijk,50.83339,3.27773,0.4008729390719348,50.83405771536308,3.2721205732494374,2020,10,7,34022,Kortrijk,Onbekend,Onbekend,Dageraad - schemering,met lichtgewonden,4,Vrachtwagen,3,Fiets,Buiten Kruispunt,Gemeenteweg,binnen bebouwde kom,Tussen 2 bestuurders: Flank tegen flank,Geen hindernis
22335,16,Kortrijk 1,Kortrijk,50.83332,3.27777,0.4051380857786835,50.83405771536308,3.2721205732494374,2020,10,7,34022,Kortrijk,Onbekend,Onbekend,Dageraad - schemering,met lichtgewonden,4,Vrachtwagen,3,Fiets,Buiten Kruispunt,Gemeenteweg,binnen bebouwde kom,Tussen 2 bestuurders: Flank tegen flank,Geen hindernis
22335,143,Eco Display Classic Budastraat,Kortrijk,50.83066,3.26286,0.7521422209813058,50.83405771536308,3.2721205732494374,2020,10,7,34022,Kortrijk,Onbekend,Onbekend,Dageraad - schemering,met lichtgewonden,4,Vrachtwagen,3,Fiets,Buiten Kruispunt,Gemeenteweg,binnen bebouwde kom,Tussen 2 bestuurders: Flank tegen flank,Geen hindernis
22335,75,Kortrijk teller 2,Kortrijk,50.81925,3.25731,1.9476307749954334,50.83405771536308,3.2721205732494374,2020,10,7,34022,Kortrijk,Onbekend,Onbekend,Dageraad - schemering,met lichtgewonden,4,Vrachtwagen,3,Fiets,Buiten Kruispunt,Gemeenteweg,binnen bebouwde kom,Tussen 2 bestuurders: Flank tegen flank,Geen hindernis
22335,74,Kortrijk teller 1,Kortrijk,50.81909,3.25728,1.9638131898826878,50.83405771536308,3.2721205732494374,2020,10,7,34022,Kortrijk,Onbekend,Onbekend,Dageraad - schemering,met lichtgewonden,4,Vrachtwagen,3,Fiets,Buiten Kruispunt,Gemeenteweg,binnen bebouwde kom,Tussen 2 bestuurders: Flank tegen flank,Geen hindernis
22336,17,Kortrijk 2,Kortrijk,50.83339,3.27773,2.0899480629262874,50.84987751292624,3.292020089557189,2020,10,15,34023,Kuurne,Normaal,Droog,Dag,met lichtgewonden,9,personenauto,3,Fiets,Op Kruispunt,Gemeenteweg,binnen bebouwde kom,Tss. 2 best.: langs opzij (voor-/achterkant-flank),Geen hindernis
22336,16,Kortrijk 1,Kortrijk,50.83332,3.27777,2.0954370704392993,50.84987751292624,3.292020089557189,2020,10,15,34023,Kuurne,Normaal,Droog,Dag,met lichtgewonden,9,personenauto,3,Fiets,Op Kruispunt,Gemeenteweg,binnen bebouwde kom,Tss. 2 best.: langs opzij (voor-/achterkant-flank),Geen hindernis
22337,17,Kortrijk 2,Kortrijk,50.83339,3.27773,2.049532003932546,50.85113532223829,3.269837524630987,2020,10,14,34023,Kuurne,Normaal,Droog,Dag,met lichtgewonden,9,personenauto,3,Fiets,Op Kruispunt,Gewestweg,buiten bebouwde kom,Tussen 2 bestuurders: Flank tegen flank,Geen hindernis
22337,16,Kortrijk 1,Kortrijk,50.83332,3.27777,2.057785329978927,50.85113532223829,3.269837524630987,2020,10,14,34023,Kuurne,Normaal,Droog,Dag,met lichtgewonden,9,personenauto,3,Fiets,Op Kruispunt,Gewestweg,buiten bebouwde kom,Tussen 2 bestuurders: Flank tegen flank,Geen hindernis
22337,143,Eco Display Classic Budastraat,Kortrijk,50.83066,3.26286,2.328871180490232,50.85113532223829,3.269837524630987,2020,10,14,34023,Kuurne,Normaal,Droog,Dag,met lichtgewonden,9,personenauto,3,Fiets,Op Kruispunt,Gewestweg,buiten bebouwde kom,Tussen 2 bestuurders: Flank tegen flank,Geen hindernis
22355,67,Ieper totem,Ieper,50.85018,2.85624,1.4072956238660723,50.85119953517,2.87622117095374,2020,10,17,33011,Ieper,Normaal,Droog,Dag,met lichtgewonden,3,Fiets,10,"één bestuurder, geen hindernis",Op Kruispunt,Gewestweg,binnen bebouwde kom,"Eén bestuurder, geen hindernis (incl. val)",Geen hindernis
22355,68,Ieper,Ieper,50.85032,2.85608,1.417330437439029,50.85119953517,2.87622117095374,2020,10,17,33011,Ieper,Normaal,Droog,Dag,met lichtgewonden,3,Fiets,10,"één bestuurder, geen hindernis",Op Kruispunt,Gewestweg,binnen bebouwde kom,"Eén bestuurder, geen hindernis (incl. val)",Geen hindernis
22361,41,Maasmechelen teller 1,Maasmechelen,50.97025,5.69799,1.08230483260272,50.97021632585792,5.682533479206796,2020,10,9,73107,Maasmechelen,Normaal,Droog,Dag,met lichtgewonden,9,personenauto,3,Fiets,Op Kruispunt,Gewestweg,binnen bebouwde kom,Tss. 2 best.: langs opzij (voor-/achterkant-flank),Geen hindernis
22361,42,Maasmechelen teller 2,Maasmechelen,50.97043,5.6981,1.090257596952637,50.97021632585792,5.682533479206796,2020,10,9,73107,Maasmechelen,Normaal,Droog,Dag,met lichtgewonden,9,personenauto,3,Fiets,Op Kruispunt,Gewestweg,binnen bebouwde kom,Tss. 2 best.: langs opzij (voor-/achterkant-flank),Geen hindernis
22363,42,Maasmechelen teller 2,Maasmechelen,50.97043,5.6981,1.9097877476300966,50.98681569317059,5.689924689453604,2020,10,8,73107,Maasmechelen,Normaal,"Nat, plassen",Dag,met lichtgewonden,9,personenauto,3,Fiets,Buiten Kruispunt,Gemeenteweg,binnen bebouwde kom,Tss. 2 best.: langs opzij (voor-/achterkant-flank),Geen hindernis
22363,41,Maasmechelen teller 1,Maasmechelen,50.97025,5.69799,1.9266214551524332,50.98681569317059,5.689924689453604,2020,10,8,73107,Maasmechelen,Normaal,"Nat, plassen",Dag,met lichtgewonden,9,personenauto,3,Fiets,Buiten Kruispunt,Gemeenteweg,binnen bebouwde kom,Tss. 2 best.: langs opzij (voor-/achterkant-flank),Geen hindernis
22367,124,Beveren teller 2,Beveren,51.1964712,4.2361077,1.8379759341977266,51.21006770371353,4.251109703484681,2020,10,8,46003,Beveren,Normaal,"Nat, plassen",Dag,met lichtgewonden,9,personenauto,3,Fiets,Buiten Kruispunt,Gewestweg,binnen bebouwde kom,Tss. 2 best.: langs opzij (voor-/achterkant-flank),Geen hindernis
22368,83,Beersel teller 2,Beersel,50.75175,4.33304,1.9142522425615498,50.76521735060906,4.316088056801007,2020,10,17,23003,Beersel,Normaal,Proper,Dag,met lichtgewonden,3,Fiets,8,Voetganger,Op Kruispunt,Gemeenteweg,buiten bebouwde kom,Met een voetganger,Geen hindernis
22368,82,Beersel teller 1,Beersel,50.75128,4.33336,1.9692177013027519,50.76521735060906,4.316088056801007,2020,10,17,23003,Beersel,Normaal,Proper,Dag,met lichtgewonden,3,Fiets,8,Voetganger,Op Kruispunt,Gemeenteweg,buiten bebouwde kom,Met een voetganger,Geen hindernis
22370,109,Zemst,Zemst,50.9903936,4.4707023,2.257477676580284,51.010187744519286,4.477872736503864,2020,10,13,12025,Mechelen,"Andere (dikke rook,...)",Droog,Dag,met lichtgewonden,3,Fiets,9,personenauto,Op Kruispunt,Gewestweg,buiten bebouwde kom,Tussen 2 bestuurders: Flank tegen flank,Geen hindernis
22372,99,Mechelen teller 1,Mechelen,51.04564,4.46882,1.666982272941529,51.035281008191006,4.451585041124327,2020,10,9,12025,Mechelen,Normaal,Droog,Dag,met zwaargewonden,3,Fiets,10,"één bestuurder, geen hindernis",Buiten Kruispunt,Gemeenteweg,binnen bebouwde kom,"Eén bestuurder, geen hindernis (incl. val)",Geen hindernis
22372,100,Mechelen teller 2,Mechelen,51.0457,4.46883,1.6721028127037323,51.035281008191006,4.451585041124327,2020,10,9,12025,Mechelen,Normaal,Droog,Dag,met zwaargewonden,3,Fiets,10,"één bestuurder, geen hindernis",Buiten Kruispunt,Gemeenteweg,binnen bebouwde kom,"Eén bestuurder, geen hindernis (incl. val)",Geen hindernis
22373,109,Zemst,Zemst,50.9903936,4.4707023,2.4393735205486298,51.012126690585426,4.475453670753705,2020,10,14,12025,Mechelen,Normaal,Droog,Dag,met lichtgewonden,9,personenauto,3,Fiets,Op Kruispunt,Gewestweg,buiten bebouwde kom,Tss. 2 best.: langs opzij (voor-/achterkant-flank),Geen hindernis
22374,140,Hasselt ring,Hasselt,50.9300038,5.3438616,0.7645967217029359,50.92361902758139,5.347911589673063,2020,10,17,71022,Hasselt,Normaal,Droog,Dag,met lichtgewonden,3,Fiets,9,personenauto,Op Kruispunt,Gemeenteweg,binnen bebouwde kom,Tss. 2 best.: langs opzij (voor-/achterkant-flank),Geen hindernis
22374,138,Hasselt-Kempische brug,Hasselt,50.9405318,5.3422472,1.9220527487584342,50.92361902758139,5.347911589673063,2020,10,17,71022,Hasselt,Normaal,Droog,Dag,met lichtgewonden,3,Fiets,9,personenauto,Op Kruispunt,Gemeenteweg,binnen bebouwde kom,Tss. 2 best.: langs opzij (voor-/achterkant-flank),Geen hindernis
22374,137,Hasselt-Kempische brug,Hasselt,50.9411605,5.3417576,1.9976310125575978,50.92361902758139,5.347911589673063,2020,10,17,71022,Hasselt,Normaal,Droog,Dag,met lichtgewonden,3,Fiets,9,personenauto,Op Kruispunt,Gemeenteweg,binnen bebouwde kom,Tss. 2 best.: langs opzij (voor-/achterkant-flank),Geen hindernis
22375,140,Hasselt ring,Hasselt,50.9300038,5.3438616,0.6959984384166451,50.932550498182835,5.334789428934206,2020,11,11,71022,Hasselt,Normaal,Droog,Dag,met zwaargewonden,3,Fiets,11,een weggebruiker tegen een hindernis,Buiten Kruispunt,Gemeenteweg,binnen bebouwde kom,Weggebruiker tegen hindernis op de rijbaan,"Op de rijbaan: Put, straatgoot, tramspoor"
22375,138,Hasselt-Kempische brug,Hasselt,50.9405318,5.3422472,1.0299121751590818,50.932550498182835,5.334789428934206,2020,11,11,71022,Hasselt,Normaal,Droog,Dag,met zwaargewonden,3,Fiets,11,een weggebruiker tegen een hindernis,Buiten Kruispunt,Gemeenteweg,binnen bebouwde kom,Weggebruiker tegen hindernis op de rijbaan,"Op de rijbaan: Put, straatgoot, tramspoor"
22375,137,Hasselt-Kempische brug,Hasselt,50.9411605,5.3417576,1.0747124632684832,50.932550498182835,5.334789428934206,2020,11,11,71022,Hasselt,Normaal,Droog,Dag,met zwaargewonden,3,Fiets,11,een weggebruiker tegen een hindernis,Buiten Kruispunt,Gemeenteweg,binnen bebouwde kom,Weggebruiker tegen hindernis op de rijbaan,"Op de rijbaan: Put, straatgoot, tramspoor"
22376,140,Hasselt ring,Hasselt,50.9300038,5.3438616,1.4777769661075963,50.91725983605563,5.349842712513954,2020,10,8,71022,Hasselt,Normaal,Onbekend,Dag,met lichtgewonden,9,personenauto,3,Fiets,Op Kruispunt,Gewestweg,buiten bebouwde kom,Tss. 2 best.: langs opzij (voor-/achterkant-flank),Geen hindernis
22377,140,Hasselt ring,Hasselt,50.9300038,5.3438616,1.3886500814124314,50.91919236525221,5.353778273296928,2020,10,7,71022,Hasselt,Normaal,Droog,Dag,met lichtgewonden,3,Fiets,9,personenauto,Op Kruispunt,Gewestweg,buiten bebouwde kom,Tss. 2 best.: langs opzij (voor-/achterkant-flank),Geen hindernis
22378,30,Herk De Stad,Herk-de-Stad,50.94374,5.17691,0.9662793632140777,50.936815119974014,5.168578549698516,2020,10,13,71024,Herk-de-Stad,Normaal,Droog,Dag,met lichtgewonden,9,personenauto,3,Fiets,Op Kruispunt,Gewestweg,binnen bebouwde kom,Tss. 2 best.: langs opzij (voor-/achterkant-flank),Geen hindernis
22378,31,Herk De Stad,Herk-de-Stad,50.94366,5.1775,0.9849112856604092,50.936815119974014,5.168578549698516,2020,10,13,71024,Herk-de-Stad,Normaal,Droog,Dag,met lichtgewonden,9,personenauto,3,Fiets,Op Kruispunt,Gewestweg,binnen bebouwde kom,Tss. 2 best.: langs opzij (voor-/achterkant-flank),Geen hindernis
22382,140,Hasselt ring,Hasselt,50.9300038,5.3438616,1.8620971684310095,50.91966727834466,5.3229594184978675,2020,10,15,71022,Hasselt,Normaal,Droog,Dag,met lichtgewonden,5,Lichte vrachtauto,3,Fiets,Op Kruispunt,Gewestweg,buiten bebouwde kom,Tussen 2 bestuurders: Flank tegen flank,Geen hindernis
22383,140,Hasselt ring,Hasselt,50.9300038,5.3438616,1.0343188833341976,50.93207170499086,5.329472063985884,2020,10,14,71022,Hasselt,Normaal,Droog+Proper,Dag,met lichtgewonden,9,personenauto,3,Fiets,Buiten Kruispunt,Gemeenteweg,binnen bebouwde kom,Tss. 2 best.: langs opzij (voor-/achterkant-flank),Geen hindernis
22383,138,Hasselt-Kempische brug,Hasselt,50.9405318,5.3422472,1.2985870584683525,50.93207170499086,5.329472063985884,2020,10,14,71022,Hasselt,Normaal,Droog+Proper,Dag,met lichtgewonden,9,personenauto,3,Fiets,Buiten Kruispunt,Gemeenteweg,binnen bebouwde kom,Tss. 2 best.: langs opzij (voor-/achterkant-flank),Geen hindernis
22383,137,Hasselt-Kempische brug,Hasselt,50.9411605,5.3417576,1.3275865896288874,50.93207170499086,5.329472063985884,2020,10,14,71022,Hasselt,Normaal,Droog+Proper,Dag,met lichtgewonden,9,personenauto,3,Fiets,Buiten Kruispunt,Gemeenteweg,binnen bebouwde kom,Tss. 2 best.: langs opzij (voor-/achterkant-flank),Geen hindernis
22384,140,Hasselt ring,Hasselt,50.9300038,5.3438616,0.6021192462616097,50.93476525997267,5.339769686544362,2020,10,11,71022,Hasselt,Normaal,Droog,Dag,met zwaargewonden,3,Fiets,8,Voetganger,Op Kruispunt,Gewestweg,binnen bebouwde kom,Met een voetganger,Geen hindernis
22384,138,Hasselt-Kempische brug,Hasselt,50.9405318,5.3422472,0.6642951596606864,50.93476525997267,5.339769686544362,2020,10,11,71022,Hasselt,Normaal,Droog,Dag,met zwaargewonden,3,Fiets,8,Voetganger,Op Kruispunt,Gewestweg,binnen bebouwde kom,Met een voetganger,Geen hindernis
22384,137,Hasselt-Kempische brug,Hasselt,50.9411605,5.3417576,0.7246324215486466,50.93476525997267,5.339769686544362,2020,10,11,71022,Hasselt,Normaal,Droog,Dag,met zwaargewonden,3,Fiets,8,Voetganger,Op Kruispunt,Gewestweg,binnen bebouwde kom,Met een voetganger,Geen hindernis
22392,14,Genk,Genk,50.97172,5.48927,1.0228085504500422,50.963228274728195,5.48365590920008,2020,10,17,71016,Genk,Normaal,Droog,Dag,met lichtgewonden,9,personenauto,3,Fiets,Buiten Kruispunt,Gewestweg,binnen bebouwde kom,Tss. 2 best.: langs opzij (voor-/achterkant-flank),Geen hindernis
22394,14,Genk,Genk,50.97172,5.48927,1.0506420214725143,50.96682254869964,5.50210129861268,2020,10,7,71016,Genk,Normaal,"Nat, plassen",Dageraad - schemering,met lichtgewonden,3,Fiets,10,"één bestuurder, geen hindernis",Buiten Kruispunt,Gewestweg,binnen bebouwde kom,"Eén bestuurder, geen hindernis (incl. val)",Geen hindernis
22397,25,Bree,Bree,51.13679500160176,5.597669323604317,1.1622204197374342,51.14724707594157,5.59770576340645,2020,10,12,72004,Bree,Regenval,"Nat, plassen",Dag,met lichtgewonden,3,Fiets,9,personenauto,Op Kruispunt,Gewestweg,buiten bebouwde kom,Tss. 2 best.: langs opzij (voor-/achterkant-flank),Geen hindernis
22399,48,As,As,51.00509,5.60389,1.4041734529904613,51.00795512054301,5.584344402563352,2020,10,19,71002,As,Normaal,Droog,"Nacht, openbare verlichting aanwezig en ontstoken",met lichtgewonden,3,Fiets,9,personenauto,Buiten Kruispunt,Gewestweg,binnen bebouwde kom,Tss. 2 best.: langs opzij (voor-/achterkant-flank),Geen hindernis
22402,113,Deinze teller 2,Deinze,50.96018,3.55578,1.7840767685013972,50.9720151355992,3.538578430335344,2020,10,18,44083,Deinze,Normaal,Proper,"Nacht, openbare verlichting aanwezig en ontstoken",met lichtgewonden,3,Fiets,9,personenauto,Buiten Kruispunt,Gewestweg,binnen bebouwde kom,Tussen 2 bestuurders: Flank tegen flank,Geen hindernis
22402,114,Deinze teller 1,Nazareth,50.9598305,3.555502,1.8000596755076927,50.9720151355992,3.538578430335344,2020,10,18,44083,Deinze,Normaal,Proper,"Nacht, openbare verlichting aanwezig en ontstoken",met lichtgewonden,3,Fiets,9,personenauto,Buiten Kruispunt,Gewestweg,binnen bebouwde kom,Tussen 2 bestuurders: Flank tegen flank,Geen hindernis
22407,131,Nevele,Deinze,51.0276612,3.558569,1.0037827360483988,51.02154409018765,3.5691235487664965,2020,10,17,44083,Deinze,Normaal,Droog,Dag,met lichtgewonden,3,Fiets,9,personenauto,Op Kruispunt,Gewestweg,buiten bebouwde kom,Tss. 2 best.: langs opzij (voor-/achterkant-flank),Geen hindernis
22432,2,Brasschaat 2,Brasschaat,51.27512,4.47169,1.8560365227782731,51.281450494732994,4.4469997393741325,2020,11,8,11002,Antwerpen,Onbekend,Onbekend,Onbekend,met lichtgewonden,9,personenauto,3,Fiets,Op Kruispunt,Gemeenteweg,buiten bebouwde kom,Tussen 2 bestuurders: Frontale botsing,Geen hindernis
22432,3,Brasschaat 1,Brasschaat,51.27503,4.47222,1.8939503301608733,51.281450494732994,4.4469997393741325,2020,11,8,11002,Antwerpen,Onbekend,Onbekend,Onbekend,met lichtgewonden,9,personenauto,3,Fiets,Op Kruispunt,Gemeenteweg,buiten bebouwde kom,Tussen 2 bestuurders: Frontale botsing,Geen hindernis