crash_row_id,site_id,site_name,site_gemeente,site_lat,site_long,distance_km,crash_lat,crash_long,DT_YEAR_COLLISION,DT_MONTH_COLLISION,DT_TIME,CD_NIS,TX_MUNTY_COLLISION_NL,TX_WEATHER_NL,TX_ROAD_CONDITION_NL,TX_LIGHT_CONDITION_NL,TX_CLASS_ACCIDENTS_NL,CD_ROAD_USR_TYPE1,TX_ROAD_USR_TYPE1_NL,CD_ROAD_USR_TYPE2,TX_ROAD_USR_TYPE2_NL,TX_CROSSWAY_NL,CD_ROAD_TYPE_NL,TX_BUILD_UP_AREA_NL,TX_COLLISION_TYPE_NL,TX_OBSTACLES_NL
22435,3,Brasschaat 1,Brasschaat,51.27503,4.47222,2.4838496832500465,51.25339812754006,4.463316336264132,2020,11,11,11002,Antwerpen,Normaal,"Nat, plassen",Dag,met lichtgewonden,9,personenauto,3,Fiets,Op Kruispunt,Gemeenteweg,binnen bebouwde kom,Tss. 2 best.: langs opzij (voor-/achterkant-flank),Geen hindernis
22435,2,Brasschaat 2,Brasschaat,51.27512,4.47169,2.4846372496605458,51.25339812754006,4.463316336264132,2020,11,11,11002,Antwerpen,Normaal,"Nat, plassen",Dag,met lichtgewonden,9,personenauto,3,Fiets,Op Kruispunt,Gemeenteweg,binnen bebouwde kom,Tss. 2 best.: langs opzij (voor-/achterkant-flank),Geen hindernis
22441,2,Brasschaat 2,Brasschaat,51.27512,4.47169,2.3973656237690073,51.2888201654068,4.445074742779143,2020,11,16,11002,Antwerpen,Onbekend,Onbekend,Onbekend,met lichtgewonden,3,Fiets,5,Lichte vrachtauto,Buiten Kruispunt,Gewestweg,onbekend,Tussen 2 bestuurders: Langs achteren,Geen hindernis
22441,3,Brasschaat 1,Brasschaat,51.27503,4.47222,2.4322399155859604,51.2888201654068,4.445074742779143,2020,11,16,11002,Antwerpen,Onbekend,Onbekend,Onbekend,met lichtgewonden,3,Fiets,5,Lichte vrachtauto,Buiten Kruispunt,Gewestweg,onbekend,Tussen 2 bestuurders: Langs achteren,Geen hindernis
22447,2,Brasschaat 2,Brasschaat,51.27512,4.47169,1.1848980104968798,51.266000811009334,4.46287849198778,2020,11,6,11002,Antwerpen,Normaal,Droog,"Nacht, openbare verlichting aanwezig en ontstoken",met lichtgewonden,9,personenauto,3,Fiets,Buiten Kruispunt,Gewestweg,buiten bebouwde kom,Tss. 2 best.: langs opzij (voor-/achterkant-flank),Geen hindernis
22447,3,Brasschaat 1,Brasschaat,51.27503,4.47222,1.1959735120177888,51.266000811009334,4.46287849198778,2020,11,6,11002,Antwerpen,Normaal,Droog,"Nacht, openbare verlichting aanwezig en ontstoken",met lichtgewonden,9,personenauto,3,Fiets,Buiten Kruispunt,Gewestweg,buiten bebouwde kom,Tss. 2 best.: langs opzij (voor-/achterkant-flank),Geen hindernis
22464,2,Brasschaat 2,Brasschaat,51.27512,4.47169,1.1725213774697363,51.26567282373595,4.464202908307515,2020,11,11,11040,Schoten,Normaal,Droog,Dag,met lichtgewonden,3,Fiets,11,een weggebruiker tegen een hindernis,Buiten Kruispunt,Gewestweg,buiten bebouwde kom,Weggebruiker tegen hindernis buiten rijbaan,Buiten de rijbaan: Andere paal
22464,3,Brasschaat 1,Brasschaat,51.27503,4.47222,1.1805301275807136,51.26567282373595,4.464202908307515,2020,11,11,11040,Schoten,Normaal,Droog,Dag,met lichtgewonden,3,Fiets,11,een weggebruiker tegen een hindernis,Buiten Kruispunt,Gewestweg,buiten bebouwde kom,Weggebruiker tegen hindernis buiten rijbaan,Buiten de rijbaan: Andere paal
22477,8,Heist op den Berg 1,Heist-op-den-Berg,51.06759,4.68823,0.2203671086322294,51.067025184676865,4.685207088873682,2020,11,10,12029,Putte,Onbekend,Droog,Dag,met lichtgewonden,3,Fiets,5,Lichte vrachtauto,Op Kruispunt,Gewestweg,buiten bebouwde kom,Tss. 2 best.: langs opzij (voor-/achterkant-flank),Geen hindernis
22477,9,Heist op den Berg 2,Heist-op-den-Berg,51.06904,4.69524,0.7359737566654612,51.067025184676865,4.685207088873682,2020,11,10,12029,Putte,Onbekend,Droog,Dag,met lichtgewonden,3,Fiets,5,Lichte vrachtauto,Op Kruispunt,Gewestweg,buiten bebouwde kom,Tss. 2 best.: langs opzij (voor-/achterkant-flank),Geen hindernis
22487,88,Westerlo teller 1,Westerlo,51.082,4.91325,0.08978959813960145,51.08275788556281,4.912806388564329,2020,11,10,13049,Westerlo,Normaal,Droog,Dag,met lichtgewonden,9,personenauto,3,Fiets,Op Kruispunt,Gewestweg,binnen bebouwde kom,Tss. 2 best.: langs opzij (voor-/achterkant-flank),Geen hindernis
22487,89,Westerlo teller 2,Westerlo,51.08191,4.91334,0.10138147619491625,51.08275788556281,4.912806388564329,2020,11,10,13049,Westerlo,Normaal,Droog,Dag,met lichtgewonden,9,personenauto,3,Fiets,Op Kruispunt,Gewestweg,binnen bebouwde kom,Tss. 2 best.: langs opzij (voor-/achterkant-flank),Geen hindernis
22488,88,Westerlo teller 1,Westerlo,51.082,4.91325,0.44940963896614644,51.085820481574,4.911150893904143,2020,11,16,13049,Westerlo,Regenval,"Nat, plassen",Dag,met lichtgewonden,9,personenauto,3,Fiets,Op Kruispunt,Gewestweg,binnen bebouwde kom,Tss. 2 best.: langs opzij (voor-/achterkant-flank),Geen hindernis
22488,89,Westerlo teller 2,Westerlo,51.08191,4.91334,0.4609284441775486,51.085820481574,4.911150893904143,2020,11,16,13049,Westerlo,Regenval,"Nat, plassen",Dag,met lichtgewonden,9,personenauto,3,Fiets,Op Kruispunt,Gewestweg,binnen bebouwde kom,Tss. 2 best.: langs opzij (voor-/achterkant-flank),Geen hindernis
22492,98,Geel teller 2,Geel,51.1481,4.99643,1.6724398052151237,51.16270716016895,4.990714508367239,2020,11,13,13008,Geel,Normaal,Droog,Dag,met lichtgewonden,3,Fiets,9,personenauto,Op Kruispunt,Gewestweg,binnen bebouwde kom,Tss. 2 best.: langs opzij (voor-/achterkant-flank),Geen hindernis
22492,97,Geel teller 1,Geel,51.14813,4.99698,1.6787737122181436,51.16270716016895,4.990714508367239,2020,11,13,13008,Geel,Normaal,Droog,Dag,met lichtgewonden,3,Fiets,9,personenauto,Op Kruispunt,Gewestweg,binnen bebouwde kom,Tss. 2 best.: langs opzij (voor-/achterkant-flank),Geen hindernis
22494,98,Geel teller 2,Geel,51.1481,4.99643,2.0668152572671037,51.131369915419825,4.983521765716377,2020,11,14,13008,Geel,Normaal,Droog,Dag,met lichtgewonden,3,Fiets,9,personenauto,Buiten Kruispunt,Gemeenteweg,buiten bebouwde kom,Tss. 2 best.: langs opzij (voor-/achterkant-flank),Geen hindernis
22494,97,Geel teller 1,Geel,51.14813,4.99698,2.0867992552586423,51.131369915419825,4.983521765716377,2020,11,14,13008,Geel,Normaal,Droog,Dag,met lichtgewonden,3,Fiets,9,personenauto,Buiten Kruispunt,Gemeenteweg,buiten bebouwde kom,Tss. 2 best.: langs opzij (voor-/achterkant-flank),Geen hindernis
22496,135,Retie 2,Dessel,51.2544998,5.1040064,1.3076871170365365,51.24276022070082,5.105121554100309,2020,11,13,13006,Dessel,Normaal,Droog,Dag,met lichtgewonden,3,Fiets,11,een weggebruiker tegen een hindernis,Buiten Kruispunt,Gemeenteweg,binnen bebouwde kom,Weggebruiker tegen hindernis op de rijbaan,"Op de rijbaan: Werken (signal., aarde, toestel,…)"
22496,134,Retie,Dessel,51.2548405,5.1037658,1.3465760920282202,51.24276022070082,5.105121554100309,2020,11,13,13006,Dessel,Normaal,Droog,Dag,met lichtgewonden,3,Fiets,11,een weggebruiker tegen een hindernis,Buiten Kruispunt,Gemeenteweg,binnen bebouwde kom,Weggebruiker tegen hindernis op de rijbaan,"Op de rijbaan: Werken (signal., aarde, toestel,…)"
22502,37,Lommel teller 1,Lommel,51.23299,5.29211,1.7665655563760418,51.2280282796777,5.316212047447636,2020,11,12,72020,Lommel,Normaal,Droog,Dag,met lichtgewonden,9,personenauto,3,Fiets,Op Kruispunt,Gewestweg,binnen bebouwde kom,Tss. 2 best.: langs opzij (voor-/achterkant-flank),Geen hindernis
22502,38,Lommel teller 2,Lommel,51.23277,5.29189,1.773702934553607,51.2280282796777,5.316212047447636,2020,11,12,72020,Lommel,Normaal,Droog,Dag,met lichtgewonden,9,personenauto,3,Fiets,Op Kruispunt,Gewestweg,binnen bebouwde kom,Tss. 2 best.: langs opzij (voor-/achterkant-flank),Geen hindernis
22503,37,Lommel teller 1,Lommel,51.23299,5.29211,2.4061321970512157,51.231699489232064,5.32660632826147,2020,11,10,72020,Lommel,Normaal,Droog,Dag,met lichtgewonden,9,personenauto,3,Fiets,Op Kruispunt,Gemeenteweg,buiten bebouwde kom,Tss. 2 best.: langs opzij (voor-/achterkant-flank),Geen hindernis
22503,38,Lommel teller 2,Lommel,51.23277,5.29189,2.420102135544738,51.231699489232064,5.32660632826147,2020,11,10,72020,Lommel,Normaal,Droog,Dag,met lichtgewonden,9,personenauto,3,Fiets,Op Kruispunt,Gemeenteweg,buiten bebouwde kom,Tss. 2 best.: langs opzij (voor-/achterkant-flank),Geen hindernis
22504,45,Pelt teller 1,Pelt,51.23127,5.44377,0.2115781572347219,51.23229772560788,5.441212640747074,2020,11,11,72043,Pelt,Normaal,Droog,Dag,met lichtgewonden,3,Fiets,11,een weggebruiker tegen een hindernis,Buiten Kruispunt,Gemeenteweg,buiten bebouwde kom,Weggebruiker tegen hindernis op de rijbaan,"Op de rijbaan: Werken (signal., aarde, toestel,…)"
22504,46,Pelt teller 2,Pelt,51.231,5.44375,0.22811121395148,51.23229772560788,5.441212640747074,2020,11,11,72043,Pelt,Normaal,Droog,Dag,met lichtgewonden,3,Fiets,11,een weggebruiker tegen een hindernis,Buiten Kruispunt,Gemeenteweg,buiten bebouwde kom,Weggebruiker tegen hindernis op de rijbaan,"Op de rijbaan: Werken (signal., aarde, toestel,…)"
22510,39,Peer teller 1,Peer,51.13425,5.47817,2.007480418379269,51.14293992072418,5.452948868835452,2020,11,15,72030,Peer,Normaal,Droog,Dag,Met doden,7,Motorfiets,3,Fiets,Op Kruispunt,Gewestweg,buiten bebouwde kom,Tss. 2 best.: langs opzij (voor-/achterkant-flank),Geen hindernis
22510,40,Peer teller 2,Peer,51.13438,5.47892,2.046735997871987,51.14293992072418,5.452948868835452,2020,11,15,72030,Peer,Normaal,Droog,Dag,Met doden,7,Motorfiets,3,Fiets,Op Kruispunt,Gewestweg,buiten bebouwde kom,Tss. 2 best.: langs opzij (voor-/achterkant-flank),Geen hindernis
22511,39,Peer teller 1,Peer,51.13425,5.47817,1.343932719936894,51.13123557490318,5.45951822257181,2020,11,16,72030,Peer,Normaal,Droog,Dag,met lichtgewonden,9,personenauto,3,Fiets,Op Kruispunt,Gewestweg,binnen bebouwde kom,Tss. 2 best.: langs opzij (voor-/achterkant-flank),Geen hindernis
22511,40,Peer teller 2,Peer,51.13438,5.47892,1.3982153144542675,51.13123557490318,5.45951822257181,2020,11,16,72030,Peer,Normaal,Droog,Dag,met lichtgewonden,9,personenauto,3,Fiets,Op Kruispunt,Gewestweg,binnen bebouwde kom,Tss. 2 best.: langs opzij (voor-/achterkant-flank),Geen hindernis
22513,28,Heers,Heers,50.75488,5.30314,1.0069058714616332,50.75376180712491,5.288936157901485,2020,11,15,73022,Heers,Normaal,Droog,Dag,met lichtgewonden,9,personenauto,3,Fiets,Buiten Kruispunt,Gewestweg,buiten bebouwde kom,Tussen 2 bestuurders: Langs achteren,Geen hindernis
22513,34,Heers teller 1,Heers,50.75486,5.3033,1.017807219872617,50.75376180712491,5.288936157901485,2020,11,15,73022,Heers,Normaal,Droog,Dag,met lichtgewonden,9,personenauto,3,Fiets,Buiten Kruispunt,Gewestweg,buiten bebouwde kom,Tussen 2 bestuurders: Langs achteren,Geen hindernis
22517,43,Maaseik teller 1,Maaseik,51.09344,5.79715,0.43094819629565767,51.09220265168813,5.791302185749333,2020,11,19,72021,Maaseik,Normaal,Droog,"Nacht, openbare verlichting aanwezig en ontstoken",met lichtgewonden,3,Fiets,9,personenauto,Op Kruispunt,Gewestweg,binnen bebouwde kom,Tussen 2 bestuurders: Langs achteren,Geen hindernis
22517,44,Maaseik teller 2,Maaseik,51.09359,5.79726,0.4437536839388351,51.09220265168813,5.791302185749333,2020,11,19,72021,Maaseik,Normaal,Droog,"Nacht, openbare verlichting aanwezig en ontstoken",met lichtgewonden,3,Fiets,9,personenauto,Op Kruispunt,Gewestweg,binnen bebouwde kom,Tussen 2 bestuurders: Langs achteren,Geen hindernis
22518,43,Maaseik teller 1,Maaseik,51.09344,5.79715,0.9311458039527925,51.09602142279888,5.784465696232916,2020,11,9,72021,Maaseik,Onbekend,Onbekend,Dag,met lichtgewonden,3,Fiets,9,personenauto,Op Kruispunt,Gewestweg,onbekend,Tss. 2 best.: langs opzij (voor-/achterkant-flank),Geen hindernis
22518,44,Maaseik teller 2,Maaseik,51.09359,5.79726,0.9334885523658345,51.09602142279888,5.784465696232916,2020,11,9,72021,Maaseik,Onbekend,Onbekend,Dag,met lichtgewonden,3,Fiets,9,personenauto,Op Kruispunt,Gewestweg,onbekend,Tss. 2 best.: langs opzij (voor-/achterkant-flank),Geen hindernis
22519,151,Leuven,District Leuven,50.8690262,4.6854839,0.5233779779230084,50.873325297551006,4.688520508519197,2020,11,18,24062,Leuven,Normaal,Droog,Dageraad - schemering,met lichtgewonden,3,Fiets,9,personenauto,Op Kruispunt,Gewestweg,binnen bebouwde kom,Tss. 2 best.: langs opzij (voor-/achterkant-flank),Geen hindernis
22519,69,Leuven teller 1,Leuven,50.87549,4.71526,1.8915933880588252,50.873325297551006,4.688520508519197,2020,11,18,24062,Leuven,Normaal,Droog,Dageraad - schemering,met lichtgewonden,3,Fiets,9,personenauto,Op Kruispunt,Gewestweg,binnen bebouwde kom,Tss. 2 best.: langs opzij (voor-/achterkant-flank),Geen hindernis
22519,77,Leuven teller 2,Leuven,50.88672,4.70796,2.019512483041593,50.873325297551006,4.688520508519197,2020,11,18,24062,Leuven,Normaal,Droog,Dageraad - schemering,met lichtgewonden,3,Fiets,9,personenauto,Op Kruispunt,Gewestweg,binnen bebouwde kom,Tss. 2 best.: langs opzij (voor-/achterkant-flank),Geen hindernis
22519,107,leuven totem,Leuven,50.8870744,4.7087919,2.0880523549677483,50.873325297551006,4.688520508519197,2020,11,18,24062,Leuven,Normaal,Droog,Dageraad - schemering,met lichtgewonden,3,Fiets,9,personenauto,Op Kruispunt,Gewestweg,binnen bebouwde kom,Tss. 2 best.: langs opzij (voor-/achterkant-flank),Geen hindernis
22520,151,Leuven,District Leuven,50.8690262,4.6854839,0.37846447305420833,50.87130427777206,4.689491035221787,2020,11,20,24062,Leuven,Regenval,"Nat, plassen","Nacht, openbare verlichting aanwezig en ontstoken",met lichtgewonden,3,Fiets,10,"één bestuurder, geen hindernis",Buiten Kruispunt,Gewestweg,binnen bebouwde kom,"Eén bestuurder, geen hindernis (incl. val)",Geen hindernis
22520,69,Leuven teller 1,Leuven,50.87549,4.71526,1.8670987097396716,50.87130427777206,4.689491035221787,2020,11,20,24062,Leuven,Regenval,"Nat, plassen","Nacht, openbare verlichting aanwezig en ontstoken",met lichtgewonden,3,Fiets,10,"één bestuurder, geen hindernis",Buiten Kruispunt,Gewestweg,binnen bebouwde kom,"Eén bestuurder, geen hindernis (incl. val)",Geen hindernis
22520,77,Leuven teller 2,Leuven,50.88672,4.70796,2.1488000544536896,50.87130427777206,4.689491035221787,2020,11,20,24062,Leuven,Regenval,"Nat, plassen","Nacht, openbare verlichting aanwezig en ontstoken",met lichtgewonden,3,Fiets,10,"één bestuurder, geen hindernis",Buiten Kruispunt,Gewestweg,binnen bebouwde kom,"Eén bestuurder, geen hindernis (incl. val)",Geen hindernis
22520,107,leuven totem,Leuven,50.8870744,4.7087919,2.2155463314498207,50.87130427777206,4.689491035221787,2020,11,20,24062,Leuven,Regenval,"Nat, plassen","Nacht, openbare verlichting aanwezig en ontstoken",met lichtgewonden,3,Fiets,10,"één bestuurder, geen hindernis",Buiten Kruispunt,Gewestweg,binnen bebouwde kom,"Eén bestuurder, geen hindernis (incl. val)",Geen hindernis
22521,69,Leuven teller 1,Leuven,50.87549,4.71526,0.6624256230487782,50.88036803343308,4.709840219649645,2020,11,17,24062,Leuven,Normaal,Droog,"Nacht, openb. verlicht. aanw., maar niet ontstoken",met zwaargewonden,3,Fiets,1,Autobus,Buiten Kruispunt,Gemeenteweg,binnen bebouwde kom,Tss. 2 best.: langs opzij (voor-/achterkant-flank),Geen hindernis
22521,77,Leuven teller 2,Leuven,50.88672,4.70796,0.7185172868184845,50.88036803343308,4.709840219649645,2020,11,17,24062,Leuven,Normaal,Droog,"Nacht, openb. verlicht. aanw., maar niet ontstoken",met zwaargewonden,3,Fiets,1,Autobus,Buiten Kruispunt,Gemeenteweg,binnen bebouwde kom,Tss. 2 best.: langs opzij (voor-/achterkant-flank),Geen hindernis
22521,107,leuven totem,Leuven,50.8870744,4.7087919,0.7493315248956007,50.88036803343308,4.709840219649645,2020,11,17,24062,Leuven,Normaal,Droog,"Nacht, openb. verlicht. aanw., maar niet ontstoken",met zwaargewonden,3,Fiets,1,Autobus,Buiten Kruispunt,Gemeenteweg,binnen bebouwde kom,Tss. 2 best.: langs opzij (voor-/achterkant-flank),Geen hindernis
22521,151,Leuven,District Leuven,50.8690262,4.6854839,2.1239458571263667,50.88036803343308,4.709840219649645,2020,11,17,24062,Leuven,Normaal,Droog,"Nacht, openb. verlicht. aanw., maar niet ontstoken",met zwaargewonden,3,Fiets,1,Autobus,Buiten Kruispunt,Gemeenteweg,binnen bebouwde kom,Tss. 2 best.: langs opzij (voor-/achterkant-flank),Geen hindernis
22522,69,Leuven teller 1,Leuven,50.87549,4.71526,0.05264993047855372,50.87504083353392,4.715497419694081,2020,11,0,24062,Leuven,Normaal,Droog,"Nacht, openbare verlichting aanwezig en ontstoken",met lichtgewonden,3,Fiets,10,"één bestuurder, geen hindernis",Buiten Kruispunt,Gewestweg,binnen bebouwde kom,"Eén bestuurder, geen hindernis (incl. val)",Geen hindernis
22522,77,Leuven teller 2,Leuven,50.88672,4.70796,1.4021977843725046,50.87504083353392,4.715497419694081,2020,11,0,24062,Leuven,Normaal,Droog,"Nacht, openbare verlichting aanwezig en ontstoken",met lichtgewonden,3,Fiets,10,"één bestuurder, geen hindernis",Buiten Kruispunt,Gewestweg,binnen bebouwde kom,"Eén bestuurder, geen hindernis (incl. val)",Geen hindernis
22522,107,leuven totem,Leuven,50.8870744,4.7087919,1.4183600110660657,50.87504083353392,4.715497419694081,2020,11,0,24062,Leuven,Normaal,Droog,"Nacht, openbare verlichting aanwezig en ontstoken",met lichtgewonden,3,Fiets,10,"één bestuurder, geen hindernis",Buiten Kruispunt,Gewestweg,binnen bebouwde kom,"Eén bestuurder, geen hindernis (incl. val)",Geen hindernis
22522,151,Leuven,District Leuven,50.8690262,4.6854839,2.2096917938303666,50.87504083353392,4.715497419694081,2020,11,0,24062,Leuven,Normaal,Droog,"Nacht, openbare verlichting aanwezig en ontstoken",met lichtgewonden,3,Fiets,10,"één bestuurder, geen hindernis",Buiten Kruispunt,Gewestweg,binnen bebouwde kom,"Eén bestuurder, geen hindernis (incl. val)",Geen hindernis
22523,77,Leuven teller 2,Leuven,50.88672,4.70796,1.0772895364941624,50.884116636555426,4.69316785839137,2020,11,19,24062,Leuven,Normaal,Onbekend,Onbekend,met lichtgewonden,3,Fiets,9,personenauto,Buiten Kruispunt,Gemeenteweg,binnen bebouwde kom,Tussen 2 bestuurders: Frontale botsing,Geen hindernis
22523,107,leuven totem,Leuven,50.8870744,4.7087919,1.1443030110528312,50.884116636555426,4.69316785839137,2020,11,19,24062,Leuven,Normaal,Onbekend,Onbekend,met lichtgewonden,3,Fiets,9,personenauto,Buiten Kruispunt,Gemeenteweg,binnen bebouwde kom,Tussen 2 bestuurders: Frontale botsing,Geen hindernis
22523,151,Leuven,District Leuven,50.8690262,4.6854839,1.7624640203230602,50.884116636555426,4.69316785839137,2020,11,19,24062,Leuven,Normaal,Onbekend,Onbekend,met lichtgewonden,3,Fiets,9,personenauto,Buiten Kruispunt,Gemeenteweg,binnen bebouwde kom,Tussen 2 bestuurders: Frontale botsing,Geen hindernis
22523,69,Leuven teller 1,Leuven,50.87549,4.71526,1.8227666585803222,50.884116636555426,4.69316785839137,2020,11,19,24062,Leuven,Normaal,Onbekend,Onbekend,met lichtgewonden,3,Fiets,9,personenauto,Buiten Kruispunt,Gemeenteweg,binnen bebouwde kom,Tussen 2 bestuurders: Frontale botsing,Geen hindernis
22524,69,Leuven teller 1,Leuven,50.87549,4.71526,2.024223957065842,50.86521893809747,4.739076435562517,2020,11,12,24062,Leuven,Normaal,Droog,Dag,met lichtgewonden,3,Fiets,10,"één bestuurder, geen hindernis",Op Kruispunt,Gemeenteweg,binnen bebouwde kom,"Eén bestuurder, geen hindernis (incl. val)",Geen hindernis
22525,151,Leuven,District Leuven,50.8690262,4.6854839,0.7917199829835414,50.86466586413427,4.694402584901563,2020,11,16,24062,Leuven,Normaal,Droog,Dageraad - schemering,met lichtgewonden,3,Fiets,11,een weggebruiker tegen een hindernis,Buiten Kruispunt,Gemeenteweg,binnen bebouwde kom,Weggebruiker tegen hindernis op de rijbaan,"Op de rijbaan: Put, straatgoot, tramspoor"
22525,69,Leuven teller 1,Leuven,50.87549,4.71526,1.8949490512432487,50.86466586413427,4.694402584901563,2020,11,16,24062,Leuven,Normaal,Droog,Dageraad - schemering,met lichtgewonden,3,Fiets,11,een weggebruiker tegen een hindernis,Buiten Kruispunt,Gemeenteweg,binnen bebouwde kom,Weggebruiker tegen hindernis op de rijbaan,"Op de rijbaan: Put, straatgoot, tramspoor"
22525,108,Heverlee teller 1,Leuven,50.8471728,4.6954674,1.9465755097360455,50.86466586413427,4.694402584901563,2020,11,16,24062,Leuven,Normaal,Droog,Dageraad - schemering,met lichtgewonden,3,Fiets,11,een weggebruiker tegen een hindernis,Buiten Kruispunt,Gemeenteweg,binnen bebouwde kom,Weggebruiker tegen hindernis op de rijbaan,"Op de rijbaan: Put, straatgoot, tramspoor"
22525,76,Heverlee teller 2,Leuven,50.84606,4.69597,2.0718012491550026,50.86466586413427,4.694402584901563,2020,11,16,24062,Leuven,Normaal,Droog,Dageraad - schemering,met lichtgewonden,3,Fiets,11,een weggebruiker tegen een hindernis,Buiten Kruispunt,Gemeenteweg,binnen bebouwde kom,Weggebruiker tegen hindernis op de rijbaan,"Op de rijbaan: Put, straatgoot, tramspoor"
22526,107,leuven totem,Leuven,50.8870744,4.7087919,2.4861635630440646,50.9006426762762,4.7369659260522115,2020,11,10,24062,Leuven,Normaal,Droog,Dag,met lichtgewonden,9,personenauto,3,Fiets,Buiten Kruispunt,Gemeenteweg,binnen bebouwde kom,Tussen 2 bestuurders: Langs achteren,Geen hindernis
22527,69,Leuven teller 1,Leuven,50.87549,4.71526,0.7519063907273041,50.87509534256171,4.704562030483542,2020,11,23,24062,Leuven,Normaal,Droog,"Nacht, openbare verlichting aanwezig en ontstoken",met lichtgewonden,3,Fiets,10,"één bestuurder, geen hindernis",Buiten Kruispunt,Gemeenteweg,binnen bebouwde kom,"Eén bestuurder, geen hindernis (incl. val)",Geen hindernis
22527,77,Leuven teller 2,Leuven,50.88672,4.70796,1.3144018740355625,50.87509534256171,4.704562030483542,2020,11,23,24062,Leuven,Normaal,Droog,"Nacht, openbare verlichting aanwezig en ontstoken",met lichtgewonden,3,Fiets,10,"één bestuurder, geen hindernis",Buiten Kruispunt,Gemeenteweg,binnen bebouwde kom,"Eén bestuurder, geen hindernis (incl. val)",Geen hindernis
22527,107,leuven totem,Leuven,50.8870744,4.7087919,1.3646661943613874,50.87509534256171,4.704562030483542,2020,11,23,24062,Leuven,Normaal,Droog,"Nacht, openbare verlichting aanwezig en ontstoken",met lichtgewonden,3,Fiets,10,"één bestuurder, geen hindernis",Buiten Kruispunt,Gemeenteweg,binnen bebouwde kom,"Eén bestuurder, geen hindernis (incl. val)",Geen hindernis
22527,151,Leuven,District Leuven,50.8690262,4.6854839,1.4991948190109008,50.87509534256171,4.704562030483542,2020,11,23,24062,Leuven,Normaal,Droog,"Nacht, openbare verlichting aanwezig en ontstoken",met lichtgewonden,3,Fiets,10,"één bestuurder, geen hindernis",Buiten Kruispunt,Gemeenteweg,binnen bebouwde kom,"Eén bestuurder, geen hindernis (incl. val)",Geen hindernis
22528,69,Leuven teller 1,Leuven,50.87549,4.71526,1.2587735911456772,50.87722154972563,4.73298944967706,2020,11,13,24062,Leuven,Regenval,"Nat, plassen",Dag,met lichtgewonden,3,Fiets,10,"één bestuurder, geen hindernis",Op Kruispunt,Gemeenteweg,binnen bebouwde kom,"Eén bestuurder, geen hindernis (incl. val)",Geen hindernis
22528,107,leuven totem,Leuven,50.8870744,4.7087919,2.0204137790293495,50.87722154972563,4.73298944967706,2020,11,13,24062,Leuven,Regenval,"Nat, plassen",Dag,met lichtgewonden,3,Fiets,10,"één bestuurder, geen hindernis",Op Kruispunt,Gemeenteweg,binnen bebouwde kom,"Eén bestuurder, geen hindernis (incl. val)",Geen hindernis
22528,77,Leuven teller 2,Leuven,50.88672,4.70796,2.0491102420264045,50.87722154972563,4.73298944967706,2020,11,13,24062,Leuven,Regenval,"Nat, plassen",Dag,met lichtgewonden,3,Fiets,10,"één bestuurder, geen hindernis",Op Kruispunt,Gemeenteweg,binnen bebouwde kom,"Eén bestuurder, geen hindernis (incl. val)",Geen hindernis
22529,151,Leuven,District Leuven,50.8690262,4.6854839,0.4877971888810473,50.8719282401724,4.690696896871564,2020,11,12,24062,Leuven,Regenval,"Nat, plassen",Dag,met lichtgewonden,9,personenauto,3,Fiets,Op Kruispunt,Gewestweg,binnen bebouwde kom,Tss. 2 best.: langs opzij (voor-/achterkant-flank),Geen hindernis
22529,69,Leuven teller 1,Leuven,50.87549,4.71526,1.7684511719451743,50.8719282401724,4.690696896871564,2020,11,12,24062,Leuven,Regenval,"Nat, plassen",Dag,met lichtgewonden,9,personenauto,3,Fiets,Op Kruispunt,Gewestweg,binnen bebouwde kom,Tss. 2 best.: langs opzij (voor-/achterkant-flank),Geen hindernis
22529,77,Leuven teller 2,Leuven,50.88672,4.70796,2.042591721038862,50.8719282401724,4.690696896871564,2020,11,12,24062,Leuven,Regenval,"Nat, plassen",Dag,met lichtgewonden,9,personenauto,3,Fiets,Op Kruispunt,Gewestweg,binnen bebouwde kom,Tss. 2 best.: langs opzij (voor-/achterkant-flank),Geen hindernis
22529,107,leuven totem,Leuven,50.8870744,4.7087919,2.109061513214144,50.8719282401724,4.690696896871564,2020,11,12,24062,Leuven,Regenval,"Nat, plassen",Dag,met lichtgewonden,9,personenauto,3,Fiets,Op Kruispunt,Gewestweg,binnen bebouwde kom,Tss. 2 best.: langs opzij (voor-/achterkant-flank),Geen hindernis
22530,69,Leuven teller 1,Leuven,50.87549,4.71526,0.4784108433417839,50.873969895911515,4.708881467000433,2020,11,12,24062,Leuven,Normaal,Proper,Dag,met lichtgewonden,9,personenauto,3,Fiets,Op Kruispunt,Gemeenteweg,binnen bebouwde kom,Tussen 2 bestuurders: Frontale botsing,Geen hindernis