crash_row_id,site_id,site_name,site_gemeente,site_lat,site_long,distance_km,crash_lat,crash_long,DT_YEAR_COLLISION,DT_MONTH_COLLISION,DT_TIME,CD_NIS,TX_MUNTY_COLLISION_NL,TX_WEATHER_NL,TX_ROAD_CONDITION_NL,TX_LIGHT_CONDITION_NL,TX_CLASS_ACCIDENTS_NL,CD_ROAD_USR_TYPE1,TX_ROAD_USR_TYPE1_NL,CD_ROAD_USR_TYPE2,TX_ROAD_USR_TYPE2_NL,TX_CROSSWAY_NL,CD_ROAD_TYPE_NL,TX_BUILD_UP_AREA_NL,TX_COLLISION_TYPE_NL,TX_OBSTACLES_NL
22530,77,Leuven teller 2,Leuven,50.88672,4.70796,1.4192200629947336,50.873969895911515,4.708881467000433,2020,11,12,24062,Leuven,Normaal,Proper,Dag,met lichtgewonden,9,personenauto,3,Fiets,Op Kruispunt,Gemeenteweg,binnen bebouwde kom,Tussen 2 bestuurders: Frontale botsing,Geen hindernis
22530,107,leuven totem,Leuven,50.8870744,4.7087919,1.457167919730609,50.873969895911515,4.708881467000433,2020,11,12,24062,Leuven,Normaal,Proper,Dag,met lichtgewonden,9,personenauto,3,Fiets,Op Kruispunt,Gemeenteweg,binnen bebouwde kom,Tussen 2 bestuurders: Frontale botsing,Geen hindernis
22530,151,Leuven,District Leuven,50.8690262,4.6854839,1.7314107416140112,50.873969895911515,4.708881467000433,2020,11,12,24062,Leuven,Normaal,Proper,Dag,met lichtgewonden,9,personenauto,3,Fiets,Op Kruispunt,Gemeenteweg,binnen bebouwde kom,Tussen 2 bestuurders: Frontale botsing,Geen hindernis
22532,72,Herent teller 1,Herent,50.89135,4.64689,2.022912248286158,50.90457959036797,4.627090240706978,2020,11,8,24038,Herent,Normaal,Droog,Dag,met lichtgewonden,3,Fiets,3,Fiets,Buiten Kruispunt,Gemeenteweg,binnen bebouwde kom,Tss. 2 best.: langs opzij (voor-/achterkant-flank),Geen hindernis
22532,73,Herent teller 2,Herent,50.89128,4.64685,2.0266610935103384,50.90457959036797,4.627090240706978,2020,11,8,24038,Herent,Normaal,Droog,Dag,met lichtgewonden,3,Fiets,3,Fiets,Buiten Kruispunt,Gemeenteweg,binnen bebouwde kom,Tss. 2 best.: langs opzij (voor-/achterkant-flank),Geen hindernis
22542,80,Wemmel teller 1,Wemmel,50.91418,4.29571,2.1426046507057426,50.89803420809288,4.312387714767533,2020,11,8,23102,Wemmel,Normaal,Droog,Dageraad - schemering,met lichtgewonden,9,personenauto,3,Fiets,Op Kruispunt,Gemeenteweg,binnen bebouwde kom,Tss. 2 best.: langs opzij (voor-/achterkant-flank),Geen hindernis
22542,81,Wemmel teller 2,Wemmel,50.91439,4.29568,2.1633454092702897,50.89803420809288,4.312387714767533,2020,11,8,23102,Wemmel,Normaal,Droog,Dageraad - schemering,met lichtgewonden,9,personenauto,3,Fiets,Op Kruispunt,Gemeenteweg,binnen bebouwde kom,Tss. 2 best.: langs opzij (voor-/achterkant-flank),Geen hindernis
22544,27,Grimbergen,Meise,50.92127,4.34013,1.390427876819267,50.932654985682355,4.331925595366446,2020,11,15,23050,Meise,Normaal,Droog,Dag,met lichtgewonden,9,personenauto,3,Fiets,Op Kruispunt,Gewestweg,binnen bebouwde kom,Tss. 2 best.: langs opzij (voor-/achterkant-flank),Geen hindernis
22546,47,Vilvoorde,Vilvoorde,50.91372,4.41497,1.0520220687892439,50.92308654253251,4.412853963493052,2020,11,14,23088,Vilvoorde,Normaal,Droog,Dag,met lichtgewonden,9,personenauto,3,Fiets,Op Kruispunt,Gewestweg,binnen bebouwde kom,Tss. 2 best.: langs opzij (voor-/achterkant-flank),Geen hindernis
22547,47,Vilvoorde,Vilvoorde,50.91372,4.41497,1.9668209232577791,50.93093582001173,4.42141041206015,2020,11,8,23088,Vilvoorde,Normaal,Droog,Dag,met lichtgewonden,9,personenauto,3,Fiets,Buiten Kruispunt,Gemeenteweg,binnen bebouwde kom,Tussen 2 bestuurders: Frontale botsing,Geen hindernis
22548,71,Kampenhout teller 2,Kampenhout,50.95589,4.59164,1.2455671779355575,50.948660268951365,4.57805807587339,2020,11,12,23038,Kampenhout,Normaal,Droog,Dag,met zwaargewonden,9,personenauto,3,Fiets,Buiten Kruispunt,Gewestweg,buiten bebouwde kom,Tussen 2 bestuurders: Frontale botsing,Geen hindernis
22548,70,Kampenhout teller 1,Kampenhout,50.95682,4.59318,1.3947327330873078,50.948660268951365,4.57805807587339,2020,11,12,23038,Kampenhout,Normaal,Droog,Dag,met zwaargewonden,9,personenauto,3,Fiets,Buiten Kruispunt,Gewestweg,buiten bebouwde kom,Tussen 2 bestuurders: Frontale botsing,Geen hindernis
22552,136,Gent R4,Gent,51.0876313,3.7587918,2.440123945934918,51.065920364078686,3.7537087094669443,2020,11,12,44021,Gent,Normaal,Droog,Dag,met lichtgewonden,9,personenauto,3,Fiets,Op Kruispunt,Gewestweg,binnen bebouwde kom,Tussen 2 bestuurders: Langs achteren,Geen hindernis
22555,119,Gent teller 2,Gent,51.0281795,3.7683918,2.215196757531161,51.046433515029804,3.755702604454656,2020,11,16,44021,Gent,Normaal,Droog,Dag,met lichtgewonden,3,Fiets,3,Fiets,Buiten Kruispunt,Gemeenteweg,onbekend,Tussen 2 bestuurders: Frontale botsing,Geen hindernis
22555,118,Gent teller 1,Gent,51.028049,3.7681359,2.221437912286312,51.046433515029804,3.755702604454656,2020,11,16,44021,Gent,Normaal,Droog,Dag,met lichtgewonden,3,Fiets,3,Fiets,Buiten Kruispunt,Gemeenteweg,onbekend,Tussen 2 bestuurders: Frontale botsing,Geen hindernis
22556,118,Gent teller 1,Gent,51.028049,3.7681359,0.5948287131149009,51.027206195348604,3.7597367413062828,2020,11,12,44021,Gent,Normaal,Droog,Dag,met lichtgewonden,9,personenauto,3,Fiets,Op Kruispunt,Gemeenteweg,binnen bebouwde kom,Tussen 2 bestuurders: Frontale botsing,Geen hindernis
22556,119,Gent teller 2,Gent,51.0281795,3.7683918,0.6148948162509417,51.027206195348604,3.7597367413062828,2020,11,12,44021,Gent,Normaal,Droog,Dag,met lichtgewonden,9,personenauto,3,Fiets,Op Kruispunt,Gemeenteweg,binnen bebouwde kom,Tussen 2 bestuurders: Frontale botsing,Geen hindernis
22557,13,Gent,Gent,51.03018,3.70146,1.1033736678594195,51.02101734409084,3.707516061236553,2020,11,16,44021,Gent,Normaal,Droog,Dageraad - schemering,met zwaargewonden,9,personenauto,3,Fiets,Buiten Kruispunt,Gemeenteweg,binnen bebouwde kom,Tussen 2 bestuurders: Frontale botsing,Geen hindernis
22558,136,Gent R4,Gent,51.0876313,3.7587918,2.2472813602670367,51.073160300827595,3.7363344550042252,2020,10,17,44021,Gent,Onbekend,Onbekend,Onbekend,met lichtgewonden,3,Fiets,9,personenauto,Op Kruispunt,Gemeenteweg,onbekend,Tss. 2 best.: langs opzij (voor-/achterkant-flank),Geen hindernis
22563,13,Gent,Gent,51.03018,3.70146,1.964268419146171,51.04778859181766,3.7037051074126195,2020,11,14,44021,Gent,Normaal,Droog,Dag,met zwaargewonden,3,Fiets,9,personenauto,Buiten Kruispunt,Gemeenteweg,binnen bebouwde kom,Tussen 2 bestuurders: Flank tegen flank,Geen hindernis
22564,119,Gent teller 2,Gent,51.0281795,3.7683918,1.1315343400480733,51.036190138007754,3.7584128234624536,2020,11,8,44021,Gent,Normaal,Droog,Dag,met lichtgewonden,9,personenauto,3,Fiets,Op Kruispunt,Gemeenteweg,binnen bebouwde kom,Tss. 2 best.: langs opzij (voor-/achterkant-flank),Geen hindernis
22564,118,Gent teller 1,Gent,51.028049,3.7681359,1.132156595688469,51.036190138007754,3.7584128234624536,2020,11,8,44021,Gent,Normaal,Droog,Dag,met lichtgewonden,9,personenauto,3,Fiets,Op Kruispunt,Gemeenteweg,binnen bebouwde kom,Tss. 2 best.: langs opzij (voor-/achterkant-flank),Geen hindernis
22565,13,Gent,Gent,51.03018,3.70146,1.7908194106714164,51.04289342108684,3.7171825375334246,2020,11,10,44021,Gent,Normaal,Droog,Dag,met lichtgewonden,3,Fiets,9,personenauto,Op Kruispunt,Gewestweg,binnen bebouwde kom,Tss. 2 best.: langs opzij (voor-/achterkant-flank),Geen hindernis
22567,118,Gent teller 1,Gent,51.028049,3.7681359,2.415231591764103,51.04148659269205,3.740998742032927,2020,11,20,44021,Gent,Onbekend,Onbekend,"Nacht, openbare verlichting aanwezig en ontstoken",met lichtgewonden,3,Fiets,6,Bromfiets,Op Kruispunt,Gewestweg,binnen bebouwde kom,Tss. 2 best.: langs opzij (voor-/achterkant-flank),Geen hindernis
22567,119,Gent teller 2,Gent,51.0281795,3.7683918,2.420414992803752,51.04148659269205,3.740998742032927,2020,11,20,44021,Gent,Onbekend,Onbekend,"Nacht, openbare verlichting aanwezig en ontstoken",met lichtgewonden,3,Fiets,6,Bromfiets,Op Kruispunt,Gewestweg,binnen bebouwde kom,Tss. 2 best.: langs opzij (voor-/achterkant-flank),Geen hindernis
22568,13,Gent,Gent,51.03018,3.70146,1.8340625213757267,51.04569837903714,3.710348137124752,2020,11,15,44021,Gent,Normaal,Droog,Dag,met zwaargewonden,3,Fiets,10,"één bestuurder, geen hindernis",Buiten Kruispunt,Gemeenteweg,binnen bebouwde kom,"Eén bestuurder, geen hindernis (incl. val)",Geen hindernis
22581,118,Gent teller 1,Gent,51.028049,3.7681359,1.5454425340239761,51.017596859181054,3.7535720135325916,2020,11,17,44043,Merelbeke,Normaal,Droog,Dag,met lichtgewonden,3,Fiets,3,Fiets,Op Kruispunt,Gewestweg,binnen bebouwde kom,Tss. 2 best.: langs opzij (voor-/achterkant-flank),Geen hindernis
22581,119,Gent teller 2,Gent,51.0281795,3.7683918,1.5681563752583834,51.017596859181054,3.7535720135325916,2020,11,17,44043,Merelbeke,Normaal,Droog,Dag,met lichtgewonden,3,Fiets,3,Fiets,Op Kruispunt,Gewestweg,binnen bebouwde kom,Tss. 2 best.: langs opzij (voor-/achterkant-flank),Geen hindernis
22582,118,Gent teller 1,Gent,51.028049,3.7681359,0.5200660518171194,51.02400143735202,3.771861914585871,2020,11,13,44040,Melle,Normaal,Droog,Dag,met lichtgewonden,4,Vrachtwagen,3,Fiets,Buiten Kruispunt,Gemeenteweg,binnen bebouwde kom,Tss. 2 best.: langs opzij (voor-/achterkant-flank),Geen hindernis
22582,119,Gent teller 2,Gent,51.0281795,3.7683918,0.5241503743133743,51.02400143735202,3.771861914585871,2020,11,13,44040,Melle,Normaal,Droog,Dag,met lichtgewonden,4,Vrachtwagen,3,Fiets,Buiten Kruispunt,Gemeenteweg,binnen bebouwde kom,Tss. 2 best.: langs opzij (voor-/achterkant-flank),Geen hindernis
22585,116,Melle teller 2,Melle,50.9986113,3.8040599,1.2447186859035593,51.009642986995004,3.807078485848805,2020,11,8,44013,Destelbergen,Normaal,"Nat, plassen",Dag,met lichtgewonden,3,Fiets,10,"één bestuurder, geen hindernis",Buiten Kruispunt,Gemeenteweg,binnen bebouwde kom,"Eén bestuurder, geen hindernis (incl. val)",Geen hindernis
22585,117,Melle teller 1,Melle,50.9986113,3.8040599,1.2447186859035593,51.009642986995004,3.807078485848805,2020,11,8,44013,Destelbergen,Normaal,"Nat, plassen",Dag,met lichtgewonden,3,Fiets,10,"één bestuurder, geen hindernis",Buiten Kruispunt,Gemeenteweg,binnen bebouwde kom,"Eén bestuurder, geen hindernis (incl. val)",Geen hindernis
22597,115,Aalter,Aalter,51.1058367,3.4350591,2.0940999395547175,51.10472438336802,3.4650002941662876,2020,11,14,44084,Aalter,Normaal,Droog,Dag,met zwaargewonden,5,Lichte vrachtauto,3,Fiets,Op Kruispunt,Gemeenteweg,binnen bebouwde kom,Tussen 2 bestuurders: Flank tegen flank,Geen hindernis
22626,128,Lokeren teller 1,Lokeren,51.09644,3.97023,0.7442802914564067,51.102497084336,3.974766144528256,2020,11,18,46014,Lokeren,Regenval,"Nat, plassen",Dag,met lichtgewonden,3,Fiets,3,Fiets,Op Kruispunt,Gemeenteweg,binnen bebouwde kom,Tussen 2 bestuurders: Frontale botsing,Geen hindernis
22626,129,Lokeren teller 2,Lokeren,51.09612,3.97025,0.776059194191369,51.102497084336,3.974766144528256,2020,11,18,46014,Lokeren,Regenval,"Nat, plassen",Dag,met lichtgewonden,3,Fiets,3,Fiets,Op Kruispunt,Gemeenteweg,binnen bebouwde kom,Tussen 2 bestuurders: Frontale botsing,Geen hindernis
22627,141,Test site A support,Lokeren,51.08342085,3.9961071208376326,1.7759495604499012,51.098025645738225,4.006399319891608,2020,11,7,46014,Lokeren,Normaal,Droog,"Nacht, openbare verlichting aanwezig en ontstoken",met zwaargewonden,9,personenauto,3,Fiets,Op Kruispunt,Gewestweg,binnen bebouwde kom,Tss. 2 best.: langs opzij (voor-/achterkant-flank),Geen hindernis
22628,128,Lokeren teller 1,Lokeren,51.09644,3.97023,1.6989096617050223,51.100343472507845,3.9937522344858114,2020,11,17,46014,Lokeren,Normaal,Droog,"Nacht, openbare verlichting aanwezig en ontstoken",met lichtgewonden,9,personenauto,3,Fiets,Buiten Kruispunt,Gemeenteweg,binnen bebouwde kom,Tussen 2 bestuurders: Flank tegen flank,Geen hindernis
22628,129,Lokeren teller 2,Lokeren,51.09612,3.97025,1.7070095809591044,51.100343472507845,3.9937522344858114,2020,11,17,46014,Lokeren,Normaal,Droog,"Nacht, openbare verlichting aanwezig en ontstoken",met lichtgewonden,9,personenauto,3,Fiets,Buiten Kruispunt,Gemeenteweg,binnen bebouwde kom,Tussen 2 bestuurders: Flank tegen flank,Geen hindernis
22628,141,Test site A support,Lokeren,51.08342085,3.9961071208376326,1.8888830994632877,51.100343472507845,3.9937522344858114,2020,11,17,46014,Lokeren,Normaal,Droog,"Nacht, openbare verlichting aanwezig en ontstoken",met lichtgewonden,9,personenauto,3,Fiets,Buiten Kruispunt,Gemeenteweg,binnen bebouwde kom,Tussen 2 bestuurders: Flank tegen flank,Geen hindernis
22629,128,Lokeren teller 1,Lokeren,51.09644,3.97023,2.1950222988284325,51.10330396805201,3.999703837913024,2020,11,7,46014,Lokeren,Normaal,Droog,"Nacht, openbare verlichting aanwezig en ontstoken",met lichtgewonden,9,personenauto,3,Fiets,Op Kruispunt,Gemeenteweg,binnen bebouwde kom,Tss. 2 best.: langs opzij (voor-/achterkant-flank),Geen hindernis
22629,129,Lokeren teller 2,Lokeren,51.09612,3.97025,2.2063516551260918,51.10330396805201,3.999703837913024,2020,11,7,46014,Lokeren,Normaal,Droog,"Nacht, openbare verlichting aanwezig en ontstoken",met lichtgewonden,9,personenauto,3,Fiets,Op Kruispunt,Gemeenteweg,binnen bebouwde kom,Tss. 2 best.: langs opzij (voor-/achterkant-flank),Geen hindernis
22629,141,Test site A support,Lokeren,51.08342085,3.9961071208376326,2.2251245265868436,51.10330396805201,3.999703837913024,2020,11,7,46014,Lokeren,Normaal,Droog,"Nacht, openbare verlichting aanwezig en ontstoken",met lichtgewonden,9,personenauto,3,Fiets,Op Kruispunt,Gemeenteweg,binnen bebouwde kom,Tss. 2 best.: langs opzij (voor-/achterkant-flank),Geen hindernis
22630,128,Lokeren teller 1,Lokeren,51.09644,3.97023,1.5149951624584794,51.109959561099636,3.9675398729630733,2020,11,17,46014,Lokeren,Normaal,Droog,"Nacht, openbare verlichting aanwezig en ontstoken",met lichtgewonden,6,Bromfiets,3,Fiets,Buiten Kruispunt,Gewestweg,buiten bebouwde kom,Tussen 2 bestuurders: Langs achteren,Geen hindernis
22630,129,Lokeren teller 2,Lokeren,51.09612,3.97025,1.5504791736038006,51.109959561099636,3.9675398729630733,2020,11,17,46014,Lokeren,Normaal,Droog,"Nacht, openbare verlichting aanwezig en ontstoken",met lichtgewonden,6,Bromfiets,3,Fiets,Buiten Kruispunt,Gewestweg,buiten bebouwde kom,Tussen 2 bestuurders: Langs achteren,Geen hindernis
22631,126,Hamme totem,Hamme,51.1017709,4.1469307,1.0706252398181912,51.09964534020427,4.131976065463263,2020,11,14,42008,Hamme,Normaal,Droog,Dag,met lichtgewonden,9,personenauto,3,Fiets,Buiten Kruispunt,Gemeenteweg,binnen bebouwde kom,Tussen 2 bestuurders: Frontale botsing,Geen hindernis
22632,120,Zele teller 1,Zele,51.0607671,4.0547741,1.7308883898308913,51.06578747195327,4.031328832895136,2020,11,13,42028,Zele,Normaal,Droog,Dag,met lichtgewonden,3,Fiets,9,personenauto,Buiten Kruispunt,Gewestweg,binnen bebouwde kom,Tss. 2 best.: langs opzij (voor-/achterkant-flank),Geen hindernis
22632,121,Zele teller 2,Zele,51.0604067,4.0556696,1.803141865734947,51.06578747195327,4.031328832895136,2020,11,13,42028,Zele,Normaal,Droog,Dag,met lichtgewonden,3,Fiets,9,personenauto,Buiten Kruispunt,Gewestweg,binnen bebouwde kom,Tss. 2 best.: langs opzij (voor-/achterkant-flank),Geen hindernis
22634,120,Zele teller 1,Zele,51.0607671,4.0547741,1.5355868125275876,51.06643208677716,4.0347338318032495,2020,11,13,42028,Zele,Normaal,Droog,Dag,met lichtgewonden,3,Fiets,2,Andere weggebruiker,Buiten Kruispunt,Gewestweg,binnen bebouwde kom,Tussen 2 bestuurders: Flank tegen flank,Geen hindernis
22634,121,Zele teller 2,Zele,51.0604067,4.0556696,1.6091390074430023,51.06643208677716,4.0347338318032495,2020,11,13,42028,Zele,Normaal,Droog,Dag,met lichtgewonden,3,Fiets,2,Andere weggebruiker,Buiten Kruispunt,Gewestweg,binnen bebouwde kom,Tussen 2 bestuurders: Flank tegen flank,Geen hindernis
22640,19,Aalst 1,Aalst,50.93433,4.01471,0.7108706880611333,50.93334340003903,4.004687384585379,2020,11,6,41002,Aalst,Onbekend,Onbekend,Dageraad - schemering,met lichtgewonden,1,Autobus,3,Fiets,Buiten Kruispunt,Gemeenteweg,binnen bebouwde kom,Tussen 2 bestuurders: Flank tegen flank,Geen hindernis
22640,10,Aalst 2,Aalst,50.93549,4.01571,0.8084609118549927,50.93334340003903,4.004687384585379,2020,11,6,41002,Aalst,Onbekend,Onbekend,Dageraad - schemering,met lichtgewonden,1,Autobus,3,Fiets,Buiten Kruispunt,Gemeenteweg,binnen bebouwde kom,Tussen 2 bestuurders: Flank tegen flank,Geen hindernis
22640,11,Aalst 3,Aalst,50.93385,4.01647,0.8276136444360935,50.93334340003903,4.004687384585379,2020,11,6,41002,Aalst,Onbekend,Onbekend,Dageraad - schemering,met lichtgewonden,1,Autobus,3,Fiets,Buiten Kruispunt,Gemeenteweg,binnen bebouwde kom,Tussen 2 bestuurders: Flank tegen flank,Geen hindernis
22643,10,Aalst 2,Aalst,50.93549,4.01571,1.417210928831736,50.94187622127713,3.9982064553440857,2020,11,16,41002,Aalst,Normaal,Droog,Dag,met lichtgewonden,9,personenauto,3,Fiets,Buiten Kruispunt,Gewestweg,binnen bebouwde kom,Tussen 2 bestuurders: Flank tegen flank,Geen hindernis
22643,19,Aalst 1,Aalst,50.93433,4.01471,1.4287690607639691,50.94187622127713,3.9982064553440857,2020,11,16,41002,Aalst,Normaal,Droog,Dag,met lichtgewonden,9,personenauto,3,Fiets,Buiten Kruispunt,Gewestweg,binnen bebouwde kom,Tussen 2 bestuurders: Flank tegen flank,Geen hindernis
22643,11,Aalst 3,Aalst,50.93385,4.01647,1.5602097244864113,50.94187622127713,3.9982064553440857,2020,11,16,41002,Aalst,Normaal,Droog,Dag,met lichtgewonden,9,personenauto,3,Fiets,Buiten Kruispunt,Gewestweg,binnen bebouwde kom,Tussen 2 bestuurders: Flank tegen flank,Geen hindernis
22644,11,Aalst 3,Aalst,50.93385,4.01647,1.4287889252347146,50.92842073932776,4.034948338394551,2020,11,12,41002,Aalst,Normaal,Onbekend,Dag,met lichtgewonden,5,Lichte vrachtauto,3,Fiets,Buiten Kruispunt,Gewestweg,binnen bebouwde kom,Tss. 2 best.: langs opzij (voor-/achterkant-flank),Geen hindernis
22644,10,Aalst 2,Aalst,50.93549,4.01571,1.5606391118269765,50.92842073932776,4.034948338394551,2020,11,12,41002,Aalst,Normaal,Onbekend,Dag,met lichtgewonden,5,Lichte vrachtauto,3,Fiets,Buiten Kruispunt,Gewestweg,binnen bebouwde kom,Tss. 2 best.: langs opzij (voor-/achterkant-flank),Geen hindernis
22644,19,Aalst 1,Aalst,50.93433,4.01471,1.563130165187707,50.92842073932776,4.034948338394551,2020,11,12,41002,Aalst,Normaal,Onbekend,Dag,met lichtgewonden,5,Lichte vrachtauto,3,Fiets,Buiten Kruispunt,Gewestweg,binnen bebouwde kom,Tss. 2 best.: langs opzij (voor-/achterkant-flank),Geen hindernis
22653,125,Dendermonde totem,Dendermonde,51.0372706,4.1025998,0.731167363855432,51.0316305731583,4.107975489139307,2020,11,11,42006,Dendermonde,Normaal,Droog,Dag,met lichtgewonden,3,Fiets,8,Voetganger,Buiten Kruispunt,Gewestweg,binnen bebouwde kom,Met een voetganger,Geen hindernis
22653,122,Dendermonde teller 2,Dendermonde,51.0373918,4.1019222,0.767825898478106,51.0316305731583,4.107975489139307,2020,11,11,42006,Dendermonde,Normaal,Droog,Dag,met lichtgewonden,3,Fiets,8,Voetganger,Buiten Kruispunt,Gewestweg,binnen bebouwde kom,Met een voetganger,Geen hindernis
22654,125,Dendermonde totem,Dendermonde,51.0372706,4.1025998,1.8242549022833745,51.02258202978989,4.114219084154395,2020,11,14,42006,Dendermonde,Normaal,Droog,Dag,met lichtgewonden,9,personenauto,3,Fiets,Buiten Kruispunt,Gemeenteweg,binnen bebouwde kom,Kettingbotsing (3 bestuurders of meer),Geen hindernis
22654,122,Dendermonde teller 2,Dendermonde,51.0373918,4.1019222,1.8577842458853908,51.02258202978989,4.114219084154395,2020,11,14,42006,Dendermonde,Normaal,Droog,Dag,met lichtgewonden,9,personenauto,3,Fiets,Buiten Kruispunt,Gemeenteweg,binnen bebouwde kom,Kettingbotsing (3 bestuurders of meer),Geen hindernis
22655,122,Dendermonde teller 2,Dendermonde,51.0373918,4.1019222,1.6338003813562796,51.0517135660981,4.107143154299737,2020,11,10,42006,Dendermonde,Normaal,"Nat, plassen",Dag,met lichtgewonden,3,Fiets,3,Fiets,Buiten Kruispunt,Gewestweg,binnen bebouwde kom,Tussen 2 bestuurders: Flank tegen flank,Geen hindernis
22655,125,Dendermonde totem,Dendermonde,51.0372706,4.1025998,1.637092825402328,51.0517135660981,4.107143154299737,2020,11,10,42006,Dendermonde,Normaal,"Nat, plassen",Dag,met lichtgewonden,3,Fiets,3,Fiets,Buiten Kruispunt,Gewestweg,binnen bebouwde kom,Tussen 2 bestuurders: Flank tegen flank,Geen hindernis
22656,122,Dendermonde teller 2,Dendermonde,51.0373918,4.1019222,0.9782412385661122,51.03180054011512,4.0911211788160395,2020,10,12,42006,Dendermonde,"Sterke wind, rukwind","Nat, plassen",Dag,met lichtgewonden,3,Fiets,11,een weggebruiker tegen een hindernis,Buiten Kruispunt,Gewestweg,binnen bebouwde kom,Weggebruiker tegen hindernis buiten rijbaan,Andere hindernis
22656,125,Dendermonde totem,Dendermonde,51.0372706,4.1025998,1.007073500214256,51.03180054011512,4.0911211788160395,2020,10,12,42006,Dendermonde,"Sterke wind, rukwind","Nat, plassen",Dag,met lichtgewonden,3,Fiets,11,een weggebruiker tegen een hindernis,Buiten Kruispunt,Gewestweg,binnen bebouwde kom,Weggebruiker tegen hindernis buiten rijbaan,Andere hindernis
22657,125,Dendermonde totem,Dendermonde,51.0372706,4.1025998,0.9038898162277297,51.031065183979095,4.110949636472218,2020,11,13,42006,Dendermonde,Normaal,Droog,Dag,met lichtgewonden,9,personenauto,3,Fiets,Op Kruispunt,Gemeenteweg,binnen bebouwde kom,Tss. 2 best.: langs opzij (voor-/achterkant-flank),Geen hindernis
22657,122,Dendermonde teller 2,Dendermonde,51.0373918,4.1019222,0.9451825081990937,51.031065183979095,4.110949636472218,2020,11,13,42006,Dendermonde,Normaal,Droog,Dag,met lichtgewonden,9,personenauto,3,Fiets,Op Kruispunt,Gemeenteweg,binnen bebouwde kom,Tss. 2 best.: langs opzij (voor-/achterkant-flank),Geen hindernis
22658,142,TEST Validatie BRUGGE Y2H22022134,Brugge,51.22632,3.24095,2.062950685569506,51.21105255169534,3.2241215074980825,2020,11,15,31005,Brugge,Normaal,Droog,Dag,met lichtgewonden,9,personenauto,3,Fiets,Op Kruispunt,Gewestweg,binnen bebouwde kom,Tss. 2 best.: langs opzij (voor-/achterkant-flank),Geen hindernis
22658,52,Brugge,Brugge,51.22632,3.24095,2.062950685569506,51.21105255169534,3.2241215074980825,2020,11,15,31005,Brugge,Normaal,Droog,Dag,met lichtgewonden,9,personenauto,3,Fiets,Op Kruispunt,Gewestweg,binnen bebouwde kom,Tss. 2 best.: langs opzij (voor-/achterkant-flank),Geen hindernis
22658,54,Brugge teller 2,Brugge,51.23015,3.22818,2.1422675492031114,51.21105255169534,3.2241215074980825,2020,11,15,31005,Brugge,Normaal,Droog,Dag,met lichtgewonden,9,personenauto,3,Fiets,Op Kruispunt,Gewestweg,binnen bebouwde kom,Tss. 2 best.: langs opzij (voor-/achterkant-flank),Geen hindernis
22658,53,Brugge teller 1,Brugge,51.23023,3.228,2.149474388834695,51.21105255169534,3.2241215074980825,2020,11,15,31005,Brugge,Normaal,Droog,Dag,met lichtgewonden,9,personenauto,3,Fiets,Op Kruispunt,Gewestweg,binnen bebouwde kom,Tss. 2 best.: langs opzij (voor-/achterkant-flank),Geen hindernis
22659,54,Brugge teller 2,Brugge,51.23015,3.22818,0.2463660937429722,51.22794298166369,3.2278684687140236,2020,11,17,31005,Brugge,Normaal,Droog,"Nacht, openbare verlichting aanwezig en ontstoken",met lichtgewonden,9,personenauto,3,Fiets,Buiten Kruispunt,Gewestweg,binnen bebouwde kom,Tussen 2 bestuurders: Flank tegen flank,Geen hindernis
22659,53,Brugge teller 1,Brugge,51.23023,3.228,0.25446970554221177,51.22794298166369,3.2278684687140236,2020,11,17,31005,Brugge,Normaal,Droog,"Nacht, openbare verlichting aanwezig en ontstoken",met lichtgewonden,9,personenauto,3,Fiets,Buiten Kruispunt,Gewestweg,binnen bebouwde kom,Tussen 2 bestuurders: Flank tegen flank,Geen hindernis
22659,52,Brugge,Brugge,51.22632,3.24095,0.9286255470626328,51.22794298166369,3.2278684687140236,2020,11,17,31005,Brugge,Normaal,Droog,"Nacht, openbare verlichting aanwezig en ontstoken",met lichtgewonden,9,personenauto,3,Fiets,Buiten Kruispunt,Gewestweg,binnen bebouwde kom,Tussen 2 bestuurders: Flank tegen flank,Geen hindernis
22659,142,TEST Validatie BRUGGE Y2H22022134,Brugge,51.22632,3.24095,0.9286255470626328,51.22794298166369,3.2278684687140236,2020,11,17,31005,Brugge,Normaal,Droog,"Nacht, openbare verlichting aanwezig en ontstoken",met lichtgewonden,9,personenauto,3,Fiets,Buiten Kruispunt,Gewestweg,binnen bebouwde kom,Tussen 2 bestuurders: Flank tegen flank,Geen hindernis
22660,142,TEST Validatie BRUGGE Y2H22022134,Brugge,51.22632,3.24095,1.4424220112281945,51.21335780456133,3.2417556155769796,2020,11,13,31005,Brugge,Normaal,Droog,Dag,met lichtgewonden,9,personenauto,3,Fiets,Buiten Kruispunt,Gemeenteweg,binnen bebouwde kom,Tss. 2 best.: langs opzij (voor-/achterkant-flank),Geen hindernis
22660,52,Brugge,Brugge,51.22632,3.24095,1.4424220112281945,51.21335780456133,3.2417556155769796,2020,11,13,31005,Brugge,Normaal,Droog,Dag,met lichtgewonden,9,personenauto,3,Fiets,Buiten Kruispunt,Gemeenteweg,binnen bebouwde kom,Tss. 2 best.: langs opzij (voor-/achterkant-flank),Geen hindernis