crash_row_id,site_id,site_name,site_gemeente,site_lat,site_long,distance_km,crash_lat,crash_long,DT_YEAR_COLLISION,DT_MONTH_COLLISION,DT_TIME,CD_NIS,TX_MUNTY_COLLISION_NL,TX_WEATHER_NL,TX_ROAD_CONDITION_NL,TX_LIGHT_CONDITION_NL,TX_CLASS_ACCIDENTS_NL,CD_ROAD_USR_TYPE1,TX_ROAD_USR_TYPE1_NL,CD_ROAD_USR_TYPE2,TX_ROAD_USR_TYPE2_NL,TX_CROSSWAY_NL,CD_ROAD_TYPE_NL,TX_BUILD_UP_AREA_NL,TX_COLLISION_TYPE_NL,TX_OBSTACLES_NL
22660,54,Brugge teller 2,Brugge,51.23015,3.22818,2.0929194742396815,51.21335780456133,3.2417556155769796,2020,11,13,31005,Brugge,Normaal,Droog,Dag,met lichtgewonden,9,personenauto,3,Fiets,Buiten Kruispunt,Gemeenteweg,binnen bebouwde kom,Tss. 2 best.: langs opzij (voor-/achterkant-flank),Geen hindernis
22660,53,Brugge teller 1,Brugge,51.23023,3.228,2.1065302448612546,51.21335780456133,3.2417556155769796,2020,11,13,31005,Brugge,Normaal,Droog,Dag,met lichtgewonden,9,personenauto,3,Fiets,Buiten Kruispunt,Gemeenteweg,binnen bebouwde kom,Tss. 2 best.: langs opzij (voor-/achterkant-flank),Geen hindernis
22662,142,TEST Validatie BRUGGE Y2H22022134,Brugge,51.22632,3.24095,1.7359000452990887,51.210790037113455,3.243491318626736,2020,10,15,31005,Brugge,Normaal,"Nat, plassen",Dag,met zwaargewonden,9,personenauto,3,Fiets,Buiten Kruispunt,Gewestweg,binnen bebouwde kom,Tss. 2 best.: langs opzij (voor-/achterkant-flank),Geen hindernis
22662,52,Brugge,Brugge,51.22632,3.24095,1.7359000452990887,51.210790037113455,3.243491318626736,2020,10,15,31005,Brugge,Normaal,"Nat, plassen",Dag,met zwaargewonden,9,personenauto,3,Fiets,Buiten Kruispunt,Gewestweg,binnen bebouwde kom,Tss. 2 best.: langs opzij (voor-/achterkant-flank),Geen hindernis
22662,54,Brugge teller 2,Brugge,51.23015,3.22818,2.4023604152695865,51.210790037113455,3.243491318626736,2020,10,15,31005,Brugge,Normaal,"Nat, plassen",Dag,met zwaargewonden,9,personenauto,3,Fiets,Buiten Kruispunt,Gewestweg,binnen bebouwde kom,Tss. 2 best.: langs opzij (voor-/achterkant-flank),Geen hindernis
22662,53,Brugge teller 1,Brugge,51.23023,3.228,2.4159066075809537,51.210790037113455,3.243491318626736,2020,10,15,31005,Brugge,Normaal,"Nat, plassen",Dag,met zwaargewonden,9,personenauto,3,Fiets,Buiten Kruispunt,Gewestweg,binnen bebouwde kom,Tss. 2 best.: langs opzij (voor-/achterkant-flank),Geen hindernis
22663,142,TEST Validatie BRUGGE Y2H22022134,Brugge,51.22632,3.24095,2.1873687363442076,51.20709039518897,3.234330960036447,2020,11,10,31005,Brugge,Normaal,"Nat, plassen",Dag,met lichtgewonden,3,Fiets,9,personenauto,Op Kruispunt,Gemeenteweg,binnen bebouwde kom,Tss. 2 best.: langs opzij (voor-/achterkant-flank),Geen hindernis
22663,52,Brugge,Brugge,51.22632,3.24095,2.1873687363442076,51.20709039518897,3.234330960036447,2020,11,10,31005,Brugge,Normaal,"Nat, plassen",Dag,met lichtgewonden,3,Fiets,9,personenauto,Op Kruispunt,Gemeenteweg,binnen bebouwde kom,Tss. 2 best.: langs opzij (voor-/achterkant-flank),Geen hindernis
22664,53,Brugge teller 1,Brugge,51.23023,3.228,1.7375869832857986,51.22080120802282,3.2081018496646876,2020,11,14,31005,Brugge,Normaal,Droog,Dag,met lichtgewonden,3,Fiets,9,personenauto,Buiten Kruispunt,Gewestweg,binnen bebouwde kom,Tss. 2 best.: langs opzij (voor-/achterkant-flank),Geen hindernis
22664,54,Brugge teller 2,Brugge,51.23015,3.22818,1.742277846192165,51.22080120802282,3.2081018496646876,2020,11,14,31005,Brugge,Normaal,Droog,Dag,met lichtgewonden,3,Fiets,9,personenauto,Buiten Kruispunt,Gewestweg,binnen bebouwde kom,Tss. 2 best.: langs opzij (voor-/achterkant-flank),Geen hindernis
22664,52,Brugge,Brugge,51.22632,3.24095,2.3684112844078435,51.22080120802282,3.2081018496646876,2020,11,14,31005,Brugge,Normaal,Droog,Dag,met lichtgewonden,3,Fiets,9,personenauto,Buiten Kruispunt,Gewestweg,binnen bebouwde kom,Tss. 2 best.: langs opzij (voor-/achterkant-flank),Geen hindernis
22664,142,TEST Validatie BRUGGE Y2H22022134,Brugge,51.22632,3.24095,2.3684112844078435,51.22080120802282,3.2081018496646876,2020,11,14,31005,Brugge,Normaal,Droog,Dag,met lichtgewonden,3,Fiets,9,personenauto,Buiten Kruispunt,Gewestweg,binnen bebouwde kom,Tss. 2 best.: langs opzij (voor-/achterkant-flank),Geen hindernis
22668,53,Brugge teller 1,Brugge,51.23023,3.228,2.1811690116961606,51.22144726411949,3.199992637640401,2020,11,17,31005,Brugge,Normaal,Droog,"Nacht, openbare verlichting aanwezig en ontstoken",met lichtgewonden,3,Fiets,8,Voetganger,Buiten Kruispunt,Gewestweg,buiten bebouwde kom,Met een voetganger,Geen hindernis
22668,54,Brugge teller 2,Brugge,51.23015,3.22818,2.188437575374329,51.22144726411949,3.199992637640401,2020,11,17,31005,Brugge,Normaal,Droog,"Nacht, openbare verlichting aanwezig en ontstoken",met lichtgewonden,3,Fiets,8,Voetganger,Buiten Kruispunt,Gewestweg,buiten bebouwde kom,Met een voetganger,Geen hindernis
22669,53,Brugge teller 1,Brugge,51.23023,3.228,1.1303763885988898,51.22193314522162,3.2186203209919566,2020,11,15,31005,Brugge,Normaal,Droog,Dag,met lichtgewonden,9,personenauto,3,Fiets,Buiten Kruispunt,Gewestweg,binnen bebouwde kom,Tussen 2 bestuurders: Frontale botsing,Geen hindernis
22669,54,Brugge teller 2,Brugge,51.23015,3.22818,1.1304637095688195,51.22193314522162,3.2186203209919566,2020,11,15,31005,Brugge,Normaal,Droog,Dag,met lichtgewonden,9,personenauto,3,Fiets,Buiten Kruispunt,Gewestweg,binnen bebouwde kom,Tussen 2 bestuurders: Frontale botsing,Geen hindernis
22669,52,Brugge,Brugge,51.22632,3.24095,1.629723352658682,51.22193314522162,3.2186203209919566,2020,11,15,31005,Brugge,Normaal,Droog,Dag,met lichtgewonden,9,personenauto,3,Fiets,Buiten Kruispunt,Gewestweg,binnen bebouwde kom,Tussen 2 bestuurders: Frontale botsing,Geen hindernis
22669,142,TEST Validatie BRUGGE Y2H22022134,Brugge,51.22632,3.24095,1.629723352658682,51.22193314522162,3.2186203209919566,2020,11,15,31005,Brugge,Normaal,Droog,Dag,met lichtgewonden,9,personenauto,3,Fiets,Buiten Kruispunt,Gewestweg,binnen bebouwde kom,Tussen 2 bestuurders: Frontale botsing,Geen hindernis
22670,142,TEST Validatie BRUGGE Y2H22022134,Brugge,51.22632,3.24095,0.3973054038091387,51.225004643362176,3.235645241476368,2020,11,15,31005,Brugge,Normaal,Droog+Proper,Dag,met zwaargewonden,3,Fiets,3,Fiets,Buiten Kruispunt,Gemeenteweg,binnen bebouwde kom,Tss. 2 best.: langs opzij (voor-/achterkant-flank),Geen hindernis
22670,52,Brugge,Brugge,51.22632,3.24095,0.3973054038091387,51.225004643362176,3.235645241476368,2020,11,15,31005,Brugge,Normaal,Droog+Proper,Dag,met zwaargewonden,3,Fiets,3,Fiets,Buiten Kruispunt,Gemeenteweg,binnen bebouwde kom,Tss. 2 best.: langs opzij (voor-/achterkant-flank),Geen hindernis
22670,54,Brugge teller 2,Brugge,51.23015,3.22818,0.7730233649662455,51.225004643362176,3.235645241476368,2020,11,15,31005,Brugge,Normaal,Droog+Proper,Dag,met zwaargewonden,3,Fiets,3,Fiets,Buiten Kruispunt,Gemeenteweg,binnen bebouwde kom,Tss. 2 best.: langs opzij (voor-/achterkant-flank),Geen hindernis
22670,53,Brugge teller 1,Brugge,51.23023,3.228,0.7880425129955576,51.225004643362176,3.235645241476368,2020,11,15,31005,Brugge,Normaal,Droog+Proper,Dag,met zwaargewonden,3,Fiets,3,Fiets,Buiten Kruispunt,Gemeenteweg,binnen bebouwde kom,Tss. 2 best.: langs opzij (voor-/achterkant-flank),Geen hindernis
22671,50,"Brugge, Sint-Andries",Brugge,51.19291,3.16252,1.8923548324353245,51.197872009832324,3.1884969903140608,2020,11,8,31005,Brugge,Normaal,Droog,Dag,met lichtgewonden,3,Fiets,9,personenauto,Buiten Kruispunt,Gewestweg,binnen bebouwde kom,Tss. 2 best.: langs opzij (voor-/achterkant-flank),Geen hindernis
22671,51,"Brugge, Sint-Andries",Brugge,51.19281,3.16252,1.8956286380019733,51.197872009832324,3.1884969903140608,2020,11,8,31005,Brugge,Normaal,Droog,Dag,met lichtgewonden,3,Fiets,9,personenauto,Buiten Kruispunt,Gewestweg,binnen bebouwde kom,Tss. 2 best.: langs opzij (voor-/achterkant-flank),Geen hindernis
22672,54,Brugge teller 2,Brugge,51.23015,3.22818,1.0026553116285897,51.22219220313068,3.2214087849236837,2020,11,11,31005,Brugge,Normaal,Droog+Proper,Dag,met lichtgewonden,3,Fiets,3,Fiets,Op Kruispunt,Gewestweg,binnen bebouwde kom,Tussen 2 bestuurders: Langs achteren,Geen hindernis
22672,53,Brugge teller 1,Brugge,51.23023,3.228,1.0047268284318616,51.22219220313068,3.2214087849236837,2020,11,11,31005,Brugge,Normaal,Droog+Proper,Dag,met lichtgewonden,3,Fiets,3,Fiets,Op Kruispunt,Gewestweg,binnen bebouwde kom,Tussen 2 bestuurders: Langs achteren,Geen hindernis
22672,52,Brugge,Brugge,51.22632,3.24095,1.4361420230845214,51.22219220313068,3.2214087849236837,2020,11,11,31005,Brugge,Normaal,Droog+Proper,Dag,met lichtgewonden,3,Fiets,3,Fiets,Op Kruispunt,Gewestweg,binnen bebouwde kom,Tussen 2 bestuurders: Langs achteren,Geen hindernis
22672,142,TEST Validatie BRUGGE Y2H22022134,Brugge,51.22632,3.24095,1.4361420230845214,51.22219220313068,3.2214087849236837,2020,11,11,31005,Brugge,Normaal,Droog+Proper,Dag,met lichtgewonden,3,Fiets,3,Fiets,Op Kruispunt,Gewestweg,binnen bebouwde kom,Tussen 2 bestuurders: Langs achteren,Geen hindernis
22684,15,Oostende 2,Oostende,51.21371,2.92743,0.9943000900888441,51.21150671932181,2.913595682136529,2020,11,7,35013,Oostende,Onbekend,Onbekend,Onbekend,met lichtgewonden,9,personenauto,3,Fiets,Op Kruispunt,Gemeenteweg,binnen bebouwde kom,Tss. 2 best.: langs opzij (voor-/achterkant-flank),Geen hindernis
22684,18,Oostende 1,Oostende,51.21378,2.92765,1.011076136316931,51.21150671932181,2.913595682136529,2020,11,7,35013,Oostende,Onbekend,Onbekend,Onbekend,met lichtgewonden,9,personenauto,3,Fiets,Op Kruispunt,Gemeenteweg,binnen bebouwde kom,Tss. 2 best.: langs opzij (voor-/achterkant-flank),Geen hindernis
22689,55,Torhout teller 1,Torhout,51.07161,3.08261,1.5439225178664298,51.06963038849278,3.1044811239628767,2020,11,16,31033,Torhout,Normaal,Droog,Dag,met lichtgewonden,3,Fiets,6,Bromfiets,Op Kruispunt,Gewestweg,binnen bebouwde kom,Tussen 2 bestuurders: Frontale botsing,Geen hindernis
22689,56,Torhout teller 2,Torhout,51.07147,3.08244,1.5535561432380536,51.06963038849278,3.1044811239628767,2020,11,16,31033,Torhout,Normaal,Droog,Dag,met lichtgewonden,3,Fiets,6,Bromfiets,Op Kruispunt,Gewestweg,binnen bebouwde kom,Tussen 2 bestuurders: Frontale botsing,Geen hindernis
22690,56,Torhout teller 2,Torhout,51.07147,3.08244,1.5821541981610534,51.06113173146678,3.0979968357121885,2020,11,18,31033,Torhout,Normaal,Droog,"Nacht, openbare verlichting aanwezig en ontstoken",met lichtgewonden,9,personenauto,3,Fiets,Buiten Kruispunt,Gemeenteweg,binnen bebouwde kom,Tussen 2 bestuurders: Frontale botsing,Geen hindernis
22690,55,Torhout teller 1,Torhout,51.07161,3.08261,1.5854198805344415,51.06113173146678,3.0979968357121885,2020,11,18,31033,Torhout,Normaal,Droog,"Nacht, openbare verlichting aanwezig en ontstoken",met lichtgewonden,9,personenauto,3,Fiets,Buiten Kruispunt,Gemeenteweg,binnen bebouwde kom,Tussen 2 bestuurders: Frontale botsing,Geen hindernis
22692,51,"Brugge, Sint-Andries",Brugge,51.19281,3.16252,1.1459070396745406,51.1886197231963,3.1474975496610877,2020,11,16,31012,Jabbeke,Normaal,Droog,Dag,met lichtgewonden,9,personenauto,3,Fiets,Buiten Kruispunt,Gemeenteweg,binnen bebouwde kom,Tussen 2 bestuurders: Langs achteren,Geen hindernis
22692,50,"Brugge, Sint-Andries",Brugge,51.19291,3.16252,1.1504721578144257,51.1886197231963,3.1474975496610877,2020,11,16,31012,Jabbeke,Normaal,Droog,Dag,met lichtgewonden,9,personenauto,3,Fiets,Buiten Kruispunt,Gemeenteweg,binnen bebouwde kom,Tussen 2 bestuurders: Langs achteren,Geen hindernis
22697,84,Roeselare totem,Izegem,50.91717,3.18772,1.292018612700606,50.926667865387664,3.17710200454604,2020,11,19,36008,Izegem,Normaal,Droog,"Nacht, openb. verlicht. aanw., maar niet ontstoken",met zwaargewonden,3,Fiets,3,Fiets,Buiten Kruispunt,Gewestweg,buiten bebouwde kom,Tussen 2 bestuurders: Flank tegen flank,Geen hindernis
22700,84,Roeselare totem,Izegem,50.91717,3.18772,1.6492427481437362,50.92143698257048,3.2102527420853577,2020,11,14,36008,Izegem,Normaal,Droog,Dag,met lichtgewonden,3,Fiets,9,personenauto,Buiten Kruispunt,Gemeenteweg,binnen bebouwde kom,Tussen 2 bestuurders: Flank tegen flank,Geen hindernis
22702,84,Roeselare totem,Izegem,50.91717,3.18772,1.067272891511881,50.9126242378523,3.2011281778242995,2020,11,18,36008,Izegem,Normaal,Droog,"Nacht, openbare verlichting aanwezig en ontstoken",met lichtgewonden,9,personenauto,3,Fiets,Op Kruispunt,Gewestweg,buiten bebouwde kom,Tussen 2 bestuurders: Frontale botsing,Geen hindernis
22704,75,Kortrijk teller 2,Kortrijk,50.81925,3.25731,0.8371723254104506,50.82001945384422,3.2691648266585833,2020,11,13,34022,Kortrijk,Normaal,Droog,Dag,met zwaargewonden,3,Fiets,3,Fiets,Buiten Kruispunt,Gewestweg,binnen bebouwde kom,Tss. 2 best.: langs opzij (voor-/achterkant-flank),Geen hindernis
22704,74,Kortrijk teller 1,Kortrijk,50.81909,3.25728,0.8412701198582974,50.82001945384422,3.2691648266585833,2020,11,13,34022,Kortrijk,Normaal,Droog,Dag,met zwaargewonden,3,Fiets,3,Fiets,Buiten Kruispunt,Gewestweg,binnen bebouwde kom,Tss. 2 best.: langs opzij (voor-/achterkant-flank),Geen hindernis
22704,143,Eco Display Classic Budastraat,Kortrijk,50.83066,3.26286,1.263337400327452,50.82001945384422,3.2691648266585833,2020,11,13,34022,Kortrijk,Normaal,Droog,Dag,met zwaargewonden,3,Fiets,3,Fiets,Buiten Kruispunt,Gewestweg,binnen bebouwde kom,Tss. 2 best.: langs opzij (voor-/achterkant-flank),Geen hindernis
22704,16,Kortrijk 1,Kortrijk,50.83332,3.27777,1.5976914110909317,50.82001945384422,3.2691648266585833,2020,11,13,34022,Kortrijk,Normaal,Droog,Dag,met zwaargewonden,3,Fiets,3,Fiets,Buiten Kruispunt,Gewestweg,binnen bebouwde kom,Tss. 2 best.: langs opzij (voor-/achterkant-flank),Geen hindernis
22704,17,Kortrijk 2,Kortrijk,50.83339,3.27773,1.60384314618493,50.82001945384422,3.2691648266585833,2020,11,13,34022,Kortrijk,Normaal,Droog,Dag,met zwaargewonden,3,Fiets,3,Fiets,Buiten Kruispunt,Gewestweg,binnen bebouwde kom,Tss. 2 best.: langs opzij (voor-/achterkant-flank),Geen hindernis
22705,74,Kortrijk teller 1,Kortrijk,50.81909,3.25728,1.5662481249436668,50.8113811927379,3.2759385740040132,2020,11,9,34022,Kortrijk,Normaal,Droog,Dag,met zwaargewonden,9,personenauto,3,Fiets,Op Kruispunt,Gewestweg,binnen bebouwde kom,Tss. 2 best.: langs opzij (voor-/achterkant-flank),Geen hindernis
22705,75,Kortrijk teller 2,Kortrijk,50.81925,3.25731,1.5743008147268034,50.8113811927379,3.2759385740040132,2020,11,9,34022,Kortrijk,Normaal,Droog,Dag,met zwaargewonden,9,personenauto,3,Fiets,Op Kruispunt,Gewestweg,binnen bebouwde kom,Tss. 2 best.: langs opzij (voor-/achterkant-flank),Geen hindernis
22705,143,Eco Display Classic Budastraat,Kortrijk,50.83066,3.26286,2.3322811509098655,50.8113811927379,3.2759385740040132,2020,11,9,34022,Kortrijk,Normaal,Droog,Dag,met zwaargewonden,9,personenauto,3,Fiets,Op Kruispunt,Gewestweg,binnen bebouwde kom,Tss. 2 best.: langs opzij (voor-/achterkant-flank),Geen hindernis
22705,16,Kortrijk 1,Kortrijk,50.83332,3.27777,2.4428738937533883,50.8113811927379,3.2759385740040132,2020,11,9,34022,Kortrijk,Normaal,Droog,Dag,met zwaargewonden,9,personenauto,3,Fiets,Op Kruispunt,Gewestweg,binnen bebouwde kom,Tss. 2 best.: langs opzij (voor-/achterkant-flank),Geen hindernis
22705,17,Kortrijk 2,Kortrijk,50.83339,3.27773,2.4505008717806076,50.8113811927379,3.2759385740040132,2020,11,9,34022,Kortrijk,Normaal,Droog,Dag,met zwaargewonden,9,personenauto,3,Fiets,Op Kruispunt,Gewestweg,binnen bebouwde kom,Tss. 2 best.: langs opzij (voor-/achterkant-flank),Geen hindernis
22706,143,Eco Display Classic Budastraat,Kortrijk,50.83066,3.26286,1.554788246144454,50.82998669158366,3.240748055289764,2020,11,7,34022,Kortrijk,Normaal,Droog,Dag,met lichtgewonden,9,personenauto,3,Fiets,Op Kruispunt,Gemeenteweg,binnen bebouwde kom,Tss. 2 best.: langs opzij (voor-/achterkant-flank),Geen hindernis
22706,75,Kortrijk teller 2,Kortrijk,50.81925,3.25731,1.6669320151598297,50.82998669158366,3.240748055289764,2020,11,7,34022,Kortrijk,Normaal,Droog,Dag,met lichtgewonden,9,personenauto,3,Fiets,Op Kruispunt,Gemeenteweg,binnen bebouwde kom,Tss. 2 best.: langs opzij (voor-/achterkant-flank),Geen hindernis
22706,74,Kortrijk teller 1,Kortrijk,50.81909,3.25728,1.678262688279752,50.82998669158366,3.240748055289764,2020,11,7,34022,Kortrijk,Normaal,Droog,Dag,met lichtgewonden,9,personenauto,3,Fiets,Op Kruispunt,Gemeenteweg,binnen bebouwde kom,Tss. 2 best.: langs opzij (voor-/achterkant-flank),Geen hindernis
22707,143,Eco Display Classic Budastraat,Kortrijk,50.83066,3.26286,0.9611929958757343,50.838640351253865,3.257599826179824,2020,11,9,34022,Kortrijk,Normaal,Droog,Dag,met zwaargewonden,3,Fiets,8,Voetganger,Buiten Kruispunt,Gemeenteweg,binnen bebouwde kom,Met een voetganger,Geen hindernis
22707,17,Kortrijk 2,Kortrijk,50.83339,3.27773,1.529437060464744,50.838640351253865,3.257599826179824,2020,11,9,34022,Kortrijk,Normaal,Droog,Dag,met zwaargewonden,3,Fiets,8,Voetganger,Buiten Kruispunt,Gemeenteweg,binnen bebouwde kom,Met een voetganger,Geen hindernis
22707,16,Kortrijk 1,Kortrijk,50.83332,3.27777,1.5350176730950091,50.838640351253865,3.257599826179824,2020,11,9,34022,Kortrijk,Normaal,Droog,Dag,met zwaargewonden,3,Fiets,8,Voetganger,Buiten Kruispunt,Gemeenteweg,binnen bebouwde kom,Met een voetganger,Geen hindernis
22707,75,Kortrijk teller 2,Kortrijk,50.81925,3.25731,2.1562047736837786,50.838640351253865,3.257599826179824,2020,11,9,34022,Kortrijk,Normaal,Droog,Dag,met zwaargewonden,3,Fiets,8,Voetganger,Buiten Kruispunt,Gemeenteweg,binnen bebouwde kom,Met een voetganger,Geen hindernis
22707,74,Kortrijk teller 1,Kortrijk,50.81909,3.25728,2.174015926030779,50.838640351253865,3.257599826179824,2020,11,9,34022,Kortrijk,Normaal,Droog,Dag,met zwaargewonden,3,Fiets,8,Voetganger,Buiten Kruispunt,Gemeenteweg,binnen bebouwde kom,Met een voetganger,Geen hindernis
22708,16,Kortrijk 1,Kortrijk,50.83332,3.27777,2.1550926211182673,50.824949770541814,3.3054451229895103,2020,11,7,34022,Kortrijk,Normaal,Droog,Dag,met zwaargewonden,3,Fiets,3,Fiets,Op Kruispunt,Gemeenteweg,binnen bebouwde kom,Tss. 2 best.: langs opzij (voor-/achterkant-flank),Geen hindernis
22708,17,Kortrijk 2,Kortrijk,50.83339,3.27773,2.1609945379483455,50.824949770541814,3.3054451229895103,2020,11,7,34022,Kortrijk,Normaal,Droog,Dag,met zwaargewonden,3,Fiets,3,Fiets,Op Kruispunt,Gemeenteweg,binnen bebouwde kom,Tss. 2 best.: langs opzij (voor-/achterkant-flank),Geen hindernis
22718,67,Ieper totem,Ieper,50.85018,2.85624,2.454509459481316,50.842842749391515,2.8892124753019197,2020,11,8,33011,Ieper,Regenval,"Nat, plassen",Dag,met lichtgewonden,9,personenauto,3,Fiets,Op Kruispunt,Gewestweg,binnen bebouwde kom,Tss. 2 best.: langs opzij (voor-/achterkant-flank),Geen hindernis
22718,68,Ieper,Ieper,50.85032,2.85608,2.4702995456244303,50.842842749391515,2.8892124753019197,2020,11,8,33011,Ieper,Regenval,"Nat, plassen",Dag,met lichtgewonden,9,personenauto,3,Fiets,Op Kruispunt,Gewestweg,binnen bebouwde kom,Tss. 2 best.: langs opzij (voor-/achterkant-flank),Geen hindernis
22720,67,Ieper totem,Ieper,50.85018,2.85624,2.3282581534956233,50.85552622330751,2.888307238936526,2020,11,15,33011,Ieper,"Andere (dikke rook,...)",Droog,Dag,met zwaargewonden,9,personenauto,3,Fiets,Buiten Kruispunt,Gemeenteweg,binnen bebouwde kom,Tussen 2 bestuurders: Langs achteren,Geen hindernis
22720,68,Ieper,Ieper,50.85032,2.85608,2.335208368401522,50.85552622330751,2.888307238936526,2020,11,15,33011,Ieper,"Andere (dikke rook,...)",Droog,Dag,met zwaargewonden,9,personenauto,3,Fiets,Buiten Kruispunt,Gemeenteweg,binnen bebouwde kom,Tussen 2 bestuurders: Langs achteren,Geen hindernis
22723,67,Ieper totem,Ieper,50.85018,2.85624,1.592692197654939,50.84816586374492,2.8787010621441276,2020,11,9,33011,Ieper,Normaal,Droog,Dag,met lichtgewonden,3,Fiets,9,personenauto,Buiten Kruispunt,Gewestweg,binnen bebouwde kom,Tussen 2 bestuurders: Langs achteren,Geen hindernis
22723,68,Ieper,Ieper,50.85032,2.85608,1.606059566998739,50.84816586374492,2.8787010621441276,2020,11,9,33011,Ieper,Normaal,Droog,Dag,met lichtgewonden,3,Fiets,9,personenauto,Buiten Kruispunt,Gewestweg,binnen bebouwde kom,Tussen 2 bestuurders: Langs achteren,Geen hindernis
22727,67,Ieper totem,Ieper,50.85018,2.85624,1.5774683370726093,50.848378670022804,2.87852780780402,2020,11,18,33011,Ieper,Normaal,Droog,"Nacht, openbare verlichting aanwezig en ontstoken",met zwaargewonden,3,Fiets,9,personenauto,Op Kruispunt,Gewestweg,binnen bebouwde kom,Tss. 2 best.: langs opzij (voor-/achterkant-flank),Geen hindernis
22727,68,Ieper,Ieper,50.85032,2.85608,1.590646163128138,50.848378670022804,2.87852780780402,2020,11,18,33011,Ieper,Normaal,Droog,"Nacht, openbare verlichting aanwezig en ontstoken",met zwaargewonden,3,Fiets,9,personenauto,Op Kruispunt,Gewestweg,binnen bebouwde kom,Tss. 2 best.: langs opzij (voor-/achterkant-flank),Geen hindernis
22729,67,Ieper totem,Ieper,50.85018,2.85624,1.269065853747228,50.84495058555686,2.8723069255613214,2020,11,13,33011,Ieper,Normaal,Droog+Proper,Dag,met lichtgewonden,9,personenauto,3,Fiets,Op Kruispunt,Gemeenteweg,binnen bebouwde kom,Tussen 2 bestuurders: Frontale botsing,Geen hindernis
22729,68,Ieper,Ieper,50.85032,2.85608,1.286211148843033,50.84495058555686,2.8723069255613214,2020,11,13,33011,Ieper,Normaal,Droog+Proper,Dag,met lichtgewonden,9,personenauto,3,Fiets,Op Kruispunt,Gemeenteweg,binnen bebouwde kom,Tussen 2 bestuurders: Frontale botsing,Geen hindernis
22730,36,Lanaken teller 2,Lanaken,50.88131,5.63012,0.9870101257240049,50.88402633573541,5.616725775900601,2020,11,15,73042,Lanaken,Normaal,Droog,Dag,met lichtgewonden,9,personenauto,3,Fiets,Op Kruispunt,Gemeenteweg,binnen bebouwde kom,Tss. 2 best.: langs opzij (voor-/achterkant-flank),Geen hindernis
22730,35,Lanaken teller 1,Lanaken,50.88112,5.6314,1.0789917553028123,50.88402633573541,5.616725775900601,2020,11,15,73042,Lanaken,Normaal,Droog,Dag,met lichtgewonden,9,personenauto,3,Fiets,Op Kruispunt,Gemeenteweg,binnen bebouwde kom,Tss. 2 best.: langs opzij (voor-/achterkant-flank),Geen hindernis
22731,42,Maasmechelen teller 2,Maasmechelen,50.97043,5.6981,2.1905944427451183,50.9872847009819,5.714299670589421,2020,11,14,73107,Maasmechelen,Normaal,Droog,Dag,met lichtgewonden,3,Fiets,9,personenauto,Op Kruispunt,Gemeenteweg,binnen bebouwde kom,Tss. 2 best.: langs opzij (voor-/achterkant-flank),Geen hindernis
22731,41,Maasmechelen teller 1,Maasmechelen,50.97025,5.69799,2.211709657274005,50.9872847009819,5.714299670589421,2020,11,14,73107,Maasmechelen,Normaal,Droog,Dag,met lichtgewonden,3,Fiets,9,personenauto,Op Kruispunt,Gemeenteweg,binnen bebouwde kom,Tss. 2 best.: langs opzij (voor-/achterkant-flank),Geen hindernis
22734,124,Beveren teller 2,Beveren,51.1964712,4.2361077,2.1039801024047806,51.214458447869475,4.245480439812898,2020,11,7,46003,Beveren,Normaal,Droog,Dag,met lichtgewonden,3,Fiets,3,Fiets,Op Kruispunt,Gemeenteweg,binnen bebouwde kom,Tussen 2 bestuurders: Flank tegen flank,Geen hindernis
22737,106,St. pieters leeuw teller 1,Sint-Pieters-Leeuw,50.75533,4.24951,2.050135976395659,50.761977254350654,4.276695678212195,2020,11,14,23003,Beersel,Normaal,Droog,Dag,met lichtgewonden,9,personenauto,3,Fiets,Op Kruispunt,Gemeenteweg,binnen bebouwde kom,Tss. 2 best.: langs opzij (voor-/achterkant-flank),Geen hindernis
22737,105,St. pieters leeuw teller 2,Halle,50.75509,4.24943,2.06513736086402,50.761977254350654,4.276695678212195,2020,11,14,23003,Beersel,Normaal,Droog,Dag,met lichtgewonden,9,personenauto,3,Fiets,Op Kruispunt,Gemeenteweg,binnen bebouwde kom,Tss. 2 best.: langs opzij (voor-/achterkant-flank),Geen hindernis
22738,106,St. pieters leeuw teller 1,Sint-Pieters-Leeuw,50.75533,4.24951,2.177389984540398,50.758748527418895,4.279988534256563,2020,11,13,23003,Beersel,Normaal,Droog,Dag,met zwaargewonden,3,Fiets,8,Voetganger,Buiten Kruispunt,Gemeenteweg,binnen bebouwde kom,Met een voetganger,Geen hindernis
22738,105,St. pieters leeuw teller 2,Halle,50.75509,4.24943,2.187741564284121,50.758748527418895,4.279988534256563,2020,11,13,23003,Beersel,Normaal,Droog,Dag,met zwaargewonden,3,Fiets,8,Voetganger,Buiten Kruispunt,Gemeenteweg,binnen bebouwde kom,Met een voetganger,Geen hindernis
22739,99,Mechelen teller 1,Mechelen,51.04564,4.46882,2.4832963377319532,51.026232098263776,4.4863912105651025,2020,11,10,12025,Mechelen,Onbekend,Onbekend,Dag,met lichtgewonden,9,personenauto,3,Fiets,Op Kruispunt,Gemeenteweg,onbekend,Tss. 2 best.: langs opzij (voor-/achterkant-flank),Geen hindernis
22739,100,Mechelen teller 2,Mechelen,51.0457,4.46883,2.4887509712403215,51.026232098263776,4.4863912105651025,2020,11,10,12025,Mechelen,Onbekend,Onbekend,Dag,met lichtgewonden,9,personenauto,3,Fiets,Op Kruispunt,Gemeenteweg,onbekend,Tss. 2 best.: langs opzij (voor-/achterkant-flank),Geen hindernis