crash_row_id,site_id,site_name,site_gemeente,site_lat,site_long,distance_km,crash_lat,crash_long,DT_YEAR_COLLISION,DT_MONTH_COLLISION,DT_TIME,CD_NIS,TX_MUNTY_COLLISION_NL,TX_WEATHER_NL,TX_ROAD_CONDITION_NL,TX_LIGHT_CONDITION_NL,TX_CLASS_ACCIDENTS_NL,CD_ROAD_USR_TYPE1,TX_ROAD_USR_TYPE1_NL,CD_ROAD_USR_TYPE2,TX_ROAD_USR_TYPE2_NL,TX_CROSSWAY_NL,CD_ROAD_TYPE_NL,TX_BUILD_UP_AREA_NL,TX_COLLISION_TYPE_NL,TX_OBSTACLES_NL
22742,99,Mechelen teller 1,Mechelen,51.04564,4.46882,0.06453752992708554,51.04510442065414,4.469175729731847,2020,11,16,12025,Mechelen,Normaal,Droog,Dag,met lichtgewonden,9,personenauto,3,Fiets,Buiten Kruispunt,Gewestweg,binnen bebouwde kom,Tussen 2 bestuurders: Frontale botsing,Geen hindernis
22742,100,Mechelen teller 2,Mechelen,51.0457,4.46883,0.07049801373428972,51.04510442065414,4.469175729731847,2020,11,16,12025,Mechelen,Normaal,Droog,Dag,met lichtgewonden,9,personenauto,3,Fiets,Buiten Kruispunt,Gewestweg,binnen bebouwde kom,Tussen 2 bestuurders: Frontale botsing,Geen hindernis
22745,100,Mechelen teller 2,Mechelen,51.0457,4.46883,0.48030435626913165,51.049883229077594,4.470542086437868,2020,11,16,12025,Mechelen,Normaal,Droog,Dag,met lichtgewonden,5,Lichte vrachtauto,3,Fiets,Op Kruispunt,Gemeenteweg,binnen bebouwde kom,Tss. 2 best.: langs opzij (voor-/achterkant-flank),Geen hindernis
22745,99,Mechelen teller 1,Mechelen,51.04564,4.46882,0.48694081098038766,51.049883229077594,4.470542086437868,2020,11,16,12025,Mechelen,Normaal,Droog,Dag,met lichtgewonden,5,Lichte vrachtauto,3,Fiets,Op Kruispunt,Gemeenteweg,binnen bebouwde kom,Tss. 2 best.: langs opzij (voor-/achterkant-flank),Geen hindernis
22748,33,Lummen,Lummen,50.97978,5.20936,1.6659765284904444,50.99363066646467,5.200285167462161,2020,11,8,71037,Lummen,Normaal,Droog,Dag,met zwaargewonden,9,personenauto,3,Fiets,Buiten Kruispunt,Gemeenteweg,buiten bebouwde kom,Tss. 2 best.: langs opzij (voor-/achterkant-flank),Geen hindernis
22748,32,Lummen,Lummen,50.97971,5.20961,1.6798965489290731,50.99363066646467,5.200285167462161,2020,11,8,71037,Lummen,Normaal,Droog,Dag,met zwaargewonden,9,personenauto,3,Fiets,Buiten Kruispunt,Gemeenteweg,buiten bebouwde kom,Tss. 2 best.: langs opzij (voor-/achterkant-flank),Geen hindernis
22749,31,Herk De Stad,Herk-de-Stad,50.94366,5.1775,2.1851232628943364,50.962509797409076,5.186318088938745,2020,11,7,71024,Herk-de-Stad,Mist (zichtbaarheid minder dan 100m),Onbekend,"Nacht, openbare verlichting aanwezig en ontstoken",met lichtgewonden,9,personenauto,3,Fiets,Op Kruispunt,Gewestweg,buiten bebouwde kom,Tss. 2 best.: langs opzij (voor-/achterkant-flank),Geen hindernis
22749,30,Herk De Stad,Herk-de-Stad,50.94374,5.17691,2.1886790112897376,50.962509797409076,5.186318088938745,2020,11,7,71024,Herk-de-Stad,Mist (zichtbaarheid minder dan 100m),Onbekend,"Nacht, openbare verlichting aanwezig en ontstoken",met lichtgewonden,9,personenauto,3,Fiets,Op Kruispunt,Gewestweg,buiten bebouwde kom,Tss. 2 best.: langs opzij (voor-/achterkant-flank),Geen hindernis
22752,140,Hasselt ring,Hasselt,50.9300038,5.3438616,0.8204718034142464,50.93454723710448,5.334636589208014,2020,11,15,71022,Hasselt,Normaal,Droog,Dag,met lichtgewonden,3,Fiets,3,Fiets,Op Kruispunt,Gemeenteweg,binnen bebouwde kom,Tss. 2 best.: langs opzij (voor-/achterkant-flank),Geen hindernis
22752,138,Hasselt-Kempische brug,Hasselt,50.9405318,5.3422472,0.852773027012627,50.93454723710448,5.334636589208014,2020,11,15,71022,Hasselt,Normaal,Droog,Dag,met lichtgewonden,3,Fiets,3,Fiets,Op Kruispunt,Gemeenteweg,binnen bebouwde kom,Tss. 2 best.: langs opzij (voor-/achterkant-flank),Geen hindernis
22752,137,Hasselt-Kempische brug,Hasselt,50.9411605,5.3417576,0.888669267204788,50.93454723710448,5.334636589208014,2020,11,15,71022,Hasselt,Normaal,Droog,Dag,met lichtgewonden,3,Fiets,3,Fiets,Op Kruispunt,Gemeenteweg,binnen bebouwde kom,Tss. 2 best.: langs opzij (voor-/achterkant-flank),Geen hindernis
22753,140,Hasselt ring,Hasselt,50.9300038,5.3438616,0.8691516893614529,50.92231764802011,5.346116571015071,2020,11,9,71022,Hasselt,Normaal,Droog,Dag,met lichtgewonden,9,personenauto,3,Fiets,Op Kruispunt,Gemeenteweg,binnen bebouwde kom,Tussen 2 bestuurders: Flank tegen flank,Geen hindernis
22753,138,Hasselt-Kempische brug,Hasselt,50.9405318,5.3422472,2.043393833779439,50.92231764802011,5.346116571015071,2020,11,9,71022,Hasselt,Normaal,Droog,Dag,met lichtgewonden,9,personenauto,3,Fiets,Op Kruispunt,Gemeenteweg,binnen bebouwde kom,Tussen 2 bestuurders: Flank tegen flank,Geen hindernis
22753,137,Hasselt-Kempische brug,Hasselt,50.9411605,5.3417576,2.1173812150310214,50.92231764802011,5.346116571015071,2020,11,9,71022,Hasselt,Normaal,Droog,Dag,met lichtgewonden,9,personenauto,3,Fiets,Op Kruispunt,Gemeenteweg,binnen bebouwde kom,Tussen 2 bestuurders: Flank tegen flank,Geen hindernis
22754,30,Herk De Stad,Herk-de-Stad,50.94374,5.17691,0.5777210604987929,50.94125231958154,5.169671001340707,2020,11,14,71024,Herk-de-Stad,Onbekend,Droog,Dag,met zwaargewonden,3,Fiets,10,"één bestuurder, geen hindernis",Buiten Kruispunt,Gemeenteweg,binnen bebouwde kom,"Eén bestuurder, geen hindernis (incl. val)",Geen hindernis
22754,31,Herk De Stad,Herk-de-Stad,50.94366,5.1775,0.6103778357408904,50.94125231958154,5.169671001340707,2020,11,14,71024,Herk-de-Stad,Onbekend,Droog,Dag,met zwaargewonden,3,Fiets,10,"één bestuurder, geen hindernis",Buiten Kruispunt,Gemeenteweg,binnen bebouwde kom,"Eén bestuurder, geen hindernis (incl. val)",Geen hindernis
22759,25,Bree,Bree,51.13679500160176,5.597669323604317,0.8127087427695031,51.14403078333829,5.5960260597083336,2020,11,16,72004,Bree,Normaal,Droog,Dag,met lichtgewonden,5,Lichte vrachtauto,3,Fiets,Buiten Kruispunt,Gemeenteweg,binnen bebouwde kom,Tussen 2 bestuurders: Flank tegen flank,Geen hindernis
22761,14,Genk,Genk,50.97172,5.48927,0.7663136267025601,50.97129700940205,5.500193545853509,2020,11,7,71016,Genk,Normaal,Droog,Dag,met lichtgewonden,3,Fiets,9,personenauto,Op Kruispunt,Gewestweg,binnen bebouwde kom,Tss. 2 best.: langs opzij (voor-/achterkant-flank),Geen hindernis
22764,139,Houthalen-Helchteren,Houthalen-Helchteren,51.0644267,5.3819796,2.1525935244809364,51.049029155963105,5.3633119570030185,2020,11,13,72039,Houthalen-Helchteren,Normaal,"Nat, plassen",Dag,met lichtgewonden,3,Fiets,10,"één bestuurder, geen hindernis",Op Kruispunt,Gewestweg,buiten bebouwde kom,"Eén bestuurder, geen hindernis (incl. val)",Geen hindernis
22765,23,Tienen 3,Tienen,50.81324,4.93447,0.44626061487103547,50.81234260307698,4.928279192581891,2020,11,17,24107,Tienen,Normaal,Droog,Dag,met lichtgewonden,9,personenauto,3,Fiets,Op Kruispunt,Gewestweg,binnen bebouwde kom,Tss. 2 best.: langs opzij (voor-/achterkant-flank),Geen hindernis
22765,24,Tienen 1,Tienen,50.8133795491886,4.935044252605416,0.4890926671396642,50.81234260307698,4.928279192581891,2020,11,17,24107,Tienen,Normaal,Droog,Dag,met lichtgewonden,9,personenauto,3,Fiets,Op Kruispunt,Gewestweg,binnen bebouwde kom,Tss. 2 best.: langs opzij (voor-/achterkant-flank),Geen hindernis
22765,22,Tienen 2,Tienen,50.81330800184882,4.935984252796022,0.5518917063110345,50.81234260307698,4.928279192581891,2020,11,17,24107,Tienen,Normaal,Droog,Dag,met lichtgewonden,9,personenauto,3,Fiets,Op Kruispunt,Gewestweg,binnen bebouwde kom,Tss. 2 best.: langs opzij (voor-/achterkant-flank),Geen hindernis
22766,22,Tienen 2,Tienen,50.81330800184882,4.935984252796022,1.2739551670652105,50.802185785650416,4.940334773210122,2020,11,8,24107,Tienen,Normaal,Droog,Dag,met lichtgewonden,3,Fiets,9,personenauto,Op Kruispunt,Gewestweg,binnen bebouwde kom,Tussen 2 bestuurders: Frontale botsing,Geen hindernis
22766,23,Tienen 3,Tienen,50.81324,4.93447,1.29641462189991,50.802185785650416,4.940334773210122,2020,11,8,24107,Tienen,Normaal,Droog,Dag,met lichtgewonden,3,Fiets,9,personenauto,Op Kruispunt,Gewestweg,binnen bebouwde kom,Tussen 2 bestuurders: Frontale botsing,Geen hindernis
22766,24,Tienen 1,Tienen,50.8133795491886,4.935044252605416,1.299018404781042,50.802185785650416,4.940334773210122,2020,11,8,24107,Tienen,Normaal,Droog,Dag,met lichtgewonden,3,Fiets,9,personenauto,Op Kruispunt,Gewestweg,binnen bebouwde kom,Tussen 2 bestuurders: Frontale botsing,Geen hindernis
22783,124,Beveren teller 2,Beveren,51.1964712,4.2361077,0.8577061986346468,51.19718404535729,4.223851153223849,2020,12,7,46003,Beveren,Onbekend,Onbekend,Onbekend,met lichtgewonden,3,Fiets,2,Andere weggebruiker,Op Kruispunt,Gewestweg,onbekend,Tss. 2 best.: langs opzij (voor-/achterkant-flank),Geen hindernis
22801,2,Brasschaat 2,Brasschaat,51.27512,4.47169,1.2268195916480338,51.26554540432661,4.462927418873084,2020,12,17,11002,Antwerpen,Normaal,Droog,"Nacht, openbare verlichting aanwezig en ontstoken",met lichtgewonden,9,personenauto,3,Fiets,Op Kruispunt,Gewestweg,binnen bebouwde kom,Tussen 2 bestuurders: Frontale botsing,Geen hindernis
22801,3,Brasschaat 1,Brasschaat,51.27503,4.47222,1.2370091198502073,51.26554540432661,4.462927418873084,2020,12,17,11002,Antwerpen,Normaal,Droog,"Nacht, openbare verlichting aanwezig en ontstoken",met lichtgewonden,9,personenauto,3,Fiets,Op Kruispunt,Gewestweg,binnen bebouwde kom,Tussen 2 bestuurders: Frontale botsing,Geen hindernis
22832,96,Lier teller 2,Lier,51.11705,4.58444,2.4817365092407555,51.135620665712565,4.564714580614281,2020,11,16,12021,Lier,Normaal,Droog,Dag,met lichtgewonden,3,Fiets,9,personenauto,Buiten Kruispunt,Gemeenteweg,binnen bebouwde kom,Tss. 2 best.: langs opzij (voor-/achterkant-flank),Geen hindernis
22832,95,Lier teller 1,Lier,51.11687,4.58437,2.495728256549445,51.135620665712565,4.564714580614281,2020,11,16,12021,Lier,Normaal,Droog,Dag,met lichtgewonden,3,Fiets,9,personenauto,Buiten Kruispunt,Gemeenteweg,binnen bebouwde kom,Tss. 2 best.: langs opzij (voor-/achterkant-flank),Geen hindernis
22837,3,Brasschaat 1,Brasschaat,51.27503,4.47222,0.5564668721375796,51.27913104871275,4.47680480361518,2020,12,14,11008,Brasschaat,Normaal,Droog,Dag,met lichtgewonden,3,Fiets,6,Bromfiets,Buiten Kruispunt,Gewestweg,buiten bebouwde kom,Tss. 2 best.: langs opzij (voor-/achterkant-flank),Geen hindernis
22837,2,Brasschaat 2,Brasschaat,51.27512,4.47169,0.5705271511934636,51.27913104871275,4.47680480361518,2020,12,14,11008,Brasschaat,Normaal,Droog,Dag,met lichtgewonden,3,Fiets,6,Bromfiets,Buiten Kruispunt,Gewestweg,buiten bebouwde kom,Tss. 2 best.: langs opzij (voor-/achterkant-flank),Geen hindernis
22839,3,Brasschaat 1,Brasschaat,51.27503,4.47222,2.017082926334339,51.28933644782444,4.490050812124852,2020,12,11,11008,Brasschaat,Normaal,"Nat, plassen",Dag,met lichtgewonden,3,Fiets,9,personenauto,Buiten Kruispunt,Gewestweg,binnen bebouwde kom,Tussen 2 bestuurders: Flank tegen flank,Geen hindernis
22839,2,Brasschaat 2,Brasschaat,51.27512,4.47169,2.032158361475097,51.28933644782444,4.490050812124852,2020,12,11,11008,Brasschaat,Normaal,"Nat, plassen",Dag,met lichtgewonden,3,Fiets,9,personenauto,Buiten Kruispunt,Gewestweg,binnen bebouwde kom,Tussen 2 bestuurders: Flank tegen flank,Geen hindernis
22841,104,Malle teller 2,Malle,51.31682,4.73852,2.1004608451714426,51.30022641170708,4.724080224037669,2020,12,13,11057,Malle,Normaal,"Nat, plassen",Dag,met lichtgewonden,9,personenauto,3,Fiets,Op Kruispunt,Gewestweg,buiten bebouwde kom,Tss. 2 best.: langs opzij (voor-/achterkant-flank),Geen hindernis
22841,103,Malle teller 1,Malle,51.31681,4.73872,2.106165941129605,51.30022641170708,4.724080224037669,2020,12,13,11057,Malle,Normaal,"Nat, plassen",Dag,met lichtgewonden,9,personenauto,3,Fiets,Op Kruispunt,Gewestweg,buiten bebouwde kom,Tss. 2 best.: langs opzij (voor-/achterkant-flank),Geen hindernis
22851,96,Lier teller 2,Lier,51.11705,4.58444,0.7224262983863103,51.119247490693546,4.574699906632957,2020,12,14,12021,Lier,Normaal,Droog,Dag,met lichtgewonden,9,personenauto,3,Fiets,Buiten Kruispunt,Gemeenteweg,buiten bebouwde kom,Tss. 2 best.: langs opzij (voor-/achterkant-flank),Geen hindernis
22851,95,Lier teller 1,Lier,51.11687,4.58437,0.7248889615105321,51.119247490693546,4.574699906632957,2020,12,14,12021,Lier,Normaal,Droog,Dag,met lichtgewonden,9,personenauto,3,Fiets,Buiten Kruispunt,Gemeenteweg,buiten bebouwde kom,Tss. 2 best.: langs opzij (voor-/achterkant-flank),Geen hindernis
22853,96,Lier teller 2,Lier,51.11705,4.58444,2.3048225059521315,51.13428324262449,4.566088564888127,2020,12,13,12021,Lier,Normaal,"Nat, plassen",Dag,met lichtgewonden,3,Fiets,10,"één bestuurder, geen hindernis",Buiten Kruispunt,Gewestweg,binnen bebouwde kom,"Eén bestuurder, geen hindernis (incl. val)",Geen hindernis
22853,95,Lier teller 1,Lier,51.11687,4.58437,2.3187998192559487,51.13428324262449,4.566088564888127,2020,12,13,12021,Lier,Normaal,"Nat, plassen",Dag,met lichtgewonden,3,Fiets,10,"één bestuurder, geen hindernis",Buiten Kruispunt,Gewestweg,binnen bebouwde kom,"Eén bestuurder, geen hindernis (incl. val)",Geen hindernis
22867,88,Westerlo teller 1,Westerlo,51.082,4.91325,1.0446178692872137,51.090779493839406,4.918572229382061,2020,12,16,13049,Westerlo,Normaal,Droog,Dag,met lichtgewonden,9,personenauto,3,Fiets,Buiten Kruispunt,Gewestweg,binnen bebouwde kom,Tss. 2 best.: langs opzij (voor-/achterkant-flank),Geen hindernis
22867,89,Westerlo teller 2,Westerlo,51.08191,4.91334,1.0517757186031174,51.090779493839406,4.918572229382061,2020,12,16,13049,Westerlo,Normaal,Droog,Dag,met lichtgewonden,9,personenauto,3,Fiets,Buiten Kruispunt,Gewestweg,binnen bebouwde kom,Tss. 2 best.: langs opzij (voor-/achterkant-flank),Geen hindernis
22868,98,Geel teller 2,Geel,51.1481,4.99643,2.2471463081811556,51.15917713998344,4.969481903093733,2020,12,11,13008,Geel,Normaal,Droog,Dag,met lichtgewonden,3,Fiets,9,personenauto,Op Kruispunt,Gemeenteweg,binnen bebouwde kom,Tussen 2 bestuurders: Flank tegen flank,Geen hindernis
22868,97,Geel teller 1,Geel,51.14813,4.99698,2.2775258667558758,51.15917713998344,4.969481903093733,2020,12,11,13008,Geel,Normaal,Droog,Dag,met lichtgewonden,3,Fiets,9,personenauto,Op Kruispunt,Gemeenteweg,binnen bebouwde kom,Tussen 2 bestuurders: Flank tegen flank,Geen hindernis
22869,98,Geel teller 2,Geel,51.1481,4.99643,1.9632796666944234,51.16521638136105,4.989522190217283,2020,12,10,13008,Geel,Normaal,Droog,Dag,met zwaargewonden,9,personenauto,3,Fiets,Op Kruispunt,Gewestweg,binnen bebouwde kom,Tss. 2 best.: langs opzij (voor-/achterkant-flank),Geen hindernis
22869,97,Geel teller 1,Geel,51.14813,4.99698,1.9698246399706145,51.16521638136105,4.989522190217283,2020,12,10,13008,Geel,Normaal,Droog,Dag,met zwaargewonden,9,personenauto,3,Fiets,Op Kruispunt,Gewestweg,binnen bebouwde kom,Tss. 2 best.: langs opzij (voor-/achterkant-flank),Geen hindernis
22871,5,Balen 2,Balen,51.16018,5.19003,2.344765446917675,51.171841650286936,5.162012353525578,2020,12,13,13003,Balen,Onbekend,Onbekend,Dag,met lichtgewonden,9,personenauto,3,Fiets,Buiten Kruispunt,Gewestweg,binnen bebouwde kom,Tss. 2 best.: langs opzij (voor-/achterkant-flank),Geen hindernis
22871,4,Balen 1,Balen,51.16023,5.19011,2.346350058866083,51.171841650286936,5.162012353525578,2020,12,13,13003,Balen,Onbekend,Onbekend,Dag,met lichtgewonden,9,personenauto,3,Fiets,Buiten Kruispunt,Gewestweg,binnen bebouwde kom,Tss. 2 best.: langs opzij (voor-/achterkant-flank),Geen hindernis
22877,38,Lommel teller 2,Lommel,51.23277,5.29189,0.3711426885431294,51.23306394030466,5.2865801436265585,2020,12,7,72020,Lommel,Onbekend,Onbekend,Dageraad - schemering,met lichtgewonden,3,Fiets,9,personenauto,Op Kruispunt,Gewestweg,buiten bebouwde kom,Tss. 2 best.: langs opzij (voor-/achterkant-flank),Geen hindernis
22877,37,Lommel teller 1,Lommel,51.23299,5.29211,0.3851051356850427,51.23306394030466,5.2865801436265585,2020,12,7,72020,Lommel,Onbekend,Onbekend,Dageraad - schemering,met lichtgewonden,3,Fiets,9,personenauto,Op Kruispunt,Gewestweg,buiten bebouwde kom,Tss. 2 best.: langs opzij (voor-/achterkant-flank),Geen hindernis
22888,43,Maaseik teller 1,Maaseik,51.09344,5.79715,1.2298404674886998,51.094864246197986,5.779685996360055,2020,12,8,72021,Maaseik,Regenval,"Nat, plassen",Dag,met lichtgewonden,9,personenauto,3,Fiets,Op Kruispunt,Gewestweg,buiten bebouwde kom,Tss. 2 best.: langs opzij (voor-/achterkant-flank),Geen hindernis
22888,44,Maaseik teller 2,Maaseik,51.09359,5.79726,1.235432949571416,51.094864246197986,5.779685996360055,2020,12,8,72021,Maaseik,Regenval,"Nat, plassen",Dag,met lichtgewonden,9,personenauto,3,Fiets,Op Kruispunt,Gewestweg,buiten bebouwde kom,Tss. 2 best.: langs opzij (voor-/achterkant-flank),Geen hindernis
22889,107,leuven totem,Leuven,50.8870744,4.7087919,0.686990756883376,50.88446902721788,4.717671789839036,2020,12,7,24062,Leuven,Onbekend,Onbekend,Onbekend,met lichtgewonden,3,Fiets,6,Bromfiets,Buiten Kruispunt,Gemeenteweg,binnen bebouwde kom,Tussen 2 bestuurders: Frontale botsing,Geen hindernis
22889,77,Leuven teller 2,Leuven,50.88672,4.70796,0.7258023093234455,50.88446902721788,4.717671789839036,2020,12,7,24062,Leuven,Onbekend,Onbekend,Onbekend,met lichtgewonden,3,Fiets,6,Bromfiets,Buiten Kruispunt,Gemeenteweg,binnen bebouwde kom,Tussen 2 bestuurders: Frontale botsing,Geen hindernis
22889,69,Leuven teller 1,Leuven,50.87549,4.71526,1.0126588291789924,50.88446902721788,4.717671789839036,2020,12,7,24062,Leuven,Onbekend,Onbekend,Onbekend,met lichtgewonden,3,Fiets,6,Bromfiets,Buiten Kruispunt,Gemeenteweg,binnen bebouwde kom,Tussen 2 bestuurders: Frontale botsing,Geen hindernis
22890,69,Leuven teller 1,Leuven,50.87549,4.71526,0.3618593971710827,50.872413358998635,4.713579442916605,2020,12,13,24062,Leuven,Normaal,Droog,Dag,met lichtgewonden,3,Fiets,10,"één bestuurder, geen hindernis",Buiten Kruispunt,Gemeenteweg,binnen bebouwde kom,"Eén bestuurder, geen hindernis (incl. val)",Geen hindernis
22890,77,Leuven teller 2,Leuven,50.88672,4.70796,1.638951614839548,50.872413358998635,4.713579442916605,2020,12,13,24062,Leuven,Normaal,Droog,Dag,met lichtgewonden,3,Fiets,10,"één bestuurder, geen hindernis",Buiten Kruispunt,Gemeenteweg,binnen bebouwde kom,"Eén bestuurder, geen hindernis (incl. val)",Geen hindernis
22890,107,leuven totem,Leuven,50.8870744,4.7087919,1.6644760970040324,50.872413358998635,4.713579442916605,2020,12,13,24062,Leuven,Normaal,Droog,Dag,met lichtgewonden,3,Fiets,10,"één bestuurder, geen hindernis",Buiten Kruispunt,Gemeenteweg,binnen bebouwde kom,"Eén bestuurder, geen hindernis (incl. val)",Geen hindernis
22890,151,Leuven,District Leuven,50.8690262,4.6854839,2.0071748823078535,50.872413358998635,4.713579442916605,2020,12,13,24062,Leuven,Normaal,Droog,Dag,met lichtgewonden,3,Fiets,10,"één bestuurder, geen hindernis",Buiten Kruispunt,Gemeenteweg,binnen bebouwde kom,"Eén bestuurder, geen hindernis (incl. val)",Geen hindernis
22892,107,leuven totem,Leuven,50.8870744,4.7087919,0.6993623963474283,50.884988389108585,4.718197262135305,2020,12,18,24062,Leuven,Normaal,Droog,"Nacht, openbare verlichting aanwezig en ontstoken",met lichtgewonden,3,Fiets,8,Voetganger,Buiten Kruispunt,Gemeenteweg,binnen bebouwde kom,Met een voetganger,Geen hindernis
22892,77,Leuven teller 2,Leuven,50.88672,4.70796,0.7435010591230365,50.884988389108585,4.718197262135305,2020,12,18,24062,Leuven,Normaal,Droog,"Nacht, openbare verlichting aanwezig en ontstoken",met lichtgewonden,3,Fiets,8,Voetganger,Buiten Kruispunt,Gemeenteweg,binnen bebouwde kom,Met een voetganger,Geen hindernis
22892,69,Leuven teller 1,Leuven,50.87549,4.71526,1.076088390840827,50.884988389108585,4.718197262135305,2020,12,18,24062,Leuven,Normaal,Droog,"Nacht, openbare verlichting aanwezig en ontstoken",met lichtgewonden,3,Fiets,8,Voetganger,Buiten Kruispunt,Gemeenteweg,binnen bebouwde kom,Met een voetganger,Geen hindernis
22893,107,leuven totem,Leuven,50.8870744,4.7087919,0.583521173713418,50.88450010619697,4.716040531047202,2020,12,0,24062,Leuven,Normaal,Droog,"Nacht, openbare verlichting aanwezig en ontstoken",met lichtgewonden,3,Fiets,10,"één bestuurder, geen hindernis",Buiten Kruispunt,Gewestweg,binnen bebouwde kom,"Eén bestuurder, geen hindernis (incl. val)",Geen hindernis
22893,77,Leuven teller 2,Leuven,50.88672,4.70796,0.6182596881497278,50.88450010619697,4.716040531047202,2020,12,0,24062,Leuven,Normaal,Droog,"Nacht, openbare verlichting aanwezig en ontstoken",met lichtgewonden,3,Fiets,10,"één bestuurder, geen hindernis",Buiten Kruispunt,Gewestweg,binnen bebouwde kom,"Eén bestuurder, geen hindernis (incl. val)",Geen hindernis
22893,69,Leuven teller 1,Leuven,50.87549,4.71526,1.0033735301225328,50.88450010619697,4.716040531047202,2020,12,0,24062,Leuven,Normaal,Droog,"Nacht, openbare verlichting aanwezig en ontstoken",met lichtgewonden,3,Fiets,10,"één bestuurder, geen hindernis",Buiten Kruispunt,Gewestweg,binnen bebouwde kom,"Eén bestuurder, geen hindernis (incl. val)",Geen hindernis
22894,107,leuven totem,Leuven,50.8870744,4.7087919,0.8283717835702045,50.883724973972654,4.7193396629439075,2020,12,15,24062,Leuven,Normaal,Droog,Dag,met lichtgewonden,6,Bromfiets,3,Fiets,Buiten Kruispunt,Gewestweg,binnen bebouwde kom,Tussen 2 bestuurders: Frontale botsing,Geen hindernis
22894,77,Leuven teller 2,Leuven,50.88672,4.70796,0.8649682845863125,50.883724973972654,4.7193396629439075,2020,12,15,24062,Leuven,Normaal,Droog,Dag,met lichtgewonden,6,Bromfiets,3,Fiets,Buiten Kruispunt,Gewestweg,binnen bebouwde kom,Tussen 2 bestuurders: Frontale botsing,Geen hindernis
22894,69,Leuven teller 1,Leuven,50.87549,4.71526,0.9593785876730264,50.883724973972654,4.7193396629439075,2020,12,15,24062,Leuven,Normaal,Droog,Dag,met lichtgewonden,6,Bromfiets,3,Fiets,Buiten Kruispunt,Gewestweg,binnen bebouwde kom,Tussen 2 bestuurders: Frontale botsing,Geen hindernis
22895,69,Leuven teller 1,Leuven,50.87549,4.71526,0.42271961499695426,50.8764597646316,4.7094345936542235,2020,12,6,24062,Leuven,Normaal,Droog,Dageraad - schemering,met lichtgewonden,5,Lichte vrachtauto,3,Fiets,Op Kruispunt,Gemeenteweg,binnen bebouwde kom,Tss. 2 best.: langs opzij (voor-/achterkant-flank),Geen hindernis
22895,77,Leuven teller 2,Leuven,50.88672,4.70796,1.145566789469287,50.8764597646316,4.7094345936542235,2020,12,6,24062,Leuven,Normaal,Droog,Dageraad - schemering,met lichtgewonden,5,Lichte vrachtauto,3,Fiets,Op Kruispunt,Gemeenteweg,binnen bebouwde kom,Tss. 2 best.: langs opzij (voor-/achterkant-flank),Geen hindernis
22895,107,leuven totem,Leuven,50.8870744,4.7087919,1.1811544995625352,50.8764597646316,4.7094345936542235,2020,12,6,24062,Leuven,Normaal,Droog,Dageraad - schemering,met lichtgewonden,5,Lichte vrachtauto,3,Fiets,Op Kruispunt,Gemeenteweg,binnen bebouwde kom,Tss. 2 best.: langs opzij (voor-/achterkant-flank),Geen hindernis
22895,151,Leuven,District Leuven,50.8690262,4.6854839,1.872866465627622,50.8764597646316,4.7094345936542235,2020,12,6,24062,Leuven,Normaal,Droog,Dageraad - schemering,met lichtgewonden,5,Lichte vrachtauto,3,Fiets,Op Kruispunt,Gemeenteweg,binnen bebouwde kom,Tss. 2 best.: langs opzij (voor-/achterkant-flank),Geen hindernis
22896,107,leuven totem,Leuven,50.8870744,4.7087919,0.6562165946590895,50.88406737954036,4.716840995471227,2020,12,12,24062,Leuven,Regenval,"Nat, plassen",Dag,met lichtgewonden,9,personenauto,3,Fiets,Op Kruispunt,Gewestweg,binnen bebouwde kom,Tussen 2 bestuurders: Flank tegen flank,Geen hindernis
22896,77,Leuven teller 2,Leuven,50.88672,4.70796,0.6892973756893253,50.88406737954036,4.716840995471227,2020,12,12,24062,Leuven,Regenval,"Nat, plassen",Dag,met lichtgewonden,9,personenauto,3,Fiets,Op Kruispunt,Gewestweg,binnen bebouwde kom,Tussen 2 bestuurders: Flank tegen flank,Geen hindernis
22896,69,Leuven teller 1,Leuven,50.87549,4.71526,0.9601892969891831,50.88406737954036,4.716840995471227,2020,12,12,24062,Leuven,Regenval,"Nat, plassen",Dag,met lichtgewonden,9,personenauto,3,Fiets,Op Kruispunt,Gewestweg,binnen bebouwde kom,Tussen 2 bestuurders: Flank tegen flank,Geen hindernis
22897,69,Leuven teller 1,Leuven,50.87549,4.71526,0.9803996483612855,50.88323614599556,4.721934615907076,2020,12,18,24062,Leuven,Regenval,"Nat, plassen","Nacht, openbare verlichting aanwezig en ontstoken",met lichtgewonden,3,Fiets,8,Voetganger,Buiten Kruispunt,Gewestweg,binnen bebouwde kom,Met een voetganger,Geen hindernis
22897,107,leuven totem,Leuven,50.8870744,4.7087919,1.0159595836310509,50.88323614599556,4.721934615907076,2020,12,18,24062,Leuven,Regenval,"Nat, plassen","Nacht, openbare verlichting aanwezig en ontstoken",met lichtgewonden,3,Fiets,8,Voetganger,Buiten Kruispunt,Gewestweg,binnen bebouwde kom,Met een voetganger,Geen hindernis
22897,77,Leuven teller 2,Leuven,50.88672,4.70796,1.054092127821871,50.88323614599556,4.721934615907076,2020,12,18,24062,Leuven,Regenval,"Nat, plassen","Nacht, openbare verlichting aanwezig en ontstoken",met lichtgewonden,3,Fiets,8,Voetganger,Buiten Kruispunt,Gewestweg,binnen bebouwde kom,Met een voetganger,Geen hindernis