crash_row_id,site_id,site_name,site_gemeente,site_lat,site_long,distance_km,crash_lat,crash_long,DT_YEAR_COLLISION,DT_MONTH_COLLISION,DT_TIME,CD_NIS,TX_MUNTY_COLLISION_NL,TX_WEATHER_NL,TX_ROAD_CONDITION_NL,TX_LIGHT_CONDITION_NL,TX_CLASS_ACCIDENTS_NL,CD_ROAD_USR_TYPE1,TX_ROAD_USR_TYPE1_NL,CD_ROAD_USR_TYPE2,TX_ROAD_USR_TYPE2_NL,TX_CROSSWAY_NL,CD_ROAD_TYPE_NL,TX_BUILD_UP_AREA_NL,TX_COLLISION_TYPE_NL,TX_OBSTACLES_NL
22898,77,Leuven teller 2,Leuven,50.88672,4.70796,1.0914152213682176,50.878977093611766,4.698398765760438,2020,12,21,24062,Leuven,Normaal,"Nat, plassen","Nacht, openbare verlichting aanwezig en ontstoken",met lichtgewonden,3,Fiets,11,een weggebruiker tegen een hindernis,Buiten Kruispunt,Gemeenteweg,binnen bebouwde kom,Weggebruiker tegen hindernis op de rijbaan,"Op de rijbaan: Put, straatgoot, tramspoor"
22898,107,leuven totem,Leuven,50.8870744,4.7087919,1.1585730561813852,50.878977093611766,4.698398765760438,2020,12,21,24062,Leuven,Normaal,"Nat, plassen","Nacht, openbare verlichting aanwezig en ontstoken",met lichtgewonden,3,Fiets,11,een weggebruiker tegen een hindernis,Buiten Kruispunt,Gemeenteweg,binnen bebouwde kom,Weggebruiker tegen hindernis op de rijbaan,"Op de rijbaan: Put, straatgoot, tramspoor"
22898,69,Leuven teller 1,Leuven,50.87549,4.71526,1.2449451797375788,50.878977093611766,4.698398765760438,2020,12,21,24062,Leuven,Normaal,"Nat, plassen","Nacht, openbare verlichting aanwezig en ontstoken",met lichtgewonden,3,Fiets,11,een weggebruiker tegen een hindernis,Buiten Kruispunt,Gemeenteweg,binnen bebouwde kom,Weggebruiker tegen hindernis op de rijbaan,"Op de rijbaan: Put, straatgoot, tramspoor"
22898,151,Leuven,District Leuven,50.8690262,4.6854839,1.430214547519783,50.878977093611766,4.698398765760438,2020,12,21,24062,Leuven,Normaal,"Nat, plassen","Nacht, openbare verlichting aanwezig en ontstoken",met lichtgewonden,3,Fiets,11,een weggebruiker tegen een hindernis,Buiten Kruispunt,Gemeenteweg,binnen bebouwde kom,Weggebruiker tegen hindernis op de rijbaan,"Op de rijbaan: Put, straatgoot, tramspoor"
22900,69,Leuven teller 1,Leuven,50.87549,4.71526,0.42271961499695426,50.8764597646316,4.7094345936542235,2020,12,12,24062,Leuven,Normaal,Droog,Dag,met lichtgewonden,3,Fiets,3,Fiets,Op Kruispunt,Gemeenteweg,binnen bebouwde kom,Tussen 2 bestuurders: Flank tegen flank,Geen hindernis
22900,77,Leuven teller 2,Leuven,50.88672,4.70796,1.145566789469287,50.8764597646316,4.7094345936542235,2020,12,12,24062,Leuven,Normaal,Droog,Dag,met lichtgewonden,3,Fiets,3,Fiets,Op Kruispunt,Gemeenteweg,binnen bebouwde kom,Tussen 2 bestuurders: Flank tegen flank,Geen hindernis
22900,107,leuven totem,Leuven,50.8870744,4.7087919,1.1811544995625352,50.8764597646316,4.7094345936542235,2020,12,12,24062,Leuven,Normaal,Droog,Dag,met lichtgewonden,3,Fiets,3,Fiets,Op Kruispunt,Gemeenteweg,binnen bebouwde kom,Tussen 2 bestuurders: Flank tegen flank,Geen hindernis
22900,151,Leuven,District Leuven,50.8690262,4.6854839,1.872866465627622,50.8764597646316,4.7094345936542235,2020,12,12,24062,Leuven,Normaal,Droog,Dag,met lichtgewonden,3,Fiets,3,Fiets,Op Kruispunt,Gemeenteweg,binnen bebouwde kom,Tussen 2 bestuurders: Flank tegen flank,Geen hindernis
22901,151,Leuven,District Leuven,50.8690262,4.6854839,0.8859858931163326,50.86106494826316,4.6859980521643365,2020,12,8,24062,Leuven,Normaal,Droog,Dageraad - schemering,met lichtgewonden,5,Lichte vrachtauto,3,Fiets,Op Kruispunt,Gemeenteweg,binnen bebouwde kom,Tss. 2 best.: langs opzij (voor-/achterkant-flank),Geen hindernis
22901,108,Heverlee teller 1,Leuven,50.8471728,4.6954674,1.6816846734098139,50.86106494826316,4.6859980521643365,2020,12,8,24062,Leuven,Normaal,Droog,Dageraad - schemering,met lichtgewonden,5,Lichte vrachtauto,3,Fiets,Op Kruispunt,Gemeenteweg,binnen bebouwde kom,Tss. 2 best.: langs opzij (voor-/achterkant-flank),Geen hindernis
22901,76,Heverlee teller 2,Leuven,50.84606,4.69597,1.809369812827207,50.86106494826316,4.6859980521643365,2020,12,8,24062,Leuven,Normaal,Droog,Dageraad - schemering,met lichtgewonden,5,Lichte vrachtauto,3,Fiets,Op Kruispunt,Gemeenteweg,binnen bebouwde kom,Tss. 2 best.: langs opzij (voor-/achterkant-flank),Geen hindernis
22902,151,Leuven,District Leuven,50.8690262,4.6854839,1.0143295913706005,50.87285275464225,4.6986055888267195,2020,12,15,24062,Leuven,Normaal,Droog,Dag,met lichtgewonden,3,Fiets,10,"één bestuurder, geen hindernis",Buiten Kruispunt,Gemeenteweg,binnen bebouwde kom,"Eén bestuurder, geen hindernis (incl. val)",Geen hindernis
22902,69,Leuven teller 1,Leuven,50.87549,4.71526,1.2048199886377016,50.87285275464225,4.6986055888267195,2020,12,15,24062,Leuven,Normaal,Droog,Dag,met lichtgewonden,3,Fiets,10,"één bestuurder, geen hindernis",Buiten Kruispunt,Gemeenteweg,binnen bebouwde kom,"Eén bestuurder, geen hindernis (incl. val)",Geen hindernis
22902,77,Leuven teller 2,Leuven,50.88672,4.70796,1.6758222910984366,50.87285275464225,4.6986055888267195,2020,12,15,24062,Leuven,Normaal,Droog,Dag,met lichtgewonden,3,Fiets,10,"één bestuurder, geen hindernis",Buiten Kruispunt,Gemeenteweg,binnen bebouwde kom,"Eén bestuurder, geen hindernis (incl. val)",Geen hindernis
22902,107,leuven totem,Leuven,50.8870744,4.7087919,1.7353600288497113,50.87285275464225,4.6986055888267195,2020,12,15,24062,Leuven,Normaal,Droog,Dag,met lichtgewonden,3,Fiets,10,"één bestuurder, geen hindernis",Buiten Kruispunt,Gemeenteweg,binnen bebouwde kom,"Eén bestuurder, geen hindernis (incl. val)",Geen hindernis
22903,107,leuven totem,Leuven,50.8870744,4.7087919,0.7136588290188727,50.88840014162719,4.718746328794528,2020,12,7,24062,Leuven,Normaal,"Nat, plassen","Nacht, openbare verlichting aanwezig en ontstoken",met zwaargewonden,3,Fiets,6,Bromfiets,Buiten Kruispunt,Gemeenteweg,binnen bebouwde kom,Tussen 2 bestuurders: Frontale botsing,Geen hindernis
22903,77,Leuven teller 2,Leuven,50.88672,4.70796,0.7793488354475009,50.88840014162719,4.718746328794528,2020,12,7,24062,Leuven,Normaal,"Nat, plassen","Nacht, openbare verlichting aanwezig en ontstoken",met zwaargewonden,3,Fiets,6,Bromfiets,Buiten Kruispunt,Gemeenteweg,binnen bebouwde kom,Tussen 2 bestuurders: Frontale botsing,Geen hindernis
22903,69,Leuven teller 1,Leuven,50.87549,4.71526,1.4562289752778539,50.88840014162719,4.718746328794528,2020,12,7,24062,Leuven,Normaal,"Nat, plassen","Nacht, openbare verlichting aanwezig en ontstoken",met zwaargewonden,3,Fiets,6,Bromfiets,Buiten Kruispunt,Gemeenteweg,binnen bebouwde kom,Tussen 2 bestuurders: Frontale botsing,Geen hindernis
22905,87,Aarschot,Aarschot,50.99084,4.81259,1.6755912610769723,51.00378612817182,4.824843388698756,2020,12,14,24001,Aarschot,Normaal,Droog,Dag,met lichtgewonden,9,personenauto,3,Fiets,Op Kruispunt,Gewestweg,buiten bebouwde kom,Tss. 2 best.: langs opzij (voor-/achterkant-flank),Geen hindernis
22913,26,Zaventem,Zaventem,50.86995,4.45444,0.6523695828662015,50.87074713142314,4.445229567024047,2020,12,15,23094,Zaventem,Normaal,Droog,Dag,met lichtgewonden,5,Lichte vrachtauto,3,Fiets,Op Kruispunt,Gemeenteweg,binnen bebouwde kom,Tss. 2 best.: langs opzij (voor-/achterkant-flank),Geen hindernis
22913,149,Machelen,,50.88297881,4.43356644,1.5872987214285093,50.87074713142314,4.445229567024047,2020,12,15,23094,Zaventem,Normaal,Droog,Dag,met lichtgewonden,5,Lichte vrachtauto,3,Fiets,Op Kruispunt,Gemeenteweg,binnen bebouwde kom,Tss. 2 best.: langs opzij (voor-/achterkant-flank),Geen hindernis
22913,111,Zaventem totem,Zaventem,50.8871216,4.4597084,2.0849628253930206,50.87074713142314,4.445229567024047,2020,12,15,23094,Zaventem,Normaal,Droog,Dag,met lichtgewonden,5,Lichte vrachtauto,3,Fiets,Op Kruispunt,Gemeenteweg,binnen bebouwde kom,Tss. 2 best.: langs opzij (voor-/achterkant-flank),Geen hindernis
22914,147,Overijse,District Vilvoorde-gewestwegen,50.7797555,4.4975769,1.109714730799475,50.769893303149715,4.499993611405045,2020,12,10,23062,Overijse,Normaal,Droog,Dag,met lichtgewonden,9,personenauto,3,Fiets,Buiten Kruispunt,Gemeenteweg,buiten bebouwde kom,Tss. 2 best.: langs opzij (voor-/achterkant-flank),Geen hindernis
22914,146,Overijse 2,District Vilvoorde-gewestwegen,50.7881478,4.4902818,2.1415847404161354,50.769893303149715,4.499993611405045,2020,12,10,23062,Overijse,Normaal,Droog,Dag,met lichtgewonden,9,personenauto,3,Fiets,Buiten Kruispunt,Gemeenteweg,buiten bebouwde kom,Tss. 2 best.: langs opzij (voor-/achterkant-flank),Geen hindernis
22914,145,Overijse,District Vilvoorde-gewestwegen,50.7885856,4.4908759,2.1751038768279534,50.769893303149715,4.499993611405045,2020,12,10,23062,Overijse,Normaal,Droog,Dag,met lichtgewonden,9,personenauto,3,Fiets,Buiten Kruispunt,Gemeenteweg,buiten bebouwde kom,Tss. 2 best.: langs opzij (voor-/achterkant-flank),Geen hindernis
22915,145,Overijse,District Vilvoorde-gewestwegen,50.7885856,4.4908759,0.28836961941161937,50.788248347517815,4.494943291762517,2020,12,15,23062,Overijse,Normaal,Droog,Dag,met lichtgewonden,9,personenauto,3,Fiets,Op Kruispunt,Gewestweg,buiten bebouwde kom,Tss. 2 best.: langs opzij (voor-/achterkant-flank),Geen hindernis
22915,146,Overijse 2,District Vilvoorde-gewestwegen,50.7881478,4.4902818,0.3278758344648094,50.788248347517815,4.494943291762517,2020,12,15,23062,Overijse,Normaal,Droog,Dag,met lichtgewonden,9,personenauto,3,Fiets,Op Kruispunt,Gewestweg,buiten bebouwde kom,Tss. 2 best.: langs opzij (voor-/achterkant-flank),Geen hindernis
22915,147,Overijse,District Vilvoorde-gewestwegen,50.7797555,4.4975769,0.9623403768888844,50.788248347517815,4.494943291762517,2020,12,15,23062,Overijse,Normaal,Droog,Dag,met lichtgewonden,9,personenauto,3,Fiets,Op Kruispunt,Gewestweg,buiten bebouwde kom,Tss. 2 best.: langs opzij (voor-/achterkant-flank),Geen hindernis
22917,80,Wemmel teller 1,Wemmel,50.91418,4.29571,1.1299249106353833,50.90518792083895,4.3032162988231155,2020,12,11,23102,Wemmel,Normaal,Droog,Dag,met lichtgewonden,3,Fiets,8,Voetganger,Buiten Kruispunt,Gemeenteweg,binnen bebouwde kom,Met een voetganger,Geen hindernis
22917,81,Wemmel teller 2,Wemmel,50.91439,4.29568,1.1516026680902924,50.90518792083895,4.3032162988231155,2020,12,11,23102,Wemmel,Normaal,Droog,Dag,met lichtgewonden,3,Fiets,8,Voetganger,Buiten Kruispunt,Gemeenteweg,binnen bebouwde kom,Met een voetganger,Geen hindernis
22922,27,Grimbergen,Meise,50.92127,4.34013,1.018039854686887,50.912693312632605,4.345211406868255,2020,12,11,23025,Grimbergen,Normaal,"Nat, plassen",Dag,met lichtgewonden,3,Fiets,11,een weggebruiker tegen een hindernis,Op Kruispunt,Gewestweg,buiten bebouwde kom,Weggebruiker tegen hindernis op de rijbaan,"Op de rijbaan: Verkeersdrempel, ezelsrug"
22923,1,Machelen,Machelen,50.91618331151478,4.456121776137429,2.2013786381116227,50.9317036485313,4.436623747377189,2020,12,12,23088,Vilvoorde,Regenval,"Nat, plassen",Dag,met lichtgewonden,3,Fiets,9,personenauto,Op Kruispunt,Gemeenteweg,binnen bebouwde kom,Tss. 2 best.: langs opzij (voor-/achterkant-flank),Geen hindernis
22924,47,Vilvoorde,Vilvoorde,50.91372,4.41497,1.0520220687892439,50.92308654253251,4.412853963493052,2020,12,8,23088,Vilvoorde,Normaal,Droog,Dageraad - schemering,met lichtgewonden,3,Fiets,9,personenauto,Op Kruispunt,Gewestweg,binnen bebouwde kom,Tss. 2 best.: langs opzij (voor-/achterkant-flank),Geen hindernis
22925,47,Vilvoorde,Vilvoorde,50.91372,4.41497,1.3928622031985212,50.91557206291295,4.434619612599887,2020,12,11,23047,Machelen,Normaal,Droog,Dag,met lichtgewonden,9,personenauto,3,Fiets,Op Kruispunt,Gewestweg,buiten bebouwde kom,Tss. 2 best.: langs opzij (voor-/achterkant-flank),Geen hindernis
22925,1,Machelen,Machelen,50.91618331151478,4.456121776137429,1.5089199499639852,50.91557206291295,4.434619612599887,2020,12,11,23047,Machelen,Normaal,Droog,Dag,met lichtgewonden,9,personenauto,3,Fiets,Op Kruispunt,Gewestweg,buiten bebouwde kom,Tss. 2 best.: langs opzij (voor-/achterkant-flank),Geen hindernis
22926,47,Vilvoorde,Vilvoorde,50.91372,4.41497,1.3278285537449799,50.90800955758026,4.431602974351456,2020,12,14,23047,Machelen,Normaal,Droog,Dag,met lichtgewonden,9,personenauto,3,Fiets,Op Kruispunt,Gemeenteweg,binnen bebouwde kom,Tss. 2 best.: langs opzij (voor-/achterkant-flank),Geen hindernis
22926,1,Machelen,Machelen,50.91618331151478,4.456121776137429,1.9444912874848999,50.90800955758026,4.431602974351456,2020,12,14,23047,Machelen,Normaal,Droog,Dag,met lichtgewonden,9,personenauto,3,Fiets,Op Kruispunt,Gemeenteweg,binnen bebouwde kom,Tss. 2 best.: langs opzij (voor-/achterkant-flank),Geen hindernis
22933,13,Gent,Gent,51.03018,3.70146,2.1211831481812324,51.04925230307263,3.7008422284109157,2020,12,16,44021,Gent,Normaal,Droog,Dageraad - schemering,met lichtgewonden,9,personenauto,3,Fiets,Buiten Kruispunt,Gemeenteweg,binnen bebouwde kom,Tussen 2 bestuurders: Frontale botsing,Geen hindernis
22935,118,Gent teller 1,Gent,51.028049,3.7681359,0.6055410734880156,51.03127533778728,3.761160192702512,2020,12,18,44021,Gent,Normaal,Droog,"Nacht, openbare verlichting aanwezig en ontstoken",met lichtgewonden,3,Fiets,9,personenauto,Buiten Kruispunt,Gemeenteweg,buiten bebouwde kom,Tss. 2 best.: langs opzij (voor-/achterkant-flank),Geen hindernis
22935,119,Gent teller 2,Gent,51.0281795,3.7683918,0.6117667193841894,51.03127533778728,3.761160192702512,2020,12,18,44021,Gent,Normaal,Droog,"Nacht, openbare verlichting aanwezig en ontstoken",met lichtgewonden,3,Fiets,9,personenauto,Buiten Kruispunt,Gemeenteweg,buiten bebouwde kom,Tss. 2 best.: langs opzij (voor-/achterkant-flank),Geen hindernis
22937,118,Gent teller 1,Gent,51.028049,3.7681359,1.9976319460041072,51.03920486272898,3.745743705728144,2020,12,15,44021,Gent,"Andere (dikke rook,...)",Droog,Dag,met lichtgewonden,3,Fiets,3,Fiets,Op Kruispunt,Gewestweg,binnen bebouwde kom,Tussen 2 bestuurders: Frontale botsing,Geen hindernis
22937,119,Gent teller 2,Gent,51.0281795,3.7683918,2.0027715579287326,51.03920486272898,3.745743705728144,2020,12,15,44021,Gent,"Andere (dikke rook,...)",Droog,Dag,met lichtgewonden,3,Fiets,3,Fiets,Op Kruispunt,Gewestweg,binnen bebouwde kom,Tussen 2 bestuurders: Frontale botsing,Geen hindernis
22941,136,Gent R4,Gent,51.0876313,3.7587918,2.0560165679605675,51.074232848150054,3.738508507742087,2020,12,13,44021,Gent,"Andere (dikke rook,...)",Droog,Dag,met lichtgewonden,3,Fiets,4,Vrachtwagen,Op Kruispunt,Gewestweg,binnen bebouwde kom,Tussen 2 bestuurders: Flank tegen flank,Geen hindernis
22944,13,Gent,Gent,51.03018,3.70146,1.3261811993228607,51.028326848409705,3.7201932535577558,2020,12,12,44021,Gent,Normaal,Droog,Dag,met lichtgewonden,9,personenauto,3,Fiets,Buiten Kruispunt,Gemeenteweg,binnen bebouwde kom,Tss. 2 best.: langs opzij (voor-/achterkant-flank),Geen hindernis
22946,13,Gent,Gent,51.03018,3.70146,2.47689709702387,51.052427600054024,3.699694707259418,2020,12,14,44021,Gent,Normaal,"Nat, plassen",Dag,met lichtgewonden,3,Fiets,9,personenauto,Op Kruispunt,Gewestweg,binnen bebouwde kom,Tussen 2 bestuurders: Frontale botsing,Geen hindernis
22948,136,Gent R4,Gent,51.0876313,3.7587918,2.3907671731950857,51.08404464572239,3.7250431130222967,2020,12,19,44021,Gent,"Andere (dikke rook,...)",Droog,"Nacht, openbare verlichting aanwezig en ontstoken",met lichtgewonden,9,personenauto,3,Fiets,Op Kruispunt,Gewestweg,binnen bebouwde kom,Tss. 2 best.: langs opzij (voor-/achterkant-flank),Geen hindernis
22949,136,Gent R4,Gent,51.0876313,3.7587918,1.7296841977738995,51.098651513369624,3.776271824931022,2020,12,6,44021,Gent,Normaal,"Nat, plassen","Nacht, openbare verlichting aanwezig en ontstoken",met lichtgewonden,9,personenauto,3,Fiets,Op Kruispunt,Gemeenteweg,binnen bebouwde kom,Tss. 2 best.: langs opzij (voor-/achterkant-flank),Geen hindernis
22957,116,Melle teller 2,Melle,50.9986113,3.8040599,1.5407755086137946,50.98532149850341,3.7978283660952914,2020,12,7,44040,Melle,Normaal,Droog,Dageraad - schemering,met lichtgewonden,3,Fiets,11,een weggebruiker tegen een hindernis,Buiten Kruispunt,Gewestweg,buiten bebouwde kom,Weggebruiker tegen hindernis buiten rijbaan,Andere hindernis
22957,117,Melle teller 1,Melle,50.9986113,3.8040599,1.5407755086137946,50.98532149850341,3.7978283660952914,2020,12,7,44040,Melle,Normaal,Droog,Dageraad - schemering,met lichtgewonden,3,Fiets,11,een weggebruiker tegen een hindernis,Buiten Kruispunt,Gewestweg,buiten bebouwde kom,Weggebruiker tegen hindernis buiten rijbaan,Andere hindernis
22958,116,Melle teller 2,Melle,50.9986113,3.8040599,0.6027582125805198,51.003175370042946,3.7994124812070282,2020,12,13,44040,Melle,Normaal,Droog,Dag,met lichtgewonden,9,personenauto,3,Fiets,Buiten Kruispunt,Gemeenteweg,binnen bebouwde kom,Tss. 2 best.: langs opzij (voor-/achterkant-flank),Geen hindernis
22958,117,Melle teller 1,Melle,50.9986113,3.8040599,0.6027582125805198,51.003175370042946,3.7994124812070282,2020,12,13,44040,Melle,Normaal,Droog,Dag,met lichtgewonden,9,personenauto,3,Fiets,Buiten Kruispunt,Gemeenteweg,binnen bebouwde kom,Tss. 2 best.: langs opzij (voor-/achterkant-flank),Geen hindernis
22966,7,Evergem 1,Evergem,51.1089,3.70317,0.6379520500402127,51.10558444279923,3.71062734166274,2020,12,16,44019,Evergem,Normaal,Droog,Dag,met lichtgewonden,3,Fiets,9,personenauto,Op Kruispunt,Gemeenteweg,binnen bebouwde kom,Tss. 2 best.: langs opzij (voor-/achterkant-flank),Geen hindernis
22966,6,Evergem 2,Evergem,51.10894,3.70298,0.6513603429354966,51.10558444279923,3.71062734166274,2020,12,16,44019,Evergem,Normaal,Droog,Dag,met lichtgewonden,3,Fiets,9,personenauto,Op Kruispunt,Gemeenteweg,binnen bebouwde kom,Tss. 2 best.: langs opzij (voor-/achterkant-flank),Geen hindernis
22991,126,Hamme totem,Hamme,51.1017709,4.1469307,2.329694797867883,51.11349153382895,4.174590308952541,2020,12,18,46025,Temse,Onbekend,Droog,"Nacht, openbare verlichting aanwezig en ontstoken",met lichtgewonden,3,Fiets,11,een weggebruiker tegen een hindernis,Buiten Kruispunt,Gemeenteweg,binnen bebouwde kom,Weggebruiker tegen hindernis op de rijbaan,"Op de rijbaan: Put, straatgoot, tramspoor"
22992,128,Lokeren teller 1,Lokeren,51.09644,3.97023,1.7671092128965933,51.107631620780985,3.98819819993788,2020,12,14,46014,Lokeren,Normaal,Droog,Dag,met lichtgewonden,3,Fiets,9,personenauto,Buiten Kruispunt,Gemeenteweg,binnen bebouwde kom,Tussen 2 bestuurders: Langs achteren,Geen hindernis
22992,129,Lokeren teller 2,Lokeren,51.09612,3.97025,1.7913712549712895,51.107631620780985,3.98819819993788,2020,12,14,46014,Lokeren,Normaal,Droog,Dag,met lichtgewonden,3,Fiets,9,personenauto,Buiten Kruispunt,Gemeenteweg,binnen bebouwde kom,Tussen 2 bestuurders: Langs achteren,Geen hindernis
22993,141,Test site A support,Lokeren,51.08342085,3.9961071208376326,1.4161471728391457,51.09585022937725,3.991686651424734,2020,12,16,46014,Lokeren,Normaal,Droog,Dageraad - schemering,met lichtgewonden,9,personenauto,3,Fiets,Op Kruispunt,Gewestweg,binnen bebouwde kom,Tussen 2 bestuurders: Flank tegen flank,Geen hindernis
22993,129,Lokeren teller 2,Lokeren,51.09612,3.97025,1.497272684177437,51.09585022937725,3.991686651424734,2020,12,16,46014,Lokeren,Normaal,Droog,Dageraad - schemering,met lichtgewonden,9,personenauto,3,Fiets,Op Kruispunt,Gewestweg,binnen bebouwde kom,Tussen 2 bestuurders: Flank tegen flank,Geen hindernis
22993,128,Lokeren teller 1,Lokeren,51.09644,3.97023,1.4997980636511252,51.09585022937725,3.991686651424734,2020,12,16,46014,Lokeren,Normaal,Droog,Dageraad - schemering,met lichtgewonden,9,personenauto,3,Fiets,Op Kruispunt,Gewestweg,binnen bebouwde kom,Tussen 2 bestuurders: Flank tegen flank,Geen hindernis
22994,128,Lokeren teller 1,Lokeren,51.09644,3.97023,2.3414072299743887,51.11313193220679,3.990673090926406,2020,12,14,46014,Lokeren,Normaal,Droog,Dag,met lichtgewonden,9,personenauto,3,Fiets,Op Kruispunt,Gewestweg,binnen bebouwde kom,Tussen 2 bestuurders: Frontale botsing,Geen hindernis
22994,129,Lokeren teller 2,Lokeren,51.09612,3.97025,2.3688751985716974,51.11313193220679,3.990673090926406,2020,12,14,46014,Lokeren,Normaal,Droog,Dag,met lichtgewonden,9,personenauto,3,Fiets,Op Kruispunt,Gewestweg,binnen bebouwde kom,Tussen 2 bestuurders: Frontale botsing,Geen hindernis
22998,141,Test site A support,Lokeren,51.08342085,3.9961071208376326,1.5001654704410619,51.09691081341757,3.9964108424998894,2020,12,11,46014,Lokeren,Normaal,"Nat, plassen",Dag,met zwaargewonden,5,Lichte vrachtauto,3,Fiets,Op Kruispunt,Gewestweg,buiten bebouwde kom,Tss. 2 best.: langs opzij (voor-/achterkant-flank),Geen hindernis
22998,129,Lokeren teller 2,Lokeren,51.09612,3.97025,1.8289677782469407,51.09691081341757,3.9964108424998894,2020,12,11,46014,Lokeren,Normaal,"Nat, plassen",Dag,met zwaargewonden,5,Lichte vrachtauto,3,Fiets,Op Kruispunt,Gewestweg,buiten bebouwde kom,Tss. 2 best.: langs opzij (voor-/achterkant-flank),Geen hindernis
22998,128,Lokeren teller 1,Lokeren,51.09644,3.97023,1.8289923740293736,51.09691081341757,3.9964108424998894,2020,12,11,46014,Lokeren,Normaal,"Nat, plassen",Dag,met zwaargewonden,5,Lichte vrachtauto,3,Fiets,Op Kruispunt,Gewestweg,buiten bebouwde kom,Tss. 2 best.: langs opzij (voor-/achterkant-flank),Geen hindernis
22999,141,Test site A support,Lokeren,51.08342085,3.9961071208376326,2.404790814484566,51.10465563425912,4.002633881214591,2020,12,13,46014,Lokeren,Normaal,Droog,Dag,met lichtgewonden,3,Fiets,8,Voetganger,Buiten Kruispunt,Gewestweg,binnen bebouwde kom,Met een voetganger,Geen hindernis
22999,128,Lokeren teller 1,Lokeren,51.09644,3.97023,2.4400784725909026,51.10465563425912,4.002633881214591,2020,12,13,46014,Lokeren,Normaal,Droog,Dag,met lichtgewonden,3,Fiets,8,Voetganger,Buiten Kruispunt,Gewestweg,binnen bebouwde kom,Met een voetganger,Geen hindernis
22999,129,Lokeren teller 2,Lokeren,51.09612,3.97025,2.45234143000775,51.10465563425912,4.002633881214591,2020,12,13,46014,Lokeren,Normaal,Droog,Dag,met lichtgewonden,3,Fiets,8,Voetganger,Buiten Kruispunt,Gewestweg,binnen bebouwde kom,Met een voetganger,Geen hindernis
23000,126,Hamme totem,Hamme,51.1017709,4.1469307,0.9964627661960185,51.09281568250369,4.147460881513645,2020,12,11,42008,Hamme,Normaal,"Nat, plassen",Dag,met zwaargewonden,5,Lichte vrachtauto,3,Fiets,Op Kruispunt,Gemeenteweg,binnen bebouwde kom,Tussen 2 bestuurders: Frontale botsing,Geen hindernis
23001,126,Hamme totem,Hamme,51.1017709,4.1469307,0.9850206792230491,51.09623238514344,4.135921363924911,2020,12,12,42008,Hamme,Normaal,Droog,Dag,met lichtgewonden,9,personenauto,3,Fiets,Op Kruispunt,Gemeenteweg,binnen bebouwde kom,Tussen 2 bestuurders: Flank tegen flank,Geen hindernis
23004,120,Zele teller 1,Zele,51.0607671,4.0547741,2.1935312124478865,51.067821550453026,4.025459954818626,2020,12,15,42028,Zele,Normaal,Droog,Dag,met lichtgewonden,9,personenauto,3,Fiets,Op Kruispunt,Gemeenteweg,binnen bebouwde kom,Tss. 2 best.: langs opzij (voor-/achterkant-flank),Geen hindernis
23004,121,Zele teller 2,Zele,51.0604067,4.0556696,2.2663593744245554,51.067821550453026,4.025459954818626,2020,12,15,42028,Zele,Normaal,Droog,Dag,met lichtgewonden,9,personenauto,3,Fiets,Op Kruispunt,Gemeenteweg,binnen bebouwde kom,Tss. 2 best.: langs opzij (voor-/achterkant-flank),Geen hindernis
23012,11,Aalst 3,Aalst,50.93385,4.01647,1.7868869451822549,50.93718418982217,4.041414937032519,2020,12,8,41002,Aalst,Regenval,Onbekend,Dageraad - schemering,met lichtgewonden,3,Fiets,4,Vrachtwagen,Buiten Kruispunt,Gemeenteweg,binnen bebouwde kom,Tss. 2 best.: langs opzij (voor-/achterkant-flank),Geen hindernis
23012,10,Aalst 2,Aalst,50.93549,4.01571,1.8110519730687045,50.93718418982217,4.041414937032519,2020,12,8,41002,Aalst,Regenval,Onbekend,Dageraad - schemering,met lichtgewonden,3,Fiets,4,Vrachtwagen,Buiten Kruispunt,Gemeenteweg,binnen bebouwde kom,Tss. 2 best.: langs opzij (voor-/achterkant-flank),Geen hindernis
23012,19,Aalst 1,Aalst,50.93433,4.01471,1.898045841642034,50.93718418982217,4.041414937032519,2020,12,8,41002,Aalst,Regenval,Onbekend,Dageraad - schemering,met lichtgewonden,3,Fiets,4,Vrachtwagen,Buiten Kruispunt,Gemeenteweg,binnen bebouwde kom,Tss. 2 best.: langs opzij (voor-/achterkant-flank),Geen hindernis
23013,11,Aalst 3,Aalst,50.93385,4.01647,1.4335748766519494,50.92776534149588,4.034504305196653,2020,12,7,41002,Aalst,Regenval,"Nat, plassen",Dageraad - schemering,met lichtgewonden,3,Fiets,9,personenauto,Op Kruispunt,Gewestweg,binnen bebouwde kom,Tss. 2 best.: langs opzij (voor-/achterkant-flank),Geen hindernis
23013,19,Aalst 1,Aalst,50.93433,4.01471,1.5675405983990025,50.92776534149588,4.034504305196653,2020,12,7,41002,Aalst,Regenval,"Nat, plassen",Dageraad - schemering,met lichtgewonden,3,Fiets,9,personenauto,Op Kruispunt,Gewestweg,binnen bebouwde kom,Tss. 2 best.: langs opzij (voor-/achterkant-flank),Geen hindernis