crash_row_id,site_id,site_name,site_gemeente,site_lat,site_long,distance_km,crash_lat,crash_long,DT_YEAR_COLLISION,DT_MONTH_COLLISION,DT_TIME,CD_NIS,TX_MUNTY_COLLISION_NL,TX_WEATHER_NL,TX_ROAD_CONDITION_NL,TX_LIGHT_CONDITION_NL,TX_CLASS_ACCIDENTS_NL,CD_ROAD_USR_TYPE1,TX_ROAD_USR_TYPE1_NL,CD_ROAD_USR_TYPE2,TX_ROAD_USR_TYPE2_NL,TX_CROSSWAY_NL,CD_ROAD_TYPE_NL,TX_BUILD_UP_AREA_NL,TX_COLLISION_TYPE_NL,TX_OBSTACLES_NL
23013,10,Aalst 2,Aalst,50.93549,4.01571,1.5724386258533463,50.92776534149588,4.034504305196653,2020,12,7,41002,Aalst,Regenval,"Nat, plassen",Dageraad - schemering,met lichtgewonden,3,Fiets,9,personenauto,Op Kruispunt,Gewestweg,binnen bebouwde kom,Tss. 2 best.: langs opzij (voor-/achterkant-flank),Geen hindernis
23015,11,Aalst 3,Aalst,50.93385,4.01647,1.8215086955628241,50.93907380890049,4.041107311451468,2020,12,15,41002,Aalst,Normaal,Droog,Dag,met zwaargewonden,3,Fiets,8,Voetganger,Buiten Kruispunt,Gemeenteweg,binnen bebouwde kom,Met een voetganger,Geen hindernis
23015,10,Aalst 2,Aalst,50.93549,4.01571,1.8237060882442389,50.93907380890049,4.041107311451468,2020,12,15,41002,Aalst,Normaal,Droog,Dag,met zwaargewonden,3,Fiets,8,Voetganger,Buiten Kruispunt,Gemeenteweg,binnen bebouwde kom,Met een voetganger,Geen hindernis
23015,19,Aalst 1,Aalst,50.93433,4.01471,1.9234717032943582,50.93907380890049,4.041107311451468,2020,12,15,41002,Aalst,Normaal,Droog,Dag,met zwaargewonden,3,Fiets,8,Voetganger,Buiten Kruispunt,Gemeenteweg,binnen bebouwde kom,Met een voetganger,Geen hindernis
23018,142,TEST Validatie BRUGGE Y2H22022134,Brugge,51.22632,3.24095,1.0531655278539238,51.21972224619528,3.2518000653638484,2020,12,16,31005,Brugge,Normaal,Onbekend,Dag,met lichtgewonden,3,Fiets,9,personenauto,Buiten Kruispunt,Gemeenteweg,buiten bebouwde kom,Tss. 2 best.: langs opzij (voor-/achterkant-flank),Geen hindernis
23018,52,Brugge,Brugge,51.22632,3.24095,1.0531655278539238,51.21972224619528,3.2518000653638484,2020,12,16,31005,Brugge,Normaal,Onbekend,Dag,met lichtgewonden,3,Fiets,9,personenauto,Buiten Kruispunt,Gemeenteweg,buiten bebouwde kom,Tss. 2 best.: langs opzij (voor-/achterkant-flank),Geen hindernis
23018,54,Brugge teller 2,Brugge,51.23015,3.22818,2.012454431692543,51.21972224619528,3.2518000653638484,2020,12,16,31005,Brugge,Normaal,Onbekend,Dag,met lichtgewonden,3,Fiets,9,personenauto,Buiten Kruispunt,Gemeenteweg,buiten bebouwde kom,Tss. 2 best.: langs opzij (voor-/achterkant-flank),Geen hindernis
23018,53,Brugge teller 1,Brugge,51.23023,3.228,2.027823646354612,51.21972224619528,3.2518000653638484,2020,12,16,31005,Brugge,Normaal,Onbekend,Dag,met lichtgewonden,3,Fiets,9,personenauto,Buiten Kruispunt,Gemeenteweg,buiten bebouwde kom,Tss. 2 best.: langs opzij (voor-/achterkant-flank),Geen hindernis
23021,125,Dendermonde totem,Dendermonde,51.0372706,4.1025998,1.2346833691489296,51.047666496148445,4.108804505579138,2020,12,16,42006,Dendermonde,Regenval,"Nat, plassen","Nacht, openbare verlichting aanwezig en ontstoken",met lichtgewonden,9,personenauto,3,Fiets,Op Kruispunt,Gewestweg,binnen bebouwde kom,Tussen 2 bestuurders: Flank tegen flank,Geen hindernis
23021,122,Dendermonde teller 2,Dendermonde,51.0373918,4.1019222,1.239681686366957,51.047666496148445,4.108804505579138,2020,12,16,42006,Dendermonde,Regenval,"Nat, plassen","Nacht, openbare verlichting aanwezig en ontstoken",met lichtgewonden,9,personenauto,3,Fiets,Op Kruispunt,Gewestweg,binnen bebouwde kom,Tussen 2 bestuurders: Flank tegen flank,Geen hindernis
23023,142,TEST Validatie BRUGGE Y2H22022134,Brugge,51.22632,3.24095,1.64547704741345,51.212462492790124,3.232660987854025,2020,12,8,31005,Brugge,Regenval,"Nat, plassen+Proper",Dag,met zwaargewonden,9,personenauto,3,Fiets,Buiten Kruispunt,Gemeenteweg,binnen bebouwde kom,Tss. 2 best.: langs opzij (voor-/achterkant-flank),Geen hindernis
23023,52,Brugge,Brugge,51.22632,3.24095,1.64547704741345,51.212462492790124,3.232660987854025,2020,12,8,31005,Brugge,Regenval,"Nat, plassen+Proper",Dag,met zwaargewonden,9,personenauto,3,Fiets,Buiten Kruispunt,Gemeenteweg,binnen bebouwde kom,Tss. 2 best.: langs opzij (voor-/achterkant-flank),Geen hindernis
23023,54,Brugge teller 2,Brugge,51.23015,3.22818,1.991365421161814,51.212462492790124,3.232660987854025,2020,12,8,31005,Brugge,Regenval,"Nat, plassen+Proper",Dag,met zwaargewonden,9,personenauto,3,Fiets,Buiten Kruispunt,Gemeenteweg,binnen bebouwde kom,Tss. 2 best.: langs opzij (voor-/achterkant-flank),Geen hindernis
23023,53,Brugge teller 1,Brugge,51.23023,3.228,2.0021456933925297,51.212462492790124,3.232660987854025,2020,12,8,31005,Brugge,Regenval,"Nat, plassen+Proper",Dag,met zwaargewonden,9,personenauto,3,Fiets,Buiten Kruispunt,Gemeenteweg,binnen bebouwde kom,Tss. 2 best.: langs opzij (voor-/achterkant-flank),Geen hindernis
23024,53,Brugge teller 1,Brugge,51.23023,3.228,2.099408106312345,51.2490420455513,3.2305644198626697,2020,12,7,31005,Brugge,Normaal,Droog,"Nacht, openb. verlicht. aanw., maar niet ontstoken",met zwaargewonden,9,personenauto,3,Fiets,Op Kruispunt,Gewestweg,buiten bebouwde kom,Tss. 2 best.: langs opzij (voor-/achterkant-flank),Geen hindernis
23024,54,Brugge teller 2,Brugge,51.23015,3.22818,2.1072475497652254,51.2490420455513,3.2305644198626697,2020,12,7,31005,Brugge,Normaal,Droog,"Nacht, openb. verlicht. aanw., maar niet ontstoken",met zwaargewonden,9,personenauto,3,Fiets,Op Kruispunt,Gewestweg,buiten bebouwde kom,Tss. 2 best.: langs opzij (voor-/achterkant-flank),Geen hindernis
23025,142,TEST Validatie BRUGGE Y2H22022134,Brugge,51.22632,3.24095,0.6905576442430283,51.221518289410454,3.234661254638784,2020,12,5,31005,Brugge,Normaal,Droog,Dageraad - schemering,met lichtgewonden,9,personenauto,3,Fiets,Op Kruispunt,Gewestweg,binnen bebouwde kom,Tss. 2 best.: langs opzij (voor-/achterkant-flank),Geen hindernis
23025,52,Brugge,Brugge,51.22632,3.24095,0.6905576442430283,51.221518289410454,3.234661254638784,2020,12,5,31005,Brugge,Normaal,Droog,Dageraad - schemering,met lichtgewonden,9,personenauto,3,Fiets,Op Kruispunt,Gewestweg,binnen bebouwde kom,Tss. 2 best.: langs opzij (voor-/achterkant-flank),Geen hindernis
23025,54,Brugge teller 2,Brugge,51.23015,3.22818,1.0606218627790949,51.221518289410454,3.234661254638784,2020,12,5,31005,Brugge,Normaal,Droog,Dageraad - schemering,met lichtgewonden,9,personenauto,3,Fiets,Op Kruispunt,Gewestweg,binnen bebouwde kom,Tss. 2 best.: langs opzij (voor-/achterkant-flank),Geen hindernis
23025,53,Brugge teller 1,Brugge,51.23023,3.228,1.074032122256381,51.221518289410454,3.234661254638784,2020,12,5,31005,Brugge,Normaal,Droog,Dageraad - schemering,met lichtgewonden,9,personenauto,3,Fiets,Op Kruispunt,Gewestweg,binnen bebouwde kom,Tss. 2 best.: langs opzij (voor-/achterkant-flank),Geen hindernis
23026,20,Brugge,Brugge,51.17416,3.20048,2.389688893369981,51.17928686593573,3.2337705147293514,2020,12,10,31005,Brugge,Normaal,Droog,Dag,met lichtgewonden,3,Fiets,9,personenauto,Op Kruispunt,Gewestweg,buiten bebouwde kom,Tss. 2 best.: langs opzij (voor-/achterkant-flank),Geen hindernis
23028,54,Brugge teller 2,Brugge,51.23015,3.22818,1.3271418188550888,51.218421791552764,3.2246454970379066,2020,12,10,31005,Brugge,Normaal,Droog,Dag,met lichtgewonden,3,Fiets,9,personenauto,Op Kruispunt,Gemeenteweg,binnen bebouwde kom,Tussen 2 bestuurders: Flank tegen flank,Geen hindernis
23028,53,Brugge teller 1,Brugge,51.23023,3.228,1.3336314127427031,51.218421791552764,3.2246454970379066,2020,12,10,31005,Brugge,Normaal,Droog,Dag,met lichtgewonden,3,Fiets,9,personenauto,Op Kruispunt,Gemeenteweg,binnen bebouwde kom,Tussen 2 bestuurders: Flank tegen flank,Geen hindernis
23028,52,Brugge,Brugge,51.22632,3.24095,1.4354763780970174,51.218421791552764,3.2246454970379066,2020,12,10,31005,Brugge,Normaal,Droog,Dag,met lichtgewonden,3,Fiets,9,personenauto,Op Kruispunt,Gemeenteweg,binnen bebouwde kom,Tussen 2 bestuurders: Flank tegen flank,Geen hindernis
23028,142,TEST Validatie BRUGGE Y2H22022134,Brugge,51.22632,3.24095,1.4354763780970174,51.218421791552764,3.2246454970379066,2020,12,10,31005,Brugge,Normaal,Droog,Dag,met lichtgewonden,3,Fiets,9,personenauto,Op Kruispunt,Gemeenteweg,binnen bebouwde kom,Tussen 2 bestuurders: Flank tegen flank,Geen hindernis
23041,18,Oostende 1,Oostende,51.21378,2.92765,1.3332821490329887,51.22264617743807,2.940537799761387,2020,12,16,35013,Oostende,Mist (zichtbaarheid minder dan 100m),"Nat, plassen",Dageraad - schemering,met zwaargewonden,3,Fiets,5,Lichte vrachtauto,Op Kruispunt,Gemeenteweg,binnen bebouwde kom,Tss. 2 best.: langs opzij (voor-/achterkant-flank),Geen hindernis
23041,15,Oostende 2,Oostende,51.21371,2.92743,1.3493673888173465,51.22264617743807,2.940537799761387,2020,12,16,35013,Oostende,Mist (zichtbaarheid minder dan 100m),"Nat, plassen",Dageraad - schemering,met zwaargewonden,3,Fiets,5,Lichte vrachtauto,Op Kruispunt,Gemeenteweg,binnen bebouwde kom,Tss. 2 best.: langs opzij (voor-/achterkant-flank),Geen hindernis
23043,18,Oostende 1,Oostende,51.21378,2.92765,0.5393379664649225,51.218208401756876,2.930809001596321,2020,12,7,35013,Oostende,Onbekend,Onbekend,Dageraad - schemering,met lichtgewonden,3,Fiets,9,personenauto,Op Kruispunt,Gemeenteweg,binnen bebouwde kom,Tss. 2 best.: langs opzij (voor-/achterkant-flank),Geen hindernis
23043,15,Oostende 2,Oostende,51.21371,2.92743,0.5528015462394936,51.218208401756876,2.930809001596321,2020,12,7,35013,Oostende,Onbekend,Onbekend,Dageraad - schemering,met lichtgewonden,3,Fiets,9,personenauto,Op Kruispunt,Gemeenteweg,binnen bebouwde kom,Tss. 2 best.: langs opzij (voor-/achterkant-flank),Geen hindernis
23045,18,Oostende 1,Oostende,51.21378,2.92765,1.8639847996151933,51.22231670189888,2.9506826934298203,2020,12,16,35002,Bredene,Normaal,Droog,Dageraad - schemering,met lichtgewonden,9,personenauto,3,Fiets,Op Kruispunt,Gewestweg,binnen bebouwde kom,Tss. 2 best.: langs opzij (voor-/achterkant-flank),Geen hindernis
23045,15,Oostende 2,Oostende,51.21371,2.92743,1.8811368568780165,51.22231670189888,2.9506826934298203,2020,12,16,35002,Bredene,Normaal,Droog,Dageraad - schemering,met lichtgewonden,9,personenauto,3,Fiets,Op Kruispunt,Gewestweg,binnen bebouwde kom,Tss. 2 best.: langs opzij (voor-/achterkant-flank),Geen hindernis
23048,55,Torhout teller 1,Torhout,51.07161,3.08261,1.4622088223466798,51.06535611134254,3.1010183479582514,2020,12,14,31033,Torhout,Onbekend,Onbekend,Dag,met lichtgewonden,3,Fiets,9,personenauto,Buiten Kruispunt,Gewestweg,binnen bebouwde kom,Tussen 2 bestuurders: Flank tegen flank,Geen hindernis
23048,56,Torhout teller 2,Torhout,51.07147,3.08244,1.4653839364895385,51.06535611134254,3.1010183479582514,2020,12,14,31033,Torhout,Onbekend,Onbekend,Dag,met lichtgewonden,3,Fiets,9,personenauto,Buiten Kruispunt,Gewestweg,binnen bebouwde kom,Tussen 2 bestuurders: Flank tegen flank,Geen hindernis
23049,55,Torhout teller 1,Torhout,51.07161,3.08261,1.2981930167527802,51.06563434254172,3.098571019306654,2020,12,8,31033,Torhout,Normaal,Droog,Dag,met lichtgewonden,9,personenauto,3,Fiets,Op Kruispunt,Gewestweg,binnen bebouwde kom,Tss. 2 best.: langs opzij (voor-/achterkant-flank),Geen hindernis
23049,56,Torhout teller 2,Torhout,51.07147,3.08244,1.30057671864509,51.06563434254172,3.098571019306654,2020,12,8,31033,Torhout,Normaal,Droog,Dag,met lichtgewonden,9,personenauto,3,Fiets,Op Kruispunt,Gewestweg,binnen bebouwde kom,Tss. 2 best.: langs opzij (voor-/achterkant-flank),Geen hindernis
23050,55,Torhout teller 1,Torhout,51.07161,3.08261,1.2872849308591712,51.06566402729131,3.098417404829451,2020,12,7,31033,Torhout,Regenval,"Nat, plassen",Dageraad - schemering,met zwaargewonden,9,personenauto,3,Fiets,Op Kruispunt,Gewestweg,binnen bebouwde kom,Tussen 2 bestuurders: Langs achteren,Geen hindernis
23050,56,Torhout teller 2,Torhout,51.07147,3.08244,1.2896297397567664,51.06566402729131,3.098417404829451,2020,12,7,31033,Torhout,Regenval,"Nat, plassen",Dageraad - schemering,met zwaargewonden,9,personenauto,3,Fiets,Op Kruispunt,Gewestweg,binnen bebouwde kom,Tussen 2 bestuurders: Langs achteren,Geen hindernis
23053,84,Roeselare totem,Izegem,50.91717,3.18772,1.1926381077802852,50.91752751078128,3.2047234875108765,2020,12,8,36008,Izegem,Mist (zichtbaarheid minder dan 100m),Droog,Dageraad - schemering,met lichtgewonden,9,personenauto,3,Fiets,Op Kruispunt,Gemeenteweg,binnen bebouwde kom,Tss. 2 best.: langs opzij (voor-/achterkant-flank),Geen hindernis
23063,74,Kortrijk teller 1,Kortrijk,50.81909,3.25728,1.8116724884727429,50.80546225947475,3.243147736762606,2020,12,16,34022,Kortrijk,Regenval,"Nat, plassen","Nacht, openbare verlichting aanwezig en ontstoken",met lichtgewonden,3,Fiets,1,Autobus,Op Kruispunt,Gemeenteweg,binnen bebouwde kom,Tss. 2 best.: langs opzij (voor-/achterkant-flank),Geen hindernis
23063,75,Kortrijk teller 2,Kortrijk,50.81925,3.25731,1.8277253159704017,50.80546225947475,3.243147736762606,2020,12,16,34022,Kortrijk,Regenval,"Nat, plassen","Nacht, openbare verlichting aanwezig en ontstoken",met lichtgewonden,3,Fiets,1,Autobus,Op Kruispunt,Gemeenteweg,binnen bebouwde kom,Tss. 2 best.: langs opzij (voor-/achterkant-flank),Geen hindernis
23064,74,Kortrijk teller 1,Kortrijk,50.81909,3.25728,2.1106860343199925,50.80699487895495,3.2804331499820116,2020,12,18,34022,Kortrijk,Normaal,Droog,"Nacht, openbare verlichting aanwezig en ontstoken",met lichtgewonden,3,Fiets,9,personenauto,Buiten Kruispunt,Gewestweg,buiten bebouwde kom,Tss. 2 best.: langs opzij (voor-/achterkant-flank),Geen hindernis
23064,75,Kortrijk teller 2,Kortrijk,50.81925,3.25731,2.120449318895111,50.80699487895495,3.2804331499820116,2020,12,18,34022,Kortrijk,Normaal,Droog,"Nacht, openbare verlichting aanwezig en ontstoken",met lichtgewonden,3,Fiets,9,personenauto,Buiten Kruispunt,Gewestweg,buiten bebouwde kom,Tss. 2 best.: langs opzij (voor-/achterkant-flank),Geen hindernis
23066,16,Kortrijk 1,Kortrijk,50.83332,3.27777,0.6469876265224566,50.82830876532921,3.2730887024552064,2020,12,14,34022,Kortrijk,Normaal,Droog,Dag,met lichtgewonden,9,personenauto,3,Fiets,Op Kruispunt,Gewestweg,binnen bebouwde kom,Tss. 2 best.: langs opzij (voor-/achterkant-flank),Geen hindernis
23066,17,Kortrijk 2,Kortrijk,50.83339,3.27773,0.6522948062965304,50.82830876532921,3.2730887024552064,2020,12,14,34022,Kortrijk,Normaal,Droog,Dag,met lichtgewonden,9,personenauto,3,Fiets,Op Kruispunt,Gewestweg,binnen bebouwde kom,Tss. 2 best.: langs opzij (voor-/achterkant-flank),Geen hindernis
23066,143,Eco Display Classic Budastraat,Kortrijk,50.83066,3.26286,0.7644982443498616,50.82830876532921,3.2730887024552064,2020,12,14,34022,Kortrijk,Normaal,Droog,Dag,met lichtgewonden,9,personenauto,3,Fiets,Op Kruispunt,Gewestweg,binnen bebouwde kom,Tss. 2 best.: langs opzij (voor-/achterkant-flank),Geen hindernis
23066,75,Kortrijk teller 2,Kortrijk,50.81925,3.25731,1.4976797369135075,50.82830876532921,3.2730887024552064,2020,12,14,34022,Kortrijk,Normaal,Droog,Dag,met lichtgewonden,9,personenauto,3,Fiets,Op Kruispunt,Gewestweg,binnen bebouwde kom,Tss. 2 best.: langs opzij (voor-/achterkant-flank),Geen hindernis
23066,74,Kortrijk teller 1,Kortrijk,50.81909,3.25728,1.5112520218710368,50.82830876532921,3.2730887024552064,2020,12,14,34022,Kortrijk,Normaal,Droog,Dag,met lichtgewonden,9,personenauto,3,Fiets,Op Kruispunt,Gewestweg,binnen bebouwde kom,Tss. 2 best.: langs opzij (voor-/achterkant-flank),Geen hindernis
23075,16,Kortrijk 1,Kortrijk,50.83332,3.27777,2.4663944843194714,50.83152517315673,3.3127738140688643,2020,12,15,34013,Harelbeke,Normaal,Droog,Dag,met lichtgewonden,9,personenauto,3,Fiets,Op Kruispunt,Gemeenteweg,binnen bebouwde kom,Tss. 2 best.: langs opzij (voor-/achterkant-flank),Geen hindernis
23075,17,Kortrijk 2,Kortrijk,50.83339,3.27773,2.469833938302049,50.83152517315673,3.3127738140688643,2020,12,15,34013,Harelbeke,Normaal,Droog,Dag,met lichtgewonden,9,personenauto,3,Fiets,Op Kruispunt,Gemeenteweg,binnen bebouwde kom,Tss. 2 best.: langs opzij (voor-/achterkant-flank),Geen hindernis
23080,68,Ieper,Ieper,50.85032,2.85608,0.16667333316549096,50.85073642943928,2.8537992809110766,2020,12,14,33011,Ieper,Normaal,"Nat, plassen",Dag,met lichtgewonden,3,Fiets,10,"één bestuurder, geen hindernis",Buiten Kruispunt,Gewestweg,buiten bebouwde kom,"Eén bestuurder, geen hindernis (incl. val)",Geen hindernis
23080,67,Ieper totem,Ieper,50.85018,2.85624,0.18217342887727564,50.85073642943928,2.8537992809110766,2020,12,14,33011,Ieper,Normaal,"Nat, plassen",Dag,met lichtgewonden,3,Fiets,10,"één bestuurder, geen hindernis",Buiten Kruispunt,Gewestweg,buiten bebouwde kom,"Eén bestuurder, geen hindernis (incl. val)",Geen hindernis
23081,67,Ieper totem,Ieper,50.85018,2.85624,1.0955259888809417,50.84475952212068,2.8692703066575334,2020,12,11,33011,Ieper,Normaal,Droog,Dag,met lichtgewonden,3,Fiets,9,personenauto,Buiten Kruispunt,Gewestweg,binnen bebouwde kom,Tussen 2 bestuurders: Langs achteren,Geen hindernis
23081,68,Ieper,Ieper,50.85032,2.85608,1.1134906529065027,50.84475952212068,2.8692703066575334,2020,12,11,33011,Ieper,Normaal,Droog,Dag,met lichtgewonden,3,Fiets,9,personenauto,Buiten Kruispunt,Gewestweg,binnen bebouwde kom,Tussen 2 bestuurders: Langs achteren,Geen hindernis
23082,62,Wervik teller 1,Wervik,50.8058,3.09154,2.1904671454285776,50.825168622057426,3.085850830712752,2020,12,7,33029,Wervik,Normaal,"Nat, plassen","Nacht, openbare verlichting aanwezig en ontstoken",met lichtgewonden,3,Fiets,3,Fiets,Buiten Kruispunt,Gemeenteweg,buiten bebouwde kom,Tussen 2 bestuurders: Flank tegen flank,Geen hindernis
23082,61,Wervik teller 2,Wervik,50.80555,3.0921,2.225232125805207,50.825168622057426,3.085850830712752,2020,12,7,33029,Wervik,Normaal,"Nat, plassen","Nacht, openbare verlichting aanwezig en ontstoken",met lichtgewonden,3,Fiets,3,Fiets,Buiten Kruispunt,Gemeenteweg,buiten bebouwde kom,Tussen 2 bestuurders: Flank tegen flank,Geen hindernis
23083,67,Ieper totem,Ieper,50.85018,2.85624,1.3690571386869892,50.85264190830507,2.8753480863173486,2020,12,8,33011,Ieper,Normaal,Droog,Dageraad - schemering,met lichtgewonden,1,Autobus,3,Fiets,Op Kruispunt,Gewestweg,binnen bebouwde kom,Tss. 2 best.: langs opzij (voor-/achterkant-flank),Geen hindernis
23083,68,Ieper,Ieper,50.85032,2.85608,1.377058893216966,50.85264190830507,2.8753480863173486,2020,12,8,33011,Ieper,Normaal,Droog,Dageraad - schemering,met lichtgewonden,1,Autobus,3,Fiets,Op Kruispunt,Gewestweg,binnen bebouwde kom,Tss. 2 best.: langs opzij (voor-/achterkant-flank),Geen hindernis
23085,67,Ieper totem,Ieper,50.85018,2.85624,1.4009726141755285,50.849824846003976,2.876188028377959,2020,12,12,33011,Ieper,Normaal,Droog,Dag,met lichtgewonden,9,personenauto,3,Fiets,Buiten Kruispunt,Gewestweg,binnen bebouwde kom,Tss. 2 best.: langs opzij (voor-/achterkant-flank),Geen hindernis
23085,68,Ieper,Ieper,50.85032,2.85608,1.4127196210784287,50.849824846003976,2.876188028377959,2020,12,12,33011,Ieper,Normaal,Droog,Dag,met lichtgewonden,9,personenauto,3,Fiets,Buiten Kruispunt,Gewestweg,binnen bebouwde kom,Tss. 2 best.: langs opzij (voor-/achterkant-flank),Geen hindernis
23087,42,Maasmechelen teller 2,Maasmechelen,50.97043,5.6981,1.7008205911035497,50.985400286567774,5.693114417824746,2020,12,11,73107,Maasmechelen,Normaal,Droog,Dag,met lichtgewonden,9,personenauto,3,Fiets,Buiten Kruispunt,Gemeenteweg,binnen bebouwde kom,Tss. 2 best.: langs opzij (voor-/achterkant-flank),Geen hindernis
23087,41,Maasmechelen teller 1,Maasmechelen,50.97025,5.69799,1.7188688125398854,50.985400286567774,5.693114417824746,2020,12,11,73107,Maasmechelen,Normaal,Droog,Dag,met lichtgewonden,9,personenauto,3,Fiets,Buiten Kruispunt,Gemeenteweg,binnen bebouwde kom,Tss. 2 best.: langs opzij (voor-/achterkant-flank),Geen hindernis
23090,99,Mechelen teller 1,Mechelen,51.04564,4.46882,1.2401005312109836,51.034791593879625,4.472933611232918,2020,12,18,12025,Mechelen,Normaal,Droog,Dageraad - schemering,met lichtgewonden,9,personenauto,3,Fiets,Buiten Kruispunt,Gewestweg,buiten bebouwde kom,Tss. 2 best.: langs opzij (voor-/achterkant-flank),Geen hindernis
23090,100,Mechelen teller 2,Mechelen,51.0457,4.46883,1.246430109069363,51.034791593879625,4.472933611232918,2020,12,18,12025,Mechelen,Normaal,Droog,Dageraad - schemering,met lichtgewonden,9,personenauto,3,Fiets,Buiten Kruispunt,Gewestweg,buiten bebouwde kom,Tss. 2 best.: langs opzij (voor-/achterkant-flank),Geen hindernis
23092,109,Zemst,Zemst,50.9903936,4.4707023,1.956783078839843,51.00793553777728,4.472928035939236,2020,12,12,12025,Mechelen,Normaal,Droog,Dag,met zwaargewonden,3,Fiets,9,personenauto,Buiten Kruispunt,Gemeenteweg,binnen bebouwde kom,Tussen 2 bestuurders: Flank tegen flank,Geen hindernis
23093,99,Mechelen teller 1,Mechelen,51.04564,4.46882,2.322239298861295,51.02538222319864,4.476894350507271,2020,12,14,12025,Mechelen,Normaal,Droog,Dag,met lichtgewonden,3,Fiets,9,personenauto,Buiten Kruispunt,Gemeenteweg,binnen bebouwde kom,Tss. 2 best.: langs opzij (voor-/achterkant-flank),Geen hindernis
23093,100,Mechelen teller 2,Mechelen,51.0457,4.46883,2.3285418622917047,51.02538222319864,4.476894350507271,2020,12,14,12025,Mechelen,Normaal,Droog,Dag,met lichtgewonden,3,Fiets,9,personenauto,Buiten Kruispunt,Gemeenteweg,binnen bebouwde kom,Tss. 2 best.: langs opzij (voor-/achterkant-flank),Geen hindernis
23094,99,Mechelen teller 1,Mechelen,51.04564,4.46882,2.34900144915285,51.02507605046583,4.476511326371805,2020,12,7,12025,Mechelen,Onbekend,Onbekend,Onbekend,met lichtgewonden,5,Lichte vrachtauto,3,Fiets,Op Kruispunt,Gemeenteweg,binnen bebouwde kom,Tss. 2 best.: langs opzij (voor-/achterkant-flank),Geen hindernis
23094,100,Mechelen teller 2,Mechelen,51.0457,4.46883,2.355336793956762,51.02507605046583,4.476511326371805,2020,12,7,12025,Mechelen,Onbekend,Onbekend,Onbekend,met lichtgewonden,5,Lichte vrachtauto,3,Fiets,Op Kruispunt,Gemeenteweg,binnen bebouwde kom,Tss. 2 best.: langs opzij (voor-/achterkant-flank),Geen hindernis
23095,99,Mechelen teller 1,Mechelen,51.04564,4.46882,1.6976104670022,51.03104610525992,4.475949727018673,2020,12,15,12025,Mechelen,Onbekend,Onbekend,Dag,met lichtgewonden,9,personenauto,3,Fiets,Op Kruispunt,Gemeenteweg,binnen bebouwde kom,Tussen 2 bestuurders: Flank tegen flank,Geen hindernis
23095,100,Mechelen teller 2,Mechelen,51.0457,4.46883,1.7037846365786227,51.03104610525992,4.475949727018673,2020,12,15,12025,Mechelen,Onbekend,Onbekend,Dag,met lichtgewonden,9,personenauto,3,Fiets,Op Kruispunt,Gemeenteweg,binnen bebouwde kom,Tussen 2 bestuurders: Flank tegen flank,Geen hindernis
23096,99,Mechelen teller 1,Mechelen,51.04564,4.46882,2.4232627223923244,51.025712560017915,4.482849181208022,2020,12,20,12025,Mechelen,Normaal,"Nat, plassen","Nacht, openbare verlichting aanwezig en ontstoken",met lichtgewonden,3,Fiets,9,personenauto,Op Kruispunt,Gemeenteweg,binnen bebouwde kom,Tss. 2 best.: langs opzij (voor-/achterkant-flank),Geen hindernis
23096,100,Mechelen teller 2,Mechelen,51.0457,4.46883,2.42908229879167,51.025712560017915,4.482849181208022,2020,12,20,12025,Mechelen,Normaal,"Nat, plassen","Nacht, openbare verlichting aanwezig en ontstoken",met lichtgewonden,3,Fiets,9,personenauto,Op Kruispunt,Gemeenteweg,binnen bebouwde kom,Tss. 2 best.: langs opzij (voor-/achterkant-flank),Geen hindernis
23100,140,Hasselt ring,Hasselt,50.9300038,5.3438616,1.4286744354218577,50.933900907931594,5.3244356072157215,2020,12,17,71022,Hasselt,Normaal,"Nat, plassen","Nacht, openbare verlichting aanwezig en ontstoken",met lichtgewonden,9,personenauto,3,Fiets,Op Kruispunt,Gewestweg,binnen bebouwde kom,Tss. 2 best.: langs opzij (voor-/achterkant-flank),Geen hindernis
23100,138,Hasselt-Kempische brug,Hasselt,50.9405318,5.3422472,1.4496124909368364,50.933900907931594,5.3244356072157215,2020,12,17,71022,Hasselt,Normaal,"Nat, plassen","Nacht, openbare verlichting aanwezig en ontstoken",met lichtgewonden,9,personenauto,3,Fiets,Op Kruispunt,Gewestweg,binnen bebouwde kom,Tss. 2 best.: langs opzij (voor-/achterkant-flank),Geen hindernis
23100,137,Hasselt-Kempische brug,Hasselt,50.9411605,5.3417576,1.45769450183593,50.933900907931594,5.3244356072157215,2020,12,17,71022,Hasselt,Normaal,"Nat, plassen","Nacht, openbare verlichting aanwezig en ontstoken",met lichtgewonden,9,personenauto,3,Fiets,Op Kruispunt,Gewestweg,binnen bebouwde kom,Tss. 2 best.: langs opzij (voor-/achterkant-flank),Geen hindernis
23103,14,Genk,Genk,50.97172,5.48927,1.1371267095023352,50.96361820923752,5.499178959688566,2020,12,13,71016,Genk,Normaal,Droog,Dag,met zwaargewonden,3,Fiets,9,personenauto,Op Kruispunt,Gewestweg,binnen bebouwde kom,Tss. 2 best.: langs opzij (voor-/achterkant-flank),Geen hindernis