crash_row_id,site_id,site_name,site_gemeente,site_lat,site_long,distance_km,crash_lat,crash_long,DT_YEAR_COLLISION,DT_MONTH_COLLISION,DT_TIME,CD_NIS,TX_MUNTY_COLLISION_NL,TX_WEATHER_NL,TX_ROAD_CONDITION_NL,TX_LIGHT_CONDITION_NL,TX_CLASS_ACCIDENTS_NL,CD_ROAD_USR_TYPE1,TX_ROAD_USR_TYPE1_NL,CD_ROAD_USR_TYPE2,TX_ROAD_USR_TYPE2_NL,TX_CROSSWAY_NL,CD_ROAD_TYPE_NL,TX_BUILD_UP_AREA_NL,TX_COLLISION_TYPE_NL,TX_OBSTACLES_NL
23105,14,Genk,Genk,50.97172,5.48927,1.0827867797789175,50.9662106511051,5.502020247237676,2020,12,10,71016,Genk,Normaal,"Nat, plassen",Dag,met lichtgewonden,3,Fiets,9,personenauto,Op Kruispunt,Gewestweg,binnen bebouwde kom,Tussen 2 bestuurders: Flank tegen flank,Geen hindernis
23107,14,Genk,Genk,50.97172,5.48927,2.110139588875605,50.97706743439891,5.51818675444055,2020,12,16,71016,Genk,Normaal,"Nat, plassen",Dageraad - schemering,met lichtgewonden,3,Fiets,11,een weggebruiker tegen een hindernis,Op Kruispunt,Gemeenteweg,buiten bebouwde kom,Weggebruiker tegen hindernis op de rijbaan,"Op de rijbaan: Werken (signal., aarde, toestel,…)"
23108,25,Bree,Bree,51.13679500160176,5.597669323604317,0.25891936649147984,51.13774151686009,5.594278708474728,2020,12,11,72004,Bree,Normaal,Droog,Dag,met lichtgewonden,5,Lichte vrachtauto,3,Fiets,Op Kruispunt,Gewestweg,buiten bebouwde kom,Tussen 2 bestuurders: Flank tegen flank,Geen hindernis
23109,22,Tienen 2,Tienen,50.81330800184882,4.935984252796022,1.8758262693656347,50.80076744231085,4.953840044193823,2020,12,7,24107,Tienen,Normaal,Droog+Proper,Dageraad - schemering,met lichtgewonden,3,Fiets,9,personenauto,Buiten Kruispunt,Gemeenteweg,binnen bebouwde kom,Tss. 2 best.: langs opzij (voor-/achterkant-flank),Geen hindernis
23109,24,Tienen 1,Tienen,50.8133795491886,4.935044252605416,1.9264174322925751,50.80076744231085,4.953840044193823,2020,12,7,24107,Tienen,Normaal,Droog+Proper,Dageraad - schemering,met lichtgewonden,3,Fiets,9,personenauto,Buiten Kruispunt,Gemeenteweg,binnen bebouwde kom,Tss. 2 best.: langs opzij (voor-/achterkant-flank),Geen hindernis
23109,23,Tienen 3,Tienen,50.81324,4.93447,1.9431993254933273,50.80076744231085,4.953840044193823,2020,12,7,24107,Tienen,Normaal,Droog+Proper,Dageraad - schemering,met lichtgewonden,3,Fiets,9,personenauto,Buiten Kruispunt,Gemeenteweg,binnen bebouwde kom,Tss. 2 best.: langs opzij (voor-/achterkant-flank),Geen hindernis
23110,23,Tienen 3,Tienen,50.81324,4.93447,0.789264440504841,50.81170545933821,4.9235021335622955,2020,12,17,24107,Tienen,Normaal,Droog,"Nacht, openbare verlichting aanwezig en ontstoken",met lichtgewonden,3,Fiets,6,Bromfiets,Buiten Kruispunt,Gewestweg,binnen bebouwde kom,Tussen 2 bestuurders: Frontale botsing,Geen hindernis
23110,24,Tienen 1,Tienen,50.8133795491886,4.935044252605416,0.8320354207419962,50.81170545933821,4.9235021335622955,2020,12,17,24107,Tienen,Normaal,Droog,"Nacht, openbare verlichting aanwezig en ontstoken",met lichtgewonden,3,Fiets,6,Bromfiets,Buiten Kruispunt,Gewestweg,binnen bebouwde kom,Tussen 2 bestuurders: Frontale botsing,Geen hindernis
23110,22,Tienen 2,Tienen,50.81330800184882,4.935984252796022,0.8949097123510289,50.81170545933821,4.9235021335622955,2020,12,17,24107,Tienen,Normaal,Droog,"Nacht, openbare verlichting aanwezig en ontstoken",met lichtgewonden,3,Fiets,6,Bromfiets,Buiten Kruispunt,Gewestweg,binnen bebouwde kom,Tussen 2 bestuurders: Frontale botsing,Geen hindernis
23113,113,Deinze teller 2,Deinze,50.96018,3.55578,2.3709972057547373,50.97341234214626,3.529230064764829,2020,12,13,44083,Deinze,Normaal,Droog,Dag,met zwaargewonden,9,personenauto,3,Fiets,Op Kruispunt,Gemeenteweg,binnen bebouwde kom,Tss. 2 best.: langs opzij (voor-/achterkant-flank),Geen hindernis
23113,114,Deinze teller 1,Nazareth,50.9598305,3.555502,2.380234438267734,50.97341234214626,3.529230064764829,2020,12,13,44083,Deinze,Normaal,Droog,Dag,met zwaargewonden,9,personenauto,3,Fiets,Op Kruispunt,Gemeenteweg,binnen bebouwde kom,Tss. 2 best.: langs opzij (voor-/achterkant-flank),Geen hindernis
23143,2,Brasschaat 2,Brasschaat,51.27512,4.47169,2.486489750548931,51.28157449906691,4.43746381798774,2021,1,15,11002,Antwerpen,Normaal,"Nat, plassen",Dag,met lichtgewonden,9,personenauto,3,Fiets,Buiten Kruispunt,Gemeenteweg,binnen bebouwde kom,Tss. 2 best.: langs opzij (voor-/achterkant-flank),Geen hindernis
23178,2,Brasschaat 2,Brasschaat,51.27512,4.47169,1.036655790822836,51.26898530830868,4.460469069483595,2021,1,11,11008,Brasschaat,Normaal,Droog,Dag,met zwaargewonden,3,Fiets,10,"één bestuurder, geen hindernis",Buiten Kruispunt,Gewestweg,buiten bebouwde kom,"Eén bestuurder, geen hindernis (incl. val)",Geen hindernis
23178,3,Brasschaat 1,Brasschaat,51.27503,4.47222,1.0583119324603794,51.26898530830868,4.460469069483595,2021,1,11,11008,Brasschaat,Normaal,Droog,Dag,met zwaargewonden,3,Fiets,10,"één bestuurder, geen hindernis",Buiten Kruispunt,Gewestweg,buiten bebouwde kom,"Eén bestuurder, geen hindernis (incl. val)",Geen hindernis
23192,93,Nijlen teller 2,Nijlen,51.14998,4.64469,2.3329943025325535,51.17074801366058,4.649446170002024,2021,1,10,12026,Nijlen,Normaal,Droog,Dag,met lichtgewonden,3,Fiets,3,Fiets,Buiten Kruispunt,Gemeenteweg,buiten bebouwde kom,Tussen 2 bestuurders: Frontale botsing,Geen hindernis
23192,92,Nijlen teller 1,Nijlen,51.14989,4.64479,2.341923645616955,51.17074801366058,4.649446170002024,2021,1,10,12026,Nijlen,Normaal,Droog,Dag,met lichtgewonden,3,Fiets,3,Fiets,Buiten Kruispunt,Gemeenteweg,buiten bebouwde kom,Tussen 2 bestuurders: Frontale botsing,Geen hindernis
23193,104,Malle teller 2,Malle,51.31682,4.73852,1.9860271995905783,51.33404177422666,4.730943175110511,2021,1,9,13037,Rijkevorsel,Normaal,Droog,Dag,met zwaargewonden,3,Fiets,3,Fiets,Op Kruispunt,Gemeenteweg,buiten bebouwde kom,Tussen 2 bestuurders: Frontale botsing,Geen hindernis
23193,103,Malle teller 1,Malle,51.31681,4.73872,1.9908265014025348,51.33404177422666,4.730943175110511,2021,1,9,13037,Rijkevorsel,Normaal,Droog,Dag,met zwaargewonden,3,Fiets,3,Fiets,Op Kruispunt,Gemeenteweg,buiten bebouwde kom,Tussen 2 bestuurders: Frontale botsing,Geen hindernis
23194,104,Malle teller 2,Malle,51.31682,4.73852,2.1898427013831108,51.33499211830622,4.726372912034344,2021,1,16,13037,Rijkevorsel,Normaal,Droog,Dag,met lichtgewonden,3,Fiets,3,Fiets,Op Kruispunt,Gemeenteweg,buiten bebouwde kom,Tussen 2 bestuurders: Frontale botsing,Geen hindernis
23194,103,Malle teller 1,Malle,51.31681,4.73872,2.1962600615772896,51.33499211830622,4.726372912034344,2021,1,16,13037,Rijkevorsel,Normaal,Droog,Dag,met lichtgewonden,3,Fiets,3,Fiets,Op Kruispunt,Gemeenteweg,buiten bebouwde kom,Tussen 2 bestuurders: Frontale botsing,Geen hindernis
23204,97,Geel teller 1,Geel,51.14813,4.99698,1.1876651755786993,51.14123830919388,5.009987092948972,2021,1,8,13008,Geel,Normaal,"Nat, plassen",Dageraad - schemering,met lichtgewonden,5,Lichte vrachtauto,3,Fiets,Op Kruispunt,Gewestweg,buiten bebouwde kom,Kettingbotsing (3 bestuurders of meer),Geen hindernis
23204,98,Geel teller 2,Geel,51.1481,4.99643,1.21513191850449,51.14123830919388,5.009987092948972,2021,1,8,13008,Geel,Normaal,"Nat, plassen",Dageraad - schemering,met lichtgewonden,5,Lichte vrachtauto,3,Fiets,Op Kruispunt,Gewestweg,buiten bebouwde kom,Kettingbotsing (3 bestuurders of meer),Geen hindernis
23210,37,Lommel teller 1,Lommel,51.23299,5.29211,1.3365425160585302,51.22893231756729,5.310178536098918,2021,1,15,72020,Lommel,Normaal,Droog,Dag,met lichtgewonden,9,personenauto,3,Fiets,Op Kruispunt,Gemeenteweg,binnen bebouwde kom,Tss. 2 best.: langs opzij (voor-/achterkant-flank),Geen hindernis
23210,38,Lommel teller 2,Lommel,51.23277,5.29189,1.3430022017773193,51.22893231756729,5.310178536098918,2021,1,15,72020,Lommel,Normaal,Droog,Dag,met lichtgewonden,9,personenauto,3,Fiets,Op Kruispunt,Gemeenteweg,binnen bebouwde kom,Tss. 2 best.: langs opzij (voor-/achterkant-flank),Geen hindernis
23211,37,Lommel teller 1,Lommel,51.23299,5.29211,0.3067279024623506,51.23285373218748,5.2965100262941105,2021,1,6,72020,Lommel,Normaal,Droog,"Nacht, openbare verlichting aanwezig en ontstoken",met lichtgewonden,9,personenauto,3,Fiets,Op Kruispunt,Gewestweg,binnen bebouwde kom,Tss. 2 best.: langs opzij (voor-/achterkant-flank),Geen hindernis
23211,38,Lommel teller 2,Lommel,51.23277,5.29189,0.32180647871585716,51.23285373218748,5.2965100262941105,2021,1,6,72020,Lommel,Normaal,Droog,"Nacht, openbare verlichting aanwezig en ontstoken",met lichtgewonden,9,personenauto,3,Fiets,Op Kruispunt,Gewestweg,binnen bebouwde kom,Tss. 2 best.: langs opzij (voor-/achterkant-flank),Geen hindernis
23227,151,Leuven,District Leuven,50.8690262,4.6854839,0.8805890898444009,50.86881387108273,4.698027906768469,2021,1,6,24062,Leuven,Regenval,"Nat, plassen",Dageraad - schemering,met lichtgewonden,5,Lichte vrachtauto,3,Fiets,Op Kruispunt,Gewestweg,binnen bebouwde kom,Tss. 2 best.: langs opzij (voor-/achterkant-flank),Geen hindernis
23227,69,Leuven teller 1,Leuven,50.87549,4.71526,1.4188684499382942,50.86881387108273,4.698027906768469,2021,1,6,24062,Leuven,Regenval,"Nat, plassen",Dageraad - schemering,met lichtgewonden,5,Lichte vrachtauto,3,Fiets,Op Kruispunt,Gewestweg,binnen bebouwde kom,Tss. 2 best.: langs opzij (voor-/achterkant-flank),Geen hindernis
23227,77,Leuven teller 2,Leuven,50.88672,4.70796,2.109493352868568,50.86881387108273,4.698027906768469,2021,1,6,24062,Leuven,Regenval,"Nat, plassen",Dageraad - schemering,met lichtgewonden,5,Lichte vrachtauto,3,Fiets,Op Kruispunt,Gewestweg,binnen bebouwde kom,Tss. 2 best.: langs opzij (voor-/achterkant-flank),Geen hindernis
23227,107,leuven totem,Leuven,50.8870744,4.7087919,2.1663772061365263,50.86881387108273,4.698027906768469,2021,1,6,24062,Leuven,Regenval,"Nat, plassen",Dageraad - schemering,met lichtgewonden,5,Lichte vrachtauto,3,Fiets,Op Kruispunt,Gewestweg,binnen bebouwde kom,Tss. 2 best.: langs opzij (voor-/achterkant-flank),Geen hindernis
23227,108,Heverlee teller 1,Leuven,50.8471728,4.6954674,2.413079536944986,50.86881387108273,4.698027906768469,2021,1,6,24062,Leuven,Regenval,"Nat, plassen",Dageraad - schemering,met lichtgewonden,5,Lichte vrachtauto,3,Fiets,Op Kruispunt,Gewestweg,binnen bebouwde kom,Tss. 2 best.: langs opzij (voor-/achterkant-flank),Geen hindernis
23229,77,Leuven teller 2,Leuven,50.88672,4.70796,0.921562856924615,50.879296834139346,4.70211806516909,2021,1,14,24062,Leuven,Sneeuwval,"Nat, plassen",Dag,met lichtgewonden,3,Fiets,10,"één bestuurder, geen hindernis",Buiten Kruispunt,Gemeenteweg,binnen bebouwde kom,"Eén bestuurder, geen hindernis (incl. val)",Geen hindernis
23229,107,leuven totem,Leuven,50.8870744,4.7087919,0.9834261079400113,50.879296834139346,4.70211806516909,2021,1,14,24062,Leuven,Sneeuwval,"Nat, plassen",Dag,met lichtgewonden,3,Fiets,10,"één bestuurder, geen hindernis",Buiten Kruispunt,Gemeenteweg,binnen bebouwde kom,"Eén bestuurder, geen hindernis (incl. val)",Geen hindernis
23229,69,Leuven teller 1,Leuven,50.87549,4.71526,1.014586643110505,50.879296834139346,4.70211806516909,2021,1,14,24062,Leuven,Sneeuwval,"Nat, plassen",Dag,met lichtgewonden,3,Fiets,10,"één bestuurder, geen hindernis",Buiten Kruispunt,Gemeenteweg,binnen bebouwde kom,"Eén bestuurder, geen hindernis (incl. val)",Geen hindernis
23229,151,Leuven,District Leuven,50.8690262,4.6854839,1.6329543447323907,50.879296834139346,4.70211806516909,2021,1,14,24062,Leuven,Sneeuwval,"Nat, plassen",Dag,met lichtgewonden,3,Fiets,10,"één bestuurder, geen hindernis",Buiten Kruispunt,Gemeenteweg,binnen bebouwde kom,"Eén bestuurder, geen hindernis (incl. val)",Geen hindernis
23231,151,Leuven,District Leuven,50.8690262,4.6854839,0.8898525539344192,50.86814650256987,4.698087486532832,2021,1,8,24062,Leuven,Regenval,"Nat, plassen",Dag,met lichtgewonden,3,Fiets,10,"één bestuurder, geen hindernis",Buiten Kruispunt,Gewestweg,binnen bebouwde kom,"Eén bestuurder, geen hindernis (incl. val)",Geen hindernis
23231,69,Leuven teller 1,Leuven,50.87549,4.71526,1.455609571910473,50.86814650256987,4.698087486532832,2021,1,8,24062,Leuven,Regenval,"Nat, plassen",Dag,met lichtgewonden,3,Fiets,10,"één bestuurder, geen hindernis",Buiten Kruispunt,Gewestweg,binnen bebouwde kom,"Eén bestuurder, geen hindernis (incl. val)",Geen hindernis
23231,77,Leuven teller 2,Leuven,50.88672,4.70796,2.178342064395367,50.86814650256987,4.698087486532832,2021,1,8,24062,Leuven,Regenval,"Nat, plassen",Dag,met lichtgewonden,3,Fiets,10,"één bestuurder, geen hindernis",Buiten Kruispunt,Gewestweg,binnen bebouwde kom,"Eén bestuurder, geen hindernis (incl. val)",Geen hindernis
23231,107,leuven totem,Leuven,50.8870744,4.7087919,2.2346731581040093,50.86814650256987,4.698087486532832,2021,1,8,24062,Leuven,Regenval,"Nat, plassen",Dag,met lichtgewonden,3,Fiets,10,"één bestuurder, geen hindernis",Buiten Kruispunt,Gewestweg,binnen bebouwde kom,"Eén bestuurder, geen hindernis (incl. val)",Geen hindernis
23231,108,Heverlee teller 1,Leuven,50.8471728,4.6954674,2.339409327463478,50.86814650256987,4.698087486532832,2021,1,8,24062,Leuven,Regenval,"Nat, plassen",Dag,met lichtgewonden,3,Fiets,10,"één bestuurder, geen hindernis",Buiten Kruispunt,Gewestweg,binnen bebouwde kom,"Eén bestuurder, geen hindernis (incl. val)",Geen hindernis
23231,76,Heverlee teller 2,Leuven,50.84606,4.69597,2.4604005265683293,50.86814650256987,4.698087486532832,2021,1,8,24062,Leuven,Regenval,"Nat, plassen",Dag,met lichtgewonden,3,Fiets,10,"één bestuurder, geen hindernis",Buiten Kruispunt,Gewestweg,binnen bebouwde kom,"Eén bestuurder, geen hindernis (incl. val)",Geen hindernis
23233,151,Leuven,District Leuven,50.8690262,4.6854839,0.4811868979483308,50.8733479558792,4.685133235294276,2021,1,19,24062,Leuven,Normaal,Droog,"Nacht, openbare verlichting aanwezig en ontstoken",met lichtgewonden,3,Fiets,11,een weggebruiker tegen een hindernis,Buiten Kruispunt,Gemeenteweg,binnen bebouwde kom,Weggebruiker tegen hindernis op de rijbaan,"Op de rijbaan: Put, straatgoot, tramspoor"
23233,69,Leuven teller 1,Leuven,50.87549,4.71526,2.1272652357856368,50.8733479558792,4.685133235294276,2021,1,19,24062,Leuven,Normaal,Droog,"Nacht, openbare verlichting aanwezig en ontstoken",met lichtgewonden,3,Fiets,11,een weggebruiker tegen een hindernis,Buiten Kruispunt,Gemeenteweg,binnen bebouwde kom,Weggebruiker tegen hindernis op de rijbaan,"Op de rijbaan: Put, straatgoot, tramspoor"
23233,77,Leuven teller 2,Leuven,50.88672,4.70796,2.185319594369502,50.8733479558792,4.685133235294276,2021,1,19,24062,Leuven,Normaal,Droog,"Nacht, openbare verlichting aanwezig en ontstoken",met lichtgewonden,3,Fiets,11,een weggebruiker tegen een hindernis,Buiten Kruispunt,Gemeenteweg,binnen bebouwde kom,Weggebruiker tegen hindernis op de rijbaan,"Op de rijbaan: Put, straatgoot, tramspoor"
23233,107,leuven totem,Leuven,50.8870744,4.7087919,2.2549255950163327,50.8733479558792,4.685133235294276,2021,1,19,24062,Leuven,Normaal,Droog,"Nacht, openbare verlichting aanwezig en ontstoken",met lichtgewonden,3,Fiets,11,een weggebruiker tegen een hindernis,Buiten Kruispunt,Gemeenteweg,binnen bebouwde kom,Weggebruiker tegen hindernis op de rijbaan,"Op de rijbaan: Put, straatgoot, tramspoor"
23234,151,Leuven,District Leuven,50.8690262,4.6854839,0.8046903524297249,50.86600574803529,4.695903989146645,2021,1,12,24062,Leuven,Normaal,Droog,Dag,met lichtgewonden,99,onbekend,3,Fiets,Buiten Kruispunt,Gewestweg,binnen bebouwde kom,Tussen 2 bestuurders: Frontale botsing,Geen hindernis
23234,69,Leuven teller 1,Leuven,50.87549,4.71526,1.7196003913835234,50.86600574803529,4.695903989146645,2021,1,12,24062,Leuven,Normaal,Droog,Dag,met lichtgewonden,99,onbekend,3,Fiets,Buiten Kruispunt,Gewestweg,binnen bebouwde kom,Tussen 2 bestuurders: Frontale botsing,Geen hindernis
23234,108,Heverlee teller 1,Leuven,50.8471728,4.6954674,2.0943524986012205,50.86600574803529,4.695903989146645,2021,1,12,24062,Leuven,Normaal,Droog,Dag,met lichtgewonden,99,onbekend,3,Fiets,Buiten Kruispunt,Gewestweg,binnen bebouwde kom,Tussen 2 bestuurders: Frontale botsing,Geen hindernis
23234,76,Heverlee teller 2,Leuven,50.84606,4.69597,2.217870829892768,50.86600574803529,4.695903989146645,2021,1,12,24062,Leuven,Normaal,Droog,Dag,met lichtgewonden,99,onbekend,3,Fiets,Buiten Kruispunt,Gewestweg,binnen bebouwde kom,Tussen 2 bestuurders: Frontale botsing,Geen hindernis
23234,77,Leuven teller 2,Leuven,50.88672,4.70796,2.4537350614117117,50.86600574803529,4.695903989146645,2021,1,12,24062,Leuven,Normaal,Droog,Dag,met lichtgewonden,99,onbekend,3,Fiets,Buiten Kruispunt,Gewestweg,binnen bebouwde kom,Tussen 2 bestuurders: Frontale botsing,Geen hindernis
23237,87,Aarschot,Aarschot,50.99084,4.81259,1.882933535310169,50.98714288459153,4.838842423725156,2021,1,8,24001,Aarschot,Normaal,Droog,Dag,met lichtgewonden,9,personenauto,3,Fiets,Op Kruispunt,Gewestweg,binnen bebouwde kom,Tussen 2 bestuurders: Frontale botsing,Geen hindernis
23239,87,Aarschot,Aarschot,50.99084,4.81259,2.312839563520113,50.98667294496752,4.8449633986670495,2021,1,18,24001,Aarschot,Normaal,Droog,"Nacht, geen openbare verlichting aanwezig",met lichtgewonden,3,Fiets,8,Voetganger,Buiten Kruispunt,Gemeenteweg,buiten bebouwde kom,Met een voetganger,Geen hindernis
23240,87,Aarschot,Aarschot,50.99084,4.81259,1.4390192843734952,50.98627033637337,4.831824706410158,2021,1,16,24001,Aarschot,Normaal,"Nat, plassen",Dag,met lichtgewonden,9,personenauto,3,Fiets,Op Kruispunt,Gewestweg,binnen bebouwde kom,Tss. 2 best.: langs opzij (voor-/achterkant-flank),Geen hindernis
23244,101,Diest teller 1,Diest,50.97799,5.04481,0.38205915089929626,50.98056993853156,5.048414302621913,2021,1,9,24020,Diest,Normaal,Droog,Dag,met zwaargewonden,9,personenauto,3,Fiets,Op Kruispunt,Gewestweg,binnen bebouwde kom,Tss. 2 best.: langs opzij (voor-/achterkant-flank),Geen hindernis
23244,102,Diest teller 2,Diest,50.9779,5.04474,0.3928211935090466,50.98056993853156,5.048414302621913,2021,1,9,24020,Diest,Normaal,Droog,Dag,met zwaargewonden,9,personenauto,3,Fiets,Op Kruispunt,Gewestweg,binnen bebouwde kom,Tss. 2 best.: langs opzij (voor-/achterkant-flank),Geen hindernis
23245,147,Overijse,District Vilvoorde-gewestwegen,50.7797555,4.4975769,2.115616117984385,50.76675101397707,4.519538157633128,2021,1,15,23062,Overijse,Normaal,"Nat, plassen",Dag,met lichtgewonden,9,personenauto,3,Fiets,Buiten Kruispunt,Gemeenteweg,buiten bebouwde kom,Tss. 2 best.: langs opzij (voor-/achterkant-flank),Geen hindernis
23252,80,Wemmel teller 1,Wemmel,50.91418,4.29571,2.027174333581841,50.89926576518198,4.312336899209917,2021,1,17,23102,Wemmel,Normaal,Droog,Dageraad - schemering,met lichtgewonden,9,personenauto,3,Fiets,Op Kruispunt,Gemeenteweg,binnen bebouwde kom,Tss. 2 best.: langs opzij (voor-/achterkant-flank),Geen hindernis
23252,81,Wemmel teller 2,Wemmel,50.91439,4.29568,2.04751895651546,50.89926576518198,4.312336899209917,2021,1,17,23102,Wemmel,Normaal,Droog,Dageraad - schemering,met lichtgewonden,9,personenauto,3,Fiets,Op Kruispunt,Gemeenteweg,binnen bebouwde kom,Tss. 2 best.: langs opzij (voor-/achterkant-flank),Geen hindernis
23253,27,Grimbergen,Meise,50.92127,4.34013,1.8005952095256554,50.936041473691304,4.329603277033733,2021,1,8,23050,Meise,Regenval,"Nat, plassen",Dageraad - schemering,met lichtgewonden,5,Lichte vrachtauto,3,Fiets,Op Kruispunt,Gewestweg,binnen bebouwde kom,Tussen 2 bestuurders: Frontale botsing,Geen hindernis
23255,27,Grimbergen,Meise,50.92127,4.34013,1.313621545663767,50.910014635047744,4.34582239713569,2021,1,10,23025,Grimbergen,Normaal,Onbekend,Dag,met lichtgewonden,9,personenauto,3,Fiets,Buiten Kruispunt,Gemeenteweg,binnen bebouwde kom,Tss. 2 best.: langs opzij (voor-/achterkant-flank),Geen hindernis
23256,1,Machelen,Machelen,50.91618331151478,4.456121776137429,1.9971241545657685,50.927866124889206,4.434481369287473,2021,1,15,23088,Vilvoorde,Normaal,Droog,Dag,met lichtgewonden,9,personenauto,3,Fiets,Op Kruispunt,Gewestweg,binnen bebouwde kom,Tss. 2 best.: langs opzij (voor-/achterkant-flank),Geen hindernis
23256,47,Vilvoorde,Vilvoorde,50.91372,4.41497,2.0844206645873338,50.927866124889206,4.434481369287473,2021,1,15,23088,Vilvoorde,Normaal,Droog,Dag,met lichtgewonden,9,personenauto,3,Fiets,Op Kruispunt,Gewestweg,binnen bebouwde kom,Tss. 2 best.: langs opzij (voor-/achterkant-flank),Geen hindernis
23257,109,Zemst,Zemst,50.9903936,4.4707023,0.7288007174306242,50.985025251707164,4.464728846868126,2021,1,7,23096,Zemst,Normaal,"Nat, plassen","Nacht, openbare verlichting aanwezig en ontstoken",met lichtgewonden,9,personenauto,3,Fiets,Buiten Kruispunt,Gewestweg,binnen bebouwde kom,Tss. 2 best.: langs opzij (voor-/achterkant-flank),Geen hindernis
23260,7,Evergem 1,Evergem,51.1089,3.70317,1.6476163826490438,51.110973198764064,3.7265388427014607,2021,1,14,44019,Evergem,Normaal,"Nat, plassen",Dag,met lichtgewonden,9,personenauto,3,Fiets,Op Kruispunt,Gemeenteweg,binnen bebouwde kom,Tss. 2 best.: langs opzij (voor-/achterkant-flank),Geen hindernis
23260,6,Evergem 2,Evergem,51.10894,3.70298,1.6601388287930845,51.110973198764064,3.7265388427014607,2021,1,14,44019,Evergem,Normaal,"Nat, plassen",Dag,met lichtgewonden,9,personenauto,3,Fiets,Op Kruispunt,Gemeenteweg,binnen bebouwde kom,Tss. 2 best.: langs opzij (voor-/achterkant-flank),Geen hindernis
23264,13,Gent,Gent,51.03018,3.70146,2.495150260063238,51.01821801840564,3.6712764313852384,2021,1,11,44021,Gent,Normaal,"Nat, plassen",Dag,met lichtgewonden,5,Lichte vrachtauto,3,Fiets,Op Kruispunt,Gewestweg,buiten bebouwde kom,Tss. 2 best.: langs opzij (voor-/achterkant-flank),Geen hindernis
23265,118,Gent teller 1,Gent,51.028049,3.7681359,2.098690813027413,51.034212409634485,3.7397699849414523,2021,1,12,44021,Gent,Normaal,"Nat, plassen",Dag,met lichtgewonden,3,Fiets,3,Fiets,Buiten Kruispunt,Gewestweg,binnen bebouwde kom,Tussen 2 bestuurders: Flank tegen flank,Geen hindernis
23265,119,Gent teller 2,Gent,51.0281795,3.7683918,2.1109542302264157,51.034212409634485,3.7397699849414523,2021,1,12,44021,Gent,Normaal,"Nat, plassen",Dag,met lichtgewonden,3,Fiets,3,Fiets,Buiten Kruispunt,Gewestweg,binnen bebouwde kom,Tussen 2 bestuurders: Flank tegen flank,Geen hindernis
23266,13,Gent,Gent,51.03018,3.70146,1.8144757575276125,51.04208142126025,3.7192134227103457,2021,1,16,44021,Gent,Normaal,"Nat, plassen",Dageraad - schemering,met lichtgewonden,9,personenauto,3,Fiets,Op Kruispunt,Gewestweg,binnen bebouwde kom,Tss. 2 best.: langs opzij (voor-/achterkant-flank),Geen hindernis
23269,13,Gent,Gent,51.03018,3.70146,1.3167397361976616,51.03128696504325,3.720206712355382,2021,1,10,44021,Gent,Normaal,Droog,Dag,met lichtgewonden,3,Fiets,9,personenauto,Buiten Kruispunt,Gewestweg,binnen bebouwde kom,Tss. 2 best.: langs opzij (voor-/achterkant-flank),Geen hindernis
23270,13,Gent,Gent,51.03018,3.70146,1.8736419112729812,51.02531973468721,3.727112358375339,2021,1,7,44021,Gent,Regenval,"Nat, plassen",Dageraad - schemering,met lichtgewonden,9,personenauto,3,Fiets,Buiten Kruispunt,Gemeenteweg,binnen bebouwde kom,Tss. 2 best.: langs opzij (voor-/achterkant-flank),Geen hindernis
23273,13,Gent,Gent,51.03018,3.70146,2.29730169554336,51.046161678456926,3.72228213633745,2021,1,17,44021,Gent,Normaal,Droog,Dageraad - schemering,met lichtgewonden,3,Fiets,9,personenauto,Op Kruispunt,Gemeenteweg,binnen bebouwde kom,Tss. 2 best.: langs opzij (voor-/achterkant-flank),Geen hindernis
23274,13,Gent,Gent,51.03018,3.70146,1.6076229405470395,51.044618972629216,3.7002901073628967,2021,1,14,44021,Gent,Normaal,"Nat, plassen",Dag,met lichtgewonden,3,Fiets,9,personenauto,Op Kruispunt,Gemeenteweg,binnen bebouwde kom,Tss. 2 best.: langs opzij (voor-/achterkant-flank),Geen hindernis
23275,136,Gent R4,Gent,51.0876313,3.7587918,1.687778171550747,51.07456366601566,3.746500319747684,2021,1,8,44021,Gent,Onbekend,Droog,Dag,met lichtgewonden,9,personenauto,3,Fiets,Buiten Kruispunt,Gemeenteweg,binnen bebouwde kom,Tss. 2 best.: langs opzij (voor-/achterkant-flank),Geen hindernis
23276,136,Gent R4,Gent,51.0876313,3.7587918,2.095128105263835,51.079694508775525,3.731588394604601,2021,1,15,44021,Gent,Regenval,"Nat, plassen",Dag,met lichtgewonden,5,Lichte vrachtauto,3,Fiets,Buiten Kruispunt,Gewestweg,binnen bebouwde kom,Tussen 2 bestuurders: Flank tegen flank,Geen hindernis
23280,118,Gent teller 1,Gent,51.028049,3.7681359,0.555378886405641,51.03048443430163,3.7612024126637578,2021,1,19,44021,Gent,Normaal,Droog,"Nacht, openbare verlichting aanwezig en ontstoken",met lichtgewonden,3,Fiets,9,personenauto,Buiten Kruispunt,Gemeenteweg,binnen bebouwde kom,Tss. 2 best.: langs opzij (voor-/achterkant-flank),Geen hindernis