crash_row_id,site_id,site_name,site_gemeente,site_lat,site_long,distance_km,crash_lat,crash_long,DT_YEAR_COLLISION,DT_MONTH_COLLISION,DT_TIME,CD_NIS,TX_MUNTY_COLLISION_NL,TX_WEATHER_NL,TX_ROAD_CONDITION_NL,TX_LIGHT_CONDITION_NL,TX_CLASS_ACCIDENTS_NL,CD_ROAD_USR_TYPE1,TX_ROAD_USR_TYPE1_NL,CD_ROAD_USR_TYPE2,TX_ROAD_USR_TYPE2_NL,TX_CROSSWAY_NL,CD_ROAD_TYPE_NL,TX_BUILD_UP_AREA_NL,TX_COLLISION_TYPE_NL,TX_OBSTACLES_NL
23280,119,Gent teller 2,Gent,51.0281795,3.7683918,0.5643325100088172,51.03048443430163,3.7612024126637578,2021,1,19,44021,Gent,Normaal,Droog,"Nacht, openbare verlichting aanwezig en ontstoken",met lichtgewonden,3,Fiets,9,personenauto,Buiten Kruispunt,Gemeenteweg,binnen bebouwde kom,Tss. 2 best.: langs opzij (voor-/achterkant-flank),Geen hindernis
23283,136,Gent R4,Gent,51.0876313,3.7587918,2.3236182452407865,51.066735595145175,3.758451141858388,2021,1,12,44021,Gent,Normaal,Droog,Dag,met zwaargewonden,3,Fiets,8,Voetganger,Buiten Kruispunt,Gewestweg,binnen bebouwde kom,Met een voetganger,Geen hindernis
23285,13,Gent,Gent,51.03018,3.70146,2.1460562122944213,51.04803649355565,3.713106971201539,2021,1,23,44021,Gent,Normaal,"Nat, plassen","Nacht, openbare verlichting aanwezig en ontstoken",met lichtgewonden,3,Fiets,10,"één bestuurder, geen hindernis",Buiten Kruispunt,Gemeenteweg,binnen bebouwde kom,"Eén bestuurder, geen hindernis (incl. val)",Geen hindernis
23287,118,Gent teller 1,Gent,51.028049,3.7681359,2.274084258093609,51.037197820312244,3.739050959693788,2021,1,13,44021,Gent,Onbekend,"Nat, plassen",Dag,met lichtgewonden,3,Fiets,9,personenauto,Op Kruispunt,Gewestweg,binnen bebouwde kom,Tussen 2 bestuurders: Flank tegen flank,Geen hindernis
23287,119,Gent teller 2,Gent,51.0281795,3.7683918,2.2836908685265467,51.037197820312244,3.739050959693788,2021,1,13,44021,Gent,Onbekend,"Nat, plassen",Dag,met lichtgewonden,3,Fiets,9,personenauto,Op Kruispunt,Gewestweg,binnen bebouwde kom,Tussen 2 bestuurders: Flank tegen flank,Geen hindernis
23295,116,Melle teller 2,Melle,50.9986113,3.8040599,0.25686432704558154,50.99639089897974,3.803047354416248,2021,1,7,44040,Melle,Normaal,Droog,Dageraad - schemering,met lichtgewonden,3,Fiets,11,een weggebruiker tegen een hindernis,Buiten Kruispunt,Gewestweg,binnen bebouwde kom,Weggebruiker tegen hindernis buiten rijbaan,Buiten de rijbaan: Andere paal
23295,117,Melle teller 1,Melle,50.9986113,3.8040599,0.25686432704558154,50.99639089897974,3.803047354416248,2021,1,7,44040,Melle,Normaal,Droog,Dageraad - schemering,met lichtgewonden,3,Fiets,11,een weggebruiker tegen een hindernis,Buiten Kruispunt,Gewestweg,binnen bebouwde kom,Weggebruiker tegen hindernis buiten rijbaan,Buiten de rijbaan: Andere paal
23299,119,Gent teller 2,Gent,51.0281795,3.7683918,0.0886862352417232,51.02892784212395,3.7688304457471107,2021,1,22,44021,Gent,Regenval,"Nat, plassen","Nacht, openbare verlichting aanwezig en ontstoken",met lichtgewonden,3,Fiets,10,"één bestuurder, geen hindernis",Op Kruispunt,Gemeenteweg,binnen bebouwde kom,"Eén bestuurder, geen hindernis (incl. val)",Geen hindernis
23299,118,Gent teller 1,Gent,51.028049,3.7681359,0.10912852365509901,51.02892784212395,3.7688304457471107,2021,1,22,44021,Gent,Regenval,"Nat, plassen","Nacht, openbare verlichting aanwezig en ontstoken",met lichtgewonden,3,Fiets,10,"één bestuurder, geen hindernis",Op Kruispunt,Gemeenteweg,binnen bebouwde kom,"Eén bestuurder, geen hindernis (incl. val)",Geen hindernis
23300,118,Gent teller 1,Gent,51.028049,3.7681359,1.3183183546276476,51.02095485870482,3.7530334411192756,2021,1,8,44043,Merelbeke,Normaal,"Nat, plassen",Dageraad - schemering,met lichtgewonden,3,Fiets,9,personenauto,Op Kruispunt,Gewestweg,binnen bebouwde kom,Tss. 2 best.: langs opzij (voor-/achterkant-flank),Geen hindernis
23300,119,Gent teller 2,Gent,51.0281795,3.7683918,1.3413403652228904,51.02095485870482,3.7530334411192756,2021,1,8,44043,Merelbeke,Normaal,"Nat, plassen",Dageraad - schemering,met lichtgewonden,3,Fiets,9,personenauto,Op Kruispunt,Gewestweg,binnen bebouwde kom,Tss. 2 best.: langs opzij (voor-/achterkant-flank),Geen hindernis
23304,114,Deinze teller 1,Nazareth,50.9598305,3.555502,1.3118999669515625,50.949452023160426,3.5644094626988774,2021,1,11,44048,Nazareth,Normaal,Droog,Dag,met lichtgewonden,3,Fiets,10,"één bestuurder, geen hindernis",Buiten Kruispunt,Gemeenteweg,binnen bebouwde kom,"Eén bestuurder, geen hindernis (incl. val)",Geen hindernis
23304,113,Deinze teller 2,Deinze,50.96018,3.55578,1.337298288587916,50.949452023160426,3.5644094626988774,2021,1,11,44048,Nazareth,Normaal,Droog,Dag,met lichtgewonden,3,Fiets,10,"één bestuurder, geen hindernis",Buiten Kruispunt,Gemeenteweg,binnen bebouwde kom,"Eén bestuurder, geen hindernis (incl. val)",Geen hindernis
23308,7,Evergem 1,Evergem,51.1089,3.70317,1.6476163826490438,51.110973198764064,3.7265388427014607,2021,1,19,44019,Evergem,Normaal,Droog,"Nacht, openbare verlichting aanwezig en ontstoken",met lichtgewonden,9,personenauto,3,Fiets,Op Kruispunt,Gemeenteweg,buiten bebouwde kom,Tss. 2 best.: langs opzij (voor-/achterkant-flank),Geen hindernis
23308,6,Evergem 2,Evergem,51.10894,3.70298,1.6601388287930845,51.110973198764064,3.7265388427014607,2021,1,19,44019,Evergem,Normaal,Droog,"Nacht, openbare verlichting aanwezig en ontstoken",met lichtgewonden,9,personenauto,3,Fiets,Op Kruispunt,Gemeenteweg,buiten bebouwde kom,Tss. 2 best.: langs opzij (voor-/achterkant-flank),Geen hindernis
23309,6,Evergem 2,Evergem,51.10894,3.70298,2.1526249104801125,51.120768658229224,3.678567909987737,2021,1,7,44019,Evergem,Normaal,"Nat, plassen","Nacht, openbare verlichting aanwezig en ontstoken",met lichtgewonden,3,Fiets,9,personenauto,Op Kruispunt,Gewestweg,buiten bebouwde kom,Tss. 2 best.: langs opzij (voor-/achterkant-flank),Geen hindernis
23309,7,Evergem 1,Evergem,51.1089,3.70317,2.165847050118117,51.120768658229224,3.678567909987737,2021,1,7,44019,Evergem,Normaal,"Nat, plassen","Nacht, openbare verlichting aanwezig en ontstoken",met lichtgewonden,3,Fiets,9,personenauto,Op Kruispunt,Gewestweg,buiten bebouwde kom,Tss. 2 best.: langs opzij (voor-/achterkant-flank),Geen hindernis
23310,115,Aalter,Aalter,51.1058367,3.4350591,1.482255917532753,51.095525997544215,3.448513847287777,2021,1,15,44084,Aalter,Normaal,Droog,Dag,met lichtgewonden,9,personenauto,3,Fiets,Buiten Kruispunt,Gemeenteweg,binnen bebouwde kom,Tussen 2 bestuurders: Langs achteren,Geen hindernis
23330,128,Lokeren teller 1,Lokeren,51.09644,3.97023,1.0755016082712314,51.10513813267658,3.976966442722763,2021,1,7,46014,Lokeren,Regenval,"Nat, plassen",Dageraad - schemering,met lichtgewonden,3,Fiets,9,personenauto,Op Kruispunt,Gemeenteweg,binnen bebouwde kom,Tss. 2 best.: langs opzij (voor-/achterkant-flank),Geen hindernis
23330,129,Lokeren teller 2,Lokeren,51.09612,3.97025,1.1070181773203465,51.10513813267658,3.976966442722763,2021,1,7,46014,Lokeren,Regenval,"Nat, plassen",Dageraad - schemering,met lichtgewonden,3,Fiets,9,personenauto,Op Kruispunt,Gemeenteweg,binnen bebouwde kom,Tss. 2 best.: langs opzij (voor-/achterkant-flank),Geen hindernis
23332,128,Lokeren teller 1,Lokeren,51.09644,3.97023,1.6274285344842596,51.105174962608935,3.9889311156687834,2021,1,19,46014,Lokeren,Normaal,"Nat, plassen","Nacht, openbare verlichting aanwezig en ontstoken",met lichtgewonden,9,personenauto,3,Fiets,Op Kruispunt,Gemeenteweg,binnen bebouwde kom,Tussen 2 bestuurders: Langs achteren,Geen hindernis
23332,129,Lokeren teller 2,Lokeren,51.09612,3.97025,1.6478099087842812,51.105174962608935,3.9889311156687834,2021,1,19,46014,Lokeren,Normaal,"Nat, plassen","Nacht, openbare verlichting aanwezig en ontstoken",met lichtgewonden,9,personenauto,3,Fiets,Op Kruispunt,Gemeenteweg,binnen bebouwde kom,Tussen 2 bestuurders: Langs achteren,Geen hindernis
23332,141,Test site A support,Lokeren,51.08342085,3.9961071208376326,2.4703120004809165,51.105174962608935,3.9889311156687834,2021,1,19,46014,Lokeren,Normaal,"Nat, plassen","Nacht, openbare verlichting aanwezig en ontstoken",met lichtgewonden,9,personenauto,3,Fiets,Op Kruispunt,Gemeenteweg,binnen bebouwde kom,Tussen 2 bestuurders: Langs achteren,Geen hindernis
23333,128,Lokeren teller 1,Lokeren,51.09644,3.97023,1.4646683622770427,51.10930131560011,3.9657002604007725,2021,1,9,46014,Lokeren,Normaal,Droog,Dag,met lichtgewonden,3,Fiets,9,personenauto,Buiten Kruispunt,Gewestweg,buiten bebouwde kom,Tss. 2 best.: langs opzij (voor-/achterkant-flank),Geen hindernis
23333,129,Lokeren teller 2,Lokeren,51.09612,3.97025,1.49972635031219,51.10930131560011,3.9657002604007725,2021,1,9,46014,Lokeren,Normaal,Droog,Dag,met lichtgewonden,3,Fiets,9,personenauto,Buiten Kruispunt,Gewestweg,buiten bebouwde kom,Tss. 2 best.: langs opzij (voor-/achterkant-flank),Geen hindernis
23334,141,Test site A support,Lokeren,51.08342085,3.9961071208376326,1.672182327960336,51.09470297700759,4.011937169014898,2021,1,7,46014,Lokeren,Sneeuwval,"Nat, plassen","Nacht, openbare verlichting aanwezig en ontstoken",met zwaargewonden,9,personenauto,3,Fiets,Op Kruispunt,Gewestweg,buiten bebouwde kom,Tussen 2 bestuurders: Frontale botsing,Geen hindernis
23335,141,Test site A support,Lokeren,51.08342085,3.9961071208376326,1.67363535293914,51.09641356882054,4.008204258402136,2021,1,17,46014,Lokeren,Normaal,"Nat, plassen","Nacht, openbare verlichting aanwezig en ontstoken",met lichtgewonden,3,Fiets,9,personenauto,Op Kruispunt,Gewestweg,buiten bebouwde kom,Tss. 2 best.: langs opzij (voor-/achterkant-flank),Geen hindernis
23338,126,Hamme totem,Hamme,51.1017709,4.1469307,0.864570136050989,51.094458549700505,4.142722372955345,2021,1,14,42008,Hamme,Normaal,Proper,Dag,met lichtgewonden,9,personenauto,3,Fiets,Op Kruispunt,Gewestweg,binnen bebouwde kom,Tss. 2 best.: langs opzij (voor-/achterkant-flank),Geen hindernis
23339,120,Zele teller 1,Zele,51.0607671,4.0547741,1.3629363839570705,51.06673480789475,4.037738195229961,2021,1,7,42028,Zele,Normaal,Onbekend,Dageraad - schemering,met lichtgewonden,9,personenauto,3,Fiets,Op Kruispunt,Gemeenteweg,binnen bebouwde kom,Tss. 2 best.: langs opzij (voor-/achterkant-flank),Geen hindernis
23339,121,Zele teller 2,Zele,51.0604067,4.0556696,1.4371196600743836,51.06673480789475,4.037738195229961,2021,1,7,42028,Zele,Normaal,Onbekend,Dageraad - schemering,met lichtgewonden,9,personenauto,3,Fiets,Op Kruispunt,Gemeenteweg,binnen bebouwde kom,Tss. 2 best.: langs opzij (voor-/achterkant-flank),Geen hindernis
23340,120,Zele teller 1,Zele,51.0607671,4.0547741,1.4770582379832613,51.0674147181212,4.036474393568839,2021,1,5,42028,Zele,Onbekend,"Nat, plassen","Nacht, openbare verlichting aanwezig en ontstoken",met lichtgewonden,3,Fiets,2,Andere weggebruiker,Op Kruispunt,Gewestweg,binnen bebouwde kom,Tussen 2 bestuurders: Langs achteren,Geen hindernis
23340,121,Zele teller 2,Zele,51.0604067,4.0556696,1.551299638847872,51.0674147181212,4.036474393568839,2021,1,5,42028,Zele,Onbekend,"Nat, plassen","Nacht, openbare verlichting aanwezig en ontstoken",met lichtgewonden,3,Fiets,2,Andere weggebruiker,Op Kruispunt,Gewestweg,binnen bebouwde kom,Tussen 2 bestuurders: Langs achteren,Geen hindernis
23341,120,Zele teller 1,Zele,51.0607671,4.0547741,1.5762866999220275,51.066244241214676,4.033969165062018,2021,1,7,42028,Zele,Normaal,Droog,"Nacht, openbare verlichting aanwezig en ontstoken",met zwaargewonden,3,Fiets,9,personenauto,Buiten Kruispunt,Gewestweg,binnen bebouwde kom,Tss. 2 best.: langs opzij (voor-/achterkant-flank),Geen hindernis
23341,121,Zele teller 2,Zele,51.0604067,4.0556696,1.649544487884338,51.066244241214676,4.033969165062018,2021,1,7,42028,Zele,Normaal,Droog,"Nacht, openbare verlichting aanwezig en ontstoken",met zwaargewonden,3,Fiets,9,personenauto,Buiten Kruispunt,Gewestweg,binnen bebouwde kom,Tss. 2 best.: langs opzij (voor-/achterkant-flank),Geen hindernis
23357,19,Aalst 1,Aalst,50.93433,4.01471,2.1000813984015188,50.92844209184485,3.9862368071784267,2021,1,15,41082,Erpe-Mere,Normaal,Droog,Dag,met lichtgewonden,3,Fiets,9,personenauto,Op Kruispunt,Gemeenteweg,binnen bebouwde kom,Tussen 2 bestuurders: Flank tegen flank,Geen hindernis
23357,11,Aalst 3,Aalst,50.93385,4.01647,2.202453279029847,50.92844209184485,3.9862368071784267,2021,1,15,41082,Erpe-Mere,Normaal,Droog,Dag,met lichtgewonden,3,Fiets,9,personenauto,Op Kruispunt,Gemeenteweg,binnen bebouwde kom,Tussen 2 bestuurders: Flank tegen flank,Geen hindernis
23357,10,Aalst 2,Aalst,50.93549,4.01571,2.2091538689287575,50.92844209184485,3.9862368071784267,2021,1,15,41082,Erpe-Mere,Normaal,Droog,Dag,met lichtgewonden,3,Fiets,9,personenauto,Op Kruispunt,Gemeenteweg,binnen bebouwde kom,Tussen 2 bestuurders: Flank tegen flank,Geen hindernis
23358,122,Dendermonde teller 2,Dendermonde,51.0373918,4.1019222,0.9873653378470578,51.02955213807384,4.095291616850258,2021,1,8,42006,Dendermonde,Normaal,"Ijzel, sneeuw",Dag,met lichtgewonden,3,Fiets,10,"één bestuurder, geen hindernis",Buiten Kruispunt,Gemeenteweg,binnen bebouwde kom,"Eén bestuurder, geen hindernis (incl. val)",Geen hindernis
23358,125,Dendermonde totem,Dendermonde,51.0372706,4.1025998,0.9988791339099415,51.02955213807384,4.095291616850258,2021,1,8,42006,Dendermonde,Normaal,"Ijzel, sneeuw",Dag,met lichtgewonden,3,Fiets,10,"één bestuurder, geen hindernis",Buiten Kruispunt,Gemeenteweg,binnen bebouwde kom,"Eén bestuurder, geen hindernis (incl. val)",Geen hindernis
23361,142,TEST Validatie BRUGGE Y2H22022134,Brugge,51.22632,3.24095,1.627233020686837,51.21168798801027,3.241340693774431,2021,1,20,31005,Brugge,Normaal,Droog,"Nacht, openbare verlichting aanwezig en ontstoken",met lichtgewonden,9,personenauto,3,Fiets,Op Kruispunt,Gewestweg,binnen bebouwde kom,Tss. 2 best.: langs opzij (voor-/achterkant-flank),Geen hindernis
23361,52,Brugge,Brugge,51.22632,3.24095,1.627233020686837,51.21168798801027,3.241340693774431,2021,1,20,31005,Brugge,Normaal,Droog,"Nacht, openbare verlichting aanwezig en ontstoken",met lichtgewonden,9,personenauto,3,Fiets,Op Kruispunt,Gewestweg,binnen bebouwde kom,Tss. 2 best.: langs opzij (voor-/achterkant-flank),Geen hindernis
23361,54,Brugge teller 2,Brugge,51.23015,3.22818,2.248199628866181,51.21168798801027,3.241340693774431,2021,1,20,31005,Brugge,Normaal,Droog,"Nacht, openbare verlichting aanwezig en ontstoken",met lichtgewonden,9,personenauto,3,Fiets,Op Kruispunt,Gewestweg,binnen bebouwde kom,Tss. 2 best.: langs opzij (voor-/achterkant-flank),Geen hindernis
23361,53,Brugge teller 1,Brugge,51.23023,3.228,2.2614462569545806,51.21168798801027,3.241340693774431,2021,1,20,31005,Brugge,Normaal,Droog,"Nacht, openbare verlichting aanwezig en ontstoken",met lichtgewonden,9,personenauto,3,Fiets,Op Kruispunt,Gewestweg,binnen bebouwde kom,Tss. 2 best.: langs opzij (voor-/achterkant-flank),Geen hindernis
23362,142,TEST Validatie BRUGGE Y2H22022134,Brugge,51.22632,3.24095,0.5361349756029339,51.225028607941184,3.233532218857582,2021,1,8,31005,Brugge,Normaal,Droog,Dageraad - schemering,met lichtgewonden,3,Fiets,9,personenauto,Buiten Kruispunt,Gemeenteweg,binnen bebouwde kom,Tss. 2 best.: langs opzij (voor-/achterkant-flank),Geen hindernis
23362,52,Brugge,Brugge,51.22632,3.24095,0.5361349756029339,51.225028607941184,3.233532218857582,2021,1,8,31005,Brugge,Normaal,Droog,Dageraad - schemering,met lichtgewonden,3,Fiets,9,personenauto,Buiten Kruispunt,Gemeenteweg,binnen bebouwde kom,Tss. 2 best.: langs opzij (voor-/achterkant-flank),Geen hindernis
23362,54,Brugge teller 2,Brugge,51.23015,3.22818,0.6805877009369375,51.225028607941184,3.233532218857582,2021,1,8,31005,Brugge,Normaal,Droog,Dageraad - schemering,met lichtgewonden,3,Fiets,9,personenauto,Buiten Kruispunt,Gemeenteweg,binnen bebouwde kom,Tss. 2 best.: langs opzij (voor-/achterkant-flank),Geen hindernis
23362,53,Brugge teller 1,Brugge,51.23023,3.228,0.6949171760359907,51.225028607941184,3.233532218857582,2021,1,8,31005,Brugge,Normaal,Droog,Dageraad - schemering,met lichtgewonden,3,Fiets,9,personenauto,Buiten Kruispunt,Gemeenteweg,binnen bebouwde kom,Tss. 2 best.: langs opzij (voor-/achterkant-flank),Geen hindernis
23374,15,Oostende 2,Oostende,51.21371,2.92743,1.0602940049727445,51.21231369786451,2.912372108412045,2021,1,14,35013,Oostende,Normaal,Droog,Dag,met lichtgewonden,9,personenauto,3,Fiets,Op Kruispunt,Gemeenteweg,binnen bebouwde kom,Tss. 2 best.: langs opzij (voor-/achterkant-flank),Geen hindernis
23374,18,Oostende 1,Oostende,51.21378,2.92765,1.0766058303114996,51.21231369786451,2.912372108412045,2021,1,14,35013,Oostende,Normaal,Droog,Dag,met lichtgewonden,9,personenauto,3,Fiets,Op Kruispunt,Gemeenteweg,binnen bebouwde kom,Tss. 2 best.: langs opzij (voor-/achterkant-flank),Geen hindernis
23375,15,Oostende 2,Oostende,51.21371,2.92743,1.189495403277712,51.216417761600404,2.9109085507687533,2021,1,7,35013,Oostende,Normaal,Droog,"Nacht, openbare verlichting aanwezig en ontstoken",met lichtgewonden,9,personenauto,3,Fiets,Op Kruispunt,Gemeenteweg,binnen bebouwde kom,Tss. 2 best.: langs opzij (voor-/achterkant-flank),Geen hindernis
23375,18,Oostende 1,Oostende,51.21378,2.92765,1.202402943509827,51.216417761600404,2.9109085507687533,2021,1,7,35013,Oostende,Normaal,Droog,"Nacht, openbare verlichting aanwezig en ontstoken",met lichtgewonden,9,personenauto,3,Fiets,Op Kruispunt,Gemeenteweg,binnen bebouwde kom,Tss. 2 best.: langs opzij (voor-/achterkant-flank),Geen hindernis
23376,15,Oostende 2,Oostende,51.21371,2.92743,1.559827081872082,51.21798389743781,2.9060998742732025,2021,1,17,35013,Oostende,Normaal,Droog,Onbekend,met lichtgewonden,9,personenauto,3,Fiets,Op Kruispunt,Gemeenteweg,binnen bebouwde kom,Tussen 2 bestuurders: Flank tegen flank,Geen hindernis
23376,18,Oostende 1,Oostende,51.21378,2.92765,1.57209571565976,51.21798389743781,2.9060998742732025,2021,1,17,35013,Oostende,Normaal,Droog,Onbekend,met lichtgewonden,9,personenauto,3,Fiets,Op Kruispunt,Gemeenteweg,binnen bebouwde kom,Tussen 2 bestuurders: Flank tegen flank,Geen hindernis
23378,55,Torhout teller 1,Torhout,51.07161,3.08261,1.358045069617226,51.06562073918887,3.099548253647536,2021,1,16,31033,Torhout,Normaal,Droog,Dag,met zwaargewonden,3,Fiets,11,een weggebruiker tegen een hindernis,Buiten Kruispunt,Gewestweg,binnen bebouwde kom,Weggebruiker tegen hindernis buiten rijbaan,Buiten de rijbaan: Boom
23378,56,Torhout teller 2,Torhout,51.07147,3.08244,1.3609028983157847,51.06562073918887,3.099548253647536,2021,1,16,31033,Torhout,Normaal,Droog,Dag,met zwaargewonden,3,Fiets,11,een weggebruiker tegen een hindernis,Buiten Kruispunt,Gewestweg,binnen bebouwde kom,Weggebruiker tegen hindernis buiten rijbaan,Buiten de rijbaan: Boom
23384,84,Roeselare totem,Izegem,50.91717,3.18772,1.8628940795198716,50.90061265041782,3.1917728715744467,2021,1,17,36008,Izegem,Sneeuwval,"Ijzel, sneeuw",Dageraad - schemering,met lichtgewonden,9,personenauto,3,Fiets,Buiten Kruispunt,Gemeenteweg,binnen bebouwde kom,Tussen 2 bestuurders: Flank tegen flank,Geen hindernis
23386,143,Eco Display Classic Budastraat,Kortrijk,50.83066,3.26286,0.33645240963122164,50.82802809108415,3.2652234023460256,2021,1,8,34022,Kortrijk,Normaal,Onbekend,"Nacht, openbare verlichting aanwezig en ontstoken",met lichtgewonden,9,personenauto,3,Fiets,Op Kruispunt,Gemeenteweg,binnen bebouwde kom,Tss. 2 best.: langs opzij (voor-/achterkant-flank),Geen hindernis
23386,16,Kortrijk 1,Kortrijk,50.83332,3.27777,1.0595876414406442,50.82802809108415,3.2652234023460256,2021,1,8,34022,Kortrijk,Normaal,Onbekend,"Nacht, openbare verlichting aanwezig en ontstoken",met lichtgewonden,9,personenauto,3,Fiets,Op Kruispunt,Gemeenteweg,binnen bebouwde kom,Tss. 2 best.: langs opzij (voor-/achterkant-flank),Geen hindernis
23386,17,Kortrijk 2,Kortrijk,50.83339,3.27773,1.0616038049322307,50.82802809108415,3.2652234023460256,2021,1,8,34022,Kortrijk,Normaal,Onbekend,"Nacht, openbare verlichting aanwezig en ontstoken",met lichtgewonden,9,personenauto,3,Fiets,Op Kruispunt,Gemeenteweg,binnen bebouwde kom,Tss. 2 best.: langs opzij (voor-/achterkant-flank),Geen hindernis
23386,75,Kortrijk teller 2,Kortrijk,50.81925,3.25731,1.1232592058495257,50.82802809108415,3.2652234023460256,2021,1,8,34022,Kortrijk,Normaal,Onbekend,"Nacht, openbare verlichting aanwezig en ontstoken",met lichtgewonden,9,personenauto,3,Fiets,Op Kruispunt,Gemeenteweg,binnen bebouwde kom,Tss. 2 best.: langs opzij (voor-/achterkant-flank),Geen hindernis
23386,74,Kortrijk teller 1,Kortrijk,50.81909,3.25728,1.1397838430116756,50.82802809108415,3.2652234023460256,2021,1,8,34022,Kortrijk,Normaal,Onbekend,"Nacht, openbare verlichting aanwezig en ontstoken",met lichtgewonden,9,personenauto,3,Fiets,Op Kruispunt,Gemeenteweg,binnen bebouwde kom,Tss. 2 best.: langs opzij (voor-/achterkant-flank),Geen hindernis
23387,16,Kortrijk 1,Kortrijk,50.83332,3.27777,0.8284086333936673,50.82589012743452,3.278637672235,2021,1,8,34022,Kortrijk,Normaal,Droog,Dag,met lichtgewonden,9,personenauto,3,Fiets,Op Kruispunt,Gemeenteweg,binnen bebouwde kom,Tss. 2 best.: langs opzij (voor-/achterkant-flank),Geen hindernis
23387,17,Kortrijk 2,Kortrijk,50.83339,3.27773,0.8363808201781493,50.82589012743452,3.278637672235,2021,1,8,34022,Kortrijk,Normaal,Droog,Dag,met lichtgewonden,9,personenauto,3,Fiets,Op Kruispunt,Gemeenteweg,binnen bebouwde kom,Tss. 2 best.: langs opzij (voor-/achterkant-flank),Geen hindernis
23387,143,Eco Display Classic Budastraat,Kortrijk,50.83066,3.26286,1.228546282284429,50.82589012743452,3.278637672235,2021,1,8,34022,Kortrijk,Normaal,Droog,Dag,met lichtgewonden,9,personenauto,3,Fiets,Op Kruispunt,Gemeenteweg,binnen bebouwde kom,Tss. 2 best.: langs opzij (voor-/achterkant-flank),Geen hindernis
23387,75,Kortrijk teller 2,Kortrijk,50.81925,3.25731,1.6702146664777815,50.82589012743452,3.278637672235,2021,1,8,34022,Kortrijk,Normaal,Droog,Dag,met lichtgewonden,9,personenauto,3,Fiets,Op Kruispunt,Gemeenteweg,binnen bebouwde kom,Tss. 2 best.: langs opzij (voor-/achterkant-flank),Geen hindernis
23387,74,Kortrijk teller 1,Kortrijk,50.81909,3.25728,1.680039321091266,50.82589012743452,3.278637672235,2021,1,8,34022,Kortrijk,Normaal,Droog,Dag,met lichtgewonden,9,personenauto,3,Fiets,Op Kruispunt,Gemeenteweg,binnen bebouwde kom,Tss. 2 best.: langs opzij (voor-/achterkant-flank),Geen hindernis
23388,143,Eco Display Classic Budastraat,Kortrijk,50.83066,3.26286,0.5696356026634196,50.83488818391721,3.267439620316915,2021,1,8,34022,Kortrijk,Sneeuwval,"Ijzel, sneeuw",Dag,met lichtgewonden,3,Fiets,9,personenauto,Op Kruispunt,Gewestweg,binnen bebouwde kom,Tss. 2 best.: langs opzij (voor-/achterkant-flank),Geen hindernis
23388,17,Kortrijk 2,Kortrijk,50.83339,3.27773,0.7416164008117851,50.83488818391721,3.267439620316915,2021,1,8,34022,Kortrijk,Sneeuwval,"Ijzel, sneeuw",Dag,met lichtgewonden,3,Fiets,9,personenauto,Op Kruispunt,Gewestweg,binnen bebouwde kom,Tss. 2 best.: langs opzij (voor-/achterkant-flank),Geen hindernis
23388,16,Kortrijk 1,Kortrijk,50.83332,3.27777,0.7461350801331028,50.83488818391721,3.267439620316915,2021,1,8,34022,Kortrijk,Sneeuwval,"Ijzel, sneeuw",Dag,met lichtgewonden,3,Fiets,9,personenauto,Op Kruispunt,Gewestweg,binnen bebouwde kom,Tss. 2 best.: langs opzij (voor-/achterkant-flank),Geen hindernis
23388,75,Kortrijk teller 2,Kortrijk,50.81925,3.25731,1.8788115960112384,50.83488818391721,3.267439620316915,2021,1,8,34022,Kortrijk,Sneeuwval,"Ijzel, sneeuw",Dag,met lichtgewonden,3,Fiets,9,personenauto,Op Kruispunt,Gewestweg,binnen bebouwde kom,Tss. 2 best.: langs opzij (voor-/achterkant-flank),Geen hindernis
23388,74,Kortrijk teller 1,Kortrijk,50.81909,3.25728,1.8960822285411887,50.83488818391721,3.267439620316915,2021,1,8,34022,Kortrijk,Sneeuwval,"Ijzel, sneeuw",Dag,met lichtgewonden,3,Fiets,9,personenauto,Op Kruispunt,Gewestweg,binnen bebouwde kom,Tss. 2 best.: langs opzij (voor-/achterkant-flank),Geen hindernis
23389,143,Eco Display Classic Budastraat,Kortrijk,50.83066,3.26286,1.489267677922727,50.8370209230438,3.2441979742341736,2021,1,12,34022,Kortrijk,Normaal,Droog,Dag,met lichtgewonden,9,personenauto,3,Fiets,Buiten Kruispunt,Gemeenteweg,binnen bebouwde kom,Tussen 2 bestuurders: Frontale botsing,Geen hindernis
23389,75,Kortrijk teller 2,Kortrijk,50.81925,3.25731,2.180102481248471,50.8370209230438,3.2441979742341736,2021,1,12,34022,Kortrijk,Normaal,Droog,Dag,met lichtgewonden,9,personenauto,3,Fiets,Buiten Kruispunt,Gemeenteweg,binnen bebouwde kom,Tussen 2 bestuurders: Frontale botsing,Geen hindernis
23389,74,Kortrijk teller 1,Kortrijk,50.81909,3.25728,2.1953591449461465,50.8370209230438,3.2441979742341736,2021,1,12,34022,Kortrijk,Normaal,Droog,Dag,met lichtgewonden,9,personenauto,3,Fiets,Buiten Kruispunt,Gemeenteweg,binnen bebouwde kom,Tussen 2 bestuurders: Frontale botsing,Geen hindernis