crash_row_id,site_id,site_name,site_gemeente,site_lat,site_long,distance_km,crash_lat,crash_long,DT_YEAR_COLLISION,DT_MONTH_COLLISION,DT_TIME,CD_NIS,TX_MUNTY_COLLISION_NL,TX_WEATHER_NL,TX_ROAD_CONDITION_NL,TX_LIGHT_CONDITION_NL,TX_CLASS_ACCIDENTS_NL,CD_ROAD_USR_TYPE1,TX_ROAD_USR_TYPE1_NL,CD_ROAD_USR_TYPE2,TX_ROAD_USR_TYPE2_NL,TX_CROSSWAY_NL,CD_ROAD_TYPE_NL,TX_BUILD_UP_AREA_NL,TX_COLLISION_TYPE_NL,TX_OBSTACLES_NL
23389,17,Kortrijk 2,Kortrijk,50.83339,3.27773,2.389163699388354,50.8370209230438,3.2441979742341736,2021,1,12,34022,Kortrijk,Normaal,Droog,Dag,met lichtgewonden,9,personenauto,3,Fiets,Buiten Kruispunt,Gemeenteweg,binnen bebouwde kom,Tussen 2 bestuurders: Frontale botsing,Geen hindernis
23389,16,Kortrijk 1,Kortrijk,50.83332,3.27777,2.3932602263200287,50.8370209230438,3.2441979742341736,2021,1,12,34022,Kortrijk,Normaal,Droog,Dag,met lichtgewonden,9,personenauto,3,Fiets,Buiten Kruispunt,Gemeenteweg,binnen bebouwde kom,Tussen 2 bestuurders: Frontale botsing,Geen hindernis
23391,75,Kortrijk teller 2,Kortrijk,50.81925,3.25731,0.6893809189996827,50.82463524395772,3.2524474699106456,2021,1,8,34022,Kortrijk,Regenval,"Nat, plassen",Dag,met lichtgewonden,3,Fiets,9,personenauto,Buiten Kruispunt,Gemeenteweg,binnen bebouwde kom,Tss. 2 best.: langs opzij (voor-/achterkant-flank),Geen hindernis
23391,74,Kortrijk teller 1,Kortrijk,50.81909,3.25728,0.7038713903369082,50.82463524395772,3.2524474699106456,2021,1,8,34022,Kortrijk,Regenval,"Nat, plassen",Dag,met lichtgewonden,3,Fiets,9,personenauto,Buiten Kruispunt,Gemeenteweg,binnen bebouwde kom,Tss. 2 best.: langs opzij (voor-/achterkant-flank),Geen hindernis
23391,143,Eco Display Classic Budastraat,Kortrijk,50.83066,3.26286,0.9917959146044345,50.82463524395772,3.2524474699106456,2021,1,8,34022,Kortrijk,Regenval,"Nat, plassen",Dag,met lichtgewonden,3,Fiets,9,personenauto,Buiten Kruispunt,Gemeenteweg,binnen bebouwde kom,Tss. 2 best.: langs opzij (voor-/achterkant-flank),Geen hindernis
23391,16,Kortrijk 1,Kortrijk,50.83332,3.27777,2.0237902722602814,50.82463524395772,3.2524474699106456,2021,1,8,34022,Kortrijk,Regenval,"Nat, plassen",Dag,met lichtgewonden,3,Fiets,9,personenauto,Buiten Kruispunt,Gemeenteweg,binnen bebouwde kom,Tss. 2 best.: langs opzij (voor-/achterkant-flank),Geen hindernis
23391,17,Kortrijk 2,Kortrijk,50.83339,3.27773,2.0250508651343657,50.82463524395772,3.2524474699106456,2021,1,8,34022,Kortrijk,Regenval,"Nat, plassen",Dag,met lichtgewonden,3,Fiets,9,personenauto,Buiten Kruispunt,Gemeenteweg,binnen bebouwde kom,Tss. 2 best.: langs opzij (voor-/achterkant-flank),Geen hindernis
23392,75,Kortrijk teller 2,Kortrijk,50.81925,3.25731,0.7035704839889325,50.81959582697996,3.2673103766221345,2021,1,8,34022,Kortrijk,Regenval,"Nat, plassen",Dag,met zwaargewonden,9,personenauto,3,Fiets,Op Kruispunt,Gemeenteweg,binnen bebouwde kom,Tss. 2 best.: langs opzij (voor-/achterkant-flank),Geen hindernis
23392,74,Kortrijk teller 1,Kortrijk,50.81909,3.25728,0.7068687796512995,50.81959582697996,3.2673103766221345,2021,1,8,34022,Kortrijk,Regenval,"Nat, plassen",Dag,met zwaargewonden,9,personenauto,3,Fiets,Op Kruispunt,Gemeenteweg,binnen bebouwde kom,Tss. 2 best.: langs opzij (voor-/achterkant-flank),Geen hindernis
23392,143,Eco Display Classic Budastraat,Kortrijk,50.83066,3.26286,1.269372191789169,50.81959582697996,3.2673103766221345,2021,1,8,34022,Kortrijk,Regenval,"Nat, plassen",Dag,met zwaargewonden,9,personenauto,3,Fiets,Op Kruispunt,Gemeenteweg,binnen bebouwde kom,Tss. 2 best.: langs opzij (voor-/achterkant-flank),Geen hindernis
23392,16,Kortrijk 1,Kortrijk,50.83332,3.27777,1.693692434565228,50.81959582697996,3.2673103766221345,2021,1,8,34022,Kortrijk,Regenval,"Nat, plassen",Dag,met zwaargewonden,9,personenauto,3,Fiets,Op Kruispunt,Gemeenteweg,binnen bebouwde kom,Tss. 2 best.: langs opzij (voor-/achterkant-flank),Geen hindernis
23392,17,Kortrijk 2,Kortrijk,50.83339,3.27773,1.699497029767959,50.81959582697996,3.2673103766221345,2021,1,8,34022,Kortrijk,Regenval,"Nat, plassen",Dag,met zwaargewonden,9,personenauto,3,Fiets,Op Kruispunt,Gemeenteweg,binnen bebouwde kom,Tss. 2 best.: langs opzij (voor-/achterkant-flank),Geen hindernis
23401,64,Nieuwpoort teller 1,Nieuwpoort,51.13359,2.75737,0.9458467748654942,51.12877715629901,2.768546516358129,2021,1,6,38016,Nieuwpoort,Regenval,"Nat, plassen","Nacht, openbare verlichting aanwezig en ontstoken",met lichtgewonden,4,Vrachtwagen,3,Fiets,Op Kruispunt,Gewestweg,buiten bebouwde kom,Tss. 2 best.: langs opzij (voor-/achterkant-flank),Geen hindernis
23401,65,Nieuwpoort teller 2,Nieuwpoort,51.13435,2.75511,1.1238561302066312,51.12877715629901,2.768546516358129,2021,1,6,38016,Nieuwpoort,Regenval,"Nat, plassen","Nacht, openbare verlichting aanwezig en ontstoken",met lichtgewonden,4,Vrachtwagen,3,Fiets,Op Kruispunt,Gewestweg,buiten bebouwde kom,Tss. 2 best.: langs opzij (voor-/achterkant-flank),Geen hindernis
23401,66,Nieuwpoort totem,Nieuwpoort,51.1347,2.74369,1.8552754779523128,51.12877715629901,2.768546516358129,2021,1,6,38016,Nieuwpoort,Regenval,"Nat, plassen","Nacht, openbare verlichting aanwezig en ontstoken",met lichtgewonden,4,Vrachtwagen,3,Fiets,Op Kruispunt,Gewestweg,buiten bebouwde kom,Tss. 2 best.: langs opzij (voor-/achterkant-flank),Geen hindernis
23401,63,Nieuwpoort teller 3,Nieuwpoort,51.13529,2.74289,1.9311869233778738,51.12877715629901,2.768546516358129,2021,1,6,38016,Nieuwpoort,Regenval,"Nat, plassen","Nacht, openbare verlichting aanwezig en ontstoken",met lichtgewonden,4,Vrachtwagen,3,Fiets,Op Kruispunt,Gewestweg,buiten bebouwde kom,Tss. 2 best.: langs opzij (voor-/achterkant-flank),Geen hindernis
23402,64,Nieuwpoort teller 1,Nieuwpoort,51.13359,2.75737,0.5112499120521297,51.129782824837584,2.75326217966094,2021,1,11,38016,Nieuwpoort,Normaal,"Nat, plassen",Dag,met lichtgewonden,3,Fiets,9,personenauto,Op Kruispunt,Gemeenteweg,binnen bebouwde kom,Tussen 2 bestuurders: Frontale botsing,Geen hindernis
23402,65,Nieuwpoort teller 2,Nieuwpoort,51.13435,2.75511,0.5239589835805621,51.129782824837584,2.75326217966094,2021,1,11,38016,Nieuwpoort,Normaal,"Nat, plassen",Dag,met lichtgewonden,3,Fiets,9,personenauto,Op Kruispunt,Gemeenteweg,binnen bebouwde kom,Tussen 2 bestuurders: Frontale botsing,Geen hindernis
23402,66,Nieuwpoort totem,Nieuwpoort,51.1347,2.74369,0.8631766789252876,51.129782824837584,2.75326217966094,2021,1,11,38016,Nieuwpoort,Normaal,"Nat, plassen",Dag,met lichtgewonden,3,Fiets,9,personenauto,Op Kruispunt,Gemeenteweg,binnen bebouwde kom,Tussen 2 bestuurders: Frontale botsing,Geen hindernis
23402,63,Nieuwpoort teller 3,Nieuwpoort,51.13529,2.74289,0.9480496941598846,51.129782824837584,2.75326217966094,2021,1,11,38016,Nieuwpoort,Normaal,"Nat, plassen",Dag,met lichtgewonden,3,Fiets,9,personenauto,Op Kruispunt,Gemeenteweg,binnen bebouwde kom,Tussen 2 bestuurders: Frontale botsing,Geen hindernis
23407,41,Maasmechelen teller 1,Maasmechelen,50.97025,5.69799,1.7821899317439953,50.95434458601337,5.701126464173841,2021,1,9,73107,Maasmechelen,Normaal,Droog,Dag,met lichtgewonden,3,Fiets,9,personenauto,Op Kruispunt,Gemeenteweg,binnen bebouwde kom,Tss. 2 best.: langs opzij (voor-/achterkant-flank),Geen hindernis
23407,42,Maasmechelen teller 2,Maasmechelen,50.97043,5.6981,1.801131240982821,50.95434458601337,5.701126464173841,2021,1,9,73107,Maasmechelen,Normaal,Droog,Dag,met lichtgewonden,3,Fiets,9,personenauto,Op Kruispunt,Gemeenteweg,binnen bebouwde kom,Tss. 2 best.: langs opzij (voor-/achterkant-flank),Geen hindernis
23412,105,St. pieters leeuw teller 2,Halle,50.75509,4.24943,0.526215327941087,50.752308043023426,4.255481191608461,2021,1,17,23027,Halle,Normaal,Onbekend,"Nacht, openbare verlichting aanwezig en ontstoken",met lichtgewonden,9,personenauto,3,Fiets,Op Kruispunt,Gemeenteweg,binnen bebouwde kom,Tussen 2 bestuurders: Frontale botsing,Geen hindernis
23412,106,St. pieters leeuw teller 1,Sint-Pieters-Leeuw,50.75533,4.24951,0.5379262451133479,50.752308043023426,4.255481191608461,2021,1,17,23027,Halle,Normaal,Onbekend,"Nacht, openbare verlichting aanwezig en ontstoken",met lichtgewonden,9,personenauto,3,Fiets,Op Kruispunt,Gemeenteweg,binnen bebouwde kom,Tussen 2 bestuurders: Frontale botsing,Geen hindernis
23413,99,Mechelen teller 1,Mechelen,51.04564,4.46882,1.4296659019332356,51.03589830053932,4.482165201455292,2021,1,12,12025,Mechelen,Normaal,Droog,Dag,met lichtgewonden,3,Fiets,8,Voetganger,Buiten Kruispunt,Gewestweg,binnen bebouwde kom,Met een voetganger,Geen vermelding van de aanwezigheid van een hindernis
23413,100,Mechelen teller 2,Mechelen,51.0457,4.46883,1.4342725375564975,51.03589830053932,4.482165201455292,2021,1,12,12025,Mechelen,Normaal,Droog,Dag,met lichtgewonden,3,Fiets,8,Voetganger,Buiten Kruispunt,Gewestweg,binnen bebouwde kom,Met een voetganger,Geen vermelding van de aanwezigheid van een hindernis
23414,109,Zemst,Zemst,50.9903936,4.4707023,2.257477676580284,51.010187744519286,4.477872736503864,2021,1,13,12025,Mechelen,Normaal,Droog,Dag,met zwaargewonden,9,personenauto,3,Fiets,Op Kruispunt,Gewestweg,binnen bebouwde kom,Tss. 2 best.: langs opzij (voor-/achterkant-flank),Geen hindernis
23415,109,Zemst,Zemst,50.9903936,4.4707023,0.45193029299092674,50.99362456017001,4.474619600037229,2021,1,17,12025,Mechelen,Onbekend,Onbekend,Dageraad - schemering,met lichtgewonden,3,Fiets,3,Fiets,Buiten Kruispunt,Gewestweg,buiten bebouwde kom,Tussen 2 bestuurders: Frontale botsing,Geen hindernis
23417,99,Mechelen teller 1,Mechelen,51.04564,4.46882,0.6043614424213104,51.040530083836956,4.471765482179903,2021,1,13,12025,Mechelen,Normaal,Proper,Dag,met lichtgewonden,9,personenauto,3,Fiets,Buiten Kruispunt,Gewestweg,binnen bebouwde kom,Tss. 2 best.: langs opzij (voor-/achterkant-flank),Geen hindernis
23417,100,Mechelen teller 2,Mechelen,51.0457,4.46883,0.6104026839023311,51.040530083836956,4.471765482179903,2021,1,13,12025,Mechelen,Normaal,Proper,Dag,met lichtgewonden,9,personenauto,3,Fiets,Buiten Kruispunt,Gewestweg,binnen bebouwde kom,Tss. 2 best.: langs opzij (voor-/achterkant-flank),Geen hindernis
23419,140,Hasselt ring,Hasselt,50.9300038,5.3438616,0.5096637844482556,50.92663694752612,5.348796031098606,2021,1,15,71022,Hasselt,Normaal,Droog,Dag,met lichtgewonden,9,personenauto,3,Fiets,Op Kruispunt,Gemeenteweg,binnen bebouwde kom,Tss. 2 best.: langs opzij (voor-/achterkant-flank),Geen hindernis
23419,138,Hasselt-Kempische brug,Hasselt,50.9405318,5.3422472,1.6117541962083959,50.92663694752612,5.348796031098606,2021,1,15,71022,Hasselt,Normaal,Droog,Dag,met lichtgewonden,9,personenauto,3,Fiets,Op Kruispunt,Gemeenteweg,binnen bebouwde kom,Tss. 2 best.: langs opzij (voor-/achterkant-flank),Geen hindernis
23419,137,Hasselt-Kempische brug,Hasselt,50.9411605,5.3417576,1.6885868687215575,50.92663694752612,5.348796031098606,2021,1,15,71022,Hasselt,Normaal,Droog,Dag,met lichtgewonden,9,personenauto,3,Fiets,Op Kruispunt,Gemeenteweg,binnen bebouwde kom,Tss. 2 best.: langs opzij (voor-/achterkant-flank),Geen hindernis
23421,137,Hasselt-Kempische brug,Hasselt,50.9411605,5.3417576,1.30706231080432,50.941822749529265,5.323132351102709,2021,1,8,71022,Hasselt,Normaal,Droog,Dageraad - schemering,met lichtgewonden,9,personenauto,3,Fiets,Op Kruispunt,Gewestweg,binnen bebouwde kom,Tussen 2 bestuurders: Flank tegen flank,Geen hindernis
23421,138,Hasselt-Kempische brug,Hasselt,50.9405318,5.3422472,1.346970152094823,50.941822749529265,5.323132351102709,2021,1,8,71022,Hasselt,Normaal,Droog,Dageraad - schemering,met lichtgewonden,9,personenauto,3,Fiets,Op Kruispunt,Gewestweg,binnen bebouwde kom,Tussen 2 bestuurders: Flank tegen flank,Geen hindernis
23421,140,Hasselt ring,Hasselt,50.9300038,5.3438616,1.9588578563852048,50.941822749529265,5.323132351102709,2021,1,8,71022,Hasselt,Normaal,Droog,Dageraad - schemering,met lichtgewonden,9,personenauto,3,Fiets,Op Kruispunt,Gewestweg,binnen bebouwde kom,Tussen 2 bestuurders: Flank tegen flank,Geen hindernis
23422,137,Hasselt-Kempische brug,Hasselt,50.9411605,5.3417576,0.31541556374691854,50.94385241529088,5.3431770060288235,2021,1,15,71022,Hasselt,Normaal,Droog,Dag,met lichtgewonden,3,Fiets,3,Fiets,Op Kruispunt,Gewestweg,buiten bebouwde kom,Tussen 2 bestuurders: Frontale botsing,Geen hindernis
23422,138,Hasselt-Kempische brug,Hasselt,50.9405318,5.3422472,0.3749385920282952,50.94385241529088,5.3431770060288235,2021,1,15,71022,Hasselt,Normaal,Droog,Dag,met lichtgewonden,3,Fiets,3,Fiets,Op Kruispunt,Gewestweg,buiten bebouwde kom,Tussen 2 bestuurders: Frontale botsing,Geen hindernis
23422,140,Hasselt ring,Hasselt,50.9300038,5.3438616,1.54064278179147,50.94385241529088,5.3431770060288235,2021,1,15,71022,Hasselt,Normaal,Droog,Dag,met lichtgewonden,3,Fiets,3,Fiets,Op Kruispunt,Gewestweg,buiten bebouwde kom,Tussen 2 bestuurders: Frontale botsing,Geen hindernis
23423,140,Hasselt ring,Hasselt,50.9300038,5.3438616,0.6870426076119012,50.92468982108866,5.338860059551976,2021,1,18,71022,Hasselt,Normaal,Droog,"Nacht, openbare verlichting aanwezig en ontstoken",met lichtgewonden,3,Fiets,9,personenauto,Op Kruispunt,Gewestweg,binnen bebouwde kom,Tss. 2 best.: langs opzij (voor-/achterkant-flank),Geen hindernis
23423,138,Hasselt-Kempische brug,Hasselt,50.9405318,5.3422472,1.777468211906615,50.92468982108866,5.338860059551976,2021,1,18,71022,Hasselt,Normaal,Droog,"Nacht, openbare verlichting aanwezig en ontstoken",met lichtgewonden,3,Fiets,9,personenauto,Op Kruispunt,Gewestweg,binnen bebouwde kom,Tss. 2 best.: langs opzij (voor-/achterkant-flank),Geen hindernis
23423,137,Hasselt-Kempische brug,Hasselt,50.9411605,5.3417576,1.8426779719304314,50.92468982108866,5.338860059551976,2021,1,18,71022,Hasselt,Normaal,Droog,"Nacht, openbare verlichting aanwezig en ontstoken",met lichtgewonden,3,Fiets,9,personenauto,Op Kruispunt,Gewestweg,binnen bebouwde kom,Tss. 2 best.: langs opzij (voor-/achterkant-flank),Geen hindernis
23424,140,Hasselt ring,Hasselt,50.9300038,5.3438616,0.5949985106441321,50.927458212890976,5.336394107039848,2021,1,15,71022,Hasselt,Onbekend,Droog,Dag,met lichtgewonden,3,Fiets,8,Voetganger,Op Kruispunt,Gewestweg,binnen bebouwde kom,Met een voetganger,Geen hindernis
23424,138,Hasselt-Kempische brug,Hasselt,50.9405318,5.3422472,1.5104726754775764,50.927458212890976,5.336394107039848,2021,1,15,71022,Hasselt,Onbekend,Droog,Dag,met lichtgewonden,3,Fiets,8,Voetganger,Op Kruispunt,Gewestweg,binnen bebouwde kom,Met een voetganger,Geen hindernis
23424,137,Hasselt-Kempische brug,Hasselt,50.9411605,5.3417576,1.5692987129760136,50.927458212890976,5.336394107039848,2021,1,15,71022,Hasselt,Onbekend,Droog,Dag,met lichtgewonden,3,Fiets,8,Voetganger,Op Kruispunt,Gewestweg,binnen bebouwde kom,Met een voetganger,Geen hindernis
23426,76,Heverlee teller 2,Leuven,50.84606,4.69597,2.2760338092640993,50.83333737413245,4.721361642574825,2021,1,7,24086,Oud-Heverlee,Normaal,Droog,"Nacht, openbare verlichting aanwezig en ontstoken",met lichtgewonden,9,personenauto,3,Fiets,Op Kruispunt,Gemeenteweg,binnen bebouwde kom,Tussen 2 bestuurders: Frontale botsing,Geen hindernis
23426,108,Heverlee teller 1,Leuven,50.8471728,4.6954674,2.381755192554531,50.83333737413245,4.721361642574825,2021,1,7,24086,Oud-Heverlee,Normaal,Droog,"Nacht, openbare verlichting aanwezig en ontstoken",met lichtgewonden,9,personenauto,3,Fiets,Op Kruispunt,Gemeenteweg,binnen bebouwde kom,Tussen 2 bestuurders: Frontale botsing,Geen hindernis
23427,12,Tervuren,Kraainem,50.81896,4.47803,2.225976999103178,50.82600159104198,4.507693802337766,2021,1,12,24104,Tervuren,Normaal,Droog,Dag,met lichtgewonden,9,personenauto,3,Fiets,Op Kruispunt,Gemeenteweg,binnen bebouwde kom,Tss. 2 best.: langs opzij (voor-/achterkant-flank),Geen hindernis
23428,25,Bree,Bree,51.13679500160176,5.597669323604317,1.0481906298712989,51.134694060236725,5.612314473270629,2021,1,21,72004,Bree,Normaal,Droog,"Nacht, openbare verlichting aanwezig en ontstoken",Met doden,3,Fiets,11,een weggebruiker tegen een hindernis,Buiten Kruispunt,Gewestweg,buiten bebouwde kom,Weggebruiker tegen hindernis buiten rijbaan,Onbekend
23430,14,Genk,Genk,50.97172,5.48927,1.772522296061344,50.97383552026861,5.514361213220955,2021,1,15,71016,Genk,Normaal,Droog,Dag,met lichtgewonden,3,Fiets,10,"één bestuurder, geen hindernis",Buiten Kruispunt,Gemeenteweg,buiten bebouwde kom,"Eén bestuurder, geen hindernis (incl. val)",Geen hindernis
23431,25,Bree,Bree,51.13679500160176,5.597669323604317,0.5768606940857546,51.141977633742115,5.598039464358888,2021,1,10,72004,Bree,Normaal,Droog,Dag,met lichtgewonden,3,Fiets,11,een weggebruiker tegen een hindernis,Buiten Kruispunt,Gemeenteweg,binnen bebouwde kom,Weggebruiker tegen hindernis op de rijbaan,"Op de rijbaan: Werken (signal., aarde, toestel,…)"
23432,139,Houthalen-Helchteren,Houthalen-Helchteren,51.0644267,5.3819796,2.2069931683384967,51.04461467426065,5.380080235124406,2021,1,7,72039,Houthalen-Helchteren,Normaal,Droog,Dageraad - schemering,met lichtgewonden,3,Fiets,9,personenauto,Op Kruispunt,Gewestweg,buiten bebouwde kom,Tss. 2 best.: langs opzij (voor-/achterkant-flank),Geen hindernis
23433,14,Genk,Genk,50.97172,5.48927,1.5456167028294248,50.96388200898737,5.471041625439313,2021,1,16,71016,Genk,Normaal,Droog,Dag,met lichtgewonden,9,personenauto,3,Fiets,Op Kruispunt,Gewestweg,buiten bebouwde kom,Tss. 2 best.: langs opzij (voor-/achterkant-flank),Geen hindernis
23434,14,Genk,Genk,50.97172,5.48927,0.677003751749183,50.968498224933285,5.497473836196534,2021,1,12,71016,Genk,Normaal,"Vuil (zand, grint, bladeren,...)",Dag,met lichtgewonden,3,Fiets,11,een weggebruiker tegen een hindernis,Buiten Kruispunt,Gemeenteweg,buiten bebouwde kom,Weggebruiker tegen hindernis buiten rijbaan,Buiten de rijbaan: Boom
23435,23,Tienen 3,Tienen,50.81324,4.93447,1.0933315435158322,50.80340765073429,4.934366498833233,2021,1,17,24107,Tienen,Regenval,"Nat, plassen",Dageraad - schemering,met lichtgewonden,9,personenauto,3,Fiets,Op Kruispunt,Gemeenteweg,binnen bebouwde kom,Tussen 2 bestuurders: Frontale botsing,Geen hindernis
23435,22,Tienen 2,Tienen,50.81330800184882,4.935984252796022,1.1067220426896343,50.80340765073429,4.934366498833233,2021,1,17,24107,Tienen,Regenval,"Nat, plassen",Dageraad - schemering,met lichtgewonden,9,personenauto,3,Fiets,Op Kruispunt,Gemeenteweg,binnen bebouwde kom,Tussen 2 bestuurders: Frontale botsing,Geen hindernis
23435,24,Tienen 1,Tienen,50.8133795491886,4.935044252605416,1.1098467250950612,50.80340765073429,4.934366498833233,2021,1,17,24107,Tienen,Regenval,"Nat, plassen",Dageraad - schemering,met lichtgewonden,9,personenauto,3,Fiets,Op Kruispunt,Gemeenteweg,binnen bebouwde kom,Tussen 2 bestuurders: Frontale botsing,Geen hindernis
23493,3,Brasschaat 1,Brasschaat,51.27503,4.47222,2.1868586529706415,51.25737650100657,4.486073810935211,2021,2,8,11040,Schoten,Normaal,Droog+Proper,Dag,Met doden,3,Fiets,5,Lichte vrachtauto,Op Kruispunt,Gemeenteweg,binnen bebouwde kom,Tussen 2 bestuurders: Flank tegen flank,Geen hindernis
23493,2,Brasschaat 2,Brasschaat,51.27512,4.47169,2.212280151146529,51.25737650100657,4.486073810935211,2021,2,8,11040,Schoten,Normaal,Droog+Proper,Dag,Met doden,3,Fiets,5,Lichte vrachtauto,Op Kruispunt,Gemeenteweg,binnen bebouwde kom,Tussen 2 bestuurders: Flank tegen flank,Geen hindernis
23501,8,Heist op den Berg 1,Heist-op-den-Berg,51.06759,4.68823,0.2203671086322294,51.067025184676865,4.685207088873682,2021,2,17,12029,Putte,Normaal,Droog,Dag,met zwaargewonden,9,personenauto,3,Fiets,Op Kruispunt,Gewestweg,buiten bebouwde kom,Tss. 2 best.: langs opzij (voor-/achterkant-flank),Geen hindernis
23501,9,Heist op den Berg 2,Heist-op-den-Berg,51.06904,4.69524,0.7359737566654612,51.067025184676865,4.685207088873682,2021,2,17,12029,Putte,Normaal,Droog,Dag,met zwaargewonden,9,personenauto,3,Fiets,Op Kruispunt,Gewestweg,buiten bebouwde kom,Tss. 2 best.: langs opzij (voor-/achterkant-flank),Geen hindernis
23504,92,Nijlen teller 1,Nijlen,51.14989,4.64479,1.1676447567609194,51.14130454764913,4.635151956030553,2021,2,13,12026,Nijlen,Normaal,Droog,Dag,met lichtgewonden,9,personenauto,3,Fiets,Op Kruispunt,Gemeenteweg,binnen bebouwde kom,Tussen 2 bestuurders: Flank tegen flank,Geen hindernis
23504,93,Nijlen teller 2,Nijlen,51.14998,4.64469,1.1718659790119483,51.14130454764913,4.635151956030553,2021,2,13,12026,Nijlen,Normaal,Droog,Dag,met lichtgewonden,9,personenauto,3,Fiets,Op Kruispunt,Gemeenteweg,binnen bebouwde kom,Tussen 2 bestuurders: Flank tegen flank,Geen hindernis
23505,93,Nijlen teller 2,Nijlen,51.14998,4.64469,1.7319246730388445,51.14957156853231,4.619868468865217,2021,2,23,12026,Nijlen,Normaal,Droog,"Nacht, openbare verlichting aanwezig en ontstoken",met lichtgewonden,3,Fiets,9,personenauto,Buiten Kruispunt,Gemeenteweg,binnen bebouwde kom,Tss. 2 best.: langs opzij (voor-/achterkant-flank),Geen hindernis
23505,92,Nijlen teller 1,Nijlen,51.14989,4.64479,1.7386664992873162,51.14957156853231,4.619868468865217,2021,2,23,12026,Nijlen,Normaal,Droog,"Nacht, openbare verlichting aanwezig en ontstoken",met lichtgewonden,3,Fiets,9,personenauto,Buiten Kruispunt,Gemeenteweg,binnen bebouwde kom,Tss. 2 best.: langs opzij (voor-/achterkant-flank),Geen hindernis
23516,97,Geel teller 1,Geel,51.14813,4.99698,1.5675943521382834,51.16222551619906,4.997376936189581,2021,2,15,13008,Geel,Normaal,Droog,Dag,met lichtgewonden,3,Fiets,9,personenauto,Buiten Kruispunt,Gemeenteweg,binnen bebouwde kom,Tussen 2 bestuurders: Flank tegen flank,Geen hindernis
23516,98,Geel teller 2,Geel,51.1481,4.99643,1.5720735508324513,51.16222551619906,4.997376936189581,2021,2,15,13008,Geel,Normaal,Droog,Dag,met lichtgewonden,3,Fiets,9,personenauto,Buiten Kruispunt,Gemeenteweg,binnen bebouwde kom,Tussen 2 bestuurders: Flank tegen flank,Geen hindernis
23517,97,Geel teller 1,Geel,51.14813,4.99698,0.4274993807437326,51.14969978890255,5.002574643581745,2021,2,6,13008,Geel,Onbekend,Onbekend,Onbekend,met lichtgewonden,3,Fiets,10,"één bestuurder, geen hindernis",Op Kruispunt,Gemeenteweg,onbekend,"Eén bestuurder, geen hindernis (incl. val)",Geen hindernis
23517,98,Geel teller 2,Geel,51.1481,4.99643,0.46405333107889224,51.14969978890255,5.002574643581745,2021,2,6,13008,Geel,Onbekend,Onbekend,Onbekend,met lichtgewonden,3,Fiets,10,"één bestuurder, geen hindernis",Op Kruispunt,Gemeenteweg,onbekend,"Eén bestuurder, geen hindernis (incl. val)",Geen hindernis
23545,21,Bilzen,Bilzen,50.86015,5.50161,2.4856425682349284,50.86365007206005,5.536588608871687,2021,2,19,73006,Bilzen,Normaal,Droog,"Nacht, openbare verlichting aanwezig en ontstoken",met lichtgewonden,9,personenauto,3,Fiets,Buiten Kruispunt,Gewestweg,buiten bebouwde kom,Tussen 2 bestuurders: Flank tegen flank,Geen hindernis
23546,21,Bilzen,Bilzen,50.86015,5.50161,1.2819840893577503,50.86838515505234,5.514393911800246,2021,2,14,73006,Bilzen,Normaal,Droog,Dag,met zwaargewonden,3,Fiets,5,Lichte vrachtauto,Buiten Kruispunt,Gemeenteweg,binnen bebouwde kom,Tss. 2 best.: langs opzij (voor-/achterkant-flank),Geen hindernis
23547,21,Bilzen,Bilzen,50.86015,5.50161,2.3958499311592614,50.88060110915997,5.5123571516110585,2021,2,17,73006,Bilzen,Normaal,Droog,Dageraad - schemering,met lichtgewonden,3,Fiets,9,personenauto,Op Kruispunt,Gemeenteweg,binnen bebouwde kom,Tss. 2 best.: langs opzij (voor-/achterkant-flank),Geen hindernis
23549,69,Leuven teller 1,Leuven,50.87549,4.71526,1.3306736722663237,50.863753539730546,4.711555552064269,2021,2,15,24062,Leuven,Normaal,Droog,Dag,met zwaargewonden,3,Fiets,10,"één bestuurder, geen hindernis",Buiten Kruispunt,Gemeenteweg,binnen bebouwde kom,"Eén bestuurder, geen hindernis (incl. val)",Geen hindernis
23549,151,Leuven,District Leuven,50.8690262,4.6854839,1.9213108225479858,50.863753539730546,4.711555552064269,2021,2,15,24062,Leuven,Normaal,Droog,Dag,met zwaargewonden,3,Fiets,10,"één bestuurder, geen hindernis",Buiten Kruispunt,Gemeenteweg,binnen bebouwde kom,"Eén bestuurder, geen hindernis (incl. val)",Geen hindernis
23549,108,Heverlee teller 1,Leuven,50.8471728,4.6954674,2.1620694708654,50.863753539730546,4.711555552064269,2021,2,15,24062,Leuven,Normaal,Droog,Dag,met zwaargewonden,3,Fiets,10,"één bestuurder, geen hindernis",Buiten Kruispunt,Gemeenteweg,binnen bebouwde kom,"Eén bestuurder, geen hindernis (incl. val)",Geen hindernis
23549,76,Heverlee teller 2,Leuven,50.84606,4.69597,2.2511582936043695,50.863753539730546,4.711555552064269,2021,2,15,24062,Leuven,Normaal,Droog,Dag,met zwaargewonden,3,Fiets,10,"één bestuurder, geen hindernis",Buiten Kruispunt,Gemeenteweg,binnen bebouwde kom,"Eén bestuurder, geen hindernis (incl. val)",Geen hindernis