crash_row_id,site_id,site_name,site_gemeente,site_lat,site_long,distance_km,crash_lat,crash_long,DT_YEAR_COLLISION,DT_MONTH_COLLISION,DT_TIME,CD_NIS,TX_MUNTY_COLLISION_NL,TX_WEATHER_NL,TX_ROAD_CONDITION_NL,TX_LIGHT_CONDITION_NL,TX_CLASS_ACCIDENTS_NL,CD_ROAD_USR_TYPE1,TX_ROAD_USR_TYPE1_NL,CD_ROAD_USR_TYPE2,TX_ROAD_USR_TYPE2_NL,TX_CROSSWAY_NL,CD_ROAD_TYPE_NL,TX_BUILD_UP_AREA_NL,TX_COLLISION_TYPE_NL,TX_OBSTACLES_NL
23550,69,Leuven teller 1,Leuven,50.87549,4.71526,0.8692908352906572,50.88263875034744,4.7202748926445866,2021,2,13,24062,Leuven,Normaal,Droog,Dag,met lichtgewonden,5,Lichte vrachtauto,3,Fiets,Op Kruispunt,Gemeenteweg,binnen bebouwde kom,Tussen 2 bestuurders: Flank tegen flank,Geen hindernis
23550,107,leuven totem,Leuven,50.8870744,4.7087919,0.9445439872206687,50.88263875034744,4.7202748926445866,2021,2,13,24062,Leuven,Normaal,Droog,Dag,met lichtgewonden,5,Lichte vrachtauto,3,Fiets,Op Kruispunt,Gemeenteweg,binnen bebouwde kom,Tussen 2 bestuurders: Flank tegen flank,Geen hindernis
23550,77,Leuven teller 2,Leuven,50.88672,4.70796,0.9758455635469884,50.88263875034744,4.7202748926445866,2021,2,13,24062,Leuven,Normaal,Droog,Dag,met lichtgewonden,5,Lichte vrachtauto,3,Fiets,Op Kruispunt,Gemeenteweg,binnen bebouwde kom,Tussen 2 bestuurders: Flank tegen flank,Geen hindernis
23551,107,leuven totem,Leuven,50.8870744,4.7087919,1.6369652767558527,50.901708304701,4.7062484056151295,2021,2,21,24062,Leuven,Sneeuwval,"Ijzel, sneeuw","Nacht, openbare verlichting aanwezig en ontstoken",met lichtgewonden,3,Fiets,10,"één bestuurder, geen hindernis",Op Kruispunt,Gemeenteweg,buiten bebouwde kom,"Eén bestuurder, geen hindernis (incl. val)",Geen hindernis
23551,77,Leuven teller 2,Leuven,50.88672,4.70796,1.670941238642831,50.901708304701,4.7062484056151295,2021,2,21,24062,Leuven,Sneeuwval,"Ijzel, sneeuw","Nacht, openbare verlichting aanwezig en ontstoken",met lichtgewonden,3,Fiets,10,"één bestuurder, geen hindernis",Op Kruispunt,Gemeenteweg,buiten bebouwde kom,"Eén bestuurder, geen hindernis (incl. val)",Geen hindernis
23552,151,Leuven,District Leuven,50.8690262,4.6854839,0.5233779779230084,50.873325297551006,4.688520508519197,2021,2,19,24062,Leuven,Normaal,Droog,"Nacht, openbare verlichting aanwezig en ontstoken",met lichtgewonden,3,Fiets,3,Fiets,Op Kruispunt,Gewestweg,buiten bebouwde kom,Tussen 2 bestuurders: Frontale botsing,Geen hindernis
23552,69,Leuven teller 1,Leuven,50.87549,4.71526,1.8915933880588252,50.873325297551006,4.688520508519197,2021,2,19,24062,Leuven,Normaal,Droog,"Nacht, openbare verlichting aanwezig en ontstoken",met lichtgewonden,3,Fiets,3,Fiets,Op Kruispunt,Gewestweg,buiten bebouwde kom,Tussen 2 bestuurders: Frontale botsing,Geen hindernis
23552,77,Leuven teller 2,Leuven,50.88672,4.70796,2.019512483041593,50.873325297551006,4.688520508519197,2021,2,19,24062,Leuven,Normaal,Droog,"Nacht, openbare verlichting aanwezig en ontstoken",met lichtgewonden,3,Fiets,3,Fiets,Op Kruispunt,Gewestweg,buiten bebouwde kom,Tussen 2 bestuurders: Frontale botsing,Geen hindernis
23552,107,leuven totem,Leuven,50.8870744,4.7087919,2.0880523549677483,50.873325297551006,4.688520508519197,2021,2,19,24062,Leuven,Normaal,Droog,"Nacht, openbare verlichting aanwezig en ontstoken",met lichtgewonden,3,Fiets,3,Fiets,Op Kruispunt,Gewestweg,buiten bebouwde kom,Tussen 2 bestuurders: Frontale botsing,Geen hindernis
23553,151,Leuven,District Leuven,50.8690262,4.6854839,0.7184008813587759,50.874402568425054,4.691161186093854,2021,2,14,24062,Leuven,Normaal,"Ijzel, sneeuw",Dag,met lichtgewonden,3,Fiets,10,"één bestuurder, geen hindernis",Buiten Kruispunt,Gemeenteweg,binnen bebouwde kom,"Eén bestuurder, geen hindernis (incl. val)",Geen hindernis
23553,69,Leuven teller 1,Leuven,50.87549,4.71526,1.695227440562323,50.874402568425054,4.691161186093854,2021,2,14,24062,Leuven,Normaal,"Ijzel, sneeuw",Dag,met lichtgewonden,3,Fiets,10,"één bestuurder, geen hindernis",Buiten Kruispunt,Gemeenteweg,binnen bebouwde kom,"Eén bestuurder, geen hindernis (incl. val)",Geen hindernis
23553,77,Leuven teller 2,Leuven,50.88672,4.70796,1.8069039039515697,50.874402568425054,4.691161186093854,2021,2,14,24062,Leuven,Normaal,"Ijzel, sneeuw",Dag,met lichtgewonden,3,Fiets,10,"één bestuurder, geen hindernis",Buiten Kruispunt,Gemeenteweg,binnen bebouwde kom,"Eén bestuurder, geen hindernis (incl. val)",Geen hindernis
23553,107,leuven totem,Leuven,50.8870744,4.7087919,1.874931307304891,50.874402568425054,4.691161186093854,2021,2,14,24062,Leuven,Normaal,"Ijzel, sneeuw",Dag,met lichtgewonden,3,Fiets,10,"één bestuurder, geen hindernis",Buiten Kruispunt,Gemeenteweg,binnen bebouwde kom,"Eén bestuurder, geen hindernis (incl. val)",Geen hindernis
23554,107,leuven totem,Leuven,50.8870744,4.7087919,1.9960023684459016,50.90499159227827,4.710524323597375,2021,2,12,24062,Leuven,Normaal,Droog,Dag,met lichtgewonden,3,Fiets,5,Lichte vrachtauto,Op Kruispunt,Gewestweg,binnen bebouwde kom,Tss. 2 best.: langs opzij (voor-/achterkant-flank),Geen hindernis
23554,77,Leuven teller 2,Leuven,50.88672,4.70796,2.0396528451912954,50.90499159227827,4.710524323597375,2021,2,12,24062,Leuven,Normaal,Droog,Dag,met lichtgewonden,3,Fiets,5,Lichte vrachtauto,Op Kruispunt,Gewestweg,binnen bebouwde kom,Tss. 2 best.: langs opzij (voor-/achterkant-flank),Geen hindernis
23555,107,leuven totem,Leuven,50.8870744,4.7087919,0.7129318647595508,50.88301868052855,4.7166631399746,2021,2,14,24062,Leuven,Normaal,Droog,Dag,met lichtgewonden,3,Fiets,3,Fiets,Buiten Kruispunt,Gewestweg,binnen bebouwde kom,Tussen 2 bestuurders: Flank tegen flank,Geen hindernis
23555,77,Leuven teller 2,Leuven,50.88672,4.70796,0.7362995976675755,50.88301868052855,4.7166631399746,2021,2,14,24062,Leuven,Normaal,Droog,Dag,met lichtgewonden,3,Fiets,3,Fiets,Buiten Kruispunt,Gewestweg,binnen bebouwde kom,Tussen 2 bestuurders: Flank tegen flank,Geen hindernis
23555,69,Leuven teller 1,Leuven,50.87549,4.71526,0.8429193234254541,50.88301868052855,4.7166631399746,2021,2,14,24062,Leuven,Normaal,Droog,Dag,met lichtgewonden,3,Fiets,3,Fiets,Buiten Kruispunt,Gewestweg,binnen bebouwde kom,Tussen 2 bestuurders: Flank tegen flank,Geen hindernis
23556,69,Leuven teller 1,Leuven,50.87549,4.71526,0.7011541237406597,50.870059174331566,4.710182334307032,2021,2,15,24062,Leuven,Normaal,Droog,Dag,met lichtgewonden,3,Fiets,10,"één bestuurder, geen hindernis",Op Kruispunt,Gewestweg,binnen bebouwde kom,"Eén bestuurder, geen hindernis (incl. val)",Geen hindernis
23556,151,Leuven,District Leuven,50.8690262,4.6854839,1.7369851479248297,50.870059174331566,4.710182334307032,2021,2,15,24062,Leuven,Normaal,Droog,Dag,met lichtgewonden,3,Fiets,10,"één bestuurder, geen hindernis",Op Kruispunt,Gewestweg,binnen bebouwde kom,"Eén bestuurder, geen hindernis (incl. val)",Geen hindernis
23556,77,Leuven teller 2,Leuven,50.88672,4.70796,1.8591490497082288,50.870059174331566,4.710182334307032,2021,2,15,24062,Leuven,Normaal,Droog,Dag,met lichtgewonden,3,Fiets,10,"één bestuurder, geen hindernis",Op Kruispunt,Gewestweg,binnen bebouwde kom,"Eén bestuurder, geen hindernis (incl. val)",Geen hindernis
23556,107,leuven totem,Leuven,50.8870744,4.7087919,1.8945200556642532,50.870059174331566,4.710182334307032,2021,2,15,24062,Leuven,Normaal,Droog,Dag,met lichtgewonden,3,Fiets,10,"één bestuurder, geen hindernis",Op Kruispunt,Gewestweg,binnen bebouwde kom,"Eén bestuurder, geen hindernis (incl. val)",Geen hindernis
23557,151,Leuven,District Leuven,50.8690262,4.6854839,0.9251960446528948,50.86876011061525,4.698661322026547,2021,2,0,24062,Leuven,Normaal,Proper,"Nacht, openbare verlichting aanwezig en ontstoken",met lichtgewonden,3,Fiets,3,Fiets,Op Kruispunt,Gewestweg,binnen bebouwde kom,Tussen 2 bestuurders: Frontale botsing,Geen hindernis
23557,69,Leuven teller 1,Leuven,50.87549,4.71526,1.38440902793552,50.86876011061525,4.698661322026547,2021,2,0,24062,Leuven,Normaal,Proper,"Nacht, openbare verlichting aanwezig en ontstoken",met lichtgewonden,3,Fiets,3,Fiets,Op Kruispunt,Gewestweg,binnen bebouwde kom,Tussen 2 bestuurders: Frontale botsing,Geen hindernis
23557,77,Leuven teller 2,Leuven,50.88672,4.70796,2.100914186291795,50.86876011061525,4.698661322026547,2021,2,0,24062,Leuven,Normaal,Proper,"Nacht, openbare verlichting aanwezig en ontstoken",met lichtgewonden,3,Fiets,3,Fiets,Op Kruispunt,Gewestweg,binnen bebouwde kom,Tussen 2 bestuurders: Frontale botsing,Geen hindernis
23557,107,leuven totem,Leuven,50.8870744,4.7087919,2.1569312245440275,50.86876011061525,4.698661322026547,2021,2,0,24062,Leuven,Normaal,Proper,"Nacht, openbare verlichting aanwezig en ontstoken",met lichtgewonden,3,Fiets,3,Fiets,Op Kruispunt,Gewestweg,binnen bebouwde kom,Tussen 2 bestuurders: Frontale botsing,Geen hindernis
23557,108,Heverlee teller 1,Leuven,50.8471728,4.6954674,2.4108455861223614,50.86876011061525,4.698661322026547,2021,2,0,24062,Leuven,Normaal,Proper,"Nacht, openbare verlichting aanwezig en ontstoken",met lichtgewonden,3,Fiets,3,Fiets,Op Kruispunt,Gewestweg,binnen bebouwde kom,Tussen 2 bestuurders: Frontale botsing,Geen hindernis
23561,72,Herent teller 1,Herent,50.89135,4.64689,1.4958603768624652,50.900692238362566,4.631543309958258,2021,2,7,24038,Herent,Normaal,Droog,Dageraad - schemering,met zwaargewonden,3,Fiets,11,een weggebruiker tegen een hindernis,Buiten Kruispunt,Gemeenteweg,binnen bebouwde kom,Weggebruiker tegen hindernis op de rijbaan,"Op de rijbaan: Werken (signal., aarde, toestel,…)"
23561,73,Herent teller 2,Herent,50.89128,4.64685,1.4992668061590655,50.900692238362566,4.631543309958258,2021,2,7,24038,Herent,Normaal,Droog,Dageraad - schemering,met zwaargewonden,3,Fiets,11,een weggebruiker tegen een hindernis,Buiten Kruispunt,Gemeenteweg,binnen bebouwde kom,Weggebruiker tegen hindernis op de rijbaan,"Op de rijbaan: Werken (signal., aarde, toestel,…)"
23562,150,Bertem,District Leuven,50.8687535,4.56136297,1.8676575617423508,50.87023390998629,4.534851840796777,2021,2,8,24055,Kortenberg,Normaal,Droog,Dageraad - schemering,met lichtgewonden,9,personenauto,3,Fiets,Op Kruispunt,Gemeenteweg,binnen bebouwde kom,Tss. 2 best.: langs opzij (voor-/achterkant-flank),Geen hindernis
23565,111,Zaventem totem,Zaventem,50.8871216,4.4597084,1.2697153734680817,50.87985578002775,4.473670910343188,2021,2,15,23094,Zaventem,Normaal,Droog,Dag,met lichtgewonden,9,personenauto,3,Fiets,Op Kruispunt,Gewestweg,binnen bebouwde kom,Tss. 2 best.: langs opzij (voor-/achterkant-flank),Geen hindernis
23565,26,Zaventem,Zaventem,50.86995,4.45444,1.7418352282028549,50.87985578002775,4.473670910343188,2021,2,15,23094,Zaventem,Normaal,Droog,Dag,met lichtgewonden,9,personenauto,3,Fiets,Op Kruispunt,Gewestweg,binnen bebouwde kom,Tss. 2 best.: langs opzij (voor-/achterkant-flank),Geen hindernis
23566,12,Tervuren,Kraainem,50.81896,4.47803,0.17861822609225583,50.82049613106982,4.477286438476091,2021,2,15,23099,Kraainem,Normaal,Droog,Dag,met lichtgewonden,9,personenauto,3,Fiets,Op Kruispunt,Gewestweg,buiten bebouwde kom,Tss. 2 best.: langs opzij (voor-/achterkant-flank),Geen hindernis
23568,147,Overijse,District Vilvoorde-gewestwegen,50.7797555,4.4975769,1.7433519474023984,50.77006550639692,4.517067678079908,2021,2,14,23062,Overijse,Regenval,"Nat, plassen",Dag,met lichtgewonden,3,Fiets,9,personenauto,Op Kruispunt,Gemeenteweg,buiten bebouwde kom,Tss. 2 best.: langs opzij (voor-/achterkant-flank),Geen hindernis
23574,27,Grimbergen,Meise,50.92127,4.34013,2.1456915954125564,50.90201205943537,4.338192014177239,2021,2,10,23025,Grimbergen,Normaal,Proper,Dag,met lichtgewonden,9,personenauto,3,Fiets,Op Kruispunt,Gemeenteweg,binnen bebouwde kom,Tss. 2 best.: langs opzij (voor-/achterkant-flank),Geen hindernis
23576,47,Vilvoorde,Vilvoorde,50.91372,4.41497,2.051741949952272,50.92874137798729,4.4319685271534635,2021,2,9,23088,Vilvoorde,Sneeuwval,"Ijzel, sneeuw",Dag,met lichtgewonden,3,Fiets,10,"één bestuurder, geen hindernis",Buiten Kruispunt,Gemeenteweg,binnen bebouwde kom,"Eén bestuurder, geen hindernis (incl. val)",Geen hindernis
23576,1,Machelen,Machelen,50.91618331151478,4.456121776137429,2.194576299828171,50.92874137798729,4.4319685271534635,2021,2,9,23088,Vilvoorde,Sneeuwval,"Ijzel, sneeuw",Dag,met lichtgewonden,3,Fiets,10,"één bestuurder, geen hindernis",Buiten Kruispunt,Gemeenteweg,binnen bebouwde kom,"Eén bestuurder, geen hindernis (incl. val)",Geen hindernis
23577,149,Machelen,,50.88297881,4.43356644,1.5302481051780683,50.8967397984849,4.433322074933618,2021,2,14,23047,Machelen,Sneeuwval,"Ijzel, sneeuw",Dag,met lichtgewonden,3,Fiets,10,"één bestuurder, geen hindernis",Op Kruispunt,Gewestweg,buiten bebouwde kom,"Eén bestuurder, geen hindernis (incl. val)",Geen hindernis
23577,111,Zaventem totem,Zaventem,50.8871216,4.4597084,2.1375350454979825,50.8967397984849,4.433322074933618,2021,2,14,23047,Machelen,Sneeuwval,"Ijzel, sneeuw",Dag,met lichtgewonden,3,Fiets,10,"één bestuurder, geen hindernis",Op Kruispunt,Gewestweg,buiten bebouwde kom,"Eén bestuurder, geen hindernis (incl. val)",Geen hindernis
23577,47,Vilvoorde,Vilvoorde,50.91372,4.41497,2.284939335607478,50.8967397984849,4.433322074933618,2021,2,14,23047,Machelen,Sneeuwval,"Ijzel, sneeuw",Dag,met lichtgewonden,3,Fiets,10,"één bestuurder, geen hindernis",Op Kruispunt,Gewestweg,buiten bebouwde kom,"Eén bestuurder, geen hindernis (incl. val)",Geen hindernis
23581,118,Gent teller 1,Gent,51.028049,3.7681359,1.948034564757383,51.0375869746516,3.744768633897254,2021,2,18,44021,Gent,Normaal,Droog,"Nacht, openbare verlichting aanwezig en ontstoken",met lichtgewonden,9,personenauto,3,Fiets,Buiten Kruispunt,Gemeenteweg,binnen bebouwde kom,Tussen 2 bestuurders: Flank tegen flank,Geen hindernis
23581,119,Gent teller 2,Gent,51.0281795,3.7683918,1.9552651620914563,51.0375869746516,3.744768633897254,2021,2,18,44021,Gent,Normaal,Droog,"Nacht, openbare verlichting aanwezig en ontstoken",met lichtgewonden,9,personenauto,3,Fiets,Buiten Kruispunt,Gemeenteweg,binnen bebouwde kom,Tussen 2 bestuurders: Flank tegen flank,Geen hindernis
23583,13,Gent,Gent,51.03018,3.70146,2.26299605940769,51.04663644009534,3.720502445878086,2021,2,8,44021,Gent,Normaal,Droog,Dag,met lichtgewonden,3,Fiets,3,Fiets,Op Kruispunt,Gemeenteweg,binnen bebouwde kom,Tussen 2 bestuurders: Langs achteren,Geen hindernis
23584,118,Gent teller 1,Gent,51.028049,3.7681359,1.3795251636780137,51.03578819637026,3.7527173428291642,2021,2,20,44021,Gent,Regenval,"Nat, plassen","Nacht, openbare verlichting aanwezig en ontstoken",met lichtgewonden,9,personenauto,3,Fiets,Op Kruispunt,Gewestweg,buiten bebouwde kom,Tss. 2 best.: langs opzij (voor-/achterkant-flank),Geen hindernis
23584,119,Gent teller 2,Gent,51.0281795,3.7683918,1.3846410000380875,51.03578819637026,3.7527173428291642,2021,2,20,44021,Gent,Regenval,"Nat, plassen","Nacht, openbare verlichting aanwezig en ontstoken",met lichtgewonden,9,personenauto,3,Fiets,Op Kruispunt,Gewestweg,buiten bebouwde kom,Tss. 2 best.: langs opzij (voor-/achterkant-flank),Geen hindernis
23585,13,Gent,Gent,51.03018,3.70146,1.9599039208280231,51.03841286198792,3.726243030917915,2021,2,7,44021,Gent,Normaal,"Nat, plassen",Dag,met lichtgewonden,9,personenauto,3,Fiets,Op Kruispunt,Gewestweg,binnen bebouwde kom,Tussen 2 bestuurders: Frontale botsing,Geen hindernis
23591,13,Gent,Gent,51.03018,3.70146,2.0630774953263353,51.048674366600316,3.703817957664565,2021,2,15,44021,Gent,Normaal,"Nat, plassen",Dag,met lichtgewonden,9,personenauto,3,Fiets,Buiten Kruispunt,Gemeenteweg,binnen bebouwde kom,Tss. 2 best.: langs opzij (voor-/achterkant-flank),Geen hindernis
23594,7,Evergem 1,Evergem,51.1089,3.70317,1.6718326077365644,51.09588866638413,3.7151681249303494,2021,2,16,44021,Gent,Normaal,Droog,Dag,met lichtgewonden,3,Fiets,9,personenauto,Buiten Kruispunt,Gewestweg,binnen bebouwde kom,Tss. 2 best.: langs opzij (voor-/achterkant-flank),Geen hindernis
23594,6,Evergem 2,Evergem,51.10894,3.70298,1.6823545965046571,51.09588866638413,3.7151681249303494,2021,2,16,44021,Gent,Normaal,Droog,Dag,met lichtgewonden,3,Fiets,9,personenauto,Buiten Kruispunt,Gewestweg,binnen bebouwde kom,Tss. 2 best.: langs opzij (voor-/achterkant-flank),Geen hindernis
23595,13,Gent,Gent,51.03018,3.70146,2.135798577134123,51.04124514023544,3.7264271915900538,2021,2,14,44021,Gent,Normaal,Droog,Dag,met lichtgewonden,6,Bromfiets,3,Fiets,Op Kruispunt,Gemeenteweg,binnen bebouwde kom,Tussen 2 bestuurders: Frontale botsing,Geen hindernis
23606,116,Melle teller 2,Melle,50.9986113,3.8040599,1.7547417211217775,50.992656511360785,3.8272798217112416,2021,2,15,44040,Melle,Normaal,Droog,Dag,met lichtgewonden,9,personenauto,3,Fiets,Op Kruispunt,Gewestweg,binnen bebouwde kom,Tussen 2 bestuurders: Langs achteren,Geen hindernis
23606,117,Melle teller 1,Melle,50.9986113,3.8040599,1.7547417211217775,50.992656511360785,3.8272798217112416,2021,2,15,44040,Melle,Normaal,Droog,Dag,met lichtgewonden,9,personenauto,3,Fiets,Op Kruispunt,Gewestweg,binnen bebouwde kom,Tussen 2 bestuurders: Langs achteren,Geen hindernis
23610,118,Gent teller 1,Gent,51.028049,3.7681359,2.0101981936611844,51.010455082485606,3.7615289949581023,2021,2,11,44043,Merelbeke,Normaal,Droog,Dag,met lichtgewonden,9,personenauto,3,Fiets,Op Kruispunt,Gemeenteweg,binnen bebouwde kom,Tss. 2 best.: langs opzij (voor-/achterkant-flank),Geen hindernis
23610,119,Gent teller 2,Gent,51.0281795,3.7683918,2.0284843068203737,51.010455082485606,3.7615289949581023,2021,2,11,44043,Merelbeke,Normaal,Droog,Dag,met lichtgewonden,9,personenauto,3,Fiets,Op Kruispunt,Gemeenteweg,binnen bebouwde kom,Tss. 2 best.: langs opzij (voor-/achterkant-flank),Geen hindernis
23611,118,Gent teller 1,Gent,51.028049,3.7681359,2.3207837297908642,51.009955586029896,3.751597256336691,2021,2,11,44043,Merelbeke,Normaal,Droog,Dag,met lichtgewonden,9,personenauto,3,Fiets,Op Kruispunt,Gewestweg,buiten bebouwde kom,Tss. 2 best.: langs opzij (voor-/achterkant-flank),Geen hindernis
23611,119,Gent teller 2,Gent,51.0281795,3.7683918,2.342299770543221,51.009955586029896,3.751597256336691,2021,2,11,44043,Merelbeke,Normaal,Droog,Dag,met lichtgewonden,9,personenauto,3,Fiets,Op Kruispunt,Gewestweg,buiten bebouwde kom,Tss. 2 best.: langs opzij (voor-/achterkant-flank),Geen hindernis
23612,117,Melle teller 1,Melle,50.9986113,3.8040599,1.9485017206846142,51.01280284077771,3.7877237586581485,2021,2,13,44040,Melle,Normaal,Droog,Dag,met lichtgewonden,9,personenauto,3,Fiets,Op Kruispunt,Gewestweg,buiten bebouwde kom,Tss. 2 best.: langs opzij (voor-/achterkant-flank),Geen hindernis
23612,116,Melle teller 2,Melle,50.9986113,3.8040599,1.9485017206846142,51.01280284077771,3.7877237586581485,2021,2,13,44040,Melle,Normaal,Droog,Dag,met lichtgewonden,9,personenauto,3,Fiets,Op Kruispunt,Gewestweg,buiten bebouwde kom,Tss. 2 best.: langs opzij (voor-/achterkant-flank),Geen hindernis
23612,118,Gent teller 1,Gent,51.028049,3.7681359,2.179725386329654,51.01280284077771,3.7877237586581485,2021,2,13,44040,Melle,Normaal,Droog,Dag,met lichtgewonden,9,personenauto,3,Fiets,Op Kruispunt,Gewestweg,buiten bebouwde kom,Tss. 2 best.: langs opzij (voor-/achterkant-flank),Geen hindernis
23612,119,Gent teller 2,Gent,51.0281795,3.7683918,2.179881089902547,51.01280284077771,3.7877237586581485,2021,2,13,44040,Melle,Normaal,Droog,Dag,met lichtgewonden,9,personenauto,3,Fiets,Op Kruispunt,Gewestweg,buiten bebouwde kom,Tss. 2 best.: langs opzij (voor-/achterkant-flank),Geen hindernis
23637,126,Hamme totem,Hamme,51.1017709,4.1469307,1.438126550319851,51.114490028689964,4.143196721522114,2021,2,16,46025,Temse,Normaal,Droog,Dag,met lichtgewonden,3,Fiets,9,personenauto,Buiten Kruispunt,Gewestweg,buiten bebouwde kom,Tussen 2 bestuurders: Langs achteren,Geen hindernis
23640,141,Test site A support,Lokeren,51.08342085,3.9961071208376326,1.672182327960336,51.09470297700759,4.011937169014898,2021,2,18,46014,Lokeren,Normaal,Droog,"Nacht, openbare verlichting aanwezig en ontstoken",met lichtgewonden,9,personenauto,3,Fiets,Op Kruispunt,Gewestweg,buiten bebouwde kom,Tss. 2 best.: langs opzij (voor-/achterkant-flank),Geen hindernis
23642,126,Hamme totem,Hamme,51.1017709,4.1469307,1.590456524587129,51.09154419620362,4.1310073897226705,2021,2,9,42008,Hamme,Normaal,Droog,Dag,met lichtgewonden,9,personenauto,3,Fiets,Op Kruispunt,Gemeenteweg,binnen bebouwde kom,Tss. 2 best.: langs opzij (voor-/achterkant-flank),Geen hindernis
23644,120,Zele teller 1,Zele,51.0607671,4.0547741,1.7786756018595098,51.06344687533967,4.02968180094443,2021,2,9,42028,Zele,Normaal,Droog,Dag,met lichtgewonden,3,Fiets,10,"één bestuurder, geen hindernis",Buiten Kruispunt,Gemeenteweg,binnen bebouwde kom,"Eén bestuurder, geen hindernis (incl. val)",Geen hindernis
23644,121,Zele teller 2,Zele,51.0604067,4.0556696,1.8473204525345082,51.06344687533967,4.02968180094443,2021,2,9,42028,Zele,Normaal,Droog,Dag,met lichtgewonden,3,Fiets,10,"één bestuurder, geen hindernis",Buiten Kruispunt,Gemeenteweg,binnen bebouwde kom,"Eén bestuurder, geen hindernis (incl. val)",Geen hindernis
23645,120,Zele teller 1,Zele,51.0607671,4.0547741,1.3175234273924115,51.07260785621326,4.054080630509383,2021,2,18,42028,Zele,Normaal,Proper,"Nacht, openbare verlichting aanwezig en ontstoken",met lichtgewonden,3,Fiets,4,Vrachtwagen,Buiten Kruispunt,Gemeenteweg,buiten bebouwde kom,Tussen 2 bestuurders: Langs achteren,Geen hindernis
23645,121,Zele teller 2,Zele,51.0604067,4.0556696,1.3612425003038933,51.07260785621326,4.054080630509383,2021,2,18,42028,Zele,Normaal,Proper,"Nacht, openbare verlichting aanwezig en ontstoken",met lichtgewonden,3,Fiets,4,Vrachtwagen,Buiten Kruispunt,Gemeenteweg,buiten bebouwde kom,Tussen 2 bestuurders: Langs achteren,Geen hindernis
23646,120,Zele teller 1,Zele,51.0607671,4.0547741,1.586051294611223,51.06621411851899,4.033797889080096,2021,2,19,42028,Zele,Onbekend,Droog,"Nacht, openbare verlichting aanwezig en ontstoken",met lichtgewonden,9,personenauto,3,Fiets,Buiten Kruispunt,Gewestweg,binnen bebouwde kom,Tss. 2 best.: langs opzij (voor-/achterkant-flank),Geen hindernis
23646,121,Zele teller 2,Zele,51.0604067,4.0556696,1.6592486024818847,51.06621411851899,4.033797889080096,2021,2,19,42028,Zele,Onbekend,Droog,"Nacht, openbare verlichting aanwezig en ontstoken",met lichtgewonden,9,personenauto,3,Fiets,Buiten Kruispunt,Gewestweg,binnen bebouwde kom,Tss. 2 best.: langs opzij (voor-/achterkant-flank),Geen hindernis
23647,121,Zele teller 2,Zele,51.0604067,4.0556696,0.02338538638642517,51.06032573010651,4.055360772966991,2021,2,16,42028,Zele,Normaal,Droog,Dag,met zwaargewonden,3,Fiets,9,personenauto,Op Kruispunt,Gewestweg,buiten bebouwde kom,Tss. 2 best.: langs opzij (voor-/achterkant-flank),Geen hindernis
23647,120,Zele teller 1,Zele,51.0607671,4.0547741,0.06395054309792224,51.06032573010651,4.055360772966991,2021,2,16,42028,Zele,Normaal,Droog,Dag,met zwaargewonden,3,Fiets,9,personenauto,Op Kruispunt,Gewestweg,buiten bebouwde kom,Tss. 2 best.: langs opzij (voor-/achterkant-flank),Geen hindernis
23648,152,Opwijk,District Vilvoorde-gewestwegen,50.968901168564656,4.149169474840164,1.9306989133374732,50.98501089011194,4.138881817586743,2021,2,13,42011,Lebbeke,Normaal,Droog,Dag,met lichtgewonden,9,personenauto,3,Fiets,Buiten Kruispunt,Gewestweg,buiten bebouwde kom,Tss. 2 best.: langs opzij (voor-/achterkant-flank),Geen hindernis
23653,10,Aalst 2,Aalst,50.93549,4.01571,0.1309027217619533,50.93656713840904,4.016463799700179,2021,2,15,41002,Aalst,Normaal,Droog,Dag,met lichtgewonden,9,personenauto,3,Fiets,Buiten Kruispunt,Gemeenteweg,binnen bebouwde kom,Tussen 2 bestuurders: Frontale botsing,Geen hindernis
23653,19,Aalst 1,Aalst,50.93433,4.01471,0.2774605670041107,50.93656713840904,4.016463799700179,2021,2,15,41002,Aalst,Normaal,Droog,Dag,met lichtgewonden,9,personenauto,3,Fiets,Buiten Kruispunt,Gemeenteweg,binnen bebouwde kom,Tussen 2 bestuurders: Frontale botsing,Geen hindernis
23653,11,Aalst 3,Aalst,50.93385,4.01647,0.30213231848495425,50.93656713840904,4.016463799700179,2021,2,15,41002,Aalst,Normaal,Droog,Dag,met lichtgewonden,9,personenauto,3,Fiets,Buiten Kruispunt,Gemeenteweg,binnen bebouwde kom,Tussen 2 bestuurders: Frontale botsing,Geen hindernis
23655,125,Dendermonde totem,Dendermonde,51.0372706,4.1025998,0.6533961422277966,51.03289030099231,4.108828487845802,2021,2,7,42006,Dendermonde,Normaal,Droog,Dageraad - schemering,met lichtgewonden,3,Fiets,6,Bromfiets,Op Kruispunt,Gewestweg,binnen bebouwde kom,Tss. 2 best.: langs opzij (voor-/achterkant-flank),Geen hindernis