crash_row_id,site_id,site_name,site_gemeente,site_lat,site_long,distance_km,crash_lat,crash_long,DT_YEAR_COLLISION,DT_MONTH_COLLISION,DT_TIME,CD_NIS,TX_MUNTY_COLLISION_NL,TX_WEATHER_NL,TX_ROAD_CONDITION_NL,TX_LIGHT_CONDITION_NL,TX_CLASS_ACCIDENTS_NL,CD_ROAD_USR_TYPE1,TX_ROAD_USR_TYPE1_NL,CD_ROAD_USR_TYPE2,TX_ROAD_USR_TYPE2_NL,TX_CROSSWAY_NL,CD_ROAD_TYPE_NL,TX_BUILD_UP_AREA_NL,TX_COLLISION_TYPE_NL,TX_OBSTACLES_NL
23655,122,Dendermonde teller 2,Dendermonde,51.0373918,4.1019222,0.6955233863418621,51.03289030099231,4.108828487845802,2021,2,7,42006,Dendermonde,Normaal,Droog,Dageraad - schemering,met lichtgewonden,3,Fiets,6,Bromfiets,Op Kruispunt,Gewestweg,binnen bebouwde kom,Tss. 2 best.: langs opzij (voor-/achterkant-flank),Geen hindernis
23658,54,Brugge teller 2,Brugge,51.23015,3.22818,1.8357682450602961,51.214159805027585,3.2216208127137365,2021,2,10,31005,Brugge,Normaal,Droog,Dag,met lichtgewonden,3,Fiets,9,personenauto,Op Kruispunt,Gemeenteweg,binnen bebouwde kom,Tussen 2 bestuurders: Flank tegen flank,Geen hindernis
23658,53,Brugge teller 1,Brugge,51.23023,3.228,1.8413207141962515,51.214159805027585,3.2216208127137365,2021,2,10,31005,Brugge,Normaal,Droog,Dag,met lichtgewonden,3,Fiets,9,personenauto,Op Kruispunt,Gemeenteweg,binnen bebouwde kom,Tussen 2 bestuurders: Flank tegen flank,Geen hindernis
23658,52,Brugge,Brugge,51.22632,3.24095,1.90800822555822,51.214159805027585,3.2216208127137365,2021,2,10,31005,Brugge,Normaal,Droog,Dag,met lichtgewonden,3,Fiets,9,personenauto,Op Kruispunt,Gemeenteweg,binnen bebouwde kom,Tussen 2 bestuurders: Flank tegen flank,Geen hindernis
23658,142,TEST Validatie BRUGGE Y2H22022134,Brugge,51.22632,3.24095,1.90800822555822,51.214159805027585,3.2216208127137365,2021,2,10,31005,Brugge,Normaal,Droog,Dag,met lichtgewonden,3,Fiets,9,personenauto,Op Kruispunt,Gemeenteweg,binnen bebouwde kom,Tussen 2 bestuurders: Flank tegen flank,Geen hindernis
23659,54,Brugge teller 2,Brugge,51.23015,3.22818,2.259299150097589,51.21246094027755,3.2122189052726,2021,2,13,31005,Brugge,Normaal,Droog,Dag,met lichtgewonden,9,personenauto,3,Fiets,Buiten Kruispunt,Gemeenteweg,binnen bebouwde kom,Kettingbotsing (3 bestuurders of meer),Geen hindernis
23659,53,Brugge teller 1,Brugge,51.23023,3.228,2.2609272539692413,51.21246094027755,3.2122189052726,2021,2,13,31005,Brugge,Normaal,Droog,Dag,met lichtgewonden,9,personenauto,3,Fiets,Buiten Kruispunt,Gemeenteweg,binnen bebouwde kom,Kettingbotsing (3 bestuurders of meer),Geen hindernis
23661,54,Brugge teller 2,Brugge,51.23015,3.22818,0.7078877013091226,51.22381509812546,3.227173413273317,2021,2,8,31005,Brugge,Normaal,Droog,Dageraad - schemering,met lichtgewonden,3,Fiets,3,Fiets,Op Kruispunt,Gewestweg,binnen bebouwde kom,Tussen 2 bestuurders: Langs achteren,Geen hindernis
23661,53,Brugge teller 1,Brugge,51.23023,3.228,0.71562307421255,51.22381509812546,3.227173413273317,2021,2,8,31005,Brugge,Normaal,Droog,Dageraad - schemering,met lichtgewonden,3,Fiets,3,Fiets,Op Kruispunt,Gewestweg,binnen bebouwde kom,Tussen 2 bestuurders: Langs achteren,Geen hindernis
23661,52,Brugge,Brugge,51.22632,3.24095,0.9989788146726949,51.22381509812546,3.227173413273317,2021,2,8,31005,Brugge,Normaal,Droog,Dageraad - schemering,met lichtgewonden,3,Fiets,3,Fiets,Op Kruispunt,Gewestweg,binnen bebouwde kom,Tussen 2 bestuurders: Langs achteren,Geen hindernis
23661,142,TEST Validatie BRUGGE Y2H22022134,Brugge,51.22632,3.24095,0.9989788146726949,51.22381509812546,3.227173413273317,2021,2,8,31005,Brugge,Normaal,Droog,Dageraad - schemering,met lichtgewonden,3,Fiets,3,Fiets,Op Kruispunt,Gewestweg,binnen bebouwde kom,Tussen 2 bestuurders: Langs achteren,Geen hindernis
23662,20,Brugge,Brugge,51.17416,3.20048,1.6129981665156068,51.188588666763145,3.2028669274586608,2021,2,8,31005,Brugge,Regenval,"Nat, plassen",Dageraad - schemering,met lichtgewonden,3,Fiets,9,personenauto,Buiten Kruispunt,Gemeenteweg,binnen bebouwde kom,Tss. 2 best.: langs opzij (voor-/achterkant-flank),Geen hindernis
23664,142,TEST Validatie BRUGGE Y2H22022134,Brugge,51.22632,3.24095,1.5366516708096527,51.212518048084895,3.2398403397720177,2021,2,23,31005,Brugge,Normaal,Droog,"Nacht, openbare verlichting aanwezig en ontstoken",met lichtgewonden,9,personenauto,3,Fiets,Op Kruispunt,Gewestweg,binnen bebouwde kom,Tss. 2 best.: langs opzij (voor-/achterkant-flank),Geen hindernis
23664,52,Brugge,Brugge,51.22632,3.24095,1.5366516708096527,51.212518048084895,3.2398403397720177,2021,2,23,31005,Brugge,Normaal,Droog,"Nacht, openbare verlichting aanwezig en ontstoken",met lichtgewonden,9,personenauto,3,Fiets,Op Kruispunt,Gewestweg,binnen bebouwde kom,Tss. 2 best.: langs opzij (voor-/achterkant-flank),Geen hindernis
23664,54,Brugge teller 2,Brugge,51.23015,3.22818,2.122104881645105,51.212518048084895,3.2398403397720177,2021,2,23,31005,Brugge,Normaal,Droog,"Nacht, openbare verlichting aanwezig en ontstoken",met lichtgewonden,9,personenauto,3,Fiets,Op Kruispunt,Gewestweg,binnen bebouwde kom,Tss. 2 best.: langs opzij (voor-/achterkant-flank),Geen hindernis
23664,53,Brugge teller 1,Brugge,51.23023,3.228,2.1351357903093775,51.212518048084895,3.2398403397720177,2021,2,23,31005,Brugge,Normaal,Droog,"Nacht, openbare verlichting aanwezig en ontstoken",met lichtgewonden,9,personenauto,3,Fiets,Op Kruispunt,Gewestweg,binnen bebouwde kom,Tss. 2 best.: langs opzij (voor-/achterkant-flank),Geen hindernis
23681,59,Ardooie teller 1,Ardooie,50.96784,3.18479,0.5396818353127719,50.97071599061044,3.190998291491309,2021,2,14,37020,Ardooie,Normaal,Droog,Dag,met lichtgewonden,5,Lichte vrachtauto,3,Fiets,Buiten Kruispunt,Gewestweg,buiten bebouwde kom,Tss. 2 best.: langs opzij (voor-/achterkant-flank),Geen hindernis
23681,60,Ardooie teller 2,Ardooie,50.96783,3.18411,0.5793411403215103,50.97071599061044,3.190998291491309,2021,2,14,37020,Ardooie,Normaal,Droog,Dag,met lichtgewonden,5,Lichte vrachtauto,3,Fiets,Buiten Kruispunt,Gewestweg,buiten bebouwde kom,Tss. 2 best.: langs opzij (voor-/achterkant-flank),Geen hindernis
23682,18,Oostende 1,Oostende,51.21378,2.92765,1.403774388093989,51.22323177392381,2.941011538591952,2021,2,7,35013,Oostende,Normaal,Droog,Dag,met lichtgewonden,9,personenauto,3,Fiets,Op Kruispunt,Gewestweg,binnen bebouwde kom,Tss. 2 best.: langs opzij (voor-/achterkant-flank),Geen hindernis
23682,15,Oostende 2,Oostende,51.21371,2.92743,1.4197739658792046,51.22323177392381,2.941011538591952,2021,2,7,35013,Oostende,Normaal,Droog,Dag,met lichtgewonden,9,personenauto,3,Fiets,Op Kruispunt,Gewestweg,binnen bebouwde kom,Tss. 2 best.: langs opzij (voor-/achterkant-flank),Geen hindernis
23683,15,Oostende 2,Oostende,51.21371,2.92743,1.7530433834085992,51.21823482939762,2.903319945656019,2021,2,16,35013,Oostende,Normaal,Droog,Dag,met lichtgewonden,3,Fiets,5,Lichte vrachtauto,Buiten Kruispunt,Gemeenteweg,binnen bebouwde kom,Tss. 2 best.: langs opzij (voor-/achterkant-flank),Geen hindernis
23683,18,Oostende 1,Oostende,51.21378,2.92765,1.7655265150097736,51.21823482939762,2.903319945656019,2021,2,16,35013,Oostende,Normaal,Droog,Dag,met lichtgewonden,3,Fiets,5,Lichte vrachtauto,Buiten Kruispunt,Gemeenteweg,binnen bebouwde kom,Tss. 2 best.: langs opzij (voor-/achterkant-flank),Geen hindernis
23684,15,Oostende 2,Oostende,51.21371,2.92743,1.3547507415908882,51.214463727620036,2.908017495364371,2021,2,16,35013,Oostende,Normaal,"Nat, plassen",Dag,met lichtgewonden,9,personenauto,3,Fiets,Op Kruispunt,Gewestweg,binnen bebouwde kom,Tss. 2 best.: langs opzij (voor-/achterkant-flank),Geen hindernis
23684,18,Oostende 1,Oostende,51.21378,2.92765,1.3695904096919267,51.214463727620036,2.908017495364371,2021,2,16,35013,Oostende,Normaal,"Nat, plassen",Dag,met lichtgewonden,9,personenauto,3,Fiets,Op Kruispunt,Gewestweg,binnen bebouwde kom,Tss. 2 best.: langs opzij (voor-/achterkant-flank),Geen hindernis
23685,55,Torhout teller 1,Torhout,51.07161,3.08261,1.953115936166863,51.07667519465889,3.1093778397327223,2021,2,18,31033,Torhout,Normaal,Droog,Dageraad - schemering,met lichtgewonden,3,Fiets,9,personenauto,Buiten Kruispunt,Gewestweg,buiten bebouwde kom,Tussen 2 bestuurders: Flank tegen flank,Geen hindernis
23685,56,Torhout teller 2,Torhout,51.07147,3.08244,1.9690138513066215,51.07667519465889,3.1093778397327223,2021,2,18,31033,Torhout,Normaal,Droog,Dageraad - schemering,met lichtgewonden,3,Fiets,9,personenauto,Buiten Kruispunt,Gewestweg,buiten bebouwde kom,Tussen 2 bestuurders: Flank tegen flank,Geen hindernis
23693,61,Wervik teller 2,Wervik,50.80555,3.0921,2.496409187884424,50.79477971970194,3.123267427428964,2021,2,8,34027,Menen,Normaal,"Nat, plassen",Dageraad - schemering,met lichtgewonden,3,Fiets,10,"één bestuurder, geen hindernis",Buiten Kruispunt,Gemeenteweg,binnen bebouwde kom,"Eén bestuurder, geen hindernis (incl. val)",Geen hindernis
23694,61,Wervik teller 2,Wervik,50.80555,3.0921,1.7096567979731567,50.79829291086444,3.113547490473782,2021,2,6,34027,Menen,Normaal,Droog,Dageraad - schemering,met lichtgewonden,3,Fiets,9,personenauto,Op Kruispunt,Gewestweg,binnen bebouwde kom,Tss. 2 best.: langs opzij (voor-/achterkant-flank),Geen hindernis
23694,62,Wervik teller 1,Wervik,50.8058,3.09154,1.7574788508052492,50.79829291086444,3.113547490473782,2021,2,6,34027,Menen,Normaal,Droog,Dageraad - schemering,met lichtgewonden,3,Fiets,9,personenauto,Op Kruispunt,Gewestweg,binnen bebouwde kom,Tss. 2 best.: langs opzij (voor-/achterkant-flank),Geen hindernis
23695,74,Kortrijk teller 1,Kortrijk,50.81909,3.25728,0.8782052502176854,50.813560207222686,3.266205135277216,2021,2,15,34022,Kortrijk,Normaal,Droog,Dag,met lichtgewonden,3,Fiets,3,Fiets,Buiten Kruispunt,Gewestweg,binnen bebouwde kom,Tss. 2 best.: langs opzij (voor-/achterkant-flank),Geen hindernis
23695,75,Kortrijk teller 2,Kortrijk,50.81925,3.25731,0.8892694185761382,50.813560207222686,3.266205135277216,2021,2,15,34022,Kortrijk,Normaal,Droog,Dag,met lichtgewonden,3,Fiets,3,Fiets,Buiten Kruispunt,Gewestweg,binnen bebouwde kom,Tss. 2 best.: langs opzij (voor-/achterkant-flank),Geen hindernis
23695,143,Eco Display Classic Budastraat,Kortrijk,50.83066,3.26286,1.9158747893647843,50.813560207222686,3.266205135277216,2021,2,15,34022,Kortrijk,Normaal,Droog,Dag,met lichtgewonden,3,Fiets,3,Fiets,Buiten Kruispunt,Gewestweg,binnen bebouwde kom,Tss. 2 best.: langs opzij (voor-/achterkant-flank),Geen hindernis
23695,16,Kortrijk 1,Kortrijk,50.83332,3.27777,2.342553228083356,50.813560207222686,3.266205135277216,2021,2,15,34022,Kortrijk,Normaal,Droog,Dag,met lichtgewonden,3,Fiets,3,Fiets,Buiten Kruispunt,Gewestweg,binnen bebouwde kom,Tss. 2 best.: langs opzij (voor-/achterkant-flank),Geen hindernis
23695,17,Kortrijk 2,Kortrijk,50.83339,3.27773,2.3488853558899327,50.813560207222686,3.266205135277216,2021,2,15,34022,Kortrijk,Normaal,Droog,Dag,met lichtgewonden,3,Fiets,3,Fiets,Buiten Kruispunt,Gewestweg,binnen bebouwde kom,Tss. 2 best.: langs opzij (voor-/achterkant-flank),Geen hindernis
23696,143,Eco Display Classic Budastraat,Kortrijk,50.83066,3.26286,0.6594353450476739,50.824735313593585,3.263273632058871,2021,2,14,34022,Kortrijk,Normaal,Droog,Dag,met lichtgewonden,3,Fiets,10,"één bestuurder, geen hindernis",Buiten Kruispunt,Gemeenteweg,binnen bebouwde kom,"Eén bestuurder, geen hindernis (incl. val)",Geen hindernis
23696,75,Kortrijk teller 2,Kortrijk,50.81925,3.25731,0.739944285353609,50.824735313593585,3.263273632058871,2021,2,14,34022,Kortrijk,Normaal,Droog,Dag,met lichtgewonden,3,Fiets,10,"één bestuurder, geen hindernis",Buiten Kruispunt,Gemeenteweg,binnen bebouwde kom,"Eén bestuurder, geen hindernis (incl. val)",Geen hindernis
23696,74,Kortrijk teller 1,Kortrijk,50.81909,3.25728,0.7558490735065391,50.824735313593585,3.263273632058871,2021,2,14,34022,Kortrijk,Normaal,Droog,Dag,met lichtgewonden,3,Fiets,10,"één bestuurder, geen hindernis",Buiten Kruispunt,Gemeenteweg,binnen bebouwde kom,"Eén bestuurder, geen hindernis (incl. val)",Geen hindernis
23696,16,Kortrijk 1,Kortrijk,50.83332,3.27777,1.3956499268767384,50.824735313593585,3.263273632058871,2021,2,14,34022,Kortrijk,Normaal,Droog,Dag,met lichtgewonden,3,Fiets,10,"één bestuurder, geen hindernis",Buiten Kruispunt,Gemeenteweg,binnen bebouwde kom,"Eén bestuurder, geen hindernis (incl. val)",Geen hindernis
23696,17,Kortrijk 2,Kortrijk,50.83339,3.27773,1.398944249655163,50.824735313593585,3.263273632058871,2021,2,14,34022,Kortrijk,Normaal,Droog,Dag,met lichtgewonden,3,Fiets,10,"één bestuurder, geen hindernis",Buiten Kruispunt,Gemeenteweg,binnen bebouwde kom,"Eén bestuurder, geen hindernis (incl. val)",Geen hindernis
23699,16,Kortrijk 1,Kortrijk,50.83332,3.27777,0.5411732879353238,50.82852876563906,3.2764166426259815,2021,2,12,34022,Kortrijk,Normaal,Droog,Dag,met lichtgewonden,9,personenauto,3,Fiets,Op Kruispunt,Gemeenteweg,binnen bebouwde kom,Tss. 2 best.: langs opzij (voor-/achterkant-flank),Geen hindernis
23699,17,Kortrijk 2,Kortrijk,50.83339,3.27773,0.548358093435371,50.82852876563906,3.2764166426259815,2021,2,12,34022,Kortrijk,Normaal,Droog,Dag,met lichtgewonden,9,personenauto,3,Fiets,Op Kruispunt,Gemeenteweg,binnen bebouwde kom,Tss. 2 best.: langs opzij (voor-/achterkant-flank),Geen hindernis
23699,143,Eco Display Classic Budastraat,Kortrijk,50.83066,3.26286,0.9811851497723328,50.82852876563906,3.2764166426259815,2021,2,12,34022,Kortrijk,Normaal,Droog,Dag,met lichtgewonden,9,personenauto,3,Fiets,Op Kruispunt,Gemeenteweg,binnen bebouwde kom,Tss. 2 best.: langs opzij (voor-/achterkant-flank),Geen hindernis
23699,75,Kortrijk teller 2,Kortrijk,50.81925,3.25731,1.6928497649814631,50.82852876563906,3.2764166426259815,2021,2,12,34022,Kortrijk,Normaal,Droog,Dag,met lichtgewonden,9,personenauto,3,Fiets,Op Kruispunt,Gemeenteweg,binnen bebouwde kom,Tss. 2 best.: langs opzij (voor-/achterkant-flank),Geen hindernis
23699,74,Kortrijk teller 1,Kortrijk,50.81909,3.25728,1.7054137341167197,50.82852876563906,3.2764166426259815,2021,2,12,34022,Kortrijk,Normaal,Droog,Dag,met lichtgewonden,9,personenauto,3,Fiets,Op Kruispunt,Gemeenteweg,binnen bebouwde kom,Tss. 2 best.: langs opzij (voor-/achterkant-flank),Geen hindernis
23700,143,Eco Display Classic Budastraat,Kortrijk,50.83066,3.26286,1.190686946288437,50.83550764634404,3.247742438559272,2021,2,18,34022,Kortrijk,Normaal,Droog,"Nacht, openbare verlichting aanwezig en ontstoken",met lichtgewonden,9,personenauto,3,Fiets,Op Kruispunt,Gemeenteweg,binnen bebouwde kom,Tss. 2 best.: langs opzij (voor-/achterkant-flank),Geen hindernis
23700,75,Kortrijk teller 2,Kortrijk,50.81925,3.25731,1.9286284069676058,50.83550764634404,3.247742438559272,2021,2,18,34022,Kortrijk,Normaal,Droog,"Nacht, openbare verlichting aanwezig en ontstoken",met lichtgewonden,9,personenauto,3,Fiets,Op Kruispunt,Gemeenteweg,binnen bebouwde kom,Tss. 2 best.: langs opzij (voor-/achterkant-flank),Geen hindernis
23700,74,Kortrijk teller 1,Kortrijk,50.81909,3.25728,1.9445880660393629,50.83550764634404,3.247742438559272,2021,2,18,34022,Kortrijk,Normaal,Droog,"Nacht, openbare verlichting aanwezig en ontstoken",met lichtgewonden,9,personenauto,3,Fiets,Op Kruispunt,Gemeenteweg,binnen bebouwde kom,Tss. 2 best.: langs opzij (voor-/achterkant-flank),Geen hindernis
23700,17,Kortrijk 2,Kortrijk,50.83339,3.27773,2.1190489591477517,50.83550764634404,3.247742438559272,2021,2,18,34022,Kortrijk,Normaal,Droog,"Nacht, openbare verlichting aanwezig en ontstoken",met lichtgewonden,9,personenauto,3,Fiets,Op Kruispunt,Gemeenteweg,binnen bebouwde kom,Tss. 2 best.: langs opzij (voor-/achterkant-flank),Geen hindernis
23700,16,Kortrijk 1,Kortrijk,50.83332,3.27777,2.1227201070889765,50.83550764634404,3.247742438559272,2021,2,18,34022,Kortrijk,Normaal,Droog,"Nacht, openbare verlichting aanwezig en ontstoken",met lichtgewonden,9,personenauto,3,Fiets,Op Kruispunt,Gemeenteweg,binnen bebouwde kom,Tss. 2 best.: langs opzij (voor-/achterkant-flank),Geen hindernis
23701,143,Eco Display Classic Budastraat,Kortrijk,50.83066,3.26286,0.15880165344598435,50.83172112478174,3.261346686981758,2021,2,15,34022,Kortrijk,Regenval,"Nat, plassen",Dag,met lichtgewonden,9,personenauto,3,Fiets,Buiten Kruispunt,Gemeenteweg,binnen bebouwde kom,Tussen 2 bestuurders: Flank tegen flank,Geen hindernis
23701,17,Kortrijk 2,Kortrijk,50.83339,3.27773,1.1654601084866347,50.83172112478174,3.261346686981758,2021,2,15,34022,Kortrijk,Regenval,"Nat, plassen",Dag,met lichtgewonden,9,personenauto,3,Fiets,Buiten Kruispunt,Gemeenteweg,binnen bebouwde kom,Tussen 2 bestuurders: Flank tegen flank,Geen hindernis
23701,16,Kortrijk 1,Kortrijk,50.83332,3.27777,1.1670232828114375,50.83172112478174,3.261346686981758,2021,2,15,34022,Kortrijk,Regenval,"Nat, plassen",Dag,met lichtgewonden,9,personenauto,3,Fiets,Buiten Kruispunt,Gemeenteweg,binnen bebouwde kom,Tussen 2 bestuurders: Flank tegen flank,Geen hindernis
23701,75,Kortrijk teller 2,Kortrijk,50.81925,3.25731,1.415415802117958,50.83172112478174,3.261346686981758,2021,2,15,34022,Kortrijk,Regenval,"Nat, plassen",Dag,met lichtgewonden,9,personenauto,3,Fiets,Buiten Kruispunt,Gemeenteweg,binnen bebouwde kom,Tussen 2 bestuurders: Flank tegen flank,Geen hindernis
23701,74,Kortrijk teller 1,Kortrijk,50.81909,3.25728,1.433269367808393,50.83172112478174,3.261346686981758,2021,2,15,34022,Kortrijk,Regenval,"Nat, plassen",Dag,met lichtgewonden,9,personenauto,3,Fiets,Buiten Kruispunt,Gemeenteweg,binnen bebouwde kom,Tussen 2 bestuurders: Flank tegen flank,Geen hindernis
23702,143,Eco Display Classic Budastraat,Kortrijk,50.83066,3.26286,0.458024582694439,50.83381928215224,3.2586751680770654,2021,2,9,34022,Kortrijk,Normaal,Droog,Dag,met lichtgewonden,3,Fiets,9,personenauto,Op Kruispunt,Gewestweg,binnen bebouwde kom,Tss. 2 best.: langs opzij (voor-/achterkant-flank),Geen hindernis
23702,17,Kortrijk 2,Kortrijk,50.83339,3.27773,1.339031915785128,50.83381928215224,3.2586751680770654,2021,2,9,34022,Kortrijk,Normaal,Droog,Dag,met lichtgewonden,3,Fiets,9,personenauto,Op Kruispunt,Gewestweg,binnen bebouwde kom,Tss. 2 best.: langs opzij (voor-/achterkant-flank),Geen hindernis
23702,16,Kortrijk 1,Kortrijk,50.83332,3.27777,1.342139688715325,50.83381928215224,3.2586751680770654,2021,2,9,34022,Kortrijk,Normaal,Droog,Dag,met lichtgewonden,3,Fiets,9,personenauto,Op Kruispunt,Gewestweg,binnen bebouwde kom,Tss. 2 best.: langs opzij (voor-/achterkant-flank),Geen hindernis
23702,75,Kortrijk teller 2,Kortrijk,50.81925,3.25731,1.6228655024117824,50.83381928215224,3.2586751680770654,2021,2,9,34022,Kortrijk,Normaal,Droog,Dag,met lichtgewonden,3,Fiets,9,personenauto,Op Kruispunt,Gewestweg,binnen bebouwde kom,Tss. 2 best.: langs opzij (voor-/achterkant-flank),Geen hindernis
23702,74,Kortrijk teller 1,Kortrijk,50.81909,3.25728,1.6407504577124272,50.83381928215224,3.2586751680770654,2021,2,9,34022,Kortrijk,Normaal,Droog,Dag,met lichtgewonden,3,Fiets,9,personenauto,Op Kruispunt,Gewestweg,binnen bebouwde kom,Tss. 2 best.: langs opzij (voor-/achterkant-flank),Geen hindernis
23703,143,Eco Display Classic Budastraat,Kortrijk,50.83066,3.26286,0.5983726168820884,50.83218594806821,3.2546896807927004,2021,2,12,34022,Kortrijk,Normaal,Onbekend,Dag,met lichtgewonden,3,Fiets,9,personenauto,Op Kruispunt,Gewestweg,binnen bebouwde kom,Tussen 2 bestuurders: Flank tegen flank,Geen hindernis
23703,75,Kortrijk teller 2,Kortrijk,50.81925,3.25731,1.45013900099927,50.83218594806821,3.2546896807927004,2021,2,12,34022,Kortrijk,Normaal,Onbekend,Dag,met lichtgewonden,3,Fiets,9,personenauto,Op Kruispunt,Gewestweg,binnen bebouwde kom,Tussen 2 bestuurders: Flank tegen flank,Geen hindernis
23703,74,Kortrijk teller 1,Kortrijk,50.81909,3.25728,1.4675253497455616,50.83218594806821,3.2546896807927004,2021,2,12,34022,Kortrijk,Normaal,Onbekend,Dag,met lichtgewonden,3,Fiets,9,personenauto,Op Kruispunt,Gewestweg,binnen bebouwde kom,Tussen 2 bestuurders: Flank tegen flank,Geen hindernis
23703,17,Kortrijk 2,Kortrijk,50.83339,3.27773,1.6236310096995052,50.83218594806821,3.2546896807927004,2021,2,12,34022,Kortrijk,Normaal,Onbekend,Dag,met lichtgewonden,3,Fiets,9,personenauto,Op Kruispunt,Gewestweg,binnen bebouwde kom,Tussen 2 bestuurders: Flank tegen flank,Geen hindernis
23703,16,Kortrijk 1,Kortrijk,50.83332,3.27777,1.6258096085273015,50.83218594806821,3.2546896807927004,2021,2,12,34022,Kortrijk,Normaal,Onbekend,Dag,met lichtgewonden,3,Fiets,9,personenauto,Op Kruispunt,Gewestweg,binnen bebouwde kom,Tussen 2 bestuurders: Flank tegen flank,Geen hindernis
23711,62,Wervik teller 1,Wervik,50.8058,3.09154,1.5588973353139641,50.80765906664578,3.0695509974346833,2021,2,17,33029,Wervik,Normaal,Droog,Dag,met lichtgewonden,9,personenauto,3,Fiets,Op Kruispunt,Gewestweg,binnen bebouwde kom,Tss. 2 best.: langs opzij (voor-/achterkant-flank),Geen hindernis
23711,61,Wervik teller 2,Wervik,50.80555,3.0921,1.6017462898077344,50.80765906664578,3.0695509974346833,2021,2,17,33029,Wervik,Normaal,Droog,Dag,met lichtgewonden,9,personenauto,3,Fiets,Op Kruispunt,Gewestweg,binnen bebouwde kom,Tss. 2 best.: langs opzij (voor-/achterkant-flank),Geen hindernis
23715,42,Maasmechelen teller 2,Maasmechelen,50.97043,5.6981,1.6746683341743673,50.97674769996568,5.6763881248817745,2021,2,17,73107,Maasmechelen,Normaal,Droog,Dag,met lichtgewonden,9,personenauto,3,Fiets,Buiten Kruispunt,Gemeenteweg,binnen bebouwde kom,Tss. 2 best.: langs opzij (voor-/achterkant-flank),Geen hindernis
23715,41,Maasmechelen teller 1,Maasmechelen,50.97025,5.69799,1.6762121138848929,50.97674769996568,5.6763881248817745,2021,2,17,73107,Maasmechelen,Normaal,Droog,Dag,met lichtgewonden,9,personenauto,3,Fiets,Buiten Kruispunt,Gemeenteweg,binnen bebouwde kom,Tss. 2 best.: langs opzij (voor-/achterkant-flank),Geen hindernis
23724,83,Beersel teller 2,Beersel,50.75175,4.33304,1.8877973266720167,50.75719466924043,4.307621902015865,2021,2,16,23003,Beersel,Normaal,Droog,Dag,met zwaargewonden,3,Fiets,10,"één bestuurder, geen hindernis",Buiten Kruispunt,Gemeenteweg,buiten bebouwde kom,"Eén bestuurder, geen hindernis (incl. val)",Geen hindernis
23724,82,Beersel teller 1,Beersel,50.75128,4.33336,1.9263523203850348,50.75719466924043,4.307621902015865,2021,2,16,23003,Beersel,Normaal,Droog,Dag,met zwaargewonden,3,Fiets,10,"één bestuurder, geen hindernis",Buiten Kruispunt,Gemeenteweg,buiten bebouwde kom,"Eén bestuurder, geen hindernis (incl. val)",Geen hindernis
23726,99,Mechelen teller 1,Mechelen,51.04564,4.46882,0.6776141931243619,51.03991086137724,4.472123062574219,2021,2,18,12025,Mechelen,Normaal,"Ijzel, sneeuw",Dag,met lichtgewonden,9,personenauto,3,Fiets,Op Kruispunt,Gewestweg,binnen bebouwde kom,Tss. 2 best.: langs opzij (voor-/achterkant-flank),Geen hindernis
23726,100,Mechelen teller 2,Mechelen,51.0457,4.46883,0.6836544857055411,51.03991086137724,4.472123062574219,2021,2,18,12025,Mechelen,Normaal,"Ijzel, sneeuw",Dag,met lichtgewonden,9,personenauto,3,Fiets,Op Kruispunt,Gewestweg,binnen bebouwde kom,Tss. 2 best.: langs opzij (voor-/achterkant-flank),Geen hindernis
23727,99,Mechelen teller 1,Mechelen,51.04564,4.46882,0.26828267508206155,51.04337529355455,4.4701434438195,2021,2,7,12025,Mechelen,Regenval,"Nat, plassen","Nacht, openbare verlichting aanwezig en ontstoken",met lichtgewonden,3,Fiets,9,personenauto,Op Kruispunt,Gewestweg,binnen bebouwde kom,Tss. 2 best.: langs opzij (voor-/achterkant-flank),Geen hindernis
23727,100,Mechelen teller 2,Mechelen,51.0457,4.46883,0.2743198916295205,51.04337529355455,4.4701434438195,2021,2,7,12025,Mechelen,Regenval,"Nat, plassen","Nacht, openbare verlichting aanwezig en ontstoken",met lichtgewonden,3,Fiets,9,personenauto,Op Kruispunt,Gewestweg,binnen bebouwde kom,Tss. 2 best.: langs opzij (voor-/achterkant-flank),Geen hindernis
23728,99,Mechelen teller 1,Mechelen,51.04564,4.46882,1.9764415442178702,51.02789817850372,4.470534964406606,2021,2,12,12025,Mechelen,Normaal,"Ijzel, sneeuw",Dag,met lichtgewonden,3,Fiets,5,Lichte vrachtauto,Op Kruispunt,Gewestweg,binnen bebouwde kom,Tussen 2 bestuurders: Frontale botsing,Geen hindernis
23728,100,Mechelen teller 2,Mechelen,51.0457,4.46883,1.9830588286921478,51.02789817850372,4.470534964406606,2021,2,12,12025,Mechelen,Normaal,"Ijzel, sneeuw",Dag,met lichtgewonden,3,Fiets,5,Lichte vrachtauto,Op Kruispunt,Gewestweg,binnen bebouwde kom,Tussen 2 bestuurders: Frontale botsing,Geen hindernis
23731,99,Mechelen teller 1,Mechelen,51.04564,4.46882,1.8039880631780107,51.03968640564812,4.4448168537004555,2021,2,16,12025,Mechelen,Normaal,Droog,Dag,met zwaargewonden,9,personenauto,3,Fiets,Op Kruispunt,Gewestweg,binnen bebouwde kom,Tss. 2 best.: langs opzij (voor-/achterkant-flank),Geen hindernis