crash_row_id,site_id,site_name,site_gemeente,site_lat,site_long,distance_km,crash_lat,crash_long,DT_YEAR_COLLISION,DT_MONTH_COLLISION,DT_TIME,CD_NIS,TX_MUNTY_COLLISION_NL,TX_WEATHER_NL,TX_ROAD_CONDITION_NL,TX_LIGHT_CONDITION_NL,TX_CLASS_ACCIDENTS_NL,CD_ROAD_USR_TYPE1,TX_ROAD_USR_TYPE1_NL,CD_ROAD_USR_TYPE2,TX_ROAD_USR_TYPE2_NL,TX_CROSSWAY_NL,CD_ROAD_TYPE_NL,TX_BUILD_UP_AREA_NL,TX_COLLISION_TYPE_NL,TX_OBSTACLES_NL
23731,100,Mechelen teller 2,Mechelen,51.0457,4.46883,1.8070955119590084,51.03968640564812,4.4448168537004555,2021,2,16,12025,Mechelen,Normaal,Droog,Dag,met zwaargewonden,9,personenauto,3,Fiets,Op Kruispunt,Gewestweg,binnen bebouwde kom,Tss. 2 best.: langs opzij (voor-/achterkant-flank),Geen hindernis
23732,30,Herk De Stad,Herk-de-Stad,50.94374,5.17691,1.3843163163200387,50.93209140337806,5.16993865231799,2021,2,8,71024,Herk-de-Stad,Normaal,Droog,Dag,met lichtgewonden,5,Lichte vrachtauto,3,Fiets,Op Kruispunt,Gewestweg,buiten bebouwde kom,Tss. 2 best.: langs opzij (voor-/achterkant-flank),Geen hindernis
23732,31,Herk De Stad,Herk-de-Stad,50.94366,5.1775,1.391210288516469,50.93209140337806,5.16993865231799,2021,2,8,71024,Herk-de-Stad,Normaal,Droog,Dag,met lichtgewonden,5,Lichte vrachtauto,3,Fiets,Op Kruispunt,Gewestweg,buiten bebouwde kom,Tss. 2 best.: langs opzij (voor-/achterkant-flank),Geen hindernis
23733,140,Hasselt ring,Hasselt,50.9300038,5.3438616,0.5894749480162504,50.9349728440779,5.346792556695761,2021,2,19,71022,Hasselt,Regenval,"Nat, plassen","Nacht, openbare verlichting aanwezig en ontstoken",met lichtgewonden,3,Fiets,9,personenauto,Op Kruispunt,Gemeenteweg,binnen bebouwde kom,Tss. 2 best.: langs opzij (voor-/achterkant-flank),Geen hindernis
23733,138,Hasselt-Kempische brug,Hasselt,50.9405318,5.3422472,0.6953580717151877,50.9349728440779,5.346792556695761,2021,2,19,71022,Hasselt,Regenval,"Nat, plassen","Nacht, openbare verlichting aanwezig en ontstoken",met lichtgewonden,3,Fiets,9,personenauto,Op Kruispunt,Gemeenteweg,binnen bebouwde kom,Tss. 2 best.: langs opzij (voor-/achterkant-flank),Geen hindernis
23733,137,Hasselt-Kempische brug,Hasselt,50.9411605,5.3417576,0.7732160322711281,50.9349728440779,5.346792556695761,2021,2,19,71022,Hasselt,Regenval,"Nat, plassen","Nacht, openbare verlichting aanwezig en ontstoken",met lichtgewonden,3,Fiets,9,personenauto,Op Kruispunt,Gemeenteweg,binnen bebouwde kom,Tss. 2 best.: langs opzij (voor-/achterkant-flank),Geen hindernis
23734,138,Hasselt-Kempische brug,Hasselt,50.9405318,5.3422472,0.3152843689789059,50.93783979491605,5.340834275797504,2021,2,10,71022,Hasselt,Normaal,Droog,Dag,met lichtgewonden,9,personenauto,3,Fiets,Op Kruispunt,Gewestweg,binnen bebouwde kom,Tss. 2 best.: langs opzij (voor-/achterkant-flank),Geen hindernis
23734,137,Hasselt-Kempische brug,Hasselt,50.9411605,5.3417576,0.37487043137952586,50.93783979491605,5.340834275797504,2021,2,10,71022,Hasselt,Normaal,Droog,Dag,met lichtgewonden,9,personenauto,3,Fiets,Op Kruispunt,Gewestweg,binnen bebouwde kom,Tss. 2 best.: langs opzij (voor-/achterkant-flank),Geen hindernis
23734,140,Hasselt ring,Hasselt,50.9300038,5.3438616,0.8967771216452312,50.93783979491605,5.340834275797504,2021,2,10,71022,Hasselt,Normaal,Droog,Dag,met lichtgewonden,9,personenauto,3,Fiets,Op Kruispunt,Gewestweg,binnen bebouwde kom,Tss. 2 best.: langs opzij (voor-/achterkant-flank),Geen hindernis
23738,32,Lummen,Lummen,50.97971,5.20961,1.2830805384224475,50.99020179455771,5.217239971197014,2021,2,10,71037,Lummen,Normaal,Droog,Dag,met lichtgewonden,9,personenauto,3,Fiets,Op Kruispunt,Gemeenteweg,buiten bebouwde kom,Tussen 2 bestuurders: Flank tegen flank,Geen hindernis
23738,33,Lummen,Lummen,50.97978,5.20936,1.2834305967765516,50.99020179455771,5.217239971197014,2021,2,10,71037,Lummen,Normaal,Droog,Dag,met lichtgewonden,9,personenauto,3,Fiets,Op Kruispunt,Gemeenteweg,buiten bebouwde kom,Tussen 2 bestuurders: Flank tegen flank,Geen hindernis
23741,12,Tervuren,Kraainem,50.81896,4.47803,2.158752969024934,50.8238826355416,4.5077569267747135,2021,2,23,24104,Tervuren,Normaal,Droog,"Nacht, openbare verlichting aanwezig en ontstoken",met lichtgewonden,9,personenauto,3,Fiets,Op Kruispunt,Gemeenteweg,binnen bebouwde kom,Tss. 2 best.: langs opzij (voor-/achterkant-flank),Geen hindernis
23743,25,Bree,Bree,51.13679500160176,5.597669323604317,1.2077684843859389,51.14508380570664,5.60885736781565,2021,2,17,72004,Bree,Normaal,Droog,Dag,met lichtgewonden,9,personenauto,3,Fiets,Buiten Kruispunt,Gewestweg,buiten bebouwde kom,Tussen 2 bestuurders: Langs achteren,Geen hindernis
23746,143,Eco Display Classic Budastraat,Kortrijk,50.83066,3.26286,2.0594377486935223,50.84912317201261,3.26054477715238,2021,3,14,34023,Kuurne,Normaal,Droog,Dag,met zwaargewonden,4,Vrachtwagen,3,Fiets,Op Kruispunt,Gewestweg,buiten bebouwde kom,Tss. 2 best.: langs opzij (voor-/achterkant-flank),Geen hindernis
23746,17,Kortrijk 2,Kortrijk,50.83339,3.27773,2.125243110705751,50.84912317201261,3.26054477715238,2021,3,14,34023,Kuurne,Normaal,Droog,Dag,met zwaargewonden,4,Vrachtwagen,3,Fiets,Op Kruispunt,Gewestweg,buiten bebouwde kom,Tss. 2 best.: langs opzij (voor-/achterkant-flank),Geen hindernis
23746,16,Kortrijk 1,Kortrijk,50.83332,3.27777,2.1332466912293637,50.84912317201261,3.26054477715238,2021,3,14,34023,Kuurne,Normaal,Droog,Dag,met zwaargewonden,4,Vrachtwagen,3,Fiets,Op Kruispunt,Gewestweg,buiten bebouwde kom,Tss. 2 best.: langs opzij (voor-/achterkant-flank),Geen hindernis
23793,2,Brasschaat 2,Brasschaat,51.27512,4.47169,1.6544233353055704,51.28254914959196,4.451081769602342,2021,3,21,11002,Antwerpen,Normaal,Droog,"Nacht, openbare verlichting aanwezig en ontstoken",met lichtgewonden,3,Fiets,5,Lichte vrachtauto,Buiten Kruispunt,Gewestweg,binnen bebouwde kom,Tss. 2 best.: langs opzij (voor-/achterkant-flank),Geen hindernis
23793,3,Brasschaat 1,Brasschaat,51.27503,4.47222,1.691389743839955,51.28254914959196,4.451081769602342,2021,3,21,11002,Antwerpen,Normaal,Droog,"Nacht, openbare verlichting aanwezig en ontstoken",met lichtgewonden,3,Fiets,5,Lichte vrachtauto,Buiten Kruispunt,Gewestweg,binnen bebouwde kom,Tss. 2 best.: langs opzij (voor-/achterkant-flank),Geen hindernis
23802,2,Brasschaat 2,Brasschaat,51.27512,4.47169,1.1848984072275852,51.26600080922589,4.46287848568019,2021,3,9,11002,Antwerpen,Normaal,Droog,Dag,met lichtgewonden,9,personenauto,3,Fiets,Buiten Kruispunt,Gewestweg,binnen bebouwde kom,Tussen 2 bestuurders: Flank tegen flank,Geen hindernis
23802,3,Brasschaat 1,Brasschaat,51.27503,4.47222,1.195973916944586,51.26600080922589,4.46287848568019,2021,3,9,11002,Antwerpen,Normaal,Droog,Dag,met lichtgewonden,9,personenauto,3,Fiets,Buiten Kruispunt,Gewestweg,binnen bebouwde kom,Tussen 2 bestuurders: Flank tegen flank,Geen hindernis
23836,3,Brasschaat 1,Brasschaat,51.27503,4.47222,2.311539085016538,51.292492965821914,4.4902513887158975,2021,3,9,11008,Brasschaat,Normaal,Droog,Dag,met lichtgewonden,9,personenauto,3,Fiets,Op Kruispunt,Gemeenteweg,binnen bebouwde kom,Tussen 2 bestuurders: Frontale botsing,Geen hindernis
23836,2,Brasschaat 2,Brasschaat,51.27512,4.47169,2.323414274979948,51.292492965821914,4.4902513887158975,2021,3,9,11008,Brasschaat,Normaal,Droog,Dag,met lichtgewonden,9,personenauto,3,Fiets,Op Kruispunt,Gemeenteweg,binnen bebouwde kom,Tussen 2 bestuurders: Frontale botsing,Geen hindernis
23837,3,Brasschaat 1,Brasschaat,51.27503,4.47222,0.3086083727544801,51.27705265267365,4.475257916643614,2021,3,9,11008,Brasschaat,Normaal,Droog,Dag,met lichtgewonden,8,Voetganger,3,Fiets,Buiten Kruispunt,Gewestweg,buiten bebouwde kom,Met een voetganger,Geen hindernis
23837,2,Brasschaat 2,Brasschaat,51.27512,4.47169,0.32829559147942095,51.27705265267365,4.475257916643614,2021,3,9,11008,Brasschaat,Normaal,Droog,Dag,met lichtgewonden,8,Voetganger,3,Fiets,Buiten Kruispunt,Gewestweg,buiten bebouwde kom,Met een voetganger,Geen hindernis
23851,8,Heist op den Berg 1,Heist-op-den-Berg,51.06759,4.68823,0.744545377980336,51.06556722601607,4.678072705001945,2021,3,15,12029,Putte,Normaal,Droog,Dag,met lichtgewonden,6,Bromfiets,3,Fiets,Op Kruispunt,Gewestweg,buiten bebouwde kom,Tussen 2 bestuurders: Flank tegen flank,Geen hindernis
23851,9,Heist op den Berg 2,Heist-op-den-Berg,51.06904,4.69524,1.2601980134069817,51.06556722601607,4.678072705001945,2021,3,15,12029,Putte,Normaal,Droog,Dag,met lichtgewonden,6,Bromfiets,3,Fiets,Op Kruispunt,Gewestweg,buiten bebouwde kom,Tussen 2 bestuurders: Flank tegen flank,Geen hindernis
23854,96,Lier teller 2,Lier,51.11705,4.58444,2.2679492706917705,51.126708886561204,4.5558195029942015,2021,3,17,12021,Lier,Normaal,Droog,Dag,met lichtgewonden,9,personenauto,3,Fiets,Op Kruispunt,Gewestweg,binnen bebouwde kom,Tussen 2 bestuurders: Frontale botsing,Geen hindernis
23854,95,Lier teller 1,Lier,51.11687,4.58437,2.273215597874066,51.126708886561204,4.5558195029942015,2021,3,17,12021,Lier,Normaal,Droog,Dag,met lichtgewonden,9,personenauto,3,Fiets,Op Kruispunt,Gewestweg,binnen bebouwde kom,Tussen 2 bestuurders: Frontale botsing,Geen hindernis
23857,96,Lier teller 2,Lier,51.11705,4.58444,1.2555137997893098,51.12832885163972,4.583602074905018,2021,3,14,12021,Lier,Normaal,Droog,Dag,met lichtgewonden,3,Fiets,3,Fiets,Buiten Kruispunt,Gewestweg,binnen bebouwde kom,Tussen 2 bestuurders: Flank tegen flank,Geen hindernis
23857,95,Lier teller 1,Lier,51.11687,4.58437,1.2752928539062998,51.12832885163972,4.583602074905018,2021,3,14,12021,Lier,Normaal,Droog,Dag,met lichtgewonden,3,Fiets,3,Fiets,Buiten Kruispunt,Gewestweg,binnen bebouwde kom,Tussen 2 bestuurders: Flank tegen flank,Geen hindernis
23858,96,Lier teller 2,Lier,51.11705,4.58444,1.4007431565739754,51.12844450362725,4.592998261282696,2021,3,17,12021,Lier,Normaal,Droog,Dag,met lichtgewonden,9,personenauto,3,Fiets,Op Kruispunt,Gemeenteweg,buiten bebouwde kom,Tussen 2 bestuurders: Frontale botsing,Geen hindernis
23858,95,Lier teller 1,Lier,51.11687,4.58437,1.4209370373291312,51.12844450362725,4.592998261282696,2021,3,17,12021,Lier,Normaal,Droog,Dag,met lichtgewonden,9,personenauto,3,Fiets,Op Kruispunt,Gemeenteweg,buiten bebouwde kom,Tussen 2 bestuurders: Frontale botsing,Geen hindernis
23859,93,Nijlen teller 2,Nijlen,51.14998,4.64469,2.02483458721091,51.16631335971467,4.657526837588089,2021,3,12,12026,Nijlen,Onbekend,Onbekend,Dag,met lichtgewonden,3,Fiets,3,Fiets,Op Kruispunt,Gewestweg,buiten bebouwde kom,Tss. 2 best.: langs opzij (voor-/achterkant-flank),Geen hindernis
23859,92,Nijlen teller 1,Nijlen,51.14989,4.64479,2.0307560904479147,51.16631335971467,4.657526837588089,2021,3,12,12026,Nijlen,Onbekend,Onbekend,Dag,met lichtgewonden,3,Fiets,3,Fiets,Op Kruispunt,Gewestweg,buiten bebouwde kom,Tss. 2 best.: langs opzij (voor-/achterkant-flank),Geen hindernis
23865,88,Westerlo teller 1,Westerlo,51.082,4.91325,0.567270536983157,51.08670447326651,4.916391401186749,2021,3,14,13049,Westerlo,Normaal,Droog,Dag,met lichtgewonden,6,Bromfiets,3,Fiets,Buiten Kruispunt,Gemeenteweg,binnen bebouwde kom,Tussen 2 bestuurders: Flank tegen flank,Geen hindernis
23865,89,Westerlo teller 2,Westerlo,51.08191,4.91334,0.5741488793451994,51.08670447326651,4.916391401186749,2021,3,14,13049,Westerlo,Normaal,Droog,Dag,met lichtgewonden,6,Bromfiets,3,Fiets,Buiten Kruispunt,Gemeenteweg,binnen bebouwde kom,Tussen 2 bestuurders: Flank tegen flank,Geen hindernis
23869,88,Westerlo teller 1,Westerlo,51.082,4.91325,1.7620057518578254,51.09744414206961,4.918896291302952,2021,3,15,13049,Westerlo,Normaal,Droog,Dag,met lichtgewonden,3,Fiets,5,Lichte vrachtauto,Buiten Kruispunt,Gemeenteweg,buiten bebouwde kom,Tss. 2 best.: langs opzij (voor-/achterkant-flank),Geen hindernis
23869,89,Westerlo teller 2,Westerlo,51.08191,4.91334,1.7703725001977761,51.09744414206961,4.918896291302952,2021,3,15,13049,Westerlo,Normaal,Droog,Dag,met lichtgewonden,3,Fiets,5,Lichte vrachtauto,Buiten Kruispunt,Gemeenteweg,buiten bebouwde kom,Tss. 2 best.: langs opzij (voor-/achterkant-flank),Geen hindernis
23872,104,Malle teller 2,Malle,51.31682,4.73852,1.79936542706957,51.30117668579516,4.731895939302006,2021,2,8,11057,Malle,Normaal,Droog,Dag,met lichtgewonden,3,Fiets,9,personenauto,Op Kruispunt,Gewestweg,binnen bebouwde kom,Tss. 2 best.: langs opzij (voor-/achterkant-flank),Geen hindernis
23872,103,Malle teller 1,Malle,51.31681,4.73872,1.80190016740447,51.30117668579516,4.731895939302006,2021,2,8,11057,Malle,Normaal,Droog,Dag,met lichtgewonden,3,Fiets,9,personenauto,Op Kruispunt,Gewestweg,binnen bebouwde kom,Tss. 2 best.: langs opzij (voor-/achterkant-flank),Geen hindernis
23873,4,Balen 1,Balen,51.16023,5.19011,2.177015867200275,51.177230638356136,5.1746237049266295,2021,3,17,13003,Balen,Normaal,Droog,Dag,met lichtgewonden,3,Fiets,9,personenauto,Op Kruispunt,Gewestweg,binnen bebouwde kom,Tss. 2 best.: langs opzij (voor-/achterkant-flank),Geen hindernis
23873,5,Balen 2,Balen,51.16018,5.19003,2.17909070791688,51.177230638356136,5.1746237049266295,2021,3,17,13003,Balen,Normaal,Droog,Dag,met lichtgewonden,3,Fiets,9,personenauto,Op Kruispunt,Gewestweg,binnen bebouwde kom,Tss. 2 best.: langs opzij (voor-/achterkant-flank),Geen hindernis
23874,5,Balen 2,Balen,51.16018,5.19003,0.3106040896003566,51.16192053698222,5.1865462592220775,2021,3,13,13003,Balen,Normaal,Droog,Dag,met lichtgewonden,2,Andere weggebruiker,3,Fiets,Op Kruispunt,Gewestweg,buiten bebouwde kom,Tss. 2 best.: langs opzij (voor-/achterkant-flank),Geen hindernis
23874,4,Balen 1,Balen,51.16023,5.19011,0.3116012702139466,51.16192053698222,5.1865462592220775,2021,3,13,13003,Balen,Normaal,Droog,Dag,met lichtgewonden,2,Andere weggebruiker,3,Fiets,Op Kruispunt,Gewestweg,buiten bebouwde kom,Tss. 2 best.: langs opzij (voor-/achterkant-flank),Geen hindernis
23877,94,Herentals teller 2,Herentals,51.17345,4.81283,1.057307717897827,51.174846301958354,4.827831892321907,2021,3,15,13011,Herentals,Onbekend,Onbekend,Dag,met lichtgewonden,3,Fiets,3,Fiets,Op Kruispunt,Gemeenteweg,onbekend,Tss. 2 best.: langs opzij (voor-/achterkant-flank),Geen hindernis
23877,110,Herentals totem,Herentals,51.1739426,4.811783,1.1233341694670989,51.174846301958354,4.827831892321907,2021,3,15,13011,Herentals,Onbekend,Onbekend,Dag,met lichtgewonden,3,Fiets,3,Fiets,Op Kruispunt,Gemeenteweg,onbekend,Tss. 2 best.: langs opzij (voor-/achterkant-flank),Geen hindernis
23880,94,Herentals teller 2,Herentals,51.17345,4.81283,1.3960894489779059,51.16978099002752,4.831980678201412,2021,3,22,13011,Herentals,Normaal,"Nat, plassen","Nacht, openbare verlichting aanwezig en ontstoken",met zwaargewonden,7,Motorfiets,3,Fiets,Op Kruispunt,Gemeenteweg,buiten bebouwde kom,Tss. 2 best.: langs opzij (voor-/achterkant-flank),Geen hindernis
23880,110,Herentals totem,Herentals,51.1739426,4.811783,1.4822227803872954,51.16978099002752,4.831980678201412,2021,3,22,13011,Herentals,Normaal,"Nat, plassen","Nacht, openbare verlichting aanwezig en ontstoken",met zwaargewonden,7,Motorfiets,3,Fiets,Op Kruispunt,Gemeenteweg,buiten bebouwde kom,Tss. 2 best.: langs opzij (voor-/achterkant-flank),Geen hindernis
23881,38,Lommel teller 2,Lommel,51.23277,5.29189,1.6918243877324395,51.232269006111224,5.267604420793838,2021,3,15,72020,Lommel,Normaal,Droog,Dag,dodelijk gewonden,3,Fiets,9,personenauto,Op Kruispunt,Gemeenteweg,buiten bebouwde kom,Tss. 2 best.: langs opzij (voor-/achterkant-flank),Geen hindernis
23881,37,Lommel teller 1,Lommel,51.23299,5.29211,1.7081030751682442,51.232269006111224,5.267604420793838,2021,3,15,72020,Lommel,Normaal,Droog,Dag,dodelijk gewonden,3,Fiets,9,personenauto,Op Kruispunt,Gemeenteweg,buiten bebouwde kom,Tss. 2 best.: langs opzij (voor-/achterkant-flank),Geen hindernis
23883,37,Lommel teller 1,Lommel,51.23299,5.29211,1.7202768541242368,51.24394268079282,5.3095619887354895,2021,3,16,72020,Lommel,Normaal,Droog,Dag,met lichtgewonden,9,personenauto,3,Fiets,Op Kruispunt,Gewestweg,buiten bebouwde kom,Tss. 2 best.: langs opzij (voor-/achterkant-flank),Geen hindernis
23883,38,Lommel teller 2,Lommel,51.23277,5.29189,1.748426256384835,51.24394268079282,5.3095619887354895,2021,3,16,72020,Lommel,Normaal,Droog,Dag,met lichtgewonden,9,personenauto,3,Fiets,Op Kruispunt,Gewestweg,buiten bebouwde kom,Tss. 2 best.: langs opzij (voor-/achterkant-flank),Geen hindernis
23886,46,Pelt teller 2,Pelt,51.231,5.44375,0.7210720705092248,51.22840957456345,5.434256391984523,2021,3,9,72043,Pelt,Normaal,"Nat, plassen",Dag,met lichtgewonden,5,Lichte vrachtauto,3,Fiets,Op Kruispunt,Gewestweg,binnen bebouwde kom,Tussen 2 bestuurders: Flank tegen flank,Geen hindernis
23886,45,Pelt teller 1,Pelt,51.23127,5.44377,0.7348349209877374,51.22840957456345,5.434256391984523,2021,3,9,72043,Pelt,Normaal,"Nat, plassen",Dag,met lichtgewonden,5,Lichte vrachtauto,3,Fiets,Op Kruispunt,Gewestweg,binnen bebouwde kom,Tussen 2 bestuurders: Flank tegen flank,Geen hindernis
23900,39,Peer teller 1,Peer,51.13425,5.47817,2.194247864684121,51.1374903202148,5.447148100594519,2021,3,14,72030,Peer,Normaal,Droog,Dag,met lichtgewonden,3,Fiets,11,een weggebruiker tegen een hindernis,Buiten Kruispunt,Gemeenteweg,binnen bebouwde kom,Weggebruiker tegen hindernis op de rijbaan,"Op de rijbaan: Put, straatgoot, tramspoor"
23900,40,Peer teller 2,Peer,51.13438,5.47892,2.2436062973677933,51.1374903202148,5.447148100594519,2021,3,14,72030,Peer,Normaal,Droog,Dag,met lichtgewonden,3,Fiets,11,een weggebruiker tegen een hindernis,Buiten Kruispunt,Gemeenteweg,binnen bebouwde kom,Weggebruiker tegen hindernis op de rijbaan,"Op de rijbaan: Put, straatgoot, tramspoor"
23903,39,Peer teller 1,Peer,51.13425,5.47817,1.6982451540967456,51.134212949280474,5.453831052081771,2021,3,15,72030,Peer,Normaal,Droog,Dag,met lichtgewonden,9,personenauto,3,Fiets,Op Kruispunt,Gewestweg,binnen bebouwde kom,Tussen 2 bestuurders: Frontale botsing,Geen hindernis
23903,40,Peer teller 2,Peer,51.13438,5.47892,1.7506671833827727,51.134212949280474,5.453831052081771,2021,3,15,72030,Peer,Normaal,Droog,Dag,met lichtgewonden,9,personenauto,3,Fiets,Op Kruispunt,Gewestweg,binnen bebouwde kom,Tussen 2 bestuurders: Frontale botsing,Geen hindernis
23904,34,Heers teller 1,Heers,50.75486,5.3033,0.7199097516544486,50.761046712366905,5.306316439833995,2021,3,12,73022,Heers,Normaal,Droog,Dag,met lichtgewonden,3,Fiets,11,een weggebruiker tegen een hindernis,Buiten Kruispunt,Gewestweg,binnen bebouwde kom,Weggebruiker tegen hindernis op de rijbaan,Op de rijbaan: Dier (wild dier)
23904,28,Heers,Heers,50.75488,5.30314,0.7211920181969257,50.761046712366905,5.306316439833995,2021,3,12,73022,Heers,Normaal,Droog,Dag,met lichtgewonden,3,Fiets,11,een weggebruiker tegen een hindernis,Buiten Kruispunt,Gewestweg,binnen bebouwde kom,Weggebruiker tegen hindernis op de rijbaan,Op de rijbaan: Dier (wild dier)
23908,21,Bilzen,Bilzen,50.86015,5.50161,1.6620387263363858,50.869335554120376,5.482927456316682,2021,3,18,73032,Hoeselt,Normaal,"Nat, plassen",Dag,met lichtgewonden,3,Fiets,9,personenauto,Op Kruispunt,Gemeenteweg,binnen bebouwde kom,Tss. 2 best.: langs opzij (voor-/achterkant-flank),Geen hindernis
23910,44,Maaseik teller 2,Maaseik,51.09359,5.79726,0.6096156852923728,51.0990100002036,5.795946581003449,2021,3,12,72021,Maaseik,Normaal,Droog,Dag,met lichtgewonden,9,personenauto,3,Fiets,Op Kruispunt,Gewestweg,binnen bebouwde kom,Tss. 2 best.: langs opzij (voor-/achterkant-flank),Geen hindernis
23910,43,Maaseik teller 1,Maaseik,51.09344,5.79715,0.6250310451800084,51.0990100002036,5.795946581003449,2021,3,12,72021,Maaseik,Normaal,Droog,Dag,met lichtgewonden,9,personenauto,3,Fiets,Op Kruispunt,Gewestweg,binnen bebouwde kom,Tss. 2 best.: langs opzij (voor-/achterkant-flank),Geen hindernis
23911,44,Maaseik teller 2,Maaseik,51.09359,5.79726,0.8778638854507691,51.09951836219788,5.788958055630942,2021,3,9,72021,Maaseik,Normaal,Droog,Dag,met lichtgewonden,9,personenauto,3,Fiets,Buiten Kruispunt,Gemeenteweg,binnen bebouwde kom,Tss. 2 best.: langs opzij (voor-/achterkant-flank),Geen hindernis
23911,43,Maaseik teller 1,Maaseik,51.09344,5.79715,0.8854754854095511,51.09951836219788,5.788958055630942,2021,3,9,72021,Maaseik,Normaal,Droog,Dag,met lichtgewonden,9,personenauto,3,Fiets,Buiten Kruispunt,Gemeenteweg,binnen bebouwde kom,Tss. 2 best.: langs opzij (voor-/achterkant-flank),Geen hindernis
23913,151,Leuven,District Leuven,50.8690262,4.6854839,0.8912667567558755,50.875783061790166,4.678651319512789,2021,3,23,24062,Leuven,Normaal,Proper,"Nacht, openbare verlichting aanwezig en ontstoken",met lichtgewonden,3,Fiets,10,"één bestuurder, geen hindernis",Buiten Kruispunt,Gewestweg,binnen bebouwde kom,"Eén bestuurder, geen hindernis (incl. val)",Geen hindernis
23913,77,Leuven teller 2,Leuven,50.88672,4.70796,2.3889065324580043,50.875783061790166,4.678651319512789,2021,3,23,24062,Leuven,Normaal,Proper,"Nacht, openbare verlichting aanwezig en ontstoken",met lichtgewonden,3,Fiets,10,"één bestuurder, geen hindernis",Buiten Kruispunt,Gewestweg,binnen bebouwde kom,"Eén bestuurder, geen hindernis (incl. val)",Geen hindernis
23913,107,leuven totem,Leuven,50.8870744,4.7087919,2.459198844374215,50.875783061790166,4.678651319512789,2021,3,23,24062,Leuven,Normaal,Proper,"Nacht, openbare verlichting aanwezig en ontstoken",met lichtgewonden,3,Fiets,10,"één bestuurder, geen hindernis",Buiten Kruispunt,Gewestweg,binnen bebouwde kom,"Eén bestuurder, geen hindernis (incl. val)",Geen hindernis
23914,77,Leuven teller 2,Leuven,50.88672,4.70796,1.263460205345148,50.88075190945754,4.6926341510592176,2021,2,17,24062,Leuven,Onbekend,Onbekend,Dag,met lichtgewonden,3,Fiets,8,Voetganger,Buiten Kruispunt,Gemeenteweg,binnen bebouwde kom,Met een voetganger,Geen hindernis
23914,107,leuven totem,Leuven,50.8870744,4.7087919,1.3338195697838449,50.88075190945754,4.6926341510592176,2021,2,17,24062,Leuven,Onbekend,Onbekend,Dag,met lichtgewonden,3,Fiets,8,Voetganger,Buiten Kruispunt,Gemeenteweg,binnen bebouwde kom,Met een voetganger,Geen hindernis
23914,151,Leuven,District Leuven,50.8690262,4.6854839,1.3970336081102401,50.88075190945754,4.6926341510592176,2021,2,17,24062,Leuven,Onbekend,Onbekend,Dag,met lichtgewonden,3,Fiets,8,Voetganger,Buiten Kruispunt,Gemeenteweg,binnen bebouwde kom,Met een voetganger,Geen hindernis
23914,69,Leuven teller 1,Leuven,50.87549,4.71526,1.6918440373634558,50.88075190945754,4.6926341510592176,2021,2,17,24062,Leuven,Onbekend,Onbekend,Dag,met lichtgewonden,3,Fiets,8,Voetganger,Buiten Kruispunt,Gemeenteweg,binnen bebouwde kom,Met een voetganger,Geen hindernis
23915,77,Leuven teller 2,Leuven,50.88672,4.70796,0.946776889008958,50.88095058433817,4.698034529395087,2021,3,18,24062,Leuven,Normaal,Droog,Dag,met lichtgewonden,3,Fiets,10,"één bestuurder, geen hindernis",Buiten Kruispunt,Gemeenteweg,binnen bebouwde kom,"Eén bestuurder, geen hindernis (incl. val)",Geen hindernis
23915,107,leuven totem,Leuven,50.8870744,4.7087919,1.0164517499893249,50.88095058433817,4.698034529395087,2021,3,18,24062,Leuven,Normaal,Droog,Dag,met lichtgewonden,3,Fiets,10,"één bestuurder, geen hindernis",Buiten Kruispunt,Gemeenteweg,binnen bebouwde kom,"Eén bestuurder, geen hindernis (incl. val)",Geen hindernis
23915,69,Leuven teller 1,Leuven,50.87549,4.71526,1.352507475190038,50.88095058433817,4.698034529395087,2021,3,18,24062,Leuven,Normaal,Droog,Dag,met lichtgewonden,3,Fiets,10,"één bestuurder, geen hindernis",Buiten Kruispunt,Gemeenteweg,binnen bebouwde kom,"Eén bestuurder, geen hindernis (incl. val)",Geen hindernis
23915,151,Leuven,District Leuven,50.8690262,4.6854839,1.5917252543159741,50.88095058433817,4.698034529395087,2021,3,18,24062,Leuven,Normaal,Droog,Dag,met lichtgewonden,3,Fiets,10,"één bestuurder, geen hindernis",Buiten Kruispunt,Gemeenteweg,binnen bebouwde kom,"Eén bestuurder, geen hindernis (incl. val)",Geen hindernis
23916,77,Leuven teller 2,Leuven,50.88672,4.70796,0.9400383141075404,50.88078958146522,4.6984102082055665,2021,3,14,24062,Leuven,Normaal,Droog,Dag,met lichtgewonden,3,Fiets,6,Bromfiets,Op Kruispunt,Gemeenteweg,binnen bebouwde kom,Tss. 2 best.: langs opzij (voor-/achterkant-flank),Geen hindernis
23916,107,leuven totem,Leuven,50.8870744,4.7087919,1.0093538461857183,50.88078958146522,4.6984102082055665,2021,3,14,24062,Leuven,Normaal,Droog,Dag,met lichtgewonden,3,Fiets,6,Bromfiets,Op Kruispunt,Gemeenteweg,binnen bebouwde kom,Tss. 2 best.: langs opzij (voor-/achterkant-flank),Geen hindernis
23916,69,Leuven teller 1,Leuven,50.87549,4.71526,1.3209262257772894,50.88078958146522,4.6984102082055665,2021,3,14,24062,Leuven,Normaal,Droog,Dag,met lichtgewonden,3,Fiets,6,Bromfiets,Op Kruispunt,Gemeenteweg,binnen bebouwde kom,Tss. 2 best.: langs opzij (voor-/achterkant-flank),Geen hindernis