crash_row_id,site_id,site_name,site_gemeente,site_lat,site_long,distance_km,crash_lat,crash_long,DT_YEAR_COLLISION,DT_MONTH_COLLISION,DT_TIME,CD_NIS,TX_MUNTY_COLLISION_NL,TX_WEATHER_NL,TX_ROAD_CONDITION_NL,TX_LIGHT_CONDITION_NL,TX_CLASS_ACCIDENTS_NL,CD_ROAD_USR_TYPE1,TX_ROAD_USR_TYPE1_NL,CD_ROAD_USR_TYPE2,TX_ROAD_USR_TYPE2_NL,TX_CROSSWAY_NL,CD_ROAD_TYPE_NL,TX_BUILD_UP_AREA_NL,TX_COLLISION_TYPE_NL,TX_OBSTACLES_NL
23916,151,Leuven,District Leuven,50.8690262,4.6854839,1.5917154035204204,50.88078958146522,4.6984102082055665,2021,3,14,24062,Leuven,Normaal,Droog,Dag,met lichtgewonden,3,Fiets,6,Bromfiets,Op Kruispunt,Gemeenteweg,binnen bebouwde kom,Tss. 2 best.: langs opzij (voor-/achterkant-flank),Geen hindernis
23917,69,Leuven teller 1,Leuven,50.87549,4.71526,0.6620014851333575,50.88121184138182,4.717866588114154,2021,3,11,24062,Leuven,Normaal,Droog,Dag,met lichtgewonden,3,Fiets,3,Fiets,Buiten Kruispunt,Gewestweg,binnen bebouwde kom,Tussen 2 bestuurders: Langs achteren,Geen hindernis
23917,107,leuven totem,Leuven,50.8870744,4.7087919,0.9111660268859781,50.88121184138182,4.717866588114154,2021,3,11,24062,Leuven,Normaal,Droog,Dag,met lichtgewonden,3,Fiets,3,Fiets,Buiten Kruispunt,Gewestweg,binnen bebouwde kom,Tussen 2 bestuurders: Langs achteren,Geen hindernis
23917,77,Leuven teller 2,Leuven,50.88672,4.70796,0.9263429678899854,50.88121184138182,4.717866588114154,2021,3,11,24062,Leuven,Normaal,Droog,Dag,met lichtgewonden,3,Fiets,3,Fiets,Buiten Kruispunt,Gewestweg,binnen bebouwde kom,Tussen 2 bestuurders: Langs achteren,Geen hindernis
23918,151,Leuven,District Leuven,50.8690262,4.6854839,0.42857052366662507,50.87013525998236,4.691332869805344,2021,3,15,24062,Leuven,Normaal,Droog,Dag,met zwaargewonden,3,Fiets,3,Fiets,Buiten Kruispunt,Gewestweg,binnen bebouwde kom,Tussen 2 bestuurders: Flank tegen flank,Geen hindernis
23918,69,Leuven teller 1,Leuven,50.87549,4.71526,1.7813940707064784,50.87013525998236,4.691332869805344,2021,3,15,24062,Leuven,Normaal,Droog,Dag,met zwaargewonden,3,Fiets,3,Fiets,Buiten Kruispunt,Gewestweg,binnen bebouwde kom,Tussen 2 bestuurders: Flank tegen flank,Geen hindernis
23918,77,Leuven teller 2,Leuven,50.88672,4.70796,2.182137998526944,50.87013525998236,4.691332869805344,2021,3,15,24062,Leuven,Normaal,Droog,Dag,met zwaargewonden,3,Fiets,3,Fiets,Buiten Kruispunt,Gewestweg,binnen bebouwde kom,Tussen 2 bestuurders: Flank tegen flank,Geen hindernis
23918,107,leuven totem,Leuven,50.8870744,4.7087919,2.2468192879091675,50.87013525998236,4.691332869805344,2021,3,15,24062,Leuven,Normaal,Droog,Dag,met zwaargewonden,3,Fiets,3,Fiets,Buiten Kruispunt,Gewestweg,binnen bebouwde kom,Tussen 2 bestuurders: Flank tegen flank,Geen hindernis
23919,151,Leuven,District Leuven,50.8690262,4.6854839,1.0364999626518379,50.872844144040556,4.698958977884189,2021,3,15,24062,Leuven,Normaal,Droog,Dag,met lichtgewonden,9,personenauto,3,Fiets,Buiten Kruispunt,Gemeenteweg,binnen bebouwde kom,Tussen 2 bestuurders: Frontale botsing,Geen hindernis
23919,69,Leuven teller 1,Leuven,50.87549,4.71526,1.1810231647038347,50.872844144040556,4.698958977884189,2021,3,15,24062,Leuven,Normaal,Droog,Dag,met lichtgewonden,9,personenauto,3,Fiets,Buiten Kruispunt,Gemeenteweg,binnen bebouwde kom,Tussen 2 bestuurders: Frontale botsing,Geen hindernis
23919,77,Leuven teller 2,Leuven,50.88672,4.70796,1.6671549677824118,50.872844144040556,4.698958977884189,2021,3,15,24062,Leuven,Normaal,Droog,Dag,met lichtgewonden,9,personenauto,3,Fiets,Buiten Kruispunt,Gemeenteweg,binnen bebouwde kom,Tussen 2 bestuurders: Frontale botsing,Geen hindernis
23919,107,leuven totem,Leuven,50.8870744,4.7087919,1.7261753696188415,50.872844144040556,4.698958977884189,2021,3,15,24062,Leuven,Normaal,Droog,Dag,met lichtgewonden,9,personenauto,3,Fiets,Buiten Kruispunt,Gemeenteweg,binnen bebouwde kom,Tussen 2 bestuurders: Frontale botsing,Geen hindernis
23920,77,Leuven teller 2,Leuven,50.88672,4.70796,1.1041231048751405,50.88269997411722,4.693568318053641,2021,3,0,24062,Leuven,Normaal,Droog,"Nacht, openbare verlichting aanwezig en ontstoken",met lichtgewonden,3,Fiets,10,"één bestuurder, geen hindernis",Buiten Kruispunt,Gemeenteweg,binnen bebouwde kom,"Eén bestuurder, geen hindernis (incl. val)",Geen hindernis
23920,107,leuven totem,Leuven,50.8870744,4.7087919,1.1735012577020854,50.88269997411722,4.693568318053641,2021,3,0,24062,Leuven,Normaal,Droog,"Nacht, openbare verlichting aanwezig en ontstoken",met lichtgewonden,3,Fiets,10,"één bestuurder, geen hindernis",Buiten Kruispunt,Gemeenteweg,binnen bebouwde kom,"Eén bestuurder, geen hindernis (incl. val)",Geen hindernis
23920,151,Leuven,District Leuven,50.8690262,4.6854839,1.6228184385736197,50.88269997411722,4.693568318053641,2021,3,0,24062,Leuven,Normaal,Droog,"Nacht, openbare verlichting aanwezig en ontstoken",met lichtgewonden,3,Fiets,10,"één bestuurder, geen hindernis",Buiten Kruispunt,Gemeenteweg,binnen bebouwde kom,"Eén bestuurder, geen hindernis (incl. val)",Geen hindernis
23920,69,Leuven teller 1,Leuven,50.87549,4.71526,1.7201307126399241,50.88269997411722,4.693568318053641,2021,3,0,24062,Leuven,Normaal,Droog,"Nacht, openbare verlichting aanwezig en ontstoken",met lichtgewonden,3,Fiets,10,"één bestuurder, geen hindernis",Buiten Kruispunt,Gemeenteweg,binnen bebouwde kom,"Eén bestuurder, geen hindernis (incl. val)",Geen hindernis
23921,69,Leuven teller 1,Leuven,50.87549,4.71526,1.0535780051671357,50.877374525666625,4.700543949537037,2021,3,13,24062,Leuven,Regenval,"Nat, plassen",Dag,met lichtgewonden,3,Fiets,3,Fiets,Buiten Kruispunt,Gemeenteweg,binnen bebouwde kom,Tussen 2 bestuurders: Langs achteren,Geen hindernis
23921,77,Leuven teller 2,Leuven,50.88672,4.70796,1.162134587506539,50.877374525666625,4.700543949537037,2021,3,13,24062,Leuven,Regenval,"Nat, plassen",Dag,met lichtgewonden,3,Fiets,3,Fiets,Buiten Kruispunt,Gemeenteweg,binnen bebouwde kom,Tussen 2 bestuurders: Langs achteren,Geen hindernis
23921,107,leuven totem,Leuven,50.8870744,4.7087919,1.223986794980799,50.877374525666625,4.700543949537037,2021,3,13,24062,Leuven,Regenval,"Nat, plassen",Dag,met lichtgewonden,3,Fiets,3,Fiets,Buiten Kruispunt,Gemeenteweg,binnen bebouwde kom,Tussen 2 bestuurders: Langs achteren,Geen hindernis
23921,151,Leuven,District Leuven,50.8690262,4.6854839,1.4065633785387217,50.877374525666625,4.700543949537037,2021,3,13,24062,Leuven,Regenval,"Nat, plassen",Dag,met lichtgewonden,3,Fiets,3,Fiets,Buiten Kruispunt,Gemeenteweg,binnen bebouwde kom,Tussen 2 bestuurders: Langs achteren,Geen hindernis
23922,69,Leuven teller 1,Leuven,50.87549,4.71526,0.7523049122377231,50.87992138201956,4.707157636304404,2021,3,15,24062,Leuven,Normaal,Droog,Dag,met lichtgewonden,3,Fiets,99,onbekend,Op Kruispunt,Gemeenteweg,binnen bebouwde kom,Tussen 2 bestuurders: Flank tegen flank,Geen hindernis
23922,77,Leuven teller 2,Leuven,50.88672,4.70796,0.7580644919749788,50.87992138201956,4.707157636304404,2021,3,15,24062,Leuven,Normaal,Droog,Dag,met lichtgewonden,3,Fiets,99,onbekend,Op Kruispunt,Gemeenteweg,binnen bebouwde kom,Tussen 2 bestuurders: Flank tegen flank,Geen hindernis
23922,107,leuven totem,Leuven,50.8870744,4.7087919,0.8035996828276064,50.87992138201956,4.707157636304404,2021,3,15,24062,Leuven,Normaal,Droog,Dag,met lichtgewonden,3,Fiets,99,onbekend,Op Kruispunt,Gemeenteweg,binnen bebouwde kom,Tussen 2 bestuurders: Flank tegen flank,Geen hindernis
23922,151,Leuven,District Leuven,50.8690262,4.6854839,1.9443353938466643,50.87992138201956,4.707157636304404,2021,3,15,24062,Leuven,Normaal,Droog,Dag,met lichtgewonden,3,Fiets,99,onbekend,Op Kruispunt,Gemeenteweg,binnen bebouwde kom,Tussen 2 bestuurders: Flank tegen flank,Geen hindernis
23923,151,Leuven,District Leuven,50.8690262,4.6854839,2.0219689026057583,50.86165426568541,4.659146610947697,2021,3,23,24062,Leuven,Normaal,Droog,"Nacht, openbare verlichting aanwezig en ontstoken",met lichtgewonden,3,Fiets,10,"één bestuurder, geen hindernis",Op Kruispunt,Gewestweg,binnen bebouwde kom,"Eén bestuurder, geen hindernis (incl. val)",Geen hindernis
23924,69,Leuven teller 1,Leuven,50.87549,4.71526,0.21073652666595144,50.8736654659637,4.714447515395654,2021,3,10,24062,Leuven,Normaal,Droog,Dag,met lichtgewonden,9,personenauto,3,Fiets,Op Kruispunt,Gewestweg,binnen bebouwde kom,Tss. 2 best.: langs opzij (voor-/achterkant-flank),Geen hindernis
23924,77,Leuven teller 2,Leuven,50.88672,4.70796,1.5212816407782783,50.8736654659637,4.714447515395654,2021,3,10,24062,Leuven,Normaal,Droog,Dag,met lichtgewonden,9,personenauto,3,Fiets,Op Kruispunt,Gewestweg,binnen bebouwde kom,Tss. 2 best.: langs opzij (voor-/achterkant-flank),Geen hindernis
23924,107,leuven totem,Leuven,50.8870744,4.7087919,1.5428981394770114,50.8736654659637,4.714447515395654,2021,3,10,24062,Leuven,Normaal,Droog,Dag,met lichtgewonden,9,personenauto,3,Fiets,Op Kruispunt,Gewestweg,binnen bebouwde kom,Tss. 2 best.: langs opzij (voor-/achterkant-flank),Geen hindernis
23924,151,Leuven,District Leuven,50.8690262,4.6854839,2.0968546421722905,50.8736654659637,4.714447515395654,2021,3,10,24062,Leuven,Normaal,Droog,Dag,met lichtgewonden,9,personenauto,3,Fiets,Op Kruispunt,Gewestweg,binnen bebouwde kom,Tss. 2 best.: langs opzij (voor-/achterkant-flank),Geen hindernis
23925,69,Leuven teller 1,Leuven,50.87549,4.71526,1.1324908157414435,50.86541239773241,4.7129253412965255,2021,3,8,24062,Leuven,Normaal,Droog,Dag,met lichtgewonden,3,Fiets,3,Fiets,Buiten Kruispunt,Gemeenteweg,binnen bebouwde kom,Tussen 2 bestuurders: Langs achteren,Geen hindernis
23925,151,Leuven,District Leuven,50.8690262,4.6854839,1.9672440531620812,50.86541239773241,4.7129253412965255,2021,3,8,24062,Leuven,Normaal,Droog,Dag,met lichtgewonden,3,Fiets,3,Fiets,Buiten Kruispunt,Gemeenteweg,binnen bebouwde kom,Tussen 2 bestuurders: Langs achteren,Geen hindernis
23925,108,Heverlee teller 1,Leuven,50.8471728,4.6954674,2.3696191253939864,50.86541239773241,4.7129253412965255,2021,3,8,24062,Leuven,Normaal,Droog,Dag,met lichtgewonden,3,Fiets,3,Fiets,Buiten Kruispunt,Gemeenteweg,binnen bebouwde kom,Tussen 2 bestuurders: Langs achteren,Geen hindernis
23925,77,Leuven teller 2,Leuven,50.88672,4.70796,2.3947742817502853,50.86541239773241,4.7129253412965255,2021,3,8,24062,Leuven,Normaal,Droog,Dag,met lichtgewonden,3,Fiets,3,Fiets,Buiten Kruispunt,Gemeenteweg,binnen bebouwde kom,Tussen 2 bestuurders: Langs achteren,Geen hindernis
23925,107,leuven totem,Leuven,50.8870744,4.7087919,2.426101566180777,50.86541239773241,4.7129253412965255,2021,3,8,24062,Leuven,Normaal,Droog,Dag,met lichtgewonden,3,Fiets,3,Fiets,Buiten Kruispunt,Gemeenteweg,binnen bebouwde kom,Tussen 2 bestuurders: Langs achteren,Geen hindernis
23925,76,Heverlee teller 2,Leuven,50.84606,4.69597,2.4590925762443256,50.86541239773241,4.7129253412965255,2021,3,8,24062,Leuven,Normaal,Droog,Dag,met lichtgewonden,3,Fiets,3,Fiets,Buiten Kruispunt,Gemeenteweg,binnen bebouwde kom,Tussen 2 bestuurders: Langs achteren,Geen hindernis
23926,77,Leuven teller 2,Leuven,50.88672,4.70796,0.8558079593407474,50.87942541199101,4.704069556368879,2021,3,21,24062,Leuven,Normaal,Droog,"Nacht, openbare verlichting aanwezig en ontstoken",met lichtgewonden,3,Fiets,6,Bromfiets,Op Kruispunt,Gemeenteweg,binnen bebouwde kom,Tss. 2 best.: langs opzij (voor-/achterkant-flank),Geen hindernis
23926,69,Leuven teller 1,Leuven,50.87549,4.71526,0.8988553767762789,50.87942541199101,4.704069556368879,2021,3,21,24062,Leuven,Normaal,Droog,"Nacht, openbare verlichting aanwezig en ontstoken",met lichtgewonden,3,Fiets,6,Bromfiets,Op Kruispunt,Gemeenteweg,binnen bebouwde kom,Tss. 2 best.: langs opzij (voor-/achterkant-flank),Geen hindernis
23926,107,leuven totem,Leuven,50.8870744,4.7087919,0.912770694086046,50.87942541199101,4.704069556368879,2021,3,21,24062,Leuven,Normaal,Droog,"Nacht, openbare verlichting aanwezig en ontstoken",met lichtgewonden,3,Fiets,6,Bromfiets,Op Kruispunt,Gemeenteweg,binnen bebouwde kom,Tss. 2 best.: langs opzij (voor-/achterkant-flank),Geen hindernis
23926,151,Leuven,District Leuven,50.8690262,4.6854839,1.7429245117394423,50.87942541199101,4.704069556368879,2021,3,21,24062,Leuven,Normaal,Droog,"Nacht, openbare verlichting aanwezig en ontstoken",met lichtgewonden,3,Fiets,6,Bromfiets,Op Kruispunt,Gemeenteweg,binnen bebouwde kom,Tss. 2 best.: langs opzij (voor-/achterkant-flank),Geen hindernis
23927,151,Leuven,District Leuven,50.8690262,4.6854839,1.1197820143940695,50.87399074075227,4.671599859472837,2021,3,8,24062,Leuven,Normaal,Droog,Dageraad - schemering,met lichtgewonden,9,personenauto,3,Fiets,Op Kruispunt,Gewestweg,binnen bebouwde kom,Tussen 2 bestuurders: Frontale botsing,Geen hindernis
23928,107,leuven totem,Leuven,50.8870744,4.7087919,0.586220069202118,50.884490366003725,4.716075988646861,2021,3,11,24062,Leuven,Normaal,Droog,Dag,met lichtgewonden,3,Fiets,9,personenauto,Buiten Kruispunt,Gewestweg,binnen bebouwde kom,Tussen 2 bestuurders: Flank tegen flank,Geen hindernis
23928,77,Leuven teller 2,Leuven,50.88672,4.70796,0.6209726498704299,50.884490366003725,4.716075988646861,2021,3,11,24062,Leuven,Normaal,Droog,Dag,met lichtgewonden,3,Fiets,9,personenauto,Buiten Kruispunt,Gewestweg,binnen bebouwde kom,Tussen 2 bestuurders: Flank tegen flank,Geen hindernis
23928,69,Leuven teller 1,Leuven,50.87549,4.71526,1.0024310766433506,50.884490366003725,4.716075988646861,2021,3,11,24062,Leuven,Normaal,Droog,Dag,met lichtgewonden,3,Fiets,9,personenauto,Buiten Kruispunt,Gewestweg,binnen bebouwde kom,Tussen 2 bestuurders: Flank tegen flank,Geen hindernis
23929,151,Leuven,District Leuven,50.8690262,4.6854839,0.7348165596827427,50.871005292479225,4.69547476111718,2021,3,20,24062,Leuven,Normaal,Onbekend,"Nacht, openbare verlichting aanwezig en ontstoken",met zwaargewonden,6,Bromfiets,3,Fiets,Buiten Kruispunt,Gewestweg,binnen bebouwde kom,Tussen 2 bestuurders: Frontale botsing,Geen hindernis
23929,69,Leuven teller 1,Leuven,50.87549,4.71526,1.4751414210083047,50.871005292479225,4.69547476111718,2021,3,20,24062,Leuven,Normaal,Onbekend,"Nacht, openbare verlichting aanwezig en ontstoken",met zwaargewonden,6,Bromfiets,3,Fiets,Buiten Kruispunt,Gewestweg,binnen bebouwde kom,Tussen 2 bestuurders: Frontale botsing,Geen hindernis
23929,77,Leuven teller 2,Leuven,50.88672,4.70796,1.9546612565853092,50.871005292479225,4.69547476111718,2021,3,20,24062,Leuven,Normaal,Onbekend,"Nacht, openbare verlichting aanwezig en ontstoken",met zwaargewonden,6,Bromfiets,3,Fiets,Buiten Kruispunt,Gewestweg,binnen bebouwde kom,Tussen 2 bestuurders: Frontale botsing,Geen hindernis
23929,107,leuven totem,Leuven,50.8870744,4.7087919,2.0163400158211386,50.871005292479225,4.69547476111718,2021,3,20,24062,Leuven,Normaal,Onbekend,"Nacht, openbare verlichting aanwezig en ontstoken",met zwaargewonden,6,Bromfiets,3,Fiets,Buiten Kruispunt,Gewestweg,binnen bebouwde kom,Tussen 2 bestuurders: Frontale botsing,Geen hindernis
23930,151,Leuven,District Leuven,50.8690262,4.6854839,1.0248436158718444,50.87153657141849,4.699536314063967,2021,3,18,24062,Leuven,Onbekend,Onbekend,Dag,met lichtgewonden,3,Fiets,10,"één bestuurder, geen hindernis",Buiten Kruispunt,Gemeenteweg,binnen bebouwde kom,"Eén bestuurder, geen hindernis (incl. val)",Geen hindernis
23930,69,Leuven teller 1,Leuven,50.87549,4.71526,1.1876503875521882,50.87153657141849,4.699536314063967,2021,3,18,24062,Leuven,Onbekend,Onbekend,Dag,met lichtgewonden,3,Fiets,10,"één bestuurder, geen hindernis",Buiten Kruispunt,Gemeenteweg,binnen bebouwde kom,"Eén bestuurder, geen hindernis (incl. val)",Geen hindernis
23930,77,Leuven teller 2,Leuven,50.88672,4.70796,1.7887724472390263,50.87153657141849,4.699536314063967,2021,3,18,24062,Leuven,Onbekend,Onbekend,Dag,met lichtgewonden,3,Fiets,10,"één bestuurder, geen hindernis",Buiten Kruispunt,Gemeenteweg,binnen bebouwde kom,"Eén bestuurder, geen hindernis (incl. val)",Geen hindernis
23930,107,leuven totem,Leuven,50.8870744,4.7087919,1.8457291894386483,50.87153657141849,4.699536314063967,2021,3,18,24062,Leuven,Onbekend,Onbekend,Dag,met lichtgewonden,3,Fiets,10,"één bestuurder, geen hindernis",Buiten Kruispunt,Gemeenteweg,binnen bebouwde kom,"Eén bestuurder, geen hindernis (incl. val)",Geen hindernis
23934,87,Aarschot,Aarschot,50.99084,4.81259,1.4206629963155255,50.990033897877794,4.8328471645154965,2021,3,16,24001,Aarschot,Onbekend,Onbekend,Dag,met lichtgewonden,3,Fiets,3,Fiets,Buiten Kruispunt,Gemeenteweg,onbekend,Tussen 2 bestuurders: Langs achteren,Geen hindernis
23935,87,Aarschot,Aarschot,50.99084,4.81259,1.5615698104134041,51.00482907946562,4.81062682264787,2021,3,10,24001,Aarschot,Normaal,Droog,Dag,met lichtgewonden,3,Fiets,9,personenauto,Op Kruispunt,Gemeenteweg,buiten bebouwde kom,Tussen 2 bestuurders: Flank tegen flank,Geen hindernis
23936,87,Aarschot,Aarschot,50.99084,4.81259,1.9688537843987952,50.9913641825334,4.840707909104254,2021,3,14,24001,Aarschot,Normaal,Droog,Dag,met lichtgewonden,9,personenauto,3,Fiets,Op Kruispunt,Gewestweg,binnen bebouwde kom,Tss. 2 best.: langs opzij (voor-/achterkant-flank),Geen hindernis
23943,101,Diest teller 1,Diest,50.97799,5.04481,0.5391532055191091,50.97633031961514,5.05204571930641,2021,3,18,24020,Diest,Normaal,Droog,Dag,met lichtgewonden,3,Fiets,9,personenauto,Op Kruispunt,Gemeenteweg,binnen bebouwde kom,Tss. 2 best.: langs opzij (voor-/achterkant-flank),Geen hindernis
23943,102,Diest teller 2,Diest,50.9779,5.04474,0.5404465464611875,50.97633031961514,5.05204571930641,2021,3,18,24020,Diest,Normaal,Droog,Dag,met lichtgewonden,3,Fiets,9,personenauto,Op Kruispunt,Gemeenteweg,binnen bebouwde kom,Tss. 2 best.: langs opzij (voor-/achterkant-flank),Geen hindernis
23944,101,Diest teller 1,Diest,50.97799,5.04481,1.7861586403883538,50.99336586744994,5.037425039882974,2021,3,13,24020,Diest,Normaal,Droog,Dag,met lichtgewonden,3,Fiets,11,een weggebruiker tegen een hindernis,Buiten Kruispunt,Gemeenteweg,buiten bebouwde kom,Weggebruiker tegen hindernis op de rijbaan,"Op de rijbaan: Verkeersdrempel, ezelsrug"
23944,102,Diest teller 2,Diest,50.9779,5.04474,1.7943359792995,50.99336586744994,5.037425039882974,2021,3,13,24020,Diest,Normaal,Droog,Dag,met lichtgewonden,3,Fiets,11,een weggebruiker tegen een hindernis,Buiten Kruispunt,Gemeenteweg,buiten bebouwde kom,Weggebruiker tegen hindernis op de rijbaan,"Op de rijbaan: Verkeersdrempel, ezelsrug"
23946,101,Diest teller 1,Diest,50.97799,5.04481,1.6818055606486715,50.992468169272875,5.051760239594627,2021,3,16,24020,Diest,Normaal,Droog,Dag,met lichtgewonden,9,personenauto,3,Fiets,Buiten Kruispunt,Gewestweg,binnen bebouwde kom,Tss. 2 best.: langs opzij (voor-/achterkant-flank),Geen hindernis
23946,102,Diest teller 2,Diest,50.9779,5.04474,1.6928037800120457,50.992468169272875,5.051760239594627,2021,3,16,24020,Diest,Normaal,Droog,Dag,met lichtgewonden,9,personenauto,3,Fiets,Buiten Kruispunt,Gewestweg,binnen bebouwde kom,Tss. 2 best.: langs opzij (voor-/achterkant-flank),Geen hindernis
23948,111,Zaventem totem,Zaventem,50.8871216,4.4597084,1.0071885250091124,50.88861343036257,4.473870731865127,2021,3,12,23094,Zaventem,Normaal,Droog,Dag,met lichtgewonden,9,personenauto,3,Fiets,Buiten Kruispunt,Gemeenteweg,binnen bebouwde kom,Tussen 2 bestuurders: Langs achteren,Geen hindernis
23948,26,Zaventem,Zaventem,50.86995,4.45444,2.4829851032507615,50.88861343036257,4.473870731865127,2021,3,12,23094,Zaventem,Normaal,Droog,Dag,met lichtgewonden,9,personenauto,3,Fiets,Buiten Kruispunt,Gemeenteweg,binnen bebouwde kom,Tussen 2 bestuurders: Langs achteren,Geen hindernis
23949,26,Zaventem,Zaventem,50.86995,4.45444,1.014319568643721,50.86085314437641,4.455512282850043,2021,3,18,23099,Kraainem,Onbekend,Proper,Dageraad - schemering,met lichtgewonden,1,Autobus,3,Fiets,Buiten Kruispunt,Gemeenteweg,binnen bebouwde kom,Tussen 2 bestuurders: Flank tegen flank,Geen hindernis
23950,145,Overijse,District Vilvoorde-gewestwegen,50.7885856,4.4908759,1.3543565012196612,50.792137190833216,4.509305916094703,2021,3,14,23062,Overijse,Regenval,"Nat, plassen",Dag,met lichtgewonden,9,personenauto,3,Fiets,Op Kruispunt,Gemeenteweg,buiten bebouwde kom,Tss. 2 best.: langs opzij (voor-/achterkant-flank),Geen hindernis
23950,146,Overijse 2,District Vilvoorde-gewestwegen,50.7881478,4.4902818,1.4089234131341521,50.792137190833216,4.509305916094703,2021,3,14,23062,Overijse,Regenval,"Nat, plassen",Dag,met lichtgewonden,9,personenauto,3,Fiets,Op Kruispunt,Gemeenteweg,buiten bebouwde kom,Tss. 2 best.: langs opzij (voor-/achterkant-flank),Geen hindernis
23950,147,Overijse,District Vilvoorde-gewestwegen,50.7797555,4.4975769,1.604805558497651,50.792137190833216,4.509305916094703,2021,3,14,23062,Overijse,Regenval,"Nat, plassen",Dag,met lichtgewonden,9,personenauto,3,Fiets,Op Kruispunt,Gemeenteweg,buiten bebouwde kom,Tss. 2 best.: langs opzij (voor-/achterkant-flank),Geen hindernis
23955,85,Asse teller 1,Asse,50.89621,4.17294,2.398628704017456,50.91195176455178,4.1963274594742455,2021,3,11,23002,Asse,Normaal,Droog,Dag,met lichtgewonden,5,Lichte vrachtauto,3,Fiets,Op Kruispunt,Gewestweg,binnen bebouwde kom,Tss. 2 best.: langs opzij (voor-/achterkant-flank),Geen hindernis
23958,27,Grimbergen,Meise,50.92127,4.34013,1.7604310850999398,50.93399168933378,4.325178670764134,2021,3,10,23050,Meise,Normaal,Droog,Dag,met lichtgewonden,9,personenauto,3,Fiets,Op Kruispunt,Gemeenteweg,binnen bebouwde kom,Tss. 2 best.: langs opzij (voor-/achterkant-flank),Geen hindernis
23964,47,Vilvoorde,Vilvoorde,50.91372,4.41497,1.5989591692905107,50.921302757778605,4.39558980967657,2021,3,14,23025,Grimbergen,Onbekend,Droog,Dag,met lichtgewonden,3,Fiets,9,personenauto,Op Kruispunt,Gemeenteweg,binnen bebouwde kom,Tss. 2 best.: langs opzij (voor-/achterkant-flank),Geen hindernis
23965,47,Vilvoorde,Vilvoorde,50.91372,4.41497,1.308692278546548,50.92259452362423,4.42723225383893,2021,3,20,23088,Vilvoorde,Normaal,Droog,"Nacht, openbare verlichting aanwezig en ontstoken",met lichtgewonden,99,onbekend,3,Fiets,Op Kruispunt,Gewestweg,binnen bebouwde kom,Tussen 2 bestuurders: Frontale botsing,Geen hindernis
23965,1,Machelen,Machelen,50.91618331151478,4.456121776137429,2.146934121764344,50.92259452362423,4.42723225383893,2021,3,20,23088,Vilvoorde,Normaal,Droog,"Nacht, openbare verlichting aanwezig en ontstoken",met lichtgewonden,99,onbekend,3,Fiets,Op Kruispunt,Gewestweg,binnen bebouwde kom,Tussen 2 bestuurders: Frontale botsing,Geen hindernis
23968,13,Gent,Gent,51.03018,3.70146,2.122114545677948,51.048543239807756,3.7097260303458173,2021,3,20,44021,Gent,Normaal,Droog,"Nacht, openbare verlichting aanwezig en ontstoken",met lichtgewonden,9,personenauto,3,Fiets,Op Kruispunt,Gewestweg,binnen bebouwde kom,Tussen 2 bestuurders: Langs achteren,Geen hindernis
23969,118,Gent teller 1,Gent,51.028049,3.7681359,2.2536405832373223,51.03708672007466,3.7392895599950133,2021,3,20,44021,Gent,Regenval,"Nat, plassen","Nacht, openb. verlicht. aanw., maar niet ontstoken",met lichtgewonden,3,Fiets,9,personenauto,Buiten Kruispunt,Gemeenteweg,binnen bebouwde kom,Tussen 2 bestuurders: Flank tegen flank,Geen hindernis
23969,119,Gent teller 2,Gent,51.0281795,3.7683918,2.26328133639399,51.03708672007466,3.7392895599950133,2021,3,20,44021,Gent,Regenval,"Nat, plassen","Nacht, openb. verlicht. aanw., maar niet ontstoken",met lichtgewonden,3,Fiets,9,personenauto,Buiten Kruispunt,Gemeenteweg,binnen bebouwde kom,Tussen 2 bestuurders: Flank tegen flank,Geen hindernis
23970,118,Gent teller 1,Gent,51.028049,3.7681359,1.384989790533808,51.02681040506939,3.7484303436031388,2021,3,14,44021,Gent,Normaal,Proper,Dag,met lichtgewonden,3,Fiets,9,personenauto,Buiten Kruispunt,Gemeenteweg,binnen bebouwde kom,Tussen 2 bestuurders: Flank tegen flank,Geen hindernis
23970,119,Gent teller 2,Gent,51.0281795,3.7683918,1.4042957673325736,51.02681040506939,3.7484303436031388,2021,3,14,44021,Gent,Normaal,Proper,Dag,met lichtgewonden,3,Fiets,9,personenauto,Buiten Kruispunt,Gemeenteweg,binnen bebouwde kom,Tussen 2 bestuurders: Flank tegen flank,Geen hindernis
23973,13,Gent,Gent,51.03018,3.70146,1.3134775823210711,51.039797720633736,3.712365671639409,2021,3,17,44021,Gent,Normaal,Droog,Dag,met lichtgewonden,9,personenauto,3,Fiets,Op Kruispunt,Gemeenteweg,binnen bebouwde kom,Tussen 2 bestuurders: Flank tegen flank,Geen hindernis
23974,118,Gent teller 1,Gent,51.028049,3.7681359,1.4656126677185564,51.02745188466892,3.7472007440091533,2021,3,9,44021,Gent,Normaal,Droog,Dag,met lichtgewonden,3,Fiets,9,personenauto,Buiten Kruispunt,Gewestweg,binnen bebouwde kom,Tussen 2 bestuurders: Flank tegen flank,Geen hindernis
23974,119,Gent teller 2,Gent,51.0281795,3.7683918,1.4842091509914561,51.02745188466892,3.7472007440091533,2021,3,9,44021,Gent,Normaal,Droog,Dag,met lichtgewonden,3,Fiets,9,personenauto,Buiten Kruispunt,Gewestweg,binnen bebouwde kom,Tussen 2 bestuurders: Flank tegen flank,Geen hindernis