crash_row_id,site_id,site_name,site_gemeente,site_lat,site_long,distance_km,crash_lat,crash_long,DT_YEAR_COLLISION,DT_MONTH_COLLISION,DT_TIME,CD_NIS,TX_MUNTY_COLLISION_NL,TX_WEATHER_NL,TX_ROAD_CONDITION_NL,TX_LIGHT_CONDITION_NL,TX_CLASS_ACCIDENTS_NL,CD_ROAD_USR_TYPE1,TX_ROAD_USR_TYPE1_NL,CD_ROAD_USR_TYPE2,TX_ROAD_USR_TYPE2_NL,TX_CROSSWAY_NL,CD_ROAD_TYPE_NL,TX_BUILD_UP_AREA_NL,TX_COLLISION_TYPE_NL,TX_OBSTACLES_NL
23976,13,Gent,Gent,51.03018,3.70146,1.893808725726483,51.03927996061465,3.7243534693164144,2021,3,19,44021,Gent,Normaal,Droog,Dageraad - schemering,met lichtgewonden,3,Fiets,10,"één bestuurder, geen hindernis",Op Kruispunt,Gewestweg,binnen bebouwde kom,"Eén bestuurder, geen hindernis (incl. val)",Geen hindernis
23984,13,Gent,Gent,51.03018,3.70146,0.7924876463029871,51.03022347059871,3.712792102593031,2021,3,12,44021,Gent,Normaal,Droog,Dag,met lichtgewonden,9,personenauto,3,Fiets,Buiten Kruispunt,Gewestweg,binnen bebouwde kom,Tss. 2 best.: langs opzij (voor-/achterkant-flank),Geen hindernis
23985,13,Gent,Gent,51.03018,3.70146,2.3676928341222654,51.0358382444191,3.7341019519263505,2021,3,7,44021,Gent,Normaal,Droog,Dag,met lichtgewonden,3,Fiets,3,Fiets,Buiten Kruispunt,Gemeenteweg,binnen bebouwde kom,Tss. 2 best.: langs opzij (voor-/achterkant-flank),Geen hindernis
23987,136,Gent R4,Gent,51.0876313,3.7587918,2.088833291459906,51.079585680329245,3.7317692545673258,2021,3,11,44021,Gent,Normaal,Droog,Dag,met lichtgewonden,3,Fiets,5,Lichte vrachtauto,Op Kruispunt,Gewestweg,binnen bebouwde kom,Tussen 2 bestuurders: Frontale botsing,Geen hindernis
23991,136,Gent R4,Gent,51.0876313,3.7587918,1.9664959601034002,51.07737051416531,3.7817210337328033,2021,3,8,44021,Gent,Normaal,Proper,Dag,met lichtgewonden,9,personenauto,3,Fiets,Op Kruispunt,Gewestweg,buiten bebouwde kom,Tss. 2 best.: langs opzij (voor-/achterkant-flank),Geen hindernis
23994,136,Gent R4,Gent,51.0876313,3.7587918,2.3343837231315043,51.08925535709361,3.7254690203926604,2021,3,7,44021,Gent,Normaal,Droog,Dag,met lichtgewonden,9,personenauto,3,Fiets,Op Kruispunt,Gewestweg,binnen bebouwde kom,Tussen 2 bestuurders: Flank tegen flank,Geen hindernis
23998,13,Gent,Gent,51.03018,3.70146,1.1771780287265454,51.02053524572253,3.7084001997629987,2021,3,23,44021,Gent,Onbekend,Onbekend,Onbekend,met lichtgewonden,3,Fiets,3,Fiets,Buiten Kruispunt,Gewestweg,onbekend,Tussen 2 bestuurders: Frontale botsing,Geen hindernis
24000,13,Gent,Gent,51.03018,3.70146,1.6660368029846024,51.03709121760132,3.7225994523770525,2021,3,12,44021,Gent,Normaal,Droog,Dag,met lichtgewonden,3,Fiets,3,Fiets,Buiten Kruispunt,Gewestweg,binnen bebouwde kom,Tussen 2 bestuurders: Frontale botsing,Geen hindernis
24002,118,Gent teller 1,Gent,51.028049,3.7681359,2.280860149929498,51.0435096446815,3.746698771365022,2021,3,7,44021,Gent,Normaal,Droog,Dag,met lichtgewonden,9,personenauto,3,Fiets,Op Kruispunt,Gemeenteweg,binnen bebouwde kom,Tss. 2 best.: langs opzij (voor-/achterkant-flank),Geen hindernis
24002,119,Gent teller 2,Gent,51.0281795,3.7683918,2.2817969037448145,51.0435096446815,3.746698771365022,2021,3,7,44021,Gent,Normaal,Droog,Dag,met lichtgewonden,9,personenauto,3,Fiets,Op Kruispunt,Gemeenteweg,binnen bebouwde kom,Tss. 2 best.: langs opzij (voor-/achterkant-flank),Geen hindernis
24003,13,Gent,Gent,51.03018,3.70146,2.076874606502349,51.04117169100621,3.7254743055676633,2021,3,19,44021,Gent,Normaal,Droog,"Nacht, openbare verlichting aanwezig en ontstoken",met lichtgewonden,3,Fiets,3,Fiets,Buiten Kruispunt,Gemeenteweg,binnen bebouwde kom,Tussen 2 bestuurders: Flank tegen flank,Geen hindernis
24004,13,Gent,Gent,51.03018,3.70146,2.4843039043957673,51.05249897353777,3.6998513011708245,2021,3,12,44021,Gent,Normaal,Droog,Dag,met lichtgewonden,3,Fiets,10,"één bestuurder, geen hindernis",Op Kruispunt,Gewestweg,binnen bebouwde kom,"Eén bestuurder, geen hindernis (incl. val)",Geen hindernis
24015,13,Gent,Gent,51.03018,3.70146,1.8476991498231852,51.03978703491206,3.7230202620207633,2021,3,21,44021,Gent,Regenval,"Nat, plassen","Nacht, openbare verlichting aanwezig en ontstoken",met lichtgewonden,9,personenauto,3,Fiets,Op Kruispunt,Gewestweg,binnen bebouwde kom,Tussen 2 bestuurders: Frontale botsing,Geen hindernis
24017,7,Evergem 1,Evergem,51.1089,3.70317,0.6104618395664803,51.105194593711275,3.709621927318082,2021,3,15,44019,Evergem,Normaal,Droog,Dag,met lichtgewonden,9,personenauto,3,Fiets,Op Kruispunt,Gewestweg,buiten bebouwde kom,Tss. 2 best.: langs opzij (voor-/achterkant-flank),Geen hindernis
24017,6,Evergem 2,Evergem,51.10894,3.70298,0.6232773836874301,51.105194593711275,3.709621927318082,2021,3,15,44019,Evergem,Normaal,Droog,Dag,met lichtgewonden,9,personenauto,3,Fiets,Op Kruispunt,Gewestweg,buiten bebouwde kom,Tss. 2 best.: langs opzij (voor-/achterkant-flank),Geen hindernis
24020,115,Aalter,Aalter,51.1058367,3.4350591,2.1945908477450984,51.08634315891862,3.430143894013434,2021,3,16,44084,Aalter,Normaal,Droog,Dag,met lichtgewonden,3,Fiets,10,"één bestuurder, geen hindernis",Buiten Kruispunt,Gemeenteweg,binnen bebouwde kom,"Eén bestuurder, geen hindernis (incl. val)",Geen hindernis
24061,128,Lokeren teller 1,Lokeren,51.09644,3.97023,1.8702336487380278,51.102371246171224,3.9952930988561777,2021,3,15,46014,Lokeren,Normaal,Droog,Dag,met lichtgewonden,5,Lichte vrachtauto,3,Fiets,Buiten Kruispunt,Gewestweg,binnen bebouwde kom,Tss. 2 best.: langs opzij (voor-/achterkant-flank),Geen hindernis
24061,129,Lokeren teller 2,Lokeren,51.09612,3.97025,1.8817836944368196,51.102371246171224,3.9952930988561777,2021,3,15,46014,Lokeren,Normaal,Droog,Dag,met lichtgewonden,5,Lichte vrachtauto,3,Fiets,Buiten Kruispunt,Gewestweg,binnen bebouwde kom,Tss. 2 best.: langs opzij (voor-/achterkant-flank),Geen hindernis
24061,141,Test site A support,Lokeren,51.08342085,3.9961071208376326,2.107954622914512,51.102371246171224,3.9952930988561777,2021,3,15,46014,Lokeren,Normaal,Droog,Dag,met lichtgewonden,5,Lichte vrachtauto,3,Fiets,Buiten Kruispunt,Gewestweg,binnen bebouwde kom,Tss. 2 best.: langs opzij (voor-/achterkant-flank),Geen hindernis
24062,128,Lokeren teller 1,Lokeren,51.09644,3.97023,1.526718416645945,51.103994692763926,3.9519727293905684,2021,3,10,46014,Lokeren,Normaal,Droog,Dag,met zwaargewonden,3,Fiets,3,Fiets,Buiten Kruispunt,Gemeenteweg,binnen bebouwde kom,Tussen 2 bestuurders: Flank tegen flank,Geen hindernis
24062,129,Lokeren teller 2,Lokeren,51.09612,3.97025,1.5477372502635467,51.103994692763926,3.9519727293905684,2021,3,10,46014,Lokeren,Normaal,Droog,Dag,met zwaargewonden,3,Fiets,3,Fiets,Buiten Kruispunt,Gemeenteweg,binnen bebouwde kom,Tussen 2 bestuurders: Flank tegen flank,Geen hindernis
24063,141,Test site A support,Lokeren,51.08342085,3.9961071208376326,1.3763897494504909,51.0957989784674,3.996158416317578,2021,3,10,46014,Lokeren,Normaal,Droog,Dag,met lichtgewonden,3,Fiets,9,personenauto,Op Kruispunt,Gemeenteweg,binnen bebouwde kom,Tss. 2 best.: langs opzij (voor-/achterkant-flank),Geen hindernis
24063,129,Lokeren teller 2,Lokeren,51.09612,3.97025,1.809599205359629,51.0957989784674,3.996158416317578,2021,3,10,46014,Lokeren,Normaal,Droog,Dag,met lichtgewonden,3,Fiets,9,personenauto,Op Kruispunt,Gemeenteweg,binnen bebouwde kom,Tss. 2 best.: langs opzij (voor-/achterkant-flank),Geen hindernis
24063,128,Lokeren teller 1,Lokeren,51.09644,3.97023,1.8120399303161188,51.0957989784674,3.996158416317578,2021,3,10,46014,Lokeren,Normaal,Droog,Dag,met lichtgewonden,3,Fiets,9,personenauto,Op Kruispunt,Gemeenteweg,binnen bebouwde kom,Tss. 2 best.: langs opzij (voor-/achterkant-flank),Geen hindernis
24064,128,Lokeren teller 1,Lokeren,51.09644,3.97023,1.6573355612463534,51.10707450966052,3.9868608450749536,2021,3,7,46014,Lokeren,Normaal,Proper,Dag,met lichtgewonden,9,personenauto,3,Fiets,Op Kruispunt,Gemeenteweg,binnen bebouwde kom,Tss. 2 best.: langs opzij (voor-/achterkant-flank),Geen hindernis
24064,129,Lokeren teller 2,Lokeren,51.09612,3.97025,1.681947638048807,51.10707450966052,3.9868608450749536,2021,3,7,46014,Lokeren,Normaal,Proper,Dag,met lichtgewonden,9,personenauto,3,Fiets,Op Kruispunt,Gemeenteweg,binnen bebouwde kom,Tss. 2 best.: langs opzij (voor-/achterkant-flank),Geen hindernis
24065,126,Hamme totem,Hamme,51.1017709,4.1469307,1.8377820339696698,51.08635890556363,4.137426308061182,2021,3,11,42008,Hamme,Normaal,Droog,Dag,met lichtgewonden,5,Lichte vrachtauto,3,Fiets,Op Kruispunt,Gewestweg,binnen bebouwde kom,Tss. 2 best.: langs opzij (voor-/achterkant-flank),Geen hindernis
24066,126,Hamme totem,Hamme,51.1017709,4.1469307,1.020236617681108,51.09734492694067,4.1341321163399956,2021,3,12,42008,Hamme,Normaal,Droog,Dag,met lichtgewonden,3,Fiets,3,Fiets,Buiten Kruispunt,Gemeenteweg,binnen bebouwde kom,Tussen 2 bestuurders: Flank tegen flank,Geen hindernis
24067,126,Hamme totem,Hamme,51.1017709,4.1469307,1.8369206835498026,51.08636447373282,4.137437569887439,2021,3,8,42008,Hamme,Normaal,Droog,Dag,met lichtgewonden,3,Fiets,9,personenauto,Op Kruispunt,Gewestweg,binnen bebouwde kom,Tss. 2 best.: langs opzij (voor-/achterkant-flank),Geen hindernis
24069,120,Zele teller 1,Zele,51.0607671,4.0547741,2.3840132380197168,51.048811163706745,4.02646122245083,2021,3,17,42028,Zele,Normaal,Droog,Dag,met lichtgewonden,3,Fiets,11,een weggebruiker tegen een hindernis,Buiten Kruispunt,Gemeenteweg,buiten bebouwde kom,Weggebruiker tegen hindernis op de rijbaan,"Op de rijbaan: Werken (signal., aarde, toestel,…)"
24069,121,Zele teller 2,Zele,51.0604067,4.0556696,2.4145899306593015,51.048811163706745,4.02646122245083,2021,3,17,42028,Zele,Normaal,Droog,Dag,met lichtgewonden,3,Fiets,11,een weggebruiker tegen een hindernis,Buiten Kruispunt,Gemeenteweg,buiten bebouwde kom,Weggebruiker tegen hindernis op de rijbaan,"Op de rijbaan: Werken (signal., aarde, toestel,…)"
24070,120,Zele teller 1,Zele,51.0607671,4.0547741,1.9124219451885918,51.06917540366894,4.03090012270388,2021,3,7,42028,Zele,Normaal,Droog,Dag,met lichtgewonden,9,personenauto,3,Fiets,Op Kruispunt,Gemeenteweg,binnen bebouwde kom,Tss. 2 best.: langs opzij (voor-/achterkant-flank),Geen hindernis
24070,121,Zele teller 2,Zele,51.0604067,4.0556696,1.9866133052482622,51.06917540366894,4.03090012270388,2021,3,7,42028,Zele,Normaal,Droog,Dag,met lichtgewonden,9,personenauto,3,Fiets,Op Kruispunt,Gemeenteweg,binnen bebouwde kom,Tss. 2 best.: langs opzij (voor-/achterkant-flank),Geen hindernis
24071,120,Zele teller 1,Zele,51.0607671,4.0547741,1.799150208861303,51.07125835883081,4.035172863737129,2021,3,10,42028,Zele,Normaal,Droog,Dag,met lichtgewonden,9,personenauto,3,Fiets,Op Kruispunt,Gemeenteweg,binnen bebouwde kom,Tss. 2 best.: langs opzij (voor-/achterkant-flank),Geen hindernis
24071,121,Zele teller 2,Zele,51.0604067,4.0556696,1.872804534678996,51.07125835883081,4.035172863737129,2021,3,10,42028,Zele,Normaal,Droog,Dag,met lichtgewonden,9,personenauto,3,Fiets,Op Kruispunt,Gemeenteweg,binnen bebouwde kom,Tss. 2 best.: langs opzij (voor-/achterkant-flank),Geen hindernis
24072,121,Zele teller 2,Zele,51.0604067,4.0556696,0.02170435963800901,51.06032370925722,4.055388501979423,2021,3,17,42028,Zele,Onbekend,Droog,Dag,met lichtgewonden,3,Fiets,9,personenauto,Op Kruispunt,Gemeenteweg,buiten bebouwde kom,Tss. 2 best.: langs opzij (voor-/achterkant-flank),Geen hindernis
24072,120,Zele teller 1,Zele,51.0607671,4.0547741,0.06537920165052842,51.06032370925722,4.055388501979423,2021,3,17,42028,Zele,Onbekend,Droog,Dag,met lichtgewonden,3,Fiets,9,personenauto,Op Kruispunt,Gemeenteweg,buiten bebouwde kom,Tss. 2 best.: langs opzij (voor-/achterkant-flank),Geen hindernis
24075,152,Opwijk,District Vilvoorde-gewestwegen,50.968901168564656,4.149169474840164,2.3895600873842997,50.97116964129407,4.115234494239264,2021,3,16,42011,Lebbeke,Normaal,Droog,Dag,met lichtgewonden,3,Fiets,3,Fiets,Buiten Kruispunt,Gemeenteweg,buiten bebouwde kom,Tussen 2 bestuurders: Frontale botsing,Geen hindernis
24094,125,Dendermonde totem,Dendermonde,51.0372706,4.1025998,1.7562291909865473,51.02197794808362,4.10887789197588,2021,3,16,42006,Dendermonde,Normaal,Droog,Dag,met lichtgewonden,3,Fiets,9,personenauto,Buiten Kruispunt,Gemeenteweg,binnen bebouwde kom,Tss. 2 best.: langs opzij (voor-/achterkant-flank),Geen hindernis
24094,122,Dendermonde teller 2,Dendermonde,51.0373918,4.1019222,1.7816313926649685,51.02197794808362,4.10887789197588,2021,3,16,42006,Dendermonde,Normaal,Droog,Dag,met lichtgewonden,3,Fiets,9,personenauto,Buiten Kruispunt,Gemeenteweg,binnen bebouwde kom,Tss. 2 best.: langs opzij (voor-/achterkant-flank),Geen hindernis
24098,142,TEST Validatie BRUGGE Y2H22022134,Brugge,51.22632,3.24095,0.5795263910714213,51.22380968914252,3.233656875001882,2021,3,8,31005,Brugge,Normaal,Droog,Dag,met lichtgewonden,3,Fiets,9,personenauto,Buiten Kruispunt,Gemeenteweg,binnen bebouwde kom,Tussen 2 bestuurders: Langs achteren,Geen hindernis
24098,52,Brugge,Brugge,51.22632,3.24095,0.5795263910714213,51.22380968914252,3.233656875001882,2021,3,8,31005,Brugge,Normaal,Droog,Dag,met lichtgewonden,3,Fiets,9,personenauto,Buiten Kruispunt,Gemeenteweg,binnen bebouwde kom,Tussen 2 bestuurders: Langs achteren,Geen hindernis
24098,54,Brugge teller 2,Brugge,51.23015,3.22818,0.8015543197232667,51.22380968914252,3.233656875001882,2021,3,8,31005,Brugge,Normaal,Droog,Dag,met lichtgewonden,3,Fiets,9,personenauto,Buiten Kruispunt,Gemeenteweg,binnen bebouwde kom,Tussen 2 bestuurders: Langs achteren,Geen hindernis
24098,53,Brugge teller 1,Brugge,51.23023,3.228,0.815370349643881,51.22380968914252,3.233656875001882,2021,3,8,31005,Brugge,Normaal,Droog,Dag,met lichtgewonden,3,Fiets,9,personenauto,Buiten Kruispunt,Gemeenteweg,binnen bebouwde kom,Tussen 2 bestuurders: Langs achteren,Geen hindernis
24099,20,Brugge,Brugge,51.17416,3.20048,2.3861094278415695,51.17915094031757,3.2337701857910526,2021,3,12,31005,Brugge,Normaal,Droog,Dag,met lichtgewonden,9,personenauto,3,Fiets,Op Kruispunt,Gewestweg,binnen bebouwde kom,Tussen 2 bestuurders: Frontale botsing,Geen hindernis
24101,54,Brugge teller 2,Brugge,51.23015,3.22818,1.7544910541901648,51.21530747017164,3.219631964229203,2021,3,8,31005,Brugge,Normaal,Droog,Dag,met lichtgewonden,9,personenauto,3,Fiets,Op Kruispunt,Gemeenteweg,binnen bebouwde kom,Tss. 2 best.: langs opzij (voor-/achterkant-flank),Geen hindernis
24101,53,Brugge teller 1,Brugge,51.23023,3.228,1.758667958533055,51.21530747017164,3.219631964229203,2021,3,8,31005,Brugge,Normaal,Droog,Dag,met lichtgewonden,9,personenauto,3,Fiets,Op Kruispunt,Gemeenteweg,binnen bebouwde kom,Tss. 2 best.: langs opzij (voor-/achterkant-flank),Geen hindernis
24101,52,Brugge,Brugge,51.22632,3.24095,1.9245067953027806,51.21530747017164,3.219631964229203,2021,3,8,31005,Brugge,Normaal,Droog,Dag,met lichtgewonden,9,personenauto,3,Fiets,Op Kruispunt,Gemeenteweg,binnen bebouwde kom,Tss. 2 best.: langs opzij (voor-/achterkant-flank),Geen hindernis
24101,142,TEST Validatie BRUGGE Y2H22022134,Brugge,51.22632,3.24095,1.9245067953027806,51.21530747017164,3.219631964229203,2021,3,8,31005,Brugge,Normaal,Droog,Dag,met lichtgewonden,9,personenauto,3,Fiets,Op Kruispunt,Gemeenteweg,binnen bebouwde kom,Tss. 2 best.: langs opzij (voor-/achterkant-flank),Geen hindernis
24119,18,Oostende 1,Oostende,51.21378,2.92765,0.62547837215733,51.21743713285245,2.934473139443075,2021,3,12,35013,Oostende,Normaal,Droog,Dag,met lichtgewonden,7,Motorfiets,3,Fiets,Op Kruispunt,Gewestweg,binnen bebouwde kom,Tss. 2 best.: langs opzij (voor-/achterkant-flank),Geen hindernis
24119,15,Oostende 2,Oostende,51.21371,2.92743,0.6421947210733613,51.21743713285245,2.934473139443075,2021,3,12,35013,Oostende,Normaal,Droog,Dag,met lichtgewonden,7,Motorfiets,3,Fiets,Op Kruispunt,Gewestweg,binnen bebouwde kom,Tss. 2 best.: langs opzij (voor-/achterkant-flank),Geen hindernis
24120,18,Oostende 1,Oostende,51.21378,2.92765,0.62547837215733,51.21743713285245,2.934473139443075,2021,3,7,35013,Oostende,Normaal,Droog,Dag,met lichtgewonden,9,personenauto,3,Fiets,Op Kruispunt,Gewestweg,binnen bebouwde kom,Tss. 2 best.: langs opzij (voor-/achterkant-flank),Geen hindernis
24120,15,Oostende 2,Oostende,51.21371,2.92743,0.6421947210733613,51.21743713285245,2.934473139443075,2021,3,7,35013,Oostende,Normaal,Droog,Dag,met lichtgewonden,9,personenauto,3,Fiets,Op Kruispunt,Gewestweg,binnen bebouwde kom,Tss. 2 best.: langs opzij (voor-/achterkant-flank),Geen hindernis
24121,15,Oostende 2,Oostende,51.21371,2.92743,1.4632390294096145,51.20181872786168,2.936425801468594,2021,3,8,35013,Oostende,Normaal,Droog,Dag,met lichtgewonden,9,personenauto,3,Fiets,Buiten Kruispunt,Gemeenteweg,binnen bebouwde kom,Tss. 2 best.: langs opzij (voor-/achterkant-flank),Geen hindernis
24121,18,Oostende 1,Oostende,51.21378,2.92765,1.4638095199990346,51.20181872786168,2.936425801468594,2021,3,8,35013,Oostende,Normaal,Droog,Dag,met lichtgewonden,9,personenauto,3,Fiets,Buiten Kruispunt,Gemeenteweg,binnen bebouwde kom,Tss. 2 best.: langs opzij (voor-/achterkant-flank),Geen hindernis
24138,61,Wervik teller 2,Wervik,50.80555,3.0921,1.6827057880693614,50.79348384539961,3.106550303216899,2021,3,7,34027,Menen,Onbekend,Onbekend,Onbekend,met lichtgewonden,3,Fiets,2,Andere weggebruiker,Buiten Kruispunt,Gemeenteweg,onbekend,Tussen 2 bestuurders: Langs achteren,Geen hindernis
24138,62,Wervik teller 1,Wervik,50.8058,3.09154,1.7286834418011363,50.79348384539961,3.106550303216899,2021,3,7,34027,Menen,Onbekend,Onbekend,Onbekend,met lichtgewonden,3,Fiets,2,Andere weggebruiker,Buiten Kruispunt,Gemeenteweg,onbekend,Tussen 2 bestuurders: Langs achteren,Geen hindernis
24139,143,Eco Display Classic Budastraat,Kortrijk,50.83066,3.26286,0.514592613476743,50.835178872848196,3.261279282033704,2021,3,19,34022,Kortrijk,Regenval,"Nat, plassen","Nacht, openbare verlichting aanwezig en ontstoken",met lichtgewonden,9,personenauto,3,Fiets,Op Kruispunt,Gewestweg,buiten bebouwde kom,Tussen 2 bestuurders: Flank tegen flank,Geen hindernis
24139,17,Kortrijk 2,Kortrijk,50.83339,3.27773,1.172281700438881,50.835178872848196,3.261279282033704,2021,3,19,34022,Kortrijk,Regenval,"Nat, plassen","Nacht, openbare verlichting aanwezig en ontstoken",met lichtgewonden,9,personenauto,3,Fiets,Op Kruispunt,Gewestweg,buiten bebouwde kom,Tussen 2 bestuurders: Flank tegen flank,Geen hindernis
24139,16,Kortrijk 1,Kortrijk,50.83332,3.27777,1.1763936283981946,50.835178872848196,3.261279282033704,2021,3,19,34022,Kortrijk,Regenval,"Nat, plassen","Nacht, openbare verlichting aanwezig en ontstoken",met lichtgewonden,9,personenauto,3,Fiets,Op Kruispunt,Gewestweg,buiten bebouwde kom,Tussen 2 bestuurders: Flank tegen flank,Geen hindernis
24139,75,Kortrijk teller 2,Kortrijk,50.81925,3.25731,1.7930168944795724,50.835178872848196,3.261279282033704,2021,3,19,34022,Kortrijk,Regenval,"Nat, plassen","Nacht, openbare verlichting aanwezig en ontstoken",met lichtgewonden,9,personenauto,3,Fiets,Op Kruispunt,Gewestweg,buiten bebouwde kom,Tussen 2 bestuurders: Flank tegen flank,Geen hindernis
24139,74,Kortrijk teller 1,Kortrijk,50.81909,3.25728,1.8109195393109978,50.835178872848196,3.261279282033704,2021,3,19,34022,Kortrijk,Regenval,"Nat, plassen","Nacht, openbare verlichting aanwezig en ontstoken",met lichtgewonden,9,personenauto,3,Fiets,Op Kruispunt,Gewestweg,buiten bebouwde kom,Tussen 2 bestuurders: Flank tegen flank,Geen hindernis
24141,17,Kortrijk 2,Kortrijk,50.83339,3.27773,1.7212469000543524,50.84474297987656,3.294392925762116,2021,3,14,34013,Harelbeke,Normaal,Droog,Dag,met lichtgewonden,3,Fiets,9,personenauto,Buiten Kruispunt,Gewestweg,buiten bebouwde kom,Tss. 2 best.: langs opzij (voor-/achterkant-flank),Geen hindernis
24141,16,Kortrijk 1,Kortrijk,50.83332,3.27777,1.7250624711260842,50.84474297987656,3.294392925762116,2021,3,14,34013,Harelbeke,Normaal,Droog,Dag,met lichtgewonden,3,Fiets,9,personenauto,Buiten Kruispunt,Gewestweg,buiten bebouwde kom,Tss. 2 best.: langs opzij (voor-/achterkant-flank),Geen hindernis
24142,143,Eco Display Classic Budastraat,Kortrijk,50.83066,3.26286,0.8780044781662869,50.82475387966233,3.271156925957162,2021,3,13,34022,Kortrijk,Normaal,Droog,Dag,met lichtgewonden,5,Lichte vrachtauto,3,Fiets,Op Kruispunt,Gemeenteweg,binnen bebouwde kom,Tss. 2 best.: langs opzij (voor-/achterkant-flank),Geen hindernis
24142,16,Kortrijk 1,Kortrijk,50.83332,3.27777,1.0597187929437095,50.82475387966233,3.271156925957162,2021,3,13,34022,Kortrijk,Normaal,Droog,Dag,met lichtgewonden,5,Lichte vrachtauto,3,Fiets,Op Kruispunt,Gemeenteweg,binnen bebouwde kom,Tss. 2 best.: langs opzij (voor-/achterkant-flank),Geen hindernis
24142,17,Kortrijk 2,Kortrijk,50.83339,3.27773,1.0655000332383,50.82475387966233,3.271156925957162,2021,3,13,34022,Kortrijk,Normaal,Droog,Dag,met lichtgewonden,5,Lichte vrachtauto,3,Fiets,Op Kruispunt,Gemeenteweg,binnen bebouwde kom,Tss. 2 best.: langs opzij (voor-/achterkant-flank),Geen hindernis
24142,75,Kortrijk teller 2,Kortrijk,50.81925,3.25731,1.1491993058495231,50.82475387966233,3.271156925957162,2021,3,13,34022,Kortrijk,Normaal,Droog,Dag,met lichtgewonden,5,Lichte vrachtauto,3,Fiets,Op Kruispunt,Gemeenteweg,binnen bebouwde kom,Tss. 2 best.: langs opzij (voor-/achterkant-flank),Geen hindernis
24142,74,Kortrijk teller 1,Kortrijk,50.81909,3.25728,1.1605427140989333,50.82475387966233,3.271156925957162,2021,3,13,34022,Kortrijk,Normaal,Droog,Dag,met lichtgewonden,5,Lichte vrachtauto,3,Fiets,Op Kruispunt,Gemeenteweg,binnen bebouwde kom,Tss. 2 best.: langs opzij (voor-/achterkant-flank),Geen hindernis
24152,17,Kortrijk 2,Kortrijk,50.83339,3.27773,1.7009164999642177,50.84248520476936,3.2972054320066753,2021,3,14,34013,Harelbeke,Normaal,Droog,Dag,met lichtgewonden,5,Lichte vrachtauto,3,Fiets,Op Kruispunt,Gemeenteweg,binnen bebouwde kom,Tussen 2 bestuurders: Frontale botsing,Geen hindernis
24152,16,Kortrijk 1,Kortrijk,50.83332,3.27777,1.7033054061938162,50.84248520476936,3.2972054320066753,2021,3,14,34013,Harelbeke,Normaal,Droog,Dag,met lichtgewonden,5,Lichte vrachtauto,3,Fiets,Op Kruispunt,Gemeenteweg,binnen bebouwde kom,Tussen 2 bestuurders: Frontale botsing,Geen hindernis
24154,66,Nieuwpoort totem,Nieuwpoort,51.1347,2.74369,0.7609707493421238,51.12841677188732,2.7480118554538846,2021,3,15,38016,Nieuwpoort,Normaal,Droog,Dag,Met doden,4,Vrachtwagen,3,Fiets,Op Kruispunt,Gewestweg,binnen bebouwde kom,Tss. 2 best.: langs opzij (voor-/achterkant-flank),Geen hindernis
24154,65,Nieuwpoort teller 2,Nieuwpoort,51.13435,2.75511,0.8249763978596705,51.12841677188732,2.7480118554538846,2021,3,15,38016,Nieuwpoort,Normaal,Droog,Dag,Met doden,4,Vrachtwagen,3,Fiets,Op Kruispunt,Gewestweg,binnen bebouwde kom,Tss. 2 best.: langs opzij (voor-/achterkant-flank),Geen hindernis
24154,63,Nieuwpoort teller 3,Nieuwpoort,51.13529,2.74289,0.8437037605594279,51.12841677188732,2.7480118554538846,2021,3,15,38016,Nieuwpoort,Normaal,Droog,Dag,Met doden,4,Vrachtwagen,3,Fiets,Op Kruispunt,Gewestweg,binnen bebouwde kom,Tss. 2 best.: langs opzij (voor-/achterkant-flank),Geen hindernis
24154,64,Nieuwpoort teller 1,Nieuwpoort,51.13359,2.75737,0.8702382412504917,51.12841677188732,2.7480118554538846,2021,3,15,38016,Nieuwpoort,Normaal,Droog,Dag,Met doden,4,Vrachtwagen,3,Fiets,Op Kruispunt,Gewestweg,binnen bebouwde kom,Tss. 2 best.: langs opzij (voor-/achterkant-flank),Geen hindernis
24157,67,Ieper totem,Ieper,50.85018,2.85624,1.9597254500111068,50.850539060579564,2.8841494548460367,2021,3,7,33011,Ieper,Normaal,"Nat, plassen",Dag,met lichtgewonden,3,Fiets,10,"één bestuurder, geen hindernis",Buiten Kruispunt,Gewestweg,binnen bebouwde kom,"Eén bestuurder, geen hindernis (incl. val)",Geen hindernis
24157,68,Ieper,Ieper,50.85032,2.85608,1.970698719146485,50.850539060579564,2.8841494548460367,2021,3,7,33011,Ieper,Normaal,"Nat, plassen",Dag,met lichtgewonden,3,Fiets,10,"één bestuurder, geen hindernis",Buiten Kruispunt,Gewestweg,binnen bebouwde kom,"Eén bestuurder, geen hindernis (incl. val)",Geen hindernis
24158,68,Ieper,Ieper,50.85032,2.85608,0.16667369282568517,50.850736427571,2.853799274722183,2021,3,13,33011,Ieper,Normaal,Droog,Dag,met lichtgewonden,3,Fiets,10,"één bestuurder, geen hindernis",Buiten Kruispunt,Gewestweg,buiten bebouwde kom,"Eén bestuurder, geen hindernis (incl. val)",Geen hindernis
24158,67,Ieper totem,Ieper,50.85018,2.85624,0.18217376697411392,50.850736427571,2.853799274722183,2021,3,13,33011,Ieper,Normaal,Droog,Dag,met lichtgewonden,3,Fiets,10,"één bestuurder, geen hindernis",Buiten Kruispunt,Gewestweg,buiten bebouwde kom,"Eén bestuurder, geen hindernis (incl. val)",Geen hindernis