crash_row_id,site_id,site_name,site_gemeente,site_lat,site_long,distance_km,crash_lat,crash_long,DT_YEAR_COLLISION,DT_MONTH_COLLISION,DT_TIME,CD_NIS,TX_MUNTY_COLLISION_NL,TX_WEATHER_NL,TX_ROAD_CONDITION_NL,TX_LIGHT_CONDITION_NL,TX_CLASS_ACCIDENTS_NL,CD_ROAD_USR_TYPE1,TX_ROAD_USR_TYPE1_NL,CD_ROAD_USR_TYPE2,TX_ROAD_USR_TYPE2_NL,TX_CROSSWAY_NL,CD_ROAD_TYPE_NL,TX_BUILD_UP_AREA_NL,TX_COLLISION_TYPE_NL,TX_OBSTACLES_NL
24160,67,Ieper totem,Ieper,50.85018,2.85624,2.204621116440706,50.85522014489037,2.8866135347991784,2021,3,19,33011,Ieper,Normaal,"Nat, plassen",Dag,met lichtgewonden,9,personenauto,3,Fiets,Op Kruispunt,Gewestweg,binnen bebouwde kom,Tss. 2 best.: langs opzij (voor-/achterkant-flank),Geen hindernis
24160,68,Ieper,Ieper,50.85032,2.85608,2.21159604147066,50.85522014489037,2.8866135347991784,2021,3,19,33011,Ieper,Normaal,"Nat, plassen",Dag,met lichtgewonden,9,personenauto,3,Fiets,Op Kruispunt,Gewestweg,binnen bebouwde kom,Tss. 2 best.: langs opzij (voor-/achterkant-flank),Geen hindernis
24162,67,Ieper totem,Ieper,50.85018,2.85624,2.0600812952773797,50.848400560737325,2.8854484282785156,2021,3,12,33011,Ieper,Normaal,Onbekend,Dag,met lichtgewonden,3,Fiets,9,personenauto,Op Kruispunt,Gemeenteweg,binnen bebouwde kom,Tss. 2 best.: langs opzij (voor-/achterkant-flank),Geen hindernis
24162,68,Ieper,Ieper,50.85032,2.85608,2.072804299339582,50.848400560737325,2.8854484282785156,2021,3,12,33011,Ieper,Normaal,Onbekend,Dag,met lichtgewonden,3,Fiets,9,personenauto,Op Kruispunt,Gemeenteweg,binnen bebouwde kom,Tss. 2 best.: langs opzij (voor-/achterkant-flank),Geen hindernis
24163,67,Ieper totem,Ieper,50.85018,2.85624,1.6912330106177202,50.84845584659464,2.8801748944534915,2021,3,10,33011,Ieper,Normaal,Droog,Dag,met lichtgewonden,9,personenauto,3,Fiets,Op Kruispunt,Gemeenteweg,binnen bebouwde kom,Tss. 2 best.: langs opzij (voor-/achterkant-flank),Geen hindernis
24163,68,Ieper,Ieper,50.85032,2.85608,1.7042145713975538,50.84845584659464,2.8801748944534915,2021,3,10,33011,Ieper,Normaal,Droog,Dag,met lichtgewonden,9,personenauto,3,Fiets,Op Kruispunt,Gemeenteweg,binnen bebouwde kom,Tss. 2 best.: langs opzij (voor-/achterkant-flank),Geen hindernis
24164,42,Maasmechelen teller 2,Maasmechelen,50.97043,5.6981,0.10169879249628493,50.97133236439768,5.698336770512778,2021,3,11,73107,Maasmechelen,Normaal,Droog,Dag,met lichtgewonden,3,Fiets,9,personenauto,Buiten Kruispunt,Gewestweg,binnen bebouwde kom,Tussen 2 bestuurders: Frontale botsing,Geen hindernis
24164,41,Maasmechelen teller 1,Maasmechelen,50.97025,5.69799,0.12277837885510749,50.97133236439768,5.698336770512778,2021,3,11,73107,Maasmechelen,Normaal,Droog,Dag,met lichtgewonden,3,Fiets,9,personenauto,Buiten Kruispunt,Gewestweg,binnen bebouwde kom,Tussen 2 bestuurders: Frontale botsing,Geen hindernis
24168,124,Beveren teller 2,Beveren,51.1964712,4.2361077,2.4200037881563956,51.21328874455539,4.258155784794754,2021,3,9,46003,Beveren,Regenval,"Nat, plassen",Dag,met lichtgewonden,9,personenauto,3,Fiets,Op Kruispunt,Gemeenteweg,binnen bebouwde kom,Tss. 2 best.: langs opzij (voor-/achterkant-flank),Geen hindernis
24171,124,Beveren teller 2,Beveren,51.1964712,4.2361077,2.0228621312665602,51.211489793573776,4.252492773194275,2021,3,14,46003,Beveren,Normaal,Droog,Dag,met lichtgewonden,9,personenauto,3,Fiets,Op Kruispunt,Gewestweg,binnen bebouwde kom,Tss. 2 best.: langs opzij (voor-/achterkant-flank),Geen hindernis
24172,124,Beveren teller 2,Beveren,51.1964712,4.2361077,2.4754998774689345,51.21446160650943,4.257038655525233,2021,3,14,46003,Beveren,Normaal,Droog,Dag,met lichtgewonden,3,Fiets,3,Fiets,Op Kruispunt,Gemeenteweg,binnen bebouwde kom,Tss. 2 best.: langs opzij (voor-/achterkant-flank),Geen hindernis
24173,83,Beersel teller 2,Beersel,50.75175,4.33304,1.8180361684832218,50.76294885575079,4.314209149040071,2021,3,7,23003,Beersel,Normaal,Droog,Dag,met lichtgewonden,9,personenauto,3,Fiets,Op Kruispunt,Gemeenteweg,binnen bebouwde kom,Tussen 2 bestuurders: Frontale botsing,Geen hindernis
24173,82,Beersel teller 1,Beersel,50.75128,4.33336,1.8703750528194585,50.76294885575079,4.314209149040071,2021,3,7,23003,Beersel,Normaal,Droog,Dag,met lichtgewonden,9,personenauto,3,Fiets,Op Kruispunt,Gemeenteweg,binnen bebouwde kom,Tussen 2 bestuurders: Frontale botsing,Geen hindernis
24174,99,Mechelen teller 1,Mechelen,51.04564,4.46882,2.3149400282924724,51.02904973151403,4.488821322341679,2021,3,13,12025,Mechelen,Normaal,Droog,Dag,met lichtgewonden,9,personenauto,3,Fiets,Op Kruispunt,Gewestweg,binnen bebouwde kom,Tussen 2 bestuurders: Langs achteren,Geen hindernis
24174,100,Mechelen teller 2,Mechelen,51.0457,4.46883,2.3198382212194653,51.02904973151403,4.488821322341679,2021,3,13,12025,Mechelen,Normaal,Droog,Dag,met lichtgewonden,9,personenauto,3,Fiets,Op Kruispunt,Gewestweg,binnen bebouwde kom,Tussen 2 bestuurders: Langs achteren,Geen hindernis
24178,99,Mechelen teller 1,Mechelen,51.04564,4.46882,2.2699383926748853,51.02826973702709,4.485874420394054,2021,3,7,12025,Mechelen,Normaal,Droog,Dag,met lichtgewonden,3,Fiets,3,Fiets,Op Kruispunt,Gemeenteweg,binnen bebouwde kom,Tussen 2 bestuurders: Frontale botsing,Geen hindernis
24178,100,Mechelen teller 2,Mechelen,51.0457,4.46883,2.27525129227661,51.02826973702709,4.485874420394054,2021,3,7,12025,Mechelen,Normaal,Droog,Dag,met lichtgewonden,3,Fiets,3,Fiets,Op Kruispunt,Gemeenteweg,binnen bebouwde kom,Tussen 2 bestuurders: Frontale botsing,Geen hindernis
24181,99,Mechelen teller 1,Mechelen,51.04564,4.46882,1.3547682716247647,51.03420492407212,4.475507593351936,2021,3,15,12025,Mechelen,Normaal,Droog,Dag,met lichtgewonden,9,personenauto,3,Fiets,Op Kruispunt,Gewestweg,binnen bebouwde kom,Tussen 2 bestuurders: Frontale botsing,Geen hindernis
24181,100,Mechelen teller 2,Mechelen,51.0457,4.46883,1.3607918202481268,51.03420492407212,4.475507593351936,2021,3,15,12025,Mechelen,Normaal,Droog,Dag,met lichtgewonden,9,personenauto,3,Fiets,Op Kruispunt,Gewestweg,binnen bebouwde kom,Tussen 2 bestuurders: Frontale botsing,Geen hindernis
24183,99,Mechelen teller 1,Mechelen,51.04564,4.46882,2.3149400282924724,51.02904973151403,4.488821322341679,2021,3,8,12025,Mechelen,Normaal,Droog,Dag,met lichtgewonden,7,Motorfiets,3,Fiets,Op Kruispunt,Gewestweg,buiten bebouwde kom,Tss. 2 best.: langs opzij (voor-/achterkant-flank),Geen hindernis
24183,100,Mechelen teller 2,Mechelen,51.0457,4.46883,2.3198382212194653,51.02904973151403,4.488821322341679,2021,3,8,12025,Mechelen,Normaal,Droog,Dag,met lichtgewonden,7,Motorfiets,3,Fiets,Op Kruispunt,Gewestweg,buiten bebouwde kom,Tss. 2 best.: langs opzij (voor-/achterkant-flank),Geen hindernis
24184,99,Mechelen teller 1,Mechelen,51.04564,4.46882,2.2178108687485167,51.026626941581696,4.478403404858274,2021,3,17,12025,Mechelen,Normaal,Droog,Dag,met lichtgewonden,3,Fiets,8,Voetganger,Buiten Kruispunt,Gemeenteweg,binnen bebouwde kom,Met een voetganger,Geen hindernis
24184,100,Mechelen teller 2,Mechelen,51.0457,4.46883,2.2239609650700873,51.026626941581696,4.478403404858274,2021,3,17,12025,Mechelen,Normaal,Droog,Dag,met lichtgewonden,3,Fiets,8,Voetganger,Buiten Kruispunt,Gemeenteweg,binnen bebouwde kom,Met een voetganger,Geen hindernis
24187,30,Herk De Stad,Herk-de-Stad,50.94374,5.17691,1.0010440236110363,50.94076635761928,5.163424411374423,2021,3,8,71024,Herk-de-Stad,Normaal,Droog,Dag,met lichtgewonden,9,personenauto,3,Fiets,Op Kruispunt,Gewestweg,binnen bebouwde kom,Tss. 2 best.: langs opzij (voor-/achterkant-flank),Geen hindernis
24187,31,Herk De Stad,Herk-de-Stad,50.94366,5.1775,1.0373586722301171,50.94076635761928,5.163424411374423,2021,3,8,71024,Herk-de-Stad,Normaal,Droog,Dag,met lichtgewonden,9,personenauto,3,Fiets,Op Kruispunt,Gewestweg,binnen bebouwde kom,Tss. 2 best.: langs opzij (voor-/achterkant-flank),Geen hindernis
24190,137,Hasselt-Kempische brug,Hasselt,50.9411605,5.3417576,0.7033811183395575,50.94716432171273,5.344919121891002,2021,3,19,71022,Hasselt,Normaal,Droog,Dageraad - schemering,met lichtgewonden,3,Fiets,8,Voetganger,Buiten Kruispunt,Gewestweg,buiten bebouwde kom,Met een voetganger,Geen hindernis
24190,138,Hasselt-Kempische brug,Hasselt,50.9405318,5.3422472,0.760890354070836,50.94716432171273,5.344919121891002,2021,3,19,71022,Hasselt,Normaal,Droog,Dageraad - schemering,met lichtgewonden,3,Fiets,8,Voetganger,Buiten Kruispunt,Gewestweg,buiten bebouwde kom,Met een voetganger,Geen hindernis
24190,140,Hasselt ring,Hasselt,50.9300038,5.3438616,1.9096011940249165,50.94716432171273,5.344919121891002,2021,3,19,71022,Hasselt,Normaal,Droog,Dageraad - schemering,met lichtgewonden,3,Fiets,8,Voetganger,Buiten Kruispunt,Gewestweg,buiten bebouwde kom,Met een voetganger,Geen hindernis
24193,14,Genk,Genk,50.97172,5.48927,1.4161744137090668,50.98315022938788,5.498191715807212,2021,3,17,71016,Genk,Normaal,Droog,Dag,met lichtgewonden,3,Fiets,10,"één bestuurder, geen hindernis",Op Kruispunt,Gewestweg,buiten bebouwde kom,"Eén bestuurder, geen hindernis (incl. val)",Geen hindernis
24197,14,Genk,Genk,50.97172,5.48927,1.0678494695104108,50.96578023009918,5.477287111174962,2021,3,8,71016,Genk,Normaal,Droog,Dag,met lichtgewonden,3,Fiets,10,"één bestuurder, geen hindernis",Op Kruispunt,Gewestweg,buiten bebouwde kom,"Eén bestuurder, geen hindernis (incl. val)",Geen hindernis
24201,14,Genk,Genk,50.97172,5.48927,1.3182228391565418,50.97055881242673,5.508005646963215,2021,3,15,71016,Genk,Normaal,Droog,Dag,met lichtgewonden,3,Fiets,11,een weggebruiker tegen een hindernis,Op Kruispunt,Gemeenteweg,binnen bebouwde kom,Weggebruiker tegen hindernis op de rijbaan,"Op de rijbaan: Werken (signal., aarde, toestel,…)"
24205,22,Tienen 2,Tienen,50.81330800184882,4.935984252796022,0.9519468094978027,50.80937903014988,4.948021817446968,2021,3,15,24107,Tienen,Normaal,"Nat, plassen",Dag,met lichtgewonden,3,Fiets,9,personenauto,Op Kruispunt,Gewestweg,binnen bebouwde kom,Tss. 2 best.: langs opzij (voor-/achterkant-flank),Geen hindernis
24205,24,Tienen 1,Tienen,50.8133795491886,4.935044252605416,1.0145432270551729,50.80937903014988,4.948021817446968,2021,3,15,24107,Tienen,Normaal,"Nat, plassen",Dag,met lichtgewonden,3,Fiets,9,personenauto,Op Kruispunt,Gewestweg,binnen bebouwde kom,Tss. 2 best.: langs opzij (voor-/achterkant-flank),Geen hindernis
24205,23,Tienen 3,Tienen,50.81324,4.93447,1.0444826609532998,50.80937903014988,4.948021817446968,2021,3,15,24107,Tienen,Normaal,"Nat, plassen",Dag,met lichtgewonden,3,Fiets,9,personenauto,Op Kruispunt,Gewestweg,binnen bebouwde kom,Tss. 2 best.: langs opzij (voor-/achterkant-flank),Geen hindernis
24209,131,Nevele,Deinze,51.0276612,3.558569,2.4732265173611916,51.00850337063049,3.576532282322431,2021,3,10,44083,Deinze,Normaal,Droog,Dag,met zwaargewonden,9,personenauto,3,Fiets,Buiten Kruispunt,Gewestweg,binnen bebouwde kom,Tss. 2 best.: langs opzij (voor-/achterkant-flank),Geen hindernis
24292,91,Brecht teller 2,Brecht,51.35739,4.62422,0.26568981748123804,51.35550217330396,4.626565509520709,2021,4,11,11009,Brecht,Normaal,Droog,Dag,met lichtgewonden,2,Andere weggebruiker,3,Fiets,Op Kruispunt,Gewestweg,buiten bebouwde kom,Tss. 2 best.: langs opzij (voor-/achterkant-flank),Geen hindernis
24292,90,Brecht teller 1,Brecht,51.35752,4.6243,0.27402586557714603,51.35550217330396,4.626565509520709,2021,4,11,11009,Brecht,Normaal,Droog,Dag,met lichtgewonden,2,Andere weggebruiker,3,Fiets,Op Kruispunt,Gewestweg,buiten bebouwde kom,Tss. 2 best.: langs opzij (voor-/achterkant-flank),Geen hindernis
24293,104,Malle teller 2,Malle,51.31682,4.73852,1.79936542706957,51.30117668579516,4.731895939302006,2021,4,18,11057,Malle,Normaal,Droog,Dag,met lichtgewonden,5,Lichte vrachtauto,3,Fiets,Op Kruispunt,Gewestweg,binnen bebouwde kom,Tussen 2 bestuurders: Frontale botsing,Geen hindernis
24293,103,Malle teller 1,Malle,51.31681,4.73872,1.80190016740447,51.30117668579516,4.731895939302006,2021,4,18,11057,Malle,Normaal,Droog,Dag,met lichtgewonden,5,Lichte vrachtauto,3,Fiets,Op Kruispunt,Gewestweg,binnen bebouwde kom,Tussen 2 bestuurders: Frontale botsing,Geen hindernis
24305,96,Lier teller 2,Lier,51.11705,4.58444,2.264858090443823,51.131861693059534,4.562163287898453,2021,4,8,12021,Lier,Normaal,Droog,Dag,met lichtgewonden,3,Fiets,99,onbekend,Op Kruispunt,Gemeenteweg,binnen bebouwde kom,Tss. 2 best.: langs opzij (voor-/achterkant-flank),Geen hindernis
24305,95,Lier teller 1,Lier,51.11687,4.58437,2.2761272162132777,51.131861693059534,4.562163287898453,2021,4,8,12021,Lier,Normaal,Droog,Dag,met lichtgewonden,3,Fiets,99,onbekend,Op Kruispunt,Gemeenteweg,binnen bebouwde kom,Tss. 2 best.: langs opzij (voor-/achterkant-flank),Geen hindernis
24307,96,Lier teller 2,Lier,51.11705,4.58444,1.957821654970024,51.1312907074348,4.567942575531333,2021,4,19,12021,Lier,Normaal,Droog,Dag,met lichtgewonden,3,Fiets,8,Voetganger,Buiten Kruispunt,Gemeenteweg,binnen bebouwde kom,Met een voetganger,Geen hindernis
24307,95,Lier teller 1,Lier,51.11687,4.58437,1.971201008235221,51.1312907074348,4.567942575531333,2021,4,19,12021,Lier,Normaal,Droog,Dag,met lichtgewonden,3,Fiets,8,Voetganger,Buiten Kruispunt,Gemeenteweg,binnen bebouwde kom,Met een voetganger,Geen hindernis
24308,96,Lier teller 2,Lier,51.11705,4.58444,1.4166375243937823,51.12958696979275,4.588050481498064,2021,4,14,12021,Lier,Normaal,Droog,Dag,met zwaargewonden,5,Lichte vrachtauto,3,Fiets,Op Kruispunt,Gewestweg,buiten bebouwde kom,Tss. 2 best.: langs opzij (voor-/achterkant-flank),Geen hindernis
24308,95,Lier teller 1,Lier,51.11687,4.58437,1.4372030448545396,51.12958696979275,4.588050481498064,2021,4,14,12021,Lier,Normaal,Droog,Dag,met zwaargewonden,5,Lichte vrachtauto,3,Fiets,Op Kruispunt,Gewestweg,buiten bebouwde kom,Tss. 2 best.: langs opzij (voor-/achterkant-flank),Geen hindernis
24309,9,Heist op den Berg 2,Heist-op-den-Berg,51.06904,4.69524,1.5084112480423448,51.0577131371504,4.707118009232673,2021,4,8,12014,Heist-op-den-Berg,Normaal,Onbekend,Dag,met lichtgewonden,9,personenauto,3,Fiets,Op Kruispunt,Gemeenteweg,buiten bebouwde kom,Tussen 2 bestuurders: Flank tegen flank,Geen hindernis
24309,8,Heist op den Berg 1,Heist-op-den-Berg,51.06759,4.68823,1.7170974168400537,51.0577131371504,4.707118009232673,2021,4,8,12014,Heist-op-den-Berg,Normaal,Onbekend,Dag,met lichtgewonden,9,personenauto,3,Fiets,Op Kruispunt,Gemeenteweg,buiten bebouwde kom,Tussen 2 bestuurders: Flank tegen flank,Geen hindernis
24312,133,Gierde Lille Totem,Lille,51.2453915,4.8297416,1.1356674223978103,51.2511398771243,4.81625480419931,2021,4,10,13019,Lille,Normaal,Droog,Dag,met lichtgewonden,3,Fiets,9,personenauto,Op Kruispunt,Gewestweg,binnen bebouwde kom,Tss. 2 best.: langs opzij (voor-/achterkant-flank),Geen hindernis
24312,132,Gierde lille,Lille,51.245445,4.8298851,1.1406231159591413,51.2511398771243,4.81625480419931,2021,4,10,13019,Lille,Normaal,Droog,Dag,met lichtgewonden,3,Fiets,9,personenauto,Op Kruispunt,Gewestweg,binnen bebouwde kom,Tss. 2 best.: langs opzij (voor-/achterkant-flank),Geen hindernis
24316,98,Geel teller 2,Geel,51.1481,4.99643,2.1798603963877543,51.167098073697204,4.988719073220189,2021,4,14,13008,Geel,Normaal,Droog,Dag,met lichtgewonden,3,Fiets,9,personenauto,Buiten Kruispunt,Gewestweg,binnen bebouwde kom,Tussen 2 bestuurders: Flank tegen flank,Geen hindernis
24316,97,Geel teller 1,Geel,51.14813,4.99698,2.1864200115768813,51.167098073697204,4.988719073220189,2021,4,14,13008,Geel,Normaal,Droog,Dag,met lichtgewonden,3,Fiets,9,personenauto,Buiten Kruispunt,Gewestweg,binnen bebouwde kom,Tussen 2 bestuurders: Flank tegen flank,Geen hindernis
24317,97,Geel teller 1,Geel,51.14813,4.99698,0.050590826990155116,51.14777438404651,4.9974323967321865,2021,4,21,13008,Geel,Normaal,Droog,"Nacht, openbare verlichting aanwezig en ontstoken",met lichtgewonden,9,personenauto,3,Fiets,Op Kruispunt,Gewestweg,buiten bebouwde kom,Tss. 2 best.: langs opzij (voor-/achterkant-flank),Geen hindernis
24317,98,Geel teller 2,Geel,51.1481,4.99643,0.07873938150994846,51.14777438404651,4.9974323967321865,2021,4,21,13008,Geel,Normaal,Droog,"Nacht, openbare verlichting aanwezig en ontstoken",met lichtgewonden,9,personenauto,3,Fiets,Op Kruispunt,Gewestweg,buiten bebouwde kom,Tss. 2 best.: langs opzij (voor-/achterkant-flank),Geen hindernis
24319,134,Retie,Dessel,51.2548405,5.1037658,1.307060126190908,51.26242402508764,5.089414337146235,2021,4,16,13036,Retie,Normaal,Droog,Dag,met zwaargewonden,3,Fiets,1,Autobus,Buiten Kruispunt,Gewestweg,binnen bebouwde kom,Tussen 2 bestuurders: Flank tegen flank,Geen hindernis
24319,135,Retie 2,Dessel,51.2544998,5.1040064,1.3444185445210681,51.26242402508764,5.089414337146235,2021,4,16,13036,Retie,Normaal,Droog,Dag,met zwaargewonden,3,Fiets,1,Autobus,Buiten Kruispunt,Gewestweg,binnen bebouwde kom,Tussen 2 bestuurders: Flank tegen flank,Geen hindernis
24322,135,Retie 2,Dessel,51.2544998,5.1040064,0.4914624013907227,51.250661688437404,5.107508225326803,2021,4,18,13006,Dessel,Normaal,Droog,Dag,met lichtgewonden,9,personenauto,3,Fiets,Buiten Kruispunt,Gewestweg,buiten bebouwde kom,Tussen 2 bestuurders: Langs achteren,Geen hindernis
24322,134,Retie,Dessel,51.2548405,5.1037658,0.5326803830245018,51.250661688437404,5.107508225326803,2021,4,18,13006,Dessel,Normaal,Droog,Dag,met lichtgewonden,9,personenauto,3,Fiets,Buiten Kruispunt,Gewestweg,buiten bebouwde kom,Tussen 2 bestuurders: Langs achteren,Geen hindernis
24324,5,Balen 2,Balen,51.16018,5.19003,0.310664404500402,51.16192023270512,5.186544767096808,2021,4,15,13003,Balen,Normaal,Droog,Dag,met lichtgewonden,9,personenauto,3,Fiets,Op Kruispunt,Gewestweg,buiten bebouwde kom,Tss. 2 best.: langs opzij (voor-/achterkant-flank),Geen hindernis
24324,4,Balen 1,Balen,51.16023,5.19011,0.3116638581551975,51.16192023270512,5.186544767096808,2021,4,15,13003,Balen,Normaal,Droog,Dag,met lichtgewonden,9,personenauto,3,Fiets,Op Kruispunt,Gewestweg,buiten bebouwde kom,Tss. 2 best.: langs opzij (voor-/achterkant-flank),Geen hindernis
24325,135,Retie 2,Dessel,51.2544998,5.1040064,1.629706748222565,51.240868206201284,5.112607578498979,2021,4,12,13006,Dessel,Normaal,Droog,Dag,met lichtgewonden,9,personenauto,3,Fiets,Op Kruispunt,Gewestweg,binnen bebouwde kom,Tussen 2 bestuurders: Frontale botsing,Geen hindernis
24325,134,Retie,Dessel,51.2548405,5.1037658,1.6710939083370395,51.240868206201284,5.112607578498979,2021,4,12,13006,Dessel,Normaal,Droog,Dag,met lichtgewonden,9,personenauto,3,Fiets,Op Kruispunt,Gewestweg,binnen bebouwde kom,Tussen 2 bestuurders: Frontale botsing,Geen hindernis
24331,94,Herentals teller 2,Herentals,51.17345,4.81283,2.1974131102495837,51.18823606378079,4.833745403765112,2021,4,17,13011,Herentals,Normaal,Droog,Dag,met lichtgewonden,9,personenauto,3,Fiets,Op Kruispunt,Gemeenteweg,buiten bebouwde kom,Tss. 2 best.: langs opzij (voor-/achterkant-flank),Geen hindernis
24331,110,Herentals totem,Herentals,51.1739426,4.811783,2.2067184331654763,51.18823606378079,4.833745403765112,2021,4,17,13011,Herentals,Normaal,Droog,Dag,met lichtgewonden,9,personenauto,3,Fiets,Op Kruispunt,Gemeenteweg,buiten bebouwde kom,Tss. 2 best.: langs opzij (voor-/achterkant-flank),Geen hindernis
24332,94,Herentals teller 2,Herentals,51.17345,4.81283,1.6862248446420276,51.17711541236888,4.836301046760896,2021,4,17,13011,Herentals,Normaal,Droog,Dag,met lichtgewonden,9,personenauto,3,Fiets,Op Kruispunt,Gewestweg,binnen bebouwde kom,Tss. 2 best.: langs opzij (voor-/achterkant-flank),Geen hindernis
24332,110,Herentals totem,Herentals,51.1739426,4.811783,1.7452375953309283,51.17711541236888,4.836301046760896,2021,4,17,13011,Herentals,Normaal,Droog,Dag,met lichtgewonden,9,personenauto,3,Fiets,Op Kruispunt,Gewestweg,binnen bebouwde kom,Tss. 2 best.: langs opzij (voor-/achterkant-flank),Geen hindernis
24347,28,Heers,Heers,50.75488,5.30314,0.3567610386027542,50.75180543409448,5.3016904157095155,2021,4,17,73022,Heers,Normaal,Droog,Dag,met lichtgewonden,9,personenauto,3,Fiets,Op Kruispunt,Gewestweg,binnen bebouwde kom,Tss. 2 best.: langs opzij (voor-/achterkant-flank),Geen hindernis
24347,34,Heers teller 1,Heers,50.75486,5.3033,0.35802950957522284,50.75180543409448,5.3016904157095155,2021,4,17,73022,Heers,Normaal,Droog,Dag,met lichtgewonden,9,personenauto,3,Fiets,Op Kruispunt,Gewestweg,binnen bebouwde kom,Tss. 2 best.: langs opzij (voor-/achterkant-flank),Geen hindernis
24350,21,Bilzen,Bilzen,50.86015,5.50161,1.4924063785358614,50.86677593066569,5.520102557041167,2021,4,9,73006,Bilzen,Normaal,Droog,Dag,met lichtgewonden,9,personenauto,3,Fiets,Buiten Kruispunt,Gewestweg,binnen bebouwde kom,Tss. 2 best.: langs opzij (voor-/achterkant-flank),Geen hindernis
24352,21,Bilzen,Bilzen,50.86015,5.50161,1.7540662170213044,50.84616834780615,5.490039752739135,2021,4,19,73032,Hoeselt,Normaal,Droog,Dag,met lichtgewonden,3,Fiets,5,Lichte vrachtauto,Buiten Kruispunt,Gemeenteweg,binnen bebouwde kom,Tussen 2 bestuurders: Langs achteren,Geen hindernis
24354,43,Maaseik teller 1,Maaseik,51.09344,5.79715,0.01700078575125704,51.093474402758325,5.796912804775076,2021,4,14,72021,Maaseik,Normaal,Droog,Dag,met lichtgewonden,9,personenauto,3,Fiets,Op Kruispunt,Gewestweg,binnen bebouwde kom,Tss. 2 best.: langs opzij (voor-/achterkant-flank),Geen hindernis
24354,44,Maaseik teller 2,Maaseik,51.09359,5.79726,0.027443138004736977,51.093474402758325,5.796912804775076,2021,4,14,72021,Maaseik,Normaal,Droog,Dag,met lichtgewonden,9,personenauto,3,Fiets,Op Kruispunt,Gewestweg,binnen bebouwde kom,Tss. 2 best.: langs opzij (voor-/achterkant-flank),Geen hindernis
24355,43,Maaseik teller 1,Maaseik,51.09344,5.79715,2.060523336570371,51.089774799545545,5.768228954490453,2021,4,8,72021,Maaseik,Mist (zichtbaarheid minder dan 100m),Droog,Dag,met lichtgewonden,9,personenauto,3,Fiets,Op Kruispunt,Gewestweg,buiten bebouwde kom,Tss. 2 best.: langs opzij (voor-/achterkant-flank),Geen hindernis
24355,44,Maaseik teller 2,Maaseik,51.09359,5.79726,2.071402719420078,51.089774799545545,5.768228954490453,2021,4,8,72021,Maaseik,Mist (zichtbaarheid minder dan 100m),Droog,Dag,met lichtgewonden,9,personenauto,3,Fiets,Op Kruispunt,Gewestweg,buiten bebouwde kom,Tss. 2 best.: langs opzij (voor-/achterkant-flank),Geen hindernis
24356,43,Maaseik teller 1,Maaseik,51.09344,5.79715,0.8073250126323211,51.09620216715417,5.786458685889196,2021,4,10,72021,Maaseik,Normaal,Droog,Dag,met lichtgewonden,3,Fiets,3,Fiets,Op Kruispunt,Gewestweg,binnen bebouwde kom,Tussen 2 bestuurders: Flank tegen flank,Geen hindernis
24356,44,Maaseik teller 2,Maaseik,51.09359,5.79726,0.8082908071134968,51.09620216715417,5.786458685889196,2021,4,10,72021,Maaseik,Normaal,Droog,Dag,met lichtgewonden,3,Fiets,3,Fiets,Op Kruispunt,Gewestweg,binnen bebouwde kom,Tussen 2 bestuurders: Flank tegen flank,Geen hindernis
24357,151,Leuven,District Leuven,50.8690262,4.6854839,1.503715346170066,50.87934245762884,4.671627520645134,2021,4,14,24062,Leuven,Normaal,Droog,Dag,met zwaargewonden,3,Fiets,3,Fiets,Buiten Kruispunt,Gemeenteweg,buiten bebouwde kom,Tussen 2 bestuurders: Flank tegen flank,Geen hindernis
24357,73,Herent teller 2,Herent,50.89128,4.64685,2.1870351033702344,50.87934245762884,4.671627520645134,2021,4,14,24062,Leuven,Normaal,Droog,Dag,met zwaargewonden,3,Fiets,3,Fiets,Buiten Kruispunt,Gemeenteweg,buiten bebouwde kom,Tussen 2 bestuurders: Flank tegen flank,Geen hindernis
24357,72,Herent teller 1,Herent,50.89135,4.64689,2.189542401467132,50.87934245762884,4.671627520645134,2021,4,14,24062,Leuven,Normaal,Droog,Dag,met zwaargewonden,3,Fiets,3,Fiets,Buiten Kruispunt,Gemeenteweg,buiten bebouwde kom,Tussen 2 bestuurders: Flank tegen flank,Geen hindernis
24358,151,Leuven,District Leuven,50.8690262,4.6854839,1.9414232060025638,50.86118429006466,4.66076788934059,2021,4,16,24062,Leuven,Normaal,Droog,Dag,met lichtgewonden,9,personenauto,3,Fiets,Buiten Kruispunt,Gemeenteweg,buiten bebouwde kom,Tussen 2 bestuurders: Frontale botsing,Geen hindernis
24359,151,Leuven,District Leuven,50.8690262,4.6854839,1.5816470035667145,50.88317051917417,4.683099828055928,2021,4,13,24062,Leuven,Onbekend,Onbekend,Dag,met lichtgewonden,9,personenauto,3,Fiets,Op Kruispunt,Gewestweg,binnen bebouwde kom,Tss. 2 best.: langs opzij (voor-/achterkant-flank),Geen hindernis
24359,77,Leuven teller 2,Leuven,50.88672,4.70796,1.788060386517972,50.88317051917417,4.683099828055928,2021,4,13,24062,Leuven,Onbekend,Onbekend,Dag,met lichtgewonden,9,personenauto,3,Fiets,Op Kruispunt,Gewestweg,binnen bebouwde kom,Tss. 2 best.: langs opzij (voor-/achterkant-flank),Geen hindernis