crash_row_id,site_id,site_name,site_gemeente,site_lat,site_long,distance_km,crash_lat,crash_long,DT_YEAR_COLLISION,DT_MONTH_COLLISION,DT_TIME,CD_NIS,TX_MUNTY_COLLISION_NL,TX_WEATHER_NL,TX_ROAD_CONDITION_NL,TX_LIGHT_CONDITION_NL,TX_CLASS_ACCIDENTS_NL,CD_ROAD_USR_TYPE1,TX_ROAD_USR_TYPE1_NL,CD_ROAD_USR_TYPE2,TX_ROAD_USR_TYPE2_NL,TX_CROSSWAY_NL,CD_ROAD_TYPE_NL,TX_BUILD_UP_AREA_NL,TX_COLLISION_TYPE_NL,TX_OBSTACLES_NL
24359,107,leuven totem,Leuven,50.8870744,4.7087919,1.8538472370064527,50.88317051917417,4.683099828055928,2021,4,13,24062,Leuven,Onbekend,Onbekend,Dag,met lichtgewonden,9,personenauto,3,Fiets,Op Kruispunt,Gewestweg,binnen bebouwde kom,Tss. 2 best.: langs opzij (voor-/achterkant-flank),Geen hindernis
24359,69,Leuven teller 1,Leuven,50.87549,4.71526,2.4125486662492674,50.88317051917417,4.683099828055928,2021,4,13,24062,Leuven,Onbekend,Onbekend,Dag,met lichtgewonden,9,personenauto,3,Fiets,Op Kruispunt,Gewestweg,binnen bebouwde kom,Tss. 2 best.: langs opzij (voor-/achterkant-flank),Geen hindernis
24361,69,Leuven teller 1,Leuven,50.87549,4.71526,0.37293014996705964,50.87380057317255,4.71985139060916,2021,4,19,24062,Leuven,Normaal,Droog,Dag,met zwaargewonden,3,Fiets,8,Voetganger,Buiten Kruispunt,Gewestweg,binnen bebouwde kom,Met een voetganger,Geen vermelding van de aanwezigheid van een hindernis
24361,77,Leuven teller 2,Leuven,50.88672,4.70796,1.6612517020671176,50.87380057317255,4.71985139060916,2021,4,19,24062,Leuven,Normaal,Droog,Dag,met zwaargewonden,3,Fiets,8,Voetganger,Buiten Kruispunt,Gewestweg,binnen bebouwde kom,Met een voetganger,Geen vermelding van de aanwezigheid van een hindernis
24361,107,leuven totem,Leuven,50.8870744,4.7087919,1.667498823620466,50.87380057317255,4.71985139060916,2021,4,19,24062,Leuven,Normaal,Droog,Dag,met zwaargewonden,3,Fiets,8,Voetganger,Buiten Kruispunt,Gewestweg,binnen bebouwde kom,Met een voetganger,Geen vermelding van de aanwezigheid van een hindernis
24361,151,Leuven,District Leuven,50.8690262,4.6854839,2.469343920223908,50.87380057317255,4.71985139060916,2021,4,19,24062,Leuven,Normaal,Droog,Dag,met zwaargewonden,3,Fiets,8,Voetganger,Buiten Kruispunt,Gewestweg,binnen bebouwde kom,Met een voetganger,Geen vermelding van de aanwezigheid van een hindernis
24362,151,Leuven,District Leuven,50.8690262,4.6854839,0.9014353620691173,50.877069589354186,4.683880201617781,2021,4,17,24062,Leuven,Normaal,Droog,Dag,met lichtgewonden,9,personenauto,3,Fiets,Op Kruispunt,Gewestweg,binnen bebouwde kom,Tss. 2 best.: langs opzij (voor-/achterkant-flank),Geen hindernis
24362,77,Leuven teller 2,Leuven,50.88672,4.70796,2.001326355635865,50.877069589354186,4.683880201617781,2021,4,17,24062,Leuven,Normaal,Droog,Dag,met lichtgewonden,9,personenauto,3,Fiets,Op Kruispunt,Gewestweg,binnen bebouwde kom,Tss. 2 best.: langs opzij (voor-/achterkant-flank),Geen hindernis
24362,107,leuven totem,Leuven,50.8870744,4.7087919,2.0717148770679534,50.877069589354186,4.683880201617781,2021,4,17,24062,Leuven,Normaal,Droog,Dag,met lichtgewonden,9,personenauto,3,Fiets,Op Kruispunt,Gewestweg,binnen bebouwde kom,Tss. 2 best.: langs opzij (voor-/achterkant-flank),Geen hindernis
24362,69,Leuven teller 1,Leuven,50.87549,4.71526,2.208716585185834,50.877069589354186,4.683880201617781,2021,4,17,24062,Leuven,Normaal,Droog,Dag,met lichtgewonden,9,personenauto,3,Fiets,Op Kruispunt,Gewestweg,binnen bebouwde kom,Tss. 2 best.: langs opzij (voor-/achterkant-flank),Geen hindernis
24363,151,Leuven,District Leuven,50.8690262,4.6854839,1.1328782996367182,50.87752459435671,4.694388837019038,2021,4,7,24062,Leuven,Onbekend,Onbekend,Onbekend,met lichtgewonden,3,Fiets,3,Fiets,Buiten Kruispunt,Gemeenteweg,binnen bebouwde kom,Tss. 2 best.: langs opzij (voor-/achterkant-flank),Geen hindernis
24363,77,Leuven teller 2,Leuven,50.88672,4.70796,1.3971158811342328,50.87752459435671,4.694388837019038,2021,4,7,24062,Leuven,Onbekend,Onbekend,Onbekend,met lichtgewonden,3,Fiets,3,Fiets,Buiten Kruispunt,Gemeenteweg,binnen bebouwde kom,Tss. 2 best.: langs opzij (voor-/achterkant-flank),Geen hindernis
24363,107,leuven totem,Leuven,50.8870744,4.7087919,1.4658109153433743,50.87752459435671,4.694388837019038,2021,4,7,24062,Leuven,Onbekend,Onbekend,Onbekend,met lichtgewonden,3,Fiets,3,Fiets,Buiten Kruispunt,Gemeenteweg,binnen bebouwde kom,Tss. 2 best.: langs opzij (voor-/achterkant-flank),Geen hindernis
24363,69,Leuven teller 1,Leuven,50.87549,4.71526,1.4817630317347628,50.87752459435671,4.694388837019038,2021,4,7,24062,Leuven,Onbekend,Onbekend,Onbekend,met lichtgewonden,3,Fiets,3,Fiets,Buiten Kruispunt,Gemeenteweg,binnen bebouwde kom,Tss. 2 best.: langs opzij (voor-/achterkant-flank),Geen hindernis
24367,69,Leuven teller 1,Leuven,50.87549,4.71526,0.16355960224807847,50.87695137103449,4.715525283269556,2021,4,15,24062,Leuven,Normaal,Droog,Dag,met lichtgewonden,9,personenauto,3,Fiets,Buiten Kruispunt,Gewestweg,binnen bebouwde kom,Tss. 2 best.: langs opzij (voor-/achterkant-flank),Geen hindernis
24367,77,Leuven teller 2,Leuven,50.88672,4.70796,1.208953337751338,50.87695137103449,4.715525283269556,2021,4,15,24062,Leuven,Normaal,Droog,Dag,met lichtgewonden,9,personenauto,3,Fiets,Buiten Kruispunt,Gewestweg,binnen bebouwde kom,Tss. 2 best.: langs opzij (voor-/achterkant-flank),Geen hindernis
24367,107,leuven totem,Leuven,50.8870744,4.7087919,1.220731444426315,50.87695137103449,4.715525283269556,2021,4,15,24062,Leuven,Normaal,Droog,Dag,met lichtgewonden,9,personenauto,3,Fiets,Buiten Kruispunt,Gewestweg,binnen bebouwde kom,Tss. 2 best.: langs opzij (voor-/achterkant-flank),Geen hindernis
24367,151,Leuven,District Leuven,50.8690262,4.6854839,2.2847511256414514,50.87695137103449,4.715525283269556,2021,4,15,24062,Leuven,Normaal,Droog,Dag,met lichtgewonden,9,personenauto,3,Fiets,Buiten Kruispunt,Gewestweg,binnen bebouwde kom,Tss. 2 best.: langs opzij (voor-/achterkant-flank),Geen hindernis
24368,107,leuven totem,Leuven,50.8870744,4.7087919,0.7655208446624846,50.8938612347998,4.706960143775693,2021,4,21,24062,Leuven,Normaal,Droog,"Nacht, openbare verlichting aanwezig en ontstoken",met lichtgewonden,3,Fiets,10,"één bestuurder, geen hindernis",Buiten Kruispunt,Gewestweg,binnen bebouwde kom,"Eén bestuurder, geen hindernis (incl. val)",Geen hindernis
24368,77,Leuven teller 2,Leuven,50.88672,4.70796,0.7971601276595917,50.8938612347998,4.706960143775693,2021,4,21,24062,Leuven,Normaal,Droog,"Nacht, openbare verlichting aanwezig en ontstoken",met lichtgewonden,3,Fiets,10,"één bestuurder, geen hindernis",Buiten Kruispunt,Gewestweg,binnen bebouwde kom,"Eén bestuurder, geen hindernis (incl. val)",Geen hindernis
24368,69,Leuven teller 1,Leuven,50.87549,4.71526,2.1241446879178625,50.8938612347998,4.706960143775693,2021,4,21,24062,Leuven,Normaal,Droog,"Nacht, openbare verlichting aanwezig en ontstoken",met lichtgewonden,3,Fiets,10,"één bestuurder, geen hindernis",Buiten Kruispunt,Gewestweg,binnen bebouwde kom,"Eén bestuurder, geen hindernis (incl. val)",Geen hindernis
24369,77,Leuven teller 2,Leuven,50.88672,4.70796,1.0251358771414936,50.8791341217792,4.699655743279278,2021,4,13,24062,Leuven,Normaal,Droog,Dag,met lichtgewonden,3,Fiets,8,Voetganger,Buiten Kruispunt,Gemeenteweg,binnen bebouwde kom,Met een voetganger,Geen hindernis
24369,107,leuven totem,Leuven,50.8870744,4.7087919,1.0910268945606882,50.8791341217792,4.699655743279278,2021,4,13,24062,Leuven,Normaal,Droog,Dag,met lichtgewonden,3,Fiets,8,Voetganger,Buiten Kruispunt,Gemeenteweg,binnen bebouwde kom,Met een voetganger,Geen hindernis
24369,69,Leuven teller 1,Leuven,50.87549,4.71526,1.1674078034034192,50.8791341217792,4.699655743279278,2021,4,13,24062,Leuven,Normaal,Droog,Dag,met lichtgewonden,3,Fiets,8,Voetganger,Buiten Kruispunt,Gemeenteweg,binnen bebouwde kom,Met een voetganger,Geen hindernis
24369,151,Leuven,District Leuven,50.8690262,4.6854839,1.5006948543018435,50.8791341217792,4.699655743279278,2021,4,13,24062,Leuven,Normaal,Droog,Dag,met lichtgewonden,3,Fiets,8,Voetganger,Buiten Kruispunt,Gemeenteweg,binnen bebouwde kom,Met een voetganger,Geen hindernis
24370,151,Leuven,District Leuven,50.8690262,4.6854839,1.0822931009886771,50.872710742594215,4.699759568859606,2021,4,13,24062,Leuven,Normaal,Droog,Dag,met lichtgewonden,3,Fiets,11,een weggebruiker tegen een hindernis,Buiten Kruispunt,Gemeenteweg,binnen bebouwde kom,Weggebruiker tegen hindernis buiten rijbaan,Buiten de rijbaan: Muur gebouw
24370,69,Leuven teller 1,Leuven,50.87549,4.71526,1.1306715542414323,50.872710742594215,4.699759568859606,2021,4,13,24062,Leuven,Normaal,Droog,Dag,met lichtgewonden,3,Fiets,11,een weggebruiker tegen een hindernis,Buiten Kruispunt,Gemeenteweg,binnen bebouwde kom,Weggebruiker tegen hindernis buiten rijbaan,Buiten de rijbaan: Muur gebouw
24370,77,Leuven teller 2,Leuven,50.88672,4.70796,1.6606069912105554,50.872710742594215,4.699759568859606,2021,4,13,24062,Leuven,Normaal,Droog,Dag,met lichtgewonden,3,Fiets,11,een weggebruiker tegen een hindernis,Buiten Kruispunt,Gemeenteweg,binnen bebouwde kom,Weggebruiker tegen hindernis buiten rijbaan,Buiten de rijbaan: Muur gebouw
24370,107,leuven totem,Leuven,50.8870744,4.7087919,1.7182853919844328,50.872710742594215,4.699759568859606,2021,4,13,24062,Leuven,Normaal,Droog,Dag,met lichtgewonden,3,Fiets,11,een weggebruiker tegen een hindernis,Buiten Kruispunt,Gemeenteweg,binnen bebouwde kom,Weggebruiker tegen hindernis buiten rijbaan,Buiten de rijbaan: Muur gebouw
24371,69,Leuven teller 1,Leuven,50.87549,4.71526,1.1178567056893116,50.87459250510644,4.731128091457379,2021,4,9,24062,Leuven,Normaal,Droog,Dag,met lichtgewonden,3,Fiets,9,personenauto,Op Kruispunt,Gemeenteweg,binnen bebouwde kom,Tss. 2 best.: langs opzij (voor-/achterkant-flank),Geen hindernis
24371,107,leuven totem,Leuven,50.8870744,4.7087919,2.0933067341368137,50.87459250510644,4.731128091457379,2021,4,9,24062,Leuven,Normaal,Droog,Dag,met lichtgewonden,3,Fiets,9,personenauto,Op Kruispunt,Gemeenteweg,binnen bebouwde kom,Tss. 2 best.: langs opzij (voor-/achterkant-flank),Geen hindernis
24371,77,Leuven teller 2,Leuven,50.88672,4.70796,2.111975034564568,50.87459250510644,4.731128091457379,2021,4,9,24062,Leuven,Normaal,Droog,Dag,met lichtgewonden,3,Fiets,9,personenauto,Op Kruispunt,Gemeenteweg,binnen bebouwde kom,Tss. 2 best.: langs opzij (voor-/achterkant-flank),Geen hindernis
24373,151,Leuven,District Leuven,50.8690262,4.6854839,0.7561088507547102,50.86234690448444,4.687503648617803,2021,4,12,24062,Leuven,Normaal,Droog,Dag,met lichtgewonden,9,personenauto,3,Fiets,Op Kruispunt,Gemeenteweg,buiten bebouwde kom,Tss. 2 best.: langs opzij (voor-/achterkant-flank),Geen hindernis
24373,108,Heverlee teller 1,Leuven,50.8471728,4.6954674,1.7774794550434077,50.86234690448444,4.687503648617803,2021,4,12,24062,Leuven,Normaal,Droog,Dag,met lichtgewonden,9,personenauto,3,Fiets,Op Kruispunt,Gemeenteweg,buiten bebouwde kom,Tss. 2 best.: langs opzij (voor-/achterkant-flank),Geen hindernis
24373,76,Heverlee teller 2,Leuven,50.84606,4.69597,1.9060440463410748,50.86234690448444,4.687503648617803,2021,4,12,24062,Leuven,Normaal,Droog,Dag,met lichtgewonden,9,personenauto,3,Fiets,Op Kruispunt,Gemeenteweg,buiten bebouwde kom,Tss. 2 best.: langs opzij (voor-/achterkant-flank),Geen hindernis
24373,69,Leuven teller 1,Leuven,50.87549,4.71526,2.4351033891361573,50.86234690448444,4.687503648617803,2021,4,12,24062,Leuven,Normaal,Droog,Dag,met lichtgewonden,9,personenauto,3,Fiets,Op Kruispunt,Gemeenteweg,buiten bebouwde kom,Tss. 2 best.: langs opzij (voor-/achterkant-flank),Geen hindernis
24374,107,leuven totem,Leuven,50.8870744,4.7087919,1.3113179696118096,50.88970102235008,4.727016585209056,2021,4,22,24062,Leuven,Normaal,Droog,"Nacht, openbare verlichting aanwezig en ontstoken",met lichtgewonden,3,Fiets,10,"één bestuurder, geen hindernis",Op Kruispunt,Gemeenteweg,binnen bebouwde kom,"Eén bestuurder, geen hindernis (incl. val)",Geen hindernis
24374,77,Leuven teller 2,Leuven,50.88672,4.70796,1.3772228498447356,50.88970102235008,4.727016585209056,2021,4,22,24062,Leuven,Normaal,Droog,"Nacht, openbare verlichting aanwezig en ontstoken",met lichtgewonden,3,Fiets,10,"één bestuurder, geen hindernis",Op Kruispunt,Gemeenteweg,binnen bebouwde kom,"Eén bestuurder, geen hindernis (incl. val)",Geen hindernis
24374,69,Leuven teller 1,Leuven,50.87549,4.71526,1.7824878235147328,50.88970102235008,4.727016585209056,2021,4,22,24062,Leuven,Normaal,Droog,"Nacht, openbare verlichting aanwezig en ontstoken",met lichtgewonden,3,Fiets,10,"één bestuurder, geen hindernis",Op Kruispunt,Gemeenteweg,binnen bebouwde kom,"Eén bestuurder, geen hindernis (incl. val)",Geen hindernis
24375,77,Leuven teller 2,Leuven,50.88672,4.70796,0.5491658759374541,50.88720037764129,4.700168400243492,2021,4,11,24062,Leuven,Normaal,Proper,Dag,met lichtgewonden,3,Fiets,3,Fiets,Buiten Kruispunt,Gemeenteweg,binnen bebouwde kom,Tss. 2 best.: langs opzij (voor-/achterkant-flank),Geen hindernis
24375,107,leuven totem,Leuven,50.8870744,4.7087919,0.6050775729717198,50.88720037764129,4.700168400243492,2021,4,11,24062,Leuven,Normaal,Proper,Dag,met lichtgewonden,3,Fiets,3,Fiets,Buiten Kruispunt,Gemeenteweg,binnen bebouwde kom,Tss. 2 best.: langs opzij (voor-/achterkant-flank),Geen hindernis
24375,69,Leuven teller 1,Leuven,50.87549,4.71526,1.678255586736931,50.88720037764129,4.700168400243492,2021,4,11,24062,Leuven,Normaal,Proper,Dag,met lichtgewonden,3,Fiets,3,Fiets,Buiten Kruispunt,Gemeenteweg,binnen bebouwde kom,Tss. 2 best.: langs opzij (voor-/achterkant-flank),Geen hindernis
24375,151,Leuven,District Leuven,50.8690262,4.6854839,2.268350428841492,50.88720037764129,4.700168400243492,2021,4,11,24062,Leuven,Normaal,Proper,Dag,met lichtgewonden,3,Fiets,3,Fiets,Buiten Kruispunt,Gemeenteweg,binnen bebouwde kom,Tss. 2 best.: langs opzij (voor-/achterkant-flank),Geen hindernis
24376,22,Tienen 2,Tienen,50.81330800184882,4.935984252796022,1.1095229492699867,50.80499593724831,4.944720201979968,2021,4,16,24107,Tienen,Normaal,Droog,Dag,met lichtgewonden,9,personenauto,3,Fiets,Op Kruispunt,Gemeenteweg,buiten bebouwde kom,Tss. 2 best.: langs opzij (voor-/achterkant-flank),Geen hindernis
24376,24,Tienen 1,Tienen,50.8133795491886,4.935044252605416,1.1538014539655015,50.80499593724831,4.944720201979968,2021,4,16,24107,Tienen,Normaal,Droog,Dag,met lichtgewonden,9,personenauto,3,Fiets,Op Kruispunt,Gemeenteweg,buiten bebouwde kom,Tss. 2 best.: langs opzij (voor-/achterkant-flank),Geen hindernis
24376,23,Tienen 3,Tienen,50.81324,4.93447,1.1657886403585846,50.80499593724831,4.944720201979968,2021,4,16,24107,Tienen,Normaal,Droog,Dag,met lichtgewonden,9,personenauto,3,Fiets,Op Kruispunt,Gemeenteweg,buiten bebouwde kom,Tss. 2 best.: langs opzij (voor-/achterkant-flank),Geen hindernis
24379,72,Herent teller 1,Herent,50.89135,4.64689,2.2539521656986716,50.90332950895759,4.67281566375176,2021,4,10,24038,Herent,Normaal,Droog,Dag,met lichtgewonden,3,Fiets,3,Fiets,Buiten Kruispunt,Gemeenteweg,binnen bebouwde kom,Tss. 2 best.: langs opzij (voor-/achterkant-flank),Geen hindernis
24379,73,Herent teller 2,Herent,50.89128,4.64685,2.2608209989685513,50.90332950895759,4.67281566375176,2021,4,10,24038,Herent,Normaal,Droog,Dag,met lichtgewonden,3,Fiets,3,Fiets,Buiten Kruispunt,Gemeenteweg,binnen bebouwde kom,Tss. 2 best.: langs opzij (voor-/achterkant-flank),Geen hindernis
24380,87,Aarschot,Aarschot,50.99084,4.81259,1.9737080221649657,50.9891439535995,4.8406598938178975,2021,4,15,24001,Aarschot,Normaal,Droog,Dag,met lichtgewonden,3,Fiets,10,"één bestuurder, geen hindernis",Op Kruispunt,Gewestweg,binnen bebouwde kom,"Eén bestuurder, geen hindernis (incl. val)",Geen hindernis
24384,101,Diest teller 1,Diest,50.97799,5.04481,0.9307150560605423,50.98509247307123,5.05184455249214,2021,4,11,24020,Diest,Normaal,Droog,Dag,met lichtgewonden,9,personenauto,3,Fiets,Op Kruispunt,Gemeenteweg,binnen bebouwde kom,Tss. 2 best.: langs opzij (voor-/achterkant-flank),Geen hindernis
24384,102,Diest teller 2,Diest,50.9779,5.04474,0.941800751744599,50.98509247307123,5.05184455249214,2021,4,11,24020,Diest,Normaal,Droog,Dag,met lichtgewonden,9,personenauto,3,Fiets,Op Kruispunt,Gemeenteweg,binnen bebouwde kom,Tss. 2 best.: langs opzij (voor-/achterkant-flank),Geen hindernis
24391,85,Asse teller 1,Asse,50.89621,4.17294,2.195099534523546,50.908033081248014,4.19800777974347,2021,4,11,23002,Asse,Normaal,Droog,Dag,met lichtgewonden,3,Fiets,5,Lichte vrachtauto,Op Kruispunt,Gemeenteweg,binnen bebouwde kom,Tss. 2 best.: langs opzij (voor-/achterkant-flank),Geen hindernis
24394,85,Asse teller 1,Asse,50.89621,4.17294,2.2820926816299485,50.90763501069204,4.1999744288452945,2021,4,17,23002,Asse,Normaal,Droog,Dag,met lichtgewonden,3,Fiets,9,personenauto,Buiten Kruispunt,Gemeenteweg,binnen bebouwde kom,Tss. 2 best.: langs opzij (voor-/achterkant-flank),Geen hindernis
24398,47,Vilvoorde,Vilvoorde,50.91372,4.41497,0.9525353396569551,50.9191407488198,4.425491151854154,2021,4,17,23088,Vilvoorde,Normaal,Droog,Dag,met lichtgewonden,5,Lichte vrachtauto,3,Fiets,Buiten Kruispunt,Gewestweg,buiten bebouwde kom,Tss. 2 best.: langs opzij (voor-/achterkant-flank),Geen hindernis
24398,1,Machelen,Machelen,50.91618331151478,4.456121776137429,2.17228394813964,50.9191407488198,4.425491151854154,2021,4,17,23088,Vilvoorde,Normaal,Droog,Dag,met lichtgewonden,5,Lichte vrachtauto,3,Fiets,Buiten Kruispunt,Gewestweg,buiten bebouwde kom,Tss. 2 best.: langs opzij (voor-/achterkant-flank),Geen hindernis
24403,136,Gent R4,Gent,51.0876313,3.7587918,0.9160629791388489,51.08045773952142,3.7652405670543656,2021,4,8,44021,Gent,Onbekend,Droog,Dag,met lichtgewonden,3,Fiets,9,personenauto,Buiten Kruispunt,Gemeenteweg,binnen bebouwde kom,Tss. 2 best.: langs opzij (voor-/achterkant-flank),Geen hindernis
24404,118,Gent teller 1,Gent,51.028049,3.7681359,2.1117969104036574,51.03544231012635,3.7403191148781603,2021,4,16,44021,Gent,Normaal,Droog,Dag,met lichtgewonden,9,personenauto,3,Fiets,Op Kruispunt,Gemeenteweg,binnen bebouwde kom,Tss. 2 best.: langs opzij (voor-/achterkant-flank),Geen hindernis
24404,119,Gent teller 2,Gent,51.0281795,3.7683918,2.122726083657078,51.03544231012635,3.7403191148781603,2021,4,16,44021,Gent,Normaal,Droog,Dag,met lichtgewonden,9,personenauto,3,Fiets,Op Kruispunt,Gemeenteweg,binnen bebouwde kom,Tss. 2 best.: langs opzij (voor-/achterkant-flank),Geen hindernis
24405,118,Gent teller 1,Gent,51.028049,3.7681359,1.9166715864776955,51.038753073107436,3.746651749648482,2021,4,15,44021,Gent,Normaal,Droog,Dag,met zwaargewonden,9,personenauto,3,Fiets,Op Kruispunt,Gewestweg,binnen bebouwde kom,Tss. 2 best.: langs opzij (voor-/achterkant-flank),Geen hindernis
24405,119,Gent teller 2,Gent,51.0281795,3.7683918,1.921816095926754,51.038753073107436,3.746651749648482,2021,4,15,44021,Gent,Normaal,Droog,Dag,met zwaargewonden,9,personenauto,3,Fiets,Op Kruispunt,Gewestweg,binnen bebouwde kom,Tss. 2 best.: langs opzij (voor-/achterkant-flank),Geen hindernis
24406,13,Gent,Gent,51.03018,3.70146,1.4059699493744766,51.021762173487026,3.6864595287827964,2021,4,11,44021,Gent,Normaal,Droog,Dag,met lichtgewonden,3,Fiets,9,personenauto,Buiten Kruispunt,Gewestweg,buiten bebouwde kom,Tss. 2 best.: langs opzij (voor-/achterkant-flank),Geen hindernis
24415,13,Gent,Gent,51.03018,3.70146,1.1883871276187676,51.02838841479572,3.7182127412431947,2021,4,15,44021,Gent,Normaal,Droog,Dag,met lichtgewonden,4,Vrachtwagen,3,Fiets,Op Kruispunt,Gewestweg,binnen bebouwde kom,Tss. 2 best.: langs opzij (voor-/achterkant-flank),Geen hindernis
24417,13,Gent,Gent,51.03018,3.70146,1.4883931317094612,51.0435562277442,3.702249654343912,2021,4,11,44021,Gent,Normaal,Droog,Dag,met lichtgewonden,1,Autobus,3,Fiets,Op Kruispunt,Gemeenteweg,buiten bebouwde kom,Tussen 2 bestuurders: Flank tegen flank,Geen hindernis
24419,13,Gent,Gent,51.03018,3.70146,1.8144757575276125,51.04208142126025,3.7192134227103457,2021,4,17,44021,Gent,Normaal,Droog,Dag,met lichtgewonden,9,personenauto,3,Fiets,Op Kruispunt,Gewestweg,binnen bebouwde kom,Tussen 2 bestuurders: Flank tegen flank,Geen hindernis
24421,136,Gent R4,Gent,51.0876313,3.7587918,2.3536864048202597,51.07371313013511,3.7334061802514706,2021,4,15,44021,Gent,Normaal,Droog,Dag,met lichtgewonden,5,Lichte vrachtauto,3,Fiets,Buiten Kruispunt,Gewestweg,binnen bebouwde kom,Tss. 2 best.: langs opzij (voor-/achterkant-flank),Geen hindernis
24422,13,Gent,Gent,51.03018,3.70146,1.008679507616897,51.02737589552337,3.715176935357076,2021,4,6,44021,Gent,Mist (zichtbaarheid minder dan 100m),Proper,Dageraad - schemering,met lichtgewonden,9,personenauto,3,Fiets,Op Kruispunt,Gewestweg,binnen bebouwde kom,Tss. 2 best.: langs opzij (voor-/achterkant-flank),Geen hindernis
24426,13,Gent,Gent,51.03018,3.70146,2.067432632997769,51.03300511600171,3.7306812155194935,2021,4,18,44021,Gent,Normaal,Droog,Dag,met zwaargewonden,3,Fiets,9,personenauto,Buiten Kruispunt,Gemeenteweg,binnen bebouwde kom,Tussen 2 bestuurders: Frontale botsing,Geen hindernis
24428,136,Gent R4,Gent,51.0876313,3.7587918,2.255747156216404,51.06817603894445,3.7496438453915286,2021,4,23,44021,Gent,Normaal,Droog,"Nacht, openbare verlichting aanwezig en ontstoken",met lichtgewonden,3,Fiets,9,personenauto,Op Kruispunt,Gemeenteweg,binnen bebouwde kom,Tss. 2 best.: langs opzij (voor-/achterkant-flank),Geen hindernis
24443,118,Gent teller 1,Gent,51.028049,3.7681359,0.505070895713241,51.024294419666525,3.772200238661454,2021,4,15,44040,Melle,Normaal,Droog,Dag,met lichtgewonden,3,Fiets,8,Voetganger,Buiten Kruispunt,Gemeenteweg,binnen bebouwde kom,Met een voetganger,Geen hindernis
24443,119,Gent teller 2,Gent,51.0281795,3.7683918,0.5075126823944722,51.024294419666525,3.772200238661454,2021,4,15,44040,Melle,Normaal,Droog,Dag,met lichtgewonden,3,Fiets,8,Voetganger,Buiten Kruispunt,Gemeenteweg,binnen bebouwde kom,Met een voetganger,Geen hindernis
24445,118,Gent teller 1,Gent,51.028049,3.7681359,2.187477110985562,51.036284175449545,3.7397271388577558,2021,4,9,44021,Gent,Onbekend,Onbekend,Dag,met lichtgewonden,3,Fiets,9,personenauto,Op Kruispunt,Gemeenteweg,binnen bebouwde kom,Tss. 2 best.: langs opzij (voor-/achterkant-flank),Geen hindernis
24445,119,Gent teller 2,Gent,51.0281795,3.7683918,2.1977486182996904,51.036284175449545,3.7397271388577558,2021,4,9,44021,Gent,Onbekend,Onbekend,Dag,met lichtgewonden,3,Fiets,9,personenauto,Op Kruispunt,Gemeenteweg,binnen bebouwde kom,Tss. 2 best.: langs opzij (voor-/achterkant-flank),Geen hindernis
24455,7,Evergem 1,Evergem,51.1089,3.70317,0.4562137737969593,51.11261980438693,3.7059271275191548,2021,4,8,44019,Evergem,Normaal,Droog,Dag,met zwaargewonden,9,personenauto,3,Fiets,Op Kruispunt,Gemeenteweg,binnen bebouwde kom,Tussen 2 bestuurders: Flank tegen flank,Geen hindernis
24455,6,Evergem 2,Evergem,51.10894,3.70298,0.45798821749296265,51.11261980438693,3.7059271275191548,2021,4,8,44019,Evergem,Normaal,Droog,Dag,met zwaargewonden,9,personenauto,3,Fiets,Op Kruispunt,Gemeenteweg,binnen bebouwde kom,Tussen 2 bestuurders: Flank tegen flank,Geen hindernis
24458,115,Aalter,Aalter,51.1058367,3.4350591,2.2067143254836767,51.105729919874435,3.4666655046512562,2021,4,17,44084,Aalter,Normaal,Droog,Dag,met lichtgewonden,3,Fiets,3,Fiets,Buiten Kruispunt,Gemeenteweg,buiten bebouwde kom,Tss. 2 best.: langs opzij (voor-/achterkant-flank),Geen hindernis
24487,126,Hamme totem,Hamme,51.1017709,4.1469307,1.781703370604822,51.11367927990424,4.129855559315231,2021,4,13,42023,Waasmunster,Normaal,Droog,Dag,met zwaargewonden,3,Fiets,5,Lichte vrachtauto,Buiten Kruispunt,Gemeenteweg,binnen bebouwde kom,Tss. 2 best.: langs opzij (voor-/achterkant-flank),Geen hindernis
24492,141,Test site A support,Lokeren,51.08342085,3.9961071208376326,1.5001654704410619,51.09691081341757,3.9964108424998894,2021,4,15,46014,Lokeren,Normaal,Droog,Dag,met lichtgewonden,9,personenauto,3,Fiets,Op Kruispunt,Gewestweg,buiten bebouwde kom,Tss. 2 best.: langs opzij (voor-/achterkant-flank),Geen hindernis
24492,129,Lokeren teller 2,Lokeren,51.09612,3.97025,1.8289677782469407,51.09691081341757,3.9964108424998894,2021,4,15,46014,Lokeren,Normaal,Droog,Dag,met lichtgewonden,9,personenauto,3,Fiets,Op Kruispunt,Gewestweg,buiten bebouwde kom,Tss. 2 best.: langs opzij (voor-/achterkant-flank),Geen hindernis
24492,128,Lokeren teller 1,Lokeren,51.09644,3.97023,1.8289923740293736,51.09691081341757,3.9964108424998894,2021,4,15,46014,Lokeren,Normaal,Droog,Dag,met lichtgewonden,9,personenauto,3,Fiets,Op Kruispunt,Gewestweg,buiten bebouwde kom,Tss. 2 best.: langs opzij (voor-/achterkant-flank),Geen hindernis
24493,128,Lokeren teller 1,Lokeren,51.09644,3.97023,1.4204935094427165,51.09740502602631,3.990513765463314,2021,4,14,46014,Lokeren,Normaal,Droog,Dag,met lichtgewonden,3,Fiets,8,Voetganger,Buiten Kruispunt,Gemeenteweg,binnen bebouwde kom,Met een voetganger,Geen hindernis