crash_row_id,site_id,site_name,site_gemeente,site_lat,site_long,distance_km,crash_lat,crash_long,DT_YEAR_COLLISION,DT_MONTH_COLLISION,DT_TIME,CD_NIS,TX_MUNTY_COLLISION_NL,TX_WEATHER_NL,TX_ROAD_CONDITION_NL,TX_LIGHT_CONDITION_NL,TX_CLASS_ACCIDENTS_NL,CD_ROAD_USR_TYPE1,TX_ROAD_USR_TYPE1_NL,CD_ROAD_USR_TYPE2,TX_ROAD_USR_TYPE2_NL,TX_CROSSWAY_NL,CD_ROAD_TYPE_NL,TX_BUILD_UP_AREA_NL,TX_COLLISION_TYPE_NL,TX_OBSTACLES_NL
24493,129,Lokeren teller 2,Lokeren,51.09612,3.97025,1.4222389706341765,51.09740502602631,3.990513765463314,2021,4,14,46014,Lokeren,Normaal,Droog,Dag,met lichtgewonden,3,Fiets,8,Voetganger,Buiten Kruispunt,Gemeenteweg,binnen bebouwde kom,Met een voetganger,Geen hindernis
24493,141,Test site A support,Lokeren,51.08342085,3.9961071208376326,1.603288155157267,51.09740502602631,3.990513765463314,2021,4,14,46014,Lokeren,Normaal,Droog,Dag,met lichtgewonden,3,Fiets,8,Voetganger,Buiten Kruispunt,Gemeenteweg,binnen bebouwde kom,Met een voetganger,Geen hindernis
24496,126,Hamme totem,Hamme,51.1017709,4.1469307,1.8377820339696698,51.08635890556363,4.137426308061182,2021,4,14,42008,Hamme,Normaal,Droog,Dag,met lichtgewonden,9,personenauto,3,Fiets,Op Kruispunt,Gewestweg,binnen bebouwde kom,Tss. 2 best.: langs opzij (voor-/achterkant-flank),Geen hindernis
24497,120,Zele teller 1,Zele,51.0607671,4.0547741,1.1875388675299914,51.0617908689442,4.037859542455286,2021,4,8,42028,Zele,Normaal,Droog,Dag,met lichtgewonden,3,Fiets,9,personenauto,Op Kruispunt,Gemeenteweg,binnen bebouwde kom,Tss. 2 best.: langs opzij (voor-/achterkant-flank),Geen hindernis
24497,121,Zele teller 2,Zele,51.0604067,4.0556696,1.2541368666794759,51.0617908689442,4.037859542455286,2021,4,8,42028,Zele,Normaal,Droog,Dag,met lichtgewonden,3,Fiets,9,personenauto,Op Kruispunt,Gemeenteweg,binnen bebouwde kom,Tss. 2 best.: langs opzij (voor-/achterkant-flank),Geen hindernis
24499,120,Zele teller 1,Zele,51.0607671,4.0547741,1.1843954620176094,51.06843590266093,4.043011412453138,2021,4,15,42028,Zele,Normaal,Droog,Dag,met lichtgewonden,9,personenauto,3,Fiets,Buiten Kruispunt,Gemeenteweg,binnen bebouwde kom,Tss. 2 best.: langs opzij (voor-/achterkant-flank),Geen hindernis
24499,121,Zele teller 2,Zele,51.0604067,4.0556696,1.2567976379676808,51.06843590266093,4.043011412453138,2021,4,15,42028,Zele,Normaal,Droog,Dag,met lichtgewonden,9,personenauto,3,Fiets,Buiten Kruispunt,Gemeenteweg,binnen bebouwde kom,Tss. 2 best.: langs opzij (voor-/achterkant-flank),Geen hindernis
24500,120,Zele teller 1,Zele,51.0607671,4.0547741,2.106972787882638,51.06892877822828,4.027562895985345,2021,4,9,42028,Zele,Normaal,Droog,Dag,met zwaargewonden,9,personenauto,3,Fiets,Op Kruispunt,Gemeenteweg,binnen bebouwde kom,Tss. 2 best.: langs opzij (voor-/achterkant-flank),Geen hindernis
24500,121,Zele teller 2,Zele,51.0604067,4.0556696,2.1807350250085067,51.06892877822828,4.027562895985345,2021,4,9,42028,Zele,Normaal,Droog,Dag,met zwaargewonden,9,personenauto,3,Fiets,Op Kruispunt,Gemeenteweg,binnen bebouwde kom,Tss. 2 best.: langs opzij (voor-/achterkant-flank),Geen hindernis
24503,152,Opwijk,District Vilvoorde-gewestwegen,50.968901168564656,4.149169474840164,1.6149040814644824,50.98242422091099,4.140758123507371,2021,4,20,42011,Lebbeke,Normaal,Droog,"Nacht, openbare verlichting aanwezig en ontstoken",met lichtgewonden,9,personenauto,3,Fiets,Op Kruispunt,Gewestweg,buiten bebouwde kom,Tss. 2 best.: langs opzij (voor-/achterkant-flank),Geen hindernis
24510,10,Aalst 2,Aalst,50.93549,4.01571,2.4567508332059176,50.94363031394494,4.04830565229393,2021,4,16,41002,Aalst,Normaal,Droog,Dag,met lichtgewonden,9,personenauto,3,Fiets,Op Kruispunt,Gemeenteweg,binnen bebouwde kom,Tss. 2 best.: langs opzij (voor-/achterkant-flank),Geen hindernis
24510,11,Aalst 3,Aalst,50.93385,4.01647,2.481687766401771,50.94363031394494,4.04830565229393,2021,4,16,41002,Aalst,Normaal,Droog,Dag,met lichtgewonden,9,personenauto,3,Fiets,Op Kruispunt,Gemeenteweg,binnen bebouwde kom,Tss. 2 best.: langs opzij (voor-/achterkant-flank),Geen hindernis
24511,11,Aalst 3,Aalst,50.93385,4.01647,2.25539946699654,50.934819116888065,4.048618187226226,2021,4,17,41002,Aalst,Normaal,Droog,Dag,met lichtgewonden,3,Fiets,9,personenauto,Op Kruispunt,Gewestweg,binnen bebouwde kom,Tss. 2 best.: langs opzij (voor-/achterkant-flank),Geen hindernis
24511,10,Aalst 2,Aalst,50.93549,4.01571,2.3072472024695347,50.934819116888065,4.048618187226226,2021,4,17,41002,Aalst,Normaal,Droog,Dag,met lichtgewonden,3,Fiets,9,personenauto,Op Kruispunt,Gewestweg,binnen bebouwde kom,Tss. 2 best.: langs opzij (voor-/achterkant-flank),Geen hindernis
24511,19,Aalst 1,Aalst,50.93433,4.01471,2.376767883487951,50.934819116888065,4.048618187226226,2021,4,17,41002,Aalst,Normaal,Droog,Dag,met lichtgewonden,3,Fiets,9,personenauto,Op Kruispunt,Gewestweg,binnen bebouwde kom,Tss. 2 best.: langs opzij (voor-/achterkant-flank),Geen hindernis
24512,11,Aalst 3,Aalst,50.93385,4.01647,2.454492432886832,50.9287357898908,4.050540762243081,2021,4,23,41002,Aalst,Normaal,Droog,"Nacht, openbare verlichting aanwezig en ontstoken",met lichtgewonden,9,personenauto,3,Fiets,Op Kruispunt,Gemeenteweg,binnen bebouwde kom,Tss. 2 best.: langs opzij (voor-/achterkant-flank),Geen hindernis
24515,10,Aalst 2,Aalst,50.93549,4.01571,0.7697639577186487,50.93792970645726,4.025990421575026,2021,4,9,41002,Aalst,Normaal,Droog,Dag,met lichtgewonden,9,personenauto,3,Fiets,Op Kruispunt,Gewestweg,binnen bebouwde kom,Tss. 2 best.: langs opzij (voor-/achterkant-flank),Geen hindernis
24515,11,Aalst 3,Aalst,50.93385,4.01647,0.8067576958437749,50.93792970645726,4.025990421575026,2021,4,9,41002,Aalst,Normaal,Droog,Dag,met lichtgewonden,9,personenauto,3,Fiets,Op Kruispunt,Gewestweg,binnen bebouwde kom,Tss. 2 best.: langs opzij (voor-/achterkant-flank),Geen hindernis
24515,19,Aalst 1,Aalst,50.93433,4.01471,0.8860251474031293,50.93792970645726,4.025990421575026,2021,4,9,41002,Aalst,Normaal,Droog,Dag,met lichtgewonden,9,personenauto,3,Fiets,Op Kruispunt,Gewestweg,binnen bebouwde kom,Tss. 2 best.: langs opzij (voor-/achterkant-flank),Geen hindernis
24521,125,Dendermonde totem,Dendermonde,51.0372706,4.1025998,2.45996789191584,51.015893439248245,4.1116561235653775,2021,4,11,42006,Dendermonde,Normaal,Droog,Dag,met lichtgewonden,9,personenauto,3,Fiets,Buiten Kruispunt,Gemeenteweg,binnen bebouwde kom,Tss. 2 best.: langs opzij (voor-/achterkant-flank),Geen hindernis
24521,122,Dendermonde teller 2,Dendermonde,51.0373918,4.1019222,2.4855518996072212,51.015893439248245,4.1116561235653775,2021,4,11,42006,Dendermonde,Normaal,Droog,Dag,met lichtgewonden,9,personenauto,3,Fiets,Buiten Kruispunt,Gemeenteweg,binnen bebouwde kom,Tss. 2 best.: langs opzij (voor-/achterkant-flank),Geen hindernis
24522,125,Dendermonde totem,Dendermonde,51.0372706,4.1025998,1.2485429616219532,51.02604218339543,4.102600493717343,2021,4,12,42006,Dendermonde,Normaal,Droog,Dag,met lichtgewonden,3,Fiets,9,personenauto,Buiten Kruispunt,Gewestweg,binnen bebouwde kom,Tss. 2 best.: langs opzij (voor-/achterkant-flank),Geen hindernis
24522,122,Dendermonde teller 2,Dendermonde,51.0373918,4.1019222,1.2629108429864948,51.02604218339543,4.102600493717343,2021,4,12,42006,Dendermonde,Normaal,Droog,Dag,met lichtgewonden,3,Fiets,9,personenauto,Buiten Kruispunt,Gewestweg,binnen bebouwde kom,Tss. 2 best.: langs opzij (voor-/achterkant-flank),Geen hindernis
24524,125,Dendermonde totem,Dendermonde,51.0372706,4.1025998,1.3148606004340977,51.04801128251164,4.110466515997976,2021,4,11,42006,Dendermonde,Normaal,Droog,Dag,met lichtgewonden,3,Fiets,11,een weggebruiker tegen een hindernis,Buiten Kruispunt,Gemeenteweg,binnen bebouwde kom,Weggebruiker tegen hindernis op de rijbaan,Op de rijbaan: Dier (wild dier)
24524,122,Dendermonde teller 2,Dendermonde,51.0373918,4.1019222,1.3233295684947535,51.04801128251164,4.110466515997976,2021,4,11,42006,Dendermonde,Normaal,Droog,Dag,met lichtgewonden,3,Fiets,11,een weggebruiker tegen een hindernis,Buiten Kruispunt,Gemeenteweg,binnen bebouwde kom,Weggebruiker tegen hindernis op de rijbaan,Op de rijbaan: Dier (wild dier)
24525,125,Dendermonde totem,Dendermonde,51.0372706,4.1025998,0.6133868141671585,51.032579329424976,4.107214643280179,2021,3,16,42006,Dendermonde,Normaal,Droog,Dag,met lichtgewonden,9,personenauto,3,Fiets,Op Kruispunt,Gewestweg,onbekend,Tss. 2 best.: langs opzij (voor-/achterkant-flank),Geen hindernis
24525,122,Dendermonde teller 2,Dendermonde,51.0373918,4.1019222,0.6506216978069607,51.032579329424976,4.107214643280179,2021,3,16,42006,Dendermonde,Normaal,Droog,Dag,met lichtgewonden,9,personenauto,3,Fiets,Op Kruispunt,Gewestweg,onbekend,Tss. 2 best.: langs opzij (voor-/achterkant-flank),Geen hindernis
24527,54,Brugge teller 2,Brugge,51.23015,3.22818,0.8913479787518738,51.22352520248293,3.2209730391897238,2021,4,13,31005,Brugge,Normaal,Droog,Dag,met lichtgewonden,9,personenauto,3,Fiets,Op Kruispunt,Gemeenteweg,binnen bebouwde kom,Tss. 2 best.: langs opzij (voor-/achterkant-flank),Geen hindernis
24527,53,Brugge teller 1,Brugge,51.23023,3.228,0.8917747040548334,51.22352520248293,3.2209730391897238,2021,4,13,31005,Brugge,Normaal,Droog,Dag,met lichtgewonden,9,personenauto,3,Fiets,Op Kruispunt,Gemeenteweg,binnen bebouwde kom,Tss. 2 best.: langs opzij (voor-/achterkant-flank),Geen hindernis
24527,52,Brugge,Brugge,51.22632,3.24095,1.4254333991925878,51.22352520248293,3.2209730391897238,2021,4,13,31005,Brugge,Normaal,Droog,Dag,met lichtgewonden,9,personenauto,3,Fiets,Op Kruispunt,Gemeenteweg,binnen bebouwde kom,Tss. 2 best.: langs opzij (voor-/achterkant-flank),Geen hindernis
24527,142,TEST Validatie BRUGGE Y2H22022134,Brugge,51.22632,3.24095,1.4254333991925878,51.22352520248293,3.2209730391897238,2021,4,13,31005,Brugge,Normaal,Droog,Dag,met lichtgewonden,9,personenauto,3,Fiets,Op Kruispunt,Gemeenteweg,binnen bebouwde kom,Tss. 2 best.: langs opzij (voor-/achterkant-flank),Geen hindernis
24528,142,TEST Validatie BRUGGE Y2H22022134,Brugge,51.22632,3.24095,1.9878180935934806,51.210151493480325,3.2531258467761797,2021,4,9,31005,Brugge,Normaal,Droog,Dag,met lichtgewonden,9,personenauto,3,Fiets,Buiten Kruispunt,Gewestweg,binnen bebouwde kom,Tss. 2 best.: langs opzij (voor-/achterkant-flank),Geen hindernis
24528,52,Brugge,Brugge,51.22632,3.24095,1.9878180935934806,51.210151493480325,3.2531258467761797,2021,4,9,31005,Brugge,Normaal,Droog,Dag,met lichtgewonden,9,personenauto,3,Fiets,Buiten Kruispunt,Gewestweg,binnen bebouwde kom,Tss. 2 best.: langs opzij (voor-/achterkant-flank),Geen hindernis
24529,142,TEST Validatie BRUGGE Y2H22022134,Brugge,51.22632,3.24095,2.223665763865096,51.20667093492451,3.246887199887795,2021,4,8,31005,Brugge,Normaal,Droog,Dag,met lichtgewonden,9,personenauto,3,Fiets,Op Kruispunt,Gemeenteweg,binnen bebouwde kom,Tss. 2 best.: langs opzij (voor-/achterkant-flank),Geen hindernis
24529,52,Brugge,Brugge,51.22632,3.24095,2.223665763865096,51.20667093492451,3.246887199887795,2021,4,8,31005,Brugge,Normaal,Droog,Dag,met lichtgewonden,9,personenauto,3,Fiets,Op Kruispunt,Gemeenteweg,binnen bebouwde kom,Tss. 2 best.: langs opzij (voor-/achterkant-flank),Geen hindernis
24530,51,"Brugge, Sint-Andries",Brugge,51.19281,3.16252,1.268074149675451,51.18219855906957,3.15585520027557,2021,4,15,31005,Brugge,Normaal,Droog,Dag,met lichtgewonden,3,Fiets,9,personenauto,Op Kruispunt,Gemeenteweg,buiten bebouwde kom,Tss. 2 best.: langs opzij (voor-/achterkant-flank),Geen hindernis
24530,50,"Brugge, Sint-Andries",Brugge,51.19291,3.16252,1.2784271025969451,51.18219855906957,3.15585520027557,2021,4,15,31005,Brugge,Normaal,Droog,Dag,met lichtgewonden,3,Fiets,9,personenauto,Op Kruispunt,Gemeenteweg,buiten bebouwde kom,Tss. 2 best.: langs opzij (voor-/achterkant-flank),Geen hindernis
24532,54,Brugge teller 2,Brugge,51.23015,3.22818,1.0035913885292183,51.22218043787279,3.2214154732538973,2021,4,10,31005,Brugge,Normaal,Droog,Dag,met lichtgewonden,9,personenauto,3,Fiets,Op Kruispunt,Gewestweg,binnen bebouwde kom,Tss. 2 best.: langs opzij (voor-/achterkant-flank),Geen hindernis
24532,53,Brugge teller 1,Brugge,51.23023,3.228,1.0056783529081659,51.22218043787279,3.2214154732538973,2021,4,10,31005,Brugge,Normaal,Droog,Dag,met lichtgewonden,9,personenauto,3,Fiets,Op Kruispunt,Gewestweg,binnen bebouwde kom,Tss. 2 best.: langs opzij (voor-/achterkant-flank),Geen hindernis
24532,52,Brugge,Brugge,51.22632,3.24095,1.4361196336815272,51.22218043787279,3.2214154732538973,2021,4,10,31005,Brugge,Normaal,Droog,Dag,met lichtgewonden,9,personenauto,3,Fiets,Op Kruispunt,Gewestweg,binnen bebouwde kom,Tss. 2 best.: langs opzij (voor-/achterkant-flank),Geen hindernis
24532,142,TEST Validatie BRUGGE Y2H22022134,Brugge,51.22632,3.24095,1.4361196336815272,51.22218043787279,3.2214154732538973,2021,4,10,31005,Brugge,Normaal,Droog,Dag,met lichtgewonden,9,personenauto,3,Fiets,Op Kruispunt,Gewestweg,binnen bebouwde kom,Tss. 2 best.: langs opzij (voor-/achterkant-flank),Geen hindernis
24534,142,TEST Validatie BRUGGE Y2H22022134,Brugge,51.22632,3.24095,2.3366508824432124,51.2064155581985,3.2301928512621543,2021,4,17,31005,Brugge,Normaal,Droog,Dag,met lichtgewonden,3,Fiets,8,Voetganger,Op Kruispunt,Gemeenteweg,binnen bebouwde kom,Met een voetganger,Geen hindernis
24534,52,Brugge,Brugge,51.22632,3.24095,2.3366508824432124,51.2064155581985,3.2301928512621543,2021,4,17,31005,Brugge,Normaal,Droog,Dag,met lichtgewonden,3,Fiets,8,Voetganger,Op Kruispunt,Gemeenteweg,binnen bebouwde kom,Met een voetganger,Geen hindernis
24535,54,Brugge teller 2,Brugge,51.23015,3.22818,1.485807062403367,51.21789468867852,3.2196774206673924,2021,4,8,31005,Brugge,Normaal,Droog,Dag,met lichtgewonden,3,Fiets,1,Autobus,Buiten Kruispunt,Gewestweg,binnen bebouwde kom,Tussen 2 bestuurders: Frontale botsing,Geen hindernis
24535,53,Brugge teller 1,Brugge,51.23023,3.228,1.489046232926123,51.21789468867852,3.2196774206673924,2021,4,8,31005,Brugge,Normaal,Droog,Dag,met lichtgewonden,3,Fiets,1,Autobus,Buiten Kruispunt,Gewestweg,binnen bebouwde kom,Tussen 2 bestuurders: Frontale botsing,Geen hindernis
24535,52,Brugge,Brugge,51.22632,3.24095,1.7528298221344012,51.21789468867852,3.2196774206673924,2021,4,8,31005,Brugge,Normaal,Droog,Dag,met lichtgewonden,3,Fiets,1,Autobus,Buiten Kruispunt,Gewestweg,binnen bebouwde kom,Tussen 2 bestuurders: Frontale botsing,Geen hindernis
24535,142,TEST Validatie BRUGGE Y2H22022134,Brugge,51.22632,3.24095,1.7528298221344012,51.21789468867852,3.2196774206673924,2021,4,8,31005,Brugge,Normaal,Droog,Dag,met lichtgewonden,3,Fiets,1,Autobus,Buiten Kruispunt,Gewestweg,binnen bebouwde kom,Tussen 2 bestuurders: Frontale botsing,Geen hindernis
24536,53,Brugge teller 1,Brugge,51.23023,3.228,2.159758739633586,51.2170215526416,3.205261580952733,2021,4,11,31005,Brugge,Normaal,Droog,Dag,met zwaargewonden,3,Fiets,3,Fiets,Buiten Kruispunt,Gemeenteweg,binnen bebouwde kom,Tussen 2 bestuurders: Langs achteren,Geen hindernis
24536,54,Brugge teller 2,Brugge,51.23015,3.22818,2.162953252790054,51.2170215526416,3.205261580952733,2021,4,11,31005,Brugge,Normaal,Droog,Dag,met zwaargewonden,3,Fiets,3,Fiets,Buiten Kruispunt,Gemeenteweg,binnen bebouwde kom,Tussen 2 bestuurders: Langs achteren,Geen hindernis
24537,142,TEST Validatie BRUGGE Y2H22022134,Brugge,51.22632,3.24095,2.4834973028732996,51.20549478438402,3.253835487400831,2021,4,8,31005,Brugge,Normaal,Droog+Proper,Dag,met lichtgewonden,9,personenauto,3,Fiets,Op Kruispunt,Gemeenteweg,binnen bebouwde kom,Tussen 2 bestuurders: Flank tegen flank,Geen hindernis
24537,52,Brugge,Brugge,51.22632,3.24095,2.4834973028732996,51.20549478438402,3.253835487400831,2021,4,8,31005,Brugge,Normaal,Droog+Proper,Dag,met lichtgewonden,9,personenauto,3,Fiets,Op Kruispunt,Gemeenteweg,binnen bebouwde kom,Tussen 2 bestuurders: Flank tegen flank,Geen hindernis
24538,53,Brugge teller 1,Brugge,51.23023,3.228,1.7868760568164153,51.21886731740011,3.209855435549408,2021,4,15,31005,Brugge,Normaal,Droog,Dag,met lichtgewonden,3,Fiets,9,personenauto,Op Kruispunt,Gemeenteweg,binnen bebouwde kom,Tss. 2 best.: langs opzij (voor-/achterkant-flank),Geen hindernis
24538,54,Brugge teller 2,Brugge,51.23015,3.22818,1.7895148215675392,51.21886731740011,3.209855435549408,2021,4,15,31005,Brugge,Normaal,Droog,Dag,met lichtgewonden,3,Fiets,9,personenauto,Op Kruispunt,Gemeenteweg,binnen bebouwde kom,Tss. 2 best.: langs opzij (voor-/achterkant-flank),Geen hindernis
24538,52,Brugge,Brugge,51.22632,3.24095,2.3186083734250977,51.21886731740011,3.209855435549408,2021,4,15,31005,Brugge,Normaal,Droog,Dag,met lichtgewonden,3,Fiets,9,personenauto,Op Kruispunt,Gemeenteweg,binnen bebouwde kom,Tss. 2 best.: langs opzij (voor-/achterkant-flank),Geen hindernis
24538,142,TEST Validatie BRUGGE Y2H22022134,Brugge,51.22632,3.24095,2.3186083734250977,51.21886731740011,3.209855435549408,2021,4,15,31005,Brugge,Normaal,Droog,Dag,met lichtgewonden,3,Fiets,9,personenauto,Op Kruispunt,Gemeenteweg,binnen bebouwde kom,Tss. 2 best.: langs opzij (voor-/achterkant-flank),Geen hindernis
24539,53,Brugge teller 1,Brugge,51.23023,3.228,1.5121010908052614,51.22248155345668,3.210155247303101,2021,4,10,31005,Brugge,Onbekend,Onbekend,Dag,met zwaargewonden,3,Fiets,9,personenauto,Op Kruispunt,Gemeenteweg,binnen bebouwde kom,Tss. 2 best.: langs opzij (voor-/achterkant-flank),Geen hindernis
24539,54,Brugge teller 2,Brugge,51.23015,3.22818,1.517402717386795,51.22248155345668,3.210155247303101,2021,4,10,31005,Brugge,Onbekend,Onbekend,Dag,met zwaargewonden,3,Fiets,9,personenauto,Op Kruispunt,Gemeenteweg,binnen bebouwde kom,Tss. 2 best.: langs opzij (voor-/achterkant-flank),Geen hindernis
24539,52,Brugge,Brugge,51.22632,3.24095,2.18655457516769,51.22248155345668,3.210155247303101,2021,4,10,31005,Brugge,Onbekend,Onbekend,Dag,met zwaargewonden,3,Fiets,9,personenauto,Op Kruispunt,Gemeenteweg,binnen bebouwde kom,Tss. 2 best.: langs opzij (voor-/achterkant-flank),Geen hindernis
24539,142,TEST Validatie BRUGGE Y2H22022134,Brugge,51.22632,3.24095,2.18655457516769,51.22248155345668,3.210155247303101,2021,4,10,31005,Brugge,Onbekend,Onbekend,Dag,met zwaargewonden,3,Fiets,9,personenauto,Op Kruispunt,Gemeenteweg,binnen bebouwde kom,Tss. 2 best.: langs opzij (voor-/achterkant-flank),Geen hindernis
24540,53,Brugge teller 1,Brugge,51.23023,3.228,1.7768768518458196,51.219337649915715,3.20933001767745,2021,4,18,31005,Brugge,Normaal,Droog,Dag,met lichtgewonden,9,personenauto,3,Fiets,Op Kruispunt,Gewestweg,binnen bebouwde kom,Tss. 2 best.: langs opzij (voor-/achterkant-flank),Geen hindernis
24540,54,Brugge teller 2,Brugge,51.23015,3.22818,1.7800494828424682,51.219337649915715,3.20933001767745,2021,4,18,31005,Brugge,Normaal,Droog,Dag,met lichtgewonden,9,personenauto,3,Fiets,Op Kruispunt,Gewestweg,binnen bebouwde kom,Tss. 2 best.: langs opzij (voor-/achterkant-flank),Geen hindernis
24540,52,Brugge,Brugge,51.22632,3.24095,2.334900487442403,51.219337649915715,3.20933001767745,2021,4,18,31005,Brugge,Normaal,Droog,Dag,met lichtgewonden,9,personenauto,3,Fiets,Op Kruispunt,Gewestweg,binnen bebouwde kom,Tss. 2 best.: langs opzij (voor-/achterkant-flank),Geen hindernis
24540,142,TEST Validatie BRUGGE Y2H22022134,Brugge,51.22632,3.24095,2.334900487442403,51.219337649915715,3.20933001767745,2021,4,18,31005,Brugge,Normaal,Droog,Dag,met lichtgewonden,9,personenauto,3,Fiets,Op Kruispunt,Gewestweg,binnen bebouwde kom,Tss. 2 best.: langs opzij (voor-/achterkant-flank),Geen hindernis
24553,59,Ardooie teller 1,Ardooie,50.96784,3.18479,2.1454998841207003,50.983740966753416,3.202148102998785,2021,4,7,37020,Ardooie,Normaal,Droog,Dag,met lichtgewonden,9,personenauto,3,Fiets,Buiten Kruispunt,Gemeenteweg,binnen bebouwde kom,Tss. 2 best.: langs opzij (voor-/achterkant-flank),Geen hindernis
24553,60,Ardooie teller 2,Ardooie,50.96783,3.18411,2.173727187632507,50.983740966753416,3.202148102998785,2021,4,7,37020,Ardooie,Normaal,Droog,Dag,met lichtgewonden,9,personenauto,3,Fiets,Buiten Kruispunt,Gemeenteweg,binnen bebouwde kom,Tss. 2 best.: langs opzij (voor-/achterkant-flank),Geen hindernis
24557,15,Oostende 2,Oostende,51.21371,2.92743,2.0620017744240884,51.2259939054592,2.90525019132069,2021,4,21,35013,Oostende,Normaal,Droog,"Nacht, openbare verlichting aanwezig en ontstoken",met lichtgewonden,3,Fiets,9,personenauto,Buiten Kruispunt,Gewestweg,binnen bebouwde kom,Tss. 2 best.: langs opzij (voor-/achterkant-flank),Geen hindernis
24557,18,Oostende 1,Oostende,51.21378,2.92765,2.0683847636291266,51.2259939054592,2.90525019132069,2021,4,21,35013,Oostende,Normaal,Droog,"Nacht, openbare verlichting aanwezig en ontstoken",met lichtgewonden,3,Fiets,9,personenauto,Buiten Kruispunt,Gewestweg,binnen bebouwde kom,Tss. 2 best.: langs opzij (voor-/achterkant-flank),Geen hindernis
24558,18,Oostende 1,Oostende,51.21378,2.92765,1.403774388093989,51.22323177392381,2.941011538591952,2021,4,15,35013,Oostende,Normaal,Droog,Dag,met lichtgewonden,3,Fiets,9,personenauto,Op Kruispunt,Gewestweg,binnen bebouwde kom,Tussen 2 bestuurders: Frontale botsing,Geen hindernis
24558,15,Oostende 2,Oostende,51.21371,2.92743,1.4197739658792046,51.22323177392381,2.941011538591952,2021,4,15,35013,Oostende,Normaal,Droog,Dag,met lichtgewonden,3,Fiets,9,personenauto,Op Kruispunt,Gewestweg,binnen bebouwde kom,Tussen 2 bestuurders: Frontale botsing,Geen hindernis
24563,55,Torhout teller 1,Torhout,51.07161,3.08261,1.475130704083644,51.064580622885025,3.1005138888829777,2021,4,16,31033,Torhout,Normaal,Droog,Dag,met lichtgewonden,9,personenauto,3,Fiets,Op Kruispunt,Gemeenteweg,binnen bebouwde kom,Tss. 2 best.: langs opzij (voor-/achterkant-flank),Geen hindernis
24563,56,Torhout teller 2,Torhout,51.07147,3.08244,1.4770863591499874,51.064580622885025,3.1005138888829777,2021,4,16,31033,Torhout,Normaal,Droog,Dag,met lichtgewonden,9,personenauto,3,Fiets,Op Kruispunt,Gemeenteweg,binnen bebouwde kom,Tss. 2 best.: langs opzij (voor-/achterkant-flank),Geen hindernis
24566,55,Torhout teller 1,Torhout,51.07161,3.08261,0.5826048033713814,51.069189845401155,3.0900054697943586,2021,4,7,31033,Torhout,Normaal,Droog,Dag,met zwaargewonden,9,personenauto,3,Fiets,Op Kruispunt,Gewestweg,buiten bebouwde kom,Tussen 2 bestuurders: Flank tegen flank,Geen hindernis
24566,56,Torhout teller 2,Torhout,51.07147,3.08244,0.5862674500071541,51.069189845401155,3.0900054697943586,2021,4,7,31033,Torhout,Normaal,Droog,Dag,met zwaargewonden,9,personenauto,3,Fiets,Op Kruispunt,Gewestweg,buiten bebouwde kom,Tussen 2 bestuurders: Flank tegen flank,Geen hindernis
24568,55,Torhout teller 1,Torhout,51.07161,3.08261,2.1331654924043475,51.06135048113531,3.108405154851171,2021,4,7,31033,Torhout,Normaal,Droog,Dag,met lichtgewonden,9,personenauto,3,Fiets,Op Kruispunt,Gemeenteweg,binnen bebouwde kom,Tussen 2 bestuurders: Flank tegen flank,Geen hindernis
24568,56,Torhout teller 2,Torhout,51.07147,3.08244,2.1349692355045797,51.06135048113531,3.108405154851171,2021,4,7,31033,Torhout,Normaal,Droog,Dag,met lichtgewonden,9,personenauto,3,Fiets,Op Kruispunt,Gemeenteweg,binnen bebouwde kom,Tussen 2 bestuurders: Flank tegen flank,Geen hindernis
24570,84,Roeselare totem,Izegem,50.91717,3.18772,1.7020851328561997,50.91841489917703,3.2119199861889225,2021,4,17,36008,Izegem,Normaal,Droog,Dag,met lichtgewonden,9,personenauto,3,Fiets,Op Kruispunt,Gewestweg,binnen bebouwde kom,Tss. 2 best.: langs opzij (voor-/achterkant-flank),Geen hindernis
24578,61,Wervik teller 2,Wervik,50.80555,3.0921,1.389491145438345,50.80603014182312,3.1118590739966128,2021,4,9,34027,Menen,Regenval,"Nat, plassen",Dag,met lichtgewonden,9,personenauto,3,Fiets,Op Kruispunt,Gemeenteweg,binnen bebouwde kom,Tss. 2 best.: langs opzij (voor-/achterkant-flank),Geen hindernis
24578,62,Wervik teller 1,Wervik,50.8058,3.09154,1.4280416067616681,50.80603014182312,3.1118590739966128,2021,4,9,34027,Menen,Regenval,"Nat, plassen",Dag,met lichtgewonden,9,personenauto,3,Fiets,Op Kruispunt,Gemeenteweg,binnen bebouwde kom,Tss. 2 best.: langs opzij (voor-/achterkant-flank),Geen hindernis
24579,75,Kortrijk teller 2,Kortrijk,50.81925,3.25731,0.2990328552167216,50.821767020467135,3.255811030231847,2021,4,13,34022,Kortrijk,Normaal,Droog,Dag,met lichtgewonden,9,personenauto,3,Fiets,Buiten Kruispunt,Gemeenteweg,binnen bebouwde kom,Tss. 2 best.: langs opzij (voor-/achterkant-flank),Geen hindernis
24579,74,Kortrijk teller 1,Kortrijk,50.81909,3.25728,0.31505019367248327,50.821767020467135,3.255811030231847,2021,4,13,34022,Kortrijk,Normaal,Droog,Dag,met lichtgewonden,9,personenauto,3,Fiets,Buiten Kruispunt,Gemeenteweg,binnen bebouwde kom,Tss. 2 best.: langs opzij (voor-/achterkant-flank),Geen hindernis