crash_row_id,site_id,site_name,site_gemeente,site_lat,site_long,distance_km,crash_lat,crash_long,DT_YEAR_COLLISION,DT_MONTH_COLLISION,DT_TIME,CD_NIS,TX_MUNTY_COLLISION_NL,TX_WEATHER_NL,TX_ROAD_CONDITION_NL,TX_LIGHT_CONDITION_NL,TX_CLASS_ACCIDENTS_NL,CD_ROAD_USR_TYPE1,TX_ROAD_USR_TYPE1_NL,CD_ROAD_USR_TYPE2,TX_ROAD_USR_TYPE2_NL,TX_CROSSWAY_NL,CD_ROAD_TYPE_NL,TX_BUILD_UP_AREA_NL,TX_COLLISION_TYPE_NL,TX_OBSTACLES_NL
24579,143,Eco Display Classic Budastraat,Kortrijk,50.83066,3.26286,1.1058794053324688,50.821767020467135,3.255811030231847,2021,4,13,34022,Kortrijk,Normaal,Droog,Dag,met lichtgewonden,9,personenauto,3,Fiets,Buiten Kruispunt,Gemeenteweg,binnen bebouwde kom,Tss. 2 best.: langs opzij (voor-/achterkant-flank),Geen hindernis
24579,16,Kortrijk 1,Kortrijk,50.83332,3.27777,2.0072545863339917,50.821767020467135,3.255811030231847,2021,4,13,34022,Kortrijk,Normaal,Droog,Dag,met lichtgewonden,9,personenauto,3,Fiets,Buiten Kruispunt,Gemeenteweg,binnen bebouwde kom,Tss. 2 best.: langs opzij (voor-/achterkant-flank),Geen hindernis
24579,17,Kortrijk 2,Kortrijk,50.83339,3.27773,2.0100915005340503,50.821767020467135,3.255811030231847,2021,4,13,34022,Kortrijk,Normaal,Droog,Dag,met lichtgewonden,9,personenauto,3,Fiets,Buiten Kruispunt,Gemeenteweg,binnen bebouwde kom,Tss. 2 best.: langs opzij (voor-/achterkant-flank),Geen hindernis
24580,16,Kortrijk 1,Kortrijk,50.83332,3.27777,1.643375734758411,50.818843811651284,3.2824836988424937,2021,4,8,34022,Kortrijk,Normaal,Droog,Dag,met lichtgewonden,3,Fiets,9,personenauto,Op Kruispunt,Gemeenteweg,binnen bebouwde kom,Tss. 2 best.: langs opzij (voor-/achterkant-flank),Geen hindernis
24580,17,Kortrijk 2,Kortrijk,50.83339,3.27773,1.6515661877664591,50.818843811651284,3.2824836988424937,2021,4,8,34022,Kortrijk,Normaal,Droog,Dag,met lichtgewonden,3,Fiets,9,personenauto,Op Kruispunt,Gemeenteweg,binnen bebouwde kom,Tss. 2 best.: langs opzij (voor-/achterkant-flank),Geen hindernis
24580,75,Kortrijk teller 2,Kortrijk,50.81925,3.25731,1.7690240394059344,50.818843811651284,3.2824836988424937,2021,4,8,34022,Kortrijk,Normaal,Droog,Dag,met lichtgewonden,3,Fiets,9,personenauto,Op Kruispunt,Gemeenteweg,binnen bebouwde kom,Tss. 2 best.: langs opzij (voor-/achterkant-flank),Geen hindernis
24580,74,Kortrijk teller 1,Kortrijk,50.81909,3.25728,1.7707695019181218,50.818843811651284,3.2824836988424937,2021,4,8,34022,Kortrijk,Normaal,Droog,Dag,met lichtgewonden,3,Fiets,9,personenauto,Op Kruispunt,Gemeenteweg,binnen bebouwde kom,Tss. 2 best.: langs opzij (voor-/achterkant-flank),Geen hindernis
24580,143,Eco Display Classic Budastraat,Kortrijk,50.83066,3.26286,1.9042845593560682,50.818843811651284,3.2824836988424937,2021,4,8,34022,Kortrijk,Normaal,Droog,Dag,met lichtgewonden,3,Fiets,9,personenauto,Op Kruispunt,Gemeenteweg,binnen bebouwde kom,Tss. 2 best.: langs opzij (voor-/achterkant-flank),Geen hindernis
24581,17,Kortrijk 2,Kortrijk,50.83339,3.27773,2.109322281811476,50.85164202619656,3.2859143919977845,2021,4,16,34023,Kuurne,Normaal,Droog,Dag,met lichtgewonden,9,personenauto,3,Fiets,Buiten Kruispunt,Gemeenteweg,binnen bebouwde kom,Tussen 2 bestuurders: Langs achteren,Geen hindernis
24581,16,Kortrijk 1,Kortrijk,50.83332,3.27777,2.116051937713609,50.85164202619656,3.2859143919977845,2021,4,16,34023,Kuurne,Normaal,Droog,Dag,met lichtgewonden,9,personenauto,3,Fiets,Buiten Kruispunt,Gemeenteweg,binnen bebouwde kom,Tussen 2 bestuurders: Langs achteren,Geen hindernis
24582,74,Kortrijk teller 1,Kortrijk,50.81909,3.25728,2.314345937899892,50.79864185635738,3.2634236245617343,2021,4,15,34022,Kortrijk,Normaal,Droog,Dag,met lichtgewonden,9,personenauto,3,Fiets,Op Kruispunt,Gemeenteweg,binnen bebouwde kom,Tussen 2 bestuurders: Langs achteren,Geen hindernis
24582,75,Kortrijk teller 2,Kortrijk,50.81925,3.25731,2.3314378043912796,50.79864185635738,3.2634236245617343,2021,4,15,34022,Kortrijk,Normaal,Droog,Dag,met lichtgewonden,9,personenauto,3,Fiets,Op Kruispunt,Gemeenteweg,binnen bebouwde kom,Tussen 2 bestuurders: Langs achteren,Geen hindernis
24583,143,Eco Display Classic Budastraat,Kortrijk,50.83066,3.26286,0.8862399450495428,50.83862977218444,3.262982437403706,2021,4,10,34022,Kortrijk,Normaal,Droog,Dag,met lichtgewonden,9,personenauto,3,Fiets,Buiten Kruispunt,Gewestweg,binnen bebouwde kom,Tussen 2 bestuurders: Langs achteren,Geen hindernis
24583,17,Kortrijk 2,Kortrijk,50.83339,3.27773,1.1882797457446879,50.83862977218444,3.262982437403706,2021,4,10,34022,Kortrijk,Normaal,Droog,Dag,met lichtgewonden,9,personenauto,3,Fiets,Buiten Kruispunt,Gewestweg,binnen bebouwde kom,Tussen 2 bestuurders: Langs achteren,Geen hindernis
24583,16,Kortrijk 1,Kortrijk,50.83332,3.27777,1.1945572655159875,50.83862977218444,3.262982437403706,2021,4,10,34022,Kortrijk,Normaal,Droog,Dag,met lichtgewonden,9,personenauto,3,Fiets,Buiten Kruispunt,Gewestweg,binnen bebouwde kom,Tussen 2 bestuurders: Langs achteren,Geen hindernis
24583,75,Kortrijk teller 2,Kortrijk,50.81925,3.25731,2.1914512323761626,50.83862977218444,3.262982437403706,2021,4,10,34022,Kortrijk,Normaal,Droog,Dag,met lichtgewonden,9,personenauto,3,Fiets,Buiten Kruispunt,Gewestweg,binnen bebouwde kom,Tussen 2 bestuurders: Langs achteren,Geen hindernis
24583,74,Kortrijk teller 1,Kortrijk,50.81909,3.25728,2.2093294327753554,50.83862977218444,3.262982437403706,2021,4,10,34022,Kortrijk,Normaal,Droog,Dag,met lichtgewonden,9,personenauto,3,Fiets,Buiten Kruispunt,Gewestweg,binnen bebouwde kom,Tussen 2 bestuurders: Langs achteren,Geen hindernis
24584,17,Kortrijk 2,Kortrijk,50.83339,3.27773,2.2140440332035594,50.852470114465554,3.2867460423527883,2021,4,18,34023,Kuurne,Normaal,Droog,Dag,met lichtgewonden,9,personenauto,3,Fiets,Op Kruispunt,Gemeenteweg,binnen bebouwde kom,Tussen 2 bestuurders: Flank tegen flank,Geen hindernis
24584,16,Kortrijk 1,Kortrijk,50.83332,3.27777,2.2207052662923217,50.852470114465554,3.2867460423527883,2021,4,18,34023,Kuurne,Normaal,Droog,Dag,met lichtgewonden,9,personenauto,3,Fiets,Op Kruispunt,Gemeenteweg,binnen bebouwde kom,Tussen 2 bestuurders: Flank tegen flank,Geen hindernis
24585,16,Kortrijk 1,Kortrijk,50.83332,3.27777,0.7853008616755821,50.826461175739915,3.2751048530485383,2021,4,15,34022,Kortrijk,Normaal,Droog,Dag,met zwaargewonden,9,personenauto,3,Fiets,Buiten Kruispunt,Gemeenteweg,binnen bebouwde kom,Tussen 2 bestuurders: Langs achteren,Geen hindernis
24585,17,Kortrijk 2,Kortrijk,50.83339,3.27773,0.7922037622169908,50.826461175739915,3.2751048530485383,2021,4,15,34022,Kortrijk,Normaal,Droog,Dag,met zwaargewonden,9,personenauto,3,Fiets,Buiten Kruispunt,Gemeenteweg,binnen bebouwde kom,Tussen 2 bestuurders: Langs achteren,Geen hindernis
24585,143,Eco Display Classic Budastraat,Kortrijk,50.83066,3.26286,0.9785828261282941,50.826461175739915,3.2751048530485383,2021,4,15,34022,Kortrijk,Normaal,Droog,Dag,met zwaargewonden,9,personenauto,3,Fiets,Buiten Kruispunt,Gemeenteweg,binnen bebouwde kom,Tussen 2 bestuurders: Langs achteren,Geen hindernis
24585,75,Kortrijk teller 2,Kortrijk,50.81925,3.25731,1.485063844086915,50.826461175739915,3.2751048530485383,2021,4,15,34022,Kortrijk,Normaal,Droog,Dag,met zwaargewonden,9,personenauto,3,Fiets,Buiten Kruispunt,Gemeenteweg,binnen bebouwde kom,Tussen 2 bestuurders: Langs achteren,Geen hindernis
24585,74,Kortrijk teller 1,Kortrijk,50.81909,3.25728,1.496509533994506,50.826461175739915,3.2751048530485383,2021,4,15,34022,Kortrijk,Normaal,Droog,Dag,met zwaargewonden,9,personenauto,3,Fiets,Buiten Kruispunt,Gemeenteweg,binnen bebouwde kom,Tussen 2 bestuurders: Langs achteren,Geen hindernis
24590,16,Kortrijk 1,Kortrijk,50.83332,3.27777,2.4137460200468452,50.8325719339422,3.3121192870331515,2021,4,18,34013,Harelbeke,Normaal,Droog,Dag,met lichtgewonden,3,Fiets,5,Lichte vrachtauto,Buiten Kruispunt,Gemeenteweg,binnen bebouwde kom,Tss. 2 best.: langs opzij (voor-/achterkant-flank),Geen hindernis
24590,17,Kortrijk 2,Kortrijk,50.83339,3.27773,2.4168321423354384,50.8325719339422,3.3121192870331515,2021,4,18,34013,Harelbeke,Normaal,Droog,Dag,met lichtgewonden,3,Fiets,5,Lichte vrachtauto,Buiten Kruispunt,Gemeenteweg,binnen bebouwde kom,Tss. 2 best.: langs opzij (voor-/achterkant-flank),Geen hindernis
24592,64,Nieuwpoort teller 1,Nieuwpoort,51.13359,2.75737,0.5297877418180158,51.12882736216826,2.757582001711604,2021,4,18,38016,Nieuwpoort,Normaal,Droog,Dag,met zwaargewonden,3,Fiets,5,Lichte vrachtauto,Buiten Kruispunt,Gemeenteweg,binnen bebouwde kom,Tss. 2 best.: langs opzij (voor-/achterkant-flank),Geen hindernis
24592,65,Nieuwpoort teller 2,Nieuwpoort,51.13435,2.75511,0.6378553432747702,51.12882736216826,2.757582001711604,2021,4,18,38016,Nieuwpoort,Normaal,Droog,Dag,met zwaargewonden,3,Fiets,5,Lichte vrachtauto,Buiten Kruispunt,Gemeenteweg,binnen bebouwde kom,Tss. 2 best.: langs opzij (voor-/achterkant-flank),Geen hindernis
24592,66,Nieuwpoort totem,Nieuwpoort,51.1347,2.74369,1.1687937025213113,51.12882736216826,2.757582001711604,2021,4,18,38016,Nieuwpoort,Normaal,Droog,Dag,met zwaargewonden,3,Fiets,5,Lichte vrachtauto,Buiten Kruispunt,Gemeenteweg,binnen bebouwde kom,Tss. 2 best.: langs opzij (voor-/achterkant-flank),Geen hindernis
24592,63,Nieuwpoort teller 3,Nieuwpoort,51.13529,2.74289,1.2519549374849588,51.12882736216826,2.757582001711604,2021,4,18,38016,Nieuwpoort,Normaal,Droog,Dag,met zwaargewonden,3,Fiets,5,Lichte vrachtauto,Buiten Kruispunt,Gemeenteweg,binnen bebouwde kom,Tss. 2 best.: langs opzij (voor-/achterkant-flank),Geen hindernis
24594,61,Wervik teller 2,Wervik,50.80555,3.0921,0.16248307269394044,50.8048824870026,3.09415689206895,2021,4,15,33029,Wervik,Normaal,Droog,Dag,met lichtgewonden,6,Bromfiets,3,Fiets,Buiten Kruispunt,Gewestweg,buiten bebouwde kom,Tussen 2 bestuurders: Flank tegen flank,Geen hindernis
24594,62,Wervik teller 1,Wervik,50.8058,3.09154,0.21029555186485202,50.8048824870026,3.09415689206895,2021,4,15,33029,Wervik,Normaal,Droog,Dag,met lichtgewonden,6,Bromfiets,3,Fiets,Buiten Kruispunt,Gewestweg,buiten bebouwde kom,Tussen 2 bestuurders: Flank tegen flank,Geen hindernis
24595,68,Ieper,Ieper,50.85032,2.85608,1.5103784432127125,50.85707357269861,2.8374118998390614,2021,4,14,33011,Ieper,"Andere (dikke rook,...)",Droog,Dag,met lichtgewonden,9,personenauto,3,Fiets,Buiten Kruispunt,Gewestweg,buiten bebouwde kom,Tss. 2 best.: langs opzij (voor-/achterkant-flank),Geen hindernis
24595,67,Ieper totem,Ieper,50.85018,2.85624,1.527885734926657,50.85707357269861,2.8374118998390614,2021,4,14,33011,Ieper,"Andere (dikke rook,...)",Droog,Dag,met lichtgewonden,9,personenauto,3,Fiets,Buiten Kruispunt,Gewestweg,buiten bebouwde kom,Tss. 2 best.: langs opzij (voor-/achterkant-flank),Geen hindernis
24597,67,Ieper totem,Ieper,50.85018,2.85624,2.227148027137633,50.8609229123252,2.8830181162880275,2021,4,7,33011,Ieper,Normaal,Droog,Dag,met lichtgewonden,9,personenauto,3,Fiets,Op Kruispunt,Gemeenteweg,buiten bebouwde kom,Tussen 2 bestuurders: Langs achteren,Geen hindernis
24597,68,Ieper,Ieper,50.85032,2.85608,2.228357294654748,50.8609229123252,2.8830181162880275,2021,4,7,33011,Ieper,Normaal,Droog,Dag,met lichtgewonden,9,personenauto,3,Fiets,Op Kruispunt,Gemeenteweg,buiten bebouwde kom,Tussen 2 bestuurders: Langs achteren,Geen hindernis
24598,67,Ieper totem,Ieper,50.85018,2.85624,2.4798575628918713,50.85561524692418,2.8905010066892873,2021,4,8,33011,Ieper,Normaal,Droog,Dageraad - schemering,met lichtgewonden,9,personenauto,3,Fiets,Op Kruispunt,Gemeenteweg,binnen bebouwde kom,Tussen 2 bestuurders: Frontale botsing,Geen hindernis
24598,68,Ieper,Ieper,50.85032,2.85608,2.4870172028105264,50.85561524692418,2.8905010066892873,2021,4,8,33011,Ieper,Normaal,Droog,Dageraad - schemering,met lichtgewonden,9,personenauto,3,Fiets,Op Kruispunt,Gemeenteweg,binnen bebouwde kom,Tussen 2 bestuurders: Frontale botsing,Geen hindernis
24600,55,Torhout teller 1,Torhout,51.07161,3.08261,1.928219732032992,51.085980194095065,3.0980590567197823,2021,4,11,31033,Torhout,Onbekend,Droog,Dag,met lichtgewonden,3,Fiets,3,Fiets,Op Kruispunt,Gemeenteweg,binnen bebouwde kom,Tss. 2 best.: langs opzij (voor-/achterkant-flank),Geen hindernis
24600,56,Torhout teller 2,Torhout,51.07147,3.08244,1.9477684878615464,51.085980194095065,3.0980590567197823,2021,4,11,31033,Torhout,Onbekend,Droog,Dag,met lichtgewonden,3,Fiets,3,Fiets,Op Kruispunt,Gemeenteweg,binnen bebouwde kom,Tss. 2 best.: langs opzij (voor-/achterkant-flank),Geen hindernis
24601,41,Maasmechelen teller 1,Maasmechelen,50.97025,5.69799,1.1176869067700925,50.96037592707242,5.6950036389499035,2021,4,10,73107,Maasmechelen,Normaal,Droog,Dag,met lichtgewonden,9,personenauto,3,Fiets,Buiten Kruispunt,Gewestweg,buiten bebouwde kom,Tss. 2 best.: langs opzij (voor-/achterkant-flank),Geen hindernis
24601,42,Maasmechelen teller 2,Maasmechelen,50.97043,5.6981,1.1387962062212755,50.96037592707242,5.6950036389499035,2021,4,10,73107,Maasmechelen,Normaal,Droog,Dag,met lichtgewonden,9,personenauto,3,Fiets,Buiten Kruispunt,Gewestweg,buiten bebouwde kom,Tss. 2 best.: langs opzij (voor-/achterkant-flank),Geen hindernis
24602,41,Maasmechelen teller 1,Maasmechelen,50.97025,5.69799,0.8623683859307193,50.96251417318449,5.698865811416172,2021,4,13,73107,Maasmechelen,Normaal,Droog,Dag,met lichtgewonden,3,Fiets,11,een weggebruiker tegen een hindernis,Buiten Kruispunt,Gewestweg,binnen bebouwde kom,Weggebruiker tegen hindernis buiten rijbaan,Buiten de rijbaan: Omheining
24602,42,Maasmechelen teller 2,Maasmechelen,50.97043,5.6981,0.8818319723426467,50.96251417318449,5.698865811416172,2021,4,13,73107,Maasmechelen,Normaal,Droog,Dag,met lichtgewonden,3,Fiets,11,een weggebruiker tegen een hindernis,Buiten Kruispunt,Gewestweg,binnen bebouwde kom,Weggebruiker tegen hindernis buiten rijbaan,Buiten de rijbaan: Omheining
24609,99,Mechelen teller 1,Mechelen,51.04564,4.46882,1.2984055756964104,51.03475476622781,4.475541239527086,2021,4,16,12025,Mechelen,Normaal,Droog,Dag,met lichtgewonden,9,personenauto,3,Fiets,Buiten Kruispunt,Gemeenteweg,binnen bebouwde kom,Tss. 2 best.: langs opzij (voor-/achterkant-flank),Geen hindernis
24609,100,Mechelen teller 2,Mechelen,51.0457,4.46883,1.3043754261358065,51.03475476622781,4.475541239527086,2021,4,16,12025,Mechelen,Normaal,Droog,Dag,met lichtgewonden,9,personenauto,3,Fiets,Buiten Kruispunt,Gemeenteweg,binnen bebouwde kom,Tss. 2 best.: langs opzij (voor-/achterkant-flank),Geen hindernis
24610,140,Hasselt ring,Hasselt,50.9300038,5.3438616,0.48134972393554576,50.927296526138726,5.338502376363761,2021,4,11,71022,Hasselt,Normaal,Droog,Dag,met zwaargewonden,3,Fiets,9,personenauto,Op Kruispunt,Gewestweg,binnen bebouwde kom,Tss. 2 best.: langs opzij (voor-/achterkant-flank),Geen hindernis
24610,138,Hasselt-Kempische brug,Hasselt,50.9405318,5.3422472,1.494909430753276,50.927296526138726,5.338502376363761,2021,4,11,71022,Hasselt,Normaal,Droog,Dag,met zwaargewonden,3,Fiets,9,personenauto,Op Kruispunt,Gewestweg,binnen bebouwde kom,Tss. 2 best.: langs opzij (voor-/achterkant-flank),Geen hindernis
24610,137,Hasselt-Kempische brug,Hasselt,50.9411605,5.3417576,1.558389445011014,50.927296526138726,5.338502376363761,2021,4,11,71022,Hasselt,Normaal,Droog,Dag,met zwaargewonden,3,Fiets,9,personenauto,Op Kruispunt,Gewestweg,binnen bebouwde kom,Tss. 2 best.: langs opzij (voor-/achterkant-flank),Geen hindernis
24612,140,Hasselt ring,Hasselt,50.9300038,5.3438616,1.5642941472091474,50.9162070952382,5.34822360561653,2021,4,9,71022,Hasselt,Normaal,Droog,Dag,met lichtgewonden,3,Fiets,3,Fiets,Op Kruispunt,Gewestweg,buiten bebouwde kom,Tss. 2 best.: langs opzij (voor-/achterkant-flank),Geen hindernis
24613,140,Hasselt ring,Hasselt,50.9300038,5.3438616,1.4744691703742305,50.93407674556855,5.323838785579428,2021,4,11,71022,Hasselt,Normaal,Droog+Proper,Dag,met lichtgewonden,9,personenauto,3,Fiets,Op Kruispunt,Gewestweg,binnen bebouwde kom,Tss. 2 best.: langs opzij (voor-/achterkant-flank),Geen hindernis
24613,138,Hasselt-Kempische brug,Hasselt,50.9405318,5.3422472,1.4761640041991895,50.93407674556855,5.323838785579428,2021,4,11,71022,Hasselt,Normaal,Droog+Proper,Dag,met lichtgewonden,9,personenauto,3,Fiets,Op Kruispunt,Gewestweg,binnen bebouwde kom,Tss. 2 best.: langs opzij (voor-/achterkant-flank),Geen hindernis
24613,137,Hasselt-Kempische brug,Hasselt,50.9411605,5.3417576,1.4822121231946896,50.93407674556855,5.323838785579428,2021,4,11,71022,Hasselt,Normaal,Droog+Proper,Dag,met lichtgewonden,9,personenauto,3,Fiets,Op Kruispunt,Gewestweg,binnen bebouwde kom,Tss. 2 best.: langs opzij (voor-/achterkant-flank),Geen hindernis
24614,138,Hasselt-Kempische brug,Hasselt,50.9405318,5.3422472,1.3024717070596605,50.941557414642375,5.36076498629138,2021,4,11,71022,Hasselt,Normaal,Droog,Dag,met lichtgewonden,3,Fiets,11,een weggebruiker tegen een hindernis,Op Kruispunt,Gemeenteweg,buiten bebouwde kom,Weggebruiker tegen hindernis op de rijbaan,"Op de rijbaan: Werken (signal., aarde, toestel,…)"
24614,137,Hasselt-Kempische brug,Hasselt,50.9411605,5.3417576,1.3324958317711448,50.941557414642375,5.36076498629138,2021,4,11,71022,Hasselt,Normaal,Droog,Dag,met lichtgewonden,3,Fiets,11,een weggebruiker tegen een hindernis,Op Kruispunt,Gemeenteweg,buiten bebouwde kom,Weggebruiker tegen hindernis op de rijbaan,"Op de rijbaan: Werken (signal., aarde, toestel,…)"
24614,140,Hasselt ring,Hasselt,50.9300038,5.3438616,1.7474198399559429,50.941557414642375,5.36076498629138,2021,4,11,71022,Hasselt,Normaal,Droog,Dag,met lichtgewonden,3,Fiets,11,een weggebruiker tegen een hindernis,Op Kruispunt,Gemeenteweg,buiten bebouwde kom,Weggebruiker tegen hindernis op de rijbaan,"Op de rijbaan: Werken (signal., aarde, toestel,…)"
24615,137,Hasselt-Kempische brug,Hasselt,50.9411605,5.3417576,0.8041305394915199,50.94795967636632,5.345667514664682,2021,4,18,71022,Hasselt,Normaal,Droog,Dag,met lichtgewonden,3,Fiets,6,Bromfiets,Op Kruispunt,Gewestweg,buiten bebouwde kom,Tussen 2 bestuurders: Flank tegen flank,Geen hindernis
24615,138,Hasselt-Kempische brug,Hasselt,50.9405318,5.3422472,0.8600022077729519,50.94795967636632,5.345667514664682,2021,4,18,71022,Hasselt,Normaal,Droog,Dag,met lichtgewonden,3,Fiets,6,Bromfiets,Op Kruispunt,Gewestweg,buiten bebouwde kom,Tussen 2 bestuurders: Flank tegen flank,Geen hindernis
24615,140,Hasselt ring,Hasselt,50.9300038,5.3438616,2.0006081808475784,50.94795967636632,5.345667514664682,2021,4,18,71022,Hasselt,Normaal,Droog,Dag,met lichtgewonden,3,Fiets,6,Bromfiets,Op Kruispunt,Gewestweg,buiten bebouwde kom,Tussen 2 bestuurders: Flank tegen flank,Geen hindernis
24623,14,Genk,Genk,50.97172,5.48927,2.2464520104499406,50.961713499633774,5.461401776943139,2021,4,15,71016,Genk,Normaal,Droog,Dag,met lichtgewonden,9,personenauto,3,Fiets,Op Kruispunt,Gewestweg,buiten bebouwde kom,Tss. 2 best.: langs opzij (voor-/achterkant-flank),Geen hindernis
24629,25,Bree,Bree,51.13679500160176,5.597669323604317,0.283044995473231,51.13693457053359,5.5936186323440875,2021,4,14,72004,Bree,Normaal,Onbekend,Dag,met lichtgewonden,9,personenauto,3,Fiets,Buiten Kruispunt,Gewestweg,buiten bebouwde kom,Tussen 2 bestuurders: Flank tegen flank,Geen hindernis
24631,139,Houthalen-Helchteren,Houthalen-Helchteren,51.0644267,5.3819796,1.4212347295160803,51.05605803346627,5.366608440275229,2021,4,14,72039,Houthalen-Helchteren,Normaal,Onbekend,Dag,met lichtgewonden,3,Fiets,10,"één bestuurder, geen hindernis",Buiten Kruispunt,Gemeenteweg,buiten bebouwde kom,"Eén bestuurder, geen hindernis (incl. val)",Geen hindernis
24635,119,Gent teller 2,Gent,51.0281795,3.7683918,1.9685527281466861,51.04478303612355,3.7586222363684008,2021,5,20,44021,Gent,Normaal,Droog,Dag,met zwaargewonden,9,personenauto,3,Fiets,Buiten Kruispunt,Gemeenteweg,binnen bebouwde kom,Tussen 2 bestuurders: Langs achteren,Geen hindernis
24635,118,Gent teller 1,Gent,51.028049,3.7681359,1.9760736254105697,51.04478303612355,3.7586222363684008,2021,5,20,44021,Gent,Normaal,Droog,Dag,met zwaargewonden,9,personenauto,3,Fiets,Buiten Kruispunt,Gemeenteweg,binnen bebouwde kom,Tussen 2 bestuurders: Langs achteren,Geen hindernis
24655,2,Brasschaat 2,Brasschaat,51.27512,4.47169,0.9935915861383477,51.272027056949334,4.458289768354755,2021,5,5,11002,Antwerpen,Normaal,"Nat, plassen",Dageraad - schemering,met zwaargewonden,3,Fiets,9,personenauto,Buiten Kruispunt,Gewestweg,binnen bebouwde kom,Tss. 2 best.: langs opzij (voor-/achterkant-flank),Geen hindernis
24655,3,Brasschaat 1,Brasschaat,51.27503,4.47222,1.0249576085187335,51.272027056949334,4.458289768354755,2021,5,5,11002,Antwerpen,Normaal,"Nat, plassen",Dageraad - schemering,met zwaargewonden,3,Fiets,9,personenauto,Buiten Kruispunt,Gewestweg,binnen bebouwde kom,Tss. 2 best.: langs opzij (voor-/achterkant-flank),Geen hindernis
24662,2,Brasschaat 2,Brasschaat,51.27512,4.47169,2.368411314067188,51.25562906099277,4.457962651133452,2021,5,16,11002,Antwerpen,Normaal,Droog,Dag,met lichtgewonden,9,personenauto,3,Fiets,Buiten Kruispunt,Gemeenteweg,binnen bebouwde kom,Tss. 2 best.: langs opzij (voor-/achterkant-flank),Geen hindernis
24662,3,Brasschaat 1,Brasschaat,51.27503,4.47222,2.374425122780388,51.25562906099277,4.457962651133452,2021,5,16,11002,Antwerpen,Normaal,Droog,Dag,met lichtgewonden,9,personenauto,3,Fiets,Buiten Kruispunt,Gemeenteweg,binnen bebouwde kom,Tss. 2 best.: langs opzij (voor-/achterkant-flank),Geen hindernis
24718,2,Brasschaat 2,Brasschaat,51.27512,4.47169,1.0464170928722925,51.26710659058493,4.463803408470611,2021,5,16,11040,Schoten,Normaal,Droog,Dag,met zwaargewonden,9,personenauto,3,Fiets,Buiten Kruispunt,Gewestweg,buiten bebouwde kom,Tussen 2 bestuurders: Langs achteren,Geen hindernis
24718,3,Brasschaat 1,Brasschaat,51.27503,4.47222,1.057862446591111,51.26710659058493,4.463803408470611,2021,5,16,11040,Schoten,Normaal,Droog,Dag,met zwaargewonden,9,personenauto,3,Fiets,Buiten Kruispunt,Gewestweg,buiten bebouwde kom,Tussen 2 bestuurders: Langs achteren,Geen hindernis
24729,91,Brecht teller 2,Brecht,51.35739,4.62422,1.9230354518067665,51.341182471257746,4.614559136386935,2021,5,17,11009,Brecht,Normaal,Droog,Dag,met lichtgewonden,3,Fiets,9,personenauto,Op Kruispunt,Gemeenteweg,buiten bebouwde kom,Tss. 2 best.: langs opzij (voor-/achterkant-flank),Geen hindernis
24729,90,Brecht teller 1,Brecht,51.35752,4.6243,1.938520553521678,51.341182471257746,4.614559136386935,2021,5,17,11009,Brecht,Normaal,Droog,Dag,met lichtgewonden,3,Fiets,9,personenauto,Op Kruispunt,Gemeenteweg,buiten bebouwde kom,Tss. 2 best.: langs opzij (voor-/achterkant-flank),Geen hindernis
24730,104,Malle teller 2,Malle,51.31682,4.73852,0.8465921086913324,51.3100286132389,4.733014165810562,2021,5,9,11057,Malle,Normaal,Droog,Dag,met lichtgewonden,9,personenauto,3,Fiets,Op Kruispunt,Gemeenteweg,binnen bebouwde kom,Tss. 2 best.: langs opzij (voor-/achterkant-flank),Geen hindernis
24730,103,Malle teller 1,Malle,51.31681,4.73872,0.8519813194339356,51.3100286132389,4.733014165810562,2021,5,9,11057,Malle,Normaal,Droog,Dag,met lichtgewonden,9,personenauto,3,Fiets,Op Kruispunt,Gemeenteweg,binnen bebouwde kom,Tss. 2 best.: langs opzij (voor-/achterkant-flank),Geen hindernis
24733,95,Lier teller 1,Lier,51.11687,4.58437,2.2971437276660724,51.10934202900443,4.553725283683443,2021,5,17,12009,Duffel,Normaal,"Nat, plassen",Dag,met lichtgewonden,7,Motorfiets,3,Fiets,Op Kruispunt,Gewestweg,buiten bebouwde kom,Tss. 2 best.: langs opzij (voor-/achterkant-flank),Geen hindernis
24733,96,Lier teller 2,Lier,51.11705,4.58444,2.3090453093687353,51.10934202900443,4.553725283683443,2021,5,17,12009,Duffel,Normaal,"Nat, plassen",Dag,met lichtgewonden,7,Motorfiets,3,Fiets,Op Kruispunt,Gewestweg,buiten bebouwde kom,Tss. 2 best.: langs opzij (voor-/achterkant-flank),Geen hindernis
24756,97,Geel teller 1,Geel,51.14813,4.99698,1.4124472662247374,51.160806954784206,4.998262307491131,2021,5,22,13008,Geel,Normaal,Droog,Dag,met zwaargewonden,9,personenauto,3,Fiets,Op Kruispunt,Gewestweg,binnen bebouwde kom,Tussen 2 bestuurders: Langs achteren,Geen hindernis
24756,98,Geel teller 2,Geel,51.1481,4.99643,1.4187161568453008,51.160806954784206,4.998262307491131,2021,5,22,13008,Geel,Normaal,Droog,Dag,met zwaargewonden,9,personenauto,3,Fiets,Op Kruispunt,Gewestweg,binnen bebouwde kom,Tussen 2 bestuurders: Langs achteren,Geen hindernis
24758,112,Geel teller 2,Westerlo,51.1354992,4.9394789,1.97331989453637,51.14772007765938,4.959989184310641,2021,5,18,13008,Geel,Normaal,Droog,Dag,met lichtgewonden,9,personenauto,3,Fiets,Buiten Kruispunt,Gewestweg,buiten bebouwde kom,Tss. 2 best.: langs opzij (voor-/achterkant-flank),Geen hindernis