crash_row_id,site_id,site_name,site_gemeente,site_lat,site_long,distance_km,crash_lat,crash_long,DT_YEAR_COLLISION,DT_MONTH_COLLISION,DT_TIME,CD_NIS,TX_MUNTY_COLLISION_NL,TX_WEATHER_NL,TX_ROAD_CONDITION_NL,TX_LIGHT_CONDITION_NL,TX_CLASS_ACCIDENTS_NL,CD_ROAD_USR_TYPE1,TX_ROAD_USR_TYPE1_NL,CD_ROAD_USR_TYPE2,TX_ROAD_USR_TYPE2_NL,TX_CROSSWAY_NL,CD_ROAD_TYPE_NL,TX_BUILD_UP_AREA_NL,TX_COLLISION_TYPE_NL,TX_OBSTACLES_NL
24758,127,Geel totem,Westerlo,51.1342966,4.9400421,2.040700848922735,51.14772007765938,4.959989184310641,2021,5,18,13008,Geel,Normaal,Droog,Dag,met lichtgewonden,9,personenauto,3,Fiets,Buiten Kruispunt,Gewestweg,buiten bebouwde kom,Tss. 2 best.: langs opzij (voor-/achterkant-flank),Geen hindernis
24770,94,Herentals teller 2,Herentals,51.17345,4.81283,0.0287625808732144,51.17360871732932,4.813155776131565,2021,5,17,13011,Herentals,Normaal,Droog,Dag,met lichtgewonden,3,Fiets,9,personenauto,Op Kruispunt,Gewestweg,buiten bebouwde kom,Tss. 2 best.: langs opzij (voor-/achterkant-flank),Geen hindernis
24770,110,Herentals totem,Herentals,51.1739426,4.811783,0.1026517332316727,51.17360871732932,4.813155776131565,2021,5,17,13011,Herentals,Normaal,Droog,Dag,met lichtgewonden,3,Fiets,9,personenauto,Op Kruispunt,Gewestweg,buiten bebouwde kom,Tss. 2 best.: langs opzij (voor-/achterkant-flank),Geen hindernis
24778,38,Lommel teller 2,Lommel,51.23277,5.29189,1.1909987076876434,51.23097626838821,5.275026142622789,2021,5,8,72020,Lommel,Normaal,Droog,Dag,met lichtgewonden,9,personenauto,3,Fiets,Op Kruispunt,Gewestweg,binnen bebouwde kom,Tussen 2 bestuurders: Frontale botsing,Geen hindernis
24778,37,Lommel teller 1,Lommel,51.23299,5.29211,1.2103861521704984,51.23097626838821,5.275026142622789,2021,5,8,72020,Lommel,Normaal,Droog,Dag,met lichtgewonden,9,personenauto,3,Fiets,Op Kruispunt,Gewestweg,binnen bebouwde kom,Tussen 2 bestuurders: Frontale botsing,Geen hindernis
24779,37,Lommel teller 1,Lommel,51.23299,5.29211,2.4976016820986318,51.242075049663896,5.324920040307975,2021,5,16,72020,Lommel,Normaal,Droog,Dag,met lichtgewonden,5,Lichte vrachtauto,3,Fiets,Op Kruispunt,Gemeenteweg,buiten bebouwde kom,Tss. 2 best.: langs opzij (voor-/achterkant-flank),Geen hindernis
24781,46,Pelt teller 2,Pelt,51.231,5.44375,1.0313937576228873,51.22292583067492,5.436459669224068,2021,5,8,72043,Pelt,Regenval,"Nat, plassen",Dag,met lichtgewonden,9,personenauto,3,Fiets,Buiten Kruispunt,Gewestweg,binnen bebouwde kom,Tussen 2 bestuurders: Langs achteren,Geen hindernis
24781,45,Pelt teller 1,Pelt,51.23127,5.44377,1.0582995382625662,51.22292583067492,5.436459669224068,2021,5,8,72043,Pelt,Regenval,"Nat, plassen",Dag,met lichtgewonden,9,personenauto,3,Fiets,Buiten Kruispunt,Gewestweg,binnen bebouwde kom,Tussen 2 bestuurders: Langs achteren,Geen hindernis
24794,39,Peer teller 1,Peer,51.13425,5.47817,1.4775777377880317,51.131166674634024,5.4575721961765336,2021,5,16,72030,Peer,Normaal,Droog,Dag,met lichtgewonden,9,personenauto,3,Fiets,Buiten Kruispunt,Gemeenteweg,binnen bebouwde kom,Tss. 2 best.: langs opzij (voor-/achterkant-flank),Geen hindernis
24794,40,Peer teller 2,Peer,51.13438,5.47892,1.53183542179093,51.131166674634024,5.4575721961765336,2021,5,16,72030,Peer,Normaal,Droog,Dag,met lichtgewonden,9,personenauto,3,Fiets,Buiten Kruispunt,Gemeenteweg,binnen bebouwde kom,Tss. 2 best.: langs opzij (voor-/achterkant-flank),Geen hindernis
24796,21,Bilzen,Bilzen,50.86015,5.50161,1.8761835615694742,50.86487034547237,5.527274796208924,2021,5,13,73006,Bilzen,Normaal,Droog,Dag,met zwaargewonden,8,Voetganger,3,Fiets,Buiten Kruispunt,Gewestweg,binnen bebouwde kom,Met een voetganger,Geen vermelding van de aanwezigheid van een hindernis
24798,43,Maaseik teller 1,Maaseik,51.09344,5.79715,1.2367036952169115,51.09759157080333,5.780720616212391,2021,5,18,72021,Maaseik,Normaal,Droog,Dag,met lichtgewonden,9,personenauto,3,Fiets,Op Kruispunt,Gewestweg,binnen bebouwde kom,Tss. 2 best.: langs opzij (voor-/achterkant-flank),Geen hindernis
24798,44,Maaseik teller 2,Maaseik,51.09359,5.79726,1.2377382688804144,51.09759157080333,5.780720616212391,2021,5,18,72021,Maaseik,Normaal,Droog,Dag,met lichtgewonden,9,personenauto,3,Fiets,Op Kruispunt,Gewestweg,binnen bebouwde kom,Tss. 2 best.: langs opzij (voor-/achterkant-flank),Geen hindernis
24800,77,Leuven teller 2,Leuven,50.88672,4.70796,0.8758404734556747,50.879344520693586,4.703577908568669,2021,5,17,24062,Leuven,Regenval,"Nat, plassen",Dag,met lichtgewonden,3,Fiets,11,een weggebruiker tegen een hindernis,Buiten Kruispunt,Gemeenteweg,binnen bebouwde kom,Weggebruiker tegen hindernis op de rijbaan,"Op de rijbaan: Verkeersdrempel, ezelsrug"
24800,69,Leuven teller 1,Leuven,50.87549,4.71526,0.9249366145734654,50.879344520693586,4.703577908568669,2021,5,17,24062,Leuven,Regenval,"Nat, plassen",Dag,met lichtgewonden,3,Fiets,11,een weggebruiker tegen een hindernis,Buiten Kruispunt,Gemeenteweg,binnen bebouwde kom,Weggebruiker tegen hindernis op de rijbaan,"Op de rijbaan: Verkeersdrempel, ezelsrug"
24800,107,leuven totem,Leuven,50.8870744,4.7087919,0.9341168144953275,50.879344520693586,4.703577908568669,2021,5,17,24062,Leuven,Regenval,"Nat, plassen",Dag,met lichtgewonden,3,Fiets,11,een weggebruiker tegen een hindernis,Buiten Kruispunt,Gemeenteweg,binnen bebouwde kom,Weggebruiker tegen hindernis op de rijbaan,"Op de rijbaan: Verkeersdrempel, ezelsrug"
24800,151,Leuven,District Leuven,50.8690262,4.6854839,1.7112224115475845,50.879344520693586,4.703577908568669,2021,5,17,24062,Leuven,Regenval,"Nat, plassen",Dag,met lichtgewonden,3,Fiets,11,een weggebruiker tegen een hindernis,Buiten Kruispunt,Gemeenteweg,binnen bebouwde kom,Weggebruiker tegen hindernis op de rijbaan,"Op de rijbaan: Verkeersdrempel, ezelsrug"
24801,77,Leuven teller 2,Leuven,50.88672,4.70796,0.8722274111206322,50.879358816720305,4.703664806053322,2021,5,19,24062,Leuven,Regenval,"Nat, plassen",Dag,met lichtgewonden,3,Fiets,11,een weggebruiker tegen een hindernis,Buiten Kruispunt,Gemeenteweg,binnen bebouwde kom,Weggebruiker tegen hindernis buiten rijbaan,Andere hindernis
24801,69,Leuven teller 1,Leuven,50.87549,4.71526,0.9202800600147134,50.879358816720305,4.703664806053322,2021,5,19,24062,Leuven,Regenval,"Nat, plassen",Dag,met lichtgewonden,3,Fiets,11,een weggebruiker tegen een hindernis,Buiten Kruispunt,Gemeenteweg,binnen bebouwde kom,Weggebruiker tegen hindernis buiten rijbaan,Andere hindernis
24801,107,leuven totem,Leuven,50.8870744,4.7087919,0.930280348173843,50.879358816720305,4.703664806053322,2021,5,19,24062,Leuven,Regenval,"Nat, plassen",Dag,met lichtgewonden,3,Fiets,11,een weggebruiker tegen een hindernis,Buiten Kruispunt,Gemeenteweg,binnen bebouwde kom,Weggebruiker tegen hindernis buiten rijbaan,Andere hindernis
24801,151,Leuven,District Leuven,50.8690262,4.6854839,1.7168143157370326,50.879358816720305,4.703664806053322,2021,5,19,24062,Leuven,Regenval,"Nat, plassen",Dag,met lichtgewonden,3,Fiets,11,een weggebruiker tegen een hindernis,Buiten Kruispunt,Gemeenteweg,binnen bebouwde kom,Weggebruiker tegen hindernis buiten rijbaan,Andere hindernis
24802,77,Leuven teller 2,Leuven,50.88672,4.70796,0.8950984532824425,50.88002688811063,4.700871197884378,2021,5,15,24062,Leuven,Normaal,Droog,Dag,met lichtgewonden,3,Fiets,10,"één bestuurder, geen hindernis",Buiten Kruispunt,Gemeenteweg,binnen bebouwde kom,"Eén bestuurder, geen hindernis (incl. val)",Geen hindernis
24802,107,leuven totem,Leuven,50.8870744,4.7087919,0.960656140157453,50.88002688811063,4.700871197884378,2021,5,15,24062,Leuven,Normaal,Droog,Dag,met lichtgewonden,3,Fiets,10,"één bestuurder, geen hindernis",Buiten Kruispunt,Gemeenteweg,binnen bebouwde kom,"Eén bestuurder, geen hindernis (incl. val)",Geen hindernis
24802,69,Leuven teller 1,Leuven,50.87549,4.71526,1.1285691014750803,50.88002688811063,4.700871197884378,2021,5,15,24062,Leuven,Normaal,Droog,Dag,met lichtgewonden,3,Fiets,10,"één bestuurder, geen hindernis",Buiten Kruispunt,Gemeenteweg,binnen bebouwde kom,"Eén bestuurder, geen hindernis (incl. val)",Geen hindernis
24802,151,Leuven,District Leuven,50.8690262,4.6854839,1.6315501664566623,50.88002688811063,4.700871197884378,2021,5,15,24062,Leuven,Normaal,Droog,Dag,met lichtgewonden,3,Fiets,10,"één bestuurder, geen hindernis",Buiten Kruispunt,Gemeenteweg,binnen bebouwde kom,"Eén bestuurder, geen hindernis (incl. val)",Geen hindernis
24803,69,Leuven teller 1,Leuven,50.87549,4.71526,0.9241208319159948,50.87870286254478,4.703112862818003,2021,5,18,24062,Leuven,Regenval,"Nat, plassen",Dag,met lichtgewonden,3,Fiets,10,"één bestuurder, geen hindernis",Buiten Kruispunt,Gemeenteweg,binnen bebouwde kom,"Eén bestuurder, geen hindernis (incl. val)",Geen hindernis
24803,77,Leuven teller 2,Leuven,50.88672,4.70796,0.9541179906242855,50.87870286254478,4.703112862818003,2021,5,18,24062,Leuven,Regenval,"Nat, plassen",Dag,met lichtgewonden,3,Fiets,10,"één bestuurder, geen hindernis",Buiten Kruispunt,Gemeenteweg,binnen bebouwde kom,"Eén bestuurder, geen hindernis (incl. val)",Geen hindernis
24803,107,leuven totem,Leuven,50.8870744,4.7087919,1.0125465908369666,50.87870286254478,4.703112862818003,2021,5,18,24062,Leuven,Regenval,"Nat, plassen",Dag,met lichtgewonden,3,Fiets,10,"één bestuurder, geen hindernis",Buiten Kruispunt,Gemeenteweg,binnen bebouwde kom,"Eén bestuurder, geen hindernis (incl. val)",Geen hindernis
24803,151,Leuven,District Leuven,50.8690262,4.6854839,1.6394750780748684,50.87870286254478,4.703112862818003,2021,5,18,24062,Leuven,Regenval,"Nat, plassen",Dag,met lichtgewonden,3,Fiets,10,"één bestuurder, geen hindernis",Buiten Kruispunt,Gemeenteweg,binnen bebouwde kom,"Eén bestuurder, geen hindernis (incl. val)",Geen hindernis
24804,77,Leuven teller 2,Leuven,50.88672,4.70796,1.3971510271966685,50.881276098675094,4.690010321599695,2021,5,15,24062,Leuven,Normaal,Droog,Dag,met zwaargewonden,99,onbekend,3,Fiets,Op Kruispunt,Gemeenteweg,binnen bebouwde kom,Tss. 2 best.: langs opzij (voor-/achterkant-flank),Geen hindernis
24804,151,Leuven,District Leuven,50.8690262,4.6854839,1.398662698350206,50.881276098675094,4.690010321599695,2021,5,15,24062,Leuven,Normaal,Droog,Dag,met zwaargewonden,99,onbekend,3,Fiets,Op Kruispunt,Gemeenteweg,binnen bebouwde kom,Tss. 2 best.: langs opzij (voor-/achterkant-flank),Geen hindernis
24804,107,leuven totem,Leuven,50.8870744,4.7087919,1.466853528857996,50.881276098675094,4.690010321599695,2021,5,15,24062,Leuven,Normaal,Droog,Dag,met zwaargewonden,99,onbekend,3,Fiets,Op Kruispunt,Gemeenteweg,binnen bebouwde kom,Tss. 2 best.: langs opzij (voor-/achterkant-flank),Geen hindernis
24804,69,Leuven teller 1,Leuven,50.87549,4.71526,1.8847447917142677,50.881276098675094,4.690010321599695,2021,5,15,24062,Leuven,Normaal,Droog,Dag,met zwaargewonden,99,onbekend,3,Fiets,Op Kruispunt,Gemeenteweg,binnen bebouwde kom,Tss. 2 best.: langs opzij (voor-/achterkant-flank),Geen hindernis
24805,151,Leuven,District Leuven,50.8690262,4.6854839,1.181539993770561,50.87630493550324,4.697751398058828,2021,5,12,24062,Leuven,Onbekend,Onbekend,Dag,met lichtgewonden,3,Fiets,11,een weggebruiker tegen een hindernis,Buiten Kruispunt,Gemeenteweg,binnen bebouwde kom,Weggebruiker tegen hindernis op de rijbaan,"Op de rijbaan: Werken (signal., aarde, toestel,…)"
24805,69,Leuven teller 1,Leuven,50.87549,4.71526,1.2318153872046231,50.87630493550324,4.697751398058828,2021,5,12,24062,Leuven,Onbekend,Onbekend,Dag,met lichtgewonden,3,Fiets,11,een weggebruiker tegen een hindernis,Buiten Kruispunt,Gemeenteweg,binnen bebouwde kom,Weggebruiker tegen hindernis op de rijbaan,"Op de rijbaan: Werken (signal., aarde, toestel,…)"
24805,77,Leuven teller 2,Leuven,50.88672,4.70796,1.361665434257678,50.87630493550324,4.697751398058828,2021,5,12,24062,Leuven,Onbekend,Onbekend,Dag,met lichtgewonden,3,Fiets,11,een weggebruiker tegen een hindernis,Buiten Kruispunt,Gemeenteweg,binnen bebouwde kom,Weggebruiker tegen hindernis op de rijbaan,"Op de rijbaan: Werken (signal., aarde, toestel,…)"
24805,107,leuven totem,Leuven,50.8870744,4.7087919,1.4261699919603161,50.87630493550324,4.697751398058828,2021,5,12,24062,Leuven,Onbekend,Onbekend,Dag,met lichtgewonden,3,Fiets,11,een weggebruiker tegen een hindernis,Buiten Kruispunt,Gemeenteweg,binnen bebouwde kom,Weggebruiker tegen hindernis op de rijbaan,"Op de rijbaan: Werken (signal., aarde, toestel,…)"
24806,69,Leuven teller 1,Leuven,50.87549,4.71526,0.2944915184312523,50.87308221672313,4.71700804598112,2021,5,16,24062,Leuven,Normaal,Droog,Dag,met lichtgewonden,9,personenauto,3,Fiets,Op Kruispunt,Gewestweg,binnen bebouwde kom,Tss. 2 best.: langs opzij (voor-/achterkant-flank),Geen hindernis
24806,77,Leuven teller 2,Leuven,50.88672,4.70796,1.6439562035904056,50.87308221672313,4.71700804598112,2021,5,16,24062,Leuven,Normaal,Droog,Dag,met lichtgewonden,9,personenauto,3,Fiets,Op Kruispunt,Gewestweg,binnen bebouwde kom,Tss. 2 best.: langs opzij (voor-/achterkant-flank),Geen hindernis
24806,107,leuven totem,Leuven,50.8870744,4.7087919,1.65920730327373,50.87308221672313,4.71700804598112,2021,5,16,24062,Leuven,Normaal,Droog,Dag,met lichtgewonden,9,personenauto,3,Fiets,Op Kruispunt,Gewestweg,binnen bebouwde kom,Tss. 2 best.: langs opzij (voor-/achterkant-flank),Geen hindernis
24806,151,Leuven,District Leuven,50.8690262,4.6854839,2.2576060344235174,50.87308221672313,4.71700804598112,2021,5,16,24062,Leuven,Normaal,Droog,Dag,met lichtgewonden,9,personenauto,3,Fiets,Op Kruispunt,Gewestweg,binnen bebouwde kom,Tss. 2 best.: langs opzij (voor-/achterkant-flank),Geen hindernis
24807,69,Leuven teller 1,Leuven,50.87549,4.71526,0.718175093489235,50.88007009646035,4.708042852059774,2021,5,18,24062,Leuven,Normaal,Droog,Dag,met lichtgewonden,3,Fiets,10,"één bestuurder, geen hindernis",Buiten Kruispunt,Gemeenteweg,binnen bebouwde kom,"Eén bestuurder, geen hindernis (incl. val)",Geen hindernis
24807,77,Leuven teller 2,Leuven,50.88672,4.70796,0.7394583797261594,50.88007009646035,4.708042852059774,2021,5,18,24062,Leuven,Normaal,Droog,Dag,met lichtgewonden,3,Fiets,10,"één bestuurder, geen hindernis",Buiten Kruispunt,Gemeenteweg,binnen bebouwde kom,"Eén bestuurder, geen hindernis (incl. val)",Geen hindernis
24807,107,leuven totem,Leuven,50.8870744,4.7087919,0.78061367573244,50.88007009646035,4.708042852059774,2021,5,18,24062,Leuven,Normaal,Droog,Dag,met lichtgewonden,3,Fiets,10,"één bestuurder, geen hindernis",Buiten Kruispunt,Gemeenteweg,binnen bebouwde kom,"Eén bestuurder, geen hindernis (incl. val)",Geen hindernis
24807,151,Leuven,District Leuven,50.8690262,4.6854839,2.0033840467795963,50.88007009646035,4.708042852059774,2021,5,18,24062,Leuven,Normaal,Droog,Dag,met lichtgewonden,3,Fiets,10,"één bestuurder, geen hindernis",Buiten Kruispunt,Gemeenteweg,binnen bebouwde kom,"Eén bestuurder, geen hindernis (incl. val)",Geen hindernis
24808,151,Leuven,District Leuven,50.8690262,4.6854839,1.2332930011142669,50.87924807164344,4.692305495635834,2021,5,16,24062,Leuven,Normaal,Droog,Dag,met lichtgewonden,9,personenauto,3,Fiets,Op Kruispunt,Gemeenteweg,binnen bebouwde kom,Tussen 2 bestuurders: Langs achteren,Geen hindernis
24808,77,Leuven teller 2,Leuven,50.88672,4.70796,1.3770918276123707,50.87924807164344,4.692305495635834,2021,5,16,24062,Leuven,Normaal,Droog,Dag,met lichtgewonden,9,personenauto,3,Fiets,Op Kruispunt,Gemeenteweg,binnen bebouwde kom,Tussen 2 bestuurders: Langs achteren,Geen hindernis
24808,107,leuven totem,Leuven,50.8870744,4.7087919,1.4474111913047354,50.87924807164344,4.692305495635834,2021,5,16,24062,Leuven,Normaal,Droog,Dag,met lichtgewonden,9,personenauto,3,Fiets,Op Kruispunt,Gemeenteweg,binnen bebouwde kom,Tussen 2 bestuurders: Langs achteren,Geen hindernis
24808,69,Leuven teller 1,Leuven,50.87549,4.71526,1.6638642091374465,50.87924807164344,4.692305495635834,2021,5,16,24062,Leuven,Normaal,Droog,Dag,met lichtgewonden,9,personenauto,3,Fiets,Op Kruispunt,Gemeenteweg,binnen bebouwde kom,Tussen 2 bestuurders: Langs achteren,Geen hindernis
24809,69,Leuven teller 1,Leuven,50.87549,4.71526,0.5638956606740445,50.87482883103992,4.707291928419998,2021,5,0,24062,Leuven,Normaal,Droog,"Nacht, openbare verlichting aanwezig en ontstoken",met lichtgewonden,3,Fiets,11,een weggebruiker tegen een hindernis,Op Kruispunt,Gemeenteweg,binnen bebouwde kom,Weggebruiker tegen hindernis buiten rijbaan,Buiten de rijbaan: Verlichtingspaal
24809,77,Leuven teller 2,Leuven,50.88672,4.70796,1.3230681052980318,50.87482883103992,4.707291928419998,2021,5,0,24062,Leuven,Normaal,Droog,"Nacht, openbare verlichting aanwezig en ontstoken",met lichtgewonden,3,Fiets,11,een weggebruiker tegen een hindernis,Op Kruispunt,Gemeenteweg,binnen bebouwde kom,Weggebruiker tegen hindernis buiten rijbaan,Buiten de rijbaan: Verlichtingspaal
24809,107,leuven totem,Leuven,50.8870744,4.7087919,1.3657054838665066,50.87482883103992,4.707291928419998,2021,5,0,24062,Leuven,Normaal,Droog,"Nacht, openbare verlichting aanwezig en ontstoken",met lichtgewonden,3,Fiets,11,een weggebruiker tegen een hindernis,Op Kruispunt,Gemeenteweg,binnen bebouwde kom,Weggebruiker tegen hindernis buiten rijbaan,Buiten de rijbaan: Verlichtingspaal
24809,151,Leuven,District Leuven,50.8690262,4.6854839,1.6607383694693114,50.87482883103992,4.707291928419998,2021,5,0,24062,Leuven,Normaal,Droog,"Nacht, openbare verlichting aanwezig en ontstoken",met lichtgewonden,3,Fiets,11,een weggebruiker tegen een hindernis,Op Kruispunt,Gemeenteweg,binnen bebouwde kom,Weggebruiker tegen hindernis buiten rijbaan,Buiten de rijbaan: Verlichtingspaal
24810,77,Leuven teller 2,Leuven,50.88672,4.70796,0.5466558867953724,50.88225140948298,4.704711309772982,2021,5,23,24062,Leuven,Normaal,"Nat, plassen","Nacht, openbare verlichting aanwezig en ontstoken",met lichtgewonden,3,Fiets,10,"één bestuurder, geen hindernis",Buiten Kruispunt,Gemeenteweg,binnen bebouwde kom,"Eén bestuurder, geen hindernis (incl. val)",Geen hindernis
24810,107,leuven totem,Leuven,50.8870744,4.7087919,0.6079084206983153,50.88225140948298,4.704711309772982,2021,5,23,24062,Leuven,Normaal,"Nat, plassen","Nacht, openbare verlichting aanwezig en ontstoken",met lichtgewonden,3,Fiets,10,"één bestuurder, geen hindernis",Buiten Kruispunt,Gemeenteweg,binnen bebouwde kom,"Eén bestuurder, geen hindernis (incl. val)",Geen hindernis
24810,69,Leuven teller 1,Leuven,50.87549,4.71526,1.0549851330410787,50.88225140948298,4.704711309772982,2021,5,23,24062,Leuven,Normaal,"Nat, plassen","Nacht, openbare verlichting aanwezig en ontstoken",met lichtgewonden,3,Fiets,10,"één bestuurder, geen hindernis",Buiten Kruispunt,Gemeenteweg,binnen bebouwde kom,"Eén bestuurder, geen hindernis (incl. val)",Geen hindernis
24810,151,Leuven,District Leuven,50.8690262,4.6854839,1.9956508688280294,50.88225140948298,4.704711309772982,2021,5,23,24062,Leuven,Normaal,"Nat, plassen","Nacht, openbare verlichting aanwezig en ontstoken",met lichtgewonden,3,Fiets,10,"één bestuurder, geen hindernis",Buiten Kruispunt,Gemeenteweg,binnen bebouwde kom,"Eén bestuurder, geen hindernis (incl. val)",Geen hindernis
24812,69,Leuven teller 1,Leuven,50.87549,4.71526,0.4496808476916517,50.8795340687943,4.715272927681115,2021,5,18,24062,Leuven,Normaal,Droog,Dag,met lichtgewonden,6,Bromfiets,3,Fiets,Buiten Kruispunt,Gewestweg,binnen bebouwde kom,Tss. 2 best.: langs opzij (voor-/achterkant-flank),Geen hindernis
24812,77,Leuven teller 2,Leuven,50.88672,4.70796,0.9495575819891934,50.8795340687943,4.715272927681115,2021,5,18,24062,Leuven,Normaal,Droog,Dag,met lichtgewonden,6,Bromfiets,3,Fiets,Buiten Kruispunt,Gewestweg,binnen bebouwde kom,Tss. 2 best.: langs opzij (voor-/achterkant-flank),Geen hindernis
24812,107,leuven totem,Leuven,50.8870744,4.7087919,0.9537883059677177,50.8795340687943,4.715272927681115,2021,5,18,24062,Leuven,Normaal,Droog,Dag,met lichtgewonden,6,Bromfiets,3,Fiets,Buiten Kruispunt,Gewestweg,binnen bebouwde kom,Tss. 2 best.: langs opzij (voor-/achterkant-flank),Geen hindernis
24812,151,Leuven,District Leuven,50.8690262,4.6854839,2.3946050387720534,50.8795340687943,4.715272927681115,2021,5,18,24062,Leuven,Normaal,Droog,Dag,met lichtgewonden,6,Bromfiets,3,Fiets,Buiten Kruispunt,Gewestweg,binnen bebouwde kom,Tss. 2 best.: langs opzij (voor-/achterkant-flank),Geen hindernis
24813,77,Leuven teller 2,Leuven,50.88672,4.70796,0.9044722968063714,50.881551911740594,4.698003763406257,2021,5,15,24062,Leuven,Normaal,"Nat, plassen",Dag,met lichtgewonden,3,Fiets,3,Fiets,Buiten Kruispunt,Gemeenteweg,binnen bebouwde kom,Tss. 2 best.: langs opzij (voor-/achterkant-flank),Geen hindernis
24813,107,leuven totem,Leuven,50.8870744,4.7087919,0.9745966784838176,50.881551911740594,4.698003763406257,2021,5,15,24062,Leuven,Normaal,"Nat, plassen",Dag,met lichtgewonden,3,Fiets,3,Fiets,Buiten Kruispunt,Gemeenteweg,binnen bebouwde kom,Tss. 2 best.: langs opzij (voor-/achterkant-flank),Geen hindernis
24813,69,Leuven teller 1,Leuven,50.87549,4.71526,1.385694569543113,50.881551911740594,4.698003763406257,2021,5,15,24062,Leuven,Normaal,"Nat, plassen",Dag,met lichtgewonden,3,Fiets,3,Fiets,Buiten Kruispunt,Gemeenteweg,binnen bebouwde kom,Tss. 2 best.: langs opzij (voor-/achterkant-flank),Geen hindernis
24813,151,Leuven,District Leuven,50.8690262,4.6854839,1.6466840656222421,50.881551911740594,4.698003763406257,2021,5,15,24062,Leuven,Normaal,"Nat, plassen",Dag,met lichtgewonden,3,Fiets,3,Fiets,Buiten Kruispunt,Gemeenteweg,binnen bebouwde kom,Tss. 2 best.: langs opzij (voor-/achterkant-flank),Geen hindernis
24814,151,Leuven,District Leuven,50.8690262,4.6854839,0.9014290941070433,50.8684301752571,4.698294572966477,2021,5,12,24062,Leuven,Regenval,Onbekend,Dag,met lichtgewonden,9,personenauto,3,Fiets,Op Kruispunt,Gewestweg,binnen bebouwde kom,Tss. 2 best.: langs opzij (voor-/achterkant-flank),Geen hindernis
24814,69,Leuven teller 1,Leuven,50.87549,4.71526,1.4259953452185947,50.8684301752571,4.698294572966477,2021,5,12,24062,Leuven,Regenval,Onbekend,Dag,met lichtgewonden,9,personenauto,3,Fiets,Op Kruispunt,Gewestweg,binnen bebouwde kom,Tss. 2 best.: langs opzij (voor-/achterkant-flank),Geen hindernis
24814,77,Leuven teller 2,Leuven,50.88672,4.70796,2.1438187539117535,50.8684301752571,4.698294572966477,2021,5,12,24062,Leuven,Regenval,Onbekend,Dag,met lichtgewonden,9,personenauto,3,Fiets,Op Kruispunt,Gewestweg,binnen bebouwde kom,Tss. 2 best.: langs opzij (voor-/achterkant-flank),Geen hindernis
24814,107,leuven totem,Leuven,50.8870744,4.7087919,2.2000832509173587,50.8684301752571,4.698294572966477,2021,5,12,24062,Leuven,Regenval,Onbekend,Dag,met lichtgewonden,9,personenauto,3,Fiets,Op Kruispunt,Gewestweg,binnen bebouwde kom,Tss. 2 best.: langs opzij (voor-/achterkant-flank),Geen hindernis
24814,108,Heverlee teller 1,Leuven,50.8471728,4.6954674,2.3720277322354995,50.8684301752571,4.698294572966477,2021,5,12,24062,Leuven,Regenval,Onbekend,Dag,met lichtgewonden,9,personenauto,3,Fiets,Op Kruispunt,Gewestweg,binnen bebouwde kom,Tss. 2 best.: langs opzij (voor-/achterkant-flank),Geen hindernis
24814,76,Heverlee teller 2,Leuven,50.84606,4.69597,2.4927958223778095,50.8684301752571,4.698294572966477,2021,5,12,24062,Leuven,Regenval,Onbekend,Dag,met lichtgewonden,9,personenauto,3,Fiets,Op Kruispunt,Gewestweg,binnen bebouwde kom,Tss. 2 best.: langs opzij (voor-/achterkant-flank),Geen hindernis
24815,151,Leuven,District Leuven,50.8690262,4.6854839,0.822527572866034,50.865908882089265,4.696113058582261,2021,5,11,24062,Leuven,Normaal,Droog,Dag,met lichtgewonden,5,Lichte vrachtauto,3,Fiets,Op Kruispunt,Gewestweg,binnen bebouwde kom,Tussen 2 bestuurders: Flank tegen flank,Geen hindernis
24815,69,Leuven teller 1,Leuven,50.87549,4.71526,1.71470855747601,50.865908882089265,4.696113058582261,2021,5,11,24062,Leuven,Normaal,Droog,Dag,met lichtgewonden,5,Lichte vrachtauto,3,Fiets,Op Kruispunt,Gewestweg,binnen bebouwde kom,Tussen 2 bestuurders: Flank tegen flank,Geen hindernis
24815,108,Heverlee teller 1,Leuven,50.8471728,4.6954674,2.083850166993666,50.865908882089265,4.696113058582261,2021,5,11,24062,Leuven,Normaal,Droog,Dag,met lichtgewonden,5,Lichte vrachtauto,3,Fiets,Op Kruispunt,Gewestweg,binnen bebouwde kom,Tussen 2 bestuurders: Flank tegen flank,Geen hindernis
24815,76,Heverlee teller 2,Leuven,50.84606,4.69597,2.2071178321604052,50.865908882089265,4.696113058582261,2021,5,11,24062,Leuven,Normaal,Droog,Dag,met lichtgewonden,5,Lichte vrachtauto,3,Fiets,Op Kruispunt,Gewestweg,binnen bebouwde kom,Tussen 2 bestuurders: Flank tegen flank,Geen hindernis
24815,77,Leuven teller 2,Leuven,50.88672,4.70796,2.458851281569417,50.865908882089265,4.696113058582261,2021,5,11,24062,Leuven,Normaal,Droog,Dag,met lichtgewonden,5,Lichte vrachtauto,3,Fiets,Op Kruispunt,Gewestweg,binnen bebouwde kom,Tussen 2 bestuurders: Flank tegen flank,Geen hindernis