crash_row_id,site_id,site_name,site_gemeente,site_lat,site_long,distance_km,crash_lat,crash_long,DT_YEAR_COLLISION,DT_MONTH_COLLISION,DT_TIME,CD_NIS,TX_MUNTY_COLLISION_NL,TX_WEATHER_NL,TX_ROAD_CONDITION_NL,TX_LIGHT_CONDITION_NL,TX_CLASS_ACCIDENTS_NL,CD_ROAD_USR_TYPE1,TX_ROAD_USR_TYPE1_NL,CD_ROAD_USR_TYPE2,TX_ROAD_USR_TYPE2_NL,TX_CROSSWAY_NL,CD_ROAD_TYPE_NL,TX_BUILD_UP_AREA_NL,TX_COLLISION_TYPE_NL,TX_OBSTACLES_NL
24816,69,Leuven teller 1,Leuven,50.87549,4.71526,2.4767881511319914,50.87916840495305,4.750076262164886,2021,5,16,24062,Leuven,Normaal,Droog,Dag,met lichtgewonden,3,Fiets,10,"één bestuurder, geen hindernis",Buiten Kruispunt,Gemeenteweg,buiten bebouwde kom,"Eén bestuurder, geen hindernis (incl. val)",Geen hindernis
24827,101,Diest teller 1,Diest,50.97799,5.04481,1.2334439812754034,50.97683436737058,5.062331916821723,2021,5,15,24020,Diest,Normaal,Droog,Dag,met lichtgewonden,9,personenauto,3,Fiets,Op Kruispunt,Gemeenteweg,binnen bebouwde kom,Tss. 2 best.: langs opzij (voor-/achterkant-flank),Geen hindernis
24827,102,Diest teller 2,Diest,50.9779,5.04474,1.2373209487260473,50.97683436737058,5.062331916821723,2021,5,15,24020,Diest,Normaal,Droog,Dag,met lichtgewonden,9,personenauto,3,Fiets,Op Kruispunt,Gemeenteweg,binnen bebouwde kom,Tss. 2 best.: langs opzij (voor-/achterkant-flank),Geen hindernis
24832,87,Aarschot,Aarschot,50.99084,4.81259,2.0661687148291734,51.007729991204194,4.80028168533803,2021,5,10,24007,Begijnendijk,Normaal,Droog,Dag,met lichtgewonden,3,Fiets,11,een weggebruiker tegen een hindernis,Buiten Kruispunt,Gemeenteweg,buiten bebouwde kom,Weggebruiker tegen hindernis op de rijbaan,"Op de rijbaan: Verkeersdrempel, ezelsrug"
24833,87,Aarschot,Aarschot,50.99084,4.81259,0.7036247290274416,50.99486588340482,4.804833617581608,2021,5,10,24007,Begijnendijk,Normaal,Droog+Proper,Dag,met lichtgewonden,3,Fiets,9,personenauto,Op Kruispunt,Gemeenteweg,buiten bebouwde kom,Tss. 2 best.: langs opzij (voor-/achterkant-flank),Geen hindernis
24836,147,Overijse,District Vilvoorde-gewestwegen,50.7797555,4.4975769,1.4288508169393406,50.77188371401832,4.51363841801807,2021,5,17,23062,Overijse,Normaal,Droog,Dag,met lichtgewonden,9,personenauto,3,Fiets,Buiten Kruispunt,Gemeenteweg,binnen bebouwde kom,Tussen 2 bestuurders: Langs achteren,Geen hindernis
24836,146,Overijse 2,District Vilvoorde-gewestwegen,50.7881478,4.4902818,2.4428123599793268,50.77188371401832,4.51363841801807,2021,5,17,23062,Overijse,Normaal,Droog,Dag,met lichtgewonden,9,personenauto,3,Fiets,Buiten Kruispunt,Gemeenteweg,binnen bebouwde kom,Tussen 2 bestuurders: Langs achteren,Geen hindernis
24836,145,Overijse,District Vilvoorde-gewestwegen,50.7885856,4.4908759,2.4515940233045534,50.77188371401832,4.51363841801807,2021,5,17,23062,Overijse,Normaal,Droog,Dag,met lichtgewonden,9,personenauto,3,Fiets,Buiten Kruispunt,Gemeenteweg,binnen bebouwde kom,Tussen 2 bestuurders: Langs achteren,Geen hindernis
24841,86,Asse teller 2,Asse,50.89132,4.1709,2.3248051164039754,50.8721444303904,4.157694163804685,2021,5,10,23086,Ternat,Regenval,"Nat, plassen",Dag,met lichtgewonden,3,Fiets,11,een weggebruiker tegen een hindernis,Buiten Kruispunt,Gemeenteweg,binnen bebouwde kom,Weggebruiker tegen hindernis op de rijbaan,"Op de rijbaan: Werken (signal., aarde, toestel,…)"
24845,1,Machelen,Machelen,50.91618331151478,4.456121776137429,0.7941015512355367,50.91775946751932,4.445073366845209,2021,5,17,23047,Machelen,Normaal,Droog,Dag,met lichtgewonden,9,personenauto,3,Fiets,Op Kruispunt,Gewestweg,binnen bebouwde kom,Tussen 2 bestuurders: Langs achteren,Geen hindernis
24845,47,Vilvoorde,Vilvoorde,50.91372,4.41497,2.1576443892650805,50.91775946751932,4.445073366845209,2021,5,17,23047,Machelen,Normaal,Droog,Dag,met lichtgewonden,9,personenauto,3,Fiets,Op Kruispunt,Gewestweg,binnen bebouwde kom,Tussen 2 bestuurders: Langs achteren,Geen hindernis
24846,47,Vilvoorde,Vilvoorde,50.91372,4.41497,1.0520220687892439,50.92308654253251,4.412853963493052,2021,5,6,23088,Vilvoorde,Normaal,"Nat, plassen",Dag,met lichtgewonden,9,personenauto,3,Fiets,Op Kruispunt,Gewestweg,binnen bebouwde kom,Tss. 2 best.: langs opzij (voor-/achterkant-flank),Geen hindernis
24847,149,Machelen,,50.88297881,4.43356644,1.4003717441623604,50.89429382340455,4.442331887259099,2021,5,15,23047,Machelen,Onbekend,Droog,Dag,met lichtgewonden,9,personenauto,3,Fiets,Buiten Kruispunt,Gewestweg,buiten bebouwde kom,Tussen 2 bestuurders: Flank tegen flank,Geen hindernis
24847,111,Zaventem totem,Zaventem,50.8871216,4.4597084,1.4565568779657585,50.89429382340455,4.442331887259099,2021,5,15,23047,Machelen,Onbekend,Droog,Dag,met lichtgewonden,9,personenauto,3,Fiets,Buiten Kruispunt,Gewestweg,buiten bebouwde kom,Tussen 2 bestuurders: Flank tegen flank,Geen hindernis
24848,1,Machelen,Machelen,50.91618331151478,4.456121776137429,1.831637300478616,50.92838285004968,4.4385633967171785,2021,5,7,23088,Vilvoorde,Onbekend,Onbekend,Dag,met lichtgewonden,3,Fiets,9,personenauto,Buiten Kruispunt,Gemeenteweg,binnen bebouwde kom,Tss. 2 best.: langs opzij (voor-/achterkant-flank),Geen hindernis
24848,47,Vilvoorde,Vilvoorde,50.91372,4.41497,2.3223692426462934,50.92838285004968,4.4385633967171785,2021,5,7,23088,Vilvoorde,Onbekend,Onbekend,Dag,met lichtgewonden,3,Fiets,9,personenauto,Buiten Kruispunt,Gemeenteweg,binnen bebouwde kom,Tss. 2 best.: langs opzij (voor-/achterkant-flank),Geen hindernis
24849,47,Vilvoorde,Vilvoorde,50.91372,4.41497,1.401739673147808,50.91281484610577,4.434912406959868,2021,5,14,23047,Machelen,Normaal,Droog,Dag,met lichtgewonden,3,Fiets,5,Lichte vrachtauto,Buiten Kruispunt,Gemeenteweg,binnen bebouwde kom,Tussen 2 bestuurders: Langs achteren,Geen hindernis
24849,1,Machelen,Machelen,50.91618331151478,4.456121776137429,1.5333567718800212,50.91281484610577,4.434912406959868,2021,5,14,23047,Machelen,Normaal,Droog,Dag,met lichtgewonden,3,Fiets,5,Lichte vrachtauto,Buiten Kruispunt,Gemeenteweg,binnen bebouwde kom,Tussen 2 bestuurders: Langs achteren,Geen hindernis
24854,109,Zemst,Zemst,50.9903936,4.4707023,1.4563169178095796,50.99493256732037,4.490220740482832,2021,5,7,23096,Zemst,Normaal,Droog,Dag,met lichtgewonden,9,personenauto,3,Fiets,Op Kruispunt,Gewestweg,binnen bebouwde kom,Tss. 2 best.: langs opzij (voor-/achterkant-flank),Geen hindernis
24858,118,Gent teller 1,Gent,51.028049,3.7681359,2.368610871401401,51.039244043946354,3.739318195852039,2021,5,11,44021,Gent,Normaal,Droog,Dag,met lichtgewonden,3,Fiets,11,een weggebruiker tegen een hindernis,Buiten Kruispunt,Gemeenteweg,binnen bebouwde kom,Weggebruiker tegen hindernis buiten rijbaan,Andere hindernis
24858,119,Gent teller 2,Gent,51.0281795,3.7683918,2.376305347736702,51.039244043946354,3.739318195852039,2021,5,11,44021,Gent,Normaal,Droog,Dag,met lichtgewonden,3,Fiets,11,een weggebruiker tegen een hindernis,Buiten Kruispunt,Gemeenteweg,binnen bebouwde kom,Weggebruiker tegen hindernis buiten rijbaan,Andere hindernis
24860,7,Evergem 1,Evergem,51.1089,3.70317,2.090868010622079,51.090850751834765,3.7115664442001104,2021,5,19,44021,Gent,Onbekend,Onbekend,Dag,met lichtgewonden,9,personenauto,3,Fiets,Buiten Kruispunt,Gemeenteweg,onbekend,Tss. 2 best.: langs opzij (voor-/achterkant-flank),Geen hindernis
24860,6,Evergem 2,Evergem,51.10894,3.70298,2.0988889006532503,51.090850751834765,3.7115664442001104,2021,5,19,44021,Gent,Onbekend,Onbekend,Dag,met lichtgewonden,9,personenauto,3,Fiets,Buiten Kruispunt,Gemeenteweg,onbekend,Tss. 2 best.: langs opzij (voor-/achterkant-flank),Geen hindernis
24862,13,Gent,Gent,51.03018,3.70146,1.8914924509981554,51.03472629065385,3.727525095763845,2021,5,15,44021,Gent,"Andere (dikke rook,...)","Nat, plassen",Dag,met lichtgewonden,9,personenauto,3,Fiets,Op Kruispunt,Gemeenteweg,buiten bebouwde kom,Tussen 2 bestuurders: Flank tegen flank,Geen hindernis
24866,119,Gent teller 2,Gent,51.0281795,3.7683918,2.369973735280656,51.0482860545129,3.757146529764209,2021,5,7,44021,Gent,Normaal,Droog,Dag,met lichtgewonden,9,personenauto,3,Fiets,Buiten Kruispunt,Gemeenteweg,binnen bebouwde kom,Tss. 2 best.: langs opzij (voor-/achterkant-flank),Geen hindernis
24866,118,Gent teller 1,Gent,51.028049,3.7681359,2.3778261312262576,51.0482860545129,3.757146529764209,2021,5,7,44021,Gent,Normaal,Droog,Dag,met lichtgewonden,9,personenauto,3,Fiets,Buiten Kruispunt,Gemeenteweg,binnen bebouwde kom,Tss. 2 best.: langs opzij (voor-/achterkant-flank),Geen hindernis
24867,13,Gent,Gent,51.03018,3.70146,1.9386213919594106,51.04561638142929,3.7143482125562324,2021,5,19,44021,Gent,Normaal,Droog,Dag,met lichtgewonden,3,Fiets,3,Fiets,Op Kruispunt,Gewestweg,binnen bebouwde kom,Tss. 2 best.: langs opzij (voor-/achterkant-flank),Geen hindernis
24868,13,Gent,Gent,51.03018,3.70146,1.9324331873231904,51.03864948726109,3.7255917137714554,2021,5,8,44021,Gent,Normaal,Droog,Dag,met lichtgewonden,9,personenauto,3,Fiets,Op Kruispunt,Gewestweg,binnen bebouwde kom,Tss. 2 best.: langs opzij (voor-/achterkant-flank),Geen hindernis
24871,118,Gent teller 1,Gent,51.028049,3.7681359,0.39128447447086884,51.030315332242225,3.7638557032327316,2021,5,12,44021,Gent,Normaal,Droog,Dag,met lichtgewonden,9,personenauto,3,Fiets,Buiten Kruispunt,Gewestweg,buiten bebouwde kom,Tss. 2 best.: langs opzij (voor-/achterkant-flank),Geen hindernis
24871,119,Gent teller 2,Gent,51.0281795,3.7683918,0.39627506864868256,51.030315332242225,3.7638557032327316,2021,5,12,44021,Gent,Normaal,Droog,Dag,met lichtgewonden,9,personenauto,3,Fiets,Buiten Kruispunt,Gewestweg,buiten bebouwde kom,Tss. 2 best.: langs opzij (voor-/achterkant-flank),Geen hindernis
24875,118,Gent teller 1,Gent,51.028049,3.7681359,0.97292026457718,51.03353177467707,3.757293512629199,2021,5,12,44021,Gent,Normaal,Droog,Dag,met lichtgewonden,3,Fiets,9,personenauto,Buiten Kruispunt,Gewestweg,binnen bebouwde kom,Tss. 2 best.: langs opzij (voor-/achterkant-flank),Geen hindernis
24875,119,Gent teller 2,Gent,51.0281795,3.7683918,0.9780319950610029,51.03353177467707,3.757293512629199,2021,5,12,44021,Gent,Normaal,Droog,Dag,met lichtgewonden,3,Fiets,9,personenauto,Buiten Kruispunt,Gewestweg,binnen bebouwde kom,Tss. 2 best.: langs opzij (voor-/achterkant-flank),Geen hindernis
24876,136,Gent R4,Gent,51.0876313,3.7587918,2.2906708118704193,51.08194107131757,3.790310410264315,2021,5,14,44021,Gent,Normaal,Droog,Dag,met lichtgewonden,5,Lichte vrachtauto,3,Fiets,Buiten Kruispunt,Gewestweg,buiten bebouwde kom,Tss. 2 best.: langs opzij (voor-/achterkant-flank),Geen hindernis
24879,119,Gent teller 2,Gent,51.0281795,3.7683918,0.6888680119290187,51.034037227523974,3.7651852017209837,2021,5,19,44021,Gent,Normaal,Droog,Dag,met lichtgewonden,3,Fiets,10,"één bestuurder, geen hindernis",Buiten Kruispunt,Gemeenteweg,binnen bebouwde kom,"Eén bestuurder, geen hindernis (incl. val)",Geen hindernis
24879,118,Gent teller 1,Gent,51.028049,3.7681359,0.697099621501417,51.034037227523974,3.7651852017209837,2021,5,19,44021,Gent,Normaal,Droog,Dag,met lichtgewonden,3,Fiets,10,"één bestuurder, geen hindernis",Buiten Kruispunt,Gemeenteweg,binnen bebouwde kom,"Eén bestuurder, geen hindernis (incl. val)",Geen hindernis
24881,13,Gent,Gent,51.03018,3.70146,1.156093633075766,51.03715316775427,3.7137231418243197,2021,5,18,44021,Gent,Normaal,Droog,Dag,met lichtgewonden,9,personenauto,3,Fiets,Buiten Kruispunt,Gemeenteweg,binnen bebouwde kom,Tussen 2 bestuurders: Langs achteren,Geen hindernis
24882,13,Gent,Gent,51.03018,3.70146,1.864251841719095,51.044519877520166,3.6876460166104854,2021,5,4,44021,Gent,Normaal,"Nat, plassen","Nacht, geen openbare verlichting aanwezig",met lichtgewonden,3,Fiets,11,een weggebruiker tegen een hindernis,Buiten Kruispunt,Gemeenteweg,binnen bebouwde kom,Weggebruiker tegen hindernis op de rijbaan,"Op de rijbaan: Verkeersdrempel, ezelsrug"
24884,7,Evergem 1,Evergem,51.1089,3.70317,1.2462479758610283,51.09906433240452,3.7117276822415333,2021,5,17,44021,Gent,Normaal,Droog,Dag,met lichtgewonden,9,personenauto,3,Fiets,Op Kruispunt,Gewestweg,buiten bebouwde kom,Tss. 2 best.: langs opzij (voor-/achterkant-flank),Geen hindernis
24884,6,Evergem 2,Evergem,51.10894,3.70298,1.2565472750999438,51.09906433240452,3.7117276822415333,2021,5,17,44021,Gent,Normaal,Droog,Dag,met lichtgewonden,9,personenauto,3,Fiets,Op Kruispunt,Gewestweg,buiten bebouwde kom,Tss. 2 best.: langs opzij (voor-/achterkant-flank),Geen hindernis
24885,7,Evergem 1,Evergem,51.1089,3.70317,2.374452914962441,51.088458980896654,3.7130064608174034,2021,5,16,44021,Gent,Onbekend,Onbekend,Dag,dodelijk gewonden,3,Fiets,10,"één bestuurder, geen hindernis",Buiten Kruispunt,Gemeenteweg,binnen bebouwde kom,"Eén bestuurder, geen hindernis (incl. val)",Geen hindernis
24885,6,Evergem 2,Evergem,51.10894,3.70298,2.3825756875125776,51.088458980896654,3.7130064608174034,2021,5,16,44021,Gent,Onbekend,Onbekend,Dag,dodelijk gewonden,3,Fiets,10,"één bestuurder, geen hindernis",Buiten Kruispunt,Gemeenteweg,binnen bebouwde kom,"Eén bestuurder, geen hindernis (incl. val)",Geen hindernis
24887,13,Gent,Gent,51.03018,3.70146,2.066552972806506,51.03288441979519,3.7306973223716606,2021,5,17,44021,Gent,Normaal,Onbekend,Dag,met lichtgewonden,3,Fiets,8,Voetganger,Op Kruispunt,Gemeenteweg,binnen bebouwde kom,Met een voetganger,Geen hindernis
24889,118,Gent teller 1,Gent,51.028049,3.7681359,2.254898521159378,51.03329754985323,3.736989977337512,2021,5,20,44021,Gent,Normaal,Droog,Dageraad - schemering,met lichtgewonden,3,Fiets,11,een weggebruiker tegen een hindernis,Buiten Kruispunt,Gemeenteweg,binnen bebouwde kom,Weggebruiker tegen hindernis buiten rijbaan,Buiten de rijbaan: Omheining
24889,119,Gent teller 2,Gent,51.0281795,3.7683918,2.268502022908591,51.03329754985323,3.736989977337512,2021,5,20,44021,Gent,Normaal,Droog,Dageraad - schemering,met lichtgewonden,3,Fiets,11,een weggebruiker tegen een hindernis,Buiten Kruispunt,Gemeenteweg,binnen bebouwde kom,Weggebruiker tegen hindernis buiten rijbaan,Buiten de rijbaan: Omheining
24892,119,Gent teller 2,Gent,51.0281795,3.7683918,0.1710639110702288,51.029444251963525,3.769784412623349,2021,5,17,44021,Gent,Normaal,Droog,Dag,met lichtgewonden,9,personenauto,3,Fiets,Buiten Kruispunt,Gemeenteweg,binnen bebouwde kom,Tss. 2 best.: langs opzij (voor-/achterkant-flank),Geen hindernis
24892,118,Gent teller 1,Gent,51.028049,3.7681359,0.1932899738885499,51.029444251963525,3.769784412623349,2021,5,17,44021,Gent,Normaal,Droog,Dag,met lichtgewonden,9,personenauto,3,Fiets,Buiten Kruispunt,Gemeenteweg,binnen bebouwde kom,Tss. 2 best.: langs opzij (voor-/achterkant-flank),Geen hindernis
24893,118,Gent teller 1,Gent,51.028049,3.7681359,0.4334522870121666,51.03054866105109,3.763379875968738,2021,5,16,44021,Gent,Normaal,Droog,Dag,met lichtgewonden,3,Fiets,9,personenauto,Buiten Kruispunt,Gewestweg,buiten bebouwde kom,Tss. 2 best.: langs opzij (voor-/achterkant-flank),Geen hindernis
24893,119,Gent teller 2,Gent,51.0281795,3.7683918,0.43846230426789645,51.03054866105109,3.763379875968738,2021,5,16,44021,Gent,Normaal,Droog,Dag,met lichtgewonden,3,Fiets,9,personenauto,Buiten Kruispunt,Gewestweg,buiten bebouwde kom,Tss. 2 best.: langs opzij (voor-/achterkant-flank),Geen hindernis
24895,13,Gent,Gent,51.03018,3.70146,1.7113149869708413,51.02007447832591,3.683005269798281,2021,5,7,44021,Gent,Normaal,Droog,Dag,met lichtgewonden,3,Fiets,2,Andere weggebruiker,Op Kruispunt,Gewestweg,buiten bebouwde kom,Tss. 2 best.: langs opzij (voor-/achterkant-flank),Geen hindernis
24909,116,Melle teller 2,Melle,50.9986113,3.8040599,0.4616903572189246,51.00270319000499,3.805179257537827,2021,5,22,44040,Melle,Normaal,Droog,"Nacht, openbare verlichting aanwezig en ontstoken",met lichtgewonden,3,Fiets,9,personenauto,Buiten Kruispunt,Gemeenteweg,binnen bebouwde kom,Tussen 2 bestuurders: Langs achteren,Geen hindernis
24909,117,Melle teller 1,Melle,50.9986113,3.8040599,0.4616903572189246,51.00270319000499,3.805179257537827,2021,5,22,44040,Melle,Normaal,Droog,"Nacht, openbare verlichting aanwezig en ontstoken",met lichtgewonden,3,Fiets,9,personenauto,Buiten Kruispunt,Gemeenteweg,binnen bebouwde kom,Tussen 2 bestuurders: Langs achteren,Geen hindernis
24915,115,Aalter,Aalter,51.1058367,3.4350591,1.1134034525106868,51.11550617356038,3.430916851665394,2021,5,23,44084,Aalter,Normaal,Droog,"Nacht, openbare verlichting aanwezig en ontstoken",met lichtgewonden,3,Fiets,10,"één bestuurder, geen hindernis",Buiten Kruispunt,Gemeenteweg,buiten bebouwde kom,"Eén bestuurder, geen hindernis (incl. val)",Geen hindernis
24916,113,Deinze teller 2,Deinze,50.96018,3.55578,2.289195834424093,50.95412971584371,3.5870199951185575,2021,5,12,44048,Nazareth,Normaal,Droog,Dag,met lichtgewonden,3,Fiets,9,personenauto,Buiten Kruispunt,Gemeenteweg,buiten bebouwde kom,Tss. 2 best.: langs opzij (voor-/achterkant-flank),Geen hindernis
24916,114,Deinze teller 1,Nazareth,50.9598305,3.555502,2.296794540874205,50.95412971584371,3.5870199951185575,2021,5,12,44048,Nazareth,Normaal,Droog,Dag,met lichtgewonden,3,Fiets,9,personenauto,Buiten Kruispunt,Gemeenteweg,buiten bebouwde kom,Tss. 2 best.: langs opzij (voor-/achterkant-flank),Geen hindernis
24919,6,Evergem 2,Evergem,51.10894,3.70298,2.348961146245999,51.11472294870767,3.6706167033040495,2021,4,15,44019,Evergem,Onbekend,Onbekend,Dag,met lichtgewonden,3,Fiets,2,Andere weggebruiker,Buiten Kruispunt,Gemeenteweg,buiten bebouwde kom,Tussen 2 bestuurders: Langs achteren,Geen hindernis
24919,7,Evergem 1,Evergem,51.1089,3.70317,2.362936711274371,51.11472294870767,3.6706167033040495,2021,4,15,44019,Evergem,Onbekend,Onbekend,Dag,met lichtgewonden,3,Fiets,2,Andere weggebruiker,Buiten Kruispunt,Gemeenteweg,buiten bebouwde kom,Tussen 2 bestuurders: Langs achteren,Geen hindernis
24921,6,Evergem 2,Evergem,51.10894,3.70298,0.5686576766977908,51.112043733554906,3.696505957141799,2021,5,8,44019,Evergem,Normaal,Droog,Dag,met lichtgewonden,3,Fiets,10,"één bestuurder, geen hindernis",Buiten Kruispunt,Gewestweg,binnen bebouwde kom,"Eén bestuurder, geen hindernis (incl. val)",Geen hindernis
24921,7,Evergem 1,Evergem,51.1089,3.70317,0.5819166380472269,51.112043733554906,3.696505957141799,2021,5,8,44019,Evergem,Normaal,Droog,Dag,met lichtgewonden,3,Fiets,10,"één bestuurder, geen hindernis",Buiten Kruispunt,Gewestweg,binnen bebouwde kom,"Eén bestuurder, geen hindernis (incl. val)",Geen hindernis
24923,7,Evergem 1,Evergem,51.1089,3.70317,1.2136812008497855,51.116292384252695,3.7159615299797912,2021,5,8,44019,Evergem,Normaal,Droog,Dag,met lichtgewonden,9,personenauto,3,Fiets,Op Kruispunt,Gemeenteweg,binnen bebouwde kom,Tss. 2 best.: langs opzij (voor-/achterkant-flank),Geen hindernis
24923,6,Evergem 2,Evergem,51.10894,3.70298,1.2204883319558097,51.116292384252695,3.7159615299797912,2021,5,8,44019,Evergem,Normaal,Droog,Dag,met lichtgewonden,9,personenauto,3,Fiets,Op Kruispunt,Gemeenteweg,binnen bebouwde kom,Tss. 2 best.: langs opzij (voor-/achterkant-flank),Geen hindernis
24959,141,Test site A support,Lokeren,51.08342085,3.9961071208376326,1.67363535293914,51.09641356882054,4.008204258402136,2021,5,11,46014,Lokeren,Normaal,Droog,Dag,met zwaargewonden,9,personenauto,3,Fiets,Op Kruispunt,Gewestweg,buiten bebouwde kom,Tss. 2 best.: langs opzij (voor-/achterkant-flank),Geen hindernis
24960,141,Test site A support,Lokeren,51.08342085,3.9961071208376326,1.9665998933203874,51.10097488692186,3.999541374576678,2021,5,10,46014,Lokeren,Normaal,Droog,Dag,met lichtgewonden,3,Fiets,9,personenauto,Op Kruispunt,Gewestweg,binnen bebouwde kom,Tussen 2 bestuurders: Flank tegen flank,Geen hindernis
24960,128,Lokeren teller 1,Lokeren,51.09644,3.97023,2.107963500192439,51.10097488692186,3.999541374576678,2021,5,10,46014,Lokeren,Normaal,Droog,Dag,met lichtgewonden,3,Fiets,9,personenauto,Op Kruispunt,Gewestweg,binnen bebouwde kom,Tussen 2 bestuurders: Flank tegen flank,Geen hindernis
24960,129,Lokeren teller 2,Lokeren,51.09612,3.97025,2.1154137982275993,51.10097488692186,3.999541374576678,2021,5,10,46014,Lokeren,Normaal,Droog,Dag,met lichtgewonden,3,Fiets,9,personenauto,Op Kruispunt,Gewestweg,binnen bebouwde kom,Tussen 2 bestuurders: Flank tegen flank,Geen hindernis
24961,141,Test site A support,Lokeren,51.08342085,3.9961071208376326,1.3841521396232173,51.09534795109821,3.9904341923933138,2021,5,10,46014,Lokeren,Normaal,Droog,Dag,met lichtgewonden,3,Fiets,9,personenauto,Op Kruispunt,Gewestweg,buiten bebouwde kom,Tss. 2 best.: langs opzij (voor-/achterkant-flank),Geen hindernis
24961,129,Lokeren teller 2,Lokeren,51.09612,3.97025,1.4121295411468615,51.09534795109821,3.9904341923933138,2021,5,10,46014,Lokeren,Normaal,Droog,Dag,met lichtgewonden,3,Fiets,9,personenauto,Op Kruispunt,Gewestweg,buiten bebouwde kom,Tss. 2 best.: langs opzij (voor-/achterkant-flank),Geen hindernis
24961,128,Lokeren teller 1,Lokeren,51.09644,3.97023,1.4161252367149937,51.09534795109821,3.9904341923933138,2021,5,10,46014,Lokeren,Normaal,Droog,Dag,met lichtgewonden,3,Fiets,9,personenauto,Op Kruispunt,Gewestweg,buiten bebouwde kom,Tss. 2 best.: langs opzij (voor-/achterkant-flank),Geen hindernis
24962,128,Lokeren teller 1,Lokeren,51.09644,3.97023,1.828303542897052,51.111832039396745,3.9610211081227904,2021,5,12,46014,Lokeren,Normaal,Droog,Dag,met lichtgewonden,3,Fiets,9,personenauto,Op Kruispunt,Gewestweg,buiten bebouwde kom,Tss. 2 best.: langs opzij (voor-/achterkant-flank),Geen hindernis
24962,129,Lokeren teller 2,Lokeren,51.09612,3.97025,1.8621385856058272,51.111832039396745,3.9610211081227904,2021,5,12,46014,Lokeren,Normaal,Droog,Dag,met lichtgewonden,3,Fiets,9,personenauto,Op Kruispunt,Gewestweg,buiten bebouwde kom,Tss. 2 best.: langs opzij (voor-/achterkant-flank),Geen hindernis
24963,141,Test site A support,Lokeren,51.08342085,3.9961071208376326,1.653621617676687,51.095154415424645,4.010653665712041,2021,5,10,46014,Lokeren,Regenval,"Nat, plassen",Dag,met lichtgewonden,9,personenauto,3,Fiets,Buiten Kruispunt,Gewestweg,buiten bebouwde kom,Tss. 2 best.: langs opzij (voor-/achterkant-flank),Geen hindernis
24964,128,Lokeren teller 1,Lokeren,51.09644,3.97023,1.3765842518376665,51.10873713653973,3.9725061854413557,2021,5,8,46014,Lokeren,Normaal,Droog,Dag,met lichtgewonden,9,personenauto,3,Fiets,Op Kruispunt,Gemeenteweg,binnen bebouwde kom,Tss. 2 best.: langs opzij (voor-/achterkant-flank),Geen hindernis
24964,129,Lokeren teller 2,Lokeren,51.09612,3.97025,1.4117782266234806,51.10873713653973,3.9725061854413557,2021,5,8,46014,Lokeren,Normaal,Droog,Dag,met lichtgewonden,9,personenauto,3,Fiets,Op Kruispunt,Gemeenteweg,binnen bebouwde kom,Tss. 2 best.: langs opzij (voor-/achterkant-flank),Geen hindernis
24965,141,Test site A support,Lokeren,51.08342085,3.9961071208376326,1.4393282627620625,51.09623192457763,3.9931591876925854,2021,5,16,46014,Lokeren,Normaal,Droog,Dag,met lichtgewonden,9,personenauto,3,Fiets,Op Kruispunt,Gewestweg,binnen bebouwde kom,Tss. 2 best.: langs opzij (voor-/achterkant-flank),Geen hindernis
24965,129,Lokeren teller 2,Lokeren,51.09612,3.97025,1.5998446664187123,51.09623192457763,3.9931591876925854,2021,5,16,46014,Lokeren,Normaal,Droog,Dag,met lichtgewonden,9,personenauto,3,Fiets,Op Kruispunt,Gewestweg,binnen bebouwde kom,Tss. 2 best.: langs opzij (voor-/achterkant-flank),Geen hindernis
24965,128,Lokeren teller 1,Lokeren,51.09644,3.97023,1.6013545130397004,51.09623192457763,3.9931591876925854,2021,5,16,46014,Lokeren,Normaal,Droog,Dag,met lichtgewonden,9,personenauto,3,Fiets,Op Kruispunt,Gewestweg,binnen bebouwde kom,Tss. 2 best.: langs opzij (voor-/achterkant-flank),Geen hindernis
24966,141,Test site A support,Lokeren,51.08342085,3.9961071208376326,1.4024407376738899,51.095549955354684,3.9906014494750575,2021,5,6,46014,Lokeren,Normaal,Droog,Dag,met lichtgewonden,5,Lichte vrachtauto,3,Fiets,Op Kruispunt,Gewestweg,binnen bebouwde kom,Tss. 2 best.: langs opzij (voor-/achterkant-flank),Geen hindernis
24966,129,Lokeren teller 2,Lokeren,51.09612,3.97025,1.4226073815247458,51.095549955354684,3.9906014494750575,2021,5,6,46014,Lokeren,Normaal,Droog,Dag,met lichtgewonden,5,Lichte vrachtauto,3,Fiets,Op Kruispunt,Gewestweg,binnen bebouwde kom,Tss. 2 best.: langs opzij (voor-/achterkant-flank),Geen hindernis
24966,128,Lokeren teller 1,Lokeren,51.09644,3.97023,1.4260247174310239,51.095549955354684,3.9906014494750575,2021,5,6,46014,Lokeren,Normaal,Droog,Dag,met lichtgewonden,5,Lichte vrachtauto,3,Fiets,Op Kruispunt,Gewestweg,binnen bebouwde kom,Tss. 2 best.: langs opzij (voor-/achterkant-flank),Geen hindernis