crash_row_id,site_id,site_name,site_gemeente,site_lat,site_long,distance_km,crash_lat,crash_long,DT_YEAR_COLLISION,DT_MONTH_COLLISION,DT_TIME,CD_NIS,TX_MUNTY_COLLISION_NL,TX_WEATHER_NL,TX_ROAD_CONDITION_NL,TX_LIGHT_CONDITION_NL,TX_CLASS_ACCIDENTS_NL,CD_ROAD_USR_TYPE1,TX_ROAD_USR_TYPE1_NL,CD_ROAD_USR_TYPE2,TX_ROAD_USR_TYPE2_NL,TX_CROSSWAY_NL,CD_ROAD_TYPE_NL,TX_BUILD_UP_AREA_NL,TX_COLLISION_TYPE_NL,TX_OBSTACLES_NL
24967,126,Hamme totem,Hamme,51.1017709,4.1469307,1.5824731745466196,51.0890107815757,4.15696537568203,2021,5,15,42008,Hamme,Regenval,"Nat, plassen",Dag,met lichtgewonden,3,Fiets,9,personenauto,Buiten Kruispunt,Gemeenteweg,binnen bebouwde kom,Tussen 2 bestuurders: Langs achteren,Geen hindernis
24968,126,Hamme totem,Hamme,51.1017709,4.1469307,0.9459763840766943,51.10970219159592,4.142029597009757,2021,5,13,46025,Temse,Normaal,Droog,Dag,met lichtgewonden,3,Fiets,6,Bromfiets,Buiten Kruispunt,Gewestweg,buiten bebouwde kom,Tussen 2 bestuurders: Flank tegen flank,Geen hindernis
24970,126,Hamme totem,Hamme,51.1017709,4.1469307,1.9577870422728025,51.09746538862637,4.119744198522227,2021,5,18,42008,Hamme,Regenval,"Nat, plassen",Dag,met lichtgewonden,3,Fiets,9,personenauto,Buiten Kruispunt,Gemeenteweg,binnen bebouwde kom,Tussen 2 bestuurders: Flank tegen flank,Geen hindernis
24971,126,Hamme totem,Hamme,51.1017709,4.1469307,1.236992674045893,51.09272095911612,4.136629007296285,2021,5,6,42008,Hamme,Normaal,"Nat, plassen",Dag,met lichtgewonden,3,Fiets,9,personenauto,Op Kruispunt,Gewestweg,binnen bebouwde kom,Tss. 2 best.: langs opzij (voor-/achterkant-flank),Geen hindernis
24974,121,Zele teller 2,Zele,51.0604067,4.0556696,1.3249484219170522,51.04849757857291,4.055047124685075,2021,5,16,42028,Zele,Normaal,Droog,Dag,met zwaargewonden,3,Fiets,10,"één bestuurder, geen hindernis",Buiten Kruispunt,Gemeenteweg,buiten bebouwde kom,"Eén bestuurder, geen hindernis (incl. val)",Geen hindernis
24974,120,Zele teller 1,Zele,51.0607671,4.0547741,1.3644419884933374,51.04849757857291,4.055047124685075,2021,5,16,42028,Zele,Normaal,Droog,Dag,met zwaargewonden,3,Fiets,10,"één bestuurder, geen hindernis",Buiten Kruispunt,Gemeenteweg,buiten bebouwde kom,"Eén bestuurder, geen hindernis (incl. val)",Geen hindernis
24975,120,Zele teller 1,Zele,51.0607671,4.0547741,1.820141677032976,51.07411690093438,4.039700534081079,2021,5,16,42028,Zele,Onbekend,"Vuil (zand, grint, bladeren,...)",Dag,met lichtgewonden,3,Fiets,10,"één bestuurder, geen hindernis",Buiten Kruispunt,Gemeenteweg,binnen bebouwde kom,"Eén bestuurder, geen hindernis (incl. val)",Geen hindernis
24975,121,Zele teller 2,Zele,51.0604067,4.0556696,1.8892423685553965,51.07411690093438,4.039700534081079,2021,5,16,42028,Zele,Onbekend,"Vuil (zand, grint, bladeren,...)",Dag,met lichtgewonden,3,Fiets,10,"één bestuurder, geen hindernis",Buiten Kruispunt,Gemeenteweg,binnen bebouwde kom,"Eén bestuurder, geen hindernis (incl. val)",Geen hindernis
24976,120,Zele teller 1,Zele,51.0607671,4.0547741,2.3200311330275385,51.07116845203042,4.025992570336723,2021,5,18,42028,Zele,Normaal,Droog,Dag,met lichtgewonden,9,personenauto,3,Fiets,Buiten Kruispunt,Gemeenteweg,binnen bebouwde kom,Tss. 2 best.: langs opzij (voor-/achterkant-flank),Geen hindernis
24976,121,Zele teller 2,Zele,51.0604067,4.0556696,2.39426407020416,51.07116845203042,4.025992570336723,2021,5,18,42028,Zele,Normaal,Droog,Dag,met lichtgewonden,9,personenauto,3,Fiets,Buiten Kruispunt,Gemeenteweg,binnen bebouwde kom,Tss. 2 best.: langs opzij (voor-/achterkant-flank),Geen hindernis
24976,141,Test site A support,Lokeren,51.08342085,3.9961071208376326,2.493013907903887,51.07116845203042,4.025992570336723,2021,5,18,42028,Zele,Normaal,Droog,Dag,met lichtgewonden,9,personenauto,3,Fiets,Buiten Kruispunt,Gemeenteweg,binnen bebouwde kom,Tss. 2 best.: langs opzij (voor-/achterkant-flank),Geen hindernis
24978,152,Opwijk,District Vilvoorde-gewestwegen,50.968901168564656,4.149169474840164,1.6149040814644824,50.98242422091099,4.140758123507371,2021,5,10,42011,Lebbeke,Normaal,Droog,Dag,met zwaargewonden,5,Lichte vrachtauto,3,Fiets,Op Kruispunt,Gewestweg,buiten bebouwde kom,Tussen 2 bestuurders: Frontale botsing,Geen hindernis
24995,152,Opwijk,District Vilvoorde-gewestwegen,50.968901168564656,4.149169474840164,2.2369447814938246,50.95791893007751,4.122407417696857,2021,5,11,41002,Aalst,Normaal,Droog,Dag,met lichtgewonden,3,Fiets,11,een weggebruiker tegen een hindernis,Buiten Kruispunt,Gemeenteweg,binnen bebouwde kom,Weggebruiker tegen hindernis op de rijbaan,Op de rijbaan: Dier (wild dier)
24997,10,Aalst 2,Aalst,50.93549,4.01571,1.635906541778474,50.93887355317867,4.038430290163047,2021,5,20,41002,Aalst,Regenval,"Nat, plassen","Nacht, openbare verlichting aanwezig en ontstoken",met lichtgewonden,3,Fiets,3,Fiets,Op Kruispunt,Gemeenteweg,binnen bebouwde kom,Tussen 2 bestuurders: Frontale botsing,Geen hindernis
24997,11,Aalst 3,Aalst,50.93385,4.01647,1.6370754217207066,50.93887355317867,4.038430290163047,2021,5,20,41002,Aalst,Regenval,"Nat, plassen","Nacht, openbare verlichting aanwezig en ontstoken",met lichtgewonden,3,Fiets,3,Fiets,Op Kruispunt,Gemeenteweg,binnen bebouwde kom,Tussen 2 bestuurders: Frontale botsing,Geen hindernis
24997,19,Aalst 1,Aalst,50.93433,4.01471,1.7372337901539858,50.93887355317867,4.038430290163047,2021,5,20,41002,Aalst,Regenval,"Nat, plassen","Nacht, openbare verlichting aanwezig en ontstoken",met lichtgewonden,3,Fiets,3,Fiets,Op Kruispunt,Gemeenteweg,binnen bebouwde kom,Tussen 2 bestuurders: Frontale botsing,Geen hindernis
24998,11,Aalst 3,Aalst,50.93385,4.01647,1.1661396328927336,50.93176859287435,4.03277944637406,2021,5,14,41002,Aalst,Normaal,Droog,Dag,met lichtgewonden,9,personenauto,3,Fiets,Op Kruispunt,Gemeenteweg,binnen bebouwde kom,Tss. 2 best.: langs opzij (voor-/achterkant-flank),Geen hindernis
24998,10,Aalst 2,Aalst,50.93549,4.01571,1.2657328384206885,50.93176859287435,4.03277944637406,2021,5,14,41002,Aalst,Normaal,Droog,Dag,met lichtgewonden,9,personenauto,3,Fiets,Op Kruispunt,Gemeenteweg,binnen bebouwde kom,Tss. 2 best.: langs opzij (voor-/achterkant-flank),Geen hindernis
24998,19,Aalst 1,Aalst,50.93433,4.01471,1.2979093630311418,50.93176859287435,4.03277944637406,2021,5,14,41002,Aalst,Normaal,Droog,Dag,met lichtgewonden,9,personenauto,3,Fiets,Op Kruispunt,Gemeenteweg,binnen bebouwde kom,Tss. 2 best.: langs opzij (voor-/achterkant-flank),Geen hindernis
24999,10,Aalst 2,Aalst,50.93549,4.01571,0.5270886006562951,50.93881968081029,4.021063867031828,2021,5,17,41002,Aalst,Normaal,Droog,Dag,met lichtgewonden,9,personenauto,3,Fiets,Buiten Kruispunt,Gewestweg,binnen bebouwde kom,Tussen 2 bestuurders: Langs achteren,Geen hindernis
24999,11,Aalst 3,Aalst,50.93385,4.01647,0.6395268012690746,50.93881968081029,4.021063867031828,2021,5,17,41002,Aalst,Normaal,Droog,Dag,met lichtgewonden,9,personenauto,3,Fiets,Buiten Kruispunt,Gewestweg,binnen bebouwde kom,Tussen 2 bestuurders: Langs achteren,Geen hindernis
24999,19,Aalst 1,Aalst,50.93433,4.01471,0.6689269464017472,50.93881968081029,4.021063867031828,2021,5,17,41002,Aalst,Normaal,Droog,Dag,met lichtgewonden,9,personenauto,3,Fiets,Buiten Kruispunt,Gewestweg,binnen bebouwde kom,Tussen 2 bestuurders: Langs achteren,Geen hindernis
25001,10,Aalst 2,Aalst,50.93549,4.01571,1.5450589873875589,50.940521934667736,4.036263341750001,2021,5,16,41002,Aalst,Onbekend,Droog,Dag,met lichtgewonden,3,Fiets,11,een weggebruiker tegen een hindernis,Buiten Kruispunt,Gemeenteweg,binnen bebouwde kom,Weggebruiker tegen hindernis buiten rijbaan,Buiten de rijbaan: Andere paal
25001,11,Aalst 3,Aalst,50.93385,4.01647,1.5729098201017833,50.940521934667736,4.036263341750001,2021,5,16,41002,Aalst,Onbekend,Droog,Dag,met lichtgewonden,3,Fiets,11,een weggebruiker tegen een hindernis,Buiten Kruispunt,Gemeenteweg,binnen bebouwde kom,Weggebruiker tegen hindernis buiten rijbaan,Buiten de rijbaan: Andere paal
25001,19,Aalst 1,Aalst,50.93433,4.01471,1.659814251992753,50.940521934667736,4.036263341750001,2021,5,16,41002,Aalst,Onbekend,Droog,Dag,met lichtgewonden,3,Fiets,11,een weggebruiker tegen een hindernis,Buiten Kruispunt,Gemeenteweg,binnen bebouwde kom,Weggebruiker tegen hindernis buiten rijbaan,Buiten de rijbaan: Andere paal
25006,122,Dendermonde teller 2,Dendermonde,51.0373918,4.1019222,1.253829215791374,51.03199244007949,4.086180445417184,2021,5,23,42006,Dendermonde,Normaal,Droog,"Nacht, openbare verlichting aanwezig en ontstoken",met lichtgewonden,3,Fiets,10,"één bestuurder, geen hindernis",Buiten Kruispunt,Gewestweg,binnen bebouwde kom,"Eén bestuurder, geen hindernis (incl. val)",Geen hindernis
25006,125,Dendermonde totem,Dendermonde,51.0372706,4.1025998,1.2894354955806768,51.03199244007949,4.086180445417184,2021,5,23,42006,Dendermonde,Normaal,Droog,"Nacht, openbare verlichting aanwezig en ontstoken",met lichtgewonden,3,Fiets,10,"één bestuurder, geen hindernis",Buiten Kruispunt,Gewestweg,binnen bebouwde kom,"Eén bestuurder, geen hindernis (incl. val)",Geen hindernis
25007,122,Dendermonde teller 2,Dendermonde,51.0373918,4.1019222,1.2794243389352578,51.04788299244726,4.094407107940399,2021,5,12,42006,Dendermonde,Normaal,Droog,Dag,met lichtgewonden,3,Fiets,10,"één bestuurder, geen hindernis",Buiten Kruispunt,Gemeenteweg,binnen bebouwde kom,"Eén bestuurder, geen hindernis (incl. val)",Geen hindernis
25007,125,Dendermonde totem,Dendermonde,51.0372706,4.1025998,1.3117073945907085,51.04788299244726,4.094407107940399,2021,5,12,42006,Dendermonde,Normaal,Droog,Dag,met lichtgewonden,3,Fiets,10,"één bestuurder, geen hindernis",Buiten Kruispunt,Gemeenteweg,binnen bebouwde kom,"Eén bestuurder, geen hindernis (incl. val)",Geen hindernis
25008,125,Dendermonde totem,Dendermonde,51.0372706,4.1025998,0.6106551888379664,51.03373119828096,4.109277262729965,2021,5,17,42006,Dendermonde,Normaal,Droog,Dag,met lichtgewonden,9,personenauto,3,Fiets,Buiten Kruispunt,Gewestweg,binnen bebouwde kom,Tussen 2 bestuurders: Flank tegen flank,Geen hindernis
25008,122,Dendermonde teller 2,Dendermonde,51.0373918,4.1019222,0.6558799243777479,51.03373119828096,4.109277262729965,2021,5,17,42006,Dendermonde,Normaal,Droog,Dag,met lichtgewonden,9,personenauto,3,Fiets,Buiten Kruispunt,Gewestweg,binnen bebouwde kom,Tussen 2 bestuurders: Flank tegen flank,Geen hindernis
25009,54,Brugge teller 2,Brugge,51.23015,3.22818,2.29473031288917,51.212833909882654,3.210254875620811,2021,5,11,31005,Brugge,Normaal,"Nat, plassen",Dag,met lichtgewonden,3,Fiets,9,personenauto,Buiten Kruispunt,Gemeenteweg,binnen bebouwde kom,Tss. 2 best.: langs opzij (voor-/achterkant-flank),Geen hindernis
25009,53,Brugge teller 1,Brugge,51.23023,3.228,2.295425705319315,51.212833909882654,3.210254875620811,2021,5,11,31005,Brugge,Normaal,"Nat, plassen",Dag,met lichtgewonden,3,Fiets,9,personenauto,Buiten Kruispunt,Gemeenteweg,binnen bebouwde kom,Tss. 2 best.: langs opzij (voor-/achterkant-flank),Geen hindernis
25010,142,TEST Validatie BRUGGE Y2H22022134,Brugge,51.22632,3.24095,0.9100886745118026,51.2184414006743,3.2374099232474944,2021,5,16,31005,Brugge,Normaal,Droog,Dag,met lichtgewonden,9,personenauto,3,Fiets,Op Kruispunt,Gemeenteweg,binnen bebouwde kom,Tss. 2 best.: langs opzij (voor-/achterkant-flank),Geen hindernis
25010,52,Brugge,Brugge,51.22632,3.24095,0.9100886745118026,51.2184414006743,3.2374099232474944,2021,5,16,31005,Brugge,Normaal,Droog,Dag,met lichtgewonden,9,personenauto,3,Fiets,Op Kruispunt,Gemeenteweg,binnen bebouwde kom,Tss. 2 best.: langs opzij (voor-/achterkant-flank),Geen hindernis
25010,54,Brugge teller 2,Brugge,51.23015,3.22818,1.4519560425511848,51.2184414006743,3.2374099232474944,2021,5,16,31005,Brugge,Normaal,Droog,Dag,met lichtgewonden,9,personenauto,3,Fiets,Op Kruispunt,Gemeenteweg,binnen bebouwde kom,Tss. 2 best.: langs opzij (voor-/achterkant-flank),Geen hindernis
25010,53,Brugge teller 1,Brugge,51.23023,3.228,1.4654994624316091,51.2184414006743,3.2374099232474944,2021,5,16,31005,Brugge,Normaal,Droog,Dag,met lichtgewonden,9,personenauto,3,Fiets,Op Kruispunt,Gemeenteweg,binnen bebouwde kom,Tss. 2 best.: langs opzij (voor-/achterkant-flank),Geen hindernis
25011,142,TEST Validatie BRUGGE Y2H22022134,Brugge,51.22632,3.24095,0.9863889727714991,51.231277639073156,3.2526970737241023,2021,5,19,31005,Brugge,Normaal,Droog,Dag,met lichtgewonden,8,Voetganger,3,Fiets,Buiten Kruispunt,Gewestweg,buiten bebouwde kom,Met een voetganger,Geen hindernis
25011,52,Brugge,Brugge,51.22632,3.24095,0.9863889727714991,51.231277639073156,3.2526970737241023,2021,5,19,31005,Brugge,Normaal,Droog,Dag,met lichtgewonden,8,Voetganger,3,Fiets,Buiten Kruispunt,Gewestweg,buiten bebouwde kom,Met een voetganger,Geen hindernis
25011,54,Brugge teller 2,Brugge,51.23015,3.22818,1.7116907245544999,51.231277639073156,3.2526970737241023,2021,5,19,31005,Brugge,Normaal,Droog,Dag,met lichtgewonden,8,Voetganger,3,Fiets,Buiten Kruispunt,Gewestweg,buiten bebouwde kom,Met een voetganger,Geen hindernis
25011,53,Brugge teller 1,Brugge,51.23023,3.228,1.7235648943364699,51.231277639073156,3.2526970737241023,2021,5,19,31005,Brugge,Normaal,Droog,Dag,met lichtgewonden,8,Voetganger,3,Fiets,Buiten Kruispunt,Gewestweg,buiten bebouwde kom,Met een voetganger,Geen hindernis
25012,20,Brugge,Brugge,51.17416,3.20048,1.949183312477209,51.190132742257816,3.2120006097537934,2021,5,9,31005,Brugge,Normaal,Droog,Dag,met lichtgewonden,9,personenauto,3,Fiets,Buiten Kruispunt,Gemeenteweg,binnen bebouwde kom,Tussen 2 bestuurders: Frontale botsing,Geen hindernis
25016,20,Brugge,Brugge,51.17416,3.20048,2.12897681199214,51.1931211073026,3.1962413602116126,2021,5,14,31005,Brugge,Regenval,"Nat, plassen",Dag,met lichtgewonden,3,Fiets,9,personenauto,Buiten Kruispunt,Gemeenteweg,binnen bebouwde kom,Tussen 2 bestuurders: Flank tegen flank,Geen hindernis
25016,50,"Brugge, Sint-Andries",Brugge,51.19291,3.16252,2.3500147619453466,51.1931211073026,3.1962413602116126,2021,5,14,31005,Brugge,Regenval,"Nat, plassen",Dag,met lichtgewonden,3,Fiets,9,personenauto,Buiten Kruispunt,Gemeenteweg,binnen bebouwde kom,Tussen 2 bestuurders: Flank tegen flank,Geen hindernis
25016,51,"Brugge, Sint-Andries",Brugge,51.19281,3.16252,2.350154685904218,51.1931211073026,3.1962413602116126,2021,5,14,31005,Brugge,Regenval,"Nat, plassen",Dag,met lichtgewonden,3,Fiets,9,personenauto,Buiten Kruispunt,Gemeenteweg,binnen bebouwde kom,Tussen 2 bestuurders: Flank tegen flank,Geen hindernis
25017,53,Brugge teller 1,Brugge,51.23023,3.228,1.9240775371066199,51.21639490605165,3.2114059880078267,2021,5,8,31005,Brugge,Normaal,Droog,Dag,met lichtgewonden,3,Fiets,3,Fiets,Buiten Kruispunt,Gemeenteweg,binnen bebouwde kom,Tss. 2 best.: langs opzij (voor-/achterkant-flank),Geen hindernis
25017,54,Brugge teller 2,Brugge,51.23015,3.22818,1.9245556947025015,51.21639490605165,3.2114059880078267,2021,5,8,31005,Brugge,Normaal,Droog,Dag,met lichtgewonden,3,Fiets,3,Fiets,Buiten Kruispunt,Gemeenteweg,binnen bebouwde kom,Tss. 2 best.: langs opzij (voor-/achterkant-flank),Geen hindernis
25017,52,Brugge,Brugge,51.22632,3.24095,2.3348242938028667,51.21639490605165,3.2114059880078267,2021,5,8,31005,Brugge,Normaal,Droog,Dag,met lichtgewonden,3,Fiets,3,Fiets,Buiten Kruispunt,Gemeenteweg,binnen bebouwde kom,Tss. 2 best.: langs opzij (voor-/achterkant-flank),Geen hindernis
25017,142,TEST Validatie BRUGGE Y2H22022134,Brugge,51.22632,3.24095,2.3348242938028667,51.21639490605165,3.2114059880078267,2021,5,8,31005,Brugge,Normaal,Droog,Dag,met lichtgewonden,3,Fiets,3,Fiets,Buiten Kruispunt,Gemeenteweg,binnen bebouwde kom,Tss. 2 best.: langs opzij (voor-/achterkant-flank),Geen hindernis
25018,142,TEST Validatie BRUGGE Y2H22022134,Brugge,51.22632,3.24095,1.5514541857597637,51.21420498790386,3.252000146444509,2021,5,14,31005,Brugge,Normaal,Droog,Dag,met lichtgewonden,9,personenauto,3,Fiets,Buiten Kruispunt,Gemeenteweg,binnen bebouwde kom,Tussen 2 bestuurders: Flank tegen flank,Geen hindernis
25018,52,Brugge,Brugge,51.22632,3.24095,1.5514541857597637,51.21420498790386,3.252000146444509,2021,5,14,31005,Brugge,Normaal,Droog,Dag,met lichtgewonden,9,personenauto,3,Fiets,Buiten Kruispunt,Gemeenteweg,binnen bebouwde kom,Tussen 2 bestuurders: Flank tegen flank,Geen hindernis
25018,54,Brugge teller 2,Brugge,51.23015,3.22818,2.4280457110763587,51.21420498790386,3.252000146444509,2021,5,14,31005,Brugge,Normaal,Droog,Dag,met lichtgewonden,9,personenauto,3,Fiets,Buiten Kruispunt,Gemeenteweg,binnen bebouwde kom,Tussen 2 bestuurders: Flank tegen flank,Geen hindernis
25018,53,Brugge teller 1,Brugge,51.23023,3.228,2.443106798847023,51.21420498790386,3.252000146444509,2021,5,14,31005,Brugge,Normaal,Droog,Dag,met lichtgewonden,9,personenauto,3,Fiets,Buiten Kruispunt,Gemeenteweg,binnen bebouwde kom,Tussen 2 bestuurders: Flank tegen flank,Geen hindernis
25021,54,Brugge teller 2,Brugge,51.23015,3.22818,2.380945541765187,51.21168668963937,3.210865932088331,2021,5,16,31005,Brugge,Normaal,Droog,Dag,met lichtgewonden,9,personenauto,3,Fiets,Buiten Kruispunt,Gemeenteweg,binnen bebouwde kom,Tussen 2 bestuurders: Flank tegen flank,Geen hindernis
25021,53,Brugge teller 1,Brugge,51.23023,3.228,2.382315999913524,51.21168668963937,3.210865932088331,2021,5,16,31005,Brugge,Normaal,Droog,Dag,met lichtgewonden,9,personenauto,3,Fiets,Buiten Kruispunt,Gemeenteweg,binnen bebouwde kom,Tussen 2 bestuurders: Flank tegen flank,Geen hindernis
25022,142,TEST Validatie BRUGGE Y2H22022134,Brugge,51.22632,3.24095,1.7131753413070308,51.21094502500456,3.2425340781912864,2021,5,10,31005,Brugge,Normaal,Droog+Proper,Dag,met lichtgewonden,3,Fiets,9,personenauto,Op Kruispunt,Gewestweg,binnen bebouwde kom,Tss. 2 best.: langs opzij (voor-/achterkant-flank),Geen hindernis
25022,52,Brugge,Brugge,51.22632,3.24095,1.7131753413070308,51.21094502500456,3.2425340781912864,2021,5,10,31005,Brugge,Normaal,Droog+Proper,Dag,met lichtgewonden,3,Fiets,9,personenauto,Op Kruispunt,Gewestweg,binnen bebouwde kom,Tss. 2 best.: langs opzij (voor-/achterkant-flank),Geen hindernis
25022,54,Brugge teller 2,Brugge,51.23015,3.22818,2.3579006592612513,51.21094502500456,3.2425340781912864,2021,5,10,31005,Brugge,Normaal,Droog+Proper,Dag,met lichtgewonden,3,Fiets,9,personenauto,Op Kruispunt,Gewestweg,binnen bebouwde kom,Tss. 2 best.: langs opzij (voor-/achterkant-flank),Geen hindernis
25022,53,Brugge teller 1,Brugge,51.23023,3.228,2.3712837845821837,51.21094502500456,3.2425340781912864,2021,5,10,31005,Brugge,Normaal,Droog+Proper,Dag,met lichtgewonden,3,Fiets,9,personenauto,Op Kruispunt,Gewestweg,binnen bebouwde kom,Tss. 2 best.: langs opzij (voor-/achterkant-flank),Geen hindernis
25023,54,Brugge teller 2,Brugge,51.23015,3.22818,2.073352960744952,51.21262992604779,3.2179908859051154,2021,5,19,31005,Brugge,Normaal,Droog,Dag,met lichtgewonden,9,personenauto,3,Fiets,Op Kruispunt,Gemeenteweg,binnen bebouwde kom,Tss. 2 best.: langs opzij (voor-/achterkant-flank),Geen hindernis
25023,53,Brugge teller 1,Brugge,51.23023,3.228,2.077473725545744,51.21262992604779,3.2179908859051154,2021,5,19,31005,Brugge,Normaal,Droog,Dag,met lichtgewonden,9,personenauto,3,Fiets,Op Kruispunt,Gemeenteweg,binnen bebouwde kom,Tss. 2 best.: langs opzij (voor-/achterkant-flank),Geen hindernis
25023,52,Brugge,Brugge,51.22632,3.24095,2.2077384014494186,51.21262992604779,3.2179908859051154,2021,5,19,31005,Brugge,Normaal,Droog,Dag,met lichtgewonden,9,personenauto,3,Fiets,Op Kruispunt,Gemeenteweg,binnen bebouwde kom,Tss. 2 best.: langs opzij (voor-/achterkant-flank),Geen hindernis
25023,142,TEST Validatie BRUGGE Y2H22022134,Brugge,51.22632,3.24095,2.2077384014494186,51.21262992604779,3.2179908859051154,2021,5,19,31005,Brugge,Normaal,Droog,Dag,met lichtgewonden,9,personenauto,3,Fiets,Op Kruispunt,Gemeenteweg,binnen bebouwde kom,Tss. 2 best.: langs opzij (voor-/achterkant-flank),Geen hindernis
25024,50,"Brugge, Sint-Andries",Brugge,51.19291,3.16252,2.3983057111240114,51.20215424026358,3.193617740401635,2021,5,10,31005,Brugge,Regenval,"Nat, plassen",Dag,met lichtgewonden,3,Fiets,3,Fiets,Op Kruispunt,Gemeenteweg,binnen bebouwde kom,Tss. 2 best.: langs opzij (voor-/achterkant-flank),Geen hindernis
25024,51,"Brugge, Sint-Andries",Brugge,51.19281,3.16252,2.403094640431177,51.20215424026358,3.193617740401635,2021,5,10,31005,Brugge,Regenval,"Nat, plassen",Dag,met lichtgewonden,3,Fiets,3,Fiets,Op Kruispunt,Gemeenteweg,binnen bebouwde kom,Tss. 2 best.: langs opzij (voor-/achterkant-flank),Geen hindernis
25026,142,TEST Validatie BRUGGE Y2H22022134,Brugge,51.22632,3.24095,1.536473778914196,51.21407656851549,3.2511771369650497,2021,5,15,31005,Brugge,Normaal,Droog+Proper,Dag,Met doden,3,Fiets,10,"één bestuurder, geen hindernis",Buiten Kruispunt,Gemeenteweg,binnen bebouwde kom,"Eén bestuurder, geen hindernis (incl. val)",Geen hindernis
25026,52,Brugge,Brugge,51.22632,3.24095,1.536473778914196,51.21407656851549,3.2511771369650497,2021,5,15,31005,Brugge,Normaal,Droog+Proper,Dag,Met doden,3,Fiets,10,"één bestuurder, geen hindernis",Buiten Kruispunt,Gemeenteweg,binnen bebouwde kom,"Eén bestuurder, geen hindernis (incl. val)",Geen hindernis
25026,54,Brugge teller 2,Brugge,51.23015,3.22818,2.399870546939858,51.21407656851549,3.2511771369650497,2021,5,15,31005,Brugge,Normaal,Droog+Proper,Dag,Met doden,3,Fiets,10,"één bestuurder, geen hindernis",Buiten Kruispunt,Gemeenteweg,binnen bebouwde kom,"Eén bestuurder, geen hindernis (incl. val)",Geen hindernis
25026,53,Brugge teller 1,Brugge,51.23023,3.228,2.414862527575659,51.21407656851549,3.2511771369650497,2021,5,15,31005,Brugge,Normaal,Droog+Proper,Dag,Met doden,3,Fiets,10,"één bestuurder, geen hindernis",Buiten Kruispunt,Gemeenteweg,binnen bebouwde kom,"Eén bestuurder, geen hindernis (incl. val)",Geen hindernis
25043,18,Oostende 1,Oostende,51.21378,2.92765,2.2928611793004614,51.23082038757073,2.946189188078615,2021,5,9,35013,Oostende,Normaal,Droog,Dag,met lichtgewonden,9,personenauto,3,Fiets,Op Kruispunt,Gemeenteweg,binnen bebouwde kom,Tss. 2 best.: langs opzij (voor-/achterkant-flank),Geen hindernis
25043,15,Oostende 2,Oostende,51.21371,2.92743,2.307936160840049,51.23082038757073,2.946189188078615,2021,5,9,35013,Oostende,Normaal,Droog,Dag,met lichtgewonden,9,personenauto,3,Fiets,Op Kruispunt,Gemeenteweg,binnen bebouwde kom,Tss. 2 best.: langs opzij (voor-/achterkant-flank),Geen hindernis
25044,18,Oostende 1,Oostende,51.21378,2.92765,2.320027170239921,51.2331315604064,2.9151951187165333,2021,5,11,35013,Oostende,Normaal,Droog,Dag,met lichtgewonden,3,Fiets,9,personenauto,Buiten Kruispunt,Gewestweg,binnen bebouwde kom,Tss. 2 best.: langs opzij (voor-/achterkant-flank),Geen hindernis
25044,15,Oostende 2,Oostende,51.21371,2.92743,2.3215820284206714,51.2331315604064,2.9151951187165333,2021,5,11,35013,Oostende,Normaal,Droog,Dag,met lichtgewonden,3,Fiets,9,personenauto,Buiten Kruispunt,Gewestweg,binnen bebouwde kom,Tss. 2 best.: langs opzij (voor-/achterkant-flank),Geen hindernis
25045,15,Oostende 2,Oostende,51.21371,2.92743,1.58589282355335,51.2214689994596,2.9083244199288796,2021,5,17,35013,Oostende,Normaal,Droog,Dag,met lichtgewonden,3,Fiets,3,Fiets,Op Kruispunt,Gewestweg,binnen bebouwde kom,Tussen 2 bestuurders: Frontale botsing,Geen hindernis
25045,18,Oostende 1,Oostende,51.21378,2.92765,1.594583601256725,51.2214689994596,2.9083244199288796,2021,5,17,35013,Oostende,Normaal,Droog,Dag,met lichtgewonden,3,Fiets,3,Fiets,Op Kruispunt,Gewestweg,binnen bebouwde kom,Tussen 2 bestuurders: Frontale botsing,Geen hindernis
25046,15,Oostende 2,Oostende,51.21371,2.92743,1.6827782481841036,51.208297531548396,2.90487031034616,2021,5,13,35013,Oostende,Normaal,Droog,Dag,met zwaargewonden,5,Lichte vrachtauto,3,Fiets,Buiten Kruispunt,Gewestweg,buiten bebouwde kom,Tussen 2 bestuurders: Flank tegen flank,Geen hindernis
25046,18,Oostende 1,Oostende,51.21378,2.92765,1.6998730969224254,51.208297531548396,2.90487031034616,2021,5,13,35013,Oostende,Normaal,Droog,Dag,met zwaargewonden,5,Lichte vrachtauto,3,Fiets,Buiten Kruispunt,Gewestweg,buiten bebouwde kom,Tussen 2 bestuurders: Flank tegen flank,Geen hindernis
25047,15,Oostende 2,Oostende,51.21371,2.92743,1.4342954256782536,51.22237198782645,2.912170619075883,2021,4,13,35013,Oostende,Onbekend,Onbekend,Dag,met lichtgewonden,9,personenauto,3,Fiets,Op Kruispunt,Gemeenteweg,binnen bebouwde kom,Tss. 2 best.: langs opzij (voor-/achterkant-flank),Geen hindernis
25047,18,Oostende 1,Oostende,51.21378,2.92765,1.4405110554988259,51.22237198782645,2.912170619075883,2021,4,13,35013,Oostende,Onbekend,Onbekend,Dag,met lichtgewonden,9,personenauto,3,Fiets,Op Kruispunt,Gemeenteweg,binnen bebouwde kom,Tss. 2 best.: langs opzij (voor-/achterkant-flank),Geen hindernis