crash_row_id,site_id,site_name,site_gemeente,site_lat,site_long,distance_km,crash_lat,crash_long,DT_YEAR_COLLISION,DT_MONTH_COLLISION,DT_TIME,CD_NIS,TX_MUNTY_COLLISION_NL,TX_WEATHER_NL,TX_ROAD_CONDITION_NL,TX_LIGHT_CONDITION_NL,TX_CLASS_ACCIDENTS_NL,CD_ROAD_USR_TYPE1,TX_ROAD_USR_TYPE1_NL,CD_ROAD_USR_TYPE2,TX_ROAD_USR_TYPE2_NL,TX_CROSSWAY_NL,CD_ROAD_TYPE_NL,TX_BUILD_UP_AREA_NL,TX_COLLISION_TYPE_NL,TX_OBSTACLES_NL
25050,50,"Brugge, Sint-Andries",Brugge,51.19291,3.16252,1.8449549007606951,51.19379568455729,3.1360821906428447,2021,5,19,31012,Jabbeke,Normaal,Droog,Dag,met lichtgewonden,9,personenauto,3,Fiets,Op Kruispunt,Gemeenteweg,binnen bebouwde kom,Tss. 2 best.: langs opzij (voor-/achterkant-flank),Geen hindernis
25050,51,"Brugge, Sint-Andries",Brugge,51.19281,3.16252,1.845583856394846,51.19379568455729,3.1360821906428447,2021,5,19,31012,Jabbeke,Normaal,Droog,Dag,met lichtgewonden,9,personenauto,3,Fiets,Op Kruispunt,Gemeenteweg,binnen bebouwde kom,Tss. 2 best.: langs opzij (voor-/achterkant-flank),Geen hindernis
25053,84,Roeselare totem,Izegem,50.91717,3.18772,1.655309738639328,50.913718796875386,3.210688672900774,2021,5,15,36008,Izegem,Regenval,"Nat, plassen",Dag,met lichtgewonden,9,personenauto,3,Fiets,Op Kruispunt,Gemeenteweg,binnen bebouwde kom,Tussen 2 bestuurders: Flank tegen flank,Geen hindernis
25054,84,Roeselare totem,Izegem,50.91717,3.18772,2.1702717013767776,50.9311058744554,3.166041487743849,2021,5,7,36015,Roeselare,Onbekend,Onbekend,Dag,met lichtgewonden,5,Lichte vrachtauto,3,Fiets,Buiten Kruispunt,Gewestweg,binnen bebouwde kom,Tss. 2 best.: langs opzij (voor-/achterkant-flank),Geen hindernis
25062,61,Wervik teller 2,Wervik,50.80555,3.0921,1.425280246349657,50.802978382516976,3.111969934433278,2021,5,16,34027,Menen,Normaal,Droog,Dag,met lichtgewonden,3,Fiets,3,Fiets,Buiten Kruispunt,Gemeenteweg,binnen bebouwde kom,Tussen 2 bestuurders: Flank tegen flank,Geen hindernis
25062,62,Wervik teller 1,Wervik,50.8058,3.09154,1.4695331499657829,50.802978382516976,3.111969934433278,2021,5,16,34027,Menen,Normaal,Droog,Dag,met lichtgewonden,3,Fiets,3,Fiets,Buiten Kruispunt,Gemeenteweg,binnen bebouwde kom,Tussen 2 bestuurders: Flank tegen flank,Geen hindernis
25064,16,Kortrijk 1,Kortrijk,50.83332,3.27777,2.258037702178891,50.8180287723946,3.298923666308765,2021,5,10,34022,Kortrijk,Normaal,Droog,Dag,met lichtgewonden,5,Lichte vrachtauto,3,Fiets,Op Kruispunt,Gewestweg,buiten bebouwde kom,Tss. 2 best.: langs opzij (voor-/achterkant-flank),Geen hindernis
25064,17,Kortrijk 2,Kortrijk,50.83339,3.27773,2.265748826790573,50.8180287723946,3.298923666308765,2021,5,10,34022,Kortrijk,Normaal,Droog,Dag,met lichtgewonden,5,Lichte vrachtauto,3,Fiets,Op Kruispunt,Gewestweg,buiten bebouwde kom,Tss. 2 best.: langs opzij (voor-/achterkant-flank),Geen hindernis
25065,75,Kortrijk teller 2,Kortrijk,50.81925,3.25731,0.2773695055717373,50.82026795921161,3.25370534971948,2021,5,8,34022,Kortrijk,Normaal,Droog,Dag,met lichtgewonden,9,personenauto,3,Fiets,Buiten Kruispunt,Gemeenteweg,binnen bebouwde kom,Tussen 2 bestuurders: Flank tegen flank,Geen hindernis
25065,74,Kortrijk teller 1,Kortrijk,50.81909,3.25728,0.28322314761484074,50.82026795921161,3.25370534971948,2021,5,8,34022,Kortrijk,Normaal,Droog,Dag,met lichtgewonden,9,personenauto,3,Fiets,Buiten Kruispunt,Gemeenteweg,binnen bebouwde kom,Tussen 2 bestuurders: Flank tegen flank,Geen hindernis
25065,143,Eco Display Classic Budastraat,Kortrijk,50.83066,3.26286,1.3224060109940043,50.82026795921161,3.25370534971948,2021,5,8,34022,Kortrijk,Normaal,Droog,Dag,met lichtgewonden,9,personenauto,3,Fiets,Buiten Kruispunt,Gemeenteweg,binnen bebouwde kom,Tussen 2 bestuurders: Flank tegen flank,Geen hindernis
25065,16,Kortrijk 1,Kortrijk,50.83332,3.27777,2.2278461841201187,50.82026795921161,3.25370534971948,2021,5,8,34022,Kortrijk,Normaal,Droog,Dag,met lichtgewonden,9,personenauto,3,Fiets,Buiten Kruispunt,Gemeenteweg,binnen bebouwde kom,Tussen 2 bestuurders: Flank tegen flank,Geen hindernis
25065,17,Kortrijk 2,Kortrijk,50.83339,3.27773,2.230797686991316,50.82026795921161,3.25370534971948,2021,5,8,34022,Kortrijk,Normaal,Droog,Dag,met lichtgewonden,9,personenauto,3,Fiets,Buiten Kruispunt,Gemeenteweg,binnen bebouwde kom,Tussen 2 bestuurders: Flank tegen flank,Geen hindernis
25066,143,Eco Display Classic Budastraat,Kortrijk,50.83066,3.26286,0.3971019659643,50.829263553146276,3.257656145447037,2021,5,16,34022,Kortrijk,"Sterke wind, rukwind","Nat, plassen",Dag,met lichtgewonden,3,Fiets,11,een weggebruiker tegen een hindernis,Buiten Kruispunt,Gemeenteweg,binnen bebouwde kom,Weggebruiker tegen hindernis op de rijbaan,"Op de rijbaan: Werken (signal., aarde, toestel,…)"
25066,75,Kortrijk teller 2,Kortrijk,50.81925,3.25731,1.1137217409726228,50.829263553146276,3.257656145447037,2021,5,16,34022,Kortrijk,"Sterke wind, rukwind","Nat, plassen",Dag,met lichtgewonden,3,Fiets,11,een weggebruiker tegen een hindernis,Buiten Kruispunt,Gemeenteweg,binnen bebouwde kom,Weggebruiker tegen hindernis op de rijbaan,"Op de rijbaan: Werken (signal., aarde, toestel,…)"
25066,74,Kortrijk teller 1,Kortrijk,50.81909,3.25728,1.131555998934563,50.829263553146276,3.257656145447037,2021,5,16,34022,Kortrijk,"Sterke wind, rukwind","Nat, plassen",Dag,met lichtgewonden,3,Fiets,11,een weggebruiker tegen een hindernis,Buiten Kruispunt,Gemeenteweg,binnen bebouwde kom,Weggebruiker tegen hindernis op de rijbaan,"Op de rijbaan: Werken (signal., aarde, toestel,…)"
25066,17,Kortrijk 2,Kortrijk,50.83339,3.27773,1.4826017893179644,50.829263553146276,3.257656145447037,2021,5,16,34022,Kortrijk,"Sterke wind, rukwind","Nat, plassen",Dag,met lichtgewonden,3,Fiets,11,een weggebruiker tegen een hindernis,Buiten Kruispunt,Gemeenteweg,binnen bebouwde kom,Weggebruiker tegen hindernis op de rijbaan,"Op de rijbaan: Werken (signal., aarde, toestel,…)"
25066,16,Kortrijk 1,Kortrijk,50.83332,3.27777,1.4828882919731334,50.829263553146276,3.257656145447037,2021,5,16,34022,Kortrijk,"Sterke wind, rukwind","Nat, plassen",Dag,met lichtgewonden,3,Fiets,11,een weggebruiker tegen een hindernis,Buiten Kruispunt,Gemeenteweg,binnen bebouwde kom,Weggebruiker tegen hindernis op de rijbaan,"Op de rijbaan: Werken (signal., aarde, toestel,…)"
25067,75,Kortrijk teller 2,Kortrijk,50.81925,3.25731,2.1511039122903797,50.82317299997935,3.227324044626831,2021,5,16,34022,Kortrijk,Normaal,Droog,Dag,met lichtgewonden,9,personenauto,3,Fiets,Op Kruispunt,Gemeenteweg,binnen bebouwde kom,Tss. 2 best.: langs opzij (voor-/achterkant-flank),Geen hindernis
25067,74,Kortrijk teller 1,Kortrijk,50.81909,3.25728,2.152725659034522,50.82317299997935,3.227324044626831,2021,5,16,34022,Kortrijk,Normaal,Droog,Dag,met lichtgewonden,9,personenauto,3,Fiets,Op Kruispunt,Gemeenteweg,binnen bebouwde kom,Tss. 2 best.: langs opzij (voor-/achterkant-flank),Geen hindernis
25069,143,Eco Display Classic Budastraat,Kortrijk,50.83066,3.26286,0.16319688389540218,50.83114346736901,3.260666010167855,2021,5,8,34022,Kortrijk,Normaal,Droog,Dag,met lichtgewonden,3,Fiets,3,Fiets,Buiten Kruispunt,Gemeenteweg,binnen bebouwde kom,Tussen 2 bestuurders: Flank tegen flank,Geen hindernis
25069,17,Kortrijk 2,Kortrijk,50.83339,3.27773,1.2241610035067225,50.83114346736901,3.260666010167855,2021,5,8,34022,Kortrijk,Normaal,Droog,Dag,met lichtgewonden,3,Fiets,3,Fiets,Buiten Kruispunt,Gemeenteweg,binnen bebouwde kom,Tussen 2 bestuurders: Flank tegen flank,Geen hindernis
25069,16,Kortrijk 1,Kortrijk,50.83332,3.27777,1.2253510286649139,50.83114346736901,3.260666010167855,2021,5,8,34022,Kortrijk,Normaal,Droog,Dag,met lichtgewonden,3,Fiets,3,Fiets,Buiten Kruispunt,Gemeenteweg,binnen bebouwde kom,Tussen 2 bestuurders: Flank tegen flank,Geen hindernis
25069,75,Kortrijk teller 2,Kortrijk,50.81925,3.25731,1.3433376483656738,50.83114346736901,3.260666010167855,2021,5,8,34022,Kortrijk,Normaal,Droog,Dag,met lichtgewonden,3,Fiets,3,Fiets,Buiten Kruispunt,Gemeenteweg,binnen bebouwde kom,Tussen 2 bestuurders: Flank tegen flank,Geen hindernis
25069,74,Kortrijk teller 1,Kortrijk,50.81909,3.25728,1.3612230199565822,50.83114346736901,3.260666010167855,2021,5,8,34022,Kortrijk,Normaal,Droog,Dag,met lichtgewonden,3,Fiets,3,Fiets,Buiten Kruispunt,Gemeenteweg,binnen bebouwde kom,Tussen 2 bestuurders: Flank tegen flank,Geen hindernis
25070,143,Eco Display Classic Budastraat,Kortrijk,50.83066,3.26286,0.5940260418665233,50.826026877552316,3.2670705435926912,2021,5,14,34022,Kortrijk,Normaal,Droog,Dag,met lichtgewonden,3,Fiets,9,personenauto,Op Kruispunt,Gewestweg,binnen bebouwde kom,Tussen 2 bestuurders: Langs achteren,Geen hindernis
25070,75,Kortrijk teller 2,Kortrijk,50.81925,3.25731,1.018785477108084,50.826026877552316,3.2670705435926912,2021,5,14,34022,Kortrijk,Normaal,Droog,Dag,met lichtgewonden,3,Fiets,9,personenauto,Op Kruispunt,Gewestweg,binnen bebouwde kom,Tussen 2 bestuurders: Langs achteren,Geen hindernis
25070,74,Kortrijk teller 1,Kortrijk,50.81909,3.25728,1.0334163562718122,50.826026877552316,3.2670705435926912,2021,5,14,34022,Kortrijk,Normaal,Droog,Dag,met lichtgewonden,3,Fiets,9,personenauto,Op Kruispunt,Gewestweg,binnen bebouwde kom,Tussen 2 bestuurders: Langs achteren,Geen hindernis
25070,16,Kortrijk 1,Kortrijk,50.83332,3.27777,1.1055997605861103,50.826026877552316,3.2670705435926912,2021,5,14,34022,Kortrijk,Normaal,Droog,Dag,met lichtgewonden,3,Fiets,9,personenauto,Op Kruispunt,Gewestweg,binnen bebouwde kom,Tussen 2 bestuurders: Langs achteren,Geen hindernis
25070,17,Kortrijk 2,Kortrijk,50.83339,3.27773,1.1094235604494764,50.826026877552316,3.2670705435926912,2021,5,14,34022,Kortrijk,Normaal,Droog,Dag,met lichtgewonden,3,Fiets,9,personenauto,Op Kruispunt,Gewestweg,binnen bebouwde kom,Tussen 2 bestuurders: Langs achteren,Geen hindernis
25071,16,Kortrijk 1,Kortrijk,50.83332,3.27777,1.1949390425328508,50.82500953084341,3.2885566529121375,2021,5,19,34022,Kortrijk,Normaal,Onbekend,Dag,met lichtgewonden,9,personenauto,3,Fiets,Op Kruispunt,Gemeenteweg,binnen bebouwde kom,Tss. 2 best.: langs opzij (voor-/achterkant-flank),Geen hindernis
25071,17,Kortrijk 2,Kortrijk,50.83339,3.27773,1.2027423387807081,50.82500953084341,3.2885566529121375,2021,5,19,34022,Kortrijk,Normaal,Onbekend,Dag,met lichtgewonden,9,personenauto,3,Fiets,Op Kruispunt,Gemeenteweg,binnen bebouwde kom,Tss. 2 best.: langs opzij (voor-/achterkant-flank),Geen hindernis
25071,143,Eco Display Classic Budastraat,Kortrijk,50.83066,3.26286,1.9110810900635626,50.82500953084341,3.2885566529121375,2021,5,19,34022,Kortrijk,Normaal,Onbekend,Dag,met lichtgewonden,9,personenauto,3,Fiets,Op Kruispunt,Gemeenteweg,binnen bebouwde kom,Tss. 2 best.: langs opzij (voor-/achterkant-flank),Geen hindernis
25071,75,Kortrijk teller 2,Kortrijk,50.81925,3.25731,2.2864497904416528,50.82500953084341,3.2885566529121375,2021,5,19,34022,Kortrijk,Normaal,Onbekend,Dag,met lichtgewonden,9,personenauto,3,Fiets,Op Kruispunt,Gemeenteweg,binnen bebouwde kom,Tss. 2 best.: langs opzij (voor-/achterkant-flank),Geen hindernis
25071,74,Kortrijk teller 1,Kortrijk,50.81909,3.25728,2.2935189493332535,50.82500953084341,3.2885566529121375,2021,5,19,34022,Kortrijk,Normaal,Onbekend,Dag,met lichtgewonden,9,personenauto,3,Fiets,Op Kruispunt,Gemeenteweg,binnen bebouwde kom,Tss. 2 best.: langs opzij (voor-/achterkant-flank),Geen hindernis
25084,67,Ieper totem,Ieper,50.85018,2.85624,2.3767941144942393,50.84186882020941,2.887429160872175,2021,5,14,33011,Ieper,Normaal,Droog,Dag,met zwaargewonden,9,personenauto,3,Fiets,Buiten Kruispunt,Gemeenteweg,binnen bebouwde kom,Tss. 2 best.: langs opzij (voor-/achterkant-flank),Geen hindernis
25084,68,Ieper,Ieper,50.85032,2.85608,2.3932143623513196,50.84186882020941,2.887429160872175,2021,5,14,33011,Ieper,Normaal,Droog,Dag,met zwaargewonden,9,personenauto,3,Fiets,Buiten Kruispunt,Gemeenteweg,binnen bebouwde kom,Tss. 2 best.: langs opzij (voor-/achterkant-flank),Geen hindernis
25087,124,Beveren teller 2,Beveren,51.1964712,4.2361077,2.215231913010485,51.21407896971703,4.250982592925105,2021,5,11,46003,Beveren,Normaal,Droog,Dag,met lichtgewonden,3,Fiets,11,een weggebruiker tegen een hindernis,Op Kruispunt,Gemeenteweg,binnen bebouwde kom,Weggebruiker tegen hindernis buiten rijbaan,Buiten de rijbaan: Omheining
25090,106,St. pieters leeuw teller 1,Sint-Pieters-Leeuw,50.75533,4.24951,1.4773595192863749,50.76780772194822,4.256725221475076,2021,5,16,23077,Sint-Pieters-Leeuw,Normaal,Droog+Proper,Dag,met lichtgewonden,9,personenauto,3,Fiets,Op Kruispunt,Gewestweg,buiten bebouwde kom,Tss. 2 best.: langs opzij (voor-/achterkant-flank),Geen hindernis
25090,105,St. pieters leeuw teller 2,Halle,50.75509,4.24943,1.50436072976389,50.76780772194822,4.256725221475076,2021,5,16,23077,Sint-Pieters-Leeuw,Normaal,Droog+Proper,Dag,met lichtgewonden,9,personenauto,3,Fiets,Op Kruispunt,Gewestweg,buiten bebouwde kom,Tss. 2 best.: langs opzij (voor-/achterkant-flank),Geen hindernis
25092,99,Mechelen teller 1,Mechelen,51.04564,4.46882,2.295156772238616,51.02634195447647,4.480465769259863,2021,5,21,12025,Mechelen,Normaal,Droog,Dag,met lichtgewonden,3,Fiets,6,Bromfiets,Buiten Kruispunt,Gemeenteweg,binnen bebouwde kom,Tussen 2 bestuurders: Langs achteren,Geen hindernis
25092,100,Mechelen teller 2,Mechelen,51.0457,4.46883,2.3011481535111686,51.02634195447647,4.480465769259863,2021,5,21,12025,Mechelen,Normaal,Droog,Dag,met lichtgewonden,3,Fiets,6,Bromfiets,Buiten Kruispunt,Gemeenteweg,binnen bebouwde kom,Tussen 2 bestuurders: Langs achteren,Geen hindernis
25094,99,Mechelen teller 1,Mechelen,51.04564,4.46882,0.26828267508206155,51.04337529355455,4.4701434438195,2021,5,17,12025,Mechelen,Normaal,Droog,Dag,met lichtgewonden,9,personenauto,3,Fiets,Op Kruispunt,Gewestweg,binnen bebouwde kom,Tss. 2 best.: langs opzij (voor-/achterkant-flank),Geen hindernis
25094,100,Mechelen teller 2,Mechelen,51.0457,4.46883,0.2743198916295205,51.04337529355455,4.4701434438195,2021,5,17,12025,Mechelen,Normaal,Droog,Dag,met lichtgewonden,9,personenauto,3,Fiets,Op Kruispunt,Gewestweg,binnen bebouwde kom,Tss. 2 best.: langs opzij (voor-/achterkant-flank),Geen hindernis
25097,100,Mechelen teller 2,Mechelen,51.0457,4.46883,1.1903868209572201,51.05402840942438,4.45813027654623,2021,5,17,12025,Mechelen,Normaal,Droog,Dag,met lichtgewonden,4,Vrachtwagen,3,Fiets,Buiten Kruispunt,Gemeenteweg,buiten bebouwde kom,Tussen 2 bestuurders: Langs achteren,Geen hindernis
25097,99,Mechelen teller 1,Mechelen,51.04564,4.46882,1.1951476368847054,51.05402840942438,4.45813027654623,2021,5,17,12025,Mechelen,Normaal,Droog,Dag,met lichtgewonden,4,Vrachtwagen,3,Fiets,Buiten Kruispunt,Gemeenteweg,buiten bebouwde kom,Tussen 2 bestuurders: Langs achteren,Geen hindernis
25099,99,Mechelen teller 1,Mechelen,51.04564,4.46882,1.7604780051861024,51.029939548372745,4.4720633824119576,2021,5,11,12025,Mechelen,Normaal,Droog,Dag,met lichtgewonden,3,Fiets,9,personenauto,Op Kruispunt,Gemeenteweg,binnen bebouwde kom,Tussen 2 bestuurders: Langs achteren,Geen hindernis
25099,100,Mechelen teller 2,Mechelen,51.0457,4.46883,1.7670047104936277,51.029939548372745,4.4720633824119576,2021,5,11,12025,Mechelen,Normaal,Droog,Dag,met lichtgewonden,3,Fiets,9,personenauto,Op Kruispunt,Gemeenteweg,binnen bebouwde kom,Tussen 2 bestuurders: Langs achteren,Geen hindernis
25100,99,Mechelen teller 1,Mechelen,51.04564,4.46882,1.4176181541312762,51.03450146064034,4.478684080062663,2021,5,16,12025,Mechelen,Normaal,Droog,Dag,met zwaargewonden,9,personenauto,3,Fiets,Op Kruispunt,Gewestweg,buiten bebouwde kom,Tss. 2 best.: langs opzij (voor-/achterkant-flank),Geen hindernis
25100,100,Mechelen teller 2,Mechelen,51.0457,4.46883,1.4231119697443675,51.03450146064034,4.478684080062663,2021,5,16,12025,Mechelen,Normaal,Droog,Dag,met zwaargewonden,9,personenauto,3,Fiets,Op Kruispunt,Gewestweg,buiten bebouwde kom,Tss. 2 best.: langs opzij (voor-/achterkant-flank),Geen hindernis
25102,99,Mechelen teller 1,Mechelen,51.04564,4.46882,1.8603441737542943,51.031466804398846,4.482957858838429,2021,5,16,12025,Mechelen,Normaal,"Nat, plassen",Dag,met lichtgewonden,3,Fiets,3,Fiets,Op Kruispunt,Gewestweg,binnen bebouwde kom,Tussen 2 bestuurders: Flank tegen flank,Geen hindernis
25102,100,Mechelen teller 2,Mechelen,51.0457,4.46883,1.8656288189393835,51.031466804398846,4.482957858838429,2021,5,16,12025,Mechelen,Normaal,"Nat, plassen",Dag,met lichtgewonden,3,Fiets,3,Fiets,Op Kruispunt,Gewestweg,binnen bebouwde kom,Tussen 2 bestuurders: Flank tegen flank,Geen hindernis
25103,140,Hasselt ring,Hasselt,50.9300038,5.3438616,1.3092523776196647,50.924651833134206,5.327222464026508,2021,5,15,71022,Hasselt,Normaal,Droog+Proper,Dag,met lichtgewonden,3,Fiets,9,personenauto,Op Kruispunt,Gemeenteweg,binnen bebouwde kom,Tss. 2 best.: langs opzij (voor-/achterkant-flank),Geen hindernis
25103,138,Hasselt-Kempische brug,Hasselt,50.9405318,5.3422472,2.0558653849597595,50.924651833134206,5.327222464026508,2021,5,15,71022,Hasselt,Normaal,Droog+Proper,Dag,met lichtgewonden,3,Fiets,9,personenauto,Op Kruispunt,Gemeenteweg,binnen bebouwde kom,Tss. 2 best.: langs opzij (voor-/achterkant-flank),Geen hindernis
25103,137,Hasselt-Kempische brug,Hasselt,50.9411605,5.3417576,2.0993485831753964,50.924651833134206,5.327222464026508,2021,5,15,71022,Hasselt,Normaal,Droog+Proper,Dag,met lichtgewonden,3,Fiets,9,personenauto,Op Kruispunt,Gemeenteweg,binnen bebouwde kom,Tss. 2 best.: langs opzij (voor-/achterkant-flank),Geen hindernis
25104,140,Hasselt ring,Hasselt,50.9300038,5.3438616,0.311004861081718,50.93073502652804,5.3395782279171,2021,5,18,71022,Hasselt,Normaal,Droog,Dag,met lichtgewonden,3,Fiets,11,een weggebruiker tegen een hindernis,Buiten Kruispunt,Gemeenteweg,binnen bebouwde kom,Weggebruiker tegen hindernis buiten rijbaan,Buiten de rijbaan: Andere paal
25104,138,Hasselt-Kempische brug,Hasselt,50.9405318,5.3422472,1.1052897954552041,50.93073502652804,5.3395782279171,2021,5,18,71022,Hasselt,Normaal,Droog,Dag,met lichtgewonden,3,Fiets,11,een weggebruiker tegen een hindernis,Buiten Kruispunt,Gemeenteweg,binnen bebouwde kom,Weggebruiker tegen hindernis buiten rijbaan,Buiten de rijbaan: Andere paal
25104,137,Hasselt-Kempische brug,Hasselt,50.9411605,5.3417576,1.1692756859700502,50.93073502652804,5.3395782279171,2021,5,18,71022,Hasselt,Normaal,Droog,Dag,met lichtgewonden,3,Fiets,11,een weggebruiker tegen een hindernis,Buiten Kruispunt,Gemeenteweg,binnen bebouwde kom,Weggebruiker tegen hindernis buiten rijbaan,Buiten de rijbaan: Andere paal
25108,140,Hasselt ring,Hasselt,50.9300038,5.3438616,0.4730365243746172,50.927193240759046,5.338794909203376,2021,5,18,71022,Hasselt,Normaal,Droog,Dag,met lichtgewonden,9,personenauto,3,Fiets,Op Kruispunt,Gewestweg,binnen bebouwde kom,Tss. 2 best.: langs opzij (voor-/achterkant-flank),Geen hindernis
25108,138,Hasselt-Kempische brug,Hasselt,50.9405318,5.3422472,1.502781231610958,50.927193240759046,5.338794909203376,2021,5,18,71022,Hasselt,Normaal,Droog,Dag,met lichtgewonden,9,personenauto,3,Fiets,Op Kruispunt,Gewestweg,binnen bebouwde kom,Tss. 2 best.: langs opzij (voor-/achterkant-flank),Geen hindernis
25108,137,Hasselt-Kempische brug,Hasselt,50.9411605,5.3417576,1.5669037681610993,50.927193240759046,5.338794909203376,2021,5,18,71022,Hasselt,Normaal,Droog,Dag,met lichtgewonden,9,personenauto,3,Fiets,Op Kruispunt,Gewestweg,binnen bebouwde kom,Tss. 2 best.: langs opzij (voor-/achterkant-flank),Geen hindernis
25109,140,Hasselt ring,Hasselt,50.9300038,5.3438616,0.8000084910400842,50.92961676148328,5.332462978838432,2021,5,15,71022,Hasselt,Normaal,Droog,Dag,met lichtgewonden,9,personenauto,3,Fiets,Buiten Kruispunt,Gewestweg,binnen bebouwde kom,Tss. 2 best.: langs opzij (voor-/achterkant-flank),Geen hindernis
25109,138,Hasselt-Kempische brug,Hasselt,50.9405318,5.3422472,1.393968870520036,50.92961676148328,5.332462978838432,2021,5,15,71022,Hasselt,Normaal,Droog,Dag,met lichtgewonden,9,personenauto,3,Fiets,Buiten Kruispunt,Gewestweg,binnen bebouwde kom,Tss. 2 best.: langs opzij (voor-/achterkant-flank),Geen hindernis
25109,137,Hasselt-Kempische brug,Hasselt,50.9411605,5.3417576,1.4393944245172068,50.92961676148328,5.332462978838432,2021,5,15,71022,Hasselt,Normaal,Droog,Dag,met lichtgewonden,9,personenauto,3,Fiets,Buiten Kruispunt,Gewestweg,binnen bebouwde kom,Tss. 2 best.: langs opzij (voor-/achterkant-flank),Geen hindernis
25113,12,Tervuren,Kraainem,50.81896,4.47803,2.1132464495143832,50.82491902803279,4.5065966510862125,2021,5,12,24104,Tervuren,Normaal,Droog,Dag,met lichtgewonden,3,Fiets,5,Lichte vrachtauto,Op Kruispunt,Gewestweg,buiten bebouwde kom,Tss. 2 best.: langs opzij (voor-/achterkant-flank),Geen hindernis
25117,25,Bree,Bree,51.13679500160176,5.597669323604317,2.1686656804670124,51.1198029310621,5.582415032378579,2021,5,7,72004,Bree,Onbekend,Onbekend,Onbekend,met lichtgewonden,9,personenauto,3,Fiets,Op Kruispunt,Gemeenteweg,buiten bebouwde kom,Tussen 2 bestuurders: Flank tegen flank,Geen hindernis
25118,14,Genk,Genk,50.97172,5.48927,2.1969830733918645,50.952794220156946,5.498278316858847,2021,5,17,71016,Genk,Normaal,Droog,Dag,met lichtgewonden,3,Fiets,10,"één bestuurder, geen hindernis",Buiten Kruispunt,Gemeenteweg,buiten bebouwde kom,"Eén bestuurder, geen hindernis (incl. val)",Geen hindernis
25120,14,Genk,Genk,50.97172,5.48927,2.2121939769073884,50.987131595389585,5.469287339894393,2021,5,6,71016,Genk,Normaal,Droog,Dag,met lichtgewonden,9,personenauto,3,Fiets,Op Kruispunt,Gemeenteweg,buiten bebouwde kom,Tussen 2 bestuurders: Frontale botsing,Geen hindernis
25121,14,Genk,Genk,50.97172,5.48927,1.0238575836229324,50.96625050415511,5.501032411880434,2021,5,12,71016,Genk,Normaal,Droog,Dag,met lichtgewonden,3,Fiets,10,"één bestuurder, geen hindernis",Buiten Kruispunt,Gewestweg,binnen bebouwde kom,"Eén bestuurder, geen hindernis (incl. val)",Geen hindernis
25124,25,Bree,Bree,51.13679500160176,5.597669323604317,1.0106826535563116,51.13005380416016,5.607385257656795,2021,5,12,72004,Bree,Normaal,Droog,Dag,met lichtgewonden,3,Fiets,3,Fiets,Op Kruispunt,Gemeenteweg,buiten bebouwde kom,Tussen 2 bestuurders: Langs achteren,Geen hindernis
25127,48,As,As,51.00509,5.60389,1.9656225677391097,51.014830090591616,5.580444078176736,2021,5,15,71002,As,Normaal,Droog,Dag,met lichtgewonden,3,Fiets,8,Voetganger,Buiten Kruispunt,Gewestweg,buiten bebouwde kom,Met een voetganger,Geen hindernis
25131,140,Hasselt ring,Hasselt,50.9300038,5.3438616,0.8006763188377778,50.9298813762974,5.332438539245164,2021,5,9,71022,Hasselt,Normaal,Droog,Dag,met lichtgewonden,3,Fiets,5,Lichte vrachtauto,Op Kruispunt,Gewestweg,binnen bebouwde kom,Tss. 2 best.: langs opzij (voor-/achterkant-flank),Geen hindernis
25131,138,Hasselt-Kempische brug,Hasselt,50.9405318,5.3422472,1.3692846451059473,50.9298813762974,5.332438539245164,2021,5,9,71022,Hasselt,Normaal,Droog,Dag,met lichtgewonden,3,Fiets,5,Lichte vrachtauto,Op Kruispunt,Gewestweg,binnen bebouwde kom,Tss. 2 best.: langs opzij (voor-/achterkant-flank),Geen hindernis
25131,137,Hasselt-Kempische brug,Hasselt,50.9411605,5.3417576,1.4140071842067368,50.9298813762974,5.332438539245164,2021,5,9,71022,Hasselt,Normaal,Droog,Dag,met lichtgewonden,3,Fiets,5,Lichte vrachtauto,Op Kruispunt,Gewestweg,binnen bebouwde kom,Tss. 2 best.: langs opzij (voor-/achterkant-flank),Geen hindernis
25132,22,Tienen 2,Tienen,50.81330800184882,4.935984252796022,1.5439859744368354,50.80222671187293,4.949225013955048,2021,5,5,24107,Tienen,Normaal,"Nat, plassen","Nacht, openbare verlichting aanwezig en ontstoken",met lichtgewonden,7,Motorfiets,3,Fiets,Op Kruispunt,Gewestweg,binnen bebouwde kom,Tss. 2 best.: langs opzij (voor-/achterkant-flank),Geen hindernis
25132,24,Tienen 1,Tienen,50.8133795491886,4.935044252605416,1.590857724233823,50.80222671187293,4.949225013955048,2021,5,5,24107,Tienen,Normaal,"Nat, plassen","Nacht, openbare verlichting aanwezig en ontstoken",met lichtgewonden,7,Motorfiets,3,Fiets,Op Kruispunt,Gewestweg,binnen bebouwde kom,Tss. 2 best.: langs opzij (voor-/achterkant-flank),Geen hindernis
25132,23,Tienen 3,Tienen,50.81324,4.93447,1.6045646259163608,50.80222671187293,4.949225013955048,2021,5,5,24107,Tienen,Normaal,"Nat, plassen","Nacht, openbare verlichting aanwezig en ontstoken",met lichtgewonden,7,Motorfiets,3,Fiets,Op Kruispunt,Gewestweg,binnen bebouwde kom,Tss. 2 best.: langs opzij (voor-/achterkant-flank),Geen hindernis
25134,23,Tienen 3,Tienen,50.81324,4.93447,1.5596738348746841,50.79969119690031,4.9287268290121276,2021,5,12,24107,Tienen,Normaal,"Nat, plassen",Dag,met lichtgewonden,9,personenauto,3,Fiets,Buiten Kruispunt,Gewestweg,buiten bebouwde kom,Tss. 2 best.: langs opzij (voor-/achterkant-flank),Geen hindernis