crash_row_id,site_id,site_name,site_gemeente,site_lat,site_long,distance_km,crash_lat,crash_long,DT_YEAR_COLLISION,DT_MONTH_COLLISION,DT_TIME,CD_NIS,TX_MUNTY_COLLISION_NL,TX_WEATHER_NL,TX_ROAD_CONDITION_NL,TX_LIGHT_CONDITION_NL,TX_CLASS_ACCIDENTS_NL,CD_ROAD_USR_TYPE1,TX_ROAD_USR_TYPE1_NL,CD_ROAD_USR_TYPE2,TX_ROAD_USR_TYPE2_NL,TX_CROSSWAY_NL,CD_ROAD_TYPE_NL,TX_BUILD_UP_AREA_NL,TX_COLLISION_TYPE_NL,TX_OBSTACLES_NL
25134,24,Tienen 1,Tienen,50.8133795491886,4.935044252605416,1.585488977156757,50.79969119690031,4.9287268290121276,2021,5,12,24107,Tienen,Normaal,"Nat, plassen",Dag,met lichtgewonden,9,personenauto,3,Fiets,Buiten Kruispunt,Gewestweg,buiten bebouwde kom,Tss. 2 best.: langs opzij (voor-/achterkant-flank),Geen hindernis
25134,22,Tienen 2,Tienen,50.81330800184882,4.935984252796022,1.597694337122827,50.79969119690031,4.9287268290121276,2021,5,12,24107,Tienen,Normaal,"Nat, plassen",Dag,met lichtgewonden,9,personenauto,3,Fiets,Buiten Kruispunt,Gewestweg,buiten bebouwde kom,Tss. 2 best.: langs opzij (voor-/achterkant-flank),Geen hindernis
25148,2,Brasschaat 2,Brasschaat,51.27512,4.47169,2.488827853653611,51.254223851623294,4.4588718582044855,2021,6,12,11002,Antwerpen,Normaal,Droog,Dag,met lichtgewonden,9,personenauto,3,Fiets,Op Kruispunt,Gewestweg,binnen bebouwde kom,Tss. 2 best.: langs opzij (voor-/achterkant-flank),Geen hindernis
25148,3,Brasschaat 1,Brasschaat,51.27503,4.47222,2.4929892883364886,51.254223851623294,4.4588718582044855,2021,6,12,11002,Antwerpen,Normaal,Droog,Dag,met lichtgewonden,9,personenauto,3,Fiets,Op Kruispunt,Gewestweg,binnen bebouwde kom,Tss. 2 best.: langs opzij (voor-/achterkant-flank),Geen hindernis
25160,2,Brasschaat 2,Brasschaat,51.27512,4.47169,2.4610594628532287,51.25657215146187,4.4523895849644495,2021,6,12,11002,Antwerpen,Normaal,Droog,Dag,met lichtgewonden,3,Fiets,3,Fiets,Op Kruispunt,Gemeenteweg,binnen bebouwde kom,Tss. 2 best.: langs opzij (voor-/achterkant-flank),Geen hindernis
25160,3,Brasschaat 1,Brasschaat,51.27503,4.47222,2.473061250815004,51.25657215146187,4.4523895849644495,2021,6,12,11002,Antwerpen,Normaal,Droog,Dag,met lichtgewonden,3,Fiets,3,Fiets,Op Kruispunt,Gemeenteweg,binnen bebouwde kom,Tss. 2 best.: langs opzij (voor-/achterkant-flank),Geen hindernis
25174,2,Brasschaat 2,Brasschaat,51.27512,4.47169,2.4871727469539846,51.25981650763631,4.445617687725137,2021,6,16,11002,Antwerpen,Normaal,Droog,Dag,met lichtgewonden,9,personenauto,3,Fiets,Buiten Kruispunt,Gemeenteweg,binnen bebouwde kom,Tss. 2 best.: langs opzij (voor-/achterkant-flank),Geen hindernis
25280,94,Herentals teller 2,Herentals,51.17345,4.81283,1.3960894489779059,51.16978099002752,4.831980678201412,2021,6,11,13011,Herentals,Normaal,Droog,Dag,met lichtgewonden,3,Fiets,9,personenauto,Op Kruispunt,Gemeenteweg,binnen bebouwde kom,Tss. 2 best.: langs opzij (voor-/achterkant-flank),Geen hindernis
25280,110,Herentals totem,Herentals,51.1739426,4.811783,1.4822227803872954,51.16978099002752,4.831980678201412,2021,6,11,13011,Herentals,Normaal,Droog,Dag,met lichtgewonden,3,Fiets,9,personenauto,Op Kruispunt,Gemeenteweg,binnen bebouwde kom,Tss. 2 best.: langs opzij (voor-/achterkant-flank),Geen hindernis
25286,2,Brasschaat 2,Brasschaat,51.27512,4.47169,1.6637517268989641,51.28940432084064,4.464569864993527,2021,6,21,11008,Brasschaat,Normaal,Droog,Dag,met lichtgewonden,3,Fiets,9,personenauto,Op Kruispunt,Gemeenteweg,binnen bebouwde kom,Tss. 2 best.: langs opzij (voor-/achterkant-flank),Geen hindernis
25286,3,Brasschaat 1,Brasschaat,51.27503,4.47222,1.6845856721880077,51.28940432084064,4.464569864993527,2021,6,21,11008,Brasschaat,Normaal,Droog,Dag,met lichtgewonden,3,Fiets,9,personenauto,Op Kruispunt,Gemeenteweg,binnen bebouwde kom,Tss. 2 best.: langs opzij (voor-/achterkant-flank),Geen hindernis
25287,3,Brasschaat 1,Brasschaat,51.27503,4.47222,1.7972093097599369,51.28809841358795,4.487424751425216,2021,6,16,11008,Brasschaat,Normaal,Droog,Dag,met lichtgewonden,9,personenauto,3,Fiets,Buiten Kruispunt,Gewestweg,binnen bebouwde kom,Tss. 2 best.: langs opzij (voor-/achterkant-flank),Geen hindernis
25287,2,Brasschaat 2,Brasschaat,51.27512,4.47169,1.81115941948594,51.28809841358795,4.487424751425216,2021,6,16,11008,Brasschaat,Normaal,Droog,Dag,met lichtgewonden,9,personenauto,3,Fiets,Buiten Kruispunt,Gewestweg,binnen bebouwde kom,Tss. 2 best.: langs opzij (voor-/achterkant-flank),Geen hindernis
25288,2,Brasschaat 2,Brasschaat,51.27512,4.47169,1.63487861155397,51.28929762786666,4.46546351760964,2021,6,8,11008,Brasschaat,Normaal,Droog,Dag,met lichtgewonden,3,Fiets,3,Fiets,Op Kruispunt,Gemeenteweg,binnen bebouwde kom,Tussen 2 bestuurders: Frontale botsing,Geen hindernis
25288,3,Brasschaat 1,Brasschaat,51.27503,4.47222,1.6546200230558266,51.28929762786666,4.46546351760964,2021,6,8,11008,Brasschaat,Normaal,Droog,Dag,met lichtgewonden,3,Fiets,3,Fiets,Op Kruispunt,Gemeenteweg,binnen bebouwde kom,Tussen 2 bestuurders: Frontale botsing,Geen hindernis
25293,2,Brasschaat 2,Brasschaat,51.27512,4.47169,0.9654520805374778,51.2680015628279,4.463743902084838,2021,6,12,11040,Schoten,Normaal,Droog,Dag,met lichtgewonden,9,personenauto,3,Fiets,Buiten Kruispunt,Gewestweg,buiten bebouwde kom,Tss. 2 best.: langs opzij (voor-/achterkant-flank),Geen hindernis
25293,3,Brasschaat 1,Brasschaat,51.27503,4.47222,0.9790190144291044,51.2680015628279,4.463743902084838,2021,6,12,11040,Schoten,Normaal,Droog,Dag,met lichtgewonden,9,personenauto,3,Fiets,Buiten Kruispunt,Gewestweg,buiten bebouwde kom,Tss. 2 best.: langs opzij (voor-/achterkant-flank),Geen hindernis
25304,104,Malle teller 2,Malle,51.31682,4.73852,0.38589692778588836,51.31430542500719,4.734693220901011,2021,6,15,11057,Malle,Normaal,Droog,Dag,met lichtgewonden,3,Fiets,11,een weggebruiker tegen een hindernis,Buiten Kruispunt,Gemeenteweg,buiten bebouwde kom,Weggebruiker tegen hindernis op de rijbaan,Op de rijbaan: Dier (wild dier)
25304,103,Malle teller 1,Malle,51.31681,4.73872,0.3948200277911633,51.31430542500719,4.734693220901011,2021,6,15,11057,Malle,Normaal,Droog,Dag,met lichtgewonden,3,Fiets,11,een weggebruiker tegen een hindernis,Buiten Kruispunt,Gemeenteweg,buiten bebouwde kom,Weggebruiker tegen hindernis op de rijbaan,Op de rijbaan: Dier (wild dier)
25316,100,Mechelen teller 2,Mechelen,51.0457,4.46883,1.8323527566244486,51.060656853786874,4.479833453298009,2021,6,16,12035,Sint-Katelijne-Waver,Normaal,Droog,Dag,met lichtgewonden,5,Lichte vrachtauto,3,Fiets,Op Kruispunt,Gewestweg,binnen bebouwde kom,Tss. 2 best.: langs opzij (voor-/achterkant-flank),Geen hindernis
25316,99,Mechelen teller 1,Mechelen,51.04564,4.46882,1.838703158220398,51.060656853786874,4.479833453298009,2021,6,16,12035,Sint-Katelijne-Waver,Normaal,Droog,Dag,met lichtgewonden,5,Lichte vrachtauto,3,Fiets,Op Kruispunt,Gewestweg,binnen bebouwde kom,Tss. 2 best.: langs opzij (voor-/achterkant-flank),Geen hindernis
25318,96,Lier teller 2,Lier,51.11705,4.58444,2.192794407395343,51.13358270378474,4.5673120434447245,2021,6,9,12021,Lier,Normaal,Droog,Dag,met zwaargewonden,3,Fiets,5,Lichte vrachtauto,Buiten Kruispunt,Gewestweg,binnen bebouwde kom,Tussen 2 bestuurders: Frontale botsing,Geen hindernis
25318,95,Lier teller 1,Lier,51.11687,4.58437,2.206963558318474,51.13358270378474,4.5673120434447245,2021,6,9,12021,Lier,Normaal,Droog,Dag,met zwaargewonden,3,Fiets,5,Lichte vrachtauto,Buiten Kruispunt,Gewestweg,binnen bebouwde kom,Tussen 2 bestuurders: Frontale botsing,Geen hindernis
25319,96,Lier teller 2,Lier,51.11705,4.58444,1.3907003425281341,51.12787061929018,4.594432447331019,2021,6,15,12021,Lier,Normaal,Droog,Dag,met zwaargewonden,3,Fiets,3,Fiets,Buiten Kruispunt,Gemeenteweg,buiten bebouwde kom,Tussen 2 bestuurders: Flank tegen flank,Geen hindernis
25319,95,Lier teller 1,Lier,51.11687,4.58437,1.4104794486461911,51.12787061929018,4.594432447331019,2021,6,15,12021,Lier,Normaal,Droog,Dag,met zwaargewonden,3,Fiets,3,Fiets,Buiten Kruispunt,Gemeenteweg,buiten bebouwde kom,Tussen 2 bestuurders: Flank tegen flank,Geen hindernis
25320,96,Lier teller 2,Lier,51.11705,4.58444,1.7012233722605492,51.12923702842125,4.569703523066827,2021,6,22,12021,Lier,Regenval,"Nat, plassen","Nacht, openbare verlichting aanwezig en ontstoken",met zwaargewonden,3,Fiets,3,Fiets,Buiten Kruispunt,Gemeenteweg,binnen bebouwde kom,Tussen 2 bestuurders: Frontale botsing,Geen hindernis
25320,95,Lier teller 1,Lier,51.11687,4.58437,1.7142890035354323,51.12923702842125,4.569703523066827,2021,6,22,12021,Lier,Regenval,"Nat, plassen","Nacht, openbare verlichting aanwezig en ontstoken",met zwaargewonden,3,Fiets,3,Fiets,Buiten Kruispunt,Gemeenteweg,binnen bebouwde kom,Tussen 2 bestuurders: Frontale botsing,Geen hindernis
25321,96,Lier teller 2,Lier,51.11705,4.58444,2.2257844479580915,51.13624847705111,4.593467133008124,2021,6,11,12021,Lier,Normaal,Droog,Dag,met lichtgewonden,3,Fiets,3,Fiets,Op Kruispunt,Gewestweg,buiten bebouwde kom,Tussen 2 bestuurders: Frontale botsing,Geen hindernis
25321,95,Lier teller 1,Lier,51.11687,4.58437,2.246364308364029,51.13624847705111,4.593467133008124,2021,6,11,12021,Lier,Normaal,Droog,Dag,met lichtgewonden,3,Fiets,3,Fiets,Op Kruispunt,Gewestweg,buiten bebouwde kom,Tussen 2 bestuurders: Frontale botsing,Geen hindernis
25325,92,Nijlen teller 1,Nijlen,51.14989,4.64479,0.886006703356426,51.152943233735186,4.656523270010232,2021,6,12,12026,Nijlen,Normaal,Droog,Dag,met lichtgewonden,3,Fiets,6,Bromfiets,Buiten Kruispunt,Gewestweg,buiten bebouwde kom,Tussen 2 bestuurders: Langs achteren,Geen hindernis
25325,93,Nijlen teller 2,Nijlen,51.14998,4.64469,0.888693598682524,51.152943233735186,4.656523270010232,2021,6,12,12026,Nijlen,Normaal,Droog,Dag,met lichtgewonden,3,Fiets,6,Bromfiets,Buiten Kruispunt,Gewestweg,buiten bebouwde kom,Tussen 2 bestuurders: Langs achteren,Geen hindernis
25326,9,Heist op den Berg 2,Heist-op-den-Berg,51.06904,4.69524,2.0331805720036145,51.05798953474386,4.718420292448607,2021,6,17,12014,Heist-op-den-Berg,"Andere (dikke rook,...)",Droog,Dag,dodelijk gewonden,9,personenauto,3,Fiets,Op Kruispunt,Gewestweg,buiten bebouwde kom,Tss. 2 best.: langs opzij (voor-/achterkant-flank),Geen hindernis
25326,8,Heist op den Berg 1,Heist-op-den-Berg,51.06759,4.68823,2.364476019962427,51.05798953474386,4.718420292448607,2021,6,17,12014,Heist-op-den-Berg,"Andere (dikke rook,...)",Droog,Dag,dodelijk gewonden,9,personenauto,3,Fiets,Op Kruispunt,Gewestweg,buiten bebouwde kom,Tss. 2 best.: langs opzij (voor-/achterkant-flank),Geen hindernis
25327,9,Heist op den Berg 2,Heist-op-den-Berg,51.06904,4.69524,1.5084112480423448,51.0577131371504,4.707118009232673,2021,6,15,12014,Heist-op-den-Berg,Normaal,Droog,Dag,met lichtgewonden,9,personenauto,3,Fiets,Op Kruispunt,Gemeenteweg,binnen bebouwde kom,Tss. 2 best.: langs opzij (voor-/achterkant-flank),Geen hindernis
25327,8,Heist op den Berg 1,Heist-op-den-Berg,51.06759,4.68823,1.7170974168400537,51.0577131371504,4.707118009232673,2021,6,15,12014,Heist-op-den-Berg,Normaal,Droog,Dag,met lichtgewonden,9,personenauto,3,Fiets,Op Kruispunt,Gemeenteweg,binnen bebouwde kom,Tss. 2 best.: langs opzij (voor-/achterkant-flank),Geen hindernis
25329,9,Heist op den Berg 2,Heist-op-den-Berg,51.06904,4.69524,1.7057838874932738,51.07745971987765,4.71564876892605,2021,6,23,12014,Heist-op-den-Berg,Normaal,Droog,"Nacht, openbare verlichting aanwezig en ontstoken",met zwaargewonden,3,Fiets,10,"één bestuurder, geen hindernis",Op Kruispunt,Gemeenteweg,binnen bebouwde kom,"Eén bestuurder, geen hindernis (incl. val)",Geen hindernis
25329,8,Heist op den Berg 1,Heist-op-den-Berg,51.06759,4.68823,2.2077790962246655,51.07745971987765,4.71564876892605,2021,6,23,12014,Heist-op-den-Berg,Normaal,Droog,"Nacht, openbare verlichting aanwezig en ontstoken",met zwaargewonden,3,Fiets,10,"één bestuurder, geen hindernis",Op Kruispunt,Gemeenteweg,binnen bebouwde kom,"Eén bestuurder, geen hindernis (incl. val)",Geen hindernis
25349,88,Westerlo teller 1,Westerlo,51.082,4.91325,2.411297266466856,51.10368494923946,4.913451165974215,2021,6,11,13049,Westerlo,Normaal,Droog,Dag,met lichtgewonden,5,Lichte vrachtauto,3,Fiets,Buiten Kruispunt,Gemeenteweg,binnen bebouwde kom,Tss. 2 best.: langs opzij (voor-/achterkant-flank),Geen hindernis
25349,89,Westerlo teller 2,Westerlo,51.08191,4.91334,2.4212763297758984,51.10368494923946,4.913451165974215,2021,6,11,13049,Westerlo,Normaal,Droog,Dag,met lichtgewonden,5,Lichte vrachtauto,3,Fiets,Buiten Kruispunt,Gemeenteweg,binnen bebouwde kom,Tss. 2 best.: langs opzij (voor-/achterkant-flank),Geen hindernis
25352,88,Westerlo teller 1,Westerlo,51.082,4.91325,2.3284356720187547,51.1028172927315,4.916855934287341,2021,6,8,13049,Westerlo,Normaal,Droog,Dag,met lichtgewonden,9,personenauto,3,Fiets,Op Kruispunt,Gemeenteweg,binnen bebouwde kom,Tss. 2 best.: langs opzij (voor-/achterkant-flank),Geen hindernis
25352,89,Westerlo teller 2,Westerlo,51.08191,4.91334,2.3377162388286434,51.1028172927315,4.916855934287341,2021,6,8,13049,Westerlo,Normaal,Droog,Dag,met lichtgewonden,9,personenauto,3,Fiets,Op Kruispunt,Gemeenteweg,binnen bebouwde kom,Tss. 2 best.: langs opzij (voor-/achterkant-flank),Geen hindernis
25370,38,Lommel teller 2,Lommel,51.23277,5.29189,1.3258664134182274,51.220856121195155,5.291113319880486,2021,6,18,72020,Lommel,Normaal,Droog,Dag,met lichtgewonden,9,personenauto,3,Fiets,Op Kruispunt,Gemeenteweg,binnen bebouwde kom,Tss. 2 best.: langs opzij (voor-/achterkant-flank),Geen hindernis
25370,37,Lommel teller 1,Lommel,51.23299,5.29211,1.3510096126332332,51.220856121195155,5.291113319880486,2021,6,18,72020,Lommel,Normaal,Droog,Dag,met lichtgewonden,9,personenauto,3,Fiets,Op Kruispunt,Gemeenteweg,binnen bebouwde kom,Tss. 2 best.: langs opzij (voor-/achterkant-flank),Geen hindernis
25371,37,Lommel teller 1,Lommel,51.23299,5.29211,1.7084686075095576,51.22796150023206,5.315295436606295,2021,6,11,72020,Lommel,Normaal,Droog,Dag,met lichtgewonden,9,personenauto,3,Fiets,Buiten Kruispunt,Gewestweg,binnen bebouwde kom,Tss. 2 best.: langs opzij (voor-/achterkant-flank),Geen hindernis
25371,38,Lommel teller 2,Lommel,51.23277,5.29189,1.7151716108961983,51.22796150023206,5.315295436606295,2021,6,11,72020,Lommel,Normaal,Droog,Dag,met lichtgewonden,9,personenauto,3,Fiets,Buiten Kruispunt,Gewestweg,binnen bebouwde kom,Tss. 2 best.: langs opzij (voor-/achterkant-flank),Geen hindernis
25372,38,Lommel teller 2,Lommel,51.23277,5.29189,1.6043136069809851,51.22975994471597,5.269355758015974,2021,6,7,72020,Lommel,Normaal,Droog,Dag,met lichtgewonden,9,personenauto,3,Fiets,Op Kruispunt,Gemeenteweg,buiten bebouwde kom,Tss. 2 best.: langs opzij (voor-/achterkant-flank),Geen hindernis
25372,37,Lommel teller 1,Lommel,51.23299,5.29211,1.6245268412518261,51.22975994471597,5.269355758015974,2021,6,7,72020,Lommel,Normaal,Droog,Dag,met lichtgewonden,9,personenauto,3,Fiets,Op Kruispunt,Gemeenteweg,buiten bebouwde kom,Tss. 2 best.: langs opzij (voor-/achterkant-flank),Geen hindernis
25373,37,Lommel teller 1,Lommel,51.23299,5.29211,1.8149642744094308,51.230495652059794,5.317870735035169,2021,6,9,72020,Lommel,Normaal,Droog,Dag,met lichtgewonden,9,personenauto,3,Fiets,Op Kruispunt,Gemeenteweg,binnen bebouwde kom,Tss. 2 best.: langs opzij (voor-/achterkant-flank),Geen hindernis
25373,38,Lommel teller 2,Lommel,51.23277,5.29189,1.8265607273331963,51.230495652059794,5.317870735035169,2021,6,9,72020,Lommel,Normaal,Droog,Dag,met lichtgewonden,9,personenauto,3,Fiets,Op Kruispunt,Gemeenteweg,binnen bebouwde kom,Tss. 2 best.: langs opzij (voor-/achterkant-flank),Geen hindernis
25393,39,Peer teller 1,Peer,51.13425,5.47817,2.0665988307413024,51.13271692056245,5.448653201949319,2021,6,8,72030,Peer,Normaal,Droog,Dag,met lichtgewonden,3,Fiets,9,personenauto,Buiten Kruispunt,Gewestweg,binnen bebouwde kom,Tussen 2 bestuurders: Langs achteren,Geen hindernis
25393,40,Peer teller 2,Peer,51.13438,5.47892,2.119965722081267,51.13271692056245,5.448653201949319,2021,6,8,72030,Peer,Normaal,Droog,Dag,met lichtgewonden,3,Fiets,9,personenauto,Buiten Kruispunt,Gewestweg,binnen bebouwde kom,Tussen 2 bestuurders: Langs achteren,Geen hindernis
25401,44,Maaseik teller 2,Maaseik,51.09359,5.79726,0.31705478720874003,51.09541139992595,5.793766935536212,2021,6,8,72021,Maaseik,Normaal,Droog,Dag,met lichtgewonden,3,Fiets,9,personenauto,Op Kruispunt,Gemeenteweg,binnen bebouwde kom,Tussen 2 bestuurders: Frontale botsing,Geen hindernis
25401,43,Maaseik teller 1,Maaseik,51.09344,5.79715,0.322287887266876,51.09541139992595,5.793766935536212,2021,6,8,72021,Maaseik,Normaal,Droog,Dag,met lichtgewonden,3,Fiets,9,personenauto,Op Kruispunt,Gemeenteweg,binnen bebouwde kom,Tussen 2 bestuurders: Frontale botsing,Geen hindernis
25402,107,leuven totem,Leuven,50.8870744,4.7087919,2.1260009356503935,50.906136144468434,4.711148070331734,2021,6,0,24062,Leuven,Normaal,Droog+Proper,"Nacht, openbare verlichting aanwezig en ontstoken",met lichtgewonden,3,Fiets,10,"één bestuurder, geen hindernis",Buiten Kruispunt,Gewestweg,buiten bebouwde kom,"Eén bestuurder, geen hindernis (incl. val)",Geen hindernis
25402,77,Leuven teller 2,Leuven,50.88672,4.70796,2.1705236993837014,50.906136144468434,4.711148070331734,2021,6,0,24062,Leuven,Normaal,Droog+Proper,"Nacht, openbare verlichting aanwezig en ontstoken",met lichtgewonden,3,Fiets,10,"één bestuurder, geen hindernis",Buiten Kruispunt,Gewestweg,buiten bebouwde kom,"Eén bestuurder, geen hindernis (incl. val)",Geen hindernis
25403,77,Leuven teller 2,Leuven,50.88672,4.70796,1.0346124488181696,50.88002034486293,4.6977259996763205,2021,6,0,24062,Leuven,Normaal,Droog,"Nacht, openbare verlichting aanwezig en ontstoken",met lichtgewonden,3,Fiets,5,Lichte vrachtauto,Buiten Kruispunt,Gemeenteweg,binnen bebouwde kom,Tss. 2 best.: langs opzij (voor-/achterkant-flank),Geen hindernis
25403,107,leuven totem,Leuven,50.8870744,4.7087919,1.1035809113700532,50.88002034486293,4.6977259996763205,2021,6,0,24062,Leuven,Normaal,Droog,"Nacht, openbare verlichting aanwezig en ontstoken",met lichtgewonden,3,Fiets,5,Lichte vrachtauto,Buiten Kruispunt,Gemeenteweg,binnen bebouwde kom,Tss. 2 best.: langs opzij (voor-/achterkant-flank),Geen hindernis
25403,69,Leuven teller 1,Leuven,50.87549,4.71526,1.3293547851067513,50.88002034486293,4.6977259996763205,2021,6,0,24062,Leuven,Normaal,Droog,"Nacht, openbare verlichting aanwezig en ontstoken",met lichtgewonden,3,Fiets,5,Lichte vrachtauto,Buiten Kruispunt,Gemeenteweg,binnen bebouwde kom,Tss. 2 best.: langs opzij (voor-/achterkant-flank),Geen hindernis
25403,151,Leuven,District Leuven,50.8690262,4.6854839,1.4941021520142856,50.88002034486293,4.6977259996763205,2021,6,0,24062,Leuven,Normaal,Droog,"Nacht, openbare verlichting aanwezig en ontstoken",met lichtgewonden,3,Fiets,5,Lichte vrachtauto,Buiten Kruispunt,Gemeenteweg,binnen bebouwde kom,Tss. 2 best.: langs opzij (voor-/achterkant-flank),Geen hindernis
25404,107,leuven totem,Leuven,50.8870744,4.7087919,0.33634896624925614,50.88453435768711,4.711395528013099,2021,6,12,24062,Leuven,Normaal,Droog,Dag,met lichtgewonden,3,Fiets,9,personenauto,Buiten Kruispunt,Gewestweg,binnen bebouwde kom,Tss. 2 best.: langs opzij (voor-/achterkant-flank),Geen hindernis
25404,77,Leuven teller 2,Leuven,50.88672,4.70796,0.34226619644140666,50.88453435768711,4.711395528013099,2021,6,12,24062,Leuven,Normaal,Droog,Dag,met lichtgewonden,3,Fiets,9,personenauto,Buiten Kruispunt,Gewestweg,binnen bebouwde kom,Tss. 2 best.: langs opzij (voor-/achterkant-flank),Geen hindernis
25404,69,Leuven teller 1,Leuven,50.87549,4.71526,1.0415919740213269,50.88453435768711,4.711395528013099,2021,6,12,24062,Leuven,Normaal,Droog,Dag,met lichtgewonden,3,Fiets,9,personenauto,Buiten Kruispunt,Gewestweg,binnen bebouwde kom,Tss. 2 best.: langs opzij (voor-/achterkant-flank),Geen hindernis
25405,69,Leuven teller 1,Leuven,50.87549,4.71526,0.1741104918583593,50.87660992385116,4.716994266662747,2021,6,23,24062,Leuven,Normaal,Droog,"Nacht, geen openbare verlichting aanwezig",met lichtgewonden,3,Fiets,10,"één bestuurder, geen hindernis",Buiten Kruispunt,Gemeenteweg,binnen bebouwde kom,"Eén bestuurder, geen hindernis (incl. val)",Geen hindernis
25405,77,Leuven teller 2,Leuven,50.88672,4.70796,1.2905459549972453,50.87660992385116,4.716994266662747,2021,6,23,24062,Leuven,Normaal,Droog,"Nacht, geen openbare verlichting aanwezig",met lichtgewonden,3,Fiets,10,"één bestuurder, geen hindernis",Buiten Kruispunt,Gemeenteweg,binnen bebouwde kom,"Eén bestuurder, geen hindernis (incl. val)",Geen hindernis
25405,107,leuven totem,Leuven,50.8870744,4.7087919,1.2981092905105784,50.87660992385116,4.716994266662747,2021,6,23,24062,Leuven,Normaal,Droog,"Nacht, geen openbare verlichting aanwezig",met lichtgewonden,3,Fiets,10,"één bestuurder, geen hindernis",Buiten Kruispunt,Gemeenteweg,binnen bebouwde kom,"Eén bestuurder, geen hindernis (incl. val)",Geen hindernis
25405,151,Leuven,District Leuven,50.8690262,4.6854839,2.366397353506539,50.87660992385116,4.716994266662747,2021,6,23,24062,Leuven,Normaal,Droog,"Nacht, geen openbare verlichting aanwezig",met lichtgewonden,3,Fiets,10,"één bestuurder, geen hindernis",Buiten Kruispunt,Gemeenteweg,binnen bebouwde kom,"Eén bestuurder, geen hindernis (incl. val)",Geen hindernis
25406,69,Leuven teller 1,Leuven,50.87549,4.71526,1.5349609310192749,50.86182249174121,4.7121890555187536,2021,6,18,24062,Leuven,Normaal,Droog,Dag,met lichtgewonden,9,personenauto,3,Fiets,Op Kruispunt,Gemeenteweg,binnen bebouwde kom,Tss. 2 best.: langs opzij (voor-/achterkant-flank),Geen hindernis
25406,108,Heverlee teller 1,Leuven,50.8471728,4.6954674,2.007823835110219,50.86182249174121,4.7121890555187536,2021,6,18,24062,Leuven,Normaal,Droog,Dag,met lichtgewonden,9,personenauto,3,Fiets,Op Kruispunt,Gemeenteweg,binnen bebouwde kom,Tss. 2 best.: langs opzij (voor-/achterkant-flank),Geen hindernis
25406,151,Leuven,District Leuven,50.8690262,4.6854839,2.0381688827824473,50.86182249174121,4.7121890555187536,2021,6,18,24062,Leuven,Normaal,Droog,Dag,met lichtgewonden,9,personenauto,3,Fiets,Op Kruispunt,Gemeenteweg,binnen bebouwde kom,Tss. 2 best.: langs opzij (voor-/achterkant-flank),Geen hindernis
25406,76,Heverlee teller 2,Leuven,50.84606,4.69597,2.0900355236254327,50.86182249174121,4.7121890555187536,2021,6,18,24062,Leuven,Normaal,Droog,Dag,met lichtgewonden,9,personenauto,3,Fiets,Op Kruispunt,Gemeenteweg,binnen bebouwde kom,Tss. 2 best.: langs opzij (voor-/achterkant-flank),Geen hindernis
25407,69,Leuven teller 1,Leuven,50.87549,4.71526,1.6355156358901644,50.86090704349391,4.712220907145409,2021,6,15,24062,Leuven,Normaal,Droog,Dag,met lichtgewonden,3,Fiets,9,personenauto,Buiten Kruispunt,Gemeenteweg,binnen bebouwde kom,Tussen 2 bestuurders: Flank tegen flank,Geen hindernis
25407,108,Heverlee teller 1,Leuven,50.8471728,4.6954674,1.9275277095725498,50.86090704349391,4.712220907145409,2021,6,15,24062,Leuven,Normaal,Droog,Dag,met lichtgewonden,3,Fiets,9,personenauto,Buiten Kruispunt,Gemeenteweg,binnen bebouwde kom,Tussen 2 bestuurders: Flank tegen flank,Geen hindernis
25407,76,Heverlee teller 2,Leuven,50.84606,4.69597,2.0067148385657627,50.86090704349391,4.712220907145409,2021,6,15,24062,Leuven,Normaal,Droog,Dag,met lichtgewonden,3,Fiets,9,personenauto,Buiten Kruispunt,Gemeenteweg,binnen bebouwde kom,Tussen 2 bestuurders: Flank tegen flank,Geen hindernis
25407,151,Leuven,District Leuven,50.8690262,4.6854839,2.0823119693396945,50.86090704349391,4.712220907145409,2021,6,15,24062,Leuven,Normaal,Droog,Dag,met lichtgewonden,3,Fiets,9,personenauto,Buiten Kruispunt,Gemeenteweg,binnen bebouwde kom,Tussen 2 bestuurders: Flank tegen flank,Geen hindernis
25409,151,Leuven,District Leuven,50.8690262,4.6854839,0.8179775395585843,50.862531623835785,4.690957635396468,2021,6,11,24062,Leuven,Normaal,Droog,Dag,met lichtgewonden,3,Fiets,11,een weggebruiker tegen een hindernis,Op Kruispunt,Gemeenteweg,binnen bebouwde kom,Weggebruiker tegen hindernis op de rijbaan,"Op de rijbaan: Put, straatgoot, tramspoor"
25409,108,Heverlee teller 1,Leuven,50.8471728,4.6954674,1.7369154017322341,50.862531623835785,4.690957635396468,2021,6,11,24062,Leuven,Normaal,Droog,Dag,met lichtgewonden,3,Fiets,11,een weggebruiker tegen een hindernis,Op Kruispunt,Gemeenteweg,binnen bebouwde kom,Weggebruiker tegen hindernis op de rijbaan,"Op de rijbaan: Put, straatgoot, tramspoor"
25409,76,Heverlee teller 2,Leuven,50.84606,4.69597,1.865051037589415,50.862531623835785,4.690957635396468,2021,6,11,24062,Leuven,Normaal,Droog,Dag,met lichtgewonden,3,Fiets,11,een weggebruiker tegen een hindernis,Op Kruispunt,Gemeenteweg,binnen bebouwde kom,Weggebruiker tegen hindernis op de rijbaan,"Op de rijbaan: Put, straatgoot, tramspoor"