crash_row_id,site_id,site_name,site_gemeente,site_lat,site_long,distance_km,crash_lat,crash_long,DT_YEAR_COLLISION,DT_MONTH_COLLISION,DT_TIME,CD_NIS,TX_MUNTY_COLLISION_NL,TX_WEATHER_NL,TX_ROAD_CONDITION_NL,TX_LIGHT_CONDITION_NL,TX_CLASS_ACCIDENTS_NL,CD_ROAD_USR_TYPE1,TX_ROAD_USR_TYPE1_NL,CD_ROAD_USR_TYPE2,TX_ROAD_USR_TYPE2_NL,TX_CROSSWAY_NL,CD_ROAD_TYPE_NL,TX_BUILD_UP_AREA_NL,TX_COLLISION_TYPE_NL,TX_OBSTACLES_NL
25409,69,Leuven teller 1,Leuven,50.87549,4.71526,2.232628273741795,50.862531623835785,4.690957635396468,2021,6,11,24062,Leuven,Normaal,Droog,Dag,met lichtgewonden,3,Fiets,11,een weggebruiker tegen een hindernis,Op Kruispunt,Gemeenteweg,binnen bebouwde kom,Weggebruiker tegen hindernis op de rijbaan,"Op de rijbaan: Put, straatgoot, tramspoor"
25410,107,leuven totem,Leuven,50.8870744,4.7087919,1.6369652767558527,50.901708304701,4.7062484056151295,2021,6,7,24062,Leuven,Normaal,Droog,Dag,met lichtgewonden,3,Fiets,3,Fiets,Op Kruispunt,Gemeenteweg,binnen bebouwde kom,Tussen 2 bestuurders: Frontale botsing,Geen hindernis
25410,77,Leuven teller 2,Leuven,50.88672,4.70796,1.670941238642831,50.901708304701,4.7062484056151295,2021,6,7,24062,Leuven,Normaal,Droog,Dag,met lichtgewonden,3,Fiets,3,Fiets,Op Kruispunt,Gemeenteweg,binnen bebouwde kom,Tussen 2 bestuurders: Frontale botsing,Geen hindernis
25411,151,Leuven,District Leuven,50.8690262,4.6854839,1.0962468455818055,50.87752174404549,4.6934107419447155,2021,6,23,24062,Leuven,Normaal,Droog,"Nacht, openbare verlichting aanwezig en ontstoken",met lichtgewonden,3,Fiets,10,"één bestuurder, geen hindernis",Op Kruispunt,Gemeenteweg,binnen bebouwde kom,"Eén bestuurder, geen hindernis (incl. val)",Geen hindernis
25411,77,Leuven teller 2,Leuven,50.88672,4.70796,1.4449740046869266,50.87752174404549,4.6934107419447155,2021,6,23,24062,Leuven,Normaal,Droog,"Nacht, openbare verlichting aanwezig en ontstoken",met lichtgewonden,3,Fiets,10,"één bestuurder, geen hindernis",Op Kruispunt,Gemeenteweg,binnen bebouwde kom,"Eén bestuurder, geen hindernis (incl. val)",Geen hindernis
25411,107,leuven totem,Leuven,50.8870744,4.7087919,1.5141505821922225,50.87752174404549,4.6934107419447155,2021,6,23,24062,Leuven,Normaal,Droog,"Nacht, openbare verlichting aanwezig en ontstoken",met lichtgewonden,3,Fiets,10,"één bestuurder, geen hindernis",Op Kruispunt,Gemeenteweg,binnen bebouwde kom,"Eén bestuurder, geen hindernis (incl. val)",Geen hindernis
25411,69,Leuven teller 1,Leuven,50.87549,4.71526,1.5495740604719805,50.87752174404549,4.6934107419447155,2021,6,23,24062,Leuven,Normaal,Droog,"Nacht, openbare verlichting aanwezig en ontstoken",met lichtgewonden,3,Fiets,10,"één bestuurder, geen hindernis",Op Kruispunt,Gemeenteweg,binnen bebouwde kom,"Eén bestuurder, geen hindernis (incl. val)",Geen hindernis
25412,151,Leuven,District Leuven,50.8690262,4.6854839,1.2015292381511002,50.862472403494316,4.671871671298565,2021,6,7,24062,Leuven,Normaal,Droog,Dag,met lichtgewonden,3,Fiets,3,Fiets,Buiten Kruispunt,Gemeenteweg,buiten bebouwde kom,Tussen 2 bestuurders: Frontale botsing,Geen hindernis
25412,108,Heverlee teller 1,Leuven,50.8471728,4.6954674,2.3743681839149207,50.862472403494316,4.671871671298565,2021,6,7,24062,Leuven,Normaal,Droog,Dag,met lichtgewonden,3,Fiets,3,Fiets,Buiten Kruispunt,Gemeenteweg,buiten bebouwde kom,Tussen 2 bestuurders: Frontale botsing,Geen hindernis
25412,76,Heverlee teller 2,Leuven,50.84606,4.69597,2.48840006282022,50.862472403494316,4.671871671298565,2021,6,7,24062,Leuven,Normaal,Droog,Dag,met lichtgewonden,3,Fiets,3,Fiets,Buiten Kruispunt,Gemeenteweg,buiten bebouwde kom,Tussen 2 bestuurders: Frontale botsing,Geen hindernis
25413,77,Leuven teller 2,Leuven,50.88672,4.70796,0.7391080282396517,50.88429013513507,4.698153089551047,2021,6,23,24062,Leuven,Regenval,"Nat, plassen","Nacht, openbare verlichting aanwezig en ontstoken",met lichtgewonden,9,personenauto,3,Fiets,Buiten Kruispunt,Gemeenteweg,binnen bebouwde kom,Tussen 2 bestuurders: Flank tegen flank,Geen hindernis
25413,107,leuven totem,Leuven,50.8870744,4.7087919,0.8079755152799253,50.88429013513507,4.698153089551047,2021,6,23,24062,Leuven,Regenval,"Nat, plassen","Nacht, openbare verlichting aanwezig en ontstoken",met lichtgewonden,9,personenauto,3,Fiets,Buiten Kruispunt,Gemeenteweg,binnen bebouwde kom,Tussen 2 bestuurders: Flank tegen flank,Geen hindernis
25413,69,Leuven teller 1,Leuven,50.87549,4.71526,1.5485409867832387,50.88429013513507,4.698153089551047,2021,6,23,24062,Leuven,Regenval,"Nat, plassen","Nacht, openbare verlichting aanwezig en ontstoken",met lichtgewonden,9,personenauto,3,Fiets,Buiten Kruispunt,Gemeenteweg,binnen bebouwde kom,Tussen 2 bestuurders: Flank tegen flank,Geen hindernis
25413,151,Leuven,District Leuven,50.8690262,4.6854839,1.9159574622245699,50.88429013513507,4.698153089551047,2021,6,23,24062,Leuven,Regenval,"Nat, plassen","Nacht, openbare verlichting aanwezig en ontstoken",met lichtgewonden,9,personenauto,3,Fiets,Buiten Kruispunt,Gemeenteweg,binnen bebouwde kom,Tussen 2 bestuurders: Flank tegen flank,Geen hindernis
25414,151,Leuven,District Leuven,50.8690262,4.6854839,0.8557914090612635,50.86901408681771,4.6976790585254005,2021,6,8,24062,Leuven,Onbekend,Onbekend,Onbekend,met lichtgewonden,5,Lichte vrachtauto,3,Fiets,Op Kruispunt,Gewestweg,binnen bebouwde kom,Tss. 2 best.: langs opzij (voor-/achterkant-flank),Geen hindernis
25414,69,Leuven teller 1,Leuven,50.87549,4.71526,1.4284326875292932,50.86901408681771,4.6976790585254005,2021,6,8,24062,Leuven,Onbekend,Onbekend,Onbekend,met lichtgewonden,5,Lichte vrachtauto,3,Fiets,Op Kruispunt,Gewestweg,binnen bebouwde kom,Tss. 2 best.: langs opzij (voor-/achterkant-flank),Geen hindernis
25414,77,Leuven teller 2,Leuven,50.88672,4.70796,2.096786141504086,50.86901408681771,4.6976790585254005,2021,6,8,24062,Leuven,Onbekend,Onbekend,Onbekend,met lichtgewonden,5,Lichte vrachtauto,3,Fiets,Op Kruispunt,Gewestweg,binnen bebouwde kom,Tss. 2 best.: langs opzij (voor-/achterkant-flank),Geen hindernis
25414,107,leuven totem,Leuven,50.8870744,4.7087919,2.1542613487393223,50.86901408681771,4.6976790585254005,2021,6,8,24062,Leuven,Onbekend,Onbekend,Onbekend,met lichtgewonden,5,Lichte vrachtauto,3,Fiets,Op Kruispunt,Gewestweg,binnen bebouwde kom,Tss. 2 best.: langs opzij (voor-/achterkant-flank),Geen hindernis
25414,108,Heverlee teller 1,Leuven,50.8471728,4.6954674,2.433596652243652,50.86901408681771,4.6976790585254005,2021,6,8,24062,Leuven,Onbekend,Onbekend,Onbekend,met lichtgewonden,5,Lichte vrachtauto,3,Fiets,Op Kruispunt,Gewestweg,binnen bebouwde kom,Tss. 2 best.: langs opzij (voor-/achterkant-flank),Geen hindernis
25415,107,leuven totem,Leuven,50.8870744,4.7087919,1.4796645566545596,50.90028882100819,4.7063084498412096,2021,6,17,24062,Leuven,Normaal,Droog,Dag,met lichtgewonden,9,personenauto,3,Fiets,Op Kruispunt,Gemeenteweg,binnen bebouwde kom,Tss. 2 best.: langs opzij (voor-/achterkant-flank),Geen hindernis
25415,77,Leuven teller 2,Leuven,50.88672,4.70796,1.5132241421350023,50.90028882100819,4.7063084498412096,2021,6,17,24062,Leuven,Normaal,Droog,Dag,met lichtgewonden,9,personenauto,3,Fiets,Op Kruispunt,Gemeenteweg,binnen bebouwde kom,Tss. 2 best.: langs opzij (voor-/achterkant-flank),Geen hindernis
25416,76,Heverlee teller 2,Leuven,50.84606,4.69597,1.5292186675751502,50.8477953150228,4.717577212987742,2021,6,16,24062,Leuven,Normaal,"Nat, plassen",Dag,met lichtgewonden,3,Fiets,10,"één bestuurder, geen hindernis",Buiten Kruispunt,Gemeenteweg,binnen bebouwde kom,"Eén bestuurder, geen hindernis (incl. val)",Geen hindernis
25416,108,Heverlee teller 1,Leuven,50.8471728,4.6954674,1.553806567315703,50.8477953150228,4.717577212987742,2021,6,16,24062,Leuven,Normaal,"Nat, plassen",Dag,met lichtgewonden,3,Fiets,10,"één bestuurder, geen hindernis",Buiten Kruispunt,Gemeenteweg,binnen bebouwde kom,"Eén bestuurder, geen hindernis (incl. val)",Geen hindernis
25418,77,Leuven teller 2,Leuven,50.88672,4.70796,0.9136705035541426,50.88197635982239,4.697325354476392,2021,6,17,24062,Leuven,Normaal,Droog,Dag,met lichtgewonden,3,Fiets,9,personenauto,Op Kruispunt,Gemeenteweg,binnen bebouwde kom,Tss. 2 best.: langs opzij (voor-/achterkant-flank),Geen hindernis
25418,107,leuven totem,Leuven,50.8870744,4.7087919,0.9840711314050823,50.88197635982239,4.697325354476392,2021,6,17,24062,Leuven,Normaal,Droog,Dag,met lichtgewonden,3,Fiets,9,personenauto,Op Kruispunt,Gemeenteweg,binnen bebouwde kom,Tss. 2 best.: langs opzij (voor-/achterkant-flank),Geen hindernis
25418,69,Leuven teller 1,Leuven,50.87549,4.71526,1.4503470217341063,50.88197635982239,4.697325354476392,2021,6,17,24062,Leuven,Normaal,Droog,Dag,met lichtgewonden,3,Fiets,9,personenauto,Op Kruispunt,Gemeenteweg,binnen bebouwde kom,Tss. 2 best.: langs opzij (voor-/achterkant-flank),Geen hindernis
25418,151,Leuven,District Leuven,50.8690262,4.6854839,1.6624966571152549,50.88197635982239,4.697325354476392,2021,6,17,24062,Leuven,Normaal,Droog,Dag,met lichtgewonden,3,Fiets,9,personenauto,Op Kruispunt,Gemeenteweg,binnen bebouwde kom,Tss. 2 best.: langs opzij (voor-/achterkant-flank),Geen hindernis
25420,69,Leuven teller 1,Leuven,50.87549,4.71526,1.0619823045467978,50.86605004504224,4.712962646496128,2021,6,20,24062,Leuven,Onbekend,Droog,Dag,met lichtgewonden,3,Fiets,6,Bromfiets,Buiten Kruispunt,Gemeenteweg,binnen bebouwde kom,Tussen 2 bestuurders: Flank tegen flank,Geen hindernis
25420,151,Leuven,District Leuven,50.8690262,4.6854839,1.9565614484471237,50.86605004504224,4.712962646496128,2021,6,20,24062,Leuven,Onbekend,Droog,Dag,met lichtgewonden,3,Fiets,6,Bromfiets,Buiten Kruispunt,Gemeenteweg,binnen bebouwde kom,Tussen 2 bestuurders: Flank tegen flank,Geen hindernis
25420,77,Leuven teller 2,Leuven,50.88672,4.70796,2.325041681721676,50.86605004504224,4.712962646496128,2021,6,20,24062,Leuven,Onbekend,Droog,Dag,met lichtgewonden,3,Fiets,6,Bromfiets,Buiten Kruispunt,Gemeenteweg,binnen bebouwde kom,Tussen 2 bestuurders: Flank tegen flank,Geen hindernis
25420,107,leuven totem,Leuven,50.8870744,4.7087919,2.356045517871279,50.86605004504224,4.712962646496128,2021,6,20,24062,Leuven,Onbekend,Droog,Dag,met lichtgewonden,3,Fiets,6,Bromfiets,Buiten Kruispunt,Gemeenteweg,binnen bebouwde kom,Tussen 2 bestuurders: Flank tegen flank,Geen hindernis
25420,108,Heverlee teller 1,Leuven,50.8471728,4.6954674,2.4318985727303435,50.86605004504224,4.712962646496128,2021,6,20,24062,Leuven,Onbekend,Droog,Dag,met lichtgewonden,3,Fiets,6,Bromfiets,Buiten Kruispunt,Gemeenteweg,binnen bebouwde kom,Tussen 2 bestuurders: Flank tegen flank,Geen hindernis
25421,107,leuven totem,Leuven,50.8870744,4.7087919,1.604548258187871,50.90048465063079,4.700344365640779,2021,6,16,24062,Leuven,Normaal,Droog,Dag,met lichtgewonden,3,Fiets,9,personenauto,Op Kruispunt,Gemeenteweg,binnen bebouwde kom,Tussen 2 bestuurders: Frontale botsing,Geen hindernis
25421,77,Leuven teller 2,Leuven,50.88672,4.70796,1.6210859659573411,50.90048465063079,4.700344365640779,2021,6,16,24062,Leuven,Normaal,Droog,Dag,met lichtgewonden,3,Fiets,9,personenauto,Op Kruispunt,Gemeenteweg,binnen bebouwde kom,Tussen 2 bestuurders: Frontale botsing,Geen hindernis
25428,87,Aarschot,Aarschot,50.99084,4.81259,1.4649444529859437,50.98746314441127,4.832820493660417,2021,6,13,24001,Aarschot,Normaal,Droog,Dag,met lichtgewonden,9,personenauto,3,Fiets,Op Kruispunt,Gemeenteweg,binnen bebouwde kom,Tss. 2 best.: langs opzij (voor-/achterkant-flank),Geen hindernis
25429,87,Aarschot,Aarschot,50.99084,4.81259,1.4256332062367958,50.98314573632772,4.828881721264603,2021,6,9,24001,Aarschot,Normaal,Droog,Dag,met lichtgewonden,3,Fiets,8,Voetganger,Buiten Kruispunt,Gemeenteweg,binnen bebouwde kom,Met een voetganger,Geen hindernis
25432,87,Aarschot,Aarschot,50.99084,4.81259,2.135856421159492,50.99328340281507,4.842859029883565,2021,6,9,24001,Aarschot,Normaal,Droog,Dag,met lichtgewonden,9,personenauto,3,Fiets,Buiten Kruispunt,Gewestweg,binnen bebouwde kom,Tussen 2 bestuurders: Flank tegen flank,Geen hindernis
25439,101,Diest teller 1,Diest,50.97799,5.04481,0.8755837680246402,50.98469965473829,5.051356225207767,2021,6,9,24020,Diest,Regenval,"Nat, plassen",Dag,met lichtgewonden,3,Fiets,8,Voetganger,Buiten Kruispunt,Gemeenteweg,binnen bebouwde kom,Met een voetganger,Geen hindernis
25439,102,Diest teller 2,Diest,50.9779,5.04474,0.8866768078922723,50.98469965473829,5.051356225207767,2021,6,9,24020,Diest,Regenval,"Nat, plassen",Dag,met lichtgewonden,3,Fiets,8,Voetganger,Buiten Kruispunt,Gemeenteweg,binnen bebouwde kom,Met een voetganger,Geen hindernis
25446,26,Zaventem,Zaventem,50.86995,4.45444,1.0995973256294334,50.862210535929194,4.464193214138287,2021,6,10,23099,Kraainem,Normaal,Droog,Dag,met lichtgewonden,9,personenauto,3,Fiets,Op Kruispunt,Gemeenteweg,binnen bebouwde kom,Tussen 2 bestuurders: Frontale botsing,Geen hindernis
25459,27,Grimbergen,Meise,50.92127,4.34013,2.1376636207477286,50.940172590751004,4.34568832880263,2021,6,16,23050,Meise,Normaal,Droog,Dag,met lichtgewonden,9,personenauto,3,Fiets,Buiten Kruispunt,Gewestweg,buiten bebouwde kom,Tss. 2 best.: langs opzij (voor-/achterkant-flank),Geen hindernis
25461,27,Grimbergen,Meise,50.92127,4.34013,2.1825945028497533,50.9376567208282,4.357273786509002,2021,6,17,23025,Grimbergen,Normaal,Droog,Dag,met lichtgewonden,3,Fiets,9,personenauto,Op Kruispunt,Gewestweg,binnen bebouwde kom,Tss. 2 best.: langs opzij (voor-/achterkant-flank),Geen hindernis
25462,27,Grimbergen,Meise,50.92127,4.34013,1.8240865310097143,50.90689235004014,4.3526577926633925,2021,6,16,23025,Grimbergen,Normaal,Droog,Dag,met zwaargewonden,3,Fiets,8,Voetganger,Buiten Kruispunt,Gemeenteweg,binnen bebouwde kom,Met een voetganger,Geen hindernis
25464,47,Vilvoorde,Vilvoorde,50.91372,4.41497,1.8087743216511702,50.92812249527638,4.426964629019986,2021,6,15,23088,Vilvoorde,Normaal,Droog,Dag,met lichtgewonden,3,Fiets,6,Bromfiets,Buiten Kruispunt,Gemeenteweg,binnen bebouwde kom,Tussen 2 bestuurders: Flank tegen flank,Geen hindernis
25464,1,Machelen,Machelen,50.91618331151478,4.456121776137429,2.4370897452769564,50.92812249527638,4.426964629019986,2021,6,15,23088,Vilvoorde,Normaal,Droog,Dag,met lichtgewonden,3,Fiets,6,Bromfiets,Buiten Kruispunt,Gemeenteweg,binnen bebouwde kom,Tussen 2 bestuurders: Flank tegen flank,Geen hindernis
25465,1,Machelen,Machelen,50.91618331151478,4.456121776137429,1.1377697916615417,50.92234216045236,4.443160329201078,2021,6,14,23088,Vilvoorde,Normaal,Droog,Dag,met lichtgewonden,9,personenauto,3,Fiets,Buiten Kruispunt,Gewestweg,buiten bebouwde kom,Tss. 2 best.: langs opzij (voor-/achterkant-flank),Geen hindernis
25465,47,Vilvoorde,Vilvoorde,50.91372,4.41497,2.1964536910752406,50.92234216045236,4.443160329201078,2021,6,14,23088,Vilvoorde,Normaal,Droog,Dag,met lichtgewonden,9,personenauto,3,Fiets,Buiten Kruispunt,Gewestweg,buiten bebouwde kom,Tss. 2 best.: langs opzij (voor-/achterkant-flank),Geen hindernis
25466,47,Vilvoorde,Vilvoorde,50.91372,4.41497,1.8080720225155038,50.929952269385126,4.416486154562592,2021,6,17,23088,Vilvoorde,Normaal,Droog,Dag,met lichtgewonden,3,Fiets,10,"één bestuurder, geen hindernis",Buiten Kruispunt,Gemeenteweg,binnen bebouwde kom,"Eén bestuurder, geen hindernis (incl. val)",Geen hindernis
25467,47,Vilvoorde,Vilvoorde,50.91372,4.41497,2.4654057288891282,50.93359767128908,4.430551755181866,2021,6,8,23088,Vilvoorde,Normaal,Droog,Dag,met lichtgewonden,9,personenauto,3,Fiets,Op Kruispunt,Gewestweg,binnen bebouwde kom,Tss. 2 best.: langs opzij (voor-/achterkant-flank),Geen hindernis
25468,47,Vilvoorde,Vilvoorde,50.91372,4.41497,1.6405045145481236,50.92677403144305,4.425874569845411,2021,6,17,23088,Vilvoorde,Normaal,"Nat, plassen",Dag,met lichtgewonden,9,personenauto,3,Fiets,Op Kruispunt,Gewestweg,binnen bebouwde kom,Tss. 2 best.: langs opzij (voor-/achterkant-flank),Geen hindernis
25468,1,Machelen,Machelen,50.91618331151478,4.456121776137429,2.425294499156218,50.92677403144305,4.425874569845411,2021,6,17,23088,Vilvoorde,Normaal,"Nat, plassen",Dag,met lichtgewonden,9,personenauto,3,Fiets,Op Kruispunt,Gewestweg,binnen bebouwde kom,Tss. 2 best.: langs opzij (voor-/achterkant-flank),Geen hindernis
25469,109,Zemst,Zemst,50.9903936,4.4707023,2.412496869753191,50.983618999203514,4.5034448150893835,2021,6,15,23096,Zemst,Normaal,Droog,Dag,met lichtgewonden,9,personenauto,3,Fiets,Buiten Kruispunt,Gemeenteweg,buiten bebouwde kom,Tss. 2 best.: langs opzij (voor-/achterkant-flank),Geen hindernis
25471,71,Kampenhout teller 2,Kampenhout,50.95589,4.59164,0.8808097587028572,50.961828884601005,4.583318017674072,2021,6,17,23038,Kampenhout,Normaal,Droog,Dag,met lichtgewonden,2,Andere weggebruiker,3,Fiets,Buiten Kruispunt,Gewestweg,buiten bebouwde kom,Tss. 2 best.: langs opzij (voor-/achterkant-flank),Geen hindernis
25471,70,Kampenhout teller 1,Kampenhout,50.95682,4.59318,0.887299354769166,50.961828884601005,4.583318017674072,2021,6,17,23038,Kampenhout,Normaal,Droog,Dag,met lichtgewonden,2,Andere weggebruiker,3,Fiets,Buiten Kruispunt,Gewestweg,buiten bebouwde kom,Tss. 2 best.: langs opzij (voor-/achterkant-flank),Geen hindernis
25472,1,Machelen,Machelen,50.91618331151478,4.456121776137429,1.5607354987266053,50.91488044843056,4.478288627585099,2021,6,16,23081,Steenokkerzeel,Normaal,Droog,Dag,met lichtgewonden,3,Fiets,9,personenauto,Buiten Kruispunt,Gemeenteweg,binnen bebouwde kom,Tussen 2 bestuurders: Langs achteren,Geen hindernis
25473,119,Gent teller 2,Gent,51.0281795,3.7683918,0.8748678988636216,51.03567640155861,3.7645954837728395,2021,6,15,44021,Gent,Normaal,Droog,Dag,met lichtgewonden,9,personenauto,3,Fiets,Buiten Kruispunt,Gemeenteweg,binnen bebouwde kom,Tss. 2 best.: langs opzij (voor-/achterkant-flank),Geen hindernis
25473,118,Gent teller 1,Gent,51.028049,3.7681359,0.8835251857400898,51.03567640155861,3.7645954837728395,2021,6,15,44021,Gent,Normaal,Droog,Dag,met lichtgewonden,9,personenauto,3,Fiets,Buiten Kruispunt,Gemeenteweg,binnen bebouwde kom,Tss. 2 best.: langs opzij (voor-/achterkant-flank),Geen hindernis
25474,136,Gent R4,Gent,51.0876313,3.7587918,1.112669619851462,51.09144916097653,3.773517863627786,2021,6,15,44021,Gent,Normaal,Droog,Dag,met lichtgewonden,3,Fiets,5,Lichte vrachtauto,Op Kruispunt,Gemeenteweg,binnen bebouwde kom,Tussen 2 bestuurders: Flank tegen flank,Geen hindernis
25475,119,Gent teller 2,Gent,51.0281795,3.7683918,1.1315343400480733,51.036190138007754,3.7584128234624536,2021,6,8,44021,Gent,Normaal,Droog,Dag,met lichtgewonden,9,personenauto,3,Fiets,Op Kruispunt,Gemeenteweg,binnen bebouwde kom,Tss. 2 best.: langs opzij (voor-/achterkant-flank),Geen hindernis
25475,118,Gent teller 1,Gent,51.028049,3.7681359,1.132156595688469,51.036190138007754,3.7584128234624536,2021,6,8,44021,Gent,Normaal,Droog,Dag,met lichtgewonden,9,personenauto,3,Fiets,Op Kruispunt,Gemeenteweg,binnen bebouwde kom,Tss. 2 best.: langs opzij (voor-/achterkant-flank),Geen hindernis
25476,118,Gent teller 1,Gent,51.028049,3.7681359,2.2664977059273212,51.03693233968867,3.738964186698996,2021,6,18,44021,Gent,Normaal,"Nat, plassen",Dag,met lichtgewonden,9,personenauto,3,Fiets,Op Kruispunt,Gewestweg,binnen bebouwde kom,Tussen 2 bestuurders: Frontale botsing,Geen hindernis
25476,119,Gent teller 2,Gent,51.0281795,3.7683918,2.276372303307494,51.03693233968867,3.738964186698996,2021,6,18,44021,Gent,Normaal,"Nat, plassen",Dag,met lichtgewonden,9,personenauto,3,Fiets,Op Kruispunt,Gewestweg,binnen bebouwde kom,Tussen 2 bestuurders: Frontale botsing,Geen hindernis
25477,13,Gent,Gent,51.03018,3.70146,2.3272485652747497,51.009250769863264,3.7013077835599573,2021,6,16,44021,Gent,Regenval,"Nat, plassen",Dag,met lichtgewonden,3,Fiets,9,personenauto,Buiten Kruispunt,Gewestweg,buiten bebouwde kom,Tss. 2 best.: langs opzij (voor-/achterkant-flank),Geen hindernis
25478,13,Gent,Gent,51.03018,3.70146,1.9599039208280231,51.03841286198792,3.726243030917915,2021,6,15,44021,Gent,Normaal,Droog,Dag,met lichtgewonden,9,personenauto,3,Fiets,Op Kruispunt,Gewestweg,binnen bebouwde kom,Tussen 2 bestuurders: Frontale botsing,Geen hindernis
25479,13,Gent,Gent,51.03018,3.70146,2.122114545677948,51.048543239807756,3.7097260303458173,2021,6,8,44021,Gent,Normaal,Droog,Dag,met lichtgewonden,9,personenauto,3,Fiets,Op Kruispunt,Gewestweg,binnen bebouwde kom,Tss. 2 best.: langs opzij (voor-/achterkant-flank),Geen hindernis
25480,13,Gent,Gent,51.03018,3.70146,2.0040648263236136,51.04810279281437,3.7044781594754093,2021,6,9,44021,Gent,Normaal,Droog,Dag,met lichtgewonden,9,personenauto,3,Fiets,Op Kruispunt,Gemeenteweg,binnen bebouwde kom,Tss. 2 best.: langs opzij (voor-/achterkant-flank),Geen hindernis
25481,136,Gent R4,Gent,51.0876313,3.7587918,1.7320305333382826,51.0983917587302,3.7767238319277734,2021,6,16,44021,Gent,Normaal,Droog,Dag,met lichtgewonden,9,personenauto,3,Fiets,Buiten Kruispunt,Gemeenteweg,binnen bebouwde kom,Tussen 2 bestuurders: Langs achteren,Geen hindernis
25484,118,Gent teller 1,Gent,51.028049,3.7681359,2.400986565574156,51.01787116734137,3.7378606270407895,2021,6,7,44021,Gent,Normaal,Droog,Dag,met lichtgewonden,9,personenauto,3,Fiets,Op Kruispunt,Gemeenteweg,binnen bebouwde kom,Tss. 2 best.: langs opzij (voor-/achterkant-flank),Geen hindernis
25484,119,Gent teller 2,Gent,51.0281795,3.7683918,2.4236129575278373,51.01787116734137,3.7378606270407895,2021,6,7,44021,Gent,Normaal,Droog,Dag,met lichtgewonden,9,personenauto,3,Fiets,Op Kruispunt,Gemeenteweg,binnen bebouwde kom,Tss. 2 best.: langs opzij (voor-/achterkant-flank),Geen hindernis
25486,118,Gent teller 1,Gent,51.028049,3.7681359,0.4334522870121666,51.03054866105109,3.763379875968738,2021,6,17,44021,Gent,Normaal,Droog,Dag,met lichtgewonden,9,personenauto,3,Fiets,Buiten Kruispunt,Gewestweg,buiten bebouwde kom,Tussen 2 bestuurders: Frontale botsing,Geen hindernis
25486,119,Gent teller 2,Gent,51.0281795,3.7683918,0.43846230426789645,51.03054866105109,3.763379875968738,2021,6,17,44021,Gent,Normaal,Droog,Dag,met lichtgewonden,9,personenauto,3,Fiets,Buiten Kruispunt,Gewestweg,buiten bebouwde kom,Tussen 2 bestuurders: Frontale botsing,Geen hindernis
25487,13,Gent,Gent,51.03018,3.70146,1.4945792984715816,51.04233185394162,3.710594639237917,2021,6,7,44021,Gent,Normaal,Droog,Dag,met lichtgewonden,9,personenauto,3,Fiets,Op Kruispunt,Gewestweg,binnen bebouwde kom,Tss. 2 best.: langs opzij (voor-/achterkant-flank),Geen hindernis
25488,118,Gent teller 1,Gent,51.028049,3.7681359,1.2033950618702072,51.03481127313143,3.7547002410057084,2021,6,8,44021,Gent,Normaal,Droog,Dag,met lichtgewonden,9,personenauto,3,Fiets,Op Kruispunt,Gewestweg,buiten bebouwde kom,Tussen 2 bestuurders: Frontale botsing,Geen hindernis
25488,119,Gent teller 2,Gent,51.0281795,3.7683918,1.208508232389181,51.03481127313143,3.7547002410057084,2021,6,8,44021,Gent,Normaal,Droog,Dag,met lichtgewonden,9,personenauto,3,Fiets,Op Kruispunt,Gewestweg,buiten bebouwde kom,Tussen 2 bestuurders: Frontale botsing,Geen hindernis
25489,118,Gent teller 1,Gent,51.028049,3.7681359,0.15207897954978256,51.02675662428044,3.7674242975835095,2021,6,8,44021,Gent,Normaal,Droog,Dag,met lichtgewonden,1,Autobus,3,Fiets,Buiten Kruispunt,Gemeenteweg,binnen bebouwde kom,Tss. 2 best.: langs opzij (voor-/achterkant-flank),Geen hindernis
25489,119,Gent teller 2,Gent,51.0281795,3.7683918,0.17207779977389234,51.02675662428044,3.7674242975835095,2021,6,8,44021,Gent,Normaal,Droog,Dag,met lichtgewonden,1,Autobus,3,Fiets,Buiten Kruispunt,Gemeenteweg,binnen bebouwde kom,Tss. 2 best.: langs opzij (voor-/achterkant-flank),Geen hindernis
25491,13,Gent,Gent,51.03018,3.70146,1.8914924509981554,51.03472629065385,3.727525095763845,2021,6,11,44021,Gent,Normaal,Droog,Dag,met lichtgewonden,9,personenauto,3,Fiets,Op Kruispunt,Gemeenteweg,binnen bebouwde kom,Tss. 2 best.: langs opzij (voor-/achterkant-flank),Geen hindernis
25492,118,Gent teller 1,Gent,51.028049,3.7681359,2.3089159900688383,51.04092950087584,3.742236630090082,2021,6,18,44021,Gent,Normaal,Droog,Dag,met lichtgewonden,3,Fiets,9,personenauto,Buiten Kruispunt,Gewestweg,binnen bebouwde kom,Tss. 2 best.: langs opzij (voor-/achterkant-flank),Geen hindernis
25492,119,Gent teller 2,Gent,51.0281795,3.7683918,2.3140570198005745,51.04092950087584,3.742236630090082,2021,6,18,44021,Gent,Normaal,Droog,Dag,met lichtgewonden,3,Fiets,9,personenauto,Buiten Kruispunt,Gewestweg,binnen bebouwde kom,Tss. 2 best.: langs opzij (voor-/achterkant-flank),Geen hindernis