crash_row_id,site_id,site_name,site_gemeente,site_lat,site_long,distance_km,crash_lat,crash_long,DT_YEAR_COLLISION,DT_MONTH_COLLISION,DT_TIME,CD_NIS,TX_MUNTY_COLLISION_NL,TX_WEATHER_NL,TX_ROAD_CONDITION_NL,TX_LIGHT_CONDITION_NL,TX_CLASS_ACCIDENTS_NL,CD_ROAD_USR_TYPE1,TX_ROAD_USR_TYPE1_NL,CD_ROAD_USR_TYPE2,TX_ROAD_USR_TYPE2_NL,TX_CROSSWAY_NL,CD_ROAD_TYPE_NL,TX_BUILD_UP_AREA_NL,TX_COLLISION_TYPE_NL,TX_OBSTACLES_NL
25494,13,Gent,Gent,51.03018,3.70146,1.9673756300167242,51.038634377255576,3.7261754902776536,2021,6,17,44021,Gent,Normaal,Droog,Dag,met lichtgewonden,9,personenauto,3,Fiets,Op Kruispunt,Gewestweg,binnen bebouwde kom,Tussen 2 bestuurders: Flank tegen flank,Geen hindernis
25501,119,Gent teller 2,Gent,51.0281795,3.7683918,1.1315343400480733,51.036190138007754,3.7584128234624536,2021,6,22,44021,Gent,Normaal,Droog,"Nacht, openbare verlichting aanwezig en ontstoken",met lichtgewonden,9,personenauto,3,Fiets,Op Kruispunt,Gemeenteweg,binnen bebouwde kom,Tss. 2 best.: langs opzij (voor-/achterkant-flank),Geen hindernis
25501,118,Gent teller 1,Gent,51.028049,3.7681359,1.132156595688469,51.036190138007754,3.7584128234624536,2021,6,22,44021,Gent,Normaal,Droog,"Nacht, openbare verlichting aanwezig en ontstoken",met lichtgewonden,9,personenauto,3,Fiets,Op Kruispunt,Gemeenteweg,binnen bebouwde kom,Tss. 2 best.: langs opzij (voor-/achterkant-flank),Geen hindernis
25502,118,Gent teller 1,Gent,51.028049,3.7681359,0.9095072779654754,51.02330741564434,3.757539523190516,2021,6,12,44021,Gent,Onbekend,Onbekend,Dag,met lichtgewonden,3,Fiets,3,Fiets,Buiten Kruispunt,Gemeenteweg,binnen bebouwde kom,Tss. 2 best.: langs opzij (voor-/achterkant-flank),Geen hindernis
25502,119,Gent teller 2,Gent,51.0281795,3.7683918,0.932502748010531,51.02330741564434,3.757539523190516,2021,6,12,44021,Gent,Onbekend,Onbekend,Dag,met lichtgewonden,3,Fiets,3,Fiets,Buiten Kruispunt,Gemeenteweg,binnen bebouwde kom,Tss. 2 best.: langs opzij (voor-/achterkant-flank),Geen hindernis
25503,13,Gent,Gent,51.03018,3.70146,2.0339438982541536,51.04635896683558,3.71503167646556,2021,6,16,44021,Gent,Normaal,Droog,Dag,met lichtgewonden,9,personenauto,3,Fiets,Buiten Kruispunt,Gemeenteweg,buiten bebouwde kom,Tss. 2 best.: langs opzij (voor-/achterkant-flank),Geen hindernis
25505,118,Gent teller 1,Gent,51.028049,3.7681359,2.052135523278464,51.039511852461025,3.7451359701049323,2021,6,17,44021,Gent,Normaal,Droog,Dag,met lichtgewonden,3,Fiets,9,personenauto,Op Kruispunt,Gewestweg,binnen bebouwde kom,Tussen 2 bestuurders: Langs achteren,Geen hindernis
25505,119,Gent teller 2,Gent,51.0281795,3.7683918,2.0572676468213476,51.039511852461025,3.7451359701049323,2021,6,17,44021,Gent,Normaal,Droog,Dag,met lichtgewonden,3,Fiets,9,personenauto,Op Kruispunt,Gewestweg,binnen bebouwde kom,Tussen 2 bestuurders: Langs achteren,Geen hindernis
25506,136,Gent R4,Gent,51.0876313,3.7587918,2.253377966132589,51.07569618444956,3.7848620798997517,2021,6,12,44021,Gent,Normaal,Droog,Dag,met lichtgewonden,9,personenauto,3,Fiets,Buiten Kruispunt,Gemeenteweg,binnen bebouwde kom,Tss. 2 best.: langs opzij (voor-/achterkant-flank),Geen hindernis
25507,136,Gent R4,Gent,51.0876313,3.7587918,2.4587745335353794,51.08375712636067,3.7934491340351704,2021,6,14,44021,Gent,Normaal,Droog,Dag,met lichtgewonden,3,Fiets,11,een weggebruiker tegen een hindernis,Buiten Kruispunt,Gemeenteweg,binnen bebouwde kom,Weggebruiker tegen hindernis op de rijbaan,"Op de rijbaan: Werken (signal., aarde, toestel,…)"
25510,13,Gent,Gent,51.03018,3.70146,1.927743694220323,51.030089314706366,3.729025685599246,2021,6,5,44021,Gent,Normaal,Droog,Dageraad - schemering,met zwaargewonden,3,Fiets,5,Lichte vrachtauto,Buiten Kruispunt,Gemeenteweg,binnen bebouwde kom,Tussen 2 bestuurders: Frontale botsing,Geen hindernis
25516,136,Gent R4,Gent,51.0876313,3.7587918,2.4335998516673576,51.06604429512388,3.753054476718252,2021,6,8,44021,Gent,Normaal,Droog,Dag,met lichtgewonden,3,Fiets,9,personenauto,Buiten Kruispunt,Gemeenteweg,binnen bebouwde kom,Tss. 2 best.: langs opzij (voor-/achterkant-flank),Geen hindernis
25517,13,Gent,Gent,51.03018,3.70146,0.9660943529953008,51.03407887565325,3.7138062373144276,2021,6,10,44021,Gent,Normaal,Droog,Dag,met zwaargewonden,3,Fiets,3,Fiets,Buiten Kruispunt,Gemeenteweg,binnen bebouwde kom,Tussen 2 bestuurders: Flank tegen flank,Geen hindernis
25521,118,Gent teller 1,Gent,51.028049,3.7681359,0.8925533562229229,51.021150222265675,3.761611976075171,2021,6,23,44021,Gent,Onbekend,Onbekend,Onbekend,met lichtgewonden,3,Fiets,9,personenauto,Op Kruispunt,Gemeenteweg,binnen bebouwde kom,Tussen 2 bestuurders: Frontale botsing,Geen hindernis
25521,119,Gent teller 2,Gent,51.0281795,3.7683918,0.9142087017064181,51.021150222265675,3.761611976075171,2021,6,23,44021,Gent,Onbekend,Onbekend,Onbekend,met lichtgewonden,3,Fiets,9,personenauto,Op Kruispunt,Gemeenteweg,binnen bebouwde kom,Tussen 2 bestuurders: Frontale botsing,Geen hindernis
25522,136,Gent R4,Gent,51.0876313,3.7587918,0.8795900047037744,51.079784343609866,3.7603827348991103,2021,6,14,44021,Gent,Normaal,Droog,Dag,met lichtgewonden,3,Fiets,9,personenauto,Op Kruispunt,Gemeenteweg,binnen bebouwde kom,Tss. 2 best.: langs opzij (voor-/achterkant-flank),Geen hindernis
25544,119,Gent teller 2,Gent,51.0281795,3.7683918,2.278849242833634,51.02744951724924,3.8009562413872877,2021,6,13,44013,Destelbergen,Normaal,Droog,Dag,met lichtgewonden,3,Fiets,8,Voetganger,Buiten Kruispunt,Gemeenteweg,binnen bebouwde kom,Met een voetganger,Geen hindernis
25544,118,Gent teller 1,Gent,51.028049,3.7681359,2.296270594134439,51.02744951724924,3.8009562413872877,2021,6,13,44013,Destelbergen,Normaal,Droog,Dag,met lichtgewonden,3,Fiets,8,Voetganger,Buiten Kruispunt,Gemeenteweg,binnen bebouwde kom,Met een voetganger,Geen hindernis
25545,116,Melle teller 2,Melle,50.9986113,3.8040599,0.2542645779486777,51.00025151044818,3.806591598749925,2021,6,14,44040,Melle,Normaal,Droog,Dag,met zwaargewonden,3,Fiets,6,Bromfiets,Buiten Kruispunt,Gewestweg,binnen bebouwde kom,Tussen 2 bestuurders: Flank tegen flank,Geen hindernis
25545,117,Melle teller 1,Melle,50.9986113,3.8040599,0.2542645779486777,51.00025151044818,3.806591598749925,2021,6,14,44040,Melle,Normaal,Droog,Dag,met zwaargewonden,3,Fiets,6,Bromfiets,Buiten Kruispunt,Gewestweg,binnen bebouwde kom,Tussen 2 bestuurders: Flank tegen flank,Geen hindernis
25546,119,Gent teller 2,Gent,51.0281795,3.7683918,2.369546392622444,51.03074805471756,3.8020279624428595,2021,6,14,44013,Destelbergen,Normaal,Droog,Dag,met lichtgewonden,3,Fiets,3,Fiets,Buiten Kruispunt,Gewestweg,binnen bebouwde kom,Tussen 2 bestuurders: Frontale botsing,Geen hindernis
25546,118,Gent teller 1,Gent,51.028049,3.7681359,2.3890954821818293,51.03074805471756,3.8020279624428595,2021,6,14,44013,Destelbergen,Normaal,Droog,Dag,met lichtgewonden,3,Fiets,3,Fiets,Buiten Kruispunt,Gewestweg,binnen bebouwde kom,Tussen 2 bestuurders: Frontale botsing,Geen hindernis
25548,116,Melle teller 2,Melle,50.9986113,3.8040599,0.8014010863673867,51.0048057948418,3.798205810408859,2021,6,16,44040,Melle,Normaal,Droog,Dag,met lichtgewonden,9,personenauto,3,Fiets,Op Kruispunt,Gewestweg,binnen bebouwde kom,Tss. 2 best.: langs opzij (voor-/achterkant-flank),Geen hindernis
25548,117,Melle teller 1,Melle,50.9986113,3.8040599,0.8014010863673867,51.0048057948418,3.798205810408859,2021,6,16,44040,Melle,Normaal,Droog,Dag,met lichtgewonden,9,personenauto,3,Fiets,Op Kruispunt,Gewestweg,binnen bebouwde kom,Tss. 2 best.: langs opzij (voor-/achterkant-flank),Geen hindernis
25549,118,Gent teller 1,Gent,51.028049,3.7681359,1.2586772077321688,51.01698697084766,3.764319131632089,2021,6,17,44040,Melle,Normaal,Droog,Dag,met lichtgewonden,3,Fiets,6,Bromfiets,Op Kruispunt,Gemeenteweg,binnen bebouwde kom,Tussen 2 bestuurders: Frontale botsing,Geen hindernis
25549,119,Gent teller 2,Gent,51.0281795,3.7683918,1.2767354381485145,51.01698697084766,3.764319131632089,2021,6,17,44040,Melle,Normaal,Droog,Dag,met lichtgewonden,3,Fiets,6,Bromfiets,Op Kruispunt,Gemeenteweg,binnen bebouwde kom,Tussen 2 bestuurders: Frontale botsing,Geen hindernis
25553,116,Melle teller 2,Melle,50.9986113,3.8040599,2.119050620382575,50.98005191559491,3.810933737828521,2021,6,19,44040,Melle,Normaal,Droog,Dag,met lichtgewonden,3,Fiets,11,een weggebruiker tegen een hindernis,Buiten Kruispunt,Gemeenteweg,buiten bebouwde kom,Weggebruiker tegen hindernis buiten rijbaan,Buiten de rijbaan: Gracht
25553,117,Melle teller 1,Melle,50.9986113,3.8040599,2.119050620382575,50.98005191559491,3.810933737828521,2021,6,19,44040,Melle,Normaal,Droog,Dag,met lichtgewonden,3,Fiets,11,een weggebruiker tegen een hindernis,Buiten Kruispunt,Gemeenteweg,buiten bebouwde kom,Weggebruiker tegen hindernis buiten rijbaan,Buiten de rijbaan: Gracht
25555,116,Melle teller 2,Melle,50.9986113,3.8040599,1.971527411888241,50.9845876891777,3.7868235228753058,2021,6,16,44040,Melle,Normaal,Droog,Dag,met lichtgewonden,3,Fiets,10,"één bestuurder, geen hindernis",Buiten Kruispunt,Gemeenteweg,buiten bebouwde kom,"Eén bestuurder, geen hindernis (incl. val)",Geen hindernis
25555,117,Melle teller 1,Melle,50.9986113,3.8040599,1.971527411888241,50.9845876891777,3.7868235228753058,2021,6,16,44040,Melle,Normaal,Droog,Dag,met lichtgewonden,3,Fiets,10,"één bestuurder, geen hindernis",Buiten Kruispunt,Gemeenteweg,buiten bebouwde kom,"Eén bestuurder, geen hindernis (incl. val)",Geen hindernis
25572,7,Evergem 1,Evergem,51.1089,3.70317,0.4196342563185297,51.10523686703131,3.701724690432562,2021,6,17,44019,Evergem,Normaal,"Nat, plassen",Dag,met zwaargewonden,3,Fiets,9,personenauto,Buiten Kruispunt,Gemeenteweg,binnen bebouwde kom,Tss. 2 best.: langs opzij (voor-/achterkant-flank),Geen hindernis
25572,6,Evergem 2,Evergem,51.10894,3.70298,0.4209928804737535,51.10523686703131,3.701724690432562,2021,6,17,44019,Evergem,Normaal,"Nat, plassen",Dag,met zwaargewonden,3,Fiets,9,personenauto,Buiten Kruispunt,Gemeenteweg,binnen bebouwde kom,Tss. 2 best.: langs opzij (voor-/achterkant-flank),Geen hindernis
25576,115,Aalter,Aalter,51.1058367,3.4350591,2.2438737723848217,51.087643062785595,3.4489599018763286,2021,6,15,44084,Aalter,Normaal,Droog,Dag,met lichtgewonden,3,Fiets,10,"één bestuurder, geen hindernis",Op Kruispunt,Gemeenteweg,binnen bebouwde kom,"Eén bestuurder, geen hindernis (incl. val)",Geen hindernis
25620,128,Lokeren teller 1,Lokeren,51.09644,3.97023,1.486609757209348,51.104763678967814,3.986890726039175,2021,6,12,46014,Lokeren,Normaal,Droog,Dag,met lichtgewonden,5,Lichte vrachtauto,3,Fiets,Op Kruispunt,Gemeenteweg,binnen bebouwde kom,Tussen 2 bestuurders: Langs achteren,Geen hindernis
25620,129,Lokeren teller 2,Lokeren,51.09612,3.97025,1.5079467289394903,51.104763678967814,3.986890726039175,2021,6,12,46014,Lokeren,Normaal,Droog,Dag,met lichtgewonden,5,Lichte vrachtauto,3,Fiets,Op Kruispunt,Gemeenteweg,binnen bebouwde kom,Tussen 2 bestuurders: Langs achteren,Geen hindernis
25620,141,Test site A support,Lokeren,51.08342085,3.9961071208376326,2.458943763135177,51.104763678967814,3.986890726039175,2021,6,12,46014,Lokeren,Normaal,Droog,Dag,met lichtgewonden,5,Lichte vrachtauto,3,Fiets,Op Kruispunt,Gemeenteweg,binnen bebouwde kom,Tussen 2 bestuurders: Langs achteren,Geen hindernis
25622,128,Lokeren teller 1,Lokeren,51.09644,3.97023,1.6162661942191225,51.10485668403685,3.989101855624918,2021,6,16,46014,Lokeren,Normaal,Droog,Dag,met zwaargewonden,3,Fiets,8,Voetganger,Buiten Kruispunt,Gemeenteweg,binnen bebouwde kom,Met een voetganger,Geen hindernis
25622,129,Lokeren teller 2,Lokeren,51.09612,3.97025,1.6360068994622163,51.10485668403685,3.989101855624918,2021,6,16,46014,Lokeren,Normaal,Droog,Dag,met zwaargewonden,3,Fiets,8,Voetganger,Buiten Kruispunt,Gemeenteweg,binnen bebouwde kom,Met een voetganger,Geen hindernis
25622,141,Test site A support,Lokeren,51.08342085,3.9961071208376326,2.433242549408895,51.10485668403685,3.989101855624918,2021,6,16,46014,Lokeren,Normaal,Droog,Dag,met zwaargewonden,3,Fiets,8,Voetganger,Buiten Kruispunt,Gemeenteweg,binnen bebouwde kom,Met een voetganger,Geen hindernis
25623,141,Test site A support,Lokeren,51.08342085,3.9961071208376326,1.67363535293914,51.09641356882054,4.008204258402136,2021,6,20,46014,Lokeren,Normaal,Droog,Dag,met zwaargewonden,9,personenauto,3,Fiets,Op Kruispunt,Gewestweg,buiten bebouwde kom,Tss. 2 best.: langs opzij (voor-/achterkant-flank),Geen hindernis
25624,128,Lokeren teller 1,Lokeren,51.09644,3.97023,1.5692119858034874,51.110284491878815,3.9658726516737253,2021,6,9,46014,Lokeren,Normaal,Droog,Dag,met lichtgewonden,3,Fiets,9,personenauto,Buiten Kruispunt,Gewestweg,buiten bebouwde kom,Tss. 2 best.: langs opzij (voor-/achterkant-flank),Geen hindernis
25624,129,Lokeren teller 2,Lokeren,51.09612,3.97025,1.6043996741360154,51.110284491878815,3.9658726516737253,2021,6,9,46014,Lokeren,Normaal,Droog,Dag,met lichtgewonden,3,Fiets,9,personenauto,Buiten Kruispunt,Gewestweg,buiten bebouwde kom,Tss. 2 best.: langs opzij (voor-/achterkant-flank),Geen hindernis
25625,141,Test site A support,Lokeren,51.08342085,3.9961071208376326,1.5001654704410619,51.09691081341757,3.9964108424998894,2021,6,13,46014,Lokeren,Normaal,Droog,Dag,met lichtgewonden,3,Fiets,6,Bromfiets,Op Kruispunt,Gewestweg,buiten bebouwde kom,Tss. 2 best.: langs opzij (voor-/achterkant-flank),Geen hindernis
25625,129,Lokeren teller 2,Lokeren,51.09612,3.97025,1.8289677782469407,51.09691081341757,3.9964108424998894,2021,6,13,46014,Lokeren,Normaal,Droog,Dag,met lichtgewonden,3,Fiets,6,Bromfiets,Op Kruispunt,Gewestweg,buiten bebouwde kom,Tss. 2 best.: langs opzij (voor-/achterkant-flank),Geen hindernis
25625,128,Lokeren teller 1,Lokeren,51.09644,3.97023,1.8289923740293736,51.09691081341757,3.9964108424998894,2021,6,13,46014,Lokeren,Normaal,Droog,Dag,met lichtgewonden,3,Fiets,6,Bromfiets,Op Kruispunt,Gewestweg,buiten bebouwde kom,Tss. 2 best.: langs opzij (voor-/achterkant-flank),Geen hindernis
25627,141,Test site A support,Lokeren,51.08342085,3.9961071208376326,1.67363535293914,51.09641356882054,4.008204258402136,2021,6,20,46014,Lokeren,Normaal,Droog,Dag,met lichtgewonden,3,Fiets,9,personenauto,Op Kruispunt,Gewestweg,binnen bebouwde kom,Tss. 2 best.: langs opzij (voor-/achterkant-flank),Geen hindernis
25629,126,Hamme totem,Hamme,51.1017709,4.1469307,1.4234130546799522,51.09093567632647,4.136076568828493,2021,6,18,42008,Hamme,Normaal,Droog,Dag,met lichtgewonden,3,Fiets,9,personenauto,Buiten Kruispunt,Gewestweg,binnen bebouwde kom,Tussen 2 bestuurders: Langs achteren,Geen hindernis
25631,126,Hamme totem,Hamme,51.1017709,4.1469307,0.8578993462190782,51.09826346890351,4.135987493020285,2021,6,13,42008,Hamme,Normaal,Droog,Dag,met lichtgewonden,3,Fiets,11,een weggebruiker tegen een hindernis,Buiten Kruispunt,Gemeenteweg,binnen bebouwde kom,Weggebruiker tegen hindernis op de rijbaan,"Op de rijbaan: Verkeersdrempel, ezelsrug"
25633,120,Zele teller 1,Zele,51.0607671,4.0547741,0.08073100786847268,51.06142191039033,4.054275127398377,2021,6,14,42028,Zele,Onbekend,Droog,Dag,met zwaargewonden,3,Fiets,9,personenauto,Op Kruispunt,Gewestweg,buiten bebouwde kom,Tussen 2 bestuurders: Flank tegen flank,Geen hindernis
25633,121,Zele teller 2,Zele,51.0604067,4.0556696,0.14913223749469348,51.06142191039033,4.054275127398377,2021,6,14,42028,Zele,Onbekend,Droog,Dag,met zwaargewonden,3,Fiets,9,personenauto,Op Kruispunt,Gewestweg,buiten bebouwde kom,Tussen 2 bestuurders: Flank tegen flank,Geen hindernis
25636,152,Opwijk,District Vilvoorde-gewestwegen,50.968901168564656,4.149169474840164,1.8769919498183172,50.978727282783815,4.127371792229051,2021,6,16,42011,Lebbeke,Normaal,Droog,Dag,met lichtgewonden,3,Fiets,3,Fiets,Op Kruispunt,Gemeenteweg,buiten bebouwde kom,Tussen 2 bestuurders: Flank tegen flank,Geen hindernis
25637,152,Opwijk,District Vilvoorde-gewestwegen,50.968901168564656,4.149169474840164,2.3826393432723876,50.988715248536934,4.136213087193584,2021,6,13,42011,Lebbeke,Normaal,Droog,Dag,met zwaargewonden,3,Fiets,4,Vrachtwagen,Op Kruispunt,Gewestweg,buiten bebouwde kom,Tss. 2 best.: langs opzij (voor-/achterkant-flank),Geen hindernis
25651,10,Aalst 2,Aalst,50.93549,4.01571,1.4013073584241837,50.94020085986116,4.034258626130309,2021,6,12,41002,Aalst,Normaal,Droog,Dag,met lichtgewonden,3,Fiets,8,Voetganger,Buiten Kruispunt,Gemeenteweg,binnen bebouwde kom,Met een voetganger,Geen hindernis
25651,11,Aalst 3,Aalst,50.93385,4.01647,1.4326292205637912,50.94020085986116,4.034258626130309,2021,6,12,41002,Aalst,Normaal,Droog,Dag,met lichtgewonden,3,Fiets,8,Voetganger,Buiten Kruispunt,Gemeenteweg,binnen bebouwde kom,Met een voetganger,Geen hindernis
25651,19,Aalst 1,Aalst,50.93433,4.01471,1.5174101551780503,50.94020085986116,4.034258626130309,2021,6,12,41002,Aalst,Normaal,Droog,Dag,met lichtgewonden,3,Fiets,8,Voetganger,Buiten Kruispunt,Gemeenteweg,binnen bebouwde kom,Met een voetganger,Geen hindernis
25652,11,Aalst 3,Aalst,50.93385,4.01647,0.8717353627926302,50.93605075346798,4.0284097693078325,2021,6,19,41002,Aalst,Normaal,Droog,Dag,met lichtgewonden,9,personenauto,3,Fiets,Buiten Kruispunt,Gewestweg,binnen bebouwde kom,Tussen 2 bestuurders: Frontale botsing,Geen hindernis
25652,10,Aalst 2,Aalst,50.93549,4.01571,0.8921061543521924,50.93605075346798,4.0284097693078325,2021,6,19,41002,Aalst,Normaal,Droog,Dag,met lichtgewonden,9,personenauto,3,Fiets,Buiten Kruispunt,Gewestweg,binnen bebouwde kom,Tussen 2 bestuurders: Frontale botsing,Geen hindernis
25652,19,Aalst 1,Aalst,50.93433,4.01471,0.9788926090153077,50.93605075346798,4.0284097693078325,2021,6,19,41002,Aalst,Normaal,Droog,Dag,met lichtgewonden,9,personenauto,3,Fiets,Buiten Kruispunt,Gewestweg,binnen bebouwde kom,Tussen 2 bestuurders: Frontale botsing,Geen hindernis
25653,10,Aalst 2,Aalst,50.93549,4.01571,1.7880054376501624,50.940969450427914,4.039700053084584,2021,6,12,41002,Aalst,Normaal,Droog,Dag,met lichtgewonden,9,personenauto,3,Fiets,Buiten Kruispunt,Gemeenteweg,binnen bebouwde kom,Tss. 2 best.: langs opzij (voor-/achterkant-flank),Geen hindernis
25653,11,Aalst 3,Aalst,50.93385,4.01647,1.8100633674407898,50.940969450427914,4.039700053084584,2021,6,12,41002,Aalst,Normaal,Droog,Dag,met lichtgewonden,9,personenauto,3,Fiets,Buiten Kruispunt,Gemeenteweg,binnen bebouwde kom,Tss. 2 best.: langs opzij (voor-/achterkant-flank),Geen hindernis
25653,19,Aalst 1,Aalst,50.93433,4.01471,1.900353048542612,50.940969450427914,4.039700053084584,2021,6,12,41002,Aalst,Normaal,Droog,Dag,met lichtgewonden,9,personenauto,3,Fiets,Buiten Kruispunt,Gemeenteweg,binnen bebouwde kom,Tss. 2 best.: langs opzij (voor-/achterkant-flank),Geen hindernis
25655,10,Aalst 2,Aalst,50.93549,4.01571,0.6925973494614691,50.939529952938315,4.023233081211279,2021,6,10,41002,Aalst,Normaal,Droog,Dag,met lichtgewonden,3,Fiets,9,personenauto,Buiten Kruispunt,Gemeenteweg,binnen bebouwde kom,Tss. 2 best.: langs opzij (voor-/achterkant-flank),Geen hindernis
25655,11,Aalst 3,Aalst,50.93385,4.01647,0.7896099043353287,50.939529952938315,4.023233081211279,2021,6,10,41002,Aalst,Normaal,Droog,Dag,met lichtgewonden,3,Fiets,9,personenauto,Buiten Kruispunt,Gemeenteweg,binnen bebouwde kom,Tss. 2 best.: langs opzij (voor-/achterkant-flank),Geen hindernis
25655,19,Aalst 1,Aalst,50.93433,4.01471,0.8312707399490388,50.939529952938315,4.023233081211279,2021,6,10,41002,Aalst,Normaal,Droog,Dag,met lichtgewonden,3,Fiets,9,personenauto,Buiten Kruispunt,Gemeenteweg,binnen bebouwde kom,Tss. 2 best.: langs opzij (voor-/achterkant-flank),Geen hindernis
25656,10,Aalst 2,Aalst,50.93549,4.01571,1.8820276668296747,50.940802404055006,4.041211766719031,2021,6,9,41002,Aalst,Normaal,Droog,Dag,met lichtgewonden,9,personenauto,3,Fiets,Buiten Kruispunt,Gemeenteweg,binnen bebouwde kom,Tss. 2 best.: langs opzij (voor-/achterkant-flank),Geen hindernis
25656,11,Aalst 3,Aalst,50.93385,4.01647,1.8982490690597835,50.940802404055006,4.041211766719031,2021,6,9,41002,Aalst,Normaal,Droog,Dag,met lichtgewonden,9,personenauto,3,Fiets,Buiten Kruispunt,Gemeenteweg,binnen bebouwde kom,Tss. 2 best.: langs opzij (voor-/achterkant-flank),Geen hindernis
25656,19,Aalst 1,Aalst,50.93433,4.01471,1.9915997798528544,50.940802404055006,4.041211766719031,2021,6,9,41002,Aalst,Normaal,Droog,Dag,met lichtgewonden,9,personenauto,3,Fiets,Buiten Kruispunt,Gemeenteweg,binnen bebouwde kom,Tss. 2 best.: langs opzij (voor-/achterkant-flank),Geen hindernis
25657,11,Aalst 3,Aalst,50.93385,4.01647,2.271556309088688,50.91930746652617,4.039231933424011,2021,6,7,41002,Aalst,Normaal,Droog,Dag,met lichtgewonden,5,Lichte vrachtauto,3,Fiets,Buiten Kruispunt,Gewestweg,binnen bebouwde kom,Tss. 2 best.: langs opzij (voor-/achterkant-flank),Geen hindernis
25657,19,Aalst 1,Aalst,50.93433,4.01471,2.396706769302184,50.91930746652617,4.039231933424011,2021,6,7,41002,Aalst,Normaal,Droog,Dag,met lichtgewonden,5,Lichte vrachtauto,3,Fiets,Buiten Kruispunt,Gewestweg,binnen bebouwde kom,Tss. 2 best.: langs opzij (voor-/achterkant-flank),Geen hindernis
25657,10,Aalst 2,Aalst,50.93549,4.01571,2.4404288983892317,50.91930746652617,4.039231933424011,2021,6,7,41002,Aalst,Normaal,Droog,Dag,met lichtgewonden,5,Lichte vrachtauto,3,Fiets,Buiten Kruispunt,Gewestweg,binnen bebouwde kom,Tss. 2 best.: langs opzij (voor-/achterkant-flank),Geen hindernis
25658,10,Aalst 2,Aalst,50.93549,4.01571,1.4637999982507455,50.94420470630431,4.0313680597269945,2021,6,7,41002,Aalst,Normaal,Droog,Dag,met lichtgewonden,3,Fiets,9,personenauto,Op Kruispunt,Gemeenteweg,binnen bebouwde kom,Tss. 2 best.: langs opzij (voor-/achterkant-flank),Geen hindernis
25658,11,Aalst 3,Aalst,50.93385,4.01647,1.5541610010774336,50.94420470630431,4.0313680597269945,2021,6,7,41002,Aalst,Normaal,Droog,Dag,met lichtgewonden,3,Fiets,9,personenauto,Op Kruispunt,Gemeenteweg,binnen bebouwde kom,Tss. 2 best.: langs opzij (voor-/achterkant-flank),Geen hindernis
25658,19,Aalst 1,Aalst,50.93433,4.01471,1.6025047190015207,50.94420470630431,4.0313680597269945,2021,6,7,41002,Aalst,Normaal,Droog,Dag,met lichtgewonden,3,Fiets,9,personenauto,Op Kruispunt,Gemeenteweg,binnen bebouwde kom,Tss. 2 best.: langs opzij (voor-/achterkant-flank),Geen hindernis
25665,125,Dendermonde totem,Dendermonde,51.0372706,4.1025998,2.2320639120457617,51.04819706572799,4.129382059400067,2021,6,11,42006,Dendermonde,Normaal,Droog,Dag,met lichtgewonden,3,Fiets,8,Voetganger,Buiten Kruispunt,Gemeenteweg,binnen bebouwde kom,Met een voetganger,Geen vermelding van de aanwezigheid van een hindernis
25665,122,Dendermonde teller 2,Dendermonde,51.0373918,4.1019222,2.2647696832460804,51.04819706572799,4.129382059400067,2021,6,11,42006,Dendermonde,Normaal,Droog,Dag,met lichtgewonden,3,Fiets,8,Voetganger,Buiten Kruispunt,Gemeenteweg,binnen bebouwde kom,Met een voetganger,Geen vermelding van de aanwezigheid van een hindernis
25668,50,"Brugge, Sint-Andries",Brugge,51.19291,3.16252,0.5612023635135949,51.197645535569904,3.165305496060175,2021,6,10,31005,Brugge,Normaal,Onbekend,Dag,met lichtgewonden,5,Lichte vrachtauto,3,Fiets,Buiten Kruispunt,Gemeenteweg,binnen bebouwde kom,Tussen 2 bestuurders: Flank tegen flank,Geen hindernis
25668,51,"Brugge, Sint-Andries",Brugge,51.19281,3.16252,0.5716486204614173,51.197645535569904,3.165305496060175,2021,6,10,31005,Brugge,Normaal,Onbekend,Dag,met lichtgewonden,5,Lichte vrachtauto,3,Fiets,Buiten Kruispunt,Gemeenteweg,binnen bebouwde kom,Tussen 2 bestuurders: Flank tegen flank,Geen hindernis
25669,50,"Brugge, Sint-Andries",Brugge,51.19291,3.16252,1.896130182999581,51.200877784370704,3.1865787598918813,2021,6,8,31005,Brugge,Normaal,Droog,Dag,met lichtgewonden,3,Fiets,9,personenauto,Op Kruispunt,Gemeenteweg,binnen bebouwde kom,Tussen 2 bestuurders: Flank tegen flank,Geen hindernis
25669,51,"Brugge, Sint-Andries",Brugge,51.19281,3.16252,1.9013528465756304,51.200877784370704,3.1865787598918813,2021,6,8,31005,Brugge,Normaal,Droog,Dag,met lichtgewonden,3,Fiets,9,personenauto,Op Kruispunt,Gemeenteweg,binnen bebouwde kom,Tussen 2 bestuurders: Flank tegen flank,Geen hindernis
25670,20,Brugge,Brugge,51.17416,3.20048,1.9434757611592062,51.190082693965714,3.2119784258430735,2021,6,18,31005,Brugge,Normaal,Droog,Dag,met lichtgewonden,9,personenauto,3,Fiets,Buiten Kruispunt,Gemeenteweg,binnen bebouwde kom,Tss. 2 best.: langs opzij (voor-/achterkant-flank),Geen hindernis
25671,53,Brugge teller 1,Brugge,51.23023,3.228,1.6617683571329382,51.22280545561609,3.2072893412663857,2021,6,16,31005,Brugge,Normaal,Droog,Dag,met lichtgewonden,9,personenauto,3,Fiets,Buiten Kruispunt,Gewestweg,binnen bebouwde kom,Tss. 2 best.: langs opzij (voor-/achterkant-flank),Geen hindernis