crash_row_id,site_id,site_name,site_gemeente,site_lat,site_long,distance_km,crash_lat,crash_long,DT_YEAR_COLLISION,DT_MONTH_COLLISION,DT_TIME,CD_NIS,TX_MUNTY_COLLISION_NL,TX_WEATHER_NL,TX_ROAD_CONDITION_NL,TX_LIGHT_CONDITION_NL,TX_CLASS_ACCIDENTS_NL,CD_ROAD_USR_TYPE1,TX_ROAD_USR_TYPE1_NL,CD_ROAD_USR_TYPE2,TX_ROAD_USR_TYPE2_NL,TX_CROSSWAY_NL,CD_ROAD_TYPE_NL,TX_BUILD_UP_AREA_NL,TX_COLLISION_TYPE_NL,TX_OBSTACLES_NL
25671,54,Brugge teller 2,Brugge,51.23015,3.22818,1.6682864695012636,51.22280545561609,3.2072893412663857,2021,6,16,31005,Brugge,Normaal,Droog,Dag,met lichtgewonden,9,personenauto,3,Fiets,Buiten Kruispunt,Gewestweg,binnen bebouwde kom,Tss. 2 best.: langs opzij (voor-/achterkant-flank),Geen hindernis
25671,52,Brugge,Brugge,51.22632,3.24095,2.3764147679766063,51.22280545561609,3.2072893412663857,2021,6,16,31005,Brugge,Normaal,Droog,Dag,met lichtgewonden,9,personenauto,3,Fiets,Buiten Kruispunt,Gewestweg,binnen bebouwde kom,Tss. 2 best.: langs opzij (voor-/achterkant-flank),Geen hindernis
25671,142,TEST Validatie BRUGGE Y2H22022134,Brugge,51.22632,3.24095,2.3764147679766063,51.22280545561609,3.2072893412663857,2021,6,16,31005,Brugge,Normaal,Droog,Dag,met lichtgewonden,9,personenauto,3,Fiets,Buiten Kruispunt,Gewestweg,binnen bebouwde kom,Tss. 2 best.: langs opzij (voor-/achterkant-flank),Geen hindernis
25672,54,Brugge teller 2,Brugge,51.23015,3.22818,1.0026553116285897,51.22219220313068,3.2214087849236837,2021,6,20,31005,Brugge,Normaal,Droog,Dag,met lichtgewonden,9,personenauto,3,Fiets,Op Kruispunt,Gemeenteweg,binnen bebouwde kom,Tussen 2 bestuurders: Langs achteren,Geen hindernis
25672,53,Brugge teller 1,Brugge,51.23023,3.228,1.0047268284318616,51.22219220313068,3.2214087849236837,2021,6,20,31005,Brugge,Normaal,Droog,Dag,met lichtgewonden,9,personenauto,3,Fiets,Op Kruispunt,Gemeenteweg,binnen bebouwde kom,Tussen 2 bestuurders: Langs achteren,Geen hindernis
25672,52,Brugge,Brugge,51.22632,3.24095,1.4361420230845214,51.22219220313068,3.2214087849236837,2021,6,20,31005,Brugge,Normaal,Droog,Dag,met lichtgewonden,9,personenauto,3,Fiets,Op Kruispunt,Gemeenteweg,binnen bebouwde kom,Tussen 2 bestuurders: Langs achteren,Geen hindernis
25672,142,TEST Validatie BRUGGE Y2H22022134,Brugge,51.22632,3.24095,1.4361420230845214,51.22219220313068,3.2214087849236837,2021,6,20,31005,Brugge,Normaal,Droog,Dag,met lichtgewonden,9,personenauto,3,Fiets,Op Kruispunt,Gemeenteweg,binnen bebouwde kom,Tussen 2 bestuurders: Langs achteren,Geen hindernis
25673,50,"Brugge, Sint-Andries",Brugge,51.19291,3.16252,1.8923548324353245,51.197872009832324,3.1884969903140608,2021,6,8,31005,Brugge,Normaal,Droog,Dag,met lichtgewonden,9,personenauto,3,Fiets,Buiten Kruispunt,Gewestweg,binnen bebouwde kom,Tss. 2 best.: langs opzij (voor-/achterkant-flank),Geen hindernis
25673,51,"Brugge, Sint-Andries",Brugge,51.19281,3.16252,1.8956286380019733,51.197872009832324,3.1884969903140608,2021,6,8,31005,Brugge,Normaal,Droog,Dag,met lichtgewonden,9,personenauto,3,Fiets,Buiten Kruispunt,Gewestweg,binnen bebouwde kom,Tss. 2 best.: langs opzij (voor-/achterkant-flank),Geen hindernis
25676,50,"Brugge, Sint-Andries",Brugge,51.19291,3.16252,2.1400028438382925,51.2000881561505,3.1910155127515867,2021,6,8,31005,Brugge,Normaal,Droog,Dag,met lichtgewonden,3,Fiets,3,Fiets,Buiten Kruispunt,Gewestweg,binnen bebouwde kom,Tussen 2 bestuurders: Langs achteren,Geen hindernis
25676,51,"Brugge, Sint-Andries",Brugge,51.19281,3.16252,2.1441769896986616,51.2000881561505,3.1910155127515867,2021,6,8,31005,Brugge,Normaal,Droog,Dag,met lichtgewonden,3,Fiets,3,Fiets,Buiten Kruispunt,Gewestweg,binnen bebouwde kom,Tussen 2 bestuurders: Langs achteren,Geen hindernis
25677,20,Brugge,Brugge,51.17416,3.20048,1.6634651981392916,51.18855027355185,3.2070027753376875,2021,6,16,31005,Brugge,Regenval,"Nat, plassen",Dag,met lichtgewonden,9,personenauto,3,Fiets,Op Kruispunt,Gemeenteweg,binnen bebouwde kom,Tss. 2 best.: langs opzij (voor-/achterkant-flank),Geen hindernis
25678,50,"Brugge, Sint-Andries",Brugge,51.19291,3.16252,1.354955237671642,51.197339317998974,3.1806346066652957,2021,6,8,31005,Brugge,Normaal,Droog,Dag,met lichtgewonden,5,Lichte vrachtauto,3,Fiets,Buiten Kruispunt,Gewestweg,binnen bebouwde kom,Tss. 2 best.: langs opzij (voor-/achterkant-flank),Geen hindernis
25678,51,"Brugge, Sint-Andries",Brugge,51.19281,3.16252,1.3590378548114563,51.197339317998974,3.1806346066652957,2021,6,8,31005,Brugge,Normaal,Droog,Dag,met lichtgewonden,5,Lichte vrachtauto,3,Fiets,Buiten Kruispunt,Gewestweg,binnen bebouwde kom,Tss. 2 best.: langs opzij (voor-/achterkant-flank),Geen hindernis
25679,142,TEST Validatie BRUGGE Y2H22022134,Brugge,51.22632,3.24095,0.17159962692595362,51.22488388754736,3.2400479216589897,2021,6,21,31005,Brugge,Normaal,Droog,Dageraad - schemering,met lichtgewonden,9,personenauto,3,Fiets,Op Kruispunt,Gewestweg,binnen bebouwde kom,Tussen 2 bestuurders: Flank tegen flank,Geen hindernis
25679,52,Brugge,Brugge,51.22632,3.24095,0.17159962692595362,51.22488388754736,3.2400479216589897,2021,6,21,31005,Brugge,Normaal,Droog,Dageraad - schemering,met lichtgewonden,9,personenauto,3,Fiets,Op Kruispunt,Gewestweg,binnen bebouwde kom,Tussen 2 bestuurders: Flank tegen flank,Geen hindernis
25679,54,Brugge teller 2,Brugge,51.23015,3.22818,1.0128337450206293,51.22488388754736,3.2400479216589897,2021,6,21,31005,Brugge,Normaal,Droog,Dageraad - schemering,met lichtgewonden,9,personenauto,3,Fiets,Op Kruispunt,Gewestweg,binnen bebouwde kom,Tussen 2 bestuurders: Flank tegen flank,Geen hindernis
25679,53,Brugge teller 1,Brugge,51.23023,3.228,1.0282030406595006,51.22488388754736,3.2400479216589897,2021,6,21,31005,Brugge,Normaal,Droog,Dageraad - schemering,met lichtgewonden,9,personenauto,3,Fiets,Op Kruispunt,Gewestweg,binnen bebouwde kom,Tussen 2 bestuurders: Flank tegen flank,Geen hindernis
25685,20,Brugge,Brugge,51.17416,3.20048,2.110996324004645,51.19304240719836,3.2036189987638313,2021,6,13,31005,Brugge,Normaal,Droog,Dag,met lichtgewonden,9,personenauto,3,Fiets,Op Kruispunt,Gemeenteweg,binnen bebouwde kom,Tussen 2 bestuurders: Flank tegen flank,Geen hindernis
25686,20,Brugge,Brugge,51.17416,3.20048,1.7823717305926068,51.18861183534798,3.2115416595488453,2021,6,14,31005,Brugge,Normaal,Droog,Dag,met zwaargewonden,3,Fiets,9,personenauto,Op Kruispunt,Gemeenteweg,binnen bebouwde kom,Tussen 2 bestuurders: Flank tegen flank,Geen hindernis
25699,20,Brugge,Brugge,51.17416,3.20048,2.3086822168037995,51.17400775092453,3.233595420180219,2021,6,17,31022,Oostkamp,Normaal,Droog,Dag,met lichtgewonden,9,personenauto,3,Fiets,Op Kruispunt,Gewestweg,buiten bebouwde kom,Tss. 2 best.: langs opzij (voor-/achterkant-flank),Geen hindernis
25700,20,Brugge,Brugge,51.17416,3.20048,1.395666093103818,51.161809262445544,3.204046111188094,2021,6,17,31040,Zedelgem,Normaal,Droog,Dag,met zwaargewonden,5,Lichte vrachtauto,3,Fiets,Op Kruispunt,Gewestweg,buiten bebouwde kom,Tss. 2 best.: langs opzij (voor-/achterkant-flank),Geen hindernis
25704,57,Meulebeke teller 1,Meulebeke,50.96056,3.24491,1.6477045487976543,50.97524642351838,3.241779377560655,2021,6,5,37011,Pittem,Normaal,Droog,Dag,met lichtgewonden,3,Fiets,5,Lichte vrachtauto,Op Kruispunt,Gewestweg,buiten bebouwde kom,Tss. 2 best.: langs opzij (voor-/achterkant-flank),Geen hindernis
25704,58,Meulebeke teller 2,Meulebeke,50.96021,3.24471,1.6845213318754282,50.97524642351838,3.241779377560655,2021,6,5,37011,Pittem,Normaal,Droog,Dag,met lichtgewonden,3,Fiets,5,Lichte vrachtauto,Op Kruispunt,Gewestweg,buiten bebouwde kom,Tss. 2 best.: langs opzij (voor-/achterkant-flank),Geen hindernis
25705,59,Ardooie teller 1,Ardooie,50.96784,3.18479,1.3277597207928593,50.97639842944733,3.198013577420033,2021,6,20,37020,Ardooie,Normaal,"Vuil (zand, grint, bladeren,...)",Dag,met lichtgewonden,3,Fiets,10,"één bestuurder, geen hindernis",Op Kruispunt,Gemeenteweg,binnen bebouwde kom,"Eén bestuurder, geen hindernis (incl. val)",Geen hindernis
25705,60,Ardooie teller 2,Ardooie,50.96783,3.18411,1.3621678186724155,50.97639842944733,3.198013577420033,2021,6,20,37020,Ardooie,Normaal,"Vuil (zand, grint, bladeren,...)",Dag,met lichtgewonden,3,Fiets,10,"één bestuurder, geen hindernis",Op Kruispunt,Gemeenteweg,binnen bebouwde kom,"Eén bestuurder, geen hindernis (incl. val)",Geen hindernis
25709,60,Ardooie teller 2,Ardooie,50.96783,3.18411,1.2518860107118361,50.96052494336769,3.1705077668464483,2021,6,7,37020,Ardooie,Normaal,"Ijzel, sneeuw",Dag,met lichtgewonden,9,personenauto,3,Fiets,Op Kruispunt,Gewestweg,binnen bebouwde kom,Tss. 2 best.: langs opzij (voor-/achterkant-flank),Geen hindernis
25709,59,Ardooie teller 1,Ardooie,50.96784,3.18479,1.2891935689856606,50.96052494336769,3.1705077668464483,2021,6,7,37020,Ardooie,Normaal,"Ijzel, sneeuw",Dag,met lichtgewonden,9,personenauto,3,Fiets,Op Kruispunt,Gewestweg,binnen bebouwde kom,Tss. 2 best.: langs opzij (voor-/achterkant-flank),Geen hindernis
25710,15,Oostende 2,Oostende,51.21371,2.92743,1.7027540060567368,51.225350490050296,2.91154468183405,2021,6,12,35013,Oostende,Normaal,Droog,Dag,met zwaargewonden,3,Fiets,3,Fiets,Buiten Kruispunt,Gewestweg,binnen bebouwde kom,Tussen 2 bestuurders: Flank tegen flank,Geen hindernis
25710,18,Oostende 1,Oostende,51.21378,2.92765,1.7068736809565173,51.225350490050296,2.91154468183405,2021,6,12,35013,Oostende,Normaal,Droog,Dag,met zwaargewonden,3,Fiets,3,Fiets,Buiten Kruispunt,Gewestweg,binnen bebouwde kom,Tussen 2 bestuurders: Flank tegen flank,Geen hindernis
25711,18,Oostende 1,Oostende,51.21378,2.92765,0.5097699001513322,51.213229988933996,2.9349156642723924,2021,6,16,35013,Oostende,Normaal,Droog,Dag,met lichtgewonden,9,personenauto,3,Fiets,Op Kruispunt,Gemeenteweg,binnen bebouwde kom,Tussen 2 bestuurders: Flank tegen flank,Geen hindernis
25711,15,Oostende 2,Oostende,51.21371,2.92743,0.5241371292470546,51.213229988933996,2.9349156642723924,2021,6,16,35013,Oostende,Normaal,Droog,Dag,met lichtgewonden,9,personenauto,3,Fiets,Op Kruispunt,Gemeenteweg,binnen bebouwde kom,Tussen 2 bestuurders: Flank tegen flank,Geen hindernis
25713,15,Oostende 2,Oostende,51.21371,2.92743,1.760018698258953,51.22464179638376,2.9091544298020047,2021,6,16,35013,Oostende,Normaal,Droog,Dag,met zwaargewonden,3,Fiets,3,Fiets,Op Kruispunt,Gewestweg,binnen bebouwde kom,Tussen 2 bestuurders: Langs achteren,Geen hindernis
25713,18,Oostende 1,Oostende,51.21378,2.92765,1.7657974000728334,51.22464179638376,2.9091544298020047,2021,6,16,35013,Oostende,Normaal,Droog,Dag,met zwaargewonden,3,Fiets,3,Fiets,Op Kruispunt,Gewestweg,binnen bebouwde kom,Tussen 2 bestuurders: Langs achteren,Geen hindernis
25714,18,Oostende 1,Oostende,51.21378,2.92765,1.4099447506341907,51.223287625031915,2.9410444397632145,2021,6,13,35013,Oostende,Normaal,Droog,Dag,met lichtgewonden,6,Bromfiets,3,Fiets,Op Kruispunt,Gemeenteweg,binnen bebouwde kom,Tussen 2 bestuurders: Flank tegen flank,Geen hindernis
25714,15,Oostende 2,Oostende,51.21371,2.92743,1.4259336075361682,51.223287625031915,2.9410444397632145,2021,6,13,35013,Oostende,Normaal,Droog,Dag,met lichtgewonden,6,Bromfiets,3,Fiets,Op Kruispunt,Gemeenteweg,binnen bebouwde kom,Tussen 2 bestuurders: Flank tegen flank,Geen hindernis
25715,18,Oostende 1,Oostende,51.21378,2.92765,2.444449327024069,51.23450662481503,2.915951255940116,2021,6,19,35013,Oostende,Normaal,Droog,Dag,met lichtgewonden,3,Fiets,99,onbekend,Buiten Kruispunt,Gewestweg,binnen bebouwde kom,Tussen 2 bestuurders: Frontale botsing,Geen hindernis
25715,15,Oostende 2,Oostende,51.21371,2.92743,2.4467414854646266,51.23450662481503,2.915951255940116,2021,6,19,35013,Oostende,Normaal,Droog,Dag,met lichtgewonden,3,Fiets,99,onbekend,Buiten Kruispunt,Gewestweg,binnen bebouwde kom,Tussen 2 bestuurders: Frontale botsing,Geen hindernis
25716,18,Oostende 1,Oostende,51.21378,2.92765,1.6476986343803377,51.22803248816301,2.9211756803450335,2021,6,21,35013,Oostende,Normaal,Droog,Dag,met lichtgewonden,9,personenauto,3,Fiets,Op Kruispunt,Gewestweg,buiten bebouwde kom,Tss. 2 best.: langs opzij (voor-/achterkant-flank),Geen hindernis
25716,15,Oostende 2,Oostende,51.21371,2.92743,1.6510786446837598,51.22803248816301,2.9211756803450335,2021,6,21,35013,Oostende,Normaal,Droog,Dag,met lichtgewonden,9,personenauto,3,Fiets,Op Kruispunt,Gewestweg,buiten bebouwde kom,Tss. 2 best.: langs opzij (voor-/achterkant-flank),Geen hindernis
25717,15,Oostende 2,Oostende,51.21371,2.92743,1.631843525729986,51.21543990903847,2.9041651892315468,2021,6,20,35013,Oostende,Normaal,"Nat, plassen",Dag,met zwaargewonden,9,personenauto,3,Fiets,Op Kruispunt,Gemeenteweg,binnen bebouwde kom,Tss. 2 best.: langs opzij (voor-/achterkant-flank),Geen hindernis
25717,18,Oostende 1,Oostende,51.21378,2.92765,1.646169246644941,51.21543990903847,2.9041651892315468,2021,6,20,35013,Oostende,Normaal,"Nat, plassen",Dag,met zwaargewonden,9,personenauto,3,Fiets,Op Kruispunt,Gemeenteweg,binnen bebouwde kom,Tss. 2 best.: langs opzij (voor-/achterkant-flank),Geen hindernis
25718,18,Oostende 1,Oostende,51.21378,2.92765,1.6349882727658145,51.227173329979756,2.9179617553635775,2021,6,13,35013,Oostende,Normaal,Droog,Dag,met lichtgewonden,3,Fiets,9,personenauto,Op Kruispunt,Gewestweg,binnen bebouwde kom,Tss. 2 best.: langs opzij (voor-/achterkant-flank),Geen hindernis
25718,15,Oostende 2,Oostende,51.21371,2.92743,1.6358455024337397,51.227173329979756,2.9179617553635775,2021,6,13,35013,Oostende,Normaal,Droog,Dag,met lichtgewonden,3,Fiets,9,personenauto,Op Kruispunt,Gewestweg,binnen bebouwde kom,Tss. 2 best.: langs opzij (voor-/achterkant-flank),Geen hindernis
25719,18,Oostende 1,Oostende,51.21378,2.92765,1.4099447506341907,51.223287625031915,2.9410444397632145,2021,6,16,35013,Oostende,Normaal,Droog,Dag,met lichtgewonden,3,Fiets,3,Fiets,Buiten Kruispunt,Gemeenteweg,buiten bebouwde kom,Tss. 2 best.: langs opzij (voor-/achterkant-flank),Geen hindernis
25719,15,Oostende 2,Oostende,51.21371,2.92743,1.4259336075361682,51.223287625031915,2.9410444397632145,2021,6,16,35013,Oostende,Normaal,Droog,Dag,met lichtgewonden,3,Fiets,3,Fiets,Buiten Kruispunt,Gemeenteweg,buiten bebouwde kom,Tss. 2 best.: langs opzij (voor-/achterkant-flank),Geen hindernis
25720,18,Oostende 1,Oostende,51.21378,2.92765,2.3625367899261445,51.23280224712595,2.9125375776779716,2021,6,17,35013,Oostende,Normaal,Droog,Dag,met zwaargewonden,8,Voetganger,3,Fiets,Buiten Kruispunt,Gewestweg,binnen bebouwde kom,Met een voetganger,Geen hindernis
25720,15,Oostende 2,Oostende,51.21371,2.92743,2.3627434400431215,51.23280224712595,2.9125375776779716,2021,6,17,35013,Oostende,Normaal,Droog,Dag,met zwaargewonden,8,Voetganger,3,Fiets,Buiten Kruispunt,Gewestweg,binnen bebouwde kom,Met een voetganger,Geen hindernis
25729,55,Torhout teller 1,Torhout,51.07161,3.08261,1.7325517959675898,51.06244058111575,3.1026565317446164,2021,6,16,31033,Torhout,Normaal,Droog,Dag,met lichtgewonden,9,personenauto,3,Fiets,Op Kruispunt,Gewestweg,binnen bebouwde kom,Tussen 2 bestuurders: Frontale botsing,Geen hindernis
25729,56,Torhout teller 2,Torhout,51.07147,3.08244,1.7331070404343283,51.06244058111575,3.1026565317446164,2021,6,16,31033,Torhout,Normaal,Droog,Dag,met lichtgewonden,9,personenauto,3,Fiets,Op Kruispunt,Gewestweg,binnen bebouwde kom,Tussen 2 bestuurders: Frontale botsing,Geen hindernis
25732,55,Torhout teller 1,Torhout,51.07161,3.08261,1.7656675017470336,51.064503644059194,3.1052073693524784,2021,6,8,31033,Torhout,Normaal,Droog,Dag,met lichtgewonden,3,Fiets,9,personenauto,Buiten Kruispunt,Gemeenteweg,binnen bebouwde kom,Tussen 2 bestuurders: Langs achteren,Geen hindernis
25732,56,Torhout teller 2,Torhout,51.07147,3.08244,1.769430122651034,51.064503644059194,3.1052073693524784,2021,6,8,31033,Torhout,Normaal,Droog,Dag,met lichtgewonden,3,Fiets,9,personenauto,Buiten Kruispunt,Gemeenteweg,binnen bebouwde kom,Tussen 2 bestuurders: Langs achteren,Geen hindernis
25733,55,Torhout teller 1,Torhout,51.07161,3.08261,1.6136340256758295,51.06296175273116,3.1011541542891097,2021,6,18,31033,Torhout,Onbekend,Onbekend,Dag,met lichtgewonden,3,Fiets,9,personenauto,Buiten Kruispunt,Gemeenteweg,binnen bebouwde kom,Tussen 2 bestuurders: Langs achteren,Geen hindernis
25733,56,Torhout teller 2,Torhout,51.07147,3.08244,1.6140161203003116,51.06296175273116,3.1011541542891097,2021,6,18,31033,Torhout,Onbekend,Onbekend,Dag,met lichtgewonden,3,Fiets,9,personenauto,Buiten Kruispunt,Gemeenteweg,binnen bebouwde kom,Tussen 2 bestuurders: Langs achteren,Geen hindernis
25734,55,Torhout teller 1,Torhout,51.07161,3.08261,1.5280826987667013,51.06445070920471,3.1012768501107333,2021,6,13,31033,Torhout,Normaal,Droog,Dag,met lichtgewonden,9,personenauto,3,Fiets,Op Kruispunt,Gewestweg,binnen bebouwde kom,Tss. 2 best.: langs opzij (voor-/achterkant-flank),Geen hindernis
25734,56,Torhout teller 2,Torhout,51.07147,3.08244,1.5302377373346017,51.06445070920471,3.1012768501107333,2021,6,13,31033,Torhout,Normaal,Droog,Dag,met lichtgewonden,9,personenauto,3,Fiets,Op Kruispunt,Gewestweg,binnen bebouwde kom,Tss. 2 best.: langs opzij (voor-/achterkant-flank),Geen hindernis
25735,84,Roeselare totem,Izegem,50.91717,3.18772,2.3471150536602248,50.929652191966504,3.160716379975014,2021,6,16,36015,Roeselare,Normaal,"Ijzel, sneeuw+ roper",Dag,met lichtgewonden,9,personenauto,3,Fiets,Buiten Kruispunt,Gemeenteweg,binnen bebouwde kom,Tss. 2 best.: langs opzij (voor-/achterkant-flank),Geen hindernis
25738,60,Ardooie teller 2,Ardooie,50.96783,3.18411,1.227384780320792,50.9679627894148,3.1665836209273563,2021,6,22,37020,Ardooie,Normaal,Droog,Dag,met lichtgewonden,3,Fiets,5,Lichte vrachtauto,Buiten Kruispunt,Gemeenteweg,buiten bebouwde kom,Tussen 2 bestuurders: Frontale botsing,Geen hindernis
25738,59,Ardooie teller 1,Ardooie,50.96784,3.18479,1.2749863704845197,50.9679627894148,3.1665836209273563,2021,6,22,37020,Ardooie,Normaal,Droog,Dag,met lichtgewonden,3,Fiets,5,Lichte vrachtauto,Buiten Kruispunt,Gemeenteweg,buiten bebouwde kom,Tussen 2 bestuurders: Frontale botsing,Geen hindernis
25748,84,Roeselare totem,Izegem,50.91717,3.18772,1.695698922812404,50.9204852688186,3.211331308929845,2021,6,8,36008,Izegem,Normaal,Droog,Dag,met zwaargewonden,9,personenauto,3,Fiets,Op Kruispunt,Gemeenteweg,binnen bebouwde kom,Tussen 2 bestuurders: Frontale botsing,Geen hindernis
25749,84,Roeselare totem,Izegem,50.91717,3.18772,1.4653677254359267,50.9208577967441,3.2077889938262065,2021,6,0,36008,Izegem,Normaal,Droog,"Nacht, geen openbare verlichting aanwezig",met lichtgewonden,3,Fiets,5,Lichte vrachtauto,Buiten Kruispunt,Gemeenteweg,binnen bebouwde kom,Tss. 2 best.: langs opzij (voor-/achterkant-flank),Geen hindernis
25756,16,Kortrijk 1,Kortrijk,50.83332,3.27777,1.1209536398935482,50.82363865780006,3.282219169153055,2021,6,10,34022,Kortrijk,Regenval,Onbekend,Dag,met lichtgewonden,9,personenauto,3,Fiets,Op Kruispunt,Gemeenteweg,binnen bebouwde kom,Tussen 2 bestuurders: Langs achteren,Geen hindernis
25756,17,Kortrijk 2,Kortrijk,50.83339,3.27773,1.1292119663819051,50.82363865780006,3.282219169153055,2021,6,10,34022,Kortrijk,Regenval,Onbekend,Dag,met lichtgewonden,9,personenauto,3,Fiets,Op Kruispunt,Gemeenteweg,binnen bebouwde kom,Tussen 2 bestuurders: Langs achteren,Geen hindernis
25756,143,Eco Display Classic Budastraat,Kortrijk,50.83066,3.26286,1.567944216139642,50.82363865780006,3.282219169153055,2021,6,10,34022,Kortrijk,Regenval,Onbekend,Dag,met lichtgewonden,9,personenauto,3,Fiets,Op Kruispunt,Gemeenteweg,binnen bebouwde kom,Tussen 2 bestuurders: Langs achteren,Geen hindernis
25756,75,Kortrijk teller 2,Kortrijk,50.81925,3.25731,1.8165491716456106,50.82363865780006,3.282219169153055,2021,6,10,34022,Kortrijk,Regenval,Onbekend,Dag,met lichtgewonden,9,personenauto,3,Fiets,Op Kruispunt,Gemeenteweg,binnen bebouwde kom,Tussen 2 bestuurders: Langs achteren,Geen hindernis
25756,74,Kortrijk teller 1,Kortrijk,50.81909,3.25728,1.8234366866969631,50.82363865780006,3.282219169153055,2021,6,10,34022,Kortrijk,Regenval,Onbekend,Dag,met lichtgewonden,9,personenauto,3,Fiets,Op Kruispunt,Gemeenteweg,binnen bebouwde kom,Tussen 2 bestuurders: Langs achteren,Geen hindernis
25758,75,Kortrijk teller 2,Kortrijk,50.81925,3.25731,0.6400587637296741,50.82499128026011,3.2566546741859574,2021,6,14,34022,Kortrijk,Normaal,Droog,Dag,met lichtgewonden,5,Lichte vrachtauto,3,Fiets,Buiten Kruispunt,Gemeenteweg,binnen bebouwde kom,Tussen 2 bestuurders: Flank tegen flank,Geen hindernis
25758,74,Kortrijk teller 1,Kortrijk,50.81909,3.25728,0.6576610147884265,50.82499128026011,3.2566546741859574,2021,6,14,34022,Kortrijk,Normaal,Droog,Dag,met lichtgewonden,5,Lichte vrachtauto,3,Fiets,Buiten Kruispunt,Gemeenteweg,binnen bebouwde kom,Tussen 2 bestuurders: Flank tegen flank,Geen hindernis
25758,143,Eco Display Classic Budastraat,Kortrijk,50.83066,3.26286,0.766339920613737,50.82499128026011,3.2566546741859574,2021,6,14,34022,Kortrijk,Normaal,Droog,Dag,met lichtgewonden,5,Lichte vrachtauto,3,Fiets,Buiten Kruispunt,Gemeenteweg,binnen bebouwde kom,Tussen 2 bestuurders: Flank tegen flank,Geen hindernis
25758,16,Kortrijk 1,Kortrijk,50.83332,3.27777,1.748441987106309,50.82499128026011,3.2566546741859574,2021,6,14,34022,Kortrijk,Normaal,Droog,Dag,met lichtgewonden,5,Lichte vrachtauto,3,Fiets,Buiten Kruispunt,Gemeenteweg,binnen bebouwde kom,Tussen 2 bestuurders: Flank tegen flank,Geen hindernis
25758,17,Kortrijk 2,Kortrijk,50.83339,3.27773,1.7501996566725506,50.82499128026011,3.2566546741859574,2021,6,14,34022,Kortrijk,Normaal,Droog,Dag,met lichtgewonden,5,Lichte vrachtauto,3,Fiets,Buiten Kruispunt,Gemeenteweg,binnen bebouwde kom,Tussen 2 bestuurders: Flank tegen flank,Geen hindernis
25760,143,Eco Display Classic Budastraat,Kortrijk,50.83066,3.26286,2.21085374683629,50.848823198194516,3.2500518700635936,2021,6,19,34022,Kortrijk,Normaal,Droog,Dag,met lichtgewonden,9,personenauto,3,Fiets,Op Kruispunt,Gemeenteweg,binnen bebouwde kom,Tss. 2 best.: langs opzij (voor-/achterkant-flank),Geen hindernis
25761,143,Eco Display Classic Budastraat,Kortrijk,50.83066,3.26286,0.7978364470357013,50.82630420364434,3.2718867534442384,2021,6,22,34022,Kortrijk,Normaal,Droog,"Nacht, openbare verlichting aanwezig en ontstoken",met lichtgewonden,3,Fiets,9,personenauto,Op Kruispunt,Gewestweg,binnen bebouwde kom,Tussen 2 bestuurders: Flank tegen flank,Geen hindernis
25761,16,Kortrijk 1,Kortrijk,50.83332,3.27777,0.8827934609883814,50.82630420364434,3.2718867534442384,2021,6,22,34022,Kortrijk,Normaal,Droog,"Nacht, openbare verlichting aanwezig en ontstoken",met lichtgewonden,3,Fiets,9,personenauto,Op Kruispunt,Gewestweg,binnen bebouwde kom,Tussen 2 bestuurders: Flank tegen flank,Geen hindernis
25761,17,Kortrijk 2,Kortrijk,50.83339,3.27773,0.8883778686694298,50.82630420364434,3.2718867534442384,2021,6,22,34022,Kortrijk,Normaal,Droog,"Nacht, openbare verlichting aanwezig en ontstoken",met lichtgewonden,3,Fiets,9,personenauto,Op Kruispunt,Gewestweg,binnen bebouwde kom,Tussen 2 bestuurders: Flank tegen flank,Geen hindernis
25761,75,Kortrijk teller 2,Kortrijk,50.81925,3.25731,1.2898478645693112,50.82630420364434,3.2718867534442384,2021,6,22,34022,Kortrijk,Normaal,Droog,"Nacht, openbare verlichting aanwezig en ontstoken",met lichtgewonden,3,Fiets,9,personenauto,Op Kruispunt,Gewestweg,binnen bebouwde kom,Tussen 2 bestuurders: Flank tegen flank,Geen hindernis
25761,74,Kortrijk teller 1,Kortrijk,50.81909,3.25728,1.3024047469588735,50.82630420364434,3.2718867534442384,2021,6,22,34022,Kortrijk,Normaal,Droog,"Nacht, openbare verlichting aanwezig en ontstoken",met lichtgewonden,3,Fiets,9,personenauto,Op Kruispunt,Gewestweg,binnen bebouwde kom,Tussen 2 bestuurders: Flank tegen flank,Geen hindernis
25762,143,Eco Display Classic Budastraat,Kortrijk,50.83066,3.26286,0.2971138952210831,50.83220763279278,3.259411352403993,2021,6,8,34022,Kortrijk,Normaal,Droog,Dag,met lichtgewonden,9,personenauto,3,Fiets,Buiten Kruispunt,Gemeenteweg,binnen bebouwde kom,Tussen 2 bestuurders: Flank tegen flank,Geen hindernis
25762,17,Kortrijk 2,Kortrijk,50.83339,3.27773,1.2932028232779018,50.83220763279278,3.259411352403993,2021,6,8,34022,Kortrijk,Normaal,Droog,Dag,met lichtgewonden,9,personenauto,3,Fiets,Buiten Kruispunt,Gemeenteweg,binnen bebouwde kom,Tussen 2 bestuurders: Flank tegen flank,Geen hindernis
25762,16,Kortrijk 1,Kortrijk,50.83332,3.27777,1.2952319573431328,50.83220763279278,3.259411352403993,2021,6,8,34022,Kortrijk,Normaal,Droog,Dag,met lichtgewonden,9,personenauto,3,Fiets,Buiten Kruispunt,Gemeenteweg,binnen bebouwde kom,Tussen 2 bestuurders: Flank tegen flank,Geen hindernis
25762,75,Kortrijk teller 2,Kortrijk,50.81925,3.25731,1.4483633193376244,50.83220763279278,3.259411352403993,2021,6,8,34022,Kortrijk,Normaal,Droog,Dag,met lichtgewonden,9,personenauto,3,Fiets,Buiten Kruispunt,Gemeenteweg,binnen bebouwde kom,Tussen 2 bestuurders: Flank tegen flank,Geen hindernis