crash_row_id,site_id,site_name,site_gemeente,site_lat,site_long,distance_km,crash_lat,crash_long,DT_YEAR_COLLISION,DT_MONTH_COLLISION,DT_TIME,CD_NIS,TX_MUNTY_COLLISION_NL,TX_WEATHER_NL,TX_ROAD_CONDITION_NL,TX_LIGHT_CONDITION_NL,TX_CLASS_ACCIDENTS_NL,CD_ROAD_USR_TYPE1,TX_ROAD_USR_TYPE1_NL,CD_ROAD_USR_TYPE2,TX_ROAD_USR_TYPE2_NL,TX_CROSSWAY_NL,CD_ROAD_TYPE_NL,TX_BUILD_UP_AREA_NL,TX_COLLISION_TYPE_NL,TX_OBSTACLES_NL
25762,74,Kortrijk teller 1,Kortrijk,50.81909,3.25728,1.466276676645892,50.83220763279278,3.259411352403993,2021,6,8,34022,Kortrijk,Normaal,Droog,Dag,met lichtgewonden,9,personenauto,3,Fiets,Buiten Kruispunt,Gemeenteweg,binnen bebouwde kom,Tussen 2 bestuurders: Flank tegen flank,Geen hindernis
25763,143,Eco Display Classic Budastraat,Kortrijk,50.83066,3.26286,0.5107137019994427,50.830542403798546,3.2555906181055847,2021,6,7,34022,Kortrijk,Normaal,Droog,Dag,met lichtgewonden,3,Fiets,3,Fiets,Buiten Kruispunt,Gewestweg,binnen bebouwde kom,Tussen 2 bestuurders: Langs achteren,Geen hindernis
25763,75,Kortrijk teller 2,Kortrijk,50.81925,3.25731,1.2614526164271118,50.830542403798546,3.2555906181055847,2021,6,7,34022,Kortrijk,Normaal,Droog,Dag,met lichtgewonden,3,Fiets,3,Fiets,Buiten Kruispunt,Gewestweg,binnen bebouwde kom,Tussen 2 bestuurders: Langs achteren,Geen hindernis
25763,74,Kortrijk teller 1,Kortrijk,50.81909,3.25728,1.2789660002101346,50.830542403798546,3.2555906181055847,2021,6,7,34022,Kortrijk,Normaal,Droog,Dag,met lichtgewonden,3,Fiets,3,Fiets,Buiten Kruispunt,Gewestweg,binnen bebouwde kom,Tussen 2 bestuurders: Langs achteren,Geen hindernis
25763,17,Kortrijk 2,Kortrijk,50.83339,3.27773,1.586770205568911,50.830542403798546,3.2555906181055847,2021,6,7,34022,Kortrijk,Normaal,Droog,Dag,met lichtgewonden,3,Fiets,3,Fiets,Buiten Kruispunt,Gewestweg,binnen bebouwde kom,Tussen 2 bestuurders: Langs achteren,Geen hindernis
25763,16,Kortrijk 1,Kortrijk,50.83332,3.27777,1.5879919567872547,50.830542403798546,3.2555906181055847,2021,6,7,34022,Kortrijk,Normaal,Droog,Dag,met lichtgewonden,3,Fiets,3,Fiets,Buiten Kruispunt,Gewestweg,binnen bebouwde kom,Tussen 2 bestuurders: Langs achteren,Geen hindernis
25764,16,Kortrijk 1,Kortrijk,50.83332,3.27777,0.7028018535632198,50.830353034191155,3.286605971757069,2021,6,11,34022,Kortrijk,Normaal,Droog,Dag,met lichtgewonden,3,Fiets,3,Fiets,Op Kruispunt,Gemeenteweg,binnen bebouwde kom,Tss. 2 best.: langs opzij (voor-/achterkant-flank),Geen hindernis
25764,17,Kortrijk 2,Kortrijk,50.83339,3.27773,0.7089574906173546,50.830353034191155,3.286605971757069,2021,6,11,34022,Kortrijk,Normaal,Droog,Dag,met lichtgewonden,3,Fiets,3,Fiets,Op Kruispunt,Gemeenteweg,binnen bebouwde kom,Tss. 2 best.: langs opzij (voor-/achterkant-flank),Geen hindernis
25764,143,Eco Display Classic Budastraat,Kortrijk,50.83066,3.26286,1.6680896785313601,50.830353034191155,3.286605971757069,2021,6,11,34022,Kortrijk,Normaal,Droog,Dag,met lichtgewonden,3,Fiets,3,Fiets,Op Kruispunt,Gemeenteweg,binnen bebouwde kom,Tss. 2 best.: langs opzij (voor-/achterkant-flank),Geen hindernis
25764,75,Kortrijk teller 2,Kortrijk,50.81925,3.25731,2.399731011654885,50.830353034191155,3.286605971757069,2021,6,11,34022,Kortrijk,Normaal,Droog,Dag,met lichtgewonden,3,Fiets,3,Fiets,Op Kruispunt,Gemeenteweg,binnen bebouwde kom,Tss. 2 best.: langs opzij (voor-/achterkant-flank),Geen hindernis
25764,74,Kortrijk teller 1,Kortrijk,50.81909,3.25728,2.4107357662153057,50.830353034191155,3.286605971757069,2021,6,11,34022,Kortrijk,Normaal,Droog,Dag,met lichtgewonden,3,Fiets,3,Fiets,Op Kruispunt,Gemeenteweg,binnen bebouwde kom,Tss. 2 best.: langs opzij (voor-/achterkant-flank),Geen hindernis
25765,74,Kortrijk teller 1,Kortrijk,50.81909,3.25728,2.0718286826647723,50.803495225601125,3.241143080025797,2021,6,16,34022,Kortrijk,Normaal,Droog,Dag,met lichtgewonden,3,Fiets,9,personenauto,Op Kruispunt,Gemeenteweg,buiten bebouwde kom,Tss. 2 best.: langs opzij (voor-/achterkant-flank),Geen hindernis
25765,75,Kortrijk teller 2,Kortrijk,50.81925,3.25731,2.087887058724771,50.803495225601125,3.241143080025797,2021,6,16,34022,Kortrijk,Normaal,Droog,Dag,met lichtgewonden,3,Fiets,9,personenauto,Op Kruispunt,Gemeenteweg,buiten bebouwde kom,Tss. 2 best.: langs opzij (voor-/achterkant-flank),Geen hindernis
25766,16,Kortrijk 1,Kortrijk,50.83332,3.27777,0.5884875320231375,50.828279773804965,3.2803256453686265,2021,6,12,34022,Kortrijk,Normaal,Droog,Dag,met lichtgewonden,3,Fiets,9,personenauto,Buiten Kruispunt,Gemeenteweg,binnen bebouwde kom,Tussen 2 bestuurders: Flank tegen flank,Geen hindernis
25766,17,Kortrijk 2,Kortrijk,50.83339,3.27773,0.5967571705756266,50.828279773804965,3.2803256453686265,2021,6,12,34022,Kortrijk,Normaal,Droog,Dag,met lichtgewonden,3,Fiets,9,personenauto,Buiten Kruispunt,Gemeenteweg,binnen bebouwde kom,Tussen 2 bestuurders: Flank tegen flank,Geen hindernis
25766,143,Eco Display Classic Budastraat,Kortrijk,50.83066,3.26286,1.2549119418004688,50.828279773804965,3.2803256453686265,2021,6,12,34022,Kortrijk,Normaal,Droog,Dag,met lichtgewonden,3,Fiets,9,personenauto,Buiten Kruispunt,Gemeenteweg,binnen bebouwde kom,Tussen 2 bestuurders: Flank tegen flank,Geen hindernis
25766,75,Kortrijk teller 2,Kortrijk,50.81925,3.25731,1.9031039355586368,50.828279773804965,3.2803256453686265,2021,6,12,34022,Kortrijk,Normaal,Droog,Dag,met lichtgewonden,3,Fiets,9,personenauto,Buiten Kruispunt,Gemeenteweg,binnen bebouwde kom,Tussen 2 bestuurders: Flank tegen flank,Geen hindernis
25766,74,Kortrijk teller 1,Kortrijk,50.81909,3.25728,1.914334129415271,50.828279773804965,3.2803256453686265,2021,6,12,34022,Kortrijk,Normaal,Droog,Dag,met lichtgewonden,3,Fiets,9,personenauto,Buiten Kruispunt,Gemeenteweg,binnen bebouwde kom,Tussen 2 bestuurders: Flank tegen flank,Geen hindernis
25767,143,Eco Display Classic Budastraat,Kortrijk,50.83066,3.26286,0.12730396249501053,50.8298998789663,3.264215441996384,2021,6,7,34022,Kortrijk,Normaal,Droog,Dag,met lichtgewonden,8,Voetganger,3,Fiets,Buiten Kruispunt,Gemeenteweg,binnen bebouwde kom,Met een voetganger,Geen hindernis
25767,16,Kortrijk 1,Kortrijk,50.83332,3.27777,1.0251023070064755,50.8298998789663,3.264215441996384,2021,6,7,34022,Kortrijk,Normaal,Droog,Dag,met lichtgewonden,8,Voetganger,3,Fiets,Buiten Kruispunt,Gemeenteweg,binnen bebouwde kom,Met een voetganger,Geen hindernis
25767,17,Kortrijk 2,Kortrijk,50.83339,3.27773,1.0254138724120094,50.8298998789663,3.264215441996384,2021,6,7,34022,Kortrijk,Normaal,Droog,Dag,met lichtgewonden,8,Voetganger,3,Fiets,Buiten Kruispunt,Gemeenteweg,binnen bebouwde kom,Met een voetganger,Geen hindernis
25767,75,Kortrijk teller 2,Kortrijk,50.81925,3.25731,1.2796996994165721,50.8298998789663,3.264215441996384,2021,6,7,34022,Kortrijk,Normaal,Droog,Dag,met lichtgewonden,8,Voetganger,3,Fiets,Buiten Kruispunt,Gemeenteweg,binnen bebouwde kom,Met een voetganger,Geen hindernis
25767,74,Kortrijk teller 1,Kortrijk,50.81909,3.25728,1.296971251724725,50.8298998789663,3.264215441996384,2021,6,7,34022,Kortrijk,Normaal,Droog,Dag,met lichtgewonden,8,Voetganger,3,Fiets,Buiten Kruispunt,Gemeenteweg,binnen bebouwde kom,Met een voetganger,Geen hindernis
25768,143,Eco Display Classic Budastraat,Kortrijk,50.83066,3.26286,1.2775094401923899,50.84071153397197,3.254049338059822,2021,6,12,34022,Kortrijk,Normaal,Droog,Dag,met lichtgewonden,9,personenauto,3,Fiets,Buiten Kruispunt,Gemeenteweg,binnen bebouwde kom,Tss. 2 best.: langs opzij (voor-/achterkant-flank),Geen hindernis
25768,17,Kortrijk 2,Kortrijk,50.83339,3.27773,1.8515105474573539,50.84071153397197,3.254049338059822,2021,6,12,34022,Kortrijk,Normaal,Droog,Dag,met lichtgewonden,9,personenauto,3,Fiets,Buiten Kruispunt,Gemeenteweg,binnen bebouwde kom,Tss. 2 best.: langs opzij (voor-/achterkant-flank),Geen hindernis
25768,16,Kortrijk 1,Kortrijk,50.83332,3.27777,1.8574658888630455,50.84071153397197,3.254049338059822,2021,6,12,34022,Kortrijk,Normaal,Droog,Dag,met lichtgewonden,9,personenauto,3,Fiets,Buiten Kruispunt,Gemeenteweg,binnen bebouwde kom,Tss. 2 best.: langs opzij (voor-/achterkant-flank),Geen hindernis
25768,75,Kortrijk teller 2,Kortrijk,50.81925,3.25731,2.3973766142594495,50.84071153397197,3.254049338059822,2021,6,12,34022,Kortrijk,Normaal,Droog,Dag,met lichtgewonden,9,personenauto,3,Fiets,Buiten Kruispunt,Gemeenteweg,binnen bebouwde kom,Tss. 2 best.: langs opzij (voor-/achterkant-flank),Geen hindernis
25768,74,Kortrijk teller 1,Kortrijk,50.81909,3.25728,2.414888197594427,50.84071153397197,3.254049338059822,2021,6,12,34022,Kortrijk,Normaal,Droog,Dag,met lichtgewonden,9,personenauto,3,Fiets,Buiten Kruispunt,Gemeenteweg,binnen bebouwde kom,Tss. 2 best.: langs opzij (voor-/achterkant-flank),Geen hindernis
25769,17,Kortrijk 2,Kortrijk,50.83339,3.27773,2.3836307895769417,50.85397759034894,3.287189120309633,2021,6,11,34023,Kuurne,Regenval,"Nat, plassen",Dag,met lichtgewonden,9,personenauto,3,Fiets,Op Kruispunt,Gemeenteweg,binnen bebouwde kom,Tss. 2 best.: langs opzij (voor-/achterkant-flank),Geen hindernis
25769,16,Kortrijk 1,Kortrijk,50.83332,3.27777,2.390328746661179,50.85397759034894,3.287189120309633,2021,6,11,34023,Kuurne,Regenval,"Nat, plassen",Dag,met lichtgewonden,9,personenauto,3,Fiets,Op Kruispunt,Gemeenteweg,binnen bebouwde kom,Tss. 2 best.: langs opzij (voor-/achterkant-flank),Geen hindernis
25777,16,Kortrijk 1,Kortrijk,50.83332,3.27777,2.088539971553953,50.827755533113795,3.3061725579227823,2021,6,8,34013,Harelbeke,Onbekend,"Nat, plassen",Dag,met lichtgewonden,3,Fiets,10,"één bestuurder, geen hindernis",Buiten Kruispunt,Gemeenteweg,buiten bebouwde kom,"Eén bestuurder, geen hindernis (incl. val)",Geen hindernis
25777,17,Kortrijk 2,Kortrijk,50.83339,3.27773,2.093538083769703,50.827755533113795,3.3061725579227823,2021,6,8,34013,Harelbeke,Onbekend,"Nat, plassen",Dag,met lichtgewonden,3,Fiets,10,"één bestuurder, geen hindernis",Buiten Kruispunt,Gemeenteweg,buiten bebouwde kom,"Eén bestuurder, geen hindernis (incl. val)",Geen hindernis
25786,17,Kortrijk 2,Kortrijk,50.83339,3.27773,1.353328870487462,50.837507798145054,3.2958647827535876,2021,6,1,34013,Harelbeke,Normaal,Droog,"Nacht, openbare verlichting aanwezig en ontstoken",met lichtgewonden,3,Fiets,10,"één bestuurder, geen hindernis",Buiten Kruispunt,Gemeenteweg,binnen bebouwde kom,"Eén bestuurder, geen hindernis (incl. val)",Geen hindernis
25786,16,Kortrijk 1,Kortrijk,50.83332,3.27777,1.3533451959053604,50.837507798145054,3.2958647827535876,2021,6,1,34013,Harelbeke,Normaal,Droog,"Nacht, openbare verlichting aanwezig en ontstoken",met lichtgewonden,3,Fiets,10,"één bestuurder, geen hindernis",Buiten Kruispunt,Gemeenteweg,binnen bebouwde kom,"Eén bestuurder, geen hindernis (incl. val)",Geen hindernis
25786,143,Eco Display Classic Budastraat,Kortrijk,50.83066,3.26286,2.439700845596105,50.837507798145054,3.2958647827535876,2021,6,1,34013,Harelbeke,Normaal,Droog,"Nacht, openbare verlichting aanwezig en ontstoken",met lichtgewonden,3,Fiets,10,"één bestuurder, geen hindernis",Buiten Kruispunt,Gemeenteweg,binnen bebouwde kom,"Eén bestuurder, geen hindernis (incl. val)",Geen hindernis
25795,67,Ieper totem,Ieper,50.85018,2.85624,1.7968390993520895,50.85012245629168,2.881834742548262,2021,6,16,33011,Ieper,Normaal,Droog,Dag,met lichtgewonden,3,Fiets,8,Voetganger,Op Kruispunt,Gewestweg,binnen bebouwde kom,Met een voetganger,Geen hindernis
25795,68,Ieper,Ieper,50.85032,2.85608,1.8081908984458244,50.85012245629168,2.881834742548262,2021,6,16,33011,Ieper,Normaal,Droog,Dag,met lichtgewonden,3,Fiets,8,Voetganger,Op Kruispunt,Gewestweg,binnen bebouwde kom,Met een voetganger,Geen hindernis
25796,68,Ieper,Ieper,50.85032,2.85608,0.16667369282568517,50.850736427571,2.853799274722183,2021,6,9,33011,Ieper,Normaal,"Nat, plassen",Dag,met zwaargewonden,3,Fiets,10,"één bestuurder, geen hindernis",Buiten Kruispunt,Gewestweg,buiten bebouwde kom,"Eén bestuurder, geen hindernis (incl. val)",Geen hindernis
25796,67,Ieper totem,Ieper,50.85018,2.85624,0.18217376697411392,50.850736427571,2.853799274722183,2021,6,9,33011,Ieper,Normaal,"Nat, plassen",Dag,met zwaargewonden,3,Fiets,10,"één bestuurder, geen hindernis",Buiten Kruispunt,Gewestweg,buiten bebouwde kom,"Eén bestuurder, geen hindernis (incl. val)",Geen hindernis
25800,67,Ieper totem,Ieper,50.85018,2.85624,2.2788104510269322,50.82983556281811,2.8601514728800654,2021,6,19,33011,Ieper,Onbekend,Onbekend,Dag,met zwaargewonden,3,Fiets,3,Fiets,Buiten Kruispunt,Gewestweg,buiten bebouwde kom,Tussen 2 bestuurders: Langs achteren,Geen hindernis
25800,68,Ieper,Ieper,50.85032,2.85608,2.2956370523760827,50.82983556281811,2.8601514728800654,2021,6,19,33011,Ieper,Onbekend,Onbekend,Dag,met zwaargewonden,3,Fiets,3,Fiets,Buiten Kruispunt,Gewestweg,buiten bebouwde kom,Tussen 2 bestuurders: Langs achteren,Geen hindernis
25802,67,Ieper totem,Ieper,50.85018,2.85624,2.17114409288846,50.85165113863898,2.887079255966539,2021,6,15,33011,Ieper,Normaal,Droog,Dag,met lichtgewonden,3,Fiets,1,Autobus,Buiten Kruispunt,Gewestweg,binnen bebouwde kom,Tss. 2 best.: langs opzij (voor-/achterkant-flank),Geen hindernis
25802,68,Ieper,Ieper,50.85032,2.85608,2.1812297219129704,50.85165113863898,2.887079255966539,2021,6,15,33011,Ieper,Normaal,Droog,Dag,met lichtgewonden,3,Fiets,1,Autobus,Buiten Kruispunt,Gewestweg,binnen bebouwde kom,Tss. 2 best.: langs opzij (voor-/achterkant-flank),Geen hindernis
25804,67,Ieper totem,Ieper,50.85018,2.85624,0.7576194152845133,50.84893288670136,2.8668493850728813,2021,6,7,33011,Ieper,Normaal,"Nat, plassen",Dag,met lichtgewonden,9,personenauto,3,Fiets,Op Kruispunt,Gewestweg,binnen bebouwde kom,Tss. 2 best.: langs opzij (voor-/achterkant-flank),Geen hindernis
25804,68,Ieper,Ieper,50.85032,2.85608,0.7716242990480393,50.84893288670136,2.8668493850728813,2021,6,7,33011,Ieper,Normaal,"Nat, plassen",Dag,met lichtgewonden,9,personenauto,3,Fiets,Op Kruispunt,Gewestweg,binnen bebouwde kom,Tss. 2 best.: langs opzij (voor-/achterkant-flank),Geen hindernis
25806,41,Maasmechelen teller 1,Maasmechelen,50.97025,5.69799,0.706313714402403,50.96409817684618,5.695477624577967,2021,6,15,73107,Maasmechelen,"Andere (dikke rook,...)",Droog,Dag,met lichtgewonden,3,Fiets,9,personenauto,Op Kruispunt,Gewestweg,buiten bebouwde kom,Tss. 2 best.: langs opzij (voor-/achterkant-flank),Geen hindernis
25806,42,Maasmechelen teller 2,Maasmechelen,50.97043,5.6981,0.7276207682294643,50.96409817684618,5.695477624577967,2021,6,15,73107,Maasmechelen,"Andere (dikke rook,...)",Droog,Dag,met lichtgewonden,3,Fiets,9,personenauto,Op Kruispunt,Gewestweg,buiten bebouwde kom,Tss. 2 best.: langs opzij (voor-/achterkant-flank),Geen hindernis
25807,41,Maasmechelen teller 1,Maasmechelen,50.97025,5.69799,1.3027141680834917,50.96744818478369,5.679926075766472,2021,6,8,73107,Maasmechelen,Normaal,Droog,Dag,met lichtgewonden,9,personenauto,3,Fiets,Buiten Kruispunt,Gemeenteweg,binnen bebouwde kom,Tussen 2 bestuurders: Flank tegen flank,Geen hindernis
25807,42,Maasmechelen teller 2,Maasmechelen,50.97043,5.6981,1.3150952621161023,50.96744818478369,5.679926075766472,2021,6,8,73107,Maasmechelen,Normaal,Droog,Dag,met lichtgewonden,9,personenauto,3,Fiets,Buiten Kruispunt,Gemeenteweg,binnen bebouwde kom,Tussen 2 bestuurders: Flank tegen flank,Geen hindernis
25808,42,Maasmechelen teller 2,Maasmechelen,50.97043,5.6981,2.0098842888503885,50.98850357009099,5.698499894526745,2021,6,15,73107,Maasmechelen,Normaal,Proper,Dag,met lichtgewonden,9,personenauto,3,Fiets,Op Kruispunt,Gemeenteweg,binnen bebouwde kom,Tss. 2 best.: langs opzij (voor-/achterkant-flank),Geen hindernis
25808,41,Maasmechelen teller 1,Maasmechelen,50.97025,5.69799,2.030018267387128,50.98850357009099,5.698499894526745,2021,6,15,73107,Maasmechelen,Normaal,Proper,Dag,met lichtgewonden,9,personenauto,3,Fiets,Op Kruispunt,Gemeenteweg,binnen bebouwde kom,Tss. 2 best.: langs opzij (voor-/achterkant-flank),Geen hindernis
25820,100,Mechelen teller 2,Mechelen,51.0457,4.46883,2.441867266859654,51.06743992395509,4.463893458676879,2021,6,14,12025,Mechelen,Normaal,Droog,Dag,met zwaargewonden,9,personenauto,3,Fiets,Buiten Kruispunt,Gemeenteweg,binnen bebouwde kom,Tussen 2 bestuurders: Flank tegen flank,Geen hindernis
25820,99,Mechelen teller 1,Mechelen,51.04564,4.46882,2.4483738518472706,51.06743992395509,4.463893458676879,2021,6,14,12025,Mechelen,Normaal,Droog,Dag,met zwaargewonden,9,personenauto,3,Fiets,Buiten Kruispunt,Gemeenteweg,binnen bebouwde kom,Tussen 2 bestuurders: Flank tegen flank,Geen hindernis
25821,99,Mechelen teller 1,Mechelen,51.04564,4.46882,1.8934694653294017,51.03434814918172,4.489091030434159,2021,6,23,12025,Mechelen,Regenval,"Nat, plassen","Nacht, openbare verlichting aanwezig en ontstoken",met lichtgewonden,3,Fiets,3,Fiets,Buiten Kruispunt,Gemeenteweg,binnen bebouwde kom,Tss. 2 best.: langs opzij (voor-/achterkant-flank),Geen hindernis
25821,100,Mechelen teller 2,Mechelen,51.0457,4.46883,1.897377423184749,51.03434814918172,4.489091030434159,2021,6,23,12025,Mechelen,Regenval,"Nat, plassen","Nacht, openbare verlichting aanwezig en ontstoken",met lichtgewonden,3,Fiets,3,Fiets,Buiten Kruispunt,Gemeenteweg,binnen bebouwde kom,Tss. 2 best.: langs opzij (voor-/achterkant-flank),Geen hindernis
25823,99,Mechelen teller 1,Mechelen,51.04564,4.46882,2.2661119921145723,51.026755949345564,4.481006197256681,2021,6,14,12025,Mechelen,Normaal,Droog,Dag,met lichtgewonden,3,Fiets,3,Fiets,Buiten Kruispunt,Gemeenteweg,binnen bebouwde kom,Tss. 2 best.: langs opzij (voor-/achterkant-flank),Geen hindernis
25823,100,Mechelen teller 2,Mechelen,51.0457,4.46883,2.2720331442188466,51.026755949345564,4.481006197256681,2021,6,14,12025,Mechelen,Normaal,Droog,Dag,met lichtgewonden,3,Fiets,3,Fiets,Buiten Kruispunt,Gemeenteweg,binnen bebouwde kom,Tss. 2 best.: langs opzij (voor-/achterkant-flank),Geen hindernis
25825,99,Mechelen teller 1,Mechelen,51.04564,4.46882,1.7262072293342376,51.033175893115384,4.483538020124604,2021,6,10,12025,Mechelen,Normaal,Droog,Dag,met lichtgewonden,3,Fiets,9,personenauto,Op Kruispunt,Gewestweg,buiten bebouwde kom,Tussen 2 bestuurders: Flank tegen flank,Geen hindernis
25825,100,Mechelen teller 2,Mechelen,51.0457,4.46883,1.7311525819276965,51.033175893115384,4.483538020124604,2021,6,10,12025,Mechelen,Normaal,Droog,Dag,met lichtgewonden,3,Fiets,9,personenauto,Op Kruispunt,Gewestweg,buiten bebouwde kom,Tussen 2 bestuurders: Flank tegen flank,Geen hindernis
25828,99,Mechelen teller 1,Mechelen,51.04564,4.46882,1.5163879614394986,51.033051472208186,4.477160294526426,2021,6,17,12025,Mechelen,Normaal,Droog,Dag,met lichtgewonden,9,personenauto,3,Fiets,Op Kruispunt,Gemeenteweg,binnen bebouwde kom,Tss. 2 best.: langs opzij (voor-/achterkant-flank),Geen hindernis
25828,100,Mechelen teller 2,Mechelen,51.0457,4.46883,1.5222809846549612,51.033051472208186,4.477160294526426,2021,6,17,12025,Mechelen,Normaal,Droog,Dag,met lichtgewonden,9,personenauto,3,Fiets,Op Kruispunt,Gemeenteweg,binnen bebouwde kom,Tss. 2 best.: langs opzij (voor-/achterkant-flank),Geen hindernis
25829,32,Lummen,Lummen,50.97971,5.20961,2.3725832045954327,50.959295586151974,5.219466412112135,2021,6,19,71024,Herk-de-Stad,Normaal,Droog+Proper,Dag,met zwaargewonden,3,Fiets,9,personenauto,Buiten Kruispunt,Gemeenteweg,buiten bebouwde kom,Tussen 2 bestuurders: Frontale botsing,Geen hindernis
25829,33,Lummen,Lummen,50.97978,5.20936,2.3851664518699303,50.959295586151974,5.219466412112135,2021,6,19,71024,Herk-de-Stad,Normaal,Droog+Proper,Dag,met zwaargewonden,3,Fiets,9,personenauto,Buiten Kruispunt,Gemeenteweg,buiten bebouwde kom,Tussen 2 bestuurders: Frontale botsing,Geen hindernis
25831,140,Hasselt ring,Hasselt,50.9300038,5.3438616,2.2815094440079857,50.91046786565447,5.35381106715135,2021,6,18,71022,Hasselt,Normaal,Droog,Dag,met lichtgewonden,9,personenauto,3,Fiets,Buiten Kruispunt,Gewestweg,buiten bebouwde kom,Tss. 2 best.: langs opzij (voor-/achterkant-flank),Geen hindernis
25832,140,Hasselt ring,Hasselt,50.9300038,5.3438616,0.3239456757609786,50.92709752465296,5.343540504422508,2021,6,10,71022,Hasselt,Normaal,Droog,Dag,met zwaargewonden,3,Fiets,8,Voetganger,Buiten Kruispunt,Gemeenteweg,binnen bebouwde kom,Met een voetganger,Geen hindernis
25832,138,Hasselt-Kempische brug,Hasselt,50.9405318,5.3422472,1.4965700446087558,50.92709752465296,5.343540504422508,2021,6,10,71022,Hasselt,Normaal,Droog,Dag,met zwaargewonden,3,Fiets,8,Voetganger,Buiten Kruispunt,Gemeenteweg,binnen bebouwde kom,Met een voetganger,Geen hindernis
25832,137,Hasselt-Kempische brug,Hasselt,50.9411605,5.3417576,1.5687148201226937,50.92709752465296,5.343540504422508,2021,6,10,71022,Hasselt,Normaal,Droog,Dag,met zwaargewonden,3,Fiets,8,Voetganger,Buiten Kruispunt,Gemeenteweg,binnen bebouwde kom,Met een voetganger,Geen hindernis
25835,30,Herk De Stad,Herk-de-Stad,50.94374,5.17691,0.918430679428327,50.938804897599525,5.166398962220694,2021,6,8,71024,Herk-de-Stad,Normaal,Droog+Proper,Dag,met zwaargewonden,3,Fiets,3,Fiets,Op Kruispunt,Gemeenteweg,binnen bebouwde kom,Tussen 2 bestuurders: Frontale botsing,Geen hindernis
25835,31,Herk De Stad,Herk-de-Stad,50.94366,5.1775,0.9467998738170758,50.938804897599525,5.166398962220694,2021,6,8,71024,Herk-de-Stad,Normaal,Droog+Proper,Dag,met zwaargewonden,3,Fiets,3,Fiets,Op Kruispunt,Gemeenteweg,binnen bebouwde kom,Tussen 2 bestuurders: Frontale botsing,Geen hindernis
25836,140,Hasselt ring,Hasselt,50.9300038,5.3438616,1.8191704154970563,50.924731543879986,5.31929034039002,2021,6,15,71022,Hasselt,Normaal,Droog,Dag,met lichtgewonden,3,Fiets,11,een weggebruiker tegen een hindernis,Buiten Kruispunt,Gemeenteweg,binnen bebouwde kom,Weggebruiker tegen hindernis buiten rijbaan,Buiten de rijbaan: Andere paal
25836,138,Hasselt-Kempische brug,Hasselt,50.9405318,5.3422472,2.3822109045899404,50.924731543879986,5.31929034039002,2021,6,15,71022,Hasselt,Normaal,Droog,Dag,met lichtgewonden,3,Fiets,11,een weggebruiker tegen een hindernis,Buiten Kruispunt,Gemeenteweg,binnen bebouwde kom,Weggebruiker tegen hindernis buiten rijbaan,Buiten de rijbaan: Andere paal
25836,137,Hasselt-Kempische brug,Hasselt,50.9411605,5.3417576,2.4116814625872065,50.924731543879986,5.31929034039002,2021,6,15,71022,Hasselt,Normaal,Droog,Dag,met lichtgewonden,3,Fiets,11,een weggebruiker tegen een hindernis,Buiten Kruispunt,Gemeenteweg,binnen bebouwde kom,Weggebruiker tegen hindernis buiten rijbaan,Buiten de rijbaan: Andere paal
25840,48,As,As,51.00509,5.60389,1.9148047582639884,51.012480922956016,5.579170562363118,2021,6,11,71002,As,Normaal,Droog,Dag,met lichtgewonden,3,Fiets,9,personenauto,Op Kruispunt,Gemeenteweg,binnen bebouwde kom,Tussen 2 bestuurders: Frontale botsing,Geen hindernis
25842,76,Heverlee teller 2,Leuven,50.84606,4.69597,2.3586512897981002,50.825162557582125,4.701731517267205,2021,6,16,24086,Oud-Heverlee,Normaal,Droog,Dag,met lichtgewonden,3,Fiets,9,personenauto,Buiten Kruispunt,Gewestweg,buiten bebouwde kom,Tss. 2 best.: langs opzij (voor-/achterkant-flank),Geen hindernis
25842,108,Heverlee teller 1,Leuven,50.8471728,4.6954674,2.4866453286655794,50.825162557582125,4.701731517267205,2021,6,16,24086,Oud-Heverlee,Normaal,Droog,Dag,met lichtgewonden,3,Fiets,9,personenauto,Buiten Kruispunt,Gewestweg,buiten bebouwde kom,Tss. 2 best.: langs opzij (voor-/achterkant-flank),Geen hindernis
25844,76,Heverlee teller 2,Leuven,50.84606,4.69597,2.35865824573947,50.825329325729214,4.688856107364197,2021,6,22,24086,Oud-Heverlee,Normaal,Droog,"Nacht, openbare verlichting aanwezig en ontstoken",met zwaargewonden,3,Fiets,11,een weggebruiker tegen een hindernis,Op Kruispunt,Gemeenteweg,binnen bebouwde kom,Weggebruiker tegen hindernis buiten rijbaan,Buiten de rijbaan: Andere paal
25844,108,Heverlee teller 1,Leuven,50.8471728,4.6954674,2.472857169101434,50.825329325729214,4.688856107364197,2021,6,22,24086,Oud-Heverlee,Normaal,Droog,"Nacht, openbare verlichting aanwezig en ontstoken",met zwaargewonden,3,Fiets,11,een weggebruiker tegen een hindernis,Op Kruispunt,Gemeenteweg,binnen bebouwde kom,Weggebruiker tegen hindernis buiten rijbaan,Buiten de rijbaan: Andere paal
25846,12,Tervuren,Kraainem,50.81896,4.47803,2.3547565044395293,50.824534633427234,4.510369382150911,2021,4,7,24104,Tervuren,Normaal,Droog,Dag,met lichtgewonden,3,Fiets,5,Lichte vrachtauto,Buiten Kruispunt,Gemeenteweg,binnen bebouwde kom,Tss. 2 best.: langs opzij (voor-/achterkant-flank),Geen hindernis
25847,14,Genk,Genk,50.97172,5.48927,1.4918502566482195,50.981664417319244,5.503573831085788,2021,6,12,71016,Genk,Normaal,Droog,Dag,met lichtgewonden,3,Fiets,3,Fiets,Buiten Kruispunt,Gemeenteweg,buiten bebouwde kom,Tussen 2 bestuurders: Frontale botsing,Geen hindernis