crash_row_id,site_id,site_name,site_gemeente,site_lat,site_long,distance_km,crash_lat,crash_long,DT_YEAR_COLLISION,DT_MONTH_COLLISION,DT_TIME,CD_NIS,TX_MUNTY_COLLISION_NL,TX_WEATHER_NL,TX_ROAD_CONDITION_NL,TX_LIGHT_CONDITION_NL,TX_CLASS_ACCIDENTS_NL,CD_ROAD_USR_TYPE1,TX_ROAD_USR_TYPE1_NL,CD_ROAD_USR_TYPE2,TX_ROAD_USR_TYPE2_NL,TX_CROSSWAY_NL,CD_ROAD_TYPE_NL,TX_BUILD_UP_AREA_NL,TX_COLLISION_TYPE_NL,TX_OBSTACLES_NL
25848,139,Houthalen-Helchteren,Houthalen-Helchteren,51.0644267,5.3819796,1.4709663420050014,51.064395281659394,5.4030294177044444,2021,6,14,72039,Houthalen-Helchteren,Onbekend,Onbekend,Dag,met lichtgewonden,3,Fiets,10,"één bestuurder, geen hindernis",Buiten Kruispunt,Gewestweg,buiten bebouwde kom,"Eén bestuurder, geen hindernis (incl. val)",Geen hindernis
25850,14,Genk,Genk,50.97172,5.48927,1.4512551209132611,50.96409914920646,5.5060946609075385,2021,6,17,71016,Genk,Normaal,Droog,Dag,met lichtgewonden,3,Fiets,10,"één bestuurder, geen hindernis",Op Kruispunt,Gemeenteweg,binnen bebouwde kom,"Eén bestuurder, geen hindernis (incl. val)",Geen hindernis
25853,139,Houthalen-Helchteren,Houthalen-Helchteren,51.0644267,5.3819796,1.588875807210827,51.05566696238945,5.399941532917319,2021,6,6,72039,Houthalen-Helchteren,Normaal,Droog,Dag,met zwaargewonden,3,Fiets,9,personenauto,Buiten Kruispunt,Gemeenteweg,binnen bebouwde kom,Tussen 2 bestuurders: Langs achteren,Geen hindernis
25854,14,Genk,Genk,50.97172,5.48927,2.1293949621486794,50.974156549729386,5.519434921484205,2021,6,13,71016,Genk,Normaal,Droog,Dag,met lichtgewonden,9,personenauto,3,Fiets,Op Kruispunt,Gewestweg,binnen bebouwde kom,Tss. 2 best.: langs opzij (voor-/achterkant-flank),Geen hindernis
25857,25,Bree,Bree,51.13679500160176,5.597669323604317,0.5461944208767244,51.13854728758269,5.604982822877127,2021,6,0,72004,Bree,Normaal,Droog,"Nacht, openbare verlichting aanwezig en ontstoken",met lichtgewonden,3,Fiets,9,personenauto,Buiten Kruispunt,Gewestweg,binnen bebouwde kom,Tussen 2 bestuurders: Flank tegen flank,Geen hindernis
25858,14,Genk,Genk,50.97172,5.48927,2.1532442053098864,50.977732757772515,5.518503801560534,2021,6,8,71016,Genk,Normaal,Droog,Dag,met lichtgewonden,6,Bromfiets,3,Fiets,Buiten Kruispunt,Gemeenteweg,buiten bebouwde kom,Tussen 2 bestuurders: Frontale botsing,Geen hindernis
25862,23,Tienen 3,Tienen,50.81324,4.93447,2.368296977873185,50.81871217731916,4.9018913320679935,2021,6,12,24107,Tienen,Normaal,Droog,Dag,met lichtgewonden,9,personenauto,3,Fiets,Op Kruispunt,Gewestweg,buiten bebouwde kom,Tss. 2 best.: langs opzij (voor-/achterkant-flank),Geen hindernis
25862,24,Tienen 1,Tienen,50.8133795491886,4.935044252605416,2.403430130949647,50.81871217731916,4.9018913320679935,2021,6,12,24107,Tienen,Normaal,Droog,Dag,met lichtgewonden,9,personenauto,3,Fiets,Op Kruispunt,Gewestweg,buiten bebouwde kom,Tss. 2 best.: langs opzij (voor-/achterkant-flank),Geen hindernis
25862,22,Tienen 2,Tienen,50.81330800184882,4.935984252796022,2.469407296566179,50.81871217731916,4.9018913320679935,2021,6,12,24107,Tienen,Normaal,Droog,Dag,met lichtgewonden,9,personenauto,3,Fiets,Op Kruispunt,Gewestweg,buiten bebouwde kom,Tss. 2 best.: langs opzij (voor-/achterkant-flank),Geen hindernis
25866,131,Nevele,Deinze,51.0276612,3.558569,1.1268815571459936,51.03666097669412,3.5511603733250037,2021,6,8,44083,Deinze,Normaal,Droog,Dag,met lichtgewonden,9,personenauto,3,Fiets,Op Kruispunt,Gewestweg,buiten bebouwde kom,Tss. 2 best.: langs opzij (voor-/achterkant-flank),Geen hindernis
25889,2,Brasschaat 2,Brasschaat,51.27512,4.47169,2.3265999563831414,51.2554622939655,4.460235193703261,2021,7,9,11002,Antwerpen,Onbekend,Onbekend,Dag,met lichtgewonden,3,Fiets,10,"één bestuurder, geen hindernis",Buiten Kruispunt,Gewestweg,onbekend,"Eén bestuurder, geen hindernis (incl. val)",Geen hindernis
25889,3,Brasschaat 1,Brasschaat,51.27503,4.47222,2.330141038776922,51.2554622939655,4.460235193703261,2021,7,9,11002,Antwerpen,Onbekend,Onbekend,Dag,met lichtgewonden,3,Fiets,10,"één bestuurder, geen hindernis",Buiten Kruispunt,Gewestweg,onbekend,"Eén bestuurder, geen hindernis (incl. val)",Geen hindernis
25921,3,Brasschaat 1,Brasschaat,51.27503,4.47222,0.47803933400013127,51.27856169654612,4.4761387740167935,2021,7,0,11008,Brasschaat,Normaal,Droog,"Nacht, openb. verlicht. aanw., maar niet ontstoken",met lichtgewonden,3,Fiets,11,een weggebruiker tegen een hindernis,Buiten Kruispunt,Gewestweg,buiten bebouwde kom,Weggebruiker tegen hindernis op de rijbaan,"Op de rijbaan: Werken (signal., aarde, toestel,…)"
25921,2,Brasschaat 2,Brasschaat,51.27512,4.47169,0.4921575543326958,51.27856169654612,4.4761387740167935,2021,7,0,11008,Brasschaat,Normaal,Droog,"Nacht, openb. verlicht. aanw., maar niet ontstoken",met lichtgewonden,3,Fiets,11,een weggebruiker tegen een hindernis,Buiten Kruispunt,Gewestweg,buiten bebouwde kom,Weggebruiker tegen hindernis op de rijbaan,"Op de rijbaan: Werken (signal., aarde, toestel,…)"
25944,3,Brasschaat 1,Brasschaat,51.27503,4.47222,1.96984906894316,51.257849442235134,4.465316261915629,2021,7,17,11040,Schoten,Normaal,"Nat, plassen",Dag,met lichtgewonden,9,personenauto,3,Fiets,Buiten Kruispunt,Gewestweg,binnen bebouwde kom,Tss. 2 best.: langs opzij (voor-/achterkant-flank),Geen hindernis
25944,2,Brasschaat 2,Brasschaat,51.27512,4.47169,1.9709332692280739,51.257849442235134,4.465316261915629,2021,7,17,11040,Schoten,Normaal,"Nat, plassen",Dag,met lichtgewonden,9,personenauto,3,Fiets,Buiten Kruispunt,Gewestweg,binnen bebouwde kom,Tss. 2 best.: langs opzij (voor-/achterkant-flank),Geen hindernis
25951,104,Malle teller 2,Malle,51.31682,4.73852,1.79936542706957,51.30117668579516,4.731895939302006,2021,7,14,11057,Malle,Normaal,Droog,Dag,met lichtgewonden,9,personenauto,3,Fiets,Op Kruispunt,Gewestweg,binnen bebouwde kom,Tss. 2 best.: langs opzij (voor-/achterkant-flank),Geen hindernis
25951,103,Malle teller 1,Malle,51.31681,4.73872,1.80190016740447,51.30117668579516,4.731895939302006,2021,7,14,11057,Malle,Normaal,Droog,Dag,met lichtgewonden,9,personenauto,3,Fiets,Op Kruispunt,Gewestweg,binnen bebouwde kom,Tss. 2 best.: langs opzij (voor-/achterkant-flank),Geen hindernis
25952,104,Malle teller 2,Malle,51.31682,4.73852,1.5192240930173277,51.30329911266876,4.735378958486852,2021,7,17,11057,Malle,Normaal,Droog,Dag,met lichtgewonden,9,personenauto,3,Fiets,Buiten Kruispunt,Gewestweg,binnen bebouwde kom,Tss. 2 best.: langs opzij (voor-/achterkant-flank),Geen hindernis
25952,103,Malle teller 1,Malle,51.31681,4.73872,1.5201852271937961,51.30329911266876,4.735378958486852,2021,7,17,11057,Malle,Normaal,Droog,Dag,met lichtgewonden,9,personenauto,3,Fiets,Buiten Kruispunt,Gewestweg,binnen bebouwde kom,Tss. 2 best.: langs opzij (voor-/achterkant-flank),Geen hindernis
25953,8,Heist op den Berg 1,Heist-op-den-Berg,51.06759,4.68823,2.1058980033842953,51.083668372766375,4.672300845683452,2021,7,16,12014,Heist-op-den-Berg,Normaal,Droog,Dag,met zwaargewonden,3,Fiets,5,Lichte vrachtauto,Op Kruispunt,Gemeenteweg,buiten bebouwde kom,Tss. 2 best.: langs opzij (voor-/achterkant-flank),Geen hindernis
25953,9,Heist op den Berg 2,Heist-op-den-Berg,51.06904,4.69524,2.2834356689043465,51.083668372766375,4.672300845683452,2021,7,16,12014,Heist-op-den-Berg,Normaal,Droog,Dag,met zwaargewonden,3,Fiets,5,Lichte vrachtauto,Op Kruispunt,Gemeenteweg,buiten bebouwde kom,Tss. 2 best.: langs opzij (voor-/achterkant-flank),Geen hindernis
25955,96,Lier teller 2,Lier,51.11705,4.58444,2.4195849656891,51.13786392872785,4.594551664539383,2021,7,13,12021,Lier,Normaal,Droog,Dag,met lichtgewonden,5,Lichte vrachtauto,3,Fiets,Op Kruispunt,Gewestweg,binnen bebouwde kom,Tussen 2 bestuurders: Flank tegen flank,Geen hindernis
25955,95,Lier teller 1,Lier,51.11687,4.58437,2.440155287452253,51.13786392872785,4.594551664539383,2021,7,13,12021,Lier,Normaal,Droog,Dag,met lichtgewonden,5,Lichte vrachtauto,3,Fiets,Op Kruispunt,Gewestweg,binnen bebouwde kom,Tussen 2 bestuurders: Flank tegen flank,Geen hindernis
25956,92,Nijlen teller 1,Nijlen,51.14989,4.64479,2.394022307171849,51.16175043820897,4.673438645534324,2021,7,9,12026,Nijlen,Normaal,Droog,Dag,met lichtgewonden,8,Voetganger,3,Fiets,Buiten Kruispunt,Gewestweg,binnen bebouwde kom,Met een voetganger,Geen hindernis
25956,93,Nijlen teller 2,Nijlen,51.14998,4.64469,2.394359312312497,51.16175043820897,4.673438645534324,2021,7,9,12026,Nijlen,Normaal,Droog,Dag,met lichtgewonden,8,Voetganger,3,Fiets,Buiten Kruispunt,Gewestweg,binnen bebouwde kom,Met een voetganger,Geen hindernis
25957,8,Heist op den Berg 1,Heist-op-den-Berg,51.06759,4.68823,1.8954162675127364,51.081231953172676,4.671963301014867,2021,7,22,12002,Berlaar,Normaal,Droog,"Nacht, openbare verlichting aanwezig en ontstoken",met lichtgewonden,2,Andere weggebruiker,3,Fiets,Buiten Kruispunt,Gewestweg,binnen bebouwde kom,Tss. 2 best.: langs opzij (voor-/achterkant-flank),Geen hindernis
25957,9,Heist op den Berg 2,Heist-op-den-Berg,51.06904,4.69524,2.1171686917990225,51.081231953172676,4.671963301014867,2021,7,22,12002,Berlaar,Normaal,Droog,"Nacht, openbare verlichting aanwezig en ontstoken",met lichtgewonden,2,Andere weggebruiker,3,Fiets,Buiten Kruispunt,Gewestweg,binnen bebouwde kom,Tss. 2 best.: langs opzij (voor-/achterkant-flank),Geen hindernis
25975,88,Westerlo teller 1,Westerlo,51.082,4.91325,0.28031985278970045,51.08428420474353,4.914947961776959,2021,7,12,13049,Westerlo,Normaal,Droog,Dag,met lichtgewonden,3,Fiets,11,een weggebruiker tegen een hindernis,Op Kruispunt,Gemeenteweg,binnen bebouwde kom,Weggebruiker tegen hindernis buiten rijbaan,Buiten de rijbaan: Andere paal
25975,89,Westerlo teller 2,Westerlo,51.08191,4.91334,0.28689949932722986,51.08428420474353,4.914947961776959,2021,7,12,13049,Westerlo,Normaal,Droog,Dag,met lichtgewonden,3,Fiets,11,een weggebruiker tegen een hindernis,Op Kruispunt,Gemeenteweg,binnen bebouwde kom,Weggebruiker tegen hindernis buiten rijbaan,Buiten de rijbaan: Andere paal
25980,89,Westerlo teller 2,Westerlo,51.08191,4.91334,0.7358115930879858,51.075480620577856,4.910847599527405,2021,7,15,13013,Herselt,Normaal,Droog,Dag,met lichtgewonden,9,personenauto,3,Fiets,Buiten Kruispunt,Gemeenteweg,buiten bebouwde kom,Tss. 2 best.: langs opzij (voor-/achterkant-flank),Geen hindernis
25980,88,Westerlo teller 1,Westerlo,51.082,4.91325,0.7440954119628385,51.075480620577856,4.910847599527405,2021,7,15,13013,Herselt,Normaal,Droog,Dag,met lichtgewonden,9,personenauto,3,Fiets,Buiten Kruispunt,Gemeenteweg,buiten bebouwde kom,Tss. 2 best.: langs opzij (voor-/achterkant-flank),Geen hindernis
25981,89,Westerlo teller 2,Westerlo,51.08191,4.91334,2.3508061912615514,51.06550771857428,4.892110902916885,2021,7,15,13013,Herselt,Normaal,Droog,Dag,met lichtgewonden,9,personenauto,3,Fiets,Buiten Kruispunt,Gewestweg,buiten bebouwde kom,Tss. 2 best.: langs opzij (voor-/achterkant-flank),Geen hindernis
25981,88,Westerlo teller 1,Westerlo,51.082,4.91325,2.3546289031508265,51.06550771857428,4.892110902916885,2021,7,15,13013,Herselt,Normaal,Droog,Dag,met lichtgewonden,9,personenauto,3,Fiets,Buiten Kruispunt,Gewestweg,buiten bebouwde kom,Tss. 2 best.: langs opzij (voor-/achterkant-flank),Geen hindernis
25983,97,Geel teller 1,Geel,51.14813,4.99698,1.8569922338910647,51.164417098247995,5.00286663904357,2021,7,9,13008,Geel,Normaal,Droog,Dag,met lichtgewonden,6,Bromfiets,3,Fiets,Buiten Kruispunt,Gewestweg,binnen bebouwde kom,Tussen 2 bestuurders: Langs achteren,Geen hindernis
25983,98,Geel teller 2,Geel,51.1481,4.99643,1.869085426163413,51.164417098247995,5.00286663904357,2021,7,9,13008,Geel,Normaal,Droog,Dag,met lichtgewonden,6,Bromfiets,3,Fiets,Buiten Kruispunt,Gewestweg,binnen bebouwde kom,Tussen 2 bestuurders: Langs achteren,Geen hindernis
25984,112,Geel teller 2,Westerlo,51.1354992,4.9394789,0.7818681594963328,51.14148769583348,4.945352147310196,2021,7,13,13008,Geel,Normaal,Droog,Dag,met lichtgewonden,4,Vrachtwagen,3,Fiets,Buiten Kruispunt,Gewestweg,buiten bebouwde kom,Tss. 2 best.: langs opzij (voor-/achterkant-flank),Geen hindernis
25984,127,Geel totem,Westerlo,51.1342966,4.9400421,0.8812688367307052,51.14148769583348,4.945352147310196,2021,7,13,13008,Geel,Normaal,Droog,Dag,met lichtgewonden,4,Vrachtwagen,3,Fiets,Buiten Kruispunt,Gewestweg,buiten bebouwde kom,Tss. 2 best.: langs opzij (voor-/achterkant-flank),Geen hindernis
25985,98,Geel teller 2,Geel,51.1481,4.99643,2.2917017222781464,51.168094762942026,4.988462187677068,2021,7,17,13008,Geel,Normaal,Droog,Dag,met lichtgewonden,3,Fiets,8,Voetganger,Buiten Kruispunt,Gewestweg,binnen bebouwde kom,Met een voetganger,Geen hindernis
25985,97,Geel teller 1,Geel,51.14813,4.99698,2.298080036017055,51.168094762942026,4.988462187677068,2021,7,17,13008,Geel,Normaal,Droog,Dag,met lichtgewonden,3,Fiets,8,Voetganger,Buiten Kruispunt,Gewestweg,binnen bebouwde kom,Met een voetganger,Geen hindernis
25991,110,Herentals totem,Herentals,51.1739426,4.811783,1.4777732591796475,51.17409004671998,4.790586789513504,2021,7,23,13010,Grobbendonk,Normaal,Droog,"Nacht, openbare verlichting aanwezig en ontstoken",met zwaargewonden,3,Fiets,9,personenauto,Buiten Kruispunt,Gewestweg,buiten bebouwde kom,Tss. 2 best.: langs opzij (voor-/achterkant-flank),Geen hindernis
25991,94,Herentals teller 2,Herentals,51.17345,4.81283,1.5523139711948082,51.17409004671998,4.790586789513504,2021,7,23,13010,Grobbendonk,Normaal,Droog,"Nacht, openbare verlichting aanwezig en ontstoken",met zwaargewonden,3,Fiets,9,personenauto,Buiten Kruispunt,Gewestweg,buiten bebouwde kom,Tss. 2 best.: langs opzij (voor-/achterkant-flank),Geen hindernis
25992,37,Lommel teller 1,Lommel,51.23299,5.29211,1.2233657804012057,51.22725807489035,5.307106780273688,2021,7,17,72020,Lommel,Normaal,Droog,Dag,met lichtgewonden,3,Fiets,9,personenauto,Op Kruispunt,Gemeenteweg,binnen bebouwde kom,Tss. 2 best.: langs opzij (voor-/achterkant-flank),Geen hindernis
25992,38,Lommel teller 2,Lommel,51.23277,5.29189,1.2240386818377893,51.22725807489035,5.307106780273688,2021,7,17,72020,Lommel,Normaal,Droog,Dag,met lichtgewonden,3,Fiets,9,personenauto,Op Kruispunt,Gemeenteweg,binnen bebouwde kom,Tss. 2 best.: langs opzij (voor-/achterkant-flank),Geen hindernis
25993,37,Lommel teller 1,Lommel,51.23299,5.29211,2.323817564155984,51.25027712842054,5.310868235228622,2021,7,14,72020,Lommel,Normaal,Droog,Dag,met lichtgewonden,6,Bromfiets,3,Fiets,Buiten Kruispunt,Gewestweg,buiten bebouwde kom,Tss. 2 best.: langs opzij (voor-/achterkant-flank),Geen hindernis
25993,38,Lommel teller 2,Lommel,51.23277,5.29189,2.3526606994074415,51.25027712842054,5.310868235228622,2021,7,14,72020,Lommel,Normaal,Droog,Dag,met lichtgewonden,6,Bromfiets,3,Fiets,Buiten Kruispunt,Gewestweg,buiten bebouwde kom,Tss. 2 best.: langs opzij (voor-/achterkant-flank),Geen hindernis
25996,37,Lommel teller 1,Lommel,51.23299,5.29211,1.7665655563760418,51.2280282796777,5.316212047447636,2021,7,10,72020,Lommel,Normaal,Onbekend,Dag,met lichtgewonden,9,personenauto,3,Fiets,Op Kruispunt,Gewestweg,binnen bebouwde kom,Tss. 2 best.: langs opzij (voor-/achterkant-flank),Geen hindernis
25996,38,Lommel teller 2,Lommel,51.23277,5.29189,1.773702934553607,51.2280282796777,5.316212047447636,2021,7,10,72020,Lommel,Normaal,Onbekend,Dag,met lichtgewonden,9,personenauto,3,Fiets,Op Kruispunt,Gewestweg,binnen bebouwde kom,Tss. 2 best.: langs opzij (voor-/achterkant-flank),Geen hindernis
25998,46,Pelt teller 2,Pelt,51.231,5.44375,0.8687868449090621,51.22824883766835,5.432071960070725,2021,7,9,72043,Pelt,Normaal,Droog,Dag,met lichtgewonden,9,personenauto,3,Fiets,Buiten Kruispunt,Gemeenteweg,binnen bebouwde kom,Tss. 2 best.: langs opzij (voor-/achterkant-flank),Geen hindernis
25998,45,Pelt teller 1,Pelt,51.23127,5.44377,0.8810922401862408,51.22824883766835,5.432071960070725,2021,7,9,72043,Pelt,Normaal,Droog,Dag,met lichtgewonden,9,personenauto,3,Fiets,Buiten Kruispunt,Gemeenteweg,binnen bebouwde kom,Tss. 2 best.: langs opzij (voor-/achterkant-flank),Geen hindernis
26005,39,Peer teller 1,Peer,51.13425,5.47817,0.652834155901889,51.130538269176256,5.470920999816359,2021,7,13,72030,Peer,Normaal,Droog,Dag,met lichtgewonden,9,personenauto,3,Fiets,Buiten Kruispunt,Gemeenteweg,binnen bebouwde kom,Tussen 2 bestuurders: Frontale botsing,Geen hindernis
26005,40,Peer teller 2,Peer,51.13438,5.47892,0.7028607402002399,51.130538269176256,5.470920999816359,2021,7,13,72030,Peer,Normaal,Droog,Dag,met lichtgewonden,9,personenauto,3,Fiets,Buiten Kruispunt,Gemeenteweg,binnen bebouwde kom,Tussen 2 bestuurders: Frontale botsing,Geen hindernis
26012,43,Maaseik teller 1,Maaseik,51.09344,5.79715,1.2459881389229397,51.097472563460954,5.780503077319289,2021,7,14,72021,Maaseik,Normaal,Droog,Dag,met lichtgewonden,9,personenauto,3,Fiets,Op Kruispunt,Gewestweg,binnen bebouwde kom,Tss. 2 best.: langs opzij (voor-/achterkant-flank),Geen hindernis
26012,44,Maaseik teller 2,Maaseik,51.09359,5.79726,1.2472855284041497,51.097472563460954,5.780503077319289,2021,7,14,72021,Maaseik,Normaal,Droog,Dag,met lichtgewonden,9,personenauto,3,Fiets,Op Kruispunt,Gewestweg,binnen bebouwde kom,Tss. 2 best.: langs opzij (voor-/achterkant-flank),Geen hindernis
26013,151,Leuven,District Leuven,50.8690262,4.6854839,1.0089389849483845,50.860040412993804,4.683488592913416,2021,7,12,24062,Leuven,Normaal,Droog,Dag,met lichtgewonden,3,Fiets,3,Fiets,Op Kruispunt,Gemeenteweg,binnen bebouwde kom,Tussen 2 bestuurders: Frontale botsing,Geen hindernis
26013,108,Heverlee teller 1,Leuven,50.8471728,4.6954674,1.6596131262742089,50.860040412993804,4.683488592913416,2021,7,12,24062,Leuven,Normaal,Droog,Dag,met lichtgewonden,3,Fiets,3,Fiets,Op Kruispunt,Gemeenteweg,binnen bebouwde kom,Tussen 2 bestuurders: Frontale botsing,Geen hindernis
26013,76,Heverlee teller 2,Leuven,50.84606,4.69597,1.784465258312448,50.860040412993804,4.683488592913416,2021,7,12,24062,Leuven,Normaal,Droog,Dag,met lichtgewonden,3,Fiets,3,Fiets,Op Kruispunt,Gemeenteweg,binnen bebouwde kom,Tussen 2 bestuurders: Frontale botsing,Geen hindernis
26014,151,Leuven,District Leuven,50.8690262,4.6854839,0.8343622700727057,50.875773775995825,4.690685413436057,2021,7,9,24062,Leuven,Onbekend,Onbekend,Dag,met lichtgewonden,3,Fiets,3,Fiets,Op Kruispunt,Gemeenteweg,binnen bebouwde kom,Tss. 2 best.: langs opzij (voor-/achterkant-flank),Geen hindernis
26014,77,Leuven teller 2,Leuven,50.88672,4.70796,1.7176255913630132,50.875773775995825,4.690685413436057,2021,7,9,24062,Leuven,Onbekend,Onbekend,Dag,met lichtgewonden,3,Fiets,3,Fiets,Op Kruispunt,Gemeenteweg,binnen bebouwde kom,Tss. 2 best.: langs opzij (voor-/achterkant-flank),Geen hindernis
26014,69,Leuven teller 1,Leuven,50.87549,4.71526,1.7245558193602142,50.875773775995825,4.690685413436057,2021,7,9,24062,Leuven,Onbekend,Onbekend,Dag,met lichtgewonden,3,Fiets,3,Fiets,Op Kruispunt,Gemeenteweg,binnen bebouwde kom,Tss. 2 best.: langs opzij (voor-/achterkant-flank),Geen hindernis
26014,107,leuven totem,Leuven,50.8870744,4.7087919,1.7867785752467977,50.875773775995825,4.690685413436057,2021,7,9,24062,Leuven,Onbekend,Onbekend,Dag,met lichtgewonden,3,Fiets,3,Fiets,Op Kruispunt,Gemeenteweg,binnen bebouwde kom,Tss. 2 best.: langs opzij (voor-/achterkant-flank),Geen hindernis
26015,151,Leuven,District Leuven,50.8690262,4.6854839,1.6155951027037534,50.88340030984121,4.682126419838771,2021,7,16,24062,Leuven,Normaal,Droog,Dag,met lichtgewonden,3,Fiets,11,een weggebruiker tegen een hindernis,Buiten Kruispunt,Gewestweg,binnen bebouwde kom,Weggebruiker tegen hindernis op de rijbaan,"Op de rijbaan: Werken (signal., aarde, toestel,…)"
26015,77,Leuven teller 2,Leuven,50.88672,4.70796,1.8494492979710284,50.88340030984121,4.682126419838771,2021,7,16,24062,Leuven,Normaal,Droog,Dag,met lichtgewonden,3,Fiets,11,een weggebruiker tegen een hindernis,Buiten Kruispunt,Gewestweg,binnen bebouwde kom,Weggebruiker tegen hindernis op de rijbaan,"Op de rijbaan: Werken (signal., aarde, toestel,…)"
26015,107,leuven totem,Leuven,50.8870744,4.7087919,1.9146815767365806,50.88340030984121,4.682126419838771,2021,7,16,24062,Leuven,Normaal,Droog,Dag,met lichtgewonden,3,Fiets,11,een weggebruiker tegen een hindernis,Buiten Kruispunt,Gewestweg,binnen bebouwde kom,Weggebruiker tegen hindernis op de rijbaan,"Op de rijbaan: Werken (signal., aarde, toestel,…)"
26015,69,Leuven teller 1,Leuven,50.87549,4.71526,2.485459679916847,50.88340030984121,4.682126419838771,2021,7,16,24062,Leuven,Normaal,Droog,Dag,met lichtgewonden,3,Fiets,11,een weggebruiker tegen een hindernis,Buiten Kruispunt,Gewestweg,binnen bebouwde kom,Weggebruiker tegen hindernis op de rijbaan,"Op de rijbaan: Werken (signal., aarde, toestel,…)"
26016,77,Leuven teller 2,Leuven,50.88672,4.70796,1.034918850938624,50.88002605520028,4.697710328299885,2021,7,17,24062,Leuven,Normaal,Droog,Dag,met lichtgewonden,9,personenauto,3,Fiets,Buiten Kruispunt,Gemeenteweg,binnen bebouwde kom,Tussen 2 bestuurders: Langs achteren,Geen hindernis
26016,107,leuven totem,Leuven,50.8870744,4.7087919,1.1039036146763628,50.88002605520028,4.697710328299885,2021,7,17,24062,Leuven,Normaal,Droog,Dag,met lichtgewonden,9,personenauto,3,Fiets,Buiten Kruispunt,Gemeenteweg,binnen bebouwde kom,Tussen 2 bestuurders: Langs achteren,Geen hindernis
26016,69,Leuven teller 1,Leuven,50.87549,4.71526,1.3306128641366344,50.88002605520028,4.697710328299885,2021,7,17,24062,Leuven,Normaal,Droog,Dag,met lichtgewonden,9,personenauto,3,Fiets,Buiten Kruispunt,Gemeenteweg,binnen bebouwde kom,Tussen 2 bestuurders: Langs achteren,Geen hindernis
26016,151,Leuven,District Leuven,50.8690262,4.6854839,1.4939900108573207,50.88002605520028,4.697710328299885,2021,7,17,24062,Leuven,Normaal,Droog,Dag,met lichtgewonden,9,personenauto,3,Fiets,Buiten Kruispunt,Gemeenteweg,binnen bebouwde kom,Tussen 2 bestuurders: Langs achteren,Geen hindernis
26017,69,Leuven teller 1,Leuven,50.87549,4.71526,1.4763219508143264,50.86727323772277,4.731785799607599,2021,7,9,24062,Leuven,Normaal,Droog,Dag,met zwaargewonden,3,Fiets,5,Lichte vrachtauto,Op Kruispunt,Gemeenteweg,binnen bebouwde kom,Tss. 2 best.: langs opzij (voor-/achterkant-flank),Geen hindernis
26018,77,Leuven teller 2,Leuven,50.88672,4.70796,0.9151706360329506,50.88245552912402,4.696802080292957,2021,7,19,24062,Leuven,Normaal,Droog,Dag,met lichtgewonden,9,personenauto,3,Fiets,Op Kruispunt,Gemeenteweg,binnen bebouwde kom,Tss. 2 best.: langs opzij (voor-/achterkant-flank),Geen hindernis
26018,107,leuven totem,Leuven,50.8870744,4.7087919,0.9855065956144388,50.88245552912402,4.696802080292957,2021,7,19,24062,Leuven,Normaal,Droog,Dag,met lichtgewonden,9,personenauto,3,Fiets,Op Kruispunt,Gemeenteweg,binnen bebouwde kom,Tss. 2 best.: langs opzij (voor-/achterkant-flank),Geen hindernis
26018,69,Leuven teller 1,Leuven,50.87549,4.71526,1.5089484380340195,50.88245552912402,4.696802080292957,2021,7,19,24062,Leuven,Normaal,Droog,Dag,met lichtgewonden,9,personenauto,3,Fiets,Op Kruispunt,Gemeenteweg,binnen bebouwde kom,Tss. 2 best.: langs opzij (voor-/achterkant-flank),Geen hindernis
26018,151,Leuven,District Leuven,50.8690262,4.6854839,1.6913054777638534,50.88245552912402,4.696802080292957,2021,7,19,24062,Leuven,Normaal,Droog,Dag,met lichtgewonden,9,personenauto,3,Fiets,Op Kruispunt,Gemeenteweg,binnen bebouwde kom,Tss. 2 best.: langs opzij (voor-/achterkant-flank),Geen hindernis
26019,77,Leuven teller 2,Leuven,50.88672,4.70796,1.378254558823819,50.88129137388143,4.690297850438593,2021,7,7,24062,Leuven,Normaal,Droog,Dag,met lichtgewonden,3,Fiets,10,"één bestuurder, geen hindernis",Op Kruispunt,Gemeenteweg,binnen bebouwde kom,"Eén bestuurder, geen hindernis (incl. val)",Geen hindernis
26019,151,Leuven,District Leuven,50.8690262,4.6854839,1.4050299723484154,50.88129137388143,4.690297850438593,2021,7,7,24062,Leuven,Normaal,Droog,Dag,met lichtgewonden,3,Fiets,10,"één bestuurder, geen hindernis",Op Kruispunt,Gemeenteweg,binnen bebouwde kom,"Eén bestuurder, geen hindernis (incl. val)",Geen hindernis
26019,107,leuven totem,Leuven,50.8870744,4.7087919,1.448007626729826,50.88129137388143,4.690297850438593,2021,7,7,24062,Leuven,Normaal,Droog,Dag,met lichtgewonden,3,Fiets,10,"één bestuurder, geen hindernis",Op Kruispunt,Gemeenteweg,binnen bebouwde kom,"Eén bestuurder, geen hindernis (incl. val)",Geen hindernis
26019,69,Leuven teller 1,Leuven,50.87549,4.71526,1.8663822305256732,50.88129137388143,4.690297850438593,2021,7,7,24062,Leuven,Normaal,Droog,Dag,met lichtgewonden,3,Fiets,10,"één bestuurder, geen hindernis",Op Kruispunt,Gemeenteweg,binnen bebouwde kom,"Eén bestuurder, geen hindernis (incl. val)",Geen hindernis