crash_row_id,site_id,site_name,site_gemeente,site_lat,site_long,distance_km,crash_lat,crash_long,DT_YEAR_COLLISION,DT_MONTH_COLLISION,DT_TIME,CD_NIS,TX_MUNTY_COLLISION_NL,TX_WEATHER_NL,TX_ROAD_CONDITION_NL,TX_LIGHT_CONDITION_NL,TX_CLASS_ACCIDENTS_NL,CD_ROAD_USR_TYPE1,TX_ROAD_USR_TYPE1_NL,CD_ROAD_USR_TYPE2,TX_ROAD_USR_TYPE2_NL,TX_CROSSWAY_NL,CD_ROAD_TYPE_NL,TX_BUILD_UP_AREA_NL,TX_COLLISION_TYPE_NL,TX_OBSTACLES_NL
26020,77,Leuven teller 2,Leuven,50.88672,4.70796,0.14501615666083992,50.8878382996993,4.706896349730201,2021,7,20,24062,Leuven,Normaal,Droog,Dag,met lichtgewonden,9,personenauto,3,Fiets,Op Kruispunt,Gewestweg,binnen bebouwde kom,Tss. 2 best.: langs opzij (voor-/achterkant-flank),Geen hindernis
26020,107,leuven totem,Leuven,50.8870744,4.7087919,0.15778241620357153,50.8878382996993,4.706896349730201,2021,7,20,24062,Leuven,Normaal,Droog,Dag,met lichtgewonden,9,personenauto,3,Fiets,Op Kruispunt,Gewestweg,binnen bebouwde kom,Tss. 2 best.: langs opzij (voor-/achterkant-flank),Geen hindernis
26020,69,Leuven teller 1,Leuven,50.87549,4.71526,1.4931844431298653,50.8878382996993,4.706896349730201,2021,7,20,24062,Leuven,Normaal,Droog,Dag,met lichtgewonden,9,personenauto,3,Fiets,Op Kruispunt,Gewestweg,binnen bebouwde kom,Tss. 2 best.: langs opzij (voor-/achterkant-flank),Geen hindernis
26021,107,leuven totem,Leuven,50.8870744,4.7087919,2.466432834672061,50.90910957698437,4.712820216956543,2021,7,18,24062,Leuven,Normaal,Droog,Dag,met lichtgewonden,3,Fiets,9,personenauto,Op Kruispunt,Gewestweg,binnen bebouwde kom,Tss. 2 best.: langs opzij (voor-/achterkant-flank),Geen hindernis
26022,77,Leuven teller 2,Leuven,50.88672,4.70796,1.0566669567107723,50.88021552353289,4.69697903283676,2021,7,11,24062,Leuven,Normaal,Droog,Dag,met lichtgewonden,3,Fiets,10,"één bestuurder, geen hindernis",Buiten Kruispunt,Gemeenteweg,binnen bebouwde kom,"Eén bestuurder, geen hindernis (incl. val)",Geen hindernis
26022,107,leuven totem,Leuven,50.8870744,4.7087919,1.1262405645670361,50.88021552353289,4.69697903283676,2021,7,11,24062,Leuven,Normaal,Droog,Dag,met lichtgewonden,3,Fiets,10,"één bestuurder, geen hindernis",Buiten Kruispunt,Gemeenteweg,binnen bebouwde kom,"Eén bestuurder, geen hindernis (incl. val)",Geen hindernis
26022,69,Leuven teller 1,Leuven,50.87549,4.71526,1.386076137420584,50.88021552353289,4.69697903283676,2021,7,11,24062,Leuven,Normaal,Droog,Dag,met lichtgewonden,3,Fiets,10,"één bestuurder, geen hindernis",Buiten Kruispunt,Gemeenteweg,binnen bebouwde kom,"Eén bestuurder, geen hindernis (incl. val)",Geen hindernis
26022,151,Leuven,District Leuven,50.8690262,4.6854839,1.4827602303196081,50.88021552353289,4.69697903283676,2021,7,11,24062,Leuven,Normaal,Droog,Dag,met lichtgewonden,3,Fiets,10,"één bestuurder, geen hindernis",Buiten Kruispunt,Gemeenteweg,binnen bebouwde kom,"Eén bestuurder, geen hindernis (incl. val)",Geen hindernis
26023,151,Leuven,District Leuven,50.8690262,4.6854839,0.9341936828522658,50.86513473797085,4.697281648299426,2021,7,15,24062,Leuven,Normaal,Droog,Dag,met lichtgewonden,3,Fiets,3,Fiets,Buiten Kruispunt,Gemeenteweg,binnen bebouwde kom,Tussen 2 bestuurders: Frontale botsing,Geen hindernis
26023,69,Leuven teller 1,Leuven,50.87549,4.71526,1.7080541389848671,50.86513473797085,4.697281648299426,2021,7,15,24062,Leuven,Normaal,Droog,Dag,met lichtgewonden,3,Fiets,3,Fiets,Buiten Kruispunt,Gemeenteweg,binnen bebouwde kom,Tussen 2 bestuurders: Frontale botsing,Geen hindernis
26023,108,Heverlee teller 1,Leuven,50.8471728,4.6954674,2.0013322456723914,50.86513473797085,4.697281648299426,2021,7,15,24062,Leuven,Normaal,Droog,Dag,met lichtgewonden,3,Fiets,3,Fiets,Buiten Kruispunt,Gemeenteweg,binnen bebouwde kom,Tussen 2 bestuurders: Frontale botsing,Geen hindernis
26023,76,Heverlee teller 2,Leuven,50.84606,4.69597,2.123011497079018,50.86513473797085,4.697281648299426,2021,7,15,24062,Leuven,Normaal,Droog,Dag,met lichtgewonden,3,Fiets,3,Fiets,Buiten Kruispunt,Gemeenteweg,binnen bebouwde kom,Tussen 2 bestuurders: Frontale botsing,Geen hindernis
26024,69,Leuven teller 1,Leuven,50.87549,4.71526,0.6351700352546169,50.87844552425834,4.707513122332135,2021,7,23,24062,Leuven,Normaal,Droog,"Nacht, openbare verlichting aanwezig en ontstoken",met lichtgewonden,9,personenauto,3,Fiets,Op Kruispunt,Gemeenteweg,binnen bebouwde kom,Tussen 2 bestuurders: Frontale botsing,Geen hindernis
26024,77,Leuven teller 2,Leuven,50.88672,4.70796,0.9206136759978415,50.87844552425834,4.707513122332135,2021,7,23,24062,Leuven,Normaal,Droog,"Nacht, openbare verlichting aanwezig en ontstoken",met lichtgewonden,9,personenauto,3,Fiets,Op Kruispunt,Gemeenteweg,binnen bebouwde kom,Tussen 2 bestuurders: Frontale botsing,Geen hindernis
26024,107,leuven totem,Leuven,50.8870744,4.7087919,0.9636720428360842,50.87844552425834,4.707513122332135,2021,7,23,24062,Leuven,Normaal,Droog,"Nacht, openbare verlichting aanwezig en ontstoken",met lichtgewonden,9,personenauto,3,Fiets,Op Kruispunt,Gemeenteweg,binnen bebouwde kom,Tussen 2 bestuurders: Frontale botsing,Geen hindernis
26024,151,Leuven,District Leuven,50.8690262,4.6854839,1.8671649862486535,50.87844552425834,4.707513122332135,2021,7,23,24062,Leuven,Normaal,Droog,"Nacht, openbare verlichting aanwezig en ontstoken",met lichtgewonden,9,personenauto,3,Fiets,Op Kruispunt,Gemeenteweg,binnen bebouwde kom,Tussen 2 bestuurders: Frontale botsing,Geen hindernis
26025,107,leuven totem,Leuven,50.8870744,4.7087919,1.5932649627631148,50.89193921743448,4.730156938959723,2021,7,21,24062,Leuven,Normaal,Droog+Proper,Dageraad - schemering,met lichtgewonden,3,Fiets,10,"één bestuurder, geen hindernis",Buiten Kruispunt,Gemeenteweg,binnen bebouwde kom,"Eén bestuurder, geen hindernis (incl. val)",Geen hindernis
26025,77,Leuven teller 2,Leuven,50.88672,4.70796,1.6616260824143212,50.89193921743448,4.730156938959723,2021,7,21,24062,Leuven,Normaal,Droog+Proper,Dageraad - schemering,met lichtgewonden,3,Fiets,10,"één bestuurder, geen hindernis",Buiten Kruispunt,Gemeenteweg,binnen bebouwde kom,"Eén bestuurder, geen hindernis (incl. val)",Geen hindernis
26025,69,Leuven teller 1,Leuven,50.87549,4.71526,2.106570599920846,50.89193921743448,4.730156938959723,2021,7,21,24062,Leuven,Normaal,Droog+Proper,Dageraad - schemering,met lichtgewonden,3,Fiets,10,"één bestuurder, geen hindernis",Buiten Kruispunt,Gemeenteweg,binnen bebouwde kom,"Eén bestuurder, geen hindernis (incl. val)",Geen hindernis
26026,77,Leuven teller 2,Leuven,50.88672,4.70796,0.919218889311643,50.879335613786886,4.702069824814758,2021,7,17,24062,Leuven,Normaal,Droog,Dag,met lichtgewonden,3,Fiets,10,"één bestuurder, geen hindernis",Buiten Kruispunt,Gemeenteweg,binnen bebouwde kom,"Eén bestuurder, geen hindernis (incl. val)",Geen hindernis
26026,107,leuven totem,Leuven,50.8870744,4.7087919,0.9812580008487953,50.879335613786886,4.702069824814758,2021,7,17,24062,Leuven,Normaal,Droog,Dag,met lichtgewonden,3,Fiets,10,"één bestuurder, geen hindernis",Buiten Kruispunt,Gemeenteweg,binnen bebouwde kom,"Eén bestuurder, geen hindernis (incl. val)",Geen hindernis
26026,69,Leuven teller 1,Leuven,50.87549,4.71526,1.0194644346273003,50.879335613786886,4.702069824814758,2021,7,17,24062,Leuven,Normaal,Droog,Dag,met lichtgewonden,3,Fiets,10,"één bestuurder, geen hindernis",Buiten Kruispunt,Gemeenteweg,binnen bebouwde kom,"Eén bestuurder, geen hindernis (incl. val)",Geen hindernis
26026,151,Leuven,District Leuven,50.8690262,4.6854839,1.6335594851538218,50.879335613786886,4.702069824814758,2021,7,17,24062,Leuven,Normaal,Droog,Dag,met lichtgewonden,3,Fiets,10,"één bestuurder, geen hindernis",Buiten Kruispunt,Gemeenteweg,binnen bebouwde kom,"Eén bestuurder, geen hindernis (incl. val)",Geen hindernis
26027,69,Leuven teller 1,Leuven,50.87549,4.71526,0.6338645584681328,50.8798583578301,4.709455730751412,2021,7,20,24062,Leuven,Normaal,Droog,Dag,met lichtgewonden,9,personenauto,3,Fiets,Buiten Kruispunt,Gemeenteweg,binnen bebouwde kom,Tussen 2 bestuurders: Langs achteren,Geen hindernis
26027,77,Leuven teller 2,Leuven,50.88672,4.70796,0.7701613549099483,50.8798583578301,4.709455730751412,2021,7,20,24062,Leuven,Normaal,Droog,Dag,met lichtgewonden,9,personenauto,3,Fiets,Buiten Kruispunt,Gemeenteweg,binnen bebouwde kom,Tussen 2 bestuurders: Langs achteren,Geen hindernis
26027,107,leuven totem,Leuven,50.8870744,4.7087919,0.8037375666235841,50.8798583578301,4.709455730751412,2021,7,20,24062,Leuven,Normaal,Droog,Dag,met lichtgewonden,9,personenauto,3,Fiets,Buiten Kruispunt,Gemeenteweg,binnen bebouwde kom,Tussen 2 bestuurders: Langs achteren,Geen hindernis
26027,151,Leuven,District Leuven,50.8690262,4.6854839,2.068806093430887,50.8798583578301,4.709455730751412,2021,7,20,24062,Leuven,Normaal,Droog,Dag,met lichtgewonden,9,personenauto,3,Fiets,Buiten Kruispunt,Gemeenteweg,binnen bebouwde kom,Tussen 2 bestuurders: Langs achteren,Geen hindernis
26028,107,leuven totem,Leuven,50.8870744,4.7087919,1.7230524618590692,50.90256250249607,4.709565310940971,2021,7,15,24062,Leuven,Normaal,Droog,Dag,met lichtgewonden,3,Fiets,9,personenauto,Op Kruispunt,Gewestweg,binnen bebouwde kom,Tss. 2 best.: langs opzij (voor-/achterkant-flank),Geen hindernis
26028,77,Leuven teller 2,Leuven,50.88672,4.70796,1.765200241370152,50.90256250249607,4.709565310940971,2021,7,15,24062,Leuven,Normaal,Droog,Dag,met lichtgewonden,3,Fiets,9,personenauto,Op Kruispunt,Gewestweg,binnen bebouwde kom,Tss. 2 best.: langs opzij (voor-/achterkant-flank),Geen hindernis
26029,107,leuven totem,Leuven,50.8870744,4.7087919,1.8502911425344806,50.89000167225991,4.734758545499538,2021,7,8,24062,Leuven,Normaal,Droog,Dag,met lichtgewonden,3,Fiets,11,een weggebruiker tegen een hindernis,Buiten Kruispunt,Gemeenteweg,binnen bebouwde kom,Weggebruiker tegen hindernis op de rijbaan,"Op de rijbaan: Put, straatgoot, tramspoor"
26029,77,Leuven teller 2,Leuven,50.88672,4.70796,1.9148868937251011,50.89000167225991,4.734758545499538,2021,7,8,24062,Leuven,Normaal,Droog,Dag,met lichtgewonden,3,Fiets,11,een weggebruiker tegen een hindernis,Buiten Kruispunt,Gemeenteweg,binnen bebouwde kom,Weggebruiker tegen hindernis op de rijbaan,"Op de rijbaan: Put, straatgoot, tramspoor"
26029,69,Leuven teller 1,Leuven,50.87549,4.71526,2.1154037197220004,50.89000167225991,4.734758545499538,2021,7,8,24062,Leuven,Normaal,Droog,Dag,met lichtgewonden,3,Fiets,11,een weggebruiker tegen een hindernis,Buiten Kruispunt,Gemeenteweg,binnen bebouwde kom,Weggebruiker tegen hindernis op de rijbaan,"Op de rijbaan: Put, straatgoot, tramspoor"
26030,151,Leuven,District Leuven,50.8690262,4.6854839,0.4899141500984529,50.87169563218913,4.691038143406855,2021,7,15,24062,Leuven,Normaal,"Nat, plassen",Dag,met lichtgewonden,3,Fiets,9,personenauto,Op Kruispunt,Gewestweg,binnen bebouwde kom,Tss. 2 best.: langs opzij (voor-/achterkant-flank),Geen hindernis
26030,69,Leuven teller 1,Leuven,50.87549,4.71526,1.75117840192735,50.87169563218913,4.691038143406855,2021,7,15,24062,Leuven,Normaal,"Nat, plassen",Dag,met lichtgewonden,3,Fiets,9,personenauto,Op Kruispunt,Gewestweg,binnen bebouwde kom,Tss. 2 best.: langs opzij (voor-/achterkant-flank),Geen hindernis
26030,77,Leuven teller 2,Leuven,50.88672,4.70796,2.049516827555056,50.87169563218913,4.691038143406855,2021,7,15,24062,Leuven,Normaal,"Nat, plassen",Dag,met lichtgewonden,3,Fiets,9,personenauto,Op Kruispunt,Gewestweg,binnen bebouwde kom,Tss. 2 best.: langs opzij (voor-/achterkant-flank),Geen hindernis
26030,107,leuven totem,Leuven,50.8870744,4.7087919,2.115590637023359,50.87169563218913,4.691038143406855,2021,7,15,24062,Leuven,Normaal,"Nat, plassen",Dag,met lichtgewonden,3,Fiets,9,personenauto,Op Kruispunt,Gewestweg,binnen bebouwde kom,Tss. 2 best.: langs opzij (voor-/achterkant-flank),Geen hindernis
26031,77,Leuven teller 2,Leuven,50.88672,4.70796,0.8296113324355037,50.88723257271122,4.696161283914562,2021,7,14,24062,Leuven,Normaal,Droog,Dag,met zwaargewonden,3,Fiets,1,Autobus,Op Kruispunt,Gemeenteweg,binnen bebouwde kom,Tss. 2 best.: langs opzij (voor-/achterkant-flank),Geen hindernis
26031,107,leuven totem,Leuven,50.8870744,4.7087919,0.8861781205031828,50.88723257271122,4.696161283914562,2021,7,14,24062,Leuven,Normaal,Droog,Dag,met zwaargewonden,3,Fiets,1,Autobus,Op Kruispunt,Gemeenteweg,binnen bebouwde kom,Tss. 2 best.: langs opzij (voor-/achterkant-flank),Geen hindernis
26031,69,Leuven teller 1,Leuven,50.87549,4.71526,1.8708808620761654,50.88723257271122,4.696161283914562,2021,7,14,24062,Leuven,Normaal,Droog,Dag,met zwaargewonden,3,Fiets,1,Autobus,Op Kruispunt,Gemeenteweg,binnen bebouwde kom,Tss. 2 best.: langs opzij (voor-/achterkant-flank),Geen hindernis
26031,151,Leuven,District Leuven,50.8690262,4.6854839,2.158616683472585,50.88723257271122,4.696161283914562,2021,7,14,24062,Leuven,Normaal,Droog,Dag,met zwaargewonden,3,Fiets,1,Autobus,Op Kruispunt,Gemeenteweg,binnen bebouwde kom,Tss. 2 best.: langs opzij (voor-/achterkant-flank),Geen hindernis
26039,87,Aarschot,Aarschot,50.99084,4.81259,1.6531267740311675,51.00209118474381,4.828030618354364,2021,7,17,24001,Aarschot,Normaal,Droog,Dag,met lichtgewonden,3,Fiets,9,personenauto,Op Kruispunt,Gewestweg,buiten bebouwde kom,Tss. 2 best.: langs opzij (voor-/achterkant-flank),Geen hindernis
26043,70,Kampenhout teller 1,Kampenhout,50.95682,4.59318,2.1170749179495845,50.97376686248792,4.579401596721246,2021,7,10,24014,Boortmeerbeek,Normaal,Droog,Dag,met lichtgewonden,9,personenauto,3,Fiets,Buiten Kruispunt,Gemeenteweg,buiten bebouwde kom,Tss. 2 best.: langs opzij (voor-/achterkant-flank),Geen hindernis
26043,71,Kampenhout teller 2,Kampenhout,50.95589,4.59164,2.1647086655306955,50.97376686248792,4.579401596721246,2021,7,10,24014,Boortmeerbeek,Normaal,Droog,Dag,met lichtgewonden,9,personenauto,3,Fiets,Buiten Kruispunt,Gemeenteweg,buiten bebouwde kom,Tss. 2 best.: langs opzij (voor-/achterkant-flank),Geen hindernis
26046,101,Diest teller 1,Diest,50.97799,5.04481,0.358746823579364,50.980430617979124,5.04816140310864,2021,7,12,24020,Diest,Normaal,Droog,Dag,met lichtgewonden,9,personenauto,3,Fiets,Buiten Kruispunt,Gewestweg,buiten bebouwde kom,Tss. 2 best.: langs opzij (voor-/achterkant-flank),Geen hindernis
26046,102,Diest teller 2,Diest,50.9779,5.04474,0.36953344779577624,50.980430617979124,5.04816140310864,2021,7,12,24020,Diest,Normaal,Droog,Dag,met lichtgewonden,9,personenauto,3,Fiets,Buiten Kruispunt,Gewestweg,buiten bebouwde kom,Tss. 2 best.: langs opzij (voor-/achterkant-flank),Geen hindernis
26051,80,Wemmel teller 1,Wemmel,50.91418,4.29571,0.5337204886346066,50.909974603576494,4.299379598875798,2021,7,18,23102,Wemmel,Normaal,Droog,Dag,met lichtgewonden,3,Fiets,5,Lichte vrachtauto,Op Kruispunt,Gemeenteweg,binnen bebouwde kom,Tss. 2 best.: langs opzij (voor-/achterkant-flank),Geen hindernis
26051,81,Wemmel teller 2,Wemmel,50.91439,4.29568,0.5552727833736156,50.909974603576494,4.299379598875798,2021,7,18,23102,Wemmel,Normaal,Droog,Dag,met lichtgewonden,3,Fiets,5,Lichte vrachtauto,Op Kruispunt,Gemeenteweg,binnen bebouwde kom,Tss. 2 best.: langs opzij (voor-/achterkant-flank),Geen hindernis
26054,149,Machelen,,50.88297881,4.43356644,1.3612587777325849,50.895166573714846,4.4317401295741545,2021,7,17,23047,Machelen,Normaal,Droog,Dag,met zwaargewonden,9,personenauto,3,Fiets,Op Kruispunt,Gewestweg,binnen bebouwde kom,Tss. 2 best.: langs opzij (voor-/achterkant-flank),Geen hindernis
26054,111,Zaventem totem,Zaventem,50.8871216,4.4597084,2.156066900078035,50.895166573714846,4.4317401295741545,2021,7,17,23047,Machelen,Normaal,Droog,Dag,met zwaargewonden,9,personenauto,3,Fiets,Op Kruispunt,Gewestweg,binnen bebouwde kom,Tss. 2 best.: langs opzij (voor-/achterkant-flank),Geen hindernis
26054,47,Vilvoorde,Vilvoorde,50.91372,4.41497,2.3746585629082215,50.895166573714846,4.4317401295741545,2021,7,17,23047,Machelen,Normaal,Droog,Dag,met zwaargewonden,9,personenauto,3,Fiets,Op Kruispunt,Gewestweg,binnen bebouwde kom,Tss. 2 best.: langs opzij (voor-/achterkant-flank),Geen hindernis
26055,47,Vilvoorde,Vilvoorde,50.91372,4.41497,1.348908779503919,50.910258610314365,4.433410084284688,2021,7,16,23047,Machelen,Normaal,Droog,Dag,met lichtgewonden,3,Fiets,9,personenauto,Op Kruispunt,Gemeenteweg,binnen bebouwde kom,Tss. 2 best.: langs opzij (voor-/achterkant-flank),Geen hindernis
26055,1,Machelen,Machelen,50.91618331151478,4.456121776137429,1.7231783361401551,50.910258610314365,4.433410084284688,2021,7,16,23047,Machelen,Normaal,Droog,Dag,met lichtgewonden,3,Fiets,9,personenauto,Op Kruispunt,Gemeenteweg,binnen bebouwde kom,Tss. 2 best.: langs opzij (voor-/achterkant-flank),Geen hindernis
26058,1,Machelen,Machelen,50.91618331151478,4.456121776137429,0.649166217845214,50.921569767103996,4.452550290775451,2021,7,13,23047,Machelen,Normaal,Droog,Dag,met lichtgewonden,9,personenauto,3,Fiets,Op Kruispunt,Gewestweg,buiten bebouwde kom,Tss. 2 best.: langs opzij (voor-/achterkant-flank),Geen hindernis
26059,109,Zemst,Zemst,50.9903936,4.4707023,1.7166970991881834,50.98895920190333,4.495122976253857,2021,7,18,23096,Zemst,Normaal,Droog,Dag,met lichtgewonden,3,Fiets,9,personenauto,Op Kruispunt,Gewestweg,binnen bebouwde kom,Tss. 2 best.: langs opzij (voor-/achterkant-flank),Geen hindernis
26061,70,Kampenhout teller 1,Kampenhout,50.95682,4.59318,0.617853590765878,50.962375433267106,4.593352107180927,2021,7,13,23038,Kampenhout,Normaal,Droog,Dag,met lichtgewonden,9,personenauto,3,Fiets,Op Kruispunt,Gewestweg,buiten bebouwde kom,Tss. 2 best.: langs opzij (voor-/achterkant-flank),Geen hindernis
26061,71,Kampenhout teller 2,Kampenhout,50.95589,4.59164,0.731049086891497,50.962375433267106,4.593352107180927,2021,7,13,23038,Kampenhout,Normaal,Droog,Dag,met lichtgewonden,9,personenauto,3,Fiets,Op Kruispunt,Gewestweg,buiten bebouwde kom,Tss. 2 best.: langs opzij (voor-/achterkant-flank),Geen hindernis
26062,13,Gent,Gent,51.03018,3.70146,1.9997463793679857,51.039783011204655,3.725640256859331,2021,7,16,44021,Gent,Normaal,Droog,Dag,met lichtgewonden,8,Voetganger,3,Fiets,Buiten Kruispunt,Gemeenteweg,binnen bebouwde kom,Met een voetganger,Geen hindernis
26066,13,Gent,Gent,51.03018,3.70146,1.7908194106714164,51.04289342108684,3.7171825375334246,2021,7,23,44021,Gent,Regenval,"Nat, plassen","Nacht, openbare verlichting aanwezig en ontstoken",met lichtgewonden,3,Fiets,9,personenauto,Op Kruispunt,Gewestweg,binnen bebouwde kom,Tss. 2 best.: langs opzij (voor-/achterkant-flank),Geen hindernis
26068,136,Gent R4,Gent,51.0876313,3.7587918,1.1336267725991516,51.08146697183228,3.771718537560599,2021,7,13,44021,Gent,Normaal,Droog,Dag,met lichtgewonden,3,Fiets,9,personenauto,Op Kruispunt,Gemeenteweg,binnen bebouwde kom,Tss. 2 best.: langs opzij (voor-/achterkant-flank),Geen hindernis
26070,13,Gent,Gent,51.03018,3.70146,1.7894163973028407,51.04191061859638,3.7189791036128907,2021,7,1,44021,Gent,Onbekend,Onbekend,Onbekend,met lichtgewonden,3,Fiets,3,Fiets,Op Kruispunt,Gewestweg,binnen bebouwde kom,Tussen 2 bestuurders: Langs achteren,Geen hindernis
26080,13,Gent,Gent,51.03018,3.70146,2.1973979017944605,51.04992564731671,3.702725509309744,2021,7,20,44021,Gent,Normaal,Droog,Dag,met lichtgewonden,3,Fiets,3,Fiets,Op Kruispunt,Gewestweg,binnen bebouwde kom,Tss. 2 best.: langs opzij (voor-/achterkant-flank),Geen hindernis
26084,118,Gent teller 1,Gent,51.028049,3.7681359,1.7663690647726038,51.03788023105297,3.748294672860843,2021,7,17,44021,Gent,Normaal,Droog,Dag,met lichtgewonden,9,personenauto,3,Fiets,Op Kruispunt,Gewestweg,binnen bebouwde kom,Tss. 2 best.: langs opzij (voor-/achterkant-flank),Geen hindernis
26084,119,Gent teller 2,Gent,51.0281795,3.7683918,1.7715851331912036,51.03788023105297,3.748294672860843,2021,7,17,44021,Gent,Normaal,Droog,Dag,met lichtgewonden,9,personenauto,3,Fiets,Op Kruispunt,Gewestweg,binnen bebouwde kom,Tss. 2 best.: langs opzij (voor-/achterkant-flank),Geen hindernis
26086,13,Gent,Gent,51.03018,3.70146,1.6919456288076413,51.028623571413355,3.7255269472659256,2021,7,15,44021,Gent,Normaal,Droog,Dag,met lichtgewonden,9,personenauto,3,Fiets,Op Kruispunt,Gemeenteweg,binnen bebouwde kom,Tss. 2 best.: langs opzij (voor-/achterkant-flank),Geen hindernis
26088,13,Gent,Gent,51.03018,3.70146,2.3100689935574703,51.024427617082274,3.7331996956999114,2021,7,15,44021,Gent,Normaal,Droog,Dag,met lichtgewonden,5,Lichte vrachtauto,3,Fiets,Buiten Kruispunt,Gemeenteweg,binnen bebouwde kom,Tss. 2 best.: langs opzij (voor-/achterkant-flank),Geen hindernis
26088,118,Gent teller 1,Gent,51.028049,3.7681359,2.4763158089700426,51.024427617082274,3.7331996956999114,2021,7,15,44021,Gent,Normaal,Droog,Dag,met lichtgewonden,5,Lichte vrachtauto,3,Fiets,Buiten Kruispunt,Gemeenteweg,binnen bebouwde kom,Tss. 2 best.: langs opzij (voor-/achterkant-flank),Geen hindernis
26088,119,Gent teller 2,Gent,51.0281795,3.7683918,2.496356950579998,51.024427617082274,3.7331996956999114,2021,7,15,44021,Gent,Normaal,Droog,Dag,met lichtgewonden,5,Lichte vrachtauto,3,Fiets,Buiten Kruispunt,Gemeenteweg,binnen bebouwde kom,Tss. 2 best.: langs opzij (voor-/achterkant-flank),Geen hindernis
26090,13,Gent,Gent,51.03018,3.70146,1.9451091330425134,51.036562363765945,3.727358768044127,2021,7,13,44021,Gent,Normaal,Droog,Dag,met lichtgewonden,9,personenauto,3,Fiets,Op Kruispunt,Gemeenteweg,binnen bebouwde kom,Tussen 2 bestuurders: Flank tegen flank,Geen hindernis
26092,136,Gent R4,Gent,51.0876313,3.7587918,1.276332981037878,51.07726481212937,3.7666369012411196,2021,7,18,44021,Gent,Normaal,"Nat, plassen",Dag,met lichtgewonden,3,Fiets,11,een weggebruiker tegen een hindernis,Op Kruispunt,Gemeenteweg,binnen bebouwde kom,Weggebruiker tegen hindernis op de rijbaan,"Op de rijbaan: Put, straatgoot, tramspoor"
26102,118,Gent teller 1,Gent,51.028049,3.7681359,1.2606207243667837,51.01796089641528,3.7763597400176274,2021,7,12,44040,Melle,Normaal,Droog,Dag,met lichtgewonden,3,Fiets,11,een weggebruiker tegen een hindernis,Buiten Kruispunt,Gemeenteweg,binnen bebouwde kom,Weggebruiker tegen hindernis op de rijbaan,Op de rijbaan: Lading
26102,119,Gent teller 2,Gent,51.0281795,3.7683918,1.2655669728778562,51.01796089641528,3.7763597400176274,2021,7,12,44040,Melle,Normaal,Droog,Dag,met lichtgewonden,3,Fiets,11,een weggebruiker tegen een hindernis,Buiten Kruispunt,Gemeenteweg,binnen bebouwde kom,Weggebruiker tegen hindernis op de rijbaan,Op de rijbaan: Lading
26103,119,Gent teller 2,Gent,51.0281795,3.7683918,0.38126898443332247,51.025866615763945,3.772416417457161,2021,7,11,44040,Melle,Normaal,Droog,Dag,met lichtgewonden,9,personenauto,3,Fiets,Buiten Kruispunt,Gewestweg,buiten bebouwde kom,Tss. 2 best.: langs opzij (voor-/achterkant-flank),Geen hindernis
26103,118,Gent teller 1,Gent,51.028049,3.7681359,0.3853673324534286,51.025866615763945,3.772416417457161,2021,7,11,44040,Melle,Normaal,Droog,Dag,met lichtgewonden,9,personenauto,3,Fiets,Buiten Kruispunt,Gewestweg,buiten bebouwde kom,Tss. 2 best.: langs opzij (voor-/achterkant-flank),Geen hindernis
26104,118,Gent teller 1,Gent,51.028049,3.7681359,1.1687509185889617,51.02131628253815,3.7553034358772286,2021,7,8,44043,Merelbeke,Normaal,Droog,Dag,met lichtgewonden,5,Lichte vrachtauto,3,Fiets,Op Kruispunt,Gemeenteweg,binnen bebouwde kom,Tss. 2 best.: langs opzij (voor-/achterkant-flank),Geen hindernis
26104,119,Gent teller 2,Gent,51.0281795,3.7683918,1.1917888503833842,51.02131628253815,3.7553034358772286,2021,7,8,44043,Merelbeke,Normaal,Droog,Dag,met lichtgewonden,5,Lichte vrachtauto,3,Fiets,Op Kruispunt,Gemeenteweg,binnen bebouwde kom,Tss. 2 best.: langs opzij (voor-/achterkant-flank),Geen hindernis
26105,118,Gent teller 1,Gent,51.028049,3.7681359,1.8837147699432086,51.01189916767292,3.760003737101656,2021,7,11,44043,Merelbeke,Normaal,Droog,Dag,met lichtgewonden,3,Fiets,5,Lichte vrachtauto,Buiten Kruispunt,Gemeenteweg,binnen bebouwde kom,Tss. 2 best.: langs opzij (voor-/achterkant-flank),Geen hindernis
26105,119,Gent teller 2,Gent,51.0281795,3.7683918,1.9029953760949176,51.01189916767292,3.760003737101656,2021,7,11,44043,Merelbeke,Normaal,Droog,Dag,met lichtgewonden,3,Fiets,5,Lichte vrachtauto,Buiten Kruispunt,Gemeenteweg,binnen bebouwde kom,Tss. 2 best.: langs opzij (voor-/achterkant-flank),Geen hindernis
26118,7,Evergem 1,Evergem,51.1089,3.70317,1.0324567437454564,51.10187145102724,3.7128330751991454,2021,7,14,44021,Gent,Normaal,Droog,Dag,met lichtgewonden,3,Fiets,9,personenauto,Op Kruispunt,Gewestweg,buiten bebouwde kom,Tss. 2 best.: langs opzij (voor-/achterkant-flank),Geen hindernis