crash_row_id,site_id,site_name,site_gemeente,site_lat,site_long,distance_km,crash_lat,crash_long,DT_YEAR_COLLISION,DT_MONTH_COLLISION,DT_TIME,CD_NIS,TX_MUNTY_COLLISION_NL,TX_WEATHER_NL,TX_ROAD_CONDITION_NL,TX_LIGHT_CONDITION_NL,TX_CLASS_ACCIDENTS_NL,CD_ROAD_USR_TYPE1,TX_ROAD_USR_TYPE1_NL,CD_ROAD_USR_TYPE2,TX_ROAD_USR_TYPE2_NL,TX_CROSSWAY_NL,CD_ROAD_TYPE_NL,TX_BUILD_UP_AREA_NL,TX_COLLISION_TYPE_NL,TX_OBSTACLES_NL
26118,6,Evergem 2,Evergem,51.10894,3.70298,1.0445160700264093,51.10187145102724,3.7128330751991454,2021,7,14,44021,Gent,Normaal,Droog,Dag,met lichtgewonden,3,Fiets,9,personenauto,Op Kruispunt,Gewestweg,buiten bebouwde kom,Tss. 2 best.: langs opzij (voor-/achterkant-flank),Geen hindernis
26150,124,Beveren teller 2,Beveren,51.1964712,4.2361077,2.2823741759714222,51.19654067770874,4.203353015727491,2021,7,18,46021,Sint-Niklaas,Normaal,Droog,Dag,met lichtgewonden,3,Fiets,10,"één bestuurder, geen hindernis",Buiten Kruispunt,Gemeenteweg,buiten bebouwde kom,"Eén bestuurder, geen hindernis (incl. val)",Geen hindernis
26161,126,Hamme totem,Hamme,51.1017709,4.1469307,1.6892319626867311,51.11372057668627,4.131990469856596,2021,7,17,46025,Temse,Normaal,Droog,Dag,met lichtgewonden,6,Bromfiets,3,Fiets,Op Kruispunt,Gemeenteweg,binnen bebouwde kom,Tss. 2 best.: langs opzij (voor-/achterkant-flank),Geen hindernis
26163,141,Test site A support,Lokeren,51.08342085,3.9961071208376326,0.7018247023017002,51.08930355707046,3.992466102243007,2021,7,1,46014,Lokeren,Normaal,Droog,"Nacht, openbare verlichting aanwezig en ontstoken",met lichtgewonden,3,Fiets,11,een weggebruiker tegen een hindernis,Buiten Kruispunt,Gemeenteweg,buiten bebouwde kom,Weggebruiker tegen hindernis buiten rijbaan,Buiten de rijbaan: Omheining
26163,129,Lokeren teller 2,Lokeren,51.09612,3.97025,1.72675600345615,51.08930355707046,3.992466102243007,2021,7,1,46014,Lokeren,Normaal,Droog,"Nacht, openbare verlichting aanwezig en ontstoken",met lichtgewonden,3,Fiets,11,een weggebruiker tegen een hindernis,Buiten Kruispunt,Gemeenteweg,buiten bebouwde kom,Weggebruiker tegen hindernis buiten rijbaan,Buiten de rijbaan: Omheining
26163,128,Lokeren teller 1,Lokeren,51.09644,3.97023,1.7439069363590893,51.08930355707046,3.992466102243007,2021,7,1,46014,Lokeren,Normaal,Droog,"Nacht, openbare verlichting aanwezig en ontstoken",met lichtgewonden,3,Fiets,11,een weggebruiker tegen een hindernis,Buiten Kruispunt,Gemeenteweg,buiten bebouwde kom,Weggebruiker tegen hindernis buiten rijbaan,Buiten de rijbaan: Omheining
26164,128,Lokeren teller 1,Lokeren,51.09644,3.97023,0.43998372455138673,51.09965778649066,3.9738968611697336,2021,7,19,46014,Lokeren,Normaal,Droog,Dag,met lichtgewonden,5,Lichte vrachtauto,3,Fiets,Buiten Kruispunt,Gewestweg,binnen bebouwde kom,Tss. 2 best.: langs opzij (voor-/achterkant-flank),Geen hindernis
26164,129,Lokeren teller 2,Lokeren,51.09612,3.97025,0.4686169411263225,51.09965778649066,3.9738968611697336,2021,7,19,46014,Lokeren,Normaal,Droog,Dag,met lichtgewonden,5,Lichte vrachtauto,3,Fiets,Buiten Kruispunt,Gewestweg,binnen bebouwde kom,Tss. 2 best.: langs opzij (voor-/achterkant-flank),Geen hindernis
26164,141,Test site A support,Lokeren,51.08342085,3.9961071208376326,2.380283999433703,51.09965778649066,3.9738968611697336,2021,7,19,46014,Lokeren,Normaal,Droog,Dag,met lichtgewonden,5,Lichte vrachtauto,3,Fiets,Buiten Kruispunt,Gewestweg,binnen bebouwde kom,Tss. 2 best.: langs opzij (voor-/achterkant-flank),Geen hindernis
26165,141,Test site A support,Lokeren,51.08342085,3.9961071208376326,1.7759495604499012,51.098025645738225,4.006399319891608,2021,7,7,46014,Lokeren,Normaal,Droog+Proper,Dageraad - schemering,met lichtgewonden,5,Lichte vrachtauto,3,Fiets,Op Kruispunt,Gewestweg,buiten bebouwde kom,Tss. 2 best.: langs opzij (voor-/achterkant-flank),Geen hindernis
26166,128,Lokeren teller 1,Lokeren,51.09644,3.97023,1.6227571949249893,51.105011784799395,3.989038993673371,2021,7,9,46014,Lokeren,Normaal,Droog,Dag,met lichtgewonden,9,personenauto,3,Fiets,Buiten Kruispunt,Gemeenteweg,binnen bebouwde kom,Tussen 2 bestuurders: Langs achteren,Geen hindernis
26166,129,Lokeren teller 2,Lokeren,51.09612,3.97025,1.6427971899233489,51.105011784799395,3.989038993673371,2021,7,9,46014,Lokeren,Normaal,Droog,Dag,met lichtgewonden,9,personenauto,3,Fiets,Buiten Kruispunt,Gemeenteweg,binnen bebouwde kom,Tussen 2 bestuurders: Langs achteren,Geen hindernis
26166,141,Test site A support,Lokeren,51.08342085,3.9961071208376326,2.451019395063819,51.105011784799395,3.989038993673371,2021,7,9,46014,Lokeren,Normaal,Droog,Dag,met lichtgewonden,9,personenauto,3,Fiets,Buiten Kruispunt,Gemeenteweg,binnen bebouwde kom,Tussen 2 bestuurders: Langs achteren,Geen hindernis
26167,128,Lokeren teller 1,Lokeren,51.09644,3.97023,2.0335726898092066,51.10771814232039,3.993157204997174,2021,7,17,46014,Lokeren,Normaal,Droog,Dag,met lichtgewonden,3,Fiets,3,Fiets,Buiten Kruispunt,Gemeenteweg,binnen bebouwde kom,Tss. 2 best.: langs opzij (voor-/achterkant-flank),Geen hindernis
26167,129,Lokeren teller 2,Lokeren,51.09612,3.97025,2.054623646494248,51.10771814232039,3.993157204997174,2021,7,17,46014,Lokeren,Normaal,Droog,Dag,met lichtgewonden,3,Fiets,3,Fiets,Buiten Kruispunt,Gemeenteweg,binnen bebouwde kom,Tss. 2 best.: langs opzij (voor-/achterkant-flank),Geen hindernis
26168,141,Test site A support,Lokeren,51.08342085,3.9961071208376326,1.687570781631737,51.09650854897023,4.008340870665418,2021,7,8,46014,Lokeren,Normaal,Droog,Dag,met lichtgewonden,9,personenauto,3,Fiets,Op Kruispunt,Gewestweg,buiten bebouwde kom,Tss. 2 best.: langs opzij (voor-/achterkant-flank),Geen hindernis
26169,126,Hamme totem,Hamme,51.1017709,4.1469307,2.259349403447637,51.11854899847813,4.128675945487387,2021,7,8,42023,Waasmunster,Normaal,Droog,Dag,met lichtgewonden,9,personenauto,3,Fiets,Buiten Kruispunt,Gemeenteweg,buiten bebouwde kom,Tss. 2 best.: langs opzij (voor-/achterkant-flank),Geen hindernis
26170,126,Hamme totem,Hamme,51.1017709,4.1469307,1.6867572301488718,51.089809877268614,4.1320749267918755,2021,7,16,42008,Hamme,Normaal,Droog,Dag,met lichtgewonden,9,personenauto,3,Fiets,Op Kruispunt,Gemeenteweg,binnen bebouwde kom,Tussen 2 bestuurders: Langs achteren,Geen hindernis
26171,126,Hamme totem,Hamme,51.1017709,4.1469307,1.1799794354567525,51.098301827805244,4.1309603830803825,2021,7,10,42008,Hamme,Normaal,Droog,Dag,met lichtgewonden,9,personenauto,3,Fiets,Buiten Kruispunt,Gemeenteweg,binnen bebouwde kom,Tussen 2 bestuurders: Flank tegen flank,Geen hindernis
26172,121,Zele teller 2,Zele,51.0604067,4.0556696,1.2779737532834827,51.06572721962577,4.071879595466672,2021,7,15,42028,Zele,Normaal,Droog,Dag,met zwaargewonden,3,Fiets,9,personenauto,Buiten Kruispunt,Gemeenteweg,binnen bebouwde kom,Tussen 2 bestuurders: Langs achteren,Geen hindernis
26172,120,Zele teller 1,Zele,51.0607671,4.0547741,1.3164683153558687,51.06572721962577,4.071879595466672,2021,7,15,42028,Zele,Normaal,Droog,Dag,met zwaargewonden,3,Fiets,9,personenauto,Buiten Kruispunt,Gemeenteweg,binnen bebouwde kom,Tussen 2 bestuurders: Langs achteren,Geen hindernis
26174,125,Dendermonde totem,Dendermonde,51.0372706,4.1025998,0.4495988902270194,51.03325441643791,4.101855840596064,2021,7,12,42006,Dendermonde,Normaal,Droog,Dag,met lichtgewonden,9,personenauto,3,Fiets,Op Kruispunt,Gewestweg,binnen bebouwde kom,Tss. 2 best.: langs opzij (voor-/achterkant-flank),Geen hindernis
26174,122,Dendermonde teller 2,Dendermonde,51.0373918,4.1019222,0.4600794611025146,51.03325441643791,4.101855840596064,2021,7,12,42006,Dendermonde,Normaal,Droog,Dag,met lichtgewonden,9,personenauto,3,Fiets,Op Kruispunt,Gewestweg,binnen bebouwde kom,Tss. 2 best.: langs opzij (voor-/achterkant-flank),Geen hindernis
26181,10,Aalst 2,Aalst,50.93549,4.01571,1.9615544232103266,50.94079064218448,4.042410374366741,2021,7,1,41002,Aalst,Normaal,Droog,"Nacht, openbare verlichting aanwezig en ontstoken",met zwaargewonden,6,Bromfiets,3,Fiets,Buiten Kruispunt,Gemeenteweg,binnen bebouwde kom,Tussen 2 bestuurders: Frontale botsing,Geen hindernis
26181,11,Aalst 3,Aalst,50.93385,4.01647,1.9747418554914586,50.94079064218448,4.042410374366741,2021,7,1,41002,Aalst,Normaal,Droog,"Nacht, openbare verlichting aanwezig en ontstoken",met zwaargewonden,6,Bromfiets,3,Fiets,Buiten Kruispunt,Gemeenteweg,binnen bebouwde kom,Tussen 2 bestuurders: Frontale botsing,Geen hindernis
26181,19,Aalst 1,Aalst,50.93433,4.01471,2.069680640401106,50.94079064218448,4.042410374366741,2021,7,1,41002,Aalst,Normaal,Droog,"Nacht, openbare verlichting aanwezig en ontstoken",met zwaargewonden,6,Bromfiets,3,Fiets,Buiten Kruispunt,Gemeenteweg,binnen bebouwde kom,Tussen 2 bestuurders: Frontale botsing,Geen hindernis
26191,122,Dendermonde teller 2,Dendermonde,51.0373918,4.1019222,1.0897351642019275,51.02803840934611,4.097270275540543,2021,7,20,42006,Dendermonde,Normaal,Droog,Dag,met lichtgewonden,3,Fiets,5,Lichte vrachtauto,Buiten Kruispunt,Gemeenteweg,binnen bebouwde kom,Tussen 2 bestuurders: Langs achteren,Geen hindernis
26191,125,Dendermonde totem,Dendermonde,51.0372706,4.1025998,1.092128260199391,51.02803840934611,4.097270275540543,2021,7,20,42006,Dendermonde,Normaal,Droog,Dag,met lichtgewonden,3,Fiets,5,Lichte vrachtauto,Buiten Kruispunt,Gemeenteweg,binnen bebouwde kom,Tussen 2 bestuurders: Langs achteren,Geen hindernis
26192,125,Dendermonde totem,Dendermonde,51.0372706,4.1025998,0.8574532488366242,51.03458397915014,4.114094290116655,2021,7,8,42006,Dendermonde,Normaal,Droog,Dag,met lichtgewonden,9,personenauto,3,Fiets,Buiten Kruispunt,Gewestweg,buiten bebouwde kom,Tussen 2 bestuurders: Flank tegen flank,Geen hindernis
26192,122,Dendermonde teller 2,Dendermonde,51.0373918,4.1019222,0.9065671103353411,51.03458397915014,4.114094290116655,2021,7,8,42006,Dendermonde,Normaal,Droog,Dag,met lichtgewonden,9,personenauto,3,Fiets,Buiten Kruispunt,Gewestweg,buiten bebouwde kom,Tussen 2 bestuurders: Flank tegen flank,Geen hindernis
26193,122,Dendermonde teller 2,Dendermonde,51.0373918,4.1019222,1.3278951550870863,51.043357703114076,4.085469396781984,2021,7,14,42006,Dendermonde,Normaal,Droog,Dag,met zwaargewonden,3,Fiets,3,Fiets,Buiten Kruispunt,Gemeenteweg,binnen bebouwde kom,Tss. 2 best.: langs opzij (voor-/achterkant-flank),Geen hindernis
26193,125,Dendermonde totem,Dendermonde,51.0372706,4.1025998,1.3757213619328532,51.043357703114076,4.085469396781984,2021,7,14,42006,Dendermonde,Normaal,Droog,Dag,met zwaargewonden,3,Fiets,3,Fiets,Buiten Kruispunt,Gemeenteweg,binnen bebouwde kom,Tss. 2 best.: langs opzij (voor-/achterkant-flank),Geen hindernis
26194,125,Dendermonde totem,Dendermonde,51.0372706,4.1025998,2.211636244095499,51.01802161560199,4.094637644505716,2021,7,18,42006,Dendermonde,Normaal,Droog,Dag,met lichtgewonden,9,personenauto,3,Fiets,Op Kruispunt,Gemeenteweg,binnen bebouwde kom,Tussen 2 bestuurders: Flank tegen flank,Geen hindernis
26194,122,Dendermonde teller 2,Dendermonde,51.0373918,4.1019222,2.213295641489026,51.01802161560199,4.094637644505716,2021,7,18,42006,Dendermonde,Normaal,Droog,Dag,met lichtgewonden,9,personenauto,3,Fiets,Op Kruispunt,Gemeenteweg,binnen bebouwde kom,Tussen 2 bestuurders: Flank tegen flank,Geen hindernis
26195,142,TEST Validatie BRUGGE Y2H22022134,Brugge,51.22632,3.24095,2.0493871836896833,51.21117973225513,3.224170321484039,2021,7,19,31005,Brugge,Normaal,Droog+Proper,Dag,met lichtgewonden,5,Lichte vrachtauto,3,Fiets,Op Kruispunt,Gewestweg,binnen bebouwde kom,Tss. 2 best.: langs opzij (voor-/achterkant-flank),Geen hindernis
26195,52,Brugge,Brugge,51.22632,3.24095,2.0493871836896833,51.21117973225513,3.224170321484039,2021,7,19,31005,Brugge,Normaal,Droog+Proper,Dag,met lichtgewonden,5,Lichte vrachtauto,3,Fiets,Op Kruispunt,Gewestweg,binnen bebouwde kom,Tss. 2 best.: langs opzij (voor-/achterkant-flank),Geen hindernis
26195,54,Brugge teller 2,Brugge,51.23015,3.22818,2.1278012866229292,51.21117973225513,3.224170321484039,2021,7,19,31005,Brugge,Normaal,Droog+Proper,Dag,met lichtgewonden,5,Lichte vrachtauto,3,Fiets,Op Kruispunt,Gewestweg,binnen bebouwde kom,Tss. 2 best.: langs opzij (voor-/achterkant-flank),Geen hindernis
26195,53,Brugge teller 1,Brugge,51.23023,3.228,2.135018001695173,51.21117973225513,3.224170321484039,2021,7,19,31005,Brugge,Normaal,Droog+Proper,Dag,met lichtgewonden,5,Lichte vrachtauto,3,Fiets,Op Kruispunt,Gewestweg,binnen bebouwde kom,Tss. 2 best.: langs opzij (voor-/achterkant-flank),Geen hindernis
26196,54,Brugge teller 2,Brugge,51.23015,3.22818,1.2546462284271325,51.21959590145009,3.221808125769814,2021,7,9,31005,Brugge,Normaal,Droog,Dag,met lichtgewonden,9,personenauto,3,Fiets,Op Kruispunt,Gewestweg,binnen bebouwde kom,Tussen 2 bestuurders: Frontale botsing,Geen hindernis
26196,53,Brugge teller 1,Brugge,51.23023,3.228,1.258621574483638,51.21959590145009,3.221808125769814,2021,7,9,31005,Brugge,Normaal,Droog,Dag,met lichtgewonden,9,personenauto,3,Fiets,Op Kruispunt,Gewestweg,binnen bebouwde kom,Tussen 2 bestuurders: Frontale botsing,Geen hindernis
26196,52,Brugge,Brugge,51.22632,3.24095,1.5284148698279323,51.21959590145009,3.221808125769814,2021,7,9,31005,Brugge,Normaal,Droog,Dag,met lichtgewonden,9,personenauto,3,Fiets,Op Kruispunt,Gewestweg,binnen bebouwde kom,Tussen 2 bestuurders: Frontale botsing,Geen hindernis
26196,142,TEST Validatie BRUGGE Y2H22022134,Brugge,51.22632,3.24095,1.5284148698279323,51.21959590145009,3.221808125769814,2021,7,9,31005,Brugge,Normaal,Droog,Dag,met lichtgewonden,9,personenauto,3,Fiets,Op Kruispunt,Gewestweg,binnen bebouwde kom,Tussen 2 bestuurders: Frontale botsing,Geen hindernis
26197,142,TEST Validatie BRUGGE Y2H22022134,Brugge,51.22632,3.24095,2.4632239803111142,51.208244421649795,3.2205048937878273,2021,7,11,31005,Brugge,Normaal,Droog,Dag,met lichtgewonden,3,Fiets,3,Fiets,Buiten Kruispunt,Gemeenteweg,binnen bebouwde kom,Tss. 2 best.: langs opzij (voor-/achterkant-flank),Geen hindernis
26197,52,Brugge,Brugge,51.22632,3.24095,2.4632239803111142,51.208244421649795,3.2205048937878273,2021,7,11,31005,Brugge,Normaal,Droog,Dag,met lichtgewonden,3,Fiets,3,Fiets,Buiten Kruispunt,Gemeenteweg,binnen bebouwde kom,Tss. 2 best.: langs opzij (voor-/achterkant-flank),Geen hindernis
26197,54,Brugge teller 2,Brugge,51.23015,3.22818,2.4937528785249947,51.208244421649795,3.2205048937878273,2021,7,11,31005,Brugge,Normaal,Droog,Dag,met lichtgewonden,3,Fiets,3,Fiets,Buiten Kruispunt,Gemeenteweg,binnen bebouwde kom,Tss. 2 best.: langs opzij (voor-/achterkant-flank),Geen hindernis
26197,53,Brugge teller 1,Brugge,51.23023,3.228,2.4997944865407806,51.208244421649795,3.2205048937878273,2021,7,11,31005,Brugge,Normaal,Droog,Dag,met lichtgewonden,3,Fiets,3,Fiets,Buiten Kruispunt,Gemeenteweg,binnen bebouwde kom,Tss. 2 best.: langs opzij (voor-/achterkant-flank),Geen hindernis
26198,54,Brugge teller 2,Brugge,51.23015,3.22818,1.0187969669493389,51.22101986578106,3.226955894554442,2021,7,10,31005,Brugge,Normaal,Droog,Dag,met lichtgewonden,3,Fiets,2,Andere weggebruiker,Buiten Kruispunt,Gewestweg,binnen bebouwde kom,Tss. 2 best.: langs opzij (voor-/achterkant-flank),Geen hindernis
26198,53,Brugge teller 1,Brugge,51.23023,3.228,1.0266979097463456,51.22101986578106,3.226955894554442,2021,7,10,31005,Brugge,Normaal,Droog,Dag,met lichtgewonden,3,Fiets,2,Andere weggebruiker,Buiten Kruispunt,Gewestweg,binnen bebouwde kom,Tss. 2 best.: langs opzij (voor-/achterkant-flank),Geen hindernis
26198,52,Brugge,Brugge,51.22632,3.24095,1.138885570721646,51.22101986578106,3.226955894554442,2021,7,10,31005,Brugge,Normaal,Droog,Dag,met lichtgewonden,3,Fiets,2,Andere weggebruiker,Buiten Kruispunt,Gewestweg,binnen bebouwde kom,Tss. 2 best.: langs opzij (voor-/achterkant-flank),Geen hindernis
26198,142,TEST Validatie BRUGGE Y2H22022134,Brugge,51.22632,3.24095,1.138885570721646,51.22101986578106,3.226955894554442,2021,7,10,31005,Brugge,Normaal,Droog,Dag,met lichtgewonden,3,Fiets,2,Andere weggebruiker,Buiten Kruispunt,Gewestweg,binnen bebouwde kom,Tss. 2 best.: langs opzij (voor-/achterkant-flank),Geen hindernis
26203,54,Brugge teller 2,Brugge,51.23015,3.22818,0.7078877013091226,51.22381509812546,3.227173413273317,2021,7,13,31005,Brugge,Normaal,Droog,Dag,Met doden,4,Vrachtwagen,3,Fiets,Op Kruispunt,Gewestweg,binnen bebouwde kom,Tussen 2 bestuurders: Flank tegen flank,Geen hindernis
26203,53,Brugge teller 1,Brugge,51.23023,3.228,0.71562307421255,51.22381509812546,3.227173413273317,2021,7,13,31005,Brugge,Normaal,Droog,Dag,Met doden,4,Vrachtwagen,3,Fiets,Op Kruispunt,Gewestweg,binnen bebouwde kom,Tussen 2 bestuurders: Flank tegen flank,Geen hindernis
26203,52,Brugge,Brugge,51.22632,3.24095,0.9989788146726949,51.22381509812546,3.227173413273317,2021,7,13,31005,Brugge,Normaal,Droog,Dag,Met doden,4,Vrachtwagen,3,Fiets,Op Kruispunt,Gewestweg,binnen bebouwde kom,Tussen 2 bestuurders: Flank tegen flank,Geen hindernis
26203,142,TEST Validatie BRUGGE Y2H22022134,Brugge,51.22632,3.24095,0.9989788146726949,51.22381509812546,3.227173413273317,2021,7,13,31005,Brugge,Normaal,Droog,Dag,Met doden,4,Vrachtwagen,3,Fiets,Op Kruispunt,Gewestweg,binnen bebouwde kom,Tussen 2 bestuurders: Flank tegen flank,Geen hindernis
26230,15,Oostende 2,Oostende,51.21371,2.92743,0.9846677505421125,51.211380445019905,2.913791799674774,2021,7,12,35013,Oostende,Normaal,Droog,Dag,met lichtgewonden,3,Fiets,9,personenauto,Buiten Kruispunt,Gemeenteweg,binnen bebouwde kom,Tussen 2 bestuurders: Flank tegen flank,Geen hindernis
26230,18,Oostende 1,Oostende,51.21378,2.92765,1.0015053072480629,51.211380445019905,2.913791799674774,2021,7,12,35013,Oostende,Normaal,Droog,Dag,met lichtgewonden,3,Fiets,9,personenauto,Buiten Kruispunt,Gemeenteweg,binnen bebouwde kom,Tussen 2 bestuurders: Flank tegen flank,Geen hindernis
26231,15,Oostende 2,Oostende,51.21371,2.92743,1.1845772052725503,51.22194327021612,2.9166368630198454,2021,7,12,35013,Oostende,Normaal,Droog,Dag,met lichtgewonden,3,Fiets,3,Fiets,Op Kruispunt,Gemeenteweg,binnen bebouwde kom,Tussen 2 bestuurders: Frontale botsing,Geen hindernis
26231,18,Oostende 1,Oostende,51.21378,2.92765,1.1884033409466046,51.22194327021612,2.9166368630198454,2021,7,12,35013,Oostende,Normaal,Droog,Dag,met lichtgewonden,3,Fiets,3,Fiets,Op Kruispunt,Gemeenteweg,binnen bebouwde kom,Tussen 2 bestuurders: Frontale botsing,Geen hindernis
26232,15,Oostende 2,Oostende,51.21371,2.92743,0.793001199620106,51.209292603555696,2.9184925870354563,2021,7,20,35013,Oostende,Normaal,Droog,Dag,met lichtgewonden,3,Fiets,9,personenauto,Op Kruispunt,Gemeenteweg,binnen bebouwde kom,Tss. 2 best.: langs opzij (voor-/achterkant-flank),Geen hindernis
26232,18,Oostende 1,Oostende,51.21378,2.92765,0.8098600829846692,51.209292603555696,2.9184925870354563,2021,7,20,35013,Oostende,Normaal,Droog,Dag,met lichtgewonden,3,Fiets,9,personenauto,Op Kruispunt,Gemeenteweg,binnen bebouwde kom,Tss. 2 best.: langs opzij (voor-/achterkant-flank),Geen hindernis
26241,55,Torhout teller 1,Torhout,51.07161,3.08261,1.267687687413421,51.07069874749235,3.1006955033869326,2021,7,18,31033,Torhout,Normaal,Droog,Dag,met lichtgewonden,3,Fiets,3,Fiets,Buiten Kruispunt,Gemeenteweg,binnen bebouwde kom,Tussen 2 bestuurders: Langs achteren,Geen hindernis
26241,56,Torhout teller 2,Torhout,51.07147,3.08244,1.2783912463203444,51.07069874749235,3.1006955033869326,2021,7,18,31033,Torhout,Normaal,Droog,Dag,met lichtgewonden,3,Fiets,3,Fiets,Buiten Kruispunt,Gemeenteweg,binnen bebouwde kom,Tussen 2 bestuurders: Langs achteren,Geen hindernis
26245,56,Torhout teller 2,Torhout,51.07147,3.08244,1.7490239784300732,51.061904995502424,3.1023104852257446,2021,7,15,31033,Torhout,Normaal,Droog,Dag,met lichtgewonden,9,personenauto,3,Fiets,Buiten Kruispunt,Gewestweg,binnen bebouwde kom,Tussen 2 bestuurders: Flank tegen flank,Geen hindernis
26245,55,Torhout teller 1,Torhout,51.07161,3.08261,1.749168113626751,51.061904995502424,3.1023104852257446,2021,7,15,31033,Torhout,Normaal,Droog,Dag,met lichtgewonden,9,personenauto,3,Fiets,Buiten Kruispunt,Gewestweg,binnen bebouwde kom,Tussen 2 bestuurders: Flank tegen flank,Geen hindernis
26249,84,Roeselare totem,Izegem,50.91717,3.18772,1.1608906880705472,50.914017408012604,3.203506412242626,2021,7,11,36008,Izegem,Normaal,Droog,Dag,met zwaargewonden,9,personenauto,3,Fiets,Buiten Kruispunt,Gemeenteweg,binnen bebouwde kom,Tss. 2 best.: langs opzij (voor-/achterkant-flank),Geen hindernis
26259,61,Wervik teller 2,Wervik,50.80555,3.0921,2.1980557041123365,50.79359382743531,3.1170066935805245,2021,7,18,34027,Menen,Normaal,Droog,Dag,met lichtgewonden,3,Fiets,3,Fiets,Buiten Kruispunt,Gemeenteweg,binnen bebouwde kom,Tss. 2 best.: langs opzij (voor-/achterkant-flank),Geen hindernis
26259,62,Wervik teller 1,Wervik,50.8058,3.09154,2.2462075642895,50.79359382743531,3.1170066935805245,2021,7,18,34027,Menen,Normaal,Droog,Dag,met lichtgewonden,3,Fiets,3,Fiets,Buiten Kruispunt,Gemeenteweg,binnen bebouwde kom,Tss. 2 best.: langs opzij (voor-/achterkant-flank),Geen hindernis
26260,61,Wervik teller 2,Wervik,50.80555,3.0921,0.845233049995783,50.80199781190755,3.102733781795402,2021,7,17,34027,Menen,Normaal,Droog,Dag,met lichtgewonden,9,personenauto,3,Fiets,Op Kruispunt,Gewestweg,binnen bebouwde kom,Tss. 2 best.: langs opzij (voor-/achterkant-flank),Geen hindernis
26260,62,Wervik teller 1,Wervik,50.8058,3.09154,0.8930347629456339,50.80199781190755,3.102733781795402,2021,7,17,34027,Menen,Normaal,Droog,Dag,met lichtgewonden,9,personenauto,3,Fiets,Op Kruispunt,Gewestweg,binnen bebouwde kom,Tss. 2 best.: langs opzij (voor-/achterkant-flank),Geen hindernis
26263,61,Wervik teller 2,Wervik,50.80555,3.0921,1.5785712602043265,50.79244674481655,3.100743260626808,2021,7,11,34027,Menen,Normaal,Droog,Dag,met zwaargewonden,9,personenauto,3,Fiets,Buiten Kruispunt,Gemeenteweg,binnen bebouwde kom,Tss. 2 best.: langs opzij (voor-/achterkant-flank),Geen hindernis
26263,62,Wervik teller 1,Wervik,50.8058,3.09154,1.619576322726984,50.79244674481655,3.100743260626808,2021,7,11,34027,Menen,Normaal,Droog,Dag,met zwaargewonden,9,personenauto,3,Fiets,Buiten Kruispunt,Gemeenteweg,binnen bebouwde kom,Tss. 2 best.: langs opzij (voor-/achterkant-flank),Geen hindernis
26267,17,Kortrijk 2,Kortrijk,50.83339,3.27773,1.3028447934414829,50.842630160930035,3.266322030777167,2021,7,14,34022,Kortrijk,Normaal,Droog,Dag,met lichtgewonden,9,personenauto,3,Fiets,Op Kruispunt,Gewestweg,binnen bebouwde kom,Tss. 2 best.: langs opzij (voor-/achterkant-flank),Geen hindernis
26267,16,Kortrijk 1,Kortrijk,50.83332,3.27777,1.310713161694388,50.842630160930035,3.266322030777167,2021,7,14,34022,Kortrijk,Normaal,Droog,Dag,met lichtgewonden,9,personenauto,3,Fiets,Op Kruispunt,Gewestweg,binnen bebouwde kom,Tss. 2 best.: langs opzij (voor-/achterkant-flank),Geen hindernis
26267,143,Eco Display Classic Budastraat,Kortrijk,50.83066,3.26286,1.353041906283961,50.842630160930035,3.266322030777167,2021,7,14,34022,Kortrijk,Normaal,Droog,Dag,met lichtgewonden,9,personenauto,3,Fiets,Op Kruispunt,Gewestweg,binnen bebouwde kom,Tss. 2 best.: langs opzij (voor-/achterkant-flank),Geen hindernis
26268,74,Kortrijk teller 1,Kortrijk,50.81909,3.25728,1.0417884791704206,50.817556039850075,3.242650572650487,2021,7,0,34022,Kortrijk,Normaal,Droog,"Nacht, openbare verlichting aanwezig en ontstoken",met zwaargewonden,3,Fiets,9,personenauto,Buiten Kruispunt,Gemeenteweg,binnen bebouwde kom,Tussen 2 bestuurders: Langs achteren,Geen hindernis
26268,75,Kortrijk teller 2,Kortrijk,50.81925,3.25731,1.0469201227674492,50.817556039850075,3.242650572650487,2021,7,0,34022,Kortrijk,Normaal,Droog,"Nacht, openbare verlichting aanwezig en ontstoken",met zwaargewonden,3,Fiets,9,personenauto,Buiten Kruispunt,Gemeenteweg,binnen bebouwde kom,Tussen 2 bestuurders: Langs achteren,Geen hindernis
26268,143,Eco Display Classic Budastraat,Kortrijk,50.83066,3.26286,2.0342706915826003,50.817556039850075,3.242650572650487,2021,7,0,34022,Kortrijk,Normaal,Droog,"Nacht, openbare verlichting aanwezig en ontstoken",met zwaargewonden,3,Fiets,9,personenauto,Buiten Kruispunt,Gemeenteweg,binnen bebouwde kom,Tussen 2 bestuurders: Langs achteren,Geen hindernis
26269,75,Kortrijk teller 2,Kortrijk,50.81925,3.25731,1.1335646881245214,50.82211689398163,3.272795524442546,2021,7,10,34022,Kortrijk,Normaal,Droog,Dag,met lichtgewonden,3,Fiets,9,personenauto,Buiten Kruispunt,Gemeenteweg,binnen bebouwde kom,Tss. 2 best.: langs opzij (voor-/achterkant-flank),Geen hindernis
26269,74,Kortrijk teller 1,Kortrijk,50.81909,3.25728,1.1407111857891252,50.82211689398163,3.272795524442546,2021,7,10,34022,Kortrijk,Normaal,Droog,Dag,met lichtgewonden,3,Fiets,9,personenauto,Buiten Kruispunt,Gemeenteweg,binnen bebouwde kom,Tss. 2 best.: langs opzij (voor-/achterkant-flank),Geen hindernis