crash_row_id,site_id,site_name,site_gemeente,site_lat,site_long,distance_km,crash_lat,crash_long,DT_YEAR_COLLISION,DT_MONTH_COLLISION,DT_TIME,CD_NIS,TX_MUNTY_COLLISION_NL,TX_WEATHER_NL,TX_ROAD_CONDITION_NL,TX_LIGHT_CONDITION_NL,TX_CLASS_ACCIDENTS_NL,CD_ROAD_USR_TYPE1,TX_ROAD_USR_TYPE1_NL,CD_ROAD_USR_TYPE2,TX_ROAD_USR_TYPE2_NL,TX_CROSSWAY_NL,CD_ROAD_TYPE_NL,TX_BUILD_UP_AREA_NL,TX_COLLISION_TYPE_NL,TX_OBSTACLES_NL
26269,143,Eco Display Classic Budastraat,Kortrijk,50.83066,3.26286,1.1787332696812238,50.82211689398163,3.272795524442546,2021,7,10,34022,Kortrijk,Normaal,Droog,Dag,met lichtgewonden,3,Fiets,9,personenauto,Buiten Kruispunt,Gemeenteweg,binnen bebouwde kom,Tss. 2 best.: langs opzij (voor-/achterkant-flank),Geen hindernis
26269,16,Kortrijk 1,Kortrijk,50.83332,3.27777,1.2937981735879724,50.82211689398163,3.272795524442546,2021,7,10,34022,Kortrijk,Normaal,Droog,Dag,met lichtgewonden,3,Fiets,9,personenauto,Buiten Kruispunt,Gemeenteweg,binnen bebouwde kom,Tss. 2 best.: langs opzij (voor-/achterkant-flank),Geen hindernis
26269,17,Kortrijk 2,Kortrijk,50.83339,3.27773,1.3005427413213486,50.82211689398163,3.272795524442546,2021,7,10,34022,Kortrijk,Normaal,Droog,Dag,met lichtgewonden,3,Fiets,9,personenauto,Buiten Kruispunt,Gemeenteweg,binnen bebouwde kom,Tss. 2 best.: langs opzij (voor-/achterkant-flank),Geen hindernis
26278,66,Nieuwpoort totem,Nieuwpoort,51.1347,2.74369,0.2479931744600429,51.133193493220645,2.7463107577468704,2021,7,10,38016,Nieuwpoort,Normaal,Droog,Dag,met lichtgewonden,9,personenauto,3,Fiets,Op Kruispunt,Gewestweg,binnen bebouwde kom,Tss. 2 best.: langs opzij (voor-/achterkant-flank),Geen hindernis
26278,63,Nieuwpoort teller 3,Nieuwpoort,51.13529,2.74289,0.33363816146418956,51.133193493220645,2.7463107577468704,2021,7,10,38016,Nieuwpoort,Normaal,Droog,Dag,met lichtgewonden,9,personenauto,3,Fiets,Op Kruispunt,Gewestweg,binnen bebouwde kom,Tss. 2 best.: langs opzij (voor-/achterkant-flank),Geen hindernis
26278,65,Nieuwpoort teller 2,Nieuwpoort,51.13435,2.75511,0.6272926735335759,51.133193493220645,2.7463107577468704,2021,7,10,38016,Nieuwpoort,Normaal,Droog,Dag,met lichtgewonden,9,personenauto,3,Fiets,Op Kruispunt,Gewestweg,binnen bebouwde kom,Tss. 2 best.: langs opzij (voor-/achterkant-flank),Geen hindernis
26278,64,Nieuwpoort teller 1,Nieuwpoort,51.13359,2.75737,0.7729266598075841,51.133193493220645,2.7463107577468704,2021,7,10,38016,Nieuwpoort,Normaal,Droog,Dag,met lichtgewonden,9,personenauto,3,Fiets,Op Kruispunt,Gewestweg,binnen bebouwde kom,Tss. 2 best.: langs opzij (voor-/achterkant-flank),Geen hindernis
26280,67,Ieper totem,Ieper,50.85018,2.85624,1.5774683370726093,50.848378670022804,2.87852780780402,2021,7,22,33011,Ieper,Normaal,Droog,"Nacht, openbare verlichting aanwezig en ontstoken",met lichtgewonden,3,Fiets,9,personenauto,Op Kruispunt,Gewestweg,binnen bebouwde kom,Tss. 2 best.: langs opzij (voor-/achterkant-flank),Geen hindernis
26280,68,Ieper,Ieper,50.85032,2.85608,1.590646163128138,50.848378670022804,2.87852780780402,2021,7,22,33011,Ieper,Normaal,Droog,"Nacht, openbare verlichting aanwezig en ontstoken",met lichtgewonden,3,Fiets,9,personenauto,Op Kruispunt,Gewestweg,binnen bebouwde kom,Tss. 2 best.: langs opzij (voor-/achterkant-flank),Geen hindernis
26287,67,Ieper totem,Ieper,50.85018,2.85624,2.4760471854641173,50.84238494227649,2.8892754323439,2021,7,11,33011,Ieper,Normaal,Droog,Dag,met lichtgewonden,9,personenauto,3,Fiets,Buiten Kruispunt,Gewestweg,buiten bebouwde kom,Tussen 2 bestuurders: Langs achteren,Geen hindernis
26287,68,Ieper,Ieper,50.85032,2.85608,2.4920388261009494,50.84238494227649,2.8892754323439,2021,7,11,33011,Ieper,Normaal,Droog,Dag,met lichtgewonden,9,personenauto,3,Fiets,Buiten Kruispunt,Gewestweg,buiten bebouwde kom,Tussen 2 bestuurders: Langs achteren,Geen hindernis
26291,41,Maasmechelen teller 1,Maasmechelen,50.97025,5.69799,0.8498013503145648,50.96513864195786,5.688968067244299,2021,7,17,73107,Maasmechelen,Normaal,Droog,Dag,met zwaargewonden,3,Fiets,8,Voetganger,Buiten Kruispunt,Gemeenteweg,binnen bebouwde kom,Met een voetganger,Geen hindernis
26291,42,Maasmechelen teller 2,Maasmechelen,50.97043,5.6981,0.8689677644360978,50.96513864195786,5.688968067244299,2021,7,17,73107,Maasmechelen,Normaal,Droog,Dag,met zwaargewonden,3,Fiets,8,Voetganger,Buiten Kruispunt,Gemeenteweg,binnen bebouwde kom,Met een voetganger,Geen hindernis
26298,124,Beveren teller 2,Beveren,51.1964712,4.2361077,1.9128718236012399,51.210824892702206,4.251241427839217,2021,7,12,46003,Beveren,Normaal,Droog,Dag,met lichtgewonden,5,Lichte vrachtauto,3,Fiets,Buiten Kruispunt,Gewestweg,binnen bebouwde kom,Tss. 2 best.: langs opzij (voor-/achterkant-flank),Geen hindernis
26300,106,St. pieters leeuw teller 1,Sint-Pieters-Leeuw,50.75533,4.24951,2.2707544891116838,50.77242785070642,4.267164459855041,2021,7,19,23003,Beersel,Normaal,Droog,Dag,met lichtgewonden,3,Fiets,11,een weggebruiker tegen een hindernis,Buiten Kruispunt,Gemeenteweg,binnen bebouwde kom,Weggebruiker tegen hindernis op de rijbaan,"Op de rijbaan: Werken (signal., aarde, toestel,…)"
26300,105,St. pieters leeuw teller 2,Halle,50.75509,4.24943,2.2961977895906442,50.77242785070642,4.267164459855041,2021,7,19,23003,Beersel,Normaal,Droog,Dag,met lichtgewonden,3,Fiets,11,een weggebruiker tegen een hindernis,Buiten Kruispunt,Gemeenteweg,binnen bebouwde kom,Weggebruiker tegen hindernis op de rijbaan,"Op de rijbaan: Werken (signal., aarde, toestel,…)"
26302,99,Mechelen teller 1,Mechelen,51.04564,4.46882,1.0866690107321073,51.03626025419982,4.473182809242634,2021,7,13,12025,Mechelen,Normaal,Droog,Dag,met lichtgewonden,9,personenauto,3,Fiets,Buiten Kruispunt,Gewestweg,binnen bebouwde kom,Tss. 2 best.: langs opzij (voor-/achterkant-flank),Geen hindernis
26302,100,Mechelen teller 2,Mechelen,51.0457,4.46883,1.0928791279158352,51.03626025419982,4.473182809242634,2021,7,13,12025,Mechelen,Normaal,Droog,Dag,met lichtgewonden,9,personenauto,3,Fiets,Buiten Kruispunt,Gewestweg,binnen bebouwde kom,Tss. 2 best.: langs opzij (voor-/achterkant-flank),Geen hindernis
26303,99,Mechelen teller 1,Mechelen,51.04564,4.46882,2.1488362243498034,51.02740615631266,4.479000270817076,2021,7,22,12025,Mechelen,Onbekend,Droog,"Nacht, openbare verlichting aanwezig en ontstoken",met lichtgewonden,3,Fiets,99,onbekend,Buiten Kruispunt,Gemeenteweg,binnen bebouwde kom,Tussen 2 bestuurders: Frontale botsing,Geen hindernis
26303,100,Mechelen teller 2,Mechelen,51.0457,4.46883,2.154901363766722,51.02740615631266,4.479000270817076,2021,7,22,12025,Mechelen,Onbekend,Droog,"Nacht, openbare verlichting aanwezig en ontstoken",met lichtgewonden,3,Fiets,99,onbekend,Buiten Kruispunt,Gemeenteweg,binnen bebouwde kom,Tussen 2 bestuurders: Frontale botsing,Geen hindernis
26306,140,Hasselt ring,Hasselt,50.9300038,5.3438616,0.6924988263309806,50.93246385365209,5.334783777434994,2021,7,23,71022,Hasselt,Normaal,Droog,"Nacht, openbare verlichting aanwezig en ontstoken",met lichtgewonden,3,Fiets,11,een weggebruiker tegen een hindernis,Buiten Kruispunt,Gemeenteweg,binnen bebouwde kom,Weggebruiker tegen hindernis op de rijbaan,"Op de rijbaan: Werken (signal., aarde, toestel,…)"
26306,138,Hasselt-Kempische brug,Hasselt,50.9405318,5.3422472,1.0384253566849957,50.93246385365209,5.334783777434994,2021,7,23,71022,Hasselt,Normaal,Droog,"Nacht, openbare verlichting aanwezig en ontstoken",met lichtgewonden,3,Fiets,11,een weggebruiker tegen een hindernis,Buiten Kruispunt,Gemeenteweg,binnen bebouwde kom,Weggebruiker tegen hindernis op de rijbaan,"Op de rijbaan: Werken (signal., aarde, toestel,…)"
26306,137,Hasselt-Kempische brug,Hasselt,50.9411605,5.3417576,1.0834827277903603,50.93246385365209,5.334783777434994,2021,7,23,71022,Hasselt,Normaal,Droog,"Nacht, openbare verlichting aanwezig en ontstoken",met lichtgewonden,3,Fiets,11,een weggebruiker tegen een hindernis,Buiten Kruispunt,Gemeenteweg,binnen bebouwde kom,Weggebruiker tegen hindernis op de rijbaan,"Op de rijbaan: Werken (signal., aarde, toestel,…)"
26307,140,Hasselt ring,Hasselt,50.9300038,5.3438616,1.7492505614084677,50.91586242497845,5.33292843541516,2021,7,15,71022,Hasselt,Normaal,Droog,Dag,met lichtgewonden,9,personenauto,3,Fiets,Buiten Kruispunt,Gewestweg,binnen bebouwde kom,Tss. 2 best.: langs opzij (voor-/achterkant-flank),Geen hindernis
26312,140,Hasselt ring,Hasselt,50.9300038,5.3438616,0.3540932699710075,50.927039452872954,5.345707273712453,2021,7,15,71022,Hasselt,Regenval,"Nat, plassen",Dag,met lichtgewonden,3,Fiets,9,personenauto,Buiten Kruispunt,Gemeenteweg,binnen bebouwde kom,Tss. 2 best.: langs opzij (voor-/achterkant-flank),Geen hindernis
26312,138,Hasselt-Kempische brug,Hasselt,50.9405318,5.3422472,1.5197480990389656,50.927039452872954,5.345707273712453,2021,7,15,71022,Hasselt,Regenval,"Nat, plassen",Dag,met lichtgewonden,3,Fiets,9,personenauto,Buiten Kruispunt,Gemeenteweg,binnen bebouwde kom,Tss. 2 best.: langs opzij (voor-/achterkant-flank),Geen hindernis
26312,137,Hasselt-Kempische brug,Hasselt,50.9411605,5.3417576,1.5943963827863905,50.927039452872954,5.345707273712453,2021,7,15,71022,Hasselt,Regenval,"Nat, plassen",Dag,met lichtgewonden,3,Fiets,9,personenauto,Buiten Kruispunt,Gemeenteweg,binnen bebouwde kom,Tss. 2 best.: langs opzij (voor-/achterkant-flank),Geen hindernis
26313,140,Hasselt ring,Hasselt,50.9300038,5.3438616,0.8588712306035308,50.93007256152795,5.331606975209127,2021,7,11,71022,Hasselt,Normaal,Droog,Dag,met lichtgewonden,3,Fiets,8,Voetganger,Buiten Kruispunt,Gemeenteweg,binnen bebouwde kom,Met een voetganger,Geen hindernis
26313,138,Hasselt-Kempische brug,Hasselt,50.9405318,5.3422472,1.3814985863949356,50.93007256152795,5.331606975209127,2021,7,11,71022,Hasselt,Normaal,Droog,Dag,met lichtgewonden,3,Fiets,8,Voetganger,Buiten Kruispunt,Gemeenteweg,binnen bebouwde kom,Met een voetganger,Geen hindernis
26313,137,Hasselt-Kempische brug,Hasselt,50.9411605,5.3417576,1.4233912190308184,50.93007256152795,5.331606975209127,2021,7,11,71022,Hasselt,Normaal,Droog,Dag,met lichtgewonden,3,Fiets,8,Voetganger,Buiten Kruispunt,Gemeenteweg,binnen bebouwde kom,Met een voetganger,Geen hindernis
26314,150,Bertem,District Leuven,50.8687535,4.56136297,2.34451861738321,50.84808429053725,4.567961822463977,2021,7,22,24009,Bertem,Normaal,Droog,"Nacht, openbare verlichting aanwezig en ontstoken",met lichtgewonden,3,Fiets,8,Voetganger,Buiten Kruispunt,Gewestweg,buiten bebouwde kom,Met een voetganger,Geen vermelding van de aanwezigheid van een hindernis
26318,12,Tervuren,Kraainem,50.81896,4.47803,1.8705031412132325,50.818822734552455,4.504655479078084,2021,7,16,24104,Tervuren,Normaal,Droog,Dag,met lichtgewonden,3,Fiets,9,personenauto,Buiten Kruispunt,Gemeenteweg,binnen bebouwde kom,Tss. 2 best.: langs opzij (voor-/achterkant-flank),Geen hindernis
26319,76,Heverlee teller 2,Leuven,50.84606,4.69597,1.169392912427402,50.839371775633495,4.70882265040102,2021,7,17,24086,Oud-Heverlee,Normaal,"Nat, plassen",Dag,met lichtgewonden,3,Fiets,10,"één bestuurder, geen hindernis",Buiten Kruispunt,Gemeenteweg,binnen bebouwde kom,"Eén bestuurder, geen hindernis (incl. val)",Geen hindernis
26319,108,Heverlee teller 1,Leuven,50.8471728,4.6954674,1.2774017794395918,50.839371775633495,4.70882265040102,2021,7,17,24086,Oud-Heverlee,Normaal,"Nat, plassen",Dag,met lichtgewonden,3,Fiets,10,"één bestuurder, geen hindernis",Buiten Kruispunt,Gemeenteweg,binnen bebouwde kom,"Eén bestuurder, geen hindernis (incl. val)",Geen hindernis
26321,14,Genk,Genk,50.97172,5.48927,1.2721050822574163,50.96063944445209,5.484750285119642,2021,7,19,71016,Genk,Normaal,Droog,Dag,met lichtgewonden,9,personenauto,3,Fiets,Buiten Kruispunt,Gewestweg,binnen bebouwde kom,Tss. 2 best.: langs opzij (voor-/achterkant-flank),Geen hindernis
26322,14,Genk,Genk,50.97172,5.48927,0.953924781587738,50.97984428277607,5.493646233145596,2021,7,23,71016,Genk,Normaal,"Nat, plassen","Nacht, openbare verlichting aanwezig en ontstoken",met lichtgewonden,9,personenauto,3,Fiets,Op Kruispunt,Gewestweg,buiten bebouwde kom,Tss. 2 best.: langs opzij (voor-/achterkant-flank),Geen hindernis
26323,14,Genk,Genk,50.97172,5.48927,1.2187112694897833,50.96648934644618,5.504564340735741,2021,7,20,71016,Genk,Normaal,Droog,Dag,met lichtgewonden,9,personenauto,3,Fiets,Op Kruispunt,Gewestweg,binnen bebouwde kom,Tss. 2 best.: langs opzij (voor-/achterkant-flank),Geen hindernis
26324,25,Bree,Bree,51.13679500160176,5.597669323604317,1.4574608733692034,51.146710047194816,5.611333356287811,2021,7,17,72004,Bree,Normaal,Droog,Dag,met lichtgewonden,3,Fiets,10,"één bestuurder, geen hindernis",Buiten Kruispunt,Gemeenteweg,buiten bebouwde kom,"Eén bestuurder, geen hindernis (incl. val)",Geen hindernis
26325,25,Bree,Bree,51.13679500160176,5.597669323604317,1.7100059680819626,51.152153729289736,5.596428158791425,2021,7,14,72004,Bree,Normaal,Droog,Dag,met lichtgewonden,3,Fiets,10,"één bestuurder, geen hindernis",Op Kruispunt,Gemeenteweg,buiten bebouwde kom,"Eén bestuurder, geen hindernis (incl. val)",Geen hindernis
26326,14,Genk,Genk,50.97172,5.48927,1.2891450917119713,50.96081778691368,5.483008026279642,2021,7,14,71016,Genk,Regenval,"Nat, plassen",Dag,met lichtgewonden,9,personenauto,3,Fiets,Buiten Kruispunt,Gemeenteweg,binnen bebouwde kom,Tussen 2 bestuurders: Langs achteren,Geen hindernis
26329,25,Bree,Bree,51.13679500160176,5.597669323604317,2.1061314899499464,51.15545932751925,5.6028100666400205,2021,7,11,72004,Bree,Normaal,Droog,Dag,met lichtgewonden,3,Fiets,10,"één bestuurder, geen hindernis",Op Kruispunt,Gemeenteweg,binnen bebouwde kom,"Eén bestuurder, geen hindernis (incl. val)",Geen hindernis
26332,25,Bree,Bree,51.13679500160176,5.597669323604317,1.789546199640501,51.12984231246038,5.574539082978874,2021,7,16,72004,Bree,Normaal,Droog,Dag,met lichtgewonden,3,Fiets,10,"één bestuurder, geen hindernis",Buiten Kruispunt,Gewestweg,buiten bebouwde kom,"Eén bestuurder, geen hindernis (incl. val)",Geen hindernis
26335,22,Tienen 2,Tienen,50.81330800184882,4.935984252796022,1.0539962443116964,50.8071312602185,4.947362764915424,2021,7,13,24107,Tienen,Regenval,"Nat, plassen",Dag,met lichtgewonden,9,personenauto,3,Fiets,Op Kruispunt,Gewestweg,binnen bebouwde kom,Tss. 2 best.: langs opzij (voor-/achterkant-flank),Geen hindernis
26335,24,Tienen 1,Tienen,50.8133795491886,4.935044252605416,1.109895949316129,50.8071312602185,4.947362764915424,2021,7,13,24107,Tienen,Regenval,"Nat, plassen",Dag,met lichtgewonden,9,personenauto,3,Fiets,Op Kruispunt,Gewestweg,binnen bebouwde kom,Tss. 2 best.: langs opzij (voor-/achterkant-flank),Geen hindernis
26335,23,Tienen 3,Tienen,50.81324,4.93447,1.1322653632772912,50.8071312602185,4.947362764915424,2021,7,13,24107,Tienen,Regenval,"Nat, plassen",Dag,met lichtgewonden,9,personenauto,3,Fiets,Op Kruispunt,Gewestweg,binnen bebouwde kom,Tss. 2 best.: langs opzij (voor-/achterkant-flank),Geen hindernis
26336,22,Tienen 2,Tienen,50.81330800184882,4.935984252796022,1.4916410089840166,50.80014024824442,4.940038214866037,2021,7,10,24107,Tienen,Normaal,Droog,Dag,met zwaargewonden,9,personenauto,3,Fiets,Buiten Kruispunt,Gemeenteweg,binnen bebouwde kom,Tussen 2 bestuurders: Frontale botsing,Geen hindernis
26336,23,Tienen 3,Tienen,50.81324,4.93447,1.508260895368355,50.80014024824442,4.940038214866037,2021,7,10,24107,Tienen,Normaal,Droog,Dag,met zwaargewonden,9,personenauto,3,Fiets,Buiten Kruispunt,Gemeenteweg,binnen bebouwde kom,Tussen 2 bestuurders: Frontale botsing,Geen hindernis
26336,24,Tienen 1,Tienen,50.8133795491886,4.935044252605416,1.5133896230626565,50.80014024824442,4.940038214866037,2021,7,10,24107,Tienen,Normaal,Droog,Dag,met zwaargewonden,9,personenauto,3,Fiets,Buiten Kruispunt,Gemeenteweg,binnen bebouwde kom,Tussen 2 bestuurders: Frontale botsing,Geen hindernis
26384,2,Brasschaat 2,Brasschaat,51.27512,4.47169,2.229823851922101,51.25623063548288,4.460930260047648,2021,8,14,11002,Antwerpen,Regenval,"Nat, plassen",Dag,met lichtgewonden,9,personenauto,3,Fiets,Buiten Kruispunt,Gewestweg,binnen bebouwde kom,Tss. 2 best.: langs opzij (voor-/achterkant-flank),Geen hindernis
26384,3,Brasschaat 1,Brasschaat,51.27503,4.47222,2.233102462465386,51.25623063548288,4.460930260047648,2021,8,14,11002,Antwerpen,Regenval,"Nat, plassen",Dag,met lichtgewonden,9,personenauto,3,Fiets,Buiten Kruispunt,Gewestweg,binnen bebouwde kom,Tss. 2 best.: langs opzij (voor-/achterkant-flank),Geen hindernis
26419,2,Brasschaat 2,Brasschaat,51.27512,4.47169,0.9654520805374778,51.2680015628279,4.463743902084838,2021,8,16,11040,Schoten,Onbekend,Onbekend,Dag,met lichtgewonden,3,Fiets,2,Andere weggebruiker,Buiten Kruispunt,Gewestweg,buiten bebouwde kom,Tss. 2 best.: langs opzij (voor-/achterkant-flank),Geen hindernis
26419,3,Brasschaat 1,Brasschaat,51.27503,4.47222,0.9790190144291044,51.2680015628279,4.463743902084838,2021,8,16,11040,Schoten,Onbekend,Onbekend,Dag,met lichtgewonden,3,Fiets,2,Andere weggebruiker,Buiten Kruispunt,Gewestweg,buiten bebouwde kom,Tss. 2 best.: langs opzij (voor-/achterkant-flank),Geen hindernis
26420,3,Brasschaat 1,Brasschaat,51.27503,4.47222,2.147203344193097,51.290083805834634,4.491555832946388,2021,8,16,11008,Brasschaat,Normaal,Droog,Dag,met lichtgewonden,3,Fiets,9,personenauto,Op Kruispunt,Gewestweg,binnen bebouwde kom,Tss. 2 best.: langs opzij (voor-/achterkant-flank),Geen hindernis
26420,2,Brasschaat 2,Brasschaat,51.27512,4.47169,2.16277087650111,51.290083805834634,4.491555832946388,2021,8,16,11008,Brasschaat,Normaal,Droog,Dag,met lichtgewonden,3,Fiets,9,personenauto,Op Kruispunt,Gewestweg,binnen bebouwde kom,Tss. 2 best.: langs opzij (voor-/achterkant-flank),Geen hindernis
26421,2,Brasschaat 2,Brasschaat,51.27512,4.47169,1.6198548701976303,51.26116555457598,4.46500558490024,2021,8,11,11040,Schoten,Normaal,Droog,Dag,met lichtgewonden,9,personenauto,3,Fiets,Buiten Kruispunt,Gewestweg,buiten bebouwde kom,Tussen 2 bestuurders: Frontale botsing,Geen hindernis
26421,3,Brasschaat 1,Brasschaat,51.27503,4.47222,1.6213047320239904,51.26116555457598,4.46500558490024,2021,8,11,11040,Schoten,Normaal,Droog,Dag,met lichtgewonden,9,personenauto,3,Fiets,Buiten Kruispunt,Gewestweg,buiten bebouwde kom,Tussen 2 bestuurders: Frontale botsing,Geen hindernis
26434,103,Malle teller 1,Malle,51.31681,4.73872,2.240289356005534,51.311818578012826,4.7699485239418165,2021,8,18,11057,Malle,Normaal,Droog,Dag,met lichtgewonden,2,Andere weggebruiker,3,Fiets,Buiten Kruispunt,Gemeenteweg,buiten bebouwde kom,Tussen 2 bestuurders: Langs achteren,Geen hindernis
26434,104,Malle teller 2,Malle,51.31682,4.73852,2.2540329305758307,51.311818578012826,4.7699485239418165,2021,8,18,11057,Malle,Normaal,Droog,Dag,met lichtgewonden,2,Andere weggebruiker,3,Fiets,Buiten Kruispunt,Gemeenteweg,buiten bebouwde kom,Tussen 2 bestuurders: Langs achteren,Geen hindernis
26436,8,Heist op den Berg 1,Heist-op-den-Berg,51.06759,4.68823,1.8124708016460993,51.06187277108009,4.663940752415418,2021,8,16,12029,Putte,Normaal,Droog,Dag,met zwaargewonden,5,Lichte vrachtauto,3,Fiets,Buiten Kruispunt,Gemeenteweg,binnen bebouwde kom,Tussen 2 bestuurders: Flank tegen flank,Geen hindernis
26436,9,Heist op den Berg 2,Heist-op-den-Berg,51.06904,4.69524,2.327818865281954,51.06187277108009,4.663940752415418,2021,8,16,12029,Putte,Normaal,Droog,Dag,met zwaargewonden,5,Lichte vrachtauto,3,Fiets,Buiten Kruispunt,Gemeenteweg,binnen bebouwde kom,Tussen 2 bestuurders: Flank tegen flank,Geen hindernis
26438,93,Nijlen teller 2,Nijlen,51.14998,4.64469,1.595757115902308,51.14817544673646,4.621994054647625,2021,8,23,12026,Nijlen,Normaal,Droog,"Nacht, openbare verlichting aanwezig en ontstoken",met lichtgewonden,3,Fiets,3,Fiets,Buiten Kruispunt,Gemeenteweg,binnen bebouwde kom,Tussen 2 bestuurders: Frontale botsing,Geen hindernis
26438,92,Nijlen teller 1,Nijlen,51.14989,4.64479,1.6014565685352253,51.14817544673646,4.621994054647625,2021,8,23,12026,Nijlen,Normaal,Droog,"Nacht, openbare verlichting aanwezig en ontstoken",met lichtgewonden,3,Fiets,3,Fiets,Buiten Kruispunt,Gemeenteweg,binnen bebouwde kom,Tussen 2 bestuurders: Frontale botsing,Geen hindernis
26440,93,Nijlen teller 2,Nijlen,51.14998,4.64469,1.6937580935968026,51.141602029478534,4.624411738878149,2021,8,17,12026,Nijlen,Normaal,Droog,Dag,met lichtgewonden,9,personenauto,3,Fiets,Op Kruispunt,Gemeenteweg,binnen bebouwde kom,Tss. 2 best.: langs opzij (voor-/achterkant-flank),Geen hindernis
26440,92,Nijlen teller 1,Nijlen,51.14989,4.64479,1.6941246861460213,51.141602029478534,4.624411738878149,2021,8,17,12026,Nijlen,Normaal,Droog,Dag,met lichtgewonden,9,personenauto,3,Fiets,Op Kruispunt,Gemeenteweg,binnen bebouwde kom,Tss. 2 best.: langs opzij (voor-/achterkant-flank),Geen hindernis
26444,93,Nijlen teller 2,Nijlen,51.14998,4.64469,1.83975898277395,51.15690023099933,4.6207299839007865,2021,8,18,12026,Nijlen,Normaal,"Nat, plassen",Dag,met lichtgewonden,9,personenauto,3,Fiets,Op Kruispunt,Gemeenteweg,binnen bebouwde kom,Tss. 2 best.: langs opzij (voor-/achterkant-flank),Geen hindernis
26444,92,Nijlen teller 1,Nijlen,51.14989,4.64479,1.850291688062381,51.15690023099933,4.6207299839007865,2021,8,18,12026,Nijlen,Normaal,"Nat, plassen",Dag,met lichtgewonden,9,personenauto,3,Fiets,Op Kruispunt,Gemeenteweg,binnen bebouwde kom,Tss. 2 best.: langs opzij (voor-/achterkant-flank),Geen hindernis
26445,9,Heist op den Berg 2,Heist-op-den-Berg,51.06904,4.69524,0.943015559622907,51.07500694412851,4.704831082461236,2021,8,10,12014,Heist-op-den-Berg,Normaal,Droog,Dag,met lichtgewonden,5,Lichte vrachtauto,3,Fiets,Op Kruispunt,Gemeenteweg,binnen bebouwde kom,Tussen 2 bestuurders: Langs achteren,Geen hindernis
26445,8,Heist op den Berg 1,Heist-op-den-Berg,51.06759,4.68823,1.4232249247970665,51.07500694412851,4.704831082461236,2021,8,10,12014,Heist-op-den-Berg,Normaal,Droog,Dag,met lichtgewonden,5,Lichte vrachtauto,3,Fiets,Op Kruispunt,Gemeenteweg,binnen bebouwde kom,Tussen 2 bestuurders: Langs achteren,Geen hindernis
26446,9,Heist op den Berg 2,Heist-op-den-Berg,51.06904,4.69524,1.573604934818177,51.061360867754146,4.714155405969135,2021,8,17,12014,Heist-op-den-Berg,Normaal,Droog,Dag,met lichtgewonden,3,Fiets,9,personenauto,Op Kruispunt,Gemeenteweg,binnen bebouwde kom,Tss. 2 best.: langs opzij (voor-/achterkant-flank),Geen hindernis
26446,8,Heist op den Berg 1,Heist-op-den-Berg,51.06759,4.68823,1.9395604569104132,51.061360867754146,4.714155405969135,2021,8,17,12014,Heist-op-den-Berg,Normaal,Droog,Dag,met lichtgewonden,3,Fiets,9,personenauto,Op Kruispunt,Gemeenteweg,binnen bebouwde kom,Tss. 2 best.: langs opzij (voor-/achterkant-flank),Geen hindernis
26448,9,Heist op den Berg 2,Heist-op-den-Berg,51.06904,4.69524,1.5006227029332706,51.06255637639896,4.7140741917740385,2021,8,10,12014,Heist-op-den-Berg,Normaal,Droog,Dag,met zwaargewonden,4,Vrachtwagen,3,Fiets,Op Kruispunt,Gemeenteweg,binnen bebouwde kom,Tss. 2 best.: langs opzij (voor-/achterkant-flank),Geen hindernis
26448,8,Heist op den Berg 1,Heist-op-den-Berg,51.06759,4.68823,1.8907134724539925,51.06255637639896,4.7140741917740385,2021,8,10,12014,Heist-op-den-Berg,Normaal,Droog,Dag,met zwaargewonden,4,Vrachtwagen,3,Fiets,Op Kruispunt,Gemeenteweg,binnen bebouwde kom,Tss. 2 best.: langs opzij (voor-/achterkant-flank),Geen hindernis
26458,98,Geel teller 2,Geel,51.1481,4.99643,1.7241396438196264,51.162925586534584,4.989189335711386,2021,8,14,13008,Geel,Normaal,Droog,Dag,met lichtgewonden,5,Lichte vrachtauto,3,Fiets,Op Kruispunt,Gemeenteweg,binnen bebouwde kom,Tss. 2 best.: langs opzij (voor-/achterkant-flank),Geen hindernis
26458,97,Geel teller 1,Geel,51.14813,4.99698,1.7325939568993873,51.162925586534584,4.989189335711386,2021,8,14,13008,Geel,Normaal,Droog,Dag,met lichtgewonden,5,Lichte vrachtauto,3,Fiets,Op Kruispunt,Gemeenteweg,binnen bebouwde kom,Tss. 2 best.: langs opzij (voor-/achterkant-flank),Geen hindernis
26459,112,Geel teller 2,Westerlo,51.1354992,4.9394789,1.4193103943537093,51.145063244657315,4.95295160138209,2021,8,17,13008,Geel,Normaal,Droog,Dag,met lichtgewonden,9,personenauto,3,Fiets,Buiten Kruispunt,Gewestweg,buiten bebouwde kom,Tss. 2 best.: langs opzij (voor-/achterkant-flank),Geen hindernis
26459,127,Geel totem,Westerlo,51.1342966,4.9400421,1.498147965782501,51.145063244657315,4.95295160138209,2021,8,17,13008,Geel,Normaal,Droog,Dag,met lichtgewonden,9,personenauto,3,Fiets,Buiten Kruispunt,Gewestweg,buiten bebouwde kom,Tss. 2 best.: langs opzij (voor-/achterkant-flank),Geen hindernis