crash_row_id,site_id,site_name,site_gemeente,site_lat,site_long,distance_km,crash_lat,crash_long,DT_YEAR_COLLISION,DT_MONTH_COLLISION,DT_TIME,CD_NIS,TX_MUNTY_COLLISION_NL,TX_WEATHER_NL,TX_ROAD_CONDITION_NL,TX_LIGHT_CONDITION_NL,TX_CLASS_ACCIDENTS_NL,CD_ROAD_USR_TYPE1,TX_ROAD_USR_TYPE1_NL,CD_ROAD_USR_TYPE2,TX_ROAD_USR_TYPE2_NL,TX_CROSSWAY_NL,CD_ROAD_TYPE_NL,TX_BUILD_UP_AREA_NL,TX_COLLISION_TYPE_NL,TX_OBSTACLES_NL
26462,127,Geel totem,Westerlo,51.1342966,4.9400421,2.3503156577046385,51.11502824486972,4.953886303108805,2021,8,14,13008,Geel,Normaal,Droog,Dag,met lichtgewonden,3,Fiets,11,een weggebruiker tegen een hindernis,Op Kruispunt,Gemeenteweg,buiten bebouwde kom,Weggebruiker tegen hindernis op de rijbaan,"Op de rijbaan: Put, straatgoot, tramspoor"
26462,112,Geel teller 2,Westerlo,51.1354992,4.9394789,2.4884433132009027,51.11502824486972,4.953886303108805,2021,8,14,13008,Geel,Normaal,Droog,Dag,met lichtgewonden,3,Fiets,11,een weggebruiker tegen een hindernis,Op Kruispunt,Gemeenteweg,buiten bebouwde kom,Weggebruiker tegen hindernis op de rijbaan,"Op de rijbaan: Put, straatgoot, tramspoor"
26464,134,Retie,Dessel,51.2548405,5.1037658,1.2005878862018562,51.26179035444293,5.0905620480497635,2021,8,17,13036,Retie,Normaal,Droog,Dag,met lichtgewonden,3,Fiets,9,personenauto,Op Kruispunt,Gewestweg,binnen bebouwde kom,Tss. 2 best.: langs opzij (voor-/achterkant-flank),Geen hindernis
26464,135,Retie 2,Dessel,51.2544998,5.1040064,1.237922699481502,51.26179035444293,5.0905620480497635,2021,8,17,13036,Retie,Normaal,Droog,Dag,met lichtgewonden,3,Fiets,9,personenauto,Op Kruispunt,Gewestweg,binnen bebouwde kom,Tss. 2 best.: langs opzij (voor-/achterkant-flank),Geen hindernis
26466,5,Balen 2,Balen,51.16018,5.19003,1.7167147658178217,51.16614862220811,5.167325039574239,2021,8,16,13003,Balen,Normaal,Droog,Dag,met zwaargewonden,9,personenauto,3,Fiets,Buiten Kruispunt,Gemeenteweg,binnen bebouwde kom,Tss. 2 best.: langs opzij (voor-/achterkant-flank),Geen hindernis
26466,4,Balen 1,Balen,51.16023,5.19011,1.7197247343687374,51.16614862220811,5.167325039574239,2021,8,16,13003,Balen,Normaal,Droog,Dag,met zwaargewonden,9,personenauto,3,Fiets,Buiten Kruispunt,Gemeenteweg,binnen bebouwde kom,Tss. 2 best.: langs opzij (voor-/achterkant-flank),Geen hindernis
26473,94,Herentals teller 2,Herentals,51.17345,4.81283,2.1974131102495837,51.18823606378079,4.833745403765112,2021,8,14,13011,Herentals,Normaal,Droog,Dag,met lichtgewonden,9,personenauto,3,Fiets,Op Kruispunt,Gemeenteweg,buiten bebouwde kom,Tussen 2 bestuurders: Flank tegen flank,Geen hindernis
26473,110,Herentals totem,Herentals,51.1739426,4.811783,2.2067184331654763,51.18823606378079,4.833745403765112,2021,8,14,13011,Herentals,Normaal,Droog,Dag,met lichtgewonden,9,personenauto,3,Fiets,Op Kruispunt,Gemeenteweg,buiten bebouwde kom,Tussen 2 bestuurders: Flank tegen flank,Geen hindernis
26477,94,Herentals teller 2,Herentals,51.17345,4.81283,0.9343520127707503,51.17588771968609,4.8256563513891395,2021,8,17,13011,Herentals,Onbekend,Onbekend,Onbekend,met lichtgewonden,3,Fiets,5,Lichte vrachtauto,Buiten Kruispunt,Gewestweg,onbekend,Tss. 2 best.: langs opzij (voor-/achterkant-flank),Geen hindernis
26477,110,Herentals totem,Herentals,51.1739426,4.811783,0.9910437492132754,51.17588771968609,4.8256563513891395,2021,8,17,13011,Herentals,Onbekend,Onbekend,Onbekend,met lichtgewonden,3,Fiets,5,Lichte vrachtauto,Buiten Kruispunt,Gewestweg,onbekend,Tss. 2 best.: langs opzij (voor-/achterkant-flank),Geen hindernis
26478,38,Lommel teller 2,Lommel,51.23277,5.29189,1.555200357446323,51.21880069534028,5.290790878604139,2021,8,13,72020,Lommel,Normaal,Droog,Dag,met lichtgewonden,3,Fiets,9,personenauto,Op Kruispunt,Gemeenteweg,buiten bebouwde kom,Tss. 2 best.: langs opzij (voor-/achterkant-flank),Geen hindernis
26478,37,Lommel teller 1,Lommel,51.23299,5.29211,1.5804504259778416,51.21880069534028,5.290790878604139,2021,8,13,72020,Lommel,Normaal,Droog,Dag,met lichtgewonden,3,Fiets,9,personenauto,Op Kruispunt,Gemeenteweg,buiten bebouwde kom,Tss. 2 best.: langs opzij (voor-/achterkant-flank),Geen hindernis
26498,21,Bilzen,Bilzen,50.86015,5.50161,1.3832658034962353,50.857367337889634,5.482401928077193,2021,8,15,73032,Hoeselt,Normaal,Droog,Dag,met lichtgewonden,9,personenauto,3,Fiets,Op Kruispunt,Gemeenteweg,buiten bebouwde kom,Tussen 2 bestuurders: Flank tegen flank,Geen hindernis
26502,151,Leuven,District Leuven,50.8690262,4.6854839,0.8107817315829772,50.87630453422317,4.686178878440356,2021,8,15,24062,Leuven,Normaal,Droog,Dag,met lichtgewonden,3,Fiets,10,"één bestuurder, geen hindernis",Buiten Kruispunt,Gemeenteweg,binnen bebouwde kom,"Eén bestuurder, geen hindernis (incl. val)",Geen hindernis
26502,77,Leuven teller 2,Leuven,50.88672,4.70796,1.9173700085228336,50.87630453422317,4.686178878440356,2021,8,15,24062,Leuven,Normaal,Droog,Dag,met lichtgewonden,3,Fiets,10,"één bestuurder, geen hindernis",Buiten Kruispunt,Gemeenteweg,binnen bebouwde kom,"Eén bestuurder, geen hindernis (incl. val)",Geen hindernis
26502,107,leuven totem,Leuven,50.8870744,4.7087919,1.987684971389984,50.87630453422317,4.686178878440356,2021,8,15,24062,Leuven,Normaal,Droog,Dag,met lichtgewonden,3,Fiets,10,"één bestuurder, geen hindernis",Buiten Kruispunt,Gemeenteweg,binnen bebouwde kom,"Eén bestuurder, geen hindernis (incl. val)",Geen hindernis
26502,69,Leuven teller 1,Leuven,50.87549,4.71526,2.0424640927840354,50.87630453422317,4.686178878440356,2021,8,15,24062,Leuven,Normaal,Droog,Dag,met lichtgewonden,3,Fiets,10,"één bestuurder, geen hindernis",Buiten Kruispunt,Gemeenteweg,binnen bebouwde kom,"Eén bestuurder, geen hindernis (incl. val)",Geen hindernis
26503,69,Leuven teller 1,Leuven,50.87549,4.71526,0.4077635584483785,50.874556886353425,4.7096398374153985,2021,8,1,24062,Leuven,Normaal,Droog,"Nacht, openbare verlichting aanwezig en ontstoken",met lichtgewonden,3,Fiets,10,"één bestuurder, geen hindernis",Buiten Kruispunt,Gemeenteweg,binnen bebouwde kom,"Eén bestuurder, geen hindernis (incl. val)",Geen hindernis
26503,77,Leuven teller 2,Leuven,50.88672,4.70796,1.357601555109968,50.874556886353425,4.7096398374153985,2021,8,1,24062,Leuven,Normaal,Droog,"Nacht, openbare verlichting aanwezig en ontstoken",met lichtgewonden,3,Fiets,10,"één bestuurder, geen hindernis",Buiten Kruispunt,Gemeenteweg,binnen bebouwde kom,"Eén bestuurder, geen hindernis (incl. val)",Geen hindernis
26503,107,leuven totem,Leuven,50.8870744,4.7087919,1.3931546922645575,50.874556886353425,4.7096398374153985,2021,8,1,24062,Leuven,Normaal,Droog,"Nacht, openbare verlichting aanwezig en ontstoken",met lichtgewonden,3,Fiets,10,"één bestuurder, geen hindernis",Buiten Kruispunt,Gemeenteweg,binnen bebouwde kom,"Eén bestuurder, geen hindernis (incl. val)",Geen hindernis
26503,151,Leuven,District Leuven,50.8690262,4.6854839,1.8031473899089485,50.874556886353425,4.7096398374153985,2021,8,1,24062,Leuven,Normaal,Droog,"Nacht, openbare verlichting aanwezig en ontstoken",met lichtgewonden,3,Fiets,10,"één bestuurder, geen hindernis",Buiten Kruispunt,Gemeenteweg,binnen bebouwde kom,"Eén bestuurder, geen hindernis (incl. val)",Geen hindernis
26504,107,leuven totem,Leuven,50.8870744,4.7087919,1.8173267272902893,50.90267296615856,4.701057622308965,2021,8,19,24062,Leuven,Normaal,Droog,Dag,met lichtgewonden,9,personenauto,3,Fiets,Op Kruispunt,Gemeenteweg,binnen bebouwde kom,Tss. 2 best.: langs opzij (voor-/achterkant-flank),Geen hindernis
26504,77,Leuven teller 2,Leuven,50.88672,4.70796,1.8387602389974727,50.90267296615856,4.701057622308965,2021,8,19,24062,Leuven,Normaal,Droog,Dag,met lichtgewonden,9,personenauto,3,Fiets,Op Kruispunt,Gemeenteweg,binnen bebouwde kom,Tss. 2 best.: langs opzij (voor-/achterkant-flank),Geen hindernis
26506,69,Leuven teller 1,Leuven,50.87549,4.71526,0.6701844586430746,50.88148765200323,4.714316677946292,2021,8,16,24062,Leuven,Normaal,Droog,Dag,met lichtgewonden,3,Fiets,10,"één bestuurder, geen hindernis",Op Kruispunt,Gewestweg,binnen bebouwde kom,"Eén bestuurder, geen hindernis (incl. val)",Geen hindernis
26506,107,leuven totem,Leuven,50.8870744,4.7087919,0.7322048909098436,50.88148765200323,4.714316677946292,2021,8,16,24062,Leuven,Normaal,Droog,Dag,met lichtgewonden,3,Fiets,10,"één bestuurder, geen hindernis",Op Kruispunt,Gewestweg,binnen bebouwde kom,"Eén bestuurder, geen hindernis (incl. val)",Geen hindernis
26506,77,Leuven teller 2,Leuven,50.88672,4.70796,0.7330482412597509,50.88148765200323,4.714316677946292,2021,8,16,24062,Leuven,Normaal,Droog,Dag,met lichtgewonden,3,Fiets,10,"één bestuurder, geen hindernis",Op Kruispunt,Gewestweg,binnen bebouwde kom,"Eén bestuurder, geen hindernis (incl. val)",Geen hindernis
26506,151,Leuven,District Leuven,50.8690262,4.6854839,2.4520990311340545,50.88148765200323,4.714316677946292,2021,8,16,24062,Leuven,Normaal,Droog,Dag,met lichtgewonden,3,Fiets,10,"één bestuurder, geen hindernis",Op Kruispunt,Gewestweg,binnen bebouwde kom,"Eén bestuurder, geen hindernis (incl. val)",Geen hindernis
26507,151,Leuven,District Leuven,50.8690262,4.6854839,1.0438795807204906,50.87200450783389,4.699591368035221,2021,8,1,24062,Leuven,Normaal,Droog,"Nacht, openbare verlichting aanwezig en ontstoken",met lichtgewonden,3,Fiets,9,personenauto,Buiten Kruispunt,Gemeenteweg,binnen bebouwde kom,Tss. 2 best.: langs opzij (voor-/achterkant-flank),Geen hindernis
26507,69,Leuven teller 1,Leuven,50.87549,4.71526,1.1657412525321185,50.87200450783389,4.699591368035221,2021,8,1,24062,Leuven,Normaal,Droog,"Nacht, openbare verlichting aanwezig en ontstoken",met lichtgewonden,3,Fiets,9,personenauto,Buiten Kruispunt,Gemeenteweg,binnen bebouwde kom,Tss. 2 best.: langs opzij (voor-/achterkant-flank),Geen hindernis
26507,77,Leuven teller 2,Leuven,50.88672,4.70796,1.7384378761297388,50.87200450783389,4.699591368035221,2021,8,1,24062,Leuven,Normaal,Droog,"Nacht, openbare verlichting aanwezig en ontstoken",met lichtgewonden,3,Fiets,9,personenauto,Buiten Kruispunt,Gemeenteweg,binnen bebouwde kom,Tss. 2 best.: langs opzij (voor-/achterkant-flank),Geen hindernis
26507,107,leuven totem,Leuven,50.8870744,4.7087919,1.7957235714114639,50.87200450783389,4.699591368035221,2021,8,1,24062,Leuven,Normaal,Droog,"Nacht, openbare verlichting aanwezig en ontstoken",met lichtgewonden,3,Fiets,9,personenauto,Buiten Kruispunt,Gemeenteweg,binnen bebouwde kom,Tss. 2 best.: langs opzij (voor-/achterkant-flank),Geen hindernis
26508,69,Leuven teller 1,Leuven,50.87549,4.71526,1.0530914897615,50.87733937006506,4.7005398277300845,2021,8,1,24062,Leuven,Normaal,Droog,"Nacht, openbare verlichting aanwezig en ontstoken",met lichtgewonden,3,Fiets,10,"één bestuurder, geen hindernis",Buiten Kruispunt,Gemeenteweg,binnen bebouwde kom,"Eén bestuurder, geen hindernis (incl. val)",Geen hindernis
26508,77,Leuven teller 2,Leuven,50.88672,4.70796,1.165760585717571,50.87733937006506,4.7005398277300845,2021,8,1,24062,Leuven,Normaal,Droog,"Nacht, openbare verlichting aanwezig en ontstoken",met lichtgewonden,3,Fiets,10,"één bestuurder, geen hindernis",Buiten Kruispunt,Gemeenteweg,binnen bebouwde kom,"Eén bestuurder, geen hindernis (incl. val)",Geen hindernis
26508,107,leuven totem,Leuven,50.8870744,4.7087919,1.2275693519654098,50.87733937006506,4.7005398277300845,2021,8,1,24062,Leuven,Normaal,Droog,"Nacht, openbare verlichting aanwezig en ontstoken",met lichtgewonden,3,Fiets,10,"één bestuurder, geen hindernis",Buiten Kruispunt,Gemeenteweg,binnen bebouwde kom,"Eén bestuurder, geen hindernis (incl. val)",Geen hindernis
26508,151,Leuven,District Leuven,50.8690262,4.6854839,1.4037691657814706,50.87733937006506,4.7005398277300845,2021,8,1,24062,Leuven,Normaal,Droog,"Nacht, openbare verlichting aanwezig en ontstoken",met lichtgewonden,3,Fiets,10,"één bestuurder, geen hindernis",Buiten Kruispunt,Gemeenteweg,binnen bebouwde kom,"Eén bestuurder, geen hindernis (incl. val)",Geen hindernis
26509,77,Leuven teller 2,Leuven,50.88672,4.70796,0.24809516870144685,50.888620423393796,4.706106947222132,2021,8,15,24062,Leuven,Normaal,"Nat, plassen",Dag,met lichtgewonden,3,Fiets,10,"één bestuurder, geen hindernis",Buiten Kruispunt,Gemeenteweg,binnen bebouwde kom,"Eén bestuurder, geen hindernis (incl. val)",Geen hindernis
26509,107,leuven totem,Leuven,50.8870744,4.7087919,0.2549995154333812,50.888620423393796,4.706106947222132,2021,8,15,24062,Leuven,Normaal,"Nat, plassen",Dag,met lichtgewonden,3,Fiets,10,"één bestuurder, geen hindernis",Buiten Kruispunt,Gemeenteweg,binnen bebouwde kom,"Eén bestuurder, geen hindernis (incl. val)",Geen hindernis
26509,69,Leuven teller 1,Leuven,50.87549,4.71526,1.5950047641043452,50.888620423393796,4.706106947222132,2021,8,15,24062,Leuven,Normaal,"Nat, plassen",Dag,met lichtgewonden,3,Fiets,10,"één bestuurder, geen hindernis",Buiten Kruispunt,Gemeenteweg,binnen bebouwde kom,"Eén bestuurder, geen hindernis (incl. val)",Geen hindernis
26510,77,Leuven teller 2,Leuven,50.88672,4.70796,1.031943880088303,50.87996939829085,4.697865816901715,2021,8,21,24062,Leuven,Regenval,"Nat, plassen","Nacht, openbare verlichting aanwezig en ontstoken",met lichtgewonden,3,Fiets,8,Voetganger,Buiten Kruispunt,Gemeenteweg,binnen bebouwde kom,Met een voetganger,Geen hindernis
26510,107,leuven totem,Leuven,50.8870744,4.7087919,1.1007624228479862,50.87996939829085,4.697865816901715,2021,8,21,24062,Leuven,Regenval,"Nat, plassen","Nacht, openbare verlichting aanwezig en ontstoken",met lichtgewonden,3,Fiets,8,Voetganger,Buiten Kruispunt,Gemeenteweg,binnen bebouwde kom,Met een voetganger,Geen hindernis
26510,69,Leuven teller 1,Leuven,50.87549,4.71526,1.3181314051587891,50.87996939829085,4.697865816901715,2021,8,21,24062,Leuven,Regenval,"Nat, plassen","Nacht, openbare verlichting aanwezig en ontstoken",met lichtgewonden,3,Fiets,8,Voetganger,Buiten Kruispunt,Gemeenteweg,binnen bebouwde kom,Met een voetganger,Geen hindernis
26510,151,Leuven,District Leuven,50.8690262,4.6854839,1.4951500226788386,50.87996939829085,4.697865816901715,2021,8,21,24062,Leuven,Regenval,"Nat, plassen","Nacht, openbare verlichting aanwezig en ontstoken",met lichtgewonden,3,Fiets,8,Voetganger,Buiten Kruispunt,Gemeenteweg,binnen bebouwde kom,Met een voetganger,Geen hindernis
26511,107,leuven totem,Leuven,50.8870744,4.7087919,1.071992341149926,50.89511532361297,4.700360583559396,2021,8,16,24062,Leuven,Normaal,Droog,Dag,met lichtgewonden,3,Fiets,10,"één bestuurder, geen hindernis",Buiten Kruispunt,Gemeenteweg,binnen bebouwde kom,"Eén bestuurder, geen hindernis (incl. val)",Geen hindernis
26511,77,Leuven teller 2,Leuven,50.88672,4.70796,1.0749797683296494,50.89511532361297,4.700360583559396,2021,8,16,24062,Leuven,Normaal,Droog,Dag,met lichtgewonden,3,Fiets,10,"één bestuurder, geen hindernis",Buiten Kruispunt,Gemeenteweg,binnen bebouwde kom,"Eén bestuurder, geen hindernis (incl. val)",Geen hindernis
26511,69,Leuven teller 1,Leuven,50.87549,4.71526,2.4196257876752725,50.89511532361297,4.700360583559396,2021,8,16,24062,Leuven,Normaal,Droog,Dag,met lichtgewonden,3,Fiets,10,"één bestuurder, geen hindernis",Buiten Kruispunt,Gemeenteweg,binnen bebouwde kom,"Eén bestuurder, geen hindernis (incl. val)",Geen hindernis
26512,77,Leuven teller 2,Leuven,50.88672,4.70796,0.8242744500481826,50.87956068585276,4.704913207099434,2021,8,14,24062,Leuven,Regenval,"Nat, plassen",Dag,met lichtgewonden,3,Fiets,8,Voetganger,Buiten Kruispunt,Gemeenteweg,binnen bebouwde kom,Met een voetganger,Geen hindernis
26512,69,Leuven teller 1,Leuven,50.87549,4.71526,0.8555029888427877,50.87956068585276,4.704913207099434,2021,8,14,24062,Leuven,Regenval,"Nat, plassen",Dag,met lichtgewonden,3,Fiets,8,Voetganger,Buiten Kruispunt,Gemeenteweg,binnen bebouwde kom,Met een voetganger,Geen hindernis
26512,107,leuven totem,Leuven,50.8870744,4.7087919,0.8786796735596984,50.87956068585276,4.704913207099434,2021,8,14,24062,Leuven,Regenval,"Nat, plassen",Dag,met lichtgewonden,3,Fiets,8,Voetganger,Buiten Kruispunt,Gemeenteweg,binnen bebouwde kom,Met een voetganger,Geen hindernis
26512,151,Leuven,District Leuven,50.8690262,4.6854839,1.7974127969779363,50.87956068585276,4.704913207099434,2021,8,14,24062,Leuven,Regenval,"Nat, plassen",Dag,met lichtgewonden,3,Fiets,8,Voetganger,Buiten Kruispunt,Gemeenteweg,binnen bebouwde kom,Met een voetganger,Geen hindernis
26514,69,Leuven teller 1,Leuven,50.87549,4.71526,1.4100588411586314,50.86299418116919,4.71183892023036,2021,8,7,24062,Leuven,Normaal,Droog,Dag,met lichtgewonden,3,Fiets,10,"één bestuurder, geen hindernis",Buiten Kruispunt,Gemeenteweg,binnen bebouwde kom,"Eén bestuurder, geen hindernis (incl. val)",Geen hindernis
26514,151,Leuven,District Leuven,50.8690262,4.6854839,1.9674339899731996,50.86299418116919,4.71183892023036,2021,8,7,24062,Leuven,Normaal,Droog,Dag,met lichtgewonden,3,Fiets,10,"één bestuurder, geen hindernis",Buiten Kruispunt,Gemeenteweg,binnen bebouwde kom,"Eén bestuurder, geen hindernis (incl. val)",Geen hindernis
26514,108,Heverlee teller 1,Leuven,50.8471728,4.6954674,2.1013486119827,50.86299418116919,4.71183892023036,2021,8,7,24062,Leuven,Normaal,Droog,Dag,met lichtgewonden,3,Fiets,10,"één bestuurder, geen hindernis",Buiten Kruispunt,Gemeenteweg,binnen bebouwde kom,"Eén bestuurder, geen hindernis (incl. val)",Geen hindernis
26514,76,Heverlee teller 2,Leuven,50.84606,4.69597,2.1878152237756563,50.86299418116919,4.71183892023036,2021,8,7,24062,Leuven,Normaal,Droog,Dag,met lichtgewonden,3,Fiets,10,"één bestuurder, geen hindernis",Buiten Kruispunt,Gemeenteweg,binnen bebouwde kom,"Eén bestuurder, geen hindernis (incl. val)",Geen hindernis
26515,69,Leuven teller 1,Leuven,50.87549,4.71526,0.5118297370894836,50.87122827550637,4.71801630717527,2021,8,20,24062,Leuven,Normaal,"Vuil (zand, grint, bladeren,...)",Dag,met lichtgewonden,3,Fiets,10,"één bestuurder, geen hindernis",Op Kruispunt,Gemeenteweg,binnen bebouwde kom,"Eén bestuurder, geen hindernis (incl. val)",Geen hindernis
26515,77,Leuven teller 2,Leuven,50.88672,4.70796,1.8614915497539195,50.87122827550637,4.71801630717527,2021,8,20,24062,Leuven,Normaal,"Vuil (zand, grint, bladeren,...)",Dag,met lichtgewonden,3,Fiets,10,"één bestuurder, geen hindernis",Op Kruispunt,Gemeenteweg,binnen bebouwde kom,"Eén bestuurder, geen hindernis (incl. val)",Geen hindernis
26515,107,leuven totem,Leuven,50.8870744,4.7087919,1.8771026373486397,50.87122827550637,4.71801630717527,2021,8,20,24062,Leuven,Normaal,"Vuil (zand, grint, bladeren,...)",Dag,met lichtgewonden,3,Fiets,10,"één bestuurder, geen hindernis",Op Kruispunt,Gemeenteweg,binnen bebouwde kom,"Eén bestuurder, geen hindernis (incl. val)",Geen hindernis
26515,151,Leuven,District Leuven,50.8690262,4.6854839,2.2959884389950616,50.87122827550637,4.71801630717527,2021,8,20,24062,Leuven,Normaal,"Vuil (zand, grint, bladeren,...)",Dag,met lichtgewonden,3,Fiets,10,"één bestuurder, geen hindernis",Op Kruispunt,Gemeenteweg,binnen bebouwde kom,"Eén bestuurder, geen hindernis (incl. val)",Geen hindernis
26516,107,leuven totem,Leuven,50.8870744,4.7087919,0.6562165946590895,50.88406737954036,4.716840995471227,2021,8,11,24062,Leuven,Normaal,Droog,Dag,met lichtgewonden,3,Fiets,3,Fiets,Op Kruispunt,Gewestweg,binnen bebouwde kom,Tussen 2 bestuurders: Frontale botsing,Geen hindernis
26516,77,Leuven teller 2,Leuven,50.88672,4.70796,0.6892973756893253,50.88406737954036,4.716840995471227,2021,8,11,24062,Leuven,Normaal,Droog,Dag,met lichtgewonden,3,Fiets,3,Fiets,Op Kruispunt,Gewestweg,binnen bebouwde kom,Tussen 2 bestuurders: Frontale botsing,Geen hindernis
26516,69,Leuven teller 1,Leuven,50.87549,4.71526,0.9601892969891831,50.88406737954036,4.716840995471227,2021,8,11,24062,Leuven,Normaal,Droog,Dag,met lichtgewonden,3,Fiets,3,Fiets,Op Kruispunt,Gewestweg,binnen bebouwde kom,Tussen 2 bestuurders: Frontale botsing,Geen hindernis
26522,87,Aarschot,Aarschot,50.99084,4.81259,1.8927189590947455,50.982903082378165,4.8365105193733475,2021,8,20,24001,Aarschot,Normaal,Droog,Dag,met lichtgewonden,3,Fiets,10,"één bestuurder, geen hindernis",Buiten Kruispunt,Gemeenteweg,binnen bebouwde kom,"Eén bestuurder, geen hindernis (incl. val)",Geen hindernis
26523,87,Aarschot,Aarschot,50.99084,4.81259,1.084826272216355,50.98439815423747,4.824229475293647,2021,8,17,24001,Aarschot,Normaal,Droog,Dag,met lichtgewonden,3,Fiets,6,Bromfiets,Buiten Kruispunt,Gemeenteweg,binnen bebouwde kom,Tussen 2 bestuurders: Flank tegen flank,Geen hindernis
26524,87,Aarschot,Aarschot,50.99084,4.81259,1.961334150402688,50.98079288561399,4.8356198142328415,2021,8,10,24001,Aarschot,Normaal,Droog+Proper,Dag,met zwaargewonden,3,Fiets,10,"één bestuurder, geen hindernis",Buiten Kruispunt,Gemeenteweg,binnen bebouwde kom,"Eén bestuurder, geen hindernis (incl. val)",Geen hindernis
26526,87,Aarschot,Aarschot,50.99084,4.81259,2.177080484326113,50.995921864301145,4.842630726615795,2021,8,10,24001,Aarschot,Onbekend,Onbekend,Dag,met lichtgewonden,3,Fiets,5,Lichte vrachtauto,Op Kruispunt,Gewestweg,binnen bebouwde kom,Tss. 2 best.: langs opzij (voor-/achterkant-flank),Geen hindernis
26527,87,Aarschot,Aarschot,50.99084,4.81259,1.098637062943793,50.98612960819425,4.826387445278866,2021,8,16,24001,Aarschot,Normaal,Droog,Dag,met lichtgewonden,3,Fiets,3,Fiets,Buiten Kruispunt,Gemeenteweg,binnen bebouwde kom,Tussen 2 bestuurders: Langs achteren,Geen hindernis
26530,101,Diest teller 1,Diest,50.97799,5.04481,0.2700969103434845,50.979938078618794,5.0425054795689,2021,8,16,24020,Diest,Normaal,Droog,Dag,met lichtgewonden,9,personenauto,3,Fiets,Op Kruispunt,Gewestweg,binnen bebouwde kom,Tss. 2 best.: langs opzij (voor-/achterkant-flank),Geen hindernis
26530,102,Diest teller 2,Diest,50.9779,5.04474,0.2753740131189638,50.979938078618794,5.0425054795689,2021,8,16,24020,Diest,Normaal,Droog,Dag,met lichtgewonden,9,personenauto,3,Fiets,Op Kruispunt,Gewestweg,binnen bebouwde kom,Tss. 2 best.: langs opzij (voor-/achterkant-flank),Geen hindernis
26533,87,Aarschot,Aarschot,50.99084,4.81259,2.3299118291164653,50.98273080444392,4.781897988469609,2021,8,11,24007,Begijnendijk,Normaal,Droog+Proper,Dag,met lichtgewonden,9,personenauto,3,Fiets,Buiten Kruispunt,Gemeenteweg,buiten bebouwde kom,Tss. 2 best.: langs opzij (voor-/achterkant-flank),Geen hindernis
26537,148,Hoeilaart,District Leuven,50.76699493,4.44471001,1.7626313182797926,50.768466649545886,4.46966513136608,2021,8,18,23033,Hoeilaart,Normaal,Droog,Dag,met lichtgewonden,3,Fiets,9,personenauto,Op Kruispunt,Gemeenteweg,binnen bebouwde kom,Tussen 2 bestuurders: Frontale botsing,Geen hindernis
26537,147,Overijse,District Vilvoorde-gewestwegen,50.7797555,4.4975769,2.3297654896785827,50.768466649545886,4.46966513136608,2021,8,18,23033,Hoeilaart,Normaal,Droog,Dag,met lichtgewonden,3,Fiets,9,personenauto,Op Kruispunt,Gemeenteweg,binnen bebouwde kom,Tussen 2 bestuurders: Frontale botsing,Geen hindernis
26538,147,Overijse,District Vilvoorde-gewestwegen,50.7797555,4.4975769,1.6399120552713948,50.77855432807493,4.520823502077681,2021,8,16,23062,Overijse,Normaal,Droog,Dag,met lichtgewonden,9,personenauto,3,Fiets,Op Kruispunt,Gewestweg,buiten bebouwde kom,Tussen 2 bestuurders: Langs achteren,Geen hindernis
26538,145,Overijse,District Vilvoorde-gewestwegen,50.7885856,4.4908759,2.382631289500392,50.77855432807493,4.520823502077681,2021,8,16,23062,Overijse,Normaal,Droog,Dag,met lichtgewonden,9,personenauto,3,Fiets,Op Kruispunt,Gewestweg,buiten bebouwde kom,Tussen 2 bestuurders: Langs achteren,Geen hindernis
26538,146,Overijse 2,District Vilvoorde-gewestwegen,50.7881478,4.4902818,2.397574348850533,50.77855432807493,4.520823502077681,2021,8,16,23062,Overijse,Normaal,Droog,Dag,met lichtgewonden,9,personenauto,3,Fiets,Op Kruispunt,Gewestweg,buiten bebouwde kom,Tussen 2 bestuurders: Langs achteren,Geen hindernis
26544,86,Asse teller 2,Asse,50.89132,4.1709,1.1365594168852553,50.881516940964445,4.166312535520529,2021,8,18,23086,Ternat,Normaal,Droog,Dag,met lichtgewonden,3,Fiets,9,personenauto,Buiten Kruispunt,Gewestweg,buiten bebouwde kom,Tss. 2 best.: langs opzij (voor-/achterkant-flank),Geen hindernis
26544,85,Asse teller 1,Asse,50.89621,4.17294,1.698645501409773,50.881516940964445,4.166312535520529,2021,8,18,23086,Ternat,Normaal,Droog,Dag,met lichtgewonden,3,Fiets,9,personenauto,Buiten Kruispunt,Gewestweg,buiten bebouwde kom,Tss. 2 best.: langs opzij (voor-/achterkant-flank),Geen hindernis
26549,149,Machelen,,50.88297881,4.43356644,1.480383652097079,50.89628455225974,4.432850248916436,2021,8,5,23047,Machelen,Normaal,Droog,Dageraad - schemering,met lichtgewonden,3,Fiets,5,Lichte vrachtauto,Buiten Kruispunt,Gewestweg,buiten bebouwde kom,Tss. 2 best.: langs opzij (voor-/achterkant-flank),Geen hindernis