crash_row_id,site_id,site_name,site_gemeente,site_lat,site_long,distance_km,crash_lat,crash_long,DT_YEAR_COLLISION,DT_MONTH_COLLISION,DT_TIME,CD_NIS,TX_MUNTY_COLLISION_NL,TX_WEATHER_NL,TX_ROAD_CONDITION_NL,TX_LIGHT_CONDITION_NL,TX_CLASS_ACCIDENTS_NL,CD_ROAD_USR_TYPE1,TX_ROAD_USR_TYPE1_NL,CD_ROAD_USR_TYPE2,TX_ROAD_USR_TYPE2_NL,TX_CROSSWAY_NL,CD_ROAD_TYPE_NL,TX_BUILD_UP_AREA_NL,TX_COLLISION_TYPE_NL,TX_OBSTACLES_NL
26549,111,Zaventem totem,Zaventem,50.8871216,4.4597084,2.141720565184486,50.89628455225974,4.432850248916436,2021,8,5,23047,Machelen,Normaal,Droog,Dageraad - schemering,met lichtgewonden,3,Fiets,5,Lichte vrachtauto,Buiten Kruispunt,Gewestweg,buiten bebouwde kom,Tss. 2 best.: langs opzij (voor-/achterkant-flank),Geen hindernis
26549,47,Vilvoorde,Vilvoorde,50.91372,4.41497,2.3088151306093097,50.89628455225974,4.432850248916436,2021,8,5,23047,Machelen,Normaal,Droog,Dageraad - schemering,met lichtgewonden,3,Fiets,5,Lichte vrachtauto,Buiten Kruispunt,Gewestweg,buiten bebouwde kom,Tss. 2 best.: langs opzij (voor-/achterkant-flank),Geen hindernis
26550,47,Vilvoorde,Vilvoorde,50.91372,4.41497,1.3228260858527239,50.92522056506942,4.410142233784603,2021,8,14,23088,Vilvoorde,Normaal,Droog,Dag,met lichtgewonden,9,personenauto,3,Fiets,Op Kruispunt,Gemeenteweg,binnen bebouwde kom,Tussen 2 bestuurders: Flank tegen flank,Geen hindernis
26553,13,Gent,Gent,51.03018,3.70146,0.8780967812618299,51.023617095216125,3.694477017527381,2021,8,17,44021,Gent,Normaal,Droog,Dag,met lichtgewonden,2,Andere weggebruiker,3,Fiets,Op Kruispunt,Gemeenteweg,binnen bebouwde kom,Tss. 2 best.: langs opzij (voor-/achterkant-flank),Geen hindernis
26555,119,Gent teller 2,Gent,51.0281795,3.7683918,2.0746340091229882,51.044942544208446,3.75536443952052,2021,8,11,44021,Gent,Onbekend,Droog,Dag,met lichtgewonden,9,personenauto,3,Fiets,Buiten Kruispunt,Gemeenteweg,binnen bebouwde kom,Tss. 2 best.: langs opzij (voor-/achterkant-flank),Geen hindernis
26555,118,Gent teller 1,Gent,51.028049,3.7681359,2.079936883979136,51.044942544208446,3.75536443952052,2021,8,11,44021,Gent,Onbekend,Droog,Dag,met lichtgewonden,9,personenauto,3,Fiets,Buiten Kruispunt,Gemeenteweg,binnen bebouwde kom,Tss. 2 best.: langs opzij (voor-/achterkant-flank),Geen hindernis
26556,118,Gent teller 1,Gent,51.028049,3.7681359,2.0874107696599493,51.03693061812044,3.7418373997249303,2021,8,8,44021,Gent,Normaal,Onbekend,Dag,met lichtgewonden,3,Fiets,9,personenauto,Buiten Kruispunt,Gemeenteweg,binnen bebouwde kom,Tss. 2 best.: langs opzij (voor-/achterkant-flank),Geen hindernis
26556,119,Gent teller 2,Gent,51.0281795,3.7683918,2.0964159357301653,51.03693061812044,3.7418373997249303,2021,8,8,44021,Gent,Normaal,Onbekend,Dag,met lichtgewonden,3,Fiets,9,personenauto,Buiten Kruispunt,Gemeenteweg,binnen bebouwde kom,Tss. 2 best.: langs opzij (voor-/achterkant-flank),Geen hindernis
26560,13,Gent,Gent,51.03018,3.70146,2.1140547793634097,51.01452786483475,3.7186173159739555,2021,8,8,44021,Gent,Normaal,Droog,Dag,met lichtgewonden,9,personenauto,3,Fiets,Op Kruispunt,Gemeenteweg,buiten bebouwde kom,Tss. 2 best.: langs opzij (voor-/achterkant-flank),Geen hindernis
26562,136,Gent R4,Gent,51.0876313,3.7587918,0.2931428157797693,51.090241204783226,3.7593842064330896,2021,8,17,44021,Gent,Normaal,Droog,Dag,met lichtgewonden,9,personenauto,3,Fiets,Buiten Kruispunt,Gemeenteweg,binnen bebouwde kom,Tss. 2 best.: langs opzij (voor-/achterkant-flank),Geen hindernis
26564,13,Gent,Gent,51.03018,3.70146,1.2237031380928376,51.036005603179824,3.7163066694440414,2021,8,12,44021,Gent,Onbekend,Droog,Dag,met lichtgewonden,3,Fiets,5,Lichte vrachtauto,Buiten Kruispunt,Gewestweg,binnen bebouwde kom,Tss. 2 best.: langs opzij (voor-/achterkant-flank),Geen hindernis
26565,13,Gent,Gent,51.03018,3.70146,0.7587275088652465,51.02585472619599,3.709850916825664,2021,8,17,44021,Gent,Normaal,Droog,Dag,met lichtgewonden,9,personenauto,3,Fiets,Buiten Kruispunt,Gewestweg,binnen bebouwde kom,Tss. 2 best.: langs opzij (voor-/achterkant-flank),Geen hindernis
26566,118,Gent teller 1,Gent,51.028049,3.7681359,1.751139062311448,51.01585530330356,3.783979833255257,2021,8,16,44040,Melle,Normaal,Droog,Dag,met lichtgewonden,9,personenauto,3,Fiets,Buiten Kruispunt,Gewestweg,buiten bebouwde kom,Tss. 2 best.: langs opzij (voor-/achterkant-flank),Geen hindernis
26566,119,Gent teller 2,Gent,51.0281795,3.7683918,1.7511982696346413,51.01585530330356,3.783979833255257,2021,8,16,44040,Melle,Normaal,Droog,Dag,met lichtgewonden,9,personenauto,3,Fiets,Buiten Kruispunt,Gewestweg,buiten bebouwde kom,Tss. 2 best.: langs opzij (voor-/achterkant-flank),Geen hindernis
26566,116,Melle teller 2,Melle,50.9986113,3.8040599,2.3770616015584753,51.01585530330356,3.783979833255257,2021,8,16,44040,Melle,Normaal,Droog,Dag,met lichtgewonden,9,personenauto,3,Fiets,Buiten Kruispunt,Gewestweg,buiten bebouwde kom,Tss. 2 best.: langs opzij (voor-/achterkant-flank),Geen hindernis
26566,117,Melle teller 1,Melle,50.9986113,3.8040599,2.3770616015584753,51.01585530330356,3.783979833255257,2021,8,16,44040,Melle,Normaal,Droog,Dag,met lichtgewonden,9,personenauto,3,Fiets,Buiten Kruispunt,Gewestweg,buiten bebouwde kom,Tss. 2 best.: langs opzij (voor-/achterkant-flank),Geen hindernis
26568,136,Gent R4,Gent,51.0876313,3.7587918,2.3978703053526016,51.06615309308959,3.7557231141852006,2021,8,7,44021,Gent,Normaal,Droog,Dag,met lichtgewonden,8,Voetganger,3,Fiets,Buiten Kruispunt,Gewestweg,binnen bebouwde kom,Met een voetganger,Geen hindernis
26571,13,Gent,Gent,51.03018,3.70146,1.8155532731629112,51.04201641811336,3.719345350863082,2021,8,13,44021,Gent,Onbekend,Onbekend,Dag,met lichtgewonden,3,Fiets,5,Lichte vrachtauto,Op Kruispunt,Gewestweg,binnen bebouwde kom,Tss. 2 best.: langs opzij (voor-/achterkant-flank),Geen hindernis
26573,118,Gent teller 1,Gent,51.028049,3.7681359,2.0365030631454433,51.03942224321789,3.745308313238333,2021,8,13,44021,Gent,Normaal,Droog,Dag,met lichtgewonden,3,Fiets,9,personenauto,Buiten Kruispunt,Gewestweg,binnen bebouwde kom,Tss. 2 best.: langs opzij (voor-/achterkant-flank),Geen hindernis
26573,119,Gent teller 2,Gent,51.0281795,3.7683918,2.0416397314628862,51.03942224321789,3.745308313238333,2021,8,13,44021,Gent,Normaal,Droog,Dag,met lichtgewonden,3,Fiets,9,personenauto,Buiten Kruispunt,Gewestweg,binnen bebouwde kom,Tss. 2 best.: langs opzij (voor-/achterkant-flank),Geen hindernis
26576,13,Gent,Gent,51.03018,3.70146,2.4843039043957673,51.05249897353777,3.6998513011708245,2021,8,8,44021,Gent,Normaal,Droog,Dag,met zwaargewonden,3,Fiets,4,Vrachtwagen,Op Kruispunt,Gewestweg,binnen bebouwde kom,Tussen 2 bestuurders: Flank tegen flank,Geen hindernis
26593,118,Gent teller 1,Gent,51.028049,3.7681359,1.8828539299428355,51.012485505783395,3.7787407288410058,2021,8,6,44040,Melle,Onbekend,"Nat, plassen",Onbekend,met lichtgewonden,3,Fiets,10,"één bestuurder, geen hindernis",Buiten Kruispunt,Gemeenteweg,binnen bebouwde kom,"Eén bestuurder, geen hindernis (incl. val)",Geen hindernis
26593,119,Gent teller 2,Gent,51.0281795,3.7683918,1.8892693394511992,51.012485505783395,3.7787407288410058,2021,8,6,44040,Melle,Onbekend,"Nat, plassen",Onbekend,met lichtgewonden,3,Fiets,10,"één bestuurder, geen hindernis",Buiten Kruispunt,Gemeenteweg,binnen bebouwde kom,"Eén bestuurder, geen hindernis (incl. val)",Geen hindernis
26593,116,Melle teller 2,Melle,50.9986113,3.8040599,2.3491387978125258,51.012485505783395,3.7787407288410058,2021,8,6,44040,Melle,Onbekend,"Nat, plassen",Onbekend,met lichtgewonden,3,Fiets,10,"één bestuurder, geen hindernis",Buiten Kruispunt,Gemeenteweg,binnen bebouwde kom,"Eén bestuurder, geen hindernis (incl. val)",Geen hindernis
26593,117,Melle teller 1,Melle,50.9986113,3.8040599,2.3491387978125258,51.012485505783395,3.7787407288410058,2021,8,6,44040,Melle,Onbekend,"Nat, plassen",Onbekend,met lichtgewonden,3,Fiets,10,"één bestuurder, geen hindernis",Buiten Kruispunt,Gemeenteweg,binnen bebouwde kom,"Eén bestuurder, geen hindernis (incl. val)",Geen hindernis
26611,7,Evergem 1,Evergem,51.1089,3.70317,0.8318460010112464,51.11394816337663,3.71196402389407,2021,8,2,44019,Evergem,Normaal,"Nat, plassen","Nacht, openbare verlichting aanwezig en ontstoken",met lichtgewonden,3,Fiets,10,"één bestuurder, geen hindernis",Buiten Kruispunt,Gemeenteweg,binnen bebouwde kom,"Eén bestuurder, geen hindernis (incl. val)",Geen hindernis
26611,6,Evergem 2,Evergem,51.10894,3.70298,0.8387222620428075,51.11394816337663,3.71196402389407,2021,8,2,44019,Evergem,Normaal,"Nat, plassen","Nacht, openbare verlichting aanwezig en ontstoken",met lichtgewonden,3,Fiets,10,"één bestuurder, geen hindernis",Buiten Kruispunt,Gemeenteweg,binnen bebouwde kom,"Eén bestuurder, geen hindernis (incl. val)",Geen hindernis
26613,115,Aalter,Aalter,51.1058367,3.4350591,2.4607322086497962,51.08583481136346,3.4199819818562864,2021,8,18,44084,Aalter,Normaal,"Nat, plassen",Dag,met lichtgewonden,3,Fiets,10,"één bestuurder, geen hindernis",Buiten Kruispunt,Gemeenteweg,buiten bebouwde kom,"Eén bestuurder, geen hindernis (incl. val)",Geen hindernis
26615,115,Aalter,Aalter,51.1058367,3.4350591,1.8250449180486874,51.117285580907875,3.453791871963744,2021,8,13,44084,Aalter,Normaal,Droog,Dag,met lichtgewonden,5,Lichte vrachtauto,3,Fiets,Buiten Kruispunt,Gewestweg,buiten bebouwde kom,Tussen 2 bestuurders: Langs achteren,Geen hindernis
26635,124,Beveren teller 2,Beveren,51.1964712,4.2361077,2.4416526535206833,51.18721494798014,4.204335612441817,2021,8,16,46021,Sint-Niklaas,Normaal,Droog,Dag,met lichtgewonden,1,Autobus,3,Fiets,Buiten Kruispunt,Gewestweg,buiten bebouwde kom,Tss. 2 best.: langs opzij (voor-/achterkant-flank),Geen hindernis
26638,129,Lokeren teller 2,Lokeren,51.09612,3.97025,0.4401292148058614,51.092934295899326,3.9665095550104956,2021,8,17,46014,Lokeren,Normaal,Droog,Dag,met lichtgewonden,9,personenauto,3,Fiets,Buiten Kruispunt,Gewestweg,buiten bebouwde kom,Tss. 2 best.: langs opzij (voor-/achterkant-flank),Geen hindernis
26638,128,Lokeren teller 1,Lokeren,51.09644,3.97023,0.4684662563178779,51.092934295899326,3.9665095550104956,2021,8,17,46014,Lokeren,Normaal,Droog,Dag,met lichtgewonden,9,personenauto,3,Fiets,Buiten Kruispunt,Gewestweg,buiten bebouwde kom,Tss. 2 best.: langs opzij (voor-/achterkant-flank),Geen hindernis
26638,141,Test site A support,Lokeren,51.08342085,3.9961071208376326,2.3221599224241123,51.092934295899326,3.9665095550104956,2021,8,17,46014,Lokeren,Normaal,Droog,Dag,met lichtgewonden,9,personenauto,3,Fiets,Buiten Kruispunt,Gewestweg,buiten bebouwde kom,Tss. 2 best.: langs opzij (voor-/achterkant-flank),Geen hindernis
26639,141,Test site A support,Lokeren,51.08342085,3.9961071208376326,0.8113975533872702,51.09066079918351,3.9975578704695027,2021,8,12,46014,Lokeren,Normaal,Droog,Dag,met lichtgewonden,3,Fiets,8,Voetganger,Buiten Kruispunt,Gemeenteweg,binnen bebouwde kom,Met een voetganger,Geen hindernis
26639,129,Lokeren teller 2,Lokeren,51.09612,3.97025,2.00136136357423,51.09066079918351,3.9975578704695027,2021,8,12,46014,Lokeren,Normaal,Droog,Dag,met lichtgewonden,3,Fiets,8,Voetganger,Buiten Kruispunt,Gemeenteweg,binnen bebouwde kom,Met een voetganger,Geen hindernis
26639,128,Lokeren teller 1,Lokeren,51.09644,3.97023,2.0137569417889187,51.09066079918351,3.9975578704695027,2021,8,12,46014,Lokeren,Normaal,Droog,Dag,met lichtgewonden,3,Fiets,8,Voetganger,Buiten Kruispunt,Gemeenteweg,binnen bebouwde kom,Met een voetganger,Geen hindernis
26642,120,Zele teller 1,Zele,51.0607671,4.0547741,2.3493649177257403,51.06557605968529,4.022037428181834,2021,8,12,42028,Zele,Onbekend,Droog,Dag,met lichtgewonden,9,personenauto,3,Fiets,Op Kruispunt,Gemeenteweg,binnen bebouwde kom,Tss. 2 best.: langs opzij (voor-/achterkant-flank),Geen hindernis
26642,121,Zele teller 2,Zele,51.0604067,4.0556696,2.4195587058018586,51.06557605968529,4.022037428181834,2021,8,12,42028,Zele,Onbekend,Droog,Dag,met lichtgewonden,9,personenauto,3,Fiets,Op Kruispunt,Gemeenteweg,binnen bebouwde kom,Tss. 2 best.: langs opzij (voor-/achterkant-flank),Geen hindernis
26651,11,Aalst 3,Aalst,50.93385,4.01647,0.9209809002622555,50.934929708549944,4.0295004266385614,2021,8,11,41002,Aalst,Regenval,"Nat, plassen",Dag,met zwaargewonden,9,personenauto,3,Fiets,Op Kruispunt,Gewestweg,binnen bebouwde kom,Tss. 2 best.: langs opzij (voor-/achterkant-flank),Geen hindernis
26651,10,Aalst 2,Aalst,50.93549,4.01571,0.9683690872738998,50.934929708549944,4.0295004266385614,2021,8,11,41002,Aalst,Regenval,"Nat, plassen",Dag,met zwaargewonden,9,personenauto,3,Fiets,Op Kruispunt,Gewestweg,binnen bebouwde kom,Tss. 2 best.: langs opzij (voor-/achterkant-flank),Geen hindernis
26651,19,Aalst 1,Aalst,50.93433,4.01471,1.0385937118474613,50.934929708549944,4.0295004266385614,2021,8,11,41002,Aalst,Regenval,"Nat, plassen",Dag,met zwaargewonden,9,personenauto,3,Fiets,Op Kruispunt,Gewestweg,binnen bebouwde kom,Tss. 2 best.: langs opzij (voor-/achterkant-flank),Geen hindernis
26656,125,Dendermonde totem,Dendermonde,51.0372706,4.1025998,1.357657499271721,51.032167703532146,4.1202387184533205,2021,8,11,42006,Dendermonde,Normaal,Droog,Dag,met lichtgewonden,6,Bromfiets,3,Fiets,Buiten Kruispunt,Gemeenteweg,binnen bebouwde kom,Tussen 2 bestuurders: Langs achteren,Geen hindernis
26656,122,Dendermonde teller 2,Dendermonde,51.0373918,4.1019222,1.4063533240087207,51.032167703532146,4.1202387184533205,2021,8,11,42006,Dendermonde,Normaal,Droog,Dag,met lichtgewonden,6,Bromfiets,3,Fiets,Buiten Kruispunt,Gemeenteweg,binnen bebouwde kom,Tussen 2 bestuurders: Langs achteren,Geen hindernis
26657,125,Dendermonde totem,Dendermonde,51.0372706,4.1025998,1.2570432845381057,51.036270322987725,4.120507141551509,2021,8,23,42006,Dendermonde,Normaal,Droog,Onbekend,met lichtgewonden,3,Fiets,9,personenauto,Op Kruispunt,Gewestweg,binnen bebouwde kom,Tussen 2 bestuurders: Langs achteren,Geen hindernis
26657,122,Dendermonde teller 2,Dendermonde,51.0373918,4.1019222,1.305459846586127,51.036270322987725,4.120507141551509,2021,8,23,42006,Dendermonde,Normaal,Droog,Onbekend,met lichtgewonden,3,Fiets,9,personenauto,Op Kruispunt,Gewestweg,binnen bebouwde kom,Tussen 2 bestuurders: Langs achteren,Geen hindernis
26658,122,Dendermonde teller 2,Dendermonde,51.0373918,4.1019222,1.352821786739985,51.03209466723092,4.0845054596552695,2021,8,15,42006,Dendermonde,Regenval,"Nat, plassen",Dag,met lichtgewonden,3,Fiets,9,personenauto,Buiten Kruispunt,Gewestweg,binnen bebouwde kom,Kettingbotsing (3 bestuurders of meer),Geen hindernis
26658,125,Dendermonde totem,Dendermonde,51.0372706,4.1025998,1.3899959361803473,51.03209466723092,4.0845054596552695,2021,8,15,42006,Dendermonde,Regenval,"Nat, plassen",Dag,met lichtgewonden,3,Fiets,9,personenauto,Buiten Kruispunt,Gewestweg,binnen bebouwde kom,Kettingbotsing (3 bestuurders of meer),Geen hindernis
26660,125,Dendermonde totem,Dendermonde,51.0372706,4.1025998,1.6271944212703644,51.02949576574883,4.122313774714529,2021,8,15,42006,Dendermonde,Normaal,Droog,Dag,met lichtgewonden,3,Fiets,3,Fiets,Buiten Kruispunt,Gemeenteweg,binnen bebouwde kom,Tussen 2 bestuurders: Frontale botsing,Geen hindernis
26660,122,Dendermonde teller 2,Dendermonde,51.0373918,4.1019222,1.6745512818604784,51.02949576574883,4.122313774714529,2021,8,15,42006,Dendermonde,Normaal,Droog,Dag,met lichtgewonden,3,Fiets,3,Fiets,Buiten Kruispunt,Gemeenteweg,binnen bebouwde kom,Tussen 2 bestuurders: Frontale botsing,Geen hindernis
26662,122,Dendermonde teller 2,Dendermonde,51.0373918,4.1019222,0.6658525222994833,51.043178925077854,4.104369133599219,2021,8,14,42006,Dendermonde,Normaal,Droog,Dag,met lichtgewonden,3,Fiets,8,Voetganger,Buiten Kruispunt,Gewestweg,binnen bebouwde kom,Met een voetganger,Geen hindernis
26662,125,Dendermonde totem,Dendermonde,51.0372706,4.1025998,0.6685209550754886,51.043178925077854,4.104369133599219,2021,8,14,42006,Dendermonde,Normaal,Droog,Dag,met lichtgewonden,3,Fiets,8,Voetganger,Buiten Kruispunt,Gewestweg,binnen bebouwde kom,Met een voetganger,Geen hindernis
26665,142,TEST Validatie BRUGGE Y2H22022134,Brugge,51.22632,3.24095,2.460437359797048,51.20487300443286,3.232258334704084,2021,8,23,31005,Brugge,Normaal,Droog,"Nacht, openbare verlichting aanwezig en ontstoken",met lichtgewonden,9,personenauto,3,Fiets,Buiten Kruispunt,Gemeenteweg,binnen bebouwde kom,Tss. 2 best.: langs opzij (voor-/achterkant-flank),Geen hindernis
26665,52,Brugge,Brugge,51.22632,3.24095,2.460437359797048,51.20487300443286,3.232258334704084,2021,8,23,31005,Brugge,Normaal,Droog,"Nacht, openbare verlichting aanwezig en ontstoken",met lichtgewonden,9,personenauto,3,Fiets,Buiten Kruispunt,Gemeenteweg,binnen bebouwde kom,Tss. 2 best.: langs opzij (voor-/achterkant-flank),Geen hindernis
26666,20,Brugge,Brugge,51.17416,3.20048,2.3117340377838533,51.19481396241755,3.204267028664803,2021,8,22,31005,Brugge,Onbekend,Proper,Onbekend,met lichtgewonden,9,personenauto,3,Fiets,Buiten Kruispunt,Gemeenteweg,binnen bebouwde kom,Tussen 2 bestuurders: Langs achteren,Geen hindernis
26669,142,TEST Validatie BRUGGE Y2H22022134,Brugge,51.22632,3.24095,0.9371335322349716,51.21856376466636,3.246214060613022,2021,8,14,31005,Brugge,Normaal,Droog,Dag,met zwaargewonden,9,personenauto,3,Fiets,Buiten Kruispunt,Gemeenteweg,binnen bebouwde kom,Tss. 2 best.: langs opzij (voor-/achterkant-flank),Geen hindernis
26669,52,Brugge,Brugge,51.22632,3.24095,0.9371335322349716,51.21856376466636,3.246214060613022,2021,8,14,31005,Brugge,Normaal,Droog,Dag,met zwaargewonden,9,personenauto,3,Fiets,Buiten Kruispunt,Gemeenteweg,binnen bebouwde kom,Tss. 2 best.: langs opzij (voor-/achterkant-flank),Geen hindernis
26669,54,Brugge teller 2,Brugge,51.23015,3.22818,1.7991620845022855,51.21856376466636,3.246214060613022,2021,8,14,31005,Brugge,Normaal,Droog,Dag,met zwaargewonden,9,personenauto,3,Fiets,Buiten Kruispunt,Gemeenteweg,binnen bebouwde kom,Tss. 2 best.: langs opzij (voor-/achterkant-flank),Geen hindernis
26669,53,Brugge teller 1,Brugge,51.23023,3.228,1.8142829962701055,51.21856376466636,3.246214060613022,2021,8,14,31005,Brugge,Normaal,Droog,Dag,met zwaargewonden,9,personenauto,3,Fiets,Buiten Kruispunt,Gemeenteweg,binnen bebouwde kom,Tss. 2 best.: langs opzij (voor-/achterkant-flank),Geen hindernis
26692,20,Brugge,Brugge,51.17416,3.20048,2.219240910447382,51.154314521549864,3.1971034982584214,2021,8,19,31040,Zedelgem,Normaal,Droog,Dag,met lichtgewonden,3,Fiets,10,"één bestuurder, geen hindernis",Buiten Kruispunt,Gemeenteweg,binnen bebouwde kom,"Eén bestuurder, geen hindernis (incl. val)",Geen hindernis
26694,59,Ardooie teller 1,Ardooie,50.96784,3.18479,1.590838189211519,50.97910093780169,3.198804493425613,2021,8,16,37020,Ardooie,Normaal,Droog,Dag,met lichtgewonden,9,personenauto,3,Fiets,Buiten Kruispunt,Gemeenteweg,binnen bebouwde kom,Tussen 2 bestuurders: Flank tegen flank,Geen hindernis
26694,60,Ardooie teller 2,Ardooie,50.96783,3.18411,1.6214986119818446,50.97910093780169,3.198804493425613,2021,8,16,37020,Ardooie,Normaal,Droog,Dag,met lichtgewonden,9,personenauto,3,Fiets,Buiten Kruispunt,Gemeenteweg,binnen bebouwde kom,Tussen 2 bestuurders: Flank tegen flank,Geen hindernis
26695,18,Oostende 1,Oostende,51.21378,2.92765,1.7843320166610734,51.22959553092911,2.9233150122267073,2021,8,18,35013,Oostende,Normaal,Droog,Dag,met lichtgewonden,3,Fiets,3,Fiets,Buiten Kruispunt,Gemeenteweg,binnen bebouwde kom,Tss. 2 best.: langs opzij (voor-/achterkant-flank),Geen hindernis
26695,15,Oostende 2,Oostende,51.21371,2.92743,1.789486509004913,51.22959553092911,2.9233150122267073,2021,8,18,35013,Oostende,Normaal,Droog,Dag,met lichtgewonden,3,Fiets,3,Fiets,Buiten Kruispunt,Gemeenteweg,binnen bebouwde kom,Tss. 2 best.: langs opzij (voor-/achterkant-flank),Geen hindernis
26696,15,Oostende 2,Oostende,51.21371,2.92743,1.1845772052725503,51.22194327021612,2.9166368630198454,2021,8,18,35013,Oostende,Normaal,Droog,Dag,met lichtgewonden,9,personenauto,3,Fiets,Op Kruispunt,Gemeenteweg,binnen bebouwde kom,Tussen 2 bestuurders: Flank tegen flank,Geen hindernis
26696,18,Oostende 1,Oostende,51.21378,2.92765,1.1884033409466046,51.22194327021612,2.9166368630198454,2021,8,18,35013,Oostende,Normaal,Droog,Dag,met lichtgewonden,9,personenauto,3,Fiets,Op Kruispunt,Gemeenteweg,binnen bebouwde kom,Tussen 2 bestuurders: Flank tegen flank,Geen hindernis
26697,15,Oostende 2,Oostende,51.21371,2.92743,1.8591348867030353,51.222781988584266,2.9050076536120604,2021,8,13,35013,Oostende,Normaal,Droog,Dag,met lichtgewonden,8,Voetganger,3,Fiets,Buiten Kruispunt,Gewestweg,binnen bebouwde kom,Met een voetganger,Geen hindernis
26697,18,Oostende 1,Oostende,51.21378,2.92765,1.8678403243616726,51.222781988584266,2.9050076536120604,2021,8,13,35013,Oostende,Normaal,Droog,Dag,met lichtgewonden,8,Voetganger,3,Fiets,Buiten Kruispunt,Gewestweg,binnen bebouwde kom,Met een voetganger,Geen hindernis
26698,15,Oostende 2,Oostende,51.21371,2.92743,0.4586786835792778,51.209981938876,2.930248369733403,2021,8,18,35013,Oostende,Normaal,Droog,Dag,met lichtgewonden,9,personenauto,3,Fiets,Op Kruispunt,Gemeenteweg,binnen bebouwde kom,Tss. 2 best.: langs opzij (voor-/achterkant-flank),Geen hindernis
26698,18,Oostende 1,Oostende,51.21378,2.92765,0.4594755225207239,51.209981938876,2.930248369733403,2021,8,18,35013,Oostende,Normaal,Droog,Dag,met lichtgewonden,9,personenauto,3,Fiets,Op Kruispunt,Gemeenteweg,binnen bebouwde kom,Tss. 2 best.: langs opzij (voor-/achterkant-flank),Geen hindernis
26710,55,Torhout teller 1,Torhout,51.07161,3.08261,1.0737651118990925,51.066263518786535,3.095407030986297,2021,8,23,31033,Torhout,Normaal,Droog,"Nacht, openbare verlichting aanwezig en ontstoken",met lichtgewonden,3,Fiets,9,personenauto,Buiten Kruispunt,Gemeenteweg,binnen bebouwde kom,Tss. 2 best.: langs opzij (voor-/achterkant-flank),Geen hindernis
26710,56,Torhout teller 2,Torhout,51.07147,3.08244,1.0752165233248692,51.066263518786535,3.095407030986297,2021,8,23,31033,Torhout,Normaal,Droog,"Nacht, openbare verlichting aanwezig en ontstoken",met lichtgewonden,3,Fiets,9,personenauto,Buiten Kruispunt,Gemeenteweg,binnen bebouwde kom,Tss. 2 best.: langs opzij (voor-/achterkant-flank),Geen hindernis
26714,143,Eco Display Classic Budastraat,Kortrijk,50.83066,3.26286,0.5772116532334401,50.83527426674259,3.2666251494614222,2021,8,14,34022,Kortrijk,Normaal,Droog,Dag,met lichtgewonden,9,personenauto,3,Fiets,Buiten Kruispunt,Gewestweg,binnen bebouwde kom,Tussen 2 bestuurders: Langs achteren,Geen hindernis
26714,17,Kortrijk 2,Kortrijk,50.83339,3.27773,0.8075133358095423,50.83527426674259,3.2666251494614222,2021,8,14,34022,Kortrijk,Normaal,Droog,Dag,met lichtgewonden,9,personenauto,3,Fiets,Buiten Kruispunt,Gewestweg,binnen bebouwde kom,Tussen 2 bestuurders: Langs achteren,Geen hindernis
26714,16,Kortrijk 1,Kortrijk,50.83332,3.27777,0.8122747138235029,50.83527426674259,3.2666251494614222,2021,8,14,34022,Kortrijk,Normaal,Droog,Dag,met lichtgewonden,9,personenauto,3,Fiets,Buiten Kruispunt,Gewestweg,binnen bebouwde kom,Tussen 2 bestuurders: Langs achteren,Geen hindernis
26714,75,Kortrijk teller 2,Kortrijk,50.81925,3.25731,1.8981424105643563,50.83527426674259,3.2666251494614222,2021,8,14,34022,Kortrijk,Normaal,Droog,Dag,met lichtgewonden,9,personenauto,3,Fiets,Buiten Kruispunt,Gewestweg,binnen bebouwde kom,Tussen 2 bestuurders: Langs achteren,Geen hindernis
26714,74,Kortrijk teller 1,Kortrijk,50.81909,3.25728,1.915574484927249,50.83527426674259,3.2666251494614222,2021,8,14,34022,Kortrijk,Normaal,Droog,Dag,met lichtgewonden,9,personenauto,3,Fiets,Buiten Kruispunt,Gewestweg,binnen bebouwde kom,Tussen 2 bestuurders: Langs achteren,Geen hindernis
26719,84,Roeselare totem,Izegem,50.91717,3.18772,1.5345477412852255,50.90484607725792,3.1975703344691753,2021,8,13,36008,Izegem,Normaal,Droog,Dag,met lichtgewonden,9,personenauto,3,Fiets,Op Kruispunt,Gemeenteweg,binnen bebouwde kom,Tussen 2 bestuurders: Frontale botsing,Geen hindernis
26723,61,Wervik teller 2,Wervik,50.80555,3.0921,1.3493267735885144,50.801413876409576,3.110151354657338,2021,8,16,34027,Menen,Normaal,Droog,Dag,met lichtgewonden,3,Fiets,3,Fiets,Buiten Kruispunt,Gemeenteweg,binnen bebouwde kom,Tussen 2 bestuurders: Langs achteren,Geen hindernis
26723,62,Wervik teller 1,Wervik,50.8058,3.09154,1.3958530877095665,50.801413876409576,3.110151354657338,2021,8,16,34027,Menen,Normaal,Droog,Dag,met lichtgewonden,3,Fiets,3,Fiets,Buiten Kruispunt,Gemeenteweg,binnen bebouwde kom,Tussen 2 bestuurders: Langs achteren,Geen hindernis
26728,143,Eco Display Classic Budastraat,Kortrijk,50.83066,3.26286,0.4927425386656695,50.82996963494448,3.2559298222630475,2021,8,22,34022,Kortrijk,Normaal,Droog,"Nacht, openbare verlichting aanwezig en ontstoken",met lichtgewonden,3,Fiets,9,personenauto,Buiten Kruispunt,Gewestweg,binnen bebouwde kom,Tss. 2 best.: langs opzij (voor-/achterkant-flank),Geen hindernis