crash_row_id,site_id,site_name,site_gemeente,site_lat,site_long,distance_km,crash_lat,crash_long,DT_YEAR_COLLISION,DT_MONTH_COLLISION,DT_TIME,CD_NIS,TX_MUNTY_COLLISION_NL,TX_WEATHER_NL,TX_ROAD_CONDITION_NL,TX_LIGHT_CONDITION_NL,TX_CLASS_ACCIDENTS_NL,CD_ROAD_USR_TYPE1,TX_ROAD_USR_TYPE1_NL,CD_ROAD_USR_TYPE2,TX_ROAD_USR_TYPE2_NL,TX_CROSSWAY_NL,CD_ROAD_TYPE_NL,TX_BUILD_UP_AREA_NL,TX_COLLISION_TYPE_NL,TX_OBSTACLES_NL
26728,75,Kortrijk teller 2,Kortrijk,50.81925,3.25731,1.1959049331565834,50.82996963494448,3.2559298222630475,2021,8,22,34022,Kortrijk,Normaal,Droog,"Nacht, openbare verlichting aanwezig en ontstoken",met lichtgewonden,3,Fiets,9,personenauto,Buiten Kruispunt,Gewestweg,binnen bebouwde kom,Tss. 2 best.: langs opzij (voor-/achterkant-flank),Geen hindernis
26728,74,Kortrijk teller 1,Kortrijk,50.81909,3.25728,1.213471928480224,50.82996963494448,3.2559298222630475,2021,8,22,34022,Kortrijk,Normaal,Droog,"Nacht, openbare verlichting aanwezig en ontstoken",met lichtgewonden,3,Fiets,9,personenauto,Buiten Kruispunt,Gewestweg,binnen bebouwde kom,Tss. 2 best.: langs opzij (voor-/achterkant-flank),Geen hindernis
26728,17,Kortrijk 2,Kortrijk,50.83339,3.27773,1.5775753681302234,50.82996963494448,3.2559298222630475,2021,8,22,34022,Kortrijk,Normaal,Droog,"Nacht, openbare verlichting aanwezig en ontstoken",met lichtgewonden,3,Fiets,9,personenauto,Buiten Kruispunt,Gewestweg,binnen bebouwde kom,Tss. 2 best.: langs opzij (voor-/achterkant-flank),Geen hindernis
26728,16,Kortrijk 1,Kortrijk,50.83332,3.27777,1.5784478126589898,50.82996963494448,3.2559298222630475,2021,8,22,34022,Kortrijk,Normaal,Droog,"Nacht, openbare verlichting aanwezig en ontstoken",met lichtgewonden,3,Fiets,9,personenauto,Buiten Kruispunt,Gewestweg,binnen bebouwde kom,Tss. 2 best.: langs opzij (voor-/achterkant-flank),Geen hindernis
26729,16,Kortrijk 1,Kortrijk,50.83332,3.27777,0.7803050696311818,50.82642710120317,3.279853949609768,2021,8,20,34022,Kortrijk,Normaal,Droog,Dag,met lichtgewonden,3,Fiets,9,personenauto,Buiten Kruispunt,Gemeenteweg,binnen bebouwde kom,Tussen 2 bestuurders: Langs achteren,Geen hindernis
26729,17,Kortrijk 2,Kortrijk,50.83339,3.27773,0.7884785642948534,50.82642710120317,3.279853949609768,2021,8,20,34022,Kortrijk,Normaal,Droog,Dag,met lichtgewonden,3,Fiets,9,personenauto,Buiten Kruispunt,Gemeenteweg,binnen bebouwde kom,Tussen 2 bestuurders: Langs achteren,Geen hindernis
26729,143,Eco Display Classic Budastraat,Kortrijk,50.83066,3.26286,1.2830304258661227,50.82642710120317,3.279853949609768,2021,8,20,34022,Kortrijk,Normaal,Droog,Dag,met lichtgewonden,3,Fiets,9,personenauto,Buiten Kruispunt,Gemeenteweg,binnen bebouwde kom,Tussen 2 bestuurders: Langs achteren,Geen hindernis
26729,75,Kortrijk teller 2,Kortrijk,50.81925,3.25731,1.773307385578198,50.82642710120317,3.279853949609768,2021,8,20,34022,Kortrijk,Normaal,Droog,Dag,met lichtgewonden,3,Fiets,9,personenauto,Buiten Kruispunt,Gemeenteweg,binnen bebouwde kom,Tussen 2 bestuurders: Langs achteren,Geen hindernis
26729,74,Kortrijk teller 1,Kortrijk,50.81909,3.25728,1.7832609640729575,50.82642710120317,3.279853949609768,2021,8,20,34022,Kortrijk,Normaal,Droog,Dag,met lichtgewonden,3,Fiets,9,personenauto,Buiten Kruispunt,Gemeenteweg,binnen bebouwde kom,Tussen 2 bestuurders: Langs achteren,Geen hindernis
26731,143,Eco Display Classic Budastraat,Kortrijk,50.83066,3.26286,0.4603518580776823,50.83382883648143,3.25864163639929,2021,8,15,34022,Kortrijk,Normaal,Droog,Dag,met lichtgewonden,3,Fiets,3,Fiets,Op Kruispunt,Gewestweg,binnen bebouwde kom,Tussen 2 bestuurders: Frontale botsing,Geen hindernis
26731,17,Kortrijk 2,Kortrijk,50.83339,3.27773,1.3414233699108653,50.83382883648143,3.25864163639929,2021,8,15,34022,Kortrijk,Normaal,Droog,Dag,met lichtgewonden,3,Fiets,3,Fiets,Op Kruispunt,Gewestweg,binnen bebouwde kom,Tussen 2 bestuurders: Frontale botsing,Geen hindernis
26731,16,Kortrijk 1,Kortrijk,50.83332,3.27777,1.3445366884311991,50.83382883648143,3.25864163639929,2021,8,15,34022,Kortrijk,Normaal,Droog,Dag,met lichtgewonden,3,Fiets,3,Fiets,Op Kruispunt,Gewestweg,binnen bebouwde kom,Tussen 2 bestuurders: Frontale botsing,Geen hindernis
26731,75,Kortrijk teller 2,Kortrijk,50.81925,3.25731,1.623788674409005,50.83382883648143,3.25864163639929,2021,8,15,34022,Kortrijk,Normaal,Droog,Dag,met lichtgewonden,3,Fiets,3,Fiets,Op Kruispunt,Gewestweg,binnen bebouwde kom,Tussen 2 bestuurders: Frontale botsing,Geen hindernis
26731,74,Kortrijk teller 1,Kortrijk,50.81909,3.25728,1.641672062231042,50.83382883648143,3.25864163639929,2021,8,15,34022,Kortrijk,Normaal,Droog,Dag,met lichtgewonden,3,Fiets,3,Fiets,Op Kruispunt,Gewestweg,binnen bebouwde kom,Tussen 2 bestuurders: Frontale botsing,Geen hindernis
26732,16,Kortrijk 1,Kortrijk,50.83332,3.27777,1.417655965916223,50.82216665020424,3.2875480325390862,2021,8,16,34022,Kortrijk,Normaal,Droog,Dag,met lichtgewonden,9,personenauto,3,Fiets,Buiten Kruispunt,Gemeenteweg,binnen bebouwde kom,Tussen 2 bestuurders: Langs achteren,Geen hindernis
26732,17,Kortrijk 2,Kortrijk,50.83339,3.27773,1.4258266544179405,50.82216665020424,3.2875480325390862,2021,8,16,34022,Kortrijk,Normaal,Droog,Dag,met lichtgewonden,9,personenauto,3,Fiets,Buiten Kruispunt,Gemeenteweg,binnen bebouwde kom,Tussen 2 bestuurders: Langs achteren,Geen hindernis
26732,143,Eco Display Classic Budastraat,Kortrijk,50.83066,3.26286,1.9745565914900498,50.82216665020424,3.2875480325390862,2021,8,16,34022,Kortrijk,Normaal,Droog,Dag,met lichtgewonden,9,personenauto,3,Fiets,Buiten Kruispunt,Gemeenteweg,binnen bebouwde kom,Tussen 2 bestuurders: Langs achteren,Geen hindernis
26732,75,Kortrijk teller 2,Kortrijk,50.81925,3.25731,2.148756152740315,50.82216665020424,3.2875480325390862,2021,8,16,34022,Kortrijk,Normaal,Droog,Dag,met lichtgewonden,9,personenauto,3,Fiets,Buiten Kruispunt,Gemeenteweg,binnen bebouwde kom,Tussen 2 bestuurders: Langs achteren,Geen hindernis
26732,74,Kortrijk teller 1,Kortrijk,50.81909,3.25728,2.1535975316119953,50.82216665020424,3.2875480325390862,2021,8,16,34022,Kortrijk,Normaal,Droog,Dag,met lichtgewonden,9,personenauto,3,Fiets,Buiten Kruispunt,Gemeenteweg,binnen bebouwde kom,Tussen 2 bestuurders: Langs achteren,Geen hindernis
26733,143,Eco Display Classic Budastraat,Kortrijk,50.83066,3.26286,0.4899963410798319,50.83459899771719,3.2597320894889528,2021,8,11,34022,Kortrijk,Normaal,Droog,Dag,met zwaargewonden,3,Fiets,9,personenauto,Buiten Kruispunt,Gewestweg,binnen bebouwde kom,Tss. 2 best.: langs opzij (voor-/achterkant-flank),Geen hindernis
26733,17,Kortrijk 2,Kortrijk,50.83339,3.27773,1.2710740843124537,50.83459899771719,3.2597320894889528,2021,8,11,34022,Kortrijk,Normaal,Droog,Dag,met zwaargewonden,3,Fiets,9,personenauto,Buiten Kruispunt,Gewestweg,binnen bebouwde kom,Tss. 2 best.: langs opzij (voor-/achterkant-flank),Geen hindernis
26733,16,Kortrijk 1,Kortrijk,50.83332,3.27777,1.2747133271389561,50.83459899771719,3.2597320894889528,2021,8,11,34022,Kortrijk,Normaal,Droog,Dag,met zwaargewonden,3,Fiets,9,personenauto,Buiten Kruispunt,Gewestweg,binnen bebouwde kom,Tss. 2 best.: langs opzij (voor-/achterkant-flank),Geen hindernis
26733,75,Kortrijk teller 2,Kortrijk,50.81925,3.25731,1.715188414408323,50.83459899771719,3.2597320894889528,2021,8,11,34022,Kortrijk,Normaal,Droog,Dag,met zwaargewonden,3,Fiets,9,personenauto,Buiten Kruispunt,Gewestweg,binnen bebouwde kom,Tss. 2 best.: langs opzij (voor-/achterkant-flank),Geen hindernis
26733,74,Kortrijk teller 1,Kortrijk,50.81909,3.25728,1.733100932505312,50.83459899771719,3.2597320894889528,2021,8,11,34022,Kortrijk,Normaal,Droog,Dag,met zwaargewonden,3,Fiets,9,personenauto,Buiten Kruispunt,Gewestweg,binnen bebouwde kom,Tss. 2 best.: langs opzij (voor-/achterkant-flank),Geen hindernis
26734,143,Eco Display Classic Budastraat,Kortrijk,50.83066,3.26286,0.7373416395696278,50.837275802547104,3.26214787420422,2021,8,18,34022,Kortrijk,Normaal,Droog,Dag,met lichtgewonden,9,personenauto,3,Fiets,Buiten Kruispunt,Gewestweg,binnen bebouwde kom,Tussen 2 bestuurders: Flank tegen flank,Geen hindernis
26734,17,Kortrijk 2,Kortrijk,50.83339,3.27773,1.1764770267299642,50.837275802547104,3.26214787420422,2021,8,18,34022,Kortrijk,Normaal,Droog,Dag,met lichtgewonden,9,personenauto,3,Fiets,Buiten Kruispunt,Gewestweg,binnen bebouwde kom,Tussen 2 bestuurders: Flank tegen flank,Geen hindernis
26734,16,Kortrijk 1,Kortrijk,50.83332,3.27777,1.1819654772215045,50.837275802547104,3.26214787420422,2021,8,18,34022,Kortrijk,Normaal,Droog,Dag,met lichtgewonden,9,personenauto,3,Fiets,Buiten Kruispunt,Gewestweg,binnen bebouwde kom,Tussen 2 bestuurders: Flank tegen flank,Geen hindernis
26734,75,Kortrijk teller 2,Kortrijk,50.81925,3.25731,2.03297549392916,50.837275802547104,3.26214787420422,2021,8,18,34022,Kortrijk,Normaal,Droog,Dag,met lichtgewonden,9,personenauto,3,Fiets,Buiten Kruispunt,Gewestweg,binnen bebouwde kom,Tussen 2 bestuurders: Flank tegen flank,Geen hindernis
26734,74,Kortrijk teller 1,Kortrijk,50.81909,3.25728,2.0508688866161715,50.837275802547104,3.26214787420422,2021,8,18,34022,Kortrijk,Normaal,Droog,Dag,met lichtgewonden,9,personenauto,3,Fiets,Buiten Kruispunt,Gewestweg,binnen bebouwde kom,Tussen 2 bestuurders: Flank tegen flank,Geen hindernis
26743,55,Torhout teller 1,Torhout,51.07161,3.08261,1.7361513850161028,51.08624563635594,3.073952688364899,2021,8,17,31033,Torhout,Normaal,Droog,Dag,met lichtgewonden,7,Motorfiets,3,Fiets,Buiten Kruispunt,Gemeenteweg,binnen bebouwde kom,Tss. 2 best.: langs opzij (voor-/achterkant-flank),Geen hindernis
26743,56,Torhout teller 2,Torhout,51.07147,3.08244,1.7466854541623618,51.08624563635594,3.073952688364899,2021,8,17,31033,Torhout,Normaal,Droog,Dag,met lichtgewonden,7,Motorfiets,3,Fiets,Buiten Kruispunt,Gemeenteweg,binnen bebouwde kom,Tss. 2 best.: langs opzij (voor-/achterkant-flank),Geen hindernis
26747,67,Ieper totem,Ieper,50.85018,2.85624,1.6975015552638888,50.84848096818703,2.8802692575828504,2021,8,16,33011,Ieper,Regenval,"Nat, plassen",Dag,met lichtgewonden,3,Fiets,10,"één bestuurder, geen hindernis",Buiten Kruispunt,Gemeenteweg,binnen bebouwde kom,"Eén bestuurder, geen hindernis (incl. val)",Geen hindernis
26747,68,Ieper,Ieper,50.85032,2.85608,1.710453596679555,50.84848096818703,2.8802692575828504,2021,8,16,33011,Ieper,Regenval,"Nat, plassen",Dag,met lichtgewonden,3,Fiets,10,"één bestuurder, geen hindernis",Buiten Kruispunt,Gemeenteweg,binnen bebouwde kom,"Eén bestuurder, geen hindernis (incl. val)",Geen hindernis
26749,67,Ieper totem,Ieper,50.85018,2.85624,1.1981886454925876,50.85031610574896,2.8733061588271616,2021,8,10,33011,Ieper,Normaal,Droog,Dag,met zwaargewonden,3,Fiets,10,"één bestuurder, geen hindernis",Buiten Kruispunt,Gewestweg,buiten bebouwde kom,"Eén bestuurder, geen hindernis (incl. val)",Geen hindernis
26749,68,Ieper,Ieper,50.85032,2.85608,1.2093237808928805,50.85031610574896,2.8733061588271616,2021,8,10,33011,Ieper,Normaal,Droog,Dag,met zwaargewonden,3,Fiets,10,"één bestuurder, geen hindernis",Buiten Kruispunt,Gewestweg,buiten bebouwde kom,"Eén bestuurder, geen hindernis (incl. val)",Geen hindernis
26759,41,Maasmechelen teller 1,Maasmechelen,50.97025,5.69799,1.2409737041894877,50.96010783273486,5.705384853844142,2021,8,20,73107,Maasmechelen,Normaal,Droog,Dag,met lichtgewonden,9,personenauto,3,Fiets,Op Kruispunt,Gewestweg,binnen bebouwde kom,Tss. 2 best.: langs opzij (voor-/achterkant-flank),Geen hindernis
26759,42,Maasmechelen teller 2,Maasmechelen,50.97043,5.6981,1.2560416286889984,50.96010783273486,5.705384853844142,2021,8,20,73107,Maasmechelen,Normaal,Droog,Dag,met lichtgewonden,9,personenauto,3,Fiets,Op Kruispunt,Gewestweg,binnen bebouwde kom,Tss. 2 best.: langs opzij (voor-/achterkant-flank),Geen hindernis
26760,42,Maasmechelen teller 2,Maasmechelen,50.97043,5.6981,1.7044104274483882,50.985435367496436,5.693130355271505,2021,7,21,73107,Maasmechelen,Normaal,Droog,"Nacht, openbare verlichting aanwezig en ontstoken",met lichtgewonden,3,Fiets,9,personenauto,Buiten Kruispunt,Gemeenteweg,binnen bebouwde kom,Tussen 2 bestuurders: Langs achteren,Geen hindernis
26760,41,Maasmechelen teller 1,Maasmechelen,50.97025,5.69799,1.7224713507475164,50.985435367496436,5.693130355271505,2021,7,21,73107,Maasmechelen,Normaal,Droog,"Nacht, openbare verlichting aanwezig en ontstoken",met lichtgewonden,3,Fiets,9,personenauto,Buiten Kruispunt,Gemeenteweg,binnen bebouwde kom,Tussen 2 bestuurders: Langs achteren,Geen hindernis
26764,124,Beveren teller 2,Beveren,51.1964712,4.2361077,1.7129833066172342,51.209549879131785,4.249100158139991,2021,8,22,46003,Beveren,Normaal,Droog,"Nacht, openbare verlichting aanwezig en ontstoken",met lichtgewonden,9,personenauto,3,Fiets,Op Kruispunt,Gewestweg,binnen bebouwde kom,Tss. 2 best.: langs opzij (voor-/achterkant-flank),Geen hindernis
26765,124,Beveren teller 2,Beveren,51.1964712,4.2361077,0.7714701578263742,51.20340879611215,4.236226847058139,2021,8,18,46003,Beveren,Normaal,"Nat, plassen",Dag,met lichtgewonden,3,Fiets,3,Fiets,Buiten Kruispunt,Gewestweg,binnen bebouwde kom,Tussen 2 bestuurders: Langs achteren,Geen hindernis
26766,106,St. pieters leeuw teller 1,Sint-Pieters-Leeuw,50.75533,4.24951,2.0860305993260595,50.773948035664574,4.245866469914793,2021,8,17,23077,Sint-Pieters-Leeuw,Normaal,Droog,Dag,met lichtgewonden,3,Fiets,9,personenauto,Op Kruispunt,Gemeenteweg,binnen bebouwde kom,Tss. 2 best.: langs opzij (voor-/achterkant-flank),Geen hindernis
26766,105,St. pieters leeuw teller 2,Halle,50.75509,4.24943,2.111842745850145,50.773948035664574,4.245866469914793,2021,8,17,23077,Sint-Pieters-Leeuw,Normaal,Droog,Dag,met lichtgewonden,3,Fiets,9,personenauto,Op Kruispunt,Gemeenteweg,binnen bebouwde kom,Tss. 2 best.: langs opzij (voor-/achterkant-flank),Geen hindernis
26767,106,St. pieters leeuw teller 1,Sint-Pieters-Leeuw,50.75533,4.24951,2.1558903590954013,50.7592757091597,4.279517035148495,2021,8,13,23003,Beersel,Normaal,Droog,Dag,met lichtgewonden,9,personenauto,3,Fiets,Op Kruispunt,Gemeenteweg,binnen bebouwde kom,Tussen 2 bestuurders: Flank tegen flank,Geen hindernis
26767,105,St. pieters leeuw teller 2,Halle,50.75509,4.24943,2.166980323336064,50.7592757091597,4.279517035148495,2021,8,13,23003,Beersel,Normaal,Droog,Dag,met lichtgewonden,9,personenauto,3,Fiets,Op Kruispunt,Gemeenteweg,binnen bebouwde kom,Tussen 2 bestuurders: Flank tegen flank,Geen hindernis
26768,99,Mechelen teller 1,Mechelen,51.04564,4.46882,2.0949610078999994,51.0268168327665,4.470102541576407,2021,8,16,12025,Mechelen,Normaal,Droog,Dag,met lichtgewonden,3,Fiets,6,Bromfiets,Op Kruispunt,Gewestweg,binnen bebouwde kom,Tss. 2 best.: langs opzij (voor-/achterkant-flank),Geen hindernis
26768,100,Mechelen teller 2,Mechelen,51.0457,4.46883,2.1015968843850117,51.0268168327665,4.470102541576407,2021,8,16,12025,Mechelen,Normaal,Droog,Dag,met lichtgewonden,3,Fiets,6,Bromfiets,Op Kruispunt,Gewestweg,binnen bebouwde kom,Tss. 2 best.: langs opzij (voor-/achterkant-flank),Geen hindernis
26769,99,Mechelen teller 1,Mechelen,51.04564,4.46882,0.6753060486357615,51.03993898268396,4.472149331220082,2021,8,17,12025,Mechelen,Normaal,Droog,Dag,met lichtgewonden,9,personenauto,3,Fiets,Op Kruispunt,Gewestweg,binnen bebouwde kom,Tss. 2 best.: langs opzij (voor-/achterkant-flank),Geen hindernis
26769,100,Mechelen teller 2,Mechelen,51.0457,4.46883,0.6813342994014995,51.03993898268396,4.472149331220082,2021,8,17,12025,Mechelen,Normaal,Droog,Dag,met lichtgewonden,9,personenauto,3,Fiets,Op Kruispunt,Gewestweg,binnen bebouwde kom,Tss. 2 best.: langs opzij (voor-/achterkant-flank),Geen hindernis
26770,100,Mechelen teller 2,Mechelen,51.0457,4.46883,1.3308474826726986,51.04529633180326,4.4878561355004685,2021,8,18,12025,Mechelen,Normaal,Droog,Dag,met lichtgewonden,3,Fiets,10,"één bestuurder, geen hindernis",Buiten Kruispunt,Gemeenteweg,binnen bebouwde kom,"Eén bestuurder, geen hindernis (incl. val)",Geen hindernis
26770,99,Mechelen teller 1,Mechelen,51.04564,4.46882,1.3313388305079406,51.04529633180326,4.4878561355004685,2021,8,18,12025,Mechelen,Normaal,Droog,Dag,met lichtgewonden,3,Fiets,10,"één bestuurder, geen hindernis",Buiten Kruispunt,Gemeenteweg,binnen bebouwde kom,"Eén bestuurder, geen hindernis (incl. val)",Geen hindernis
26773,99,Mechelen teller 1,Mechelen,51.04564,4.46882,2.349125752122875,51.026028634944495,4.481312327407841,2021,8,20,12025,Mechelen,Normaal,Droog,Dag,met lichtgewonden,3,Fiets,3,Fiets,Buiten Kruispunt,Gemeenteweg,binnen bebouwde kom,Tussen 2 bestuurders: Frontale botsing,Geen hindernis
26773,100,Mechelen teller 2,Mechelen,51.0457,4.46883,2.3550609279814627,51.026028634944495,4.481312327407841,2021,8,20,12025,Mechelen,Normaal,Droog,Dag,met lichtgewonden,3,Fiets,3,Fiets,Buiten Kruispunt,Gemeenteweg,binnen bebouwde kom,Tussen 2 bestuurders: Frontale botsing,Geen hindernis
26776,30,Herk De Stad,Herk-de-Stad,50.94374,5.17691,2.368658742097397,50.944034834166715,5.143105118951231,2021,8,18,71024,Herk-de-Stad,Normaal,Droog,Dag,met lichtgewonden,9,personenauto,3,Fiets,Buiten Kruispunt,Gewestweg,buiten bebouwde kom,Tss. 2 best.: langs opzij (voor-/achterkant-flank),Geen hindernis
26776,31,Herk De Stad,Herk-de-Stad,50.94366,5.1775,2.4101308266383663,50.944034834166715,5.143105118951231,2021,8,18,71024,Herk-de-Stad,Normaal,Droog,Dag,met lichtgewonden,9,personenauto,3,Fiets,Buiten Kruispunt,Gewestweg,buiten bebouwde kom,Tss. 2 best.: langs opzij (voor-/achterkant-flank),Geen hindernis
26777,140,Hasselt ring,Hasselt,50.9300038,5.3438616,0.5362058264746626,50.93395148943885,5.3394674396747,2021,8,10,71022,Hasselt,Normaal,Droog,Dag,met lichtgewonden,3,Fiets,9,personenauto,Op Kruispunt,Gewestweg,binnen bebouwde kom,Tss. 2 best.: langs opzij (voor-/achterkant-flank),Geen hindernis
26777,138,Hasselt-Kempische brug,Hasselt,50.9405318,5.3422472,0.7571797093193716,50.93395148943885,5.3394674396747,2021,8,10,71022,Hasselt,Normaal,Droog,Dag,met lichtgewonden,3,Fiets,9,personenauto,Op Kruispunt,Gewestweg,binnen bebouwde kom,Tss. 2 best.: langs opzij (voor-/achterkant-flank),Geen hindernis
26777,137,Hasselt-Kempische brug,Hasselt,50.9411605,5.3417576,0.8175104525275575,50.93395148943885,5.3394674396747,2021,8,10,71022,Hasselt,Normaal,Droog,Dag,met lichtgewonden,3,Fiets,9,personenauto,Op Kruispunt,Gewestweg,binnen bebouwde kom,Tss. 2 best.: langs opzij (voor-/achterkant-flank),Geen hindernis
26780,140,Hasselt ring,Hasselt,50.9300038,5.3438616,1.1714252679280308,50.932696364803036,5.3277014069378845,2021,8,21,71022,Hasselt,Normaal,Droog,Dageraad - schemering,met lichtgewonden,3,Fiets,3,Fiets,Op Kruispunt,Gewestweg,buiten bebouwde kom,Tss. 2 best.: langs opzij (voor-/achterkant-flank),Geen hindernis
26780,138,Hasselt-Kempische brug,Hasselt,50.9405318,5.3422472,1.34089330932164,50.932696364803036,5.3277014069378845,2021,8,21,71022,Hasselt,Normaal,Droog,Dageraad - schemering,met lichtgewonden,3,Fiets,3,Fiets,Op Kruispunt,Gewestweg,buiten bebouwde kom,Tss. 2 best.: langs opzij (voor-/achterkant-flank),Geen hindernis
26780,137,Hasselt-Kempische brug,Hasselt,50.9411605,5.3417576,1.3623235435245122,50.932696364803036,5.3277014069378845,2021,8,21,71022,Hasselt,Normaal,Droog,Dageraad - schemering,met lichtgewonden,3,Fiets,3,Fiets,Op Kruispunt,Gewestweg,buiten bebouwde kom,Tss. 2 best.: langs opzij (voor-/achterkant-flank),Geen hindernis
26783,150,Bertem,District Leuven,50.8687535,4.56136297,2.3651458214792096,50.85220315332526,4.5401960768626894,2021,8,15,24104,Tervuren,Normaal,Droog,Dag,met lichtgewonden,3,Fiets,10,"één bestuurder, geen hindernis",Buiten Kruispunt,Gemeenteweg,buiten bebouwde kom,"Eén bestuurder, geen hindernis (incl. val)",Geen hindernis
26785,76,Heverlee teller 2,Leuven,50.84606,4.69597,0.7404295493919398,50.83949719477655,4.697754531918359,2021,8,2,24062,Leuven,Normaal,Droog,"Nacht, openbare verlichting aanwezig en ontstoken",met lichtgewonden,3,Fiets,10,"één bestuurder, geen hindernis",Buiten Kruispunt,Gewestweg,buiten bebouwde kom,"Eén bestuurder, geen hindernis (incl. val)",Geen hindernis
26785,108,Heverlee teller 1,Leuven,50.8471728,4.6954674,0.8684644837291535,50.83949719477655,4.697754531918359,2021,8,2,24062,Leuven,Normaal,Droog,"Nacht, openbare verlichting aanwezig en ontstoken",met lichtgewonden,3,Fiets,10,"één bestuurder, geen hindernis",Buiten Kruispunt,Gewestweg,buiten bebouwde kom,"Eén bestuurder, geen hindernis (incl. val)",Geen hindernis
26788,14,Genk,Genk,50.97172,5.48927,0.7253599592183122,50.97632946534991,5.481939368133975,2021,8,16,71016,Genk,Normaal,Droog,Dag,met lichtgewonden,3,Fiets,9,personenauto,Buiten Kruispunt,Gemeenteweg,buiten bebouwde kom,Tussen 2 bestuurders: Langs achteren,Geen hindernis
26789,14,Genk,Genk,50.97172,5.48927,0.9697222760580183,50.97636695621049,5.477550063121932,2021,8,10,71016,Genk,Normaal,Droog,Dag,met lichtgewonden,9,personenauto,3,Fiets,Buiten Kruispunt,Gemeenteweg,buiten bebouwde kom,Tss. 2 best.: langs opzij (voor-/achterkant-flank),Geen hindernis
26790,14,Genk,Genk,50.97172,5.48927,0.4648293729448624,50.97588350071017,5.489864774986192,2021,8,9,71016,Genk,Normaal,Droog,Dag,met lichtgewonden,9,personenauto,3,Fiets,Op Kruispunt,Gemeenteweg,buiten bebouwde kom,Tss. 2 best.: langs opzij (voor-/achterkant-flank),Geen hindernis
26791,48,As,As,51.00509,5.60389,1.0682210777652463,51.00754070917616,5.589127793311034,2021,8,17,71002,As,Regenval,"Nat, plassen",Dag,met lichtgewonden,3,Fiets,9,personenauto,Op Kruispunt,Gewestweg,buiten bebouwde kom,Tss. 2 best.: langs opzij (voor-/achterkant-flank),Geen hindernis
26795,48,As,As,51.00509,5.60389,0.5787522968329313,51.00899234721859,5.609363621411955,2021,8,11,71002,As,Normaal,Droog,Dag,met lichtgewonden,3,Fiets,10,"één bestuurder, geen hindernis",Buiten Kruispunt,Gemeenteweg,binnen bebouwde kom,"Eén bestuurder, geen hindernis (incl. val)",Geen hindernis
26796,139,Houthalen-Helchteren,Houthalen-Helchteren,51.0644267,5.3819796,1.2067870935292662,51.07522497893411,5.380249019563033,2021,8,15,72039,Houthalen-Helchteren,Normaal,Droog,Dag,met zwaargewonden,3,Fiets,11,een weggebruiker tegen een hindernis,Buiten Kruispunt,Gewestweg,buiten bebouwde kom,Weggebruiker tegen hindernis op de rijbaan,"Op de rijbaan: Put, straatgoot, tramspoor"
26797,14,Genk,Genk,50.97172,5.48927,1.1751299082213207,50.96352952070043,5.4998749002149525,2021,8,11,71016,Genk,Normaal,Droog,Dag,met lichtgewonden,9,personenauto,3,Fiets,Op Kruispunt,Gewestweg,binnen bebouwde kom,Tss. 2 best.: langs opzij (voor-/achterkant-flank),Geen hindernis
26806,23,Tienen 3,Tienen,50.81324,4.93447,0.4491152061330038,50.809231458050874,4.933686608353017,2021,8,14,24107,Tienen,Normaal,Droog,Dag,met lichtgewonden,3,Fiets,9,personenauto,Buiten Kruispunt,Gemeenteweg,binnen bebouwde kom,Tss. 2 best.: langs opzij (voor-/achterkant-flank),Geen hindernis
26806,24,Tienen 1,Tienen,50.8133795491886,4.935044252605416,0.47100718737915315,50.809231458050874,4.933686608353017,2021,8,14,24107,Tienen,Normaal,Droog,Dag,met lichtgewonden,3,Fiets,9,personenauto,Buiten Kruispunt,Gemeenteweg,binnen bebouwde kom,Tss. 2 best.: langs opzij (voor-/achterkant-flank),Geen hindernis
26806,22,Tienen 2,Tienen,50.81330800184882,4.935984252796022,0.48118009696941044,50.809231458050874,4.933686608353017,2021,8,14,24107,Tienen,Normaal,Droog,Dag,met lichtgewonden,3,Fiets,9,personenauto,Buiten Kruispunt,Gemeenteweg,binnen bebouwde kom,Tss. 2 best.: langs opzij (voor-/achterkant-flank),Geen hindernis
26940,2,Brasschaat 2,Brasschaat,51.27512,4.47169,0.5236650417567879,51.27389729808491,4.464420156623982,2021,9,15,11008,Brasschaat,Normaal,Droog,Dag,met lichtgewonden,3,Fiets,9,personenauto,Op Kruispunt,Gemeenteweg,binnen bebouwde kom,Tss. 2 best.: langs opzij (voor-/achterkant-flank),Geen hindernis
26940,3,Brasschaat 1,Brasschaat,51.27503,4.47222,0.557003408192626,51.27389729808491,4.464420156623982,2021,9,15,11008,Brasschaat,Normaal,Droog,Dag,met lichtgewonden,3,Fiets,9,personenauto,Op Kruispunt,Gemeenteweg,binnen bebouwde kom,Tss. 2 best.: langs opzij (voor-/achterkant-flank),Geen hindernis
26944,3,Brasschaat 1,Brasschaat,51.27503,4.47222,1.96984906894316,51.257849442235134,4.465316261915629,2021,9,10,11040,Schoten,Normaal,Droog,Dag,met lichtgewonden,9,personenauto,3,Fiets,Buiten Kruispunt,Gewestweg,binnen bebouwde kom,Tss. 2 best.: langs opzij (voor-/achterkant-flank),Geen hindernis
26944,2,Brasschaat 2,Brasschaat,51.27512,4.47169,1.9709332692280739,51.257849442235134,4.465316261915629,2021,9,10,11040,Schoten,Normaal,Droog,Dag,met lichtgewonden,9,personenauto,3,Fiets,Buiten Kruispunt,Gewestweg,binnen bebouwde kom,Tss. 2 best.: langs opzij (voor-/achterkant-flank),Geen hindernis