crash_row_id,site_id,site_name,site_gemeente,site_lat,site_long,distance_km,crash_lat,crash_long,DT_YEAR_COLLISION,DT_MONTH_COLLISION,DT_TIME,CD_NIS,TX_MUNTY_COLLISION_NL,TX_WEATHER_NL,TX_ROAD_CONDITION_NL,TX_LIGHT_CONDITION_NL,TX_CLASS_ACCIDENTS_NL,CD_ROAD_USR_TYPE1,TX_ROAD_USR_TYPE1_NL,CD_ROAD_USR_TYPE2,TX_ROAD_USR_TYPE2_NL,TX_CROSSWAY_NL,CD_ROAD_TYPE_NL,TX_BUILD_UP_AREA_NL,TX_COLLISION_TYPE_NL,TX_OBSTACLES_NL
26948,2,Brasschaat 2,Brasschaat,51.27512,4.47169,1.0464170928722925,51.26710659058493,4.463803408470611,2021,9,13,11040,Schoten,Normaal,Droog,Dag,met zwaargewonden,9,personenauto,3,Fiets,Buiten Kruispunt,Gewestweg,binnen bebouwde kom,Tss. 2 best.: langs opzij (voor-/achterkant-flank),Geen hindernis
26948,3,Brasschaat 1,Brasschaat,51.27503,4.47222,1.057862446591111,51.26710659058493,4.463803408470611,2021,9,13,11040,Schoten,Normaal,Droog,Dag,met zwaargewonden,9,personenauto,3,Fiets,Buiten Kruispunt,Gewestweg,binnen bebouwde kom,Tss. 2 best.: langs opzij (voor-/achterkant-flank),Geen hindernis
26952,103,Malle teller 1,Malle,51.31681,4.73872,2.1344304771199036,51.29766963221386,4.736396682637628,2021,9,11,11057,Malle,Normaal,Droog,Dag,met zwaargewonden,3,Fiets,4,Vrachtwagen,Buiten Kruispunt,Gewestweg,binnen bebouwde kom,Tussen 2 bestuurders: Frontale botsing,Geen hindernis
26952,104,Malle teller 2,Malle,51.31682,4.73852,2.1345328724391472,51.29766963221386,4.736396682637628,2021,9,11,11057,Malle,Normaal,Droog,Dag,met zwaargewonden,3,Fiets,4,Vrachtwagen,Buiten Kruispunt,Gewestweg,binnen bebouwde kom,Tussen 2 bestuurders: Frontale botsing,Geen hindernis
26967,96,Lier teller 2,Lier,51.11705,4.58444,2.481736588402431,51.135620663934795,4.5647145743204565,2021,9,14,12021,Lier,Regenval,"Nat, plassen",Dag,met lichtgewonden,3,Fiets,11,een weggebruiker tegen een hindernis,Buiten Kruispunt,Gemeenteweg,binnen bebouwde kom,Weggebruiker tegen hindernis op de rijbaan,"Op de rijbaan: Werken (signal., aarde, toestel,…)"
26967,95,Lier teller 1,Lier,51.11687,4.58437,2.4957283328230973,51.135620663934795,4.5647145743204565,2021,9,14,12021,Lier,Regenval,"Nat, plassen",Dag,met lichtgewonden,3,Fiets,11,een weggebruiker tegen een hindernis,Buiten Kruispunt,Gemeenteweg,binnen bebouwde kom,Weggebruiker tegen hindernis op de rijbaan,"Op de rijbaan: Werken (signal., aarde, toestel,…)"
26969,93,Nijlen teller 2,Nijlen,51.14998,4.64469,1.555529464966258,51.15570589086833,4.624341161089127,2021,9,8,12026,Nijlen,Normaal,Droog,Dag,met lichtgewonden,9,personenauto,3,Fiets,Buiten Kruispunt,Gemeenteweg,buiten bebouwde kom,Tss. 2 best.: langs opzij (voor-/achterkant-flank),Geen hindernis
26969,92,Nijlen teller 1,Nijlen,51.14989,4.64479,1.5660031141161095,51.15570589086833,4.624341161089127,2021,9,8,12026,Nijlen,Normaal,Droog,Dag,met lichtgewonden,9,personenauto,3,Fiets,Buiten Kruispunt,Gemeenteweg,buiten bebouwde kom,Tss. 2 best.: langs opzij (voor-/achterkant-flank),Geen hindernis
26970,8,Heist op den Berg 1,Heist-op-den-Berg,51.06759,4.68823,2.1066017748630905,51.049325467132505,4.6962365834635245,2021,9,12,12014,Heist-op-den-Berg,Normaal,Droog,Dag,met zwaargewonden,3,Fiets,10,"één bestuurder, geen hindernis",Buiten Kruispunt,Gemeenteweg,buiten bebouwde kom,"Eén bestuurder, geen hindernis (incl. val)",Geen hindernis
26970,9,Heist op den Berg 2,Heist-op-den-Berg,51.06904,4.69524,2.1932622031634015,51.049325467132505,4.6962365834635245,2021,9,12,12014,Heist-op-den-Berg,Normaal,Droog,Dag,met zwaargewonden,3,Fiets,10,"één bestuurder, geen hindernis",Buiten Kruispunt,Gemeenteweg,buiten bebouwde kom,"Eén bestuurder, geen hindernis (incl. val)",Geen hindernis
26972,9,Heist op den Berg 2,Heist-op-den-Berg,51.06904,4.69524,1.8170765565341571,51.05774494293025,4.714030999565576,2021,9,19,12014,Heist-op-den-Berg,Normaal,Droog,Dag,met lichtgewonden,3,Fiets,3,Fiets,Op Kruispunt,Gemeenteweg,binnen bebouwde kom,Tussen 2 bestuurders: Frontale botsing,Geen hindernis
26972,8,Heist op den Berg 1,Heist-op-den-Berg,51.06759,4.68823,2.1093544969407807,51.05774494293025,4.714030999565576,2021,9,19,12014,Heist-op-den-Berg,Normaal,Droog,Dag,met lichtgewonden,3,Fiets,3,Fiets,Op Kruispunt,Gemeenteweg,binnen bebouwde kom,Tussen 2 bestuurders: Frontale botsing,Geen hindernis
26985,88,Westerlo teller 1,Westerlo,51.082,4.91325,2.406325052323275,51.10357965950582,4.915834037473649,2021,9,19,13049,Westerlo,Regenval,"Nat, plassen","Nacht, openbare verlichting aanwezig en ontstoken",met lichtgewonden,3,Fiets,10,"één bestuurder, geen hindernis",Buiten Kruispunt,Gemeenteweg,binnen bebouwde kom,"Eén bestuurder, geen hindernis (incl. val)",Geen hindernis
26985,89,Westerlo teller 2,Westerlo,51.08191,4.91334,2.4158432515037362,51.10357965950582,4.915834037473649,2021,9,19,13049,Westerlo,Regenval,"Nat, plassen","Nacht, openbare verlichting aanwezig en ontstoken",met lichtgewonden,3,Fiets,10,"één bestuurder, geen hindernis",Buiten Kruispunt,Gemeenteweg,binnen bebouwde kom,"Eén bestuurder, geen hindernis (incl. val)",Geen hindernis
26987,98,Geel teller 2,Geel,51.1481,4.99643,0.7150613953246063,51.15431842353714,4.993817656850524,2021,9,14,13008,Geel,Normaal,Droog+Proper,Dag,met lichtgewonden,9,personenauto,3,Fiets,Op Kruispunt,Gewestweg,binnen bebouwde kom,Tussen 2 bestuurders: Flank tegen flank,Geen hindernis
26987,97,Geel teller 1,Geel,51.14813,4.99698,0.7226078098670077,51.15431842353714,4.993817656850524,2021,9,14,13008,Geel,Normaal,Droog+Proper,Dag,met lichtgewonden,9,personenauto,3,Fiets,Op Kruispunt,Gewestweg,binnen bebouwde kom,Tussen 2 bestuurders: Flank tegen flank,Geen hindernis
26991,135,Retie 2,Dessel,51.2544998,5.1040064,1.6400107676523552,51.239929594424616,5.107663781998398,2021,9,13,13006,Dessel,Regenval,"Nat, plassen",Dag,met zwaargewonden,9,personenauto,3,Fiets,Op Kruispunt,Gemeenteweg,buiten bebouwde kom,Tss. 2 best.: langs opzij (voor-/achterkant-flank),Geen hindernis
26991,134,Retie,Dessel,51.2548405,5.1037658,1.6800688467355867,51.239929594424616,5.107663781998398,2021,9,13,13006,Dessel,Regenval,"Nat, plassen",Dag,met zwaargewonden,9,personenauto,3,Fiets,Op Kruispunt,Gemeenteweg,buiten bebouwde kom,Tss. 2 best.: langs opzij (voor-/achterkant-flank),Geen hindernis
26992,135,Retie 2,Dessel,51.2544998,5.1040064,0.639984169156664,51.24926510209805,5.107828856994023,2021,9,8,13006,Dessel,Normaal,Droog,Dag,met lichtgewonden,3,Fiets,9,personenauto,Op Kruispunt,Gewestweg,buiten bebouwde kom,Tss. 2 best.: langs opzij (voor-/achterkant-flank),Geen hindernis
26992,134,Retie,Dessel,51.2548405,5.1037658,0.6814004874644582,51.24926510209805,5.107828856994023,2021,9,8,13006,Dessel,Normaal,Droog,Dag,met lichtgewonden,3,Fiets,9,personenauto,Op Kruispunt,Gewestweg,buiten bebouwde kom,Tss. 2 best.: langs opzij (voor-/achterkant-flank),Geen hindernis
26997,94,Herentals teller 2,Herentals,51.17345,4.81283,1.8065068792217431,51.173959188773054,4.838730039365087,2021,9,16,13011,Herentals,Normaal,Droog,Dag,met lichtgewonden,9,personenauto,3,Fiets,Buiten Kruispunt,Gewestweg,binnen bebouwde kom,Tss. 2 best.: langs opzij (voor-/achterkant-flank),Geen hindernis
26997,110,Herentals totem,Herentals,51.1739426,4.811783,1.8786017868295195,51.173959188773054,4.838730039365087,2021,9,16,13011,Herentals,Normaal,Droog,Dag,met lichtgewonden,9,personenauto,3,Fiets,Buiten Kruispunt,Gewestweg,binnen bebouwde kom,Tss. 2 best.: langs opzij (voor-/achterkant-flank),Geen hindernis
26998,94,Herentals teller 2,Herentals,51.17345,4.81283,1.8305003894797929,51.15700244598617,4.811727202136564,2021,9,10,13011,Herentals,Normaal,Droog,Dag,met lichtgewonden,5,Lichte vrachtauto,3,Fiets,Op Kruispunt,Gemeenteweg,buiten bebouwde kom,Tss. 2 best.: langs opzij (voor-/achterkant-flank),Geen hindernis
26998,110,Herentals totem,Herentals,51.1739426,4.811783,1.883663200905579,51.15700244598617,4.811727202136564,2021,9,10,13011,Herentals,Normaal,Droog,Dag,met lichtgewonden,5,Lichte vrachtauto,3,Fiets,Op Kruispunt,Gemeenteweg,buiten bebouwde kom,Tss. 2 best.: langs opzij (voor-/achterkant-flank),Geen hindernis
26999,94,Herentals teller 2,Herentals,51.17345,4.81283,1.4858869869185956,51.16423632240706,4.828265687731125,2021,9,15,13011,Herentals,Normaal,Droog,Dag,met lichtgewonden,3,Fiets,11,een weggebruiker tegen een hindernis,Buiten Kruispunt,Gemeenteweg,binnen bebouwde kom,Weggebruiker tegen hindernis op de rijbaan,"Op de rijbaan: Verkeersdrempel, ezelsrug"
26999,110,Herentals totem,Herentals,51.1739426,4.811783,1.576557995176774,51.16423632240706,4.828265687731125,2021,9,15,13011,Herentals,Normaal,Droog,Dag,met lichtgewonden,3,Fiets,11,een weggebruiker tegen een hindernis,Buiten Kruispunt,Gemeenteweg,binnen bebouwde kom,Weggebruiker tegen hindernis op de rijbaan,"Op de rijbaan: Verkeersdrempel, ezelsrug"
27003,38,Lommel teller 2,Lommel,51.23277,5.29189,0.8454555968349923,51.2285262791899,5.301965078953103,2021,9,7,72020,Lommel,Normaal,Droog,Dageraad - schemering,met lichtgewonden,3,Fiets,9,personenauto,Op Kruispunt,Gemeenteweg,binnen bebouwde kom,Tss. 2 best.: langs opzij (voor-/achterkant-flank),Geen hindernis
27003,37,Lommel teller 1,Lommel,51.23299,5.29211,0.8468890104930045,51.2285262791899,5.301965078953103,2021,9,7,72020,Lommel,Normaal,Droog,Dageraad - schemering,met lichtgewonden,3,Fiets,9,personenauto,Op Kruispunt,Gemeenteweg,binnen bebouwde kom,Tss. 2 best.: langs opzij (voor-/achterkant-flank),Geen hindernis
27004,37,Lommel teller 1,Lommel,51.23299,5.29211,2.4125832275781396,51.22329802189404,5.323108419808771,2021,9,13,72020,Lommel,Normaal,Droog,Dag,met lichtgewonden,2,Andere weggebruiker,3,Fiets,Op Kruispunt,Gemeenteweg,binnen bebouwde kom,Tussen 2 bestuurders: Langs achteren,Geen hindernis
27004,38,Lommel teller 2,Lommel,51.23277,5.29189,2.4155370316722022,51.22329802189404,5.323108419808771,2021,9,13,72020,Lommel,Normaal,Droog,Dag,met lichtgewonden,2,Andere weggebruiker,3,Fiets,Op Kruispunt,Gemeenteweg,binnen bebouwde kom,Tussen 2 bestuurders: Langs achteren,Geen hindernis
27006,38,Lommel teller 2,Lommel,51.23277,5.29189,1.7057207878680263,51.22198646382529,5.309311695806976,2021,9,15,72020,Lommel,Regenval,"Nat, plassen",Dag,met zwaargewonden,9,personenauto,3,Fiets,Op Kruispunt,Gemeenteweg,buiten bebouwde kom,Tss. 2 best.: langs opzij (voor-/achterkant-flank),Geen hindernis
27006,37,Lommel teller 1,Lommel,51.23299,5.29211,1.7122517789980884,51.22198646382529,5.309311695806976,2021,9,15,72020,Lommel,Regenval,"Nat, plassen",Dag,met zwaargewonden,9,personenauto,3,Fiets,Op Kruispunt,Gemeenteweg,buiten bebouwde kom,Tss. 2 best.: langs opzij (voor-/achterkant-flank),Geen hindernis
27008,37,Lommel teller 1,Lommel,51.23299,5.29211,1.7665655563760418,51.2280282796777,5.316212047447636,2021,9,14,72020,Lommel,Normaal,Droog,Dag,met lichtgewonden,9,personenauto,3,Fiets,Op Kruispunt,Gewestweg,binnen bebouwde kom,Tss. 2 best.: langs opzij (voor-/achterkant-flank),Geen hindernis
27008,38,Lommel teller 2,Lommel,51.23277,5.29189,1.773702934553607,51.2280282796777,5.316212047447636,2021,9,14,72020,Lommel,Normaal,Droog,Dag,met lichtgewonden,9,personenauto,3,Fiets,Op Kruispunt,Gewestweg,binnen bebouwde kom,Tss. 2 best.: langs opzij (voor-/achterkant-flank),Geen hindernis
27011,45,Pelt teller 1,Pelt,51.23127,5.44377,2.428383268476805,51.251746742360716,5.431642391967355,2021,9,11,72043,Pelt,Normaal,Droog,Dag,met lichtgewonden,9,personenauto,3,Fiets,Op Kruispunt,Gemeenteweg,buiten bebouwde kom,Tussen 2 bestuurders: Flank tegen flank,Geen hindernis
27011,46,Pelt teller 2,Pelt,51.231,5.44375,2.4560781037418584,51.251746742360716,5.431642391967355,2021,9,11,72043,Pelt,Normaal,Droog,Dag,met lichtgewonden,9,personenauto,3,Fiets,Op Kruispunt,Gemeenteweg,buiten bebouwde kom,Tussen 2 bestuurders: Flank tegen flank,Geen hindernis
27012,46,Pelt teller 2,Pelt,51.231,5.44375,1.9195305816950161,51.214842679831385,5.453454945119143,2021,9,13,72043,Pelt,Normaal,Droog,Dag,met lichtgewonden,9,personenauto,3,Fiets,Op Kruispunt,Gemeenteweg,binnen bebouwde kom,Tss. 2 best.: langs opzij (voor-/achterkant-flank),Geen hindernis
27012,45,Pelt teller 1,Pelt,51.23127,5.44377,1.9471758111922228,51.214842679831385,5.453454945119143,2021,9,13,72043,Pelt,Normaal,Droog,Dag,met lichtgewonden,9,personenauto,3,Fiets,Op Kruispunt,Gemeenteweg,binnen bebouwde kom,Tss. 2 best.: langs opzij (voor-/achterkant-flank),Geen hindernis
27013,46,Pelt teller 2,Pelt,51.231,5.44375,2.1635711724341915,51.21157933975694,5.4418401438229385,2021,9,15,72043,Pelt,Normaal,Droog,Dag,met zwaargewonden,3,Fiets,11,een weggebruiker tegen een hindernis,Buiten Kruispunt,Gemeenteweg,buiten bebouwde kom,Weggebruiker tegen hindernis op de rijbaan,Op de rijbaan: Lading
27013,45,Pelt teller 1,Pelt,51.23127,5.44377,2.1936226671478445,51.21157933975694,5.4418401438229385,2021,9,15,72043,Pelt,Normaal,Droog,Dag,met zwaargewonden,3,Fiets,11,een weggebruiker tegen een hindernis,Buiten Kruispunt,Gemeenteweg,buiten bebouwde kom,Weggebruiker tegen hindernis op de rijbaan,Op de rijbaan: Lading
27015,46,Pelt teller 2,Pelt,51.231,5.44375,1.9092173795589773,51.21536420074021,5.455077724336868,2021,9,10,72043,Pelt,Normaal,Droog,Dag,met lichtgewonden,9,personenauto,3,Fiets,Op Kruispunt,Gemeenteweg,buiten bebouwde kom,Tss. 2 best.: langs opzij (voor-/achterkant-flank),Geen hindernis
27015,45,Pelt teller 1,Pelt,51.23127,5.44377,1.9360292312208536,51.21536420074021,5.455077724336868,2021,9,10,72043,Pelt,Normaal,Droog,Dag,met lichtgewonden,9,personenauto,3,Fiets,Op Kruispunt,Gemeenteweg,buiten bebouwde kom,Tss. 2 best.: langs opzij (voor-/achterkant-flank),Geen hindernis
27033,21,Bilzen,Bilzen,50.86015,5.50161,0.41793576909889363,50.85652251498666,5.503168893218533,2021,9,8,73006,Bilzen,Normaal,Droog,Dag,met lichtgewonden,4,Vrachtwagen,3,Fiets,Buiten Kruispunt,Gemeenteweg,buiten bebouwde kom,Tussen 2 bestuurders: Langs achteren,Geen hindernis
27035,21,Bilzen,Bilzen,50.86015,5.50161,0.3457065679299244,50.85739159421542,5.5038821871358214,2021,9,11,73006,Bilzen,Normaal,Droog,Dag,met lichtgewonden,9,personenauto,3,Fiets,Buiten Kruispunt,Gemeenteweg,buiten bebouwde kom,Tussen 2 bestuurders: Langs achteren,Geen hindernis
27036,43,Maaseik teller 1,Maaseik,51.09344,5.79715,0.2642253891942398,51.0943080601457,5.7936279574009895,2021,9,12,72021,Maaseik,Normaal,Droog,Dag,met lichtgewonden,3,Fiets,3,Fiets,Op Kruispunt,Gewestweg,binnen bebouwde kom,Tussen 2 bestuurders: Frontale botsing,Geen hindernis
27036,44,Maaseik teller 2,Maaseik,51.09359,5.79726,0.26591560861458774,51.0943080601457,5.7936279574009895,2021,9,12,72021,Maaseik,Normaal,Droog,Dag,met lichtgewonden,3,Fiets,3,Fiets,Op Kruispunt,Gewestweg,binnen bebouwde kom,Tussen 2 bestuurders: Frontale botsing,Geen hindernis
27040,69,Leuven teller 1,Leuven,50.87549,4.71526,0.8226149441513025,50.875135817992806,4.703549457760856,2021,9,9,24062,Leuven,Onbekend,Onbekend,Dag,met lichtgewonden,3,Fiets,9,personenauto,Buiten Kruispunt,Gemeenteweg,binnen bebouwde kom,Tss. 2 best.: langs opzij (voor-/achterkant-flank),Geen hindernis
27040,77,Leuven teller 2,Leuven,50.88672,4.70796,1.3247466673767907,50.875135817992806,4.703549457760856,2021,9,9,24062,Leuven,Onbekend,Onbekend,Dag,met lichtgewonden,3,Fiets,9,personenauto,Buiten Kruispunt,Gemeenteweg,binnen bebouwde kom,Tss. 2 best.: langs opzij (voor-/achterkant-flank),Geen hindernis
27040,107,leuven totem,Leuven,50.8870744,4.7087919,1.3775167064995335,50.875135817992806,4.703549457760856,2021,9,9,24062,Leuven,Onbekend,Onbekend,Dag,met lichtgewonden,3,Fiets,9,personenauto,Buiten Kruispunt,Gemeenteweg,binnen bebouwde kom,Tss. 2 best.: langs opzij (voor-/achterkant-flank),Geen hindernis
27040,151,Leuven,District Leuven,50.8690262,4.6854839,1.438224563129927,50.875135817992806,4.703549457760856,2021,9,9,24062,Leuven,Onbekend,Onbekend,Dag,met lichtgewonden,3,Fiets,9,personenauto,Buiten Kruispunt,Gemeenteweg,binnen bebouwde kom,Tss. 2 best.: langs opzij (voor-/achterkant-flank),Geen hindernis
27041,107,leuven totem,Leuven,50.8870744,4.7087919,0.6379404748273791,50.882402496759504,4.7140700195172025,2021,9,11,24062,Leuven,Normaal,Droog,Dag,met zwaargewonden,1,Autobus,3,Fiets,Op Kruispunt,Gewestweg,buiten bebouwde kom,Tss. 2 best.: langs opzij (voor-/achterkant-flank),Geen hindernis
27041,77,Leuven teller 2,Leuven,50.88672,4.70796,0.6435842181927066,50.882402496759504,4.7140700195172025,2021,9,11,24062,Leuven,Normaal,Droog,Dag,met zwaargewonden,1,Autobus,3,Fiets,Op Kruispunt,Gewestweg,buiten bebouwde kom,Tss. 2 best.: langs opzij (voor-/achterkant-flank),Geen hindernis
27041,69,Leuven teller 1,Leuven,50.87549,4.71526,0.773155515948378,50.882402496759504,4.7140700195172025,2021,9,11,24062,Leuven,Normaal,Droog,Dag,met zwaargewonden,1,Autobus,3,Fiets,Op Kruispunt,Gewestweg,buiten bebouwde kom,Tss. 2 best.: langs opzij (voor-/achterkant-flank),Geen hindernis
27041,151,Leuven,District Leuven,50.8690262,4.6854839,2.497047556568487,50.882402496759504,4.7140700195172025,2021,9,11,24062,Leuven,Normaal,Droog,Dag,met zwaargewonden,1,Autobus,3,Fiets,Op Kruispunt,Gewestweg,buiten bebouwde kom,Tss. 2 best.: langs opzij (voor-/achterkant-flank),Geen hindernis
27042,69,Leuven teller 1,Leuven,50.87549,4.71526,1.0974414374135688,50.868658809174235,4.726548053501397,2021,9,8,24062,Leuven,Normaal,Droog,Dag,met lichtgewonden,3,Fiets,3,Fiets,Op Kruispunt,Gemeenteweg,binnen bebouwde kom,Tss. 2 best.: langs opzij (voor-/achterkant-flank),Geen hindernis
27042,77,Leuven teller 2,Leuven,50.88672,4.70796,2.394612837417967,50.868658809174235,4.726548053501397,2021,9,8,24062,Leuven,Normaal,Droog,Dag,met lichtgewonden,3,Fiets,3,Fiets,Op Kruispunt,Gemeenteweg,binnen bebouwde kom,Tss. 2 best.: langs opzij (voor-/achterkant-flank),Geen hindernis
27042,107,leuven totem,Leuven,50.8870744,4.7087919,2.3969067660521284,50.868658809174235,4.726548053501397,2021,9,8,24062,Leuven,Normaal,Droog,Dag,met lichtgewonden,3,Fiets,3,Fiets,Op Kruispunt,Gemeenteweg,binnen bebouwde kom,Tss. 2 best.: langs opzij (voor-/achterkant-flank),Geen hindernis
27043,69,Leuven teller 1,Leuven,50.87549,4.71526,0.24602996156788015,50.873322315190016,4.7159629200893685,2021,9,23,24062,Leuven,Onbekend,Droog,"Nacht, openbare verlichting aanwezig en ontstoken",met lichtgewonden,3,Fiets,10,"één bestuurder, geen hindernis",Buiten Kruispunt,Gewestweg,binnen bebouwde kom,"Eén bestuurder, geen hindernis (incl. val)",Geen hindernis
27043,77,Leuven teller 2,Leuven,50.88672,4.70796,1.5920478353229208,50.873322315190016,4.7159629200893685,2021,9,23,24062,Leuven,Onbekend,Droog,"Nacht, openbare verlichting aanwezig en ontstoken",met lichtgewonden,3,Fiets,10,"één bestuurder, geen hindernis",Buiten Kruispunt,Gewestweg,binnen bebouwde kom,"Eén bestuurder, geen hindernis (incl. val)",Geen hindernis
27043,107,leuven totem,Leuven,50.8870744,4.7087919,1.6097978138978126,50.873322315190016,4.7159629200893685,2021,9,23,24062,Leuven,Onbekend,Droog,"Nacht, openbare verlichting aanwezig en ontstoken",met lichtgewonden,3,Fiets,10,"één bestuurder, geen hindernis",Buiten Kruispunt,Gewestweg,binnen bebouwde kom,"Eén bestuurder, geen hindernis (incl. val)",Geen hindernis
27043,151,Leuven,District Leuven,50.8690262,4.6854839,2.1914544165647816,50.873322315190016,4.7159629200893685,2021,9,23,24062,Leuven,Onbekend,Droog,"Nacht, openbare verlichting aanwezig en ontstoken",met lichtgewonden,3,Fiets,10,"één bestuurder, geen hindernis",Buiten Kruispunt,Gewestweg,binnen bebouwde kom,"Eén bestuurder, geen hindernis (incl. val)",Geen hindernis
27044,69,Leuven teller 1,Leuven,50.87549,4.71526,0.522926439730084,50.88014792105874,4.714232890908106,2021,9,11,24062,Leuven,Normaal,Droog,Dag,met lichtgewonden,3,Fiets,10,"één bestuurder, geen hindernis",Buiten Kruispunt,Gemeenteweg,binnen bebouwde kom,"Eén bestuurder, geen hindernis (incl. val)",Geen hindernis
27044,77,Leuven teller 2,Leuven,50.88672,4.70796,0.8530511051361861,50.88014792105874,4.714232890908106,2021,9,11,24062,Leuven,Normaal,Droog,Dag,met lichtgewonden,3,Fiets,10,"één bestuurder, geen hindernis",Buiten Kruispunt,Gemeenteweg,binnen bebouwde kom,"Eén bestuurder, geen hindernis (incl. val)",Geen hindernis
27044,107,leuven totem,Leuven,50.8870744,4.7087919,0.8595849809663508,50.88014792105874,4.714232890908106,2021,9,11,24062,Leuven,Normaal,Droog,Dag,met lichtgewonden,3,Fiets,10,"één bestuurder, geen hindernis",Buiten Kruispunt,Gemeenteweg,binnen bebouwde kom,"Eén bestuurder, geen hindernis (incl. val)",Geen hindernis
27044,151,Leuven,District Leuven,50.8690262,4.6854839,2.366115511150308,50.88014792105874,4.714232890908106,2021,9,11,24062,Leuven,Normaal,Droog,Dag,met lichtgewonden,3,Fiets,10,"één bestuurder, geen hindernis",Buiten Kruispunt,Gemeenteweg,binnen bebouwde kom,"Eén bestuurder, geen hindernis (incl. val)",Geen hindernis
27046,107,leuven totem,Leuven,50.8870744,4.7087919,0.9955061874333268,50.89588351840124,4.70625931938674,2021,9,12,24062,Leuven,Normaal,Droog,Dag,met lichtgewonden,3,Fiets,3,Fiets,Op Kruispunt,Gemeenteweg,binnen bebouwde kom,Tussen 2 bestuurders: Frontale botsing,Geen hindernis
27046,77,Leuven teller 2,Leuven,50.88672,4.70796,1.0258955242423147,50.89588351840124,4.70625931938674,2021,9,12,24062,Leuven,Normaal,Droog,Dag,met lichtgewonden,3,Fiets,3,Fiets,Op Kruispunt,Gemeenteweg,binnen bebouwde kom,Tussen 2 bestuurders: Frontale botsing,Geen hindernis
27046,69,Leuven teller 1,Leuven,50.87549,4.71526,2.3539159310310422,50.89588351840124,4.70625931938674,2021,9,12,24062,Leuven,Normaal,Droog,Dag,met lichtgewonden,3,Fiets,3,Fiets,Op Kruispunt,Gemeenteweg,binnen bebouwde kom,Tussen 2 bestuurders: Frontale botsing,Geen hindernis
27047,69,Leuven teller 1,Leuven,50.87549,4.71526,0.4467274080368164,50.87250087739763,4.719513886699606,2021,9,13,24062,Leuven,Normaal,Droog,Dag,met lichtgewonden,3,Fiets,10,"één bestuurder, geen hindernis",Buiten Kruispunt,Gewestweg,binnen bebouwde kom,"Eén bestuurder, geen hindernis (incl. val)",Geen hindernis
27047,77,Leuven teller 2,Leuven,50.88672,4.70796,1.7767779387288232,50.87250087739763,4.719513886699606,2021,9,13,24062,Leuven,Normaal,Droog,Dag,met lichtgewonden,3,Fiets,10,"één bestuurder, geen hindernis",Buiten Kruispunt,Gewestweg,binnen bebouwde kom,"Eén bestuurder, geen hindernis (incl. val)",Geen hindernis
27047,107,leuven totem,Leuven,50.8870744,4.7087919,1.7865852736606584,50.87250087739763,4.719513886699606,2021,9,13,24062,Leuven,Normaal,Droog,Dag,met lichtgewonden,3,Fiets,10,"één bestuurder, geen hindernis",Buiten Kruispunt,Gewestweg,binnen bebouwde kom,"Eén bestuurder, geen hindernis (incl. val)",Geen hindernis
27047,151,Leuven,District Leuven,50.8690262,4.6854839,2.419006101093949,50.87250087739763,4.719513886699606,2021,9,13,24062,Leuven,Normaal,Droog,Dag,met lichtgewonden,3,Fiets,10,"één bestuurder, geen hindernis",Buiten Kruispunt,Gewestweg,binnen bebouwde kom,"Eén bestuurder, geen hindernis (incl. val)",Geen hindernis
27048,69,Leuven teller 1,Leuven,50.87549,4.71526,0.625658348878774,50.880725672438786,4.71199378588311,2021,9,17,24062,Leuven,Normaal,Droog,Dag,met lichtgewonden,3,Fiets,8,Voetganger,Buiten Kruispunt,Gemeenteweg,binnen bebouwde kom,Met een voetganger,Geen hindernis
27048,77,Leuven teller 2,Leuven,50.88672,4.70796,0.72412131323726,50.880725672438786,4.71199378588311,2021,9,17,24062,Leuven,Normaal,Droog,Dag,met lichtgewonden,3,Fiets,8,Voetganger,Buiten Kruispunt,Gemeenteweg,binnen bebouwde kom,Met een voetganger,Geen hindernis
27048,107,leuven totem,Leuven,50.8870744,4.7087919,0.7408198245364113,50.880725672438786,4.71199378588311,2021,9,17,24062,Leuven,Normaal,Droog,Dag,met lichtgewonden,3,Fiets,8,Voetganger,Buiten Kruispunt,Gemeenteweg,binnen bebouwde kom,Met een voetganger,Geen hindernis
27048,151,Leuven,District Leuven,50.8690262,4.6854839,2.2698724882582977,50.880725672438786,4.71199378588311,2021,9,17,24062,Leuven,Normaal,Droog,Dag,met lichtgewonden,3,Fiets,8,Voetganger,Buiten Kruispunt,Gemeenteweg,binnen bebouwde kom,Met een voetganger,Geen hindernis
27050,107,leuven totem,Leuven,50.8870744,4.7087919,2.129081174952608,50.889201638922145,4.7389562210719856,2021,9,18,24062,Leuven,Normaal,Droog,Dag,met lichtgewonden,9,personenauto,3,Fiets,Op Kruispunt,Gemeenteweg,binnen bebouwde kom,Tss. 2 best.: langs opzij (voor-/achterkant-flank),Geen hindernis
27050,77,Leuven teller 2,Leuven,50.88672,4.70796,2.1917042148972183,50.889201638922145,4.7389562210719856,2021,9,18,24062,Leuven,Normaal,Droog,Dag,met lichtgewonden,9,personenauto,3,Fiets,Op Kruispunt,Gemeenteweg,binnen bebouwde kom,Tss. 2 best.: langs opzij (voor-/achterkant-flank),Geen hindernis