crash_row_id,site_id,site_name,site_gemeente,site_lat,site_long,distance_km,crash_lat,crash_long,DT_YEAR_COLLISION,DT_MONTH_COLLISION,DT_TIME,CD_NIS,TX_MUNTY_COLLISION_NL,TX_WEATHER_NL,TX_ROAD_CONDITION_NL,TX_LIGHT_CONDITION_NL,TX_CLASS_ACCIDENTS_NL,CD_ROAD_USR_TYPE1,TX_ROAD_USR_TYPE1_NL,CD_ROAD_USR_TYPE2,TX_ROAD_USR_TYPE2_NL,TX_CROSSWAY_NL,CD_ROAD_TYPE_NL,TX_BUILD_UP_AREA_NL,TX_COLLISION_TYPE_NL,TX_OBSTACLES_NL
27050,69,Leuven teller 1,Leuven,50.87549,4.71526,2.2556966469001423,50.889201638922145,4.7389562210719856,2021,9,18,24062,Leuven,Normaal,Droog,Dag,met lichtgewonden,9,personenauto,3,Fiets,Op Kruispunt,Gemeenteweg,binnen bebouwde kom,Tss. 2 best.: langs opzij (voor-/achterkant-flank),Geen hindernis
27051,69,Leuven teller 1,Leuven,50.87549,4.71526,0.6264393140075745,50.87935800386334,4.708768535699627,2021,9,9,24062,Leuven,Normaal,Droog,Dag,met lichtgewonden,3,Fiets,3,Fiets,Op Kruispunt,Gemeenteweg,binnen bebouwde kom,Tss. 2 best.: langs opzij (voor-/achterkant-flank),Geen hindernis
27051,77,Leuven teller 2,Leuven,50.88672,4.70796,0.8205793753963619,50.87935800386334,4.708768535699627,2021,9,9,24062,Leuven,Normaal,Droog,Dag,met lichtgewonden,3,Fiets,3,Fiets,Op Kruispunt,Gemeenteweg,binnen bebouwde kom,Tss. 2 best.: langs opzij (voor-/achterkant-flank),Geen hindernis
27051,107,leuven totem,Leuven,50.8870744,4.7087919,0.8580256679409586,50.87935800386334,4.708768535699627,2021,9,9,24062,Leuven,Normaal,Droog,Dag,met lichtgewonden,3,Fiets,3,Fiets,Op Kruispunt,Gemeenteweg,binnen bebouwde kom,Tss. 2 best.: langs opzij (voor-/achterkant-flank),Geen hindernis
27051,151,Leuven,District Leuven,50.8690262,4.6854839,1.997291563986427,50.87935800386334,4.708768535699627,2021,9,9,24062,Leuven,Normaal,Droog,Dag,met lichtgewonden,3,Fiets,3,Fiets,Op Kruispunt,Gemeenteweg,binnen bebouwde kom,Tss. 2 best.: langs opzij (voor-/achterkant-flank),Geen hindernis
27052,107,leuven totem,Leuven,50.8870744,4.7087919,2.4821552423081465,50.90924663402891,4.712892486311864,2021,9,16,24062,Leuven,Normaal,Droog,Dag,met lichtgewonden,3,Fiets,9,personenauto,Op Kruispunt,Gewestweg,binnen bebouwde kom,Tussen 2 bestuurders: Flank tegen flank,Geen hindernis
27053,151,Leuven,District Leuven,50.8690262,4.6854839,0.9178950210400155,50.86861099818641,4.6985474480288145,2021,9,13,24062,Leuven,Normaal,Droog,Dag,met lichtgewonden,3,Fiets,9,personenauto,Op Kruispunt,Gewestweg,binnen bebouwde kom,Tss. 2 best.: langs opzij (voor-/achterkant-flank),Geen hindernis
27053,69,Leuven teller 1,Leuven,50.87549,4.71526,1.4001287549535086,50.86861099818641,4.6985474480288145,2021,9,13,24062,Leuven,Normaal,Droog,Dag,met lichtgewonden,3,Fiets,9,personenauto,Op Kruispunt,Gewestweg,binnen bebouwde kom,Tss. 2 best.: langs opzij (voor-/achterkant-flank),Geen hindernis
27053,77,Leuven teller 2,Leuven,50.88672,4.70796,2.119157804489263,50.86861099818641,4.6985474480288145,2021,9,13,24062,Leuven,Normaal,Droog,Dag,met lichtgewonden,3,Fiets,9,personenauto,Op Kruispunt,Gewestweg,binnen bebouwde kom,Tss. 2 best.: langs opzij (voor-/achterkant-flank),Geen hindernis
27053,107,leuven totem,Leuven,50.8870744,4.7087919,2.1752198313304967,50.86861099818641,4.6985474480288145,2021,9,13,24062,Leuven,Normaal,Droog,Dag,met lichtgewonden,3,Fiets,9,personenauto,Op Kruispunt,Gewestweg,binnen bebouwde kom,Tss. 2 best.: langs opzij (voor-/achterkant-flank),Geen hindernis
27053,108,Heverlee teller 1,Leuven,50.8471728,4.6954674,2.3936022477015744,50.86861099818641,4.6985474480288145,2021,9,13,24062,Leuven,Normaal,Droog,Dag,met lichtgewonden,3,Fiets,9,personenauto,Op Kruispunt,Gewestweg,binnen bebouwde kom,Tss. 2 best.: langs opzij (voor-/achterkant-flank),Geen hindernis
27054,69,Leuven teller 1,Leuven,50.87549,4.71526,2.4505433043323746,50.87926691012505,4.749670182010569,2021,9,22,24062,Leuven,Normaal,Droog,"Nacht, openbare verlichting aanwezig en ontstoken",met lichtgewonden,3,Fiets,11,een weggebruiker tegen een hindernis,Buiten Kruispunt,Gemeenteweg,binnen bebouwde kom,Weggebruiker tegen hindernis buiten rijbaan,Buiten de rijbaan: Muur gebouw
27055,77,Leuven teller 2,Leuven,50.88672,4.70796,1.2121738438580723,50.880643120694124,4.693614615228913,2021,9,0,24062,Leuven,Normaal,Droog,"Nacht, openbare verlichting aanwezig en ontstoken",met lichtgewonden,3,Fiets,10,"één bestuurder, geen hindernis",Op Kruispunt,Gemeenteweg,binnen bebouwde kom,"Eén bestuurder, geen hindernis (incl. val)",Geen hindernis
27055,107,leuven totem,Leuven,50.8870744,4.7087919,1.2825891842190893,50.880643120694124,4.693614615228913,2021,9,0,24062,Leuven,Normaal,Droog,"Nacht, openbare verlichting aanwezig en ontstoken",met lichtgewonden,3,Fiets,10,"één bestuurder, geen hindernis",Op Kruispunt,Gemeenteweg,binnen bebouwde kom,"Eén bestuurder, geen hindernis (incl. val)",Geen hindernis
27055,151,Leuven,District Leuven,50.8690262,4.6854839,1.4121145819367902,50.880643120694124,4.693614615228913,2021,9,0,24062,Leuven,Normaal,Droog,"Nacht, openbare verlichting aanwezig en ontstoken",met lichtgewonden,3,Fiets,10,"één bestuurder, geen hindernis",Op Kruispunt,Gemeenteweg,binnen bebouwde kom,"Eén bestuurder, geen hindernis (incl. val)",Geen hindernis
27055,69,Leuven teller 1,Leuven,50.87549,4.71526,1.6231643063477605,50.880643120694124,4.693614615228913,2021,9,0,24062,Leuven,Normaal,Droog,"Nacht, openbare verlichting aanwezig en ontstoken",met lichtgewonden,3,Fiets,10,"één bestuurder, geen hindernis",Op Kruispunt,Gemeenteweg,binnen bebouwde kom,"Eén bestuurder, geen hindernis (incl. val)",Geen hindernis
27056,108,Heverlee teller 1,Leuven,50.8471728,4.6954674,2.2382719159117865,50.854141328317766,4.725379095202089,2021,9,10,24062,Leuven,Normaal,Droog,Dag,met lichtgewonden,99,onbekend,3,Fiets,Op Kruispunt,Gewestweg,buiten bebouwde kom,Tussen 2 bestuurders: Flank tegen flank,Geen hindernis
27056,76,Heverlee teller 2,Leuven,50.84606,4.69597,2.2516875595192336,50.854141328317766,4.725379095202089,2021,9,10,24062,Leuven,Normaal,Droog,Dag,met lichtgewonden,99,onbekend,3,Fiets,Op Kruispunt,Gewestweg,buiten bebouwde kom,Tussen 2 bestuurders: Flank tegen flank,Geen hindernis
27056,69,Leuven teller 1,Leuven,50.87549,4.71526,2.4778151728566553,50.854141328317766,4.725379095202089,2021,9,10,24062,Leuven,Normaal,Droog,Dag,met lichtgewonden,99,onbekend,3,Fiets,Op Kruispunt,Gewestweg,buiten bebouwde kom,Tussen 2 bestuurders: Flank tegen flank,Geen hindernis
27057,151,Leuven,District Leuven,50.8690262,4.6854839,0.5855179537569615,50.87283503180495,4.6912455020763595,2021,9,16,24062,Leuven,Normaal,Droog,Dag,met lichtgewonden,3,Fiets,10,"één bestuurder, geen hindernis",Buiten Kruispunt,Gemeenteweg,binnen bebouwde kom,"Eén bestuurder, geen hindernis (incl. val)",Geen hindernis
27057,69,Leuven teller 1,Leuven,50.87549,4.71526,1.7106878130628025,50.87283503180495,4.6912455020763595,2021,9,16,24062,Leuven,Normaal,Droog,Dag,met lichtgewonden,3,Fiets,10,"één bestuurder, geen hindernis",Buiten Kruispunt,Gemeenteweg,binnen bebouwde kom,"Eén bestuurder, geen hindernis (incl. val)",Geen hindernis
27057,77,Leuven teller 2,Leuven,50.88672,4.70796,1.938783599386082,50.87283503180495,4.6912455020763595,2021,9,16,24062,Leuven,Normaal,Droog,Dag,met lichtgewonden,3,Fiets,10,"één bestuurder, geen hindernis",Buiten Kruispunt,Gemeenteweg,binnen bebouwde kom,"Eén bestuurder, geen hindernis (incl. val)",Geen hindernis
27057,107,leuven totem,Leuven,50.8870744,4.7087919,2.005592055099754,50.87283503180495,4.6912455020763595,2021,9,16,24062,Leuven,Normaal,Droog,Dag,met lichtgewonden,3,Fiets,10,"één bestuurder, geen hindernis",Buiten Kruispunt,Gemeenteweg,binnen bebouwde kom,"Eén bestuurder, geen hindernis (incl. val)",Geen hindernis
27058,108,Heverlee teller 1,Leuven,50.8471728,4.6954674,1.3743581761994903,50.85639982748233,4.682441393014163,2021,9,23,24062,Leuven,Onbekend,Droog,"Nacht, openbare verlichting aanwezig en ontstoken",met lichtgewonden,3,Fiets,10,"één bestuurder, geen hindernis",Buiten Kruispunt,Gemeenteweg,buiten bebouwde kom,"Eén bestuurder, geen hindernis (incl. val)",Geen hindernis
27058,151,Leuven,District Leuven,50.8690262,4.6854839,1.4201342687773533,50.85639982748233,4.682441393014163,2021,9,23,24062,Leuven,Onbekend,Droog,"Nacht, openbare verlichting aanwezig en ontstoken",met lichtgewonden,3,Fiets,10,"één bestuurder, geen hindernis",Buiten Kruispunt,Gemeenteweg,buiten bebouwde kom,"Eén bestuurder, geen hindernis (incl. val)",Geen hindernis
27058,76,Heverlee teller 2,Leuven,50.84606,4.69597,1.4912661532566411,50.85639982748233,4.682441393014163,2021,9,23,24062,Leuven,Onbekend,Droog,"Nacht, openbare verlichting aanwezig en ontstoken",met lichtgewonden,3,Fiets,10,"één bestuurder, geen hindernis",Buiten Kruispunt,Gemeenteweg,buiten bebouwde kom,"Eén bestuurder, geen hindernis (incl. val)",Geen hindernis
27059,69,Leuven teller 1,Leuven,50.87549,4.71526,0.6243744054767343,50.88103357702563,4.713843802113872,2021,9,1,24062,Leuven,Normaal,Droog,"Nacht, openbare verlichting aanwezig en ontstoken",met lichtgewonden,3,Fiets,10,"één bestuurder, geen hindernis",Buiten Kruispunt,Gemeenteweg,binnen bebouwde kom,"Eén bestuurder, geen hindernis (incl. val)",Geen hindernis
27059,77,Leuven teller 2,Leuven,50.88672,4.70796,0.7551009062997972,50.88103357702563,4.713843802113872,2021,9,1,24062,Leuven,Normaal,Droog,"Nacht, openbare verlichting aanwezig en ontstoken",met lichtgewonden,3,Fiets,10,"één bestuurder, geen hindernis",Buiten Kruispunt,Gemeenteweg,binnen bebouwde kom,"Eén bestuurder, geen hindernis (incl. val)",Geen hindernis
27059,107,leuven totem,Leuven,50.8870744,4.7087919,0.7594687395882704,50.88103357702563,4.713843802113872,2021,9,1,24062,Leuven,Normaal,Droog,"Nacht, openbare verlichting aanwezig en ontstoken",met lichtgewonden,3,Fiets,10,"één bestuurder, geen hindernis",Buiten Kruispunt,Gemeenteweg,binnen bebouwde kom,"Eén bestuurder, geen hindernis (incl. val)",Geen hindernis
27059,151,Leuven,District Leuven,50.8690262,4.6854839,2.3963107803561416,50.88103357702563,4.713843802113872,2021,9,1,24062,Leuven,Normaal,Droog,"Nacht, openbare verlichting aanwezig en ontstoken",met lichtgewonden,3,Fiets,10,"één bestuurder, geen hindernis",Buiten Kruispunt,Gemeenteweg,binnen bebouwde kom,"Eén bestuurder, geen hindernis (incl. val)",Geen hindernis
27060,151,Leuven,District Leuven,50.8690262,4.6854839,2.1896629202166142,50.86138799638418,4.656726092028278,2021,9,8,24062,Leuven,Normaal,Droog,Dag,met zwaargewonden,3,Fiets,8,Voetganger,Buiten Kruispunt,Gemeenteweg,binnen bebouwde kom,Met een voetganger,Geen hindernis
27061,69,Leuven teller 1,Leuven,50.87549,4.71526,0.2370627251252958,50.87368771318406,4.713455209065233,2021,9,4,24062,Leuven,Normaal,Droog,"Nacht, openbare verlichting aanwezig en ontstoken",met lichtgewonden,3,Fiets,5,Lichte vrachtauto,Buiten Kruispunt,Gemeenteweg,binnen bebouwde kom,Tussen 2 bestuurders: Langs achteren,Geen hindernis
27061,77,Leuven teller 2,Leuven,50.88672,4.70796,1.4995317472316563,50.87368771318406,4.713455209065233,2021,9,4,24062,Leuven,Normaal,Droog,"Nacht, openbare verlichting aanwezig en ontstoken",met lichtgewonden,3,Fiets,5,Lichte vrachtauto,Buiten Kruispunt,Gemeenteweg,binnen bebouwde kom,Tussen 2 bestuurders: Langs achteren,Geen hindernis
27061,107,leuven totem,Leuven,50.8870744,4.7087919,1.5240617237147216,50.87368771318406,4.713455209065233,2021,9,4,24062,Leuven,Normaal,Droog,"Nacht, openbare verlichting aanwezig en ontstoken",met lichtgewonden,3,Fiets,5,Lichte vrachtauto,Buiten Kruispunt,Gemeenteweg,binnen bebouwde kom,Tussen 2 bestuurders: Langs achteren,Geen hindernis
27061,151,Leuven,District Leuven,50.8690262,4.6854839,2.030065575545946,50.87368771318406,4.713455209065233,2021,9,4,24062,Leuven,Normaal,Droog,"Nacht, openbare verlichting aanwezig en ontstoken",met lichtgewonden,3,Fiets,5,Lichte vrachtauto,Buiten Kruispunt,Gemeenteweg,binnen bebouwde kom,Tussen 2 bestuurders: Langs achteren,Geen hindernis
27062,107,leuven totem,Leuven,50.8870744,4.7087919,0.6549402052959314,50.88218113933206,4.71398851818308,2021,9,18,24062,Leuven,Normaal,Droog,Dag,met lichtgewonden,3,Fiets,10,"één bestuurder, geen hindernis",Buiten Kruispunt,Gewestweg,binnen bebouwde kom,"Eén bestuurder, geen hindernis (incl. val)",Geen hindernis
27062,77,Leuven teller 2,Leuven,50.88672,4.70796,0.6584619919850652,50.88218113933206,4.71398851818308,2021,9,18,24062,Leuven,Normaal,Droog,Dag,met lichtgewonden,3,Fiets,10,"één bestuurder, geen hindernis",Buiten Kruispunt,Gewestweg,binnen bebouwde kom,"Eén bestuurder, geen hindernis (incl. val)",Geen hindernis
27062,69,Leuven teller 1,Leuven,50.87549,4.71526,0.7493495510925238,50.88218113933206,4.71398851818308,2021,9,18,24062,Leuven,Normaal,Droog,Dag,met lichtgewonden,3,Fiets,10,"één bestuurder, geen hindernis",Buiten Kruispunt,Gewestweg,binnen bebouwde kom,"Eén bestuurder, geen hindernis (incl. val)",Geen hindernis
27062,151,Leuven,District Leuven,50.8690262,4.6854839,2.4778507727861903,50.88218113933206,4.71398851818308,2021,9,18,24062,Leuven,Normaal,Droog,Dag,met lichtgewonden,3,Fiets,10,"één bestuurder, geen hindernis",Buiten Kruispunt,Gewestweg,binnen bebouwde kom,"Eén bestuurder, geen hindernis (incl. val)",Geen hindernis
27063,107,leuven totem,Leuven,50.8870744,4.7087919,0.7496355819571143,50.883591730877434,4.717941746962325,2021,9,13,24062,Leuven,Normaal,Droog,Dag,met lichtgewonden,2,Andere weggebruiker,3,Fiets,Buiten Kruispunt,Gemeenteweg,binnen bebouwde kom,Tussen 2 bestuurders: Frontale botsing,Geen hindernis
27063,77,Leuven teller 2,Leuven,50.88672,4.70796,0.7818629431569842,50.883591730877434,4.717941746962325,2021,9,13,24062,Leuven,Normaal,Droog,Dag,met lichtgewonden,2,Andere weggebruiker,3,Fiets,Buiten Kruispunt,Gemeenteweg,binnen bebouwde kom,Tussen 2 bestuurders: Frontale botsing,Geen hindernis
27063,69,Leuven teller 1,Leuven,50.87549,4.71526,0.9203091385379404,50.883591730877434,4.717941746962325,2021,9,13,24062,Leuven,Normaal,Droog,Dag,met lichtgewonden,2,Andere weggebruiker,3,Fiets,Buiten Kruispunt,Gemeenteweg,binnen bebouwde kom,Tussen 2 bestuurders: Frontale botsing,Geen hindernis
27064,69,Leuven teller 1,Leuven,50.87549,4.71526,1.063228508239217,50.874911320219894,4.700134578828164,2021,9,23,24062,Leuven,Normaal,Droog,"Nacht, openbare verlichting aanwezig en ontstoken",met lichtgewonden,3,Fiets,11,een weggebruiker tegen een hindernis,Buiten Kruispunt,Gemeenteweg,binnen bebouwde kom,Weggebruiker tegen hindernis op de rijbaan,"Op de rijbaan: Werken (signal., aarde, toestel,…)"
27064,151,Leuven,District Leuven,50.8690262,4.6854839,1.2186470681167567,50.874911320219894,4.700134578828164,2021,9,23,24062,Leuven,Normaal,Droog,"Nacht, openbare verlichting aanwezig en ontstoken",met lichtgewonden,3,Fiets,11,een weggebruiker tegen een hindernis,Buiten Kruispunt,Gemeenteweg,binnen bebouwde kom,Weggebruiker tegen hindernis op de rijbaan,"Op de rijbaan: Werken (signal., aarde, toestel,…)"
27064,77,Leuven teller 2,Leuven,50.88672,4.70796,1.4232178026045244,50.874911320219894,4.700134578828164,2021,9,23,24062,Leuven,Normaal,Droog,"Nacht, openbare verlichting aanwezig en ontstoken",met lichtgewonden,3,Fiets,11,een weggebruiker tegen een hindernis,Buiten Kruispunt,Gemeenteweg,binnen bebouwde kom,Weggebruiker tegen hindernis op de rijbaan,"Op de rijbaan: Werken (signal., aarde, toestel,…)"
27064,107,leuven totem,Leuven,50.8870744,4.7087919,1.4825917963879425,50.874911320219894,4.700134578828164,2021,9,23,24062,Leuven,Normaal,Droog,"Nacht, openbare verlichting aanwezig en ontstoken",met lichtgewonden,3,Fiets,11,een weggebruiker tegen een hindernis,Buiten Kruispunt,Gemeenteweg,binnen bebouwde kom,Weggebruiker tegen hindernis op de rijbaan,"Op de rijbaan: Werken (signal., aarde, toestel,…)"
27065,77,Leuven teller 2,Leuven,50.88672,4.70796,1.1619702825570088,50.88535156112512,4.691538320273498,2021,9,19,24062,Leuven,Normaal,Droog,Dageraad - schemering,met lichtgewonden,3,Fiets,11,een weggebruiker tegen een hindernis,Buiten Kruispunt,Gemeenteweg,binnen bebouwde kom,Weggebruiker tegen hindernis op de rijbaan,"Op de rijbaan: Werken (signal., aarde, toestel,…)"
27065,107,leuven totem,Leuven,50.8870744,4.7087919,1.2253837026278813,50.88535156112512,4.691538320273498,2021,9,19,24062,Leuven,Normaal,Droog,Dageraad - schemering,met lichtgewonden,3,Fiets,11,een weggebruiker tegen een hindernis,Buiten Kruispunt,Gemeenteweg,binnen bebouwde kom,Weggebruiker tegen hindernis op de rijbaan,"Op de rijbaan: Werken (signal., aarde, toestel,…)"
27065,151,Leuven,District Leuven,50.8690262,4.6854839,1.8643370637013865,50.88535156112512,4.691538320273498,2021,9,19,24062,Leuven,Normaal,Droog,Dageraad - schemering,met lichtgewonden,3,Fiets,11,een weggebruiker tegen een hindernis,Buiten Kruispunt,Gemeenteweg,binnen bebouwde kom,Weggebruiker tegen hindernis op de rijbaan,"Op de rijbaan: Werken (signal., aarde, toestel,…)"
27065,69,Leuven teller 1,Leuven,50.87549,4.71526,1.9930301978857756,50.88535156112512,4.691538320273498,2021,9,19,24062,Leuven,Normaal,Droog,Dageraad - schemering,met lichtgewonden,3,Fiets,11,een weggebruiker tegen een hindernis,Buiten Kruispunt,Gemeenteweg,binnen bebouwde kom,Weggebruiker tegen hindernis op de rijbaan,"Op de rijbaan: Werken (signal., aarde, toestel,…)"
27073,150,Bertem,District Leuven,50.8687535,4.56136297,1.9902780472004442,50.881601046108486,4.541612892486893,2021,9,9,24055,Kortenberg,Normaal,Droog,Dag,met lichtgewonden,9,personenauto,3,Fiets,Buiten Kruispunt,Gemeenteweg,binnen bebouwde kom,Tussen 2 bestuurders: Langs achteren,Geen hindernis
27074,72,Herent teller 1,Herent,50.89135,4.64689,0.9353240877903359,50.88846397061445,4.659415073268066,2021,9,8,24038,Herent,Normaal,Droog,Dag,met lichtgewonden,9,personenauto,3,Fiets,Buiten Kruispunt,Gewestweg,buiten bebouwde kom,Tss. 2 best.: langs opzij (voor-/achterkant-flank),Geen hindernis
27074,73,Herent teller 2,Herent,50.89128,4.64685,0.9353261339639122,50.88846397061445,4.659415073268066,2021,9,8,24038,Herent,Normaal,Droog,Dag,met lichtgewonden,9,personenauto,3,Fiets,Buiten Kruispunt,Gewestweg,buiten bebouwde kom,Tss. 2 best.: langs opzij (voor-/achterkant-flank),Geen hindernis
27076,87,Aarschot,Aarschot,50.99084,4.81259,1.7332255494660707,50.99555578926322,4.836194221662285,2021,9,13,24001,Aarschot,Normaal,Droog,Dag,met lichtgewonden,9,personenauto,3,Fiets,Buiten Kruispunt,Gewestweg,binnen bebouwde kom,Tussen 2 bestuurders: Flank tegen flank,Geen hindernis
27078,87,Aarschot,Aarschot,50.99084,4.81259,1.9780648013273199,50.9893075123452,4.8407461525300715,2021,9,18,24001,Aarschot,Normaal,Droog,Dag,met lichtgewonden,9,personenauto,3,Fiets,Buiten Kruispunt,Gewestweg,binnen bebouwde kom,Tss. 2 best.: langs opzij (voor-/achterkant-flank),Geen hindernis
27079,87,Aarschot,Aarschot,50.99084,4.81259,2.0672349556492526,51.008303646424594,4.802458986640899,2021,9,8,24007,Begijnendijk,Normaal,Droog,Dag,met lichtgewonden,9,personenauto,3,Fiets,Op Kruispunt,Gemeenteweg,binnen bebouwde kom,Tussen 2 bestuurders: Frontale botsing,Geen hindernis
27084,101,Diest teller 1,Diest,50.97799,5.04481,1.3692211556239178,50.98963121252871,5.051185535358582,2021,9,8,24020,Diest,Normaal,Droog,Dag,met lichtgewonden,9,personenauto,3,Fiets,Buiten Kruispunt,Gemeenteweg,binnen bebouwde kom,Tss. 2 best.: langs opzij (voor-/achterkant-flank),Geen hindernis
27084,102,Diest teller 2,Diest,50.9779,5.04474,1.3802801735112973,50.98963121252871,5.051185535358582,2021,9,8,24020,Diest,Normaal,Droog,Dag,met lichtgewonden,9,personenauto,3,Fiets,Buiten Kruispunt,Gemeenteweg,binnen bebouwde kom,Tss. 2 best.: langs opzij (voor-/achterkant-flank),Geen hindernis
27086,101,Diest teller 1,Diest,50.97799,5.04481,1.8012144160878398,50.98565712833928,5.02214471134565,2021,9,17,24020,Diest,Normaal,Droog,Dag,met lichtgewonden,9,personenauto,3,Fiets,Op Kruispunt,Gemeenteweg,buiten bebouwde kom,Tss. 2 best.: langs opzij (voor-/achterkant-flank),Geen hindernis
27086,102,Diest teller 2,Diest,50.9779,5.04474,1.8016702564153961,50.98565712833928,5.02214471134565,2021,9,17,24020,Diest,Normaal,Droog,Dag,met lichtgewonden,9,personenauto,3,Fiets,Op Kruispunt,Gemeenteweg,buiten bebouwde kom,Tss. 2 best.: langs opzij (voor-/achterkant-flank),Geen hindernis
27092,111,Zaventem totem,Zaventem,50.8871216,4.4597084,0.8782606485799855,50.89006945720954,4.471324305179174,2021,9,10,23094,Zaventem,Normaal,Droog,Dag,met lichtgewonden,9,personenauto,3,Fiets,Op Kruispunt,Gewestweg,binnen bebouwde kom,Tss. 2 best.: langs opzij (voor-/achterkant-flank),Geen hindernis
27093,111,Zaventem totem,Zaventem,50.8871216,4.4597084,0.9381556973524191,50.88123129012654,4.469282994007059,2021,9,18,23094,Zaventem,Normaal,Droog,Dag,met lichtgewonden,3,Fiets,9,personenauto,Op Kruispunt,Gemeenteweg,binnen bebouwde kom,Tss. 2 best.: langs opzij (voor-/achterkant-flank),Geen hindernis
27093,26,Zaventem,Zaventem,50.86995,4.45444,1.6303993978366136,50.88123129012654,4.469282994007059,2021,9,18,23094,Zaventem,Normaal,Droog,Dag,met lichtgewonden,3,Fiets,9,personenauto,Op Kruispunt,Gemeenteweg,binnen bebouwde kom,Tss. 2 best.: langs opzij (voor-/achterkant-flank),Geen hindernis
27094,26,Zaventem,Zaventem,50.86995,4.45444,2.3079414652545425,50.86226733427187,4.484990706260558,2021,9,18,23094,Zaventem,Normaal,Droog,Dag,met lichtgewonden,3,Fiets,9,personenauto,Op Kruispunt,Gemeenteweg,binnen bebouwde kom,Tussen 2 bestuurders: Frontale botsing,Geen hindernis
27097,147,Overijse,District Vilvoorde-gewestwegen,50.7797555,4.4975769,1.1097148592704917,50.76989330136887,4.499993605162756,2021,9,7,23062,Overijse,Normaal,Droog,Dag,met lichtgewonden,9,personenauto,3,Fiets,Buiten Kruispunt,Gemeenteweg,buiten bebouwde kom,Tss. 2 best.: langs opzij (voor-/achterkant-flank),Geen hindernis
27097,146,Overijse 2,District Vilvoorde-gewestwegen,50.7881478,4.4902818,2.141584788165977,50.76989330136887,4.499993605162756,2021,9,7,23062,Overijse,Normaal,Droog,Dag,met lichtgewonden,9,personenauto,3,Fiets,Buiten Kruispunt,Gemeenteweg,buiten bebouwde kom,Tss. 2 best.: langs opzij (voor-/achterkant-flank),Geen hindernis
27097,145,Overijse,District Vilvoorde-gewestwegen,50.7885856,4.4908759,2.1751039367032505,50.76989330136887,4.499993605162756,2021,9,7,23062,Overijse,Normaal,Droog,Dag,met lichtgewonden,9,personenauto,3,Fiets,Buiten Kruispunt,Gemeenteweg,buiten bebouwde kom,Tss. 2 best.: langs opzij (voor-/achterkant-flank),Geen hindernis
27106,85,Asse teller 1,Asse,50.89621,4.17294,2.3992945973322857,50.911849825961085,4.196512566695532,2021,9,7,23002,Asse,Normaal,Droog,Dageraad - schemering,met lichtgewonden,9,personenauto,3,Fiets,Op Kruispunt,Gewestweg,binnen bebouwde kom,Tss. 2 best.: langs opzij (voor-/achterkant-flank),Geen hindernis
27113,27,Grimbergen,Meise,50.92127,4.34013,2.118388982317034,50.932444640865995,4.364609327263129,2021,9,11,23025,Grimbergen,Normaal,Droog,Dag,met lichtgewonden,9,personenauto,3,Fiets,Op Kruispunt,Gewestweg,binnen bebouwde kom,Kettingbotsing (3 bestuurders of meer),Geen hindernis
27114,47,Vilvoorde,Vilvoorde,50.91372,4.41497,0.36116856830905303,50.91251406429048,4.41975336215607,2021,9,17,23088,Vilvoorde,Normaal,Droog,Dag,met lichtgewonden,3,Fiets,9,personenauto,Buiten Kruispunt,Gewestweg,binnen bebouwde kom,Tss. 2 best.: langs opzij (voor-/achterkant-flank),Geen hindernis
27115,47,Vilvoorde,Vilvoorde,50.91372,4.41497,1.3914989832080535,50.923948097988074,4.426407180006768,2021,9,8,23088,Vilvoorde,Normaal,Droog,Dag,met lichtgewonden,3,Fiets,9,personenauto,Op Kruispunt,Gewestweg,binnen bebouwde kom,Tss. 2 best.: langs opzij (voor-/achterkant-flank),Geen hindernis
27115,1,Machelen,Machelen,50.91618331151478,4.456121776137429,2.254783112538062,50.923948097988074,4.426407180006768,2021,9,8,23088,Vilvoorde,Normaal,Droog,Dag,met lichtgewonden,3,Fiets,9,personenauto,Op Kruispunt,Gewestweg,binnen bebouwde kom,Tss. 2 best.: langs opzij (voor-/achterkant-flank),Geen hindernis
27116,47,Vilvoorde,Vilvoorde,50.91372,4.41497,1.0520220687892439,50.92308654253251,4.412853963493052,2021,9,19,23088,Vilvoorde,Normaal,Droog,Dageraad - schemering,met zwaargewonden,9,personenauto,3,Fiets,Op Kruispunt,Gewestweg,binnen bebouwde kom,Tussen 2 bestuurders: Frontale botsing,Geen hindernis
27117,47,Vilvoorde,Vilvoorde,50.91372,4.41497,1.8973726209260344,50.927018451205576,4.431930273818009,2021,9,10,23088,Vilvoorde,Normaal,Droog,Dag,met lichtgewonden,9,personenauto,3,Fiets,Buiten Kruispunt,Gemeenteweg,binnen bebouwde kom,Tss. 2 best.: langs opzij (voor-/achterkant-flank),Geen hindernis