crash_row_id,site_id,site_name,site_gemeente,site_lat,site_long,distance_km,crash_lat,crash_long,DT_YEAR_COLLISION,DT_MONTH_COLLISION,DT_TIME,CD_NIS,TX_MUNTY_COLLISION_NL,TX_WEATHER_NL,TX_ROAD_CONDITION_NL,TX_LIGHT_CONDITION_NL,TX_CLASS_ACCIDENTS_NL,CD_ROAD_USR_TYPE1,TX_ROAD_USR_TYPE1_NL,CD_ROAD_USR_TYPE2,TX_ROAD_USR_TYPE2_NL,TX_CROSSWAY_NL,CD_ROAD_TYPE_NL,TX_BUILD_UP_AREA_NL,TX_COLLISION_TYPE_NL,TX_OBSTACLES_NL
27117,1,Machelen,Machelen,50.91618331151478,4.456121776137429,2.0801482972309944,50.927018451205576,4.431930273818009,2021,9,10,23088,Vilvoorde,Normaal,Droog,Dag,met lichtgewonden,9,personenauto,3,Fiets,Buiten Kruispunt,Gemeenteweg,binnen bebouwde kom,Tss. 2 best.: langs opzij (voor-/achterkant-flank),Geen hindernis
27118,1,Machelen,Machelen,50.91618331151478,4.456121776137429,1.3611536716234978,50.921108012385695,4.438345098263768,2021,9,16,23088,Vilvoorde,Normaal,Droog,Dag,met lichtgewonden,3,Fiets,3,Fiets,Buiten Kruispunt,Gewestweg,buiten bebouwde kom,Tussen 2 bestuurders: Frontale botsing,Geen hindernis
27118,47,Vilvoorde,Vilvoorde,50.91372,4.41497,1.8330305864478487,50.921108012385695,4.438345098263768,2021,9,16,23088,Vilvoorde,Normaal,Droog,Dag,met lichtgewonden,3,Fiets,3,Fiets,Buiten Kruispunt,Gewestweg,buiten bebouwde kom,Tussen 2 bestuurders: Frontale botsing,Geen hindernis
27119,1,Machelen,Machelen,50.91618331151478,4.456121776137429,1.641133302320892,50.92501608643892,4.437364988647814,2021,9,8,23088,Vilvoorde,Normaal,Droog,Dageraad - schemering,met lichtgewonden,9,personenauto,3,Fiets,Buiten Kruispunt,Gewestweg,buiten bebouwde kom,Tss. 2 best.: langs opzij (voor-/achterkant-flank),Geen hindernis
27119,47,Vilvoorde,Vilvoorde,50.91372,4.41497,2.0105148594265487,50.92501608643892,4.437364988647814,2021,9,8,23088,Vilvoorde,Normaal,Droog,Dageraad - schemering,met lichtgewonden,9,personenauto,3,Fiets,Buiten Kruispunt,Gewestweg,buiten bebouwde kom,Tss. 2 best.: langs opzij (voor-/achterkant-flank),Geen hindernis
27120,47,Vilvoorde,Vilvoorde,50.91372,4.41497,1.181310167774967,50.92425265247062,4.412767524012901,2021,9,16,23088,Vilvoorde,Normaal,Droog,Dag,met lichtgewonden,8,Voetganger,3,Fiets,Buiten Kruispunt,Gemeenteweg,binnen bebouwde kom,Met een voetganger,Geen hindernis
27121,149,Machelen,,50.88297881,4.43356644,1.3612587777325849,50.895166573714846,4.4317401295741545,2021,9,16,23047,Machelen,Normaal,Droog,Dag,met lichtgewonden,3,Fiets,9,personenauto,Op Kruispunt,Gewestweg,buiten bebouwde kom,Tss. 2 best.: langs opzij (voor-/achterkant-flank),Geen hindernis
27121,111,Zaventem totem,Zaventem,50.8871216,4.4597084,2.156066900078035,50.895166573714846,4.4317401295741545,2021,9,16,23047,Machelen,Normaal,Droog,Dag,met lichtgewonden,3,Fiets,9,personenauto,Op Kruispunt,Gewestweg,buiten bebouwde kom,Tss. 2 best.: langs opzij (voor-/achterkant-flank),Geen hindernis
27121,47,Vilvoorde,Vilvoorde,50.91372,4.41497,2.3746585629082215,50.895166573714846,4.4317401295741545,2021,9,16,23047,Machelen,Normaal,Droog,Dag,met lichtgewonden,3,Fiets,9,personenauto,Op Kruispunt,Gewestweg,buiten bebouwde kom,Tss. 2 best.: langs opzij (voor-/achterkant-flank),Geen hindernis
27124,71,Kampenhout teller 2,Kampenhout,50.95589,4.59164,0.30346048811177523,50.95335625518455,4.5900304291295715,2021,9,8,23038,Kampenhout,Normaal,Onbekend,Dag,met lichtgewonden,3,Fiets,3,Fiets,Op Kruispunt,Gewestweg,buiten bebouwde kom,Tussen 2 bestuurders: Frontale botsing,Geen hindernis
27124,70,Kampenhout teller 1,Kampenhout,50.95682,4.59318,0.4438587917388444,50.95335625518455,4.5900304291295715,2021,9,8,23038,Kampenhout,Normaal,Onbekend,Dag,met lichtgewonden,3,Fiets,3,Fiets,Op Kruispunt,Gewestweg,buiten bebouwde kom,Tussen 2 bestuurders: Frontale botsing,Geen hindernis
27125,71,Kampenhout teller 2,Kampenhout,50.95589,4.59164,2.3536402809225527,50.94343622491937,4.5644728323425126,2021,9,14,23038,Kampenhout,Normaal,Droog,Dag,met lichtgewonden,3,Fiets,9,personenauto,Op Kruispunt,Gewestweg,buiten bebouwde kom,Tussen 2 bestuurders: Flank tegen flank,Geen hindernis
27128,13,Gent,Gent,51.03018,3.70146,1.2531635866860373,51.02536037101698,3.717657659130812,2021,9,13,44021,Gent,Normaal,Droog,Dag,met lichtgewonden,9,personenauto,3,Fiets,Buiten Kruispunt,Gemeenteweg,binnen bebouwde kom,Tussen 2 bestuurders: Flank tegen flank,Geen hindernis
27134,13,Gent,Gent,51.03018,3.70146,1.7680866011809169,51.03976368563756,3.681283194467106,2021,9,18,44021,Gent,Normaal,Droog,Dag,met lichtgewonden,3,Fiets,9,personenauto,Op Kruispunt,Gemeenteweg,buiten bebouwde kom,Tss. 2 best.: langs opzij (voor-/achterkant-flank),Geen hindernis
27135,136,Gent R4,Gent,51.0876313,3.7587918,1.7010142749128605,51.073648176921346,3.768667083473155,2021,9,8,44021,Gent,Normaal,Droog,Dag,met lichtgewonden,9,personenauto,3,Fiets,Buiten Kruispunt,Gemeenteweg,binnen bebouwde kom,Tussen 2 bestuurders: Langs achteren,Geen hindernis
27136,13,Gent,Gent,51.03018,3.70146,2.0171932823727436,51.038418414661514,3.7271614711809185,2021,9,16,44021,Gent,Normaal,"Nat, plassen",Dag,met lichtgewonden,3,Fiets,10,"één bestuurder, geen hindernis",Buiten Kruispunt,Gewestweg,binnen bebouwde kom,"Eén bestuurder, geen hindernis (incl. val)",Geen hindernis
27138,136,Gent R4,Gent,51.0876313,3.7587918,1.9722949448485796,51.076473645241435,3.7807404890631853,2021,9,21,44021,Gent,Normaal,Droog,"Nacht, openbare verlichting aanwezig en ontstoken",met zwaargewonden,3,Fiets,9,personenauto,Buiten Kruispunt,Gewestweg,buiten bebouwde kom,Tss. 2 best.: langs opzij (voor-/achterkant-flank),Geen hindernis
27140,13,Gent,Gent,51.03018,3.70146,1.7215578787944006,51.020064749665366,3.682824865829014,2021,9,12,44021,Gent,"Andere (dikke rook,...)",Droog,Dag,met lichtgewonden,9,personenauto,3,Fiets,Buiten Kruispunt,Gewestweg,buiten bebouwde kom,Tss. 2 best.: langs opzij (voor-/achterkant-flank),Geen hindernis
27141,13,Gent,Gent,51.03018,3.70146,2.424698869900279,51.03841826472882,3.7335655580269456,2021,9,18,44021,Gent,Onbekend,Onbekend,Onbekend,met lichtgewonden,3,Fiets,9,personenauto,Op Kruispunt,Gewestweg,onbekend,Tss. 2 best.: langs opzij (voor-/achterkant-flank),Geen hindernis
27147,13,Gent,Gent,51.03018,3.70146,2.1074338075107466,51.04911234534432,3.7028534020008017,2021,9,20,44021,Gent,Normaal,Droog,"Nacht, geen openbare verlichting aanwezig",met lichtgewonden,3,Fiets,8,Voetganger,Buiten Kruispunt,Gemeenteweg,binnen bebouwde kom,Met een voetganger,Geen vermelding van de aanwezigheid van een hindernis
27148,13,Gent,Gent,51.03018,3.70146,2.1917613768221056,51.046479476775,3.7190868492713562,2021,9,13,44021,Gent,Onbekend,Onbekend,Dag,met lichtgewonden,3,Fiets,3,Fiets,Op Kruispunt,Gemeenteweg,binnen bebouwde kom,Tss. 2 best.: langs opzij (voor-/achterkant-flank),Geen hindernis
27151,136,Gent R4,Gent,51.0876313,3.7587918,2.0560165679605675,51.074232848150054,3.738508507742087,2021,9,8,44021,Gent,Normaal,Droog,Dag,met lichtgewonden,9,personenauto,3,Fiets,Op Kruispunt,Gewestweg,binnen bebouwde kom,Tss. 2 best.: langs opzij (voor-/achterkant-flank),Geen hindernis
27153,13,Gent,Gent,51.03018,3.70146,1.6634317892940484,51.03165612226332,3.7251308123970155,2021,9,19,44021,Gent,Normaal,Droog,Dag,met lichtgewonden,9,personenauto,3,Fiets,Op Kruispunt,Gemeenteweg,binnen bebouwde kom,Tussen 2 bestuurders: Flank tegen flank,Geen hindernis
27154,118,Gent teller 1,Gent,51.028049,3.7681359,2.3807550581251506,51.018950833198744,3.7373229246431405,2021,9,11,44021,Gent,Normaal,Droog,Dag,met zwaargewonden,3,Fiets,10,"één bestuurder, geen hindernis",Buiten Kruispunt,Gemeenteweg,buiten bebouwde kom,"Eén bestuurder, geen hindernis (incl. val)",Geen hindernis
27154,119,Gent teller 2,Gent,51.0281795,3.7683918,2.403126659795301,51.018950833198744,3.7373229246431405,2021,9,11,44021,Gent,Normaal,Droog,Dag,met zwaargewonden,3,Fiets,10,"één bestuurder, geen hindernis",Buiten Kruispunt,Gemeenteweg,buiten bebouwde kom,"Eén bestuurder, geen hindernis (incl. val)",Geen hindernis
27158,13,Gent,Gent,51.03018,3.70146,2.0938370040941123,51.039744229530385,3.7272541778158694,2021,9,8,44021,Gent,Normaal,Droog,Dag,met lichtgewonden,9,personenauto,3,Fiets,Op Kruispunt,Gemeenteweg,binnen bebouwde kom,Tss. 2 best.: langs opzij (voor-/achterkant-flank),Geen hindernis
27162,13,Gent,Gent,51.03018,3.70146,0.5921726598327222,51.02659080042995,3.707715547137439,2021,9,8,44021,Gent,Normaal,Droog,Dag,met lichtgewonden,3,Fiets,10,"één bestuurder, geen hindernis",Op Kruispunt,Gemeenteweg,binnen bebouwde kom,"Eén bestuurder, geen hindernis (incl. val)",Geen hindernis
27164,13,Gent,Gent,51.03018,3.70146,1.9451091330425134,51.036562363765945,3.727358768044127,2021,9,17,44021,Gent,Regenval,"Nat, plassen",Dag,met zwaargewonden,9,personenauto,3,Fiets,Op Kruispunt,Gemeenteweg,binnen bebouwde kom,Tss. 2 best.: langs opzij (voor-/achterkant-flank),Geen hindernis
27165,7,Evergem 1,Evergem,51.1089,3.70317,2.2366830685658616,51.09599045220055,3.727736143940335,2021,9,14,44021,Gent,Normaal,Droog,Dag,met lichtgewonden,3,Fiets,9,personenauto,Buiten Kruispunt,Gewestweg,buiten bebouwde kom,Tussen 2 bestuurders: Flank tegen flank,Geen hindernis
27165,6,Evergem 2,Evergem,51.10894,3.70298,2.249716510165192,51.09599045220055,3.727736143940335,2021,9,14,44021,Gent,Normaal,Droog,Dag,met lichtgewonden,3,Fiets,9,personenauto,Buiten Kruispunt,Gewestweg,buiten bebouwde kom,Tussen 2 bestuurders: Flank tegen flank,Geen hindernis
27165,136,Gent R4,Gent,51.0876313,3.7587918,2.3596667542919203,51.09599045220055,3.727736143940335,2021,9,14,44021,Gent,Normaal,Droog,Dag,met lichtgewonden,3,Fiets,9,personenauto,Buiten Kruispunt,Gewestweg,buiten bebouwde kom,Tussen 2 bestuurders: Flank tegen flank,Geen hindernis
27167,13,Gent,Gent,51.03018,3.70146,1.2191927662839444,51.026905070287704,3.684822377414643,2021,9,17,44021,Gent,Normaal,Droog,Dag,met lichtgewonden,3,Fiets,9,personenauto,Buiten Kruispunt,Gemeenteweg,binnen bebouwde kom,Tss. 2 best.: langs opzij (voor-/achterkant-flank),Geen hindernis
27168,13,Gent,Gent,51.03018,3.70146,2.0757282572435476,51.03934889868801,3.7273176663399212,2021,9,7,44021,Gent,Normaal,Droog,Dageraad - schemering,met lichtgewonden,3,Fiets,11,een weggebruiker tegen een hindernis,Buiten Kruispunt,Gemeenteweg,binnen bebouwde kom,Weggebruiker tegen hindernis op de rijbaan,"Op de rijbaan: Verkeersdrempel, ezelsrug"
27172,13,Gent,Gent,51.03018,3.70146,1.1526522255549,51.023933803261855,3.714613359077745,2021,9,13,44021,Gent,Normaal,Droog,Dag,met lichtgewonden,6,Bromfiets,3,Fiets,Buiten Kruispunt,Gemeenteweg,binnen bebouwde kom,Tussen 2 bestuurders: Langs achteren,Geen hindernis
27173,13,Gent,Gent,51.03018,3.70146,1.8144757575276125,51.04208142126025,3.7192134227103457,2021,9,0,44021,Gent,Normaal,Droog,"Nacht, openbare verlichting aanwezig en ontstoken",met lichtgewonden,3,Fiets,10,"één bestuurder, geen hindernis",Op Kruispunt,Gewestweg,binnen bebouwde kom,"Eén bestuurder, geen hindernis (incl. val)",Geen hindernis
27175,13,Gent,Gent,51.03018,3.70146,0.02192997927259352,51.030301117660485,3.7012125097418593,2021,9,8,44021,Gent,Normaal,Droog,Dag,met lichtgewonden,3,Fiets,3,Fiets,Op Kruispunt,Gemeenteweg,buiten bebouwde kom,Tussen 2 bestuurders: Frontale botsing,Geen hindernis
27188,116,Melle teller 2,Melle,50.9986113,3.8040599,0.2737497345268898,50.99975923556181,3.807520520259043,2021,9,9,44040,Melle,Normaal,Droog,Dag,met lichtgewonden,5,Lichte vrachtauto,3,Fiets,Buiten Kruispunt,Gewestweg,binnen bebouwde kom,Tss. 2 best.: langs opzij (voor-/achterkant-flank),Geen hindernis
27188,117,Melle teller 1,Melle,50.9986113,3.8040599,0.2737497345268898,50.99975923556181,3.807520520259043,2021,9,9,44040,Melle,Normaal,Droog,Dag,met lichtgewonden,5,Lichte vrachtauto,3,Fiets,Buiten Kruispunt,Gewestweg,binnen bebouwde kom,Tss. 2 best.: langs opzij (voor-/achterkant-flank),Geen hindernis
27191,118,Gent teller 1,Gent,51.028049,3.7681359,1.42050258455547,51.01901290989856,3.7537792859829984,2021,9,16,44043,Merelbeke,Normaal,Droog,Dag,met lichtgewonden,5,Lichte vrachtauto,3,Fiets,Op Kruispunt,Gewestweg,binnen bebouwde kom,Tss. 2 best.: langs opzij (voor-/achterkant-flank),Geen hindernis
27191,119,Gent teller 2,Gent,51.0281795,3.7683918,1.4434194439140584,51.01901290989856,3.7537792859829984,2021,9,16,44043,Merelbeke,Normaal,Droog,Dag,met lichtgewonden,5,Lichte vrachtauto,3,Fiets,Op Kruispunt,Gewestweg,binnen bebouwde kom,Tss. 2 best.: langs opzij (voor-/achterkant-flank),Geen hindernis
27194,118,Gent teller 1,Gent,51.028049,3.7681359,1.4693918205328709,51.01535972669658,3.7622716717476385,2021,9,17,44043,Merelbeke,Normaal,Droog,Dag,met lichtgewonden,3,Fiets,10,"één bestuurder, geen hindernis",Buiten Kruispunt,Gemeenteweg,binnen bebouwde kom,"Eén bestuurder, geen hindernis (incl. val)",Geen hindernis
27194,119,Gent teller 2,Gent,51.0281795,3.7683918,1.4883800670605554,51.01535972669658,3.7622716717476385,2021,9,17,44043,Merelbeke,Normaal,Droog,Dag,met lichtgewonden,3,Fiets,10,"één bestuurder, geen hindernis",Buiten Kruispunt,Gemeenteweg,binnen bebouwde kom,"Eén bestuurder, geen hindernis (incl. val)",Geen hindernis
27202,7,Evergem 1,Evergem,51.1089,3.70317,0.7600156550690741,51.1133509317639,3.711432221473389,2021,9,8,44019,Evergem,Normaal,Droog,Dag,met lichtgewonden,3,Fiets,11,een weggebruiker tegen een hindernis,Buiten Kruispunt,Gemeenteweg,binnen bebouwde kom,Weggebruiker tegen hindernis buiten rijbaan,Andere hindernis
27202,6,Evergem 2,Evergem,51.10894,3.70298,0.7672791056793743,51.1133509317639,3.711432221473389,2021,9,8,44019,Evergem,Normaal,Droog,Dag,met lichtgewonden,3,Fiets,11,een weggebruiker tegen een hindernis,Buiten Kruispunt,Gemeenteweg,binnen bebouwde kom,Weggebruiker tegen hindernis buiten rijbaan,Andere hindernis
27204,7,Evergem 1,Evergem,51.1089,3.70317,2.1844391104079364,51.12004573644075,3.7289395550770204,2021,9,8,44019,Evergem,Normaal,Droog,Dag,met lichtgewonden,9,personenauto,3,Fiets,Op Kruispunt,Gemeenteweg,buiten bebouwde kom,Tussen 2 bestuurders: Flank tegen flank,Geen hindernis
27204,6,Evergem 2,Evergem,51.10894,3.70298,2.192865137633119,51.12004573644075,3.7289395550770204,2021,9,8,44019,Evergem,Normaal,Droog,Dag,met lichtgewonden,9,personenauto,3,Fiets,Op Kruispunt,Gemeenteweg,buiten bebouwde kom,Tussen 2 bestuurders: Flank tegen flank,Geen hindernis
27208,7,Evergem 1,Evergem,51.1089,3.70317,1.6476163826490438,51.110973198764064,3.7265388427014607,2021,9,5,44019,Evergem,Normaal,Droog,"Nacht, openbare verlichting aanwezig en ontstoken",met lichtgewonden,9,personenauto,3,Fiets,Op Kruispunt,Gemeenteweg,buiten bebouwde kom,Tussen 2 bestuurders: Frontale botsing,Geen hindernis
27208,6,Evergem 2,Evergem,51.10894,3.70298,1.6601388287930845,51.110973198764064,3.7265388427014607,2021,9,5,44019,Evergem,Normaal,Droog,"Nacht, openbare verlichting aanwezig en ontstoken",met lichtgewonden,9,personenauto,3,Fiets,Op Kruispunt,Gemeenteweg,buiten bebouwde kom,Tussen 2 bestuurders: Frontale botsing,Geen hindernis
27209,115,Aalter,Aalter,51.1058367,3.4350591,0.31076994127290714,51.10343051669679,3.4373233565886623,2021,9,11,44084,Aalter,Normaal,Droog,Dag,met lichtgewonden,9,personenauto,3,Fiets,Buiten Kruispunt,Gewestweg,binnen bebouwde kom,Tss. 2 best.: langs opzij (voor-/achterkant-flank),Geen hindernis
27246,141,Test site A support,Lokeren,51.08342085,3.9961071208376326,1.3841521396232173,51.09534795109821,3.9904341923933138,2021,9,7,46014,Lokeren,Normaal,Droog,Dag,met lichtgewonden,9,personenauto,3,Fiets,Op Kruispunt,Gewestweg,buiten bebouwde kom,Tss. 2 best.: langs opzij (voor-/achterkant-flank),Geen hindernis
27246,129,Lokeren teller 2,Lokeren,51.09612,3.97025,1.4121295411468615,51.09534795109821,3.9904341923933138,2021,9,7,46014,Lokeren,Normaal,Droog,Dag,met lichtgewonden,9,personenauto,3,Fiets,Op Kruispunt,Gewestweg,buiten bebouwde kom,Tss. 2 best.: langs opzij (voor-/achterkant-flank),Geen hindernis
27246,128,Lokeren teller 1,Lokeren,51.09644,3.97023,1.4161252367149937,51.09534795109821,3.9904341923933138,2021,9,7,46014,Lokeren,Normaal,Droog,Dag,met lichtgewonden,9,personenauto,3,Fiets,Op Kruispunt,Gewestweg,buiten bebouwde kom,Tss. 2 best.: langs opzij (voor-/achterkant-flank),Geen hindernis
27247,141,Test site A support,Lokeren,51.08342085,3.9961071208376326,1.67363535293914,51.09641356882054,4.008204258402136,2021,9,20,46014,Lokeren,Normaal,Droog,"Nacht, openbare verlichting aanwezig en ontstoken",met lichtgewonden,3,Fiets,9,personenauto,Op Kruispunt,Gewestweg,binnen bebouwde kom,Tussen 2 bestuurders: Flank tegen flank,Geen hindernis
27249,128,Lokeren teller 1,Lokeren,51.09644,3.97023,0.707773896424272,51.10269115459096,3.9683201569765285,2021,9,22,46014,Lokeren,Onbekend,Onbekend,"Nacht, openbare verlichting aanwezig en ontstoken",met lichtgewonden,2,Andere weggebruiker,3,Fiets,Op Kruispunt,Gemeenteweg,binnen bebouwde kom,Tussen 2 bestuurders: Langs achteren,Geen hindernis
27249,129,Lokeren teller 2,Lokeren,51.09612,3.97025,0.7430013015770874,51.10269115459096,3.9683201569765285,2021,9,22,46014,Lokeren,Onbekend,Onbekend,"Nacht, openbare verlichting aanwezig en ontstoken",met lichtgewonden,2,Andere weggebruiker,3,Fiets,Op Kruispunt,Gemeenteweg,binnen bebouwde kom,Tussen 2 bestuurders: Langs achteren,Geen hindernis
27251,128,Lokeren teller 1,Lokeren,51.09644,3.97023,1.632414830010082,51.10570666089702,3.988362743227782,2021,9,18,46014,Lokeren,Normaal,Droog,Dag,met lichtgewonden,3,Fiets,9,personenauto,Op Kruispunt,Gemeenteweg,binnen bebouwde kom,Tss. 2 best.: langs opzij (voor-/achterkant-flank),Geen hindernis
27251,129,Lokeren teller 2,Lokeren,51.09612,3.97025,1.6540403958401435,51.10570666089702,3.988362743227782,2021,9,18,46014,Lokeren,Normaal,Droog,Dag,met lichtgewonden,3,Fiets,9,personenauto,Op Kruispunt,Gemeenteweg,binnen bebouwde kom,Tss. 2 best.: langs opzij (voor-/achterkant-flank),Geen hindernis
27252,126,Hamme totem,Hamme,51.1017709,4.1469307,1.007823112823755,51.09592895002306,4.135895863359957,2021,9,17,42008,Hamme,Normaal,Droog,Dag,met lichtgewonden,3,Fiets,9,personenauto,Buiten Kruispunt,Gemeenteweg,binnen bebouwde kom,Tss. 2 best.: langs opzij (voor-/achterkant-flank),Geen hindernis
27253,126,Hamme totem,Hamme,51.1017709,4.1469307,0.9543680400252998,51.100799811744494,4.133350343459758,2021,9,16,42008,Hamme,Normaal,Droog,Dag,met lichtgewonden,3,Fiets,9,personenauto,Op Kruispunt,Gemeenteweg,binnen bebouwde kom,Tss. 2 best.: langs opzij (voor-/achterkant-flank),Geen hindernis
27256,126,Hamme totem,Hamme,51.1017709,4.1469307,0.9070513752495089,51.094253195820706,4.141888651114439,2021,9,19,42008,Hamme,Normaal,Droog,Dag,met lichtgewonden,3,Fiets,3,Fiets,Buiten Kruispunt,Gemeenteweg,binnen bebouwde kom,Tussen 2 bestuurders: Flank tegen flank,Geen hindernis
27257,126,Hamme totem,Hamme,51.1017709,4.1469307,2.179793481981733,51.09169715529043,4.120152369801483,2021,9,8,42008,Hamme,Normaal,Droog,Dag,met lichtgewonden,9,personenauto,3,Fiets,Op Kruispunt,Gemeenteweg,binnen bebouwde kom,Tss. 2 best.: langs opzij (voor-/achterkant-flank),Geen hindernis
27260,120,Zele teller 1,Zele,51.0607671,4.0547741,1.6005669366327666,51.07270260717896,4.041970472379814,2021,9,19,42028,Zele,Normaal,Droog,Dag,met lichtgewonden,3,Fiets,10,"één bestuurder, geen hindernis",Buiten Kruispunt,Gemeenteweg,binnen bebouwde kom,"Eén bestuurder, geen hindernis (incl. val)",Geen hindernis
27260,121,Zele teller 2,Zele,51.0604067,4.0556696,1.6690362803251204,51.07270260717896,4.041970472379814,2021,9,19,42028,Zele,Normaal,Droog,Dag,met lichtgewonden,3,Fiets,10,"één bestuurder, geen hindernis",Buiten Kruispunt,Gemeenteweg,binnen bebouwde kom,"Eén bestuurder, geen hindernis (incl. val)",Geen hindernis
27273,10,Aalst 2,Aalst,50.93549,4.01571,1.6844385011471945,50.95022500317048,4.021288995829974,2021,9,14,41002,Aalst,Normaal,Droog,Dag,met lichtgewonden,3,Fiets,9,personenauto,Buiten Kruispunt,Gemeenteweg,buiten bebouwde kom,Tussen 2 bestuurders: Langs achteren,Geen hindernis
27273,19,Aalst 1,Aalst,50.93433,4.01471,1.826563558727714,50.95022500317048,4.021288995829974,2021,9,14,41002,Aalst,Normaal,Droog,Dag,met lichtgewonden,3,Fiets,9,personenauto,Buiten Kruispunt,Gemeenteweg,buiten bebouwde kom,Tussen 2 bestuurders: Langs achteren,Geen hindernis
27273,11,Aalst 3,Aalst,50.93385,4.01647,1.8518577339932458,50.95022500317048,4.021288995829974,2021,9,14,41002,Aalst,Normaal,Droog,Dag,met lichtgewonden,3,Fiets,9,personenauto,Buiten Kruispunt,Gemeenteweg,buiten bebouwde kom,Tussen 2 bestuurders: Langs achteren,Geen hindernis
27274,11,Aalst 3,Aalst,50.93385,4.01647,1.7715847858063523,50.930197809020584,4.04107641558229,2021,9,8,41002,Aalst,Normaal,Droog,Dag,met lichtgewonden,5,Lichte vrachtauto,3,Fiets,Op Kruispunt,Gewestweg,binnen bebouwde kom,Tussen 2 bestuurders: Flank tegen flank,Geen hindernis
27274,10,Aalst 2,Aalst,50.93549,4.01571,1.8725099582778184,50.930197809020584,4.04107641558229,2021,9,8,41002,Aalst,Normaal,Droog,Dag,met lichtgewonden,5,Lichte vrachtauto,3,Fiets,Op Kruispunt,Gewestweg,binnen bebouwde kom,Tussen 2 bestuurders: Flank tegen flank,Geen hindernis
27274,19,Aalst 1,Aalst,50.93433,4.01471,1.9040136759866992,50.930197809020584,4.04107641558229,2021,9,8,41002,Aalst,Normaal,Droog,Dag,met lichtgewonden,5,Lichte vrachtauto,3,Fiets,Op Kruispunt,Gewestweg,binnen bebouwde kom,Tussen 2 bestuurders: Flank tegen flank,Geen hindernis
27275,11,Aalst 3,Aalst,50.93385,4.01647,0.7590613220228617,50.93134958722797,4.0265487690109945,2021,9,7,41002,Aalst,Normaal,Droog,Dag,met lichtgewonden,9,personenauto,3,Fiets,Buiten Kruispunt,Gemeenteweg,binnen bebouwde kom,Tussen 2 bestuurders: Langs achteren,Geen hindernis
27275,10,Aalst 2,Aalst,50.93549,4.01571,0.8881921944166982,50.93134958722797,4.0265487690109945,2021,9,7,41002,Aalst,Normaal,Droog,Dag,met lichtgewonden,9,personenauto,3,Fiets,Buiten Kruispunt,Gemeenteweg,binnen bebouwde kom,Tussen 2 bestuurders: Langs achteren,Geen hindernis
27275,19,Aalst 1,Aalst,50.93433,4.01471,0.8933856031628332,50.93134958722797,4.0265487690109945,2021,9,7,41002,Aalst,Normaal,Droog,Dag,met lichtgewonden,9,personenauto,3,Fiets,Buiten Kruispunt,Gemeenteweg,binnen bebouwde kom,Tussen 2 bestuurders: Langs achteren,Geen hindernis
27276,10,Aalst 2,Aalst,50.93549,4.01571,2.0344094620618396,50.94105428370503,4.043368541836218,2021,9,12,41002,Aalst,Normaal,Droog,Dag,met lichtgewonden,3,Fiets,9,personenauto,Op Kruispunt,Gemeenteweg,binnen bebouwde kom,Tss. 2 best.: langs opzij (voor-/achterkant-flank),Geen hindernis
27276,11,Aalst 3,Aalst,50.93385,4.01647,2.047994769441702,50.94105428370503,4.043368541836218,2021,9,12,41002,Aalst,Normaal,Droog,Dag,met lichtgewonden,3,Fiets,9,personenauto,Op Kruispunt,Gemeenteweg,binnen bebouwde kom,Tss. 2 best.: langs opzij (voor-/achterkant-flank),Geen hindernis
27276,19,Aalst 1,Aalst,50.93433,4.01471,2.1428207287402805,50.94105428370503,4.043368541836218,2021,9,12,41002,Aalst,Normaal,Droog,Dag,met lichtgewonden,3,Fiets,9,personenauto,Op Kruispunt,Gemeenteweg,binnen bebouwde kom,Tss. 2 best.: langs opzij (voor-/achterkant-flank),Geen hindernis
27284,125,Dendermonde totem,Dendermonde,51.0372706,4.1025998,0.5349892350455733,51.03248493590258,4.103388157691282,2021,9,10,42006,Dendermonde,Normaal,Droog,Dag,met lichtgewonden,3,Fiets,5,Lichte vrachtauto,Buiten Kruispunt,Gemeenteweg,binnen bebouwde kom,Tussen 2 bestuurders: Flank tegen flank,Geen hindernis
27284,122,Dendermonde teller 2,Dendermonde,51.0373918,4.1019222,0.5551639332585832,51.03248493590258,4.103388157691282,2021,9,10,42006,Dendermonde,Normaal,Droog,Dag,met lichtgewonden,3,Fiets,5,Lichte vrachtauto,Buiten Kruispunt,Gemeenteweg,binnen bebouwde kom,Tussen 2 bestuurders: Flank tegen flank,Geen hindernis
27285,122,Dendermonde teller 2,Dendermonde,51.0373918,4.1019222,0.9873653378470578,51.02955213807384,4.095291616850258,2021,9,16,42006,Dendermonde,Normaal,Droog,Dag,met lichtgewonden,3,Fiets,10,"één bestuurder, geen hindernis",Buiten Kruispunt,Gemeenteweg,binnen bebouwde kom,"Eén bestuurder, geen hindernis (incl. val)",Geen hindernis
27285,125,Dendermonde totem,Dendermonde,51.0372706,4.1025998,0.9988791339099415,51.02955213807384,4.095291616850258,2021,9,16,42006,Dendermonde,Normaal,Droog,Dag,met lichtgewonden,3,Fiets,10,"één bestuurder, geen hindernis",Buiten Kruispunt,Gemeenteweg,binnen bebouwde kom,"Eén bestuurder, geen hindernis (incl. val)",Geen hindernis
27286,122,Dendermonde teller 2,Dendermonde,51.0373918,4.1019222,0.8759961206770854,51.02995235116143,4.097800671374464,2021,9,12,42006,Dendermonde,Normaal,Droog,Dag,met lichtgewonden,3,Fiets,3,Fiets,Buiten Kruispunt,Gemeenteweg,binnen bebouwde kom,Tussen 2 bestuurders: Flank tegen flank,Geen hindernis