crash_row_id,site_id,site_name,site_gemeente,site_lat,site_long,distance_km,crash_lat,crash_long,DT_YEAR_COLLISION,DT_MONTH_COLLISION,DT_TIME,CD_NIS,TX_MUNTY_COLLISION_NL,TX_WEATHER_NL,TX_ROAD_CONDITION_NL,TX_LIGHT_CONDITION_NL,TX_CLASS_ACCIDENTS_NL,CD_ROAD_USR_TYPE1,TX_ROAD_USR_TYPE1_NL,CD_ROAD_USR_TYPE2,TX_ROAD_USR_TYPE2_NL,TX_CROSSWAY_NL,CD_ROAD_TYPE_NL,TX_BUILD_UP_AREA_NL,TX_COLLISION_TYPE_NL,TX_OBSTACLES_NL
27286,125,Dendermonde totem,Dendermonde,51.0372706,4.1025998,0.8802333702104033,51.02995235116143,4.097800671374464,2021,9,12,42006,Dendermonde,Normaal,Droog,Dag,met lichtgewonden,3,Fiets,3,Fiets,Buiten Kruispunt,Gemeenteweg,binnen bebouwde kom,Tussen 2 bestuurders: Flank tegen flank,Geen hindernis
27287,122,Dendermonde teller 2,Dendermonde,51.0373918,4.1019222,0.9337341821793645,51.03211617149138,4.091533151031726,2021,9,8,42006,Dendermonde,Normaal,Droog,Dag,met lichtgewonden,3,Fiets,9,personenauto,Buiten Kruispunt,Gemeenteweg,binnen bebouwde kom,Tussen 2 bestuurders: Langs achteren,Geen hindernis
27287,125,Dendermonde totem,Dendermonde,51.0372706,4.1025998,0.9629725739520179,51.03211617149138,4.091533151031726,2021,9,8,42006,Dendermonde,Normaal,Droog,Dag,met lichtgewonden,3,Fiets,9,personenauto,Buiten Kruispunt,Gemeenteweg,binnen bebouwde kom,Tussen 2 bestuurders: Langs achteren,Geen hindernis
27289,125,Dendermonde totem,Dendermonde,51.0372706,4.1025998,1.8170683927234428,51.02110296160722,4.10637761406179,2021,9,1,42006,Dendermonde,Normaal,Droog,"Nacht, openbare verlichting aanwezig en ontstoken",met lichtgewonden,3,Fiets,3,Fiets,Buiten Kruispunt,Gemeenteweg,binnen bebouwde kom,Tussen 2 bestuurders: Flank tegen flank,Geen hindernis
27289,122,Dendermonde teller 2,Dendermonde,51.0373918,4.1019222,1.8378409180598156,51.02110296160722,4.10637761406179,2021,9,1,42006,Dendermonde,Normaal,Droog,"Nacht, openbare verlichting aanwezig en ontstoken",met lichtgewonden,3,Fiets,3,Fiets,Buiten Kruispunt,Gemeenteweg,binnen bebouwde kom,Tussen 2 bestuurders: Flank tegen flank,Geen hindernis
27290,125,Dendermonde totem,Dendermonde,51.0372706,4.1025998,0.45037325335885087,51.033250187729,4.101818730232382,2021,9,16,42006,Dendermonde,Normaal,Droog,Dag,met lichtgewonden,9,personenauto,3,Fiets,Op Kruispunt,Gewestweg,binnen bebouwde kom,Tss. 2 best.: langs opzij (voor-/achterkant-flank),Geen hindernis
27290,122,Dendermonde teller 2,Dendermonde,51.0373918,4.1019222,0.46058310135416086,51.033250187729,4.101818730232382,2021,9,16,42006,Dendermonde,Normaal,Droog,Dag,met lichtgewonden,9,personenauto,3,Fiets,Op Kruispunt,Gewestweg,binnen bebouwde kom,Tss. 2 best.: langs opzij (voor-/achterkant-flank),Geen hindernis
27292,53,Brugge teller 1,Brugge,51.23023,3.228,0.934517439314856,51.2282533646967,3.2149554656898713,2021,9,12,31005,Brugge,Normaal,Droog,Dag,met lichtgewonden,6,Bromfiets,3,Fiets,Buiten Kruispunt,Gemeenteweg,buiten bebouwde kom,Tss. 2 best.: langs opzij (voor-/achterkant-flank),Geen hindernis
27292,54,Brugge teller 2,Brugge,51.23015,3.22818,0.9446791713467096,51.2282533646967,3.2149554656898713,2021,9,12,31005,Brugge,Normaal,Droog,Dag,met lichtgewonden,6,Bromfiets,3,Fiets,Buiten Kruispunt,Gemeenteweg,buiten bebouwde kom,Tss. 2 best.: langs opzij (voor-/achterkant-flank),Geen hindernis
27292,52,Brugge,Brugge,51.22632,3.24095,1.8228220319876542,51.2282533646967,3.2149554656898713,2021,9,12,31005,Brugge,Normaal,Droog,Dag,met lichtgewonden,6,Bromfiets,3,Fiets,Buiten Kruispunt,Gemeenteweg,buiten bebouwde kom,Tss. 2 best.: langs opzij (voor-/achterkant-flank),Geen hindernis
27292,142,TEST Validatie BRUGGE Y2H22022134,Brugge,51.22632,3.24095,1.8228220319876542,51.2282533646967,3.2149554656898713,2021,9,12,31005,Brugge,Normaal,Droog,Dag,met lichtgewonden,6,Bromfiets,3,Fiets,Buiten Kruispunt,Gemeenteweg,buiten bebouwde kom,Tss. 2 best.: langs opzij (voor-/achterkant-flank),Geen hindernis
27295,142,TEST Validatie BRUGGE Y2H22022134,Brugge,51.22632,3.24095,2.2212901630923017,51.206374697222294,3.242732867624601,2021,9,15,31005,Brugge,Normaal,Onbekend,Dag,met lichtgewonden,9,personenauto,3,Fiets,Buiten Kruispunt,Gemeenteweg,binnen bebouwde kom,Tussen 2 bestuurders: Langs achteren,Geen hindernis
27295,52,Brugge,Brugge,51.22632,3.24095,2.2212901630923017,51.206374697222294,3.242732867624601,2021,9,15,31005,Brugge,Normaal,Onbekend,Dag,met lichtgewonden,9,personenauto,3,Fiets,Buiten Kruispunt,Gemeenteweg,binnen bebouwde kom,Tussen 2 bestuurders: Langs achteren,Geen hindernis
27299,142,TEST Validatie BRUGGE Y2H22022134,Brugge,51.22632,3.24095,1.758625303042336,51.2108089920643,3.2360174889183795,2021,9,14,31005,Brugge,Normaal,Droog,Dag,met lichtgewonden,9,personenauto,3,Fiets,Op Kruispunt,Gewestweg,binnen bebouwde kom,Tss. 2 best.: langs opzij (voor-/achterkant-flank),Geen hindernis
27299,52,Brugge,Brugge,51.22632,3.24095,1.758625303042336,51.2108089920643,3.2360174889183795,2021,9,14,31005,Brugge,Normaal,Droog,Dag,met lichtgewonden,9,personenauto,3,Fiets,Op Kruispunt,Gewestweg,binnen bebouwde kom,Tss. 2 best.: langs opzij (voor-/achterkant-flank),Geen hindernis
27299,54,Brugge teller 2,Brugge,51.23015,3.22818,2.2188085141000715,51.2108089920643,3.2360174889183795,2021,9,14,31005,Brugge,Normaal,Droog,Dag,met lichtgewonden,9,personenauto,3,Fiets,Op Kruispunt,Gewestweg,binnen bebouwde kom,Tss. 2 best.: langs opzij (voor-/achterkant-flank),Geen hindernis
27299,53,Brugge teller 1,Brugge,51.23023,3.228,2.2305367558096094,51.2108089920643,3.2360174889183795,2021,9,14,31005,Brugge,Normaal,Droog,Dag,met lichtgewonden,9,personenauto,3,Fiets,Op Kruispunt,Gewestweg,binnen bebouwde kom,Tss. 2 best.: langs opzij (voor-/achterkant-flank),Geen hindernis
27300,142,TEST Validatie BRUGGE Y2H22022134,Brugge,51.22632,3.24095,0.22409570276146043,51.22431486300547,3.2412734234426286,2021,9,10,31005,Brugge,Normaal,Droog,Dag,met zwaargewonden,3,Fiets,11,een weggebruiker tegen een hindernis,Buiten Kruispunt,Gemeenteweg,binnen bebouwde kom,Weggebruiker tegen hindernis op de rijbaan,"Op de rijbaan: Put, straatgoot, tramspoor"
27300,52,Brugge,Brugge,51.22632,3.24095,0.22409570276146043,51.22431486300547,3.2412734234426286,2021,9,10,31005,Brugge,Normaal,Droog,Dag,met zwaargewonden,3,Fiets,11,een weggebruiker tegen een hindernis,Buiten Kruispunt,Gemeenteweg,binnen bebouwde kom,Weggebruiker tegen hindernis op de rijbaan,"Op de rijbaan: Put, straatgoot, tramspoor"
27300,54,Brugge teller 2,Brugge,51.23015,3.22818,1.1190500092653557,51.22431486300547,3.2412734234426286,2021,9,10,31005,Brugge,Normaal,Droog,Dag,met zwaargewonden,3,Fiets,11,een weggebruiker tegen een hindernis,Buiten Kruispunt,Gemeenteweg,binnen bebouwde kom,Weggebruiker tegen hindernis op de rijbaan,"Op de rijbaan: Put, straatgoot, tramspoor"
27300,53,Brugge teller 1,Brugge,51.23023,3.228,1.134419300413619,51.22431486300547,3.2412734234426286,2021,9,10,31005,Brugge,Normaal,Droog,Dag,met zwaargewonden,3,Fiets,11,een weggebruiker tegen een hindernis,Buiten Kruispunt,Gemeenteweg,binnen bebouwde kom,Weggebruiker tegen hindernis op de rijbaan,"Op de rijbaan: Put, straatgoot, tramspoor"
27303,53,Brugge teller 1,Brugge,51.23023,3.228,0.9122867922868723,51.232924865284375,3.2156245658371767,2021,9,17,31005,Brugge,Normaal,Droog,Dag,met lichtgewonden,9,personenauto,3,Fiets,Buiten Kruispunt,Gemeenteweg,buiten bebouwde kom,Tss. 2 best.: langs opzij (voor-/achterkant-flank),Geen hindernis
27303,54,Brugge teller 2,Brugge,51.23015,3.22818,0.9270568658500528,51.232924865284375,3.2156245658371767,2021,9,17,31005,Brugge,Normaal,Droog,Dag,met lichtgewonden,9,personenauto,3,Fiets,Buiten Kruispunt,Gemeenteweg,buiten bebouwde kom,Tss. 2 best.: langs opzij (voor-/achterkant-flank),Geen hindernis
27303,52,Brugge,Brugge,51.22632,3.24095,1.9102434267555573,51.232924865284375,3.2156245658371767,2021,9,17,31005,Brugge,Normaal,Droog,Dag,met lichtgewonden,9,personenauto,3,Fiets,Buiten Kruispunt,Gemeenteweg,buiten bebouwde kom,Tss. 2 best.: langs opzij (voor-/achterkant-flank),Geen hindernis
27303,142,TEST Validatie BRUGGE Y2H22022134,Brugge,51.22632,3.24095,1.9102434267555573,51.232924865284375,3.2156245658371767,2021,9,17,31005,Brugge,Normaal,Droog,Dag,met lichtgewonden,9,personenauto,3,Fiets,Buiten Kruispunt,Gemeenteweg,buiten bebouwde kom,Tss. 2 best.: langs opzij (voor-/achterkant-flank),Geen hindernis
27304,50,"Brugge, Sint-Andries",Brugge,51.19291,3.16252,2.3244876771683183,51.19670600191874,3.1953234436017404,2021,9,8,31005,Brugge,Normaal,Droog,Dag,met lichtgewonden,9,personenauto,3,Fiets,Buiten Kruispunt,Gemeenteweg,binnen bebouwde kom,Tss. 2 best.: langs opzij (voor-/achterkant-flank),Geen hindernis
27304,51,"Brugge, Sint-Andries",Brugge,51.19281,3.16252,2.3265349630491787,51.19670600191874,3.1953234436017404,2021,9,8,31005,Brugge,Normaal,Droog,Dag,met lichtgewonden,9,personenauto,3,Fiets,Buiten Kruispunt,Gemeenteweg,binnen bebouwde kom,Tss. 2 best.: langs opzij (voor-/achterkant-flank),Geen hindernis
27305,20,Brugge,Brugge,51.17416,3.20048,1.8750115662732623,51.17621665534016,3.22717547172807,2021,9,10,31005,Brugge,Normaal,Droog,Dag,met lichtgewonden,9,personenauto,3,Fiets,Op Kruispunt,Gewestweg,binnen bebouwde kom,Tss. 2 best.: langs opzij (voor-/achterkant-flank),Geen hindernis
27306,50,"Brugge, Sint-Andries",Brugge,51.19291,3.16252,2.21222252904222,51.212107869481,3.1541882750153594,2021,9,9,31005,Brugge,Normaal,Droog,Dag,met lichtgewonden,3,Fiets,3,Fiets,Op Kruispunt,Gemeenteweg,buiten bebouwde kom,Tss. 2 best.: langs opzij (voor-/achterkant-flank),Geen hindernis
27306,51,"Brugge, Sint-Andries",Brugge,51.19281,3.16252,2.2229544711820637,51.212107869481,3.1541882750153594,2021,9,9,31005,Brugge,Normaal,Droog,Dag,met lichtgewonden,3,Fiets,3,Fiets,Op Kruispunt,Gemeenteweg,buiten bebouwde kom,Tss. 2 best.: langs opzij (voor-/achterkant-flank),Geen hindernis
27308,53,Brugge teller 1,Brugge,51.23023,3.228,1.7641521998949863,51.23394589450997,3.2033674310617326,2021,9,17,31005,Brugge,Normaal,Droog,Dag,met lichtgewonden,3,Fiets,3,Fiets,Buiten Kruispunt,Gewestweg,binnen bebouwde kom,Tussen 2 bestuurders: Frontale botsing,Geen hindernis
27308,54,Brugge teller 2,Brugge,51.23015,3.22818,1.7784304981975967,51.23394589450997,3.2033674310617326,2021,9,17,31005,Brugge,Normaal,Droog,Dag,met lichtgewonden,3,Fiets,3,Fiets,Buiten Kruispunt,Gewestweg,binnen bebouwde kom,Tussen 2 bestuurders: Frontale botsing,Geen hindernis
27309,142,TEST Validatie BRUGGE Y2H22022134,Brugge,51.22632,3.24095,2.295333749357851,51.208620092785296,3.2239921370095654,2021,9,12,31005,Brugge,Normaal,"Nat, plassen",Dag,met lichtgewonden,6,Bromfiets,3,Fiets,Buiten Kruispunt,Gewestweg,binnen bebouwde kom,Tussen 2 bestuurders: Flank tegen flank,Geen hindernis
27309,52,Brugge,Brugge,51.22632,3.24095,2.295333749357851,51.208620092785296,3.2239921370095654,2021,9,12,31005,Brugge,Normaal,"Nat, plassen",Dag,met lichtgewonden,6,Bromfiets,3,Fiets,Buiten Kruispunt,Gewestweg,binnen bebouwde kom,Tussen 2 bestuurders: Flank tegen flank,Geen hindernis
27309,54,Brugge teller 2,Brugge,51.23015,3.22818,2.4117181745539216,51.208620092785296,3.2239921370095654,2021,9,12,31005,Brugge,Normaal,"Nat, plassen",Dag,met lichtgewonden,6,Bromfiets,3,Fiets,Buiten Kruispunt,Gewestweg,binnen bebouwde kom,Tussen 2 bestuurders: Flank tegen flank,Geen hindernis
27309,53,Brugge teller 1,Brugge,51.23023,3.228,2.4190701265904386,51.208620092785296,3.2239921370095654,2021,9,12,31005,Brugge,Normaal,"Nat, plassen",Dag,met lichtgewonden,6,Bromfiets,3,Fiets,Buiten Kruispunt,Gewestweg,binnen bebouwde kom,Tussen 2 bestuurders: Flank tegen flank,Geen hindernis
27310,142,TEST Validatie BRUGGE Y2H22022134,Brugge,51.22632,3.24095,2.07084966031766,51.20949957334936,3.2537133871355834,2021,9,12,31005,Brugge,Normaal,"Nat, plassen",Dag,met zwaargewonden,9,personenauto,3,Fiets,Op Kruispunt,Gewestweg,binnen bebouwde kom,Tussen 2 bestuurders: Langs achteren,Geen hindernis
27310,52,Brugge,Brugge,51.22632,3.24095,2.07084966031766,51.20949957334936,3.2537133871355834,2021,9,12,31005,Brugge,Normaal,"Nat, plassen",Dag,met zwaargewonden,9,personenauto,3,Fiets,Op Kruispunt,Gewestweg,binnen bebouwde kom,Tussen 2 bestuurders: Langs achteren,Geen hindernis
27324,142,TEST Validatie BRUGGE Y2H22022134,Brugge,51.22632,3.24095,2.419313503075169,51.23739028257185,3.2708628715211265,2021,9,11,31006,Damme,Normaal,Droog,Dag,met lichtgewonden,9,personenauto,3,Fiets,Buiten Kruispunt,Gemeenteweg,buiten bebouwde kom,Tussen 2 bestuurders: Flank tegen flank,Geen hindernis
27324,52,Brugge,Brugge,51.22632,3.24095,2.419313503075169,51.23739028257185,3.2708628715211265,2021,9,11,31006,Damme,Normaal,Droog,Dag,met lichtgewonden,9,personenauto,3,Fiets,Buiten Kruispunt,Gemeenteweg,buiten bebouwde kom,Tussen 2 bestuurders: Flank tegen flank,Geen hindernis
27339,59,Ardooie teller 1,Ardooie,50.96784,3.18479,0.5836503159558745,50.97090667887392,3.1915545119512796,2021,9,20,37020,Ardooie,Normaal,Droog,"Nacht, openbare verlichting aanwezig en ontstoken",met zwaargewonden,9,personenauto,3,Fiets,Op Kruispunt,Gewestweg,buiten bebouwde kom,Tss. 2 best.: langs opzij (voor-/achterkant-flank),Geen hindernis
27339,60,Ardooie teller 2,Ardooie,50.96783,3.18411,0.6235250451946444,50.97090667887392,3.1915545119512796,2021,9,20,37020,Ardooie,Normaal,Droog,"Nacht, openbare verlichting aanwezig en ontstoken",met zwaargewonden,9,personenauto,3,Fiets,Op Kruispunt,Gewestweg,buiten bebouwde kom,Tss. 2 best.: langs opzij (voor-/achterkant-flank),Geen hindernis
27341,15,Oostende 2,Oostende,51.21371,2.92743,1.7389202910927264,51.22430172566826,2.9090606646601,2021,9,16,35013,Oostende,Normaal,Droog,Dag,met lichtgewonden,8,Voetganger,3,Fiets,Buiten Kruispunt,Gewestweg,binnen bebouwde kom,Met een voetganger,Geen hindernis
27341,18,Oostende 1,Oostende,51.21378,2.92765,1.7449949762296597,51.22430172566826,2.9090606646601,2021,9,16,35013,Oostende,Normaal,Droog,Dag,met lichtgewonden,8,Voetganger,3,Fiets,Buiten Kruispunt,Gewestweg,binnen bebouwde kom,Met een voetganger,Geen hindernis
27344,18,Oostende 1,Oostende,51.21378,2.92765,1.715458646763779,51.22773644373402,2.9171528617521467,2021,9,14,35013,Oostende,Normaal,Droog,Dag,met lichtgewonden,5,Lichte vrachtauto,3,Fiets,Op Kruispunt,Gewestweg,binnen bebouwde kom,Tss. 2 best.: langs opzij (voor-/achterkant-flank),Geen hindernis
27344,15,Oostende 2,Oostende,51.21371,2.92743,1.7160568391176174,51.22773644373402,2.9171528617521467,2021,9,14,35013,Oostende,Normaal,Droog,Dag,met lichtgewonden,5,Lichte vrachtauto,3,Fiets,Op Kruispunt,Gewestweg,binnen bebouwde kom,Tss. 2 best.: langs opzij (voor-/achterkant-flank),Geen hindernis
27346,18,Oostende 1,Oostende,51.21378,2.92765,0.3305388717599873,51.215991697268045,2.93082073036595,2021,9,12,35013,Oostende,Normaal,Droog,Dag,met lichtgewonden,3,Fiets,9,personenauto,Op Kruispunt,Gewestweg,binnen bebouwde kom,Tussen 2 bestuurders: Flank tegen flank,Geen hindernis
27346,15,Oostende 2,Oostende,51.21371,2.92743,0.34662415252999984,51.215991697268045,2.93082073036595,2021,9,12,35013,Oostende,Normaal,Droog,Dag,met lichtgewonden,3,Fiets,9,personenauto,Op Kruispunt,Gewestweg,binnen bebouwde kom,Tussen 2 bestuurders: Flank tegen flank,Geen hindernis
27347,15,Oostende 2,Oostende,51.21371,2.92743,2.096135992059545,51.22991841914434,2.9120615682937276,2021,9,12,35013,Oostende,Normaal,Droog,Dag,met zwaargewonden,9,personenauto,3,Fiets,Op Kruispunt,Gemeenteweg,binnen bebouwde kom,Tss. 2 best.: langs opzij (voor-/achterkant-flank),Geen hindernis
27347,18,Oostende 1,Oostende,51.21378,2.92765,2.0973362255768615,51.22991841914434,2.9120615682937276,2021,9,12,35013,Oostende,Normaal,Droog,Dag,met zwaargewonden,9,personenauto,3,Fiets,Op Kruispunt,Gemeenteweg,binnen bebouwde kom,Tss. 2 best.: langs opzij (voor-/achterkant-flank),Geen hindernis
27348,15,Oostende 2,Oostende,51.21371,2.92743,1.755111156372796,51.208105527893096,2.903875902049229,2021,9,8,35013,Oostende,Normaal,Droog,Dag,met lichtgewonden,9,personenauto,3,Fiets,Op Kruispunt,Gewestweg,binnen bebouwde kom,Tussen 2 bestuurders: Frontale botsing,Geen hindernis
27348,18,Oostende 1,Oostende,51.21378,2.92765,1.7722010016242093,51.208105527893096,2.903875902049229,2021,9,8,35013,Oostende,Normaal,Droog,Dag,met lichtgewonden,9,personenauto,3,Fiets,Op Kruispunt,Gewestweg,binnen bebouwde kom,Tussen 2 bestuurders: Frontale botsing,Geen hindernis
27349,15,Oostende 2,Oostende,51.21371,2.92743,1.7155486122896553,51.22518694458639,2.910968027809377,2021,9,16,35013,Oostende,Normaal,Droog,Dag,met lichtgewonden,3,Fiets,9,personenauto,Buiten Kruispunt,Gewestweg,binnen bebouwde kom,Tss. 2 best.: langs opzij (voor-/achterkant-flank),Geen hindernis
27349,18,Oostende 1,Oostende,51.21378,2.92765,1.7200777286104247,51.22518694458639,2.910968027809377,2021,9,16,35013,Oostende,Normaal,Droog,Dag,met lichtgewonden,3,Fiets,9,personenauto,Buiten Kruispunt,Gewestweg,binnen bebouwde kom,Tss. 2 best.: langs opzij (voor-/achterkant-flank),Geen hindernis
27350,18,Oostende 1,Oostende,51.21378,2.92765,2.3054505647114776,51.23289452590601,2.9148255549973463,2021,9,10,35013,Oostende,Normaal,Droog,Dag,met lichtgewonden,3,Fiets,9,personenauto,Op Kruispunt,Gewestweg,binnen bebouwde kom,Tss. 2 best.: langs opzij (voor-/achterkant-flank),Geen hindernis
27350,15,Oostende 2,Oostende,51.21371,2.92743,2.306755377787349,51.23289452590601,2.9148255549973463,2021,9,10,35013,Oostende,Normaal,Droog,Dag,met lichtgewonden,3,Fiets,9,personenauto,Op Kruispunt,Gewestweg,binnen bebouwde kom,Tss. 2 best.: langs opzij (voor-/achterkant-flank),Geen hindernis
27351,15,Oostende 2,Oostende,51.21371,2.92743,1.5835624658358143,51.21023950574314,2.9053816603584264,2021,9,9,35013,Oostende,Normaal,Droog,Dag,met lichtgewonden,9,personenauto,3,Fiets,Op Kruispunt,Gewestweg,binnen bebouwde kom,Tss. 2 best.: langs opzij (voor-/achterkant-flank),Geen hindernis
27351,18,Oostende 1,Oostende,51.21378,2.92765,1.6003252377149562,51.21023950574314,2.9053816603584264,2021,9,9,35013,Oostende,Normaal,Droog,Dag,met lichtgewonden,9,personenauto,3,Fiets,Op Kruispunt,Gewestweg,binnen bebouwde kom,Tss. 2 best.: langs opzij (voor-/achterkant-flank),Geen hindernis
27352,15,Oostende 2,Oostende,51.21371,2.92743,1.6458474116471031,51.2264362618864,2.9153626654728075,2021,9,8,35013,Oostende,Normaal,Droog,Dag,met lichtgewonden,3,Fiets,9,personenauto,Op Kruispunt,Gewestweg,binnen bebouwde kom,Tussen 2 bestuurders: Flank tegen flank,Geen hindernis
27352,18,Oostende 1,Oostende,51.21378,2.92765,1.6470678593881818,51.2264362618864,2.9153626654728075,2021,9,8,35013,Oostende,Normaal,Droog,Dag,met lichtgewonden,3,Fiets,9,personenauto,Op Kruispunt,Gewestweg,binnen bebouwde kom,Tussen 2 bestuurders: Flank tegen flank,Geen hindernis
27353,15,Oostende 2,Oostende,51.21371,2.92743,1.6846264228161152,51.20416511751486,2.9086499371982346,2021,9,12,35013,Oostende,Onbekend,Onbekend,Dag,met lichtgewonden,3,Fiets,9,personenauto,Buiten Kruispunt,Gemeenteweg,onbekend,Tss. 2 best.: langs opzij (voor-/achterkant-flank),Geen hindernis
27353,18,Oostende 1,Oostende,51.21378,2.92765,1.7014348476329475,51.20416511751486,2.9086499371982346,2021,9,12,35013,Oostende,Onbekend,Onbekend,Dag,met lichtgewonden,3,Fiets,9,personenauto,Buiten Kruispunt,Gemeenteweg,onbekend,Tss. 2 best.: langs opzij (voor-/achterkant-flank),Geen hindernis
27354,18,Oostende 1,Oostende,51.21378,2.92765,1.9741710630882034,51.23129177664468,2.9229819358304137,2021,9,12,35013,Oostende,Normaal,Droog,Dag,met lichtgewonden,3,Fiets,4,Vrachtwagen,Buiten Kruispunt,Gewestweg,binnen bebouwde kom,Tussen 2 bestuurders: Flank tegen flank,Geen hindernis
27354,15,Oostende 2,Oostende,51.21371,2.92743,1.9793934424755735,51.23129177664468,2.9229819358304137,2021,9,12,35013,Oostende,Normaal,Droog,Dag,met lichtgewonden,3,Fiets,4,Vrachtwagen,Buiten Kruispunt,Gewestweg,binnen bebouwde kom,Tussen 2 bestuurders: Flank tegen flank,Geen hindernis
27356,18,Oostende 1,Oostende,51.21378,2.92765,1.4003717030349847,51.22320265103167,2.9409903394832737,2021,9,12,35013,Oostende,Regenval,"Nat, plassen",Dag,met lichtgewonden,3,Fiets,5,Lichte vrachtauto,Op Kruispunt,Gewestweg,binnen bebouwde kom,Tss. 2 best.: langs opzij (voor-/achterkant-flank),Geen hindernis
27356,15,Oostende 2,Oostende,51.21371,2.92743,1.4163759545321226,51.22320265103167,2.9409903394832737,2021,9,12,35013,Oostende,Regenval,"Nat, plassen",Dag,met lichtgewonden,3,Fiets,5,Lichte vrachtauto,Op Kruispunt,Gewestweg,binnen bebouwde kom,Tss. 2 best.: langs opzij (voor-/achterkant-flank),Geen hindernis
27357,15,Oostende 2,Oostende,51.21371,2.92743,0.951016402514561,51.21818166403503,2.9157908695984185,2021,9,6,35013,Oostende,Regenval,"Nat, plassen","Nacht, openbare verlichting aanwezig en ontstoken",met lichtgewonden,3,Fiets,8,Voetganger,Buiten Kruispunt,Gemeenteweg,binnen bebouwde kom,Met een voetganger,Geen hindernis
27357,18,Oostende 1,Oostende,51.21378,2.92765,0.9601200331954882,51.21818166403503,2.9157908695984185,2021,9,6,35013,Oostende,Regenval,"Nat, plassen","Nacht, openbare verlichting aanwezig en ontstoken",met lichtgewonden,3,Fiets,8,Voetganger,Buiten Kruispunt,Gemeenteweg,binnen bebouwde kom,Met een voetganger,Geen hindernis
27366,56,Torhout teller 2,Torhout,51.07147,3.08244,1.0506572621704175,51.06485548922952,3.0931775577687537,2021,9,7,31033,Torhout,Normaal,Droog,Dag,met zwaargewonden,4,Vrachtwagen,3,Fiets,Op Kruispunt,Gewestweg,buiten bebouwde kom,Tss. 2 best.: langs opzij (voor-/achterkant-flank),Geen hindernis
27366,55,Torhout teller 1,Torhout,51.07161,3.08261,1.053250842214667,51.06485548922952,3.0931775577687537,2021,9,7,31033,Torhout,Normaal,Droog,Dag,met zwaargewonden,4,Vrachtwagen,3,Fiets,Op Kruispunt,Gewestweg,buiten bebouwde kom,Tss. 2 best.: langs opzij (voor-/achterkant-flank),Geen hindernis
27367,51,"Brugge, Sint-Andries",Brugge,51.19281,3.16252,0.8718859747988492,51.189949938222895,3.150870735784243,2021,9,12,31012,Jabbeke,Normaal,Droog,Dag,met lichtgewonden,9,personenauto,3,Fiets,Op Kruispunt,Gewestweg,binnen bebouwde kom,Tss. 2 best.: langs opzij (voor-/achterkant-flank),Geen hindernis
27367,50,"Brugge, Sint-Andries",Brugge,51.19291,3.16252,0.8760022288755105,51.189949938222895,3.150870735784243,2021,9,12,31012,Jabbeke,Normaal,Droog,Dag,met lichtgewonden,9,personenauto,3,Fiets,Op Kruispunt,Gewestweg,binnen bebouwde kom,Tss. 2 best.: langs opzij (voor-/achterkant-flank),Geen hindernis
27371,84,Roeselare totem,Izegem,50.91717,3.18772,1.9424624643923147,50.9174880813875,3.2154245541810726,2021,9,16,36008,Izegem,Normaal,Droog,Dag,met lichtgewonden,9,personenauto,3,Fiets,Buiten Kruispunt,Gewestweg,binnen bebouwde kom,Tss. 2 best.: langs opzij (voor-/achterkant-flank),Geen hindernis
27372,84,Roeselare totem,Izegem,50.91717,3.18772,1.2994104510248705,50.92019530683763,3.205624626744708,2021,9,7,36008,Izegem,Normaal,"Nat, plassen",Dag,met lichtgewonden,9,personenauto,3,Fiets,Op Kruispunt,Gewestweg,binnen bebouwde kom,Tss. 2 best.: langs opzij (voor-/achterkant-flank),Geen hindernis
27373,84,Roeselare totem,Izegem,50.91717,3.18772,1.8915505333643228,50.91669912064128,3.2146923232890905,2021,9,21,36008,Izegem,Normaal,Droog,"Nacht, openbare verlichting aanwezig en ontstoken",met lichtgewonden,9,personenauto,3,Fiets,Op Kruispunt,Gemeenteweg,binnen bebouwde kom,Tussen 2 bestuurders: Frontale botsing,Geen hindernis
27376,84,Roeselare totem,Izegem,50.91717,3.18772,1.6807212537089438,50.91019384194797,3.208987443395244,2021,9,12,36008,Izegem,Normaal,Droog,Dag,met lichtgewonden,3,Fiets,3,Fiets,Op Kruispunt,Gemeenteweg,binnen bebouwde kom,Tussen 2 bestuurders: Flank tegen flank,Geen hindernis
27379,84,Roeselare totem,Izegem,50.91717,3.18772,2.173371008595367,50.922097279951856,3.217723241316901,2021,9,8,36008,Izegem,Normaal,Droog,Dag,met zwaargewonden,8,Voetganger,3,Fiets,Buiten Kruispunt,Gemeenteweg,binnen bebouwde kom,Met een voetganger,Geen hindernis
27380,84,Roeselare totem,Izegem,50.91717,3.18772,2.211296869564176,50.92784745544757,3.2143346743099124,2021,9,8,36008,Izegem,Normaal,Droog,Dag,met lichtgewonden,9,personenauto,3,Fiets,Op Kruispunt,Gemeenteweg,binnen bebouwde kom,Tussen 2 bestuurders: Flank tegen flank,Geen hindernis
27381,84,Roeselare totem,Izegem,50.91717,3.18772,0.4649862076253784,50.915569310691836,3.1938477032672923,2021,9,13,36008,Izegem,Normaal,Droog,Dag,met lichtgewonden,3,Fiets,9,personenauto,Op Kruispunt,Gewestweg,binnen bebouwde kom,Tss. 2 best.: langs opzij (voor-/achterkant-flank),Geen hindernis
27387,61,Wervik teller 2,Wervik,50.80555,3.0921,1.241641238254218,50.80033668892612,3.1077247061220468,2021,9,14,34027,Menen,Normaal,Droog,Dag,met zwaargewonden,9,personenauto,3,Fiets,Op Kruispunt,Gewestweg,binnen bebouwde kom,Tussen 2 bestuurders: Flank tegen flank,Geen hindernis