crash_row_id,site_id,site_name,site_gemeente,site_lat,site_long,distance_km,crash_lat,crash_long,DT_YEAR_COLLISION,DT_MONTH_COLLISION,DT_TIME,CD_NIS,TX_MUNTY_COLLISION_NL,TX_WEATHER_NL,TX_ROAD_CONDITION_NL,TX_LIGHT_CONDITION_NL,TX_CLASS_ACCIDENTS_NL,CD_ROAD_USR_TYPE1,TX_ROAD_USR_TYPE1_NL,CD_ROAD_USR_TYPE2,TX_ROAD_USR_TYPE2_NL,TX_CROSSWAY_NL,CD_ROAD_TYPE_NL,TX_BUILD_UP_AREA_NL,TX_COLLISION_TYPE_NL,TX_OBSTACLES_NL
27387,62,Wervik teller 1,Wervik,50.8058,3.09154,1.2894332310853156,50.80033668892612,3.1077247061220468,2021,9,14,34027,Menen,Normaal,Droog,Dag,met zwaargewonden,9,personenauto,3,Fiets,Op Kruispunt,Gewestweg,binnen bebouwde kom,Tussen 2 bestuurders: Flank tegen flank,Geen hindernis
27388,61,Wervik teller 2,Wervik,50.80555,3.0921,1.389491145438345,50.80603014182312,3.1118590739966128,2021,9,8,34027,Menen,Normaal,Droog,Dag,met zwaargewonden,9,personenauto,3,Fiets,Op Kruispunt,Gemeenteweg,binnen bebouwde kom,Kettingbotsing (3 bestuurders of meer),Geen hindernis
27388,62,Wervik teller 1,Wervik,50.8058,3.09154,1.4280416067616681,50.80603014182312,3.1118590739966128,2021,9,8,34027,Menen,Normaal,Droog,Dag,met zwaargewonden,9,personenauto,3,Fiets,Op Kruispunt,Gemeenteweg,binnen bebouwde kom,Kettingbotsing (3 bestuurders of meer),Geen hindernis
27389,143,Eco Display Classic Budastraat,Kortrijk,50.83066,3.26286,0.33645240963122164,50.82802809108415,3.2652234023460256,2021,9,17,34022,Kortrijk,Normaal,"Nat, plassen",Dag,met lichtgewonden,6,Bromfiets,3,Fiets,Op Kruispunt,Gemeenteweg,binnen bebouwde kom,Tussen 2 bestuurders: Frontale botsing,Geen hindernis
27389,16,Kortrijk 1,Kortrijk,50.83332,3.27777,1.0595876414406442,50.82802809108415,3.2652234023460256,2021,9,17,34022,Kortrijk,Normaal,"Nat, plassen",Dag,met lichtgewonden,6,Bromfiets,3,Fiets,Op Kruispunt,Gemeenteweg,binnen bebouwde kom,Tussen 2 bestuurders: Frontale botsing,Geen hindernis
27389,17,Kortrijk 2,Kortrijk,50.83339,3.27773,1.0616038049322307,50.82802809108415,3.2652234023460256,2021,9,17,34022,Kortrijk,Normaal,"Nat, plassen",Dag,met lichtgewonden,6,Bromfiets,3,Fiets,Op Kruispunt,Gemeenteweg,binnen bebouwde kom,Tussen 2 bestuurders: Frontale botsing,Geen hindernis
27389,75,Kortrijk teller 2,Kortrijk,50.81925,3.25731,1.1232592058495257,50.82802809108415,3.2652234023460256,2021,9,17,34022,Kortrijk,Normaal,"Nat, plassen",Dag,met lichtgewonden,6,Bromfiets,3,Fiets,Op Kruispunt,Gemeenteweg,binnen bebouwde kom,Tussen 2 bestuurders: Frontale botsing,Geen hindernis
27389,74,Kortrijk teller 1,Kortrijk,50.81909,3.25728,1.1397838430116756,50.82802809108415,3.2652234023460256,2021,9,17,34022,Kortrijk,Normaal,"Nat, plassen",Dag,met lichtgewonden,6,Bromfiets,3,Fiets,Op Kruispunt,Gemeenteweg,binnen bebouwde kom,Tussen 2 bestuurders: Frontale botsing,Geen hindernis
27390,143,Eco Display Classic Budastraat,Kortrijk,50.83066,3.26286,0.5677249619768231,50.83559245574957,3.2649478202344233,2021,9,7,34022,Kortrijk,Normaal,"Nat, plassen",Dag,met lichtgewonden,3,Fiets,8,Voetganger,Buiten Kruispunt,Gewestweg,binnen bebouwde kom,Met een voetganger,Geen hindernis
27390,17,Kortrijk 2,Kortrijk,50.83339,3.27773,0.9304568436600689,50.83559245574957,3.2649478202344233,2021,9,7,34022,Kortrijk,Normaal,"Nat, plassen",Dag,met lichtgewonden,3,Fiets,8,Voetganger,Buiten Kruispunt,Gewestweg,binnen bebouwde kom,Met een voetganger,Geen hindernis
27390,16,Kortrijk 1,Kortrijk,50.83332,3.27777,0.9352407129165743,50.83559245574957,3.2649478202344233,2021,9,7,34022,Kortrijk,Normaal,"Nat, plassen",Dag,met lichtgewonden,3,Fiets,8,Voetganger,Buiten Kruispunt,Gewestweg,binnen bebouwde kom,Met een voetganger,Geen hindernis
27390,75,Kortrijk teller 2,Kortrijk,50.81925,3.25731,1.894728892651655,50.83559245574957,3.2649478202344233,2021,9,7,34022,Kortrijk,Normaal,"Nat, plassen",Dag,met lichtgewonden,3,Fiets,8,Voetganger,Buiten Kruispunt,Gewestweg,binnen bebouwde kom,Met een voetganger,Geen hindernis
27390,74,Kortrijk teller 1,Kortrijk,50.81909,3.25728,1.9123913118392264,50.83559245574957,3.2649478202344233,2021,9,7,34022,Kortrijk,Normaal,"Nat, plassen",Dag,met lichtgewonden,3,Fiets,8,Voetganger,Buiten Kruispunt,Gewestweg,binnen bebouwde kom,Met een voetganger,Geen hindernis
27391,143,Eco Display Classic Budastraat,Kortrijk,50.83066,3.26286,0.8355528034896507,50.8239528486551,3.2682237357681156,2021,9,13,34022,Kortrijk,Normaal,Droog,Dag,met lichtgewonden,3,Fiets,3,Fiets,Buiten Kruispunt,Gewestweg,binnen bebouwde kom,Tss. 2 best.: langs opzij (voor-/achterkant-flank),Geen hindernis
27391,75,Kortrijk teller 2,Kortrijk,50.81925,3.25731,0.9280111380464866,50.8239528486551,3.2682237357681156,2021,9,13,34022,Kortrijk,Normaal,Droog,Dag,met lichtgewonden,3,Fiets,3,Fiets,Buiten Kruispunt,Gewestweg,binnen bebouwde kom,Tss. 2 best.: langs opzij (voor-/achterkant-flank),Geen hindernis
27391,74,Kortrijk teller 1,Kortrijk,50.81909,3.25728,0.9398755698433969,50.8239528486551,3.2682237357681156,2021,9,13,34022,Kortrijk,Normaal,Droog,Dag,met lichtgewonden,3,Fiets,3,Fiets,Buiten Kruispunt,Gewestweg,binnen bebouwde kom,Tss. 2 best.: langs opzij (voor-/achterkant-flank),Geen hindernis
27391,16,Kortrijk 1,Kortrijk,50.83332,3.27777,1.2387247560995285,50.8239528486551,3.2682237357681156,2021,9,13,34022,Kortrijk,Normaal,Droog,Dag,met lichtgewonden,3,Fiets,3,Fiets,Buiten Kruispunt,Gewestweg,binnen bebouwde kom,Tss. 2 best.: langs opzij (voor-/achterkant-flank),Geen hindernis
27391,17,Kortrijk 2,Kortrijk,50.83339,3.27773,1.2437660793272896,50.8239528486551,3.2682237357681156,2021,9,13,34022,Kortrijk,Normaal,Droog,Dag,met lichtgewonden,3,Fiets,3,Fiets,Buiten Kruispunt,Gewestweg,binnen bebouwde kom,Tss. 2 best.: langs opzij (voor-/achterkant-flank),Geen hindernis
27392,143,Eco Display Classic Budastraat,Kortrijk,50.83066,3.26286,0.458024582694439,50.83381928215224,3.2586751680770654,2021,9,17,34022,Kortrijk,Normaal,Droog,Dag,met zwaargewonden,3,Fiets,8,Voetganger,Op Kruispunt,Gewestweg,binnen bebouwde kom,Met een voetganger,Geen hindernis
27392,17,Kortrijk 2,Kortrijk,50.83339,3.27773,1.339031915785128,50.83381928215224,3.2586751680770654,2021,9,17,34022,Kortrijk,Normaal,Droog,Dag,met zwaargewonden,3,Fiets,8,Voetganger,Op Kruispunt,Gewestweg,binnen bebouwde kom,Met een voetganger,Geen hindernis
27392,16,Kortrijk 1,Kortrijk,50.83332,3.27777,1.342139688715325,50.83381928215224,3.2586751680770654,2021,9,17,34022,Kortrijk,Normaal,Droog,Dag,met zwaargewonden,3,Fiets,8,Voetganger,Op Kruispunt,Gewestweg,binnen bebouwde kom,Met een voetganger,Geen hindernis
27392,75,Kortrijk teller 2,Kortrijk,50.81925,3.25731,1.6228655024117824,50.83381928215224,3.2586751680770654,2021,9,17,34022,Kortrijk,Normaal,Droog,Dag,met zwaargewonden,3,Fiets,8,Voetganger,Op Kruispunt,Gewestweg,binnen bebouwde kom,Met een voetganger,Geen hindernis
27392,74,Kortrijk teller 1,Kortrijk,50.81909,3.25728,1.6407504577124272,50.83381928215224,3.2586751680770654,2021,9,17,34022,Kortrijk,Normaal,Droog,Dag,met zwaargewonden,3,Fiets,8,Voetganger,Op Kruispunt,Gewestweg,binnen bebouwde kom,Met een voetganger,Geen hindernis
27393,143,Eco Display Classic Budastraat,Kortrijk,50.83066,3.26286,1.0472652959805486,50.82403596959979,3.2734594521007763,2021,9,9,34022,Kortrijk,Normaal,Droog,Dag,met zwaargewonden,3,Fiets,9,personenauto,Buiten Kruispunt,Gewestweg,binnen bebouwde kom,Tss. 2 best.: langs opzij (voor-/achterkant-flank),Geen hindernis
27393,16,Kortrijk 1,Kortrijk,50.83332,3.27777,1.0758155184922593,50.82403596959979,3.2734594521007763,2021,9,9,34022,Kortrijk,Normaal,Droog,Dag,met zwaargewonden,3,Fiets,9,personenauto,Buiten Kruispunt,Gewestweg,binnen bebouwde kom,Tss. 2 best.: langs opzij (voor-/achterkant-flank),Geen hindernis
27393,17,Kortrijk 2,Kortrijk,50.83339,3.27773,1.0825049417554329,50.82403596959979,3.2734594521007763,2021,9,9,34022,Kortrijk,Normaal,Droog,Dag,met zwaargewonden,3,Fiets,9,personenauto,Buiten Kruispunt,Gewestweg,binnen bebouwde kom,Tss. 2 best.: langs opzij (voor-/achterkant-flank),Geen hindernis
27393,75,Kortrijk teller 2,Kortrijk,50.81925,3.25731,1.2530556477632162,50.82403596959979,3.2734594521007763,2021,9,9,34022,Kortrijk,Normaal,Droog,Dag,met zwaargewonden,3,Fiets,9,personenauto,Buiten Kruispunt,Gewestweg,binnen bebouwde kom,Tss. 2 best.: langs opzij (voor-/achterkant-flank),Geen hindernis
27393,74,Kortrijk teller 1,Kortrijk,50.81909,3.25728,1.2626128760909714,50.82403596959979,3.2734594521007763,2021,9,9,34022,Kortrijk,Normaal,Droog,Dag,met zwaargewonden,3,Fiets,9,personenauto,Buiten Kruispunt,Gewestweg,binnen bebouwde kom,Tss. 2 best.: langs opzij (voor-/achterkant-flank),Geen hindernis
27395,75,Kortrijk teller 2,Kortrijk,50.81925,3.25731,1.4985634362438955,50.81983106238313,3.278622312595398,2021,9,9,34022,Kortrijk,Normaal,Proper,Dag,met lichtgewonden,9,personenauto,3,Fiets,Op Kruispunt,Gemeenteweg,binnen bebouwde kom,Tss. 2 best.: langs opzij (voor-/achterkant-flank),Geen hindernis
27395,16,Kortrijk 1,Kortrijk,50.83332,3.27777,1.5010956434636467,50.81983106238313,3.278622312595398,2021,9,9,34022,Kortrijk,Normaal,Proper,Dag,met lichtgewonden,9,personenauto,3,Fiets,Op Kruispunt,Gemeenteweg,binnen bebouwde kom,Tss. 2 best.: langs opzij (voor-/achterkant-flank),Geen hindernis
27395,74,Kortrijk teller 1,Kortrijk,50.81909,3.25728,1.5015427228150189,50.81983106238313,3.278622312595398,2021,9,9,34022,Kortrijk,Normaal,Proper,Dag,met lichtgewonden,9,personenauto,3,Fiets,Op Kruispunt,Gemeenteweg,binnen bebouwde kom,Tss. 2 best.: langs opzij (voor-/achterkant-flank),Geen hindernis
27395,17,Kortrijk 2,Kortrijk,50.83339,3.27773,1.5089872068894727,50.81983106238313,3.278622312595398,2021,9,9,34022,Kortrijk,Normaal,Proper,Dag,met lichtgewonden,9,personenauto,3,Fiets,Op Kruispunt,Gemeenteweg,binnen bebouwde kom,Tss. 2 best.: langs opzij (voor-/achterkant-flank),Geen hindernis
27395,143,Eco Display Classic Budastraat,Kortrijk,50.83066,3.26286,1.635756196482099,50.81983106238313,3.278622312595398,2021,9,9,34022,Kortrijk,Normaal,Proper,Dag,met lichtgewonden,9,personenauto,3,Fiets,Op Kruispunt,Gemeenteweg,binnen bebouwde kom,Tss. 2 best.: langs opzij (voor-/achterkant-flank),Geen hindernis
27396,16,Kortrijk 1,Kortrijk,50.83332,3.27777,0.8239235969306813,50.82634516538615,3.281729837050408,2021,9,17,34022,Kortrijk,Normaal,Droog,Dag,met lichtgewonden,3,Fiets,9,personenauto,Buiten Kruispunt,Gemeenteweg,binnen bebouwde kom,Tussen 2 bestuurders: Flank tegen flank,Geen hindernis
27396,17,Kortrijk 2,Kortrijk,50.83339,3.27773,0.8321986237571429,50.82634516538615,3.281729837050408,2021,9,17,34022,Kortrijk,Normaal,Droog,Dag,met lichtgewonden,3,Fiets,9,personenauto,Buiten Kruispunt,Gemeenteweg,binnen bebouwde kom,Tussen 2 bestuurders: Flank tegen flank,Geen hindernis
27396,143,Eco Display Classic Budastraat,Kortrijk,50.83066,3.26286,1.4095056441269522,50.82634516538615,3.281729837050408,2021,9,17,34022,Kortrijk,Normaal,Droog,Dag,met lichtgewonden,3,Fiets,9,personenauto,Buiten Kruispunt,Gemeenteweg,binnen bebouwde kom,Tussen 2 bestuurders: Flank tegen flank,Geen hindernis
27396,75,Kortrijk teller 2,Kortrijk,50.81925,3.25731,1.8880850659967676,50.82634516538615,3.281729837050408,2021,9,17,34022,Kortrijk,Normaal,Droog,Dag,met lichtgewonden,3,Fiets,9,personenauto,Buiten Kruispunt,Gemeenteweg,binnen bebouwde kom,Tussen 2 bestuurders: Flank tegen flank,Geen hindernis
27396,74,Kortrijk teller 1,Kortrijk,50.81909,3.25728,1.897497952863803,50.82634516538615,3.281729837050408,2021,9,17,34022,Kortrijk,Normaal,Droog,Dag,met lichtgewonden,3,Fiets,9,personenauto,Buiten Kruispunt,Gemeenteweg,binnen bebouwde kom,Tussen 2 bestuurders: Flank tegen flank,Geen hindernis
27398,74,Kortrijk teller 1,Kortrijk,50.81909,3.25728,1.64614899203195,50.813101794628935,3.2358511175799722,2021,9,10,34022,Kortrijk,Normaal,Droog,Dag,met lichtgewonden,5,Lichte vrachtauto,3,Fiets,Op Kruispunt,Gemeenteweg,binnen bebouwde kom,Tss. 2 best.: langs opzij (voor-/achterkant-flank),Geen hindernis
27398,75,Kortrijk teller 2,Kortrijk,50.81925,3.25731,1.655342392400759,50.813101794628935,3.2358511175799722,2021,9,10,34022,Kortrijk,Normaal,Droog,Dag,met lichtgewonden,5,Lichte vrachtauto,3,Fiets,Op Kruispunt,Gemeenteweg,binnen bebouwde kom,Tss. 2 best.: langs opzij (voor-/achterkant-flank),Geen hindernis
27399,16,Kortrijk 1,Kortrijk,50.83332,3.27777,0.19980476494960336,50.83241734196973,3.28023001770643,2021,7,15,34022,Kortrijk,Normaal,Droog,Dag,met lichtgewonden,3,Fiets,11,een weggebruiker tegen een hindernis,Buiten Kruispunt,Gemeenteweg,binnen bebouwde kom,Weggebruiker tegen hindernis op de rijbaan,"Op de rijbaan: Put, straatgoot, tramspoor"
27399,17,Kortrijk 2,Kortrijk,50.83339,3.27773,0.20621233143020198,50.83241734196973,3.28023001770643,2021,7,15,34022,Kortrijk,Normaal,Droog,Dag,met lichtgewonden,3,Fiets,11,een weggebruiker tegen een hindernis,Buiten Kruispunt,Gemeenteweg,binnen bebouwde kom,Weggebruiker tegen hindernis op de rijbaan,"Op de rijbaan: Put, straatgoot, tramspoor"
27399,143,Eco Display Classic Budastraat,Kortrijk,50.83066,3.26286,1.2354650655203667,50.83241734196973,3.28023001770643,2021,7,15,34022,Kortrijk,Normaal,Droog,Dag,met lichtgewonden,3,Fiets,11,een weggebruiker tegen een hindernis,Buiten Kruispunt,Gemeenteweg,binnen bebouwde kom,Weggebruiker tegen hindernis op de rijbaan,"Op de rijbaan: Put, straatgoot, tramspoor"
27399,75,Kortrijk teller 2,Kortrijk,50.81925,3.25731,2.1761123857437497,50.83241734196973,3.28023001770643,2021,7,15,34022,Kortrijk,Normaal,Droog,Dag,met lichtgewonden,3,Fiets,11,een weggebruiker tegen een hindernis,Buiten Kruispunt,Gemeenteweg,binnen bebouwde kom,Weggebruiker tegen hindernis op de rijbaan,"Op de rijbaan: Put, straatgoot, tramspoor"
27399,74,Kortrijk teller 1,Kortrijk,50.81909,3.25728,2.189675162373717,50.83241734196973,3.28023001770643,2021,7,15,34022,Kortrijk,Normaal,Droog,Dag,met lichtgewonden,3,Fiets,11,een weggebruiker tegen een hindernis,Buiten Kruispunt,Gemeenteweg,binnen bebouwde kom,Weggebruiker tegen hindernis op de rijbaan,"Op de rijbaan: Put, straatgoot, tramspoor"
27400,74,Kortrijk teller 1,Kortrijk,50.81909,3.25728,2.2943944278040935,50.80541751031129,3.2328222776853583,2021,9,16,34022,Kortrijk,Normaal,Droog,Dag,met lichtgewonden,9,personenauto,3,Fiets,Buiten Kruispunt,Gemeenteweg,binnen bebouwde kom,Tussen 2 bestuurders: Frontale botsing,Geen hindernis
27400,75,Kortrijk teller 2,Kortrijk,50.81925,3.25731,2.3077905023904304,50.80541751031129,3.2328222776853583,2021,9,16,34022,Kortrijk,Normaal,Droog,Dag,met lichtgewonden,9,personenauto,3,Fiets,Buiten Kruispunt,Gemeenteweg,binnen bebouwde kom,Tussen 2 bestuurders: Frontale botsing,Geen hindernis
27402,143,Eco Display Classic Budastraat,Kortrijk,50.83066,3.26286,0.48329589156324815,50.82970332782344,3.256147443057217,2021,9,8,34022,Kortrijk,Normaal,Droog,Dag,met lichtgewonden,3,Fiets,9,personenauto,Op Kruispunt,Gewestweg,binnen bebouwde kom,Tss. 2 best.: langs opzij (voor-/achterkant-flank),Geen hindernis
27402,75,Kortrijk teller 2,Kortrijk,50.81925,3.25731,1.1652219454582333,50.82970332782344,3.256147443057217,2021,9,8,34022,Kortrijk,Normaal,Droog,Dag,met lichtgewonden,3,Fiets,9,personenauto,Op Kruispunt,Gewestweg,binnen bebouwde kom,Tss. 2 best.: langs opzij (voor-/achterkant-flank),Geen hindernis
27402,74,Kortrijk teller 1,Kortrijk,50.81909,3.25728,1.1828264625136662,50.82970332782344,3.256147443057217,2021,9,8,34022,Kortrijk,Normaal,Droog,Dag,met lichtgewonden,3,Fiets,9,personenauto,Op Kruispunt,Gewestweg,binnen bebouwde kom,Tss. 2 best.: langs opzij (voor-/achterkant-flank),Geen hindernis
27402,17,Kortrijk 2,Kortrijk,50.83339,3.27773,1.570220411174585,50.82970332782344,3.256147443057217,2021,9,8,34022,Kortrijk,Normaal,Droog,Dag,met lichtgewonden,3,Fiets,9,personenauto,Op Kruispunt,Gewestweg,binnen bebouwde kom,Tss. 2 best.: langs opzij (voor-/achterkant-flank),Geen hindernis
27402,16,Kortrijk 1,Kortrijk,50.83332,3.27777,1.5709228892924698,50.82970332782344,3.256147443057217,2021,9,8,34022,Kortrijk,Normaal,Droog,Dag,met lichtgewonden,3,Fiets,9,personenauto,Op Kruispunt,Gewestweg,binnen bebouwde kom,Tss. 2 best.: langs opzij (voor-/achterkant-flank),Geen hindernis
27419,67,Ieper totem,Ieper,50.85018,2.85624,2.393484992928761,50.85300958006353,2.8900389572122753,2021,9,8,33011,Ieper,Normaal,Droog,Dag,met lichtgewonden,9,personenauto,3,Fiets,Op Kruispunt,Gemeenteweg,binnen bebouwde kom,Tss. 2 best.: langs opzij (voor-/achterkant-flank),Geen hindernis
27419,68,Ieper,Ieper,50.85032,2.85608,2.4026292097129773,50.85300958006353,2.8900389572122753,2021,9,8,33011,Ieper,Normaal,Droog,Dag,met lichtgewonden,9,personenauto,3,Fiets,Op Kruispunt,Gemeenteweg,binnen bebouwde kom,Tss. 2 best.: langs opzij (voor-/achterkant-flank),Geen hindernis
27422,67,Ieper totem,Ieper,50.85018,2.85624,2.227148027137633,50.8609229123252,2.8830181162880275,2021,9,11,33011,Ieper,Normaal,"Nat, plassen",Dag,met lichtgewonden,9,personenauto,3,Fiets,Op Kruispunt,Gemeenteweg,buiten bebouwde kom,Tss. 2 best.: langs opzij (voor-/achterkant-flank),Geen hindernis
27422,68,Ieper,Ieper,50.85032,2.85608,2.228357294654748,50.8609229123252,2.8830181162880275,2021,9,11,33011,Ieper,Normaal,"Nat, plassen",Dag,met lichtgewonden,9,personenauto,3,Fiets,Op Kruispunt,Gemeenteweg,buiten bebouwde kom,Tss. 2 best.: langs opzij (voor-/achterkant-flank),Geen hindernis
27426,62,Wervik teller 1,Wervik,50.8058,3.09154,1.2752134578763032,50.811069556260804,3.0754208730248935,2021,9,15,33029,Wervik,Normaal,Droog,Dag,met lichtgewonden,3,Fiets,10,"één bestuurder, geen hindernis",Buiten Kruispunt,Gemeenteweg,binnen bebouwde kom,"Eén bestuurder, geen hindernis (incl. val)",Geen hindernis
27426,61,Wervik teller 2,Wervik,50.80555,3.0921,1.3229549467717134,50.811069556260804,3.0754208730248935,2021,9,15,33029,Wervik,Normaal,Droog,Dag,met lichtgewonden,3,Fiets,10,"één bestuurder, geen hindernis",Buiten Kruispunt,Gemeenteweg,binnen bebouwde kom,"Eén bestuurder, geen hindernis (incl. val)",Geen hindernis
27431,124,Beveren teller 2,Beveren,51.1964712,4.2361077,2.2436890756870356,51.21263899770193,4.255376692255872,2021,9,8,46003,Beveren,Regenval,"Nat, plassen",Dag,met lichtgewonden,3,Fiets,3,Fiets,Op Kruispunt,Gemeenteweg,binnen bebouwde kom,Tussen 2 bestuurders: Flank tegen flank,Geen hindernis
27440,99,Mechelen teller 1,Mechelen,51.04564,4.46882,1.6976104670022,51.03104610525992,4.475949727018673,2021,9,9,12025,Mechelen,Onbekend,Onbekend,Dag,met lichtgewonden,9,personenauto,3,Fiets,Op Kruispunt,Gemeenteweg,binnen bebouwde kom,Tss. 2 best.: langs opzij (voor-/achterkant-flank),Geen hindernis
27440,100,Mechelen teller 2,Mechelen,51.0457,4.46883,1.7037846365786227,51.03104610525992,4.475949727018673,2021,9,9,12025,Mechelen,Onbekend,Onbekend,Dag,met lichtgewonden,9,personenauto,3,Fiets,Op Kruispunt,Gemeenteweg,binnen bebouwde kom,Tss. 2 best.: langs opzij (voor-/achterkant-flank),Geen hindernis
27442,99,Mechelen teller 1,Mechelen,51.04564,4.46882,2.216795663462481,51.03302162499847,4.493366570011251,2021,9,22,12025,Mechelen,Normaal,Droog,"Nacht, openbare verlichting aanwezig en ontstoken",met lichtgewonden,9,personenauto,3,Fiets,Op Kruispunt,Gemeenteweg,binnen bebouwde kom,Tss. 2 best.: langs opzij (voor-/achterkant-flank),Geen hindernis
27442,100,Mechelen teller 2,Mechelen,51.0457,4.46883,2.2204833663833994,51.03302162499847,4.493366570011251,2021,9,22,12025,Mechelen,Normaal,Droog,"Nacht, openbare verlichting aanwezig en ontstoken",met lichtgewonden,9,personenauto,3,Fiets,Op Kruispunt,Gemeenteweg,binnen bebouwde kom,Tss. 2 best.: langs opzij (voor-/achterkant-flank),Geen hindernis
27443,99,Mechelen teller 1,Mechelen,51.04564,4.46882,1.5741439316327004,51.034568106258604,4.482850001849769,2021,9,15,12025,Mechelen,Normaal,Droog,Dag,met lichtgewonden,3,Fiets,9,personenauto,Buiten Kruispunt,Gewestweg,binnen bebouwde kom,Tussen 2 bestuurders: Flank tegen flank,Geen hindernis
27443,100,Mechelen teller 2,Mechelen,51.0457,4.46883,1.578932792679619,51.034568106258604,4.482850001849769,2021,9,15,12025,Mechelen,Normaal,Droog,Dag,met lichtgewonden,3,Fiets,9,personenauto,Buiten Kruispunt,Gewestweg,binnen bebouwde kom,Tussen 2 bestuurders: Flank tegen flank,Geen hindernis
27444,99,Mechelen teller 1,Mechelen,51.04564,4.46882,2.3535958302326843,51.02873513266878,4.4890761949179385,2021,9,8,12025,Mechelen,Normaal,Droog,Dag,met lichtgewonden,9,personenauto,3,Fiets,Op Kruispunt,Gewestweg,binnen bebouwde kom,Tss. 2 best.: langs opzij (voor-/achterkant-flank),Geen hindernis
27444,100,Mechelen teller 2,Mechelen,51.0457,4.46883,2.3585073980014175,51.02873513266878,4.4890761949179385,2021,9,8,12025,Mechelen,Normaal,Droog,Dag,met lichtgewonden,9,personenauto,3,Fiets,Op Kruispunt,Gewestweg,binnen bebouwde kom,Tss. 2 best.: langs opzij (voor-/achterkant-flank),Geen hindernis
27449,99,Mechelen teller 1,Mechelen,51.04564,4.46882,0.8501905939166887,51.03846218603738,4.473009732447212,2021,9,7,12025,Mechelen,Regenval,"Nat, plassen",Dageraad - schemering,met lichtgewonden,3,Fiets,3,Fiets,Buiten Kruispunt,Gewestweg,binnen bebouwde kom,Tussen 2 bestuurders: Flank tegen flank,Geen hindernis
27449,100,Mechelen teller 2,Mechelen,51.0457,4.46883,0.856217962971386,51.03846218603738,4.473009732447212,2021,9,7,12025,Mechelen,Regenval,"Nat, plassen",Dageraad - schemering,met lichtgewonden,3,Fiets,3,Fiets,Buiten Kruispunt,Gewestweg,binnen bebouwde kom,Tussen 2 bestuurders: Flank tegen flank,Geen hindernis
27451,99,Mechelen teller 1,Mechelen,51.04564,4.46882,2.3149400282924724,51.02904973151403,4.488821322341679,2021,9,15,12025,Mechelen,Normaal,Droog,Dag,met lichtgewonden,9,personenauto,3,Fiets,Op Kruispunt,Gewestweg,binnen bebouwde kom,Tss. 2 best.: langs opzij (voor-/achterkant-flank),Geen hindernis
27451,100,Mechelen teller 2,Mechelen,51.0457,4.46883,2.3198382212194653,51.02904973151403,4.488821322341679,2021,9,15,12025,Mechelen,Normaal,Droog,Dag,met lichtgewonden,9,personenauto,3,Fiets,Op Kruispunt,Gewestweg,binnen bebouwde kom,Tss. 2 best.: langs opzij (voor-/achterkant-flank),Geen hindernis
27453,140,Hasselt ring,Hasselt,50.9300038,5.3438616,0.4730365243746172,50.927193240759046,5.338794909203376,2021,9,8,71022,Hasselt,Normaal,Droog,Dag,met lichtgewonden,3,Fiets,9,personenauto,Op Kruispunt,Gewestweg,binnen bebouwde kom,Tss. 2 best.: langs opzij (voor-/achterkant-flank),Geen hindernis
27453,138,Hasselt-Kempische brug,Hasselt,50.9405318,5.3422472,1.502781231610958,50.927193240759046,5.338794909203376,2021,9,8,71022,Hasselt,Normaal,Droog,Dag,met lichtgewonden,3,Fiets,9,personenauto,Op Kruispunt,Gewestweg,binnen bebouwde kom,Tss. 2 best.: langs opzij (voor-/achterkant-flank),Geen hindernis
27453,137,Hasselt-Kempische brug,Hasselt,50.9411605,5.3417576,1.5669037681610993,50.927193240759046,5.338794909203376,2021,9,8,71022,Hasselt,Normaal,Droog,Dag,met lichtgewonden,3,Fiets,9,personenauto,Op Kruispunt,Gewestweg,binnen bebouwde kom,Tss. 2 best.: langs opzij (voor-/achterkant-flank),Geen hindernis
27454,138,Hasselt-Kempische brug,Hasselt,50.9405318,5.3422472,1.3024717070596605,50.941557414642375,5.36076498629138,2021,9,16,71022,Hasselt,Normaal,Droog,Dag,met lichtgewonden,7,Motorfiets,3,Fiets,Op Kruispunt,Gemeenteweg,buiten bebouwde kom,Tussen 2 bestuurders: Flank tegen flank,Geen hindernis
27454,137,Hasselt-Kempische brug,Hasselt,50.9411605,5.3417576,1.3324958317711448,50.941557414642375,5.36076498629138,2021,9,16,71022,Hasselt,Normaal,Droog,Dag,met lichtgewonden,7,Motorfiets,3,Fiets,Op Kruispunt,Gemeenteweg,buiten bebouwde kom,Tussen 2 bestuurders: Flank tegen flank,Geen hindernis
27454,140,Hasselt ring,Hasselt,50.9300038,5.3438616,1.7474198399559429,50.941557414642375,5.36076498629138,2021,9,16,71022,Hasselt,Normaal,Droog,Dag,met lichtgewonden,7,Motorfiets,3,Fiets,Op Kruispunt,Gemeenteweg,buiten bebouwde kom,Tussen 2 bestuurders: Flank tegen flank,Geen hindernis
27456,137,Hasselt-Kempische brug,Hasselt,50.9411605,5.3417576,1.777345377295434,50.956164568314215,5.350504515174134,2021,9,1,71022,Hasselt,Normaal,Droog,"Nacht, openbare verlichting aanwezig en ontstoken",met zwaargewonden,3,Fiets,10,"één bestuurder, geen hindernis",Buiten Kruispunt,Gewestweg,buiten bebouwde kom,"Eén bestuurder, geen hindernis (incl. val)",Geen hindernis
27456,138,Hasselt-Kempische brug,Hasselt,50.9405318,5.3422472,1.832009083018033,50.956164568314215,5.350504515174134,2021,9,1,71022,Hasselt,Normaal,Droog,"Nacht, openbare verlichting aanwezig en ontstoken",met zwaargewonden,3,Fiets,10,"één bestuurder, geen hindernis",Buiten Kruispunt,Gewestweg,buiten bebouwde kom,"Eén bestuurder, geen hindernis (incl. val)",Geen hindernis