crash_row_id,site_id,site_name,site_gemeente,site_lat,site_long,distance_km,crash_lat,crash_long,DT_YEAR_COLLISION,DT_MONTH_COLLISION,DT_TIME,CD_NIS,TX_MUNTY_COLLISION_NL,TX_WEATHER_NL,TX_ROAD_CONDITION_NL,TX_LIGHT_CONDITION_NL,TX_CLASS_ACCIDENTS_NL,CD_ROAD_USR_TYPE1,TX_ROAD_USR_TYPE1_NL,CD_ROAD_USR_TYPE2,TX_ROAD_USR_TYPE2_NL,TX_CROSSWAY_NL,CD_ROAD_TYPE_NL,TX_BUILD_UP_AREA_NL,TX_COLLISION_TYPE_NL,TX_OBSTACLES_NL
27459,140,Hasselt ring,Hasselt,50.9300038,5.3438616,0.4730365243746172,50.927193240759046,5.338794909203376,2021,9,7,71022,Hasselt,Normaal,Droog,Dag,met lichtgewonden,9,personenauto,3,Fiets,Op Kruispunt,Gewestweg,binnen bebouwde kom,Tss. 2 best.: langs opzij (voor-/achterkant-flank),Geen hindernis
27459,138,Hasselt-Kempische brug,Hasselt,50.9405318,5.3422472,1.502781231610958,50.927193240759046,5.338794909203376,2021,9,7,71022,Hasselt,Normaal,Droog,Dag,met lichtgewonden,9,personenauto,3,Fiets,Op Kruispunt,Gewestweg,binnen bebouwde kom,Tss. 2 best.: langs opzij (voor-/achterkant-flank),Geen hindernis
27459,137,Hasselt-Kempische brug,Hasselt,50.9411605,5.3417576,1.5669037681610993,50.927193240759046,5.338794909203376,2021,9,7,71022,Hasselt,Normaal,Droog,Dag,met lichtgewonden,9,personenauto,3,Fiets,Op Kruispunt,Gewestweg,binnen bebouwde kom,Tss. 2 best.: langs opzij (voor-/achterkant-flank),Geen hindernis
27460,140,Hasselt ring,Hasselt,50.9300038,5.3438616,0.5799932570844989,50.93213388614457,5.336307127517352,2021,9,13,71022,Hasselt,Normaal,Droog,Dag,met lichtgewonden,3,Fiets,11,een weggebruiker tegen een hindernis,Op Kruispunt,Gemeenteweg,binnen bebouwde kom,Weggebruiker tegen hindernis op de rijbaan,"Op de rijbaan: Verkeersdrempel, ezelsrug"
27460,138,Hasselt-Kempische brug,Hasselt,50.9405318,5.3422472,1.0223738417934256,50.93213388614457,5.336307127517352,2021,9,13,71022,Hasselt,Normaal,Droog,Dag,met lichtgewonden,3,Fiets,11,een weggebruiker tegen een hindernis,Op Kruispunt,Gemeenteweg,binnen bebouwde kom,Weggebruiker tegen hindernis op de rijbaan,"Op de rijbaan: Verkeersdrempel, ezelsrug"
27460,137,Hasselt-Kempische brug,Hasselt,50.9411605,5.3417576,1.0739233227194622,50.93213388614457,5.336307127517352,2021,9,13,71022,Hasselt,Normaal,Droog,Dag,met lichtgewonden,3,Fiets,11,een weggebruiker tegen een hindernis,Op Kruispunt,Gemeenteweg,binnen bebouwde kom,Weggebruiker tegen hindernis op de rijbaan,"Op de rijbaan: Verkeersdrempel, ezelsrug"
27463,140,Hasselt ring,Hasselt,50.9300038,5.3438616,0.33836884689259455,50.93283494762003,5.342091483760899,2021,9,10,71022,Hasselt,Normaal,Droog,Dag,met lichtgewonden,8,Voetganger,3,Fiets,Buiten Kruispunt,Gewestweg,binnen bebouwde kom,Met een voetganger,Geen hindernis
27463,138,Hasselt-Kempische brug,Hasselt,50.9405318,5.3422472,0.8559204893800234,50.93283494762003,5.342091483760899,2021,9,10,71022,Hasselt,Normaal,Droog,Dag,met lichtgewonden,8,Voetganger,3,Fiets,Buiten Kruispunt,Gewestweg,binnen bebouwde kom,Met een voetganger,Geen hindernis
27463,137,Hasselt-Kempische brug,Hasselt,50.9411605,5.3417576,0.9260547728818481,50.93283494762003,5.342091483760899,2021,9,10,71022,Hasselt,Normaal,Droog,Dag,met lichtgewonden,8,Voetganger,3,Fiets,Buiten Kruispunt,Gewestweg,binnen bebouwde kom,Met een voetganger,Geen hindernis
27469,138,Hasselt-Kempische brug,Hasselt,50.9405318,5.3422472,1.1298888451192821,50.936926150202055,5.357323117174893,2021,9,18,71022,Hasselt,Normaal,Onbekend,Dag,met lichtgewonden,3,Fiets,6,Bromfiets,Op Kruispunt,Gewestweg,buiten bebouwde kom,Tussen 2 bestuurders: Frontale botsing,Geen hindernis
27469,137,Hasselt-Kempische brug,Hasselt,50.9411605,5.3417576,1.1879531955758316,50.936926150202055,5.357323117174893,2021,9,18,71022,Hasselt,Normaal,Onbekend,Dag,met lichtgewonden,3,Fiets,6,Bromfiets,Op Kruispunt,Gewestweg,buiten bebouwde kom,Tussen 2 bestuurders: Frontale botsing,Geen hindernis
27469,140,Hasselt ring,Hasselt,50.9300038,5.3438616,1.2175359420376348,50.936926150202055,5.357323117174893,2021,9,18,71022,Hasselt,Normaal,Onbekend,Dag,met lichtgewonden,3,Fiets,6,Bromfiets,Op Kruispunt,Gewestweg,buiten bebouwde kom,Tussen 2 bestuurders: Frontale botsing,Geen hindernis
27472,32,Lummen,Lummen,50.97971,5.20961,2.348380110636866,50.994946949617365,5.232841793661433,2021,9,16,71037,Lummen,Normaal,Droog,Dag,met lichtgewonden,5,Lichte vrachtauto,3,Fiets,Buiten Kruispunt,Gemeenteweg,buiten bebouwde kom,Tss. 2 best.: langs opzij (voor-/achterkant-flank),Geen hindernis
27472,33,Lummen,Lummen,50.97978,5.20936,2.3549498096122488,50.994946949617365,5.232841793661433,2021,9,16,71037,Lummen,Normaal,Droog,Dag,met lichtgewonden,5,Lichte vrachtauto,3,Fiets,Buiten Kruispunt,Gemeenteweg,buiten bebouwde kom,Tss. 2 best.: langs opzij (voor-/achterkant-flank),Geen hindernis
27474,140,Hasselt ring,Hasselt,50.9300038,5.3438616,1.0280844459115417,50.92763316990988,5.358040420049272,2021,9,16,71022,Hasselt,Normaal,Droog,Dag,met lichtgewonden,9,personenauto,3,Fiets,Op Kruispunt,Gewestweg,binnen bebouwde kom,Tss. 2 best.: langs opzij (voor-/achterkant-flank),Geen hindernis
27474,138,Hasselt-Kempische brug,Hasselt,50.9405318,5.3422472,1.8116211121852688,50.92763316990988,5.358040420049272,2021,9,16,71022,Hasselt,Normaal,Droog,Dag,met lichtgewonden,9,personenauto,3,Fiets,Op Kruispunt,Gewestweg,binnen bebouwde kom,Tss. 2 best.: langs opzij (voor-/achterkant-flank),Geen hindernis
27474,137,Hasselt-Kempische brug,Hasselt,50.9411605,5.3417576,1.8879868540418148,50.92763316990988,5.358040420049272,2021,9,16,71022,Hasselt,Normaal,Droog,Dag,met lichtgewonden,9,personenauto,3,Fiets,Op Kruispunt,Gewestweg,binnen bebouwde kom,Tss. 2 best.: langs opzij (voor-/achterkant-flank),Geen hindernis
27475,140,Hasselt ring,Hasselt,50.9300038,5.3438616,0.4344998830012061,50.928099123898036,5.349274913504016,2021,9,15,71022,Hasselt,Normaal,Droog,Dag,met lichtgewonden,9,personenauto,3,Fiets,Op Kruispunt,Gemeenteweg,binnen bebouwde kom,Tussen 2 bestuurders: Frontale botsing,Geen hindernis
27475,138,Hasselt-Kempische brug,Hasselt,50.9405318,5.3422472,1.4675496104852357,50.928099123898036,5.349274913504016,2021,9,15,71022,Hasselt,Normaal,Droog,Dag,met lichtgewonden,9,personenauto,3,Fiets,Op Kruispunt,Gemeenteweg,binnen bebouwde kom,Tussen 2 bestuurders: Frontale botsing,Geen hindernis
27475,137,Hasselt-Kempische brug,Hasselt,50.9411605,5.3417576,1.5449416914460194,50.928099123898036,5.349274913504016,2021,9,15,71022,Hasselt,Normaal,Droog,Dag,met lichtgewonden,9,personenauto,3,Fiets,Op Kruispunt,Gemeenteweg,binnen bebouwde kom,Tussen 2 bestuurders: Frontale botsing,Geen hindernis
27476,31,Herk De Stad,Herk-de-Stad,50.94366,5.1775,1.0697262212337708,50.934841601931595,5.183602109708102,2021,9,11,71024,Herk-de-Stad,Normaal,Droog,Dag,met lichtgewonden,9,personenauto,3,Fiets,Buiten Kruispunt,Gewestweg,buiten bebouwde kom,Tussen 2 bestuurders: Frontale botsing,Geen hindernis
27476,30,Herk De Stad,Herk-de-Stad,50.94374,5.17691,1.0949425284118461,50.934841601931595,5.183602109708102,2021,9,11,71024,Herk-de-Stad,Normaal,Droog,Dag,met lichtgewonden,9,personenauto,3,Fiets,Buiten Kruispunt,Gewestweg,buiten bebouwde kom,Tussen 2 bestuurders: Frontale botsing,Geen hindernis
27477,108,Heverlee teller 1,Leuven,50.8471728,4.6954674,2.3126859934833823,50.84123453226065,4.663899852608985,2021,9,17,24086,Oud-Heverlee,Normaal,Droog,Dag,met lichtgewonden,3,Fiets,11,een weggebruiker tegen een hindernis,Buiten Kruispunt,Gemeenteweg,binnen bebouwde kom,Weggebruiker tegen hindernis op de rijbaan,"Op de rijbaan: Verkeersdrempel, ezelsrug"
27477,76,Heverlee teller 2,Leuven,50.84606,4.69597,2.3147813599531015,50.84123453226065,4.663899852608985,2021,9,17,24086,Oud-Heverlee,Normaal,Droog,Dag,met lichtgewonden,3,Fiets,11,een weggebruiker tegen een hindernis,Buiten Kruispunt,Gemeenteweg,binnen bebouwde kom,Weggebruiker tegen hindernis op de rijbaan,"Op de rijbaan: Verkeersdrempel, ezelsrug"
27478,76,Heverlee teller 2,Leuven,50.84606,4.69597,2.452069883681137,50.82563485442896,4.709132772822154,2021,9,11,24086,Oud-Heverlee,Normaal,Droog,Dag,met lichtgewonden,3,Fiets,9,personenauto,Op Kruispunt,Gemeenteweg,binnen bebouwde kom,Tss. 2 best.: langs opzij (voor-/achterkant-flank),Geen hindernis
27481,14,Genk,Genk,50.97172,5.48927,1.8121162936567374,50.97445546676394,5.463756409310295,2021,9,14,71016,Genk,Onbekend,Onbekend,Dag,met lichtgewonden,3,Fiets,9,personenauto,Op Kruispunt,Gemeenteweg,buiten bebouwde kom,Tss. 2 best.: langs opzij (voor-/achterkant-flank),Geen hindernis
27484,25,Bree,Bree,51.13679500160176,5.597669323604317,0.7603408759992595,51.13924147998441,5.607845930067978,2021,9,9,72004,Bree,Normaal,Droog,Dag,met lichtgewonden,3,Fiets,9,personenauto,Op Kruispunt,Gewestweg,buiten bebouwde kom,Tss. 2 best.: langs opzij (voor-/achterkant-flank),Geen hindernis
27485,14,Genk,Genk,50.97172,5.48927,0.9909255776512134,50.964227761567784,5.496932123633258,2021,9,16,71016,Genk,Normaal,Onbekend,Dag,met lichtgewonden,9,personenauto,3,Fiets,Buiten Kruispunt,Gemeenteweg,binnen bebouwde kom,Tss. 2 best.: langs opzij (voor-/achterkant-flank),Geen hindernis
27486,14,Genk,Genk,50.97172,5.48927,1.55707901459036,50.96364332349969,5.471105570134474,2021,9,14,71016,Genk,Onbekend,Onbekend,Dag,met lichtgewonden,3,Fiets,10,"één bestuurder, geen hindernis",Buiten Kruispunt,Gewestweg,onbekend,"Eén bestuurder, geen hindernis (incl. val)",Geen hindernis
27487,139,Houthalen-Helchteren,Houthalen-Helchteren,51.0644267,5.3819796,0.9668965298757888,51.05600047429249,5.385396020656362,2021,9,16,72039,Houthalen-Helchteren,Normaal,Droog,Dag,met lichtgewonden,3,Fiets,9,personenauto,Buiten Kruispunt,Gewestweg,buiten bebouwde kom,Tss. 2 best.: langs opzij (voor-/achterkant-flank),Geen hindernis
27489,14,Genk,Genk,50.97172,5.48927,1.4113734173565184,50.964316574859986,5.472898528946442,2021,9,14,71016,Genk,Normaal,Droog,Dag,met lichtgewonden,3,Fiets,11,een weggebruiker tegen een hindernis,Buiten Kruispunt,Gewestweg,buiten bebouwde kom,Weggebruiker tegen hindernis buiten rijbaan,Andere hindernis
27490,14,Genk,Genk,50.97172,5.48927,1.6010232192626765,50.98018111889365,5.5077724025277375,2021,9,8,71016,Genk,Normaal,"Nat, plassen",Dag,met lichtgewonden,9,personenauto,3,Fiets,Op Kruispunt,Gemeenteweg,buiten bebouwde kom,Tussen 2 bestuurders: Flank tegen flank,Geen hindernis
27494,139,Houthalen-Helchteren,Houthalen-Helchteren,51.0644267,5.3819796,1.640924384955737,51.052359491394185,5.368464639919371,2021,9,16,72039,Houthalen-Helchteren,Normaal,Droog,Dag,met zwaargewonden,3,Fiets,10,"één bestuurder, geen hindernis",Buiten Kruispunt,Gewestweg,binnen bebouwde kom,"Eén bestuurder, geen hindernis (incl. val)",Geen hindernis
27495,14,Genk,Genk,50.97172,5.48927,1.4084199519727019,50.9648383027137,5.506155568990863,2021,9,16,71016,Genk,Normaal,Droog,Dag,met lichtgewonden,3,Fiets,11,een weggebruiker tegen een hindernis,Buiten Kruispunt,Gemeenteweg,binnen bebouwde kom,Weggebruiker tegen hindernis op de rijbaan,"Op de rijbaan: Verkeersdrempel, ezelsrug"
27497,25,Bree,Bree,51.13679500160176,5.597669323604317,1.402570188245362,51.13246079418723,5.616546978744229,2021,9,17,72004,Bree,Normaal,Droog,Dag,met lichtgewonden,9,personenauto,3,Fiets,Op Kruispunt,Gewestweg,buiten bebouwde kom,Tss. 2 best.: langs opzij (voor-/achterkant-flank),Geen hindernis
27499,25,Bree,Bree,51.13679500160176,5.597669323604317,1.2499636201840825,51.14389305684321,5.6115624699443245,2021,9,5,72004,Bree,Onbekend,Onbekend,Onbekend,met lichtgewonden,3,Fiets,5,Lichte vrachtauto,Buiten Kruispunt,Gewestweg,onbekend,Tss. 2 best.: langs opzij (voor-/achterkant-flank),Geen hindernis
27500,139,Houthalen-Helchteren,Houthalen-Helchteren,51.0644267,5.3819796,1.3012848760240867,51.05334991615014,5.387987502304869,2021,9,16,72039,Houthalen-Helchteren,Onbekend,Onbekend,Dag,met zwaargewonden,3,Fiets,3,Fiets,Buiten Kruispunt,Gemeenteweg,onbekend,Tss. 2 best.: langs opzij (voor-/achterkant-flank),Geen hindernis
27501,139,Houthalen-Helchteren,Houthalen-Helchteren,51.0644267,5.3819796,0.9336306471813871,51.05611507531995,5.380086641029252,2021,9,16,72039,Houthalen-Helchteren,Normaal,Droog,Dag,met lichtgewonden,3,Fiets,10,"één bestuurder, geen hindernis",Op Kruispunt,Gewestweg,binnen bebouwde kom,"Eén bestuurder, geen hindernis (incl. val)",Geen hindernis
27504,14,Genk,Genk,50.97172,5.48927,1.0102893602049783,50.96840594019764,5.5027040565032745,2021,9,12,71016,Genk,Normaal,Droog,Dag,met lichtgewonden,3,Fiets,10,"één bestuurder, geen hindernis",Buiten Kruispunt,Gewestweg,binnen bebouwde kom,"Eén bestuurder, geen hindernis (incl. val)",Geen hindernis
27506,139,Houthalen-Helchteren,Houthalen-Helchteren,51.0644267,5.3819796,1.6123918848134342,51.055764989892616,5.400482801122466,2021,9,15,72039,Houthalen-Helchteren,Normaal,Droog,Dag,met lichtgewonden,3,Fiets,10,"één bestuurder, geen hindernis",Buiten Kruispunt,Gemeenteweg,buiten bebouwde kom,"Eén bestuurder, geen hindernis (incl. val)",Geen hindernis
27507,23,Tienen 3,Tienen,50.81324,4.93447,0.7719889134195592,50.806430988151845,4.932324549409189,2021,9,15,24107,Tienen,Normaal,Droog,Dag,met zwaargewonden,9,personenauto,3,Fiets,Op Kruispunt,Gemeenteweg,binnen bebouwde kom,Tss. 2 best.: langs opzij (voor-/achterkant-flank),Geen hindernis
27507,24,Tienen 1,Tienen,50.8133795491886,4.935044252605416,0.7959256069162516,50.806430988151845,4.932324549409189,2021,9,15,24107,Tienen,Normaal,Droog,Dag,met zwaargewonden,9,personenauto,3,Fiets,Op Kruispunt,Gemeenteweg,binnen bebouwde kom,Tss. 2 best.: langs opzij (voor-/achterkant-flank),Geen hindernis
27507,22,Tienen 2,Tienen,50.81330800184882,4.935984252796022,0.8067665928508293,50.806430988151845,4.932324549409189,2021,9,15,24107,Tienen,Normaal,Droog,Dag,met zwaargewonden,9,personenauto,3,Fiets,Op Kruispunt,Gemeenteweg,binnen bebouwde kom,Tss. 2 best.: langs opzij (voor-/achterkant-flank),Geen hindernis
27508,22,Tienen 2,Tienen,50.81330800184882,4.935984252796022,0.8048609334394271,50.80708958082923,4.941846968694563,2021,9,10,24107,Tienen,Normaal,Droog,Dag,met lichtgewonden,9,personenauto,3,Fiets,Op Kruispunt,Gemeenteweg,binnen bebouwde kom,Tss. 2 best.: langs opzij (voor-/achterkant-flank),Geen hindernis
27508,24,Tienen 1,Tienen,50.8133795491886,4.935044252605416,0.8471378148717992,50.80708958082923,4.941846968694563,2021,9,10,24107,Tienen,Normaal,Droog,Dag,met lichtgewonden,9,personenauto,3,Fiets,Op Kruispunt,Gemeenteweg,binnen bebouwde kom,Tss. 2 best.: langs opzij (voor-/achterkant-flank),Geen hindernis
27508,23,Tienen 3,Tienen,50.81324,4.93447,0.8581247251157593,50.80708958082923,4.941846968694563,2021,9,10,24107,Tienen,Normaal,Droog,Dag,met lichtgewonden,9,personenauto,3,Fiets,Op Kruispunt,Gemeenteweg,binnen bebouwde kom,Tss. 2 best.: langs opzij (voor-/achterkant-flank),Geen hindernis
27513,114,Deinze teller 1,Nazareth,50.9598305,3.555502,1.2239325831933794,50.961274975151674,3.5381775471372268,2021,9,16,44083,Deinze,Normaal,Droog,Dag,met lichtgewonden,9,personenauto,3,Fiets,Op Kruispunt,Gewestweg,buiten bebouwde kom,Tss. 2 best.: langs opzij (voor-/achterkant-flank),Geen hindernis
27513,113,Deinze teller 2,Deinze,50.96018,3.55578,1.2388111603073906,50.961274975151674,3.5381775471372268,2021,9,16,44083,Deinze,Normaal,Droog,Dag,met lichtgewonden,9,personenauto,3,Fiets,Op Kruispunt,Gewestweg,buiten bebouwde kom,Tss. 2 best.: langs opzij (voor-/achterkant-flank),Geen hindernis
27515,13,Gent,Gent,51.03018,3.70146,0.955330246423234,51.03617474705005,3.7112464499029554,2021,10,7,44021,Gent,Normaal,Proper,Dag,met lichtgewonden,3,Fiets,8,Voetganger,Buiten Kruispunt,Gewestweg,binnen bebouwde kom,Met een voetganger,Geen hindernis
27559,2,Brasschaat 2,Brasschaat,51.27512,4.47169,1.0012036465095078,51.270466260422545,4.459369060135032,2021,10,20,11002,Antwerpen,Normaal,Droog,"Nacht, openbare verlichting aanwezig en ontstoken",met lichtgewonden,9,personenauto,3,Fiets,Op Kruispunt,Gewestweg,buiten bebouwde kom,Tss. 2 best.: langs opzij (voor-/achterkant-flank),Geen hindernis
27559,3,Brasschaat 1,Brasschaat,51.27503,4.47222,1.02796626871637,51.270466260422545,4.459369060135032,2021,10,20,11002,Antwerpen,Normaal,Droog,"Nacht, openbare verlichting aanwezig en ontstoken",met lichtgewonden,9,personenauto,3,Fiets,Op Kruispunt,Gewestweg,buiten bebouwde kom,Tss. 2 best.: langs opzij (voor-/achterkant-flank),Geen hindernis
27582,2,Brasschaat 2,Brasschaat,51.27512,4.47169,1.7679817228308792,51.27962351017944,4.447313536810955,2021,10,6,11002,Antwerpen,Regenval,"Nat, plassen","Nacht, openbare verlichting aanwezig en ontstoken",met lichtgewonden,5,Lichte vrachtauto,3,Fiets,Op Kruispunt,Gemeenteweg,binnen bebouwde kom,Tussen 2 bestuurders: Flank tegen flank,Geen hindernis
27582,3,Brasschaat 1,Brasschaat,51.27503,4.47222,1.8061741749115263,51.27962351017944,4.447313536810955,2021,10,6,11002,Antwerpen,Regenval,"Nat, plassen","Nacht, openbare verlichting aanwezig en ontstoken",met lichtgewonden,5,Lichte vrachtauto,3,Fiets,Op Kruispunt,Gemeenteweg,binnen bebouwde kom,Tussen 2 bestuurders: Flank tegen flank,Geen hindernis
27655,2,Brasschaat 2,Brasschaat,51.27512,4.47169,1.3358024756974824,51.26425293536941,4.463505251620801,2021,10,20,11040,Schoten,Onbekend,Onbekend,Onbekend,met lichtgewonden,3,Fiets,3,Fiets,Buiten Kruispunt,Gewestweg,onbekend,Tussen 2 bestuurders: Langs achteren,Geen hindernis
27655,3,Brasschaat 1,Brasschaat,51.27503,4.47222,1.342994319636614,51.26425293536941,4.463505251620801,2021,10,20,11040,Schoten,Onbekend,Onbekend,Onbekend,met lichtgewonden,3,Fiets,3,Fiets,Buiten Kruispunt,Gewestweg,onbekend,Tussen 2 bestuurders: Langs achteren,Geen hindernis
27656,3,Brasschaat 1,Brasschaat,51.27503,4.47222,1.519481684467266,51.28615199985374,4.484912745162182,2021,10,14,11008,Brasschaat,Normaal,Droog,Dag,met zwaargewonden,9,personenauto,3,Fiets,Buiten Kruispunt,Gewestweg,binnen bebouwde kom,Tss. 2 best.: langs opzij (voor-/achterkant-flank),Geen hindernis
27656,2,Brasschaat 2,Brasschaat,51.27512,4.47169,1.5331719857874047,51.28615199985374,4.484912745162182,2021,10,14,11008,Brasschaat,Normaal,Droog,Dag,met zwaargewonden,9,personenauto,3,Fiets,Buiten Kruispunt,Gewestweg,binnen bebouwde kom,Tss. 2 best.: langs opzij (voor-/achterkant-flank),Geen hindernis
27658,3,Brasschaat 1,Brasschaat,51.27503,4.47222,2.147203344193097,51.290083805834634,4.491555832946388,2021,10,16,11008,Brasschaat,Normaal,Droog,Dag,met lichtgewonden,4,Vrachtwagen,3,Fiets,Op Kruispunt,Gewestweg,binnen bebouwde kom,Tss. 2 best.: langs opzij (voor-/achterkant-flank),Geen hindernis
27658,2,Brasschaat 2,Brasschaat,51.27512,4.47169,2.16277087650111,51.290083805834634,4.491555832946388,2021,10,16,11008,Brasschaat,Normaal,Droog,Dag,met lichtgewonden,4,Vrachtwagen,3,Fiets,Op Kruispunt,Gewestweg,binnen bebouwde kom,Tss. 2 best.: langs opzij (voor-/achterkant-flank),Geen hindernis
27660,2,Brasschaat 2,Brasschaat,51.27512,4.47169,0.9883290940155401,51.27103454953798,4.459072410200773,2021,10,20,11008,Brasschaat,Normaal,Droog,"Nacht, geen openbare verlichting aanwezig",met lichtgewonden,3,Fiets,6,Bromfiets,Buiten Kruispunt,Gewestweg,buiten bebouwde kom,Tussen 2 bestuurders: Flank tegen flank,Geen hindernis
27660,3,Brasschaat 1,Brasschaat,51.27503,4.47222,1.0168018696704921,51.27103454953798,4.459072410200773,2021,10,20,11008,Brasschaat,Normaal,Droog,"Nacht, geen openbare verlichting aanwezig",met lichtgewonden,3,Fiets,6,Bromfiets,Buiten Kruispunt,Gewestweg,buiten bebouwde kom,Tussen 2 bestuurders: Flank tegen flank,Geen hindernis
27663,2,Brasschaat 2,Brasschaat,51.27512,4.47169,1.2938978057071666,51.28249828878067,4.457305392553984,2021,10,16,11008,Brasschaat,Onbekend,Onbekend,Onbekend,met lichtgewonden,3,Fiets,3,Fiets,Buiten Kruispunt,Gemeenteweg,onbekend,Tussen 2 bestuurders: Frontale botsing,Geen hindernis
27663,3,Brasschaat 1,Brasschaat,51.27503,4.47222,1.3288424989577987,51.28249828878067,4.457305392553984,2021,10,16,11008,Brasschaat,Onbekend,Onbekend,Onbekend,met lichtgewonden,3,Fiets,3,Fiets,Buiten Kruispunt,Gemeenteweg,onbekend,Tussen 2 bestuurders: Frontale botsing,Geen hindernis
27673,96,Lier teller 2,Lier,51.11705,4.58444,1.0947205554980208,51.12483895707523,4.57484686394324,2021,10,9,12021,Lier,Normaal,Droog,Dag,met lichtgewonden,9,personenauto,3,Fiets,Buiten Kruispunt,Gewestweg,binnen bebouwde kom,Tss. 2 best.: langs opzij (voor-/achterkant-flank),Geen hindernis
27673,95,Lier teller 1,Lier,51.11687,4.58437,1.107685326313266,51.12483895707523,4.57484686394324,2021,10,9,12021,Lier,Normaal,Droog,Dag,met lichtgewonden,9,personenauto,3,Fiets,Buiten Kruispunt,Gewestweg,binnen bebouwde kom,Tss. 2 best.: langs opzij (voor-/achterkant-flank),Geen hindernis
27674,92,Nijlen teller 1,Nijlen,51.14989,4.64479,2.0658433981379947,51.15658521902972,4.672419389662242,2021,10,10,12026,Nijlen,Normaal,Droog,Dag,met zwaargewonden,9,personenauto,3,Fiets,Op Kruispunt,Gemeenteweg,binnen bebouwde kom,Tss. 2 best.: langs opzij (voor-/achterkant-flank),Geen hindernis
27674,93,Nijlen teller 2,Nijlen,51.14998,4.64469,2.0687750683104125,51.15658521902972,4.672419389662242,2021,10,10,12026,Nijlen,Normaal,Droog,Dag,met zwaargewonden,9,personenauto,3,Fiets,Op Kruispunt,Gemeenteweg,binnen bebouwde kom,Tss. 2 best.: langs opzij (voor-/achterkant-flank),Geen hindernis
27676,93,Nijlen teller 2,Nijlen,51.14998,4.64469,2.2946915642432613,51.16532898740838,4.666684032703651,2021,10,19,12026,Nijlen,Normaal,Droog,Dag,met lichtgewonden,3,Fiets,8,Voetganger,Buiten Kruispunt,Gemeenteweg,binnen bebouwde kom,Met een voetganger,Geen hindernis
27676,92,Nijlen teller 1,Nijlen,51.14989,4.64479,2.2975049971098995,51.16532898740838,4.666684032703651,2021,10,19,12026,Nijlen,Normaal,Droog,Dag,met lichtgewonden,3,Fiets,8,Voetganger,Buiten Kruispunt,Gemeenteweg,binnen bebouwde kom,Met een voetganger,Geen hindernis
27691,127,Geel totem,Westerlo,51.1342966,4.9400421,0.7726212068589162,51.12910661985638,4.932680056432457,2021,10,22,13049,Westerlo,Normaal,Onbekend,"Nacht, openbare verlichting aanwezig en ontstoken",met lichtgewonden,6,Bromfiets,3,Fiets,Buiten Kruispunt,Gemeenteweg,binnen bebouwde kom,Tussen 2 bestuurders: Frontale botsing,Geen hindernis
27691,112,Geel teller 2,Westerlo,51.1354992,4.9394789,0.8545934599505882,51.12910661985638,4.932680056432457,2021,10,22,13049,Westerlo,Normaal,Onbekend,"Nacht, openbare verlichting aanwezig en ontstoken",met lichtgewonden,6,Bromfiets,3,Fiets,Buiten Kruispunt,Gemeenteweg,binnen bebouwde kom,Tussen 2 bestuurders: Frontale botsing,Geen hindernis
27692,88,Westerlo teller 1,Westerlo,51.082,4.91325,1.1582630729550476,51.0912534191538,4.92086462536516,2021,10,18,13049,Westerlo,Normaal,Droog,Dag,met lichtgewonden,9,personenauto,3,Fiets,Buiten Kruispunt,Gewestweg,binnen bebouwde kom,Tss. 2 best.: langs opzij (voor-/achterkant-flank),Geen hindernis
27692,89,Westerlo teller 2,Westerlo,51.08191,4.91334,1.1643114110222805,51.0912534191538,4.92086462536516,2021,10,18,13049,Westerlo,Normaal,Droog,Dag,met lichtgewonden,9,personenauto,3,Fiets,Buiten Kruispunt,Gewestweg,binnen bebouwde kom,Tss. 2 best.: langs opzij (voor-/achterkant-flank),Geen hindernis
27693,89,Westerlo teller 2,Westerlo,51.08191,4.91334,1.7500840389719488,51.06672510056446,4.9067525116030914,2021,10,14,13013,Herselt,Normaal,Proper,Dag,met lichtgewonden,9,personenauto,3,Fiets,Op Kruispunt,Gemeenteweg,buiten bebouwde kom,Tss. 2 best.: langs opzij (voor-/achterkant-flank),Geen hindernis
27693,88,Westerlo teller 1,Westerlo,51.082,4.91325,1.758107161080658,51.06672510056446,4.9067525116030914,2021,10,14,13013,Herselt,Normaal,Proper,Dag,met lichtgewonden,9,personenauto,3,Fiets,Op Kruispunt,Gemeenteweg,buiten bebouwde kom,Tss. 2 best.: langs opzij (voor-/achterkant-flank),Geen hindernis
27694,88,Westerlo teller 1,Westerlo,51.082,4.91325,2.3648828699629156,51.10296699891321,4.907573968206703,2021,10,14,13049,Westerlo,Normaal,Droog,Dag,met lichtgewonden,3,Fiets,9,personenauto,Op Kruispunt,Gemeenteweg,binnen bebouwde kom,Tss. 2 best.: langs opzij (voor-/achterkant-flank),Geen hindernis
27694,89,Westerlo teller 2,Westerlo,51.08191,4.91334,2.37580674275862,51.10296699891321,4.907573968206703,2021,10,14,13049,Westerlo,Normaal,Droog,Dag,met lichtgewonden,3,Fiets,9,personenauto,Op Kruispunt,Gemeenteweg,binnen bebouwde kom,Tss. 2 best.: langs opzij (voor-/achterkant-flank),Geen hindernis
27696,112,Geel teller 2,Westerlo,51.1354992,4.9394789,2.0551673412146,51.14212868914525,4.966976031829148,2021,10,17,13008,Geel,Normaal,Droog,Dag,met lichtgewonden,3,Fiets,2,Andere weggebruiker,Buiten Kruispunt,Gemeenteweg,buiten bebouwde kom,Tussen 2 bestuurders: Langs achteren,Geen hindernis