crash_row_id,site_id,site_name,site_gemeente,site_lat,site_long,distance_km,crash_lat,crash_long,DT_YEAR_COLLISION,DT_MONTH_COLLISION,DT_TIME,CD_NIS,TX_MUNTY_COLLISION_NL,TX_WEATHER_NL,TX_ROAD_CONDITION_NL,TX_LIGHT_CONDITION_NL,TX_CLASS_ACCIDENTS_NL,CD_ROAD_USR_TYPE1,TX_ROAD_USR_TYPE1_NL,CD_ROAD_USR_TYPE2,TX_ROAD_USR_TYPE2_NL,TX_CROSSWAY_NL,CD_ROAD_TYPE_NL,TX_BUILD_UP_AREA_NL,TX_COLLISION_TYPE_NL,TX_OBSTACLES_NL
27696,127,Geel totem,Westerlo,51.1342966,4.9400421,2.071140211755478,51.14212868914525,4.966976031829148,2021,10,17,13008,Geel,Normaal,Droog,Dag,met lichtgewonden,3,Fiets,2,Andere weggebruiker,Buiten Kruispunt,Gemeenteweg,buiten bebouwde kom,Tussen 2 bestuurders: Langs achteren,Geen hindernis
27696,98,Geel teller 2,Geel,51.1481,4.99643,2.159275942721485,51.14212868914525,4.966976031829148,2021,10,17,13008,Geel,Normaal,Droog,Dag,met lichtgewonden,3,Fiets,2,Andere weggebruiker,Buiten Kruispunt,Gemeenteweg,buiten bebouwde kom,Tussen 2 bestuurders: Langs achteren,Geen hindernis
27696,97,Geel teller 1,Geel,51.14813,4.99698,2.1968260107887225,51.14212868914525,4.966976031829148,2021,10,17,13008,Geel,Normaal,Droog,Dag,met lichtgewonden,3,Fiets,2,Andere weggebruiker,Buiten Kruispunt,Gemeenteweg,buiten bebouwde kom,Tussen 2 bestuurders: Langs achteren,Geen hindernis
27698,98,Geel teller 2,Geel,51.1481,4.99643,0.7591084945981028,51.15472861092497,4.993826441424207,2021,10,15,13008,Geel,Normaal,Droog,Dag,met lichtgewonden,4,Vrachtwagen,3,Fiets,Buiten Kruispunt,Gewestweg,binnen bebouwde kom,Tussen 2 bestuurders: Flank tegen flank,Geen hindernis
27698,97,Geel teller 1,Geel,51.14813,4.99698,0.7659918450689294,51.15472861092497,4.993826441424207,2021,10,15,13008,Geel,Normaal,Droog,Dag,met lichtgewonden,4,Vrachtwagen,3,Fiets,Buiten Kruispunt,Gewestweg,binnen bebouwde kom,Tussen 2 bestuurders: Flank tegen flank,Geen hindernis
27702,98,Geel teller 2,Geel,51.1481,4.99643,2.191805574083309,51.13074590795445,4.981532009228017,2021,10,15,13008,Geel,Normaal,Droog,Dag,met lichtgewonden,9,personenauto,3,Fiets,Op Kruispunt,Gemeenteweg,buiten bebouwde kom,Tss. 2 best.: langs opzij (voor-/achterkant-flank),Geen hindernis
27702,97,Geel teller 1,Geel,51.14813,4.99698,2.2131729773947355,51.13074590795445,4.981532009228017,2021,10,15,13008,Geel,Normaal,Droog,Dag,met lichtgewonden,9,personenauto,3,Fiets,Op Kruispunt,Gemeenteweg,buiten bebouwde kom,Tss. 2 best.: langs opzij (voor-/achterkant-flank),Geen hindernis
27705,98,Geel teller 2,Geel,51.1481,4.99643,1.603985599337224,51.16192029918885,4.989840954234639,2021,10,10,13008,Geel,Normaal,Droog,Dag,met lichtgewonden,5,Lichte vrachtauto,3,Fiets,Op Kruispunt,Gemeenteweg,binnen bebouwde kom,Tussen 2 bestuurders: Flank tegen flank,Geen hindernis
27705,97,Geel teller 1,Geel,51.14813,4.99698,1.6122203009950247,51.16192029918885,4.989840954234639,2021,10,10,13008,Geel,Normaal,Droog,Dag,met lichtgewonden,5,Lichte vrachtauto,3,Fiets,Op Kruispunt,Gemeenteweg,binnen bebouwde kom,Tussen 2 bestuurders: Flank tegen flank,Geen hindernis
27716,94,Herentals teller 2,Herentals,51.17345,4.81283,1.676961340944127,51.177750148082964,4.835886956079908,2021,10,13,13011,Herentals,Normaal,Droog,Dag,met lichtgewonden,9,personenauto,3,Fiets,Buiten Kruispunt,Gewestweg,binnen bebouwde kom,Tss. 2 best.: langs opzij (voor-/achterkant-flank),Geen hindernis
27716,110,Herentals totem,Herentals,51.1739426,4.811783,1.7328448301245982,51.177750148082964,4.835886956079908,2021,10,13,13011,Herentals,Normaal,Droog,Dag,met lichtgewonden,9,personenauto,3,Fiets,Buiten Kruispunt,Gewestweg,binnen bebouwde kom,Tss. 2 best.: langs opzij (voor-/achterkant-flank),Geen hindernis
27717,94,Herentals teller 2,Herentals,51.17345,4.81283,1.6853865052288786,51.17594667871047,4.836675687331937,2021,10,8,13011,Herentals,Normaal,Droog,Dag,met lichtgewonden,9,personenauto,3,Fiets,Op Kruispunt,Gewestweg,binnen bebouwde kom,Tss. 2 best.: langs opzij (voor-/achterkant-flank),Geen hindernis
27717,110,Herentals totem,Herentals,51.1739426,4.811783,1.7495948911163792,51.17594667871047,4.836675687331937,2021,10,8,13011,Herentals,Normaal,Droog,Dag,met lichtgewonden,9,personenauto,3,Fiets,Op Kruispunt,Gewestweg,binnen bebouwde kom,Tss. 2 best.: langs opzij (voor-/achterkant-flank),Geen hindernis
27721,37,Lommel teller 1,Lommel,51.23299,5.29211,1.3365425160585302,51.22893231756729,5.310178536098918,2021,10,16,72020,Lommel,Onbekend,Onbekend,Dag,met lichtgewonden,3,Fiets,9,personenauto,Op Kruispunt,Gemeenteweg,binnen bebouwde kom,Tss. 2 best.: langs opzij (voor-/achterkant-flank),Geen hindernis
27721,38,Lommel teller 2,Lommel,51.23277,5.29189,1.3430022017773193,51.22893231756729,5.310178536098918,2021,10,16,72020,Lommel,Onbekend,Onbekend,Dag,met lichtgewonden,3,Fiets,9,personenauto,Op Kruispunt,Gemeenteweg,binnen bebouwde kom,Tss. 2 best.: langs opzij (voor-/achterkant-flank),Geen hindernis
27723,46,Pelt teller 2,Pelt,51.231,5.44375,2.278286613593977,51.21343586799042,5.426904855023283,2021,10,15,72043,Pelt,Normaal,"Nat, plassen",Dag,met lichtgewonden,3,Fiets,9,personenauto,Op Kruispunt,Gemeenteweg,binnen bebouwde kom,Tss. 2 best.: langs opzij (voor-/achterkant-flank),Geen hindernis
27723,45,Pelt teller 1,Pelt,51.23127,5.44377,2.3047828439762963,51.21343586799042,5.426904855023283,2021,10,15,72043,Pelt,Normaal,"Nat, plassen",Dag,met lichtgewonden,3,Fiets,9,personenauto,Op Kruispunt,Gemeenteweg,binnen bebouwde kom,Tss. 2 best.: langs opzij (voor-/achterkant-flank),Geen hindernis
27726,46,Pelt teller 2,Pelt,51.231,5.44375,0.216300331598738,51.22984294854562,5.441252826232637,2021,10,16,72043,Pelt,Normaal,Onbekend,Dag,met lichtgewonden,5,Lichte vrachtauto,3,Fiets,Op Kruispunt,Gewestweg,binnen bebouwde kom,Tss. 2 best.: langs opzij (voor-/achterkant-flank),Geen hindernis
27726,45,Pelt teller 1,Pelt,51.23127,5.44377,0.2364287264822491,51.22984294854562,5.441252826232637,2021,10,16,72043,Pelt,Normaal,Onbekend,Dag,met lichtgewonden,5,Lichte vrachtauto,3,Fiets,Op Kruispunt,Gewestweg,binnen bebouwde kom,Tss. 2 best.: langs opzij (voor-/achterkant-flank),Geen hindernis
27736,39,Peer teller 1,Peer,51.13425,5.47817,1.717183573610146,51.135751022623964,5.453675677508625,2021,10,18,72030,Peer,Normaal,Droog,Dag,met lichtgewonden,9,personenauto,3,Fiets,Op Kruispunt,Gewestweg,binnen bebouwde kom,Tss. 2 best.: langs opzij (voor-/achterkant-flank),Geen hindernis
27736,40,Peer teller 2,Peer,51.13438,5.47892,1.7679656206957395,51.135751022623964,5.453675677508625,2021,10,18,72030,Peer,Normaal,Droog,Dag,met lichtgewonden,9,personenauto,3,Fiets,Op Kruispunt,Gewestweg,binnen bebouwde kom,Tss. 2 best.: langs opzij (voor-/achterkant-flank),Geen hindernis
27739,21,Bilzen,Bilzen,50.86015,5.50161,1.6084472288713914,50.872270287901024,5.514119954877252,2021,10,10,73006,Bilzen,Normaal,Droog,Dag,met lichtgewonden,9,personenauto,3,Fiets,Op Kruispunt,Gewestweg,binnen bebouwde kom,Tss. 2 best.: langs opzij (voor-/achterkant-flank),Geen hindernis
27740,21,Bilzen,Bilzen,50.86015,5.50161,2.09468115265775,50.87810268936943,5.510652797170818,2021,10,12,73006,Bilzen,Normaal,"Nat, plassen",Dag,met lichtgewonden,9,personenauto,3,Fiets,Buiten Kruispunt,Gemeenteweg,binnen bebouwde kom,Tss. 2 best.: langs opzij (voor-/achterkant-flank),Geen hindernis
27743,44,Maaseik teller 2,Maaseik,51.09359,5.79726,0.24540868094698182,51.09521852024847,5.7948882150623096,2021,10,17,72021,Maaseik,Normaal,Droog,Dag,met lichtgewonden,3,Fiets,3,Fiets,Op Kruispunt,Gemeenteweg,binnen bebouwde kom,Tussen 2 bestuurders: Frontale botsing,Geen hindernis
27743,43,Maaseik teller 1,Maaseik,51.09344,5.79715,0.25309808643813975,51.09521852024847,5.7948882150623096,2021,10,17,72021,Maaseik,Normaal,Droog,Dag,met lichtgewonden,3,Fiets,3,Fiets,Op Kruispunt,Gemeenteweg,binnen bebouwde kom,Tussen 2 bestuurders: Frontale botsing,Geen hindernis
27744,43,Maaseik teller 1,Maaseik,51.09344,5.79715,1.8874401719124634,51.09928976248727,5.771777394068212,2021,10,9,72021,Maaseik,Normaal,Onbekend,Dag,met lichtgewonden,3,Fiets,5,Lichte vrachtauto,Op Kruispunt,Gewestweg,buiten bebouwde kom,Tss. 2 best.: langs opzij (voor-/achterkant-flank),Geen hindernis
27744,44,Maaseik teller 2,Maaseik,51.09359,5.79726,1.8889889428409694,51.09928976248727,5.771777394068212,2021,10,9,72021,Maaseik,Normaal,Onbekend,Dag,met lichtgewonden,3,Fiets,5,Lichte vrachtauto,Op Kruispunt,Gewestweg,buiten bebouwde kom,Tss. 2 best.: langs opzij (voor-/achterkant-flank),Geen hindernis
27745,107,leuven totem,Leuven,50.8870744,4.7087919,0.5118239072464598,50.883937814215,4.71413183321519,2021,10,4,24062,Leuven,Regenval,"Nat, plassen","Nacht, openbare verlichting aanwezig en ontstoken",met lichtgewonden,3,Fiets,10,"één bestuurder, geen hindernis",Buiten Kruispunt,Gemeenteweg,binnen bebouwde kom,"Eén bestuurder, geen hindernis (incl. val)",Geen hindernis
27745,77,Leuven teller 2,Leuven,50.88672,4.70796,0.5321241914993756,50.883937814215,4.71413183321519,2021,10,4,24062,Leuven,Regenval,"Nat, plassen","Nacht, openbare verlichting aanwezig en ontstoken",met lichtgewonden,3,Fiets,10,"één bestuurder, geen hindernis",Buiten Kruispunt,Gemeenteweg,binnen bebouwde kom,"Eén bestuurder, geen hindernis (incl. val)",Geen hindernis
27745,69,Leuven teller 1,Leuven,50.87549,4.71526,0.9426828156271001,50.883937814215,4.71413183321519,2021,10,4,24062,Leuven,Regenval,"Nat, plassen","Nacht, openbare verlichting aanwezig en ontstoken",met lichtgewonden,3,Fiets,10,"één bestuurder, geen hindernis",Buiten Kruispunt,Gemeenteweg,binnen bebouwde kom,"Eén bestuurder, geen hindernis (incl. val)",Geen hindernis
27746,69,Leuven teller 1,Leuven,50.87549,4.71526,0.5125070602547904,50.875837115371894,4.7079763896095645,2021,10,9,24062,Leuven,Regenval,"Nat, plassen",Dag,met lichtgewonden,3,Fiets,10,"één bestuurder, geen hindernis",Buiten Kruispunt,Gemeenteweg,binnen bebouwde kom,"Eén bestuurder, geen hindernis (incl. val)",Geen hindernis
27746,77,Leuven teller 2,Leuven,50.88672,4.70796,1.2101221041755041,50.875837115371894,4.7079763896095645,2021,10,9,24062,Leuven,Regenval,"Nat, plassen",Dag,met lichtgewonden,3,Fiets,10,"één bestuurder, geen hindernis",Buiten Kruispunt,Gemeenteweg,binnen bebouwde kom,"Eén bestuurder, geen hindernis (incl. val)",Geen hindernis
27746,107,leuven totem,Leuven,50.8870744,4.7087919,1.250838171471946,50.875837115371894,4.7079763896095645,2021,10,9,24062,Leuven,Regenval,"Nat, plassen",Dag,met lichtgewonden,3,Fiets,10,"één bestuurder, geen hindernis",Buiten Kruispunt,Gemeenteweg,binnen bebouwde kom,"Eén bestuurder, geen hindernis (incl. val)",Geen hindernis
27746,151,Leuven,District Leuven,50.8690262,4.6854839,1.7505853513096301,50.875837115371894,4.7079763896095645,2021,10,9,24062,Leuven,Regenval,"Nat, plassen",Dag,met lichtgewonden,3,Fiets,10,"één bestuurder, geen hindernis",Buiten Kruispunt,Gemeenteweg,binnen bebouwde kom,"Eén bestuurder, geen hindernis (incl. val)",Geen hindernis
27747,77,Leuven teller 2,Leuven,50.88672,4.70796,1.0133368721599219,50.87981937877267,4.698525260009199,2021,10,13,24062,Leuven,Normaal,Droog,Dag,met lichtgewonden,9,personenauto,3,Fiets,Op Kruispunt,Gemeenteweg,binnen bebouwde kom,Tss. 2 best.: langs opzij (voor-/achterkant-flank),Geen hindernis
27747,107,leuven totem,Leuven,50.8870744,4.7087919,1.0814514149193912,50.87981937877267,4.698525260009199,2021,10,13,24062,Leuven,Normaal,Droog,Dag,met lichtgewonden,9,personenauto,3,Fiets,Op Kruispunt,Gemeenteweg,binnen bebouwde kom,Tss. 2 best.: langs opzij (voor-/achterkant-flank),Geen hindernis
27747,69,Leuven teller 1,Leuven,50.87549,4.71526,1.2689942211266025,50.87981937877267,4.698525260009199,2021,10,13,24062,Leuven,Normaal,Droog,Dag,met lichtgewonden,9,personenauto,3,Fiets,Op Kruispunt,Gemeenteweg,binnen bebouwde kom,Tss. 2 best.: langs opzij (voor-/achterkant-flank),Geen hindernis
27747,151,Leuven,District Leuven,50.8690262,4.6854839,1.5092044770132804,50.87981937877267,4.698525260009199,2021,10,13,24062,Leuven,Normaal,Droog,Dag,met lichtgewonden,9,personenauto,3,Fiets,Op Kruispunt,Gemeenteweg,binnen bebouwde kom,Tss. 2 best.: langs opzij (voor-/achterkant-flank),Geen hindernis
27748,69,Leuven teller 1,Leuven,50.87549,4.71526,1.2324513420286654,50.87701387924025,4.732658555793106,2021,10,16,24062,Leuven,Onbekend,Onbekend,Onbekend,met lichtgewonden,3,Fiets,3,Fiets,Buiten Kruispunt,Gemeenteweg,binnen bebouwde kom,Tss. 2 best.: langs opzij (voor-/achterkant-flank),Geen hindernis
27748,107,leuven totem,Leuven,50.8870744,4.7087919,2.013688276833835,50.87701387924025,4.732658555793106,2021,10,16,24062,Leuven,Onbekend,Onbekend,Onbekend,met lichtgewonden,3,Fiets,3,Fiets,Buiten Kruispunt,Gemeenteweg,binnen bebouwde kom,Tss. 2 best.: langs opzij (voor-/achterkant-flank),Geen hindernis
27748,77,Leuven teller 2,Leuven,50.88672,4.70796,2.0413701539101106,50.87701387924025,4.732658555793106,2021,10,16,24062,Leuven,Onbekend,Onbekend,Onbekend,met lichtgewonden,3,Fiets,3,Fiets,Buiten Kruispunt,Gemeenteweg,binnen bebouwde kom,Tss. 2 best.: langs opzij (voor-/achterkant-flank),Geen hindernis
27749,151,Leuven,District Leuven,50.8690262,4.6854839,0.8073153958624135,50.866081919414256,4.695999524686694,2021,10,17,24062,Leuven,Normaal,Droog,Dag,met lichtgewonden,9,personenauto,3,Fiets,Op Kruispunt,Gewestweg,buiten bebouwde kom,Tss. 2 best.: langs opzij (voor-/achterkant-flank),Geen hindernis
27749,69,Leuven teller 1,Leuven,50.87549,4.71526,1.7091118578039013,50.866081919414256,4.695999524686694,2021,10,17,24062,Leuven,Normaal,Droog,Dag,met lichtgewonden,9,personenauto,3,Fiets,Op Kruispunt,Gewestweg,buiten bebouwde kom,Tss. 2 best.: langs opzij (voor-/achterkant-flank),Geen hindernis
27749,108,Heverlee teller 1,Leuven,50.8471728,4.6954674,2.1029298855396004,50.866081919414256,4.695999524686694,2021,10,17,24062,Leuven,Normaal,Droog,Dag,met lichtgewonden,9,personenauto,3,Fiets,Op Kruispunt,Gewestweg,buiten bebouwde kom,Tss. 2 best.: langs opzij (voor-/achterkant-flank),Geen hindernis
27749,76,Heverlee teller 2,Leuven,50.84606,4.69597,2.2263368251589917,50.866081919414256,4.695999524686694,2021,10,17,24062,Leuven,Normaal,Droog,Dag,met lichtgewonden,9,personenauto,3,Fiets,Op Kruispunt,Gewestweg,buiten bebouwde kom,Tss. 2 best.: langs opzij (voor-/achterkant-flank),Geen hindernis
27749,77,Leuven teller 2,Leuven,50.88672,4.70796,2.4434756816611785,50.866081919414256,4.695999524686694,2021,10,17,24062,Leuven,Normaal,Droog,Dag,met lichtgewonden,9,personenauto,3,Fiets,Op Kruispunt,Gewestweg,buiten bebouwde kom,Tss. 2 best.: langs opzij (voor-/achterkant-flank),Geen hindernis
27750,69,Leuven teller 1,Leuven,50.87549,4.71526,1.6705611612313995,50.86856173053634,4.736384693044434,2021,10,16,24062,Leuven,Onbekend,Onbekend,Dag,met lichtgewonden,3,Fiets,9,personenauto,Buiten Kruispunt,Gewestweg,buiten bebouwde kom,Tss. 2 best.: langs opzij (voor-/achterkant-flank),Geen hindernis
27751,151,Leuven,District Leuven,50.8690262,4.6854839,0.6442428734980689,50.87240533338103,4.692941606536725,2021,10,16,24062,Leuven,Normaal,Droog,Dag,met lichtgewonden,3,Fiets,10,"één bestuurder, geen hindernis",Op Kruispunt,Gemeenteweg,binnen bebouwde kom,"Eén bestuurder, geen hindernis (incl. val)",Geen hindernis
27751,69,Leuven teller 1,Leuven,50.87549,4.71526,1.6031416494740476,50.87240533338103,4.692941606536725,2021,10,16,24062,Leuven,Normaal,Droog,Dag,met lichtgewonden,3,Fiets,10,"één bestuurder, geen hindernis",Op Kruispunt,Gemeenteweg,binnen bebouwde kom,"Eén bestuurder, geen hindernis (incl. val)",Geen hindernis
27751,77,Leuven teller 2,Leuven,50.88672,4.70796,1.9088715111384302,50.87240533338103,4.692941606536725,2021,10,16,24062,Leuven,Normaal,Droog,Dag,met lichtgewonden,3,Fiets,10,"één bestuurder, geen hindernis",Op Kruispunt,Gemeenteweg,binnen bebouwde kom,"Eén bestuurder, geen hindernis (incl. val)",Geen hindernis
27751,107,leuven totem,Leuven,50.8870744,4.7087919,1.9741293862202063,50.87240533338103,4.692941606536725,2021,10,16,24062,Leuven,Normaal,Droog,Dag,met lichtgewonden,3,Fiets,10,"één bestuurder, geen hindernis",Op Kruispunt,Gemeenteweg,binnen bebouwde kom,"Eén bestuurder, geen hindernis (incl. val)",Geen hindernis
27752,151,Leuven,District Leuven,50.8690262,4.6854839,1.056329472892842,50.868910727999626,4.6704321534791315,2021,10,10,24062,Leuven,Normaal,Droog,Dag,met lichtgewonden,9,personenauto,3,Fiets,Op Kruispunt,Gemeenteweg,binnen bebouwde kom,Tussen 2 bestuurders: Frontale botsing,Geen hindernis
27753,151,Leuven,District Leuven,50.8690262,4.6854839,0.8218645030426553,50.86599864402464,4.696167655450931,2021,10,15,24062,Leuven,Normaal,Proper,Dag,met lichtgewonden,1,Autobus,3,Fiets,Op Kruispunt,Gewestweg,binnen bebouwde kom,Tss. 2 best.: langs opzij (voor-/achterkant-flank),Geen hindernis
27753,69,Leuven teller 1,Leuven,50.87549,4.71526,1.7055128826698165,50.86599864402464,4.696167655450931,2021,10,15,24062,Leuven,Normaal,Proper,Dag,met lichtgewonden,1,Autobus,3,Fiets,Op Kruispunt,Gewestweg,binnen bebouwde kom,Tss. 2 best.: langs opzij (voor-/achterkant-flank),Geen hindernis
27753,108,Heverlee teller 1,Leuven,50.8471728,4.6954674,2.0939153445483143,50.86599864402464,4.696167655450931,2021,10,15,24062,Leuven,Normaal,Proper,Dag,met lichtgewonden,1,Autobus,3,Fiets,Op Kruispunt,Gewestweg,binnen bebouwde kom,Tss. 2 best.: langs opzij (voor-/achterkant-flank),Geen hindernis
27753,76,Heverlee teller 2,Leuven,50.84606,4.69597,2.21711947119328,50.86599864402464,4.696167655450931,2021,10,15,24062,Leuven,Normaal,Proper,Dag,met lichtgewonden,1,Autobus,3,Fiets,Op Kruispunt,Gewestweg,binnen bebouwde kom,Tss. 2 best.: langs opzij (voor-/achterkant-flank),Geen hindernis
27753,77,Leuven teller 2,Leuven,50.88672,4.70796,2.448162581873875,50.86599864402464,4.696167655450931,2021,10,15,24062,Leuven,Normaal,Proper,Dag,met lichtgewonden,1,Autobus,3,Fiets,Op Kruispunt,Gewestweg,binnen bebouwde kom,Tss. 2 best.: langs opzij (voor-/achterkant-flank),Geen hindernis
27754,77,Leuven teller 2,Leuven,50.88672,4.70796,1.3059224319910214,50.88041520812086,4.692254364653819,2021,10,17,24062,Leuven,Normaal,Droog,Dag,met lichtgewonden,3,Fiets,3,Fiets,Op Kruispunt,Gemeenteweg,binnen bebouwde kom,Tss. 2 best.: langs opzij (voor-/achterkant-flank),Geen hindernis
27754,151,Leuven,District Leuven,50.8690262,4.6854839,1.3525706888335773,50.88041520812086,4.692254364653819,2021,10,17,24062,Leuven,Normaal,Droog,Dag,met lichtgewonden,3,Fiets,3,Fiets,Op Kruispunt,Gemeenteweg,binnen bebouwde kom,Tss. 2 best.: langs opzij (voor-/achterkant-flank),Geen hindernis
27754,107,leuven totem,Leuven,50.8870744,4.7087919,1.3763129685758861,50.88041520812086,4.692254364653819,2021,10,17,24062,Leuven,Normaal,Droog,Dag,met lichtgewonden,3,Fiets,3,Fiets,Op Kruispunt,Gemeenteweg,binnen bebouwde kom,Tss. 2 best.: langs opzij (voor-/achterkant-flank),Geen hindernis
27754,69,Leuven teller 1,Leuven,50.87549,4.71526,1.7044806156264858,50.88041520812086,4.692254364653819,2021,10,17,24062,Leuven,Normaal,Droog,Dag,met lichtgewonden,3,Fiets,3,Fiets,Op Kruispunt,Gemeenteweg,binnen bebouwde kom,Tss. 2 best.: langs opzij (voor-/achterkant-flank),Geen hindernis
27755,151,Leuven,District Leuven,50.8690262,4.6854839,1.0634376090306732,50.87237897294057,4.69967683290938,2021,10,19,24062,Leuven,Onbekend,Droog,Dageraad - schemering,met lichtgewonden,8,Voetganger,3,Fiets,Buiten Kruispunt,Gemeenteweg,binnen bebouwde kom,Met een voetganger,Geen hindernis
27755,69,Leuven teller 1,Leuven,50.87549,4.71526,1.1468438833692107,50.87237897294057,4.69967683290938,2021,10,19,24062,Leuven,Onbekend,Droog,Dageraad - schemering,met lichtgewonden,8,Voetganger,3,Fiets,Buiten Kruispunt,Gemeenteweg,binnen bebouwde kom,Met een voetganger,Geen hindernis
27755,77,Leuven teller 2,Leuven,50.88672,4.70796,1.6972408874417824,50.87237897294057,4.69967683290938,2021,10,19,24062,Leuven,Onbekend,Droog,Dageraad - schemering,met lichtgewonden,8,Voetganger,3,Fiets,Buiten Kruispunt,Gemeenteweg,binnen bebouwde kom,Met een voetganger,Geen hindernis
27755,107,leuven totem,Leuven,50.8870744,4.7087919,1.7547368274417172,50.87237897294057,4.69967683290938,2021,10,19,24062,Leuven,Onbekend,Droog,Dageraad - schemering,met lichtgewonden,8,Voetganger,3,Fiets,Buiten Kruispunt,Gemeenteweg,binnen bebouwde kom,Met een voetganger,Geen hindernis
27756,151,Leuven,District Leuven,50.8690262,4.6854839,0.8343622700727057,50.875773775995825,4.690685413436057,2021,10,15,24062,Leuven,Regenval,"Nat, plassen",Dag,met lichtgewonden,3,Fiets,10,"één bestuurder, geen hindernis",Op Kruispunt,Gemeenteweg,binnen bebouwde kom,"Eén bestuurder, geen hindernis (incl. val)",Geen hindernis
27756,77,Leuven teller 2,Leuven,50.88672,4.70796,1.7176255913630132,50.875773775995825,4.690685413436057,2021,10,15,24062,Leuven,Regenval,"Nat, plassen",Dag,met lichtgewonden,3,Fiets,10,"één bestuurder, geen hindernis",Op Kruispunt,Gemeenteweg,binnen bebouwde kom,"Eén bestuurder, geen hindernis (incl. val)",Geen hindernis
27756,69,Leuven teller 1,Leuven,50.87549,4.71526,1.7245558193602142,50.875773775995825,4.690685413436057,2021,10,15,24062,Leuven,Regenval,"Nat, plassen",Dag,met lichtgewonden,3,Fiets,10,"één bestuurder, geen hindernis",Op Kruispunt,Gemeenteweg,binnen bebouwde kom,"Eén bestuurder, geen hindernis (incl. val)",Geen hindernis
27756,107,leuven totem,Leuven,50.8870744,4.7087919,1.7867785752467977,50.875773775995825,4.690685413436057,2021,10,15,24062,Leuven,Regenval,"Nat, plassen",Dag,met lichtgewonden,3,Fiets,10,"één bestuurder, geen hindernis",Op Kruispunt,Gemeenteweg,binnen bebouwde kom,"Eén bestuurder, geen hindernis (incl. val)",Geen hindernis
27757,77,Leuven teller 2,Leuven,50.88672,4.70796,0.4162735533804539,50.88846994722535,4.702713919076879,2021,10,22,24062,Leuven,Normaal,Droog,"Nacht, openbare verlichting aanwezig en ontstoken",met lichtgewonden,3,Fiets,10,"één bestuurder, geen hindernis",Buiten Kruispunt,Gemeenteweg,binnen bebouwde kom,"Eén bestuurder, geen hindernis (incl. val)",Geen hindernis
27757,107,leuven totem,Leuven,50.8870744,4.7087919,0.4537102434108182,50.88846994722535,4.702713919076879,2021,10,22,24062,Leuven,Normaal,Droog,"Nacht, openbare verlichting aanwezig en ontstoken",met lichtgewonden,3,Fiets,10,"één bestuurder, geen hindernis",Buiten Kruispunt,Gemeenteweg,binnen bebouwde kom,"Eén bestuurder, geen hindernis (incl. val)",Geen hindernis
27757,69,Leuven teller 1,Leuven,50.87549,4.71526,1.6905114317952863,50.88846994722535,4.702713919076879,2021,10,22,24062,Leuven,Normaal,Droog,"Nacht, openbare verlichting aanwezig en ontstoken",met lichtgewonden,3,Fiets,10,"één bestuurder, geen hindernis",Buiten Kruispunt,Gemeenteweg,binnen bebouwde kom,"Eén bestuurder, geen hindernis (incl. val)",Geen hindernis
27757,151,Leuven,District Leuven,50.8690262,4.6854839,2.4770504729420235,50.88846994722535,4.702713919076879,2021,10,22,24062,Leuven,Normaal,Droog,"Nacht, openbare verlichting aanwezig en ontstoken",met lichtgewonden,3,Fiets,10,"één bestuurder, geen hindernis",Buiten Kruispunt,Gemeenteweg,binnen bebouwde kom,"Eén bestuurder, geen hindernis (incl. val)",Geen hindernis
27758,151,Leuven,District Leuven,50.8690262,4.6854839,0.8724460841960663,50.86896234062622,4.697915986901162,2021,10,22,24062,Leuven,Normaal,Droog,"Nacht, openbare verlichting aanwezig en ontstoken",met lichtgewonden,3,Fiets,3,Fiets,Buiten Kruispunt,Gewestweg,binnen bebouwde kom,Tussen 2 bestuurders: Frontale botsing,Geen hindernis
27758,69,Leuven teller 1,Leuven,50.87549,4.71526,1.4170385995014556,50.86896234062622,4.697915986901162,2021,10,22,24062,Leuven,Normaal,Droog,"Nacht, openbare verlichting aanwezig en ontstoken",met lichtgewonden,3,Fiets,3,Fiets,Buiten Kruispunt,Gewestweg,binnen bebouwde kom,Tussen 2 bestuurders: Frontale botsing,Geen hindernis
27758,77,Leuven teller 2,Leuven,50.88672,4.70796,2.0965441543178813,50.86896234062622,4.697915986901162,2021,10,22,24062,Leuven,Normaal,Droog,"Nacht, openbare verlichting aanwezig en ontstoken",met lichtgewonden,3,Fiets,3,Fiets,Buiten Kruispunt,Gewestweg,binnen bebouwde kom,Tussen 2 bestuurders: Frontale botsing,Geen hindernis
27758,107,leuven totem,Leuven,50.8870744,4.7087919,2.1536806897311167,50.86896234062622,4.697915986901162,2021,10,22,24062,Leuven,Normaal,Droog,"Nacht, openbare verlichting aanwezig en ontstoken",met lichtgewonden,3,Fiets,3,Fiets,Buiten Kruispunt,Gewestweg,binnen bebouwde kom,Tussen 2 bestuurders: Frontale botsing,Geen hindernis
27758,108,Heverlee teller 1,Leuven,50.8471728,4.6954674,2.4289745389727284,50.86896234062622,4.697915986901162,2021,10,22,24062,Leuven,Normaal,Droog,"Nacht, openbare verlichting aanwezig en ontstoken",met lichtgewonden,3,Fiets,3,Fiets,Buiten Kruispunt,Gewestweg,binnen bebouwde kom,Tussen 2 bestuurders: Frontale botsing,Geen hindernis