crash_row_id,site_id,site_name,site_gemeente,site_lat,site_long,distance_km,crash_lat,crash_long,DT_YEAR_COLLISION,DT_MONTH_COLLISION,DT_TIME,CD_NIS,TX_MUNTY_COLLISION_NL,TX_WEATHER_NL,TX_ROAD_CONDITION_NL,TX_LIGHT_CONDITION_NL,TX_CLASS_ACCIDENTS_NL,CD_ROAD_USR_TYPE1,TX_ROAD_USR_TYPE1_NL,CD_ROAD_USR_TYPE2,TX_ROAD_USR_TYPE2_NL,TX_CROSSWAY_NL,CD_ROAD_TYPE_NL,TX_BUILD_UP_AREA_NL,TX_COLLISION_TYPE_NL,TX_OBSTACLES_NL
27779,151,Leuven,District Leuven,50.8690262,4.6854839,1.577009041997403,50.86905564008467,4.707956509643332,2021,10,15,24062,Leuven,Normaal,Droog,Dag,met lichtgewonden,5,Lichte vrachtauto,3,Fiets,Op Kruispunt,Gewestweg,binnen bebouwde kom,Tss. 2 best.: langs opzij (voor-/achterkant-flank),Geen hindernis
27779,77,Leuven teller 2,Leuven,50.88672,4.70796,1.9641872202735875,50.86905564008467,4.707956509643332,2021,10,15,24062,Leuven,Normaal,Droog,Dag,met lichtgewonden,5,Lichte vrachtauto,3,Fiets,Op Kruispunt,Gewestweg,binnen bebouwde kom,Tss. 2 best.: langs opzij (voor-/achterkant-flank),Geen hindernis
27779,107,leuven totem,Leuven,50.8870744,4.7087919,2.0044517987654675,50.86905564008467,4.707956509643332,2021,10,15,24062,Leuven,Normaal,Droog,Dag,met lichtgewonden,5,Lichte vrachtauto,3,Fiets,Op Kruispunt,Gewestweg,binnen bebouwde kom,Tss. 2 best.: langs opzij (voor-/achterkant-flank),Geen hindernis
27780,107,leuven totem,Leuven,50.8870744,4.7087919,1.7027663411341587,50.891190324069164,4.732173796801223,2021,10,9,24062,Leuven,Normaal,Droog,Dag,met lichtgewonden,3,Fiets,10,"één bestuurder, geen hindernis",Buiten Kruispunt,Gemeenteweg,binnen bebouwde kom,"Eén bestuurder, geen hindernis (incl. val)",Geen hindernis
27780,77,Leuven teller 2,Leuven,50.88672,4.70796,1.7697104150011274,50.891190324069164,4.732173796801223,2021,10,9,24062,Leuven,Normaal,Droog,Dag,met lichtgewonden,3,Fiets,10,"één bestuurder, geen hindernis",Buiten Kruispunt,Gemeenteweg,binnen bebouwde kom,"Eén bestuurder, geen hindernis (incl. val)",Geen hindernis
27780,69,Leuven teller 1,Leuven,50.87549,4.71526,2.11085667688928,50.891190324069164,4.732173796801223,2021,10,9,24062,Leuven,Normaal,Droog,Dag,met lichtgewonden,3,Fiets,10,"één bestuurder, geen hindernis",Buiten Kruispunt,Gemeenteweg,binnen bebouwde kom,"Eén bestuurder, geen hindernis (incl. val)",Geen hindernis
27781,77,Leuven teller 2,Leuven,50.88672,4.70796,0.34162397406495937,50.888689259237246,4.704221847946021,2021,10,15,24062,Leuven,Regenval,"Nat, plassen",Dag,met lichtgewonden,9,personenauto,3,Fiets,Buiten Kruispunt,Gemeenteweg,binnen bebouwde kom,Tussen 2 bestuurders: Flank tegen flank,Geen hindernis
27781,107,leuven totem,Leuven,50.8870744,4.7087919,0.36743646236991573,50.888689259237246,4.704221847946021,2021,10,15,24062,Leuven,Regenval,"Nat, plassen",Dag,met lichtgewonden,9,personenauto,3,Fiets,Buiten Kruispunt,Gemeenteweg,binnen bebouwde kom,Tussen 2 bestuurders: Flank tegen flank,Geen hindernis
27781,69,Leuven teller 1,Leuven,50.87549,4.71526,1.6594521132657227,50.888689259237246,4.704221847946021,2021,10,15,24062,Leuven,Regenval,"Nat, plassen",Dag,met lichtgewonden,9,personenauto,3,Fiets,Buiten Kruispunt,Gemeenteweg,binnen bebouwde kom,Tussen 2 bestuurders: Flank tegen flank,Geen hindernis
27782,151,Leuven,District Leuven,50.8690262,4.6854839,0.9845139607059139,50.87287058443601,4.698122420041731,2021,10,9,24062,Leuven,Normaal,"Nat, plassen",Dag,met lichtgewonden,3,Fiets,10,"één bestuurder, geen hindernis",Op Kruispunt,Gemeenteweg,binnen bebouwde kom,"Eén bestuurder, geen hindernis (incl. val)",Geen hindernis
27782,69,Leuven teller 1,Leuven,50.87549,4.71526,1.2372619300132706,50.87287058443601,4.698122420041731,2021,10,9,24062,Leuven,Normaal,"Nat, plassen",Dag,met lichtgewonden,3,Fiets,10,"één bestuurder, geen hindernis",Op Kruispunt,Gemeenteweg,binnen bebouwde kom,"Eén bestuurder, geen hindernis (incl. val)",Geen hindernis
27782,77,Leuven teller 2,Leuven,50.88672,4.70796,1.6875761782243939,50.87287058443601,4.698122420041731,2021,10,9,24062,Leuven,Normaal,"Nat, plassen",Dag,met lichtgewonden,3,Fiets,10,"één bestuurder, geen hindernis",Op Kruispunt,Gemeenteweg,binnen bebouwde kom,"Eén bestuurder, geen hindernis (incl. val)",Geen hindernis
27782,107,leuven totem,Leuven,50.8870744,4.7087919,1.7478008200588675,50.87287058443601,4.698122420041731,2021,10,9,24062,Leuven,Normaal,"Nat, plassen",Dag,met lichtgewonden,3,Fiets,10,"één bestuurder, geen hindernis",Op Kruispunt,Gemeenteweg,binnen bebouwde kom,"Eén bestuurder, geen hindernis (incl. val)",Geen hindernis
27785,72,Herent teller 1,Herent,50.89135,4.64689,1.7794786136208947,50.88596785841999,4.670780825658268,2021,10,10,24038,Herent,Normaal,Droog,Dag,met lichtgewonden,9,personenauto,3,Fiets,Buiten Kruispunt,Gewestweg,buiten bebouwde kom,Tss. 2 best.: langs opzij (voor-/achterkant-flank),Geen hindernis
27785,73,Herent teller 2,Herent,50.89128,4.64685,1.7795236363213758,50.88596785841999,4.670780825658268,2021,10,10,24038,Herent,Normaal,Droog,Dag,met lichtgewonden,9,personenauto,3,Fiets,Buiten Kruispunt,Gewestweg,buiten bebouwde kom,Tss. 2 best.: langs opzij (voor-/achterkant-flank),Geen hindernis
27785,151,Leuven,District Leuven,50.8690262,4.6854839,2.1477871671804016,50.88596785841999,4.670780825658268,2021,10,10,24038,Herent,Normaal,Droog,Dag,met lichtgewonden,9,personenauto,3,Fiets,Buiten Kruispunt,Gewestweg,buiten bebouwde kom,Tss. 2 best.: langs opzij (voor-/achterkant-flank),Geen hindernis
27786,87,Aarschot,Aarschot,50.99084,4.81259,1.8317238331828654,50.98465028919661,4.836841475955444,2021,10,12,24001,Aarschot,Normaal,Droog,Dag,met lichtgewonden,8,Voetganger,3,Fiets,Buiten Kruispunt,Gemeenteweg,binnen bebouwde kom,Met een voetganger,Geen hindernis
27790,70,Kampenhout teller 1,Kampenhout,50.95682,4.59318,1.5916898303601121,50.96238933917381,4.614115395955736,2021,10,16,24033,Haacht,Normaal,"Nat, plassen",Dag,met zwaargewonden,4,Vrachtwagen,3,Fiets,Op Kruispunt,Gemeenteweg,buiten bebouwde kom,Tss. 2 best.: langs opzij (voor-/achterkant-flank),Geen hindernis
27790,71,Kampenhout teller 2,Kampenhout,50.95589,4.59164,1.7321190669341813,50.96238933917381,4.614115395955736,2021,10,16,24033,Haacht,Normaal,"Nat, plassen",Dag,met zwaargewonden,4,Vrachtwagen,3,Fiets,Op Kruispunt,Gemeenteweg,buiten bebouwde kom,Tss. 2 best.: langs opzij (voor-/achterkant-flank),Geen hindernis
27797,101,Diest teller 1,Diest,50.97799,5.04481,1.1169235522936474,50.981170242775676,5.059943479936503,2021,10,18,24020,Diest,Normaal,Droog,Dag,met lichtgewonden,9,personenauto,3,Fiets,Buiten Kruispunt,Gemeenteweg,binnen bebouwde kom,Tussen 2 bestuurders: Frontale botsing,Geen hindernis
27797,102,Diest teller 2,Diest,50.9779,5.04474,1.1247694896165146,50.981170242775676,5.059943479936503,2021,10,18,24020,Diest,Normaal,Droog,Dag,met lichtgewonden,9,personenauto,3,Fiets,Buiten Kruispunt,Gemeenteweg,binnen bebouwde kom,Tussen 2 bestuurders: Frontale botsing,Geen hindernis
27803,85,Asse teller 1,Asse,50.89621,4.17294,2.413180810620225,50.9126352287466,4.195433076347125,2021,10,7,23002,Asse,Normaal,Droog,Dageraad - schemering,met lichtgewonden,3,Fiets,8,Voetganger,Buiten Kruispunt,Gewestweg,binnen bebouwde kom,Met een voetganger,Geen hindernis
27804,27,Grimbergen,Meise,50.92127,4.34013,1.5263378309536044,50.91665887962096,4.319621387926488,2021,10,8,23102,Wemmel,Onbekend,Onbekend,Onbekend,met lichtgewonden,9,personenauto,3,Fiets,Buiten Kruispunt,Gemeenteweg,binnen bebouwde kom,Tss. 2 best.: langs opzij (voor-/achterkant-flank),Geen hindernis
27804,81,Wemmel teller 2,Wemmel,50.91439,4.29568,1.6972559619279133,50.91665887962096,4.319621387926488,2021,10,8,23102,Wemmel,Onbekend,Onbekend,Onbekend,met lichtgewonden,9,personenauto,3,Fiets,Buiten Kruispunt,Gemeenteweg,binnen bebouwde kom,Tss. 2 best.: langs opzij (voor-/achterkant-flank),Geen hindernis
27804,80,Wemmel teller 1,Wemmel,50.91418,4.29571,1.698812135934173,50.91665887962096,4.319621387926488,2021,10,8,23102,Wemmel,Onbekend,Onbekend,Onbekend,met lichtgewonden,9,personenauto,3,Fiets,Buiten Kruispunt,Gemeenteweg,binnen bebouwde kom,Tss. 2 best.: langs opzij (voor-/achterkant-flank),Geen hindernis
27805,152,Opwijk,District Vilvoorde-gewestwegen,50.968901168564656,4.149169474840164,2.2533555333747626,50.96695106938999,4.181199161053999,2021,10,8,23060,Opwijk,Regenval,"Nat, plassen",Dageraad - schemering,met lichtgewonden,9,personenauto,3,Fiets,Buiten Kruispunt,Gemeenteweg,binnen bebouwde kom,Tss. 2 best.: langs opzij (voor-/achterkant-flank),Geen hindernis
27807,27,Grimbergen,Meise,50.92127,4.34013,1.0936623654931437,50.92802356547231,4.328786424089355,2021,10,17,23050,Meise,Normaal,"Nat, plassen",Dag,met lichtgewonden,3,Fiets,9,personenauto,Buiten Kruispunt,Gewestweg,onbekend,Tss. 2 best.: langs opzij (voor-/achterkant-flank),Geen hindernis
27811,27,Grimbergen,Meise,50.92127,4.34013,1.9323476706422393,50.93345669031903,4.359785101972192,2021,10,10,23025,Grimbergen,Normaal,Proper,Dag,met lichtgewonden,3,Fiets,11,een weggebruiker tegen een hindernis,Buiten Kruispunt,Gemeenteweg,binnen bebouwde kom,Weggebruiker tegen hindernis op de rijbaan,"Op de rijbaan: Werken (signal., aarde, toestel,…)"
27812,27,Grimbergen,Meise,50.92127,4.34013,2.1440526235389514,50.902241631342385,4.345073123870633,2021,10,17,23025,Grimbergen,Normaal,Droog,Dag,met lichtgewonden,3,Fiets,3,Fiets,Op Kruispunt,Gewestweg,binnen bebouwde kom,Tussen 2 bestuurders: Frontale botsing,Geen hindernis
27813,1,Machelen,Machelen,50.91618331151478,4.456121776137429,2.3811309859754903,50.93515547133905,4.440367057071842,2021,10,16,23088,Vilvoorde,Normaal,Droog,Dag,met lichtgewonden,3,Fiets,3,Fiets,Buiten Kruispunt,Gemeenteweg,binnen bebouwde kom,Tussen 2 bestuurders: Langs achteren,Geen hindernis
27814,1,Machelen,Machelen,50.91618331151478,4.456121776137429,1.4845381679175662,50.91055796693298,4.436918137900146,2021,10,17,23047,Machelen,Normaal,Onbekend,Dag,met lichtgewonden,9,personenauto,3,Fiets,Buiten Kruispunt,Gemeenteweg,binnen bebouwde kom,Tussen 2 bestuurders: Flank tegen flank,Geen hindernis
27814,47,Vilvoorde,Vilvoorde,50.91372,4.41497,1.5784351309684859,50.91055796693298,4.436918137900146,2021,10,17,23047,Machelen,Normaal,Onbekend,Dag,met lichtgewonden,9,personenauto,3,Fiets,Buiten Kruispunt,Gemeenteweg,binnen bebouwde kom,Tussen 2 bestuurders: Flank tegen flank,Geen hindernis
27815,47,Vilvoorde,Vilvoorde,50.91372,4.41497,1.8294498487746191,50.92953904144057,4.4221431969879506,2021,10,8,23088,Vilvoorde,Normaal,Droog,Dag,met lichtgewonden,3,Fiets,1,Autobus,Op Kruispunt,Gemeenteweg,binnen bebouwde kom,Tussen 2 bestuurders: Flank tegen flank,Geen hindernis
27817,118,Gent teller 1,Gent,51.028049,3.7681359,2.400986565574156,51.01787116734137,3.7378606270407895,2021,10,22,44021,Gent,Regenval,"Nat, plassen","Nacht, openbare verlichting aanwezig en ontstoken",met lichtgewonden,2,Andere weggebruiker,3,Fiets,Op Kruispunt,Gemeenteweg,binnen bebouwde kom,Tss. 2 best.: langs opzij (voor-/achterkant-flank),Geen hindernis
27817,119,Gent teller 2,Gent,51.0281795,3.7683918,2.4236129575278373,51.01787116734137,3.7378606270407895,2021,10,22,44021,Gent,Regenval,"Nat, plassen","Nacht, openbare verlichting aanwezig en ontstoken",met lichtgewonden,2,Andere weggebruiker,3,Fiets,Op Kruispunt,Gemeenteweg,binnen bebouwde kom,Tss. 2 best.: langs opzij (voor-/achterkant-flank),Geen hindernis
27818,13,Gent,Gent,51.03018,3.70146,1.6919456288076413,51.028623571413355,3.7255269472659256,2021,10,12,44021,Gent,Normaal,Droog,Dag,met lichtgewonden,3,Fiets,9,personenauto,Op Kruispunt,Gemeenteweg,binnen bebouwde kom,Tss. 2 best.: langs opzij (voor-/achterkant-flank),Geen hindernis
27821,13,Gent,Gent,51.03018,3.70146,2.296902117412476,51.04647443770335,3.721650539854757,2021,10,21,44021,Gent,Normaal,Droog,"Nacht, openbare verlichting aanwezig en ontstoken",met lichtgewonden,3,Fiets,10,"één bestuurder, geen hindernis",Buiten Kruispunt,Gemeenteweg,binnen bebouwde kom,"Eén bestuurder, geen hindernis (incl. val)",Geen hindernis
27822,13,Gent,Gent,51.03018,3.70146,2.3659645524452553,51.05145713399274,3.7012288427888524,2021,10,15,44021,Gent,Normaal,Droog,Dag,met lichtgewonden,9,personenauto,3,Fiets,Op Kruispunt,Gewestweg,binnen bebouwde kom,Tss. 2 best.: langs opzij (voor-/achterkant-flank),Geen hindernis
27824,119,Gent teller 2,Gent,51.0281795,3.7683918,2.16681255478933,51.04410035310906,3.7505232130855206,2021,10,8,44021,Gent,Normaal,Droog,Dag,met lichtgewonden,9,personenauto,3,Fiets,Op Kruispunt,Gemeenteweg,binnen bebouwde kom,Tss. 2 best.: langs opzij (voor-/achterkant-flank),Geen hindernis
27824,118,Gent teller 1,Gent,51.028049,3.7681359,2.168473496158136,51.04410035310906,3.7505232130855206,2021,10,8,44021,Gent,Normaal,Droog,Dag,met lichtgewonden,9,personenauto,3,Fiets,Op Kruispunt,Gemeenteweg,binnen bebouwde kom,Tss. 2 best.: langs opzij (voor-/achterkant-flank),Geen hindernis
27826,136,Gent R4,Gent,51.0876313,3.7587918,2.3303741219427665,51.06746138513518,3.767850916151291,2021,10,13,44021,Gent,Normaal,Droog,Dag,met lichtgewonden,9,personenauto,3,Fiets,Op Kruispunt,Gemeenteweg,binnen bebouwde kom,Tss. 2 best.: langs opzij (voor-/achterkant-flank),Geen hindernis
27827,13,Gent,Gent,51.03018,3.70146,1.4755569025717843,51.030115502892905,3.722559705947126,2021,10,15,44021,Gent,Normaal,"Nat, plassen",Dag,met lichtgewonden,6,Bromfiets,3,Fiets,Op Kruispunt,Gemeenteweg,binnen bebouwde kom,Tussen 2 bestuurders: Flank tegen flank,Geen hindernis
27828,13,Gent,Gent,51.03018,3.70146,1.0346753308804484,51.03545140086237,3.7136530149144305,2021,10,9,44021,Gent,Normaal,Droog,Dag,met lichtgewonden,9,personenauto,3,Fiets,Buiten Kruispunt,Gewestweg,binnen bebouwde kom,Tussen 2 bestuurders: Flank tegen flank,Geen hindernis
27830,118,Gent teller 1,Gent,51.028049,3.7681359,2.400986565574156,51.01787116734137,3.7378606270407895,2021,10,13,44021,Gent,Normaal,Droog,Dag,met lichtgewonden,9,personenauto,3,Fiets,Op Kruispunt,Gemeenteweg,buiten bebouwde kom,Tss. 2 best.: langs opzij (voor-/achterkant-flank),Geen hindernis
27830,119,Gent teller 2,Gent,51.0281795,3.7683918,2.4236129575278373,51.01787116734137,3.7378606270407895,2021,10,13,44021,Gent,Normaal,Droog,Dag,met lichtgewonden,9,personenauto,3,Fiets,Op Kruispunt,Gemeenteweg,buiten bebouwde kom,Tss. 2 best.: langs opzij (voor-/achterkant-flank),Geen hindernis
27831,13,Gent,Gent,51.03018,3.70146,2.0744691545296767,51.048096533856295,3.7097313464548285,2021,10,18,44021,Gent,Onbekend,Onbekend,Dag,met lichtgewonden,3,Fiets,3,Fiets,Op Kruispunt,Gewestweg,binnen bebouwde kom,Tussen 2 bestuurders: Langs achteren,Geen hindernis
27833,118,Gent teller 1,Gent,51.028049,3.7681359,0.9902496906531882,51.0334932494775,3.7569297262439676,2021,10,17,44021,Gent,Normaal,Droog,Dag,met lichtgewonden,99,onbekend,3,Fiets,Buiten Kruispunt,Gewestweg,buiten bebouwde kom,Tussen 2 bestuurders: Frontale botsing,Geen hindernis
27833,119,Gent teller 2,Gent,51.0281795,3.7683918,0.9957921139352252,51.0334932494775,3.7569297262439676,2021,10,17,44021,Gent,Normaal,Droog,Dag,met lichtgewonden,99,onbekend,3,Fiets,Buiten Kruispunt,Gewestweg,buiten bebouwde kom,Tussen 2 bestuurders: Frontale botsing,Geen hindernis
27835,13,Gent,Gent,51.03018,3.70146,1.9599039208280231,51.03841286198792,3.726243030917915,2021,10,9,44021,Gent,Normaal,Droog,Dag,met lichtgewonden,3,Fiets,6,Bromfiets,Op Kruispunt,Gewestweg,binnen bebouwde kom,Tussen 2 bestuurders: Frontale botsing,Geen hindernis
27836,13,Gent,Gent,51.03018,3.70146,2.4569488674452717,51.049086041058445,3.7196480166987826,2021,10,12,44021,Gent,Normaal,Droog,Dag,met lichtgewonden,3,Fiets,3,Fiets,Buiten Kruispunt,Gemeenteweg,binnen bebouwde kom,Tss. 2 best.: langs opzij (voor-/achterkant-flank),Geen hindernis
27837,13,Gent,Gent,51.03018,3.70146,2.368499933908252,51.03529675931096,3.7343388545298484,2021,10,12,44021,Gent,Onbekend,Onbekend,Dag,met lichtgewonden,3,Fiets,10,"één bestuurder, geen hindernis",Buiten Kruispunt,Gemeenteweg,binnen bebouwde kom,"Eén bestuurder, geen hindernis (incl. val)",Geen hindernis
27837,118,Gent teller 1,Gent,51.028049,3.7681359,2.4970380843996995,51.03529675931096,3.7343388545298484,2021,10,12,44021,Gent,Onbekend,Onbekend,Dag,met lichtgewonden,3,Fiets,10,"één bestuurder, geen hindernis",Buiten Kruispunt,Gemeenteweg,binnen bebouwde kom,"Eén bestuurder, geen hindernis (incl. val)",Geen hindernis
27838,13,Gent,Gent,51.03018,3.70146,1.791720787488752,51.040353841044016,3.721330330071424,2021,10,7,44021,Gent,Normaal,"Nat, plassen",Onbekend,met lichtgewonden,3,Fiets,5,Lichte vrachtauto,Buiten Kruispunt,Gemeenteweg,binnen bebouwde kom,Tss. 2 best.: langs opzij (voor-/achterkant-flank),Geen hindernis
27844,13,Gent,Gent,51.03018,3.70146,1.2060986826202578,51.02860783871401,3.7185243902112837,2021,10,8,44021,Gent,Normaal,"Nat, plassen",Dag,met lichtgewonden,9,personenauto,3,Fiets,Op Kruispunt,Gewestweg,binnen bebouwde kom,Tss. 2 best.: langs opzij (voor-/achterkant-flank),Geen hindernis
27850,136,Gent R4,Gent,51.0876313,3.7587918,2.255747156216404,51.06817603894445,3.7496438453915286,2021,10,11,44021,Gent,Normaal,Droog,Dag,met zwaargewonden,9,personenauto,3,Fiets,Op Kruispunt,Gemeenteweg,binnen bebouwde kom,Tss. 2 best.: langs opzij (voor-/achterkant-flank),Geen hindernis
27851,13,Gent,Gent,51.03018,3.70146,2.134070248112669,51.0419701187638,3.725542320725655,2021,10,1,44021,Gent,Normaal,Droog,"Nacht, openbare verlichting aanwezig en ontstoken",met lichtgewonden,3,Fiets,3,Fiets,Buiten Kruispunt,Gemeenteweg,binnen bebouwde kom,Tussen 2 bestuurders: Frontale botsing,Geen hindernis
27853,13,Gent,Gent,51.03018,3.70146,2.2766649351136325,51.045725670020246,3.722649976837682,2021,10,23,44021,Gent,Normaal,Droog,"Nacht, openbare verlichting aanwezig en ontstoken",met zwaargewonden,3,Fiets,3,Fiets,Buiten Kruispunt,Gemeenteweg,binnen bebouwde kom,Tussen 2 bestuurders: Frontale botsing,Geen hindernis
27855,13,Gent,Gent,51.03018,3.70146,2.2593398856842466,51.04660077247677,3.720491503258358,2021,10,4,44021,Gent,"Regenval+Sterke wind, rukwind","Nat, plassen","Nacht, openbare verlichting aanwezig en ontstoken",met lichtgewonden,3,Fiets,3,Fiets,Op Kruispunt,Gemeenteweg,binnen bebouwde kom,Tss. 2 best.: langs opzij (voor-/achterkant-flank),Geen hindernis
27859,13,Gent,Gent,51.03018,3.70146,1.8144757575276125,51.04208142126025,3.7192134227103457,2021,10,9,44021,Gent,Onbekend,Onbekend,Dag,met lichtgewonden,3,Fiets,5,Lichte vrachtauto,Op Kruispunt,Gewestweg,binnen bebouwde kom,Tss. 2 best.: langs opzij (voor-/achterkant-flank),Geen hindernis
27873,119,Gent teller 2,Gent,51.0281795,3.7683918,0.5372396503003236,51.025651610953396,3.774938270595422,2021,10,16,44040,Melle,Normaal,Droog,Dag,met lichtgewonden,8,Voetganger,3,Fiets,Buiten Kruispunt,Gewestweg,binnen bebouwde kom,Met een voetganger,Geen hindernis
27873,118,Gent teller 1,Gent,51.028049,3.7681359,0.5453328223651993,51.025651610953396,3.774938270595422,2021,10,16,44040,Melle,Normaal,Droog,Dag,met lichtgewonden,8,Voetganger,3,Fiets,Buiten Kruispunt,Gewestweg,binnen bebouwde kom,Met een voetganger,Geen hindernis
27878,116,Melle teller 2,Melle,50.9986113,3.8040599,0.39559464238376413,51.00212454919715,3.8031693600892575,2021,10,8,44040,Melle,Normaal,"Nat, plassen",Dag,met zwaargewonden,3,Fiets,10,"één bestuurder, geen hindernis",Buiten Kruispunt,Gewestweg,binnen bebouwde kom,"Eén bestuurder, geen hindernis (incl. val)",Geen hindernis
27878,117,Melle teller 1,Melle,50.9986113,3.8040599,0.39559464238376413,51.00212454919715,3.8031693600892575,2021,10,8,44040,Melle,Normaal,"Nat, plassen",Dag,met zwaargewonden,3,Fiets,10,"één bestuurder, geen hindernis",Buiten Kruispunt,Gewestweg,binnen bebouwde kom,"Eén bestuurder, geen hindernis (incl. val)",Geen hindernis
27879,117,Melle teller 1,Melle,50.9986113,3.8040599,1.819748040933938,51.01196329264526,3.789021176875176,2021,10,8,44040,Melle,Normaal,"Nat, plassen",Dag,met lichtgewonden,9,personenauto,3,Fiets,Buiten Kruispunt,Gewestweg,buiten bebouwde kom,Tussen 2 bestuurders: Frontale botsing,Geen hindernis
27879,116,Melle teller 2,Melle,50.9986113,3.8040599,1.819748040933938,51.01196329264526,3.789021176875176,2021,10,8,44040,Melle,Normaal,"Nat, plassen",Dag,met lichtgewonden,9,personenauto,3,Fiets,Buiten Kruispunt,Gewestweg,buiten bebouwde kom,Tussen 2 bestuurders: Frontale botsing,Geen hindernis
27879,118,Gent teller 1,Gent,51.028049,3.7681359,2.3094128961320233,51.01196329264526,3.789021176875176,2021,10,8,44040,Melle,Normaal,"Nat, plassen",Dag,met lichtgewonden,9,personenauto,3,Fiets,Buiten Kruispunt,Gewestweg,buiten bebouwde kom,Tussen 2 bestuurders: Frontale botsing,Geen hindernis
27879,119,Gent teller 2,Gent,51.0281795,3.7683918,2.3094427156778123,51.01196329264526,3.789021176875176,2021,10,8,44040,Melle,Normaal,"Nat, plassen",Dag,met lichtgewonden,9,personenauto,3,Fiets,Buiten Kruispunt,Gewestweg,buiten bebouwde kom,Tussen 2 bestuurders: Frontale botsing,Geen hindernis
27886,7,Evergem 1,Evergem,51.1089,3.70317,2.1844391104079364,51.12004573644075,3.7289395550770204,2021,10,11,44019,Evergem,Normaal,Droog,Dag,met lichtgewonden,9,personenauto,3,Fiets,Op Kruispunt,Gemeenteweg,buiten bebouwde kom,Tss. 2 best.: langs opzij (voor-/achterkant-flank),Geen hindernis
27886,6,Evergem 2,Evergem,51.10894,3.70298,2.192865137633119,51.12004573644075,3.7289395550770204,2021,10,11,44019,Evergem,Normaal,Droog,Dag,met lichtgewonden,9,personenauto,3,Fiets,Op Kruispunt,Gemeenteweg,buiten bebouwde kom,Tss. 2 best.: langs opzij (voor-/achterkant-flank),Geen hindernis
27893,115,Aalter,Aalter,51.1058367,3.4350591,1.8336480149499004,51.090271229897944,3.4437297984151565,2021,10,12,44084,Aalter,Normaal,Droog,Dag,met lichtgewonden,9,personenauto,3,Fiets,Buiten Kruispunt,Gemeenteweg,binnen bebouwde kom,Tss. 2 best.: langs opzij (voor-/achterkant-flank),Geen hindernis
27926,128,Lokeren teller 1,Lokeren,51.09644,3.97023,1.3074396654045677,51.107507107958256,3.9639055281824698,2021,10,8,46014,Lokeren,Normaal,Droog,Dag,met lichtgewonden,3,Fiets,9,personenauto,Op Kruispunt,Gemeenteweg,binnen bebouwde kom,Tussen 2 bestuurders: Frontale botsing,Geen hindernis
27926,129,Lokeren teller 2,Lokeren,51.09612,3.97025,1.3414458729316145,51.107507107958256,3.9639055281824698,2021,10,8,46014,Lokeren,Normaal,Droog,Dag,met lichtgewonden,3,Fiets,9,personenauto,Op Kruispunt,Gemeenteweg,binnen bebouwde kom,Tussen 2 bestuurders: Frontale botsing,Geen hindernis
27927,141,Test site A support,Lokeren,51.08342085,3.9961071208376326,2.4834924259653177,51.10518449797939,4.004096567533098,2021,10,17,46014,Lokeren,Normaal,Droog,Dag,met lichtgewonden,9,personenauto,3,Fiets,Buiten Kruispunt,Gewestweg,binnen bebouwde kom,Tussen 2 bestuurders: Langs achteren,Geen hindernis
27929,126,Hamme totem,Hamme,51.1017709,4.1469307,0.8772611124081787,51.0939429377459,4.145365936465147,2021,10,3,42008,Hamme,Normaal,Droog,"Nacht, openbare verlichting aanwezig en ontstoken",met lichtgewonden,2,Andere weggebruiker,3,Fiets,Op Kruispunt,Gemeenteweg,binnen bebouwde kom,Tss. 2 best.: langs opzij (voor-/achterkant-flank),Geen hindernis
27932,126,Hamme totem,Hamme,51.1017709,4.1469307,0.667896770902944,51.099345400708664,4.138180014308043,2021,10,16,42008,Hamme,Normaal,Proper,Dag,met lichtgewonden,3,Fiets,11,een weggebruiker tegen een hindernis,Buiten Kruispunt,Gemeenteweg,binnen bebouwde kom,Weggebruiker tegen hindernis buiten rijbaan,Buiten de rijbaan: Omheining
27933,120,Zele teller 1,Zele,51.0607671,4.0547741,1.2905406050625237,51.07007902071347,4.043750679564125,2021,10,12,42028,Zele,Onbekend,Droog,Dag,met lichtgewonden,9,personenauto,3,Fiets,Op Kruispunt,Gemeenteweg,binnen bebouwde kom,Tussen 2 bestuurders: Frontale botsing,Geen hindernis
27933,121,Zele teller 2,Zele,51.0604067,4.0556696,1.3603002678633664,51.07007902071347,4.043750679564125,2021,10,12,42028,Zele,Onbekend,Droog,Dag,met lichtgewonden,9,personenauto,3,Fiets,Op Kruispunt,Gemeenteweg,binnen bebouwde kom,Tussen 2 bestuurders: Frontale botsing,Geen hindernis
27934,121,Zele teller 2,Zele,51.0604067,4.0556696,1.155793948238757,51.06507332937664,4.070448131243187,2021,10,16,42028,Zele,Normaal,Droog,Dag,met lichtgewonden,9,personenauto,3,Fiets,Buiten Kruispunt,Gemeenteweg,buiten bebouwde kom,Tussen 2 bestuurders: Langs achteren,Geen hindernis
27934,120,Zele teller 1,Zele,51.0607671,4.0547741,1.195425752452688,51.06507332937664,4.070448131243187,2021,10,16,42028,Zele,Normaal,Droog,Dag,met lichtgewonden,9,personenauto,3,Fiets,Buiten Kruispunt,Gemeenteweg,buiten bebouwde kom,Tussen 2 bestuurders: Langs achteren,Geen hindernis