crash_row_id,site_id,site_name,site_gemeente,site_lat,site_long,distance_km,crash_lat,crash_long,DT_YEAR_COLLISION,DT_MONTH_COLLISION,DT_TIME,CD_NIS,TX_MUNTY_COLLISION_NL,TX_WEATHER_NL,TX_ROAD_CONDITION_NL,TX_LIGHT_CONDITION_NL,TX_CLASS_ACCIDENTS_NL,CD_ROAD_USR_TYPE1,TX_ROAD_USR_TYPE1_NL,CD_ROAD_USR_TYPE2,TX_ROAD_USR_TYPE2_NL,TX_CROSSWAY_NL,CD_ROAD_TYPE_NL,TX_BUILD_UP_AREA_NL,TX_COLLISION_TYPE_NL,TX_OBSTACLES_NL
27940,152,Opwijk,District Vilvoorde-gewestwegen,50.968901168564656,4.149169474840164,0.8354861504769668,50.97601963514139,4.145350419894789,2021,10,6,42011,Lebbeke,Normaal,Proper,Dageraad - schemering,met zwaargewonden,5,Lichte vrachtauto,3,Fiets,Op Kruispunt,Gewestweg,buiten bebouwde kom,Tss. 2 best.: langs opzij (voor-/achterkant-flank),Geen hindernis
27941,118,Gent teller 1,Gent,51.028049,3.7681359,0.0322521482723648,51.02783848489873,3.768453149350596,2021,10,17,44021,Gent,Normaal,Droog,Dag,met lichtgewonden,3,Fiets,9,personenauto,Buiten Kruispunt,Gewestweg,onbekend,Tss. 2 best.: langs opzij (voor-/achterkant-flank),Geen hindernis
27941,119,Gent teller 2,Gent,51.0281795,3.7683918,0.03816110546532408,51.02783848489873,3.768453149350596,2021,10,17,44021,Gent,Normaal,Droog,Dag,met lichtgewonden,3,Fiets,9,personenauto,Buiten Kruispunt,Gewestweg,onbekend,Tss. 2 best.: langs opzij (voor-/achterkant-flank),Geen hindernis
27952,152,Opwijk,District Vilvoorde-gewestwegen,50.968901168564656,4.149169474840164,1.4211311322377398,50.96258849842794,4.131524224028347,2021,10,17,41002,Aalst,Normaal,Droog,Dag,met zwaargewonden,9,personenauto,3,Fiets,Buiten Kruispunt,Gemeenteweg,binnen bebouwde kom,Tss. 2 best.: langs opzij (voor-/achterkant-flank),Geen hindernis
27953,11,Aalst 3,Aalst,50.93385,4.01647,2.0520220978630688,50.93512739390727,4.045682575188042,2021,10,16,41002,Aalst,Normaal,Droog,Dag,met lichtgewonden,3,Fiets,9,personenauto,Buiten Kruispunt,Gewestweg,binnen bebouwde kom,Tussen 2 bestuurders: Flank tegen flank,Geen hindernis
27953,10,Aalst 2,Aalst,50.93549,4.01571,2.1007079407949916,50.93512739390727,4.045682575188042,2021,10,16,41002,Aalst,Normaal,Droog,Dag,met lichtgewonden,3,Fiets,9,personenauto,Buiten Kruispunt,Gewestweg,binnen bebouwde kom,Tussen 2 bestuurders: Flank tegen flank,Geen hindernis
27953,19,Aalst 1,Aalst,50.93433,4.01471,2.172233131464471,50.93512739390727,4.045682575188042,2021,10,16,41002,Aalst,Normaal,Droog,Dag,met lichtgewonden,3,Fiets,9,personenauto,Buiten Kruispunt,Gewestweg,binnen bebouwde kom,Tussen 2 bestuurders: Flank tegen flank,Geen hindernis
27954,11,Aalst 3,Aalst,50.93385,4.01647,0.9230030102284047,50.93486115156603,4.029543331507493,2021,10,11,41002,Aalst,Normaal,Droog,Dag,met lichtgewonden,9,personenauto,3,Fiets,Buiten Kruispunt,Gewestweg,binnen bebouwde kom,Tss. 2 best.: langs opzij (voor-/achterkant-flank),Geen hindernis
27954,10,Aalst 2,Aalst,50.93549,4.01571,0.9718888546325646,50.93486115156603,4.029543331507493,2021,10,11,41002,Aalst,Normaal,Droog,Dag,met lichtgewonden,9,personenauto,3,Fiets,Buiten Kruispunt,Gewestweg,binnen bebouwde kom,Tss. 2 best.: langs opzij (voor-/achterkant-flank),Geen hindernis
27954,19,Aalst 1,Aalst,50.93433,4.01471,1.0411346287398384,50.93486115156603,4.029543331507493,2021,10,11,41002,Aalst,Normaal,Droog,Dag,met lichtgewonden,9,personenauto,3,Fiets,Buiten Kruispunt,Gewestweg,binnen bebouwde kom,Tss. 2 best.: langs opzij (voor-/achterkant-flank),Geen hindernis
27955,10,Aalst 2,Aalst,50.93549,4.01571,1.2018611473159657,50.94055841569574,4.0308594170846055,2021,10,12,41002,Aalst,Regenval,"Nat, plassen",Dag,met lichtgewonden,9,personenauto,3,Fiets,Op Kruispunt,Gemeenteweg,binnen bebouwde kom,Tss. 2 best.: langs opzij (voor-/achterkant-flank),Geen hindernis
27955,11,Aalst 3,Aalst,50.93385,4.01647,1.2542270920670076,50.94055841569574,4.0308594170846055,2021,10,12,41002,Aalst,Regenval,"Nat, plassen",Dag,met lichtgewonden,9,personenauto,3,Fiets,Op Kruispunt,Gemeenteweg,binnen bebouwde kom,Tss. 2 best.: langs opzij (voor-/achterkant-flank),Geen hindernis
27955,19,Aalst 1,Aalst,50.93433,4.01471,1.326726122524125,50.94055841569574,4.0308594170846055,2021,10,12,41002,Aalst,Regenval,"Nat, plassen",Dag,met lichtgewonden,9,personenauto,3,Fiets,Op Kruispunt,Gemeenteweg,binnen bebouwde kom,Tss. 2 best.: langs opzij (voor-/achterkant-flank),Geen hindernis
27956,10,Aalst 2,Aalst,50.93549,4.01571,1.784497784771975,50.940975533748734,4.039643292926688,2021,10,12,41002,Aalst,Normaal,Droog,Dag,met lichtgewonden,3,Fiets,9,personenauto,Buiten Kruispunt,Gemeenteweg,binnen bebouwde kom,Tussen 2 bestuurders: Flank tegen flank,Geen hindernis
27956,11,Aalst 3,Aalst,50.93385,4.01647,1.8067839296574837,50.940975533748734,4.039643292926688,2021,10,12,41002,Aalst,Normaal,Droog,Dag,met lichtgewonden,3,Fiets,9,personenauto,Buiten Kruispunt,Gemeenteweg,binnen bebouwde kom,Tussen 2 bestuurders: Flank tegen flank,Geen hindernis
27956,19,Aalst 1,Aalst,50.93433,4.01471,1.8969521244583603,50.940975533748734,4.039643292926688,2021,10,12,41002,Aalst,Normaal,Droog,Dag,met lichtgewonden,3,Fiets,9,personenauto,Buiten Kruispunt,Gemeenteweg,binnen bebouwde kom,Tussen 2 bestuurders: Flank tegen flank,Geen hindernis
27957,11,Aalst 3,Aalst,50.93385,4.01647,1.2722203238346803,50.93371491017647,4.03462332534136,2021,10,17,41002,Aalst,Normaal,Droog,Dag,met lichtgewonden,9,personenauto,3,Fiets,Buiten Kruispunt,Gemeenteweg,binnen bebouwde kom,Tussen 2 bestuurders: Frontale botsing,Geen hindernis
27957,10,Aalst 2,Aalst,50.93549,4.01571,1.3399837694738612,50.93371491017647,4.03462332534136,2021,10,17,41002,Aalst,Normaal,Droog,Dag,met lichtgewonden,9,personenauto,3,Fiets,Buiten Kruispunt,Gemeenteweg,binnen bebouwde kom,Tussen 2 bestuurders: Frontale botsing,Geen hindernis
27957,19,Aalst 1,Aalst,50.93433,4.01471,1.397135155562396,50.93371491017647,4.03462332534136,2021,10,17,41002,Aalst,Normaal,Droog,Dag,met lichtgewonden,9,personenauto,3,Fiets,Buiten Kruispunt,Gemeenteweg,binnen bebouwde kom,Tussen 2 bestuurders: Frontale botsing,Geen hindernis
27958,11,Aalst 3,Aalst,50.93385,4.01647,2.1031416116388404,50.93471970536618,4.04645042149161,2021,10,9,41002,Aalst,Normaal,Droog+Proper,Dag,met lichtgewonden,3,Fiets,4,Vrachtwagen,Op Kruispunt,Gewestweg,binnen bebouwde kom,Tussen 2 bestuurders: Flank tegen flank,Geen hindernis
27958,10,Aalst 2,Aalst,50.93549,4.01571,2.1558392430381135,50.93471970536618,4.04645042149161,2021,10,9,41002,Aalst,Normaal,Droog+Proper,Dag,met lichtgewonden,3,Fiets,4,Vrachtwagen,Op Kruispunt,Gewestweg,binnen bebouwde kom,Tussen 2 bestuurders: Flank tegen flank,Geen hindernis
27958,19,Aalst 1,Aalst,50.93433,4.01471,2.2246619296981276,50.93471970536618,4.04645042149161,2021,10,9,41002,Aalst,Normaal,Droog+Proper,Dag,met lichtgewonden,3,Fiets,4,Vrachtwagen,Op Kruispunt,Gewestweg,binnen bebouwde kom,Tussen 2 bestuurders: Flank tegen flank,Geen hindernis
27962,19,Aalst 1,Aalst,50.93433,4.01471,2.1000813984015188,50.92844209184485,3.9862368071784267,2021,10,12,41082,Erpe-Mere,Normaal,Droog,Dag,met lichtgewonden,9,personenauto,3,Fiets,Op Kruispunt,Gemeenteweg,binnen bebouwde kom,Tussen 2 bestuurders: Flank tegen flank,Geen hindernis
27962,11,Aalst 3,Aalst,50.93385,4.01647,2.202453279029847,50.92844209184485,3.9862368071784267,2021,10,12,41082,Erpe-Mere,Normaal,Droog,Dag,met lichtgewonden,9,personenauto,3,Fiets,Op Kruispunt,Gemeenteweg,binnen bebouwde kom,Tussen 2 bestuurders: Flank tegen flank,Geen hindernis
27962,10,Aalst 2,Aalst,50.93549,4.01571,2.2091538689287575,50.92844209184485,3.9862368071784267,2021,10,12,41082,Erpe-Mere,Normaal,Droog,Dag,met lichtgewonden,9,personenauto,3,Fiets,Op Kruispunt,Gemeenteweg,binnen bebouwde kom,Tussen 2 bestuurders: Flank tegen flank,Geen hindernis
27963,10,Aalst 2,Aalst,50.93549,4.01571,1.6073566016517686,50.94227396316079,3.995453603681973,2021,10,9,41082,Erpe-Mere,Normaal,Droog,Dag,met lichtgewonden,9,personenauto,3,Fiets,Buiten Kruispunt,Gewestweg,buiten bebouwde kom,Tss. 2 best.: langs opzij (voor-/achterkant-flank),Geen hindernis
27963,19,Aalst 1,Aalst,50.93433,4.01471,1.6127246518847764,50.94227396316079,3.995453603681973,2021,10,9,41082,Erpe-Mere,Normaal,Droog,Dag,met lichtgewonden,9,personenauto,3,Fiets,Buiten Kruispunt,Gewestweg,buiten bebouwde kom,Tss. 2 best.: langs opzij (voor-/achterkant-flank),Geen hindernis
27963,11,Aalst 3,Aalst,50.93385,4.01647,1.7452950154364113,50.94227396316079,3.995453603681973,2021,10,9,41082,Erpe-Mere,Normaal,Droog,Dag,met lichtgewonden,9,personenauto,3,Fiets,Buiten Kruispunt,Gewestweg,buiten bebouwde kom,Tss. 2 best.: langs opzij (voor-/achterkant-flank),Geen hindernis
27969,122,Dendermonde teller 2,Dendermonde,51.0373918,4.1019222,2.100935730581097,51.030671497435755,4.073841760071579,2021,10,12,42006,Dendermonde,Normaal,Droog,Dag,met lichtgewonden,3,Fiets,3,Fiets,Buiten Kruispunt,Gewestweg,binnen bebouwde kom,Tussen 2 bestuurders: Langs achteren,Geen hindernis
27969,125,Dendermonde totem,Dendermonde,51.0372706,4.1025998,2.140630677572885,51.030671497435755,4.073841760071579,2021,10,12,42006,Dendermonde,Normaal,Droog,Dag,met lichtgewonden,3,Fiets,3,Fiets,Buiten Kruispunt,Gewestweg,binnen bebouwde kom,Tussen 2 bestuurders: Langs achteren,Geen hindernis
27972,125,Dendermonde totem,Dendermonde,51.0372706,4.1025998,0.7399423701412002,51.03062323264719,4.102111310573379,2021,10,16,42006,Dendermonde,Regenval,"Nat, plassen",Dag,met lichtgewonden,3,Fiets,3,Fiets,Buiten Kruispunt,Gemeenteweg,binnen bebouwde kom,Tussen 2 bestuurders: Frontale botsing,Geen hindernis
27972,122,Dendermonde teller 2,Dendermonde,51.0373918,4.1019222,0.752746511970386,51.03062323264719,4.102111310573379,2021,10,16,42006,Dendermonde,Regenval,"Nat, plassen",Dag,met lichtgewonden,3,Fiets,3,Fiets,Buiten Kruispunt,Gemeenteweg,binnen bebouwde kom,Tussen 2 bestuurders: Frontale botsing,Geen hindernis
27973,125,Dendermonde totem,Dendermonde,51.0372706,4.1025998,0.15443236130893778,51.0359175186216,4.103097778888928,2021,10,15,42006,Dendermonde,Normaal,Droog,Dag,met zwaargewonden,9,personenauto,3,Fiets,Buiten Kruispunt,Gemeenteweg,binnen bebouwde kom,Tss. 2 best.: langs opzij (voor-/achterkant-flank),Geen hindernis
27973,122,Dendermonde teller 2,Dendermonde,51.0373918,4.1019222,0.18338630140001108,51.0359175186216,4.103097778888928,2021,10,15,42006,Dendermonde,Normaal,Droog,Dag,met zwaargewonden,9,personenauto,3,Fiets,Buiten Kruispunt,Gemeenteweg,binnen bebouwde kom,Tss. 2 best.: langs opzij (voor-/achterkant-flank),Geen hindernis
27975,20,Brugge,Brugge,51.17416,3.20048,1.0381944058668375,51.171709896939895,3.214849862534165,2021,10,17,31005,Brugge,Normaal,Droog,Dag,met lichtgewonden,3,Fiets,9,personenauto,Buiten Kruispunt,Gemeenteweg,binnen bebouwde kom,Tss. 2 best.: langs opzij (voor-/achterkant-flank),Geen hindernis
27976,20,Brugge,Brugge,51.17416,3.20048,1.6391020208514475,51.18809161824374,3.192796060803859,2021,10,9,31005,Brugge,Normaal,Droog,Dag,met lichtgewonden,9,personenauto,3,Fiets,Op Kruispunt,Gewestweg,binnen bebouwde kom,Tussen 2 bestuurders: Flank tegen flank,Geen hindernis
27976,51,"Brugge, Sint-Andries",Brugge,51.19281,3.16252,2.174180108031499,51.18809161824374,3.192796060803859,2021,10,9,31005,Brugge,Normaal,Droog,Dag,met lichtgewonden,9,personenauto,3,Fiets,Op Kruispunt,Gewestweg,binnen bebouwde kom,Tussen 2 bestuurders: Flank tegen flank,Geen hindernis
27976,50,"Brugge, Sint-Andries",Brugge,51.19291,3.16252,2.1768879238025223,51.18809161824374,3.192796060803859,2021,10,9,31005,Brugge,Normaal,Droog,Dag,met lichtgewonden,9,personenauto,3,Fiets,Op Kruispunt,Gewestweg,binnen bebouwde kom,Tussen 2 bestuurders: Flank tegen flank,Geen hindernis
27977,54,Brugge teller 2,Brugge,51.23015,3.22818,0.7105937804259784,51.22379256949472,3.2271428323362685,2021,10,17,31005,Brugge,Normaal,Droog,Dag,met lichtgewonden,9,personenauto,3,Fiets,Op Kruispunt,Gewestweg,binnen bebouwde kom,Tss. 2 best.: langs opzij (voor-/achterkant-flank),Geen hindernis
27977,53,Brugge teller 1,Brugge,51.23023,3.228,0.7182938755890873,51.22379256949472,3.2271428323362685,2021,10,17,31005,Brugge,Normaal,Droog,Dag,met lichtgewonden,9,personenauto,3,Fiets,Op Kruispunt,Gewestweg,binnen bebouwde kom,Tss. 2 best.: langs opzij (voor-/achterkant-flank),Geen hindernis
27977,52,Brugge,Brugge,51.22632,3.24095,1.0017242578523318,51.22379256949472,3.2271428323362685,2021,10,17,31005,Brugge,Normaal,Droog,Dag,met lichtgewonden,9,personenauto,3,Fiets,Op Kruispunt,Gewestweg,binnen bebouwde kom,Tss. 2 best.: langs opzij (voor-/achterkant-flank),Geen hindernis
27977,142,TEST Validatie BRUGGE Y2H22022134,Brugge,51.22632,3.24095,1.0017242578523318,51.22379256949472,3.2271428323362685,2021,10,17,31005,Brugge,Normaal,Droog,Dag,met lichtgewonden,9,personenauto,3,Fiets,Op Kruispunt,Gewestweg,binnen bebouwde kom,Tss. 2 best.: langs opzij (voor-/achterkant-flank),Geen hindernis
27978,142,TEST Validatie BRUGGE Y2H22022134,Brugge,51.22632,3.24095,2.4934522619158312,51.20704863973962,3.2226455436926282,2021,10,12,31005,Brugge,Normaal,Droog,Dag,met lichtgewonden,2,Andere weggebruiker,3,Fiets,Op Kruispunt,Gewestweg,binnen bebouwde kom,Tussen 2 bestuurders: Frontale botsing,Geen hindernis
27978,52,Brugge,Brugge,51.22632,3.24095,2.4934522619158312,51.20704863973962,3.2226455436926282,2021,10,12,31005,Brugge,Normaal,Droog,Dag,met lichtgewonden,2,Andere weggebruiker,3,Fiets,Op Kruispunt,Gewestweg,binnen bebouwde kom,Tussen 2 bestuurders: Frontale botsing,Geen hindernis
27979,53,Brugge teller 1,Brugge,51.23023,3.228,1.641557233142059,51.22346326444529,3.2070483322532737,2021,10,11,31005,Brugge,Normaal,Droog,Dag,met lichtgewonden,3,Fiets,9,personenauto,Buiten Kruispunt,Gewestweg,binnen bebouwde kom,Tussen 2 bestuurders: Flank tegen flank,Geen hindernis
27979,54,Brugge teller 2,Brugge,51.23015,3.22818,1.6486774810737612,51.22346326444529,3.2070483322532737,2021,10,11,31005,Brugge,Normaal,Droog,Dag,met lichtgewonden,3,Fiets,9,personenauto,Buiten Kruispunt,Gewestweg,binnen bebouwde kom,Tussen 2 bestuurders: Flank tegen flank,Geen hindernis
27979,52,Brugge,Brugge,51.22632,3.24095,2.3821024073613075,51.22346326444529,3.2070483322532737,2021,10,11,31005,Brugge,Normaal,Droog,Dag,met lichtgewonden,3,Fiets,9,personenauto,Buiten Kruispunt,Gewestweg,binnen bebouwde kom,Tussen 2 bestuurders: Flank tegen flank,Geen hindernis
27979,142,TEST Validatie BRUGGE Y2H22022134,Brugge,51.22632,3.24095,2.3821024073613075,51.22346326444529,3.2070483322532737,2021,10,11,31005,Brugge,Normaal,Droog,Dag,met lichtgewonden,3,Fiets,9,personenauto,Buiten Kruispunt,Gewestweg,binnen bebouwde kom,Tussen 2 bestuurders: Flank tegen flank,Geen hindernis
27980,142,TEST Validatie BRUGGE Y2H22022134,Brugge,51.22632,3.24095,2.234728279850416,51.20795097528991,3.2279324949858688,2021,10,17,31005,Brugge,Onbekend,Droog,Dag,met lichtgewonden,3,Fiets,3,Fiets,Buiten Kruispunt,Gemeenteweg,binnen bebouwde kom,Tussen 2 bestuurders: Flank tegen flank,Geen hindernis
27980,52,Brugge,Brugge,51.22632,3.24095,2.234728279850416,51.20795097528991,3.2279324949858688,2021,10,17,31005,Brugge,Onbekend,Droog,Dag,met lichtgewonden,3,Fiets,3,Fiets,Buiten Kruispunt,Gemeenteweg,binnen bebouwde kom,Tussen 2 bestuurders: Flank tegen flank,Geen hindernis
27980,54,Brugge teller 2,Brugge,51.23015,3.22818,2.468479112301609,51.20795097528991,3.2279324949858688,2021,10,17,31005,Brugge,Onbekend,Droog,Dag,met lichtgewonden,3,Fiets,3,Fiets,Buiten Kruispunt,Gemeenteweg,binnen bebouwde kom,Tussen 2 bestuurders: Flank tegen flank,Geen hindernis
27980,53,Brugge teller 1,Brugge,51.23023,3.228,2.477318979599289,51.20795097528991,3.2279324949858688,2021,10,17,31005,Brugge,Onbekend,Droog,Dag,met lichtgewonden,3,Fiets,3,Fiets,Buiten Kruispunt,Gemeenteweg,binnen bebouwde kom,Tussen 2 bestuurders: Flank tegen flank,Geen hindernis
27981,20,Brugge,Brugge,51.17416,3.20048,1.6842150144673536,51.1879737141233,3.1905691423137363,2021,10,7,31005,Brugge,Normaal,Droog,Dageraad - schemering,met lichtgewonden,9,personenauto,3,Fiets,Op Kruispunt,Gemeenteweg,binnen bebouwde kom,Tss. 2 best.: langs opzij (voor-/achterkant-flank),Geen hindernis
27981,51,"Brugge, Sint-Andries",Brugge,51.19281,3.16252,2.0273605030470034,51.1879737141233,3.1905691423137363,2021,10,7,31005,Brugge,Normaal,Droog,Dageraad - schemering,met lichtgewonden,9,personenauto,3,Fiets,Op Kruispunt,Gemeenteweg,binnen bebouwde kom,Tss. 2 best.: langs opzij (voor-/achterkant-flank),Geen hindernis
27981,50,"Brugge, Sint-Andries",Brugge,51.19291,3.16252,2.0303362848403985,51.1879737141233,3.1905691423137363,2021,10,7,31005,Brugge,Normaal,Droog,Dageraad - schemering,met lichtgewonden,9,personenauto,3,Fiets,Op Kruispunt,Gemeenteweg,binnen bebouwde kom,Tss. 2 best.: langs opzij (voor-/achterkant-flank),Geen hindernis
27983,53,Brugge teller 1,Brugge,51.23023,3.228,1.7768768518458196,51.219337649915715,3.20933001767745,2021,10,9,31005,Brugge,Normaal,Droog,Dag,met lichtgewonden,9,personenauto,3,Fiets,Op Kruispunt,Gewestweg,binnen bebouwde kom,Tss. 2 best.: langs opzij (voor-/achterkant-flank),Geen hindernis
27983,54,Brugge teller 2,Brugge,51.23015,3.22818,1.7800494828424682,51.219337649915715,3.20933001767745,2021,10,9,31005,Brugge,Normaal,Droog,Dag,met lichtgewonden,9,personenauto,3,Fiets,Op Kruispunt,Gewestweg,binnen bebouwde kom,Tss. 2 best.: langs opzij (voor-/achterkant-flank),Geen hindernis
27983,52,Brugge,Brugge,51.22632,3.24095,2.334900487442403,51.219337649915715,3.20933001767745,2021,10,9,31005,Brugge,Normaal,Droog,Dag,met lichtgewonden,9,personenauto,3,Fiets,Op Kruispunt,Gewestweg,binnen bebouwde kom,Tss. 2 best.: langs opzij (voor-/achterkant-flank),Geen hindernis
27983,142,TEST Validatie BRUGGE Y2H22022134,Brugge,51.22632,3.24095,2.334900487442403,51.219337649915715,3.20933001767745,2021,10,9,31005,Brugge,Normaal,Droog,Dag,met lichtgewonden,9,personenauto,3,Fiets,Op Kruispunt,Gewestweg,binnen bebouwde kom,Tss. 2 best.: langs opzij (voor-/achterkant-flank),Geen hindernis
27985,53,Brugge teller 1,Brugge,51.23023,3.228,1.8243197370717368,51.22221269322147,3.205142900515871,2021,10,20,31005,Brugge,Normaal,Droog,"Nacht, openbare verlichting aanwezig en ontstoken",met lichtgewonden,3,Fiets,9,personenauto,Buiten Kruispunt,Gewestweg,binnen bebouwde kom,Tss. 2 best.: langs opzij (voor-/achterkant-flank),Geen hindernis
27985,54,Brugge teller 2,Brugge,51.23015,3.22818,1.830962526434318,51.22221269322147,3.205142900515871,2021,10,20,31005,Brugge,Normaal,Droog,"Nacht, openbare verlichting aanwezig en ontstoken",met lichtgewonden,3,Fiets,9,personenauto,Buiten Kruispunt,Gewestweg,binnen bebouwde kom,Tss. 2 best.: langs opzij (voor-/achterkant-flank),Geen hindernis
27986,54,Brugge teller 2,Brugge,51.23015,3.22818,1.994630257522827,51.21333999857999,3.2181832404953035,2021,10,19,31005,Brugge,Normaal,Droog,Dag,met lichtgewonden,9,personenauto,3,Fiets,Op Kruispunt,Gewestweg,binnen bebouwde kom,Tss. 2 best.: langs opzij (voor-/achterkant-flank),Geen hindernis
27986,53,Brugge teller 1,Brugge,51.23023,3.228,1.998646010131787,51.21333999857999,3.2181832404953035,2021,10,19,31005,Brugge,Normaal,Droog,Dag,met lichtgewonden,9,personenauto,3,Fiets,Op Kruispunt,Gewestweg,binnen bebouwde kom,Tss. 2 best.: langs opzij (voor-/achterkant-flank),Geen hindernis
27986,52,Brugge,Brugge,51.22632,3.24095,2.1441211296498683,51.21333999857999,3.2181832404953035,2021,10,19,31005,Brugge,Normaal,Droog,Dag,met lichtgewonden,9,personenauto,3,Fiets,Op Kruispunt,Gewestweg,binnen bebouwde kom,Tss. 2 best.: langs opzij (voor-/achterkant-flank),Geen hindernis
27986,142,TEST Validatie BRUGGE Y2H22022134,Brugge,51.22632,3.24095,2.1441211296498683,51.21333999857999,3.2181832404953035,2021,10,19,31005,Brugge,Normaal,Droog,Dag,met lichtgewonden,9,personenauto,3,Fiets,Op Kruispunt,Gewestweg,binnen bebouwde kom,Tss. 2 best.: langs opzij (voor-/achterkant-flank),Geen hindernis
27987,54,Brugge teller 2,Brugge,51.23015,3.22818,1.1572932602890391,51.22054228113385,3.2217901130144786,2021,10,7,31005,Brugge,Regenval,"Nat, plassen",Dageraad - schemering,met lichtgewonden,9,personenauto,3,Fiets,Op Kruispunt,Gemeenteweg,binnen bebouwde kom,Tss. 2 best.: langs opzij (voor-/achterkant-flank),Geen hindernis
27987,53,Brugge teller 1,Brugge,51.23023,3.228,1.1607822208130583,51.22054228113385,3.2217901130144786,2021,10,7,31005,Brugge,Regenval,"Nat, plassen",Dageraad - schemering,met lichtgewonden,9,personenauto,3,Fiets,Op Kruispunt,Gemeenteweg,binnen bebouwde kom,Tss. 2 best.: langs opzij (voor-/achterkant-flank),Geen hindernis
27987,52,Brugge,Brugge,51.22632,3.24095,1.48090291615827,51.22054228113385,3.2217901130144786,2021,10,7,31005,Brugge,Regenval,"Nat, plassen",Dageraad - schemering,met lichtgewonden,9,personenauto,3,Fiets,Op Kruispunt,Gemeenteweg,binnen bebouwde kom,Tss. 2 best.: langs opzij (voor-/achterkant-flank),Geen hindernis
27987,142,TEST Validatie BRUGGE Y2H22022134,Brugge,51.22632,3.24095,1.48090291615827,51.22054228113385,3.2217901130144786,2021,10,7,31005,Brugge,Regenval,"Nat, plassen",Dageraad - schemering,met lichtgewonden,9,personenauto,3,Fiets,Op Kruispunt,Gemeenteweg,binnen bebouwde kom,Tss. 2 best.: langs opzij (voor-/achterkant-flank),Geen hindernis
27988,54,Brugge teller 2,Brugge,51.23015,3.22818,0.6990705035185301,51.22389282960433,3.227204970762137,2021,10,11,31005,Brugge,Regenval,"Nat, plassen",Dag,met lichtgewonden,3,Fiets,5,Lichte vrachtauto,Op Kruispunt,Gewestweg,binnen bebouwde kom,Tss. 2 best.: langs opzij (voor-/achterkant-flank),Geen hindernis
27988,53,Brugge teller 1,Brugge,51.23023,3.228,0.7068325619067122,51.22389282960433,3.227204970762137,2021,10,11,31005,Brugge,Regenval,"Nat, plassen",Dag,met lichtgewonden,3,Fiets,5,Lichte vrachtauto,Op Kruispunt,Gewestweg,binnen bebouwde kom,Tss. 2 best.: langs opzij (voor-/achterkant-flank),Geen hindernis
27988,52,Brugge,Brugge,51.22632,3.24095,0.9944874099754132,51.22389282960433,3.227204970762137,2021,10,11,31005,Brugge,Regenval,"Nat, plassen",Dag,met lichtgewonden,3,Fiets,5,Lichte vrachtauto,Op Kruispunt,Gewestweg,binnen bebouwde kom,Tss. 2 best.: langs opzij (voor-/achterkant-flank),Geen hindernis
27988,142,TEST Validatie BRUGGE Y2H22022134,Brugge,51.22632,3.24095,0.9944874099754132,51.22389282960433,3.227204970762137,2021,10,11,31005,Brugge,Regenval,"Nat, plassen",Dag,met lichtgewonden,3,Fiets,5,Lichte vrachtauto,Op Kruispunt,Gewestweg,binnen bebouwde kom,Tss. 2 best.: langs opzij (voor-/achterkant-flank),Geen hindernis
27989,142,TEST Validatie BRUGGE Y2H22022134,Brugge,51.22632,3.24095,1.83933016864877,51.2137706743173,3.258155939635342,2021,10,16,31005,Brugge,Regenval,"Nat, plassen",Dag,met lichtgewonden,3,Fiets,9,personenauto,Buiten Kruispunt,Gemeenteweg,binnen bebouwde kom,Tss. 2 best.: langs opzij (voor-/achterkant-flank),Geen hindernis
27989,52,Brugge,Brugge,51.22632,3.24095,1.83933016864877,51.2137706743173,3.258155939635342,2021,10,16,31005,Brugge,Regenval,"Nat, plassen",Dag,met lichtgewonden,3,Fiets,9,personenauto,Buiten Kruispunt,Gemeenteweg,binnen bebouwde kom,Tss. 2 best.: langs opzij (voor-/achterkant-flank),Geen hindernis
27993,142,TEST Validatie BRUGGE Y2H22022134,Brugge,51.22632,3.24095,2.256190761061406,51.20759869216857,3.2284592015278317,2021,10,20,31005,Brugge,Regenval,"Nat, plassen","Nacht, geen openbare verlichting aanwezig",met lichtgewonden,6,Bromfiets,3,Fiets,Op Kruispunt,Gemeenteweg,binnen bebouwde kom,Tussen 2 bestuurders: Flank tegen flank,Geen hindernis
27993,52,Brugge,Brugge,51.22632,3.24095,2.256190761061406,51.20759869216857,3.2284592015278317,2021,10,20,31005,Brugge,Regenval,"Nat, plassen","Nacht, geen openbare verlichting aanwezig",met lichtgewonden,6,Bromfiets,3,Fiets,Op Kruispunt,Gemeenteweg,binnen bebouwde kom,Tussen 2 bestuurders: Flank tegen flank,Geen hindernis
27994,142,TEST Validatie BRUGGE Y2H22022134,Brugge,51.22632,3.24095,2.1529837100451834,51.208267712034875,3.229773155340122,2021,10,19,31005,Brugge,Normaal,Proper,"Nacht, openbare verlichting aanwezig en ontstoken",met lichtgewonden,3,Fiets,9,personenauto,Op Kruispunt,Gemeenteweg,binnen bebouwde kom,Tussen 2 bestuurders: Frontale botsing,Geen hindernis
27994,52,Brugge,Brugge,51.22632,3.24095,2.1529837100451834,51.208267712034875,3.229773155340122,2021,10,19,31005,Brugge,Normaal,Proper,"Nacht, openbare verlichting aanwezig en ontstoken",met lichtgewonden,3,Fiets,9,personenauto,Op Kruispunt,Gemeenteweg,binnen bebouwde kom,Tussen 2 bestuurders: Frontale botsing,Geen hindernis
27994,54,Brugge teller 2,Brugge,51.23015,3.22818,2.4357279846608946,51.208267712034875,3.229773155340122,2021,10,19,31005,Brugge,Normaal,Proper,"Nacht, openbare verlichting aanwezig en ontstoken",met lichtgewonden,3,Fiets,9,personenauto,Op Kruispunt,Gemeenteweg,binnen bebouwde kom,Tussen 2 bestuurders: Frontale botsing,Geen hindernis