crash_row_id,site_id,site_name,site_gemeente,site_lat,site_long,distance_km,crash_lat,crash_long,DT_YEAR_COLLISION,DT_MONTH_COLLISION,DT_TIME,CD_NIS,TX_MUNTY_COLLISION_NL,TX_WEATHER_NL,TX_ROAD_CONDITION_NL,TX_LIGHT_CONDITION_NL,TX_CLASS_ACCIDENTS_NL,CD_ROAD_USR_TYPE1,TX_ROAD_USR_TYPE1_NL,CD_ROAD_USR_TYPE2,TX_ROAD_USR_TYPE2_NL,TX_CROSSWAY_NL,CD_ROAD_TYPE_NL,TX_BUILD_UP_AREA_NL,TX_COLLISION_TYPE_NL,TX_OBSTACLES_NL
27994,53,Brugge teller 1,Brugge,51.23023,3.228,2.4452154444395187,51.208267712034875,3.229773155340122,2021,10,19,31005,Brugge,Normaal,Proper,"Nacht, openbare verlichting aanwezig en ontstoken",met lichtgewonden,3,Fiets,9,personenauto,Op Kruispunt,Gemeenteweg,binnen bebouwde kom,Tussen 2 bestuurders: Frontale botsing,Geen hindernis
27995,20,Brugge,Brugge,51.17416,3.20048,2.315851321996646,51.17652593317223,3.2334850068835284,2021,10,0,31022,Oostkamp,Normaal,Droog,"Nacht, openb. verlicht. aanw., maar niet ontstoken",met zwaargewonden,8,Voetganger,3,Fiets,Buiten Kruispunt,Gewestweg,buiten bebouwde kom,Met een voetganger,Geen hindernis
28008,20,Brugge,Brugge,51.17416,3.20048,1.6877532398951438,51.15898180495702,3.200378099588292,2021,10,15,31040,Zedelgem,Normaal,Droog,Dag,met lichtgewonden,9,personenauto,3,Fiets,Op Kruispunt,Gewestweg,binnen bebouwde kom,Tussen 2 bestuurders: Langs achteren,Geen hindernis
28015,15,Oostende 2,Oostende,51.21371,2.92743,0.8835298751017252,51.2123872477535,2.9149227017876984,2021,10,16,35013,Oostende,Normaal,Droog,Dag,met lichtgewonden,9,personenauto,3,Fiets,Buiten Kruispunt,Gemeenteweg,binnen bebouwde kom,Tss. 2 best.: langs opzij (voor-/achterkant-flank),Geen hindernis
28015,18,Oostende 1,Oostende,51.21378,2.92765,0.8999499223365623,51.2123872477535,2.9149227017876984,2021,10,16,35013,Oostende,Normaal,Droog,Dag,met lichtgewonden,9,personenauto,3,Fiets,Buiten Kruispunt,Gemeenteweg,binnen bebouwde kom,Tss. 2 best.: langs opzij (voor-/achterkant-flank),Geen hindernis
28016,15,Oostende 2,Oostende,51.21371,2.92743,0.40554681476223897,51.216695784566966,2.9240862700008963,2021,10,8,35013,Oostende,Normaal,Droog,Dag,met lichtgewonden,9,personenauto,3,Fiets,Op Kruispunt,Gemeenteweg,binnen bebouwde kom,Tss. 2 best.: langs opzij (voor-/achterkant-flank),Geen hindernis
28016,18,Oostende 1,Oostende,51.21378,2.92765,0.4083291945193701,51.216695784566966,2.9240862700008963,2021,10,8,35013,Oostende,Normaal,Droog,Dag,met lichtgewonden,9,personenauto,3,Fiets,Op Kruispunt,Gemeenteweg,binnen bebouwde kom,Tss. 2 best.: langs opzij (voor-/achterkant-flank),Geen hindernis
28017,15,Oostende 2,Oostende,51.21371,2.92743,1.6307717727715638,51.21582582835394,2.9042620739070157,2021,10,10,35013,Oostende,Normaal,Droog,Dag,met lichtgewonden,3,Fiets,9,personenauto,Buiten Kruispunt,Gemeenteweg,binnen bebouwde kom,Tss. 2 best.: langs opzij (voor-/achterkant-flank),Geen hindernis
28017,18,Oostende 1,Oostende,51.21378,2.92765,1.6448407953417892,51.21582582835394,2.9042620739070157,2021,10,10,35013,Oostende,Normaal,Droog,Dag,met lichtgewonden,3,Fiets,9,personenauto,Buiten Kruispunt,Gemeenteweg,binnen bebouwde kom,Tss. 2 best.: langs opzij (voor-/achterkant-flank),Geen hindernis
28018,15,Oostende 2,Oostende,51.21371,2.92743,1.5592206293124211,51.214099541796834,2.905053454267954,2021,10,10,35013,Oostende,Normaal,Droog,Dag,met zwaargewonden,9,personenauto,3,Fiets,Op Kruispunt,Gewestweg,binnen bebouwde kom,Tussen 2 bestuurders: Flank tegen flank,Geen hindernis
28018,18,Oostende 1,Oostende,51.21378,2.92765,1.5743425868678504,51.214099541796834,2.905053454267954,2021,10,10,35013,Oostende,Normaal,Droog,Dag,met zwaargewonden,9,personenauto,3,Fiets,Op Kruispunt,Gewestweg,binnen bebouwde kom,Tussen 2 bestuurders: Flank tegen flank,Geen hindernis
28019,15,Oostende 2,Oostende,51.21371,2.92743,0.1274446814351888,51.21270643261555,2.928313761910922,2021,10,18,35013,Oostende,Normaal,Droog,Dageraad - schemering,met lichtgewonden,9,personenauto,3,Fiets,Op Kruispunt,Gemeenteweg,binnen bebouwde kom,Tussen 2 bestuurders: Langs achteren,Geen hindernis
28019,18,Oostende 1,Oostende,51.21378,2.92765,0.12801590318318876,51.21270643261555,2.928313761910922,2021,10,18,35013,Oostende,Normaal,Droog,Dageraad - schemering,met lichtgewonden,9,personenauto,3,Fiets,Op Kruispunt,Gemeenteweg,binnen bebouwde kom,Tussen 2 bestuurders: Langs achteren,Geen hindernis
28021,18,Oostende 1,Oostende,51.21378,2.92765,2.125247982021638,51.221240795205105,2.955742990356252,2021,10,15,35002,Bredene,Normaal,Droog,Dag,met lichtgewonden,9,personenauto,3,Fiets,Op Kruispunt,Gewestweg,binnen bebouwde kom,Tussen 2 bestuurders: Flank tegen flank,Geen hindernis
28021,15,Oostende 2,Oostende,51.21371,2.92743,2.142395147678775,51.221240795205105,2.955742990356252,2021,10,15,35002,Bredene,Normaal,Droog,Dag,met lichtgewonden,9,personenauto,3,Fiets,Op Kruispunt,Gewestweg,binnen bebouwde kom,Tussen 2 bestuurders: Flank tegen flank,Geen hindernis
28022,56,Torhout teller 2,Torhout,51.07147,3.08244,1.0506572621704175,51.06485548922952,3.0931775577687537,2021,10,17,31033,Torhout,Normaal,Droog,Dag,met lichtgewonden,9,personenauto,3,Fiets,Op Kruispunt,Gewestweg,buiten bebouwde kom,Tss. 2 best.: langs opzij (voor-/achterkant-flank),Geen hindernis
28022,55,Torhout teller 1,Torhout,51.07161,3.08261,1.053250842214667,51.06485548922952,3.0931775577687537,2021,10,17,31033,Torhout,Normaal,Droog,Dag,met lichtgewonden,9,personenauto,3,Fiets,Op Kruispunt,Gewestweg,buiten bebouwde kom,Tss. 2 best.: langs opzij (voor-/achterkant-flank),Geen hindernis
28025,55,Torhout teller 1,Torhout,51.07161,3.08261,1.9873574701339314,51.06126149394745,3.1057983507419924,2021,10,9,31033,Torhout,Normaal,Droog,Dag,met lichtgewonden,9,personenauto,3,Fiets,Op Kruispunt,Gemeenteweg,binnen bebouwde kom,Tss. 2 best.: langs opzij (voor-/achterkant-flank),Geen hindernis
28025,56,Torhout teller 2,Torhout,51.07147,3.08244,1.9881274498647927,51.06126149394745,3.1057983507419924,2021,10,9,31033,Torhout,Normaal,Droog,Dag,met lichtgewonden,9,personenauto,3,Fiets,Op Kruispunt,Gemeenteweg,binnen bebouwde kom,Tss. 2 best.: langs opzij (voor-/achterkant-flank),Geen hindernis
28026,50,"Brugge, Sint-Andries",Brugge,51.19291,3.16252,1.3874670650066818,51.196672979211776,3.143535892196268,2021,10,11,31012,Jabbeke,Normaal,"Nat, plassen",Dag,met lichtgewonden,3,Fiets,11,een weggebruiker tegen een hindernis,Buiten Kruispunt,Gemeenteweg,binnen bebouwde kom,Weggebruiker tegen hindernis buiten rijbaan,Andere hindernis
28026,51,"Brugge, Sint-Andries",Brugge,51.19281,3.16252,1.3908621883821222,51.196672979211776,3.143535892196268,2021,10,11,31012,Jabbeke,Normaal,"Nat, plassen",Dag,met lichtgewonden,3,Fiets,11,een weggebruiker tegen een hindernis,Buiten Kruispunt,Gemeenteweg,binnen bebouwde kom,Weggebruiker tegen hindernis buiten rijbaan,Andere hindernis
28028,55,Torhout teller 1,Torhout,51.07161,3.08261,0.9213520995930178,51.07988492999281,3.081931032812952,2021,10,17,31033,Torhout,Normaal,Droog,Dag,met lichtgewonden,9,personenauto,3,Fiets,Op Kruispunt,Gemeenteweg,buiten bebouwde kom,Tussen 2 bestuurders: Frontale botsing,Geen hindernis
28028,56,Torhout teller 2,Torhout,51.07147,3.08244,0.9363729096245731,51.07988492999281,3.081931032812952,2021,10,17,31033,Torhout,Normaal,Droog,Dag,met lichtgewonden,9,personenauto,3,Fiets,Op Kruispunt,Gemeenteweg,buiten bebouwde kom,Tussen 2 bestuurders: Frontale botsing,Geen hindernis
28035,84,Roeselare totem,Izegem,50.91717,3.18772,0.7602179042714853,50.91429344547288,3.197557541368196,2021,10,9,36008,Izegem,Normaal,Droog,Dag,met lichtgewonden,9,personenauto,3,Fiets,Buiten Kruispunt,Gewestweg,buiten bebouwde kom,Tss. 2 best.: langs opzij (voor-/achterkant-flank),Geen hindernis
28042,84,Roeselare totem,Izegem,50.91717,3.18772,1.6742540268780106,50.90260465469081,3.1937719264936257,2021,10,7,36008,Izegem,Normaal,Droog,Dag,met lichtgewonden,3,Fiets,9,personenauto,Op Kruispunt,Gemeenteweg,binnen bebouwde kom,Tussen 2 bestuurders: Langs achteren,Geen hindernis
28044,143,Eco Display Classic Budastraat,Kortrijk,50.83066,3.26286,0.4694246550117739,50.834259077605594,3.259366358164499,2021,10,16,34022,Kortrijk,Normaal,Droog,Dag,met lichtgewonden,3,Fiets,5,Lichte vrachtauto,Buiten Kruispunt,Gewestweg,onbekend,Tss. 2 best.: langs opzij (voor-/achterkant-flank),Geen hindernis
28044,17,Kortrijk 2,Kortrijk,50.83339,3.27773,1.2932495425954063,50.834259077605594,3.259366358164499,2021,10,16,34022,Kortrijk,Normaal,Droog,Dag,met lichtgewonden,3,Fiets,5,Lichte vrachtauto,Buiten Kruispunt,Gewestweg,onbekend,Tss. 2 best.: langs opzij (voor-/achterkant-flank),Geen hindernis
28044,16,Kortrijk 1,Kortrijk,50.83332,3.27777,1.2966553766431588,50.834259077605594,3.259366358164499,2021,10,16,34022,Kortrijk,Normaal,Droog,Dag,met lichtgewonden,3,Fiets,5,Lichte vrachtauto,Buiten Kruispunt,Gewestweg,onbekend,Tss. 2 best.: langs opzij (voor-/achterkant-flank),Geen hindernis
28044,75,Kortrijk teller 2,Kortrijk,50.81925,3.25731,1.6751715574502426,50.834259077605594,3.259366358164499,2021,10,16,34022,Kortrijk,Normaal,Droog,Dag,met lichtgewonden,3,Fiets,5,Lichte vrachtauto,Buiten Kruispunt,Gewestweg,onbekend,Tss. 2 best.: langs opzij (voor-/achterkant-flank),Geen hindernis
28044,74,Kortrijk teller 1,Kortrijk,50.81909,3.25728,1.6930782883049353,50.834259077605594,3.259366358164499,2021,10,16,34022,Kortrijk,Normaal,Droog,Dag,met lichtgewonden,3,Fiets,5,Lichte vrachtauto,Buiten Kruispunt,Gewestweg,onbekend,Tss. 2 best.: langs opzij (voor-/achterkant-flank),Geen hindernis
28052,61,Wervik teller 2,Wervik,50.80555,3.0921,1.338203872720294,50.800267460977075,3.109210120584047,2021,10,17,34027,Menen,Normaal,Droog,Dag,met lichtgewonden,3,Fiets,9,personenauto,Buiten Kruispunt,Gemeenteweg,binnen bebouwde kom,Tss. 2 best.: langs opzij (voor-/achterkant-flank),Geen hindernis
28052,62,Wervik teller 1,Wervik,50.8058,3.09154,1.3857840353848843,50.800267460977075,3.109210120584047,2021,10,17,34027,Menen,Normaal,Droog,Dag,met lichtgewonden,3,Fiets,9,personenauto,Buiten Kruispunt,Gemeenteweg,binnen bebouwde kom,Tss. 2 best.: langs opzij (voor-/achterkant-flank),Geen hindernis
28053,75,Kortrijk teller 2,Kortrijk,50.81925,3.25731,0.6519630538520521,50.82364101914061,3.263460374749474,2021,10,13,34022,Kortrijk,Regenval,"Nat, plassen",Dag,met lichtgewonden,9,personenauto,3,Fiets,Op Kruispunt,Gewestweg,binnen bebouwde kom,Tss. 2 best.: langs opzij (voor-/achterkant-flank),Geen hindernis
28053,74,Kortrijk teller 1,Kortrijk,50.81909,3.25728,0.6667621809650728,50.82364101914061,3.263460374749474,2021,10,13,34022,Kortrijk,Regenval,"Nat, plassen",Dag,met lichtgewonden,9,personenauto,3,Fiets,Op Kruispunt,Gewestweg,binnen bebouwde kom,Tss. 2 best.: langs opzij (voor-/achterkant-flank),Geen hindernis
28053,143,Eco Display Classic Budastraat,Kortrijk,50.83066,3.26286,0.7816134192657073,50.82364101914061,3.263460374749474,2021,10,13,34022,Kortrijk,Regenval,"Nat, plassen",Dag,met lichtgewonden,9,personenauto,3,Fiets,Op Kruispunt,Gewestweg,binnen bebouwde kom,Tss. 2 best.: langs opzij (voor-/achterkant-flank),Geen hindernis
28053,16,Kortrijk 1,Kortrijk,50.83332,3.27777,1.4725616102791443,50.82364101914061,3.263460374749474,2021,10,13,34022,Kortrijk,Regenval,"Nat, plassen",Dag,met lichtgewonden,9,personenauto,3,Fiets,Op Kruispunt,Gewestweg,binnen bebouwde kom,Tss. 2 best.: langs opzij (voor-/achterkant-flank),Geen hindernis
28053,17,Kortrijk 2,Kortrijk,50.83339,3.27773,1.4763508463430939,50.82364101914061,3.263460374749474,2021,10,13,34022,Kortrijk,Regenval,"Nat, plassen",Dag,met lichtgewonden,9,personenauto,3,Fiets,Op Kruispunt,Gewestweg,binnen bebouwde kom,Tss. 2 best.: langs opzij (voor-/achterkant-flank),Geen hindernis
28054,143,Eco Display Classic Budastraat,Kortrijk,50.83066,3.26286,1.30726422027645,50.83628036551638,3.2465103803690467,2021,10,4,34022,Kortrijk,Onbekend,Onbekend,Onbekend,met lichtgewonden,3,Fiets,9,personenauto,Buiten Kruispunt,Gemeenteweg,buiten bebouwde kom,Tussen 2 bestuurders: Flank tegen flank,Geen hindernis
28054,75,Kortrijk teller 2,Kortrijk,50.81925,3.25731,2.039958262694293,50.83628036551638,3.2465103803690467,2021,10,4,34022,Kortrijk,Onbekend,Onbekend,Onbekend,met lichtgewonden,3,Fiets,9,personenauto,Buiten Kruispunt,Gemeenteweg,buiten bebouwde kom,Tussen 2 bestuurders: Flank tegen flank,Geen hindernis
28054,74,Kortrijk teller 1,Kortrijk,50.81909,3.25728,2.055708647630535,50.83628036551638,3.2465103803690467,2021,10,4,34022,Kortrijk,Onbekend,Onbekend,Onbekend,met lichtgewonden,3,Fiets,9,personenauto,Buiten Kruispunt,Gemeenteweg,buiten bebouwde kom,Tussen 2 bestuurders: Flank tegen flank,Geen hindernis
28054,17,Kortrijk 2,Kortrijk,50.83339,3.27773,2.2158622767038567,50.83628036551638,3.2465103803690467,2021,10,4,34022,Kortrijk,Onbekend,Onbekend,Onbekend,met lichtgewonden,3,Fiets,9,personenauto,Buiten Kruispunt,Gemeenteweg,buiten bebouwde kom,Tussen 2 bestuurders: Flank tegen flank,Geen hindernis
28054,16,Kortrijk 1,Kortrijk,50.83332,3.27777,2.219784184161795,50.83628036551638,3.2465103803690467,2021,10,4,34022,Kortrijk,Onbekend,Onbekend,Onbekend,met lichtgewonden,3,Fiets,9,personenauto,Buiten Kruispunt,Gemeenteweg,buiten bebouwde kom,Tussen 2 bestuurders: Flank tegen flank,Geen hindernis
28055,17,Kortrijk 2,Kortrijk,50.83339,3.27773,2.292579277895576,50.854006923086246,3.278006208976506,2021,10,15,34023,Kuurne,Normaal,Droog,Dag,met lichtgewonden,9,personenauto,3,Fiets,Op Kruispunt,Gemeenteweg,binnen bebouwde kom,Tss. 2 best.: langs opzij (voor-/achterkant-flank),Geen hindernis
28055,16,Kortrijk 1,Kortrijk,50.83332,3.27777,2.300340682301334,50.854006923086246,3.278006208976506,2021,10,15,34023,Kuurne,Normaal,Droog,Dag,met lichtgewonden,9,personenauto,3,Fiets,Op Kruispunt,Gemeenteweg,binnen bebouwde kom,Tss. 2 best.: langs opzij (voor-/achterkant-flank),Geen hindernis
28056,17,Kortrijk 2,Kortrijk,50.83339,3.27773,1.5460870730258183,50.8472514629386,3.2794569411095464,2021,10,8,34023,Kuurne,Normaal,Droog,Dag,met lichtgewonden,9,personenauto,3,Fiets,Op Kruispunt,Gemeenteweg,binnen bebouwde kom,Tss. 2 best.: langs opzij (voor-/achterkant-flank),Geen hindernis
28056,16,Kortrijk 1,Kortrijk,50.83332,3.27777,1.5536301989977346,50.8472514629386,3.2794569411095464,2021,10,8,34023,Kuurne,Normaal,Droog,Dag,met lichtgewonden,9,personenauto,3,Fiets,Op Kruispunt,Gemeenteweg,binnen bebouwde kom,Tss. 2 best.: langs opzij (voor-/achterkant-flank),Geen hindernis
28056,143,Eco Display Classic Budastraat,Kortrijk,50.83066,3.26286,2.1821650179145267,50.8472514629386,3.2794569411095464,2021,10,8,34023,Kuurne,Normaal,Droog,Dag,met lichtgewonden,9,personenauto,3,Fiets,Op Kruispunt,Gemeenteweg,binnen bebouwde kom,Tss. 2 best.: langs opzij (voor-/achterkant-flank),Geen hindernis
28057,143,Eco Display Classic Budastraat,Kortrijk,50.83066,3.26286,0.6056973972679232,50.82768311530717,3.270082173417817,2021,10,16,34022,Kortrijk,Onbekend,Droog,Dag,met lichtgewonden,3,Fiets,3,Fiets,Buiten Kruispunt,Gemeenteweg,binnen bebouwde kom,Tussen 2 bestuurders: Flank tegen flank,Geen hindernis
28057,16,Kortrijk 1,Kortrijk,50.83332,3.27777,0.827284787633593,50.82768311530717,3.270082173417817,2021,10,16,34022,Kortrijk,Onbekend,Droog,Dag,met lichtgewonden,3,Fiets,3,Fiets,Buiten Kruispunt,Gemeenteweg,binnen bebouwde kom,Tussen 2 bestuurders: Flank tegen flank,Geen hindernis
28057,17,Kortrijk 2,Kortrijk,50.83339,3.27773,0.8313795439335311,50.82768311530717,3.270082173417817,2021,10,16,34022,Kortrijk,Onbekend,Droog,Dag,met lichtgewonden,3,Fiets,3,Fiets,Buiten Kruispunt,Gemeenteweg,binnen bebouwde kom,Tussen 2 bestuurders: Flank tegen flank,Geen hindernis
28057,75,Kortrijk teller 2,Kortrijk,50.81925,3.25731,1.2977712115492837,50.82768311530717,3.270082173417817,2021,10,16,34022,Kortrijk,Onbekend,Droog,Dag,met lichtgewonden,3,Fiets,3,Fiets,Buiten Kruispunt,Gemeenteweg,binnen bebouwde kom,Tussen 2 bestuurders: Flank tegen flank,Geen hindernis
28057,74,Kortrijk teller 1,Kortrijk,50.81909,3.25728,1.3121285379121306,50.82768311530717,3.270082173417817,2021,10,16,34022,Kortrijk,Onbekend,Droog,Dag,met lichtgewonden,3,Fiets,3,Fiets,Buiten Kruispunt,Gemeenteweg,binnen bebouwde kom,Tussen 2 bestuurders: Flank tegen flank,Geen hindernis
28058,74,Kortrijk teller 1,Kortrijk,50.81909,3.25728,0.9327010512196251,50.816916283683575,3.270103068150218,2021,10,12,34022,Kortrijk,Regenval,"Nat, plassen",Dag,met lichtgewonden,9,personenauto,3,Fiets,Op Kruispunt,Gewestweg,binnen bebouwde kom,Tussen 2 bestuurders: Flank tegen flank,Geen hindernis
28058,75,Kortrijk teller 2,Kortrijk,50.81925,3.25731,0.935442583284262,50.816916283683575,3.270103068150218,2021,10,12,34022,Kortrijk,Regenval,"Nat, plassen",Dag,met lichtgewonden,9,personenauto,3,Fiets,Op Kruispunt,Gewestweg,binnen bebouwde kom,Tussen 2 bestuurders: Flank tegen flank,Geen hindernis
28058,143,Eco Display Classic Budastraat,Kortrijk,50.83066,3.26286,1.6106958107702152,50.816916283683575,3.270103068150218,2021,10,12,34022,Kortrijk,Regenval,"Nat, plassen",Dag,met lichtgewonden,9,personenauto,3,Fiets,Op Kruispunt,Gewestweg,binnen bebouwde kom,Tussen 2 bestuurders: Flank tegen flank,Geen hindernis
28058,16,Kortrijk 1,Kortrijk,50.83332,3.27777,1.9018484696805882,50.816916283683575,3.270103068150218,2021,10,12,34022,Kortrijk,Regenval,"Nat, plassen",Dag,met lichtgewonden,9,personenauto,3,Fiets,Op Kruispunt,Gewestweg,binnen bebouwde kom,Tussen 2 bestuurders: Flank tegen flank,Geen hindernis
28058,17,Kortrijk 2,Kortrijk,50.83339,3.27773,1.9085241429363535,50.816916283683575,3.270103068150218,2021,10,12,34022,Kortrijk,Regenval,"Nat, plassen",Dag,met lichtgewonden,9,personenauto,3,Fiets,Op Kruispunt,Gewestweg,binnen bebouwde kom,Tussen 2 bestuurders: Flank tegen flank,Geen hindernis
28059,16,Kortrijk 1,Kortrijk,50.83332,3.27777,0.7097489232086891,50.82733079763843,3.274275682211681,2021,10,8,34022,Kortrijk,Normaal,Droog,Dag,met lichtgewonden,8,Voetganger,3,Fiets,Buiten Kruispunt,Gemeenteweg,binnen bebouwde kom,Met een voetganger,Geen hindernis
28059,17,Kortrijk 2,Kortrijk,50.83339,3.27773,0.7161007988920888,50.82733079763843,3.274275682211681,2021,10,8,34022,Kortrijk,Normaal,Droog,Dag,met lichtgewonden,8,Voetganger,3,Fiets,Buiten Kruispunt,Gemeenteweg,binnen bebouwde kom,Met een voetganger,Geen hindernis
28059,143,Eco Display Classic Budastraat,Kortrijk,50.83066,3.26286,0.8831136957308761,50.82733079763843,3.274275682211681,2021,10,8,34022,Kortrijk,Normaal,Droog,Dag,met lichtgewonden,8,Voetganger,3,Fiets,Buiten Kruispunt,Gemeenteweg,binnen bebouwde kom,Met een voetganger,Geen hindernis
28059,75,Kortrijk teller 2,Kortrijk,50.81925,3.25731,1.4925130612057507,50.82733079763843,3.274275682211681,2021,10,8,34022,Kortrijk,Normaal,Droog,Dag,met lichtgewonden,8,Voetganger,3,Fiets,Buiten Kruispunt,Gemeenteweg,binnen bebouwde kom,Met een voetganger,Geen hindernis
28059,74,Kortrijk teller 1,Kortrijk,50.81909,3.25728,1.5049638100562097,50.82733079763843,3.274275682211681,2021,10,8,34022,Kortrijk,Normaal,Droog,Dag,met lichtgewonden,8,Voetganger,3,Fiets,Buiten Kruispunt,Gemeenteweg,binnen bebouwde kom,Met een voetganger,Geen hindernis
28062,75,Kortrijk teller 2,Kortrijk,50.81925,3.25731,2.3537924244033754,50.82182742378941,3.2240521980305874,2021,10,19,34022,Kortrijk,Regenval,"Nat, plassen","Nacht, openbare verlichting aanwezig en ontstoken",met lichtgewonden,9,personenauto,3,Fiets,Op Kruispunt,Gewestweg,buiten bebouwde kom,Tss. 2 best.: langs opzij (voor-/achterkant-flank),Geen hindernis
28062,74,Kortrijk teller 1,Kortrijk,50.81909,3.25728,2.3539390647718594,50.82182742378941,3.2240521980305874,2021,10,19,34022,Kortrijk,Regenval,"Nat, plassen","Nacht, openbare verlichting aanwezig en ontstoken",met lichtgewonden,9,personenauto,3,Fiets,Op Kruispunt,Gewestweg,buiten bebouwde kom,Tss. 2 best.: langs opzij (voor-/achterkant-flank),Geen hindernis
28063,143,Eco Display Classic Budastraat,Kortrijk,50.83066,3.26286,1.2589988925808395,50.841060309306705,3.25577316797652,2021,10,16,34022,Kortrijk,Normaal,Droog,Dag,met lichtgewonden,3,Fiets,3,Fiets,Op Kruispunt,Gemeenteweg,binnen bebouwde kom,Tussen 2 bestuurders: Flank tegen flank,Geen hindernis
28063,17,Kortrijk 2,Kortrijk,50.83339,3.27773,1.7620379504953516,50.841060309306705,3.25577316797652,2021,10,16,34022,Kortrijk,Normaal,Droog,Dag,met lichtgewonden,3,Fiets,3,Fiets,Op Kruispunt,Gemeenteweg,binnen bebouwde kom,Tussen 2 bestuurders: Flank tegen flank,Geen hindernis
28063,16,Kortrijk 1,Kortrijk,50.83332,3.27777,1.768272884921549,50.841060309306705,3.25577316797652,2021,10,16,34022,Kortrijk,Normaal,Droog,Dag,met lichtgewonden,3,Fiets,3,Fiets,Op Kruispunt,Gemeenteweg,binnen bebouwde kom,Tussen 2 bestuurders: Flank tegen flank,Geen hindernis
28063,75,Kortrijk teller 2,Kortrijk,50.81925,3.25731,2.4275964807238872,50.841060309306705,3.25577316797652,2021,10,16,34022,Kortrijk,Normaal,Droog,Dag,met lichtgewonden,3,Fiets,3,Fiets,Op Kruispunt,Gemeenteweg,binnen bebouwde kom,Tussen 2 bestuurders: Flank tegen flank,Geen hindernis
28063,74,Kortrijk teller 1,Kortrijk,50.81909,3.25728,2.445278115642771,50.841060309306705,3.25577316797652,2021,10,16,34022,Kortrijk,Normaal,Droog,Dag,met lichtgewonden,3,Fiets,3,Fiets,Op Kruispunt,Gemeenteweg,binnen bebouwde kom,Tussen 2 bestuurders: Flank tegen flank,Geen hindernis
28065,16,Kortrijk 1,Kortrijk,50.83332,3.27777,1.644732657216486,50.819267266225445,3.285077537367819,2021,10,8,34022,Kortrijk,Normaal,"Nat, plassen",Dag,met lichtgewonden,3,Fiets,9,personenauto,Op Kruispunt,Gemeenteweg,binnen bebouwde kom,Tss. 2 best.: langs opzij (voor-/achterkant-flank),Geen hindernis
28065,17,Kortrijk 2,Kortrijk,50.83339,3.27773,1.6530042549596162,50.819267266225445,3.285077537367819,2021,10,8,34022,Kortrijk,Normaal,"Nat, plassen",Dag,met lichtgewonden,3,Fiets,9,personenauto,Op Kruispunt,Gemeenteweg,binnen bebouwde kom,Tss. 2 best.: langs opzij (voor-/achterkant-flank),Geen hindernis
28065,75,Kortrijk teller 2,Kortrijk,50.81925,3.25731,1.9506561050443634,50.819267266225445,3.285077537367819,2021,10,8,34022,Kortrijk,Normaal,"Nat, plassen",Dag,met lichtgewonden,3,Fiets,9,personenauto,Op Kruispunt,Gemeenteweg,binnen bebouwde kom,Tss. 2 best.: langs opzij (voor-/achterkant-flank),Geen hindernis
28065,74,Kortrijk teller 1,Kortrijk,50.81909,3.25728,1.9528654689236402,50.819267266225445,3.285077537367819,2021,10,8,34022,Kortrijk,Normaal,"Nat, plassen",Dag,met lichtgewonden,3,Fiets,9,personenauto,Op Kruispunt,Gemeenteweg,binnen bebouwde kom,Tss. 2 best.: langs opzij (voor-/achterkant-flank),Geen hindernis
28065,143,Eco Display Classic Budastraat,Kortrijk,50.83066,3.26286,2.0100317433018113,50.819267266225445,3.285077537367819,2021,10,8,34022,Kortrijk,Normaal,"Nat, plassen",Dag,met lichtgewonden,3,Fiets,9,personenauto,Op Kruispunt,Gemeenteweg,binnen bebouwde kom,Tss. 2 best.: langs opzij (voor-/achterkant-flank),Geen hindernis
28080,17,Kortrijk 2,Kortrijk,50.83339,3.27773,2.142065183123765,50.84697183703832,3.299363957428332,2021,10,15,34013,Harelbeke,Onbekend,Onbekend,Dag,met lichtgewonden,9,personenauto,3,Fiets,Op Kruispunt,Gemeenteweg,binnen bebouwde kom,Tss. 2 best.: langs opzij (voor-/achterkant-flank),Geen hindernis
28080,16,Kortrijk 1,Kortrijk,50.83332,3.27777,2.145574972982995,50.84697183703832,3.299363957428332,2021,10,15,34013,Harelbeke,Onbekend,Onbekend,Dag,met lichtgewonden,9,personenauto,3,Fiets,Op Kruispunt,Gemeenteweg,binnen bebouwde kom,Tss. 2 best.: langs opzij (voor-/achterkant-flank),Geen hindernis
28090,67,Ieper totem,Ieper,50.85018,2.85624,1.5926917966561456,50.84816586187791,2.8787010559544894,2021,10,16,33011,Ieper,Normaal,Droog,Dag,met lichtgewonden,9,personenauto,3,Fiets,Buiten Kruispunt,Gewestweg,binnen bebouwde kom,Tss. 2 best.: langs opzij (voor-/achterkant-flank),Geen hindernis
28090,68,Ieper,Ieper,50.85032,2.85608,1.606059168312318,50.84816586187791,2.8787010559544894,2021,10,16,33011,Ieper,Normaal,Droog,Dag,met lichtgewonden,9,personenauto,3,Fiets,Buiten Kruispunt,Gewestweg,binnen bebouwde kom,Tss. 2 best.: langs opzij (voor-/achterkant-flank),Geen hindernis
28092,67,Ieper totem,Ieper,50.85018,2.85624,2.386792960932222,50.85693680170869,2.8885124469504655,2021,10,19,33011,Ieper,Onbekend,Onbekend,Onbekend,met lichtgewonden,3,Fiets,10,"één bestuurder, geen hindernis",Buiten Kruispunt,Gemeenteweg,binnen bebouwde kom,"Eén bestuurder, geen hindernis (incl. val)",Geen hindernis