crash_row_id,site_id,site_name,site_gemeente,site_lat,site_long,distance_km,crash_lat,crash_long,DT_YEAR_COLLISION,DT_MONTH_COLLISION,DT_TIME,CD_NIS,TX_MUNTY_COLLISION_NL,TX_WEATHER_NL,TX_ROAD_CONDITION_NL,TX_LIGHT_CONDITION_NL,TX_CLASS_ACCIDENTS_NL,CD_ROAD_USR_TYPE1,TX_ROAD_USR_TYPE1_NL,CD_ROAD_USR_TYPE2,TX_ROAD_USR_TYPE2_NL,TX_CROSSWAY_NL,CD_ROAD_TYPE_NL,TX_BUILD_UP_AREA_NL,TX_COLLISION_TYPE_NL,TX_OBSTACLES_NL
28092,68,Ieper,Ieper,50.85032,2.85608,2.392620145125975,50.85693680170869,2.8885124469504655,2021,10,19,33011,Ieper,Onbekend,Onbekend,Onbekend,met lichtgewonden,3,Fiets,10,"één bestuurder, geen hindernis",Buiten Kruispunt,Gemeenteweg,binnen bebouwde kom,"Eén bestuurder, geen hindernis (incl. val)",Geen hindernis
28099,67,Ieper totem,Ieper,50.85018,2.85624,2.377678263873349,50.85184168625137,2.8900068154700973,2021,10,9,33011,Ieper,Normaal,Droog,Dag,met lichtgewonden,3,Fiets,10,"één bestuurder, geen hindernis",Buiten Kruispunt,Gewestweg,binnen bebouwde kom,"Eén bestuurder, geen hindernis (incl. val)",Geen hindernis
28099,68,Ieper,Ieper,50.85032,2.85608,2.387719533780008,50.85184168625137,2.8900068154700973,2021,10,9,33011,Ieper,Normaal,Droog,Dag,met lichtgewonden,3,Fiets,10,"één bestuurder, geen hindernis",Buiten Kruispunt,Gewestweg,binnen bebouwde kom,"Eén bestuurder, geen hindernis (incl. val)",Geen hindernis
28101,42,Maasmechelen teller 2,Maasmechelen,50.97043,5.6981,2.0768829094204246,50.98526367933629,5.71612684823071,2021,10,8,73107,Maasmechelen,Normaal,Droog,Dag,met lichtgewonden,9,personenauto,3,Fiets,Buiten Kruispunt,Gemeenteweg,binnen bebouwde kom,Tss. 2 best.: langs opzij (voor-/achterkant-flank),Geen hindernis
28101,41,Maasmechelen teller 1,Maasmechelen,50.97025,5.69799,2.0974686160061733,50.98526367933629,5.71612684823071,2021,10,8,73107,Maasmechelen,Normaal,Droog,Dag,met lichtgewonden,9,personenauto,3,Fiets,Buiten Kruispunt,Gemeenteweg,binnen bebouwde kom,Tss. 2 best.: langs opzij (voor-/achterkant-flank),Geen hindernis
28102,42,Maasmechelen teller 2,Maasmechelen,50.97043,5.6981,1.7830751128991524,50.98341901141147,5.71303484820867,2021,10,19,73107,Maasmechelen,Normaal,Droog,"Nacht, openbare verlichting aanwezig en ontstoken",met lichtgewonden,3,Fiets,6,Bromfiets,Buiten Kruispunt,Gewestweg,buiten bebouwde kom,Tussen 2 bestuurders: Frontale botsing,Geen hindernis
28102,41,Maasmechelen teller 1,Maasmechelen,50.97025,5.69799,1.8038133052632739,50.98341901141147,5.71303484820867,2021,10,19,73107,Maasmechelen,Normaal,Droog,"Nacht, openbare verlichting aanwezig en ontstoken",met lichtgewonden,3,Fiets,6,Bromfiets,Buiten Kruispunt,Gewestweg,buiten bebouwde kom,Tussen 2 bestuurders: Frontale botsing,Geen hindernis
28103,35,Lanaken teller 1,Lanaken,50.88112,5.6314,1.495993711350697,50.88813827121521,5.649593794270272,2021,10,8,73042,Lanaken,Normaal,Droog,Dag,met lichtgewonden,3,Fiets,6,Bromfiets,Buiten Kruispunt,Gewestweg,binnen bebouwde kom,Tss. 2 best.: langs opzij (voor-/achterkant-flank),Geen hindernis
28103,36,Lanaken teller 2,Lanaken,50.88131,5.63012,1.5629245455302947,50.88813827121521,5.649593794270272,2021,10,8,73042,Lanaken,Normaal,Droog,Dag,met lichtgewonden,3,Fiets,6,Bromfiets,Buiten Kruispunt,Gewestweg,binnen bebouwde kom,Tss. 2 best.: langs opzij (voor-/achterkant-flank),Geen hindernis
28104,41,Maasmechelen teller 1,Maasmechelen,50.97025,5.69799,1.0122497908060102,50.96139297190168,5.701329992491277,2021,10,15,73107,Maasmechelen,Normaal,Droog,Dag,met zwaargewonden,9,personenauto,3,Fiets,Buiten Kruispunt,Gewestweg,binnen bebouwde kom,Tss. 2 best.: langs opzij (voor-/achterkant-flank),Geen hindernis
28104,42,Maasmechelen teller 2,Maasmechelen,50.97043,5.6981,1.0300145101957212,50.96139297190168,5.701329992491277,2021,10,15,73107,Maasmechelen,Normaal,Droog,Dag,met zwaargewonden,9,personenauto,3,Fiets,Buiten Kruispunt,Gewestweg,binnen bebouwde kom,Tss. 2 best.: langs opzij (voor-/achterkant-flank),Geen hindernis
28105,18,Oostende 1,Oostende,51.21378,2.92765,1.3399390797878503,51.225372416138036,2.9329034880003086,2021,10,16,35013,Oostende,Normaal,Droog,Dag,met lichtgewonden,3,Fiets,6,Bromfiets,Op Kruispunt,Gewestweg,binnen bebouwde kom,Tussen 2 bestuurders: Flank tegen flank,Geen hindernis
28105,15,Oostende 2,Oostende,51.21371,2.92743,1.351669681621974,51.225372416138036,2.9329034880003086,2021,10,16,35013,Oostende,Normaal,Droog,Dag,met lichtgewonden,3,Fiets,6,Bromfiets,Op Kruispunt,Gewestweg,binnen bebouwde kom,Tussen 2 bestuurders: Flank tegen flank,Geen hindernis
28106,136,Gent R4,Gent,51.0876313,3.7587918,0.9909261016682848,51.08132355480681,3.7487704156354966,2021,10,7,44021,Gent,Regenval,"Nat, plassen",Dag,met lichtgewonden,8,Voetganger,3,Fiets,Buiten Kruispunt,Gemeenteweg,binnen bebouwde kom,Met een voetganger,Geen hindernis
28110,124,Beveren teller 2,Beveren,51.1964712,4.2361077,1.2387395516792825,51.19651362467849,4.21833040063796,2021,10,16,46003,Beveren,Regenval,"Nat, plassen",Dag,met lichtgewonden,3,Fiets,9,personenauto,Buiten Kruispunt,Gemeenteweg,buiten bebouwde kom,Tss. 2 best.: langs opzij (voor-/achterkant-flank),Geen hindernis
28114,124,Beveren teller 2,Beveren,51.1964712,4.2361077,1.6952850984950525,51.181847108442014,4.242984866266979,2021,10,13,46003,Beveren,Normaal,Droog,Dag,met lichtgewonden,9,personenauto,3,Fiets,Op Kruispunt,Gemeenteweg,binnen bebouwde kom,Tss. 2 best.: langs opzij (voor-/achterkant-flank),Geen hindernis
28116,109,Zemst,Zemst,50.9903936,4.4707023,0.6386534918863332,50.99566617742004,4.474321184241444,2021,10,12,12025,Mechelen,Normaal,Droog,Dag,met lichtgewonden,3,Fiets,9,personenauto,Op Kruispunt,Gewestweg,buiten bebouwde kom,Tss. 2 best.: langs opzij (voor-/achterkant-flank),Geen hindernis
28120,99,Mechelen teller 1,Mechelen,51.04564,4.46882,2.0418111147707214,51.04027936060049,4.440886964850994,2021,10,12,12025,Mechelen,Normaal,Droog,Dag,met lichtgewonden,9,personenauto,3,Fiets,Op Kruispunt,Gewestweg,buiten bebouwde kom,Tss. 2 best.: langs opzij (voor-/achterkant-flank),Geen hindernis
28120,100,Mechelen teller 2,Mechelen,51.0457,4.46883,2.0444356070623466,51.04027936060049,4.440886964850994,2021,10,12,12025,Mechelen,Normaal,Droog,Dag,met lichtgewonden,9,personenauto,3,Fiets,Op Kruispunt,Gewestweg,buiten bebouwde kom,Tss. 2 best.: langs opzij (voor-/achterkant-flank),Geen hindernis
28124,99,Mechelen teller 1,Mechelen,51.04564,4.46882,2.202052051877531,51.02893637395224,4.485737671174927,2021,10,13,12025,Mechelen,Regenval,"Nat, plassen",Dag,met lichtgewonden,3,Fiets,9,personenauto,Op Kruispunt,Gewestweg,binnen bebouwde kom,Tss. 2 best.: langs opzij (voor-/achterkant-flank),Geen hindernis
28124,100,Mechelen teller 2,Mechelen,51.0457,4.46883,2.2073073414046362,51.02893637395224,4.485737671174927,2021,10,13,12025,Mechelen,Regenval,"Nat, plassen",Dag,met lichtgewonden,3,Fiets,9,personenauto,Op Kruispunt,Gewestweg,binnen bebouwde kom,Tss. 2 best.: langs opzij (voor-/achterkant-flank),Geen hindernis
28125,109,Zemst,Zemst,50.9903936,4.4707023,2.044134613905127,51.00860818767299,4.474651254629513,2021,10,19,12025,Mechelen,Normaal,Droog,"Nacht, openbare verlichting aanwezig en ontstoken",met lichtgewonden,9,personenauto,3,Fiets,Op Kruispunt,Gewestweg,buiten bebouwde kom,Tss. 2 best.: langs opzij (voor-/achterkant-flank),Geen hindernis
28126,99,Mechelen teller 1,Mechelen,51.04564,4.46882,1.9197904003817094,51.03062785415921,4.482381532245481,2021,10,14,12025,Mechelen,Regenval,"Nat, plassen",Dag,met lichtgewonden,9,personenauto,3,Fiets,Op Kruispunt,Gewestweg,binnen bebouwde kom,Tss. 2 best.: langs opzij (voor-/achterkant-flank),Geen hindernis
28126,100,Mechelen teller 2,Mechelen,51.0457,4.46883,1.9252498066967885,51.03062785415921,4.482381532245481,2021,10,14,12025,Mechelen,Regenval,"Nat, plassen",Dag,met lichtgewonden,9,personenauto,3,Fiets,Op Kruispunt,Gewestweg,binnen bebouwde kom,Tss. 2 best.: langs opzij (voor-/achterkant-flank),Geen hindernis
28129,109,Zemst,Zemst,50.9903936,4.4707023,2.275983762303819,51.010834080228506,4.469003643960556,2021,10,16,12025,Mechelen,Normaal,Droog,Dag,met lichtgewonden,9,personenauto,3,Fiets,Op Kruispunt,Gemeenteweg,binnen bebouwde kom,Tss. 2 best.: langs opzij (voor-/achterkant-flank),Geen hindernis
28132,140,Hasselt ring,Hasselt,50.9300038,5.3438616,0.3409884456903692,50.927761158533635,5.340543213065741,2021,10,11,71022,Hasselt,Normaal,Droog,Dag,met lichtgewonden,3,Fiets,9,personenauto,Op Kruispunt,Gewestweg,binnen bebouwde kom,Tss. 2 best.: langs opzij (voor-/achterkant-flank),Geen hindernis
28132,138,Hasselt-Kempische brug,Hasselt,50.9405318,5.3422472,1.4250422294732963,50.927761158533635,5.340543213065741,2021,10,11,71022,Hasselt,Normaal,Droog,Dag,met lichtgewonden,3,Fiets,9,personenauto,Op Kruispunt,Gewestweg,binnen bebouwde kom,Tss. 2 best.: langs opzij (voor-/achterkant-flank),Geen hindernis
28132,137,Hasselt-Kempische brug,Hasselt,50.9411605,5.3417576,1.4923670841506935,50.927761158533635,5.340543213065741,2021,10,11,71022,Hasselt,Normaal,Droog,Dag,met lichtgewonden,3,Fiets,9,personenauto,Op Kruispunt,Gewestweg,binnen bebouwde kom,Tss. 2 best.: langs opzij (voor-/achterkant-flank),Geen hindernis
28133,138,Hasselt-Kempische brug,Hasselt,50.9405318,5.3422472,1.5451319470447957,50.93460993138127,5.322299014105683,2021,10,11,71022,Hasselt,Normaal,Droog,Dag,met zwaargewonden,3,Fiets,10,"één bestuurder, geen hindernis",Buiten Kruispunt,Gewestweg,binnen bebouwde kom,"Eén bestuurder, geen hindernis (incl. val)",Geen hindernis
28133,137,Hasselt-Kempische brug,Hasselt,50.9411605,5.3417576,1.545842854683615,50.93460993138127,5.322299014105683,2021,10,11,71022,Hasselt,Normaal,Droog,Dag,met zwaargewonden,3,Fiets,10,"één bestuurder, geen hindernis",Buiten Kruispunt,Gewestweg,binnen bebouwde kom,"Eén bestuurder, geen hindernis (incl. val)",Geen hindernis
28133,140,Hasselt ring,Hasselt,50.9300038,5.3438616,1.595531682026622,50.93460993138127,5.322299014105683,2021,10,11,71022,Hasselt,Normaal,Droog,Dag,met zwaargewonden,3,Fiets,10,"één bestuurder, geen hindernis",Buiten Kruispunt,Gewestweg,binnen bebouwde kom,"Eén bestuurder, geen hindernis (incl. val)",Geen hindernis
28134,30,Herk De Stad,Herk-de-Stad,50.94374,5.17691,0.6143016403621704,50.93886645802038,5.172780966405079,2021,10,11,71024,Herk-de-Stad,Normaal,Droog,Dag,met lichtgewonden,9,personenauto,3,Fiets,Op Kruispunt,Gewestweg,buiten bebouwde kom,Tss. 2 best.: langs opzij (voor-/achterkant-flank),Geen hindernis
28134,31,Herk De Stad,Herk-de-Stad,50.94366,5.1775,0.6272418725235305,50.93886645802038,5.172780966405079,2021,10,11,71024,Herk-de-Stad,Normaal,Droog,Dag,met lichtgewonden,9,personenauto,3,Fiets,Op Kruispunt,Gewestweg,buiten bebouwde kom,Tss. 2 best.: langs opzij (voor-/achterkant-flank),Geen hindernis
28135,138,Hasselt-Kempische brug,Hasselt,50.9405318,5.3422472,1.1780739880975153,50.93874818374348,5.358820468440816,2021,10,16,71022,Hasselt,Normaal,Droog,Dag,met lichtgewonden,3,Fiets,9,personenauto,Op Kruispunt,Gemeenteweg,buiten bebouwde kom,Tss. 2 best.: langs opzij (voor-/achterkant-flank),Geen hindernis
28135,137,Hasselt-Kempische brug,Hasselt,50.9411605,5.3417576,1.2252786058250147,50.93874818374348,5.358820468440816,2021,10,16,71022,Hasselt,Normaal,Droog,Dag,met lichtgewonden,3,Fiets,9,personenauto,Op Kruispunt,Gemeenteweg,buiten bebouwde kom,Tss. 2 best.: langs opzij (voor-/achterkant-flank),Geen hindernis
28135,140,Hasselt ring,Hasselt,50.9300038,5.3438616,1.4297821701855034,50.93874818374348,5.358820468440816,2021,10,16,71022,Hasselt,Normaal,Droog,Dag,met lichtgewonden,3,Fiets,9,personenauto,Op Kruispunt,Gemeenteweg,buiten bebouwde kom,Tss. 2 best.: langs opzij (voor-/achterkant-flank),Geen hindernis
28136,140,Hasselt ring,Hasselt,50.9300038,5.3438616,1.1764630952724562,50.92269479350477,5.331725271417247,2021,10,9,71022,Hasselt,Onbekend,Droog,Dag,met lichtgewonden,3,Fiets,9,personenauto,Op Kruispunt,Gewestweg,binnen bebouwde kom,Tss. 2 best.: langs opzij (voor-/achterkant-flank),Geen hindernis
28136,138,Hasselt-Kempische brug,Hasselt,50.9405318,5.3422472,2.1160208210375595,50.92269479350477,5.331725271417247,2021,10,9,71022,Hasselt,Onbekend,Droog,Dag,met lichtgewonden,3,Fiets,9,personenauto,Op Kruispunt,Gewestweg,binnen bebouwde kom,Tss. 2 best.: langs opzij (voor-/achterkant-flank),Geen hindernis
28136,137,Hasselt-Kempische brug,Hasselt,50.9411605,5.3417576,2.170325039140068,50.92269479350477,5.331725271417247,2021,10,9,71022,Hasselt,Onbekend,Droog,Dag,met lichtgewonden,3,Fiets,9,personenauto,Op Kruispunt,Gewestweg,binnen bebouwde kom,Tss. 2 best.: langs opzij (voor-/achterkant-flank),Geen hindernis
28137,140,Hasselt ring,Hasselt,50.9300038,5.3438616,0.774416076142473,50.92869031412777,5.333010028066385,2021,10,17,71022,Hasselt,Normaal,Droog,Dag,met lichtgewonden,3,Fiets,3,Fiets,Buiten Kruispunt,Gewestweg,binnen bebouwde kom,Tussen 2 bestuurders: Frontale botsing,Geen hindernis
28137,138,Hasselt-Kempische brug,Hasselt,50.9405318,5.3422472,1.4672197496886996,50.92869031412777,5.333010028066385,2021,10,17,71022,Hasselt,Normaal,Droog,Dag,met lichtgewonden,3,Fiets,3,Fiets,Buiten Kruispunt,Gewestweg,binnen bebouwde kom,Tussen 2 bestuurders: Frontale botsing,Geen hindernis
28137,137,Hasselt-Kempische brug,Hasselt,50.9411605,5.3417576,1.5160720557010634,50.92869031412777,5.333010028066385,2021,10,17,71022,Hasselt,Normaal,Droog,Dag,met lichtgewonden,3,Fiets,3,Fiets,Buiten Kruispunt,Gewestweg,binnen bebouwde kom,Tussen 2 bestuurders: Frontale botsing,Geen hindernis
28140,140,Hasselt ring,Hasselt,50.9300038,5.3438616,0.7027597658930401,50.93282913113726,5.334891530770219,2021,10,10,71022,Hasselt,Normaal,Droog,Dag,met lichtgewonden,8,Voetganger,3,Fiets,Buiten Kruispunt,Gewestweg,binnen bebouwde kom,Met een voetganger,Geen hindernis
28140,138,Hasselt-Kempische brug,Hasselt,50.9405318,5.3422472,0.9996289220106267,50.93282913113726,5.334891530770219,2021,10,10,71022,Hasselt,Normaal,Droog,Dag,met lichtgewonden,8,Voetganger,3,Fiets,Buiten Kruispunt,Gewestweg,binnen bebouwde kom,Met een voetganger,Geen hindernis
28140,137,Hasselt-Kempische brug,Hasselt,50.9411605,5.3417576,1.0438894144326594,50.93282913113726,5.334891530770219,2021,10,10,71022,Hasselt,Normaal,Droog,Dag,met lichtgewonden,8,Voetganger,3,Fiets,Buiten Kruispunt,Gewestweg,binnen bebouwde kom,Met een voetganger,Geen hindernis
28141,31,Herk De Stad,Herk-de-Stad,50.94366,5.1775,1.0891462526754931,50.951015064205336,5.187767162424385,2021,10,16,71024,Herk-de-Stad,Normaal,Droog,Dag,met lichtgewonden,4,Vrachtwagen,3,Fiets,Buiten Kruispunt,Gemeenteweg,buiten bebouwde kom,Tussen 2 bestuurders: Langs achteren,Geen hindernis
28141,30,Herk De Stad,Herk-de-Stad,50.94374,5.17691,1.110376748760683,50.951015064205336,5.187767162424385,2021,10,16,71024,Herk-de-Stad,Normaal,Droog,Dag,met lichtgewonden,4,Vrachtwagen,3,Fiets,Buiten Kruispunt,Gemeenteweg,buiten bebouwde kom,Tussen 2 bestuurders: Langs achteren,Geen hindernis
28142,137,Hasselt-Kempische brug,Hasselt,50.9411605,5.3417576,1.6261415168966733,50.93525144970782,5.320529154707782,2021,10,12,71022,Hasselt,Normaal,Droog,Dag,met lichtgewonden,3,Fiets,3,Fiets,Buiten Kruispunt,Gewestweg,buiten bebouwde kom,Tussen 2 bestuurders: Frontale botsing,Geen hindernis
28142,138,Hasselt-Kempische brug,Hasselt,50.9405318,5.3422472,1.6311422532852826,50.93525144970782,5.320529154707782,2021,10,12,71022,Hasselt,Normaal,Droog,Dag,met lichtgewonden,3,Fiets,3,Fiets,Buiten Kruispunt,Gewestweg,buiten bebouwde kom,Tussen 2 bestuurders: Frontale botsing,Geen hindernis
28142,140,Hasselt ring,Hasselt,50.9300038,5.3438616,1.7361077455417544,50.93525144970782,5.320529154707782,2021,10,12,71022,Hasselt,Normaal,Droog,Dag,met lichtgewonden,3,Fiets,3,Fiets,Buiten Kruispunt,Gewestweg,buiten bebouwde kom,Tussen 2 bestuurders: Frontale botsing,Geen hindernis
28143,140,Hasselt ring,Hasselt,50.9300038,5.3438616,0.5538819225290132,50.934681861124346,5.346576622996068,2021,10,11,71022,Hasselt,Normaal,Droog,Dag,met zwaargewonden,9,personenauto,3,Fiets,Buiten Kruispunt,Gemeenteweg,binnen bebouwde kom,Tss. 2 best.: langs opzij (voor-/achterkant-flank),Geen hindernis
28143,138,Hasselt-Kempische brug,Hasselt,50.9405318,5.3422472,0.7177472590680098,50.934681861124346,5.346576622996068,2021,10,11,71022,Hasselt,Normaal,Droog,Dag,met zwaargewonden,9,personenauto,3,Fiets,Buiten Kruispunt,Gemeenteweg,binnen bebouwde kom,Tss. 2 best.: langs opzij (voor-/achterkant-flank),Geen hindernis
28143,137,Hasselt-Kempische brug,Hasselt,50.9411605,5.3417576,0.795604988589127,50.934681861124346,5.346576622996068,2021,10,11,71022,Hasselt,Normaal,Droog,Dag,met zwaargewonden,9,personenauto,3,Fiets,Buiten Kruispunt,Gemeenteweg,binnen bebouwde kom,Tss. 2 best.: langs opzij (voor-/achterkant-flank),Geen hindernis
28150,139,Houthalen-Helchteren,Houthalen-Helchteren,51.0644267,5.3819796,0.8500657936243439,51.07205270616805,5.381126501067673,2021,10,7,72039,Houthalen-Helchteren,Normaal,"Nat, plassen",Dageraad - schemering,met lichtgewonden,3,Fiets,10,"één bestuurder, geen hindernis",Op Kruispunt,Gewestweg,buiten bebouwde kom,"Eén bestuurder, geen hindernis (incl. val)",Geen hindernis
28152,25,Bree,Bree,51.13679500160176,5.597669323604317,0.4763351466375578,51.14045798792096,5.6012092946959875,2021,10,10,72004,Bree,Normaal,Droog,Dag,dodelijk gewonden,9,personenauto,3,Fiets,Op Kruispunt,Gewestweg,binnen bebouwde kom,Tss. 2 best.: langs opzij (voor-/achterkant-flank),Geen hindernis
28157,14,Genk,Genk,50.97172,5.48927,2.066736135201663,50.98429224759374,5.511012412965577,2021,10,5,71016,Genk,Onbekend,Onbekend,Onbekend,met lichtgewonden,3,Fiets,11,een weggebruiker tegen een hindernis,Buiten Kruispunt,Gemeenteweg,onbekend,Weggebruiker tegen hindernis op de rijbaan,"Op de rijbaan: Werken (signal., aarde, toestel,…)"
28162,25,Bree,Bree,51.13679500160176,5.597669323604317,1.3047216329768663,51.147732205103495,5.604442207673289,2021,10,16,72004,Bree,Normaal,Droog,Dag,met lichtgewonden,3,Fiets,9,personenauto,Buiten Kruispunt,Gemeenteweg,binnen bebouwde kom,Tss. 2 best.: langs opzij (voor-/achterkant-flank),Geen hindernis
28163,14,Genk,Genk,50.97172,5.48927,1.0215601215160386,50.96783598990165,5.502491076523081,2021,10,13,71016,Genk,Regenval,"Nat, plassen",Dag,met lichtgewonden,3,Fiets,9,personenauto,Op Kruispunt,Gewestweg,binnen bebouwde kom,Tss. 2 best.: langs opzij (voor-/achterkant-flank),Geen hindernis
28164,14,Genk,Genk,50.97172,5.48927,2.1710689464382784,50.96202603692975,5.462357925089744,2021,10,15,71016,Genk,Regenval,"Nat, plassen",Dag,met lichtgewonden,3,Fiets,10,"één bestuurder, geen hindernis",Buiten Kruispunt,Gewestweg,buiten bebouwde kom,"Eén bestuurder, geen hindernis (incl. val)",Geen hindernis
28166,14,Genk,Genk,50.97172,5.48927,1.953811766009658,50.98925736734667,5.487542718481656,2021,10,14,71016,Genk,Normaal,Droog,Dag,met lichtgewonden,3,Fiets,9,personenauto,Op Kruispunt,Gemeenteweg,buiten bebouwde kom,Tss. 2 best.: langs opzij (voor-/achterkant-flank),Geen hindernis
28170,23,Tienen 3,Tienen,50.81324,4.93447,0.44626061487103547,50.81234260307698,4.928279192581891,2021,10,17,24107,Tienen,Normaal,Droog,Dag,met lichtgewonden,5,Lichte vrachtauto,3,Fiets,Op Kruispunt,Gewestweg,binnen bebouwde kom,Tss. 2 best.: langs opzij (voor-/achterkant-flank),Geen hindernis
28170,24,Tienen 1,Tienen,50.8133795491886,4.935044252605416,0.4890926671396642,50.81234260307698,4.928279192581891,2021,10,17,24107,Tienen,Normaal,Droog,Dag,met lichtgewonden,5,Lichte vrachtauto,3,Fiets,Op Kruispunt,Gewestweg,binnen bebouwde kom,Tss. 2 best.: langs opzij (voor-/achterkant-flank),Geen hindernis
28170,22,Tienen 2,Tienen,50.81330800184882,4.935984252796022,0.5518917063110345,50.81234260307698,4.928279192581891,2021,10,17,24107,Tienen,Normaal,Droog,Dag,met lichtgewonden,5,Lichte vrachtauto,3,Fiets,Op Kruispunt,Gewestweg,binnen bebouwde kom,Tss. 2 best.: langs opzij (voor-/achterkant-flank),Geen hindernis
28171,23,Tienen 3,Tienen,50.81324,4.93447,1.4808376209212684,50.82479180245596,4.923981133092713,2021,10,15,24107,Tienen,Normaal,Droog,Dag,met lichtgewonden,9,personenauto,3,Fiets,Buiten Kruispunt,Gewestweg,buiten bebouwde kom,Tussen 2 bestuurders: Flank tegen flank,Geen hindernis
28171,24,Tienen 1,Tienen,50.8133795491886,4.935044252605416,1.4880634613170958,50.82479180245596,4.923981133092713,2021,10,15,24107,Tienen,Normaal,Droog,Dag,met lichtgewonden,9,personenauto,3,Fiets,Buiten Kruispunt,Gewestweg,buiten bebouwde kom,Tussen 2 bestuurders: Flank tegen flank,Geen hindernis
28171,22,Tienen 2,Tienen,50.81330800184882,4.935984252796022,1.530225847764146,50.82479180245596,4.923981133092713,2021,10,15,24107,Tienen,Normaal,Droog,Dag,met lichtgewonden,9,personenauto,3,Fiets,Buiten Kruispunt,Gewestweg,buiten bebouwde kom,Tussen 2 bestuurders: Flank tegen flank,Geen hindernis
28172,22,Tienen 2,Tienen,50.81330800184882,4.935984252796022,0.766595101486963,50.806764459069456,4.9394192965920425,2021,10,9,24107,Tienen,Normaal,Droog,Dag,met lichtgewonden,5,Lichte vrachtauto,3,Fiets,Buiten Kruispunt,Gemeenteweg,binnen bebouwde kom,Tussen 2 bestuurders: Langs achteren,Geen hindernis
28172,24,Tienen 1,Tienen,50.8133795491886,4.935044252605416,0.7972157390847451,50.806764459069456,4.9394192965920425,2021,10,9,24107,Tienen,Normaal,Droog,Dag,met lichtgewonden,5,Lichte vrachtauto,3,Fiets,Buiten Kruispunt,Gemeenteweg,binnen bebouwde kom,Tussen 2 bestuurders: Langs achteren,Geen hindernis
28172,23,Tienen 3,Tienen,50.81324,4.93447,0.7996257039210812,50.806764459069456,4.9394192965920425,2021,10,9,24107,Tienen,Normaal,Droog,Dag,met lichtgewonden,5,Lichte vrachtauto,3,Fiets,Buiten Kruispunt,Gemeenteweg,binnen bebouwde kom,Tussen 2 bestuurders: Langs achteren,Geen hindernis
28176,131,Nevele,Deinze,51.0276612,3.558569,2.466674385051853,51.009963418901066,3.5798306069549977,2021,10,16,44083,Deinze,Normaal,Droog,Dag,met lichtgewonden,9,personenauto,3,Fiets,Buiten Kruispunt,Gewestweg,binnen bebouwde kom,Tss. 2 best.: langs opzij (voor-/achterkant-flank),Geen hindernis
28177,113,Deinze teller 2,Deinze,50.96018,3.55578,2.229793337455418,50.97541056345923,3.535066805219973,2021,10,10,44083,Deinze,Normaal,Droog,Dag,met lichtgewonden,9,personenauto,3,Fiets,Op Kruispunt,Gewestweg,binnen bebouwde kom,Tss. 2 best.: langs opzij (voor-/achterkant-flank),Geen hindernis
28177,114,Deinze teller 1,Nazareth,50.9598305,3.555502,2.2470075370713936,50.97541056345923,3.535066805219973,2021,10,10,44083,Deinze,Normaal,Droog,Dag,met lichtgewonden,9,personenauto,3,Fiets,Op Kruispunt,Gewestweg,binnen bebouwde kom,Tss. 2 best.: langs opzij (voor-/achterkant-flank),Geen hindernis
28210,2,Brasschaat 2,Brasschaat,51.27512,4.47169,2.3799458815136507,51.29635677662585,4.467428608055504,2021,11,8,11008,Brasschaat,Onbekend,Onbekend,Onbekend,met lichtgewonden,3,Fiets,3,Fiets,Buiten Kruispunt,Gemeenteweg,onbekend,Tussen 2 bestuurders: Langs achteren,Geen hindernis
28210,3,Brasschaat 1,Brasschaat,51.27503,4.47222,2.394725985157814,51.29635677662585,4.467428608055504,2021,11,8,11008,Brasschaat,Onbekend,Onbekend,Onbekend,met lichtgewonden,3,Fiets,3,Fiets,Buiten Kruispunt,Gemeenteweg,onbekend,Tussen 2 bestuurders: Langs achteren,Geen hindernis
28217,2,Brasschaat 2,Brasschaat,51.27512,4.47169,1.738607266828501,51.28337535247246,4.450461952188648,2021,11,15,11002,Antwerpen,Normaal,Droog,Dag,met lichtgewonden,9,personenauto,3,Fiets,Buiten Kruispunt,Gewestweg,binnen bebouwde kom,Tss. 2 best.: langs opzij (voor-/achterkant-flank),Geen hindernis
28217,3,Brasschaat 1,Brasschaat,51.27503,4.47222,1.7752333866750736,51.28337535247246,4.450461952188648,2021,11,15,11002,Antwerpen,Normaal,Droog,Dag,met lichtgewonden,9,personenauto,3,Fiets,Buiten Kruispunt,Gewestweg,binnen bebouwde kom,Tss. 2 best.: langs opzij (voor-/achterkant-flank),Geen hindernis
28282,3,Brasschaat 1,Brasschaat,51.27503,4.47222,2.118164152272767,51.29218664013037,4.485454251239308,2021,11,12,11008,Brasschaat,Normaal,Droog,Dag,met lichtgewonden,3,Fiets,9,personenauto,Op Kruispunt,Gemeenteweg,binnen bebouwde kom,Tss. 2 best.: langs opzij (voor-/achterkant-flank),Geen hindernis
28282,2,Brasschaat 2,Brasschaat,51.27512,4.47169,2.1254995017687275,51.29218664013037,4.485454251239308,2021,11,12,11008,Brasschaat,Normaal,Droog,Dag,met lichtgewonden,3,Fiets,9,personenauto,Op Kruispunt,Gemeenteweg,binnen bebouwde kom,Tss. 2 best.: langs opzij (voor-/achterkant-flank),Geen hindernis
28287,2,Brasschaat 2,Brasschaat,51.27512,4.47169,1.3358024756974824,51.26425293536941,4.463505251620801,2021,11,14,11040,Schoten,Regenval,"Nat, plassen",Dag,met lichtgewonden,9,personenauto,3,Fiets,Buiten Kruispunt,Gewestweg,buiten bebouwde kom,Tss. 2 best.: langs opzij (voor-/achterkant-flank),Geen hindernis