crash_row_id,site_id,site_name,site_gemeente,site_lat,site_long,distance_km,crash_lat,crash_long,DT_YEAR_COLLISION,DT_MONTH_COLLISION,DT_TIME,CD_NIS,TX_MUNTY_COLLISION_NL,TX_WEATHER_NL,TX_ROAD_CONDITION_NL,TX_LIGHT_CONDITION_NL,TX_CLASS_ACCIDENTS_NL,CD_ROAD_USR_TYPE1,TX_ROAD_USR_TYPE1_NL,CD_ROAD_USR_TYPE2,TX_ROAD_USR_TYPE2_NL,TX_CROSSWAY_NL,CD_ROAD_TYPE_NL,TX_BUILD_UP_AREA_NL,TX_COLLISION_TYPE_NL,TX_OBSTACLES_NL
28287,3,Brasschaat 1,Brasschaat,51.27503,4.47222,1.342994319636614,51.26425293536941,4.463505251620801,2021,11,14,11040,Schoten,Regenval,"Nat, plassen",Dag,met lichtgewonden,9,personenauto,3,Fiets,Buiten Kruispunt,Gewestweg,buiten bebouwde kom,Tss. 2 best.: langs opzij (voor-/achterkant-flank),Geen hindernis
28293,104,Malle teller 2,Malle,51.31682,4.73852,1.79936542706957,51.30117668579516,4.731895939302006,2021,11,10,11057,Malle,Normaal,Droog,Dag,met lichtgewonden,9,personenauto,3,Fiets,Op Kruispunt,Gewestweg,binnen bebouwde kom,Tss. 2 best.: langs opzij (voor-/achterkant-flank),Geen hindernis
28293,103,Malle teller 1,Malle,51.31681,4.73872,1.80190016740447,51.30117668579516,4.731895939302006,2021,11,10,11057,Malle,Normaal,Droog,Dag,met lichtgewonden,9,personenauto,3,Fiets,Op Kruispunt,Gewestweg,binnen bebouwde kom,Tss. 2 best.: langs opzij (voor-/achterkant-flank),Geen hindernis
28296,8,Heist op den Berg 1,Heist-op-den-Berg,51.06759,4.68823,1.6046985374309877,51.05560031496294,4.675450076368508,2021,11,19,12029,Putte,Normaal,Droog,"Nacht, openbare verlichting aanwezig en ontstoken",met lichtgewonden,9,personenauto,3,Fiets,Op Kruispunt,Gemeenteweg,binnen bebouwde kom,Tss. 2 best.: langs opzij (voor-/achterkant-flank),Geen hindernis
28296,9,Heist op den Berg 2,Heist-op-den-Berg,51.06904,4.69524,2.0361600987289172,51.05560031496294,4.675450076368508,2021,11,19,12029,Putte,Normaal,Droog,"Nacht, openbare verlichting aanwezig en ontstoken",met lichtgewonden,9,personenauto,3,Fiets,Op Kruispunt,Gemeenteweg,binnen bebouwde kom,Tss. 2 best.: langs opzij (voor-/achterkant-flank),Geen hindernis
28297,8,Heist op den Berg 1,Heist-op-den-Berg,51.06759,4.68823,0.744545377980336,51.06556722601607,4.678072705001945,2021,11,7,12029,Putte,Normaal,Droog,Dageraad - schemering,met lichtgewonden,9,personenauto,3,Fiets,Op Kruispunt,Gewestweg,binnen bebouwde kom,Tss. 2 best.: langs opzij (voor-/achterkant-flank),Geen hindernis
28297,9,Heist op den Berg 2,Heist-op-den-Berg,51.06904,4.69524,1.2601980134069817,51.06556722601607,4.678072705001945,2021,11,7,12029,Putte,Normaal,Droog,Dageraad - schemering,met lichtgewonden,9,personenauto,3,Fiets,Op Kruispunt,Gewestweg,binnen bebouwde kom,Tss. 2 best.: langs opzij (voor-/achterkant-flank),Geen hindernis
28299,96,Lier teller 2,Lier,51.11705,4.58444,2.375833139270655,51.12537650925731,4.55309067822216,2021,11,15,12021,Lier,Normaal,Droog,Dag,met lichtgewonden,9,personenauto,3,Fiets,Op Kruispunt,Gewestweg,binnen bebouwde kom,Tss. 2 best.: langs opzij (voor-/achterkant-flank),Geen hindernis
28299,95,Lier teller 1,Lier,51.11687,4.58437,2.3792245169479855,51.12537650925731,4.55309067822216,2021,11,15,12021,Lier,Normaal,Droog,Dag,met lichtgewonden,9,personenauto,3,Fiets,Op Kruispunt,Gewestweg,binnen bebouwde kom,Tss. 2 best.: langs opzij (voor-/achterkant-flank),Geen hindernis
28301,96,Lier teller 2,Lier,51.11705,4.58444,1.2289948961325616,51.12675942020174,4.576026503831615,2021,11,17,12021,Lier,Normaal,Droog,"Nacht, geen openbare verlichting aanwezig",met lichtgewonden,3,Fiets,8,Voetganger,Buiten Kruispunt,Gewestweg,binnen bebouwde kom,Met een voetganger,Geen hindernis
28301,95,Lier teller 1,Lier,51.11687,4.58437,1.2443209979322503,51.12675942020174,4.576026503831615,2021,11,17,12021,Lier,Normaal,Droog,"Nacht, geen openbare verlichting aanwezig",met lichtgewonden,3,Fiets,8,Voetganger,Buiten Kruispunt,Gewestweg,binnen bebouwde kom,Met een voetganger,Geen hindernis
28303,92,Nijlen teller 1,Nijlen,51.14989,4.64479,1.665454104536785,51.157632910010335,4.665230799734948,2021,11,8,12026,Nijlen,Normaal,Droog,Dag,met lichtgewonden,3,Fiets,8,Voetganger,Buiten Kruispunt,Gewestweg,binnen bebouwde kom,Met een voetganger,Geen hindernis
28303,93,Nijlen teller 2,Nijlen,51.14998,4.64469,1.6662941146139252,51.157632910010335,4.665230799734948,2021,11,8,12026,Nijlen,Normaal,Droog,Dag,met lichtgewonden,3,Fiets,8,Voetganger,Buiten Kruispunt,Gewestweg,binnen bebouwde kom,Met een voetganger,Geen hindernis
28304,92,Nijlen teller 1,Nijlen,51.14989,4.64479,1.6012629921244426,51.1400408984961,4.628043902725472,2021,11,19,12026,Nijlen,Normaal,"Nat, plassen","Nacht, openbare verlichting aanwezig en ontstoken",met lichtgewonden,9,personenauto,3,Fiets,Buiten Kruispunt,Gemeenteweg,binnen bebouwde kom,Tss. 2 best.: langs opzij (voor-/achterkant-flank),Geen hindernis
28304,93,Nijlen teller 2,Nijlen,51.14998,4.64469,1.6030630697923787,51.1400408984961,4.628043902725472,2021,11,19,12026,Nijlen,Normaal,"Nat, plassen","Nacht, openbare verlichting aanwezig en ontstoken",met lichtgewonden,9,personenauto,3,Fiets,Buiten Kruispunt,Gemeenteweg,binnen bebouwde kom,Tss. 2 best.: langs opzij (voor-/achterkant-flank),Geen hindernis
28318,98,Geel teller 2,Geel,51.1481,4.99643,1.3244944939249856,51.159197678324134,4.989531162515902,2021,10,6,13008,Geel,Onbekend,Onbekend,Dageraad - schemering,met lichtgewonden,9,personenauto,3,Fiets,Buiten Kruispunt,Gewestweg,binnen bebouwde kom,Tss. 2 best.: langs opzij (voor-/achterkant-flank),Geen hindernis
28318,97,Geel teller 1,Geel,51.14813,4.99698,1.3358329833248122,51.159197678324134,4.989531162515902,2021,10,6,13008,Geel,Onbekend,Onbekend,Dageraad - schemering,met lichtgewonden,9,personenauto,3,Fiets,Buiten Kruispunt,Gewestweg,binnen bebouwde kom,Tss. 2 best.: langs opzij (voor-/achterkant-flank),Geen hindernis
28319,97,Geel teller 1,Geel,51.14813,4.99698,2.4203042457853208,51.12742869660338,5.007698351910865,2021,11,9,13008,Geel,Normaal,Droog,Dag,met zwaargewonden,3,Fiets,5,Lichte vrachtauto,Op Kruispunt,Gemeenteweg,binnen bebouwde kom,Tss. 2 best.: langs opzij (voor-/achterkant-flank),Geen hindernis
28319,98,Geel teller 2,Geel,51.1481,4.99643,2.42927784538688,51.12742869660338,5.007698351910865,2021,11,9,13008,Geel,Normaal,Droog,Dag,met zwaargewonden,3,Fiets,5,Lichte vrachtauto,Op Kruispunt,Gemeenteweg,binnen bebouwde kom,Tss. 2 best.: langs opzij (voor-/achterkant-flank),Geen hindernis
28326,5,Balen 2,Balen,51.16018,5.19003,2.0584411202195034,51.170013751679896,5.165018580320137,2021,11,6,13003,Balen,Normaal,Droog,"Nacht, openb. verlicht. aanw., maar niet ontstoken",met lichtgewonden,3,Fiets,9,personenauto,Buiten Kruispunt,Gemeenteweg,binnen bebouwde kom,Tss. 2 best.: langs opzij (voor-/achterkant-flank),Geen hindernis
28326,4,Balen 1,Balen,51.16023,5.19011,2.060227323509139,51.170013751679896,5.165018580320137,2021,11,6,13003,Balen,Normaal,Droog,"Nacht, openb. verlicht. aanw., maar niet ontstoken",met lichtgewonden,3,Fiets,9,personenauto,Buiten Kruispunt,Gemeenteweg,binnen bebouwde kom,Tss. 2 best.: langs opzij (voor-/achterkant-flank),Geen hindernis
28330,38,Lommel teller 2,Lommel,51.23277,5.29189,1.3661607331130472,51.22540794465885,5.307597518082025,2021,11,10,72020,Lommel,Normaal,"Nat, plassen",Dag,met lichtgewonden,5,Lichte vrachtauto,3,Fiets,Buiten Kruispunt,Gemeenteweg,binnen bebouwde kom,Tss. 2 best.: langs opzij (voor-/achterkant-flank),Geen hindernis
28330,37,Lommel teller 1,Lommel,51.23299,5.29211,1.3688553584031922,51.22540794465885,5.307597518082025,2021,11,10,72020,Lommel,Normaal,"Nat, plassen",Dag,met lichtgewonden,5,Lichte vrachtauto,3,Fiets,Buiten Kruispunt,Gemeenteweg,binnen bebouwde kom,Tss. 2 best.: langs opzij (voor-/achterkant-flank),Geen hindernis
28331,37,Lommel teller 1,Lommel,51.23299,5.29211,1.1552966499539743,51.22817213807994,5.306810480097977,2021,11,8,72020,Lommel,Normaal,Droog,Dag,met lichtgewonden,9,personenauto,3,Fiets,Buiten Kruispunt,Gemeenteweg,buiten bebouwde kom,Tss. 2 best.: langs opzij (voor-/achterkant-flank),Geen hindernis
28331,38,Lommel teller 2,Lommel,51.23277,5.29189,1.1578847402855597,51.22817213807994,5.306810480097977,2021,11,8,72020,Lommel,Normaal,Droog,Dag,met lichtgewonden,9,personenauto,3,Fiets,Buiten Kruispunt,Gemeenteweg,buiten bebouwde kom,Tss. 2 best.: langs opzij (voor-/achterkant-flank),Geen hindernis
28333,38,Lommel teller 2,Lommel,51.23277,5.29189,1.2583063956960332,51.2243796023918,5.304015694709483,2021,11,16,72020,Lommel,Normaal,Droog,Dageraad - schemering,met lichtgewonden,3,Fiets,9,personenauto,Op Kruispunt,Gemeenteweg,binnen bebouwde kom,Tss. 2 best.: langs opzij (voor-/achterkant-flank),Geen hindernis
28333,37,Lommel teller 1,Lommel,51.23299,5.29211,1.266468421428879,51.2243796023918,5.304015694709483,2021,11,16,72020,Lommel,Normaal,Droog,Dageraad - schemering,met lichtgewonden,3,Fiets,9,personenauto,Op Kruispunt,Gemeenteweg,binnen bebouwde kom,Tss. 2 best.: langs opzij (voor-/achterkant-flank),Geen hindernis
28334,38,Lommel teller 2,Lommel,51.23277,5.29189,1.1943165935101328,51.2310517698165,5.2749578139717626,2021,11,16,72020,Lommel,Normaal,Droog,Dag,met lichtgewonden,9,personenauto,3,Fiets,Op Kruispunt,Gewestweg,buiten bebouwde kom,Tss. 2 best.: langs opzij (voor-/achterkant-flank),Geen hindernis
28334,37,Lommel teller 1,Lommel,51.23299,5.29211,1.2135418112593561,51.2310517698165,5.2749578139717626,2021,11,16,72020,Lommel,Normaal,Droog,Dag,met lichtgewonden,9,personenauto,3,Fiets,Op Kruispunt,Gewestweg,buiten bebouwde kom,Tss. 2 best.: langs opzij (voor-/achterkant-flank),Geen hindernis
28335,37,Lommel teller 1,Lommel,51.23299,5.29211,1.2087358426850368,51.233464584532996,5.309454130918154,2021,11,18,72020,Lommel,Regenval,"Nat, plassen","Nacht, openbare verlichting aanwezig en ontstoken",met lichtgewonden,9,personenauto,3,Fiets,Buiten Kruispunt,Gewestweg,binnen bebouwde kom,Tss. 2 best.: langs opzij (voor-/achterkant-flank),Geen hindernis
28335,38,Lommel teller 2,Lommel,51.23277,5.29189,1.225340233306717,51.233464584532996,5.309454130918154,2021,11,18,72020,Lommel,Regenval,"Nat, plassen","Nacht, openbare verlichting aanwezig en ontstoken",met lichtgewonden,9,personenauto,3,Fiets,Buiten Kruispunt,Gewestweg,binnen bebouwde kom,Tss. 2 best.: langs opzij (voor-/achterkant-flank),Geen hindernis
28336,46,Pelt teller 2,Pelt,51.231,5.44375,2.0943948271677715,51.21588173866752,5.425812075498453,2021,11,15,72043,Pelt,Normaal,Droog,Dag,met lichtgewonden,3,Fiets,5,Lichte vrachtauto,Op Kruispunt,Gewestweg,binnen bebouwde kom,Tss. 2 best.: langs opzij (voor-/achterkant-flank),Geen hindernis
28336,45,Pelt teller 1,Pelt,51.23127,5.44377,2.119387664326672,51.21588173866752,5.425812075498453,2021,11,15,72043,Pelt,Normaal,Droog,Dag,met lichtgewonden,3,Fiets,5,Lichte vrachtauto,Op Kruispunt,Gewestweg,binnen bebouwde kom,Tss. 2 best.: langs opzij (voor-/achterkant-flank),Geen hindernis
28337,46,Pelt teller 2,Pelt,51.231,5.44375,0.5161707123222123,51.22754532023012,5.438798602652742,2021,11,12,72043,Pelt,Normaal,Droog,Dag,met lichtgewonden,3,Fiets,9,personenauto,Op Kruispunt,Gemeenteweg,binnen bebouwde kom,Tss. 2 best.: langs opzij (voor-/achterkant-flank),Geen hindernis
28337,45,Pelt teller 1,Pelt,51.23127,5.44377,0.5397786797951256,51.22754532023012,5.438798602652742,2021,11,12,72043,Pelt,Normaal,Droog,Dag,met lichtgewonden,3,Fiets,9,personenauto,Op Kruispunt,Gemeenteweg,binnen bebouwde kom,Tss. 2 best.: langs opzij (voor-/achterkant-flank),Geen hindernis
28349,39,Peer teller 1,Peer,51.13425,5.47817,1.4719419560249718,51.133414184632066,5.457116602003923,2021,11,11,72030,Peer,Normaal,Droog,Dag,dodelijk gewonden,9,personenauto,3,Fiets,Op Kruispunt,Gewestweg,binnen bebouwde kom,Tss. 2 best.: langs opzij (voor-/achterkant-flank),Geen hindernis
28349,40,Peer teller 2,Peer,51.13438,5.47892,1.5251200648068008,51.133414184632066,5.457116602003923,2021,11,11,72030,Peer,Normaal,Droog,Dag,dodelijk gewonden,9,personenauto,3,Fiets,Op Kruispunt,Gewestweg,binnen bebouwde kom,Tss. 2 best.: langs opzij (voor-/achterkant-flank),Geen hindernis
28354,44,Maaseik teller 2,Maaseik,51.09359,5.79726,1.8599618997348195,51.10532745387758,5.77828224741123,2021,11,19,72021,Maaseik,Normaal,Droog,"Nacht, openbare verlichting aanwezig en ontstoken",met lichtgewonden,5,Lichte vrachtauto,3,Fiets,Op Kruispunt,Gewestweg,buiten bebouwde kom,Tss. 2 best.: langs opzij (voor-/achterkant-flank),Geen hindernis
28354,43,Maaseik teller 1,Maaseik,51.09344,5.79715,1.8662748089611885,51.10532745387758,5.77828224741123,2021,11,19,72021,Maaseik,Normaal,Droog,"Nacht, openbare verlichting aanwezig en ontstoken",met lichtgewonden,5,Lichte vrachtauto,3,Fiets,Op Kruispunt,Gewestweg,buiten bebouwde kom,Tss. 2 best.: langs opzij (voor-/achterkant-flank),Geen hindernis
28355,77,Leuven teller 2,Leuven,50.88672,4.70796,1.0252912439164947,50.87983244368007,4.698243066189229,2021,11,2,24062,Leuven,Normaal,Droog,"Nacht, openbare verlichting aanwezig en ontstoken",met lichtgewonden,3,Fiets,10,"één bestuurder, geen hindernis",Op Kruispunt,Gemeenteweg,binnen bebouwde kom,"Eén bestuurder, geen hindernis (incl. val)",Geen hindernis
28355,107,leuven totem,Leuven,50.8870744,4.7087919,1.0936652302755279,50.87983244368007,4.698243066189229,2021,11,2,24062,Leuven,Normaal,Droog,"Nacht, openbare verlichting aanwezig en ontstoken",met lichtgewonden,3,Fiets,10,"één bestuurder, geen hindernis",Op Kruispunt,Gemeenteweg,binnen bebouwde kom,"Eén bestuurder, geen hindernis (incl. val)",Geen hindernis
28355,69,Leuven teller 1,Leuven,50.87549,4.71526,1.2878791147209347,50.87983244368007,4.698243066189229,2021,11,2,24062,Leuven,Normaal,Droog,"Nacht, openbare verlichting aanwezig en ontstoken",met lichtgewonden,3,Fiets,10,"één bestuurder, geen hindernis",Op Kruispunt,Gemeenteweg,binnen bebouwde kom,"Eén bestuurder, geen hindernis (incl. val)",Geen hindernis
28355,151,Leuven,District Leuven,50.8690262,4.6854839,1.4984463685349323,50.87983244368007,4.698243066189229,2021,11,2,24062,Leuven,Normaal,Droog,"Nacht, openbare verlichting aanwezig en ontstoken",met lichtgewonden,3,Fiets,10,"één bestuurder, geen hindernis",Op Kruispunt,Gemeenteweg,binnen bebouwde kom,"Eén bestuurder, geen hindernis (incl. val)",Geen hindernis
28356,151,Leuven,District Leuven,50.8690262,4.6854839,0.8898525539344192,50.86814650256987,4.698087486532832,2021,11,2,24062,Leuven,Normaal,Droog,"Nacht, openbare verlichting aanwezig en ontstoken",met lichtgewonden,3,Fiets,10,"één bestuurder, geen hindernis",Buiten Kruispunt,Gewestweg,binnen bebouwde kom,"Eén bestuurder, geen hindernis (incl. val)",Geen hindernis
28356,69,Leuven teller 1,Leuven,50.87549,4.71526,1.455609571910473,50.86814650256987,4.698087486532832,2021,11,2,24062,Leuven,Normaal,Droog,"Nacht, openbare verlichting aanwezig en ontstoken",met lichtgewonden,3,Fiets,10,"één bestuurder, geen hindernis",Buiten Kruispunt,Gewestweg,binnen bebouwde kom,"Eén bestuurder, geen hindernis (incl. val)",Geen hindernis
28356,77,Leuven teller 2,Leuven,50.88672,4.70796,2.178342064395367,50.86814650256987,4.698087486532832,2021,11,2,24062,Leuven,Normaal,Droog,"Nacht, openbare verlichting aanwezig en ontstoken",met lichtgewonden,3,Fiets,10,"één bestuurder, geen hindernis",Buiten Kruispunt,Gewestweg,binnen bebouwde kom,"Eén bestuurder, geen hindernis (incl. val)",Geen hindernis
28356,107,leuven totem,Leuven,50.8870744,4.7087919,2.2346731581040093,50.86814650256987,4.698087486532832,2021,11,2,24062,Leuven,Normaal,Droog,"Nacht, openbare verlichting aanwezig en ontstoken",met lichtgewonden,3,Fiets,10,"één bestuurder, geen hindernis",Buiten Kruispunt,Gewestweg,binnen bebouwde kom,"Eén bestuurder, geen hindernis (incl. val)",Geen hindernis
28356,108,Heverlee teller 1,Leuven,50.8471728,4.6954674,2.339409327463478,50.86814650256987,4.698087486532832,2021,11,2,24062,Leuven,Normaal,Droog,"Nacht, openbare verlichting aanwezig en ontstoken",met lichtgewonden,3,Fiets,10,"één bestuurder, geen hindernis",Buiten Kruispunt,Gewestweg,binnen bebouwde kom,"Eén bestuurder, geen hindernis (incl. val)",Geen hindernis
28356,76,Heverlee teller 2,Leuven,50.84606,4.69597,2.4604005265683293,50.86814650256987,4.698087486532832,2021,11,2,24062,Leuven,Normaal,Droog,"Nacht, openbare verlichting aanwezig en ontstoken",met lichtgewonden,3,Fiets,10,"één bestuurder, geen hindernis",Buiten Kruispunt,Gewestweg,binnen bebouwde kom,"Eén bestuurder, geen hindernis (incl. val)",Geen hindernis
28357,107,leuven totem,Leuven,50.8870744,4.7087919,1.2635346424447176,50.89832646547862,4.706278105942959,2021,11,0,24062,Leuven,Normaal,Droog,"Nacht, openbare verlichting aanwezig en ontstoken",met lichtgewonden,3,Fiets,10,"één bestuurder, geen hindernis",Buiten Kruispunt,Gemeenteweg,binnen bebouwde kom,"Eén bestuurder, geen hindernis (incl. val)",Geen hindernis
28357,77,Leuven teller 2,Leuven,50.88672,4.70796,1.2959602939099046,50.89832646547862,4.706278105942959,2021,11,0,24062,Leuven,Normaal,Droog,"Nacht, openbare verlichting aanwezig en ontstoken",met lichtgewonden,3,Fiets,10,"één bestuurder, geen hindernis",Buiten Kruispunt,Gemeenteweg,binnen bebouwde kom,"Eén bestuurder, geen hindernis (incl. val)",Geen hindernis
28358,151,Leuven,District Leuven,50.8690262,4.6854839,1.0031189073276805,50.87322389337935,4.698137311668611,2021,11,15,24062,Leuven,Onbekend,Onbekend,Dag,met lichtgewonden,3,Fiets,9,personenauto,Buiten Kruispunt,Gemeenteweg,binnen bebouwde kom,Tussen 2 bestuurders: Flank tegen flank,Geen hindernis
28358,69,Leuven teller 1,Leuven,50.87549,4.71526,1.2275798353809924,50.87322389337935,4.698137311668611,2021,11,15,24062,Leuven,Onbekend,Onbekend,Dag,met lichtgewonden,3,Fiets,9,personenauto,Buiten Kruispunt,Gemeenteweg,binnen bebouwde kom,Tussen 2 bestuurders: Flank tegen flank,Geen hindernis
28358,77,Leuven teller 2,Leuven,50.88672,4.70796,1.651366673524345,50.87322389337935,4.698137311668611,2021,11,15,24062,Leuven,Onbekend,Onbekend,Dag,met lichtgewonden,3,Fiets,9,personenauto,Buiten Kruispunt,Gemeenteweg,binnen bebouwde kom,Tussen 2 bestuurders: Flank tegen flank,Geen hindernis
28358,107,leuven totem,Leuven,50.8870744,4.7087919,1.711925034213531,50.87322389337935,4.698137311668611,2021,11,15,24062,Leuven,Onbekend,Onbekend,Dag,met lichtgewonden,3,Fiets,9,personenauto,Buiten Kruispunt,Gemeenteweg,binnen bebouwde kom,Tussen 2 bestuurders: Flank tegen flank,Geen hindernis
28359,69,Leuven teller 1,Leuven,50.87549,4.71526,0.3982998002212065,50.873332142523,4.719790872270542,2021,11,19,24062,Leuven,Regenval,Onbekend,Onbekend,met lichtgewonden,9,personenauto,3,Fiets,Op Kruispunt,Gewestweg,binnen bebouwde kom,Tussen 2 bestuurders: Flank tegen flank,Geen hindernis
28359,77,Leuven teller 2,Leuven,50.88672,4.70796,1.704425106109018,50.873332142523,4.719790872270542,2021,11,19,24062,Leuven,Regenval,Onbekend,Onbekend,met lichtgewonden,9,personenauto,3,Fiets,Op Kruispunt,Gewestweg,binnen bebouwde kom,Tussen 2 bestuurders: Flank tegen flank,Geen hindernis
28359,107,leuven totem,Leuven,50.8870744,4.7087919,1.7118586430734797,50.873332142523,4.719790872270542,2021,11,19,24062,Leuven,Regenval,Onbekend,Onbekend,met lichtgewonden,9,personenauto,3,Fiets,Op Kruispunt,Gewestweg,binnen bebouwde kom,Tussen 2 bestuurders: Flank tegen flank,Geen hindernis
28359,151,Leuven,District Leuven,50.8690262,4.6854839,2.4545186362037446,50.873332142523,4.719790872270542,2021,11,19,24062,Leuven,Regenval,Onbekend,Onbekend,met lichtgewonden,9,personenauto,3,Fiets,Op Kruispunt,Gewestweg,binnen bebouwde kom,Tussen 2 bestuurders: Flank tegen flank,Geen hindernis
28360,151,Leuven,District Leuven,50.8690262,4.6854839,0.648979168285444,50.86342730309269,4.688095138804394,2021,11,11,24062,Leuven,Normaal,"Nat, plassen",Dag,dodelijk gewonden,8,Voetganger,3,Fiets,Buiten Kruispunt,Gemeenteweg,binnen bebouwde kom,Met een voetganger,Geen hindernis
28360,108,Heverlee teller 1,Leuven,50.8471728,4.6954674,1.880043807781746,50.86342730309269,4.688095138804394,2021,11,11,24062,Leuven,Normaal,"Nat, plassen",Dag,dodelijk gewonden,8,Voetganger,3,Fiets,Buiten Kruispunt,Gemeenteweg,binnen bebouwde kom,Met een voetganger,Geen hindernis
28360,76,Heverlee teller 2,Leuven,50.84606,4.69597,2.008714541052939,50.86342730309269,4.688095138804394,2021,11,11,24062,Leuven,Normaal,"Nat, plassen",Dag,dodelijk gewonden,8,Voetganger,3,Fiets,Buiten Kruispunt,Gemeenteweg,binnen bebouwde kom,Met een voetganger,Geen hindernis
28360,69,Leuven teller 1,Leuven,50.87549,4.71526,2.3308714296168414,50.86342730309269,4.688095138804394,2021,11,11,24062,Leuven,Normaal,"Nat, plassen",Dag,dodelijk gewonden,8,Voetganger,3,Fiets,Buiten Kruispunt,Gemeenteweg,binnen bebouwde kom,Met een voetganger,Geen hindernis
28361,69,Leuven teller 1,Leuven,50.87549,4.71526,0.8800763005984791,50.86905564008467,4.707956509643332,2021,11,9,24062,Leuven,Regenval,"Ijzel, sneeuw",Dag,met lichtgewonden,3,Fiets,10,"één bestuurder, geen hindernis",Op Kruispunt,Gewestweg,binnen bebouwde kom,"Eén bestuurder, geen hindernis (incl. val)",Geen hindernis
28361,151,Leuven,District Leuven,50.8690262,4.6854839,1.577009041997403,50.86905564008467,4.707956509643332,2021,11,9,24062,Leuven,Regenval,"Ijzel, sneeuw",Dag,met lichtgewonden,3,Fiets,10,"één bestuurder, geen hindernis",Op Kruispunt,Gewestweg,binnen bebouwde kom,"Eén bestuurder, geen hindernis (incl. val)",Geen hindernis
28361,77,Leuven teller 2,Leuven,50.88672,4.70796,1.9641872202735875,50.86905564008467,4.707956509643332,2021,11,9,24062,Leuven,Regenval,"Ijzel, sneeuw",Dag,met lichtgewonden,3,Fiets,10,"één bestuurder, geen hindernis",Op Kruispunt,Gewestweg,binnen bebouwde kom,"Eén bestuurder, geen hindernis (incl. val)",Geen hindernis
28361,107,leuven totem,Leuven,50.8870744,4.7087919,2.0044517987654675,50.86905564008467,4.707956509643332,2021,11,9,24062,Leuven,Regenval,"Ijzel, sneeuw",Dag,met lichtgewonden,3,Fiets,10,"één bestuurder, geen hindernis",Op Kruispunt,Gewestweg,binnen bebouwde kom,"Eén bestuurder, geen hindernis (incl. val)",Geen hindernis
28363,69,Leuven teller 1,Leuven,50.87549,4.71526,0.7585184071286636,50.87860913321171,4.705645466743514,2021,11,9,24062,Leuven,Normaal,"Vuil (zand, grint, bladeren,...)",Dag,met lichtgewonden,3,Fiets,10,"één bestuurder, geen hindernis",Buiten Kruispunt,Gemeenteweg,binnen bebouwde kom,"Eén bestuurder, geen hindernis (incl. val)",Geen hindernis
28363,77,Leuven teller 2,Leuven,50.88672,4.70796,0.9163874020890143,50.87860913321171,4.705645466743514,2021,11,9,24062,Leuven,Normaal,"Vuil (zand, grint, bladeren,...)",Dag,met lichtgewonden,3,Fiets,10,"één bestuurder, geen hindernis",Buiten Kruispunt,Gemeenteweg,binnen bebouwde kom,"Eén bestuurder, geen hindernis (incl. val)",Geen hindernis
28363,107,leuven totem,Leuven,50.8870744,4.7087919,0.9668295309086058,50.87860913321171,4.705645466743514,2021,11,9,24062,Leuven,Normaal,"Vuil (zand, grint, bladeren,...)",Dag,met lichtgewonden,3,Fiets,10,"één bestuurder, geen hindernis",Buiten Kruispunt,Gemeenteweg,binnen bebouwde kom,"Eén bestuurder, geen hindernis (incl. val)",Geen hindernis
28363,151,Leuven,District Leuven,50.8690262,4.6854839,1.7710952626708754,50.87860913321171,4.705645466743514,2021,11,9,24062,Leuven,Normaal,"Vuil (zand, grint, bladeren,...)",Dag,met lichtgewonden,3,Fiets,10,"één bestuurder, geen hindernis",Buiten Kruispunt,Gemeenteweg,binnen bebouwde kom,"Eén bestuurder, geen hindernis (incl. val)",Geen hindernis
28364,69,Leuven teller 1,Leuven,50.87549,4.71526,0.21073652666595144,50.8736654659637,4.714447515395654,2021,11,19,24062,Leuven,Normaal,Proper,"Nacht, openbare verlichting aanwezig en ontstoken",met lichtgewonden,3,Fiets,9,personenauto,Op Kruispunt,Gewestweg,binnen bebouwde kom,Tss. 2 best.: langs opzij (voor-/achterkant-flank),Geen hindernis
28364,77,Leuven teller 2,Leuven,50.88672,4.70796,1.5212816407782783,50.8736654659637,4.714447515395654,2021,11,19,24062,Leuven,Normaal,Proper,"Nacht, openbare verlichting aanwezig en ontstoken",met lichtgewonden,3,Fiets,9,personenauto,Op Kruispunt,Gewestweg,binnen bebouwde kom,Tss. 2 best.: langs opzij (voor-/achterkant-flank),Geen hindernis
28364,107,leuven totem,Leuven,50.8870744,4.7087919,1.5428981394770114,50.8736654659637,4.714447515395654,2021,11,19,24062,Leuven,Normaal,Proper,"Nacht, openbare verlichting aanwezig en ontstoken",met lichtgewonden,3,Fiets,9,personenauto,Op Kruispunt,Gewestweg,binnen bebouwde kom,Tss. 2 best.: langs opzij (voor-/achterkant-flank),Geen hindernis
28364,151,Leuven,District Leuven,50.8690262,4.6854839,2.0968546421722905,50.8736654659637,4.714447515395654,2021,11,19,24062,Leuven,Normaal,Proper,"Nacht, openbare verlichting aanwezig en ontstoken",met lichtgewonden,3,Fiets,9,personenauto,Op Kruispunt,Gewestweg,binnen bebouwde kom,Tss. 2 best.: langs opzij (voor-/achterkant-flank),Geen hindernis