crash_row_id,site_id,site_name,site_gemeente,site_lat,site_long,distance_km,crash_lat,crash_long,DT_YEAR_COLLISION,DT_MONTH_COLLISION,DT_TIME,CD_NIS,TX_MUNTY_COLLISION_NL,TX_WEATHER_NL,TX_ROAD_CONDITION_NL,TX_LIGHT_CONDITION_NL,TX_CLASS_ACCIDENTS_NL,CD_ROAD_USR_TYPE1,TX_ROAD_USR_TYPE1_NL,CD_ROAD_USR_TYPE2,TX_ROAD_USR_TYPE2_NL,TX_CROSSWAY_NL,CD_ROAD_TYPE_NL,TX_BUILD_UP_AREA_NL,TX_COLLISION_TYPE_NL,TX_OBSTACLES_NL
28365,69,Leuven teller 1,Leuven,50.87549,4.71526,1.0538677721987508,50.87754401550015,4.700596767818393,2021,11,11,24062,Leuven,Normaal,Onbekend,Dag,met lichtgewonden,3,Fiets,10,"één bestuurder, geen hindernis",Op Kruispunt,Gemeenteweg,binnen bebouwde kom,"Eén bestuurder, geen hindernis (incl. val)",Geen hindernis
28365,77,Leuven teller 2,Leuven,50.88672,4.70796,1.1436344774071892,50.87754401550015,4.700596767818393,2021,11,11,24062,Leuven,Normaal,Onbekend,Dag,met lichtgewonden,3,Fiets,10,"één bestuurder, geen hindernis",Op Kruispunt,Gemeenteweg,binnen bebouwde kom,"Eén bestuurder, geen hindernis (incl. val)",Geen hindernis
28365,107,leuven totem,Leuven,50.8870744,4.7087919,1.2056403270384737,50.87754401550015,4.700596767818393,2021,11,11,24062,Leuven,Normaal,Onbekend,Dag,met lichtgewonden,3,Fiets,10,"één bestuurder, geen hindernis",Op Kruispunt,Gemeenteweg,binnen bebouwde kom,"Eén bestuurder, geen hindernis (incl. val)",Geen hindernis
28365,151,Leuven,District Leuven,50.8690262,4.6854839,1.421832688395945,50.87754401550015,4.700596767818393,2021,11,11,24062,Leuven,Normaal,Onbekend,Dag,met lichtgewonden,3,Fiets,10,"één bestuurder, geen hindernis",Op Kruispunt,Gemeenteweg,binnen bebouwde kom,"Eén bestuurder, geen hindernis (incl. val)",Geen hindernis
28367,108,Heverlee teller 1,Leuven,50.8471728,4.6954674,1.1978713040726707,50.85383611298325,4.708874835420684,2021,11,0,24062,Leuven,Onbekend,"Nat, plassen","Nacht, openbare verlichting aanwezig en ontstoken",met lichtgewonden,3,Fiets,3,Fiets,Buiten Kruispunt,Gemeenteweg,buiten bebouwde kom,Tussen 2 bestuurders: Flank tegen flank,Geen hindernis
28367,76,Heverlee teller 2,Leuven,50.84606,4.69597,1.252362450810341,50.85383611298325,4.708874835420684,2021,11,0,24062,Leuven,Onbekend,"Nat, plassen","Nacht, openbare verlichting aanwezig en ontstoken",met lichtgewonden,3,Fiets,3,Fiets,Buiten Kruispunt,Gemeenteweg,buiten bebouwde kom,Tussen 2 bestuurders: Flank tegen flank,Geen hindernis
28367,151,Leuven,District Leuven,50.8690262,4.6854839,2.355453122161139,50.85383611298325,4.708874835420684,2021,11,0,24062,Leuven,Onbekend,"Nat, plassen","Nacht, openbare verlichting aanwezig en ontstoken",met lichtgewonden,3,Fiets,3,Fiets,Buiten Kruispunt,Gemeenteweg,buiten bebouwde kom,Tussen 2 bestuurders: Flank tegen flank,Geen hindernis
28367,69,Leuven teller 1,Leuven,50.87549,4.71526,2.4491472468815347,50.85383611298325,4.708874835420684,2021,11,0,24062,Leuven,Onbekend,"Nat, plassen","Nacht, openbare verlichting aanwezig en ontstoken",met lichtgewonden,3,Fiets,3,Fiets,Buiten Kruispunt,Gemeenteweg,buiten bebouwde kom,Tussen 2 bestuurders: Flank tegen flank,Geen hindernis
28368,69,Leuven teller 1,Leuven,50.87549,4.71526,0.3988384985761054,50.876950967228375,4.71006850715037,2021,11,16,24062,Leuven,Normaal,Onbekend,Dag,met lichtgewonden,3,Fiets,6,Bromfiets,Buiten Kruispunt,Gemeenteweg,binnen bebouwde kom,Tss. 2 best.: langs opzij (voor-/achterkant-flank),Geen hindernis
28368,77,Leuven teller 2,Leuven,50.88672,4.70796,1.0962923614038262,50.876950967228375,4.71006850715037,2021,11,16,24062,Leuven,Normaal,Onbekend,Dag,met lichtgewonden,3,Fiets,6,Bromfiets,Buiten Kruispunt,Gemeenteweg,binnen bebouwde kom,Tss. 2 best.: langs opzij (voor-/achterkant-flank),Geen hindernis
28368,107,leuven totem,Leuven,50.8870744,4.7087919,1.1292315279975444,50.876950967228375,4.71006850715037,2021,11,16,24062,Leuven,Normaal,Onbekend,Dag,met lichtgewonden,3,Fiets,6,Bromfiets,Buiten Kruispunt,Gemeenteweg,binnen bebouwde kom,Tss. 2 best.: langs opzij (voor-/achterkant-flank),Geen hindernis
28368,151,Leuven,District Leuven,50.8690262,4.6854839,1.9371015565917564,50.876950967228375,4.71006850715037,2021,11,16,24062,Leuven,Normaal,Onbekend,Dag,met lichtgewonden,3,Fiets,6,Bromfiets,Buiten Kruispunt,Gemeenteweg,binnen bebouwde kom,Tss. 2 best.: langs opzij (voor-/achterkant-flank),Geen hindernis
28369,108,Heverlee teller 1,Leuven,50.8471728,4.6954674,1.8927022948521595,50.85155375877432,4.721519102389386,2021,11,13,24062,Leuven,Normaal,Droog,Dag,met lichtgewonden,3,Fiets,3,Fiets,Buiten Kruispunt,Gemeenteweg,buiten bebouwde kom,Tss. 2 best.: langs opzij (voor-/achterkant-flank),Geen hindernis
28369,76,Heverlee teller 2,Leuven,50.84606,4.69597,1.8948464867318167,50.85155375877432,4.721519102389386,2021,11,13,24062,Leuven,Normaal,Droog,Dag,met lichtgewonden,3,Fiets,3,Fiets,Buiten Kruispunt,Gemeenteweg,buiten bebouwde kom,Tss. 2 best.: langs opzij (voor-/achterkant-flank),Geen hindernis
28370,77,Leuven teller 2,Leuven,50.88672,4.70796,0.6286378885890878,50.88309441524923,4.701084132776758,2021,11,9,24062,Leuven,Normaal,Droog,Dag,met lichtgewonden,9,personenauto,3,Fiets,Op Kruispunt,Gemeenteweg,binnen bebouwde kom,Tss. 2 best.: langs opzij (voor-/achterkant-flank),Geen hindernis
28370,107,leuven totem,Leuven,50.8870744,4.7087919,0.6987230676951066,50.88309441524923,4.701084132776758,2021,11,9,24062,Leuven,Normaal,Droog,Dag,met lichtgewonden,9,personenauto,3,Fiets,Op Kruispunt,Gemeenteweg,binnen bebouwde kom,Tss. 2 best.: langs opzij (voor-/achterkant-flank),Geen hindernis
28370,69,Leuven teller 1,Leuven,50.87549,4.71526,1.3054329948468006,50.88309441524923,4.701084132776758,2021,11,9,24062,Leuven,Normaal,Droog,Dag,met lichtgewonden,9,personenauto,3,Fiets,Op Kruispunt,Gemeenteweg,binnen bebouwde kom,Tss. 2 best.: langs opzij (voor-/achterkant-flank),Geen hindernis
28370,151,Leuven,District Leuven,50.8690262,4.6854839,1.9092335064679014,50.88309441524923,4.701084132776758,2021,11,9,24062,Leuven,Normaal,Droog,Dag,met lichtgewonden,9,personenauto,3,Fiets,Op Kruispunt,Gemeenteweg,binnen bebouwde kom,Tss. 2 best.: langs opzij (voor-/achterkant-flank),Geen hindernis
28371,69,Leuven teller 1,Leuven,50.87549,4.71526,0.6238305637858609,50.87428748311495,4.706575825029773,2021,11,0,24062,Leuven,Normaal,Droog,"Nacht, openbare verlichting aanwezig en ontstoken",met lichtgewonden,3,Fiets,10,"één bestuurder, geen hindernis",Buiten Kruispunt,Gemeenteweg,binnen bebouwde kom,"Eén bestuurder, geen hindernis (incl. val)",Geen hindernis
28371,77,Leuven teller 2,Leuven,50.88672,4.70796,1.3858393864823493,50.87428748311495,4.706575825029773,2021,11,0,24062,Leuven,Normaal,Droog,"Nacht, openbare verlichting aanwezig en ontstoken",met lichtgewonden,3,Fiets,10,"één bestuurder, geen hindernis",Buiten Kruispunt,Gemeenteweg,binnen bebouwde kom,"Eén bestuurder, geen hindernis (incl. val)",Geen hindernis
28371,107,leuven totem,Leuven,50.8870744,4.7087919,1.430315256124981,50.87428748311495,4.706575825029773,2021,11,0,24062,Leuven,Normaal,Droog,"Nacht, openbare verlichting aanwezig en ontstoken",met lichtgewonden,3,Fiets,10,"één bestuurder, geen hindernis",Buiten Kruispunt,Gemeenteweg,binnen bebouwde kom,"Eén bestuurder, geen hindernis (incl. val)",Geen hindernis
28371,151,Leuven,District Leuven,50.8690262,4.6854839,1.5914638884755978,50.87428748311495,4.706575825029773,2021,11,0,24062,Leuven,Normaal,Droog,"Nacht, openbare verlichting aanwezig en ontstoken",met lichtgewonden,3,Fiets,10,"één bestuurder, geen hindernis",Buiten Kruispunt,Gemeenteweg,binnen bebouwde kom,"Eén bestuurder, geen hindernis (incl. val)",Geen hindernis
28372,69,Leuven teller 1,Leuven,50.87549,4.71526,0.42271961499695426,50.8764597646316,4.7094345936542235,2021,11,8,24062,Leuven,Normaal,Droog,Dag,met lichtgewonden,1,Autobus,3,Fiets,Op Kruispunt,Gemeenteweg,buiten bebouwde kom,Tss. 2 best.: langs opzij (voor-/achterkant-flank),Geen hindernis
28372,77,Leuven teller 2,Leuven,50.88672,4.70796,1.145566789469287,50.8764597646316,4.7094345936542235,2021,11,8,24062,Leuven,Normaal,Droog,Dag,met lichtgewonden,1,Autobus,3,Fiets,Op Kruispunt,Gemeenteweg,buiten bebouwde kom,Tss. 2 best.: langs opzij (voor-/achterkant-flank),Geen hindernis
28372,107,leuven totem,Leuven,50.8870744,4.7087919,1.1811544995625352,50.8764597646316,4.7094345936542235,2021,11,8,24062,Leuven,Normaal,Droog,Dag,met lichtgewonden,1,Autobus,3,Fiets,Op Kruispunt,Gemeenteweg,buiten bebouwde kom,Tss. 2 best.: langs opzij (voor-/achterkant-flank),Geen hindernis
28372,151,Leuven,District Leuven,50.8690262,4.6854839,1.872866465627622,50.8764597646316,4.7094345936542235,2021,11,8,24062,Leuven,Normaal,Droog,Dag,met lichtgewonden,1,Autobus,3,Fiets,Op Kruispunt,Gemeenteweg,buiten bebouwde kom,Tss. 2 best.: langs opzij (voor-/achterkant-flank),Geen hindernis
28373,151,Leuven,District Leuven,50.8690262,4.6854839,0.6301977174705508,50.87348414124484,4.691029482579781,2021,11,17,24062,Leuven,Normaal,Onbekend,Onbekend,met lichtgewonden,3,Fiets,10,"één bestuurder, geen hindernis",Op Kruispunt,Gemeenteweg,binnen bebouwde kom,"Eén bestuurder, geen hindernis (incl. val)",Geen hindernis
28373,69,Leuven teller 1,Leuven,50.87549,4.71526,1.7147351360814291,50.87348414124484,4.691029482579781,2021,11,17,24062,Leuven,Normaal,Onbekend,Onbekend,met lichtgewonden,3,Fiets,10,"één bestuurder, geen hindernis",Op Kruispunt,Gemeenteweg,binnen bebouwde kom,"Eén bestuurder, geen hindernis (incl. val)",Geen hindernis
28373,77,Leuven teller 2,Leuven,50.88672,4.70796,1.8912880663817062,50.87348414124484,4.691029482579781,2021,11,17,24062,Leuven,Normaal,Onbekend,Onbekend,met lichtgewonden,3,Fiets,10,"één bestuurder, geen hindernis",Op Kruispunt,Gemeenteweg,binnen bebouwde kom,"Eén bestuurder, geen hindernis (incl. val)",Geen hindernis
28373,107,leuven totem,Leuven,50.8870744,4.7087919,1.9587154861006266,50.87348414124484,4.691029482579781,2021,11,17,24062,Leuven,Normaal,Onbekend,Onbekend,met lichtgewonden,3,Fiets,10,"één bestuurder, geen hindernis",Op Kruispunt,Gemeenteweg,binnen bebouwde kom,"Eén bestuurder, geen hindernis (incl. val)",Geen hindernis
28374,151,Leuven,District Leuven,50.8690262,4.6854839,0.4877971888810473,50.8719282401724,4.690696896871564,2021,11,7,24062,Leuven,Normaal,Droog,Dag,met lichtgewonden,9,personenauto,3,Fiets,Op Kruispunt,Gewestweg,binnen bebouwde kom,Tss. 2 best.: langs opzij (voor-/achterkant-flank),Geen hindernis
28374,69,Leuven teller 1,Leuven,50.87549,4.71526,1.7684511719451743,50.8719282401724,4.690696896871564,2021,11,7,24062,Leuven,Normaal,Droog,Dag,met lichtgewonden,9,personenauto,3,Fiets,Op Kruispunt,Gewestweg,binnen bebouwde kom,Tss. 2 best.: langs opzij (voor-/achterkant-flank),Geen hindernis
28374,77,Leuven teller 2,Leuven,50.88672,4.70796,2.042591721038862,50.8719282401724,4.690696896871564,2021,11,7,24062,Leuven,Normaal,Droog,Dag,met lichtgewonden,9,personenauto,3,Fiets,Op Kruispunt,Gewestweg,binnen bebouwde kom,Tss. 2 best.: langs opzij (voor-/achterkant-flank),Geen hindernis
28374,107,leuven totem,Leuven,50.8870744,4.7087919,2.109061513214144,50.8719282401724,4.690696896871564,2021,11,7,24062,Leuven,Normaal,Droog,Dag,met lichtgewonden,9,personenauto,3,Fiets,Op Kruispunt,Gewestweg,binnen bebouwde kom,Tss. 2 best.: langs opzij (voor-/achterkant-flank),Geen hindernis
28375,151,Leuven,District Leuven,50.8690262,4.6854839,1.0393861132458169,50.86784582877482,4.700176578864843,2021,11,15,24062,Leuven,Onbekend,Droog,Dag,met lichtgewonden,9,personenauto,3,Fiets,Op Kruispunt,Gewestweg,binnen bebouwde kom,Tss. 2 best.: langs opzij (voor-/achterkant-flank),Geen hindernis
28375,69,Leuven teller 1,Leuven,50.87549,4.71526,1.3574704570150853,50.86784582877482,4.700176578864843,2021,11,15,24062,Leuven,Onbekend,Droog,Dag,met lichtgewonden,9,personenauto,3,Fiets,Op Kruispunt,Gewestweg,binnen bebouwde kom,Tss. 2 best.: langs opzij (voor-/achterkant-flank),Geen hindernis
28375,77,Leuven teller 2,Leuven,50.88672,4.70796,2.1685984846543134,50.86784582877482,4.700176578864843,2021,11,15,24062,Leuven,Onbekend,Droog,Dag,met lichtgewonden,9,personenauto,3,Fiets,Op Kruispunt,Gewestweg,binnen bebouwde kom,Tss. 2 best.: langs opzij (voor-/achterkant-flank),Geen hindernis
28375,107,leuven totem,Leuven,50.8870744,4.7087919,2.2219216668288575,50.86784582877482,4.700176578864843,2021,11,15,24062,Leuven,Onbekend,Droog,Dag,met lichtgewonden,9,personenauto,3,Fiets,Op Kruispunt,Gewestweg,binnen bebouwde kom,Tss. 2 best.: langs opzij (voor-/achterkant-flank),Geen hindernis
28375,108,Heverlee teller 1,Leuven,50.8471728,4.6954674,2.3223797476789674,50.86784582877482,4.700176578864843,2021,11,15,24062,Leuven,Onbekend,Droog,Dag,met lichtgewonden,9,personenauto,3,Fiets,Op Kruispunt,Gewestweg,binnen bebouwde kom,Tss. 2 best.: langs opzij (voor-/achterkant-flank),Geen hindernis
28375,76,Heverlee teller 2,Leuven,50.84606,4.69597,2.440402362327118,50.86784582877482,4.700176578864843,2021,11,15,24062,Leuven,Onbekend,Droog,Dag,met lichtgewonden,9,personenauto,3,Fiets,Op Kruispunt,Gewestweg,binnen bebouwde kom,Tss. 2 best.: langs opzij (voor-/achterkant-flank),Geen hindernis
28376,151,Leuven,District Leuven,50.8690262,4.6854839,1.011191187349774,50.86847630526369,4.699867095652854,2021,11,14,24062,Leuven,Normaal,Droog,Dag,met zwaargewonden,3,Fiets,3,Fiets,Op Kruispunt,Gewestweg,binnen bebouwde kom,Tussen 2 bestuurders: Frontale botsing,Geen hindernis
28376,69,Leuven teller 1,Leuven,50.87549,4.71526,1.332249280296317,50.86847630526369,4.699867095652854,2021,11,14,24062,Leuven,Normaal,Droog,Dag,met zwaargewonden,3,Fiets,3,Fiets,Op Kruispunt,Gewestweg,binnen bebouwde kom,Tussen 2 bestuurders: Frontale botsing,Geen hindernis
28376,77,Leuven teller 2,Leuven,50.88672,4.70796,2.106573932504092,50.86847630526369,4.699867095652854,2021,11,14,24062,Leuven,Normaal,Droog,Dag,met zwaargewonden,3,Fiets,3,Fiets,Op Kruispunt,Gewestweg,binnen bebouwde kom,Tussen 2 bestuurders: Frontale botsing,Geen hindernis
28376,107,leuven totem,Leuven,50.8870744,4.7087919,2.160735640983268,50.86847630526369,4.699867095652854,2021,11,14,24062,Leuven,Normaal,Droog,Dag,met zwaargewonden,3,Fiets,3,Fiets,Op Kruispunt,Gewestweg,binnen bebouwde kom,Tussen 2 bestuurders: Frontale botsing,Geen hindernis
28376,108,Heverlee teller 1,Leuven,50.8471728,4.6954674,2.388887071665079,50.86847630526369,4.699867095652854,2021,11,14,24062,Leuven,Normaal,Droog,Dag,met zwaargewonden,3,Fiets,3,Fiets,Op Kruispunt,Gewestweg,binnen bebouwde kom,Tussen 2 bestuurders: Frontale botsing,Geen hindernis
28377,151,Leuven,District Leuven,50.8690262,4.6854839,1.0488854583965148,50.87509443282144,4.696928022326337,2021,11,12,24062,Leuven,Regenval,"Nat, plassen",Dag,met lichtgewonden,3,Fiets,3,Fiets,Buiten Kruispunt,Gemeenteweg,binnen bebouwde kom,Tussen 2 bestuurders: Frontale botsing,Geen hindernis
28377,69,Leuven teller 1,Leuven,50.87549,4.71526,1.2870178996208292,50.87509443282144,4.696928022326337,2021,11,12,24062,Leuven,Regenval,"Nat, plassen",Dag,met lichtgewonden,3,Fiets,3,Fiets,Buiten Kruispunt,Gemeenteweg,binnen bebouwde kom,Tussen 2 bestuurders: Frontale botsing,Geen hindernis
28377,77,Leuven teller 2,Leuven,50.88672,4.70796,1.5066880981563617,50.87509443282144,4.696928022326337,2021,11,12,24062,Leuven,Regenval,"Nat, plassen",Dag,met lichtgewonden,3,Fiets,3,Fiets,Buiten Kruispunt,Gemeenteweg,binnen bebouwde kom,Tussen 2 bestuurders: Frontale botsing,Geen hindernis
28377,107,leuven totem,Leuven,50.8870744,4.7087919,1.5707609810172032,50.87509443282144,4.696928022326337,2021,11,12,24062,Leuven,Regenval,"Nat, plassen",Dag,met lichtgewonden,3,Fiets,3,Fiets,Buiten Kruispunt,Gemeenteweg,binnen bebouwde kom,Tussen 2 bestuurders: Frontale botsing,Geen hindernis
28379,151,Leuven,District Leuven,50.8690262,4.6854839,1.4379495089803778,50.87998484763421,4.674603434167934,2021,11,9,24062,Leuven,Normaal,Droog,Dag,met zwaargewonden,9,personenauto,3,Fiets,Buiten Kruispunt,Gemeenteweg,binnen bebouwde kom,Tss. 2 best.: langs opzij (voor-/achterkant-flank),Geen hindernis
28379,73,Herent teller 2,Herent,50.89128,4.64685,2.3168583831148664,50.87998484763421,4.674603434167934,2021,11,9,24062,Leuven,Normaal,Droog,Dag,met zwaargewonden,9,personenauto,3,Fiets,Buiten Kruispunt,Gemeenteweg,binnen bebouwde kom,Tss. 2 best.: langs opzij (voor-/achterkant-flank),Geen hindernis
28379,72,Herent teller 1,Herent,50.89135,4.64689,2.3187327580898915,50.87998484763421,4.674603434167934,2021,11,9,24062,Leuven,Normaal,Droog,Dag,met zwaargewonden,9,personenauto,3,Fiets,Buiten Kruispunt,Gemeenteweg,binnen bebouwde kom,Tss. 2 best.: langs opzij (voor-/achterkant-flank),Geen hindernis
28379,77,Leuven teller 2,Leuven,50.88672,4.70796,2.456984313960425,50.87998484763421,4.674603434167934,2021,11,9,24062,Leuven,Normaal,Droog,Dag,met zwaargewonden,9,personenauto,3,Fiets,Buiten Kruispunt,Gemeenteweg,binnen bebouwde kom,Tss. 2 best.: langs opzij (voor-/achterkant-flank),Geen hindernis
28380,69,Leuven teller 1,Leuven,50.87549,4.71526,0.9952915796909196,50.870693720257705,4.72723604884217,2021,11,11,24062,Leuven,Normaal,Droog,Dag,met lichtgewonden,9,personenauto,3,Fiets,Buiten Kruispunt,Gewestweg,binnen bebouwde kom,Tussen 2 bestuurders: Frontale botsing,Geen hindernis
28380,107,leuven totem,Leuven,50.8870744,4.7087919,2.234324466888965,50.870693720257705,4.72723604884217,2021,11,11,24062,Leuven,Normaal,Droog,Dag,met lichtgewonden,9,personenauto,3,Fiets,Buiten Kruispunt,Gewestweg,binnen bebouwde kom,Tussen 2 bestuurders: Frontale botsing,Geen hindernis
28380,77,Leuven teller 2,Leuven,50.88672,4.70796,2.237113562928139,50.870693720257705,4.72723604884217,2021,11,11,24062,Leuven,Normaal,Droog,Dag,met lichtgewonden,9,personenauto,3,Fiets,Buiten Kruispunt,Gewestweg,binnen bebouwde kom,Tussen 2 bestuurders: Frontale botsing,Geen hindernis
28381,77,Leuven teller 2,Leuven,50.88672,4.70796,0.33805361877926576,50.88439707035617,4.704851104956656,2021,11,14,24062,Leuven,Regenval,"Nat, plassen",Dag,met lichtgewonden,6,Bromfiets,3,Fiets,Buiten Kruispunt,Gemeenteweg,binnen bebouwde kom,Tussen 2 bestuurders: Flank tegen flank,Geen hindernis
28381,107,leuven totem,Leuven,50.8870744,4.7087919,0.4062636180381002,50.88439707035617,4.704851104956656,2021,11,14,24062,Leuven,Regenval,"Nat, plassen",Dag,met lichtgewonden,6,Bromfiets,3,Fiets,Buiten Kruispunt,Gemeenteweg,binnen bebouwde kom,Tussen 2 bestuurders: Flank tegen flank,Geen hindernis
28381,69,Leuven teller 1,Leuven,50.87549,4.71526,1.2305390723408216,50.88439707035617,4.704851104956656,2021,11,14,24062,Leuven,Regenval,"Nat, plassen",Dag,met lichtgewonden,6,Bromfiets,3,Fiets,Buiten Kruispunt,Gemeenteweg,binnen bebouwde kom,Tussen 2 bestuurders: Flank tegen flank,Geen hindernis
28381,151,Leuven,District Leuven,50.8690262,4.6854839,2.1835160080026332,50.88439707035617,4.704851104956656,2021,11,14,24062,Leuven,Regenval,"Nat, plassen",Dag,met lichtgewonden,6,Bromfiets,3,Fiets,Buiten Kruispunt,Gemeenteweg,binnen bebouwde kom,Tussen 2 bestuurders: Flank tegen flank,Geen hindernis
28382,69,Leuven teller 1,Leuven,50.87549,4.71526,0.6701024686774336,50.87796443125581,4.706551566047145,2021,11,7,24062,Leuven,Onbekend,Onbekend,Onbekend,met lichtgewonden,3,Fiets,3,Fiets,Op Kruispunt,Gemeenteweg,binnen bebouwde kom,Tussen 2 bestuurders: Frontale botsing,Geen hindernis
28382,77,Leuven teller 2,Leuven,50.88672,4.70796,0.9785759891575202,50.87796443125581,4.706551566047145,2021,11,7,24062,Leuven,Onbekend,Onbekend,Onbekend,met lichtgewonden,3,Fiets,3,Fiets,Op Kruispunt,Gemeenteweg,binnen bebouwde kom,Tussen 2 bestuurders: Frontale botsing,Geen hindernis
28382,107,leuven totem,Leuven,50.8870744,4.7087919,1.025102554757185,50.87796443125581,4.706551566047145,2021,11,7,24062,Leuven,Onbekend,Onbekend,Onbekend,met lichtgewonden,3,Fiets,3,Fiets,Op Kruispunt,Gemeenteweg,binnen bebouwde kom,Tussen 2 bestuurders: Frontale botsing,Geen hindernis
28382,151,Leuven,District Leuven,50.8690262,4.6854839,1.7813198835878008,50.87796443125581,4.706551566047145,2021,11,7,24062,Leuven,Onbekend,Onbekend,Onbekend,met lichtgewonden,3,Fiets,3,Fiets,Op Kruispunt,Gemeenteweg,binnen bebouwde kom,Tussen 2 bestuurders: Frontale botsing,Geen hindernis
28384,72,Herent teller 1,Herent,50.89135,4.64689,1.7379107051774094,50.900829067867974,4.666592304949627,2021,11,17,24038,Herent,Normaal,Droog,Dag,met lichtgewonden,3,Fiets,11,een weggebruiker tegen een hindernis,Buiten Kruispunt,Gemeenteweg,binnen bebouwde kom,Weggebruiker tegen hindernis buiten rijbaan,Buiten de rijbaan: Dier
28384,73,Herent teller 2,Herent,50.89128,4.64685,1.7448685113786455,50.900829067867974,4.666592304949627,2021,11,17,24038,Herent,Normaal,Droog,Dag,met lichtgewonden,3,Fiets,11,een weggebruiker tegen een hindernis,Buiten Kruispunt,Gemeenteweg,binnen bebouwde kom,Weggebruiker tegen hindernis buiten rijbaan,Buiten de rijbaan: Dier
28385,77,Leuven teller 2,Leuven,50.88672,4.70796,1.672751637220969,50.89473891498655,4.6877825279206125,2021,10,9,24038,Herent,Normaal,Droog,Dag,met lichtgewonden,3,Fiets,3,Fiets,Op Kruispunt,Gewestweg,buiten bebouwde kom,Tss. 2 best.: langs opzij (voor-/achterkant-flank),Geen hindernis
28385,107,leuven totem,Leuven,50.8870744,4.7087919,1.702330716645774,50.89473891498655,4.6877825279206125,2021,10,9,24038,Herent,Normaal,Droog,Dag,met lichtgewonden,3,Fiets,3,Fiets,Op Kruispunt,Gewestweg,buiten bebouwde kom,Tss. 2 best.: langs opzij (voor-/achterkant-flank),Geen hindernis
28386,73,Herent teller 2,Herent,50.89128,4.64685,0.01616298835069047,50.89132603373274,4.646631425500201,2021,11,16,24038,Herent,Normaal,Proper,Onbekend,met lichtgewonden,6,Bromfiets,3,Fiets,Buiten Kruispunt,Gewestweg,buiten bebouwde kom,Tussen 2 bestuurders: Frontale botsing,Geen hindernis
28386,72,Herent teller 1,Herent,50.89135,4.64689,0.018331413873627384,50.89132603373274,4.646631425500201,2021,11,16,24038,Herent,Normaal,Proper,Onbekend,met lichtgewonden,6,Bromfiets,3,Fiets,Buiten Kruispunt,Gewestweg,buiten bebouwde kom,Tussen 2 bestuurders: Frontale botsing,Geen hindernis
28387,87,Aarschot,Aarschot,50.99084,4.81259,1.3315130520802283,51.00102806140826,4.822587819061226,2021,11,16,24001,Aarschot,Regenval,"Nat, plassen","Nacht, openbare verlichting aanwezig en ontstoken",met lichtgewonden,3,Fiets,10,"één bestuurder, geen hindernis",Buiten Kruispunt,Gemeenteweg,buiten bebouwde kom,"Eén bestuurder, geen hindernis (incl. val)",Geen hindernis
28392,101,Diest teller 1,Diest,50.97799,5.04481,1.0704393190626076,50.98251793242558,5.058303508252058,2021,11,15,24020,Diest,Normaal,Proper,Dag,met lichtgewonden,9,personenauto,3,Fiets,Buiten Kruispunt,Gemeenteweg,binnen bebouwde kom,Tussen 2 bestuurders: Flank tegen flank,Geen hindernis
28392,102,Diest teller 2,Diest,50.9779,5.04474,1.0794915046045948,50.98251793242558,5.058303508252058,2021,11,15,24020,Diest,Normaal,Proper,Dag,met lichtgewonden,9,personenauto,3,Fiets,Buiten Kruispunt,Gemeenteweg,binnen bebouwde kom,Tussen 2 bestuurders: Flank tegen flank,Geen hindernis
28394,101,Diest teller 1,Diest,50.97799,5.04481,0.49651736895480575,50.979522779892015,5.051471234469063,2021,11,17,24020,Diest,Regenval,"Nat, plassen","Nacht, openbare verlichting aanwezig en ontstoken",met lichtgewonden,9,personenauto,3,Fiets,Op Kruispunt,Gewestweg,binnen bebouwde kom,Tss. 2 best.: langs opzij (voor-/achterkant-flank),Geen hindernis
28394,102,Diest teller 2,Diest,50.9779,5.04474,0.5046149333022136,50.979522779892015,5.051471234469063,2021,11,17,24020,Diest,Regenval,"Nat, plassen","Nacht, openbare verlichting aanwezig en ontstoken",met lichtgewonden,9,personenauto,3,Fiets,Op Kruispunt,Gewestweg,binnen bebouwde kom,Tss. 2 best.: langs opzij (voor-/achterkant-flank),Geen hindernis
28400,26,Zaventem,Zaventem,50.86995,4.45444,2.2244135977084025,50.8735330204118,4.485627505990063,2021,11,17,23094,Zaventem,Normaal,Droog,"Nacht, openbare verlichting aanwezig en ontstoken",met lichtgewonden,3,Fiets,9,personenauto,Op Kruispunt,Gewestweg,buiten bebouwde kom,Tussen 2 bestuurders: Frontale botsing,Geen hindernis
28400,111,Zaventem totem,Zaventem,50.8871216,4.4597084,2.364259074998288,50.8735330204118,4.485627505990063,2021,11,17,23094,Zaventem,Normaal,Droog,"Nacht, openbare verlichting aanwezig en ontstoken",met lichtgewonden,3,Fiets,9,personenauto,Op Kruispunt,Gewestweg,buiten bebouwde kom,Tussen 2 bestuurders: Frontale botsing,Geen hindernis