crash_row_id,site_id,site_name,site_gemeente,site_lat,site_long,distance_km,crash_lat,crash_long,DT_YEAR_COLLISION,DT_MONTH_COLLISION,DT_TIME,CD_NIS,TX_MUNTY_COLLISION_NL,TX_WEATHER_NL,TX_ROAD_CONDITION_NL,TX_LIGHT_CONDITION_NL,TX_CLASS_ACCIDENTS_NL,CD_ROAD_USR_TYPE1,TX_ROAD_USR_TYPE1_NL,CD_ROAD_USR_TYPE2,TX_ROAD_USR_TYPE2_NL,TX_CROSSWAY_NL,CD_ROAD_TYPE_NL,TX_BUILD_UP_AREA_NL,TX_COLLISION_TYPE_NL,TX_OBSTACLES_NL
28401,145,Overijse,District Vilvoorde-gewestwegen,50.7885856,4.4908759,0.2514025290214685,50.788456098229865,4.494446384898035,2021,11,16,23062,Overijse,Normaal,Droog,Dageraad - schemering,met lichtgewonden,5,Lichte vrachtauto,3,Fiets,Buiten Kruispunt,Gewestweg,buiten bebouwde kom,Tss. 2 best.: langs opzij (voor-/achterkant-flank),Geen hindernis
28401,146,Overijse 2,District Vilvoorde-gewestwegen,50.7881478,4.4902818,0.29475415636778807,50.788456098229865,4.494446384898035,2021,11,16,23062,Overijse,Normaal,Droog,Dageraad - schemering,met lichtgewonden,5,Lichte vrachtauto,3,Fiets,Buiten Kruispunt,Gewestweg,buiten bebouwde kom,Tss. 2 best.: langs opzij (voor-/achterkant-flank),Geen hindernis
28401,147,Overijse,District Vilvoorde-gewestwegen,50.7797555,4.4975769,0.992179319169805,50.788456098229865,4.494446384898035,2021,11,16,23062,Overijse,Normaal,Droog,Dageraad - schemering,met lichtgewonden,5,Lichte vrachtauto,3,Fiets,Buiten Kruispunt,Gewestweg,buiten bebouwde kom,Tss. 2 best.: langs opzij (voor-/achterkant-flank),Geen hindernis
28410,27,Grimbergen,Meise,50.92127,4.34013,1.5683046535697922,50.934449337239386,4.332160718847569,2021,11,8,23050,Meise,Normaal,Droog,Dageraad - schemering,met lichtgewonden,5,Lichte vrachtauto,3,Fiets,Op Kruispunt,Gewestweg,buiten bebouwde kom,Tss. 2 best.: langs opzij (voor-/achterkant-flank),Geen hindernis
28411,27,Grimbergen,Meise,50.92127,4.34013,2.2280189267619144,50.90156052704399,4.334407176250018,2021,10,8,23025,Grimbergen,Onbekend,Onbekend,"Nacht, openbare verlichting aanwezig en ontstoken",met lichtgewonden,3,Fiets,3,Fiets,Buiten Kruispunt,Gemeenteweg,buiten bebouwde kom,Tussen 2 bestuurders: Frontale botsing,Geen hindernis
28412,27,Grimbergen,Meise,50.92127,4.34013,1.9323476706422393,50.93345669031903,4.359785101972192,2021,10,11,23025,Grimbergen,Normaal,Proper,Dag,met lichtgewonden,3,Fiets,11,een weggebruiker tegen een hindernis,Buiten Kruispunt,Gemeenteweg,binnen bebouwde kom,Weggebruiker tegen hindernis op de rijbaan,"Op de rijbaan: Werken (signal., aarde, toestel,…)"
28414,47,Vilvoorde,Vilvoorde,50.91372,4.41497,1.9526708368030574,50.92766169648866,4.431907888059467,2021,11,16,23088,Vilvoorde,Mist (zichtbaarheid minder dan 100m),Droog,Dag,met lichtgewonden,9,personenauto,3,Fiets,Op Kruispunt,Gemeenteweg,binnen bebouwde kom,Tss. 2 best.: langs opzij (voor-/achterkant-flank),Geen hindernis
28414,1,Machelen,Machelen,50.91618331151478,4.456121776137429,2.1236212027072754,50.92766169648866,4.431907888059467,2021,11,16,23088,Vilvoorde,Mist (zichtbaarheid minder dan 100m),Droog,Dag,met lichtgewonden,9,personenauto,3,Fiets,Op Kruispunt,Gemeenteweg,binnen bebouwde kom,Tss. 2 best.: langs opzij (voor-/achterkant-flank),Geen hindernis
28416,109,Zemst,Zemst,50.9903936,4.4707023,1.7166970991881834,50.98895920190333,4.495122976253857,2021,11,8,23096,Zemst,Normaal,Droog,Dag,met lichtgewonden,3,Fiets,9,personenauto,Op Kruispunt,Gewestweg,binnen bebouwde kom,Tss. 2 best.: langs opzij (voor-/achterkant-flank),Geen hindernis
28420,13,Gent,Gent,51.03018,3.70146,1.4945792984715816,51.04233185394162,3.710594639237917,2021,11,13,44021,Gent,Normaal,Droog,Dag,met lichtgewonden,3,Fiets,9,personenauto,Op Kruispunt,Gewestweg,binnen bebouwde kom,Tss. 2 best.: langs opzij (voor-/achterkant-flank),Geen hindernis
28422,136,Gent R4,Gent,51.0876313,3.7587918,0.44991700244143173,51.08358531283561,3.7587256069486368,2021,11,16,44021,Gent,Normaal,Droog,Dag,met lichtgewonden,9,personenauto,3,Fiets,Buiten Kruispunt,Gemeenteweg,binnen bebouwde kom,Tss. 2 best.: langs opzij (voor-/achterkant-flank),Geen hindernis
28424,13,Gent,Gent,51.03018,3.70146,2.1197516101538025,51.01452427875222,3.7187521937725374,2021,11,9,44021,Gent,Normaal,"Nat, plassen",Dag,met lichtgewonden,3,Fiets,3,Fiets,Buiten Kruispunt,Gemeenteweg,buiten bebouwde kom,Tussen 2 bestuurders: Flank tegen flank,Geen hindernis
28428,13,Gent,Gent,51.03018,3.70146,1.8843340592034175,51.036603911348415,3.726396020193277,2021,11,16,44021,Gent,Normaal,"Nat, plassen",Dag,met lichtgewonden,3,Fiets,5,Lichte vrachtauto,Op Kruispunt,Gemeenteweg,binnen bebouwde kom,Tussen 2 bestuurders: Flank tegen flank,Geen hindernis
28430,13,Gent,Gent,51.03018,3.70146,1.6053229149358554,51.04316851218327,3.711483260188227,2021,11,20,44021,Gent,Normaal,Droog,"Nacht, openbare verlichting aanwezig en ontstoken",met lichtgewonden,9,personenauto,3,Fiets,Op Kruispunt,Gewestweg,binnen bebouwde kom,Tss. 2 best.: langs opzij (voor-/achterkant-flank),Geen hindernis
28433,136,Gent R4,Gent,51.0876313,3.7587918,2.3343837231315043,51.08925535709361,3.7254690203926604,2021,11,5,44021,Gent,Normaal,"Nat, plassen","Nacht, openbare verlichting aanwezig en ontstoken",met lichtgewonden,3,Fiets,9,personenauto,Op Kruispunt,Gewestweg,binnen bebouwde kom,Tss. 2 best.: langs opzij (voor-/achterkant-flank),Geen hindernis
28435,13,Gent,Gent,51.03018,3.70146,2.1567696883315914,51.01372870050269,3.7177945124840823,2021,11,11,44021,Gent,Normaal,Droog,Dag,met lichtgewonden,9,personenauto,3,Fiets,Buiten Kruispunt,Autosnelweg,buiten bebouwde kom,Tss. 2 best.: langs opzij (voor-/achterkant-flank),Geen hindernis
28438,13,Gent,Gent,51.03018,3.70146,2.1967927376434115,51.04583831620231,3.720618282707864,2021,11,11,44021,Gent,Normaal,"Nat, plassen",Dag,met lichtgewonden,3,Fiets,8,Voetganger,Buiten Kruispunt,Gemeenteweg,binnen bebouwde kom,Met een voetganger,Geen hindernis
28439,13,Gent,Gent,51.03018,3.70146,1.150400468291289,51.03466090117087,3.7162880611404,2021,11,10,44021,Gent,Normaal,Droog,Dag,met lichtgewonden,3,Fiets,11,een weggebruiker tegen een hindernis,Op Kruispunt,Gewestweg,binnen bebouwde kom,Weggebruiker tegen hindernis op de rijbaan,"Op de rijbaan: Put, straatgoot, tramspoor"
28440,136,Gent R4,Gent,51.0876313,3.7587918,2.165625951436459,51.10391429199285,3.7758061183497498,2021,11,11,44021,Gent,Regenval,"Nat, plassen",Dag,met lichtgewonden,5,Lichte vrachtauto,3,Fiets,Op Kruispunt,Gemeenteweg,binnen bebouwde kom,Tss. 2 best.: langs opzij (voor-/achterkant-flank),Geen hindernis
28441,13,Gent,Gent,51.03018,3.70146,1.788042290914426,51.042596091116266,3.7177099029033687,2021,11,13,44021,Gent,Normaal,Droog,Dag,met lichtgewonden,9,personenauto,3,Fiets,Op Kruispunt,Gewestweg,binnen bebouwde kom,Tss. 2 best.: langs opzij (voor-/achterkant-flank),Geen hindernis
28443,13,Gent,Gent,51.03018,3.70146,1.3659514394581667,51.03269373510782,3.720579844435126,2021,11,11,44021,Gent,Normaal,Droog,Dag,met lichtgewonden,3,Fiets,9,personenauto,Op Kruispunt,Gewestweg,binnen bebouwde kom,Tss. 2 best.: langs opzij (voor-/achterkant-flank),Geen hindernis
28445,118,Gent teller 1,Gent,51.028049,3.7681359,1.2033950618702072,51.03481127313143,3.7547002410057084,2021,11,8,44021,Gent,Normaal,Droog,Dag,met lichtgewonden,9,personenauto,3,Fiets,Op Kruispunt,Gewestweg,binnen bebouwde kom,Tss. 2 best.: langs opzij (voor-/achterkant-flank),Geen hindernis
28445,119,Gent teller 2,Gent,51.0281795,3.7683918,1.208508232389181,51.03481127313143,3.7547002410057084,2021,11,8,44021,Gent,Normaal,Droog,Dag,met lichtgewonden,9,personenauto,3,Fiets,Op Kruispunt,Gewestweg,binnen bebouwde kom,Tss. 2 best.: langs opzij (voor-/achterkant-flank),Geen hindernis
28446,13,Gent,Gent,51.03018,3.70146,1.8144757575276125,51.04208142126025,3.7192134227103457,2021,11,9,44021,Gent,Normaal,Droog,Dag,met lichtgewonden,3,Fiets,5,Lichte vrachtauto,Op Kruispunt,Gewestweg,binnen bebouwde kom,Tss. 2 best.: langs opzij (voor-/achterkant-flank),Geen hindernis
28451,13,Gent,Gent,51.03018,3.70146,1.8335110693409586,51.0407880719461,3.721534831728558,2021,11,22,44021,Gent,Normaal,"Nat, plassen+Proper","Nacht, openbare verlichting aanwezig en ontstoken",met lichtgewonden,6,Bromfiets,3,Fiets,Buiten Kruispunt,Gewestweg,binnen bebouwde kom,Tussen 2 bestuurders: Frontale botsing,Geen hindernis
28453,13,Gent,Gent,51.03018,3.70146,2.0872623171457123,51.04690852967085,3.715002567732385,2021,11,12,44021,Gent,Regenval,"Nat, plassen",Dag,met lichtgewonden,3,Fiets,3,Fiets,Op Kruispunt,Gemeenteweg,binnen bebouwde kom,Tss. 2 best.: langs opzij (voor-/achterkant-flank),Geen hindernis
28468,116,Melle teller 2,Melle,50.9986113,3.8040599,0.680049196247325,50.998821864953676,3.794347781213717,2021,11,8,44040,Melle,Normaal,"Nat, plassen",Dageraad - schemering,met zwaargewonden,3,Fiets,10,"één bestuurder, geen hindernis",Buiten Kruispunt,Gemeenteweg,binnen bebouwde kom,"Eén bestuurder, geen hindernis (incl. val)",Geen hindernis
28468,117,Melle teller 1,Melle,50.9986113,3.8040599,0.680049196247325,50.998821864953676,3.794347781213717,2021,11,8,44040,Melle,Normaal,"Nat, plassen",Dageraad - schemering,met zwaargewonden,3,Fiets,10,"één bestuurder, geen hindernis",Buiten Kruispunt,Gemeenteweg,binnen bebouwde kom,"Eén bestuurder, geen hindernis (incl. val)",Geen hindernis
28469,119,Gent teller 2,Gent,51.0281795,3.7683918,0.8254353866873706,51.022421672968854,3.775841056885225,2021,11,14,44040,Melle,Normaal,Droog,Dag,met lichtgewonden,3,Fiets,11,een weggebruiker tegen een hindernis,Buiten Kruispunt,Gewestweg,buiten bebouwde kom,Weggebruiker tegen hindernis op de rijbaan,"Op de rijbaan: Put, straatgoot, tramspoor"
28469,118,Gent teller 1,Gent,51.028049,3.7681359,0.8257985030890629,51.022421672968854,3.775841056885225,2021,11,14,44040,Melle,Normaal,Droog,Dag,met lichtgewonden,3,Fiets,11,een weggebruiker tegen een hindernis,Buiten Kruispunt,Gewestweg,buiten bebouwde kom,Weggebruiker tegen hindernis op de rijbaan,"Op de rijbaan: Put, straatgoot, tramspoor"
28470,116,Melle teller 2,Melle,50.9986113,3.8040599,0.7967692717151201,51.00194911834975,3.7939844744380204,2021,11,8,44040,Melle,Normaal,Droog,Dag,met lichtgewonden,9,personenauto,3,Fiets,Buiten Kruispunt,Gemeenteweg,binnen bebouwde kom,Tss. 2 best.: langs opzij (voor-/achterkant-flank),Geen hindernis
28470,117,Melle teller 1,Melle,50.9986113,3.8040599,0.7967692717151201,51.00194911834975,3.7939844744380204,2021,11,8,44040,Melle,Normaal,Droog,Dag,met lichtgewonden,9,personenauto,3,Fiets,Buiten Kruispunt,Gemeenteweg,binnen bebouwde kom,Tss. 2 best.: langs opzij (voor-/achterkant-flank),Geen hindernis
28475,6,Evergem 2,Evergem,51.10894,3.70298,2.3997054801252995,51.12265963648221,3.6764426872724165,2021,11,7,44019,Evergem,Regenval,"Nat, plassen","Nacht, openbare verlichting aanwezig en ontstoken",met lichtgewonden,3,Fiets,9,personenauto,Op Kruispunt,Gewestweg,binnen bebouwde kom,Tss. 2 best.: langs opzij (voor-/achterkant-flank),Geen hindernis
28475,7,Evergem 1,Evergem,51.1089,3.70317,2.412776356037861,51.12265963648221,3.6764426872724165,2021,11,7,44019,Evergem,Regenval,"Nat, plassen","Nacht, openbare verlichting aanwezig en ontstoken",met lichtgewonden,3,Fiets,9,personenauto,Op Kruispunt,Gewestweg,binnen bebouwde kom,Tss. 2 best.: langs opzij (voor-/achterkant-flank),Geen hindernis
28482,115,Aalter,Aalter,51.1058367,3.4350591,1.8846230223033442,51.09063917044161,3.4470070816147067,2021,11,17,44084,Aalter,Normaal,Droog,"Nacht, openbare verlichting aanwezig en ontstoken",met lichtgewonden,5,Lichte vrachtauto,3,Fiets,Buiten Kruispunt,Gewestweg,binnen bebouwde kom,Tss. 2 best.: langs opzij (voor-/achterkant-flank),Geen hindernis
28508,141,Test site A support,Lokeren,51.08342085,3.9961071208376326,1.7646301542476817,51.090646343280966,4.018601163412483,2021,11,14,46014,Lokeren,Normaal,Droog,Dag,met lichtgewonden,3,Fiets,3,Fiets,Op Kruispunt,Gewestweg,buiten bebouwde kom,Tss. 2 best.: langs opzij (voor-/achterkant-flank),Geen hindernis
28510,141,Test site A support,Lokeren,51.08342085,3.9961071208376326,0.8678015775917466,51.08942637690572,4.004041709307381,2021,11,17,46014,Lokeren,Normaal,"Nat, plassen","Nacht, openbare verlichting aanwezig en ontstoken",met zwaargewonden,3,Fiets,11,een weggebruiker tegen een hindernis,Op Kruispunt,Gemeenteweg,buiten bebouwde kom,Weggebruiker tegen hindernis op de rijbaan,"Op de rijbaan: Put, straatgoot, tramspoor"
28510,129,Lokeren teller 2,Lokeren,51.09612,3.97025,2.4745091919522086,51.08942637690572,4.004041709307381,2021,11,17,46014,Lokeren,Normaal,"Nat, plassen","Nacht, openbare verlichting aanwezig en ontstoken",met zwaargewonden,3,Fiets,11,een weggebruiker tegen een hindernis,Op Kruispunt,Gemeenteweg,buiten bebouwde kom,Weggebruiker tegen hindernis op de rijbaan,"Op de rijbaan: Put, straatgoot, tramspoor"
28510,128,Lokeren teller 1,Lokeren,51.09644,3.97023,2.4867620160827895,51.08942637690572,4.004041709307381,2021,11,17,46014,Lokeren,Normaal,"Nat, plassen","Nacht, openbare verlichting aanwezig en ontstoken",met zwaargewonden,3,Fiets,11,een weggebruiker tegen een hindernis,Op Kruispunt,Gemeenteweg,buiten bebouwde kom,Weggebruiker tegen hindernis op de rijbaan,"Op de rijbaan: Put, straatgoot, tramspoor"
28511,128,Lokeren teller 1,Lokeren,51.09644,3.97023,2.104075294628429,51.10833055963326,3.9936717305203873,2021,11,15,46014,Lokeren,Onbekend,Onbekend,Dag,met lichtgewonden,9,personenauto,3,Fiets,Buiten Kruispunt,Gemeenteweg,onbekend,Tss. 2 best.: langs opzij (voor-/achterkant-flank),Geen hindernis
28511,129,Lokeren teller 2,Lokeren,51.09612,3.97025,2.125544629476611,51.10833055963326,3.9936717305203873,2021,11,15,46014,Lokeren,Onbekend,Onbekend,Dag,met lichtgewonden,9,personenauto,3,Fiets,Buiten Kruispunt,Gemeenteweg,onbekend,Tss. 2 best.: langs opzij (voor-/achterkant-flank),Geen hindernis
28512,126,Hamme totem,Hamme,51.1017709,4.1469307,1.4175087490642224,51.0911634245904,4.158189264791097,2021,11,8,42008,Hamme,Normaal,"Nat, plassen",Dag,met lichtgewonden,3,Fiets,6,Bromfiets,Buiten Kruispunt,Gemeenteweg,binnen bebouwde kom,Tussen 2 bestuurders: Frontale botsing,Geen hindernis
28513,120,Zele teller 1,Zele,51.0607671,4.0547741,1.7077178317814612,51.06585309587178,4.0317157619280595,2021,11,17,42028,Zele,Normaal,Droog,Dageraad - schemering,met lichtgewonden,3,Fiets,9,personenauto,Buiten Kruispunt,Gewestweg,binnen bebouwde kom,Tss. 2 best.: langs opzij (voor-/achterkant-flank),Geen hindernis
28513,121,Zele teller 2,Zele,51.0604067,4.0556696,1.7801252276452417,51.06585309587178,4.0317157619280595,2021,11,17,42028,Zele,Normaal,Droog,Dageraad - schemering,met lichtgewonden,3,Fiets,9,personenauto,Buiten Kruispunt,Gewestweg,binnen bebouwde kom,Tss. 2 best.: langs opzij (voor-/achterkant-flank),Geen hindernis
28514,120,Zele teller 1,Zele,51.0607671,4.0547741,1.7872140299805537,51.060429845151106,4.029206380067102,2021,11,9,42028,Zele,Normaal,"Ijzel, sneeuw",Dag,met lichtgewonden,3,Fiets,10,"één bestuurder, geen hindernis",Buiten Kruispunt,Gemeenteweg,binnen bebouwde kom,"Eén bestuurder, geen hindernis (incl. val)",Geen hindernis
28514,121,Zele teller 2,Zele,51.0604067,4.0556696,1.8494122672655733,51.060429845151106,4.029206380067102,2021,11,9,42028,Zele,Normaal,"Ijzel, sneeuw",Dag,met lichtgewonden,3,Fiets,10,"één bestuurder, geen hindernis",Buiten Kruispunt,Gemeenteweg,binnen bebouwde kom,"Eén bestuurder, geen hindernis (incl. val)",Geen hindernis
28515,120,Zele teller 1,Zele,51.0607671,4.0547741,1.8400115918403934,51.07400522259015,4.038974536456982,2021,11,14,42028,Zele,Normaal,Droog,Dag,met zwaargewonden,3,Fiets,10,"één bestuurder, geen hindernis",Buiten Kruispunt,Gemeenteweg,binnen bebouwde kom,"Eén bestuurder, geen hindernis (incl. val)",Geen hindernis
28515,121,Zele teller 2,Zele,51.0604067,4.0556696,1.9097953395470906,51.07400522259015,4.038974536456982,2021,11,14,42028,Zele,Normaal,Droog,Dag,met zwaargewonden,3,Fiets,10,"één bestuurder, geen hindernis",Buiten Kruispunt,Gemeenteweg,binnen bebouwde kom,"Eén bestuurder, geen hindernis (incl. val)",Geen hindernis
28516,120,Zele teller 1,Zele,51.0607671,4.0547741,1.3415337618892762,51.06614739421135,4.037591463390573,2021,11,15,42028,Zele,Normaal,Droog,Dag,met lichtgewonden,9,personenauto,3,Fiets,Buiten Kruispunt,Gemeenteweg,binnen bebouwde kom,Tss. 2 best.: langs opzij (voor-/achterkant-flank),Geen hindernis
28516,121,Zele teller 2,Zele,51.0604067,4.0556696,1.415443572834156,51.06614739421135,4.037591463390573,2021,11,15,42028,Zele,Normaal,Droog,Dag,met lichtgewonden,9,personenauto,3,Fiets,Buiten Kruispunt,Gemeenteweg,binnen bebouwde kom,Tss. 2 best.: langs opzij (voor-/achterkant-flank),Geen hindernis
28517,120,Zele teller 1,Zele,51.0607671,4.0547741,1.452946897168371,51.0628291822694,4.034243786780104,2021,11,17,42028,Zele,Normaal,Droog,"Nacht, openbare verlichting aanwezig en ontstoken",met lichtgewonden,3,Fiets,9,personenauto,Buiten Kruispunt,Gemeenteweg,binnen bebouwde kom,Tussen 2 bestuurders: Langs achteren,Geen hindernis
28517,121,Zele teller 2,Zele,51.0604067,4.0556696,1.5213636850715289,51.0628291822694,4.034243786780104,2021,11,17,42028,Zele,Normaal,Droog,"Nacht, openbare verlichting aanwezig en ontstoken",met lichtgewonden,3,Fiets,9,personenauto,Buiten Kruispunt,Gemeenteweg,binnen bebouwde kom,Tussen 2 bestuurders: Langs achteren,Geen hindernis
28528,116,Melle teller 2,Melle,50.9986113,3.8040599,1.6070722442427952,50.993271590338495,3.825398782389646,2021,11,16,44040,Melle,Normaal,Droog,Dag,met lichtgewonden,6,Bromfiets,3,Fiets,Buiten Kruispunt,Gewestweg,buiten bebouwde kom,Tussen 2 bestuurders: Langs achteren,Geen hindernis
28528,117,Melle teller 1,Melle,50.9986113,3.8040599,1.6070722442427952,50.993271590338495,3.825398782389646,2021,11,16,44040,Melle,Normaal,Droog,Dag,met lichtgewonden,6,Bromfiets,3,Fiets,Buiten Kruispunt,Gewestweg,buiten bebouwde kom,Tussen 2 bestuurders: Langs achteren,Geen hindernis
28530,10,Aalst 2,Aalst,50.93549,4.01571,2.1800263663551473,50.94234629135861,4.044857881848805,2021,11,11,41002,Aalst,Onbekend,"Nat, plassen",Dag,met lichtgewonden,3,Fiets,10,"één bestuurder, geen hindernis",Buiten Kruispunt,Gemeenteweg,binnen bebouwde kom,"Eén bestuurder, geen hindernis (incl. val)",Geen hindernis
28530,11,Aalst 3,Aalst,50.93385,4.01647,2.2021076943721507,50.94234629135861,4.044857881848805,2021,11,11,41002,Aalst,Onbekend,"Nat, plassen",Dag,met lichtgewonden,3,Fiets,10,"één bestuurder, geen hindernis",Buiten Kruispunt,Gemeenteweg,binnen bebouwde kom,"Eén bestuurder, geen hindernis (incl. val)",Geen hindernis
28530,19,Aalst 1,Aalst,50.93433,4.01471,2.2928285521547003,50.94234629135861,4.044857881848805,2021,11,11,41002,Aalst,Onbekend,"Nat, plassen",Dag,met lichtgewonden,3,Fiets,10,"één bestuurder, geen hindernis",Buiten Kruispunt,Gemeenteweg,binnen bebouwde kom,"Eén bestuurder, geen hindernis (incl. val)",Geen hindernis
28531,10,Aalst 2,Aalst,50.93549,4.01571,1.0875518260740962,50.937736273215734,4.030815447635504,2021,11,11,41002,Aalst,Normaal,Droog,Dag,met zwaargewonden,9,personenauto,3,Fiets,Buiten Kruispunt,Gemeenteweg,binnen bebouwde kom,Tussen 2 bestuurders: Langs achteren,Geen hindernis
28531,11,Aalst 3,Aalst,50.93385,4.01647,1.0941909287046614,50.937736273215734,4.030815447635504,2021,11,11,41002,Aalst,Normaal,Droog,Dag,met zwaargewonden,9,personenauto,3,Fiets,Buiten Kruispunt,Gemeenteweg,binnen bebouwde kom,Tussen 2 bestuurders: Langs achteren,Geen hindernis
28531,19,Aalst 1,Aalst,50.93433,4.01471,1.190430421522093,50.937736273215734,4.030815447635504,2021,11,11,41002,Aalst,Normaal,Droog,Dag,met zwaargewonden,9,personenauto,3,Fiets,Buiten Kruispunt,Gemeenteweg,binnen bebouwde kom,Tussen 2 bestuurders: Langs achteren,Geen hindernis
28532,11,Aalst 3,Aalst,50.93385,4.01647,1.415306103741944,50.93675147369169,4.036135319329825,2021,11,20,41002,Aalst,Normaal,Droog,"Nacht, openbare verlichting aanwezig en ontstoken",met lichtgewonden,3,Fiets,9,personenauto,Op Kruispunt,Gemeenteweg,binnen bebouwde kom,Tss. 2 best.: langs opzij (voor-/achterkant-flank),Geen hindernis
28532,10,Aalst 2,Aalst,50.93549,4.01571,1.4381313329690861,50.93675147369169,4.036135319329825,2021,11,20,41002,Aalst,Normaal,Droog,"Nacht, openbare verlichting aanwezig en ontstoken",met lichtgewonden,3,Fiets,9,personenauto,Op Kruispunt,Gemeenteweg,binnen bebouwde kom,Tss. 2 best.: langs opzij (voor-/achterkant-flank),Geen hindernis
28532,19,Aalst 1,Aalst,50.93433,4.01471,1.5253197059449628,50.93675147369169,4.036135319329825,2021,11,20,41002,Aalst,Normaal,Droog,"Nacht, openbare verlichting aanwezig en ontstoken",met lichtgewonden,3,Fiets,9,personenauto,Op Kruispunt,Gemeenteweg,binnen bebouwde kom,Tss. 2 best.: langs opzij (voor-/achterkant-flank),Geen hindernis
28538,125,Dendermonde totem,Dendermonde,51.0372706,4.1025998,1.9581535073082665,51.02096638778527,4.1131812436329,2021,11,17,42006,Dendermonde,Normaal,Droog,Dag,met lichtgewonden,3,Fiets,9,personenauto,Buiten Kruispunt,Gemeenteweg,binnen bebouwde kom,Tussen 2 bestuurders: Langs achteren,Geen hindernis
28538,122,Dendermonde teller 2,Dendermonde,51.0373918,4.1019222,1.9889163409021182,51.02096638778527,4.1131812436329,2021,11,17,42006,Dendermonde,Normaal,Droog,Dag,met lichtgewonden,3,Fiets,9,personenauto,Buiten Kruispunt,Gemeenteweg,binnen bebouwde kom,Tussen 2 bestuurders: Langs achteren,Geen hindernis
28541,53,Brugge teller 1,Brugge,51.23023,3.228,1.7526699306929232,51.22070288796206,3.2079490786862457,2021,11,8,31005,Brugge,Normaal,Droog,Dag,met lichtgewonden,3,Fiets,5,Lichte vrachtauto,Buiten Kruispunt,Gewestweg,binnen bebouwde kom,Tss. 2 best.: langs opzij (voor-/achterkant-flank),Geen hindernis
28541,54,Brugge teller 2,Brugge,51.23015,3.22818,1.7573411089436881,51.22070288796206,3.2079490786862457,2021,11,8,31005,Brugge,Normaal,Droog,Dag,met lichtgewonden,3,Fiets,5,Lichte vrachtauto,Buiten Kruispunt,Gewestweg,binnen bebouwde kom,Tss. 2 best.: langs opzij (voor-/achterkant-flank),Geen hindernis
28541,52,Brugge,Brugge,51.22632,3.24095,2.381534702156599,51.22070288796206,3.2079490786862457,2021,11,8,31005,Brugge,Normaal,Droog,Dag,met lichtgewonden,3,Fiets,5,Lichte vrachtauto,Buiten Kruispunt,Gewestweg,binnen bebouwde kom,Tss. 2 best.: langs opzij (voor-/achterkant-flank),Geen hindernis
28541,142,TEST Validatie BRUGGE Y2H22022134,Brugge,51.22632,3.24095,2.381534702156599,51.22070288796206,3.2079490786862457,2021,11,8,31005,Brugge,Normaal,Droog,Dag,met lichtgewonden,3,Fiets,5,Lichte vrachtauto,Buiten Kruispunt,Gewestweg,binnen bebouwde kom,Tss. 2 best.: langs opzij (voor-/achterkant-flank),Geen hindernis
28547,50,"Brugge, Sint-Andries",Brugge,51.19291,3.16252,2.1108344005428603,51.19930277340647,3.191043419086974,2021,11,8,31005,Brugge,Normaal,"Nat, plassen",Dag,met zwaargewonden,3,Fiets,5,Lichte vrachtauto,Buiten Kruispunt,Gewestweg,binnen bebouwde kom,Tussen 2 bestuurders: Flank tegen flank,Geen hindernis
28547,51,"Brugge, Sint-Andries",Brugge,51.19281,3.16252,2.114606944919579,51.19930277340647,3.191043419086974,2021,11,8,31005,Brugge,Normaal,"Nat, plassen",Dag,met zwaargewonden,3,Fiets,5,Lichte vrachtauto,Buiten Kruispunt,Gewestweg,binnen bebouwde kom,Tussen 2 bestuurders: Flank tegen flank,Geen hindernis
28549,142,TEST Validatie BRUGGE Y2H22022134,Brugge,51.22632,3.24095,1.542688268604722,51.2138324348668,3.2506013250888355,2021,11,17,31005,Brugge,Normaal,Droog,Dag,met lichtgewonden,4,Vrachtwagen,3,Fiets,Op Kruispunt,Gemeenteweg,binnen bebouwde kom,Tss. 2 best.: langs opzij (voor-/achterkant-flank),Geen hindernis
28549,52,Brugge,Brugge,51.22632,3.24095,1.542688268604722,51.2138324348668,3.2506013250888355,2021,11,17,31005,Brugge,Normaal,Droog,Dag,met lichtgewonden,4,Vrachtwagen,3,Fiets,Op Kruispunt,Gemeenteweg,binnen bebouwde kom,Tss. 2 best.: langs opzij (voor-/achterkant-flank),Geen hindernis
28549,54,Brugge teller 2,Brugge,51.23015,3.22818,2.39381003758736,51.2138324348668,3.2506013250888355,2021,11,17,31005,Brugge,Normaal,Droog,Dag,met lichtgewonden,4,Vrachtwagen,3,Fiets,Op Kruispunt,Gemeenteweg,binnen bebouwde kom,Tss. 2 best.: langs opzij (voor-/achterkant-flank),Geen hindernis
28549,53,Brugge teller 1,Brugge,51.23023,3.228,2.408731391822805,51.2138324348668,3.2506013250888355,2021,11,17,31005,Brugge,Normaal,Droog,Dag,met lichtgewonden,4,Vrachtwagen,3,Fiets,Op Kruispunt,Gemeenteweg,binnen bebouwde kom,Tss. 2 best.: langs opzij (voor-/achterkant-flank),Geen hindernis
28550,142,TEST Validatie BRUGGE Y2H22022134,Brugge,51.22632,3.24095,2.2736684320311222,51.20968838556462,3.221959130316988,2021,11,8,31005,Brugge,Normaal,Droog,Dag,met lichtgewonden,9,personenauto,3,Fiets,Buiten Kruispunt,Gewestweg,binnen bebouwde kom,Tussen 2 bestuurders: Flank tegen flank,Geen hindernis