crash_row_id,site_id,site_name,site_gemeente,site_lat,site_long,distance_km,crash_lat,crash_long,DT_YEAR_COLLISION,DT_MONTH_COLLISION,DT_TIME,CD_NIS,TX_MUNTY_COLLISION_NL,TX_WEATHER_NL,TX_ROAD_CONDITION_NL,TX_LIGHT_CONDITION_NL,TX_CLASS_ACCIDENTS_NL,CD_ROAD_USR_TYPE1,TX_ROAD_USR_TYPE1_NL,CD_ROAD_USR_TYPE2,TX_ROAD_USR_TYPE2_NL,TX_CROSSWAY_NL,CD_ROAD_TYPE_NL,TX_BUILD_UP_AREA_NL,TX_COLLISION_TYPE_NL,TX_OBSTACLES_NL
28550,52,Brugge,Brugge,51.22632,3.24095,2.2736684320311222,51.20968838556462,3.221959130316988,2021,11,8,31005,Brugge,Normaal,Droog,Dag,met lichtgewonden,9,personenauto,3,Fiets,Buiten Kruispunt,Gewestweg,binnen bebouwde kom,Tussen 2 bestuurders: Flank tegen flank,Geen hindernis
28550,54,Brugge teller 2,Brugge,51.23015,3.22818,2.3161107552944156,51.20968838556462,3.221959130316988,2021,11,8,31005,Brugge,Normaal,Droog,Dag,met lichtgewonden,9,personenauto,3,Fiets,Buiten Kruispunt,Gewestweg,binnen bebouwde kom,Tussen 2 bestuurders: Flank tegen flank,Geen hindernis
28550,53,Brugge teller 1,Brugge,51.23023,3.228,2.322546320526179,51.20968838556462,3.221959130316988,2021,11,8,31005,Brugge,Normaal,Droog,Dag,met lichtgewonden,9,personenauto,3,Fiets,Buiten Kruispunt,Gewestweg,binnen bebouwde kom,Tussen 2 bestuurders: Flank tegen flank,Geen hindernis
28552,20,Brugge,Brugge,51.17416,3.20048,1.6208407053443579,51.18787531144093,3.1926054464414118,2021,11,17,31005,Brugge,Normaal,Droog,"Nacht, openbare verlichting aanwezig en ontstoken",met lichtgewonden,9,personenauto,3,Fiets,Buiten Kruispunt,Gewestweg,binnen bebouwde kom,Tss. 2 best.: langs opzij (voor-/achterkant-flank),Geen hindernis
28552,51,"Brugge, Sint-Andries",Brugge,51.19281,3.16252,2.167260336676476,51.18787531144093,3.1926054464414118,2021,11,17,31005,Brugge,Normaal,Droog,"Nacht, openbare verlichting aanwezig en ontstoken",met lichtgewonden,9,personenauto,3,Fiets,Buiten Kruispunt,Gewestweg,binnen bebouwde kom,Tss. 2 best.: langs opzij (voor-/achterkant-flank),Geen hindernis
28552,50,"Brugge, Sint-Andries",Brugge,51.19291,3.16252,2.1701000612291725,51.18787531144093,3.1926054464414118,2021,11,17,31005,Brugge,Normaal,Droog,"Nacht, openbare verlichting aanwezig en ontstoken",met lichtgewonden,9,personenauto,3,Fiets,Buiten Kruispunt,Gewestweg,binnen bebouwde kom,Tss. 2 best.: langs opzij (voor-/achterkant-flank),Geen hindernis
28557,20,Brugge,Brugge,51.17416,3.20048,2.458749146350138,51.18572833154296,3.2305410192565844,2021,10,13,31005,Brugge,Normaal,Droog,Dag,met lichtgewonden,6,Bromfiets,3,Fiets,Buiten Kruispunt,Gemeenteweg,binnen bebouwde kom,Tussen 2 bestuurders: Frontale botsing,Geen hindernis
28562,59,Ardooie teller 1,Ardooie,50.96784,3.18479,0.7545172708029327,50.97151192242567,3.1938512896168145,2021,11,18,37020,Ardooie,Normaal,Droog,"Nacht, openbare verlichting aanwezig en ontstoken",met lichtgewonden,3,Fiets,6,Bromfiets,Buiten Kruispunt,Gewestweg,buiten bebouwde kom,Tussen 2 bestuurders: Frontale botsing,Geen hindernis
28562,60,Ardooie teller 2,Ardooie,50.96783,3.18411,0.7955482159269202,50.97151192242567,3.1938512896168145,2021,11,18,37020,Ardooie,Normaal,Droog,"Nacht, openbare verlichting aanwezig en ontstoken",met lichtgewonden,3,Fiets,6,Bromfiets,Buiten Kruispunt,Gewestweg,buiten bebouwde kom,Tussen 2 bestuurders: Frontale botsing,Geen hindernis
28563,15,Oostende 2,Oostende,51.21371,2.92743,1.030989003669745,51.21560513683021,2.912940699532657,2021,11,8,35013,Oostende,Normaal,Droog,Dag,met lichtgewonden,3,Fiets,9,personenauto,Op Kruispunt,Gewestweg,binnen bebouwde kom,Tss. 2 best.: langs opzij (voor-/achterkant-flank),Geen hindernis
28563,18,Oostende 1,Oostende,51.21378,2.92765,1.0444527860902024,51.21560513683021,2.912940699532657,2021,11,8,35013,Oostende,Normaal,Droog,Dag,met lichtgewonden,3,Fiets,9,personenauto,Op Kruispunt,Gewestweg,binnen bebouwde kom,Tss. 2 best.: langs opzij (voor-/achterkant-flank),Geen hindernis
28564,18,Oostende 1,Oostende,51.21378,2.92765,1.5308814597359082,51.227460187979965,2.925177647510071,2021,11,19,35013,Oostende,Normaal,Droog,"Nacht, openbare verlichting aanwezig en ontstoken",met lichtgewonden,9,personenauto,3,Fiets,Buiten Kruispunt,Gemeenteweg,binnen bebouwde kom,Tussen 2 bestuurders: Langs achteren,Geen hindernis
28564,15,Oostende 2,Oostende,51.21371,2.92743,1.5369767621139891,51.227460187979965,2.925177647510071,2021,11,19,35013,Oostende,Normaal,Droog,"Nacht, openbare verlichting aanwezig en ontstoken",met lichtgewonden,9,personenauto,3,Fiets,Buiten Kruispunt,Gemeenteweg,binnen bebouwde kom,Tussen 2 bestuurders: Langs achteren,Geen hindernis
28567,55,Torhout teller 1,Torhout,51.07161,3.08261,2.356060085511342,51.09099184037538,3.068981752239933,2021,11,4,31033,Torhout,Normaal,Droog,"Nacht, openbare verlichting aanwezig en ontstoken",met zwaargewonden,3,Fiets,10,"één bestuurder, geen hindernis",Buiten Kruispunt,Gemeenteweg,binnen bebouwde kom,"Eén bestuurder, geen hindernis (incl. val)",Geen hindernis
28567,56,Torhout teller 2,Torhout,51.07147,3.08244,2.365564379949728,51.09099184037538,3.068981752239933,2021,11,4,31033,Torhout,Normaal,Droog,"Nacht, openbare verlichting aanwezig en ontstoken",met zwaargewonden,3,Fiets,10,"één bestuurder, geen hindernis",Buiten Kruispunt,Gemeenteweg,binnen bebouwde kom,"Eén bestuurder, geen hindernis (incl. val)",Geen hindernis
28570,56,Torhout teller 2,Torhout,51.07147,3.08244,1.5603578667497295,51.0601964900589,3.095736700095432,2021,11,11,31033,Torhout,Normaal,"Nat, plassen",Dag,met lichtgewonden,9,personenauto,3,Fiets,Op Kruispunt,Gewestweg,buiten bebouwde kom,Tss. 2 best.: langs opzij (voor-/achterkant-flank),Geen hindernis
28570,55,Torhout teller 1,Torhout,51.07161,3.08261,1.565902765122245,51.0601964900589,3.095736700095432,2021,11,11,31033,Torhout,Normaal,"Nat, plassen",Dag,met lichtgewonden,9,personenauto,3,Fiets,Op Kruispunt,Gewestweg,buiten bebouwde kom,Tss. 2 best.: langs opzij (voor-/achterkant-flank),Geen hindernis
28571,55,Torhout teller 1,Torhout,51.07161,3.08261,1.51338791559597,51.06909977001228,3.103898134010801,2021,11,16,31033,Torhout,Normaal,Droog,Dag,met lichtgewonden,9,personenauto,3,Fiets,Buiten Kruispunt,Gewestweg,binnen bebouwde kom,Tss. 2 best.: langs opzij (voor-/achterkant-flank),Geen hindernis
28571,56,Torhout teller 2,Torhout,51.07147,3.08244,1.522293757366668,51.06909977001228,3.103898134010801,2021,11,16,31033,Torhout,Normaal,Droog,Dag,met lichtgewonden,9,personenauto,3,Fiets,Buiten Kruispunt,Gewestweg,binnen bebouwde kom,Tss. 2 best.: langs opzij (voor-/achterkant-flank),Geen hindernis
28572,84,Roeselare totem,Izegem,50.91717,3.18772,2.093916102761843,50.92317555711554,3.216031635517725,2021,11,12,36008,Izegem,Normaal,"Nat, plassen",Dag,met lichtgewonden,9,personenauto,3,Fiets,Op Kruispunt,Gemeenteweg,binnen bebouwde kom,Tussen 2 bestuurders: Flank tegen flank,Geen hindernis
28582,143,Eco Display Classic Budastraat,Kortrijk,50.83066,3.26286,0.5005695587740537,50.83328182724464,3.268653970347068,2021,11,17,34022,Kortrijk,Normaal,Droog,"Nacht, openbare verlichting aanwezig en ontstoken",met lichtgewonden,3,Fiets,11,een weggebruiker tegen een hindernis,Buiten Kruispunt,Gemeenteweg,binnen bebouwde kom,Weggebruiker tegen hindernis op de rijbaan,"Op de rijbaan: Werken (signal., aarde, toestel,…)"
28582,17,Kortrijk 2,Kortrijk,50.83339,3.27773,0.6375076567924038,50.83328182724464,3.268653970347068,2021,11,17,34022,Kortrijk,Normaal,Droog,"Nacht, openbare verlichting aanwezig en ontstoken",met lichtgewonden,3,Fiets,11,een weggebruiker tegen een hindernis,Buiten Kruispunt,Gemeenteweg,binnen bebouwde kom,Weggebruiker tegen hindernis op de rijbaan,"Op de rijbaan: Werken (signal., aarde, toestel,…)"
28582,16,Kortrijk 1,Kortrijk,50.83332,3.27777,0.6402178574926396,50.83328182724464,3.268653970347068,2021,11,17,34022,Kortrijk,Normaal,Droog,"Nacht, openbare verlichting aanwezig en ontstoken",met lichtgewonden,3,Fiets,11,een weggebruiker tegen een hindernis,Buiten Kruispunt,Gemeenteweg,binnen bebouwde kom,Weggebruiker tegen hindernis op de rijbaan,"Op de rijbaan: Werken (signal., aarde, toestel,…)"
28582,75,Kortrijk teller 2,Kortrijk,50.81925,3.25731,1.7519440889228406,50.83328182724464,3.268653970347068,2021,11,17,34022,Kortrijk,Normaal,Droog,"Nacht, openbare verlichting aanwezig en ontstoken",met lichtgewonden,3,Fiets,11,een weggebruiker tegen een hindernis,Buiten Kruispunt,Gemeenteweg,binnen bebouwde kom,Weggebruiker tegen hindernis op de rijbaan,"Op de rijbaan: Werken (signal., aarde, toestel,…)"
28582,74,Kortrijk teller 1,Kortrijk,50.81909,3.25728,1.768758667074803,50.83328182724464,3.268653970347068,2021,11,17,34022,Kortrijk,Normaal,Droog,"Nacht, openbare verlichting aanwezig en ontstoken",met lichtgewonden,3,Fiets,11,een weggebruiker tegen een hindernis,Buiten Kruispunt,Gemeenteweg,binnen bebouwde kom,Weggebruiker tegen hindernis op de rijbaan,"Op de rijbaan: Werken (signal., aarde, toestel,…)"
28583,74,Kortrijk teller 1,Kortrijk,50.81909,3.25728,2.416475746136018,50.81123205437851,3.2893482270340915,2021,11,20,34022,Kortrijk,Normaal,Droog,"Nacht, openbare verlichting aanwezig en ontstoken",met lichtgewonden,9,personenauto,3,Fiets,Buiten Kruispunt,Gemeenteweg,binnen bebouwde kom,Tss. 2 best.: langs opzij (voor-/achterkant-flank),Geen hindernis
28583,75,Kortrijk teller 2,Kortrijk,50.81925,3.25731,2.4210023092877315,50.81123205437851,3.2893482270340915,2021,11,20,34022,Kortrijk,Normaal,Droog,"Nacht, openbare verlichting aanwezig en ontstoken",met lichtgewonden,9,personenauto,3,Fiets,Buiten Kruispunt,Gemeenteweg,binnen bebouwde kom,Tss. 2 best.: langs opzij (voor-/achterkant-flank),Geen hindernis
28585,74,Kortrijk teller 1,Kortrijk,50.81909,3.25728,1.3904371650703002,50.81284787321308,3.27442914088864,2021,11,11,34022,Kortrijk,Normaal,Droog,Dag,met lichtgewonden,3,Fiets,5,Lichte vrachtauto,Buiten Kruispunt,Gewestweg,binnen bebouwde kom,Tussen 2 bestuurders: Langs achteren,Geen hindernis
28585,75,Kortrijk teller 2,Kortrijk,50.81925,3.25731,1.3975873601668118,50.81284787321308,3.27442914088864,2021,11,11,34022,Kortrijk,Normaal,Droog,Dag,met lichtgewonden,3,Fiets,5,Lichte vrachtauto,Buiten Kruispunt,Gewestweg,binnen bebouwde kom,Tussen 2 bestuurders: Langs achteren,Geen hindernis
28585,143,Eco Display Classic Budastraat,Kortrijk,50.83066,3.26286,2.1408646386747554,50.81284787321308,3.27442914088864,2021,11,11,34022,Kortrijk,Normaal,Droog,Dag,met lichtgewonden,3,Fiets,5,Lichte vrachtauto,Buiten Kruispunt,Gewestweg,binnen bebouwde kom,Tussen 2 bestuurders: Langs achteren,Geen hindernis
28585,16,Kortrijk 1,Kortrijk,50.83332,3.27777,2.288460993316982,50.81284787321308,3.27442914088864,2021,11,11,34022,Kortrijk,Normaal,Droog,Dag,met lichtgewonden,3,Fiets,5,Lichte vrachtauto,Buiten Kruispunt,Gewestweg,binnen bebouwde kom,Tussen 2 bestuurders: Langs achteren,Geen hindernis
28585,17,Kortrijk 2,Kortrijk,50.83339,3.27773,2.2959182674408627,50.81284787321308,3.27442914088864,2021,11,11,34022,Kortrijk,Normaal,Droog,Dag,met lichtgewonden,3,Fiets,5,Lichte vrachtauto,Buiten Kruispunt,Gewestweg,binnen bebouwde kom,Tussen 2 bestuurders: Langs achteren,Geen hindernis
28587,74,Kortrijk teller 1,Kortrijk,50.81909,3.25728,2.3717535525362647,50.82159480284311,3.223750960680232,2021,11,14,34022,Kortrijk,Normaal,"Nat, plassen",Dag,met lichtgewonden,3,Fiets,5,Lichte vrachtauto,Op Kruispunt,Gewestweg,binnen bebouwde kom,Tussen 2 bestuurders: Frontale botsing,Geen hindernis
28587,75,Kortrijk teller 2,Kortrijk,50.81925,3.25731,2.3718207888667857,50.82159480284311,3.223750960680232,2021,11,14,34022,Kortrijk,Normaal,"Nat, plassen",Dag,met lichtgewonden,3,Fiets,5,Lichte vrachtauto,Op Kruispunt,Gewestweg,binnen bebouwde kom,Tussen 2 bestuurders: Frontale botsing,Geen hindernis
28592,17,Kortrijk 2,Kortrijk,50.83339,3.27773,2.477101296495243,50.849729313912235,3.301709928147665,2021,11,9,34013,Harelbeke,Regenval,"Nat, plassen",Dag,met lichtgewonden,9,personenauto,3,Fiets,Op Kruispunt,Gewestweg,binnen bebouwde kom,Tussen 2 bestuurders: Frontale botsing,Geen hindernis
28592,16,Kortrijk 1,Kortrijk,50.83332,3.27777,2.480912884906179,50.849729313912235,3.301709928147665,2021,11,9,34013,Harelbeke,Regenval,"Nat, plassen",Dag,met lichtgewonden,9,personenauto,3,Fiets,Op Kruispunt,Gewestweg,binnen bebouwde kom,Tussen 2 bestuurders: Frontale botsing,Geen hindernis
28596,67,Ieper totem,Ieper,50.85018,2.85624,1.2297644982586033,50.85047064309068,2.873751279521002,2021,11,16,33011,Ieper,Onbekend,Onbekend,Onbekend,met lichtgewonden,9,personenauto,3,Fiets,Op Kruispunt,Gewestweg,onbekend,Tss. 2 best.: langs opzij (voor-/achterkant-flank),Geen hindernis
28596,68,Ieper,Ieper,50.85032,2.85608,1.2406834274868097,50.85047064309068,2.873751279521002,2021,11,16,33011,Ieper,Onbekend,Onbekend,Onbekend,met lichtgewonden,9,personenauto,3,Fiets,Op Kruispunt,Gewestweg,onbekend,Tss. 2 best.: langs opzij (voor-/achterkant-flank),Geen hindernis
28597,67,Ieper totem,Ieper,50.85018,2.85624,2.3023336373045864,50.85038444938913,2.889033867416527,2021,11,8,33011,Ieper,Normaal,Droog,Dag,met lichtgewonden,3,Fiets,10,"één bestuurder, geen hindernis",Buiten Kruispunt,Gemeenteweg,binnen bebouwde kom,"Eén bestuurder, geen hindernis (incl. val)",Geen hindernis
28597,68,Ieper,Ieper,50.85032,2.85608,2.313461471982503,50.85038444938913,2.889033867416527,2021,11,8,33011,Ieper,Normaal,Droog,Dag,met lichtgewonden,3,Fiets,10,"één bestuurder, geen hindernis",Buiten Kruispunt,Gemeenteweg,binnen bebouwde kom,"Eén bestuurder, geen hindernis (incl. val)",Geen hindernis
28603,67,Ieper totem,Ieper,50.85018,2.85624,1.0615243217685404,50.84923880442528,2.8712869733111184,2021,10,8,33011,Ieper,Normaal,Droog+Proper,Dag,met lichtgewonden,3,Fiets,3,Fiets,Buiten Kruispunt,Gewestweg,binnen bebouwde kom,Tussen 2 bestuurders: Flank tegen flank,Geen hindernis
28603,68,Ieper,Ieper,50.85032,2.85608,1.0743316748945317,50.84923880442528,2.8712869733111184,2021,10,8,33011,Ieper,Normaal,Droog+Proper,Dag,met lichtgewonden,3,Fiets,3,Fiets,Buiten Kruispunt,Gewestweg,binnen bebouwde kom,Tussen 2 bestuurders: Flank tegen flank,Geen hindernis
28605,67,Ieper totem,Ieper,50.85018,2.85624,2.4798575628918713,50.85561524692418,2.8905010066892873,2021,11,10,33011,Ieper,Normaal,Droog,Dag,met lichtgewonden,9,personenauto,3,Fiets,Op Kruispunt,Gemeenteweg,binnen bebouwde kom,Tss. 2 best.: langs opzij (voor-/achterkant-flank),Geen hindernis
28605,68,Ieper,Ieper,50.85032,2.85608,2.4870172028105264,50.85561524692418,2.8905010066892873,2021,11,10,33011,Ieper,Normaal,Droog,Dag,met lichtgewonden,9,personenauto,3,Fiets,Op Kruispunt,Gemeenteweg,binnen bebouwde kom,Tss. 2 best.: langs opzij (voor-/achterkant-flank),Geen hindernis
28606,68,Ieper,Ieper,50.85032,2.85608,2.1988754850986076,50.85545443184656,2.825830739100984,2021,11,14,33011,Ieper,Normaal,Droog,Dag,met lichtgewonden,3,Fiets,9,personenauto,Op Kruispunt,Gemeenteweg,binnen bebouwde kom,Tss. 2 best.: langs opzij (voor-/achterkant-flank),Geen hindernis
28606,67,Ieper totem,Ieper,50.85018,2.85624,2.2138002963808643,50.85545443184656,2.825830739100984,2021,11,14,33011,Ieper,Normaal,Droog,Dag,met lichtgewonden,3,Fiets,9,personenauto,Op Kruispunt,Gemeenteweg,binnen bebouwde kom,Tss. 2 best.: langs opzij (voor-/achterkant-flank),Geen hindernis
28608,68,Ieper,Ieper,50.85032,2.85608,2.2704977806109494,50.85350404672575,2.824132530271404,2021,11,11,33011,Ieper,Normaal,Droog,Dag,met lichtgewonden,3,Fiets,10,"één bestuurder, geen hindernis",Buiten Kruispunt,Gemeenteweg,binnen bebouwde kom,"Eén bestuurder, geen hindernis (incl. val)",Geen hindernis
28608,67,Ieper totem,Ieper,50.85018,2.85624,2.2840639010359465,50.85350404672575,2.824132530271404,2021,11,11,33011,Ieper,Normaal,Droog,Dag,met lichtgewonden,3,Fiets,10,"één bestuurder, geen hindernis",Buiten Kruispunt,Gemeenteweg,binnen bebouwde kom,"Eén bestuurder, geen hindernis (incl. val)",Geen hindernis
28609,42,Maasmechelen teller 2,Maasmechelen,50.97043,5.6981,0.8581191258043945,50.97791918582638,5.701057532352414,2021,11,18,73107,Maasmechelen,Normaal,Droog,"Nacht, openbare verlichting aanwezig en ontstoken",met lichtgewonden,6,Bromfiets,3,Fiets,Buiten Kruispunt,Gewestweg,binnen bebouwde kom,Tussen 2 bestuurders: Langs achteren,Geen hindernis
28609,41,Maasmechelen teller 1,Maasmechelen,50.97025,5.69799,0.879405329613757,50.97791918582638,5.701057532352414,2021,11,18,73107,Maasmechelen,Normaal,Droog,"Nacht, openbare verlichting aanwezig en ontstoken",met lichtgewonden,6,Bromfiets,3,Fiets,Buiten Kruispunt,Gewestweg,binnen bebouwde kom,Tussen 2 bestuurders: Langs achteren,Geen hindernis
28610,41,Maasmechelen teller 1,Maasmechelen,50.97025,5.69799,1.3086828701195543,50.95978528555469,5.706541464704821,2021,11,12,73107,Maasmechelen,Normaal,Droog,Dag,met lichtgewonden,9,personenauto,3,Fiets,Buiten Kruispunt,Gewestweg,buiten bebouwde kom,Tussen 2 bestuurders: Frontale botsing,Geen hindernis
28610,42,Maasmechelen teller 2,Maasmechelen,50.97043,5.6981,1.323050680880051,50.95978528555469,5.706541464704821,2021,11,12,73107,Maasmechelen,Normaal,Droog,Dag,met lichtgewonden,9,personenauto,3,Fiets,Buiten Kruispunt,Gewestweg,buiten bebouwde kom,Tussen 2 bestuurders: Frontale botsing,Geen hindernis
28612,18,Oostende 1,Oostende,51.21378,2.92765,1.61373869653536,51.227634725012074,2.9345479044000253,2021,11,8,35013,Oostende,Normaal,"Nat, plassen",Dag,met lichtgewonden,9,personenauto,3,Fiets,Buiten Kruispunt,Gemeenteweg,binnen bebouwde kom,Tss. 2 best.: langs opzij (voor-/achterkant-flank),Geen hindernis
28612,15,Oostende 2,Oostende,51.21371,2.92743,1.6257772917077884,51.227634725012074,2.9345479044000253,2021,11,8,35013,Oostende,Normaal,"Nat, plassen",Dag,met lichtgewonden,9,personenauto,3,Fiets,Buiten Kruispunt,Gemeenteweg,binnen bebouwde kom,Tss. 2 best.: langs opzij (voor-/achterkant-flank),Geen hindernis
28614,124,Beveren teller 2,Beveren,51.1964712,4.2361077,2.3747300120519688,51.21511760681797,4.252726363091563,2021,11,6,46003,Beveren,Normaal,Droog,"Nacht, openbare verlichting aanwezig en ontstoken",met lichtgewonden,3,Fiets,5,Lichte vrachtauto,Buiten Kruispunt,Gemeenteweg,binnen bebouwde kom,Tussen 2 bestuurders: Frontale botsing,Geen hindernis
28617,99,Mechelen teller 1,Mechelen,51.04564,4.46882,2.080415408962944,51.02831371271407,4.4800481049521315,2021,11,10,12025,Mechelen,Normaal,Droog,Dag,met lichtgewonden,3,Fiets,8,Voetganger,Buiten Kruispunt,Gemeenteweg,binnen bebouwde kom,Met een voetganger,Geen hindernis
28617,100,Mechelen teller 2,Mechelen,51.0457,4.46883,2.0863321656139977,51.02831371271407,4.4800481049521315,2021,11,10,12025,Mechelen,Normaal,Droog,Dag,met lichtgewonden,3,Fiets,8,Voetganger,Buiten Kruispunt,Gemeenteweg,binnen bebouwde kom,Met een voetganger,Geen hindernis
28618,99,Mechelen teller 1,Mechelen,51.04564,4.46882,1.6661436990794438,51.030831600977926,4.472457394867581,2021,11,8,12025,Mechelen,Normaal,Droog,Dageraad - schemering,met lichtgewonden,3,Fiets,2,Andere weggebruiker,Buiten Kruispunt,Gewestweg,binnen bebouwde kom,Tussen 2 bestuurders: Frontale botsing,Geen hindernis
28618,100,Mechelen teller 2,Mechelen,51.0457,4.46883,1.6726313331486806,51.030831600977926,4.472457394867581,2021,11,8,12025,Mechelen,Normaal,Droog,Dageraad - schemering,met lichtgewonden,3,Fiets,2,Andere weggebruiker,Buiten Kruispunt,Gewestweg,binnen bebouwde kom,Tussen 2 bestuurders: Frontale botsing,Geen hindernis
28619,99,Mechelen teller 1,Mechelen,51.04564,4.46882,1.3547682716247647,51.03420492407212,4.475507593351936,2021,10,8,12025,Mechelen,Normaal,Droog,Dag,met lichtgewonden,3,Fiets,9,personenauto,Op Kruispunt,Gewestweg,binnen bebouwde kom,Tss. 2 best.: langs opzij (voor-/achterkant-flank),Geen hindernis
28619,100,Mechelen teller 2,Mechelen,51.0457,4.46883,1.3607918202481268,51.03420492407212,4.475507593351936,2021,10,8,12025,Mechelen,Normaal,Droog,Dag,met lichtgewonden,3,Fiets,9,personenauto,Op Kruispunt,Gewestweg,binnen bebouwde kom,Tss. 2 best.: langs opzij (voor-/achterkant-flank),Geen hindernis
28621,99,Mechelen teller 1,Mechelen,51.04564,4.46882,1.5903684266040041,51.031354324759846,4.469923832631199,2021,11,12,12025,Mechelen,Normaal,Droog,Dag,met lichtgewonden,9,personenauto,3,Fiets,Buiten Kruispunt,Gemeenteweg,binnen bebouwde kom,Tussen 2 bestuurders: Flank tegen flank,Geen hindernis
28621,100,Mechelen teller 2,Mechelen,51.0457,4.46883,1.5969986550658084,51.031354324759846,4.469923832631199,2021,11,12,12025,Mechelen,Normaal,Droog,Dag,met lichtgewonden,9,personenauto,3,Fiets,Buiten Kruispunt,Gemeenteweg,binnen bebouwde kom,Tussen 2 bestuurders: Flank tegen flank,Geen hindernis
28623,99,Mechelen teller 1,Mechelen,51.04564,4.46882,1.8320043093369234,51.03262132414539,4.484878658817551,2021,11,11,12025,Mechelen,Normaal,Droog,Dag,met lichtgewonden,3,Fiets,9,personenauto,Op Kruispunt,Gewestweg,binnen bebouwde kom,Tussen 2 bestuurders: Flank tegen flank,Geen hindernis
28623,100,Mechelen teller 2,Mechelen,51.0457,4.46883,1.8368530486558738,51.03262132414539,4.484878658817551,2021,11,11,12025,Mechelen,Normaal,Droog,Dag,met lichtgewonden,3,Fiets,9,personenauto,Op Kruispunt,Gewestweg,binnen bebouwde kom,Tussen 2 bestuurders: Flank tegen flank,Geen hindernis
28624,99,Mechelen teller 1,Mechelen,51.04564,4.46882,1.3547682716247647,51.03420492407212,4.475507593351936,2021,11,11,12025,Mechelen,Normaal,Droog,Dag,met lichtgewonden,3,Fiets,9,personenauto,Op Kruispunt,Gewestweg,binnen bebouwde kom,Tss. 2 best.: langs opzij (voor-/achterkant-flank),Geen hindernis
28624,100,Mechelen teller 2,Mechelen,51.0457,4.46883,1.3607918202481268,51.03420492407212,4.475507593351936,2021,11,11,12025,Mechelen,Normaal,Droog,Dag,met lichtgewonden,3,Fiets,9,personenauto,Op Kruispunt,Gewestweg,binnen bebouwde kom,Tss. 2 best.: langs opzij (voor-/achterkant-flank),Geen hindernis
28625,138,Hasselt-Kempische brug,Hasselt,50.9405318,5.3422472,0.5759321930887272,50.93862217677495,5.349887730203391,2021,11,22,71022,Hasselt,Normaal,Droog+Proper,"Nacht, openbare verlichting aanwezig en ontstoken",met lichtgewonden,9,personenauto,3,Fiets,Op Kruispunt,Gewestweg,buiten bebouwde kom,Tss. 2 best.: langs opzij (voor-/achterkant-flank),Geen hindernis
28625,137,Hasselt-Kempische brug,Hasselt,50.9411605,5.3417576,0.6357497162943667,50.93862217677495,5.349887730203391,2021,11,22,71022,Hasselt,Normaal,Droog+Proper,"Nacht, openbare verlichting aanwezig en ontstoken",met lichtgewonden,9,personenauto,3,Fiets,Op Kruispunt,Gewestweg,buiten bebouwde kom,Tss. 2 best.: langs opzij (voor-/achterkant-flank),Geen hindernis
28625,140,Hasselt ring,Hasselt,50.9300038,5.3438616,1.0472366018207608,50.93862217677495,5.349887730203391,2021,11,22,71022,Hasselt,Normaal,Droog+Proper,"Nacht, openbare verlichting aanwezig en ontstoken",met lichtgewonden,9,personenauto,3,Fiets,Op Kruispunt,Gewestweg,buiten bebouwde kom,Tss. 2 best.: langs opzij (voor-/achterkant-flank),Geen hindernis
28626,140,Hasselt ring,Hasselt,50.9300038,5.3438616,0.30201985591247404,50.9277814516085,5.341384021660199,2021,11,23,71022,Hasselt,Normaal,"Nat, plassen","Nacht, openbare verlichting aanwezig en ontstoken",dodelijk gewonden,3,Fiets,11,een weggebruiker tegen een hindernis,Buiten Kruispunt,Gewestweg,binnen bebouwde kom,Weggebruiker tegen hindernis buiten rijbaan,Andere hindernis
28626,138,Hasselt-Kempische brug,Hasselt,50.9405318,5.3422472,1.419063821149271,50.9277814516085,5.341384021660199,2021,11,23,71022,Hasselt,Normaal,"Nat, plassen","Nacht, openbare verlichting aanwezig en ontstoken",dodelijk gewonden,3,Fiets,11,een weggebruiker tegen een hindernis,Buiten Kruispunt,Gewestweg,binnen bebouwde kom,Weggebruiker tegen hindernis buiten rijbaan,Andere hindernis
28626,137,Hasselt-Kempische brug,Hasselt,50.9411605,5.3417576,1.4879126227554875,50.9277814516085,5.341384021660199,2021,11,23,71022,Hasselt,Normaal,"Nat, plassen","Nacht, openbare verlichting aanwezig en ontstoken",dodelijk gewonden,3,Fiets,11,een weggebruiker tegen een hindernis,Buiten Kruispunt,Gewestweg,binnen bebouwde kom,Weggebruiker tegen hindernis buiten rijbaan,Andere hindernis
28627,140,Hasselt ring,Hasselt,50.9300038,5.3438616,0.4089394520853656,50.93062653375956,5.338110727462374,2021,11,8,71022,Hasselt,Normaal,Droog+Proper,Dag,met lichtgewonden,99,onbekend,3,Fiets,Op Kruispunt,Gemeenteweg,binnen bebouwde kom,Tss. 2 best.: langs opzij (voor-/achterkant-flank),Geen hindernis
28627,138,Hasselt-Kempische brug,Hasselt,50.9405318,5.3422472,1.1389183304075923,50.93062653375956,5.338110727462374,2021,11,8,71022,Hasselt,Normaal,Droog+Proper,Dag,met lichtgewonden,99,onbekend,3,Fiets,Op Kruispunt,Gemeenteweg,binnen bebouwde kom,Tss. 2 best.: langs opzij (voor-/achterkant-flank),Geen hindernis