crash_row_id,site_id,site_name,site_gemeente,site_lat,site_long,distance_km,crash_lat,crash_long,DT_YEAR_COLLISION,DT_MONTH_COLLISION,DT_TIME,CD_NIS,TX_MUNTY_COLLISION_NL,TX_WEATHER_NL,TX_ROAD_CONDITION_NL,TX_LIGHT_CONDITION_NL,TX_CLASS_ACCIDENTS_NL,CD_ROAD_USR_TYPE1,TX_ROAD_USR_TYPE1_NL,CD_ROAD_USR_TYPE2,TX_ROAD_USR_TYPE2_NL,TX_CROSSWAY_NL,CD_ROAD_TYPE_NL,TX_BUILD_UP_AREA_NL,TX_COLLISION_TYPE_NL,TX_OBSTACLES_NL
28627,137,Hasselt-Kempische brug,Hasselt,50.9411605,5.3417576,1.1988765744739545,50.93062653375956,5.338110727462374,2021,11,8,71022,Hasselt,Normaal,Droog+Proper,Dag,met lichtgewonden,99,onbekend,3,Fiets,Op Kruispunt,Gemeenteweg,binnen bebouwde kom,Tss. 2 best.: langs opzij (voor-/achterkant-flank),Geen hindernis
28628,137,Hasselt-Kempische brug,Hasselt,50.9411605,5.3417576,2.1003074952610508,50.960043969465524,5.34106436426628,2021,11,19,71022,Hasselt,Onbekend,Droog,"Nacht, openbare verlichting aanwezig en ontstoken",met lichtgewonden,9,personenauto,3,Fiets,Op Kruispunt,Gemeenteweg,buiten bebouwde kom,Tussen 2 bestuurders: Frontale botsing,Geen hindernis
28628,138,Hasselt-Kempische brug,Hasselt,50.9405318,5.3422472,2.1712359134682453,50.960043969465524,5.34106436426628,2021,11,19,71022,Hasselt,Onbekend,Droog,"Nacht, openbare verlichting aanwezig en ontstoken",met lichtgewonden,9,personenauto,3,Fiets,Op Kruispunt,Gemeenteweg,buiten bebouwde kom,Tussen 2 bestuurders: Frontale botsing,Geen hindernis
28630,140,Hasselt ring,Hasselt,50.9300038,5.3438616,1.0947724034211532,50.93234734846021,5.32868907181336,2021,11,8,71022,Hasselt,Normaal,Droog+Proper,Dag,met lichtgewonden,9,personenauto,3,Fiets,Buiten Kruispunt,Gemeenteweg,binnen bebouwde kom,Tss. 2 best.: langs opzij (voor-/achterkant-flank),Geen hindernis
28630,138,Hasselt-Kempische brug,Hasselt,50.9405318,5.3422472,1.315613712071273,50.93234734846021,5.32868907181336,2021,11,8,71022,Hasselt,Normaal,Droog+Proper,Dag,met lichtgewonden,9,personenauto,3,Fiets,Buiten Kruispunt,Gemeenteweg,binnen bebouwde kom,Tss. 2 best.: langs opzij (voor-/achterkant-flank),Geen hindernis
28630,137,Hasselt-Kempische brug,Hasselt,50.9411605,5.3417576,1.341247993797367,50.93234734846021,5.32868907181336,2021,11,8,71022,Hasselt,Normaal,Droog+Proper,Dag,met lichtgewonden,9,personenauto,3,Fiets,Buiten Kruispunt,Gemeenteweg,binnen bebouwde kom,Tss. 2 best.: langs opzij (voor-/achterkant-flank),Geen hindernis
28631,140,Hasselt ring,Hasselt,50.9300038,5.3438616,1.001996257714365,50.925863102401095,5.331163647991309,2021,11,19,71022,Hasselt,Normaal,Droog,"Nacht, openbare verlichting aanwezig en ontstoken",met lichtgewonden,9,personenauto,3,Fiets,Op Kruispunt,Gemeenteweg,binnen bebouwde kom,Tss. 2 best.: langs opzij (voor-/achterkant-flank),Geen hindernis
28631,138,Hasselt-Kempische brug,Hasselt,50.9405318,5.3422472,1.8065768049171826,50.925863102401095,5.331163647991309,2021,11,19,71022,Hasselt,Normaal,Droog,"Nacht, openbare verlichting aanwezig en ontstoken",met lichtgewonden,9,personenauto,3,Fiets,Op Kruispunt,Gemeenteweg,binnen bebouwde kom,Tss. 2 best.: langs opzij (voor-/achterkant-flank),Geen hindernis
28631,137,Hasselt-Kempische brug,Hasselt,50.9411605,5.3417576,1.855944760980288,50.925863102401095,5.331163647991309,2021,11,19,71022,Hasselt,Normaal,Droog,"Nacht, openbare verlichting aanwezig en ontstoken",met lichtgewonden,9,personenauto,3,Fiets,Op Kruispunt,Gemeenteweg,binnen bebouwde kom,Tss. 2 best.: langs opzij (voor-/achterkant-flank),Geen hindernis
28632,138,Hasselt-Kempische brug,Hasselt,50.9405318,5.3422472,0.17662176193547482,50.93915583685981,5.340987857678312,2021,11,8,71022,Hasselt,Regenval,"Nat, plassen",Dag,met lichtgewonden,6,Bromfiets,3,Fiets,Buiten Kruispunt,Gewestweg,binnen bebouwde kom,Tss. 2 best.: langs opzij (voor-/achterkant-flank),Geen hindernis
28632,137,Hasselt-Kempische brug,Hasselt,50.9411605,5.3417576,0.22934037034728172,50.93915583685981,5.340987857678312,2021,11,8,71022,Hasselt,Regenval,"Nat, plassen",Dag,met lichtgewonden,6,Bromfiets,3,Fiets,Buiten Kruispunt,Gewestweg,binnen bebouwde kom,Tss. 2 best.: langs opzij (voor-/achterkant-flank),Geen hindernis
28632,140,Hasselt ring,Hasselt,50.9300038,5.3438616,1.0373938012659225,50.93915583685981,5.340987857678312,2021,11,8,71022,Hasselt,Regenval,"Nat, plassen",Dag,met lichtgewonden,6,Bromfiets,3,Fiets,Buiten Kruispunt,Gewestweg,binnen bebouwde kom,Tss. 2 best.: langs opzij (voor-/achterkant-flank),Geen hindernis
28633,140,Hasselt ring,Hasselt,50.9300038,5.3438616,0.9223260362846963,50.930300998835435,5.330709480183892,2021,11,19,71022,Hasselt,Normaal,Droog,"Nacht, openbare verlichting aanwezig en ontstoken",met zwaargewonden,3,Fiets,10,"één bestuurder, geen hindernis",Buiten Kruispunt,Gemeenteweg,binnen bebouwde kom,"Eén bestuurder, geen hindernis (incl. val)",Geen hindernis
28633,138,Hasselt-Kempische brug,Hasselt,50.9405318,5.3422472,1.3956495671108138,50.930300998835435,5.330709480183892,2021,11,19,71022,Hasselt,Normaal,Droog,"Nacht, openbare verlichting aanwezig en ontstoken",met zwaargewonden,3,Fiets,10,"één bestuurder, geen hindernis",Buiten Kruispunt,Gemeenteweg,binnen bebouwde kom,"Eén bestuurder, geen hindernis (incl. val)",Geen hindernis
28633,137,Hasselt-Kempische brug,Hasselt,50.9411605,5.3417576,1.4343897623262694,50.930300998835435,5.330709480183892,2021,11,19,71022,Hasselt,Normaal,Droog,"Nacht, openbare verlichting aanwezig en ontstoken",met zwaargewonden,3,Fiets,10,"één bestuurder, geen hindernis",Buiten Kruispunt,Gemeenteweg,binnen bebouwde kom,"Eén bestuurder, geen hindernis (incl. val)",Geen hindernis
28634,140,Hasselt ring,Hasselt,50.9300038,5.3438616,0.6447769216937606,50.92632245998851,5.336753577268719,2021,11,10,71022,Hasselt,Normaal,Droog,Dag,met lichtgewonden,9,personenauto,3,Fiets,Buiten Kruispunt,Gewestweg,binnen bebouwde kom,Tss. 2 best.: langs opzij (voor-/achterkant-flank),Geen hindernis
28634,138,Hasselt-Kempische brug,Hasselt,50.9405318,5.3422472,1.6262318700369114,50.92632245998851,5.336753577268719,2021,11,10,71022,Hasselt,Normaal,Droog,Dag,met lichtgewonden,9,personenauto,3,Fiets,Buiten Kruispunt,Gewestweg,binnen bebouwde kom,Tss. 2 best.: langs opzij (voor-/achterkant-flank),Geen hindernis
28634,137,Hasselt-Kempische brug,Hasselt,50.9411605,5.3417576,1.6867680469979571,50.92632245998851,5.336753577268719,2021,11,10,71022,Hasselt,Normaal,Droog,Dag,met lichtgewonden,9,personenauto,3,Fiets,Buiten Kruispunt,Gewestweg,binnen bebouwde kom,Tss. 2 best.: langs opzij (voor-/achterkant-flank),Geen hindernis
28637,140,Hasselt ring,Hasselt,50.9300038,5.3438616,1.6406941004147904,50.92597490232977,5.366381815867268,2021,11,20,71022,Hasselt,Normaal,Droog,"Nacht, openbare verlichting aanwezig en ontstoken",met lichtgewonden,9,personenauto,3,Fiets,Op Kruispunt,Gewestweg,buiten bebouwde kom,Tss. 2 best.: langs opzij (voor-/achterkant-flank),Geen hindernis
28637,138,Hasselt-Kempische brug,Hasselt,50.9405318,5.3422472,2.341055504284538,50.92597490232977,5.366381815867268,2021,11,20,71022,Hasselt,Normaal,Droog,"Nacht, openbare verlichting aanwezig en ontstoken",met lichtgewonden,9,personenauto,3,Fiets,Op Kruispunt,Gewestweg,buiten bebouwde kom,Tss. 2 best.: langs opzij (voor-/achterkant-flank),Geen hindernis
28637,137,Hasselt-Kempische brug,Hasselt,50.9411605,5.3417576,2.414319144024463,50.92597490232977,5.366381815867268,2021,11,20,71022,Hasselt,Normaal,Droog,"Nacht, openbare verlichting aanwezig en ontstoken",met lichtgewonden,9,personenauto,3,Fiets,Op Kruispunt,Gewestweg,buiten bebouwde kom,Tss. 2 best.: langs opzij (voor-/achterkant-flank),Geen hindernis
28638,140,Hasselt ring,Hasselt,50.9300038,5.3438616,0.800191753941667,50.9297504981008,5.332450893454955,2021,11,11,71022,Hasselt,Normaal,Droog,Dag,met lichtgewonden,9,personenauto,3,Fiets,Buiten Kruispunt,Gewestweg,binnen bebouwde kom,Tss. 2 best.: langs opzij (voor-/achterkant-flank),Geen hindernis
28638,138,Hasselt-Kempische brug,Hasselt,50.9405318,5.3422472,1.381460693086392,50.9297504981008,5.332450893454955,2021,11,11,71022,Hasselt,Normaal,Droog,Dag,met lichtgewonden,9,personenauto,3,Fiets,Buiten Kruispunt,Gewestweg,binnen bebouwde kom,Tss. 2 best.: langs opzij (voor-/achterkant-flank),Geen hindernis
28638,137,Hasselt-Kempische brug,Hasselt,50.9411605,5.3417576,1.426535510251443,50.9297504981008,5.332450893454955,2021,11,11,71022,Hasselt,Normaal,Droog,Dag,met lichtgewonden,9,personenauto,3,Fiets,Buiten Kruispunt,Gewestweg,binnen bebouwde kom,Tss. 2 best.: langs opzij (voor-/achterkant-flank),Geen hindernis
28640,137,Hasselt-Kempische brug,Hasselt,50.9411605,5.3417576,0.842325996265231,50.94873517887518,5.341613939556261,2021,11,8,71022,Hasselt,Normaal,Droog,Dag,met lichtgewonden,3,Fiets,9,personenauto,Op Kruispunt,Gemeenteweg,buiten bebouwde kom,Tss. 2 best.: langs opzij (voor-/achterkant-flank),Geen hindernis
28640,138,Hasselt-Kempische brug,Hasselt,50.9405318,5.3422472,0.9132524365472576,50.94873517887518,5.341613939556261,2021,11,8,71022,Hasselt,Normaal,Droog,Dag,met lichtgewonden,3,Fiets,9,personenauto,Op Kruispunt,Gemeenteweg,buiten bebouwde kom,Tss. 2 best.: langs opzij (voor-/achterkant-flank),Geen hindernis
28640,140,Hasselt ring,Hasselt,50.9300038,5.3438616,2.0887800220759494,50.94873517887518,5.341613939556261,2021,11,8,71022,Hasselt,Normaal,Droog,Dag,met lichtgewonden,3,Fiets,9,personenauto,Op Kruispunt,Gemeenteweg,buiten bebouwde kom,Tss. 2 best.: langs opzij (voor-/achterkant-flank),Geen hindernis
28641,12,Tervuren,Kraainem,50.81896,4.47803,1.9486782476925073,50.81255942290195,4.503851172120696,2021,11,8,24104,Tervuren,"Andere (dikke rook,...)","Ijzel, sneeuw",Dag,met lichtgewonden,3,Fiets,10,"één bestuurder, geen hindernis",Buiten Kruispunt,Gemeenteweg,binnen bebouwde kom,"Eén bestuurder, geen hindernis (incl. val)",Geen hindernis
28642,151,Leuven,District Leuven,50.8690262,4.6854839,0.8944143506685976,50.868252370083624,4.698170235363125,2021,11,6,24062,Leuven,Normaal,Droog,Dageraad - schemering,met lichtgewonden,3,Fiets,10,"één bestuurder, geen hindernis",Buiten Kruispunt,Gewestweg,binnen bebouwde kom,"Eén bestuurder, geen hindernis (incl. val)",Geen hindernis
28642,69,Leuven teller 1,Leuven,50.87549,4.71526,1.444212435279155,50.868252370083624,4.698170235363125,2021,11,6,24062,Leuven,Normaal,Droog,Dageraad - schemering,met lichtgewonden,3,Fiets,10,"één bestuurder, geen hindernis",Buiten Kruispunt,Gewestweg,binnen bebouwde kom,"Eén bestuurder, geen hindernis (incl. val)",Geen hindernis
28642,77,Leuven teller 2,Leuven,50.88672,4.70796,2.165335457837217,50.868252370083624,4.698170235363125,2021,11,6,24062,Leuven,Normaal,Droog,Dageraad - schemering,met lichtgewonden,3,Fiets,10,"één bestuurder, geen hindernis",Buiten Kruispunt,Gewestweg,binnen bebouwde kom,"Eén bestuurder, geen hindernis (incl. val)",Geen hindernis
28642,107,leuven totem,Leuven,50.8870744,4.7087919,2.221634971459179,50.868252370083624,4.698170235363125,2021,11,6,24062,Leuven,Normaal,Droog,Dageraad - schemering,met lichtgewonden,3,Fiets,10,"één bestuurder, geen hindernis",Buiten Kruispunt,Gewestweg,binnen bebouwde kom,"Eén bestuurder, geen hindernis (incl. val)",Geen hindernis
28642,108,Heverlee teller 1,Leuven,50.8471728,4.6954674,2.35160644803186,50.868252370083624,4.698170235363125,2021,11,6,24062,Leuven,Normaal,Droog,Dageraad - schemering,met lichtgewonden,3,Fiets,10,"één bestuurder, geen hindernis",Buiten Kruispunt,Gewestweg,binnen bebouwde kom,"Eén bestuurder, geen hindernis (incl. val)",Geen hindernis
28642,76,Heverlee teller 2,Leuven,50.84606,4.69597,2.4725070588655957,50.868252370083624,4.698170235363125,2021,11,6,24062,Leuven,Normaal,Droog,Dageraad - schemering,met lichtgewonden,3,Fiets,10,"één bestuurder, geen hindernis",Buiten Kruispunt,Gewestweg,binnen bebouwde kom,"Eén bestuurder, geen hindernis (incl. val)",Geen hindernis
28647,25,Bree,Bree,51.13679500160176,5.597669323604317,0.657864374295413,51.13742523768288,5.607044683587023,2021,11,10,72004,Bree,Normaal,Droog,Dag,met lichtgewonden,9,personenauto,3,Fiets,Op Kruispunt,Gewestweg,buiten bebouwde kom,Tss. 2 best.: langs opzij (voor-/achterkant-flank),Geen hindernis
28648,14,Genk,Genk,50.97172,5.48927,0.7291183181902986,50.97823404409026,5.490461684247929,2021,11,8,71016,Genk,Normaal,Droog,Dag,met lichtgewonden,9,personenauto,3,Fiets,Op Kruispunt,Gemeenteweg,buiten bebouwde kom,Tss. 2 best.: langs opzij (voor-/achterkant-flank),Geen hindernis
28649,14,Genk,Genk,50.97172,5.48927,1.8006448208198684,50.9828505800136,5.470589287134241,2021,11,14,71016,Genk,Normaal,Droog,Dag,met lichtgewonden,9,personenauto,3,Fiets,Op Kruispunt,Gemeenteweg,buiten bebouwde kom,Tss. 2 best.: langs opzij (voor-/achterkant-flank),Geen hindernis
28652,25,Bree,Bree,51.13679500160176,5.597669323604317,0.6938287362865743,51.14011189490394,5.589245990087834,2021,11,15,72004,Bree,Normaal,Droog,Dag,met zwaargewonden,9,personenauto,3,Fiets,Op Kruispunt,Gewestweg,binnen bebouwde kom,Tss. 2 best.: langs opzij (voor-/achterkant-flank),Geen hindernis
28655,23,Tienen 3,Tienen,50.81324,4.93447,0.0788887699371283,50.813699912023246,4.933615040894004,2021,11,15,24107,Tienen,Normaal,Droog,Dag,met lichtgewonden,9,personenauto,3,Fiets,Buiten Kruispunt,Gemeenteweg,buiten bebouwde kom,Tss. 2 best.: langs opzij (voor-/achterkant-flank),Geen hindernis
28655,24,Tienen 1,Tienen,50.8133795491886,4.935044252605416,0.10654522785488119,50.813699912023246,4.933615040894004,2021,11,15,24107,Tienen,Normaal,Droog,Dag,met lichtgewonden,9,personenauto,3,Fiets,Buiten Kruispunt,Gemeenteweg,buiten bebouwde kom,Tss. 2 best.: langs opzij (voor-/achterkant-flank),Geen hindernis
28655,22,Tienen 2,Tienen,50.81330800184882,4.935984252796022,0.17206632384100035,50.813699912023246,4.933615040894004,2021,11,15,24107,Tienen,Normaal,Droog,Dag,met lichtgewonden,9,personenauto,3,Fiets,Buiten Kruispunt,Gemeenteweg,buiten bebouwde kom,Tss. 2 best.: langs opzij (voor-/achterkant-flank),Geen hindernis
28656,22,Tienen 2,Tienen,50.81330800184882,4.935984252796022,0.9466937291414992,50.80947709910916,4.948017080032027,2021,11,9,24107,Tienen,Normaal,Droog,Dag,met lichtgewonden,9,personenauto,3,Fiets,Buiten Kruispunt,Gewestweg,binnen bebouwde kom,Tss. 2 best.: langs opzij (voor-/achterkant-flank),Geen hindernis
28656,24,Tienen 1,Tienen,50.8133795491886,4.935044252605416,1.009508062258517,50.80947709910916,4.948017080032027,2021,11,9,24107,Tienen,Normaal,Droog,Dag,met lichtgewonden,9,personenauto,3,Fiets,Buiten Kruispunt,Gewestweg,binnen bebouwde kom,Tss. 2 best.: langs opzij (voor-/achterkant-flank),Geen hindernis
28656,23,Tienen 3,Tienen,50.81324,4.93447,1.0397422755712569,50.80947709910916,4.948017080032027,2021,11,9,24107,Tienen,Normaal,Droog,Dag,met lichtgewonden,9,personenauto,3,Fiets,Buiten Kruispunt,Gewestweg,binnen bebouwde kom,Tss. 2 best.: langs opzij (voor-/achterkant-flank),Geen hindernis
28661,113,Deinze teller 2,Deinze,50.96018,3.55578,1.7896369600145179,50.969937791996735,3.5354570552804834,2021,11,18,44083,Deinze,Normaal,Droog,"Nacht, openbare verlichting aanwezig en ontstoken",met lichtgewonden,3,Fiets,11,een weggebruiker tegen een hindernis,Op Kruispunt,Gemeenteweg,binnen bebouwde kom,Weggebruiker tegen hindernis op de rijbaan,"Op de rijbaan: Werken (signal., aarde, toestel,…)"
28661,114,Deinze teller 1,Nazareth,50.9598305,3.555502,1.7982276379439401,50.969937791996735,3.5354570552804834,2021,11,18,44083,Deinze,Normaal,Droog,"Nacht, openbare verlichting aanwezig en ontstoken",met lichtgewonden,3,Fiets,11,een weggebruiker tegen een hindernis,Op Kruispunt,Gemeenteweg,binnen bebouwde kom,Weggebruiker tegen hindernis op de rijbaan,"Op de rijbaan: Werken (signal., aarde, toestel,…)"
28682,2,Brasschaat 2,Brasschaat,51.27512,4.47169,1.5660757486046866,51.26970178891465,4.450910333744204,2021,12,13,11002,Antwerpen,Regenval,"Nat, plassen",Dag,met lichtgewonden,9,personenauto,3,Fiets,Op Kruispunt,Gemeenteweg,binnen bebouwde kom,Tss. 2 best.: langs opzij (voor-/achterkant-flank),Geen hindernis
28682,3,Brasschaat 1,Brasschaat,51.27503,4.47222,1.5964312052336453,51.26970178891465,4.450910333744204,2021,12,13,11002,Antwerpen,Regenval,"Nat, plassen",Dag,met lichtgewonden,9,personenauto,3,Fiets,Op Kruispunt,Gemeenteweg,binnen bebouwde kom,Tss. 2 best.: langs opzij (voor-/achterkant-flank),Geen hindernis
28714,2,Brasschaat 2,Brasschaat,51.27512,4.47169,1.1569886747960298,51.26632046594655,4.462814677093143,2021,12,20,11002,Antwerpen,Normaal,"Nat, plassen","Nacht, openbare verlichting aanwezig en ontstoken",met lichtgewonden,3,Fiets,6,Bromfiets,Buiten Kruispunt,Gewestweg,buiten bebouwde kom,Tussen 2 bestuurders: Frontale botsing,Geen hindernis
28714,3,Brasschaat 1,Brasschaat,51.27503,4.47222,1.168773126450022,51.26632046594655,4.462814677093143,2021,12,20,11002,Antwerpen,Normaal,"Nat, plassen","Nacht, openbare verlichting aanwezig en ontstoken",met lichtgewonden,3,Fiets,6,Bromfiets,Buiten Kruispunt,Gewestweg,buiten bebouwde kom,Tussen 2 bestuurders: Frontale botsing,Geen hindernis
28739,3,Brasschaat 1,Brasschaat,51.27503,4.47222,1.6930697411981743,51.26016189030037,4.466973763395234,2021,12,12,11040,Schoten,Normaal,Droog,Dag,met lichtgewonden,9,personenauto,3,Fiets,Buiten Kruispunt,Gemeenteweg,binnen bebouwde kom,Tss. 2 best.: langs opzij (voor-/achterkant-flank),Geen hindernis
28739,2,Brasschaat 2,Brasschaat,51.27512,4.47169,1.6953222193069644,51.26016189030037,4.466973763395234,2021,12,12,11040,Schoten,Normaal,Droog,Dag,met lichtgewonden,9,personenauto,3,Fiets,Buiten Kruispunt,Gemeenteweg,binnen bebouwde kom,Tss. 2 best.: langs opzij (voor-/achterkant-flank),Geen hindernis
28752,96,Lier teller 2,Lier,51.11705,4.58444,2.4571828290412268,51.124832664158184,4.55148979961495,2021,12,17,12021,Lier,Regenval,"Nat, plassen",Dageraad - schemering,met lichtgewonden,9,personenauto,3,Fiets,Buiten Kruispunt,Gewestweg,buiten bebouwde kom,Tss. 2 best.: langs opzij (voor-/achterkant-flank),Geen hindernis
28752,95,Lier teller 1,Lier,51.11687,4.58437,2.4597485324661332,51.124832664158184,4.55148979961495,2021,12,17,12021,Lier,Regenval,"Nat, plassen",Dageraad - schemering,met lichtgewonden,9,personenauto,3,Fiets,Buiten Kruispunt,Gewestweg,buiten bebouwde kom,Tss. 2 best.: langs opzij (voor-/achterkant-flank),Geen hindernis
28761,133,Gierde Lille Totem,Lille,51.2453915,4.8297416,1.1356674223978103,51.2511398771243,4.81625480419931,2021,12,14,13019,Lille,Normaal,Droog,Dag,Met doden,4,Vrachtwagen,3,Fiets,Op Kruispunt,Gewestweg,binnen bebouwde kom,Tussen 2 bestuurders: Flank tegen flank,Geen hindernis
28761,132,Gierde lille,Lille,51.245445,4.8298851,1.1406231159591413,51.2511398771243,4.81625480419931,2021,12,14,13019,Lille,Normaal,Droog,Dag,Met doden,4,Vrachtwagen,3,Fiets,Op Kruispunt,Gewestweg,binnen bebouwde kom,Tussen 2 bestuurders: Flank tegen flank,Geen hindernis
28764,133,Gierde Lille Totem,Lille,51.2453915,4.8297416,2.041810411360932,51.22772586025956,4.821739070923278,2021,12,14,13019,Lille,Normaal,Droog,Dag,met lichtgewonden,9,personenauto,3,Fiets,Op Kruispunt,Gemeenteweg,buiten bebouwde kom,Tss. 2 best.: langs opzij (voor-/achterkant-flank),Geen hindernis
28764,132,Gierde lille,Lille,51.245445,4.8298851,2.0502750909862306,51.22772586025956,4.821739070923278,2021,12,14,13019,Lille,Normaal,Droog,Dag,met lichtgewonden,9,personenauto,3,Fiets,Op Kruispunt,Gemeenteweg,buiten bebouwde kom,Tss. 2 best.: langs opzij (voor-/achterkant-flank),Geen hindernis
28774,127,Geel totem,Westerlo,51.1342966,4.9400421,2.4382901113433793,51.127117683884535,4.907025169627511,2021,12,9,13049,Westerlo,Normaal,Droog,Dag,met lichtgewonden,3,Fiets,9,personenauto,Op Kruispunt,Gemeenteweg,buiten bebouwde kom,Tss. 2 best.: langs opzij (voor-/achterkant-flank),Geen hindernis
28774,112,Geel teller 2,Westerlo,51.1354992,4.9394789,2.4488679901739387,51.127117683884535,4.907025169627511,2021,12,9,13049,Westerlo,Normaal,Droog,Dag,met lichtgewonden,3,Fiets,9,personenauto,Op Kruispunt,Gemeenteweg,buiten bebouwde kom,Tss. 2 best.: langs opzij (voor-/achterkant-flank),Geen hindernis
28776,98,Geel teller 2,Geel,51.1481,4.99643,1.7612780122333158,51.16131624266673,4.982510564689988,2021,12,15,13008,Geel,Regenval,"Nat, plassen",Dag,met lichtgewonden,3,Fiets,9,personenauto,Op Kruispunt,Gemeenteweg,binnen bebouwde kom,Tss. 2 best.: langs opzij (voor-/achterkant-flank),Geen hindernis
28776,97,Geel teller 1,Geel,51.14813,4.99698,1.7799592052033861,51.16131624266673,4.982510564689988,2021,12,15,13008,Geel,Regenval,"Nat, plassen",Dag,met lichtgewonden,3,Fiets,9,personenauto,Op Kruispunt,Gemeenteweg,binnen bebouwde kom,Tss. 2 best.: langs opzij (voor-/achterkant-flank),Geen hindernis
28777,98,Geel teller 2,Geel,51.1481,4.99643,2.2729263299721096,51.167926611870456,4.988499853419083,2021,12,17,13008,Geel,Normaal,Droog,"Nacht, openbare verlichting aanwezig en ontstoken",met lichtgewonden,9,personenauto,3,Fiets,Op Kruispunt,Gewestweg,binnen bebouwde kom,Tss. 2 best.: langs opzij (voor-/achterkant-flank),Geen hindernis
28777,97,Geel teller 1,Geel,51.14813,4.99698,2.2793403807793284,51.167926611870456,4.988499853419083,2021,12,17,13008,Geel,Normaal,Droog,"Nacht, openbare verlichting aanwezig en ontstoken",met lichtgewonden,9,personenauto,3,Fiets,Op Kruispunt,Gewestweg,binnen bebouwde kom,Tss. 2 best.: langs opzij (voor-/achterkant-flank),Geen hindernis
28778,98,Geel teller 2,Geel,51.1481,4.99643,1.4618197278339116,51.160367969686504,4.988896709627395,2021,12,13,13008,Geel,Regenval,"Nat, plassen",Dag,met lichtgewonden,9,personenauto,3,Fiets,Buiten Kruispunt,Gemeenteweg,binnen bebouwde kom,Tussen 2 bestuurders: Frontale botsing,Geen hindernis
28778,97,Geel teller 1,Geel,51.14813,4.99698,1.4729584465415928,51.160367969686504,4.988896709627395,2021,12,13,13008,Geel,Regenval,"Nat, plassen",Dag,met lichtgewonden,9,personenauto,3,Fiets,Buiten Kruispunt,Gemeenteweg,binnen bebouwde kom,Tussen 2 bestuurders: Frontale botsing,Geen hindernis
28780,98,Geel teller 2,Geel,51.1481,4.99643,2.1124298841432525,51.16428037662278,4.98055786960219,2021,12,12,13008,Geel,Regenval,"Nat, plassen",Dag,met lichtgewonden,9,personenauto,3,Fiets,Buiten Kruispunt,Gemeenteweg,binnen bebouwde kom,Tss. 2 best.: langs opzij (voor-/achterkant-flank),Geen hindernis
28780,97,Geel teller 1,Geel,51.14813,4.99698,2.129966647265768,51.16428037662278,4.98055786960219,2021,12,12,13008,Geel,Regenval,"Nat, plassen",Dag,met lichtgewonden,9,personenauto,3,Fiets,Buiten Kruispunt,Gemeenteweg,binnen bebouwde kom,Tss. 2 best.: langs opzij (voor-/achterkant-flank),Geen hindernis
28783,4,Balen 1,Balen,51.16023,5.19011,0.7879590983241377,51.15570287168283,5.198802396390258,2021,12,13,13003,Balen,Normaal,Droog,Dag,met lichtgewonden,3,Fiets,4,Vrachtwagen,Buiten Kruispunt,Gewestweg,buiten bebouwde kom,Tussen 2 bestuurders: Langs achteren,Geen hindernis
28783,5,Balen 2,Balen,51.16018,5.19003,0.7887385884438286,51.15570287168283,5.198802396390258,2021,12,13,13003,Balen,Normaal,Droog,Dag,met lichtgewonden,3,Fiets,4,Vrachtwagen,Buiten Kruispunt,Gewestweg,buiten bebouwde kom,Tussen 2 bestuurders: Langs achteren,Geen hindernis
28784,135,Retie 2,Dessel,51.2544998,5.1040064,2.470982389959843,51.23949315269481,5.130189474294492,2021,12,12,13006,Dessel,Normaal,Droog,Dag,met lichtgewonden,9,personenauto,3,Fiets,Buiten Kruispunt,Gemeenteweg,binnen bebouwde kom,Tussen 2 bestuurders: Langs achteren,Geen hindernis
28788,94,Herentals teller 2,Herentals,51.17345,4.81283,2.1671160122725976,51.17452446535351,4.843868307604511,2021,12,13,13011,Herentals,Normaal,Droog,Dag,met lichtgewonden,9,personenauto,3,Fiets,Op Kruispunt,Gemeenteweg,binnen bebouwde kom,Tss. 2 best.: langs opzij (voor-/achterkant-flank),Geen hindernis
28788,110,Herentals totem,Herentals,51.1739426,4.811783,2.2377348034999733,51.17452446535351,4.843868307604511,2021,12,13,13011,Herentals,Normaal,Droog,Dag,met lichtgewonden,9,personenauto,3,Fiets,Op Kruispunt,Gemeenteweg,binnen bebouwde kom,Tss. 2 best.: langs opzij (voor-/achterkant-flank),Geen hindernis
28789,94,Herentals teller 2,Herentals,51.17345,4.81283,2.2934629405759837,51.18772696272818,4.836576153283045,2021,12,15,13011,Herentals,Normaal,"Nat, plassen",Dag,met lichtgewonden,9,personenauto,3,Fiets,Buiten Kruispunt,Gewestweg,buiten bebouwde kom,Tss. 2 best.: langs opzij (voor-/achterkant-flank),Geen hindernis
28789,110,Herentals totem,Herentals,51.1739426,4.811783,2.3099678966952997,51.18772696272818,4.836576153283045,2021,12,15,13011,Herentals,Normaal,"Nat, plassen",Dag,met lichtgewonden,9,personenauto,3,Fiets,Buiten Kruispunt,Gewestweg,buiten bebouwde kom,Tss. 2 best.: langs opzij (voor-/achterkant-flank),Geen hindernis