crash_row_id,site_id,site_name,site_gemeente,site_lat,site_long,distance_km,crash_lat,crash_long,DT_YEAR_COLLISION,DT_MONTH_COLLISION,DT_TIME,CD_NIS,TX_MUNTY_COLLISION_NL,TX_WEATHER_NL,TX_ROAD_CONDITION_NL,TX_LIGHT_CONDITION_NL,TX_CLASS_ACCIDENTS_NL,CD_ROAD_USR_TYPE1,TX_ROAD_USR_TYPE1_NL,CD_ROAD_USR_TYPE2,TX_ROAD_USR_TYPE2_NL,TX_CROSSWAY_NL,CD_ROAD_TYPE_NL,TX_BUILD_UP_AREA_NL,TX_COLLISION_TYPE_NL,TX_OBSTACLES_NL
28792,94,Herentals teller 2,Herentals,51.17345,4.81283,2.4956352961640267,51.16699666388043,4.847113414701057,2021,12,7,13011,Herentals,Onbekend,Onbekend,Onbekend,met lichtgewonden,9,personenauto,3,Fiets,Buiten Kruispunt,Gewestweg,buiten bebouwde kom,Tss. 2 best.: langs opzij (voor-/achterkant-flank),Geen hindernis
28794,46,Pelt teller 2,Pelt,51.231,5.44375,1.8216912312893845,51.21825445579824,5.4273142968313,2021,12,15,72043,Pelt,Onbekend,Onbekend,Dag,met lichtgewonden,3,Fiets,8,Voetganger,Buiten Kruispunt,Gemeenteweg,onbekend,Met een voetganger,Geen hindernis
28794,45,Pelt teller 1,Pelt,51.23127,5.44377,1.84600683334793,51.21825445579824,5.4273142968313,2021,12,15,72043,Pelt,Onbekend,Onbekend,Dag,met lichtgewonden,3,Fiets,8,Voetganger,Buiten Kruispunt,Gemeenteweg,onbekend,Met een voetganger,Geen hindernis
28802,21,Bilzen,Bilzen,50.86015,5.50161,2.1895934033172897,50.84355584223918,5.484817852963828,2021,12,7,73032,Hoeselt,Normaal,Droog,Dag,met lichtgewonden,9,personenauto,3,Fiets,Buiten Kruispunt,Gewestweg,buiten bebouwde kom,Tss. 2 best.: langs opzij (voor-/achterkant-flank),Geen hindernis
28804,43,Maaseik teller 1,Maaseik,51.09344,5.79715,1.9814020809594524,51.099429601847625,5.770426978935133,2021,12,16,72021,Maaseik,Normaal,Proper,Dageraad - schemering,Met doden,3,Fiets,9,personenauto,Op Kruispunt,Gewestweg,buiten bebouwde kom,Tussen 2 bestuurders: Frontale botsing,Geen hindernis
28804,44,Maaseik teller 2,Maaseik,51.09359,5.79726,1.983111666088116,51.099429601847625,5.770426978935133,2021,12,16,72021,Maaseik,Normaal,Proper,Dageraad - schemering,Met doden,3,Fiets,9,personenauto,Op Kruispunt,Gewestweg,buiten bebouwde kom,Tussen 2 bestuurders: Frontale botsing,Geen hindernis
28806,69,Leuven teller 1,Leuven,50.87549,4.71526,0.9287420161740811,50.870939836750146,4.72635941383279,2021,12,15,24062,Leuven,Normaal,Droog,Dag,met lichtgewonden,9,personenauto,3,Fiets,Buiten Kruispunt,Gewestweg,binnen bebouwde kom,Tss. 2 best.: langs opzij (voor-/achterkant-flank),Geen hindernis
28806,107,leuven totem,Leuven,50.8870744,4.7087919,2.176661799327156,50.870939836750146,4.72635941383279,2021,12,15,24062,Leuven,Normaal,Droog,Dag,met lichtgewonden,9,personenauto,3,Fiets,Buiten Kruispunt,Gewestweg,binnen bebouwde kom,Tss. 2 best.: langs opzij (voor-/achterkant-flank),Geen hindernis
28806,77,Leuven teller 2,Leuven,50.88672,4.70796,2.1783716939821622,50.870939836750146,4.72635941383279,2021,12,15,24062,Leuven,Normaal,Droog,Dag,met lichtgewonden,9,personenauto,3,Fiets,Buiten Kruispunt,Gewestweg,binnen bebouwde kom,Tss. 2 best.: langs opzij (voor-/achterkant-flank),Geen hindernis
28807,107,leuven totem,Leuven,50.8870744,4.7087919,1.9378452037007343,50.90316253125002,4.719414123882214,2021,12,17,24062,Leuven,Onbekend,"Nat, plassen","Nacht, openbare verlichting aanwezig en ontstoken",met lichtgewonden,3,Fiets,5,Lichte vrachtauto,Buiten Kruispunt,Gemeenteweg,binnen bebouwde kom,Tss. 2 best.: langs opzij (voor-/achterkant-flank),Geen hindernis
28807,77,Leuven teller 2,Leuven,50.88672,4.70796,1.9970312207344847,50.90316253125002,4.719414123882214,2021,12,17,24062,Leuven,Onbekend,"Nat, plassen","Nacht, openbare verlichting aanwezig en ontstoken",met lichtgewonden,3,Fiets,5,Lichte vrachtauto,Buiten Kruispunt,Gemeenteweg,binnen bebouwde kom,Tss. 2 best.: langs opzij (voor-/achterkant-flank),Geen hindernis
28809,151,Leuven,District Leuven,50.8690262,4.6854839,1.4379495089803778,50.87998484763421,4.674603434167934,2021,12,20,24062,Leuven,Normaal,Droog,"Nacht, openbare verlichting aanwezig en ontstoken",met lichtgewonden,3,Fiets,3,Fiets,Buiten Kruispunt,Gemeenteweg,binnen bebouwde kom,Tss. 2 best.: langs opzij (voor-/achterkant-flank),Geen hindernis
28809,73,Herent teller 2,Herent,50.89128,4.64685,2.3168583831148664,50.87998484763421,4.674603434167934,2021,12,20,24062,Leuven,Normaal,Droog,"Nacht, openbare verlichting aanwezig en ontstoken",met lichtgewonden,3,Fiets,3,Fiets,Buiten Kruispunt,Gemeenteweg,binnen bebouwde kom,Tss. 2 best.: langs opzij (voor-/achterkant-flank),Geen hindernis
28809,72,Herent teller 1,Herent,50.89135,4.64689,2.3187327580898915,50.87998484763421,4.674603434167934,2021,12,20,24062,Leuven,Normaal,Droog,"Nacht, openbare verlichting aanwezig en ontstoken",met lichtgewonden,3,Fiets,3,Fiets,Buiten Kruispunt,Gemeenteweg,binnen bebouwde kom,Tss. 2 best.: langs opzij (voor-/achterkant-flank),Geen hindernis
28809,77,Leuven teller 2,Leuven,50.88672,4.70796,2.456984313960425,50.87998484763421,4.674603434167934,2021,12,20,24062,Leuven,Normaal,Droog,"Nacht, openbare verlichting aanwezig en ontstoken",met lichtgewonden,3,Fiets,3,Fiets,Buiten Kruispunt,Gemeenteweg,binnen bebouwde kom,Tss. 2 best.: langs opzij (voor-/achterkant-flank),Geen hindernis
28810,69,Leuven teller 1,Leuven,50.87549,4.71526,0.3982998002212065,50.873332142523,4.719790872270542,2021,12,9,24062,Leuven,Normaal,Droog,Dag,met lichtgewonden,9,personenauto,3,Fiets,Op Kruispunt,Gewestweg,binnen bebouwde kom,Tss. 2 best.: langs opzij (voor-/achterkant-flank),Geen hindernis
28810,77,Leuven teller 2,Leuven,50.88672,4.70796,1.704425106109018,50.873332142523,4.719790872270542,2021,12,9,24062,Leuven,Normaal,Droog,Dag,met lichtgewonden,9,personenauto,3,Fiets,Op Kruispunt,Gewestweg,binnen bebouwde kom,Tss. 2 best.: langs opzij (voor-/achterkant-flank),Geen hindernis
28810,107,leuven totem,Leuven,50.8870744,4.7087919,1.7118586430734797,50.873332142523,4.719790872270542,2021,12,9,24062,Leuven,Normaal,Droog,Dag,met lichtgewonden,9,personenauto,3,Fiets,Op Kruispunt,Gewestweg,binnen bebouwde kom,Tss. 2 best.: langs opzij (voor-/achterkant-flank),Geen hindernis
28810,151,Leuven,District Leuven,50.8690262,4.6854839,2.4545186362037446,50.873332142523,4.719790872270542,2021,12,9,24062,Leuven,Normaal,Droog,Dag,met lichtgewonden,9,personenauto,3,Fiets,Op Kruispunt,Gewestweg,binnen bebouwde kom,Tss. 2 best.: langs opzij (voor-/achterkant-flank),Geen hindernis
28811,151,Leuven,District Leuven,50.8690262,4.6854839,1.2123242721588052,50.87907823836852,4.692174574586883,2021,12,9,24062,Leuven,Normaal,"Nat, plassen",Dag,met lichtgewonden,6,Bromfiets,3,Fiets,Op Kruispunt,Gemeenteweg,binnen bebouwde kom,Tss. 2 best.: langs opzij (voor-/achterkant-flank),Geen hindernis
28811,77,Leuven teller 2,Leuven,50.88672,4.70796,1.39584415424316,50.87907823836852,4.692174574586883,2021,12,9,24062,Leuven,Normaal,"Nat, plassen",Dag,met lichtgewonden,6,Bromfiets,3,Fiets,Op Kruispunt,Gemeenteweg,binnen bebouwde kom,Tss. 2 best.: langs opzij (voor-/achterkant-flank),Geen hindernis
28811,107,leuven totem,Leuven,50.8870744,4.7087919,1.4661374104086782,50.87907823836852,4.692174574586883,2021,12,9,24062,Leuven,Normaal,"Nat, plassen",Dag,met lichtgewonden,6,Bromfiets,3,Fiets,Op Kruispunt,Gemeenteweg,binnen bebouwde kom,Tss. 2 best.: langs opzij (voor-/achterkant-flank),Geen hindernis
28811,69,Leuven teller 1,Leuven,50.87549,4.71526,1.6681425204546017,50.87907823836852,4.692174574586883,2021,12,9,24062,Leuven,Normaal,"Nat, plassen",Dag,met lichtgewonden,6,Bromfiets,3,Fiets,Op Kruispunt,Gemeenteweg,binnen bebouwde kom,Tss. 2 best.: langs opzij (voor-/achterkant-flank),Geen hindernis
28812,69,Leuven teller 1,Leuven,50.87549,4.71526,0.6452647222966701,50.881292503407494,4.715380928101282,2021,12,13,24062,Leuven,Normaal,Proper,Dag,met lichtgewonden,3,Fiets,10,"één bestuurder, geen hindernis",Buiten Kruispunt,Gewestweg,binnen bebouwde kom,"Eén bestuurder, geen hindernis (incl. val)",Geen hindernis
28812,107,leuven totem,Leuven,50.8870744,4.7087919,0.7918341970502971,50.881292503407494,4.715380928101282,2021,12,13,24062,Leuven,Normaal,Proper,Dag,met lichtgewonden,3,Fiets,10,"één bestuurder, geen hindernis",Buiten Kruispunt,Gewestweg,binnen bebouwde kom,"Eén bestuurder, geen hindernis (incl. val)",Geen hindernis
28812,77,Leuven teller 2,Leuven,50.88672,4.70796,0.7970205223198433,50.881292503407494,4.715380928101282,2021,12,13,24062,Leuven,Normaal,Proper,Dag,met lichtgewonden,3,Fiets,10,"één bestuurder, geen hindernis",Buiten Kruispunt,Gewestweg,binnen bebouwde kom,"Eén bestuurder, geen hindernis (incl. val)",Geen hindernis
28813,77,Leuven teller 2,Leuven,50.88672,4.70796,0.8332888083871438,50.87952027690383,4.704664358025843,2021,12,19,24062,Leuven,Normaal,"Nat, plassen","Nacht, openbare verlichting aanwezig en ontstoken",met lichtgewonden,9,personenauto,3,Fiets,Buiten Kruispunt,Gemeenteweg,binnen bebouwde kom,Tussen 2 bestuurders: Flank tegen flank,Geen hindernis
28813,69,Leuven teller 1,Leuven,50.87549,4.71526,0.8680397042550744,50.87952027690383,4.704664358025843,2021,12,19,24062,Leuven,Normaal,"Nat, plassen","Nacht, openbare verlichting aanwezig en ontstoken",met lichtgewonden,9,personenauto,3,Fiets,Buiten Kruispunt,Gemeenteweg,binnen bebouwde kom,Tussen 2 bestuurders: Flank tegen flank,Geen hindernis
28813,107,leuven totem,Leuven,50.8870744,4.7087919,0.8884883772682881,50.87952027690383,4.704664358025843,2021,12,19,24062,Leuven,Normaal,"Nat, plassen","Nacht, openbare verlichting aanwezig en ontstoken",met lichtgewonden,9,personenauto,3,Fiets,Buiten Kruispunt,Gemeenteweg,binnen bebouwde kom,Tussen 2 bestuurders: Flank tegen flank,Geen hindernis
28813,151,Leuven,District Leuven,50.8690262,4.6854839,1.7812591595268497,50.87952027690383,4.704664358025843,2021,12,19,24062,Leuven,Normaal,"Nat, plassen","Nacht, openbare verlichting aanwezig en ontstoken",met lichtgewonden,9,personenauto,3,Fiets,Buiten Kruispunt,Gemeenteweg,binnen bebouwde kom,Tussen 2 bestuurders: Flank tegen flank,Geen hindernis
28814,151,Leuven,District Leuven,50.8690262,4.6854839,0.8931799354268173,50.87290153754229,4.696633064804618,2021,12,13,24062,Leuven,Normaal,Droog,Dag,met lichtgewonden,3,Fiets,10,"één bestuurder, geen hindernis",Buiten Kruispunt,Gemeenteweg,binnen bebouwde kom,"Eén bestuurder, geen hindernis (incl. val)",Geen hindernis
28814,69,Leuven teller 1,Leuven,50.87549,4.71526,1.3383094281905086,50.87290153754229,4.696633064804618,2021,12,13,24062,Leuven,Normaal,Droog,Dag,met lichtgewonden,3,Fiets,10,"één bestuurder, geen hindernis",Buiten Kruispunt,Gemeenteweg,binnen bebouwde kom,"Eén bestuurder, geen hindernis (incl. val)",Geen hindernis
28814,77,Leuven teller 2,Leuven,50.88672,4.70796,1.7298783242061349,50.87290153754229,4.696633064804618,2021,12,13,24062,Leuven,Normaal,Droog,Dag,met lichtgewonden,3,Fiets,10,"één bestuurder, geen hindernis",Buiten Kruispunt,Gemeenteweg,binnen bebouwde kom,"Eén bestuurder, geen hindernis (incl. val)",Geen hindernis
28814,107,leuven totem,Leuven,50.8870744,4.7087919,1.7920094625367178,50.87290153754229,4.696633064804618,2021,12,13,24062,Leuven,Normaal,Droog,Dag,met lichtgewonden,3,Fiets,10,"één bestuurder, geen hindernis",Buiten Kruispunt,Gemeenteweg,binnen bebouwde kom,"Eén bestuurder, geen hindernis (incl. val)",Geen hindernis
28815,69,Leuven teller 1,Leuven,50.87549,4.71526,0.9684462918365718,50.86898388982189,4.706084719319384,2021,12,16,24062,Leuven,Normaal,Droog,Dag,met lichtgewonden,9,personenauto,3,Fiets,Op Kruispunt,Gewestweg,binnen bebouwde kom,Tss. 2 best.: langs opzij (voor-/achterkant-flank),Geen hindernis
28815,151,Leuven,District Leuven,50.8690262,4.6854839,1.4456623381849456,50.86898388982189,4.706084719319384,2021,12,16,24062,Leuven,Normaal,Droog,Dag,met lichtgewonden,9,personenauto,3,Fiets,Op Kruispunt,Gewestweg,binnen bebouwde kom,Tss. 2 best.: langs opzij (voor-/achterkant-flank),Geen hindernis
28815,77,Leuven teller 2,Leuven,50.88672,4.70796,1.9765494852217278,50.86898388982189,4.706084719319384,2021,12,16,24062,Leuven,Normaal,Droog,Dag,met lichtgewonden,9,personenauto,3,Fiets,Op Kruispunt,Gewestweg,binnen bebouwde kom,Tss. 2 best.: langs opzij (voor-/achterkant-flank),Geen hindernis
28815,107,leuven totem,Leuven,50.8870744,4.7087919,2.02052033190199,50.86898388982189,4.706084719319384,2021,12,16,24062,Leuven,Normaal,Droog,Dag,met lichtgewonden,9,personenauto,3,Fiets,Op Kruispunt,Gewestweg,binnen bebouwde kom,Tss. 2 best.: langs opzij (voor-/achterkant-flank),Geen hindernis
28816,69,Leuven teller 1,Leuven,50.87549,4.71526,0.7297465183317756,50.88190163699567,4.7174792992492085,2021,12,15,24062,Leuven,Normaal,Droog,Dag,met lichtgewonden,3,Fiets,3,Fiets,Buiten Kruispunt,Gewestweg,binnen bebouwde kom,Tussen 2 bestuurders: Flank tegen flank,Geen hindernis
28816,107,leuven totem,Leuven,50.8870744,4.7087919,0.8380010033103347,50.88190163699567,4.7174792992492085,2021,12,15,24062,Leuven,Normaal,Droog,Dag,met lichtgewonden,3,Fiets,3,Fiets,Buiten Kruispunt,Gewestweg,binnen bebouwde kom,Tussen 2 bestuurders: Flank tegen flank,Geen hindernis
28816,77,Leuven teller 2,Leuven,50.88672,4.70796,0.8561578001753964,50.88190163699567,4.7174792992492085,2021,12,15,24062,Leuven,Normaal,Droog,Dag,met lichtgewonden,3,Fiets,3,Fiets,Buiten Kruispunt,Gewestweg,binnen bebouwde kom,Tussen 2 bestuurders: Flank tegen flank,Geen hindernis
28817,151,Leuven,District Leuven,50.8690262,4.6854839,0.4899141500984529,50.87169563218913,4.691038143406855,2021,12,17,24062,Leuven,Onbekend,Onbekend,Dag,met lichtgewonden,3,Fiets,99,onbekend,Op Kruispunt,Gewestweg,binnen bebouwde kom,Tussen 2 bestuurders: Frontale botsing,Geen hindernis
28817,69,Leuven teller 1,Leuven,50.87549,4.71526,1.75117840192735,50.87169563218913,4.691038143406855,2021,12,17,24062,Leuven,Onbekend,Onbekend,Dag,met lichtgewonden,3,Fiets,99,onbekend,Op Kruispunt,Gewestweg,binnen bebouwde kom,Tussen 2 bestuurders: Frontale botsing,Geen hindernis
28817,77,Leuven teller 2,Leuven,50.88672,4.70796,2.049516827555056,50.87169563218913,4.691038143406855,2021,12,17,24062,Leuven,Onbekend,Onbekend,Dag,met lichtgewonden,3,Fiets,99,onbekend,Op Kruispunt,Gewestweg,binnen bebouwde kom,Tussen 2 bestuurders: Frontale botsing,Geen hindernis
28817,107,leuven totem,Leuven,50.8870744,4.7087919,2.115590637023359,50.87169563218913,4.691038143406855,2021,12,17,24062,Leuven,Onbekend,Onbekend,Dag,met lichtgewonden,3,Fiets,99,onbekend,Op Kruispunt,Gewestweg,binnen bebouwde kom,Tussen 2 bestuurders: Frontale botsing,Geen hindernis
28818,69,Leuven teller 1,Leuven,50.87549,4.71526,0.5896627638239745,50.88038882797838,4.718478033188772,2021,12,9,24062,Leuven,Normaal,Droog,Dag,met lichtgewonden,3,Fiets,3,Fiets,Op Kruispunt,Gemeenteweg,binnen bebouwde kom,Tss. 2 best.: langs opzij (voor-/achterkant-flank),Geen hindernis
28818,107,leuven totem,Leuven,50.8870744,4.7087919,1.007161568312901,50.88038882797838,4.718478033188772,2021,12,9,24062,Leuven,Normaal,Droog,Dag,met lichtgewonden,3,Fiets,3,Fiets,Op Kruispunt,Gemeenteweg,binnen bebouwde kom,Tss. 2 best.: langs opzij (voor-/achterkant-flank),Geen hindernis
28818,77,Leuven teller 2,Leuven,50.88672,4.70796,1.0198322907650594,50.88038882797838,4.718478033188772,2021,12,9,24062,Leuven,Normaal,Droog,Dag,met lichtgewonden,3,Fiets,3,Fiets,Op Kruispunt,Gemeenteweg,binnen bebouwde kom,Tss. 2 best.: langs opzij (voor-/achterkant-flank),Geen hindernis
28820,87,Aarschot,Aarschot,50.99084,4.81259,1.8573599400928207,51.00004835245103,4.834732674962078,2021,12,15,24001,Aarschot,Normaal,"Nat, plassen",Dag,met lichtgewonden,9,personenauto,3,Fiets,Buiten Kruispunt,Gewestweg,buiten bebouwde kom,Tss. 2 best.: langs opzij (voor-/achterkant-flank),Geen hindernis
28823,101,Diest teller 1,Diest,50.97799,5.04481,0.7057056852253972,50.98101549510445,5.053671205955935,2021,12,17,24020,Diest,Normaal,Droog,"Nacht, openbare verlichting aanwezig en ontstoken",met lichtgewonden,9,personenauto,3,Fiets,Buiten Kruispunt,Gemeenteweg,binnen bebouwde kom,Tss. 2 best.: langs opzij (voor-/achterkant-flank),Geen hindernis
28823,102,Diest teller 2,Diest,50.9779,5.04474,0.71481403872205,50.98101549510445,5.053671205955935,2021,12,17,24020,Diest,Normaal,Droog,"Nacht, openbare verlichting aanwezig en ontstoken",met lichtgewonden,9,personenauto,3,Fiets,Buiten Kruispunt,Gemeenteweg,binnen bebouwde kom,Tss. 2 best.: langs opzij (voor-/achterkant-flank),Geen hindernis
28827,86,Asse teller 2,Asse,50.89132,4.1709,1.9225213875490028,50.87442446883338,4.165082092761331,2021,12,11,23086,Ternat,Regenval,"Nat, plassen",Dag,met lichtgewonden,3,Fiets,11,een weggebruiker tegen een hindernis,Buiten Kruispunt,Gemeenteweg,binnen bebouwde kom,Weggebruiker tegen hindernis buiten rijbaan,Buiten de rijbaan: Verlichtingspaal
28827,85,Asse teller 1,Asse,50.89621,4.17294,2.48436623933717,50.87442446883338,4.165082092761331,2021,12,11,23086,Ternat,Regenval,"Nat, plassen",Dag,met lichtgewonden,3,Fiets,11,een weggebruiker tegen een hindernis,Buiten Kruispunt,Gemeenteweg,binnen bebouwde kom,Weggebruiker tegen hindernis buiten rijbaan,Buiten de rijbaan: Verlichtingspaal
28829,86,Asse teller 2,Asse,50.89132,4.1709,0.4655463981101593,50.887314361325856,4.16896899348891,2021,12,7,23086,Ternat,Normaal,Droog,"Nacht, openbare verlichting aanwezig en ontstoken",met lichtgewonden,9,personenauto,3,Fiets,Op Kruispunt,Gewestweg,buiten bebouwde kom,Tss. 2 best.: langs opzij (voor-/achterkant-flank),Geen hindernis
28829,85,Asse teller 1,Asse,50.89621,4.17294,1.0276162929107138,50.887314361325856,4.16896899348891,2021,12,7,23086,Ternat,Normaal,Droog,"Nacht, openbare verlichting aanwezig en ontstoken",met lichtgewonden,9,personenauto,3,Fiets,Op Kruispunt,Gewestweg,buiten bebouwde kom,Tss. 2 best.: langs opzij (voor-/achterkant-flank),Geen hindernis
28834,70,Kampenhout teller 1,Kampenhout,50.95682,4.59318,0.40449626528359656,50.958971394227966,4.5978369102535295,2021,12,14,23038,Kampenhout,Normaal,Droog,Dag,met lichtgewonden,3,Fiets,9,personenauto,Op Kruispunt,Gewestweg,buiten bebouwde kom,Tss. 2 best.: langs opzij (voor-/achterkant-flank),Geen hindernis
28834,71,Kampenhout teller 2,Kampenhout,50.95589,4.59164,0.5529828932208214,50.958971394227966,4.5978369102535295,2021,12,14,23038,Kampenhout,Normaal,Droog,Dag,met lichtgewonden,3,Fiets,9,personenauto,Op Kruispunt,Gewestweg,buiten bebouwde kom,Tss. 2 best.: langs opzij (voor-/achterkant-flank),Geen hindernis
28835,118,Gent teller 1,Gent,51.028049,3.7681359,1.8047853007063719,51.03782263662394,3.7475304407357193,2021,12,11,44021,Gent,Onbekend,Droog,Dag,met lichtgewonden,9,personenauto,3,Fiets,Buiten Kruispunt,Gemeenteweg,binnen bebouwde kom,Tussen 2 bestuurders: Flank tegen flank,Geen hindernis
28835,119,Gent teller 2,Gent,51.0281795,3.7683918,1.8104701812815316,51.03782263662394,3.7475304407357193,2021,12,11,44021,Gent,Onbekend,Droog,Dag,met lichtgewonden,9,personenauto,3,Fiets,Buiten Kruispunt,Gemeenteweg,binnen bebouwde kom,Tussen 2 bestuurders: Flank tegen flank,Geen hindernis
28836,7,Evergem 1,Evergem,51.1089,3.70317,2.239884917189792,51.09048955142143,3.716187824829834,2021,12,3,44021,Gent,Normaal,"Nat, plassen","Nacht, openbare verlichting aanwezig en ontstoken",met lichtgewonden,3,Fiets,9,personenauto,Op Kruispunt,Gewestweg,binnen bebouwde kom,Tss. 2 best.: langs opzij (voor-/achterkant-flank),Geen hindernis
28836,6,Evergem 2,Evergem,51.10894,3.70298,2.2493575686154736,51.09048955142143,3.716187824829834,2021,12,3,44021,Gent,Normaal,"Nat, plassen","Nacht, openbare verlichting aanwezig en ontstoken",met lichtgewonden,3,Fiets,9,personenauto,Op Kruispunt,Gewestweg,binnen bebouwde kom,Tss. 2 best.: langs opzij (voor-/achterkant-flank),Geen hindernis
28840,118,Gent teller 1,Gent,51.028049,3.7681359,2.274084258093609,51.037197820312244,3.739050959693788,2021,12,11,44021,Gent,Normaal,Droog,Dag,met lichtgewonden,6,Bromfiets,3,Fiets,Op Kruispunt,Gewestweg,binnen bebouwde kom,Tussen 2 bestuurders: Langs achteren,Geen hindernis
28840,119,Gent teller 2,Gent,51.0281795,3.7683918,2.2836908685265467,51.037197820312244,3.739050959693788,2021,12,11,44021,Gent,Normaal,Droog,Dag,met lichtgewonden,6,Bromfiets,3,Fiets,Op Kruispunt,Gewestweg,binnen bebouwde kom,Tussen 2 bestuurders: Langs achteren,Geen hindernis
28841,13,Gent,Gent,51.03018,3.70146,1.9874713665160508,51.047077749021206,3.7107246500742614,2021,12,11,44021,Gent,Normaal,Droog,Dag,met lichtgewonden,3,Fiets,8,Voetganger,Buiten Kruispunt,Gewestweg,binnen bebouwde kom,Met een voetganger,Geen hindernis
28843,136,Gent R4,Gent,51.0876313,3.7587918,0.9871663061000381,51.07908463290217,3.7626155585296144,2021,12,11,44021,Gent,Normaal,Droog,Dag,met lichtgewonden,3,Fiets,5,Lichte vrachtauto,Buiten Kruispunt,Gemeenteweg,binnen bebouwde kom,Tussen 2 bestuurders: Langs achteren,Geen hindernis
28844,136,Gent R4,Gent,51.0876313,3.7587918,2.028176831432378,51.07286579224746,3.7758372214809937,2021,12,15,44021,Gent,Normaal,Droog,Dag,met lichtgewonden,9,personenauto,3,Fiets,Op Kruispunt,Gewestweg,buiten bebouwde kom,Tss. 2 best.: langs opzij (voor-/achterkant-flank),Geen hindernis
28845,136,Gent R4,Gent,51.0876313,3.7587918,1.8719274053407713,51.07463152151679,3.7417653997157636,2021,12,21,44021,Gent,Onbekend,Onbekend,Onbekend,met lichtgewonden,3,Fiets,9,personenauto,Op Kruispunt,Gewestweg,buiten bebouwde kom,Kettingbotsing (3 bestuurders of meer),Geen hindernis
28848,118,Gent teller 1,Gent,51.028049,3.7681359,2.400986565574156,51.01787116734137,3.7378606270407895,2021,12,22,44021,Gent,Normaal,"Nat, plassen",Dag,met lichtgewonden,9,personenauto,3,Fiets,Op Kruispunt,Gemeenteweg,buiten bebouwde kom,Tss. 2 best.: langs opzij (voor-/achterkant-flank),Geen hindernis
28848,119,Gent teller 2,Gent,51.0281795,3.7683918,2.4236129575278373,51.01787116734137,3.7378606270407895,2021,12,22,44021,Gent,Normaal,"Nat, plassen",Dag,met lichtgewonden,9,personenauto,3,Fiets,Op Kruispunt,Gemeenteweg,buiten bebouwde kom,Tss. 2 best.: langs opzij (voor-/achterkant-flank),Geen hindernis
28850,136,Gent R4,Gent,51.0876313,3.7587918,1.366680110772348,51.099843497301585,3.7610022088924255,2021,12,8,44021,Gent,Normaal,Proper,Dag,met lichtgewonden,3,Fiets,9,personenauto,Buiten Kruispunt,Gemeenteweg,binnen bebouwde kom,Tss. 2 best.: langs opzij (voor-/achterkant-flank),Geen hindernis
28851,118,Gent teller 1,Gent,51.028049,3.7681359,2.336534263637803,51.041104254206516,3.741952828504028,2021,12,5,44021,Gent,Normaal,Droog,Dageraad - schemering,met lichtgewonden,9,personenauto,3,Fiets,Buiten Kruispunt,Gewestweg,binnen bebouwde kom,Tussen 2 bestuurders: Frontale botsing,Geen hindernis
28851,119,Gent teller 2,Gent,51.0281795,3.7683918,2.341645791363405,51.041104254206516,3.741952828504028,2021,12,5,44021,Gent,Normaal,Droog,Dageraad - schemering,met lichtgewonden,9,personenauto,3,Fiets,Buiten Kruispunt,Gewestweg,binnen bebouwde kom,Tussen 2 bestuurders: Frontale botsing,Geen hindernis
28854,13,Gent,Gent,51.03018,3.70146,1.8736419112729812,51.02531973468721,3.727112358375339,2021,12,22,44021,Gent,Normaal,"Nat, plassen","Nacht, openbare verlichting aanwezig en ontstoken",met lichtgewonden,9,personenauto,3,Fiets,Buiten Kruispunt,Gemeenteweg,binnen bebouwde kom,Tussen 2 bestuurders: Flank tegen flank,Geen hindernis
28855,7,Evergem 1,Evergem,51.1089,3.70317,1.2747154645319922,51.09892522816598,3.7121680983249585,2021,12,19,44021,Gent,Regenval,"Nat, plassen","Nacht, openbare verlichting aanwezig en ontstoken",met lichtgewonden,3,Fiets,11,een weggebruiker tegen een hindernis,Buiten Kruispunt,Gewestweg,buiten bebouwde kom,Weggebruiker tegen hindernis buiten rijbaan,Andere hindernis
28855,6,Evergem 2,Evergem,51.10894,3.70298,1.2851575832909707,51.09892522816598,3.7121680983249585,2021,12,19,44021,Gent,Regenval,"Nat, plassen","Nacht, openbare verlichting aanwezig en ontstoken",met lichtgewonden,3,Fiets,11,een weggebruiker tegen een hindernis,Buiten Kruispunt,Gewestweg,buiten bebouwde kom,Weggebruiker tegen hindernis buiten rijbaan,Andere hindernis
28856,118,Gent teller 1,Gent,51.028049,3.7681359,1.5612118887145214,51.028941384359086,3.74585704087179,2021,12,3,44021,Gent,Regenval,"Nat, plassen","Nacht, openbare verlichting aanwezig en ontstoken",met lichtgewonden,3,Fiets,10,"één bestuurder, geen hindernis",Buiten Kruispunt,Gewestweg,binnen bebouwde kom,"Eén bestuurder, geen hindernis (incl. val)",Geen hindernis
28856,119,Gent teller 2,Gent,51.0281795,3.7683918,1.5782246562858837,51.028941384359086,3.74585704087179,2021,12,3,44021,Gent,Regenval,"Nat, plassen","Nacht, openbare verlichting aanwezig en ontstoken",met lichtgewonden,3,Fiets,10,"één bestuurder, geen hindernis",Buiten Kruispunt,Gewestweg,binnen bebouwde kom,"Eén bestuurder, geen hindernis (incl. val)",Geen hindernis