crash_row_id,site_id,site_name,site_gemeente,site_lat,site_long,distance_km,crash_lat,crash_long,DT_YEAR_COLLISION,DT_MONTH_COLLISION,DT_TIME,CD_NIS,TX_MUNTY_COLLISION_NL,TX_WEATHER_NL,TX_ROAD_CONDITION_NL,TX_LIGHT_CONDITION_NL,TX_CLASS_ACCIDENTS_NL,CD_ROAD_USR_TYPE1,TX_ROAD_USR_TYPE1_NL,CD_ROAD_USR_TYPE2,TX_ROAD_USR_TYPE2_NL,TX_CROSSWAY_NL,CD_ROAD_TYPE_NL,TX_BUILD_UP_AREA_NL,TX_COLLISION_TYPE_NL,TX_OBSTACLES_NL
28858,13,Gent,Gent,51.03018,3.70146,1.9357446477216977,51.04558763454303,3.7143467602249394,2021,12,19,44021,Gent,Normaal,Droog,Dag,met lichtgewonden,3,Fiets,9,personenauto,Op Kruispunt,Gewestweg,binnen bebouwde kom,Tussen 2 bestuurders: Frontale botsing,Geen hindernis
28874,119,Gent teller 2,Gent,51.0281795,3.7683918,0.49066674971277224,51.0247582024903,3.7728226383177237,2021,12,9,44040,Melle,Normaal,"Nat, plassen",Dag,met lichtgewonden,5,Lichte vrachtauto,3,Fiets,Op Kruispunt,Gewestweg,buiten bebouwde kom,Tss. 2 best.: langs opzij (voor-/achterkant-flank),Geen hindernis
28874,118,Gent teller 1,Gent,51.028049,3.7681359,0.49125966760006845,51.0247582024903,3.7728226383177237,2021,12,9,44040,Melle,Normaal,"Nat, plassen",Dag,met lichtgewonden,5,Lichte vrachtauto,3,Fiets,Op Kruispunt,Gewestweg,buiten bebouwde kom,Tss. 2 best.: langs opzij (voor-/achterkant-flank),Geen hindernis
28881,115,Aalter,Aalter,51.1058367,3.4350591,2.4829613312789727,51.09401472908067,3.465225850890518,2021,12,11,44084,Aalter,Normaal,"Nat, plassen",Dag,met lichtgewonden,3,Fiets,10,"één bestuurder, geen hindernis",Buiten Kruispunt,Gemeenteweg,binnen bebouwde kom,"Eén bestuurder, geen hindernis (incl. val)",Geen hindernis
28903,128,Lokeren teller 1,Lokeren,51.09644,3.97023,1.1617874416028642,51.10441738642361,3.9809748690953906,2021,12,12,46014,Lokeren,Normaal,Droog+Proper,Dag,met lichtgewonden,3,Fiets,3,Fiets,Buiten Kruispunt,Gemeenteweg,binnen bebouwde kom,Tss. 2 best.: langs opzij (voor-/achterkant-flank),Geen hindernis
28903,129,Lokeren teller 2,Lokeren,51.09612,3.97025,1.1882982835439933,51.10441738642361,3.9809748690953906,2021,12,12,46014,Lokeren,Normaal,Droog+Proper,Dag,met lichtgewonden,3,Fiets,3,Fiets,Buiten Kruispunt,Gemeenteweg,binnen bebouwde kom,Tss. 2 best.: langs opzij (voor-/achterkant-flank),Geen hindernis
28904,141,Test site A support,Lokeren,51.08342085,3.9961071208376326,1.6736834552530986,51.09641147795305,4.008211312235989,2021,12,8,46014,Lokeren,Normaal,Droog,Dag,met lichtgewonden,9,personenauto,3,Fiets,Op Kruispunt,Gewestweg,binnen bebouwde kom,Tss. 2 best.: langs opzij (voor-/achterkant-flank),Geen hindernis
28905,128,Lokeren teller 1,Lokeren,51.09644,3.97023,1.6511098052173807,51.10406122439784,3.9905239155080245,2021,12,19,46014,Lokeren,Regenval,"Nat, plassen","Nacht, openbare verlichting aanwezig en ontstoken",met lichtgewonden,3,Fiets,9,personenauto,Op Kruispunt,Gemeenteweg,binnen bebouwde kom,Tussen 2 bestuurders: Frontale botsing,Geen hindernis
28905,129,Lokeren teller 2,Lokeren,51.09612,3.97025,1.6684710454655842,51.10406122439784,3.9905239155080245,2021,12,19,46014,Lokeren,Regenval,"Nat, plassen","Nacht, openbare verlichting aanwezig en ontstoken",met lichtgewonden,3,Fiets,9,personenauto,Op Kruispunt,Gemeenteweg,binnen bebouwde kom,Tussen 2 bestuurders: Frontale botsing,Geen hindernis
28905,141,Test site A support,Lokeren,51.08342085,3.9961071208376326,2.3279893335852035,51.10406122439784,3.9905239155080245,2021,12,19,46014,Lokeren,Regenval,"Nat, plassen","Nacht, openbare verlichting aanwezig en ontstoken",met lichtgewonden,3,Fiets,9,personenauto,Op Kruispunt,Gemeenteweg,binnen bebouwde kom,Tussen 2 bestuurders: Frontale botsing,Geen hindernis
28906,128,Lokeren teller 1,Lokeren,51.09644,3.97023,1.3200894370412737,51.10160544118244,3.9872516630684953,2021,12,18,46014,Lokeren,Regenval,"Nat, plassen","Nacht, openbare verlichting aanwezig en ontstoken",met lichtgewonden,9,personenauto,3,Fiets,Op Kruispunt,Gemeenteweg,binnen bebouwde kom,Tussen 2 bestuurders: Flank tegen flank,Geen hindernis
28906,129,Lokeren teller 2,Lokeren,51.09612,3.97025,1.3347168396249067,51.10160544118244,3.9872516630684953,2021,12,18,46014,Lokeren,Regenval,"Nat, plassen","Nacht, openbare verlichting aanwezig en ontstoken",met lichtgewonden,9,personenauto,3,Fiets,Op Kruispunt,Gemeenteweg,binnen bebouwde kom,Tussen 2 bestuurders: Flank tegen flank,Geen hindernis
28906,141,Test site A support,Lokeren,51.08342085,3.9961071208376326,2.114496546783934,51.10160544118244,3.9872516630684953,2021,12,18,46014,Lokeren,Regenval,"Nat, plassen","Nacht, openbare verlichting aanwezig en ontstoken",met lichtgewonden,9,personenauto,3,Fiets,Op Kruispunt,Gemeenteweg,binnen bebouwde kom,Tussen 2 bestuurders: Flank tegen flank,Geen hindernis
28909,126,Hamme totem,Hamme,51.1017709,4.1469307,1.478465720361392,51.08932446167697,4.1394835677658675,2021,12,14,42008,Hamme,Normaal,Droog,Dag,met lichtgewonden,9,personenauto,3,Fiets,Buiten Kruispunt,Gewestweg,binnen bebouwde kom,Tss. 2 best.: langs opzij (voor-/achterkant-flank),Geen hindernis
28911,120,Zele teller 1,Zele,51.0607671,4.0547741,2.423460840558242,51.056104355975116,4.020901127170289,2021,12,7,42028,Zele,Normaal,"Nat, plassen",Dageraad - schemering,met lichtgewonden,9,personenauto,3,Fiets,Op Kruispunt,Gemeenteweg,buiten bebouwde kom,Tss. 2 best.: langs opzij (voor-/achterkant-flank),Geen hindernis
28911,121,Zele teller 2,Zele,51.0604067,4.0556696,2.4765904808403576,51.056104355975116,4.020901127170289,2021,12,7,42028,Zele,Normaal,"Nat, plassen",Dageraad - schemering,met lichtgewonden,9,personenauto,3,Fiets,Op Kruispunt,Gemeenteweg,buiten bebouwde kom,Tss. 2 best.: langs opzij (voor-/achterkant-flank),Geen hindernis
28912,121,Zele teller 2,Zele,51.0604067,4.0556696,0.02338538638642517,51.06032573010651,4.055360772966991,2021,12,8,42028,Zele,Regenval,"Nat, plassen",Dageraad - schemering,met zwaargewonden,9,personenauto,3,Fiets,Op Kruispunt,Gewestweg,buiten bebouwde kom,Tss. 2 best.: langs opzij (voor-/achterkant-flank),Geen hindernis
28912,120,Zele teller 1,Zele,51.0607671,4.0547741,0.06395054309792224,51.06032573010651,4.055360772966991,2021,12,8,42028,Zele,Regenval,"Nat, plassen",Dageraad - schemering,met zwaargewonden,9,personenauto,3,Fiets,Op Kruispunt,Gewestweg,buiten bebouwde kom,Tss. 2 best.: langs opzij (voor-/achterkant-flank),Geen hindernis
28913,121,Zele teller 2,Zele,51.0604067,4.0556696,0.3240849126430894,51.05769740924217,4.057379089925728,2021,12,12,42028,Zele,Normaal,Droog,Dag,met lichtgewonden,3,Fiets,9,personenauto,Op Kruispunt,Gewestweg,buiten bebouwde kom,Tss. 2 best.: langs opzij (voor-/achterkant-flank),Geen hindernis
28913,120,Zele teller 1,Zele,51.0607671,4.0547741,0.3868510584174253,51.05769740924217,4.057379089925728,2021,12,12,42028,Zele,Normaal,Droog,Dag,met lichtgewonden,3,Fiets,9,personenauto,Op Kruispunt,Gewestweg,buiten bebouwde kom,Tss. 2 best.: langs opzij (voor-/achterkant-flank),Geen hindernis
28915,152,Opwijk,District Vilvoorde-gewestwegen,50.968901168564656,4.149169474840164,2.4082253937874727,50.988925432961466,4.136063938524865,2021,12,9,42011,Lebbeke,Normaal,Droog,Dag,met lichtgewonden,9,personenauto,3,Fiets,Buiten Kruispunt,Gewestweg,buiten bebouwde kom,Tss. 2 best.: langs opzij (voor-/achterkant-flank),Geen hindernis
28923,10,Aalst 2,Aalst,50.93549,4.01571,2.2324121558187358,50.941955845602585,4.045872405200213,2021,12,14,41002,Aalst,Normaal,Droog,Dag,met lichtgewonden,9,personenauto,3,Fiets,Buiten Kruispunt,Gemeenteweg,binnen bebouwde kom,Tss. 2 best.: langs opzij (voor-/achterkant-flank),Geen hindernis
28923,11,Aalst 3,Aalst,50.93385,4.01647,2.2487841185546094,50.941955845602585,4.045872405200213,2021,12,14,41002,Aalst,Normaal,Droog,Dag,met lichtgewonden,9,personenauto,3,Fiets,Buiten Kruispunt,Gemeenteweg,binnen bebouwde kom,Tss. 2 best.: langs opzij (voor-/achterkant-flank),Geen hindernis
28923,19,Aalst 1,Aalst,50.93433,4.01471,2.3424312167803625,50.941955845602585,4.045872405200213,2021,12,14,41002,Aalst,Normaal,Droog,Dag,met lichtgewonden,9,personenauto,3,Fiets,Buiten Kruispunt,Gemeenteweg,binnen bebouwde kom,Tss. 2 best.: langs opzij (voor-/achterkant-flank),Geen hindernis
28924,11,Aalst 3,Aalst,50.93385,4.01647,1.4389766348013613,50.936297939837026,4.03663404088943,2021,12,11,41002,Aalst,Normaal,Droog,Dag,met lichtgewonden,3,Fiets,9,personenauto,Buiten Kruispunt,Gemeenteweg,binnen bebouwde kom,Tussen 2 bestuurders: Flank tegen flank,Geen hindernis
28924,10,Aalst 2,Aalst,50.93549,4.01571,1.4689783864741262,50.936297939837026,4.03663404088943,2021,12,11,41002,Aalst,Normaal,Droog,Dag,met lichtgewonden,3,Fiets,9,personenauto,Buiten Kruispunt,Gemeenteweg,binnen bebouwde kom,Tussen 2 bestuurders: Flank tegen flank,Geen hindernis
28924,19,Aalst 1,Aalst,50.93433,4.01471,1.5518275384661535,50.936297939837026,4.03663404088943,2021,12,11,41002,Aalst,Normaal,Droog,Dag,met lichtgewonden,3,Fiets,9,personenauto,Buiten Kruispunt,Gemeenteweg,binnen bebouwde kom,Tussen 2 bestuurders: Flank tegen flank,Geen hindernis
28930,122,Dendermonde teller 2,Dendermonde,51.0373918,4.1019222,1.7741058302232189,51.022235622701324,4.093995951019126,2021,12,14,42006,Dendermonde,Normaal,Droog,Dag,met lichtgewonden,3,Fiets,10,"één bestuurder, geen hindernis",Buiten Kruispunt,Gemeenteweg,binnen bebouwde kom,"Eén bestuurder, geen hindernis (incl. val)",Geen hindernis
28930,125,Dendermonde totem,Dendermonde,51.0372706,4.1025998,1.7767912280836435,51.022235622701324,4.093995951019126,2021,12,14,42006,Dendermonde,Normaal,Droog,Dag,met lichtgewonden,3,Fiets,10,"één bestuurder, geen hindernis",Buiten Kruispunt,Gemeenteweg,binnen bebouwde kom,"Eén bestuurder, geen hindernis (incl. val)",Geen hindernis
28932,142,TEST Validatie BRUGGE Y2H22022134,Brugge,51.22632,3.24095,2.1313866439878857,51.20715221201358,3.240799242118186,2021,12,9,31005,Brugge,Onbekend,Onbekend,Dag,met lichtgewonden,3,Fiets,9,personenauto,Buiten Kruispunt,Gemeenteweg,binnen bebouwde kom,Tussen 2 bestuurders: Flank tegen flank,Geen hindernis
28932,52,Brugge,Brugge,51.22632,3.24095,2.1313866439878857,51.20715221201358,3.240799242118186,2021,12,9,31005,Brugge,Onbekend,Onbekend,Dag,met lichtgewonden,3,Fiets,9,personenauto,Buiten Kruispunt,Gemeenteweg,binnen bebouwde kom,Tussen 2 bestuurders: Flank tegen flank,Geen hindernis
28933,20,Brugge,Brugge,51.17416,3.20048,1.2161298828043579,51.17543678622002,3.2178054588516507,2021,12,7,31005,Brugge,Normaal,Droog,"Nacht, openbare verlichting aanwezig en ontstoken",met lichtgewonden,3,Fiets,9,personenauto,Op Kruispunt,Gemeenteweg,binnen bebouwde kom,Tussen 2 bestuurders: Langs achteren,Geen hindernis
28934,20,Brugge,Brugge,51.17416,3.20048,2.3897267982997032,51.17934469832875,3.233748299340652,2021,12,14,31005,Brugge,Normaal,"Nat, plassen",Dag,met lichtgewonden,9,personenauto,3,Fiets,Op Kruispunt,Gewestweg,binnen bebouwde kom,Tss. 2 best.: langs opzij (voor-/achterkant-flank),Geen hindernis
28935,50,"Brugge, Sint-Andries",Brugge,51.19291,3.16252,1.7447422494100184,51.20078138393668,3.184180765262279,2021,12,7,31005,Brugge,Normaal,"Nat, plassen",Dag,met zwaargewonden,9,personenauto,3,Fiets,Op Kruispunt,Gemeenteweg,binnen bebouwde kom,Tss. 2 best.: langs opzij (voor-/achterkant-flank),Geen hindernis
28935,51,"Brugge, Sint-Andries",Brugge,51.19281,3.16252,1.7503482376139687,51.20078138393668,3.184180765262279,2021,12,7,31005,Brugge,Normaal,"Nat, plassen",Dag,met zwaargewonden,9,personenauto,3,Fiets,Op Kruispunt,Gemeenteweg,binnen bebouwde kom,Tss. 2 best.: langs opzij (voor-/achterkant-flank),Geen hindernis
28938,142,TEST Validatie BRUGGE Y2H22022134,Brugge,51.22632,3.24095,2.438229806182355,51.2125338157321,3.2681742366581603,2021,12,7,31005,Brugge,Normaal,"Nat, plassen","Nacht, openbare verlichting aanwezig en ontstoken",met lichtgewonden,3,Fiets,9,personenauto,Buiten Kruispunt,Gemeenteweg,binnen bebouwde kom,Tussen 2 bestuurders: Langs achteren,Geen hindernis
28938,52,Brugge,Brugge,51.22632,3.24095,2.438229806182355,51.2125338157321,3.2681742366581603,2021,12,7,31005,Brugge,Normaal,"Nat, plassen","Nacht, openbare verlichting aanwezig en ontstoken",met lichtgewonden,3,Fiets,9,personenauto,Buiten Kruispunt,Gemeenteweg,binnen bebouwde kom,Tussen 2 bestuurders: Langs achteren,Geen hindernis
28939,50,"Brugge, Sint-Andries",Brugge,51.19291,3.16252,1.6989633312044274,51.20546045630672,3.1764268804179747,2021,12,17,31005,Brugge,Normaal,Droog,"Nacht, openbare verlichting aanwezig en ontstoken",met lichtgewonden,9,personenauto,3,Fiets,Op Kruispunt,Gemeenteweg,binnen bebouwde kom,Tss. 2 best.: langs opzij (voor-/achterkant-flank),Geen hindernis
28939,51,"Brugge, Sint-Andries",Brugge,51.19281,3.16252,1.70810937367874,51.20546045630672,3.1764268804179747,2021,12,17,31005,Brugge,Normaal,Droog,"Nacht, openbare verlichting aanwezig en ontstoken",met lichtgewonden,9,personenauto,3,Fiets,Op Kruispunt,Gemeenteweg,binnen bebouwde kom,Tss. 2 best.: langs opzij (voor-/achterkant-flank),Geen hindernis
28941,54,Brugge teller 2,Brugge,51.23015,3.22818,1.0501712642337924,51.2207514053935,3.2266962476130883,2021,12,13,31005,Brugge,Normaal,Droog,Dag,met lichtgewonden,3,Fiets,9,personenauto,Buiten Kruispunt,Gemeenteweg,binnen bebouwde kom,Tussen 2 bestuurders: Langs achteren,Geen hindernis
28941,53,Brugge teller 1,Brugge,51.23023,3.228,1.0578746727098172,51.2207514053935,3.2266962476130883,2021,12,13,31005,Brugge,Normaal,Droog,Dag,met lichtgewonden,3,Fiets,9,personenauto,Buiten Kruispunt,Gemeenteweg,binnen bebouwde kom,Tussen 2 bestuurders: Langs achteren,Geen hindernis
28941,52,Brugge,Brugge,51.22632,3.24095,1.1699198711069427,51.2207514053935,3.2266962476130883,2021,12,13,31005,Brugge,Normaal,Droog,Dag,met lichtgewonden,3,Fiets,9,personenauto,Buiten Kruispunt,Gemeenteweg,binnen bebouwde kom,Tussen 2 bestuurders: Langs achteren,Geen hindernis
28941,142,TEST Validatie BRUGGE Y2H22022134,Brugge,51.22632,3.24095,1.1699198711069427,51.2207514053935,3.2266962476130883,2021,12,13,31005,Brugge,Normaal,Droog,Dag,met lichtgewonden,3,Fiets,9,personenauto,Buiten Kruispunt,Gemeenteweg,binnen bebouwde kom,Tussen 2 bestuurders: Langs achteren,Geen hindernis
28949,20,Brugge,Brugge,51.17416,3.20048,2.3037207479922843,51.15503963938816,3.187758346835645,2021,12,20,31040,Zedelgem,Normaal,"Nat, plassen",Dag,met zwaargewonden,3,Fiets,9,personenauto,Op Kruispunt,Gewestweg,binnen bebouwde kom,Tss. 2 best.: langs opzij (voor-/achterkant-flank),Geen hindernis
28952,18,Oostende 1,Oostende,51.21378,2.92765,1.5092792009036335,51.22461337823576,2.9407059696676714,2021,12,5,35013,Oostende,Normaal,Droog,"Nacht, openbare verlichting aanwezig en ontstoken",met lichtgewonden,3,Fiets,3,Fiets,Buiten Kruispunt,Gewestweg,buiten bebouwde kom,Tussen 2 bestuurders: Frontale botsing,Geen hindernis
28952,15,Oostende 2,Oostende,51.21371,2.92743,1.5247418679543674,51.22461337823576,2.9407059696676714,2021,12,5,35013,Oostende,Normaal,Droog,"Nacht, openbare verlichting aanwezig en ontstoken",met lichtgewonden,3,Fiets,3,Fiets,Buiten Kruispunt,Gewestweg,buiten bebouwde kom,Tussen 2 bestuurders: Frontale botsing,Geen hindernis
28953,18,Oostende 1,Oostende,51.21378,2.92765,0.7809773358409479,51.21938175349684,2.9344138522903527,2021,12,12,35013,Oostende,Normaal,Droog,Dag,met lichtgewonden,3,Fiets,3,Fiets,Buiten Kruispunt,Gemeenteweg,binnen bebouwde kom,Tussen 2 bestuurders: Frontale botsing,Geen hindernis
28953,15,Oostende 2,Oostende,51.21371,2.92743,0.7964643310427504,51.21938175349684,2.9344138522903527,2021,12,12,35013,Oostende,Normaal,Droog,Dag,met lichtgewonden,3,Fiets,3,Fiets,Buiten Kruispunt,Gemeenteweg,binnen bebouwde kom,Tussen 2 bestuurders: Frontale botsing,Geen hindernis
28954,65,Nieuwpoort teller 2,Nieuwpoort,51.13435,2.75511,1.6820412954985262,51.14947599183104,2.7553828957083333,2021,12,14,35011,Middelkerke,Normaal,Droog,Dag,met lichtgewonden,3,Fiets,10,"één bestuurder, geen hindernis",Buiten Kruispunt,Gemeenteweg,binnen bebouwde kom,"Eén bestuurder, geen hindernis (incl. val)",Geen hindernis
28954,64,Nieuwpoort teller 1,Nieuwpoort,51.13359,2.75737,1.7718729752047457,51.14947599183104,2.7553828957083333,2021,12,14,35011,Middelkerke,Normaal,Droog,Dag,met lichtgewonden,3,Fiets,10,"één bestuurder, geen hindernis",Buiten Kruispunt,Gemeenteweg,binnen bebouwde kom,"Eén bestuurder, geen hindernis (incl. val)",Geen hindernis
28954,63,Nieuwpoort teller 3,Nieuwpoort,51.13529,2.74289,1.802163349787554,51.14947599183104,2.7553828957083333,2021,12,14,35011,Middelkerke,Normaal,Droog,Dag,met lichtgewonden,3,Fiets,10,"één bestuurder, geen hindernis",Buiten Kruispunt,Gemeenteweg,binnen bebouwde kom,"Eén bestuurder, geen hindernis (incl. val)",Geen hindernis
28954,66,Nieuwpoort totem,Nieuwpoort,51.1347,2.74369,1.8343696057608005,51.14947599183104,2.7553828957083333,2021,12,14,35011,Middelkerke,Normaal,Droog,Dag,met lichtgewonden,3,Fiets,10,"één bestuurder, geen hindernis",Buiten Kruispunt,Gemeenteweg,binnen bebouwde kom,"Eén bestuurder, geen hindernis (incl. val)",Geen hindernis
28956,51,"Brugge, Sint-Andries",Brugge,51.19281,3.16252,0.8639144910607662,51.18999248950102,3.150967019026564,2021,12,17,31012,Jabbeke,Regenval,"Nat, plassen","Nacht, openbare verlichting aanwezig en ontstoken",met zwaargewonden,9,personenauto,3,Fiets,Op Kruispunt,Gewestweg,binnen bebouwde kom,Tss. 2 best.: langs opzij (voor-/achterkant-flank),Geen hindernis
28956,50,"Brugge, Sint-Andries",Brugge,51.19291,3.16252,0.8680079492153716,51.18999248950102,3.150967019026564,2021,12,17,31012,Jabbeke,Regenval,"Nat, plassen","Nacht, openbare verlichting aanwezig en ontstoken",met zwaargewonden,9,personenauto,3,Fiets,Op Kruispunt,Gewestweg,binnen bebouwde kom,Tss. 2 best.: langs opzij (voor-/achterkant-flank),Geen hindernis
28957,56,Torhout teller 2,Torhout,51.07147,3.08244,1.6888760011324966,51.07972531073733,3.0621484867549573,2021,12,15,31033,Torhout,Regenval,"Nat, plassen",Dag,met lichtgewonden,9,personenauto,3,Fiets,Op Kruispunt,Gewestweg,buiten bebouwde kom,Tussen 2 bestuurders: Frontale botsing,Geen hindernis
28957,55,Torhout teller 1,Torhout,51.07161,3.08261,1.6904949073284943,51.07972531073733,3.0621484867549573,2021,12,15,31033,Torhout,Regenval,"Nat, plassen",Dag,met lichtgewonden,9,personenauto,3,Fiets,Op Kruispunt,Gewestweg,buiten bebouwde kom,Tussen 2 bestuurders: Frontale botsing,Geen hindernis
28967,16,Kortrijk 1,Kortrijk,50.83332,3.27777,1.185098407729594,50.82266219549982,3.2778171046056026,2021,12,16,34022,Kortrijk,Normaal,Droog,Dag,met lichtgewonden,3,Fiets,9,personenauto,Buiten Kruispunt,Gewestweg,binnen bebouwde kom,Tss. 2 best.: langs opzij (voor-/achterkant-flank),Geen hindernis
28967,17,Kortrijk 2,Kortrijk,50.83339,3.27773,1.1928931227858584,50.82266219549982,3.2778171046056026,2021,12,16,34022,Kortrijk,Normaal,Droog,Dag,met lichtgewonden,3,Fiets,9,personenauto,Buiten Kruispunt,Gewestweg,binnen bebouwde kom,Tss. 2 best.: langs opzij (voor-/achterkant-flank),Geen hindernis
28967,143,Eco Display Classic Budastraat,Kortrijk,50.83066,3.26286,1.376431192851313,50.82266219549982,3.2778171046056026,2021,12,16,34022,Kortrijk,Normaal,Droog,Dag,met lichtgewonden,3,Fiets,9,personenauto,Buiten Kruispunt,Gewestweg,binnen bebouwde kom,Tss. 2 best.: langs opzij (voor-/achterkant-flank),Geen hindernis
28967,75,Kortrijk teller 2,Kortrijk,50.81925,3.25731,1.4896895833559407,50.82266219549982,3.2778171046056026,2021,12,16,34022,Kortrijk,Normaal,Droog,Dag,met lichtgewonden,3,Fiets,9,personenauto,Buiten Kruispunt,Gewestweg,binnen bebouwde kom,Tss. 2 best.: langs opzij (voor-/achterkant-flank),Geen hindernis
28967,74,Kortrijk teller 1,Kortrijk,50.81909,3.25728,1.4963540613931283,50.82266219549982,3.2778171046056026,2021,12,16,34022,Kortrijk,Normaal,Droog,Dag,met lichtgewonden,3,Fiets,9,personenauto,Buiten Kruispunt,Gewestweg,binnen bebouwde kom,Tss. 2 best.: langs opzij (voor-/achterkant-flank),Geen hindernis
28968,74,Kortrijk teller 1,Kortrijk,50.81909,3.25728,1.6303876506053987,50.8119374293387,3.2370218181501955,2021,12,12,34022,Kortrijk,Normaal,Droog,Dag,met lichtgewonden,3,Fiets,5,Lichte vrachtauto,Op Kruispunt,Gemeenteweg,binnen bebouwde kom,Tss. 2 best.: langs opzij (voor-/achterkant-flank),Geen hindernis
28968,75,Kortrijk teller 2,Kortrijk,50.81925,3.25731,1.64096831560464,50.8119374293387,3.2370218181501955,2021,12,12,34022,Kortrijk,Normaal,Droog,Dag,met lichtgewonden,3,Fiets,5,Lichte vrachtauto,Op Kruispunt,Gemeenteweg,binnen bebouwde kom,Tss. 2 best.: langs opzij (voor-/achterkant-flank),Geen hindernis
28970,17,Kortrijk 2,Kortrijk,50.83339,3.27773,0.5953791315033854,50.83671117875568,3.284380078239661,2021,12,16,34022,Kortrijk,Normaal,Droog,Dageraad - schemering,met lichtgewonden,3,Fiets,9,personenauto,Op Kruispunt,Gemeenteweg,binnen bebouwde kom,Tussen 2 bestuurders: Langs achteren,Geen hindernis
28970,16,Kortrijk 1,Kortrijk,50.83332,3.27777,0.5980555256500308,50.83671117875568,3.284380078239661,2021,12,16,34022,Kortrijk,Normaal,Droog,Dageraad - schemering,met lichtgewonden,3,Fiets,9,personenauto,Op Kruispunt,Gemeenteweg,binnen bebouwde kom,Tussen 2 bestuurders: Langs achteren,Geen hindernis
28970,143,Eco Display Classic Budastraat,Kortrijk,50.83066,3.26286,1.6543248693225079,50.83671117875568,3.284380078239661,2021,12,16,34022,Kortrijk,Normaal,Droog,Dageraad - schemering,met lichtgewonden,3,Fiets,9,personenauto,Op Kruispunt,Gemeenteweg,binnen bebouwde kom,Tussen 2 bestuurders: Langs achteren,Geen hindernis
28971,74,Kortrijk teller 1,Kortrijk,50.81909,3.25728,0.9883395409261844,50.810206470501605,3.2577432956539614,2021,12,12,34022,Kortrijk,Normaal,"Nat, plassen",Dag,met lichtgewonden,6,Bromfiets,3,Fiets,Buiten Kruispunt,Gemeenteweg,binnen bebouwde kom,Tussen 2 bestuurders: Frontale botsing,Geen hindernis
28971,75,Kortrijk teller 2,Kortrijk,50.81925,3.25731,1.0060552658674113,50.810206470501605,3.2577432956539614,2021,12,12,34022,Kortrijk,Normaal,"Nat, plassen",Dag,met lichtgewonden,6,Bromfiets,3,Fiets,Buiten Kruispunt,Gemeenteweg,binnen bebouwde kom,Tussen 2 bestuurders: Frontale botsing,Geen hindernis
28971,143,Eco Display Classic Budastraat,Kortrijk,50.83066,3.26286,2.3025563827387114,50.810206470501605,3.2577432956539614,2021,12,12,34022,Kortrijk,Normaal,"Nat, plassen",Dag,met lichtgewonden,6,Bromfiets,3,Fiets,Buiten Kruispunt,Gemeenteweg,binnen bebouwde kom,Tussen 2 bestuurders: Frontale botsing,Geen hindernis
28972,143,Eco Display Classic Budastraat,Kortrijk,50.83066,3.26286,0.6598374128976784,50.83634307948936,3.2601563883957834,2021,12,7,34022,Kortrijk,Normaal,"Nat, plassen","Nacht, openbare verlichting aanwezig en ontstoken",met lichtgewonden,9,personenauto,3,Fiets,Op Kruispunt,Gemeenteweg,binnen bebouwde kom,Tss. 2 best.: langs opzij (voor-/achterkant-flank),Geen hindernis
28972,17,Kortrijk 2,Kortrijk,50.83339,3.27773,1.277062408700432,50.83634307948936,3.2601563883957834,2021,12,7,34022,Kortrijk,Normaal,"Nat, plassen","Nacht, openbare verlichting aanwezig en ontstoken",met lichtgewonden,9,personenauto,3,Fiets,Op Kruispunt,Gemeenteweg,binnen bebouwde kom,Tss. 2 best.: langs opzij (voor-/achterkant-flank),Geen hindernis
28972,16,Kortrijk 1,Kortrijk,50.83332,3.27777,1.281797319267099,50.83634307948936,3.2601563883957834,2021,12,7,34022,Kortrijk,Normaal,"Nat, plassen","Nacht, openbare verlichting aanwezig en ontstoken",met lichtgewonden,9,personenauto,3,Fiets,Op Kruispunt,Gemeenteweg,binnen bebouwde kom,Tss. 2 best.: langs opzij (voor-/achterkant-flank),Geen hindernis
28972,75,Kortrijk teller 2,Kortrijk,50.81925,3.25731,1.9111491000931895,50.83634307948936,3.2601563883957834,2021,12,7,34022,Kortrijk,Normaal,"Nat, plassen","Nacht, openbare verlichting aanwezig en ontstoken",met lichtgewonden,9,personenauto,3,Fiets,Op Kruispunt,Gemeenteweg,binnen bebouwde kom,Tss. 2 best.: langs opzij (voor-/achterkant-flank),Geen hindernis
28972,74,Kortrijk teller 1,Kortrijk,50.81909,3.25728,1.9290631474115407,50.83634307948936,3.2601563883957834,2021,12,7,34022,Kortrijk,Normaal,"Nat, plassen","Nacht, openbare verlichting aanwezig en ontstoken",met lichtgewonden,9,personenauto,3,Fiets,Op Kruispunt,Gemeenteweg,binnen bebouwde kom,Tss. 2 best.: langs opzij (voor-/achterkant-flank),Geen hindernis
28973,16,Kortrijk 1,Kortrijk,50.83332,3.27777,2.457196670830494,50.8167681580235,3.300947689416074,2021,12,16,34022,Kortrijk,Normaal,"Nat, plassen",Dag,met lichtgewonden,3,Fiets,6,Bromfiets,Buiten Kruispunt,Gewestweg,buiten bebouwde kom,Tss. 2 best.: langs opzij (voor-/achterkant-flank),Geen hindernis