crash_row_id,site_id,site_name,site_gemeente,site_lat,site_long,distance_km,crash_lat,crash_long,DT_YEAR_COLLISION,DT_MONTH_COLLISION,DT_TIME,CD_NIS,TX_MUNTY_COLLISION_NL,TX_WEATHER_NL,TX_ROAD_CONDITION_NL,TX_LIGHT_CONDITION_NL,TX_CLASS_ACCIDENTS_NL,CD_ROAD_USR_TYPE1,TX_ROAD_USR_TYPE1_NL,CD_ROAD_USR_TYPE2,TX_ROAD_USR_TYPE2_NL,TX_CROSSWAY_NL,CD_ROAD_TYPE_NL,TX_BUILD_UP_AREA_NL,TX_COLLISION_TYPE_NL,TX_OBSTACLES_NL
28973,17,Kortrijk 2,Kortrijk,50.83339,3.27773,2.464889355313321,50.8167681580235,3.300947689416074,2021,12,16,34022,Kortrijk,Normaal,"Nat, plassen",Dag,met lichtgewonden,3,Fiets,6,Bromfiets,Buiten Kruispunt,Gewestweg,buiten bebouwde kom,Tss. 2 best.: langs opzij (voor-/achterkant-flank),Geen hindernis
28974,16,Kortrijk 1,Kortrijk,50.83332,3.27777,2.258037702178891,50.8180287723946,3.298923666308765,2021,12,6,34022,Kortrijk,Regenval,"Nat, plassen","Nacht, openbare verlichting aanwezig en ontstoken",met lichtgewonden,3,Fiets,9,personenauto,Op Kruispunt,Gewestweg,buiten bebouwde kom,Tss. 2 best.: langs opzij (voor-/achterkant-flank),Geen hindernis
28974,17,Kortrijk 2,Kortrijk,50.83339,3.27773,2.265748826790573,50.8180287723946,3.298923666308765,2021,12,6,34022,Kortrijk,Regenval,"Nat, plassen","Nacht, openbare verlichting aanwezig en ontstoken",met lichtgewonden,3,Fiets,9,personenauto,Op Kruispunt,Gewestweg,buiten bebouwde kom,Tss. 2 best.: langs opzij (voor-/achterkant-flank),Geen hindernis
28978,16,Kortrijk 1,Kortrijk,50.83332,3.27777,2.050442780419652,50.8306771171725,3.3066645587960806,2021,12,15,34013,Harelbeke,Onbekend,Onbekend,Dag,met lichtgewonden,9,personenauto,3,Fiets,Op Kruispunt,Gemeenteweg,onbekend,Tussen 2 bestuurders: Frontale botsing,Geen hindernis
28978,17,Kortrijk 2,Kortrijk,50.83339,3.27773,2.054350029481126,50.8306771171725,3.3066645587960806,2021,12,15,34013,Harelbeke,Onbekend,Onbekend,Dag,met lichtgewonden,9,personenauto,3,Fiets,Op Kruispunt,Gemeenteweg,onbekend,Tussen 2 bestuurders: Frontale botsing,Geen hindernis
28983,67,Ieper totem,Ieper,50.85018,2.85624,2.15159103567796,50.85328649474531,2.8864916114407517,2021,12,17,33011,Ieper,Normaal,Droog,"Nacht, openbare verlichting aanwezig en ontstoken",met lichtgewonden,9,personenauto,3,Fiets,Op Kruispunt,Gemeenteweg,binnen bebouwde kom,Tss. 2 best.: langs opzij (voor-/achterkant-flank),Geen hindernis
28983,68,Ieper,Ieper,50.85032,2.85608,2.160243251717358,50.85328649474531,2.8864916114407517,2021,12,17,33011,Ieper,Normaal,Droog,"Nacht, openbare verlichting aanwezig en ontstoken",met lichtgewonden,9,personenauto,3,Fiets,Op Kruispunt,Gemeenteweg,binnen bebouwde kom,Tss. 2 best.: langs opzij (voor-/achterkant-flank),Geen hindernis
28984,67,Ieper totem,Ieper,50.85018,2.85624,1.507633570317094,50.84796237574481,2.8774256532703095,2021,12,23,33011,Ieper,Normaal,"Nat, plassen",Dag,met lichtgewonden,3,Fiets,11,een weggebruiker tegen een hindernis,Buiten Kruispunt,Gewestweg,binnen bebouwde kom,Weggebruiker tegen hindernis buiten rijbaan,Andere hindernis
28984,68,Ieper,Ieper,50.85032,2.85608,1.5213190954024043,50.84796237574481,2.8774256532703095,2021,12,23,33011,Ieper,Normaal,"Nat, plassen",Dag,met lichtgewonden,3,Fiets,11,een weggebruiker tegen een hindernis,Buiten Kruispunt,Gewestweg,binnen bebouwde kom,Weggebruiker tegen hindernis buiten rijbaan,Andere hindernis
28985,68,Ieper,Ieper,50.85032,2.85608,1.858668494952969,50.85307938633567,2.8299667479663606,2021,12,16,33011,Ieper,Normaal,"Nat, plassen",Dageraad - schemering,met lichtgewonden,3,Fiets,11,een weggebruiker tegen een hindernis,Buiten Kruispunt,Gewestweg,binnen bebouwde kom,Weggebruiker tegen hindernis op de rijbaan,"Op de rijbaan: Put, straatgoot, tramspoor"
28985,67,Ieper totem,Ieper,50.85018,2.85624,1.8723677452824328,50.85307938633567,2.8299667479663606,2021,12,16,33011,Ieper,Normaal,"Nat, plassen",Dageraad - schemering,met lichtgewonden,3,Fiets,11,een weggebruiker tegen een hindernis,Buiten Kruispunt,Gewestweg,binnen bebouwde kom,Weggebruiker tegen hindernis op de rijbaan,"Op de rijbaan: Put, straatgoot, tramspoor"
28988,42,Maasmechelen teller 2,Maasmechelen,50.97043,5.6981,1.5164374489814108,50.98389546790299,5.701530975870701,2021,12,13,73107,Maasmechelen,Normaal,Droog,Dag,met lichtgewonden,3,Fiets,9,personenauto,Buiten Kruispunt,Gemeenteweg,buiten bebouwde kom,Tss. 2 best.: langs opzij (voor-/achterkant-flank),Geen hindernis
28988,41,Maasmechelen teller 1,Maasmechelen,50.97025,5.69799,1.5374262132370635,50.98389546790299,5.701530975870701,2021,12,13,73107,Maasmechelen,Normaal,Droog,Dag,met lichtgewonden,3,Fiets,9,personenauto,Buiten Kruispunt,Gemeenteweg,buiten bebouwde kom,Tss. 2 best.: langs opzij (voor-/achterkant-flank),Geen hindernis
28993,99,Mechelen teller 1,Mechelen,51.04564,4.46882,2.316210662711615,51.03119351490537,4.492685359769267,2021,12,19,12025,Mechelen,Onbekend,Onbekend,"Nacht, openbare verlichting aanwezig en ontstoken",met lichtgewonden,3,Fiets,2,Andere weggebruiker,Buiten Kruispunt,Gewestweg,binnen bebouwde kom,Tussen 2 bestuurders: Frontale botsing,Geen hindernis
28993,100,Mechelen teller 2,Mechelen,51.0457,4.46883,2.32033926793836,51.03119351490537,4.492685359769267,2021,12,19,12025,Mechelen,Onbekend,Onbekend,"Nacht, openbare verlichting aanwezig en ontstoken",met lichtgewonden,3,Fiets,2,Andere weggebruiker,Buiten Kruispunt,Gewestweg,binnen bebouwde kom,Tussen 2 bestuurders: Frontale botsing,Geen hindernis
28995,100,Mechelen teller 2,Mechelen,51.0457,4.46883,0.20659693577094418,51.04752881179127,4.468308474397339,2021,12,15,12025,Mechelen,Normaal,Droog,Dag,met lichtgewonden,3,Fiets,9,personenauto,Op Kruispunt,Gewestweg,buiten bebouwde kom,Tss. 2 best.: langs opzij (voor-/achterkant-flank),Geen hindernis
28995,99,Mechelen teller 1,Mechelen,51.04564,4.46882,0.2130487314535332,51.04752881179127,4.468308474397339,2021,12,15,12025,Mechelen,Normaal,Droog,Dag,met lichtgewonden,3,Fiets,9,personenauto,Op Kruispunt,Gewestweg,buiten bebouwde kom,Tss. 2 best.: langs opzij (voor-/achterkant-flank),Geen hindernis
28996,99,Mechelen teller 1,Mechelen,51.04564,4.46882,1.1970260567121014,51.035415322765935,4.474176539504695,2021,12,15,12025,Mechelen,Normaal,Droog,Dag,met lichtgewonden,9,personenauto,3,Fiets,Buiten Kruispunt,Gewestweg,binnen bebouwde kom,Tss. 2 best.: langs opzij (voor-/achterkant-flank),Geen hindernis
28996,100,Mechelen teller 2,Mechelen,51.0457,4.46883,1.2031471432202265,51.035415322765935,4.474176539504695,2021,12,15,12025,Mechelen,Normaal,Droog,Dag,met lichtgewonden,9,personenauto,3,Fiets,Buiten Kruispunt,Gewestweg,binnen bebouwde kom,Tss. 2 best.: langs opzij (voor-/achterkant-flank),Geen hindernis
28997,99,Mechelen teller 1,Mechelen,51.04564,4.46882,2.3419286402847352,51.02882159213807,4.4889814111863995,2021,12,15,12025,Mechelen,Regenval,"Nat, plassen",Dag,met zwaargewonden,9,personenauto,3,Fiets,Buiten Kruispunt,Gewestweg,buiten bebouwde kom,Tss. 2 best.: langs opzij (voor-/achterkant-flank),Geen hindernis
28997,100,Mechelen teller 2,Mechelen,51.0457,4.46883,2.3468392754761602,51.02882159213807,4.4889814111863995,2021,12,15,12025,Mechelen,Regenval,"Nat, plassen",Dag,met zwaargewonden,9,personenauto,3,Fiets,Buiten Kruispunt,Gewestweg,buiten bebouwde kom,Tss. 2 best.: langs opzij (voor-/achterkant-flank),Geen hindernis
28998,99,Mechelen teller 1,Mechelen,51.04564,4.46882,2.046278890553988,51.04291104794243,4.497766388279102,2021,12,17,12035,Sint-Katelijne-Waver,Sneeuwval,"Nat, plassen","Nacht, openbare verlichting aanwezig en ontstoken",met lichtgewonden,3,Fiets,3,Fiets,Buiten Kruispunt,Gemeenteweg,buiten bebouwde kom,Tussen 2 bestuurders: Flank tegen flank,Geen hindernis
28998,100,Mechelen teller 2,Mechelen,51.0457,4.46883,2.0465865482893144,51.04291104794243,4.497766388279102,2021,12,17,12035,Sint-Katelijne-Waver,Sneeuwval,"Nat, plassen","Nacht, openbare verlichting aanwezig en ontstoken",met lichtgewonden,3,Fiets,3,Fiets,Buiten Kruispunt,Gemeenteweg,buiten bebouwde kom,Tussen 2 bestuurders: Flank tegen flank,Geen hindernis
29000,99,Mechelen teller 1,Mechelen,51.04564,4.46882,1.7251577348981797,51.03318186497634,4.483525632215114,2021,12,10,12025,Mechelen,Normaal,"Nat, plassen",Dag,met lichtgewonden,3,Fiets,5,Lichte vrachtauto,Op Kruispunt,Gewestweg,binnen bebouwde kom,Tss. 2 best.: langs opzij (voor-/achterkant-flank),Geen hindernis
29000,100,Mechelen teller 2,Mechelen,51.0457,4.46883,1.7301038774278037,51.03318186497634,4.483525632215114,2021,12,10,12025,Mechelen,Normaal,"Nat, plassen",Dag,met lichtgewonden,3,Fiets,5,Lichte vrachtauto,Op Kruispunt,Gewestweg,binnen bebouwde kom,Tss. 2 best.: langs opzij (voor-/achterkant-flank),Geen hindernis
29001,99,Mechelen teller 1,Mechelen,51.04564,4.46882,2.2439019435498717,51.02897760639533,4.486923731549867,2021,12,12,12025,Mechelen,Normaal,Droog,Dag,met lichtgewonden,9,personenauto,3,Fiets,Buiten Kruispunt,Gewestweg,binnen bebouwde kom,Tss. 2 best.: langs opzij (voor-/achterkant-flank),Geen hindernis
29001,100,Mechelen teller 2,Mechelen,51.0457,4.46883,2.2490200048650024,51.02897760639533,4.486923731549867,2021,12,12,12025,Mechelen,Normaal,Droog,Dag,met lichtgewonden,9,personenauto,3,Fiets,Buiten Kruispunt,Gewestweg,binnen bebouwde kom,Tss. 2 best.: langs opzij (voor-/achterkant-flank),Geen hindernis
29002,140,Hasselt ring,Hasselt,50.9300038,5.3438616,0.6217739160693947,50.93369179868901,5.337192551612376,2021,12,16,71022,Hasselt,Normaal,"Nat, plassen","Nacht, openbare verlichting aanwezig en ontstoken",met lichtgewonden,3,Fiets,8,Voetganger,Buiten Kruispunt,Gemeenteweg,binnen bebouwde kom,Met een voetganger,Geen hindernis
29002,138,Hasselt-Kempische brug,Hasselt,50.9405318,5.3422472,0.8390007082159064,50.93369179868901,5.337192551612376,2021,12,16,71022,Hasselt,Normaal,"Nat, plassen","Nacht, openbare verlichting aanwezig en ontstoken",met lichtgewonden,3,Fiets,8,Voetganger,Buiten Kruispunt,Gemeenteweg,binnen bebouwde kom,Met een voetganger,Geen hindernis
29002,137,Hasselt-Kempische brug,Hasselt,50.9411605,5.3417576,0.8899568089407027,50.93369179868901,5.337192551612376,2021,12,16,71022,Hasselt,Normaal,"Nat, plassen","Nacht, openbare verlichting aanwezig en ontstoken",met lichtgewonden,3,Fiets,8,Voetganger,Buiten Kruispunt,Gemeenteweg,binnen bebouwde kom,Met een voetganger,Geen hindernis
29003,140,Hasselt ring,Hasselt,50.9300038,5.3438616,0.11161756981485613,50.930162335586175,5.342288932061969,2021,12,17,71022,Hasselt,Normaal,Droog,"Nacht, openbare verlichting aanwezig en ontstoken",met lichtgewonden,3,Fiets,8,Voetganger,Buiten Kruispunt,Gemeenteweg,binnen bebouwde kom,Met een voetganger,Geen hindernis
29003,138,Hasselt-Kempische brug,Hasselt,50.9405318,5.3422472,1.1530355432697876,50.930162335586175,5.342288932061969,2021,12,17,71022,Hasselt,Normaal,Droog,"Nacht, openbare verlichting aanwezig en ontstoken",met lichtgewonden,3,Fiets,8,Voetganger,Buiten Kruispunt,Gemeenteweg,binnen bebouwde kom,Met een voetganger,Geen hindernis
29003,137,Hasselt-Kempische brug,Hasselt,50.9411605,5.3417576,1.223506732614029,50.930162335586175,5.342288932061969,2021,12,17,71022,Hasselt,Normaal,Droog,"Nacht, openbare verlichting aanwezig en ontstoken",met lichtgewonden,3,Fiets,8,Voetganger,Buiten Kruispunt,Gemeenteweg,binnen bebouwde kom,Met een voetganger,Geen hindernis
29004,140,Hasselt ring,Hasselt,50.9300038,5.3438616,1.5239933880319738,50.920341608370435,5.3284406376672955,2021,12,10,71022,Hasselt,Normaal,Droog,Dag,met lichtgewonden,3,Fiets,9,personenauto,Op Kruispunt,Gemeenteweg,buiten bebouwde kom,Tss. 2 best.: langs opzij (voor-/achterkant-flank),Geen hindernis
29004,138,Hasselt-Kempische brug,Hasselt,50.9405318,5.3422472,2.44468227133424,50.920341608370435,5.3284406376672955,2021,12,10,71022,Hasselt,Normaal,Droog,Dag,met lichtgewonden,3,Fiets,9,personenauto,Op Kruispunt,Gemeenteweg,buiten bebouwde kom,Tss. 2 best.: langs opzij (voor-/achterkant-flank),Geen hindernis
29004,137,Hasselt-Kempische brug,Hasselt,50.9411605,5.3417576,2.4960004508646034,50.920341608370435,5.3284406376672955,2021,12,10,71022,Hasselt,Normaal,Droog,Dag,met lichtgewonden,3,Fiets,9,personenauto,Op Kruispunt,Gemeenteweg,buiten bebouwde kom,Tss. 2 best.: langs opzij (voor-/achterkant-flank),Geen hindernis
29005,140,Hasselt ring,Hasselt,50.9300038,5.3438616,0.6908865641263936,50.924675586243005,5.33879086332383,2021,12,11,71022,Hasselt,Normaal,Droog,Dag,met lichtgewonden,3,Fiets,9,personenauto,Op Kruispunt,Gewestweg,binnen bebouwde kom,Tss. 2 best.: langs opzij (voor-/achterkant-flank),Geen hindernis
29005,138,Hasselt-Kempische brug,Hasselt,50.9405318,5.3422472,1.7796903836051488,50.924675586243005,5.33879086332383,2021,12,11,71022,Hasselt,Normaal,Droog,Dag,met lichtgewonden,3,Fiets,9,personenauto,Op Kruispunt,Gewestweg,binnen bebouwde kom,Tss. 2 best.: langs opzij (voor-/achterkant-flank),Geen hindernis
29005,137,Hasselt-Kempische brug,Hasselt,50.9411605,5.3417576,1.8447913822628317,50.924675586243005,5.33879086332383,2021,12,11,71022,Hasselt,Normaal,Droog,Dag,met lichtgewonden,3,Fiets,9,personenauto,Op Kruispunt,Gewestweg,binnen bebouwde kom,Tss. 2 best.: langs opzij (voor-/achterkant-flank),Geen hindernis
29008,140,Hasselt ring,Hasselt,50.9300038,5.3438616,0.808432479166381,50.92820963359563,5.332683179186116,2021,12,14,71022,Hasselt,Normaal,"Nat, plassen",Dag,met lichtgewonden,9,personenauto,3,Fiets,Buiten Kruispunt,Gemeenteweg,binnen bebouwde kom,Tussen 2 bestuurders: Flank tegen flank,Geen hindernis
29008,138,Hasselt-Kempische brug,Hasselt,50.9405318,5.3422472,1.525295501505218,50.92820963359563,5.332683179186116,2021,12,14,71022,Hasselt,Normaal,"Nat, plassen",Dag,met lichtgewonden,9,personenauto,3,Fiets,Buiten Kruispunt,Gemeenteweg,binnen bebouwde kom,Tussen 2 bestuurders: Flank tegen flank,Geen hindernis
29008,137,Hasselt-Kempische brug,Hasselt,50.9411605,5.3417576,1.5742196926501975,50.92820963359563,5.332683179186116,2021,12,14,71022,Hasselt,Normaal,"Nat, plassen",Dag,met lichtgewonden,9,personenauto,3,Fiets,Buiten Kruispunt,Gemeenteweg,binnen bebouwde kom,Tussen 2 bestuurders: Flank tegen flank,Geen hindernis
29010,140,Hasselt ring,Hasselt,50.9300038,5.3438616,0.6870426076119012,50.92468982108866,5.338860059551976,2021,12,19,71022,Hasselt,Normaal,Droog,"Nacht, openbare verlichting aanwezig en ontstoken",met lichtgewonden,3,Fiets,9,personenauto,Op Kruispunt,Gewestweg,binnen bebouwde kom,Tss. 2 best.: langs opzij (voor-/achterkant-flank),Geen hindernis
29010,138,Hasselt-Kempische brug,Hasselt,50.9405318,5.3422472,1.777468211906615,50.92468982108866,5.338860059551976,2021,12,19,71022,Hasselt,Normaal,Droog,"Nacht, openbare verlichting aanwezig en ontstoken",met lichtgewonden,3,Fiets,9,personenauto,Op Kruispunt,Gewestweg,binnen bebouwde kom,Tss. 2 best.: langs opzij (voor-/achterkant-flank),Geen hindernis
29010,137,Hasselt-Kempische brug,Hasselt,50.9411605,5.3417576,1.8426779719304314,50.92468982108866,5.338860059551976,2021,12,19,71022,Hasselt,Normaal,Droog,"Nacht, openbare verlichting aanwezig en ontstoken",met lichtgewonden,3,Fiets,9,personenauto,Op Kruispunt,Gewestweg,binnen bebouwde kom,Tss. 2 best.: langs opzij (voor-/achterkant-flank),Geen hindernis
29011,137,Hasselt-Kempische brug,Hasselt,50.9411605,5.3417576,1.7379179394609632,50.936005421498876,5.318342895090256,2021,12,16,71022,Hasselt,Normaal,Droog,"Nacht, openbare verlichting aanwezig en ontstoken",met lichtgewonden,3,Fiets,6,Bromfiets,Buiten Kruispunt,Gewestweg,binnen bebouwde kom,Tussen 2 bestuurders: Frontale botsing,Geen hindernis
29011,138,Hasselt-Kempische brug,Hasselt,50.9405318,5.3422472,1.7489669030820199,50.936005421498876,5.318342895090256,2021,12,16,71022,Hasselt,Normaal,Droog,"Nacht, openbare verlichting aanwezig en ontstoken",met lichtgewonden,3,Fiets,6,Bromfiets,Buiten Kruispunt,Gewestweg,binnen bebouwde kom,Tussen 2 bestuurders: Frontale botsing,Geen hindernis
29011,140,Hasselt ring,Hasselt,50.9300038,5.3438616,1.9087674114103192,50.936005421498876,5.318342895090256,2021,12,16,71022,Hasselt,Normaal,Droog,"Nacht, openbare verlichting aanwezig en ontstoken",met lichtgewonden,3,Fiets,6,Bromfiets,Buiten Kruispunt,Gewestweg,binnen bebouwde kom,Tussen 2 bestuurders: Frontale botsing,Geen hindernis
29013,140,Hasselt ring,Hasselt,50.9300038,5.3438616,0.539844534994311,50.92729911064451,5.337464902647232,2021,12,8,71022,Hasselt,Normaal,Droog,Dageraad - schemering,met lichtgewonden,3,Fiets,3,Fiets,Buiten Kruispunt,Gewestweg,binnen bebouwde kom,Tussen 2 bestuurders: Frontale botsing,Geen hindernis
29013,138,Hasselt-Kempische brug,Hasselt,50.9405318,5.3422472,1.5090898904642691,50.92729911064451,5.337464902647232,2021,12,8,71022,Hasselt,Normaal,Droog,Dageraad - schemering,met lichtgewonden,3,Fiets,3,Fiets,Buiten Kruispunt,Gewestweg,binnen bebouwde kom,Tussen 2 bestuurders: Frontale botsing,Geen hindernis
29013,137,Hasselt-Kempische brug,Hasselt,50.9411605,5.3417576,1.5703968398795312,50.92729911064451,5.337464902647232,2021,12,8,71022,Hasselt,Normaal,Droog,Dageraad - schemering,met lichtgewonden,3,Fiets,3,Fiets,Buiten Kruispunt,Gewestweg,binnen bebouwde kom,Tussen 2 bestuurders: Frontale botsing,Geen hindernis
29017,25,Bree,Bree,51.13679500160176,5.597669323604317,1.5183454989530227,51.1499395025017,5.591774759421792,2021,12,13,72004,Bree,Normaal,Droog,Dag,met lichtgewonden,3,Fiets,9,personenauto,Buiten Kruispunt,Gewestweg,buiten bebouwde kom,Tss. 2 best.: langs opzij (voor-/achterkant-flank),Geen hindernis
29018,14,Genk,Genk,50.97172,5.48927,1.2925864589840124,50.96143884207029,5.497883677587695,2021,12,10,71016,Genk,Normaal,"Nat, plassen",Dag,met lichtgewonden,9,personenauto,3,Fiets,Op Kruispunt,Gemeenteweg,buiten bebouwde kom,Tss. 2 best.: langs opzij (voor-/achterkant-flank),Geen hindernis
29019,14,Genk,Genk,50.97172,5.48927,2.2990962353631375,50.98854439660955,5.508359640391221,2021,12,14,71016,Genk,Normaal,Droog,Dag,met lichtgewonden,3,Fiets,9,personenauto,Op Kruispunt,Gemeenteweg,buiten bebouwde kom,Tss. 2 best.: langs opzij (voor-/achterkant-flank),Geen hindernis
29021,14,Genk,Genk,50.97172,5.48927,2.2121939769073884,50.987131595389585,5.469287339894393,2021,12,6,71016,Genk,Normaal,Droog,"Nacht, openbare verlichting aanwezig en ontstoken",met lichtgewonden,3,Fiets,6,Bromfiets,Op Kruispunt,Gemeenteweg,buiten bebouwde kom,Tussen 2 bestuurders: Flank tegen flank,Geen hindernis
29023,14,Genk,Genk,50.97172,5.48927,2.0402145981614606,50.95348374522254,5.486058435383381,2021,12,13,71016,Genk,Normaal,Droog,Dag,met lichtgewonden,3,Fiets,10,"één bestuurder, geen hindernis",Buiten Kruispunt,Gemeenteweg,buiten bebouwde kom,"Eén bestuurder, geen hindernis (incl. val)",Geen hindernis
29024,14,Genk,Genk,50.97172,5.48927,1.88326637539266,50.955200984643426,5.483335222412242,2021,12,15,71016,Genk,Normaal,Droog,Dag,met lichtgewonden,9,personenauto,3,Fiets,Op Kruispunt,Gewestweg,binnen bebouwde kom,Tss. 2 best.: langs opzij (voor-/achterkant-flank),Geen hindernis
29027,113,Deinze teller 2,Deinze,50.96018,3.55578,2.422169339794817,50.98139434062157,3.5479269659106616,2021,12,8,44083,Deinze,Normaal,Droog,Dag,met lichtgewonden,9,personenauto,3,Fiets,Op Kruispunt,Gewestweg,buiten bebouwde kom,Tussen 2 bestuurders: Flank tegen flank,Geen hindernis
29027,114,Deinze teller 1,Nazareth,50.9598305,3.555502,2.455755696000207,50.98139434062157,3.5479269659106616,2021,12,8,44083,Deinze,Normaal,Droog,Dag,met lichtgewonden,9,personenauto,3,Fiets,Op Kruispunt,Gewestweg,buiten bebouwde kom,Tussen 2 bestuurders: Flank tegen flank,Geen hindernis
29093,2,Brasschaat 2,Brasschaat,51.27512,4.47169,1.0656726461740973,51.26730831749438,4.462815436971692,2022,1,9,11040,Schoten,Onbekend,Onbekend,Dag,met lichtgewonden,9,personenauto,3,Fiets,Op Kruispunt,Gewestweg,buiten bebouwde kom,Tss. 2 best.: langs opzij (voor-/achterkant-flank),Geen hindernis
29093,3,Brasschaat 1,Brasschaat,51.27503,4.47222,1.0794719305445941,51.26730831749438,4.462815436971692,2022,1,9,11040,Schoten,Onbekend,Onbekend,Dag,met lichtgewonden,9,personenauto,3,Fiets,Op Kruispunt,Gewestweg,buiten bebouwde kom,Tss. 2 best.: langs opzij (voor-/achterkant-flank),Geen hindernis
29108,3,Brasschaat 1,Brasschaat,51.27503,4.47222,2.4861853117748702,51.29253481398437,4.4944600467908495,2022,1,13,11008,Brasschaat,Normaal,Droog,Dag,met lichtgewonden,3,Fiets,3,Fiets,Buiten Kruispunt,Gewestweg,binnen bebouwde kom,Tussen 2 bestuurders: Flank tegen flank,Geen hindernis
29109,2,Brasschaat 2,Brasschaat,51.27512,4.47169,1.231351135188124,51.2653905106689,4.463237462057166,2022,1,7,11040,Schoten,Onbekend,Onbekend,Dageraad - schemering,met lichtgewonden,3,Fiets,2,Andere weggebruiker,Op Kruispunt,Gewestweg,buiten bebouwde kom,Tss. 2 best.: langs opzij (voor-/achterkant-flank),Geen hindernis
29109,3,Brasschaat 1,Brasschaat,51.27503,4.47222,1.2407238439358281,51.2653905106689,4.463237462057166,2022,1,7,11040,Schoten,Onbekend,Onbekend,Dageraad - schemering,met lichtgewonden,3,Fiets,2,Andere weggebruiker,Op Kruispunt,Gewestweg,buiten bebouwde kom,Tss. 2 best.: langs opzij (voor-/achterkant-flank),Geen hindernis
29112,3,Brasschaat 1,Brasschaat,51.27503,4.47222,2.2117301551188557,51.255861193037696,4.4637343759175785,2022,1,18,11040,Schoten,Normaal,Onbekend,"Nacht, geen openbare verlichting aanwezig",met lichtgewonden,3,Fiets,11,een weggebruiker tegen een hindernis,Buiten Kruispunt,Gemeenteweg,binnen bebouwde kom,Weggebruiker tegen hindernis op de rijbaan,"Op de rijbaan: Verkeersdrempel, ezelsrug"
29112,2,Brasschaat 2,Brasschaat,51.27512,4.47169,2.2118609980204424,51.255861193037696,4.4637343759175785,2022,1,18,11040,Schoten,Normaal,Onbekend,"Nacht, geen openbare verlichting aanwezig",met lichtgewonden,3,Fiets,11,een weggebruiker tegen een hindernis,Buiten Kruispunt,Gemeenteweg,binnen bebouwde kom,Weggebruiker tegen hindernis op de rijbaan,"Op de rijbaan: Verkeersdrempel, ezelsrug"
29119,91,Brecht teller 2,Brecht,51.35739,4.62422,1.378214813424727,51.35125092650446,4.641461607995457,2022,1,16,11009,Brecht,Normaal,Droog,Dag,met lichtgewonden,9,personenauto,3,Fiets,Buiten Kruispunt,Gewestweg,binnen bebouwde kom,Tussen 2 bestuurders: Flank tegen flank,Geen hindernis
29119,90,Brecht teller 1,Brecht,51.35752,4.6243,1.380631987449661,51.35125092650446,4.641461607995457,2022,1,16,11009,Brecht,Normaal,Droog,Dag,met lichtgewonden,9,personenauto,3,Fiets,Buiten Kruispunt,Gewestweg,binnen bebouwde kom,Tussen 2 bestuurders: Flank tegen flank,Geen hindernis
29128,100,Mechelen teller 2,Mechelen,51.0457,4.46883,1.7493919477792292,51.05472350069882,4.489330965272877,2022,1,8,12035,Sint-Katelijne-Waver,Normaal,"Ijzel, sneeuw",Dag,met zwaargewonden,3,Fiets,10,"één bestuurder, geen hindernis",Op Kruispunt,Gemeenteweg,binnen bebouwde kom,"Eén bestuurder, geen hindernis (incl. val)",Geen hindernis
29128,99,Mechelen teller 1,Mechelen,51.04564,4.46882,1.7537991954508052,51.05472350069882,4.489330965272877,2022,1,8,12035,Sint-Katelijne-Waver,Normaal,"Ijzel, sneeuw",Dag,met zwaargewonden,3,Fiets,10,"één bestuurder, geen hindernis",Op Kruispunt,Gemeenteweg,binnen bebouwde kom,"Eén bestuurder, geen hindernis (incl. val)",Geen hindernis
29131,93,Nijlen teller 2,Nijlen,51.14998,4.64469,2.3549692467240795,51.16173394704108,4.6166007040411925,2022,1,15,11035,Ranst,Onbekend,"Vuil (zand, grint, bladeren,...)",Dag,met zwaargewonden,3,Fiets,11,een weggebruiker tegen een hindernis,Buiten Kruispunt,Gemeenteweg,buiten bebouwde kom,Weggebruiker tegen hindernis op de rijbaan,"Op de rijbaan: Werken (signal., aarde, toestel,…)"
29131,92,Nijlen teller 1,Nijlen,51.14989,4.64479,2.366330636171325,51.16173394704108,4.6166007040411925,2022,1,15,11035,Ranst,Onbekend,"Vuil (zand, grint, bladeren,...)",Dag,met zwaargewonden,3,Fiets,11,een weggebruiker tegen een hindernis,Buiten Kruispunt,Gemeenteweg,buiten bebouwde kom,Weggebruiker tegen hindernis op de rijbaan,"Op de rijbaan: Werken (signal., aarde, toestel,…)"
29132,93,Nijlen teller 2,Nijlen,51.14998,4.64469,1.255212019998253,51.160832400606914,4.639736377637511,2022,1,10,12026,Nijlen,Normaal,"Nat, plassen",Dag,met zwaargewonden,3,Fiets,3,Fiets,Buiten Kruispunt,Gemeenteweg,buiten bebouwde kom,Tussen 2 bestuurders: Flank tegen flank,Geen hindernis
29132,92,Nijlen teller 1,Nijlen,51.14989,4.64479,1.2667588581022933,51.160832400606914,4.639736377637511,2022,1,10,12026,Nijlen,Normaal,"Nat, plassen",Dag,met zwaargewonden,3,Fiets,3,Fiets,Buiten Kruispunt,Gemeenteweg,buiten bebouwde kom,Tussen 2 bestuurders: Flank tegen flank,Geen hindernis
29134,9,Heist op den Berg 2,Heist-op-den-Berg,51.06904,4.69524,2.3222983901002183,51.075063260125624,4.727065817874065,2022,1,11,12014,Heist-op-den-Berg,Normaal,"Nat, plassen",Dag,met zwaargewonden,9,personenauto,3,Fiets,Op Kruispunt,Gewestweg,binnen bebouwde kom,Tss. 2 best.: langs opzij (voor-/achterkant-flank),Geen hindernis