crash_row_id,site_id,site_name,site_gemeente,site_lat,site_long,distance_km,crash_lat,crash_long,DT_YEAR_COLLISION,DT_MONTH_COLLISION,DT_TIME,CD_NIS,TX_MUNTY_COLLISION_NL,TX_WEATHER_NL,TX_ROAD_CONDITION_NL,TX_LIGHT_CONDITION_NL,TX_CLASS_ACCIDENTS_NL,CD_ROAD_USR_TYPE1,TX_ROAD_USR_TYPE1_NL,CD_ROAD_USR_TYPE2,TX_ROAD_USR_TYPE2_NL,TX_CROSSWAY_NL,CD_ROAD_TYPE_NL,TX_BUILD_UP_AREA_NL,TX_COLLISION_TYPE_NL,TX_OBSTACLES_NL
29136,133,Gierde Lille Totem,Lille,51.2453915,4.8297416,1.750108441393475,51.25446011389399,4.809189778580924,2022,1,17,13019,Lille,Normaal,Droog,Dageraad - schemering,met lichtgewonden,9,personenauto,3,Fiets,Op Kruispunt,Gewestweg,buiten bebouwde kom,Tss. 2 best.: langs opzij (voor-/achterkant-flank),Geen hindernis
29136,132,Gierde lille,Lille,51.245445,4.8298851,1.754875218115094,51.25446011389399,4.809189778580924,2022,1,17,13019,Lille,Normaal,Droog,Dageraad - schemering,met lichtgewonden,9,personenauto,3,Fiets,Op Kruispunt,Gewestweg,buiten bebouwde kom,Tss. 2 best.: langs opzij (voor-/achterkant-flank),Geen hindernis
29138,133,Gierde Lille Totem,Lille,51.2453915,4.8297416,1.750108441393475,51.25446011389399,4.809189778580924,2022,1,15,13019,Lille,Normaal,Droog,Dag,met zwaargewonden,9,personenauto,3,Fiets,Op Kruispunt,Gewestweg,buiten bebouwde kom,Tussen 2 bestuurders: Frontale botsing,Geen hindernis
29138,132,Gierde lille,Lille,51.245445,4.8298851,1.754875218115094,51.25446011389399,4.809189778580924,2022,1,15,13019,Lille,Normaal,Droog,Dag,met zwaargewonden,9,personenauto,3,Fiets,Op Kruispunt,Gewestweg,buiten bebouwde kom,Tussen 2 bestuurders: Frontale botsing,Geen hindernis
29148,98,Geel teller 2,Geel,51.1481,4.99643,1.9632796666944234,51.16521638136105,4.989522190217283,2022,1,11,13008,Geel,Normaal,Droog,Dag,met lichtgewonden,9,personenauto,3,Fiets,Op Kruispunt,Gewestweg,binnen bebouwde kom,Tss. 2 best.: langs opzij (voor-/achterkant-flank),Geen hindernis
29148,97,Geel teller 1,Geel,51.14813,4.99698,1.9698246399706145,51.16521638136105,4.989522190217283,2022,1,11,13008,Geel,Normaal,Droog,Dag,met lichtgewonden,9,personenauto,3,Fiets,Op Kruispunt,Gewestweg,binnen bebouwde kom,Tss. 2 best.: langs opzij (voor-/achterkant-flank),Geen hindernis
29149,98,Geel teller 2,Geel,51.1481,4.99643,1.6544568776131883,51.162564936493865,4.990873268828842,2022,1,13,13008,Geel,Normaal,"Nat, plassen",Dag,met lichtgewonden,9,personenauto,3,Fiets,Op Kruispunt,Gewestweg,binnen bebouwde kom,Tussen 2 bestuurders: Frontale botsing,Geen hindernis
29149,97,Geel teller 1,Geel,51.14813,4.99698,1.6606354235132277,51.162564936493865,4.990873268828842,2022,1,13,13008,Geel,Normaal,"Nat, plassen",Dag,met lichtgewonden,9,personenauto,3,Fiets,Op Kruispunt,Gewestweg,binnen bebouwde kom,Tussen 2 bestuurders: Frontale botsing,Geen hindernis
29152,98,Geel teller 2,Geel,51.1481,4.99643,0.2561287445277645,51.150068034119876,4.994521955709557,2022,1,18,13008,Geel,Normaal,Droog,"Nacht, geen openbare verlichting aanwezig",met lichtgewonden,9,personenauto,3,Fiets,Op Kruispunt,Gewestweg,buiten bebouwde kom,Tussen 2 bestuurders: Flank tegen flank,Geen hindernis
29152,97,Geel teller 1,Geel,51.14813,4.99698,0.2753842224126028,51.150068034119876,4.994521955709557,2022,1,18,13008,Geel,Normaal,Droog,"Nacht, geen openbare verlichting aanwezig",met lichtgewonden,9,personenauto,3,Fiets,Op Kruispunt,Gewestweg,buiten bebouwde kom,Tussen 2 bestuurders: Flank tegen flank,Geen hindernis
29153,134,Retie,Dessel,51.2548405,5.1037658,2.3115540026424437,51.27234900950642,5.085855128240079,2022,1,20,13036,Retie,Normaal,Droog,"Nacht, openbare verlichting aanwezig en ontstoken",met lichtgewonden,9,personenauto,3,Fiets,Op Kruispunt,Gewestweg,binnen bebouwde kom,Tss. 2 best.: langs opzij (voor-/achterkant-flank),Geen hindernis
29153,135,Retie 2,Dessel,51.2544998,5.1040064,2.3524973528107127,51.27234900950642,5.085855128240079,2022,1,20,13036,Retie,Normaal,Droog,"Nacht, openbare verlichting aanwezig en ontstoken",met lichtgewonden,9,personenauto,3,Fiets,Op Kruispunt,Gewestweg,binnen bebouwde kom,Tss. 2 best.: langs opzij (voor-/achterkant-flank),Geen hindernis
29156,135,Retie 2,Dessel,51.2544998,5.1040064,1.628155352832633,51.240880938121045,5.112598402207161,2022,1,10,13006,Dessel,Normaal,Droog,Dag,met lichtgewonden,4,Vrachtwagen,3,Fiets,Op Kruispunt,Gewestweg,binnen bebouwde kom,Tussen 2 bestuurders: Flank tegen flank,Geen hindernis
29156,134,Retie,Dessel,51.2548405,5.1037658,1.6695424401904064,51.240880938121045,5.112598402207161,2022,1,10,13006,Dessel,Normaal,Droog,Dag,met lichtgewonden,4,Vrachtwagen,3,Fiets,Op Kruispunt,Gewestweg,binnen bebouwde kom,Tussen 2 bestuurders: Flank tegen flank,Geen hindernis
29162,38,Lommel teller 2,Lommel,51.23277,5.29189,1.937521335444856,51.222063972382536,5.313842889968831,2022,1,8,72020,Lommel,Normaal,Droog,Dag,met lichtgewonden,9,personenauto,3,Fiets,Op Kruispunt,Gewestweg,buiten bebouwde kom,Tss. 2 best.: langs opzij (voor-/achterkant-flank),Geen hindernis
29162,37,Lommel teller 1,Lommel,51.23299,5.29211,1.9406748053588978,51.222063972382536,5.313842889968831,2022,1,8,72020,Lommel,Normaal,Droog,Dag,met lichtgewonden,9,personenauto,3,Fiets,Op Kruispunt,Gewestweg,buiten bebouwde kom,Tss. 2 best.: langs opzij (voor-/achterkant-flank),Geen hindernis
29163,38,Lommel teller 2,Lommel,51.23277,5.29189,1.2642309106467051,51.223782807212125,5.303010552123087,2022,1,17,72020,Lommel,Normaal,"Nat, plassen","Nacht, openbare verlichting aanwezig en ontstoken",met lichtgewonden,3,Fiets,3,Fiets,Buiten Kruispunt,Gemeenteweg,buiten bebouwde kom,Tussen 2 bestuurders: Flank tegen flank,Geen hindernis
29163,37,Lommel teller 1,Lommel,51.23299,5.29211,1.2744718123222065,51.223782807212125,5.303010552123087,2022,1,17,72020,Lommel,Normaal,"Nat, plassen","Nacht, openbare verlichting aanwezig en ontstoken",met lichtgewonden,3,Fiets,3,Fiets,Buiten Kruispunt,Gemeenteweg,buiten bebouwde kom,Tussen 2 bestuurders: Flank tegen flank,Geen hindernis
29164,38,Lommel teller 2,Lommel,51.23277,5.29189,1.9315731593351053,51.222165160409546,5.313860044732179,2022,1,18,72020,Lommel,Regenval,"Nat, plassen","Nacht, openbare verlichting aanwezig en ontstoken",met lichtgewonden,3,Fiets,9,personenauto,Op Kruispunt,Gewestweg,buiten bebouwde kom,Tss. 2 best.: langs opzij (voor-/achterkant-flank),Geen hindernis
29164,37,Lommel teller 1,Lommel,51.23299,5.29211,1.9345846162540332,51.222165160409546,5.313860044732179,2022,1,18,72020,Lommel,Regenval,"Nat, plassen","Nacht, openbare verlichting aanwezig en ontstoken",met lichtgewonden,3,Fiets,9,personenauto,Op Kruispunt,Gewestweg,buiten bebouwde kom,Tss. 2 best.: langs opzij (voor-/achterkant-flank),Geen hindernis
29166,46,Pelt teller 2,Pelt,51.231,5.44375,2.278286613593977,51.21343586799042,5.426904855023283,2022,1,12,72043,Pelt,Normaal,Droog,Dag,met lichtgewonden,9,personenauto,3,Fiets,Op Kruispunt,Gemeenteweg,binnen bebouwde kom,Tss. 2 best.: langs opzij (voor-/achterkant-flank),Geen hindernis
29166,45,Pelt teller 1,Pelt,51.23127,5.44377,2.3047828439762963,51.21343586799042,5.426904855023283,2022,1,12,72043,Pelt,Normaal,Droog,Dag,met lichtgewonden,9,personenauto,3,Fiets,Op Kruispunt,Gemeenteweg,binnen bebouwde kom,Tss. 2 best.: langs opzij (voor-/achterkant-flank),Geen hindernis
29184,151,Leuven,District Leuven,50.8690262,4.6854839,1.0089389849483845,50.860040412993804,4.683488592913416,2022,1,8,24062,Leuven,Normaal,"Ijzel, sneeuw",Dag,met lichtgewonden,3,Fiets,10,"één bestuurder, geen hindernis",Op Kruispunt,Gemeenteweg,buiten bebouwde kom,"Eén bestuurder, geen hindernis (incl. val)",Geen hindernis
29184,108,Heverlee teller 1,Leuven,50.8471728,4.6954674,1.6596131262742089,50.860040412993804,4.683488592913416,2022,1,8,24062,Leuven,Normaal,"Ijzel, sneeuw",Dag,met lichtgewonden,3,Fiets,10,"één bestuurder, geen hindernis",Op Kruispunt,Gemeenteweg,buiten bebouwde kom,"Eén bestuurder, geen hindernis (incl. val)",Geen hindernis
29184,76,Heverlee teller 2,Leuven,50.84606,4.69597,1.784465258312448,50.860040412993804,4.683488592913416,2022,1,8,24062,Leuven,Normaal,"Ijzel, sneeuw",Dag,met lichtgewonden,3,Fiets,10,"één bestuurder, geen hindernis",Op Kruispunt,Gemeenteweg,buiten bebouwde kom,"Eén bestuurder, geen hindernis (incl. val)",Geen hindernis
29185,69,Leuven teller 1,Leuven,50.87549,4.71526,0.6262795368454492,50.879012290009605,4.7082947086720965,2022,1,14,24062,Leuven,Regenval,"Nat, plassen",Dag,met lichtgewonden,3,Fiets,8,Voetganger,Buiten Kruispunt,Gemeenteweg,binnen bebouwde kom,Met een voetganger,Geen hindernis
29185,77,Leuven teller 2,Leuven,50.88672,4.70796,0.8573798454133774,50.879012290009605,4.7082947086720965,2022,1,14,24062,Leuven,Regenval,"Nat, plassen",Dag,met lichtgewonden,3,Fiets,8,Voetganger,Buiten Kruispunt,Gemeenteweg,binnen bebouwde kom,Met een voetganger,Geen hindernis
29185,107,leuven totem,Leuven,50.8870744,4.7087919,0.8971440224482412,50.879012290009605,4.7082947086720965,2022,1,14,24062,Leuven,Regenval,"Nat, plassen",Dag,met lichtgewonden,3,Fiets,8,Voetganger,Buiten Kruispunt,Gemeenteweg,binnen bebouwde kom,Met een voetganger,Geen hindernis
29185,151,Leuven,District Leuven,50.8690262,4.6854839,1.9480273585877306,50.879012290009605,4.7082947086720965,2022,1,14,24062,Leuven,Regenval,"Nat, plassen",Dag,met lichtgewonden,3,Fiets,8,Voetganger,Buiten Kruispunt,Gemeenteweg,binnen bebouwde kom,Met een voetganger,Geen hindernis
29186,151,Leuven,District Leuven,50.8690262,4.6854839,0.7041564682830911,50.869617749287684,4.6954744389143555,2022,1,7,24062,Leuven,Normaal,Droog,"Nacht, openbare verlichting aanwezig en ontstoken",met lichtgewonden,9,personenauto,3,Fiets,Buiten Kruispunt,Gewestweg,binnen bebouwde kom,Tussen 2 bestuurders: Frontale botsing,Geen hindernis
29186,69,Leuven teller 1,Leuven,50.87549,4.71526,1.534225052204039,50.869617749287684,4.6954744389143555,2022,1,7,24062,Leuven,Normaal,Droog,"Nacht, openbare verlichting aanwezig en ontstoken",met lichtgewonden,9,personenauto,3,Fiets,Buiten Kruispunt,Gewestweg,binnen bebouwde kom,Tussen 2 bestuurders: Frontale botsing,Geen hindernis
29186,77,Leuven teller 2,Leuven,50.88672,4.70796,2.0937457711647736,50.869617749287684,4.6954744389143555,2022,1,7,24062,Leuven,Normaal,Droog,"Nacht, openbare verlichting aanwezig en ontstoken",met lichtgewonden,9,personenauto,3,Fiets,Buiten Kruispunt,Gewestweg,binnen bebouwde kom,Tussen 2 bestuurders: Frontale botsing,Geen hindernis
29186,107,leuven totem,Leuven,50.8870744,4.7087919,2.1542664074171003,50.869617749287684,4.6954744389143555,2022,1,7,24062,Leuven,Normaal,Droog,"Nacht, openbare verlichting aanwezig en ontstoken",met lichtgewonden,9,personenauto,3,Fiets,Buiten Kruispunt,Gewestweg,binnen bebouwde kom,Tussen 2 bestuurders: Frontale botsing,Geen hindernis
29186,108,Heverlee teller 1,Leuven,50.8471728,4.6954674,2.495764538487585,50.869617749287684,4.6954744389143555,2022,1,7,24062,Leuven,Normaal,Droog,"Nacht, openbare verlichting aanwezig en ontstoken",met lichtgewonden,9,personenauto,3,Fiets,Buiten Kruispunt,Gewestweg,binnen bebouwde kom,Tussen 2 bestuurders: Frontale botsing,Geen hindernis
29187,107,leuven totem,Leuven,50.8870744,4.7087919,1.989253230516062,50.90359258801819,4.719683532327892,2022,1,13,24062,Leuven,Normaal,Droog,Dag,met lichtgewonden,9,personenauto,3,Fiets,Op Kruispunt,Gewestweg,buiten bebouwde kom,Tss. 2 best.: langs opzij (voor-/achterkant-flank),Geen hindernis
29187,77,Leuven teller 2,Leuven,50.88672,4.70796,2.0484118927781596,50.90359258801819,4.719683532327892,2022,1,13,24062,Leuven,Normaal,Droog,Dag,met lichtgewonden,9,personenauto,3,Fiets,Op Kruispunt,Gewestweg,buiten bebouwde kom,Tss. 2 best.: langs opzij (voor-/achterkant-flank),Geen hindernis
29188,151,Leuven,District Leuven,50.8690262,4.6854839,1.606133751999247,50.883337922104715,4.682389441507162,2022,1,11,24062,Leuven,Onbekend,Droog,Dag,met lichtgewonden,3,Fiets,9,personenauto,Buiten Kruispunt,Gewestweg,binnen bebouwde kom,Tss. 2 best.: langs opzij (voor-/achterkant-flank),Geen hindernis
29188,77,Leuven teller 2,Leuven,50.88672,4.70796,1.832785197621992,50.883337922104715,4.682389441507162,2022,1,11,24062,Leuven,Onbekend,Droog,Dag,met lichtgewonden,3,Fiets,9,personenauto,Buiten Kruispunt,Gewestweg,binnen bebouwde kom,Tss. 2 best.: langs opzij (voor-/achterkant-flank),Geen hindernis
29188,107,leuven totem,Leuven,50.8870744,4.7087919,1.8981671251123557,50.883337922104715,4.682389441507162,2022,1,11,24062,Leuven,Onbekend,Droog,Dag,met lichtgewonden,3,Fiets,9,personenauto,Buiten Kruispunt,Gewestweg,binnen bebouwde kom,Tss. 2 best.: langs opzij (voor-/achterkant-flank),Geen hindernis
29188,69,Leuven teller 1,Leuven,50.87549,4.71526,2.465746975839598,50.883337922104715,4.682389441507162,2022,1,11,24062,Leuven,Onbekend,Droog,Dag,met lichtgewonden,3,Fiets,9,personenauto,Buiten Kruispunt,Gewestweg,binnen bebouwde kom,Tss. 2 best.: langs opzij (voor-/achterkant-flank),Geen hindernis
29189,77,Leuven teller 2,Leuven,50.88672,4.70796,0.7386972648488906,50.884351038172596,4.698121982194391,2022,1,20,24062,Leuven,"Regenval+Sterke wind, rukwind","Nat, plassen","Nacht, openbare verlichting aanwezig en ontstoken",met lichtgewonden,3,Fiets,10,"één bestuurder, geen hindernis",Buiten Kruispunt,Gemeenteweg,binnen bebouwde kom,"Eén bestuurder, geen hindernis (incl. val)",Geen hindernis
29189,107,leuven totem,Leuven,50.8870744,4.7087919,0.8074269129796041,50.884351038172596,4.698121982194391,2022,1,20,24062,Leuven,"Regenval+Sterke wind, rukwind","Nat, plassen","Nacht, openbare verlichting aanwezig en ontstoken",met lichtgewonden,3,Fiets,10,"één bestuurder, geen hindernis",Buiten Kruispunt,Gemeenteweg,binnen bebouwde kom,"Eén bestuurder, geen hindernis (incl. val)",Geen hindernis
29189,69,Leuven teller 1,Leuven,50.87549,4.71526,1.55451601212428,50.884351038172596,4.698121982194391,2022,1,20,24062,Leuven,"Regenval+Sterke wind, rukwind","Nat, plassen","Nacht, openbare verlichting aanwezig en ontstoken",met lichtgewonden,3,Fiets,10,"één bestuurder, geen hindernis",Buiten Kruispunt,Gemeenteweg,binnen bebouwde kom,"Eén bestuurder, geen hindernis (incl. val)",Geen hindernis
29189,151,Leuven,District Leuven,50.8690262,4.6854839,1.9209504340257184,50.884351038172596,4.698121982194391,2022,1,20,24062,Leuven,"Regenval+Sterke wind, rukwind","Nat, plassen","Nacht, openbare verlichting aanwezig en ontstoken",met lichtgewonden,3,Fiets,10,"één bestuurder, geen hindernis",Buiten Kruispunt,Gemeenteweg,binnen bebouwde kom,"Eén bestuurder, geen hindernis (incl. val)",Geen hindernis
29193,150,Bertem,District Leuven,50.8687535,4.56136297,1.689537517062539,50.87634137693572,4.540502281123322,2022,1,13,24055,Kortenberg,Normaal,Droog,Dag,met lichtgewonden,9,personenauto,3,Fiets,Buiten Kruispunt,Gemeenteweg,binnen bebouwde kom,Tussen 2 bestuurders: Langs achteren,Geen hindernis
29194,87,Aarschot,Aarschot,50.99084,4.81259,1.3531704119407404,50.98083987784622,4.823606062165158,2022,1,15,24001,Aarschot,Normaal,Droog,Dag,met lichtgewonden,3,Fiets,5,Lichte vrachtauto,Op Kruispunt,Gewestweg,binnen bebouwde kom,Tss. 2 best.: langs opzij (voor-/achterkant-flank),Geen hindernis
29196,102,Diest teller 2,Diest,50.9779,5.04474,1.1360875603940699,50.96989271038203,5.034661732806859,2022,1,18,24020,Diest,Onbekend,"Nat, plassen","Nacht, openbare verlichting aanwezig en ontstoken",met lichtgewonden,3,Fiets,3,Fiets,Buiten Kruispunt,Gewestweg,binnen bebouwde kom,Tussen 2 bestuurders: Frontale botsing,Geen hindernis
29196,101,Diest teller 1,Diest,50.97799,5.04481,1.1469768704263523,50.96989271038203,5.034661732806859,2022,1,18,24020,Diest,Onbekend,"Nat, plassen","Nacht, openbare verlichting aanwezig en ontstoken",met lichtgewonden,3,Fiets,3,Fiets,Buiten Kruispunt,Gewestweg,binnen bebouwde kom,Tussen 2 bestuurders: Frontale botsing,Geen hindernis
29198,147,Overijse,District Vilvoorde-gewestwegen,50.7797555,4.4975769,1.4397284168557813,50.775026311764286,4.516638338838978,2022,1,8,23062,Overijse,Normaal,"Nat, plassen",Dag,met zwaargewonden,9,personenauto,3,Fiets,Op Kruispunt,Gemeenteweg,buiten bebouwde kom,Tussen 2 bestuurders: Frontale botsing,Geen hindernis
29198,145,Overijse,District Vilvoorde-gewestwegen,50.7885856,4.4908759,2.356661889038748,50.775026311764286,4.516638338838978,2022,1,8,23062,Overijse,Normaal,"Nat, plassen",Dag,met zwaargewonden,9,personenauto,3,Fiets,Op Kruispunt,Gemeenteweg,buiten bebouwde kom,Tussen 2 bestuurders: Frontale botsing,Geen hindernis
29198,146,Overijse 2,District Vilvoorde-gewestwegen,50.7881478,4.4902818,2.358498127272215,50.775026311764286,4.516638338838978,2022,1,8,23062,Overijse,Normaal,"Nat, plassen",Dag,met zwaargewonden,9,personenauto,3,Fiets,Op Kruispunt,Gemeenteweg,buiten bebouwde kom,Tussen 2 bestuurders: Frontale botsing,Geen hindernis
29202,86,Asse teller 2,Asse,50.89132,4.1709,2.3101567617217036,50.89658303131745,4.1390366479954,2022,1,8,23105,Affligem,Normaal,Droog,Dag,met lichtgewonden,9,personenauto,3,Fiets,Op Kruispunt,Gemeenteweg,binnen bebouwde kom,Tussen 2 bestuurders: Frontale botsing,Geen hindernis
29202,85,Asse teller 1,Asse,50.89621,4.17294,2.378118320378105,50.89658303131745,4.1390366479954,2022,1,8,23105,Affligem,Normaal,Droog,Dag,met lichtgewonden,9,personenauto,3,Fiets,Op Kruispunt,Gemeenteweg,binnen bebouwde kom,Tussen 2 bestuurders: Frontale botsing,Geen hindernis
29209,47,Vilvoorde,Vilvoorde,50.91372,4.41497,1.621187168499396,50.927071770149226,4.424259991483178,2022,1,7,23088,Vilvoorde,Normaal,"Nat, plassen","Nacht, openbare verlichting aanwezig en ontstoken",met lichtgewonden,9,personenauto,3,Fiets,Op Kruispunt,Gewestweg,binnen bebouwde kom,Tss. 2 best.: langs opzij (voor-/achterkant-flank),Geen hindernis
29211,47,Vilvoorde,Vilvoorde,50.91372,4.41497,1.0735582660951,50.923138888754906,4.411605636830705,2022,1,7,23088,Vilvoorde,Normaal,Droog,"Nacht, openbare verlichting aanwezig en ontstoken",met lichtgewonden,3,Fiets,5,Lichte vrachtauto,Buiten Kruispunt,Gewestweg,buiten bebouwde kom,Tss. 2 best.: langs opzij (voor-/achterkant-flank),Geen hindernis
29212,109,Zemst,Zemst,50.9903936,4.4707023,1.9638220099130863,50.97510286375587,4.456664091518924,2022,1,10,23096,Zemst,Normaal,"Nat, plassen",Dag,met lichtgewonden,9,personenauto,3,Fiets,Buiten Kruispunt,Gewestweg,buiten bebouwde kom,Tss. 2 best.: langs opzij (voor-/achterkant-flank),Geen hindernis
29213,136,Gent R4,Gent,51.0876313,3.7587918,2.3304917115794135,51.072402038749665,3.735871903671274,2022,1,7,44021,Gent,Onbekend,Onbekend,Onbekend,met lichtgewonden,3,Fiets,2,Andere weggebruiker,Buiten Kruispunt,Gemeenteweg,buiten bebouwde kom,Tussen 2 bestuurders: Langs achteren,Geen hindernis
29216,13,Gent,Gent,51.03018,3.70146,2.236070722694614,51.04927871665817,3.7114717660376093,2022,1,12,44021,Gent,Normaal,Droog,Dag,met lichtgewonden,8,Voetganger,3,Fiets,Op Kruispunt,Gemeenteweg,binnen bebouwde kom,Met een voetganger,Geen hindernis
29217,13,Gent,Gent,51.03018,3.70146,1.9599039208280231,51.03841286198792,3.726243030917915,2022,1,8,44021,Gent,Normaal,Droog,Dageraad - schemering,met lichtgewonden,9,personenauto,3,Fiets,Op Kruispunt,Gewestweg,binnen bebouwde kom,Tussen 2 bestuurders: Frontale botsing,Geen hindernis
29220,13,Gent,Gent,51.03018,3.70146,1.8373039967868623,51.044922505346506,3.7133263739475417,2022,1,15,44021,Gent,Normaal,Onbekend,Dag,met lichtgewonden,3,Fiets,10,"één bestuurder, geen hindernis",Buiten Kruispunt,Gewestweg,binnen bebouwde kom,"Eén bestuurder, geen hindernis (incl. val)",Geen hindernis
29221,13,Gent,Gent,51.03018,3.70146,1.6283981519372233,51.020022902819406,3.684687310865235,2022,1,9,44021,Gent,Normaal,Droog,Dag,met zwaargewonden,3,Fiets,9,personenauto,Buiten Kruispunt,Gewestweg,buiten bebouwde kom,Tussen 2 bestuurders: Flank tegen flank,Geen hindernis
29225,13,Gent,Gent,51.03018,3.70146,1.264906525481834,51.03123018851028,3.6834493009741522,2022,1,17,44021,Gent,Normaal,Droog,Dag,met lichtgewonden,3,Fiets,5,Lichte vrachtauto,Op Kruispunt,Gemeenteweg,binnen bebouwde kom,Tss. 2 best.: langs opzij (voor-/achterkant-flank),Geen hindernis
29227,136,Gent R4,Gent,51.0876313,3.7587918,2.313534976598769,51.077323343549914,3.730022024117717,2022,1,8,44021,Gent,Normaal,Droog,Dageraad - schemering,met lichtgewonden,3,Fiets,8,Voetganger,Buiten Kruispunt,Gemeenteweg,binnen bebouwde kom,Met een voetganger,Geen vermelding van de aanwezigheid van een hindernis
29228,13,Gent,Gent,51.03018,3.70146,1.1191542890890327,51.02134120471249,3.7091139746619235,2022,1,10,44021,Gent,Normaal,Proper,Dag,met lichtgewonden,9,personenauto,3,Fiets,Op Kruispunt,Gewestweg,binnen bebouwde kom,Tss. 2 best.: langs opzij (voor-/achterkant-flank),Geen hindernis
29229,13,Gent,Gent,51.03018,3.70146,0.7816949844512672,51.02315024201898,3.7013769839029997,2022,1,13,44021,Gent,Normaal,Droog,Dag,met lichtgewonden,9,personenauto,3,Fiets,Buiten Kruispunt,Gewestweg,binnen bebouwde kom,Tss. 2 best.: langs opzij (voor-/achterkant-flank),Geen hindernis
29230,13,Gent,Gent,51.03018,3.70146,1.381510442412383,51.03322402251824,3.7206136547736577,2022,1,20,44021,Gent,Onbekend,Droog,"Nacht, openbare verlichting aanwezig en ontstoken",met lichtgewonden,3,Fiets,1,Autobus,Op Kruispunt,Gewestweg,binnen bebouwde kom,Tss. 2 best.: langs opzij (voor-/achterkant-flank),Geen hindernis
29234,13,Gent,Gent,51.03018,3.70146,0.8091746659302703,51.03122452302967,3.7129112401478452,2022,1,16,44021,Gent,Normaal,Droog,Dag,met lichtgewonden,3,Fiets,2,Andere weggebruiker,Buiten Kruispunt,Gemeenteweg,binnen bebouwde kom,Tussen 2 bestuurders: Langs achteren,Geen hindernis
29237,136,Gent R4,Gent,51.0876313,3.7587918,1.4885634148826627,51.07425977591117,3.7598152307107813,2022,1,12,44021,Gent,Normaal,Droog,Dag,met lichtgewonden,3,Fiets,5,Lichte vrachtauto,Op Kruispunt,Gemeenteweg,binnen bebouwde kom,Tss. 2 best.: langs opzij (voor-/achterkant-flank),Geen hindernis
29238,118,Gent teller 1,Gent,51.028049,3.7681359,1.6891331973859565,51.03751008384901,3.7492375448530035,2022,1,12,44021,Gent,Normaal,Droog,Dag,met lichtgewonden,9,personenauto,3,Fiets,Op Kruispunt,Gewestweg,binnen bebouwde kom,Tss. 2 best.: langs opzij (voor-/achterkant-flank),Geen hindernis
29238,119,Gent teller 2,Gent,51.0281795,3.7683918,1.6942434589377422,51.03751008384901,3.7492375448530035,2022,1,12,44021,Gent,Normaal,Droog,Dag,met lichtgewonden,9,personenauto,3,Fiets,Op Kruispunt,Gewestweg,binnen bebouwde kom,Tss. 2 best.: langs opzij (voor-/achterkant-flank),Geen hindernis
29240,136,Gent R4,Gent,51.0876313,3.7587918,2.0104410831048223,51.0741823492599,3.7395565039445477,2022,1,7,44021,Gent,Normaal,Droog,Dageraad - schemering,met lichtgewonden,3,Fiets,3,Fiets,Buiten Kruispunt,Gewestweg,buiten bebouwde kom,Tussen 2 bestuurders: Flank tegen flank,Geen hindernis
29243,118,Gent teller 1,Gent,51.028049,3.7681359,2.462964300224633,51.042128884294,3.7409446466734053,2022,1,0,44021,Gent,Normaal,"Nat, plassen","Nacht, geen openbare verlichting aanwezig",met lichtgewonden,3,Fiets,10,"één bestuurder, geen hindernis",Buiten Kruispunt,Gemeenteweg,binnen bebouwde kom,"Eén bestuurder, geen hindernis (incl. val)",Geen hindernis
29243,119,Gent teller 2,Gent,51.0281795,3.7683918,2.4676547350580713,51.042128884294,3.7409446466734053,2022,1,0,44021,Gent,Normaal,"Nat, plassen","Nacht, geen openbare verlichting aanwezig",met lichtgewonden,3,Fiets,10,"één bestuurder, geen hindernis",Buiten Kruispunt,Gemeenteweg,binnen bebouwde kom,"Eén bestuurder, geen hindernis (incl. val)",Geen hindernis
29244,136,Gent R4,Gent,51.0876313,3.7587918,1.7312322013531454,51.09849499632448,3.7765493924232403,2022,1,22,44021,Gent,Normaal,Droog,"Nacht, geen openbare verlichting aanwezig",met lichtgewonden,9,personenauto,3,Fiets,Buiten Kruispunt,Gemeenteweg,binnen bebouwde kom,Tss. 2 best.: langs opzij (voor-/achterkant-flank),Geen hindernis
29246,13,Gent,Gent,51.03018,3.70146,1.711414687677045,51.03205252278673,3.7257513534352737,2022,1,17,44021,Gent,Normaal,"Nat, plassen","Nacht, openbare verlichting aanwezig en ontstoken",met lichtgewonden,3,Fiets,9,personenauto,Op Kruispunt,Gemeenteweg,binnen bebouwde kom,Tss. 2 best.: langs opzij (voor-/achterkant-flank),Geen hindernis
29247,118,Gent teller 1,Gent,51.028049,3.7681359,2.035561770084381,51.03532656599745,3.741426176334517,2022,1,23,44021,Gent,Normaal,"Nat, plassen","Nacht, openbare verlichting aanwezig en ontstoken",met lichtgewonden,3,Fiets,10,"één bestuurder, geen hindernis",Buiten Kruispunt,Gemeenteweg,binnen bebouwde kom,"Eén bestuurder, geen hindernis (incl. val)",Geen hindernis