crash_row_id,site_id,site_name,site_gemeente,site_lat,site_long,distance_km,crash_lat,crash_long,DT_YEAR_COLLISION,DT_MONTH_COLLISION,DT_TIME,CD_NIS,TX_MUNTY_COLLISION_NL,TX_WEATHER_NL,TX_ROAD_CONDITION_NL,TX_LIGHT_CONDITION_NL,TX_CLASS_ACCIDENTS_NL,CD_ROAD_USR_TYPE1,TX_ROAD_USR_TYPE1_NL,CD_ROAD_USR_TYPE2,TX_ROAD_USR_TYPE2_NL,TX_CROSSWAY_NL,CD_ROAD_TYPE_NL,TX_BUILD_UP_AREA_NL,TX_COLLISION_TYPE_NL,TX_OBSTACLES_NL
29247,119,Gent teller 2,Gent,51.0281795,3.7683918,2.0463126274531107,51.03532656599745,3.741426176334517,2022,1,23,44021,Gent,Normaal,"Nat, plassen","Nacht, openbare verlichting aanwezig en ontstoken",met lichtgewonden,3,Fiets,10,"één bestuurder, geen hindernis",Buiten Kruispunt,Gemeenteweg,binnen bebouwde kom,"Eén bestuurder, geen hindernis (incl. val)",Geen hindernis
29248,118,Gent teller 1,Gent,51.028049,3.7681359,2.3704066834043735,51.04125211648794,3.741521148925304,2022,1,9,44021,Gent,Onbekend,Onbekend,Dag,met lichtgewonden,3,Fiets,2,Andere weggebruiker,Op Kruispunt,Gewestweg,binnen bebouwde kom,Tss. 2 best.: langs opzij (voor-/achterkant-flank),Geen hindernis
29248,119,Gent teller 2,Gent,51.0281795,3.7683918,2.375572153289795,51.04125211648794,3.741521148925304,2022,1,9,44021,Gent,Onbekend,Onbekend,Dag,met lichtgewonden,3,Fiets,2,Andere weggebruiker,Op Kruispunt,Gewestweg,binnen bebouwde kom,Tss. 2 best.: langs opzij (voor-/achterkant-flank),Geen hindernis
29250,13,Gent,Gent,51.03018,3.70146,2.04274524921188,51.04312530223494,3.722188958090364,2022,1,12,44021,Gent,Normaal,Droog,Dag,met lichtgewonden,5,Lichte vrachtauto,3,Fiets,Buiten Kruispunt,Gemeenteweg,binnen bebouwde kom,Kettingbotsing (3 bestuurders of meer),Geen hindernis
29256,141,Test site A support,Lokeren,51.08342085,3.9961071208376326,1.7759495604499012,51.098025645738225,4.006399319891608,2022,1,8,46014,Lokeren,Normaal,Droog,Dag,met lichtgewonden,9,personenauto,3,Fiets,Op Kruispunt,Gewestweg,binnen bebouwde kom,Tss. 2 best.: langs opzij (voor-/achterkant-flank),Geen hindernis
29266,118,Gent teller 1,Gent,51.028049,3.7681359,2.4787525689749024,51.00834878242704,3.751552312013305,2022,1,18,44043,Merelbeke,Normaal,Droog,"Nacht, openbare verlichting aanwezig en ontstoken",met lichtgewonden,3,Fiets,10,"één bestuurder, geen hindernis",Op Kruispunt,Gewestweg,binnen bebouwde kom,"Eén bestuurder, geen hindernis (incl. val)",Geen hindernis
29266,119,Gent teller 2,Gent,51.0281795,3.7683918,2.4999689319801046,51.00834878242704,3.751552312013305,2022,1,18,44043,Merelbeke,Normaal,Droog,"Nacht, openbare verlichting aanwezig en ontstoken",met lichtgewonden,3,Fiets,10,"één bestuurder, geen hindernis",Op Kruispunt,Gewestweg,binnen bebouwde kom,"Eén bestuurder, geen hindernis (incl. val)",Geen hindernis
29273,6,Evergem 2,Evergem,51.10894,3.70298,1.2147315366005378,51.09983752020484,3.6933600886711067,2022,1,8,44019,Evergem,Normaal,"Nat, plassen",Dag,met lichtgewonden,3,Fiets,10,"één bestuurder, geen hindernis",Op Kruispunt,Gemeenteweg,buiten bebouwde kom,"Eén bestuurder, geen hindernis (incl. val)",Geen hindernis
29273,7,Evergem 1,Evergem,51.1089,3.70317,1.2184355998715408,51.09983752020484,3.6933600886711067,2022,1,8,44019,Evergem,Normaal,"Nat, plassen",Dag,met lichtgewonden,3,Fiets,10,"één bestuurder, geen hindernis",Op Kruispunt,Gemeenteweg,buiten bebouwde kom,"Eén bestuurder, geen hindernis (incl. val)",Geen hindernis
29275,115,Aalter,Aalter,51.1058367,3.4350591,1.6852261660826267,51.092326925476534,3.4459968604437736,2022,1,23,44084,Aalter,Normaal,Droog,"Nacht, openbare verlichting aanwezig en ontstoken",met lichtgewonden,3,Fiets,10,"één bestuurder, geen hindernis",Buiten Kruispunt,Gemeenteweg,binnen bebouwde kom,"Eén bestuurder, geen hindernis (incl. val)",Geen hindernis
29277,115,Aalter,Aalter,51.1058367,3.4350591,2.0940999395547175,51.10472438336802,3.4650002941662876,2022,1,14,44084,Aalter,Normaal,Droog,Dag,met lichtgewonden,9,personenauto,3,Fiets,Op Kruispunt,Gemeenteweg,buiten bebouwde kom,Tss. 2 best.: langs opzij (voor-/achterkant-flank),Geen hindernis
29303,141,Test site A support,Lokeren,51.08342085,3.9961071208376326,1.2152653518888514,51.094280566236286,3.9941489766895915,2022,1,14,46014,Lokeren,Normaal,Droog,Dag,met lichtgewonden,3,Fiets,3,Fiets,Buiten Kruispunt,Gemeenteweg,binnen bebouwde kom,Tss. 2 best.: langs opzij (voor-/achterkant-flank),Geen hindernis
29303,129,Lokeren teller 2,Lokeren,51.09612,3.97025,1.6814370700799206,51.094280566236286,3.9941489766895915,2022,1,14,46014,Lokeren,Normaal,Droog,Dag,met lichtgewonden,3,Fiets,3,Fiets,Buiten Kruispunt,Gemeenteweg,binnen bebouwde kom,Tss. 2 best.: langs opzij (voor-/achterkant-flank),Geen hindernis
29303,128,Lokeren teller 1,Lokeren,51.09644,3.97023,1.6875120889793185,51.094280566236286,3.9941489766895915,2022,1,14,46014,Lokeren,Normaal,Droog,Dag,met lichtgewonden,3,Fiets,3,Fiets,Buiten Kruispunt,Gemeenteweg,binnen bebouwde kom,Tss. 2 best.: langs opzij (voor-/achterkant-flank),Geen hindernis
29305,128,Lokeren teller 1,Lokeren,51.09644,3.97023,0.8333972779896236,51.1036221040031,3.9736421722134203,2022,1,15,46014,Lokeren,Normaal,Droog,Dag,met lichtgewonden,9,personenauto,3,Fiets,Op Kruispunt,Gemeenteweg,binnen bebouwde kom,Tss. 2 best.: langs opzij (voor-/achterkant-flank),Geen hindernis
29305,129,Lokeren teller 2,Lokeren,51.09612,3.97025,0.8671719157955932,51.1036221040031,3.9736421722134203,2022,1,15,46014,Lokeren,Normaal,Droog,Dag,met lichtgewonden,9,personenauto,3,Fiets,Op Kruispunt,Gemeenteweg,binnen bebouwde kom,Tss. 2 best.: langs opzij (voor-/achterkant-flank),Geen hindernis
29307,141,Test site A support,Lokeren,51.08342085,3.9961071208376326,2.179317621283845,51.09312677377293,4.0232148997016175,2022,1,5,46014,Lokeren,Normaal,Droog,Dageraad - schemering,met lichtgewonden,9,personenauto,3,Fiets,Op Kruispunt,Gemeenteweg,binnen bebouwde kom,Tussen 2 bestuurders: Frontale botsing,Geen hindernis
29309,126,Hamme totem,Hamme,51.1017709,4.1469307,1.236992674045893,51.09272095911612,4.136629007296285,2022,1,8,42008,Hamme,Normaal,Droog,"Nacht, openbare verlichting aanwezig en ontstoken",met zwaargewonden,5,Lichte vrachtauto,3,Fiets,Op Kruispunt,Gewestweg,binnen bebouwde kom,Tss. 2 best.: langs opzij (voor-/achterkant-flank),Geen hindernis
29310,126,Hamme totem,Hamme,51.1017709,4.1469307,2.2024725464159953,51.08224873713752,4.1415987561105005,2022,1,7,42008,Hamme,Normaal,Droog,Dageraad - schemering,met zwaargewonden,9,personenauto,3,Fiets,Op Kruispunt,Gewestweg,buiten bebouwde kom,Tss. 2 best.: langs opzij (voor-/achterkant-flank),Geen hindernis
29311,120,Zele teller 1,Zele,51.0607671,4.0547741,1.939300491439188,51.07583849749034,4.04080764587475,2022,1,17,42028,Zele,Normaal,Droog,Dageraad - schemering,met lichtgewonden,3,Fiets,9,personenauto,Buiten Kruispunt,Gemeenteweg,binnen bebouwde kom,Tss. 2 best.: langs opzij (voor-/achterkant-flank),Geen hindernis
29311,121,Zele teller 2,Zele,51.0604067,4.0556696,2.0057076692283067,51.07583849749034,4.04080764587475,2022,1,17,42028,Zele,Normaal,Droog,Dageraad - schemering,met lichtgewonden,3,Fiets,9,personenauto,Buiten Kruispunt,Gemeenteweg,binnen bebouwde kom,Tss. 2 best.: langs opzij (voor-/achterkant-flank),Geen hindernis
29312,120,Zele teller 1,Zele,51.0607671,4.0547741,1.799150208861303,51.07125835883081,4.035172863737129,2022,1,13,42028,Zele,Normaal,Droog,Dag,met lichtgewonden,3,Fiets,9,personenauto,Op Kruispunt,Gemeenteweg,binnen bebouwde kom,Tss. 2 best.: langs opzij (voor-/achterkant-flank),Geen hindernis
29312,121,Zele teller 2,Zele,51.0604067,4.0556696,1.872804534678996,51.07125835883081,4.035172863737129,2022,1,13,42028,Zele,Normaal,Droog,Dag,met lichtgewonden,3,Fiets,9,personenauto,Op Kruispunt,Gemeenteweg,binnen bebouwde kom,Tss. 2 best.: langs opzij (voor-/achterkant-flank),Geen hindernis
29313,120,Zele teller 1,Zele,51.0607671,4.0547741,2.106972787882638,51.06892877822828,4.027562895985345,2022,1,7,42028,Zele,Normaal,Droog,Dageraad - schemering,met zwaargewonden,9,personenauto,3,Fiets,Op Kruispunt,Gemeenteweg,binnen bebouwde kom,Tussen 2 bestuurders: Flank tegen flank,Geen hindernis
29313,121,Zele teller 2,Zele,51.0604067,4.0556696,2.1807350250085067,51.06892877822828,4.027562895985345,2022,1,7,42028,Zele,Normaal,Droog,Dageraad - schemering,met zwaargewonden,9,personenauto,3,Fiets,Op Kruispunt,Gemeenteweg,binnen bebouwde kom,Tussen 2 bestuurders: Flank tegen flank,Geen hindernis
29314,152,Opwijk,District Vilvoorde-gewestwegen,50.968901168564656,4.149169474840164,1.8905949330303893,50.98468246132504,4.139120063204126,2022,1,14,42011,Lebbeke,Normaal,Droog,Dag,met lichtgewonden,9,personenauto,3,Fiets,Buiten Kruispunt,Gewestweg,buiten bebouwde kom,Tss. 2 best.: langs opzij (voor-/achterkant-flank),Geen hindernis
29326,11,Aalst 3,Aalst,50.93385,4.01647,1.3566761971047225,50.937224269245874,4.035075385581195,2022,1,18,41002,Aalst,Normaal,Droog,"Nacht, openbare verlichting aanwezig en ontstoken",met lichtgewonden,9,personenauto,3,Fiets,Buiten Kruispunt,Gemeenteweg,binnen bebouwde kom,Tss. 2 best.: langs opzij (voor-/achterkant-flank),Geen hindernis
29326,10,Aalst 2,Aalst,50.93549,4.01571,1.3706279852153667,50.937224269245874,4.035075385581195,2022,1,18,41002,Aalst,Normaal,Droog,"Nacht, openbare verlichting aanwezig en ontstoken",met lichtgewonden,9,personenauto,3,Fiets,Buiten Kruispunt,Gemeenteweg,binnen bebouwde kom,Tss. 2 best.: langs opzij (voor-/achterkant-flank),Geen hindernis
29326,19,Aalst 1,Aalst,50.93433,4.01471,1.4629235078540839,50.937224269245874,4.035075385581195,2022,1,18,41002,Aalst,Normaal,Droog,"Nacht, openbare verlichting aanwezig en ontstoken",met lichtgewonden,9,personenauto,3,Fiets,Buiten Kruispunt,Gemeenteweg,binnen bebouwde kom,Tss. 2 best.: langs opzij (voor-/achterkant-flank),Geen hindernis
29327,10,Aalst 2,Aalst,50.93549,4.01571,0.4817073931034531,50.939278595587616,4.019043806033763,2022,1,15,41002,Aalst,Normaal,Droog,Dag,met lichtgewonden,9,personenauto,3,Fiets,Buiten Kruispunt,Gewestweg,binnen bebouwde kom,Tss. 2 best.: langs opzij (voor-/achterkant-flank),Geen hindernis
29327,19,Aalst 1,Aalst,50.93433,4.01471,0.6284955027405695,50.939278595587616,4.019043806033763,2022,1,15,41002,Aalst,Normaal,Droog,Dag,met lichtgewonden,9,personenauto,3,Fiets,Buiten Kruispunt,Gewestweg,binnen bebouwde kom,Tss. 2 best.: langs opzij (voor-/achterkant-flank),Geen hindernis
29327,11,Aalst 3,Aalst,50.93385,4.01647,0.6299995974258255,50.939278595587616,4.019043806033763,2022,1,15,41002,Aalst,Normaal,Droog,Dag,met lichtgewonden,9,personenauto,3,Fiets,Buiten Kruispunt,Gewestweg,binnen bebouwde kom,Tss. 2 best.: langs opzij (voor-/achterkant-flank),Geen hindernis
29328,10,Aalst 2,Aalst,50.93549,4.01571,2.0592934430901617,50.94591700895314,4.039999514207649,2022,1,13,41002,Aalst,Normaal,Droog,Dag,met lichtgewonden,9,personenauto,3,Fiets,Op Kruispunt,Gemeenteweg,buiten bebouwde kom,Tussen 2 bestuurders: Frontale botsing,Geen hindernis
29328,11,Aalst 3,Aalst,50.93385,4.01647,2.125673991203785,50.94591700895314,4.039999514207649,2022,1,13,41002,Aalst,Normaal,Droog,Dag,met lichtgewonden,9,personenauto,3,Fiets,Op Kruispunt,Gemeenteweg,buiten bebouwde kom,Tussen 2 bestuurders: Frontale botsing,Geen hindernis
29328,19,Aalst 1,Aalst,50.93433,4.01471,2.190868783391191,50.94591700895314,4.039999514207649,2022,1,13,41002,Aalst,Normaal,Droog,Dag,met lichtgewonden,9,personenauto,3,Fiets,Op Kruispunt,Gemeenteweg,buiten bebouwde kom,Tussen 2 bestuurders: Frontale botsing,Geen hindernis
29332,125,Dendermonde totem,Dendermonde,51.0372706,4.1025998,1.2948641045245337,51.03364600452179,4.120198148325805,2022,1,11,42006,Dendermonde,Normaal,Droog,Dag,met lichtgewonden,3,Fiets,9,personenauto,Buiten Kruispunt,Gemeenteweg,binnen bebouwde kom,Tss. 2 best.: langs opzij (voor-/achterkant-flank),Geen hindernis
29332,122,Dendermonde teller 2,Dendermonde,51.0373918,4.1019222,1.3440854165582958,51.03364600452179,4.120198148325805,2022,1,11,42006,Dendermonde,Normaal,Droog,Dag,met lichtgewonden,3,Fiets,9,personenauto,Buiten Kruispunt,Gemeenteweg,binnen bebouwde kom,Tss. 2 best.: langs opzij (voor-/achterkant-flank),Geen hindernis
29333,122,Dendermonde teller 2,Dendermonde,51.0373918,4.1019222,1.1506194220910788,51.04727052498042,4.097023375620402,2022,1,16,42006,Dendermonde,Normaal,Droog,Dag,met lichtgewonden,3,Fiets,9,personenauto,Op Kruispunt,Gemeenteweg,binnen bebouwde kom,Tss. 2 best.: langs opzij (voor-/achterkant-flank),Geen hindernis
29333,125,Dendermonde totem,Dendermonde,51.0372706,4.1025998,1.1783076853224685,51.04727052498042,4.097023375620402,2022,1,16,42006,Dendermonde,Normaal,Droog,Dag,met lichtgewonden,3,Fiets,9,personenauto,Op Kruispunt,Gemeenteweg,binnen bebouwde kom,Tss. 2 best.: langs opzij (voor-/achterkant-flank),Geen hindernis
29334,122,Dendermonde teller 2,Dendermonde,51.0373918,4.1019222,0.4694414068227939,51.04160550388583,4.102337507303634,2022,1,15,42006,Dendermonde,Normaal,Droog,Dag,met lichtgewonden,3,Fiets,11,een weggebruiker tegen een hindernis,Buiten Kruispunt,Gewestweg,buiten bebouwde kom,Weggebruiker tegen hindernis op de rijbaan,"Op de rijbaan: Werken (signal., aarde, toestel,…)"
29334,125,Dendermonde totem,Dendermonde,51.0372706,4.1025998,0.482368054649976,51.04160550388583,4.102337507303634,2022,1,15,42006,Dendermonde,Normaal,Droog,Dag,met lichtgewonden,3,Fiets,11,een weggebruiker tegen een hindernis,Buiten Kruispunt,Gewestweg,buiten bebouwde kom,Weggebruiker tegen hindernis op de rijbaan,"Op de rijbaan: Werken (signal., aarde, toestel,…)"
29335,125,Dendermonde totem,Dendermonde,51.0372706,4.1025998,2.423536894264583,51.0161379218383,4.111080108135015,2022,1,19,42006,Dendermonde,Normaal,Droog,"Nacht, openbare verlichting aanwezig en ontstoken",met lichtgewonden,3,Fiets,10,"één bestuurder, geen hindernis",Buiten Kruispunt,Gemeenteweg,binnen bebouwde kom,"Eén bestuurder, geen hindernis (incl. val)",Geen hindernis
29335,122,Dendermonde teller 2,Dendermonde,51.0373918,4.1019222,2.4485722845500626,51.0161379218383,4.111080108135015,2022,1,19,42006,Dendermonde,Normaal,Droog,"Nacht, openbare verlichting aanwezig en ontstoken",met lichtgewonden,3,Fiets,10,"één bestuurder, geen hindernis",Buiten Kruispunt,Gemeenteweg,binnen bebouwde kom,"Eén bestuurder, geen hindernis (incl. val)",Geen hindernis
29336,125,Dendermonde totem,Dendermonde,51.0372706,4.1025998,1.2212835535398237,51.02633182303137,4.101029447085239,2022,1,11,42006,Dendermonde,Normaal,Droog,Dag,met lichtgewonden,9,personenauto,3,Fiets,Buiten Kruispunt,Gemeenteweg,binnen bebouwde kom,Tussen 2 bestuurders: Langs achteren,Geen hindernis
29336,122,Dendermonde teller 2,Dendermonde,51.0373918,4.1019222,1.2313968733302358,51.02633182303137,4.101029447085239,2022,1,11,42006,Dendermonde,Normaal,Droog,Dag,met lichtgewonden,9,personenauto,3,Fiets,Buiten Kruispunt,Gemeenteweg,binnen bebouwde kom,Tussen 2 bestuurders: Langs achteren,Geen hindernis
29339,125,Dendermonde totem,Dendermonde,51.0372706,4.1025998,0.6709138182624651,51.031824087370126,4.1067284167086155,2022,1,11,42006,Dendermonde,Normaal,Droog,Dag,met lichtgewonden,9,personenauto,3,Fiets,Op Kruispunt,Gewestweg,binnen bebouwde kom,Tss. 2 best.: langs opzij (voor-/achterkant-flank),Geen hindernis
29339,122,Dendermonde teller 2,Dendermonde,51.0373918,4.1019222,0.7044379522135863,51.031824087370126,4.1067284167086155,2022,1,11,42006,Dendermonde,Normaal,Droog,Dag,met lichtgewonden,9,personenauto,3,Fiets,Op Kruispunt,Gewestweg,binnen bebouwde kom,Tss. 2 best.: langs opzij (voor-/achterkant-flank),Geen hindernis
29340,53,Brugge teller 1,Brugge,51.23023,3.228,1.705496245128505,51.21957304069888,3.2103862457315917,2022,1,17,31005,Brugge,Normaal,Droog,Dag,met zwaargewonden,9,personenauto,3,Fiets,Buiten Kruispunt,Gewestweg,binnen bebouwde kom,Tss. 2 best.: langs opzij (voor-/achterkant-flank),Geen hindernis
29340,54,Brugge teller 2,Brugge,51.23015,3.22818,1.7083979324773568,51.21957304069888,3.2103862457315917,2022,1,17,31005,Brugge,Normaal,Droog,Dag,met zwaargewonden,9,personenauto,3,Fiets,Buiten Kruispunt,Gewestweg,binnen bebouwde kom,Tss. 2 best.: langs opzij (voor-/achterkant-flank),Geen hindernis
29340,52,Brugge,Brugge,51.22632,3.24095,2.2568211520395387,51.21957304069888,3.2103862457315917,2022,1,17,31005,Brugge,Normaal,Droog,Dag,met zwaargewonden,9,personenauto,3,Fiets,Buiten Kruispunt,Gewestweg,binnen bebouwde kom,Tss. 2 best.: langs opzij (voor-/achterkant-flank),Geen hindernis
29340,142,TEST Validatie BRUGGE Y2H22022134,Brugge,51.22632,3.24095,2.2568211520395387,51.21957304069888,3.2103862457315917,2022,1,17,31005,Brugge,Normaal,Droog,Dag,met zwaargewonden,9,personenauto,3,Fiets,Buiten Kruispunt,Gewestweg,binnen bebouwde kom,Tss. 2 best.: langs opzij (voor-/achterkant-flank),Geen hindernis
29342,53,Brugge teller 1,Brugge,51.23023,3.228,2.431535642172395,51.24181532972288,3.1983789260467517,2022,1,7,31005,Brugge,Normaal,Droog,"Nacht, openbare verlichting aanwezig en ontstoken",met lichtgewonden,9,personenauto,3,Fiets,Op Kruispunt,Gewestweg,buiten bebouwde kom,Tussen 2 bestuurders: Frontale botsing,Geen hindernis
29342,54,Brugge teller 2,Brugge,51.23015,3.22818,2.4468786605953983,51.24181532972288,3.1983789260467517,2022,1,7,31005,Brugge,Normaal,Droog,"Nacht, openbare verlichting aanwezig en ontstoken",met lichtgewonden,9,personenauto,3,Fiets,Op Kruispunt,Gewestweg,buiten bebouwde kom,Tussen 2 bestuurders: Frontale botsing,Geen hindernis
29344,20,Brugge,Brugge,51.17416,3.20048,1.3029519943488266,51.185829290374365,3.2021778561221117,2022,1,12,31005,Brugge,Normaal,Droog+Proper,Dag,met lichtgewonden,9,personenauto,3,Fiets,Buiten Kruispunt,Gewestweg,binnen bebouwde kom,Tss. 2 best.: langs opzij (voor-/achterkant-flank),Geen hindernis
29348,142,TEST Validatie BRUGGE Y2H22022134,Brugge,51.22632,3.24095,2.086901166575505,51.20755264949698,3.241190101457635,2022,1,8,31005,Brugge,Normaal,"Nat, plassen","Nacht, openbare verlichting aanwezig en ontstoken",met lichtgewonden,9,personenauto,3,Fiets,Op Kruispunt,Gemeenteweg,binnen bebouwde kom,Tss. 2 best.: langs opzij (voor-/achterkant-flank),Geen hindernis
29348,52,Brugge,Brugge,51.22632,3.24095,2.086901166575505,51.20755264949698,3.241190101457635,2022,1,8,31005,Brugge,Normaal,"Nat, plassen","Nacht, openbare verlichting aanwezig en ontstoken",met lichtgewonden,9,personenauto,3,Fiets,Op Kruispunt,Gemeenteweg,binnen bebouwde kom,Tss. 2 best.: langs opzij (voor-/achterkant-flank),Geen hindernis
29349,50,"Brugge, Sint-Andries",Brugge,51.19291,3.16252,2.306924198831711,51.19655080085139,3.195112164485235,2022,1,11,31005,Brugge,Normaal,Droog,Dag,met lichtgewonden,9,personenauto,3,Fiets,Buiten Kruispunt,Gemeenteweg,binnen bebouwde kom,Tss. 2 best.: langs opzij (voor-/achterkant-flank),Geen hindernis
29349,51,"Brugge, Sint-Andries",Brugge,51.19281,3.16252,2.3089039165134326,51.19655080085139,3.195112164485235,2022,1,11,31005,Brugge,Normaal,Droog,Dag,met lichtgewonden,9,personenauto,3,Fiets,Buiten Kruispunt,Gemeenteweg,binnen bebouwde kom,Tss. 2 best.: langs opzij (voor-/achterkant-flank),Geen hindernis
29350,142,TEST Validatie BRUGGE Y2H22022134,Brugge,51.22632,3.24095,1.542688268604722,51.2138324348668,3.2506013250888355,2022,1,14,31005,Brugge,Normaal,Droog,Dag,met lichtgewonden,3,Fiets,9,personenauto,Op Kruispunt,Gemeenteweg,binnen bebouwde kom,Tss. 2 best.: langs opzij (voor-/achterkant-flank),Geen hindernis
29350,52,Brugge,Brugge,51.22632,3.24095,1.542688268604722,51.2138324348668,3.2506013250888355,2022,1,14,31005,Brugge,Normaal,Droog,Dag,met lichtgewonden,3,Fiets,9,personenauto,Op Kruispunt,Gemeenteweg,binnen bebouwde kom,Tss. 2 best.: langs opzij (voor-/achterkant-flank),Geen hindernis
29350,54,Brugge teller 2,Brugge,51.23015,3.22818,2.39381003758736,51.2138324348668,3.2506013250888355,2022,1,14,31005,Brugge,Normaal,Droog,Dag,met lichtgewonden,3,Fiets,9,personenauto,Op Kruispunt,Gemeenteweg,binnen bebouwde kom,Tss. 2 best.: langs opzij (voor-/achterkant-flank),Geen hindernis
29350,53,Brugge teller 1,Brugge,51.23023,3.228,2.408731391822805,51.2138324348668,3.2506013250888355,2022,1,14,31005,Brugge,Normaal,Droog,Dag,met lichtgewonden,3,Fiets,9,personenauto,Op Kruispunt,Gemeenteweg,binnen bebouwde kom,Tss. 2 best.: langs opzij (voor-/achterkant-flank),Geen hindernis
29355,20,Brugge,Brugge,51.17416,3.20048,2.290488727776524,51.15506822315671,3.1881465029344214,2022,1,16,31040,Zedelgem,Normaal,Droog,Dag,met lichtgewonden,3,Fiets,5,Lichte vrachtauto,Op Kruispunt,Gewestweg,binnen bebouwde kom,Tss. 2 best.: langs opzij (voor-/achterkant-flank),Geen hindernis
29358,15,Oostende 2,Oostende,51.21371,2.92743,2.0579092925357854,51.20284886808953,2.90351091407076,2022,1,16,35013,Oostende,Normaal,Droog,Dag,met lichtgewonden,9,personenauto,3,Fiets,Buiten Kruispunt,Gewestweg,binnen bebouwde kom,Tussen 2 bestuurders: Frontale botsing,Geen hindernis
29358,18,Oostende 1,Oostende,51.21378,2.92765,2.0748870227931824,51.20284886808953,2.90351091407076,2022,1,16,35013,Oostende,Normaal,Droog,Dag,met lichtgewonden,9,personenauto,3,Fiets,Buiten Kruispunt,Gewestweg,binnen bebouwde kom,Tussen 2 bestuurders: Frontale botsing,Geen hindernis
29360,15,Oostende 2,Oostende,51.21371,2.92743,1.760018698258953,51.22464179638376,2.9091544298020047,2022,1,15,35013,Oostende,Normaal,Droog,Dag,met lichtgewonden,9,personenauto,3,Fiets,Op Kruispunt,Gewestweg,binnen bebouwde kom,Tss. 2 best.: langs opzij (voor-/achterkant-flank),Geen hindernis
29360,18,Oostende 1,Oostende,51.21378,2.92765,1.7657974000728334,51.22464179638376,2.9091544298020047,2022,1,15,35013,Oostende,Normaal,Droog,Dag,met lichtgewonden,9,personenauto,3,Fiets,Op Kruispunt,Gewestweg,binnen bebouwde kom,Tss. 2 best.: langs opzij (voor-/achterkant-flank),Geen hindernis
29361,15,Oostende 2,Oostende,51.21371,2.92743,0.40554681476223897,51.216695784566966,2.9240862700008963,2022,1,8,35013,Oostende,Normaal,Droog,Dag,met lichtgewonden,3,Fiets,5,Lichte vrachtauto,Op Kruispunt,Gemeenteweg,binnen bebouwde kom,Tss. 2 best.: langs opzij (voor-/achterkant-flank),Geen hindernis
29361,18,Oostende 1,Oostende,51.21378,2.92765,0.4083291945193701,51.216695784566966,2.9240862700008963,2022,1,8,35013,Oostende,Normaal,Droog,Dag,met lichtgewonden,3,Fiets,5,Lichte vrachtauto,Op Kruispunt,Gemeenteweg,binnen bebouwde kom,Tss. 2 best.: langs opzij (voor-/achterkant-flank),Geen hindernis
29362,18,Oostende 1,Oostende,51.21378,2.92765,1.4019162869473643,51.22553505633508,2.9203730588999353,2022,1,6,35013,Oostende,Normaal,Droog,"Nacht, openbare verlichting aanwezig en ontstoken",met lichtgewonden,3,Fiets,9,personenauto,Op Kruispunt,Gemeenteweg,binnen bebouwde kom,Tss. 2 best.: langs opzij (voor-/achterkant-flank),Geen hindernis
29362,15,Oostende 2,Oostende,51.21371,2.92743,1.4037387539431705,51.22553505633508,2.9203730588999353,2022,1,6,35013,Oostende,Normaal,Droog,"Nacht, openbare verlichting aanwezig en ontstoken",met lichtgewonden,3,Fiets,9,personenauto,Op Kruispunt,Gemeenteweg,binnen bebouwde kom,Tss. 2 best.: langs opzij (voor-/achterkant-flank),Geen hindernis
29363,15,Oostende 2,Oostende,51.21371,2.92743,1.407965881977874,51.21244734223994,2.9073174398580006,2022,1,10,35013,Oostende,Normaal,Droog,Dag,met lichtgewonden,9,personenauto,3,Fiets,Buiten Kruispunt,Gemeenteweg,binnen bebouwde kom,Tussen 2 bestuurders: Frontale botsing,Geen hindernis
29363,18,Oostende 1,Oostende,51.21378,2.92765,1.4240023621546658,51.21244734223994,2.9073174398580006,2022,1,10,35013,Oostende,Normaal,Droog,Dag,met lichtgewonden,9,personenauto,3,Fiets,Buiten Kruispunt,Gemeenteweg,binnen bebouwde kom,Tussen 2 bestuurders: Frontale botsing,Geen hindernis
29364,18,Oostende 1,Oostende,51.21378,2.92765,0.667419577851554,51.21694399383785,2.9357927889133557,2022,1,8,35013,Oostende,Onbekend,Onbekend,Dag,met lichtgewonden,9,personenauto,3,Fiets,Op Kruispunt,Gemeenteweg,binnen bebouwde kom,Tss. 2 best.: langs opzij (voor-/achterkant-flank),Geen hindernis
29364,15,Oostende 2,Oostende,51.21371,2.92743,0.6845461133684977,51.21694399383785,2.9357927889133557,2022,1,8,35013,Oostende,Onbekend,Onbekend,Dag,met lichtgewonden,9,personenauto,3,Fiets,Op Kruispunt,Gemeenteweg,binnen bebouwde kom,Tss. 2 best.: langs opzij (voor-/achterkant-flank),Geen hindernis
29365,15,Oostende 2,Oostende,51.21371,2.92743,1.440071856796514,51.21725922604788,2.907546245468372,2022,1,16,35013,Oostende,Normaal,Droog,Dag,met lichtgewonden,8,Voetganger,3,Fiets,Buiten Kruispunt,Gewestweg,binnen bebouwde kom,Met een voetganger,Geen hindernis