crash_row_id,site_id,site_name,site_gemeente,site_lat,site_long,distance_km,crash_lat,crash_long,DT_YEAR_COLLISION,DT_MONTH_COLLISION,DT_TIME,CD_NIS,TX_MUNTY_COLLISION_NL,TX_WEATHER_NL,TX_ROAD_CONDITION_NL,TX_LIGHT_CONDITION_NL,TX_CLASS_ACCIDENTS_NL,CD_ROAD_USR_TYPE1,TX_ROAD_USR_TYPE1_NL,CD_ROAD_USR_TYPE2,TX_ROAD_USR_TYPE2_NL,TX_CROSSWAY_NL,CD_ROAD_TYPE_NL,TX_BUILD_UP_AREA_NL,TX_COLLISION_TYPE_NL,TX_OBSTACLES_NL
29365,18,Oostende 1,Oostende,51.21378,2.92765,1.4527214169526252,51.21725922604788,2.907546245468372,2022,1,16,35013,Oostende,Normaal,Droog,Dag,met lichtgewonden,8,Voetganger,3,Fiets,Buiten Kruispunt,Gewestweg,binnen bebouwde kom,Met een voetganger,Geen hindernis
29370,55,Torhout teller 1,Torhout,51.07161,3.08261,1.148470954340403,51.07615019777416,3.0973748820127334,2022,1,10,31033,Torhout,Normaal,Droog,Dag,met lichtgewonden,9,personenauto,3,Fiets,Buiten Kruispunt,Gemeenteweg,buiten bebouwde kom,Tussen 2 bestuurders: Frontale botsing,Geen hindernis
29370,56,Torhout teller 2,Torhout,51.07147,3.08244,1.166016493570543,51.07615019777416,3.0973748820127334,2022,1,10,31033,Torhout,Normaal,Droog,Dag,met lichtgewonden,9,personenauto,3,Fiets,Buiten Kruispunt,Gemeenteweg,buiten bebouwde kom,Tussen 2 bestuurders: Frontale botsing,Geen hindernis
29374,84,Roeselare totem,Izegem,50.91717,3.18772,1.695698922812404,50.9204852688186,3.211331308929845,2022,1,12,36008,Izegem,Normaal,"Nat, plassen",Dag,met lichtgewonden,3,Fiets,9,personenauto,Op Kruispunt,Gemeenteweg,binnen bebouwde kom,Tss. 2 best.: langs opzij (voor-/achterkant-flank),Geen hindernis
29376,84,Roeselare totem,Izegem,50.91717,3.18772,1.6299055771884805,50.931023288806024,3.1801207114988075,2022,1,17,36008,Izegem,Regenval,"Nat, plassen","Nacht, openbare verlichting aanwezig en ontstoken",met lichtgewonden,9,personenauto,3,Fiets,Op Kruispunt,Gemeenteweg,buiten bebouwde kom,Tss. 2 best.: langs opzij (voor-/achterkant-flank),Geen hindernis
29380,75,Kortrijk teller 2,Kortrijk,50.81925,3.25731,0.6558305152542799,50.825144551249004,3.256989590424649,2022,1,15,34022,Kortrijk,Normaal,"Nat, plassen",Dag,met lichtgewonden,3,Fiets,9,personenauto,Buiten Kruispunt,Gemeenteweg,binnen bebouwde kom,Tussen 2 bestuurders: Flank tegen flank,Geen hindernis
29380,74,Kortrijk teller 1,Kortrijk,50.81909,3.25728,0.673544381928399,50.825144551249004,3.256989590424649,2022,1,15,34022,Kortrijk,Normaal,"Nat, plassen",Dag,met lichtgewonden,3,Fiets,9,personenauto,Buiten Kruispunt,Gemeenteweg,binnen bebouwde kom,Tussen 2 bestuurders: Flank tegen flank,Geen hindernis
29380,143,Eco Display Classic Budastraat,Kortrijk,50.83066,3.26286,0.7390059230887983,50.825144551249004,3.256989590424649,2022,1,15,34022,Kortrijk,Normaal,"Nat, plassen",Dag,met lichtgewonden,3,Fiets,9,personenauto,Buiten Kruispunt,Gemeenteweg,binnen bebouwde kom,Tussen 2 bestuurders: Flank tegen flank,Geen hindernis
29380,16,Kortrijk 1,Kortrijk,50.83332,3.27777,1.7194619022349331,50.825144551249004,3.256989590424649,2022,1,15,34022,Kortrijk,Normaal,"Nat, plassen",Dag,met lichtgewonden,3,Fiets,9,personenauto,Buiten Kruispunt,Gemeenteweg,binnen bebouwde kom,Tussen 2 bestuurders: Flank tegen flank,Geen hindernis
29380,17,Kortrijk 2,Kortrijk,50.83339,3.27773,1.721210526246174,50.825144551249004,3.256989590424649,2022,1,15,34022,Kortrijk,Normaal,"Nat, plassen",Dag,met lichtgewonden,3,Fiets,9,personenauto,Buiten Kruispunt,Gemeenteweg,binnen bebouwde kom,Tussen 2 bestuurders: Flank tegen flank,Geen hindernis
29383,75,Kortrijk teller 2,Kortrijk,50.81925,3.25731,1.0228448244405774,50.81837061838684,3.2718033500680703,2022,1,12,34022,Kortrijk,Normaal,Droog,Dag,met lichtgewonden,9,personenauto,3,Fiets,Op Kruispunt,Gemeenteweg,binnen bebouwde kom,Tss. 2 best.: langs opzij (voor-/achterkant-flank),Geen hindernis
29383,74,Kortrijk teller 1,Kortrijk,50.81909,3.25728,1.023400352059828,50.81837061838684,3.2718033500680703,2022,1,12,34022,Kortrijk,Normaal,Droog,Dag,met lichtgewonden,9,personenauto,3,Fiets,Op Kruispunt,Gemeenteweg,binnen bebouwde kom,Tss. 2 best.: langs opzij (voor-/achterkant-flank),Geen hindernis
29383,143,Eco Display Classic Budastraat,Kortrijk,50.83066,3.26286,1.503993800935265,50.81837061838684,3.2718033500680703,2022,1,12,34022,Kortrijk,Normaal,Droog,Dag,met lichtgewonden,9,personenauto,3,Fiets,Op Kruispunt,Gemeenteweg,binnen bebouwde kom,Tss. 2 best.: langs opzij (voor-/achterkant-flank),Geen hindernis
29383,16,Kortrijk 1,Kortrijk,50.83332,3.27777,1.7143122658277623,50.81837061838684,3.2718033500680703,2022,1,12,34022,Kortrijk,Normaal,Droog,Dag,met lichtgewonden,9,personenauto,3,Fiets,Op Kruispunt,Gemeenteweg,binnen bebouwde kom,Tss. 2 best.: langs opzij (voor-/achterkant-flank),Geen hindernis
29383,17,Kortrijk 2,Kortrijk,50.83339,3.27773,1.7211790243077136,50.81837061838684,3.2718033500680703,2022,1,12,34022,Kortrijk,Normaal,Droog,Dag,met lichtgewonden,9,personenauto,3,Fiets,Op Kruispunt,Gemeenteweg,binnen bebouwde kom,Tss. 2 best.: langs opzij (voor-/achterkant-flank),Geen hindernis
29385,143,Eco Display Classic Budastraat,Kortrijk,50.83066,3.26286,0.6223657383777137,50.825791849455655,3.2584874068784178,2022,1,7,34022,Kortrijk,Normaal,Droog+Proper,Dageraad - schemering,met lichtgewonden,5,Lichte vrachtauto,3,Fiets,Op Kruispunt,Gewestweg,binnen bebouwde kom,Tussen 2 bestuurders: Frontale botsing,Geen hindernis
29385,75,Kortrijk teller 2,Kortrijk,50.81925,3.25731,0.7321071622645049,50.825791849455655,3.2584874068784178,2022,1,7,34022,Kortrijk,Normaal,Droog+Proper,Dageraad - schemering,met lichtgewonden,5,Lichte vrachtauto,3,Fiets,Op Kruispunt,Gewestweg,binnen bebouwde kom,Tussen 2 bestuurders: Frontale botsing,Geen hindernis
29385,74,Kortrijk teller 1,Kortrijk,50.81909,3.25728,0.7500225455029556,50.825791849455655,3.2584874068784178,2022,1,7,34022,Kortrijk,Normaal,Droog+Proper,Dageraad - schemering,met lichtgewonden,5,Lichte vrachtauto,3,Fiets,Op Kruispunt,Gewestweg,binnen bebouwde kom,Tussen 2 bestuurders: Frontale botsing,Geen hindernis
29385,16,Kortrijk 1,Kortrijk,50.83332,3.27777,1.5921162329016427,50.825791849455655,3.2584874068784178,2022,1,7,34022,Kortrijk,Normaal,Droog+Proper,Dageraad - schemering,met lichtgewonden,5,Lichte vrachtauto,3,Fiets,Op Kruispunt,Gewestweg,binnen bebouwde kom,Tussen 2 bestuurders: Frontale botsing,Geen hindernis
29385,17,Kortrijk 2,Kortrijk,50.83339,3.27773,1.5938386676604743,50.825791849455655,3.2584874068784178,2022,1,7,34022,Kortrijk,Normaal,Droog+Proper,Dageraad - schemering,met lichtgewonden,5,Lichte vrachtauto,3,Fiets,Op Kruispunt,Gewestweg,binnen bebouwde kom,Tussen 2 bestuurders: Frontale botsing,Geen hindernis
29387,143,Eco Display Classic Budastraat,Kortrijk,50.83066,3.26286,0.507669675112178,50.827779995924814,3.2572513475960285,2022,1,17,34022,Kortrijk,Normaal,Droog,"Nacht, openbare verlichting aanwezig en ontstoken",met lichtgewonden,3,Fiets,9,personenauto,Op Kruispunt,Gewestweg,binnen bebouwde kom,Tss. 2 best.: langs opzij (voor-/achterkant-flank),Geen hindernis
29387,75,Kortrijk teller 2,Kortrijk,50.81925,3.25731,0.9485012188684315,50.827779995924814,3.2572513475960285,2022,1,17,34022,Kortrijk,Normaal,Droog,"Nacht, openbare verlichting aanwezig en ontstoken",met lichtgewonden,3,Fiets,9,personenauto,Op Kruispunt,Gewestweg,binnen bebouwde kom,Tss. 2 best.: langs opzij (voor-/achterkant-flank),Geen hindernis
29387,74,Kortrijk teller 1,Kortrijk,50.81909,3.25728,0.9662855554221322,50.827779995924814,3.2572513475960285,2022,1,17,34022,Kortrijk,Normaal,Droog,"Nacht, openbare verlichting aanwezig en ontstoken",met lichtgewonden,3,Fiets,9,personenauto,Op Kruispunt,Gewestweg,binnen bebouwde kom,Tss. 2 best.: langs opzij (voor-/achterkant-flank),Geen hindernis
29387,16,Kortrijk 1,Kortrijk,50.83332,3.27777,1.5672209804099024,50.827779995924814,3.2572513475960285,2022,1,17,34022,Kortrijk,Normaal,Droog,"Nacht, openbare verlichting aanwezig en ontstoken",met lichtgewonden,3,Fiets,9,personenauto,Op Kruispunt,Gewestweg,binnen bebouwde kom,Tss. 2 best.: langs opzij (voor-/achterkant-flank),Geen hindernis
29387,17,Kortrijk 2,Kortrijk,50.83339,3.27773,1.5677180593218238,50.827779995924814,3.2572513475960285,2022,1,17,34022,Kortrijk,Normaal,Droog,"Nacht, openbare verlichting aanwezig en ontstoken",met lichtgewonden,3,Fiets,9,personenauto,Op Kruispunt,Gewestweg,binnen bebouwde kom,Tss. 2 best.: langs opzij (voor-/achterkant-flank),Geen hindernis
29388,143,Eco Display Classic Budastraat,Kortrijk,50.83066,3.26286,0.5578263526778168,50.83565808175187,3.2635428265482282,2022,1,11,34022,Kortrijk,Normaal,Droog,Dag,met zwaargewonden,9,personenauto,3,Fiets,Buiten Kruispunt,Gewestweg,binnen bebouwde kom,Tss. 2 best.: langs opzij (voor-/achterkant-flank),Geen hindernis
29388,17,Kortrijk 2,Kortrijk,50.83339,3.27773,1.027740019722856,50.83565808175187,3.2635428265482282,2022,1,11,34022,Kortrijk,Normaal,Droog,Dag,met zwaargewonden,9,personenauto,3,Fiets,Buiten Kruispunt,Gewestweg,binnen bebouwde kom,Tss. 2 best.: langs opzij (voor-/achterkant-flank),Geen hindernis
29388,16,Kortrijk 1,Kortrijk,50.83332,3.27777,1.0323967269924506,50.83565808175187,3.2635428265482282,2022,1,11,34022,Kortrijk,Normaal,Droog,Dag,met zwaargewonden,9,personenauto,3,Fiets,Buiten Kruispunt,Gewestweg,binnen bebouwde kom,Tss. 2 best.: langs opzij (voor-/achterkant-flank),Geen hindernis
29388,75,Kortrijk teller 2,Kortrijk,50.81925,3.25731,1.876281283495717,50.83565808175187,3.2635428265482282,2022,1,11,34022,Kortrijk,Normaal,Droog,Dag,met zwaargewonden,9,personenauto,3,Fiets,Buiten Kruispunt,Gewestweg,binnen bebouwde kom,Tss. 2 best.: langs opzij (voor-/achterkant-flank),Geen hindernis
29388,74,Kortrijk teller 1,Kortrijk,50.81909,3.25728,1.8940744062633368,50.83565808175187,3.2635428265482282,2022,1,11,34022,Kortrijk,Normaal,Droog,Dag,met zwaargewonden,9,personenauto,3,Fiets,Buiten Kruispunt,Gewestweg,binnen bebouwde kom,Tss. 2 best.: langs opzij (voor-/achterkant-flank),Geen hindernis
29398,63,Nieuwpoort teller 3,Nieuwpoort,51.13529,2.74289,2.2081692896702103,51.154849525796685,2.7483625000352117,2022,1,11,38016,Nieuwpoort,Normaal,Droog,Dag,met lichtgewonden,3,Fiets,3,Fiets,Op Kruispunt,Gemeenteweg,buiten bebouwde kom,Tussen 2 bestuurders: Frontale botsing,Geen hindernis
29398,66,Nieuwpoort totem,Nieuwpoort,51.1347,2.74369,2.2641100080627954,51.154849525796685,2.7483625000352117,2022,1,11,38016,Nieuwpoort,Normaal,Droog,Dag,met lichtgewonden,3,Fiets,3,Fiets,Op Kruispunt,Gemeenteweg,buiten bebouwde kom,Tussen 2 bestuurders: Frontale botsing,Geen hindernis
29398,65,Nieuwpoort teller 2,Nieuwpoort,51.13435,2.75511,2.3275348585807367,51.154849525796685,2.7483625000352117,2022,1,11,38016,Nieuwpoort,Normaal,Droog,Dag,met lichtgewonden,3,Fiets,3,Fiets,Op Kruispunt,Gemeenteweg,buiten bebouwde kom,Tussen 2 bestuurders: Frontale botsing,Geen hindernis
29398,64,Nieuwpoort teller 1,Nieuwpoort,51.13359,2.75737,2.446037791079399,51.154849525796685,2.7483625000352117,2022,1,11,38016,Nieuwpoort,Normaal,Droog,Dag,met lichtgewonden,3,Fiets,3,Fiets,Op Kruispunt,Gemeenteweg,buiten bebouwde kom,Tussen 2 bestuurders: Frontale botsing,Geen hindernis
29399,68,Ieper,Ieper,50.85032,2.85608,0.16667369282568517,50.850736427571,2.853799274722183,2022,1,5,33011,Ieper,Normaal,Droog,"Nacht, openbare verlichting aanwezig en ontstoken",met lichtgewonden,3,Fiets,10,"één bestuurder, geen hindernis",Buiten Kruispunt,Gewestweg,buiten bebouwde kom,"Eén bestuurder, geen hindernis (incl. val)",Geen hindernis
29399,67,Ieper totem,Ieper,50.85018,2.85624,0.18217376697411392,50.850736427571,2.853799274722183,2022,1,5,33011,Ieper,Normaal,Droog,"Nacht, openbare verlichting aanwezig en ontstoken",met lichtgewonden,3,Fiets,10,"één bestuurder, geen hindernis",Buiten Kruispunt,Gewestweg,buiten bebouwde kom,"Eén bestuurder, geen hindernis (incl. val)",Geen hindernis
29401,67,Ieper totem,Ieper,50.85018,2.85624,1.250503247073231,50.8505083204659,2.8740451564305936,2022,1,21,33011,Ieper,Normaal,Droog+Proper,"Nacht, openbare verlichting aanwezig en ontstoken",met lichtgewonden,3,Fiets,11,een weggebruiker tegen een hindernis,Op Kruispunt,Gewestweg,binnen bebouwde kom,Weggebruiker tegen hindernis buiten rijbaan,Buiten de rijbaan: Andere paal
29401,68,Ieper,Ieper,50.85032,2.85608,1.261374596223251,50.8505083204659,2.8740451564305936,2022,1,21,33011,Ieper,Normaal,Droog+Proper,"Nacht, openbare verlichting aanwezig en ontstoken",met lichtgewonden,3,Fiets,11,een weggebruiker tegen een hindernis,Op Kruispunt,Gewestweg,binnen bebouwde kom,Weggebruiker tegen hindernis buiten rijbaan,Buiten de rijbaan: Andere paal
29404,67,Ieper totem,Ieper,50.85018,2.85624,1.4285677382007658,50.85127841082849,2.8765148403735217,2022,1,14,33011,Ieper,Mist (zichtbaarheid minder dan 100m),"Nat, plassen",Dag,met lichtgewonden,3,Fiets,10,"één bestuurder, geen hindernis",Op Kruispunt,Gewestweg,binnen bebouwde kom,"Eén bestuurder, geen hindernis (incl. val)",Geen hindernis
29404,68,Ieper,Ieper,50.85032,2.85608,1.4385201484480874,50.85127841082849,2.8765148403735217,2022,1,14,33011,Ieper,Mist (zichtbaarheid minder dan 100m),"Nat, plassen",Dag,met lichtgewonden,3,Fiets,10,"één bestuurder, geen hindernis",Op Kruispunt,Gewestweg,binnen bebouwde kom,"Eén bestuurder, geen hindernis (incl. val)",Geen hindernis
29407,67,Ieper totem,Ieper,50.85018,2.85624,1.1993961199930123,50.843682210949,2.8698759044637137,2022,1,10,33011,Ieper,Normaal,Droog,Dag,met lichtgewonden,3,Fiets,8,Voetganger,Buiten Kruispunt,Gewestweg,binnen bebouwde kom,Met een voetganger,Geen hindernis
29407,68,Ieper,Ieper,50.85032,2.85608,1.2177521972903285,50.843682210949,2.8698759044637137,2022,1,10,33011,Ieper,Normaal,Droog,Dag,met lichtgewonden,3,Fiets,8,Voetganger,Buiten Kruispunt,Gewestweg,binnen bebouwde kom,Met een voetganger,Geen hindernis
29411,67,Ieper totem,Ieper,50.85018,2.85624,2.418734974999049,50.84605327036029,2.8900662616430726,2022,1,16,33011,Ieper,Normaal,"Nat, plassen",Dag,met lichtgewonden,3,Fiets,10,"één bestuurder, geen hindernis",Buiten Kruispunt,Gewestweg,binnen bebouwde kom,"Eén bestuurder, geen hindernis (incl. val)",Geen hindernis
29411,68,Ieper,Ieper,50.85032,2.85608,2.432749347250997,50.84605327036029,2.8900662616430726,2022,1,16,33011,Ieper,Normaal,"Nat, plassen",Dag,met lichtgewonden,3,Fiets,10,"één bestuurder, geen hindernis",Buiten Kruispunt,Gewestweg,binnen bebouwde kom,"Eén bestuurder, geen hindernis (incl. val)",Geen hindernis
29412,41,Maasmechelen teller 1,Maasmechelen,50.97025,5.69799,2.4037766285337305,50.97616910420079,5.664970967312863,2022,1,19,73107,Maasmechelen,Mist (zichtbaarheid minder dan 100m),"Ijzel, sneeuw","Nacht, openbare verlichting aanwezig en ontstoken",met lichtgewonden,3,Fiets,9,personenauto,Buiten Kruispunt,Gewestweg,buiten bebouwde kom,Tss. 2 best.: langs opzij (voor-/achterkant-flank),Geen hindernis
29412,42,Maasmechelen teller 2,Maasmechelen,50.97043,5.6981,2.405794415051365,50.97616910420079,5.664970967312863,2022,1,19,73107,Maasmechelen,Mist (zichtbaarheid minder dan 100m),"Ijzel, sneeuw","Nacht, openbare verlichting aanwezig en ontstoken",met lichtgewonden,3,Fiets,9,personenauto,Buiten Kruispunt,Gewestweg,buiten bebouwde kom,Tss. 2 best.: langs opzij (voor-/achterkant-flank),Geen hindernis
29421,99,Mechelen teller 1,Mechelen,51.04564,4.46882,0.7228882965784089,51.04210759078512,4.4775005494338265,2022,1,19,12025,Mechelen,Regenval,"Nat, plassen","Nacht, openbare verlichting aanwezig en ontstoken",met lichtgewonden,3,Fiets,6,Bromfiets,Buiten Kruispunt,Gewestweg,binnen bebouwde kom,Tussen 2 bestuurders: Flank tegen flank,Geen hindernis
29421,100,Mechelen teller 2,Mechelen,51.0457,4.46883,0.7259508093859143,51.04210759078512,4.4775005494338265,2022,1,19,12025,Mechelen,Regenval,"Nat, plassen","Nacht, openbare verlichting aanwezig en ontstoken",met lichtgewonden,3,Fiets,6,Bromfiets,Buiten Kruispunt,Gewestweg,binnen bebouwde kom,Tussen 2 bestuurders: Flank tegen flank,Geen hindernis
29424,99,Mechelen teller 1,Mechelen,51.04564,4.46882,1.1634608172463552,51.03615816712705,4.475856506507874,2022,1,8,12025,Mechelen,Onbekend,Onbekend,Dag,met lichtgewonden,9,personenauto,3,Fiets,Op Kruispunt,Gemeenteweg,binnen bebouwde kom,Tussen 2 bestuurders: Frontale botsing,Geen hindernis
29424,100,Mechelen teller 2,Mechelen,51.0457,4.46883,1.1692160651743435,51.03615816712705,4.475856506507874,2022,1,8,12025,Mechelen,Onbekend,Onbekend,Dag,met lichtgewonden,9,personenauto,3,Fiets,Op Kruispunt,Gemeenteweg,binnen bebouwde kom,Tussen 2 bestuurders: Frontale botsing,Geen hindernis
29425,138,Hasselt-Kempische brug,Hasselt,50.9405318,5.3422472,0.6940333070862257,50.94353964549181,5.350926741646892,2022,1,8,71022,Hasselt,Onbekend,Droog,"Nacht, openbare verlichting aanwezig en ontstoken",met lichtgewonden,3,Fiets,9,personenauto,Buiten Kruispunt,Gewestweg,buiten bebouwde kom,Tss. 2 best.: langs opzij (voor-/achterkant-flank),Geen hindernis
29425,137,Hasselt-Kempische brug,Hasselt,50.9411605,5.3417576,0.6947661373511671,50.94353964549181,5.350926741646892,2022,1,8,71022,Hasselt,Onbekend,Droog,"Nacht, openbare verlichting aanwezig en ontstoken",met lichtgewonden,3,Fiets,9,personenauto,Buiten Kruispunt,Gewestweg,buiten bebouwde kom,Tss. 2 best.: langs opzij (voor-/achterkant-flank),Geen hindernis
29425,140,Hasselt ring,Hasselt,50.9300038,5.3438616,1.5844478603013807,50.94353964549181,5.350926741646892,2022,1,8,71022,Hasselt,Onbekend,Droog,"Nacht, openbare verlichting aanwezig en ontstoken",met lichtgewonden,3,Fiets,9,personenauto,Buiten Kruispunt,Gewestweg,buiten bebouwde kom,Tss. 2 best.: langs opzij (voor-/achterkant-flank),Geen hindernis
29427,137,Hasselt-Kempische brug,Hasselt,50.9411605,5.3417576,0.6407948355261553,50.94503941278046,5.348521568241255,2022,1,13,71022,Hasselt,Normaal,"Nat, plassen",Dag,met zwaargewonden,9,personenauto,3,Fiets,Buiten Kruispunt,Gemeenteweg,binnen bebouwde kom,Tss. 2 best.: langs opzij (voor-/achterkant-flank),Geen hindernis
29427,138,Hasselt-Kempische brug,Hasselt,50.9405318,5.3422472,0.6666910646652313,50.94503941278046,5.348521568241255,2022,1,13,71022,Hasselt,Normaal,"Nat, plassen",Dag,met zwaargewonden,9,personenauto,3,Fiets,Buiten Kruispunt,Gemeenteweg,binnen bebouwde kom,Tss. 2 best.: langs opzij (voor-/achterkant-flank),Geen hindernis
29427,140,Hasselt ring,Hasselt,50.9300038,5.3438616,1.7034723006271735,50.94503941278046,5.348521568241255,2022,1,13,71022,Hasselt,Normaal,"Nat, plassen",Dag,met zwaargewonden,9,personenauto,3,Fiets,Buiten Kruispunt,Gemeenteweg,binnen bebouwde kom,Tss. 2 best.: langs opzij (voor-/achterkant-flank),Geen hindernis
29428,137,Hasselt-Kempische brug,Hasselt,50.9411605,5.3417576,1.6245693176210012,50.93518101356852,5.320603485874393,2022,1,17,71022,Hasselt,Normaal,Droog,"Nacht, openbare verlichting aanwezig en ontstoken",met lichtgewonden,3,Fiets,9,personenauto,Buiten Kruispunt,Gewestweg,binnen bebouwde kom,Tussen 2 bestuurders: Flank tegen flank,Geen hindernis
29428,138,Hasselt-Kempische brug,Hasselt,50.9405318,5.3422472,1.6291291538717363,50.93518101356852,5.320603485874393,2022,1,17,71022,Hasselt,Normaal,Droog,"Nacht, openbare verlichting aanwezig en ontstoken",met lichtgewonden,3,Fiets,9,personenauto,Buiten Kruispunt,Gewestweg,binnen bebouwde kom,Tussen 2 bestuurders: Flank tegen flank,Geen hindernis
29428,140,Hasselt ring,Hasselt,50.9300038,5.3438616,1.7285796501553372,50.93518101356852,5.320603485874393,2022,1,17,71022,Hasselt,Normaal,Droog,"Nacht, openbare verlichting aanwezig en ontstoken",met lichtgewonden,3,Fiets,9,personenauto,Buiten Kruispunt,Gewestweg,binnen bebouwde kom,Tussen 2 bestuurders: Flank tegen flank,Geen hindernis
29432,140,Hasselt ring,Hasselt,50.9300038,5.3438616,0.5362058264746626,50.93395148943885,5.3394674396747,2022,1,12,71022,Hasselt,Normaal,"Nat, plassen",Dag,met lichtgewonden,3,Fiets,9,personenauto,Op Kruispunt,Gewestweg,binnen bebouwde kom,Tss. 2 best.: langs opzij (voor-/achterkant-flank),Geen hindernis
29432,138,Hasselt-Kempische brug,Hasselt,50.9405318,5.3422472,0.7571797093193716,50.93395148943885,5.3394674396747,2022,1,12,71022,Hasselt,Normaal,"Nat, plassen",Dag,met lichtgewonden,3,Fiets,9,personenauto,Op Kruispunt,Gewestweg,binnen bebouwde kom,Tss. 2 best.: langs opzij (voor-/achterkant-flank),Geen hindernis
29432,137,Hasselt-Kempische brug,Hasselt,50.9411605,5.3417576,0.8175104525275575,50.93395148943885,5.3394674396747,2022,1,12,71022,Hasselt,Normaal,"Nat, plassen",Dag,met lichtgewonden,3,Fiets,9,personenauto,Op Kruispunt,Gewestweg,binnen bebouwde kom,Tss. 2 best.: langs opzij (voor-/achterkant-flank),Geen hindernis
29433,140,Hasselt ring,Hasselt,50.9300038,5.3438616,0.566598769962132,50.93361341585968,5.338154990516979,2022,1,13,71022,Hasselt,Regenval,"Nat, plassen",Dag,met lichtgewonden,3,Fiets,9,personenauto,Buiten Kruispunt,Gemeenteweg,binnen bebouwde kom,Tussen 2 bestuurders: Flank tegen flank,Geen hindernis
29433,138,Hasselt-Kempische brug,Hasselt,50.9405318,5.3422472,0.8209940915100581,50.93361341585968,5.338154990516979,2022,1,13,71022,Hasselt,Regenval,"Nat, plassen",Dag,met lichtgewonden,3,Fiets,9,personenauto,Buiten Kruispunt,Gemeenteweg,binnen bebouwde kom,Tussen 2 bestuurders: Flank tegen flank,Geen hindernis
29433,137,Hasselt-Kempische brug,Hasselt,50.9411605,5.3417576,0.8763439393875861,50.93361341585968,5.338154990516979,2022,1,13,71022,Hasselt,Regenval,"Nat, plassen",Dag,met lichtgewonden,3,Fiets,9,personenauto,Buiten Kruispunt,Gemeenteweg,binnen bebouwde kom,Tussen 2 bestuurders: Flank tegen flank,Geen hindernis
29435,12,Tervuren,Kraainem,50.81896,4.47803,2.3304861446674803,50.83024432701741,4.505988697252255,2022,1,17,24104,Tervuren,Normaal,Droog,Dag,met lichtgewonden,9,personenauto,3,Fiets,Op Kruispunt,Gemeenteweg,binnen bebouwde kom,Tussen 2 bestuurders: Flank tegen flank,Geen hindernis
29437,14,Genk,Genk,50.97172,5.48927,2.2121939769073884,50.987131595389585,5.469287339894393,2022,1,7,71016,Genk,Normaal,Droog,"Nacht, openbare verlichting aanwezig en ontstoken",met lichtgewonden,9,personenauto,3,Fiets,Op Kruispunt,Gemeenteweg,buiten bebouwde kom,Tss. 2 best.: langs opzij (voor-/achterkant-flank),Geen hindernis
29441,14,Genk,Genk,50.97172,5.48927,2.184673492666822,50.952934035946896,5.498404829738858,2022,1,6,71016,Genk,Normaal,Droog,"Nacht, geen openbare verlichting aanwezig",met lichtgewonden,3,Fiets,9,personenauto,Op Kruispunt,Gemeenteweg,buiten bebouwde kom,Tussen 2 bestuurders: Flank tegen flank,Geen hindernis
29444,14,Genk,Genk,50.97172,5.48927,2.2442884638371168,50.96176221068552,5.461393318866443,2022,1,7,71016,Genk,Normaal,"Nat, plassen",Dageraad - schemering,met zwaargewonden,5,Lichte vrachtauto,3,Fiets,Op Kruispunt,Gewestweg,buiten bebouwde kom,Tussen 2 bestuurders: Flank tegen flank,Geen hindernis
29447,113,Deinze teller 2,Deinze,50.96018,3.55578,2.486973518780739,50.977476264615134,3.5332628881852637,2022,1,10,44083,Deinze,Regenval,"Nat, plassen",Dag,met lichtgewonden,3,Fiets,9,personenauto,Buiten Kruispunt,Gewestweg,binnen bebouwde kom,Tss. 2 best.: langs opzij (voor-/achterkant-flank),Geen hindernis
29452,2,Brasschaat 2,Brasschaat,51.27512,4.47169,1.067686258758708,51.26783876514664,4.4616849786627,2022,2,16,11040,Schoten,Normaal,Droog,Dag,met lichtgewonden,6,Bromfiets,3,Fiets,Buiten Kruispunt,Gemeenteweg,buiten bebouwde kom,Tss. 2 best.: langs opzij (voor-/achterkant-flank),Geen hindernis
29452,3,Brasschaat 1,Brasschaat,51.27503,4.47222,1.0846818963161498,51.26783876514664,4.4616849786627,2022,2,16,11040,Schoten,Normaal,Droog,Dag,met lichtgewonden,6,Bromfiets,3,Fiets,Buiten Kruispunt,Gemeenteweg,buiten bebouwde kom,Tss. 2 best.: langs opzij (voor-/achterkant-flank),Geen hindernis
29463,2,Brasschaat 2,Brasschaat,51.27512,4.47169,1.299537114434923,51.26502407117418,4.462280338874247,2022,2,17,11002,Antwerpen,Normaal,Droog,Dag,met lichtgewonden,9,personenauto,3,Fiets,Buiten Kruispunt,Gewestweg,buiten bebouwde kom,Tussen 2 bestuurders: Flank tegen flank,Geen hindernis
29463,3,Brasschaat 1,Brasschaat,51.27503,4.47222,1.3099855062200998,51.26502407117418,4.462280338874247,2022,2,17,11002,Antwerpen,Normaal,Droog,Dag,met lichtgewonden,9,personenauto,3,Fiets,Buiten Kruispunt,Gewestweg,buiten bebouwde kom,Tussen 2 bestuurders: Flank tegen flank,Geen hindernis
29475,3,Brasschaat 1,Brasschaat,51.27503,4.47222,1.96984906894316,51.257849442235134,4.465316261915629,2022,2,14,11040,Schoten,Normaal,Droog,Dag,met lichtgewonden,3,Fiets,9,personenauto,Buiten Kruispunt,Gewestweg,binnen bebouwde kom,Tussen 2 bestuurders: Flank tegen flank,Geen hindernis
29475,2,Brasschaat 2,Brasschaat,51.27512,4.47169,1.9709332692280739,51.257849442235134,4.465316261915629,2022,2,14,11040,Schoten,Normaal,Droog,Dag,met lichtgewonden,3,Fiets,9,personenauto,Buiten Kruispunt,Gewestweg,binnen bebouwde kom,Tussen 2 bestuurders: Flank tegen flank,Geen hindernis