crash_row_id,site_id,site_name,site_gemeente,site_lat,site_long,distance_km,crash_lat,crash_long,DT_YEAR_COLLISION,DT_MONTH_COLLISION,DT_TIME,CD_NIS,TX_MUNTY_COLLISION_NL,TX_WEATHER_NL,TX_ROAD_CONDITION_NL,TX_LIGHT_CONDITION_NL,TX_CLASS_ACCIDENTS_NL,CD_ROAD_USR_TYPE1,TX_ROAD_USR_TYPE1_NL,CD_ROAD_USR_TYPE2,TX_ROAD_USR_TYPE2_NL,TX_CROSSWAY_NL,CD_ROAD_TYPE_NL,TX_BUILD_UP_AREA_NL,TX_COLLISION_TYPE_NL,TX_OBSTACLES_NL
29481,2,Brasschaat 2,Brasschaat,51.27512,4.47169,2.267787627120128,51.28130566108748,4.44062236184451,2022,2,17,11002,Antwerpen,Regenval,"Nat, plassen",Dageraad - schemering,met lichtgewonden,3,Fiets,8,Voetganger,Buiten Kruispunt,Gemeenteweg,binnen bebouwde kom,Met een voetganger,Geen hindernis
29481,3,Brasschaat 1,Brasschaat,51.27503,4.47222,2.3059541373625123,51.28130566108748,4.44062236184451,2022,2,17,11002,Antwerpen,Regenval,"Nat, plassen",Dageraad - schemering,met lichtgewonden,3,Fiets,8,Voetganger,Buiten Kruispunt,Gemeenteweg,binnen bebouwde kom,Met een voetganger,Geen hindernis
29539,92,Nijlen teller 1,Nijlen,51.14989,4.64479,1.5455690701810827,51.13909193286421,4.630839067901375,2022,2,21,12026,Nijlen,Normaal,"Nat, plassen","Nacht, openbare verlichting aanwezig en ontstoken",met lichtgewonden,9,personenauto,3,Fiets,Buiten Kruispunt,Gemeenteweg,binnen bebouwde kom,Tss. 2 best.: langs opzij (voor-/achterkant-flank),Geen hindernis
29539,93,Nijlen teller 2,Nijlen,51.14998,4.64469,1.5489947372198025,51.13909193286421,4.630839067901375,2022,2,21,12026,Nijlen,Normaal,"Nat, plassen","Nacht, openbare verlichting aanwezig en ontstoken",met lichtgewonden,9,personenauto,3,Fiets,Buiten Kruispunt,Gemeenteweg,binnen bebouwde kom,Tss. 2 best.: langs opzij (voor-/achterkant-flank),Geen hindernis
29540,9,Heist op den Berg 2,Heist-op-den-Berg,51.06904,4.69524,1.0125932400203874,51.074016329080976,4.7073773952318785,2022,2,6,12014,Heist-op-den-Berg,Normaal,Droog,Dageraad - schemering,met zwaargewonden,3,Fiets,3,Fiets,Op Kruispunt,Gewestweg,binnen bebouwde kom,Tussen 2 bestuurders: Frontale botsing,Geen hindernis
29540,8,Heist op den Berg 1,Heist-op-den-Berg,51.06759,4.68823,1.516714542188657,51.074016329080976,4.7073773952318785,2022,2,6,12014,Heist-op-den-Berg,Normaal,Droog,Dageraad - schemering,met zwaargewonden,3,Fiets,3,Fiets,Op Kruispunt,Gewestweg,binnen bebouwde kom,Tussen 2 bestuurders: Frontale botsing,Geen hindernis
29543,103,Malle teller 1,Malle,51.31681,4.73872,2.027242589920228,51.33384051701786,4.749133582346585,2022,2,10,13037,Rijkevorsel,Onbekend,Onbekend,Dag,met lichtgewonden,3,Fiets,3,Fiets,Buiten Kruispunt,Gewestweg,onbekend,Tss. 2 best.: langs opzij (voor-/achterkant-flank),Geen hindernis
29543,104,Malle teller 2,Malle,51.31682,4.73852,2.0312082633793827,51.33384051701786,4.749133582346585,2022,2,10,13037,Rijkevorsel,Onbekend,Onbekend,Dag,met lichtgewonden,3,Fiets,3,Fiets,Buiten Kruispunt,Gewestweg,onbekend,Tss. 2 best.: langs opzij (voor-/achterkant-flank),Geen hindernis
29555,88,Westerlo teller 1,Westerlo,51.082,4.91325,0.8836417577027954,51.08991537777578,4.914373579996918,2022,2,19,13049,Westerlo,Regenval,"Nat, plassen","Nacht, openbare verlichting aanwezig en ontstoken",met zwaargewonden,3,Fiets,9,personenauto,Op Kruispunt,Gewestweg,binnen bebouwde kom,Tss. 2 best.: langs opzij (voor-/achterkant-flank),Geen hindernis
29555,89,Westerlo teller 2,Westerlo,51.08191,4.91334,0.8930800777404031,51.08991537777578,4.914373579996918,2022,2,19,13049,Westerlo,Regenval,"Nat, plassen","Nacht, openbare verlichting aanwezig en ontstoken",met zwaargewonden,3,Fiets,9,personenauto,Op Kruispunt,Gewestweg,binnen bebouwde kom,Tss. 2 best.: langs opzij (voor-/achterkant-flank),Geen hindernis
29559,98,Geel teller 2,Geel,51.1481,4.99643,1.6544568776131883,51.162564936493865,4.990873268828842,2022,2,16,13008,Geel,Normaal,Droog,Dag,met lichtgewonden,6,Bromfiets,3,Fiets,Op Kruispunt,Gewestweg,binnen bebouwde kom,Tss. 2 best.: langs opzij (voor-/achterkant-flank),Geen hindernis
29559,97,Geel teller 1,Geel,51.14813,4.99698,1.6606354235132277,51.162564936493865,4.990873268828842,2022,2,16,13008,Geel,Normaal,Droog,Dag,met lichtgewonden,6,Bromfiets,3,Fiets,Op Kruispunt,Gewestweg,binnen bebouwde kom,Tss. 2 best.: langs opzij (voor-/achterkant-flank),Geen hindernis
29560,112,Geel teller 2,Westerlo,51.1354992,4.9394789,0.5303200074610022,51.14005419884654,4.9417317025174805,2022,2,7,13008,Geel,Onbekend,Onbekend,Onbekend,met lichtgewonden,3,Fiets,3,Fiets,Op Kruispunt,Gewestweg,buiten bebouwde kom,Tussen 2 bestuurders: Frontale botsing,Geen hindernis
29560,127,Geel totem,Westerlo,51.1342966,4.9400421,0.6509783709044377,51.14005419884654,4.9417317025174805,2022,2,7,13008,Geel,Onbekend,Onbekend,Onbekend,met lichtgewonden,3,Fiets,3,Fiets,Op Kruispunt,Gewestweg,buiten bebouwde kom,Tussen 2 bestuurders: Frontale botsing,Geen hindernis
29562,112,Geel teller 2,Westerlo,51.1354992,4.9394789,1.264289720385225,51.14389105225698,4.951706143847831,2022,2,15,13008,Geel,Normaal,Droog,Dag,met lichtgewonden,5,Lichte vrachtauto,3,Fiets,Buiten Kruispunt,Gewestweg,buiten bebouwde kom,Tss. 2 best.: langs opzij (voor-/achterkant-flank),Geen hindernis
29562,127,Geel totem,Westerlo,51.1342966,4.9400421,1.3417887369093189,51.14389105225698,4.951706143847831,2022,2,15,13008,Geel,Normaal,Droog,Dag,met lichtgewonden,5,Lichte vrachtauto,3,Fiets,Buiten Kruispunt,Gewestweg,buiten bebouwde kom,Tss. 2 best.: langs opzij (voor-/achterkant-flank),Geen hindernis
29563,98,Geel teller 2,Geel,51.1481,4.99643,1.7265649612860605,51.16128816983965,4.983363100243222,2022,2,16,13008,Geel,Normaal,Droog,Dag,met lichtgewonden,3,Fiets,3,Fiets,Buiten Kruispunt,Gemeenteweg,binnen bebouwde kom,Tussen 2 bestuurders: Flank tegen flank,Geen hindernis
29563,97,Geel teller 1,Geel,51.14813,4.99698,1.7443166213051142,51.16128816983965,4.983363100243222,2022,2,16,13008,Geel,Normaal,Droog,Dag,met lichtgewonden,3,Fiets,3,Fiets,Buiten Kruispunt,Gemeenteweg,binnen bebouwde kom,Tussen 2 bestuurders: Flank tegen flank,Geen hindernis
29564,98,Geel teller 2,Geel,51.1481,4.99643,1.0439973068680062,51.14501761149234,4.982293120735102,2022,2,17,13008,Geel,Normaal,Droog,Dag,met lichtgewonden,3,Fiets,9,personenauto,Op Kruispunt,Gemeenteweg,buiten bebouwde kom,Tss. 2 best.: langs opzij (voor-/achterkant-flank),Geen hindernis
29564,97,Geel teller 1,Geel,51.14813,4.99698,1.0813726781028945,51.14501761149234,4.982293120735102,2022,2,17,13008,Geel,Normaal,Droog,Dag,met lichtgewonden,3,Fiets,9,personenauto,Op Kruispunt,Gemeenteweg,buiten bebouwde kom,Tss. 2 best.: langs opzij (voor-/achterkant-flank),Geen hindernis
29565,134,Retie,Dessel,51.2548405,5.1037658,2.0856513414835858,51.2648286047611,5.078396015264372,2022,2,17,13036,Retie,Normaal,Droog,Dag,met lichtgewonden,3,Fiets,10,"één bestuurder, geen hindernis",Buiten Kruispunt,Gemeenteweg,binnen bebouwde kom,"Eén bestuurder, geen hindernis (incl. val)",Geen hindernis
29565,135,Retie 2,Dessel,51.2544998,5.1040064,2.120127791888974,51.2648286047611,5.078396015264372,2022,2,17,13036,Retie,Normaal,Droog,Dag,met lichtgewonden,3,Fiets,10,"één bestuurder, geen hindernis",Buiten Kruispunt,Gemeenteweg,binnen bebouwde kom,"Eén bestuurder, geen hindernis (incl. val)",Geen hindernis
29576,94,Herentals teller 2,Herentals,51.17345,4.81283,2.2340644638927394,51.18836561155968,4.834303063069838,2022,2,18,13011,Herentals,Regenval,Onbekend,"Nacht, openbare verlichting aanwezig en ontstoken",met lichtgewonden,9,personenauto,3,Fiets,Op Kruispunt,Gewestweg,binnen bebouwde kom,Tss. 2 best.: langs opzij (voor-/achterkant-flank),Geen hindernis
29576,110,Herentals totem,Herentals,51.1739426,4.811783,2.2441300246058464,51.18836561155968,4.834303063069838,2022,2,18,13011,Herentals,Regenval,Onbekend,"Nacht, openbare verlichting aanwezig en ontstoken",met lichtgewonden,9,personenauto,3,Fiets,Op Kruispunt,Gewestweg,binnen bebouwde kom,Tss. 2 best.: langs opzij (voor-/achterkant-flank),Geen hindernis
29577,94,Herentals teller 2,Herentals,51.17345,4.81283,1.5009470245348857,51.180862705930366,4.830824199745098,2022,2,8,13011,Herentals,Onbekend,Onbekend,Onbekend,met lichtgewonden,3,Fiets,9,personenauto,Op Kruispunt,Gemeenteweg,onbekend,Tussen 2 bestuurders: Flank tegen flank,Geen hindernis
29577,110,Herentals totem,Herentals,51.1739426,4.811783,1.5342610451890948,51.180862705930366,4.830824199745098,2022,2,8,13011,Herentals,Onbekend,Onbekend,Onbekend,met lichtgewonden,3,Fiets,9,personenauto,Op Kruispunt,Gemeenteweg,onbekend,Tussen 2 bestuurders: Flank tegen flank,Geen hindernis
29578,94,Herentals teller 2,Herentals,51.17345,4.81283,0.5534146959468862,51.175844405122206,4.819789352602936,2022,2,4,13011,Herentals,Onbekend,Onbekend,Onbekend,met lichtgewonden,3,Fiets,5,Lichte vrachtauto,Buiten Kruispunt,Gemeenteweg,onbekend,Tussen 2 bestuurders: Langs achteren,Geen hindernis
29578,110,Herentals totem,Herentals,51.1739426,4.811783,0.5968660700214328,51.175844405122206,4.819789352602936,2022,2,4,13011,Herentals,Onbekend,Onbekend,Onbekend,met lichtgewonden,3,Fiets,5,Lichte vrachtauto,Buiten Kruispunt,Gemeenteweg,onbekend,Tussen 2 bestuurders: Langs achteren,Geen hindernis
29579,94,Herentals teller 2,Herentals,51.17345,4.81283,2.4320029814656077,51.15258304736229,4.802381368516147,2022,2,6,13012,Herenthout,Regenval,"Nat, plassen","Nacht, openbare verlichting aanwezig en ontstoken",met lichtgewonden,9,personenauto,3,Fiets,Buiten Kruispunt,Gemeenteweg,buiten bebouwde kom,Tussen 2 bestuurders: Flank tegen flank,Geen hindernis
29579,110,Herentals totem,Herentals,51.1739426,4.811783,2.4638921117368753,51.15258304736229,4.802381368516147,2022,2,6,13012,Herenthout,Regenval,"Nat, plassen","Nacht, openbare verlichting aanwezig en ontstoken",met lichtgewonden,9,personenauto,3,Fiets,Buiten Kruispunt,Gemeenteweg,buiten bebouwde kom,Tussen 2 bestuurders: Flank tegen flank,Geen hindernis
29580,38,Lommel teller 2,Lommel,51.23277,5.29189,1.2842925059274732,51.2231851504084,5.302181026004463,2022,2,20,72020,Lommel,Normaal,Droog,"Nacht, openbare verlichting aanwezig en ontstoken",met lichtgewonden,3,Fiets,9,personenauto,Op Kruispunt,Gewestweg,buiten bebouwde kom,Tss. 2 best.: langs opzij (voor-/achterkant-flank),Geen hindernis
29580,37,Lommel teller 1,Lommel,51.23299,5.29211,1.296312894592044,51.2231851504084,5.302181026004463,2022,2,20,72020,Lommel,Normaal,Droog,"Nacht, openbare verlichting aanwezig en ontstoken",met lichtgewonden,3,Fiets,9,personenauto,Op Kruispunt,Gewestweg,buiten bebouwde kom,Tss. 2 best.: langs opzij (voor-/achterkant-flank),Geen hindernis
29581,37,Lommel teller 1,Lommel,51.23299,5.29211,2.061478103598912,51.24760834142443,5.3103227792733865,2022,2,12,72020,Lommel,Normaal,Droog,Dag,met lichtgewonden,3,Fiets,9,personenauto,Op Kruispunt,Gewestweg,buiten bebouwde kom,Tss. 2 best.: langs opzij (voor-/achterkant-flank),Geen hindernis
29581,38,Lommel teller 2,Lommel,51.23277,5.29189,2.0901904360340495,51.24760834142443,5.3103227792733865,2022,2,12,72020,Lommel,Normaal,Droog,Dag,met lichtgewonden,3,Fiets,9,personenauto,Op Kruispunt,Gewestweg,buiten bebouwde kom,Tss. 2 best.: langs opzij (voor-/achterkant-flank),Geen hindernis
29582,38,Lommel teller 2,Lommel,51.23277,5.29189,0.3863536339047742,51.229666290728616,5.29438435283695,2022,2,8,72020,Lommel,Normaal,Droog,Dag,met lichtgewonden,9,personenauto,3,Fiets,Op Kruispunt,Gemeenteweg,binnen bebouwde kom,Tussen 2 bestuurders: Flank tegen flank,Geen hindernis
29582,37,Lommel teller 1,Lommel,51.23299,5.29211,0.40207758087918893,51.229666290728616,5.29438435283695,2022,2,8,72020,Lommel,Normaal,Droog,Dag,met lichtgewonden,9,personenauto,3,Fiets,Op Kruispunt,Gemeenteweg,binnen bebouwde kom,Tussen 2 bestuurders: Flank tegen flank,Geen hindernis
29583,46,Pelt teller 2,Pelt,51.231,5.44375,0.11132115817781028,51.230344334558595,5.442541806616629,2022,2,8,72043,Pelt,Normaal,Droog,Dag,met lichtgewonden,9,personenauto,3,Fiets,Op Kruispunt,Gewestweg,buiten bebouwde kom,Tss. 2 best.: langs opzij (voor-/achterkant-flank),Geen hindernis
29583,45,Pelt teller 1,Pelt,51.23127,5.44377,0.13381948955534398,51.230344334558595,5.442541806616629,2022,2,8,72043,Pelt,Normaal,Droog,Dag,met lichtgewonden,9,personenauto,3,Fiets,Op Kruispunt,Gewestweg,buiten bebouwde kom,Tss. 2 best.: langs opzij (voor-/achterkant-flank),Geen hindernis
29593,43,Maaseik teller 1,Maaseik,51.09344,5.79715,2.060523336570371,51.089774799545545,5.768228954490453,2022,2,11,72021,Maaseik,Normaal,"Nat, plassen",Dag,met lichtgewonden,9,personenauto,3,Fiets,Op Kruispunt,Gewestweg,buiten bebouwde kom,Tss. 2 best.: langs opzij (voor-/achterkant-flank),Geen hindernis
29593,44,Maaseik teller 2,Maaseik,51.09359,5.79726,2.071402719420078,51.089774799545545,5.768228954490453,2022,2,11,72021,Maaseik,Normaal,"Nat, plassen",Dag,met lichtgewonden,9,personenauto,3,Fiets,Op Kruispunt,Gewestweg,buiten bebouwde kom,Tss. 2 best.: langs opzij (voor-/achterkant-flank),Geen hindernis
29594,107,leuven totem,Leuven,50.8870744,4.7087919,1.4796645566545596,50.90028882100819,4.7063084498412096,2022,2,12,24062,Leuven,Normaal,Droog,Dag,met lichtgewonden,3,Fiets,3,Fiets,Op Kruispunt,Gemeenteweg,buiten bebouwde kom,Tss. 2 best.: langs opzij (voor-/achterkant-flank),Geen hindernis
29594,77,Leuven teller 2,Leuven,50.88672,4.70796,1.5132241421350023,50.90028882100819,4.7063084498412096,2022,2,12,24062,Leuven,Normaal,Droog,Dag,met lichtgewonden,3,Fiets,3,Fiets,Op Kruispunt,Gemeenteweg,buiten bebouwde kom,Tss. 2 best.: langs opzij (voor-/achterkant-flank),Geen hindernis
29595,76,Heverlee teller 2,Leuven,50.84606,4.69597,1.8598973796323792,50.85095798562488,4.72130091296064,2022,2,8,24062,Leuven,Normaal,Droog,Dag,met lichtgewonden,3,Fiets,9,personenauto,Op Kruispunt,Gemeenteweg,buiten bebouwde kom,Tss. 2 best.: langs opzij (voor-/achterkant-flank),Geen hindernis
29595,108,Heverlee teller 1,Leuven,50.8471728,4.6954674,1.861830680023847,50.85095798562488,4.72130091296064,2022,2,8,24062,Leuven,Normaal,Droog,Dag,met lichtgewonden,3,Fiets,9,personenauto,Op Kruispunt,Gemeenteweg,buiten bebouwde kom,Tss. 2 best.: langs opzij (voor-/achterkant-flank),Geen hindernis
29596,69,Leuven teller 1,Leuven,50.87549,4.71526,0.3362288346294117,50.87291123896333,4.71776227091801,2022,2,19,24062,Leuven,Onbekend,Onbekend,Onbekend,met lichtgewonden,3,Fiets,11,een weggebruiker tegen een hindernis,Buiten Kruispunt,Gewestweg,binnen bebouwde kom,Weggebruiker tegen hindernis buiten rijbaan,Andere hindernis
29596,77,Leuven teller 2,Leuven,50.88672,4.70796,1.6824377469409986,50.87291123896333,4.71776227091801,2022,2,19,24062,Leuven,Onbekend,Onbekend,Onbekend,met lichtgewonden,3,Fiets,11,een weggebruiker tegen een hindernis,Buiten Kruispunt,Gewestweg,binnen bebouwde kom,Weggebruiker tegen hindernis buiten rijbaan,Andere hindernis
29596,107,leuven totem,Leuven,50.8870744,4.7087919,1.6959641987391312,50.87291123896333,4.71776227091801,2022,2,19,24062,Leuven,Onbekend,Onbekend,Onbekend,met lichtgewonden,3,Fiets,11,een weggebruiker tegen een hindernis,Buiten Kruispunt,Gewestweg,binnen bebouwde kom,Weggebruiker tegen hindernis buiten rijbaan,Andere hindernis
29596,151,Leuven,District Leuven,50.8690262,4.6854839,2.3058552439776263,50.87291123896333,4.71776227091801,2022,2,19,24062,Leuven,Onbekend,Onbekend,Onbekend,met lichtgewonden,3,Fiets,11,een weggebruiker tegen een hindernis,Buiten Kruispunt,Gewestweg,binnen bebouwde kom,Weggebruiker tegen hindernis buiten rijbaan,Andere hindernis
29597,69,Leuven teller 1,Leuven,50.87549,4.71526,1.7336434404104193,50.86558961089995,4.734345203672768,2022,2,19,24062,Leuven,Normaal,Droog,"Nacht, geen openbare verlichting aanwezig",met lichtgewonden,3,Fiets,11,een weggebruiker tegen een hindernis,Buiten Kruispunt,Gemeenteweg,binnen bebouwde kom,Weggebruiker tegen hindernis op de rijbaan,"Op de rijbaan: Verkeersdrempel, ezelsrug"
29598,69,Leuven teller 1,Leuven,50.87549,4.71526,2.3739274815840377,50.885618511655,4.745046877182019,2022,2,10,24062,Leuven,Normaal,Droog,Dag,met lichtgewonden,3,Fiets,9,personenauto,Buiten Kruispunt,Gewestweg,binnen bebouwde kom,Tss. 2 best.: langs opzij (voor-/achterkant-flank),Geen hindernis
29599,69,Leuven teller 1,Leuven,50.87549,4.71526,2.4486207917428153,50.85711372597625,4.734485897650675,2022,2,17,24062,Leuven,Normaal,Droog,Dag,met lichtgewonden,3,Fiets,9,personenauto,Op Kruispunt,Gemeenteweg,binnen bebouwde kom,Tussen 2 bestuurders: Frontale botsing,Geen hindernis
29600,69,Leuven teller 1,Leuven,50.87549,4.71526,1.02385136780213,50.869007118536935,4.725621556037833,2022,2,9,24062,Leuven,Normaal,Droog,Dag,met lichtgewonden,5,Lichte vrachtauto,3,Fiets,Buiten Kruispunt,Gemeenteweg,binnen bebouwde kom,Tussen 2 bestuurders: Langs achteren,Geen hindernis
29600,77,Leuven teller 2,Leuven,50.88672,4.70796,2.3269650970678146,50.869007118536935,4.725621556037833,2022,2,9,24062,Leuven,Normaal,Droog,Dag,met lichtgewonden,5,Lichte vrachtauto,3,Fiets,Buiten Kruispunt,Gemeenteweg,binnen bebouwde kom,Tussen 2 bestuurders: Langs achteren,Geen hindernis
29600,107,leuven totem,Leuven,50.8870744,4.7087919,2.330299548421814,50.869007118536935,4.725621556037833,2022,2,9,24062,Leuven,Normaal,Droog,Dag,met lichtgewonden,5,Lichte vrachtauto,3,Fiets,Buiten Kruispunt,Gemeenteweg,binnen bebouwde kom,Tussen 2 bestuurders: Langs achteren,Geen hindernis
29601,151,Leuven,District Leuven,50.8690262,4.6854839,1.2016124780725916,50.87953651424905,4.689464913730336,2022,2,15,24062,Leuven,Normaal,Droog,Dag,met lichtgewonden,1,Autobus,3,Fiets,Buiten Kruispunt,Gemeenteweg,binnen bebouwde kom,Tussen 2 bestuurders: Langs achteren,Geen hindernis
29601,77,Leuven teller 2,Leuven,50.88672,4.70796,1.5236520252934531,50.87953651424905,4.689464913730336,2022,2,15,24062,Leuven,Normaal,Droog,Dag,met lichtgewonden,1,Autobus,3,Fiets,Buiten Kruispunt,Gemeenteweg,binnen bebouwde kom,Tussen 2 bestuurders: Langs achteren,Geen hindernis
29601,107,leuven totem,Leuven,50.8870744,4.7087919,1.5940075381481658,50.87953651424905,4.689464913730336,2022,2,15,24062,Leuven,Normaal,Droog,Dag,met lichtgewonden,1,Autobus,3,Fiets,Buiten Kruispunt,Gemeenteweg,binnen bebouwde kom,Tussen 2 bestuurders: Langs achteren,Geen hindernis
29601,69,Leuven teller 1,Leuven,50.87549,4.71526,1.864923915572094,50.87953651424905,4.689464913730336,2022,2,15,24062,Leuven,Normaal,Droog,Dag,met lichtgewonden,1,Autobus,3,Fiets,Buiten Kruispunt,Gemeenteweg,binnen bebouwde kom,Tussen 2 bestuurders: Langs achteren,Geen hindernis
29602,77,Leuven teller 2,Leuven,50.88672,4.70796,1.1828444437068935,50.88130288167513,4.693448909950699,2022,2,8,24062,Leuven,Normaal,Droog,Dag,met lichtgewonden,3,Fiets,10,"één bestuurder, geen hindernis",Buiten Kruispunt,Gemeenteweg,binnen bebouwde kom,"Eén bestuurder, geen hindernis (incl. val)",Geen hindernis
29602,107,leuven totem,Leuven,50.8870744,4.7087919,1.2531414294814003,50.88130288167513,4.693448909950699,2022,2,8,24062,Leuven,Normaal,Droog,Dag,met lichtgewonden,3,Fiets,10,"één bestuurder, geen hindernis",Buiten Kruispunt,Gemeenteweg,binnen bebouwde kom,"Eén bestuurder, geen hindernis (incl. val)",Geen hindernis
29602,151,Leuven,District Leuven,50.8690262,4.6854839,1.4750742302641662,50.88130288167513,4.693448909950699,2022,2,8,24062,Leuven,Normaal,Droog,Dag,met lichtgewonden,3,Fiets,10,"één bestuurder, geen hindernis",Buiten Kruispunt,Gemeenteweg,binnen bebouwde kom,"Eén bestuurder, geen hindernis (incl. val)",Geen hindernis
29602,69,Leuven teller 1,Leuven,50.87549,4.71526,1.6611837589356448,50.88130288167513,4.693448909950699,2022,2,8,24062,Leuven,Normaal,Droog,Dag,met lichtgewonden,3,Fiets,10,"één bestuurder, geen hindernis",Buiten Kruispunt,Gemeenteweg,binnen bebouwde kom,"Eén bestuurder, geen hindernis (incl. val)",Geen hindernis
29603,107,leuven totem,Leuven,50.8870744,4.7087919,0.6862776744464713,50.88339355139172,4.716644618068392,2022,2,7,24062,Leuven,Onbekend,Onbekend,Dageraad - schemering,met lichtgewonden,3,Fiets,3,Fiets,Op Kruispunt,Gewestweg,binnen bebouwde kom,Tussen 2 bestuurders: Flank tegen flank,Geen hindernis
29603,77,Leuven teller 2,Leuven,50.88672,4.70796,0.7127239253434906,50.88339355139172,4.716644618068392,2022,2,7,24062,Leuven,Onbekend,Onbekend,Dageraad - schemering,met lichtgewonden,3,Fiets,3,Fiets,Op Kruispunt,Gewestweg,binnen bebouwde kom,Tussen 2 bestuurders: Flank tegen flank,Geen hindernis
29603,69,Leuven teller 1,Leuven,50.87549,4.71526,0.8841874546971654,50.88339355139172,4.716644618068392,2022,2,7,24062,Leuven,Onbekend,Onbekend,Dageraad - schemering,met lichtgewonden,3,Fiets,3,Fiets,Op Kruispunt,Gewestweg,binnen bebouwde kom,Tussen 2 bestuurders: Flank tegen flank,Geen hindernis
29604,151,Leuven,District Leuven,50.8690262,4.6854839,0.5551886064987733,50.864940357803114,4.680936903993892,2022,2,7,24062,Leuven,Normaal,Droog,"Nacht, openbare verlichting aanwezig en ontstoken",met zwaargewonden,9,personenauto,3,Fiets,Op Kruispunt,Gemeenteweg,buiten bebouwde kom,Tss. 2 best.: langs opzij (voor-/achterkant-flank),Geen hindernis
29604,108,Heverlee teller 1,Leuven,50.8471728,4.6954674,2.2234095811349635,50.864940357803114,4.680936903993892,2022,2,7,24062,Leuven,Normaal,Droog,"Nacht, openbare verlichting aanwezig en ontstoken",met zwaargewonden,9,personenauto,3,Fiets,Op Kruispunt,Gemeenteweg,buiten bebouwde kom,Tss. 2 best.: langs opzij (voor-/achterkant-flank),Geen hindernis
29604,76,Heverlee teller 2,Leuven,50.84606,4.69597,2.3496866629150754,50.864940357803114,4.680936903993892,2022,2,7,24062,Leuven,Normaal,Droog,"Nacht, openbare verlichting aanwezig en ontstoken",met zwaargewonden,9,personenauto,3,Fiets,Op Kruispunt,Gemeenteweg,buiten bebouwde kom,Tss. 2 best.: langs opzij (voor-/achterkant-flank),Geen hindernis
29605,151,Leuven,District Leuven,50.8690262,4.6854839,1.682523518750589,50.88412676756019,4.683956372691131,2022,2,15,24062,Leuven,Normaal,Droog,Dag,met lichtgewonden,9,personenauto,3,Fiets,Op Kruispunt,Gewestweg,buiten bebouwde kom,Tss. 2 best.: langs opzij (voor-/achterkant-flank),Geen hindernis
29605,77,Leuven teller 2,Leuven,50.88672,4.70796,1.708363555287835,50.88412676756019,4.683956372691131,2022,2,15,24062,Leuven,Normaal,Droog,Dag,met lichtgewonden,9,personenauto,3,Fiets,Op Kruispunt,Gewestweg,buiten bebouwde kom,Tss. 2 best.: langs opzij (voor-/achterkant-flank),Geen hindernis
29605,107,leuven totem,Leuven,50.8870744,4.7087919,1.7727660948930553,50.88412676756019,4.683956372691131,2022,2,15,24062,Leuven,Normaal,Droog,Dag,met lichtgewonden,9,personenauto,3,Fiets,Op Kruispunt,Gewestweg,buiten bebouwde kom,Tss. 2 best.: langs opzij (voor-/achterkant-flank),Geen hindernis
29605,69,Leuven teller 1,Leuven,50.87549,4.71526,2.397007134178542,50.88412676756019,4.683956372691131,2022,2,15,24062,Leuven,Normaal,Droog,Dag,met lichtgewonden,9,personenauto,3,Fiets,Op Kruispunt,Gewestweg,buiten bebouwde kom,Tss. 2 best.: langs opzij (voor-/achterkant-flank),Geen hindernis
29606,151,Leuven,District Leuven,50.8690262,4.6854839,1.218273939188886,50.87958705634012,4.69010593828281,2022,2,14,24062,Leuven,Normaal,Droog,Dag,met lichtgewonden,3,Fiets,10,"één bestuurder, geen hindernis",Buiten Kruispunt,Gemeenteweg,binnen bebouwde kom,"Eén bestuurder, geen hindernis (incl. val)",Geen hindernis
29606,77,Leuven teller 2,Leuven,50.88672,4.70796,1.482529247881628,50.87958705634012,4.69010593828281,2022,2,14,24062,Leuven,Normaal,Droog,Dag,met lichtgewonden,3,Fiets,10,"één bestuurder, geen hindernis",Buiten Kruispunt,Gemeenteweg,binnen bebouwde kom,"Eén bestuurder, geen hindernis (incl. val)",Geen hindernis
29606,107,leuven totem,Leuven,50.8870744,4.7087919,1.552915439843718,50.87958705634012,4.69010593828281,2022,2,14,24062,Leuven,Normaal,Droog,Dag,met lichtgewonden,3,Fiets,10,"één bestuurder, geen hindernis",Buiten Kruispunt,Gemeenteweg,binnen bebouwde kom,"Eén bestuurder, geen hindernis (incl. val)",Geen hindernis
29606,69,Leuven teller 1,Leuven,50.87549,4.71526,1.8227050989047504,50.87958705634012,4.69010593828281,2022,2,14,24062,Leuven,Normaal,Droog,Dag,met lichtgewonden,3,Fiets,10,"één bestuurder, geen hindernis",Buiten Kruispunt,Gemeenteweg,binnen bebouwde kom,"Eén bestuurder, geen hindernis (incl. val)",Geen hindernis
29608,72,Herent teller 1,Herent,50.89135,4.64689,2.0915954068792333,50.9060070558837,4.6655829681211785,2022,2,21,24038,Herent,Normaal,Droog,"Nacht, openbare verlichting aanwezig en ontstoken",met lichtgewonden,3,Fiets,9,personenauto,Op Kruispunt,Gemeenteweg,binnen bebouwde kom,Tss. 2 best.: langs opzij (voor-/achterkant-flank),Geen hindernis