crash_row_id,site_id,site_name,site_gemeente,site_lat,site_long,distance_km,crash_lat,crash_long,DT_YEAR_COLLISION,DT_MONTH_COLLISION,DT_TIME,CD_NIS,TX_MUNTY_COLLISION_NL,TX_WEATHER_NL,TX_ROAD_CONDITION_NL,TX_LIGHT_CONDITION_NL,TX_CLASS_ACCIDENTS_NL,CD_ROAD_USR_TYPE1,TX_ROAD_USR_TYPE1_NL,CD_ROAD_USR_TYPE2,TX_ROAD_USR_TYPE2_NL,TX_CROSSWAY_NL,CD_ROAD_TYPE_NL,TX_BUILD_UP_AREA_NL,TX_COLLISION_TYPE_NL,TX_OBSTACLES_NL
29608,73,Herent teller 2,Herent,50.89128,4.64685,2.099421035516742,50.9060070558837,4.6655829681211785,2022,2,21,24038,Herent,Normaal,Droog,"Nacht, openbare verlichting aanwezig en ontstoken",met lichtgewonden,3,Fiets,9,personenauto,Op Kruispunt,Gemeenteweg,binnen bebouwde kom,Tss. 2 best.: langs opzij (voor-/achterkant-flank),Geen hindernis
29609,72,Herent teller 1,Herent,50.89135,4.64689,1.9198884261787115,50.88557371377615,4.672683056893697,2022,2,7,24038,Herent,Normaal,Droog,Dag,met lichtgewonden,4,Vrachtwagen,3,Fiets,Op Kruispunt,Gewestweg,buiten bebouwde kom,Tss. 2 best.: langs opzij (voor-/achterkant-flank),Geen hindernis
29609,73,Herent teller 2,Herent,50.89128,4.64685,1.9199476796723494,50.88557371377615,4.672683056893697,2022,2,7,24038,Herent,Normaal,Droog,Dag,met lichtgewonden,4,Vrachtwagen,3,Fiets,Op Kruispunt,Gewestweg,buiten bebouwde kom,Tss. 2 best.: langs opzij (voor-/achterkant-flank),Geen hindernis
29609,151,Leuven,District Leuven,50.8690262,4.6854839,2.047496989577114,50.88557371377615,4.672683056893697,2022,2,7,24038,Herent,Normaal,Droog,Dag,met lichtgewonden,4,Vrachtwagen,3,Fiets,Op Kruispunt,Gewestweg,buiten bebouwde kom,Tss. 2 best.: langs opzij (voor-/achterkant-flank),Geen hindernis
29609,77,Leuven teller 2,Leuven,50.88672,4.70796,2.4779160328360157,50.88557371377615,4.672683056893697,2022,2,7,24038,Herent,Normaal,Droog,Dag,met lichtgewonden,4,Vrachtwagen,3,Fiets,Op Kruispunt,Gewestweg,buiten bebouwde kom,Tss. 2 best.: langs opzij (voor-/achterkant-flank),Geen hindernis
29610,87,Aarschot,Aarschot,50.99084,4.81259,1.4561398008312565,50.98699742042476,4.8324780238120395,2022,2,13,24001,Aarschot,Normaal,Droog,Dag,met zwaargewonden,9,personenauto,3,Fiets,Op Kruispunt,Gemeenteweg,binnen bebouwde kom,Tss. 2 best.: langs opzij (voor-/achterkant-flank),Geen hindernis
29612,101,Diest teller 1,Diest,50.97799,5.04481,1.7847909113396125,50.993963405443445,5.0423057251456145,2022,2,8,24020,Diest,Normaal,Droog,Dag,met lichtgewonden,5,Lichte vrachtauto,3,Fiets,Buiten Kruispunt,Gewestweg,binnen bebouwde kom,Tussen 2 bestuurders: Frontale botsing,Geen hindernis
29612,102,Diest teller 2,Diest,50.9779,5.04474,1.7942784036213155,50.993963405443445,5.0423057251456145,2022,2,8,24020,Diest,Normaal,Droog,Dag,met lichtgewonden,5,Lichte vrachtauto,3,Fiets,Buiten Kruispunt,Gewestweg,binnen bebouwde kom,Tussen 2 bestuurders: Frontale botsing,Geen hindernis
29613,101,Diest teller 1,Diest,50.97799,5.04481,1.2210119689161374,50.98739934325666,5.053801481551864,2022,1,18,24020,Diest,Normaal,"Nat, plassen","Nacht, openbare verlichting aanwezig en ontstoken",met lichtgewonden,3,Fiets,11,een weggebruiker tegen een hindernis,Buiten Kruispunt,Gemeenteweg,binnen bebouwde kom,Weggebruiker tegen hindernis op de rijbaan,"Op de rijbaan: Werken (signal., aarde, toestel,…)"
29613,102,Diest teller 2,Diest,50.9779,5.04474,1.2321140874015353,50.98739934325666,5.053801481551864,2022,1,18,24020,Diest,Normaal,"Nat, plassen","Nacht, openbare verlichting aanwezig en ontstoken",met lichtgewonden,3,Fiets,11,een weggebruiker tegen een hindernis,Buiten Kruispunt,Gemeenteweg,binnen bebouwde kom,Weggebruiker tegen hindernis op de rijbaan,"Op de rijbaan: Werken (signal., aarde, toestel,…)"
29618,111,Zaventem totem,Zaventem,50.8871216,4.4597084,0.8694725181940178,50.882145464450964,4.469268977637076,2022,2,13,23094,Zaventem,Normaal,Droog,Dag,met lichtgewonden,3,Fiets,5,Lichte vrachtauto,Op Kruispunt,Gemeenteweg,binnen bebouwde kom,Tussen 2 bestuurders: Frontale botsing,Geen hindernis
29618,26,Zaventem,Zaventem,50.86995,4.45444,1.7092379693261006,50.882145464450964,4.469268977637076,2022,2,13,23094,Zaventem,Normaal,Droog,Dag,met lichtgewonden,3,Fiets,5,Lichte vrachtauto,Op Kruispunt,Gemeenteweg,binnen bebouwde kom,Tussen 2 bestuurders: Frontale botsing,Geen hindernis
29619,145,Overijse,District Vilvoorde-gewestwegen,50.7885856,4.4908759,0.330688332193559,50.78802461626937,4.4954956729054105,2022,2,19,23062,Overijse,Normaal,"Nat, plassen","Nacht, openbare verlichting aanwezig en ontstoken",met lichtgewonden,3,Fiets,9,personenauto,Buiten Kruispunt,Gewestweg,buiten bebouwde kom,Tss. 2 best.: langs opzij (voor-/achterkant-flank),Geen hindernis
29619,146,Overijse 2,District Vilvoorde-gewestwegen,50.7881478,4.4902818,0.36677218882853974,50.78802461626937,4.4954956729054105,2022,2,19,23062,Overijse,Normaal,"Nat, plassen","Nacht, openbare verlichting aanwezig en ontstoken",met lichtgewonden,3,Fiets,9,personenauto,Buiten Kruispunt,Gewestweg,buiten bebouwde kom,Tss. 2 best.: langs opzij (voor-/achterkant-flank),Geen hindernis
29619,147,Overijse,District Vilvoorde-gewestwegen,50.7797555,4.4975769,0.9310524906142886,50.78802461626937,4.4954956729054105,2022,2,19,23062,Overijse,Normaal,"Nat, plassen","Nacht, openbare verlichting aanwezig en ontstoken",met lichtgewonden,3,Fiets,9,personenauto,Buiten Kruispunt,Gewestweg,buiten bebouwde kom,Tss. 2 best.: langs opzij (voor-/achterkant-flank),Geen hindernis
29620,148,Hoeilaart,District Leuven,50.76699493,4.44471001,0.992095432390324,50.76102214029613,4.455188770223501,2022,2,16,23033,Hoeilaart,Normaal,Droog,Dag,met lichtgewonden,3,Fiets,9,personenauto,Op Kruispunt,Gemeenteweg,binnen bebouwde kom,Tss. 2 best.: langs opzij (voor-/achterkant-flank),Geen hindernis
29622,86,Asse teller 2,Asse,50.89132,4.1709,0.983607620859108,50.88282891271368,4.166969075974398,2022,2,13,23086,Ternat,Normaal,Droog,Dag,met lichtgewonden,9,personenauto,3,Fiets,Op Kruispunt,Gewestweg,binnen bebouwde kom,Tss. 2 best.: langs opzij (voor-/achterkant-flank),Geen hindernis
29622,85,Asse teller 1,Asse,50.89621,4.17294,1.5457314999595368,50.88282891271368,4.166969075974398,2022,2,13,23086,Ternat,Normaal,Droog,Dag,met lichtgewonden,9,personenauto,3,Fiets,Op Kruispunt,Gewestweg,binnen bebouwde kom,Tss. 2 best.: langs opzij (voor-/achterkant-flank),Geen hindernis
29629,47,Vilvoorde,Vilvoorde,50.91372,4.41497,1.9622015359740208,50.92951590262199,4.427449596535579,2022,2,12,23088,Vilvoorde,Normaal,Droog,Dag,met lichtgewonden,3,Fiets,9,personenauto,Op Kruispunt,Gewestweg,binnen bebouwde kom,Tss. 2 best.: langs opzij (voor-/achterkant-flank),Geen hindernis
29629,1,Machelen,Machelen,50.91618331151478,4.456121776137429,2.4973760221440404,50.92951590262199,4.427449596535579,2022,2,12,23088,Vilvoorde,Normaal,Droog,Dag,met lichtgewonden,3,Fiets,9,personenauto,Op Kruispunt,Gewestweg,binnen bebouwde kom,Tss. 2 best.: langs opzij (voor-/achterkant-flank),Geen hindernis
29630,47,Vilvoorde,Vilvoorde,50.91372,4.41497,1.0893001185710485,50.92329338806186,4.418266139859962,2022,2,14,23088,Vilvoorde,Regenval,"Nat, plassen",Dag,met lichtgewonden,4,Vrachtwagen,3,Fiets,Op Kruispunt,Gewestweg,buiten bebouwde kom,Tss. 2 best.: langs opzij (voor-/achterkant-flank),Geen hindernis
29631,47,Vilvoorde,Vilvoorde,50.91372,4.41497,1.3756721832444452,50.92373235475594,4.426497507784712,2022,2,9,23088,Vilvoorde,Normaal,Droog,Dag,met lichtgewonden,3,Fiets,9,personenauto,Op Kruispunt,Gewestweg,binnen bebouwde kom,Tss. 2 best.: langs opzij (voor-/achterkant-flank),Geen hindernis
29631,1,Machelen,Machelen,50.91618331151478,4.456121776137429,2.2398392486843957,50.92373235475594,4.426497507784712,2022,2,9,23088,Vilvoorde,Normaal,Droog,Dag,met lichtgewonden,3,Fiets,9,personenauto,Op Kruispunt,Gewestweg,binnen bebouwde kom,Tss. 2 best.: langs opzij (voor-/achterkant-flank),Geen hindernis
29632,47,Vilvoorde,Vilvoorde,50.91372,4.41497,1.05744741233057,50.92297785512025,4.418419603146533,2022,2,18,23088,Vilvoorde,Normaal,Droog,"Nacht, openbare verlichting aanwezig en ontstoken",met lichtgewonden,9,personenauto,3,Fiets,Op Kruispunt,Gewestweg,binnen bebouwde kom,Tss. 2 best.: langs opzij (voor-/achterkant-flank),Geen hindernis
29634,109,Zemst,Zemst,50.9903936,4.4707023,2.128531051034091,50.990411239044505,4.501113475732484,2022,2,10,23096,Zemst,Normaal,Droog,Dag,met lichtgewonden,3,Fiets,3,Fiets,Buiten Kruispunt,Gemeenteweg,binnen bebouwde kom,Tss. 2 best.: langs opzij (voor-/achterkant-flank),Geen hindernis
29638,13,Gent,Gent,51.03018,3.70146,2.326876013702099,51.012920221956385,3.7202703384205438,2022,2,18,44021,Gent,Regenval,"Nat, plassen","Nacht, openbare verlichting aanwezig en ontstoken",met lichtgewonden,9,personenauto,3,Fiets,Op Kruispunt,Gemeenteweg,buiten bebouwde kom,Tussen 2 bestuurders: Frontale botsing,Geen hindernis
29639,136,Gent R4,Gent,51.0876313,3.7587918,1.7296841977738995,51.098651513369624,3.776271824931022,2022,2,14,44021,Gent,Normaal,Droog,Dag,met lichtgewonden,3,Fiets,9,personenauto,Op Kruispunt,Gemeenteweg,binnen bebouwde kom,Tussen 2 bestuurders: Langs achteren,Geen hindernis
29641,118,Gent teller 1,Gent,51.028049,3.7681359,2.288226570878339,51.03757465614866,3.7391300106013734,2022,1,17,44021,Gent,Normaal,Droog,Dag,met lichtgewonden,3,Fiets,6,Bromfiets,Buiten Kruispunt,Gemeenteweg,binnen bebouwde kom,Tss. 2 best.: langs opzij (voor-/achterkant-flank),Geen hindernis
29641,119,Gent teller 2,Gent,51.0281795,3.7683918,2.29746624813473,51.03757465614866,3.7391300106013734,2022,1,17,44021,Gent,Normaal,Droog,Dag,met lichtgewonden,3,Fiets,6,Bromfiets,Buiten Kruispunt,Gemeenteweg,binnen bebouwde kom,Tss. 2 best.: langs opzij (voor-/achterkant-flank),Geen hindernis
29642,13,Gent,Gent,51.03018,3.70146,2.1593078468005023,51.04949140794933,3.7047083607733646,2022,2,20,44021,Gent,Regenval,"Nat, plassen","Nacht, openbare verlichting aanwezig en ontstoken",met lichtgewonden,3,Fiets,10,"één bestuurder, geen hindernis",Buiten Kruispunt,Gewestweg,binnen bebouwde kom,"Eén bestuurder, geen hindernis (incl. val)",Geen hindernis
29644,136,Gent R4,Gent,51.0876313,3.7587918,2.323747986759034,51.07383043891789,3.7338123405002284,2022,2,20,44021,Gent,Normaal,Droog,"Nacht, openbare verlichting aanwezig en ontstoken",met lichtgewonden,9,personenauto,3,Fiets,Buiten Kruispunt,Gewestweg,buiten bebouwde kom,Tss. 2 best.: langs opzij (voor-/achterkant-flank),Geen hindernis
29650,13,Gent,Gent,51.03018,3.70146,1.9705632337145877,51.04778487039954,3.704690890559789,2022,2,16,44021,Gent,Normaal,Droog,Dag,met lichtgewonden,9,personenauto,3,Fiets,Op Kruispunt,Gemeenteweg,binnen bebouwde kom,Tussen 2 bestuurders: Flank tegen flank,Geen hindernis
29651,13,Gent,Gent,51.03018,3.70146,1.2003265821376916,51.03733150905937,3.7143181529421665,2022,2,14,44021,Gent,Normaal,Droog,Dag,met lichtgewonden,9,personenauto,3,Fiets,Buiten Kruispunt,Gemeenteweg,binnen bebouwde kom,Tussen 2 bestuurders: Langs achteren,Geen hindernis
29652,7,Evergem 1,Evergem,51.1089,3.70317,2.219818177918928,51.08975135328969,3.7121588043256777,2022,2,8,44021,Gent,Normaal,Droog,Dag,met lichtgewonden,9,personenauto,3,Fiets,Op Kruispunt,Gemeenteweg,binnen bebouwde kom,Tss. 2 best.: langs opzij (voor-/achterkant-flank),Geen hindernis
29652,6,Evergem 2,Evergem,51.10894,3.70298,2.227865268856008,51.08975135328969,3.7121588043256777,2022,2,8,44021,Gent,Normaal,Droog,Dag,met lichtgewonden,9,personenauto,3,Fiets,Op Kruispunt,Gemeenteweg,binnen bebouwde kom,Tss. 2 best.: langs opzij (voor-/achterkant-flank),Geen hindernis
29656,13,Gent,Gent,51.03018,3.70146,2.342882600657585,51.046834436843504,3.7219856086243017,2022,2,10,44021,Gent,Normaal,Droog,Dag,met zwaargewonden,3,Fiets,10,"één bestuurder, geen hindernis",Buiten Kruispunt,Gemeenteweg,binnen bebouwde kom,"Eén bestuurder, geen hindernis (incl. val)",Geen hindernis
29659,136,Gent R4,Gent,51.0876313,3.7587918,2.04426179692711,51.07181373289326,3.773706270664231,2022,2,22,44021,Gent,Regenval,"Nat, plassen","Nacht, openbare verlichting aanwezig en ontstoken",met lichtgewonden,9,personenauto,3,Fiets,Op Kruispunt,Gewestweg,buiten bebouwde kom,Tussen 2 bestuurders: Flank tegen flank,Geen hindernis
29660,118,Gent teller 1,Gent,51.028049,3.7681359,1.8074847696218785,51.032308572002236,3.743192661535339,2022,2,16,44021,Gent,Regenval,"Nat, plassen",Dag,met lichtgewonden,7,Motorfiets,3,Fiets,Buiten Kruispunt,Gewestweg,binnen bebouwde kom,Tussen 2 bestuurders: Langs achteren,Geen hindernis
29660,119,Gent teller 2,Gent,51.0281795,3.7683918,1.821045969139073,51.032308572002236,3.743192661535339,2022,2,16,44021,Gent,Regenval,"Nat, plassen",Dag,met lichtgewonden,7,Motorfiets,3,Fiets,Buiten Kruispunt,Gewestweg,binnen bebouwde kom,Tussen 2 bestuurders: Langs achteren,Geen hindernis
29662,13,Gent,Gent,51.03018,3.70146,1.5249993172777887,51.01700469094743,3.7075144572528473,2022,2,11,44021,Gent,Normaal,Droog,Dag,met lichtgewonden,3,Fiets,9,personenauto,Op Kruispunt,Gemeenteweg,buiten bebouwde kom,Tussen 2 bestuurders: Flank tegen flank,Geen hindernis
29663,119,Gent teller 2,Gent,51.0281795,3.7683918,0.8049463238155439,51.0354183696091,3.7684744478480976,2022,2,9,44021,Gent,Normaal,Onbekend,Dag,met lichtgewonden,9,personenauto,3,Fiets,Buiten Kruispunt,Gemeenteweg,binnen bebouwde kom,Tss. 2 best.: langs opzij (voor-/achterkant-flank),Geen hindernis
29663,118,Gent teller 1,Gent,51.028049,3.7681359,0.8197784321877094,51.0354183696091,3.7684744478480976,2022,2,9,44021,Gent,Normaal,Onbekend,Dag,met lichtgewonden,9,personenauto,3,Fiets,Buiten Kruispunt,Gemeenteweg,binnen bebouwde kom,Tss. 2 best.: langs opzij (voor-/achterkant-flank),Geen hindernis
29665,118,Gent teller 1,Gent,51.028049,3.7681359,2.4177276565935957,51.04148405772188,3.7409501541342207,2022,1,17,44021,Gent,Normaal,Droog,Dag,met lichtgewonden,3,Fiets,9,personenauto,Op Kruispunt,Gewestweg,binnen bebouwde kom,Tss. 2 best.: langs opzij (voor-/achterkant-flank),Geen hindernis
29665,119,Gent teller 2,Gent,51.0281795,3.7683918,2.4229324903083858,51.04148405772188,3.7409501541342207,2022,1,17,44021,Gent,Normaal,Droog,Dag,met lichtgewonden,3,Fiets,9,personenauto,Op Kruispunt,Gewestweg,binnen bebouwde kom,Tss. 2 best.: langs opzij (voor-/achterkant-flank),Geen hindernis
29668,13,Gent,Gent,51.03018,3.70146,2.249719217386089,51.044840714416544,3.723633496160344,2022,2,20,44021,Gent,Normaal,Droog,"Nacht, openbare verlichting aanwezig en ontstoken",met lichtgewonden,9,personenauto,3,Fiets,Buiten Kruispunt,Gemeenteweg,binnen bebouwde kom,Tussen 2 bestuurders: Flank tegen flank,Geen hindernis
29670,13,Gent,Gent,51.03018,3.70146,2.2521859964829387,51.0449513610385,3.7234986155070167,2022,2,3,44021,Gent,Normaal,Droog,"Nacht, openbare verlichting aanwezig en ontstoken",met lichtgewonden,3,Fiets,3,Fiets,Op Kruispunt,Gemeenteweg,binnen bebouwde kom,Tussen 2 bestuurders: Flank tegen flank,Geen hindernis
29671,13,Gent,Gent,51.03018,3.70146,1.8693045932440857,51.036598130770294,3.7261673943689733,2022,2,21,44021,Gent,Normaal,Onbekend,"Nacht, openbare verlichting aanwezig en ontstoken",met lichtgewonden,9,personenauto,3,Fiets,Buiten Kruispunt,Gemeenteweg,binnen bebouwde kom,Tussen 2 bestuurders: Flank tegen flank,Geen hindernis
29683,116,Melle teller 2,Melle,50.9986113,3.8040599,0.5860114185059472,51.00213479534505,3.797832363211747,2022,2,16,44040,Melle,Normaal,Droog,Dag,met lichtgewonden,3,Fiets,10,"één bestuurder, geen hindernis",Op Kruispunt,Gemeenteweg,binnen bebouwde kom,"Eén bestuurder, geen hindernis (incl. val)",Geen hindernis
29683,117,Melle teller 1,Melle,50.9986113,3.8040599,0.5860114185059472,51.00213479534505,3.797832363211747,2022,2,16,44040,Melle,Normaal,Droog,Dag,met lichtgewonden,3,Fiets,10,"één bestuurder, geen hindernis",Op Kruispunt,Gemeenteweg,binnen bebouwde kom,"Eén bestuurder, geen hindernis (incl. val)",Geen hindernis
29684,118,Gent teller 1,Gent,51.028049,3.7681359,2.0101981936611844,51.010455082485606,3.7615289949581023,2022,2,8,44043,Merelbeke,Normaal,Droog,Dag,met lichtgewonden,3,Fiets,9,personenauto,Op Kruispunt,Gemeenteweg,binnen bebouwde kom,Tussen 2 bestuurders: Frontale botsing,Geen hindernis
29684,119,Gent teller 2,Gent,51.0281795,3.7683918,2.0284843068203737,51.010455082485606,3.7615289949581023,2022,2,8,44043,Merelbeke,Normaal,Droog,Dag,met lichtgewonden,3,Fiets,9,personenauto,Op Kruispunt,Gemeenteweg,binnen bebouwde kom,Tussen 2 bestuurders: Frontale botsing,Geen hindernis
29689,116,Melle teller 2,Melle,50.9986113,3.8040599,0.8902774025625996,51.00580754853248,3.798482809141007,2022,1,8,44040,Melle,Normaal,Droog,Dag,met lichtgewonden,3,Fiets,10,"één bestuurder, geen hindernis",Buiten Kruispunt,Gemeenteweg,buiten bebouwde kom,"Eén bestuurder, geen hindernis (incl. val)",Geen hindernis
29689,117,Melle teller 1,Melle,50.9986113,3.8040599,0.8902774025625996,51.00580754853248,3.798482809141007,2022,1,8,44040,Melle,Normaal,Droog,Dag,met lichtgewonden,3,Fiets,10,"één bestuurder, geen hindernis",Buiten Kruispunt,Gemeenteweg,buiten bebouwde kom,"Eén bestuurder, geen hindernis (incl. val)",Geen hindernis
29692,6,Evergem 2,Evergem,51.10894,3.70298,1.9401697995898388,51.119735908577844,3.6811448135409375,2022,2,13,44019,Evergem,Normaal,"Nat, plassen",Dag,met lichtgewonden,9,personenauto,3,Fiets,Buiten Kruispunt,Gewestweg,binnen bebouwde kom,Tussen 2 bestuurders: Langs achteren,Geen hindernis
29692,7,Evergem 1,Evergem,51.1089,3.70317,1.9533473343425396,51.119735908577844,3.6811448135409375,2022,2,13,44019,Evergem,Normaal,"Nat, plassen",Dag,met lichtgewonden,9,personenauto,3,Fiets,Buiten Kruispunt,Gewestweg,binnen bebouwde kom,Tussen 2 bestuurders: Langs achteren,Geen hindernis
29709,124,Beveren teller 2,Beveren,51.1964712,4.2361077,1.9862234911097918,51.196481895387706,4.207602977401027,2022,2,16,46021,Sint-Niklaas,Normaal,Droog,Dag,met lichtgewonden,3,Fiets,10,"één bestuurder, geen hindernis",Buiten Kruispunt,Gemeenteweg,buiten bebouwde kom,"Eén bestuurder, geen hindernis (incl. val)",Geen hindernis
29720,141,Test site A support,Lokeren,51.08342085,3.9961071208376326,1.7460304381370229,51.0907149055654,4.018244753366877,2022,2,17,46014,Lokeren,Normaal,Droog,Dag,met lichtgewonden,9,personenauto,3,Fiets,Op Kruispunt,Gewestweg,buiten bebouwde kom,Tss. 2 best.: langs opzij (voor-/achterkant-flank),Geen hindernis
29721,128,Lokeren teller 1,Lokeren,51.09644,3.97023,2.3378477531455366,51.11410616535512,3.952074863937331,2022,2,5,46014,Lokeren,Onbekend,Onbekend,Onbekend,met lichtgewonden,3,Fiets,11,een weggebruiker tegen een hindernis,Buiten Kruispunt,Gewestweg,buiten bebouwde kom,Weggebruiker tegen hindernis buiten rijbaan,Buiten de rijbaan: Andere paal
29721,129,Lokeren teller 2,Lokeren,51.09612,3.97025,2.368574774608544,51.11410616535512,3.952074863937331,2022,2,5,46014,Lokeren,Onbekend,Onbekend,Onbekend,met lichtgewonden,3,Fiets,11,een weggebruiker tegen een hindernis,Buiten Kruispunt,Gewestweg,buiten bebouwde kom,Weggebruiker tegen hindernis buiten rijbaan,Buiten de rijbaan: Andere paal
29722,128,Lokeren teller 1,Lokeren,51.09644,3.97023,1.4915484530476573,51.10368674774359,3.9882053366400405,2022,2,18,46014,Lokeren,Normaal,Droog,Dageraad - schemering,met lichtgewonden,9,personenauto,3,Fiets,Buiten Kruispunt,Gemeenteweg,binnen bebouwde kom,Tss. 2 best.: langs opzij (voor-/achterkant-flank),Geen hindernis
29722,129,Lokeren teller 2,Lokeren,51.09612,3.97025,1.5099121496698644,51.10368674774359,3.9882053366400405,2022,2,18,46014,Lokeren,Normaal,Droog,Dageraad - schemering,met lichtgewonden,9,personenauto,3,Fiets,Buiten Kruispunt,Gemeenteweg,binnen bebouwde kom,Tss. 2 best.: langs opzij (voor-/achterkant-flank),Geen hindernis
29722,141,Test site A support,Lokeren,51.08342085,3.9961071208376326,2.3200474471420454,51.10368674774359,3.9882053366400405,2022,2,18,46014,Lokeren,Normaal,Droog,Dageraad - schemering,met lichtgewonden,9,personenauto,3,Fiets,Buiten Kruispunt,Gemeenteweg,binnen bebouwde kom,Tss. 2 best.: langs opzij (voor-/achterkant-flank),Geen hindernis
29723,126,Hamme totem,Hamme,51.1017709,4.1469307,1.3674519243790013,51.09019540555808,4.1403185617702825,2022,2,15,42008,Hamme,Normaal,Droog,Dag,met zwaargewonden,9,personenauto,3,Fiets,Op Kruispunt,Gewestweg,binnen bebouwde kom,Tss. 2 best.: langs opzij (voor-/achterkant-flank),Geen hindernis
29725,120,Zele teller 1,Zele,51.0607671,4.0547741,0.19655468830832595,51.06246496984909,4.053991601352879,2022,2,2,42028,Zele,Onbekend,Droog,"Nacht, openbare verlichting aanwezig en ontstoken",met lichtgewonden,3,Fiets,11,een weggebruiker tegen een hindernis,Buiten Kruispunt,Gewestweg,buiten bebouwde kom,Weggebruiker tegen hindernis op de rijbaan,Op de rijbaan: Container
29725,121,Zele teller 2,Zele,51.0604067,4.0556696,0.25716229516434774,51.06246496984909,4.053991601352879,2022,2,2,42028,Zele,Onbekend,Droog,"Nacht, openbare verlichting aanwezig en ontstoken",met lichtgewonden,3,Fiets,11,een weggebruiker tegen een hindernis,Buiten Kruispunt,Gewestweg,buiten bebouwde kom,Weggebruiker tegen hindernis op de rijbaan,Op de rijbaan: Container
29736,10,Aalst 2,Aalst,50.93549,4.01571,0.697404764732453,50.94061351704706,4.009969365433014,2022,2,12,41002,Aalst,Normaal,Droog,Dag,Met doden,9,personenauto,3,Fiets,Buiten Kruispunt,Gewestweg,buiten bebouwde kom,Tss. 2 best.: langs opzij (voor-/achterkant-flank),Geen hindernis
29736,19,Aalst 1,Aalst,50.93433,4.01471,0.773641259646401,50.94061351704706,4.009969365433014,2022,2,12,41002,Aalst,Normaal,Droog,Dag,Met doden,9,personenauto,3,Fiets,Buiten Kruispunt,Gewestweg,buiten bebouwde kom,Tss. 2 best.: langs opzij (voor-/achterkant-flank),Geen hindernis
29736,11,Aalst 3,Aalst,50.93385,4.01647,0.8792600494906632,50.94061351704706,4.009969365433014,2022,2,12,41002,Aalst,Normaal,Droog,Dag,Met doden,9,personenauto,3,Fiets,Buiten Kruispunt,Gewestweg,buiten bebouwde kom,Tss. 2 best.: langs opzij (voor-/achterkant-flank),Geen hindernis
29739,10,Aalst 2,Aalst,50.93549,4.01571,1.9615544232103266,50.94079064218448,4.042410374366741,2022,2,15,41002,Aalst,Normaal,Droog,Dag,met lichtgewonden,3,Fiets,11,een weggebruiker tegen een hindernis,Buiten Kruispunt,Gemeenteweg,binnen bebouwde kom,Weggebruiker tegen hindernis buiten rijbaan,Andere hindernis
29739,11,Aalst 3,Aalst,50.93385,4.01647,1.9747418554914586,50.94079064218448,4.042410374366741,2022,2,15,41002,Aalst,Normaal,Droog,Dag,met lichtgewonden,3,Fiets,11,een weggebruiker tegen een hindernis,Buiten Kruispunt,Gemeenteweg,binnen bebouwde kom,Weggebruiker tegen hindernis buiten rijbaan,Andere hindernis
29739,19,Aalst 1,Aalst,50.93433,4.01471,2.069680640401106,50.94079064218448,4.042410374366741,2022,2,15,41002,Aalst,Normaal,Droog,Dag,met lichtgewonden,3,Fiets,11,een weggebruiker tegen een hindernis,Buiten Kruispunt,Gemeenteweg,binnen bebouwde kom,Weggebruiker tegen hindernis buiten rijbaan,Andere hindernis
29744,125,Dendermonde totem,Dendermonde,51.0372706,4.1025998,0.6533961422277966,51.03289030099231,4.108828487845802,2022,2,10,42006,Dendermonde,Normaal,Droog,Dag,met lichtgewonden,9,personenauto,3,Fiets,Op Kruispunt,Gewestweg,binnen bebouwde kom,Tss. 2 best.: langs opzij (voor-/achterkant-flank),Geen hindernis
29744,122,Dendermonde teller 2,Dendermonde,51.0373918,4.1019222,0.6955233863418621,51.03289030099231,4.108828487845802,2022,2,10,42006,Dendermonde,Normaal,Droog,Dag,met lichtgewonden,9,personenauto,3,Fiets,Op Kruispunt,Gewestweg,binnen bebouwde kom,Tss. 2 best.: langs opzij (voor-/achterkant-flank),Geen hindernis
29745,125,Dendermonde totem,Dendermonde,51.0372706,4.1025998,0.9406072717350198,51.04539635701931,4.106339239839676,2022,2,16,42006,Dendermonde,Normaal,Droog,Dag,met lichtgewonden,5,Lichte vrachtauto,3,Fiets,Op Kruispunt,Gewestweg,binnen bebouwde kom,Tss. 2 best.: langs opzij (voor-/achterkant-flank),Geen hindernis
29745,122,Dendermonde teller 2,Dendermonde,51.0373918,4.1019222,0.942117444502257,51.04539635701931,4.106339239839676,2022,2,16,42006,Dendermonde,Normaal,Droog,Dag,met lichtgewonden,5,Lichte vrachtauto,3,Fiets,Op Kruispunt,Gewestweg,binnen bebouwde kom,Tss. 2 best.: langs opzij (voor-/achterkant-flank),Geen hindernis
29746,122,Dendermonde teller 2,Dendermonde,51.0373918,4.1019222,1.0121484501982836,51.0318285208424,4.090465581404366,2022,2,18,42006,Dendermonde,Normaal,Droog,"Nacht, openbare verlichting aanwezig en ontstoken",met lichtgewonden,3,Fiets,10,"één bestuurder, geen hindernis",Buiten Kruispunt,Gewestweg,binnen bebouwde kom,"Eén bestuurder, geen hindernis (incl. val)",Geen hindernis