crash_row_id,site_id,site_name,site_gemeente,site_lat,site_long,distance_km,crash_lat,crash_long,DT_YEAR_COLLISION,DT_MONTH_COLLISION,DT_TIME,CD_NIS,TX_MUNTY_COLLISION_NL,TX_WEATHER_NL,TX_ROAD_CONDITION_NL,TX_LIGHT_CONDITION_NL,TX_CLASS_ACCIDENTS_NL,CD_ROAD_USR_TYPE1,TX_ROAD_USR_TYPE1_NL,CD_ROAD_USR_TYPE2,TX_ROAD_USR_TYPE2_NL,TX_CROSSWAY_NL,CD_ROAD_TYPE_NL,TX_BUILD_UP_AREA_NL,TX_COLLISION_TYPE_NL,TX_OBSTACLES_NL
29746,125,Dendermonde totem,Dendermonde,51.0372706,4.1025998,1.0421678244145731,51.0318285208424,4.090465581404366,2022,2,18,42006,Dendermonde,Normaal,Droog,"Nacht, openbare verlichting aanwezig en ontstoken",met lichtgewonden,3,Fiets,10,"één bestuurder, geen hindernis",Buiten Kruispunt,Gewestweg,binnen bebouwde kom,"Eén bestuurder, geen hindernis (incl. val)",Geen hindernis
29747,142,TEST Validatie BRUGGE Y2H22022134,Brugge,51.22632,3.24095,2.351247674009597,51.20669302165612,3.2535109883001017,2022,2,17,31005,Brugge,Regenval,"Nat, plassen",Dag,met lichtgewonden,3,Fiets,5,Lichte vrachtauto,Buiten Kruispunt,Gemeenteweg,binnen bebouwde kom,Tussen 2 bestuurders: Langs achteren,Geen hindernis
29747,52,Brugge,Brugge,51.22632,3.24095,2.351247674009597,51.20669302165612,3.2535109883001017,2022,2,17,31005,Brugge,Regenval,"Nat, plassen",Dag,met lichtgewonden,3,Fiets,5,Lichte vrachtauto,Buiten Kruispunt,Gemeenteweg,binnen bebouwde kom,Tussen 2 bestuurders: Langs achteren,Geen hindernis
29748,142,TEST Validatie BRUGGE Y2H22022134,Brugge,51.22632,3.24095,2.0029473526644703,51.21362200758765,3.2613481710750998,2022,2,12,31005,Brugge,Normaal,Droog,Dag,met zwaargewonden,3,Fiets,9,personenauto,Op Kruispunt,Gemeenteweg,binnen bebouwde kom,Tss. 2 best.: langs opzij (voor-/achterkant-flank),Geen hindernis
29748,52,Brugge,Brugge,51.22632,3.24095,2.0029473526644703,51.21362200758765,3.2613481710750998,2022,2,12,31005,Brugge,Normaal,Droog,Dag,met zwaargewonden,3,Fiets,9,personenauto,Op Kruispunt,Gemeenteweg,binnen bebouwde kom,Tss. 2 best.: langs opzij (voor-/achterkant-flank),Geen hindernis
29749,142,TEST Validatie BRUGGE Y2H22022134,Brugge,51.22632,3.24095,1.7403111194888705,51.21257658829955,3.2529054068120336,2022,2,8,31005,Brugge,Normaal,Droog,Dag,met lichtgewonden,3,Fiets,5,Lichte vrachtauto,Op Kruispunt,Gemeenteweg,binnen bebouwde kom,Tussen 2 bestuurders: Flank tegen flank,Geen hindernis
29749,52,Brugge,Brugge,51.22632,3.24095,1.7403111194888705,51.21257658829955,3.2529054068120336,2022,2,8,31005,Brugge,Normaal,Droog,Dag,met lichtgewonden,3,Fiets,5,Lichte vrachtauto,Op Kruispunt,Gemeenteweg,binnen bebouwde kom,Tussen 2 bestuurders: Flank tegen flank,Geen hindernis
29751,54,Brugge teller 2,Brugge,51.23015,3.22818,1.8619626652448855,51.21514755865288,3.2163039251213394,2022,2,16,31005,Brugge,Regenval,"Nat, plassen",Dag,met lichtgewonden,9,personenauto,3,Fiets,Op Kruispunt,Gewestweg,binnen bebouwde kom,Tss. 2 best.: langs opzij (voor-/achterkant-flank),Geen hindernis
29751,53,Brugge teller 1,Brugge,51.23023,3.228,1.8644259840809279,51.21514755865288,3.2163039251213394,2022,2,16,31005,Brugge,Regenval,"Nat, plassen",Dag,met lichtgewonden,9,personenauto,3,Fiets,Op Kruispunt,Gewestweg,binnen bebouwde kom,Tss. 2 best.: langs opzij (voor-/achterkant-flank),Geen hindernis
29751,52,Brugge,Brugge,51.22632,3.24095,2.1188543898888996,51.21514755865288,3.2163039251213394,2022,2,16,31005,Brugge,Regenval,"Nat, plassen",Dag,met lichtgewonden,9,personenauto,3,Fiets,Op Kruispunt,Gewestweg,binnen bebouwde kom,Tss. 2 best.: langs opzij (voor-/achterkant-flank),Geen hindernis
29751,142,TEST Validatie BRUGGE Y2H22022134,Brugge,51.22632,3.24095,2.1188543898888996,51.21514755865288,3.2163039251213394,2022,2,16,31005,Brugge,Regenval,"Nat, plassen",Dag,met lichtgewonden,9,personenauto,3,Fiets,Op Kruispunt,Gewestweg,binnen bebouwde kom,Tss. 2 best.: langs opzij (voor-/achterkant-flank),Geen hindernis
29752,54,Brugge teller 2,Brugge,51.23015,3.22818,1.018837513189326,51.22103222207586,3.2267341854713827,2022,2,9,31005,Brugge,Regenval,"Nat, plassen",Dag,met zwaargewonden,3,Fiets,3,Fiets,Op Kruispunt,Gewestweg,binnen bebouwde kom,Tussen 2 bestuurders: Frontale botsing,Geen hindernis
29752,53,Brugge teller 1,Brugge,51.23023,3.228,1.0265377368340627,51.22103222207586,3.2267341854713827,2022,2,9,31005,Brugge,Regenval,"Nat, plassen",Dag,met zwaargewonden,3,Fiets,3,Fiets,Op Kruispunt,Gewestweg,binnen bebouwde kom,Tussen 2 bestuurders: Frontale botsing,Geen hindernis
29752,52,Brugge,Brugge,51.22632,3.24095,1.1514226234603644,51.22103222207586,3.2267341854713827,2022,2,9,31005,Brugge,Regenval,"Nat, plassen",Dag,met zwaargewonden,3,Fiets,3,Fiets,Op Kruispunt,Gewestweg,binnen bebouwde kom,Tussen 2 bestuurders: Frontale botsing,Geen hindernis
29752,142,TEST Validatie BRUGGE Y2H22022134,Brugge,51.22632,3.24095,1.1514226234603644,51.22103222207586,3.2267341854713827,2022,2,9,31005,Brugge,Regenval,"Nat, plassen",Dag,met zwaargewonden,3,Fiets,3,Fiets,Op Kruispunt,Gewestweg,binnen bebouwde kom,Tussen 2 bestuurders: Frontale botsing,Geen hindernis
29753,20,Brugge,Brugge,51.17416,3.20048,1.6208407053443579,51.18787531144093,3.1926054464414118,2022,2,17,31005,Brugge,Normaal,Droog,Dag,met lichtgewonden,9,personenauto,3,Fiets,Op Kruispunt,Gewestweg,binnen bebouwde kom,Tss. 2 best.: langs opzij (voor-/achterkant-flank),Geen hindernis
29753,51,"Brugge, Sint-Andries",Brugge,51.19281,3.16252,2.167260336676476,51.18787531144093,3.1926054464414118,2022,2,17,31005,Brugge,Normaal,Droog,Dag,met lichtgewonden,9,personenauto,3,Fiets,Op Kruispunt,Gewestweg,binnen bebouwde kom,Tss. 2 best.: langs opzij (voor-/achterkant-flank),Geen hindernis
29753,50,"Brugge, Sint-Andries",Brugge,51.19291,3.16252,2.1701000612291725,51.18787531144093,3.1926054464414118,2022,2,17,31005,Brugge,Normaal,Droog,Dag,met lichtgewonden,9,personenauto,3,Fiets,Op Kruispunt,Gewestweg,binnen bebouwde kom,Tss. 2 best.: langs opzij (voor-/achterkant-flank),Geen hindernis
29754,142,TEST Validatie BRUGGE Y2H22022134,Brugge,51.22632,3.24095,2.3006260062393236,51.20806378312959,3.2254066288593424,2022,2,10,31005,Brugge,Normaal,Droog,Dag,met lichtgewonden,3,Fiets,8,Voetganger,Buiten Kruispunt,Gemeenteweg,binnen bebouwde kom,Met een voetganger,Geen hindernis
29754,52,Brugge,Brugge,51.22632,3.24095,2.3006260062393236,51.20806378312959,3.2254066288593424,2022,2,10,31005,Brugge,Normaal,Droog,Dag,met lichtgewonden,3,Fiets,8,Voetganger,Buiten Kruispunt,Gemeenteweg,binnen bebouwde kom,Met een voetganger,Geen hindernis
29754,54,Brugge teller 2,Brugge,51.23015,3.22818,2.4634593850761366,51.20806378312959,3.2254066288593424,2022,2,10,31005,Brugge,Normaal,Droog,Dag,met lichtgewonden,3,Fiets,8,Voetganger,Buiten Kruispunt,Gemeenteweg,binnen bebouwde kom,Met een voetganger,Geen hindernis
29754,53,Brugge teller 1,Brugge,51.23023,3.228,2.4713798592920795,51.20806378312959,3.2254066288593424,2022,2,10,31005,Brugge,Normaal,Droog,Dag,met lichtgewonden,3,Fiets,8,Voetganger,Buiten Kruispunt,Gemeenteweg,binnen bebouwde kom,Met een voetganger,Geen hindernis
29755,54,Brugge teller 2,Brugge,51.23015,3.22818,2.411610157829105,51.2097551506193,3.216401364500574,2022,2,10,31005,Brugge,Normaal,Droog,Dag,met lichtgewonden,3,Fiets,5,Lichte vrachtauto,Op Kruispunt,Gemeenteweg,binnen bebouwde kom,Tss. 2 best.: langs opzij (voor-/achterkant-flank),Geen hindernis
29755,53,Brugge teller 1,Brugge,51.23023,3.228,2.4157562658031684,51.2097551506193,3.216401364500574,2022,2,10,31005,Brugge,Normaal,Droog,Dag,met lichtgewonden,3,Fiets,5,Lichte vrachtauto,Op Kruispunt,Gemeenteweg,binnen bebouwde kom,Tss. 2 best.: langs opzij (voor-/achterkant-flank),Geen hindernis
29756,53,Brugge teller 1,Brugge,51.23023,3.228,2.352134383960504,51.213379493890486,3.207582677745738,2022,2,16,31005,Brugge,Normaal,Droog,Dag,met lichtgewonden,3,Fiets,9,personenauto,Op Kruispunt,Gemeenteweg,binnen bebouwde kom,Tussen 2 bestuurders: Flank tegen flank,Geen hindernis
29756,54,Brugge teller 2,Brugge,51.23015,3.22818,2.3526771371848985,51.213379493890486,3.207582677745738,2022,2,16,31005,Brugge,Normaal,Droog,Dag,met lichtgewonden,3,Fiets,9,personenauto,Op Kruispunt,Gemeenteweg,binnen bebouwde kom,Tussen 2 bestuurders: Flank tegen flank,Geen hindernis
29757,142,TEST Validatie BRUGGE Y2H22022134,Brugge,51.22632,3.24095,2.466403479079088,51.207255720607805,3.222849364819647,2022,2,11,31005,Brugge,Normaal,Droog,Dag,met lichtgewonden,8,Voetganger,3,Fiets,Buiten Kruispunt,Gewestweg,binnen bebouwde kom,Met een voetganger,Geen hindernis
29757,52,Brugge,Brugge,51.22632,3.24095,2.466403479079088,51.207255720607805,3.222849364819647,2022,2,11,31005,Brugge,Normaal,Droog,Dag,met lichtgewonden,8,Voetganger,3,Fiets,Buiten Kruispunt,Gewestweg,binnen bebouwde kom,Met een voetganger,Geen hindernis
29760,54,Brugge teller 2,Brugge,51.23015,3.22818,1.9718458944187136,51.21364839489058,3.2178121671746274,2022,2,18,31005,Brugge,Normaal,Droog,"Nacht, openbare verlichting aanwezig en ontstoken",met lichtgewonden,3,Fiets,9,personenauto,Buiten Kruispunt,Gewestweg,binnen bebouwde kom,Tss. 2 best.: langs opzij (voor-/achterkant-flank),Geen hindernis
29760,53,Brugge teller 1,Brugge,51.23023,3.228,1.9755896084788662,51.21364839489058,3.2178121671746274,2022,2,18,31005,Brugge,Normaal,Droog,"Nacht, openbare verlichting aanwezig en ontstoken",met lichtgewonden,3,Fiets,9,personenauto,Buiten Kruispunt,Gewestweg,binnen bebouwde kom,Tss. 2 best.: langs opzij (voor-/achterkant-flank),Geen hindernis
29760,52,Brugge,Brugge,51.22632,3.24095,2.1405719051993213,51.21364839489058,3.2178121671746274,2022,2,18,31005,Brugge,Normaal,Droog,"Nacht, openbare verlichting aanwezig en ontstoken",met lichtgewonden,3,Fiets,9,personenauto,Buiten Kruispunt,Gewestweg,binnen bebouwde kom,Tss. 2 best.: langs opzij (voor-/achterkant-flank),Geen hindernis
29760,142,TEST Validatie BRUGGE Y2H22022134,Brugge,51.22632,3.24095,2.1405719051993213,51.21364839489058,3.2178121671746274,2022,2,18,31005,Brugge,Normaal,Droog,"Nacht, openbare verlichting aanwezig en ontstoken",met lichtgewonden,3,Fiets,9,personenauto,Buiten Kruispunt,Gewestweg,binnen bebouwde kom,Tss. 2 best.: langs opzij (voor-/achterkant-flank),Geen hindernis
29770,20,Brugge,Brugge,51.17416,3.20048,1.5635175262734327,51.16114580805515,3.1919895155507834,2022,2,11,31040,Zedelgem,Normaal,Droog,Dag,met zwaargewonden,3,Fiets,9,personenauto,Buiten Kruispunt,Gewestweg,binnen bebouwde kom,Tss. 2 best.: langs opzij (voor-/achterkant-flank),Geen hindernis
29771,20,Brugge,Brugge,51.17416,3.20048,2.290488727776524,51.15506822315671,3.1881465029344214,2022,2,17,31040,Zedelgem,Normaal,Droog,Dag,met lichtgewonden,9,personenauto,3,Fiets,Op Kruispunt,Gewestweg,binnen bebouwde kom,Tss. 2 best.: langs opzij (voor-/achterkant-flank),Geen hindernis
29777,15,Oostende 2,Oostende,51.21371,2.92743,1.5638595514828262,51.203743159991646,2.9115911713790843,2022,2,16,35013,Oostende,Normaal,"Nat, plassen",Dag,met lichtgewonden,9,personenauto,3,Fiets,Op Kruispunt,Gemeenteweg,binnen bebouwde kom,Tussen 2 bestuurders: Frontale botsing,Geen hindernis
29777,18,Oostende 1,Oostende,51.21378,2.92765,1.5801969465551744,51.203743159991646,2.9115911713790843,2022,2,16,35013,Oostende,Normaal,"Nat, plassen",Dag,met lichtgewonden,9,personenauto,3,Fiets,Op Kruispunt,Gemeenteweg,binnen bebouwde kom,Tussen 2 bestuurders: Frontale botsing,Geen hindernis
29778,15,Oostende 2,Oostende,51.21371,2.92743,1.5099686169581201,51.20274216095806,2.9146496498374197,2022,2,18,35013,Oostende,Normaal,Droog,Dageraad - schemering,met lichtgewonden,9,personenauto,3,Fiets,Op Kruispunt,Gemeenteweg,binnen bebouwde kom,Tss. 2 best.: langs opzij (voor-/achterkant-flank),Geen hindernis
29778,18,Oostende 1,Oostende,51.21378,2.92765,1.5253112330016902,51.20274216095806,2.9146496498374197,2022,2,18,35013,Oostende,Normaal,Droog,Dageraad - schemering,met lichtgewonden,9,personenauto,3,Fiets,Op Kruispunt,Gemeenteweg,binnen bebouwde kom,Tss. 2 best.: langs opzij (voor-/achterkant-flank),Geen hindernis
29779,15,Oostende 2,Oostende,51.21371,2.92743,1.4318176518399528,51.21072862027537,2.907433201268332,2022,2,9,35013,Oostende,Normaal,Droog,Dag,met lichtgewonden,3,Fiets,3,Fiets,Op Kruispunt,Gemeenteweg,binnen bebouwde kom,Tussen 2 bestuurders: Frontale botsing,Geen hindernis
29779,18,Oostende 1,Oostende,51.21378,2.92765,1.4485324336116354,51.21072862027537,2.907433201268332,2022,2,9,35013,Oostende,Normaal,Droog,Dag,met lichtgewonden,3,Fiets,3,Fiets,Op Kruispunt,Gemeenteweg,binnen bebouwde kom,Tussen 2 bestuurders: Frontale botsing,Geen hindernis
29780,18,Oostende 1,Oostende,51.21378,2.92765,2.4419217574381924,51.220061284008175,2.9612453931440257,2022,2,12,35002,Bredene,Normaal,Droog,Dag,met lichtgewonden,5,Lichte vrachtauto,3,Fiets,Buiten Kruispunt,Gewestweg,binnen bebouwde kom,Tss. 2 best.: langs opzij (voor-/achterkant-flank),Geen hindernis
29780,15,Oostende 2,Oostende,51.21371,2.92743,2.45883445512737,51.220061284008175,2.9612453931440257,2022,2,12,35002,Bredene,Normaal,Droog,Dag,met lichtgewonden,5,Lichte vrachtauto,3,Fiets,Buiten Kruispunt,Gewestweg,binnen bebouwde kom,Tss. 2 best.: langs opzij (voor-/achterkant-flank),Geen hindernis
29784,55,Torhout teller 1,Torhout,51.07161,3.08261,1.4544382352056568,51.07152721737827,3.1034261579267404,2022,2,16,31033,Torhout,Onbekend,Droog,Dag,met lichtgewonden,3,Fiets,9,personenauto,Buiten Kruispunt,Gemeenteweg,binnen bebouwde kom,Tussen 2 bestuurders: Flank tegen flank,Geen hindernis
29784,56,Torhout teller 2,Torhout,51.07147,3.08244,1.466302897461734,51.07152721737827,3.1034261579267404,2022,2,16,31033,Torhout,Onbekend,Droog,Dag,met lichtgewonden,3,Fiets,9,personenauto,Buiten Kruispunt,Gemeenteweg,binnen bebouwde kom,Tussen 2 bestuurders: Flank tegen flank,Geen hindernis
29789,84,Roeselare totem,Izegem,50.91717,3.18772,2.2045588390644397,50.90665029746554,3.214372887230075,2022,2,10,36008,Izegem,Normaal,Droog,Dag,met lichtgewonden,9,personenauto,3,Fiets,Buiten Kruispunt,Gewestweg,buiten bebouwde kom,Tss. 2 best.: langs opzij (voor-/achterkant-flank),Geen hindernis
29790,84,Roeselare totem,Izegem,50.91717,3.18772,1.6299055771884805,50.931023288806024,3.1801207114988075,2022,2,14,36008,Izegem,Normaal,Droog,Dag,met lichtgewonden,9,personenauto,3,Fiets,Op Kruispunt,Gemeenteweg,buiten bebouwde kom,Tussen 2 bestuurders: Frontale botsing,Geen hindernis
29791,84,Roeselare totem,Izegem,50.91717,3.18772,2.4550032774509982,50.9318617333534,3.1615747039662816,2022,2,7,36015,Roeselare,Regenval,"Nat, plassen",Dageraad - schemering,met lichtgewonden,9,personenauto,3,Fiets,Op Kruispunt,Gewestweg,binnen bebouwde kom,Tussen 2 bestuurders: Flank tegen flank,Geen hindernis
29792,84,Roeselare totem,Izegem,50.91717,3.18772,0.8033131087368257,50.91810995342121,3.1990818981284894,2022,2,8,36008,Izegem,Normaal,Droog,Dag,met lichtgewonden,3,Fiets,9,personenauto,Op Kruispunt,Gemeenteweg,binnen bebouwde kom,Tss. 2 best.: langs opzij (voor-/achterkant-flank),Geen hindernis
29800,17,Kortrijk 2,Kortrijk,50.83339,3.27773,2.1626537800915493,50.852824212340565,3.2789394750280136,2022,2,8,34023,Kuurne,Normaal,Droog,Dag,met lichtgewonden,9,personenauto,3,Fiets,Op Kruispunt,Gemeenteweg,binnen bebouwde kom,Tussen 2 bestuurders: Frontale botsing,Geen hindernis
29800,16,Kortrijk 1,Kortrijk,50.83332,3.27777,2.170323371281157,50.852824212340565,3.2789394750280136,2022,2,8,34023,Kuurne,Normaal,Droog,Dag,met lichtgewonden,9,personenauto,3,Fiets,Op Kruispunt,Gemeenteweg,binnen bebouwde kom,Tussen 2 bestuurders: Frontale botsing,Geen hindernis
29801,75,Kortrijk teller 2,Kortrijk,50.81925,3.25731,1.8154150930742734,50.82495434568524,3.233094817160622,2022,2,7,34022,Kortrijk,Normaal,Droog,Dag,met zwaargewonden,9,personenauto,3,Fiets,Buiten Kruispunt,Gewestweg,binnen bebouwde kom,Tss. 2 best.: langs opzij (voor-/achterkant-flank),Geen hindernis
29801,74,Kortrijk teller 1,Kortrijk,50.81909,3.25728,1.8197426432921044,50.82495434568524,3.233094817160622,2022,2,7,34022,Kortrijk,Normaal,Droog,Dag,met zwaargewonden,9,personenauto,3,Fiets,Buiten Kruispunt,Gewestweg,binnen bebouwde kom,Tss. 2 best.: langs opzij (voor-/achterkant-flank),Geen hindernis
29801,143,Eco Display Classic Budastraat,Kortrijk,50.83066,3.26286,2.1847532923236908,50.82495434568524,3.233094817160622,2022,2,7,34022,Kortrijk,Normaal,Droog,Dag,met zwaargewonden,9,personenauto,3,Fiets,Buiten Kruispunt,Gewestweg,binnen bebouwde kom,Tss. 2 best.: langs opzij (voor-/achterkant-flank),Geen hindernis
29802,16,Kortrijk 1,Kortrijk,50.83332,3.27777,0.5302007779196861,50.829384053265976,3.2735086413469356,2022,2,8,34022,Kortrijk,Normaal,Droog,Dag,met lichtgewonden,9,personenauto,3,Fiets,Buiten Kruispunt,Gewestweg,binnen bebouwde kom,Tussen 2 bestuurders: Flank tegen flank,Geen hindernis
29802,17,Kortrijk 2,Kortrijk,50.83339,3.27773,0.5350820858491453,50.829384053265976,3.2735086413469356,2022,2,8,34022,Kortrijk,Normaal,Droog,Dag,met lichtgewonden,9,personenauto,3,Fiets,Buiten Kruispunt,Gewestweg,binnen bebouwde kom,Tussen 2 bestuurders: Flank tegen flank,Geen hindernis
29802,143,Eco Display Classic Budastraat,Kortrijk,50.83066,3.26286,0.7612277811959143,50.829384053265976,3.2735086413469356,2022,2,8,34022,Kortrijk,Normaal,Droog,Dag,met lichtgewonden,9,personenauto,3,Fiets,Buiten Kruispunt,Gewestweg,binnen bebouwde kom,Tussen 2 bestuurders: Flank tegen flank,Geen hindernis
29802,75,Kortrijk teller 2,Kortrijk,50.81925,3.25731,1.601388108685804,50.829384053265976,3.2735086413469356,2022,2,8,34022,Kortrijk,Normaal,Droog,Dag,met lichtgewonden,9,personenauto,3,Fiets,Buiten Kruispunt,Gewestweg,binnen bebouwde kom,Tussen 2 bestuurders: Flank tegen flank,Geen hindernis
29802,74,Kortrijk teller 1,Kortrijk,50.81909,3.25728,1.6154444752919301,50.829384053265976,3.2735086413469356,2022,2,8,34022,Kortrijk,Normaal,Droog,Dag,met lichtgewonden,9,personenauto,3,Fiets,Buiten Kruispunt,Gewestweg,binnen bebouwde kom,Tussen 2 bestuurders: Flank tegen flank,Geen hindernis
29805,143,Eco Display Classic Budastraat,Kortrijk,50.83066,3.26286,0.12730396249501053,50.8298998789663,3.264215441996384,2022,2,12,34022,Kortrijk,Normaal,Droog,Dag,met lichtgewonden,3,Fiets,5,Lichte vrachtauto,Buiten Kruispunt,Gemeenteweg,binnen bebouwde kom,Tss. 2 best.: langs opzij (voor-/achterkant-flank),Geen hindernis
29805,16,Kortrijk 1,Kortrijk,50.83332,3.27777,1.0251023070064755,50.8298998789663,3.264215441996384,2022,2,12,34022,Kortrijk,Normaal,Droog,Dag,met lichtgewonden,3,Fiets,5,Lichte vrachtauto,Buiten Kruispunt,Gemeenteweg,binnen bebouwde kom,Tss. 2 best.: langs opzij (voor-/achterkant-flank),Geen hindernis
29805,17,Kortrijk 2,Kortrijk,50.83339,3.27773,1.0254138724120094,50.8298998789663,3.264215441996384,2022,2,12,34022,Kortrijk,Normaal,Droog,Dag,met lichtgewonden,3,Fiets,5,Lichte vrachtauto,Buiten Kruispunt,Gemeenteweg,binnen bebouwde kom,Tss. 2 best.: langs opzij (voor-/achterkant-flank),Geen hindernis
29805,75,Kortrijk teller 2,Kortrijk,50.81925,3.25731,1.2796996994165721,50.8298998789663,3.264215441996384,2022,2,12,34022,Kortrijk,Normaal,Droog,Dag,met lichtgewonden,3,Fiets,5,Lichte vrachtauto,Buiten Kruispunt,Gemeenteweg,binnen bebouwde kom,Tss. 2 best.: langs opzij (voor-/achterkant-flank),Geen hindernis
29805,74,Kortrijk teller 1,Kortrijk,50.81909,3.25728,1.296971251724725,50.8298998789663,3.264215441996384,2022,2,12,34022,Kortrijk,Normaal,Droog,Dag,met lichtgewonden,3,Fiets,5,Lichte vrachtauto,Buiten Kruispunt,Gemeenteweg,binnen bebouwde kom,Tss. 2 best.: langs opzij (voor-/achterkant-flank),Geen hindernis
29807,16,Kortrijk 1,Kortrijk,50.83332,3.27777,0.21832417881839467,50.831970869649936,3.2755113906272944,2022,2,11,34022,Kortrijk,Normaal,Droog,Dag,met lichtgewonden,9,personenauto,3,Fiets,Op Kruispunt,Gewestweg,binnen bebouwde kom,Tss. 2 best.: langs opzij (voor-/achterkant-flank),Geen hindernis
29807,17,Kortrijk 2,Kortrijk,50.83339,3.27773,0.22176124735677816,50.831970869649936,3.2755113906272944,2022,2,11,34022,Kortrijk,Normaal,Droog,Dag,met lichtgewonden,9,personenauto,3,Fiets,Op Kruispunt,Gewestweg,binnen bebouwde kom,Tss. 2 best.: langs opzij (voor-/achterkant-flank),Geen hindernis
29807,143,Eco Display Classic Budastraat,Kortrijk,50.83066,3.26286,0.9004009023142318,50.831970869649936,3.2755113906272944,2022,2,11,34022,Kortrijk,Normaal,Droog,Dag,met lichtgewonden,9,personenauto,3,Fiets,Op Kruispunt,Gewestweg,binnen bebouwde kom,Tss. 2 best.: langs opzij (voor-/achterkant-flank),Geen hindernis
29807,75,Kortrijk teller 2,Kortrijk,50.81925,3.25731,1.9066385363024447,50.831970869649936,3.2755113906272944,2022,2,11,34022,Kortrijk,Normaal,Droog,Dag,met lichtgewonden,9,personenauto,3,Fiets,Op Kruispunt,Gewestweg,binnen bebouwde kom,Tss. 2 best.: langs opzij (voor-/achterkant-flank),Geen hindernis
29807,74,Kortrijk teller 1,Kortrijk,50.81909,3.25728,1.9212798295925093,50.831970869649936,3.2755113906272944,2022,2,11,34022,Kortrijk,Normaal,Droog,Dag,met lichtgewonden,9,personenauto,3,Fiets,Op Kruispunt,Gewestweg,binnen bebouwde kom,Tss. 2 best.: langs opzij (voor-/achterkant-flank),Geen hindernis
29809,143,Eco Display Classic Budastraat,Kortrijk,50.83066,3.26286,0.5986265666591819,50.835108971480466,3.267659721912424,2022,2,16,34022,Kortrijk,Normaal,Droog,Dag,met lichtgewonden,3,Fiets,3,Fiets,Op Kruispunt,Gewestweg,binnen bebouwde kom,Tss. 2 best.: langs opzij (voor-/achterkant-flank),Geen hindernis
29809,17,Kortrijk 2,Kortrijk,50.83339,3.27773,0.7325799291945532,50.835108971480466,3.267659721912424,2022,2,16,34022,Kortrijk,Normaal,Droog,Dag,met lichtgewonden,3,Fiets,3,Fiets,Op Kruispunt,Gewestweg,binnen bebouwde kom,Tss. 2 best.: langs opzij (voor-/achterkant-flank),Geen hindernis
29809,16,Kortrijk 1,Kortrijk,50.83332,3.27777,0.7373542675788779,50.835108971480466,3.267659721912424,2022,2,16,34022,Kortrijk,Normaal,Droog,Dag,met lichtgewonden,3,Fiets,3,Fiets,Op Kruispunt,Gewestweg,binnen bebouwde kom,Tss. 2 best.: langs opzij (voor-/achterkant-flank),Geen hindernis
29809,75,Kortrijk teller 2,Kortrijk,50.81925,3.25731,1.9073938680700033,50.835108971480466,3.267659721912424,2022,2,16,34022,Kortrijk,Normaal,Droog,Dag,met lichtgewonden,3,Fiets,3,Fiets,Op Kruispunt,Gewestweg,binnen bebouwde kom,Tss. 2 best.: langs opzij (voor-/achterkant-flank),Geen hindernis
29809,74,Kortrijk teller 1,Kortrijk,50.81909,3.25728,1.9246519029903564,50.835108971480466,3.267659721912424,2022,2,16,34022,Kortrijk,Normaal,Droog,Dag,met lichtgewonden,3,Fiets,3,Fiets,Op Kruispunt,Gewestweg,binnen bebouwde kom,Tss. 2 best.: langs opzij (voor-/achterkant-flank),Geen hindernis
29822,66,Nieuwpoort totem,Nieuwpoort,51.1347,2.74369,0.2479931744600429,51.133193493220645,2.7463107577468704,2022,2,11,38016,Nieuwpoort,Normaal,Droog,Dag,met lichtgewonden,3,Fiets,3,Fiets,Op Kruispunt,Gewestweg,binnen bebouwde kom,Tss. 2 best.: langs opzij (voor-/achterkant-flank),Geen hindernis
29822,63,Nieuwpoort teller 3,Nieuwpoort,51.13529,2.74289,0.33363816146418956,51.133193493220645,2.7463107577468704,2022,2,11,38016,Nieuwpoort,Normaal,Droog,Dag,met lichtgewonden,3,Fiets,3,Fiets,Op Kruispunt,Gewestweg,binnen bebouwde kom,Tss. 2 best.: langs opzij (voor-/achterkant-flank),Geen hindernis
29822,65,Nieuwpoort teller 2,Nieuwpoort,51.13435,2.75511,0.6272926735335759,51.133193493220645,2.7463107577468704,2022,2,11,38016,Nieuwpoort,Normaal,Droog,Dag,met lichtgewonden,3,Fiets,3,Fiets,Op Kruispunt,Gewestweg,binnen bebouwde kom,Tss. 2 best.: langs opzij (voor-/achterkant-flank),Geen hindernis
29822,64,Nieuwpoort teller 1,Nieuwpoort,51.13359,2.75737,0.7729266598075841,51.133193493220645,2.7463107577468704,2022,2,11,38016,Nieuwpoort,Normaal,Droog,Dag,met lichtgewonden,3,Fiets,3,Fiets,Op Kruispunt,Gewestweg,binnen bebouwde kom,Tss. 2 best.: langs opzij (voor-/achterkant-flank),Geen hindernis
29824,67,Ieper totem,Ieper,50.85018,2.85624,1.893305633968118,50.85028105912777,2.8832085841078836,2022,2,8,33011,Ieper,Normaal,Droog,Dag,met lichtgewonden,3,Fiets,10,"één bestuurder, geen hindernis",Buiten Kruispunt,Gewestweg,binnen bebouwde kom,"Eén bestuurder, geen hindernis (incl. val)",Geen hindernis
29824,68,Ieper,Ieper,50.85032,2.85608,1.9045068106518819,50.85028105912777,2.8832085841078836,2022,2,8,33011,Ieper,Normaal,Droog,Dag,met lichtgewonden,3,Fiets,10,"één bestuurder, geen hindernis",Buiten Kruispunt,Gewestweg,binnen bebouwde kom,"Eén bestuurder, geen hindernis (incl. val)",Geen hindernis
29828,68,Ieper,Ieper,50.85032,2.85608,1.341322610765105,50.85761068468363,2.871302994729071,2022,2,16,33011,Ieper,Normaal,Droog,Dag,met lichtgewonden,3,Fiets,9,personenauto,Op Kruispunt,Gewestweg,binnen bebouwde kom,Tss. 2 best.: langs opzij (voor-/achterkant-flank),Geen hindernis