crash_row_id,site_id,site_name,site_gemeente,site_lat,site_long,distance_km,crash_lat,crash_long,DT_YEAR_COLLISION,DT_MONTH_COLLISION,DT_TIME,CD_NIS,TX_MUNTY_COLLISION_NL,TX_WEATHER_NL,TX_ROAD_CONDITION_NL,TX_LIGHT_CONDITION_NL,TX_CLASS_ACCIDENTS_NL,CD_ROAD_USR_TYPE1,TX_ROAD_USR_TYPE1_NL,CD_ROAD_USR_TYPE2,TX_ROAD_USR_TYPE2_NL,TX_CROSSWAY_NL,CD_ROAD_TYPE_NL,TX_BUILD_UP_AREA_NL,TX_COLLISION_TYPE_NL,TX_OBSTACLES_NL
29828,67,Ieper totem,Ieper,50.85018,2.85624,1.3419218381708915,50.85761068468363,2.871302994729071,2022,2,16,33011,Ieper,Normaal,Droog,Dag,met lichtgewonden,3,Fiets,9,personenauto,Op Kruispunt,Gewestweg,binnen bebouwde kom,Tss. 2 best.: langs opzij (voor-/achterkant-flank),Geen hindernis
29829,67,Ieper totem,Ieper,50.85018,2.85624,2.2985671681688564,50.85160136931055,2.8889047491470348,2022,2,0,33011,Ieper,Normaal,Droog,"Nacht, openbare verlichting aanwezig en ontstoken",met lichtgewonden,3,Fiets,99,onbekend,Buiten Kruispunt,Gewestweg,binnen bebouwde kom,Tussen 2 bestuurders: Frontale botsing,Geen hindernis
29829,68,Ieper,Ieper,50.85032,2.85608,2.3087565900901086,50.85160136931055,2.8889047491470348,2022,2,0,33011,Ieper,Normaal,Droog,"Nacht, openbare verlichting aanwezig en ontstoken",met lichtgewonden,3,Fiets,99,onbekend,Buiten Kruispunt,Gewestweg,binnen bebouwde kom,Tussen 2 bestuurders: Frontale botsing,Geen hindernis
29837,106,St. pieters leeuw teller 1,Sint-Pieters-Leeuw,50.75533,4.24951,0.7656834020478085,50.76207890348303,4.25167096904075,2022,2,15,23077,Sint-Pieters-Leeuw,Normaal,Droog,Dag,met lichtgewonden,3,Fiets,9,personenauto,Buiten Kruispunt,Gewestweg,binnen bebouwde kom,Tussen 2 bestuurders: Flank tegen flank,Geen hindernis
29837,105,St. pieters leeuw teller 2,Halle,50.75509,4.24943,0.7929562635880355,50.76207890348303,4.25167096904075,2022,2,15,23077,Sint-Pieters-Leeuw,Normaal,Droog,Dag,met lichtgewonden,3,Fiets,9,personenauto,Buiten Kruispunt,Gewestweg,binnen bebouwde kom,Tussen 2 bestuurders: Flank tegen flank,Geen hindernis
29838,99,Mechelen teller 1,Mechelen,51.04564,4.46882,0.706054715779156,51.040520764182666,4.474794867987896,2022,2,18,12025,Mechelen,Onbekend,Onbekend,Onbekend,met lichtgewonden,9,personenauto,3,Fiets,Op Kruispunt,Gemeenteweg,binnen bebouwde kom,Tss. 2 best.: langs opzij (voor-/achterkant-flank),Geen hindernis
29838,100,Mechelen teller 2,Mechelen,51.0457,4.46883,0.7110340823135617,51.040520764182666,4.474794867987896,2022,2,18,12025,Mechelen,Onbekend,Onbekend,Onbekend,met lichtgewonden,9,personenauto,3,Fiets,Op Kruispunt,Gemeenteweg,binnen bebouwde kom,Tss. 2 best.: langs opzij (voor-/achterkant-flank),Geen hindernis
29841,99,Mechelen teller 1,Mechelen,51.04564,4.46882,0.9252929215151614,51.03736181098498,4.470166346490991,2022,2,15,12025,Mechelen,Normaal,Droog+Proper,Dag,met lichtgewonden,3,Fiets,3,Fiets,Buiten Kruispunt,Gemeenteweg,binnen bebouwde kom,Tussen 2 bestuurders: Langs achteren,Geen hindernis
29841,100,Mechelen teller 2,Mechelen,51.0457,4.46883,0.9318598888522246,51.03736181098498,4.470166346490991,2022,2,15,12025,Mechelen,Normaal,Droog+Proper,Dag,met lichtgewonden,3,Fiets,3,Fiets,Buiten Kruispunt,Gemeenteweg,binnen bebouwde kom,Tussen 2 bestuurders: Langs achteren,Geen hindernis
29847,99,Mechelen teller 1,Mechelen,51.04564,4.46882,2.332977886182752,51.02888794218019,4.488908737449847,2022,2,13,12025,Mechelen,Normaal,Droog,Dag,met lichtgewonden,9,personenauto,3,Fiets,Buiten Kruispunt,Gewestweg,binnen bebouwde kom,Tss. 2 best.: langs opzij (voor-/achterkant-flank),Geen hindernis
29847,100,Mechelen teller 2,Mechelen,51.0457,4.46883,2.337887792161393,51.02888794218019,4.488908737449847,2022,2,13,12025,Mechelen,Normaal,Droog,Dag,met lichtgewonden,9,personenauto,3,Fiets,Buiten Kruispunt,Gewestweg,binnen bebouwde kom,Tss. 2 best.: langs opzij (voor-/achterkant-flank),Geen hindernis
29848,99,Mechelen teller 1,Mechelen,51.04564,4.46882,0.6154023713210711,51.040436482694055,4.471818194898973,2022,2,16,12025,Mechelen,Normaal,Droog,Dag,met lichtgewonden,9,personenauto,3,Fiets,Op Kruispunt,Gewestweg,binnen bebouwde kom,Tss. 2 best.: langs opzij (voor-/achterkant-flank),Geen hindernis
29848,100,Mechelen teller 2,Mechelen,51.0457,4.46883,0.621443870541375,51.040436482694055,4.471818194898973,2022,2,16,12025,Mechelen,Normaal,Droog,Dag,met lichtgewonden,9,personenauto,3,Fiets,Op Kruispunt,Gewestweg,binnen bebouwde kom,Tss. 2 best.: langs opzij (voor-/achterkant-flank),Geen hindernis
29849,99,Mechelen teller 1,Mechelen,51.04564,4.46882,2.0418111147707214,51.04027936060049,4.440886964850994,2022,2,8,12025,Mechelen,Normaal,"Nat, plassen",Dag,met lichtgewonden,9,personenauto,3,Fiets,Op Kruispunt,Gewestweg,binnen bebouwde kom,Tussen 2 bestuurders: Flank tegen flank,Geen hindernis
29849,100,Mechelen teller 2,Mechelen,51.0457,4.46883,2.0444356070623466,51.04027936060049,4.440886964850994,2022,2,8,12025,Mechelen,Normaal,"Nat, plassen",Dag,met lichtgewonden,9,personenauto,3,Fiets,Op Kruispunt,Gewestweg,binnen bebouwde kom,Tussen 2 bestuurders: Flank tegen flank,Geen hindernis
29850,99,Mechelen teller 1,Mechelen,51.04564,4.46882,1.9204087236733687,51.030655726201545,4.482477066952762,2022,2,14,12025,Mechelen,Normaal,Droog,Dag,met lichtgewonden,9,personenauto,3,Fiets,Op Kruispunt,Gewestweg,binnen bebouwde kom,Tussen 2 bestuurders: Flank tegen flank,Geen hindernis
29850,100,Mechelen teller 2,Mechelen,51.0457,4.46883,1.9258532114184328,51.030655726201545,4.482477066952762,2022,2,14,12025,Mechelen,Normaal,Droog,Dag,met lichtgewonden,9,personenauto,3,Fiets,Op Kruispunt,Gewestweg,binnen bebouwde kom,Tussen 2 bestuurders: Flank tegen flank,Geen hindernis
29852,99,Mechelen teller 1,Mechelen,51.04564,4.46882,1.6974165762851385,51.035118052176145,4.486409279132608,2022,2,15,12025,Mechelen,Normaal,"Nat, plassen",Dag,met lichtgewonden,3,Fiets,3,Fiets,Buiten Kruispunt,Gemeenteweg,binnen bebouwde kom,Tussen 2 bestuurders: Flank tegen flank,Geen hindernis
29852,100,Mechelen teller 2,Mechelen,51.0457,4.46883,1.7015163954338857,51.035118052176145,4.486409279132608,2022,2,15,12025,Mechelen,Normaal,"Nat, plassen",Dag,met lichtgewonden,3,Fiets,3,Fiets,Buiten Kruispunt,Gemeenteweg,binnen bebouwde kom,Tussen 2 bestuurders: Flank tegen flank,Geen hindernis
29853,30,Herk De Stad,Herk-de-Stad,50.94374,5.17691,1.0010440236110363,50.94076635761928,5.163424411374423,2022,2,16,71024,Herk-de-Stad,Normaal,"Nat, plassen",Dag,met lichtgewonden,9,personenauto,3,Fiets,Op Kruispunt,Gemeenteweg,binnen bebouwde kom,Tss. 2 best.: langs opzij (voor-/achterkant-flank),Geen hindernis
29853,31,Herk De Stad,Herk-de-Stad,50.94366,5.1775,1.0373586722301171,50.94076635761928,5.163424411374423,2022,2,16,71024,Herk-de-Stad,Normaal,"Nat, plassen",Dag,met lichtgewonden,9,personenauto,3,Fiets,Op Kruispunt,Gemeenteweg,binnen bebouwde kom,Tss. 2 best.: langs opzij (voor-/achterkant-flank),Geen hindernis
29854,140,Hasselt ring,Hasselt,50.9300038,5.3438616,1.2420564473136142,50.922181432690614,5.331211265291163,2022,2,8,71022,Hasselt,Normaal,Droog,Dag,met lichtgewonden,9,personenauto,3,Fiets,Op Kruispunt,Gewestweg,binnen bebouwde kom,Tss. 2 best.: langs opzij (voor-/achterkant-flank),Geen hindernis
29854,138,Hasselt-Kempische brug,Hasselt,50.9405318,5.3422472,2.182124130189629,50.922181432690614,5.331211265291163,2022,2,8,71022,Hasselt,Normaal,Droog,Dag,met lichtgewonden,9,personenauto,3,Fiets,Op Kruispunt,Gewestweg,binnen bebouwde kom,Tss. 2 best.: langs opzij (voor-/achterkant-flank),Geen hindernis
29854,137,Hasselt-Kempische brug,Hasselt,50.9411605,5.3417576,2.236054641757223,50.922181432690614,5.331211265291163,2022,2,8,71022,Hasselt,Normaal,Droog,Dag,met lichtgewonden,9,personenauto,3,Fiets,Op Kruispunt,Gewestweg,binnen bebouwde kom,Tss. 2 best.: langs opzij (voor-/achterkant-flank),Geen hindernis
29859,140,Hasselt ring,Hasselt,50.9300038,5.3438616,1.237297357490724,50.93300142945892,5.326858946708164,2022,2,19,71022,Hasselt,Normaal,Droog,"Nacht, openbare verlichting aanwezig en ontstoken",met lichtgewonden,9,personenauto,3,Fiets,Op Kruispunt,Gewestweg,binnen bebouwde kom,Tss. 2 best.: langs opzij (voor-/achterkant-flank),Geen hindernis
29859,138,Hasselt-Kempische brug,Hasselt,50.9405318,5.3422472,1.3652308432286488,50.93300142945892,5.326858946708164,2022,2,19,71022,Hasselt,Normaal,Droog,"Nacht, openbare verlichting aanwezig en ontstoken",met lichtgewonden,9,personenauto,3,Fiets,Op Kruispunt,Gewestweg,binnen bebouwde kom,Tss. 2 best.: langs opzij (voor-/achterkant-flank),Geen hindernis
29859,137,Hasselt-Kempische brug,Hasselt,50.9411605,5.3417576,1.3831092783243817,50.93300142945892,5.326858946708164,2022,2,19,71022,Hasselt,Normaal,Droog,"Nacht, openbare verlichting aanwezig en ontstoken",met lichtgewonden,9,personenauto,3,Fiets,Op Kruispunt,Gewestweg,binnen bebouwde kom,Tss. 2 best.: langs opzij (voor-/achterkant-flank),Geen hindernis
29860,140,Hasselt ring,Hasselt,50.9300038,5.3438616,0.285344911225395,50.927470351001304,5.344509687615561,2022,2,18,71022,Hasselt,Normaal,"Nat, plassen","Nacht, openbare verlichting aanwezig en ontstoken",met lichtgewonden,3,Fiets,9,personenauto,Op Kruispunt,Gemeenteweg,binnen bebouwde kom,Tss. 2 best.: langs opzij (voor-/achterkant-flank),Geen hindernis
29860,138,Hasselt-Kempische brug,Hasselt,50.9405318,5.3422472,1.4609951705183015,50.927470351001304,5.344509687615561,2022,2,18,71022,Hasselt,Normaal,"Nat, plassen","Nacht, openbare verlichting aanwezig en ontstoken",met lichtgewonden,3,Fiets,9,personenauto,Op Kruispunt,Gemeenteweg,binnen bebouwde kom,Tss. 2 best.: langs opzij (voor-/achterkant-flank),Geen hindernis
29860,137,Hasselt-Kempische brug,Hasselt,50.9411605,5.3417576,1.534442881153567,50.927470351001304,5.344509687615561,2022,2,18,71022,Hasselt,Normaal,"Nat, plassen","Nacht, openbare verlichting aanwezig en ontstoken",met lichtgewonden,3,Fiets,9,personenauto,Op Kruispunt,Gemeenteweg,binnen bebouwde kom,Tss. 2 best.: langs opzij (voor-/achterkant-flank),Geen hindernis
29861,137,Hasselt-Kempische brug,Hasselt,50.9411605,5.3417576,1.9390903585491595,50.93732799639693,5.314760107151227,2022,2,0,71022,Hasselt,Normaal,Droog,"Nacht, openbare verlichting aanwezig en ontstoken",met lichtgewonden,3,Fiets,10,"één bestuurder, geen hindernis",Op Kruispunt,Gewestweg,buiten bebouwde kom,"Eén bestuurder, geen hindernis (incl. val)",Geen hindernis
29861,138,Hasselt-Kempische brug,Hasselt,50.9405318,5.3422472,1.9586712625424305,50.93732799639693,5.314760107151227,2022,2,0,71022,Hasselt,Normaal,Droog,"Nacht, openbare verlichting aanwezig en ontstoken",met lichtgewonden,3,Fiets,10,"één bestuurder, geen hindernis",Op Kruispunt,Gewestweg,buiten bebouwde kom,"Eén bestuurder, geen hindernis (incl. val)",Geen hindernis
29861,140,Hasselt ring,Hasselt,50.9300038,5.3438616,2.1959568190843926,50.93732799639693,5.314760107151227,2022,2,0,71022,Hasselt,Normaal,Droog,"Nacht, openbare verlichting aanwezig en ontstoken",met lichtgewonden,3,Fiets,10,"één bestuurder, geen hindernis",Op Kruispunt,Gewestweg,buiten bebouwde kom,"Eén bestuurder, geen hindernis (incl. val)",Geen hindernis
29864,25,Bree,Bree,51.13679500160176,5.597669323604317,1.3506960397734094,51.14000975806544,5.6163387730075245,2022,2,12,72004,Bree,Normaal,Droog,Dag,met lichtgewonden,9,personenauto,3,Fiets,Op Kruispunt,Gewestweg,buiten bebouwde kom,Tss. 2 best.: langs opzij (voor-/achterkant-flank),Geen hindernis
29865,25,Bree,Bree,51.13679500160176,5.597669323604317,1.3775026910265122,51.12793869838585,5.611473037245132,2022,2,14,72004,Bree,Normaal,Droog,Dag,met lichtgewonden,3,Fiets,3,Fiets,Buiten Kruispunt,Gemeenteweg,buiten bebouwde kom,Tussen 2 bestuurders: Flank tegen flank,Geen hindernis
29868,25,Bree,Bree,51.13679500160176,5.597669323604317,2.1134520783568753,51.14297822287546,5.626314928218696,2022,2,14,72004,Bree,Normaal,Droog,Dag,met lichtgewonden,5,Lichte vrachtauto,3,Fiets,Op Kruispunt,Gemeenteweg,binnen bebouwde kom,Tussen 2 bestuurders: Frontale botsing,Geen hindernis
29870,14,Genk,Genk,50.97172,5.48927,2.2806796122943993,50.97789177365718,5.5203343700009615,2022,2,8,71016,Genk,Regenval,"Nat, plassen",Dag,met lichtgewonden,9,personenauto,3,Fiets,Op Kruispunt,Gemeenteweg,binnen bebouwde kom,Tss. 2 best.: langs opzij (voor-/achterkant-flank),Geen hindernis
29871,14,Genk,Genk,50.97172,5.48927,0.703029729142124,50.967015882796616,5.495978155679936,2022,2,7,71016,Genk,Normaal,"Nat, plassen",Dageraad - schemering,met lichtgewonden,9,personenauto,3,Fiets,Buiten Kruispunt,Gewestweg,binnen bebouwde kom,Tss. 2 best.: langs opzij (voor-/achterkant-flank),Geen hindernis
29875,14,Genk,Genk,50.97172,5.48927,1.88326637539266,50.955200984643426,5.483335222412242,2022,2,12,71016,Genk,Normaal,Droog,Dag,met lichtgewonden,3,Fiets,9,personenauto,Op Kruispunt,Gewestweg,binnen bebouwde kom,Tss. 2 best.: langs opzij (voor-/achterkant-flank),Geen hindernis
29876,14,Genk,Genk,50.97172,5.48927,1.1492016521066744,50.96177036338811,5.484830370625639,2022,2,9,71016,Genk,Normaal,Droog,Dag,met lichtgewonden,3,Fiets,9,personenauto,Op Kruispunt,Gewestweg,binnen bebouwde kom,Tss. 2 best.: langs opzij (voor-/achterkant-flank),Geen hindernis
29877,14,Genk,Genk,50.97172,5.48927,2.007181496289075,50.983854133387254,5.5104957743487395,2022,2,14,71016,Genk,Normaal,Droog,Dag,met lichtgewonden,3,Fiets,10,"één bestuurder, geen hindernis",Buiten Kruispunt,Gemeenteweg,buiten bebouwde kom,"Eén bestuurder, geen hindernis (incl. val)",Geen hindernis
29879,23,Tienen 3,Tienen,50.81324,4.93447,0.44626061487103547,50.81234260307698,4.928279192581891,2022,2,20,24107,Tienen,Normaal,Droog,Dageraad - schemering,met lichtgewonden,3,Fiets,10,"één bestuurder, geen hindernis",Op Kruispunt,Gewestweg,binnen bebouwde kom,"Eén bestuurder, geen hindernis (incl. val)",Geen hindernis
29879,24,Tienen 1,Tienen,50.8133795491886,4.935044252605416,0.4890926671396642,50.81234260307698,4.928279192581891,2022,2,20,24107,Tienen,Normaal,Droog,Dageraad - schemering,met lichtgewonden,3,Fiets,10,"één bestuurder, geen hindernis",Op Kruispunt,Gewestweg,binnen bebouwde kom,"Eén bestuurder, geen hindernis (incl. val)",Geen hindernis
29879,22,Tienen 2,Tienen,50.81330800184882,4.935984252796022,0.5518917063110345,50.81234260307698,4.928279192581891,2022,2,20,24107,Tienen,Normaal,Droog,Dageraad - schemering,met lichtgewonden,3,Fiets,10,"één bestuurder, geen hindernis",Op Kruispunt,Gewestweg,binnen bebouwde kom,"Eén bestuurder, geen hindernis (incl. val)",Geen hindernis
29880,23,Tienen 3,Tienen,50.81324,4.93447,0.6744883988545759,50.811035136800186,4.9255267829429465,2022,2,18,24107,Tienen,Normaal,"Nat, plassen","Nacht, openbare verlichting aanwezig en ontstoken",met zwaargewonden,3,Fiets,9,personenauto,Op Kruispunt,Gewestweg,binnen bebouwde kom,Tss. 2 best.: langs opzij (voor-/achterkant-flank),Geen hindernis
29880,24,Tienen 1,Tienen,50.8133795491886,4.935044252605416,0.7177151142919089,50.811035136800186,4.9255267829429465,2022,2,18,24107,Tienen,Normaal,"Nat, plassen","Nacht, openbare verlichting aanwezig en ontstoken",met zwaargewonden,3,Fiets,9,personenauto,Op Kruispunt,Gewestweg,binnen bebouwde kom,Tss. 2 best.: langs opzij (voor-/achterkant-flank),Geen hindernis
29880,22,Tienen 2,Tienen,50.81330800184882,4.935984252796022,0.7769947075419055,50.811035136800186,4.9255267829429465,2022,2,18,24107,Tienen,Normaal,"Nat, plassen","Nacht, openbare verlichting aanwezig en ontstoken",met zwaargewonden,3,Fiets,9,personenauto,Op Kruispunt,Gewestweg,binnen bebouwde kom,Tss. 2 best.: langs opzij (voor-/achterkant-flank),Geen hindernis
29882,23,Tienen 3,Tienen,50.81324,4.93447,2.368296977873185,50.81871217731916,4.9018913320679935,2022,2,19,24107,Tienen,Regenval,"Nat, plassen","Nacht, openbare verlichting aanwezig en ontstoken",met zwaargewonden,9,personenauto,3,Fiets,Op Kruispunt,Gewestweg,buiten bebouwde kom,Tss. 2 best.: langs opzij (voor-/achterkant-flank),Geen hindernis
29882,24,Tienen 1,Tienen,50.8133795491886,4.935044252605416,2.403430130949647,50.81871217731916,4.9018913320679935,2022,2,19,24107,Tienen,Regenval,"Nat, plassen","Nacht, openbare verlichting aanwezig en ontstoken",met zwaargewonden,9,personenauto,3,Fiets,Op Kruispunt,Gewestweg,buiten bebouwde kom,Tss. 2 best.: langs opzij (voor-/achterkant-flank),Geen hindernis
29882,22,Tienen 2,Tienen,50.81330800184882,4.935984252796022,2.469407296566179,50.81871217731916,4.9018913320679935,2022,2,19,24107,Tienen,Regenval,"Nat, plassen","Nacht, openbare verlichting aanwezig en ontstoken",met zwaargewonden,9,personenauto,3,Fiets,Op Kruispunt,Gewestweg,buiten bebouwde kom,Tss. 2 best.: langs opzij (voor-/achterkant-flank),Geen hindernis
29992,3,Brasschaat 1,Brasschaat,51.27503,4.47222,1.8056310653661116,51.25972652888355,4.480899270142453,2022,3,11,11040,Schoten,Normaal,Droog,Dag,met lichtgewonden,3,Fiets,11,een weggebruiker tegen een hindernis,Buiten Kruispunt,Gemeenteweg,buiten bebouwde kom,Weggebruiker tegen hindernis op de rijbaan,"Op de rijbaan: Werken (signal., aarde, toestel,…)"
29992,2,Brasschaat 2,Brasschaat,51.27512,4.47169,1.8276634543680175,51.25972652888355,4.480899270142453,2022,3,11,11040,Schoten,Normaal,Droog,Dag,met lichtgewonden,3,Fiets,11,een weggebruiker tegen een hindernis,Buiten Kruispunt,Gemeenteweg,buiten bebouwde kom,Weggebruiker tegen hindernis op de rijbaan,"Op de rijbaan: Werken (signal., aarde, toestel,…)"
30001,91,Brecht teller 2,Brecht,51.35739,4.62422,1.7577398915075133,51.35164909885368,4.647804358117978,2022,3,17,11009,Brecht,Normaal,Droog,Dag,met lichtgewonden,5,Lichte vrachtauto,3,Fiets,Buiten Kruispunt,Gewestweg,binnen bebouwde kom,Tss. 2 best.: langs opzij (voor-/achterkant-flank),Geen hindernis
30001,90,Brecht teller 1,Brecht,51.35752,4.6243,1.7578797089775677,51.35164909885368,4.647804358117978,2022,3,17,11009,Brecht,Normaal,Droog,Dag,met lichtgewonden,5,Lichte vrachtauto,3,Fiets,Buiten Kruispunt,Gewestweg,binnen bebouwde kom,Tss. 2 best.: langs opzij (voor-/achterkant-flank),Geen hindernis
30007,8,Heist op den Berg 1,Heist-op-den-Berg,51.06759,4.68823,1.7170388549018931,51.05857372383958,4.668282864273354,2022,3,12,12029,Putte,Normaal,Droog,Dag,met lichtgewonden,9,personenauto,3,Fiets,Op Kruispunt,Gemeenteweg,binnen bebouwde kom,Tss. 2 best.: langs opzij (voor-/achterkant-flank),Geen hindernis
30007,9,Heist op den Berg 2,Heist-op-den-Berg,51.06904,4.69524,2.2142920542174043,51.05857372383958,4.668282864273354,2022,3,12,12029,Putte,Normaal,Droog,Dag,met lichtgewonden,9,personenauto,3,Fiets,Op Kruispunt,Gemeenteweg,binnen bebouwde kom,Tss. 2 best.: langs opzij (voor-/achterkant-flank),Geen hindernis
30011,96,Lier teller 2,Lier,51.11705,4.58444,2.4195849656891,51.13786392872785,4.594551664539383,2022,3,6,12021,Lier,Normaal,Droog,Dag,met lichtgewonden,3,Fiets,5,Lichte vrachtauto,Op Kruispunt,Gewestweg,buiten bebouwde kom,Tss. 2 best.: langs opzij (voor-/achterkant-flank),Geen hindernis
30011,95,Lier teller 1,Lier,51.11687,4.58437,2.440155287452253,51.13786392872785,4.594551664539383,2022,3,6,12021,Lier,Normaal,Droog,Dag,met lichtgewonden,3,Fiets,5,Lichte vrachtauto,Op Kruispunt,Gewestweg,buiten bebouwde kom,Tss. 2 best.: langs opzij (voor-/achterkant-flank),Geen hindernis
30012,96,Lier teller 2,Lier,51.11705,4.58444,2.4367267289675447,51.13753504908868,4.572037458161718,2022,3,16,12021,Lier,Normaal,Droog,Dag,met lichtgewonden,3,Fiets,9,personenauto,Buiten Kruispunt,Gewestweg,binnen bebouwde kom,Tussen 2 bestuurders: Langs achteren,Geen hindernis
30012,95,Lier teller 1,Lier,51.11687,4.58437,2.4537299358031786,51.13753504908868,4.572037458161718,2022,3,16,12021,Lier,Normaal,Droog,Dag,met lichtgewonden,3,Fiets,9,personenauto,Buiten Kruispunt,Gewestweg,binnen bebouwde kom,Tussen 2 bestuurders: Langs achteren,Geen hindernis
30014,96,Lier teller 2,Lier,51.11705,4.58444,1.0947205554980208,51.12483895707523,4.57484686394324,2022,3,13,12021,Lier,Normaal,Droog,Dag,met lichtgewonden,9,personenauto,3,Fiets,Buiten Kruispunt,Gewestweg,binnen bebouwde kom,Tss. 2 best.: langs opzij (voor-/achterkant-flank),Geen hindernis
30014,95,Lier teller 1,Lier,51.11687,4.58437,1.107685326313266,51.12483895707523,4.57484686394324,2022,3,13,12021,Lier,Normaal,Droog,Dag,met lichtgewonden,9,personenauto,3,Fiets,Buiten Kruispunt,Gewestweg,binnen bebouwde kom,Tss. 2 best.: langs opzij (voor-/achterkant-flank),Geen hindernis
30016,96,Lier teller 2,Lier,51.11705,4.58444,2.4088101230173327,51.13299067825332,4.561067769242439,2022,3,17,12021,Lier,Normaal,Droog,Dag,met lichtgewonden,3,Fiets,3,Fiets,Buiten Kruispunt,Gemeenteweg,binnen bebouwde kom,Tss. 2 best.: langs opzij (voor-/achterkant-flank),Geen hindernis
30016,95,Lier teller 1,Lier,51.11687,4.58437,2.4202931131190133,51.13299067825332,4.561067769242439,2022,3,17,12021,Lier,Normaal,Droog,Dag,met lichtgewonden,3,Fiets,3,Fiets,Buiten Kruispunt,Gemeenteweg,binnen bebouwde kom,Tss. 2 best.: langs opzij (voor-/achterkant-flank),Geen hindernis
30018,93,Nijlen teller 2,Nijlen,51.14998,4.64469,1.5895613928784418,51.14801767683163,4.622117060261221,2022,3,12,12026,Nijlen,Normaal,Droog,Dag,met lichtgewonden,3,Fiets,9,personenauto,Op Kruispunt,Gemeenteweg,binnen bebouwde kom,Tss. 2 best.: langs opzij (voor-/achterkant-flank),Geen hindernis
30018,92,Nijlen teller 1,Nijlen,51.14989,4.64479,1.5951354141755898,51.14801767683163,4.622117060261221,2022,3,12,12026,Nijlen,Normaal,Droog,Dag,met lichtgewonden,3,Fiets,9,personenauto,Op Kruispunt,Gemeenteweg,binnen bebouwde kom,Tss. 2 best.: langs opzij (voor-/achterkant-flank),Geen hindernis
30019,92,Nijlen teller 1,Nijlen,51.14989,4.64479,2.3345334501886637,51.161358399526875,4.672828440844039,2022,3,16,12026,Nijlen,Normaal,Droog,Dag,met lichtgewonden,9,personenauto,3,Fiets,Op Kruispunt,Gewestweg,binnen bebouwde kom,Tss. 2 best.: langs opzij (voor-/achterkant-flank),Geen hindernis
30019,93,Nijlen teller 2,Nijlen,51.14998,4.64469,2.3349388884268687,51.161358399526875,4.672828440844039,2022,3,16,12026,Nijlen,Normaal,Droog,Dag,met lichtgewonden,9,personenauto,3,Fiets,Op Kruispunt,Gewestweg,binnen bebouwde kom,Tss. 2 best.: langs opzij (voor-/achterkant-flank),Geen hindernis
30029,133,Gierde Lille Totem,Lille,51.2453915,4.8297416,2.439996944244103,51.223480607319274,4.831649080626975,2022,3,16,13019,Lille,Normaal,Droog,Dag,met lichtgewonden,9,personenauto,3,Fiets,Op Kruispunt,Gewestweg,binnen bebouwde kom,Tss. 2 best.: langs opzij (voor-/achterkant-flank),Geen hindernis
30029,132,Gierde lille,Lille,51.245445,4.8298851,2.4454149550226947,51.223480607319274,4.831649080626975,2022,3,16,13019,Lille,Normaal,Droog,Dag,met lichtgewonden,9,personenauto,3,Fiets,Op Kruispunt,Gewestweg,binnen bebouwde kom,Tss. 2 best.: langs opzij (voor-/achterkant-flank),Geen hindernis
30030,133,Gierde Lille Totem,Lille,51.2453915,4.8297416,1.1356674223978103,51.2511398771243,4.81625480419931,2022,3,17,13019,Lille,Normaal,Droog,Dag,met lichtgewonden,9,personenauto,3,Fiets,Op Kruispunt,Gewestweg,binnen bebouwde kom,Tss. 2 best.: langs opzij (voor-/achterkant-flank),Geen hindernis
30030,132,Gierde lille,Lille,51.245445,4.8298851,1.1406231159591413,51.2511398771243,4.81625480419931,2022,3,17,13019,Lille,Normaal,Droog,Dag,met lichtgewonden,9,personenauto,3,Fiets,Op Kruispunt,Gewestweg,binnen bebouwde kom,Tss. 2 best.: langs opzij (voor-/achterkant-flank),Geen hindernis
30032,89,Westerlo teller 2,Westerlo,51.08191,4.91334,0.5950896571867248,51.07670811782718,4.915341962678822,2022,3,16,13013,Herselt,Normaal,Droog,Dag,met lichtgewonden,5,Lichte vrachtauto,3,Fiets,Op Kruispunt,Gewestweg,buiten bebouwde kom,Tussen 2 bestuurders: Frontale botsing,Geen hindernis
30032,88,Westerlo teller 1,Westerlo,51.082,4.91325,0.6063060899812498,51.07670811782718,4.915341962678822,2022,3,16,13013,Herselt,Normaal,Droog,Dag,met lichtgewonden,5,Lichte vrachtauto,3,Fiets,Op Kruispunt,Gewestweg,buiten bebouwde kom,Tussen 2 bestuurders: Frontale botsing,Geen hindernis
30033,88,Westerlo teller 1,Westerlo,51.082,4.91325,1.072595941237104,51.090901484603044,4.919166221356615,2022,3,8,13049,Westerlo,Normaal,Droog,Dag,met lichtgewonden,3,Fiets,9,personenauto,Op Kruispunt,Gewestweg,binnen bebouwde kom,Tussen 2 bestuurders: Langs achteren,Geen hindernis
30033,89,Westerlo teller 2,Westerlo,51.08191,4.91334,1.0794524941395536,51.090901484603044,4.919166221356615,2022,3,8,13049,Westerlo,Normaal,Droog,Dag,met lichtgewonden,3,Fiets,9,personenauto,Op Kruispunt,Gewestweg,binnen bebouwde kom,Tussen 2 bestuurders: Langs achteren,Geen hindernis
30038,97,Geel teller 1,Geel,51.14813,4.99698,2.13112995002314,51.163602496731144,5.0150131362854244,2022,3,16,13008,Geel,Normaal,Droog,Dag,met lichtgewonden,3,Fiets,9,personenauto,Op Kruispunt,Gewestweg,binnen bebouwde kom,Tss. 2 best.: langs opzij (voor-/achterkant-flank),Geen hindernis