crash_row_id,site_id,site_name,site_gemeente,site_lat,site_long,distance_km,crash_lat,crash_long,DT_YEAR_COLLISION,DT_MONTH_COLLISION,DT_TIME,CD_NIS,TX_MUNTY_COLLISION_NL,TX_WEATHER_NL,TX_ROAD_CONDITION_NL,TX_LIGHT_CONDITION_NL,TX_CLASS_ACCIDENTS_NL,CD_ROAD_USR_TYPE1,TX_ROAD_USR_TYPE1_NL,CD_ROAD_USR_TYPE2,TX_ROAD_USR_TYPE2_NL,TX_CROSSWAY_NL,CD_ROAD_TYPE_NL,TX_BUILD_UP_AREA_NL,TX_COLLISION_TYPE_NL,TX_OBSTACLES_NL
30038,98,Geel teller 2,Geel,51.1481,4.99643,2.1566548096395515,51.163602496731144,5.0150131362854244,2022,3,16,13008,Geel,Normaal,Droog,Dag,met lichtgewonden,3,Fiets,9,personenauto,Op Kruispunt,Gewestweg,binnen bebouwde kom,Tss. 2 best.: langs opzij (voor-/achterkant-flank),Geen hindernis
30043,4,Balen 1,Balen,51.16023,5.19011,1.9739523449455096,51.176795256757615,5.200288388476745,2022,3,15,13003,Balen,Normaal,Droog,Dag,met zwaargewonden,3,Fiets,9,personenauto,Op Kruispunt,Gemeenteweg,binnen bebouwde kom,Tussen 2 bestuurders: Frontale botsing,Geen hindernis
30043,5,Balen 2,Balen,51.16018,5.19003,1.9811484076812909,51.176795256757615,5.200288388476745,2022,3,15,13003,Balen,Normaal,Droog,Dag,met zwaargewonden,3,Fiets,9,personenauto,Op Kruispunt,Gemeenteweg,binnen bebouwde kom,Tussen 2 bestuurders: Frontale botsing,Geen hindernis
30046,135,Retie 2,Dessel,51.2544998,5.1040064,1.9551591725107418,51.237884954255954,5.113199318532543,2022,3,8,13006,Dessel,Normaal,Droog,Dageraad - schemering,met lichtgewonden,5,Lichte vrachtauto,3,Fiets,Buiten Kruispunt,Gewestweg,binnen bebouwde kom,Tss. 2 best.: langs opzij (voor-/achterkant-flank),Geen hindernis
30046,134,Retie,Dessel,51.2548405,5.1037658,1.9964399989198338,51.237884954255954,5.113199318532543,2022,3,8,13006,Dessel,Normaal,Droog,Dageraad - schemering,met lichtgewonden,5,Lichte vrachtauto,3,Fiets,Buiten Kruispunt,Gewestweg,binnen bebouwde kom,Tss. 2 best.: langs opzij (voor-/achterkant-flank),Geen hindernis
30048,94,Herentals teller 2,Herentals,51.17345,4.81283,0.9472087083461662,51.17593495049247,4.8258262104373255,2022,3,15,13011,Herentals,Normaal,Droog,Dag,met lichtgewonden,9,personenauto,3,Fiets,Buiten Kruispunt,Gewestweg,binnen bebouwde kom,Tss. 2 best.: langs opzij (voor-/achterkant-flank),Geen hindernis
30048,110,Herentals totem,Herentals,51.1739426,4.811783,1.0037486052331368,51.17593495049247,4.8258262104373255,2022,3,15,13011,Herentals,Normaal,Droog,Dag,met lichtgewonden,9,personenauto,3,Fiets,Buiten Kruispunt,Gewestweg,binnen bebouwde kom,Tss. 2 best.: langs opzij (voor-/achterkant-flank),Geen hindernis
30051,94,Herentals teller 2,Herentals,51.17345,4.81283,1.305229612342078,51.174081381475595,4.831525304572852,2022,2,11,13011,Herentals,Onbekend,Onbekend,Dag,met lichtgewonden,9,personenauto,3,Fiets,Op Kruispunt,Gemeenteweg,binnen bebouwde kom,Tussen 2 bestuurders: Frontale botsing,Geen hindernis
30051,110,Herentals totem,Herentals,51.1739426,4.811783,1.3764106854217353,51.174081381475595,4.831525304572852,2022,2,11,13011,Herentals,Onbekend,Onbekend,Dag,met lichtgewonden,9,personenauto,3,Fiets,Op Kruispunt,Gemeenteweg,binnen bebouwde kom,Tussen 2 bestuurders: Frontale botsing,Geen hindernis
30053,37,Lommel teller 1,Lommel,51.23299,5.29211,1.0087779606449312,51.2290200963687,5.305137276050361,2022,3,17,72020,Lommel,Normaal,Droog,Dag,met lichtgewonden,6,Bromfiets,3,Fiets,Op Kruispunt,Gemeenteweg,binnen bebouwde kom,Tussen 2 bestuurders: Flank tegen flank,Geen hindernis
30053,38,Lommel teller 2,Lommel,51.23277,5.29189,1.012255872807596,51.2290200963687,5.305137276050361,2022,3,17,72020,Lommel,Normaal,Droog,Dag,met lichtgewonden,6,Bromfiets,3,Fiets,Op Kruispunt,Gemeenteweg,binnen bebouwde kom,Tussen 2 bestuurders: Flank tegen flank,Geen hindernis
30055,37,Lommel teller 1,Lommel,51.23299,5.29211,0.3067279024623506,51.23285373218748,5.2965100262941105,2022,3,14,72020,Lommel,Normaal,Droog,Dag,met lichtgewonden,9,personenauto,3,Fiets,Op Kruispunt,Gewestweg,buiten bebouwde kom,Kettingbotsing (3 bestuurders of meer),Geen hindernis
30055,38,Lommel teller 2,Lommel,51.23277,5.29189,0.32180647871585716,51.23285373218748,5.2965100262941105,2022,3,14,72020,Lommel,Normaal,Droog,Dag,met lichtgewonden,9,personenauto,3,Fiets,Op Kruispunt,Gewestweg,buiten bebouwde kom,Kettingbotsing (3 bestuurders of meer),Geen hindernis
30056,37,Lommel teller 1,Lommel,51.23299,5.29211,1.7665655563760418,51.2280282796777,5.316212047447636,2022,3,22,72020,Lommel,Normaal,Droog,"Nacht, openbare verlichting aanwezig en ontstoken",met lichtgewonden,9,personenauto,3,Fiets,Op Kruispunt,Gewestweg,binnen bebouwde kom,Tussen 2 bestuurders: Flank tegen flank,Geen hindernis
30056,38,Lommel teller 2,Lommel,51.23277,5.29189,1.773702934553607,51.2280282796777,5.316212047447636,2022,3,22,72020,Lommel,Normaal,Droog,"Nacht, openbare verlichting aanwezig en ontstoken",met lichtgewonden,9,personenauto,3,Fiets,Op Kruispunt,Gewestweg,binnen bebouwde kom,Tussen 2 bestuurders: Flank tegen flank,Geen hindernis
30057,37,Lommel teller 1,Lommel,51.23299,5.29211,1.9029453554181264,51.24028217049014,5.316837838570323,2022,3,14,72020,Lommel,Normaal,Droog,Dag,met lichtgewonden,9,personenauto,3,Fiets,Op Kruispunt,Gemeenteweg,binnen bebouwde kom,Tss. 2 best.: langs opzij (voor-/achterkant-flank),Geen hindernis
30057,38,Lommel teller 2,Lommel,51.23277,5.29189,1.9272923008498963,51.24028217049014,5.316837838570323,2022,3,14,72020,Lommel,Normaal,Droog,Dag,met lichtgewonden,9,personenauto,3,Fiets,Op Kruispunt,Gemeenteweg,binnen bebouwde kom,Tss. 2 best.: langs opzij (voor-/achterkant-flank),Geen hindernis
30061,46,Pelt teller 2,Pelt,51.231,5.44375,1.0468579068341675,51.22213963422154,5.448832066423979,2022,3,9,72043,Pelt,Normaal,Droog,Dag,met lichtgewonden,9,personenauto,3,Fiets,Op Kruispunt,Gemeenteweg,binnen bebouwde kom,Tss. 2 best.: langs opzij (voor-/achterkant-flank),Geen hindernis
30061,45,Pelt teller 1,Pelt,51.23127,5.44377,1.0747030183394957,51.22213963422154,5.448832066423979,2022,3,9,72043,Pelt,Normaal,Droog,Dag,met lichtgewonden,9,personenauto,3,Fiets,Op Kruispunt,Gemeenteweg,binnen bebouwde kom,Tss. 2 best.: langs opzij (voor-/achterkant-flank),Geen hindernis
30086,151,Leuven,District Leuven,50.8690262,4.6854839,0.9416151220409008,50.868479585703604,4.698874015946121,2022,3,17,24062,Leuven,Normaal,Droog,Dag,met lichtgewonden,9,personenauto,3,Fiets,Op Kruispunt,Gewestweg,binnen bebouwde kom,Tss. 2 best.: langs opzij (voor-/achterkant-flank),Geen hindernis
30086,69,Leuven teller 1,Leuven,50.87549,4.71526,1.3891403097125137,50.868479585703604,4.698874015946121,2022,3,17,24062,Leuven,Normaal,Droog,Dag,met lichtgewonden,9,personenauto,3,Fiets,Op Kruispunt,Gewestweg,binnen bebouwde kom,Tss. 2 best.: langs opzij (voor-/achterkant-flank),Geen hindernis
30086,77,Leuven teller 2,Leuven,50.88672,4.70796,2.1260655045618964,50.868479585703604,4.698874015946121,2022,3,17,24062,Leuven,Normaal,Droog,Dag,met lichtgewonden,9,personenauto,3,Fiets,Op Kruispunt,Gewestweg,binnen bebouwde kom,Tss. 2 best.: langs opzij (voor-/achterkant-flank),Geen hindernis
30086,107,leuven totem,Leuven,50.8870744,4.7087919,2.181601131365374,50.868479585703604,4.698874015946121,2022,3,17,24062,Leuven,Normaal,Droog,Dag,met lichtgewonden,9,personenauto,3,Fiets,Op Kruispunt,Gewestweg,binnen bebouwde kom,Tss. 2 best.: langs opzij (voor-/achterkant-flank),Geen hindernis
30086,108,Heverlee teller 1,Leuven,50.8471728,4.6954674,2.3812424152471805,50.868479585703604,4.698874015946121,2022,3,17,24062,Leuven,Normaal,Droog,Dag,met lichtgewonden,9,personenauto,3,Fiets,Op Kruispunt,Gewestweg,binnen bebouwde kom,Tss. 2 best.: langs opzij (voor-/achterkant-flank),Geen hindernis
30087,69,Leuven teller 1,Leuven,50.87549,4.71526,0.6711065449421809,50.877901576664385,4.706491783937833,2022,3,1,24062,Leuven,Normaal,Proper,"Nacht, openbare verlichting aanwezig en ontstoken",met lichtgewonden,3,Fiets,3,Fiets,Op Kruispunt,Gemeenteweg,binnen bebouwde kom,Tss. 2 best.: langs opzij (voor-/achterkant-flank),Geen hindernis
30087,77,Leuven teller 2,Leuven,50.88672,4.70796,0.9859589563244334,50.877901576664385,4.706491783937833,2022,3,1,24062,Leuven,Normaal,Proper,"Nacht, openbare verlichting aanwezig en ontstoken",met lichtgewonden,3,Fiets,3,Fiets,Op Kruispunt,Gemeenteweg,binnen bebouwde kom,Tss. 2 best.: langs opzij (voor-/achterkant-flank),Geen hindernis
30087,107,leuven totem,Leuven,50.8870744,4.7087919,1.0326566405168842,50.877901576664385,4.706491783937833,2022,3,1,24062,Leuven,Normaal,Proper,"Nacht, openbare verlichting aanwezig en ontstoken",met lichtgewonden,3,Fiets,3,Fiets,Op Kruispunt,Gemeenteweg,binnen bebouwde kom,Tss. 2 best.: langs opzij (voor-/achterkant-flank),Geen hindernis
30087,151,Leuven,District Leuven,50.8690262,4.6854839,1.7739433682834236,50.877901576664385,4.706491783937833,2022,3,1,24062,Leuven,Normaal,Proper,"Nacht, openbare verlichting aanwezig en ontstoken",met lichtgewonden,3,Fiets,3,Fiets,Op Kruispunt,Gemeenteweg,binnen bebouwde kom,Tss. 2 best.: langs opzij (voor-/achterkant-flank),Geen hindernis
30088,77,Leuven teller 2,Leuven,50.88672,4.70796,0.24809516870144685,50.888620423393796,4.706106947222132,2022,3,13,24062,Leuven,Normaal,Droog,Dag,met lichtgewonden,9,personenauto,3,Fiets,Buiten Kruispunt,Gemeenteweg,binnen bebouwde kom,Tss. 2 best.: langs opzij (voor-/achterkant-flank),Geen hindernis
30088,107,leuven totem,Leuven,50.8870744,4.7087919,0.2549995154333812,50.888620423393796,4.706106947222132,2022,3,13,24062,Leuven,Normaal,Droog,Dag,met lichtgewonden,9,personenauto,3,Fiets,Buiten Kruispunt,Gemeenteweg,binnen bebouwde kom,Tss. 2 best.: langs opzij (voor-/achterkant-flank),Geen hindernis
30088,69,Leuven teller 1,Leuven,50.87549,4.71526,1.5950047641043452,50.888620423393796,4.706106947222132,2022,3,13,24062,Leuven,Normaal,Droog,Dag,met lichtgewonden,9,personenauto,3,Fiets,Buiten Kruispunt,Gemeenteweg,binnen bebouwde kom,Tss. 2 best.: langs opzij (voor-/achterkant-flank),Geen hindernis
30089,69,Leuven teller 1,Leuven,50.87549,4.71526,1.9685745768133858,50.86763644755198,4.740402632265497,2022,3,0,24062,Leuven,Normaal,Droog,"Nacht, openbare verlichting aanwezig en ontstoken",met zwaargewonden,3,Fiets,10,"één bestuurder, geen hindernis",Op Kruispunt,Gewestweg,buiten bebouwde kom,"Eén bestuurder, geen hindernis (incl. val)",Geen hindernis
30090,151,Leuven,District Leuven,50.8690262,4.6854839,0.4877971888810473,50.8719282401724,4.690696896871564,2022,3,18,24062,Leuven,Normaal,Droog,Dag,met lichtgewonden,4,Vrachtwagen,3,Fiets,Op Kruispunt,Gewestweg,binnen bebouwde kom,Tss. 2 best.: langs opzij (voor-/achterkant-flank),Geen hindernis
30090,69,Leuven teller 1,Leuven,50.87549,4.71526,1.7684511719451743,50.8719282401724,4.690696896871564,2022,3,18,24062,Leuven,Normaal,Droog,Dag,met lichtgewonden,4,Vrachtwagen,3,Fiets,Op Kruispunt,Gewestweg,binnen bebouwde kom,Tss. 2 best.: langs opzij (voor-/achterkant-flank),Geen hindernis
30090,77,Leuven teller 2,Leuven,50.88672,4.70796,2.042591721038862,50.8719282401724,4.690696896871564,2022,3,18,24062,Leuven,Normaal,Droog,Dag,met lichtgewonden,4,Vrachtwagen,3,Fiets,Op Kruispunt,Gewestweg,binnen bebouwde kom,Tss. 2 best.: langs opzij (voor-/achterkant-flank),Geen hindernis
30090,107,leuven totem,Leuven,50.8870744,4.7087919,2.109061513214144,50.8719282401724,4.690696896871564,2022,3,18,24062,Leuven,Normaal,Droog,Dag,met lichtgewonden,4,Vrachtwagen,3,Fiets,Op Kruispunt,Gewestweg,binnen bebouwde kom,Tss. 2 best.: langs opzij (voor-/achterkant-flank),Geen hindernis
30091,77,Leuven teller 2,Leuven,50.88672,4.70796,0.5916091334682231,50.88140269281494,4.708250684825997,2022,3,8,24062,Leuven,Normaal,Droog,Dag,met lichtgewonden,3,Fiets,9,personenauto,Buiten Kruispunt,Gemeenteweg,binnen bebouwde kom,Tussen 2 bestuurders: Langs achteren,Geen hindernis
30091,107,leuven totem,Leuven,50.8870744,4.7087919,0.6318068758955641,50.88140269281494,4.708250684825997,2022,3,8,24062,Leuven,Normaal,Droog,Dag,met lichtgewonden,3,Fiets,9,personenauto,Buiten Kruispunt,Gemeenteweg,binnen bebouwde kom,Tussen 2 bestuurders: Langs achteren,Geen hindernis
30091,69,Leuven teller 1,Leuven,50.87549,4.71526,0.8210356756379396,50.88140269281494,4.708250684825997,2022,3,8,24062,Leuven,Normaal,Droog,Dag,met lichtgewonden,3,Fiets,9,personenauto,Buiten Kruispunt,Gemeenteweg,binnen bebouwde kom,Tussen 2 bestuurders: Langs achteren,Geen hindernis
30091,151,Leuven,District Leuven,50.8690262,4.6854839,2.108492898695637,50.88140269281494,4.708250684825997,2022,3,8,24062,Leuven,Normaal,Droog,Dag,met lichtgewonden,3,Fiets,9,personenauto,Buiten Kruispunt,Gemeenteweg,binnen bebouwde kom,Tussen 2 bestuurders: Langs achteren,Geen hindernis
30092,77,Leuven teller 2,Leuven,50.88672,4.70796,0.6321381940645967,50.88103747070622,4.708223224850101,2022,3,8,24062,Leuven,Onbekend,Onbekend,Dag,met lichtgewonden,3,Fiets,4,Vrachtwagen,Buiten Kruispunt,Gemeenteweg,binnen bebouwde kom,Tss. 2 best.: langs opzij (voor-/achterkant-flank),Geen hindernis
30092,107,leuven totem,Leuven,50.8870744,4.7087919,0.6724602982725573,50.88103747070622,4.708223224850101,2022,3,8,24062,Leuven,Onbekend,Onbekend,Dag,met lichtgewonden,3,Fiets,4,Vrachtwagen,Buiten Kruispunt,Gemeenteweg,binnen bebouwde kom,Tss. 2 best.: langs opzij (voor-/achterkant-flank),Geen hindernis
30092,69,Leuven teller 1,Leuven,50.87549,4.71526,0.7900944432505529,50.88103747070622,4.708223224850101,2022,3,8,24062,Leuven,Onbekend,Onbekend,Dag,met lichtgewonden,3,Fiets,4,Vrachtwagen,Buiten Kruispunt,Gemeenteweg,binnen bebouwde kom,Tss. 2 best.: langs opzij (voor-/achterkant-flank),Geen hindernis
30092,151,Leuven,District Leuven,50.8690262,4.6854839,2.0807407272711993,50.88103747070622,4.708223224850101,2022,3,8,24062,Leuven,Onbekend,Onbekend,Dag,met lichtgewonden,3,Fiets,4,Vrachtwagen,Buiten Kruispunt,Gemeenteweg,binnen bebouwde kom,Tss. 2 best.: langs opzij (voor-/achterkant-flank),Geen hindernis
30093,151,Leuven,District Leuven,50.8690262,4.6854839,1.465858161931025,50.88213780837596,4.687651846683078,2022,3,8,24062,Leuven,Normaal,Droog,Dag,met lichtgewonden,3,Fiets,10,"één bestuurder, geen hindernis",Buiten Kruispunt,Gemeenteweg,binnen bebouwde kom,"Eén bestuurder, geen hindernis (incl. val)",Geen hindernis
30093,77,Leuven teller 2,Leuven,50.88672,4.70796,1.5130173244677563,50.88213780837596,4.687651846683078,2022,3,8,24062,Leuven,Normaal,Droog,Dag,met lichtgewonden,3,Fiets,10,"één bestuurder, geen hindernis",Buiten Kruispunt,Gemeenteweg,binnen bebouwde kom,"Eén bestuurder, geen hindernis (incl. val)",Geen hindernis
30093,107,leuven totem,Leuven,50.8870744,4.7087919,1.5813293586202528,50.88213780837596,4.687651846683078,2022,3,8,24062,Leuven,Normaal,Droog,Dag,met lichtgewonden,3,Fiets,10,"één bestuurder, geen hindernis",Buiten Kruispunt,Gemeenteweg,binnen bebouwde kom,"Eén bestuurder, geen hindernis (incl. val)",Geen hindernis
30093,69,Leuven teller 1,Leuven,50.87549,4.71526,2.073240783196253,50.88213780837596,4.687651846683078,2022,3,8,24062,Leuven,Normaal,Droog,Dag,met lichtgewonden,3,Fiets,10,"één bestuurder, geen hindernis",Buiten Kruispunt,Gemeenteweg,binnen bebouwde kom,"Eén bestuurder, geen hindernis (incl. val)",Geen hindernis
30094,69,Leuven teller 1,Leuven,50.87549,4.71526,2.255766883528964,50.88636743013066,4.742400537697326,2022,3,3,24062,Leuven,Normaal,Droog,"Nacht, openbare verlichting aanwezig en ontstoken",met zwaargewonden,3,Fiets,11,een weggebruiker tegen een hindernis,Op Kruispunt,Gewestweg,binnen bebouwde kom,Weggebruiker tegen hindernis buiten rijbaan,Buiten de rijbaan: Andere paal
30094,107,leuven totem,Leuven,50.8870744,4.7087919,2.3588871927413795,50.88636743013066,4.742400537697326,2022,3,3,24062,Leuven,Normaal,Droog,"Nacht, openbare verlichting aanwezig en ontstoken",met zwaargewonden,3,Fiets,11,een weggebruiker tegen een hindernis,Op Kruispunt,Gewestweg,binnen bebouwde kom,Weggebruiker tegen hindernis buiten rijbaan,Buiten de rijbaan: Andere paal
30094,77,Leuven teller 2,Leuven,50.88672,4.70796,2.4162602699984577,50.88636743013066,4.742400537697326,2022,3,3,24062,Leuven,Normaal,Droog,"Nacht, openbare verlichting aanwezig en ontstoken",met zwaargewonden,3,Fiets,11,een weggebruiker tegen een hindernis,Op Kruispunt,Gewestweg,binnen bebouwde kom,Weggebruiker tegen hindernis buiten rijbaan,Buiten de rijbaan: Andere paal
30095,77,Leuven teller 2,Leuven,50.88672,4.70796,1.1149167634908124,50.8804461442888,4.695562865005843,2022,2,1,24062,Leuven,Onbekend,Onbekend,"Nacht, openbare verlichting aanwezig en ontstoken",met lichtgewonden,9,personenauto,3,Fiets,Buiten Kruispunt,Gemeenteweg,binnen bebouwde kom,Tss. 2 best.: langs opzij (voor-/achterkant-flank),Geen hindernis
30095,107,leuven totem,Leuven,50.8870744,4.7087919,1.185109753210997,50.8804461442888,4.695562865005843,2022,2,1,24062,Leuven,Onbekend,Onbekend,"Nacht, openbare verlichting aanwezig en ontstoken",met lichtgewonden,9,personenauto,3,Fiets,Buiten Kruispunt,Gemeenteweg,binnen bebouwde kom,Tss. 2 best.: langs opzij (voor-/achterkant-flank),Geen hindernis
30095,151,Leuven,District Leuven,50.8690262,4.6854839,1.4534875123748758,50.8804461442888,4.695562865005843,2022,2,1,24062,Leuven,Onbekend,Onbekend,"Nacht, openbare verlichting aanwezig en ontstoken",met lichtgewonden,9,personenauto,3,Fiets,Buiten Kruispunt,Gemeenteweg,binnen bebouwde kom,Tss. 2 best.: langs opzij (voor-/achterkant-flank),Geen hindernis
30095,69,Leuven teller 1,Leuven,50.87549,4.71526,1.487803412326318,50.8804461442888,4.695562865005843,2022,2,1,24062,Leuven,Onbekend,Onbekend,"Nacht, openbare verlichting aanwezig en ontstoken",met lichtgewonden,9,personenauto,3,Fiets,Buiten Kruispunt,Gemeenteweg,binnen bebouwde kom,Tss. 2 best.: langs opzij (voor-/achterkant-flank),Geen hindernis
30096,107,leuven totem,Leuven,50.8870744,4.7087919,1.8236943389719453,50.903453010023384,4.707437386062357,2022,3,7,24062,Leuven,Normaal,Droog,Dag,met lichtgewonden,3,Fiets,3,Fiets,Op Kruispunt,Gemeenteweg,buiten bebouwde kom,Tussen 2 bestuurders: Frontale botsing,Geen hindernis
30096,77,Leuven teller 2,Leuven,50.88672,4.70796,1.8609868200364197,50.903453010023384,4.707437386062357,2022,3,7,24062,Leuven,Normaal,Droog,Dag,met lichtgewonden,3,Fiets,3,Fiets,Op Kruispunt,Gemeenteweg,buiten bebouwde kom,Tussen 2 bestuurders: Frontale botsing,Geen hindernis
30097,69,Leuven teller 1,Leuven,50.87549,4.71526,1.0448425111385067,50.87667633388744,4.700487719277287,2022,3,10,24062,Leuven,Normaal,Droog,Dag,met lichtgewonden,8,Voetganger,3,Fiets,Buiten Kruispunt,Gemeenteweg,binnen bebouwde kom,Met een voetganger,Geen hindernis
30097,77,Leuven teller 2,Leuven,50.88672,4.70796,1.233718416247092,50.87667633388744,4.700487719277287,2022,3,10,24062,Leuven,Normaal,Droog,Dag,met lichtgewonden,8,Voetganger,3,Fiets,Buiten Kruispunt,Gemeenteweg,binnen bebouwde kom,Met een voetganger,Geen hindernis
30097,107,leuven totem,Leuven,50.8870744,4.7087919,1.294692328108957,50.87667633388744,4.700487719277287,2022,3,10,24062,Leuven,Normaal,Droog,Dag,met lichtgewonden,8,Voetganger,3,Fiets,Buiten Kruispunt,Gemeenteweg,binnen bebouwde kom,Met een voetganger,Geen hindernis
30097,151,Leuven,District Leuven,50.8690262,4.6854839,1.353515623264355,50.87667633388744,4.700487719277287,2022,3,10,24062,Leuven,Normaal,Droog,Dag,met lichtgewonden,8,Voetganger,3,Fiets,Buiten Kruispunt,Gemeenteweg,binnen bebouwde kom,Met een voetganger,Geen hindernis
30099,151,Leuven,District Leuven,50.8690262,4.6854839,0.8415554601966923,50.861481571834304,4.686431377818839,2022,3,12,24062,Leuven,Normaal,Droog,Dag,met lichtgewonden,9,personenauto,3,Fiets,Buiten Kruispunt,Gemeenteweg,binnen bebouwde kom,Tss. 2 best.: langs opzij (voor-/achterkant-flank),Geen hindernis
30099,108,Heverlee teller 1,Leuven,50.8471728,4.6954674,1.7128386518257106,50.861481571834304,4.686431377818839,2022,3,12,24062,Leuven,Normaal,Droog,Dag,met lichtgewonden,9,personenauto,3,Fiets,Buiten Kruispunt,Gemeenteweg,binnen bebouwde kom,Tss. 2 best.: langs opzij (voor-/achterkant-flank),Geen hindernis
30099,76,Heverlee teller 2,Leuven,50.84606,4.69597,1.8408935072068322,50.861481571834304,4.686431377818839,2022,3,12,24062,Leuven,Normaal,Droog,Dag,met lichtgewonden,9,personenauto,3,Fiets,Buiten Kruispunt,Gemeenteweg,binnen bebouwde kom,Tss. 2 best.: langs opzij (voor-/achterkant-flank),Geen hindernis
30100,151,Leuven,District Leuven,50.8690262,4.6854839,1.1080941765930516,50.86153331787637,4.695893491423868,2022,3,16,24062,Leuven,Normaal,Droog,Dag,met lichtgewonden,9,personenauto,3,Fiets,Op Kruispunt,Gewestweg,binnen bebouwde kom,Tss. 2 best.: langs opzij (voor-/achterkant-flank),Geen hindernis
30100,108,Heverlee teller 1,Leuven,50.8471728,4.6954674,1.5970968333908786,50.86153331787637,4.695893491423868,2022,3,16,24062,Leuven,Normaal,Droog,Dag,met lichtgewonden,9,personenauto,3,Fiets,Op Kruispunt,Gewestweg,binnen bebouwde kom,Tss. 2 best.: langs opzij (voor-/achterkant-flank),Geen hindernis
30100,76,Heverlee teller 2,Leuven,50.84606,4.69597,1.7205628285304202,50.86153331787637,4.695893491423868,2022,3,16,24062,Leuven,Normaal,Droog,Dag,met lichtgewonden,9,personenauto,3,Fiets,Op Kruispunt,Gewestweg,binnen bebouwde kom,Tss. 2 best.: langs opzij (voor-/achterkant-flank),Geen hindernis
30100,69,Leuven teller 1,Leuven,50.87549,4.71526,2.0628750095676365,50.86153331787637,4.695893491423868,2022,3,16,24062,Leuven,Normaal,Droog,Dag,met lichtgewonden,9,personenauto,3,Fiets,Op Kruispunt,Gewestweg,binnen bebouwde kom,Tss. 2 best.: langs opzij (voor-/achterkant-flank),Geen hindernis
30101,69,Leuven teller 1,Leuven,50.87549,4.71526,0.9799906496706351,50.874340496268694,4.729107491537166,2022,3,16,24062,Leuven,Normaal,Droog,Dag,met lichtgewonden,9,personenauto,3,Fiets,Op Kruispunt,Gemeenteweg,binnen bebouwde kom,Tussen 2 bestuurders: Flank tegen flank,Geen hindernis
30101,107,leuven totem,Leuven,50.8870744,4.7087919,2.0090613524344394,50.874340496268694,4.729107491537166,2022,3,16,24062,Leuven,Normaal,Droog,Dag,met lichtgewonden,9,personenauto,3,Fiets,Op Kruispunt,Gemeenteweg,binnen bebouwde kom,Tussen 2 bestuurders: Flank tegen flank,Geen hindernis
30101,77,Leuven teller 2,Leuven,50.88672,4.70796,2.023876210341237,50.874340496268694,4.729107491537166,2022,3,16,24062,Leuven,Normaal,Droog,Dag,met lichtgewonden,9,personenauto,3,Fiets,Op Kruispunt,Gemeenteweg,binnen bebouwde kom,Tussen 2 bestuurders: Flank tegen flank,Geen hindernis
30102,69,Leuven teller 1,Leuven,50.87549,4.71526,0.0186206151933724,50.87548490640663,4.7149947390283105,2022,3,17,24062,Leuven,Normaal,Droog,Dag,met lichtgewonden,7,Motorfiets,3,Fiets,Buiten Kruispunt,Gewestweg,binnen bebouwde kom,Tussen 2 bestuurders: Frontale botsing,Geen hindernis
30102,77,Leuven teller 2,Leuven,50.88672,4.70796,1.343237834480409,50.87548490640663,4.7149947390283105,2022,3,17,24062,Leuven,Normaal,Droog,Dag,met lichtgewonden,7,Motorfiets,3,Fiets,Buiten Kruispunt,Gewestweg,binnen bebouwde kom,Tussen 2 bestuurders: Frontale botsing,Geen hindernis
30102,107,leuven totem,Leuven,50.8870744,4.7087919,1.3601837726056412,50.87548490640663,4.7149947390283105,2022,3,17,24062,Leuven,Normaal,Droog,Dag,met lichtgewonden,7,Motorfiets,3,Fiets,Buiten Kruispunt,Gewestweg,binnen bebouwde kom,Tussen 2 bestuurders: Frontale botsing,Geen hindernis
30102,151,Leuven,District Leuven,50.8690262,4.6854839,2.1917695985438295,50.87548490640663,4.7149947390283105,2022,3,17,24062,Leuven,Normaal,Droog,Dag,met lichtgewonden,7,Motorfiets,3,Fiets,Buiten Kruispunt,Gewestweg,binnen bebouwde kom,Tussen 2 bestuurders: Frontale botsing,Geen hindernis
30103,151,Leuven,District Leuven,50.8690262,4.6854839,0.9845139607059139,50.87287058443601,4.698122420041731,2022,3,2,24062,Leuven,Normaal,Droog,"Nacht, openbare verlichting aanwezig en ontstoken",met lichtgewonden,3,Fiets,3,Fiets,Op Kruispunt,Gemeenteweg,binnen bebouwde kom,Tss. 2 best.: langs opzij (voor-/achterkant-flank),Geen hindernis
30103,69,Leuven teller 1,Leuven,50.87549,4.71526,1.2372619300132706,50.87287058443601,4.698122420041731,2022,3,2,24062,Leuven,Normaal,Droog,"Nacht, openbare verlichting aanwezig en ontstoken",met lichtgewonden,3,Fiets,3,Fiets,Op Kruispunt,Gemeenteweg,binnen bebouwde kom,Tss. 2 best.: langs opzij (voor-/achterkant-flank),Geen hindernis
30103,77,Leuven teller 2,Leuven,50.88672,4.70796,1.6875761782243939,50.87287058443601,4.698122420041731,2022,3,2,24062,Leuven,Normaal,Droog,"Nacht, openbare verlichting aanwezig en ontstoken",met lichtgewonden,3,Fiets,3,Fiets,Op Kruispunt,Gemeenteweg,binnen bebouwde kom,Tss. 2 best.: langs opzij (voor-/achterkant-flank),Geen hindernis