crash_row_id,site_id,site_name,site_gemeente,site_lat,site_long,distance_km,crash_lat,crash_long,DT_YEAR_COLLISION,DT_MONTH_COLLISION,DT_TIME,CD_NIS,TX_MUNTY_COLLISION_NL,TX_WEATHER_NL,TX_ROAD_CONDITION_NL,TX_LIGHT_CONDITION_NL,TX_CLASS_ACCIDENTS_NL,CD_ROAD_USR_TYPE1,TX_ROAD_USR_TYPE1_NL,CD_ROAD_USR_TYPE2,TX_ROAD_USR_TYPE2_NL,TX_CROSSWAY_NL,CD_ROAD_TYPE_NL,TX_BUILD_UP_AREA_NL,TX_COLLISION_TYPE_NL,TX_OBSTACLES_NL
30103,107,leuven totem,Leuven,50.8870744,4.7087919,1.7478008200588675,50.87287058443601,4.698122420041731,2022,3,2,24062,Leuven,Normaal,Droog,"Nacht, openbare verlichting aanwezig en ontstoken",met lichtgewonden,3,Fiets,3,Fiets,Op Kruispunt,Gemeenteweg,binnen bebouwde kom,Tss. 2 best.: langs opzij (voor-/achterkant-flank),Geen hindernis
30105,69,Leuven teller 1,Leuven,50.87549,4.71526,1.8224654527224442,50.86636610437012,4.736835224520828,2022,3,7,24062,Leuven,Normaal,Droog,Dag,met lichtgewonden,9,personenauto,3,Fiets,Op Kruispunt,Gemeenteweg,binnen bebouwde kom,Tussen 2 bestuurders: Langs achteren,Geen hindernis
30106,77,Leuven teller 2,Leuven,50.88672,4.70796,0.8392078484855598,50.88126115672945,4.699699301401921,2022,3,14,24062,Leuven,Normaal,Droog,Dag,met lichtgewonden,9,personenauto,3,Fiets,Buiten Kruispunt,Gemeenteweg,binnen bebouwde kom,Tussen 2 bestuurders: Flank tegen flank,Geen hindernis
30106,107,leuven totem,Leuven,50.8870744,4.7087919,0.908132745664166,50.88126115672945,4.699699301401921,2022,3,14,24062,Leuven,Normaal,Droog,Dag,met lichtgewonden,9,personenauto,3,Fiets,Buiten Kruispunt,Gemeenteweg,binnen bebouwde kom,Tussen 2 bestuurders: Flank tegen flank,Geen hindernis
30106,69,Leuven teller 1,Leuven,50.87549,4.71526,1.2663804685829436,50.88126115672945,4.699699301401921,2022,3,14,24062,Leuven,Normaal,Droog,Dag,met lichtgewonden,9,personenauto,3,Fiets,Buiten Kruispunt,Gemeenteweg,binnen bebouwde kom,Tussen 2 bestuurders: Flank tegen flank,Geen hindernis
30106,151,Leuven,District Leuven,50.8690262,4.6854839,1.6869291570896894,50.88126115672945,4.699699301401921,2022,3,14,24062,Leuven,Normaal,Droog,Dag,met lichtgewonden,9,personenauto,3,Fiets,Buiten Kruispunt,Gemeenteweg,binnen bebouwde kom,Tussen 2 bestuurders: Flank tegen flank,Geen hindernis
30107,77,Leuven teller 2,Leuven,50.88672,4.70796,1.1658029101300995,50.88622648755265,4.691359308265908,2022,3,21,24062,Leuven,Onbekend,Onbekend,Onbekend,met lichtgewonden,3,Fiets,10,"één bestuurder, geen hindernis",Op Kruispunt,Gemeenteweg,binnen bebouwde kom,"Eén bestuurder, geen hindernis (incl. val)",Geen hindernis
30107,107,leuven totem,Leuven,50.8870744,4.7087919,1.226491659881944,50.88622648755265,4.691359308265908,2022,3,21,24062,Leuven,Onbekend,Onbekend,Onbekend,met lichtgewonden,3,Fiets,10,"één bestuurder, geen hindernis",Op Kruispunt,Gemeenteweg,binnen bebouwde kom,"Eén bestuurder, geen hindernis (incl. val)",Geen hindernis
30107,151,Leuven,District Leuven,50.8690262,4.6854839,1.9565051591148914,50.88622648755265,4.691359308265908,2022,3,21,24062,Leuven,Onbekend,Onbekend,Onbekend,met lichtgewonden,3,Fiets,10,"één bestuurder, geen hindernis",Op Kruispunt,Gemeenteweg,binnen bebouwde kom,"Eén bestuurder, geen hindernis (incl. val)",Geen hindernis
30107,69,Leuven teller 1,Leuven,50.87549,4.71526,2.0583740982881964,50.88622648755265,4.691359308265908,2022,3,21,24062,Leuven,Onbekend,Onbekend,Onbekend,met lichtgewonden,3,Fiets,10,"één bestuurder, geen hindernis",Op Kruispunt,Gemeenteweg,binnen bebouwde kom,"Eén bestuurder, geen hindernis (incl. val)",Geen hindernis
30110,87,Aarschot,Aarschot,50.99084,4.81259,0.02607064236629949,50.9906931266545,4.812880341990024,2022,3,20,24001,Aarschot,Normaal,"Nat, plassen","Nacht, openbare verlichting aanwezig en ontstoken",Met doden,4,Vrachtwagen,3,Fiets,Op Kruispunt,Gewestweg,buiten bebouwde kom,Tss. 2 best.: langs opzij (voor-/achterkant-flank),Geen hindernis
30111,87,Aarschot,Aarschot,50.99084,4.81259,1.4114691622234354,50.98571188783592,4.831036483519524,2022,3,15,24001,Aarschot,Normaal,Droog,Dag,met lichtgewonden,3,Fiets,9,personenauto,Op Kruispunt,Gemeenteweg,binnen bebouwde kom,Tss. 2 best.: langs opzij (voor-/achterkant-flank),Geen hindernis
30117,87,Aarschot,Aarschot,50.99084,4.81259,1.0203963392852644,50.995224850724995,4.799782456233982,2022,3,15,24007,Begijnendijk,Normaal,Droog,Dag,met lichtgewonden,6,Bromfiets,3,Fiets,Buiten Kruispunt,Gemeenteweg,buiten bebouwde kom,Tussen 2 bestuurders: Frontale botsing,Geen hindernis
30119,111,Zaventem totem,Zaventem,50.8871216,4.4597084,0.8851884327668648,50.89028291148818,4.471290105172656,2022,3,16,23094,Zaventem,Normaal,Droog,Dag,met lichtgewonden,5,Lichte vrachtauto,3,Fiets,Buiten Kruispunt,Gewestweg,binnen bebouwde kom,Tss. 2 best.: langs opzij (voor-/achterkant-flank),Geen hindernis
30120,26,Zaventem,Zaventem,50.86995,4.45444,2.2244135977084025,50.8735330204118,4.485627505990063,2022,3,10,23094,Zaventem,Normaal,Droog,Dag,met lichtgewonden,3,Fiets,2,Andere weggebruiker,Op Kruispunt,Gewestweg,buiten bebouwde kom,Tussen 2 bestuurders: Frontale botsing,Geen hindernis
30120,111,Zaventem totem,Zaventem,50.8871216,4.4597084,2.364259074998288,50.8735330204118,4.485627505990063,2022,3,10,23094,Zaventem,Normaal,Droog,Dag,met lichtgewonden,3,Fiets,2,Andere weggebruiker,Op Kruispunt,Gewestweg,buiten bebouwde kom,Tussen 2 bestuurders: Frontale botsing,Geen hindernis
30121,147,Overijse,District Vilvoorde-gewestwegen,50.7797555,4.4975769,1.7806402605566303,50.7779006322911,4.52273189325752,2022,3,15,23062,Overijse,Normaal,Droog,Dag,met lichtgewonden,1,Autobus,3,Fiets,Op Kruispunt,Gewestweg,binnen bebouwde kom,Tss. 2 best.: langs opzij (voor-/achterkant-flank),Geen hindernis
30128,86,Asse teller 2,Asse,50.89132,4.1709,2.132660524190862,50.873859700342074,4.158320359353753,2022,3,17,23086,Ternat,Normaal,Droog,Dag,met lichtgewonden,3,Fiets,9,personenauto,Op Kruispunt,Gemeenteweg,binnen bebouwde kom,Tss. 2 best.: langs opzij (voor-/achterkant-flank),Geen hindernis
30135,27,Grimbergen,Meise,50.92127,4.34013,0.5044303648567043,50.91780798532645,4.335479818798123,2022,3,20,23025,Grimbergen,Onbekend,Onbekend,Onbekend,met lichtgewonden,9,personenauto,3,Fiets,Buiten Kruispunt,Gemeenteweg,onbekend,Tussen 2 bestuurders: Flank tegen flank,Geen hindernis
30136,47,Vilvoorde,Vilvoorde,50.91372,4.41497,2.2680817055863627,50.93395357724093,4.419062266306274,2022,3,13,23088,Vilvoorde,Normaal,Droog,Dag,met lichtgewonden,9,personenauto,3,Fiets,Op Kruispunt,Gemeenteweg,binnen bebouwde kom,Tussen 2 bestuurders: Frontale botsing,Geen hindernis
30137,27,Grimbergen,Meise,50.92127,4.34013,1.529441348121703,50.91221961964677,4.356558900868152,2022,3,12,23025,Grimbergen,Onbekend,Onbekend,Dag,met lichtgewonden,9,personenauto,3,Fiets,Buiten Kruispunt,Gemeenteweg,binnen bebouwde kom,Met een voetganger,Geen hindernis
30138,1,Machelen,Machelen,50.91618331151478,4.456121776137429,1.3845763878710824,50.92790477989245,4.4494563855143365,2022,3,16,23088,Vilvoorde,Normaal,Droog,Dag,met lichtgewonden,3,Fiets,3,Fiets,Buiten Kruispunt,Gemeenteweg,binnen bebouwde kom,Tussen 2 bestuurders: Frontale botsing,Geen hindernis
30139,1,Machelen,Machelen,50.91618331151478,4.456121776137429,1.9642381981797838,50.9017249692842,4.440026422794827,2022,3,15,23047,Machelen,"Andere (dikke rook,...)",Droog,Dag,met lichtgewonden,9,personenauto,3,Fiets,Op Kruispunt,Gewestweg,buiten bebouwde kom,Tss. 2 best.: langs opzij (voor-/achterkant-flank),Geen hindernis
30139,111,Zaventem totem,Zaventem,50.8871216,4.4597084,2.1312808697958503,50.9017249692842,4.440026422794827,2022,3,15,23047,Machelen,"Andere (dikke rook,...)",Droog,Dag,met lichtgewonden,9,personenauto,3,Fiets,Op Kruispunt,Gewestweg,buiten bebouwde kom,Tss. 2 best.: langs opzij (voor-/achterkant-flank),Geen hindernis
30139,149,Machelen,,50.88297881,4.43356644,2.133154262156456,50.9017249692842,4.440026422794827,2022,3,15,23047,Machelen,"Andere (dikke rook,...)",Droog,Dag,met lichtgewonden,9,personenauto,3,Fiets,Op Kruispunt,Gewestweg,buiten bebouwde kom,Tss. 2 best.: langs opzij (voor-/achterkant-flank),Geen hindernis
30139,47,Vilvoorde,Vilvoorde,50.91372,4.41497,2.2058010021863104,50.9017249692842,4.440026422794827,2022,3,15,23047,Machelen,"Andere (dikke rook,...)",Droog,Dag,met lichtgewonden,9,personenauto,3,Fiets,Op Kruispunt,Gewestweg,buiten bebouwde kom,Tss. 2 best.: langs opzij (voor-/achterkant-flank),Geen hindernis
30140,47,Vilvoorde,Vilvoorde,50.91372,4.41497,1.6009061136233855,50.926329202644446,4.42599325161617,2022,3,14,23088,Vilvoorde,Normaal,Droog,Dag,met lichtgewonden,3,Fiets,9,personenauto,Op Kruispunt,Gewestweg,binnen bebouwde kom,Tss. 2 best.: langs opzij (voor-/achterkant-flank),Geen hindernis
30140,1,Machelen,Machelen,50.91618331151478,4.456121776137429,2.394334510128494,50.926329202644446,4.42599325161617,2022,3,14,23088,Vilvoorde,Normaal,Droog,Dag,met lichtgewonden,3,Fiets,9,personenauto,Op Kruispunt,Gewestweg,binnen bebouwde kom,Tss. 2 best.: langs opzij (voor-/achterkant-flank),Geen hindernis
30143,109,Zemst,Zemst,50.9903936,4.4707023,1.6876984140981628,50.98811130595013,4.494540374188816,2022,3,15,23096,Zemst,Normaal,Droog,Dag,met lichtgewonden,3,Fiets,11,een weggebruiker tegen een hindernis,Buiten Kruispunt,Gemeenteweg,binnen bebouwde kom,Weggebruiker tegen hindernis op de rijbaan,"Op de rijbaan: Werken (signal., aarde, toestel,…)"
30146,13,Gent,Gent,51.03018,3.70146,1.3659514394581667,51.03269373510782,3.720579844435126,2022,3,17,44021,Gent,Normaal,Droog,Dag,met lichtgewonden,9,personenauto,3,Fiets,Op Kruispunt,Gewestweg,binnen bebouwde kom,Tss. 2 best.: langs opzij (voor-/achterkant-flank),Geen hindernis
30147,13,Gent,Gent,51.03018,3.70146,1.9373326754046218,51.02053889640381,3.7245327779437303,2022,3,13,44021,Gent,Normaal,Droog,Dag,met lichtgewonden,3,Fiets,3,Fiets,Buiten Kruispunt,Gemeenteweg,binnen bebouwde kom,Tussen 2 bestuurders: Langs achteren,Geen hindernis
30148,13,Gent,Gent,51.03018,3.70146,2.123318727102125,51.04926383365486,3.702519770822813,2022,3,13,44021,Gent,Onbekend,Droog,Dag,met lichtgewonden,3,Fiets,9,personenauto,Op Kruispunt,Gemeenteweg,onbekend,Tss. 2 best.: langs opzij (voor-/achterkant-flank),Geen hindernis
30153,13,Gent,Gent,51.03018,3.70146,2.3631917333576316,51.05059405613447,3.710861313313177,2022,3,8,44021,Gent,Normaal,Droog,Dag,met lichtgewonden,3,Fiets,11,een weggebruiker tegen een hindernis,Op Kruispunt,Gemeenteweg,binnen bebouwde kom,Weggebruiker tegen hindernis op de rijbaan,"Op de rijbaan: Put, straatgoot, tramspoor"
30154,13,Gent,Gent,51.03018,3.70146,0.5858071337538745,51.03351785559114,3.7079412439723187,2022,3,0,44021,Gent,Normaal,Droog,"Nacht, openb. verlicht. aanw., maar niet ontstoken",met zwaargewonden,2,Andere weggebruiker,3,Fiets,Buiten Kruispunt,Gewestweg,binnen bebouwde kom,Tss. 2 best.: langs opzij (voor-/achterkant-flank),Geen hindernis
30155,13,Gent,Gent,51.03018,3.70146,1.906317991823726,51.04708976819974,3.7059508635772347,2022,3,9,44021,Gent,Normaal,Droog,Dag,met lichtgewonden,9,personenauto,3,Fiets,Op Kruispunt,Gemeenteweg,binnen bebouwde kom,Tussen 2 bestuurders: Frontale botsing,Geen hindernis
30157,13,Gent,Gent,51.03018,3.70146,1.8736419112729812,51.02531973468721,3.727112358375339,2022,3,13,44021,Gent,Normaal,Droog,Dag,met lichtgewonden,9,personenauto,3,Fiets,Buiten Kruispunt,Gemeenteweg,binnen bebouwde kom,Tss. 2 best.: langs opzij (voor-/achterkant-flank),Geen hindernis
30158,13,Gent,Gent,51.03018,3.70146,2.314768794297,51.046195100678894,3.722610308362876,2022,3,1,44021,Gent,Normaal,Droog,"Nacht, openbare verlichting aanwezig en ontstoken",met lichtgewonden,3,Fiets,3,Fiets,Buiten Kruispunt,Gemeenteweg,binnen bebouwde kom,Tussen 2 bestuurders: Flank tegen flank,Geen hindernis
30161,13,Gent,Gent,51.03018,3.70146,2.1989573043006945,51.038446498532956,3.730027889584912,2022,3,7,44021,Gent,Normaal,Droog,Dag,met lichtgewonden,5,Lichte vrachtauto,3,Fiets,Op Kruispunt,Gewestweg,binnen bebouwde kom,Tussen 2 bestuurders: Flank tegen flank,Geen hindernis
30165,118,Gent teller 1,Gent,51.028049,3.7681359,2.1813333625630653,51.04021539855489,3.743664940655487,2022,3,6,44021,Gent,Normaal,Droog+Proper,Dag,met zwaargewonden,9,personenauto,3,Fiets,Buiten Kruispunt,Gewestweg,binnen bebouwde kom,Tss. 2 best.: langs opzij (voor-/achterkant-flank),Geen hindernis
30165,119,Gent teller 2,Gent,51.0281795,3.7683918,2.1864844393979777,51.04021539855489,3.743664940655487,2022,3,6,44021,Gent,Normaal,Droog+Proper,Dag,met zwaargewonden,9,personenauto,3,Fiets,Buiten Kruispunt,Gewestweg,binnen bebouwde kom,Tss. 2 best.: langs opzij (voor-/achterkant-flank),Geen hindernis
30168,13,Gent,Gent,51.03018,3.70146,1.0625688367170054,51.03672758812664,3.712527865813903,2022,3,11,44021,Gent,Normaal,Droog,Dag,met lichtgewonden,3,Fiets,3,Fiets,Op Kruispunt,Gewestweg,binnen bebouwde kom,Tussen 2 bestuurders: Frontale botsing,Geen hindernis
30170,118,Gent teller 1,Gent,51.028049,3.7681359,1.3795251636780137,51.03578819637026,3.7527173428291642,2022,3,15,44021,Gent,Normaal,Droog,Dag,met zwaargewonden,9,personenauto,3,Fiets,Op Kruispunt,Gewestweg,binnen bebouwde kom,Tussen 2 bestuurders: Frontale botsing,Geen hindernis
30170,119,Gent teller 2,Gent,51.0281795,3.7683918,1.3846410000380875,51.03578819637026,3.7527173428291642,2022,3,15,44021,Gent,Normaal,Droog,Dag,met zwaargewonden,9,personenauto,3,Fiets,Op Kruispunt,Gewestweg,binnen bebouwde kom,Tussen 2 bestuurders: Frontale botsing,Geen hindernis
30171,7,Evergem 1,Evergem,51.1089,3.70317,1.4617106567619695,51.09885325364016,3.7166709911180464,2022,3,16,44021,Gent,Normaal,Droog,Dag,met lichtgewonden,3,Fiets,9,personenauto,Buiten Kruispunt,Gewestweg,buiten bebouwde kom,Tss. 2 best.: langs opzij (voor-/achterkant-flank),Geen hindernis
30171,6,Evergem 2,Evergem,51.10894,3.70298,1.4736827192180733,51.09885325364016,3.7166709911180464,2022,3,16,44021,Gent,Normaal,Droog,Dag,met lichtgewonden,3,Fiets,9,personenauto,Buiten Kruispunt,Gewestweg,buiten bebouwde kom,Tss. 2 best.: langs opzij (voor-/achterkant-flank),Geen hindernis
30173,118,Gent teller 1,Gent,51.028049,3.7681359,1.1428091338254778,51.03573461830761,3.7572859393529034,2022,3,8,44021,Gent,Normaal,Droog,Dag,met lichtgewonden,9,personenauto,3,Fiets,Op Kruispunt,Gemeenteweg,binnen bebouwde kom,Tss. 2 best.: langs opzij (voor-/achterkant-flank),Geen hindernis
30173,119,Gent teller 2,Gent,51.0281795,3.7683918,1.1440692027301456,51.03573461830761,3.7572859393529034,2022,3,8,44021,Gent,Normaal,Droog,Dag,met lichtgewonden,9,personenauto,3,Fiets,Op Kruispunt,Gemeenteweg,binnen bebouwde kom,Tss. 2 best.: langs opzij (voor-/achterkant-flank),Geen hindernis
30176,13,Gent,Gent,51.03018,3.70146,1.0143710763200793,51.0356378244394,3.7130834401092807,2022,3,16,44021,Gent,Normaal,Droog,Dag,met zwaargewonden,3,Fiets,9,personenauto,Buiten Kruispunt,Gewestweg,binnen bebouwde kom,Tussen 2 bestuurders: Flank tegen flank,Geen hindernis
30177,13,Gent,Gent,51.03018,3.70146,1.7894163973028407,51.04191061859638,3.7189791036128907,2022,3,20,44021,Gent,Normaal,Droog,"Nacht, openbare verlichting aanwezig en ontstoken",met lichtgewonden,9,personenauto,3,Fiets,Op Kruispunt,Gewestweg,binnen bebouwde kom,Tss. 2 best.: langs opzij (voor-/achterkant-flank),Geen hindernis
30181,13,Gent,Gent,51.03018,3.70146,2.097595373979936,51.03974785395625,3.72731316507095,2022,3,23,44021,Gent,Normaal,Droog,"Nacht, openbare verlichting aanwezig en ontstoken",met lichtgewonden,3,Fiets,9,personenauto,Buiten Kruispunt,Gemeenteweg,binnen bebouwde kom,Tss. 2 best.: langs opzij (voor-/achterkant-flank),Geen hindernis
30182,13,Gent,Gent,51.03018,3.70146,2.2154226926458387,51.038461980780674,3.730275654134787,2022,3,10,44021,Gent,Normaal,Droog,Dag,met lichtgewonden,9,personenauto,3,Fiets,Op Kruispunt,Gewestweg,binnen bebouwde kom,Tss. 2 best.: langs opzij (voor-/achterkant-flank),Geen hindernis
30184,13,Gent,Gent,51.03018,3.70146,1.8476991498231852,51.03978703491206,3.7230202620207633,2022,3,19,44021,Gent,Normaal,Droog,"Nacht, openbare verlichting aanwezig en ontstoken",met lichtgewonden,3,Fiets,8,Voetganger,Op Kruispunt,Gewestweg,binnen bebouwde kom,Met een voetganger,Geen hindernis
30186,118,Gent teller 1,Gent,51.028049,3.7681359,2.4408244286076966,51.036183801426276,3.73571680455213,2022,3,15,44021,Gent,Normaal,Droog,Dag,met zwaargewonden,3,Fiets,3,Fiets,Op Kruispunt,Gemeenteweg,binnen bebouwde kom,Tss. 2 best.: langs opzij (voor-/achterkant-flank),Geen hindernis
30186,119,Gent teller 2,Gent,51.0281795,3.7683918,2.452146854347454,51.036183801426276,3.73571680455213,2022,3,15,44021,Gent,Normaal,Droog,Dag,met zwaargewonden,3,Fiets,3,Fiets,Op Kruispunt,Gemeenteweg,binnen bebouwde kom,Tss. 2 best.: langs opzij (voor-/achterkant-flank),Geen hindernis
30186,13,Gent,Gent,51.03018,3.70146,2.486767302167287,51.036183801426276,3.73571680455213,2022,3,15,44021,Gent,Normaal,Droog,Dag,met zwaargewonden,3,Fiets,3,Fiets,Op Kruispunt,Gemeenteweg,binnen bebouwde kom,Tss. 2 best.: langs opzij (voor-/achterkant-flank),Geen hindernis
30192,7,Evergem 1,Evergem,51.1089,3.70317,1.977346861613036,51.091564632650496,3.7094817881100943,2022,3,3,44021,Gent,Normaal,Droog,"Nacht, openbare verlichting aanwezig en ontstoken",met lichtgewonden,3,Fiets,10,"één bestuurder, geen hindernis",Buiten Kruispunt,Gemeenteweg,binnen bebouwde kom,"Eén bestuurder, geen hindernis (incl. val)",Geen hindernis
30192,6,Evergem 2,Evergem,51.10894,3.70298,1.9846756907817904,51.091564632650496,3.7094817881100943,2022,3,3,44021,Gent,Normaal,Droog,"Nacht, openbare verlichting aanwezig en ontstoken",met lichtgewonden,3,Fiets,10,"één bestuurder, geen hindernis",Buiten Kruispunt,Gemeenteweg,binnen bebouwde kom,"Eén bestuurder, geen hindernis (incl. val)",Geen hindernis
30206,116,Melle teller 2,Melle,50.9986113,3.8040599,0.6116690938813926,51.003593950692824,3.8003560796757063,2022,3,16,44040,Melle,Normaal,Droog,Dag,met lichtgewonden,3,Fiets,9,personenauto,Op Kruispunt,Gewestweg,binnen bebouwde kom,Tss. 2 best.: langs opzij (voor-/achterkant-flank),Geen hindernis
30206,117,Melle teller 1,Melle,50.9986113,3.8040599,0.6116690938813926,51.003593950692824,3.8003560796757063,2022,3,16,44040,Melle,Normaal,Droog,Dag,met lichtgewonden,3,Fiets,9,personenauto,Op Kruispunt,Gewestweg,binnen bebouwde kom,Tss. 2 best.: langs opzij (voor-/achterkant-flank),Geen hindernis
30209,118,Gent teller 1,Gent,51.028049,3.7681359,1.2765346620685758,51.02316648583668,3.751616689889073,2022,3,12,44043,Merelbeke,Normaal,Droog,Dag,met lichtgewonden,9,personenauto,3,Fiets,Buiten Kruispunt,Gewestweg,binnen bebouwde kom,Tss. 2 best.: langs opzij (voor-/achterkant-flank),Geen hindernis
30209,119,Gent teller 2,Gent,51.0281795,3.7683918,1.2989143954550748,51.02316648583668,3.751616689889073,2022,3,12,44043,Merelbeke,Normaal,Droog,Dag,met lichtgewonden,9,personenauto,3,Fiets,Buiten Kruispunt,Gewestweg,binnen bebouwde kom,Tss. 2 best.: langs opzij (voor-/achterkant-flank),Geen hindernis
30214,6,Evergem 2,Evergem,51.10894,3.70298,1.346446074688242,51.11635704763,3.687733791320452,2022,3,10,44019,Evergem,Normaal,Droog,Dag,met lichtgewonden,3,Fiets,11,een weggebruiker tegen een hindernis,Buiten Kruispunt,Gewestweg,buiten bebouwde kom,Weggebruiker tegen hindernis op de rijbaan,"Op de rijbaan: Werken (signal., aarde, toestel,…)"
30214,7,Evergem 1,Evergem,51.1089,3.70317,1.3596626597381691,51.11635704763,3.687733791320452,2022,3,10,44019,Evergem,Normaal,Droog,Dag,met lichtgewonden,3,Fiets,11,een weggebruiker tegen een hindernis,Buiten Kruispunt,Gewestweg,buiten bebouwde kom,Weggebruiker tegen hindernis op de rijbaan,"Op de rijbaan: Werken (signal., aarde, toestel,…)"
30215,6,Evergem 2,Evergem,51.10894,3.70298,0.15380427104690908,51.10825433658971,3.701066651769457,2022,3,15,44019,Evergem,Normaal,Droog,Dag,met lichtgewonden,9,personenauto,3,Fiets,Buiten Kruispunt,Gemeenteweg,binnen bebouwde kom,Tussen 2 bestuurders: Flank tegen flank,Geen hindernis
30215,7,Evergem 1,Evergem,51.1089,3.70317,0.1634532357172739,51.10825433658971,3.701066651769457,2022,3,15,44019,Evergem,Normaal,Droog,Dag,met lichtgewonden,9,personenauto,3,Fiets,Buiten Kruispunt,Gemeenteweg,binnen bebouwde kom,Tussen 2 bestuurders: Flank tegen flank,Geen hindernis
30216,115,Aalter,Aalter,51.1058367,3.4350591,2.2181304393610675,51.086543831439926,3.4431334247226695,2022,3,10,44084,Aalter,Normaal,Droog,Dag,met lichtgewonden,3,Fiets,11,een weggebruiker tegen een hindernis,Op Kruispunt,Gemeenteweg,binnen bebouwde kom,Weggebruiker tegen hindernis op de rijbaan,"Op de rijbaan: Put, straatgoot, tramspoor"
30248,141,Test site A support,Lokeren,51.08342085,3.9961071208376326,1.3292073213500364,51.09512597476481,3.9922450357308383,2022,3,13,46014,Lokeren,Normaal,Droog,Dag,met lichtgewonden,3,Fiets,9,personenauto,Buiten Kruispunt,Gemeenteweg,binnen bebouwde kom,Tussen 2 bestuurders: Langs achteren,Geen hindernis
30248,129,Lokeren teller 2,Lokeren,51.09612,3.97025,1.5399493060412128,51.09512597476481,3.9922450357308383,2022,3,13,46014,Lokeren,Normaal,Droog,Dag,met lichtgewonden,3,Fiets,9,personenauto,Buiten Kruispunt,Gemeenteweg,binnen bebouwde kom,Tussen 2 bestuurders: Langs achteren,Geen hindernis
30248,128,Lokeren teller 1,Lokeren,51.09644,3.97023,1.544296576429971,51.09512597476481,3.9922450357308383,2022,3,13,46014,Lokeren,Normaal,Droog,Dag,met lichtgewonden,3,Fiets,9,personenauto,Buiten Kruispunt,Gemeenteweg,binnen bebouwde kom,Tussen 2 bestuurders: Langs achteren,Geen hindernis
30249,129,Lokeren teller 2,Lokeren,51.09612,3.97025,1.5663706545001674,51.095027360484075,3.9478873374436727,2022,3,8,46014,Lokeren,Normaal,Droog,Dag,met lichtgewonden,3,Fiets,2,Andere weggebruiker,Buiten Kruispunt,Gemeenteweg,buiten bebouwde kom,Tss. 2 best.: langs opzij (voor-/achterkant-flank),Geen hindernis
30249,128,Lokeren teller 1,Lokeren,51.09644,3.97023,1.5681365611900258,51.095027360484075,3.9478873374436727,2022,3,8,46014,Lokeren,Normaal,Droog,Dag,met lichtgewonden,3,Fiets,2,Andere weggebruiker,Buiten Kruispunt,Gemeenteweg,buiten bebouwde kom,Tss. 2 best.: langs opzij (voor-/achterkant-flank),Geen hindernis
30253,128,Lokeren teller 1,Lokeren,51.09644,3.97023,2.091556263001763,51.113574978701955,3.9578728744295506,2022,3,8,46014,Lokeren,Normaal,Droog,Dag,met lichtgewonden,3,Fiets,8,Voetganger,Buiten Kruispunt,Gewestweg,binnen bebouwde kom,Met een voetganger,Geen hindernis
30253,129,Lokeren teller 2,Lokeren,51.09612,3.97025,2.124589869702617,51.113574978701955,3.9578728744295506,2022,3,8,46014,Lokeren,Normaal,Droog,Dag,met lichtgewonden,3,Fiets,8,Voetganger,Buiten Kruispunt,Gewestweg,binnen bebouwde kom,Met een voetganger,Geen hindernis
30256,141,Test site A support,Lokeren,51.08342085,3.9961071208376326,1.8479157148884044,51.092952867340934,4.017780092513835,2022,2,5,46014,Lokeren,Normaal,Droog,"Nacht, openbare verlichting aanwezig en ontstoken",met lichtgewonden,5,Lichte vrachtauto,3,Fiets,Buiten Kruispunt,Gemeenteweg,buiten bebouwde kom,Tss. 2 best.: langs opzij (voor-/achterkant-flank),Geen hindernis
30260,120,Zele teller 1,Zele,51.0607671,4.0547741,2.4485388932443337,51.05955260156535,4.019791474339808,2022,3,17,42028,Zele,Normaal,Droog,Dag,met lichtgewonden,5,Lichte vrachtauto,3,Fiets,Buiten Kruispunt,Gewestweg,buiten bebouwde kom,Tss. 2 best.: langs opzij (voor-/achterkant-flank),Geen hindernis
30262,120,Zele teller 1,Zele,51.0607671,4.0547741,0.46486612181531656,51.06433220540526,4.0512997566059035,2022,3,4,42028,Zele,Normaal,Droog,"Nacht, openbare verlichting aanwezig en ontstoken",met lichtgewonden,3,Fiets,10,"één bestuurder, geen hindernis",Buiten Kruispunt,Gewestweg,binnen bebouwde kom,"Eén bestuurder, geen hindernis (incl. val)",Geen hindernis
30262,121,Zele teller 2,Zele,51.0604067,4.0556696,0.5327146743568302,51.06433220540526,4.0512997566059035,2022,3,4,42028,Zele,Normaal,Droog,"Nacht, openbare verlichting aanwezig en ontstoken",met lichtgewonden,3,Fiets,10,"één bestuurder, geen hindernis",Buiten Kruispunt,Gewestweg,binnen bebouwde kom,"Eén bestuurder, geen hindernis (incl. val)",Geen hindernis
30263,120,Zele teller 1,Zele,51.0607671,4.0547741,2.274161656855264,51.06485077682733,4.022886745448005,2022,3,6,42028,Zele,Normaal,Droog,Dageraad - schemering,met lichtgewonden,3,Fiets,9,personenauto,Buiten Kruispunt,Gemeenteweg,binnen bebouwde kom,Tussen 2 bestuurders: Langs achteren,Geen hindernis
30263,121,Zele teller 2,Zele,51.0604067,4.0556696,2.343644615386089,51.06485077682733,4.022886745448005,2022,3,6,42028,Zele,Normaal,Droog,Dageraad - schemering,met lichtgewonden,3,Fiets,9,personenauto,Buiten Kruispunt,Gemeenteweg,binnen bebouwde kom,Tussen 2 bestuurders: Langs achteren,Geen hindernis