crash_row_id,site_id,site_name,site_gemeente,site_lat,site_long,distance_km,crash_lat,crash_long,DT_YEAR_COLLISION,DT_MONTH_COLLISION,DT_TIME,CD_NIS,TX_MUNTY_COLLISION_NL,TX_WEATHER_NL,TX_ROAD_CONDITION_NL,TX_LIGHT_CONDITION_NL,TX_CLASS_ACCIDENTS_NL,CD_ROAD_USR_TYPE1,TX_ROAD_USR_TYPE1_NL,CD_ROAD_USR_TYPE2,TX_ROAD_USR_TYPE2_NL,TX_CROSSWAY_NL,CD_ROAD_TYPE_NL,TX_BUILD_UP_AREA_NL,TX_COLLISION_TYPE_NL,TX_OBSTACLES_NL
30274,10,Aalst 2,Aalst,50.93549,4.01571,1.2191980599779098,50.940056103645404,4.031528914167253,2022,3,8,41002,Aalst,Normaal,Droog,Dag,met lichtgewonden,9,personenauto,3,Fiets,Op Kruispunt,Gemeenteweg,binnen bebouwde kom,Tss. 2 best.: langs opzij (voor-/achterkant-flank),Geen hindernis
30274,11,Aalst 3,Aalst,50.93385,4.01647,1.2608305740878953,50.940056103645404,4.031528914167253,2022,3,8,41002,Aalst,Normaal,Droog,Dag,met lichtgewonden,9,personenauto,3,Fiets,Op Kruispunt,Gemeenteweg,binnen bebouwde kom,Tss. 2 best.: langs opzij (voor-/achterkant-flank),Geen hindernis
30274,19,Aalst 1,Aalst,50.93433,4.01471,1.339531908110856,50.940056103645404,4.031528914167253,2022,3,8,41002,Aalst,Normaal,Droog,Dag,met lichtgewonden,9,personenauto,3,Fiets,Op Kruispunt,Gemeenteweg,binnen bebouwde kom,Tss. 2 best.: langs opzij (voor-/achterkant-flank),Geen hindernis
30275,10,Aalst 2,Aalst,50.93549,4.01571,1.997384755550848,50.94525911026321,4.039632369663518,2022,3,14,41002,Aalst,Normaal,Droog,Dag,met lichtgewonden,3,Fiets,5,Lichte vrachtauto,Buiten Kruispunt,Gemeenteweg,binnen bebouwde kom,Tussen 2 bestuurders: Flank tegen flank,Geen hindernis
30275,11,Aalst 3,Aalst,50.93385,4.01647,2.059951333820198,50.94525911026321,4.039632369663518,2022,3,14,41002,Aalst,Normaal,Droog,Dag,met lichtgewonden,3,Fiets,5,Lichte vrachtauto,Buiten Kruispunt,Gemeenteweg,binnen bebouwde kom,Tussen 2 bestuurders: Flank tegen flank,Geen hindernis
30275,19,Aalst 1,Aalst,50.93433,4.01471,2.127507159338572,50.94525911026321,4.039632369663518,2022,3,14,41002,Aalst,Normaal,Droog,Dag,met lichtgewonden,3,Fiets,5,Lichte vrachtauto,Buiten Kruispunt,Gemeenteweg,binnen bebouwde kom,Tussen 2 bestuurders: Flank tegen flank,Geen hindernis
30278,10,Aalst 2,Aalst,50.93549,4.01571,1.6274933126956292,50.94368440115747,4.034955720601945,2022,3,8,41002,Aalst,Normaal,Droog,Dag,met lichtgewonden,9,personenauto,3,Fiets,Buiten Kruispunt,Gemeenteweg,binnen bebouwde kom,Tss. 2 best.: langs opzij (voor-/achterkant-flank),Geen hindernis
30278,11,Aalst 3,Aalst,50.93385,4.01647,1.695165451033789,50.94368440115747,4.034955720601945,2022,3,8,41002,Aalst,Normaal,Droog,Dag,met lichtgewonden,9,personenauto,3,Fiets,Buiten Kruispunt,Gemeenteweg,binnen bebouwde kom,Tss. 2 best.: langs opzij (voor-/achterkant-flank),Geen hindernis
30278,19,Aalst 1,Aalst,50.93433,4.01471,1.7590810341926888,50.94368440115747,4.034955720601945,2022,3,8,41002,Aalst,Normaal,Droog,Dag,met lichtgewonden,9,personenauto,3,Fiets,Buiten Kruispunt,Gemeenteweg,binnen bebouwde kom,Tss. 2 best.: langs opzij (voor-/achterkant-flank),Geen hindernis
30279,10,Aalst 2,Aalst,50.93549,4.01571,1.2378767894293368,50.938643454598356,4.032652192120823,2022,3,13,41002,Aalst,Normaal,Droog,Dag,met lichtgewonden,9,personenauto,3,Fiets,Op Kruispunt,Gemeenteweg,binnen bebouwde kom,Tss. 2 best.: langs opzij (voor-/achterkant-flank),Geen hindernis
30279,11,Aalst 3,Aalst,50.93385,4.01647,1.252963698429023,50.938643454598356,4.032652192120823,2022,3,13,41002,Aalst,Normaal,Droog,Dag,met lichtgewonden,9,personenauto,3,Fiets,Op Kruispunt,Gemeenteweg,binnen bebouwde kom,Tss. 2 best.: langs opzij (voor-/achterkant-flank),Geen hindernis
30279,19,Aalst 1,Aalst,50.93433,4.01471,1.345644496564435,50.938643454598356,4.032652192120823,2022,3,13,41002,Aalst,Normaal,Droog,Dag,met lichtgewonden,9,personenauto,3,Fiets,Op Kruispunt,Gemeenteweg,binnen bebouwde kom,Tss. 2 best.: langs opzij (voor-/achterkant-flank),Geen hindernis
30284,125,Dendermonde totem,Dendermonde,51.0372706,4.1025998,1.471344385548476,51.026057858398126,4.113771703175421,2022,3,16,42006,Dendermonde,Onbekend,Onbekend,Dag,met lichtgewonden,9,personenauto,3,Fiets,Buiten Kruispunt,Gemeenteweg,onbekend,Tss. 2 best.: langs opzij (voor-/achterkant-flank),Geen hindernis
30284,122,Dendermonde teller 2,Dendermonde,51.0373918,4.1019222,1.5082846462529378,51.026057858398126,4.113771703175421,2022,3,16,42006,Dendermonde,Onbekend,Onbekend,Dag,met lichtgewonden,9,personenauto,3,Fiets,Buiten Kruispunt,Gemeenteweg,onbekend,Tss. 2 best.: langs opzij (voor-/achterkant-flank),Geen hindernis
30285,122,Dendermonde teller 2,Dendermonde,51.0373918,4.1019222,0.11770981864713138,51.038430868360685,4.102244015477858,2022,3,1,42006,Dendermonde,Normaal,Droog,"Nacht, openbare verlichting aanwezig en ontstoken",dodelijk gewonden,3,Fiets,10,"één bestuurder, geen hindernis",Buiten Kruispunt,Gewestweg,binnen bebouwde kom,"Eén bestuurder, geen hindernis (incl. val)",Geen hindernis
30285,125,Dendermonde totem,Dendermonde,51.0372706,4.1025998,0.13139237802529977,51.038430868360685,4.102244015477858,2022,3,1,42006,Dendermonde,Normaal,Droog,"Nacht, openbare verlichting aanwezig en ontstoken",dodelijk gewonden,3,Fiets,10,"één bestuurder, geen hindernis",Buiten Kruispunt,Gewestweg,binnen bebouwde kom,"Eén bestuurder, geen hindernis (incl. val)",Geen hindernis
30287,20,Brugge,Brugge,51.17416,3.20048,1.267768151286725,51.17899764155513,3.184012081652482,2022,3,13,31005,Brugge,Normaal,Droog,Dag,met lichtgewonden,3,Fiets,3,Fiets,Buiten Kruispunt,Gewestweg,buiten bebouwde kom,Tussen 2 bestuurders: Flank tegen flank,Geen hindernis
30287,51,"Brugge, Sint-Andries",Brugge,51.19281,3.16252,2.1453788783037977,51.17899764155513,3.184012081652482,2022,3,13,31005,Brugge,Normaal,Droog,Dag,met lichtgewonden,3,Fiets,3,Fiets,Buiten Kruispunt,Gewestweg,buiten bebouwde kom,Tussen 2 bestuurders: Flank tegen flank,Geen hindernis
30287,50,"Brugge, Sint-Andries",Brugge,51.19291,3.16252,2.1533521232112633,51.17899764155513,3.184012081652482,2022,3,13,31005,Brugge,Normaal,Droog,Dag,met lichtgewonden,3,Fiets,3,Fiets,Buiten Kruispunt,Gewestweg,buiten bebouwde kom,Tussen 2 bestuurders: Flank tegen flank,Geen hindernis
30289,20,Brugge,Brugge,51.17416,3.20048,1.625049741385789,51.188671152072864,3.2032466806406474,2022,3,17,31005,Brugge,Normaal,Droog,Dag,met lichtgewonden,9,personenauto,3,Fiets,Op Kruispunt,Gemeenteweg,binnen bebouwde kom,Tss. 2 best.: langs opzij (voor-/achterkant-flank),Geen hindernis
30290,142,TEST Validatie BRUGGE Y2H22022134,Brugge,51.22632,3.24095,0.228595227394431,51.22458662051933,3.2391850372490483,2022,3,14,31005,Brugge,Normaal,Droog,Dag,met lichtgewonden,3,Fiets,9,personenauto,Buiten Kruispunt,Gewestweg,binnen bebouwde kom,Tss. 2 best.: langs opzij (voor-/achterkant-flank),Geen hindernis
30290,52,Brugge,Brugge,51.22632,3.24095,0.228595227394431,51.22458662051933,3.2391850372490483,2022,3,14,31005,Brugge,Normaal,Droog,Dag,met lichtgewonden,3,Fiets,9,personenauto,Buiten Kruispunt,Gewestweg,binnen bebouwde kom,Tss. 2 best.: langs opzij (voor-/achterkant-flank),Geen hindernis
30290,54,Brugge teller 2,Brugge,51.23015,3.22818,0.9848552274597852,51.22458662051933,3.2391850372490483,2022,3,14,31005,Brugge,Normaal,Droog,Dag,met lichtgewonden,3,Fiets,9,personenauto,Buiten Kruispunt,Gewestweg,binnen bebouwde kom,Tss. 2 best.: langs opzij (voor-/achterkant-flank),Geen hindernis
30290,53,Brugge teller 1,Brugge,51.23023,3.228,1.0001956101944038,51.22458662051933,3.2391850372490483,2022,3,14,31005,Brugge,Normaal,Droog,Dag,met lichtgewonden,3,Fiets,9,personenauto,Buiten Kruispunt,Gewestweg,binnen bebouwde kom,Tss. 2 best.: langs opzij (voor-/achterkant-flank),Geen hindernis
30291,142,TEST Validatie BRUGGE Y2H22022134,Brugge,51.22632,3.24095,1.7301230078878438,51.211260823820695,3.247198066347754,2022,3,7,31005,Brugge,Normaal,Droog,Dageraad - schemering,met lichtgewonden,3,Fiets,9,personenauto,Op Kruispunt,Gemeenteweg,binnen bebouwde kom,Tussen 2 bestuurders: Frontale botsing,Geen hindernis
30291,52,Brugge,Brugge,51.22632,3.24095,1.7301230078878438,51.211260823820695,3.247198066347754,2022,3,7,31005,Brugge,Normaal,Droog,Dageraad - schemering,met lichtgewonden,3,Fiets,9,personenauto,Op Kruispunt,Gemeenteweg,binnen bebouwde kom,Tussen 2 bestuurders: Frontale botsing,Geen hindernis
30291,54,Brugge teller 2,Brugge,51.23015,3.22818,2.4831180902176566,51.211260823820695,3.247198066347754,2022,3,7,31005,Brugge,Normaal,Droog,Dageraad - schemering,met lichtgewonden,3,Fiets,9,personenauto,Op Kruispunt,Gemeenteweg,binnen bebouwde kom,Tussen 2 bestuurders: Frontale botsing,Geen hindernis
30291,53,Brugge teller 1,Brugge,51.23023,3.228,2.4973354289373075,51.211260823820695,3.247198066347754,2022,3,7,31005,Brugge,Normaal,Droog,Dageraad - schemering,met lichtgewonden,3,Fiets,9,personenauto,Op Kruispunt,Gemeenteweg,binnen bebouwde kom,Tussen 2 bestuurders: Frontale botsing,Geen hindernis
30294,53,Brugge teller 1,Brugge,51.23023,3.228,1.7526699306929232,51.22070288796206,3.2079490786862457,2022,3,7,31005,Brugge,Normaal,Droog,Dag,met lichtgewonden,9,personenauto,3,Fiets,Op Kruispunt,Gewestweg,binnen bebouwde kom,Tss. 2 best.: langs opzij (voor-/achterkant-flank),Geen hindernis
30294,54,Brugge teller 2,Brugge,51.23015,3.22818,1.7573411089436881,51.22070288796206,3.2079490786862457,2022,3,7,31005,Brugge,Normaal,Droog,Dag,met lichtgewonden,9,personenauto,3,Fiets,Op Kruispunt,Gewestweg,binnen bebouwde kom,Tss. 2 best.: langs opzij (voor-/achterkant-flank),Geen hindernis
30294,52,Brugge,Brugge,51.22632,3.24095,2.381534702156599,51.22070288796206,3.2079490786862457,2022,3,7,31005,Brugge,Normaal,Droog,Dag,met lichtgewonden,9,personenauto,3,Fiets,Op Kruispunt,Gewestweg,binnen bebouwde kom,Tss. 2 best.: langs opzij (voor-/achterkant-flank),Geen hindernis
30294,142,TEST Validatie BRUGGE Y2H22022134,Brugge,51.22632,3.24095,2.381534702156599,51.22070288796206,3.2079490786862457,2022,3,7,31005,Brugge,Normaal,Droog,Dag,met lichtgewonden,9,personenauto,3,Fiets,Op Kruispunt,Gewestweg,binnen bebouwde kom,Tss. 2 best.: langs opzij (voor-/achterkant-flank),Geen hindernis
30295,50,"Brugge, Sint-Andries",Brugge,51.19291,3.16252,1.4626961039834407,51.19743047786721,3.182232492813298,2022,3,7,31005,Brugge,Normaal,Droog+Proper,Dag,met lichtgewonden,3,Fiets,9,personenauto,Buiten Kruispunt,Gewestweg,binnen bebouwde kom,Tussen 2 bestuurders: Flank tegen flank,Geen hindernis
30295,51,"Brugge, Sint-Andries",Brugge,51.19281,3.16252,1.4665558803109129,51.19743047786721,3.182232492813298,2022,3,7,31005,Brugge,Normaal,Droog+Proper,Dag,met lichtgewonden,3,Fiets,9,personenauto,Buiten Kruispunt,Gewestweg,binnen bebouwde kom,Tussen 2 bestuurders: Flank tegen flank,Geen hindernis
30298,142,TEST Validatie BRUGGE Y2H22022134,Brugge,51.22632,3.24095,2.1529837100451834,51.208267712034875,3.229773155340122,2022,3,19,31005,Brugge,Normaal,"Nat, plassen","Nacht, openbare verlichting aanwezig en ontstoken",met lichtgewonden,9,personenauto,3,Fiets,Op Kruispunt,Gemeenteweg,binnen bebouwde kom,Tss. 2 best.: langs opzij (voor-/achterkant-flank),Geen hindernis
30298,52,Brugge,Brugge,51.22632,3.24095,2.1529837100451834,51.208267712034875,3.229773155340122,2022,3,19,31005,Brugge,Normaal,"Nat, plassen","Nacht, openbare verlichting aanwezig en ontstoken",met lichtgewonden,9,personenauto,3,Fiets,Op Kruispunt,Gemeenteweg,binnen bebouwde kom,Tss. 2 best.: langs opzij (voor-/achterkant-flank),Geen hindernis
30298,54,Brugge teller 2,Brugge,51.23015,3.22818,2.4357279846608946,51.208267712034875,3.229773155340122,2022,3,19,31005,Brugge,Normaal,"Nat, plassen","Nacht, openbare verlichting aanwezig en ontstoken",met lichtgewonden,9,personenauto,3,Fiets,Op Kruispunt,Gemeenteweg,binnen bebouwde kom,Tss. 2 best.: langs opzij (voor-/achterkant-flank),Geen hindernis
30298,53,Brugge teller 1,Brugge,51.23023,3.228,2.4452154444395187,51.208267712034875,3.229773155340122,2022,3,19,31005,Brugge,Normaal,"Nat, plassen","Nacht, openbare verlichting aanwezig en ontstoken",met lichtgewonden,9,personenauto,3,Fiets,Op Kruispunt,Gemeenteweg,binnen bebouwde kom,Tss. 2 best.: langs opzij (voor-/achterkant-flank),Geen hindernis
30303,142,TEST Validatie BRUGGE Y2H22022134,Brugge,51.22632,3.24095,2.2067273391403353,51.209871490592825,3.2232224968952825,2022,3,4,31005,Brugge,Normaal,Droog,"Nacht, geen openbare verlichting aanwezig",met lichtgewonden,3,Fiets,5,Lichte vrachtauto,Buiten Kruispunt,Gemeenteweg,binnen bebouwde kom,Kettingbotsing (3 bestuurders of meer),Geen hindernis
30303,52,Brugge,Brugge,51.22632,3.24095,2.2067273391403353,51.209871490592825,3.2232224968952825,2022,3,4,31005,Brugge,Normaal,Droog,"Nacht, geen openbare verlichting aanwezig",met lichtgewonden,3,Fiets,5,Lichte vrachtauto,Buiten Kruispunt,Gemeenteweg,binnen bebouwde kom,Kettingbotsing (3 bestuurders of meer),Geen hindernis
30303,54,Brugge teller 2,Brugge,51.23015,3.22818,2.281147650002347,51.209871490592825,3.2232224968952825,2022,3,4,31005,Brugge,Normaal,Droog,"Nacht, geen openbare verlichting aanwezig",met lichtgewonden,3,Fiets,5,Lichte vrachtauto,Buiten Kruispunt,Gemeenteweg,binnen bebouwde kom,Kettingbotsing (3 bestuurders of meer),Geen hindernis
30303,53,Brugge teller 1,Brugge,51.23023,3.228,2.288084554667038,51.209871490592825,3.2232224968952825,2022,3,4,31005,Brugge,Normaal,Droog,"Nacht, geen openbare verlichting aanwezig",met lichtgewonden,3,Fiets,5,Lichte vrachtauto,Buiten Kruispunt,Gemeenteweg,binnen bebouwde kom,Kettingbotsing (3 bestuurders of meer),Geen hindernis
30310,59,Ardooie teller 1,Ardooie,50.96784,3.18479,1.4131093000634334,50.97676712359049,3.199153881407709,2022,3,11,37020,Ardooie,Normaal,Droog,Dag,met lichtgewonden,5,Lichte vrachtauto,3,Fiets,Op Kruispunt,Gemeenteweg,binnen bebouwde kom,Tss. 2 best.: langs opzij (voor-/achterkant-flank),Geen hindernis
30310,60,Ardooie teller 2,Ardooie,50.96783,3.18411,1.4481459818757108,50.97676712359049,3.199153881407709,2022,3,11,37020,Ardooie,Normaal,Droog,Dag,met lichtgewonden,5,Lichte vrachtauto,3,Fiets,Op Kruispunt,Gemeenteweg,binnen bebouwde kom,Tss. 2 best.: langs opzij (voor-/achterkant-flank),Geen hindernis
30311,59,Ardooie teller 1,Ardooie,50.96784,3.18479,1.7343820151431772,50.97545770482918,3.2064048081352796,2022,3,17,37020,Ardooie,Normaal,Droog,Dag,met lichtgewonden,3,Fiets,9,personenauto,Op Kruispunt,Gewestweg,buiten bebouwde kom,Tss. 2 best.: langs opzij (voor-/achterkant-flank),Geen hindernis
30311,60,Ardooie teller 2,Ardooie,50.96783,3.18411,1.776613881574593,50.97545770482918,3.2064048081352796,2022,3,17,37020,Ardooie,Normaal,Droog,Dag,met lichtgewonden,3,Fiets,9,personenauto,Op Kruispunt,Gewestweg,buiten bebouwde kom,Tss. 2 best.: langs opzij (voor-/achterkant-flank),Geen hindernis
30314,15,Oostende 2,Oostende,51.21371,2.92743,1.250713380464181,51.21944871981042,2.911985916167551,2022,3,15,35013,Oostende,Normaal,Droog,Dag,met lichtgewonden,3,Fiets,9,personenauto,Buiten Kruispunt,Gemeenteweg,binnen bebouwde kom,Tussen 2 bestuurders: Flank tegen flank,Geen hindernis
30314,18,Oostende 1,Oostende,51.21378,2.92765,1.2600036386474762,51.21944871981042,2.911985916167551,2022,3,15,35013,Oostende,Normaal,Droog,Dag,met lichtgewonden,3,Fiets,9,personenauto,Buiten Kruispunt,Gemeenteweg,binnen bebouwde kom,Tussen 2 bestuurders: Flank tegen flank,Geen hindernis
30315,18,Oostende 1,Oostende,51.21378,2.92765,1.3041148044451538,51.225334175524324,2.924436392177754,2022,3,10,35013,Oostende,Normaal,Droog,Dag,met lichtgewonden,3,Fiets,9,personenauto,Op Kruispunt,Gewestweg,binnen bebouwde kom,Tss. 2 best.: langs opzij (voor-/achterkant-flank),Geen hindernis
30315,15,Oostende 2,Oostende,51.21371,2.92743,1.3092565077121783,51.225334175524324,2.924436392177754,2022,3,10,35013,Oostende,Normaal,Droog,Dag,met lichtgewonden,3,Fiets,9,personenauto,Op Kruispunt,Gewestweg,binnen bebouwde kom,Tss. 2 best.: langs opzij (voor-/achterkant-flank),Geen hindernis
30316,18,Oostende 1,Oostende,51.21378,2.92765,0.7809773358409479,51.21938175349684,2.9344138522903527,2022,3,13,35013,Oostende,Normaal,Droog,Dag,met zwaargewonden,9,personenauto,3,Fiets,Buiten Kruispunt,Gemeenteweg,binnen bebouwde kom,Tss. 2 best.: langs opzij (voor-/achterkant-flank),Geen hindernis
30316,15,Oostende 2,Oostende,51.21371,2.92743,0.7964643310427504,51.21938175349684,2.9344138522903527,2022,3,13,35013,Oostende,Normaal,Droog,Dag,met zwaargewonden,9,personenauto,3,Fiets,Buiten Kruispunt,Gemeenteweg,binnen bebouwde kom,Tss. 2 best.: langs opzij (voor-/achterkant-flank),Geen hindernis
30317,15,Oostende 2,Oostende,51.21371,2.92743,1.1801660899129975,51.221741426771025,2.916352604503486,2022,3,15,35013,Oostende,Normaal,Droog,Dag,met lichtgewonden,3,Fiets,9,personenauto,Buiten Kruispunt,Gemeenteweg,binnen bebouwde kom,Tss. 2 best.: langs opzij (voor-/achterkant-flank),Geen hindernis
30317,18,Oostende 1,Oostende,51.21378,2.92765,1.184410195686891,51.221741426771025,2.916352604503486,2022,3,15,35013,Oostende,Normaal,Droog,Dag,met lichtgewonden,3,Fiets,9,personenauto,Buiten Kruispunt,Gemeenteweg,binnen bebouwde kom,Tss. 2 best.: langs opzij (voor-/achterkant-flank),Geen hindernis
30318,15,Oostende 2,Oostende,51.21371,2.92743,1.8160861107100679,51.21533471669285,2.901486066465948,2022,3,17,35013,Oostende,Normaal,Droog,Dag,met lichtgewonden,3,Fiets,3,Fiets,Op Kruispunt,Gemeenteweg,binnen bebouwde kom,Tussen 2 bestuurders: Flank tegen flank,Geen hindernis
30318,18,Oostende 1,Oostende,51.21378,2.92765,1.8305815947118123,51.21533471669285,2.901486066465948,2022,3,17,35013,Oostende,Normaal,Droog,Dag,met lichtgewonden,3,Fiets,3,Fiets,Op Kruispunt,Gemeenteweg,binnen bebouwde kom,Tussen 2 bestuurders: Flank tegen flank,Geen hindernis
30323,55,Torhout teller 1,Torhout,51.07161,3.08261,1.190291330295522,51.07450822088337,3.099010230150714,2022,3,7,31033,Torhout,Normaal,Droog,Dag,met lichtgewonden,3,Fiets,9,personenauto,Buiten Kruispunt,Gemeenteweg,binnen bebouwde kom,Tss. 2 best.: langs opzij (voor-/achterkant-flank),Geen hindernis
30323,56,Torhout teller 2,Torhout,51.07147,3.08244,1.2059990160077976,51.07450822088337,3.099010230150714,2022,3,7,31033,Torhout,Normaal,Droog,Dag,met lichtgewonden,3,Fiets,9,personenauto,Buiten Kruispunt,Gemeenteweg,binnen bebouwde kom,Tss. 2 best.: langs opzij (voor-/achterkant-flank),Geen hindernis
30324,56,Torhout teller 2,Torhout,51.07147,3.08244,0.8254504367977711,51.065921726357814,3.0745913953383845,2022,3,16,31033,Torhout,Normaal,Droog,Dag,met lichtgewonden,9,personenauto,3,Fiets,Op Kruispunt,Gemeenteweg,binnen bebouwde kom,Tussen 2 bestuurders: Langs achteren,Geen hindernis
30324,55,Torhout teller 1,Torhout,51.07161,3.08261,0.8449779073319204,51.065921726357814,3.0745913953383845,2022,3,16,31033,Torhout,Normaal,Droog,Dag,met lichtgewonden,9,personenauto,3,Fiets,Op Kruispunt,Gemeenteweg,binnen bebouwde kom,Tussen 2 bestuurders: Langs achteren,Geen hindernis
30326,56,Torhout teller 2,Torhout,51.07147,3.08244,1.9361774765249695,51.05961128583994,3.102728763825129,2022,3,15,31033,Torhout,Normaal,Droog,Dag,met lichtgewonden,3,Fiets,11,een weggebruiker tegen een hindernis,Buiten Kruispunt,Gewestweg,binnen bebouwde kom,Weggebruiker tegen hindernis buiten rijbaan,Andere hindernis
30326,55,Torhout teller 1,Torhout,51.07161,3.08261,1.9381774859695913,51.05961128583994,3.102728763825129,2022,3,15,31033,Torhout,Normaal,Droog,Dag,met lichtgewonden,3,Fiets,11,een weggebruiker tegen een hindernis,Buiten Kruispunt,Gewestweg,binnen bebouwde kom,Weggebruiker tegen hindernis buiten rijbaan,Andere hindernis
30327,55,Torhout teller 1,Torhout,51.07161,3.08261,1.2136973861783527,51.06589173747532,3.097405477280396,2022,3,15,31033,Torhout,Normaal,Droog,Dag,met lichtgewonden,9,personenauto,3,Fiets,Op Kruispunt,Gewestweg,binnen bebouwde kom,Tussen 2 bestuurders: Frontale botsing,Geen hindernis
30327,56,Torhout teller 2,Torhout,51.07147,3.08244,1.2158172874786293,51.06589173747532,3.097405477280396,2022,3,15,31033,Torhout,Normaal,Droog,Dag,met lichtgewonden,9,personenauto,3,Fiets,Op Kruispunt,Gewestweg,binnen bebouwde kom,Tussen 2 bestuurders: Frontale botsing,Geen hindernis
30328,84,Roeselare totem,Izegem,50.91717,3.18772,1.8556930987535092,50.92080674498304,3.2135561273817017,2022,3,20,36008,Izegem,Normaal,Droog,"Nacht, openbare verlichting aanwezig en ontstoken",met zwaargewonden,3,Fiets,3,Fiets,Buiten Kruispunt,Gemeenteweg,binnen bebouwde kom,Tussen 2 bestuurders: Langs achteren,Geen hindernis
30333,84,Roeselare totem,Izegem,50.91717,3.18772,2.296611322836583,50.92588006920653,3.2174280697156634,2022,3,22,36008,Izegem,Onbekend,Droog,"Nacht, openbare verlichting aanwezig en ontstoken",met zwaargewonden,3,Fiets,3,Fiets,Buiten Kruispunt,Gemeenteweg,binnen bebouwde kom,Tussen 2 bestuurders: Frontale botsing,Geen hindernis
30336,84,Roeselare totem,Izegem,50.91717,3.18772,2.4098822075109716,50.93836960538621,3.1948643872037144,2022,3,10,36008,Izegem,Normaal,"Vuil (zand, grint, bladeren,...)",Dag,met zwaargewonden,3,Fiets,10,"één bestuurder, geen hindernis",Buiten Kruispunt,Gemeenteweg,binnen bebouwde kom,"Eén bestuurder, geen hindernis (incl. val)",Geen hindernis
30337,84,Roeselare totem,Izegem,50.91717,3.18772,1.1926381077802852,50.91752751078128,3.2047234875108765,2022,3,8,36008,Izegem,Normaal,Droog,Dag,met zwaargewonden,9,personenauto,3,Fiets,Op Kruispunt,Gemeenteweg,binnen bebouwde kom,Tss. 2 best.: langs opzij (voor-/achterkant-flank),Geen hindernis
30345,143,Eco Display Classic Budastraat,Kortrijk,50.83066,3.26286,0.7008844133125472,50.83694195244267,3.2620411362472264,2022,3,8,34022,Kortrijk,Normaal,Droog,Dag,met zwaargewonden,5,Lichte vrachtauto,3,Fiets,Buiten Kruispunt,Gewestweg,binnen bebouwde kom,Tss. 2 best.: langs opzij (voor-/achterkant-flank),Geen hindernis
30345,17,Kortrijk 2,Kortrijk,50.83339,3.27773,1.170412658681188,50.83694195244267,3.2620411362472264,2022,3,8,34022,Kortrijk,Normaal,Droog,Dag,met zwaargewonden,5,Lichte vrachtauto,3,Fiets,Buiten Kruispunt,Gewestweg,binnen bebouwde kom,Tss. 2 best.: langs opzij (voor-/achterkant-flank),Geen hindernis
30345,16,Kortrijk 1,Kortrijk,50.83332,3.27777,1.1757016079437874,50.83694195244267,3.2620411362472264,2022,3,8,34022,Kortrijk,Normaal,Droog,Dag,met zwaargewonden,5,Lichte vrachtauto,3,Fiets,Buiten Kruispunt,Gewestweg,binnen bebouwde kom,Tss. 2 best.: langs opzij (voor-/achterkant-flank),Geen hindernis
30345,75,Kortrijk teller 2,Kortrijk,50.81925,3.25731,1.9951227793377821,50.83694195244267,3.2620411362472264,2022,3,8,34022,Kortrijk,Normaal,Droog,Dag,met zwaargewonden,5,Lichte vrachtauto,3,Fiets,Buiten Kruispunt,Gewestweg,binnen bebouwde kom,Tss. 2 best.: langs opzij (voor-/achterkant-flank),Geen hindernis
30345,74,Kortrijk teller 1,Kortrijk,50.81909,3.25728,2.0130166991523475,50.83694195244267,3.2620411362472264,2022,3,8,34022,Kortrijk,Normaal,Droog,Dag,met zwaargewonden,5,Lichte vrachtauto,3,Fiets,Buiten Kruispunt,Gewestweg,binnen bebouwde kom,Tss. 2 best.: langs opzij (voor-/achterkant-flank),Geen hindernis
30347,16,Kortrijk 1,Kortrijk,50.83332,3.27777,0.33020065881587596,50.83099004469582,3.2748550042174243,2022,3,12,34022,Kortrijk,Normaal,Droog,Dag,met lichtgewonden,9,personenauto,3,Fiets,Buiten Kruispunt,Gemeenteweg,binnen bebouwde kom,Tss. 2 best.: langs opzij (voor-/achterkant-flank),Geen hindernis
30347,17,Kortrijk 2,Kortrijk,50.83339,3.27773,0.3346398802074144,50.83099004469582,3.2748550042174243,2022,3,12,34022,Kortrijk,Normaal,Droog,Dag,met lichtgewonden,9,personenauto,3,Fiets,Buiten Kruispunt,Gemeenteweg,binnen bebouwde kom,Tss. 2 best.: langs opzij (voor-/achterkant-flank),Geen hindernis
30347,143,Eco Display Classic Budastraat,Kortrijk,50.83066,3.26286,0.8432331194564601,50.83099004469582,3.2748550042174243,2022,3,12,34022,Kortrijk,Normaal,Droog,Dag,met lichtgewonden,9,personenauto,3,Fiets,Buiten Kruispunt,Gemeenteweg,binnen bebouwde kom,Tss. 2 best.: langs opzij (voor-/achterkant-flank),Geen hindernis
30347,75,Kortrijk teller 2,Kortrijk,50.81925,3.25731,1.7952434428458548,50.83099004469582,3.2748550042174243,2022,3,12,34022,Kortrijk,Normaal,Droog,Dag,met lichtgewonden,9,personenauto,3,Fiets,Buiten Kruispunt,Gemeenteweg,binnen bebouwde kom,Tss. 2 best.: langs opzij (voor-/achterkant-flank),Geen hindernis
30347,74,Kortrijk teller 1,Kortrijk,50.81909,3.25728,1.809660021015737,50.83099004469582,3.2748550042174243,2022,3,12,34022,Kortrijk,Normaal,Droog,Dag,met lichtgewonden,9,personenauto,3,Fiets,Buiten Kruispunt,Gemeenteweg,binnen bebouwde kom,Tss. 2 best.: langs opzij (voor-/achterkant-flank),Geen hindernis