crash_row_id,site_id,site_name,site_gemeente,site_lat,site_long,distance_km,crash_lat,crash_long,DT_YEAR_COLLISION,DT_MONTH_COLLISION,DT_TIME,CD_NIS,TX_MUNTY_COLLISION_NL,TX_WEATHER_NL,TX_ROAD_CONDITION_NL,TX_LIGHT_CONDITION_NL,TX_CLASS_ACCIDENTS_NL,CD_ROAD_USR_TYPE1,TX_ROAD_USR_TYPE1_NL,CD_ROAD_USR_TYPE2,TX_ROAD_USR_TYPE2_NL,TX_CROSSWAY_NL,CD_ROAD_TYPE_NL,TX_BUILD_UP_AREA_NL,TX_COLLISION_TYPE_NL,TX_OBSTACLES_NL
30348,143,Eco Display Classic Budastraat,Kortrijk,50.83066,3.26286,0.4483739594053283,50.83322348825825,3.25793188815185,2022,3,17,34022,Kortrijk,Normaal,Droog,Dag,met lichtgewonden,9,personenauto,3,Fiets,Buiten Kruispunt,Gewestweg,binnen bebouwde kom,Tussen 2 bestuurders: Langs achteren,Geen hindernis
30348,17,Kortrijk 2,Kortrijk,50.83339,3.27773,1.3905119681545204,50.83322348825825,3.25793188815185,2022,3,17,34022,Kortrijk,Normaal,Droog,Dag,met lichtgewonden,9,personenauto,3,Fiets,Buiten Kruispunt,Gewestweg,binnen bebouwde kom,Tussen 2 bestuurders: Langs achteren,Geen hindernis
30348,16,Kortrijk 1,Kortrijk,50.83332,3.27777,1.3932402034927354,50.83322348825825,3.25793188815185,2022,3,17,34022,Kortrijk,Normaal,Droog,Dag,met lichtgewonden,9,personenauto,3,Fiets,Buiten Kruispunt,Gewestweg,binnen bebouwde kom,Tussen 2 bestuurders: Langs achteren,Geen hindernis
30348,75,Kortrijk teller 2,Kortrijk,50.81925,3.25731,1.554394870465033,50.83322348825825,3.25793188815185,2022,3,17,34022,Kortrijk,Normaal,Droog,Dag,met lichtgewonden,9,personenauto,3,Fiets,Buiten Kruispunt,Gewestweg,binnen bebouwde kom,Tussen 2 bestuurders: Langs achteren,Geen hindernis
30348,74,Kortrijk teller 1,Kortrijk,50.81909,3.25728,1.572239070043915,50.83322348825825,3.25793188815185,2022,3,17,34022,Kortrijk,Normaal,Droog,Dag,met lichtgewonden,9,personenauto,3,Fiets,Buiten Kruispunt,Gewestweg,binnen bebouwde kom,Tussen 2 bestuurders: Langs achteren,Geen hindernis
30355,143,Eco Display Classic Budastraat,Kortrijk,50.83066,3.26286,1.707928057766306,50.845998571898804,3.2615827245186373,2022,3,12,34022,Kortrijk,Onbekend,Onbekend,Dag,met lichtgewonden,9,personenauto,3,Fiets,Buiten Kruispunt,Gewestweg,onbekend,Tussen 2 bestuurders: Langs achteren,Geen hindernis
30355,17,Kortrijk 2,Kortrijk,50.83339,3.27773,1.8031156116136513,50.845998571898804,3.2615827245186373,2022,3,12,34022,Kortrijk,Onbekend,Onbekend,Dag,met lichtgewonden,9,personenauto,3,Fiets,Buiten Kruispunt,Gewestweg,onbekend,Tussen 2 bestuurders: Langs achteren,Geen hindernis
30355,16,Kortrijk 1,Kortrijk,50.83332,3.27777,1.8109365413335181,50.845998571898804,3.2615827245186373,2022,3,12,34022,Kortrijk,Onbekend,Onbekend,Dag,met lichtgewonden,9,personenauto,3,Fiets,Buiten Kruispunt,Gewestweg,onbekend,Tussen 2 bestuurders: Langs achteren,Geen hindernis
30356,16,Kortrijk 1,Kortrijk,50.83332,3.27777,2.198954901266491,50.833682411930575,3.309076371836387,2022,3,17,34013,Harelbeke,Onbekend,Droog,Dageraad - schemering,met lichtgewonden,9,personenauto,3,Fiets,Buiten Kruispunt,Gemeenteweg,binnen bebouwde kom,Tss. 2 best.: langs opzij (voor-/achterkant-flank),Geen hindernis
30356,17,Kortrijk 2,Kortrijk,50.83339,3.27773,2.2016331939731235,50.833682411930575,3.309076371836387,2022,3,17,34013,Harelbeke,Onbekend,Droog,Dageraad - schemering,met lichtgewonden,9,personenauto,3,Fiets,Buiten Kruispunt,Gemeenteweg,binnen bebouwde kom,Tss. 2 best.: langs opzij (voor-/achterkant-flank),Geen hindernis
30362,65,Nieuwpoort teller 2,Nieuwpoort,51.13435,2.75511,0.7894145690595052,51.12800527204674,2.750034287242202,2022,3,8,38016,Nieuwpoort,Regenval,"Nat, plassen",Dag,met zwaargewonden,3,Fiets,9,personenauto,Buiten Kruispunt,Gemeenteweg,binnen bebouwde kom,Tussen 2 bestuurders: Langs achteren,Geen hindernis
30362,64,Nieuwpoort teller 1,Nieuwpoort,51.13359,2.75737,0.8047723207995141,51.12800527204674,2.750034287242202,2022,3,8,38016,Nieuwpoort,Regenval,"Nat, plassen",Dag,met zwaargewonden,3,Fiets,9,personenauto,Buiten Kruispunt,Gemeenteweg,binnen bebouwde kom,Tussen 2 bestuurders: Langs achteren,Geen hindernis
30362,66,Nieuwpoort totem,Nieuwpoort,51.1347,2.74369,0.8661073979749545,51.12800527204674,2.750034287242202,2022,3,8,38016,Nieuwpoort,Regenval,"Nat, plassen",Dag,met zwaargewonden,3,Fiets,9,personenauto,Buiten Kruispunt,Gemeenteweg,binnen bebouwde kom,Tussen 2 bestuurders: Langs achteren,Geen hindernis
30362,63,Nieuwpoort teller 3,Nieuwpoort,51.13529,2.74289,0.9511361514088635,51.12800527204674,2.750034287242202,2022,3,8,38016,Nieuwpoort,Regenval,"Nat, plassen",Dag,met zwaargewonden,3,Fiets,9,personenauto,Buiten Kruispunt,Gemeenteweg,binnen bebouwde kom,Tussen 2 bestuurders: Langs achteren,Geen hindernis
30363,66,Nieuwpoort totem,Nieuwpoort,51.1347,2.74369,0.4104357048258399,51.13232154464945,2.748188216467663,2022,3,16,38016,Nieuwpoort,Normaal,Droog,Dag,met lichtgewonden,3,Fiets,9,personenauto,Buiten Kruispunt,Gemeenteweg,binnen bebouwde kom,Tussen 2 bestuurders: Langs achteren,Geen hindernis
30363,63,Nieuwpoort teller 3,Nieuwpoort,51.13529,2.74289,0.4955980466787692,51.13232154464945,2.748188216467663,2022,3,16,38016,Nieuwpoort,Normaal,Droog,Dag,met lichtgewonden,3,Fiets,9,personenauto,Buiten Kruispunt,Gemeenteweg,binnen bebouwde kom,Tussen 2 bestuurders: Langs achteren,Geen hindernis
30363,65,Nieuwpoort teller 2,Nieuwpoort,51.13435,2.75511,0.5330463935334514,51.13232154464945,2.748188216467663,2022,3,16,38016,Nieuwpoort,Normaal,Droog,Dag,met lichtgewonden,3,Fiets,9,personenauto,Buiten Kruispunt,Gemeenteweg,binnen bebouwde kom,Tussen 2 bestuurders: Langs achteren,Geen hindernis
30363,64,Nieuwpoort teller 1,Nieuwpoort,51.13359,2.75737,0.6560150018500494,51.13232154464945,2.748188216467663,2022,3,16,38016,Nieuwpoort,Normaal,Droog,Dag,met lichtgewonden,3,Fiets,9,personenauto,Buiten Kruispunt,Gemeenteweg,binnen bebouwde kom,Tussen 2 bestuurders: Langs achteren,Geen hindernis
30368,68,Ieper,Ieper,50.85032,2.85608,1.8132001798567399,50.84846427696238,2.830420253422602,2022,3,13,33011,Ieper,Normaal,Droog,Dag,met lichtgewonden,4,Vrachtwagen,3,Fiets,Buiten Kruispunt,Gemeenteweg,buiten bebouwde kom,Tss. 2 best.: langs opzij (voor-/achterkant-flank),Geen hindernis
30368,67,Ieper totem,Ieper,50.85018,2.85624,1.822667890148089,50.84846427696238,2.830420253422602,2022,3,13,33011,Ieper,Normaal,Droog,Dag,met lichtgewonden,4,Vrachtwagen,3,Fiets,Buiten Kruispunt,Gemeenteweg,buiten bebouwde kom,Tss. 2 best.: langs opzij (voor-/achterkant-flank),Geen hindernis
30369,67,Ieper totem,Ieper,50.85018,2.85624,0.7576194152845133,50.84893288670136,2.8668493850728813,2022,3,7,33011,Ieper,Normaal,"Nat, plassen",Dag,met zwaargewonden,9,personenauto,3,Fiets,Op Kruispunt,Gewestweg,binnen bebouwde kom,Tss. 2 best.: langs opzij (voor-/achterkant-flank),Geen hindernis
30369,68,Ieper,Ieper,50.85032,2.85608,0.7716242990480393,50.84893288670136,2.8668493850728813,2022,3,7,33011,Ieper,Normaal,"Nat, plassen",Dag,met zwaargewonden,9,personenauto,3,Fiets,Op Kruispunt,Gewestweg,binnen bebouwde kom,Tss. 2 best.: langs opzij (voor-/achterkant-flank),Geen hindernis
30370,68,Ieper,Ieper,50.85032,2.85608,1.7047650382977455,50.85936216468374,2.875692274301972,2022,3,14,33011,Ieper,Normaal,Droog,Dag,met zwaargewonden,3,Fiets,9,personenauto,Buiten Kruispunt,Gewestweg,binnen bebouwde kom,Tss. 2 best.: langs opzij (voor-/achterkant-flank),Geen hindernis
30370,67,Ieper totem,Ieper,50.85018,2.85624,1.7049860730520447,50.85936216468374,2.875692274301972,2022,3,14,33011,Ieper,Normaal,Droog,Dag,met zwaargewonden,3,Fiets,9,personenauto,Buiten Kruispunt,Gewestweg,binnen bebouwde kom,Tss. 2 best.: langs opzij (voor-/achterkant-flank),Geen hindernis
30372,35,Lanaken teller 1,Lanaken,50.88112,5.6314,2.3494023770829613,50.89020318122664,5.6616385768702795,2022,3,18,73042,Lanaken,Regenval,"Nat, plassen",Dag,met zwaargewonden,9,personenauto,3,Fiets,Op Kruispunt,Gewestweg,buiten bebouwde kom,Tss. 2 best.: langs opzij (voor-/achterkant-flank),Geen hindernis
30372,36,Lanaken teller 2,Lanaken,50.88131,5.63012,2.4220732381641223,50.89020318122664,5.6616385768702795,2022,3,18,73042,Lanaken,Regenval,"Nat, plassen",Dag,met zwaargewonden,9,personenauto,3,Fiets,Op Kruispunt,Gewestweg,buiten bebouwde kom,Tss. 2 best.: langs opzij (voor-/achterkant-flank),Geen hindernis
30373,35,Lanaken teller 1,Lanaken,50.88112,5.6314,1.7990460071241605,50.89536635358388,5.643556351450306,2022,3,13,73042,Lanaken,Normaal,Droog,Dag,met lichtgewonden,3,Fiets,9,personenauto,Op Kruispunt,Gewestweg,binnen bebouwde kom,Tss. 2 best.: langs opzij (voor-/achterkant-flank),Geen hindernis
30373,36,Lanaken teller 2,Lanaken,50.88131,5.63012,1.825173903624089,50.89536635358388,5.643556351450306,2022,3,13,73042,Lanaken,Normaal,Droog,Dag,met lichtgewonden,3,Fiets,9,personenauto,Op Kruispunt,Gewestweg,binnen bebouwde kom,Tss. 2 best.: langs opzij (voor-/achterkant-flank),Geen hindernis
30376,7,Evergem 1,Evergem,51.1089,3.70317,1.807750709659868,51.10385085974927,3.72778240801136,2022,3,6,44021,Gent,Normaal,Droog+Proper,Dageraad - schemering,met lichtgewonden,3,Fiets,9,personenauto,Op Kruispunt,Gewestweg,buiten bebouwde kom,Tss. 2 best.: langs opzij (voor-/achterkant-flank),Geen hindernis
30376,6,Evergem 2,Evergem,51.10894,3.70298,1.8217405658469845,51.10385085974927,3.72778240801136,2022,3,6,44021,Gent,Normaal,Droog+Proper,Dageraad - schemering,met lichtgewonden,3,Fiets,9,personenauto,Op Kruispunt,Gewestweg,buiten bebouwde kom,Tss. 2 best.: langs opzij (voor-/achterkant-flank),Geen hindernis
30378,124,Beveren teller 2,Beveren,51.1964712,4.2361077,1.282778723301497,51.19695576192865,4.2177144142533685,2022,3,15,46003,Beveren,Onbekend,Onbekend,Dag,met lichtgewonden,3,Fiets,9,personenauto,Buiten Kruispunt,Gemeenteweg,buiten bebouwde kom,Tss. 2 best.: langs opzij (voor-/achterkant-flank),Geen hindernis
30379,124,Beveren teller 2,Beveren,51.1964712,4.2361077,1.1558884876698639,51.19552906592091,4.219587732870709,2022,3,10,46003,Beveren,Normaal,Droog,Dag,met lichtgewonden,5,Lichte vrachtauto,3,Fiets,Buiten Kruispunt,Gewestweg,buiten bebouwde kom,Tussen 2 bestuurders: Langs achteren,Geen hindernis
30389,109,Zemst,Zemst,50.9903936,4.4707023,0.6386534918863332,50.99566617742004,4.474321184241444,2022,3,15,12025,Mechelen,Normaal,Droog,Dag,met lichtgewonden,9,personenauto,3,Fiets,Op Kruispunt,Gewestweg,buiten bebouwde kom,Tss. 2 best.: langs opzij (voor-/achterkant-flank),Geen hindernis
30390,99,Mechelen teller 1,Mechelen,51.04564,4.46882,1.6976104670022,51.03104610525992,4.475949727018673,2022,3,16,12025,Mechelen,Normaal,Droog,Dag,met lichtgewonden,3,Fiets,3,Fiets,Op Kruispunt,Gemeenteweg,binnen bebouwde kom,Tss. 2 best.: langs opzij (voor-/achterkant-flank),Geen hindernis
30390,100,Mechelen teller 2,Mechelen,51.0457,4.46883,1.7037846365786227,51.03104610525992,4.475949727018673,2022,3,16,12025,Mechelen,Normaal,Droog,Dag,met lichtgewonden,3,Fiets,3,Fiets,Op Kruispunt,Gemeenteweg,binnen bebouwde kom,Tss. 2 best.: langs opzij (voor-/achterkant-flank),Geen hindernis
30392,99,Mechelen teller 1,Mechelen,51.04564,4.46882,2.0159040243432034,51.02753467827546,4.470307273552752,2022,3,15,12025,Mechelen,Normaal,Droog,Dag,met lichtgewonden,6,Bromfiets,3,Fiets,Buiten Kruispunt,Gewestweg,binnen bebouwde kom,Tussen 2 bestuurders: Langs achteren,Geen hindernis
30392,100,Mechelen teller 2,Mechelen,51.0457,4.46883,2.0225310318079566,51.02753467827546,4.470307273552752,2022,3,15,12025,Mechelen,Normaal,Droog,Dag,met lichtgewonden,6,Bromfiets,3,Fiets,Buiten Kruispunt,Gewestweg,binnen bebouwde kom,Tussen 2 bestuurders: Langs achteren,Geen hindernis
30394,140,Hasselt ring,Hasselt,50.9300038,5.3438616,0.8204717770822851,50.93454722955093,5.334636580319544,2022,3,13,71022,Hasselt,Normaal,Droog,Dag,met lichtgewonden,3,Fiets,11,een weggebruiker tegen een hindernis,Buiten Kruispunt,Gemeenteweg,binnen bebouwde kom,Weggebruiker tegen hindernis op de rijbaan,"Op de rijbaan: Werken (signal., aarde, toestel,…)"
30394,138,Hasselt-Kempische brug,Hasselt,50.9405318,5.3422472,0.8527740719487137,50.93454722955093,5.334636580319544,2022,3,13,71022,Hasselt,Normaal,Droog,Dag,met lichtgewonden,3,Fiets,11,een weggebruiker tegen een hindernis,Buiten Kruispunt,Gemeenteweg,binnen bebouwde kom,Weggebruiker tegen hindernis op de rijbaan,"Op de rijbaan: Werken (signal., aarde, toestel,…)"
30394,137,Hasselt-Kempische brug,Hasselt,50.9411605,5.3417576,0.8886703119534262,50.93454722955093,5.334636580319544,2022,3,13,71022,Hasselt,Normaal,Droog,Dag,met lichtgewonden,3,Fiets,11,een weggebruiker tegen een hindernis,Buiten Kruispunt,Gemeenteweg,binnen bebouwde kom,Weggebruiker tegen hindernis op de rijbaan,"Op de rijbaan: Werken (signal., aarde, toestel,…)"
30395,140,Hasselt ring,Hasselt,50.9300038,5.3438616,1.0774802908156218,50.92032246700673,5.343211066096163,2022,3,9,71022,Hasselt,Normaal,Droog,Dag,met lichtgewonden,9,personenauto,3,Fiets,Op Kruispunt,Gewestweg,binnen bebouwde kom,Tss. 2 best.: langs opzij (voor-/achterkant-flank),Geen hindernis
30395,138,Hasselt-Kempische brug,Hasselt,50.9405318,5.3422472,2.248190338779807,50.92032246700673,5.343211066096163,2022,3,9,71022,Hasselt,Normaal,Droog,Dag,met lichtgewonden,9,personenauto,3,Fiets,Op Kruispunt,Gewestweg,binnen bebouwde kom,Tss. 2 best.: langs opzij (voor-/achterkant-flank),Geen hindernis
30395,137,Hasselt-Kempische brug,Hasselt,50.9411605,5.3417576,2.319321430864633,50.92032246700673,5.343211066096163,2022,3,9,71022,Hasselt,Normaal,Droog,Dag,met lichtgewonden,9,personenauto,3,Fiets,Op Kruispunt,Gewestweg,binnen bebouwde kom,Tss. 2 best.: langs opzij (voor-/achterkant-flank),Geen hindernis
30396,138,Hasselt-Kempische brug,Hasselt,50.9405318,5.3422472,0.9703355990670924,50.943850489135244,5.355055797449063,2022,3,17,71022,Hasselt,Normaal,Droog,Dag,met lichtgewonden,9,personenauto,3,Fiets,Buiten Kruispunt,Gemeenteweg,binnen bebouwde kom,Tussen 2 bestuurders: Frontale botsing,Geen hindernis
30396,137,Hasselt-Kempische brug,Hasselt,50.9411605,5.3417576,0.9785590613713251,50.943850489135244,5.355055797449063,2022,3,17,71022,Hasselt,Normaal,Droog,Dag,met lichtgewonden,9,personenauto,3,Fiets,Buiten Kruispunt,Gemeenteweg,binnen bebouwde kom,Tussen 2 bestuurders: Frontale botsing,Geen hindernis
30396,140,Hasselt ring,Hasselt,50.9300038,5.3438616,1.727978018226358,50.943850489135244,5.355055797449063,2022,3,17,71022,Hasselt,Normaal,Droog,Dag,met lichtgewonden,9,personenauto,3,Fiets,Buiten Kruispunt,Gemeenteweg,binnen bebouwde kom,Tussen 2 bestuurders: Frontale botsing,Geen hindernis
30397,138,Hasselt-Kempische brug,Hasselt,50.9405318,5.3422472,1.0016836844385895,50.935213075887674,5.330709538252516,2022,3,17,71022,Hasselt,Normaal,Droog,Dag,met lichtgewonden,9,personenauto,3,Fiets,Op Kruispunt,Gemeenteweg,binnen bebouwde kom,Tss. 2 best.: langs opzij (voor-/achterkant-flank),Geen hindernis
30397,137,Hasselt-Kempische brug,Hasselt,50.9411605,5.3417576,1.0181576473404428,50.935213075887674,5.330709538252516,2022,3,17,71022,Hasselt,Normaal,Droog,Dag,met lichtgewonden,9,personenauto,3,Fiets,Op Kruispunt,Gemeenteweg,binnen bebouwde kom,Tss. 2 best.: langs opzij (voor-/achterkant-flank),Geen hindernis
30397,140,Hasselt ring,Hasselt,50.9300038,5.3438616,1.0885866132548863,50.935213075887674,5.330709538252516,2022,3,17,71022,Hasselt,Normaal,Droog,Dag,met lichtgewonden,9,personenauto,3,Fiets,Op Kruispunt,Gemeenteweg,binnen bebouwde kom,Tss. 2 best.: langs opzij (voor-/achterkant-flank),Geen hindernis
30398,137,Hasselt-Kempische brug,Hasselt,50.9411605,5.3417576,1.0727900764296425,50.95025174356323,5.346883404412371,2022,3,17,71022,Hasselt,Normaal,Droog,Dag,met lichtgewonden,3,Fiets,3,Fiets,Buiten Kruispunt,Gewestweg,buiten bebouwde kom,Tss. 2 best.: langs opzij (voor-/achterkant-flank),Geen hindernis
30398,138,Hasselt-Kempische brug,Hasselt,50.9405318,5.3422472,1.1285604353628491,50.95025174356323,5.346883404412371,2022,3,17,71022,Hasselt,Normaal,Droog,Dag,met lichtgewonden,3,Fiets,3,Fiets,Buiten Kruispunt,Gewestweg,buiten bebouwde kom,Tss. 2 best.: langs opzij (voor-/achterkant-flank),Geen hindernis
30398,140,Hasselt ring,Hasselt,50.9300038,5.3438616,2.2614023433740464,50.95025174356323,5.346883404412371,2022,3,17,71022,Hasselt,Normaal,Droog,Dag,met lichtgewonden,3,Fiets,3,Fiets,Buiten Kruispunt,Gewestweg,buiten bebouwde kom,Tss. 2 best.: langs opzij (voor-/achterkant-flank),Geen hindernis
30399,140,Hasselt ring,Hasselt,50.9300038,5.3438616,0.7403783348521825,50.932431887834895,5.334024477853193,2022,3,9,71022,Hasselt,Normaal,Droog,Dag,met lichtgewonden,9,personenauto,3,Fiets,Op Kruispunt,Gewestweg,binnen bebouwde kom,Tss. 2 best.: langs opzij (voor-/achterkant-flank),Geen hindernis
30399,138,Hasselt-Kempische brug,Hasselt,50.9405318,5.3422472,1.0692056203817246,50.932431887834895,5.334024477853193,2022,3,9,71022,Hasselt,Normaal,Droog,Dag,met lichtgewonden,9,personenauto,3,Fiets,Op Kruispunt,Gewestweg,binnen bebouwde kom,Tss. 2 best.: langs opzij (voor-/achterkant-flank),Geen hindernis
30399,137,Hasselt-Kempische brug,Hasselt,50.9411605,5.3417576,1.1115996044271326,50.932431887834895,5.334024477853193,2022,3,9,71022,Hasselt,Normaal,Droog,Dag,met lichtgewonden,9,personenauto,3,Fiets,Op Kruispunt,Gewestweg,binnen bebouwde kom,Tss. 2 best.: langs opzij (voor-/achterkant-flank),Geen hindernis
30400,140,Hasselt ring,Hasselt,50.9300038,5.3438616,1.9180668610624492,50.92462579571707,5.317858670969923,2022,3,8,71022,Hasselt,Normaal,Droog,Dag,met lichtgewonden,6,Bromfiets,3,Fiets,Op Kruispunt,Gewestweg,buiten bebouwde kom,Tussen 2 bestuurders: Frontale botsing,Geen hindernis
30400,138,Hasselt-Kempische brug,Hasselt,50.9405318,5.3422472,2.459527600733337,50.92462579571707,5.317858670969923,2022,3,8,71022,Hasselt,Normaal,Droog,Dag,met lichtgewonden,6,Bromfiets,3,Fiets,Op Kruispunt,Gewestweg,buiten bebouwde kom,Tussen 2 bestuurders: Frontale botsing,Geen hindernis
30400,137,Hasselt-Kempische brug,Hasselt,50.9411605,5.3417576,2.4870282161466353,50.92462579571707,5.317858670969923,2022,3,8,71022,Hasselt,Normaal,Droog,Dag,met lichtgewonden,6,Bromfiets,3,Fiets,Op Kruispunt,Gewestweg,buiten bebouwde kom,Tussen 2 bestuurders: Frontale botsing,Geen hindernis
30404,12,Tervuren,Kraainem,50.81896,4.47803,2.3104971154449774,50.82316623569697,4.510240202796029,2022,3,13,24104,Tervuren,Normaal,Droog,Dag,met lichtgewonden,9,personenauto,3,Fiets,Buiten Kruispunt,Gemeenteweg,binnen bebouwde kom,Tss. 2 best.: langs opzij (voor-/achterkant-flank),Geen hindernis
30407,12,Tervuren,Kraainem,50.81896,4.47803,2.229103604840406,50.82547873237785,4.508038671565157,2022,3,13,24104,Tervuren,Normaal,Droog,Dag,met lichtgewonden,3,Fiets,10,"één bestuurder, geen hindernis",Op Kruispunt,Gewestweg,binnen bebouwde kom,"Eén bestuurder, geen hindernis (incl. val)",Geen hindernis
30409,108,Heverlee teller 1,Leuven,50.8471728,4.6954674,1.879209154945156,50.84722064036971,4.668700985256508,2022,3,14,24086,Oud-Heverlee,Normaal,Droog,Dag,met lichtgewonden,9,personenauto,3,Fiets,Buiten Kruispunt,Gemeenteweg,buiten bebouwde kom,Tss. 2 best.: langs opzij (voor-/achterkant-flank),Geen hindernis
30409,76,Heverlee teller 2,Leuven,50.84606,4.69597,1.9188556731874717,50.84722064036971,4.668700985256508,2022,3,14,24086,Oud-Heverlee,Normaal,Droog,Dag,met lichtgewonden,9,personenauto,3,Fiets,Buiten Kruispunt,Gemeenteweg,buiten bebouwde kom,Tss. 2 best.: langs opzij (voor-/achterkant-flank),Geen hindernis
30412,139,Houthalen-Helchteren,Houthalen-Helchteren,51.0644267,5.3819796,2.3562354396307805,51.079979843864436,5.404883926661842,2022,3,10,72039,Houthalen-Helchteren,Normaal,Droog,Dag,met lichtgewonden,9,personenauto,3,Fiets,Op Kruispunt,Gemeenteweg,binnen bebouwde kom,Tss. 2 best.: langs opzij (voor-/achterkant-flank),Geen hindernis
30413,14,Genk,Genk,50.97172,5.48927,2.1346177828883945,50.98128976099956,5.515700605103304,2022,3,14,71016,Genk,Normaal,Droog,Dag,met lichtgewonden,3,Fiets,9,personenauto,Buiten Kruispunt,Gemeenteweg,binnen bebouwde kom,Tussen 2 bestuurders: Langs achteren,Geen hindernis
30414,14,Genk,Genk,50.97172,5.48927,2.0777639227509868,50.97237269561713,5.5189260152635375,2022,3,15,71016,Genk,Normaal,Droog,Dag,met lichtgewonden,9,personenauto,3,Fiets,Op Kruispunt,Gemeenteweg,buiten bebouwde kom,Tss. 2 best.: langs opzij (voor-/achterkant-flank),Geen hindernis
30416,25,Bree,Bree,51.13679500160176,5.597669323604317,2.0426089972465578,51.137325148874,5.5684053292156666,2022,3,18,72004,Bree,Normaal,Droog,Dageraad - schemering,met lichtgewonden,5,Lichte vrachtauto,3,Fiets,Op Kruispunt,Gemeenteweg,binnen bebouwde kom,Tussen 2 bestuurders: Flank tegen flank,Geen hindernis
30419,14,Genk,Genk,50.97172,5.48927,0.4648293729448624,50.97588350071017,5.489864774986192,2022,3,5,71016,Genk,Normaal,Droog,"Nacht, openbare verlichting aanwezig en ontstoken",met lichtgewonden,9,personenauto,3,Fiets,Op Kruispunt,Gemeenteweg,binnen bebouwde kom,Tss. 2 best.: langs opzij (voor-/achterkant-flank),Geen hindernis
30423,14,Genk,Genk,50.97172,5.48927,0.9560957679995871,50.96507220308019,5.497929537935157,2022,3,21,71016,Genk,Normaal,Droog,Onbekend,met lichtgewonden,3,Fiets,10,"één bestuurder, geen hindernis",Buiten Kruispunt,Gemeenteweg,binnen bebouwde kom,"Eén bestuurder, geen hindernis (incl. val)",Geen hindernis
30424,22,Tienen 2,Tienen,50.81330800184882,4.935984252796022,1.20159418502081,50.80489658458926,4.946719939562308,2022,3,18,24107,Tienen,Onbekend,Droog+Proper,Dageraad - schemering,met lichtgewonden,9,personenauto,3,Fiets,Op Kruispunt,Gewestweg,binnen bebouwde kom,Tussen 2 bestuurders: Flank tegen flank,Geen hindernis
30424,24,Tienen 1,Tienen,50.8133795491886,4.935044252605416,1.2501128139944644,50.80489658458926,4.946719939562308,2022,3,18,24107,Tienen,Onbekend,Droog+Proper,Dageraad - schemering,met lichtgewonden,9,personenauto,3,Fiets,Op Kruispunt,Gewestweg,binnen bebouwde kom,Tussen 2 bestuurders: Flank tegen flank,Geen hindernis
30424,23,Tienen 3,Tienen,50.81324,4.93447,1.2655372326539571,50.80489658458926,4.946719939562308,2022,3,18,24107,Tienen,Onbekend,Droog+Proper,Dageraad - schemering,met lichtgewonden,9,personenauto,3,Fiets,Op Kruispunt,Gewestweg,binnen bebouwde kom,Tussen 2 bestuurders: Flank tegen flank,Geen hindernis
30425,113,Deinze teller 2,Deinze,50.96018,3.55578,2.3556215939063136,50.97736514488706,3.536108758285921,2022,3,12,44083,Deinze,Normaal,Droog,Dag,met lichtgewonden,3,Fiets,9,personenauto,Buiten Kruispunt,Gemeenteweg,binnen bebouwde kom,Tussen 2 bestuurders: Langs achteren,Geen hindernis
30425,114,Deinze teller 1,Nazareth,50.9598305,3.555502,2.376079103823158,50.97736514488706,3.536108758285921,2022,3,12,44083,Deinze,Normaal,Droog,Dag,met lichtgewonden,3,Fiets,9,personenauto,Buiten Kruispunt,Gemeenteweg,binnen bebouwde kom,Tussen 2 bestuurders: Langs achteren,Geen hindernis
30489,109,Zemst,Zemst,50.9903936,4.4707023,2.350916682543347,51.01152979912801,4.46989515390601,2022,4,13,12025,Mechelen,Onbekend,Onbekend,Dag,met lichtgewonden,3,Fiets,6,Bromfiets,Buiten Kruispunt,Gemeenteweg,binnen bebouwde kom,Tussen 2 bestuurders: Flank tegen flank,Geen hindernis
30497,2,Brasschaat 2,Brasschaat,51.27512,4.47169,1.9315940975708732,51.265641760490716,4.448421926353958,2022,4,17,11002,Antwerpen,Normaal,Droog,Dageraad - schemering,met lichtgewonden,3,Fiets,9,personenauto,Buiten Kruispunt,Gemeenteweg,binnen bebouwde kom,Tussen 2 bestuurders: Flank tegen flank,Geen hindernis
30497,3,Brasschaat 1,Brasschaat,51.27503,4.47222,1.9572418845681525,51.265641760490716,4.448421926353958,2022,4,17,11002,Antwerpen,Normaal,Droog,Dageraad - schemering,met lichtgewonden,3,Fiets,9,personenauto,Buiten Kruispunt,Gemeenteweg,binnen bebouwde kom,Tussen 2 bestuurders: Flank tegen flank,Geen hindernis
30535,3,Brasschaat 1,Brasschaat,51.27503,4.47222,2.2586927883880654,51.28989111435097,4.494359429963111,2022,4,16,11008,Brasschaat,Normaal,Droog,Dag,met lichtgewonden,3,Fiets,3,Fiets,Buiten Kruispunt,Gewestweg,binnen bebouwde kom,Tss. 2 best.: langs opzij (voor-/achterkant-flank),Geen hindernis
30535,2,Brasschaat 2,Brasschaat,51.27512,4.47169,2.276750388193201,51.28989111435097,4.494359429963111,2022,4,16,11008,Brasschaat,Normaal,Droog,Dag,met lichtgewonden,3,Fiets,3,Fiets,Buiten Kruispunt,Gewestweg,binnen bebouwde kom,Tss. 2 best.: langs opzij (voor-/achterkant-flank),Geen hindernis
30549,104,Malle teller 2,Malle,51.31682,4.73852,1.974703229088348,51.2993898950319,4.733078532009836,2022,4,14,11057,Malle,Normaal,Droog,Dag,met lichtgewonden,3,Fiets,9,personenauto,Op Kruispunt,Gewestweg,binnen bebouwde kom,Tss. 2 best.: langs opzij (voor-/achterkant-flank),Geen hindernis