crash_row_id,site_id,site_name,site_gemeente,site_lat,site_long,distance_km,crash_lat,crash_long,DT_YEAR_COLLISION,DT_MONTH_COLLISION,DT_TIME,CD_NIS,TX_MUNTY_COLLISION_NL,TX_WEATHER_NL,TX_ROAD_CONDITION_NL,TX_LIGHT_CONDITION_NL,TX_CLASS_ACCIDENTS_NL,CD_ROAD_USR_TYPE1,TX_ROAD_USR_TYPE1_NL,CD_ROAD_USR_TYPE2,TX_ROAD_USR_TYPE2_NL,TX_CROSSWAY_NL,CD_ROAD_TYPE_NL,TX_BUILD_UP_AREA_NL,TX_COLLISION_TYPE_NL,TX_OBSTACLES_NL
30549,103,Malle teller 1,Malle,51.31681,4.73872,1.9763233824415258,51.2993898950319,4.733078532009836,2022,4,14,11057,Malle,Normaal,Droog,Dag,met lichtgewonden,3,Fiets,9,personenauto,Op Kruispunt,Gewestweg,binnen bebouwde kom,Tss. 2 best.: langs opzij (voor-/achterkant-flank),Geen hindernis
30564,96,Lier teller 2,Lier,51.11705,4.58444,1.8475934508051794,51.13339748508068,4.589178560262644,2022,4,10,12021,Lier,Onbekend,Onbekend,Dag,met lichtgewonden,3,Fiets,8,Voetganger,Buiten Kruispunt,Gemeenteweg,onbekend,Met een voetganger,Geen hindernis
30564,95,Lier teller 1,Lier,51.11687,4.58437,1.8681602239686963,51.13339748508068,4.589178560262644,2022,4,10,12021,Lier,Onbekend,Onbekend,Dag,met lichtgewonden,3,Fiets,8,Voetganger,Buiten Kruispunt,Gemeenteweg,onbekend,Met een voetganger,Geen hindernis
30565,92,Nijlen teller 1,Nijlen,51.14989,4.64479,2.2417659588281116,51.14965424187737,4.6769273065741155,2022,4,9,12026,Nijlen,Normaal,Droog,Dag,met lichtgewonden,9,personenauto,3,Fiets,Op Kruispunt,Gemeenteweg,buiten bebouwde kom,Tss. 2 best.: langs opzij (voor-/achterkant-flank),Geen hindernis
30565,93,Nijlen teller 2,Nijlen,51.14998,4.64469,2.248877330272125,51.14965424187737,4.6769273065741155,2022,4,9,12026,Nijlen,Normaal,Droog,Dag,met lichtgewonden,9,personenauto,3,Fiets,Op Kruispunt,Gemeenteweg,buiten bebouwde kom,Tss. 2 best.: langs opzij (voor-/achterkant-flank),Geen hindernis
30566,92,Nijlen teller 1,Nijlen,51.14989,4.64479,2.275061325635747,51.1490079224166,4.677376295622498,2022,4,11,12026,Nijlen,Onbekend,Onbekend,Dag,met lichtgewonden,3,Fiets,11,een weggebruiker tegen een hindernis,Buiten Kruispunt,Gemeenteweg,buiten bebouwde kom,Weggebruiker tegen hindernis op de rijbaan,"Op de rijbaan: Werken (signal., aarde, toestel,…)"
30566,93,Nijlen teller 2,Nijlen,51.14998,4.64469,2.282479825723304,51.1490079224166,4.677376295622498,2022,4,11,12026,Nijlen,Onbekend,Onbekend,Dag,met lichtgewonden,3,Fiets,11,een weggebruiker tegen een hindernis,Buiten Kruispunt,Gemeenteweg,buiten bebouwde kom,Weggebruiker tegen hindernis op de rijbaan,"Op de rijbaan: Werken (signal., aarde, toestel,…)"
30573,133,Gierde Lille Totem,Lille,51.2453915,4.8297416,0.8591792559282357,51.2384705804849,4.824253543910048,2022,4,9,13019,Lille,Normaal,Droog,Dag,met lichtgewonden,9,personenauto,3,Fiets,Op Kruispunt,Gewestweg,binnen bebouwde kom,Tussen 2 bestuurders: Flank tegen flank,Geen hindernis
30573,132,Gierde lille,Lille,51.245445,4.8298851,0.8689722150307929,51.2384705804849,4.824253543910048,2022,4,9,13019,Lille,Normaal,Droog,Dag,met lichtgewonden,9,personenauto,3,Fiets,Op Kruispunt,Gewestweg,binnen bebouwde kom,Tussen 2 bestuurders: Flank tegen flank,Geen hindernis
30579,132,Gierde lille,Lille,51.245445,4.8298851,1.0396306966243332,51.254562161916155,4.826574932092029,2022,4,8,13019,Lille,Normaal,Droog,Dag,met lichtgewonden,3,Fiets,9,personenauto,Buiten Kruispunt,Gemeenteweg,binnen bebouwde kom,Tussen 2 bestuurders: Langs achteren,Geen hindernis
30579,133,Gierde Lille Totem,Lille,51.2453915,4.8297416,1.0432770688701003,51.254562161916155,4.826574932092029,2022,4,8,13019,Lille,Normaal,Droog,Dag,met lichtgewonden,3,Fiets,9,personenauto,Buiten Kruispunt,Gemeenteweg,binnen bebouwde kom,Tussen 2 bestuurders: Langs achteren,Geen hindernis
30581,94,Herentals teller 2,Herentals,51.17345,4.81283,1.4588435873753751,51.17882143458461,4.831922637844216,2022,4,17,13011,Herentals,Normaal,Droog,Dag,met lichtgewonden,3,Fiets,9,personenauto,Op Kruispunt,Gemeenteweg,binnen bebouwde kom,Tss. 2 best.: langs opzij (voor-/achterkant-flank),Geen hindernis
30581,110,Herentals totem,Herentals,51.1739426,4.811783,1.5051209014307867,51.17882143458461,4.831922637844216,2022,4,17,13011,Herentals,Normaal,Droog,Dag,met lichtgewonden,3,Fiets,9,personenauto,Op Kruispunt,Gemeenteweg,binnen bebouwde kom,Tss. 2 best.: langs opzij (voor-/achterkant-flank),Geen hindernis
30582,127,Geel totem,Westerlo,51.1342966,4.9400421,0.2678254734538555,51.13204096413722,4.93869598910677,2022,4,14,13049,Westerlo,Normaal,Droog,Dag,met lichtgewonden,3,Fiets,3,Fiets,Buiten Kruispunt,Gewestweg,buiten bebouwde kom,Kettingbotsing (3 bestuurders of meer),Geen hindernis
30582,112,Geel teller 2,Westerlo,51.1354992,4.9394789,0.3883991393010938,51.13204096413722,4.93869598910677,2022,4,14,13049,Westerlo,Normaal,Droog,Dag,met lichtgewonden,3,Fiets,3,Fiets,Buiten Kruispunt,Gewestweg,buiten bebouwde kom,Kettingbotsing (3 bestuurders of meer),Geen hindernis
30583,127,Geel totem,Westerlo,51.1342966,4.9400421,0.49916929311957714,51.130040345272626,4.942316288207641,2022,4,16,13049,Westerlo,Normaal,Droog,Dag,met lichtgewonden,3,Fiets,3,Fiets,Buiten Kruispunt,Gemeenteweg,binnen bebouwde kom,Tussen 2 bestuurders: Frontale botsing,Geen hindernis
30583,112,Geel teller 2,Westerlo,51.1354992,4.9394789,0.6384691941565184,51.130040345272626,4.942316288207641,2022,4,16,13049,Westerlo,Normaal,Droog,Dag,met lichtgewonden,3,Fiets,3,Fiets,Buiten Kruispunt,Gemeenteweg,binnen bebouwde kom,Tussen 2 bestuurders: Frontale botsing,Geen hindernis
30584,88,Westerlo teller 1,Westerlo,51.082,4.91325,1.8123596475106882,51.09818085491955,4.91013196865314,2022,4,13,13049,Westerlo,Normaal,Droog,Dag,met lichtgewonden,3,Fiets,9,personenauto,Buiten Kruispunt,Gemeenteweg,buiten bebouwde kom,Tss. 2 best.: langs opzij (voor-/achterkant-flank),Geen hindernis
30584,89,Westerlo teller 2,Westerlo,51.08191,4.91334,1.8230569438648627,51.09818085491955,4.91013196865314,2022,4,13,13049,Westerlo,Normaal,Droog,Dag,met lichtgewonden,3,Fiets,9,personenauto,Buiten Kruispunt,Gemeenteweg,buiten bebouwde kom,Tss. 2 best.: langs opzij (voor-/achterkant-flank),Geen hindernis
30585,97,Geel teller 1,Geel,51.14813,4.99698,1.672015855607636,51.16314384901112,4.998304083050276,2022,4,8,13008,Geel,Normaal,Droog,Dag,met lichtgewonden,3,Fiets,9,personenauto,Op Kruispunt,Gewestweg,binnen bebouwde kom,Tss. 2 best.: langs opzij (voor-/achterkant-flank),Geen hindernis
30585,98,Geel teller 2,Geel,51.1481,4.99643,1.6778980940433987,51.16314384901112,4.998304083050276,2022,4,8,13008,Geel,Normaal,Droog,Dag,met lichtgewonden,3,Fiets,9,personenauto,Op Kruispunt,Gewestweg,binnen bebouwde kom,Tss. 2 best.: langs opzij (voor-/achterkant-flank),Geen hindernis
30592,94,Herentals teller 2,Herentals,51.17345,4.81283,1.2315654905940987,51.1757462998712,4.830112223673212,2022,4,6,13011,Herentals,Normaal,Droog,Dag,met lichtgewonden,3,Fiets,9,personenauto,Buiten Kruispunt,Gemeenteweg,binnen bebouwde kom,Tss. 2 best.: langs opzij (voor-/achterkant-flank),Geen hindernis
30592,110,Herentals totem,Herentals,51.1739426,4.811783,1.2934333272962084,51.1757462998712,4.830112223673212,2022,4,6,13011,Herentals,Normaal,Droog,Dag,met lichtgewonden,3,Fiets,9,personenauto,Buiten Kruispunt,Gemeenteweg,binnen bebouwde kom,Tss. 2 best.: langs opzij (voor-/achterkant-flank),Geen hindernis
30593,94,Herentals teller 2,Herentals,51.17345,4.81283,0.17239834756055072,51.17433445444428,4.814861062511641,2022,4,22,13011,Herentals,Normaal,Droog,"Nacht, openbare verlichting aanwezig en ontstoken",met zwaargewonden,9,personenauto,3,Fiets,Buiten Kruispunt,Gewestweg,buiten bebouwde kom,Tss. 2 best.: langs opzij (voor-/achterkant-flank),Geen hindernis
30593,110,Herentals totem,Herentals,51.1739426,4.811783,0.2189639546606435,51.17433445444428,4.814861062511641,2022,4,22,13011,Herentals,Normaal,Droog,"Nacht, openbare verlichting aanwezig en ontstoken",met zwaargewonden,9,personenauto,3,Fiets,Buiten Kruispunt,Gewestweg,buiten bebouwde kom,Tss. 2 best.: langs opzij (voor-/achterkant-flank),Geen hindernis
30595,94,Herentals teller 2,Herentals,51.17345,4.81283,1.2027383363286437,51.176882028108054,4.82919127094827,2022,4,17,13011,Herentals,Normaal,Droog,Dag,met lichtgewonden,3,Fiets,9,personenauto,Op Kruispunt,Gewestweg,binnen bebouwde kom,Tussen 2 bestuurders: Flank tegen flank,Geen hindernis
30595,110,Herentals totem,Herentals,51.1739426,4.811783,1.256815886439401,51.176882028108054,4.82919127094827,2022,4,17,13011,Herentals,Normaal,Droog,Dag,met lichtgewonden,3,Fiets,9,personenauto,Op Kruispunt,Gewestweg,binnen bebouwde kom,Tussen 2 bestuurders: Flank tegen flank,Geen hindernis
30598,94,Herentals teller 2,Herentals,51.17345,4.81283,1.3845505926092903,51.171802413473664,4.8325150847975635,2022,4,8,13011,Herentals,Normaal,Droog,Dag,met lichtgewonden,3,Fiets,3,Fiets,Buiten Kruispunt,Gemeenteweg,binnen bebouwde kom,Tussen 2 bestuurders: Frontale botsing,Geen hindernis
30598,110,Herentals totem,Herentals,51.1739426,4.811783,1.4648223314505513,51.171802413473664,4.8325150847975635,2022,4,8,13011,Herentals,Normaal,Droog,Dag,met lichtgewonden,3,Fiets,3,Fiets,Buiten Kruispunt,Gemeenteweg,binnen bebouwde kom,Tussen 2 bestuurders: Frontale botsing,Geen hindernis
30599,94,Herentals teller 2,Herentals,51.17345,4.81283,1.6689683141882568,51.15851761971377,4.815251616982635,2022,4,7,13011,Herentals,Normaal,Droog,Dag,met lichtgewonden,9,personenauto,3,Fiets,Op Kruispunt,Gemeenteweg,buiten bebouwde kom,Tss. 2 best.: langs opzij (voor-/achterkant-flank),Geen hindernis
30599,110,Herentals totem,Herentals,51.1739426,4.811783,1.7321472358035357,51.15851761971377,4.815251616982635,2022,4,7,13011,Herentals,Normaal,Droog,Dag,met lichtgewonden,9,personenauto,3,Fiets,Op Kruispunt,Gemeenteweg,buiten bebouwde kom,Tss. 2 best.: langs opzij (voor-/achterkant-flank),Geen hindernis
30600,37,Lommel teller 1,Lommel,51.23299,5.29211,1.581420864487859,51.228469066189454,5.313644132044776,2022,4,13,72020,Lommel,Normaal,Droog,Dag,met lichtgewonden,1,Autobus,3,Fiets,Op Kruispunt,Gewestweg,binnen bebouwde kom,Tussen 2 bestuurders: Flank tegen flank,Geen hindernis
30600,38,Lommel teller 2,Lommel,51.23277,5.29189,1.5884196907378265,51.228469066189454,5.313644132044776,2022,4,13,72020,Lommel,Normaal,Droog,Dag,met lichtgewonden,1,Autobus,3,Fiets,Op Kruispunt,Gewestweg,binnen bebouwde kom,Tussen 2 bestuurders: Flank tegen flank,Geen hindernis
30601,37,Lommel teller 1,Lommel,51.23299,5.29211,1.1493837916477694,51.22825136337109,5.306780533840405,2022,4,12,72020,Lommel,Normaal,Droog,Dag,met lichtgewonden,3,Fiets,1,Autobus,Op Kruispunt,Gemeenteweg,binnen bebouwde kom,Tss. 2 best.: langs opzij (voor-/achterkant-flank),Geen hindernis
30601,38,Lommel teller 2,Lommel,51.23277,5.29189,1.1521444682223982,51.22825136337109,5.306780533840405,2022,4,12,72020,Lommel,Normaal,Droog,Dag,met lichtgewonden,3,Fiets,1,Autobus,Op Kruispunt,Gemeenteweg,binnen bebouwde kom,Tss. 2 best.: langs opzij (voor-/achterkant-flank),Geen hindernis
30602,46,Pelt teller 2,Pelt,51.231,5.44375,1.7517005488360322,51.2184553328473,5.42853447358076,2022,4,17,72043,Pelt,Normaal,Droog,Dag,met lichtgewonden,9,personenauto,3,Fiets,Buiten Kruispunt,Gemeenteweg,binnen bebouwde kom,Tss. 2 best.: langs opzij (voor-/achterkant-flank),Geen hindernis
30602,45,Pelt teller 1,Pelt,51.23127,5.44377,1.7765304102120059,51.2184553328473,5.42853447358076,2022,4,17,72043,Pelt,Normaal,Droog,Dag,met lichtgewonden,9,personenauto,3,Fiets,Buiten Kruispunt,Gemeenteweg,binnen bebouwde kom,Tss. 2 best.: langs opzij (voor-/achterkant-flank),Geen hindernis
30603,38,Lommel teller 2,Lommel,51.23277,5.29189,1.2642308722150721,51.22378280731361,5.303010551431158,2022,4,17,72020,Lommel,Regenval,"Nat, plassen",Dag,met lichtgewonden,3,Fiets,9,personenauto,Buiten Kruispunt,Gemeenteweg,buiten bebouwde kom,Tss. 2 best.: langs opzij (voor-/achterkant-flank),Geen hindernis
30603,37,Lommel teller 1,Lommel,51.23299,5.29211,1.2744717745620722,51.22378280731361,5.303010551431158,2022,4,17,72020,Lommel,Regenval,"Nat, plassen",Dag,met lichtgewonden,3,Fiets,9,personenauto,Buiten Kruispunt,Gemeenteweg,buiten bebouwde kom,Tss. 2 best.: langs opzij (voor-/achterkant-flank),Geen hindernis
30604,37,Lommel teller 1,Lommel,51.23299,5.29211,1.8341881951530103,51.22844416915163,5.317432358593374,2022,4,18,72020,Lommel,Normaal,Droog,Dag,met lichtgewonden,9,personenauto,3,Fiets,Op Kruispunt,Gemeenteweg,binnen bebouwde kom,Kettingbotsing (3 bestuurders of meer),Geen hindernis
30604,38,Lommel teller 2,Lommel,51.23277,5.29189,1.8423846584283676,51.22844416915163,5.317432358593374,2022,4,18,72020,Lommel,Normaal,Droog,Dag,met lichtgewonden,9,personenauto,3,Fiets,Op Kruispunt,Gemeenteweg,binnen bebouwde kom,Kettingbotsing (3 bestuurders of meer),Geen hindernis
30626,69,Leuven teller 1,Leuven,50.87549,4.71526,1.051963683539947,50.87725350571234,4.7005297605329455,2022,4,2,24062,Leuven,Normaal,Droog,"Nacht, openbare verlichting aanwezig en ontstoken",met lichtgewonden,3,Fiets,8,Voetganger,Buiten Kruispunt,Gemeenteweg,binnen bebouwde kom,Met een voetganger,Geen hindernis
30626,77,Leuven teller 2,Leuven,50.88672,4.70796,1.1746246930475899,50.87725350571234,4.7005297605329455,2022,4,2,24062,Leuven,Normaal,Droog,"Nacht, openbare verlichting aanwezig en ontstoken",met lichtgewonden,3,Fiets,8,Voetganger,Buiten Kruispunt,Gemeenteweg,binnen bebouwde kom,Met een voetganger,Geen hindernis
30626,107,leuven totem,Leuven,50.8870744,4.7087919,1.236328027009991,50.87725350571234,4.7005297605329455,2022,4,2,24062,Leuven,Normaal,Droog,"Nacht, openbare verlichting aanwezig en ontstoken",met lichtgewonden,3,Fiets,8,Voetganger,Buiten Kruispunt,Gemeenteweg,binnen bebouwde kom,Met een voetganger,Geen hindernis
30626,151,Leuven,District Leuven,50.8690262,4.6854839,1.396967293510823,50.87725350571234,4.7005297605329455,2022,4,2,24062,Leuven,Normaal,Droog,"Nacht, openbare verlichting aanwezig en ontstoken",met lichtgewonden,3,Fiets,8,Voetganger,Buiten Kruispunt,Gemeenteweg,binnen bebouwde kom,Met een voetganger,Geen hindernis
30627,69,Leuven teller 1,Leuven,50.87549,4.71526,1.1277739723409907,50.88321425244905,4.7256773113632855,2022,4,4,24062,Leuven,Onbekend,Droog,"Nacht, openbare verlichting aanwezig en ontstoken",met lichtgewonden,3,Fiets,3,Fiets,Buiten Kruispunt,Gemeenteweg,binnen bebouwde kom,Tussen 2 bestuurders: Frontale botsing,Geen hindernis
30627,107,leuven totem,Leuven,50.8870744,4.7087919,1.2598880867244742,50.88321425244905,4.7256773113632855,2022,4,4,24062,Leuven,Onbekend,Droog,"Nacht, openbare verlichting aanwezig en ontstoken",met lichtgewonden,3,Fiets,3,Fiets,Buiten Kruispunt,Gemeenteweg,binnen bebouwde kom,Tussen 2 bestuurders: Frontale botsing,Geen hindernis
30627,77,Leuven teller 2,Leuven,50.88672,4.70796,1.3025785635687592,50.88321425244905,4.7256773113632855,2022,4,4,24062,Leuven,Onbekend,Droog,"Nacht, openbare verlichting aanwezig en ontstoken",met lichtgewonden,3,Fiets,3,Fiets,Buiten Kruispunt,Gemeenteweg,binnen bebouwde kom,Tussen 2 bestuurders: Frontale botsing,Geen hindernis
30628,107,leuven totem,Leuven,50.8870744,4.7087919,1.1673356022425603,50.88419579803093,4.72479476145487,2022,4,11,24062,Leuven,Normaal,Droog,Dag,met lichtgewonden,9,personenauto,3,Fiets,Buiten Kruispunt,Gewestweg,binnen bebouwde kom,Tss. 2 best.: langs opzij (voor-/achterkant-flank),Geen hindernis
30628,69,Leuven teller 1,Leuven,50.87549,4.71526,1.1766846962834254,50.88419579803093,4.72479476145487,2022,4,11,24062,Leuven,Normaal,Droog,Dag,met lichtgewonden,9,personenauto,3,Fiets,Buiten Kruispunt,Gewestweg,binnen bebouwde kom,Tss. 2 best.: langs opzij (voor-/achterkant-flank),Geen hindernis
30628,77,Leuven teller 2,Leuven,50.88672,4.70796,1.2138523061295792,50.88419579803093,4.72479476145487,2022,4,11,24062,Leuven,Normaal,Droog,Dag,met lichtgewonden,9,personenauto,3,Fiets,Buiten Kruispunt,Gewestweg,binnen bebouwde kom,Tss. 2 best.: langs opzij (voor-/achterkant-flank),Geen hindernis
30629,69,Leuven teller 1,Leuven,50.87549,4.71526,0.9105527180481875,50.87096591587751,4.726076487177475,2022,4,7,24062,Leuven,Onbekend,Onbekend,Onbekend,met lichtgewonden,9,personenauto,3,Fiets,Buiten Kruispunt,Gewestweg,onbekend,Tss. 2 best.: langs opzij (voor-/achterkant-flank),Geen hindernis
30629,107,leuven totem,Leuven,50.8870744,4.7087919,2.163081499902956,50.87096591587751,4.726076487177475,2022,4,7,24062,Leuven,Onbekend,Onbekend,Onbekend,met lichtgewonden,9,personenauto,3,Fiets,Buiten Kruispunt,Gewestweg,onbekend,Tss. 2 best.: langs opzij (voor-/achterkant-flank),Geen hindernis
30629,77,Leuven teller 2,Leuven,50.88672,4.70796,2.1643195669049544,50.87096591587751,4.726076487177475,2022,4,7,24062,Leuven,Onbekend,Onbekend,Onbekend,met lichtgewonden,9,personenauto,3,Fiets,Buiten Kruispunt,Gewestweg,onbekend,Tss. 2 best.: langs opzij (voor-/achterkant-flank),Geen hindernis
30630,77,Leuven teller 2,Leuven,50.88672,4.70796,0.9136710023276265,50.881976357141546,4.697325348773542,2022,4,23,24062,Leuven,Onbekend,Onbekend,Onbekend,met lichtgewonden,3,Fiets,9,personenauto,Op Kruispunt,Gemeenteweg,binnen bebouwde kom,Tss. 2 best.: langs opzij (voor-/achterkant-flank),Geen hindernis
30630,107,leuven totem,Leuven,50.8870744,4.7087919,0.9840716301590041,50.881976357141546,4.697325348773542,2022,4,23,24062,Leuven,Onbekend,Onbekend,Onbekend,met lichtgewonden,3,Fiets,9,personenauto,Op Kruispunt,Gemeenteweg,binnen bebouwde kom,Tss. 2 best.: langs opzij (voor-/achterkant-flank),Geen hindernis
30630,69,Leuven teller 1,Leuven,50.87549,4.71526,1.450347220653406,50.881976357141546,4.697325348773542,2022,4,23,24062,Leuven,Onbekend,Onbekend,Onbekend,met lichtgewonden,3,Fiets,9,personenauto,Op Kruispunt,Gemeenteweg,binnen bebouwde kom,Tss. 2 best.: langs opzij (voor-/achterkant-flank),Geen hindernis
30630,151,Leuven,District Leuven,50.8690262,4.6854839,1.6624961989525193,50.881976357141546,4.697325348773542,2022,4,23,24062,Leuven,Onbekend,Onbekend,Onbekend,met lichtgewonden,3,Fiets,9,personenauto,Op Kruispunt,Gemeenteweg,binnen bebouwde kom,Tss. 2 best.: langs opzij (voor-/achterkant-flank),Geen hindernis
30632,108,Heverlee teller 1,Leuven,50.8471728,4.6954674,1.1338511178599473,50.857359201932866,4.696202498189612,2022,4,8,24062,Leuven,Normaal,Droog,Dag,met lichtgewonden,3,Fiets,3,Fiets,Buiten Kruispunt,Gemeenteweg,binnen bebouwde kom,Tss. 2 best.: langs opzij (voor-/achterkant-flank),Geen hindernis
30632,76,Heverlee teller 2,Leuven,50.84606,4.69597,1.2565199384979633,50.857359201932866,4.696202498189612,2022,4,8,24062,Leuven,Normaal,Droog,Dag,met lichtgewonden,3,Fiets,3,Fiets,Buiten Kruispunt,Gemeenteweg,binnen bebouwde kom,Tss. 2 best.: langs opzij (voor-/achterkant-flank),Geen hindernis
30632,151,Leuven,District Leuven,50.8690262,4.6854839,1.4996406134115365,50.857359201932866,4.696202498189612,2022,4,8,24062,Leuven,Normaal,Droog,Dag,met lichtgewonden,3,Fiets,3,Fiets,Buiten Kruispunt,Gemeenteweg,binnen bebouwde kom,Tss. 2 best.: langs opzij (voor-/achterkant-flank),Geen hindernis
30632,69,Leuven teller 1,Leuven,50.87549,4.71526,2.4193345397233945,50.857359201932866,4.696202498189612,2022,4,8,24062,Leuven,Normaal,Droog,Dag,met lichtgewonden,3,Fiets,3,Fiets,Buiten Kruispunt,Gemeenteweg,binnen bebouwde kom,Tss. 2 best.: langs opzij (voor-/achterkant-flank),Geen hindernis
30633,69,Leuven teller 1,Leuven,50.87549,4.71526,0.6235690129426085,50.881013247214604,4.713721639827605,2022,4,17,24062,Leuven,Normaal,Droog,Dag,met lichtgewonden,6,Bromfiets,3,Fiets,Buiten Kruispunt,Gemeenteweg,binnen bebouwde kom,Tussen 2 bestuurders: Langs achteren,Geen hindernis
30633,77,Leuven teller 2,Leuven,50.88672,4.70796,0.7523563168165314,50.881013247214604,4.713721639827605,2022,4,17,24062,Leuven,Normaal,Droog,Dag,met lichtgewonden,6,Bromfiets,3,Fiets,Buiten Kruispunt,Gemeenteweg,binnen bebouwde kom,Tussen 2 bestuurders: Langs achteren,Geen hindernis
30633,107,leuven totem,Leuven,50.8870744,4.7087919,0.7575182425556692,50.881013247214604,4.713721639827605,2022,4,17,24062,Leuven,Normaal,Droog,Dag,met lichtgewonden,6,Bromfiets,3,Fiets,Buiten Kruispunt,Gemeenteweg,binnen bebouwde kom,Tussen 2 bestuurders: Langs achteren,Geen hindernis
30633,151,Leuven,District Leuven,50.8690262,4.6854839,2.3879355556265764,50.881013247214604,4.713721639827605,2022,4,17,24062,Leuven,Normaal,Droog,Dag,met lichtgewonden,6,Bromfiets,3,Fiets,Buiten Kruispunt,Gemeenteweg,binnen bebouwde kom,Tussen 2 bestuurders: Langs achteren,Geen hindernis
30636,69,Leuven teller 1,Leuven,50.87549,4.71526,0.6647191502456404,50.876263341607995,4.724654146839572,2022,4,8,24062,Leuven,Normaal,Droog,Dag,met lichtgewonden,3,Fiets,5,Lichte vrachtauto,Buiten Kruispunt,Gemeenteweg,binnen bebouwde kom,Tss. 2 best.: langs opzij (voor-/achterkant-flank),Geen hindernis
30636,107,leuven totem,Leuven,50.8870744,4.7087919,1.6381413354786316,50.876263341607995,4.724654146839572,2022,4,8,24062,Leuven,Normaal,Droog,Dag,met lichtgewonden,3,Fiets,5,Lichte vrachtauto,Buiten Kruispunt,Gemeenteweg,binnen bebouwde kom,Tss. 2 best.: langs opzij (voor-/achterkant-flank),Geen hindernis
30636,77,Leuven teller 2,Leuven,50.88672,4.70796,1.650340761575842,50.876263341607995,4.724654146839572,2022,4,8,24062,Leuven,Normaal,Droog,Dag,met lichtgewonden,3,Fiets,5,Lichte vrachtauto,Buiten Kruispunt,Gemeenteweg,binnen bebouwde kom,Tss. 2 best.: langs opzij (voor-/achterkant-flank),Geen hindernis
30637,77,Leuven teller 2,Leuven,50.88672,4.70796,0.8162536829958271,50.88054763852326,4.701661869068194,2022,4,11,24062,Leuven,Normaal,Droog,Dag,met lichtgewonden,3,Fiets,9,personenauto,Buiten Kruispunt,Gemeenteweg,binnen bebouwde kom,Tussen 2 bestuurders: Langs achteren,Geen hindernis
30637,107,leuven totem,Leuven,50.8870744,4.7087919,0.8814141313640451,50.88054763852326,4.701661869068194,2022,4,11,24062,Leuven,Normaal,Droog,Dag,met lichtgewonden,3,Fiets,9,personenauto,Buiten Kruispunt,Gemeenteweg,binnen bebouwde kom,Tussen 2 bestuurders: Langs achteren,Geen hindernis
30637,69,Leuven teller 1,Leuven,50.87549,4.71526,1.1074765619550337,50.88054763852326,4.701661869068194,2022,4,11,24062,Leuven,Normaal,Droog,Dag,met lichtgewonden,3,Fiets,9,personenauto,Buiten Kruispunt,Gemeenteweg,binnen bebouwde kom,Tussen 2 bestuurders: Langs achteren,Geen hindernis
30637,151,Leuven,District Leuven,50.8690262,4.6854839,1.7116746086053103,50.88054763852326,4.701661869068194,2022,4,11,24062,Leuven,Normaal,Droog,Dag,met lichtgewonden,3,Fiets,9,personenauto,Buiten Kruispunt,Gemeenteweg,binnen bebouwde kom,Tussen 2 bestuurders: Langs achteren,Geen hindernis
30638,69,Leuven teller 1,Leuven,50.87549,4.71526,0.72555852315512,50.86989487548097,4.70993975682235,2022,4,12,24062,Leuven,Normaal,"Nat, plassen",Dag,met lichtgewonden,9,personenauto,3,Fiets,Op Kruispunt,Gewestweg,buiten bebouwde kom,Tss. 2 best.: langs opzij (voor-/achterkant-flank),Geen hindernis
30638,151,Leuven,District Leuven,50.8690262,4.6854839,1.7188798497552484,50.86989487548097,4.70993975682235,2022,4,12,24062,Leuven,Normaal,"Nat, plassen",Dag,met lichtgewonden,9,personenauto,3,Fiets,Op Kruispunt,Gewestweg,buiten bebouwde kom,Tss. 2 best.: langs opzij (voor-/achterkant-flank),Geen hindernis
30638,77,Leuven teller 2,Leuven,50.88672,4.70796,1.8760176891124676,50.86989487548097,4.70993975682235,2022,4,12,24062,Leuven,Normaal,"Nat, plassen",Dag,met lichtgewonden,9,personenauto,3,Fiets,Op Kruispunt,Gewestweg,buiten bebouwde kom,Tss. 2 best.: langs opzij (voor-/achterkant-flank),Geen hindernis
30638,107,leuven totem,Leuven,50.8870744,4.7087919,1.911972805017396,50.86989487548097,4.70993975682235,2022,4,12,24062,Leuven,Normaal,"Nat, plassen",Dag,met lichtgewonden,9,personenauto,3,Fiets,Op Kruispunt,Gewestweg,buiten bebouwde kom,Tss. 2 best.: langs opzij (voor-/achterkant-flank),Geen hindernis
30639,108,Heverlee teller 1,Leuven,50.8471728,4.6954674,1.2195306433311075,50.85811137804974,4.69672826297259,2022,4,12,24062,Leuven,Normaal,Droog,Dag,met lichtgewonden,3,Fiets,8,Voetganger,Buiten Kruispunt,Gewestweg,binnen bebouwde kom,Met een voetganger,Geen vermelding van de aanwezigheid van een hindernis
30639,76,Heverlee teller 2,Leuven,50.84606,4.69597,1.341108896537224,50.85811137804974,4.69672826297259,2022,4,12,24062,Leuven,Normaal,Droog,Dag,met lichtgewonden,3,Fiets,8,Voetganger,Buiten Kruispunt,Gewestweg,binnen bebouwde kom,Met een voetganger,Geen vermelding van de aanwezigheid van een hindernis
30639,151,Leuven,District Leuven,50.8690262,4.6854839,1.4476797603182814,50.85811137804974,4.69672826297259,2022,4,12,24062,Leuven,Normaal,Droog,Dag,met lichtgewonden,3,Fiets,8,Voetganger,Buiten Kruispunt,Gewestweg,binnen bebouwde kom,Met een voetganger,Geen vermelding van de aanwezigheid van een hindernis