crash_row_id,site_id,site_name,site_gemeente,site_lat,site_long,distance_km,crash_lat,crash_long,DT_YEAR_COLLISION,DT_MONTH_COLLISION,DT_TIME,CD_NIS,TX_MUNTY_COLLISION_NL,TX_WEATHER_NL,TX_ROAD_CONDITION_NL,TX_LIGHT_CONDITION_NL,TX_CLASS_ACCIDENTS_NL,CD_ROAD_USR_TYPE1,TX_ROAD_USR_TYPE1_NL,CD_ROAD_USR_TYPE2,TX_ROAD_USR_TYPE2_NL,TX_CROSSWAY_NL,CD_ROAD_TYPE_NL,TX_BUILD_UP_AREA_NL,TX_COLLISION_TYPE_NL,TX_OBSTACLES_NL
30639,69,Leuven teller 1,Leuven,50.87549,4.71526,2.3292865980153747,50.85811137804974,4.69672826297259,2022,4,12,24062,Leuven,Normaal,Droog,Dag,met lichtgewonden,3,Fiets,8,Voetganger,Buiten Kruispunt,Gewestweg,binnen bebouwde kom,Met een voetganger,Geen vermelding van de aanwezigheid van een hindernis
30643,77,Leuven teller 2,Leuven,50.88672,4.70796,0.7952999249734793,50.87970129205744,4.705779105644577,2022,4,13,24062,Leuven,Onbekend,Onbekend,Dag,met lichtgewonden,3,Fiets,2,Andere weggebruiker,Op Kruispunt,Gemeenteweg,binnen bebouwde kom,Tussen 2 bestuurders: Langs achteren,Geen hindernis
30643,69,Leuven teller 1,Leuven,50.87549,4.71526,0.8134899797071663,50.87970129205744,4.705779105644577,2022,4,13,24062,Leuven,Onbekend,Onbekend,Dag,met lichtgewonden,3,Fiets,2,Andere weggebruiker,Op Kruispunt,Gemeenteweg,binnen bebouwde kom,Tussen 2 bestuurders: Langs achteren,Geen hindernis
30643,107,leuven totem,Leuven,50.8870744,4.7087919,0.8466576510866316,50.87970129205744,4.705779105644577,2022,4,13,24062,Leuven,Onbekend,Onbekend,Dag,met lichtgewonden,3,Fiets,2,Andere weggebruiker,Op Kruispunt,Gemeenteweg,binnen bebouwde kom,Tussen 2 bestuurders: Langs achteren,Geen hindernis
30643,151,Leuven,District Leuven,50.8690262,4.6854839,1.8538905694327235,50.87970129205744,4.705779105644577,2022,4,13,24062,Leuven,Onbekend,Onbekend,Dag,met lichtgewonden,3,Fiets,2,Andere weggebruiker,Op Kruispunt,Gemeenteweg,binnen bebouwde kom,Tussen 2 bestuurders: Langs achteren,Geen hindernis
30654,101,Diest teller 1,Diest,50.97799,5.04481,0.38852047023432035,50.980723503005024,5.048266657204229,2022,4,7,24020,Diest,Normaal,Droog,Dag,met lichtgewonden,9,personenauto,3,Fiets,Op Kruispunt,Gewestweg,binnen bebouwde kom,Tss. 2 best.: langs opzij (voor-/achterkant-flank),Geen hindernis
30654,102,Diest teller 2,Diest,50.9779,5.04474,0.3994094305027216,50.980723503005024,5.048266657204229,2022,4,7,24020,Diest,Normaal,Droog,Dag,met lichtgewonden,9,personenauto,3,Fiets,Op Kruispunt,Gewestweg,binnen bebouwde kom,Tss. 2 best.: langs opzij (voor-/achterkant-flank),Geen hindernis
30657,78,Pepingen teller 1,Pepingen,50.75824,4.1652,0.0721853207566196,50.758549526184176,4.164297939132498,2022,4,11,23064,Pepingen,Normaal,Droog,Dag,met lichtgewonden,9,personenauto,3,Fiets,Op Kruispunt,Gewestweg,binnen bebouwde kom,Tss. 2 best.: langs opzij (voor-/achterkant-flank),Geen hindernis
30657,79,Pepingen teller 2,Pepingen,50.75848,4.16537,0.07580489723475424,50.758549526184176,4.164297939132498,2022,4,11,23064,Pepingen,Normaal,Droog,Dag,met lichtgewonden,9,personenauto,3,Fiets,Op Kruispunt,Gewestweg,binnen bebouwde kom,Tss. 2 best.: langs opzij (voor-/achterkant-flank),Geen hindernis
30662,81,Wemmel teller 2,Wemmel,50.91439,4.29568,2.2561813600358263,50.92579643151862,4.269061079459065,2022,4,11,23052,Merchtem,Normaal,Droog,Dag,met lichtgewonden,3,Fiets,3,Fiets,Buiten Kruispunt,Gemeenteweg,binnen bebouwde kom,Tussen 2 bestuurders: Frontale botsing,Geen hindernis
30662,80,Wemmel teller 1,Wemmel,50.91418,4.29571,2.2711233580610966,50.92579643151862,4.269061079459065,2022,4,11,23052,Merchtem,Normaal,Droog,Dag,met lichtgewonden,3,Fiets,3,Fiets,Buiten Kruispunt,Gemeenteweg,binnen bebouwde kom,Tussen 2 bestuurders: Frontale botsing,Geen hindernis
30670,27,Grimbergen,Meise,50.92127,4.34013,1.991673805477557,50.93865130592987,4.333266337376821,2022,4,13,23050,Meise,Normaal,Droog,Dag,met lichtgewonden,9,personenauto,3,Fiets,Op Kruispunt,Gewestweg,binnen bebouwde kom,Tss. 2 best.: langs opzij (voor-/achterkant-flank),Geen hindernis
30675,47,Vilvoorde,Vilvoorde,50.91372,4.41497,0.7989712908747575,50.90658238937187,4.4136589691396075,2022,4,18,23088,Vilvoorde,Normaal,Droog,Dag,met lichtgewonden,3,Fiets,9,personenauto,Op Kruispunt,Gewestweg,buiten bebouwde kom,Tss. 2 best.: langs opzij (voor-/achterkant-flank),Geen hindernis
30676,149,Machelen,,50.88297881,4.43356644,1.5119497165024978,50.896575388420246,4.433787031877389,2022,4,17,23047,Machelen,Onbekend,Onbekend,Dag,met lichtgewonden,5,Lichte vrachtauto,3,Fiets,Op Kruispunt,Gewestweg,buiten bebouwde kom,Tss. 2 best.: langs opzij (voor-/achterkant-flank),Geen hindernis
30676,111,Zaventem totem,Zaventem,50.8871216,4.4597084,2.1001543567174377,50.896575388420246,4.433787031877389,2022,4,17,23047,Machelen,Onbekend,Onbekend,Dag,met lichtgewonden,5,Lichte vrachtauto,3,Fiets,Op Kruispunt,Gewestweg,buiten bebouwde kom,Tss. 2 best.: langs opzij (voor-/achterkant-flank),Geen hindernis
30676,47,Vilvoorde,Vilvoorde,50.91372,4.41497,2.3184684928773476,50.896575388420246,4.433787031877389,2022,4,17,23047,Machelen,Onbekend,Onbekend,Dag,met lichtgewonden,5,Lichte vrachtauto,3,Fiets,Op Kruispunt,Gewestweg,buiten bebouwde kom,Tss. 2 best.: langs opzij (voor-/achterkant-flank),Geen hindernis
30677,47,Vilvoorde,Vilvoorde,50.91372,4.41497,1.5806679346757448,50.923624841093414,4.4311440591571,2022,4,21,23088,Vilvoorde,Normaal,Droog,Dageraad - schemering,met zwaargewonden,3,Fiets,9,personenauto,Buiten Kruispunt,Gemeenteweg,binnen bebouwde kom,Tss. 2 best.: langs opzij (voor-/achterkant-flank),Geen hindernis
30677,1,Machelen,Machelen,50.91618331151478,4.456121776137429,1.9365682577519805,50.923624841093414,4.4311440591571,2022,4,21,23088,Vilvoorde,Normaal,Droog,Dageraad - schemering,met zwaargewonden,3,Fiets,9,personenauto,Buiten Kruispunt,Gemeenteweg,binnen bebouwde kom,Tss. 2 best.: langs opzij (voor-/achterkant-flank),Geen hindernis
30678,47,Vilvoorde,Vilvoorde,50.91372,4.41497,1.8401551216383323,50.927667541919206,4.429099041897448,2022,4,18,23088,Vilvoorde,Normaal,Onbekend,Onbekend,met lichtgewonden,3,Fiets,2,Andere weggebruiker,Op Kruispunt,Gemeenteweg,binnen bebouwde kom,Tussen 2 bestuurders: Flank tegen flank,Geen hindernis
30678,1,Machelen,Machelen,50.91618331151478,4.456121776137429,2.2844096489809327,50.927667541919206,4.429099041897448,2022,4,18,23088,Vilvoorde,Normaal,Onbekend,Onbekend,met lichtgewonden,3,Fiets,2,Andere weggebruiker,Op Kruispunt,Gemeenteweg,binnen bebouwde kom,Tussen 2 bestuurders: Flank tegen flank,Geen hindernis
30679,99,Mechelen teller 1,Mechelen,51.04564,4.46882,0.6154032083638686,51.04043647370886,4.471818190601623,2022,4,17,12025,Mechelen,Normaal,Onbekend,Dag,met lichtgewonden,3,Fiets,9,personenauto,Buiten Kruispunt,Gewestweg,onbekend,Tss. 2 best.: langs opzij (voor-/achterkant-flank),Geen hindernis
30679,100,Mechelen teller 2,Mechelen,51.0457,4.46883,0.6214447105109764,51.04043647370886,4.471818190601623,2022,4,17,12025,Mechelen,Normaal,Onbekend,Dag,met lichtgewonden,3,Fiets,9,personenauto,Buiten Kruispunt,Gewestweg,onbekend,Tss. 2 best.: langs opzij (voor-/achterkant-flank),Geen hindernis
30680,119,Gent teller 2,Gent,51.0281795,3.7683918,2.166813173532403,51.04410035484698,3.7505232016548233,2022,4,11,44021,Gent,Regenval,"Nat, plassen",Dag,met lichtgewonden,5,Lichte vrachtauto,3,Fiets,Op Kruispunt,Gemeenteweg,binnen bebouwde kom,Tss. 2 best.: langs opzij (voor-/achterkant-flank),Geen hindernis
30680,118,Gent teller 1,Gent,51.028049,3.7681359,2.16847410912696,51.04410035484698,3.7505232016548233,2022,4,11,44021,Gent,Regenval,"Nat, plassen",Dag,met lichtgewonden,5,Lichte vrachtauto,3,Fiets,Op Kruispunt,Gemeenteweg,binnen bebouwde kom,Tss. 2 best.: langs opzij (voor-/achterkant-flank),Geen hindernis
30681,13,Gent,Gent,51.03018,3.70146,0.8455512994751253,51.031335846824085,3.7134107558461404,2022,4,12,44021,Gent,Normaal,Droog,Dag,met lichtgewonden,3,Fiets,10,"één bestuurder, geen hindernis",Op Kruispunt,Gewestweg,binnen bebouwde kom,"Eén bestuurder, geen hindernis (incl. val)",Geen hindernis
30683,136,Gent R4,Gent,51.0876313,3.7587918,1.9664955709725682,51.07737051141905,3.781721023778368,2022,4,10,44021,Gent,Normaal,Droog,Dag,met lichtgewonden,9,personenauto,3,Fiets,Op Kruispunt,Gewestweg,binnen bebouwde kom,Tss. 2 best.: langs opzij (voor-/achterkant-flank),Geen hindernis
30684,13,Gent,Gent,51.03018,3.70146,1.970531745141766,51.046792631367495,3.7112723978601165,2022,4,8,44021,Gent,Normaal,Droog,Dag,met lichtgewonden,3,Fiets,10,"één bestuurder, geen hindernis",Op Kruispunt,Gewestweg,binnen bebouwde kom,"Eén bestuurder, geen hindernis (incl. val)",Geen hindernis
30687,13,Gent,Gent,51.03018,3.70146,2.275244777766136,51.013540231580556,3.7203910264017783,2022,4,17,44021,Gent,Normaal,"Nat, plassen",Dag,met lichtgewonden,9,personenauto,3,Fiets,Op Kruispunt,Gemeenteweg,buiten bebouwde kom,Tussen 2 bestuurders: Frontale botsing,Geen hindernis
30688,13,Gent,Gent,51.03018,3.70146,2.09969797474147,51.041533762310344,3.7254543256825903,2022,4,12,44021,Gent,Normaal,Droog,Dag,met lichtgewonden,3,Fiets,11,een weggebruiker tegen een hindernis,Buiten Kruispunt,Gemeenteweg,binnen bebouwde kom,Weggebruiker tegen hindernis buiten rijbaan,"Buiten de rijbaan: Verkeerseiland, middenberm"
30689,13,Gent,Gent,51.03018,3.70146,2.2887132652815994,51.03880572663888,3.7311780914947565,2022,4,19,44021,Gent,Normaal,Proper,Dag,met lichtgewonden,3,Fiets,3,Fiets,Op Kruispunt,Gewestweg,binnen bebouwde kom,Tss. 2 best.: langs opzij (voor-/achterkant-flank),Geen hindernis
30693,13,Gent,Gent,51.03018,3.70146,1.0566532324844615,51.03734343183328,3.711388941855734,2022,4,8,44021,Gent,"Andere (dikke rook,...)",Droog,Dag,met lichtgewonden,9,personenauto,3,Fiets,Buiten Kruispunt,Gewestweg,binnen bebouwde kom,Tss. 2 best.: langs opzij (voor-/achterkant-flank),Geen hindernis
30695,13,Gent,Gent,51.03018,3.70146,2.227564460709976,51.03554583722135,3.7321512959127516,2022,4,7,44021,Gent,Normaal,Droog,Dag,met lichtgewonden,3,Fiets,3,Fiets,Buiten Kruispunt,Gemeenteweg,binnen bebouwde kom,Tussen 2 bestuurders: Frontale botsing,Geen hindernis
30696,6,Evergem 2,Evergem,51.10894,3.70298,2.3635934621425565,51.08982865782068,3.6881620912691897,2022,4,14,44021,Gent,Normaal,Droog,Dag,dodelijk gewonden,3,Fiets,11,een weggebruiker tegen een hindernis,Buiten Kruispunt,Autosnelweg,buiten bebouwde kom,Weggebruiker tegen hindernis buiten rijbaan,Buiten de rijbaan: Gracht
30696,7,Evergem 1,Evergem,51.1089,3.70317,2.3654432647175576,51.08982865782068,3.6881620912691897,2022,4,14,44021,Gent,Normaal,Droog,Dag,dodelijk gewonden,3,Fiets,11,een weggebruiker tegen een hindernis,Buiten Kruispunt,Autosnelweg,buiten bebouwde kom,Weggebruiker tegen hindernis buiten rijbaan,Buiten de rijbaan: Gracht
30700,13,Gent,Gent,51.03018,3.70146,2.0826683300641404,51.04874661552393,3.705384515950854,2022,4,19,44021,Gent,Normaal,Droog,Dageraad - schemering,met lichtgewonden,3,Fiets,9,personenauto,Op Kruispunt,Gemeenteweg,binnen bebouwde kom,Tss. 2 best.: langs opzij (voor-/achterkant-flank),Geen hindernis
30703,13,Gent,Gent,51.03018,3.70146,1.9451083661483692,51.036562365493886,3.727358755188773,2022,4,16,44021,Gent,Normaal,Droog,Dag,met lichtgewonden,9,personenauto,3,Fiets,Op Kruispunt,Gemeenteweg,binnen bebouwde kom,Tss. 2 best.: langs opzij (voor-/achterkant-flank),Geen hindernis
30704,13,Gent,Gent,51.03018,3.70146,0.7956363446732363,51.02678893202791,3.7114781360049998,2022,4,7,44021,Gent,Normaal,Droog,Dag,met lichtgewonden,3,Fiets,3,Fiets,Buiten Kruispunt,Gewestweg,binnen bebouwde kom,Tussen 2 bestuurders: Frontale botsing,Geen hindernis
30706,136,Gent R4,Gent,51.0876313,3.7587918,2.389089868362124,51.0814947713619,3.7915704144124125,2022,4,18,44021,Gent,Normaal,Droog,Dag,met lichtgewonden,3,Fiets,11,een weggebruiker tegen een hindernis,Buiten Kruispunt,Gemeenteweg,binnen bebouwde kom,Weggebruiker tegen hindernis op de rijbaan,"Op de rijbaan: Put, straatgoot, tramspoor"
30707,13,Gent,Gent,51.03018,3.70146,1.4945785912953498,51.042331850282494,3.7105946278819224,2022,4,7,44021,Gent,Normaal,Droog,Dag,met lichtgewonden,9,personenauto,3,Fiets,Op Kruispunt,Gewestweg,binnen bebouwde kom,Tss. 2 best.: langs opzij (voor-/achterkant-flank),Geen hindernis
30709,118,Gent teller 1,Gent,51.028049,3.7681359,2.40098719710422,51.01787116191761,3.737860621413074,2022,4,13,44021,Gent,Normaal,Droog,Dag,met lichtgewonden,3,Fiets,9,personenauto,Buiten Kruispunt,Gemeenteweg,binnen bebouwde kom,Tss. 2 best.: langs opzij (voor-/achterkant-flank),Geen hindernis
30709,119,Gent teller 2,Gent,51.0281795,3.7683918,2.423613589680686,51.01787116191761,3.737860621413074,2022,4,13,44021,Gent,Normaal,Droog,Dag,met lichtgewonden,3,Fiets,9,personenauto,Buiten Kruispunt,Gemeenteweg,binnen bebouwde kom,Tss. 2 best.: langs opzij (voor-/achterkant-flank),Geen hindernis
30712,118,Gent teller 1,Gent,51.028049,3.7681359,2.076167172469809,51.03745538889745,3.742488697611458,2022,4,17,44021,Gent,Normaal,Droog,Dag,met lichtgewonden,3,Fiets,5,Lichte vrachtauto,Buiten Kruispunt,Gemeenteweg,binnen bebouwde kom,Tussen 2 bestuurders: Flank tegen flank,Geen hindernis
30712,119,Gent teller 2,Gent,51.0281795,3.7683918,2.0844237698678496,51.03745538889745,3.742488697611458,2022,4,17,44021,Gent,Normaal,Droog,Dag,met lichtgewonden,3,Fiets,5,Lichte vrachtauto,Buiten Kruispunt,Gemeenteweg,binnen bebouwde kom,Tussen 2 bestuurders: Flank tegen flank,Geen hindernis
30713,13,Gent,Gent,51.03018,3.70146,1.4945785912953498,51.042331850282494,3.7105946278819224,2022,4,21,44021,Gent,Onbekend,Droog,"Nacht, geen openbare verlichting aanwezig",met lichtgewonden,9,personenauto,3,Fiets,Op Kruispunt,Gewestweg,binnen bebouwde kom,Tss. 2 best.: langs opzij (voor-/achterkant-flank),Geen hindernis
30717,13,Gent,Gent,51.03018,3.70146,2.273584648573934,51.04565545774337,3.72271220033334,2022,4,5,44021,Gent,Sneeuwval,"Ijzel, sneeuw","Nacht, geen openbare verlichting aanwezig",met zwaargewonden,3,Fiets,6,Bromfiets,Buiten Kruispunt,Gemeenteweg,binnen bebouwde kom,Tussen 2 bestuurders: Frontale botsing,Geen hindernis
30719,118,Gent teller 1,Gent,51.028049,3.7681359,1.8414628023018211,51.032934963967065,3.7429755661877864,2022,4,23,44021,Gent,Normaal,Droog,"Nacht, openbare verlichting aanwezig en ontstoken",met lichtgewonden,3,Fiets,11,een weggebruiker tegen een hindernis,Buiten Kruispunt,Gewestweg,binnen bebouwde kom,Weggebruiker tegen hindernis buiten rijbaan,Buiten de rijbaan: Muur gebouw
30719,119,Gent teller 2,Gent,51.0281795,3.7683918,1.8543768303058277,51.032934963967065,3.7429755661877864,2022,4,23,44021,Gent,Normaal,Droog,"Nacht, openbare verlichting aanwezig en ontstoken",met lichtgewonden,3,Fiets,11,een weggebruiker tegen een hindernis,Buiten Kruispunt,Gewestweg,binnen bebouwde kom,Weggebruiker tegen hindernis buiten rijbaan,Buiten de rijbaan: Muur gebouw
30722,13,Gent,Gent,51.03018,3.70146,2.1624064124376665,51.04962298358479,3.702087616550988,2022,4,6,44021,Gent,Normaal,Proper,Dag,met lichtgewonden,9,personenauto,3,Fiets,Op Kruispunt,Gemeenteweg,binnen bebouwde kom,Tss. 2 best.: langs opzij (voor-/achterkant-flank),Geen hindernis
30725,118,Gent teller 1,Gent,51.028049,3.7681359,0.21785521939842079,51.02925267658087,3.7656779763439747,2022,4,6,44021,Gent,Normaal,Droog,Dageraad - schemering,met lichtgewonden,3,Fiets,10,"één bestuurder, geen hindernis",Op Kruispunt,Gewestweg,binnen bebouwde kom,"Eén bestuurder, geen hindernis (incl. val)",Geen hindernis
30725,119,Gent teller 2,Gent,51.0281795,3.7683918,0.22418670976822158,51.02925267658087,3.7656779763439747,2022,4,6,44021,Gent,Normaal,Droog,Dageraad - schemering,met lichtgewonden,3,Fiets,10,"één bestuurder, geen hindernis",Op Kruispunt,Gewestweg,binnen bebouwde kom,"Eén bestuurder, geen hindernis (incl. val)",Geen hindernis
30737,118,Gent teller 1,Gent,51.028049,3.7681359,1.6536940523496375,51.019288247422196,3.749029750316103,2022,4,10,44043,Merelbeke,Normaal,Proper,Dag,met lichtgewonden,3,Fiets,10,"één bestuurder, geen hindernis",Op Kruispunt,Gemeenteweg,binnen bebouwde kom,"Eén bestuurder, geen hindernis (incl. val)",Geen hindernis
30737,119,Gent teller 2,Gent,51.0281795,3.7683918,1.676703978768332,51.019288247422196,3.749029750316103,2022,4,10,44043,Merelbeke,Normaal,Proper,Dag,met lichtgewonden,3,Fiets,10,"één bestuurder, geen hindernis",Op Kruispunt,Gemeenteweg,binnen bebouwde kom,"Eén bestuurder, geen hindernis (incl. val)",Geen hindernis
30739,118,Gent teller 1,Gent,51.028049,3.7681359,2.176559980457313,51.01150864957704,3.751495747934628,2022,4,9,44043,Merelbeke,Normaal,Droog,Dag,met lichtgewonden,9,personenauto,3,Fiets,Op Kruispunt,Gewestweg,binnen bebouwde kom,Tss. 2 best.: langs opzij (voor-/achterkant-flank),Geen hindernis
30739,119,Gent teller 2,Gent,51.0281795,3.7683918,2.1984051747176605,51.01150864957704,3.751495747934628,2022,4,9,44043,Merelbeke,Normaal,Droog,Dag,met lichtgewonden,9,personenauto,3,Fiets,Op Kruispunt,Gewestweg,binnen bebouwde kom,Tss. 2 best.: langs opzij (voor-/achterkant-flank),Geen hindernis
30748,7,Evergem 1,Evergem,51.1089,3.70317,0.7046649546623772,51.11288256769429,3.7110217275229793,2022,4,4,44019,Evergem,Normaal,Droog,"Nacht, openbare verlichting aanwezig en ontstoken",met zwaargewonden,3,Fiets,10,"één bestuurder, geen hindernis",Op Kruispunt,Gemeenteweg,binnen bebouwde kom,"Eén bestuurder, geen hindernis (incl. val)",Geen hindernis
30748,6,Evergem 2,Evergem,51.10894,3.70298,0.7122846346941715,51.11288256769429,3.7110217275229793,2022,4,4,44019,Evergem,Normaal,Droog,"Nacht, openbare verlichting aanwezig en ontstoken",met zwaargewonden,3,Fiets,10,"één bestuurder, geen hindernis",Op Kruispunt,Gemeenteweg,binnen bebouwde kom,"Eén bestuurder, geen hindernis (incl. val)",Geen hindernis
30757,115,Aalter,Aalter,51.1058367,3.4350591,2.1915761601446384,51.0879140862088,3.448116031957831,2022,4,18,44084,Aalter,Regenval,"Nat, plassen",Dag,met lichtgewonden,3,Fiets,8,Voetganger,Buiten Kruispunt,Gewestweg,binnen bebouwde kom,Met een voetganger,Geen hindernis
30801,129,Lokeren teller 2,Lokeren,51.09612,3.97025,1.054136321878411,51.088105434024435,3.9621880759344563,2022,4,12,46014,Lokeren,Onbekend,Droog,Dag,met lichtgewonden,3,Fiets,5,Lichte vrachtauto,Op Kruispunt,Gewestweg,binnen bebouwde kom,Tss. 2 best.: langs opzij (voor-/achterkant-flank),Geen hindernis
30801,128,Lokeren teller 1,Lokeren,51.09644,3.97023,1.083659058880658,51.088105434024435,3.9621880759344563,2022,4,12,46014,Lokeren,Onbekend,Droog,Dag,met lichtgewonden,3,Fiets,5,Lichte vrachtauto,Op Kruispunt,Gewestweg,binnen bebouwde kom,Tss. 2 best.: langs opzij (voor-/achterkant-flank),Geen hindernis
30801,141,Test site A support,Lokeren,51.08342085,3.9961071208376326,2.425759562293184,51.088105434024435,3.9621880759344563,2022,4,12,46014,Lokeren,Onbekend,Droog,Dag,met lichtgewonden,3,Fiets,5,Lichte vrachtauto,Op Kruispunt,Gewestweg,binnen bebouwde kom,Tss. 2 best.: langs opzij (voor-/achterkant-flank),Geen hindernis
30802,128,Lokeren teller 1,Lokeren,51.09644,3.97023,1.7561333904180154,51.11063847226613,3.9812442581695846,2022,4,12,46014,Lokeren,Normaal,Droog,Dag,met lichtgewonden,3,Fiets,9,personenauto,Buiten Kruispunt,Gewestweg,binnen bebouwde kom,Tss. 2 best.: langs opzij (voor-/achterkant-flank),Geen hindernis
30802,129,Lokeren teller 2,Lokeren,51.09612,3.97025,1.7875915721749593,51.11063847226613,3.9812442581695846,2022,4,12,46014,Lokeren,Normaal,Droog,Dag,met lichtgewonden,3,Fiets,9,personenauto,Buiten Kruispunt,Gewestweg,binnen bebouwde kom,Tss. 2 best.: langs opzij (voor-/achterkant-flank),Geen hindernis
30803,128,Lokeren teller 1,Lokeren,51.09644,3.97023,1.6274277736466076,51.10517496077448,3.9889311042612356,2022,4,0,46014,Lokeren,Normaal,Droog,"Nacht, openbare verlichting aanwezig en ontstoken",met lichtgewonden,9,personenauto,3,Fiets,Op Kruispunt,Gemeenteweg,binnen bebouwde kom,Tss. 2 best.: langs opzij (voor-/achterkant-flank),Geen hindernis
30803,129,Lokeren teller 2,Lokeren,51.09612,3.97025,1.6478091536231645,51.10517496077448,3.9889311042612356,2022,4,0,46014,Lokeren,Normaal,Droog,"Nacht, openbare verlichting aanwezig en ontstoken",met lichtgewonden,9,personenauto,3,Fiets,Op Kruispunt,Gemeenteweg,binnen bebouwde kom,Tss. 2 best.: langs opzij (voor-/achterkant-flank),Geen hindernis
30803,141,Test site A support,Lokeren,51.08342085,3.9961071208376326,2.4703119623524614,51.10517496077448,3.9889311042612356,2022,4,0,46014,Lokeren,Normaal,Droog,"Nacht, openbare verlichting aanwezig en ontstoken",met lichtgewonden,9,personenauto,3,Fiets,Op Kruispunt,Gemeenteweg,binnen bebouwde kom,Tss. 2 best.: langs opzij (voor-/achterkant-flank),Geen hindernis
30804,126,Hamme totem,Hamme,51.1017709,4.1469307,1.6685746654720417,51.11340677991686,4.162022172638804,2022,4,14,46025,Temse,Onbekend,Onbekend,Dag,met lichtgewonden,3,Fiets,3,Fiets,Buiten Kruispunt,Gemeenteweg,binnen bebouwde kom,Tss. 2 best.: langs opzij (voor-/achterkant-flank),Geen hindernis
30805,128,Lokeren teller 1,Lokeren,51.09644,3.97023,1.6300973040297495,51.10360616752799,3.99059571879815,2022,4,14,46014,Lokeren,Normaal,Droog,Dag,met lichtgewonden,6,Bromfiets,3,Fiets,Buiten Kruispunt,Gemeenteweg,binnen bebouwde kom,Tussen 2 bestuurders: Flank tegen flank,Geen hindernis
30805,129,Lokeren teller 2,Lokeren,51.09612,3.97025,1.6465826367350052,51.10360616752799,3.99059571879815,2022,4,14,46014,Lokeren,Normaal,Droog,Dag,met lichtgewonden,6,Bromfiets,3,Fiets,Buiten Kruispunt,Gemeenteweg,binnen bebouwde kom,Tussen 2 bestuurders: Flank tegen flank,Geen hindernis
30805,141,Test site A support,Lokeren,51.08342085,3.9961071208376326,2.2772672838315335,51.10360616752799,3.99059571879815,2022,4,14,46014,Lokeren,Normaal,Droog,Dag,met lichtgewonden,6,Bromfiets,3,Fiets,Buiten Kruispunt,Gemeenteweg,binnen bebouwde kom,Tussen 2 bestuurders: Flank tegen flank,Geen hindernis
30810,141,Test site A support,Lokeren,51.08342085,3.9961071208376326,1.684497724333276,51.093104887391256,4.014653823688945,2022,4,14,46014,Lokeren,Normaal,Droog,Dag,met lichtgewonden,4,Vrachtwagen,3,Fiets,Op Kruispunt,Gewestweg,buiten bebouwde kom,Tss. 2 best.: langs opzij (voor-/achterkant-flank),Geen hindernis
30812,141,Test site A support,Lokeren,51.08342085,3.9961071208376326,2.099218611210899,51.10220358199177,3.9991345237462617,2022,4,15,46014,Lokeren,Normaal,Droog,Dag,met lichtgewonden,3,Fiets,10,"één bestuurder, geen hindernis",Buiten Kruispunt,Gewestweg,binnen bebouwde kom,"Eén bestuurder, geen hindernis (incl. val)",Geen hindernis
30812,128,Lokeren teller 1,Lokeren,51.09644,3.97023,2.1176324612607003,51.10220358199177,3.9991345237462617,2022,4,15,46014,Lokeren,Normaal,Droog,Dag,met lichtgewonden,3,Fiets,10,"één bestuurder, geen hindernis",Buiten Kruispunt,Gewestweg,binnen bebouwde kom,"Eén bestuurder, geen hindernis (incl. val)",Geen hindernis
30812,129,Lokeren teller 2,Lokeren,51.09612,3.97025,2.127353807676689,51.10220358199177,3.9991345237462617,2022,4,15,46014,Lokeren,Normaal,Droog,Dag,met lichtgewonden,3,Fiets,10,"één bestuurder, geen hindernis",Buiten Kruispunt,Gewestweg,binnen bebouwde kom,"Eén bestuurder, geen hindernis (incl. val)",Geen hindernis
30813,126,Hamme totem,Hamme,51.1017709,4.1469307,1.2281382487399994,51.0981718284365,4.130302235670218,2022,4,8,42008,Hamme,Normaal,Droog,Dag,met lichtgewonden,9,personenauto,3,Fiets,Op Kruispunt,Gemeenteweg,binnen bebouwde kom,Tss. 2 best.: langs opzij (voor-/achterkant-flank),Geen hindernis
30814,122,Dendermonde teller 2,Dendermonde,51.0373918,4.1019222,0.5324792591584475,51.04061155358032,4.096284887924373,2022,4,16,42006,Dendermonde,Onbekend,Onbekend,Dag,met lichtgewonden,3,Fiets,3,Fiets,Buiten Kruispunt,Gemeenteweg,buiten bebouwde kom,Tussen 2 bestuurders: Frontale botsing,Geen hindernis
30814,125,Dendermonde totem,Dendermonde,51.0372706,4.1025998,0.5770251549320867,51.04061155358032,4.096284887924373,2022,4,16,42006,Dendermonde,Onbekend,Onbekend,Dag,met lichtgewonden,3,Fiets,3,Fiets,Buiten Kruispunt,Gemeenteweg,buiten bebouwde kom,Tussen 2 bestuurders: Frontale botsing,Geen hindernis
30815,126,Hamme totem,Hamme,51.1017709,4.1469307,2.4512750779115358,51.07980332330367,4.143994594601476,2022,4,9,42008,Hamme,Normaal,Droog,Dag,met lichtgewonden,5,Lichte vrachtauto,3,Fiets,Op Kruispunt,Gewestweg,buiten bebouwde kom,Tss. 2 best.: langs opzij (voor-/achterkant-flank),Geen hindernis
30816,126,Hamme totem,Hamme,51.1017709,4.1469307,1.6640488898680068,51.09525779289673,4.12547551026926,2022,4,11,42008,Hamme,Normaal,Droog,Dag,met lichtgewonden,3,Fiets,3,Fiets,Op Kruispunt,Gemeenteweg,binnen bebouwde kom,Tss. 2 best.: langs opzij (voor-/achterkant-flank),Geen hindernis