crash_row_id,site_id,site_name,site_gemeente,site_lat,site_long,distance_km,crash_lat,crash_long,DT_YEAR_COLLISION,DT_MONTH_COLLISION,DT_TIME,CD_NIS,TX_MUNTY_COLLISION_NL,TX_WEATHER_NL,TX_ROAD_CONDITION_NL,TX_LIGHT_CONDITION_NL,TX_CLASS_ACCIDENTS_NL,CD_ROAD_USR_TYPE1,TX_ROAD_USR_TYPE1_NL,CD_ROAD_USR_TYPE2,TX_ROAD_USR_TYPE2_NL,TX_CROSSWAY_NL,CD_ROAD_TYPE_NL,TX_BUILD_UP_AREA_NL,TX_COLLISION_TYPE_NL,TX_OBSTACLES_NL
30817,126,Hamme totem,Hamme,51.1017709,4.1469307,1.8864774436824157,51.09781328987817,4.120659465558996,2022,4,7,42008,Hamme,Normaal,Droog,Dag,met lichtgewonden,5,Lichte vrachtauto,3,Fiets,Buiten Kruispunt,Gemeenteweg,binnen bebouwde kom,Tussen 2 bestuurders: Frontale botsing,Geen hindernis
30821,120,Zele teller 1,Zele,51.0607671,4.0547741,1.9130708079768302,51.061262142503374,4.027410945984861,2022,4,17,42028,Zele,Normaal,Droog,Dag,met lichtgewonden,9,personenauto,3,Fiets,Buiten Kruispunt,Gemeenteweg,binnen bebouwde kom,Tss. 2 best.: langs opzij (voor-/achterkant-flank),Geen hindernis
30821,121,Zele teller 2,Zele,51.0604067,4.0556696,1.9771580108163718,51.061262142503374,4.027410945984861,2022,4,17,42028,Zele,Normaal,Droog,Dag,met lichtgewonden,9,personenauto,3,Fiets,Buiten Kruispunt,Gemeenteweg,binnen bebouwde kom,Tss. 2 best.: langs opzij (voor-/achterkant-flank),Geen hindernis
30827,11,Aalst 3,Aalst,50.93385,4.01647,1.0211778739063362,50.932439290291434,4.030869065322779,2022,4,23,41002,Aalst,Normaal,Droog,"Nacht, openbare verlichting aanwezig en ontstoken",met lichtgewonden,3,Fiets,3,Fiets,Op Kruispunt,Gewestweg,binnen bebouwde kom,Tss. 2 best.: langs opzij (voor-/achterkant-flank),Geen hindernis
30827,10,Aalst 2,Aalst,50.93549,4.01571,1.1151460637612371,50.932439290291434,4.030869065322779,2022,4,23,41002,Aalst,Normaal,Droog,"Nacht, openbare verlichting aanwezig en ontstoken",met lichtgewonden,3,Fiets,3,Fiets,Op Kruispunt,Gewestweg,binnen bebouwde kom,Tss. 2 best.: langs opzij (voor-/achterkant-flank),Geen hindernis
30827,19,Aalst 1,Aalst,50.93433,4.01471,1.1517402503828926,50.932439290291434,4.030869065322779,2022,4,23,41002,Aalst,Normaal,Droog,"Nacht, openbare verlichting aanwezig en ontstoken",met lichtgewonden,3,Fiets,3,Fiets,Op Kruispunt,Gewestweg,binnen bebouwde kom,Tss. 2 best.: langs opzij (voor-/achterkant-flank),Geen hindernis
30828,11,Aalst 3,Aalst,50.93385,4.01647,1.464974267036989,50.92386333843015,4.030103803043869,2022,4,15,41002,Aalst,Normaal,Droog,Dag,met lichtgewonden,9,personenauto,3,Fiets,Buiten Kruispunt,Gemeenteweg,binnen bebouwde kom,Tussen 2 bestuurders: Flank tegen flank,Geen hindernis
30828,19,Aalst 1,Aalst,50.93433,4.01471,1.5869669404673323,50.92386333843015,4.030103803043869,2022,4,15,41002,Aalst,Normaal,Droog,Dag,met lichtgewonden,9,personenauto,3,Fiets,Buiten Kruispunt,Gemeenteweg,binnen bebouwde kom,Tussen 2 bestuurders: Flank tegen flank,Geen hindernis
30828,10,Aalst 2,Aalst,50.93549,4.01571,1.6398183265687736,50.92386333843015,4.030103803043869,2022,4,15,41002,Aalst,Normaal,Droog,Dag,met lichtgewonden,9,personenauto,3,Fiets,Buiten Kruispunt,Gemeenteweg,binnen bebouwde kom,Tussen 2 bestuurders: Flank tegen flank,Geen hindernis
30830,10,Aalst 2,Aalst,50.93549,4.01571,1.899158294452463,50.94076731507344,4.041487276139293,2022,4,8,41002,Aalst,Normaal,Droog,Dag,met lichtgewonden,3,Fiets,99,onbekend,Buiten Kruispunt,Gemeenteweg,binnen bebouwde kom,Tss. 2 best.: langs opzij (voor-/achterkant-flank),Geen hindernis
30830,11,Aalst 3,Aalst,50.93385,4.01647,1.914326693018833,50.94076731507344,4.041487276139293,2022,4,8,41002,Aalst,Normaal,Droog,Dag,met lichtgewonden,3,Fiets,99,onbekend,Buiten Kruispunt,Gemeenteweg,binnen bebouwde kom,Tss. 2 best.: langs opzij (voor-/achterkant-flank),Geen hindernis
30830,19,Aalst 1,Aalst,50.93433,4.01471,2.0082192763530733,50.94076731507344,4.041487276139293,2022,4,8,41002,Aalst,Normaal,Droog,Dag,met lichtgewonden,3,Fiets,99,onbekend,Buiten Kruispunt,Gemeenteweg,binnen bebouwde kom,Tss. 2 best.: langs opzij (voor-/achterkant-flank),Geen hindernis
30831,10,Aalst 2,Aalst,50.93549,4.01571,1.4787847261976514,50.94058064556509,4.03520686237467,2022,4,18,41002,Aalst,Normaal,Droog,Dag,met lichtgewonden,3,Fiets,6,Bromfiets,Buiten Kruispunt,Gemeenteweg,binnen bebouwde kom,Tussen 2 bestuurders: Flank tegen flank,Geen hindernis
30831,11,Aalst 3,Aalst,50.93385,4.01647,1.5112580859427924,50.94058064556509,4.03520686237467,2022,4,18,41002,Aalst,Normaal,Droog,Dag,met lichtgewonden,3,Fiets,6,Bromfiets,Buiten Kruispunt,Gemeenteweg,binnen bebouwde kom,Tussen 2 bestuurders: Flank tegen flank,Geen hindernis
30831,19,Aalst 1,Aalst,50.93433,4.01471,1.595582767416871,50.94058064556509,4.03520686237467,2022,4,18,41002,Aalst,Normaal,Droog,Dag,met lichtgewonden,3,Fiets,6,Bromfiets,Buiten Kruispunt,Gemeenteweg,binnen bebouwde kom,Tussen 2 bestuurders: Flank tegen flank,Geen hindernis
30834,11,Aalst 3,Aalst,50.93385,4.01647,0.7517798856412984,50.931327985683275,4.026423307012219,2022,4,11,41002,Aalst,Normaal,Droog,Dag,met lichtgewonden,3,Fiets,11,een weggebruiker tegen een hindernis,Buiten Kruispunt,Gemeenteweg,buiten bebouwde kom,Weggebruiker tegen hindernis op de rijbaan,"Op de rijbaan: Werken (signal., aarde, toestel,…)"
30834,10,Aalst 2,Aalst,50.93549,4.01571,0.8819434712752618,50.931327985683275,4.026423307012219,2022,4,11,41002,Aalst,Normaal,Droog,Dag,met lichtgewonden,3,Fiets,11,een weggebruiker tegen een hindernis,Buiten Kruispunt,Gemeenteweg,buiten bebouwde kom,Weggebruiker tegen hindernis op de rijbaan,"Op de rijbaan: Werken (signal., aarde, toestel,…)"
30834,19,Aalst 1,Aalst,50.93433,4.01471,0.886128962084564,50.931327985683275,4.026423307012219,2022,4,11,41002,Aalst,Normaal,Droog,Dag,met lichtgewonden,3,Fiets,11,een weggebruiker tegen een hindernis,Buiten Kruispunt,Gemeenteweg,buiten bebouwde kom,Weggebruiker tegen hindernis op de rijbaan,"Op de rijbaan: Werken (signal., aarde, toestel,…)"
30840,125,Dendermonde totem,Dendermonde,51.0372706,4.1025998,1.4739990325083816,51.026939235087,4.115806787138831,2022,4,10,42006,Dendermonde,Normaal,Droog,Dag,met lichtgewonden,3,Fiets,9,personenauto,Buiten Kruispunt,Gemeenteweg,buiten bebouwde kom,Tss. 2 best.: langs opzij (voor-/achterkant-flank),Geen hindernis
30840,122,Dendermonde teller 2,Dendermonde,51.0373918,4.1019222,1.5144583771979645,51.026939235087,4.115806787138831,2022,4,10,42006,Dendermonde,Normaal,Droog,Dag,met lichtgewonden,3,Fiets,9,personenauto,Buiten Kruispunt,Gemeenteweg,buiten bebouwde kom,Tss. 2 best.: langs opzij (voor-/achterkant-flank),Geen hindernis
30841,125,Dendermonde totem,Dendermonde,51.0372706,4.1025998,0.6564650807586342,51.033183574419944,4.1093746513670855,2022,4,17,42006,Dendermonde,Normaal,Droog,Dag,met lichtgewonden,9,personenauto,3,Fiets,Buiten Kruispunt,Gewestweg,binnen bebouwde kom,Tss. 2 best.: langs opzij (voor-/achterkant-flank),Geen hindernis
30841,122,Dendermonde teller 2,Dendermonde,51.0373918,4.1019222,0.700365792060969,51.033183574419944,4.1093746513670855,2022,4,17,42006,Dendermonde,Normaal,Droog,Dag,met lichtgewonden,9,personenauto,3,Fiets,Buiten Kruispunt,Gewestweg,binnen bebouwde kom,Tss. 2 best.: langs opzij (voor-/achterkant-flank),Geen hindernis
30842,122,Dendermonde teller 2,Dendermonde,51.0373918,4.1019222,1.0600892333612006,51.034909037451555,4.087284453488643,2022,4,6,42006,Dendermonde,Normaal,Droog,Dageraad - schemering,met lichtgewonden,9,personenauto,3,Fiets,Buiten Kruispunt,Gemeenteweg,binnen bebouwde kom,Tussen 2 bestuurders: Langs achteren,Geen hindernis
30842,125,Dendermonde totem,Dendermonde,51.0372706,4.1025998,1.102617169969087,51.034909037451555,4.087284453488643,2022,4,6,42006,Dendermonde,Normaal,Droog,Dageraad - schemering,met lichtgewonden,9,personenauto,3,Fiets,Buiten Kruispunt,Gemeenteweg,binnen bebouwde kom,Tussen 2 bestuurders: Langs achteren,Geen hindernis
30846,142,TEST Validatie BRUGGE Y2H22022134,Brugge,51.22632,3.24095,2.329527315172081,51.20749880995173,3.2262602976492745,2022,4,13,31005,Brugge,Normaal,"Nat, plassen",Dag,met lichtgewonden,3,Fiets,8,Voetganger,Buiten Kruispunt,Gemeenteweg,binnen bebouwde kom,Met een voetganger,Geen vermelding van de aanwezigheid van een hindernis
30846,52,Brugge,Brugge,51.22632,3.24095,2.329527315172081,51.20749880995173,3.2262602976492745,2022,4,13,31005,Brugge,Normaal,"Nat, plassen",Dag,met lichtgewonden,3,Fiets,8,Voetganger,Buiten Kruispunt,Gemeenteweg,binnen bebouwde kom,Met een voetganger,Geen vermelding van de aanwezigheid van een hindernis
30847,54,Brugge teller 2,Brugge,51.23015,3.22818,1.1549373514851513,51.22148256532252,3.2190409107623674,2022,4,18,31005,Brugge,Normaal,Droog,Dag,met lichtgewonden,9,personenauto,3,Fiets,Buiten Kruispunt,Gewestweg,binnen bebouwde kom,Tss. 2 best.: langs opzij (voor-/achterkant-flank),Geen hindernis
30847,53,Brugge teller 1,Brugge,51.23023,3.228,1.1555554399189665,51.22148256532252,3.2190409107623674,2022,4,18,31005,Brugge,Normaal,Droog,Dag,met lichtgewonden,9,personenauto,3,Fiets,Buiten Kruispunt,Gewestweg,binnen bebouwde kom,Tss. 2 best.: langs opzij (voor-/achterkant-flank),Geen hindernis
30847,52,Brugge,Brugge,51.22632,3.24095,1.6177694833339529,51.22148256532252,3.2190409107623674,2022,4,18,31005,Brugge,Normaal,Droog,Dag,met lichtgewonden,9,personenauto,3,Fiets,Buiten Kruispunt,Gewestweg,binnen bebouwde kom,Tss. 2 best.: langs opzij (voor-/achterkant-flank),Geen hindernis
30847,142,TEST Validatie BRUGGE Y2H22022134,Brugge,51.22632,3.24095,1.6177694833339529,51.22148256532252,3.2190409107623674,2022,4,18,31005,Brugge,Normaal,Droog,Dag,met lichtgewonden,9,personenauto,3,Fiets,Buiten Kruispunt,Gewestweg,binnen bebouwde kom,Tss. 2 best.: langs opzij (voor-/achterkant-flank),Geen hindernis
30848,54,Brugge teller 2,Brugge,51.23015,3.22818,1.8619635179356253,51.215147553162886,3.216303915237674,2022,4,7,31005,Brugge,Normaal,Droog,Dag,met lichtgewonden,3,Fiets,4,Vrachtwagen,Op Kruispunt,Gewestweg,binnen bebouwde kom,Tss. 2 best.: langs opzij (voor-/achterkant-flank),Geen hindernis
30848,53,Brugge teller 1,Brugge,51.23023,3.228,1.8644268339287378,51.215147553162886,3.216303915237674,2022,4,7,31005,Brugge,Normaal,Droog,Dag,met lichtgewonden,3,Fiets,4,Vrachtwagen,Op Kruispunt,Gewestweg,binnen bebouwde kom,Tss. 2 best.: langs opzij (voor-/achterkant-flank),Geen hindernis
30848,52,Brugge,Brugge,51.22632,3.24095,2.118855305502862,51.215147553162886,3.216303915237674,2022,4,7,31005,Brugge,Normaal,Droog,Dag,met lichtgewonden,3,Fiets,4,Vrachtwagen,Op Kruispunt,Gewestweg,binnen bebouwde kom,Tss. 2 best.: langs opzij (voor-/achterkant-flank),Geen hindernis
30848,142,TEST Validatie BRUGGE Y2H22022134,Brugge,51.22632,3.24095,2.118855305502862,51.215147553162886,3.216303915237674,2022,4,7,31005,Brugge,Normaal,Droog,Dag,met lichtgewonden,3,Fiets,4,Vrachtwagen,Op Kruispunt,Gewestweg,binnen bebouwde kom,Tss. 2 best.: langs opzij (voor-/achterkant-flank),Geen hindernis
30849,20,Brugge,Brugge,51.17416,3.20048,1.7823718920058622,51.18861183801061,3.2115416560496177,2022,4,18,31005,Brugge,Normaal,Droog,Dag,met lichtgewonden,9,personenauto,3,Fiets,Op Kruispunt,Gemeenteweg,binnen bebouwde kom,Tss. 2 best.: langs opzij (voor-/achterkant-flank),Geen hindernis
30850,54,Brugge teller 2,Brugge,51.23015,3.22818,2.018552431394675,51.21303084960007,3.218536928781255,2022,4,17,31005,Brugge,Normaal,Proper,Dag,met lichtgewonden,3,Fiets,9,personenauto,Buiten Kruispunt,Gewestweg,binnen bebouwde kom,Tss. 2 best.: langs opzij (voor-/achterkant-flank),Geen hindernis
30850,53,Brugge teller 1,Brugge,51.23023,3.228,2.022824511723422,51.21303084960007,3.218536928781255,2022,4,17,31005,Brugge,Normaal,Proper,Dag,met lichtgewonden,3,Fiets,9,personenauto,Buiten Kruispunt,Gewestweg,binnen bebouwde kom,Tss. 2 best.: langs opzij (voor-/achterkant-flank),Geen hindernis
30850,52,Brugge,Brugge,51.22632,3.24095,2.149459288968459,51.21303084960007,3.218536928781255,2022,4,17,31005,Brugge,Normaal,Proper,Dag,met lichtgewonden,3,Fiets,9,personenauto,Buiten Kruispunt,Gewestweg,binnen bebouwde kom,Tss. 2 best.: langs opzij (voor-/achterkant-flank),Geen hindernis
30850,142,TEST Validatie BRUGGE Y2H22022134,Brugge,51.22632,3.24095,2.149459288968459,51.21303084960007,3.218536928781255,2022,4,17,31005,Brugge,Normaal,Proper,Dag,met lichtgewonden,3,Fiets,9,personenauto,Buiten Kruispunt,Gewestweg,binnen bebouwde kom,Tss. 2 best.: langs opzij (voor-/achterkant-flank),Geen hindernis
30853,142,TEST Validatie BRUGGE Y2H22022134,Brugge,51.22632,3.24095,1.093826449826681,51.21660702856304,3.2434364189775997,2022,4,18,31005,Brugge,Normaal,Droog,Dag,met lichtgewonden,9,personenauto,3,Fiets,Op Kruispunt,Gemeenteweg,binnen bebouwde kom,Tussen 2 bestuurders: Flank tegen flank,Geen hindernis
30853,52,Brugge,Brugge,51.22632,3.24095,1.093826449826681,51.21660702856304,3.2434364189775997,2022,4,18,31005,Brugge,Normaal,Droog,Dag,met lichtgewonden,9,personenauto,3,Fiets,Op Kruispunt,Gemeenteweg,binnen bebouwde kom,Tussen 2 bestuurders: Flank tegen flank,Geen hindernis
30853,54,Brugge teller 2,Brugge,51.23015,3.22818,1.8429792336933783,51.21660702856304,3.2434364189775997,2022,4,18,31005,Brugge,Normaal,Droog,Dag,met lichtgewonden,9,personenauto,3,Fiets,Op Kruispunt,Gemeenteweg,binnen bebouwde kom,Tussen 2 bestuurders: Flank tegen flank,Geen hindernis
30853,53,Brugge teller 1,Brugge,51.23023,3.228,1.8574807402465479,51.21660702856304,3.2434364189775997,2022,4,18,31005,Brugge,Normaal,Droog,Dag,met lichtgewonden,9,personenauto,3,Fiets,Op Kruispunt,Gemeenteweg,binnen bebouwde kom,Tussen 2 bestuurders: Flank tegen flank,Geen hindernis
30854,20,Brugge,Brugge,51.17416,3.20048,1.8144662217084506,51.18873879220265,3.1887863619672974,2022,4,8,31005,Brugge,Normaal,Droog,Dag,met lichtgewonden,6,Bromfiets,3,Fiets,Op Kruispunt,Gemeenteweg,binnen bebouwde kom,Tussen 2 bestuurders: Frontale botsing,Geen hindernis
30854,51,"Brugge, Sint-Andries",Brugge,51.19281,3.16252,1.885627382846567,51.18873879220265,3.1887863619672974,2022,4,8,31005,Brugge,Normaal,Droog,Dag,met lichtgewonden,6,Bromfiets,3,Fiets,Op Kruispunt,Gemeenteweg,binnen bebouwde kom,Tussen 2 bestuurders: Frontale botsing,Geen hindernis
30854,50,"Brugge, Sint-Andries",Brugge,51.19291,3.16252,1.8883258551082338,51.18873879220265,3.1887863619672974,2022,4,8,31005,Brugge,Normaal,Droog,Dag,met lichtgewonden,6,Bromfiets,3,Fiets,Op Kruispunt,Gemeenteweg,binnen bebouwde kom,Tussen 2 bestuurders: Frontale botsing,Geen hindernis
30858,54,Brugge teller 2,Brugge,51.23015,3.22818,0.6586860660972754,51.22428594117114,3.226841017994011,2022,4,17,31005,Brugge,Normaal,Droog,Dag,met lichtgewonden,3,Fiets,9,personenauto,Op Kruispunt,Gemeenteweg,binnen bebouwde kom,Tss. 2 best.: langs opzij (voor-/achterkant-flank),Geen hindernis
30858,53,Brugge teller 1,Brugge,51.23023,3.228,0.6658581211355802,51.22428594117114,3.226841017994011,2022,4,17,31005,Brugge,Normaal,Droog,Dag,met lichtgewonden,3,Fiets,9,personenauto,Op Kruispunt,Gemeenteweg,binnen bebouwde kom,Tss. 2 best.: langs opzij (voor-/achterkant-flank),Geen hindernis
30858,52,Brugge,Brugge,51.22632,3.24095,1.008203002230558,51.22428594117114,3.226841017994011,2022,4,17,31005,Brugge,Normaal,Droog,Dag,met lichtgewonden,3,Fiets,9,personenauto,Op Kruispunt,Gemeenteweg,binnen bebouwde kom,Tss. 2 best.: langs opzij (voor-/achterkant-flank),Geen hindernis
30858,142,TEST Validatie BRUGGE Y2H22022134,Brugge,51.22632,3.24095,1.008203002230558,51.22428594117114,3.226841017994011,2022,4,17,31005,Brugge,Normaal,Droog,Dag,met lichtgewonden,3,Fiets,9,personenauto,Op Kruispunt,Gemeenteweg,binnen bebouwde kom,Tss. 2 best.: langs opzij (voor-/achterkant-flank),Geen hindernis
30865,20,Brugge,Brugge,51.17416,3.20048,2.4238119233384756,51.152394555175896,3.1985849331989336,2022,4,11,31040,Zedelgem,Normaal,Droog,Dag,met lichtgewonden,3,Fiets,9,personenauto,Buiten Kruispunt,Gemeenteweg,binnen bebouwde kom,Tss. 2 best.: langs opzij (voor-/achterkant-flank),Geen hindernis
30867,20,Brugge,Brugge,51.17416,3.20048,2.4748014014852924,51.15195162624847,3.198149154013836,2022,4,20,31040,Zedelgem,Normaal,Droog,Dag,met lichtgewonden,3,Fiets,10,"één bestuurder, geen hindernis",Buiten Kruispunt,Gemeenteweg,binnen bebouwde kom,"Eén bestuurder, geen hindernis (incl. val)",Geen hindernis
30878,15,Oostende 2,Oostende,51.21371,2.92743,1.5638603141486824,51.203743158040936,2.9115911589896317,2022,4,13,35013,Oostende,Normaal,Droog,Dag,met lichtgewonden,9,personenauto,3,Fiets,Op Kruispunt,Gemeenteweg,binnen bebouwde kom,Tss. 2 best.: langs opzij (voor-/achterkant-flank),Geen hindernis
30878,18,Oostende 1,Oostende,51.21378,2.92765,1.5801977107744893,51.203743158040936,2.9115911589896317,2022,4,13,35013,Oostende,Normaal,Droog,Dag,met lichtgewonden,9,personenauto,3,Fiets,Op Kruispunt,Gemeenteweg,binnen bebouwde kom,Tss. 2 best.: langs opzij (voor-/achterkant-flank),Geen hindernis
30879,15,Oostende 2,Oostende,51.21371,2.92743,0.8064672717712547,51.206906271269915,2.9234197807440214,2022,4,10,35013,Oostende,Normaal,Droog,Dag,met lichtgewonden,3,Fiets,9,personenauto,Op Kruispunt,Gemeenteweg,binnen bebouwde kom,Tss. 2 best.: langs opzij (voor-/achterkant-flank),Geen hindernis
30879,18,Oostende 1,Oostende,51.21378,2.92765,0.8191606638722424,51.206906271269915,2.9234197807440214,2022,4,10,35013,Oostende,Normaal,Droog,Dag,met lichtgewonden,3,Fiets,9,personenauto,Op Kruispunt,Gemeenteweg,binnen bebouwde kom,Tss. 2 best.: langs opzij (voor-/achterkant-flank),Geen hindernis
30883,55,Torhout teller 1,Torhout,51.07161,3.08261,0.289738182236622,51.07033346878031,3.0862250916785148,2022,4,10,31033,Torhout,Normaal,Droog,Dag,met lichtgewonden,3,Fiets,9,personenauto,Buiten Kruispunt,Gewestweg,buiten bebouwde kom,Kettingbotsing (3 bestuurders of meer),Geen hindernis
30883,56,Torhout teller 2,Torhout,51.07147,3.08244,0.2931090384183504,51.07033346878031,3.0862250916785148,2022,4,10,31033,Torhout,Normaal,Droog,Dag,met lichtgewonden,3,Fiets,9,personenauto,Buiten Kruispunt,Gewestweg,buiten bebouwde kom,Kettingbotsing (3 bestuurders of meer),Geen hindernis
30885,84,Roeselare totem,Izegem,50.91717,3.18772,0.8105615327322467,50.923403563790565,3.1937144824725032,2022,4,16,36008,Izegem,Normaal,Droog,Dag,met lichtgewonden,9,personenauto,3,Fiets,Op Kruispunt,Gewestweg,binnen bebouwde kom,Tss. 2 best.: langs opzij (voor-/achterkant-flank),Geen hindernis
30886,84,Roeselare totem,Izegem,50.91717,3.18772,1.1296423974582435,50.91404353648231,3.2030516665861675,2022,4,7,36008,Izegem,Onbekend,Onbekend,Dag,met lichtgewonden,9,personenauto,3,Fiets,Op Kruispunt,Gewestweg,buiten bebouwde kom,Tss. 2 best.: langs opzij (voor-/achterkant-flank),Geen hindernis
30890,84,Roeselare totem,Izegem,50.91717,3.18772,1.6299051937372024,50.93102328332683,3.1801207031015304,2022,4,12,36008,Izegem,Regenval,"Nat, plassen",Dag,met lichtgewonden,5,Lichte vrachtauto,3,Fiets,Op Kruispunt,Gemeenteweg,buiten bebouwde kom,Tss. 2 best.: langs opzij (voor-/achterkant-flank),Geen hindernis
30891,84,Roeselare totem,Izegem,50.91717,3.18772,0.7957658796081089,50.92372156214339,3.1922879984230392,2022,4,15,36008,Izegem,Normaal,Droog,Dag,met lichtgewonden,3,Fiets,11,een weggebruiker tegen een hindernis,Buiten Kruispunt,Gewestweg,binnen bebouwde kom,Weggebruiker tegen hindernis op de rijbaan,Op de rijbaan: Container
30894,61,Wervik teller 2,Wervik,50.80555,3.0921,1.4437631195083662,50.79950772526054,3.1102844441357873,2022,4,17,34027,Menen,Normaal,Droog,Dag,met lichtgewonden,9,personenauto,3,Fiets,Buiten Kruispunt,Gewestweg,binnen bebouwde kom,Tss. 2 best.: langs opzij (voor-/achterkant-flank),Geen hindernis
30894,62,Wervik teller 1,Wervik,50.8058,3.09154,1.4915425945767165,50.79950772526054,3.1102844441357873,2022,4,17,34027,Menen,Normaal,Droog,Dag,met lichtgewonden,9,personenauto,3,Fiets,Buiten Kruispunt,Gewestweg,binnen bebouwde kom,Tss. 2 best.: langs opzij (voor-/achterkant-flank),Geen hindernis
30899,17,Kortrijk 2,Kortrijk,50.83339,3.27773,0.5650880746622777,50.83643462109504,3.271287225660925,2022,4,17,34022,Kortrijk,Normaal,Onbekend,Dag,met lichtgewonden,3,Fiets,3,Fiets,Buiten Kruispunt,Gemeenteweg,binnen bebouwde kom,Tussen 2 bestuurders: Frontale botsing,Geen hindernis
30899,16,Kortrijk 1,Kortrijk,50.83332,3.27777,0.5720187636072767,50.83643462109504,3.271287225660925,2022,4,17,34022,Kortrijk,Normaal,Onbekend,Dag,met lichtgewonden,3,Fiets,3,Fiets,Buiten Kruispunt,Gemeenteweg,binnen bebouwde kom,Tussen 2 bestuurders: Frontale botsing,Geen hindernis
30899,143,Eco Display Classic Budastraat,Kortrijk,50.83066,3.26286,0.8732483705335096,50.83643462109504,3.271287225660925,2022,4,17,34022,Kortrijk,Normaal,Onbekend,Dag,met lichtgewonden,3,Fiets,3,Fiets,Buiten Kruispunt,Gemeenteweg,binnen bebouwde kom,Tussen 2 bestuurders: Frontale botsing,Geen hindernis
30899,75,Kortrijk teller 2,Kortrijk,50.81925,3.25731,2.148273477388248,50.83643462109504,3.271287225660925,2022,4,17,34022,Kortrijk,Normaal,Onbekend,Dag,met lichtgewonden,3,Fiets,3,Fiets,Buiten Kruispunt,Gemeenteweg,binnen bebouwde kom,Tussen 2 bestuurders: Frontale botsing,Geen hindernis
30899,74,Kortrijk teller 1,Kortrijk,50.81909,3.25728,2.1650710535178748,50.83643462109504,3.271287225660925,2022,4,17,34022,Kortrijk,Normaal,Onbekend,Dag,met lichtgewonden,3,Fiets,3,Fiets,Buiten Kruispunt,Gemeenteweg,binnen bebouwde kom,Tussen 2 bestuurders: Frontale botsing,Geen hindernis
30900,143,Eco Display Classic Budastraat,Kortrijk,50.83066,3.26286,2.3544860614104617,50.845449805135424,3.238865114032735,2022,4,23,34022,Kortrijk,Normaal,Droog,"Nacht, openb. verlicht. aanw., maar niet ontstoken",met zwaargewonden,3,Fiets,11,een weggebruiker tegen een hindernis,Buiten Kruispunt,Gemeenteweg,binnen bebouwde kom,Weggebruiker tegen hindernis buiten rijbaan,Buiten de rijbaan: Boom
30901,74,Kortrijk teller 1,Kortrijk,50.81909,3.25728,1.4529885756331073,50.81687774190787,3.2776641327964784,2022,4,16,34022,Kortrijk,Normaal,Droog,Dag,met lichtgewonden,9,personenauto,3,Fiets,Op Kruispunt,Gemeenteweg,binnen bebouwde kom,Tss. 2 best.: langs opzij (voor-/achterkant-flank),Geen hindernis
30901,75,Kortrijk teller 2,Kortrijk,50.81925,3.25731,1.4540311826729193,50.81687774190787,3.2776641327964784,2022,4,16,34022,Kortrijk,Normaal,Droog,Dag,met lichtgewonden,9,personenauto,3,Fiets,Op Kruispunt,Gemeenteweg,binnen bebouwde kom,Tss. 2 best.: langs opzij (voor-/achterkant-flank),Geen hindernis
30901,16,Kortrijk 1,Kortrijk,50.83332,3.27777,1.82831080487995,50.81687774190787,3.2776641327964784,2022,4,16,34022,Kortrijk,Normaal,Droog,Dag,met lichtgewonden,9,personenauto,3,Fiets,Op Kruispunt,Gemeenteweg,binnen bebouwde kom,Tss. 2 best.: langs opzij (voor-/achterkant-flank),Geen hindernis
30901,17,Kortrijk 2,Kortrijk,50.83339,3.27773,1.836085156280354,50.81687774190787,3.2776641327964784,2022,4,16,34022,Kortrijk,Normaal,Droog,Dag,met lichtgewonden,9,personenauto,3,Fiets,Op Kruispunt,Gemeenteweg,binnen bebouwde kom,Tss. 2 best.: langs opzij (voor-/achterkant-flank),Geen hindernis
30901,143,Eco Display Classic Budastraat,Kortrijk,50.83066,3.26286,1.8520161825988373,50.81687774190787,3.2776641327964784,2022,4,16,34022,Kortrijk,Normaal,Droog,Dag,met lichtgewonden,9,personenauto,3,Fiets,Op Kruispunt,Gemeenteweg,binnen bebouwde kom,Tss. 2 best.: langs opzij (voor-/achterkant-flank),Geen hindernis
30902,74,Kortrijk teller 1,Kortrijk,50.81909,3.25728,2.4630787819103688,50.81266059450807,3.2908300256384377,2022,4,8,34022,Kortrijk,Onbekend,"Nat, plassen",Dag,met lichtgewonden,9,personenauto,3,Fiets,Op Kruispunt,Gemeenteweg,binnen bebouwde kom,Tussen 2 bestuurders: Langs achteren,Geen hindernis
30902,75,Kortrijk teller 2,Kortrijk,50.81925,3.25731,2.4662850458962224,50.81266059450807,3.2908300256384377,2022,4,8,34022,Kortrijk,Onbekend,"Nat, plassen",Dag,met lichtgewonden,9,personenauto,3,Fiets,Op Kruispunt,Gemeenteweg,binnen bebouwde kom,Tussen 2 bestuurders: Langs achteren,Geen hindernis
30902,16,Kortrijk 1,Kortrijk,50.83332,3.27777,2.473625490605114,50.81266059450807,3.2908300256384377,2022,4,8,34022,Kortrijk,Onbekend,"Nat, plassen",Dag,met lichtgewonden,9,personenauto,3,Fiets,Op Kruispunt,Gemeenteweg,binnen bebouwde kom,Tussen 2 bestuurders: Langs achteren,Geen hindernis
30902,17,Kortrijk 2,Kortrijk,50.83339,3.27773,2.4818958574402976,50.81266059450807,3.2908300256384377,2022,4,8,34022,Kortrijk,Onbekend,"Nat, plassen",Dag,met lichtgewonden,9,personenauto,3,Fiets,Op Kruispunt,Gemeenteweg,binnen bebouwde kom,Tussen 2 bestuurders: Langs achteren,Geen hindernis