crash_row_id,site_id,site_name,site_gemeente,site_lat,site_long,distance_km,crash_lat,crash_long,DT_YEAR_COLLISION,DT_MONTH_COLLISION,DT_TIME,CD_NIS,TX_MUNTY_COLLISION_NL,TX_WEATHER_NL,TX_ROAD_CONDITION_NL,TX_LIGHT_CONDITION_NL,TX_CLASS_ACCIDENTS_NL,CD_ROAD_USR_TYPE1,TX_ROAD_USR_TYPE1_NL,CD_ROAD_USR_TYPE2,TX_ROAD_USR_TYPE2_NL,TX_CROSSWAY_NL,CD_ROAD_TYPE_NL,TX_BUILD_UP_AREA_NL,TX_COLLISION_TYPE_NL,TX_OBSTACLES_NL
30903,75,Kortrijk teller 2,Kortrijk,50.81925,3.25731,1.1529965970450318,50.82077765844577,3.2735440453513016,2022,4,10,34022,Kortrijk,Normaal,Droog,Dag,met zwaargewonden,3,Fiets,9,personenauto,Buiten Kruispunt,Gemeenteweg,binnen bebouwde kom,Tss. 2 best.: langs opzij (voor-/achterkant-flank),Geen hindernis
30903,74,Kortrijk teller 1,Kortrijk,50.81909,3.25728,1.1578331620632445,50.82077765844577,3.2735440453513016,2022,4,10,34022,Kortrijk,Normaal,Droog,Dag,met zwaargewonden,3,Fiets,9,personenauto,Buiten Kruispunt,Gemeenteweg,binnen bebouwde kom,Tss. 2 best.: langs opzij (voor-/achterkant-flank),Geen hindernis
30903,143,Eco Display Classic Budastraat,Kortrijk,50.83066,3.26286,1.330666924944596,50.82077765844577,3.2735440453513016,2022,4,10,34022,Kortrijk,Normaal,Droog,Dag,met zwaargewonden,3,Fiets,9,personenauto,Buiten Kruispunt,Gemeenteweg,binnen bebouwde kom,Tss. 2 best.: langs opzij (voor-/achterkant-flank),Geen hindernis
30903,16,Kortrijk 1,Kortrijk,50.83332,3.27777,1.4258811450138102,50.82077765844577,3.2735440453513016,2022,4,10,34022,Kortrijk,Normaal,Droog,Dag,met zwaargewonden,3,Fiets,9,personenauto,Buiten Kruispunt,Gemeenteweg,binnen bebouwde kom,Tss. 2 best.: langs opzij (voor-/achterkant-flank),Geen hindernis
30903,17,Kortrijk 2,Kortrijk,50.83339,3.27773,1.4329160410119737,50.82077765844577,3.2735440453513016,2022,4,10,34022,Kortrijk,Normaal,Droog,Dag,met zwaargewonden,3,Fiets,9,personenauto,Buiten Kruispunt,Gemeenteweg,binnen bebouwde kom,Tss. 2 best.: langs opzij (voor-/achterkant-flank),Geen hindernis
30904,143,Eco Display Classic Budastraat,Kortrijk,50.83066,3.26286,0.45802499142310926,50.8338192848112,3.258675164039159,2022,4,10,34022,Kortrijk,Sneeuwval,"Nat, plassen",Dag,met zwaargewonden,9,personenauto,3,Fiets,Op Kruispunt,Gewestweg,binnen bebouwde kom,Tss. 2 best.: langs opzij (voor-/achterkant-flank),Geen hindernis
30904,17,Kortrijk 2,Kortrijk,50.83339,3.27773,1.3390322096803673,50.8338192848112,3.258675164039159,2022,4,10,34022,Kortrijk,Sneeuwval,"Nat, plassen",Dag,met zwaargewonden,9,personenauto,3,Fiets,Op Kruispunt,Gewestweg,binnen bebouwde kom,Tss. 2 best.: langs opzij (voor-/achterkant-flank),Geen hindernis
30904,16,Kortrijk 1,Kortrijk,50.83332,3.27777,1.3421399842385053,50.8338192848112,3.258675164039159,2022,4,10,34022,Kortrijk,Sneeuwval,"Nat, plassen",Dag,met zwaargewonden,9,personenauto,3,Fiets,Op Kruispunt,Gewestweg,binnen bebouwde kom,Tss. 2 best.: langs opzij (voor-/achterkant-flank),Geen hindernis
30904,75,Kortrijk teller 2,Kortrijk,50.81925,3.25731,1.6228657808007216,50.8338192848112,3.258675164039159,2022,4,10,34022,Kortrijk,Sneeuwval,"Nat, plassen",Dag,met zwaargewonden,9,personenauto,3,Fiets,Op Kruispunt,Gewestweg,binnen bebouwde kom,Tss. 2 best.: langs opzij (voor-/achterkant-flank),Geen hindernis
30904,74,Kortrijk teller 1,Kortrijk,50.81909,3.25728,1.6407507359084628,50.8338192848112,3.258675164039159,2022,4,10,34022,Kortrijk,Sneeuwval,"Nat, plassen",Dag,met zwaargewonden,9,personenauto,3,Fiets,Op Kruispunt,Gewestweg,binnen bebouwde kom,Tss. 2 best.: langs opzij (voor-/achterkant-flank),Geen hindernis
30906,16,Kortrijk 1,Kortrijk,50.83332,3.27777,0.45598798372149124,50.82937204839774,3.2760139100822996,2022,4,17,34022,Kortrijk,Regenval,"Nat, plassen",Dag,met lichtgewonden,9,personenauto,3,Fiets,Op Kruispunt,Gemeenteweg,binnen bebouwde kom,Tss. 2 best.: langs opzij (voor-/achterkant-flank),Geen hindernis
30906,17,Kortrijk 2,Kortrijk,50.83339,3.27773,0.4627466597805171,50.82937204839774,3.2760139100822996,2022,4,17,34022,Kortrijk,Regenval,"Nat, plassen",Dag,met lichtgewonden,9,personenauto,3,Fiets,Op Kruispunt,Gemeenteweg,binnen bebouwde kom,Tss. 2 best.: langs opzij (voor-/achterkant-flank),Geen hindernis
30906,143,Eco Display Classic Budastraat,Kortrijk,50.83066,3.26286,0.9348770719331195,50.82937204839774,3.2760139100822996,2022,4,17,34022,Kortrijk,Regenval,"Nat, plassen",Dag,met lichtgewonden,9,personenauto,3,Fiets,Op Kruispunt,Gemeenteweg,binnen bebouwde kom,Tss. 2 best.: langs opzij (voor-/achterkant-flank),Geen hindernis
30906,75,Kortrijk teller 2,Kortrijk,50.81925,3.25731,1.7299887379755172,50.82937204839774,3.2760139100822996,2022,4,17,34022,Kortrijk,Regenval,"Nat, plassen",Dag,met lichtgewonden,9,personenauto,3,Fiets,Op Kruispunt,Gemeenteweg,binnen bebouwde kom,Tss. 2 best.: langs opzij (voor-/achterkant-flank),Geen hindernis
30906,74,Kortrijk teller 1,Kortrijk,50.81909,3.25728,1.7432078600900471,50.82937204839774,3.2760139100822996,2022,4,17,34022,Kortrijk,Regenval,"Nat, plassen",Dag,met lichtgewonden,9,personenauto,3,Fiets,Op Kruispunt,Gemeenteweg,binnen bebouwde kom,Tss. 2 best.: langs opzij (voor-/achterkant-flank),Geen hindernis
30907,143,Eco Display Classic Budastraat,Kortrijk,50.83066,3.26286,0.3324032566597383,50.82776731610596,3.264053962807514,2022,4,13,34022,Kortrijk,Onbekend,Onbekend,Dag,met lichtgewonden,3,Fiets,9,personenauto,Op Kruispunt,Gewestweg,binnen bebouwde kom,Tss. 2 best.: langs opzij (voor-/achterkant-flank),Geen hindernis
30907,75,Kortrijk teller 2,Kortrijk,50.81925,3.25731,1.0589487951539478,50.82776731610596,3.264053962807514,2022,4,13,34022,Kortrijk,Onbekend,Onbekend,Dag,met lichtgewonden,3,Fiets,9,personenauto,Op Kruispunt,Gewestweg,binnen bebouwde kom,Tss. 2 best.: langs opzij (voor-/achterkant-flank),Geen hindernis
30907,74,Kortrijk teller 1,Kortrijk,50.81909,3.25728,1.0758207349975804,50.82776731610596,3.264053962807514,2022,4,13,34022,Kortrijk,Onbekend,Onbekend,Dag,met lichtgewonden,3,Fiets,9,personenauto,Op Kruispunt,Gewestweg,binnen bebouwde kom,Tss. 2 best.: langs opzij (voor-/achterkant-flank),Geen hindernis
30907,16,Kortrijk 1,Kortrijk,50.83332,3.27777,1.1441981915013753,50.82776731610596,3.264053962807514,2022,4,13,34022,Kortrijk,Onbekend,Onbekend,Dag,met lichtgewonden,3,Fiets,9,personenauto,Op Kruispunt,Gewestweg,binnen bebouwde kom,Tss. 2 best.: langs opzij (voor-/achterkant-flank),Geen hindernis
30907,17,Kortrijk 2,Kortrijk,50.83339,3.27773,1.1460610140191176,50.82776731610596,3.264053962807514,2022,4,13,34022,Kortrijk,Onbekend,Onbekend,Dag,met lichtgewonden,3,Fiets,9,personenauto,Op Kruispunt,Gewestweg,binnen bebouwde kom,Tss. 2 best.: langs opzij (voor-/achterkant-flank),Geen hindernis
30914,17,Kortrijk 2,Kortrijk,50.83339,3.27773,2.477100638825463,50.84972930759185,3.301709925166681,2022,4,14,34013,Harelbeke,Normaal,Droog,Dag,met lichtgewonden,9,personenauto,3,Fiets,Op Kruispunt,Gewestweg,binnen bebouwde kom,Tss. 2 best.: langs opzij (voor-/achterkant-flank),Geen hindernis
30914,16,Kortrijk 1,Kortrijk,50.83332,3.27777,2.4809122262783556,50.84972930759185,3.301709925166681,2022,4,14,34013,Harelbeke,Normaal,Droog,Dag,met lichtgewonden,9,personenauto,3,Fiets,Op Kruispunt,Gewestweg,binnen bebouwde kom,Tss. 2 best.: langs opzij (voor-/achterkant-flank),Geen hindernis
30925,67,Ieper totem,Ieper,50.85018,2.85624,0.7102738192288929,50.84891110720887,2.8661556684082137,2022,4,14,33011,Ieper,Normaal,Droog,Dag,met lichtgewonden,3,Fiets,10,"één bestuurder, geen hindernis",Buiten Kruispunt,Gewestweg,binnen bebouwde kom,"Eén bestuurder, geen hindernis (incl. val)",Geen hindernis
30925,68,Ieper,Ieper,50.85032,2.85608,0.7244910676213181,50.84891110720887,2.8661556684082137,2022,4,14,33011,Ieper,Normaal,Droog,Dag,met lichtgewonden,3,Fiets,10,"één bestuurder, geen hindernis",Buiten Kruispunt,Gewestweg,binnen bebouwde kom,"Eén bestuurder, geen hindernis (incl. val)",Geen hindernis
30926,67,Ieper totem,Ieper,50.85018,2.85624,2.2261142784671635,50.85725448966261,2.885906121161832,2022,4,11,33011,Ieper,Normaal,Droog,Dag,met lichtgewonden,4,Vrachtwagen,3,Fiets,Buiten Kruispunt,Gewestweg,binnen bebouwde kom,Tussen 2 bestuurders: Flank tegen flank,Geen hindernis
30926,68,Ieper,Ieper,50.85032,2.85608,2.23119422921312,50.85725448966261,2.885906121161832,2022,4,11,33011,Ieper,Normaal,Droog,Dag,met lichtgewonden,4,Vrachtwagen,3,Fiets,Buiten Kruispunt,Gewestweg,binnen bebouwde kom,Tussen 2 bestuurders: Flank tegen flank,Geen hindernis
30927,62,Wervik teller 1,Wervik,50.8058,3.09154,2.0023107128321502,50.791969677171366,3.07329479816322,2022,4,15,33029,Wervik,Normaal,Droog,Dag,met lichtgewonden,9,personenauto,3,Fiets,Op Kruispunt,Gemeenteweg,buiten bebouwde kom,Tss. 2 best.: langs opzij (voor-/achterkant-flank),Geen hindernis
30927,61,Wervik teller 2,Wervik,50.80555,3.0921,2.0067413217754946,50.791969677171366,3.07329479816322,2022,4,15,33029,Wervik,Normaal,Droog,Dag,met lichtgewonden,9,personenauto,3,Fiets,Op Kruispunt,Gemeenteweg,buiten bebouwde kom,Tss. 2 best.: langs opzij (voor-/achterkant-flank),Geen hindernis
30930,67,Ieper totem,Ieper,50.85018,2.85624,1.2299513670988969,50.8534647136302,2.872970212844847,2022,4,16,33011,Ieper,Normaal,Droog,Dag,met zwaargewonden,3,Fiets,3,Fiets,Buiten Kruispunt,Gemeenteweg,binnen bebouwde kom,Tss. 2 best.: langs opzij (voor-/achterkant-flank),Geen hindernis
30930,68,Ieper,Ieper,50.85032,2.85608,1.236186231243602,50.8534647136302,2.872970212844847,2022,4,16,33011,Ieper,Normaal,Droog,Dag,met zwaargewonden,3,Fiets,3,Fiets,Buiten Kruispunt,Gemeenteweg,binnen bebouwde kom,Tss. 2 best.: langs opzij (voor-/achterkant-flank),Geen hindernis
30932,67,Ieper totem,Ieper,50.85018,2.85624,2.195766113791463,50.85705162559277,2.8855647479244513,2022,4,17,33011,Ieper,Normaal,Droog,Dag,met lichtgewonden,9,personenauto,3,Fiets,Buiten Kruispunt,Gewestweg,binnen bebouwde kom,Tussen 2 bestuurders: Flank tegen flank,Geen hindernis
30932,68,Ieper,Ieper,50.85032,2.85608,2.200953487057673,50.85705162559277,2.8855647479244513,2022,4,17,33011,Ieper,Normaal,Droog,Dag,met lichtgewonden,9,personenauto,3,Fiets,Buiten Kruispunt,Gewestweg,binnen bebouwde kom,Tussen 2 bestuurders: Flank tegen flank,Geen hindernis
30942,136,Gent R4,Gent,51.0876313,3.7587918,2.207122945283938,51.089335889395315,3.727307653450881,2022,4,14,44021,Gent,Normaal,Droog,Dag,met lichtgewonden,4,Vrachtwagen,3,Fiets,Buiten Kruispunt,Gewestweg,buiten bebouwde kom,Tss. 2 best.: langs opzij (voor-/achterkant-flank),Geen hindernis
30946,124,Beveren teller 2,Beveren,51.1964712,4.2361077,0.831012413729298,51.20390345855569,4.237358582065384,2022,4,13,46003,Beveren,Normaal,Droog,Dag,met lichtgewonden,9,personenauto,3,Fiets,Buiten Kruispunt,Gewestweg,binnen bebouwde kom,Tussen 2 bestuurders: Flank tegen flank,Geen hindernis
30948,124,Beveren teller 2,Beveren,51.1964712,4.2361077,1.640900679848729,51.209358720712196,4.247581205692309,2022,4,10,46003,Beveren,Normaal,Droog,Dag,met lichtgewonden,9,personenauto,3,Fiets,Buiten Kruispunt,Gemeenteweg,binnen bebouwde kom,Tussen 2 bestuurders: Flank tegen flank,Geen hindernis
30952,99,Mechelen teller 1,Mechelen,51.04564,4.46882,2.310457307117061,51.03009913183817,4.49075394655508,2022,4,8,12025,Mechelen,Normaal,Droog,Dag,met lichtgewonden,3,Fiets,8,Voetganger,Buiten Kruispunt,Gewestweg,binnen bebouwde kom,Met een voetganger,Geen hindernis
30952,100,Mechelen teller 2,Mechelen,51.0457,4.46883,2.3149878096549266,51.03009913183817,4.49075394655508,2022,4,8,12025,Mechelen,Normaal,Droog,Dag,met lichtgewonden,3,Fiets,8,Voetganger,Buiten Kruispunt,Gewestweg,binnen bebouwde kom,Met een voetganger,Geen hindernis
30953,109,Zemst,Zemst,50.9903936,4.4707023,1.7693474163525291,51.002602763049275,4.486916202668805,2022,4,16,12025,Mechelen,Normaal,Droog,Dag,met lichtgewonden,9,personenauto,3,Fiets,Op Kruispunt,Gewestweg,binnen bebouwde kom,Tss. 2 best.: langs opzij (voor-/achterkant-flank),Geen hindernis
30954,99,Mechelen teller 1,Mechelen,51.04564,4.46882,0.2682826900962946,51.04337529176292,4.4701434366860875,2022,4,8,12025,Mechelen,Normaal,Droog,Dag,met lichtgewonden,9,personenauto,3,Fiets,Op Kruispunt,Gewestweg,binnen bebouwde kom,Tss. 2 best.: langs opzij (voor-/achterkant-flank),Geen hindernis
30954,100,Mechelen teller 2,Mechelen,51.0457,4.46883,0.27431991242964576,51.04337529176292,4.4701434366860875,2022,4,8,12025,Mechelen,Normaal,Droog,Dag,met lichtgewonden,9,personenauto,3,Fiets,Op Kruispunt,Gewestweg,binnen bebouwde kom,Tss. 2 best.: langs opzij (voor-/achterkant-flank),Geen hindernis
30955,100,Mechelen teller 2,Mechelen,51.0457,4.46883,2.433528377599012,51.067346374051944,4.46369969415166,2022,4,18,12025,Mechelen,Normaal,Droog,Dag,met zwaargewonden,9,personenauto,3,Fiets,Buiten Kruispunt,Gemeenteweg,binnen bebouwde kom,Tussen 2 bestuurders: Flank tegen flank,Geen hindernis
30955,99,Mechelen teller 1,Mechelen,51.04564,4.46882,2.4400248796698256,51.067346374051944,4.46369969415166,2022,4,18,12025,Mechelen,Normaal,Droog,Dag,met zwaargewonden,9,personenauto,3,Fiets,Buiten Kruispunt,Gemeenteweg,binnen bebouwde kom,Tussen 2 bestuurders: Flank tegen flank,Geen hindernis
30956,140,Hasselt ring,Hasselt,50.9300038,5.3438616,0.7403791744930908,50.932431887940155,5.334024465051525,2022,4,15,71022,Hasselt,Normaal,Droog,Dag,met lichtgewonden,3,Fiets,3,Fiets,Op Kruispunt,Gewestweg,binnen bebouwde kom,Tussen 2 bestuurders: Langs achteren,Geen hindernis
30956,138,Hasselt-Kempische brug,Hasselt,50.9405318,5.3422472,1.0692060939392358,50.932431887940155,5.334024465051525,2022,4,15,71022,Hasselt,Normaal,Droog,Dag,met lichtgewonden,3,Fiets,3,Fiets,Op Kruispunt,Gewestweg,binnen bebouwde kom,Tussen 2 bestuurders: Langs achteren,Geen hindernis
30956,137,Hasselt-Kempische brug,Hasselt,50.9411605,5.3417576,1.1116000314961836,50.932431887940155,5.334024465051525,2022,4,15,71022,Hasselt,Normaal,Droog,Dag,met lichtgewonden,3,Fiets,3,Fiets,Op Kruispunt,Gewestweg,binnen bebouwde kom,Tussen 2 bestuurders: Langs achteren,Geen hindernis
30957,140,Hasselt ring,Hasselt,50.9300038,5.3438616,1.6406939079039227,50.92597490235393,5.366381813022861,2022,4,17,71022,Hasselt,Normaal,Droog,Dag,met lichtgewonden,9,personenauto,3,Fiets,Op Kruispunt,Gewestweg,binnen bebouwde kom,Tss. 2 best.: langs opzij (voor-/achterkant-flank),Geen hindernis
30957,138,Hasselt-Kempische brug,Hasselt,50.9405318,5.3422472,2.3410553584203715,50.92597490235393,5.366381813022861,2022,4,17,71022,Hasselt,Normaal,Droog,Dag,met lichtgewonden,9,personenauto,3,Fiets,Op Kruispunt,Gewestweg,binnen bebouwde kom,Tss. 2 best.: langs opzij (voor-/achterkant-flank),Geen hindernis
30957,137,Hasselt-Kempische brug,Hasselt,50.9411605,5.3417576,2.4143189996780445,50.92597490235393,5.366381813022861,2022,4,17,71022,Hasselt,Normaal,Droog,Dag,met lichtgewonden,9,personenauto,3,Fiets,Op Kruispunt,Gewestweg,binnen bebouwde kom,Tss. 2 best.: langs opzij (voor-/achterkant-flank),Geen hindernis
30958,49,Bokrijk,Genk,50.95264,5.41001,2.291691291024048,50.93632235533009,5.429990866754266,2022,4,20,71011,Diepenbeek,Normaal,Droog,Dag,met lichtgewonden,9,personenauto,3,Fiets,Op Kruispunt,Gewestweg,buiten bebouwde kom,Tss. 2 best.: langs opzij (voor-/achterkant-flank),Geen hindernis
30959,140,Hasselt ring,Hasselt,50.9300038,5.3438616,0.8747447626983006,50.92235003824702,5.340976982681297,2022,4,16,71022,Hasselt,Normaal,Droog,Dag,met lichtgewonden,3,Fiets,3,Fiets,Op Kruispunt,Gewestweg,binnen bebouwde kom,Tussen 2 bestuurders: Frontale botsing,Geen hindernis
30959,138,Hasselt-Kempische brug,Hasselt,50.9405318,5.3422472,2.0236784649973605,50.92235003824702,5.340976982681297,2022,4,16,71022,Hasselt,Normaal,Droog,Dag,met lichtgewonden,3,Fiets,3,Fiets,Op Kruispunt,Gewestweg,binnen bebouwde kom,Tussen 2 bestuurders: Frontale botsing,Geen hindernis
30959,137,Hasselt-Kempische brug,Hasselt,50.9411605,5.3417576,2.0923431967046042,50.92235003824702,5.340976982681297,2022,4,16,71022,Hasselt,Normaal,Droog,Dag,met lichtgewonden,3,Fiets,3,Fiets,Op Kruispunt,Gewestweg,binnen bebouwde kom,Tussen 2 bestuurders: Frontale botsing,Geen hindernis
30960,30,Herk De Stad,Herk-de-Stad,50.94374,5.17691,1.9967674099919155,50.94363598824049,5.148410525681096,2022,4,13,71024,Herk-de-Stad,Normaal,Droog,Dag,met lichtgewonden,3,Fiets,3,Fiets,Buiten Kruispunt,Gewestweg,buiten bebouwde kom,Tussen 2 bestuurders: Langs achteren,Geen hindernis
30960,31,Herk De Stad,Herk-de-Stad,50.94366,5.1775,2.0380740743669885,50.94363598824049,5.148410525681096,2022,4,13,71024,Herk-de-Stad,Normaal,Droog,Dag,met lichtgewonden,3,Fiets,3,Fiets,Buiten Kruispunt,Gewestweg,buiten bebouwde kom,Tussen 2 bestuurders: Langs achteren,Geen hindernis
30961,140,Hasselt ring,Hasselt,50.9300038,5.3438616,0.34098949284850116,50.92776115324648,5.340543200153592,2022,4,15,71022,Hasselt,Normaal,Droog,Dag,met lichtgewonden,9,personenauto,3,Fiets,Op Kruispunt,Gewestweg,binnen bebouwde kom,Tss. 2 best.: langs opzij (voor-/achterkant-flank),Geen hindernis
30961,138,Hasselt-Kempische brug,Hasselt,50.9405318,5.3422472,1.425042891131247,50.92776115324648,5.340543200153592,2022,4,15,71022,Hasselt,Normaal,Droog,Dag,met lichtgewonden,9,personenauto,3,Fiets,Op Kruispunt,Gewestweg,binnen bebouwde kom,Tss. 2 best.: langs opzij (voor-/achterkant-flank),Geen hindernis
30961,137,Hasselt-Kempische brug,Hasselt,50.9411605,5.3417576,1.492367722695997,50.92776115324648,5.340543200153592,2022,4,15,71022,Hasselt,Normaal,Droog,Dag,met lichtgewonden,9,personenauto,3,Fiets,Op Kruispunt,Gewestweg,binnen bebouwde kom,Tss. 2 best.: langs opzij (voor-/achterkant-flank),Geen hindernis
30962,138,Hasselt-Kempische brug,Hasselt,50.9405318,5.3422472,0.23686645608007237,50.93845191746184,5.341516853863203,2022,4,17,71022,Hasselt,Normaal,Droog,Dag,met lichtgewonden,9,personenauto,3,Fiets,Buiten Kruispunt,Gewestweg,binnen bebouwde kom,Tss. 2 best.: langs opzij (voor-/achterkant-flank),Geen hindernis
30962,137,Hasselt-Kempische brug,Hasselt,50.9411605,5.3417576,0.30165265689950366,50.93845191746184,5.341516853863203,2022,4,17,71022,Hasselt,Normaal,Droog,Dag,met lichtgewonden,9,personenauto,3,Fiets,Buiten Kruispunt,Gewestweg,binnen bebouwde kom,Tss. 2 best.: langs opzij (voor-/achterkant-flank),Geen hindernis
30962,140,Hasselt ring,Hasselt,50.9300038,5.3438616,0.953649651251166,50.93845191746184,5.341516853863203,2022,4,17,71022,Hasselt,Normaal,Droog,Dag,met lichtgewonden,9,personenauto,3,Fiets,Buiten Kruispunt,Gewestweg,binnen bebouwde kom,Tss. 2 best.: langs opzij (voor-/achterkant-flank),Geen hindernis
30963,49,Bokrijk,Genk,50.95264,5.41001,2.0244110612466626,50.945366714590534,5.383518414502991,2022,4,16,71022,Hasselt,Normaal,Droog,Dag,met lichtgewonden,3,Fiets,9,personenauto,Op Kruispunt,Gewestweg,buiten bebouwde kom,Tss. 2 best.: langs opzij (voor-/achterkant-flank),Geen hindernis
30965,137,Hasselt-Kempische brug,Hasselt,50.9411605,5.3417576,1.6430315407112974,50.935336210013105,5.3202076991401235,2022,4,12,71022,Hasselt,Normaal,Droog,Dag,met lichtgewonden,9,personenauto,3,Fiets,Buiten Kruispunt,Gewestweg,binnen bebouwde kom,Tss. 2 best.: langs opzij (voor-/achterkant-flank),Geen hindernis
30965,138,Hasselt-Kempische brug,Hasselt,50.9405318,5.3422472,1.6488497311434547,50.935336210013105,5.3202076991401235,2022,4,12,71022,Hasselt,Normaal,Droog,Dag,met lichtgewonden,9,personenauto,3,Fiets,Buiten Kruispunt,Gewestweg,binnen bebouwde kom,Tss. 2 best.: langs opzij (voor-/achterkant-flank),Geen hindernis
30965,140,Hasselt ring,Hasselt,50.9300038,5.3438616,1.760491254299483,50.935336210013105,5.3202076991401235,2022,4,12,71022,Hasselt,Normaal,Droog,Dag,met lichtgewonden,9,personenauto,3,Fiets,Buiten Kruispunt,Gewestweg,binnen bebouwde kom,Tss. 2 best.: langs opzij (voor-/achterkant-flank),Geen hindernis
30968,140,Hasselt ring,Hasselt,50.9300038,5.3438616,0.7645966611068411,50.92361902672998,5.347911583965747,2022,4,15,71022,Hasselt,Normaal,"Nat, plassen",Dag,met lichtgewonden,9,personenauto,3,Fiets,Op Kruispunt,Gemeenteweg,binnen bebouwde kom,Tss. 2 best.: langs opzij (voor-/achterkant-flank),Geen hindernis
30968,138,Hasselt-Kempische brug,Hasselt,50.9405318,5.3422472,1.9220527587853833,50.92361902672998,5.347911583965747,2022,4,15,71022,Hasselt,Normaal,"Nat, plassen",Dag,met lichtgewonden,9,personenauto,3,Fiets,Op Kruispunt,Gemeenteweg,binnen bebouwde kom,Tss. 2 best.: langs opzij (voor-/achterkant-flank),Geen hindernis
30968,137,Hasselt-Kempische brug,Hasselt,50.9411605,5.3417576,1.9976310186498123,50.92361902672998,5.347911583965747,2022,4,15,71022,Hasselt,Normaal,"Nat, plassen",Dag,met lichtgewonden,9,personenauto,3,Fiets,Op Kruispunt,Gemeenteweg,binnen bebouwde kom,Tss. 2 best.: langs opzij (voor-/achterkant-flank),Geen hindernis
30970,31,Herk De Stad,Herk-de-Stad,50.94366,5.1775,0.0300005173127875,50.94379608266742,5.1778697418011665,2022,4,8,71024,Herk-de-Stad,Normaal,Droog,Dag,met lichtgewonden,8,Voetganger,3,Fiets,Op Kruispunt,Gewestweg,buiten bebouwde kom,Met een voetganger,Geen hindernis
30970,30,Herk De Stad,Herk-de-Stad,50.94374,5.17691,0.06752999637106614,50.94379608266742,5.1778697418011665,2022,4,8,71024,Herk-de-Stad,Normaal,Droog,Dag,met lichtgewonden,8,Voetganger,3,Fiets,Op Kruispunt,Gewestweg,buiten bebouwde kom,Met een voetganger,Geen hindernis
30972,138,Hasselt-Kempische brug,Hasselt,50.9405318,5.3422472,1.1780738066626555,50.93874818286862,5.35882046557665,2022,4,14,71022,Hasselt,Normaal,Droog,Dag,met zwaargewonden,9,personenauto,3,Fiets,Op Kruispunt,Gemeenteweg,buiten bebouwde kom,Tussen 2 bestuurders: Frontale botsing,Geen hindernis
30972,137,Hasselt-Kempische brug,Hasselt,50.9411605,5.3417576,1.2252784313147536,50.93874818286862,5.35882046557665,2022,4,14,71022,Hasselt,Normaal,Droog,Dag,met zwaargewonden,9,personenauto,3,Fiets,Op Kruispunt,Gemeenteweg,buiten bebouwde kom,Tussen 2 bestuurders: Frontale botsing,Geen hindernis
30972,140,Hasselt ring,Hasselt,50.9300038,5.3438616,1.429781956884738,50.93874818286862,5.35882046557665,2022,4,14,71022,Hasselt,Normaal,Droog,Dag,met zwaargewonden,9,personenauto,3,Fiets,Op Kruispunt,Gemeenteweg,buiten bebouwde kom,Tussen 2 bestuurders: Frontale botsing,Geen hindernis
30973,30,Herk De Stad,Herk-de-Stad,50.94374,5.17691,1.422541131920583,50.93168689765655,5.170105014736625,2022,4,9,71024,Herk-de-Stad,Normaal,Droog,Dag,met lichtgewonden,3,Fiets,6,Bromfiets,Buiten Kruispunt,Gewestweg,buiten bebouwde kom,Tussen 2 bestuurders: Flank tegen flank,Geen hindernis
30973,31,Herk De Stad,Herk-de-Stad,50.94366,5.1775,1.4286335875009484,50.93168689765655,5.170105014736625,2022,4,9,71024,Herk-de-Stad,Normaal,Droog,Dag,met lichtgewonden,3,Fiets,6,Bromfiets,Buiten Kruispunt,Gewestweg,buiten bebouwde kom,Tussen 2 bestuurders: Flank tegen flank,Geen hindernis
30981,139,Houthalen-Helchteren,Houthalen-Helchteren,51.0644267,5.3819796,0.9309186595069121,51.05656274149513,5.386549037521649,2022,4,16,72039,Houthalen-Helchteren,Normaal,Droog,Dag,met lichtgewonden,9,personenauto,3,Fiets,Op Kruispunt,Gewestweg,binnen bebouwde kom,Tss. 2 best.: langs opzij (voor-/achterkant-flank),Geen hindernis
30982,14,Genk,Genk,50.97172,5.48927,1.0827861431402241,50.96621065210001,5.502020237295709,2022,4,18,71016,Genk,Normaal,Droog,Dag,met lichtgewonden,3,Fiets,10,"één bestuurder, geen hindernis",Op Kruispunt,Gewestweg,binnen bebouwde kom,"Eén bestuurder, geen hindernis (incl. val)",Geen hindernis
30985,49,Bokrijk,Genk,50.95264,5.41001,0.6055042539673943,50.95205960315942,5.418604761413993,2022,4,9,71016,Genk,Normaal,"Nat, plassen",Dag,met lichtgewonden,3,Fiets,10,"één bestuurder, geen hindernis",Buiten Kruispunt,Gemeenteweg,buiten bebouwde kom,"Eén bestuurder, geen hindernis (incl. val)",Geen hindernis
30987,14,Genk,Genk,50.97172,5.48927,2.1371521475175035,50.95334655586914,5.480313717657181,2022,4,9,71016,Genk,Normaal,Droog,Dag,met lichtgewonden,9,personenauto,3,Fiets,Op Kruispunt,Gewestweg,buiten bebouwde kom,Tussen 2 bestuurders: Frontale botsing,Geen hindernis
30992,139,Houthalen-Helchteren,Houthalen-Helchteren,51.0644267,5.3819796,0.3614251195065059,51.061290934918446,5.383340875398499,2022,4,11,72039,Houthalen-Helchteren,Normaal,Droog,Dag,met lichtgewonden,3,Fiets,9,personenauto,Buiten Kruispunt,Gewestweg,buiten bebouwde kom,Tss. 2 best.: langs opzij (voor-/achterkant-flank),Geen hindernis
30993,25,Bree,Bree,51.13679500160176,5.597669323604317,0.28160453926218537,51.13708719614941,5.593660122781947,2022,4,2,72004,Bree,Normaal,Droog,"Nacht, openbare verlichting aanwezig en ontstoken",met lichtgewonden,3,Fiets,11,een weggebruiker tegen een hindernis,Buiten Kruispunt,Gewestweg,buiten bebouwde kom,Weggebruiker tegen hindernis buiten rijbaan,Buiten de rijbaan: Andere paal