crash_row_id,site_id,site_name,site_gemeente,site_lat,site_long,distance_km,crash_lat,crash_long,DT_YEAR_COLLISION,DT_MONTH_COLLISION,DT_TIME,CD_NIS,TX_MUNTY_COLLISION_NL,TX_WEATHER_NL,TX_ROAD_CONDITION_NL,TX_LIGHT_CONDITION_NL,TX_CLASS_ACCIDENTS_NL,CD_ROAD_USR_TYPE1,TX_ROAD_USR_TYPE1_NL,CD_ROAD_USR_TYPE2,TX_ROAD_USR_TYPE2_NL,TX_CROSSWAY_NL,CD_ROAD_TYPE_NL,TX_BUILD_UP_AREA_NL,TX_COLLISION_TYPE_NL,TX_OBSTACLES_NL
30994,25,Bree,Bree,51.13679500160176,5.597669323604317,1.3506953585236063,51.14000976088256,5.616338761650408,2022,4,8,72004,Bree,Onbekend,Onbekend,Dag,met lichtgewonden,3,Fiets,9,personenauto,Op Kruispunt,Gewestweg,buiten bebouwde kom,Tss. 2 best.: langs opzij (voor-/achterkant-flank),Geen hindernis
30996,25,Bree,Bree,51.13679500160176,5.597669323604317,0.6115410036509715,51.14191927186937,5.600852464306958,2022,4,1,72004,Bree,Sneeuwval,"Nat, plassen","Nacht, openbare verlichting aanwezig en ontstoken",met lichtgewonden,3,Fiets,11,een weggebruiker tegen een hindernis,Op Kruispunt,Gewestweg,binnen bebouwde kom,Weggebruiker tegen hindernis buiten rijbaan,"Buiten de rijbaan: Verkeerseiland, middenberm"
30998,14,Genk,Genk,50.97172,5.48927,1.8006451203467326,50.98285057918152,5.470589279993592,2022,4,22,71016,Genk,Normaal,Droog,"Nacht, openbare verlichting aanwezig en ontstoken",met lichtgewonden,9,personenauto,3,Fiets,Op Kruispunt,Gemeenteweg,buiten bebouwde kom,Tss. 2 best.: langs opzij (voor-/achterkant-flank),Geen hindernis
30999,139,Houthalen-Helchteren,Houthalen-Helchteren,51.0644267,5.3819796,0.6197617142591325,51.05888961988856,5.382993850100207,2022,4,11,72039,Houthalen-Helchteren,Normaal,Droog,Dag,met lichtgewonden,3,Fiets,3,Fiets,Buiten Kruispunt,Gewestweg,binnen bebouwde kom,Tss. 2 best.: langs opzij (voor-/achterkant-flank),Geen hindernis
31002,14,Genk,Genk,50.97172,5.48927,1.1805572407703695,50.963535457748385,5.500008543642567,2022,4,18,71016,Genk,Normaal,Droog,Dag,met lichtgewonden,3,Fiets,10,"één bestuurder, geen hindernis",Buiten Kruispunt,Gewestweg,binnen bebouwde kom,"Eén bestuurder, geen hindernis (incl. val)",Geen hindernis
31005,14,Genk,Genk,50.97172,5.48927,1.725110583905797,50.977133714473126,5.512360108545624,2022,4,8,71016,Genk,Normaal,Droog,Dag,met lichtgewonden,9,personenauto,3,Fiets,Op Kruispunt,Gemeenteweg,buiten bebouwde kom,Tss. 2 best.: langs opzij (voor-/achterkant-flank),Geen hindernis
31007,22,Tienen 2,Tienen,50.81330800184882,4.935984252796022,0.30481678231132975,50.81535457463918,4.938870732108641,2022,4,15,24107,Tienen,Normaal,Droog,Dag,met lichtgewonden,3,Fiets,9,personenauto,Buiten Kruispunt,Gemeenteweg,binnen bebouwde kom,Tss. 2 best.: langs opzij (voor-/achterkant-flank),Geen hindernis
31007,24,Tienen 1,Tienen,50.8133795491886,4.935044252605416,0.34713510162490835,50.81535457463918,4.938870732108641,2022,4,15,24107,Tienen,Normaal,Droog,Dag,met lichtgewonden,3,Fiets,9,personenauto,Buiten Kruispunt,Gemeenteweg,binnen bebouwde kom,Tss. 2 best.: langs opzij (voor-/achterkant-flank),Geen hindernis
31007,23,Tienen 3,Tienen,50.81324,4.93447,0.38843225316482316,50.81535457463918,4.938870732108641,2022,4,15,24107,Tienen,Normaal,Droog,Dag,met lichtgewonden,3,Fiets,9,personenauto,Buiten Kruispunt,Gemeenteweg,binnen bebouwde kom,Tss. 2 best.: langs opzij (voor-/achterkant-flank),Geen hindernis
31015,131,Nevele,Deinze,51.0276612,3.558569,2.442524153122854,51.0113299007597,3.581921682538218,2022,4,14,44083,Deinze,Normaal,Droog,Dag,met lichtgewonden,3,Fiets,9,personenauto,Buiten Kruispunt,Gewestweg,binnen bebouwde kom,Tussen 2 bestuurders: Flank tegen flank,Geen hindernis
31019,27,Grimbergen,Meise,50.92127,4.34013,1.5155905556157587,50.91288393817099,4.357173291225035,2022,5,8,23025,Grimbergen,Normaal,Droog+Proper,Dag,met lichtgewonden,9,personenauto,3,Fiets,Buiten Kruispunt,Gemeenteweg,binnen bebouwde kom,Tussen 2 bestuurders: Flank tegen flank,Geen hindernis
31117,2,Brasschaat 2,Brasschaat,51.27512,4.47169,2.4824264449707782,51.25421490278037,4.4591689908689,2022,5,20,11002,Antwerpen,Normaal,Droog,Dag,met lichtgewonden,9,personenauto,3,Fiets,Op Kruispunt,Gewestweg,binnen bebouwde kom,Tss. 2 best.: langs opzij (voor-/achterkant-flank),Geen hindernis
31117,3,Brasschaat 1,Brasschaat,51.27503,4.47222,2.486287967766361,51.25421490278037,4.4591689908689,2022,5,20,11002,Antwerpen,Normaal,Droog,Dag,met lichtgewonden,9,personenauto,3,Fiets,Op Kruispunt,Gewestweg,binnen bebouwde kom,Tss. 2 best.: langs opzij (voor-/achterkant-flank),Geen hindernis
31180,3,Brasschaat 1,Brasschaat,51.27503,4.47222,1.0683151840837004,51.282983310927364,4.480836492889015,2022,5,12,11008,Brasschaat,Normaal,Droog,Dag,met lichtgewonden,3,Fiets,9,personenauto,Buiten Kruispunt,Gewestweg,buiten bebouwde kom,Tss. 2 best.: langs opzij (voor-/achterkant-flank),Geen hindernis
31180,2,Brasschaat 2,Brasschaat,51.27512,4.47169,1.081315219252948,51.282983310927364,4.480836492889015,2022,5,12,11008,Brasschaat,Normaal,Droog,Dag,met lichtgewonden,3,Fiets,9,personenauto,Buiten Kruispunt,Gewestweg,buiten bebouwde kom,Tss. 2 best.: langs opzij (voor-/achterkant-flank),Geen hindernis
31181,3,Brasschaat 1,Brasschaat,51.27503,4.47222,0.13807748683219456,51.27621188561297,4.4728289455224886,2022,5,17,11008,Brasschaat,Normaal,Droog,Dag,met lichtgewonden,9,personenauto,3,Fiets,Op Kruispunt,Gewestweg,buiten bebouwde kom,Tss. 2 best.: langs opzij (voor-/achterkant-flank),Geen hindernis
31181,2,Brasschaat 2,Brasschaat,51.27512,4.47169,0.14497460420888442,51.27621188561297,4.4728289455224886,2022,5,17,11008,Brasschaat,Normaal,Droog,Dag,met lichtgewonden,9,personenauto,3,Fiets,Op Kruispunt,Gewestweg,buiten bebouwde kom,Tss. 2 best.: langs opzij (voor-/achterkant-flank),Geen hindernis
31184,2,Brasschaat 2,Brasschaat,51.27512,4.47169,0.5236660381981418,51.27389729360134,4.464420143718085,2022,5,16,11008,Brasschaat,Normaal,Droog,Dag,met lichtgewonden,3,Fiets,3,Fiets,Op Kruispunt,Gemeenteweg,binnen bebouwde kom,Tss. 2 best.: langs opzij (voor-/achterkant-flank),Geen hindernis
31184,3,Brasschaat 1,Brasschaat,51.27503,4.47222,0.5570043954648091,51.27389729360134,4.464420143718085,2022,5,16,11008,Brasschaat,Normaal,Droog,Dag,met lichtgewonden,3,Fiets,3,Fiets,Op Kruispunt,Gemeenteweg,binnen bebouwde kom,Tss. 2 best.: langs opzij (voor-/achterkant-flank),Geen hindernis
31187,3,Brasschaat 1,Brasschaat,51.27503,4.47222,1.6643002716639173,51.260372756047055,4.4770647473684875,2022,5,14,11040,Schoten,Onbekend,Droog,Dag,met zwaargewonden,3,Fiets,11,een weggebruiker tegen een hindernis,Buiten Kruispunt,Gemeenteweg,binnen bebouwde kom,Weggebruiker tegen hindernis op de rijbaan,"Op de rijbaan: Put, straatgoot, tramspoor"
31187,2,Brasschaat 2,Brasschaat,51.27512,4.47169,1.6819135227843214,51.260372756047055,4.4770647473684875,2022,5,14,11040,Schoten,Onbekend,Droog,Dag,met zwaargewonden,3,Fiets,11,een weggebruiker tegen een hindernis,Buiten Kruispunt,Gemeenteweg,binnen bebouwde kom,Weggebruiker tegen hindernis op de rijbaan,"Op de rijbaan: Put, straatgoot, tramspoor"
31196,90,Brecht teller 1,Brecht,51.35752,4.6243,2.030826714941839,51.352227305728164,4.6522905459393264,2022,5,14,11009,Brecht,Normaal,Droog,Dag,met zwaargewonden,9,personenauto,3,Fiets,Buiten Kruispunt,Gewestweg,buiten bebouwde kom,Tss. 2 best.: langs opzij (voor-/achterkant-flank),Geen hindernis
31196,91,Brecht teller 2,Brecht,51.35739,4.62422,2.032015872137881,51.352227305728164,4.6522905459393264,2022,5,14,11009,Brecht,Normaal,Droog,Dag,met zwaargewonden,9,personenauto,3,Fiets,Buiten Kruispunt,Gewestweg,buiten bebouwde kom,Tss. 2 best.: langs opzij (voor-/achterkant-flank),Geen hindernis
31216,96,Lier teller 2,Lier,51.11705,4.58444,1.4796140855249702,51.12761034165527,4.571541623031841,2022,5,14,12021,Lier,Normaal,Droog,Dag,met zwaargewonden,8,Voetganger,3,Fiets,Buiten Kruispunt,Gemeenteweg,binnen bebouwde kom,Met een voetganger,Geen hindernis
31216,95,Lier teller 1,Lier,51.11687,4.58437,1.492613546661714,51.12761034165527,4.571541623031841,2022,5,14,12021,Lier,Normaal,Droog,Dag,met zwaargewonden,8,Voetganger,3,Fiets,Buiten Kruispunt,Gemeenteweg,binnen bebouwde kom,Met een voetganger,Geen hindernis
31217,96,Lier teller 2,Lier,51.11705,4.58444,2.221556340803488,51.128822250700395,4.5587215178638845,2022,5,13,12021,Lier,Normaal,Droog,Dag,met lichtgewonden,3,Fiets,9,personenauto,Op Kruispunt,Gewestweg,binnen bebouwde kom,Tss. 2 best.: langs opzij (voor-/achterkant-flank),Geen hindernis
31217,95,Lier teller 1,Lier,51.11687,4.58437,2.2294868460521573,51.128822250700395,4.5587215178638845,2022,5,13,12021,Lier,Normaal,Droog,Dag,met lichtgewonden,3,Fiets,9,personenauto,Op Kruispunt,Gewestweg,binnen bebouwde kom,Tss. 2 best.: langs opzij (voor-/achterkant-flank),Geen hindernis
31218,96,Lier teller 2,Lier,51.11705,4.58444,1.4796140855249702,51.12761034165527,4.571541623031841,2022,5,15,12021,Lier,Regenval,"Nat, plassen",Dag,met lichtgewonden,6,Bromfiets,3,Fiets,Buiten Kruispunt,Gemeenteweg,binnen bebouwde kom,Tussen 2 bestuurders: Frontale botsing,Geen hindernis
31218,95,Lier teller 1,Lier,51.11687,4.58437,1.492613546661714,51.12761034165527,4.571541623031841,2022,5,15,12021,Lier,Regenval,"Nat, plassen",Dag,met lichtgewonden,6,Bromfiets,3,Fiets,Buiten Kruispunt,Gemeenteweg,binnen bebouwde kom,Tussen 2 bestuurders: Frontale botsing,Geen hindernis
31220,95,Lier teller 1,Lier,51.11687,4.58437,2.090340485552294,51.12113263268408,4.555201466209592,2022,5,16,12021,Lier,Normaal,Droog,Dag,met lichtgewonden,3,Fiets,8,Voetganger,Buiten Kruispunt,Gemeenteweg,buiten bebouwde kom,Met een voetganger,Geen hindernis
31220,96,Lier teller 2,Lier,51.11705,4.58444,2.0906582787636543,51.12113263268408,4.555201466209592,2022,5,16,12021,Lier,Normaal,Droog,Dag,met lichtgewonden,3,Fiets,8,Voetganger,Buiten Kruispunt,Gemeenteweg,buiten bebouwde kom,Met een voetganger,Geen hindernis
31221,96,Lier teller 2,Lier,51.11705,4.58444,1.9744646517439948,51.13462107772517,4.588521167921283,2022,5,15,12021,Lier,Normaal,Droog,Dag,met lichtgewonden,3,Fiets,3,Fiets,Buiten Kruispunt,Gemeenteweg,binnen bebouwde kom,Tussen 2 bestuurders: Frontale botsing,Geen hindernis
31221,95,Lier teller 1,Lier,51.11687,4.58437,1.994976112300233,51.13462107772517,4.588521167921283,2022,5,15,12021,Lier,Normaal,Droog,Dag,met lichtgewonden,3,Fiets,3,Fiets,Buiten Kruispunt,Gemeenteweg,binnen bebouwde kom,Tussen 2 bestuurders: Frontale botsing,Geen hindernis
31224,93,Nijlen teller 2,Nijlen,51.14998,4.64469,1.9889582467631883,51.1644943000266,4.661358001859683,2022,5,7,12026,Nijlen,Normaal,Droog,Dag,met lichtgewonden,9,personenauto,3,Fiets,Buiten Kruispunt,Gewestweg,buiten bebouwde kom,Tss. 2 best.: langs opzij (voor-/achterkant-flank),Geen hindernis
31224,92,Nijlen teller 1,Nijlen,51.14989,4.64479,1.9930367624840915,51.1644943000266,4.661358001859683,2022,5,7,12026,Nijlen,Normaal,Droog,Dag,met lichtgewonden,9,personenauto,3,Fiets,Buiten Kruispunt,Gewestweg,buiten bebouwde kom,Tss. 2 best.: langs opzij (voor-/achterkant-flank),Geen hindernis
31225,92,Nijlen teller 1,Nijlen,51.14989,4.64479,1.1545471849781324,51.141341606143165,4.6353955910404085,2022,5,21,12026,Nijlen,Normaal,Droog,"Nacht, openbare verlichting aanwezig en ontstoken",met lichtgewonden,3,Fiets,5,Lichte vrachtauto,Buiten Kruispunt,Gemeenteweg,binnen bebouwde kom,Tussen 2 bestuurders: Langs achteren,Geen hindernis
31225,93,Nijlen teller 2,Nijlen,51.14998,4.64469,1.1588828593850125,51.141341606143165,4.6353955910404085,2022,5,21,12026,Nijlen,Normaal,Droog,"Nacht, openbare verlichting aanwezig en ontstoken",met lichtgewonden,3,Fiets,5,Lichte vrachtauto,Buiten Kruispunt,Gemeenteweg,binnen bebouwde kom,Tussen 2 bestuurders: Langs achteren,Geen hindernis
31226,9,Heist op den Berg 2,Heist-op-den-Berg,51.06904,4.69524,1.2795904394280884,51.075418420070804,4.710483608950404,2022,5,17,12014,Heist-op-den-Berg,Normaal,Droog,Dag,met lichtgewonden,3,Fiets,11,een weggebruiker tegen een hindernis,Buiten Kruispunt,Gemeenteweg,binnen bebouwde kom,Weggebruiker tegen hindernis buiten rijbaan,Andere hindernis
31226,8,Heist op den Berg 1,Heist-op-den-Berg,51.06759,4.68823,1.7819312667707417,51.075418420070804,4.710483608950404,2022,5,17,12014,Heist-op-den-Berg,Normaal,Droog,Dag,met lichtgewonden,3,Fiets,11,een weggebruiker tegen een hindernis,Buiten Kruispunt,Gemeenteweg,binnen bebouwde kom,Weggebruiker tegen hindernis buiten rijbaan,Andere hindernis
31228,9,Heist op den Berg 2,Heist-op-den-Berg,51.06904,4.69524,1.7200980996538942,51.07744054932335,4.715913185065433,2022,5,16,12014,Heist-op-den-Berg,Normaal,Droog,Dag,met zwaargewonden,9,personenauto,3,Fiets,Op Kruispunt,Gemeenteweg,binnen bebouwde kom,Tss. 2 best.: langs opzij (voor-/achterkant-flank),Geen hindernis
31228,8,Heist op den Berg 1,Heist-op-den-Berg,51.06759,4.68823,2.2227772283503073,51.07744054932335,4.715913185065433,2022,5,16,12014,Heist-op-den-Berg,Normaal,Droog,Dag,met zwaargewonden,9,personenauto,3,Fiets,Op Kruispunt,Gemeenteweg,binnen bebouwde kom,Tss. 2 best.: langs opzij (voor-/achterkant-flank),Geen hindernis
31229,8,Heist op den Berg 1,Heist-op-den-Berg,51.06759,4.68823,1.6102325756935614,51.053962875286814,4.696025702664223,2022,5,7,12014,Heist-op-den-Berg,Normaal,Droog,Dag,met lichtgewonden,9,personenauto,3,Fiets,Buiten Kruispunt,Gemeenteweg,buiten bebouwde kom,Tussen 2 bestuurders: Flank tegen flank,Geen hindernis
31229,9,Heist op den Berg 2,Heist-op-den-Berg,51.06904,4.69524,1.6773987097787342,51.053962875286814,4.696025702664223,2022,5,7,12014,Heist-op-den-Berg,Normaal,Droog,Dag,met lichtgewonden,9,personenauto,3,Fiets,Buiten Kruispunt,Gemeenteweg,buiten bebouwde kom,Tussen 2 bestuurders: Flank tegen flank,Geen hindernis
31231,9,Heist op den Berg 2,Heist-op-den-Berg,51.06904,4.69524,0.17903165874064497,51.06841376421923,4.697600472649721,2022,5,12,12014,Heist-op-den-Berg,Normaal,Droog,Dag,met lichtgewonden,3,Fiets,5,Lichte vrachtauto,Buiten Kruispunt,Gewestweg,buiten bebouwde kom,Tss. 2 best.: langs opzij (voor-/achterkant-flank),Geen hindernis
31231,8,Heist op den Berg 1,Heist-op-den-Berg,51.06759,4.68823,0.6611343522563925,51.06841376421923,4.697600472649721,2022,5,12,12014,Heist-op-den-Berg,Normaal,Droog,Dag,met lichtgewonden,3,Fiets,5,Lichte vrachtauto,Buiten Kruispunt,Gewestweg,buiten bebouwde kom,Tss. 2 best.: langs opzij (voor-/achterkant-flank),Geen hindernis
31242,88,Westerlo teller 1,Westerlo,51.082,4.91325,1.8570680100837507,51.098481994536264,4.908957865318015,2022,5,14,13049,Westerlo,Normaal,Droog,Dag,met lichtgewonden,9,personenauto,3,Fiets,Op Kruispunt,Gemeenteweg,buiten bebouwde kom,Tss. 2 best.: langs opzij (voor-/achterkant-flank),Geen hindernis
31242,89,Westerlo teller 2,Westerlo,51.08191,4.91334,1.8679646302087598,51.098481994536264,4.908957865318015,2022,5,14,13049,Westerlo,Normaal,Droog,Dag,met lichtgewonden,9,personenauto,3,Fiets,Op Kruispunt,Gemeenteweg,buiten bebouwde kom,Tss. 2 best.: langs opzij (voor-/achterkant-flank),Geen hindernis
31243,112,Geel teller 2,Westerlo,51.1354992,4.9394789,2.223933140967694,51.13787479170381,4.9078297422040755,2022,5,8,13049,Westerlo,Normaal,Droog,Dag,met lichtgewonden,3,Fiets,9,personenauto,Op Kruispunt,Gemeenteweg,binnen bebouwde kom,Tss. 2 best.: langs opzij (voor-/achterkant-flank),Geen hindernis
31243,127,Geel totem,Westerlo,51.1342966,4.9400421,2.2824601710278967,51.13787479170381,4.9078297422040755,2022,5,8,13049,Westerlo,Normaal,Droog,Dag,met lichtgewonden,3,Fiets,9,personenauto,Op Kruispunt,Gemeenteweg,binnen bebouwde kom,Tss. 2 best.: langs opzij (voor-/achterkant-flank),Geen hindernis
31245,112,Geel teller 2,Westerlo,51.1354992,4.9394789,2.4627372342598,51.13429162213076,4.904235278834167,2022,5,13,13049,Westerlo,Normaal,Droog,Dag,met lichtgewonden,9,personenauto,3,Fiets,Op Kruispunt,Gemeenteweg,buiten bebouwde kom,Tussen 2 bestuurders: Flank tegen flank,Geen hindernis
31245,127,Geel totem,Westerlo,51.1342966,4.9400421,2.4984029909384415,51.13429162213076,4.904235278834167,2022,5,13,13049,Westerlo,Normaal,Droog,Dag,met lichtgewonden,9,personenauto,3,Fiets,Op Kruispunt,Gemeenteweg,buiten bebouwde kom,Tussen 2 bestuurders: Flank tegen flank,Geen hindernis
31246,98,Geel teller 2,Geel,51.1481,4.99643,2.470315515470636,51.168726703852315,4.9832726760243755,2022,5,8,13008,Geel,Normaal,Droog,Dag,met zwaargewonden,3,Fiets,9,personenauto,Buiten Kruispunt,Gemeenteweg,binnen bebouwde kom,Tss. 2 best.: langs opzij (voor-/achterkant-flank),Geen hindernis
31246,97,Geel teller 1,Geel,51.14813,4.99698,2.4817386126667076,51.168726703852315,4.9832726760243755,2022,5,8,13008,Geel,Normaal,Droog,Dag,met zwaargewonden,3,Fiets,9,personenauto,Buiten Kruispunt,Gemeenteweg,binnen bebouwde kom,Tss. 2 best.: langs opzij (voor-/achterkant-flank),Geen hindernis
31249,97,Geel teller 1,Geel,51.14813,4.99698,1.1298158577026165,51.1414160986166,5.009136537369849,2022,5,17,13008,Geel,Normaal,Droog,Dag,met lichtgewonden,5,Lichte vrachtauto,3,Fiets,Op Kruispunt,Gewestweg,buiten bebouwde kom,Tss. 2 best.: langs opzij (voor-/achterkant-flank),Geen hindernis
31249,98,Geel teller 2,Geel,51.1481,4.99643,1.1567452162829412,51.1414160986166,5.009136537369849,2022,5,17,13008,Geel,Normaal,Droog,Dag,met lichtgewonden,5,Lichte vrachtauto,3,Fiets,Op Kruispunt,Gewestweg,buiten bebouwde kom,Tss. 2 best.: langs opzij (voor-/achterkant-flank),Geen hindernis
31250,98,Geel teller 2,Geel,51.1481,4.99643,2.1781628239834316,51.16406344529256,4.978329327979414,2022,5,17,13008,Geel,Normaal,Droog,Dag,met lichtgewonden,3,Fiets,3,Fiets,Op Kruispunt,Gemeenteweg,binnen bebouwde kom,Tussen 2 bestuurders: Flank tegen flank,Geen hindernis
31250,97,Geel teller 1,Geel,51.14813,4.99698,2.1979252927589585,51.16406344529256,4.978329327979414,2022,5,17,13008,Geel,Normaal,Droog,Dag,met lichtgewonden,3,Fiets,3,Fiets,Op Kruispunt,Gemeenteweg,binnen bebouwde kom,Tussen 2 bestuurders: Flank tegen flank,Geen hindernis
31251,134,Retie,Dessel,51.2548405,5.1037658,1.8235276190761227,51.266267952913964,5.084969489112526,2022,5,20,13036,Retie,Normaal,Droog,Dageraad - schemering,met zwaargewonden,3,Fiets,9,personenauto,Buiten Kruispunt,Gewestweg,binnen bebouwde kom,Tss. 2 best.: langs opzij (voor-/achterkant-flank),Geen hindernis
31251,135,Retie 2,Dessel,51.2544998,5.1040064,1.8620021231893227,51.266267952913964,5.084969489112526,2022,5,20,13036,Retie,Normaal,Droog,Dageraad - schemering,met zwaargewonden,3,Fiets,9,personenauto,Buiten Kruispunt,Gewestweg,binnen bebouwde kom,Tss. 2 best.: langs opzij (voor-/achterkant-flank),Geen hindernis
31260,94,Herentals teller 2,Herentals,51.17345,4.81283,1.9839918171657789,51.156717410285935,4.80295136459451,2022,5,16,13011,Herentals,Normaal,Droog,Dag,met lichtgewonden,3,Fiets,11,een weggebruiker tegen een hindernis,Buiten Kruispunt,Gemeenteweg,buiten bebouwde kom,Weggebruiker tegen hindernis op de rijbaan,"Op de rijbaan: Put, straatgoot, tramspoor"
31260,110,Herentals totem,Herentals,51.1739426,4.811783,2.011914535265382,51.156717410285935,4.80295136459451,2022,5,16,13011,Herentals,Normaal,Droog,Dag,met lichtgewonden,3,Fiets,11,een weggebruiker tegen een hindernis,Buiten Kruispunt,Gemeenteweg,buiten bebouwde kom,Weggebruiker tegen hindernis op de rijbaan,"Op de rijbaan: Put, straatgoot, tramspoor"
31261,94,Herentals teller 2,Herentals,51.17345,4.81283,2.429409734789718,51.17006089838365,4.847254502201385,2022,5,21,13011,Herentals,Normaal,Droog,"Nacht, geen openbare verlichting aanwezig",met lichtgewonden,6,Bromfiets,3,Fiets,Buiten Kruispunt,Gewestweg,buiten bebouwde kom,Tss. 2 best.: langs opzij (voor-/achterkant-flank),Geen hindernis
31262,94,Herentals teller 2,Herentals,51.17345,4.81283,1.8478029373539353,51.160448880747175,4.829335471157883,2022,5,11,13011,Herentals,Normaal,Droog,Dag,met zwaargewonden,3,Fiets,3,Fiets,Buiten Kruispunt,Gemeenteweg,buiten bebouwde kom,Tussen 2 bestuurders: Langs achteren,Geen hindernis
31262,110,Herentals totem,Herentals,51.1739426,4.811783,1.9362563734673905,51.160448880747175,4.829335471157883,2022,5,11,13011,Herentals,Normaal,Droog,Dag,met zwaargewonden,3,Fiets,3,Fiets,Buiten Kruispunt,Gemeenteweg,buiten bebouwde kom,Tussen 2 bestuurders: Langs achteren,Geen hindernis
31264,94,Herentals teller 2,Herentals,51.17345,4.81283,1.3639266355809598,51.16624719796672,4.828664692657735,2022,5,13,13011,Herentals,Normaal,Droog,Dag,met lichtgewonden,3,Fiets,3,Fiets,Op Kruispunt,Gemeenteweg,buiten bebouwde kom,Tussen 2 bestuurders: Langs achteren,Geen hindernis
31264,110,Herentals totem,Herentals,51.1739426,4.811783,1.4551733165013772,51.16624719796672,4.828664692657735,2022,5,13,13011,Herentals,Normaal,Droog,Dag,met lichtgewonden,3,Fiets,3,Fiets,Op Kruispunt,Gemeenteweg,buiten bebouwde kom,Tussen 2 bestuurders: Langs achteren,Geen hindernis
31265,94,Herentals teller 2,Herentals,51.17345,4.81283,1.5622727531536686,51.1828625561274,4.829468725774547,2022,5,16,13011,Herentals,Normaal,Droog,Dag,met lichtgewonden,3,Fiets,3,Fiets,Buiten Kruispunt,Gemeenteweg,buiten bebouwde kom,Tss. 2 best.: langs opzij (voor-/achterkant-flank),Geen hindernis
31265,110,Herentals totem,Herentals,51.1739426,4.811783,1.5822934214668922,51.1828625561274,4.829468725774547,2022,5,16,13011,Herentals,Normaal,Droog,Dag,met lichtgewonden,3,Fiets,3,Fiets,Buiten Kruispunt,Gemeenteweg,buiten bebouwde kom,Tss. 2 best.: langs opzij (voor-/achterkant-flank),Geen hindernis
31266,94,Herentals teller 2,Herentals,51.17345,4.81283,1.5642133969270349,51.18123006149524,4.831524906556982,2022,5,10,13011,Herentals,Normaal,Droog,Dag,met lichtgewonden,9,personenauto,3,Fiets,Buiten Kruispunt,Gemeenteweg,binnen bebouwde kom,Tss. 2 best.: langs opzij (voor-/achterkant-flank),Geen hindernis
31266,110,Herentals totem,Herentals,51.1739426,4.811783,1.597038150833309,51.18123006149524,4.831524906556982,2022,5,10,13011,Herentals,Normaal,Droog,Dag,met lichtgewonden,9,personenauto,3,Fiets,Buiten Kruispunt,Gemeenteweg,binnen bebouwde kom,Tss. 2 best.: langs opzij (voor-/achterkant-flank),Geen hindernis
31269,38,Lommel teller 2,Lommel,51.23277,5.29189,1.9394387894690996,51.21977311970066,5.310463732641149,2022,5,13,72020,Lommel,Normaal,Droog,Dag,met lichtgewonden,9,personenauto,3,Fiets,Buiten Kruispunt,Gemeenteweg,buiten bebouwde kom,Tss. 2 best.: langs opzij (voor-/achterkant-flank),Geen hindernis
31269,37,Lommel teller 1,Lommel,51.23299,5.29211,1.9476462985387193,51.21977311970066,5.310463732641149,2022,5,13,72020,Lommel,Normaal,Droog,Dag,met lichtgewonden,9,personenauto,3,Fiets,Buiten Kruispunt,Gemeenteweg,buiten bebouwde kom,Tss. 2 best.: langs opzij (voor-/achterkant-flank),Geen hindernis
31270,38,Lommel teller 2,Lommel,51.23277,5.29189,1.1135364121883276,51.22994790841249,5.2765454508038205,2022,5,17,72020,Lommel,Normaal,Droog,Dag,met lichtgewonden,9,personenauto,3,Fiets,Op Kruispunt,Gemeenteweg,buiten bebouwde kom,Tussen 2 bestuurders: Frontale botsing,Geen hindernis
31270,37,Lommel teller 1,Lommel,51.23299,5.29211,1.1352866244106783,51.22994790841249,5.2765454508038205,2022,5,17,72020,Lommel,Normaal,Droog,Dag,met lichtgewonden,9,personenauto,3,Fiets,Op Kruispunt,Gemeenteweg,buiten bebouwde kom,Tussen 2 bestuurders: Frontale botsing,Geen hindernis
31271,37,Lommel teller 1,Lommel,51.23299,5.29211,1.6146902537078165,51.24273366508777,5.309307218211992,2022,5,19,72020,Lommel,Normaal,Droog,Dag,met lichtgewonden,9,personenauto,3,Fiets,Buiten Kruispunt,Gewestweg,buiten bebouwde kom,Tss. 2 best.: langs opzij (voor-/achterkant-flank),Geen hindernis
31271,38,Lommel teller 2,Lommel,51.23277,5.29189,1.6424818423711292,51.24273366508777,5.309307218211992,2022,5,19,72020,Lommel,Normaal,Droog,Dag,met lichtgewonden,9,personenauto,3,Fiets,Buiten Kruispunt,Gewestweg,buiten bebouwde kom,Tss. 2 best.: langs opzij (voor-/achterkant-flank),Geen hindernis
31273,45,Pelt teller 1,Pelt,51.23127,5.44377,0.6653318190535261,51.235551859965796,5.45044481186217,2022,5,8,72043,Pelt,Normaal,Droog,Dag,met lichtgewonden,9,personenauto,3,Fiets,Op Kruispunt,Gewestweg,buiten bebouwde kom,Tss. 2 best.: langs opzij (voor-/achterkant-flank),Geen hindernis
31273,46,Pelt teller 2,Pelt,51.231,5.44375,0.6880800003088215,51.235551859965796,5.45044481186217,2022,5,8,72043,Pelt,Normaal,Droog,Dag,met lichtgewonden,9,personenauto,3,Fiets,Op Kruispunt,Gewestweg,buiten bebouwde kom,Tss. 2 best.: langs opzij (voor-/achterkant-flank),Geen hindernis
31275,45,Pelt teller 1,Pelt,51.23127,5.44377,1.1026262139079277,51.23545518964587,5.4294129280327965,2022,5,15,72043,Pelt,Normaal,Droog,Dag,dodelijk gewonden,3,Fiets,1,Autobus,Buiten Kruispunt,Gemeenteweg,binnen bebouwde kom,Tss. 2 best.: langs opzij (voor-/achterkant-flank),Geen hindernis