crash_row_id,site_id,site_name,site_gemeente,site_lat,site_long,distance_km,crash_lat,crash_long,DT_YEAR_COLLISION,DT_MONTH_COLLISION,DT_TIME,CD_NIS,TX_MUNTY_COLLISION_NL,TX_WEATHER_NL,TX_ROAD_CONDITION_NL,TX_LIGHT_CONDITION_NL,TX_CLASS_ACCIDENTS_NL,CD_ROAD_USR_TYPE1,TX_ROAD_USR_TYPE1_NL,CD_ROAD_USR_TYPE2,TX_ROAD_USR_TYPE2_NL,TX_CROSSWAY_NL,CD_ROAD_TYPE_NL,TX_BUILD_UP_AREA_NL,TX_COLLISION_TYPE_NL,TX_OBSTACLES_NL
31275,46,Pelt teller 2,Pelt,51.231,5.44375,1.1143846703589615,51.23545518964587,5.4294129280327965,2022,5,15,72043,Pelt,Normaal,Droog,Dag,dodelijk gewonden,3,Fiets,1,Autobus,Buiten Kruispunt,Gemeenteweg,binnen bebouwde kom,Tss. 2 best.: langs opzij (voor-/achterkant-flank),Geen hindernis
31276,46,Pelt teller 2,Pelt,51.231,5.44375,0.5072833787778445,51.22689454080135,5.446927022519907,2022,5,18,72043,Pelt,Normaal,Droog,Dag,met lichtgewonden,9,personenauto,3,Fiets,Buiten Kruispunt,Gemeenteweg,buiten bebouwde kom,Tss. 2 best.: langs opzij (voor-/achterkant-flank),Geen hindernis
31276,45,Pelt teller 1,Pelt,51.23127,5.44377,0.5338860561597597,51.22689454080135,5.446927022519907,2022,5,18,72043,Pelt,Normaal,Droog,Dag,met lichtgewonden,9,personenauto,3,Fiets,Buiten Kruispunt,Gemeenteweg,buiten bebouwde kom,Tss. 2 best.: langs opzij (voor-/achterkant-flank),Geen hindernis
31289,28,Heers,Heers,50.75488,5.30314,2.0559902192064046,50.76676708148791,5.280750803531028,2022,5,9,73022,Heers,Normaal,Droog,Dag,met lichtgewonden,9,personenauto,3,Fiets,Buiten Kruispunt,Gemeenteweg,binnen bebouwde kom,Tussen 2 bestuurders: Langs achteren,Geen hindernis
31289,34,Heers teller 1,Heers,50.75486,5.3033,2.066047659349249,50.76676708148791,5.280750803531028,2022,5,9,73022,Heers,Normaal,Droog,Dag,met lichtgewonden,9,personenauto,3,Fiets,Buiten Kruispunt,Gemeenteweg,binnen bebouwde kom,Tussen 2 bestuurders: Langs achteren,Geen hindernis
31294,21,Bilzen,Bilzen,50.86015,5.50161,0.45694893635780387,50.864257539043955,5.501411964870711,2022,5,19,73006,Bilzen,Normaal,Droog,Dag,met zwaargewonden,9,personenauto,3,Fiets,Buiten Kruispunt,Gemeenteweg,buiten bebouwde kom,Tss. 2 best.: langs opzij (voor-/achterkant-flank),Geen hindernis
31295,21,Bilzen,Bilzen,50.86015,5.50161,1.2487116133216376,50.869350462360686,5.511812229133998,2022,5,11,73006,Bilzen,Normaal,Droog,Dag,met lichtgewonden,9,personenauto,3,Fiets,Buiten Kruispunt,Gewestweg,binnen bebouwde kom,Tussen 2 bestuurders: Langs achteren,Geen hindernis
31296,43,Maaseik teller 1,Maaseik,51.09344,5.79715,1.4838676114592382,51.08016443711552,5.794989590488239,2022,5,12,72021,Maaseik,Normaal,Droog,Dag,met lichtgewonden,9,personenauto,3,Fiets,Buiten Kruispunt,Gemeenteweg,binnen bebouwde kom,Tussen 2 bestuurders: Langs achteren,Geen hindernis
31296,44,Maaseik teller 2,Maaseik,51.09359,5.79726,1.5012534409861984,51.08016443711552,5.794989590488239,2022,5,12,72021,Maaseik,Normaal,Droog,Dag,met lichtgewonden,9,personenauto,3,Fiets,Buiten Kruispunt,Gemeenteweg,binnen bebouwde kom,Tussen 2 bestuurders: Langs achteren,Geen hindernis
31300,44,Maaseik teller 2,Maaseik,51.09359,5.79726,1.816904270275225,51.10566471375685,5.779729384117446,2022,5,16,72021,Maaseik,Normaal,Droog,Dag,met lichtgewonden,9,personenauto,3,Fiets,Buiten Kruispunt,Gemeenteweg,buiten bebouwde kom,Tss. 2 best.: langs opzij (voor-/achterkant-flank),Geen hindernis
31300,43,Maaseik teller 1,Maaseik,51.09344,5.79715,1.824134627938847,51.10566471375685,5.779729384117446,2022,5,16,72021,Maaseik,Normaal,Droog,Dag,met lichtgewonden,9,personenauto,3,Fiets,Buiten Kruispunt,Gemeenteweg,buiten bebouwde kom,Tss. 2 best.: langs opzij (voor-/achterkant-flank),Geen hindernis
31301,69,Leuven teller 1,Leuven,50.87549,4.71526,0.7649707215826291,50.881523012749774,4.720499886366514,2022,5,20,24062,Leuven,Normaal,Droog,Dag,met lichtgewonden,6,Bromfiets,3,Fiets,Op Kruispunt,Gemeenteweg,binnen bebouwde kom,Tussen 2 bestuurders: Frontale botsing,Geen hindernis
31301,107,leuven totem,Leuven,50.8870744,4.7087919,1.027439306032763,50.881523012749774,4.720499886366514,2022,5,20,24062,Leuven,Normaal,Droog,Dag,met lichtgewonden,6,Bromfiets,3,Fiets,Op Kruispunt,Gemeenteweg,binnen bebouwde kom,Tussen 2 bestuurders: Frontale botsing,Geen hindernis
31301,77,Leuven teller 2,Leuven,50.88672,4.70796,1.0525252509409895,50.881523012749774,4.720499886366514,2022,5,20,24062,Leuven,Normaal,Droog,Dag,met lichtgewonden,6,Bromfiets,3,Fiets,Op Kruispunt,Gemeenteweg,binnen bebouwde kom,Tussen 2 bestuurders: Frontale botsing,Geen hindernis
31302,69,Leuven teller 1,Leuven,50.87549,4.71526,0.7688112065676446,50.8777653313313,4.725607145707534,2022,5,16,24062,Leuven,Normaal,Droog,Dag,met lichtgewonden,9,personenauto,3,Fiets,Buiten Kruispunt,Gemeenteweg,binnen bebouwde kom,Tussen 2 bestuurders: Frontale botsing,Geen hindernis
31302,107,leuven totem,Leuven,50.8870744,4.7087919,1.5694211533600886,50.8777653313313,4.725607145707534,2022,5,16,24062,Leuven,Normaal,Droog,Dag,met lichtgewonden,9,personenauto,3,Fiets,Buiten Kruispunt,Gemeenteweg,binnen bebouwde kom,Tussen 2 bestuurders: Frontale botsing,Geen hindernis
31302,77,Leuven teller 2,Leuven,50.88672,4.70796,1.5887618475064025,50.8777653313313,4.725607145707534,2022,5,16,24062,Leuven,Normaal,Droog,Dag,met lichtgewonden,9,personenauto,3,Fiets,Buiten Kruispunt,Gemeenteweg,binnen bebouwde kom,Tussen 2 bestuurders: Frontale botsing,Geen hindernis
31303,69,Leuven teller 1,Leuven,50.87549,4.71526,0.8494618202142965,50.870446061610835,4.706167877452415,2022,5,7,24062,Leuven,Normaal,Droog,Dag,met lichtgewonden,9,personenauto,3,Fiets,Buiten Kruispunt,Gemeenteweg,binnen bebouwde kom,Tussen 2 bestuurders: Flank tegen flank,Geen hindernis
31303,151,Leuven,District Leuven,50.8690262,4.6854839,1.4600289265749145,50.870446061610835,4.706167877452415,2022,5,7,24062,Leuven,Normaal,Droog,Dag,met lichtgewonden,9,personenauto,3,Fiets,Buiten Kruispunt,Gemeenteweg,binnen bebouwde kom,Tussen 2 bestuurders: Flank tegen flank,Geen hindernis
31303,77,Leuven teller 2,Leuven,50.88672,4.70796,1.8139423949694244,50.870446061610835,4.706167877452415,2022,5,7,24062,Leuven,Normaal,Droog,Dag,met lichtgewonden,9,personenauto,3,Fiets,Buiten Kruispunt,Gemeenteweg,binnen bebouwde kom,Tussen 2 bestuurders: Flank tegen flank,Geen hindernis
31303,107,leuven totem,Leuven,50.8870744,4.7087919,1.858129625338161,50.870446061610835,4.706167877452415,2022,5,7,24062,Leuven,Normaal,Droog,Dag,met lichtgewonden,9,personenauto,3,Fiets,Buiten Kruispunt,Gemeenteweg,binnen bebouwde kom,Tussen 2 bestuurders: Flank tegen flank,Geen hindernis
31304,151,Leuven,District Leuven,50.8690262,4.6854839,0.229256724861123,50.86899230489266,4.688750405177226,2022,5,7,24062,Leuven,Normaal,Droog,Dag,met lichtgewonden,3,Fiets,8,Voetganger,Op Kruispunt,Gewestweg,binnen bebouwde kom,Met een voetganger,Geen hindernis
31304,69,Leuven teller 1,Leuven,50.87549,4.71526,1.9955601092606727,50.86899230489266,4.688750405177226,2022,5,7,24062,Leuven,Normaal,Droog,Dag,met lichtgewonden,3,Fiets,8,Voetganger,Op Kruispunt,Gewestweg,binnen bebouwde kom,Met een voetganger,Geen hindernis
31304,77,Leuven teller 2,Leuven,50.88672,4.70796,2.387934419978421,50.86899230489266,4.688750405177226,2022,5,7,24062,Leuven,Normaal,Droog,Dag,met lichtgewonden,3,Fiets,8,Voetganger,Op Kruispunt,Gewestweg,binnen bebouwde kom,Met een voetganger,Geen hindernis
31304,107,leuven totem,Leuven,50.8870744,4.7087919,2.453542113780961,50.86899230489266,4.688750405177226,2022,5,7,24062,Leuven,Normaal,Droog,Dag,met lichtgewonden,3,Fiets,8,Voetganger,Op Kruispunt,Gewestweg,binnen bebouwde kom,Met een voetganger,Geen hindernis
31304,108,Heverlee teller 1,Leuven,50.8471728,4.6954674,2.4716030741554516,50.86899230489266,4.688750405177226,2022,5,7,24062,Leuven,Normaal,Droog,Dag,met lichtgewonden,3,Fiets,8,Voetganger,Op Kruispunt,Gewestweg,binnen bebouwde kom,Met een voetganger,Geen hindernis
31305,69,Leuven teller 1,Leuven,50.87549,4.71526,2.2067634057587138,50.88621459771452,4.741726406950981,2022,5,19,24062,Leuven,Normaal,Droog,Dag,met lichtgewonden,3,Fiets,9,personenauto,Buiten Kruispunt,Gewestweg,binnen bebouwde kom,Tussen 2 bestuurders: Flank tegen flank,Geen hindernis
31305,107,leuven totem,Leuven,50.8870744,4.7087919,2.312269196332791,50.88621459771452,4.741726406950981,2022,5,19,24062,Leuven,Normaal,Droog,Dag,met lichtgewonden,3,Fiets,9,personenauto,Buiten Kruispunt,Gewestweg,binnen bebouwde kom,Tussen 2 bestuurders: Flank tegen flank,Geen hindernis
31305,77,Leuven teller 2,Leuven,50.88672,4.70796,2.369323602057949,50.88621459771452,4.741726406950981,2022,5,19,24062,Leuven,Normaal,Droog,Dag,met lichtgewonden,3,Fiets,9,personenauto,Buiten Kruispunt,Gewestweg,binnen bebouwde kom,Tussen 2 bestuurders: Flank tegen flank,Geen hindernis
31306,69,Leuven teller 1,Leuven,50.87549,4.71526,0.796510247162524,50.87133256408367,4.724503954110569,2022,5,9,24062,Leuven,Normaal,Droog,Dag,met lichtgewonden,9,personenauto,3,Fiets,Op Kruispunt,Gewestweg,binnen bebouwde kom,Tss. 2 best.: langs opzij (voor-/achterkant-flank),Geen hindernis
31306,77,Leuven teller 2,Leuven,50.88672,4.70796,2.0675587731702967,50.87133256408367,4.724503954110569,2022,5,9,24062,Leuven,Normaal,Droog,Dag,met lichtgewonden,9,personenauto,3,Fiets,Op Kruispunt,Gewestweg,binnen bebouwde kom,Tss. 2 best.: langs opzij (voor-/achterkant-flank),Geen hindernis
31306,107,leuven totem,Leuven,50.8870744,4.7087919,2.0686010435855104,50.87133256408367,4.724503954110569,2022,5,9,24062,Leuven,Normaal,Droog,Dag,met lichtgewonden,9,personenauto,3,Fiets,Op Kruispunt,Gewestweg,binnen bebouwde kom,Tss. 2 best.: langs opzij (voor-/achterkant-flank),Geen hindernis
31307,151,Leuven,District Leuven,50.8690262,4.6854839,1.9761282249135346,50.862243249204596,4.659457392760522,2022,5,17,24062,Leuven,Normaal,Droog,Dag,met lichtgewonden,3,Fiets,10,"één bestuurder, geen hindernis",Buiten Kruispunt,Gewestweg,binnen bebouwde kom,"Eén bestuurder, geen hindernis (incl. val)",Geen hindernis
31308,77,Leuven teller 2,Leuven,50.88672,4.70796,0.6829565174800685,50.887387381754046,4.698281632345071,2022,5,8,24062,Leuven,Onbekend,Onbekend,Dag,met lichtgewonden,3,Fiets,8,Voetganger,Op Kruispunt,Gemeenteweg,binnen bebouwde kom,Met een voetganger,Geen hindernis
31308,107,leuven totem,Leuven,50.8870744,4.7087919,0.7380865758255643,50.887387381754046,4.698281632345071,2022,5,8,24062,Leuven,Onbekend,Onbekend,Dag,met lichtgewonden,3,Fiets,8,Voetganger,Op Kruispunt,Gemeenteweg,binnen bebouwde kom,Met een voetganger,Geen hindernis
31308,69,Leuven teller 1,Leuven,50.87549,4.71526,1.7801507906846887,50.887387381754046,4.698281632345071,2022,5,8,24062,Leuven,Onbekend,Onbekend,Dag,met lichtgewonden,3,Fiets,8,Voetganger,Op Kruispunt,Gemeenteweg,binnen bebouwde kom,Met een voetganger,Geen hindernis
31308,151,Leuven,District Leuven,50.8690262,4.6854839,2.230389993225627,50.887387381754046,4.698281632345071,2022,5,8,24062,Leuven,Onbekend,Onbekend,Dag,met lichtgewonden,3,Fiets,8,Voetganger,Op Kruispunt,Gemeenteweg,binnen bebouwde kom,Met een voetganger,Geen hindernis
31309,69,Leuven teller 1,Leuven,50.87549,4.71526,0.6214500025467444,50.88091562374798,4.713135062913418,2022,5,20,24062,Leuven,Normaal,Droog,Onbekend,met lichtgewonden,3,Fiets,10,"één bestuurder, geen hindernis",Buiten Kruispunt,Gemeenteweg,binnen bebouwde kom,"Eén bestuurder, geen hindernis (incl. val)",Geen hindernis
31309,77,Leuven teller 2,Leuven,50.88672,4.70796,0.7405155819436444,50.88091562374798,4.713135062913418,2022,5,20,24062,Leuven,Normaal,Droog,Onbekend,met lichtgewonden,3,Fiets,10,"één bestuurder, geen hindernis",Buiten Kruispunt,Gemeenteweg,binnen bebouwde kom,"Eén bestuurder, geen hindernis (incl. val)",Geen hindernis
31309,107,leuven totem,Leuven,50.8870744,4.7087919,0.7495437460964075,50.88091562374798,4.713135062913418,2022,5,20,24062,Leuven,Normaal,Droog,Onbekend,met lichtgewonden,3,Fiets,10,"één bestuurder, geen hindernis",Buiten Kruispunt,Gemeenteweg,binnen bebouwde kom,"Eén bestuurder, geen hindernis (incl. val)",Geen hindernis
31309,151,Leuven,District Leuven,50.8690262,4.6854839,2.3477704138163844,50.88091562374798,4.713135062913418,2022,5,20,24062,Leuven,Normaal,Droog,Onbekend,met lichtgewonden,3,Fiets,10,"één bestuurder, geen hindernis",Buiten Kruispunt,Gemeenteweg,binnen bebouwde kom,"Eén bestuurder, geen hindernis (incl. val)",Geen hindernis
31310,108,Heverlee teller 1,Leuven,50.8471728,4.6954674,1.197871330764277,50.853836113145476,4.7088748357023125,2022,5,7,24062,Leuven,Onbekend,Onbekend,Dag,met lichtgewonden,3,Fiets,3,Fiets,Buiten Kruispunt,Gemeenteweg,buiten bebouwde kom,Tussen 2 bestuurders: Frontale botsing,Geen hindernis
31310,76,Heverlee teller 2,Leuven,50.84606,4.69597,1.2523624775662863,50.853836113145476,4.7088748357023125,2022,5,7,24062,Leuven,Onbekend,Onbekend,Dag,met lichtgewonden,3,Fiets,3,Fiets,Buiten Kruispunt,Gemeenteweg,buiten bebouwde kom,Tussen 2 bestuurders: Frontale botsing,Geen hindernis
31310,151,Leuven,District Leuven,50.8690262,4.6854839,2.355453123000635,50.853836113145476,4.7088748357023125,2022,5,7,24062,Leuven,Onbekend,Onbekend,Dag,met lichtgewonden,3,Fiets,3,Fiets,Buiten Kruispunt,Gemeenteweg,buiten bebouwde kom,Tussen 2 bestuurders: Frontale botsing,Geen hindernis
31310,69,Leuven teller 1,Leuven,50.87549,4.71526,2.4491472255306643,50.853836113145476,4.7088748357023125,2022,5,7,24062,Leuven,Onbekend,Onbekend,Dag,met lichtgewonden,3,Fiets,3,Fiets,Buiten Kruispunt,Gemeenteweg,buiten bebouwde kom,Tussen 2 bestuurders: Frontale botsing,Geen hindernis
31311,151,Leuven,District Leuven,50.8690262,4.6854839,0.6458303817858982,50.86480967322056,4.691812849524342,2022,4,15,24062,Leuven,Onbekend,Onbekend,Dag,met lichtgewonden,3,Fiets,3,Fiets,Buiten Kruispunt,Gemeenteweg,binnen bebouwde kom,Tussen 2 bestuurders: Frontale botsing,Geen hindernis
31311,108,Heverlee teller 1,Leuven,50.8471728,4.6954674,1.9778374218074062,50.86480967322056,4.691812849524342,2022,4,15,24062,Leuven,Onbekend,Onbekend,Dag,met lichtgewonden,3,Fiets,3,Fiets,Buiten Kruispunt,Gemeenteweg,binnen bebouwde kom,Tussen 2 bestuurders: Frontale botsing,Geen hindernis
31311,69,Leuven teller 1,Leuven,50.87549,4.71526,2.029182273541688,50.86480967322056,4.691812849524342,2022,4,15,24062,Leuven,Onbekend,Onbekend,Dag,met lichtgewonden,3,Fiets,3,Fiets,Buiten Kruispunt,Gemeenteweg,binnen bebouwde kom,Tussen 2 bestuurders: Frontale botsing,Geen hindernis
31311,76,Heverlee teller 2,Leuven,50.84606,4.69597,2.1051913684392325,50.86480967322056,4.691812849524342,2022,4,15,24062,Leuven,Onbekend,Onbekend,Dag,met lichtgewonden,3,Fiets,3,Fiets,Buiten Kruispunt,Gemeenteweg,binnen bebouwde kom,Tussen 2 bestuurders: Frontale botsing,Geen hindernis
31312,77,Leuven teller 2,Leuven,50.88672,4.70796,1.0112100781168383,50.87974970317496,4.698701964719261,2022,5,17,24062,Leuven,Normaal,Droog,Dag,met lichtgewonden,3,Fiets,99,onbekend,Buiten Kruispunt,Gemeenteweg,binnen bebouwde kom,Tussen 2 bestuurders: Frontale botsing,Geen hindernis
31312,107,leuven totem,Leuven,50.8870744,4.7087919,1.0790715127197505,50.87974970317496,4.698701964719261,2022,5,17,24062,Leuven,Normaal,Droog,Dag,met lichtgewonden,3,Fiets,99,onbekend,Buiten Kruispunt,Gemeenteweg,binnen bebouwde kom,Tussen 2 bestuurders: Frontale botsing,Geen hindernis
31312,69,Leuven teller 1,Leuven,50.87549,4.71526,1.2545871970859344,50.87974970317496,4.698701964719261,2022,5,17,24062,Leuven,Normaal,Droog,Dag,met lichtgewonden,3,Fiets,99,onbekend,Buiten Kruispunt,Gemeenteweg,binnen bebouwde kom,Tussen 2 bestuurders: Frontale botsing,Geen hindernis
31312,151,Leuven,District Leuven,50.8690262,4.6854839,1.5106316847557668,50.87974970317496,4.698701964719261,2022,5,17,24062,Leuven,Normaal,Droog,Dag,met lichtgewonden,3,Fiets,99,onbekend,Buiten Kruispunt,Gemeenteweg,binnen bebouwde kom,Tussen 2 bestuurders: Frontale botsing,Geen hindernis
31313,108,Heverlee teller 1,Leuven,50.8471728,4.6954674,0.7747625744486858,50.85173350862619,4.7038106379981555,2022,5,19,24062,Leuven,Normaal,Droog,Dag,met lichtgewonden,3,Fiets,9,personenauto,Buiten Kruispunt,Gemeenteweg,binnen bebouwde kom,Tussen 2 bestuurders: Langs achteren,Geen hindernis
31313,76,Heverlee teller 2,Leuven,50.84606,4.69597,0.8372499919844486,50.85173350862619,4.7038106379981555,2022,5,19,24062,Leuven,Normaal,Droog,Dag,met lichtgewonden,3,Fiets,9,personenauto,Buiten Kruispunt,Gemeenteweg,binnen bebouwde kom,Tussen 2 bestuurders: Langs achteren,Geen hindernis
31313,151,Leuven,District Leuven,50.8690262,4.6854839,2.3134350604301175,50.85173350862619,4.7038106379981555,2022,5,19,24062,Leuven,Normaal,Droog,Dag,met lichtgewonden,3,Fiets,9,personenauto,Buiten Kruispunt,Gemeenteweg,binnen bebouwde kom,Tussen 2 bestuurders: Langs achteren,Geen hindernis
31314,107,leuven totem,Leuven,50.8870744,4.7087919,2.4664321618447183,50.90910957162002,4.712820206964293,2022,5,14,24062,Leuven,Normaal,Droog,Dag,met lichtgewonden,9,personenauto,3,Fiets,Op Kruispunt,Gewestweg,buiten bebouwde kom,Tss. 2 best.: langs opzij (voor-/achterkant-flank),Geen hindernis
31315,151,Leuven,District Leuven,50.8690262,4.6854839,0.7564801078334306,50.86921482741003,4.696259749496685,2022,5,2,24062,Leuven,Normaal,Proper,"Nacht, openbare verlichting aanwezig en ontstoken",met lichtgewonden,3,Fiets,10,"één bestuurder, geen hindernis",Buiten Kruispunt,Gewestweg,binnen bebouwde kom,"Eén bestuurder, geen hindernis (incl. val)",Geen hindernis
31315,69,Leuven teller 1,Leuven,50.87549,4.71526,1.5047947273593356,50.86921482741003,4.696259749496685,2022,5,2,24062,Leuven,Normaal,Proper,"Nacht, openbare verlichting aanwezig en ontstoken",met lichtgewonden,3,Fiets,10,"één bestuurder, geen hindernis",Buiten Kruispunt,Gewestweg,binnen bebouwde kom,"Eén bestuurder, geen hindernis (incl. val)",Geen hindernis
31315,77,Leuven teller 2,Leuven,50.88672,4.70796,2.1125081223708952,50.86921482741003,4.696259749496685,2022,5,2,24062,Leuven,Normaal,Proper,"Nacht, openbare verlichting aanwezig en ontstoken",met lichtgewonden,3,Fiets,10,"één bestuurder, geen hindernis",Buiten Kruispunt,Gewestweg,binnen bebouwde kom,"Eén bestuurder, geen hindernis (incl. val)",Geen hindernis
31315,107,leuven totem,Leuven,50.8870744,4.7087919,2.1718388362115473,50.86921482741003,4.696259749496685,2022,5,2,24062,Leuven,Normaal,Proper,"Nacht, openbare verlichting aanwezig en ontstoken",met lichtgewonden,3,Fiets,10,"één bestuurder, geen hindernis",Buiten Kruispunt,Gewestweg,binnen bebouwde kom,"Eén bestuurder, geen hindernis (incl. val)",Geen hindernis
31315,108,Heverlee teller 1,Leuven,50.8471728,4.6954674,2.451592538648124,50.86921482741003,4.696259749496685,2022,5,2,24062,Leuven,Normaal,Proper,"Nacht, openbare verlichting aanwezig en ontstoken",met lichtgewonden,3,Fiets,10,"één bestuurder, geen hindernis",Buiten Kruispunt,Gewestweg,binnen bebouwde kom,"Eén bestuurder, geen hindernis (incl. val)",Geen hindernis
31316,69,Leuven teller 1,Leuven,50.87549,4.71526,1.241156245358742,50.86991787019021,4.730586432596477,2022,5,13,24062,Leuven,Normaal,Proper,Dag,met lichtgewonden,3,Fiets,3,Fiets,Buiten Kruispunt,Gewestweg,buiten bebouwde kom,Tss. 2 best.: langs opzij (voor-/achterkant-flank),Geen hindernis
31316,107,leuven totem,Leuven,50.8870744,4.7087919,2.4449078426971047,50.86991787019021,4.730586432596477,2022,5,13,24062,Leuven,Normaal,Proper,Dag,met lichtgewonden,3,Fiets,3,Fiets,Buiten Kruispunt,Gewestweg,buiten bebouwde kom,Tss. 2 best.: langs opzij (voor-/achterkant-flank),Geen hindernis
31316,77,Leuven teller 2,Leuven,50.88672,4.70796,2.4516716166181753,50.86991787019021,4.730586432596477,2022,5,13,24062,Leuven,Normaal,Proper,Dag,met lichtgewonden,3,Fiets,3,Fiets,Buiten Kruispunt,Gewestweg,buiten bebouwde kom,Tss. 2 best.: langs opzij (voor-/achterkant-flank),Geen hindernis
31317,108,Heverlee teller 1,Leuven,50.8471728,4.6954674,1.352337221624849,50.85750183667227,4.70563722430733,2022,5,6,24062,Leuven,Normaal,Droog,Dag,met lichtgewonden,3,Fiets,5,Lichte vrachtauto,Buiten Kruispunt,Gemeenteweg,binnen bebouwde kom,Tss. 2 best.: langs opzij (voor-/achterkant-flank),Geen hindernis
31317,76,Heverlee teller 2,Leuven,50.84606,4.69597,1.4419569611879604,50.85750183667227,4.70563722430733,2022,5,6,24062,Leuven,Normaal,Droog,Dag,met lichtgewonden,3,Fiets,5,Lichte vrachtauto,Buiten Kruispunt,Gemeenteweg,binnen bebouwde kom,Tss. 2 best.: langs opzij (voor-/achterkant-flank),Geen hindernis
31317,151,Leuven,District Leuven,50.8690262,4.6854839,1.9085903262223072,50.85750183667227,4.70563722430733,2022,5,6,24062,Leuven,Normaal,Droog,Dag,met lichtgewonden,3,Fiets,5,Lichte vrachtauto,Buiten Kruispunt,Gemeenteweg,binnen bebouwde kom,Tss. 2 best.: langs opzij (voor-/achterkant-flank),Geen hindernis
31317,69,Leuven teller 1,Leuven,50.87549,4.71526,2.11111699064545,50.85750183667227,4.70563722430733,2022,5,6,24062,Leuven,Normaal,Droog,Dag,met lichtgewonden,3,Fiets,5,Lichte vrachtauto,Buiten Kruispunt,Gemeenteweg,binnen bebouwde kom,Tss. 2 best.: langs opzij (voor-/achterkant-flank),Geen hindernis
31319,77,Leuven teller 2,Leuven,50.88672,4.70796,0.9902912295318546,50.87890149972495,4.701200663362051,2022,5,16,24062,Leuven,Normaal,Droog,Dag,met lichtgewonden,3,Fiets,8,Voetganger,Buiten Kruispunt,Gemeenteweg,binnen bebouwde kom,Met een voetganger,Geen hindernis
31319,107,leuven totem,Leuven,50.8870744,4.7087919,1.0533291288390467,50.87890149972495,4.701200663362051,2022,5,16,24062,Leuven,Normaal,Droog,Dag,met lichtgewonden,3,Fiets,8,Voetganger,Buiten Kruispunt,Gemeenteweg,binnen bebouwde kom,Met een voetganger,Geen hindernis
31319,69,Leuven teller 1,Leuven,50.87549,4.71526,1.0568606553256397,50.87890149972495,4.701200663362051,2022,5,16,24062,Leuven,Normaal,Droog,Dag,met lichtgewonden,3,Fiets,8,Voetganger,Buiten Kruispunt,Gemeenteweg,binnen bebouwde kom,Met een voetganger,Geen hindernis
31319,151,Leuven,District Leuven,50.8690262,4.6854839,1.5562634339158166,50.87890149972495,4.701200663362051,2022,5,16,24062,Leuven,Normaal,Droog,Dag,met lichtgewonden,3,Fiets,8,Voetganger,Buiten Kruispunt,Gemeenteweg,binnen bebouwde kom,Met een voetganger,Geen hindernis
31320,69,Leuven teller 1,Leuven,50.87549,4.71526,0.7101015693189817,50.88010820766031,4.708269702479033,2022,5,12,24062,Leuven,Normaal,Droog,Dag,met lichtgewonden,8,Voetganger,3,Fiets,Buiten Kruispunt,Gemeenteweg,binnen bebouwde kom,Met een voetganger,Geen hindernis
31320,77,Leuven teller 2,Leuven,50.88672,4.70796,0.7355187249986382,50.88010820766031,4.708269702479033,2022,5,12,24062,Leuven,Normaal,Droog,Dag,met lichtgewonden,8,Voetganger,3,Fiets,Buiten Kruispunt,Gemeenteweg,binnen bebouwde kom,Met een voetganger,Geen hindernis
31320,107,leuven totem,Leuven,50.8870744,4.7087919,0.7754710207832539,50.88010820766031,4.708269702479033,2022,5,12,24062,Leuven,Normaal,Droog,Dag,met lichtgewonden,8,Voetganger,3,Fiets,Buiten Kruispunt,Gemeenteweg,binnen bebouwde kom,Met een voetganger,Geen hindernis
31320,151,Leuven,District Leuven,50.8690262,4.6854839,2.01856760163581,50.88010820766031,4.708269702479033,2022,5,12,24062,Leuven,Normaal,Droog,Dag,met lichtgewonden,8,Voetganger,3,Fiets,Buiten Kruispunt,Gemeenteweg,binnen bebouwde kom,Met een voetganger,Geen hindernis
31321,77,Leuven teller 2,Leuven,50.88672,4.70796,1.2136192224567086,50.88064500104227,4.693587807391786,2022,5,18,24062,Leuven,Normaal,Droog,Dag,met lichtgewonden,9,personenauto,3,Fiets,Op Kruispunt,Gemeenteweg,binnen bebouwde kom,Tss. 2 best.: langs opzij (voor-/achterkant-flank),Geen hindernis
31321,107,leuven totem,Leuven,50.8870744,4.7087919,1.284034344557694,50.88064500104227,4.693587807391786,2022,5,18,24062,Leuven,Normaal,Droog,Dag,met lichtgewonden,9,personenauto,3,Fiets,Op Kruispunt,Gemeenteweg,binnen bebouwde kom,Tss. 2 best.: langs opzij (voor-/achterkant-flank),Geen hindernis
31321,151,Leuven,District Leuven,50.8690262,4.6854839,1.4115470664210301,50.88064500104227,4.693587807391786,2022,5,18,24062,Leuven,Normaal,Droog,Dag,met lichtgewonden,9,personenauto,3,Fiets,Op Kruispunt,Gemeenteweg,binnen bebouwde kom,Tss. 2 best.: langs opzij (voor-/achterkant-flank),Geen hindernis
31321,69,Leuven teller 1,Leuven,50.87549,4.71526,1.6249979251196998,50.88064500104227,4.693587807391786,2022,5,18,24062,Leuven,Normaal,Droog,Dag,met lichtgewonden,9,personenauto,3,Fiets,Op Kruispunt,Gemeenteweg,binnen bebouwde kom,Tss. 2 best.: langs opzij (voor-/achterkant-flank),Geen hindernis
31322,69,Leuven teller 1,Leuven,50.87549,4.71526,0.2107364568272103,50.87366546686684,4.714447513981549,2022,5,8,24062,Leuven,Normaal,Droog,Dag,met lichtgewonden,9,personenauto,3,Fiets,Op Kruispunt,Gewestweg,binnen bebouwde kom,Tss. 2 best.: langs opzij (voor-/achterkant-flank),Geen hindernis