crash_row_id,site_id,site_name,site_gemeente,site_lat,site_long,distance_km,crash_lat,crash_long,DT_YEAR_COLLISION,DT_MONTH_COLLISION,DT_TIME,CD_NIS,TX_MUNTY_COLLISION_NL,TX_WEATHER_NL,TX_ROAD_CONDITION_NL,TX_LIGHT_CONDITION_NL,TX_CLASS_ACCIDENTS_NL,CD_ROAD_USR_TYPE1,TX_ROAD_USR_TYPE1_NL,CD_ROAD_USR_TYPE2,TX_ROAD_USR_TYPE2_NL,TX_CROSSWAY_NL,CD_ROAD_TYPE_NL,TX_BUILD_UP_AREA_NL,TX_COLLISION_TYPE_NL,TX_OBSTACLES_NL
31322,77,Leuven teller 2,Leuven,50.88672,4.70796,1.5212815152693728,50.87366546686684,4.714447513981549,2022,5,8,24062,Leuven,Normaal,Droog,Dag,met lichtgewonden,9,personenauto,3,Fiets,Op Kruispunt,Gewestweg,binnen bebouwde kom,Tss. 2 best.: langs opzij (voor-/achterkant-flank),Geen hindernis
31322,107,leuven totem,Leuven,50.8870744,4.7087919,1.542898016914959,50.87366546686684,4.714447513981549,2022,5,8,24062,Leuven,Normaal,Droog,Dag,met lichtgewonden,9,personenauto,3,Fiets,Op Kruispunt,Gewestweg,binnen bebouwde kom,Tss. 2 best.: langs opzij (voor-/achterkant-flank),Geen hindernis
31322,151,Leuven,District Leuven,50.8690262,4.6854839,2.0968545706799495,50.87366546686684,4.714447513981549,2022,5,8,24062,Leuven,Normaal,Droog,Dag,met lichtgewonden,9,personenauto,3,Fiets,Op Kruispunt,Gewestweg,binnen bebouwde kom,Tss. 2 best.: langs opzij (voor-/achterkant-flank),Geen hindernis
31323,77,Leuven teller 2,Leuven,50.88672,4.70796,0.24809518858553964,50.88862042364778,4.706106947335625,2022,5,17,24062,Leuven,Normaal,Droog,Dag,met lichtgewonden,9,personenauto,3,Fiets,Buiten Kruispunt,Gemeenteweg,buiten bebouwde kom,Tss. 2 best.: langs opzij (voor-/achterkant-flank),Geen hindernis
31323,107,leuven totem,Leuven,50.8870744,4.7087919,0.254999528592581,50.88862042364778,4.706106947335625,2022,5,17,24062,Leuven,Normaal,Droog,Dag,met lichtgewonden,9,personenauto,3,Fiets,Buiten Kruispunt,Gemeenteweg,buiten bebouwde kom,Tss. 2 best.: langs opzij (voor-/achterkant-flank),Geen hindernis
31323,69,Leuven teller 1,Leuven,50.87549,4.71526,1.5950047867503507,50.88862042364778,4.706106947335625,2022,5,17,24062,Leuven,Normaal,Droog,Dag,met lichtgewonden,9,personenauto,3,Fiets,Buiten Kruispunt,Gemeenteweg,buiten bebouwde kom,Tss. 2 best.: langs opzij (voor-/achterkant-flank),Geen hindernis
31324,69,Leuven teller 1,Leuven,50.87549,4.71526,1.610941352628539,50.87666208545131,4.738144402569033,2022,5,8,24062,Leuven,Normaal,Droog,Dag,met lichtgewonden,3,Fiets,10,"één bestuurder, geen hindernis",Buiten Kruispunt,Gemeenteweg,buiten bebouwde kom,"Eén bestuurder, geen hindernis (incl. val)",Geen hindernis
31324,107,leuven totem,Leuven,50.8870744,4.7087919,2.362399282153528,50.87666208545131,4.738144402569033,2022,5,8,24062,Leuven,Normaal,Droog,Dag,met lichtgewonden,3,Fiets,10,"één bestuurder, geen hindernis",Buiten Kruispunt,Gemeenteweg,buiten bebouwde kom,"Eén bestuurder, geen hindernis (incl. val)",Geen hindernis
31324,77,Leuven teller 2,Leuven,50.88672,4.70796,2.3947931730911804,50.87666208545131,4.738144402569033,2022,5,8,24062,Leuven,Normaal,Droog,Dag,met lichtgewonden,3,Fiets,10,"één bestuurder, geen hindernis",Buiten Kruispunt,Gemeenteweg,buiten bebouwde kom,"Eén bestuurder, geen hindernis (incl. val)",Geen hindernis
31325,77,Leuven teller 2,Leuven,50.88672,4.70796,0.7596522712639376,50.880852247980435,4.702414176331325,2022,5,12,24062,Leuven,Normaal,"Nat, plassen",Dag,met lichtgewonden,9,personenauto,3,Fiets,Buiten Kruispunt,Gemeenteweg,binnen bebouwde kom,Tss. 2 best.: langs opzij (voor-/achterkant-flank),Geen hindernis
31325,107,leuven totem,Leuven,50.8870744,4.7087919,0.8239313333459187,50.880852247980435,4.702414176331325,2022,5,12,24062,Leuven,Normaal,"Nat, plassen",Dag,met lichtgewonden,9,personenauto,3,Fiets,Buiten Kruispunt,Gemeenteweg,binnen bebouwde kom,Tss. 2 best.: langs opzij (voor-/achterkant-flank),Geen hindernis
31325,69,Leuven teller 1,Leuven,50.87549,4.71526,1.0806543095918006,50.880852247980435,4.702414176331325,2022,5,12,24062,Leuven,Normaal,"Nat, plassen",Dag,met lichtgewonden,9,personenauto,3,Fiets,Buiten Kruispunt,Gemeenteweg,binnen bebouwde kom,Tss. 2 best.: langs opzij (voor-/achterkant-flank),Geen hindernis
31325,151,Leuven,District Leuven,50.8690262,4.6854839,1.7721118508811824,50.880852247980435,4.702414176331325,2022,5,12,24062,Leuven,Normaal,"Nat, plassen",Dag,met lichtgewonden,9,personenauto,3,Fiets,Buiten Kruispunt,Gemeenteweg,binnen bebouwde kom,Tss. 2 best.: langs opzij (voor-/achterkant-flank),Geen hindernis
31327,77,Leuven teller 2,Leuven,50.88672,4.70796,0.9433260294097539,50.8808711991622,4.698219761217524,2022,5,18,24062,Leuven,Normaal,Droog,Dag,met lichtgewonden,8,Voetganger,3,Fiets,Buiten Kruispunt,Gemeenteweg,binnen bebouwde kom,Met een voetganger,Geen hindernis
31327,107,leuven totem,Leuven,50.8870744,4.7087919,1.0128331476115957,50.8808711991622,4.698219761217524,2022,5,18,24062,Leuven,Normaal,Droog,Dag,met lichtgewonden,8,Voetganger,3,Fiets,Buiten Kruispunt,Gemeenteweg,binnen bebouwde kom,Met een voetganger,Geen hindernis
31327,69,Leuven teller 1,Leuven,50.87549,4.71526,1.3369343426896114,50.8808711991622,4.698219761217524,2022,5,18,24062,Leuven,Normaal,Droog,Dag,met lichtgewonden,8,Voetganger,3,Fiets,Buiten Kruispunt,Gemeenteweg,binnen bebouwde kom,Met een voetganger,Geen hindernis
31327,151,Leuven,District Leuven,50.8690262,4.6854839,1.5916405457366485,50.8808711991622,4.698219761217524,2022,5,18,24062,Leuven,Normaal,Droog,Dag,met lichtgewonden,8,Voetganger,3,Fiets,Buiten Kruispunt,Gemeenteweg,binnen bebouwde kom,Met een voetganger,Geen hindernis
31328,107,leuven totem,Leuven,50.8870744,4.7087919,2.357854111043495,50.89165996620039,4.741610994890545,2022,5,12,24062,Leuven,Normaal,Droog,Dag,met lichtgewonden,3,Fiets,8,Voetganger,Op Kruispunt,Gemeenteweg,binnen bebouwde kom,Met een voetganger,Geen hindernis
31328,77,Leuven teller 2,Leuven,50.88672,4.70796,2.4234947408665057,50.89165996620039,4.741610994890545,2022,5,12,24062,Leuven,Normaal,Droog,Dag,met lichtgewonden,3,Fiets,8,Voetganger,Op Kruispunt,Gemeenteweg,binnen bebouwde kom,Met een voetganger,Geen hindernis
31329,107,leuven totem,Leuven,50.8870744,4.7087919,0.326186605574547,50.88465214158762,4.711414729457049,2022,5,14,24062,Leuven,Normaal,Droog,Dag,met lichtgewonden,9,personenauto,3,Fiets,Buiten Kruispunt,Gewestweg,binnen bebouwde kom,Tss. 2 best.: langs opzij (voor-/achterkant-flank),Geen hindernis
31329,77,Leuven teller 2,Leuven,50.88672,4.70796,0.3340697740050902,50.88465214158762,4.711414729457049,2022,5,14,24062,Leuven,Normaal,Droog,Dag,met lichtgewonden,9,personenauto,3,Fiets,Buiten Kruispunt,Gewestweg,binnen bebouwde kom,Tss. 2 best.: langs opzij (voor-/achterkant-flank),Geen hindernis
31329,69,Leuven teller 1,Leuven,50.87549,4.71526,1.0538972538999283,50.88465214158762,4.711414729457049,2022,5,14,24062,Leuven,Normaal,Droog,Dag,met lichtgewonden,9,personenauto,3,Fiets,Buiten Kruispunt,Gewestweg,binnen bebouwde kom,Tss. 2 best.: langs opzij (voor-/achterkant-flank),Geen hindernis
31330,69,Leuven teller 1,Leuven,50.87549,4.71526,1.2286237675438412,50.864734845005074,4.711247150610522,2022,5,23,24062,Leuven,Normaal,Droog,"Nacht, openbare verlichting aanwezig en ontstoken",met zwaargewonden,3,Fiets,3,Fiets,Op Kruispunt,Gemeenteweg,binnen bebouwde kom,Tussen 2 bestuurders: Flank tegen flank,Geen hindernis
31330,151,Leuven,District Leuven,50.8690262,4.6854839,1.8699180130170265,50.864734845005074,4.711247150610522,2022,5,23,24062,Leuven,Normaal,Droog,"Nacht, openbare verlichting aanwezig en ontstoken",met zwaargewonden,3,Fiets,3,Fiets,Op Kruispunt,Gemeenteweg,binnen bebouwde kom,Tussen 2 bestuurders: Flank tegen flank,Geen hindernis
31330,108,Heverlee teller 1,Leuven,50.8471728,4.6954674,2.2450728672327473,50.864734845005074,4.711247150610522,2022,5,23,24062,Leuven,Normaal,Droog,"Nacht, openbare verlichting aanwezig en ontstoken",met zwaargewonden,3,Fiets,3,Fiets,Op Kruispunt,Gemeenteweg,binnen bebouwde kom,Tussen 2 bestuurders: Flank tegen flank,Geen hindernis
31330,76,Heverlee teller 2,Leuven,50.84606,4.69597,2.337103552553057,50.864734845005074,4.711247150610522,2022,5,23,24062,Leuven,Normaal,Droog,"Nacht, openbare verlichting aanwezig en ontstoken",met zwaargewonden,3,Fiets,3,Fiets,Op Kruispunt,Gemeenteweg,binnen bebouwde kom,Tussen 2 bestuurders: Flank tegen flank,Geen hindernis
31330,77,Leuven teller 2,Leuven,50.88672,4.70796,2.455493609421854,50.864734845005074,4.711247150610522,2022,5,23,24062,Leuven,Normaal,Droog,"Nacht, openbare verlichting aanwezig en ontstoken",met zwaargewonden,3,Fiets,3,Fiets,Op Kruispunt,Gemeenteweg,binnen bebouwde kom,Tussen 2 bestuurders: Flank tegen flank,Geen hindernis
31330,107,leuven totem,Leuven,50.8870744,4.7087919,2.490011580233971,50.864734845005074,4.711247150610522,2022,5,23,24062,Leuven,Normaal,Droog,"Nacht, openbare verlichting aanwezig en ontstoken",met zwaargewonden,3,Fiets,3,Fiets,Op Kruispunt,Gemeenteweg,binnen bebouwde kom,Tussen 2 bestuurders: Flank tegen flank,Geen hindernis
31331,69,Leuven teller 1,Leuven,50.87549,4.71526,0.594158945094292,50.87199587855358,4.721666420139509,2022,5,8,24062,Leuven,Normaal,Droog,Dag,met lichtgewonden,9,personenauto,3,Fiets,Buiten Kruispunt,Gewestweg,binnen bebouwde kom,Tss. 2 best.: langs opzij (voor-/achterkant-flank),Geen hindernis
31331,77,Leuven teller 2,Leuven,50.88672,4.70796,1.898765495485547,50.87199587855358,4.721666420139509,2022,5,8,24062,Leuven,Normaal,Droog,Dag,met lichtgewonden,9,personenauto,3,Fiets,Buiten Kruispunt,Gewestweg,binnen bebouwde kom,Tss. 2 best.: langs opzij (voor-/achterkant-flank),Geen hindernis
31331,107,leuven totem,Leuven,50.8870744,4.7087919,1.9044820078729405,50.87199587855358,4.721666420139509,2022,5,8,24062,Leuven,Normaal,Droog,Dag,met lichtgewonden,9,personenauto,3,Fiets,Buiten Kruispunt,Gewestweg,binnen bebouwde kom,Tss. 2 best.: langs opzij (voor-/achterkant-flank),Geen hindernis
31336,77,Leuven teller 2,Leuven,50.88672,4.70796,1.6414263887584095,50.894471054078885,4.688044117828579,2022,5,15,24038,Herent,Normaal,Droog,Dag,met lichtgewonden,9,personenauto,3,Fiets,Op Kruispunt,Gewestweg,buiten bebouwde kom,Tss. 2 best.: langs opzij (voor-/achterkant-flank),Geen hindernis
31336,107,leuven totem,Leuven,50.8870744,4.7087919,1.6716219583906293,50.894471054078885,4.688044117828579,2022,5,15,24038,Herent,Normaal,Droog,Dag,met lichtgewonden,9,personenauto,3,Fiets,Op Kruispunt,Gewestweg,buiten bebouwde kom,Tss. 2 best.: langs opzij (voor-/achterkant-flank),Geen hindernis
31337,150,Bertem,District Leuven,50.8687535,4.56136297,1.3838790364181792,50.87677007065342,4.546277270559776,2022,5,13,24055,Kortenberg,Onbekend,Onbekend,Dag,met lichtgewonden,3,Fiets,11,een weggebruiker tegen een hindernis,Buiten Kruispunt,Gemeenteweg,binnen bebouwde kom,Weggebruiker tegen hindernis op de rijbaan,"Op de rijbaan: Put, straatgoot, tramspoor"
31338,87,Aarschot,Aarschot,50.99084,4.81259,2.1267705972574253,50.99237035003241,4.842879400609952,2022,5,21,24001,Aarschot,Normaal,Droog,Dag,met lichtgewonden,9,personenauto,3,Fiets,Op Kruispunt,Gewestweg,buiten bebouwde kom,Tss. 2 best.: langs opzij (voor-/achterkant-flank),Geen hindernis
31339,87,Aarschot,Aarschot,50.99084,4.81259,2.1347248386211315,50.99316442594006,4.842866345830266,2022,5,8,24001,Aarschot,Normaal,Droog,Dag,met lichtgewonden,3,Fiets,9,personenauto,Op Kruispunt,Gewestweg,binnen bebouwde kom,Tss. 2 best.: langs opzij (voor-/achterkant-flank),Geen hindernis
31340,87,Aarschot,Aarschot,50.99084,4.81259,2.3801217508090984,50.96944385763255,4.813565165909674,2022,5,10,24001,Aarschot,Normaal,Proper,Dag,met lichtgewonden,3,Fiets,9,personenauto,Op Kruispunt,Gemeenteweg,buiten bebouwde kom,Tss. 2 best.: langs opzij (voor-/achterkant-flank),Geen hindernis
31341,87,Aarschot,Aarschot,50.99084,4.81259,1.9738915185739356,50.991703268843146,4.840758951124569,2022,5,15,24001,Aarschot,Normaal,Droog+Proper,Dag,met lichtgewonden,9,personenauto,3,Fiets,Op Kruispunt,Gewestweg,binnen bebouwde kom,Tss. 2 best.: langs opzij (voor-/achterkant-flank),Geen hindernis
31342,87,Aarschot,Aarschot,50.99084,4.81259,1.8829331793926438,50.9871428873053,4.838842419479767,2022,5,15,24001,Aarschot,Normaal,Droog,Dag,met zwaargewonden,9,personenauto,3,Fiets,Op Kruispunt,Gemeenteweg,binnen bebouwde kom,Tss. 2 best.: langs opzij (voor-/achterkant-flank),Geen hindernis
31345,101,Diest teller 1,Diest,50.97799,5.04481,1.100641704680259,50.98164795157272,5.059418782821769,2022,5,15,24020,Diest,Normaal,"Nat, plassen",Dag,met lichtgewonden,3,Fiets,9,personenauto,Op Kruispunt,Gewestweg,binnen bebouwde kom,Tss. 2 best.: langs opzij (voor-/achterkant-flank),Geen hindernis
31345,102,Diest teller 2,Diest,50.9779,5.04474,1.10891985524,50.98164795157272,5.059418782821769,2022,5,15,24020,Diest,Normaal,"Nat, plassen",Dag,met lichtgewonden,3,Fiets,9,personenauto,Op Kruispunt,Gewestweg,binnen bebouwde kom,Tss. 2 best.: langs opzij (voor-/achterkant-flank),Geen hindernis
31346,101,Diest teller 1,Diest,50.97799,5.04481,1.9822370416530772,50.99541145346345,5.03880623063919,2022,5,17,24020,Diest,Normaal,Droog,Dag,met zwaargewonden,3,Fiets,10,"één bestuurder, geen hindernis",Buiten Kruispunt,Gewestweg,buiten bebouwde kom,"Eén bestuurder, geen hindernis (incl. val)",Geen hindernis
31346,102,Diest teller 2,Diest,50.9779,5.04474,1.9909903783113292,50.99541145346345,5.03880623063919,2022,5,17,24020,Diest,Normaal,Droog,Dag,met zwaargewonden,3,Fiets,10,"één bestuurder, geen hindernis",Buiten Kruispunt,Gewestweg,buiten bebouwde kom,"Eén bestuurder, geen hindernis (incl. val)",Geen hindernis
31353,87,Aarschot,Aarschot,50.99084,4.81259,2.325425269034242,51.00571728380647,4.789236001385361,2022,5,18,24007,Begijnendijk,Normaal,Droog+Proper,Dag,met lichtgewonden,9,personenauto,3,Fiets,Op Kruispunt,Gemeenteweg,binnen bebouwde kom,Tss. 2 best.: langs opzij (voor-/achterkant-flank),Geen hindernis
31355,111,Zaventem totem,Zaventem,50.8871216,4.4597084,1.0484800808026749,50.88200942164629,4.472267118528418,2022,5,17,23094,Zaventem,Normaal,Proper,Dag,met lichtgewonden,3,Fiets,9,personenauto,Op Kruispunt,Gemeenteweg,binnen bebouwde kom,Tussen 2 bestuurders: Flank tegen flank,Geen hindernis
31355,26,Zaventem,Zaventem,50.86995,4.45444,1.8337661810358645,50.88200942164629,4.472267118528418,2022,5,17,23094,Zaventem,Normaal,Proper,Dag,met lichtgewonden,3,Fiets,9,personenauto,Op Kruispunt,Gemeenteweg,binnen bebouwde kom,Tussen 2 bestuurders: Flank tegen flank,Geen hindernis
31366,86,Asse teller 2,Asse,50.89132,4.1709,1.7313953835889342,50.89755006434523,4.148275981219006,2022,5,17,23002,Asse,Normaal,Droog,Dag,met lichtgewonden,9,personenauto,3,Fiets,Buiten Kruispunt,Gemeenteweg,buiten bebouwde kom,Tussen 2 bestuurders: Langs achteren,Geen hindernis
31366,85,Asse teller 1,Asse,50.89621,4.17294,1.7361592106531036,50.89755006434523,4.148275981219006,2022,5,17,23002,Asse,Normaal,Droog,Dag,met lichtgewonden,9,personenauto,3,Fiets,Buiten Kruispunt,Gemeenteweg,buiten bebouwde kom,Tussen 2 bestuurders: Langs achteren,Geen hindernis
31379,27,Grimbergen,Meise,50.92127,4.34013,1.0497226070832246,50.93070595093792,4.3396711621386626,2022,5,19,23050,Meise,Normaal,Droog,Dag,met lichtgewonden,3,Fiets,9,personenauto,Buiten Kruispunt,Gemeenteweg,binnen bebouwde kom,Tussen 2 bestuurders: Flank tegen flank,Geen hindernis
31380,27,Grimbergen,Meise,50.92127,4.34013,2.408673545378957,50.935868628207004,4.365520655254026,2022,5,8,23025,Grimbergen,Normaal,Droog,Dag,met lichtgewonden,3,Fiets,9,personenauto,Buiten Kruispunt,Gewestweg,binnen bebouwde kom,Tussen 2 bestuurders: Flank tegen flank,Geen hindernis
31382,47,Vilvoorde,Vilvoorde,50.91372,4.41497,2.1617554533518515,50.93007618618319,4.431640449855066,2022,5,16,23088,Vilvoorde,Onbekend,Droog,Dag,met lichtgewonden,2,Andere weggebruiker,3,Fiets,Buiten Kruispunt,Gemeenteweg,binnen bebouwde kom,Tss. 2 best.: langs opzij (voor-/achterkant-flank),Geen hindernis
31382,1,Machelen,Machelen,50.91618331151478,4.456121776137429,2.308900355106871,50.93007618618319,4.431640449855066,2022,5,16,23088,Vilvoorde,Onbekend,Droog,Dag,met lichtgewonden,2,Andere weggebruiker,3,Fiets,Buiten Kruispunt,Gemeenteweg,binnen bebouwde kom,Tss. 2 best.: langs opzij (voor-/achterkant-flank),Geen hindernis
31383,1,Machelen,Machelen,50.91618331151478,4.456121776137429,2.3374391386171878,50.93308091295254,4.436284453587387,2022,5,14,23088,Vilvoorde,Onbekend,Onbekend,Dag,met lichtgewonden,3,Fiets,9,personenauto,Buiten Kruispunt,Gemeenteweg,binnen bebouwde kom,Tss. 2 best.: langs opzij (voor-/achterkant-flank),Geen hindernis
31384,47,Vilvoorde,Vilvoorde,50.91372,4.41497,0.5921297933176285,50.91857369339276,4.418444682411933,2022,5,16,23088,Vilvoorde,Normaal,Droog,Dag,met lichtgewonden,3,Fiets,11,een weggebruiker tegen een hindernis,Buiten Kruispunt,Gewestweg,binnen bebouwde kom,Weggebruiker tegen hindernis op de rijbaan,"Op de rijbaan: Werken (signal., aarde, toestel,…)"
31385,27,Grimbergen,Meise,50.92127,4.34013,2.1690381728785244,50.910659727414554,4.366092948412485,2022,5,15,23088,Vilvoorde,Normaal,Droog,Dag,met lichtgewonden,9,personenauto,3,Fiets,Op Kruispunt,Gemeenteweg,binnen bebouwde kom,Tss. 2 best.: langs opzij (voor-/achterkant-flank),Geen hindernis
31386,47,Vilvoorde,Vilvoorde,50.91372,4.41497,1.0305039249682597,50.922876303614295,4.412699158402021,2022,5,18,23088,Vilvoorde,Normaal,Droog,Dag,met lichtgewonden,3,Fiets,10,"één bestuurder, geen hindernis",Buiten Kruispunt,Gewestweg,binnen bebouwde kom,"Eén bestuurder, geen hindernis (incl. val)",Geen hindernis
31389,47,Vilvoorde,Vilvoorde,50.91372,4.41497,1.9978931809866995,50.9307531843069,4.424041578028222,2022,5,15,23088,Vilvoorde,Onbekend,Onbekend,Dag,met lichtgewonden,3,Fiets,9,personenauto,Op Kruispunt,Gemeenteweg,onbekend,Tss. 2 best.: langs opzij (voor-/achterkant-flank),Geen hindernis
31390,109,Zemst,Zemst,50.9903936,4.4707023,1.3335344131219524,50.981805119397144,4.457405512757622,2022,5,10,23096,Zemst,Normaal,Droog,Dag,met zwaargewonden,9,personenauto,3,Fiets,Op Kruispunt,Gemeenteweg,binnen bebouwde kom,Tussen 2 bestuurders: Langs achteren,Geen hindernis
31393,109,Zemst,Zemst,50.9903936,4.4707023,1.9543991703119936,50.973613931214224,4.47901226225225,2022,5,22,23096,Zemst,Normaal,Droog,"Nacht, openbare verlichting aanwezig en ontstoken",met lichtgewonden,9,personenauto,3,Fiets,Op Kruispunt,Gewestweg,binnen bebouwde kom,Tss. 2 best.: langs opzij (voor-/achterkant-flank),Geen hindernis
31396,1,Machelen,Machelen,50.91618331151478,4.456121776137429,2.3414109546716606,50.914254615028895,4.489379997752109,2022,5,13,23081,Steenokkerzeel,Normaal,Droog,Dag,met lichtgewonden,9,personenauto,3,Fiets,Buiten Kruispunt,Gewestweg,onbekend,Tss. 2 best.: langs opzij (voor-/achterkant-flank),Geen hindernis
31400,13,Gent,Gent,51.03018,3.70146,1.5471185510394923,51.04002927961073,3.717087831149645,2022,5,11,44021,Gent,Normaal,Droog,Dag,met lichtgewonden,5,Lichte vrachtauto,3,Fiets,Op Kruispunt,Gewestweg,binnen bebouwde kom,Tss. 2 best.: langs opzij (voor-/achterkant-flank),Geen hindernis
31401,136,Gent R4,Gent,51.0876313,3.7587918,2.0842681671095757,51.07007170139022,3.769230429312358,2022,5,15,44021,Gent,Normaal,Droog,Dag,met lichtgewonden,3,Fiets,3,Fiets,Op Kruispunt,Gewestweg,buiten bebouwde kom,Tussen 2 bestuurders: Flank tegen flank,Geen hindernis
31404,13,Gent,Gent,51.03018,3.70146,0.8546568730956849,51.02438400949257,3.709486156335517,2022,5,15,44021,Gent,Normaal,Droog,Dag,met lichtgewonden,9,personenauto,3,Fiets,Buiten Kruispunt,Gewestweg,binnen bebouwde kom,Tussen 2 bestuurders: Langs achteren,Geen hindernis
31406,136,Gent R4,Gent,51.0876313,3.7587918,0.7617355350485784,51.09387866307275,3.763266555098143,2022,5,20,44021,Gent,Normaal,Droog,Dag,met lichtgewonden,9,personenauto,3,Fiets,Op Kruispunt,Gemeenteweg,binnen bebouwde kom,Tss. 2 best.: langs opzij (voor-/achterkant-flank),Geen hindernis
31408,116,Melle teller 2,Melle,50.9986113,3.8040599,0.3272070513634726,50.99915850096265,3.808654140278915,2022,5,14,44040,Melle,Onbekend,Onbekend,Dag,met lichtgewonden,3,Fiets,9,personenauto,Buiten Kruispunt,Gewestweg,binnen bebouwde kom,Tss. 2 best.: langs opzij (voor-/achterkant-flank),Geen hindernis
31408,117,Melle teller 1,Melle,50.9986113,3.8040599,0.3272070513634726,50.99915850096265,3.808654140278915,2022,5,14,44040,Melle,Onbekend,Onbekend,Dag,met lichtgewonden,3,Fiets,9,personenauto,Buiten Kruispunt,Gewestweg,binnen bebouwde kom,Tss. 2 best.: langs opzij (voor-/achterkant-flank),Geen hindernis
31412,136,Gent R4,Gent,51.0876313,3.7587918,2.1551422828013225,51.06898005047975,3.750402503739884,2022,5,9,44021,Gent,Normaal,Droog,Dag,met lichtgewonden,9,personenauto,3,Fiets,Op Kruispunt,Gemeenteweg,binnen bebouwde kom,Tussen 2 bestuurders: Langs achteren,Geen hindernis
31414,13,Gent,Gent,51.03018,3.70146,1.557411194256876,51.044045996568244,3.7046029690668907,2022,5,17,44021,Gent,Normaal,Droog,Dag,met lichtgewonden,3,Fiets,3,Fiets,Buiten Kruispunt,Gemeenteweg,binnen bebouwde kom,Tss. 2 best.: langs opzij (voor-/achterkant-flank),Geen hindernis
31415,136,Gent R4,Gent,51.0876313,3.7587918,2.0842681671095757,51.07007170139022,3.769230429312358,2022,5,11,44021,Gent,Normaal,Droog,Dag,met lichtgewonden,9,personenauto,3,Fiets,Op Kruispunt,Gewestweg,binnen bebouwde kom,Tussen 2 bestuurders: Frontale botsing,Geen hindernis
31416,13,Gent,Gent,51.03018,3.70146,2.277885403612077,51.04907379843708,3.688868820538106,2022,5,15,44021,Gent,Normaal,Droog,Dag,met lichtgewonden,3,Fiets,9,personenauto,Buiten Kruispunt,Gemeenteweg,binnen bebouwde kom,Tussen 2 bestuurders: Langs achteren,Geen hindernis
31418,13,Gent,Gent,51.03018,3.70146,1.3319060673365446,51.021915201040834,3.6876755361839146,2022,5,16,44021,Gent,Normaal,Droog,Dag,met lichtgewonden,3,Fiets,8,Voetganger,Op Kruispunt,Gewestweg,binnen bebouwde kom,Met een voetganger,Geen hindernis
31419,13,Gent,Gent,51.03018,3.70146,1.27558149554617,51.031100737479555,3.6832782787729825,2022,5,16,44021,Gent,Normaal,Droog,Dag,met lichtgewonden,9,personenauto,3,Fiets,Op Kruispunt,Gemeenteweg,binnen bebouwde kom,Tss. 2 best.: langs opzij (voor-/achterkant-flank),Geen hindernis
31420,13,Gent,Gent,51.03018,3.70146,0.8546568730956849,51.02438400949257,3.709486156335517,2022,5,16,44021,Gent,Normaal,Droog,Dag,met lichtgewonden,3,Fiets,3,Fiets,Buiten Kruispunt,Gewestweg,binnen bebouwde kom,Tussen 2 bestuurders: Frontale botsing,Geen hindernis
31421,13,Gent,Gent,51.03018,3.70146,2.3040689144221496,51.0462935022542,3.722177902010552,2022,5,13,44021,Gent,Regenval,"Nat, plassen",Dag,met lichtgewonden,9,personenauto,3,Fiets,Op Kruispunt,Gemeenteweg,binnen bebouwde kom,Tss. 2 best.: langs opzij (voor-/achterkant-flank),Geen hindernis
31423,7,Evergem 1,Evergem,51.1089,3.70317,2.2155506511608674,51.09070866447439,3.7161147134908945,2022,5,7,44021,Gent,Normaal,Droog,Dag,met lichtgewonden,9,personenauto,3,Fiets,Buiten Kruispunt,Gewestweg,binnen bebouwde kom,Tss. 2 best.: langs opzij (voor-/achterkant-flank),Geen hindernis
31423,6,Evergem 2,Evergem,51.10894,3.70298,2.2250477333833936,51.09070866447439,3.7161147134908945,2022,5,7,44021,Gent,Normaal,Droog,Dag,met lichtgewonden,9,personenauto,3,Fiets,Buiten Kruispunt,Gewestweg,binnen bebouwde kom,Tss. 2 best.: langs opzij (voor-/achterkant-flank),Geen hindernis
31425,136,Gent R4,Gent,51.0876313,3.7587918,2.3166285519241985,51.08887695686323,3.7256825478110303,2022,5,12,44021,Gent,Normaal,Droog,Dag,met lichtgewonden,9,personenauto,3,Fiets,Op Kruispunt,Gewestweg,binnen bebouwde kom,Tussen 2 bestuurders: Flank tegen flank,Geen hindernis
31430,136,Gent R4,Gent,51.0876313,3.7587918,2.3907677287048563,51.08404464208808,3.7250431059363014,2022,5,15,44021,Gent,Normaal,Droog,Dag,met lichtgewonden,9,personenauto,3,Fiets,Op Kruispunt,Gewestweg,binnen bebouwde kom,Tss. 2 best.: langs opzij (voor-/achterkant-flank),Geen hindernis
31431,118,Gent teller 1,Gent,51.028049,3.7681359,1.346971258579978,51.03560618920101,3.753082007075877,2022,5,22,44021,Gent,Normaal,Droog,"Nacht, openbare verlichting aanwezig en ontstoken",met lichtgewonden,3,Fiets,9,personenauto,Buiten Kruispunt,Gewestweg,binnen bebouwde kom,Tussen 2 bestuurders: Langs achteren,Geen hindernis
31431,119,Gent teller 2,Gent,51.0281795,3.7683918,1.3520900822205117,51.03560618920101,3.753082007075877,2022,5,22,44021,Gent,Normaal,Droog,"Nacht, openbare verlichting aanwezig en ontstoken",met lichtgewonden,3,Fiets,9,personenauto,Buiten Kruispunt,Gewestweg,binnen bebouwde kom,Tussen 2 bestuurders: Langs achteren,Geen hindernis