crash_row_id,site_id,site_name,site_gemeente,site_lat,site_long,distance_km,crash_lat,crash_long,DT_YEAR_COLLISION,DT_MONTH_COLLISION,DT_TIME,CD_NIS,TX_MUNTY_COLLISION_NL,TX_WEATHER_NL,TX_ROAD_CONDITION_NL,TX_LIGHT_CONDITION_NL,TX_CLASS_ACCIDENTS_NL,CD_ROAD_USR_TYPE1,TX_ROAD_USR_TYPE1_NL,CD_ROAD_USR_TYPE2,TX_ROAD_USR_TYPE2_NL,TX_CROSSWAY_NL,CD_ROAD_TYPE_NL,TX_BUILD_UP_AREA_NL,TX_COLLISION_TYPE_NL,TX_OBSTACLES_NL
31440,13,Gent,Gent,51.03018,3.70146,2.0772893031794473,51.04117866454205,3.7254735691310166,2022,5,7,44021,Gent,Onbekend,Droog,Dag,met lichtgewonden,3,Fiets,6,Bromfiets,Op Kruispunt,Gewestweg,binnen bebouwde kom,Tussen 2 bestuurders: Frontale botsing,Geen hindernis
31442,13,Gent,Gent,51.03018,3.70146,1.557411194256876,51.044045996568244,3.7046029690668907,2022,5,18,44021,Gent,Normaal,Droog,Dag,met lichtgewonden,3,Fiets,3,Fiets,Buiten Kruispunt,Gemeenteweg,binnen bebouwde kom,Tussen 2 bestuurders: Frontale botsing,Geen hindernis
31444,13,Gent,Gent,51.03018,3.70146,1.7524476821191879,51.04572996279856,3.7055396173410236,2022,5,15,44021,Gent,Normaal,Droog,Dag,met lichtgewonden,6,Bromfiets,3,Fiets,Buiten Kruispunt,Gemeenteweg,binnen bebouwde kom,Kettingbotsing (3 bestuurders of meer),Geen hindernis
31446,13,Gent,Gent,51.03018,3.70146,2.1967929257790217,51.04583831628148,3.720618286956905,2022,5,4,44021,Gent,Normaal,Droog,"Nacht, openbare verlichting aanwezig en ontstoken",met lichtgewonden,3,Fiets,99,onbekend,Op Kruispunt,Gemeenteweg,binnen bebouwde kom,Tussen 2 bestuurders: Flank tegen flank,Geen hindernis
31450,13,Gent,Gent,51.03018,3.70146,2.241764129116356,51.045600271380856,3.722113764243956,2022,5,0,44021,Gent,Normaal,Droog,"Nacht, openbare verlichting aanwezig en ontstoken",met lichtgewonden,3,Fiets,10,"één bestuurder, geen hindernis",Buiten Kruispunt,Gemeenteweg,binnen bebouwde kom,"Eén bestuurder, geen hindernis (incl. val)",Geen hindernis
31451,136,Gent R4,Gent,51.0876313,3.7587918,1.1887393968062039,51.08168224177858,3.772931924421885,2022,5,19,44021,Gent,Normaal,Droog,Dag,met lichtgewonden,3,Fiets,9,personenauto,Op Kruispunt,Gemeenteweg,binnen bebouwde kom,Tussen 2 bestuurders: Langs achteren,Geen hindernis
31454,118,Gent teller 1,Gent,51.028049,3.7681359,2.2600780372205724,51.03707284384279,3.7391758073652177,2022,5,11,44021,Gent,Onbekend,Onbekend,Dag,met lichtgewonden,5,Lichte vrachtauto,3,Fiets,Op Kruispunt,Gewestweg,binnen bebouwde kom,Tussen 2 bestuurders: Flank tegen flank,Geen hindernis
31454,119,Gent teller 2,Gent,51.0281795,3.7683918,2.2697640095892684,51.03707284384279,3.7391758073652177,2022,5,11,44021,Gent,Onbekend,Onbekend,Dag,met lichtgewonden,5,Lichte vrachtauto,3,Fiets,Op Kruispunt,Gewestweg,binnen bebouwde kom,Tussen 2 bestuurders: Flank tegen flank,Geen hindernis
31472,119,Gent teller 2,Gent,51.0281795,3.7683918,2.3767121044325252,51.042636501063676,3.7934274494917464,2022,5,17,44013,Destelbergen,Normaal,Droog,Dag,met zwaargewonden,3,Fiets,3,Fiets,Buiten Kruispunt,Gemeenteweg,buiten bebouwde kom,Tussen 2 bestuurders: Frontale botsing,Geen hindernis
31472,118,Gent teller 1,Gent,51.028049,3.7681359,2.399708788508424,51.042636501063676,3.7934274494917464,2022,5,17,44013,Destelbergen,Normaal,Droog,Dag,met zwaargewonden,3,Fiets,3,Fiets,Buiten Kruispunt,Gemeenteweg,buiten bebouwde kom,Tussen 2 bestuurders: Frontale botsing,Geen hindernis
31473,118,Gent teller 1,Gent,51.028049,3.7681359,0.4917219421300058,51.02467003890827,3.7726715288812858,2022,5,17,44040,Melle,Onbekend,Onbekend,Onbekend,met zwaargewonden,9,personenauto,3,Fiets,Op Kruispunt,Gewestweg,buiten bebouwde kom,Tss. 2 best.: langs opzij (voor-/achterkant-flank),Geen hindernis
31473,119,Gent teller 2,Gent,51.0281795,3.7683918,0.49180387657326596,51.02467003890827,3.7726715288812858,2022,5,17,44040,Melle,Onbekend,Onbekend,Onbekend,met zwaargewonden,9,personenauto,3,Fiets,Op Kruispunt,Gewestweg,buiten bebouwde kom,Tss. 2 best.: langs opzij (voor-/achterkant-flank),Geen hindernis
31476,119,Gent teller 2,Gent,51.0281795,3.7683918,1.584040220435738,51.02842760935364,3.7910386923900723,2022,5,8,44013,Destelbergen,Normaal,Droog,Dag,met lichtgewonden,3,Fiets,10,"één bestuurder, geen hindernis",Op Kruispunt,Gewestweg,buiten bebouwde kom,"Eén bestuurder, geen hindernis (incl. val)",Geen hindernis
31476,118,Gent teller 1,Gent,51.028049,3.7681359,1.6022516374966842,51.02842760935364,3.7910386923900723,2022,5,8,44013,Destelbergen,Normaal,Droog,Dag,met lichtgewonden,3,Fiets,10,"één bestuurder, geen hindernis",Op Kruispunt,Gewestweg,buiten bebouwde kom,"Eén bestuurder, geen hindernis (incl. val)",Geen hindernis
31480,118,Gent teller 1,Gent,51.028049,3.7681359,2.1198346964206527,51.00941411984935,3.7617411380369403,2022,5,16,44043,Merelbeke,Normaal,Droog,Dag,met lichtgewonden,3,Fiets,10,"één bestuurder, geen hindernis",Buiten Kruispunt,Gemeenteweg,binnen bebouwde kom,"Eén bestuurder, geen hindernis (incl. val)",Geen hindernis
31480,119,Gent teller 2,Gent,51.0281795,3.7683918,2.1378445680861633,51.00941411984935,3.7617411380369403,2022,5,16,44043,Merelbeke,Normaal,Droog,Dag,met lichtgewonden,3,Fiets,10,"één bestuurder, geen hindernis",Buiten Kruispunt,Gemeenteweg,binnen bebouwde kom,"Eén bestuurder, geen hindernis (incl. val)",Geen hindernis
31487,6,Evergem 2,Evergem,51.10894,3.70298,0.29351050399029915,51.11157223037597,3.702665974224128,2022,5,18,44019,Evergem,Normaal,Droog,Dag,met lichtgewonden,9,personenauto,3,Fiets,Op Kruispunt,Gemeenteweg,binnen bebouwde kom,Tss. 2 best.: langs opzij (voor-/achterkant-flank),Geen hindernis
31487,7,Evergem 1,Evergem,51.1089,3.70317,0.29921455867684443,51.11157223037597,3.702665974224128,2022,5,18,44019,Evergem,Normaal,Droog,Dag,met lichtgewonden,9,personenauto,3,Fiets,Op Kruispunt,Gemeenteweg,binnen bebouwde kom,Tss. 2 best.: langs opzij (voor-/achterkant-flank),Geen hindernis
31492,7,Evergem 1,Evergem,51.1089,3.70317,0.9770760537201513,51.11502552410638,3.7132050731817254,2022,5,15,44019,Evergem,Normaal,Droog,Dag,met lichtgewonden,9,personenauto,3,Fiets,Buiten Kruispunt,Gemeenteweg,binnen bebouwde kom,Tussen 2 bestuurders: Frontale botsing,Geen hindernis
31492,6,Evergem 2,Evergem,51.10894,3.70298,0.9835633777729474,51.11502552410638,3.7132050731817254,2022,5,15,44019,Evergem,Normaal,Droog,Dag,met lichtgewonden,9,personenauto,3,Fiets,Buiten Kruispunt,Gemeenteweg,binnen bebouwde kom,Tussen 2 bestuurders: Frontale botsing,Geen hindernis
31495,115,Aalter,Aalter,51.1058367,3.4350591,1.4142527259532265,51.09506463313418,3.4458276795014706,2022,5,2,44084,Aalter,Normaal,Droog,"Nacht, openbare verlichting aanwezig en ontstoken",met zwaargewonden,3,Fiets,10,"één bestuurder, geen hindernis",Buiten Kruispunt,Gewestweg,binnen bebouwde kom,"Eén bestuurder, geen hindernis (incl. val)",Geen hindernis
31496,115,Aalter,Aalter,51.1058367,3.4350591,0.6935137125879546,51.11109820304225,3.440393178801644,2022,5,22,44084,Aalter,Normaal,Droog,"Nacht, geen openbare verlichting aanwezig",met lichtgewonden,3,Fiets,11,een weggebruiker tegen een hindernis,Buiten Kruispunt,Gemeenteweg,buiten bebouwde kom,Weggebruiker tegen hindernis op de rijbaan,"Op de rijbaan: Verkeersdrempel, ezelsrug"
31498,115,Aalter,Aalter,51.1058367,3.4350591,2.322135298530303,51.08976496158476,3.4562931823823964,2022,5,6,44084,Aalter,Normaal,Droog,Dag,met lichtgewonden,5,Lichte vrachtauto,3,Fiets,Op Kruispunt,Gemeenteweg,binnen bebouwde kom,Tussen 2 bestuurders: Flank tegen flank,Geen hindernis
31499,115,Aalter,Aalter,51.1058367,3.4350591,1.9132500698068582,51.10701758679608,3.462398427201865,2022,5,12,44084,Aalter,Normaal,Droog,Dag,met lichtgewonden,3,Fiets,3,Fiets,Buiten Kruispunt,Gemeenteweg,buiten bebouwde kom,Tussen 2 bestuurders: Frontale botsing,Geen hindernis
31566,126,Hamme totem,Hamme,51.1017709,4.1469307,2.2159627488919145,51.113912347994805,4.172100503027395,2022,5,7,46025,Temse,Normaal,Droog,Dag,met zwaargewonden,3,Fiets,10,"één bestuurder, geen hindernis",Buiten Kruispunt,Gemeenteweg,binnen bebouwde kom,"Eén bestuurder, geen hindernis (incl. val)",Geen hindernis
31570,128,Lokeren teller 1,Lokeren,51.09644,3.97023,0.45223639530530163,51.09833962159283,3.975956392959859,2022,5,12,46014,Lokeren,Normaal,Droog,Dag,met lichtgewonden,9,personenauto,3,Fiets,Op Kruispunt,Gewestweg,binnen bebouwde kom,Tss. 2 best.: langs opzij (voor-/achterkant-flank),Geen hindernis
31570,129,Lokeren teller 2,Lokeren,51.09612,3.97025,0.4687237830258913,51.09833962159283,3.975956392959859,2022,5,12,46014,Lokeren,Normaal,Droog,Dag,met lichtgewonden,9,personenauto,3,Fiets,Op Kruispunt,Gewestweg,binnen bebouwde kom,Tss. 2 best.: langs opzij (voor-/achterkant-flank),Geen hindernis
31570,141,Test site A support,Lokeren,51.08342085,3.9961071208376326,2.175429832754919,51.09833962159283,3.975956392959859,2022,5,12,46014,Lokeren,Normaal,Droog,Dag,met lichtgewonden,9,personenauto,3,Fiets,Op Kruispunt,Gewestweg,binnen bebouwde kom,Tss. 2 best.: langs opzij (voor-/achterkant-flank),Geen hindernis
31571,128,Lokeren teller 1,Lokeren,51.09644,3.97023,1.7937903052510995,51.102416415895256,3.9940910773446814,2022,5,8,46014,Lokeren,Normaal,"Nat, plassen",Dag,met lichtgewonden,9,personenauto,3,Fiets,Op Kruispunt,Gewestweg,buiten bebouwde kom,Tss. 2 best.: langs opzij (voor-/achterkant-flank),Geen hindernis
31571,129,Lokeren teller 2,Lokeren,51.09612,3.97025,1.805992669522785,51.102416415895256,3.9940910773446814,2022,5,8,46014,Lokeren,Normaal,"Nat, plassen",Dag,met lichtgewonden,9,personenauto,3,Fiets,Op Kruispunt,Gewestweg,buiten bebouwde kom,Tss. 2 best.: langs opzij (voor-/achterkant-flank),Geen hindernis
31571,141,Test site A support,Lokeren,51.08342085,3.9961071208376326,2.1168978494471284,51.102416415895256,3.9940910773446814,2022,5,8,46014,Lokeren,Normaal,"Nat, plassen",Dag,met lichtgewonden,9,personenauto,3,Fiets,Op Kruispunt,Gewestweg,buiten bebouwde kom,Tss. 2 best.: langs opzij (voor-/achterkant-flank),Geen hindernis
31572,128,Lokeren teller 1,Lokeren,51.09644,3.97023,0.8859332936501844,51.10440666475457,3.9700588673364217,2022,5,16,46014,Lokeren,Normaal,Droog,Dag,met lichtgewonden,3,Fiets,3,Fiets,Buiten Kruispunt,Gemeenteweg,binnen bebouwde kom,Tussen 2 bestuurders: Frontale botsing,Geen hindernis
31572,129,Lokeren teller 2,Lokeren,51.09612,3.97025,0.9215317258717696,51.10440666475457,3.9700588673364217,2022,5,16,46014,Lokeren,Normaal,Droog,Dag,met lichtgewonden,3,Fiets,3,Fiets,Buiten Kruispunt,Gemeenteweg,binnen bebouwde kom,Tussen 2 bestuurders: Frontale botsing,Geen hindernis
31573,129,Lokeren teller 2,Lokeren,51.09612,3.97025,0.5406742417032246,51.09217996171252,3.9657130587470246,2022,5,18,46014,Lokeren,Normaal,Droog,Dag,met lichtgewonden,9,personenauto,3,Fiets,Op Kruispunt,Gewestweg,buiten bebouwde kom,Tss. 2 best.: langs opzij (voor-/achterkant-flank),Geen hindernis
31573,128,Lokeren teller 1,Lokeren,51.09644,3.97023,0.5691125528721015,51.09217996171252,3.9657130587470246,2022,5,18,46014,Lokeren,Normaal,Droog,Dag,met lichtgewonden,9,personenauto,3,Fiets,Op Kruispunt,Gewestweg,buiten bebouwde kom,Tss. 2 best.: langs opzij (voor-/achterkant-flank),Geen hindernis
31573,141,Test site A support,Lokeren,51.08342085,3.9961071208376326,2.3356307864758974,51.09217996171252,3.9657130587470246,2022,5,18,46014,Lokeren,Normaal,Droog,Dag,met lichtgewonden,9,personenauto,3,Fiets,Op Kruispunt,Gewestweg,buiten bebouwde kom,Tss. 2 best.: langs opzij (voor-/achterkant-flank),Geen hindernis
31575,126,Hamme totem,Hamme,51.1017709,4.1469307,2.206625504271801,51.1142106471237,4.1223045019699915,2022,5,19,42023,Waasmunster,Normaal,Proper,Onbekend,met lichtgewonden,3,Fiets,9,personenauto,Buiten Kruispunt,Gemeenteweg,binnen bebouwde kom,Tss. 2 best.: langs opzij (voor-/achterkant-flank),Geen hindernis
31576,126,Hamme totem,Hamme,51.1017709,4.1469307,1.7105138816741559,51.098158927887226,4.123118872567829,2022,5,15,42008,Hamme,Normaal,Droog,Dag,met lichtgewonden,3,Fiets,9,personenauto,Buiten Kruispunt,Gemeenteweg,binnen bebouwde kom,Tss. 2 best.: langs opzij (voor-/achterkant-flank),Geen hindernis
31577,126,Hamme totem,Hamme,51.1017709,4.1469307,1.3436777688628931,51.09169022177133,4.136320112406959,2022,5,12,42008,Hamme,Normaal,Droog,Dag,met lichtgewonden,3,Fiets,9,personenauto,Buiten Kruispunt,Gewestweg,binnen bebouwde kom,Tss. 2 best.: langs opzij (voor-/achterkant-flank),Geen hindernis
31580,120,Zele teller 1,Zele,51.0607671,4.0547741,1.9101781644483635,51.06503457699951,4.0282967335873625,2022,5,11,42028,Zele,Normaal,Droog,Dag,met lichtgewonden,3,Fiets,10,"één bestuurder, geen hindernis",Buiten Kruispunt,Gewestweg,binnen bebouwde kom,"Eén bestuurder, geen hindernis (incl. val)",Geen hindernis
31580,121,Zele teller 2,Zele,51.0604067,4.0556696,1.9808952550650223,51.06503457699951,4.0282967335873625,2022,5,11,42028,Zele,Normaal,Droog,Dag,met lichtgewonden,3,Fiets,10,"één bestuurder, geen hindernis",Buiten Kruispunt,Gewestweg,binnen bebouwde kom,"Eén bestuurder, geen hindernis (incl. val)",Geen hindernis
31581,120,Zele teller 1,Zele,51.0607671,4.0547741,1.4785019458057929,51.068491914020754,4.037553174847058,2022,5,10,42028,Zele,Normaal,Droog,Dag,met lichtgewonden,9,personenauto,3,Fiets,Buiten Kruispunt,Gemeenteweg,binnen bebouwde kom,Tussen 2 bestuurders: Flank tegen flank,Geen hindernis
31581,121,Zele teller 2,Zele,51.0604067,4.0556696,1.5527258617406348,51.068491914020754,4.037553174847058,2022,5,10,42028,Zele,Normaal,Droog,Dag,met lichtgewonden,9,personenauto,3,Fiets,Buiten Kruispunt,Gemeenteweg,binnen bebouwde kom,Tussen 2 bestuurders: Flank tegen flank,Geen hindernis
31582,121,Zele teller 2,Zele,51.0604067,4.0556696,0.32366817934884773,51.05769815461159,4.057365864153764,2022,5,18,42028,Zele,"Andere (dikke rook,...)",Droog,Dag,met lichtgewonden,9,personenauto,3,Fiets,Op Kruispunt,Gemeenteweg,buiten bebouwde kom,Tussen 2 bestuurders: Frontale botsing,Geen hindernis
31582,120,Zele teller 1,Zele,51.0607671,4.0547741,0.3863437111907866,51.05769815461159,4.057365864153764,2022,5,18,42028,Zele,"Andere (dikke rook,...)",Droog,Dag,met lichtgewonden,9,personenauto,3,Fiets,Op Kruispunt,Gemeenteweg,buiten bebouwde kom,Tussen 2 bestuurders: Frontale botsing,Geen hindernis
31584,120,Zele teller 1,Zele,51.0607671,4.0547741,1.3590404935759615,51.07247476522232,4.049190603731715,2022,5,12,42028,Zele,Regenval,"Nat, plassen",Dag,met lichtgewonden,2,Andere weggebruiker,3,Fiets,Op Kruispunt,Gewestweg,binnen bebouwde kom,Tss. 2 best.: langs opzij (voor-/achterkant-flank),Geen hindernis
31584,121,Zele teller 2,Zele,51.0604067,4.0556696,1.4162213699546677,51.07247476522232,4.049190603731715,2022,5,12,42028,Zele,Regenval,"Nat, plassen",Dag,met lichtgewonden,2,Andere weggebruiker,3,Fiets,Op Kruispunt,Gewestweg,binnen bebouwde kom,Tss. 2 best.: langs opzij (voor-/achterkant-flank),Geen hindernis
31595,11,Aalst 3,Aalst,50.93385,4.01647,1.391646913056709,50.9281326230752,4.034134443341121,2022,5,17,41002,Aalst,Normaal,"Nat, plassen",Dag,met lichtgewonden,9,personenauto,3,Fiets,Buiten Kruispunt,Gewestweg,binnen bebouwde kom,Tss. 2 best.: langs opzij (voor-/achterkant-flank),Geen hindernis
31595,19,Aalst 1,Aalst,50.93433,4.01471,1.5257693635260066,50.9281326230752,4.034134443341121,2022,5,17,41002,Aalst,Normaal,"Nat, plassen",Dag,met lichtgewonden,9,personenauto,3,Fiets,Buiten Kruispunt,Gewestweg,binnen bebouwde kom,Tss. 2 best.: langs opzij (voor-/achterkant-flank),Geen hindernis
31595,10,Aalst 2,Aalst,50.93549,4.01571,1.528545884397123,50.9281326230752,4.034134443341121,2022,5,17,41002,Aalst,Normaal,"Nat, plassen",Dag,met lichtgewonden,9,personenauto,3,Fiets,Buiten Kruispunt,Gewestweg,binnen bebouwde kom,Tss. 2 best.: langs opzij (voor-/achterkant-flank),Geen hindernis
31597,10,Aalst 2,Aalst,50.93549,4.01571,1.2384426987635002,50.93804437153011,4.032912620298587,2022,5,18,41002,Aalst,Normaal,Droog,Dag,met lichtgewonden,9,personenauto,3,Fiets,Buiten Kruispunt,Gemeenteweg,binnen bebouwde kom,Tussen 2 bestuurders: Flank tegen flank,Geen hindernis
31597,11,Aalst 3,Aalst,50.93385,4.01647,1.2430123930828034,50.93804437153011,4.032912620298587,2022,5,18,41002,Aalst,Normaal,Droog,Dag,met lichtgewonden,9,personenauto,3,Fiets,Buiten Kruispunt,Gemeenteweg,binnen bebouwde kom,Tussen 2 bestuurders: Flank tegen flank,Geen hindernis
31597,19,Aalst 1,Aalst,50.93433,4.01471,1.3407223851232222,50.93804437153011,4.032912620298587,2022,5,18,41002,Aalst,Normaal,Droog,Dag,met lichtgewonden,9,personenauto,3,Fiets,Buiten Kruispunt,Gemeenteweg,binnen bebouwde kom,Tussen 2 bestuurders: Flank tegen flank,Geen hindernis
31598,11,Aalst 3,Aalst,50.93385,4.01647,0.9161668737300518,50.93473696165856,4.029467875371437,2022,5,10,41002,Aalst,Normaal,Droog,Dag,met lichtgewonden,4,Vrachtwagen,3,Fiets,Op Kruispunt,Gewestweg,binnen bebouwde kom,Tss. 2 best.: langs opzij (voor-/achterkant-flank),Geen hindernis
31598,10,Aalst 2,Aalst,50.93549,4.01571,0.9677133096250068,50.93473696165856,4.029467875371437,2022,5,10,41002,Aalst,Normaal,Droog,Dag,met lichtgewonden,4,Vrachtwagen,3,Fiets,Op Kruispunt,Gewestweg,binnen bebouwde kom,Tss. 2 best.: langs opzij (voor-/achterkant-flank),Geen hindernis
31598,19,Aalst 1,Aalst,50.93433,4.01471,1.0351613652511027,50.93473696165856,4.029467875371437,2022,5,10,41002,Aalst,Normaal,Droog,Dag,met lichtgewonden,4,Vrachtwagen,3,Fiets,Op Kruispunt,Gewestweg,binnen bebouwde kom,Tss. 2 best.: langs opzij (voor-/achterkant-flank),Geen hindernis
31601,10,Aalst 2,Aalst,50.93549,4.01571,1.2018603993838544,50.94055841655793,4.030859404273309,2022,5,7,41002,Aalst,Normaal,Droog,Dag,met lichtgewonden,3,Fiets,2,Andere weggebruiker,Op Kruispunt,Gemeenteweg,binnen bebouwde kom,Tss. 2 best.: langs opzij (voor-/achterkant-flank),Geen hindernis
31601,11,Aalst 3,Aalst,50.93385,4.01647,1.2542264273924701,50.94055841655793,4.030859404273309,2022,5,7,41002,Aalst,Normaal,Droog,Dag,met lichtgewonden,3,Fiets,2,Andere weggebruiker,Op Kruispunt,Gemeenteweg,binnen bebouwde kom,Tss. 2 best.: langs opzij (voor-/achterkant-flank),Geen hindernis
31601,19,Aalst 1,Aalst,50.93433,4.01471,1.3267254068726702,50.94055841655793,4.030859404273309,2022,5,7,41002,Aalst,Normaal,Droog,Dag,met lichtgewonden,3,Fiets,2,Andere weggebruiker,Op Kruispunt,Gemeenteweg,binnen bebouwde kom,Tss. 2 best.: langs opzij (voor-/achterkant-flank),Geen hindernis
31603,10,Aalst 2,Aalst,50.93549,4.01571,1.4570457654855586,50.9469832477394,4.025697768472793,2022,5,15,41002,Aalst,Normaal,Onbekend,Dag,met lichtgewonden,9,personenauto,3,Fiets,Op Kruispunt,Gewestweg,binnen bebouwde kom,Tss. 2 best.: langs opzij (voor-/achterkant-flank),Geen hindernis
31603,11,Aalst 3,Aalst,50.93385,4.01647,1.5970807285816437,50.9469832477394,4.025697768472793,2022,5,15,41002,Aalst,Normaal,Onbekend,Dag,met lichtgewonden,9,personenauto,3,Fiets,Op Kruispunt,Gewestweg,binnen bebouwde kom,Tss. 2 best.: langs opzij (voor-/achterkant-flank),Geen hindernis
31603,19,Aalst 1,Aalst,50.93433,4.01471,1.6038373467328115,50.9469832477394,4.025697768472793,2022,5,15,41002,Aalst,Normaal,Onbekend,Dag,met lichtgewonden,9,personenauto,3,Fiets,Op Kruispunt,Gewestweg,binnen bebouwde kom,Tss. 2 best.: langs opzij (voor-/achterkant-flank),Geen hindernis
31604,10,Aalst 2,Aalst,50.93549,4.01571,0.6999139723222715,50.94166097072243,4.0176790346160205,2022,5,8,41002,Aalst,Normaal,Droog,Dag,met lichtgewonden,9,personenauto,3,Fiets,Op Kruispunt,Gewestweg,binnen bebouwde kom,Tss. 2 best.: langs opzij (voor-/achterkant-flank),Geen hindernis
31604,19,Aalst 1,Aalst,50.93433,4.01471,0.8412957019259645,50.94166097072243,4.0176790346160205,2022,5,8,41002,Aalst,Normaal,Droog,Dag,met lichtgewonden,9,personenauto,3,Fiets,Op Kruispunt,Gewestweg,binnen bebouwde kom,Tss. 2 best.: langs opzij (voor-/achterkant-flank),Geen hindernis
31604,11,Aalst 3,Aalst,50.93385,4.01647,0.8726622945951849,50.94166097072243,4.0176790346160205,2022,5,8,41002,Aalst,Normaal,Droog,Dag,met lichtgewonden,9,personenauto,3,Fiets,Op Kruispunt,Gewestweg,binnen bebouwde kom,Tss. 2 best.: langs opzij (voor-/achterkant-flank),Geen hindernis
31605,10,Aalst 2,Aalst,50.93549,4.01571,2.0107858122998326,50.9457474211799,4.039344673948367,2022,5,8,41002,Aalst,Normaal,Droog,Dag,met lichtgewonden,3,Fiets,9,personenauto,Op Kruispunt,Gemeenteweg,binnen bebouwde kom,Tss. 2 best.: langs opzij (voor-/achterkant-flank),Geen hindernis
31605,11,Aalst 3,Aalst,50.93385,4.01647,2.0782355588047166,50.9457474211799,4.039344673948367,2022,5,8,41002,Aalst,Normaal,Droog,Dag,met lichtgewonden,3,Fiets,9,personenauto,Op Kruispunt,Gemeenteweg,binnen bebouwde kom,Tss. 2 best.: langs opzij (voor-/achterkant-flank),Geen hindernis
31605,19,Aalst 1,Aalst,50.93433,4.01471,2.1427035886372012,50.9457474211799,4.039344673948367,2022,5,8,41002,Aalst,Normaal,Droog,Dag,met lichtgewonden,3,Fiets,9,personenauto,Op Kruispunt,Gemeenteweg,binnen bebouwde kom,Tss. 2 best.: langs opzij (voor-/achterkant-flank),Geen hindernis
31606,11,Aalst 3,Aalst,50.93385,4.01647,1.3471801682203004,50.93413824611995,4.035688914097612,2022,5,11,41002,Aalst,Normaal,Droog,Dag,met lichtgewonden,9,personenauto,3,Fiets,Op Kruispunt,Gemeenteweg,binnen bebouwde kom,Tussen 2 bestuurders: Frontale botsing,Geen hindernis
31606,10,Aalst 2,Aalst,50.93549,4.01571,1.4080779349514143,50.93413824611995,4.035688914097612,2022,5,11,41002,Aalst,Normaal,Droog,Dag,met lichtgewonden,9,personenauto,3,Fiets,Op Kruispunt,Gemeenteweg,binnen bebouwde kom,Tussen 2 bestuurders: Frontale botsing,Geen hindernis
31606,19,Aalst 1,Aalst,50.93433,4.01471,1.4702809254312985,50.93413824611995,4.035688914097612,2022,5,11,41002,Aalst,Normaal,Droog,Dag,met lichtgewonden,9,personenauto,3,Fiets,Op Kruispunt,Gemeenteweg,binnen bebouwde kom,Tussen 2 bestuurders: Frontale botsing,Geen hindernis
31619,122,Dendermonde teller 2,Dendermonde,51.0373918,4.1019222,1.38229101742412,51.049295484350395,4.1076210091509955,2022,5,10,42006,Dendermonde,Normaal,Droog,Dag,met lichtgewonden,9,personenauto,3,Fiets,Buiten Kruispunt,Gewestweg,binnen bebouwde kom,Tss. 2 best.: langs opzij (voor-/achterkant-flank),Geen hindernis
31619,125,Dendermonde totem,Dendermonde,51.0372706,4.1025998,1.3824194757515198,51.049295484350395,4.1076210091509955,2022,5,10,42006,Dendermonde,Normaal,Droog,Dag,met lichtgewonden,9,personenauto,3,Fiets,Buiten Kruispunt,Gewestweg,binnen bebouwde kom,Tss. 2 best.: langs opzij (voor-/achterkant-flank),Geen hindernis
31620,122,Dendermonde teller 2,Dendermonde,51.0373918,4.1019222,1.6605830372934278,51.031443074135474,4.080139626155519,2022,5,14,42006,Dendermonde,Normaal,Droog,Dag,met lichtgewonden,3,Fiets,10,"één bestuurder, geen hindernis",Buiten Kruispunt,Gewestweg,buiten bebouwde kom,"Eén bestuurder, geen hindernis (incl. val)",Geen hindernis
31620,125,Dendermonde totem,Dendermonde,51.0372706,4.1025998,1.6989639077173837,51.031443074135474,4.080139626155519,2022,5,14,42006,Dendermonde,Normaal,Droog,Dag,met lichtgewonden,3,Fiets,10,"één bestuurder, geen hindernis",Buiten Kruispunt,Gewestweg,buiten bebouwde kom,"Eén bestuurder, geen hindernis (incl. val)",Geen hindernis
31621,125,Dendermonde totem,Dendermonde,51.0372706,4.1025998,0.7013927511705106,51.033621404205434,4.110781598379822,2022,5,16,42006,Dendermonde,Normaal,Droog,Dag,met lichtgewonden,3,Fiets,9,personenauto,Buiten Kruispunt,Gewestweg,binnen bebouwde kom,Tussen 2 bestuurders: Langs achteren,Geen hindernis
31621,122,Dendermonde teller 2,Dendermonde,51.0373918,4.1019222,0.748015462942365,51.033621404205434,4.110781598379822,2022,5,16,42006,Dendermonde,Normaal,Droog,Dag,met lichtgewonden,3,Fiets,9,personenauto,Buiten Kruispunt,Gewestweg,binnen bebouwde kom,Tussen 2 bestuurders: Langs achteren,Geen hindernis
31622,122,Dendermonde teller 2,Dendermonde,51.0373918,4.1019222,1.815675366551722,51.03730473182376,4.075955002602516,2022,5,10,42006,Dendermonde,Normaal,Droog,Dag,met lichtgewonden,3,Fiets,10,"één bestuurder, geen hindernis",Buiten Kruispunt,Gemeenteweg,buiten bebouwde kom,"Eén bestuurder, geen hindernis (incl. val)",Geen hindernis
31622,125,Dendermonde totem,Dendermonde,51.0372706,4.1025998,1.8630342513877893,51.03730473182376,4.075955002602516,2022,5,10,42006,Dendermonde,Normaal,Droog,Dag,met lichtgewonden,3,Fiets,10,"één bestuurder, geen hindernis",Buiten Kruispunt,Gemeenteweg,buiten bebouwde kom,"Eén bestuurder, geen hindernis (incl. val)",Geen hindernis
31624,122,Dendermonde teller 2,Dendermonde,51.0373918,4.1019222,2.0650210965981546,51.03072513929666,4.0743590247573485,2022,5,15,42006,Dendermonde,Normaal,"Vuil (zand, grint, bladeren,...)",Dag,met lichtgewonden,3,Fiets,9,personenauto,Op Kruispunt,Gewestweg,buiten bebouwde kom,Tss. 2 best.: langs opzij (voor-/achterkant-flank),Geen hindernis