crash_row_id,site_id,site_name,site_gemeente,site_lat,site_long,distance_km,crash_lat,crash_long,DT_YEAR_COLLISION,DT_MONTH_COLLISION,DT_TIME,CD_NIS,TX_MUNTY_COLLISION_NL,TX_WEATHER_NL,TX_ROAD_CONDITION_NL,TX_LIGHT_CONDITION_NL,TX_CLASS_ACCIDENTS_NL,CD_ROAD_USR_TYPE1,TX_ROAD_USR_TYPE1_NL,CD_ROAD_USR_TYPE2,TX_ROAD_USR_TYPE2_NL,TX_CROSSWAY_NL,CD_ROAD_TYPE_NL,TX_BUILD_UP_AREA_NL,TX_COLLISION_TYPE_NL,TX_OBSTACLES_NL
31624,125,Dendermonde totem,Dendermonde,51.0372706,4.1025998,2.104617173216352,51.03072513929666,4.0743590247573485,2022,5,15,42006,Dendermonde,Normaal,"Vuil (zand, grint, bladeren,...)",Dag,met lichtgewonden,3,Fiets,9,personenauto,Op Kruispunt,Gewestweg,buiten bebouwde kom,Tss. 2 best.: langs opzij (voor-/achterkant-flank),Geen hindernis
31625,125,Dendermonde totem,Dendermonde,51.0372706,4.1025998,1.6103058193200919,51.02934543338504,4.121873866313096,2022,5,7,42006,Dendermonde,Normaal,Droog,Dag,met lichtgewonden,9,personenauto,3,Fiets,Op Kruispunt,Gemeenteweg,binnen bebouwde kom,Tss. 2 best.: langs opzij (voor-/achterkant-flank),Geen hindernis
31625,122,Dendermonde teller 2,Dendermonde,51.0373918,4.1019222,1.657401958212771,51.02934543338504,4.121873866313096,2022,5,7,42006,Dendermonde,Normaal,Droog,Dag,met lichtgewonden,9,personenauto,3,Fiets,Op Kruispunt,Gemeenteweg,binnen bebouwde kom,Tss. 2 best.: langs opzij (voor-/achterkant-flank),Geen hindernis
31629,125,Dendermonde totem,Dendermonde,51.0372706,4.1025998,1.5699543878006792,51.02326624153171,4.105454104086942,2022,5,23,42006,Dendermonde,Normaal,Droog,"Nacht, geen openbare verlichting aanwezig",met lichtgewonden,6,Bromfiets,3,Fiets,Buiten Kruispunt,Gewestweg,binnen bebouwde kom,Tussen 2 bestuurders: Frontale botsing,Geen hindernis
31629,122,Dendermonde teller 2,Dendermonde,51.0373918,4.1019222,1.5899915551101036,51.02326624153171,4.105454104086942,2022,5,23,42006,Dendermonde,Normaal,Droog,"Nacht, geen openbare verlichting aanwezig",met lichtgewonden,6,Bromfiets,3,Fiets,Buiten Kruispunt,Gewestweg,binnen bebouwde kom,Tussen 2 bestuurders: Frontale botsing,Geen hindernis
31634,20,Brugge,Brugge,51.17416,3.20048,1.9958640300637907,51.1894477247505,3.215484113229431,2022,5,11,31005,Brugge,Onbekend,Droog,Dag,met lichtgewonden,3,Fiets,3,Fiets,Buiten Kruispunt,Gemeenteweg,binnen bebouwde kom,Tss. 2 best.: langs opzij (voor-/achterkant-flank),Geen hindernis
31637,54,Brugge teller 2,Brugge,51.23015,3.22818,1.1549373514851513,51.22148256532252,3.2190409107623674,2022,5,15,31005,Brugge,Normaal,Droog,Dag,met lichtgewonden,9,personenauto,3,Fiets,Buiten Kruispunt,Gewestweg,binnen bebouwde kom,Tss. 2 best.: langs opzij (voor-/achterkant-flank),Geen hindernis
31637,53,Brugge teller 1,Brugge,51.23023,3.228,1.1555554399189665,51.22148256532252,3.2190409107623674,2022,5,15,31005,Brugge,Normaal,Droog,Dag,met lichtgewonden,9,personenauto,3,Fiets,Buiten Kruispunt,Gewestweg,binnen bebouwde kom,Tss. 2 best.: langs opzij (voor-/achterkant-flank),Geen hindernis
31637,52,Brugge,Brugge,51.22632,3.24095,1.6177694833339529,51.22148256532252,3.2190409107623674,2022,5,15,31005,Brugge,Normaal,Droog,Dag,met lichtgewonden,9,personenauto,3,Fiets,Buiten Kruispunt,Gewestweg,binnen bebouwde kom,Tss. 2 best.: langs opzij (voor-/achterkant-flank),Geen hindernis
31637,142,TEST Validatie BRUGGE Y2H22022134,Brugge,51.22632,3.24095,1.6177694833339529,51.22148256532252,3.2190409107623674,2022,5,15,31005,Brugge,Normaal,Droog,Dag,met lichtgewonden,9,personenauto,3,Fiets,Buiten Kruispunt,Gewestweg,binnen bebouwde kom,Tss. 2 best.: langs opzij (voor-/achterkant-flank),Geen hindernis
31638,142,TEST Validatie BRUGGE Y2H22022134,Brugge,51.22632,3.24095,1.0942973737654673,51.231577694764844,3.2542347909581957,2022,5,16,31005,Brugge,Normaal,Droog,Dag,met zwaargewonden,7,Motorfiets,3,Fiets,Op Kruispunt,Gemeenteweg,buiten bebouwde kom,Tss. 2 best.: langs opzij (voor-/achterkant-flank),Geen hindernis
31638,52,Brugge,Brugge,51.22632,3.24095,1.0942973737654673,51.231577694764844,3.2542347909581957,2022,5,16,31005,Brugge,Normaal,Droog,Dag,met zwaargewonden,7,Motorfiets,3,Fiets,Op Kruispunt,Gemeenteweg,buiten bebouwde kom,Tss. 2 best.: langs opzij (voor-/achterkant-flank),Geen hindernis
31638,54,Brugge teller 2,Brugge,51.23015,3.22818,1.8210880996728072,51.231577694764844,3.2542347909581957,2022,5,16,31005,Brugge,Normaal,Droog,Dag,met zwaargewonden,7,Motorfiets,3,Fiets,Op Kruispunt,Gemeenteweg,buiten bebouwde kom,Tss. 2 best.: langs opzij (voor-/achterkant-flank),Geen hindernis
31638,53,Brugge teller 1,Brugge,51.23023,3.228,1.8328234922655755,51.231577694764844,3.2542347909581957,2022,5,16,31005,Brugge,Normaal,Droog,Dag,met zwaargewonden,7,Motorfiets,3,Fiets,Op Kruispunt,Gemeenteweg,buiten bebouwde kom,Tss. 2 best.: langs opzij (voor-/achterkant-flank),Geen hindernis
31639,54,Brugge teller 2,Brugge,51.23015,3.22818,1.0044109042656717,51.2211751272034,3.2265479412446747,2022,5,13,31005,Brugge,Normaal,Droog+Proper,Dag,met lichtgewonden,9,personenauto,3,Fiets,Buiten Kruispunt,Gewestweg,binnen bebouwde kom,Tss. 2 best.: langs opzij (voor-/achterkant-flank),Geen hindernis
31639,53,Brugge teller 1,Brugge,51.23023,3.228,1.0119205881096187,51.2211751272034,3.2265479412446747,2022,5,13,31005,Brugge,Normaal,Droog+Proper,Dag,met lichtgewonden,9,personenauto,3,Fiets,Buiten Kruispunt,Gewestweg,binnen bebouwde kom,Tss. 2 best.: langs opzij (voor-/achterkant-flank),Geen hindernis
31639,52,Brugge,Brugge,51.22632,3.24095,1.1546364777094085,51.2211751272034,3.2265479412446747,2022,5,13,31005,Brugge,Normaal,Droog+Proper,Dag,met lichtgewonden,9,personenauto,3,Fiets,Buiten Kruispunt,Gewestweg,binnen bebouwde kom,Tss. 2 best.: langs opzij (voor-/achterkant-flank),Geen hindernis
31639,142,TEST Validatie BRUGGE Y2H22022134,Brugge,51.22632,3.24095,1.1546364777094085,51.2211751272034,3.2265479412446747,2022,5,13,31005,Brugge,Normaal,Droog+Proper,Dag,met lichtgewonden,9,personenauto,3,Fiets,Buiten Kruispunt,Gewestweg,binnen bebouwde kom,Tss. 2 best.: langs opzij (voor-/achterkant-flank),Geen hindernis
31640,142,TEST Validatie BRUGGE Y2H22022134,Brugge,51.22632,3.24095,1.6219337528030817,51.21188156879766,3.2376412951840363,2022,5,21,31005,Brugge,Normaal,Droog+Proper,Dag,met lichtgewonden,8,Voetganger,3,Fiets,Buiten Kruispunt,Gewestweg,binnen bebouwde kom,Met een voetganger,Geen hindernis
31640,52,Brugge,Brugge,51.22632,3.24095,1.6219337528030817,51.21188156879766,3.2376412951840363,2022,5,21,31005,Brugge,Normaal,Droog+Proper,Dag,met lichtgewonden,8,Voetganger,3,Fiets,Buiten Kruispunt,Gewestweg,binnen bebouwde kom,Met een voetganger,Geen hindernis
31640,54,Brugge teller 2,Brugge,51.23015,3.22818,2.1355518454169626,51.21188156879766,3.2376412951840363,2022,5,21,31005,Brugge,Normaal,Droog+Proper,Dag,met lichtgewonden,8,Voetganger,3,Fiets,Buiten Kruispunt,Gewestweg,binnen bebouwde kom,Met een voetganger,Geen hindernis
31640,53,Brugge teller 1,Brugge,51.23023,3.228,2.1479007266649024,51.21188156879766,3.2376412951840363,2022,5,21,31005,Brugge,Normaal,Droog+Proper,Dag,met lichtgewonden,8,Voetganger,3,Fiets,Buiten Kruispunt,Gewestweg,binnen bebouwde kom,Met een voetganger,Geen hindernis
31642,142,TEST Validatie BRUGGE Y2H22022134,Brugge,51.22632,3.24095,0.2285952368516227,51.22458662044253,3.239185037188784,2022,5,16,31005,Brugge,Normaal,Droog,Dag,met lichtgewonden,3,Fiets,3,Fiets,Buiten Kruispunt,Gewestweg,binnen bebouwde kom,Tussen 2 bestuurders: Frontale botsing,Geen hindernis
31642,52,Brugge,Brugge,51.22632,3.24095,0.2285952368516227,51.22458662044253,3.239185037188784,2022,5,16,31005,Brugge,Normaal,Droog,Dag,met lichtgewonden,3,Fiets,3,Fiets,Buiten Kruispunt,Gewestweg,binnen bebouwde kom,Tussen 2 bestuurders: Frontale botsing,Geen hindernis
31642,54,Brugge teller 2,Brugge,51.23015,3.22818,0.9848552295593999,51.22458662044253,3.239185037188784,2022,5,16,31005,Brugge,Normaal,Droog,Dag,met lichtgewonden,3,Fiets,3,Fiets,Buiten Kruispunt,Gewestweg,binnen bebouwde kom,Tussen 2 bestuurders: Frontale botsing,Geen hindernis
31642,53,Brugge teller 1,Brugge,51.23023,3.228,1.000195612285205,51.22458662044253,3.239185037188784,2022,5,16,31005,Brugge,Normaal,Droog,Dag,met lichtgewonden,3,Fiets,3,Fiets,Buiten Kruispunt,Gewestweg,binnen bebouwde kom,Tussen 2 bestuurders: Frontale botsing,Geen hindernis
31645,53,Brugge teller 1,Brugge,51.23023,3.228,1.7768778234544151,51.219337644415326,3.2093300067919444,2022,5,14,31005,Brugge,Normaal,Droog,Dag,met lichtgewonden,9,personenauto,3,Fiets,Op Kruispunt,Gewestweg,binnen bebouwde kom,Tss. 2 best.: langs opzij (voor-/achterkant-flank),Geen hindernis
31645,54,Brugge teller 2,Brugge,51.23015,3.22818,1.7800504550029201,51.219337644415326,3.2093300067919444,2022,5,14,31005,Brugge,Normaal,Droog,Dag,met lichtgewonden,9,personenauto,3,Fiets,Op Kruispunt,Gewestweg,binnen bebouwde kom,Tss. 2 best.: langs opzij (voor-/achterkant-flank),Geen hindernis
31645,52,Brugge,Brugge,51.22632,3.24095,2.334901405877134,51.219337644415326,3.2093300067919444,2022,5,14,31005,Brugge,Normaal,Droog,Dag,met lichtgewonden,9,personenauto,3,Fiets,Op Kruispunt,Gewestweg,binnen bebouwde kom,Tss. 2 best.: langs opzij (voor-/achterkant-flank),Geen hindernis
31645,142,TEST Validatie BRUGGE Y2H22022134,Brugge,51.22632,3.24095,2.334901405877134,51.219337644415326,3.2093300067919444,2022,5,14,31005,Brugge,Normaal,Droog,Dag,met lichtgewonden,9,personenauto,3,Fiets,Op Kruispunt,Gewestweg,binnen bebouwde kom,Tss. 2 best.: langs opzij (voor-/achterkant-flank),Geen hindernis
31647,142,TEST Validatie BRUGGE Y2H22022134,Brugge,51.22632,3.24095,2.363404115972978,51.20608185636665,3.230582094074517,2022,5,14,31005,Brugge,Normaal,Droog,Dag,met lichtgewonden,3,Fiets,3,Fiets,Buiten Kruispunt,Gemeenteweg,binnen bebouwde kom,Tussen 2 bestuurders: Frontale botsing,Geen hindernis
31647,52,Brugge,Brugge,51.22632,3.24095,2.363404115972978,51.20608185636665,3.230582094074517,2022,5,14,31005,Brugge,Normaal,Droog,Dag,met lichtgewonden,3,Fiets,3,Fiets,Buiten Kruispunt,Gemeenteweg,binnen bebouwde kom,Tussen 2 bestuurders: Frontale botsing,Geen hindernis
31649,54,Brugge teller 2,Brugge,51.23015,3.22818,0.4663348018794246,51.22867236792291,3.2344477971107075,2022,5,16,31005,Brugge,Normaal,Droog,Dag,met lichtgewonden,3,Fiets,9,personenauto,Op Kruispunt,Gemeenteweg,binnen bebouwde kom,Tss. 2 best.: langs opzij (voor-/achterkant-flank),Geen hindernis
31649,53,Brugge teller 1,Brugge,51.23023,3.228,0.4812143333338865,51.22867236792291,3.2344477971107075,2022,5,16,31005,Brugge,Normaal,Droog,Dag,met lichtgewonden,3,Fiets,9,personenauto,Op Kruispunt,Gemeenteweg,binnen bebouwde kom,Tss. 2 best.: langs opzij (voor-/achterkant-flank),Geen hindernis
31649,52,Brugge,Brugge,51.22632,3.24095,0.5228974133274502,51.22867236792291,3.2344477971107075,2022,5,16,31005,Brugge,Normaal,Droog,Dag,met lichtgewonden,3,Fiets,9,personenauto,Op Kruispunt,Gemeenteweg,binnen bebouwde kom,Tss. 2 best.: langs opzij (voor-/achterkant-flank),Geen hindernis
31649,142,TEST Validatie BRUGGE Y2H22022134,Brugge,51.22632,3.24095,0.5228974133274502,51.22867236792291,3.2344477971107075,2022,5,16,31005,Brugge,Normaal,Droog,Dag,met lichtgewonden,3,Fiets,9,personenauto,Op Kruispunt,Gemeenteweg,binnen bebouwde kom,Tss. 2 best.: langs opzij (voor-/achterkant-flank),Geen hindernis
31656,142,TEST Validatie BRUGGE Y2H22022134,Brugge,51.22632,3.24095,0.8352767753805247,51.230407879679795,3.2510137847743095,2022,5,15,31005,Brugge,Normaal,Droog,Dag,met lichtgewonden,3,Fiets,11,een weggebruiker tegen een hindernis,Buiten Kruispunt,Gewestweg,binnen bebouwde kom,Weggebruiker tegen hindernis op de rijbaan,Op de rijbaan: Dier (wild dier)
31656,52,Brugge,Brugge,51.22632,3.24095,0.8352767753805247,51.230407879679795,3.2510137847743095,2022,5,15,31005,Brugge,Normaal,Droog,Dag,met lichtgewonden,3,Fiets,11,een weggebruiker tegen een hindernis,Buiten Kruispunt,Gewestweg,binnen bebouwde kom,Weggebruiker tegen hindernis op de rijbaan,Op de rijbaan: Dier (wild dier)
31656,54,Brugge teller 2,Brugge,51.23015,3.22818,1.5901603547502818,51.230407879679795,3.2510137847743095,2022,5,15,31005,Brugge,Normaal,Droog,Dag,met lichtgewonden,3,Fiets,11,een weggebruiker tegen een hindernis,Buiten Kruispunt,Gewestweg,binnen bebouwde kom,Weggebruiker tegen hindernis op de rijbaan,Op de rijbaan: Dier (wild dier)
31656,53,Brugge teller 1,Brugge,51.23023,3.228,1.6025557483699813,51.230407879679795,3.2510137847743095,2022,5,15,31005,Brugge,Normaal,Droog,Dag,met lichtgewonden,3,Fiets,11,een weggebruiker tegen een hindernis,Buiten Kruispunt,Gewestweg,binnen bebouwde kom,Weggebruiker tegen hindernis op de rijbaan,Op de rijbaan: Dier (wild dier)
31667,20,Brugge,Brugge,51.17416,3.20048,2.0109642673101358,51.17740956502371,3.2288573421897873,2022,5,2,31005,Brugge,Onbekend,Onbekend,Onbekend,met lichtgewonden,9,personenauto,3,Fiets,Buiten Kruispunt,Gemeenteweg,binnen bebouwde kom,Tss. 2 best.: langs opzij (voor-/achterkant-flank),Geen hindernis
31676,59,Ardooie teller 1,Ardooie,50.96784,3.18479,1.24982343034633,50.976674357204054,3.19582565665439,2022,5,16,37020,Ardooie,Normaal,Droog,Dag,met zwaargewonden,9,personenauto,3,Fiets,Op Kruispunt,Gemeenteweg,binnen bebouwde kom,Tussen 2 bestuurders: Frontale botsing,Geen hindernis
31676,60,Ardooie teller 2,Ardooie,50.96783,3.18411,1.2806612687717893,50.976674357204054,3.19582565665439,2022,5,16,37020,Ardooie,Normaal,Droog,Dag,met zwaargewonden,9,personenauto,3,Fiets,Op Kruispunt,Gemeenteweg,binnen bebouwde kom,Tussen 2 bestuurders: Frontale botsing,Geen hindernis
31681,58,Meulebeke teller 2,Meulebeke,50.96021,3.24471,2.1741127761501873,50.94954950207264,3.2707292928791762,2022,5,4,37007,Meulebeke,Onbekend,Onbekend,Onbekend,met lichtgewonden,3,Fiets,10,"één bestuurder, geen hindernis",Op Kruispunt,Gewestweg,buiten bebouwde kom,"Eén bestuurder, geen hindernis (incl. val)",Geen hindernis
31681,57,Meulebeke teller 1,Meulebeke,50.96056,3.24491,2.1839541260426105,50.94954950207264,3.2707292928791762,2022,5,4,37007,Meulebeke,Onbekend,Onbekend,Onbekend,met lichtgewonden,3,Fiets,10,"één bestuurder, geen hindernis",Op Kruispunt,Gewestweg,buiten bebouwde kom,"Eén bestuurder, geen hindernis (incl. val)",Geen hindernis
31682,18,Oostende 1,Oostende,51.21378,2.92765,0.01291358954251515,51.21384585757838,2.9274972965287374,2022,5,17,35013,Oostende,Normaal,Droog,Dag,met lichtgewonden,3,Fiets,99,onbekend,Buiten Kruispunt,Gemeenteweg,binnen bebouwde kom,Tussen 2 bestuurders: Flank tegen flank,Geen hindernis
31682,15,Oostende 2,Oostende,51.21371,2.92743,0.01581721167426718,51.21384585757838,2.9274972965287374,2022,5,17,35013,Oostende,Normaal,Droog,Dag,met lichtgewonden,3,Fiets,99,onbekend,Buiten Kruispunt,Gemeenteweg,binnen bebouwde kom,Tussen 2 bestuurders: Flank tegen flank,Geen hindernis
31686,15,Oostende 2,Oostende,51.21371,2.92743,1.5911348699588295,51.22158659887564,2.9083572281335264,2022,5,16,35013,Oostende,Normaal,Droog,Dag,met lichtgewonden,9,personenauto,3,Fiets,Op Kruispunt,Gewestweg,binnen bebouwde kom,Tss. 2 best.: langs opzij (voor-/achterkant-flank),Geen hindernis
31686,18,Oostende 1,Oostende,51.21378,2.92765,1.5997116308019,51.22158659887564,2.9083572281335264,2022,5,16,35013,Oostende,Normaal,Droog,Dag,met lichtgewonden,9,personenauto,3,Fiets,Op Kruispunt,Gewestweg,binnen bebouwde kom,Tss. 2 best.: langs opzij (voor-/achterkant-flank),Geen hindernis
31688,15,Oostende 2,Oostende,51.21371,2.92743,0.9209986274568654,51.21788579365029,2.9160104523883934,2022,5,13,35013,Oostende,Normaal,Droog,Dag,met lichtgewonden,3,Fiets,3,Fiets,Op Kruispunt,Gemeenteweg,binnen bebouwde kom,Tussen 2 bestuurders: Frontale botsing,Geen hindernis
31688,18,Oostende 1,Oostende,51.21378,2.92765,0.9304194692826164,51.21788579365029,2.9160104523883934,2022,5,13,35013,Oostende,Normaal,Droog,Dag,met lichtgewonden,3,Fiets,3,Fiets,Op Kruispunt,Gemeenteweg,binnen bebouwde kom,Tussen 2 bestuurders: Frontale botsing,Geen hindernis
31691,64,Nieuwpoort teller 1,Nieuwpoort,51.13359,2.75737,1.63881924986863,51.14663247477103,2.7683095553084254,2022,5,18,35011,Middelkerke,Normaal,Droog,Dag,met lichtgewonden,3,Fiets,5,Lichte vrachtauto,Buiten Kruispunt,Gemeenteweg,buiten bebouwde kom,Tss. 2 best.: langs opzij (voor-/achterkant-flank),Geen hindernis
31691,65,Nieuwpoort teller 2,Nieuwpoort,51.13435,2.75511,1.6472004130609685,51.14663247477103,2.7683095553084254,2022,5,18,35011,Middelkerke,Normaal,Droog,Dag,met lichtgewonden,3,Fiets,5,Lichte vrachtauto,Buiten Kruispunt,Gemeenteweg,buiten bebouwde kom,Tss. 2 best.: langs opzij (voor-/achterkant-flank),Geen hindernis
31691,66,Nieuwpoort totem,Nieuwpoort,51.1347,2.74369,2.170382610465336,51.14663247477103,2.7683095553084254,2022,5,18,35011,Middelkerke,Normaal,Droog,Dag,met lichtgewonden,3,Fiets,5,Lichte vrachtauto,Buiten Kruispunt,Gemeenteweg,buiten bebouwde kom,Tss. 2 best.: langs opzij (voor-/achterkant-flank),Geen hindernis
31691,63,Nieuwpoort teller 3,Nieuwpoort,51.13529,2.74289,2.1761362064747,51.14663247477103,2.7683095553084254,2022,5,18,35011,Middelkerke,Normaal,Droog,Dag,met lichtgewonden,3,Fiets,5,Lichte vrachtauto,Buiten Kruispunt,Gemeenteweg,buiten bebouwde kom,Tss. 2 best.: langs opzij (voor-/achterkant-flank),Geen hindernis
31697,55,Torhout teller 1,Torhout,51.07161,3.08261,1.713939106070798,51.08355900540572,3.0981080203789295,2022,5,19,31033,Torhout,Normaal,Droog,Dag,met zwaargewonden,3,Fiets,3,Fiets,Buiten Kruispunt,Gemeenteweg,binnen bebouwde kom,Tussen 2 bestuurders: Frontale botsing,Geen hindernis
31697,56,Torhout teller 2,Torhout,51.07147,3.08244,1.7335104422658372,51.08355900540572,3.0981080203789295,2022,5,19,31033,Torhout,Normaal,Droog,Dag,met zwaargewonden,3,Fiets,3,Fiets,Buiten Kruispunt,Gemeenteweg,binnen bebouwde kom,Tussen 2 bestuurders: Frontale botsing,Geen hindernis
31701,60,Ardooie teller 2,Ardooie,50.96783,3.18411,1.859508086653133,50.971213884386216,3.1581037436386987,2022,5,11,36015,Roeselare,Normaal,Droog,Dag,met lichtgewonden,3,Fiets,4,Vrachtwagen,Buiten Kruispunt,Gemeenteweg,binnen bebouwde kom,Tussen 2 bestuurders: Flank tegen flank,Geen hindernis
31701,59,Ardooie teller 1,Ardooie,50.96784,3.18479,1.9059438159554445,50.971213884386216,3.1581037436386987,2022,5,11,36015,Roeselare,Normaal,Droog,Dag,met lichtgewonden,3,Fiets,4,Vrachtwagen,Buiten Kruispunt,Gemeenteweg,binnen bebouwde kom,Tussen 2 bestuurders: Flank tegen flank,Geen hindernis
31702,84,Roeselare totem,Izegem,50.91717,3.18772,1.9318109681170883,50.91604115382599,3.2152185435706753,2022,5,12,36008,Izegem,Regenval,"Nat, plassen",Dag,met lichtgewonden,3,Fiets,9,personenauto,Buiten Kruispunt,Gemeenteweg,binnen bebouwde kom,Tussen 2 bestuurders: Flank tegen flank,Geen hindernis
31703,84,Roeselare totem,Izegem,50.91717,3.18772,1.0672730236670158,50.91262423152663,3.2011281745685167,2022,5,11,36008,Izegem,Normaal,Droog,Dag,met lichtgewonden,5,Lichte vrachtauto,3,Fiets,Op Kruispunt,Gewestweg,buiten bebouwde kom,Tussen 2 bestuurders: Flank tegen flank,Geen hindernis
31709,84,Roeselare totem,Izegem,50.91717,3.18772,1.6020076033588604,50.91888246389208,3.210410907236006,2022,5,8,36008,Izegem,Normaal,Droog,Dag,met lichtgewonden,3,Fiets,9,personenauto,Op Kruispunt,Gewestweg,binnen bebouwde kom,Tussen 2 bestuurders: Frontale botsing,Geen hindernis
31711,84,Roeselare totem,Izegem,50.91717,3.18772,2.149047403165999,50.91689369109112,3.218372744861253,2022,5,17,36008,Izegem,Normaal,Droog,Dag,met zwaargewonden,9,personenauto,3,Fiets,Buiten Kruispunt,Gewestweg,binnen bebouwde kom,Tss. 2 best.: langs opzij (voor-/achterkant-flank),Geen hindernis
31712,84,Roeselare totem,Izegem,50.91717,3.18772,1.7020848441780603,50.91841490183012,3.2119199817145105,2022,5,16,36008,Izegem,Normaal,Droog,Dag,met lichtgewonden,9,personenauto,3,Fiets,Op Kruispunt,Gewestweg,binnen bebouwde kom,Tussen 2 bestuurders: Flank tegen flank,Geen hindernis
31714,84,Roeselare totem,Izegem,50.91717,3.18772,2.154195458616073,50.9247358211995,3.216011471614015,2022,5,7,36008,Izegem,Normaal,Droog,Dag,met lichtgewonden,5,Lichte vrachtauto,3,Fiets,Op Kruispunt,Gemeenteweg,binnen bebouwde kom,Tussen 2 bestuurders: Flank tegen flank,Geen hindernis
31723,84,Roeselare totem,Izegem,50.91717,3.18772,2.366739655668083,50.906964449320455,3.217344092531824,2022,5,9,36008,Izegem,Normaal,Droog,Dag,met lichtgewonden,9,personenauto,3,Fiets,Op Kruispunt,Gemeenteweg,binnen bebouwde kom,Tss. 2 best.: langs opzij (voor-/achterkant-flank),Geen hindernis
31731,61,Wervik teller 2,Wervik,50.80555,3.0921,1.6030788140470542,50.796103452605664,3.1093316628184535,2022,5,14,34027,Menen,Normaal,Droog,Dag,met lichtgewonden,9,personenauto,3,Fiets,Buiten Kruispunt,Gemeenteweg,binnen bebouwde kom,Tussen 2 bestuurders: Flank tegen flank,Geen hindernis
31731,62,Wervik teller 1,Wervik,50.8058,3.09154,1.651027799415174,50.796103452605664,3.1093316628184535,2022,5,14,34027,Menen,Normaal,Droog,Dag,met lichtgewonden,9,personenauto,3,Fiets,Buiten Kruispunt,Gemeenteweg,binnen bebouwde kom,Tussen 2 bestuurders: Flank tegen flank,Geen hindernis
31734,61,Wervik teller 2,Wervik,50.80555,3.0921,2.386859002735614,50.79535455346096,3.121987730770563,2022,5,13,34027,Menen,Normaal,"Nat, plassen",Dag,met lichtgewonden,3,Fiets,9,personenauto,Buiten Kruispunt,Gewestweg,binnen bebouwde kom,Tss. 2 best.: langs opzij (voor-/achterkant-flank),Geen hindernis
31734,62,Wervik teller 1,Wervik,50.8058,3.09154,2.4346973237537934,50.79535455346096,3.121987730770563,2022,5,13,34027,Menen,Normaal,"Nat, plassen",Dag,met lichtgewonden,3,Fiets,9,personenauto,Buiten Kruispunt,Gewestweg,binnen bebouwde kom,Tss. 2 best.: langs opzij (voor-/achterkant-flank),Geen hindernis
31736,61,Wervik teller 2,Wervik,50.80555,3.0921,2.219751403287336,50.802749757885174,3.123375581131931,2022,5,7,34027,Menen,Normaal,Droog,Dag,met lichtgewonden,9,personenauto,3,Fiets,Buiten Kruispunt,Gewestweg,binnen bebouwde kom,Tss. 2 best.: langs opzij (voor-/achterkant-flank),Geen hindernis
31736,62,Wervik teller 1,Wervik,50.8058,3.09154,2.2627152563984847,50.802749757885174,3.123375581131931,2022,5,7,34027,Menen,Normaal,Droog,Dag,met lichtgewonden,9,personenauto,3,Fiets,Buiten Kruispunt,Gewestweg,binnen bebouwde kom,Tss. 2 best.: langs opzij (voor-/achterkant-flank),Geen hindernis
31738,61,Wervik teller 2,Wervik,50.80555,3.0921,2.2278351559300935,50.80225924246645,3.123372218176102,2022,5,8,34027,Menen,Normaal,Droog,Dag,met zwaargewonden,9,personenauto,3,Fiets,Op Kruispunt,Gewestweg,binnen bebouwde kom,Tussen 2 bestuurders: Frontale botsing,Geen hindernis
31738,62,Wervik teller 1,Wervik,50.8058,3.09154,2.271310018828453,50.80225924246645,3.123372218176102,2022,5,8,34027,Menen,Normaal,Droog,Dag,met zwaargewonden,9,personenauto,3,Fiets,Op Kruispunt,Gewestweg,binnen bebouwde kom,Tussen 2 bestuurders: Frontale botsing,Geen hindernis
31742,143,Eco Display Classic Budastraat,Kortrijk,50.83066,3.26286,1.1487051763418534,50.83617383029696,3.249027932938841,2022,5,3,34022,Kortrijk,Normaal,Droog,"Nacht, openbare verlichting aanwezig en ontstoken",met lichtgewonden,3,Fiets,10,"één bestuurder, geen hindernis",Buiten Kruispunt,Gemeenteweg,binnen bebouwde kom,"Eén bestuurder, geen hindernis (incl. val)",Geen hindernis
31742,75,Kortrijk teller 2,Kortrijk,50.81925,3.25731,1.969700104171177,50.83617383029696,3.249027932938841,2022,5,3,34022,Kortrijk,Normaal,Droog,"Nacht, openbare verlichting aanwezig en ontstoken",met lichtgewonden,3,Fiets,10,"één bestuurder, geen hindernis",Buiten Kruispunt,Gemeenteweg,binnen bebouwde kom,"Eén bestuurder, geen hindernis (incl. val)",Geen hindernis
31742,74,Kortrijk teller 1,Kortrijk,50.81909,3.25728,1.986089039995911,50.83617383029696,3.249027932938841,2022,5,3,34022,Kortrijk,Normaal,Droog,"Nacht, openbare verlichting aanwezig en ontstoken",met lichtgewonden,3,Fiets,10,"één bestuurder, geen hindernis",Buiten Kruispunt,Gemeenteweg,binnen bebouwde kom,"Eén bestuurder, geen hindernis (incl. val)",Geen hindernis
31742,17,Kortrijk 2,Kortrijk,50.83339,3.27773,2.0392656707889736,50.83617383029696,3.249027932938841,2022,5,3,34022,Kortrijk,Normaal,Droog,"Nacht, openbare verlichting aanwezig en ontstoken",met lichtgewonden,3,Fiets,10,"één bestuurder, geen hindernis",Buiten Kruispunt,Gemeenteweg,binnen bebouwde kom,"Eén bestuurder, geen hindernis (incl. val)",Geen hindernis
31742,16,Kortrijk 1,Kortrijk,50.83332,3.27777,2.0432380923680222,50.83617383029696,3.249027932938841,2022,5,3,34022,Kortrijk,Normaal,Droog,"Nacht, openbare verlichting aanwezig en ontstoken",met lichtgewonden,3,Fiets,10,"één bestuurder, geen hindernis",Buiten Kruispunt,Gemeenteweg,binnen bebouwde kom,"Eén bestuurder, geen hindernis (incl. val)",Geen hindernis