crash_row_id,site_id,site_name,site_gemeente,site_lat,site_long,distance_km,crash_lat,crash_long,DT_YEAR_COLLISION,DT_MONTH_COLLISION,DT_TIME,CD_NIS,TX_MUNTY_COLLISION_NL,TX_WEATHER_NL,TX_ROAD_CONDITION_NL,TX_LIGHT_CONDITION_NL,TX_CLASS_ACCIDENTS_NL,CD_ROAD_USR_TYPE1,TX_ROAD_USR_TYPE1_NL,CD_ROAD_USR_TYPE2,TX_ROAD_USR_TYPE2_NL,TX_CROSSWAY_NL,CD_ROAD_TYPE_NL,TX_BUILD_UP_AREA_NL,TX_COLLISION_TYPE_NL,TX_OBSTACLES_NL
31744,16,Kortrijk 1,Kortrijk,50.83332,3.27777,1.9058346897111018,50.81786674840719,3.2895063570201004,2022,5,12,34022,Kortrijk,Onbekend,Droog,Dag,met lichtgewonden,9,personenauto,3,Fiets,Buiten Kruispunt,Gemeenteweg,binnen bebouwde kom,Tss. 2 best.: langs opzij (voor-/achterkant-flank),Geen hindernis
31744,17,Kortrijk 2,Kortrijk,50.83339,3.27773,1.91406771020141,50.81786674840719,3.2895063570201004,2022,5,12,34022,Kortrijk,Onbekend,Droog,Dag,met lichtgewonden,9,personenauto,3,Fiets,Buiten Kruispunt,Gemeenteweg,binnen bebouwde kom,Tss. 2 best.: langs opzij (voor-/achterkant-flank),Geen hindernis
31744,75,Kortrijk teller 2,Kortrijk,50.81925,3.25731,2.2670351434403675,50.81786674840719,3.2895063570201004,2022,5,12,34022,Kortrijk,Onbekend,Droog,Dag,met lichtgewonden,9,personenauto,3,Fiets,Buiten Kruispunt,Gemeenteweg,binnen bebouwde kom,Tss. 2 best.: langs opzij (voor-/achterkant-flank),Geen hindernis
31744,74,Kortrijk teller 1,Kortrijk,50.81909,3.25728,2.268005188020665,50.81786674840719,3.2895063570201004,2022,5,12,34022,Kortrijk,Onbekend,Droog,Dag,met lichtgewonden,9,personenauto,3,Fiets,Buiten Kruispunt,Gemeenteweg,binnen bebouwde kom,Tss. 2 best.: langs opzij (voor-/achterkant-flank),Geen hindernis
31744,143,Eco Display Classic Budastraat,Kortrijk,50.83066,3.26286,2.3509285265295747,50.81786674840719,3.2895063570201004,2022,5,12,34022,Kortrijk,Onbekend,Droog,Dag,met lichtgewonden,9,personenauto,3,Fiets,Buiten Kruispunt,Gemeenteweg,binnen bebouwde kom,Tss. 2 best.: langs opzij (voor-/achterkant-flank),Geen hindernis
31745,16,Kortrijk 1,Kortrijk,50.83332,3.27777,1.1840533813537675,50.822671690425445,3.2778559223124795,2022,5,20,34022,Kortrijk,Normaal,Droog,Dageraad - schemering,met zwaargewonden,3,Fiets,10,"één bestuurder, geen hindernis",Buiten Kruispunt,Gewestweg,binnen bebouwde kom,"Eén bestuurder, geen hindernis (incl. val)",Geen hindernis
31745,17,Kortrijk 2,Kortrijk,50.83339,3.27773,1.1918544625621246,50.822671690425445,3.2778559223124795,2022,5,20,34022,Kortrijk,Normaal,Droog,Dageraad - schemering,met zwaargewonden,3,Fiets,10,"één bestuurder, geen hindernis",Buiten Kruispunt,Gewestweg,binnen bebouwde kom,"Eén bestuurder, geen hindernis (incl. val)",Geen hindernis
31745,143,Eco Display Classic Budastraat,Kortrijk,50.83066,3.26286,1.3778323533560648,50.822671690425445,3.2778559223124795,2022,5,20,34022,Kortrijk,Normaal,Droog,Dageraad - schemering,met zwaargewonden,3,Fiets,10,"één bestuurder, geen hindernis",Buiten Kruispunt,Gewestweg,binnen bebouwde kom,"Eén bestuurder, geen hindernis (incl. val)",Geen hindernis
31745,75,Kortrijk teller 2,Kortrijk,50.81925,3.25731,1.4925952794583994,50.822671690425445,3.2778559223124795,2022,5,20,34022,Kortrijk,Normaal,Droog,Dageraad - schemering,met zwaargewonden,3,Fiets,10,"één bestuurder, geen hindernis",Buiten Kruispunt,Gewestweg,binnen bebouwde kom,"Eén bestuurder, geen hindernis (incl. val)",Geen hindernis
31745,74,Kortrijk teller 1,Kortrijk,50.81909,3.25728,1.4992632113103446,50.822671690425445,3.2778559223124795,2022,5,20,34022,Kortrijk,Normaal,Droog,Dageraad - schemering,met zwaargewonden,3,Fiets,10,"één bestuurder, geen hindernis",Buiten Kruispunt,Gewestweg,binnen bebouwde kom,"Eén bestuurder, geen hindernis (incl. val)",Geen hindernis
31746,143,Eco Display Classic Budastraat,Kortrijk,50.83066,3.26286,0.3664906867302141,50.83331101537727,3.2659606895421263,2022,5,11,34022,Kortrijk,Normaal,Droog,Dag,met zwaargewonden,3,Fiets,8,Voetganger,Buiten Kruispunt,Gemeenteweg,binnen bebouwde kom,Met een voetganger,Geen hindernis
31746,17,Kortrijk 2,Kortrijk,50.83339,3.27773,0.8265851205254506,50.83331101537727,3.2659606895421263,2022,5,11,34022,Kortrijk,Normaal,Droog,Dag,met zwaargewonden,3,Fiets,8,Voetganger,Buiten Kruispunt,Gemeenteweg,binnen bebouwde kom,Met een voetganger,Geen hindernis
31746,16,Kortrijk 1,Kortrijk,50.83332,3.27777,0.8293488149320581,50.83331101537727,3.2659606895421263,2022,5,11,34022,Kortrijk,Normaal,Droog,Dag,met zwaargewonden,3,Fiets,8,Voetganger,Buiten Kruispunt,Gemeenteweg,binnen bebouwde kom,Met een voetganger,Geen hindernis
31746,75,Kortrijk teller 2,Kortrijk,50.81925,3.25731,1.677429814438895,50.83331101537727,3.2659606895421263,2022,5,11,34022,Kortrijk,Normaal,Droog,Dag,met zwaargewonden,3,Fiets,8,Voetganger,Buiten Kruispunt,Gemeenteweg,binnen bebouwde kom,Met een voetganger,Geen hindernis
31746,74,Kortrijk teller 1,Kortrijk,50.81909,3.25728,1.6947823591909332,50.83331101537727,3.2659606895421263,2022,5,11,34022,Kortrijk,Normaal,Droog,Dag,met zwaargewonden,3,Fiets,8,Voetganger,Buiten Kruispunt,Gemeenteweg,binnen bebouwde kom,Met een voetganger,Geen hindernis
31748,74,Kortrijk teller 1,Kortrijk,50.81909,3.25728,1.4159216156128185,50.812634042193345,3.2746518110999263,2022,5,9,34022,Kortrijk,Normaal,Onbekend,Dag,met lichtgewonden,9,personenauto,3,Fiets,Op Kruispunt,Gewestweg,binnen bebouwde kom,Tussen 2 bestuurders: Langs achteren,Geen hindernis
31748,75,Kortrijk teller 2,Kortrijk,50.81925,3.25731,1.42321779261447,50.812634042193345,3.2746518110999263,2022,5,9,34022,Kortrijk,Normaal,Onbekend,Dag,met lichtgewonden,9,personenauto,3,Fiets,Op Kruispunt,Gewestweg,binnen bebouwde kom,Tussen 2 bestuurders: Langs achteren,Geen hindernis
31748,143,Eco Display Classic Budastraat,Kortrijk,50.83066,3.26286,2.168807028766177,50.812634042193345,3.2746518110999263,2022,5,9,34022,Kortrijk,Normaal,Onbekend,Dag,met lichtgewonden,9,personenauto,3,Fiets,Op Kruispunt,Gewestweg,binnen bebouwde kom,Tussen 2 bestuurders: Langs achteren,Geen hindernis
31748,16,Kortrijk 1,Kortrijk,50.83332,3.27777,2.3105787536955766,50.812634042193345,3.2746518110999263,2022,5,9,34022,Kortrijk,Normaal,Onbekend,Dag,met lichtgewonden,9,personenauto,3,Fiets,Op Kruispunt,Gewestweg,binnen bebouwde kom,Tussen 2 bestuurders: Langs achteren,Geen hindernis
31748,17,Kortrijk 2,Kortrijk,50.83339,3.27773,2.3180636731251436,50.812634042193345,3.2746518110999263,2022,5,9,34022,Kortrijk,Normaal,Onbekend,Dag,met lichtgewonden,9,personenauto,3,Fiets,Op Kruispunt,Gewestweg,binnen bebouwde kom,Tussen 2 bestuurders: Langs achteren,Geen hindernis
31749,143,Eco Display Classic Budastraat,Kortrijk,50.83066,3.26286,1.4565934278642687,50.83693042560256,3.2446495693068624,2022,5,9,34022,Kortrijk,Normaal,Droog,Dag,met lichtgewonden,9,personenauto,3,Fiets,Buiten Kruispunt,Gemeenteweg,binnen bebouwde kom,Tussen 2 bestuurders: Langs achteren,Geen hindernis
31749,75,Kortrijk teller 2,Kortrijk,50.81925,3.25731,2.1577222667570592,50.83693042560256,3.2446495693068624,2022,5,9,34022,Kortrijk,Normaal,Droog,Dag,met lichtgewonden,9,personenauto,3,Fiets,Buiten Kruispunt,Gemeenteweg,binnen bebouwde kom,Tussen 2 bestuurders: Langs achteren,Geen hindernis
31749,74,Kortrijk teller 1,Kortrijk,50.81909,3.25728,2.173084381546328,50.83693042560256,3.2446495693068624,2022,5,9,34022,Kortrijk,Normaal,Droog,Dag,met lichtgewonden,9,personenauto,3,Fiets,Buiten Kruispunt,Gemeenteweg,binnen bebouwde kom,Tussen 2 bestuurders: Langs achteren,Geen hindernis
31749,17,Kortrijk 2,Kortrijk,50.83339,3.27773,2.356212442984775,50.83693042560256,3.2446495693068624,2022,5,9,34022,Kortrijk,Normaal,Droog,Dag,met lichtgewonden,9,personenauto,3,Fiets,Buiten Kruispunt,Gemeenteweg,binnen bebouwde kom,Tussen 2 bestuurders: Langs achteren,Geen hindernis
31749,16,Kortrijk 1,Kortrijk,50.83332,3.27777,2.360295190958992,50.83693042560256,3.2446495693068624,2022,5,9,34022,Kortrijk,Normaal,Droog,Dag,met lichtgewonden,9,personenauto,3,Fiets,Buiten Kruispunt,Gemeenteweg,binnen bebouwde kom,Tussen 2 bestuurders: Langs achteren,Geen hindernis
31750,143,Eco Display Classic Budastraat,Kortrijk,50.83066,3.26286,0.6346913406569812,50.82733628789255,3.270206613469144,2022,5,3,34022,Kortrijk,Normaal,Droog,"Nacht, openbare verlichting aanwezig en ontstoken",met lichtgewonden,3,Fiets,8,Voetganger,Op Kruispunt,Gemeenteweg,binnen bebouwde kom,Met een voetganger,Geen hindernis
31750,16,Kortrijk 1,Kortrijk,50.83332,3.27777,0.8513948534498923,50.82733628789255,3.270206613469144,2022,5,3,34022,Kortrijk,Normaal,Droog,"Nacht, openbare verlichting aanwezig en ontstoken",met lichtgewonden,3,Fiets,8,Voetganger,Op Kruispunt,Gemeenteweg,binnen bebouwde kom,Met een voetganger,Geen hindernis
31750,17,Kortrijk 2,Kortrijk,50.83339,3.27773,0.8557537491846668,50.82733628789255,3.270206613469144,2022,5,3,34022,Kortrijk,Normaal,Droog,"Nacht, openbare verlichting aanwezig en ontstoken",met lichtgewonden,3,Fiets,8,Voetganger,Op Kruispunt,Gemeenteweg,binnen bebouwde kom,Met een voetganger,Geen hindernis
31750,75,Kortrijk teller 2,Kortrijk,50.81925,3.25731,1.2763765034487002,50.82733628789255,3.270206613469144,2022,5,3,34022,Kortrijk,Normaal,Droog,"Nacht, openbare verlichting aanwezig en ontstoken",met lichtgewonden,3,Fiets,8,Voetganger,Op Kruispunt,Gemeenteweg,binnen bebouwde kom,Met een voetganger,Geen hindernis
31750,74,Kortrijk teller 1,Kortrijk,50.81909,3.25728,1.2904545064568143,50.82733628789255,3.270206613469144,2022,5,3,34022,Kortrijk,Normaal,Droog,"Nacht, openbare verlichting aanwezig en ontstoken",met lichtgewonden,3,Fiets,8,Voetganger,Op Kruispunt,Gemeenteweg,binnen bebouwde kom,Met een voetganger,Geen hindernis
31751,16,Kortrijk 1,Kortrijk,50.83332,3.27777,1.113136712697208,50.82593255380439,3.288465668027161,2022,5,18,34022,Kortrijk,Onbekend,Onbekend,Onbekend,met lichtgewonden,3,Fiets,6,Bromfiets,Op Kruispunt,Gemeenteweg,binnen bebouwde kom,Tussen 2 bestuurders: Frontale botsing,Geen hindernis
31751,17,Kortrijk 2,Kortrijk,50.83339,3.27773,1.1207807227894666,50.82593255380439,3.288465668027161,2022,5,18,34022,Kortrijk,Onbekend,Onbekend,Onbekend,met lichtgewonden,3,Fiets,6,Bromfiets,Op Kruispunt,Gemeenteweg,binnen bebouwde kom,Tussen 2 bestuurders: Frontale botsing,Geen hindernis
31751,143,Eco Display Classic Budastraat,Kortrijk,50.83066,3.26286,1.873686688293149,50.82593255380439,3.288465668027161,2022,5,18,34022,Kortrijk,Onbekend,Onbekend,Onbekend,met lichtgewonden,3,Fiets,6,Bromfiets,Op Kruispunt,Gemeenteweg,binnen bebouwde kom,Tussen 2 bestuurders: Frontale botsing,Geen hindernis
31751,75,Kortrijk teller 2,Kortrijk,50.81925,3.25731,2.311220023866777,50.82593255380439,3.288465668027161,2022,5,18,34022,Kortrijk,Onbekend,Onbekend,Onbekend,met lichtgewonden,3,Fiets,6,Bromfiets,Op Kruispunt,Gemeenteweg,binnen bebouwde kom,Tussen 2 bestuurders: Frontale botsing,Geen hindernis
31751,74,Kortrijk teller 1,Kortrijk,50.81909,3.25728,2.318995326295123,50.82593255380439,3.288465668027161,2022,5,18,34022,Kortrijk,Onbekend,Onbekend,Onbekend,met lichtgewonden,3,Fiets,6,Bromfiets,Op Kruispunt,Gemeenteweg,binnen bebouwde kom,Tussen 2 bestuurders: Frontale botsing,Geen hindernis
31752,75,Kortrijk teller 2,Kortrijk,50.81925,3.25731,0.5917303560941756,50.82046701742433,3.249109858622662,2022,5,16,34022,Kortrijk,Normaal,Droog,Dag,met lichtgewonden,3,Fiets,3,Fiets,Buiten Kruispunt,Gemeenteweg,binnen bebouwde kom,Tussen 2 bestuurders: Frontale botsing,Geen hindernis
31752,74,Kortrijk teller 1,Kortrijk,50.81909,3.25728,0.5940152714232254,50.82046701742433,3.249109858622662,2022,5,16,34022,Kortrijk,Normaal,Droog,Dag,met lichtgewonden,3,Fiets,3,Fiets,Buiten Kruispunt,Gemeenteweg,binnen bebouwde kom,Tussen 2 bestuurders: Frontale botsing,Geen hindernis
31752,143,Eco Display Classic Budastraat,Kortrijk,50.83066,3.26286,1.489094474128328,50.82046701742433,3.249109858622662,2022,5,16,34022,Kortrijk,Normaal,Droog,Dag,met lichtgewonden,3,Fiets,3,Fiets,Buiten Kruispunt,Gemeenteweg,binnen bebouwde kom,Tussen 2 bestuurders: Frontale botsing,Geen hindernis
31752,16,Kortrijk 1,Kortrijk,50.83332,3.27777,2.468778517070167,50.82046701742433,3.249109858622662,2022,5,16,34022,Kortrijk,Normaal,Droog,Dag,met lichtgewonden,3,Fiets,3,Fiets,Buiten Kruispunt,Gemeenteweg,binnen bebouwde kom,Tussen 2 bestuurders: Frontale botsing,Geen hindernis
31752,17,Kortrijk 2,Kortrijk,50.83339,3.27773,2.4710052698866978,50.82046701742433,3.249109858622662,2022,5,16,34022,Kortrijk,Normaal,Droog,Dag,met lichtgewonden,3,Fiets,3,Fiets,Buiten Kruispunt,Gemeenteweg,binnen bebouwde kom,Tussen 2 bestuurders: Frontale botsing,Geen hindernis
31753,143,Eco Display Classic Budastraat,Kortrijk,50.83066,3.26286,1.3512271832078124,50.84226044012406,3.257129359504892,2022,5,9,34022,Kortrijk,Normaal,Droog,Dag,met lichtgewonden,99,onbekend,3,Fiets,Buiten Kruispunt,Gemeenteweg,binnen bebouwde kom,Tss. 2 best.: langs opzij (voor-/achterkant-flank),Geen hindernis
31753,17,Kortrijk 2,Kortrijk,50.83339,3.27773,1.7508739292523405,50.84226044012406,3.257129359504892,2022,5,9,34022,Kortrijk,Normaal,Droog,Dag,met lichtgewonden,99,onbekend,3,Fiets,Buiten Kruispunt,Gemeenteweg,binnen bebouwde kom,Tss. 2 best.: langs opzij (voor-/achterkant-flank),Geen hindernis
31753,16,Kortrijk 1,Kortrijk,50.83332,3.27777,1.75758714015328,50.84226044012406,3.257129359504892,2022,5,9,34022,Kortrijk,Normaal,Droog,Dag,met lichtgewonden,99,onbekend,3,Fiets,Buiten Kruispunt,Gemeenteweg,binnen bebouwde kom,Tss. 2 best.: langs opzij (voor-/achterkant-flank),Geen hindernis
31754,74,Kortrijk teller 1,Kortrijk,50.81909,3.25728,2.1224553462864586,50.80689118495106,3.2805146746204383,2022,4,22,34022,Kortrijk,Onbekend,Onbekend,Onbekend,met lichtgewonden,9,personenauto,3,Fiets,Op Kruispunt,Gewestweg,buiten bebouwde kom,Tussen 2 bestuurders: Langs achteren,Geen hindernis
31754,75,Kortrijk teller 2,Kortrijk,50.81925,3.25731,2.1322552671119617,50.80689118495106,3.2805146746204383,2022,4,22,34022,Kortrijk,Onbekend,Onbekend,Onbekend,met lichtgewonden,9,personenauto,3,Fiets,Op Kruispunt,Gewestweg,buiten bebouwde kom,Tussen 2 bestuurders: Langs achteren,Geen hindernis
31755,143,Eco Display Classic Budastraat,Kortrijk,50.83066,3.26286,0.784061829663108,50.826533694335204,3.2719123167833164,2022,5,10,34022,Kortrijk,Normaal,Droog,Dag,met lichtgewonden,3,Fiets,2,Andere weggebruiker,Op Kruispunt,Gewestweg,binnen bebouwde kom,Tussen 2 bestuurders: Frontale botsing,Geen hindernis
31755,16,Kortrijk 1,Kortrijk,50.83332,3.27777,0.8594646994444128,50.826533694335204,3.2719123167833164,2022,5,10,34022,Kortrijk,Normaal,Droog,Dag,met lichtgewonden,3,Fiets,2,Andere weggebruiker,Op Kruispunt,Gewestweg,binnen bebouwde kom,Tussen 2 bestuurders: Frontale botsing,Geen hindernis
31755,17,Kortrijk 2,Kortrijk,50.83339,3.27773,0.864975932903671,50.826533694335204,3.2719123167833164,2022,5,10,34022,Kortrijk,Normaal,Droog,Dag,met lichtgewonden,3,Fiets,2,Andere weggebruiker,Op Kruispunt,Gewestweg,binnen bebouwde kom,Tussen 2 bestuurders: Frontale botsing,Geen hindernis
31755,75,Kortrijk teller 2,Kortrijk,50.81925,3.25731,1.3069302098671425,50.826533694335204,3.2719123167833164,2022,5,10,34022,Kortrijk,Normaal,Droog,Dag,met lichtgewonden,3,Fiets,2,Andere weggebruiker,Op Kruispunt,Gewestweg,binnen bebouwde kom,Tussen 2 bestuurders: Frontale botsing,Geen hindernis
31755,74,Kortrijk teller 1,Kortrijk,50.81909,3.25728,1.3196714524266249,50.826533694335204,3.2719123167833164,2022,5,10,34022,Kortrijk,Normaal,Droog,Dag,met lichtgewonden,3,Fiets,2,Andere weggebruiker,Op Kruispunt,Gewestweg,binnen bebouwde kom,Tussen 2 bestuurders: Frontale botsing,Geen hindernis
31756,74,Kortrijk teller 1,Kortrijk,50.81909,3.25728,1.1902423842067371,50.81239406072358,3.2440622579303247,2022,5,14,34022,Kortrijk,Normaal,Droog,Dag,met lichtgewonden,3,Fiets,9,personenauto,Op Kruispunt,Gemeenteweg,binnen bebouwde kom,Tss. 2 best.: langs opzij (voor-/achterkant-flank),Geen hindernis
31756,75,Kortrijk teller 2,Kortrijk,50.81925,3.25731,1.2030803408184187,50.81239406072358,3.2440622579303247,2022,5,14,34022,Kortrijk,Normaal,Droog,Dag,met lichtgewonden,3,Fiets,9,personenauto,Op Kruispunt,Gemeenteweg,binnen bebouwde kom,Tss. 2 best.: langs opzij (voor-/achterkant-flank),Geen hindernis
31756,143,Eco Display Classic Budastraat,Kortrijk,50.83066,3.26286,2.422585288004552,50.81239406072358,3.2440622579303247,2022,5,14,34022,Kortrijk,Normaal,Droog,Dag,met lichtgewonden,3,Fiets,9,personenauto,Op Kruispunt,Gemeenteweg,binnen bebouwde kom,Tss. 2 best.: langs opzij (voor-/achterkant-flank),Geen hindernis
31757,74,Kortrijk teller 1,Kortrijk,50.81909,3.25728,0.9022393239327886,50.81145851334616,3.261642675190897,2022,5,8,34022,Kortrijk,Onbekend,Onbekend,Dag,met lichtgewonden,9,personenauto,3,Fiets,Buiten Kruispunt,Gemeenteweg,binnen bebouwde kom,Tss. 2 best.: langs opzij (voor-/achterkant-flank),Geen hindernis
31757,75,Kortrijk teller 2,Kortrijk,50.81925,3.25731,0.9182913635791657,50.81145851334616,3.261642675190897,2022,5,8,34022,Kortrijk,Onbekend,Onbekend,Dag,met lichtgewonden,9,personenauto,3,Fiets,Buiten Kruispunt,Gemeenteweg,binnen bebouwde kom,Tss. 2 best.: langs opzij (voor-/achterkant-flank),Geen hindernis
31757,143,Eco Display Classic Budastraat,Kortrijk,50.83066,3.26286,2.136819655818863,50.81145851334616,3.261642675190897,2022,5,8,34022,Kortrijk,Onbekend,Onbekend,Dag,met lichtgewonden,9,personenauto,3,Fiets,Buiten Kruispunt,Gemeenteweg,binnen bebouwde kom,Tss. 2 best.: langs opzij (voor-/achterkant-flank),Geen hindernis
31769,16,Kortrijk 1,Kortrijk,50.83332,3.27777,2.1106772368473123,50.83081224668214,3.30756025825793,2022,5,6,34013,Harelbeke,Normaal,Droog,Dag,met lichtgewonden,3,Fiets,10,"één bestuurder, geen hindernis",Buiten Kruispunt,Gemeenteweg,binnen bebouwde kom,"Eén bestuurder, geen hindernis (incl. val)",Geen hindernis
31769,17,Kortrijk 2,Kortrijk,50.83339,3.27773,2.1145013458008592,50.83081224668214,3.30756025825793,2022,5,6,34013,Harelbeke,Normaal,Droog,Dag,met lichtgewonden,3,Fiets,10,"één bestuurder, geen hindernis",Buiten Kruispunt,Gemeenteweg,binnen bebouwde kom,"Eén bestuurder, geen hindernis (incl. val)",Geen hindernis
31786,64,Nieuwpoort teller 1,Nieuwpoort,51.13359,2.75737,0.5867527061462252,51.12854185528907,2.7549215771260203,2022,5,18,38016,Nieuwpoort,Normaal,Droog,Dag,met lichtgewonden,9,personenauto,3,Fiets,Op Kruispunt,Gemeenteweg,binnen bebouwde kom,Tss. 2 best.: langs opzij (voor-/achterkant-flank),Geen hindernis
31786,65,Nieuwpoort teller 2,Nieuwpoort,51.13435,2.75511,0.6459700437908492,51.12854185528907,2.7549215771260203,2022,5,18,38016,Nieuwpoort,Normaal,Droog,Dag,met lichtgewonden,9,personenauto,3,Fiets,Op Kruispunt,Gemeenteweg,binnen bebouwde kom,Tss. 2 best.: langs opzij (voor-/achterkant-flank),Geen hindernis
31786,66,Nieuwpoort totem,Nieuwpoort,51.1347,2.74369,1.0407259103926658,51.12854185528907,2.7549215771260203,2022,5,18,38016,Nieuwpoort,Normaal,Droog,Dag,met lichtgewonden,9,personenauto,3,Fiets,Op Kruispunt,Gemeenteweg,binnen bebouwde kom,Tss. 2 best.: langs opzij (voor-/achterkant-flank),Geen hindernis
31786,63,Nieuwpoort teller 3,Nieuwpoort,51.13529,2.74289,1.1259962399065595,51.12854185528907,2.7549215771260203,2022,5,18,38016,Nieuwpoort,Normaal,Droog,Dag,met lichtgewonden,9,personenauto,3,Fiets,Op Kruispunt,Gemeenteweg,binnen bebouwde kom,Tss. 2 best.: langs opzij (voor-/achterkant-flank),Geen hindernis
31787,66,Nieuwpoort totem,Nieuwpoort,51.1347,2.74369,0.382022806529076,51.13234875020374,2.7476819964505883,2022,5,14,38016,Nieuwpoort,Normaal,Droog,Dag,met lichtgewonden,9,personenauto,3,Fiets,Op Kruispunt,Gewestweg,binnen bebouwde kom,Tss. 2 best.: langs opzij (voor-/achterkant-flank),Geen hindernis
31787,63,Nieuwpoort teller 3,Nieuwpoort,51.13529,2.74289,0.46771934209166144,51.13234875020374,2.7476819964505883,2022,5,14,38016,Nieuwpoort,Normaal,Droog,Dag,met lichtgewonden,9,personenauto,3,Fiets,Op Kruispunt,Gewestweg,binnen bebouwde kom,Tss. 2 best.: langs opzij (voor-/achterkant-flank),Geen hindernis
31787,65,Nieuwpoort teller 2,Nieuwpoort,51.13435,2.75511,0.5640475452916556,51.13234875020374,2.7476819964505883,2022,5,14,38016,Nieuwpoort,Normaal,Droog,Dag,met lichtgewonden,9,personenauto,3,Fiets,Op Kruispunt,Gewestweg,binnen bebouwde kom,Tss. 2 best.: langs opzij (voor-/achterkant-flank),Geen hindernis
31787,64,Nieuwpoort teller 1,Nieuwpoort,51.13359,2.75737,0.6899412368900041,51.13234875020374,2.7476819964505883,2022,5,14,38016,Nieuwpoort,Normaal,Droog,Dag,met lichtgewonden,9,personenauto,3,Fiets,Op Kruispunt,Gewestweg,binnen bebouwde kom,Tss. 2 best.: langs opzij (voor-/achterkant-flank),Geen hindernis
31789,62,Wervik teller 1,Wervik,50.8058,3.09154,2.152384723116317,50.81344735295268,3.0633991418017548,2022,5,13,33029,Wervik,Normaal,Droog,Dag,met lichtgewonden,3,Fiets,8,Voetganger,Buiten Kruispunt,Gewestweg,buiten bebouwde kom,Met een voetganger,Geen hindernis
31789,61,Wervik teller 2,Wervik,50.80555,3.0921,2.199541753546144,50.81344735295268,3.0633991418017548,2022,5,13,33029,Wervik,Normaal,Droog,Dag,met lichtgewonden,3,Fiets,8,Voetganger,Buiten Kruispunt,Gewestweg,buiten bebouwde kom,Met een voetganger,Geen hindernis
31791,67,Ieper totem,Ieper,50.85018,2.85624,1.3768896234120056,50.84002722816179,2.867466837180111,2022,5,13,33011,Ieper,"Regenval+Sterke wind, rukwind","Nat, plassen",Dag,met lichtgewonden,3,Fiets,11,een weggebruiker tegen een hindernis,Buiten Kruispunt,Gewestweg,binnen bebouwde kom,Weggebruiker tegen hindernis op de rijbaan,"Op de rijbaan: Put, straatgoot, tramspoor"
31791,68,Ieper,Ieper,50.85032,2.85608,1.3960839463042314,50.84002722816179,2.867466837180111,2022,5,13,33011,Ieper,"Regenval+Sterke wind, rukwind","Nat, plassen",Dag,met lichtgewonden,3,Fiets,11,een weggebruiker tegen een hindernis,Buiten Kruispunt,Gewestweg,binnen bebouwde kom,Weggebruiker tegen hindernis op de rijbaan,"Op de rijbaan: Put, straatgoot, tramspoor"
31795,67,Ieper totem,Ieper,50.85018,2.85624,1.3322053896379762,50.847197820606866,2.8746186293119407,2022,5,6,33011,Ieper,Normaal,Droog,Dag,met lichtgewonden,9,personenauto,3,Fiets,Op Kruispunt,Gemeenteweg,binnen bebouwde kom,Tss. 2 best.: langs opzij (voor-/achterkant-flank),Geen hindernis
31795,68,Ieper,Ieper,50.85032,2.85608,1.347013679539603,50.847197820606866,2.8746186293119407,2022,5,6,33011,Ieper,Normaal,Droog,Dag,met lichtgewonden,9,personenauto,3,Fiets,Op Kruispunt,Gemeenteweg,binnen bebouwde kom,Tss. 2 best.: langs opzij (voor-/achterkant-flank),Geen hindernis
31799,67,Ieper totem,Ieper,50.85018,2.85624,1.4250913323967342,50.84938963798777,2.8765007823517506,2022,5,12,33011,Ieper,Onbekend,Onbekend,Dag,met lichtgewonden,3,Fiets,1,Autobus,Buiten Kruispunt,Gewestweg,onbekend,Tss. 2 best.: langs opzij (voor-/achterkant-flank),Geen hindernis
31799,68,Ieper,Ieper,50.85032,2.85608,1.4373370595161674,50.84938963798777,2.8765007823517506,2022,5,12,33011,Ieper,Onbekend,Onbekend,Dag,met lichtgewonden,3,Fiets,1,Autobus,Buiten Kruispunt,Gewestweg,onbekend,Tss. 2 best.: langs opzij (voor-/achterkant-flank),Geen hindernis
31801,67,Ieper totem,Ieper,50.85018,2.85624,2.245226652934352,50.85147372938135,2.8881566674528836,2022,5,8,33011,Ieper,Normaal,Droog,Dag,met lichtgewonden,3,Fiets,9,personenauto,Op Kruispunt,Gewestweg,binnen bebouwde kom,Tss. 2 best.: langs opzij (voor-/achterkant-flank),Geen hindernis
31801,68,Ieper,Ieper,50.85032,2.85608,2.255493663817039,50.85147372938135,2.8881566674528836,2022,5,8,33011,Ieper,Normaal,Droog,Dag,met lichtgewonden,3,Fiets,9,personenauto,Op Kruispunt,Gewestweg,binnen bebouwde kom,Tss. 2 best.: langs opzij (voor-/achterkant-flank),Geen hindernis
31805,67,Ieper totem,Ieper,50.85018,2.85624,0.9784325916444241,50.849073252173696,2.8700663526718344,2022,5,9,33011,Ieper,Onbekend,Onbekend,Dag,met lichtgewonden,3,Fiets,9,personenauto,Buiten Kruispunt,Gewestweg,binnen bebouwde kom,Tussen 2 bestuurders: Flank tegen flank,Geen hindernis
31805,68,Ieper,Ieper,50.85032,2.85608,0.9916318167003474,50.849073252173696,2.8700663526718344,2022,5,9,33011,Ieper,Onbekend,Onbekend,Dag,met lichtgewonden,3,Fiets,9,personenauto,Buiten Kruispunt,Gewestweg,binnen bebouwde kom,Tussen 2 bestuurders: Flank tegen flank,Geen hindernis
31808,41,Maasmechelen teller 1,Maasmechelen,50.97025,5.69799,0.747035095966305,50.96372535036361,5.700532504610679,2022,5,14,73107,Maasmechelen,Onbekend,Onbekend,Dag,met lichtgewonden,3,Fiets,1,Autobus,Buiten Kruispunt,Gemeenteweg,onbekend,Tss. 2 best.: langs opzij (voor-/achterkant-flank),Geen hindernis
31808,42,Maasmechelen teller 2,Maasmechelen,50.97043,5.6981,0.7647355978316283,50.96372535036361,5.700532504610679,2022,5,14,73107,Maasmechelen,Onbekend,Onbekend,Dag,met lichtgewonden,3,Fiets,1,Autobus,Buiten Kruispunt,Gemeenteweg,onbekend,Tss. 2 best.: langs opzij (voor-/achterkant-flank),Geen hindernis