crash_row_id,site_id,site_name,site_gemeente,site_lat,site_long,distance_km,crash_lat,crash_long,DT_YEAR_COLLISION,DT_MONTH_COLLISION,DT_TIME,CD_NIS,TX_MUNTY_COLLISION_NL,TX_WEATHER_NL,TX_ROAD_CONDITION_NL,TX_LIGHT_CONDITION_NL,TX_CLASS_ACCIDENTS_NL,CD_ROAD_USR_TYPE1,TX_ROAD_USR_TYPE1_NL,CD_ROAD_USR_TYPE2,TX_ROAD_USR_TYPE2_NL,TX_CROSSWAY_NL,CD_ROAD_TYPE_NL,TX_BUILD_UP_AREA_NL,TX_COLLISION_TYPE_NL,TX_OBSTACLES_NL
31809,41,Maasmechelen teller 1,Maasmechelen,50.97025,5.69799,1.1839604451874117,50.96004718819756,5.693154491466024,2022,5,8,73107,Maasmechelen,Normaal,Droog,Dag,met lichtgewonden,3,Fiets,3,Fiets,Op Kruispunt,Gemeenteweg,buiten bebouwde kom,Tss. 2 best.: langs opzij (voor-/achterkant-flank),Geen hindernis
31809,42,Maasmechelen teller 2,Maasmechelen,50.97043,5.6981,1.2053436018774102,50.96004718819756,5.693154491466024,2022,5,8,73107,Maasmechelen,Normaal,Droog,Dag,met lichtgewonden,3,Fiets,3,Fiets,Op Kruispunt,Gemeenteweg,buiten bebouwde kom,Tss. 2 best.: langs opzij (voor-/achterkant-flank),Geen hindernis
31810,41,Maasmechelen teller 1,Maasmechelen,50.97025,5.69799,0.6542595845272962,50.970394686898274,5.688649194570545,2022,5,17,73107,Maasmechelen,Normaal,Droog,Dag,met lichtgewonden,3,Fiets,9,personenauto,Buiten Kruispunt,Gemeenteweg,binnen bebouwde kom,Tussen 2 bestuurders: Flank tegen flank,Geen hindernis
31810,42,Maasmechelen teller 2,Maasmechelen,50.97043,5.6981,0.6617745301624417,50.970394686898274,5.688649194570545,2022,5,17,73107,Maasmechelen,Normaal,Droog,Dag,met lichtgewonden,3,Fiets,9,personenauto,Buiten Kruispunt,Gemeenteweg,binnen bebouwde kom,Tussen 2 bestuurders: Flank tegen flank,Geen hindernis
31811,41,Maasmechelen teller 1,Maasmechelen,50.97025,5.69799,1.6242258547017407,50.9641985715167,5.676879659269201,2022,5,15,73107,Maasmechelen,Onbekend,Onbekend,Dag,met lichtgewonden,3,Fiets,9,personenauto,Op Kruispunt,Gemeenteweg,onbekend,Tss. 2 best.: langs opzij (voor-/achterkant-flank),Geen hindernis
31811,42,Maasmechelen teller 2,Maasmechelen,50.97043,5.6981,1.6395948035883712,50.9641985715167,5.676879659269201,2022,5,15,73107,Maasmechelen,Onbekend,Onbekend,Dag,met lichtgewonden,3,Fiets,9,personenauto,Op Kruispunt,Gemeenteweg,onbekend,Tss. 2 best.: langs opzij (voor-/achterkant-flank),Geen hindernis
31812,136,Gent R4,Gent,51.0876313,3.7587918,1.1438671546604229,51.077728517788714,3.7543579253201074,2022,5,4,44021,Gent,Normaal,Droog,Dageraad - schemering,met lichtgewonden,3,Fiets,11,een weggebruiker tegen een hindernis,Buiten Kruispunt,Gemeenteweg,binnen bebouwde kom,Weggebruiker tegen hindernis op de rijbaan,"Op de rijbaan: Werken (signal., aarde, toestel,…)"
31815,136,Gent R4,Gent,51.0876313,3.7587918,1.455801767953711,51.100657878757055,3.760878562291174,2022,5,13,44021,Gent,Normaal,Droog,Dag,met lichtgewonden,3,Fiets,7,Motorfiets,Buiten Kruispunt,Gemeenteweg,buiten bebouwde kom,Tss. 2 best.: langs opzij (voor-/achterkant-flank),Geen hindernis
31820,124,Beveren teller 2,Beveren,51.1964712,4.2361077,2.083210674921497,51.19126560164418,4.207389975056367,2022,5,12,46003,Beveren,Normaal,Droog,Dag,met lichtgewonden,3,Fiets,5,Lichte vrachtauto,Buiten Kruispunt,Gewestweg,buiten bebouwde kom,Tussen 2 bestuurders: Frontale botsing,Geen hindernis
31834,99,Mechelen teller 1,Mechelen,51.04564,4.46882,1.8729222143562585,51.03994310547256,4.443609360524957,2022,5,9,12025,Mechelen,Normaal,Droog,Dag,met lichtgewonden,3,Fiets,3,Fiets,Op Kruispunt,Gewestweg,buiten bebouwde kom,Tss. 2 best.: langs opzij (voor-/achterkant-flank),Geen hindernis
31834,100,Mechelen teller 2,Mechelen,51.0457,4.46883,1.875845318301898,51.03994310547256,4.443609360524957,2022,5,9,12025,Mechelen,Normaal,Droog,Dag,met lichtgewonden,3,Fiets,3,Fiets,Op Kruispunt,Gewestweg,buiten bebouwde kom,Tss. 2 best.: langs opzij (voor-/achterkant-flank),Geen hindernis
31837,99,Mechelen teller 1,Mechelen,51.04564,4.46882,1.6086563564179235,51.042309261234,4.44642804183432,2022,5,9,12025,Mechelen,Normaal,Droog,Dag,met lichtgewonden,9,personenauto,3,Fiets,Op Kruispunt,Gemeenteweg,binnen bebouwde kom,Tss. 2 best.: langs opzij (voor-/achterkant-flank),Geen hindernis
31837,100,Mechelen teller 2,Mechelen,51.0457,4.46883,1.6108841671123215,51.042309261234,4.44642804183432,2022,5,9,12025,Mechelen,Normaal,Droog,Dag,met lichtgewonden,9,personenauto,3,Fiets,Op Kruispunt,Gemeenteweg,binnen bebouwde kom,Tss. 2 best.: langs opzij (voor-/achterkant-flank),Geen hindernis
31839,99,Mechelen teller 1,Mechelen,51.04564,4.46882,1.692058138375141,51.03942239063377,4.446730165161629,2022,5,16,12025,Mechelen,Normaal,Droog,Dag,met lichtgewonden,3,Fiets,3,Fiets,Buiten Kruispunt,Gewestweg,binnen bebouwde kom,Tussen 2 bestuurders: Frontale botsing,Geen hindernis
31839,100,Mechelen teller 2,Mechelen,51.0457,4.46883,1.6954312894980152,51.03942239063377,4.446730165161629,2022,5,16,12025,Mechelen,Normaal,Droog,Dag,met lichtgewonden,3,Fiets,3,Fiets,Buiten Kruispunt,Gewestweg,binnen bebouwde kom,Tussen 2 bestuurders: Frontale botsing,Geen hindernis
31840,99,Mechelen teller 1,Mechelen,51.04564,4.46882,1.426428349428035,51.03363094792695,4.475993423559907,2022,5,17,12025,Mechelen,Normaal,Droog,Dag,met lichtgewonden,3,Fiets,9,personenauto,Buiten Kruispunt,Gemeenteweg,binnen bebouwde kom,Tussen 2 bestuurders: Flank tegen flank,Geen hindernis
31840,100,Mechelen teller 2,Mechelen,51.0457,4.46883,1.4324312244972819,51.03363094792695,4.475993423559907,2022,5,17,12025,Mechelen,Normaal,Droog,Dag,met lichtgewonden,3,Fiets,9,personenauto,Buiten Kruispunt,Gemeenteweg,binnen bebouwde kom,Tussen 2 bestuurders: Flank tegen flank,Geen hindernis
31842,109,Zemst,Zemst,50.9903936,4.4707023,2.0254291037026206,51.005796151078165,4.486152919588538,2022,5,6,12025,Mechelen,Normaal,Droog,Dag,met lichtgewonden,3,Fiets,3,Fiets,Op Kruispunt,Gemeenteweg,binnen bebouwde kom,Tss. 2 best.: langs opzij (voor-/achterkant-flank),Geen hindernis
31845,99,Mechelen teller 1,Mechelen,51.04564,4.46882,1.1634606177714275,51.036158165340986,4.475856493672632,2022,5,11,12025,Mechelen,Regenval,"Nat, plassen",Dageraad - schemering,met lichtgewonden,3,Fiets,9,personenauto,Op Kruispunt,Gemeenteweg,binnen bebouwde kom,Tussen 2 bestuurders: Flank tegen flank,Geen hindernis
31845,100,Mechelen teller 2,Mechelen,51.0457,4.46883,1.1692158683516198,51.036158165340986,4.475856493672632,2022,5,11,12025,Mechelen,Regenval,"Nat, plassen",Dageraad - schemering,met lichtgewonden,3,Fiets,9,personenauto,Op Kruispunt,Gemeenteweg,binnen bebouwde kom,Tussen 2 bestuurders: Flank tegen flank,Geen hindernis
31847,109,Zemst,Zemst,50.9903936,4.4707023,1.4303587363995698,51.00311080668422,4.473776300027273,2022,5,14,12025,Mechelen,Normaal,Droog,Dag,met zwaargewonden,9,personenauto,3,Fiets,Op Kruispunt,Gewestweg,buiten bebouwde kom,Tussen 2 bestuurders: Frontale botsing,Geen hindernis
31849,140,Hasselt ring,Hasselt,50.9300038,5.3438616,1.564932831398272,50.91606276131921,5.346920774143686,2022,5,14,71022,Hasselt,Normaal,"Nat, plassen",Dag,met lichtgewonden,3,Fiets,11,een weggebruiker tegen een hindernis,Buiten Kruispunt,Gewestweg,binnen bebouwde kom,Weggebruiker tegen hindernis op de rijbaan,Op de rijbaan: Lading
31851,140,Hasselt ring,Hasselt,50.9300038,5.3438616,1.1764633064174295,50.922694791718726,5.331725269958219,2022,5,8,71022,Hasselt,Normaal,Droog+Proper,Dag,met lichtgewonden,9,personenauto,3,Fiets,Op Kruispunt,Gewestweg,binnen bebouwde kom,Tss. 2 best.: langs opzij (voor-/achterkant-flank),Geen hindernis
31851,138,Hasselt-Kempische brug,Hasselt,50.9405318,5.3422472,2.1160210428238546,50.922694791718726,5.331725269958219,2022,5,8,71022,Hasselt,Normaal,Droog+Proper,Dag,met lichtgewonden,9,personenauto,3,Fiets,Op Kruispunt,Gewestweg,binnen bebouwde kom,Tss. 2 best.: langs opzij (voor-/achterkant-flank),Geen hindernis
31851,137,Hasselt-Kempische brug,Hasselt,50.9411605,5.3417576,2.170325260156676,50.922694791718726,5.331725269958219,2022,5,8,71022,Hasselt,Normaal,Droog+Proper,Dag,met lichtgewonden,9,personenauto,3,Fiets,Op Kruispunt,Gewestweg,binnen bebouwde kom,Tss. 2 best.: langs opzij (voor-/achterkant-flank),Geen hindernis
31852,138,Hasselt-Kempische brug,Hasselt,50.9405318,5.3422472,1.1601385062821228,50.934532208397435,5.328701875105014,2022,5,16,71022,Hasselt,Normaal,Proper,Dag,met zwaargewonden,9,personenauto,3,Fiets,Op Kruispunt,Gemeenteweg,binnen bebouwde kom,Tss. 2 best.: langs opzij (voor-/achterkant-flank),Geen hindernis
31852,137,Hasselt-Kempische brug,Hasselt,50.9411605,5.3417576,1.1747871783053294,50.934532208397435,5.328701875105014,2022,5,16,71022,Hasselt,Normaal,Proper,Dag,met zwaargewonden,9,personenauto,3,Fiets,Op Kruispunt,Gemeenteweg,binnen bebouwde kom,Tss. 2 best.: langs opzij (voor-/achterkant-flank),Geen hindernis
31852,140,Hasselt ring,Hasselt,50.9300038,5.3438616,1.1756731216035576,50.934532208397435,5.328701875105014,2022,5,16,71022,Hasselt,Normaal,Proper,Dag,met zwaargewonden,9,personenauto,3,Fiets,Op Kruispunt,Gemeenteweg,binnen bebouwde kom,Tss. 2 best.: langs opzij (voor-/achterkant-flank),Geen hindernis
31853,140,Hasselt ring,Hasselt,50.9300038,5.3438616,0.5466948744012834,50.934089612444964,5.339522479839735,2022,5,8,71022,Hasselt,Normaal,Droog,Dag,met lichtgewonden,3,Fiets,3,Fiets,Op Kruispunt,Gewestweg,binnen bebouwde kom,Tussen 2 bestuurders: Frontale botsing,Geen hindernis
31853,138,Hasselt-Kempische brug,Hasselt,50.9405318,5.3422472,0.7413458337753798,50.934089612444964,5.339522479839735,2022,5,8,71022,Hasselt,Normaal,Droog,Dag,met lichtgewonden,3,Fiets,3,Fiets,Op Kruispunt,Gewestweg,binnen bebouwde kom,Tussen 2 bestuurders: Frontale botsing,Geen hindernis
31853,137,Hasselt-Kempische brug,Hasselt,50.9411605,5.3417576,0.8016939390571317,50.934089612444964,5.339522479839735,2022,5,8,71022,Hasselt,Normaal,Droog,Dag,met lichtgewonden,3,Fiets,3,Fiets,Op Kruispunt,Gewestweg,binnen bebouwde kom,Tussen 2 bestuurders: Frontale botsing,Geen hindernis
31856,140,Hasselt ring,Hasselt,50.9300038,5.3438616,0.9935060426440879,50.929811385307325,5.329688732194395,2022,5,20,71022,Hasselt,Normaal,Droog,Dag,met zwaargewonden,3,Fiets,9,personenauto,Buiten Kruispunt,Gemeenteweg,binnen bebouwde kom,Tussen 2 bestuurders: Flank tegen flank,Geen hindernis
31856,138,Hasselt-Kempische brug,Hasselt,50.9405318,5.3422472,1.4817074701302242,50.929811385307325,5.329688732194395,2022,5,20,71022,Hasselt,Normaal,Droog,Dag,met zwaargewonden,3,Fiets,9,personenauto,Buiten Kruispunt,Gemeenteweg,binnen bebouwde kom,Tussen 2 bestuurders: Flank tegen flank,Geen hindernis
31856,137,Hasselt-Kempische brug,Hasselt,50.9411605,5.3417576,1.5191428517953878,50.929811385307325,5.329688732194395,2022,5,20,71022,Hasselt,Normaal,Droog,Dag,met zwaargewonden,3,Fiets,9,personenauto,Buiten Kruispunt,Gemeenteweg,binnen bebouwde kom,Tussen 2 bestuurders: Flank tegen flank,Geen hindernis
31858,138,Hasselt-Kempische brug,Hasselt,50.9405318,5.3422472,0.43002968922794593,50.93682934612708,5.340474226400959,2022,5,17,71022,Hasselt,Normaal,Droog,Dag,met lichtgewonden,9,personenauto,3,Fiets,Buiten Kruispunt,Gewestweg,binnen bebouwde kom,Tss. 2 best.: langs opzij (voor-/achterkant-flank),Geen hindernis
31858,137,Hasselt-Kempische brug,Hasselt,50.9411605,5.3417576,0.48992582173540533,50.93682934612708,5.340474226400959,2022,5,17,71022,Hasselt,Normaal,Droog,Dag,met lichtgewonden,9,personenauto,3,Fiets,Buiten Kruispunt,Gewestweg,binnen bebouwde kom,Tss. 2 best.: langs opzij (voor-/achterkant-flank),Geen hindernis
31858,140,Hasselt ring,Hasselt,50.9300038,5.3438616,0.7952222037629776,50.93682934612708,5.340474226400959,2022,5,17,71022,Hasselt,Normaal,Droog,Dag,met lichtgewonden,9,personenauto,3,Fiets,Buiten Kruispunt,Gewestweg,binnen bebouwde kom,Tss. 2 best.: langs opzij (voor-/achterkant-flank),Geen hindernis
31860,137,Hasselt-Kempische brug,Hasselt,50.9411605,5.3417576,1.8755567500793608,50.93553860080157,5.3165212899677154,2022,5,16,71022,Hasselt,Normaal,Droog,Dag,met lichtgewonden,3,Fiets,3,Fiets,Buiten Kruispunt,Gewestweg,buiten bebouwde kom,Tussen 2 bestuurders: Flank tegen flank,Geen hindernis
31860,138,Hasselt-Kempische brug,Hasselt,50.9405318,5.3422472,1.8861990516988116,50.93553860080157,5.3165212899677154,2022,5,16,71022,Hasselt,Normaal,Droog,Dag,met lichtgewonden,3,Fiets,3,Fiets,Buiten Kruispunt,Gewestweg,buiten bebouwde kom,Tussen 2 bestuurders: Flank tegen flank,Geen hindernis
31860,140,Hasselt ring,Hasselt,50.9300038,5.3438616,2.0123891779398475,50.93553860080157,5.3165212899677154,2022,5,16,71022,Hasselt,Normaal,Droog,Dag,met lichtgewonden,3,Fiets,3,Fiets,Buiten Kruispunt,Gewestweg,buiten bebouwde kom,Tussen 2 bestuurders: Flank tegen flank,Geen hindernis
31861,138,Hasselt-Kempische brug,Hasselt,50.9405318,5.3422472,1.2830554122186275,50.935353312781956,5.32588393958851,2022,5,14,71022,Hasselt,Normaal,Droog,Dag,met lichtgewonden,9,personenauto,3,Fiets,Op Kruispunt,Gemeenteweg,binnen bebouwde kom,Tussen 2 bestuurders: Frontale botsing,Geen hindernis
31861,137,Hasselt-Kempische brug,Hasselt,50.9411605,5.3417576,1.2861247266719829,50.935353312781956,5.32588393958851,2022,5,14,71022,Hasselt,Normaal,Droog,Dag,met lichtgewonden,9,personenauto,3,Fiets,Op Kruispunt,Gemeenteweg,binnen bebouwde kom,Tussen 2 bestuurders: Frontale botsing,Geen hindernis
31861,140,Hasselt ring,Hasselt,50.9300038,5.3438616,1.3932188482810064,50.935353312781956,5.32588393958851,2022,5,14,71022,Hasselt,Normaal,Droog,Dag,met lichtgewonden,9,personenauto,3,Fiets,Op Kruispunt,Gemeenteweg,binnen bebouwde kom,Tussen 2 bestuurders: Frontale botsing,Geen hindernis
31862,138,Hasselt-Kempische brug,Hasselt,50.9405318,5.3422472,0.3652278121275764,50.93740683745744,5.3406421041284755,2022,5,0,71022,Hasselt,Normaal,Droog,"Nacht, openbare verlichting aanwezig en ontstoken",met lichtgewonden,3,Fiets,9,personenauto,Buiten Kruispunt,Gewestweg,binnen bebouwde kom,Tussen 2 bestuurders: Langs achteren,Geen hindernis
31862,137,Hasselt-Kempische brug,Hasselt,50.9411605,5.3417576,0.4246435486435557,50.93740683745744,5.3406421041284755,2022,5,0,71022,Hasselt,Normaal,Droog,"Nacht, openbare verlichting aanwezig en ontstoken",met lichtgewonden,3,Fiets,9,personenauto,Buiten Kruispunt,Gewestweg,binnen bebouwde kom,Tussen 2 bestuurders: Langs achteren,Geen hindernis
31862,140,Hasselt ring,Hasselt,50.9300038,5.3438616,0.8535379063985334,50.93740683745744,5.3406421041284755,2022,5,0,71022,Hasselt,Normaal,Droog,"Nacht, openbare verlichting aanwezig en ontstoken",met lichtgewonden,3,Fiets,9,personenauto,Buiten Kruispunt,Gewestweg,binnen bebouwde kom,Tussen 2 bestuurders: Langs achteren,Geen hindernis
31863,140,Hasselt ring,Hasselt,50.9300038,5.3438616,0.7947760204401929,50.92373154804233,5.34929919428143,2022,5,6,71022,Hasselt,Normaal,Droog,Dag,met lichtgewonden,9,personenauto,3,Fiets,Op Kruispunt,Gemeenteweg,binnen bebouwde kom,Tss. 2 best.: langs opzij (voor-/achterkant-flank),Geen hindernis
31863,138,Hasselt-Kempische brug,Hasselt,50.9405318,5.3422472,1.9323669923674933,50.92373154804233,5.34929919428143,2022,5,6,71022,Hasselt,Normaal,Droog,Dag,met lichtgewonden,9,personenauto,3,Fiets,Op Kruispunt,Gemeenteweg,binnen bebouwde kom,Tss. 2 best.: langs opzij (voor-/achterkant-flank),Geen hindernis
31863,137,Hasselt-Kempische brug,Hasselt,50.9411605,5.3417576,2.008782564374801,50.92373154804233,5.34929919428143,2022,5,6,71022,Hasselt,Normaal,Droog,Dag,met lichtgewonden,9,personenauto,3,Fiets,Op Kruispunt,Gemeenteweg,binnen bebouwde kom,Tss. 2 best.: langs opzij (voor-/achterkant-flank),Geen hindernis
31865,49,Bokrijk,Genk,50.95264,5.41001,2.318888855451957,50.941725238937266,5.381805481877639,2022,5,8,71022,Hasselt,Normaal,Droog,Dag,met zwaargewonden,9,personenauto,3,Fiets,Op Kruispunt,Gemeenteweg,buiten bebouwde kom,Tussen 2 bestuurders: Flank tegen flank,Geen hindernis
31877,150,Bertem,District Leuven,50.8687535,4.56136297,1.8778239935744636,50.854761695850726,4.546381234570308,2022,5,10,24104,Tervuren,Normaal,Proper,Dag,met lichtgewonden,9,personenauto,3,Fiets,Op Kruispunt,Gemeenteweg,binnen bebouwde kom,Tss. 2 best.: langs opzij (voor-/achterkant-flank),Geen hindernis
31879,12,Tervuren,Kraainem,50.81896,4.47803,1.5381931348770312,50.82245953097216,4.499214565732628,2022,5,17,24104,Tervuren,Normaal,Droog,Dag,met lichtgewonden,3,Fiets,9,personenauto,Op Kruispunt,Gewestweg,buiten bebouwde kom,Tussen 2 bestuurders: Flank tegen flank,Geen hindernis
31884,139,Houthalen-Helchteren,Houthalen-Helchteren,51.0644267,5.3819796,1.4209443525299659,51.056095612309235,5.366562322173658,2022,5,10,72039,Houthalen-Helchteren,Normaal,Droog,Dag,met lichtgewonden,3,Fiets,10,"één bestuurder, geen hindernis",Buiten Kruispunt,Gemeenteweg,buiten bebouwde kom,"Eén bestuurder, geen hindernis (incl. val)",Geen hindernis
31885,14,Genk,Genk,50.97172,5.48927,1.492057174525781,50.96333010412319,5.505898545859509,2022,5,13,71016,Genk,Normaal,Droog,Dag,met lichtgewonden,3,Fiets,11,een weggebruiker tegen een hindernis,Buiten Kruispunt,Gemeenteweg,binnen bebouwde kom,Weggebruiker tegen hindernis buiten rijbaan,Andere hindernis
31886,14,Genk,Genk,50.97172,5.48927,2.163177011075291,50.958643580464745,5.512140305730422,2022,5,10,71016,Genk,Normaal,Droog,Dag,met lichtgewonden,3,Fiets,11,een weggebruiker tegen een hindernis,Buiten Kruispunt,Gemeenteweg,binnen bebouwde kom,Weggebruiker tegen hindernis buiten rijbaan,Andere hindernis
31887,139,Houthalen-Helchteren,Houthalen-Helchteren,51.0644267,5.3819796,0.8848859004638864,51.05901083057412,5.372702099857644,2022,5,22,72039,Houthalen-Helchteren,Normaal,Droog,"Nacht, openbare verlichting aanwezig en ontstoken",met lichtgewonden,3,Fiets,11,een weggebruiker tegen een hindernis,Op Kruispunt,Gemeenteweg,binnen bebouwde kom,Weggebruiker tegen hindernis buiten rijbaan,Buiten de rijbaan: Andere paal
31889,48,As,As,51.00509,5.60389,0.7576717258905454,51.004361973661354,5.593123478714484,2022,5,16,71002,As,Normaal,Droog,Dag,met lichtgewonden,9,personenauto,3,Fiets,Op Kruispunt,Gewestweg,buiten bebouwde kom,Tss. 2 best.: langs opzij (voor-/achterkant-flank),Geen hindernis
31894,139,Houthalen-Helchteren,Houthalen-Helchteren,51.0644267,5.3819796,1.4475406073870214,51.051409416113,5.381755572385143,2022,5,13,72039,Houthalen-Helchteren,Normaal,Droog,Dag,met zwaargewonden,9,personenauto,3,Fiets,Buiten Kruispunt,Gewestweg,buiten bebouwde kom,Tussen 2 bestuurders: Frontale botsing,Geen hindernis
31895,14,Genk,Genk,50.97172,5.48927,1.2705045872685012,50.96313402653383,5.5012407910801135,2022,5,17,71016,Genk,Normaal,Droog,Dag,met lichtgewonden,3,Fiets,9,personenauto,Op Kruispunt,Gewestweg,binnen bebouwde kom,Tss. 2 best.: langs opzij (voor-/achterkant-flank),Geen hindernis
31896,49,Bokrijk,Genk,50.95264,5.41001,0.2563298880673322,50.95038793930038,5.410791373814381,2022,5,9,71016,Genk,Normaal,Droog,Dag,met lichtgewonden,9,personenauto,3,Fiets,Op Kruispunt,Gemeenteweg,binnen bebouwde kom,Tss. 2 best.: langs opzij (voor-/achterkant-flank),Geen hindernis
31897,25,Bree,Bree,51.13679500160176,5.597669323604317,1.1417586798994044,51.144750948570554,5.608015456398973,2022,5,8,72004,Bree,Normaal,Droog,Dag,met lichtgewonden,4,Vrachtwagen,3,Fiets,Buiten Kruispunt,Gewestweg,binnen bebouwde kom,Tss. 2 best.: langs opzij (voor-/achterkant-flank),Geen hindernis
31898,14,Genk,Genk,50.97172,5.48927,1.0621289146238644,50.969837805360555,5.474398744203832,2022,5,14,71016,Genk,Normaal,Droog,Dag,met lichtgewonden,3,Fiets,3,Fiets,Buiten Kruispunt,Gemeenteweg,buiten bebouwde kom,Tussen 2 bestuurders: Flank tegen flank,Geen hindernis
31902,24,Tienen 1,Tienen,50.8133795491886,4.935044252605416,0.03632998740510326,50.81305289543329,4.935054930685372,2022,5,16,24107,Tienen,Normaal,Droog,Dag,met lichtgewonden,9,personenauto,3,Fiets,Buiten Kruispunt,Gewestweg,binnen bebouwde kom,Tussen 2 bestuurders: Flank tegen flank,Geen hindernis
31902,23,Tienen 3,Tienen,50.81324,4.93447,0.04606267545989197,50.81305289543329,4.935054930685372,2022,5,16,24107,Tienen,Normaal,Droog,Dag,met lichtgewonden,9,personenauto,3,Fiets,Buiten Kruispunt,Gewestweg,binnen bebouwde kom,Tussen 2 bestuurders: Flank tegen flank,Geen hindernis
31902,22,Tienen 2,Tienen,50.81330800184882,4.935984252796022,0.07118864232810655,50.81305289543329,4.935054930685372,2022,5,16,24107,Tienen,Normaal,Droog,Dag,met lichtgewonden,9,personenauto,3,Fiets,Buiten Kruispunt,Gewestweg,binnen bebouwde kom,Tussen 2 bestuurders: Flank tegen flank,Geen hindernis
31903,23,Tienen 3,Tienen,50.81324,4.93447,1.6348754882109156,50.79867910616945,4.931245475317546,2022,5,7,24107,Tienen,Normaal,Droog,Dag,met lichtgewonden,9,personenauto,3,Fiets,Op Kruispunt,Gewestweg,buiten bebouwde kom,Tss. 2 best.: langs opzij (voor-/achterkant-flank),Geen hindernis
31903,24,Tienen 1,Tienen,50.8133795491886,4.935044252605416,1.6562671634605666,50.79867910616945,4.931245475317546,2022,5,7,24107,Tienen,Normaal,Droog,Dag,met lichtgewonden,9,personenauto,3,Fiets,Op Kruispunt,Gewestweg,buiten bebouwde kom,Tss. 2 best.: langs opzij (voor-/achterkant-flank),Geen hindernis
31903,22,Tienen 2,Tienen,50.81330800184882,4.935984252796022,1.6603923025182707,50.79867910616945,4.931245475317546,2022,5,7,24107,Tienen,Normaal,Droog,Dag,met lichtgewonden,9,personenauto,3,Fiets,Op Kruispunt,Gewestweg,buiten bebouwde kom,Tss. 2 best.: langs opzij (voor-/achterkant-flank),Geen hindernis
31905,23,Tienen 3,Tienen,50.81324,4.93447,0.8058493466226901,50.810962504011975,4.923581586865792,2022,5,20,24107,Tienen,Normaal,Droog,Dag,met lichtgewonden,9,personenauto,3,Fiets,Op Kruispunt,Gemeenteweg,binnen bebouwde kom,Tss. 2 best.: langs opzij (voor-/achterkant-flank),Geen hindernis
31905,24,Tienen 1,Tienen,50.8133795491886,4.935044252605416,0.8490301299747558,50.810962504011975,4.923581586865792,2022,5,20,24107,Tienen,Normaal,Droog,Dag,met lichtgewonden,9,personenauto,3,Fiets,Op Kruispunt,Gemeenteweg,binnen bebouwde kom,Tss. 2 best.: langs opzij (voor-/achterkant-flank),Geen hindernis
31905,22,Tienen 2,Tienen,50.81330800184882,4.935984252796022,0.9096056898049204,50.810962504011975,4.923581586865792,2022,5,20,24107,Tienen,Normaal,Droog,Dag,met lichtgewonden,9,personenauto,3,Fiets,Op Kruispunt,Gemeenteweg,binnen bebouwde kom,Tss. 2 best.: langs opzij (voor-/achterkant-flank),Geen hindernis
31907,131,Nevele,Deinze,51.0276612,3.558569,2.368156775308043,51.009070923579955,3.575087435889379,2022,5,8,44083,Deinze,Normaal,Droog,Dag,met lichtgewonden,3,Fiets,9,personenauto,Buiten Kruispunt,Gewestweg,binnen bebouwde kom,Tss. 2 best.: langs opzij (voor-/achterkant-flank),Geen hindernis
31909,131,Nevele,Deinze,51.0276612,3.558569,1.373448361590667,51.03991807476452,3.5561396453079133,2022,5,11,44083,Deinze,Normaal,Droog,Dag,met lichtgewonden,3,Fiets,3,Fiets,Op Kruispunt,Gemeenteweg,binnen bebouwde kom,Tussen 2 bestuurders: Frontale botsing,Geen hindernis
31912,114,Deinze teller 1,Nazareth,50.9598305,3.555502,0.6239780381260096,50.95773770220698,3.5472357848874125,2022,5,17,44083,Deinze,Normaal,Droog,Dag,met lichtgewonden,3,Fiets,11,een weggebruiker tegen een hindernis,Buiten Kruispunt,Gemeenteweg,binnen bebouwde kom,Weggebruiker tegen hindernis op de rijbaan,"Op de rijbaan: Werken (signal., aarde, toestel,…)"
31912,113,Deinze teller 2,Deinze,50.96018,3.55578,0.6571670021062427,50.95773770220698,3.5472357848874125,2022,5,17,44083,Deinze,Normaal,Droog,Dag,met lichtgewonden,3,Fiets,11,een weggebruiker tegen een hindernis,Buiten Kruispunt,Gemeenteweg,binnen bebouwde kom,Weggebruiker tegen hindernis op de rijbaan,"Op de rijbaan: Werken (signal., aarde, toestel,…)"
31914,131,Nevele,Deinze,51.0276612,3.558569,0.989476962916078,51.021621031725516,3.56895811266384,2022,5,18,44083,Deinze,Normaal,Droog,Dag,met lichtgewonden,9,personenauto,3,Fiets,Buiten Kruispunt,Gewestweg,buiten bebouwde kom,Tussen 2 bestuurders: Frontale botsing,Geen hindernis
31915,118,Gent teller 1,Gent,51.028049,3.7681359,2.3282913168901977,51.03768106264982,3.7385721707427644,2022,4,7,44021,Gent,Onbekend,Onbekend,Dag,met lichtgewonden,3,Fiets,3,Fiets,Buiten Kruispunt,Gemeenteweg,onbekend,Tussen 2 bestuurders: Flank tegen flank,Geen hindernis
31915,119,Gent teller 2,Gent,51.0281795,3.7683918,2.337597665467097,51.03768106264982,3.7385721707427644,2022,4,7,44021,Gent,Onbekend,Onbekend,Dag,met lichtgewonden,3,Fiets,3,Fiets,Buiten Kruispunt,Gemeenteweg,onbekend,Tussen 2 bestuurders: Flank tegen flank,Geen hindernis