crash_row_id,site_id,site_name,site_gemeente,site_lat,site_long,distance_km,crash_lat,crash_long,DT_YEAR_COLLISION,DT_MONTH_COLLISION,DT_TIME,CD_NIS,TX_MUNTY_COLLISION_NL,TX_WEATHER_NL,TX_ROAD_CONDITION_NL,TX_LIGHT_CONDITION_NL,TX_CLASS_ACCIDENTS_NL,CD_ROAD_USR_TYPE1,TX_ROAD_USR_TYPE1_NL,CD_ROAD_USR_TYPE2,TX_ROAD_USR_TYPE2_NL,TX_CROSSWAY_NL,CD_ROAD_TYPE_NL,TX_BUILD_UP_AREA_NL,TX_COLLISION_TYPE_NL,TX_OBSTACLES_NL
32217,107,leuven totem,Leuven,50.8870744,4.7087919,1.8708866210183972,50.87125658753238,4.717880823563984,2022,6,0,24062,Leuven,Regenval,"Nat, plassen","Nacht, openbare verlichting aanwezig en ontstoken",met zwaargewonden,3,Fiets,10,"één bestuurder, geen hindernis",Buiten Kruispunt,Gemeenteweg,binnen bebouwde kom,"Eén bestuurder, geen hindernis (incl. val)",Geen hindernis
32217,151,Leuven,District Leuven,50.8690262,4.6854839,2.2868741860227972,50.87125658753238,4.717880823563984,2022,6,0,24062,Leuven,Regenval,"Nat, plassen","Nacht, openbare verlichting aanwezig en ontstoken",met zwaargewonden,3,Fiets,10,"één bestuurder, geen hindernis",Buiten Kruispunt,Gemeenteweg,binnen bebouwde kom,"Eén bestuurder, geen hindernis (incl. val)",Geen hindernis
32218,151,Leuven,District Leuven,50.8690262,4.6854839,0.4230182354618555,50.87217996835564,4.6888551914340955,2022,6,9,24062,Leuven,Normaal,"Nat, plassen",Dag,met lichtgewonden,3,Fiets,10,"één bestuurder, geen hindernis",Buiten Kruispunt,Gemeenteweg,binnen bebouwde kom,"Eén bestuurder, geen hindernis (incl. val)",Geen hindernis
32218,69,Leuven teller 1,Leuven,50.87549,4.71526,1.8889600003556968,50.87217996835564,4.6888551914340955,2022,6,9,24062,Leuven,Normaal,"Nat, plassen",Dag,met lichtgewonden,3,Fiets,10,"één bestuurder, geen hindernis",Buiten Kruispunt,Gemeenteweg,binnen bebouwde kom,"Eén bestuurder, geen hindernis (incl. val)",Geen hindernis
32218,77,Leuven teller 2,Leuven,50.88672,4.70796,2.1001352491664194,50.87217996835564,4.6888551914340955,2022,6,9,24062,Leuven,Normaal,"Nat, plassen",Dag,met lichtgewonden,3,Fiets,10,"één bestuurder, geen hindernis",Buiten Kruispunt,Gemeenteweg,binnen bebouwde kom,"Eén bestuurder, geen hindernis (incl. val)",Geen hindernis
32218,107,leuven totem,Leuven,50.8870744,4.7087919,2.167810197481404,50.87217996835564,4.6888551914340955,2022,6,9,24062,Leuven,Normaal,"Nat, plassen",Dag,met lichtgewonden,3,Fiets,10,"één bestuurder, geen hindernis",Buiten Kruispunt,Gemeenteweg,binnen bebouwde kom,"Eén bestuurder, geen hindernis (incl. val)",Geen hindernis
32219,151,Leuven,District Leuven,50.8690262,4.6854839,1.3992052099795902,50.87324684108475,4.666699183088035,2022,6,8,24062,Leuven,Normaal,Droog,Dag,met lichtgewonden,3,Fiets,5,Lichte vrachtauto,Op Kruispunt,Gewestweg,buiten bebouwde kom,Tss. 2 best.: langs opzij (voor-/achterkant-flank),Geen hindernis
32219,73,Herent teller 2,Herent,50.89128,4.64685,2.441290969872264,50.87324684108475,4.666699183088035,2022,6,8,24062,Leuven,Normaal,Droog,Dag,met lichtgewonden,3,Fiets,5,Lichte vrachtauto,Op Kruispunt,Gewestweg,buiten bebouwde kom,Tss. 2 best.: langs opzij (voor-/achterkant-flank),Geen hindernis
32219,72,Herent teller 1,Herent,50.89135,4.64689,2.446092255224329,50.87324684108475,4.666699183088035,2022,6,8,24062,Leuven,Normaal,Droog,Dag,met lichtgewonden,3,Fiets,5,Lichte vrachtauto,Op Kruispunt,Gewestweg,buiten bebouwde kom,Tss. 2 best.: langs opzij (voor-/achterkant-flank),Geen hindernis
32221,151,Leuven,District Leuven,50.8690262,4.6854839,0.5233779890034633,50.87332529845767,4.688520505683877,2022,6,19,24062,Leuven,Normaal,Droog,Dag,met lichtgewonden,5,Lichte vrachtauto,3,Fiets,Op Kruispunt,Gewestweg,binnen bebouwde kom,Tussen 2 bestuurders: Flank tegen flank,Geen hindernis
32221,69,Leuven teller 1,Leuven,50.87549,4.71526,1.8915935725390118,50.87332529845767,4.688520505683877,2022,6,19,24062,Leuven,Normaal,Droog,Dag,met lichtgewonden,5,Lichte vrachtauto,3,Fiets,Op Kruispunt,Gewestweg,binnen bebouwde kom,Tussen 2 bestuurders: Flank tegen flank,Geen hindernis
32221,77,Leuven teller 2,Leuven,50.88672,4.70796,2.0195125430154364,50.87332529845767,4.688520505683877,2022,6,19,24062,Leuven,Normaal,Droog,Dag,met lichtgewonden,5,Lichte vrachtauto,3,Fiets,Op Kruispunt,Gewestweg,binnen bebouwde kom,Tussen 2 bestuurders: Flank tegen flank,Geen hindernis
32221,107,leuven totem,Leuven,50.8870744,4.7087919,2.0880524166286243,50.87332529845767,4.688520505683877,2022,6,19,24062,Leuven,Normaal,Droog,Dag,met lichtgewonden,5,Lichte vrachtauto,3,Fiets,Op Kruispunt,Gewestweg,binnen bebouwde kom,Tussen 2 bestuurders: Flank tegen flank,Geen hindernis
32222,151,Leuven,District Leuven,50.8690262,4.6854839,0.9014288095826789,50.86843017347122,4.698294568692115,2022,6,20,24062,Leuven,Normaal,Droog,Dag,met lichtgewonden,3,Fiets,9,personenauto,Op Kruispunt,Gewestweg,binnen bebouwde kom,Tss. 2 best.: langs opzij (voor-/achterkant-flank),Geen hindernis
32222,69,Leuven teller 1,Leuven,50.87549,4.71526,1.4259957049512053,50.86843017347122,4.698294568692115,2022,6,20,24062,Leuven,Normaal,Droog,Dag,met lichtgewonden,3,Fiets,9,personenauto,Op Kruispunt,Gewestweg,binnen bebouwde kom,Tss. 2 best.: langs opzij (voor-/achterkant-flank),Geen hindernis
32222,77,Leuven teller 2,Leuven,50.88672,4.70796,2.143819037165269,50.86843017347122,4.698294568692115,2022,6,20,24062,Leuven,Normaal,Droog,Dag,met lichtgewonden,3,Fiets,9,personenauto,Op Kruispunt,Gewestweg,binnen bebouwde kom,Tss. 2 best.: langs opzij (voor-/achterkant-flank),Geen hindernis
32222,107,leuven totem,Leuven,50.8870744,4.7087919,2.20008353844008,50.86843017347122,4.698294568692115,2022,6,20,24062,Leuven,Normaal,Droog,Dag,met lichtgewonden,3,Fiets,9,personenauto,Op Kruispunt,Gewestweg,binnen bebouwde kom,Tss. 2 best.: langs opzij (voor-/achterkant-flank),Geen hindernis
32222,108,Heverlee teller 1,Leuven,50.8471728,4.6954674,2.37202750925038,50.86843017347122,4.698294568692115,2022,6,20,24062,Leuven,Normaal,Droog,Dag,met lichtgewonden,3,Fiets,9,personenauto,Op Kruispunt,Gewestweg,binnen bebouwde kom,Tss. 2 best.: langs opzij (voor-/achterkant-flank),Geen hindernis
32222,76,Heverlee teller 2,Leuven,50.84606,4.69597,2.492795604583788,50.86843017347122,4.698294568692115,2022,6,20,24062,Leuven,Normaal,Droog,Dag,met lichtgewonden,3,Fiets,9,personenauto,Op Kruispunt,Gewestweg,binnen bebouwde kom,Tss. 2 best.: langs opzij (voor-/achterkant-flank),Geen hindernis
32223,151,Leuven,District Leuven,50.8690262,4.6854839,0.8349548559612963,50.8665913765196,4.696738982420748,2022,6,22,24062,Leuven,Normaal,Droog,"Nacht, openbare verlichting aanwezig en ontstoken",met lichtgewonden,3,Fiets,9,personenauto,Buiten Kruispunt,Gewestweg,binnen bebouwde kom,Tss. 2 best.: langs opzij (voor-/achterkant-flank),Geen hindernis
32223,69,Leuven teller 1,Leuven,50.87549,4.71526,1.6334505616078434,50.8665913765196,4.696738982420748,2022,6,22,24062,Leuven,Normaal,Droog,"Nacht, openbare verlichting aanwezig en ontstoken",met lichtgewonden,3,Fiets,9,personenauto,Buiten Kruispunt,Gewestweg,binnen bebouwde kom,Tss. 2 best.: langs opzij (voor-/achterkant-flank),Geen hindernis
32223,108,Heverlee teller 1,Leuven,50.8471728,4.6954674,2.161091176029797,50.8665913765196,4.696738982420748,2022,6,22,24062,Leuven,Normaal,Droog,"Nacht, openbare verlichting aanwezig en ontstoken",met lichtgewonden,3,Fiets,9,personenauto,Buiten Kruispunt,Gewestweg,binnen bebouwde kom,Tss. 2 best.: langs opzij (voor-/achterkant-flank),Geen hindernis
32223,76,Heverlee teller 2,Leuven,50.84606,4.69597,2.2836229276915625,50.8665913765196,4.696738982420748,2022,6,22,24062,Leuven,Normaal,Droog,"Nacht, openbare verlichting aanwezig en ontstoken",met lichtgewonden,3,Fiets,9,personenauto,Buiten Kruispunt,Gewestweg,binnen bebouwde kom,Tss. 2 best.: langs opzij (voor-/achterkant-flank),Geen hindernis
32223,77,Leuven teller 2,Leuven,50.88672,4.70796,2.372632788078055,50.8665913765196,4.696738982420748,2022,6,22,24062,Leuven,Normaal,Droog,"Nacht, openbare verlichting aanwezig en ontstoken",met lichtgewonden,3,Fiets,9,personenauto,Buiten Kruispunt,Gewestweg,binnen bebouwde kom,Tss. 2 best.: langs opzij (voor-/achterkant-flank),Geen hindernis
32223,107,leuven totem,Leuven,50.8870744,4.7087919,2.429537397763539,50.8665913765196,4.696738982420748,2022,6,22,24062,Leuven,Normaal,Droog,"Nacht, openbare verlichting aanwezig en ontstoken",met lichtgewonden,3,Fiets,9,personenauto,Buiten Kruispunt,Gewestweg,binnen bebouwde kom,Tss. 2 best.: langs opzij (voor-/achterkant-flank),Geen hindernis
32224,69,Leuven teller 1,Leuven,50.87549,4.71526,2.2389330352052546,50.856763205638494,4.726982112203494,2022,6,8,24062,Leuven,Normaal,Droog,Dag,met lichtgewonden,6,Bromfiets,3,Fiets,Op Kruispunt,Gewestweg,buiten bebouwde kom,Tussen 2 bestuurders: Frontale botsing,Geen hindernis
32224,108,Heverlee teller 1,Leuven,50.8471728,4.6954674,2.4559462110358927,50.856763205638494,4.726982112203494,2022,6,8,24062,Leuven,Normaal,Droog,Dag,met lichtgewonden,6,Bromfiets,3,Fiets,Op Kruispunt,Gewestweg,buiten bebouwde kom,Tussen 2 bestuurders: Frontale botsing,Geen hindernis
32224,76,Heverlee teller 2,Leuven,50.84606,4.69597,2.4811560030700557,50.856763205638494,4.726982112203494,2022,6,8,24062,Leuven,Normaal,Droog,Dag,met lichtgewonden,6,Bromfiets,3,Fiets,Op Kruispunt,Gewestweg,buiten bebouwde kom,Tussen 2 bestuurders: Frontale botsing,Geen hindernis
32225,107,leuven totem,Leuven,50.8870744,4.7087919,0.7720554927376235,50.89391256123236,4.710699796696923,2022,6,15,24062,Leuven,Normaal,Droog,Dag,met lichtgewonden,3,Fiets,11,een weggebruiker tegen een hindernis,Buiten Kruispunt,Gemeenteweg,binnen bebouwde kom,Weggebruiker tegen hindernis op de rijbaan,Op de rijbaan: Dier (wild dier)
32225,77,Leuven teller 2,Leuven,50.88672,4.70796,0.8225411132182395,50.89391256123236,4.710699796696923,2022,6,15,24062,Leuven,Normaal,Droog,Dag,met lichtgewonden,3,Fiets,11,een weggebruiker tegen een hindernis,Buiten Kruispunt,Gemeenteweg,binnen bebouwde kom,Weggebruiker tegen hindernis op de rijbaan,Op de rijbaan: Dier (wild dier)
32225,69,Leuven teller 1,Leuven,50.87549,4.71526,2.0733236495607703,50.89391256123236,4.710699796696923,2022,6,15,24062,Leuven,Normaal,Droog,Dag,met lichtgewonden,3,Fiets,11,een weggebruiker tegen een hindernis,Buiten Kruispunt,Gemeenteweg,binnen bebouwde kom,Weggebruiker tegen hindernis op de rijbaan,Op de rijbaan: Dier (wild dier)
32226,107,leuven totem,Leuven,50.8870744,4.7087919,0.3230052965396273,50.884632466922056,4.711285707916805,2022,6,12,24062,Leuven,Normaal,Droog,Dag,met lichtgewonden,3,Fiets,9,personenauto,Op Kruispunt,Gewestweg,binnen bebouwde kom,Tss. 2 best.: langs opzij (voor-/achterkant-flank),Geen hindernis
32226,77,Leuven teller 2,Leuven,50.88672,4.70796,0.3291026167512252,50.884632466922056,4.711285707916805,2022,6,12,24062,Leuven,Normaal,Droog,Dag,met lichtgewonden,3,Fiets,9,personenauto,Op Kruispunt,Gewestweg,binnen bebouwde kom,Tss. 2 best.: langs opzij (voor-/achterkant-flank),Geen hindernis
32226,69,Leuven teller 1,Leuven,50.87549,4.71526,1.0541406523624843,50.884632466922056,4.711285707916805,2022,6,12,24062,Leuven,Normaal,Droog,Dag,met lichtgewonden,3,Fiets,9,personenauto,Op Kruispunt,Gewestweg,binnen bebouwde kom,Tss. 2 best.: langs opzij (voor-/achterkant-flank),Geen hindernis
32227,77,Leuven teller 2,Leuven,50.88672,4.70796,0.3637055073276348,50.8884552082393,4.703564817218957,2022,6,17,24062,Leuven,Normaal,Droog,Dag,met lichtgewonden,3,Fiets,3,Fiets,Buiten Kruispunt,Gemeenteweg,binnen bebouwde kom,Tss. 2 best.: langs opzij (voor-/achterkant-flank),Geen hindernis
32227,107,leuven totem,Leuven,50.8870744,4.7087919,0.39751026404543216,50.8884552082393,4.703564817218957,2022,6,17,24062,Leuven,Normaal,Droog,Dag,met lichtgewonden,3,Fiets,3,Fiets,Buiten Kruispunt,Gemeenteweg,binnen bebouwde kom,Tss. 2 best.: langs opzij (voor-/achterkant-flank),Geen hindernis
32227,69,Leuven teller 1,Leuven,50.87549,4.71526,1.6587890293665253,50.8884552082393,4.703564817218957,2022,6,17,24062,Leuven,Normaal,Droog,Dag,met lichtgewonden,3,Fiets,3,Fiets,Buiten Kruispunt,Gemeenteweg,binnen bebouwde kom,Tss. 2 best.: langs opzij (voor-/achterkant-flank),Geen hindernis
32228,77,Leuven teller 2,Leuven,50.88672,4.70796,1.0401667059932156,50.89172753594743,4.695434625536322,2022,6,17,24062,Leuven,Normaal,Droog,Dag,met lichtgewonden,8,Voetganger,3,Fiets,Buiten Kruispunt,Gemeenteweg,binnen bebouwde kom,Met een voetganger,Geen hindernis
32228,107,leuven totem,Leuven,50.8870744,4.7087919,1.0703030645772509,50.89172753594743,4.695434625536322,2022,6,17,24062,Leuven,Normaal,Droog,Dag,met lichtgewonden,8,Voetganger,3,Fiets,Buiten Kruispunt,Gemeenteweg,binnen bebouwde kom,Met een voetganger,Geen hindernis
32228,69,Leuven teller 1,Leuven,50.87549,4.71526,2.2790952598645853,50.89172753594743,4.695434625536322,2022,6,17,24062,Leuven,Normaal,Droog,Dag,met lichtgewonden,8,Voetganger,3,Fiets,Buiten Kruispunt,Gemeenteweg,binnen bebouwde kom,Met een voetganger,Geen hindernis
32229,69,Leuven teller 1,Leuven,50.87549,4.71526,0.4801997244665432,50.87569082327136,4.70842351122589,2022,6,16,24062,Leuven,Normaal,Droog+Proper,Dag,met lichtgewonden,9,personenauto,3,Fiets,Op Kruispunt,Gemeenteweg,binnen bebouwde kom,Tss. 2 best.: langs opzij (voor-/achterkant-flank),Geen hindernis
32229,77,Leuven teller 2,Leuven,50.88672,4.70796,1.2268195386006908,50.87569082327136,4.70842351122589,2022,6,16,24062,Leuven,Normaal,Droog+Proper,Dag,met lichtgewonden,9,personenauto,3,Fiets,Op Kruispunt,Gemeenteweg,binnen bebouwde kom,Tss. 2 best.: langs opzij (voor-/achterkant-flank),Geen hindernis
32229,107,leuven totem,Leuven,50.8870744,4.7087919,1.266059796591127,50.87569082327136,4.70842351122589,2022,6,16,24062,Leuven,Normaal,Droog+Proper,Dag,met lichtgewonden,9,personenauto,3,Fiets,Op Kruispunt,Gemeenteweg,binnen bebouwde kom,Tss. 2 best.: langs opzij (voor-/achterkant-flank),Geen hindernis
32229,151,Leuven,District Leuven,50.8690262,4.6854839,1.7720615558506516,50.87569082327136,4.70842351122589,2022,6,16,24062,Leuven,Normaal,Droog+Proper,Dag,met lichtgewonden,9,personenauto,3,Fiets,Op Kruispunt,Gemeenteweg,binnen bebouwde kom,Tss. 2 best.: langs opzij (voor-/achterkant-flank),Geen hindernis
32230,69,Leuven teller 1,Leuven,50.87549,4.71526,0.5014803156028576,50.872303845076296,4.720318138769367,2022,6,17,24062,Leuven,Normaal,Onbekend,Dag,met lichtgewonden,3,Fiets,9,personenauto,Op Kruispunt,Gewestweg,binnen bebouwde kom,Tussen 2 bestuurders: Flank tegen flank,Geen hindernis
32230,77,Leuven teller 2,Leuven,50.88672,4.70796,1.822461079670406,50.872303845076296,4.720318138769367,2022,6,17,24062,Leuven,Normaal,Onbekend,Dag,met lichtgewonden,3,Fiets,9,personenauto,Op Kruispunt,Gewestweg,binnen bebouwde kom,Tussen 2 bestuurders: Flank tegen flank,Geen hindernis
32230,107,leuven totem,Leuven,50.8870744,4.7087919,1.83069676352783,50.872303845076296,4.720318138769367,2022,6,17,24062,Leuven,Normaal,Onbekend,Dag,met lichtgewonden,3,Fiets,9,personenauto,Op Kruispunt,Gewestweg,binnen bebouwde kom,Tussen 2 bestuurders: Flank tegen flank,Geen hindernis
32230,151,Leuven,District Leuven,50.8690262,4.6854839,2.471413282118946,50.872303845076296,4.720318138769367,2022,6,17,24062,Leuven,Normaal,Onbekend,Dag,met lichtgewonden,3,Fiets,9,personenauto,Op Kruispunt,Gewestweg,binnen bebouwde kom,Tussen 2 bestuurders: Flank tegen flank,Geen hindernis
32231,151,Leuven,District Leuven,50.8690262,4.6854839,1.2015292559307746,50.862472403692244,4.671871670740653,2022,6,8,24062,Leuven,Normaal,Droog,Dag,met lichtgewonden,3,Fiets,3,Fiets,Buiten Kruispunt,Gemeenteweg,binnen bebouwde kom,Tussen 2 bestuurders: Frontale botsing,Geen hindernis
32231,108,Heverlee teller 1,Leuven,50.8471728,4.6954674,2.374368227001672,50.862472403692244,4.671871670740653,2022,6,8,24062,Leuven,Normaal,Droog,Dag,met lichtgewonden,3,Fiets,3,Fiets,Buiten Kruispunt,Gemeenteweg,binnen bebouwde kom,Tussen 2 bestuurders: Frontale botsing,Geen hindernis
32231,76,Heverlee teller 2,Leuven,50.84606,4.69597,2.4884001055827123,50.862472403692244,4.671871670740653,2022,6,8,24062,Leuven,Normaal,Droog,Dag,met lichtgewonden,3,Fiets,3,Fiets,Buiten Kruispunt,Gemeenteweg,binnen bebouwde kom,Tussen 2 bestuurders: Frontale botsing,Geen hindernis
32232,69,Leuven teller 1,Leuven,50.87549,4.71526,0.764246572335721,50.879876030310704,4.706873607514438,2022,6,17,24062,Leuven,Normaal,Droog,Dag,met lichtgewonden,3,Fiets,8,Voetganger,Buiten Kruispunt,Gemeenteweg,binnen bebouwde kom,Met een voetganger,Geen hindernis
32232,77,Leuven teller 2,Leuven,50.88672,4.70796,0.764821501263002,50.879876030310704,4.706873607514438,2022,6,17,24062,Leuven,Normaal,Droog,Dag,met lichtgewonden,3,Fiets,8,Voetganger,Buiten Kruispunt,Gemeenteweg,binnen bebouwde kom,Met een voetganger,Geen hindernis
32232,107,leuven totem,Leuven,50.8870744,4.7087919,0.811656177425187,50.879876030310704,4.706873607514438,2022,6,17,24062,Leuven,Normaal,Droog,Dag,met lichtgewonden,3,Fiets,8,Voetganger,Buiten Kruispunt,Gemeenteweg,binnen bebouwde kom,Met een voetganger,Geen hindernis
32232,151,Leuven,District Leuven,50.8690262,4.6854839,1.9256247144870693,50.879876030310704,4.706873607514438,2022,6,17,24062,Leuven,Normaal,Droog,Dag,met lichtgewonden,3,Fiets,8,Voetganger,Buiten Kruispunt,Gemeenteweg,binnen bebouwde kom,Met een voetganger,Geen hindernis
32233,151,Leuven,District Leuven,50.8690262,4.6854839,1.6233080417613721,50.88345029220838,4.681915704021692,2022,6,16,24062,Leuven,Normaal,Droog,Dag,met lichtgewonden,9,personenauto,3,Fiets,Op Kruispunt,Gewestweg,buiten bebouwde kom,Tss. 2 best.: langs opzij (voor-/achterkant-flank),Geen hindernis
32233,77,Leuven teller 2,Leuven,50.88672,4.70796,1.862842366662759,50.88345029220838,4.681915704021692,2022,6,16,24062,Leuven,Normaal,Droog,Dag,met lichtgewonden,9,personenauto,3,Fiets,Op Kruispunt,Gewestweg,buiten bebouwde kom,Tss. 2 best.: langs opzij (voor-/achterkant-flank),Geen hindernis
32233,107,leuven totem,Leuven,50.8870744,4.7087919,1.927955161383411,50.88345029220838,4.681915704021692,2022,6,16,24062,Leuven,Normaal,Droog,Dag,met lichtgewonden,9,personenauto,3,Fiets,Op Kruispunt,Gewestweg,buiten bebouwde kom,Tss. 2 best.: langs opzij (voor-/achterkant-flank),Geen hindernis
32234,151,Leuven,District Leuven,50.8690262,4.6854839,0.7929254145471301,50.86415451895455,4.6937348612701815,2022,6,20,24062,Leuven,Normaal,Droog,Dag,met lichtgewonden,9,personenauto,3,Fiets,Op Kruispunt,Gemeenteweg,binnen bebouwde kom,Tussen 2 bestuurders: Flank tegen flank,Geen hindernis
32234,108,Heverlee teller 1,Leuven,50.8471728,4.6954674,1.8921932586764543,50.86415451895455,4.6937348612701815,2022,6,20,24062,Leuven,Normaal,Droog,Dag,met lichtgewonden,9,personenauto,3,Fiets,Op Kruispunt,Gemeenteweg,binnen bebouwde kom,Tussen 2 bestuurders: Flank tegen flank,Geen hindernis
32234,69,Leuven teller 1,Leuven,50.87549,4.71526,1.9673116310344498,50.86415451895455,4.6937348612701815,2022,6,20,24062,Leuven,Normaal,Droog,Dag,met lichtgewonden,9,personenauto,3,Fiets,Op Kruispunt,Gemeenteweg,binnen bebouwde kom,Tussen 2 bestuurders: Flank tegen flank,Geen hindernis
32234,76,Heverlee teller 2,Leuven,50.84606,4.69597,2.0181268237254497,50.86415451895455,4.6937348612701815,2022,6,20,24062,Leuven,Normaal,Droog,Dag,met lichtgewonden,9,personenauto,3,Fiets,Op Kruispunt,Gemeenteweg,binnen bebouwde kom,Tussen 2 bestuurders: Flank tegen flank,Geen hindernis
32236,77,Leuven teller 2,Leuven,50.88672,4.70796,0.8618163339450395,50.87940071492187,4.703919486549029,2022,5,8,24062,Leuven,Onbekend,Onbekend,Onbekend,met lichtgewonden,3,Fiets,3,Fiets,Buiten Kruispunt,Gemeenteweg,binnen bebouwde kom,Tss. 2 best.: langs opzij (voor-/achterkant-flank),Geen hindernis
32236,69,Leuven teller 1,Leuven,50.87549,4.71526,0.9067469875970362,50.87940071492187,4.703919486549029,2022,5,8,24062,Leuven,Onbekend,Onbekend,Onbekend,met lichtgewonden,3,Fiets,3,Fiets,Buiten Kruispunt,Gemeenteweg,binnen bebouwde kom,Tss. 2 best.: langs opzij (voor-/achterkant-flank),Geen hindernis
32236,107,leuven totem,Leuven,50.8870744,4.7087919,0.9191929656750073,50.87940071492187,4.703919486549029,2022,5,8,24062,Leuven,Onbekend,Onbekend,Onbekend,met lichtgewonden,3,Fiets,3,Fiets,Buiten Kruispunt,Gemeenteweg,binnen bebouwde kom,Tss. 2 best.: langs opzij (voor-/achterkant-flank),Geen hindernis
32236,151,Leuven,District Leuven,50.8690262,4.6854839,1.7332311118458223,50.87940071492187,4.703919486549029,2022,5,8,24062,Leuven,Onbekend,Onbekend,Onbekend,met lichtgewonden,3,Fiets,3,Fiets,Buiten Kruispunt,Gemeenteweg,binnen bebouwde kom,Tss. 2 best.: langs opzij (voor-/achterkant-flank),Geen hindernis
32238,151,Leuven,District Leuven,50.8690262,4.6854839,0.5233779890034633,50.87332529845767,4.688520505683877,2022,6,14,24062,Leuven,Normaal,Droog,Dag,met lichtgewonden,3,Fiets,9,personenauto,Op Kruispunt,Gewestweg,binnen bebouwde kom,Tss. 2 best.: langs opzij (voor-/achterkant-flank),Geen hindernis
32238,69,Leuven teller 1,Leuven,50.87549,4.71526,1.8915935725390118,50.87332529845767,4.688520505683877,2022,6,14,24062,Leuven,Normaal,Droog,Dag,met lichtgewonden,3,Fiets,9,personenauto,Op Kruispunt,Gewestweg,binnen bebouwde kom,Tss. 2 best.: langs opzij (voor-/achterkant-flank),Geen hindernis
32238,77,Leuven teller 2,Leuven,50.88672,4.70796,2.0195125430154364,50.87332529845767,4.688520505683877,2022,6,14,24062,Leuven,Normaal,Droog,Dag,met lichtgewonden,3,Fiets,9,personenauto,Op Kruispunt,Gewestweg,binnen bebouwde kom,Tss. 2 best.: langs opzij (voor-/achterkant-flank),Geen hindernis
32238,107,leuven totem,Leuven,50.8870744,4.7087919,2.0880524166286243,50.87332529845767,4.688520505683877,2022,6,14,24062,Leuven,Normaal,Droog,Dag,met lichtgewonden,3,Fiets,9,personenauto,Op Kruispunt,Gewestweg,binnen bebouwde kom,Tss. 2 best.: langs opzij (voor-/achterkant-flank),Geen hindernis
32239,69,Leuven teller 1,Leuven,50.87549,4.71526,1.1658472383201253,50.882349526114375,4.727827252449436,2022,6,15,24062,Leuven,Normaal,Droog,Dag,met lichtgewonden,3,Fiets,10,"één bestuurder, geen hindernis",Buiten Kruispunt,Gemeenteweg,binnen bebouwde kom,"Eén bestuurder, geen hindernis (incl. val)",Geen hindernis
32239,107,leuven totem,Leuven,50.8870744,4.7087919,1.434984957634171,50.882349526114375,4.727827252449436,2022,6,15,24062,Leuven,Normaal,Droog,Dag,met lichtgewonden,3,Fiets,10,"één bestuurder, geen hindernis",Buiten Kruispunt,Gemeenteweg,binnen bebouwde kom,"Eén bestuurder, geen hindernis (incl. val)",Geen hindernis
32239,77,Leuven teller 2,Leuven,50.88672,4.70796,1.4760099715485937,50.882349526114375,4.727827252449436,2022,6,15,24062,Leuven,Normaal,Droog,Dag,met lichtgewonden,3,Fiets,10,"één bestuurder, geen hindernis",Buiten Kruispunt,Gemeenteweg,binnen bebouwde kom,"Eén bestuurder, geen hindernis (incl. val)",Geen hindernis
32240,151,Leuven,District Leuven,50.8690262,4.6854839,1.1988157500948173,50.87955730714785,4.689142610003488,2022,6,8,24062,Leuven,Normaal,Droog,Dag,met lichtgewonden,9,personenauto,3,Fiets,Op Kruispunt,Gemeenteweg,binnen bebouwde kom,Tussen 2 bestuurders: Frontale botsing,Geen hindernis
32240,77,Leuven teller 2,Leuven,50.88672,4.70796,1.5417561721342428,50.87955730714785,4.689142610003488,2022,6,8,24062,Leuven,Normaal,Droog,Dag,met lichtgewonden,9,personenauto,3,Fiets,Op Kruispunt,Gemeenteweg,binnen bebouwde kom,Tussen 2 bestuurders: Frontale botsing,Geen hindernis
32240,107,leuven totem,Leuven,50.8870744,4.7087919,1.612083438132498,50.87955730714785,4.689142610003488,2022,6,8,24062,Leuven,Normaal,Droog,Dag,met lichtgewonden,9,personenauto,3,Fiets,Op Kruispunt,Gemeenteweg,binnen bebouwde kom,Tussen 2 bestuurders: Frontale botsing,Geen hindernis
32240,69,Leuven teller 1,Leuven,50.87549,4.71526,1.8874294492373023,50.87955730714785,4.689142610003488,2022,6,8,24062,Leuven,Normaal,Droog,Dag,met lichtgewonden,9,personenauto,3,Fiets,Op Kruispunt,Gemeenteweg,binnen bebouwde kom,Tussen 2 bestuurders: Frontale botsing,Geen hindernis
32242,151,Leuven,District Leuven,50.8690262,4.6854839,0.5658140134223129,50.872583957210104,4.6912487073266895,2022,5,17,24062,Leuven,Onbekend,Onbekend,Dag,met lichtgewonden,3,Fiets,9,personenauto,Op Kruispunt,Gemeenteweg,binnen bebouwde kom,Tussen 2 bestuurders: Flank tegen flank,Geen hindernis
32242,69,Leuven teller 1,Leuven,50.87549,4.71526,1.715509723148464,50.872583957210104,4.6912487073266895,2022,5,17,24062,Leuven,Onbekend,Onbekend,Dag,met lichtgewonden,3,Fiets,9,personenauto,Op Kruispunt,Gemeenteweg,binnen bebouwde kom,Tussen 2 bestuurders: Flank tegen flank,Geen hindernis