crash_row_id,site_id,site_name,site_gemeente,site_lat,site_long,distance_km,crash_lat,crash_long,DT_YEAR_COLLISION,DT_MONTH_COLLISION,DT_TIME,CD_NIS,TX_MUNTY_COLLISION_NL,TX_WEATHER_NL,TX_ROAD_CONDITION_NL,TX_LIGHT_CONDITION_NL,TX_CLASS_ACCIDENTS_NL,CD_ROAD_USR_TYPE1,TX_ROAD_USR_TYPE1_NL,CD_ROAD_USR_TYPE2,TX_ROAD_USR_TYPE2_NL,TX_CROSSWAY_NL,CD_ROAD_TYPE_NL,TX_BUILD_UP_AREA_NL,TX_COLLISION_TYPE_NL,TX_OBSTACLES_NL
32242,77,Leuven teller 2,Leuven,50.88672,4.70796,1.9609562282138662,50.872583957210104,4.6912487073266895,2022,5,17,24062,Leuven,Onbekend,Onbekend,Dag,met lichtgewonden,3,Fiets,9,personenauto,Op Kruispunt,Gemeenteweg,binnen bebouwde kom,Tussen 2 bestuurders: Flank tegen flank,Geen hindernis
32242,107,leuven totem,Leuven,50.8870744,4.7087919,2.027570432566757,50.872583957210104,4.6912487073266895,2022,5,17,24062,Leuven,Onbekend,Onbekend,Dag,met lichtgewonden,3,Fiets,9,personenauto,Op Kruispunt,Gemeenteweg,binnen bebouwde kom,Tussen 2 bestuurders: Flank tegen flank,Geen hindernis
32250,72,Herent teller 1,Herent,50.89135,4.64689,2.1396551606634735,50.89892662928137,4.618846886265366,2022,5,10,24038,Herent,Normaal,"Nat, plassen",Dag,met lichtgewonden,3,Fiets,10,"één bestuurder, geen hindernis",Op Kruispunt,Gemeenteweg,binnen bebouwde kom,"Eén bestuurder, geen hindernis (incl. val)",Geen hindernis
32250,73,Herent teller 2,Herent,50.89128,4.64685,2.140158453069806,50.89892662928137,4.618846886265366,2022,5,10,24038,Herent,Normaal,"Nat, plassen",Dag,met lichtgewonden,3,Fiets,10,"één bestuurder, geen hindernis",Op Kruispunt,Gemeenteweg,binnen bebouwde kom,"Eén bestuurder, geen hindernis (incl. val)",Geen hindernis
32251,87,Aarschot,Aarschot,50.99084,4.81259,1.9747963060635811,50.99121375240496,4.840798848671013,2022,6,9,24001,Aarschot,Normaal,Droog,Dag,met lichtgewonden,3,Fiets,3,Fiets,Buiten Kruispunt,Gewestweg,binnen bebouwde kom,Tss. 2 best.: langs opzij (voor-/achterkant-flank),Geen hindernis
32254,87,Aarschot,Aarschot,50.99084,4.81259,1.4518135534486445,50.98742451890633,4.832609808139537,2022,6,17,24001,Aarschot,Normaal,Droog,Dag,met lichtgewonden,9,personenauto,3,Fiets,Op Kruispunt,Gemeenteweg,binnen bebouwde kom,Tss. 2 best.: langs opzij (voor-/achterkant-flank),Geen hindernis
32257,70,Kampenhout teller 1,Kampenhout,50.95682,4.59318,1.2922381313924545,50.964090997988436,4.607573457089508,2022,6,18,24014,Boortmeerbeek,Normaal,Droog,Dag,met lichtgewonden,9,personenauto,3,Fiets,Op Kruispunt,Gewestweg,buiten bebouwde kom,Tussen 2 bestuurders: Frontale botsing,Geen hindernis
32257,71,Kampenhout teller 2,Kampenhout,50.95589,4.59164,1.4411460072888747,50.964090997988436,4.607573457089508,2022,6,18,24014,Boortmeerbeek,Normaal,Droog,Dag,met lichtgewonden,9,personenauto,3,Fiets,Op Kruispunt,Gewestweg,buiten bebouwde kom,Tussen 2 bestuurders: Frontale botsing,Geen hindernis
32262,101,Diest teller 1,Diest,50.97799,5.04481,0.7443752345487216,50.98244108371748,5.052751989996684,2022,6,10,24020,Diest,Normaal,Droog,Dag,met lichtgewonden,9,personenauto,3,Fiets,Buiten Kruispunt,Gemeenteweg,binnen bebouwde kom,Tussen 2 bestuurders: Flank tegen flank,Geen hindernis
32262,102,Diest teller 2,Diest,50.9779,5.04474,0.754701793187761,50.98244108371748,5.052751989996684,2022,6,10,24020,Diest,Normaal,Droog,Dag,met lichtgewonden,9,personenauto,3,Fiets,Buiten Kruispunt,Gemeenteweg,binnen bebouwde kom,Tussen 2 bestuurders: Flank tegen flank,Geen hindernis
32266,87,Aarschot,Aarschot,50.99084,4.81259,1.5958184703712865,50.99621543537472,4.791448205979298,2022,6,8,24007,Begijnendijk,Onbekend,Onbekend,Dag,met lichtgewonden,3,Fiets,11,een weggebruiker tegen een hindernis,Buiten Kruispunt,Gemeenteweg,buiten bebouwde kom,Weggebruiker tegen hindernis op de rijbaan,"Op de rijbaan: Put, straatgoot, tramspoor"
32269,111,Zaventem totem,Zaventem,50.8871216,4.4597084,1.1367916788944217,50.88087226833762,4.472533063624699,2022,6,14,23094,Zaventem,Normaal,Droog,Dag,met lichtgewonden,9,personenauto,3,Fiets,Buiten Kruispunt,Gemeenteweg,binnen bebouwde kom,Tussen 2 bestuurders: Flank tegen flank,Geen hindernis
32269,26,Zaventem,Zaventem,50.86995,4.45444,1.7568838652172303,50.88087226833762,4.472533063624699,2022,6,14,23094,Zaventem,Normaal,Droog,Dag,met lichtgewonden,9,personenauto,3,Fiets,Buiten Kruispunt,Gemeenteweg,binnen bebouwde kom,Tussen 2 bestuurders: Flank tegen flank,Geen hindernis
32270,148,Hoeilaart,District Leuven,50.76699493,4.44471001,0.25424150716695254,50.765541748274266,4.447500984949182,2022,6,21,23033,Hoeilaart,Normaal,Droog,Dag,met lichtgewonden,3,Fiets,9,personenauto,Op Kruispunt,Gewestweg,buiten bebouwde kom,Tussen 2 bestuurders: Langs achteren,Geen hindernis
32271,147,Overijse,District Vilvoorde-gewestwegen,50.7797555,4.4975769,1.594753322562075,50.776018482577406,4.475679200841518,2022,6,12,23033,Hoeilaart,Normaal,Droog,Dag,met lichtgewonden,9,personenauto,3,Fiets,Op Kruispunt,Gemeenteweg,buiten bebouwde kom,Tss. 2 best.: langs opzij (voor-/achterkant-flank),Geen hindernis
32271,146,Overijse 2,District Vilvoorde-gewestwegen,50.7881478,4.4902818,1.6950027998312944,50.776018482577406,4.475679200841518,2022,6,12,23033,Hoeilaart,Normaal,Droog,Dag,met lichtgewonden,9,personenauto,3,Fiets,Op Kruispunt,Gemeenteweg,buiten bebouwde kom,Tss. 2 best.: langs opzij (voor-/achterkant-flank),Geen hindernis
32271,145,Overijse,District Vilvoorde-gewestwegen,50.7885856,4.4908759,1.7590380846151883,50.776018482577406,4.475679200841518,2022,6,12,23033,Hoeilaart,Normaal,Droog,Dag,met lichtgewonden,9,personenauto,3,Fiets,Op Kruispunt,Gemeenteweg,buiten bebouwde kom,Tss. 2 best.: langs opzij (voor-/achterkant-flank),Geen hindernis
32271,148,Hoeilaart,District Leuven,50.76699493,4.44471001,2.397820441581436,50.776018482577406,4.475679200841518,2022,6,12,23033,Hoeilaart,Normaal,Droog,Dag,met lichtgewonden,9,personenauto,3,Fiets,Op Kruispunt,Gemeenteweg,buiten bebouwde kom,Tss. 2 best.: langs opzij (voor-/achterkant-flank),Geen hindernis
32272,83,Beersel teller 2,Beersel,50.75175,4.33304,2.4718403611704884,50.773617094692696,4.3267174275278695,2022,6,11,23100,Linkebeek,Onbekend,Onbekend,Dag,met lichtgewonden,3,Fiets,9,personenauto,Buiten Kruispunt,Gemeenteweg,binnen bebouwde kom,Tussen 2 bestuurders: Langs achteren,Geen hindernis
32277,86,Asse teller 2,Asse,50.89132,4.1709,2.399954493396354,50.87065283280648,4.180760837158061,2022,6,8,23086,Ternat,Normaal,Droog,Dag,met lichtgewonden,3,Fiets,9,personenauto,Op Kruispunt,Gemeenteweg,binnen bebouwde kom,Tussen 2 bestuurders: Frontale botsing,Geen hindernis
32278,86,Asse teller 2,Asse,50.89132,4.1709,2.0437794429279443,50.87294895182181,4.16998329469987,2022,6,17,23086,Ternat,Onbekend,Onbekend,Onbekend,met lichtgewonden,8,Voetganger,3,Fiets,Buiten Kruispunt,Gemeenteweg,binnen bebouwde kom,Met een voetganger,Geen hindernis
32280,86,Asse teller 2,Asse,50.89132,4.1709,2.4597437519631242,50.893442464653255,4.135992450858676,2022,6,10,23105,Affligem,Normaal,Droog,Dag,met lichtgewonden,3,Fiets,4,Vrachtwagen,Buiten Kruispunt,Gemeenteweg,binnen bebouwde kom,Tss. 2 best.: langs opzij (voor-/achterkant-flank),Geen hindernis
32283,81,Wemmel teller 2,Wemmel,50.91439,4.29568,2.2811536845889315,50.92614810141638,4.269012913942538,2022,6,19,23052,Merchtem,Normaal,Droog,Dag,met lichtgewonden,9,personenauto,3,Fiets,Op Kruispunt,Gemeenteweg,binnen bebouwde kom,Tss. 2 best.: langs opzij (voor-/achterkant-flank),Geen hindernis
32283,80,Wemmel teller 1,Wemmel,50.91418,4.29571,2.296333933494161,50.92614810141638,4.269012913942538,2022,6,19,23052,Merchtem,Normaal,Droog,Dag,met lichtgewonden,9,personenauto,3,Fiets,Op Kruispunt,Gemeenteweg,binnen bebouwde kom,Tss. 2 best.: langs opzij (voor-/achterkant-flank),Geen hindernis
32292,27,Grimbergen,Meise,50.92127,4.34013,2.3205629748057484,50.942044445772865,4.336976098979536,2022,6,20,23050,Meise,Normaal,Droog,Dag,met lichtgewonden,9,personenauto,3,Fiets,Op Kruispunt,Gewestweg,buiten bebouwde kom,Tss. 2 best.: langs opzij (voor-/achterkant-flank),Geen hindernis
32294,27,Grimbergen,Meise,50.92127,4.34013,1.6929021991682947,50.935095958410805,4.330016696828302,2022,6,8,23050,Meise,Normaal,Droog,Dag,met lichtgewonden,9,personenauto,3,Fiets,Buiten Kruispunt,Gewestweg,binnen bebouwde kom,Tussen 2 bestuurders: Frontale botsing,Geen hindernis
32297,47,Vilvoorde,Vilvoorde,50.91372,4.41497,2.4633432513334954,50.93362563496768,4.430394731339189,2022,6,14,23088,Vilvoorde,Normaal,Droog,Dag,met lichtgewonden,3,Fiets,9,personenauto,Op Kruispunt,Gewestweg,binnen bebouwde kom,Tss. 2 best.: langs opzij (voor-/achterkant-flank),Geen hindernis
32298,47,Vilvoorde,Vilvoorde,50.91372,4.41497,0.6648497414426292,50.91677626973592,4.423121068144408,2022,6,9,23088,Vilvoorde,Normaal,Droog,Dag,met lichtgewonden,9,personenauto,3,Fiets,Op Kruispunt,Gewestweg,buiten bebouwde kom,Tss. 2 best.: langs opzij (voor-/achterkant-flank),Geen hindernis
32298,1,Machelen,Machelen,50.91618331151478,4.456121776137429,2.3143921880520355,50.91677626973592,4.423121068144408,2022,6,9,23088,Vilvoorde,Normaal,Droog,Dag,met lichtgewonden,9,personenauto,3,Fiets,Op Kruispunt,Gewestweg,buiten bebouwde kom,Tss. 2 best.: langs opzij (voor-/achterkant-flank),Geen hindernis
32299,27,Grimbergen,Meise,50.92127,4.34013,2.3307185666637644,50.912464628327996,4.370301311961132,2022,6,22,23088,Vilvoorde,Normaal,Droog,"Nacht, openbare verlichting aanwezig en ontstoken",met lichtgewonden,3,Fiets,11,een weggebruiker tegen een hindernis,Buiten Kruispunt,Gemeenteweg,binnen bebouwde kom,Weggebruiker tegen hindernis buiten rijbaan,Buiten de rijbaan: Dier
32300,149,Machelen,,50.88297881,4.43356644,0.7575407748706151,50.88777928869732,4.44122900987411,2022,6,22,23047,Machelen,Normaal,Droog+Proper,"Nacht, openbare verlichting aanwezig en ontstoken",met lichtgewonden,3,Fiets,9,personenauto,Buiten Kruispunt,Gemeenteweg,binnen bebouwde kom,Tussen 2 bestuurders: Langs achteren,Geen hindernis
32300,111,Zaventem totem,Zaventem,50.8871216,4.4597084,1.2983322817907486,50.88777928869732,4.44122900987411,2022,6,22,23047,Machelen,Normaal,Droog+Proper,"Nacht, openbare verlichting aanwezig en ontstoken",met lichtgewonden,3,Fiets,9,personenauto,Buiten Kruispunt,Gemeenteweg,binnen bebouwde kom,Tussen 2 bestuurders: Langs achteren,Geen hindernis
32300,26,Zaventem,Zaventem,50.86995,4.45444,2.188496707784836,50.88777928869732,4.44122900987411,2022,6,22,23047,Machelen,Normaal,Droog+Proper,"Nacht, openbare verlichting aanwezig en ontstoken",met lichtgewonden,3,Fiets,9,personenauto,Buiten Kruispunt,Gemeenteweg,binnen bebouwde kom,Tussen 2 bestuurders: Langs achteren,Geen hindernis
32301,1,Machelen,Machelen,50.91618331151478,4.456121776137429,1.9642385503684079,50.90172496478864,4.440026424209535,2022,6,17,23047,Machelen,Onbekend,Droog,Dag,met lichtgewonden,3,Fiets,9,personenauto,Op Kruispunt,Gewestweg,binnen bebouwde kom,Tss. 2 best.: langs opzij (voor-/achterkant-flank),Geen hindernis
32301,111,Zaventem totem,Zaventem,50.8871216,4.4597084,2.131280424712282,50.90172496478864,4.440026424209535,2022,6,17,23047,Machelen,Onbekend,Droog,Dag,met lichtgewonden,3,Fiets,9,personenauto,Op Kruispunt,Gewestweg,binnen bebouwde kom,Tss. 2 best.: langs opzij (voor-/achterkant-flank),Geen hindernis
32301,149,Machelen,,50.88297881,4.43356644,2.1331537947609465,50.90172496478864,4.440026424209535,2022,6,17,23047,Machelen,Onbekend,Droog,Dag,met lichtgewonden,3,Fiets,9,personenauto,Op Kruispunt,Gewestweg,binnen bebouwde kom,Tss. 2 best.: langs opzij (voor-/achterkant-flank),Geen hindernis
32301,47,Vilvoorde,Vilvoorde,50.91372,4.41497,2.2058013835251744,50.90172496478864,4.440026424209535,2022,6,17,23047,Machelen,Onbekend,Droog,Dag,met lichtgewonden,3,Fiets,9,personenauto,Op Kruispunt,Gewestweg,binnen bebouwde kom,Tss. 2 best.: langs opzij (voor-/achterkant-flank),Geen hindernis
32302,47,Vilvoorde,Vilvoorde,50.91372,4.41497,0.9115939844032788,50.91880987835933,4.4251638053863855,2022,6,16,23088,Vilvoorde,Onbekend,Onbekend,Dag,met lichtgewonden,9,personenauto,3,Fiets,Op Kruispunt,Gewestweg,buiten bebouwde kom,Tussen 2 bestuurders: Flank tegen flank,Geen hindernis
32302,1,Machelen,Machelen,50.91618331151478,4.456121776137429,2.189767380335056,50.91880987835933,4.4251638053863855,2022,6,16,23088,Vilvoorde,Onbekend,Onbekend,Dag,met lichtgewonden,9,personenauto,3,Fiets,Op Kruispunt,Gewestweg,buiten bebouwde kom,Tussen 2 bestuurders: Flank tegen flank,Geen hindernis
32303,1,Machelen,Machelen,50.91618331151478,4.456121776137429,1.3238436351063902,50.92358052968011,4.441323853780305,2022,6,8,23088,Vilvoorde,Normaal,Droog,Dag,met lichtgewonden,9,personenauto,3,Fiets,Op Kruispunt,Gewestweg,buiten bebouwde kom,Tss. 2 best.: langs opzij (voor-/achterkant-flank),Geen hindernis
32303,47,Vilvoorde,Vilvoorde,50.91372,4.41497,2.148272427272439,50.92358052968011,4.441323853780305,2022,6,8,23088,Vilvoorde,Normaal,Droog,Dag,met lichtgewonden,9,personenauto,3,Fiets,Op Kruispunt,Gewestweg,buiten bebouwde kom,Tss. 2 best.: langs opzij (voor-/achterkant-flank),Geen hindernis
32305,47,Vilvoorde,Vilvoorde,50.91372,4.41497,1.3086924293816486,50.92259452542209,4.427232253841197,2022,6,10,23088,Vilvoorde,Normaal,Droog,Dag,met lichtgewonden,9,personenauto,3,Fiets,Op Kruispunt,Gewestweg,buiten bebouwde kom,Tss. 2 best.: langs opzij (voor-/achterkant-flank),Geen hindernis
32305,1,Machelen,Machelen,50.91618331151478,4.456121776137429,2.1469341879590584,50.92259452542209,4.427232253841197,2022,6,10,23088,Vilvoorde,Normaal,Droog,Dag,met lichtgewonden,9,personenauto,3,Fiets,Op Kruispunt,Gewestweg,buiten bebouwde kom,Tss. 2 best.: langs opzij (voor-/achterkant-flank),Geen hindernis
32317,13,Gent,Gent,51.03018,3.70146,1.7894154126991404,51.04191061314034,3.7189790922812724,2022,6,8,44021,Gent,Normaal,Droog,Dag,met lichtgewonden,9,personenauto,3,Fiets,Op Kruispunt,Gewestweg,binnen bebouwde kom,Tussen 2 bestuurders: Flank tegen flank,Geen hindernis
32322,13,Gent,Gent,51.03018,3.70146,2.161558883427889,51.03189278789854,3.7322499246863083,2022,6,0,44021,Gent,Normaal,Droog,"Nacht, openbare verlichting aanwezig en ontstoken",met lichtgewonden,3,Fiets,11,een weggebruiker tegen een hindernis,Buiten Kruispunt,Gemeenteweg,binnen bebouwde kom,Weggebruiker tegen hindernis op de rijbaan,"Op de rijbaan: Put, straatgoot, tramspoor"
32324,13,Gent,Gent,51.03018,3.70146,1.985976998695468,51.03930529502133,3.7258747257181004,2022,6,19,44021,Gent,Normaal,Droog,Dag,met zwaargewonden,3,Fiets,99,onbekend,Buiten Kruispunt,Gemeenteweg,binnen bebouwde kom,Kettingbotsing (3 bestuurders of meer),Geen hindernis
32327,136,Gent R4,Gent,51.0876313,3.7587918,2.2557469854899246,51.06817604161109,3.749643839649459,2022,6,17,44021,Gent,Normaal,Droog,Dag,met lichtgewonden,3,Fiets,11,een weggebruiker tegen een hindernis,Op Kruispunt,Gemeenteweg,binnen bebouwde kom,Weggebruiker tegen hindernis op de rijbaan,"Op de rijbaan: Werken (signal., aarde, toestel,…)"
32328,13,Gent,Gent,51.03018,3.70146,1.2983525884449332,51.021186553903775,3.6896202979752775,2022,6,9,44021,Gent,Regenval,"Nat, plassen",Dag,met lichtgewonden,3,Fiets,9,personenauto,Buiten Kruispunt,Gewestweg,buiten bebouwde kom,Tss. 2 best.: langs opzij (voor-/achterkant-flank),Geen hindernis
32329,136,Gent R4,Gent,51.0876313,3.7587918,1.390500959059725,51.09966070553994,3.7642311568781723,2022,6,13,44021,Gent,Regenval,"Nat, plassen",Dag,met lichtgewonden,3,Fiets,10,"één bestuurder, geen hindernis",Op Kruispunt,Gemeenteweg,binnen bebouwde kom,"Eén bestuurder, geen hindernis (incl. val)",Geen hindernis
32330,13,Gent,Gent,51.03018,3.70146,2.3516625028591593,51.01412833975757,3.723351887558199,2022,6,10,44021,Gent,Normaal,Droog,Dag,met lichtgewonden,9,personenauto,3,Fiets,Buiten Kruispunt,Autosnelweg,buiten bebouwde kom,Tss. 2 best.: langs opzij (voor-/achterkant-flank),Geen hindernis
32332,119,Gent teller 2,Gent,51.0281795,3.7683918,1.4714804785243514,51.040636296295844,3.7612892031624656,2022,6,17,44021,Gent,Normaal,Droog,Dag,met lichtgewonden,9,personenauto,3,Fiets,Buiten Kruispunt,Gemeenteweg,binnen bebouwde kom,Tussen 2 bestuurders: Flank tegen flank,Geen hindernis
32332,118,Gent teller 1,Gent,51.028049,3.7681359,1.4792603879655297,51.040636296295844,3.7612892031624656,2022,6,17,44021,Gent,Normaal,Droog,Dag,met lichtgewonden,9,personenauto,3,Fiets,Buiten Kruispunt,Gemeenteweg,binnen bebouwde kom,Tussen 2 bestuurders: Flank tegen flank,Geen hindernis
32334,119,Gent teller 2,Gent,51.0281795,3.7683918,1.1153339758708283,51.03662867459982,3.7597961160097797,2022,6,7,44021,Gent,Normaal,Droog,Dag,met lichtgewonden,9,personenauto,3,Fiets,Op Kruispunt,Gemeenteweg,buiten bebouwde kom,Tss. 2 best.: langs opzij (voor-/achterkant-flank),Geen hindernis
32334,118,Gent teller 1,Gent,51.028049,3.7681359,1.1181482492243213,51.03662867459982,3.7597961160097797,2022,6,7,44021,Gent,Normaal,Droog,Dag,met lichtgewonden,9,personenauto,3,Fiets,Op Kruispunt,Gemeenteweg,buiten bebouwde kom,Tss. 2 best.: langs opzij (voor-/achterkant-flank),Geen hindernis
32336,13,Gent,Gent,51.03018,3.70146,2.288839317128378,51.0338385883872,3.7336697742192544,2022,6,13,44021,Gent,Normaal,Droog,Dag,met lichtgewonden,9,personenauto,3,Fiets,Op Kruispunt,Gemeenteweg,binnen bebouwde kom,Tss. 2 best.: langs opzij (voor-/achterkant-flank),Geen hindernis
32336,118,Gent teller 1,Gent,51.028049,3.7681359,2.4947299426984664,51.0338385883872,3.7336697742192544,2022,6,13,44021,Gent,Normaal,Droog,Dag,met lichtgewonden,9,personenauto,3,Fiets,Op Kruispunt,Gemeenteweg,binnen bebouwde kom,Tss. 2 best.: langs opzij (voor-/achterkant-flank),Geen hindernis
32337,136,Gent R4,Gent,51.0876313,3.7587918,2.4922263356606122,51.06608259553559,3.7686036359836135,2022,6,13,44021,Gent,Normaal,Droog,Dag,met lichtgewonden,9,personenauto,3,Fiets,Buiten Kruispunt,Gemeenteweg,binnen bebouwde kom,Tussen 2 bestuurders: Langs achteren,Geen hindernis
32338,13,Gent,Gent,51.03018,3.70146,2.216247760679156,51.010272658101854,3.703009677369534,2022,6,16,44021,Gent,Normaal,Droog,Dag,met lichtgewonden,3,Fiets,3,Fiets,Op Kruispunt,Gewestweg,buiten bebouwde kom,Tussen 2 bestuurders: Frontale botsing,Geen hindernis
32341,13,Gent,Gent,51.03018,3.70146,1.0731997754066507,51.03652907218922,3.7130191633746223,2022,6,23,44021,Gent,Normaal,Droog,"Nacht, openbare verlichting aanwezig en ontstoken",met lichtgewonden,3,Fiets,9,personenauto,Buiten Kruispunt,Gemeenteweg,binnen bebouwde kom,Tussen 2 bestuurders: Flank tegen flank,Geen hindernis
32344,13,Gent,Gent,51.03018,3.70146,0.5058337357514661,51.028665991100056,3.694639215902054,2022,6,16,44021,Gent,Normaal,Droog,Dag,met lichtgewonden,9,personenauto,3,Fiets,Buiten Kruispunt,Gemeenteweg,buiten bebouwde kom,Tss. 2 best.: langs opzij (voor-/achterkant-flank),Geen hindernis
32345,136,Gent R4,Gent,51.0876313,3.7587918,1.9517870560407278,51.10176708344792,3.7753607154366153,2022,6,11,44021,Gent,Normaal,Droog,Dag,met lichtgewonden,3,Fiets,3,Fiets,Buiten Kruispunt,Gemeenteweg,binnen bebouwde kom,Tss. 2 best.: langs opzij (voor-/achterkant-flank),Geen hindernis
32346,13,Gent,Gent,51.03018,3.70146,1.9968596234685716,51.04625348006906,3.7141964989974348,2022,6,18,44021,Gent,Normaal,Droog,Dag,met lichtgewonden,3,Fiets,11,een weggebruiker tegen een hindernis,Buiten Kruispunt,Gemeenteweg,binnen bebouwde kom,Weggebruiker tegen hindernis op de rijbaan,"Op de rijbaan: Werken (signal., aarde, toestel,…)"
32347,13,Gent,Gent,51.03018,3.70146,0.7330293262992985,51.03670922625737,3.7000134709583223,2022,6,18,44021,Gent,Normaal,Droog,Dag,met lichtgewonden,3,Fiets,8,Voetganger,Buiten Kruispunt,Gemeenteweg,binnen bebouwde kom,Met een voetganger,Geen vermelding van de aanwezigheid van een hindernis
32348,13,Gent,Gent,51.03018,3.70146,1.2112377299555344,51.0287032377198,3.7186201139115664,2022,6,19,44021,Gent,Normaal,Droog,Dag,met lichtgewonden,9,personenauto,3,Fiets,Buiten Kruispunt,Gewestweg,binnen bebouwde kom,Tss. 2 best.: langs opzij (voor-/achterkant-flank),Geen hindernis
32352,118,Gent teller 1,Gent,51.028049,3.7681359,0.793206160675764,51.02813598175596,3.7567946714576714,2022,6,7,44021,Gent,Normaal,Droog,Dag,met zwaargewonden,3,Fiets,9,personenauto,Op Kruispunt,Gemeenteweg,buiten bebouwde kom,Tss. 2 best.: langs opzij (voor-/achterkant-flank),Geen hindernis
32352,119,Gent teller 2,Gent,51.0281795,3.7683918,0.8110568149520233,51.02813598175596,3.7567946714576714,2022,6,7,44021,Gent,Normaal,Droog,Dag,met zwaargewonden,3,Fiets,9,personenauto,Op Kruispunt,Gemeenteweg,buiten bebouwde kom,Tss. 2 best.: langs opzij (voor-/achterkant-flank),Geen hindernis
32354,13,Gent,Gent,51.03018,3.70146,2.1018959577123724,51.02464082113599,3.7301952691114244,2022,6,16,44021,Gent,Normaal,Droog,Dag,met lichtgewonden,9,personenauto,3,Fiets,Buiten Kruispunt,Gemeenteweg,binnen bebouwde kom,Tss. 2 best.: langs opzij (voor-/achterkant-flank),Geen hindernis
32356,119,Gent teller 2,Gent,51.0281795,3.7683918,2.4863799854701942,51.048577957387685,3.7538250880386466,2022,6,18,44021,Gent,Normaal,Droog,Dag,met lichtgewonden,3,Fiets,3,Fiets,Buiten Kruispunt,Gemeenteweg,buiten bebouwde kom,Tussen 2 bestuurders: Langs achteren,Geen hindernis
32356,118,Gent teller 1,Gent,51.028049,3.7681359,2.4923884073034133,51.048577957387685,3.7538250880386466,2022,6,18,44021,Gent,Normaal,Droog,Dag,met lichtgewonden,3,Fiets,3,Fiets,Buiten Kruispunt,Gemeenteweg,buiten bebouwde kom,Tussen 2 bestuurders: Langs achteren,Geen hindernis
32373,115,Aalter,Aalter,51.1058367,3.4350591,1.5714259323383344,51.09386421334127,3.447016007118903,2022,6,16,44084,Aalter,Normaal,Droog,Dag,met lichtgewonden,9,personenauto,3,Fiets,Op Kruispunt,Gewestweg,binnen bebouwde kom,Tss. 2 best.: langs opzij (voor-/achterkant-flank),Geen hindernis
32378,118,Gent teller 1,Gent,51.028049,3.7681359,1.8825865026184891,51.0154010721904,3.750243362318937,2022,6,7,44043,Merelbeke,Normaal,Droog,Dag,met lichtgewonden,3,Fiets,9,personenauto,Op Kruispunt,Gemeenteweg,binnen bebouwde kom,Tss. 2 best.: langs opzij (voor-/achterkant-flank),Geen hindernis
32378,119,Gent teller 2,Gent,51.0281795,3.7683918,1.9053278906421092,51.0154010721904,3.750243362318937,2022,6,7,44043,Merelbeke,Normaal,Droog,Dag,met lichtgewonden,3,Fiets,9,personenauto,Op Kruispunt,Gemeenteweg,binnen bebouwde kom,Tss. 2 best.: langs opzij (voor-/achterkant-flank),Geen hindernis
32380,116,Melle teller 2,Melle,50.9986113,3.8040599,0.3723615357718265,51.00194223958581,3.803512160971445,2022,6,8,44040,Melle,Normaal,Droog,Dag,met lichtgewonden,9,personenauto,3,Fiets,Buiten Kruispunt,Gewestweg,binnen bebouwde kom,Tss. 2 best.: langs opzij (voor-/achterkant-flank),Geen hindernis
32380,117,Melle teller 1,Melle,50.9986113,3.8040599,0.3723615357718265,51.00194223958581,3.803512160971445,2022,6,8,44040,Melle,Normaal,Droog,Dag,met lichtgewonden,9,personenauto,3,Fiets,Buiten Kruispunt,Gewestweg,binnen bebouwde kom,Tss. 2 best.: langs opzij (voor-/achterkant-flank),Geen hindernis
32381,119,Gent teller 2,Gent,51.0281795,3.7683918,0.8581196368977435,51.02750082536192,3.780614463879548,2022,6,18,44040,Melle,Normaal,Droog,Dag,met lichtgewonden,9,personenauto,3,Fiets,Buiten Kruispunt,Gewestweg,binnen bebouwde kom,Tussen 2 bestuurders: Frontale botsing,Geen hindernis
32381,118,Gent teller 1,Gent,51.028049,3.7681359,0.874818674476055,51.02750082536192,3.780614463879548,2022,6,18,44040,Melle,Normaal,Droog,Dag,met lichtgewonden,9,personenauto,3,Fiets,Buiten Kruispunt,Gewestweg,binnen bebouwde kom,Tussen 2 bestuurders: Frontale botsing,Geen hindernis
32382,114,Deinze teller 1,Nazareth,50.9598305,3.555502,0.4107327361662757,50.958872279274615,3.549838374898137,2022,6,15,44048,Nazareth,Normaal,Droog,Dag,met lichtgewonden,9,personenauto,3,Fiets,Buiten Kruispunt,Gemeenteweg,buiten bebouwde kom,Tss. 2 best.: langs opzij (voor-/achterkant-flank),Geen hindernis
32382,113,Deinze teller 2,Deinze,50.96018,3.55578,0.4408151867234945,50.958872279274615,3.549838374898137,2022,6,15,44048,Nazareth,Normaal,Droog,Dag,met lichtgewonden,9,personenauto,3,Fiets,Buiten Kruispunt,Gemeenteweg,buiten bebouwde kom,Tss. 2 best.: langs opzij (voor-/achterkant-flank),Geen hindernis
32386,7,Evergem 1,Evergem,51.1089,3.70317,0.9423934830208027,51.1123308696257,3.7155137875928435,2022,6,15,44019,Evergem,Normaal,Droog,Dag,met lichtgewonden,6,Bromfiets,3,Fiets,Buiten Kruispunt,Gemeenteweg,binnen bebouwde kom,Tussen 2 bestuurders: Flank tegen flank,Geen hindernis
32386,6,Evergem 2,Evergem,51.10894,3.70298,0.9527678683506061,51.1123308696257,3.7155137875928435,2022,6,15,44019,Evergem,Normaal,Droog,Dag,met lichtgewonden,6,Bromfiets,3,Fiets,Buiten Kruispunt,Gemeenteweg,binnen bebouwde kom,Tussen 2 bestuurders: Flank tegen flank,Geen hindernis