crash_row_id,site_id,site_name,site_gemeente,site_lat,site_long,distance_km,crash_lat,crash_long,DT_YEAR_COLLISION,DT_MONTH_COLLISION,DT_TIME,CD_NIS,TX_MUNTY_COLLISION_NL,TX_WEATHER_NL,TX_ROAD_CONDITION_NL,TX_LIGHT_CONDITION_NL,TX_CLASS_ACCIDENTS_NL,CD_ROAD_USR_TYPE1,TX_ROAD_USR_TYPE1_NL,CD_ROAD_USR_TYPE2,TX_ROAD_USR_TYPE2_NL,TX_CROSSWAY_NL,CD_ROAD_TYPE_NL,TX_BUILD_UP_AREA_NL,TX_COLLISION_TYPE_NL,TX_OBSTACLES_NL
32387,7,Evergem 1,Evergem,51.1089,3.70317,0.8139669118356628,51.113800935177906,3.711830997492033,2022,6,14,44019,Evergem,Normaal,"Nat, plassen",Dag,met lichtgewonden,9,personenauto,3,Fiets,Buiten Kruispunt,Gemeenteweg,binnen bebouwde kom,Tss. 2 best.: langs opzij (voor-/achterkant-flank),Geen hindernis
32387,6,Evergem 2,Evergem,51.10894,3.70298,0.8209316311706106,51.113800935177906,3.711830997492033,2022,6,14,44019,Evergem,Normaal,"Nat, plassen",Dag,met lichtgewonden,9,personenauto,3,Fiets,Buiten Kruispunt,Gemeenteweg,binnen bebouwde kom,Tss. 2 best.: langs opzij (voor-/achterkant-flank),Geen hindernis
32388,6,Evergem 2,Evergem,51.10894,3.70298,1.424725849397071,51.1173141572402,3.687532698298742,2022,6,10,44019,Evergem,Normaal,Droog,Dag,met lichtgewonden,3,Fiets,9,personenauto,Op Kruispunt,Gewestweg,buiten bebouwde kom,Tss. 2 best.: langs opzij (voor-/achterkant-flank),Geen hindernis
32388,7,Evergem 1,Evergem,51.1089,3.70317,1.4376813930528327,51.1173141572402,3.687532698298742,2022,6,10,44019,Evergem,Normaal,Droog,Dag,met lichtgewonden,3,Fiets,9,personenauto,Op Kruispunt,Gewestweg,buiten bebouwde kom,Tss. 2 best.: langs opzij (voor-/achterkant-flank),Geen hindernis
32390,6,Evergem 2,Evergem,51.10894,3.70298,0.7550076560080784,51.11302550484991,3.69434163408772,2022,5,9,44019,Evergem,Onbekend,Onbekend,Dag,met lichtgewonden,3,Fiets,11,een weggebruiker tegen een hindernis,Buiten Kruispunt,Gewestweg,onbekend,Weggebruiker tegen hindernis op de rijbaan,"Op de rijbaan: Werken (signal., aarde, toestel,…)"
32390,7,Evergem 1,Evergem,51.1089,3.70317,0.7682910046310385,51.11302550484991,3.69434163408772,2022,5,9,44019,Evergem,Onbekend,Onbekend,Dag,met lichtgewonden,3,Fiets,11,een weggebruiker tegen een hindernis,Buiten Kruispunt,Gewestweg,onbekend,Weggebruiker tegen hindernis op de rijbaan,"Op de rijbaan: Werken (signal., aarde, toestel,…)"
32453,126,Hamme totem,Hamme,51.1017709,4.1469307,2.217682211514827,51.111458174798216,4.174696506754786,2022,6,22,46025,Temse,Normaal,Droog,"Nacht, openbare verlichting aanwezig en ontstoken",met lichtgewonden,3,Fiets,10,"één bestuurder, geen hindernis",Op Kruispunt,Gemeenteweg,binnen bebouwde kom,"Eén bestuurder, geen hindernis (incl. val)",Geen hindernis
32455,126,Hamme totem,Hamme,51.1017709,4.1469307,1.4011894027685308,51.11416017812412,4.1432653543886,2022,6,7,46025,Temse,Normaal,Droog,Dag,met lichtgewonden,9,personenauto,3,Fiets,Op Kruispunt,Gewestweg,binnen bebouwde kom,Tss. 2 best.: langs opzij (voor-/achterkant-flank),Geen hindernis
32457,141,Test site A support,Lokeren,51.08342085,3.9961071208376326,1.1929095042821387,51.094044005080434,3.993724045583334,2022,6,17,46014,Lokeren,Normaal,Droog,Dag,met lichtgewonden,3,Fiets,7,Motorfiets,Op Kruispunt,Gewestweg,binnen bebouwde kom,Tussen 2 bestuurders: Frontale botsing,Geen hindernis
32457,129,Lokeren teller 2,Lokeren,51.09612,3.97025,1.6554536737941739,51.094044005080434,3.993724045583334,2022,6,17,46014,Lokeren,Normaal,Droog,Dag,met lichtgewonden,3,Fiets,7,Motorfiets,Op Kruispunt,Gewestweg,binnen bebouwde kom,Tussen 2 bestuurders: Frontale botsing,Geen hindernis
32457,128,Lokeren teller 1,Lokeren,51.09644,3.97023,1.6621621625130187,51.094044005080434,3.993724045583334,2022,6,17,46014,Lokeren,Normaal,Droog,Dag,met lichtgewonden,3,Fiets,7,Motorfiets,Op Kruispunt,Gewestweg,binnen bebouwde kom,Tussen 2 bestuurders: Frontale botsing,Geen hindernis
32458,141,Test site A support,Lokeren,51.08342085,3.9961071208376326,1.6769526778465205,51.095895333990256,4.009600509511259,2022,6,13,46014,Lokeren,Normaal,Proper,Dag,met lichtgewonden,3,Fiets,10,"één bestuurder, geen hindernis",Buiten Kruispunt,Gewestweg,buiten bebouwde kom,"Eén bestuurder, geen hindernis (incl. val)",Geen hindernis
32460,128,Lokeren teller 1,Lokeren,51.09644,3.97023,1.5640016661014355,51.10391811563537,3.9892005225768044,2022,6,16,46014,Lokeren,Normaal,Droog,Dag,met lichtgewonden,3,Fiets,3,Fiets,Buiten Kruispunt,Gemeenteweg,binnen bebouwde kom,Tussen 2 bestuurders: Flank tegen flank,Geen hindernis
32460,129,Lokeren teller 2,Lokeren,51.09612,3.97025,1.582042080118788,51.10391811563537,3.9892005225768044,2022,6,16,46014,Lokeren,Normaal,Droog,Dag,met lichtgewonden,3,Fiets,3,Fiets,Buiten Kruispunt,Gemeenteweg,binnen bebouwde kom,Tussen 2 bestuurders: Flank tegen flank,Geen hindernis
32460,141,Test site A support,Lokeren,51.08342085,3.9961071208376326,2.3296687516624517,51.10391811563537,3.9892005225768044,2022,6,16,46014,Lokeren,Normaal,Droog,Dag,met lichtgewonden,3,Fiets,3,Fiets,Buiten Kruispunt,Gemeenteweg,binnen bebouwde kom,Tussen 2 bestuurders: Flank tegen flank,Geen hindernis
32462,128,Lokeren teller 1,Lokeren,51.09644,3.97023,1.0981482525072697,51.10592909311622,3.965871631669224,2022,6,11,46014,Lokeren,Regenval,"Nat, plassen",Dag,met lichtgewonden,3,Fiets,9,personenauto,Buiten Kruispunt,Gemeenteweg,binnen bebouwde kom,Tussen 2 bestuurders: Langs achteren,Geen hindernis
32462,129,Lokeren teller 2,Lokeren,51.09612,3.97025,1.1327563537275767,51.10592909311622,3.965871631669224,2022,6,11,46014,Lokeren,Regenval,"Nat, plassen",Dag,met lichtgewonden,3,Fiets,9,personenauto,Buiten Kruispunt,Gemeenteweg,binnen bebouwde kom,Tussen 2 bestuurders: Langs achteren,Geen hindernis
32463,129,Lokeren teller 2,Lokeren,51.09612,3.97025,1.3230190179676766,51.09504439892785,3.989117903951563,2022,6,11,46014,Lokeren,Normaal,Droog,Dag,met lichtgewonden,3,Fiets,11,een weggebruiker tegen een hindernis,Op Kruispunt,Gewestweg,buiten bebouwde kom,Weggebruiker tegen hindernis op de rijbaan,"Op de rijbaan: Put, straatgoot, tramspoor"
32463,128,Lokeren teller 1,Lokeren,51.09644,3.97023,1.3280915718823543,51.09504439892785,3.989117903951563,2022,6,11,46014,Lokeren,Normaal,Droog,Dag,met lichtgewonden,3,Fiets,11,een weggebruiker tegen een hindernis,Op Kruispunt,Gewestweg,buiten bebouwde kom,Weggebruiker tegen hindernis op de rijbaan,"Op de rijbaan: Put, straatgoot, tramspoor"
32463,141,Test site A support,Lokeren,51.08342085,3.9961071208376326,1.3815893346472468,51.09504439892785,3.989117903951563,2022,6,11,46014,Lokeren,Normaal,Droog,Dag,met lichtgewonden,3,Fiets,11,een weggebruiker tegen een hindernis,Op Kruispunt,Gewestweg,buiten bebouwde kom,Weggebruiker tegen hindernis op de rijbaan,"Op de rijbaan: Put, straatgoot, tramspoor"
32464,128,Lokeren teller 1,Lokeren,51.09644,3.97023,2.058951464004589,51.10826462823875,3.992922453489624,2022,6,8,46014,Lokeren,Normaal,Droog,Dag,met lichtgewonden,3,Fiets,3,Fiets,Buiten Kruispunt,Gemeenteweg,binnen bebouwde kom,Tss. 2 best.: langs opzij (voor-/achterkant-flank),Geen hindernis
32464,129,Lokeren teller 2,Lokeren,51.09612,3.97025,2.0807958755180733,51.10826462823875,3.992922453489624,2022,6,8,46014,Lokeren,Normaal,Droog,Dag,met lichtgewonden,3,Fiets,3,Fiets,Buiten Kruispunt,Gemeenteweg,binnen bebouwde kom,Tss. 2 best.: langs opzij (voor-/achterkant-flank),Geen hindernis
32466,128,Lokeren teller 1,Lokeren,51.09644,3.97023,2.3521895162370194,51.114584606386984,3.9529108633272076,2022,6,17,46014,Lokeren,Normaal,Droog,Dag,met lichtgewonden,9,personenauto,3,Fiets,Buiten Kruispunt,Gewestweg,buiten bebouwde kom,Tss. 2 best.: langs opzij (voor-/achterkant-flank),Geen hindernis
32466,129,Lokeren teller 2,Lokeren,51.09612,3.97025,2.3834915152421234,51.114584606386984,3.9529108633272076,2022,6,17,46014,Lokeren,Normaal,Droog,Dag,met lichtgewonden,9,personenauto,3,Fiets,Buiten Kruispunt,Gewestweg,buiten bebouwde kom,Tss. 2 best.: langs opzij (voor-/achterkant-flank),Geen hindernis
32467,128,Lokeren teller 1,Lokeren,51.09644,3.97023,2.267137834143267,51.11032366111833,3.994009406628705,2022,6,21,46014,Lokeren,Normaal,Droog+Proper,Dag,met lichtgewonden,9,personenauto,3,Fiets,Buiten Kruispunt,Gemeenteweg,binnen bebouwde kom,Tss. 2 best.: langs opzij (voor-/achterkant-flank),Geen hindernis
32467,129,Lokeren teller 2,Lokeren,51.09612,3.97025,2.2905081756057255,51.11032366111833,3.994009406628705,2022,6,21,46014,Lokeren,Normaal,Droog+Proper,Dag,met lichtgewonden,9,personenauto,3,Fiets,Buiten Kruispunt,Gemeenteweg,binnen bebouwde kom,Tss. 2 best.: langs opzij (voor-/achterkant-flank),Geen hindernis
32468,128,Lokeren teller 1,Lokeren,51.09644,3.97023,1.6573353491346896,51.10707450785819,3.9868608436617894,2022,6,12,46014,Lokeren,Normaal,Droog,Dag,met lichtgewonden,6,Bromfiets,3,Fiets,Op Kruispunt,Gemeenteweg,binnen bebouwde kom,Tussen 2 bestuurders: Frontale botsing,Geen hindernis
32468,129,Lokeren teller 2,Lokeren,51.09612,3.97025,1.6819474248826387,51.10707450785819,3.9868608436617894,2022,6,12,46014,Lokeren,Normaal,Droog,Dag,met lichtgewonden,6,Bromfiets,3,Fiets,Op Kruispunt,Gemeenteweg,binnen bebouwde kom,Tussen 2 bestuurders: Frontale botsing,Geen hindernis
32470,126,Hamme totem,Hamme,51.1017709,4.1469307,0.3738465955097602,51.100124312163445,4.1422627001194545,2022,6,18,42008,Hamme,Normaal,Droog,Dag,met lichtgewonden,3,Fiets,11,een weggebruiker tegen een hindernis,Buiten Kruispunt,Gemeenteweg,binnen bebouwde kom,Weggebruiker tegen hindernis buiten rijbaan,Buiten de rijbaan: Muur gebouw
32473,126,Hamme totem,Hamme,51.1017709,4.1469307,0.35005228325520377,51.10214014413829,4.141951906302849,2022,6,12,42008,Hamme,Normaal,Droog,Dag,met lichtgewonden,3,Fiets,9,personenauto,Op Kruispunt,Gewestweg,binnen bebouwde kom,Tss. 2 best.: langs opzij (voor-/achterkant-flank),Geen hindernis
32474,126,Hamme totem,Hamme,51.1017709,4.1469307,1.2369933708170437,51.09272095460773,4.136629000181542,2022,6,14,42008,Hamme,Normaal,Droog,Dag,met lichtgewonden,9,personenauto,3,Fiets,Op Kruispunt,Gemeenteweg,binnen bebouwde kom,Tss. 2 best.: langs opzij (voor-/achterkant-flank),Geen hindernis
32475,120,Zele teller 1,Zele,51.0607671,4.0547741,1.3500376034991228,51.06852017958366,4.039906661690601,2022,6,8,42028,Zele,Normaal,Droog,Dag,met lichtgewonden,3,Fiets,10,"één bestuurder, geen hindernis",Buiten Kruispunt,Gemeenteweg,binnen bebouwde kom,"Eén bestuurder, geen hindernis (incl. val)",Geen hindernis
32475,121,Zele teller 2,Zele,51.0604067,4.0556696,1.4238177132855534,51.06852017958366,4.039906661690601,2022,6,8,42028,Zele,Normaal,Droog,Dag,met lichtgewonden,3,Fiets,10,"één bestuurder, geen hindernis",Buiten Kruispunt,Gemeenteweg,binnen bebouwde kom,"Eén bestuurder, geen hindernis (incl. val)",Geen hindernis
32476,120,Zele teller 1,Zele,51.0607671,4.0547741,0.13334514452741017,51.061947737081276,4.054439658716159,2022,6,16,42028,Zele,Normaal,Droog,Dag,met lichtgewonden,5,Lichte vrachtauto,3,Fiets,Buiten Kruispunt,Gemeenteweg,buiten bebouwde kom,Tussen 2 bestuurders: Flank tegen flank,Geen hindernis
32476,121,Zele teller 2,Zele,51.0604067,4.0556696,0.19170513928809174,51.061947737081276,4.054439658716159,2022,6,16,42028,Zele,Normaal,Droog,Dag,met lichtgewonden,5,Lichte vrachtauto,3,Fiets,Buiten Kruispunt,Gemeenteweg,buiten bebouwde kom,Tussen 2 bestuurders: Flank tegen flank,Geen hindernis
32481,141,Test site A support,Lokeren,51.08342085,3.9961071208376326,2.020667241048223,51.09423445547515,4.0193588199843715,2022,5,16,46014,Lokeren,Onbekend,Onbekend,Dag,met lichtgewonden,3,Fiets,3,Fiets,Buiten Kruispunt,Gemeenteweg,binnen bebouwde kom,Tussen 2 bestuurders: Frontale botsing,Geen hindernis
32482,120,Zele teller 1,Zele,51.0607671,4.0547741,1.212401911473147,51.07127127856162,4.050122168101107,2022,6,16,42028,Zele,Normaal,Droog,Dag,met lichtgewonden,3,Fiets,9,personenauto,Buiten Kruispunt,Gemeenteweg,buiten bebouwde kom,Tss. 2 best.: langs opzij (voor-/achterkant-flank),Geen hindernis
32482,121,Zele teller 2,Zele,51.0604067,4.0556696,1.2687548159823434,51.07127127856162,4.050122168101107,2022,6,16,42028,Zele,Normaal,Droog,Dag,met lichtgewonden,3,Fiets,9,personenauto,Buiten Kruispunt,Gemeenteweg,buiten bebouwde kom,Tss. 2 best.: langs opzij (voor-/achterkant-flank),Geen hindernis
32483,120,Zele teller 1,Zele,51.0607671,4.0547741,1.8340822782372657,51.04784594562973,4.038464247256783,2022,6,9,42028,Zele,Normaal,Droog,Dag,met zwaargewonden,9,personenauto,3,Fiets,Op Kruispunt,Gemeenteweg,binnen bebouwde kom,Tss. 2 best.: langs opzij (voor-/achterkant-flank),Geen hindernis
32483,121,Zele teller 2,Zele,51.0604067,4.0556696,1.8430796533993055,51.04784594562973,4.038464247256783,2022,6,9,42028,Zele,Normaal,Droog,Dag,met zwaargewonden,9,personenauto,3,Fiets,Op Kruispunt,Gemeenteweg,binnen bebouwde kom,Tss. 2 best.: langs opzij (voor-/achterkant-flank),Geen hindernis
32484,120,Zele teller 1,Zele,51.0607671,4.0547741,1.212401911473147,51.07127127856162,4.050122168101107,2022,6,17,42028,Zele,Onbekend,Onbekend,Dag,met lichtgewonden,3,Fiets,3,Fiets,Buiten Kruispunt,Gemeenteweg,buiten bebouwde kom,Tussen 2 bestuurders: Flank tegen flank,Geen hindernis
32484,121,Zele teller 2,Zele,51.0604067,4.0556696,1.2687548159823434,51.07127127856162,4.050122168101107,2022,6,17,42028,Zele,Onbekend,Onbekend,Dag,met lichtgewonden,3,Fiets,3,Fiets,Buiten Kruispunt,Gemeenteweg,buiten bebouwde kom,Tussen 2 bestuurders: Flank tegen flank,Geen hindernis
32485,120,Zele teller 1,Zele,51.0607671,4.0547741,1.4501418469047638,51.067794705066476,4.037292964541359,2022,6,15,42028,Zele,Normaal,Droog,Dag,met lichtgewonden,3,Fiets,10,"één bestuurder, geen hindernis",Buiten Kruispunt,Gewestweg,binnen bebouwde kom,"Eén bestuurder, geen hindernis (incl. val)",Geen hindernis
32485,121,Zele teller 2,Zele,51.0604067,4.0556696,1.5244558939664734,51.067794705066476,4.037292964541359,2022,6,15,42028,Zele,Normaal,Droog,Dag,met lichtgewonden,3,Fiets,10,"één bestuurder, geen hindernis",Buiten Kruispunt,Gewestweg,binnen bebouwde kom,"Eén bestuurder, geen hindernis (incl. val)",Geen hindernis
32500,19,Aalst 1,Aalst,50.93433,4.01471,1.2897821851882105,50.92395626814166,4.006476630254101,2022,6,20,41002,Aalst,Normaal,Droog,Dag,met lichtgewonden,9,personenauto,3,Fiets,Op Kruispunt,Gemeenteweg,binnen bebouwde kom,Tussen 2 bestuurders: Flank tegen flank,Geen hindernis
32500,11,Aalst 3,Aalst,50.93385,4.01647,1.3041562360507544,50.92395626814166,4.006476630254101,2022,6,20,41002,Aalst,Normaal,Droog,Dag,met lichtgewonden,9,personenauto,3,Fiets,Op Kruispunt,Gemeenteweg,binnen bebouwde kom,Tussen 2 bestuurders: Flank tegen flank,Geen hindernis
32500,10,Aalst 2,Aalst,50.93549,4.01571,1.436499334692141,50.92395626814166,4.006476630254101,2022,6,20,41002,Aalst,Normaal,Droog,Dag,met lichtgewonden,9,personenauto,3,Fiets,Op Kruispunt,Gemeenteweg,binnen bebouwde kom,Tussen 2 bestuurders: Flank tegen flank,Geen hindernis
32502,11,Aalst 3,Aalst,50.93385,4.01647,1.031087217783397,50.935309707381656,4.0310004199102325,2022,6,8,41002,Aalst,Normaal,Droog,Dag,met lichtgewonden,9,personenauto,3,Fiets,Op Kruispunt,Gemeenteweg,binnen bebouwde kom,Tss. 2 best.: langs opzij (voor-/achterkant-flank),Geen hindernis
32502,10,Aalst 2,Aalst,50.93549,4.01571,1.0716579189435598,50.935309707381656,4.0310004199102325,2022,6,8,41002,Aalst,Normaal,Droog,Dag,met lichtgewonden,9,personenauto,3,Fiets,Op Kruispunt,Gemeenteweg,binnen bebouwde kom,Tss. 2 best.: langs opzij (voor-/achterkant-flank),Geen hindernis
32502,19,Aalst 1,Aalst,50.93433,4.01471,1.1467454394205565,50.935309707381656,4.0310004199102325,2022,6,8,41002,Aalst,Normaal,Droog,Dag,met lichtgewonden,9,personenauto,3,Fiets,Op Kruispunt,Gemeenteweg,binnen bebouwde kom,Tss. 2 best.: langs opzij (voor-/achterkant-flank),Geen hindernis
32503,19,Aalst 1,Aalst,50.93433,4.01471,0.9378666632240064,50.93047346284419,4.00280792872538,2022,6,11,41002,Aalst,Normaal,Droog,Dag,met lichtgewonden,3,Fiets,9,personenauto,Op Kruispunt,Gemeenteweg,binnen bebouwde kom,Tss. 2 best.: langs opzij (voor-/achterkant-flank),Geen hindernis
32503,11,Aalst 3,Aalst,50.93385,4.01647,1.0284162236630838,50.93047346284419,4.00280792872538,2022,6,11,41002,Aalst,Normaal,Droog,Dag,met lichtgewonden,3,Fiets,9,personenauto,Op Kruispunt,Gemeenteweg,binnen bebouwde kom,Tss. 2 best.: langs opzij (voor-/achterkant-flank),Geen hindernis
32503,10,Aalst 2,Aalst,50.93549,4.01571,1.062380217495363,50.93047346284419,4.00280792872538,2022,6,11,41002,Aalst,Normaal,Droog,Dag,met lichtgewonden,3,Fiets,9,personenauto,Op Kruispunt,Gemeenteweg,binnen bebouwde kom,Tss. 2 best.: langs opzij (voor-/achterkant-flank),Geen hindernis
32505,10,Aalst 2,Aalst,50.93549,4.01571,1.4463108739640216,50.940423059921194,4.034808631880755,2022,6,8,41002,Aalst,Normaal,Droog,Dag,met lichtgewonden,3,Fiets,8,Voetganger,Buiten Kruispunt,Gemeenteweg,binnen bebouwde kom,Met een voetganger,Geen hindernis
32505,11,Aalst 3,Aalst,50.93385,4.01647,1.4783402802629007,50.940423059921194,4.034808631880755,2022,6,8,41002,Aalst,Normaal,Droog,Dag,met lichtgewonden,3,Fiets,8,Voetganger,Buiten Kruispunt,Gemeenteweg,binnen bebouwde kom,Met een voetganger,Geen hindernis
32505,19,Aalst 1,Aalst,50.93433,4.01471,1.562838123772754,50.940423059921194,4.034808631880755,2022,6,8,41002,Aalst,Normaal,Droog,Dag,met lichtgewonden,3,Fiets,8,Voetganger,Buiten Kruispunt,Gemeenteweg,binnen bebouwde kom,Met een voetganger,Geen hindernis
32506,10,Aalst 2,Aalst,50.93549,4.01571,1.4341365587215085,50.94191807474184,3.9979658937468954,2022,6,13,41002,Aalst,Normaal,Droog,Dag,met zwaargewonden,3,Fiets,9,personenauto,Buiten Kruispunt,Gewestweg,binnen bebouwde kom,Tussen 2 bestuurders: Frontale botsing,Geen hindernis
32506,19,Aalst 1,Aalst,50.93433,4.01471,1.4451579115727033,50.94191807474184,3.9979658937468954,2022,6,13,41002,Aalst,Normaal,Droog,Dag,met zwaargewonden,3,Fiets,9,personenauto,Buiten Kruispunt,Gewestweg,binnen bebouwde kom,Tussen 2 bestuurders: Frontale botsing,Geen hindernis
32506,11,Aalst 3,Aalst,50.93385,4.01647,1.576708369482411,50.94191807474184,3.9979658937468954,2022,6,13,41002,Aalst,Normaal,Droog,Dag,met zwaargewonden,3,Fiets,9,personenauto,Buiten Kruispunt,Gewestweg,binnen bebouwde kom,Tussen 2 bestuurders: Frontale botsing,Geen hindernis
32507,11,Aalst 3,Aalst,50.93385,4.01647,1.1633287457698926,50.93023730944159,4.032048973551178,2022,6,8,41002,Aalst,Normaal,Droog,Dag,met zwaargewonden,3,Fiets,9,personenauto,Buiten Kruispunt,Gewestweg,buiten bebouwde kom,Tss. 2 best.: langs opzij (voor-/achterkant-flank),Geen hindernis
32507,10,Aalst 2,Aalst,50.93549,4.01571,1.2853747428970868,50.93023730944159,4.032048973551178,2022,6,8,41002,Aalst,Normaal,Droog,Dag,met zwaargewonden,3,Fiets,9,personenauto,Buiten Kruispunt,Gewestweg,buiten bebouwde kom,Tss. 2 best.: langs opzij (voor-/achterkant-flank),Geen hindernis
32507,19,Aalst 1,Aalst,50.93433,4.01471,1.2975284109251262,50.93023730944159,4.032048973551178,2022,6,8,41002,Aalst,Normaal,Droog,Dag,met zwaargewonden,3,Fiets,9,personenauto,Buiten Kruispunt,Gewestweg,buiten bebouwde kom,Tss. 2 best.: langs opzij (voor-/achterkant-flank),Geen hindernis
32508,10,Aalst 2,Aalst,50.93549,4.01571,1.2236421881789334,50.945423751682775,4.008195833958353,2022,6,11,41002,Aalst,Normaal,Droog,Dag,met lichtgewonden,5,Lichte vrachtauto,3,Fiets,Op Kruispunt,Gemeenteweg,binnen bebouwde kom,Tss. 2 best.: langs opzij (voor-/achterkant-flank),Geen hindernis
32508,19,Aalst 1,Aalst,50.93433,4.01471,1.3153037776459782,50.945423751682775,4.008195833958353,2022,6,11,41002,Aalst,Normaal,Droog,Dag,met lichtgewonden,5,Lichte vrachtauto,3,Fiets,Op Kruispunt,Gemeenteweg,binnen bebouwde kom,Tss. 2 best.: langs opzij (voor-/achterkant-flank),Geen hindernis
32508,11,Aalst 3,Aalst,50.93385,4.01647,1.4115021054490144,50.945423751682775,4.008195833958353,2022,6,11,41002,Aalst,Normaal,Droog,Dag,met lichtgewonden,5,Lichte vrachtauto,3,Fiets,Op Kruispunt,Gemeenteweg,binnen bebouwde kom,Tss. 2 best.: langs opzij (voor-/achterkant-flank),Geen hindernis
32510,10,Aalst 2,Aalst,50.93549,4.01571,2.007417520798141,50.93978952060752,4.043533914738201,2022,6,13,41002,Aalst,Regenval,"Nat, plassen",Dag,met lichtgewonden,9,personenauto,3,Fiets,Op Kruispunt,Gemeenteweg,binnen bebouwde kom,Tss. 2 best.: langs opzij (voor-/achterkant-flank),Geen hindernis
32510,11,Aalst 3,Aalst,50.93385,4.01647,2.0081472129848468,50.93978952060752,4.043533914738201,2022,6,13,41002,Aalst,Regenval,"Nat, plassen",Dag,met lichtgewonden,9,personenauto,3,Fiets,Op Kruispunt,Gemeenteweg,binnen bebouwde kom,Tss. 2 best.: langs opzij (voor-/achterkant-flank),Geen hindernis
32510,19,Aalst 1,Aalst,50.93433,4.01471,2.1090131757260875,50.93978952060752,4.043533914738201,2022,6,13,41002,Aalst,Regenval,"Nat, plassen",Dag,met lichtgewonden,9,personenauto,3,Fiets,Op Kruispunt,Gemeenteweg,binnen bebouwde kom,Tss. 2 best.: langs opzij (voor-/achterkant-flank),Geen hindernis
32511,11,Aalst 3,Aalst,50.93385,4.01647,1.9041982576602752,50.93934271729817,4.042208810423334,2022,6,15,41002,Aalst,Normaal,Droog,Dag,met lichtgewonden,3,Fiets,3,Fiets,Buiten Kruispunt,Gemeenteweg,binnen bebouwde kom,Tussen 2 bestuurders: Flank tegen flank,Geen hindernis
32511,10,Aalst 2,Aalst,50.93549,4.01571,1.9055932073468609,50.93934271729817,4.042208810423334,2022,6,15,41002,Aalst,Normaal,Droog,Dag,met lichtgewonden,3,Fiets,3,Fiets,Buiten Kruispunt,Gemeenteweg,binnen bebouwde kom,Tussen 2 bestuurders: Flank tegen flank,Geen hindernis
32511,19,Aalst 1,Aalst,50.93433,4.01471,2.0059065878053053,50.93934271729817,4.042208810423334,2022,6,15,41002,Aalst,Normaal,Droog,Dag,met lichtgewonden,3,Fiets,3,Fiets,Buiten Kruispunt,Gemeenteweg,binnen bebouwde kom,Tussen 2 bestuurders: Flank tegen flank,Geen hindernis
32513,11,Aalst 3,Aalst,50.93385,4.01647,1.6897336421313043,50.92942470377332,4.039536374072651,2022,6,8,41002,Aalst,Normaal,Droog,Dag,met lichtgewonden,3,Fiets,3,Fiets,Buiten Kruispunt,Gewestweg,binnen bebouwde kom,Tss. 2 best.: langs opzij (voor-/achterkant-flank),Geen hindernis
32513,10,Aalst 2,Aalst,50.93549,4.01571,1.8007924848081505,50.92942470377332,4.039536374072651,2022,6,8,41002,Aalst,Normaal,Droog,Dag,met lichtgewonden,3,Fiets,3,Fiets,Buiten Kruispunt,Gewestweg,binnen bebouwde kom,Tss. 2 best.: langs opzij (voor-/achterkant-flank),Geen hindernis
32513,19,Aalst 1,Aalst,50.93433,4.01471,1.8233264870785502,50.92942470377332,4.039536374072651,2022,6,8,41002,Aalst,Normaal,Droog,Dag,met lichtgewonden,3,Fiets,3,Fiets,Buiten Kruispunt,Gewestweg,binnen bebouwde kom,Tss. 2 best.: langs opzij (voor-/achterkant-flank),Geen hindernis
32515,11,Aalst 3,Aalst,50.93385,4.01647,1.364392342820023,50.93405493718467,4.035937241426693,2022,6,23,41002,Aalst,Onbekend,Onbekend,"Nacht, openbare verlichting aanwezig en ontstoken",met lichtgewonden,9,personenauto,3,Fiets,Buiten Kruispunt,Gemeenteweg,binnen bebouwde kom,Tussen 2 bestuurders: Langs achteren,Geen hindernis
32515,10,Aalst 2,Aalst,50.93549,4.01571,1.4263892368806954,50.93405493718467,4.035937241426693,2022,6,23,41002,Aalst,Onbekend,Onbekend,"Nacht, openbare verlichting aanwezig en ontstoken",met lichtgewonden,9,personenauto,3,Fiets,Buiten Kruispunt,Gemeenteweg,binnen bebouwde kom,Tussen 2 bestuurders: Langs achteren,Geen hindernis
32515,19,Aalst 1,Aalst,50.93433,4.01471,1.4878439297037913,50.93405493718467,4.035937241426693,2022,6,23,41002,Aalst,Onbekend,Onbekend,"Nacht, openbare verlichting aanwezig en ontstoken",met lichtgewonden,9,personenauto,3,Fiets,Buiten Kruispunt,Gemeenteweg,binnen bebouwde kom,Tussen 2 bestuurders: Langs achteren,Geen hindernis
32517,10,Aalst 2,Aalst,50.93549,4.01571,1.7002664960267528,50.94240422240588,3.9940669459788474,2022,6,14,41082,Erpe-Mere,Normaal,Droog,Dag,met lichtgewonden,3,Fiets,9,personenauto,Buiten Kruispunt,Gewestweg,buiten bebouwde kom,Tss. 2 best.: langs opzij (voor-/achterkant-flank),Geen hindernis
32517,19,Aalst 1,Aalst,50.93433,4.01471,1.7024451215937186,50.94240422240588,3.9940669459788474,2022,6,14,41082,Erpe-Mere,Normaal,Droog,Dag,met lichtgewonden,3,Fiets,9,personenauto,Buiten Kruispunt,Gewestweg,buiten bebouwde kom,Tss. 2 best.: langs opzij (voor-/achterkant-flank),Geen hindernis
32517,11,Aalst 3,Aalst,50.93385,4.01647,1.8354853666720576,50.94240422240588,3.9940669459788474,2022,6,14,41082,Erpe-Mere,Normaal,Droog,Dag,met lichtgewonden,3,Fiets,9,personenauto,Buiten Kruispunt,Gewestweg,buiten bebouwde kom,Tss. 2 best.: langs opzij (voor-/achterkant-flank),Geen hindernis
32519,10,Aalst 2,Aalst,50.93549,4.01571,1.6563274101177299,50.942298581682316,3.9946854438492423,2022,6,7,41082,Erpe-Mere,Normaal,Droog,Dag,met lichtgewonden,3,Fiets,3,Fiets,Buiten Kruispunt,Gewestweg,binnen bebouwde kom,Tussen 2 bestuurders: Flank tegen flank,Geen hindernis