crash_row_id,site_id,site_name,site_gemeente,site_lat,site_long,distance_km,crash_lat,crash_long,DT_YEAR_COLLISION,DT_MONTH_COLLISION,DT_TIME,CD_NIS,TX_MUNTY_COLLISION_NL,TX_WEATHER_NL,TX_ROAD_CONDITION_NL,TX_LIGHT_CONDITION_NL,TX_CLASS_ACCIDENTS_NL,CD_ROAD_USR_TYPE1,TX_ROAD_USR_TYPE1_NL,CD_ROAD_USR_TYPE2,TX_ROAD_USR_TYPE2_NL,TX_CROSSWAY_NL,CD_ROAD_TYPE_NL,TX_BUILD_UP_AREA_NL,TX_COLLISION_TYPE_NL,TX_OBSTACLES_NL
32519,19,Aalst 1,Aalst,50.93433,4.01471,1.6594797805584705,50.942298581682316,3.9946854438492423,2022,6,7,41082,Erpe-Mere,Normaal,Droog,Dag,met lichtgewonden,3,Fiets,3,Fiets,Buiten Kruispunt,Gewestweg,binnen bebouwde kom,Tussen 2 bestuurders: Flank tegen flank,Geen hindernis
32519,11,Aalst 3,Aalst,50.93385,4.01647,1.7923773448839608,50.942298581682316,3.9946854438492423,2022,6,7,41082,Erpe-Mere,Normaal,Droog,Dag,met lichtgewonden,3,Fiets,3,Fiets,Buiten Kruispunt,Gewestweg,binnen bebouwde kom,Tussen 2 bestuurders: Flank tegen flank,Geen hindernis
32527,122,Dendermonde teller 2,Dendermonde,51.0373918,4.1019222,0.6890139778659342,51.03150527745953,4.098844906656565,2022,6,12,42006,Dendermonde,Normaal,Droog,Dag,met lichtgewonden,3,Fiets,10,"één bestuurder, geen hindernis",Buiten Kruispunt,Gemeenteweg,binnen bebouwde kom,"Eén bestuurder, geen hindernis (incl. val)",Geen hindernis
32527,125,Dendermonde totem,Dendermonde,51.0372706,4.1025998,0.6927594129828699,51.03150527745953,4.098844906656565,2022,6,12,42006,Dendermonde,Normaal,Droog,Dag,met lichtgewonden,3,Fiets,10,"één bestuurder, geen hindernis",Buiten Kruispunt,Gemeenteweg,binnen bebouwde kom,"Eén bestuurder, geen hindernis (incl. val)",Geen hindernis
32528,125,Dendermonde totem,Dendermonde,51.0372706,4.1025998,0.6131433718924698,51.031986953088975,4.100091150247833,2022,6,13,42006,Dendermonde,Normaal,Droog,Dag,met lichtgewonden,3,Fiets,9,personenauto,Buiten Kruispunt,Gemeenteweg,binnen bebouwde kom,Tussen 2 bestuurders: Flank tegen flank,Geen hindernis
32528,122,Dendermonde teller 2,Dendermonde,51.0373918,4.1019222,0.6144786905485645,51.031986953088975,4.100091150247833,2022,6,13,42006,Dendermonde,Normaal,Droog,Dag,met lichtgewonden,3,Fiets,9,personenauto,Buiten Kruispunt,Gemeenteweg,binnen bebouwde kom,Tussen 2 bestuurders: Flank tegen flank,Geen hindernis
32529,122,Dendermonde teller 2,Dendermonde,51.0373918,4.1019222,0.5885097354036847,51.03245914591943,4.098871440294762,2022,6,17,42006,Dendermonde,Normaal,Droog,Dag,met lichtgewonden,3,Fiets,3,Fiets,Buiten Kruispunt,Gemeenteweg,binnen bebouwde kom,Tussen 2 bestuurders: Frontale botsing,Geen hindernis
32529,125,Dendermonde totem,Dendermonde,51.0372706,4.1025998,0.595148396824405,51.03245914591943,4.098871440294762,2022,6,17,42006,Dendermonde,Normaal,Droog,Dag,met lichtgewonden,3,Fiets,3,Fiets,Buiten Kruispunt,Gemeenteweg,binnen bebouwde kom,Tussen 2 bestuurders: Frontale botsing,Geen hindernis
32532,54,Brugge teller 2,Brugge,51.23015,3.22818,1.05219936062561,51.22115132315211,3.223506634465305,2022,6,8,31005,Brugge,Normaal,Droog,Dag,met lichtgewonden,3,Fiets,3,Fiets,Buiten Kruispunt,Gemeenteweg,binnen bebouwde kom,Tussen 2 bestuurders: Frontale botsing,Geen hindernis
32532,53,Brugge teller 1,Brugge,51.23023,3.228,1.0568837084964375,51.22115132315211,3.223506634465305,2022,6,8,31005,Brugge,Normaal,Droog,Dag,met lichtgewonden,3,Fiets,3,Fiets,Buiten Kruispunt,Gemeenteweg,binnen bebouwde kom,Tussen 2 bestuurders: Frontale botsing,Geen hindernis
32532,52,Brugge,Brugge,51.22632,3.24095,1.3438437368499174,51.22115132315211,3.223506634465305,2022,6,8,31005,Brugge,Normaal,Droog,Dag,met lichtgewonden,3,Fiets,3,Fiets,Buiten Kruispunt,Gemeenteweg,binnen bebouwde kom,Tussen 2 bestuurders: Frontale botsing,Geen hindernis
32532,142,TEST Validatie BRUGGE Y2H22022134,Brugge,51.22632,3.24095,1.3438437368499174,51.22115132315211,3.223506634465305,2022,6,8,31005,Brugge,Normaal,Droog,Dag,met lichtgewonden,3,Fiets,3,Fiets,Buiten Kruispunt,Gemeenteweg,binnen bebouwde kom,Tussen 2 bestuurders: Frontale botsing,Geen hindernis
32537,20,Brugge,Brugge,51.17416,3.20048,1.3591351833950993,51.184845452751574,3.209947283240557,2022,6,15,31005,Brugge,Normaal,Droog,Dag,met lichtgewonden,3,Fiets,9,personenauto,Op Kruispunt,Gemeenteweg,binnen bebouwde kom,Tss. 2 best.: langs opzij (voor-/achterkant-flank),Geen hindernis
32567,15,Oostende 2,Oostende,51.21371,2.92743,1.2976132529868567,51.21465161443714,2.9088612531515428,2022,6,15,35013,Oostende,Normaal,Droog,Dag,dodelijk gewonden,5,Lichte vrachtauto,3,Fiets,Op Kruispunt,Gewestweg,binnen bebouwde kom,Tussen 2 bestuurders: Flank tegen flank,Geen hindernis
32567,18,Oostende 1,Oostende,51.21378,2.92765,1.3122888863372284,51.21465161443714,2.9088612531515428,2022,6,15,35013,Oostende,Normaal,Droog,Dag,dodelijk gewonden,5,Lichte vrachtauto,3,Fiets,Op Kruispunt,Gewestweg,binnen bebouwde kom,Tussen 2 bestuurders: Flank tegen flank,Geen hindernis
32569,15,Oostende 2,Oostende,51.21371,2.92743,0.9791088201723843,51.211612666573764,2.9137782145888314,2022,6,16,35013,Oostende,Normaal,Droog,Dag,met lichtgewonden,3,Fiets,9,personenauto,Buiten Kruispunt,Gemeenteweg,binnen bebouwde kom,Tussen 2 bestuurders: Frontale botsing,Geen hindernis
32569,18,Oostende 1,Oostende,51.21378,2.92765,0.9958530305080597,51.211612666573764,2.9137782145888314,2022,6,16,35013,Oostende,Normaal,Droog,Dag,met lichtgewonden,3,Fiets,9,personenauto,Buiten Kruispunt,Gemeenteweg,binnen bebouwde kom,Tussen 2 bestuurders: Frontale botsing,Geen hindernis
32571,18,Oostende 1,Oostende,51.21378,2.92765,1.833239487432655,51.229079525151874,2.917841796478118,2022,6,11,35013,Oostende,Normaal,Droog,Dag,met lichtgewonden,3,Fiets,9,personenauto,Op Kruispunt,Gewestweg,binnen bebouwde kom,Tussen 2 bestuurders: Frontale botsing,Geen hindernis
32571,15,Oostende 2,Oostende,51.21371,2.92743,1.8348338807861237,51.229079525151874,2.917841796478118,2022,6,11,35013,Oostende,Normaal,Droog,Dag,met lichtgewonden,3,Fiets,9,personenauto,Op Kruispunt,Gewestweg,binnen bebouwde kom,Tussen 2 bestuurders: Frontale botsing,Geen hindernis
32572,18,Oostende 1,Oostende,51.21378,2.92765,2.2526920650975333,51.23202894082047,2.913602582777078,2022,6,15,35013,Oostende,Normaal,Droog,Dag,met lichtgewonden,3,Fiets,9,personenauto,Buiten Kruispunt,Gewestweg,binnen bebouwde kom,Tss. 2 best.: langs opzij (voor-/achterkant-flank),Geen hindernis
32572,15,Oostende 2,Oostende,51.21371,2.92743,2.253115906494529,51.23202894082047,2.913602582777078,2022,6,15,35013,Oostende,Normaal,Droog,Dag,met lichtgewonden,3,Fiets,9,personenauto,Buiten Kruispunt,Gewestweg,binnen bebouwde kom,Tss. 2 best.: langs opzij (voor-/achterkant-flank),Geen hindernis
32573,15,Oostende 2,Oostende,51.21371,2.92743,1.6418874240535495,51.22262224082644,2.9086340875524774,2022,6,19,35013,Oostende,Normaal,Droog,Dag,met lichtgewonden,9,personenauto,3,Fiets,Op Kruispunt,Gewestweg,binnen bebouwde kom,Tss. 2 best.: langs opzij (voor-/achterkant-flank),Geen hindernis
32573,18,Oostende 1,Oostende,51.21378,2.92765,1.6494777907823854,51.22262224082644,2.9086340875524774,2022,6,19,35013,Oostende,Normaal,Droog,Dag,met lichtgewonden,9,personenauto,3,Fiets,Op Kruispunt,Gewestweg,binnen bebouwde kom,Tss. 2 best.: langs opzij (voor-/achterkant-flank),Geen hindernis
32577,65,Nieuwpoort teller 2,Nieuwpoort,51.13435,2.75511,1.7845980455430472,51.15033458421142,2.757404523565964,2022,6,16,35011,Middelkerke,Normaal,Droog,Dag,met lichtgewonden,3,Fiets,9,personenauto,Op Kruispunt,Gemeenteweg,binnen bebouwde kom,Tss. 2 best.: langs opzij (voor-/achterkant-flank),Geen hindernis
32577,64,Nieuwpoort teller 1,Nieuwpoort,51.13359,2.75737,1.8619143708087518,51.15033458421142,2.757404523565964,2022,6,16,35011,Middelkerke,Normaal,Droog,Dag,met lichtgewonden,3,Fiets,9,personenauto,Op Kruispunt,Gemeenteweg,binnen bebouwde kom,Tss. 2 best.: langs opzij (voor-/achterkant-flank),Geen hindernis
32577,63,Nieuwpoort teller 3,Nieuwpoort,51.13529,2.74289,1.955454791918227,51.15033458421142,2.757404523565964,2022,6,16,35011,Middelkerke,Normaal,Droog,Dag,met lichtgewonden,3,Fiets,9,personenauto,Op Kruispunt,Gemeenteweg,binnen bebouwde kom,Tss. 2 best.: langs opzij (voor-/achterkant-flank),Geen hindernis
32577,66,Nieuwpoort totem,Nieuwpoort,51.1347,2.74369,1.9843670195613612,51.15033458421142,2.757404523565964,2022,6,16,35011,Middelkerke,Normaal,Droog,Dag,met lichtgewonden,3,Fiets,9,personenauto,Op Kruispunt,Gemeenteweg,binnen bebouwde kom,Tss. 2 best.: langs opzij (voor-/achterkant-flank),Geen hindernis
32578,55,Torhout teller 1,Torhout,51.07161,3.08261,2.2598933697069232,51.06026806062402,3.10944621738926,2022,6,9,31033,Torhout,Normaal,Droog,Dag,met lichtgewonden,3,Fiets,5,Lichte vrachtauto,Buiten Kruispunt,Gemeenteweg,binnen bebouwde kom,Tussen 2 bestuurders: Flank tegen flank,Geen hindernis
32578,56,Torhout teller 2,Torhout,51.07147,3.08244,2.2611500368897715,51.06026806062402,3.10944621738926,2022,6,9,31033,Torhout,Normaal,Droog,Dag,met lichtgewonden,3,Fiets,5,Lichte vrachtauto,Buiten Kruispunt,Gemeenteweg,binnen bebouwde kom,Tussen 2 bestuurders: Flank tegen flank,Geen hindernis
32581,55,Torhout teller 1,Torhout,51.07161,3.08261,1.717051675082358,51.06475002193382,3.104625433687536,2022,6,15,31033,Torhout,Normaal,Droog,Dag,met lichtgewonden,9,personenauto,3,Fiets,Buiten Kruispunt,Gemeenteweg,binnen bebouwde kom,Tss. 2 best.: langs opzij (voor-/achterkant-flank),Geen hindernis
32581,56,Torhout teller 2,Torhout,51.07147,3.08244,1.7208875718090397,51.06475002193382,3.104625433687536,2022,6,15,31033,Torhout,Normaal,Droog,Dag,met lichtgewonden,9,personenauto,3,Fiets,Buiten Kruispunt,Gemeenteweg,binnen bebouwde kom,Tss. 2 best.: langs opzij (voor-/achterkant-flank),Geen hindernis
32582,56,Torhout teller 2,Torhout,51.07147,3.08244,0.5123050345368714,51.06688398789346,3.083143510413832,2022,6,12,31033,Torhout,Normaal,Droog,Dag,met lichtgewonden,3,Fiets,9,personenauto,Buiten Kruispunt,Gemeenteweg,binnen bebouwde kom,Tss. 2 best.: langs opzij (voor-/achterkant-flank),Geen hindernis
32582,55,Torhout teller 1,Torhout,51.07161,3.08261,0.5268290934600126,51.06688398789346,3.083143510413832,2022,6,12,31033,Torhout,Normaal,Droog,Dag,met lichtgewonden,3,Fiets,9,personenauto,Buiten Kruispunt,Gemeenteweg,binnen bebouwde kom,Tss. 2 best.: langs opzij (voor-/achterkant-flank),Geen hindernis
32586,84,Roeselare totem,Izegem,50.91717,3.18772,2.190294732190378,50.89999058411726,3.1724368332116266,2022,6,8,36015,Roeselare,Normaal,Droog,Dag,met zwaargewonden,9,personenauto,3,Fiets,Buiten Kruispunt,Gemeenteweg,buiten bebouwde kom,Tss. 2 best.: langs opzij (voor-/achterkant-flank),Geen hindernis
32587,84,Roeselare totem,Izegem,50.91717,3.18772,1.1689882900159534,50.92735698029347,3.19184082601745,2022,6,16,36008,Izegem,Normaal,Droog,Dag,met lichtgewonden,3,Fiets,11,een weggebruiker tegen een hindernis,Buiten Kruispunt,Gemeenteweg,buiten bebouwde kom,Weggebruiker tegen hindernis op de rijbaan,"Op de rijbaan: Werken (signal., aarde, toestel,…)"
32588,84,Roeselare totem,Izegem,50.91717,3.18772,2.2473330560860965,50.92885003519583,3.2138857935933944,2022,6,10,36008,Izegem,Onbekend,Onbekend,Dag,met lichtgewonden,6,Bromfiets,3,Fiets,Buiten Kruispunt,Gemeenteweg,binnen bebouwde kom,Tss. 2 best.: langs opzij (voor-/achterkant-flank),Geen hindernis
32589,84,Roeselare totem,Izegem,50.91717,3.18772,0.536424117994148,50.913024055483675,3.191632221857144,2022,6,16,36008,Izegem,Normaal,Droog,Dag,met lichtgewonden,9,personenauto,3,Fiets,Op Kruispunt,Gemeenteweg,binnen bebouwde kom,Tss. 2 best.: langs opzij (voor-/achterkant-flank),Geen hindernis
32591,16,Kortrijk 1,Kortrijk,50.83332,3.27777,1.3461283727932878,50.82336720600024,3.2886809507570622,2022,6,7,34022,Kortrijk,Normaal,Droog,Dag,met lichtgewonden,3,Fiets,9,personenauto,Op Kruispunt,Gemeenteweg,binnen bebouwde kom,Tss. 2 best.: langs opzij (voor-/achterkant-flank),Geen hindernis
32591,17,Kortrijk 2,Kortrijk,50.83339,3.27773,1.3541283055947846,50.82336720600024,3.2886809507570622,2022,6,7,34022,Kortrijk,Normaal,Droog,Dag,met lichtgewonden,3,Fiets,9,personenauto,Op Kruispunt,Gemeenteweg,binnen bebouwde kom,Tss. 2 best.: langs opzij (voor-/achterkant-flank),Geen hindernis
32591,143,Eco Display Classic Budastraat,Kortrijk,50.83066,3.26286,1.986646689572765,50.82336720600024,3.2886809507570622,2022,6,7,34022,Kortrijk,Normaal,Droog,Dag,met lichtgewonden,3,Fiets,9,personenauto,Op Kruispunt,Gemeenteweg,binnen bebouwde kom,Tss. 2 best.: langs opzij (voor-/achterkant-flank),Geen hindernis
32591,75,Kortrijk teller 2,Kortrijk,50.81925,3.25731,2.2507487108935016,50.82336720600024,3.2886809507570622,2022,6,7,34022,Kortrijk,Normaal,Droog,Dag,met lichtgewonden,3,Fiets,9,personenauto,Op Kruispunt,Gemeenteweg,binnen bebouwde kom,Tss. 2 best.: langs opzij (voor-/achterkant-flank),Geen hindernis
32591,74,Kortrijk teller 1,Kortrijk,50.81909,3.25728,2.2564985167596925,50.82336720600024,3.2886809507570622,2022,6,7,34022,Kortrijk,Normaal,Droog,Dag,met lichtgewonden,3,Fiets,9,personenauto,Op Kruispunt,Gemeenteweg,binnen bebouwde kom,Tss. 2 best.: langs opzij (voor-/achterkant-flank),Geen hindernis
32597,84,Roeselare totem,Izegem,50.91717,3.18772,1.1521888703193446,50.91638847162833,3.2041089175197968,2022,6,22,36008,Izegem,Normaal,Droog,"Nacht, openbare verlichting aanwezig en ontstoken",met lichtgewonden,3,Fiets,5,Lichte vrachtauto,Buiten Kruispunt,Gemeenteweg,binnen bebouwde kom,Tussen 2 bestuurders: Flank tegen flank,Geen hindernis
32598,84,Roeselare totem,Izegem,50.91717,3.18772,2.4114933066150885,50.92660311586937,3.156741704250298,2022,6,18,36015,Roeselare,Normaal,Droog,Dag,met lichtgewonden,9,personenauto,3,Fiets,Op Kruispunt,Gemeenteweg,binnen bebouwde kom,Tss. 2 best.: langs opzij (voor-/achterkant-flank),Geen hindernis
32614,61,Wervik teller 2,Wervik,50.80555,3.0921,2.218674065273109,50.80283990802555,3.123380015098664,2022,6,11,34027,Menen,Normaal,Droog,Dag,met zwaargewonden,3,Fiets,10,"één bestuurder, geen hindernis",Buiten Kruispunt,Gewestweg,binnen bebouwde kom,"Eén bestuurder, geen hindernis (incl. val)",Geen hindernis
32614,62,Wervik teller 1,Wervik,50.8058,3.09154,2.2615405156367414,50.80283990802555,3.123380015098664,2022,6,11,34027,Menen,Normaal,Droog,Dag,met zwaargewonden,3,Fiets,10,"één bestuurder, geen hindernis",Buiten Kruispunt,Gewestweg,binnen bebouwde kom,"Eén bestuurder, geen hindernis (incl. val)",Geen hindernis
32615,61,Wervik teller 2,Wervik,50.80555,3.0921,1.0975260831977467,50.79611695576018,3.0966967310681808,2022,6,20,34027,Menen,Normaal,Droog,Dag,met lichtgewonden,9,personenauto,3,Fiets,Op Kruispunt,Gemeenteweg,binnen bebouwde kom,Tss. 2 best.: langs opzij (voor-/achterkant-flank),Geen hindernis
32615,62,Wervik teller 1,Wervik,50.8058,3.09154,1.1360580992545612,50.79611695576018,3.0966967310681808,2022,6,20,34027,Menen,Normaal,Droog,Dag,met lichtgewonden,9,personenauto,3,Fiets,Op Kruispunt,Gemeenteweg,binnen bebouwde kom,Tss. 2 best.: langs opzij (voor-/achterkant-flank),Geen hindernis
32619,143,Eco Display Classic Budastraat,Kortrijk,50.83066,3.26286,2.410020451186436,50.84328482033882,3.234963750594547,2022,6,7,34022,Kortrijk,Normaal,Droog,Dageraad - schemering,met lichtgewonden,3,Fiets,3,Fiets,Buiten Kruispunt,Gemeenteweg,binnen bebouwde kom,Tussen 2 bestuurders: Flank tegen flank,Geen hindernis
32620,143,Eco Display Classic Budastraat,Kortrijk,50.83066,3.26286,0.8709427887798569,50.82419515225886,3.269860785017592,2022,6,22,34022,Kortrijk,Normaal,"Nat, plassen","Nacht, openbare verlichting aanwezig en ontstoken",met lichtgewonden,9,personenauto,3,Fiets,Op Kruispunt,Gewestweg,binnen bebouwde kom,Tss. 2 best.: langs opzij (voor-/achterkant-flank),Geen hindernis
32620,75,Kortrijk teller 2,Kortrijk,50.81925,3.25731,1.0390629953021753,50.82419515225886,3.269860785017592,2022,6,22,34022,Kortrijk,Normaal,"Nat, plassen","Nacht, openbare verlichting aanwezig en ontstoken",met lichtgewonden,9,personenauto,3,Fiets,Op Kruispunt,Gewestweg,binnen bebouwde kom,Tss. 2 best.: langs opzij (voor-/achterkant-flank),Geen hindernis
32620,74,Kortrijk teller 1,Kortrijk,50.81909,3.25728,1.0503605707799206,50.82419515225886,3.269860785017592,2022,6,22,34022,Kortrijk,Normaal,"Nat, plassen","Nacht, openbare verlichting aanwezig en ontstoken",met lichtgewonden,9,personenauto,3,Fiets,Op Kruispunt,Gewestweg,binnen bebouwde kom,Tss. 2 best.: langs opzij (voor-/achterkant-flank),Geen hindernis
32620,16,Kortrijk 1,Kortrijk,50.83332,3.27777,1.1567514235518617,50.82419515225886,3.269860785017592,2022,6,22,34022,Kortrijk,Normaal,"Nat, plassen","Nacht, openbare verlichting aanwezig en ontstoken",met lichtgewonden,9,personenauto,3,Fiets,Op Kruispunt,Gewestweg,binnen bebouwde kom,Tss. 2 best.: langs opzij (voor-/achterkant-flank),Geen hindernis
32620,17,Kortrijk 2,Kortrijk,50.83339,3.27773,1.1622459889891896,50.82419515225886,3.269860785017592,2022,6,22,34022,Kortrijk,Normaal,"Nat, plassen","Nacht, openbare verlichting aanwezig en ontstoken",met lichtgewonden,9,personenauto,3,Fiets,Op Kruispunt,Gewestweg,binnen bebouwde kom,Tss. 2 best.: langs opzij (voor-/achterkant-flank),Geen hindernis
32621,75,Kortrijk teller 2,Kortrijk,50.81925,3.25731,0.6400584004331021,50.82499127712607,3.256654677295622,2022,6,15,34022,Kortrijk,Normaal,Droog,Dag,met zwaargewonden,3,Fiets,2,Andere weggebruiker,Buiten Kruispunt,Gemeenteweg,binnen bebouwde kom,Tussen 2 bestuurders: Langs achteren,Geen hindernis
32621,74,Kortrijk teller 1,Kortrijk,50.81909,3.25728,0.6576606524879539,50.82499127712607,3.256654677295622,2022,6,15,34022,Kortrijk,Normaal,Droog,Dag,met zwaargewonden,3,Fiets,2,Andere weggebruiker,Buiten Kruispunt,Gemeenteweg,binnen bebouwde kom,Tussen 2 bestuurders: Langs achteren,Geen hindernis
32621,143,Eco Display Classic Budastraat,Kortrijk,50.83066,3.26286,0.7663400830448385,50.82499127712607,3.256654677295622,2022,6,15,34022,Kortrijk,Normaal,Droog,Dag,met zwaargewonden,3,Fiets,2,Andere weggebruiker,Buiten Kruispunt,Gemeenteweg,binnen bebouwde kom,Tussen 2 bestuurders: Langs achteren,Geen hindernis
32621,16,Kortrijk 1,Kortrijk,50.83332,3.27777,1.748441986483763,50.82499127712607,3.256654677295622,2022,6,15,34022,Kortrijk,Normaal,Droog,Dag,met zwaargewonden,3,Fiets,2,Andere weggebruiker,Buiten Kruispunt,Gemeenteweg,binnen bebouwde kom,Tussen 2 bestuurders: Langs achteren,Geen hindernis
32621,17,Kortrijk 2,Kortrijk,50.83339,3.27773,1.7501996579511585,50.82499127712607,3.256654677295622,2022,6,15,34022,Kortrijk,Normaal,Droog,Dag,met zwaargewonden,3,Fiets,2,Andere weggebruiker,Buiten Kruispunt,Gemeenteweg,binnen bebouwde kom,Tussen 2 bestuurders: Langs achteren,Geen hindernis
32622,74,Kortrijk teller 1,Kortrijk,50.81909,3.25728,1.5532396306014278,50.80516638891855,3.2555067724611026,2022,6,8,34022,Kortrijk,Normaal,Droog,Dag,met lichtgewonden,3,Fiets,9,personenauto,Buiten Kruispunt,Gemeenteweg,binnen bebouwde kom,Tss. 2 best.: langs opzij (voor-/achterkant-flank),Geen hindernis
32622,75,Kortrijk teller 2,Kortrijk,50.81925,3.25731,1.5711426904860113,50.80516638891855,3.2555067724611026,2022,6,8,34022,Kortrijk,Normaal,Droog,Dag,met lichtgewonden,3,Fiets,9,personenauto,Buiten Kruispunt,Gemeenteweg,binnen bebouwde kom,Tss. 2 best.: langs opzij (voor-/achterkant-flank),Geen hindernis
32623,74,Kortrijk teller 1,Kortrijk,50.81909,3.25728,0.9358420882535666,50.81559105153167,3.245164626268846,2022,6,17,34022,Kortrijk,Normaal,Droog,Dag,met zwaargewonden,3,Fiets,3,Fiets,Buiten Kruispunt,Gemeenteweg,binnen bebouwde kom,Tussen 2 bestuurders: Langs achteren,Geen hindernis
32623,75,Kortrijk teller 2,Kortrijk,50.81925,3.25731,0.9452779518345026,50.81559105153167,3.245164626268846,2022,6,17,34022,Kortrijk,Normaal,Droog,Dag,met zwaargewonden,3,Fiets,3,Fiets,Buiten Kruispunt,Gemeenteweg,binnen bebouwde kom,Tussen 2 bestuurders: Langs achteren,Geen hindernis
32623,143,Eco Display Classic Budastraat,Kortrijk,50.83066,3.26286,2.0862940516310373,50.81559105153167,3.245164626268846,2022,6,17,34022,Kortrijk,Normaal,Droog,Dag,met zwaargewonden,3,Fiets,3,Fiets,Buiten Kruispunt,Gemeenteweg,binnen bebouwde kom,Tussen 2 bestuurders: Langs achteren,Geen hindernis
32624,74,Kortrijk teller 1,Kortrijk,50.81909,3.25728,0.9033213541923,50.81338049954354,3.266426783683026,2022,6,19,34022,Kortrijk,Normaal,Droog,Dag,met lichtgewonden,9,personenauto,3,Fiets,Op Kruispunt,Gewestweg,binnen bebouwde kom,Tss. 2 best.: langs opzij (voor-/achterkant-flank),Geen hindernis
32624,75,Kortrijk teller 2,Kortrijk,50.81925,3.25731,0.9144344798191527,50.81338049954354,3.266426783683026,2022,6,19,34022,Kortrijk,Normaal,Droog,Dag,met lichtgewonden,9,personenauto,3,Fiets,Op Kruispunt,Gewestweg,binnen bebouwde kom,Tss. 2 best.: langs opzij (voor-/achterkant-flank),Geen hindernis
32624,143,Eco Display Classic Budastraat,Kortrijk,50.83066,3.26286,1.9376597957723043,50.81338049954354,3.266426783683026,2022,6,19,34022,Kortrijk,Normaal,Droog,Dag,met lichtgewonden,9,personenauto,3,Fiets,Op Kruispunt,Gewestweg,binnen bebouwde kom,Tss. 2 best.: langs opzij (voor-/achterkant-flank),Geen hindernis
32624,16,Kortrijk 1,Kortrijk,50.83332,3.27777,2.3559955989833226,50.81338049954354,3.266426783683026,2022,6,19,34022,Kortrijk,Normaal,Droog,Dag,met lichtgewonden,9,personenauto,3,Fiets,Op Kruispunt,Gewestweg,binnen bebouwde kom,Tss. 2 best.: langs opzij (voor-/achterkant-flank),Geen hindernis
32624,17,Kortrijk 2,Kortrijk,50.83339,3.27773,2.3623760574810655,50.81338049954354,3.266426783683026,2022,6,19,34022,Kortrijk,Normaal,Droog,Dag,met lichtgewonden,9,personenauto,3,Fiets,Op Kruispunt,Gewestweg,binnen bebouwde kom,Tss. 2 best.: langs opzij (voor-/achterkant-flank),Geen hindernis
32625,17,Kortrijk 2,Kortrijk,50.83339,3.27773,0.048636791559532454,50.83374588853549,3.27813262740914,2022,6,15,34022,Kortrijk,Normaal,"Nat, plassen",Dag,met lichtgewonden,3,Fiets,9,personenauto,Buiten Kruispunt,Gewestweg,binnen bebouwde kom,Tss. 2 best.: langs opzij (voor-/achterkant-flank),Geen hindernis
32625,16,Kortrijk 1,Kortrijk,50.83332,3.27777,0.053769875600611625,50.83374588853549,3.27813262740914,2022,6,15,34022,Kortrijk,Normaal,"Nat, plassen",Dag,met lichtgewonden,3,Fiets,9,personenauto,Buiten Kruispunt,Gewestweg,binnen bebouwde kom,Tss. 2 best.: langs opzij (voor-/achterkant-flank),Geen hindernis
32625,143,Eco Display Classic Budastraat,Kortrijk,50.83066,3.26286,1.1261463247572037,50.83374588853549,3.27813262740914,2022,6,15,34022,Kortrijk,Normaal,"Nat, plassen",Dag,met lichtgewonden,3,Fiets,9,personenauto,Buiten Kruispunt,Gewestweg,binnen bebouwde kom,Tss. 2 best.: langs opzij (voor-/achterkant-flank),Geen hindernis
32625,75,Kortrijk teller 2,Kortrijk,50.81925,3.25731,2.1765065907064707,50.83374588853549,3.27813262740914,2022,6,15,34022,Kortrijk,Normaal,"Nat, plassen",Dag,met lichtgewonden,3,Fiets,9,personenauto,Buiten Kruispunt,Gewestweg,binnen bebouwde kom,Tss. 2 best.: langs opzij (voor-/achterkant-flank),Geen hindernis
32625,74,Kortrijk teller 1,Kortrijk,50.81909,3.25728,2.191124608790218,50.83374588853549,3.27813262740914,2022,6,15,34022,Kortrijk,Normaal,"Nat, plassen",Dag,met lichtgewonden,3,Fiets,9,personenauto,Buiten Kruispunt,Gewestweg,binnen bebouwde kom,Tss. 2 best.: langs opzij (voor-/achterkant-flank),Geen hindernis
32626,143,Eco Display Classic Budastraat,Kortrijk,50.83066,3.26286,1.4505577575859803,50.83691370083101,3.24473303040426,2022,6,11,34022,Kortrijk,Normaal,"Nat, plassen",Dag,met lichtgewonden,3,Fiets,10,"één bestuurder, geen hindernis",Buiten Kruispunt,Gemeenteweg,binnen bebouwde kom,"Eén bestuurder, geen hindernis (incl. val)",Geen hindernis
32626,75,Kortrijk teller 2,Kortrijk,50.81925,3.25731,2.153616957070416,50.83691370083101,3.24473303040426,2022,6,11,34022,Kortrijk,Normaal,"Nat, plassen",Dag,met lichtgewonden,3,Fiets,10,"één bestuurder, geen hindernis",Buiten Kruispunt,Gemeenteweg,binnen bebouwde kom,"Eén bestuurder, geen hindernis (incl. val)",Geen hindernis
32626,74,Kortrijk teller 1,Kortrijk,50.81909,3.25728,2.16899858006638,50.83691370083101,3.24473303040426,2022,6,11,34022,Kortrijk,Normaal,"Nat, plassen",Dag,met lichtgewonden,3,Fiets,10,"één bestuurder, geen hindernis",Buiten Kruispunt,Gemeenteweg,binnen bebouwde kom,"Eén bestuurder, geen hindernis (incl. val)",Geen hindernis
32626,17,Kortrijk 2,Kortrijk,50.83339,3.27773,2.350123572238162,50.83691370083101,3.24473303040426,2022,6,11,34022,Kortrijk,Normaal,"Nat, plassen",Dag,met lichtgewonden,3,Fiets,10,"één bestuurder, geen hindernis",Buiten Kruispunt,Gemeenteweg,binnen bebouwde kom,"Eén bestuurder, geen hindernis (incl. val)",Geen hindernis