crash_row_id,site_id,site_name,site_gemeente,site_lat,site_long,distance_km,crash_lat,crash_long,DT_YEAR_COLLISION,DT_MONTH_COLLISION,DT_TIME,CD_NIS,TX_MUNTY_COLLISION_NL,TX_WEATHER_NL,TX_ROAD_CONDITION_NL,TX_LIGHT_CONDITION_NL,TX_CLASS_ACCIDENTS_NL,CD_ROAD_USR_TYPE1,TX_ROAD_USR_TYPE1_NL,CD_ROAD_USR_TYPE2,TX_ROAD_USR_TYPE2_NL,TX_CROSSWAY_NL,CD_ROAD_TYPE_NL,TX_BUILD_UP_AREA_NL,TX_COLLISION_TYPE_NL,TX_OBSTACLES_NL
32626,16,Kortrijk 1,Kortrijk,50.83332,3.27777,2.354203729934144,50.83691370083101,3.24473303040426,2022,6,11,34022,Kortrijk,Normaal,"Nat, plassen",Dag,met lichtgewonden,3,Fiets,10,"één bestuurder, geen hindernis",Buiten Kruispunt,Gemeenteweg,binnen bebouwde kom,"Eén bestuurder, geen hindernis (incl. val)",Geen hindernis
32628,16,Kortrijk 1,Kortrijk,50.83332,3.27777,1.8489066840236716,50.82503742732936,3.3005963758654353,2022,6,19,34022,Kortrijk,Normaal,Droog,Dag,met zwaargewonden,9,personenauto,3,Fiets,Buiten Kruispunt,Gemeenteweg,binnen bebouwde kom,Tss. 2 best.: langs opzij (voor-/achterkant-flank),Geen hindernis
32628,17,Kortrijk 2,Kortrijk,50.83339,3.27773,1.855226591352955,50.82503742732936,3.3005963758654353,2022,6,19,34022,Kortrijk,Normaal,Droog,Dag,met zwaargewonden,9,personenauto,3,Fiets,Buiten Kruispunt,Gemeenteweg,binnen bebouwde kom,Tss. 2 best.: langs opzij (voor-/achterkant-flank),Geen hindernis
32629,143,Eco Display Classic Budastraat,Kortrijk,50.83066,3.26286,0.1409488740324161,50.82969699304992,3.2615550264609143,2022,6,8,34022,Kortrijk,Normaal,Droog,Dag,met lichtgewonden,5,Lichte vrachtauto,3,Fiets,Buiten Kruispunt,Gemeenteweg,binnen bebouwde kom,Tss. 2 best.: langs opzij (voor-/achterkant-flank),Geen hindernis
32629,75,Kortrijk teller 2,Kortrijk,50.81925,3.25731,1.1993109320334308,50.82969699304992,3.2615550264609143,2022,6,8,34022,Kortrijk,Normaal,Droog,Dag,met lichtgewonden,5,Lichte vrachtauto,3,Fiets,Buiten Kruispunt,Gemeenteweg,binnen bebouwde kom,Tss. 2 best.: langs opzij (voor-/achterkant-flank),Geen hindernis
32629,17,Kortrijk 2,Kortrijk,50.83339,3.27773,1.2079276385387336,50.82969699304992,3.2615550264609143,2022,6,8,34022,Kortrijk,Normaal,Droog,Dag,met lichtgewonden,5,Lichte vrachtauto,3,Fiets,Buiten Kruispunt,Gemeenteweg,binnen bebouwde kom,Tss. 2 best.: langs opzij (voor-/achterkant-flank),Geen hindernis
32629,16,Kortrijk 1,Kortrijk,50.83332,3.27777,1.2079526067517152,50.82969699304992,3.2615550264609143,2022,6,8,34022,Kortrijk,Normaal,Droog,Dag,met lichtgewonden,5,Lichte vrachtauto,3,Fiets,Buiten Kruispunt,Gemeenteweg,binnen bebouwde kom,Tss. 2 best.: langs opzij (voor-/achterkant-flank),Geen hindernis
32629,74,Kortrijk teller 1,Kortrijk,50.81909,3.25728,1.2170698491479384,50.82969699304992,3.2615550264609143,2022,6,8,34022,Kortrijk,Normaal,Droog,Dag,met lichtgewonden,5,Lichte vrachtauto,3,Fiets,Buiten Kruispunt,Gemeenteweg,binnen bebouwde kom,Tss. 2 best.: langs opzij (voor-/achterkant-flank),Geen hindernis
32630,143,Eco Display Classic Budastraat,Kortrijk,50.83066,3.26286,1.4886687494806474,50.830321583091234,3.241670504196293,2022,6,12,34022,Kortrijk,Normaal,Droog,Dag,met lichtgewonden,7,Motorfiets,3,Fiets,Buiten Kruispunt,Gemeenteweg,binnen bebouwde kom,Tussen 2 bestuurders: Flank tegen flank,Geen hindernis
32630,75,Kortrijk teller 2,Kortrijk,50.81925,3.25731,1.6499694171935857,50.830321583091234,3.241670504196293,2022,6,12,34022,Kortrijk,Normaal,Droog,Dag,met lichtgewonden,7,Motorfiets,3,Fiets,Buiten Kruispunt,Gemeenteweg,binnen bebouwde kom,Tussen 2 bestuurders: Flank tegen flank,Geen hindernis
32630,74,Kortrijk teller 1,Kortrijk,50.81909,3.25728,1.6618965118553812,50.830321583091234,3.241670504196293,2022,6,12,34022,Kortrijk,Normaal,Droog,Dag,met lichtgewonden,7,Motorfiets,3,Fiets,Buiten Kruispunt,Gemeenteweg,binnen bebouwde kom,Tussen 2 bestuurders: Flank tegen flank,Geen hindernis
32631,17,Kortrijk 2,Kortrijk,50.83339,3.27773,1.9524016067250507,50.85012678234272,3.2861360963016586,2022,6,15,34023,Kuurne,Normaal,Droog,Dag,met lichtgewonden,3,Fiets,3,Fiets,Buiten Kruispunt,Gemeenteweg,buiten bebouwde kom,Tss. 2 best.: langs opzij (voor-/achterkant-flank),Geen hindernis
32631,16,Kortrijk 1,Kortrijk,50.83332,3.27777,1.9589785435316793,50.85012678234272,3.2861360963016586,2022,6,15,34023,Kuurne,Normaal,Droog,Dag,met lichtgewonden,3,Fiets,3,Fiets,Buiten Kruispunt,Gemeenteweg,buiten bebouwde kom,Tss. 2 best.: langs opzij (voor-/achterkant-flank),Geen hindernis
32634,75,Kortrijk teller 2,Kortrijk,50.81925,3.25731,2.128658461232704,50.82402729652391,3.2279657883400215,2022,6,12,34022,Kortrijk,Normaal,Droog,Dag,met lichtgewonden,3,Fiets,3,Fiets,Op Kruispunt,Gewestweg,binnen bebouwde kom,Tussen 2 bestuurders: Frontale botsing,Geen hindernis
32634,74,Kortrijk teller 1,Kortrijk,50.81909,3.25728,2.131134950716342,50.82402729652391,3.2279657883400215,2022,6,12,34022,Kortrijk,Normaal,Droog,Dag,met lichtgewonden,3,Fiets,3,Fiets,Op Kruispunt,Gewestweg,binnen bebouwde kom,Tussen 2 bestuurders: Frontale botsing,Geen hindernis
32635,75,Kortrijk teller 2,Kortrijk,50.81925,3.25731,0.6167158716328468,50.82474649386889,3.2561365382933003,2022,6,16,34022,Kortrijk,Onbekend,Onbekend,Dag,met lichtgewonden,3,Fiets,6,Bromfiets,Buiten Kruispunt,Gemeenteweg,binnen bebouwde kom,Tussen 2 bestuurders: Frontale botsing,Geen hindernis
32635,74,Kortrijk teller 1,Kortrijk,50.81909,3.25728,0.6340815023067115,50.82474649386889,3.2561365382933003,2022,6,16,34022,Kortrijk,Onbekend,Onbekend,Dag,met lichtgewonden,3,Fiets,6,Bromfiets,Buiten Kruispunt,Gemeenteweg,binnen bebouwde kom,Tussen 2 bestuurders: Frontale botsing,Geen hindernis
32635,143,Eco Display Classic Budastraat,Kortrijk,50.83066,3.26286,0.8095552518119736,50.82474649386889,3.2561365382933003,2022,6,16,34022,Kortrijk,Onbekend,Onbekend,Dag,met lichtgewonden,3,Fiets,6,Bromfiets,Buiten Kruispunt,Gemeenteweg,binnen bebouwde kom,Tussen 2 bestuurders: Frontale botsing,Geen hindernis
32635,16,Kortrijk 1,Kortrijk,50.83332,3.27777,1.7937335761097897,50.82474649386889,3.2561365382933003,2022,6,16,34022,Kortrijk,Onbekend,Onbekend,Dag,met lichtgewonden,3,Fiets,6,Bromfiets,Buiten Kruispunt,Gemeenteweg,binnen bebouwde kom,Tussen 2 bestuurders: Frontale botsing,Geen hindernis
32635,17,Kortrijk 2,Kortrijk,50.83339,3.27773,1.795507906673678,50.82474649386889,3.2561365382933003,2022,6,16,34022,Kortrijk,Onbekend,Onbekend,Dag,met lichtgewonden,3,Fiets,6,Bromfiets,Buiten Kruispunt,Gemeenteweg,binnen bebouwde kom,Tussen 2 bestuurders: Frontale botsing,Geen hindernis
32636,17,Kortrijk 2,Kortrijk,50.83339,3.27773,0.0556230235016763,50.833792421973264,3.2782004595150376,2022,6,16,34022,Kortrijk,Normaal,Droog,Dag,met lichtgewonden,3,Fiets,3,Fiets,Buiten Kruispunt,Gewestweg,binnen bebouwde kom,Tss. 2 best.: langs opzij (voor-/achterkant-flank),Geen hindernis
32636,16,Kortrijk 1,Kortrijk,50.83332,3.27777,0.06060832655616913,50.833792421973264,3.2782004595150376,2022,6,16,34022,Kortrijk,Normaal,Droog,Dag,met lichtgewonden,3,Fiets,3,Fiets,Buiten Kruispunt,Gewestweg,binnen bebouwde kom,Tss. 2 best.: langs opzij (voor-/achterkant-flank),Geen hindernis
32636,143,Eco Display Classic Budastraat,Kortrijk,50.83066,3.26286,1.1322650705891082,50.833792421973264,3.2782004595150376,2022,6,16,34022,Kortrijk,Normaal,Droog,Dag,met lichtgewonden,3,Fiets,3,Fiets,Buiten Kruispunt,Gewestweg,binnen bebouwde kom,Tss. 2 best.: langs opzij (voor-/achterkant-flank),Geen hindernis
32636,75,Kortrijk teller 2,Kortrijk,50.81925,3.25731,2.1835396165052505,50.833792421973264,3.2782004595150376,2022,6,16,34022,Kortrijk,Normaal,Droog,Dag,met lichtgewonden,3,Fiets,3,Fiets,Buiten Kruispunt,Gewestweg,binnen bebouwde kom,Tss. 2 best.: langs opzij (voor-/achterkant-flank),Geen hindernis
32636,74,Kortrijk teller 1,Kortrijk,50.81909,3.25728,2.1981573197807442,50.833792421973264,3.2782004595150376,2022,6,16,34022,Kortrijk,Normaal,Droog,Dag,met lichtgewonden,3,Fiets,3,Fiets,Buiten Kruispunt,Gewestweg,binnen bebouwde kom,Tss. 2 best.: langs opzij (voor-/achterkant-flank),Geen hindernis
32637,143,Eco Display Classic Budastraat,Kortrijk,50.83066,3.26286,1.6170913812278973,50.832381841534676,3.239996644042191,2022,6,12,34022,Kortrijk,Normaal,Droog,Dag,met lichtgewonden,3,Fiets,9,personenauto,Op Kruispunt,Gemeenteweg,binnen bebouwde kom,Tussen 2 bestuurders: Flank tegen flank,Geen hindernis
32637,75,Kortrijk teller 2,Kortrijk,50.81925,3.25731,1.9002700002078023,50.832381841534676,3.239996644042191,2022,6,12,34022,Kortrijk,Normaal,Droog,Dag,met lichtgewonden,3,Fiets,9,personenauto,Op Kruispunt,Gemeenteweg,binnen bebouwde kom,Tussen 2 bestuurders: Flank tegen flank,Geen hindernis
32637,74,Kortrijk teller 1,Kortrijk,50.81909,3.25728,1.9126380300397507,50.832381841534676,3.239996644042191,2022,6,12,34022,Kortrijk,Normaal,Droog,Dag,met lichtgewonden,3,Fiets,9,personenauto,Op Kruispunt,Gemeenteweg,binnen bebouwde kom,Tussen 2 bestuurders: Flank tegen flank,Geen hindernis
32638,74,Kortrijk teller 1,Kortrijk,50.81909,3.25728,1.654141608136651,50.8197074855101,3.2337535504616537,2022,6,15,34022,Kortrijk,Normaal,Droog,Dag,met zwaargewonden,3,Fiets,8,Voetganger,Buiten Kruispunt,Gemeenteweg,binnen bebouwde kom,Met een voetganger,Geen hindernis
32638,75,Kortrijk teller 2,Kortrijk,50.81925,3.25731,1.6556023193541187,50.8197074855101,3.2337535504616537,2022,6,15,34022,Kortrijk,Normaal,Droog,Dag,met zwaargewonden,3,Fiets,8,Voetganger,Buiten Kruispunt,Gemeenteweg,binnen bebouwde kom,Met een voetganger,Geen hindernis
32638,143,Eco Display Classic Budastraat,Kortrijk,50.83066,3.26286,2.3797023489781233,50.8197074855101,3.2337535504616537,2022,6,15,34022,Kortrijk,Normaal,Droog,Dag,met zwaargewonden,3,Fiets,8,Voetganger,Buiten Kruispunt,Gemeenteweg,binnen bebouwde kom,Met een voetganger,Geen hindernis
32639,143,Eco Display Classic Budastraat,Kortrijk,50.83066,3.26286,1.9215172062877561,50.84781228248321,3.2595311799880804,2022,6,15,34022,Kortrijk,Normaal,Droog,Dag,met lichtgewonden,9,personenauto,3,Fiets,Buiten Kruispunt,Gemeenteweg,binnen bebouwde kom,Tss. 2 best.: langs opzij (voor-/achterkant-flank),Geen hindernis
32639,17,Kortrijk 2,Kortrijk,50.83339,3.27773,2.0505522669250107,50.84781228248321,3.2595311799880804,2022,6,15,34022,Kortrijk,Normaal,Droog,Dag,met lichtgewonden,9,personenauto,3,Fiets,Buiten Kruispunt,Gemeenteweg,binnen bebouwde kom,Tss. 2 best.: langs opzij (voor-/achterkant-flank),Geen hindernis
32639,16,Kortrijk 1,Kortrijk,50.83332,3.27777,2.0583923020207124,50.84781228248321,3.2595311799880804,2022,6,15,34022,Kortrijk,Normaal,Droog,Dag,met lichtgewonden,9,personenauto,3,Fiets,Buiten Kruispunt,Gemeenteweg,binnen bebouwde kom,Tss. 2 best.: langs opzij (voor-/achterkant-flank),Geen hindernis
32641,143,Eco Display Classic Budastraat,Kortrijk,50.83066,3.26286,0.43497776712119796,50.82720350388797,3.265759952335874,2022,6,17,34022,Kortrijk,Normaal,Droog,Dag,met lichtgewonden,3,Fiets,9,personenauto,Op Kruispunt,Gemeenteweg,binnen bebouwde kom,Tussen 2 bestuurders: Frontale botsing,Geen hindernis
32641,75,Kortrijk teller 2,Kortrijk,50.81925,3.25731,1.0651061738742302,50.82720350388797,3.265759952335874,2022,6,17,34022,Kortrijk,Normaal,Droog,Dag,met lichtgewonden,3,Fiets,9,personenauto,Op Kruispunt,Gemeenteweg,binnen bebouwde kom,Tussen 2 bestuurders: Frontale botsing,Geen hindernis
32641,74,Kortrijk teller 1,Kortrijk,50.81909,3.25728,1.0810844636148649,50.82720350388797,3.265759952335874,2022,6,17,34022,Kortrijk,Normaal,Droog,Dag,met lichtgewonden,3,Fiets,9,personenauto,Op Kruispunt,Gemeenteweg,binnen bebouwde kom,Tussen 2 bestuurders: Frontale botsing,Geen hindernis
32641,16,Kortrijk 1,Kortrijk,50.83332,3.27777,1.0835411436900726,50.82720350388797,3.265759952335874,2022,6,17,34022,Kortrijk,Normaal,Droog,Dag,met lichtgewonden,3,Fiets,9,personenauto,Op Kruispunt,Gemeenteweg,binnen bebouwde kom,Tussen 2 bestuurders: Frontale botsing,Geen hindernis
32641,17,Kortrijk 2,Kortrijk,50.83339,3.27773,1.0862675461244828,50.82720350388797,3.265759952335874,2022,6,17,34022,Kortrijk,Normaal,Droog,Dag,met lichtgewonden,3,Fiets,9,personenauto,Op Kruispunt,Gemeenteweg,binnen bebouwde kom,Tussen 2 bestuurders: Frontale botsing,Geen hindernis
32642,17,Kortrijk 2,Kortrijk,50.83339,3.27773,2.3561903604870205,50.85360340279703,3.287798886147475,2022,6,16,34023,Kuurne,Normaal,Droog,Dag,met lichtgewonden,9,personenauto,3,Fiets,Buiten Kruispunt,Gemeenteweg,binnen bebouwde kom,Tussen 2 bestuurders: Langs achteren,Geen hindernis
32642,16,Kortrijk 1,Kortrijk,50.83332,3.27777,2.3627781621634365,50.85360340279703,3.287798886147475,2022,6,16,34023,Kuurne,Normaal,Droog,Dag,met lichtgewonden,9,personenauto,3,Fiets,Buiten Kruispunt,Gemeenteweg,binnen bebouwde kom,Tussen 2 bestuurders: Langs achteren,Geen hindernis
32663,67,Ieper totem,Ieper,50.85018,2.85624,1.791739701792442,50.84964787662099,2.881748216757259,2022,6,16,33011,Ieper,Normaal,Droog,Dag,met lichtgewonden,3,Fiets,11,een weggebruiker tegen een hindernis,Buiten Kruispunt,Gemeenteweg,binnen bebouwde kom,Weggebruiker tegen hindernis buiten rijbaan,Andere hindernis
32663,68,Ieper,Ieper,50.85032,2.85608,1.8035414465319846,50.84964787662099,2.881748216757259,2022,6,16,33011,Ieper,Normaal,Droog,Dag,met lichtgewonden,3,Fiets,11,een weggebruiker tegen een hindernis,Buiten Kruispunt,Gemeenteweg,binnen bebouwde kom,Weggebruiker tegen hindernis buiten rijbaan,Andere hindernis
32667,68,Ieper,Ieper,50.85032,2.85608,1.7972345303890147,50.84974711370522,2.8304956132065375,2022,6,18,33011,Ieper,Normaal,Droog,Dag,met lichtgewonden,3,Fiets,5,Lichte vrachtauto,Op Kruispunt,Gemeenteweg,buiten bebouwde kom,Tss. 2 best.: langs opzij (voor-/achterkant-flank),Geen hindernis
32667,67,Ieper totem,Ieper,50.85018,2.85624,1.8079813239469285,50.84974711370522,2.8304956132065375,2022,6,18,33011,Ieper,Normaal,Droog,Dag,met lichtgewonden,3,Fiets,5,Lichte vrachtauto,Op Kruispunt,Gemeenteweg,buiten bebouwde kom,Tss. 2 best.: langs opzij (voor-/achterkant-flank),Geen hindernis
32668,68,Ieper,Ieper,50.85032,2.85608,0.3323905492453885,50.85113332651681,2.8515238604092437,2022,6,20,33011,Ieper,Onbekend,Droog,Dag,met lichtgewonden,3,Fiets,10,"één bestuurder, geen hindernis",Buiten Kruispunt,Gewestweg,buiten bebouwde kom,"Eén bestuurder, geen hindernis (incl. val)",Geen hindernis
32668,67,Ieper totem,Ieper,50.85018,2.85624,0.3476397555122929,50.85113332651681,2.8515238604092437,2022,6,20,33011,Ieper,Onbekend,Droog,Dag,met lichtgewonden,3,Fiets,10,"één bestuurder, geen hindernis",Buiten Kruispunt,Gewestweg,buiten bebouwde kom,"Eén bestuurder, geen hindernis (incl. val)",Geen hindernis
32673,68,Ieper,Ieper,50.85032,2.85608,2.4412697883624195,50.86725899858634,2.8782070417255112,2022,6,16,33011,Ieper,Normaal,Droog,Dag,met lichtgewonden,3,Fiets,5,Lichte vrachtauto,Buiten Kruispunt,Gemeenteweg,buiten bebouwde kom,Tss. 2 best.: langs opzij (voor-/achterkant-flank),Geen hindernis
32673,67,Ieper totem,Ieper,50.85018,2.85624,2.446207864249639,50.86725899858634,2.8782070417255112,2022,6,16,33011,Ieper,Normaal,Droog,Dag,met lichtgewonden,3,Fiets,5,Lichte vrachtauto,Buiten Kruispunt,Gemeenteweg,buiten bebouwde kom,Tss. 2 best.: langs opzij (voor-/achterkant-flank),Geen hindernis
32678,67,Ieper totem,Ieper,50.85018,2.85624,2.4332161211753416,50.828312245239964,2.857509208937694,2022,6,7,33011,Ieper,Normaal,Droog,Dag,met zwaargewonden,1,Autobus,3,Fiets,Op Kruispunt,Gewestweg,buiten bebouwde kom,Tss. 2 best.: langs opzij (voor-/achterkant-flank),Geen hindernis
32678,68,Ieper,Ieper,50.85032,2.85608,2.449207661932344,50.828312245239964,2.857509208937694,2022,6,7,33011,Ieper,Normaal,Droog,Dag,met zwaargewonden,1,Autobus,3,Fiets,Op Kruispunt,Gewestweg,buiten bebouwde kom,Tss. 2 best.: langs opzij (voor-/achterkant-flank),Geen hindernis
32684,67,Ieper totem,Ieper,50.85018,2.85624,1.4876300223278267,50.843630226658284,2.8747159645774363,2022,6,16,33011,Ieper,Normaal,Droog,Dag,met lichtgewonden,9,personenauto,3,Fiets,Op Kruispunt,Gewestweg,binnen bebouwde kom,Tss. 2 best.: langs opzij (voor-/achterkant-flank),Geen hindernis
32684,68,Ieper,Ieper,50.85032,2.85608,1.5050662690900798,50.843630226658284,2.8747159645774363,2022,6,16,33011,Ieper,Normaal,Droog,Dag,met lichtgewonden,9,personenauto,3,Fiets,Op Kruispunt,Gewestweg,binnen bebouwde kom,Tss. 2 best.: langs opzij (voor-/achterkant-flank),Geen hindernis
32688,41,Maasmechelen teller 1,Maasmechelen,50.97025,5.69799,1.1072134702698748,50.96062086134402,5.693963754239488,2022,6,16,73107,Maasmechelen,Normaal,Droog,Dag,met lichtgewonden,9,personenauto,3,Fiets,Op Kruispunt,Gemeenteweg,binnen bebouwde kom,Tss. 2 best.: langs opzij (voor-/achterkant-flank),Geen hindernis
32688,42,Maasmechelen teller 2,Maasmechelen,50.97043,5.6981,1.1285326679169148,50.96062086134402,5.693963754239488,2022,6,16,73107,Maasmechelen,Normaal,Droog,Dag,met lichtgewonden,9,personenauto,3,Fiets,Op Kruispunt,Gemeenteweg,binnen bebouwde kom,Tss. 2 best.: langs opzij (voor-/achterkant-flank),Geen hindernis
32689,41,Maasmechelen teller 1,Maasmechelen,50.97025,5.69799,1.015946023187066,50.961368469833246,5.701394174679754,2022,6,11,73107,Maasmechelen,Normaal,Droog,Dag,met lichtgewonden,3,Fiets,9,personenauto,Buiten Kruispunt,Gewestweg,binnen bebouwde kom,Tss. 2 best.: langs opzij (voor-/achterkant-flank),Geen hindernis
32689,42,Maasmechelen teller 2,Maasmechelen,50.97043,5.6981,1.0336664750025848,50.961368469833246,5.701394174679754,2022,6,11,73107,Maasmechelen,Normaal,Droog,Dag,met lichtgewonden,3,Fiets,9,personenauto,Buiten Kruispunt,Gewestweg,binnen bebouwde kom,Tss. 2 best.: langs opzij (voor-/achterkant-flank),Geen hindernis
32691,42,Maasmechelen teller 2,Maasmechelen,50.97043,5.6981,0.4760719404922412,50.97458598469299,5.699733734564522,2022,6,18,73107,Maasmechelen,Normaal,Proper,Dag,met lichtgewonden,3,Fiets,8,Voetganger,Buiten Kruispunt,Gewestweg,buiten bebouwde kom,Met een voetganger,Geen hindernis
32691,41,Maasmechelen teller 1,Maasmechelen,50.97025,5.69799,0.4973585252277123,50.97458598469299,5.699733734564522,2022,6,18,73107,Maasmechelen,Normaal,Proper,Dag,met lichtgewonden,3,Fiets,8,Voetganger,Buiten Kruispunt,Gewestweg,buiten bebouwde kom,Met een voetganger,Geen hindernis
32696,124,Beveren teller 2,Beveren,51.1964712,4.2361077,1.9457982917354293,51.21005835454805,4.253707637597168,2022,6,8,46003,Beveren,Normaal,Droog,Dag,met lichtgewonden,9,personenauto,3,Fiets,Op Kruispunt,Gemeenteweg,binnen bebouwde kom,Tss. 2 best.: langs opzij (voor-/achterkant-flank),Geen hindernis
32704,106,St. pieters leeuw teller 1,Sint-Pieters-Leeuw,50.75533,4.24951,1.447087974577566,50.76764869074194,4.256144782781976,2022,6,9,23077,Sint-Pieters-Leeuw,Normaal,Droog+Proper,Dag,met lichtgewonden,5,Lichte vrachtauto,3,Fiets,Buiten Kruispunt,Gewestweg,buiten bebouwde kom,Tss. 2 best.: langs opzij (voor-/achterkant-flank),Geen hindernis
32704,105,St. pieters leeuw teller 2,Halle,50.75509,4.24943,1.474167628966491,50.76764869074194,4.256144782781976,2022,6,9,23077,Sint-Pieters-Leeuw,Normaal,Droog+Proper,Dag,met lichtgewonden,5,Lichte vrachtauto,3,Fiets,Buiten Kruispunt,Gewestweg,buiten bebouwde kom,Tss. 2 best.: langs opzij (voor-/achterkant-flank),Geen hindernis
32707,99,Mechelen teller 1,Mechelen,51.04564,4.46882,2.2636776446403832,51.02991182246294,4.4893751667140736,2022,6,19,12025,Mechelen,Normaal,Droog,Dag,met lichtgewonden,3,Fiets,3,Fiets,Op Kruispunt,Gemeenteweg,binnen bebouwde kom,Tss. 2 best.: langs opzij (voor-/achterkant-flank),Geen hindernis
32707,100,Mechelen teller 2,Mechelen,51.0457,4.46883,2.2683926376736943,51.02991182246294,4.4893751667140736,2022,6,19,12025,Mechelen,Normaal,Droog,Dag,met lichtgewonden,3,Fiets,3,Fiets,Op Kruispunt,Gemeenteweg,binnen bebouwde kom,Tss. 2 best.: langs opzij (voor-/achterkant-flank),Geen hindernis
32708,99,Mechelen teller 1,Mechelen,51.04564,4.46882,1.8274526301664404,51.04007915603658,4.444222661151296,2022,6,10,12025,Mechelen,Normaal,Droog,Dag,met zwaargewonden,9,personenauto,3,Fiets,Op Kruispunt,Gewestweg,binnen bebouwde kom,Tss. 2 best.: langs opzij (voor-/achterkant-flank),Geen hindernis
32708,100,Mechelen teller 2,Mechelen,51.0457,4.46883,1.8303768805630858,51.04007915603658,4.444222661151296,2022,6,10,12025,Mechelen,Normaal,Droog,Dag,met zwaargewonden,9,personenauto,3,Fiets,Op Kruispunt,Gewestweg,binnen bebouwde kom,Tss. 2 best.: langs opzij (voor-/achterkant-flank),Geen hindernis
32710,99,Mechelen teller 1,Mechelen,51.04564,4.46882,2.224718020459192,51.026548598215044,4.478336735491442,2022,6,9,12025,Mechelen,Normaal,Droog,Dag,met lichtgewonden,3,Fiets,6,Bromfiets,Buiten Kruispunt,Gemeenteweg,binnen bebouwde kom,Tussen 2 bestuurders: Langs achteren,Geen hindernis
32710,100,Mechelen teller 2,Mechelen,51.0457,4.46883,2.230876590098889,51.026548598215044,4.478336735491442,2022,6,9,12025,Mechelen,Normaal,Droog,Dag,met lichtgewonden,3,Fiets,6,Bromfiets,Buiten Kruispunt,Gemeenteweg,binnen bebouwde kom,Tussen 2 bestuurders: Langs achteren,Geen hindernis
32711,109,Zemst,Zemst,50.9903936,4.4707023,2.4617703971486344,51.01090114938719,4.483957777900846,2022,6,7,12025,Mechelen,Normaal,Droog,Dag,met lichtgewonden,3,Fiets,8,Voetganger,Buiten Kruispunt,Gemeenteweg,binnen bebouwde kom,Met een voetganger,Geen hindernis
32714,99,Mechelen teller 1,Mechelen,51.04564,4.46882,2.261750408362946,51.02612668117277,4.477950099345195,2022,6,22,12025,Mechelen,Normaal,Droog,"Nacht, openbare verlichting aanwezig en ontstoken",met lichtgewonden,3,Fiets,11,een weggebruiker tegen een hindernis,Buiten Kruispunt,Gemeenteweg,binnen bebouwde kom,Weggebruiker tegen hindernis buiten rijbaan,Buiten de rijbaan: Andere paal
32714,100,Mechelen teller 2,Mechelen,51.0457,4.46883,2.2679547723345164,51.02612668117277,4.477950099345195,2022,6,22,12025,Mechelen,Normaal,Droog,"Nacht, openbare verlichting aanwezig en ontstoken",met lichtgewonden,3,Fiets,11,een weggebruiker tegen een hindernis,Buiten Kruispunt,Gemeenteweg,binnen bebouwde kom,Weggebruiker tegen hindernis buiten rijbaan,Buiten de rijbaan: Andere paal
32716,99,Mechelen teller 1,Mechelen,51.04564,4.46882,0.4582839277732638,51.04176833295125,4.471067366168536,2022,6,23,12025,Mechelen,Regenval,"Nat, plassen","Nacht, openb. verlicht. aanw., maar niet ontstoken",met lichtgewonden,3,Fiets,3,Fiets,Buiten Kruispunt,Gewestweg,binnen bebouwde kom,Tussen 2 bestuurders: Frontale botsing,Geen hindernis
32716,100,Mechelen teller 2,Mechelen,51.0457,4.46883,0.4643209049351657,51.04176833295125,4.471067366168536,2022,6,23,12025,Mechelen,Regenval,"Nat, plassen","Nacht, openb. verlicht. aanw., maar niet ontstoken",met lichtgewonden,3,Fiets,3,Fiets,Buiten Kruispunt,Gewestweg,binnen bebouwde kom,Tussen 2 bestuurders: Frontale botsing,Geen hindernis
32718,99,Mechelen teller 1,Mechelen,51.04564,4.46882,2.2458029195856635,51.02775853342933,4.48375262971904,2022,6,8,12025,Mechelen,Normaal,Droog,Dag,met lichtgewonden,3,Fiets,3,Fiets,Op Kruispunt,Gemeenteweg,binnen bebouwde kom,Tss. 2 best.: langs opzij (voor-/achterkant-flank),Geen hindernis
32718,100,Mechelen teller 2,Mechelen,51.0457,4.46883,2.251387406559516,51.02775853342933,4.48375262971904,2022,6,8,12025,Mechelen,Normaal,Droog,Dag,met lichtgewonden,3,Fiets,3,Fiets,Op Kruispunt,Gemeenteweg,binnen bebouwde kom,Tss. 2 best.: langs opzij (voor-/achterkant-flank),Geen hindernis
32719,99,Mechelen teller 1,Mechelen,51.04564,4.46882,1.853280858342823,51.040525649662165,4.443590206699248,2022,6,19,12025,Mechelen,Normaal,Droog,Dag,met lichtgewonden,3,Fiets,5,Lichte vrachtauto,Op Kruispunt,Gewestweg,binnen bebouwde kom,Tss. 2 best.: langs opzij (voor-/achterkant-flank),Geen hindernis
32719,100,Mechelen teller 2,Mechelen,51.0457,4.46883,1.8560025542573526,51.040525649662165,4.443590206699248,2022,6,19,12025,Mechelen,Normaal,Droog,Dag,met lichtgewonden,3,Fiets,5,Lichte vrachtauto,Op Kruispunt,Gewestweg,binnen bebouwde kom,Tss. 2 best.: langs opzij (voor-/achterkant-flank),Geen hindernis
32721,137,Hasselt-Kempische brug,Hasselt,50.9411605,5.3417576,2.047716363458194,50.952829445763626,5.364370003922729,2022,6,16,71022,Hasselt,Normaal,Droog,Dag,met lichtgewonden,9,personenauto,3,Fiets,Op Kruispunt,Gemeenteweg,buiten bebouwde kom,Tss. 2 best.: langs opzij (voor-/achterkant-flank),Geen hindernis
32721,138,Hasselt-Kempische brug,Hasselt,50.9405318,5.3422472,2.0668770789816753,50.952829445763626,5.364370003922729,2022,6,16,71022,Hasselt,Normaal,Droog,Dag,met lichtgewonden,9,personenauto,3,Fiets,Op Kruispunt,Gemeenteweg,buiten bebouwde kom,Tss. 2 best.: langs opzij (voor-/achterkant-flank),Geen hindernis