crash_row_id,site_id,site_name,site_gemeente,site_lat,site_long,distance_km,crash_lat,crash_long,DT_YEAR_COLLISION,DT_MONTH_COLLISION,DT_TIME,CD_NIS,TX_MUNTY_COLLISION_NL,TX_WEATHER_NL,TX_ROAD_CONDITION_NL,TX_LIGHT_CONDITION_NL,TX_CLASS_ACCIDENTS_NL,CD_ROAD_USR_TYPE1,TX_ROAD_USR_TYPE1_NL,CD_ROAD_USR_TYPE2,TX_ROAD_USR_TYPE2_NL,TX_CROSSWAY_NL,CD_ROAD_TYPE_NL,TX_BUILD_UP_AREA_NL,TX_COLLISION_TYPE_NL,TX_OBSTACLES_NL
32723,140,Hasselt ring,Hasselt,50.9300038,5.3438616,1.666047866301711,50.92779972544823,5.320348196852534,2022,5,13,71022,Hasselt,Normaal,Onbekend,Dag,met lichtgewonden,9,personenauto,3,Fiets,Buiten Kruispunt,Gemeenteweg,binnen bebouwde kom,Tussen 2 bestuurders: Langs achteren,Geen hindernis
32723,138,Hasselt-Kempische brug,Hasselt,50.9405318,5.3422472,2.087902861942021,50.92779972544823,5.320348196852534,2022,5,13,71022,Hasselt,Normaal,Onbekend,Dag,met lichtgewonden,9,personenauto,3,Fiets,Buiten Kruispunt,Gemeenteweg,binnen bebouwde kom,Tussen 2 bestuurders: Langs achteren,Geen hindernis
32723,137,Hasselt-Kempische brug,Hasselt,50.9411605,5.3417576,2.1114008242266262,50.92779972544823,5.320348196852534,2022,5,13,71022,Hasselt,Normaal,Onbekend,Dag,met lichtgewonden,9,personenauto,3,Fiets,Buiten Kruispunt,Gemeenteweg,binnen bebouwde kom,Tussen 2 bestuurders: Langs achteren,Geen hindernis
32724,138,Hasselt-Kempische brug,Hasselt,50.9405318,5.3422472,0.5752258599591791,50.93849441961098,5.349793192407511,2022,6,13,71022,Hasselt,Normaal,Droog,Dag,met lichtgewonden,3,Fiets,9,personenauto,Op Kruispunt,Gewestweg,buiten bebouwde kom,Tss. 2 best.: langs opzij (voor-/achterkant-flank),Geen hindernis
32724,137,Hasselt-Kempische brug,Hasselt,50.9411605,5.3417576,0.6363148161096298,50.93849441961098,5.349793192407511,2022,6,13,71022,Hasselt,Normaal,Droog,Dag,met lichtgewonden,3,Fiets,9,personenauto,Op Kruispunt,Gewestweg,buiten bebouwde kom,Tss. 2 best.: langs opzij (voor-/achterkant-flank),Geen hindernis
32724,140,Hasselt ring,Hasselt,50.9300038,5.3438616,1.0315656971758227,50.93849441961098,5.349793192407511,2022,6,13,71022,Hasselt,Normaal,Droog,Dag,met lichtgewonden,3,Fiets,9,personenauto,Op Kruispunt,Gewestweg,buiten bebouwde kom,Tss. 2 best.: langs opzij (voor-/achterkant-flank),Geen hindernis
32725,137,Hasselt-Kempische brug,Hasselt,50.9411605,5.3417576,1.5932837311195727,50.935009714071576,5.321220848138352,2022,6,14,71022,Hasselt,Normaal,Droog,Dag,met lichtgewonden,5,Lichte vrachtauto,3,Fiets,Op Kruispunt,Gewestweg,binnen bebouwde kom,Tussen 2 bestuurders: Frontale botsing,Geen hindernis
32725,138,Hasselt-Kempische brug,Hasselt,50.9405318,5.3422472,1.5961693854982006,50.935009714071576,5.321220848138352,2022,6,14,71022,Hasselt,Normaal,Droog,Dag,met lichtgewonden,5,Lichte vrachtauto,3,Fiets,Op Kruispunt,Gewestweg,binnen bebouwde kom,Tussen 2 bestuurders: Frontale botsing,Geen hindernis
32725,140,Hasselt ring,Hasselt,50.9300038,5.3438616,1.6814483372746831,50.935009714071576,5.321220848138352,2022,6,14,71022,Hasselt,Normaal,Droog,Dag,met lichtgewonden,5,Lichte vrachtauto,3,Fiets,Op Kruispunt,Gewestweg,binnen bebouwde kom,Tussen 2 bestuurders: Frontale botsing,Geen hindernis
32726,137,Hasselt-Kempische brug,Hasselt,50.9411605,5.3417576,2.463010529237178,50.94652759343167,5.307650405955282,2022,6,16,71022,Hasselt,Onbekend,Onbekend,Dag,met lichtgewonden,3,Fiets,3,Fiets,Buiten Kruispunt,Gemeenteweg,binnen bebouwde kom,Tss. 2 best.: langs opzij (voor-/achterkant-flank),Geen hindernis
32728,140,Hasselt ring,Hasselt,50.9300038,5.3438616,1.301556500770577,50.918300242465726,5.343552542998912,2022,6,7,71022,Hasselt,Normaal,Droog,Dag,met lichtgewonden,9,personenauto,3,Fiets,Op Kruispunt,Gemeenteweg,buiten bebouwde kom,Tussen 2 bestuurders: Langs achteren,Geen hindernis
32728,138,Hasselt-Kempische brug,Hasselt,50.9405318,5.3422472,2.4737285989433344,50.918300242465726,5.343552542998912,2022,6,7,71022,Hasselt,Normaal,Droog,Dag,met lichtgewonden,9,personenauto,3,Fiets,Op Kruispunt,Gemeenteweg,buiten bebouwde kom,Tussen 2 bestuurders: Langs achteren,Geen hindernis
32730,140,Hasselt ring,Hasselt,50.9300038,5.3438616,1.1734335855358153,50.91945205662673,5.3441138978573495,2022,6,8,71022,Hasselt,Normaal,Droog,Dag,met lichtgewonden,9,personenauto,3,Fiets,Op Kruispunt,Gewestweg,binnen bebouwde kom,Tss. 2 best.: langs opzij (voor-/achterkant-flank),Geen hindernis
32730,138,Hasselt-Kempische brug,Hasselt,50.9405318,5.3422472,2.3476084980047447,50.91945205662673,5.3441138978573495,2022,6,8,71022,Hasselt,Normaal,Droog,Dag,met lichtgewonden,9,personenauto,3,Fiets,Op Kruispunt,Gewestweg,binnen bebouwde kom,Tss. 2 best.: langs opzij (voor-/achterkant-flank),Geen hindernis
32730,137,Hasselt-Kempische brug,Hasselt,50.9411605,5.3417576,2.419510677827565,50.91945205662673,5.3441138978573495,2022,6,8,71022,Hasselt,Normaal,Droog,Dag,met lichtgewonden,9,personenauto,3,Fiets,Op Kruispunt,Gewestweg,binnen bebouwde kom,Tss. 2 best.: langs opzij (voor-/achterkant-flank),Geen hindernis
32732,49,Bokrijk,Genk,50.95264,5.41001,1.4748079057504717,50.94609263341902,5.42831863415041,2022,6,11,71011,Diepenbeek,Normaal,Droog,Dag,met lichtgewonden,9,personenauto,3,Fiets,Op Kruispunt,Gemeenteweg,buiten bebouwde kom,Tss. 2 best.: langs opzij (voor-/achterkant-flank),Geen hindernis
32733,137,Hasselt-Kempische brug,Hasselt,50.9411605,5.3417576,0.555224675307227,50.94359487558982,5.348676538913572,2022,6,10,71022,Hasselt,Normaal,Droog,Dag,met lichtgewonden,9,personenauto,3,Fiets,Buiten Kruispunt,Gewestweg,buiten bebouwde kom,Tss. 2 best.: langs opzij (voor-/achterkant-flank),Geen hindernis
32733,138,Hasselt-Kempische brug,Hasselt,50.9405318,5.3422472,0.5647384996728564,50.94359487558982,5.348676538913572,2022,6,10,71022,Hasselt,Normaal,Droog,Dag,met lichtgewonden,9,personenauto,3,Fiets,Buiten Kruispunt,Gewestweg,buiten bebouwde kom,Tss. 2 best.: langs opzij (voor-/achterkant-flank),Geen hindernis
32733,140,Hasselt ring,Hasselt,50.9300038,5.3438616,1.5484631125638324,50.94359487558982,5.348676538913572,2022,6,10,71022,Hasselt,Normaal,Droog,Dag,met lichtgewonden,9,personenauto,3,Fiets,Buiten Kruispunt,Gewestweg,buiten bebouwde kom,Tss. 2 best.: langs opzij (voor-/achterkant-flank),Geen hindernis
32735,138,Hasselt-Kempische brug,Hasselt,50.9405318,5.3422472,1.001454224161176,50.93500902647094,5.3309577073938685,2022,6,8,71022,Hasselt,Normaal,Droog,Dag,met lichtgewonden,9,personenauto,3,Fiets,Buiten Kruispunt,Gemeenteweg,binnen bebouwde kom,Tussen 2 bestuurders: Frontale botsing,Geen hindernis
32735,137,Hasselt-Kempische brug,Hasselt,50.9411605,5.3417576,1.0200739986197653,50.93500902647094,5.3309577073938685,2022,6,8,71022,Hasselt,Normaal,Droog,Dag,met lichtgewonden,9,personenauto,3,Fiets,Buiten Kruispunt,Gemeenteweg,binnen bebouwde kom,Tussen 2 bestuurders: Frontale botsing,Geen hindernis
32735,140,Hasselt ring,Hasselt,50.9300038,5.3438616,1.0618369603253468,50.93500902647094,5.3309577073938685,2022,6,8,71022,Hasselt,Normaal,Droog,Dag,met lichtgewonden,9,personenauto,3,Fiets,Buiten Kruispunt,Gemeenteweg,binnen bebouwde kom,Tussen 2 bestuurders: Frontale botsing,Geen hindernis
32736,140,Hasselt ring,Hasselt,50.9300038,5.3438616,1.350900275184996,50.92132756899073,5.330370055607658,2022,6,14,71022,Hasselt,Regenval,"Nat, plassen",Dag,dodelijk gewonden,9,personenauto,3,Fiets,Buiten Kruispunt,Gewestweg,binnen bebouwde kom,Tussen 2 bestuurders: Flank tegen flank,Geen hindernis
32736,138,Hasselt-Kempische brug,Hasselt,50.9405318,5.3422472,2.2919037310900072,50.92132756899073,5.330370055607658,2022,6,14,71022,Hasselt,Regenval,"Nat, plassen",Dag,dodelijk gewonden,9,personenauto,3,Fiets,Buiten Kruispunt,Gewestweg,binnen bebouwde kom,Tussen 2 bestuurders: Flank tegen flank,Geen hindernis
32736,137,Hasselt-Kempische brug,Hasselt,50.9411605,5.3417576,2.345277066510599,50.92132756899073,5.330370055607658,2022,6,14,71022,Hasselt,Regenval,"Nat, plassen",Dag,dodelijk gewonden,9,personenauto,3,Fiets,Buiten Kruispunt,Gewestweg,binnen bebouwde kom,Tussen 2 bestuurders: Flank tegen flank,Geen hindernis
32739,140,Hasselt ring,Hasselt,50.9300038,5.3438616,0.5466948744012834,50.934089612444964,5.339522479839735,2022,6,18,71022,Hasselt,Normaal,Droog,Dag,met lichtgewonden,6,Bromfiets,3,Fiets,Op Kruispunt,Gewestweg,binnen bebouwde kom,Tussen 2 bestuurders: Frontale botsing,Geen hindernis
32739,138,Hasselt-Kempische brug,Hasselt,50.9405318,5.3422472,0.7413458337753798,50.934089612444964,5.339522479839735,2022,6,18,71022,Hasselt,Normaal,Droog,Dag,met lichtgewonden,6,Bromfiets,3,Fiets,Op Kruispunt,Gewestweg,binnen bebouwde kom,Tussen 2 bestuurders: Frontale botsing,Geen hindernis
32739,137,Hasselt-Kempische brug,Hasselt,50.9411605,5.3417576,0.8016939390571317,50.934089612444964,5.339522479839735,2022,6,18,71022,Hasselt,Normaal,Droog,Dag,met lichtgewonden,6,Bromfiets,3,Fiets,Op Kruispunt,Gewestweg,binnen bebouwde kom,Tussen 2 bestuurders: Frontale botsing,Geen hindernis
32741,14,Genk,Genk,50.97172,5.48927,0.8477118342516566,50.96440622937023,5.492686391469865,2022,6,10,71016,Genk,Normaal,Droog,Dag,met lichtgewonden,9,personenauto,3,Fiets,Buiten Kruispunt,Gemeenteweg,binnen bebouwde kom,Tss. 2 best.: langs opzij (voor-/achterkant-flank),Geen hindernis
32744,76,Heverlee teller 2,Leuven,50.84606,4.69597,2.4932135248208365,50.83747313552805,4.663169076405407,2022,6,7,24086,Oud-Heverlee,Normaal,Droog,Dag,met lichtgewonden,9,personenauto,3,Fiets,Op Kruispunt,Gemeenteweg,binnen bebouwde kom,Tussen 2 bestuurders: Frontale botsing,Geen hindernis
32747,14,Genk,Genk,50.97172,5.48927,1.102155499823061,50.963553161956355,5.498189037646187,2022,6,17,71016,Genk,Normaal,Droog,Dag,met lichtgewonden,3,Fiets,9,personenauto,Op Kruispunt,Gewestweg,binnen bebouwde kom,Tss. 2 best.: langs opzij (voor-/achterkant-flank),Geen hindernis
32748,14,Genk,Genk,50.97172,5.48927,2.3560759553354704,50.98889582096456,5.508977742421501,2022,6,12,71016,Genk,Normaal,Droog,Dag,met lichtgewonden,3,Fiets,10,"één bestuurder, geen hindernis",Buiten Kruispunt,Gemeenteweg,buiten bebouwde kom,"Eén bestuurder, geen hindernis (incl. val)",Geen hindernis
32749,14,Genk,Genk,50.97172,5.48927,1.7812421549990307,50.973891522724855,5.51447486253969,2022,6,12,71016,Genk,Normaal,Droog,Dag,met lichtgewonden,3,Fiets,10,"één bestuurder, geen hindernis",Buiten Kruispunt,Gemeenteweg,binnen bebouwde kom,"Eén bestuurder, geen hindernis (incl. val)",Geen hindernis
32751,25,Bree,Bree,51.13679500160176,5.597669323604317,0.9596118524102761,51.14481268482885,5.602758098792334,2022,6,10,72004,Bree,Normaal,Droog,Dag,met lichtgewonden,5,Lichte vrachtauto,3,Fiets,Buiten Kruispunt,Gewestweg,binnen bebouwde kom,Tss. 2 best.: langs opzij (voor-/achterkant-flank),Geen hindernis
32752,14,Genk,Genk,50.97172,5.48927,0.791998774883915,50.97051057276364,5.5004166560376175,2022,6,16,71016,Genk,Normaal,Droog,Dag,met lichtgewonden,9,personenauto,3,Fiets,Op Kruispunt,Gemeenteweg,binnen bebouwde kom,Tussen 2 bestuurders: Flank tegen flank,Geen hindernis
32753,139,Houthalen-Helchteren,Houthalen-Helchteren,51.0644267,5.3819796,1.4246509664668736,51.05673252357904,5.365679467217441,2022,6,18,72039,Houthalen-Helchteren,Normaal,Droog,Dag,met lichtgewonden,3,Fiets,3,Fiets,Buiten Kruispunt,Gemeenteweg,buiten bebouwde kom,Tss. 2 best.: langs opzij (voor-/achterkant-flank),Geen hindernis
32754,25,Bree,Bree,51.13679500160176,5.597669323604317,0.6426326247287936,51.14257260284636,5.597443778166792,2022,6,10,72004,Bree,Normaal,Droog,Dag,met lichtgewonden,3,Fiets,5,Lichte vrachtauto,Op Kruispunt,Gewestweg,binnen bebouwde kom,Tss. 2 best.: langs opzij (voor-/achterkant-flank),Geen hindernis
32755,48,As,As,51.00509,5.60389,0.09461223862179018,51.00584936973321,5.603279997528397,2022,6,15,71002,As,Normaal,Droog,Dag,met lichtgewonden,9,personenauto,3,Fiets,Op Kruispunt,Gewestweg,buiten bebouwde kom,Tss. 2 best.: langs opzij (voor-/achterkant-flank),Geen hindernis
32756,14,Genk,Genk,50.97172,5.48927,0.9152939126554366,50.96420963023845,5.483920128669696,2022,6,8,71016,Genk,Normaal,Droog,Dag,met lichtgewonden,9,personenauto,3,Fiets,Op Kruispunt,Gewestweg,binnen bebouwde kom,Tss. 2 best.: langs opzij (voor-/achterkant-flank),Geen hindernis
32759,14,Genk,Genk,50.97172,5.48927,1.8310580704585715,50.962967975100305,5.467120811334044,2022,6,17,71016,Genk,Normaal,Droog,Dag,met lichtgewonden,9,personenauto,3,Fiets,Op Kruispunt,Gewestweg,buiten bebouwde kom,Tss. 2 best.: langs opzij (voor-/achterkant-flank),Geen hindernis
32761,48,As,As,51.00509,5.60389,2.021027549267442,51.01579386793394,5.580543116880771,2022,6,8,71002,As,Normaal,Droog,Dag,met lichtgewonden,3,Fiets,10,"één bestuurder, geen hindernis",Buiten Kruispunt,Gewestweg,buiten bebouwde kom,"Eén bestuurder, geen hindernis (incl. val)",Geen hindernis
32762,14,Genk,Genk,50.97172,5.48927,1.2705045872685012,50.96313402653383,5.5012407910801135,2022,6,8,71016,Genk,Normaal,Droog,Dag,met lichtgewonden,9,personenauto,3,Fiets,Buiten Kruispunt,Gewestweg,buiten bebouwde kom,Tss. 2 best.: langs opzij (voor-/achterkant-flank),Geen hindernis
32763,14,Genk,Genk,50.97172,5.48927,2.3683394327441967,50.975845749963426,5.522454651088005,2022,6,16,71016,Genk,Normaal,Droog,Dag,met lichtgewonden,9,personenauto,3,Fiets,Buiten Kruispunt,Gewestweg,buiten bebouwde kom,Tussen 2 bestuurders: Frontale botsing,Geen hindernis
32765,25,Bree,Bree,51.13679500160176,5.597669323604317,1.1979459062407718,51.13373533435702,5.614131540899876,2022,6,16,72004,Bree,Normaal,Droog,Dag,met lichtgewonden,9,personenauto,3,Fiets,Buiten Kruispunt,Gewestweg,buiten bebouwde kom,Tss. 2 best.: langs opzij (voor-/achterkant-flank),Geen hindernis
32766,14,Genk,Genk,50.97172,5.48927,1.544193848423499,50.9807127269902,5.5060769794223985,2022,6,10,71016,Genk,Normaal,Droog,Dag,met lichtgewonden,3,Fiets,6,Bromfiets,Buiten Kruispunt,Gemeenteweg,buiten bebouwde kom,Tussen 2 bestuurders: Frontale botsing,Geen hindernis
32768,14,Genk,Genk,50.97172,5.48927,1.1703071277372639,50.96358509796564,5.499874010989051,2022,6,11,71016,Genk,Normaal,Droog,Dag,met lichtgewonden,9,personenauto,3,Fiets,Op Kruispunt,Gewestweg,binnen bebouwde kom,Tss. 2 best.: langs opzij (voor-/achterkant-flank),Geen hindernis
32771,49,Bokrijk,Genk,50.95264,5.41001,1.2512069010638327,50.96367552828821,5.406519827868047,2022,6,18,71016,Genk,Normaal,Droog,Dag,met lichtgewonden,3,Fiets,10,"één bestuurder, geen hindernis",Buiten Kruispunt,Gewestweg,buiten bebouwde kom,"Eén bestuurder, geen hindernis (incl. val)",Geen hindernis
32772,14,Genk,Genk,50.97172,5.48927,1.795979187600777,50.97909272080479,5.512093232738631,2022,6,8,71016,Genk,Normaal,Droog,Dag,met lichtgewonden,9,personenauto,3,Fiets,Op Kruispunt,Gemeenteweg,buiten bebouwde kom,Tss. 2 best.: langs opzij (voor-/achterkant-flank),Geen hindernis
32774,139,Houthalen-Helchteren,Houthalen-Helchteren,51.0644267,5.3819796,0.9284430084852299,51.05620203462984,5.384269977068289,2022,5,18,72039,Houthalen-Helchteren,Normaal,Droog,Dag,met lichtgewonden,3,Fiets,10,"één bestuurder, geen hindernis",Buiten Kruispunt,Gewestweg,binnen bebouwde kom,"Eén bestuurder, geen hindernis (incl. val)",Geen hindernis
32775,23,Tienen 3,Tienen,50.81324,4.93447,1.7400233493423534,50.80825938107453,4.910993182107424,2022,6,15,24107,Tienen,Regenval,"Nat, plassen",Dag,met lichtgewonden,3,Fiets,10,"één bestuurder, geen hindernis",Buiten Kruispunt,Gewestweg,buiten bebouwde kom,"Eén bestuurder, geen hindernis (incl. val)",Geen hindernis
32775,24,Tienen 1,Tienen,50.8133795491886,4.935044252605416,1.7832107996356565,50.80825938107453,4.910993182107424,2022,6,15,24107,Tienen,Regenval,"Nat, plassen",Dag,met lichtgewonden,3,Fiets,10,"één bestuurder, geen hindernis",Buiten Kruispunt,Gewestweg,buiten bebouwde kom,"Eén bestuurder, geen hindernis (incl. val)",Geen hindernis
32775,22,Tienen 2,Tienen,50.81330800184882,4.935984252796022,1.8434839913296797,50.80825938107453,4.910993182107424,2022,6,15,24107,Tienen,Regenval,"Nat, plassen",Dag,met lichtgewonden,3,Fiets,10,"één bestuurder, geen hindernis",Buiten Kruispunt,Gewestweg,buiten bebouwde kom,"Eén bestuurder, geen hindernis (incl. val)",Geen hindernis
32787,131,Nevele,Deinze,51.0276612,3.558569,0.5851726280920826,51.03246307431335,3.5551451198527615,2022,6,7,44083,Deinze,Normaal,Droog,Dag,met lichtgewonden,9,personenauto,3,Fiets,Buiten Kruispunt,Gemeenteweg,binnen bebouwde kom,Tss. 2 best.: langs opzij (voor-/achterkant-flank),Geen hindernis
32791,113,Deinze teller 2,Deinze,50.96018,3.55578,2.0208272818525463,50.97380329586387,3.5366797334279907,2022,6,7,44083,Deinze,Normaal,Droog,Dag,met lichtgewonden,4,Vrachtwagen,3,Fiets,Op Kruispunt,Gewestweg,binnen bebouwde kom,Tussen 2 bestuurders: Flank tegen flank,Geen hindernis
32791,114,Deinze teller 1,Nazareth,50.9598305,3.555502,2.0374763226820165,50.97380329586387,3.5366797334279907,2022,6,7,44083,Deinze,Normaal,Droog,Dag,met lichtgewonden,4,Vrachtwagen,3,Fiets,Op Kruispunt,Gewestweg,binnen bebouwde kom,Tussen 2 bestuurders: Flank tegen flank,Geen hindernis
32793,12,Tervuren,Kraainem,50.81896,4.47803,2.1994253089448597,50.8007642604012,4.46575539300601,2022,7,8,24104,Tervuren,Normaal,"Vuil (zand, grint, bladeren,...)",Dag,met lichtgewonden,3,Fiets,10,"één bestuurder, geen hindernis",Buiten Kruispunt,Autosnelweg,buiten bebouwde kom,"Eén bestuurder, geen hindernis (incl. val)",Geen hindernis
32793,146,Overijse 2,District Vilvoorde-gewestwegen,50.7881478,4.4902818,2.2225797334747197,50.8007642604012,4.46575539300601,2022,7,8,24104,Tervuren,Normaal,"Vuil (zand, grint, bladeren,...)",Dag,met lichtgewonden,3,Fiets,10,"één bestuurder, geen hindernis",Buiten Kruispunt,Autosnelweg,buiten bebouwde kom,"Eén bestuurder, geen hindernis (incl. val)",Geen hindernis
32793,145,Overijse,District Vilvoorde-gewestwegen,50.7885856,4.4908759,2.2251576163845774,50.8007642604012,4.46575539300601,2022,7,8,24104,Tervuren,Normaal,"Vuil (zand, grint, bladeren,...)",Dag,met lichtgewonden,3,Fiets,10,"één bestuurder, geen hindernis",Buiten Kruispunt,Autosnelweg,buiten bebouwde kom,"Eén bestuurder, geen hindernis (incl. val)",Geen hindernis
32891,3,Brasschaat 1,Brasschaat,51.27503,4.47222,1.9208031672428014,51.28877727379096,4.488942819585882,2022,7,16,11008,Brasschaat,Normaal,Droog,Dag,met lichtgewonden,5,Lichte vrachtauto,3,Fiets,Op Kruispunt,Gewestweg,binnen bebouwde kom,Tss. 2 best.: langs opzij (voor-/achterkant-flank),Geen hindernis
32891,2,Brasschaat 2,Brasschaat,51.27512,4.47169,1.9354827594219997,51.28877727379096,4.488942819585882,2022,7,16,11008,Brasschaat,Normaal,Droog,Dag,met lichtgewonden,5,Lichte vrachtauto,3,Fiets,Op Kruispunt,Gewestweg,binnen bebouwde kom,Tss. 2 best.: langs opzij (voor-/achterkant-flank),Geen hindernis
32893,2,Brasschaat 2,Brasschaat,51.27512,4.47169,1.464079124958883,51.2629463672127,4.463671886176569,2022,7,11,11040,Schoten,Normaal,Droog,Dag,met lichtgewonden,9,personenauto,3,Fiets,Buiten Kruispunt,Gewestweg,buiten bebouwde kom,Tss. 2 best.: langs opzij (voor-/achterkant-flank),Geen hindernis
32893,3,Brasschaat 1,Brasschaat,51.27503,4.47222,1.4693643504525682,51.2629463672127,4.463671886176569,2022,7,11,11040,Schoten,Normaal,Droog,Dag,met lichtgewonden,9,personenauto,3,Fiets,Buiten Kruispunt,Gewestweg,buiten bebouwde kom,Tss. 2 best.: langs opzij (voor-/achterkant-flank),Geen hindernis
32897,2,Brasschaat 2,Brasschaat,51.27512,4.47169,0.8454585918612016,51.268950446670594,4.464586858378577,2022,7,18,11040,Schoten,Normaal,Droog,Dag,met zwaargewonden,9,personenauto,3,Fiets,Op Kruispunt,Gewestweg,buiten bebouwde kom,Tss. 2 best.: langs opzij (voor-/achterkant-flank),Geen hindernis
32897,3,Brasschaat 1,Brasschaat,51.27503,4.47222,0.8596320981797568,51.268950446670594,4.464586858378577,2022,7,18,11040,Schoten,Normaal,Droog,Dag,met zwaargewonden,9,personenauto,3,Fiets,Op Kruispunt,Gewestweg,buiten bebouwde kom,Tss. 2 best.: langs opzij (voor-/achterkant-flank),Geen hindernis
32909,104,Malle teller 2,Malle,51.31682,4.73852,1.3043358690979423,51.30513867456429,4.736809208485536,2022,7,22,11057,Malle,Normaal,Droog,Dageraad - schemering,met lichtgewonden,3,Fiets,11,een weggebruiker tegen een hindernis,Op Kruispunt,Gewestweg,binnen bebouwde kom,Weggebruiker tegen hindernis op de rijbaan,"Op de rijbaan: Werken (signal., aarde, toestel,…)"
32909,103,Malle teller 1,Malle,51.31681,4.73872,1.3045704357855958,51.30513867456429,4.736809208485536,2022,7,22,11057,Malle,Normaal,Droog,Dageraad - schemering,met lichtgewonden,3,Fiets,11,een weggebruiker tegen een hindernis,Op Kruispunt,Gewestweg,binnen bebouwde kom,Weggebruiker tegen hindernis op de rijbaan,"Op de rijbaan: Werken (signal., aarde, toestel,…)"
32914,8,Heist op den Berg 1,Heist-op-den-Berg,51.06759,4.68823,1.1357286076178934,51.060207668951925,4.676998282043809,2022,7,14,12029,Putte,Normaal,Droog,Dag,met lichtgewonden,9,personenauto,3,Fiets,Buiten Kruispunt,Gemeenteweg,buiten bebouwde kom,Tss. 2 best.: langs opzij (voor-/achterkant-flank),Geen hindernis
32914,9,Heist op den Berg 2,Heist-op-den-Berg,51.06904,4.69524,1.6091823099854061,51.060207668951925,4.676998282043809,2022,7,14,12029,Putte,Normaal,Droog,Dag,met lichtgewonden,9,personenauto,3,Fiets,Buiten Kruispunt,Gemeenteweg,buiten bebouwde kom,Tss. 2 best.: langs opzij (voor-/achterkant-flank),Geen hindernis
32922,96,Lier teller 2,Lier,51.11705,4.58444,2.479859663342915,51.135556068207734,4.564609213259997,2022,7,23,12021,Lier,Normaal,Droog,"Nacht, geen openbare verlichting aanwezig",met lichtgewonden,3,Fiets,11,een weggebruiker tegen een hindernis,Buiten Kruispunt,Gemeenteweg,binnen bebouwde kom,Weggebruiker tegen hindernis buiten rijbaan,Andere hindernis
32922,95,Lier teller 1,Lier,51.11687,4.58437,2.493789899715459,51.135556068207734,4.564609213259997,2022,7,23,12021,Lier,Normaal,Droog,"Nacht, geen openbare verlichting aanwezig",met lichtgewonden,3,Fiets,11,een weggebruiker tegen een hindernis,Buiten Kruispunt,Gemeenteweg,binnen bebouwde kom,Weggebruiker tegen hindernis buiten rijbaan,Andere hindernis
32930,92,Nijlen teller 1,Nijlen,51.14989,4.64479,2.220656131595741,51.150041885581835,4.676626072051308,2022,7,14,12026,Nijlen,Normaal,Droog,Dag,met lichtgewonden,9,personenauto,3,Fiets,Op Kruispunt,Gemeenteweg,buiten bebouwde kom,Tussen 2 bestuurders: Frontale botsing,Geen hindernis
32930,93,Nijlen teller 2,Nijlen,51.14998,4.64469,2.2275754454825636,51.150041885581835,4.676626072051308,2022,7,14,12026,Nijlen,Normaal,Droog,Dag,met lichtgewonden,9,personenauto,3,Fiets,Op Kruispunt,Gemeenteweg,buiten bebouwde kom,Tussen 2 bestuurders: Frontale botsing,Geen hindernis
32935,103,Malle teller 1,Malle,51.31681,4.73872,1.6650766312721996,51.33088450949786,4.746901545701127,2022,7,14,13037,Rijkevorsel,Normaal,Droog,Dag,met zwaargewonden,9,personenauto,3,Fiets,Op Kruispunt,Gewestweg,buiten bebouwde kom,Tss. 2 best.: langs opzij (voor-/achterkant-flank),Geen hindernis
32935,104,Malle teller 2,Malle,51.31682,4.73852,1.6688307351650187,51.33088450949786,4.746901545701127,2022,7,14,13037,Rijkevorsel,Normaal,Droog,Dag,met zwaargewonden,9,personenauto,3,Fiets,Op Kruispunt,Gewestweg,buiten bebouwde kom,Tss. 2 best.: langs opzij (voor-/achterkant-flank),Geen hindernis
32950,133,Gierde Lille Totem,Lille,51.2453915,4.8297416,1.7198055861460744,51.25431031416161,4.80955380188798,2022,7,8,13019,Lille,Normaal,Droog,Dag,met lichtgewonden,5,Lichte vrachtauto,3,Fiets,Buiten Kruispunt,Gewestweg,buiten bebouwde kom,Tussen 2 bestuurders: Flank tegen flank,Geen hindernis
32950,132,Gierde lille,Lille,51.245445,4.8298851,1.7245669022012309,51.25431031416161,4.80955380188798,2022,7,8,13019,Lille,Normaal,Droog,Dag,met lichtgewonden,5,Lichte vrachtauto,3,Fiets,Buiten Kruispunt,Gewestweg,buiten bebouwde kom,Tussen 2 bestuurders: Flank tegen flank,Geen hindernis
32951,133,Gierde Lille Totem,Lille,51.2453915,4.8297416,0.5832012649837063,51.2426594741041,4.82258971748264,2022,7,10,13019,Lille,Normaal,Droog,Dag,met lichtgewonden,9,personenauto,3,Fiets,Buiten Kruispunt,Gewestweg,binnen bebouwde kom,Tss. 2 best.: langs opzij (voor-/achterkant-flank),Geen hindernis
32951,132,Gierde lille,Lille,51.245445,4.8298851,0.5948264637558276,51.2426594741041,4.82258971748264,2022,7,10,13019,Lille,Normaal,Droog,Dag,met lichtgewonden,9,personenauto,3,Fiets,Buiten Kruispunt,Gewestweg,binnen bebouwde kom,Tss. 2 best.: langs opzij (voor-/achterkant-flank),Geen hindernis
32953,112,Geel teller 2,Westerlo,51.1354992,4.9394789,1.4665571848664003,51.13441985416901,4.918530571551952,2022,7,21,13049,Westerlo,Normaal,Droog,Dag,met lichtgewonden,9,personenauto,3,Fiets,Op Kruispunt,Gemeenteweg,binnen bebouwde kom,Tss. 2 best.: langs opzij (voor-/achterkant-flank),Geen hindernis