crash_row_id,site_id,site_name,site_gemeente,site_lat,site_long,distance_km,crash_lat,crash_long,DT_YEAR_COLLISION,DT_MONTH_COLLISION,DT_TIME,CD_NIS,TX_MUNTY_COLLISION_NL,TX_WEATHER_NL,TX_ROAD_CONDITION_NL,TX_LIGHT_CONDITION_NL,TX_CLASS_ACCIDENTS_NL,CD_ROAD_USR_TYPE1,TX_ROAD_USR_TYPE1_NL,CD_ROAD_USR_TYPE2,TX_ROAD_USR_TYPE2_NL,TX_CROSSWAY_NL,CD_ROAD_TYPE_NL,TX_BUILD_UP_AREA_NL,TX_COLLISION_TYPE_NL,TX_OBSTACLES_NL
32953,127,Geel totem,Westerlo,51.1342966,4.9400421,1.5010165687395605,51.13441985416901,4.918530571551952,2022,7,21,13049,Westerlo,Normaal,Droog,Dag,met lichtgewonden,9,personenauto,3,Fiets,Op Kruispunt,Gemeenteweg,binnen bebouwde kom,Tss. 2 best.: langs opzij (voor-/achterkant-flank),Geen hindernis
32954,127,Geel totem,Westerlo,51.1342966,4.9400421,2.2556833363693145,51.12706135103804,4.9098424197803014,2022,7,14,13049,Westerlo,Normaal,Droog,Dag,met lichtgewonden,3,Fiets,11,een weggebruiker tegen een hindernis,Buiten Kruispunt,Gemeenteweg,buiten bebouwde kom,Weggebruiker tegen hindernis buiten rijbaan,Andere hindernis
32954,112,Geel teller 2,Westerlo,51.1354992,4.9394789,2.270892361811375,51.12706135103804,4.9098424197803014,2022,7,14,13049,Westerlo,Normaal,Droog,Dag,met lichtgewonden,3,Fiets,11,een weggebruiker tegen een hindernis,Buiten Kruispunt,Gemeenteweg,buiten bebouwde kom,Weggebruiker tegen hindernis buiten rijbaan,Andere hindernis
32955,127,Geel totem,Westerlo,51.1342966,4.9400421,2.271859550579024,51.11646450821672,4.924152285219896,2022,7,13,13049,Westerlo,Normaal,Droog,Dag,met lichtgewonden,3,Fiets,3,Fiets,Op Kruispunt,Gemeenteweg,buiten bebouwde kom,Tss. 2 best.: langs opzij (voor-/achterkant-flank),Geen hindernis
32955,112,Geel teller 2,Westerlo,51.1354992,4.9394789,2.3714708138843523,51.11646450821672,4.924152285219896,2022,7,13,13049,Westerlo,Normaal,Droog,Dag,met lichtgewonden,3,Fiets,3,Fiets,Op Kruispunt,Gemeenteweg,buiten bebouwde kom,Tss. 2 best.: langs opzij (voor-/achterkant-flank),Geen hindernis
32956,88,Westerlo teller 1,Westerlo,51.082,4.91325,1.851859355364729,51.098443171332,4.909042619171563,2022,7,19,13049,Westerlo,Normaal,Droog,Dag,met lichtgewonden,3,Fiets,3,Fiets,Buiten Kruispunt,Gemeenteweg,buiten bebouwde kom,Tussen 2 bestuurders: Flank tegen flank,Geen hindernis
32956,89,Westerlo teller 2,Westerlo,51.08191,4.91334,1.8627432770136159,51.098443171332,4.909042619171563,2022,7,19,13049,Westerlo,Normaal,Droog,Dag,met lichtgewonden,3,Fiets,3,Fiets,Buiten Kruispunt,Gemeenteweg,buiten bebouwde kom,Tussen 2 bestuurders: Flank tegen flank,Geen hindernis
32959,98,Geel teller 2,Geel,51.1481,4.99643,1.4168813879202238,51.15829963165882,4.984253347211413,2022,7,12,13008,Geel,Normaal,Droog,Dag,met lichtgewonden,5,Lichte vrachtauto,3,Fiets,Op Kruispunt,Gemeenteweg,binnen bebouwde kom,Tss. 2 best.: langs opzij (voor-/achterkant-flank),Geen hindernis
32959,97,Geel teller 1,Geel,51.14813,4.99698,1.4375760458838158,51.15829963165882,4.984253347211413,2022,7,12,13008,Geel,Normaal,Droog,Dag,met lichtgewonden,5,Lichte vrachtauto,3,Fiets,Op Kruispunt,Gemeenteweg,binnen bebouwde kom,Tss. 2 best.: langs opzij (voor-/achterkant-flank),Geen hindernis
32960,98,Geel teller 2,Geel,51.1481,4.99643,1.5221724491801152,51.161296940105586,4.990629662726512,2022,7,9,13008,Geel,Normaal,Droog,Dag,met lichtgewonden,3,Fiets,3,Fiets,Buiten Kruispunt,Gemeenteweg,binnen bebouwde kom,Tussen 2 bestuurders: Flank tegen flank,Geen hindernis
32960,97,Geel teller 1,Geel,51.14813,4.99698,1.5296196831175755,51.161296940105586,4.990629662726512,2022,7,9,13008,Geel,Normaal,Droog,Dag,met lichtgewonden,3,Fiets,3,Fiets,Buiten Kruispunt,Gemeenteweg,binnen bebouwde kom,Tussen 2 bestuurders: Flank tegen flank,Geen hindernis
32962,98,Geel teller 2,Geel,51.1481,4.99643,2.2212385608565435,51.14893620542995,4.964613568542984,2022,7,17,13008,Geel,Normaal,Droog,Dag,met lichtgewonden,9,personenauto,3,Fiets,Op Kruispunt,Gewestweg,buiten bebouwde kom,Tss. 2 best.: langs opzij (voor-/achterkant-flank),Geen hindernis
32962,97,Geel teller 1,Geel,51.14813,4.99698,2.2594341086461673,51.14893620542995,4.964613568542984,2022,7,17,13008,Geel,Normaal,Droog,Dag,met lichtgewonden,9,personenauto,3,Fiets,Op Kruispunt,Gewestweg,buiten bebouwde kom,Tss. 2 best.: langs opzij (voor-/achterkant-flank),Geen hindernis
32962,112,Geel teller 2,Westerlo,51.1354992,4.9394789,2.3036990956405257,51.14893620542995,4.964613568542984,2022,7,17,13008,Geel,Normaal,Droog,Dag,met lichtgewonden,9,personenauto,3,Fiets,Op Kruispunt,Gewestweg,buiten bebouwde kom,Tss. 2 best.: langs opzij (voor-/achterkant-flank),Geen hindernis
32962,127,Geel totem,Westerlo,51.1342966,4.9400421,2.363967496534728,51.14893620542995,4.964613568542984,2022,7,17,13008,Geel,Normaal,Droog,Dag,met lichtgewonden,9,personenauto,3,Fiets,Op Kruispunt,Gewestweg,buiten bebouwde kom,Tss. 2 best.: langs opzij (voor-/achterkant-flank),Geen hindernis
32963,112,Geel teller 2,Westerlo,51.1354992,4.9394789,1.5427902748897915,51.145327906041175,4.955087373745281,2022,7,20,13008,Geel,Normaal,Droog,Dag,met lichtgewonden,9,personenauto,3,Fiets,Buiten Kruispunt,Gewestweg,buiten bebouwde kom,Tss. 2 best.: langs opzij (voor-/achterkant-flank),Geen hindernis
32963,127,Geel totem,Westerlo,51.1342966,4.9400421,1.614427655123657,51.145327906041175,4.955087373745281,2022,7,20,13008,Geel,Normaal,Droog,Dag,met lichtgewonden,9,personenauto,3,Fiets,Buiten Kruispunt,Gewestweg,buiten bebouwde kom,Tss. 2 best.: langs opzij (voor-/achterkant-flank),Geen hindernis
32965,98,Geel teller 2,Geel,51.1481,4.99643,2.198262488208772,51.16741074492316,4.989679220535646,2022,7,11,13008,Geel,Normaal,Droog,Dag,met lichtgewonden,9,personenauto,3,Fiets,Op Kruispunt,Gemeenteweg,binnen bebouwde kom,Tss. 2 best.: langs opzij (voor-/achterkant-flank),Geen hindernis
32965,97,Geel teller 1,Geel,51.14813,4.99698,2.2035494563820963,51.16741074492316,4.989679220535646,2022,7,11,13008,Geel,Normaal,Droog,Dag,met lichtgewonden,9,personenauto,3,Fiets,Op Kruispunt,Gemeenteweg,binnen bebouwde kom,Tss. 2 best.: langs opzij (voor-/achterkant-flank),Geen hindernis
32971,135,Retie 2,Dessel,51.2544998,5.1040064,2.426678427689364,51.2342551691026,5.090986854799818,2022,7,9,13006,Dessel,Normaal,Droog,Dag,met lichtgewonden,9,personenauto,3,Fiets,Op Kruispunt,Gemeenteweg,buiten bebouwde kom,Tss. 2 best.: langs opzij (voor-/achterkant-flank),Geen hindernis
32971,134,Retie,Dessel,51.2548405,5.1037658,2.455745141865185,51.2342551691026,5.090986854799818,2022,7,9,13006,Dessel,Normaal,Droog,Dag,met lichtgewonden,9,personenauto,3,Fiets,Op Kruispunt,Gemeenteweg,buiten bebouwde kom,Tss. 2 best.: langs opzij (voor-/achterkant-flank),Geen hindernis
32972,135,Retie 2,Dessel,51.2544998,5.1040064,1.463534138076512,51.244145273263634,5.116987343834113,2022,7,10,13006,Dessel,Normaal,Droog,Dag,met lichtgewonden,9,personenauto,3,Fiets,Op Kruispunt,Gemeenteweg,binnen bebouwde kom,Tss. 2 best.: langs opzij (voor-/achterkant-flank),Geen hindernis
32972,134,Retie,Dessel,51.2548405,5.1037658,1.5037080926696675,51.244145273263634,5.116987343834113,2022,7,10,13006,Dessel,Normaal,Droog,Dag,met lichtgewonden,9,personenauto,3,Fiets,Op Kruispunt,Gemeenteweg,binnen bebouwde kom,Tss. 2 best.: langs opzij (voor-/achterkant-flank),Geen hindernis
32975,94,Herentals teller 2,Herentals,51.17345,4.81283,1.6689683141882568,51.15851761971377,4.815251616982635,2022,7,13,13011,Herentals,Normaal,Droog,Dag,met lichtgewonden,3,Fiets,9,personenauto,Op Kruispunt,Gemeenteweg,buiten bebouwde kom,Tss. 2 best.: langs opzij (voor-/achterkant-flank),Geen hindernis
32975,110,Herentals totem,Herentals,51.1739426,4.811783,1.7321472358035357,51.15851761971377,4.815251616982635,2022,7,13,13011,Herentals,Normaal,Droog,Dag,met lichtgewonden,3,Fiets,9,personenauto,Op Kruispunt,Gemeenteweg,buiten bebouwde kom,Tss. 2 best.: langs opzij (voor-/achterkant-flank),Geen hindernis
32979,38,Lommel teller 2,Lommel,51.23277,5.29189,1.775198226981565,51.221299932516125,5.309622175476455,2022,7,17,72020,Lommel,Normaal,Droog,Dag,met lichtgewonden,9,personenauto,3,Fiets,Op Kruispunt,Gemeenteweg,buiten bebouwde kom,Tss. 2 best.: langs opzij (voor-/achterkant-flank),Geen hindernis
32979,37,Lommel teller 1,Lommel,51.23299,5.29211,1.7823364467792728,51.221299932516125,5.309622175476455,2022,7,17,72020,Lommel,Normaal,Droog,Dag,met lichtgewonden,9,personenauto,3,Fiets,Op Kruispunt,Gemeenteweg,buiten bebouwde kom,Tss. 2 best.: langs opzij (voor-/achterkant-flank),Geen hindernis
32982,45,Pelt teller 1,Pelt,51.23127,5.44377,1.2933330238477192,51.24269089994152,5.440253140040583,2022,7,15,72043,Pelt,Normaal,Droog,Dag,dodelijk gewonden,3,Fiets,3,Fiets,Buiten Kruispunt,Gemeenteweg,buiten bebouwde kom,Tussen 2 bestuurders: Frontale botsing,Geen hindernis
32982,46,Pelt teller 2,Pelt,51.231,5.44375,1.3225680987648119,51.24269089994152,5.440253140040583,2022,7,15,72043,Pelt,Normaal,Droog,Dag,dodelijk gewonden,3,Fiets,3,Fiets,Buiten Kruispunt,Gemeenteweg,buiten bebouwde kom,Tussen 2 bestuurders: Frontale botsing,Geen hindernis
33001,36,Lanaken teller 2,Lanaken,50.88131,5.63012,1.124847830120519,50.88058307773158,5.614128073019197,2022,7,14,73042,Lanaken,Normaal,Droog,Dag,met lichtgewonden,3,Fiets,3,Fiets,Buiten Kruispunt,Gemeenteweg,buiten bebouwde kom,Tussen 2 bestuurders: Flank tegen flank,Geen hindernis
33001,35,Lanaken teller 1,Lanaken,50.88112,5.6314,1.2132127771405359,50.88058307773158,5.614128073019197,2022,7,14,73042,Lanaken,Normaal,Droog,Dag,met lichtgewonden,3,Fiets,3,Fiets,Buiten Kruispunt,Gemeenteweg,buiten bebouwde kom,Tussen 2 bestuurders: Flank tegen flank,Geen hindernis
33004,151,Leuven,District Leuven,50.8690262,4.6854839,1.2010592738326462,50.859764071900834,4.676679067830186,2022,7,13,24062,Leuven,Normaal,"Vuil (zand, grint, bladeren,...)",Dag,met lichtgewonden,8,Voetganger,3,Fiets,Buiten Kruispunt,Gemeenteweg,buiten bebouwde kom,Met een voetganger,Geen hindernis
33004,108,Heverlee teller 1,Leuven,50.8471728,4.6954674,1.9234723587921236,50.859764071900834,4.676679067830186,2022,7,13,24062,Leuven,Normaal,"Vuil (zand, grint, bladeren,...)",Dag,met lichtgewonden,8,Voetganger,3,Fiets,Buiten Kruispunt,Gemeenteweg,buiten bebouwde kom,Met een voetganger,Geen hindernis
33004,76,Heverlee teller 2,Leuven,50.84606,4.69597,2.0386019901106773,50.859764071900834,4.676679067830186,2022,7,13,24062,Leuven,Normaal,"Vuil (zand, grint, bladeren,...)",Dag,met lichtgewonden,8,Voetganger,3,Fiets,Buiten Kruispunt,Gemeenteweg,buiten bebouwde kom,Met een voetganger,Geen hindernis
33005,69,Leuven teller 1,Leuven,50.87549,4.71526,0.8097944470691438,50.87971457215128,4.724661455679234,2022,7,23,24062,Leuven,Normaal,Droog,"Nacht, openbare verlichting aanwezig en ontstoken",met zwaargewonden,3,Fiets,10,"één bestuurder, geen hindernis",Buiten Kruispunt,Gemeenteweg,binnen bebouwde kom,"Eén bestuurder, geen hindernis (incl. val)",Geen hindernis
33005,107,leuven totem,Leuven,50.8870744,4.7087919,1.381726099495887,50.87971457215128,4.724661455679234,2022,7,23,24062,Leuven,Normaal,Droog,"Nacht, openbare verlichting aanwezig en ontstoken",met zwaargewonden,3,Fiets,10,"één bestuurder, geen hindernis",Buiten Kruispunt,Gemeenteweg,binnen bebouwde kom,"Eén bestuurder, geen hindernis (incl. val)",Geen hindernis
33005,77,Leuven teller 2,Leuven,50.88672,4.70796,1.4069756816775703,50.87971457215128,4.724661455679234,2022,7,23,24062,Leuven,Normaal,Droog,"Nacht, openbare verlichting aanwezig en ontstoken",met zwaargewonden,3,Fiets,10,"één bestuurder, geen hindernis",Buiten Kruispunt,Gemeenteweg,binnen bebouwde kom,"Eén bestuurder, geen hindernis (incl. val)",Geen hindernis
33007,69,Leuven teller 1,Leuven,50.87549,4.71526,0.4327507332281577,50.87907139198982,4.712846114160876,2022,7,14,24062,Leuven,Normaal,Droog,Dag,met lichtgewonden,9,personenauto,3,Fiets,Op Kruispunt,Gemeenteweg,binnen bebouwde kom,Tss. 2 best.: langs opzij (voor-/achterkant-flank),Geen hindernis
33007,77,Leuven teller 2,Leuven,50.88672,4.70796,0.9169648772946879,50.87907139198982,4.712846114160876,2022,7,14,24062,Leuven,Normaal,Droog,Dag,met lichtgewonden,9,personenauto,3,Fiets,Op Kruispunt,Gemeenteweg,binnen bebouwde kom,Tss. 2 best.: langs opzij (voor-/achterkant-flank),Geen hindernis
33007,107,leuven totem,Leuven,50.8870744,4.7087919,0.9342399069248423,50.87907139198982,4.712846114160876,2022,7,14,24062,Leuven,Normaal,Droog,Dag,met lichtgewonden,9,personenauto,3,Fiets,Op Kruispunt,Gemeenteweg,binnen bebouwde kom,Tss. 2 best.: langs opzij (voor-/achterkant-flank),Geen hindernis
33007,151,Leuven,District Leuven,50.8690262,4.6854839,2.2212034149533717,50.87907139198982,4.712846114160876,2022,7,14,24062,Leuven,Normaal,Droog,Dag,met lichtgewonden,9,personenauto,3,Fiets,Op Kruispunt,Gemeenteweg,binnen bebouwde kom,Tss. 2 best.: langs opzij (voor-/achterkant-flank),Geen hindernis
33008,69,Leuven teller 1,Leuven,50.87549,4.71526,0.6243748820927812,50.88103358126008,4.713843801059851,2022,7,20,24062,Leuven,Normaal,Droog,Dageraad - schemering,met lichtgewonden,3,Fiets,8,Voetganger,Buiten Kruispunt,Gemeenteweg,binnen bebouwde kom,Met een voetganger,Geen hindernis
33008,77,Leuven teller 2,Leuven,50.88672,4.70796,0.7551004715944366,50.88103358126008,4.713843801059851,2022,7,20,24062,Leuven,Normaal,Droog,Dageraad - schemering,met lichtgewonden,3,Fiets,8,Voetganger,Buiten Kruispunt,Gemeenteweg,binnen bebouwde kom,Met een voetganger,Geen hindernis
33008,107,leuven totem,Leuven,50.8870744,4.7087919,0.7594682886363002,50.88103358126008,4.713843801059851,2022,7,20,24062,Leuven,Normaal,Droog,Dageraad - schemering,met lichtgewonden,3,Fiets,8,Voetganger,Buiten Kruispunt,Gemeenteweg,binnen bebouwde kom,Met een voetganger,Geen hindernis
33008,151,Leuven,District Leuven,50.8690262,4.6854839,2.396310981212484,50.88103358126008,4.713843801059851,2022,7,20,24062,Leuven,Normaal,Droog,Dageraad - schemering,met lichtgewonden,3,Fiets,8,Voetganger,Buiten Kruispunt,Gemeenteweg,binnen bebouwde kom,Met een voetganger,Geen hindernis
33010,151,Leuven,District Leuven,50.8690262,4.6854839,0.6443960733614943,50.86986810454711,4.6945693184672255,2022,7,17,24062,Leuven,Onbekend,Onbekend,Dag,met lichtgewonden,3,Fiets,9,personenauto,Buiten Kruispunt,Gewestweg,buiten bebouwde kom,Tss. 2 best.: langs opzij (voor-/achterkant-flank),Geen hindernis
33010,69,Leuven teller 1,Leuven,50.87549,4.71526,1.5807088489380374,50.86986810454711,4.6945693184672255,2022,7,17,24062,Leuven,Onbekend,Onbekend,Dag,met lichtgewonden,3,Fiets,9,personenauto,Buiten Kruispunt,Gewestweg,buiten bebouwde kom,Tss. 2 best.: langs opzij (voor-/achterkant-flank),Geen hindernis
33010,77,Leuven teller 2,Leuven,50.88672,4.70796,2.096176033573036,50.86986810454711,4.6945693184672255,2022,7,17,24062,Leuven,Onbekend,Onbekend,Dag,met lichtgewonden,3,Fiets,9,personenauto,Buiten Kruispunt,Gewestweg,buiten bebouwde kom,Tss. 2 best.: langs opzij (voor-/achterkant-flank),Geen hindernis
33010,107,leuven totem,Leuven,50.8870744,4.7087919,2.1578377607784565,50.86986810454711,4.6945693184672255,2022,7,17,24062,Leuven,Onbekend,Onbekend,Dag,met lichtgewonden,3,Fiets,9,personenauto,Buiten Kruispunt,Gewestweg,buiten bebouwde kom,Tss. 2 best.: langs opzij (voor-/achterkant-flank),Geen hindernis
33011,107,leuven totem,Leuven,50.8870744,4.7087919,1.5329416494939379,50.89804937267745,4.722018473232002,2022,7,16,24062,Leuven,Normaal,Droog,Dag,met lichtgewonden,3,Fiets,3,Fiets,Buiten Kruispunt,Gemeenteweg,binnen bebouwde kom,Tussen 2 bestuurders: Flank tegen flank,Geen hindernis
33011,77,Leuven teller 2,Leuven,50.88672,4.70796,1.599786897487057,50.89804937267745,4.722018473232002,2022,7,16,24062,Leuven,Normaal,Droog,Dag,met lichtgewonden,3,Fiets,3,Fiets,Buiten Kruispunt,Gemeenteweg,binnen bebouwde kom,Tussen 2 bestuurders: Flank tegen flank,Geen hindernis
33013,69,Leuven teller 1,Leuven,50.87549,4.71526,0.9699294661476177,50.86766073307454,4.709165943133061,2022,7,13,24062,Leuven,Normaal,Droog,Dag,met lichtgewonden,3,Fiets,10,"één bestuurder, geen hindernis",Buiten Kruispunt,Gemeenteweg,binnen bebouwde kom,"Eén bestuurder, geen hindernis (incl. val)",Geen hindernis
33013,151,Leuven,District Leuven,50.8690262,4.6854839,1.6688233723776313,50.86766073307454,4.709165943133061,2022,7,13,24062,Leuven,Normaal,Droog,Dag,met lichtgewonden,3,Fiets,10,"één bestuurder, geen hindernis",Buiten Kruispunt,Gemeenteweg,binnen bebouwde kom,"Eén bestuurder, geen hindernis (incl. val)",Geen hindernis
33013,77,Leuven teller 2,Leuven,50.88672,4.70796,2.120982155720668,50.86766073307454,4.709165943133061,2022,7,13,24062,Leuven,Normaal,Droog,Dag,met lichtgewonden,3,Fiets,10,"één bestuurder, geen hindernis",Buiten Kruispunt,Gemeenteweg,binnen bebouwde kom,"Eén bestuurder, geen hindernis (incl. val)",Geen hindernis
33013,107,leuven totem,Leuven,50.8870744,4.7087919,2.1588607874477863,50.86766073307454,4.709165943133061,2022,7,13,24062,Leuven,Normaal,Droog,Dag,met lichtgewonden,3,Fiets,10,"één bestuurder, geen hindernis",Buiten Kruispunt,Gemeenteweg,binnen bebouwde kom,"Eén bestuurder, geen hindernis (incl. val)",Geen hindernis
33013,108,Heverlee teller 1,Leuven,50.8471728,4.6954674,2.472756486689229,50.86766073307454,4.709165943133061,2022,7,13,24062,Leuven,Normaal,Droog,Dag,met lichtgewonden,3,Fiets,10,"één bestuurder, geen hindernis",Buiten Kruispunt,Gemeenteweg,binnen bebouwde kom,"Eén bestuurder, geen hindernis (incl. val)",Geen hindernis
33014,107,leuven totem,Leuven,50.8870744,4.7087919,0.6981482938597285,50.88480517918689,4.7180714917165005,2022,7,17,24062,Leuven,Normaal,Droog,Dag,met lichtgewonden,8,Voetganger,3,Fiets,Buiten Kruispunt,Gemeenteweg,binnen bebouwde kom,Met een voetganger,Geen hindernis
33014,77,Leuven teller 2,Leuven,50.88672,4.70796,0.7405821850399518,50.88480517918689,4.7180714917165005,2022,7,17,24062,Leuven,Normaal,Droog,Dag,met lichtgewonden,8,Voetganger,3,Fiets,Buiten Kruispunt,Gemeenteweg,binnen bebouwde kom,Met een voetganger,Geen hindernis
33014,69,Leuven teller 1,Leuven,50.87549,4.71526,1.054414469185742,50.88480517918689,4.7180714917165005,2022,7,17,24062,Leuven,Normaal,Droog,Dag,met lichtgewonden,8,Voetganger,3,Fiets,Buiten Kruispunt,Gemeenteweg,binnen bebouwde kom,Met een voetganger,Geen hindernis
33015,107,leuven totem,Leuven,50.8870744,4.7087919,0.7579922999588059,50.883607287804885,4.71809521011722,2022,7,11,24062,Leuven,Normaal,Droog,Dag,met lichtgewonden,6,Bromfiets,3,Fiets,Buiten Kruispunt,Gewestweg,binnen bebouwde kom,Tss. 2 best.: langs opzij (voor-/achterkant-flank),Geen hindernis
33015,77,Leuven teller 2,Leuven,50.88672,4.70796,0.7907600179295212,50.883607287804885,4.71809521011722,2022,7,11,24062,Leuven,Normaal,Droog,Dag,met lichtgewonden,6,Bromfiets,3,Fiets,Buiten Kruispunt,Gewestweg,binnen bebouwde kom,Tss. 2 best.: langs opzij (voor-/achterkant-flank),Geen hindernis
33015,69,Leuven teller 1,Leuven,50.87549,4.71526,0.9242597358103241,50.883607287804885,4.71809521011722,2022,7,11,24062,Leuven,Normaal,Droog,Dag,met lichtgewonden,6,Bromfiets,3,Fiets,Buiten Kruispunt,Gewestweg,binnen bebouwde kom,Tss. 2 best.: langs opzij (voor-/achterkant-flank),Geen hindernis
33016,107,leuven totem,Leuven,50.8870744,4.7087919,2.0444288380880655,50.90541456614245,4.710848707280952,2022,7,13,24062,Leuven,Normaal,Droog,Dag,met lichtgewonden,3,Fiets,3,Fiets,Buiten Kruispunt,Gewestweg,binnen bebouwde kom,Tussen 2 bestuurders: Frontale botsing,Geen hindernis
33016,77,Leuven teller 2,Leuven,50.88672,4.70796,2.0885901954895774,50.90541456614245,4.710848707280952,2022,7,13,24062,Leuven,Normaal,Droog,Dag,met lichtgewonden,3,Fiets,3,Fiets,Buiten Kruispunt,Gewestweg,binnen bebouwde kom,Tussen 2 bestuurders: Frontale botsing,Geen hindernis
33017,77,Leuven teller 2,Leuven,50.88672,4.70796,1.6472606308236295,50.89441402702228,4.687891236910994,2022,7,16,24038,Herent,Normaal,Droog,Dag,met lichtgewonden,9,personenauto,3,Fiets,Op Kruispunt,Gewestweg,binnen bebouwde kom,Tss. 2 best.: langs opzij (voor-/achterkant-flank),Geen hindernis
33017,107,leuven totem,Leuven,50.8870744,4.7087919,1.6778731048174462,50.89441402702228,4.687891236910994,2022,7,16,24038,Herent,Normaal,Droog,Dag,met lichtgewonden,9,personenauto,3,Fiets,Op Kruispunt,Gewestweg,binnen bebouwde kom,Tss. 2 best.: langs opzij (voor-/achterkant-flank),Geen hindernis
33018,77,Leuven teller 2,Leuven,50.88672,4.70796,0.9902912295318546,50.87890149972495,4.701200663362051,2022,7,17,24062,Leuven,Normaal,Droog,Dag,met lichtgewonden,3,Fiets,3,Fiets,Buiten Kruispunt,Gemeenteweg,binnen bebouwde kom,Tussen 2 bestuurders: Flank tegen flank,Geen hindernis
33018,107,leuven totem,Leuven,50.8870744,4.7087919,1.0533291288390467,50.87890149972495,4.701200663362051,2022,7,17,24062,Leuven,Normaal,Droog,Dag,met lichtgewonden,3,Fiets,3,Fiets,Buiten Kruispunt,Gemeenteweg,binnen bebouwde kom,Tussen 2 bestuurders: Flank tegen flank,Geen hindernis
33018,69,Leuven teller 1,Leuven,50.87549,4.71526,1.0568606553256397,50.87890149972495,4.701200663362051,2022,7,17,24062,Leuven,Normaal,Droog,Dag,met lichtgewonden,3,Fiets,3,Fiets,Buiten Kruispunt,Gemeenteweg,binnen bebouwde kom,Tussen 2 bestuurders: Flank tegen flank,Geen hindernis
33018,151,Leuven,District Leuven,50.8690262,4.6854839,1.5562634339158166,50.87890149972495,4.701200663362051,2022,7,17,24062,Leuven,Normaal,Droog,Dag,met lichtgewonden,3,Fiets,3,Fiets,Buiten Kruispunt,Gemeenteweg,binnen bebouwde kom,Tussen 2 bestuurders: Flank tegen flank,Geen hindernis
33023,87,Aarschot,Aarschot,50.99084,4.81259,1.6665268133312734,50.97588896075872,4.8142481237538854,2022,7,13,24001,Aarschot,Normaal,Droog+Proper,Dag,met lichtgewonden,9,personenauto,3,Fiets,Op Kruispunt,Gewestweg,buiten bebouwde kom,Tss. 2 best.: langs opzij (voor-/achterkant-flank),Geen hindernis
33024,87,Aarschot,Aarschot,50.99084,4.81259,1.8043753961771551,50.98943587127887,4.838273005480188,2022,7,19,24001,Aarschot,Normaal,Droog,Dag,met lichtgewonden,9,personenauto,3,Fiets,Op Kruispunt,Gemeenteweg,binnen bebouwde kom,Tss. 2 best.: langs opzij (voor-/achterkant-flank),Geen hindernis
33030,101,Diest teller 1,Diest,50.97799,5.04481,2.2838736074014507,50.99328689652129,5.0665832497025605,2022,7,14,24020,Diest,Normaal,Droog,Dag,met lichtgewonden,3,Fiets,9,personenauto,Buiten Kruispunt,Gewestweg,binnen bebouwde kom,Tussen 2 bestuurders: Frontale botsing,Geen hindernis
33030,102,Diest teller 2,Diest,50.9779,5.04474,2.29459968839192,50.99328689652129,5.0665832497025605,2022,7,14,24020,Diest,Normaal,Droog,Dag,met lichtgewonden,3,Fiets,9,personenauto,Buiten Kruispunt,Gewestweg,binnen bebouwde kom,Tussen 2 bestuurders: Frontale botsing,Geen hindernis
33036,111,Zaventem totem,Zaventem,50.8871216,4.4597084,0.813412747983274,50.888982075397564,4.470923099216597,2022,7,16,23094,Zaventem,Normaal,Droog,Dag,met lichtgewonden,9,personenauto,3,Fiets,Buiten Kruispunt,Gewestweg,binnen bebouwde kom,Tss. 2 best.: langs opzij (voor-/achterkant-flank),Geen hindernis
33036,26,Zaventem,Zaventem,50.86995,4.45444,2.4116266284375425,50.888982075397564,4.470923099216597,2022,7,16,23094,Zaventem,Normaal,Droog,Dag,met lichtgewonden,9,personenauto,3,Fiets,Buiten Kruispunt,Gewestweg,binnen bebouwde kom,Tss. 2 best.: langs opzij (voor-/achterkant-flank),Geen hindernis
33037,111,Zaventem totem,Zaventem,50.8871216,4.4597084,1.1174533541241205,50.88111654871689,4.472480857470821,2022,7,20,23094,Zaventem,Normaal,Droog,Dag,met lichtgewonden,9,personenauto,3,Fiets,Op Kruispunt,Gemeenteweg,binnen bebouwde kom,Tss. 2 best.: langs opzij (voor-/achterkant-flank),Geen hindernis
33037,26,Zaventem,Zaventem,50.86995,4.45444,1.7731501974545756,50.88111654871689,4.472480857470821,2022,7,20,23094,Zaventem,Normaal,Droog,Dag,met lichtgewonden,9,personenauto,3,Fiets,Op Kruispunt,Gemeenteweg,binnen bebouwde kom,Tss. 2 best.: langs opzij (voor-/achterkant-flank),Geen hindernis
33038,111,Zaventem totem,Zaventem,50.8871216,4.4597084,0.9394531223008636,50.88469550621052,4.472536592091749,2022,7,7,23094,Zaventem,Normaal,Droog,Dag,met lichtgewonden,3,Fiets,9,personenauto,Buiten Kruispunt,Gemeenteweg,binnen bebouwde kom,Tussen 2 bestuurders: Flank tegen flank,Geen hindernis
33038,26,Zaventem,Zaventem,50.86995,4.45444,2.0737639076848087,50.88469550621052,4.472536592091749,2022,7,7,23094,Zaventem,Normaal,Droog,Dag,met lichtgewonden,3,Fiets,9,personenauto,Buiten Kruispunt,Gemeenteweg,binnen bebouwde kom,Tussen 2 bestuurders: Flank tegen flank,Geen hindernis
33039,26,Zaventem,Zaventem,50.86995,4.45444,0.32610642094448533,50.867275633024406,4.452532787495835,2022,7,19,23094,Zaventem,Normaal,Droog,Dag,met lichtgewonden,3,Fiets,3,Fiets,Buiten Kruispunt,Gewestweg,buiten bebouwde kom,Tussen 2 bestuurders: Frontale botsing,Geen hindernis