crash_row_id,site_id,site_name,site_gemeente,site_lat,site_long,distance_km,crash_lat,crash_long,DT_YEAR_COLLISION,DT_MONTH_COLLISION,DT_TIME,CD_NIS,TX_MUNTY_COLLISION_NL,TX_WEATHER_NL,TX_ROAD_CONDITION_NL,TX_LIGHT_CONDITION_NL,TX_CLASS_ACCIDENTS_NL,CD_ROAD_USR_TYPE1,TX_ROAD_USR_TYPE1_NL,CD_ROAD_USR_TYPE2,TX_ROAD_USR_TYPE2_NL,TX_CROSSWAY_NL,CD_ROAD_TYPE_NL,TX_BUILD_UP_AREA_NL,TX_COLLISION_TYPE_NL,TX_OBSTACLES_NL
33039,149,Machelen,,50.88297881,4.43356644,2.195425222114629,50.867275633024406,4.452532787495835,2022,7,19,23094,Zaventem,Normaal,Droog,Dag,met lichtgewonden,3,Fiets,3,Fiets,Buiten Kruispunt,Gewestweg,buiten bebouwde kom,Tussen 2 bestuurders: Frontale botsing,Geen hindernis
33039,111,Zaventem totem,Zaventem,50.8871216,4.4597084,2.263472301866463,50.867275633024406,4.452532787495835,2022,7,19,23094,Zaventem,Normaal,Droog,Dag,met lichtgewonden,3,Fiets,3,Fiets,Buiten Kruispunt,Gewestweg,buiten bebouwde kom,Tussen 2 bestuurders: Frontale botsing,Geen hindernis
33040,147,Overijse,District Vilvoorde-gewestwegen,50.7797555,4.4975769,1.1003077160564545,50.77123722160079,4.5055398773488085,2022,7,19,23062,Overijse,Normaal,Droog,Dag,met zwaargewonden,3,Fiets,10,"één bestuurder, geen hindernis",Buiten Kruispunt,Gemeenteweg,buiten bebouwde kom,"Eén bestuurder, geen hindernis (incl. val)",Geen hindernis
33040,146,Overijse 2,District Vilvoorde-gewestwegen,50.7881478,4.4902818,2.16486724081237,50.77123722160079,4.5055398773488085,2022,7,19,23062,Overijse,Normaal,Droog,Dag,met zwaargewonden,3,Fiets,10,"één bestuurder, geen hindernis",Buiten Kruispunt,Gemeenteweg,buiten bebouwde kom,"Eén bestuurder, geen hindernis (incl. val)",Geen hindernis
33040,145,Overijse,District Vilvoorde-gewestwegen,50.7885856,4.4908759,2.1872838744648657,50.77123722160079,4.5055398773488085,2022,7,19,23062,Overijse,Normaal,Droog,Dag,met zwaargewonden,3,Fiets,10,"één bestuurder, geen hindernis",Buiten Kruispunt,Gemeenteweg,buiten bebouwde kom,"Eén bestuurder, geen hindernis (incl. val)",Geen hindernis
33049,27,Grimbergen,Meise,50.92127,4.34013,2.1243522113022055,50.902709698703845,4.347312189599178,2022,7,8,23025,Grimbergen,Normaal,Droog,Dag,met lichtgewonden,9,personenauto,3,Fiets,Op Kruispunt,Gewestweg,binnen bebouwde kom,Tss. 2 best.: langs opzij (voor-/achterkant-flank),Geen hindernis
33051,27,Grimbergen,Meise,50.92127,4.34013,2.227583692399589,50.90172506552455,4.347101567259696,2022,7,7,23025,Grimbergen,Normaal,Droog,Dag,met lichtgewonden,9,personenauto,3,Fiets,Op Kruispunt,Gewestweg,binnen bebouwde kom,Tss. 2 best.: langs opzij (voor-/achterkant-flank),Geen hindernis
33052,47,Vilvoorde,Vilvoorde,50.91372,4.41497,2.3131570549150684,50.934324700401994,4.419512683323013,2022,7,14,23088,Vilvoorde,Normaal,Droog,Dag,met lichtgewonden,9,personenauto,3,Fiets,Op Kruispunt,Gemeenteweg,binnen bebouwde kom,Tussen 2 bestuurders: Frontale botsing,Geen hindernis
33053,1,Machelen,Machelen,50.91618331151478,4.456121776137429,1.2370133141718145,50.92674298957564,4.450568985764239,2022,7,15,23088,Vilvoorde,Normaal,Droog,Dag,met lichtgewonden,9,personenauto,3,Fiets,Buiten Kruispunt,Gemeenteweg,binnen bebouwde kom,Tussen 2 bestuurders: Flank tegen flank,Geen hindernis
33054,47,Vilvoorde,Vilvoorde,50.91372,4.41497,1.4619972396944927,50.9126167553291,4.435749924605983,2022,7,7,23047,Machelen,Normaal,Droog,Dag,met lichtgewonden,9,personenauto,3,Fiets,Op Kruispunt,Gemeenteweg,binnen bebouwde kom,Tss. 2 best.: langs opzij (voor-/achterkant-flank),Geen hindernis
33054,1,Machelen,Machelen,50.91618331151478,4.456121776137429,1.4822338046634693,50.9126167553291,4.435749924605983,2022,7,7,23047,Machelen,Normaal,Droog,Dag,met lichtgewonden,9,personenauto,3,Fiets,Op Kruispunt,Gemeenteweg,binnen bebouwde kom,Tss. 2 best.: langs opzij (voor-/achterkant-flank),Geen hindernis
33055,1,Machelen,Machelen,50.91618331151478,4.456121776137429,1.6114920468677807,50.92796359856525,4.4427307326763845,2022,7,11,23088,Vilvoorde,Normaal,Droog,Dag,met lichtgewonden,3,Fiets,9,personenauto,Buiten Kruispunt,Gemeenteweg,binnen bebouwde kom,Tss. 2 best.: langs opzij (voor-/achterkant-flank),Geen hindernis
33057,1,Machelen,Machelen,50.91618331151478,4.456121776137429,1.5475414668647631,50.92836057887452,4.466811471965402,2022,7,23,23088,Vilvoorde,Normaal,Droog,"Nacht, geen openbare verlichting aanwezig",met lichtgewonden,3,Fiets,10,"één bestuurder, geen hindernis",Buiten Kruispunt,Gewestweg,buiten bebouwde kom,"Eén bestuurder, geen hindernis (incl. val)",Geen hindernis
33058,109,Zemst,Zemst,50.9903936,4.4707023,1.7007362559464128,50.98819716137554,4.494748981559539,2022,7,14,23096,Zemst,Normaal,Droog,Dag,met lichtgewonden,3,Fiets,11,een weggebruiker tegen een hindernis,Buiten Kruispunt,Gemeenteweg,binnen bebouwde kom,Weggebruiker tegen hindernis op de rijbaan,"Op de rijbaan: Werken (signal., aarde, toestel,…)"
33060,109,Zemst,Zemst,50.9903936,4.4707023,0.34849761876183444,50.98725998267135,4.4707909707077995,2022,7,11,23096,Zemst,Normaal,Droog,Dag,met lichtgewonden,9,personenauto,3,Fiets,Op Kruispunt,Gewestweg,buiten bebouwde kom,Tussen 2 bestuurders: Frontale botsing,Geen hindernis
33062,13,Gent,Gent,51.03018,3.70146,2.0658043732610136,51.04675256145576,3.71481319162864,2022,7,19,44021,Gent,Normaal,Droog,Dag,met lichtgewonden,3,Fiets,6,Bromfiets,Op Kruispunt,Gemeenteweg,binnen bebouwde kom,Tussen 2 bestuurders: Flank tegen flank,Geen hindernis
33067,13,Gent,Gent,51.03018,3.70146,2.0658043732610136,51.04675256145576,3.71481319162864,2022,7,19,44021,Gent,Normaal,Droog,Dag,met lichtgewonden,3,Fiets,3,Fiets,Op Kruispunt,Gemeenteweg,binnen bebouwde kom,Tussen 2 bestuurders: Frontale botsing,Geen hindernis
33071,118,Gent teller 1,Gent,51.028049,3.7681359,2.0727369168528726,51.03603430500263,3.741352704472631,2022,7,17,44021,Gent,Normaal,Droog,Dag,met lichtgewonden,9,personenauto,3,Fiets,Op Kruispunt,Gemeenteweg,binnen bebouwde kom,Tss. 2 best.: langs opzij (voor-/achterkant-flank),Geen hindernis
33071,119,Gent teller 2,Gent,51.0281795,3.7683918,2.0827915981842664,51.03603430500263,3.741352704472631,2022,7,17,44021,Gent,Normaal,Droog,Dag,met lichtgewonden,9,personenauto,3,Fiets,Op Kruispunt,Gemeenteweg,binnen bebouwde kom,Tss. 2 best.: langs opzij (voor-/achterkant-flank),Geen hindernis
33075,13,Gent,Gent,51.03018,3.70146,2.110079876050246,51.01439304059196,3.7181999956038707,2022,7,18,44021,Gent,Normaal,Droog,Dag,met lichtgewonden,5,Lichte vrachtauto,3,Fiets,Op Kruispunt,Gemeenteweg,buiten bebouwde kom,Tss. 2 best.: langs opzij (voor-/achterkant-flank),Geen hindernis
33076,136,Gent R4,Gent,51.0876313,3.7587918,2.4151409217932773,51.0716542200398,3.7353716354341,2022,7,7,44021,Gent,"Andere (dikke rook,...)",Droog,Dageraad - schemering,met zwaargewonden,3,Fiets,11,een weggebruiker tegen een hindernis,Op Kruispunt,Gewestweg,binnen bebouwde kom,Weggebruiker tegen hindernis op de rijbaan,"Op de rijbaan: Verkeersdrempel, ezelsrug"
33079,13,Gent,Gent,51.03018,3.70146,2.0938361998501533,51.039744225880604,3.7272541678849382,2022,7,17,44021,Gent,Mist (zichtbaarheid minder dan 100m),Droog,Dag,met lichtgewonden,3,Fiets,9,personenauto,Op Kruispunt,Gemeenteweg,binnen bebouwde kom,Tss. 2 best.: langs opzij (voor-/achterkant-flank),Geen hindernis
33081,13,Gent,Gent,51.03018,3.70146,1.6925718338896216,51.02014201771611,3.683267322189429,2022,7,18,44021,Gent,Normaal,Droog,Dag,met lichtgewonden,9,personenauto,3,Fiets,Op Kruispunt,Gewestweg,buiten bebouwde kom,Tss. 2 best.: langs opzij (voor-/achterkant-flank),Geen hindernis
33082,13,Gent,Gent,51.03018,3.70146,2.110079876050246,51.01439304059196,3.7181999956038707,2022,7,6,44021,Gent,Normaal,Droog,Dag,met lichtgewonden,9,personenauto,3,Fiets,Op Kruispunt,Gemeenteweg,buiten bebouwde kom,Tussen 2 bestuurders: Flank tegen flank,Geen hindernis
33085,136,Gent R4,Gent,51.0876313,3.7587918,2.4694388263937044,51.08802177171109,3.723441122728038,2022,7,16,44021,Gent,Normaal,Droog,Dag,met zwaargewonden,4,Vrachtwagen,3,Fiets,Op Kruispunt,Gewestweg,binnen bebouwde kom,Tussen 2 bestuurders: Flank tegen flank,Geen hindernis
33089,13,Gent,Gent,51.03018,3.70146,2.3421073101360617,51.04778574555209,3.719848416916574,2022,7,19,44021,Gent,Normaal,Droog,Dag,met zwaargewonden,3,Fiets,3,Fiets,Op Kruispunt,Gemeenteweg,binnen bebouwde kom,Tussen 2 bestuurders: Frontale botsing,Geen hindernis
33091,13,Gent,Gent,51.03018,3.70146,1.5014592383124592,51.017253572369576,3.7076658434627916,2022,7,18,44021,Gent,Normaal,Droog,Dag,met lichtgewonden,9,personenauto,3,Fiets,Op Kruispunt,Gemeenteweg,buiten bebouwde kom,Tss. 2 best.: langs opzij (voor-/achterkant-flank),Geen hindernis
33092,13,Gent,Gent,51.03018,3.70146,1.5144667018286437,51.01739569771853,3.7089278080795833,2022,7,18,44021,Gent,Normaal,Droog,Dag,met lichtgewonden,9,personenauto,3,Fiets,Op Kruispunt,Gewestweg,buiten bebouwde kom,Tss. 2 best.: langs opzij (voor-/achterkant-flank),Geen hindernis
33094,7,Evergem 1,Evergem,51.1089,3.70317,1.2726920737893699,51.09888089305098,3.7119824958176504,2022,7,19,44021,Gent,Normaal,Droog,Dag,met lichtgewonden,5,Lichte vrachtauto,3,Fiets,Op Kruispunt,Gewestweg,buiten bebouwde kom,Tussen 2 bestuurders: Langs achteren,Geen hindernis
33094,6,Evergem 2,Evergem,51.10894,3.70298,1.283033778300297,51.09888089305098,3.7119824958176504,2022,7,19,44021,Gent,Normaal,Droog,Dag,met lichtgewonden,5,Lichte vrachtauto,3,Fiets,Op Kruispunt,Gewestweg,buiten bebouwde kom,Tussen 2 bestuurders: Langs achteren,Geen hindernis
33095,118,Gent teller 1,Gent,51.028049,3.7681359,2.2808601389477445,51.04350964377511,3.7466987699511005,2022,7,5,44021,Gent,Normaal,Droog,Dageraad - schemering,met lichtgewonden,9,personenauto,3,Fiets,Op Kruispunt,Gemeenteweg,binnen bebouwde kom,Tss. 2 best.: langs opzij (voor-/achterkant-flank),Geen hindernis
33095,119,Gent teller 2,Gent,51.0281795,3.7683918,2.2817968941838416,51.04350964377511,3.7466987699511005,2022,7,5,44021,Gent,Normaal,Droog,Dageraad - schemering,met lichtgewonden,9,personenauto,3,Fiets,Op Kruispunt,Gemeenteweg,binnen bebouwde kom,Tss. 2 best.: langs opzij (voor-/achterkant-flank),Geen hindernis
33097,136,Gent R4,Gent,51.0876313,3.7587918,0.3798759126363049,51.08422701962221,3.7583358667637246,2022,7,10,44021,Gent,Normaal,Droog,Dag,met lichtgewonden,3,Fiets,10,"één bestuurder, geen hindernis",Buiten Kruispunt,Gemeenteweg,buiten bebouwde kom,"Eén bestuurder, geen hindernis (incl. val)",Geen hindernis
33100,13,Gent,Gent,51.03018,3.70146,2.2092210210930476,51.04121960420652,3.7277285565398026,2022,7,7,44021,Gent,Onbekend,Onbekend,Onbekend,met lichtgewonden,3,Fiets,9,personenauto,Op Kruispunt,Gemeenteweg,onbekend,Tussen 2 bestuurders: Frontale botsing,Geen hindernis
33101,13,Gent,Gent,51.03018,3.70146,2.4530760953213573,51.046237071635375,3.725518642656089,2022,7,1,44021,Gent,Normaal,Droog,"Nacht, geen openbare verlichting aanwezig",met lichtgewonden,3,Fiets,5,Lichte vrachtauto,Buiten Kruispunt,Gemeenteweg,binnen bebouwde kom,Tussen 2 bestuurders: Flank tegen flank,Geen hindernis
33102,13,Gent,Gent,51.03018,3.70146,2.4532401789403475,51.04722595610005,3.723735594412618,2022,7,22,44021,Gent,Normaal,Droog,"Nacht, geen openbare verlichting aanwezig",met lichtgewonden,3,Fiets,10,"één bestuurder, geen hindernis",Buiten Kruispunt,Gemeenteweg,binnen bebouwde kom,"Eén bestuurder, geen hindernis (incl. val)",Geen hindernis
33104,136,Gent R4,Gent,51.0876313,3.7587918,2.278122046090114,51.069713405585034,3.774604569986769,2022,7,11,44021,Gent,Normaal,Droog,Dag,met lichtgewonden,9,personenauto,3,Fiets,Buiten Kruispunt,Gemeenteweg,binnen bebouwde kom,Tussen 2 bestuurders: Frontale botsing,Geen hindernis
33106,13,Gent,Gent,51.03018,3.70146,1.7880418438244856,51.04259608661407,3.717709901539992,2022,7,9,44021,Gent,Normaal,Droog,Dag,met lichtgewonden,3,Fiets,9,personenauto,Op Kruispunt,Gewestweg,binnen bebouwde kom,Tss. 2 best.: langs opzij (voor-/achterkant-flank),Geen hindernis
33107,13,Gent,Gent,51.03018,3.70146,2.4784012684847365,51.05244005668392,3.6996603525227103,2022,7,16,44021,Gent,Normaal,Droog,Dag,met lichtgewonden,3,Fiets,6,Bromfiets,Op Kruispunt,Gewestweg,binnen bebouwde kom,Tss. 2 best.: langs opzij (voor-/achterkant-flank),Geen hindernis
33116,116,Melle teller 2,Melle,50.9986113,3.8040599,0.7841900722948829,51.002311132965644,3.794519429430034,2022,7,17,44040,Melle,Normaal,Droog,Dag,met lichtgewonden,9,personenauto,3,Fiets,Op Kruispunt,Gemeenteweg,binnen bebouwde kom,Tussen 2 bestuurders: Frontale botsing,Geen hindernis
33116,117,Melle teller 1,Melle,50.9986113,3.8040599,0.7841900722948829,51.002311132965644,3.794519429430034,2022,7,17,44040,Melle,Normaal,Droog,Dag,met lichtgewonden,9,personenauto,3,Fiets,Op Kruispunt,Gemeenteweg,binnen bebouwde kom,Tussen 2 bestuurders: Frontale botsing,Geen hindernis
33118,116,Melle teller 2,Melle,50.9986113,3.8040599,0.49817622993707494,50.99445365708732,3.8014077003956883,2022,7,0,44040,Melle,Normaal,Droog,"Nacht, openb. verlicht. aanw., maar niet ontstoken",met lichtgewonden,3,Fiets,11,een weggebruiker tegen een hindernis,Buiten Kruispunt,Gewestweg,binnen bebouwde kom,Weggebruiker tegen hindernis op de rijbaan,"Op de rijbaan: Werken (signal., aarde, toestel,…)"
33118,117,Melle teller 1,Melle,50.9986113,3.8040599,0.49817622993707494,50.99445365708732,3.8014077003956883,2022,7,0,44040,Melle,Normaal,Droog,"Nacht, openb. verlicht. aanw., maar niet ontstoken",met lichtgewonden,3,Fiets,11,een weggebruiker tegen een hindernis,Buiten Kruispunt,Gewestweg,binnen bebouwde kom,Weggebruiker tegen hindernis op de rijbaan,"Op de rijbaan: Werken (signal., aarde, toestel,…)"
33122,116,Melle teller 2,Melle,50.9986113,3.8040599,1.5818464465533812,51.002722859728834,3.7824191468297825,2022,7,16,44040,Melle,Normaal,Droog,Dag,met lichtgewonden,3,Fiets,11,een weggebruiker tegen een hindernis,Buiten Kruispunt,Gemeenteweg,binnen bebouwde kom,Weggebruiker tegen hindernis buiten rijbaan,Andere hindernis
33122,117,Melle teller 1,Melle,50.9986113,3.8040599,1.5818464465533812,51.002722859728834,3.7824191468297825,2022,7,16,44040,Melle,Normaal,Droog,Dag,met lichtgewonden,3,Fiets,11,een weggebruiker tegen een hindernis,Buiten Kruispunt,Gemeenteweg,binnen bebouwde kom,Weggebruiker tegen hindernis buiten rijbaan,Andere hindernis
33126,114,Deinze teller 1,Nazareth,50.9598305,3.555502,1.5035564541051294,50.9510384249536,3.571810622149968,2022,7,16,44048,Nazareth,Normaal,Droog,Dag,met zwaargewonden,9,personenauto,3,Fiets,Op Kruispunt,Gewestweg,buiten bebouwde kom,Tss. 2 best.: langs opzij (voor-/achterkant-flank),Geen hindernis
33126,113,Deinze teller 2,Deinze,50.96018,3.55578,1.514615871385299,50.9510384249536,3.571810622149968,2022,7,16,44048,Nazareth,Normaal,Droog,Dag,met zwaargewonden,9,personenauto,3,Fiets,Op Kruispunt,Gewestweg,buiten bebouwde kom,Tss. 2 best.: langs opzij (voor-/achterkant-flank),Geen hindernis
33128,6,Evergem 2,Evergem,51.10894,3.70298,2.4464248614802044,51.12445224534327,3.6781255177190566,2022,7,10,44019,Evergem,Normaal,Proper,Dag,met lichtgewonden,3,Fiets,3,Fiets,Buiten Kruispunt,Gewestweg,binnen bebouwde kom,Tussen 2 bestuurders: Flank tegen flank,Geen hindernis
33128,7,Evergem 1,Evergem,51.1089,3.70317,2.4589740091435885,51.12445224534327,3.6781255177190566,2022,7,10,44019,Evergem,Normaal,Proper,Dag,met lichtgewonden,3,Fiets,3,Fiets,Buiten Kruispunt,Gewestweg,binnen bebouwde kom,Tussen 2 bestuurders: Flank tegen flank,Geen hindernis
33129,7,Evergem 1,Evergem,51.1089,3.70317,0.6312212917535824,51.1137625817717,3.7078357808464064,2022,7,18,44019,Evergem,Normaal,Droog,Dag,met zwaargewonden,9,personenauto,3,Fiets,Op Kruispunt,Gemeenteweg,binnen bebouwde kom,Tss. 2 best.: langs opzij (voor-/achterkant-flank),Geen hindernis
33129,6,Evergem 2,Evergem,51.10894,3.70298,0.634402488371225,51.1137625817717,3.7078357808464064,2022,7,18,44019,Evergem,Normaal,Droog,Dag,met zwaargewonden,9,personenauto,3,Fiets,Op Kruispunt,Gemeenteweg,binnen bebouwde kom,Tss. 2 best.: langs opzij (voor-/achterkant-flank),Geen hindernis
33131,6,Evergem 2,Evergem,51.10894,3.70298,2.280848647636775,51.09497610001993,3.6790520075191946,2022,7,15,44019,Evergem,Normaal,Droog,Dag,met lichtgewonden,3,Fiets,11,een weggebruiker tegen een hindernis,Buiten Kruispunt,Gemeenteweg,buiten bebouwde kom,Weggebruiker tegen hindernis op de rijbaan,"Op de rijbaan: Put, straatgoot, tramspoor"
33131,7,Evergem 1,Evergem,51.1089,3.70317,2.28757203165695,51.09497610001993,3.6790520075191946,2022,7,15,44019,Evergem,Normaal,Droog,Dag,met lichtgewonden,3,Fiets,11,een weggebruiker tegen een hindernis,Buiten Kruispunt,Gemeenteweg,buiten bebouwde kom,Weggebruiker tegen hindernis op de rijbaan,"Op de rijbaan: Put, straatgoot, tramspoor"
33133,115,Aalter,Aalter,51.1058367,3.4350591,0.580569793154566,51.11088803609517,3.432955223078024,2022,7,18,44084,Aalter,Normaal,Droog,Dag,met zwaargewonden,9,personenauto,3,Fiets,Op Kruispunt,Gemeenteweg,binnen bebouwde kom,Tss. 2 best.: langs opzij (voor-/achterkant-flank),Geen hindernis
33135,115,Aalter,Aalter,51.1058367,3.4350591,2.220147392752643,51.08649511269324,3.427168725356299,2022,7,20,44084,Aalter,Normaal,Droog,Dag,met zwaargewonden,3,Fiets,10,"één bestuurder, geen hindernis",Buiten Kruispunt,Gemeenteweg,binnen bebouwde kom,"Eén bestuurder, geen hindernis (incl. val)",Geen hindernis
33136,115,Aalter,Aalter,51.1058367,3.4350591,2.250914020556841,51.087384385707,3.4483137230924905,2022,7,10,44084,Aalter,Normaal,Droog,Dag,met lichtgewonden,9,personenauto,3,Fiets,Op Kruispunt,Gewestweg,binnen bebouwde kom,Tss. 2 best.: langs opzij (voor-/achterkant-flank),Geen hindernis
33137,115,Aalter,Aalter,51.1058367,3.4350591,1.498229321488595,51.09294704689538,3.441308817292112,2022,7,8,44084,Aalter,Normaal,Droog,Dag,met lichtgewonden,3,Fiets,9,personenauto,Buiten Kruispunt,Gemeenteweg,binnen bebouwde kom,Tussen 2 bestuurders: Langs achteren,Geen hindernis
33178,126,Hamme totem,Hamme,51.1017709,4.1469307,1.383254726981878,51.11385018820526,4.151666764053015,2022,7,21,46025,Temse,Normaal,Droog,"Nacht, openbare verlichting aanwezig en ontstoken",met lichtgewonden,3,Fiets,10,"één bestuurder, geen hindernis",Buiten Kruispunt,Gemeenteweg,binnen bebouwde kom,"Eén bestuurder, geen hindernis (incl. val)",Geen hindernis
33179,126,Hamme totem,Hamme,51.1017709,4.1469307,1.714886111530563,51.11477951117495,4.1601249199506585,2022,7,20,46025,Temse,Normaal,Droog,Dageraad - schemering,met zwaargewonden,9,personenauto,3,Fiets,Buiten Kruispunt,Gemeenteweg,buiten bebouwde kom,Tss. 2 best.: langs opzij (voor-/achterkant-flank),Geen hindernis
33180,128,Lokeren teller 1,Lokeren,51.09644,3.97023,1.6162659770165029,51.10485668336933,3.989101852564386,2022,7,20,46014,Lokeren,Normaal,Droog,Dag,met lichtgewonden,3,Fiets,3,Fiets,Buiten Kruispunt,Gemeenteweg,binnen bebouwde kom,Tss. 2 best.: langs opzij (voor-/achterkant-flank),Geen hindernis
33180,129,Lokeren teller 2,Lokeren,51.09612,3.97025,1.6360066834473006,51.10485668336933,3.989101852564386,2022,7,20,46014,Lokeren,Normaal,Droog,Dag,met lichtgewonden,3,Fiets,3,Fiets,Buiten Kruispunt,Gemeenteweg,binnen bebouwde kom,Tss. 2 best.: langs opzij (voor-/achterkant-flank),Geen hindernis
33180,141,Test site A support,Lokeren,51.08342085,3.9961071208376326,2.4332425196720853,51.10485668336933,3.989101852564386,2022,7,20,46014,Lokeren,Normaal,Droog,Dag,met lichtgewonden,3,Fiets,3,Fiets,Buiten Kruispunt,Gemeenteweg,binnen bebouwde kom,Tss. 2 best.: langs opzij (voor-/achterkant-flank),Geen hindernis
33181,141,Test site A support,Lokeren,51.08342085,3.9961071208376326,1.5700992301544843,51.09748676097577,3.998077349087798,2022,7,12,46014,Lokeren,Normaal,"Nat, plassen",Dag,dodelijk gewonden,9,personenauto,3,Fiets,Op Kruispunt,Gewestweg,buiten bebouwde kom,Tussen 2 bestuurders: Frontale botsing,Geen hindernis
33181,128,Lokeren teller 1,Lokeren,51.09644,3.97023,1.948085513043678,51.09748676097577,3.998077349087798,2022,7,12,46014,Lokeren,Normaal,"Nat, plassen",Dag,dodelijk gewonden,9,personenauto,3,Fiets,Op Kruispunt,Gewestweg,buiten bebouwde kom,Tussen 2 bestuurders: Frontale botsing,Geen hindernis
33181,129,Lokeren teller 2,Lokeren,51.09612,3.97025,1.949149250667652,51.09748676097577,3.998077349087798,2022,7,12,46014,Lokeren,Normaal,"Nat, plassen",Dag,dodelijk gewonden,9,personenauto,3,Fiets,Op Kruispunt,Gewestweg,buiten bebouwde kom,Tussen 2 bestuurders: Frontale botsing,Geen hindernis
33182,128,Lokeren teller 1,Lokeren,51.09644,3.97023,1.649146136372494,51.11013564369793,3.9792938682112293,2022,7,9,46014,Lokeren,Normaal,Proper,Dag,met lichtgewonden,3,Fiets,3,Fiets,Buiten Kruispunt,Gewestweg,buiten bebouwde kom,Tss. 2 best.: langs opzij (voor-/achterkant-flank),Geen hindernis
33182,129,Lokeren teller 2,Lokeren,51.09612,3.97025,1.6815356511230584,51.11013564369793,3.9792938682112293,2022,7,9,46014,Lokeren,Normaal,Proper,Dag,met lichtgewonden,3,Fiets,3,Fiets,Buiten Kruispunt,Gewestweg,buiten bebouwde kom,Tss. 2 best.: langs opzij (voor-/achterkant-flank),Geen hindernis
33183,141,Test site A support,Lokeren,51.08342085,3.9961071208376326,0.4423796487593523,51.085852513704324,3.9910945135422273,2022,7,11,46014,Lokeren,Normaal,Droog,Dag,met lichtgewonden,3,Fiets,11,een weggebruiker tegen een hindernis,Buiten Kruispunt,Gemeenteweg,binnen bebouwde kom,Weggebruiker tegen hindernis op de rijbaan,"Op de rijbaan: Put, straatgoot, tramspoor"
33183,129,Lokeren teller 2,Lokeren,51.09612,3.97025,1.850068745903718,51.085852513704324,3.9910945135422273,2022,7,11,46014,Lokeren,Normaal,Droog,Dag,met lichtgewonden,3,Fiets,11,een weggebruiker tegen een hindernis,Buiten Kruispunt,Gemeenteweg,binnen bebouwde kom,Weggebruiker tegen hindernis op de rijbaan,"Op de rijbaan: Put, straatgoot, tramspoor"
33183,128,Lokeren teller 1,Lokeren,51.09644,3.97023,1.8733186710193075,51.085852513704324,3.9910945135422273,2022,7,11,46014,Lokeren,Normaal,Droog,Dag,met lichtgewonden,3,Fiets,11,een weggebruiker tegen een hindernis,Buiten Kruispunt,Gemeenteweg,binnen bebouwde kom,Weggebruiker tegen hindernis op de rijbaan,"Op de rijbaan: Put, straatgoot, tramspoor"
33184,128,Lokeren teller 1,Lokeren,51.09644,3.97023,1.6274277736466076,51.10517496077448,3.9889311042612356,2022,7,10,46014,Lokeren,Normaal,Droog,Dag,met lichtgewonden,9,personenauto,3,Fiets,Op Kruispunt,Gemeenteweg,binnen bebouwde kom,Tss. 2 best.: langs opzij (voor-/achterkant-flank),Geen hindernis
33184,129,Lokeren teller 2,Lokeren,51.09612,3.97025,1.6478091536231645,51.10517496077448,3.9889311042612356,2022,7,10,46014,Lokeren,Normaal,Droog,Dag,met lichtgewonden,9,personenauto,3,Fiets,Op Kruispunt,Gemeenteweg,binnen bebouwde kom,Tss. 2 best.: langs opzij (voor-/achterkant-flank),Geen hindernis
33184,141,Test site A support,Lokeren,51.08342085,3.9961071208376326,2.4703119623524614,51.10517496077448,3.9889311042612356,2022,7,10,46014,Lokeren,Normaal,Droog,Dag,met lichtgewonden,9,personenauto,3,Fiets,Op Kruispunt,Gemeenteweg,binnen bebouwde kom,Tss. 2 best.: langs opzij (voor-/achterkant-flank),Geen hindernis
33185,128,Lokeren teller 1,Lokeren,51.09644,3.97023,1.008024989776638,51.10369918588366,3.978877099646813,2022,7,2,46014,Lokeren,Normaal,Droog,"Nacht, openbare verlichting aanwezig en ontstoken",met lichtgewonden,3,Fiets,9,personenauto,Buiten Kruispunt,Gemeenteweg,binnen bebouwde kom,Tss. 2 best.: langs opzij (voor-/achterkant-flank),Geen hindernis
33185,129,Lokeren teller 2,Lokeren,51.09612,3.97025,1.0359254881793714,51.10369918588366,3.978877099646813,2022,7,2,46014,Lokeren,Normaal,Droog,"Nacht, openbare verlichting aanwezig en ontstoken",met lichtgewonden,3,Fiets,9,personenauto,Buiten Kruispunt,Gemeenteweg,binnen bebouwde kom,Tss. 2 best.: langs opzij (voor-/achterkant-flank),Geen hindernis
33187,126,Hamme totem,Hamme,51.1017709,4.1469307,1.085042506373629,51.092118745979946,4.1492133200445,2022,7,20,42008,Hamme,Normaal,Droog,Dag,met zwaargewonden,9,personenauto,3,Fiets,Op Kruispunt,Gewestweg,buiten bebouwde kom,Tss. 2 best.: langs opzij (voor-/achterkant-flank),Geen hindernis
33188,126,Hamme totem,Hamme,51.1017709,4.1469307,2.345640953679992,51.113454531769925,4.174904724301794,2022,7,13,46025,Temse,Normaal,Droog,Dag,met lichtgewonden,3,Fiets,11,een weggebruiker tegen een hindernis,Buiten Kruispunt,Gemeenteweg,binnen bebouwde kom,Weggebruiker tegen hindernis buiten rijbaan,Andere hindernis
33190,126,Hamme totem,Hamme,51.1017709,4.1469307,1.4129299852430042,51.09138238211131,4.135279322263885,2022,7,22,42008,Hamme,Normaal,Droog,"Nacht, openbare verlichting aanwezig en ontstoken",met lichtgewonden,3,Fiets,9,personenauto,Buiten Kruispunt,Gemeenteweg,binnen bebouwde kom,Tussen 2 bestuurders: Langs achteren,Geen hindernis