crash_row_id,site_id,site_name,site_gemeente,site_lat,site_long,distance_km,crash_lat,crash_long,DT_YEAR_COLLISION,DT_MONTH_COLLISION,DT_TIME,CD_NIS,TX_MUNTY_COLLISION_NL,TX_WEATHER_NL,TX_ROAD_CONDITION_NL,TX_LIGHT_CONDITION_NL,TX_CLASS_ACCIDENTS_NL,CD_ROAD_USR_TYPE1,TX_ROAD_USR_TYPE1_NL,CD_ROAD_USR_TYPE2,TX_ROAD_USR_TYPE2_NL,TX_CROSSWAY_NL,CD_ROAD_TYPE_NL,TX_BUILD_UP_AREA_NL,TX_COLLISION_TYPE_NL,TX_OBSTACLES_NL
33191,120,Zele teller 1,Zele,51.0607671,4.0547741,1.2984632527773954,51.05457598197223,4.039021586130352,2022,7,0,42028,Zele,Normaal,Droog,"Nacht, openbare verlichting aanwezig en ontstoken",met lichtgewonden,3,Fiets,10,"één bestuurder, geen hindernis",Buiten Kruispunt,Gemeenteweg,buiten bebouwde kom,"Eén bestuurder, geen hindernis (incl. val)",Geen hindernis
33191,121,Zele teller 2,Zele,51.0604067,4.0556696,1.3319809236322537,51.05457598197223,4.039021586130352,2022,7,0,42028,Zele,Normaal,Droog,"Nacht, openbare verlichting aanwezig en ontstoken",met lichtgewonden,3,Fiets,10,"één bestuurder, geen hindernis",Buiten Kruispunt,Gemeenteweg,buiten bebouwde kom,"Eén bestuurder, geen hindernis (incl. val)",Geen hindernis
33193,120,Zele teller 1,Zele,51.0607671,4.0547741,1.378219514006932,51.06955227719786,4.040861118080431,2022,7,22,42028,Zele,Onbekend,Droog,"Nacht, openbare verlichting aanwezig en ontstoken",met lichtgewonden,3,Fiets,11,een weggebruiker tegen een hindernis,Buiten Kruispunt,Gemeenteweg,binnen bebouwde kom,Weggebruiker tegen hindernis buiten rijbaan,Andere hindernis
33193,121,Zele teller 2,Zele,51.0604067,4.0556696,1.4508588071299524,51.06955227719786,4.040861118080431,2022,7,22,42028,Zele,Onbekend,Droog,"Nacht, openbare verlichting aanwezig en ontstoken",met lichtgewonden,3,Fiets,11,een weggebruiker tegen een hindernis,Buiten Kruispunt,Gemeenteweg,binnen bebouwde kom,Weggebruiker tegen hindernis buiten rijbaan,Andere hindernis
33209,10,Aalst 2,Aalst,50.93549,4.01571,1.0244801725499522,50.94399010075696,4.021350840481354,2022,7,15,41002,Aalst,Normaal,Droog,Dag,met lichtgewonden,9,personenauto,3,Fiets,Buiten Kruispunt,Gewestweg,binnen bebouwde kom,Tss. 2 best.: langs opzij (voor-/achterkant-flank),Geen hindernis
33209,19,Aalst 1,Aalst,50.93433,4.01471,1.1706096335958658,50.94399010075696,4.021350840481354,2022,7,15,41002,Aalst,Normaal,Droog,Dag,met lichtgewonden,9,personenauto,3,Fiets,Buiten Kruispunt,Gewestweg,binnen bebouwde kom,Tss. 2 best.: langs opzij (voor-/achterkant-flank),Geen hindernis
33209,11,Aalst 3,Aalst,50.93385,4.01647,1.178253327660597,50.94399010075696,4.021350840481354,2022,7,15,41002,Aalst,Normaal,Droog,Dag,met lichtgewonden,9,personenauto,3,Fiets,Buiten Kruispunt,Gewestweg,binnen bebouwde kom,Tss. 2 best.: langs opzij (voor-/achterkant-flank),Geen hindernis
33210,11,Aalst 3,Aalst,50.93385,4.01647,1.4752418380928816,50.92790700754844,4.035290314931235,2022,7,11,41002,Aalst,Normaal,Droog,Dag,met lichtgewonden,5,Lichte vrachtauto,3,Fiets,Buiten Kruispunt,Gewestweg,binnen bebouwde kom,Tss. 2 best.: langs opzij (voor-/achterkant-flank),Geen hindernis
33210,19,Aalst 1,Aalst,50.93433,4.01471,1.6094376641767838,50.92790700754844,4.035290314931235,2022,7,11,41002,Aalst,Normaal,Droog,Dag,met lichtgewonden,5,Lichte vrachtauto,3,Fiets,Buiten Kruispunt,Gewestweg,binnen bebouwde kom,Tss. 2 best.: langs opzij (voor-/achterkant-flank),Geen hindernis
33210,10,Aalst 2,Aalst,50.93549,4.01571,1.6105532322946032,50.92790700754844,4.035290314931235,2022,7,11,41002,Aalst,Normaal,Droog,Dag,met lichtgewonden,5,Lichte vrachtauto,3,Fiets,Buiten Kruispunt,Gewestweg,binnen bebouwde kom,Tss. 2 best.: langs opzij (voor-/achterkant-flank),Geen hindernis
33211,10,Aalst 2,Aalst,50.93549,4.01571,0.8104873711485189,50.94244931480817,4.019148852629971,2022,7,13,41002,Aalst,Normaal,Droog,Dag,met lichtgewonden,6,Bromfiets,3,Fiets,Op Kruispunt,Gewestweg,binnen bebouwde kom,Tss. 2 best.: langs opzij (voor-/achterkant-flank),Geen hindernis
33211,19,Aalst 1,Aalst,50.93433,4.01471,0.9549011090051904,50.94244931480817,4.019148852629971,2022,7,13,41002,Aalst,Normaal,Droog,Dag,met lichtgewonden,6,Bromfiets,3,Fiets,Op Kruispunt,Gewestweg,binnen bebouwde kom,Tss. 2 best.: langs opzij (voor-/achterkant-flank),Geen hindernis
33211,11,Aalst 3,Aalst,50.93385,4.01647,0.9744502334499863,50.94244931480817,4.019148852629971,2022,7,13,41002,Aalst,Normaal,Droog,Dag,met lichtgewonden,6,Bromfiets,3,Fiets,Op Kruispunt,Gewestweg,binnen bebouwde kom,Tss. 2 best.: langs opzij (voor-/achterkant-flank),Geen hindernis
33212,11,Aalst 3,Aalst,50.93385,4.01647,1.427886457627132,50.92833824899436,4.034872482482606,2022,7,14,41002,Aalst,Normaal,Droog,Dag,met lichtgewonden,4,Vrachtwagen,3,Fiets,Buiten Kruispunt,Gewestweg,binnen bebouwde kom,Tss. 2 best.: langs opzij (voor-/achterkant-flank),Geen hindernis
33212,10,Aalst 2,Aalst,50.93549,4.01571,1.5607037644296038,50.92833824899436,4.034872482482606,2022,7,14,41002,Aalst,Normaal,Droog,Dag,met lichtgewonden,4,Vrachtwagen,3,Fiets,Buiten Kruispunt,Gewestweg,binnen bebouwde kom,Tss. 2 best.: langs opzij (voor-/achterkant-flank),Geen hindernis
33212,19,Aalst 1,Aalst,50.93433,4.01471,1.5621992022151723,50.92833824899436,4.034872482482606,2022,7,14,41002,Aalst,Normaal,Droog,Dag,met lichtgewonden,4,Vrachtwagen,3,Fiets,Buiten Kruispunt,Gewestweg,binnen bebouwde kom,Tss. 2 best.: langs opzij (voor-/achterkant-flank),Geen hindernis
33219,125,Dendermonde totem,Dendermonde,51.0372706,4.1025998,1.2319288065680085,51.0262307129469,4.101120765898244,2022,7,15,42006,Dendermonde,Normaal,Droog,Dag,met lichtgewonden,9,personenauto,3,Fiets,Buiten Kruispunt,Gemeenteweg,binnen bebouwde kom,Tss. 2 best.: langs opzij (voor-/achterkant-flank),Geen hindernis
33219,122,Dendermonde teller 2,Dendermonde,51.0373918,4.1019222,1.2423210233905173,51.0262307129469,4.101120765898244,2022,7,15,42006,Dendermonde,Normaal,Droog,Dag,met lichtgewonden,9,personenauto,3,Fiets,Buiten Kruispunt,Gemeenteweg,binnen bebouwde kom,Tss. 2 best.: langs opzij (voor-/achterkant-flank),Geen hindernis
33222,125,Dendermonde totem,Dendermonde,51.0372706,4.1025998,2.158086274778973,51.0178634776367,4.102284401585267,2022,7,15,42006,Dendermonde,Normaal,Droog,Dag,met lichtgewonden,9,personenauto,3,Fiets,Buiten Kruispunt,Gemeenteweg,binnen bebouwde kom,Tss. 2 best.: langs opzij (voor-/achterkant-flank),Geen hindernis
33222,122,Dendermonde teller 2,Dendermonde,51.0373918,4.1019222,2.171598114034849,51.0178634776367,4.102284401585267,2022,7,15,42006,Dendermonde,Normaal,Droog,Dag,met lichtgewonden,9,personenauto,3,Fiets,Buiten Kruispunt,Gemeenteweg,binnen bebouwde kom,Tss. 2 best.: langs opzij (voor-/achterkant-flank),Geen hindernis
33223,122,Dendermonde teller 2,Dendermonde,51.0373918,4.1019222,0.738850685495736,51.031063475410605,4.098700899237459,2022,7,15,42006,Dendermonde,Normaal,Droog,Dag,met lichtgewonden,9,personenauto,3,Fiets,Buiten Kruispunt,Gemeenteweg,binnen bebouwde kom,Tss. 2 best.: langs opzij (voor-/achterkant-flank),Geen hindernis
33223,125,Dendermonde totem,Dendermonde,51.0372706,4.1025998,0.7420956984322707,51.031063475410605,4.098700899237459,2022,7,15,42006,Dendermonde,Normaal,Droog,Dag,met lichtgewonden,9,personenauto,3,Fiets,Buiten Kruispunt,Gemeenteweg,binnen bebouwde kom,Tss. 2 best.: langs opzij (voor-/achterkant-flank),Geen hindernis
33228,142,TEST Validatie BRUGGE Y2H22022134,Brugge,51.22632,3.24095,1.9957316029095191,51.209798845890504,3.2297533437637735,2022,7,16,31005,Brugge,Normaal,Droog,Dag,met lichtgewonden,3,Fiets,9,personenauto,Buiten Kruispunt,Gewestweg,binnen bebouwde kom,Tss. 2 best.: langs opzij (voor-/achterkant-flank),Geen hindernis
33228,52,Brugge,Brugge,51.22632,3.24095,1.9957316029095191,51.209798845890504,3.2297533437637735,2022,7,16,31005,Brugge,Normaal,Droog,Dag,met lichtgewonden,3,Fiets,9,personenauto,Buiten Kruispunt,Gewestweg,binnen bebouwde kom,Tss. 2 best.: langs opzij (voor-/achterkant-flank),Geen hindernis
33228,54,Brugge teller 2,Brugge,51.23015,3.22818,2.2655964448238004,51.209798845890504,3.2297533437637735,2022,7,16,31005,Brugge,Normaal,Droog,Dag,met lichtgewonden,3,Fiets,9,personenauto,Buiten Kruispunt,Gewestweg,binnen bebouwde kom,Tss. 2 best.: langs opzij (voor-/achterkant-flank),Geen hindernis
33228,53,Brugge teller 1,Brugge,51.23023,3.228,2.2751200600241615,51.209798845890504,3.2297533437637735,2022,7,16,31005,Brugge,Normaal,Droog,Dag,met lichtgewonden,3,Fiets,9,personenauto,Buiten Kruispunt,Gewestweg,binnen bebouwde kom,Tss. 2 best.: langs opzij (voor-/achterkant-flank),Geen hindernis
33233,142,TEST Validatie BRUGGE Y2H22022134,Brugge,51.22632,3.24095,1.1539992949822409,51.22474653312925,3.2573301785437065,2022,7,17,31005,Brugge,Normaal,Droog,Dag,met zwaargewonden,3,Fiets,3,Fiets,Buiten Kruispunt,Gemeenteweg,buiten bebouwde kom,Tussen 2 bestuurders: Flank tegen flank,Geen hindernis
33233,52,Brugge,Brugge,51.22632,3.24095,1.1539992949822409,51.22474653312925,3.2573301785437065,2022,7,17,31005,Brugge,Normaal,Droog,Dag,met zwaargewonden,3,Fiets,3,Fiets,Buiten Kruispunt,Gemeenteweg,buiten bebouwde kom,Tussen 2 bestuurders: Flank tegen flank,Geen hindernis
33233,54,Brugge teller 2,Brugge,51.23015,3.22818,2.116891296029764,51.22474653312925,3.2573301785437065,2022,7,17,31005,Brugge,Normaal,Droog,Dag,met zwaargewonden,3,Fiets,3,Fiets,Buiten Kruispunt,Gemeenteweg,buiten bebouwde kom,Tussen 2 bestuurders: Flank tegen flank,Geen hindernis
33233,53,Brugge teller 1,Brugge,51.23023,3.228,2.131438820564042,51.22474653312925,3.2573301785437065,2022,7,17,31005,Brugge,Normaal,Droog,Dag,met zwaargewonden,3,Fiets,3,Fiets,Buiten Kruispunt,Gemeenteweg,buiten bebouwde kom,Tussen 2 bestuurders: Flank tegen flank,Geen hindernis
33234,50,"Brugge, Sint-Andries",Brugge,51.19291,3.16252,1.3150796805237774,51.19727848523948,3.1800578033689204,2022,7,13,31005,Brugge,Normaal,Droog,Dag,met zwaargewonden,3,Fiets,8,Voetganger,Buiten Kruispunt,Gewestweg,binnen bebouwde kom,Met een voetganger,Geen hindernis
33234,51,"Brugge, Sint-Andries",Brugge,51.19281,3.16252,1.3192286053217575,51.19727848523948,3.1800578033689204,2022,7,13,31005,Brugge,Normaal,Droog,Dag,met zwaargewonden,3,Fiets,8,Voetganger,Buiten Kruispunt,Gewestweg,binnen bebouwde kom,Met een voetganger,Geen hindernis
33235,50,"Brugge, Sint-Andries",Brugge,51.19291,3.16252,2.0822094200476853,51.19921996841162,3.190654368976997,2022,7,16,31005,Brugge,Normaal,Droog,Dag,met lichtgewonden,9,personenauto,3,Fiets,Buiten Kruispunt,Gewestweg,binnen bebouwde kom,Tussen 2 bestuurders: Frontale botsing,Geen hindernis
33235,51,"Brugge, Sint-Andries",Brugge,51.19281,3.16252,2.085984596372382,51.19921996841162,3.190654368976997,2022,7,16,31005,Brugge,Normaal,Droog,Dag,met lichtgewonden,9,personenauto,3,Fiets,Buiten Kruispunt,Gewestweg,binnen bebouwde kom,Tussen 2 bestuurders: Frontale botsing,Geen hindernis
33236,142,TEST Validatie BRUGGE Y2H22022134,Brugge,51.22632,3.24095,2.283093895433251,51.208818883015255,3.223807829842653,2022,7,15,31005,Brugge,Normaal,Droog,Dag,met lichtgewonden,3,Fiets,3,Fiets,Buiten Kruispunt,Gewestweg,binnen bebouwde kom,Tussen 2 bestuurders: Flank tegen flank,Geen hindernis
33236,52,Brugge,Brugge,51.22632,3.24095,2.283093895433251,51.208818883015255,3.223807829842653,2022,7,15,31005,Brugge,Normaal,Droog,Dag,met lichtgewonden,3,Fiets,3,Fiets,Buiten Kruispunt,Gewestweg,binnen bebouwde kom,Tussen 2 bestuurders: Flank tegen flank,Geen hindernis
33236,54,Brugge teller 2,Brugge,51.23015,3.22818,2.391377936896982,51.208818883015255,3.223807829842653,2022,7,15,31005,Brugge,Normaal,Droog,Dag,met lichtgewonden,3,Fiets,3,Fiets,Buiten Kruispunt,Gewestweg,binnen bebouwde kom,Tussen 2 bestuurders: Flank tegen flank,Geen hindernis
33236,53,Brugge teller 1,Brugge,51.23023,3.228,2.398643174686464,51.208818883015255,3.223807829842653,2022,7,15,31005,Brugge,Normaal,Droog,Dag,met lichtgewonden,3,Fiets,3,Fiets,Buiten Kruispunt,Gewestweg,binnen bebouwde kom,Tussen 2 bestuurders: Flank tegen flank,Geen hindernis
33237,20,Brugge,Brugge,51.17416,3.20048,1.0761898570131405,51.18303899541452,3.194336026082695,2022,7,19,31005,Brugge,Normaal,"Vuil (zand, grint, bladeren,...)",Dag,met lichtgewonden,3,Fiets,11,een weggebruiker tegen een hindernis,Buiten Kruispunt,Gemeenteweg,binnen bebouwde kom,Weggebruiker tegen hindernis op de rijbaan,"Op de rijbaan: Werken (signal., aarde, toestel,…)"
33237,51,"Brugge, Sint-Andries",Brugge,51.19281,3.16252,2.469245304902728,51.18303899541452,3.194336026082695,2022,7,19,31005,Brugge,Normaal,"Vuil (zand, grint, bladeren,...)",Dag,met lichtgewonden,3,Fiets,11,een weggebruiker tegen een hindernis,Buiten Kruispunt,Gemeenteweg,binnen bebouwde kom,Weggebruiker tegen hindernis op de rijbaan,"Op de rijbaan: Werken (signal., aarde, toestel,…)"
33237,50,"Brugge, Sint-Andries",Brugge,51.19291,3.16252,2.4741559567725373,51.18303899541452,3.194336026082695,2022,7,19,31005,Brugge,Normaal,"Vuil (zand, grint, bladeren,...)",Dag,met lichtgewonden,3,Fiets,11,een weggebruiker tegen een hindernis,Buiten Kruispunt,Gemeenteweg,binnen bebouwde kom,Weggebruiker tegen hindernis op de rijbaan,"Op de rijbaan: Werken (signal., aarde, toestel,…)"
33238,20,Brugge,Brugge,51.17416,3.20048,1.6697113061971856,51.18715629789027,3.212479172885505,2022,7,18,31005,Brugge,Normaal,Droog,Dag,met zwaargewonden,3,Fiets,9,personenauto,Buiten Kruispunt,Gemeenteweg,binnen bebouwde kom,Tss. 2 best.: langs opzij (voor-/achterkant-flank),Geen hindernis
33241,53,Brugge teller 1,Brugge,51.23023,3.228,2.3521341909792937,51.21337949657685,3.207582676676995,2022,7,14,31005,Brugge,Normaal,Droog+Proper,Dag,met lichtgewonden,3,Fiets,9,personenauto,Op Kruispunt,Gemeenteweg,binnen bebouwde kom,Tss. 2 best.: langs opzij (voor-/achterkant-flank),Geen hindernis
33241,54,Brugge teller 2,Brugge,51.23015,3.22818,2.35267694577386,51.21337949657685,3.207582676676995,2022,7,14,31005,Brugge,Normaal,Droog+Proper,Dag,met lichtgewonden,3,Fiets,9,personenauto,Op Kruispunt,Gemeenteweg,binnen bebouwde kom,Tss. 2 best.: langs opzij (voor-/achterkant-flank),Geen hindernis
33242,142,TEST Validatie BRUGGE Y2H22022134,Brugge,51.22632,3.24095,2.040946693595291,51.21122289081553,3.2242836608925773,2022,7,14,31005,Brugge,Normaal,Droog,Dag,met lichtgewonden,9,personenauto,3,Fiets,Buiten Kruispunt,Gewestweg,binnen bebouwde kom,Tussen 2 bestuurders: Frontale botsing,Geen hindernis
33242,52,Brugge,Brugge,51.22632,3.24095,2.040946693595291,51.21122289081553,3.2242836608925773,2022,7,14,31005,Brugge,Normaal,Droog,Dag,met lichtgewonden,9,personenauto,3,Fiets,Buiten Kruispunt,Gewestweg,binnen bebouwde kom,Tussen 2 bestuurders: Frontale botsing,Geen hindernis
33242,54,Brugge teller 2,Brugge,51.23015,3.22818,2.122020045268452,51.21122289081553,3.2242836608925773,2022,7,14,31005,Brugge,Normaal,Droog,Dag,met lichtgewonden,9,personenauto,3,Fiets,Buiten Kruispunt,Gewestweg,binnen bebouwde kom,Tussen 2 bestuurders: Frontale botsing,Geen hindernis
33242,53,Brugge teller 1,Brugge,51.23023,3.228,2.129282780605888,51.21122289081553,3.2242836608925773,2022,7,14,31005,Brugge,Normaal,Droog,Dag,met lichtgewonden,9,personenauto,3,Fiets,Buiten Kruispunt,Gewestweg,binnen bebouwde kom,Tussen 2 bestuurders: Frontale botsing,Geen hindernis
33244,142,TEST Validatie BRUGGE Y2H22022134,Brugge,51.22632,3.24095,1.268162390875946,51.214951971762616,3.2394877813245415,2022,7,14,31005,Brugge,Normaal,Droog,Dag,met lichtgewonden,3,Fiets,3,Fiets,Buiten Kruispunt,Gewestweg,buiten bebouwde kom,Tussen 2 bestuurders: Frontale botsing,Geen hindernis
33244,52,Brugge,Brugge,51.22632,3.24095,1.268162390875946,51.214951971762616,3.2394877813245415,2022,7,14,31005,Brugge,Normaal,Droog,Dag,met lichtgewonden,3,Fiets,3,Fiets,Buiten Kruispunt,Gewestweg,buiten bebouwde kom,Tussen 2 bestuurders: Frontale botsing,Geen hindernis
33244,54,Brugge teller 2,Brugge,51.23015,3.22818,1.8644150091797835,51.214951971762616,3.2394877813245415,2022,7,14,31005,Brugge,Normaal,Droog,Dag,met lichtgewonden,3,Fiets,3,Fiets,Buiten Kruispunt,Gewestweg,buiten bebouwde kom,Tussen 2 bestuurders: Frontale botsing,Geen hindernis
33244,53,Brugge teller 1,Brugge,51.23023,3.228,1.8777879187412885,51.214951971762616,3.2394877813245415,2022,7,14,31005,Brugge,Normaal,Droog,Dag,met lichtgewonden,3,Fiets,3,Fiets,Buiten Kruispunt,Gewestweg,buiten bebouwde kom,Tussen 2 bestuurders: Frontale botsing,Geen hindernis
33246,54,Brugge teller 2,Brugge,51.23015,3.22818,1.0234268878037618,51.22094697194412,3.2279778078242543,2022,7,14,31005,Brugge,Normaal,Droog,Dag,met lichtgewonden,3,Fiets,8,Voetganger,Op Kruispunt,Gewestweg,binnen bebouwde kom,Met een voetganger,Geen hindernis
33246,53,Brugge teller 1,Brugge,51.23023,3.228,1.0322267805391547,51.22094697194412,3.2279778078242543,2022,7,14,31005,Brugge,Normaal,Droog,Dag,met lichtgewonden,3,Fiets,8,Voetganger,Op Kruispunt,Gewestweg,binnen bebouwde kom,Met een voetganger,Geen hindernis
33246,52,Brugge,Brugge,51.22632,3.24095,1.0830690539840702,51.22094697194412,3.2279778078242543,2022,7,14,31005,Brugge,Normaal,Droog,Dag,met lichtgewonden,3,Fiets,8,Voetganger,Op Kruispunt,Gewestweg,binnen bebouwde kom,Met een voetganger,Geen hindernis
33246,142,TEST Validatie BRUGGE Y2H22022134,Brugge,51.22632,3.24095,1.0830690539840702,51.22094697194412,3.2279778078242543,2022,7,14,31005,Brugge,Normaal,Droog,Dag,met lichtgewonden,3,Fiets,8,Voetganger,Op Kruispunt,Gewestweg,binnen bebouwde kom,Met een voetganger,Geen hindernis
33248,54,Brugge teller 2,Brugge,51.23015,3.22818,0.9911196827421788,51.2213219502199,3.2262156107844473,2022,7,18,31005,Brugge,Normaal,Droog,Dag,met lichtgewonden,9,personenauto,3,Fiets,Op Kruispunt,Gewestweg,binnen bebouwde kom,Tss. 2 best.: langs opzij (voor-/achterkant-flank),Geen hindernis
33248,53,Brugge teller 1,Brugge,51.23023,3.228,0.9982933560483195,51.2213219502199,3.2262156107844473,2022,7,18,31005,Brugge,Normaal,Droog,Dag,met lichtgewonden,9,personenauto,3,Fiets,Op Kruispunt,Gewestweg,binnen bebouwde kom,Tss. 2 best.: langs opzij (voor-/achterkant-flank),Geen hindernis
33248,52,Brugge,Brugge,51.22632,3.24095,1.1669307990086875,51.2213219502199,3.2262156107844473,2022,7,18,31005,Brugge,Normaal,Droog,Dag,met lichtgewonden,9,personenauto,3,Fiets,Op Kruispunt,Gewestweg,binnen bebouwde kom,Tss. 2 best.: langs opzij (voor-/achterkant-flank),Geen hindernis
33248,142,TEST Validatie BRUGGE Y2H22022134,Brugge,51.22632,3.24095,1.1669307990086875,51.2213219502199,3.2262156107844473,2022,7,18,31005,Brugge,Normaal,Droog,Dag,met lichtgewonden,9,personenauto,3,Fiets,Op Kruispunt,Gewestweg,binnen bebouwde kom,Tss. 2 best.: langs opzij (voor-/achterkant-flank),Geen hindernis
33277,20,Brugge,Brugge,51.17416,3.20048,2.3508002647827886,51.15501855405867,3.186167124956017,2022,7,11,31040,Zedelgem,Normaal,Droog,Dag,met lichtgewonden,9,personenauto,3,Fiets,Buiten Kruispunt,Gewestweg,binnen bebouwde kom,Tussen 2 bestuurders: Langs achteren,Geen hindernis
33280,20,Brugge,Brugge,51.17416,3.20048,2.3037205727163914,51.15503964204868,3.1877583431946657,2022,7,7,31040,Zedelgem,Onbekend,Droog,Dag,met lichtgewonden,3,Fiets,9,personenauto,Op Kruispunt,Gewestweg,binnen bebouwde kom,Tss. 2 best.: langs opzij (voor-/achterkant-flank),Geen hindernis
33286,15,Oostende 2,Oostende,51.21371,2.92743,0.13964605796578958,51.21475684633309,2.9263224688925416,2022,7,14,35013,Oostende,Normaal,Droog,Dag,met lichtgewonden,3,Fiets,9,personenauto,Op Kruispunt,Gewestweg,binnen bebouwde kom,Tussen 2 bestuurders: Frontale botsing,Geen hindernis
33286,18,Oostende 1,Oostende,51.21378,2.92765,0.14264845884594732,51.21475684633309,2.9263224688925416,2022,7,14,35013,Oostende,Normaal,Droog,Dag,met lichtgewonden,3,Fiets,9,personenauto,Op Kruispunt,Gewestweg,binnen bebouwde kom,Tussen 2 bestuurders: Frontale botsing,Geen hindernis
33287,18,Oostende 1,Oostende,51.21378,2.92765,1.5554474813052215,51.22638056281955,2.917950961224529,2022,7,16,35013,Oostende,Normaal,Droog,Dag,met lichtgewonden,8,Voetganger,3,Fiets,Buiten Kruispunt,Gemeenteweg,binnen bebouwde kom,Met een voetganger,Geen hindernis
33287,15,Oostende 2,Oostende,51.21371,2.92743,1.5559000780442656,51.22638056281955,2.917950961224529,2022,7,16,35013,Oostende,Normaal,Droog,Dag,met lichtgewonden,8,Voetganger,3,Fiets,Buiten Kruispunt,Gemeenteweg,binnen bebouwde kom,Met een voetganger,Geen hindernis
33288,15,Oostende 2,Oostende,51.21371,2.92743,2.1940553874698923,51.22710056086025,2.904291268834886,2022,7,10,35013,Oostende,Normaal,Droog,Dag,met lichtgewonden,99,onbekend,3,Fiets,Buiten Kruispunt,Gemeenteweg,binnen bebouwde kom,Tussen 2 bestuurders: Frontale botsing,Geen hindernis
33288,18,Oostende 1,Oostende,51.21378,2.92765,2.200084689978993,51.22710056086025,2.904291268834886,2022,7,10,35013,Oostende,Normaal,Droog,Dag,met lichtgewonden,99,onbekend,3,Fiets,Buiten Kruispunt,Gemeenteweg,binnen bebouwde kom,Tussen 2 bestuurders: Frontale botsing,Geen hindernis
33289,15,Oostende 2,Oostende,51.21371,2.92743,2.135252509733251,51.228378606039,2.9076433893925957,2022,7,18,35013,Oostende,Normaal,Droog,Dag,met lichtgewonden,8,Voetganger,3,Fiets,Op Kruispunt,Gewestweg,binnen bebouwde kom,Met een voetganger,Geen hindernis
33289,18,Oostende 1,Oostende,51.21378,2.92765,2.139259349231794,51.228378606039,2.9076433893925957,2022,7,18,35013,Oostende,Normaal,Droog,Dag,met lichtgewonden,8,Voetganger,3,Fiets,Op Kruispunt,Gewestweg,binnen bebouwde kom,Met een voetganger,Geen hindernis
33290,15,Oostende 2,Oostende,51.21371,2.92743,2.0919114985906724,51.22931078780325,2.910642768197328,2022,7,9,35013,Oostende,Normaal,"Nat, plassen",Dag,met lichtgewonden,8,Voetganger,3,Fiets,Buiten Kruispunt,Gewestweg,binnen bebouwde kom,Met een voetganger,Geen vermelding van de aanwezigheid van een hindernis
33290,18,Oostende 1,Oostende,51.21378,2.92765,2.0940884770562946,51.22931078780325,2.910642768197328,2022,7,9,35013,Oostende,Normaal,"Nat, plassen",Dag,met lichtgewonden,8,Voetganger,3,Fiets,Buiten Kruispunt,Gewestweg,binnen bebouwde kom,Met een voetganger,Geen vermelding van de aanwezigheid van een hindernis
33293,18,Oostende 1,Oostende,51.21378,2.92765,2.3598126306825042,51.23273119940997,2.912398420651293,2022,7,16,35013,Oostende,Normaal,Droog,Dag,met lichtgewonden,8,Voetganger,3,Fiets,Buiten Kruispunt,Gewestweg,binnen bebouwde kom,Met een voetganger,Geen hindernis
33293,15,Oostende 2,Oostende,51.21371,2.92743,2.359930546577943,51.23273119940997,2.912398420651293,2022,7,16,35013,Oostende,Normaal,Droog,Dag,met lichtgewonden,8,Voetganger,3,Fiets,Buiten Kruispunt,Gewestweg,binnen bebouwde kom,Met een voetganger,Geen hindernis
33294,18,Oostende 1,Oostende,51.21378,2.92765,0.7685937255462681,51.218029433796396,2.9363532253304223,2022,7,11,35013,Oostende,Normaal,Droog,Dag,met lichtgewonden,3,Fiets,9,personenauto,Op Kruispunt,Gewestweg,binnen bebouwde kom,Tussen 2 bestuurders: Frontale botsing,Geen hindernis
33294,15,Oostende 2,Oostende,51.21371,2.92743,0.7854716074586043,51.218029433796396,2.9363532253304223,2022,7,11,35013,Oostende,Normaal,Droog,Dag,met lichtgewonden,3,Fiets,9,personenauto,Op Kruispunt,Gewestweg,binnen bebouwde kom,Tussen 2 bestuurders: Frontale botsing,Geen hindernis
33313,84,Roeselare totem,Izegem,50.91717,3.18772,2.0946080518486414,50.92579855438063,3.21428292862871,2022,7,9,36008,Izegem,Normaal,Droog,Dag,met lichtgewonden,9,personenauto,3,Fiets,Op Kruispunt,Gemeenteweg,binnen bebouwde kom,Tss. 2 best.: langs opzij (voor-/achterkant-flank),Geen hindernis
33314,84,Roeselare totem,Izegem,50.91717,3.18772,2.008057214905405,50.91725539885209,3.2163644625168173,2022,7,5,36008,Izegem,Normaal,Droog,Dag,met lichtgewonden,9,personenauto,3,Fiets,Op Kruispunt,Gewestweg,binnen bebouwde kom,Tussen 2 bestuurders: Frontale botsing,Geen hindernis
33315,84,Roeselare totem,Izegem,50.91717,3.18772,1.9303078980527308,50.92086935011875,3.2146242543084678,2022,7,10,36008,Izegem,Normaal,Droog,Dag,met lichtgewonden,9,personenauto,3,Fiets,Op Kruispunt,Gemeenteweg,binnen bebouwde kom,Tussen 2 bestuurders: Flank tegen flank,Geen hindernis
33319,84,Roeselare totem,Izegem,50.91717,3.18772,0.9518804107144259,50.917865738596795,3.2012536702105723,2022,7,8,36008,Izegem,Normaal,Droog,Dag,met lichtgewonden,9,personenauto,3,Fiets,Op Kruispunt,Gemeenteweg,binnen bebouwde kom,Tss. 2 best.: langs opzij (voor-/achterkant-flank),Geen hindernis