crash_row_id,site_id,site_name,site_gemeente,site_lat,site_long,distance_km,crash_lat,crash_long,DT_YEAR_COLLISION,DT_MONTH_COLLISION,DT_TIME,CD_NIS,TX_MUNTY_COLLISION_NL,TX_WEATHER_NL,TX_ROAD_CONDITION_NL,TX_LIGHT_CONDITION_NL,TX_CLASS_ACCIDENTS_NL,CD_ROAD_USR_TYPE1,TX_ROAD_USR_TYPE1_NL,CD_ROAD_USR_TYPE2,TX_ROAD_USR_TYPE2_NL,TX_CROSSWAY_NL,CD_ROAD_TYPE_NL,TX_BUILD_UP_AREA_NL,TX_COLLISION_TYPE_NL,TX_OBSTACLES_NL
33333,75,Kortrijk teller 2,Kortrijk,50.81925,3.25731,0.2773698639287628,50.82026796133372,3.2537053456331853,2022,7,18,34022,Kortrijk,Normaal,Droog,Dag,met lichtgewonden,9,personenauto,3,Fiets,Buiten Kruispunt,Gemeenteweg,binnen bebouwde kom,Tss. 2 best.: langs opzij (voor-/achterkant-flank),Geen hindernis
33333,74,Kortrijk teller 1,Kortrijk,50.81909,3.25728,0.28322351125304157,50.82026796133372,3.2537053456331853,2022,7,18,34022,Kortrijk,Normaal,Droog,Dag,met lichtgewonden,9,personenauto,3,Fiets,Buiten Kruispunt,Gemeenteweg,binnen bebouwde kom,Tss. 2 best.: langs opzij (voor-/achterkant-flank),Geen hindernis
33333,143,Eco Display Classic Budastraat,Kortrijk,50.83066,3.26286,1.3224059443598382,50.82026796133372,3.2537053456331853,2022,7,18,34022,Kortrijk,Normaal,Droog,Dag,met lichtgewonden,9,personenauto,3,Fiets,Buiten Kruispunt,Gemeenteweg,binnen bebouwde kom,Tss. 2 best.: langs opzij (voor-/achterkant-flank),Geen hindernis
33333,16,Kortrijk 1,Kortrijk,50.83332,3.27777,2.227846248127179,50.82026796133372,3.2537053456331853,2022,7,18,34022,Kortrijk,Normaal,Droog,Dag,met lichtgewonden,9,personenauto,3,Fiets,Buiten Kruispunt,Gemeenteweg,binnen bebouwde kom,Tss. 2 best.: langs opzij (voor-/achterkant-flank),Geen hindernis
33333,17,Kortrijk 2,Kortrijk,50.83339,3.27773,2.230797749728658,50.82026796133372,3.2537053456331853,2022,7,18,34022,Kortrijk,Normaal,Droog,Dag,met lichtgewonden,9,personenauto,3,Fiets,Buiten Kruispunt,Gemeenteweg,binnen bebouwde kom,Tss. 2 best.: langs opzij (voor-/achterkant-flank),Geen hindernis
33335,17,Kortrijk 2,Kortrijk,50.83339,3.27773,0.09359978456789846,50.834040056608764,3.2785767454616703,2022,7,15,34022,Kortrijk,Normaal,Droog,Dag,met lichtgewonden,3,Fiets,9,personenauto,Op Kruispunt,Gewestweg,binnen bebouwde kom,Tussen 2 bestuurders: Flank tegen flank,Geen hindernis
33335,16,Kortrijk 1,Kortrijk,50.83332,3.27777,0.09808447176755283,50.834040056608764,3.2785767454616703,2022,7,15,34022,Kortrijk,Normaal,Droog,Dag,met lichtgewonden,3,Fiets,9,personenauto,Op Kruispunt,Gewestweg,binnen bebouwde kom,Tussen 2 bestuurders: Flank tegen flank,Geen hindernis
33335,143,Eco Display Classic Budastraat,Kortrijk,50.83066,3.26286,1.1660180218396543,50.834040056608764,3.2785767454616703,2022,7,15,34022,Kortrijk,Normaal,Droog,Dag,met lichtgewonden,3,Fiets,9,personenauto,Op Kruispunt,Gewestweg,binnen bebouwde kom,Tussen 2 bestuurders: Flank tegen flank,Geen hindernis
33335,75,Kortrijk teller 2,Kortrijk,50.81925,3.25731,2.2216896131139015,50.834040056608764,3.2785767454616703,2022,7,15,34022,Kortrijk,Normaal,Droog,Dag,met lichtgewonden,3,Fiets,9,personenauto,Op Kruispunt,Gewestweg,binnen bebouwde kom,Tussen 2 bestuurders: Flank tegen flank,Geen hindernis
33335,74,Kortrijk teller 1,Kortrijk,50.81909,3.25728,2.2363019669380346,50.834040056608764,3.2785767454616703,2022,7,15,34022,Kortrijk,Normaal,Droog,Dag,met lichtgewonden,3,Fiets,9,personenauto,Op Kruispunt,Gewestweg,binnen bebouwde kom,Tussen 2 bestuurders: Flank tegen flank,Geen hindernis
33339,17,Kortrijk 2,Kortrijk,50.83339,3.27773,0.9298428925229179,50.84043931731278,3.2706071178647105,2022,7,19,34022,Kortrijk,Normaal,Droog,Dag,met lichtgewonden,3,Fiets,8,Voetganger,Buiten Kruispunt,Gemeenteweg,binnen bebouwde kom,Met een voetganger,Geen hindernis
33339,16,Kortrijk 1,Kortrijk,50.83332,3.27777,0.9379173924686606,50.84043931731278,3.2706071178647105,2022,7,19,34022,Kortrijk,Normaal,Droog,Dag,met lichtgewonden,3,Fiets,8,Voetganger,Buiten Kruispunt,Gemeenteweg,binnen bebouwde kom,Met een voetganger,Geen hindernis
33339,143,Eco Display Classic Budastraat,Kortrijk,50.83066,3.26286,1.2159121262057841,50.84043931731278,3.2706071178647105,2022,7,19,34022,Kortrijk,Normaal,Droog,Dag,met lichtgewonden,3,Fiets,8,Voetganger,Buiten Kruispunt,Gemeenteweg,binnen bebouwde kom,Met een voetganger,Geen hindernis
33340,143,Eco Display Classic Budastraat,Kortrijk,50.83066,3.26286,0.3090636948891685,50.8281282082882,3.264675870924244,2022,7,16,34022,Kortrijk,Normaal,Droog,Dag,met lichtgewonden,3,Fiets,10,"één bestuurder, geen hindernis",Buiten Kruispunt,Gemeenteweg,binnen bebouwde kom,"Eén bestuurder, geen hindernis (incl. val)",Geen hindernis
33340,16,Kortrijk 1,Kortrijk,50.83332,3.27777,1.0858156163410968,50.8281282082882,3.264675870924244,2022,7,16,34022,Kortrijk,Normaal,Droog,Dag,met lichtgewonden,3,Fiets,10,"één bestuurder, geen hindernis",Buiten Kruispunt,Gemeenteweg,binnen bebouwde kom,"Eén bestuurder, geen hindernis (incl. val)",Geen hindernis
33340,17,Kortrijk 2,Kortrijk,50.83339,3.27773,1.0876041405090517,50.8281282082882,3.264675870924244,2022,7,16,34022,Kortrijk,Normaal,Droog,Dag,met lichtgewonden,3,Fiets,10,"één bestuurder, geen hindernis",Buiten Kruispunt,Gemeenteweg,binnen bebouwde kom,"Eén bestuurder, geen hindernis (incl. val)",Geen hindernis
33340,75,Kortrijk teller 2,Kortrijk,50.81925,3.25731,1.1145803047633456,50.8281282082882,3.264675870924244,2022,7,16,34022,Kortrijk,Normaal,Droog,Dag,met lichtgewonden,3,Fiets,10,"één bestuurder, geen hindernis",Buiten Kruispunt,Gemeenteweg,binnen bebouwde kom,"Eén bestuurder, geen hindernis (incl. val)",Geen hindernis
33340,74,Kortrijk teller 1,Kortrijk,50.81909,3.25728,1.1313350974603724,50.8281282082882,3.264675870924244,2022,7,16,34022,Kortrijk,Normaal,Droog,Dag,met lichtgewonden,3,Fiets,10,"één bestuurder, geen hindernis",Buiten Kruispunt,Gemeenteweg,binnen bebouwde kom,"Eén bestuurder, geen hindernis (incl. val)",Geen hindernis
33341,75,Kortrijk teller 2,Kortrijk,50.81925,3.25731,0.8463855787902207,50.82544460107262,3.250308128892301,2022,7,21,34022,Kortrijk,Normaal,Droog,"Nacht, openbare verlichting aanwezig en ontstoken",met zwaargewonden,3,Fiets,10,"één bestuurder, geen hindernis",Buiten Kruispunt,Gemeenteweg,binnen bebouwde kom,"Eén bestuurder, geen hindernis (incl. val)",Geen hindernis
33341,74,Kortrijk teller 1,Kortrijk,50.81909,3.25728,0.8597248365941691,50.82544460107262,3.250308128892301,2022,7,21,34022,Kortrijk,Normaal,Droog,"Nacht, openbare verlichting aanwezig en ontstoken",met zwaargewonden,3,Fiets,10,"één bestuurder, geen hindernis",Buiten Kruispunt,Gemeenteweg,binnen bebouwde kom,"Eén bestuurder, geen hindernis (incl. val)",Geen hindernis
33341,143,Eco Display Classic Budastraat,Kortrijk,50.83066,3.26286,1.0552375459025591,50.82544460107262,3.250308128892301,2022,7,21,34022,Kortrijk,Normaal,Droog,"Nacht, openbare verlichting aanwezig en ontstoken",met zwaargewonden,3,Fiets,10,"één bestuurder, geen hindernis",Buiten Kruispunt,Gemeenteweg,binnen bebouwde kom,"Eén bestuurder, geen hindernis (incl. val)",Geen hindernis
33341,16,Kortrijk 1,Kortrijk,50.83332,3.27777,2.1182513395821614,50.82544460107262,3.250308128892301,2022,7,21,34022,Kortrijk,Normaal,Droog,"Nacht, openbare verlichting aanwezig en ontstoken",met zwaargewonden,3,Fiets,10,"één bestuurder, geen hindernis",Buiten Kruispunt,Gemeenteweg,binnen bebouwde kom,"Eén bestuurder, geen hindernis (incl. val)",Geen hindernis
33341,17,Kortrijk 2,Kortrijk,50.83339,3.27773,2.118925853585724,50.82544460107262,3.250308128892301,2022,7,21,34022,Kortrijk,Normaal,Droog,"Nacht, openbare verlichting aanwezig en ontstoken",met zwaargewonden,3,Fiets,10,"één bestuurder, geen hindernis",Buiten Kruispunt,Gemeenteweg,binnen bebouwde kom,"Eén bestuurder, geen hindernis (incl. val)",Geen hindernis
33343,143,Eco Display Classic Budastraat,Kortrijk,50.83066,3.26286,0.5385449667983073,50.8354951137112,3.262415657597169,2022,7,17,34022,Kortrijk,Normaal,Droog,Dag,met lichtgewonden,3,Fiets,3,Fiets,Op Kruispunt,Gewestweg,binnen bebouwde kom,Tss. 2 best.: langs opzij (voor-/achterkant-flank),Geen hindernis
33343,17,Kortrijk 2,Kortrijk,50.83339,3.27773,1.1006536868173853,50.8354951137112,3.262415657597169,2022,7,17,34022,Kortrijk,Normaal,Droog,Dag,met lichtgewonden,3,Fiets,3,Fiets,Op Kruispunt,Gewestweg,binnen bebouwde kom,Tss. 2 best.: langs opzij (voor-/achterkant-flank),Geen hindernis
33343,16,Kortrijk 1,Kortrijk,50.83332,3.27777,1.1050768643027735,50.8354951137112,3.262415657597169,2022,7,17,34022,Kortrijk,Normaal,Droog,Dag,met lichtgewonden,3,Fiets,3,Fiets,Op Kruispunt,Gewestweg,binnen bebouwde kom,Tss. 2 best.: langs opzij (voor-/achterkant-flank),Geen hindernis
33343,75,Kortrijk teller 2,Kortrijk,50.81925,3.25731,1.8416262309485762,50.8354951137112,3.262415657597169,2022,7,17,34022,Kortrijk,Normaal,Droog,Dag,met lichtgewonden,3,Fiets,3,Fiets,Op Kruispunt,Gewestweg,binnen bebouwde kom,Tss. 2 best.: langs opzij (voor-/achterkant-flank),Geen hindernis
33343,74,Kortrijk teller 1,Kortrijk,50.81909,3.25728,1.8594878142514697,50.8354951137112,3.262415657597169,2022,7,17,34022,Kortrijk,Normaal,Droog,Dag,met lichtgewonden,3,Fiets,3,Fiets,Op Kruispunt,Gewestweg,binnen bebouwde kom,Tss. 2 best.: langs opzij (voor-/achterkant-flank),Geen hindernis
33355,17,Kortrijk 2,Kortrijk,50.83339,3.27773,2.318432349039164,50.84558107006103,3.3045151663679784,2022,7,23,34013,Harelbeke,Normaal,Droog,"Nacht, openb. verlicht. aanw., maar niet ontstoken",met lichtgewonden,3,Fiets,10,"één bestuurder, geen hindernis",Buiten Kruispunt,Gemeenteweg,binnen bebouwde kom,"Eén bestuurder, geen hindernis (incl. val)",Geen hindernis
33355,16,Kortrijk 1,Kortrijk,50.83332,3.27777,2.320719609598423,50.84558107006103,3.3045151663679784,2022,7,23,34013,Harelbeke,Normaal,Droog,"Nacht, openb. verlicht. aanw., maar niet ontstoken",met lichtgewonden,3,Fiets,10,"één bestuurder, geen hindernis",Buiten Kruispunt,Gemeenteweg,binnen bebouwde kom,"Eén bestuurder, geen hindernis (incl. val)",Geen hindernis
33365,64,Nieuwpoort teller 1,Nieuwpoort,51.13359,2.75737,0.3784142643714355,51.13018828949329,2.7572116677789595,2022,7,12,38016,Nieuwpoort,Normaal,Droog,Dag,met lichtgewonden,9,personenauto,3,Fiets,Op Kruispunt,Gemeenteweg,binnen bebouwde kom,Tussen 2 bestuurders: Frontale botsing,Geen hindernis
33365,65,Nieuwpoort teller 2,Nieuwpoort,51.13435,2.75511,0.4854418928116548,51.13018828949329,2.7572116677789595,2022,7,12,38016,Nieuwpoort,Normaal,Droog,Dag,met lichtgewonden,9,personenauto,3,Fiets,Op Kruispunt,Gemeenteweg,binnen bebouwde kom,Tussen 2 bestuurders: Frontale botsing,Geen hindernis
33365,66,Nieuwpoort totem,Nieuwpoort,51.1347,2.74369,1.068589969744299,51.13018828949329,2.7572116677789595,2022,7,12,38016,Nieuwpoort,Normaal,Droog,Dag,met lichtgewonden,9,personenauto,3,Fiets,Op Kruispunt,Gemeenteweg,binnen bebouwde kom,Tussen 2 bestuurders: Frontale botsing,Geen hindernis
33365,63,Nieuwpoort teller 3,Nieuwpoort,51.13529,2.74289,1.1491099198366566,51.13018828949329,2.7572116677789595,2022,7,12,38016,Nieuwpoort,Normaal,Droog,Dag,met lichtgewonden,9,personenauto,3,Fiets,Op Kruispunt,Gemeenteweg,binnen bebouwde kom,Tussen 2 bestuurders: Frontale botsing,Geen hindernis
33366,66,Nieuwpoort totem,Nieuwpoort,51.1347,2.74369,0.2508140298953301,51.133204421167264,2.7463808548766377,2022,7,8,38016,Nieuwpoort,Normaal,Droog,Dag,met lichtgewonden,3,Fiets,9,personenauto,Op Kruispunt,Gewestweg,binnen bebouwde kom,Tss. 2 best.: langs opzij (voor-/achterkant-flank),Geen hindernis
33366,63,Nieuwpoort teller 3,Nieuwpoort,51.13529,2.74289,0.33631539821544415,51.133204421167264,2.7463808548766377,2022,7,8,38016,Nieuwpoort,Normaal,Droog,Dag,met lichtgewonden,3,Fiets,9,personenauto,Op Kruispunt,Gewestweg,binnen bebouwde kom,Tss. 2 best.: langs opzij (voor-/achterkant-flank),Geen hindernis
33366,65,Nieuwpoort teller 2,Nieuwpoort,51.13435,2.75511,0.622256356923928,51.133204421167264,2.7463808548766377,2022,7,8,38016,Nieuwpoort,Normaal,Droog,Dag,met lichtgewonden,3,Fiets,9,personenauto,Op Kruispunt,Gewestweg,binnen bebouwde kom,Tss. 2 best.: langs opzij (voor-/achterkant-flank),Geen hindernis
33366,64,Nieuwpoort teller 1,Nieuwpoort,51.13359,2.75737,0.7679746996754238,51.133204421167264,2.7463808548766377,2022,7,8,38016,Nieuwpoort,Normaal,Droog,Dag,met lichtgewonden,3,Fiets,9,personenauto,Op Kruispunt,Gewestweg,binnen bebouwde kom,Tss. 2 best.: langs opzij (voor-/achterkant-flank),Geen hindernis
33367,65,Nieuwpoort teller 2,Nieuwpoort,51.13435,2.75511,0.6273851514313613,51.129202703554164,2.751427606963608,2022,7,9,38016,Nieuwpoort,Normaal,Droog,Dag,met lichtgewonden,3,Fiets,3,Fiets,Op Kruispunt,Gewestweg,binnen bebouwde kom,Tussen 2 bestuurders: Frontale botsing,Geen hindernis
33367,64,Nieuwpoort teller 1,Nieuwpoort,51.13359,2.75737,0.6402580564678894,51.129202703554164,2.751427606963608,2022,7,9,38016,Nieuwpoort,Normaal,Droog,Dag,met lichtgewonden,3,Fiets,3,Fiets,Op Kruispunt,Gewestweg,binnen bebouwde kom,Tussen 2 bestuurders: Frontale botsing,Geen hindernis
33367,66,Nieuwpoort totem,Nieuwpoort,51.1347,2.74369,0.8155740637471712,51.129202703554164,2.751427606963608,2022,7,9,38016,Nieuwpoort,Normaal,Droog,Dag,met lichtgewonden,3,Fiets,3,Fiets,Op Kruispunt,Gewestweg,binnen bebouwde kom,Tussen 2 bestuurders: Frontale botsing,Geen hindernis
33367,63,Nieuwpoort teller 3,Nieuwpoort,51.13529,2.74289,0.9016985944875875,51.129202703554164,2.751427606963608,2022,7,9,38016,Nieuwpoort,Normaal,Droog,Dag,met lichtgewonden,3,Fiets,3,Fiets,Op Kruispunt,Gewestweg,binnen bebouwde kom,Tussen 2 bestuurders: Frontale botsing,Geen hindernis
33368,65,Nieuwpoort teller 2,Nieuwpoort,51.13435,2.75511,0.2663953771580641,51.1319819140439,2.754531473544644,2022,7,14,38016,Nieuwpoort,Normaal,Droog+Proper,Dag,met lichtgewonden,3,Fiets,9,personenauto,Op Kruispunt,Gemeenteweg,binnen bebouwde kom,Tss. 2 best.: langs opzij (voor-/achterkant-flank),Geen hindernis
33368,64,Nieuwpoort teller 1,Nieuwpoort,51.13359,2.75737,0.26683780675045143,51.1319819140439,2.754531473544644,2022,7,14,38016,Nieuwpoort,Normaal,Droog+Proper,Dag,met lichtgewonden,3,Fiets,9,personenauto,Op Kruispunt,Gemeenteweg,binnen bebouwde kom,Tss. 2 best.: langs opzij (voor-/achterkant-flank),Geen hindernis
33368,66,Nieuwpoort totem,Nieuwpoort,51.1347,2.74369,0.8146166663994202,51.1319819140439,2.754531473544644,2022,7,14,38016,Nieuwpoort,Normaal,Droog+Proper,Dag,met lichtgewonden,3,Fiets,9,personenauto,Op Kruispunt,Gemeenteweg,binnen bebouwde kom,Tss. 2 best.: langs opzij (voor-/achterkant-flank),Geen hindernis
33368,63,Nieuwpoort teller 3,Nieuwpoort,51.13529,2.74289,0.8916963130606067,51.1319819140439,2.754531473544644,2022,7,14,38016,Nieuwpoort,Normaal,Droog+Proper,Dag,met lichtgewonden,3,Fiets,9,personenauto,Op Kruispunt,Gemeenteweg,binnen bebouwde kom,Tss. 2 best.: langs opzij (voor-/achterkant-flank),Geen hindernis
33371,67,Ieper totem,Ieper,50.85018,2.85624,2.182385309411035,50.857890204841205,2.8848299522897984,2022,7,6,33011,Ieper,Normaal,Droog,Dag,met zwaargewonden,9,personenauto,3,Fiets,Buiten Kruispunt,Gewestweg,binnen bebouwde kom,Tss. 2 best.: langs opzij (voor-/achterkant-flank),Geen hindernis
33371,68,Ieper,Ieper,50.85032,2.85608,2.1866757961769023,50.857890204841205,2.8848299522897984,2022,7,6,33011,Ieper,Normaal,Droog,Dag,met zwaargewonden,9,personenauto,3,Fiets,Buiten Kruispunt,Gewestweg,binnen bebouwde kom,Tss. 2 best.: langs opzij (voor-/achterkant-flank),Geen hindernis
33372,67,Ieper totem,Ieper,50.85018,2.85624,1.4129689420809164,50.85137882876853,2.876277401543291,2022,7,19,33011,Ieper,Normaal,Droog,Dag,met lichtgewonden,3,Fiets,10,"één bestuurder, geen hindernis",Buiten Kruispunt,Gewestweg,binnen bebouwde kom,"Eén bestuurder, geen hindernis (incl. val)",Geen hindernis
33372,68,Ieper,Ieper,50.85032,2.85608,1.422776734288885,50.85137882876853,2.876277401543291,2022,7,19,33011,Ieper,Normaal,Droog,Dag,met lichtgewonden,3,Fiets,10,"één bestuurder, geen hindernis",Buiten Kruispunt,Gewestweg,binnen bebouwde kom,"Eén bestuurder, geen hindernis (incl. val)",Geen hindernis
33375,67,Ieper totem,Ieper,50.85018,2.85624,2.3318833548252296,50.85170552116177,2.8893688530682446,2022,7,11,33011,Ieper,Normaal,Droog,Dag,met lichtgewonden,3,Fiets,10,"één bestuurder, geen hindernis",Buiten Kruispunt,Gewestweg,binnen bebouwde kom,"Eén bestuurder, geen hindernis (incl. val)",Geen hindernis
33375,68,Ieper,Ieper,50.85032,2.85608,2.342006985367241,50.85170552116177,2.8893688530682446,2022,7,11,33011,Ieper,Normaal,Droog,Dag,met lichtgewonden,3,Fiets,10,"één bestuurder, geen hindernis",Buiten Kruispunt,Gewestweg,binnen bebouwde kom,"Eén bestuurder, geen hindernis (incl. val)",Geen hindernis
33376,62,Wervik teller 1,Wervik,50.8058,3.09154,1.6748595466822742,50.81997531619216,3.0834800930186255,2022,7,9,33029,Wervik,Normaal,Droog,Dag,dodelijk gewonden,7,Motorfiets,3,Fiets,Buiten Kruispunt,Gemeenteweg,buiten bebouwde kom,Tss. 2 best.: langs opzij (voor-/achterkant-flank),Geen hindernis
33376,61,Wervik teller 2,Wervik,50.80555,3.0921,1.71454718941468,50.81997531619216,3.0834800930186255,2022,7,9,33029,Wervik,Normaal,Droog,Dag,dodelijk gewonden,7,Motorfiets,3,Fiets,Buiten Kruispunt,Gemeenteweg,buiten bebouwde kom,Tss. 2 best.: langs opzij (voor-/achterkant-flank),Geen hindernis
33381,68,Ieper,Ieper,50.85032,2.85608,0.16667368999733542,50.850736429052986,2.8537992754429413,2022,7,8,33011,Ieper,Normaal,Droog,Dag,met lichtgewonden,3,Fiets,11,een weggebruiker tegen een hindernis,Buiten Kruispunt,Gewestweg,buiten bebouwde kom,Weggebruiker tegen hindernis op de rijbaan,"Op de rijbaan: Put, straatgoot, tramspoor"
33381,67,Ieper totem,Ieper,50.85018,2.85624,0.18217377534787005,50.850736429052986,2.8537992754429413,2022,7,8,33011,Ieper,Normaal,Droog,Dag,met lichtgewonden,3,Fiets,11,een weggebruiker tegen een hindernis,Buiten Kruispunt,Gewestweg,buiten bebouwde kom,Weggebruiker tegen hindernis op de rijbaan,"Op de rijbaan: Put, straatgoot, tramspoor"
33385,67,Ieper totem,Ieper,50.85018,2.85624,0.9784325281965164,50.849073254866376,2.8700663523019525,2022,7,18,33011,Ieper,Normaal,Droog,Dag,met lichtgewonden,3,Fiets,3,Fiets,Buiten Kruispunt,Gewestweg,binnen bebouwde kom,Tussen 2 bestuurders: Langs achteren,Geen hindernis
33385,68,Ieper,Ieper,50.85032,2.85608,0.9916317491019029,50.849073254866376,2.8700663523019525,2022,7,18,33011,Ieper,Normaal,Droog,Dag,met lichtgewonden,3,Fiets,3,Fiets,Buiten Kruispunt,Gewestweg,binnen bebouwde kom,Tussen 2 bestuurders: Langs achteren,Geen hindernis
33387,62,Wervik teller 1,Wervik,50.8058,3.09154,1.206788717384476,50.80967991912091,3.0755006253258768,2022,7,9,33029,Wervik,Normaal,Droog+Proper,Dag,met lichtgewonden,9,personenauto,3,Fiets,Op Kruispunt,Gewestweg,binnen bebouwde kom,Tss. 2 best.: langs opzij (voor-/achterkant-flank),Geen hindernis
33387,61,Wervik teller 2,Wervik,50.80555,3.0921,1.2535350363432332,50.80967991912091,3.0755006253258768,2022,7,9,33029,Wervik,Normaal,Droog+Proper,Dag,met lichtgewonden,9,personenauto,3,Fiets,Op Kruispunt,Gewestweg,binnen bebouwde kom,Tss. 2 best.: langs opzij (voor-/achterkant-flank),Geen hindernis
33390,67,Ieper totem,Ieper,50.85018,2.85624,0.6913364380444987,50.848907566810375,2.8658791088597377,2022,7,16,33011,Ieper,Normaal,Droog,Dag,met lichtgewonden,3,Fiets,11,een weggebruiker tegen een hindernis,Buiten Kruispunt,Gewestweg,buiten bebouwde kom,Weggebruiker tegen hindernis op de rijbaan,"Op de rijbaan: Put, straatgoot, tramspoor"
33390,68,Ieper,Ieper,50.85032,2.85608,0.7056349220506635,50.848907566810375,2.8658791088597377,2022,7,16,33011,Ieper,Normaal,Droog,Dag,met lichtgewonden,3,Fiets,11,een weggebruiker tegen een hindernis,Buiten Kruispunt,Gewestweg,buiten bebouwde kom,Weggebruiker tegen hindernis op de rijbaan,"Op de rijbaan: Put, straatgoot, tramspoor"
33391,42,Maasmechelen teller 2,Maasmechelen,50.97043,5.6981,1.4837902207914453,50.98370979062339,5.700177322162019,2022,7,10,73107,Maasmechelen,Normaal,Droog,Dag,met lichtgewonden,3,Fiets,9,personenauto,Buiten Kruispunt,Gemeenteweg,buiten bebouwde kom,Tss. 2 best.: langs opzij (voor-/achterkant-flank),Geen hindernis
33391,41,Maasmechelen teller 1,Maasmechelen,50.97025,5.69799,1.5044746267310782,50.98370979062339,5.700177322162019,2022,7,10,73107,Maasmechelen,Normaal,Droog,Dag,met lichtgewonden,3,Fiets,9,personenauto,Buiten Kruispunt,Gemeenteweg,buiten bebouwde kom,Tss. 2 best.: langs opzij (voor-/achterkant-flank),Geen hindernis
33392,42,Maasmechelen teller 2,Maasmechelen,50.97043,5.6981,1.4492471063008112,50.983001037947204,5.692635437494222,2022,7,20,73107,Maasmechelen,Normaal,Droog,Dag,met lichtgewonden,9,personenauto,3,Fiets,Op Kruispunt,Gemeenteweg,binnen bebouwde kom,Tussen 2 bestuurders: Frontale botsing,Geen hindernis
33392,41,Maasmechelen teller 1,Maasmechelen,50.97025,5.69799,1.4665743626877898,50.983001037947204,5.692635437494222,2022,7,20,73107,Maasmechelen,Normaal,Droog,Dag,met lichtgewonden,9,personenauto,3,Fiets,Op Kruispunt,Gemeenteweg,binnen bebouwde kom,Tussen 2 bestuurders: Frontale botsing,Geen hindernis
33394,35,Lanaken teller 1,Lanaken,50.88112,5.6314,2.413192986340857,50.85970207132917,5.636949477618942,2022,7,10,73042,Lanaken,Normaal,Droog,Dag,met lichtgewonden,7,Motorfiets,3,Fiets,Buiten Kruispunt,Gewestweg,binnen bebouwde kom,Tss. 2 best.: langs opzij (voor-/achterkant-flank),Geen hindernis
33394,36,Lanaken teller 2,Lanaken,50.88131,5.63012,2.4500205235180843,50.85970207132917,5.636949477618942,2022,7,10,73042,Lanaken,Normaal,Droog,Dag,met lichtgewonden,7,Motorfiets,3,Fiets,Buiten Kruispunt,Gewestweg,binnen bebouwde kom,Tss. 2 best.: langs opzij (voor-/achterkant-flank),Geen hindernis
33395,42,Maasmechelen teller 2,Maasmechelen,50.97043,5.6981,2.077303452421831,50.989111302315834,5.698278082478545,2022,7,11,73107,Maasmechelen,Normaal,Droog,Dag,met lichtgewonden,9,personenauto,3,Fiets,Op Kruispunt,Gemeenteweg,buiten bebouwde kom,Tussen 2 bestuurders: Flank tegen flank,Geen hindernis
33395,41,Maasmechelen teller 1,Maasmechelen,50.97025,5.69799,2.0973780959557886,50.989111302315834,5.698278082478545,2022,7,11,73107,Maasmechelen,Normaal,Droog,Dag,met lichtgewonden,9,personenauto,3,Fiets,Op Kruispunt,Gemeenteweg,buiten bebouwde kom,Tussen 2 bestuurders: Flank tegen flank,Geen hindernis
33399,124,Beveren teller 2,Beveren,51.1964712,4.2361077,0.2935058326289937,51.1985109496614,4.233434190439229,2022,7,10,46003,Beveren,Normaal,Droog,Dag,met lichtgewonden,4,Vrachtwagen,3,Fiets,Buiten Kruispunt,Gemeenteweg,buiten bebouwde kom,Tussen 2 bestuurders: Flank tegen flank,Geen hindernis
33401,105,St. pieters leeuw teller 2,Halle,50.75509,4.24943,0.32331416790193107,50.75262262560287,4.246998477077376,2022,7,16,23027,Halle,Normaal,Droog,Dag,met lichtgewonden,5,Lichte vrachtauto,3,Fiets,Buiten Kruispunt,Gewestweg,onbekend,Tss. 2 best.: langs opzij (voor-/achterkant-flank),Geen hindernis
33401,106,St. pieters leeuw teller 1,Sint-Pieters-Leeuw,50.75533,4.24951,0.3490624572356681,50.75262262560287,4.246998477077376,2022,7,16,23027,Halle,Normaal,Droog,Dag,met lichtgewonden,5,Lichte vrachtauto,3,Fiets,Buiten Kruispunt,Gewestweg,onbekend,Tss. 2 best.: langs opzij (voor-/achterkant-flank),Geen hindernis
33403,99,Mechelen teller 1,Mechelen,51.04564,4.46882,1.44310539016325,51.040157984895544,4.487529702929988,2022,7,17,12025,Mechelen,Onbekend,Droog,Dag,met lichtgewonden,3,Fiets,3,Fiets,Buiten Kruispunt,Gemeenteweg,binnen bebouwde kom,Tussen 2 bestuurders: Frontale botsing,Geen hindernis
33403,100,Mechelen teller 2,Mechelen,51.0457,4.46883,1.445302993936972,51.040157984895544,4.487529702929988,2022,7,17,12025,Mechelen,Onbekend,Droog,Dag,met lichtgewonden,3,Fiets,3,Fiets,Buiten Kruispunt,Gemeenteweg,binnen bebouwde kom,Tussen 2 bestuurders: Frontale botsing,Geen hindernis
33407,99,Mechelen teller 1,Mechelen,51.04564,4.46882,1.8840325502740014,51.03116377487046,4.482822287237758,2022,7,20,12025,Mechelen,Normaal,Droog,Dag,met lichtgewonden,3,Fiets,9,personenauto,Buiten Kruispunt,Gewestweg,binnen bebouwde kom,Tussen 2 bestuurders: Langs achteren,Geen hindernis
33407,100,Mechelen teller 2,Mechelen,51.0457,4.46883,1.8893734348747182,51.03116377487046,4.482822287237758,2022,7,20,12025,Mechelen,Normaal,Droog,Dag,met lichtgewonden,3,Fiets,9,personenauto,Buiten Kruispunt,Gewestweg,binnen bebouwde kom,Tussen 2 bestuurders: Langs achteren,Geen hindernis
33408,99,Mechelen teller 1,Mechelen,51.04564,4.46882,2.2064896534266016,51.02675444567758,4.478505939981187,2022,7,15,12025,Mechelen,Onbekend,Droog,Dag,met lichtgewonden,3,Fiets,99,onbekend,Buiten Kruispunt,Gemeenteweg,binnen bebouwde kom,Tussen 2 bestuurders: Flank tegen flank,Geen hindernis