crash_row_id,site_id,site_name,site_gemeente,site_lat,site_long,distance_km,crash_lat,crash_long,DT_YEAR_COLLISION,DT_MONTH_COLLISION,DT_TIME,CD_NIS,TX_MUNTY_COLLISION_NL,TX_WEATHER_NL,TX_ROAD_CONDITION_NL,TX_LIGHT_CONDITION_NL,TX_CLASS_ACCIDENTS_NL,CD_ROAD_USR_TYPE1,TX_ROAD_USR_TYPE1_NL,CD_ROAD_USR_TYPE2,TX_ROAD_USR_TYPE2_NL,TX_CROSSWAY_NL,CD_ROAD_TYPE_NL,TX_BUILD_UP_AREA_NL,TX_COLLISION_TYPE_NL,TX_OBSTACLES_NL
33408,100,Mechelen teller 2,Mechelen,51.0457,4.46883,2.2126261995845713,51.02675444567758,4.478505939981187,2022,7,15,12025,Mechelen,Onbekend,Droog,Dag,met lichtgewonden,3,Fiets,99,onbekend,Buiten Kruispunt,Gemeenteweg,binnen bebouwde kom,Tussen 2 bestuurders: Flank tegen flank,Geen hindernis
33410,140,Hasselt ring,Hasselt,50.9300038,5.3438616,0.7902979357264487,50.92960845099431,5.332602467934025,2022,7,11,71022,Hasselt,Normaal,Droog,Dag,met lichtgewonden,3,Fiets,9,personenauto,Op Kruispunt,Gewestweg,binnen bebouwde kom,Tss. 2 best.: langs opzij (voor-/achterkant-flank),Geen hindernis
33410,138,Hasselt-Kempische brug,Hasselt,50.9405318,5.3422472,1.3899946500165044,50.92960845099431,5.332602467934025,2022,7,11,71022,Hasselt,Normaal,Droog,Dag,met lichtgewonden,3,Fiets,9,personenauto,Op Kruispunt,Gewestweg,binnen bebouwde kom,Tss. 2 best.: langs opzij (voor-/achterkant-flank),Geen hindernis
33410,137,Hasselt-Kempische brug,Hasselt,50.9411605,5.3417576,1.435824608491528,50.92960845099431,5.332602467934025,2022,7,11,71022,Hasselt,Normaal,Droog,Dag,met lichtgewonden,3,Fiets,9,personenauto,Op Kruispunt,Gewestweg,binnen bebouwde kom,Tss. 2 best.: langs opzij (voor-/achterkant-flank),Geen hindernis
33413,137,Hasselt-Kempische brug,Hasselt,50.9411605,5.3417576,2.380901394147843,50.9525912574783,5.370494664823847,2022,7,15,71022,Hasselt,Normaal,Droog,Dag,met lichtgewonden,3,Fiets,3,Fiets,Buiten Kruispunt,Gemeenteweg,buiten bebouwde kom,Tussen 2 bestuurders: Flank tegen flank,Geen hindernis
33413,138,Hasselt-Kempische brug,Hasselt,50.9405318,5.3422472,2.3904836493501587,50.9525912574783,5.370494664823847,2022,7,15,71022,Hasselt,Normaal,Droog,Dag,met lichtgewonden,3,Fiets,3,Fiets,Buiten Kruispunt,Gemeenteweg,buiten bebouwde kom,Tussen 2 bestuurders: Flank tegen flank,Geen hindernis
33414,140,Hasselt ring,Hasselt,50.9300038,5.3438616,1.382134830709735,50.92977062733194,5.324143650621373,2022,7,11,71022,Hasselt,Normaal,Droog,Dag,met lichtgewonden,3,Fiets,9,personenauto,Buiten Kruispunt,Gemeenteweg,binnen bebouwde kom,Tussen 2 bestuurders: Langs achteren,Geen hindernis
33414,138,Hasselt-Kempische brug,Hasselt,50.9405318,5.3422472,1.7438990549893743,50.92977062733194,5.324143650621373,2022,7,11,71022,Hasselt,Normaal,Droog,Dag,met lichtgewonden,3,Fiets,9,personenauto,Buiten Kruispunt,Gemeenteweg,binnen bebouwde kom,Tussen 2 bestuurders: Langs achteren,Geen hindernis
33414,137,Hasselt-Kempische brug,Hasselt,50.9411605,5.3417576,1.7684687689272127,50.92977062733194,5.324143650621373,2022,7,11,71022,Hasselt,Normaal,Droog,Dag,met lichtgewonden,3,Fiets,9,personenauto,Buiten Kruispunt,Gemeenteweg,binnen bebouwde kom,Tussen 2 bestuurders: Langs achteren,Geen hindernis
33415,140,Hasselt ring,Hasselt,50.9300038,5.3438616,1.0947723878730742,50.93234734936344,5.32868907239286,2022,7,23,71022,Hasselt,Normaal,Droog,"Nacht, openbare verlichting aanwezig en ontstoken",met lichtgewonden,3,Fiets,9,personenauto,Buiten Kruispunt,Gemeenteweg,binnen bebouwde kom,Tss. 2 best.: langs opzij (voor-/achterkant-flank),Geen hindernis
33415,138,Hasselt-Kempische brug,Hasselt,50.9405318,5.3422472,1.3156136132655005,50.93234734936344,5.32868907239286,2022,7,23,71022,Hasselt,Normaal,Droog,"Nacht, openbare verlichting aanwezig en ontstoken",met lichtgewonden,3,Fiets,9,personenauto,Buiten Kruispunt,Gemeenteweg,binnen bebouwde kom,Tss. 2 best.: langs opzij (voor-/achterkant-flank),Geen hindernis
33415,137,Hasselt-Kempische brug,Hasselt,50.9411605,5.3417576,1.3412478926847167,50.93234734936344,5.32868907239286,2022,7,23,71022,Hasselt,Normaal,Droog,"Nacht, openbare verlichting aanwezig en ontstoken",met lichtgewonden,3,Fiets,9,personenauto,Buiten Kruispunt,Gemeenteweg,binnen bebouwde kom,Tss. 2 best.: langs opzij (voor-/achterkant-flank),Geen hindernis
33416,138,Hasselt-Kempische brug,Hasselt,50.9405318,5.3422472,1.8267754001192196,50.94148585965544,5.368275345032742,2022,7,19,71022,Hasselt,Onbekend,Droog,Dag,met lichtgewonden,6,Bromfiets,3,Fiets,Buiten Kruispunt,Gemeenteweg,buiten bebouwde kom,Tussen 2 bestuurders: Langs achteren,Geen hindernis
33416,137,Hasselt-Kempische brug,Hasselt,50.9411605,5.3417576,1.8583364375082776,50.94148585965544,5.368275345032742,2022,7,19,71022,Hasselt,Onbekend,Droog,Dag,met lichtgewonden,6,Bromfiets,3,Fiets,Buiten Kruispunt,Gemeenteweg,buiten bebouwde kom,Tussen 2 bestuurders: Langs achteren,Geen hindernis
33416,140,Hasselt ring,Hasselt,50.9300038,5.3438616,2.1346710608481745,50.94148585965544,5.368275345032742,2022,7,19,71022,Hasselt,Onbekend,Droog,Dag,met lichtgewonden,6,Bromfiets,3,Fiets,Buiten Kruispunt,Gemeenteweg,buiten bebouwde kom,Tussen 2 bestuurders: Langs achteren,Geen hindernis
33420,140,Hasselt ring,Hasselt,50.9300038,5.3438616,1.5734490439966213,50.91601763598958,5.347271444937651,2022,7,9,71022,Hasselt,Normaal,Droog,Dag,met lichtgewonden,9,personenauto,3,Fiets,Op Kruispunt,Gewestweg,binnen bebouwde kom,Tussen 2 bestuurders: Frontale botsing,Geen hindernis
33423,12,Tervuren,Kraainem,50.81896,4.47803,1.9945516449447331,50.81397849005843,4.505303909289805,2022,7,11,24104,Tervuren,Normaal,Droog,Dag,met lichtgewonden,9,personenauto,3,Fiets,Buiten Kruispunt,Gemeenteweg,binnen bebouwde kom,Tussen 2 bestuurders: Langs achteren,Geen hindernis
33429,14,Genk,Genk,50.97172,5.48927,1.5715500891799825,50.959050460406985,5.47932446492081,2022,7,16,71016,Genk,Normaal,Droog,Dag,met lichtgewonden,3,Fiets,10,"één bestuurder, geen hindernis",Buiten Kruispunt,Gemeenteweg,binnen bebouwde kom,"Eén bestuurder, geen hindernis (incl. val)",Geen hindernis
33431,48,As,As,51.00509,5.60389,1.6466716133688428,51.004034149306044,5.58041604586049,2022,7,12,71002,As,Normaal,Droog,Dag,met lichtgewonden,3,Fiets,9,personenauto,Buiten Kruispunt,Gewestweg,binnen bebouwde kom,Tss. 2 best.: langs opzij (voor-/achterkant-flank),Geen hindernis
33435,48,As,As,51.00509,5.60389,0.6485816797532428,51.00710130226893,5.595188849919618,2022,7,13,71002,As,Normaal,Droog,Dag,met lichtgewonden,3,Fiets,10,"één bestuurder, geen hindernis",Buiten Kruispunt,Gemeenteweg,buiten bebouwde kom,"Eén bestuurder, geen hindernis (incl. val)",Geen hindernis
33440,25,Bree,Bree,51.13679500160176,5.597669323604317,1.5852473257216688,51.142590071432465,5.618429645396968,2022,7,10,72004,Bree,Normaal,Droog,Dag,met lichtgewonden,3,Fiets,10,"één bestuurder, geen hindernis",Buiten Kruispunt,Gemeenteweg,buiten bebouwde kom,"Eén bestuurder, geen hindernis (incl. val)",Geen hindernis
33441,25,Bree,Bree,51.13679500160176,5.597669323604317,0.6426326247287936,51.14257260284636,5.597443778166792,2022,7,12,72004,Bree,Normaal,Droog,Dag,met lichtgewonden,3,Fiets,1,Autobus,Op Kruispunt,Gewestweg,binnen bebouwde kom,Tss. 2 best.: langs opzij (voor-/achterkant-flank),Geen hindernis
33450,14,Genk,Genk,50.97172,5.48927,0.8451730376963841,50.96434166101039,5.492168831786696,2022,7,2,71016,Genk,Normaal,Droog,"Nacht, openbare verlichting aanwezig en ontstoken",met lichtgewonden,3,Fiets,10,"één bestuurder, geen hindernis",Buiten Kruispunt,Gemeenteweg,binnen bebouwde kom,"Eén bestuurder, geen hindernis (incl. val)",Geen hindernis
33452,14,Genk,Genk,50.97172,5.48927,1.4340502052145996,50.97545069133428,5.469664220581066,2022,7,17,71016,Genk,Onbekend,Onbekend,Onbekend,met lichtgewonden,9,personenauto,3,Fiets,Op Kruispunt,Gemeenteweg,buiten bebouwde kom,Tussen 2 bestuurders: Frontale botsing,Geen hindernis
33455,48,As,As,51.00509,5.60389,1.0682212008577112,51.007540702929,5.5891277888731805,2022,7,18,71002,As,Normaal,Droog,Dag,met lichtgewonden,9,personenauto,3,Fiets,Op Kruispunt,Gewestweg,binnen bebouwde kom,Tss. 2 best.: langs opzij (voor-/achterkant-flank),Geen hindernis
33461,25,Bree,Bree,51.13679500160176,5.597669323604317,1.0705379297538464,51.12938750049757,5.607469482780925,2022,7,9,72004,Bree,Normaal,Droog,Dag,met lichtgewonden,3,Fiets,10,"één bestuurder, geen hindernis",Buiten Kruispunt,Gemeenteweg,buiten bebouwde kom,"Eén bestuurder, geen hindernis (incl. val)",Geen hindernis
33463,14,Genk,Genk,50.97172,5.48927,1.5392563621382183,50.97229460493482,5.511234323062035,2022,7,16,71016,Genk,Normaal,Droog,Dag,met lichtgewonden,3,Fiets,3,Fiets,Op Kruispunt,Gemeenteweg,binnen bebouwde kom,Tss. 2 best.: langs opzij (voor-/achterkant-flank),Geen hindernis
33469,14,Genk,Genk,50.97172,5.48927,2.1618036364971607,50.96469789151701,5.5180577160181095,2022,7,17,71016,Genk,Normaal,Droog,Dag,met lichtgewonden,3,Fiets,10,"één bestuurder, geen hindernis",Buiten Kruispunt,Gemeenteweg,binnen bebouwde kom,"Eén bestuurder, geen hindernis (incl. val)",Geen hindernis
33471,23,Tienen 3,Tienen,50.81324,4.93447,0.04111807954214671,50.81321086613856,4.933886579764527,2022,7,11,24107,Tienen,Normaal,Droog,Dag,met lichtgewonden,3,Fiets,9,personenauto,Op Kruispunt,Gewestweg,binnen bebouwde kom,Tss. 2 best.: langs opzij (voor-/achterkant-flank),Geen hindernis
33471,24,Tienen 1,Tienen,50.8133795491886,4.935044252605416,0.08347100255188208,50.81321086613856,4.933886579764527,2022,7,11,24107,Tienen,Normaal,Droog,Dag,met lichtgewonden,3,Fiets,9,personenauto,Op Kruispunt,Gewestweg,binnen bebouwde kom,Tss. 2 best.: langs opzij (voor-/achterkant-flank),Geen hindernis
33471,22,Tienen 2,Tienen,50.81330800184882,4.935984252796022,0.14777463520093204,50.81321086613856,4.933886579764527,2022,7,11,24107,Tienen,Normaal,Droog,Dag,met lichtgewonden,3,Fiets,9,personenauto,Op Kruispunt,Gewestweg,binnen bebouwde kom,Tss. 2 best.: langs opzij (voor-/achterkant-flank),Geen hindernis
33474,131,Nevele,Deinze,51.0276612,3.558569,0.8571405673662363,51.032696638512974,3.549288694775455,2022,7,10,44083,Deinze,Normaal,Droog,Dag,met lichtgewonden,9,personenauto,3,Fiets,Buiten Kruispunt,Gemeenteweg,binnen bebouwde kom,Tussen 2 bestuurders: Frontale botsing,Geen hindernis
33521,2,Brasschaat 2,Brasschaat,51.27512,4.47169,2.4573652762362053,51.257611859616986,4.450137398878804,2022,8,12,11002,Antwerpen,Normaal,Droog,Dag,met zwaargewonden,3,Fiets,9,personenauto,Buiten Kruispunt,Gemeenteweg,binnen bebouwde kom,Tussen 2 bestuurders: Flank tegen flank,Geen hindernis
33521,3,Brasschaat 1,Brasschaat,51.27503,4.47222,2.472191557880803,51.257611859616986,4.450137398878804,2022,8,12,11002,Antwerpen,Normaal,Droog,Dag,met zwaargewonden,3,Fiets,9,personenauto,Buiten Kruispunt,Gemeenteweg,binnen bebouwde kom,Tussen 2 bestuurders: Flank tegen flank,Geen hindernis
33589,2,Brasschaat 2,Brasschaat,51.27512,4.47169,0.4169977622077654,51.27206016497771,4.468224238189548,2022,8,14,11008,Brasschaat,Normaal,Droog,Dag,met zwaargewonden,3,Fiets,11,een weggebruiker tegen een hindernis,Buiten Kruispunt,Gewestweg,buiten bebouwde kom,Weggebruiker tegen hindernis buiten rijbaan,Onbekend
33589,3,Brasschaat 1,Brasschaat,51.27503,4.47222,0.4316414853318,51.27206016497771,4.468224238189548,2022,8,14,11008,Brasschaat,Normaal,Droog,Dag,met zwaargewonden,3,Fiets,11,een weggebruiker tegen een hindernis,Buiten Kruispunt,Gewestweg,buiten bebouwde kom,Weggebruiker tegen hindernis buiten rijbaan,Onbekend
33591,2,Brasschaat 2,Brasschaat,51.27512,4.47169,1.7885966336298877,51.290716121767716,4.465396432846353,2022,8,11,11008,Brasschaat,Normaal,Droog,Dag,met lichtgewonden,3,Fiets,3,Fiets,Buiten Kruispunt,Gemeenteweg,buiten bebouwde kom,Tussen 2 bestuurders: Frontale botsing,Geen hindernis
33591,3,Brasschaat 1,Brasschaat,51.27503,4.47222,1.8076275003986835,51.290716121767716,4.465396432846353,2022,8,11,11008,Brasschaat,Normaal,Droog,Dag,met lichtgewonden,3,Fiets,3,Fiets,Buiten Kruispunt,Gemeenteweg,buiten bebouwde kom,Tussen 2 bestuurders: Frontale botsing,Geen hindernis
33598,104,Malle teller 2,Malle,51.31682,4.73852,2.313474081829707,51.29969886544354,4.719610164831577,2022,8,6,11057,Malle,Normaal,Droog,Dag,met lichtgewonden,3,Fiets,9,personenauto,Buiten Kruispunt,Gewestweg,buiten bebouwde kom,Tss. 2 best.: langs opzij (voor-/achterkant-flank),Geen hindernis
33598,103,Malle teller 1,Malle,51.31681,4.73872,2.32048938231042,51.29969886544354,4.719610164831577,2022,8,6,11057,Malle,Normaal,Droog,Dag,met lichtgewonden,3,Fiets,9,personenauto,Buiten Kruispunt,Gewestweg,buiten bebouwde kom,Tss. 2 best.: langs opzij (voor-/achterkant-flank),Geen hindernis
33604,103,Malle teller 1,Malle,51.31681,4.73872,2.078835422285016,51.29963799574477,4.7505446410633105,2022,8,13,11057,Malle,Normaal,Droog,Dag,met zwaargewonden,9,personenauto,3,Fiets,Op Kruispunt,Gemeenteweg,buiten bebouwde kom,Tss. 2 best.: langs opzij (voor-/achterkant-flank),Geen hindernis
33604,104,Malle teller 2,Malle,51.31682,4.73852,2.0853899693078124,51.29963799574477,4.7505446410633105,2022,8,13,11057,Malle,Normaal,Droog,Dag,met zwaargewonden,9,personenauto,3,Fiets,Op Kruispunt,Gemeenteweg,buiten bebouwde kom,Tss. 2 best.: langs opzij (voor-/achterkant-flank),Geen hindernis
33608,100,Mechelen teller 2,Mechelen,51.0457,4.46883,2.0994191789610754,51.05501721509646,4.494952300816772,2022,8,18,12035,Sint-Katelijne-Waver,Normaal,Droog,Dag,met lichtgewonden,3,Fiets,3,Fiets,Buiten Kruispunt,Gemeenteweg,buiten bebouwde kom,Tss. 2 best.: langs opzij (voor-/achterkant-flank),Geen hindernis
33608,99,Mechelen teller 1,Mechelen,51.04564,4.46882,2.103327623958414,51.05501721509646,4.494952300816772,2022,8,18,12035,Sint-Katelijne-Waver,Normaal,Droog,Dag,met lichtgewonden,3,Fiets,3,Fiets,Buiten Kruispunt,Gemeenteweg,buiten bebouwde kom,Tss. 2 best.: langs opzij (voor-/achterkant-flank),Geen hindernis
33609,100,Mechelen teller 2,Mechelen,51.0457,4.46883,1.5976118152666956,51.058891244271564,4.477887975330573,2022,8,15,12035,Sint-Katelijne-Waver,Normaal,Droog,Dag,met lichtgewonden,1,Autobus,3,Fiets,Buiten Kruispunt,Gemeenteweg,binnen bebouwde kom,Tss. 2 best.: langs opzij (voor-/achterkant-flank),Geen hindernis
33609,99,Mechelen teller 1,Mechelen,51.04564,4.46882,1.6040156534203973,51.058891244271564,4.477887975330573,2022,8,15,12035,Sint-Katelijne-Waver,Normaal,Droog,Dag,met lichtgewonden,1,Autobus,3,Fiets,Buiten Kruispunt,Gemeenteweg,binnen bebouwde kom,Tss. 2 best.: langs opzij (voor-/achterkant-flank),Geen hindernis
33613,96,Lier teller 2,Lier,51.11705,4.58444,2.1443332118898644,51.130865120351956,4.563002734991477,2022,8,15,12021,Lier,Normaal,Droog,Dag,met lichtgewonden,9,personenauto,3,Fiets,Buiten Kruispunt,Gewestweg,binnen bebouwde kom,Tss. 2 best.: langs opzij (voor-/achterkant-flank),Geen hindernis
33613,95,Lier teller 1,Lier,51.11687,4.58437,2.155336018511252,51.130865120351956,4.563002734991477,2022,8,15,12021,Lier,Normaal,Droog,Dag,met lichtgewonden,9,personenauto,3,Fiets,Buiten Kruispunt,Gewestweg,binnen bebouwde kom,Tss. 2 best.: langs opzij (voor-/achterkant-flank),Geen hindernis
33618,92,Nijlen teller 1,Nijlen,51.14989,4.64479,2.2476321165027278,51.16121543280933,4.671483996765312,2022,8,12,12026,Nijlen,Normaal,Droog,Dag,met lichtgewonden,9,personenauto,3,Fiets,Buiten Kruispunt,Gewestweg,binnen bebouwde kom,Tussen 2 bestuurders: Flank tegen flank,Geen hindernis
33618,93,Nijlen teller 2,Nijlen,51.14998,4.64469,2.2478332695656396,51.16121543280933,4.671483996765312,2022,8,12,12026,Nijlen,Normaal,Droog,Dag,met lichtgewonden,9,personenauto,3,Fiets,Buiten Kruispunt,Gewestweg,binnen bebouwde kom,Tussen 2 bestuurders: Flank tegen flank,Geen hindernis
33619,9,Heist op den Berg 2,Heist-op-den-Berg,51.06904,4.69524,2.3222975615184343,51.07506326106362,4.727065805039327,2022,8,14,12014,Heist-op-den-Berg,Normaal,Droog,Dag,met lichtgewonden,9,personenauto,3,Fiets,Op Kruispunt,Gewestweg,binnen bebouwde kom,Tss. 2 best.: langs opzij (voor-/achterkant-flank),Geen hindernis
33641,134,Retie,Dessel,51.2548405,5.1037658,2.499825102531033,51.26830894708112,5.075000281269718,2022,8,10,13036,Retie,Normaal,Droog,Dag,met lichtgewonden,9,personenauto,3,Fiets,Op Kruispunt,Gewestweg,binnen bebouwde kom,Tss. 2 best.: langs opzij (voor-/achterkant-flank),Geen hindernis
33642,134,Retie,Dessel,51.2548405,5.1037658,1.792814881406753,51.268550509487774,5.090206655868697,2022,8,12,13036,Retie,Normaal,Droog,Dag,met lichtgewonden,3,Fiets,2,Andere weggebruiker,Buiten Kruispunt,Gewestweg,binnen bebouwde kom,Tussen 2 bestuurders: Flank tegen flank,Geen hindernis
33642,135,Retie 2,Dessel,51.2544998,5.1040064,1.8338497476195403,51.268550509487774,5.090206655868697,2022,8,12,13036,Retie,Normaal,Droog,Dag,met lichtgewonden,3,Fiets,2,Andere weggebruiker,Buiten Kruispunt,Gewestweg,binnen bebouwde kom,Tussen 2 bestuurders: Flank tegen flank,Geen hindernis
33647,135,Retie 2,Dessel,51.2544998,5.1040064,1.6400105211427507,51.23992959624904,5.107663777731401,2022,8,14,13006,Dessel,Normaal,Droog,Dag,met lichtgewonden,3,Fiets,9,personenauto,Op Kruispunt,Gemeenteweg,binnen bebouwde kom,Tss. 2 best.: langs opzij (voor-/achterkant-flank),Geen hindernis
33647,134,Retie,Dessel,51.2548405,5.1037658,1.6800685985688844,51.23992959624904,5.107663777731401,2022,8,14,13006,Dessel,Normaal,Droog,Dag,met lichtgewonden,3,Fiets,9,personenauto,Op Kruispunt,Gemeenteweg,binnen bebouwde kom,Tss. 2 best.: langs opzij (voor-/achterkant-flank),Geen hindernis
33654,94,Herentals teller 2,Herentals,51.17345,4.81283,1.4735967396160106,51.177270256971084,4.833070889434744,2022,8,18,13011,Herentals,Normaal,Droog,Dag,met zwaargewonden,3,Fiets,8,Voetganger,Buiten Kruispunt,Gemeenteweg,binnen bebouwde kom,Met een voetganger,Geen hindernis
33654,110,Herentals totem,Herentals,51.1739426,4.811783,1.529456258973664,51.177270256971084,4.833070889434744,2022,8,18,13011,Herentals,Normaal,Droog,Dag,met zwaargewonden,3,Fiets,8,Voetganger,Buiten Kruispunt,Gemeenteweg,binnen bebouwde kom,Met een voetganger,Geen hindernis
33655,38,Lommel teller 2,Lommel,51.23277,5.29189,1.9375209159597016,51.22206397511317,5.313842885729783,2022,8,15,72020,Lommel,Normaal,Droog,Dag,met lichtgewonden,3,Fiets,9,personenauto,Op Kruispunt,Gewestweg,buiten bebouwde kom,Tss. 2 best.: langs opzij (voor-/achterkant-flank),Geen hindernis
33655,37,Lommel teller 1,Lommel,51.23299,5.29211,1.940674385059911,51.22206397511317,5.313842885729783,2022,8,15,72020,Lommel,Normaal,Droog,Dag,met lichtgewonden,3,Fiets,9,personenauto,Op Kruispunt,Gewestweg,buiten bebouwde kom,Tss. 2 best.: langs opzij (voor-/achterkant-flank),Geen hindernis
33656,38,Lommel teller 2,Lommel,51.23277,5.29189,1.7421392210449542,51.217943524910424,5.283803879977212,2022,8,22,72020,Lommel,Normaal,Droog,"Nacht, openbare verlichting aanwezig en ontstoken",met lichtgewonden,9,personenauto,3,Fiets,Op Kruispunt,Gemeenteweg,buiten bebouwde kom,Tss. 2 best.: langs opzij (voor-/achterkant-flank),Geen hindernis
33656,37,Lommel teller 1,Lommel,51.23299,5.29211,1.7702526004271832,51.217943524910424,5.283803879977212,2022,8,22,72020,Lommel,Normaal,Droog,"Nacht, openbare verlichting aanwezig en ontstoken",met lichtgewonden,9,personenauto,3,Fiets,Op Kruispunt,Gemeenteweg,buiten bebouwde kom,Tss. 2 best.: langs opzij (voor-/achterkant-flank),Geen hindernis
33658,38,Lommel teller 2,Lommel,51.23277,5.29189,1.5552007606264258,51.21880069175635,5.290790877101842,2022,8,6,72020,Lommel,Normaal,Droog,Dag,met lichtgewonden,9,personenauto,3,Fiets,Op Kruispunt,Gemeenteweg,buiten bebouwde kom,Tss. 2 best.: langs opzij (voor-/achterkant-flank),Geen hindernis
33658,37,Lommel teller 1,Lommel,51.23299,5.29211,1.5804508298990132,51.21880069175635,5.290790877101842,2022,8,6,72020,Lommel,Normaal,Droog,Dag,met lichtgewonden,9,personenauto,3,Fiets,Op Kruispunt,Gemeenteweg,buiten bebouwde kom,Tss. 2 best.: langs opzij (voor-/achterkant-flank),Geen hindernis
33659,37,Lommel teller 1,Lommel,51.23299,5.29211,2.356679205350161,51.22219344156614,5.321233585663546,2022,8,10,72020,Lommel,Normaal,Droog,Dag,Met doden,9,personenauto,3,Fiets,Op Kruispunt,Gemeenteweg,buiten bebouwde kom,Tussen 2 bestuurders: Flank tegen flank,Geen hindernis
33659,38,Lommel teller 2,Lommel,51.23277,5.29189,2.3575809629474858,51.22219344156614,5.321233585663546,2022,8,10,72020,Lommel,Normaal,Droog,Dag,Met doden,9,personenauto,3,Fiets,Op Kruispunt,Gemeenteweg,buiten bebouwde kom,Tussen 2 bestuurders: Flank tegen flank,Geen hindernis
33660,46,Pelt teller 2,Pelt,51.231,5.44375,0.7154812753068609,51.22570631486151,5.437908925635803,2022,8,18,72043,Pelt,Onbekend,Droog,Dag,met lichtgewonden,3,Fiets,3,Fiets,Op Kruispunt,Gewestweg,binnen bebouwde kom,Tss. 2 best.: langs opzij (voor-/achterkant-flank),Geen hindernis
33660,45,Pelt teller 1,Pelt,51.23127,5.44377,0.741143121888713,51.22570631486151,5.437908925635803,2022,8,18,72043,Pelt,Onbekend,Droog,Dag,met lichtgewonden,3,Fiets,3,Fiets,Op Kruispunt,Gewestweg,binnen bebouwde kom,Tss. 2 best.: langs opzij (voor-/achterkant-flank),Geen hindernis
33681,29,Tongeren,Tongeren,50.79286,5.52825,2.416620503437524,50.80867432970245,5.504662625044234,2022,8,13,73083,Tongeren,Normaal,Droog,Dag,met lichtgewonden,3,Fiets,9,personenauto,Buiten Kruispunt,Gemeenteweg,binnen bebouwde kom,Tussen 2 bestuurders: Langs achteren,Geen hindernis
33688,21,Bilzen,Bilzen,50.86015,5.50161,1.6281750862581474,50.87242030522068,5.514270103065633,2022,8,11,73006,Bilzen,Normaal,Droog,Dag,met lichtgewonden,9,personenauto,3,Fiets,Op Kruispunt,Gemeenteweg,binnen bebouwde kom,Tss. 2 best.: langs opzij (voor-/achterkant-flank),Geen hindernis
33691,48,As,As,51.00509,5.60389,0.10431203937197683,51.005819206058035,5.60295211266194,2022,7,16,71002,As,Normaal,Droog,Dag,met lichtgewonden,3,Fiets,3,Fiets,Buiten Kruispunt,Gewestweg,binnen bebouwde kom,Tussen 2 bestuurders: Frontale botsing,Geen hindernis
33693,77,Leuven teller 2,Leuven,50.88672,4.70796,1.1703261039792705,50.884537067930694,4.691639482318971,2022,8,20,24062,Leuven,Normaal,Droog,Dag,met lichtgewonden,3,Fiets,10,"één bestuurder, geen hindernis",Buiten Kruispunt,Gemeenteweg,binnen bebouwde kom,"Eén bestuurder, geen hindernis (incl. val)",Geen hindernis
33693,107,leuven totem,Leuven,50.8870744,4.7087919,1.2358664255331073,50.884537067930694,4.691639482318971,2022,8,20,24062,Leuven,Normaal,Droog,Dag,met lichtgewonden,3,Fiets,10,"één bestuurder, geen hindernis",Buiten Kruispunt,Gemeenteweg,binnen bebouwde kom,"Eén bestuurder, geen hindernis (incl. val)",Geen hindernis
33693,151,Leuven,District Leuven,50.8690262,4.6854839,1.7779834147824853,50.884537067930694,4.691639482318971,2022,8,20,24062,Leuven,Normaal,Droog,Dag,met lichtgewonden,3,Fiets,10,"één bestuurder, geen hindernis",Buiten Kruispunt,Gemeenteweg,binnen bebouwde kom,"Eén bestuurder, geen hindernis (incl. val)",Geen hindernis
33693,69,Leuven teller 1,Leuven,50.87549,4.71526,1.9386135034205063,50.884537067930694,4.691639482318971,2022,8,20,24062,Leuven,Normaal,Droog,Dag,met lichtgewonden,3,Fiets,10,"één bestuurder, geen hindernis",Buiten Kruispunt,Gemeenteweg,binnen bebouwde kom,"Eén bestuurder, geen hindernis (incl. val)",Geen hindernis
33694,151,Leuven,District Leuven,50.8690262,4.6854839,1.9488607484083904,50.885088181559716,4.674368463231018,2022,8,6,24062,Leuven,Normaal,Droog,Dag,met lichtgewonden,9,personenauto,3,Fiets,Op Kruispunt,Gewestweg,buiten bebouwde kom,Tss. 2 best.: langs opzij (voor-/achterkant-flank),Geen hindernis
33694,72,Herent teller 1,Herent,50.89135,4.64689,2.049402175712938,50.885088181559716,4.674368463231018,2022,8,6,24062,Leuven,Normaal,Droog,Dag,met lichtgewonden,9,personenauto,3,Fiets,Op Kruispunt,Gewestweg,buiten bebouwde kom,Tss. 2 best.: langs opzij (voor-/achterkant-flank),Geen hindernis
33694,73,Herent teller 2,Herent,50.89128,4.64685,2.0494146839021807,50.885088181559716,4.674368463231018,2022,8,6,24062,Leuven,Normaal,Droog,Dag,met lichtgewonden,9,personenauto,3,Fiets,Op Kruispunt,Gewestweg,buiten bebouwde kom,Tss. 2 best.: langs opzij (voor-/achterkant-flank),Geen hindernis
33694,77,Leuven teller 2,Leuven,50.88672,4.70796,2.36339437729363,50.885088181559716,4.674368463231018,2022,8,6,24062,Leuven,Normaal,Droog,Dag,met lichtgewonden,9,personenauto,3,Fiets,Op Kruispunt,Gewestweg,buiten bebouwde kom,Tss. 2 best.: langs opzij (voor-/achterkant-flank),Geen hindernis
33694,107,leuven totem,Leuven,50.8870744,4.7087919,2.424845481330482,50.885088181559716,4.674368463231018,2022,8,6,24062,Leuven,Normaal,Droog,Dag,met lichtgewonden,9,personenauto,3,Fiets,Op Kruispunt,Gewestweg,buiten bebouwde kom,Tss. 2 best.: langs opzij (voor-/achterkant-flank),Geen hindernis