crash_row_id,site_id,site_name,site_gemeente,site_lat,site_long,distance_km,crash_lat,crash_long,DT_YEAR_COLLISION,DT_MONTH_COLLISION,DT_TIME,CD_NIS,TX_MUNTY_COLLISION_NL,TX_WEATHER_NL,TX_ROAD_CONDITION_NL,TX_LIGHT_CONDITION_NL,TX_CLASS_ACCIDENTS_NL,CD_ROAD_USR_TYPE1,TX_ROAD_USR_TYPE1_NL,CD_ROAD_USR_TYPE2,TX_ROAD_USR_TYPE2_NL,TX_CROSSWAY_NL,CD_ROAD_TYPE_NL,TX_BUILD_UP_AREA_NL,TX_COLLISION_TYPE_NL,TX_OBSTACLES_NL
33695,69,Leuven teller 1,Leuven,50.87549,4.71526,0.7523046517518259,50.879921378423845,4.707157636278447,2022,8,18,24062,Leuven,Normaal,Droog,Dag,met lichtgewonden,3,Fiets,3,Fiets,Op Kruispunt,Gemeenteweg,binnen bebouwde kom,Tussen 2 bestuurders: Frontale botsing,Geen hindernis
33695,77,Leuven teller 2,Leuven,50.88672,4.70796,0.758064890831608,50.879921378423845,4.707157636278447,2022,8,18,24062,Leuven,Normaal,Droog,Dag,met lichtgewonden,3,Fiets,3,Fiets,Op Kruispunt,Gemeenteweg,binnen bebouwde kom,Tussen 2 bestuurders: Frontale botsing,Geen hindernis
33695,107,leuven totem,Leuven,50.8870744,4.7087919,0.8036000788230362,50.879921378423845,4.707157636278447,2022,8,18,24062,Leuven,Normaal,Droog,Dag,met lichtgewonden,3,Fiets,3,Fiets,Op Kruispunt,Gemeenteweg,binnen bebouwde kom,Tussen 2 bestuurders: Frontale botsing,Geen hindernis
33695,151,Leuven,District Leuven,50.8690262,4.6854839,1.9443351433425065,50.879921378423845,4.707157636278447,2022,8,18,24062,Leuven,Normaal,Droog,Dag,met lichtgewonden,3,Fiets,3,Fiets,Op Kruispunt,Gemeenteweg,binnen bebouwde kom,Tussen 2 bestuurders: Frontale botsing,Geen hindernis
33696,69,Leuven teller 1,Leuven,50.87549,4.71526,2.457132824474841,50.86610107974898,4.746958037209572,2022,8,16,24062,Leuven,Normaal,Droog,Dag,met lichtgewonden,9,personenauto,3,Fiets,Buiten Kruispunt,Gewestweg,buiten bebouwde kom,Tss. 2 best.: langs opzij (voor-/achterkant-flank),Geen hindernis
33697,151,Leuven,District Leuven,50.8690262,4.6854839,1.1420706356230363,50.86783756066247,4.701649044972232,2022,8,12,24062,Leuven,Normaal,Droog,Dag,met lichtgewonden,3,Fiets,8,Voetganger,Buiten Kruispunt,Gewestweg,binnen bebouwde kom,Met een voetganger,Geen hindernis
33697,69,Leuven teller 1,Leuven,50.87549,4.71526,1.2791587872086294,50.86783756066247,4.701649044972232,2022,8,12,24062,Leuven,Normaal,Droog,Dag,met lichtgewonden,3,Fiets,8,Voetganger,Buiten Kruispunt,Gewestweg,binnen bebouwde kom,Met een voetganger,Geen hindernis
33697,77,Leuven teller 2,Leuven,50.88672,4.70796,2.145813474040514,50.86783756066247,4.701649044972232,2022,8,12,24062,Leuven,Normaal,Droog,Dag,met lichtgewonden,3,Fiets,8,Voetganger,Buiten Kruispunt,Gewestweg,binnen bebouwde kom,Met een voetganger,Geen hindernis
33697,107,leuven totem,Leuven,50.8870744,4.7087919,2.196962715192959,50.86783756066247,4.701649044972232,2022,8,12,24062,Leuven,Normaal,Droog,Dag,met lichtgewonden,3,Fiets,8,Voetganger,Buiten Kruispunt,Gewestweg,binnen bebouwde kom,Met een voetganger,Geen hindernis
33697,108,Heverlee teller 1,Leuven,50.8471728,4.6954674,2.3384249972584867,50.86783756066247,4.701649044972232,2022,8,12,24062,Leuven,Normaal,Droog,Dag,met lichtgewonden,3,Fiets,8,Voetganger,Buiten Kruispunt,Gewestweg,binnen bebouwde kom,Met een voetganger,Geen hindernis
33697,76,Heverlee teller 2,Leuven,50.84606,4.69597,2.4541453140334633,50.86783756066247,4.701649044972232,2022,8,12,24062,Leuven,Normaal,Droog,Dag,met lichtgewonden,3,Fiets,8,Voetganger,Buiten Kruispunt,Gewestweg,binnen bebouwde kom,Met een voetganger,Geen hindernis
33699,77,Leuven teller 2,Leuven,50.88672,4.70796,0.7952999249734793,50.87970129205744,4.705779105644577,2022,8,12,24062,Leuven,Normaal,Proper,Dag,met lichtgewonden,3,Fiets,3,Fiets,Op Kruispunt,Gemeenteweg,binnen bebouwde kom,Tussen 2 bestuurders: Flank tegen flank,Geen hindernis
33699,69,Leuven teller 1,Leuven,50.87549,4.71526,0.8134899797071663,50.87970129205744,4.705779105644577,2022,8,12,24062,Leuven,Normaal,Proper,Dag,met lichtgewonden,3,Fiets,3,Fiets,Op Kruispunt,Gemeenteweg,binnen bebouwde kom,Tussen 2 bestuurders: Flank tegen flank,Geen hindernis
33699,107,leuven totem,Leuven,50.8870744,4.7087919,0.8466576510866316,50.87970129205744,4.705779105644577,2022,8,12,24062,Leuven,Normaal,Proper,Dag,met lichtgewonden,3,Fiets,3,Fiets,Op Kruispunt,Gemeenteweg,binnen bebouwde kom,Tussen 2 bestuurders: Flank tegen flank,Geen hindernis
33699,151,Leuven,District Leuven,50.8690262,4.6854839,1.8538905694327235,50.87970129205744,4.705779105644577,2022,8,12,24062,Leuven,Normaal,Proper,Dag,met lichtgewonden,3,Fiets,3,Fiets,Op Kruispunt,Gemeenteweg,binnen bebouwde kom,Tussen 2 bestuurders: Flank tegen flank,Geen hindernis
33701,77,Leuven teller 2,Leuven,50.88672,4.70796,1.1603631720504746,50.8780509086706,4.6987527446182735,2022,8,10,24062,Leuven,Normaal,Droog,Dag,met lichtgewonden,5,Lichte vrachtauto,3,Fiets,Buiten Kruispunt,Gemeenteweg,binnen bebouwde kom,Tss. 2 best.: langs opzij (voor-/achterkant-flank),Geen hindernis
33701,69,Leuven teller 1,Leuven,50.87549,4.71526,1.1926900310273916,50.8780509086706,4.6987527446182735,2022,8,10,24062,Leuven,Normaal,Droog,Dag,met lichtgewonden,5,Lichte vrachtauto,3,Fiets,Buiten Kruispunt,Gemeenteweg,binnen bebouwde kom,Tss. 2 best.: langs opzij (voor-/achterkant-flank),Geen hindernis
33701,107,leuven totem,Leuven,50.8870744,4.7087919,1.225874072887455,50.8780509086706,4.6987527446182735,2022,8,10,24062,Leuven,Normaal,Droog,Dag,met lichtgewonden,5,Lichte vrachtauto,3,Fiets,Buiten Kruispunt,Gemeenteweg,binnen bebouwde kom,Tss. 2 best.: langs opzij (voor-/achterkant-flank),Geen hindernis
33701,151,Leuven,District Leuven,50.8690262,4.6854839,1.3688907047783831,50.8780509086706,4.6987527446182735,2022,8,10,24062,Leuven,Normaal,Droog,Dag,met lichtgewonden,5,Lichte vrachtauto,3,Fiets,Buiten Kruispunt,Gemeenteweg,binnen bebouwde kom,Tss. 2 best.: langs opzij (voor-/achterkant-flank),Geen hindernis
33702,151,Leuven,District Leuven,50.8690262,4.6854839,1.1988157500948173,50.87955730714785,4.689142610003488,2022,8,17,24062,Leuven,Normaal,Droog,Dag,met lichtgewonden,3,Fiets,9,personenauto,Op Kruispunt,Gemeenteweg,binnen bebouwde kom,Tussen 2 bestuurders: Frontale botsing,Geen hindernis
33702,77,Leuven teller 2,Leuven,50.88672,4.70796,1.5417561721342428,50.87955730714785,4.689142610003488,2022,8,17,24062,Leuven,Normaal,Droog,Dag,met lichtgewonden,3,Fiets,9,personenauto,Op Kruispunt,Gemeenteweg,binnen bebouwde kom,Tussen 2 bestuurders: Frontale botsing,Geen hindernis
33702,107,leuven totem,Leuven,50.8870744,4.7087919,1.612083438132498,50.87955730714785,4.689142610003488,2022,8,17,24062,Leuven,Normaal,Droog,Dag,met lichtgewonden,3,Fiets,9,personenauto,Op Kruispunt,Gemeenteweg,binnen bebouwde kom,Tussen 2 bestuurders: Frontale botsing,Geen hindernis
33702,69,Leuven teller 1,Leuven,50.87549,4.71526,1.8874294492373023,50.87955730714785,4.689142610003488,2022,8,17,24062,Leuven,Normaal,Droog,Dag,met lichtgewonden,3,Fiets,9,personenauto,Op Kruispunt,Gemeenteweg,binnen bebouwde kom,Tussen 2 bestuurders: Frontale botsing,Geen hindernis
33703,151,Leuven,District Leuven,50.8690262,4.6854839,1.6300244400241166,50.880435549328986,4.670897586943809,2022,8,4,24062,Leuven,Regenval,"Nat, plassen","Nacht, openbare verlichting aanwezig en ontstoken",met zwaargewonden,3,Fiets,11,een weggebruiker tegen een hindernis,Buiten Kruispunt,Gemeenteweg,binnen bebouwde kom,Weggebruiker tegen hindernis op de rijbaan,"Op de rijbaan: Werken (signal., aarde, toestel,…)"
33703,73,Herent teller 2,Herent,50.89128,4.64685,2.07358833705663,50.880435549328986,4.670897586943809,2022,8,4,24062,Leuven,Regenval,"Nat, plassen","Nacht, openbare verlichting aanwezig en ontstoken",met zwaargewonden,3,Fiets,11,een weggebruiker tegen een hindernis,Buiten Kruispunt,Gemeenteweg,binnen bebouwde kom,Weggebruiker tegen hindernis op de rijbaan,"Op de rijbaan: Werken (signal., aarde, toestel,…)"
33703,72,Herent teller 1,Herent,50.89135,4.64689,2.0758462557716033,50.880435549328986,4.670897586943809,2022,8,4,24062,Leuven,Regenval,"Nat, plassen","Nacht, openbare verlichting aanwezig en ontstoken",met zwaargewonden,3,Fiets,11,een weggebruiker tegen een hindernis,Buiten Kruispunt,Gemeenteweg,binnen bebouwde kom,Weggebruiker tegen hindernis op de rijbaan,"Op de rijbaan: Werken (signal., aarde, toestel,…)"
33704,76,Heverlee teller 2,Leuven,50.84606,4.69597,1.9558508900239941,50.84922337638726,4.723374198033192,2022,8,12,24062,Leuven,Normaal,Droog,Dag,met lichtgewonden,3,Fiets,3,Fiets,Buiten Kruispunt,Gemeenteweg,buiten bebouwde kom,Tss. 2 best.: langs opzij (voor-/achterkant-flank),Geen hindernis
33704,108,Heverlee teller 1,Leuven,50.8471728,4.6954674,1.9724464188564974,50.84922337638726,4.723374198033192,2022,8,12,24062,Leuven,Normaal,Droog,Dag,met lichtgewonden,3,Fiets,3,Fiets,Buiten Kruispunt,Gemeenteweg,buiten bebouwde kom,Tss. 2 best.: langs opzij (voor-/achterkant-flank),Geen hindernis
33705,107,leuven totem,Leuven,50.8870744,4.7087919,2.201534455757991,50.90116176118441,4.730847875176184,2022,8,0,24062,Leuven,Normaal,Droog,"Nacht, openbare verlichting aanwezig en ontstoken",met lichtgewonden,3,Fiets,10,"één bestuurder, geen hindernis",Op Kruispunt,Gemeenteweg,binnen bebouwde kom,"Eén bestuurder, geen hindernis (incl. val)",Geen hindernis
33705,77,Leuven teller 2,Leuven,50.88672,4.70796,2.2706183175764423,50.90116176118441,4.730847875176184,2022,8,0,24062,Leuven,Normaal,Droog,"Nacht, openbare verlichting aanwezig en ontstoken",met lichtgewonden,3,Fiets,10,"één bestuurder, geen hindernis",Op Kruispunt,Gemeenteweg,binnen bebouwde kom,"Eén bestuurder, geen hindernis (incl. val)",Geen hindernis
33711,107,leuven totem,Leuven,50.8870744,4.7087919,0.631949261386362,50.89251340264333,4.706179042993072,2022,8,15,24062,Leuven,Onbekend,Onbekend,Dag,met lichtgewonden,3,Fiets,3,Fiets,Buiten Kruispunt,Gemeenteweg,binnen bebouwde kom,Tussen 2 bestuurders: Flank tegen flank,Geen hindernis
33711,77,Leuven teller 2,Leuven,50.88672,4.70796,0.6561977108335189,50.89251340264333,4.706179042993072,2022,8,15,24062,Leuven,Onbekend,Onbekend,Dag,met lichtgewonden,3,Fiets,3,Fiets,Buiten Kruispunt,Gemeenteweg,binnen bebouwde kom,Tussen 2 bestuurders: Flank tegen flank,Geen hindernis
33711,69,Leuven teller 1,Leuven,50.87549,4.71526,1.9972382789490142,50.89251340264333,4.706179042993072,2022,8,15,24062,Leuven,Onbekend,Onbekend,Dag,met lichtgewonden,3,Fiets,3,Fiets,Buiten Kruispunt,Gemeenteweg,binnen bebouwde kom,Tussen 2 bestuurders: Flank tegen flank,Geen hindernis
33712,72,Herent teller 1,Herent,50.89135,4.64689,0.7277271430303991,50.897510614536316,4.643388173640656,2022,8,7,24038,Herent,Normaal,Droog,Dageraad - schemering,met lichtgewonden,9,personenauto,3,Fiets,Buiten Kruispunt,Gemeenteweg,binnen bebouwde kom,Tussen 2 bestuurders: Frontale botsing,Geen hindernis
33712,73,Herent teller 2,Herent,50.89128,4.64685,0.7341262267512665,50.897510614536316,4.643388173640656,2022,8,7,24038,Herent,Normaal,Droog,Dageraad - schemering,met lichtgewonden,9,personenauto,3,Fiets,Buiten Kruispunt,Gemeenteweg,binnen bebouwde kom,Tussen 2 bestuurders: Frontale botsing,Geen hindernis
33715,87,Aarschot,Aarschot,50.99084,4.81259,1.8829331793926438,50.9871428873053,4.838842419479767,2022,8,7,24001,Aarschot,Normaal,Droog,Dag,met lichtgewonden,5,Lichte vrachtauto,3,Fiets,Op Kruispunt,Gewestweg,binnen bebouwde kom,Tss. 2 best.: langs opzij (voor-/achterkant-flank),Geen hindernis
33716,87,Aarschot,Aarschot,50.99084,4.81259,1.802738800866189,50.999416455384846,4.83444963725392,2022,8,15,24001,Aarschot,Normaal,Droog+Proper,Dag,met lichtgewonden,3,Fiets,3,Fiets,Buiten Kruispunt,Gewestweg,buiten bebouwde kom,Tss. 2 best.: langs opzij (voor-/achterkant-flank),Geen hindernis
33719,71,Kampenhout teller 2,Kampenhout,50.95589,4.59164,1.3939080903908747,50.965126656732416,4.578184284690394,2022,8,5,24014,Boortmeerbeek,Normaal,Droog,"Nacht, openbare verlichting aanwezig en ontstoken",met zwaargewonden,7,Motorfiets,3,Fiets,Buiten Kruispunt,Gewestweg,buiten bebouwde kom,Tss. 2 best.: langs opzij (voor-/achterkant-flank),Geen hindernis
33719,70,Kampenhout teller 1,Kampenhout,50.95682,4.59318,1.3986245485907973,50.965126656732416,4.578184284690394,2022,8,5,24014,Boortmeerbeek,Normaal,Droog,"Nacht, openbare verlichting aanwezig en ontstoken",met zwaargewonden,7,Motorfiets,3,Fiets,Buiten Kruispunt,Gewestweg,buiten bebouwde kom,Tss. 2 best.: langs opzij (voor-/achterkant-flank),Geen hindernis
33720,70,Kampenhout teller 1,Kampenhout,50.95682,4.59318,2.2808474099880325,50.969568393608235,4.618694358767227,2022,8,8,24033,Haacht,Normaal,Proper,Dag,met zwaargewonden,9,personenauto,3,Fiets,Buiten Kruispunt,Gewestweg,buiten bebouwde kom,Tss. 2 best.: langs opzij (voor-/achterkant-flank),Geen hindernis
33720,71,Kampenhout teller 2,Kampenhout,50.95589,4.59164,2.429664162880251,50.969568393608235,4.618694358767227,2022,8,8,24033,Haacht,Normaal,Proper,Dag,met zwaargewonden,9,personenauto,3,Fiets,Buiten Kruispunt,Gewestweg,buiten bebouwde kom,Tss. 2 best.: langs opzij (voor-/achterkant-flank),Geen hindernis
33721,102,Diest teller 2,Diest,50.9779,5.04474,1.3651656777939385,50.97601445022685,5.025472306379849,2022,8,19,24020,Diest,Normaal,Droog,Dag,met lichtgewonden,3,Fiets,9,personenauto,Buiten Kruispunt,Gemeenteweg,buiten bebouwde kom,Tss. 2 best.: langs opzij (voor-/achterkant-flank),Geen hindernis
33721,101,Diest teller 1,Diest,50.97799,5.04481,1.3715744755791515,50.97601445022685,5.025472306379849,2022,8,19,24020,Diest,Normaal,Droog,Dag,met lichtgewonden,3,Fiets,9,personenauto,Buiten Kruispunt,Gemeenteweg,buiten bebouwde kom,Tss. 2 best.: langs opzij (voor-/achterkant-flank),Geen hindernis
33733,86,Asse teller 2,Asse,50.89132,4.1709,2.3150620425994335,50.89276378266974,4.137973125068998,2022,8,11,23105,Affligem,Normaal,Droog,Dag,met zwaargewonden,3,Fiets,8,Voetganger,Buiten Kruispunt,Gemeenteweg,binnen bebouwde kom,Met een voetganger,Geen hindernis
33733,85,Asse teller 1,Asse,50.89621,4.17294,2.482203239831806,50.89276378266974,4.137973125068998,2022,8,11,23105,Affligem,Normaal,Droog,Dag,met zwaargewonden,3,Fiets,8,Voetganger,Buiten Kruispunt,Gemeenteweg,binnen bebouwde kom,Met een voetganger,Geen hindernis
33734,152,Opwijk,District Vilvoorde-gewestwegen,50.968901168564656,4.149169474840164,1.545714024886861,50.975175621793774,4.168868279369864,2022,8,17,23060,Opwijk,Normaal,Droog,Dageraad - schemering,met lichtgewonden,9,personenauto,3,Fiets,Buiten Kruispunt,Gemeenteweg,binnen bebouwde kom,Tss. 2 best.: langs opzij (voor-/achterkant-flank),Geen hindernis
33735,152,Opwijk,District Vilvoorde-gewestwegen,50.968901168564656,4.149169474840164,1.545714024886861,50.975175621793774,4.168868279369864,2022,8,10,23060,Opwijk,Normaal,Droog,Dag,met lichtgewonden,3,Fiets,8,Voetganger,Buiten Kruispunt,Gemeenteweg,binnen bebouwde kom,Met een voetganger,Geen hindernis
33736,152,Opwijk,District Vilvoorde-gewestwegen,50.968901168564656,4.149169474840164,1.8317024121106944,50.979492329441726,4.169206624601038,2022,8,17,23060,Opwijk,Normaal,Droog,Dag,met lichtgewonden,3,Fiets,3,Fiets,Op Kruispunt,Gemeenteweg,binnen bebouwde kom,Tss. 2 best.: langs opzij (voor-/achterkant-flank),Geen hindernis
33738,80,Wemmel teller 1,Wemmel,50.91418,4.29571,2.3659695716395865,50.89575618916767,4.312589526327983,2022,8,15,23102,Wemmel,Normaal,Droog,Dag,met lichtgewonden,9,personenauto,3,Fiets,Buiten Kruispunt,Gewestweg,binnen bebouwde kom,Tss. 2 best.: langs opzij (voor-/achterkant-flank),Geen hindernis
33738,81,Wemmel teller 2,Wemmel,50.91439,4.29568,2.3872599541774515,50.89575618916767,4.312589526327983,2022,8,15,23102,Wemmel,Normaal,Droog,Dag,met lichtgewonden,9,personenauto,3,Fiets,Buiten Kruispunt,Gewestweg,binnen bebouwde kom,Tss. 2 best.: langs opzij (voor-/achterkant-flank),Geen hindernis
33739,152,Opwijk,District Vilvoorde-gewestwegen,50.968901168564656,4.149169474840164,0.8960486561215086,50.96187251577852,4.155427866302431,2022,8,8,23060,Opwijk,Onbekend,Onbekend,Onbekend,met lichtgewonden,3,Fiets,3,Fiets,Op Kruispunt,Gemeenteweg,buiten bebouwde kom,Tussen 2 bestuurders: Flank tegen flank,Geen hindernis
33743,27,Grimbergen,Meise,50.92127,4.34013,2.1451040498347154,50.94031178886405,4.345037799286828,2022,8,12,23050,Meise,Normaal,Droog,Dag,met lichtgewonden,3,Fiets,9,personenauto,Op Kruispunt,Gewestweg,buiten bebouwde kom,Tss. 2 best.: langs opzij (voor-/achterkant-flank),Geen hindernis
33745,47,Vilvoorde,Vilvoorde,50.91372,4.41497,1.3706278533938026,50.92355429826689,4.426757934404508,2022,8,14,23088,Vilvoorde,Onbekend,Onbekend,Dag,met lichtgewonden,3,Fiets,9,personenauto,Buiten Kruispunt,Gewestweg,binnen bebouwde kom,Tss. 2 best.: langs opzij (voor-/achterkant-flank),Geen hindernis
33745,1,Machelen,Machelen,50.91618331151478,4.456121776137429,2.215527952725163,50.92355429826689,4.426757934404508,2022,8,14,23088,Vilvoorde,Onbekend,Onbekend,Dag,met lichtgewonden,3,Fiets,9,personenauto,Buiten Kruispunt,Gewestweg,binnen bebouwde kom,Tss. 2 best.: langs opzij (voor-/achterkant-flank),Geen hindernis
33746,149,Machelen,,50.88297881,4.43356644,1.6751687419997872,50.8979684283457,4.435955015440466,2022,8,15,23047,Machelen,Normaal,Droog,Dag,met lichtgewonden,3,Fiets,9,personenauto,Buiten Kruispunt,Gewestweg,binnen bebouwde kom,Tss. 2 best.: langs opzij (voor-/achterkant-flank),Geen hindernis
33746,111,Zaventem totem,Zaventem,50.8871216,4.4597084,2.0567949721857337,50.8979684283457,4.435955015440466,2022,8,15,23047,Machelen,Normaal,Droog,Dag,met lichtgewonden,3,Fiets,9,personenauto,Buiten Kruispunt,Gewestweg,binnen bebouwde kom,Tss. 2 best.: langs opzij (voor-/achterkant-flank),Geen hindernis
33746,47,Vilvoorde,Vilvoorde,50.91372,4.41497,2.287554012744748,50.8979684283457,4.435955015440466,2022,8,15,23047,Machelen,Normaal,Droog,Dag,met lichtgewonden,3,Fiets,9,personenauto,Buiten Kruispunt,Gewestweg,binnen bebouwde kom,Tss. 2 best.: langs opzij (voor-/achterkant-flank),Geen hindernis
33746,1,Machelen,Machelen,50.91618331151478,4.456121776137429,2.470174268899989,50.8979684283457,4.435955015440466,2022,8,15,23047,Machelen,Normaal,Droog,Dag,met lichtgewonden,3,Fiets,9,personenauto,Buiten Kruispunt,Gewestweg,binnen bebouwde kom,Tss. 2 best.: langs opzij (voor-/achterkant-flank),Geen hindernis
33748,47,Vilvoorde,Vilvoorde,50.91372,4.41497,1.225087706298003,50.92348706392054,4.423056575405945,2022,8,20,23088,Vilvoorde,Normaal,Droog,"Nacht, openbare verlichting aanwezig en ontstoken",met lichtgewonden,3,Fiets,10,"één bestuurder, geen hindernis",Buiten Kruispunt,Gemeenteweg,binnen bebouwde kom,"Eén bestuurder, geen hindernis (incl. val)",Geen hindernis
33748,1,Machelen,Machelen,50.91618331151478,4.456121776137429,2.4559723375260867,50.92348706392054,4.423056575405945,2022,8,20,23088,Vilvoorde,Normaal,Droog,"Nacht, openbare verlichting aanwezig en ontstoken",met lichtgewonden,3,Fiets,10,"één bestuurder, geen hindernis",Buiten Kruispunt,Gemeenteweg,binnen bebouwde kom,"Eén bestuurder, geen hindernis (incl. val)",Geen hindernis
33749,109,Zemst,Zemst,50.9903936,4.4707023,1.5475494930404194,50.99882231054043,4.488298356504387,2022,8,8,23096,Zemst,Normaal,Proper,Dag,met lichtgewonden,3,Fiets,11,een weggebruiker tegen een hindernis,Buiten Kruispunt,Gewestweg,binnen bebouwde kom,Weggebruiker tegen hindernis op de rijbaan,"Op de rijbaan: Put, straatgoot, tramspoor"
33750,71,Kampenhout teller 2,Kampenhout,50.95589,4.59164,0.35398533216715494,50.95306577523322,4.589307886510205,2022,8,22,23038,Kampenhout,Onbekend,Onbekend,Onbekend,met lichtgewonden,3,Fiets,11,een weggebruiker tegen een hindernis,Buiten Kruispunt,Gewestweg,onbekend,Weggebruiker tegen hindernis buiten rijbaan,Andere hindernis
33750,70,Kampenhout teller 1,Kampenhout,50.95682,4.59318,0.49782221502119867,50.95306577523322,4.589307886510205,2022,8,22,23038,Kampenhout,Onbekend,Onbekend,Onbekend,met lichtgewonden,3,Fiets,11,een weggebruiker tegen een hindernis,Buiten Kruispunt,Gewestweg,onbekend,Weggebruiker tegen hindernis buiten rijbaan,Andere hindernis
33751,71,Kampenhout teller 2,Kampenhout,50.95589,4.59164,0.3019093283680484,50.95809829922679,4.589132193388915,2022,8,16,23038,Kampenhout,Normaal,Droog,Dag,met lichtgewonden,3,Fiets,3,Fiets,Buiten Kruispunt,Gewestweg,binnen bebouwde kom,Tussen 2 bestuurders: Frontale botsing,Geen hindernis
33751,70,Kampenhout teller 1,Kampenhout,50.95682,4.59318,0.3171498824713636,50.95809829922679,4.589132193388915,2022,8,16,23038,Kampenhout,Normaal,Droog,Dag,met lichtgewonden,3,Fiets,3,Fiets,Buiten Kruispunt,Gewestweg,binnen bebouwde kom,Tussen 2 bestuurders: Frontale botsing,Geen hindernis
33753,71,Kampenhout teller 2,Kampenhout,50.95589,4.59164,2.0921438477355276,50.947788573652645,4.564683931850265,2022,8,22,23038,Kampenhout,Normaal,Droog,"Nacht, openbare verlichting aanwezig en ontstoken",met zwaargewonden,3,Fiets,10,"één bestuurder, geen hindernis",Buiten Kruispunt,Gemeenteweg,binnen bebouwde kom,"Eén bestuurder, geen hindernis (incl. val)",Geen hindernis
33753,70,Kampenhout teller 1,Kampenhout,50.95682,4.59318,2.234509234493898,50.947788573652645,4.564683931850265,2022,8,22,23038,Kampenhout,Normaal,Droog,"Nacht, openbare verlichting aanwezig en ontstoken",met zwaargewonden,3,Fiets,10,"één bestuurder, geen hindernis",Buiten Kruispunt,Gemeenteweg,binnen bebouwde kom,"Eén bestuurder, geen hindernis (incl. val)",Geen hindernis
33755,136,Gent R4,Gent,51.0876313,3.7587918,1.9664955709725682,51.07737051141905,3.781721023778368,2022,8,16,44021,Gent,Normaal,Droog,Dag,met lichtgewonden,3,Fiets,9,personenauto,Op Kruispunt,Gewestweg,buiten bebouwde kom,Tussen 2 bestuurders: Flank tegen flank,Geen hindernis
33757,118,Gent teller 1,Gent,51.028049,3.7681359,1.9166717237536248,51.03875306947436,3.7466517425676686,2022,8,19,44021,Gent,Normaal,Droog,Dag,met lichtgewonden,3,Fiets,9,personenauto,Op Kruispunt,Gewestweg,binnen bebouwde kom,Tss. 2 best.: langs opzij (voor-/achterkant-flank),Geen hindernis
33757,119,Gent teller 2,Gent,51.0281795,3.7683918,1.9218162404958186,51.03875306947436,3.7466517425676686,2022,8,19,44021,Gent,Normaal,Droog,Dag,met lichtgewonden,3,Fiets,9,personenauto,Op Kruispunt,Gewestweg,binnen bebouwde kom,Tss. 2 best.: langs opzij (voor-/achterkant-flank),Geen hindernis
33758,13,Gent,Gent,51.03018,3.70146,0.3977580046926859,51.033749403389706,3.7010864989924666,2022,8,17,44021,Gent,Normaal,"Nat, plassen",Dag,met lichtgewonden,3,Fiets,9,personenauto,Buiten Kruispunt,Gemeenteweg,binnen bebouwde kom,Tussen 2 bestuurders: Frontale botsing,Geen hindernis
33760,13,Gent,Gent,51.03018,3.70146,1.9753136249112941,51.047783579505065,3.7052531436788647,2022,8,16,44021,Gent,Normaal,Droog,Dag,met lichtgewonden,9,personenauto,3,Fiets,Buiten Kruispunt,Gemeenteweg,binnen bebouwde kom,Tss. 2 best.: langs opzij (voor-/achterkant-flank),Geen hindernis
33762,118,Gent teller 1,Gent,51.028049,3.7681359,2.400987322869396,51.01787116459134,3.7378606171015734,2022,8,8,44021,Gent,Normaal,Droog,Dag,met lichtgewonden,9,personenauto,3,Fiets,Buiten Kruispunt,Gemeenteweg,binnen bebouwde kom,Tussen 2 bestuurders: Frontale botsing,Geen hindernis
33762,119,Gent teller 2,Gent,51.0281795,3.7683918,2.42361371471702,51.01787116459134,3.7378606171015734,2022,8,8,44021,Gent,Normaal,Droog,Dag,met lichtgewonden,9,personenauto,3,Fiets,Buiten Kruispunt,Gemeenteweg,binnen bebouwde kom,Tussen 2 bestuurders: Frontale botsing,Geen hindernis
33763,13,Gent,Gent,51.03018,3.70146,0.9547036781300084,51.03716362684251,3.7094022406822353,2022,8,9,44021,Gent,Normaal,Droog,Dag,met lichtgewonden,6,Bromfiets,3,Fiets,Buiten Kruispunt,Gemeenteweg,binnen bebouwde kom,Tss. 2 best.: langs opzij (voor-/achterkant-flank),Geen hindernis
33764,13,Gent,Gent,51.03018,3.70146,2.215422651895402,51.038461979881816,3.7302756541470345,2022,8,9,44021,Gent,Normaal,Droog,Dag,met lichtgewonden,3,Fiets,9,personenauto,Op Kruispunt,Gewestweg,binnen bebouwde kom,Tss. 2 best.: langs opzij (voor-/achterkant-flank),Geen hindernis
33766,118,Gent teller 1,Gent,51.028049,3.7681359,2.1013132690567984,51.03978735918322,3.7445857450347773,2022,8,16,44021,Gent,Normaal,Droog,Dag,met lichtgewonden,3,Fiets,8,Voetganger,Buiten Kruispunt,Gewestweg,binnen bebouwde kom,Met een voetganger,Geen hindernis
33766,119,Gent teller 2,Gent,51.0281795,3.7683918,2.106441213802753,51.03978735918322,3.7445857450347773,2022,8,16,44021,Gent,Normaal,Droog,Dag,met lichtgewonden,3,Fiets,8,Voetganger,Buiten Kruispunt,Gewestweg,binnen bebouwde kom,Met een voetganger,Geen hindernis
33769,13,Gent,Gent,51.03018,3.70146,1.5014592383124592,51.017253572369576,3.7076658434627916,2022,8,7,44021,Gent,Normaal,Droog,Dag,met lichtgewonden,9,personenauto,3,Fiets,Op Kruispunt,Gemeenteweg,buiten bebouwde kom,Tss. 2 best.: langs opzij (voor-/achterkant-flank),Geen hindernis