crash_row_id,site_id,site_name,site_gemeente,site_lat,site_long,distance_km,crash_lat,crash_long,DT_YEAR_COLLISION,DT_MONTH_COLLISION,DT_TIME,CD_NIS,TX_MUNTY_COLLISION_NL,TX_WEATHER_NL,TX_ROAD_CONDITION_NL,TX_LIGHT_CONDITION_NL,TX_CLASS_ACCIDENTS_NL,CD_ROAD_USR_TYPE1,TX_ROAD_USR_TYPE1_NL,CD_ROAD_USR_TYPE2,TX_ROAD_USR_TYPE2_NL,TX_CROSSWAY_NL,CD_ROAD_TYPE_NL,TX_BUILD_UP_AREA_NL,TX_COLLISION_TYPE_NL,TX_OBSTACLES_NL
33770,118,Gent teller 1,Gent,51.028049,3.7681359,2.400987322869396,51.01787116459134,3.7378606171015734,2022,8,17,44021,Gent,Normaal,Droog,Dag,met lichtgewonden,9,personenauto,3,Fiets,Buiten Kruispunt,Gemeenteweg,buiten bebouwde kom,Tss. 2 best.: langs opzij (voor-/achterkant-flank),Geen hindernis
33770,119,Gent teller 2,Gent,51.0281795,3.7683918,2.42361371471702,51.01787116459134,3.7378606171015734,2022,8,17,44021,Gent,Normaal,Droog,Dag,met lichtgewonden,9,personenauto,3,Fiets,Buiten Kruispunt,Gemeenteweg,buiten bebouwde kom,Tss. 2 best.: langs opzij (voor-/achterkant-flank),Geen hindernis
33772,13,Gent,Gent,51.03018,3.70146,0.8689185433839285,51.03172844049974,3.7136390691255396,2022,8,17,44021,Gent,Normaal,Droog,Dag,met lichtgewonden,3,Fiets,11,een weggebruiker tegen een hindernis,Buiten Kruispunt,Gewestweg,binnen bebouwde kom,Weggebruiker tegen hindernis buiten rijbaan,Buiten de rijbaan: Verlichtingspaal
33773,13,Gent,Gent,51.03018,3.70146,1.3815100313314796,51.03322402158802,3.7206136490839437,2022,8,11,44021,Gent,Normaal,Droog,Dag,met lichtgewonden,9,personenauto,3,Fiets,Op Kruispunt,Gewestweg,binnen bebouwde kom,Tss. 2 best.: langs opzij (voor-/achterkant-flank),Geen hindernis
33774,13,Gent,Gent,51.03018,3.70146,2.2276071573780554,51.03554493308067,3.7321523290046925,2022,8,17,44021,Gent,Normaal,Droog,Dag,met lichtgewonden,3,Fiets,3,Fiets,Buiten Kruispunt,Gemeenteweg,binnen bebouwde kom,Tussen 2 bestuurders: Langs achteren,Geen hindernis
33777,118,Gent teller 1,Gent,51.028049,3.7681359,2.1874777522805138,51.036284171785624,3.7397271260753198,2022,8,16,44021,Gent,Normaal,Droog,Dag,met lichtgewonden,9,personenauto,3,Fiets,Op Kruispunt,Gemeenteweg,binnen bebouwde kom,Tss. 2 best.: langs opzij (voor-/achterkant-flank),Geen hindernis
33777,119,Gent teller 2,Gent,51.0281795,3.7683918,2.1977492665644958,51.036284171785624,3.7397271260753198,2022,8,16,44021,Gent,Normaal,Droog,Dag,met lichtgewonden,9,personenauto,3,Fiets,Op Kruispunt,Gemeenteweg,binnen bebouwde kom,Tss. 2 best.: langs opzij (voor-/achterkant-flank),Geen hindernis
33780,136,Gent R4,Gent,51.0876313,3.7587918,2.438916821348983,51.08310207703801,3.792956530563023,2022,8,8,44021,Gent,Normaal,Droog,Dag,met lichtgewonden,4,Vrachtwagen,3,Fiets,Buiten Kruispunt,Gewestweg,buiten bebouwde kom,Tussen 2 bestuurders: Frontale botsing,Geen hindernis
33781,13,Gent,Gent,51.03018,3.70146,0.7883573945282448,51.023092685455325,3.7011574695237774,2022,8,12,44021,Gent,Normaal,Droog,Dag,met lichtgewonden,9,personenauto,3,Fiets,Op Kruispunt,Gewestweg,binnen bebouwde kom,Tss. 2 best.: langs opzij (voor-/achterkant-flank),Geen hindernis
33782,13,Gent,Gent,51.03018,3.70146,1.3305213707248058,51.01927921910692,3.70930531767806,2022,8,19,44021,Gent,Normaal,Droog+Proper,Dag,met lichtgewonden,9,personenauto,3,Fiets,Buiten Kruispunt,Gewestweg,binnen bebouwde kom,Tss. 2 best.: langs opzij (voor-/achterkant-flank),Geen hindernis
33784,13,Gent,Gent,51.03018,3.70146,2.3139639705736714,51.01414813096497,3.7225528114504134,2022,8,19,44021,Gent,Normaal,Droog,Dag,met lichtgewonden,3,Fiets,11,een weggebruiker tegen een hindernis,Buiten Kruispunt,Autosnelweg,buiten bebouwde kom,Weggebruiker tegen hindernis buiten rijbaan,Buiten de rijbaan: Verlichtingspaal
33787,13,Gent,Gent,51.03018,3.70146,0.8045160373658061,51.03703179481321,3.7051555007273453,2022,8,17,44021,Gent,Normaal,Droog,Dag,met lichtgewonden,3,Fiets,3,Fiets,Buiten Kruispunt,Gemeenteweg,binnen bebouwde kom,Tussen 2 bestuurders: Frontale botsing,Geen hindernis
33788,119,Gent teller 2,Gent,51.0281795,3.7683918,1.7599342299575702,51.04277577096891,3.75865915880826,2022,8,18,44021,Gent,Normaal,Droog,Dag,met lichtgewonden,3,Fiets,10,"één bestuurder, geen hindernis",Buiten Kruispunt,Gemeenteweg,binnen bebouwde kom,"Eén bestuurder, geen hindernis (incl. val)",Geen hindernis
33788,118,Gent teller 1,Gent,51.028049,3.7681359,1.766535973459187,51.04277577096891,3.75865915880826,2022,8,18,44021,Gent,Normaal,Droog,Dag,met lichtgewonden,3,Fiets,10,"één bestuurder, geen hindernis",Buiten Kruispunt,Gemeenteweg,binnen bebouwde kom,"Eén bestuurder, geen hindernis (incl. val)",Geen hindernis
33790,118,Gent teller 1,Gent,51.028049,3.7681359,0.03977492232687669,51.02781040334575,3.7685596334053373,2022,8,16,44021,Gent,Normaal,Droog,Dag,met lichtgewonden,9,personenauto,3,Fiets,Op Kruispunt,Gewestweg,buiten bebouwde kom,Tss. 2 best.: langs opzij (voor-/achterkant-flank),Geen hindernis
33790,119,Gent teller 2,Gent,51.0281795,3.7683918,0.0426870750746349,51.02781040334575,3.7685596334053373,2022,8,16,44021,Gent,Normaal,Droog,Dag,met lichtgewonden,9,personenauto,3,Fiets,Op Kruispunt,Gewestweg,buiten bebouwde kom,Tss. 2 best.: langs opzij (voor-/achterkant-flank),Geen hindernis
33794,13,Gent,Gent,51.03018,3.70146,0.41892125528083035,51.028517720079954,3.7068357080306127,2022,8,17,44021,Gent,Onbekend,Onbekend,Onbekend,met lichtgewonden,3,Fiets,3,Fiets,Buiten Kruispunt,Gewestweg,binnen bebouwde kom,Tussen 2 bestuurders: Flank tegen flank,Geen hindernis
33795,136,Gent R4,Gent,51.0876313,3.7587918,2.044261437497325,51.07181373557544,3.773706267776529,2022,8,19,44021,Gent,Normaal,Droog,Dag,met lichtgewonden,9,personenauto,3,Fiets,Op Kruispunt,Gewestweg,buiten bebouwde kom,Tussen 2 bestuurders: Frontale botsing,Geen hindernis
33799,118,Gent teller 1,Gent,51.028049,3.7681359,2.380755050107429,51.0189508330376,3.73732292489009,2022,8,6,44021,Gent,Normaal,Droog,Dageraad - schemering,met lichtgewonden,6,Bromfiets,3,Fiets,Buiten Kruispunt,Gemeenteweg,binnen bebouwde kom,Tussen 2 bestuurders: Frontale botsing,Geen hindernis
33799,119,Gent teller 2,Gent,51.0281795,3.7683918,2.4031266518318746,51.0189508330376,3.73732292489009,2022,8,6,44021,Gent,Normaal,Droog,Dageraad - schemering,met lichtgewonden,6,Bromfiets,3,Fiets,Buiten Kruispunt,Gemeenteweg,binnen bebouwde kom,Tussen 2 bestuurders: Frontale botsing,Geen hindernis
33800,13,Gent,Gent,51.03018,3.70146,1.9433131775880406,51.047540873596645,3.7046537297378537,2022,8,18,44021,Gent,Normaal,Droog,Dageraad - schemering,met lichtgewonden,8,Voetganger,3,Fiets,Buiten Kruispunt,Gemeenteweg,binnen bebouwde kom,Met een voetganger,Geen hindernis
33801,118,Gent teller 1,Gent,51.028049,3.7681359,2.3388671063210014,51.039937759275624,3.7405434435541913,2022,8,8,44021,Gent,Normaal,Droog,Dag,met lichtgewonden,3,Fiets,3,Fiets,Buiten Kruispunt,Gemeenteweg,binnen bebouwde kom,Tussen 2 bestuurders: Flank tegen flank,Geen hindernis
33801,119,Gent teller 2,Gent,51.0281795,3.7683918,2.345528507749775,51.039937759275624,3.7405434435541913,2022,8,8,44021,Gent,Normaal,Droog,Dag,met lichtgewonden,3,Fiets,3,Fiets,Buiten Kruispunt,Gemeenteweg,binnen bebouwde kom,Tussen 2 bestuurders: Flank tegen flank,Geen hindernis
33810,119,Gent teller 2,Gent,51.0281795,3.7683918,2.2578339510781764,51.03625124631111,3.7980187538774075,2022,8,15,44013,Destelbergen,Normaal,Droog,Dag,met lichtgewonden,9,personenauto,3,Fiets,Op Kruispunt,Gewestweg,binnen bebouwde kom,Tss. 2 best.: langs opzij (voor-/achterkant-flank),Geen hindernis
33810,118,Gent teller 1,Gent,51.028049,3.7681359,2.2800335735820503,51.03625124631111,3.7980187538774075,2022,8,15,44013,Destelbergen,Normaal,Droog,Dag,met lichtgewonden,9,personenauto,3,Fiets,Op Kruispunt,Gewestweg,binnen bebouwde kom,Tss. 2 best.: langs opzij (voor-/achterkant-flank),Geen hindernis
33811,116,Melle teller 2,Melle,50.9986113,3.8040599,1.624196649964945,51.010519540415196,3.7906174390970295,2022,8,12,44040,Melle,Normaal,Droog,Dag,met lichtgewonden,9,personenauto,3,Fiets,Op Kruispunt,Gewestweg,buiten bebouwde kom,Tss. 2 best.: langs opzij (voor-/achterkant-flank),Geen hindernis
33811,117,Melle teller 1,Melle,50.9986113,3.8040599,1.624196649964945,51.010519540415196,3.7906174390970295,2022,8,12,44040,Melle,Normaal,Droog,Dag,met lichtgewonden,9,personenauto,3,Fiets,Op Kruispunt,Gewestweg,buiten bebouwde kom,Tss. 2 best.: langs opzij (voor-/achterkant-flank),Geen hindernis
33812,116,Melle teller 2,Melle,50.9986113,3.8040599,0.8679710208367123,50.99141520705183,3.799254450285354,2022,8,10,44040,Melle,Normaal,Droog,Dag,met lichtgewonden,3,Fiets,3,Fiets,Buiten Kruispunt,Gewestweg,binnen bebouwde kom,Tussen 2 bestuurders: Flank tegen flank,Geen hindernis
33812,117,Melle teller 1,Melle,50.9986113,3.8040599,0.8679710208367123,50.99141520705183,3.799254450285354,2022,8,10,44040,Melle,Normaal,Droog,Dag,met lichtgewonden,3,Fiets,3,Fiets,Buiten Kruispunt,Gewestweg,binnen bebouwde kom,Tussen 2 bestuurders: Flank tegen flank,Geen hindernis
33813,118,Gent teller 1,Gent,51.028049,3.7681359,1.3448279163381422,51.016094380726166,3.7652218653980016,2022,8,15,44040,Melle,Normaal,Droog,Dag,met zwaargewonden,9,personenauto,3,Fiets,Buiten Kruispunt,Gemeenteweg,binnen bebouwde kom,Tussen 2 bestuurders: Langs achteren,Geen hindernis
33813,119,Gent teller 2,Gent,51.0281795,3.7683918,1.36197197691052,51.016094380726166,3.7652218653980016,2022,8,15,44040,Melle,Normaal,Droog,Dag,met zwaargewonden,9,personenauto,3,Fiets,Buiten Kruispunt,Gemeenteweg,binnen bebouwde kom,Tussen 2 bestuurders: Langs achteren,Geen hindernis
33824,115,Aalter,Aalter,51.1058367,3.4350591,1.8775107855885855,51.091119749938635,3.4482394890666557,2022,8,12,44084,Aalter,Normaal,Droog,Dag,met lichtgewonden,9,personenauto,3,Fiets,Buiten Kruispunt,Gemeenteweg,binnen bebouwde kom,Tussen 2 bestuurders: Frontale botsing,Geen hindernis
33827,115,Aalter,Aalter,51.1058367,3.4350591,0.580569793154566,51.11088803609517,3.432955223078024,2022,8,10,44084,Aalter,Normaal,Droog,Dag,met lichtgewonden,9,personenauto,3,Fiets,Op Kruispunt,Gemeenteweg,binnen bebouwde kom,Tussen 2 bestuurders: Flank tegen flank,Geen hindernis
33830,115,Aalter,Aalter,51.1058367,3.4350591,1.94357465028104,51.088540968620215,3.4390788558919567,2022,8,15,44084,Aalter,Normaal,Droog,Dag,met lichtgewonden,9,personenauto,3,Fiets,Buiten Kruispunt,Gemeenteweg,binnen bebouwde kom,Tussen 2 bestuurders: Langs achteren,Geen hindernis
33863,126,Hamme totem,Hamme,51.1017709,4.1469307,0.9741408495772484,51.110328558653386,4.143944464000135,2022,8,7,46025,Temse,Normaal,"Vuil (zand, grint, bladeren,...)",Dag,met lichtgewonden,3,Fiets,11,een weggebruiker tegen een hindernis,Buiten Kruispunt,Gewestweg,binnen bebouwde kom,Weggebruiker tegen hindernis op de rijbaan,Op de rijbaan: Lading
33870,129,Lokeren teller 2,Lokeren,51.09612,3.97025,0.7851030339442269,51.0890866019016,3.9692641226925507,2022,8,19,46014,Lokeren,Normaal,Onbekend,Dag,met lichtgewonden,9,personenauto,3,Fiets,Op Kruispunt,Gemeenteweg,binnen bebouwde kom,Tss. 2 best.: langs opzij (voor-/achterkant-flank),Geen hindernis
33870,128,Lokeren teller 1,Lokeren,51.09644,3.97023,0.82043821466222,51.0890866019016,3.9692641226925507,2022,8,19,46014,Lokeren,Normaal,Onbekend,Dag,met lichtgewonden,9,personenauto,3,Fiets,Op Kruispunt,Gemeenteweg,binnen bebouwde kom,Tss. 2 best.: langs opzij (voor-/achterkant-flank),Geen hindernis
33870,141,Test site A support,Lokeren,51.08342085,3.9961071208376326,1.9779208866589457,51.0890866019016,3.9692641226925507,2022,8,19,46014,Lokeren,Normaal,Onbekend,Dag,met lichtgewonden,9,personenauto,3,Fiets,Op Kruispunt,Gemeenteweg,binnen bebouwde kom,Tss. 2 best.: langs opzij (voor-/achterkant-flank),Geen hindernis
33872,141,Test site A support,Lokeren,51.08342085,3.9961071208376326,1.3297188039889893,51.09466791395016,3.9896385131839964,2022,8,22,46014,Lokeren,Normaal,Droog,"Nacht, openbare verlichting aanwezig en ontstoken",met lichtgewonden,3,Fiets,11,een weggebruiker tegen een hindernis,Op Kruispunt,Gewestweg,buiten bebouwde kom,Weggebruiker tegen hindernis op de rijbaan,"Op de rijbaan: Werken (signal., aarde, toestel,…)"
33872,129,Lokeren teller 2,Lokeren,51.09612,3.97025,1.3635567363296253,51.09466791395016,3.9896385131839964,2022,8,22,46014,Lokeren,Normaal,Droog,"Nacht, openbare verlichting aanwezig en ontstoken",met lichtgewonden,3,Fiets,11,een weggebruiker tegen een hindernis,Op Kruispunt,Gewestweg,buiten bebouwde kom,Weggebruiker tegen hindernis op de rijbaan,"Op de rijbaan: Werken (signal., aarde, toestel,…)"
33872,128,Lokeren teller 1,Lokeren,51.09644,3.97023,1.3696039468271635,51.09466791395016,3.9896385131839964,2022,8,22,46014,Lokeren,Normaal,Droog,"Nacht, openbare verlichting aanwezig en ontstoken",met lichtgewonden,3,Fiets,11,een weggebruiker tegen een hindernis,Op Kruispunt,Gewestweg,buiten bebouwde kom,Weggebruiker tegen hindernis op de rijbaan,"Op de rijbaan: Werken (signal., aarde, toestel,…)"
33873,128,Lokeren teller 1,Lokeren,51.09644,3.97023,0.3686993200876255,51.09930083567671,3.972899357835873,2022,8,7,46014,Lokeren,Normaal,Droog,Dag,met lichtgewonden,3,Fiets,5,Lichte vrachtauto,Op Kruispunt,Gewestweg,buiten bebouwde kom,Tss. 2 best.: langs opzij (voor-/achterkant-flank),Geen hindernis
33873,129,Lokeren teller 2,Lokeren,51.09612,3.97025,0.3991554604662751,51.09930083567671,3.972899357835873,2022,8,7,46014,Lokeren,Normaal,Droog,Dag,met lichtgewonden,3,Fiets,5,Lichte vrachtauto,Op Kruispunt,Gewestweg,buiten bebouwde kom,Tss. 2 best.: langs opzij (voor-/achterkant-flank),Geen hindernis
33873,141,Test site A support,Lokeren,51.08342085,3.9961071208376326,2.396872742224319,51.09930083567671,3.972899357835873,2022,8,7,46014,Lokeren,Normaal,Droog,Dag,met lichtgewonden,3,Fiets,5,Lichte vrachtauto,Op Kruispunt,Gewestweg,buiten bebouwde kom,Tss. 2 best.: langs opzij (voor-/achterkant-flank),Geen hindernis
33874,141,Test site A support,Lokeren,51.08342085,3.9961071208376326,1.6845345305230406,51.096467921856394,4.008365053061656,2022,8,8,46014,Lokeren,Normaal,Droog,Dag,met lichtgewonden,5,Lichte vrachtauto,3,Fiets,Buiten Kruispunt,Gewestweg,buiten bebouwde kom,Tss. 2 best.: langs opzij (voor-/achterkant-flank),Geen hindernis
33875,141,Test site A support,Lokeren,51.08342085,3.9961071208376326,1.5051724014099308,51.0952155915615,4.006681784108949,2022,8,10,46014,Lokeren,Normaal,Droog,Dag,met lichtgewonden,3,Fiets,11,een weggebruiker tegen een hindernis,Buiten Kruispunt,Gemeenteweg,binnen bebouwde kom,Weggebruiker tegen hindernis buiten rijbaan,"Buiten de rijbaan: Verkeerseiland, middenberm"
33876,126,Hamme totem,Hamme,51.1017709,4.1469307,0.9485167434629893,51.093243973983924,4.146553481350617,2022,8,12,42008,Hamme,Normaal,Onbekend,Dag,met lichtgewonden,3,Fiets,3,Fiets,Buiten Kruispunt,Gemeenteweg,binnen bebouwde kom,Tss. 2 best.: langs opzij (voor-/achterkant-flank),Geen hindernis
33878,126,Hamme totem,Hamme,51.1017709,4.1469307,2.1797941674115457,51.091697155266424,4.120152358382563,2022,8,11,42008,Hamme,Normaal,Droog,Dag,met lichtgewonden,3,Fiets,9,personenauto,Op Kruispunt,Gemeenteweg,binnen bebouwde kom,Tussen 2 bestuurders: Frontale botsing,Geen hindernis
33880,120,Zele teller 1,Zele,51.0607671,4.0547741,1.4385835840039018,51.067947027556514,4.037648851393642,2022,8,20,42028,Zele,Normaal,Droog,Dag,Met doden,3,Fiets,10,"één bestuurder, geen hindernis",Buiten Kruispunt,Gewestweg,binnen bebouwde kom,"Eén bestuurder, geen hindernis (incl. val)",Geen hindernis
33880,121,Zele teller 2,Zele,51.0604067,4.0556696,1.5128850268808214,51.067947027556514,4.037648851393642,2022,8,20,42028,Zele,Normaal,Droog,Dag,Met doden,3,Fiets,10,"één bestuurder, geen hindernis",Buiten Kruispunt,Gewestweg,binnen bebouwde kom,"Eén bestuurder, geen hindernis (incl. val)",Geen hindernis
33882,120,Zele teller 1,Zele,51.0607671,4.0547741,2.4463046760462235,51.082081642084944,4.0461014459774685,2022,8,15,42028,Zele,Normaal,Droog,Dag,met zwaargewonden,3,Fiets,11,een weggebruiker tegen een hindernis,Buiten Kruispunt,Gemeenteweg,buiten bebouwde kom,Weggebruiker tegen hindernis buiten rijbaan,Onbekend
33883,120,Zele teller 1,Zele,51.0607671,4.0547741,1.670516195429346,51.065961647224526,4.032343593867616,2022,8,18,42028,Zele,Normaal,Droog,Dag,met lichtgewonden,3,Fiets,5,Lichte vrachtauto,Buiten Kruispunt,Gewestweg,binnen bebouwde kom,Tussen 2 bestuurders: Flank tegen flank,Geen hindernis
33883,121,Zele teller 2,Zele,51.0604067,4.0556696,1.743170858461992,51.065961647224526,4.032343593867616,2022,8,18,42028,Zele,Normaal,Droog,Dag,met lichtgewonden,3,Fiets,5,Lichte vrachtauto,Buiten Kruispunt,Gewestweg,binnen bebouwde kom,Tussen 2 bestuurders: Flank tegen flank,Geen hindernis
33903,11,Aalst 3,Aalst,50.93385,4.01647,1.7589373228296001,50.938895991229984,4.0402600707604375,2022,8,12,41002,Aalst,Normaal,Droog,Dag,met lichtgewonden,3,Fiets,8,Voetganger,Op Kruispunt,Gemeenteweg,binnen bebouwde kom,Met een voetganger,Geen hindernis
33903,10,Aalst 2,Aalst,50.93549,4.01571,1.7614671317155277,50.938895991229984,4.0402600707604375,2022,8,12,41002,Aalst,Normaal,Droog,Dag,met lichtgewonden,3,Fiets,8,Voetganger,Op Kruispunt,Gemeenteweg,binnen bebouwde kom,Met een voetganger,Geen hindernis
33903,19,Aalst 1,Aalst,50.93433,4.01471,1.8609623239492914,50.938895991229984,4.0402600707604375,2022,8,12,41002,Aalst,Normaal,Droog,Dag,met lichtgewonden,3,Fiets,8,Voetganger,Op Kruispunt,Gemeenteweg,binnen bebouwde kom,Met een voetganger,Geen hindernis
33904,10,Aalst 2,Aalst,50.93549,4.01571,1.190295320181242,50.93795377009171,4.032240550543782,2022,8,18,41002,Aalst,Normaal,Droog,Dag,met zwaargewonden,8,Voetganger,3,Fiets,Buiten Kruispunt,Gemeenteweg,binnen bebouwde kom,Met een voetganger,Geen hindernis
33904,11,Aalst 3,Aalst,50.93385,4.01647,1.1956086646306339,50.93795377009171,4.032240550543782,2022,8,18,41002,Aalst,Normaal,Droog,Dag,met zwaargewonden,8,Voetganger,3,Fiets,Buiten Kruispunt,Gemeenteweg,binnen bebouwde kom,Met een voetganger,Geen hindernis
33904,19,Aalst 1,Aalst,50.93433,4.01471,1.2928254576543081,50.93795377009171,4.032240550543782,2022,8,18,41002,Aalst,Normaal,Droog,Dag,met zwaargewonden,8,Voetganger,3,Fiets,Buiten Kruispunt,Gemeenteweg,binnen bebouwde kom,Met een voetganger,Geen hindernis
33906,11,Aalst 3,Aalst,50.93385,4.01647,2.451022535027957,50.916576729543266,4.0381940332529265,2022,8,7,41002,Aalst,Normaal,Droog,Dag,met lichtgewonden,9,personenauto,3,Fiets,Op Kruispunt,Gemeenteweg,buiten bebouwde kom,Tss. 2 best.: langs opzij (voor-/achterkant-flank),Geen hindernis
33907,10,Aalst 2,Aalst,50.93549,4.01571,0.7732546038894507,50.94159970796582,4.020980425539253,2022,8,18,41002,Aalst,Normaal,Droog,Dag,met lichtgewonden,3,Fiets,9,personenauto,Op Kruispunt,Gemeenteweg,binnen bebouwde kom,Tss. 2 best.: langs opzij (voor-/achterkant-flank),Geen hindernis
33907,11,Aalst 3,Aalst,50.93385,4.01647,0.9178580836003183,50.94159970796582,4.020980425539253,2022,8,18,41002,Aalst,Normaal,Droog,Dag,met lichtgewonden,3,Fiets,9,personenauto,Op Kruispunt,Gemeenteweg,binnen bebouwde kom,Tss. 2 best.: langs opzij (voor-/achterkant-flank),Geen hindernis
33907,19,Aalst 1,Aalst,50.93433,4.01471,0.9200468828208266,50.94159970796582,4.020980425539253,2022,8,18,41002,Aalst,Normaal,Droog,Dag,met lichtgewonden,3,Fiets,9,personenauto,Op Kruispunt,Gemeenteweg,binnen bebouwde kom,Tss. 2 best.: langs opzij (voor-/achterkant-flank),Geen hindernis
33914,125,Dendermonde totem,Dendermonde,51.0372706,4.1025998,2.175668740374316,51.02216858868886,4.122380732885631,2022,8,14,42006,Dendermonde,Normaal,"Vuil (zand, grint, bladeren,...)",Dag,met lichtgewonden,3,Fiets,10,"één bestuurder, geen hindernis",Buiten Kruispunt,Gemeenteweg,binnen bebouwde kom,"Eén bestuurder, geen hindernis (incl. val)",Geen hindernis
33914,122,Dendermonde teller 2,Dendermonde,51.0373918,4.1019222,2.2163753914674382,51.02216858868886,4.122380732885631,2022,8,14,42006,Dendermonde,Normaal,"Vuil (zand, grint, bladeren,...)",Dag,met lichtgewonden,3,Fiets,10,"één bestuurder, geen hindernis",Buiten Kruispunt,Gemeenteweg,binnen bebouwde kom,"Eén bestuurder, geen hindernis (incl. val)",Geen hindernis
33915,122,Dendermonde teller 2,Dendermonde,51.0373918,4.1019222,0.3769588371158196,51.04077267939083,4.102318975503541,2022,8,11,42006,Dendermonde,Normaal,Droog,Dag,met lichtgewonden,9,personenauto,3,Fiets,Buiten Kruispunt,Gewestweg,buiten bebouwde kom,Tss. 2 best.: langs opzij (voor-/achterkant-flank),Geen hindernis
33915,125,Dendermonde totem,Dendermonde,51.0372706,4.1025998,0.38990815399071926,51.04077267939083,4.102318975503541,2022,8,11,42006,Dendermonde,Normaal,Droog,Dag,met lichtgewonden,9,personenauto,3,Fiets,Buiten Kruispunt,Gewestweg,buiten bebouwde kom,Tss. 2 best.: langs opzij (voor-/achterkant-flank),Geen hindernis
33916,125,Dendermonde totem,Dendermonde,51.0372706,4.1025998,0.9989503988443873,51.02846763132266,4.1054514303097465,2022,8,19,42006,Dendermonde,Normaal,"Vuil (zand, grint, bladeren,...)",Dag,met lichtgewonden,3,Fiets,11,een weggebruiker tegen een hindernis,Buiten Kruispunt,Gewestweg,buiten bebouwde kom,Weggebruiker tegen hindernis buiten rijbaan,Buiten de rijbaan: Verlichtingspaal
33916,122,Dendermonde teller 2,Dendermonde,51.0373918,4.1019222,1.0225502623792329,51.02846763132266,4.1054514303097465,2022,8,19,42006,Dendermonde,Normaal,"Vuil (zand, grint, bladeren,...)",Dag,met lichtgewonden,3,Fiets,11,een weggebruiker tegen een hindernis,Buiten Kruispunt,Gewestweg,buiten bebouwde kom,Weggebruiker tegen hindernis buiten rijbaan,Buiten de rijbaan: Verlichtingspaal
33917,125,Dendermonde totem,Dendermonde,51.0372706,4.1025998,0.653479306367546,51.03150000731998,4.104369126789586,2022,8,20,42006,Dendermonde,Normaal,Droog,Dag,met zwaargewonden,3,Fiets,9,personenauto,Op Kruispunt,Gemeenteweg,binnen bebouwde kom,Tussen 2 bestuurders: Langs achteren,Geen hindernis
33917,122,Dendermonde teller 2,Dendermonde,51.0373918,4.1019222,0.6771122393516437,51.03150000731998,4.104369126789586,2022,8,20,42006,Dendermonde,Normaal,Droog,Dag,met zwaargewonden,3,Fiets,9,personenauto,Op Kruispunt,Gemeenteweg,binnen bebouwde kom,Tussen 2 bestuurders: Langs achteren,Geen hindernis
33918,142,TEST Validatie BRUGGE Y2H22022134,Brugge,51.22632,3.24095,1.5394777310332817,51.21250552122732,3.239486529634199,2022,8,8,31005,Brugge,Normaal,Droog,Dag,met lichtgewonden,5,Lichte vrachtauto,3,Fiets,Buiten Kruispunt,Gewestweg,binnen bebouwde kom,Tss. 2 best.: langs opzij (voor-/achterkant-flank),Geen hindernis
33918,52,Brugge,Brugge,51.22632,3.24095,1.5394777310332817,51.21250552122732,3.239486529634199,2022,8,8,31005,Brugge,Normaal,Droog,Dag,met lichtgewonden,5,Lichte vrachtauto,3,Fiets,Buiten Kruispunt,Gewestweg,binnen bebouwde kom,Tss. 2 best.: langs opzij (voor-/achterkant-flank),Geen hindernis
33918,54,Brugge teller 2,Brugge,51.23015,3.22818,2.11409114685903,51.21250552122732,3.239486529634199,2022,8,8,31005,Brugge,Normaal,Droog,Dag,met lichtgewonden,5,Lichte vrachtauto,3,Fiets,Buiten Kruispunt,Gewestweg,binnen bebouwde kom,Tss. 2 best.: langs opzij (voor-/achterkant-flank),Geen hindernis
33918,53,Brugge teller 1,Brugge,51.23023,3.228,2.127031776677178,51.21250552122732,3.239486529634199,2022,8,8,31005,Brugge,Normaal,Droog,Dag,met lichtgewonden,5,Lichte vrachtauto,3,Fiets,Buiten Kruispunt,Gewestweg,binnen bebouwde kom,Tss. 2 best.: langs opzij (voor-/achterkant-flank),Geen hindernis
33919,53,Brugge teller 1,Brugge,51.23023,3.228,1.722621439237593,51.23330553369902,3.2037517708973797,2022,8,14,31005,Brugge,Normaal,Droog,Dag,met lichtgewonden,3,Fiets,3,Fiets,Buiten Kruispunt,Gewestweg,binnen bebouwde kom,Tussen 2 bestuurders: Frontale botsing,Geen hindernis
33919,54,Brugge teller 2,Brugge,51.23015,3.22818,1.7366834846124604,51.23330553369902,3.2037517708973797,2022,8,14,31005,Brugge,Normaal,Droog,Dag,met lichtgewonden,3,Fiets,3,Fiets,Buiten Kruispunt,Gewestweg,binnen bebouwde kom,Tussen 2 bestuurders: Frontale botsing,Geen hindernis
33921,50,"Brugge, Sint-Andries",Brugge,51.19291,3.16252,1.9461281839648779,51.200861487176894,3.1874007278145893,2022,8,12,31005,Brugge,Normaal,Droog,Dag,met lichtgewonden,5,Lichte vrachtauto,3,Fiets,Buiten Kruispunt,Gemeenteweg,binnen bebouwde kom,Tss. 2 best.: langs opzij (voor-/achterkant-flank),Geen hindernis
33921,51,"Brugge, Sint-Andries",Brugge,51.19281,3.16252,1.951206808077658,51.200861487176894,3.1874007278145893,2022,8,12,31005,Brugge,Normaal,Droog,Dag,met lichtgewonden,5,Lichte vrachtauto,3,Fiets,Buiten Kruispunt,Gemeenteweg,binnen bebouwde kom,Tss. 2 best.: langs opzij (voor-/achterkant-flank),Geen hindernis