crash_row_id,site_id,site_name,site_gemeente,site_lat,site_long,distance_km,crash_lat,crash_long,DT_YEAR_COLLISION,DT_MONTH_COLLISION,DT_TIME,CD_NIS,TX_MUNTY_COLLISION_NL,TX_WEATHER_NL,TX_ROAD_CONDITION_NL,TX_LIGHT_CONDITION_NL,TX_CLASS_ACCIDENTS_NL,CD_ROAD_USR_TYPE1,TX_ROAD_USR_TYPE1_NL,CD_ROAD_USR_TYPE2,TX_ROAD_USR_TYPE2_NL,TX_CROSSWAY_NL,CD_ROAD_TYPE_NL,TX_BUILD_UP_AREA_NL,TX_COLLISION_TYPE_NL,TX_OBSTACLES_NL
33922,20,Brugge,Brugge,51.17416,3.20048,1.1067965592791578,51.170371382649414,3.215160574864279,2022,8,8,31005,Brugge,Normaal,Droog,Dag,met lichtgewonden,9,personenauto,3,Fiets,Op Kruispunt,Gewestweg,buiten bebouwde kom,Tss. 2 best.: langs opzij (voor-/achterkant-flank),Geen hindernis
33925,54,Brugge teller 2,Brugge,51.23015,3.22818,0.4307291550867121,51.22877886441123,3.233965432294287,2022,8,8,31005,Brugge,Normaal,Droog,Dag,met lichtgewonden,9,personenauto,3,Fiets,Op Kruispunt,Gemeenteweg,binnen bebouwde kom,Tss. 2 best.: langs opzij (voor-/achterkant-flank),Geen hindernis
33925,53,Brugge teller 1,Brugge,51.23023,3.228,0.4456165409853459,51.22877886441123,3.233965432294287,2022,8,8,31005,Brugge,Normaal,Droog,Dag,met lichtgewonden,9,personenauto,3,Fiets,Op Kruispunt,Gemeenteweg,binnen bebouwde kom,Tss. 2 best.: langs opzij (voor-/achterkant-flank),Geen hindernis
33925,52,Brugge,Brugge,51.22632,3.24095,0.5579432556381424,51.22877886441123,3.233965432294287,2022,8,8,31005,Brugge,Normaal,Droog,Dag,met lichtgewonden,9,personenauto,3,Fiets,Op Kruispunt,Gemeenteweg,binnen bebouwde kom,Tss. 2 best.: langs opzij (voor-/achterkant-flank),Geen hindernis
33925,142,TEST Validatie BRUGGE Y2H22022134,Brugge,51.22632,3.24095,0.5579432556381424,51.22877886441123,3.233965432294287,2022,8,8,31005,Brugge,Normaal,Droog,Dag,met lichtgewonden,9,personenauto,3,Fiets,Op Kruispunt,Gemeenteweg,binnen bebouwde kom,Tss. 2 best.: langs opzij (voor-/achterkant-flank),Geen hindernis
33929,20,Brugge,Brugge,51.17416,3.20048,1.9282398264365537,51.17860811205453,3.2272150727959397,2022,8,14,31005,Brugge,Normaal,Droog,Dag,met lichtgewonden,4,Vrachtwagen,3,Fiets,Op Kruispunt,Gewestweg,binnen bebouwde kom,Tss. 2 best.: langs opzij (voor-/achterkant-flank),Geen hindernis
33930,142,TEST Validatie BRUGGE Y2H22022134,Brugge,51.22632,3.24095,1.5167267824873665,51.212680402776954,3.2407366734125396,2022,8,19,31005,Brugge,Normaal,Droog,Dag,met lichtgewonden,3,Fiets,9,personenauto,Op Kruispunt,Gewestweg,buiten bebouwde kom,Tss. 2 best.: langs opzij (voor-/achterkant-flank),Geen hindernis
33930,52,Brugge,Brugge,51.22632,3.24095,1.5167267824873665,51.212680402776954,3.2407366734125396,2022,8,19,31005,Brugge,Normaal,Droog,Dag,met lichtgewonden,3,Fiets,9,personenauto,Op Kruispunt,Gewestweg,buiten bebouwde kom,Tss. 2 best.: langs opzij (voor-/achterkant-flank),Geen hindernis
33930,54,Brugge teller 2,Brugge,51.23015,3.22818,2.1302917528202983,51.212680402776954,3.2407366734125396,2022,8,19,31005,Brugge,Normaal,Droog,Dag,met lichtgewonden,3,Fiets,9,personenauto,Op Kruispunt,Gewestweg,buiten bebouwde kom,Tss. 2 best.: langs opzij (voor-/achterkant-flank),Geen hindernis
33930,53,Brugge teller 1,Brugge,51.23023,3.228,2.14356298238813,51.212680402776954,3.2407366734125396,2022,8,19,31005,Brugge,Normaal,Droog,Dag,met lichtgewonden,3,Fiets,9,personenauto,Op Kruispunt,Gewestweg,buiten bebouwde kom,Tss. 2 best.: langs opzij (voor-/achterkant-flank),Geen hindernis
33931,53,Brugge teller 1,Brugge,51.23023,3.228,2.4984833624484626,51.22771862282816,3.1923432290095874,2022,8,9,31005,Brugge,Normaal,Droog+Proper,Dag,met lichtgewonden,9,personenauto,3,Fiets,Op Kruispunt,Gewestweg,binnen bebouwde kom,Tss. 2 best.: langs opzij (voor-/achterkant-flank),Geen hindernis
33932,20,Brugge,Brugge,51.17416,3.20048,0.961731203737294,51.18175328707903,3.193874463050957,2022,8,13,31005,Brugge,Normaal,Droog,Dag,met lichtgewonden,4,Vrachtwagen,3,Fiets,Op Kruispunt,Gemeenteweg,binnen bebouwde kom,Tussen 2 bestuurders: Flank tegen flank,Geen hindernis
33933,142,TEST Validatie BRUGGE Y2H22022134,Brugge,51.22632,3.24095,1.1539992949822409,51.22474653312925,3.2573301785437065,2022,8,8,31005,Brugge,Normaal,Droog,Dag,met lichtgewonden,3,Fiets,9,personenauto,Op Kruispunt,Gemeenteweg,binnen bebouwde kom,Tss. 2 best.: langs opzij (voor-/achterkant-flank),Geen hindernis
33933,52,Brugge,Brugge,51.22632,3.24095,1.1539992949822409,51.22474653312925,3.2573301785437065,2022,8,8,31005,Brugge,Normaal,Droog,Dag,met lichtgewonden,3,Fiets,9,personenauto,Op Kruispunt,Gemeenteweg,binnen bebouwde kom,Tss. 2 best.: langs opzij (voor-/achterkant-flank),Geen hindernis
33933,54,Brugge teller 2,Brugge,51.23015,3.22818,2.116891296029764,51.22474653312925,3.2573301785437065,2022,8,8,31005,Brugge,Normaal,Droog,Dag,met lichtgewonden,3,Fiets,9,personenauto,Op Kruispunt,Gemeenteweg,binnen bebouwde kom,Tss. 2 best.: langs opzij (voor-/achterkant-flank),Geen hindernis
33933,53,Brugge teller 1,Brugge,51.23023,3.228,2.131438820564042,51.22474653312925,3.2573301785437065,2022,8,8,31005,Brugge,Normaal,Droog,Dag,met lichtgewonden,3,Fiets,9,personenauto,Op Kruispunt,Gemeenteweg,binnen bebouwde kom,Tss. 2 best.: langs opzij (voor-/achterkant-flank),Geen hindernis
33934,54,Brugge teller 2,Brugge,51.23015,3.22818,0.23239193491636964,51.22912621807705,3.2310896464136274,2022,8,12,31005,Brugge,Normaal,Droog,Dag,met lichtgewonden,3,Fiets,9,personenauto,Buiten Kruispunt,Gemeenteweg,binnen bebouwde kom,Tss. 2 best.: langs opzij (voor-/achterkant-flank),Geen hindernis
33934,53,Brugge teller 1,Brugge,51.23023,3.228,0.24768131960126366,51.22912621807705,3.2310896464136274,2022,8,12,31005,Brugge,Normaal,Droog,Dag,met lichtgewonden,3,Fiets,9,personenauto,Buiten Kruispunt,Gemeenteweg,binnen bebouwde kom,Tss. 2 best.: langs opzij (voor-/achterkant-flank),Geen hindernis
33934,52,Brugge,Brugge,51.22632,3.24095,0.7541870356491384,51.22912621807705,3.2310896464136274,2022,8,12,31005,Brugge,Normaal,Droog,Dag,met lichtgewonden,3,Fiets,9,personenauto,Buiten Kruispunt,Gemeenteweg,binnen bebouwde kom,Tss. 2 best.: langs opzij (voor-/achterkant-flank),Geen hindernis
33934,142,TEST Validatie BRUGGE Y2H22022134,Brugge,51.22632,3.24095,0.7541870356491384,51.22912621807705,3.2310896464136274,2022,8,12,31005,Brugge,Normaal,Droog,Dag,met lichtgewonden,3,Fiets,9,personenauto,Buiten Kruispunt,Gemeenteweg,binnen bebouwde kom,Tss. 2 best.: langs opzij (voor-/achterkant-flank),Geen hindernis
33937,142,TEST Validatie BRUGGE Y2H22022134,Brugge,51.22632,3.24095,2.3818534852444895,51.20863838271998,3.2216461320862146,2022,8,19,31005,Brugge,Normaal,Droog,Dag,met lichtgewonden,3,Fiets,9,personenauto,Buiten Kruispunt,Gewestweg,binnen bebouwde kom,Tussen 2 bestuurders: Langs achteren,Geen hindernis
33937,52,Brugge,Brugge,51.22632,3.24095,2.3818534852444895,51.20863838271998,3.2216461320862146,2022,8,19,31005,Brugge,Normaal,Droog,Dag,met lichtgewonden,3,Fiets,9,personenauto,Buiten Kruispunt,Gewestweg,binnen bebouwde kom,Tussen 2 bestuurders: Langs achteren,Geen hindernis
33937,54,Brugge teller 2,Brugge,51.23015,3.22818,2.4348835277088816,51.20863838271998,3.2216461320862146,2022,8,19,31005,Brugge,Normaal,Droog,Dag,met lichtgewonden,3,Fiets,9,personenauto,Buiten Kruispunt,Gewestweg,binnen bebouwde kom,Tussen 2 bestuurders: Langs achteren,Geen hindernis
33937,53,Brugge teller 1,Brugge,51.23023,3.228,2.4413194283017705,51.20863838271998,3.2216461320862146,2022,8,19,31005,Brugge,Normaal,Droog,Dag,met lichtgewonden,3,Fiets,9,personenauto,Buiten Kruispunt,Gewestweg,binnen bebouwde kom,Tussen 2 bestuurders: Langs achteren,Geen hindernis
33938,50,"Brugge, Sint-Andries",Brugge,51.19291,3.16252,1.589383067069089,51.204760190670996,3.175275125358907,2022,8,1,31005,Brugge,Normaal,Droog,"Nacht, openbare verlichting aanwezig en ontstoken",met lichtgewonden,3,Fiets,9,personenauto,Buiten Kruispunt,Gemeenteweg,binnen bebouwde kom,Tussen 2 bestuurders: Langs achteren,Geen hindernis
33938,51,"Brugge, Sint-Andries",Brugge,51.19281,3.16252,1.598614331695396,51.204760190670996,3.175275125358907,2022,8,1,31005,Brugge,Normaal,Droog,"Nacht, openbare verlichting aanwezig en ontstoken",met lichtgewonden,3,Fiets,9,personenauto,Buiten Kruispunt,Gemeenteweg,binnen bebouwde kom,Tussen 2 bestuurders: Langs achteren,Geen hindernis
33939,142,TEST Validatie BRUGGE Y2H22022134,Brugge,51.22632,3.24095,2.283093895433251,51.208818883015255,3.223807829842653,2022,8,22,31005,Brugge,Normaal,Droog,"Nacht, openbare verlichting aanwezig en ontstoken",met lichtgewonden,8,Voetganger,3,Fiets,Buiten Kruispunt,Gewestweg,binnen bebouwde kom,Met een voetganger,Geen hindernis
33939,52,Brugge,Brugge,51.22632,3.24095,2.283093895433251,51.208818883015255,3.223807829842653,2022,8,22,31005,Brugge,Normaal,Droog,"Nacht, openbare verlichting aanwezig en ontstoken",met lichtgewonden,8,Voetganger,3,Fiets,Buiten Kruispunt,Gewestweg,binnen bebouwde kom,Met een voetganger,Geen hindernis
33939,54,Brugge teller 2,Brugge,51.23015,3.22818,2.391377936896982,51.208818883015255,3.223807829842653,2022,8,22,31005,Brugge,Normaal,Droog,"Nacht, openbare verlichting aanwezig en ontstoken",met lichtgewonden,8,Voetganger,3,Fiets,Buiten Kruispunt,Gewestweg,binnen bebouwde kom,Met een voetganger,Geen hindernis
33939,53,Brugge teller 1,Brugge,51.23023,3.228,2.398643174686464,51.208818883015255,3.223807829842653,2022,8,22,31005,Brugge,Normaal,Droog,"Nacht, openbare verlichting aanwezig en ontstoken",met lichtgewonden,8,Voetganger,3,Fiets,Buiten Kruispunt,Gewestweg,binnen bebouwde kom,Met een voetganger,Geen hindernis
33941,142,TEST Validatie BRUGGE Y2H22022134,Brugge,51.22632,3.24095,2.338218260946985,51.20732969830711,3.226532952255772,2022,8,12,31005,Brugge,Normaal,Droog,Dag,met lichtgewonden,8,Voetganger,3,Fiets,Op Kruispunt,Gemeenteweg,binnen bebouwde kom,Met een voetganger,Geen hindernis
33941,52,Brugge,Brugge,51.22632,3.24095,2.338218260946985,51.20732969830711,3.226532952255772,2022,8,12,31005,Brugge,Normaal,Droog,Dag,met lichtgewonden,8,Voetganger,3,Fiets,Op Kruispunt,Gemeenteweg,binnen bebouwde kom,Met een voetganger,Geen hindernis
33963,54,Brugge teller 2,Brugge,51.23015,3.22818,2.001821790784148,51.21324643780006,3.2182896201158453,2022,8,1,31005,Brugge,Normaal,Droog,"Nacht, openbare verlichting aanwezig en ontstoken",met lichtgewonden,3,Fiets,6,Bromfiets,Buiten Kruispunt,Gewestweg,binnen bebouwde kom,Tss. 2 best.: langs opzij (voor-/achterkant-flank),Geen hindernis
33963,53,Brugge teller 1,Brugge,51.23023,3.228,2.005915577809435,51.21324643780006,3.2182896201158453,2022,8,1,31005,Brugge,Normaal,Droog,"Nacht, openbare verlichting aanwezig en ontstoken",met lichtgewonden,3,Fiets,6,Bromfiets,Buiten Kruispunt,Gewestweg,binnen bebouwde kom,Tss. 2 best.: langs opzij (voor-/achterkant-flank),Geen hindernis
33963,52,Brugge,Brugge,51.22632,3.24095,2.1456839752682924,51.21324643780006,3.2182896201158453,2022,8,1,31005,Brugge,Normaal,Droog,"Nacht, openbare verlichting aanwezig en ontstoken",met lichtgewonden,3,Fiets,6,Bromfiets,Buiten Kruispunt,Gewestweg,binnen bebouwde kom,Tss. 2 best.: langs opzij (voor-/achterkant-flank),Geen hindernis
33963,142,TEST Validatie BRUGGE Y2H22022134,Brugge,51.22632,3.24095,2.1456839752682924,51.21324643780006,3.2182896201158453,2022,8,1,31005,Brugge,Normaal,Droog,"Nacht, openbare verlichting aanwezig en ontstoken",met lichtgewonden,3,Fiets,6,Bromfiets,Buiten Kruispunt,Gewestweg,binnen bebouwde kom,Tss. 2 best.: langs opzij (voor-/achterkant-flank),Geen hindernis
33973,15,Oostende 2,Oostende,51.21371,2.92743,1.4570197045500284,51.216815139088325,2.9071073045971656,2022,8,11,35013,Oostende,Normaal,Droog,Dag,met lichtgewonden,3,Fiets,99,onbekend,Buiten Kruispunt,Gewestweg,binnen bebouwde kom,Tussen 2 bestuurders: Frontale botsing,Geen hindernis
33973,18,Oostende 1,Oostende,51.21378,2.92765,1.4701037210576182,51.216815139088325,2.9071073045971656,2022,8,11,35013,Oostende,Normaal,Droog,Dag,met lichtgewonden,3,Fiets,99,onbekend,Buiten Kruispunt,Gewestweg,binnen bebouwde kom,Tussen 2 bestuurders: Frontale botsing,Geen hindernis
33974,18,Oostende 1,Oostende,51.21378,2.92765,1.6498502364154737,51.22808948828593,2.9213866579099284,2022,8,13,35013,Oostende,Regenval,"Nat, plassen",Dag,met lichtgewonden,3,Fiets,8,Voetganger,Buiten Kruispunt,Gewestweg,binnen bebouwde kom,Met een voetganger,Geen vermelding van de aanwezigheid van een hindernis
33974,15,Oostende 2,Oostende,51.21371,2.92743,1.6533918516559563,51.22808948828593,2.9213866579099284,2022,8,13,35013,Oostende,Regenval,"Nat, plassen",Dag,met lichtgewonden,3,Fiets,8,Voetganger,Buiten Kruispunt,Gewestweg,binnen bebouwde kom,Met een voetganger,Geen vermelding van de aanwezigheid van een hindernis
33975,18,Oostende 1,Oostende,51.21378,2.92765,2.1262594676059754,51.23201990456629,2.918484149595561,2022,8,20,35013,Oostende,Normaal,Droog,Dag,met lichtgewonden,3,Fiets,3,Fiets,Op Kruispunt,Gemeenteweg,binnen bebouwde kom,Tussen 2 bestuurders: Frontale botsing,Geen hindernis
33975,15,Oostende 2,Oostende,51.21371,2.92743,2.129152282720346,51.23201990456629,2.918484149595561,2022,8,20,35013,Oostende,Normaal,Droog,Dag,met lichtgewonden,3,Fiets,3,Fiets,Op Kruispunt,Gemeenteweg,binnen bebouwde kom,Tussen 2 bestuurders: Frontale botsing,Geen hindernis
33976,15,Oostende 2,Oostende,51.21371,2.92743,0.9314017260709806,51.20603783433945,2.9220640871533305,2022,8,21,35013,Oostende,Normaal,Droog,"Nacht, geen openbare verlichting aanwezig",met lichtgewonden,3,Fiets,6,Bromfiets,Buiten Kruispunt,Gemeenteweg,binnen bebouwde kom,Tussen 2 bestuurders: Frontale botsing,Geen hindernis
33976,18,Oostende 1,Oostende,51.21378,2.92765,0.9447443109531769,51.20603783433945,2.9220640871533305,2022,8,21,35013,Oostende,Normaal,Droog,"Nacht, geen openbare verlichting aanwezig",met lichtgewonden,3,Fiets,6,Bromfiets,Buiten Kruispunt,Gemeenteweg,binnen bebouwde kom,Tussen 2 bestuurders: Frontale botsing,Geen hindernis
33977,15,Oostende 2,Oostende,51.21371,2.92743,2.3230587016543116,51.19974919982243,2.9026223976701813,2022,7,16,35013,Oostende,Normaal,Droog,Dag,met lichtgewonden,3,Fiets,9,personenauto,Buiten Kruispunt,Gewestweg,binnen bebouwde kom,Tss. 2 best.: langs opzij (voor-/achterkant-flank),Geen hindernis
33977,18,Oostende 1,Oostende,51.21378,2.92765,2.3396652001145792,51.19974919982243,2.9026223976701813,2022,7,16,35013,Oostende,Normaal,Droog,Dag,met lichtgewonden,3,Fiets,9,personenauto,Buiten Kruispunt,Gewestweg,binnen bebouwde kom,Tss. 2 best.: langs opzij (voor-/achterkant-flank),Geen hindernis
33978,15,Oostende 2,Oostende,51.21371,2.92743,1.2307532942791173,51.21482670917032,2.9098505263304095,2022,8,10,35013,Oostende,Normaal,Droog,Dag,met lichtgewonden,3,Fiets,9,personenauto,Op Kruispunt,Gewestweg,binnen bebouwde kom,Tussen 2 bestuurders: Frontale botsing,Geen hindernis
33978,18,Oostende 1,Oostende,51.21378,2.92765,1.24524730446356,51.21482670917032,2.9098505263304095,2022,8,10,35013,Oostende,Normaal,Droog,Dag,met lichtgewonden,3,Fiets,9,personenauto,Op Kruispunt,Gewestweg,binnen bebouwde kom,Tussen 2 bestuurders: Frontale botsing,Geen hindernis
33997,84,Roeselare totem,Izegem,50.91717,3.18772,2.0597546370170097,50.91203549190118,3.159490630193206,2022,8,16,36015,Roeselare,Normaal,Droog,Dag,met lichtgewonden,9,personenauto,3,Fiets,Buiten Kruispunt,Gemeenteweg,binnen bebouwde kom,Tussen 2 bestuurders: Frontale botsing,Geen hindernis
34000,84,Roeselare totem,Izegem,50.91717,3.18772,1.7979662284823281,50.91817003260433,3.213319003536547,2022,8,19,36008,Izegem,Normaal,Droog,Dag,met zwaargewonden,3,Fiets,9,personenauto,Buiten Kruispunt,Gemeenteweg,binnen bebouwde kom,Tss. 2 best.: langs opzij (voor-/achterkant-flank),Geen hindernis
34001,84,Roeselare totem,Izegem,50.91717,3.18772,1.6218429765954676,50.918788268049,3.2107130066857024,2022,8,10,36008,Izegem,Normaal,Droog,Dag,met lichtgewonden,5,Lichte vrachtauto,3,Fiets,Buiten Kruispunt,Gewestweg,binnen bebouwde kom,Tss. 2 best.: langs opzij (voor-/achterkant-flank),Geen hindernis
34005,84,Roeselare totem,Izegem,50.91717,3.18772,2.2045588617375302,50.90665029760332,3.214372887748436,2022,8,16,36008,Izegem,Normaal,Droog,Dag,met lichtgewonden,9,personenauto,3,Fiets,Buiten Kruispunt,Gewestweg,buiten bebouwde kom,Tss. 2 best.: langs opzij (voor-/achterkant-flank),Geen hindernis
34011,61,Wervik teller 2,Wervik,50.80555,3.0921,2.3081457586794363,50.799271809012666,3.1234062744667344,2022,8,17,34027,Menen,Onbekend,Droog,Dag,met lichtgewonden,6,Bromfiets,3,Fiets,Buiten Kruispunt,Gemeenteweg,binnen bebouwde kom,Tss. 2 best.: langs opzij (voor-/achterkant-flank),Geen hindernis
34011,62,Wervik teller 1,Wervik,50.8058,3.09154,2.3541038236026055,50.799271809012666,3.1234062744667344,2022,8,17,34027,Menen,Onbekend,Droog,Dag,met lichtgewonden,6,Bromfiets,3,Fiets,Buiten Kruispunt,Gemeenteweg,binnen bebouwde kom,Tss. 2 best.: langs opzij (voor-/achterkant-flank),Geen hindernis
34015,61,Wervik teller 2,Wervik,50.80555,3.0921,2.0113248495813365,50.79677064884402,3.117122925642389,2022,8,15,34027,Menen,Normaal,Droog,Dag,met lichtgewonden,3,Fiets,9,personenauto,Buiten Kruispunt,Gewestweg,binnen bebouwde kom,Tss. 2 best.: langs opzij (voor-/achterkant-flank),Geen hindernis
34015,62,Wervik teller 1,Wervik,50.8058,3.09154,2.0592282284834313,50.79677064884402,3.117122925642389,2022,8,15,34027,Menen,Normaal,Droog,Dag,met lichtgewonden,3,Fiets,9,personenauto,Buiten Kruispunt,Gewestweg,binnen bebouwde kom,Tss. 2 best.: langs opzij (voor-/achterkant-flank),Geen hindernis
34017,74,Kortrijk teller 1,Kortrijk,50.81909,3.25728,0.9358421319958744,50.81559105420377,3.2451646236505733,2022,8,12,34022,Kortrijk,Normaal,Droog,Dag,met lichtgewonden,3,Fiets,3,Fiets,Buiten Kruispunt,Gemeenteweg,binnen bebouwde kom,Tussen 2 bestuurders: Flank tegen flank,Geen hindernis
34017,75,Kortrijk teller 2,Kortrijk,50.81925,3.25731,0.9452779899573854,50.81559105420377,3.2451646236505733,2022,8,12,34022,Kortrijk,Normaal,Droog,Dag,met lichtgewonden,3,Fiets,3,Fiets,Buiten Kruispunt,Gemeenteweg,binnen bebouwde kom,Tussen 2 bestuurders: Flank tegen flank,Geen hindernis
34017,143,Eco Display Classic Budastraat,Kortrijk,50.83066,3.26286,2.0862939225521506,50.81559105420377,3.2451646236505733,2022,8,12,34022,Kortrijk,Normaal,Droog,Dag,met lichtgewonden,3,Fiets,3,Fiets,Buiten Kruispunt,Gemeenteweg,binnen bebouwde kom,Tussen 2 bestuurders: Flank tegen flank,Geen hindernis
34018,143,Eco Display Classic Budastraat,Kortrijk,50.83066,3.26286,0.6551718004327115,50.82754530705708,3.2707784179018664,2022,8,19,34022,Kortrijk,Normaal,Droog,Onbekend,met lichtgewonden,3,Fiets,8,Voetganger,Buiten Kruispunt,Gemeenteweg,binnen bebouwde kom,Met een voetganger,Geen hindernis
34018,16,Kortrijk 1,Kortrijk,50.83332,3.27777,0.8083510981860222,50.82754530705708,3.2707784179018664,2022,8,19,34022,Kortrijk,Normaal,Droog,Onbekend,met lichtgewonden,3,Fiets,8,Voetganger,Buiten Kruispunt,Gemeenteweg,binnen bebouwde kom,Met een voetganger,Geen hindernis
34018,17,Kortrijk 2,Kortrijk,50.83339,3.27773,0.8128571105816035,50.82754530705708,3.2707784179018664,2022,8,19,34022,Kortrijk,Normaal,Droog,Onbekend,met lichtgewonden,3,Fiets,8,Voetganger,Buiten Kruispunt,Gemeenteweg,binnen bebouwde kom,Met een voetganger,Geen hindernis
34018,75,Kortrijk teller 2,Kortrijk,50.81925,3.25731,1.3213078716482913,50.82754530705708,3.2707784179018664,2022,8,19,34022,Kortrijk,Normaal,Droog,Onbekend,met lichtgewonden,3,Fiets,8,Voetganger,Buiten Kruispunt,Gemeenteweg,binnen bebouwde kom,Met een voetganger,Geen hindernis
34018,74,Kortrijk teller 1,Kortrijk,50.81909,3.25728,1.3352853128139963,50.82754530705708,3.2707784179018664,2022,8,19,34022,Kortrijk,Normaal,Droog,Onbekend,met lichtgewonden,3,Fiets,8,Voetganger,Buiten Kruispunt,Gemeenteweg,binnen bebouwde kom,Met een voetganger,Geen hindernis
34019,17,Kortrijk 2,Kortrijk,50.83339,3.27773,1.9379937906524578,50.85071650915324,3.2807159068004106,2022,8,10,34023,Kuurne,Normaal,Droog,Dag,met lichtgewonden,9,personenauto,3,Fiets,Buiten Kruispunt,Gemeenteweg,binnen bebouwde kom,Tussen 2 bestuurders: Flank tegen flank,Geen hindernis
34019,16,Kortrijk 1,Kortrijk,50.83332,3.27777,1.9454313243576484,50.85071650915324,3.2807159068004106,2022,8,10,34023,Kuurne,Normaal,Droog,Dag,met lichtgewonden,9,personenauto,3,Fiets,Buiten Kruispunt,Gemeenteweg,binnen bebouwde kom,Tussen 2 bestuurders: Flank tegen flank,Geen hindernis
34020,143,Eco Display Classic Budastraat,Kortrijk,50.83066,3.26286,2.2507169424199014,50.84066562812656,3.2349994323462394,2022,8,12,34022,Kortrijk,Normaal,Droog,Dag,met lichtgewonden,9,personenauto,3,Fiets,Op Kruispunt,Gemeenteweg,binnen bebouwde kom,Tss. 2 best.: langs opzij (voor-/achterkant-flank),Geen hindernis
34021,143,Eco Display Classic Budastraat,Kortrijk,50.83066,3.26286,0.6869447802249168,50.82583046460666,3.2689590449661905,2022,8,17,34022,Kortrijk,Normaal,Droog,Dag,met zwaargewonden,2,Andere weggebruiker,3,Fiets,Buiten Kruispunt,Gemeenteweg,binnen bebouwde kom,Tussen 2 bestuurders: Flank tegen flank,Geen hindernis
34021,16,Kortrijk 1,Kortrijk,50.83332,3.27777,1.037545912874406,50.82583046460666,3.2689590449661905,2022,8,17,34022,Kortrijk,Normaal,Droog,Dag,met zwaargewonden,2,Andere weggebruiker,3,Fiets,Buiten Kruispunt,Gemeenteweg,binnen bebouwde kom,Tussen 2 bestuurders: Flank tegen flank,Geen hindernis
34021,17,Kortrijk 2,Kortrijk,50.83339,3.27773,1.0421405000478725,50.82583046460666,3.2689590449661905,2022,8,17,34022,Kortrijk,Normaal,Droog,Dag,met zwaargewonden,2,Andere weggebruiker,3,Fiets,Buiten Kruispunt,Gemeenteweg,binnen bebouwde kom,Tussen 2 bestuurders: Flank tegen flank,Geen hindernis
34021,75,Kortrijk teller 2,Kortrijk,50.81925,3.25731,1.0977208343114933,50.82583046460666,3.2689590449661905,2022,8,17,34022,Kortrijk,Normaal,Droog,Dag,met zwaargewonden,2,Andere weggebruiker,3,Fiets,Buiten Kruispunt,Gemeenteweg,binnen bebouwde kom,Tussen 2 bestuurders: Flank tegen flank,Geen hindernis
34021,74,Kortrijk teller 1,Kortrijk,50.81909,3.25728,1.1112152027610567,50.82583046460666,3.2689590449661905,2022,8,17,34022,Kortrijk,Normaal,Droog,Dag,met zwaargewonden,2,Andere weggebruiker,3,Fiets,Buiten Kruispunt,Gemeenteweg,binnen bebouwde kom,Tussen 2 bestuurders: Flank tegen flank,Geen hindernis
34023,17,Kortrijk 2,Kortrijk,50.83339,3.27773,1.5064659973405827,50.84564609779586,3.2685870797944623,2022,8,10,34023,Kuurne,Normaal,Droog,Dag,met lichtgewonden,3,Fiets,3,Fiets,Op Kruispunt,Gewestweg,binnen bebouwde kom,Tss. 2 best.: langs opzij (voor-/achterkant-flank),Geen hindernis
34023,16,Kortrijk 1,Kortrijk,50.83332,3.27777,1.5147048341528826,50.84564609779586,3.2685870797944623,2022,8,10,34023,Kuurne,Normaal,Droog,Dag,met lichtgewonden,3,Fiets,3,Fiets,Op Kruispunt,Gewestweg,binnen bebouwde kom,Tss. 2 best.: langs opzij (voor-/achterkant-flank),Geen hindernis
34023,143,Eco Display Classic Budastraat,Kortrijk,50.83066,3.26286,1.714219860451166,50.84564609779586,3.2685870797944623,2022,8,10,34023,Kuurne,Normaal,Droog,Dag,met lichtgewonden,3,Fiets,3,Fiets,Op Kruispunt,Gewestweg,binnen bebouwde kom,Tss. 2 best.: langs opzij (voor-/achterkant-flank),Geen hindernis
34025,16,Kortrijk 1,Kortrijk,50.83332,3.27777,0.2731502403943794,50.83095865202667,3.2766979989907274,2022,8,18,34022,Kortrijk,Normaal,Droog,Dag,met lichtgewonden,9,personenauto,3,Fiets,Op Kruispunt,Gemeenteweg,binnen bebouwde kom,Tss. 2 best.: langs opzij (voor-/achterkant-flank),Geen hindernis
34025,17,Kortrijk 2,Kortrijk,50.83339,3.27773,0.2799000410315868,50.83095865202667,3.2766979989907274,2022,8,18,34022,Kortrijk,Normaal,Droog,Dag,met lichtgewonden,9,personenauto,3,Fiets,Op Kruispunt,Gemeenteweg,binnen bebouwde kom,Tss. 2 best.: langs opzij (voor-/achterkant-flank),Geen hindernis
34025,143,Eco Display Classic Budastraat,Kortrijk,50.83066,3.26286,0.9724390112728664,50.83095865202667,3.2766979989907274,2022,8,18,34022,Kortrijk,Normaal,Droog,Dag,met lichtgewonden,9,personenauto,3,Fiets,Op Kruispunt,Gemeenteweg,binnen bebouwde kom,Tss. 2 best.: langs opzij (voor-/achterkant-flank),Geen hindernis
34025,75,Kortrijk teller 2,Kortrijk,50.81925,3.25731,1.8840451033442123,50.83095865202667,3.2766979989907274,2022,8,18,34022,Kortrijk,Normaal,Droog,Dag,met lichtgewonden,9,personenauto,3,Fiets,Op Kruispunt,Gemeenteweg,binnen bebouwde kom,Tss. 2 best.: langs opzij (voor-/achterkant-flank),Geen hindernis
34025,74,Kortrijk teller 1,Kortrijk,50.81909,3.25728,1.8978985340366257,50.83095865202667,3.2766979989907274,2022,8,18,34022,Kortrijk,Normaal,Droog,Dag,met lichtgewonden,9,personenauto,3,Fiets,Op Kruispunt,Gemeenteweg,binnen bebouwde kom,Tss. 2 best.: langs opzij (voor-/achterkant-flank),Geen hindernis