crash_row_id,site_id,site_name,site_gemeente,site_lat,site_long,distance_km,crash_lat,crash_long,DT_YEAR_COLLISION,DT_MONTH_COLLISION,DT_TIME,CD_NIS,TX_MUNTY_COLLISION_NL,TX_WEATHER_NL,TX_ROAD_CONDITION_NL,TX_LIGHT_CONDITION_NL,TX_CLASS_ACCIDENTS_NL,CD_ROAD_USR_TYPE1,TX_ROAD_USR_TYPE1_NL,CD_ROAD_USR_TYPE2,TX_ROAD_USR_TYPE2_NL,TX_CROSSWAY_NL,CD_ROAD_TYPE_NL,TX_BUILD_UP_AREA_NL,TX_COLLISION_TYPE_NL,TX_OBSTACLES_NL
34026,84,Roeselare totem,Izegem,50.91717,3.18772,0.9478257065334112,50.920088434824095,3.175016112254688,2022,8,8,36015,Roeselare,Normaal,Droog,Dag,met lichtgewonden,3,Fiets,10,"één bestuurder, geen hindernis",Buiten Kruispunt,Gemeenteweg,buiten bebouwde kom,"Eén bestuurder, geen hindernis (incl. val)",Geen hindernis
34034,65,Nieuwpoort teller 2,Nieuwpoort,51.13435,2.75511,0.18854596173768298,51.13592285672601,2.7541004453180844,2022,8,14,38016,Nieuwpoort,Normaal,Droog,Dag,met zwaargewonden,3,Fiets,3,Fiets,Buiten Kruispunt,Gewestweg,buiten bebouwde kom,Tss. 2 best.: langs opzij (voor-/achterkant-flank),Geen hindernis
34034,64,Nieuwpoort teller 1,Nieuwpoort,51.13359,2.75737,0.3454450257027345,51.13592285672601,2.7541004453180844,2022,8,14,38016,Nieuwpoort,Normaal,Droog,Dag,met zwaargewonden,3,Fiets,3,Fiets,Buiten Kruispunt,Gewestweg,buiten bebouwde kom,Tss. 2 best.: langs opzij (voor-/achterkant-flank),Geen hindernis
34034,66,Nieuwpoort totem,Nieuwpoort,51.1347,2.74369,0.738985248703365,51.13592285672601,2.7541004453180844,2022,8,14,38016,Nieuwpoort,Normaal,Droog,Dag,met zwaargewonden,3,Fiets,3,Fiets,Buiten Kruispunt,Gewestweg,buiten bebouwde kom,Tss. 2 best.: langs opzij (voor-/achterkant-flank),Geen hindernis
34034,63,Nieuwpoort teller 3,Nieuwpoort,51.13529,2.74289,0.7853400864995318,51.13592285672601,2.7541004453180844,2022,8,14,38016,Nieuwpoort,Normaal,Droog,Dag,met zwaargewonden,3,Fiets,3,Fiets,Buiten Kruispunt,Gewestweg,buiten bebouwde kom,Tss. 2 best.: langs opzij (voor-/achterkant-flank),Geen hindernis
34040,68,Ieper,Ieper,50.85032,2.85608,0.9561690721192657,50.85221797687723,2.8427955295324407,2022,8,9,33011,Ieper,Normaal,Droog,Dag,met lichtgewonden,3,Fiets,10,"één bestuurder, geen hindernis",Op Kruispunt,Gewestweg,buiten bebouwde kom,"Eén bestuurder, geen hindernis (incl. val)",Geen hindernis
34040,67,Ieper totem,Ieper,50.85018,2.85624,0.9706447939324896,50.85221797687723,2.8427955295324407,2022,8,9,33011,Ieper,Normaal,Droog,Dag,met lichtgewonden,3,Fiets,10,"één bestuurder, geen hindernis",Op Kruispunt,Gewestweg,buiten bebouwde kom,"Eén bestuurder, geen hindernis (incl. val)",Geen hindernis
34042,67,Ieper totem,Ieper,50.85018,2.85624,2.2319004229064707,50.84964317446309,2.8880205591410775,2022,7,19,33011,Ieper,Onbekend,Onbekend,Dag,met lichtgewonden,3,Fiets,3,Fiets,Buiten Kruispunt,Gemeenteweg,binnen bebouwde kom,Tussen 2 bestuurders: Frontale botsing,Geen hindernis
34042,68,Ieper,Ieper,50.85032,2.85608,2.2435938326282896,50.84964317446309,2.8880205591410775,2022,7,19,33011,Ieper,Onbekend,Onbekend,Dag,met lichtgewonden,3,Fiets,3,Fiets,Buiten Kruispunt,Gemeenteweg,binnen bebouwde kom,Tussen 2 bestuurders: Frontale botsing,Geen hindernis
34045,67,Ieper totem,Ieper,50.85018,2.85624,2.1713782835056583,50.86093257941162,2.8820617274029674,2022,8,12,33011,Ieper,Normaal,Droog,Dag,met lichtgewonden,3,Fiets,10,"één bestuurder, geen hindernis",Buiten Kruispunt,Gemeenteweg,binnen bebouwde kom,"Eén bestuurder, geen hindernis (incl. val)",Geen hindernis
34045,68,Ieper,Ieper,50.85032,2.85608,2.172263989860975,50.86093257941162,2.8820617274029674,2022,8,12,33011,Ieper,Normaal,Droog,Dag,met lichtgewonden,3,Fiets,10,"één bestuurder, geen hindernis",Buiten Kruispunt,Gemeenteweg,binnen bebouwde kom,"Eén bestuurder, geen hindernis (incl. val)",Geen hindernis
34050,67,Ieper totem,Ieper,50.85018,2.85624,1.9521425180433,50.8505084682868,2.884042357365253,2022,8,16,33011,Ieper,Normaal,Droog,Dag,met lichtgewonden,3,Fiets,10,"één bestuurder, geen hindernis",Buiten Kruispunt,Gewestweg,binnen bebouwde kom,"Eén bestuurder, geen hindernis (incl. val)",Geen hindernis
34050,68,Ieper,Ieper,50.85032,2.85608,1.9631421595455996,50.8505084682868,2.884042357365253,2022,8,16,33011,Ieper,Normaal,Droog,Dag,met lichtgewonden,3,Fiets,10,"één bestuurder, geen hindernis",Buiten Kruispunt,Gewestweg,binnen bebouwde kom,"Eén bestuurder, geen hindernis (incl. val)",Geen hindernis
34052,67,Ieper totem,Ieper,50.85018,2.85624,1.8633802405667346,50.85788598841368,2.8798118915940685,2022,8,15,33011,Ieper,Normaal,Droog,Dag,met lichtgewonden,9,personenauto,3,Fiets,Buiten Kruispunt,Gewestweg,buiten bebouwde kom,Tussen 2 bestuurders: Flank tegen flank,Geen hindernis
34052,68,Ieper,Ieper,50.85032,2.85608,1.8662896646385554,50.85788598841368,2.8798118915940685,2022,8,15,33011,Ieper,Normaal,Droog,Dag,met lichtgewonden,9,personenauto,3,Fiets,Buiten Kruispunt,Gewestweg,buiten bebouwde kom,Tussen 2 bestuurders: Flank tegen flank,Geen hindernis
34053,68,Ieper,Ieper,50.85032,2.85608,0.16667368999733542,50.850736429052986,2.8537992754429413,2022,8,17,33011,Ieper,Normaal,Droog,Dag,met lichtgewonden,3,Fiets,11,een weggebruiker tegen een hindernis,Buiten Kruispunt,Gewestweg,binnen bebouwde kom,Weggebruiker tegen hindernis op de rijbaan,"Op de rijbaan: Verkeersdrempel, ezelsrug"
34053,67,Ieper totem,Ieper,50.85018,2.85624,0.18217377534787005,50.850736429052986,2.8537992754429413,2022,8,17,33011,Ieper,Normaal,Droog,Dag,met lichtgewonden,3,Fiets,11,een weggebruiker tegen een hindernis,Buiten Kruispunt,Gewestweg,binnen bebouwde kom,Weggebruiker tegen hindernis op de rijbaan,"Op de rijbaan: Verkeersdrempel, ezelsrug"
34054,61,Wervik teller 2,Wervik,50.80555,3.0921,1.5852249859370828,50.79327067561745,3.0806404074370723,2022,8,12,33029,Wervik,Normaal,Droog,Dag,met lichtgewonden,3,Fiets,11,een weggebruiker tegen een hindernis,Buiten Kruispunt,Gemeenteweg,buiten bebouwde kom,Weggebruiker tegen hindernis op de rijbaan,"Op de rijbaan: Put, straatgoot, tramspoor"
34054,62,Wervik teller 1,Wervik,50.8058,3.09154,1.5898982149101368,50.79327067561745,3.0806404074370723,2022,8,12,33029,Wervik,Normaal,Droog,Dag,met lichtgewonden,3,Fiets,11,een weggebruiker tegen een hindernis,Buiten Kruispunt,Gemeenteweg,buiten bebouwde kom,Weggebruiker tegen hindernis op de rijbaan,"Op de rijbaan: Put, straatgoot, tramspoor"
34057,67,Ieper totem,Ieper,50.85018,2.85624,2.261110820070238,50.85547373975386,2.887339408094862,2022,7,15,33011,Ieper,Normaal,Droog,Dag,met lichtgewonden,3,Fiets,3,Fiets,Op Kruispunt,Gemeenteweg,binnen bebouwde kom,Tss. 2 best.: langs opzij (voor-/achterkant-flank),Geen hindernis
34057,68,Ieper,Ieper,50.85032,2.85608,2.267970612979,50.85547373975386,2.887339408094862,2022,7,15,33011,Ieper,Normaal,Droog,Dag,met lichtgewonden,3,Fiets,3,Fiets,Op Kruispunt,Gemeenteweg,binnen bebouwde kom,Tss. 2 best.: langs opzij (voor-/achterkant-flank),Geen hindernis
34059,42,Maasmechelen teller 2,Maasmechelen,50.97043,5.6981,2.030964761508225,50.98765384937878,5.707754158598439,2022,7,16,73107,Maasmechelen,Normaal,Droog,Dag,met zwaargewonden,3,Fiets,3,Fiets,Buiten Kruispunt,Gemeenteweg,binnen bebouwde kom,Tussen 2 bestuurders: Langs achteren,Geen hindernis
34059,41,Maasmechelen teller 1,Maasmechelen,50.97025,5.69799,2.0524023408219985,50.98765384937878,5.707754158598439,2022,7,16,73107,Maasmechelen,Normaal,Droog,Dag,met zwaargewonden,3,Fiets,3,Fiets,Buiten Kruispunt,Gemeenteweg,binnen bebouwde kom,Tussen 2 bestuurders: Langs achteren,Geen hindernis
34067,124,Beveren teller 2,Beveren,51.1964712,4.2361077,2.4011172678529213,51.17601989215851,4.22505024634154,2022,8,11,46003,Beveren,Normaal,Droog,Dag,met zwaargewonden,9,personenauto,3,Fiets,Buiten Kruispunt,Gemeenteweg,buiten bebouwde kom,Tss. 2 best.: langs opzij (voor-/achterkant-flank),Geen hindernis
34070,124,Beveren teller 2,Beveren,51.1964712,4.2361077,0.721671104407354,51.19909689783919,4.226635996098494,2022,8,7,46003,Beveren,Normaal,Droog,Dageraad - schemering,met lichtgewonden,3,Fiets,3,Fiets,Op Kruispunt,Gewestweg,buiten bebouwde kom,Tussen 2 bestuurders: Flank tegen flank,Geen hindernis
34075,105,St. pieters leeuw teller 2,Halle,50.75509,4.24943,0.3376106089102643,50.75317971306322,4.253160258706859,2022,8,21,23027,Halle,Regenval,"Nat, plassen","Nacht, openbare verlichting aanwezig en ontstoken",met lichtgewonden,9,personenauto,3,Fiets,Op Kruispunt,Gemeenteweg,buiten bebouwde kom,Tss. 2 best.: langs opzij (voor-/achterkant-flank),Geen hindernis
34075,106,St. pieters leeuw teller 1,Sint-Pieters-Leeuw,50.75533,4.24951,0.3508676701010383,50.75317971306322,4.253160258706859,2022,8,21,23027,Halle,Regenval,"Nat, plassen","Nacht, openbare verlichting aanwezig en ontstoken",met lichtgewonden,9,personenauto,3,Fiets,Op Kruispunt,Gemeenteweg,buiten bebouwde kom,Tss. 2 best.: langs opzij (voor-/achterkant-flank),Geen hindernis
34079,99,Mechelen teller 1,Mechelen,51.04564,4.46882,1.3168987736216617,51.03407151312201,4.472852939940817,2022,8,23,12025,Mechelen,Onbekend,Onbekend,Onbekend,met lichtgewonden,3,Fiets,10,"één bestuurder, geen hindernis",Op Kruispunt,Gewestweg,binnen bebouwde kom,"Eén bestuurder, geen hindernis (incl. val)",Geen hindernis
34079,100,Mechelen teller 2,Mechelen,51.0457,4.46883,1.3232676791131548,51.03407151312201,4.472852939940817,2022,8,23,12025,Mechelen,Onbekend,Onbekend,Onbekend,met lichtgewonden,3,Fiets,10,"één bestuurder, geen hindernis",Op Kruispunt,Gewestweg,binnen bebouwde kom,"Eén bestuurder, geen hindernis (incl. val)",Geen hindernis
34082,100,Mechelen teller 2,Mechelen,51.0457,4.46883,0.11519627050478694,51.04668290473132,4.468309304809073,2022,8,16,12025,Mechelen,Normaal,Droog,Dag,met lichtgewonden,3,Fiets,3,Fiets,Buiten Kruispunt,Gewestweg,binnen bebouwde kom,Tss. 2 best.: langs opzij (voor-/achterkant-flank),Geen hindernis
34082,99,Mechelen teller 1,Mechelen,51.04564,4.46882,0.12133689485146396,51.04668290473132,4.468309304809073,2022,8,16,12025,Mechelen,Normaal,Droog,Dag,met lichtgewonden,3,Fiets,3,Fiets,Buiten Kruispunt,Gewestweg,binnen bebouwde kom,Tss. 2 best.: langs opzij (voor-/achterkant-flank),Geen hindernis
34083,109,Zemst,Zemst,50.9903936,4.4707023,0.5955962143210674,50.99522760657881,4.474367713132091,2022,8,17,12025,Mechelen,Normaal,Droog,Dag,met lichtgewonden,9,personenauto,3,Fiets,Buiten Kruispunt,Gewestweg,buiten bebouwde kom,Tussen 2 bestuurders: Flank tegen flank,Geen hindernis
34085,99,Mechelen teller 1,Mechelen,51.04564,4.46882,2.337545886219029,51.02792547140992,4.4868205205663685,2022,8,9,12025,Mechelen,Regenval,"Nat, plassen",Dag,met lichtgewonden,99,onbekend,3,Fiets,Buiten Kruispunt,Gemeenteweg,binnen bebouwde kom,Tussen 2 bestuurders: Flank tegen flank,Geen hindernis
34085,100,Mechelen teller 2,Mechelen,51.0457,4.46883,2.3427946915234967,51.02792547140992,4.4868205205663685,2022,8,9,12025,Mechelen,Regenval,"Nat, plassen",Dag,met lichtgewonden,99,onbekend,3,Fiets,Buiten Kruispunt,Gemeenteweg,binnen bebouwde kom,Tussen 2 bestuurders: Flank tegen flank,Geen hindernis
34086,99,Mechelen teller 1,Mechelen,51.04564,4.46882,0.9781472036718124,51.03727780417925,4.473162628105673,2022,8,16,12025,Mechelen,Normaal,Droog,Dag,met lichtgewonden,9,personenauto,3,Fiets,Op Kruispunt,Gewestweg,binnen bebouwde kom,Tss. 2 best.: langs opzij (voor-/achterkant-flank),Geen hindernis
34086,100,Mechelen teller 2,Mechelen,51.0457,4.46883,0.9842760934745842,51.03727780417925,4.473162628105673,2022,8,16,12025,Mechelen,Normaal,Droog,Dag,met lichtgewonden,9,personenauto,3,Fiets,Op Kruispunt,Gewestweg,binnen bebouwde kom,Tss. 2 best.: langs opzij (voor-/achterkant-flank),Geen hindernis
34090,33,Lummen,Lummen,50.97978,5.20936,2.312294913252098,50.96625031080254,5.184281302604408,2022,8,11,71024,Herk-de-Stad,Normaal,"Ijzel, sneeuw",Dag,met lichtgewonden,9,personenauto,3,Fiets,Op Kruispunt,Gewestweg,buiten bebouwde kom,Tss. 2 best.: langs opzij (voor-/achterkant-flank),Geen hindernis
34090,32,Lummen,Lummen,50.97971,5.20961,2.3205891142642763,50.96625031080254,5.184281302604408,2022,8,11,71024,Herk-de-Stad,Normaal,"Ijzel, sneeuw",Dag,met lichtgewonden,9,personenauto,3,Fiets,Op Kruispunt,Gewestweg,buiten bebouwde kom,Tss. 2 best.: langs opzij (voor-/achterkant-flank),Geen hindernis
34091,140,Hasselt ring,Hasselt,50.9300038,5.3438616,0.6683754831005798,50.93364526530069,5.336273661379073,2022,8,23,71022,Hasselt,Normaal,Droog,"Nacht, openbare verlichting aanwezig en ontstoken",met lichtgewonden,9,personenauto,3,Fiets,Buiten Kruispunt,Gewestweg,binnen bebouwde kom,Tss. 2 best.: langs opzij (voor-/achterkant-flank),Geen hindernis
34091,138,Hasselt-Kempische brug,Hasselt,50.9405318,5.3422472,0.8726839796178565,50.93364526530069,5.336273661379073,2022,8,23,71022,Hasselt,Normaal,Droog,"Nacht, openbare verlichting aanwezig en ontstoken",met lichtgewonden,9,personenauto,3,Fiets,Buiten Kruispunt,Gewestweg,binnen bebouwde kom,Tss. 2 best.: langs opzij (voor-/achterkant-flank),Geen hindernis
34091,137,Hasselt-Kempische brug,Hasselt,50.9411605,5.3417576,0.9197733861248467,50.93364526530069,5.336273661379073,2022,8,23,71022,Hasselt,Normaal,Droog,"Nacht, openbare verlichting aanwezig en ontstoken",met lichtgewonden,9,personenauto,3,Fiets,Buiten Kruispunt,Gewestweg,binnen bebouwde kom,Tss. 2 best.: langs opzij (voor-/achterkant-flank),Geen hindernis
34092,137,Hasselt-Kempische brug,Hasselt,50.9411605,5.3417576,0.284249790655726,50.94230357859226,5.345386349992123,2022,8,15,71022,Hasselt,Normaal,Droog,Dag,met zwaargewonden,3,Fiets,3,Fiets,Buiten Kruispunt,Gemeenteweg,buiten bebouwde kom,Tussen 2 bestuurders: Flank tegen flank,Geen hindernis
34092,138,Hasselt-Kempische brug,Hasselt,50.9405318,5.3422472,0.295280216132593,50.94230357859226,5.345386349992123,2022,8,15,71022,Hasselt,Normaal,Droog,Dag,met zwaargewonden,3,Fiets,3,Fiets,Buiten Kruispunt,Gemeenteweg,buiten bebouwde kom,Tussen 2 bestuurders: Flank tegen flank,Geen hindernis
34092,140,Hasselt ring,Hasselt,50.9300038,5.3438616,1.3718400535395037,50.94230357859226,5.345386349992123,2022,8,15,71022,Hasselt,Normaal,Droog,Dag,met zwaargewonden,3,Fiets,3,Fiets,Buiten Kruispunt,Gemeenteweg,buiten bebouwde kom,Tussen 2 bestuurders: Flank tegen flank,Geen hindernis
34093,137,Hasselt-Kempische brug,Hasselt,50.9411605,5.3417576,2.1014258725485258,50.938269584816005,5.312119386681286,2022,8,5,71022,Hasselt,Normaal,Droog,Dag,met lichtgewonden,3,Fiets,5,Lichte vrachtauto,Buiten Kruispunt,Gewestweg,buiten bebouwde kom,Tussen 2 bestuurders: Frontale botsing,Geen hindernis
34093,138,Hasselt-Kempische brug,Hasselt,50.9405318,5.3422472,2.125947710471692,50.938269584816005,5.312119386681286,2022,8,5,71022,Hasselt,Normaal,Droog,Dag,met lichtgewonden,3,Fiets,5,Lichte vrachtauto,Buiten Kruispunt,Gewestweg,buiten bebouwde kom,Tussen 2 bestuurders: Frontale botsing,Geen hindernis
34093,140,Hasselt ring,Hasselt,50.9300038,5.3438616,2.4067931746996156,50.938269584816005,5.312119386681286,2022,8,5,71022,Hasselt,Normaal,Droog,Dag,met lichtgewonden,3,Fiets,5,Lichte vrachtauto,Buiten Kruispunt,Gewestweg,buiten bebouwde kom,Tussen 2 bestuurders: Frontale botsing,Geen hindernis
34096,138,Hasselt-Kempische brug,Hasselt,50.9405318,5.3422472,0.7048961986778408,50.94353522064882,5.35110705449962,2022,8,17,71022,Hasselt,Normaal,Droog,Dag,met lichtgewonden,3,Fiets,9,personenauto,Buiten Kruispunt,Gewestweg,buiten bebouwde kom,Tussen 2 bestuurders: Frontale botsing,Geen hindernis
34096,137,Hasselt-Kempische brug,Hasselt,50.9411605,5.3417576,0.706280209129593,50.94353522064882,5.35110705449962,2022,8,17,71022,Hasselt,Normaal,Droog,Dag,met lichtgewonden,3,Fiets,9,personenauto,Buiten Kruispunt,Gewestweg,buiten bebouwde kom,Tussen 2 bestuurders: Frontale botsing,Geen hindernis
34096,140,Hasselt ring,Hasselt,50.9300038,5.3438616,1.587974905364627,50.94353522064882,5.35110705449962,2022,8,17,71022,Hasselt,Normaal,Droog,Dag,met lichtgewonden,3,Fiets,9,personenauto,Buiten Kruispunt,Gewestweg,buiten bebouwde kom,Tussen 2 bestuurders: Frontale botsing,Geen hindernis
34097,138,Hasselt-Kempische brug,Hasselt,50.9405318,5.3422472,1.302470972521501,50.94155741113111,5.360764976256554,2022,8,23,71022,Hasselt,Normaal,Droog,"Nacht, openbare verlichting aanwezig en ontstoken",met zwaargewonden,3,Fiets,10,"één bestuurder, geen hindernis",Op Kruispunt,Gemeenteweg,buiten bebouwde kom,"Eén bestuurder, geen hindernis (incl. val)",Geen hindernis
34097,137,Hasselt-Kempische brug,Hasselt,50.9411605,5.3417576,1.3324951161787457,50.94155741113111,5.360764976256554,2022,8,23,71022,Hasselt,Normaal,Droog,"Nacht, openbare verlichting aanwezig en ontstoken",met zwaargewonden,3,Fiets,10,"één bestuurder, geen hindernis",Op Kruispunt,Gemeenteweg,buiten bebouwde kom,"Eén bestuurder, geen hindernis (incl. val)",Geen hindernis
34097,140,Hasselt ring,Hasselt,50.9300038,5.3438616,1.7474190762870099,50.94155741113111,5.360764976256554,2022,8,23,71022,Hasselt,Normaal,Droog,"Nacht, openbare verlichting aanwezig en ontstoken",met zwaargewonden,3,Fiets,10,"één bestuurder, geen hindernis",Op Kruispunt,Gemeenteweg,buiten bebouwde kom,"Eén bestuurder, geen hindernis (incl. val)",Geen hindernis
34099,140,Hasselt ring,Hasselt,50.9300038,5.3438616,1.278662568059754,50.92097651417651,5.3551625360311546,2022,8,12,71022,Hasselt,Normaal,Droog,Dag,met lichtgewonden,9,personenauto,3,Fiets,Op Kruispunt,Gewestweg,buiten bebouwde kom,Tss. 2 best.: langs opzij (voor-/achterkant-flank),Geen hindernis
34099,138,Hasselt-Kempische brug,Hasselt,50.9405318,5.3422472,2.355309467773618,50.92097651417651,5.3551625360311546,2022,8,12,71022,Hasselt,Normaal,Droog,Dag,met lichtgewonden,9,personenauto,3,Fiets,Op Kruispunt,Gewestweg,buiten bebouwde kom,Tss. 2 best.: langs opzij (voor-/achterkant-flank),Geen hindernis
34099,137,Hasselt-Kempische brug,Hasselt,50.9411605,5.3417576,2.4330376962573945,50.92097651417651,5.3551625360311546,2022,8,12,71022,Hasselt,Normaal,Droog,Dag,met lichtgewonden,9,personenauto,3,Fiets,Op Kruispunt,Gewestweg,buiten bebouwde kom,Tss. 2 best.: langs opzij (voor-/achterkant-flank),Geen hindernis
34100,137,Hasselt-Kempische brug,Hasselt,50.9411605,5.3417576,2.0602838900773532,50.94007055133149,5.312403937306364,2022,8,21,71022,Hasselt,Normaal,Droog,"Nacht, geen openbare verlichting aanwezig",met lichtgewonden,9,personenauto,3,Fiets,Buiten Kruispunt,Gemeenteweg,buiten bebouwde kom,Tussen 2 bestuurders: Langs achteren,Geen hindernis
34100,138,Hasselt-Kempische brug,Hasselt,50.9405318,5.3422472,2.091663810680506,50.94007055133149,5.312403937306364,2022,8,21,71022,Hasselt,Normaal,Droog,"Nacht, geen openbare verlichting aanwezig",met lichtgewonden,9,personenauto,3,Fiets,Buiten Kruispunt,Gemeenteweg,buiten bebouwde kom,Tussen 2 bestuurders: Langs achteren,Geen hindernis
34100,140,Hasselt ring,Hasselt,50.9300038,5.3438616,2.4723221001287228,50.94007055133149,5.312403937306364,2022,8,21,71022,Hasselt,Normaal,Droog,"Nacht, geen openbare verlichting aanwezig",met lichtgewonden,9,personenauto,3,Fiets,Buiten Kruispunt,Gemeenteweg,buiten bebouwde kom,Tussen 2 bestuurders: Langs achteren,Geen hindernis
34101,30,Herk De Stad,Herk-de-Stad,50.94374,5.17691,0.5979543594951413,50.94087021237122,5.169692499262298,2022,8,21,71024,Herk-de-Stad,Normaal,Droog+Proper,Dageraad - schemering,met zwaargewonden,3,Fiets,10,"één bestuurder, geen hindernis",Buiten Kruispunt,Gemeenteweg,binnen bebouwde kom,"Eén bestuurder, geen hindernis (incl. val)",Geen hindernis
34101,31,Herk De Stad,Herk-de-Stad,50.94366,5.1775,0.6288631031572185,50.94087021237122,5.169692499262298,2022,8,21,71024,Herk-de-Stad,Normaal,Droog+Proper,Dageraad - schemering,met zwaargewonden,3,Fiets,10,"één bestuurder, geen hindernis",Buiten Kruispunt,Gemeenteweg,binnen bebouwde kom,"Eén bestuurder, geen hindernis (incl. val)",Geen hindernis
34105,108,Heverlee teller 1,Leuven,50.8471728,4.6954674,2.3126862328187134,50.841234531823076,4.663899849258776,2022,8,11,24086,Oud-Heverlee,Normaal,Droog,Dag,met lichtgewonden,3,Fiets,11,een weggebruiker tegen een hindernis,Buiten Kruispunt,Gemeenteweg,binnen bebouwde kom,Weggebruiker tegen hindernis op de rijbaan,"Op de rijbaan: Verkeersdrempel, ezelsrug"
34105,76,Heverlee teller 2,Leuven,50.84606,4.69597,2.3147816000625983,50.841234531823076,4.663899849258776,2022,8,11,24086,Oud-Heverlee,Normaal,Droog,Dag,met lichtgewonden,3,Fiets,11,een weggebruiker tegen een hindernis,Buiten Kruispunt,Gemeenteweg,binnen bebouwde kom,Weggebruiker tegen hindernis op de rijbaan,"Op de rijbaan: Verkeersdrempel, ezelsrug"
34106,108,Heverlee teller 1,Leuven,50.8471728,4.6954674,2.3126862328187134,50.841234531823076,4.663899849258776,2022,8,11,24086,Oud-Heverlee,Normaal,Droog,Dag,met lichtgewonden,3,Fiets,11,een weggebruiker tegen een hindernis,Buiten Kruispunt,Gemeenteweg,binnen bebouwde kom,Weggebruiker tegen hindernis op de rijbaan,"Op de rijbaan: Verkeersdrempel, ezelsrug"
34106,76,Heverlee teller 2,Leuven,50.84606,4.69597,2.3147816000625983,50.841234531823076,4.663899849258776,2022,8,11,24086,Oud-Heverlee,Normaal,Droog,Dag,met lichtgewonden,3,Fiets,11,een weggebruiker tegen een hindernis,Buiten Kruispunt,Gemeenteweg,binnen bebouwde kom,Weggebruiker tegen hindernis op de rijbaan,"Op de rijbaan: Verkeersdrempel, ezelsrug"
34107,25,Bree,Bree,51.13679500160176,5.597669323604317,1.562155671872818,51.13363447262542,5.57585416078426,2022,8,17,72004,Bree,Normaal,Droog,Dag,met lichtgewonden,3,Fiets,10,"één bestuurder, geen hindernis",Buiten Kruispunt,Gemeenteweg,buiten bebouwde kom,"Eén bestuurder, geen hindernis (incl. val)",Geen hindernis
34111,14,Genk,Genk,50.97172,5.48927,1.791417940885375,50.95595520132502,5.483998471924239,2022,8,13,71016,Genk,Normaal,"Nat, plassen",Dag,met lichtgewonden,9,personenauto,3,Fiets,Op Kruispunt,Gewestweg,binnen bebouwde kom,Tss. 2 best.: langs opzij (voor-/achterkant-flank),Geen hindernis
34115,25,Bree,Bree,51.13679500160176,5.597669323604317,0.2971968629805068,51.13482566077066,5.594789503649001,2022,8,13,72004,Bree,Normaal,Droog,Dag,met lichtgewonden,3,Fiets,11,een weggebruiker tegen een hindernis,Buiten Kruispunt,Gemeenteweg,buiten bebouwde kom,Weggebruiker tegen hindernis buiten rijbaan,"Buiten de rijbaan: Verkeerseiland, middenberm"
34116,14,Genk,Genk,50.97172,5.48927,1.0747935769772061,50.98119876957035,5.492275705989528,2022,8,14,71016,Genk,Normaal,Droog,Dag,met lichtgewonden,3,Fiets,5,Lichte vrachtauto,Op Kruispunt,Gemeenteweg,binnen bebouwde kom,Tussen 2 bestuurders: Flank tegen flank,Geen hindernis
34118,14,Genk,Genk,50.97172,5.48927,0.9070319495240763,50.96610202888309,5.47987860459719,2022,8,11,71016,Genk,Normaal,Droog,Dag,met lichtgewonden,6,Bromfiets,3,Fiets,Buiten Kruispunt,Gemeenteweg,buiten bebouwde kom,Tussen 2 bestuurders: Frontale botsing,Geen hindernis
34119,14,Genk,Genk,50.97172,5.48927,1.0233454626842275,50.96625116525251,5.501024095199159,2022,8,15,71016,Genk,Normaal,Droog,Dag,met lichtgewonden,3,Fiets,10,"één bestuurder, geen hindernis",Buiten Kruispunt,Gewestweg,binnen bebouwde kom,"Eén bestuurder, geen hindernis (incl. val)",Geen hindernis
34123,25,Bree,Bree,51.13679500160176,5.597669323604317,0.8103624521128262,51.13845926149587,5.608977270732642,2022,8,17,72004,Bree,Normaal,Droog,Dag,met lichtgewonden,3,Fiets,10,"één bestuurder, geen hindernis",Buiten Kruispunt,Gewestweg,buiten bebouwde kom,"Eén bestuurder, geen hindernis (incl. val)",Geen hindernis
34124,48,As,As,51.00509,5.60389,0.10431203937197683,51.005819206058035,5.60295211266194,2022,8,14,71002,As,Normaal,Droog,Dag,met lichtgewonden,3,Fiets,10,"één bestuurder, geen hindernis",Buiten Kruispunt,Gewestweg,binnen bebouwde kom,"Eén bestuurder, geen hindernis (incl. val)",Geen hindernis
34125,25,Bree,Bree,51.13679500160176,5.597669323604317,0.3276081960763875,51.13956331788477,5.599276439454516,2022,8,20,72004,Bree,Normaal,Droog,"Nacht, geen openbare verlichting aanwezig",met zwaargewonden,3,Fiets,11,een weggebruiker tegen een hindernis,Buiten Kruispunt,Gewestweg,binnen bebouwde kom,Weggebruiker tegen hindernis buiten rijbaan,Buiten de rijbaan: Andere paal
34130,25,Bree,Bree,51.13679500160176,5.597669323604317,1.6000298504714985,51.14256219847896,5.5766578194144945,2022,8,15,72004,Bree,Normaal,Droog,Dag,met zwaargewonden,5,Lichte vrachtauto,3,Fiets,Op Kruispunt,Gemeenteweg,buiten bebouwde kom,Tss. 2 best.: langs opzij (voor-/achterkant-flank),Geen hindernis
34131,14,Genk,Genk,50.97172,5.48927,2.372848665007271,50.98514673635015,5.515613332778956,2022,8,17,71016,Genk,Normaal,Droog,Dag,met lichtgewonden,3,Fiets,9,personenauto,Buiten Kruispunt,Gemeenteweg,buiten bebouwde kom,Tussen 2 bestuurders: Langs achteren,Geen hindernis