crash_row_id,site_id,site_name,site_gemeente,site_lat,site_long,distance_km,crash_lat,crash_long,DT_YEAR_COLLISION,DT_MONTH_COLLISION,DT_TIME,CD_NIS,TX_MUNTY_COLLISION_NL,TX_WEATHER_NL,TX_ROAD_CONDITION_NL,TX_LIGHT_CONDITION_NL,TX_CLASS_ACCIDENTS_NL,CD_ROAD_USR_TYPE1,TX_ROAD_USR_TYPE1_NL,CD_ROAD_USR_TYPE2,TX_ROAD_USR_TYPE2_NL,TX_CROSSWAY_NL,CD_ROAD_TYPE_NL,TX_BUILD_UP_AREA_NL,TX_COLLISION_TYPE_NL,TX_OBSTACLES_NL
34136,23,Tienen 3,Tienen,50.81324,4.93447,1.308068678330619,50.801502065653715,4.9357024630040875,2022,8,13,24107,Tienen,Normaal,Droog,Dag,Met doden,4,Vrachtwagen,3,Fiets,Op Kruispunt,Gewestweg,binnen bebouwde kom,Tss. 2 best.: langs opzij (voor-/achterkant-flank),Geen hindernis
34136,22,Tienen 2,Tienen,50.81330800184882,4.935984252796022,1.3129095288883341,50.801502065653715,4.9357024630040875,2022,8,13,24107,Tienen,Normaal,Droog,Dag,Met doden,4,Vrachtwagen,3,Fiets,Op Kruispunt,Gewestweg,binnen bebouwde kom,Tss. 2 best.: langs opzij (voor-/achterkant-flank),Geen hindernis
34136,24,Tienen 1,Tienen,50.8133795491886,4.935044252605416,1.3215254964469447,50.801502065653715,4.9357024630040875,2022,8,13,24107,Tienen,Normaal,Droog,Dag,Met doden,4,Vrachtwagen,3,Fiets,Op Kruispunt,Gewestweg,binnen bebouwde kom,Tss. 2 best.: langs opzij (voor-/achterkant-flank),Geen hindernis
34137,22,Tienen 2,Tienen,50.81330800184882,4.935984252796022,0.804860452388326,50.80708958266879,4.941846960204315,2022,8,18,24107,Tienen,Normaal,Droog,"Nacht, openb. verlicht. aanw., maar niet ontstoken",met lichtgewonden,3,Fiets,8,Voetganger,Op Kruispunt,Gemeenteweg,binnen bebouwde kom,Met een voetganger,Geen hindernis
34137,24,Tienen 1,Tienen,50.8133795491886,4.935044252605416,0.8471373093956931,50.80708958266879,4.941846960204315,2022,8,18,24107,Tienen,Normaal,Droog,"Nacht, openb. verlicht. aanw., maar niet ontstoken",met lichtgewonden,3,Fiets,8,Voetganger,Op Kruispunt,Gemeenteweg,binnen bebouwde kom,Met een voetganger,Geen hindernis
34137,23,Tienen 3,Tienen,50.81324,4.93447,0.8581242017586257,50.80708958266879,4.941846960204315,2022,8,18,24107,Tienen,Normaal,Droog,"Nacht, openb. verlicht. aanw., maar niet ontstoken",met lichtgewonden,3,Fiets,8,Voetganger,Op Kruispunt,Gemeenteweg,binnen bebouwde kom,Met een voetganger,Geen hindernis
34140,22,Tienen 2,Tienen,50.81330800184882,4.935984252796022,1.4440525704216145,50.80054788948963,4.939806198971364,2022,8,15,24107,Tienen,Normaal,Droog,Dag,met lichtgewonden,3,Fiets,3,Fiets,Buiten Kruispunt,Gemeenteweg,binnen bebouwde kom,Tussen 2 bestuurders: Frontale botsing,Geen hindernis
34140,23,Tienen 3,Tienen,50.81324,4.93447,1.460260674327472,50.80054788948963,4.939806198971364,2022,8,15,24107,Tienen,Normaal,Droog,Dag,met lichtgewonden,3,Fiets,3,Fiets,Buiten Kruispunt,Gemeenteweg,binnen bebouwde kom,Tussen 2 bestuurders: Frontale botsing,Geen hindernis
34140,24,Tienen 1,Tienen,50.8133795491886,4.935044252605416,1.4655264488103417,50.80054788948963,4.939806198971364,2022,8,15,24107,Tienen,Normaal,Droog,Dag,met lichtgewonden,3,Fiets,3,Fiets,Buiten Kruispunt,Gemeenteweg,binnen bebouwde kom,Tussen 2 bestuurders: Frontale botsing,Geen hindernis
34141,23,Tienen 3,Tienen,50.81324,4.93447,1.2969800432131835,50.80159975814341,4.935648024792171,2022,8,4,24107,Tienen,Normaal,Droog,"Nacht, openbare verlichting aanwezig en ontstoken",met lichtgewonden,9,personenauto,3,Fiets,Op Kruispunt,Gewestweg,binnen bebouwde kom,Tss. 2 best.: langs opzij (voor-/achterkant-flank),Geen hindernis
34141,22,Tienen 2,Tienen,50.81330800184882,4.935984252796022,1.302111653710202,50.80159975814341,4.935648024792171,2022,8,4,24107,Tienen,Normaal,Droog,"Nacht, openbare verlichting aanwezig en ontstoken",met lichtgewonden,9,personenauto,3,Fiets,Op Kruispunt,Gewestweg,binnen bebouwde kom,Tss. 2 best.: langs opzij (voor-/achterkant-flank),Geen hindernis
34141,24,Tienen 1,Tienen,50.8133795491886,4.935044252605416,1.3105398875696206,50.80159975814341,4.935648024792171,2022,8,4,24107,Tienen,Normaal,Droog,"Nacht, openbare verlichting aanwezig en ontstoken",met lichtgewonden,9,personenauto,3,Fiets,Op Kruispunt,Gewestweg,binnen bebouwde kom,Tss. 2 best.: langs opzij (voor-/achterkant-flank),Geen hindernis
34149,113,Deinze teller 2,Deinze,50.96018,3.55578,1.6154721682433961,50.97226444642937,3.5429745834118362,2022,8,15,44083,Deinze,Normaal,Droog,Dag,met lichtgewonden,9,personenauto,3,Fiets,Buiten Kruispunt,Gemeenteweg,binnen bebouwde kom,Tss. 2 best.: langs opzij (voor-/achterkant-flank),Geen hindernis
34149,114,Deinze teller 1,Nazareth,50.9598305,3.555502,1.6374284552533056,50.97226444642937,3.5429745834118362,2022,8,15,44083,Deinze,Normaal,Droog,Dag,met lichtgewonden,9,personenauto,3,Fiets,Buiten Kruispunt,Gemeenteweg,binnen bebouwde kom,Tss. 2 best.: langs opzij (voor-/achterkant-flank),Geen hindernis
34153,113,Deinze teller 2,Deinze,50.96018,3.55578,2.206364426248823,50.97700963046725,3.5390891683825445,2022,7,10,44083,Deinze,Normaal,Droog,Dag,met lichtgewonden,3,Fiets,11,een weggebruiker tegen een hindernis,Buiten Kruispunt,Gemeenteweg,binnen bebouwde kom,Weggebruiker tegen hindernis op de rijbaan,Op de rijbaan: Dier (wild dier)
34153,114,Deinze teller 1,Nazareth,50.9598305,3.555502,2.2293253234412265,50.97700963046725,3.5390891683825445,2022,7,10,44083,Deinze,Normaal,Droog,Dag,met lichtgewonden,3,Fiets,11,een weggebruiker tegen een hindernis,Buiten Kruispunt,Gemeenteweg,binnen bebouwde kom,Weggebruiker tegen hindernis op de rijbaan,Op de rijbaan: Dier (wild dier)
34275,3,Brasschaat 1,Brasschaat,51.27503,4.47222,2.01976393305569,51.29187229250816,4.483095899529072,2022,9,7,11008,Brasschaat,Regenval,"Nat, plassen",Dag,met lichtgewonden,3,Fiets,9,personenauto,Op Kruispunt,Gemeenteweg,binnen bebouwde kom,Tss. 2 best.: langs opzij (voor-/achterkant-flank),Geen hindernis
34275,2,Brasschaat 2,Brasschaat,51.27512,4.47169,2.0246441268498314,51.29187229250816,4.483095899529072,2022,9,7,11008,Brasschaat,Regenval,"Nat, plassen",Dag,met lichtgewonden,3,Fiets,9,personenauto,Op Kruispunt,Gemeenteweg,binnen bebouwde kom,Tss. 2 best.: langs opzij (voor-/achterkant-flank),Geen hindernis
34290,3,Brasschaat 1,Brasschaat,51.27503,4.47222,2.058498557269303,51.29199098769001,4.484081189864595,2022,9,18,11008,Brasschaat,Onbekend,Onbekend,Onbekend,met lichtgewonden,9,personenauto,3,Fiets,Buiten Kruispunt,Gemeenteweg,onbekend,Tussen 2 bestuurders: Frontale botsing,Geen hindernis
34290,2,Brasschaat 2,Brasschaat,51.27512,4.47169,2.0644469247671062,51.29199098769001,4.484081189864595,2022,9,18,11008,Brasschaat,Onbekend,Onbekend,Onbekend,met lichtgewonden,9,personenauto,3,Fiets,Buiten Kruispunt,Gemeenteweg,onbekend,Tussen 2 bestuurders: Frontale botsing,Geen hindernis
34293,3,Brasschaat 1,Brasschaat,51.27503,4.47222,2.118163709311185,51.2921866374396,4.485454245498439,2022,9,12,11008,Brasschaat,Regenval,"Nat, plassen",Dag,met lichtgewonden,9,personenauto,3,Fiets,Op Kruispunt,Gemeenteweg,binnen bebouwde kom,Tss. 2 best.: langs opzij (voor-/achterkant-flank),Geen hindernis
34293,2,Brasschaat 2,Brasschaat,51.27512,4.47169,2.125499054821691,51.2921866374396,4.485454245498439,2022,9,12,11008,Brasschaat,Regenval,"Nat, plassen",Dag,met lichtgewonden,9,personenauto,3,Fiets,Op Kruispunt,Gemeenteweg,binnen bebouwde kom,Tss. 2 best.: langs opzij (voor-/achterkant-flank),Geen hindernis
34296,2,Brasschaat 2,Brasschaat,51.27512,4.47169,1.6185393698976314,51.261391414008884,4.463958680584812,2022,9,18,11040,Schoten,Normaal,Droog,Dag,met lichtgewonden,3,Fiets,9,personenauto,Buiten Kruispunt,Gewestweg,binnen bebouwde kom,Tss. 2 best.: langs opzij (voor-/achterkant-flank),Geen hindernis
34296,3,Brasschaat 1,Brasschaat,51.27503,4.47222,1.6218023561961548,51.261391414008884,4.463958680584812,2022,9,18,11040,Schoten,Normaal,Droog,Dag,met lichtgewonden,3,Fiets,9,personenauto,Buiten Kruispunt,Gewestweg,binnen bebouwde kom,Tss. 2 best.: langs opzij (voor-/achterkant-flank),Geen hindernis
34305,104,Malle teller 2,Malle,51.31682,4.73852,1.450389828728769,51.30554770633714,4.728020749857302,2022,9,8,11057,Malle,Normaal,"Nat, plassen",Dag,met lichtgewonden,9,personenauto,3,Fiets,Op Kruispunt,Gewestweg,binnen bebouwde kom,Tss. 2 best.: langs opzij (voor-/achterkant-flank),Geen hindernis
34305,103,Malle teller 1,Malle,51.31681,4.73872,1.4564777339018866,51.30554770633714,4.728020749857302,2022,9,8,11057,Malle,Normaal,"Nat, plassen",Dag,met lichtgewonden,9,personenauto,3,Fiets,Op Kruispunt,Gewestweg,binnen bebouwde kom,Tss. 2 best.: langs opzij (voor-/achterkant-flank),Geen hindernis
34318,99,Mechelen teller 1,Mechelen,51.04564,4.46882,2.0542209317074778,51.042994379475516,4.497900769791322,2022,9,20,12035,Sint-Katelijne-Waver,Normaal,Droog,"Nacht, openbare verlichting aanwezig en ontstoken",met lichtgewonden,9,personenauto,3,Fiets,Buiten Kruispunt,Gemeenteweg,binnen bebouwde kom,Tss. 2 best.: langs opzij (voor-/achterkant-flank),Geen hindernis
34318,100,Mechelen teller 2,Mechelen,51.0457,4.46883,2.0544941025942407,51.042994379475516,4.497900769791322,2022,9,20,12035,Sint-Katelijne-Waver,Normaal,Droog,"Nacht, openbare verlichting aanwezig en ontstoken",met lichtgewonden,9,personenauto,3,Fiets,Buiten Kruispunt,Gemeenteweg,binnen bebouwde kom,Tss. 2 best.: langs opzij (voor-/achterkant-flank),Geen hindernis
34320,9,Heist op den Berg 2,Heist-op-den-Berg,51.06904,4.69524,0.5565855838042041,51.0722352492242,4.701371765572432,2022,9,15,12014,Heist-op-den-Berg,Normaal,Droog,Dag,met lichtgewonden,3,Fiets,3,Fiets,Buiten Kruispunt,Gemeenteweg,binnen bebouwde kom,Tussen 2 bestuurders: Frontale botsing,Geen hindernis
34320,8,Heist op den Berg 1,Heist-op-den-Berg,51.06759,4.68823,1.053547517389355,51.0722352492242,4.701371765572432,2022,9,15,12014,Heist-op-den-Berg,Normaal,Droog,Dag,met lichtgewonden,3,Fiets,3,Fiets,Buiten Kruispunt,Gemeenteweg,binnen bebouwde kom,Tussen 2 bestuurders: Frontale botsing,Geen hindernis
34326,96,Lier teller 2,Lier,51.11705,4.58444,2.1614025169196536,51.13053867343996,4.562140474198533,2022,9,9,12021,Lier,Onbekend,Onbekend,Dag,met lichtgewonden,3,Fiets,9,personenauto,Op Kruispunt,Gemeenteweg,onbekend,Tss. 2 best.: langs opzij (voor-/achterkant-flank),Geen hindernis
34326,95,Lier teller 1,Lier,51.11687,4.58437,2.171849175553116,51.13053867343996,4.562140474198533,2022,9,9,12021,Lier,Onbekend,Onbekend,Dag,met lichtgewonden,3,Fiets,9,personenauto,Op Kruispunt,Gemeenteweg,onbekend,Tss. 2 best.: langs opzij (voor-/achterkant-flank),Geen hindernis
34328,96,Lier teller 2,Lier,51.11705,4.58444,1.9355342497866292,51.130188513106205,4.602631976255856,2022,9,6,12021,Lier,Normaal,Droog,Dageraad - schemering,met lichtgewonden,3,Fiets,11,een weggebruiker tegen een hindernis,Buiten Kruispunt,Gemeenteweg,buiten bebouwde kom,Weggebruiker tegen hindernis op de rijbaan,"Op de rijbaan: Verkeersdrempel, ezelsrug"
34328,95,Lier teller 1,Lier,51.11687,4.58437,1.9538705957752678,51.130188513106205,4.602631976255856,2022,9,6,12021,Lier,Normaal,Droog,Dageraad - schemering,met lichtgewonden,3,Fiets,11,een weggebruiker tegen een hindernis,Buiten Kruispunt,Gemeenteweg,buiten bebouwde kom,Weggebruiker tegen hindernis op de rijbaan,"Op de rijbaan: Verkeersdrempel, ezelsrug"
34330,96,Lier teller 2,Lier,51.11705,4.58444,1.6213837529227817,51.13131956087659,4.579660560934966,2022,9,17,12021,Lier,Normaal,Droog,Dag,met lichtgewonden,3,Fiets,9,personenauto,Op Kruispunt,Gemeenteweg,binnen bebouwde kom,Tss. 2 best.: langs opzij (voor-/achterkant-flank),Geen hindernis
34330,95,Lier teller 1,Lier,51.11687,4.58437,1.6399899759286134,51.13131956087659,4.579660560934966,2022,9,17,12021,Lier,Normaal,Droog,Dag,met lichtgewonden,3,Fiets,9,personenauto,Op Kruispunt,Gemeenteweg,binnen bebouwde kom,Tss. 2 best.: langs opzij (voor-/achterkant-flank),Geen hindernis
34331,96,Lier teller 2,Lier,51.11705,4.58444,2.1978743823588553,51.135064107440705,4.571477438189641,2022,9,11,12021,Lier,Normaal,Droog,Dag,met lichtgewonden,3,Fiets,9,personenauto,Op Kruispunt,Gewestweg,binnen bebouwde kom,Tss. 2 best.: langs opzij (voor-/achterkant-flank),Geen hindernis
34331,95,Lier teller 1,Lier,51.11687,4.58437,2.2141419755129936,51.135064107440705,4.571477438189641,2022,9,11,12021,Lier,Normaal,Droog,Dag,met lichtgewonden,3,Fiets,9,personenauto,Op Kruispunt,Gewestweg,binnen bebouwde kom,Tss. 2 best.: langs opzij (voor-/achterkant-flank),Geen hindernis
34333,96,Lier teller 2,Lier,51.11705,4.58444,1.6492738776198232,51.13162686546723,4.588806721483836,2022,9,8,12021,Lier,Normaal,Droog,Dag,met lichtgewonden,9,personenauto,3,Fiets,Buiten Kruispunt,Gewestweg,binnen bebouwde kom,Tss. 2 best.: langs opzij (voor-/achterkant-flank),Geen hindernis
34333,95,Lier teller 1,Lier,51.11687,4.58437,1.6698474776625656,51.13162686546723,4.588806721483836,2022,9,8,12021,Lier,Normaal,Droog,Dag,met lichtgewonden,9,personenauto,3,Fiets,Buiten Kruispunt,Gewestweg,binnen bebouwde kom,Tss. 2 best.: langs opzij (voor-/achterkant-flank),Geen hindernis
34334,92,Nijlen teller 1,Nijlen,51.14989,4.64479,1.4261103492318499,51.13942260080052,4.632976997747339,2022,9,12,12026,Nijlen,Onbekend,Onbekend,Dag,met lichtgewonden,3,Fiets,2,Andere weggebruiker,Buiten Kruispunt,Gemeenteweg,binnen bebouwde kom,Tss. 2 best.: langs opzij (voor-/achterkant-flank),Geen hindernis
34334,93,Nijlen teller 2,Nijlen,51.14998,4.64469,1.4302926700326262,51.13942260080052,4.632976997747339,2022,9,12,12026,Nijlen,Onbekend,Onbekend,Dag,met lichtgewonden,3,Fiets,2,Andere weggebruiker,Buiten Kruispunt,Gemeenteweg,binnen bebouwde kom,Tss. 2 best.: langs opzij (voor-/achterkant-flank),Geen hindernis
34337,93,Nijlen teller 2,Nijlen,51.14998,4.64469,2.126250349826546,51.162342073162336,4.667949682476465,2022,9,8,12026,Nijlen,Regenval,"Nat, plassen",Dag,met zwaargewonden,9,personenauto,3,Fiets,Buiten Kruispunt,Gewestweg,binnen bebouwde kom,Tss. 2 best.: langs opzij (voor-/achterkant-flank),Geen hindernis
34337,92,Nijlen teller 1,Nijlen,51.14989,4.64479,2.1274352516152795,51.162342073162336,4.667949682476465,2022,9,8,12026,Nijlen,Regenval,"Nat, plassen",Dag,met zwaargewonden,9,personenauto,3,Fiets,Buiten Kruispunt,Gewestweg,binnen bebouwde kom,Tss. 2 best.: langs opzij (voor-/achterkant-flank),Geen hindernis
34338,92,Nijlen teller 1,Nijlen,51.14989,4.64479,1.3346050720132798,51.15537343911637,4.661811304274267,2022,9,6,12026,Nijlen,Normaal,"Nat, plassen","Nacht, openbare verlichting aanwezig en ontstoken",met lichtgewonden,3,Fiets,9,personenauto,Buiten Kruispunt,Gewestweg,binnen bebouwde kom,Tussen 2 bestuurders: Frontale botsing,Geen hindernis
34338,93,Nijlen teller 2,Nijlen,51.14998,4.64469,1.3362908806547793,51.15537343911637,4.661811304274267,2022,9,6,12026,Nijlen,Normaal,"Nat, plassen","Nacht, openbare verlichting aanwezig en ontstoken",met lichtgewonden,3,Fiets,9,personenauto,Buiten Kruispunt,Gewestweg,binnen bebouwde kom,Tussen 2 bestuurders: Frontale botsing,Geen hindernis
34339,9,Heist op den Berg 2,Heist-op-den-Berg,51.06904,4.69524,1.6475128389471143,51.07731353856984,4.7148018967981065,2022,9,17,12014,Heist-op-den-Berg,Normaal,Droog,Dag,met zwaargewonden,3,Fiets,3,Fiets,Buiten Kruispunt,Gemeenteweg,binnen bebouwde kom,Tussen 2 bestuurders: Frontale botsing,Geen hindernis
34339,8,Heist op den Berg 1,Heist-op-den-Berg,51.06759,4.68823,2.1484151862473384,51.07731353856984,4.7148018967981065,2022,9,17,12014,Heist-op-den-Berg,Normaal,Droog,Dag,met zwaargewonden,3,Fiets,3,Fiets,Buiten Kruispunt,Gemeenteweg,binnen bebouwde kom,Tussen 2 bestuurders: Frontale botsing,Geen hindernis
34340,92,Nijlen teller 1,Nijlen,51.14989,4.64479,1.0436816642470297,51.14318844216569,4.634314356714849,2022,9,9,12026,Nijlen,Normaal,Droog,Dag,met lichtgewonden,6,Bromfiets,3,Fiets,Op Kruispunt,Gewestweg,binnen bebouwde kom,Tss. 2 best.: langs opzij (voor-/achterkant-flank),Geen hindernis
34340,93,Nijlen teller 2,Nijlen,51.14998,4.64469,1.046011160727445,51.14318844216569,4.634314356714849,2022,9,9,12026,Nijlen,Normaal,Droog,Dag,met lichtgewonden,6,Bromfiets,3,Fiets,Op Kruispunt,Gewestweg,binnen bebouwde kom,Tss. 2 best.: langs opzij (voor-/achterkant-flank),Geen hindernis
34342,92,Nijlen teller 1,Nijlen,51.14989,4.64479,2.3014118033970865,51.14054921922355,4.674230440956593,2022,9,7,12026,Nijlen,Normaal,Droog,Dageraad - schemering,met lichtgewonden,3,Fiets,3,Fiets,Buiten Kruispunt,Gemeenteweg,binnen bebouwde kom,Tss. 2 best.: langs opzij (voor-/achterkant-flank),Geen hindernis
34342,93,Nijlen teller 2,Nijlen,51.14998,4.64469,2.3121587133705956,51.14054921922355,4.674230440956593,2022,9,7,12026,Nijlen,Normaal,Droog,Dageraad - schemering,met lichtgewonden,3,Fiets,3,Fiets,Buiten Kruispunt,Gemeenteweg,binnen bebouwde kom,Tss. 2 best.: langs opzij (voor-/achterkant-flank),Geen hindernis
34343,9,Heist op den Berg 2,Heist-op-den-Berg,51.06904,4.69524,1.7057839148866576,51.077459721679595,4.7156487675124845,2022,9,17,12014,Heist-op-den-Berg,Normaal,Droog,Dag,met lichtgewonden,9,personenauto,3,Fiets,Op Kruispunt,Gemeenteweg,binnen bebouwde kom,Tss. 2 best.: langs opzij (voor-/achterkant-flank),Geen hindernis
34343,8,Heist op den Berg 1,Heist-op-den-Berg,51.06759,4.68823,2.207779110096206,51.077459721679595,4.7156487675124845,2022,9,17,12014,Heist-op-den-Berg,Normaal,Droog,Dag,met lichtgewonden,9,personenauto,3,Fiets,Op Kruispunt,Gemeenteweg,binnen bebouwde kom,Tss. 2 best.: langs opzij (voor-/achterkant-flank),Geen hindernis
34344,9,Heist op den Berg 2,Heist-op-den-Berg,51.06904,4.69524,1.7095204760595009,51.073660685099284,4.718576089538783,2022,9,17,12014,Heist-op-den-Berg,Normaal,Droog,Dag,met lichtgewonden,5,Lichte vrachtauto,3,Fiets,Op Kruispunt,Gewestweg,binnen bebouwde kom,Tss. 2 best.: langs opzij (voor-/achterkant-flank),Geen hindernis
34344,8,Heist op den Berg 1,Heist-op-den-Berg,51.06759,4.68823,2.2251612495837976,51.073660685099284,4.718576089538783,2022,9,17,12014,Heist-op-den-Berg,Normaal,Droog,Dag,met lichtgewonden,5,Lichte vrachtauto,3,Fiets,Op Kruispunt,Gewestweg,binnen bebouwde kom,Tss. 2 best.: langs opzij (voor-/achterkant-flank),Geen hindernis
34345,9,Heist op den Berg 2,Heist-op-den-Berg,51.06904,4.69524,0.9570063142711104,51.07480167316821,4.705415057324996,2022,9,20,12014,Heist-op-den-Berg,Normaal,Droog,Dageraad - schemering,met lichtgewonden,3,Fiets,3,Fiets,Buiten Kruispunt,Gemeenteweg,binnen bebouwde kom,Tss. 2 best.: langs opzij (voor-/achterkant-flank),Geen hindernis
34345,8,Heist op den Berg 1,Heist-op-den-Berg,51.06759,4.68823,1.4438719386429546,51.07480167316821,4.705415057324996,2022,9,20,12014,Heist-op-den-Berg,Normaal,Droog,Dageraad - schemering,met lichtgewonden,3,Fiets,3,Fiets,Buiten Kruispunt,Gemeenteweg,binnen bebouwde kom,Tss. 2 best.: langs opzij (voor-/achterkant-flank),Geen hindernis
34360,88,Westerlo teller 1,Westerlo,51.082,4.91325,2.434103396580459,51.08700879507373,4.879326764563949,2022,9,16,13049,Westerlo,Normaal,Droog,Dag,met zwaargewonden,9,personenauto,3,Fiets,Buiten Kruispunt,Gemeenteweg,binnen bebouwde kom,Tussen 2 bestuurders: Frontale botsing,Geen hindernis
34360,89,Westerlo teller 2,Westerlo,51.08191,4.91334,2.442529304301326,51.08700879507373,4.879326764563949,2022,9,16,13049,Westerlo,Normaal,Droog,Dag,met zwaargewonden,9,personenauto,3,Fiets,Buiten Kruispunt,Gemeenteweg,binnen bebouwde kom,Tussen 2 bestuurders: Frontale botsing,Geen hindernis
34361,88,Westerlo teller 1,Westerlo,51.082,4.91325,1.0719539630263997,51.090790724556015,4.906950334530028,2022,9,14,13049,Westerlo,Onbekend,Droog,Dag,met lichtgewonden,3,Fiets,3,Fiets,Buiten Kruispunt,Gemeenteweg,binnen bebouwde kom,Tussen 2 bestuurders: Frontale botsing,Geen hindernis
34361,89,Westerlo teller 2,Westerlo,51.08191,4.91334,1.0836612936384598,51.090790724556015,4.906950334530028,2022,9,14,13049,Westerlo,Onbekend,Droog,Dag,met lichtgewonden,3,Fiets,3,Fiets,Buiten Kruispunt,Gemeenteweg,binnen bebouwde kom,Tussen 2 bestuurders: Frontale botsing,Geen hindernis
34362,127,Geel totem,Westerlo,51.1342966,4.9400421,0.8890475730008722,51.12635192278137,4.938609303885163,2022,9,22,13049,Westerlo,Normaal,Droog,"Nacht, openbare verlichting aanwezig en ontstoken",met lichtgewonden,9,personenauto,3,Fiets,Op Kruispunt,Gemeenteweg,buiten bebouwde kom,Tss. 2 best.: langs opzij (voor-/achterkant-flank),Geen hindernis
34362,112,Geel teller 2,Westerlo,51.1354992,4.9394789,1.018939239129045,51.12635192278137,4.938609303885163,2022,9,22,13049,Westerlo,Normaal,Droog,"Nacht, openbare verlichting aanwezig en ontstoken",met lichtgewonden,9,personenauto,3,Fiets,Op Kruispunt,Gemeenteweg,buiten bebouwde kom,Tss. 2 best.: langs opzij (voor-/achterkant-flank),Geen hindernis
34364,98,Geel teller 2,Geel,51.1481,4.99643,2.1911323916187286,51.16719862026318,4.988693662851327,2022,9,5,13008,Geel,Normaal,Droog,"Nacht, openbare verlichting aanwezig en ontstoken",met lichtgewonden,8,Voetganger,3,Fiets,Buiten Kruispunt,Gewestweg,binnen bebouwde kom,Met een voetganger,Geen hindernis
34364,97,Geel teller 1,Geel,51.14813,4.99698,2.197672299115287,51.16719862026318,4.988693662851327,2022,9,5,13008,Geel,Normaal,Droog,"Nacht, openbare verlichting aanwezig en ontstoken",met lichtgewonden,8,Voetganger,3,Fiets,Buiten Kruispunt,Gewestweg,binnen bebouwde kom,Met een voetganger,Geen hindernis
34365,98,Geel teller 2,Geel,51.1481,4.99643,1.761278317729246,51.161316243595316,4.982510558984009,2022,9,15,13008,Geel,Normaal,"Nat, plassen",Dag,met lichtgewonden,3,Fiets,9,personenauto,Op Kruispunt,Gemeenteweg,binnen bebouwde kom,Tussen 2 bestuurders: Flank tegen flank,Geen hindernis
34365,97,Geel teller 1,Geel,51.14813,4.99698,1.7799595158751036,51.161316243595316,4.982510558984009,2022,9,15,13008,Geel,Normaal,"Nat, plassen",Dag,met lichtgewonden,3,Fiets,9,personenauto,Op Kruispunt,Gemeenteweg,binnen bebouwde kom,Tussen 2 bestuurders: Flank tegen flank,Geen hindernis
34369,98,Geel teller 2,Geel,51.1481,4.99643,1.6922193831337176,51.16324475116099,4.994044249632334,2022,9,14,13008,Geel,Onbekend,Onbekend,Dag,met lichtgewonden,3,Fiets,6,Bromfiets,Buiten Kruispunt,Gewestweg,onbekend,Tss. 2 best.: langs opzij (voor-/achterkant-flank),Geen hindernis
34369,97,Geel teller 1,Geel,51.14813,4.99698,1.6931090557449935,51.16324475116099,4.994044249632334,2022,9,14,13008,Geel,Onbekend,Onbekend,Dag,met lichtgewonden,3,Fiets,6,Bromfiets,Buiten Kruispunt,Gewestweg,onbekend,Tss. 2 best.: langs opzij (voor-/achterkant-flank),Geen hindernis
34370,98,Geel teller 2,Geel,51.1481,4.99643,2.059522366517146,51.16637267338541,4.991603373159167,2022,9,16,13008,Geel,Normaal,Droog,Dag,met lichtgewonden,9,personenauto,3,Fiets,Buiten Kruispunt,Gemeenteweg,binnen bebouwde kom,Tss. 2 best.: langs opzij (voor-/achterkant-flank),Geen hindernis
34370,97,Geel teller 1,Geel,51.14813,4.99698,2.06285758427613,51.16637267338541,4.991603373159167,2022,9,16,13008,Geel,Normaal,Droog,Dag,met lichtgewonden,9,personenauto,3,Fiets,Buiten Kruispunt,Gemeenteweg,binnen bebouwde kom,Tss. 2 best.: langs opzij (voor-/achterkant-flank),Geen hindernis
34372,5,Balen 2,Balen,51.16018,5.19003,0.6084498016895851,51.16343506979666,5.18301629283885,2022,9,12,13003,Balen,Normaal,Droog,Dag,met lichtgewonden,9,personenauto,3,Fiets,Op Kruispunt,Gewestweg,buiten bebouwde kom,Tss. 2 best.: langs opzij (voor-/achterkant-flank),Geen hindernis
34372,4,Balen 1,Balen,51.16023,5.19011,0.6096762448777414,51.16343506979666,5.18301629283885,2022,9,12,13003,Balen,Normaal,Droog,Dag,met lichtgewonden,9,personenauto,3,Fiets,Op Kruispunt,Gewestweg,buiten bebouwde kom,Tss. 2 best.: langs opzij (voor-/achterkant-flank),Geen hindernis
34375,5,Balen 2,Balen,51.16018,5.19003,1.4116155512356796,51.16755637036032,5.173553951237309,2022,9,16,13003,Balen,Normaal,Droog,Dag,met lichtgewonden,9,personenauto,3,Fiets,Op Kruispunt,Gewestweg,binnen bebouwde kom,Tss. 2 best.: langs opzij (voor-/achterkant-flank),Geen hindernis
34375,4,Balen 1,Balen,51.16023,5.19011,1.4129459891249498,51.16755637036032,5.173553951237309,2022,9,16,13003,Balen,Normaal,Droog,Dag,met lichtgewonden,9,personenauto,3,Fiets,Op Kruispunt,Gewestweg,binnen bebouwde kom,Tss. 2 best.: langs opzij (voor-/achterkant-flank),Geen hindernis
34381,94,Herentals teller 2,Herentals,51.17345,4.81283,2.0781785989504025,51.17757857676133,4.84190437799009,2022,9,11,13011,Herentals,Regenval,"Nat, plassen",Dag,met lichtgewonden,9,personenauto,3,Fiets,Op Kruispunt,Gemeenteweg,buiten bebouwde kom,Tss. 2 best.: langs opzij (voor-/achterkant-flank),Geen hindernis
34381,110,Herentals totem,Herentals,51.1739426,4.811783,2.1383843807227243,51.17757857676133,4.84190437799009,2022,9,11,13011,Herentals,Regenval,"Nat, plassen",Dag,met lichtgewonden,9,personenauto,3,Fiets,Op Kruispunt,Gemeenteweg,buiten bebouwde kom,Tss. 2 best.: langs opzij (voor-/achterkant-flank),Geen hindernis