crash_row_id,site_id,site_name,site_gemeente,site_lat,site_long,distance_km,crash_lat,crash_long,DT_YEAR_COLLISION,DT_MONTH_COLLISION,DT_TIME,CD_NIS,TX_MUNTY_COLLISION_NL,TX_WEATHER_NL,TX_ROAD_CONDITION_NL,TX_LIGHT_CONDITION_NL,TX_CLASS_ACCIDENTS_NL,CD_ROAD_USR_TYPE1,TX_ROAD_USR_TYPE1_NL,CD_ROAD_USR_TYPE2,TX_ROAD_USR_TYPE2_NL,TX_CROSSWAY_NL,CD_ROAD_TYPE_NL,TX_BUILD_UP_AREA_NL,TX_COLLISION_TYPE_NL,TX_OBSTACLES_NL
34385,37,Lommel teller 1,Lommel,51.23299,5.29211,1.1558795573859324,51.23426727015211,5.308585870952469,2022,9,8,72020,Lommel,Normaal,Droog,Dag,met lichtgewonden,9,personenauto,3,Fiets,Op Kruispunt,Gewestweg,binnen bebouwde kom,Tss. 2 best.: langs opzij (voor-/achterkant-flank),Geen hindernis
34385,38,Lommel teller 2,Lommel,51.23277,5.29189,1.1743029774373306,51.23426727015211,5.308585870952469,2022,9,8,72020,Lommel,Normaal,Droog,Dag,met lichtgewonden,9,personenauto,3,Fiets,Op Kruispunt,Gewestweg,binnen bebouwde kom,Tss. 2 best.: langs opzij (voor-/achterkant-flank),Geen hindernis
34386,37,Lommel teller 1,Lommel,51.23299,5.29211,1.877600548824995,51.23707427882882,5.318277645051634,2022,9,19,72020,Lommel,Normaal,Droog,Dag,met lichtgewonden,9,personenauto,3,Fiets,Op Kruispunt,Gemeenteweg,binnen bebouwde kom,Tss. 2 best.: langs opzij (voor-/achterkant-flank),Geen hindernis
34386,38,Lommel teller 2,Lommel,51.23277,5.29189,1.8984895928186971,51.23707427882882,5.318277645051634,2022,9,19,72020,Lommel,Normaal,Droog,Dag,met lichtgewonden,9,personenauto,3,Fiets,Op Kruispunt,Gemeenteweg,binnen bebouwde kom,Tss. 2 best.: langs opzij (voor-/achterkant-flank),Geen hindernis
34389,46,Pelt teller 2,Pelt,51.231,5.44375,0.8772774936012021,51.22763932085724,5.432351205879961,2022,9,18,72043,Pelt,Normaal,Droog,Dag,met lichtgewonden,1,Autobus,3,Fiets,Buiten Kruispunt,Gemeenteweg,binnen bebouwde kom,Tussen 2 bestuurders: Flank tegen flank,Geen hindernis
34389,45,Pelt teller 1,Pelt,51.23127,5.44377,0.8917199055848166,51.22763932085724,5.432351205879961,2022,9,18,72043,Pelt,Normaal,Droog,Dag,met lichtgewonden,1,Autobus,3,Fiets,Buiten Kruispunt,Gemeenteweg,binnen bebouwde kom,Tussen 2 bestuurders: Flank tegen flank,Geen hindernis
34391,46,Pelt teller 2,Pelt,51.231,5.44375,1.3384465780725532,51.219823571539756,5.436613358395789,2022,9,7,72043,Pelt,Normaal,Droog,Dag,met lichtgewonden,3,Fiets,9,personenauto,Op Kruispunt,Gewestweg,binnen bebouwde kom,Tss. 2 best.: langs opzij (voor-/achterkant-flank),Geen hindernis
34391,45,Pelt teller 1,Pelt,51.23127,5.44377,1.3668750347406815,51.219823571539756,5.436613358395789,2022,9,7,72043,Pelt,Normaal,Droog,Dag,met lichtgewonden,3,Fiets,9,personenauto,Op Kruispunt,Gewestweg,binnen bebouwde kom,Tss. 2 best.: langs opzij (voor-/achterkant-flank),Geen hindernis
34406,39,Peer teller 1,Peer,51.13425,5.47817,1.1601163332882984,51.13162488723736,5.462078729745243,2022,9,17,72030,Peer,Normaal,Droog,Dag,met lichtgewonden,5,Lichte vrachtauto,3,Fiets,Op Kruispunt,Gewestweg,binnen bebouwde kom,Tss. 2 best.: langs opzij (voor-/achterkant-flank),Geen hindernis
34406,40,Peer teller 2,Peer,51.13438,5.47892,1.2144009303307786,51.13162488723736,5.462078729745243,2022,9,17,72030,Peer,Normaal,Droog,Dag,met lichtgewonden,5,Lichte vrachtauto,3,Fiets,Op Kruispunt,Gewestweg,binnen bebouwde kom,Tss. 2 best.: langs opzij (voor-/achterkant-flank),Geen hindernis
34412,29,Tongeren,Tongeren,50.79286,5.52825,2.1087634293531865,50.78762760240189,5.499414857134911,2022,9,11,73083,Tongeren,Normaal,Droog,Dag,met lichtgewonden,9,personenauto,3,Fiets,Buiten Kruispunt,Gewestweg,buiten bebouwde kom,Tss. 2 best.: langs opzij (voor-/achterkant-flank),Geen hindernis
34416,21,Bilzen,Bilzen,50.86015,5.50161,1.9641162481838212,50.84525922958034,5.486560236643378,2022,9,7,73032,Hoeselt,Mist (zichtbaarheid minder dan 100m),Droog,Dag,met lichtgewonden,6,Bromfiets,3,Fiets,Buiten Kruispunt,Gewestweg,buiten bebouwde kom,Tussen 2 bestuurders: Langs achteren,Geen hindernis
34420,69,Leuven teller 1,Leuven,50.87549,4.71526,0.5279497548286531,50.88023487415032,4.714988475072806,2022,9,17,24062,Leuven,Normaal,Droog,Dag,met lichtgewonden,3,Fiets,6,Bromfiets,Buiten Kruispunt,Gewestweg,binnen bebouwde kom,Tss. 2 best.: langs opzij (voor-/achterkant-flank),Geen hindernis
34420,77,Leuven teller 2,Leuven,50.88672,4.70796,0.8735671585573151,50.88023487415032,4.714988475072806,2022,9,17,24062,Leuven,Normaal,Droog,Dag,met lichtgewonden,3,Fiets,6,Bromfiets,Buiten Kruispunt,Gewestweg,binnen bebouwde kom,Tss. 2 best.: langs opzij (voor-/achterkant-flank),Geen hindernis
34420,107,leuven totem,Leuven,50.8870744,4.7087919,0.8759911714862608,50.88023487415032,4.714988475072806,2022,9,17,24062,Leuven,Normaal,Droog,Dag,met lichtgewonden,3,Fiets,6,Bromfiets,Buiten Kruispunt,Gewestweg,binnen bebouwde kom,Tss. 2 best.: langs opzij (voor-/achterkant-flank),Geen hindernis
34420,151,Leuven,District Leuven,50.8690262,4.6854839,2.4164444207814633,50.88023487415032,4.714988475072806,2022,9,17,24062,Leuven,Normaal,Droog,Dag,met lichtgewonden,3,Fiets,6,Bromfiets,Buiten Kruispunt,Gewestweg,binnen bebouwde kom,Tss. 2 best.: langs opzij (voor-/achterkant-flank),Geen hindernis
34421,108,Heverlee teller 1,Leuven,50.8471728,4.6954674,2.379569501998799,50.85345882867987,4.72786777832396,2022,9,12,24062,Leuven,Normaal,"Nat, plassen",Dag,met lichtgewonden,9,personenauto,3,Fiets,Buiten Kruispunt,Gemeenteweg,buiten bebouwde kom,Tussen 2 bestuurders: Frontale botsing,Geen hindernis
34421,76,Heverlee teller 2,Leuven,50.84606,4.69597,2.385684890301233,50.85345882867987,4.72786777832396,2022,9,12,24062,Leuven,Normaal,"Nat, plassen",Dag,met lichtgewonden,9,personenauto,3,Fiets,Buiten Kruispunt,Gemeenteweg,buiten bebouwde kom,Tussen 2 bestuurders: Frontale botsing,Geen hindernis
34422,151,Leuven,District Leuven,50.8690262,4.6854839,1.7113009991477883,50.87220161135442,4.661621477197092,2022,9,8,24062,Leuven,Normaal,Droog,Dag,met lichtgewonden,3,Fiets,8,Voetganger,Buiten Kruispunt,Gewestweg,onbekend,Met een voetganger,Geen hindernis
34422,73,Herent teller 2,Herent,50.89128,4.64685,2.3610039568508676,50.87220161135442,4.661621477197092,2022,9,8,24062,Leuven,Normaal,Droog,Dag,met lichtgewonden,3,Fiets,8,Voetganger,Buiten Kruispunt,Gewestweg,onbekend,Met een voetganger,Geen hindernis
34422,72,Herent teller 1,Herent,50.89135,4.64689,2.366773148173374,50.87220161135442,4.661621477197092,2022,9,8,24062,Leuven,Normaal,Droog,Dag,met lichtgewonden,3,Fiets,8,Voetganger,Buiten Kruispunt,Gewestweg,onbekend,Met een voetganger,Geen hindernis
34423,151,Leuven,District Leuven,50.8690262,4.6854839,0.5301266771953244,50.86963523805436,4.692976451046812,2022,9,10,24062,Leuven,Normaal,Droog,Dag,met lichtgewonden,3,Fiets,11,een weggebruiker tegen een hindernis,Buiten Kruispunt,Gewestweg,binnen bebouwde kom,Weggebruiker tegen hindernis buiten rijbaan,Andere hindernis
34423,69,Leuven teller 1,Leuven,50.87549,4.71526,1.6937340659909028,50.86963523805436,4.692976451046812,2022,9,10,24062,Leuven,Normaal,Droog,Dag,met lichtgewonden,3,Fiets,11,een weggebruiker tegen een hindernis,Buiten Kruispunt,Gewestweg,binnen bebouwde kom,Weggebruiker tegen hindernis buiten rijbaan,Andere hindernis
34423,77,Leuven teller 2,Leuven,50.88672,4.70796,2.1712095564212692,50.86963523805436,4.692976451046812,2022,9,10,24062,Leuven,Normaal,Droog,Dag,met lichtgewonden,3,Fiets,11,een weggebruiker tegen een hindernis,Buiten Kruispunt,Gewestweg,binnen bebouwde kom,Weggebruiker tegen hindernis buiten rijbaan,Andere hindernis
34423,107,leuven totem,Leuven,50.8870744,4.7087919,2.234176834238653,50.86963523805436,4.692976451046812,2022,9,10,24062,Leuven,Normaal,Droog,Dag,met lichtgewonden,3,Fiets,11,een weggebruiker tegen een hindernis,Buiten Kruispunt,Gewestweg,binnen bebouwde kom,Weggebruiker tegen hindernis buiten rijbaan,Andere hindernis
34425,77,Leuven teller 2,Leuven,50.88672,4.70796,0.4780002200914736,50.88245762097626,4.707075396578163,2022,9,17,24062,Leuven,Normaal,Droog,Dag,met lichtgewonden,3,Fiets,9,personenauto,Op Kruispunt,Gemeenteweg,binnen bebouwde kom,Tussen 2 bestuurders: Flank tegen flank,Geen hindernis
34425,107,leuven totem,Leuven,50.8870744,4.7087919,0.527295504551235,50.88245762097626,4.707075396578163,2022,9,17,24062,Leuven,Normaal,Droog,Dag,met lichtgewonden,3,Fiets,9,personenauto,Op Kruispunt,Gemeenteweg,binnen bebouwde kom,Tussen 2 bestuurders: Flank tegen flank,Geen hindernis
34425,69,Leuven teller 1,Leuven,50.87549,4.71526,0.9643639900469682,50.88245762097626,4.707075396578163,2022,9,17,24062,Leuven,Normaal,Droog,Dag,met lichtgewonden,3,Fiets,9,personenauto,Op Kruispunt,Gemeenteweg,binnen bebouwde kom,Tussen 2 bestuurders: Flank tegen flank,Geen hindernis
34425,151,Leuven,District Leuven,50.8690262,4.6854839,2.1273579145620323,50.88245762097626,4.707075396578163,2022,9,17,24062,Leuven,Normaal,Droog,Dag,met lichtgewonden,3,Fiets,9,personenauto,Op Kruispunt,Gemeenteweg,binnen bebouwde kom,Tussen 2 bestuurders: Flank tegen flank,Geen hindernis
34426,107,leuven totem,Leuven,50.8870744,4.7087919,0.47632190960187465,50.88456957949728,4.714300195028836,2022,9,17,24062,Leuven,Normaal,Droog,Dag,met lichtgewonden,1,Autobus,3,Fiets,Op Kruispunt,Gewestweg,binnen bebouwde kom,Tussen 2 bestuurders: Frontale botsing,Geen hindernis
34426,77,Leuven teller 2,Leuven,50.88672,4.70796,0.5049649251128859,50.88456957949728,4.714300195028836,2022,9,17,24062,Leuven,Normaal,Droog,Dag,met lichtgewonden,1,Autobus,3,Fiets,Op Kruispunt,Gewestweg,binnen bebouwde kom,Tussen 2 bestuurders: Frontale botsing,Geen hindernis
34426,69,Leuven teller 1,Leuven,50.87549,4.71526,1.0118463233471484,50.88456957949728,4.714300195028836,2022,9,17,24062,Leuven,Normaal,Droog,Dag,met lichtgewonden,1,Autobus,3,Fiets,Op Kruispunt,Gewestweg,binnen bebouwde kom,Tussen 2 bestuurders: Frontale botsing,Geen hindernis
34427,151,Leuven,District Leuven,50.8690262,4.6854839,0.48674300276404775,50.87206948426142,4.690469703057868,2022,9,7,24062,Leuven,Normaal,Droog,Dag,met lichtgewonden,9,personenauto,3,Fiets,Op Kruispunt,Gewestweg,buiten bebouwde kom,Tussen 2 bestuurders: Frontale botsing,Geen hindernis
34427,69,Leuven teller 1,Leuven,50.87549,4.71526,1.7805680560875272,50.87206948426142,4.690469703057868,2022,9,7,24062,Leuven,Normaal,Droog,Dag,met lichtgewonden,9,personenauto,3,Fiets,Op Kruispunt,Gewestweg,buiten bebouwde kom,Tussen 2 bestuurders: Frontale botsing,Geen hindernis
34427,77,Leuven teller 2,Leuven,50.88672,4.70796,2.039515644236672,50.87206948426142,4.690469703057868,2022,9,7,24062,Leuven,Normaal,Droog,Dag,met lichtgewonden,9,personenauto,3,Fiets,Op Kruispunt,Gewestweg,buiten bebouwde kom,Tussen 2 bestuurders: Frontale botsing,Geen hindernis
34427,107,leuven totem,Leuven,50.8870744,4.7087919,2.106230199048142,50.87206948426142,4.690469703057868,2022,9,7,24062,Leuven,Normaal,Droog,Dag,met lichtgewonden,9,personenauto,3,Fiets,Op Kruispunt,Gewestweg,buiten bebouwde kom,Tussen 2 bestuurders: Frontale botsing,Geen hindernis
34428,151,Leuven,District Leuven,50.8690262,4.6854839,0.6442710276895786,50.86997680510807,4.676427241198306,2022,9,16,24062,Leuven,Normaal,Droog,Dag,met lichtgewonden,3,Fiets,3,Fiets,Buiten Kruispunt,Gemeenteweg,binnen bebouwde kom,Tss. 2 best.: langs opzij (voor-/achterkant-flank),Geen hindernis
34429,149,Machelen,,50.88297881,4.43356644,0.3905458311950354,50.88003584086022,4.436604844586684,2022,9,8,23047,Machelen,Normaal,Droog,Dag,met lichtgewonden,3,Fiets,9,personenauto,Buiten Kruispunt,Gemeenteweg,buiten bebouwde kom,Tussen 2 bestuurders: Flank tegen flank,Geen hindernis
34429,26,Zaventem,Zaventem,50.86995,4.45444,1.6804129688379237,50.88003584086022,4.436604844586684,2022,9,8,23047,Machelen,Normaal,Droog,Dag,met lichtgewonden,3,Fiets,9,personenauto,Buiten Kruispunt,Gemeenteweg,buiten bebouwde kom,Tussen 2 bestuurders: Flank tegen flank,Geen hindernis
34429,111,Zaventem totem,Zaventem,50.8871216,4.4597084,1.8021384391032114,50.88003584086022,4.436604844586684,2022,9,8,23047,Machelen,Normaal,Droog,Dag,met lichtgewonden,3,Fiets,9,personenauto,Buiten Kruispunt,Gemeenteweg,buiten bebouwde kom,Tussen 2 bestuurders: Flank tegen flank,Geen hindernis
34430,69,Leuven teller 1,Leuven,50.87549,4.71526,0.8798230180287269,50.868803644923645,4.721964288037022,2022,9,18,24062,Leuven,Normaal,Droog,Dag,met lichtgewonden,8,Voetganger,3,Fiets,Buiten Kruispunt,Gemeenteweg,binnen bebouwde kom,Met een voetganger,Geen hindernis
34430,77,Leuven teller 2,Leuven,50.88672,4.70796,2.2213324615496126,50.868803644923645,4.721964288037022,2022,9,18,24062,Leuven,Normaal,Droog,Dag,met lichtgewonden,8,Voetganger,3,Fiets,Buiten Kruispunt,Gemeenteweg,binnen bebouwde kom,Met een voetganger,Geen hindernis
34430,107,leuven totem,Leuven,50.8870744,4.7087919,2.23194713800649,50.868803644923645,4.721964288037022,2022,9,18,24062,Leuven,Normaal,Droog,Dag,met lichtgewonden,8,Voetganger,3,Fiets,Buiten Kruispunt,Gemeenteweg,binnen bebouwde kom,Met een voetganger,Geen hindernis
34431,69,Leuven teller 1,Leuven,50.87549,4.71526,0.9767948993148511,50.87694056943107,4.701529470761251,2022,9,4,24062,Leuven,Normaal,Droog,"Nacht, openbare verlichting aanwezig en ontstoken",met lichtgewonden,3,Fiets,11,een weggebruiker tegen een hindernis,Buiten Kruispunt,Gemeenteweg,binnen bebouwde kom,Weggebruiker tegen hindernis buiten rijbaan,Andere hindernis
34431,77,Leuven teller 2,Leuven,50.88672,4.70796,1.1772902845918867,50.87694056943107,4.701529470761251,2022,9,4,24062,Leuven,Normaal,Droog,"Nacht, openbare verlichting aanwezig en ontstoken",met lichtgewonden,3,Fiets,11,een weggebruiker tegen een hindernis,Buiten Kruispunt,Gemeenteweg,binnen bebouwde kom,Weggebruiker tegen hindernis buiten rijbaan,Andere hindernis
34431,107,leuven totem,Leuven,50.8870744,4.7087919,1.23666216161208,50.87694056943107,4.701529470761251,2022,9,4,24062,Leuven,Normaal,Droog,"Nacht, openbare verlichting aanwezig en ontstoken",met lichtgewonden,3,Fiets,11,een weggebruiker tegen een hindernis,Buiten Kruispunt,Gemeenteweg,binnen bebouwde kom,Weggebruiker tegen hindernis buiten rijbaan,Andere hindernis
34431,151,Leuven,District Leuven,50.8690262,4.6854839,1.4290233086683772,50.87694056943107,4.701529470761251,2022,9,4,24062,Leuven,Normaal,Droog,"Nacht, openbare verlichting aanwezig en ontstoken",met lichtgewonden,3,Fiets,11,een weggebruiker tegen een hindernis,Buiten Kruispunt,Gemeenteweg,binnen bebouwde kom,Weggebruiker tegen hindernis buiten rijbaan,Andere hindernis
34432,69,Leuven teller 1,Leuven,50.87549,4.71526,0.40783834360837695,50.87806083413728,4.719405849909181,2022,9,17,24062,Leuven,Normaal,Droog,Dag,met zwaargewonden,3,Fiets,3,Fiets,Buiten Kruispunt,Gemeenteweg,binnen bebouwde kom,Tussen 2 bestuurders: Flank tegen flank,Geen hindernis
34432,107,leuven totem,Leuven,50.8870744,4.7087919,1.2485910030285745,50.87806083413728,4.719405849909181,2022,9,17,24062,Leuven,Normaal,Droog,Dag,met zwaargewonden,3,Fiets,3,Fiets,Buiten Kruispunt,Gemeenteweg,binnen bebouwde kom,Tussen 2 bestuurders: Flank tegen flank,Geen hindernis
34432,77,Leuven teller 2,Leuven,50.88672,4.70796,1.2537397003419586,50.87806083413728,4.719405849909181,2022,9,17,24062,Leuven,Normaal,Droog,Dag,met zwaargewonden,3,Fiets,3,Fiets,Buiten Kruispunt,Gemeenteweg,binnen bebouwde kom,Tussen 2 bestuurders: Flank tegen flank,Geen hindernis
34433,151,Leuven,District Leuven,50.8690262,4.6854839,1.5524077472546394,50.882956496836364,4.684014050728497,2022,9,9,24062,Leuven,Normaal,Droog,Dag,met lichtgewonden,3,Fiets,11,een weggebruiker tegen een hindernis,Op Kruispunt,Gewestweg,binnen bebouwde kom,Weggebruiker tegen hindernis op de rijbaan,"Op de rijbaan: Put, straatgoot, tramspoor"
34433,77,Leuven teller 2,Leuven,50.88672,4.70796,1.7311691313990505,50.882956496836364,4.684014050728497,2022,9,9,24062,Leuven,Normaal,Droog,Dag,met lichtgewonden,3,Fiets,11,een weggebruiker tegen een hindernis,Op Kruispunt,Gewestweg,binnen bebouwde kom,Weggebruiker tegen hindernis op de rijbaan,"Op de rijbaan: Put, straatgoot, tramspoor"
34433,107,leuven totem,Leuven,50.8870744,4.7087919,1.7974785318177868,50.882956496836364,4.684014050728497,2022,9,9,24062,Leuven,Normaal,Droog,Dag,met lichtgewonden,3,Fiets,11,een weggebruiker tegen een hindernis,Op Kruispunt,Gewestweg,binnen bebouwde kom,Weggebruiker tegen hindernis op de rijbaan,"Op de rijbaan: Put, straatgoot, tramspoor"
34433,69,Leuven teller 1,Leuven,50.87549,4.71526,2.344141262226212,50.882956496836364,4.684014050728497,2022,9,9,24062,Leuven,Normaal,Droog,Dag,met lichtgewonden,3,Fiets,11,een weggebruiker tegen een hindernis,Op Kruispunt,Gewestweg,binnen bebouwde kom,Weggebruiker tegen hindernis op de rijbaan,"Op de rijbaan: Put, straatgoot, tramspoor"
34434,77,Leuven teller 2,Leuven,50.88672,4.70796,0.5570131542212369,50.882096447636,4.704904370163494,2022,9,11,24062,Leuven,Normaal,Droog,Dag,met lichtgewonden,3,Fiets,5,Lichte vrachtauto,Op Kruispunt,Gemeenteweg,binnen bebouwde kom,Tss. 2 best.: langs opzij (voor-/achterkant-flank),Geen hindernis
34434,107,leuven totem,Leuven,50.8870744,4.7087919,0.6170584202190955,50.882096447636,4.704904370163494,2022,9,11,24062,Leuven,Normaal,Droog,Dag,met lichtgewonden,3,Fiets,5,Lichte vrachtauto,Op Kruispunt,Gemeenteweg,binnen bebouwde kom,Tss. 2 best.: langs opzij (voor-/achterkant-flank),Geen hindernis
34434,69,Leuven teller 1,Leuven,50.87549,4.71526,1.033207066916353,50.882096447636,4.704904370163494,2022,9,11,24062,Leuven,Normaal,Droog,Dag,met lichtgewonden,3,Fiets,5,Lichte vrachtauto,Op Kruispunt,Gemeenteweg,binnen bebouwde kom,Tss. 2 best.: langs opzij (voor-/achterkant-flank),Geen hindernis
34434,151,Leuven,District Leuven,50.8690262,4.6854839,1.9922297739153092,50.882096447636,4.704904370163494,2022,9,11,24062,Leuven,Normaal,Droog,Dag,met lichtgewonden,3,Fiets,5,Lichte vrachtauto,Op Kruispunt,Gemeenteweg,binnen bebouwde kom,Tss. 2 best.: langs opzij (voor-/achterkant-flank),Geen hindernis
34435,77,Leuven teller 2,Leuven,50.88672,4.70796,1.1565717801252005,50.88469453998685,4.691788373885393,2022,9,18,24062,Leuven,Normaal,Droog,Dag,met lichtgewonden,3,Fiets,8,Voetganger,Buiten Kruispunt,Gemeenteweg,binnen bebouwde kom,Met een voetganger,Geen hindernis
34435,107,leuven totem,Leuven,50.8870744,4.7087919,1.2217862082429234,50.88469453998685,4.691788373885393,2022,9,18,24062,Leuven,Normaal,Droog,Dag,met lichtgewonden,3,Fiets,8,Voetganger,Buiten Kruispunt,Gemeenteweg,binnen bebouwde kom,Met een voetganger,Geen hindernis
34435,151,Leuven,District Leuven,50.8690262,4.6854839,1.797516107214704,50.88469453998685,4.691788373885393,2022,9,18,24062,Leuven,Normaal,Droog,Dag,met lichtgewonden,3,Fiets,8,Voetganger,Buiten Kruispunt,Gemeenteweg,binnen bebouwde kom,Met een voetganger,Geen hindernis
34435,69,Leuven teller 1,Leuven,50.87549,4.71526,1.9388752856779707,50.88469453998685,4.691788373885393,2022,9,18,24062,Leuven,Normaal,Droog,Dag,met lichtgewonden,3,Fiets,8,Voetganger,Buiten Kruispunt,Gemeenteweg,binnen bebouwde kom,Met een voetganger,Geen hindernis
34436,151,Leuven,District Leuven,50.8690262,4.6854839,0.9251956377569199,50.868760113328044,4.698661316363179,2022,9,15,24062,Leuven,Normaal,Droog,Dag,met lichtgewonden,9,personenauto,3,Fiets,Op Kruispunt,Gewestweg,binnen bebouwde kom,Tss. 2 best.: langs opzij (voor-/achterkant-flank),Geen hindernis
34436,69,Leuven teller 1,Leuven,50.87549,4.71526,1.3844091991914576,50.868760113328044,4.698661316363179,2022,9,15,24062,Leuven,Normaal,Droog,Dag,met lichtgewonden,9,personenauto,3,Fiets,Op Kruispunt,Gewestweg,binnen bebouwde kom,Tss. 2 best.: langs opzij (voor-/achterkant-flank),Geen hindernis
34436,77,Leuven teller 2,Leuven,50.88672,4.70796,2.100914022941163,50.868760113328044,4.698661316363179,2022,9,15,24062,Leuven,Normaal,Droog,Dag,met lichtgewonden,9,personenauto,3,Fiets,Op Kruispunt,Gewestweg,binnen bebouwde kom,Tss. 2 best.: langs opzij (voor-/achterkant-flank),Geen hindernis
34436,107,leuven totem,Leuven,50.8870744,4.7087919,2.1569310706749163,50.868760113328044,4.698661316363179,2022,9,15,24062,Leuven,Normaal,Droog,Dag,met lichtgewonden,9,personenauto,3,Fiets,Op Kruispunt,Gewestweg,binnen bebouwde kom,Tss. 2 best.: langs opzij (voor-/achterkant-flank),Geen hindernis
34436,108,Heverlee teller 1,Leuven,50.8471728,4.6954674,2.410845849498593,50.868760113328044,4.698661316363179,2022,9,15,24062,Leuven,Normaal,Droog,Dag,met lichtgewonden,9,personenauto,3,Fiets,Op Kruispunt,Gewestweg,binnen bebouwde kom,Tss. 2 best.: langs opzij (voor-/achterkant-flank),Geen hindernis
34438,151,Leuven,District Leuven,50.8690262,4.6854839,0.48674300276404775,50.87206948426142,4.690469703057868,2022,9,11,24062,Leuven,Regenval,"Nat, plassen",Dag,met lichtgewonden,4,Vrachtwagen,3,Fiets,Op Kruispunt,Gewestweg,binnen bebouwde kom,Tussen 2 bestuurders: Flank tegen flank,Geen hindernis
34438,69,Leuven teller 1,Leuven,50.87549,4.71526,1.7805680560875272,50.87206948426142,4.690469703057868,2022,9,11,24062,Leuven,Regenval,"Nat, plassen",Dag,met lichtgewonden,4,Vrachtwagen,3,Fiets,Op Kruispunt,Gewestweg,binnen bebouwde kom,Tussen 2 bestuurders: Flank tegen flank,Geen hindernis
34438,77,Leuven teller 2,Leuven,50.88672,4.70796,2.039515644236672,50.87206948426142,4.690469703057868,2022,9,11,24062,Leuven,Regenval,"Nat, plassen",Dag,met lichtgewonden,4,Vrachtwagen,3,Fiets,Op Kruispunt,Gewestweg,binnen bebouwde kom,Tussen 2 bestuurders: Flank tegen flank,Geen hindernis
34438,107,leuven totem,Leuven,50.8870744,4.7087919,2.106230199048142,50.87206948426142,4.690469703057868,2022,9,11,24062,Leuven,Regenval,"Nat, plassen",Dag,met lichtgewonden,4,Vrachtwagen,3,Fiets,Op Kruispunt,Gewestweg,binnen bebouwde kom,Tussen 2 bestuurders: Flank tegen flank,Geen hindernis
34442,69,Leuven teller 1,Leuven,50.87549,4.71526,2.4764612355599236,50.864622516795166,4.7460641618612245,2022,9,21,24062,Leuven,Normaal,Droog,"Nacht, openbare verlichting aanwezig en ontstoken",met zwaargewonden,3,Fiets,3,Fiets,Op Kruispunt,Gemeenteweg,binnen bebouwde kom,Tss. 2 best.: langs opzij (voor-/achterkant-flank),Geen hindernis
34443,72,Herent teller 1,Herent,50.89135,4.64689,1.7907335713309793,50.89932961628146,4.669068014190866,2022,9,19,24038,Herent,Normaal,Droog,Dag,met lichtgewonden,9,personenauto,3,Fiets,Buiten Kruispunt,Gemeenteweg,binnen bebouwde kom,Tussen 2 bestuurders: Flank tegen flank,Geen hindernis
34443,73,Herent teller 2,Herent,50.89128,4.64685,1.7970361465783449,50.89932961628146,4.669068014190866,2022,9,19,24038,Herent,Normaal,Droog,Dag,met lichtgewonden,9,personenauto,3,Fiets,Buiten Kruispunt,Gemeenteweg,binnen bebouwde kom,Tussen 2 bestuurders: Flank tegen flank,Geen hindernis
34444,72,Herent teller 1,Herent,50.89135,4.64689,2.2615424536619297,50.90632861495334,4.668705000163703,2022,9,19,24038,Herent,Regenval,"Nat, plassen",Dageraad - schemering,met lichtgewonden,3,Fiets,9,personenauto,Op Kruispunt,Gemeenteweg,binnen bebouwde kom,Tussen 2 bestuurders: Frontale botsing,Geen hindernis
34444,73,Herent teller 2,Herent,50.89128,4.64685,2.2691755087575505,50.90632861495334,4.668705000163703,2022,9,19,24038,Herent,Regenval,"Nat, plassen",Dageraad - schemering,met lichtgewonden,3,Fiets,9,personenauto,Op Kruispunt,Gemeenteweg,binnen bebouwde kom,Tussen 2 bestuurders: Frontale botsing,Geen hindernis
34446,87,Aarschot,Aarschot,50.99084,4.81259,1.5269687445329712,50.99958552162012,4.829411848629599,2022,9,16,24001,Aarschot,Normaal,"Nat, plassen",Dag,met zwaargewonden,3,Fiets,8,Voetganger,Buiten Kruispunt,Gewestweg,buiten bebouwde kom,Met een voetganger,Geen vermelding van de aanwezigheid van een hindernis
34447,70,Kampenhout teller 1,Kampenhout,50.95682,4.59318,1.0899616077731409,50.96297540127766,4.605291479609575,2022,9,16,24014,Boortmeerbeek,Normaal,Onbekend,Dag,met lichtgewonden,9,personenauto,3,Fiets,Op Kruispunt,Gewestweg,binnen bebouwde kom,Tussen 2 bestuurders: Frontale botsing,Geen hindernis
34447,71,Kampenhout teller 2,Kampenhout,50.95589,4.59164,1.2389127599332939,50.96297540127766,4.605291479609575,2022,9,16,24014,Boortmeerbeek,Normaal,Onbekend,Dag,met lichtgewonden,9,personenauto,3,Fiets,Op Kruispunt,Gewestweg,binnen bebouwde kom,Tussen 2 bestuurders: Frontale botsing,Geen hindernis
34451,101,Diest teller 1,Diest,50.97799,5.04481,0.4920743010989268,50.97968911123855,5.051299987305658,2022,9,21,24020,Diest,Normaal,Droog,"Nacht, openbare verlichting aanwezig en ontstoken",met lichtgewonden,9,personenauto,3,Fiets,Buiten Kruispunt,Gewestweg,binnen bebouwde kom,Tss. 2 best.: langs opzij (voor-/achterkant-flank),Geen hindernis