crash_row_id,site_id,site_name,site_gemeente,site_lat,site_long,distance_km,crash_lat,crash_long,DT_YEAR_COLLISION,DT_MONTH_COLLISION,DT_TIME,CD_NIS,TX_MUNTY_COLLISION_NL,TX_WEATHER_NL,TX_ROAD_CONDITION_NL,TX_LIGHT_CONDITION_NL,TX_CLASS_ACCIDENTS_NL,CD_ROAD_USR_TYPE1,TX_ROAD_USR_TYPE1_NL,CD_ROAD_USR_TYPE2,TX_ROAD_USR_TYPE2_NL,TX_CROSSWAY_NL,CD_ROAD_TYPE_NL,TX_BUILD_UP_AREA_NL,TX_COLLISION_TYPE_NL,TX_OBSTACLES_NL
34451,102,Diest teller 2,Diest,50.9779,5.04474,0.5004962435201947,50.97968911123855,5.051299987305658,2022,9,21,24020,Diest,Normaal,Droog,"Nacht, openbare verlichting aanwezig en ontstoken",met lichtgewonden,9,personenauto,3,Fiets,Buiten Kruispunt,Gewestweg,binnen bebouwde kom,Tss. 2 best.: langs opzij (voor-/achterkant-flank),Geen hindernis
34453,101,Diest teller 1,Diest,50.97799,5.04481,1.7220950700050965,50.973631100064914,5.06841223085904,2022,9,14,24020,Diest,Normaal,Droog,Dag,met lichtgewonden,9,personenauto,3,Fiets,Buiten Kruispunt,Gewestweg,binnen bebouwde kom,Tss. 2 best.: langs opzij (voor-/achterkant-flank),Geen hindernis
34453,102,Diest teller 2,Diest,50.9779,5.04474,1.724017788384751,50.973631100064914,5.06841223085904,2022,9,14,24020,Diest,Normaal,Droog,Dag,met lichtgewonden,9,personenauto,3,Fiets,Buiten Kruispunt,Gewestweg,binnen bebouwde kom,Tss. 2 best.: langs opzij (voor-/achterkant-flank),Geen hindernis
34454,101,Diest teller 1,Diest,50.97799,5.04481,1.6182796437605491,50.9902879558926,5.057172131967879,2022,9,15,24020,Diest,Normaal,Droog,Dag,met lichtgewonden,6,Bromfiets,3,Fiets,Buiten Kruispunt,Gemeenteweg,binnen bebouwde kom,Tss. 2 best.: langs opzij (voor-/achterkant-flank),Geen hindernis
34454,102,Diest teller 2,Diest,50.9779,5.04474,1.6293573499651852,50.9902879558926,5.057172131967879,2022,9,15,24020,Diest,Normaal,Droog,Dag,met lichtgewonden,6,Bromfiets,3,Fiets,Buiten Kruispunt,Gemeenteweg,binnen bebouwde kom,Tss. 2 best.: langs opzij (voor-/achterkant-flank),Geen hindernis
34458,87,Aarschot,Aarschot,50.99084,4.81259,1.963435769592105,50.98684923480465,4.785264357567588,2022,8,19,24007,Begijnendijk,Onbekend,Onbekend,Dageraad - schemering,met lichtgewonden,3,Fiets,3,Fiets,Buiten Kruispunt,Gemeenteweg,binnen bebouwde kom,Tss. 2 best.: langs opzij (voor-/achterkant-flank),Geen hindernis
34459,111,Zaventem totem,Zaventem,50.8871216,4.4597084,1.003650425912195,50.89231692946419,4.471409015419447,2022,9,19,23094,Zaventem,Normaal,Droog,Dag,met lichtgewonden,9,personenauto,3,Fiets,Op Kruispunt,Gewestweg,binnen bebouwde kom,Tss. 2 best.: langs opzij (voor-/achterkant-flank),Geen hindernis
34461,148,Hoeilaart,District Leuven,50.76699493,4.44471001,2.04640130175425,50.758307988642166,4.470359996645676,2022,9,5,23033,Hoeilaart,Regenval,"Nat, plassen","Nacht, openbare verlichting aanwezig en ontstoken",Met doden,3,Fiets,11,een weggebruiker tegen een hindernis,Buiten Kruispunt,Gemeenteweg,buiten bebouwde kom,Weggebruiker tegen hindernis buiten rijbaan,Buiten de rijbaan: Boom
34462,147,Overijse,District Vilvoorde-gewestwegen,50.7797555,4.4975769,1.6399118048588552,50.77855432268669,4.520823497806553,2022,9,7,23062,Overijse,Normaal,Droog,Dag,met lichtgewonden,9,personenauto,3,Fiets,Op Kruispunt,Gewestweg,binnen bebouwde kom,Tussen 2 bestuurders: Flank tegen flank,Geen hindernis
34462,145,Overijse,District Vilvoorde-gewestwegen,50.7885856,4.4908759,2.382631304760091,50.77855432268669,4.520823497806553,2022,9,7,23062,Overijse,Normaal,Droog,Dag,met lichtgewonden,9,personenauto,3,Fiets,Op Kruispunt,Gewestweg,binnen bebouwde kom,Tussen 2 bestuurders: Flank tegen flank,Geen hindernis
34462,146,Overijse 2,District Vilvoorde-gewestwegen,50.7881478,4.4902818,2.3975743466206967,50.77855432268669,4.520823497806553,2022,9,7,23062,Overijse,Normaal,Droog,Dag,met lichtgewonden,9,personenauto,3,Fiets,Op Kruispunt,Gewestweg,binnen bebouwde kom,Tussen 2 bestuurders: Flank tegen flank,Geen hindernis
34463,145,Overijse,District Vilvoorde-gewestwegen,50.7885856,4.4908759,0.773386604109355,50.793108811542865,4.482517888988777,2022,9,9,23062,Overijse,Normaal,Droog,Dag,met lichtgewonden,9,personenauto,3,Fiets,Buiten Kruispunt,Gewestweg,binnen bebouwde kom,Tussen 2 bestuurders: Langs achteren,Geen hindernis
34463,146,Overijse 2,District Vilvoorde-gewestwegen,50.7881478,4.4902818,0.7759791310351201,50.793108811542865,4.482517888988777,2022,9,9,23062,Overijse,Normaal,Droog,Dag,met lichtgewonden,9,personenauto,3,Fiets,Buiten Kruispunt,Gewestweg,binnen bebouwde kom,Tussen 2 bestuurders: Langs achteren,Geen hindernis
34463,147,Overijse,District Vilvoorde-gewestwegen,50.7797555,4.4975769,1.823565730174805,50.793108811542865,4.482517888988777,2022,9,9,23062,Overijse,Normaal,Droog,Dag,met lichtgewonden,9,personenauto,3,Fiets,Buiten Kruispunt,Gewestweg,binnen bebouwde kom,Tussen 2 bestuurders: Langs achteren,Geen hindernis
34471,80,Wemmel teller 1,Wemmel,50.91418,4.29571,1.4123103014518676,50.90327503353198,4.306036922050676,2022,9,13,23102,Wemmel,Normaal,Droog,Dag,met zwaargewonden,3,Fiets,8,Voetganger,Buiten Kruispunt,Gewestweg,binnen bebouwde kom,Met een voetganger,Geen vermelding van de aanwezigheid van een hindernis
34471,81,Wemmel teller 2,Wemmel,50.91439,4.29568,1.4334724939392405,50.90327503353198,4.306036922050676,2022,9,13,23102,Wemmel,Normaal,Droog,Dag,met zwaargewonden,3,Fiets,8,Voetganger,Buiten Kruispunt,Gewestweg,binnen bebouwde kom,Met een voetganger,Geen vermelding van de aanwezigheid van een hindernis
34472,27,Grimbergen,Meise,50.92127,4.34013,1.1956582037009273,50.91736695687399,4.324236569689341,2022,9,15,23102,Wemmel,Normaal,Droog,Dag,dodelijk gewonden,3,Fiets,8,Voetganger,Buiten Kruispunt,Gemeenteweg,binnen bebouwde kom,Met een voetganger,Geen hindernis
34472,81,Wemmel teller 2,Wemmel,50.91439,4.29568,2.0291136966356405,50.91736695687399,4.324236569689341,2022,9,15,23102,Wemmel,Normaal,Droog,Dag,dodelijk gewonden,3,Fiets,8,Voetganger,Buiten Kruispunt,Gemeenteweg,binnen bebouwde kom,Met een voetganger,Geen hindernis
34472,80,Wemmel teller 1,Wemmel,50.91418,4.29571,2.0309871723807653,50.91736695687399,4.324236569689341,2022,9,15,23102,Wemmel,Normaal,Droog,Dag,dodelijk gewonden,3,Fiets,8,Voetganger,Buiten Kruispunt,Gemeenteweg,binnen bebouwde kom,Met een voetganger,Geen hindernis
34475,80,Wemmel teller 1,Wemmel,50.91418,4.29571,1.5536054766960719,50.90258864214476,4.283338594208268,2022,9,19,23002,Asse,Onbekend,Onbekend,Onbekend,met lichtgewonden,9,personenauto,3,Fiets,Op Kruispunt,Gemeenteweg,binnen bebouwde kom,Tss. 2 best.: langs opzij (voor-/achterkant-flank),Geen hindernis
34475,81,Wemmel teller 2,Wemmel,50.91439,4.29568,1.5718718618114944,50.90258864214476,4.283338594208268,2022,9,19,23002,Asse,Onbekend,Onbekend,Onbekend,met lichtgewonden,9,personenauto,3,Fiets,Op Kruispunt,Gemeenteweg,binnen bebouwde kom,Tss. 2 best.: langs opzij (voor-/achterkant-flank),Geen hindernis
34479,27,Grimbergen,Meise,50.92127,4.34013,2.4024485630016192,50.93745926904215,4.3628309094484505,2022,9,18,23025,Grimbergen,Normaal,Droog,Dageraad - schemering,met lichtgewonden,1,Autobus,3,Fiets,Buiten Kruispunt,Gemeenteweg,binnen bebouwde kom,Tussen 2 bestuurders: Flank tegen flank,Geen hindernis
34481,27,Grimbergen,Meise,50.92127,4.34013,2.145998476530085,50.92227662883038,4.370703831757993,2022,9,8,23025,Grimbergen,Normaal,"Nat, plassen",Dag,met lichtgewonden,3,Fiets,9,personenauto,Op Kruispunt,Gemeenteweg,binnen bebouwde kom,Tss. 2 best.: langs opzij (voor-/achterkant-flank),Geen hindernis
34484,27,Grimbergen,Meise,50.92127,4.34013,1.9361385517069571,50.90527722199211,4.351051066318663,2022,9,20,23025,Grimbergen,Normaal,Droog,"Nacht, openbare verlichting aanwezig en ontstoken",met lichtgewonden,3,Fiets,8,Voetganger,Op Kruispunt,Gemeenteweg,binnen bebouwde kom,Met een voetganger,Geen vermelding van de aanwezigheid van een hindernis
34485,47,Vilvoorde,Vilvoorde,50.91372,4.41497,2.0712797520329036,50.93045498481742,4.427947377318325,2022,9,11,23088,Vilvoorde,Normaal,Droog,Dag,met lichtgewonden,3,Fiets,9,personenauto,Op Kruispunt,Gewestweg,binnen bebouwde kom,Tss. 2 best.: langs opzij (voor-/achterkant-flank),Geen hindernis
34486,1,Machelen,Machelen,50.91618331151478,4.456121776137429,2.2461525632018917,50.93245818647684,4.43713930620408,2022,9,13,23088,Vilvoorde,Normaal,Droog,Dag,met lichtgewonden,3,Fiets,3,Fiets,Buiten Kruispunt,Gemeenteweg,binnen bebouwde kom,Tss. 2 best.: langs opzij (voor-/achterkant-flank),Geen hindernis
34487,47,Vilvoorde,Vilvoorde,50.91372,4.41497,1.585084335996981,50.907558448966086,4.43535690544582,2022,9,7,23047,Machelen,Normaal,Droog,Dag,met lichtgewonden,99,onbekend,3,Fiets,Op Kruispunt,Gemeenteweg,binnen bebouwde kom,Tussen 2 bestuurders: Frontale botsing,Geen hindernis
34487,1,Machelen,Machelen,50.91618331151478,4.456121776137429,1.7433274033963482,50.907558448966086,4.43535690544582,2022,9,7,23047,Machelen,Normaal,Droog,Dag,met lichtgewonden,99,onbekend,3,Fiets,Op Kruispunt,Gemeenteweg,binnen bebouwde kom,Tussen 2 bestuurders: Frontale botsing,Geen hindernis
34488,47,Vilvoorde,Vilvoorde,50.91372,4.41497,1.0830583680801218,50.92323179592993,4.418296095848689,2022,9,17,23088,Vilvoorde,Regenval,"Nat, plassen",Dag,met lichtgewonden,4,Vrachtwagen,3,Fiets,Buiten Kruispunt,Gewestweg,binnen bebouwde kom,Tussen 2 bestuurders: Flank tegen flank,Geen hindernis
34489,47,Vilvoorde,Vilvoorde,50.91372,4.41497,1.6075917829600992,50.92786665942639,4.419699497061041,2022,9,16,23088,Vilvoorde,Onbekend,Onbekend,Dag,met lichtgewonden,3,Fiets,9,personenauto,Op Kruispunt,Gemeenteweg,binnen bebouwde kom,Tss. 2 best.: langs opzij (voor-/achterkant-flank),Geen hindernis
34490,149,Machelen,,50.88297881,4.43356644,1.359653055311721,50.89514812414929,4.43167522334338,2022,9,17,23047,Machelen,Normaal,Droog,Dag,met lichtgewonden,3,Fiets,9,personenauto,Op Kruispunt,Gewestweg,binnen bebouwde kom,Tss. 2 best.: langs opzij (voor-/achterkant-flank),Geen hindernis
34490,111,Zaventem totem,Zaventem,50.8871216,4.4597084,2.1593616048108806,50.89514812414929,4.43167522334338,2022,9,17,23047,Machelen,Normaal,Droog,Dag,met lichtgewonden,3,Fiets,9,personenauto,Op Kruispunt,Gewestweg,binnen bebouwde kom,Tss. 2 best.: langs opzij (voor-/achterkant-flank),Geen hindernis
34490,47,Vilvoorde,Vilvoorde,50.91372,4.41497,2.374192342833331,50.89514812414929,4.43167522334338,2022,9,17,23047,Machelen,Normaal,Droog,Dag,met lichtgewonden,3,Fiets,9,personenauto,Op Kruispunt,Gewestweg,binnen bebouwde kom,Tss. 2 best.: langs opzij (voor-/achterkant-flank),Geen hindernis
34498,118,Gent teller 1,Gent,51.028049,3.7681359,2.400987322869396,51.01787116459134,3.7378606171015734,2022,9,7,44021,Gent,Normaal,Droog,Dag,met lichtgewonden,9,personenauto,3,Fiets,Buiten Kruispunt,Gemeenteweg,binnen bebouwde kom,Tss. 2 best.: langs opzij (voor-/achterkant-flank),Geen hindernis
34498,119,Gent teller 2,Gent,51.0281795,3.7683918,2.42361371471702,51.01787116459134,3.7378606171015734,2022,9,7,44021,Gent,Normaal,Droog,Dag,met lichtgewonden,9,personenauto,3,Fiets,Buiten Kruispunt,Gemeenteweg,binnen bebouwde kom,Tss. 2 best.: langs opzij (voor-/achterkant-flank),Geen hindernis
34499,118,Gent teller 1,Gent,51.028049,3.7681359,2.368514753038415,51.04301559908187,3.744033756535508,2022,9,12,44021,Gent,Normaal,Droog,Dag,met lichtgewonden,9,personenauto,3,Fiets,Buiten Kruispunt,Gemeenteweg,binnen bebouwde kom,Tussen 2 bestuurders: Flank tegen flank,Geen hindernis
34499,119,Gent teller 2,Gent,51.0281795,3.7683918,2.371159681853955,51.04301559908187,3.744033756535508,2022,9,12,44021,Gent,Normaal,Droog,Dag,met lichtgewonden,9,personenauto,3,Fiets,Buiten Kruispunt,Gemeenteweg,binnen bebouwde kom,Tussen 2 bestuurders: Flank tegen flank,Geen hindernis
34504,13,Gent,Gent,51.03018,3.70146,2.3040689144221496,51.0462935022542,3.722177902010552,2022,9,2,44021,Gent,Regenval,"Nat, plassen","Nacht, openbare verlichting aanwezig en ontstoken",met zwaargewonden,3,Fiets,10,"één bestuurder, geen hindernis",Op Kruispunt,Gemeenteweg,binnen bebouwde kom,"Eén bestuurder, geen hindernis (incl. val)",Geen hindernis
34505,13,Gent,Gent,51.03018,3.70146,1.5144667018286437,51.01739569771853,3.7089278080795833,2022,9,18,44021,Gent,Regenval,"Nat, plassen","Nacht, openbare verlichting aanwezig en ontstoken",met lichtgewonden,9,personenauto,3,Fiets,Op Kruispunt,Gewestweg,binnen bebouwde kom,Tss. 2 best.: langs opzij (voor-/achterkant-flank),Geen hindernis
34509,118,Gent teller 1,Gent,51.028049,3.7681359,1.6891338026241642,51.03751008469541,3.7492375348614213,2022,9,15,44021,Gent,Normaal,Droog,Dag,met lichtgewonden,9,personenauto,3,Fiets,Op Kruispunt,Gewestweg,binnen bebouwde kom,Tss. 2 best.: langs opzij (voor-/achterkant-flank),Geen hindernis
34509,119,Gent teller 2,Gent,51.0281795,3.7683918,1.6942440689220222,51.03751008469541,3.7492375348614213,2022,9,15,44021,Gent,Normaal,Droog,Dag,met lichtgewonden,9,personenauto,3,Fiets,Op Kruispunt,Gewestweg,binnen bebouwde kom,Tss. 2 best.: langs opzij (voor-/achterkant-flank),Geen hindernis
34510,136,Gent R4,Gent,51.0876313,3.7587918,0.8256943487096698,51.08437704688052,3.7481660716698912,2022,9,5,44021,Gent,Regenval,"Nat, plassen","Nacht, openbare verlichting aanwezig en ontstoken",met lichtgewonden,6,Bromfiets,3,Fiets,Op Kruispunt,Gewestweg,buiten bebouwde kom,Tussen 2 bestuurders: Frontale botsing,Geen hindernis
34514,13,Gent,Gent,51.03018,3.70146,2.280361388835407,51.01049893683079,3.710623270735065,2022,9,20,44021,Gent,Regenval,"Nat, plassen","Nacht, openbare verlichting aanwezig en ontstoken",met lichtgewonden,3,Fiets,10,"één bestuurder, geen hindernis",Buiten Kruispunt,Gemeenteweg,binnen bebouwde kom,"Eén bestuurder, geen hindernis (incl. val)",Geen hindernis
34517,136,Gent R4,Gent,51.0876313,3.7587918,1.261711350446348,51.09889791697754,3.756647215399678,2022,9,15,44021,Gent,Normaal,Droog,Dag,met lichtgewonden,3,Fiets,10,"één bestuurder, geen hindernis",Buiten Kruispunt,Autosnelweg,buiten bebouwde kom,"Eén bestuurder, geen hindernis (incl. val)",Geen hindernis
34519,118,Gent teller 1,Gent,51.028049,3.7681359,1.379524989130096,51.03578819276733,3.752717341450804,2022,9,6,44021,Gent,Onbekend,Proper,Dageraad - schemering,met lichtgewonden,5,Lichte vrachtauto,3,Fiets,Op Kruispunt,Gewestweg,binnen bebouwde kom,Tss. 2 best.: langs opzij (voor-/achterkant-flank),Geen hindernis
34519,119,Gent teller 2,Gent,51.0281795,3.7683918,1.3846408315801955,51.03578819276733,3.752717341450804,2022,9,6,44021,Gent,Onbekend,Proper,Dageraad - schemering,met lichtgewonden,5,Lichte vrachtauto,3,Fiets,Op Kruispunt,Gewestweg,binnen bebouwde kom,Tss. 2 best.: langs opzij (voor-/achterkant-flank),Geen hindernis
34526,13,Gent,Gent,51.03018,3.70146,0.7888162943790369,51.02310150096132,3.70220510113663,2022,9,7,44021,Gent,Normaal,Droog,Dag,met zwaargewonden,3,Fiets,3,Fiets,Buiten Kruispunt,Gemeenteweg,buiten bebouwde kom,Tussen 2 bestuurders: Frontale botsing,Geen hindernis
34527,119,Gent teller 2,Gent,51.0281795,3.7683918,2.137413340622105,51.047361041254064,3.766404092205243,2022,9,13,44021,Gent,Regenval,"Nat, plassen",Dag,met lichtgewonden,9,personenauto,3,Fiets,Op Kruispunt,Gemeenteweg,binnen bebouwde kom,Tss. 2 best.: langs opzij (voor-/achterkant-flank),Geen hindernis
34527,118,Gent teller 1,Gent,51.028049,3.7681359,2.15081230031973,51.047361041254064,3.766404092205243,2022,9,13,44021,Gent,Regenval,"Nat, plassen",Dag,met lichtgewonden,9,personenauto,3,Fiets,Op Kruispunt,Gemeenteweg,binnen bebouwde kom,Tss. 2 best.: langs opzij (voor-/achterkant-flank),Geen hindernis
34528,118,Gent teller 1,Gent,51.028049,3.7681359,1.2665608930703791,51.02233075794005,3.7524738408233547,2022,9,21,44021,Gent,Normaal,Droog,"Nacht, openbare verlichting aanwezig en ontstoken",met lichtgewonden,3,Fiets,10,"één bestuurder, geen hindernis",Buiten Kruispunt,Gewestweg,buiten bebouwde kom,"Eén bestuurder, geen hindernis (incl. val)",Geen hindernis
34528,119,Gent teller 2,Gent,51.0281795,3.7683918,1.289327968996839,51.02233075794005,3.7524738408233547,2022,9,21,44021,Gent,Normaal,Droog,"Nacht, openbare verlichting aanwezig en ontstoken",met lichtgewonden,3,Fiets,10,"één bestuurder, geen hindernis",Buiten Kruispunt,Gewestweg,buiten bebouwde kom,"Eén bestuurder, geen hindernis (incl. val)",Geen hindernis
34530,118,Gent teller 1,Gent,51.028049,3.7681359,2.117260484943674,51.037416445875394,3.7417755623336113,2022,9,12,44021,Gent,Normaal,Droog,Dag,met lichtgewonden,3,Fiets,9,personenauto,Buiten Kruispunt,Gemeenteweg,binnen bebouwde kom,Tussen 2 bestuurders: Flank tegen flank,Geen hindernis
34530,119,Gent teller 2,Gent,51.0281795,3.7683918,2.1258067237414906,51.037416445875394,3.7417755623336113,2022,9,12,44021,Gent,Normaal,Droog,Dag,met lichtgewonden,3,Fiets,9,personenauto,Buiten Kruispunt,Gemeenteweg,binnen bebouwde kom,Tussen 2 bestuurders: Flank tegen flank,Geen hindernis
34533,13,Gent,Gent,51.03018,3.70146,1.3020796471449572,51.033555384559214,3.7192896545094714,2022,9,14,44021,Gent,Normaal,Droog,Dag,met lichtgewonden,9,personenauto,3,Fiets,Buiten Kruispunt,Gemeenteweg,binnen bebouwde kom,Tussen 2 bestuurders: Langs achteren,Geen hindernis
34535,13,Gent,Gent,51.03018,3.70146,2.0876189928383475,51.0413613911272,3.725443408404074,2022,9,7,44021,Gent,Normaal,"Vuil (zand, grint, bladeren,...)",Dageraad - schemering,met lichtgewonden,3,Fiets,11,een weggebruiker tegen een hindernis,Op Kruispunt,Gemeenteweg,binnen bebouwde kom,Weggebruiker tegen hindernis op de rijbaan,Op de rijbaan: Lading
34537,118,Gent teller 1,Gent,51.028049,3.7681359,1.7167664561841611,51.03618769553615,3.7472737060422134,2022,9,16,44021,Gent,Normaal,Droog,Dag,met lichtgewonden,9,personenauto,3,Fiets,Buiten Kruispunt,Gemeenteweg,binnen bebouwde kom,Tss. 2 best.: langs opzij (voor-/achterkant-flank),Geen hindernis
34537,119,Gent teller 2,Gent,51.0281795,3.7683918,1.7244592405659638,51.03618769553615,3.7472737060422134,2022,9,16,44021,Gent,Normaal,Droog,Dag,met lichtgewonden,9,personenauto,3,Fiets,Buiten Kruispunt,Gemeenteweg,binnen bebouwde kom,Tss. 2 best.: langs opzij (voor-/achterkant-flank),Geen hindernis
34538,119,Gent teller 2,Gent,51.0281795,3.7683918,2.166813173532403,51.04410035484698,3.7505232016548233,2022,9,17,44021,Gent,Normaal,Droog,Dag,met lichtgewonden,9,personenauto,3,Fiets,Op Kruispunt,Gemeenteweg,binnen bebouwde kom,Tss. 2 best.: langs opzij (voor-/achterkant-flank),Geen hindernis
34538,118,Gent teller 1,Gent,51.028049,3.7681359,2.16847410912696,51.04410035484698,3.7505232016548233,2022,9,17,44021,Gent,Normaal,Droog,Dag,met lichtgewonden,9,personenauto,3,Fiets,Op Kruispunt,Gemeenteweg,binnen bebouwde kom,Tss. 2 best.: langs opzij (voor-/achterkant-flank),Geen hindernis
34541,13,Gent,Gent,51.03018,3.70146,2.151939843848254,51.04272813757237,3.7248902534163957,2022,9,12,44021,Gent,Onbekend,Droog,Dag,met lichtgewonden,3,Fiets,10,"één bestuurder, geen hindernis",Op Kruispunt,Gemeenteweg,binnen bebouwde kom,"Eén bestuurder, geen hindernis (incl. val)",Geen hindernis
34542,136,Gent R4,Gent,51.0876313,3.7587918,2.3078133800236498,51.08208682803884,3.790630975485574,2022,9,22,44021,Gent,Normaal,"Nat, plassen","Nacht, openbare verlichting aanwezig en ontstoken",met lichtgewonden,3,Fiets,11,een weggebruiker tegen een hindernis,Op Kruispunt,Gewestweg,buiten bebouwde kom,Weggebruiker tegen hindernis op de rijbaan,"Op de rijbaan: Werken (signal., aarde, toestel,…)"
34543,136,Gent R4,Gent,51.0876313,3.7587918,1.8719276866051728,51.07463151970391,3.7417653968862292,2022,9,10,44021,Gent,Normaal,Droog,Dag,met lichtgewonden,3,Fiets,5,Lichte vrachtauto,Op Kruispunt,Gewestweg,buiten bebouwde kom,Tss. 2 best.: langs opzij (voor-/achterkant-flank),Geen hindernis
34545,13,Gent,Gent,51.03018,3.70146,1.7914831081325353,51.041752942169936,3.7192848095077045,2022,9,7,44021,Gent,Normaal,Droog,Dag,met lichtgewonden,3,Fiets,3,Fiets,Buiten Kruispunt,Gewestweg,binnen bebouwde kom,Tussen 2 bestuurders: Langs achteren,Geen hindernis
34547,13,Gent,Gent,51.03018,3.70146,1.0741169843504124,51.03762730660758,3.7112429820493396,2022,9,8,44021,Gent,Normaal,Droog,Dageraad - schemering,met lichtgewonden,8,Voetganger,3,Fiets,Buiten Kruispunt,Gewestweg,binnen bebouwde kom,Met een voetganger,Geen hindernis
34551,13,Gent,Gent,51.03018,3.70146,1.968857253936708,51.012572527663345,3.704430769354362,2022,9,7,44021,Gent,Normaal,"Nat, plassen",Dag,met zwaargewonden,3,Fiets,10,"één bestuurder, geen hindernis",Buiten Kruispunt,Gewestweg,buiten bebouwde kom,"Eén bestuurder, geen hindernis (incl. val)",Geen hindernis
34552,13,Gent,Gent,51.03018,3.70146,1.1948308190617647,51.03433331044968,3.717218499060261,2022,9,17,44021,Gent,Normaal,Droog,Dag,met lichtgewonden,3,Fiets,6,Bromfiets,Op Kruispunt,Gemeenteweg,binnen bebouwde kom,Tss. 2 best.: langs opzij (voor-/achterkant-flank),Geen hindernis
34556,136,Gent R4,Gent,51.0876313,3.7587918,2.4213319736343624,51.08227953973163,3.7251898158711283,2022,9,17,44021,Gent,Regenval,"Nat, plassen",Dageraad - schemering,met lichtgewonden,9,personenauto,3,Fiets,Op Kruispunt,Gewestweg,binnen bebouwde kom,Tss. 2 best.: langs opzij (voor-/achterkant-flank),Geen hindernis
34569,119,Gent teller 2,Gent,51.0281795,3.7683918,1.2732946776990877,51.01922894600604,3.7797469249306523,2022,9,17,44040,Melle,Normaal,"Nat, plassen",Dag,met lichtgewonden,3,Fiets,3,Fiets,Buiten Kruispunt,Gewestweg,buiten bebouwde kom,Tussen 2 bestuurders: Flank tegen flank,Geen hindernis
34569,118,Gent teller 1,Gent,51.028049,3.7681359,1.2733251398611367,51.01922894600604,3.7797469249306523,2022,9,17,44040,Melle,Normaal,"Nat, plassen",Dag,met lichtgewonden,3,Fiets,3,Fiets,Buiten Kruispunt,Gewestweg,buiten bebouwde kom,Tussen 2 bestuurders: Flank tegen flank,Geen hindernis
34571,118,Gent teller 1,Gent,51.028049,3.7681359,0.62744735947338,51.022561023090745,3.7702228047994764,2022,9,16,44040,Melle,Normaal,Droog,Dag,met lichtgewonden,8,Voetganger,3,Fiets,Buiten Kruispunt,Gemeenteweg,binnen bebouwde kom,Met een voetganger,Geen hindernis
34571,119,Gent teller 2,Gent,51.0281795,3.7683918,0.6377356220628217,51.022561023090745,3.7702228047994764,2022,9,16,44040,Melle,Normaal,Droog,Dag,met lichtgewonden,8,Voetganger,3,Fiets,Buiten Kruispunt,Gemeenteweg,binnen bebouwde kom,Met een voetganger,Geen hindernis
34572,116,Melle teller 2,Melle,50.9986113,3.8040599,2.1833402476233594,50.979233710903,3.8090966810158857,2022,9,8,44040,Melle,Normaal,Droog,Dag,met lichtgewonden,3,Fiets,10,"één bestuurder, geen hindernis",Buiten Kruispunt,Gemeenteweg,binnen bebouwde kom,"Eén bestuurder, geen hindernis (incl. val)",Geen hindernis
34572,117,Melle teller 1,Melle,50.9986113,3.8040599,2.1833402476233594,50.979233710903,3.8090966810158857,2022,9,8,44040,Melle,Normaal,Droog,Dag,met lichtgewonden,3,Fiets,10,"één bestuurder, geen hindernis",Buiten Kruispunt,Gemeenteweg,binnen bebouwde kom,"Eén bestuurder, geen hindernis (incl. val)",Geen hindernis
34574,116,Melle teller 2,Melle,50.9986113,3.8040599,0.26862817591040333,50.999963550476046,3.807240923780891,2022,9,11,44040,Melle,Normaal,Droog,Dag,met lichtgewonden,9,personenauto,3,Fiets,Buiten Kruispunt,Gewestweg,buiten bebouwde kom,Tss. 2 best.: langs opzij (voor-/achterkant-flank),Geen hindernis
34574,117,Melle teller 1,Melle,50.9986113,3.8040599,0.26862817591040333,50.999963550476046,3.807240923780891,2022,9,11,44040,Melle,Normaal,Droog,Dag,met lichtgewonden,9,personenauto,3,Fiets,Buiten Kruispunt,Gewestweg,buiten bebouwde kom,Tss. 2 best.: langs opzij (voor-/achterkant-flank),Geen hindernis
34575,118,Gent teller 1,Gent,51.028049,3.7681359,1.1428092722802037,51.03573461284784,3.7572859265927,2022,9,7,44021,Gent,Normaal,Droog,Dag,met lichtgewonden,9,personenauto,3,Fiets,Op Kruispunt,Gemeenteweg,binnen bebouwde kom,Tss. 2 best.: langs opzij (voor-/achterkant-flank),Geen hindernis
34575,119,Gent teller 2,Gent,51.0281795,3.7683918,1.1440693626892862,51.03573461284784,3.7572859265927,2022,9,7,44021,Gent,Normaal,Droog,Dag,met lichtgewonden,9,personenauto,3,Fiets,Op Kruispunt,Gemeenteweg,binnen bebouwde kom,Tss. 2 best.: langs opzij (voor-/achterkant-flank),Geen hindernis
34577,116,Melle teller 2,Melle,50.9986113,3.8040599,0.4715584487640868,51.0026752695768,3.802134103548829,2022,9,12,44040,Melle,Normaal,Droog,Dag,met lichtgewonden,9,personenauto,3,Fiets,Buiten Kruispunt,Gewestweg,binnen bebouwde kom,Tss. 2 best.: langs opzij (voor-/achterkant-flank),Geen hindernis
34577,117,Melle teller 1,Melle,50.9986113,3.8040599,0.4715584487640868,51.0026752695768,3.802134103548829,2022,9,12,44040,Melle,Normaal,Droog,Dag,met lichtgewonden,9,personenauto,3,Fiets,Buiten Kruispunt,Gewestweg,binnen bebouwde kom,Tss. 2 best.: langs opzij (voor-/achterkant-flank),Geen hindernis