crash_row_id,site_id,site_name,site_gemeente,site_lat,site_long,distance_km,crash_lat,crash_long,DT_YEAR_COLLISION,DT_MONTH_COLLISION,DT_TIME,CD_NIS,TX_MUNTY_COLLISION_NL,TX_WEATHER_NL,TX_ROAD_CONDITION_NL,TX_LIGHT_CONDITION_NL,TX_CLASS_ACCIDENTS_NL,CD_ROAD_USR_TYPE1,TX_ROAD_USR_TYPE1_NL,CD_ROAD_USR_TYPE2,TX_ROAD_USR_TYPE2_NL,TX_CROSSWAY_NL,CD_ROAD_TYPE_NL,TX_BUILD_UP_AREA_NL,TX_COLLISION_TYPE_NL,TX_OBSTACLES_NL
34579,114,Deinze teller 1,Nazareth,50.9598305,3.555502,1.0400970758464645,50.95407341098091,3.5672057399937738,2022,9,17,44048,Nazareth,Normaal,"Nat, plassen",Dag,met lichtgewonden,3,Fiets,3,Fiets,Buiten Kruispunt,Gewestweg,buiten bebouwde kom,Tussen 2 bestuurders: Frontale botsing,Geen hindernis
34579,113,Deinze teller 2,Deinze,50.96018,3.55578,1.0495327614536947,50.95407341098091,3.5672057399937738,2022,9,17,44048,Nazareth,Normaal,"Nat, plassen",Dag,met lichtgewonden,3,Fiets,3,Fiets,Buiten Kruispunt,Gewestweg,buiten bebouwde kom,Tussen 2 bestuurders: Frontale botsing,Geen hindernis
34591,115,Aalter,Aalter,51.1058367,3.4350591,1.8984301583530132,51.122032570914804,3.4264542015630624,2022,9,17,44084,Aalter,Regenval,"Nat, plassen",Dageraad - schemering,met lichtgewonden,9,personenauto,3,Fiets,Op Kruispunt,Gemeenteweg,buiten bebouwde kom,Tss. 2 best.: langs opzij (voor-/achterkant-flank),Geen hindernis
34634,141,Test site A support,Lokeren,51.08342085,3.9961071208376326,2.2968184724467,51.103835773325414,4.001115022701055,2022,9,19,46014,Lokeren,Normaal,Proper,Dag,met zwaargewonden,9,personenauto,3,Fiets,Buiten Kruispunt,Gewestweg,binnen bebouwde kom,Tussen 2 bestuurders: Flank tegen flank,Geen hindernis
34634,128,Lokeren teller 1,Lokeren,51.09644,3.97023,2.308058998519878,51.103835773325414,4.001115022701055,2022,9,19,46014,Lokeren,Normaal,Proper,Dag,met zwaargewonden,9,personenauto,3,Fiets,Buiten Kruispunt,Gewestweg,binnen bebouwde kom,Tussen 2 bestuurders: Flank tegen flank,Geen hindernis
34634,129,Lokeren teller 2,Lokeren,51.09612,3.97025,2.319684688253468,51.103835773325414,4.001115022701055,2022,9,19,46014,Lokeren,Normaal,Proper,Dag,met zwaargewonden,9,personenauto,3,Fiets,Buiten Kruispunt,Gewestweg,binnen bebouwde kom,Tussen 2 bestuurders: Flank tegen flank,Geen hindernis
34635,141,Test site A support,Lokeren,51.08342085,3.9961071208376326,1.6547553627536564,51.0945809869182,4.011780137788343,2022,9,7,46014,Lokeren,Normaal,Droog,Dag,met lichtgewonden,3,Fiets,9,personenauto,Op Kruispunt,Gewestweg,buiten bebouwde kom,Tss. 2 best.: langs opzij (voor-/achterkant-flank),Geen hindernis
34636,141,Test site A support,Lokeren,51.08342085,3.9961071208376326,0.41281614864304195,51.081335382037345,3.991217850650432,2022,9,5,46014,Lokeren,Normaal,Droog,"Nacht, openbare verlichting aanwezig en ontstoken",met lichtgewonden,9,personenauto,3,Fiets,Op Kruispunt,Gemeenteweg,buiten bebouwde kom,Tss. 2 best.: langs opzij (voor-/achterkant-flank),Geen hindernis
34636,129,Lokeren teller 2,Lokeren,51.09612,3.97025,2.2016603758118056,51.081335382037345,3.991217850650432,2022,9,5,46014,Lokeren,Normaal,Droog,"Nacht, openbare verlichting aanwezig en ontstoken",met lichtgewonden,9,personenauto,3,Fiets,Op Kruispunt,Gemeenteweg,buiten bebouwde kom,Tss. 2 best.: langs opzij (voor-/achterkant-flank),Geen hindernis
34636,128,Lokeren teller 1,Lokeren,51.09644,3.97023,2.229270275301985,51.081335382037345,3.991217850650432,2022,9,5,46014,Lokeren,Normaal,Droog,"Nacht, openbare verlichting aanwezig en ontstoken",met lichtgewonden,9,personenauto,3,Fiets,Op Kruispunt,Gemeenteweg,buiten bebouwde kom,Tss. 2 best.: langs opzij (voor-/achterkant-flank),Geen hindernis
34637,129,Lokeren teller 2,Lokeren,51.09612,3.97025,0.03133475586871895,51.09599539547663,3.969847534551002,2022,9,15,46014,Lokeren,Normaal,Droog,Dag,met lichtgewonden,6,Bromfiets,3,Fiets,Buiten Kruispunt,Gewestweg,buiten bebouwde kom,Tussen 2 bestuurders: Flank tegen flank,Geen hindernis
34637,128,Lokeren teller 1,Lokeren,51.09644,3.97023,0.05619099540831618,51.09599539547663,3.969847534551002,2022,9,15,46014,Lokeren,Normaal,Droog,Dag,met lichtgewonden,6,Bromfiets,3,Fiets,Buiten Kruispunt,Gewestweg,buiten bebouwde kom,Tussen 2 bestuurders: Flank tegen flank,Geen hindernis
34637,141,Test site A support,Lokeren,51.08342085,3.9961071208376326,2.30622140490631,51.09599539547663,3.969847534551002,2022,9,15,46014,Lokeren,Normaal,Droog,Dag,met lichtgewonden,6,Bromfiets,3,Fiets,Buiten Kruispunt,Gewestweg,buiten bebouwde kom,Tussen 2 bestuurders: Flank tegen flank,Geen hindernis
34638,128,Lokeren teller 1,Lokeren,51.09644,3.97023,1.6134117985070442,51.104019232842916,3.9899333101475642,2022,9,23,46014,Lokeren,Normaal,"Nat, plassen","Nacht, openbare verlichting aanwezig en ontstoken",met lichtgewonden,6,Bromfiets,3,Fiets,Buiten Kruispunt,Gemeenteweg,binnen bebouwde kom,Tss. 2 best.: langs opzij (voor-/achterkant-flank),Geen hindernis
34638,129,Lokeren teller 2,Lokeren,51.09612,3.97025,1.6311075287013925,51.104019232842916,3.9899333101475642,2022,9,23,46014,Lokeren,Normaal,"Nat, plassen","Nacht, openbare verlichting aanwezig en ontstoken",met lichtgewonden,6,Bromfiets,3,Fiets,Buiten Kruispunt,Gemeenteweg,binnen bebouwde kom,Tss. 2 best.: langs opzij (voor-/achterkant-flank),Geen hindernis
34638,141,Test site A support,Lokeren,51.08342085,3.9961071208376326,2.3306626548051916,51.104019232842916,3.9899333101475642,2022,9,23,46014,Lokeren,Normaal,"Nat, plassen","Nacht, openbare verlichting aanwezig en ontstoken",met lichtgewonden,6,Bromfiets,3,Fiets,Buiten Kruispunt,Gemeenteweg,binnen bebouwde kom,Tss. 2 best.: langs opzij (voor-/achterkant-flank),Geen hindernis
34639,129,Lokeren teller 2,Lokeren,51.09612,3.97025,1.460744900377298,51.08569494148824,3.957523501464144,2022,9,8,46014,Lokeren,Regenval,"Nat, plassen",Dag,met lichtgewonden,5,Lichte vrachtauto,3,Fiets,Buiten Kruispunt,Gewestweg,binnen bebouwde kom,Tussen 2 bestuurders: Frontale botsing,Geen hindernis
34639,128,Lokeren teller 1,Lokeren,51.09644,3.97023,1.488304543747466,51.08569494148824,3.957523501464144,2022,9,8,46014,Lokeren,Regenval,"Nat, plassen",Dag,met lichtgewonden,5,Lichte vrachtauto,3,Fiets,Buiten Kruispunt,Gewestweg,binnen bebouwde kom,Tussen 2 bestuurders: Frontale botsing,Geen hindernis
34640,128,Lokeren teller 1,Lokeren,51.09644,3.97023,2.204203279690825,51.10587070624016,3.997996389817789,2022,9,8,46014,Lokeren,Normaal,Droog,Dag,met lichtgewonden,8,Voetganger,3,Fiets,Buiten Kruispunt,Gemeenteweg,buiten bebouwde kom,Met een voetganger,Geen vermelding van de aanwezigheid van een hindernis
34640,129,Lokeren teller 2,Lokeren,51.09612,3.97025,2.220139150410958,51.10587070624016,3.997996389817789,2022,9,8,46014,Lokeren,Normaal,Droog,Dag,met lichtgewonden,8,Voetganger,3,Fiets,Buiten Kruispunt,Gemeenteweg,buiten bebouwde kom,Met een voetganger,Geen vermelding van de aanwezigheid van een hindernis
34640,141,Test site A support,Lokeren,51.08342085,3.9961071208376326,2.4997942512023754,51.10587070624016,3.997996389817789,2022,9,8,46014,Lokeren,Normaal,Droog,Dag,met lichtgewonden,8,Voetganger,3,Fiets,Buiten Kruispunt,Gemeenteweg,buiten bebouwde kom,Met een voetganger,Geen vermelding van de aanwezigheid van een hindernis
34642,126,Hamme totem,Hamme,51.1017709,4.1469307,1.6867571789424125,51.08980987995666,4.132074922496341,2022,9,13,42008,Hamme,Regenval,"Nat, plassen",Dag,met lichtgewonden,3,Fiets,9,personenauto,Op Kruispunt,Gemeenteweg,binnen bebouwde kom,Tss. 2 best.: langs opzij (voor-/achterkant-flank),Geen hindernis
34643,126,Hamme totem,Hamme,51.1017709,4.1469307,0.3570390806656102,51.10290608544423,4.142147424525934,2022,9,18,42008,Hamme,Normaal,"Nat, plassen",Dag,met lichtgewonden,6,Bromfiets,3,Fiets,Buiten Kruispunt,Gewestweg,buiten bebouwde kom,Tussen 2 bestuurders: Frontale botsing,Geen hindernis
34644,126,Hamme totem,Hamme,51.1017709,4.1469307,0.8852831820396494,51.096562143722444,4.15651901236537,2022,9,7,42008,Hamme,Normaal,Droog,Dag,met lichtgewonden,3,Fiets,5,Lichte vrachtauto,Buiten Kruispunt,Gemeenteweg,binnen bebouwde kom,Tussen 2 bestuurders: Flank tegen flank,Geen hindernis
34649,120,Zele teller 1,Zele,51.0607671,4.0547741,1.9124223671767557,51.06917540184671,4.030900114156811,2022,9,15,42028,Zele,Normaal,"Nat, plassen",Dag,met zwaargewonden,5,Lichte vrachtauto,3,Fiets,Op Kruispunt,Gemeenteweg,binnen bebouwde kom,Tss. 2 best.: langs opzij (voor-/achterkant-flank),Geen hindernis
34649,121,Zele teller 2,Zele,51.0604067,4.0556696,1.986613726209088,51.06917540184671,4.030900114156811,2022,9,15,42028,Zele,Normaal,"Nat, plassen",Dag,met zwaargewonden,5,Lichte vrachtauto,3,Fiets,Op Kruispunt,Gemeenteweg,binnen bebouwde kom,Tss. 2 best.: langs opzij (voor-/achterkant-flank),Geen hindernis
34650,141,Test site A support,Lokeren,51.08342085,3.9961071208376326,1.575424844011183,51.06937773679213,3.999096287094364,2022,9,16,42028,Zele,Normaal,Droog,Dag,met zwaargewonden,3,Fiets,11,een weggebruiker tegen een hindernis,Buiten Kruispunt,Gemeenteweg,binnen bebouwde kom,Weggebruiker tegen hindernis buiten rijbaan,Andere hindernis
34653,120,Zele teller 1,Zele,51.0607671,4.0547741,1.7444764018763497,51.06019440047646,4.029828985691914,2022,9,8,42028,Zele,Normaal,Droog,Dag,met lichtgewonden,3,Fiets,10,"één bestuurder, geen hindernis",Buiten Kruispunt,Gemeenteweg,binnen bebouwde kom,"Eén bestuurder, geen hindernis (incl. val)",Geen hindernis
34653,121,Zele teller 2,Zele,51.0604067,4.0556696,1.806057893234066,51.06019440047646,4.029828985691914,2022,9,8,42028,Zele,Normaal,Droog,Dag,met lichtgewonden,3,Fiets,10,"één bestuurder, geen hindernis",Buiten Kruispunt,Gemeenteweg,binnen bebouwde kom,"Eén bestuurder, geen hindernis (incl. val)",Geen hindernis
34654,120,Zele teller 1,Zele,51.0607671,4.0547741,1.7935367816650751,51.07093979298762,4.034855656165801,2022,9,16,42028,Zele,Normaal,Droog,Dag,met lichtgewonden,9,personenauto,3,Fiets,Buiten Kruispunt,Gemeenteweg,binnen bebouwde kom,Tss. 2 best.: langs opzij (voor-/achterkant-flank),Geen hindernis
34654,121,Zele teller 2,Zele,51.0604067,4.0556696,1.8673955655752625,51.07093979298762,4.034855656165801,2022,9,16,42028,Zele,Normaal,Droog,Dag,met lichtgewonden,9,personenauto,3,Fiets,Buiten Kruispunt,Gemeenteweg,binnen bebouwde kom,Tss. 2 best.: langs opzij (voor-/achterkant-flank),Geen hindernis
34659,152,Opwijk,District Vilvoorde-gewestwegen,50.968901168564656,4.149169474840164,1.0847174554599124,50.978075077716554,4.154436954640647,2022,9,8,42011,Lebbeke,Normaal,"Nat, plassen",Dag,met lichtgewonden,3,Fiets,10,"één bestuurder, geen hindernis",Buiten Kruispunt,Gemeenteweg,binnen bebouwde kom,"Eén bestuurder, geen hindernis (incl. val)",Geen hindernis
34660,152,Opwijk,District Vilvoorde-gewestwegen,50.968901168564656,4.149169474840164,2.327894313412377,50.989509242152536,4.143313764166153,2022,9,10,42011,Lebbeke,Normaal,Droog,Dag,met lichtgewonden,9,personenauto,3,Fiets,Buiten Kruispunt,Gemeenteweg,binnen bebouwde kom,Tussen 2 bestuurders: Langs achteren,Geen hindernis
34674,11,Aalst 3,Aalst,50.93385,4.01647,1.4319285202539629,50.92775965889381,4.03447281665704,2022,9,6,41002,Aalst,Normaal,Droog,"Nacht, openbare verlichting aanwezig en ontstoken",met lichtgewonden,9,personenauto,3,Fiets,Op Kruispunt,Gewestweg,binnen bebouwde kom,Tss. 2 best.: langs opzij (voor-/achterkant-flank),Geen hindernis
34674,19,Aalst 1,Aalst,50.93433,4.01471,1.5658828377107208,50.92775965889381,4.03447281665704,2022,9,6,41002,Aalst,Normaal,Droog,"Nacht, openbare verlichting aanwezig en ontstoken",met lichtgewonden,9,personenauto,3,Fiets,Op Kruispunt,Gewestweg,binnen bebouwde kom,Tss. 2 best.: langs opzij (voor-/achterkant-flank),Geen hindernis
34674,10,Aalst 2,Aalst,50.93549,4.01571,1.5709364080264834,50.92775965889381,4.03447281665704,2022,9,6,41002,Aalst,Normaal,Droog,"Nacht, openbare verlichting aanwezig en ontstoken",met lichtgewonden,9,personenauto,3,Fiets,Op Kruispunt,Gewestweg,binnen bebouwde kom,Tss. 2 best.: langs opzij (voor-/achterkant-flank),Geen hindernis
34675,10,Aalst 2,Aalst,50.93549,4.01571,1.2378765858342373,50.93864345728295,4.032652187833439,2022,9,14,41002,Aalst,Regenval,"Nat, plassen",Dag,met lichtgewonden,9,personenauto,3,Fiets,Op Kruispunt,Gemeenteweg,binnen bebouwde kom,Tss. 2 best.: langs opzij (voor-/achterkant-flank),Geen hindernis
34675,11,Aalst 3,Aalst,50.93385,4.01647,1.252963553494181,50.93864345728295,4.032652187833439,2022,9,14,41002,Aalst,Regenval,"Nat, plassen",Dag,met lichtgewonden,9,personenauto,3,Fiets,Op Kruispunt,Gemeenteweg,binnen bebouwde kom,Tss. 2 best.: langs opzij (voor-/achterkant-flank),Geen hindernis
34675,19,Aalst 1,Aalst,50.93433,4.01471,1.3456443222335663,50.93864345728295,4.032652187833439,2022,9,14,41002,Aalst,Regenval,"Nat, plassen",Dag,met lichtgewonden,9,personenauto,3,Fiets,Op Kruispunt,Gemeenteweg,binnen bebouwde kom,Tss. 2 best.: langs opzij (voor-/achterkant-flank),Geen hindernis
34677,10,Aalst 2,Aalst,50.93549,4.01571,2.0592931125134113,50.94591700893726,4.039999508515958,2022,9,8,41002,Aalst,Normaal,Droog,Dag,met lichtgewonden,9,personenauto,3,Fiets,Op Kruispunt,Gemeenteweg,binnen bebouwde kom,Tss. 2 best.: langs opzij (voor-/achterkant-flank),Geen hindernis
34677,11,Aalst 3,Aalst,50.93385,4.01647,2.1256736807781946,50.94591700893726,4.039999508515958,2022,9,8,41002,Aalst,Normaal,Droog,Dag,met lichtgewonden,9,personenauto,3,Fiets,Op Kruispunt,Gemeenteweg,binnen bebouwde kom,Tss. 2 best.: langs opzij (voor-/achterkant-flank),Geen hindernis
34677,19,Aalst 1,Aalst,50.93433,4.01471,2.1908684598016026,50.94591700893726,4.039999508515958,2022,9,8,41002,Aalst,Normaal,Droog,Dag,met lichtgewonden,9,personenauto,3,Fiets,Op Kruispunt,Gemeenteweg,binnen bebouwde kom,Tss. 2 best.: langs opzij (voor-/achterkant-flank),Geen hindernis
34679,11,Aalst 3,Aalst,50.93385,4.01647,1.1173575607891,50.93287818318289,4.032339814457947,2022,9,16,41002,Aalst,Normaal,Droog,Dag,met zwaargewonden,9,personenauto,3,Fiets,Op Kruispunt,Gemeenteweg,binnen bebouwde kom,Tss. 2 best.: langs opzij (voor-/achterkant-flank),Geen hindernis
34679,10,Aalst 2,Aalst,50.93549,4.01571,1.2010014430841338,50.93287818318289,4.032339814457947,2022,9,16,41002,Aalst,Normaal,Droog,Dag,met zwaargewonden,9,personenauto,3,Fiets,Op Kruispunt,Gemeenteweg,binnen bebouwde kom,Tss. 2 best.: langs opzij (voor-/achterkant-flank),Geen hindernis
34679,19,Aalst 1,Aalst,50.93433,4.01471,1.2459528631112893,50.93287818318289,4.032339814457947,2022,9,16,41002,Aalst,Normaal,Droog,Dag,met zwaargewonden,9,personenauto,3,Fiets,Op Kruispunt,Gemeenteweg,binnen bebouwde kom,Tss. 2 best.: langs opzij (voor-/achterkant-flank),Geen hindernis
34681,10,Aalst 2,Aalst,50.93549,4.01571,0.5057645721386188,50.9389879369839,4.020323628081533,2022,9,14,41002,Aalst,Normaal,Droog,Dag,met lichtgewonden,3,Fiets,9,personenauto,Buiten Kruispunt,Gewestweg,binnen bebouwde kom,Tss. 2 best.: langs opzij (voor-/achterkant-flank),Geen hindernis
34681,11,Aalst 3,Aalst,50.93385,4.01647,0.631915527208451,50.9389879369839,4.020323628081533,2022,9,14,41002,Aalst,Normaal,Droog,Dag,met lichtgewonden,3,Fiets,9,personenauto,Buiten Kruispunt,Gewestweg,binnen bebouwde kom,Tss. 2 best.: langs opzij (voor-/achterkant-flank),Geen hindernis
34681,19,Aalst 1,Aalst,50.93433,4.01471,0.6503803480320829,50.9389879369839,4.020323628081533,2022,9,14,41002,Aalst,Normaal,Droog,Dag,met lichtgewonden,3,Fiets,9,personenauto,Buiten Kruispunt,Gewestweg,binnen bebouwde kom,Tss. 2 best.: langs opzij (voor-/achterkant-flank),Geen hindernis
34682,11,Aalst 3,Aalst,50.93385,4.01647,1.8621430522025098,50.936172202510384,4.042786769964833,2022,9,8,41002,Aalst,Normaal,Droog,Dag,met lichtgewonden,9,personenauto,3,Fiets,Op Kruispunt,Gemeenteweg,binnen bebouwde kom,Tussen 2 bestuurders: Frontale botsing,Geen hindernis
34682,10,Aalst 2,Aalst,50.93549,4.01571,1.8988925928254643,50.936172202510384,4.042786769964833,2022,9,8,41002,Aalst,Normaal,Droog,Dag,met lichtgewonden,9,personenauto,3,Fiets,Op Kruispunt,Gemeenteweg,binnen bebouwde kom,Tussen 2 bestuurders: Frontale botsing,Geen hindernis
34682,19,Aalst 1,Aalst,50.93433,4.01471,1.9781102048072454,50.936172202510384,4.042786769964833,2022,9,8,41002,Aalst,Normaal,Droog,Dag,met lichtgewonden,9,personenauto,3,Fiets,Op Kruispunt,Gemeenteweg,binnen bebouwde kom,Tussen 2 bestuurders: Frontale botsing,Geen hindernis
34683,10,Aalst 2,Aalst,50.93549,4.01571,1.6659806225813476,50.94433245549441,4.034904164482459,2022,9,2,41002,Aalst,Regenval,"Nat, plassen","Nacht, openbare verlichting aanwezig en ontstoken",met lichtgewonden,9,personenauto,3,Fiets,Buiten Kruispunt,Gemeenteweg,binnen bebouwde kom,Tss. 2 best.: langs opzij (voor-/achterkant-flank),Geen hindernis
34683,11,Aalst 3,Aalst,50.93385,4.01647,1.7398307478805861,50.94433245549441,4.034904164482459,2022,9,2,41002,Aalst,Regenval,"Nat, plassen","Nacht, openbare verlichting aanwezig en ontstoken",met lichtgewonden,9,personenauto,3,Fiets,Buiten Kruispunt,Gemeenteweg,binnen bebouwde kom,Tss. 2 best.: langs opzij (voor-/achterkant-flank),Geen hindernis
34683,19,Aalst 1,Aalst,50.93433,4.01471,1.7997787139448127,50.94433245549441,4.034904164482459,2022,9,2,41002,Aalst,Regenval,"Nat, plassen","Nacht, openbare verlichting aanwezig en ontstoken",met lichtgewonden,9,personenauto,3,Fiets,Buiten Kruispunt,Gemeenteweg,binnen bebouwde kom,Tss. 2 best.: langs opzij (voor-/achterkant-flank),Geen hindernis
34684,11,Aalst 3,Aalst,50.93385,4.01647,2.0613671750847096,50.935179703319044,4.045810416201993,2022,9,22,41002,Aalst,Normaal,"Nat, plassen","Nacht, openbare verlichting aanwezig en ontstoken",met lichtgewonden,5,Lichte vrachtauto,3,Fiets,Op Kruispunt,Gewestweg,binnen bebouwde kom,Tss. 2 best.: langs opzij (voor-/achterkant-flank),Geen hindernis
34684,10,Aalst 2,Aalst,50.93549,4.01571,2.109560389454042,50.935179703319044,4.045810416201993,2022,9,22,41002,Aalst,Normaal,"Nat, plassen","Nacht, openbare verlichting aanwezig en ontstoken",met lichtgewonden,5,Lichte vrachtauto,3,Fiets,Op Kruispunt,Gewestweg,binnen bebouwde kom,Tss. 2 best.: langs opzij (voor-/achterkant-flank),Geen hindernis
34684,19,Aalst 1,Aalst,50.93433,4.01471,2.1814271981669826,50.935179703319044,4.045810416201993,2022,9,22,41002,Aalst,Normaal,"Nat, plassen","Nacht, openbare verlichting aanwezig en ontstoken",met lichtgewonden,5,Lichte vrachtauto,3,Fiets,Op Kruispunt,Gewestweg,binnen bebouwde kom,Tss. 2 best.: langs opzij (voor-/achterkant-flank),Geen hindernis
34685,11,Aalst 3,Aalst,50.93385,4.01647,1.3955709168874317,50.93171944129955,4.036095340526125,2022,9,12,41002,Aalst,Normaal,Droog,Dag,met lichtgewonden,9,personenauto,3,Fiets,Op Kruispunt,Gewestweg,binnen bebouwde kom,Tss. 2 best.: langs opzij (voor-/achterkant-flank),Geen hindernis
34685,10,Aalst 2,Aalst,50.93549,4.01571,1.4888050129845372,50.93171944129955,4.036095340526125,2022,9,12,41002,Aalst,Normaal,Droog,Dag,met lichtgewonden,9,personenauto,3,Fiets,Op Kruispunt,Gewestweg,binnen bebouwde kom,Tss. 2 best.: langs opzij (voor-/achterkant-flank),Geen hindernis
34685,19,Aalst 1,Aalst,50.93433,4.01471,1.5265003580147685,50.93171944129955,4.036095340526125,2022,9,12,41002,Aalst,Normaal,Droog,Dag,met lichtgewonden,9,personenauto,3,Fiets,Op Kruispunt,Gewestweg,binnen bebouwde kom,Tss. 2 best.: langs opzij (voor-/achterkant-flank),Geen hindernis
34686,19,Aalst 1,Aalst,50.93433,4.01471,2.3816916612034325,50.93606385366672,3.980833753083215,2022,9,19,41082,Erpe-Mere,Normaal,Proper,Onbekend,met lichtgewonden,3,Fiets,9,personenauto,Op Kruispunt,Gewestweg,binnen bebouwde kom,Tussen 2 bestuurders: Frontale botsing,Geen hindernis
34686,10,Aalst 2,Aalst,50.93549,4.01571,2.44475284087572,50.93606385366672,3.980833753083215,2022,9,19,41082,Erpe-Mere,Normaal,Proper,Onbekend,met lichtgewonden,3,Fiets,9,personenauto,Op Kruispunt,Gewestweg,binnen bebouwde kom,Tussen 2 bestuurders: Frontale botsing,Geen hindernis
34691,125,Dendermonde totem,Dendermonde,51.0372706,4.1025998,2.100229643166173,51.01857167029738,4.106836333966328,2022,9,19,42006,Dendermonde,Onbekend,Droog,Dageraad - schemering,met lichtgewonden,3,Fiets,9,personenauto,Op Kruispunt,Gemeenteweg,binnen bebouwde kom,Tss. 2 best.: langs opzij (voor-/achterkant-flank),Geen hindernis
34691,122,Dendermonde teller 2,Dendermonde,51.0373918,4.1019222,2.1207344758799094,51.01857167029738,4.106836333966328,2022,9,19,42006,Dendermonde,Onbekend,Droog,Dageraad - schemering,met lichtgewonden,3,Fiets,9,personenauto,Op Kruispunt,Gemeenteweg,binnen bebouwde kom,Tss. 2 best.: langs opzij (voor-/achterkant-flank),Geen hindernis
34693,122,Dendermonde teller 2,Dendermonde,51.0373918,4.1019222,1.1929472899818852,51.0457795923491,4.0912835588849745,2022,9,8,42006,Dendermonde,Normaal,Droog,Dag,met lichtgewonden,9,personenauto,3,Fiets,Op Kruispunt,Gewestweg,binnen bebouwde kom,Tss. 2 best.: langs opzij (voor-/achterkant-flank),Geen hindernis
34693,125,Dendermonde totem,Dendermonde,51.0372706,4.1025998,1.2333544228043203,51.0457795923491,4.0912835588849745,2022,9,8,42006,Dendermonde,Normaal,Droog,Dag,met lichtgewonden,9,personenauto,3,Fiets,Op Kruispunt,Gewestweg,binnen bebouwde kom,Tss. 2 best.: langs opzij (voor-/achterkant-flank),Geen hindernis
34694,122,Dendermonde teller 2,Dendermonde,51.0373918,4.1019222,2.2869957056350656,51.01766919666912,4.092645938499684,2022,9,18,42006,Dendermonde,Normaal,Droog,Dag,met lichtgewonden,3,Fiets,9,personenauto,Buiten Kruispunt,Gemeenteweg,binnen bebouwde kom,Tss. 2 best.: langs opzij (voor-/achterkant-flank),Geen hindernis
34694,125,Dendermonde totem,Dendermonde,51.0372706,4.1025998,2.2880456371838576,51.01766919666912,4.092645938499684,2022,9,18,42006,Dendermonde,Normaal,Droog,Dag,met lichtgewonden,3,Fiets,9,personenauto,Buiten Kruispunt,Gemeenteweg,binnen bebouwde kom,Tss. 2 best.: langs opzij (voor-/achterkant-flank),Geen hindernis
34695,125,Dendermonde totem,Dendermonde,51.0372706,4.1025998,1.710609292509526,51.02215621797277,4.107158289207008,2022,9,12,42006,Dendermonde,Normaal,Droog,Dag,met lichtgewonden,9,personenauto,3,Fiets,Op Kruispunt,Gewestweg,binnen bebouwde kom,Tss. 2 best.: langs opzij (voor-/achterkant-flank),Geen hindernis
34695,122,Dendermonde teller 2,Dendermonde,51.0373918,4.1019222,1.7332404502094472,51.02215621797277,4.107158289207008,2022,9,12,42006,Dendermonde,Normaal,Droog,Dag,met lichtgewonden,9,personenauto,3,Fiets,Op Kruispunt,Gewestweg,binnen bebouwde kom,Tss. 2 best.: langs opzij (voor-/achterkant-flank),Geen hindernis
34696,125,Dendermonde totem,Dendermonde,51.0372706,4.1025998,2.156886639940415,51.017873901721984,4.102347458684325,2022,9,11,42006,Dendermonde,Normaal,"Nat, plassen",Dag,met lichtgewonden,9,personenauto,3,Fiets,Buiten Kruispunt,Gemeenteweg,binnen bebouwde kom,Tss. 2 best.: langs opzij (voor-/achterkant-flank),Geen hindernis
34696,122,Dendermonde teller 2,Dendermonde,51.0373918,4.1019222,2.170495034323812,51.017873901721984,4.102347458684325,2022,9,11,42006,Dendermonde,Normaal,"Nat, plassen",Dag,met lichtgewonden,9,personenauto,3,Fiets,Buiten Kruispunt,Gemeenteweg,binnen bebouwde kom,Tss. 2 best.: langs opzij (voor-/achterkant-flank),Geen hindernis
34697,125,Dendermonde totem,Dendermonde,51.0372706,4.1025998,1.7890415183621904,51.02372145669113,4.116396204043183,2022,9,16,42006,Dendermonde,Normaal,Droog,Dag,met lichtgewonden,3,Fiets,3,Fiets,Op Kruispunt,Gemeenteweg,binnen bebouwde kom,Tussen 2 bestuurders: Flank tegen flank,Geen hindernis
34697,122,Dendermonde teller 2,Dendermonde,51.0373918,4.1019222,1.8262357345547404,51.02372145669113,4.116396204043183,2022,9,16,42006,Dendermonde,Normaal,Droog,Dag,met lichtgewonden,3,Fiets,3,Fiets,Op Kruispunt,Gemeenteweg,binnen bebouwde kom,Tussen 2 bestuurders: Flank tegen flank,Geen hindernis
34699,122,Dendermonde teller 2,Dendermonde,51.0373918,4.1019222,0.738850685495736,51.031063475410605,4.098700899237459,2022,9,17,42006,Dendermonde,Normaal,"Nat, plassen",Dag,met lichtgewonden,9,personenauto,3,Fiets,Buiten Kruispunt,Gewestweg,binnen bebouwde kom,Tussen 2 bestuurders: Flank tegen flank,Geen hindernis
34699,125,Dendermonde totem,Dendermonde,51.0372706,4.1025998,0.7420956984322707,51.031063475410605,4.098700899237459,2022,9,17,42006,Dendermonde,Normaal,"Nat, plassen",Dag,met lichtgewonden,9,personenauto,3,Fiets,Buiten Kruispunt,Gewestweg,binnen bebouwde kom,Tussen 2 bestuurders: Flank tegen flank,Geen hindernis