crash_row_id,site_id,site_name,site_gemeente,site_lat,site_long,distance_km,crash_lat,crash_long,DT_YEAR_COLLISION,DT_MONTH_COLLISION,DT_TIME,CD_NIS,TX_MUNTY_COLLISION_NL,TX_WEATHER_NL,TX_ROAD_CONDITION_NL,TX_LIGHT_CONDITION_NL,TX_CLASS_ACCIDENTS_NL,CD_ROAD_USR_TYPE1,TX_ROAD_USR_TYPE1_NL,CD_ROAD_USR_TYPE2,TX_ROAD_USR_TYPE2_NL,TX_CROSSWAY_NL,CD_ROAD_TYPE_NL,TX_BUILD_UP_AREA_NL,TX_COLLISION_TYPE_NL,TX_OBSTACLES_NL
34700,50,"Brugge, Sint-Andries",Brugge,51.19291,3.16252,2.266260424053021,51.19577817312432,3.194718443571762,2022,9,8,31005,Brugge,Regenval,"Nat, plassen",Dag,met lichtgewonden,3,Fiets,11,een weggebruiker tegen een hindernis,Buiten Kruispunt,Gemeenteweg,binnen bebouwde kom,Weggebruiker tegen hindernis buiten rijbaan,Andere hindernis
34700,51,"Brugge, Sint-Andries",Brugge,51.19281,3.16252,2.2678543770437547,51.19577817312432,3.194718443571762,2022,9,8,31005,Brugge,Regenval,"Nat, plassen",Dag,met lichtgewonden,3,Fiets,11,een weggebruiker tegen een hindernis,Buiten Kruispunt,Gemeenteweg,binnen bebouwde kom,Weggebruiker tegen hindernis buiten rijbaan,Andere hindernis
34700,20,Brugge,Brugge,51.17416,3.20048,2.4371420671874024,51.19577817312432,3.194718443571762,2022,9,8,31005,Brugge,Regenval,"Nat, plassen",Dag,met lichtgewonden,3,Fiets,11,een weggebruiker tegen een hindernis,Buiten Kruispunt,Gemeenteweg,binnen bebouwde kom,Weggebruiker tegen hindernis buiten rijbaan,Andere hindernis
34702,54,Brugge teller 2,Brugge,51.23015,3.22818,0.825969812622409,51.22274491024158,3.2272465946417164,2022,9,16,31005,Brugge,Normaal,Droog,Dag,met lichtgewonden,1,Autobus,3,Fiets,Op Kruispunt,Gewestweg,binnen bebouwde kom,Tss. 2 best.: langs opzij (voor-/achterkant-flank),Geen hindernis
34702,53,Brugge teller 1,Brugge,51.23023,3.228,0.833955858209324,51.22274491024158,3.2272465946417164,2022,9,16,31005,Brugge,Normaal,Droog,Dag,met lichtgewonden,1,Autobus,3,Fiets,Op Kruispunt,Gewestweg,binnen bebouwde kom,Tss. 2 best.: langs opzij (voor-/achterkant-flank),Geen hindernis
34702,52,Brugge,Brugge,51.22632,3.24095,1.0337693055273183,51.22274491024158,3.2272465946417164,2022,9,16,31005,Brugge,Normaal,Droog,Dag,met lichtgewonden,1,Autobus,3,Fiets,Op Kruispunt,Gewestweg,binnen bebouwde kom,Tss. 2 best.: langs opzij (voor-/achterkant-flank),Geen hindernis
34702,142,TEST Validatie BRUGGE Y2H22022134,Brugge,51.22632,3.24095,1.0337693055273183,51.22274491024158,3.2272465946417164,2022,9,16,31005,Brugge,Normaal,Droog,Dag,met lichtgewonden,1,Autobus,3,Fiets,Op Kruispunt,Gewestweg,binnen bebouwde kom,Tss. 2 best.: langs opzij (voor-/achterkant-flank),Geen hindernis
34703,53,Brugge teller 1,Brugge,51.23023,3.228,1.632346392252443,51.231714277662455,3.204676422593669,2022,9,19,31005,Brugge,Normaal,Droog,Dag,met lichtgewonden,3,Fiets,6,Bromfiets,Buiten Kruispunt,Gewestweg,binnen bebouwde kom,Tussen 2 bestuurders: Langs achteren,Geen hindernis
34703,54,Brugge teller 2,Brugge,51.23015,3.22818,1.6457335650404608,51.231714277662455,3.204676422593669,2022,9,19,31005,Brugge,Normaal,Droog,Dag,met lichtgewonden,3,Fiets,6,Bromfiets,Buiten Kruispunt,Gewestweg,binnen bebouwde kom,Tussen 2 bestuurders: Langs achteren,Geen hindernis
34704,142,TEST Validatie BRUGGE Y2H22022134,Brugge,51.22632,3.24095,2.087084089268718,51.208657742212786,3.2308096459696984,2022,9,10,31005,Brugge,Normaal,Droog,Dag,met zwaargewonden,3,Fiets,10,"één bestuurder, geen hindernis",Buiten Kruispunt,Gemeenteweg,binnen bebouwde kom,"Eén bestuurder, geen hindernis (incl. val)",Geen hindernis
34704,52,Brugge,Brugge,51.22632,3.24095,2.087084089268718,51.208657742212786,3.2308096459696984,2022,9,10,31005,Brugge,Normaal,Droog,Dag,met zwaargewonden,3,Fiets,10,"één bestuurder, geen hindernis",Buiten Kruispunt,Gemeenteweg,binnen bebouwde kom,"Eén bestuurder, geen hindernis (incl. val)",Geen hindernis
34704,54,Brugge teller 2,Brugge,51.23015,3.22818,2.396837337794615,51.208657742212786,3.2308096459696984,2022,9,10,31005,Brugge,Normaal,Droog,Dag,met zwaargewonden,3,Fiets,10,"één bestuurder, geen hindernis",Buiten Kruispunt,Gemeenteweg,binnen bebouwde kom,"Eén bestuurder, geen hindernis (incl. val)",Geen hindernis
34704,53,Brugge teller 1,Brugge,51.23023,3.228,2.4066938389320285,51.208657742212786,3.2308096459696984,2022,9,10,31005,Brugge,Normaal,Droog,Dag,met zwaargewonden,3,Fiets,10,"één bestuurder, geen hindernis",Buiten Kruispunt,Gemeenteweg,binnen bebouwde kom,"Eén bestuurder, geen hindernis (incl. val)",Geen hindernis
34706,142,TEST Validatie BRUGGE Y2H22022134,Brugge,51.22632,3.24095,1.5511434983803978,51.21245457006035,3.2385046316203847,2022,9,22,31005,Brugge,Normaal,Droog,"Nacht, openbare verlichting aanwezig en ontstoken",met lichtgewonden,3,Fiets,8,Voetganger,Buiten Kruispunt,Gewestweg,binnen bebouwde kom,Met een voetganger,Geen hindernis
34706,52,Brugge,Brugge,51.22632,3.24095,1.5511434983803978,51.21245457006035,3.2385046316203847,2022,9,22,31005,Brugge,Normaal,Droog,"Nacht, openbare verlichting aanwezig en ontstoken",met lichtgewonden,3,Fiets,8,Voetganger,Buiten Kruispunt,Gewestweg,binnen bebouwde kom,Met een voetganger,Geen hindernis
34706,54,Brugge teller 2,Brugge,51.23015,3.22818,2.0949058159233314,51.21245457006035,3.2385046316203847,2022,9,22,31005,Brugge,Normaal,Droog,"Nacht, openbare verlichting aanwezig en ontstoken",met lichtgewonden,3,Fiets,8,Voetganger,Buiten Kruispunt,Gewestweg,binnen bebouwde kom,Met een voetganger,Geen hindernis
34706,53,Brugge teller 1,Brugge,51.23023,3.228,2.1075814898984553,51.21245457006035,3.2385046316203847,2022,9,22,31005,Brugge,Normaal,Droog,"Nacht, openbare verlichting aanwezig en ontstoken",met lichtgewonden,3,Fiets,8,Voetganger,Buiten Kruispunt,Gewestweg,binnen bebouwde kom,Met een voetganger,Geen hindernis
34707,142,TEST Validatie BRUGGE Y2H22022134,Brugge,51.22632,3.24095,2.060478172422458,51.20944432181782,3.2287301246989366,2022,9,11,31005,Brugge,Normaal,Droog,Dag,met lichtgewonden,3,Fiets,6,Bromfiets,Op Kruispunt,Gewestweg,binnen bebouwde kom,Tss. 2 best.: langs opzij (voor-/achterkant-flank),Geen hindernis
34707,52,Brugge,Brugge,51.22632,3.24095,2.060478172422458,51.20944432181782,3.2287301246989366,2022,9,11,31005,Brugge,Normaal,Droog,Dag,met lichtgewonden,3,Fiets,6,Bromfiets,Op Kruispunt,Gewestweg,binnen bebouwde kom,Tss. 2 best.: langs opzij (voor-/achterkant-flank),Geen hindernis
34707,54,Brugge teller 2,Brugge,51.23015,3.22818,2.30268513140519,51.20944432181782,3.2287301246989366,2022,9,11,31005,Brugge,Normaal,Droog,Dag,met lichtgewonden,3,Fiets,6,Bromfiets,Op Kruispunt,Gewestweg,binnen bebouwde kom,Tss. 2 best.: langs opzij (voor-/achterkant-flank),Geen hindernis
34707,53,Brugge teller 1,Brugge,51.23023,3.228,2.3118212599161274,51.20944432181782,3.2287301246989366,2022,9,11,31005,Brugge,Normaal,Droog,Dag,met lichtgewonden,3,Fiets,6,Bromfiets,Op Kruispunt,Gewestweg,binnen bebouwde kom,Tss. 2 best.: langs opzij (voor-/achterkant-flank),Geen hindernis
34708,142,TEST Validatie BRUGGE Y2H22022134,Brugge,51.22632,3.24095,1.6621502177732859,51.211379705372906,3.2401800458795624,2022,9,8,31005,Brugge,Normaal,Droog,Dag,met lichtgewonden,3,Fiets,3,Fiets,Buiten Kruispunt,Gewestweg,binnen bebouwde kom,Tussen 2 bestuurders: Flank tegen flank,Geen hindernis
34708,52,Brugge,Brugge,51.22632,3.24095,1.6621502177732859,51.211379705372906,3.2401800458795624,2022,9,8,31005,Brugge,Normaal,Droog,Dag,met lichtgewonden,3,Fiets,3,Fiets,Buiten Kruispunt,Gewestweg,binnen bebouwde kom,Tussen 2 bestuurders: Flank tegen flank,Geen hindernis
34708,54,Brugge teller 2,Brugge,51.23015,3.22818,2.248262646641855,51.211379705372906,3.2401800458795624,2022,9,8,31005,Brugge,Normaal,Droog,Dag,met lichtgewonden,3,Fiets,3,Fiets,Buiten Kruispunt,Gewestweg,binnen bebouwde kom,Tussen 2 bestuurders: Flank tegen flank,Geen hindernis
34708,53,Brugge teller 1,Brugge,51.23023,3.228,2.2611957479677494,51.211379705372906,3.2401800458795624,2022,9,8,31005,Brugge,Normaal,Droog,Dag,met lichtgewonden,3,Fiets,3,Fiets,Buiten Kruispunt,Gewestweg,binnen bebouwde kom,Tussen 2 bestuurders: Flank tegen flank,Geen hindernis
34711,142,TEST Validatie BRUGGE Y2H22022134,Brugge,51.22632,3.24095,0.4718967874814403,51.22475149017308,3.234653257846393,2022,9,16,31005,Brugge,Regenval,"Nat, plassen",Dag,met lichtgewonden,3,Fiets,9,personenauto,Buiten Kruispunt,Gemeenteweg,binnen bebouwde kom,Tss. 2 best.: langs opzij (voor-/achterkant-flank),Geen hindernis
34711,52,Brugge,Brugge,51.22632,3.24095,0.4718967874814403,51.22475149017308,3.234653257846393,2022,9,16,31005,Brugge,Regenval,"Nat, plassen",Dag,met lichtgewonden,3,Fiets,9,personenauto,Buiten Kruispunt,Gemeenteweg,binnen bebouwde kom,Tss. 2 best.: langs opzij (voor-/achterkant-flank),Geen hindernis
34711,54,Brugge teller 2,Brugge,51.23015,3.22818,0.7506835448421495,51.22475149017308,3.234653257846393,2022,9,16,31005,Brugge,Regenval,"Nat, plassen",Dag,met lichtgewonden,3,Fiets,9,personenauto,Buiten Kruispunt,Gemeenteweg,binnen bebouwde kom,Tss. 2 best.: langs opzij (voor-/achterkant-flank),Geen hindernis
34711,53,Brugge teller 1,Brugge,51.23023,3.228,0.7653372302862588,51.22475149017308,3.234653257846393,2022,9,16,31005,Brugge,Regenval,"Nat, plassen",Dag,met lichtgewonden,3,Fiets,9,personenauto,Buiten Kruispunt,Gemeenteweg,binnen bebouwde kom,Tss. 2 best.: langs opzij (voor-/achterkant-flank),Geen hindernis
34712,142,TEST Validatie BRUGGE Y2H22022134,Brugge,51.22632,3.24095,1.1201288296027088,51.22064350515253,3.254237734980948,2022,9,8,31005,Brugge,Regenval,"Nat, plassen",Dageraad - schemering,met lichtgewonden,9,personenauto,3,Fiets,Buiten Kruispunt,Gemeenteweg,binnen bebouwde kom,Tss. 2 best.: langs opzij (voor-/achterkant-flank),Geen hindernis
34712,52,Brugge,Brugge,51.22632,3.24095,1.1201288296027088,51.22064350515253,3.254237734980948,2022,9,8,31005,Brugge,Regenval,"Nat, plassen",Dageraad - schemering,met lichtgewonden,9,personenauto,3,Fiets,Buiten Kruispunt,Gemeenteweg,binnen bebouwde kom,Tss. 2 best.: langs opzij (voor-/achterkant-flank),Geen hindernis
34712,54,Brugge teller 2,Brugge,51.23015,3.22818,2.1000216567278303,51.22064350515253,3.254237734980948,2022,9,8,31005,Brugge,Regenval,"Nat, plassen",Dageraad - schemering,met lichtgewonden,9,personenauto,3,Fiets,Buiten Kruispunt,Gemeenteweg,binnen bebouwde kom,Tss. 2 best.: langs opzij (voor-/achterkant-flank),Geen hindernis
34712,53,Brugge teller 1,Brugge,51.23023,3.228,2.1153292939408357,51.22064350515253,3.254237734980948,2022,9,8,31005,Brugge,Regenval,"Nat, plassen",Dageraad - schemering,met lichtgewonden,9,personenauto,3,Fiets,Buiten Kruispunt,Gemeenteweg,binnen bebouwde kom,Tss. 2 best.: langs opzij (voor-/achterkant-flank),Geen hindernis
34713,142,TEST Validatie BRUGGE Y2H22022134,Brugge,51.22632,3.24095,1.4682657823830396,51.215226385888975,3.2295155869446064,2022,9,8,31005,Brugge,Normaal,"Nat, plassen",Dag,met lichtgewonden,3,Fiets,10,"één bestuurder, geen hindernis",Op Kruispunt,Gemeenteweg,binnen bebouwde kom,"Eén bestuurder, geen hindernis (incl. val)",Geen hindernis
34713,52,Brugge,Brugge,51.22632,3.24095,1.4682657823830396,51.215226385888975,3.2295155869446064,2022,9,8,31005,Brugge,Normaal,"Nat, plassen",Dag,met lichtgewonden,3,Fiets,10,"één bestuurder, geen hindernis",Op Kruispunt,Gemeenteweg,binnen bebouwde kom,"Eén bestuurder, geen hindernis (incl. val)",Geen hindernis
34713,54,Brugge teller 2,Brugge,51.23015,3.22818,1.6620347862852587,51.215226385888975,3.2295155869446064,2022,9,8,31005,Brugge,Normaal,"Nat, plassen",Dag,met lichtgewonden,3,Fiets,10,"één bestuurder, geen hindernis",Op Kruispunt,Gemeenteweg,binnen bebouwde kom,"Eén bestuurder, geen hindernis (incl. val)",Geen hindernis
34713,53,Brugge teller 1,Brugge,51.23023,3.228,1.6716611421023397,51.215226385888975,3.2295155869446064,2022,9,8,31005,Brugge,Normaal,"Nat, plassen",Dag,met lichtgewonden,3,Fiets,10,"één bestuurder, geen hindernis",Op Kruispunt,Gemeenteweg,binnen bebouwde kom,"Eén bestuurder, geen hindernis (incl. val)",Geen hindernis
34714,54,Brugge teller 2,Brugge,51.23015,3.22818,1.0521993444809403,51.221151323159035,3.2235066351808874,2022,9,7,31005,Brugge,Normaal,Droog,Dag,met lichtgewonden,3,Fiets,99,onbekend,Buiten Kruispunt,Gemeenteweg,binnen bebouwde kom,Tussen 2 bestuurders: Frontale botsing,Geen hindernis
34714,53,Brugge teller 1,Brugge,51.23023,3.228,1.0568836930078533,51.221151323159035,3.2235066351808874,2022,9,7,31005,Brugge,Normaal,Droog,Dag,met lichtgewonden,3,Fiets,99,onbekend,Buiten Kruispunt,Gemeenteweg,binnen bebouwde kom,Tussen 2 bestuurders: Frontale botsing,Geen hindernis
34714,52,Brugge,Brugge,51.22632,3.24095,1.3438436914751193,51.221151323159035,3.2235066351808874,2022,9,7,31005,Brugge,Normaal,Droog,Dag,met lichtgewonden,3,Fiets,99,onbekend,Buiten Kruispunt,Gemeenteweg,binnen bebouwde kom,Tussen 2 bestuurders: Frontale botsing,Geen hindernis
34714,142,TEST Validatie BRUGGE Y2H22022134,Brugge,51.22632,3.24095,1.3438436914751193,51.221151323159035,3.2235066351808874,2022,9,7,31005,Brugge,Normaal,Droog,Dag,met lichtgewonden,3,Fiets,99,onbekend,Buiten Kruispunt,Gemeenteweg,binnen bebouwde kom,Tussen 2 bestuurders: Frontale botsing,Geen hindernis
34715,20,Brugge,Brugge,51.17416,3.20048,1.4363787805246702,51.18707693106836,3.2002603814892963,2022,9,13,31005,Brugge,Normaal,Droog,Dag,met lichtgewonden,9,personenauto,3,Fiets,Buiten Kruispunt,Gemeenteweg,binnen bebouwde kom,Tussen 2 bestuurders: Frontale botsing,Geen hindernis
34717,142,TEST Validatie BRUGGE Y2H22022134,Brugge,51.22632,3.24095,2.2658730229491475,51.21000746659561,3.221452453541233,2022,9,10,31005,Brugge,Normaal,Droog,Dag,met zwaargewonden,9,personenauto,3,Fiets,Buiten Kruispunt,Gewestweg,binnen bebouwde kom,Tussen 2 bestuurders: Flank tegen flank,Geen hindernis
34717,52,Brugge,Brugge,51.22632,3.24095,2.2658730229491475,51.21000746659561,3.221452453541233,2022,9,10,31005,Brugge,Normaal,Droog,Dag,met zwaargewonden,9,personenauto,3,Fiets,Buiten Kruispunt,Gewestweg,binnen bebouwde kom,Tussen 2 bestuurders: Flank tegen flank,Geen hindernis
34717,54,Brugge teller 2,Brugge,51.23015,3.22818,2.2882301796078206,51.21000746659561,3.221452453541233,2022,9,10,31005,Brugge,Normaal,Droog,Dag,met zwaargewonden,9,personenauto,3,Fiets,Buiten Kruispunt,Gewestweg,binnen bebouwde kom,Tussen 2 bestuurders: Flank tegen flank,Geen hindernis
34717,53,Brugge teller 1,Brugge,51.23023,3.228,2.2944136049724704,51.21000746659561,3.221452453541233,2022,9,10,31005,Brugge,Normaal,Droog,Dag,met zwaargewonden,9,personenauto,3,Fiets,Buiten Kruispunt,Gewestweg,binnen bebouwde kom,Tussen 2 bestuurders: Flank tegen flank,Geen hindernis
34733,59,Ardooie teller 1,Ardooie,50.96784,3.18479,1.3545347796205431,50.9576207797534,3.195317031990865,2022,9,17,37020,Ardooie,Normaal,Droog,Dag,met lichtgewonden,9,personenauto,3,Fiets,Op Kruispunt,Gemeenteweg,buiten bebouwde kom,Tss. 2 best.: langs opzij (voor-/achterkant-flank),Geen hindernis
34733,60,Ardooie teller 2,Ardooie,50.96783,3.18411,1.3801180576455996,50.9576207797534,3.195317031990865,2022,9,17,37020,Ardooie,Normaal,Droog,Dag,met lichtgewonden,9,personenauto,3,Fiets,Op Kruispunt,Gemeenteweg,buiten bebouwde kom,Tss. 2 best.: langs opzij (voor-/achterkant-flank),Geen hindernis
34738,15,Oostende 2,Oostende,51.21371,2.92743,2.3864275819211893,51.21258056485722,2.8932169337385067,2022,7,15,35013,Oostende,Onbekend,Onbekend,Dag,met lichtgewonden,3,Fiets,8,Voetganger,Buiten Kruispunt,Gemeenteweg,onbekend,Met een voetganger,Geen hindernis
34738,18,Oostende 1,Oostende,51.21378,2.92765,2.402148409894439,51.21258056485722,2.8932169337385067,2022,7,15,35013,Oostende,Onbekend,Onbekend,Dag,met lichtgewonden,3,Fiets,8,Voetganger,Buiten Kruispunt,Gemeenteweg,onbekend,Met een voetganger,Geen hindernis
34739,18,Oostende 1,Oostende,51.21378,2.92765,1.8717629515592191,51.22979020044958,2.9193490498137624,2022,9,11,35013,Oostende,Regenval,"Nat, plassen",Dag,met lichtgewonden,9,personenauto,3,Fiets,Op Kruispunt,Gemeenteweg,binnen bebouwde kom,Tss. 2 best.: langs opzij (voor-/achterkant-flank),Geen hindernis
34739,15,Oostende 2,Oostende,51.21371,2.92743,1.8745110580317499,51.22979020044958,2.9193490498137624,2022,9,11,35013,Oostende,Regenval,"Nat, plassen",Dag,met lichtgewonden,9,personenauto,3,Fiets,Op Kruispunt,Gemeenteweg,binnen bebouwde kom,Tss. 2 best.: langs opzij (voor-/achterkant-flank),Geen hindernis
34740,15,Oostende 2,Oostende,51.21371,2.92743,1.5729018996127104,51.20824455980006,2.9066033644030957,2022,9,16,35013,Oostende,Normaal,Droog,Dag,met lichtgewonden,3,Fiets,3,Fiets,Op Kruispunt,Gemeenteweg,binnen bebouwde kom,Tussen 2 bestuurders: Flank tegen flank,Geen hindernis
34740,18,Oostende 1,Oostende,51.21378,2.92765,1.5900435549368315,51.20824455980006,2.9066033644030957,2022,9,16,35013,Oostende,Normaal,Droog,Dag,met lichtgewonden,3,Fiets,3,Fiets,Op Kruispunt,Gemeenteweg,binnen bebouwde kom,Tussen 2 bestuurders: Flank tegen flank,Geen hindernis
34741,15,Oostende 2,Oostende,51.21371,2.92743,0.8216108525258579,51.21899883203666,2.919192384144417,2022,9,8,35013,Oostende,Normaal,"Nat, plassen",Dag,met lichtgewonden,3,Fiets,6,Bromfiets,Op Kruispunt,Gewestweg,binnen bebouwde kom,Tussen 2 bestuurders: Flank tegen flank,Geen hindernis
34741,18,Oostende 1,Oostende,51.21378,2.92765,0.8269024224199837,51.21899883203666,2.919192384144417,2022,9,8,35013,Oostende,Normaal,"Nat, plassen",Dag,met lichtgewonden,3,Fiets,6,Bromfiets,Op Kruispunt,Gewestweg,binnen bebouwde kom,Tussen 2 bestuurders: Flank tegen flank,Geen hindernis
34743,15,Oostende 2,Oostende,51.21371,2.92743,1.8772868568711647,51.226383933733636,2.9096222296724386,2022,9,21,35013,Oostende,Normaal,Droog,"Nacht, openbare verlichting aanwezig en ontstoken",met lichtgewonden,3,Fiets,10,"één bestuurder, geen hindernis",Buiten Kruispunt,Gewestweg,binnen bebouwde kom,"Eén bestuurder, geen hindernis (incl. val)",Geen hindernis
34743,18,Oostende 1,Oostende,51.21378,2.92765,1.881638969006252,51.226383933733636,2.9096222296724386,2022,9,21,35013,Oostende,Normaal,Droog,"Nacht, openbare verlichting aanwezig en ontstoken",met lichtgewonden,3,Fiets,10,"één bestuurder, geen hindernis",Buiten Kruispunt,Gewestweg,binnen bebouwde kom,"Eén bestuurder, geen hindernis (incl. val)",Geen hindernis
34744,15,Oostende 2,Oostende,51.21371,2.92743,0.8453389390882723,51.21845570428776,2.9179483727005655,2022,9,16,35013,Oostende,Normaal,Droog,Dag,met lichtgewonden,3,Fiets,99,onbekend,Buiten Kruispunt,Gemeenteweg,binnen bebouwde kom,Tss. 2 best.: langs opzij (voor-/achterkant-flank),Geen hindernis
34744,18,Oostende 1,Oostende,51.21378,2.92765,0.8525941258913291,51.21845570428776,2.9179483727005655,2022,9,16,35013,Oostende,Normaal,Droog,Dag,met lichtgewonden,3,Fiets,99,onbekend,Buiten Kruispunt,Gemeenteweg,binnen bebouwde kom,Tss. 2 best.: langs opzij (voor-/achterkant-flank),Geen hindernis
34745,15,Oostende 2,Oostende,51.21371,2.92743,1.1528051145732479,51.218989478777125,2.9131855186974125,2022,9,10,35013,Oostende,Normaal,Droog,Dag,met lichtgewonden,9,personenauto,3,Fiets,Op Kruispunt,Gemeenteweg,binnen bebouwde kom,Tss. 2 best.: langs opzij (voor-/achterkant-flank),Geen hindernis
34745,18,Oostende 1,Oostende,51.21378,2.92765,1.1621186734020796,51.218989478777125,2.9131855186974125,2022,9,10,35013,Oostende,Normaal,Droog,Dag,met lichtgewonden,9,personenauto,3,Fiets,Op Kruispunt,Gemeenteweg,binnen bebouwde kom,Tss. 2 best.: langs opzij (voor-/achterkant-flank),Geen hindernis
34746,15,Oostende 2,Oostende,51.21371,2.92743,0.4586787588436633,51.209981934220764,2.9302483565662025,2022,9,8,35013,Oostende,Normaal,Droog,Dag,met lichtgewonden,9,personenauto,3,Fiets,Op Kruispunt,Gemeenteweg,binnen bebouwde kom,Tss. 2 best.: langs opzij (voor-/achterkant-flank),Geen hindernis
34746,18,Oostende 1,Oostende,51.21378,2.92765,0.45947563701390887,51.209981934220764,2.9302483565662025,2022,9,8,35013,Oostende,Normaal,Droog,Dag,met lichtgewonden,9,personenauto,3,Fiets,Op Kruispunt,Gemeenteweg,binnen bebouwde kom,Tss. 2 best.: langs opzij (voor-/achterkant-flank),Geen hindernis
34748,15,Oostende 2,Oostende,51.21371,2.92743,0.8762172863974572,51.21290091686857,2.914917101837738,2022,9,14,35013,Oostende,Normaal,Droog,Dag,met lichtgewonden,7,Motorfiets,3,Fiets,Buiten Kruispunt,Gemeenteweg,binnen bebouwde kom,Tussen 2 bestuurders: Langs achteren,Geen hindernis
34748,18,Oostende 1,Oostende,51.21378,2.92765,0.8922802506250135,51.21290091686857,2.914917101837738,2022,9,14,35013,Oostende,Normaal,Droog,Dag,met lichtgewonden,7,Motorfiets,3,Fiets,Buiten Kruispunt,Gemeenteweg,binnen bebouwde kom,Tussen 2 bestuurders: Langs achteren,Geen hindernis
34749,15,Oostende 2,Oostende,51.21371,2.92743,1.785764948027469,51.20661874785429,2.904428919562325,2022,9,17,35013,Oostende,Normaal,Droog,Dag,met lichtgewonden,3,Fiets,6,Bromfiets,Buiten Kruispunt,Gewestweg,binnen bebouwde kom,Tss. 2 best.: langs opzij (voor-/achterkant-flank),Geen hindernis
34749,18,Oostende 1,Oostende,51.21378,2.92765,1.8029510166965463,51.20661874785429,2.904428919562325,2022,9,17,35013,Oostende,Normaal,Droog,Dag,met lichtgewonden,3,Fiets,6,Bromfiets,Buiten Kruispunt,Gewestweg,binnen bebouwde kom,Tss. 2 best.: langs opzij (voor-/achterkant-flank),Geen hindernis
34750,15,Oostende 2,Oostende,51.21371,2.92743,0.8690816037982075,51.2180001033976,2.9170000884107714,2022,9,16,35013,Oostende,Regenval,"Nat, plassen",Dag,met lichtgewonden,6,Bromfiets,3,Fiets,Buiten Kruispunt,Gemeenteweg,binnen bebouwde kom,Tss. 2 best.: langs opzij (voor-/achterkant-flank),Geen hindernis
34750,18,Oostende 1,Oostende,51.21378,2.92765,0.877744005044716,51.2180001033976,2.9170000884107714,2022,9,16,35013,Oostende,Regenval,"Nat, plassen",Dag,met lichtgewonden,6,Bromfiets,3,Fiets,Buiten Kruispunt,Gemeenteweg,binnen bebouwde kom,Tss. 2 best.: langs opzij (voor-/achterkant-flank),Geen hindernis
34751,15,Oostende 2,Oostende,51.21371,2.92743,1.4651830475436463,51.21413335471963,2.9064057317452763,2022,9,12,35013,Oostende,Normaal,Droog,Dag,met lichtgewonden,3,Fiets,4,Vrachtwagen,Op Kruispunt,Gewestweg,binnen bebouwde kom,Tss. 2 best.: langs opzij (voor-/achterkant-flank),Geen hindernis
34751,18,Oostende 1,Oostende,51.21378,2.92765,1.4802709468946642,51.21413335471963,2.9064057317452763,2022,9,12,35013,Oostende,Normaal,Droog,Dag,met lichtgewonden,3,Fiets,4,Vrachtwagen,Op Kruispunt,Gewestweg,binnen bebouwde kom,Tss. 2 best.: langs opzij (voor-/achterkant-flank),Geen hindernis
34752,15,Oostende 2,Oostende,51.21371,2.92743,1.8456617213785578,51.214243306579625,2.900946119726715,2022,9,17,35013,Oostende,Normaal,Droog,Dag,met zwaargewonden,3,Fiets,3,Fiets,Buiten Kruispunt,Gewestweg,binnen bebouwde kom,Tussen 2 bestuurders: Flank tegen flank,Geen hindernis
34752,18,Oostende 1,Oostende,51.21378,2.92765,1.8607445799619324,51.214243306579625,2.900946119726715,2022,9,17,35013,Oostende,Normaal,Droog,Dag,met zwaargewonden,3,Fiets,3,Fiets,Buiten Kruispunt,Gewestweg,binnen bebouwde kom,Tussen 2 bestuurders: Flank tegen flank,Geen hindernis
34762,55,Torhout teller 1,Torhout,51.07161,3.08261,0.5785542232211413,51.075643005105945,3.0878419735510865,2022,9,7,31033,Torhout,Regenval,"Nat, plassen",Dageraad - schemering,met lichtgewonden,3,Fiets,9,personenauto,Buiten Kruispunt,Gemeenteweg,binnen bebouwde kom,Tss. 2 best.: langs opzij (voor-/achterkant-flank),Geen hindernis
34762,56,Torhout teller 2,Torhout,51.07147,3.08244,0.5981256419699299,51.075643005105945,3.0878419735510865,2022,9,7,31033,Torhout,Regenval,"Nat, plassen",Dageraad - schemering,met lichtgewonden,3,Fiets,9,personenauto,Buiten Kruispunt,Gemeenteweg,binnen bebouwde kom,Tss. 2 best.: langs opzij (voor-/achterkant-flank),Geen hindernis
34768,84,Roeselare totem,Izegem,50.91717,3.18772,1.7532833621706254,50.91931991794425,3.2124974238530317,2022,9,15,36008,Izegem,Normaal,Droog,Dag,met lichtgewonden,3,Fiets,5,Lichte vrachtauto,Buiten Kruispunt,Gemeenteweg,binnen bebouwde kom,Tss. 2 best.: langs opzij (voor-/achterkant-flank),Geen hindernis
34770,84,Roeselare totem,Izegem,50.91717,3.18772,2.293332464123905,50.925827784190474,3.2174149581131286,2022,9,10,36008,Izegem,Normaal,Droog,Dag,met lichtgewonden,9,personenauto,3,Fiets,Op Kruispunt,Gemeenteweg,binnen bebouwde kom,Tss. 2 best.: langs opzij (voor-/achterkant-flank),Geen hindernis
34771,84,Roeselare totem,Izegem,50.91717,3.18772,2.1957001734924284,50.923751472800085,3.2172526219670305,2022,8,9,36008,Izegem,Normaal,"Vuil (zand, grint, bladeren,...)",Dag,met lichtgewonden,3,Fiets,11,een weggebruiker tegen een hindernis,Op Kruispunt,Gemeenteweg,binnen bebouwde kom,Weggebruiker tegen hindernis op de rijbaan,Op de rijbaan: Lading