crash_row_id,site_id,site_name,site_gemeente,site_lat,site_long,distance_km,crash_lat,crash_long,DT_YEAR_COLLISION,DT_MONTH_COLLISION,DT_TIME,CD_NIS,TX_MUNTY_COLLISION_NL,TX_WEATHER_NL,TX_ROAD_CONDITION_NL,TX_LIGHT_CONDITION_NL,TX_CLASS_ACCIDENTS_NL,CD_ROAD_USR_TYPE1,TX_ROAD_USR_TYPE1_NL,CD_ROAD_USR_TYPE2,TX_ROAD_USR_TYPE2_NL,TX_CROSSWAY_NL,CD_ROAD_TYPE_NL,TX_BUILD_UP_AREA_NL,TX_COLLISION_TYPE_NL,TX_OBSTACLES_NL
34772,143,Eco Display Classic Budastraat,Kortrijk,50.83066,3.26286,0.5765963173482305,50.834890411614175,3.267607984985117,2022,9,13,34022,Kortrijk,Normaal,Droog,Dag,met lichtgewonden,9,personenauto,3,Fiets,Op Kruispunt,Gewestweg,binnen bebouwde kom,Tss. 2 best.: langs opzij (voor-/achterkant-flank),Geen hindernis
34772,17,Kortrijk 2,Kortrijk,50.83339,3.27773,0.7301561851595676,50.834890411614175,3.267607984985117,2022,9,13,34022,Kortrijk,Normaal,Droog,Dag,met lichtgewonden,9,personenauto,3,Fiets,Op Kruispunt,Gewestweg,binnen bebouwde kom,Tss. 2 best.: langs opzij (voor-/achterkant-flank),Geen hindernis
34772,16,Kortrijk 1,Kortrijk,50.83332,3.27777,0.7347027488339068,50.834890411614175,3.267607984985117,2022,9,13,34022,Kortrijk,Normaal,Droog,Dag,met lichtgewonden,9,personenauto,3,Fiets,Op Kruispunt,Gewestweg,binnen bebouwde kom,Tss. 2 best.: langs opzij (voor-/achterkant-flank),Geen hindernis
34772,75,Kortrijk teller 2,Kortrijk,50.81925,3.25731,1.8835502894373406,50.834890411614175,3.267607984985117,2022,9,13,34022,Kortrijk,Normaal,Droog,Dag,met lichtgewonden,9,personenauto,3,Fiets,Op Kruispunt,Gewestweg,binnen bebouwde kom,Tss. 2 best.: langs opzij (voor-/achterkant-flank),Geen hindernis
34772,74,Kortrijk teller 1,Kortrijk,50.81909,3.25728,1.9007933094229366,50.834890411614175,3.267607984985117,2022,9,13,34022,Kortrijk,Normaal,Droog,Dag,met lichtgewonden,9,personenauto,3,Fiets,Op Kruispunt,Gewestweg,binnen bebouwde kom,Tss. 2 best.: langs opzij (voor-/achterkant-flank),Geen hindernis
34773,84,Roeselare totem,Izegem,50.91717,3.18772,2.3821593909278067,50.9271983295906,3.217751590450666,2022,9,12,36008,Izegem,Normaal,Droog,Dag,met lichtgewonden,9,personenauto,3,Fiets,Op Kruispunt,Gemeenteweg,binnen bebouwde kom,Tss. 2 best.: langs opzij (voor-/achterkant-flank),Geen hindernis
34787,75,Kortrijk teller 2,Kortrijk,50.81925,3.25731,1.594558622233463,50.81755561606871,3.27984909469858,2022,9,17,34022,Kortrijk,Normaal,Droog,Dag,met lichtgewonden,9,personenauto,3,Fiets,Op Kruispunt,Gemeenteweg,binnen bebouwde kom,Tss. 2 best.: langs opzij (voor-/achterkant-flank),Geen hindernis
34787,74,Kortrijk teller 1,Kortrijk,50.81909,3.25728,1.5946525867968169,50.81755561606871,3.27984909469858,2022,9,17,34022,Kortrijk,Normaal,Droog,Dag,met lichtgewonden,9,personenauto,3,Fiets,Op Kruispunt,Gemeenteweg,binnen bebouwde kom,Tss. 2 best.: langs opzij (voor-/achterkant-flank),Geen hindernis
34787,16,Kortrijk 1,Kortrijk,50.83332,3.27777,1.7589921371908963,50.81755561606871,3.27984909469858,2022,9,17,34022,Kortrijk,Normaal,Droog,Dag,met lichtgewonden,9,personenauto,3,Fiets,Op Kruispunt,Gemeenteweg,binnen bebouwde kom,Tss. 2 best.: langs opzij (voor-/achterkant-flank),Geen hindernis
34787,17,Kortrijk 2,Kortrijk,50.83339,3.27773,1.7669834742084922,50.81755561606871,3.27984909469858,2022,9,17,34022,Kortrijk,Normaal,Droog,Dag,met lichtgewonden,9,personenauto,3,Fiets,Op Kruispunt,Gemeenteweg,binnen bebouwde kom,Tss. 2 best.: langs opzij (voor-/achterkant-flank),Geen hindernis
34787,143,Eco Display Classic Budastraat,Kortrijk,50.83066,3.26286,1.8834401938360141,50.81755561606871,3.27984909469858,2022,9,17,34022,Kortrijk,Normaal,Droog,Dag,met lichtgewonden,9,personenauto,3,Fiets,Op Kruispunt,Gemeenteweg,binnen bebouwde kom,Tss. 2 best.: langs opzij (voor-/achterkant-flank),Geen hindernis
34788,17,Kortrijk 2,Kortrijk,50.83339,3.27773,1.5460868294309842,50.84725146107764,3.279456934336152,2022,9,17,34023,Kuurne,Regenval,"Nat, plassen",Dag,met lichtgewonden,3,Fiets,9,personenauto,Op Kruispunt,Gemeenteweg,binnen bebouwde kom,Tss. 2 best.: langs opzij (voor-/achterkant-flank),Geen hindernis
34788,16,Kortrijk 1,Kortrijk,50.83332,3.27777,1.55362995640865,50.84725146107764,3.279456934336152,2022,9,17,34023,Kuurne,Regenval,"Nat, plassen",Dag,met lichtgewonden,3,Fiets,9,personenauto,Op Kruispunt,Gemeenteweg,binnen bebouwde kom,Tss. 2 best.: langs opzij (voor-/achterkant-flank),Geen hindernis
34788,143,Eco Display Classic Budastraat,Kortrijk,50.83066,3.26286,2.182164588961564,50.84725146107764,3.279456934336152,2022,9,17,34023,Kuurne,Regenval,"Nat, plassen",Dag,met lichtgewonden,3,Fiets,9,personenauto,Op Kruispunt,Gemeenteweg,binnen bebouwde kom,Tss. 2 best.: langs opzij (voor-/achterkant-flank),Geen hindernis
34789,16,Kortrijk 1,Kortrijk,50.83332,3.27777,1.7827223455120726,50.81810453722221,3.285768496170564,2022,9,15,34022,Kortrijk,Normaal,Droog,Dag,met lichtgewonden,9,personenauto,3,Fiets,Buiten Kruispunt,Gemeenteweg,binnen bebouwde kom,Tss. 2 best.: langs opzij (voor-/achterkant-flank),Geen hindernis
34789,17,Kortrijk 2,Kortrijk,50.83339,3.27773,1.7909946706921698,50.81810453722221,3.285768496170564,2022,9,15,34022,Kortrijk,Normaal,Droog,Dag,met lichtgewonden,9,personenauto,3,Fiets,Buiten Kruispunt,Gemeenteweg,binnen bebouwde kom,Tss. 2 best.: langs opzij (voor-/achterkant-flank),Geen hindernis
34789,75,Kortrijk teller 2,Kortrijk,50.81925,3.25731,2.003272779094852,50.81810453722221,3.285768496170564,2022,9,15,34022,Kortrijk,Normaal,Droog,Dag,met lichtgewonden,9,personenauto,3,Fiets,Buiten Kruispunt,Gemeenteweg,binnen bebouwde kom,Tss. 2 best.: langs opzij (voor-/achterkant-flank),Geen hindernis
34789,74,Kortrijk teller 1,Kortrijk,50.81909,3.25728,2.004328106192968,50.81810453722221,3.285768496170564,2022,9,15,34022,Kortrijk,Normaal,Droog,Dag,met lichtgewonden,9,personenauto,3,Fiets,Buiten Kruispunt,Gemeenteweg,binnen bebouwde kom,Tss. 2 best.: langs opzij (voor-/achterkant-flank),Geen hindernis
34789,143,Eco Display Classic Budastraat,Kortrijk,50.83066,3.26286,2.1303558651630365,50.81810453722221,3.285768496170564,2022,9,15,34022,Kortrijk,Normaal,Droog,Dag,met lichtgewonden,9,personenauto,3,Fiets,Buiten Kruispunt,Gemeenteweg,binnen bebouwde kom,Tss. 2 best.: langs opzij (voor-/achterkant-flank),Geen hindernis
34790,74,Kortrijk teller 1,Kortrijk,50.81909,3.25728,1.4159216156128185,50.812634042193345,3.2746518110999263,2022,9,13,34022,Kortrijk,Normaal,Droog,Dag,met lichtgewonden,9,personenauto,3,Fiets,Op Kruispunt,Gewestweg,binnen bebouwde kom,Tss. 2 best.: langs opzij (voor-/achterkant-flank),Geen hindernis
34790,75,Kortrijk teller 2,Kortrijk,50.81925,3.25731,1.42321779261447,50.812634042193345,3.2746518110999263,2022,9,13,34022,Kortrijk,Normaal,Droog,Dag,met lichtgewonden,9,personenauto,3,Fiets,Op Kruispunt,Gewestweg,binnen bebouwde kom,Tss. 2 best.: langs opzij (voor-/achterkant-flank),Geen hindernis
34790,143,Eco Display Classic Budastraat,Kortrijk,50.83066,3.26286,2.168807028766177,50.812634042193345,3.2746518110999263,2022,9,13,34022,Kortrijk,Normaal,Droog,Dag,met lichtgewonden,9,personenauto,3,Fiets,Op Kruispunt,Gewestweg,binnen bebouwde kom,Tss. 2 best.: langs opzij (voor-/achterkant-flank),Geen hindernis
34790,16,Kortrijk 1,Kortrijk,50.83332,3.27777,2.3105787536955766,50.812634042193345,3.2746518110999263,2022,9,13,34022,Kortrijk,Normaal,Droog,Dag,met lichtgewonden,9,personenauto,3,Fiets,Op Kruispunt,Gewestweg,binnen bebouwde kom,Tss. 2 best.: langs opzij (voor-/achterkant-flank),Geen hindernis
34790,17,Kortrijk 2,Kortrijk,50.83339,3.27773,2.3180636731251436,50.812634042193345,3.2746518110999263,2022,9,13,34022,Kortrijk,Normaal,Droog,Dag,met lichtgewonden,9,personenauto,3,Fiets,Op Kruispunt,Gewestweg,binnen bebouwde kom,Tss. 2 best.: langs opzij (voor-/achterkant-flank),Geen hindernis
34791,143,Eco Display Classic Budastraat,Kortrijk,50.83066,3.26286,0.8393302882880406,50.83203822299121,3.2511099561566263,2022,9,19,34022,Kortrijk,Normaal,Droog,Dag,met lichtgewonden,9,personenauto,3,Fiets,Buiten Kruispunt,Gemeenteweg,binnen bebouwde kom,Tussen 2 bestuurders: Langs achteren,Geen hindernis
34791,75,Kortrijk teller 2,Kortrijk,50.81925,3.25731,1.4871767299485186,50.83203822299121,3.2511099561566263,2022,9,19,34022,Kortrijk,Normaal,Droog,Dag,met lichtgewonden,9,personenauto,3,Fiets,Buiten Kruispunt,Gemeenteweg,binnen bebouwde kom,Tussen 2 bestuurders: Langs achteren,Geen hindernis
34791,74,Kortrijk teller 1,Kortrijk,50.81909,3.25728,1.5035885518539085,50.83203822299121,3.2511099561566263,2022,9,19,34022,Kortrijk,Normaal,Droog,Dag,met lichtgewonden,9,personenauto,3,Fiets,Buiten Kruispunt,Gemeenteweg,binnen bebouwde kom,Tussen 2 bestuurders: Langs achteren,Geen hindernis
34791,17,Kortrijk 2,Kortrijk,50.83339,3.27773,1.8755383005816189,50.83203822299121,3.2511099561566263,2022,9,19,34022,Kortrijk,Normaal,Droog,Dag,met lichtgewonden,9,personenauto,3,Fiets,Buiten Kruispunt,Gemeenteweg,binnen bebouwde kom,Tussen 2 bestuurders: Langs achteren,Geen hindernis
34791,16,Kortrijk 1,Kortrijk,50.83332,3.27777,1.8777330043591913,50.83203822299121,3.2511099561566263,2022,9,19,34022,Kortrijk,Normaal,Droog,Dag,met lichtgewonden,9,personenauto,3,Fiets,Buiten Kruispunt,Gemeenteweg,binnen bebouwde kom,Tussen 2 bestuurders: Langs achteren,Geen hindernis
34792,16,Kortrijk 1,Kortrijk,50.83332,3.27777,1.92515765779855,50.817688192864324,3.289552864546392,2022,9,17,34022,Kortrijk,Normaal,Droog,Dag,met lichtgewonden,3,Fiets,3,Fiets,Op Kruispunt,Gemeenteweg,binnen bebouwde kom,Tussen 2 bestuurders: Frontale botsing,Geen hindernis
34792,17,Kortrijk 2,Kortrijk,50.83339,3.27773,1.9333930764967953,50.817688192864324,3.289552864546392,2022,9,17,34022,Kortrijk,Normaal,Droog,Dag,met lichtgewonden,3,Fiets,3,Fiets,Op Kruispunt,Gemeenteweg,binnen bebouwde kom,Tussen 2 bestuurders: Frontale botsing,Geen hindernis
34792,75,Kortrijk teller 2,Kortrijk,50.81925,3.25731,2.2717306114268987,50.817688192864324,3.289552864546392,2022,9,17,34022,Kortrijk,Normaal,Droog,Dag,met lichtgewonden,3,Fiets,3,Fiets,Op Kruispunt,Gemeenteweg,binnen bebouwde kom,Tussen 2 bestuurders: Frontale botsing,Geen hindernis
34792,74,Kortrijk teller 1,Kortrijk,50.81909,3.25728,2.2725462704867625,50.817688192864324,3.289552864546392,2022,9,17,34022,Kortrijk,Normaal,Droog,Dag,met lichtgewonden,3,Fiets,3,Fiets,Op Kruispunt,Gemeenteweg,binnen bebouwde kom,Tussen 2 bestuurders: Frontale botsing,Geen hindernis
34792,143,Eco Display Classic Budastraat,Kortrijk,50.83066,3.26286,2.3655865666798497,50.817688192864324,3.289552864546392,2022,9,17,34022,Kortrijk,Normaal,Droog,Dag,met lichtgewonden,3,Fiets,3,Fiets,Op Kruispunt,Gemeenteweg,binnen bebouwde kom,Tussen 2 bestuurders: Frontale botsing,Geen hindernis
34793,16,Kortrijk 1,Kortrijk,50.83332,3.27777,0.3170648314164409,50.832055402085054,3.2818164285863203,2022,9,7,34022,Kortrijk,Onbekend,Onbekend,Onbekend,met lichtgewonden,3,Fiets,3,Fiets,Buiten Kruispunt,Gemeenteweg,onbekend,Tss. 2 best.: langs opzij (voor-/achterkant-flank),Geen hindernis
34793,17,Kortrijk 2,Kortrijk,50.83339,3.27773,0.32308527039951224,50.832055402085054,3.2818164285863203,2022,9,7,34022,Kortrijk,Onbekend,Onbekend,Onbekend,met lichtgewonden,3,Fiets,3,Fiets,Buiten Kruispunt,Gemeenteweg,onbekend,Tss. 2 best.: langs opzij (voor-/achterkant-flank),Geen hindernis
34793,143,Eco Display Classic Budastraat,Kortrijk,50.83066,3.26286,1.3403454943898805,50.832055402085054,3.2818164285863203,2022,9,7,34022,Kortrijk,Onbekend,Onbekend,Onbekend,met lichtgewonden,3,Fiets,3,Fiets,Buiten Kruispunt,Gemeenteweg,onbekend,Tss. 2 best.: langs opzij (voor-/achterkant-flank),Geen hindernis
34793,75,Kortrijk teller 2,Kortrijk,50.81925,3.25731,2.233931479852793,50.832055402085054,3.2818164285863203,2022,9,7,34022,Kortrijk,Onbekend,Onbekend,Onbekend,met lichtgewonden,3,Fiets,3,Fiets,Buiten Kruispunt,Gemeenteweg,onbekend,Tss. 2 best.: langs opzij (voor-/achterkant-flank),Geen hindernis
34793,74,Kortrijk teller 1,Kortrijk,50.81909,3.25728,2.24693145130181,50.832055402085054,3.2818164285863203,2022,9,7,34022,Kortrijk,Onbekend,Onbekend,Onbekend,met lichtgewonden,3,Fiets,3,Fiets,Buiten Kruispunt,Gemeenteweg,onbekend,Tss. 2 best.: langs opzij (voor-/achterkant-flank),Geen hindernis
34794,17,Kortrijk 2,Kortrijk,50.83339,3.27773,1.9369599784077607,50.849175561113015,3.289394516461483,2022,9,20,34023,Kuurne,Onbekend,Onbekend,Onbekend,met lichtgewonden,9,personenauto,3,Fiets,Op Kruispunt,Gemeenteweg,onbekend,Tss. 2 best.: langs opzij (voor-/achterkant-flank),Geen hindernis
34794,16,Kortrijk 1,Kortrijk,50.83332,3.27777,1.9428349123400466,50.849175561113015,3.289394516461483,2022,9,20,34023,Kuurne,Onbekend,Onbekend,Onbekend,met lichtgewonden,9,personenauto,3,Fiets,Op Kruispunt,Gemeenteweg,onbekend,Tss. 2 best.: langs opzij (voor-/achterkant-flank),Geen hindernis
34795,75,Kortrijk teller 2,Kortrijk,50.81925,3.25731,2.117522891814824,50.82562971545267,3.2289069921564666,2022,9,6,34022,Kortrijk,Normaal,Droog,Dageraad - schemering,met lichtgewonden,3,Fiets,6,Bromfiets,Op Kruispunt,Gemeenteweg,binnen bebouwde kom,Tussen 2 bestuurders: Flank tegen flank,Geen hindernis
34795,74,Kortrijk teller 1,Kortrijk,50.81909,3.25728,2.1215726857155586,50.82562971545267,3.2289069921564666,2022,9,6,34022,Kortrijk,Normaal,Droog,Dageraad - schemering,met lichtgewonden,3,Fiets,6,Bromfiets,Op Kruispunt,Gemeenteweg,binnen bebouwde kom,Tussen 2 bestuurders: Flank tegen flank,Geen hindernis
34795,143,Eco Display Classic Budastraat,Kortrijk,50.83066,3.26286,2.449446487617813,50.82562971545267,3.2289069921564666,2022,9,6,34022,Kortrijk,Normaal,Droog,Dageraad - schemering,met lichtgewonden,3,Fiets,6,Bromfiets,Op Kruispunt,Gemeenteweg,binnen bebouwde kom,Tussen 2 bestuurders: Flank tegen flank,Geen hindernis
34796,74,Kortrijk teller 1,Kortrijk,50.81909,3.25728,1.7832068472847757,50.81169019313835,3.234761819625931,2022,9,7,34022,Kortrijk,Normaal,Droog,Dag,met lichtgewonden,3,Fiets,7,Motorfiets,Buiten Kruispunt,Gemeenteweg,binnen bebouwde kom,Tss. 2 best.: langs opzij (voor-/achterkant-flank),Geen hindernis
34796,75,Kortrijk teller 2,Kortrijk,50.81925,3.25731,1.7933448305226978,50.81169019313835,3.234761819625931,2022,9,7,34022,Kortrijk,Normaal,Droog,Dag,met lichtgewonden,3,Fiets,7,Motorfiets,Buiten Kruispunt,Gemeenteweg,binnen bebouwde kom,Tss. 2 best.: langs opzij (voor-/achterkant-flank),Geen hindernis
34797,143,Eco Display Classic Budastraat,Kortrijk,50.83066,3.26286,0.6429045788525598,50.83185017073694,3.253901959378269,2022,9,8,34022,Kortrijk,Onbekend,Onbekend,Onbekend,met lichtgewonden,9,personenauto,3,Fiets,Op Kruispunt,Gewestweg,binnen bebouwde kom,Tss. 2 best.: langs opzij (voor-/achterkant-flank),Geen hindernis
34797,75,Kortrijk teller 2,Kortrijk,50.81925,3.25731,1.4213776803699263,50.83185017073694,3.253901959378269,2022,9,8,34022,Kortrijk,Onbekend,Onbekend,Onbekend,met lichtgewonden,9,personenauto,3,Fiets,Op Kruispunt,Gewestweg,binnen bebouwde kom,Tss. 2 best.: langs opzij (voor-/achterkant-flank),Geen hindernis
34797,74,Kortrijk teller 1,Kortrijk,50.81909,3.25728,1.4385688733385702,50.83185017073694,3.253901959378269,2022,9,8,34022,Kortrijk,Onbekend,Onbekend,Onbekend,met lichtgewonden,9,personenauto,3,Fiets,Op Kruispunt,Gewestweg,binnen bebouwde kom,Tss. 2 best.: langs opzij (voor-/achterkant-flank),Geen hindernis
34797,17,Kortrijk 2,Kortrijk,50.83339,3.27773,1.6821652163178562,50.83185017073694,3.253901959378269,2022,9,8,34022,Kortrijk,Onbekend,Onbekend,Onbekend,met lichtgewonden,9,personenauto,3,Fiets,Op Kruispunt,Gewestweg,binnen bebouwde kom,Tss. 2 best.: langs opzij (voor-/achterkant-flank),Geen hindernis
34797,16,Kortrijk 1,Kortrijk,50.83332,3.27777,1.6841879240681796,50.83185017073694,3.253901959378269,2022,9,8,34022,Kortrijk,Onbekend,Onbekend,Onbekend,met lichtgewonden,9,personenauto,3,Fiets,Op Kruispunt,Gewestweg,binnen bebouwde kom,Tss. 2 best.: langs opzij (voor-/achterkant-flank),Geen hindernis
34798,143,Eco Display Classic Budastraat,Kortrijk,50.83066,3.26286,0.25917041890676407,50.8328013347887,3.264317306328698,2022,9,16,34022,Kortrijk,Normaal,Droog,Dag,met lichtgewonden,3,Fiets,3,Fiets,Buiten Kruispunt,Gemeenteweg,binnen bebouwde kom,Tussen 2 bestuurders: Frontale botsing,Geen hindernis
34798,17,Kortrijk 2,Kortrijk,50.83339,3.27773,0.9442271366182357,50.8328013347887,3.264317306328698,2022,9,16,34022,Kortrijk,Normaal,Droog,Dag,met lichtgewonden,3,Fiets,3,Fiets,Buiten Kruispunt,Gemeenteweg,binnen bebouwde kom,Tussen 2 bestuurders: Frontale botsing,Geen hindernis
34798,16,Kortrijk 1,Kortrijk,50.83332,3.27777,0.9465241157545238,50.8328013347887,3.264317306328698,2022,9,16,34022,Kortrijk,Normaal,Droog,Dag,met lichtgewonden,3,Fiets,3,Fiets,Buiten Kruispunt,Gemeenteweg,binnen bebouwde kom,Tussen 2 bestuurders: Frontale botsing,Geen hindernis
34798,75,Kortrijk teller 2,Kortrijk,50.81925,3.25731,1.5851861549955497,50.8328013347887,3.264317306328698,2022,9,16,34022,Kortrijk,Normaal,Droog,Dag,met lichtgewonden,3,Fiets,3,Fiets,Buiten Kruispunt,Gemeenteweg,binnen bebouwde kom,Tussen 2 bestuurders: Frontale botsing,Geen hindernis
34798,74,Kortrijk teller 1,Kortrijk,50.81909,3.25728,1.6027564207830698,50.8328013347887,3.264317306328698,2022,9,16,34022,Kortrijk,Normaal,Droog,Dag,met lichtgewonden,3,Fiets,3,Fiets,Buiten Kruispunt,Gemeenteweg,binnen bebouwde kom,Tussen 2 bestuurders: Frontale botsing,Geen hindernis
34799,143,Eco Display Classic Budastraat,Kortrijk,50.83066,3.26286,0.43776704216033074,50.8331152301509,3.2579873647362985,2022,9,17,34022,Kortrijk,Normaal,Droog,Dag,met lichtgewonden,9,personenauto,3,Fiets,Buiten Kruispunt,Gewestweg,binnen bebouwde kom,Tussen 2 bestuurders: Flank tegen flank,Geen hindernis
34799,17,Kortrijk 2,Kortrijk,50.83339,3.27773,1.3868308671943865,50.8331152301509,3.2579873647362985,2022,9,17,34022,Kortrijk,Normaal,Droog,Dag,met lichtgewonden,9,personenauto,3,Fiets,Buiten Kruispunt,Gewestweg,binnen bebouwde kom,Tussen 2 bestuurders: Flank tegen flank,Geen hindernis
34799,16,Kortrijk 1,Kortrijk,50.83332,3.27777,1.389491022990921,50.8331152301509,3.2579873647362985,2022,9,17,34022,Kortrijk,Normaal,Droog,Dag,met lichtgewonden,9,personenauto,3,Fiets,Buiten Kruispunt,Gewestweg,binnen bebouwde kom,Tussen 2 bestuurders: Flank tegen flank,Geen hindernis
34799,75,Kortrijk teller 2,Kortrijk,50.81925,3.25731,1.5424771838947922,50.8331152301509,3.2579873647362985,2022,9,17,34022,Kortrijk,Normaal,Droog,Dag,met lichtgewonden,9,personenauto,3,Fiets,Buiten Kruispunt,Gewestweg,binnen bebouwde kom,Tussen 2 bestuurders: Flank tegen flank,Geen hindernis
34799,74,Kortrijk teller 1,Kortrijk,50.81909,3.25728,1.560325682179627,50.8331152301509,3.2579873647362985,2022,9,17,34022,Kortrijk,Normaal,Droog,Dag,met lichtgewonden,9,personenauto,3,Fiets,Buiten Kruispunt,Gewestweg,binnen bebouwde kom,Tussen 2 bestuurders: Flank tegen flank,Geen hindernis
34810,17,Kortrijk 2,Kortrijk,50.83339,3.27773,2.2351716005738553,50.84739787911213,3.300560115516117,2022,9,16,34013,Harelbeke,Normaal,Droog,Dag,met zwaargewonden,3,Fiets,3,Fiets,Buiten Kruispunt,Gemeenteweg,binnen bebouwde kom,Tss. 2 best.: langs opzij (voor-/achterkant-flank),Geen hindernis
34810,16,Kortrijk 1,Kortrijk,50.83332,3.27777,2.2385948574933883,50.84739787911213,3.300560115516117,2022,9,16,34013,Harelbeke,Normaal,Droog,Dag,met zwaargewonden,3,Fiets,3,Fiets,Buiten Kruispunt,Gemeenteweg,binnen bebouwde kom,Tss. 2 best.: langs opzij (voor-/achterkant-flank),Geen hindernis
34813,17,Kortrijk 2,Kortrijk,50.83339,3.27773,0.8415905761537656,50.837739713993415,3.2875374080412523,2022,9,6,34013,Harelbeke,Normaal,"Nat, plassen","Nacht, openbare verlichting aanwezig en ontstoken",met lichtgewonden,3,Fiets,9,personenauto,Op Kruispunt,Gemeenteweg,binnen bebouwde kom,Tussen 2 bestuurders: Langs achteren,Geen hindernis
34813,16,Kortrijk 1,Kortrijk,50.83332,3.27777,0.8438032928138378,50.837739713993415,3.2875374080412523,2022,9,6,34013,Harelbeke,Normaal,"Nat, plassen","Nacht, openbare verlichting aanwezig en ontstoken",met lichtgewonden,3,Fiets,9,personenauto,Op Kruispunt,Gemeenteweg,binnen bebouwde kom,Tussen 2 bestuurders: Langs achteren,Geen hindernis
34813,143,Eco Display Classic Budastraat,Kortrijk,50.83066,3.26286,1.9034411435877714,50.837739713993415,3.2875374080412523,2022,9,6,34013,Harelbeke,Normaal,"Nat, plassen","Nacht, openbare verlichting aanwezig en ontstoken",met lichtgewonden,3,Fiets,9,personenauto,Op Kruispunt,Gemeenteweg,binnen bebouwde kom,Tussen 2 bestuurders: Langs achteren,Geen hindernis
34825,67,Ieper totem,Ieper,50.85018,2.85624,1.3382870535618059,50.847562980037836,2.8748464762816317,2022,9,9,33011,Ieper,"Andere (dikke rook,...)",Droog,Dag,met lichtgewonden,3,Fiets,10,"één bestuurder, geen hindernis",Buiten Kruispunt,Gemeenteweg,binnen bebouwde kom,"Eén bestuurder, geen hindernis (incl. val)",Geen hindernis
34825,68,Ieper,Ieper,50.85032,2.85608,1.352694241545522,50.847562980037836,2.8748464762816317,2022,9,9,33011,Ieper,"Andere (dikke rook,...)",Droog,Dag,met lichtgewonden,3,Fiets,10,"één bestuurder, geen hindernis",Buiten Kruispunt,Gemeenteweg,binnen bebouwde kom,"Eén bestuurder, geen hindernis (incl. val)",Geen hindernis
34826,67,Ieper totem,Ieper,50.85018,2.85624,1.2297638584201742,50.85047064027859,2.8737512705202666,2022,9,12,33011,Ieper,Normaal,Droog,Dag,met lichtgewonden,9,personenauto,3,Fiets,Op Kruispunt,Gewestweg,binnen bebouwde kom,Tss. 2 best.: langs opzij (voor-/achterkant-flank),Geen hindernis
34826,68,Ieper,Ieper,50.85032,2.85608,1.240682791484795,50.85047064027859,2.8737512705202666,2022,9,12,33011,Ieper,Normaal,Droog,Dag,met lichtgewonden,9,personenauto,3,Fiets,Op Kruispunt,Gewestweg,binnen bebouwde kom,Tss. 2 best.: langs opzij (voor-/achterkant-flank),Geen hindernis
34827,67,Ieper totem,Ieper,50.85018,2.85624,1.4518025588107608,50.848938875243945,2.8768261566082898,2022,9,8,33011,Ieper,Regenval,"Nat, plassen",Dag,met lichtgewonden,9,personenauto,3,Fiets,Op Kruispunt,Gewestweg,binnen bebouwde kom,Tss. 2 best.: langs opzij (voor-/achterkant-flank),Geen hindernis
34827,68,Ieper,Ieper,50.85032,2.85608,1.4645330333189028,50.848938875243945,2.8768261566082898,2022,9,8,33011,Ieper,Regenval,"Nat, plassen",Dag,met lichtgewonden,9,personenauto,3,Fiets,Op Kruispunt,Gewestweg,binnen bebouwde kom,Tss. 2 best.: langs opzij (voor-/achterkant-flank),Geen hindernis
34828,67,Ieper totem,Ieper,50.85018,2.85624,2.1612001430068575,50.85921178732888,2.8835019598280804,2022,9,18,33011,Ieper,Normaal,Droog,Dag,met lichtgewonden,9,personenauto,3,Fiets,Buiten Kruispunt,Gemeenteweg,binnen bebouwde kom,Tussen 2 bestuurders: Langs achteren,Geen hindernis
34828,68,Ieper,Ieper,50.85032,2.85608,2.163992137794351,50.85921178732888,2.8835019598280804,2022,9,18,33011,Ieper,Normaal,Droog,Dag,met lichtgewonden,9,personenauto,3,Fiets,Buiten Kruispunt,Gemeenteweg,binnen bebouwde kom,Tussen 2 bestuurders: Langs achteren,Geen hindernis
34829,67,Ieper totem,Ieper,50.85018,2.85624,2.404710656608218,50.861502242586425,2.885427608359196,2022,9,16,33011,Ieper,Normaal,Droog,Dag,met lichtgewonden,9,personenauto,3,Fiets,Op Kruispunt,Gemeenteweg,buiten bebouwde kom,Tss. 2 best.: langs opzij (voor-/achterkant-flank),Geen hindernis
34829,68,Ieper,Ieper,50.85032,2.85608,2.406202851673896,50.861502242586425,2.885427608359196,2022,9,16,33011,Ieper,Normaal,Droog,Dag,met lichtgewonden,9,personenauto,3,Fiets,Op Kruispunt,Gemeenteweg,buiten bebouwde kom,Tss. 2 best.: langs opzij (voor-/achterkant-flank),Geen hindernis
34830,67,Ieper totem,Ieper,50.85018,2.85624,0.6652278788405891,50.84891415501918,2.8655011101739754,2022,9,7,33011,Ieper,Normaal,Droog,Dageraad - schemering,met lichtgewonden,3,Fiets,11,een weggebruiker tegen een hindernis,Buiten Kruispunt,Gewestweg,buiten bebouwde kom,Weggebruiker tegen hindernis buiten rijbaan,Buiten de rijbaan: Gracht
34830,68,Ieper,Ieper,50.85032,2.85608,0.6796203648202465,50.84891415501918,2.8655011101739754,2022,9,7,33011,Ieper,Normaal,Droog,Dageraad - schemering,met lichtgewonden,3,Fiets,11,een weggebruiker tegen een hindernis,Buiten Kruispunt,Gewestweg,buiten bebouwde kom,Weggebruiker tegen hindernis buiten rijbaan,Buiten de rijbaan: Gracht
34831,67,Ieper totem,Ieper,50.85018,2.85624,1.3382870535618059,50.847562980037836,2.8748464762816317,2022,9,16,33011,Ieper,Normaal,"Nat, plassen",Dag,met lichtgewonden,3,Fiets,11,een weggebruiker tegen een hindernis,Buiten Kruispunt,Gemeenteweg,binnen bebouwde kom,Weggebruiker tegen hindernis op de rijbaan,"Op de rijbaan: Verkeersdrempel, ezelsrug"
34831,68,Ieper,Ieper,50.85032,2.85608,1.352694241545522,50.847562980037836,2.8748464762816317,2022,9,16,33011,Ieper,Normaal,"Nat, plassen",Dag,met lichtgewonden,3,Fiets,11,een weggebruiker tegen een hindernis,Buiten Kruispunt,Gemeenteweg,binnen bebouwde kom,Weggebruiker tegen hindernis op de rijbaan,"Op de rijbaan: Verkeersdrempel, ezelsrug"