crash_row_id,site_id,site_name,site_gemeente,site_lat,site_long,distance_km,crash_lat,crash_long,DT_YEAR_COLLISION,DT_MONTH_COLLISION,DT_TIME,CD_NIS,TX_MUNTY_COLLISION_NL,TX_WEATHER_NL,TX_ROAD_CONDITION_NL,TX_LIGHT_CONDITION_NL,TX_CLASS_ACCIDENTS_NL,CD_ROAD_USR_TYPE1,TX_ROAD_USR_TYPE1_NL,CD_ROAD_USR_TYPE2,TX_ROAD_USR_TYPE2_NL,TX_CROSSWAY_NL,CD_ROAD_TYPE_NL,TX_BUILD_UP_AREA_NL,TX_COLLISION_TYPE_NL,TX_OBSTACLES_NL
34842,35,Lanaken teller 1,Lanaken,50.88112,5.6314,1.6714631280131267,50.86609027619781,5.631798661765668,2022,9,8,73042,Lanaken,Normaal,Droog,Dag,met lichtgewonden,3,Fiets,9,personenauto,Op Kruispunt,Gemeenteweg,binnen bebouwde kom,Tss. 2 best.: langs opzij (voor-/achterkant-flank),Geen hindernis
34842,36,Lanaken teller 2,Lanaken,50.88131,5.63012,1.6964501138917996,50.86609027619781,5.631798661765668,2022,9,8,73042,Lanaken,Normaal,Droog,Dag,met lichtgewonden,3,Fiets,9,personenauto,Op Kruispunt,Gemeenteweg,binnen bebouwde kom,Tss. 2 best.: langs opzij (voor-/achterkant-flank),Geen hindernis
34843,48,As,As,51.00509,5.60389,2.33760359123679,50.99036160123479,5.6277252807168106,2022,9,20,73107,Maasmechelen,Normaal,Droog,"Nacht, openbare verlichting aanwezig en ontstoken",met lichtgewonden,3,Fiets,11,een weggebruiker tegen een hindernis,Buiten Kruispunt,Gewestweg,buiten bebouwde kom,Weggebruiker tegen hindernis op de rijbaan,Op de rijbaan: Dier (wild dier)
34847,124,Beveren teller 2,Beveren,51.1964712,4.2361077,2.027267303861448,51.20792801116022,4.25874221287137,2022,9,19,46003,Beveren,Normaal,Droog,Dageraad - schemering,met lichtgewonden,3,Fiets,11,een weggebruiker tegen een hindernis,Buiten Kruispunt,Gemeenteweg,binnen bebouwde kom,Weggebruiker tegen hindernis op de rijbaan,"Op de rijbaan: Put, straatgoot, tramspoor"
34849,124,Beveren teller 2,Beveren,51.1964712,4.2361077,0.6949383708790399,51.2026604663289,4.234723668063314,2022,9,18,46003,Beveren,Normaal,Droog,Dag,met lichtgewonden,9,personenauto,3,Fiets,Op Kruispunt,Gewestweg,buiten bebouwde kom,Tss. 2 best.: langs opzij (voor-/achterkant-flank),Geen hindernis
34850,124,Beveren teller 2,Beveren,51.1964712,4.2361077,1.8712794075426769,51.213048014242446,4.231476783393373,2022,9,17,46003,Beveren,Normaal,Droog,Dag,met lichtgewonden,9,personenauto,3,Fiets,Buiten Kruispunt,Gemeenteweg,buiten bebouwde kom,Tss. 2 best.: langs opzij (voor-/achterkant-flank),Geen hindernis
34855,124,Beveren teller 2,Beveren,51.1964712,4.2361077,0.7593643141298604,51.199535040065214,4.2263678898562915,2022,9,11,46003,Beveren,Normaal,Droog,Dag,met lichtgewonden,3,Fiets,99,onbekend,Buiten Kruispunt,Gemeenteweg,binnen bebouwde kom,Tss. 2 best.: langs opzij (voor-/achterkant-flank),Geen hindernis
34856,106,St. pieters leeuw teller 1,Sint-Pieters-Leeuw,50.75533,4.24951,0.5759861388841198,50.75576815923002,4.2576686401668,2022,9,17,23077,Sint-Pieters-Leeuw,Normaal,Droog,Dag,met lichtgewonden,3,Fiets,3,Fiets,Buiten Kruispunt,Gemeenteweg,binnen bebouwde kom,Tussen 2 bestuurders: Frontale botsing,Geen hindernis
34856,105,St. pieters leeuw teller 2,Halle,50.75509,4.24943,0.5844361881608321,50.75576815923002,4.2576686401668,2022,9,17,23077,Sint-Pieters-Leeuw,Normaal,Droog,Dag,met lichtgewonden,3,Fiets,3,Fiets,Buiten Kruispunt,Gemeenteweg,binnen bebouwde kom,Tussen 2 bestuurders: Frontale botsing,Geen hindernis
34858,99,Mechelen teller 1,Mechelen,51.04564,4.46882,1.8448977012557082,51.034587171232324,4.488499441105961,2022,9,12,12025,Mechelen,Normaal,Droog,Dag,met lichtgewonden,3,Fiets,3,Fiets,Buiten Kruispunt,Gemeenteweg,binnen bebouwde kom,Tussen 2 bestuurders: Frontale botsing,Geen hindernis
34858,100,Mechelen teller 2,Mechelen,51.0457,4.46883,1.8488281030085372,51.034587171232324,4.488499441105961,2022,9,12,12025,Mechelen,Normaal,Droog,Dag,met lichtgewonden,3,Fiets,3,Fiets,Buiten Kruispunt,Gemeenteweg,binnen bebouwde kom,Tussen 2 bestuurders: Frontale botsing,Geen hindernis
34859,99,Mechelen teller 1,Mechelen,51.04564,4.46882,0.2682826900962946,51.04337529176292,4.4701434366860875,2022,9,17,12025,Mechelen,Normaal,"Nat, plassen",Dag,met lichtgewonden,9,personenauto,3,Fiets,Op Kruispunt,Gewestweg,binnen bebouwde kom,Tss. 2 best.: langs opzij (voor-/achterkant-flank),Geen hindernis
34859,100,Mechelen teller 2,Mechelen,51.0457,4.46883,0.27431991242964576,51.04337529176292,4.4701434366860875,2022,9,17,12025,Mechelen,Normaal,"Nat, plassen",Dag,met lichtgewonden,9,personenauto,3,Fiets,Op Kruispunt,Gewestweg,binnen bebouwde kom,Tss. 2 best.: langs opzij (voor-/achterkant-flank),Geen hindernis
34861,99,Mechelen teller 1,Mechelen,51.04564,4.46882,1.8552700550925105,51.029010404192476,4.470977520321203,2022,9,18,12025,Mechelen,Normaal,"Nat, plassen",Dag,met lichtgewonden,9,personenauto,3,Fiets,Buiten Kruispunt,Gewestweg,binnen bebouwde kom,Tss. 2 best.: langs opzij (voor-/achterkant-flank),Geen hindernis
34861,100,Mechelen teller 2,Mechelen,51.0457,4.46883,1.8618632091867302,51.029010404192476,4.470977520321203,2022,9,18,12025,Mechelen,Normaal,"Nat, plassen",Dag,met lichtgewonden,9,personenauto,3,Fiets,Buiten Kruispunt,Gewestweg,binnen bebouwde kom,Tss. 2 best.: langs opzij (voor-/achterkant-flank),Geen hindernis
34862,99,Mechelen teller 1,Mechelen,51.04564,4.46882,1.7929105181844833,51.032353012084656,4.483347187245805,2022,9,20,12025,Mechelen,Normaal,Droog,Dageraad - schemering,met lichtgewonden,3,Fiets,3,Fiets,Buiten Kruispunt,Gewestweg,binnen bebouwde kom,Tussen 2 bestuurders: Langs achteren,Geen hindernis
34862,100,Mechelen teller 2,Mechelen,51.0457,4.46883,1.7980171245653644,51.032353012084656,4.483347187245805,2022,9,20,12025,Mechelen,Normaal,Droog,Dageraad - schemering,met lichtgewonden,3,Fiets,3,Fiets,Buiten Kruispunt,Gewestweg,binnen bebouwde kom,Tussen 2 bestuurders: Langs achteren,Geen hindernis
34865,109,Zemst,Zemst,50.9903936,4.4707023,1.2564224923190817,51.00030400042256,4.47932580554792,2022,9,6,23096,Zemst,Normaal,Droog,Dageraad - schemering,met lichtgewonden,3,Fiets,9,personenauto,Op Kruispunt,Gewestweg,binnen bebouwde kom,Tussen 2 bestuurders: Frontale botsing,Geen hindernis
34866,99,Mechelen teller 1,Mechelen,51.04564,4.46882,2.312055889432512,51.02956016499744,4.489784307914354,2022,9,17,12025,Mechelen,Normaal,Droog,Dag,met lichtgewonden,3,Fiets,3,Fiets,Op Kruispunt,Gewestweg,binnen bebouwde kom,Tussen 2 bestuurders: Frontale botsing,Geen hindernis
34866,100,Mechelen teller 2,Mechelen,51.0457,4.46883,2.3167763699526605,51.02956016499744,4.489784307914354,2022,9,17,12025,Mechelen,Normaal,Droog,Dag,met lichtgewonden,3,Fiets,3,Fiets,Op Kruispunt,Gewestweg,binnen bebouwde kom,Tussen 2 bestuurders: Frontale botsing,Geen hindernis
34867,99,Mechelen teller 1,Mechelen,51.04564,4.46882,2.360439582518716,51.02884197009726,4.4894602430130774,2022,9,18,12025,Mechelen,Onbekend,"Nat, plassen",Dag,met lichtgewonden,3,Fiets,9,personenauto,Op Kruispunt,Gewestweg,binnen bebouwde kom,Tussen 2 bestuurders: Frontale botsing,Geen hindernis
34867,100,Mechelen teller 2,Mechelen,51.0457,4.46883,2.3652954728340383,51.02884197009726,4.4894602430130774,2022,9,18,12025,Mechelen,Onbekend,"Nat, plassen",Dag,met lichtgewonden,3,Fiets,9,personenauto,Op Kruispunt,Gewestweg,binnen bebouwde kom,Tussen 2 bestuurders: Frontale botsing,Geen hindernis
34872,137,Hasselt-Kempische brug,Hasselt,50.9411605,5.3417576,1.1547981162309877,50.95029274150177,5.349606845828326,2022,9,18,71022,Hasselt,Normaal,Droog,Dag,met lichtgewonden,3,Fiets,3,Fiets,Buiten Kruispunt,Gemeenteweg,binnen bebouwde kom,Tss. 2 best.: langs opzij (voor-/achterkant-flank),Geen hindernis
34872,138,Hasselt-Kempische brug,Hasselt,50.9405318,5.3422472,1.2016151746367219,50.95029274150177,5.349606845828326,2022,9,18,71022,Hasselt,Normaal,Droog,Dag,met lichtgewonden,3,Fiets,3,Fiets,Buiten Kruispunt,Gemeenteweg,binnen bebouwde kom,Tss. 2 best.: langs opzij (voor-/achterkant-flank),Geen hindernis
34872,140,Hasselt ring,Hasselt,50.9300038,5.3438616,2.2916609325327277,50.95029274150177,5.349606845828326,2022,9,18,71022,Hasselt,Normaal,Droog,Dag,met lichtgewonden,3,Fiets,3,Fiets,Buiten Kruispunt,Gemeenteweg,binnen bebouwde kom,Tss. 2 best.: langs opzij (voor-/achterkant-flank),Geen hindernis
34873,140,Hasselt ring,Hasselt,50.9300038,5.3438616,0.2452802356954134,50.928189534334244,5.341870916366932,2022,7,10,71022,Hasselt,Normaal,Droog,Dag,met lichtgewonden,3,Fiets,3,Fiets,Buiten Kruispunt,Gewestweg,binnen bebouwde kom,Tussen 2 bestuurders: Flank tegen flank,Geen hindernis
34873,138,Hasselt-Kempische brug,Hasselt,50.9405318,5.3422472,1.372650617431397,50.928189534334244,5.341870916366932,2022,7,10,71022,Hasselt,Normaal,Droog,Dag,met lichtgewonden,3,Fiets,3,Fiets,Buiten Kruispunt,Gewestweg,binnen bebouwde kom,Tussen 2 bestuurders: Flank tegen flank,Geen hindernis
34873,137,Hasselt-Kempische brug,Hasselt,50.9411605,5.3417576,1.4423274346864998,50.928189534334244,5.341870916366932,2022,7,10,71022,Hasselt,Normaal,Droog,Dag,met lichtgewonden,3,Fiets,3,Fiets,Buiten Kruispunt,Gewestweg,binnen bebouwde kom,Tussen 2 bestuurders: Flank tegen flank,Geen hindernis
34874,137,Hasselt-Kempische brug,Hasselt,50.9411605,5.3417576,1.0324207940157901,50.94511381997876,5.355090744123104,2022,9,8,71022,Hasselt,Normaal,Droog,Dag,met lichtgewonden,9,personenauto,3,Fiets,Op Kruispunt,Gemeenteweg,binnen bebouwde kom,Tss. 2 best.: langs opzij (voor-/achterkant-flank),Geen hindernis
34874,138,Hasselt-Kempische brug,Hasselt,50.9405318,5.3422472,1.034089299714997,50.94511381997876,5.355090744123104,2022,9,8,71022,Hasselt,Normaal,Droog,Dag,met lichtgewonden,9,personenauto,3,Fiets,Op Kruispunt,Gemeenteweg,binnen bebouwde kom,Tss. 2 best.: langs opzij (voor-/achterkant-flank),Geen hindernis
34874,140,Hasselt ring,Hasselt,50.9300038,5.3438616,1.855275977014874,50.94511381997876,5.355090744123104,2022,9,8,71022,Hasselt,Normaal,Droog,Dag,met lichtgewonden,9,personenauto,3,Fiets,Op Kruispunt,Gemeenteweg,binnen bebouwde kom,Tss. 2 best.: langs opzij (voor-/achterkant-flank),Geen hindernis
34875,140,Hasselt ring,Hasselt,50.9300038,5.3438616,0.3152599178708621,50.92935872408262,5.339481216836404,2022,9,10,71022,Hasselt,Normaal,Droog,Dag,met lichtgewonden,9,personenauto,3,Fiets,Buiten Kruispunt,Gemeenteweg,binnen bebouwde kom,Tussen 2 bestuurders: Frontale botsing,Geen hindernis
34875,138,Hasselt-Kempische brug,Hasselt,50.9405318,5.3422472,1.2574180949271005,50.92935872408262,5.339481216836404,2022,9,10,71022,Hasselt,Normaal,Droog,Dag,met lichtgewonden,9,personenauto,3,Fiets,Buiten Kruispunt,Gemeenteweg,binnen bebouwde kom,Tussen 2 bestuurders: Frontale botsing,Geen hindernis
34875,137,Hasselt-Kempische brug,Hasselt,50.9411605,5.3417576,1.321957161681304,50.92935872408262,5.339481216836404,2022,9,10,71022,Hasselt,Normaal,Droog,Dag,met lichtgewonden,9,personenauto,3,Fiets,Buiten Kruispunt,Gemeenteweg,binnen bebouwde kom,Tussen 2 bestuurders: Frontale botsing,Geen hindernis
34879,76,Heverlee teller 2,Leuven,50.84606,4.69597,1.4982509286278365,50.833222077483605,4.702448817455321,2022,9,15,24086,Oud-Heverlee,Normaal,Droog,Dag,met lichtgewonden,9,personenauto,3,Fiets,Buiten Kruispunt,Gemeenteweg,binnen bebouwde kom,Tussen 2 bestuurders: Frontale botsing,Geen hindernis
34879,108,Heverlee teller 1,Leuven,50.8471728,4.6954674,1.6268656582232128,50.833222077483605,4.702448817455321,2022,9,15,24086,Oud-Heverlee,Normaal,Droog,Dag,met lichtgewonden,9,personenauto,3,Fiets,Buiten Kruispunt,Gemeenteweg,binnen bebouwde kom,Tussen 2 bestuurders: Frontale botsing,Geen hindernis
34883,12,Tervuren,Kraainem,50.81896,4.47803,1.9558655847102995,50.816318450549154,4.505555001976856,2022,9,14,24104,Tervuren,Normaal,Droog,Dag,met lichtgewonden,3,Fiets,11,een weggebruiker tegen een hindernis,Buiten Kruispunt,Gemeenteweg,binnen bebouwde kom,Weggebruiker tegen hindernis buiten rijbaan,Andere hindernis
34886,14,Genk,Genk,50.97172,5.48927,1.7830340472345112,50.98773214446527,5.490635590183311,2022,9,16,71016,Genk,Normaal,Droog,Dag,met lichtgewonden,9,personenauto,3,Fiets,Op Kruispunt,Gemeenteweg,buiten bebouwde kom,Tss. 2 best.: langs opzij (voor-/achterkant-flank),Geen hindernis
34887,14,Genk,Genk,50.97172,5.48927,1.2817100998360325,50.96472146470356,5.474726342846017,2022,9,11,71016,Genk,Regenval,"Nat, plassen",Dag,met lichtgewonden,3,Fiets,9,personenauto,Buiten Kruispunt,Gewestweg,buiten bebouwde kom,Tussen 2 bestuurders: Flank tegen flank,Geen hindernis
34888,139,Houthalen-Helchteren,Houthalen-Helchteren,51.0644267,5.3819796,1.0038662085684176,51.059330893911316,5.393837297654741,2022,9,5,72039,Houthalen-Helchteren,Normaal,Droog,Dag,met lichtgewonden,6,Bromfiets,3,Fiets,Buiten Kruispunt,Gewestweg,buiten bebouwde kom,Tss. 2 best.: langs opzij (voor-/achterkant-flank),Geen hindernis
34891,25,Bree,Bree,51.13679500160176,5.597669323604317,0.49396363184581016,51.14058429023375,5.601364537453589,2022,9,15,72004,Bree,Normaal,Droog,Dag,met lichtgewonden,5,Lichte vrachtauto,3,Fiets,Op Kruispunt,Gewestweg,binnen bebouwde kom,Tss. 2 best.: langs opzij (voor-/achterkant-flank),Geen hindernis
34892,14,Genk,Genk,50.97172,5.48927,1.1853416747197265,50.96497616825434,5.476160458695383,2022,9,15,71016,Genk,Normaal,Droog,Dag,met lichtgewonden,9,personenauto,3,Fiets,Buiten Kruispunt,Gewestweg,buiten bebouwde kom,Tss. 2 best.: langs opzij (voor-/achterkant-flank),Geen hindernis
34895,139,Houthalen-Helchteren,Houthalen-Helchteren,51.0644267,5.3819796,0.9041677117789826,51.05629612429366,5.381798135195535,2022,9,1,72039,Houthalen-Helchteren,Normaal,Droog,"Nacht, openbare verlichting aanwezig en ontstoken",met lichtgewonden,3,Fiets,10,"één bestuurder, geen hindernis",Buiten Kruispunt,Gewestweg,buiten bebouwde kom,"Eén bestuurder, geen hindernis (incl. val)",Geen hindernis
34904,25,Bree,Bree,51.13679500160176,5.597669323604317,0.45866356157254523,51.1409177106955,5.597457020592639,2022,9,12,72004,Bree,Normaal,Droog,Dag,met lichtgewonden,9,personenauto,3,Fiets,Op Kruispunt,Gemeenteweg,binnen bebouwde kom,Tussen 2 bestuurders: Frontale botsing,Geen hindernis
34908,48,As,As,51.00509,5.60389,2.09578044970649,51.01382236724798,5.577343479948718,2022,9,17,71002,As,"Andere (dikke rook,...)",Droog,Dag,met lichtgewonden,9,personenauto,3,Fiets,Op Kruispunt,Gemeenteweg,buiten bebouwde kom,Tss. 2 best.: langs opzij (voor-/achterkant-flank),Geen hindernis
34910,14,Genk,Genk,50.97172,5.48927,2.092491689108864,50.98333289306985,5.51278819884026,2022,9,12,71016,Genk,Normaal,Droog,Dag,met lichtgewonden,9,personenauto,3,Fiets,Op Kruispunt,Gemeenteweg,buiten bebouwde kom,Tussen 2 bestuurders: Frontale botsing,Geen hindernis
34911,14,Genk,Genk,50.97172,5.48927,1.0288228956187384,50.96564386218679,5.5003501577691765,2022,9,7,71016,Genk,Onbekend,Onbekend,Dag,met lichtgewonden,3,Fiets,11,een weggebruiker tegen een hindernis,Buiten Kruispunt,Gemeenteweg,onbekend,Weggebruiker tegen hindernis buiten rijbaan,Andere hindernis
34913,14,Genk,Genk,50.97172,5.48927,0.8985299502988946,50.96653460091434,5.4991113679935015,2022,9,0,71016,Genk,Normaal,Droog,"Nacht, openbare verlichting aanwezig en ontstoken",met lichtgewonden,3,Fiets,10,"één bestuurder, geen hindernis",Buiten Kruispunt,Gemeenteweg,binnen bebouwde kom,"Eén bestuurder, geen hindernis (incl. val)",Geen hindernis
34915,14,Genk,Genk,50.97172,5.48927,0.9276905817580028,50.96630829245937,5.499352925318185,2022,9,12,71016,Genk,Normaal,Droog,Dag,met lichtgewonden,9,personenauto,3,Fiets,Buiten Kruispunt,Gewestweg,binnen bebouwde kom,Tss. 2 best.: langs opzij (voor-/achterkant-flank),Geen hindernis
34916,22,Tienen 2,Tienen,50.81330800184882,4.935984252796022,2.195925936572768,50.79363840087058,4.938773604446562,2022,9,13,24107,Tienen,Normaal,Droog,Dag,met lichtgewonden,9,personenauto,3,Fiets,Op Kruispunt,Gewestweg,binnen bebouwde kom,Tss. 2 best.: langs opzij (voor-/achterkant-flank),Geen hindernis
34916,23,Tienen 3,Tienen,50.81324,4.93447,2.200479951574425,50.79363840087058,4.938773604446562,2022,9,13,24107,Tienen,Normaal,Droog,Dag,met lichtgewonden,9,personenauto,3,Fiets,Op Kruispunt,Gewestweg,binnen bebouwde kom,Tss. 2 best.: langs opzij (voor-/achterkant-flank),Geen hindernis
34916,24,Tienen 1,Tienen,50.8133795491886,4.935044252605416,2.210704568550519,50.79363840087058,4.938773604446562,2022,9,13,24107,Tienen,Normaal,Droog,Dag,met lichtgewonden,9,personenauto,3,Fiets,Op Kruispunt,Gewestweg,binnen bebouwde kom,Tss. 2 best.: langs opzij (voor-/achterkant-flank),Geen hindernis
34918,22,Tienen 2,Tienen,50.81330800184882,4.935984252796022,1.4073213016893868,50.820624539193275,4.952329958393055,2022,9,7,24107,Tienen,Normaal,Droog,Dag,met lichtgewonden,9,personenauto,3,Fiets,Op Kruispunt,Gemeenteweg,binnen bebouwde kom,Tss. 2 best.: langs opzij (voor-/achterkant-flank),Geen hindernis
34918,24,Tienen 1,Tienen,50.8133795491886,4.935044252605416,1.457291033139697,50.820624539193275,4.952329958393055,2022,9,7,24107,Tienen,Normaal,Droog,Dag,met lichtgewonden,9,personenauto,3,Fiets,Op Kruispunt,Gemeenteweg,binnen bebouwde kom,Tss. 2 best.: langs opzij (voor-/achterkant-flank),Geen hindernis
34918,23,Tienen 3,Tienen,50.81324,4.93447,1.4995179524837288,50.820624539193275,4.952329958393055,2022,9,7,24107,Tienen,Normaal,Droog,Dag,met lichtgewonden,9,personenauto,3,Fiets,Op Kruispunt,Gemeenteweg,binnen bebouwde kom,Tss. 2 best.: langs opzij (voor-/achterkant-flank),Geen hindernis
34919,23,Tienen 3,Tienen,50.81324,4.93447,1.685880475759281,50.80092518506993,4.920474883585726,2022,9,16,24107,Tienen,Normaal,Droog,Dag,met lichtgewonden,9,personenauto,3,Fiets,Op Kruispunt,Gewestweg,buiten bebouwde kom,Tussen 2 bestuurders: Frontale botsing,Geen hindernis
34919,24,Tienen 1,Tienen,50.8133795491886,4.935044252605416,1.7221844601086584,50.80092518506993,4.920474883585726,2022,9,16,24107,Tienen,Normaal,Droog,Dag,met lichtgewonden,9,personenauto,3,Fiets,Op Kruispunt,Gewestweg,buiten bebouwde kom,Tussen 2 bestuurders: Frontale botsing,Geen hindernis
34919,22,Tienen 2,Tienen,50.81330800184882,4.935984252796022,1.7560050340787796,50.80092518506993,4.920474883585726,2022,9,16,24107,Tienen,Normaal,Droog,Dag,met lichtgewonden,9,personenauto,3,Fiets,Op Kruispunt,Gewestweg,buiten bebouwde kom,Tussen 2 bestuurders: Frontale botsing,Geen hindernis
34920,23,Tienen 3,Tienen,50.81324,4.93447,0.5130857836046033,50.8096646301406,4.929853704857186,2022,9,15,24107,Tienen,Normaal,Droog,Dag,met lichtgewonden,9,personenauto,3,Fiets,Op Kruispunt,Gemeenteweg,binnen bebouwde kom,Tss. 2 best.: langs opzij (voor-/achterkant-flank),Geen hindernis
34920,24,Tienen 1,Tienen,50.8133795491886,4.935044252605416,0.5510324051821548,50.8096646301406,4.929853704857186,2022,9,15,24107,Tienen,Normaal,Droog,Dag,met lichtgewonden,9,personenauto,3,Fiets,Op Kruispunt,Gemeenteweg,binnen bebouwde kom,Tss. 2 best.: langs opzij (voor-/achterkant-flank),Geen hindernis
34920,22,Tienen 2,Tienen,50.81330800184882,4.935984252796022,0.5913225358143006,50.8096646301406,4.929853704857186,2022,9,15,24107,Tienen,Normaal,Droog,Dag,met lichtgewonden,9,personenauto,3,Fiets,Op Kruispunt,Gemeenteweg,binnen bebouwde kom,Tss. 2 best.: langs opzij (voor-/achterkant-flank),Geen hindernis
34921,131,Nevele,Deinze,51.0276612,3.558569,2.3666930508704884,51.00909933928491,3.575125273551059,2022,9,7,44083,Deinze,Regenval,"Nat, plassen",Dag,met lichtgewonden,3,Fiets,3,Fiets,Buiten Kruispunt,Gewestweg,buiten bebouwde kom,Tss. 2 best.: langs opzij (voor-/achterkant-flank),Geen hindernis
34926,113,Deinze teller 2,Deinze,50.96018,3.55578,1.704794755652437,50.971424191116526,3.539230888847952,2022,9,17,44083,Deinze,Regenval,"Nat, plassen",Dag,met lichtgewonden,9,personenauto,3,Fiets,Op Kruispunt,Gewestweg,binnen bebouwde kom,Tss. 2 best.: langs opzij (voor-/achterkant-flank),Geen hindernis
34926,114,Deinze teller 1,Nazareth,50.9598305,3.555502,1.7205465352156775,50.971424191116526,3.539230888847952,2022,9,17,44083,Deinze,Regenval,"Nat, plassen",Dag,met lichtgewonden,9,personenauto,3,Fiets,Op Kruispunt,Gewestweg,binnen bebouwde kom,Tss. 2 best.: langs opzij (voor-/achterkant-flank),Geen hindernis
34932,12,Tervuren,Kraainem,50.81896,4.47803,2.120791788789818,50.83696317120015,4.468060512813426,2022,10,8,23099,Kraainem,Regenval,"Nat, plassen",Dag,met lichtgewonden,3,Fiets,10,"één bestuurder, geen hindernis",Op Kruispunt,Gemeenteweg,binnen bebouwde kom,"Eén bestuurder, geen hindernis (incl. val)",Geen hindernis
34988,2,Brasschaat 2,Brasschaat,51.27512,4.47169,1.7799243483997529,51.25992907305481,4.46362436816373,2022,10,19,11002,Antwerpen,Normaal,Droog,"Nacht, openbare verlichting aanwezig en ontstoken",met lichtgewonden,9,personenauto,3,Fiets,Op Kruispunt,Gewestweg,binnen bebouwde kom,Tss. 2 best.: langs opzij (voor-/achterkant-flank),Geen hindernis
34988,3,Brasschaat 1,Brasschaat,51.27503,4.47222,1.782460653881433,51.25992907305481,4.46362436816373,2022,10,19,11002,Antwerpen,Normaal,Droog,"Nacht, openbare verlichting aanwezig en ontstoken",met lichtgewonden,9,personenauto,3,Fiets,Op Kruispunt,Gewestweg,binnen bebouwde kom,Tss. 2 best.: langs opzij (voor-/achterkant-flank),Geen hindernis
35085,3,Brasschaat 1,Brasschaat,51.27503,4.47222,2.118163709311185,51.2921866374396,4.485454245498439,2022,10,12,11008,Brasschaat,Normaal,Droog,Dag,met lichtgewonden,9,personenauto,3,Fiets,Op Kruispunt,Gemeenteweg,binnen bebouwde kom,Tss. 2 best.: langs opzij (voor-/achterkant-flank),Geen hindernis
35085,2,Brasschaat 2,Brasschaat,51.27512,4.47169,2.125499054821691,51.2921866374396,4.485454245498439,2022,10,12,11008,Brasschaat,Normaal,Droog,Dag,met lichtgewonden,9,personenauto,3,Fiets,Op Kruispunt,Gemeenteweg,binnen bebouwde kom,Tss. 2 best.: langs opzij (voor-/achterkant-flank),Geen hindernis
35086,2,Brasschaat 2,Brasschaat,51.27512,4.47169,1.2110563837272215,51.28298500715675,4.4596456950851335,2022,10,15,11008,Brasschaat,Normaal,Droog,Dag,met zwaargewonden,9,personenauto,3,Fiets,Buiten Kruispunt,Gemeenteweg,binnen bebouwde kom,Tss. 2 best.: langs opzij (voor-/achterkant-flank),Geen hindernis
35086,3,Brasschaat 1,Brasschaat,51.27503,4.47222,1.2439407483602656,51.28298500715675,4.4596456950851335,2022,10,15,11008,Brasschaat,Normaal,Droog,Dag,met zwaargewonden,9,personenauto,3,Fiets,Buiten Kruispunt,Gemeenteweg,binnen bebouwde kom,Tss. 2 best.: langs opzij (voor-/achterkant-flank),Geen hindernis
35087,2,Brasschaat 2,Brasschaat,51.27512,4.47169,2.3459224220422876,51.295767647803075,4.464762179736853,2022,10,16,11008,Brasschaat,Normaal,Droog,Dag,met lichtgewonden,9,personenauto,3,Fiets,Op Kruispunt,Gemeenteweg,buiten bebouwde kom,Tss. 2 best.: langs opzij (voor-/achterkant-flank),Geen hindernis
35087,3,Brasschaat 1,Brasschaat,51.27503,4.47222,2.3635316622190774,51.295767647803075,4.464762179736853,2022,10,16,11008,Brasschaat,Normaal,Droog,Dag,met lichtgewonden,9,personenauto,3,Fiets,Op Kruispunt,Gemeenteweg,buiten bebouwde kom,Tss. 2 best.: langs opzij (voor-/achterkant-flank),Geen hindernis
35092,3,Brasschaat 1,Brasschaat,51.27503,4.47222,2.4021150765227532,51.256217595493474,4.489191750606626,2022,10,8,11040,Schoten,Normaal,"Nat, plassen",Dag,met lichtgewonden,9,personenauto,3,Fiets,Op Kruispunt,Gewestweg,binnen bebouwde kom,Tss. 2 best.: langs opzij (voor-/achterkant-flank),Geen hindernis
35092,2,Brasschaat 2,Brasschaat,51.27512,4.47169,2.429108597768975,51.256217595493474,4.489191750606626,2022,10,8,11040,Schoten,Normaal,"Nat, plassen",Dag,met lichtgewonden,9,personenauto,3,Fiets,Op Kruispunt,Gewestweg,binnen bebouwde kom,Tss. 2 best.: langs opzij (voor-/achterkant-flank),Geen hindernis
35109,104,Malle teller 2,Malle,51.31682,4.73852,1.799365867466399,51.30117668312519,4.7318959306782515,2022,10,15,11057,Malle,Normaal,Droog,Dag,met lichtgewonden,5,Lichte vrachtauto,3,Fiets,Op Kruispunt,Gewestweg,binnen bebouwde kom,Tss. 2 best.: langs opzij (voor-/achterkant-flank),Geen hindernis
35109,103,Malle teller 1,Malle,51.31681,4.73872,1.8019006116236205,51.30117668312519,4.7318959306782515,2022,10,15,11057,Malle,Normaal,Droog,Dag,met lichtgewonden,5,Lichte vrachtauto,3,Fiets,Op Kruispunt,Gewestweg,binnen bebouwde kom,Tss. 2 best.: langs opzij (voor-/achterkant-flank),Geen hindernis
35124,99,Mechelen teller 1,Mechelen,51.04564,4.46882,2.3356201231111164,51.02614697096968,4.481262676067528,2022,10,15,12025,Mechelen,Normaal,Droog,Dag,met lichtgewonden,3,Fiets,3,Fiets,Buiten Kruispunt,Gemeenteweg,binnen bebouwde kom,Tss. 2 best.: langs opzij (voor-/achterkant-flank),Geen hindernis