crash_row_id,site_id,site_name,site_gemeente,site_lat,site_long,distance_km,crash_lat,crash_long,DT_YEAR_COLLISION,DT_MONTH_COLLISION,DT_TIME,CD_NIS,TX_MUNTY_COLLISION_NL,TX_WEATHER_NL,TX_ROAD_CONDITION_NL,TX_LIGHT_CONDITION_NL,TX_CLASS_ACCIDENTS_NL,CD_ROAD_USR_TYPE1,TX_ROAD_USR_TYPE1_NL,CD_ROAD_USR_TYPE2,TX_ROAD_USR_TYPE2_NL,TX_CROSSWAY_NL,CD_ROAD_TYPE_NL,TX_BUILD_UP_AREA_NL,TX_COLLISION_TYPE_NL,TX_OBSTACLES_NL
35124,100,Mechelen teller 2,Mechelen,51.0457,4.46883,2.341553079384799,51.02614697096968,4.481262676067528,2022,10,15,12025,Mechelen,Normaal,Droog,Dag,met lichtgewonden,3,Fiets,3,Fiets,Buiten Kruispunt,Gemeenteweg,binnen bebouwde kom,Tss. 2 best.: langs opzij (voor-/achterkant-flank),Geen hindernis
35130,92,Nijlen teller 1,Nijlen,51.14989,4.64479,2.0912712569584477,51.15991270459119,4.670162538045952,2022,10,12,12026,Nijlen,Regenval,"Nat, plassen",Dag,met lichtgewonden,3,Fiets,3,Fiets,Buiten Kruispunt,Gemeenteweg,binnen bebouwde kom,Tussen 2 bestuurders: Frontale botsing,Geen hindernis
35130,93,Nijlen teller 2,Nijlen,51.14998,4.64469,2.0918735398194857,51.15991270459119,4.670162538045952,2022,10,12,12026,Nijlen,Regenval,"Nat, plassen",Dag,met lichtgewonden,3,Fiets,3,Fiets,Buiten Kruispunt,Gemeenteweg,binnen bebouwde kom,Tussen 2 bestuurders: Frontale botsing,Geen hindernis
35131,96,Lier teller 2,Lier,51.11705,4.58444,2.2211414962608544,51.12887926460657,4.558795370400346,2022,10,9,12021,Lier,Normaal,Droog,Dag,met lichtgewonden,5,Lichte vrachtauto,3,Fiets,Buiten Kruispunt,Gewestweg,binnen bebouwde kom,Tss. 2 best.: langs opzij (voor-/achterkant-flank),Geen hindernis
35131,95,Lier teller 1,Lier,51.11687,4.58437,2.229141686122233,51.12887926460657,4.558795370400346,2022,10,9,12021,Lier,Normaal,Droog,Dag,met lichtgewonden,5,Lichte vrachtauto,3,Fiets,Buiten Kruispunt,Gewestweg,binnen bebouwde kom,Tss. 2 best.: langs opzij (voor-/achterkant-flank),Geen hindernis
35132,96,Lier teller 2,Lier,51.11705,4.58444,0.9268211454942348,51.12402919965717,4.577180246612044,2022,10,14,12021,Lier,Normaal,Droog,Dag,met lichtgewonden,3,Fiets,9,personenauto,Op Kruispunt,Gewestweg,binnen bebouwde kom,Tussen 2 bestuurders: Frontale botsing,Geen hindernis
35132,95,Lier teller 1,Lier,51.11687,4.58437,0.9410298968620069,51.12402919965717,4.577180246612044,2022,10,14,12021,Lier,Normaal,Droog,Dag,met lichtgewonden,3,Fiets,9,personenauto,Op Kruispunt,Gewestweg,binnen bebouwde kom,Tussen 2 bestuurders: Frontale botsing,Geen hindernis
35133,92,Nijlen teller 1,Nijlen,51.14989,4.64479,2.065843228750103,51.15658522173734,4.672419385391787,2022,10,19,12026,Nijlen,Normaal,Droog,"Nacht, openbare verlichting aanwezig en ontstoken",met lichtgewonden,9,personenauto,3,Fiets,Op Kruispunt,Gemeenteweg,binnen bebouwde kom,Tss. 2 best.: langs opzij (voor-/achterkant-flank),Geen hindernis
35133,93,Nijlen teller 2,Nijlen,51.14998,4.64469,2.068774896702157,51.15658522173734,4.672419385391787,2022,10,19,12026,Nijlen,Normaal,Droog,"Nacht, openbare verlichting aanwezig en ontstoken",met lichtgewonden,9,personenauto,3,Fiets,Op Kruispunt,Gemeenteweg,binnen bebouwde kom,Tss. 2 best.: langs opzij (voor-/achterkant-flank),Geen hindernis
35134,9,Heist op den Berg 2,Heist-op-den-Berg,51.06904,4.69524,1.3788067594662872,51.066164966021184,4.714434690607862,2022,10,16,12014,Heist-op-den-Berg,Normaal,Droog,Dag,met lichtgewonden,3,Fiets,9,personenauto,Buiten Kruispunt,Gemeenteweg,binnen bebouwde kom,Tss. 2 best.: langs opzij (voor-/achterkant-flank),Geen hindernis
35134,8,Heist op den Berg 1,Heist-op-den-Berg,51.06759,4.68823,1.8379307422599416,51.066164966021184,4.714434690607862,2022,10,16,12014,Heist-op-den-Berg,Normaal,Droog,Dag,met lichtgewonden,3,Fiets,9,personenauto,Buiten Kruispunt,Gemeenteweg,binnen bebouwde kom,Tss. 2 best.: langs opzij (voor-/achterkant-flank),Geen hindernis
35135,92,Nijlen teller 1,Nijlen,51.14989,4.64479,2.0082576726363155,51.13928098569931,4.621491721025769,2022,10,18,12026,Nijlen,Normaal,Droog,Dag,met zwaargewonden,99,onbekend,3,Fiets,Buiten Kruispunt,Gewestweg,binnen bebouwde kom,Tussen 2 bestuurders: Langs achteren,Geen hindernis
35135,93,Nijlen teller 2,Nijlen,51.14998,4.64469,2.0085264311334634,51.13928098569931,4.621491721025769,2022,10,18,12026,Nijlen,Normaal,Droog,Dag,met zwaargewonden,99,onbekend,3,Fiets,Buiten Kruispunt,Gewestweg,binnen bebouwde kom,Tussen 2 bestuurders: Langs achteren,Geen hindernis
35136,8,Heist op den Berg 1,Heist-op-den-Berg,51.06759,4.68823,1.876403244545236,51.08272762017415,4.676360635826038,2022,10,17,12014,Heist-op-den-Berg,Normaal,Droog,Dag,met zwaargewonden,9,personenauto,3,Fiets,Op Kruispunt,Gemeenteweg,buiten bebouwde kom,Tussen 2 bestuurders: Flank tegen flank,Geen hindernis
35136,9,Heist op den Berg 2,Heist-op-den-Berg,51.06904,4.69524,2.0139838530852177,51.08272762017415,4.676360635826038,2022,10,17,12014,Heist-op-den-Berg,Normaal,Droog,Dag,met zwaargewonden,9,personenauto,3,Fiets,Op Kruispunt,Gemeenteweg,buiten bebouwde kom,Tussen 2 bestuurders: Flank tegen flank,Geen hindernis
35152,127,Geel totem,Westerlo,51.1342966,4.9400421,0.8763966700326625,51.126499733106925,4.938205166764328,2022,10,6,13049,Westerlo,Normaal,Droog,"Nacht, openbare verlichting aanwezig en ontstoken",met lichtgewonden,4,Vrachtwagen,3,Fiets,Buiten Kruispunt,Gemeenteweg,buiten bebouwde kom,Tss. 2 best.: langs opzij (voor-/achterkant-flank),Geen hindernis
35152,112,Geel teller 2,Westerlo,51.1354992,4.9394789,1.0046344296471896,51.126499733106925,4.938205166764328,2022,10,6,13049,Westerlo,Normaal,Droog,"Nacht, openbare verlichting aanwezig en ontstoken",met lichtgewonden,4,Vrachtwagen,3,Fiets,Buiten Kruispunt,Gemeenteweg,buiten bebouwde kom,Tss. 2 best.: langs opzij (voor-/achterkant-flank),Geen hindernis
35153,88,Westerlo teller 1,Westerlo,51.082,4.91325,1.9381705703659744,51.098931327765975,4.9066568995281195,2022,10,17,13049,Westerlo,Normaal,Droog,Dag,met lichtgewonden,9,personenauto,3,Fiets,Op Kruispunt,Gemeenteweg,buiten bebouwde kom,Tss. 2 best.: langs opzij (voor-/achterkant-flank),Geen hindernis
35153,89,Westerlo teller 2,Westerlo,51.08191,4.91334,1.9493885915949871,51.098931327765975,4.9066568995281195,2022,10,17,13049,Westerlo,Normaal,Droog,Dag,met lichtgewonden,9,personenauto,3,Fiets,Op Kruispunt,Gemeenteweg,buiten bebouwde kom,Tss. 2 best.: langs opzij (voor-/achterkant-flank),Geen hindernis
35159,98,Geel teller 2,Geel,51.1481,4.99643,1.2755985091802748,51.142112074355595,4.980832717592565,2022,10,15,13008,Geel,Normaal,Droog,Dag,met lichtgewonden,6,Bromfiets,3,Fiets,Buiten Kruispunt,Gemeenteweg,buiten bebouwde kom,Tussen 2 bestuurders: Frontale botsing,Geen hindernis
35159,97,Geel teller 1,Geel,51.14813,4.99698,1.3101776735265218,51.142112074355595,4.980832717592565,2022,10,15,13008,Geel,Normaal,Droog,Dag,met lichtgewonden,6,Bromfiets,3,Fiets,Buiten Kruispunt,Gemeenteweg,buiten bebouwde kom,Tussen 2 bestuurders: Frontale botsing,Geen hindernis
35160,98,Geel teller 2,Geel,51.1481,4.99643,2.30239119575222,51.168189370590405,4.98843359057695,2022,10,11,13008,Geel,Normaal,Droog,Dag,met lichtgewonden,9,personenauto,3,Fiets,Buiten Kruispunt,Gewestweg,binnen bebouwde kom,Tss. 2 best.: langs opzij (voor-/achterkant-flank),Geen hindernis
35160,97,Geel teller 1,Geel,51.14813,4.99698,2.3087578906172883,51.168189370590405,4.98843359057695,2022,10,11,13008,Geel,Normaal,Droog,Dag,met lichtgewonden,9,personenauto,3,Fiets,Buiten Kruispunt,Gewestweg,binnen bebouwde kom,Tss. 2 best.: langs opzij (voor-/achterkant-flank),Geen hindernis
35163,134,Retie,Dessel,51.2548405,5.1037658,0.4759947676473021,51.25790298866793,5.09898668423419,2022,10,15,13036,Retie,Normaal,Droog,Dag,met lichtgewonden,3,Fiets,9,personenauto,Op Kruispunt,Gewestweg,buiten bebouwde kom,Tss. 2 best.: langs opzij (voor-/achterkant-flank),Geen hindernis
35163,135,Retie 2,Dessel,51.2544998,5.1040064,0.5150009578950034,51.25790298866793,5.09898668423419,2022,10,15,13036,Retie,Normaal,Droog,Dag,met lichtgewonden,3,Fiets,9,personenauto,Op Kruispunt,Gewestweg,buiten bebouwde kom,Tss. 2 best.: langs opzij (voor-/achterkant-flank),Geen hindernis
35173,94,Herentals teller 2,Herentals,51.17345,4.81283,2.257360625087301,51.16972679731641,4.844659194906043,2022,10,6,13011,Herentals,Normaal,Droog,"Nacht, geen openbare verlichting aanwezig",met lichtgewonden,3,Fiets,8,Voetganger,Op Kruispunt,Gemeenteweg,buiten bebouwde kom,Met een voetganger,Geen hindernis
35173,110,Herentals totem,Herentals,51.1739426,4.811783,2.339500943562126,51.16972679731641,4.844659194906043,2022,10,6,13011,Herentals,Normaal,Droog,"Nacht, geen openbare verlichting aanwezig",met lichtgewonden,3,Fiets,8,Voetganger,Op Kruispunt,Gemeenteweg,buiten bebouwde kom,Met een voetganger,Geen hindernis
35175,94,Herentals teller 2,Herentals,51.17345,4.81283,1.6548616027524619,51.17702518173759,4.835873204646815,2022,10,9,13011,Herentals,Normaal,Droog,Dag,met lichtgewonden,3,Fiets,9,personenauto,Op Kruispunt,Gewestweg,binnen bebouwde kom,Tss. 2 best.: langs opzij (voor-/achterkant-flank),Geen hindernis
35175,110,Herentals totem,Herentals,51.1739426,4.811783,1.7140051642421679,51.17702518173759,4.835873204646815,2022,10,9,13011,Herentals,Normaal,Droog,Dag,met lichtgewonden,3,Fiets,9,personenauto,Op Kruispunt,Gewestweg,binnen bebouwde kom,Tss. 2 best.: langs opzij (voor-/achterkant-flank),Geen hindernis
35178,94,Herentals teller 2,Herentals,51.17345,4.81283,2.3033595490173195,51.17639484081599,4.84553497976607,2022,10,15,13011,Herentals,Normaal,Droog,Dag,met lichtgewonden,9,personenauto,3,Fiets,Buiten Kruispunt,Gemeenteweg,binnen bebouwde kom,Tss. 2 best.: langs opzij (voor-/achterkant-flank),Geen hindernis
35178,110,Herentals totem,Herentals,51.1739426,4.811783,2.3686893509860645,51.17639484081599,4.84553497976607,2022,10,15,13011,Herentals,Normaal,Droog,Dag,met lichtgewonden,9,personenauto,3,Fiets,Buiten Kruispunt,Gemeenteweg,binnen bebouwde kom,Tss. 2 best.: langs opzij (voor-/achterkant-flank),Geen hindernis
35179,38,Lommel teller 2,Lommel,51.23277,5.29189,1.7421392210449542,51.217943524910424,5.283803879977212,2022,10,22,72020,Lommel,Normaal,Droog,"Nacht, openbare verlichting aanwezig en ontstoken",met lichtgewonden,9,personenauto,3,Fiets,Op Kruispunt,Gemeenteweg,buiten bebouwde kom,Tss. 2 best.: langs opzij (voor-/achterkant-flank),Geen hindernis
35179,37,Lommel teller 1,Lommel,51.23299,5.29211,1.7702526004271832,51.217943524910424,5.283803879977212,2022,10,22,72020,Lommel,Normaal,Droog,"Nacht, openbare verlichting aanwezig en ontstoken",met lichtgewonden,9,personenauto,3,Fiets,Op Kruispunt,Gemeenteweg,buiten bebouwde kom,Tss. 2 best.: langs opzij (voor-/achterkant-flank),Geen hindernis
35180,37,Lommel teller 1,Lommel,51.23299,5.29211,1.7873532634695695,51.230461999811894,5.3174608828366585,2022,10,14,72020,Lommel,Normaal,Proper,Dag,met lichtgewonden,9,personenauto,3,Fiets,Op Kruispunt,Gemeenteweg,binnen bebouwde kom,Tss. 2 best.: langs opzij (voor-/achterkant-flank),Geen hindernis
35180,38,Lommel teller 2,Lommel,51.23277,5.29189,1.7988337000813175,51.230461999811894,5.3174608828366585,2022,10,14,72020,Lommel,Normaal,Proper,Dag,met lichtgewonden,9,personenauto,3,Fiets,Op Kruispunt,Gemeenteweg,binnen bebouwde kom,Tss. 2 best.: langs opzij (voor-/achterkant-flank),Geen hindernis
35182,38,Lommel teller 2,Lommel,51.23277,5.29189,1.6433918187050058,51.219272877730354,5.301505071156072,2022,10,15,72020,Lommel,Normaal,Droog,Dag,met lichtgewonden,9,personenauto,3,Fiets,Op Kruispunt,Gemeenteweg,buiten bebouwde kom,Tss. 2 best.: langs opzij (voor-/achterkant-flank),Geen hindernis
35182,37,Lommel teller 1,Lommel,51.23299,5.29211,1.6596629680488053,51.219272877730354,5.301505071156072,2022,10,15,72020,Lommel,Normaal,Droog,Dag,met lichtgewonden,9,personenauto,3,Fiets,Op Kruispunt,Gemeenteweg,buiten bebouwde kom,Tss. 2 best.: langs opzij (voor-/achterkant-flank),Geen hindernis
35183,37,Lommel teller 1,Lommel,51.23299,5.29211,1.2233658802015877,51.227258068633105,5.307106775852737,2022,10,11,72020,Lommel,Normaal,Droog,Dag,met lichtgewonden,9,personenauto,3,Fiets,Op Kruispunt,Gemeenteweg,binnen bebouwde kom,Tss. 2 best.: langs opzij (voor-/achterkant-flank),Geen hindernis
35183,38,Lommel teller 2,Lommel,51.23277,5.29189,1.2240387638261185,51.227258068633105,5.307106775852737,2022,10,11,72020,Lommel,Normaal,Droog,Dag,met lichtgewonden,9,personenauto,3,Fiets,Op Kruispunt,Gemeenteweg,binnen bebouwde kom,Tss. 2 best.: langs opzij (voor-/achterkant-flank),Geen hindernis
35184,37,Lommel teller 1,Lommel,51.23299,5.29211,1.6392597612802953,51.22815041268899,5.31434806300828,2022,10,14,72020,Lommel,Regenval,"Nat, plassen",Dag,met lichtgewonden,3,Fiets,3,Fiets,Buiten Kruispunt,Gewestweg,binnen bebouwde kom,Tss. 2 best.: langs opzij (voor-/achterkant-flank),Geen hindernis
35184,38,Lommel teller 2,Lommel,51.23277,5.29189,1.6459425343923815,51.22815041268899,5.31434806300828,2022,10,14,72020,Lommel,Regenval,"Nat, plassen",Dag,met lichtgewonden,3,Fiets,3,Fiets,Buiten Kruispunt,Gewestweg,binnen bebouwde kom,Tss. 2 best.: langs opzij (voor-/achterkant-flank),Geen hindernis
35185,37,Lommel teller 1,Lommel,51.23299,5.29211,2.145085045324456,51.22832551884293,5.322003322728603,2022,10,17,72020,Lommel,Normaal,Droog,Dag,met lichtgewonden,3,Fiets,9,personenauto,Buiten Kruispunt,Gemeenteweg,binnen bebouwde kom,Tss. 2 best.: langs opzij (voor-/achterkant-flank),Geen hindernis
35185,38,Lommel teller 2,Lommel,51.23277,5.29189,2.1542135552900397,51.22832551884293,5.322003322728603,2022,10,17,72020,Lommel,Normaal,Droog,Dag,met lichtgewonden,3,Fiets,9,personenauto,Buiten Kruispunt,Gemeenteweg,binnen bebouwde kom,Tss. 2 best.: langs opzij (voor-/achterkant-flank),Geen hindernis
35201,39,Peer teller 1,Peer,51.13425,5.47817,1.8094713078647469,51.132974233171716,5.4523170673299015,2022,10,11,72030,Peer,Normaal,Droog,Dag,met lichtgewonden,3,Fiets,8,Voetganger,Buiten Kruispunt,Gewestweg,binnen bebouwde kom,Met een voetganger,Geen hindernis
35201,40,Peer teller 2,Peer,51.13438,5.47892,1.8628010701023183,51.132974233171716,5.4523170673299015,2022,10,11,72030,Peer,Normaal,Droog,Dag,met lichtgewonden,3,Fiets,8,Voetganger,Buiten Kruispunt,Gewestweg,binnen bebouwde kom,Met een voetganger,Geen hindernis
35202,39,Peer teller 1,Peer,51.13425,5.47817,1.7742719740139303,51.13867282814877,5.4537365523597305,2022,10,21,72030,Peer,Normaal,Droog,"Nacht, openbare verlichting aanwezig en ontstoken",met lichtgewonden,3,Fiets,3,Fiets,Buiten Kruispunt,Gemeenteweg,buiten bebouwde kom,Tussen 2 bestuurders: Flank tegen flank,Geen hindernis
35202,40,Peer teller 2,Peer,51.13438,5.47892,1.8207622850291019,51.13867282814877,5.4537365523597305,2022,10,21,72030,Peer,Normaal,Droog,"Nacht, openbare verlichting aanwezig en ontstoken",met lichtgewonden,3,Fiets,3,Fiets,Buiten Kruispunt,Gemeenteweg,buiten bebouwde kom,Tussen 2 bestuurders: Flank tegen flank,Geen hindernis
35203,40,Peer teller 2,Peer,51.13438,5.47892,1.7459011718064115,51.1319455420932,5.503638852222228,2022,10,13,72030,Peer,Normaal,Droog,Dag,met lichtgewonden,9,personenauto,3,Fiets,Buiten Kruispunt,Gemeenteweg,buiten bebouwde kom,Tss. 2 best.: langs opzij (voor-/achterkant-flank),Geen hindernis
35203,39,Peer teller 1,Peer,51.13425,5.47817,1.7955013278514134,51.1319455420932,5.503638852222228,2022,10,13,72030,Peer,Normaal,Droog,Dag,met lichtgewonden,9,personenauto,3,Fiets,Buiten Kruispunt,Gemeenteweg,buiten bebouwde kom,Tss. 2 best.: langs opzij (voor-/achterkant-flank),Geen hindernis
35205,39,Peer teller 1,Peer,51.13425,5.47817,0.2565057407550482,51.133984047251566,5.4745183170086085,2022,10,16,72030,Peer,Normaal,Droog,Dag,met zwaargewonden,9,personenauto,3,Fiets,Op Kruispunt,Gewestweg,buiten bebouwde kom,Tss. 2 best.: langs opzij (voor-/achterkant-flank),Geen hindernis
35205,40,Peer teller 2,Peer,51.13438,5.47892,0.3102657203561647,51.133984047251566,5.4745183170086085,2022,10,16,72030,Peer,Normaal,Droog,Dag,met zwaargewonden,9,personenauto,3,Fiets,Op Kruispunt,Gewestweg,buiten bebouwde kom,Tss. 2 best.: langs opzij (voor-/achterkant-flank),Geen hindernis
35210,21,Bilzen,Bilzen,50.86015,5.50161,1.1795523986469432,50.86932522025685,5.510045258742012,2022,10,11,73006,Bilzen,Normaal,Droog,Dag,met lichtgewonden,8,Voetganger,3,Fiets,Buiten Kruispunt,Gemeenteweg,binnen bebouwde kom,Met een voetganger,Geen hindernis
35213,44,Maaseik teller 2,Maaseik,51.09359,5.79726,2.150945597998513,51.107879882720546,5.776497485504302,2022,10,12,72021,Maaseik,Normaal,Droog,Dag,met lichtgewonden,9,personenauto,3,Fiets,Buiten Kruispunt,Gewestweg,binnen bebouwde kom,Tussen 2 bestuurders: Langs achteren,Geen hindernis
35213,43,Maaseik teller 1,Maaseik,51.09344,5.79715,2.158157994083945,51.107879882720546,5.776497485504302,2022,10,12,72021,Maaseik,Normaal,Droog,Dag,met lichtgewonden,9,personenauto,3,Fiets,Buiten Kruispunt,Gewestweg,binnen bebouwde kom,Tussen 2 bestuurders: Langs achteren,Geen hindernis
35215,43,Maaseik teller 1,Maaseik,51.09344,5.79715,1.61918114963624,51.07896416032077,5.7946370996711964,2022,10,17,72021,Maaseik,Normaal,Droog,Dag,met lichtgewonden,2,Andere weggebruiker,3,Fiets,Buiten Kruispunt,Gemeenteweg,binnen bebouwde kom,Tss. 2 best.: langs opzij (voor-/achterkant-flank),Geen hindernis
35215,44,Maaseik teller 2,Maaseik,51.09359,5.79726,1.6366053103241363,51.07896416032077,5.7946370996711964,2022,10,17,72021,Maaseik,Normaal,Droog,Dag,met lichtgewonden,2,Andere weggebruiker,3,Fiets,Buiten Kruispunt,Gemeenteweg,binnen bebouwde kom,Tss. 2 best.: langs opzij (voor-/achterkant-flank),Geen hindernis
35217,69,Leuven teller 1,Leuven,50.87549,4.71526,0.6903346786994616,50.880208226539104,4.708865052257602,2022,9,21,24062,Leuven,Onbekend,Onbekend,"Nacht, openbare verlichting aanwezig en ontstoken",met lichtgewonden,3,Fiets,1,Autobus,Op Kruispunt,Gemeenteweg,binnen bebouwde kom,Tussen 2 bestuurders: Flank tegen flank,Geen hindernis
35217,77,Leuven teller 2,Leuven,50.88672,4.70796,0.7268545500598018,50.880208226539104,4.708865052257602,2022,9,21,24062,Leuven,Onbekend,Onbekend,"Nacht, openbare verlichting aanwezig en ontstoken",met lichtgewonden,3,Fiets,1,Autobus,Op Kruispunt,Gemeenteweg,binnen bebouwde kom,Tussen 2 bestuurders: Flank tegen flank,Geen hindernis
35217,107,leuven totem,Leuven,50.8870744,4.7087919,0.7635009010995778,50.880208226539104,4.708865052257602,2022,9,21,24062,Leuven,Onbekend,Onbekend,"Nacht, openbare verlichting aanwezig en ontstoken",met lichtgewonden,3,Fiets,1,Autobus,Op Kruispunt,Gemeenteweg,binnen bebouwde kom,Tussen 2 bestuurders: Flank tegen flank,Geen hindernis
35217,151,Leuven,District Leuven,50.8690262,4.6854839,2.058509625962891,50.880208226539104,4.708865052257602,2022,9,21,24062,Leuven,Onbekend,Onbekend,"Nacht, openbare verlichting aanwezig en ontstoken",met lichtgewonden,3,Fiets,1,Autobus,Op Kruispunt,Gemeenteweg,binnen bebouwde kom,Tussen 2 bestuurders: Flank tegen flank,Geen hindernis
35218,69,Leuven teller 1,Leuven,50.87549,4.71526,0.4436855703859878,50.8725119600169,4.719468504595617,2022,9,8,24062,Leuven,Normaal,Droog,Dag,met lichtgewonden,4,Vrachtwagen,3,Fiets,Op Kruispunt,Gewestweg,binnen bebouwde kom,Tussen 2 bestuurders: Flank tegen flank,Geen hindernis
35218,77,Leuven teller 2,Leuven,50.88672,4.70796,1.7742301523608779,50.8725119600169,4.719468504595617,2022,9,8,24062,Leuven,Normaal,Droog,Dag,met lichtgewonden,4,Vrachtwagen,3,Fiets,Op Kruispunt,Gewestweg,binnen bebouwde kom,Tussen 2 bestuurders: Flank tegen flank,Geen hindernis
35218,107,leuven totem,Leuven,50.8870744,4.7087919,1.7841284493981424,50.8725119600169,4.719468504595617,2022,9,8,24062,Leuven,Normaal,Droog,Dag,met lichtgewonden,4,Vrachtwagen,3,Fiets,Op Kruispunt,Gewestweg,binnen bebouwde kom,Tussen 2 bestuurders: Flank tegen flank,Geen hindernis
35218,151,Leuven,District Leuven,50.8690262,4.6854839,2.4160595975377475,50.8725119600169,4.719468504595617,2022,9,8,24062,Leuven,Normaal,Droog,Dag,met lichtgewonden,4,Vrachtwagen,3,Fiets,Op Kruispunt,Gewestweg,binnen bebouwde kom,Tussen 2 bestuurders: Flank tegen flank,Geen hindernis
35219,107,leuven totem,Leuven,50.8870744,4.7087919,2.126001045387093,50.90613614569629,4.711148065492183,2022,10,9,24062,Leuven,Regenval,"Nat, plassen",Dag,met lichtgewonden,3,Fiets,11,een weggebruiker tegen een hindernis,Buiten Kruispunt,Gewestweg,buiten bebouwde kom,Weggebruiker tegen hindernis buiten rijbaan,Andere hindernis
35219,77,Leuven teller 2,Leuven,50.88672,4.70796,2.1705238002244402,50.90613614569629,4.711148065492183,2022,10,9,24062,Leuven,Regenval,"Nat, plassen",Dag,met lichtgewonden,3,Fiets,11,een weggebruiker tegen een hindernis,Buiten Kruispunt,Gewestweg,buiten bebouwde kom,Weggebruiker tegen hindernis buiten rijbaan,Andere hindernis
35220,69,Leuven teller 1,Leuven,50.87549,4.71526,1.0882942973844034,50.883092191138594,4.725029602502284,2022,10,0,24062,Leuven,Normaal,Droog,"Nacht, openbare verlichting aanwezig en ontstoken",met lichtgewonden,3,Fiets,5,Lichte vrachtauto,Op Kruispunt,Gemeenteweg,binnen bebouwde kom,Tss. 2 best.: langs opzij (voor-/achterkant-flank),Geen hindernis
35220,107,leuven totem,Leuven,50.8870744,4.7087919,1.222121050310784,50.883092191138594,4.725029602502284,2022,10,0,24062,Leuven,Normaal,Droog,"Nacht, openbare verlichting aanwezig en ontstoken",met lichtgewonden,3,Fiets,5,Lichte vrachtauto,Op Kruispunt,Gemeenteweg,binnen bebouwde kom,Tss. 2 best.: langs opzij (voor-/achterkant-flank),Geen hindernis
35220,77,Leuven teller 2,Leuven,50.88672,4.70796,1.2635661228885855,50.883092191138594,4.725029602502284,2022,10,0,24062,Leuven,Normaal,Droog,"Nacht, openbare verlichting aanwezig en ontstoken",met lichtgewonden,3,Fiets,5,Lichte vrachtauto,Op Kruispunt,Gemeenteweg,binnen bebouwde kom,Tss. 2 best.: langs opzij (voor-/achterkant-flank),Geen hindernis
35221,69,Leuven teller 1,Leuven,50.87549,4.71526,1.4731075102004283,50.862674797834984,4.709938318887612,2022,10,19,24062,Leuven,Normaal,Droog,"Nacht, openbare verlichting aanwezig en ontstoken",met zwaargewonden,6,Bromfiets,3,Fiets,Op Kruispunt,Gemeenteweg,binnen bebouwde kom,Tss. 2 best.: langs opzij (voor-/achterkant-flank),Geen hindernis
35221,151,Leuven,District Leuven,50.8690262,4.6854839,1.8558307626901116,50.862674797834984,4.709938318887612,2022,10,19,24062,Leuven,Normaal,Droog,"Nacht, openbare verlichting aanwezig en ontstoken",met zwaargewonden,6,Bromfiets,3,Fiets,Op Kruispunt,Gemeenteweg,binnen bebouwde kom,Tss. 2 best.: langs opzij (voor-/achterkant-flank),Geen hindernis
35221,108,Heverlee teller 1,Leuven,50.8471728,4.6954674,2.000784142474317,50.862674797834984,4.709938318887612,2022,10,19,24062,Leuven,Normaal,Droog,"Nacht, openbare verlichting aanwezig en ontstoken",met zwaargewonden,6,Bromfiets,3,Fiets,Op Kruispunt,Gemeenteweg,binnen bebouwde kom,Tss. 2 best.: langs opzij (voor-/achterkant-flank),Geen hindernis
35221,76,Heverlee teller 2,Leuven,50.84606,4.69597,2.091560293984343,50.862674797834984,4.709938318887612,2022,10,19,24062,Leuven,Normaal,Droog,"Nacht, openbare verlichting aanwezig en ontstoken",met zwaargewonden,6,Bromfiets,3,Fiets,Op Kruispunt,Gemeenteweg,binnen bebouwde kom,Tss. 2 best.: langs opzij (voor-/achterkant-flank),Geen hindernis
35222,69,Leuven teller 1,Leuven,50.87549,4.71526,0.38316235197317955,50.87240938814062,4.7128132739165,2022,10,14,24062,Leuven,Onbekend,Onbekend,Dag,met lichtgewonden,3,Fiets,3,Fiets,Buiten Kruispunt,Gewestweg,buiten bebouwde kom,Tss. 2 best.: langs opzij (voor-/achterkant-flank),Geen hindernis
35222,77,Leuven teller 2,Leuven,50.88672,4.70796,1.627289758816331,50.87240938814062,4.7128132739165,2022,10,14,24062,Leuven,Onbekend,Onbekend,Dag,met lichtgewonden,3,Fiets,3,Fiets,Buiten Kruispunt,Gewestweg,buiten bebouwde kom,Tss. 2 best.: langs opzij (voor-/achterkant-flank),Geen hindernis
35222,107,leuven totem,Leuven,50.8870744,4.7087919,1.6549017895419678,50.87240938814062,4.7128132739165,2022,10,14,24062,Leuven,Onbekend,Onbekend,Dag,met lichtgewonden,3,Fiets,3,Fiets,Buiten Kruispunt,Gewestweg,buiten bebouwde kom,Tss. 2 best.: langs opzij (voor-/achterkant-flank),Geen hindernis
35222,151,Leuven,District Leuven,50.8690262,4.6854839,1.9543073191446034,50.87240938814062,4.7128132739165,2022,10,14,24062,Leuven,Onbekend,Onbekend,Dag,met lichtgewonden,3,Fiets,3,Fiets,Buiten Kruispunt,Gewestweg,buiten bebouwde kom,Tss. 2 best.: langs opzij (voor-/achterkant-flank),Geen hindernis
35223,151,Leuven,District Leuven,50.8690262,4.6854839,0.7564801110379805,50.86921482830898,4.696259749502962,2022,10,10,24062,Leuven,Normaal,Droog,Dag,met lichtgewonden,3,Fiets,6,Bromfiets,Buiten Kruispunt,Gewestweg,binnen bebouwde kom,Tussen 2 bestuurders: Frontale botsing,Geen hindernis