crash_row_id,site_id,site_name,site_gemeente,site_lat,site_long,distance_km,crash_lat,crash_long,DT_YEAR_COLLISION,DT_MONTH_COLLISION,DT_TIME,CD_NIS,TX_MUNTY_COLLISION_NL,TX_WEATHER_NL,TX_ROAD_CONDITION_NL,TX_LIGHT_CONDITION_NL,TX_CLASS_ACCIDENTS_NL,CD_ROAD_USR_TYPE1,TX_ROAD_USR_TYPE1_NL,CD_ROAD_USR_TYPE2,TX_ROAD_USR_TYPE2_NL,TX_CROSSWAY_NL,CD_ROAD_TYPE_NL,TX_BUILD_UP_AREA_NL,TX_COLLISION_TYPE_NL,TX_OBSTACLES_NL
35223,69,Leuven teller 1,Leuven,50.87549,4.71526,1.5047946806074515,50.86921482830898,4.696259749502962,2022,10,10,24062,Leuven,Normaal,Droog,Dag,met lichtgewonden,3,Fiets,6,Bromfiets,Buiten Kruispunt,Gewestweg,binnen bebouwde kom,Tussen 2 bestuurders: Frontale botsing,Geen hindernis
35223,77,Leuven teller 2,Leuven,50.88672,4.70796,2.112508030094176,50.86921482830898,4.696259749502962,2022,10,10,24062,Leuven,Normaal,Droog,Dag,met lichtgewonden,3,Fiets,6,Bromfiets,Buiten Kruispunt,Gewestweg,binnen bebouwde kom,Tussen 2 bestuurders: Frontale botsing,Geen hindernis
35223,107,leuven totem,Leuven,50.8870744,4.7087919,2.1718387446296683,50.86921482830898,4.696259749502962,2022,10,10,24062,Leuven,Normaal,Droog,Dag,met lichtgewonden,3,Fiets,6,Bromfiets,Buiten Kruispunt,Gewestweg,binnen bebouwde kom,Tussen 2 bestuurders: Frontale botsing,Geen hindernis
35223,108,Heverlee teller 1,Leuven,50.8471728,4.6954674,2.451592638590575,50.86921482830898,4.696259749502962,2022,10,10,24062,Leuven,Normaal,Droog,Dag,met lichtgewonden,3,Fiets,6,Bromfiets,Buiten Kruispunt,Gewestweg,binnen bebouwde kom,Tussen 2 bestuurders: Frontale botsing,Geen hindernis
35224,69,Leuven teller 1,Leuven,50.87549,4.71526,0.18210124375424494,50.87711483137246,4.715584419172501,2022,10,12,24062,Leuven,Normaal,Droog,Dag,met lichtgewonden,3,Fiets,9,personenauto,Buiten Kruispunt,Gewestweg,binnen bebouwde kom,Tss. 2 best.: langs opzij (voor-/achterkant-flank),Geen hindernis
35224,77,Leuven teller 2,Leuven,50.88672,4.70796,1.194500853789844,50.87711483137246,4.715584419172501,2022,10,12,24062,Leuven,Normaal,Droog,Dag,met lichtgewonden,3,Fiets,9,personenauto,Buiten Kruispunt,Gewestweg,binnen bebouwde kom,Tss. 2 best.: langs opzij (voor-/achterkant-flank),Geen hindernis
35224,107,leuven totem,Leuven,50.8870744,4.7087919,1.205625464875528,50.87711483137246,4.715584419172501,2022,10,12,24062,Leuven,Normaal,Droog,Dag,met lichtgewonden,3,Fiets,9,personenauto,Buiten Kruispunt,Gewestweg,binnen bebouwde kom,Tss. 2 best.: langs opzij (voor-/achterkant-flank),Geen hindernis
35224,151,Leuven,District Leuven,50.8690262,4.6854839,2.295636792439822,50.87711483137246,4.715584419172501,2022,10,12,24062,Leuven,Normaal,Droog,Dag,met lichtgewonden,3,Fiets,9,personenauto,Buiten Kruispunt,Gewestweg,binnen bebouwde kom,Tss. 2 best.: langs opzij (voor-/achterkant-flank),Geen hindernis
35225,76,Heverlee teller 2,Leuven,50.84606,4.69597,1.9485049711298972,50.84962678156727,4.723142911275502,2022,10,7,24062,Leuven,Normaal,Droog,Dageraad - schemering,met lichtgewonden,9,personenauto,3,Fiets,Op Kruispunt,Gemeenteweg,binnen bebouwde kom,Tss. 2 best.: langs opzij (voor-/achterkant-flank),Geen hindernis
35225,108,Heverlee teller 1,Leuven,50.8471728,4.6954674,1.9620441594678564,50.84962678156727,4.723142911275502,2022,10,7,24062,Leuven,Normaal,Droog,Dageraad - schemering,met lichtgewonden,9,personenauto,3,Fiets,Op Kruispunt,Gemeenteweg,binnen bebouwde kom,Tss. 2 best.: langs opzij (voor-/achterkant-flank),Geen hindernis
35226,107,leuven totem,Leuven,50.8870744,4.7087919,1.6982233279900993,50.892027125344995,4.7316941336036225,2022,10,14,24062,Leuven,Regenval,"Nat, plassen",Dag,met lichtgewonden,9,personenauto,3,Fiets,Buiten Kruispunt,Gemeenteweg,buiten bebouwde kom,Tss. 2 best.: langs opzij (voor-/achterkant-flank),Geen hindernis
35226,77,Leuven teller 2,Leuven,50.88672,4.70796,1.7663031586632645,50.892027125344995,4.7316941336036225,2022,10,14,24062,Leuven,Regenval,"Nat, plassen",Dag,met lichtgewonden,9,personenauto,3,Fiets,Buiten Kruispunt,Gemeenteweg,buiten bebouwde kom,Tss. 2 best.: langs opzij (voor-/achterkant-flank),Geen hindernis
35226,69,Leuven teller 1,Leuven,50.87549,4.71526,2.1703717447002426,50.892027125344995,4.7316941336036225,2022,10,14,24062,Leuven,Regenval,"Nat, plassen",Dag,met lichtgewonden,9,personenauto,3,Fiets,Buiten Kruispunt,Gemeenteweg,buiten bebouwde kom,Tss. 2 best.: langs opzij (voor-/achterkant-flank),Geen hindernis
35227,69,Leuven teller 1,Leuven,50.87549,4.71526,1.476322319732957,50.867273232329154,4.731785799565846,2022,10,15,24062,Leuven,Normaal,Proper,Dag,met lichtgewonden,9,personenauto,3,Fiets,Op Kruispunt,Gemeenteweg,binnen bebouwde kom,Tss. 2 best.: langs opzij (voor-/achterkant-flank),Geen hindernis
35228,151,Leuven,District Leuven,50.8690262,4.6854839,1.2123239951847957,50.87907823567173,4.692174574568275,2022,10,9,24062,Leuven,Normaal,Droog,Dag,met lichtgewonden,3,Fiets,6,Bromfiets,Op Kruispunt,Gemeenteweg,binnen bebouwde kom,Tss. 2 best.: langs opzij (voor-/achterkant-flank),Geen hindernis
35228,77,Leuven teller 2,Leuven,50.88672,4.70796,1.3958443378513552,50.87907823567173,4.692174574568275,2022,10,9,24062,Leuven,Normaal,Droog,Dag,met lichtgewonden,3,Fiets,6,Bromfiets,Op Kruispunt,Gemeenteweg,binnen bebouwde kom,Tss. 2 best.: langs opzij (voor-/achterkant-flank),Geen hindernis
35228,107,leuven totem,Leuven,50.8870744,4.7087919,1.4661375933284835,50.87907823567173,4.692174574568275,2022,10,9,24062,Leuven,Normaal,Droog,Dag,met lichtgewonden,3,Fiets,6,Bromfiets,Op Kruispunt,Gemeenteweg,binnen bebouwde kom,Tss. 2 best.: langs opzij (voor-/achterkant-flank),Geen hindernis
35228,69,Leuven teller 1,Leuven,50.87549,4.71526,1.668142450043405,50.87907823567173,4.692174574568275,2022,10,9,24062,Leuven,Normaal,Droog,Dag,met lichtgewonden,3,Fiets,6,Bromfiets,Op Kruispunt,Gemeenteweg,binnen bebouwde kom,Tss. 2 best.: langs opzij (voor-/achterkant-flank),Geen hindernis
35229,107,leuven totem,Leuven,50.8870744,4.7087919,0.720509154371081,50.88877948775575,4.71870144274964,2022,10,6,24062,Leuven,Normaal,"Nat, plassen","Nacht, openb. verlicht. aanw., maar niet ontstoken",met zwaargewonden,9,personenauto,3,Fiets,Op Kruispunt,Gemeenteweg,binnen bebouwde kom,Tss. 2 best.: langs opzij (voor-/achterkant-flank),Geen hindernis
35229,77,Leuven teller 2,Leuven,50.88672,4.70796,0.7875058421762448,50.88877948775575,4.71870144274964,2022,10,6,24062,Leuven,Normaal,"Nat, plassen","Nacht, openb. verlicht. aanw., maar niet ontstoken",met zwaargewonden,9,personenauto,3,Fiets,Op Kruispunt,Gemeenteweg,binnen bebouwde kom,Tss. 2 best.: langs opzij (voor-/achterkant-flank),Geen hindernis
35229,69,Leuven teller 1,Leuven,50.87549,4.71526,1.4973167393219071,50.88877948775575,4.71870144274964,2022,10,6,24062,Leuven,Normaal,"Nat, plassen","Nacht, openb. verlicht. aanw., maar niet ontstoken",met zwaargewonden,9,personenauto,3,Fiets,Op Kruispunt,Gemeenteweg,binnen bebouwde kom,Tss. 2 best.: langs opzij (voor-/achterkant-flank),Geen hindernis
35230,151,Leuven,District Leuven,50.8690262,4.6854839,0.8913297821428017,50.86101051373992,4.68558116063104,2022,10,14,24062,Leuven,Normaal,Droog,Dag,met lichtgewonden,3,Fiets,3,Fiets,Op Kruispunt,Gemeenteweg,binnen bebouwde kom,Tss. 2 best.: langs opzij (voor-/achterkant-flank),Geen hindernis
35230,108,Heverlee teller 1,Leuven,50.8471728,4.6954674,1.6879461848763042,50.86101051373992,4.68558116063104,2022,10,14,24062,Leuven,Normaal,Droog,Dag,met lichtgewonden,3,Fiets,3,Fiets,Op Kruispunt,Gemeenteweg,binnen bebouwde kom,Tss. 2 best.: langs opzij (voor-/achterkant-flank),Geen hindernis
35230,76,Heverlee teller 2,Leuven,50.84606,4.69597,1.8153474033401678,50.86101051373992,4.68558116063104,2022,10,14,24062,Leuven,Normaal,Droog,Dag,met lichtgewonden,3,Fiets,3,Fiets,Op Kruispunt,Gemeenteweg,binnen bebouwde kom,Tss. 2 best.: langs opzij (voor-/achterkant-flank),Geen hindernis
35231,69,Leuven teller 1,Leuven,50.87549,4.71526,1.0882942973844034,50.883092191138594,4.725029602502284,2022,10,12,24062,Leuven,Normaal,Droog,Dag,met lichtgewonden,6,Bromfiets,3,Fiets,Op Kruispunt,Gemeenteweg,binnen bebouwde kom,Tss. 2 best.: langs opzij (voor-/achterkant-flank),Geen hindernis
35231,107,leuven totem,Leuven,50.8870744,4.7087919,1.222121050310784,50.883092191138594,4.725029602502284,2022,10,12,24062,Leuven,Normaal,Droog,Dag,met lichtgewonden,6,Bromfiets,3,Fiets,Op Kruispunt,Gemeenteweg,binnen bebouwde kom,Tss. 2 best.: langs opzij (voor-/achterkant-flank),Geen hindernis
35231,77,Leuven teller 2,Leuven,50.88672,4.70796,1.2635661228885855,50.883092191138594,4.725029602502284,2022,10,12,24062,Leuven,Normaal,Droog,Dag,met lichtgewonden,6,Bromfiets,3,Fiets,Op Kruispunt,Gemeenteweg,binnen bebouwde kom,Tss. 2 best.: langs opzij (voor-/achterkant-flank),Geen hindernis
35232,69,Leuven teller 1,Leuven,50.87549,4.71526,0.4801997244665432,50.87569082327136,4.70842351122589,2022,10,11,24062,Leuven,Regenval,"Nat, plassen",Dag,met lichtgewonden,5,Lichte vrachtauto,3,Fiets,Op Kruispunt,Gemeenteweg,binnen bebouwde kom,Tss. 2 best.: langs opzij (voor-/achterkant-flank),Geen hindernis
35232,77,Leuven teller 2,Leuven,50.88672,4.70796,1.2268195386006908,50.87569082327136,4.70842351122589,2022,10,11,24062,Leuven,Regenval,"Nat, plassen",Dag,met lichtgewonden,5,Lichte vrachtauto,3,Fiets,Op Kruispunt,Gemeenteweg,binnen bebouwde kom,Tss. 2 best.: langs opzij (voor-/achterkant-flank),Geen hindernis
35232,107,leuven totem,Leuven,50.8870744,4.7087919,1.266059796591127,50.87569082327136,4.70842351122589,2022,10,11,24062,Leuven,Regenval,"Nat, plassen",Dag,met lichtgewonden,5,Lichte vrachtauto,3,Fiets,Op Kruispunt,Gemeenteweg,binnen bebouwde kom,Tss. 2 best.: langs opzij (voor-/achterkant-flank),Geen hindernis
35232,151,Leuven,District Leuven,50.8690262,4.6854839,1.7720615558506516,50.87569082327136,4.70842351122589,2022,10,11,24062,Leuven,Regenval,"Nat, plassen",Dag,met lichtgewonden,5,Lichte vrachtauto,3,Fiets,Op Kruispunt,Gemeenteweg,binnen bebouwde kom,Tss. 2 best.: langs opzij (voor-/achterkant-flank),Geen hindernis
35233,69,Leuven teller 1,Leuven,50.87549,4.71526,0.2587452598292309,50.873251862701,4.71626907170112,2022,10,8,24062,Leuven,Normaal,Droog,Dag,met lichtgewonden,3,Fiets,3,Fiets,Buiten Kruispunt,Gewestweg,binnen bebouwde kom,Tussen 2 bestuurders: Frontale botsing,Geen hindernis
35233,77,Leuven teller 2,Leuven,50.88672,4.70796,1.6070471312076484,50.873251862701,4.71626907170112,2022,10,8,24062,Leuven,Normaal,Droog,Dag,met lichtgewonden,3,Fiets,3,Fiets,Buiten Kruispunt,Gewestweg,binnen bebouwde kom,Tussen 2 bestuurders: Frontale botsing,Geen hindernis
35233,107,leuven totem,Leuven,50.8870744,4.7087919,1.6240514526514627,50.873251862701,4.71626907170112,2022,10,8,24062,Leuven,Normaal,Droog,Dag,met lichtgewonden,3,Fiets,3,Fiets,Buiten Kruispunt,Gewestweg,binnen bebouwde kom,Tussen 2 bestuurders: Frontale botsing,Geen hindernis
35233,151,Leuven,District Leuven,50.8690262,4.6854839,2.210749141712049,50.873251862701,4.71626907170112,2022,10,8,24062,Leuven,Normaal,Droog,Dag,met lichtgewonden,3,Fiets,3,Fiets,Buiten Kruispunt,Gewestweg,binnen bebouwde kom,Tussen 2 bestuurders: Frontale botsing,Geen hindernis
35234,69,Leuven teller 1,Leuven,50.87549,4.71526,0.5796529023490257,50.877431553534436,4.707592917961623,2022,10,11,24062,Leuven,Normaal,Droog,Dag,met lichtgewonden,5,Lichte vrachtauto,3,Fiets,Buiten Kruispunt,Gemeenteweg,binnen bebouwde kom,Tussen 2 bestuurders: Flank tegen flank,Geen hindernis
35234,77,Leuven teller 2,Leuven,50.88672,4.70796,1.0331491324251811,50.877431553534436,4.707592917961623,2022,10,11,24062,Leuven,Normaal,Droog,Dag,met lichtgewonden,5,Lichte vrachtauto,3,Fiets,Buiten Kruispunt,Gemeenteweg,binnen bebouwde kom,Tussen 2 bestuurders: Flank tegen flank,Geen hindernis
35234,107,leuven totem,Leuven,50.8870744,4.7087919,1.0755298188648719,50.877431553534436,4.707592917961623,2022,10,11,24062,Leuven,Normaal,Droog,Dag,met lichtgewonden,5,Lichte vrachtauto,3,Fiets,Buiten Kruispunt,Gemeenteweg,binnen bebouwde kom,Tussen 2 bestuurders: Flank tegen flank,Geen hindernis
35234,151,Leuven,District Leuven,50.8690262,4.6854839,1.8111403179614867,50.877431553534436,4.707592917961623,2022,10,11,24062,Leuven,Normaal,Droog,Dag,met lichtgewonden,5,Lichte vrachtauto,3,Fiets,Buiten Kruispunt,Gemeenteweg,binnen bebouwde kom,Tussen 2 bestuurders: Flank tegen flank,Geen hindernis
35235,151,Leuven,District Leuven,50.8690262,4.6854839,0.687690477213475,50.874092783506136,4.691103960964925,2022,10,11,24062,Leuven,Normaal,Droog,Dag,met lichtgewonden,9,personenauto,3,Fiets,Op Kruispunt,Gemeenteweg,binnen bebouwde kom,Tss. 2 best.: langs opzij (voor-/achterkant-flank),Geen hindernis
35235,69,Leuven teller 1,Leuven,50.87549,4.71526,1.702036133185272,50.874092783506136,4.691103960964925,2022,10,11,24062,Leuven,Normaal,Droog,Dag,met lichtgewonden,9,personenauto,3,Fiets,Op Kruispunt,Gemeenteweg,binnen bebouwde kom,Tss. 2 best.: langs opzij (voor-/achterkant-flank),Geen hindernis
35235,77,Leuven teller 2,Leuven,50.88672,4.70796,1.835738352375199,50.874092783506136,4.691103960964925,2022,10,11,24062,Leuven,Normaal,Droog,Dag,met lichtgewonden,9,personenauto,3,Fiets,Op Kruispunt,Gemeenteweg,binnen bebouwde kom,Tss. 2 best.: langs opzij (voor-/achterkant-flank),Geen hindernis
35235,107,leuven totem,Leuven,50.8870744,4.7087919,1.9035717441678635,50.874092783506136,4.691103960964925,2022,10,11,24062,Leuven,Normaal,Droog,Dag,met lichtgewonden,9,personenauto,3,Fiets,Op Kruispunt,Gemeenteweg,binnen bebouwde kom,Tss. 2 best.: langs opzij (voor-/achterkant-flank),Geen hindernis
35236,107,leuven totem,Leuven,50.8870744,4.7087919,2.1916139759936812,50.90671175748559,4.711466085122404,2022,10,14,24062,Leuven,Normaal,Droog,Dag,met lichtgewonden,3,Fiets,9,personenauto,Buiten Kruispunt,Gewestweg,binnen bebouwde kom,Tss. 2 best.: langs opzij (voor-/achterkant-flank),Geen hindernis
35236,77,Leuven teller 2,Leuven,50.88672,4.70796,2.236540146954835,50.90671175748559,4.711466085122404,2022,10,14,24062,Leuven,Normaal,Droog,Dag,met lichtgewonden,3,Fiets,9,personenauto,Buiten Kruispunt,Gewestweg,binnen bebouwde kom,Tss. 2 best.: langs opzij (voor-/achterkant-flank),Geen hindernis
35237,107,leuven totem,Leuven,50.8870744,4.7087919,0.5151177838020417,50.883968405233986,4.714240028924285,2022,10,14,24062,Leuven,Normaal,Droog,Dag,met lichtgewonden,9,personenauto,3,Fiets,Buiten Kruispunt,Gemeenteweg,binnen bebouwde kom,Tussen 2 bestuurders: Frontale botsing,Geen hindernis
35237,77,Leuven teller 2,Leuven,50.88672,4.70796,0.5363699700868875,50.883968405233986,4.714240028924285,2022,10,14,24062,Leuven,Normaal,Droog,Dag,met lichtgewonden,9,personenauto,3,Fiets,Buiten Kruispunt,Gemeenteweg,binnen bebouwde kom,Tussen 2 bestuurders: Frontale botsing,Geen hindernis
35237,69,Leuven teller 1,Leuven,50.87549,4.71526,0.9454676041350646,50.883968405233986,4.714240028924285,2022,10,14,24062,Leuven,Normaal,Droog,Dag,met lichtgewonden,9,personenauto,3,Fiets,Buiten Kruispunt,Gemeenteweg,binnen bebouwde kom,Tussen 2 bestuurders: Frontale botsing,Geen hindernis
35238,151,Leuven,District Leuven,50.8690262,4.6854839,0.9523115634526428,50.863569142248615,4.6959423179504185,2022,10,20,24062,Leuven,Onbekend,Onbekend,"Nacht, openbare verlichting aanwezig en ontstoken",met lichtgewonden,3,Fiets,9,personenauto,Buiten Kruispunt,Gewestweg,onbekend,Tussen 2 bestuurders: Flank tegen flank,Geen hindernis
35238,108,Heverlee teller 1,Leuven,50.8471728,4.6954674,1.8234948301273917,50.863569142248615,4.6959423179504185,2022,10,20,24062,Leuven,Onbekend,Onbekend,"Nacht, openbare verlichting aanwezig en ontstoken",met lichtgewonden,3,Fiets,9,personenauto,Buiten Kruispunt,Gewestweg,onbekend,Tussen 2 bestuurders: Flank tegen flank,Geen hindernis
35238,69,Leuven teller 1,Leuven,50.87549,4.71526,1.8959676175300981,50.863569142248615,4.6959423179504185,2022,10,20,24062,Leuven,Onbekend,Onbekend,"Nacht, openbare verlichting aanwezig en ontstoken",met lichtgewonden,3,Fiets,9,personenauto,Buiten Kruispunt,Gewestweg,onbekend,Tussen 2 bestuurders: Flank tegen flank,Geen hindernis
35238,76,Heverlee teller 2,Leuven,50.84606,4.69597,1.9469287576516927,50.863569142248615,4.6959423179504185,2022,10,20,24062,Leuven,Onbekend,Onbekend,"Nacht, openbare verlichting aanwezig en ontstoken",met lichtgewonden,3,Fiets,9,personenauto,Buiten Kruispunt,Gewestweg,onbekend,Tussen 2 bestuurders: Flank tegen flank,Geen hindernis
35239,69,Leuven teller 1,Leuven,50.87549,4.71526,0.6736013090586646,50.88152896565178,4.714502663113646,2022,10,22,24062,Leuven,Normaal,Droog,Dag,met lichtgewonden,3,Fiets,6,Bromfiets,Op Kruispunt,Gewestweg,binnen bebouwde kom,Tussen 2 bestuurders: Langs achteren,Geen hindernis
35239,107,leuven totem,Leuven,50.8870744,4.7087919,0.7353373624311386,50.88152896565178,4.714502663113646,2022,10,22,24062,Leuven,Normaal,Droog,Dag,met lichtgewonden,3,Fiets,6,Bromfiets,Op Kruispunt,Gewestweg,binnen bebouwde kom,Tussen 2 bestuurders: Langs achteren,Geen hindernis
35239,77,Leuven teller 2,Leuven,50.88672,4.70796,0.737456243616288,50.88152896565178,4.714502663113646,2022,10,22,24062,Leuven,Normaal,Droog,Dag,met lichtgewonden,3,Fiets,6,Bromfiets,Op Kruispunt,Gewestweg,binnen bebouwde kom,Tussen 2 bestuurders: Langs achteren,Geen hindernis
35239,151,Leuven,District Leuven,50.8690262,4.6854839,2.4654632254486737,50.88152896565178,4.714502663113646,2022,10,22,24062,Leuven,Normaal,Droog,Dag,met lichtgewonden,3,Fiets,6,Bromfiets,Op Kruispunt,Gewestweg,binnen bebouwde kom,Tussen 2 bestuurders: Langs achteren,Geen hindernis
35240,69,Leuven teller 1,Leuven,50.87549,4.71526,0.2107364568272103,50.87366546686684,4.714447513981549,2022,10,8,24062,Leuven,Normaal,Droog,Dageraad - schemering,met lichtgewonden,3,Fiets,3,Fiets,Op Kruispunt,Gewestweg,binnen bebouwde kom,Tussen 2 bestuurders: Frontale botsing,Geen hindernis
35240,77,Leuven teller 2,Leuven,50.88672,4.70796,1.5212815152693728,50.87366546686684,4.714447513981549,2022,10,8,24062,Leuven,Normaal,Droog,Dageraad - schemering,met lichtgewonden,3,Fiets,3,Fiets,Op Kruispunt,Gewestweg,binnen bebouwde kom,Tussen 2 bestuurders: Frontale botsing,Geen hindernis
35240,107,leuven totem,Leuven,50.8870744,4.7087919,1.542898016914959,50.87366546686684,4.714447513981549,2022,10,8,24062,Leuven,Normaal,Droog,Dageraad - schemering,met lichtgewonden,3,Fiets,3,Fiets,Op Kruispunt,Gewestweg,binnen bebouwde kom,Tussen 2 bestuurders: Frontale botsing,Geen hindernis
35240,151,Leuven,District Leuven,50.8690262,4.6854839,2.0968545706799495,50.87366546686684,4.714447513981549,2022,10,8,24062,Leuven,Normaal,Droog,Dageraad - schemering,met lichtgewonden,3,Fiets,3,Fiets,Op Kruispunt,Gewestweg,binnen bebouwde kom,Tussen 2 bestuurders: Frontale botsing,Geen hindernis
35241,151,Leuven,District Leuven,50.8690262,4.6854839,0.8695811437752377,50.86955922854077,4.6978468345068825,2022,10,4,24062,Leuven,Normaal,"Nat, plassen","Nacht, openbare verlichting aanwezig en ontstoken",met lichtgewonden,3,Fiets,99,onbekend,Buiten Kruispunt,Gemeenteweg,binnen bebouwde kom,Tussen 2 bestuurders: Frontale botsing,Geen hindernis
35241,69,Leuven teller 1,Leuven,50.87549,4.71526,1.3884773168949383,50.86955922854077,4.6978468345068825,2022,10,4,24062,Leuven,Normaal,"Nat, plassen","Nacht, openbare verlichting aanwezig en ontstoken",met lichtgewonden,3,Fiets,99,onbekend,Buiten Kruispunt,Gemeenteweg,binnen bebouwde kom,Tussen 2 bestuurders: Frontale botsing,Geen hindernis
35241,77,Leuven teller 2,Leuven,50.88672,4.70796,2.0358415596106414,50.86955922854077,4.6978468345068825,2022,10,4,24062,Leuven,Normaal,"Nat, plassen","Nacht, openbare verlichting aanwezig en ontstoken",met lichtgewonden,3,Fiets,99,onbekend,Buiten Kruispunt,Gemeenteweg,binnen bebouwde kom,Tussen 2 bestuurders: Frontale botsing,Geen hindernis
35241,107,leuven totem,Leuven,50.8870744,4.7087919,2.0935205208662224,50.86955922854077,4.6978468345068825,2022,10,4,24062,Leuven,Normaal,"Nat, plassen","Nacht, openbare verlichting aanwezig en ontstoken",met lichtgewonden,3,Fiets,99,onbekend,Buiten Kruispunt,Gemeenteweg,binnen bebouwde kom,Tussen 2 bestuurders: Frontale botsing,Geen hindernis
35241,108,Heverlee teller 1,Leuven,50.8471728,4.6954674,2.4948538002368594,50.86955922854077,4.6978468345068825,2022,10,4,24062,Leuven,Normaal,"Nat, plassen","Nacht, openbare verlichting aanwezig en ontstoken",met lichtgewonden,3,Fiets,99,onbekend,Buiten Kruispunt,Gemeenteweg,binnen bebouwde kom,Tussen 2 bestuurders: Frontale botsing,Geen hindernis
35242,76,Heverlee teller 2,Leuven,50.84606,4.69597,1.9457178021049002,50.84978018341248,4.7230506824034615,2022,10,7,24062,Leuven,Onbekend,Onbekend,Dageraad - schemering,met lichtgewonden,3,Fiets,11,een weggebruiker tegen een hindernis,Buiten Kruispunt,Gemeenteweg,buiten bebouwde kom,Weggebruiker tegen hindernis buiten rijbaan,Buiten de rijbaan: Andere paal
35242,108,Heverlee teller 1,Leuven,50.8471728,4.6954674,1.9580820492596076,50.84978018341248,4.7230506824034615,2022,10,7,24062,Leuven,Onbekend,Onbekend,Dageraad - schemering,met lichtgewonden,3,Fiets,11,een weggebruiker tegen een hindernis,Buiten Kruispunt,Gemeenteweg,buiten bebouwde kom,Weggebruiker tegen hindernis buiten rijbaan,Buiten de rijbaan: Andere paal
35243,69,Leuven teller 1,Leuven,50.87549,4.71526,1.099187368427179,50.86567019182039,4.713460848059855,2022,10,14,24062,Leuven,Normaal,"Nat, plassen",Dag,met lichtgewonden,3,Fiets,3,Fiets,Buiten Kruispunt,Gemeenteweg,binnen bebouwde kom,Tussen 2 bestuurders: Frontale botsing,Geen hindernis
35243,151,Leuven,District Leuven,50.8690262,4.6854839,1.998491050529986,50.86567019182039,4.713460848059855,2022,10,14,24062,Leuven,Normaal,"Nat, plassen",Dag,met lichtgewonden,3,Fiets,3,Fiets,Buiten Kruispunt,Gemeenteweg,binnen bebouwde kom,Tussen 2 bestuurders: Frontale botsing,Geen hindernis
35243,77,Leuven teller 2,Leuven,50.88672,4.70796,2.3722400782340003,50.86567019182039,4.713460848059855,2022,10,14,24062,Leuven,Normaal,"Nat, plassen",Dag,met lichtgewonden,3,Fiets,3,Fiets,Buiten Kruispunt,Gemeenteweg,binnen bebouwde kom,Tussen 2 bestuurders: Frontale botsing,Geen hindernis
35243,107,leuven totem,Leuven,50.8870744,4.7087919,2.402478400942747,50.86567019182039,4.713460848059855,2022,10,14,24062,Leuven,Normaal,"Nat, plassen",Dag,met lichtgewonden,3,Fiets,3,Fiets,Buiten Kruispunt,Gemeenteweg,binnen bebouwde kom,Tussen 2 bestuurders: Frontale botsing,Geen hindernis
35243,108,Heverlee teller 1,Leuven,50.8471728,4.6954674,2.4136533913514318,50.86567019182039,4.713460848059855,2022,10,14,24062,Leuven,Normaal,"Nat, plassen",Dag,met lichtgewonden,3,Fiets,3,Fiets,Buiten Kruispunt,Gemeenteweg,binnen bebouwde kom,Tussen 2 bestuurders: Frontale botsing,Geen hindernis
35244,77,Leuven teller 2,Leuven,50.88672,4.70796,0.9373838176393714,50.88069613727636,4.698612314253266,2022,10,16,24062,Leuven,Normaal,Droog,Dag,met lichtgewonden,8,Voetganger,3,Fiets,Buiten Kruispunt,Gemeenteweg,binnen bebouwde kom,Met een voetganger,Geen hindernis
35244,107,leuven totem,Leuven,50.8870744,4.7087919,1.0064670605396078,50.88069613727636,4.698612314253266,2022,10,16,24062,Leuven,Normaal,Droog,Dag,met lichtgewonden,8,Voetganger,3,Fiets,Buiten Kruispunt,Gemeenteweg,binnen bebouwde kom,Met een voetganger,Geen hindernis
35244,69,Leuven teller 1,Leuven,50.87549,4.71526,1.3036045983049698,50.88069613727636,4.698612314253266,2022,10,16,24062,Leuven,Normaal,Droog,Dag,met lichtgewonden,8,Voetganger,3,Fiets,Buiten Kruispunt,Gemeenteweg,binnen bebouwde kom,Met een voetganger,Geen hindernis
35244,151,Leuven,District Leuven,50.8690262,4.6854839,1.5913548412391765,50.88069613727636,4.698612314253266,2022,10,16,24062,Leuven,Normaal,Droog,Dag,met lichtgewonden,8,Voetganger,3,Fiets,Buiten Kruispunt,Gemeenteweg,binnen bebouwde kom,Met een voetganger,Geen hindernis
35245,77,Leuven teller 2,Leuven,50.88672,4.70796,0.8336133633067733,50.879922394268604,4.702948802770468,2022,10,3,24062,Leuven,Normaal,"Nat, plassen","Nacht, geen openbare verlichting aanwezig",met lichtgewonden,3,Fiets,10,"één bestuurder, geen hindernis",Buiten Kruispunt,Gemeenteweg,binnen bebouwde kom,"Eén bestuurder, geen hindernis (incl. val)",Geen hindernis
35245,107,leuven totem,Leuven,50.8870744,4.7087919,0.8946927477333214,50.879922394268604,4.702948802770468,2022,10,3,24062,Leuven,Normaal,"Nat, plassen","Nacht, geen openbare verlichting aanwezig",met lichtgewonden,3,Fiets,10,"één bestuurder, geen hindernis",Buiten Kruispunt,Gemeenteweg,binnen bebouwde kom,"Eén bestuurder, geen hindernis (incl. val)",Geen hindernis