crash_row_id,site_id,site_name,site_gemeente,site_lat,site_long,distance_km,crash_lat,crash_long,DT_YEAR_COLLISION,DT_MONTH_COLLISION,DT_TIME,CD_NIS,TX_MUNTY_COLLISION_NL,TX_WEATHER_NL,TX_ROAD_CONDITION_NL,TX_LIGHT_CONDITION_NL,TX_CLASS_ACCIDENTS_NL,CD_ROAD_USR_TYPE1,TX_ROAD_USR_TYPE1_NL,CD_ROAD_USR_TYPE2,TX_ROAD_USR_TYPE2_NL,TX_CROSSWAY_NL,CD_ROAD_TYPE_NL,TX_BUILD_UP_AREA_NL,TX_COLLISION_TYPE_NL,TX_OBSTACLES_NL
35245,69,Leuven teller 1,Leuven,50.87549,4.71526,0.9944915111980174,50.879922394268604,4.702948802770468,2022,10,3,24062,Leuven,Normaal,"Nat, plassen","Nacht, geen openbare verlichting aanwezig",met lichtgewonden,3,Fiets,10,"één bestuurder, geen hindernis",Buiten Kruispunt,Gemeenteweg,binnen bebouwde kom,"Eén bestuurder, geen hindernis (incl. val)",Geen hindernis
35245,151,Leuven,District Leuven,50.8690262,4.6854839,1.7232828508128128,50.879922394268604,4.702948802770468,2022,10,3,24062,Leuven,Normaal,"Nat, plassen","Nacht, geen openbare verlichting aanwezig",met lichtgewonden,3,Fiets,10,"één bestuurder, geen hindernis",Buiten Kruispunt,Gemeenteweg,binnen bebouwde kom,"Eén bestuurder, geen hindernis (incl. val)",Geen hindernis
35246,107,leuven totem,Leuven,50.8870744,4.7087919,1.7262968014087423,50.90258745762382,4.709755532843146,2022,10,11,24062,Leuven,Normaal,Droog,Dag,met lichtgewonden,3,Fiets,3,Fiets,Op Kruispunt,Gewestweg,binnen bebouwde kom,Tussen 2 bestuurders: Flank tegen flank,Geen hindernis
35246,77,Leuven teller 2,Leuven,50.88672,4.70796,1.7688692152398375,50.90258745762382,4.709755532843146,2022,10,11,24062,Leuven,Normaal,Droog,Dag,met lichtgewonden,3,Fiets,3,Fiets,Op Kruispunt,Gewestweg,binnen bebouwde kom,Tussen 2 bestuurders: Flank tegen flank,Geen hindernis
35247,107,leuven totem,Leuven,50.8870744,4.7087919,2.1969657632271145,50.90675865699671,4.711491997202527,2022,10,14,24062,Leuven,Onbekend,Onbekend,Dag,met lichtgewonden,3,Fiets,3,Fiets,Buiten Kruispunt,Gewestweg,onbekend,Tussen 2 bestuurders: Langs achteren,Geen hindernis
35247,77,Leuven teller 2,Leuven,50.88672,4.70796,2.241923644278064,50.90675865699671,4.711491997202527,2022,10,14,24062,Leuven,Onbekend,Onbekend,Dag,met lichtgewonden,3,Fiets,3,Fiets,Buiten Kruispunt,Gewestweg,onbekend,Tussen 2 bestuurders: Langs achteren,Geen hindernis
35248,107,leuven totem,Leuven,50.8870744,4.7087919,1.1424520726887848,50.88416342264536,4.724410500746049,2022,10,22,24062,Leuven,Normaal,Droog,"Nacht, openbare verlichting aanwezig en ontstoken",met lichtgewonden,3,Fiets,9,personenauto,Buiten Kruispunt,Gewestweg,binnen bebouwde kom,Tss. 2 best.: langs opzij (voor-/achterkant-flank),Geen hindernis
35248,69,Leuven teller 1,Leuven,50.87549,4.71526,1.1585719242329495,50.88416342264536,4.724410500746049,2022,10,22,24062,Leuven,Normaal,Droog,"Nacht, openbare verlichting aanwezig en ontstoken",met lichtgewonden,3,Fiets,9,personenauto,Buiten Kruispunt,Gewestweg,binnen bebouwde kom,Tss. 2 best.: langs opzij (voor-/achterkant-flank),Geen hindernis
35248,77,Leuven teller 2,Leuven,50.88672,4.70796,1.1884996832325783,50.88416342264536,4.724410500746049,2022,10,22,24062,Leuven,Normaal,Droog,"Nacht, openbare verlichting aanwezig en ontstoken",met lichtgewonden,3,Fiets,9,personenauto,Buiten Kruispunt,Gewestweg,binnen bebouwde kom,Tss. 2 best.: langs opzij (voor-/achterkant-flank),Geen hindernis
35259,87,Aarschot,Aarschot,50.99084,4.81259,1.0777125768893299,50.9848293002906,4.824668404413419,2022,10,13,24001,Aarschot,Normaal,Droog,Dag,met lichtgewonden,3,Fiets,9,personenauto,Op Kruispunt,Gemeenteweg,binnen bebouwde kom,Tss. 2 best.: langs opzij (voor-/achterkant-flank),Geen hindernis
35260,87,Aarschot,Aarschot,50.99084,4.81259,1.9726008240281037,51.00132163648449,4.835330652863194,2022,10,17,24001,Aarschot,Normaal,Onbekend,Dag,met lichtgewonden,3,Fiets,6,Bromfiets,Buiten Kruispunt,Gewestweg,onbekend,Tss. 2 best.: langs opzij (voor-/achterkant-flank),Geen hindernis
35261,87,Aarschot,Aarschot,50.99084,4.81259,1.8829331793926438,50.9871428873053,4.838842419479767,2022,10,13,24001,Aarschot,Normaal,Droog,Dag,met lichtgewonden,9,personenauto,3,Fiets,Op Kruispunt,Gewestweg,binnen bebouwde kom,Tss. 2 best.: langs opzij (voor-/achterkant-flank),Geen hindernis
35262,87,Aarschot,Aarschot,50.99084,4.81259,2.043411151101448,50.98016100272218,4.8363471127137085,2022,10,17,24001,Aarschot,Normaal,Droog,Dag,met lichtgewonden,9,personenauto,3,Fiets,Op Kruispunt,Gemeenteweg,binnen bebouwde kom,Tss. 2 best.: langs opzij (voor-/achterkant-flank),Geen hindernis
35267,101,Diest teller 1,Diest,50.97799,5.04481,1.554099206737867,50.99074890531058,5.053872514446108,2022,10,17,24020,Diest,Onbekend,Onbekend,Dag,met lichtgewonden,3,Fiets,3,Fiets,Buiten Kruispunt,Gewestweg,binnen bebouwde kom,Tss. 2 best.: langs opzij (voor-/achterkant-flank),Geen hindernis
35267,102,Diest teller 2,Diest,50.9779,5.04474,1.5652355224875143,50.99074890531058,5.053872514446108,2022,10,17,24020,Diest,Onbekend,Onbekend,Dag,met lichtgewonden,3,Fiets,3,Fiets,Buiten Kruispunt,Gewestweg,binnen bebouwde kom,Tss. 2 best.: langs opzij (voor-/achterkant-flank),Geen hindernis
35268,101,Diest teller 1,Diest,50.97799,5.04481,0.7802448046407228,50.979669494185984,5.05563095259769,2022,10,17,24020,Diest,Normaal,Droog,Dag,met lichtgewonden,3,Fiets,9,personenauto,Op Kruispunt,Gewestweg,binnen bebouwde kom,Tss. 2 best.: langs opzij (voor-/achterkant-flank),Geen hindernis
35268,102,Diest teller 2,Diest,50.9779,5.04474,0.7874453679616588,50.979669494185984,5.05563095259769,2022,10,17,24020,Diest,Normaal,Droog,Dag,met lichtgewonden,3,Fiets,9,personenauto,Op Kruispunt,Gewestweg,binnen bebouwde kom,Tss. 2 best.: langs opzij (voor-/achterkant-flank),Geen hindernis
35272,145,Overijse,District Vilvoorde-gewestwegen,50.7885856,4.4908759,0.4833172966977169,50.792922490876244,4.4913346706839405,2022,10,7,23062,Overijse,Normaal,Droog,Dag,met lichtgewonden,3,Fiets,9,personenauto,Buiten Kruispunt,Gemeenteweg,binnen bebouwde kom,Tss. 2 best.: langs opzij (voor-/achterkant-flank),Geen hindernis
35272,146,Overijse 2,District Vilvoorde-gewestwegen,50.7881478,4.4902818,0.5360549252360517,50.792922490876244,4.4913346706839405,2022,10,7,23062,Overijse,Normaal,Droog,Dag,met lichtgewonden,3,Fiets,9,personenauto,Buiten Kruispunt,Gemeenteweg,binnen bebouwde kom,Tss. 2 best.: langs opzij (voor-/achterkant-flank),Geen hindernis
35272,147,Overijse,District Vilvoorde-gewestwegen,50.7797555,4.4975769,1.528450691407958,50.792922490876244,4.4913346706839405,2022,10,7,23062,Overijse,Normaal,Droog,Dag,met lichtgewonden,3,Fiets,9,personenauto,Buiten Kruispunt,Gemeenteweg,binnen bebouwde kom,Tss. 2 best.: langs opzij (voor-/achterkant-flank),Geen hindernis
35276,86,Asse teller 2,Asse,50.89132,4.1709,1.7683188596009827,50.89086254683902,4.145699648139832,2022,10,15,23105,Affligem,Normaal,Proper,Dag,met lichtgewonden,3,Fiets,10,"één bestuurder, geen hindernis",Buiten Kruispunt,Gemeenteweg,binnen bebouwde kom,"Eén bestuurder, geen hindernis (incl. val)",Geen hindernis
35276,85,Asse teller 1,Asse,50.89621,4.17294,2.0009643224023033,50.89086254683902,4.145699648139832,2022,10,15,23105,Affligem,Normaal,Proper,Dag,met lichtgewonden,3,Fiets,10,"één bestuurder, geen hindernis",Buiten Kruispunt,Gemeenteweg,binnen bebouwde kom,"Eén bestuurder, geen hindernis (incl. val)",Geen hindernis
35284,27,Grimbergen,Meise,50.92127,4.34013,1.9323478605629003,50.93345669354199,4.359785100744026,2022,10,11,23025,Grimbergen,Normaal,Droog,Dag,met lichtgewonden,3,Fiets,11,een weggebruiker tegen een hindernis,Buiten Kruispunt,Gemeenteweg,binnen bebouwde kom,Weggebruiker tegen hindernis op de rijbaan,"Op de rijbaan: Werken (signal., aarde, toestel,…)"
35285,27,Grimbergen,Meise,50.92127,4.34013,2.3667681669016263,50.93296682592011,4.368342919411004,2022,10,15,23025,Grimbergen,Normaal,Droog,Dag,met lichtgewonden,3,Fiets,11,een weggebruiker tegen een hindernis,Buiten Kruispunt,Gemeenteweg,binnen bebouwde kom,Weggebruiker tegen hindernis op de rijbaan,"Op de rijbaan: Put, straatgoot, tramspoor"
35286,47,Vilvoorde,Vilvoorde,50.91372,4.41497,1.4753186925331065,50.91608339582338,4.394262296047087,2022,10,10,23088,Vilvoorde,Normaal,Onbekend,Dag,met lichtgewonden,3,Fiets,11,een weggebruiker tegen een hindernis,Buiten Kruispunt,Gemeenteweg,buiten bebouwde kom,Weggebruiker tegen hindernis buiten rijbaan,Andere hindernis
35287,27,Grimbergen,Meise,50.92127,4.34013,2.243404853648861,50.90882240743156,4.36531402296721,2022,10,16,23088,Vilvoorde,Normaal,Droog,Dag,met lichtgewonden,9,personenauto,3,Fiets,Op Kruispunt,Gemeenteweg,binnen bebouwde kom,Tss. 2 best.: langs opzij (voor-/achterkant-flank),Geen hindernis
35288,47,Vilvoorde,Vilvoorde,50.91372,4.41497,1.097343304972713,50.92336020299887,4.411621340275517,2022,10,16,23088,Vilvoorde,Normaal,Droog,Dag,met lichtgewonden,9,personenauto,3,Fiets,Buiten Kruispunt,Gewestweg,binnen bebouwde kom,Tss. 2 best.: langs opzij (voor-/achterkant-flank),Geen hindernis
35289,47,Vilvoorde,Vilvoorde,50.91372,4.41497,2.011954809954778,50.92770624159262,4.433179794260824,2022,10,13,23088,Vilvoorde,Normaal,Droog,Dag,met lichtgewonden,9,personenauto,3,Fiets,Op Kruispunt,Gemeenteweg,binnen bebouwde kom,Tss. 2 best.: langs opzij (voor-/achterkant-flank),Geen hindernis
35289,1,Machelen,Machelen,50.91618331151478,4.456121776137429,2.056147829874676,50.92770624159262,4.433179794260824,2022,10,13,23088,Vilvoorde,Normaal,Droog,Dag,met lichtgewonden,9,personenauto,3,Fiets,Op Kruispunt,Gemeenteweg,binnen bebouwde kom,Tss. 2 best.: langs opzij (voor-/achterkant-flank),Geen hindernis
35290,1,Machelen,Machelen,50.91618331151478,4.456121776137429,1.923624549400678,50.927922079296984,4.435963459772649,2022,10,6,23088,Vilvoorde,Onbekend,Droog,Dageraad - schemering,met lichtgewonden,3,Fiets,9,personenauto,Buiten Kruispunt,Gemeenteweg,binnen bebouwde kom,Tussen 2 bestuurders: Frontale botsing,Geen hindernis
35290,47,Vilvoorde,Vilvoorde,50.91372,4.41497,2.1585615238009326,50.927922079296984,4.435963459772649,2022,10,6,23088,Vilvoorde,Onbekend,Droog,Dageraad - schemering,met lichtgewonden,3,Fiets,9,personenauto,Buiten Kruispunt,Gemeenteweg,binnen bebouwde kom,Tussen 2 bestuurders: Frontale botsing,Geen hindernis
35291,1,Machelen,Machelen,50.91618331151478,4.456121776137429,1.6924757960786898,50.92970094793945,4.445023188380038,2022,10,10,23088,Vilvoorde,Normaal,Droog,Dageraad - schemering,met lichtgewonden,3,Fiets,9,personenauto,Buiten Kruispunt,Gemeenteweg,binnen bebouwde kom,Tss. 2 best.: langs opzij (voor-/achterkant-flank),Geen hindernis
35296,71,Kampenhout teller 2,Kampenhout,50.95589,4.59164,1.193964980402752,50.94890784521537,4.578690841884972,2022,10,8,23038,Kampenhout,Normaal,Droog,Dag,met lichtgewonden,9,personenauto,3,Fiets,Op Kruispunt,Gewestweg,binnen bebouwde kom,Tss. 2 best.: langs opzij (voor-/achterkant-flank),Geen hindernis
35296,70,Kampenhout teller 1,Kampenhout,50.95682,4.59318,1.3431820861990424,50.94890784521537,4.578690841884972,2022,10,8,23038,Kampenhout,Normaal,Droog,Dag,met lichtgewonden,9,personenauto,3,Fiets,Op Kruispunt,Gewestweg,binnen bebouwde kom,Tss. 2 best.: langs opzij (voor-/achterkant-flank),Geen hindernis
35297,13,Gent,Gent,51.03018,3.70146,2.279055205479273,51.04577967637574,3.7226021138621395,2022,10,6,44021,Gent,Normaal,Droog,"Nacht, openbare verlichting aanwezig en ontstoken",met lichtgewonden,3,Fiets,3,Fiets,Buiten Kruispunt,Gemeenteweg,binnen bebouwde kom,Tussen 2 bestuurders: Langs achteren,Geen hindernis
35298,119,Gent teller 2,Gent,51.0281795,3.7683918,1.950157564528512,51.04387240476276,3.755938928483352,2022,10,16,44021,Gent,Onbekend,Onbekend,Onbekend,met lichtgewonden,3,Fiets,3,Fiets,Buiten Kruispunt,Gemeenteweg,binnen bebouwde kom,Tussen 2 bestuurders: Flank tegen flank,Geen hindernis
35298,118,Gent teller 1,Gent,51.028049,3.7681359,1.955282297767523,51.04387240476276,3.755938928483352,2022,10,16,44021,Gent,Onbekend,Onbekend,Onbekend,met lichtgewonden,3,Fiets,3,Fiets,Buiten Kruispunt,Gemeenteweg,binnen bebouwde kom,Tussen 2 bestuurders: Flank tegen flank,Geen hindernis
35299,13,Gent,Gent,51.03018,3.70146,2.3172749030536317,51.0413243980211,3.7294635033068477,2022,10,2,44021,Gent,Normaal,Droog,"Nacht, openbare verlichting aanwezig en ontstoken",met lichtgewonden,9,personenauto,3,Fiets,Buiten Kruispunt,Gemeenteweg,binnen bebouwde kom,Tss. 2 best.: langs opzij (voor-/achterkant-flank),Geen hindernis
35300,136,Gent R4,Gent,51.0876313,3.7587918,1.9621949444989928,51.074258681297174,3.740464029512691,2022,10,17,44021,Gent,Normaal,Droog,Dag,met lichtgewonden,3,Fiets,4,Vrachtwagen,Buiten Kruispunt,Gewestweg,buiten bebouwde kom,Tss. 2 best.: langs opzij (voor-/achterkant-flank),Geen hindernis
35306,13,Gent,Gent,51.03018,3.70146,1.4945785912953498,51.042331850282494,3.7105946278819224,2022,10,20,44021,Gent,Normaal,Droog,"Nacht, openbare verlichting aanwezig en ontstoken",met lichtgewonden,3,Fiets,3,Fiets,Op Kruispunt,Gewestweg,binnen bebouwde kom,Tussen 2 bestuurders: Langs achteren,Geen hindernis
35309,13,Gent,Gent,51.03018,3.70146,2.322672662874845,51.041428554986595,3.7294496799330714,2022,10,10,44021,Gent,Normaal,Droog,Dag,met lichtgewonden,9,personenauto,3,Fiets,Op Kruispunt,Gemeenteweg,binnen bebouwde kom,Tss. 2 best.: langs opzij (voor-/achterkant-flank),Geen hindernis
35311,118,Gent teller 1,Gent,51.028049,3.7681359,2.299215221443137,51.03090248563528,3.7355729585785915,2022,10,11,44021,Gent,Normaal,Droog,Dag,met lichtgewonden,3,Fiets,3,Fiets,Buiten Kruispunt,Gemeenteweg,binnen bebouwde kom,Tussen 2 bestuurders: Flank tegen flank,Geen hindernis
35311,119,Gent teller 2,Gent,51.0281795,3.7683918,2.314995333670474,51.03090248563528,3.7355729585785915,2022,10,11,44021,Gent,Normaal,Droog,Dag,met lichtgewonden,3,Fiets,3,Fiets,Buiten Kruispunt,Gemeenteweg,binnen bebouwde kom,Tussen 2 bestuurders: Flank tegen flank,Geen hindernis
35311,13,Gent,Gent,51.03018,3.70146,2.38691114360335,51.03090248563528,3.7355729585785915,2022,10,11,44021,Gent,Normaal,Droog,Dag,met lichtgewonden,3,Fiets,3,Fiets,Buiten Kruispunt,Gemeenteweg,binnen bebouwde kom,Tussen 2 bestuurders: Flank tegen flank,Geen hindernis
35313,119,Gent teller 2,Gent,51.0281795,3.7683918,0.008438540033756414,51.02811171668734,3.768337538647378,2022,10,7,44021,Gent,Onbekend,Onbekend,Dageraad - schemering,met lichtgewonden,9,personenauto,3,Fiets,Buiten Kruispunt,Gewestweg,binnen bebouwde kom,Tss. 2 best.: langs opzij (voor-/achterkant-flank),Geen hindernis
35313,118,Gent teller 1,Gent,51.028049,3.7681359,0.015731749728242324,51.02811171668734,3.768337538647378,2022,10,7,44021,Gent,Onbekend,Onbekend,Dageraad - schemering,met lichtgewonden,9,personenauto,3,Fiets,Buiten Kruispunt,Gewestweg,binnen bebouwde kom,Tss. 2 best.: langs opzij (voor-/achterkant-flank),Geen hindernis
35314,118,Gent teller 1,Gent,51.028049,3.7681359,0.645485747111834,51.03160876059771,3.760844912446648,2022,10,8,44021,Gent,Normaal,Droog,Dag,met lichtgewonden,9,personenauto,3,Fiets,Op Kruispunt,Gewestweg,buiten bebouwde kom,Tussen 2 bestuurders: Frontale botsing,Geen hindernis
35314,119,Gent teller 2,Gent,51.0281795,3.7683918,0.6511093127233718,51.03160876059771,3.760844912446648,2022,10,8,44021,Gent,Normaal,Droog,Dag,met lichtgewonden,9,personenauto,3,Fiets,Op Kruispunt,Gewestweg,buiten bebouwde kom,Tussen 2 bestuurders: Frontale botsing,Geen hindernis
35317,118,Gent teller 1,Gent,51.028049,3.7681359,0.9002113599880299,51.02307412128893,3.757981421117875,2022,10,17,44021,Gent,Normaal,Droog,Dag,met lichtgewonden,3,Fiets,3,Fiets,Buiten Kruispunt,Gemeenteweg,binnen bebouwde kom,Tussen 2 bestuurders: Langs achteren,Geen hindernis
35317,119,Gent teller 2,Gent,51.0281795,3.7683918,0.9232471200843093,51.02307412128893,3.757981421117875,2022,10,17,44021,Gent,Normaal,Droog,Dag,met lichtgewonden,3,Fiets,3,Fiets,Buiten Kruispunt,Gemeenteweg,binnen bebouwde kom,Tussen 2 bestuurders: Langs achteren,Geen hindernis
35318,13,Gent,Gent,51.03018,3.70146,1.975567732978951,51.03841734166444,3.726492367888111,2022,10,18,44021,Gent,Normaal,Droog,Dageraad - schemering,met lichtgewonden,3,Fiets,8,Voetganger,Buiten Kruispunt,Gewestweg,binnen bebouwde kom,Met een voetganger,Geen hindernis
35319,118,Gent teller 1,Gent,51.028049,3.7681359,1.2220970410374206,51.03480010489933,3.7543455224250737,2022,10,10,44021,Gent,Normaal,Droog,Dag,met lichtgewonden,9,personenauto,3,Fiets,Op Kruispunt,Gewestweg,buiten bebouwde kom,Tss. 2 best.: langs opzij (voor-/achterkant-flank),Geen hindernis
35319,119,Gent teller 2,Gent,51.0281795,3.7683918,1.227508595414302,51.03480010489933,3.7543455224250737,2022,10,10,44021,Gent,Normaal,Droog,Dag,met lichtgewonden,9,personenauto,3,Fiets,Op Kruispunt,Gewestweg,buiten bebouwde kom,Tss. 2 best.: langs opzij (voor-/achterkant-flank),Geen hindernis
35320,118,Gent teller 1,Gent,51.028049,3.7681359,0.1699687218765956,51.02908880584871,3.766354455498866,2022,10,11,44021,Gent,Normaal,Droog,Dag,met lichtgewonden,9,personenauto,3,Fiets,Buiten Kruispunt,Gewestweg,buiten bebouwde kom,Tss. 2 best.: langs opzij (voor-/achterkant-flank),Geen hindernis
35320,119,Gent teller 2,Gent,51.0281795,3.7683918,0.17471046211683028,51.02908880584871,3.766354455498866,2022,10,11,44021,Gent,Normaal,Droog,Dag,met lichtgewonden,9,personenauto,3,Fiets,Buiten Kruispunt,Gewestweg,buiten bebouwde kom,Tss. 2 best.: langs opzij (voor-/achterkant-flank),Geen hindernis
35322,13,Gent,Gent,51.03018,3.70146,1.4227972817120482,51.01842988193763,3.7095135126263985,2022,10,18,44021,Gent,Normaal,Droog,Dag,met lichtgewonden,9,personenauto,3,Fiets,Op Kruispunt,Gewestweg,buiten bebouwde kom,Tss. 2 best.: langs opzij (voor-/achterkant-flank),Geen hindernis
35324,13,Gent,Gent,51.03018,3.70146,1.790818569170933,51.0428934156464,3.7171825290534386,2022,10,8,44021,Gent,Onbekend,Onbekend,"Nacht, openbare verlichting aanwezig en ontstoken",met lichtgewonden,3,Fiets,9,personenauto,Op Kruispunt,Gewestweg,binnen bebouwde kom,Tss. 2 best.: langs opzij (voor-/achterkant-flank),Geen hindernis
35325,118,Gent teller 1,Gent,51.028049,3.7681359,1.766369250937387,51.0378802292252,3.7482946671819133,2022,10,7,44021,Gent,Normaal,Droog,"Nacht, openbare verlichting aanwezig en ontstoken",met lichtgewonden,9,personenauto,3,Fiets,Op Kruispunt,Gewestweg,binnen bebouwde kom,Tss. 2 best.: langs opzij (voor-/achterkant-flank),Geen hindernis
35325,119,Gent teller 2,Gent,51.0281795,3.7683918,1.7715853244834077,51.0378802292252,3.7482946671819133,2022,10,7,44021,Gent,Normaal,Droog,"Nacht, openbare verlichting aanwezig en ontstoken",met lichtgewonden,9,personenauto,3,Fiets,Op Kruispunt,Gewestweg,binnen bebouwde kom,Tss. 2 best.: langs opzij (voor-/achterkant-flank),Geen hindernis
35327,13,Gent,Gent,51.03018,3.70146,1.7095851634585908,51.0390968892793,3.6815430919246412,2022,10,17,44021,Gent,Normaal,Droog,Dag,met lichtgewonden,3,Fiets,3,Fiets,Buiten Kruispunt,Gemeenteweg,binnen bebouwde kom,Tss. 2 best.: langs opzij (voor-/achterkant-flank),Geen hindernis
35330,13,Gent,Gent,51.03018,3.70146,1.5367442592563942,51.04352992085529,3.707145012294351,2022,10,14,44021,Gent,Normaal,Droog,Dag,met lichtgewonden,9,personenauto,3,Fiets,Op Kruispunt,Gemeenteweg,binnen bebouwde kom,Tss. 2 best.: langs opzij (voor-/achterkant-flank),Geen hindernis
35331,13,Gent,Gent,51.03018,3.70146,1.077254717694166,51.03964200294868,3.6981519211644738,2022,10,12,44021,Gent,Normaal,Droog,Dag,met lichtgewonden,9,personenauto,3,Fiets,Op Kruispunt,Gemeenteweg,binnen bebouwde kom,Tss. 2 best.: langs opzij (voor-/achterkant-flank),Geen hindernis
35332,118,Gent teller 1,Gent,51.028049,3.7681359,2.3494317459033836,51.03890007832903,3.7393066950407206,2022,10,18,44021,Gent,Normaal,"Nat, plassen","Nacht, openbare verlichting aanwezig en ontstoken",met lichtgewonden,3,Fiets,3,Fiets,Buiten Kruispunt,Gemeenteweg,binnen bebouwde kom,Tss. 2 best.: langs opzij (voor-/achterkant-flank),Geen hindernis
35332,119,Gent teller 2,Gent,51.0281795,3.7683918,2.3574304848103256,51.03890007832903,3.7393066950407206,2022,10,18,44021,Gent,Normaal,"Nat, plassen","Nacht, openbare verlichting aanwezig en ontstoken",met lichtgewonden,3,Fiets,3,Fiets,Buiten Kruispunt,Gemeenteweg,binnen bebouwde kom,Tss. 2 best.: langs opzij (voor-/achterkant-flank),Geen hindernis
35334,13,Gent,Gent,51.03018,3.70146,1.3836216254118878,51.03867611762102,3.71591674601884,2022,10,16,44021,Gent,Normaal,Droog,Dag,met lichtgewonden,3,Fiets,8,Voetganger,Buiten Kruispunt,Gewestweg,binnen bebouwde kom,Met een voetganger,Geen hindernis
35336,118,Gent teller 1,Gent,51.028049,3.7681359,0.612579127533086,51.031426669014984,3.761215857154958,2022,10,10,44021,Gent,Normaal,Droog,Dag,met lichtgewonden,3,Fiets,9,personenauto,Op Kruispunt,Gewestweg,buiten bebouwde kom,Tss. 2 best.: langs opzij (voor-/achterkant-flank),Geen hindernis
35336,119,Gent teller 2,Gent,51.0281795,3.7683918,0.6182264812513087,51.031426669014984,3.761215857154958,2022,10,10,44021,Gent,Normaal,Droog,Dag,met lichtgewonden,3,Fiets,9,personenauto,Op Kruispunt,Gewestweg,buiten bebouwde kom,Tss. 2 best.: langs opzij (voor-/achterkant-flank),Geen hindernis
35337,136,Gent R4,Gent,51.0876313,3.7587918,1.9664955709725682,51.07737051141905,3.781721023778368,2022,10,8,44021,Gent,Normaal,Droog,Dag,met lichtgewonden,9,personenauto,3,Fiets,Op Kruispunt,Gewestweg,binnen bebouwde kom,Tss. 2 best.: langs opzij (voor-/achterkant-flank),Geen hindernis
35338,118,Gent teller 1,Gent,51.028049,3.7681359,2.38641633387795,51.042823160928705,3.743381232690745,2022,10,16,44021,Gent,Normaal,Droog,Dag,met lichtgewonden,3,Fiets,3,Fiets,Buiten Kruispunt,Gemeenteweg,binnen bebouwde kom,Tussen 2 bestuurders: Flank tegen flank,Geen hindernis
35338,119,Gent teller 2,Gent,51.0281795,3.7683918,2.38951306610502,51.042823160928705,3.743381232690745,2022,10,16,44021,Gent,Normaal,Droog,Dag,met lichtgewonden,3,Fiets,3,Fiets,Buiten Kruispunt,Gemeenteweg,binnen bebouwde kom,Tussen 2 bestuurders: Flank tegen flank,Geen hindernis
35340,13,Gent,Gent,51.03018,3.70146,0.3637252086273985,51.02691386266405,3.7011747902340266,2022,10,8,44021,Gent,Normaal,Droog,Dag,met lichtgewonden,6,Bromfiets,3,Fiets,Buiten Kruispunt,Autosnelweg,buiten bebouwde kom,Tussen 2 bestuurders: Frontale botsing,Geen hindernis
35343,13,Gent,Gent,51.03018,3.70146,1.3320133444334594,51.041692318544094,3.7067258504851104,2022,10,12,44021,Gent,Normaal,Proper,Dag,met lichtgewonden,9,personenauto,3,Fiets,Op Kruispunt,Gemeenteweg,binnen bebouwde kom,Tussen 2 bestuurders: Frontale botsing,Geen hindernis
35345,13,Gent,Gent,51.03018,3.70146,2.3153803750831035,51.03180920465047,3.73446824594923,2022,10,18,44021,Gent,Normaal,Droog,Dag,met lichtgewonden,3,Fiets,10,"één bestuurder, geen hindernis",Op Kruispunt,Gemeenteweg,binnen bebouwde kom,"Eén bestuurder, geen hindernis (incl. val)",Geen hindernis
35345,118,Gent teller 1,Gent,51.028049,3.7681359,2.3912866697337987,51.03180920465047,3.73446824594923,2022,10,18,44021,Gent,Normaal,Droog,Dag,met lichtgewonden,3,Fiets,10,"één bestuurder, geen hindernis",Op Kruispunt,Gemeenteweg,binnen bebouwde kom,"Eén bestuurder, geen hindernis (incl. val)",Geen hindernis
35345,119,Gent teller 2,Gent,51.0281795,3.7683918,2.406429111513522,51.03180920465047,3.73446824594923,2022,10,18,44021,Gent,Normaal,Droog,Dag,met lichtgewonden,3,Fiets,10,"één bestuurder, geen hindernis",Op Kruispunt,Gemeenteweg,binnen bebouwde kom,"Eén bestuurder, geen hindernis (incl. val)",Geen hindernis
35347,136,Gent R4,Gent,51.0876313,3.7587918,2.4702885720952388,51.06605182996995,3.7671944584009607,2022,10,18,44021,Gent,Onbekend,Droog,"Nacht, openbare verlichting aanwezig en ontstoken",met lichtgewonden,9,personenauto,3,Fiets,Op Kruispunt,Gemeenteweg,binnen bebouwde kom,Tss. 2 best.: langs opzij (voor-/achterkant-flank),Geen hindernis
35348,13,Gent,Gent,51.03018,3.70146,2.493841300175858,51.01452673658731,3.7269944394638856,2022,10,18,44021,Gent,Normaal,Droog,Dag,met zwaargewonden,99,onbekend,3,Fiets,Buiten Kruispunt,Autosnelweg,binnen bebouwde kom,Kettingbotsing (3 bestuurders of meer),Geen hindernis
35349,13,Gent,Gent,51.03018,3.70146,0.778908658072977,51.025811546253294,3.710166497696115,2022,10,8,44021,Gent,Normaal,"Nat, plassen",Dag,met lichtgewonden,1,Autobus,3,Fiets,Op Kruispunt,Gewestweg,binnen bebouwde kom,Tussen 2 bestuurders: Frontale botsing,Geen hindernis
35350,13,Gent,Gent,51.03018,3.70146,1.3078626115367196,51.01841832883993,3.7013456591673655,2022,10,15,44021,Gent,Normaal,Droog,Dag,met lichtgewonden,9,personenauto,3,Fiets,Op Kruispunt,Gemeenteweg,binnen bebouwde kom,Tss. 2 best.: langs opzij (voor-/achterkant-flank),Geen hindernis