crash_row_id,site_id,site_name,site_gemeente,site_lat,site_long,distance_km,crash_lat,crash_long,DT_YEAR_COLLISION,DT_MONTH_COLLISION,DT_TIME,CD_NIS,TX_MUNTY_COLLISION_NL,TX_WEATHER_NL,TX_ROAD_CONDITION_NL,TX_LIGHT_CONDITION_NL,TX_CLASS_ACCIDENTS_NL,CD_ROAD_USR_TYPE1,TX_ROAD_USR_TYPE1_NL,CD_ROAD_USR_TYPE2,TX_ROAD_USR_TYPE2_NL,TX_CROSSWAY_NL,CD_ROAD_TYPE_NL,TX_BUILD_UP_AREA_NL,TX_COLLISION_TYPE_NL,TX_OBSTACLES_NL
35352,13,Gent,Gent,51.03018,3.70146,1.0165419704061913,51.027411027896676,3.715312986838346,2022,10,18,44021,Gent,Normaal,Droog,Dag,met zwaargewonden,3,Fiets,8,Voetganger,Buiten Kruispunt,Gewestweg,binnen bebouwde kom,Met een voetganger,Geen hindernis
35353,119,Gent teller 2,Gent,51.0281795,3.7683918,2.318472700841638,51.04696347106625,3.7539991663511048,2022,10,17,44021,Gent,Normaal,Droog,Dag,met lichtgewonden,3,Fiets,3,Fiets,Buiten Kruispunt,Gemeenteweg,binnen bebouwde kom,Tussen 2 bestuurders: Frontale botsing,Geen hindernis
35353,118,Gent teller 1,Gent,51.028049,3.7681359,2.3238877682719523,51.04696347106625,3.7539991663511048,2022,10,17,44021,Gent,Normaal,Droog,Dag,met lichtgewonden,3,Fiets,3,Fiets,Buiten Kruispunt,Gemeenteweg,binnen bebouwde kom,Tussen 2 bestuurders: Frontale botsing,Geen hindernis
35354,119,Gent teller 2,Gent,51.0281795,3.7683918,1.812138233491054,51.041463284558546,3.7533787004502757,2022,10,17,44021,Gent,Normaal,Droog,Dag,met lichtgewonden,3,Fiets,9,personenauto,Buiten Kruispunt,Gemeenteweg,binnen bebouwde kom,Tss. 2 best.: langs opzij (voor-/achterkant-flank),Geen hindernis
35354,118,Gent teller 1,Gent,51.028049,3.7681359,1.8137467957816744,51.041463284558546,3.7533787004502757,2022,10,17,44021,Gent,Normaal,Droog,Dag,met lichtgewonden,3,Fiets,9,personenauto,Buiten Kruispunt,Gemeenteweg,binnen bebouwde kom,Tss. 2 best.: langs opzij (voor-/achterkant-flank),Geen hindernis
35355,13,Gent,Gent,51.03018,3.70146,2.1061788540007744,51.043683641316555,3.7225829512552964,2022,10,15,44021,Gent,Normaal,Droog,Dag,met lichtgewonden,3,Fiets,9,personenauto,Buiten Kruispunt,Gemeenteweg,binnen bebouwde kom,Tss. 2 best.: langs opzij (voor-/achterkant-flank),Geen hindernis
35361,13,Gent,Gent,51.03018,3.70146,1.7657841840694282,51.0220977079505,3.72319319357394,2022,10,14,44021,Gent,Normaal,Droog,Dag,met lichtgewonden,3,Fiets,9,personenauto,Op Kruispunt,Gemeenteweg,binnen bebouwde kom,Tss. 2 best.: langs opzij (voor-/achterkant-flank),Geen hindernis
35363,13,Gent,Gent,51.03018,3.70146,2.110079876050246,51.01439304059196,3.7181999956038707,2022,10,16,44021,Gent,Normaal,Droog,Dag,met lichtgewonden,9,personenauto,3,Fiets,Op Kruispunt,Gemeenteweg,binnen bebouwde kom,Tss. 2 best.: langs opzij (voor-/achterkant-flank),Geen hindernis
35364,13,Gent,Gent,51.03018,3.70146,2.4570000595263863,51.01341565363077,3.7243440039227846,2022,9,16,44021,Gent,Normaal,"Nat, plassen",Dag,met lichtgewonden,3,Fiets,3,Fiets,Buiten Kruispunt,Autosnelweg,onbekend,Tss. 2 best.: langs opzij (voor-/achterkant-flank),Geen hindernis
35375,119,Gent teller 2,Gent,51.0281795,3.7683918,0.8182290120053954,51.02244029690358,3.7757137638125613,2022,10,15,44040,Melle,Normaal,Droog,Dag,met lichtgewonden,9,personenauto,3,Fiets,Buiten Kruispunt,Gewestweg,buiten bebouwde kom,Tss. 2 best.: langs opzij (voor-/achterkant-flank),Geen hindernis
35375,118,Gent teller 1,Gent,51.028049,3.7681359,0.8184373527190086,51.02244029690358,3.7757137638125613,2022,10,15,44040,Melle,Normaal,Droog,Dag,met lichtgewonden,9,personenauto,3,Fiets,Buiten Kruispunt,Gewestweg,buiten bebouwde kom,Tss. 2 best.: langs opzij (voor-/achterkant-flank),Geen hindernis
35376,116,Melle teller 2,Melle,50.9986113,3.8040599,1.9751749859596568,51.00623785034917,3.7785665685659136,2022,10,2,44043,Merelbeke,Regenval,"Nat, plassen","Nacht, openbare verlichting aanwezig en ontstoken",met zwaargewonden,3,Fiets,10,"één bestuurder, geen hindernis",Buiten Kruispunt,Gemeenteweg,binnen bebouwde kom,"Eén bestuurder, geen hindernis (incl. val)",Geen hindernis
35376,117,Melle teller 1,Melle,50.9986113,3.8040599,1.9751749859596568,51.00623785034917,3.7785665685659136,2022,10,2,44043,Merelbeke,Regenval,"Nat, plassen","Nacht, openbare verlichting aanwezig en ontstoken",met zwaargewonden,3,Fiets,10,"één bestuurder, geen hindernis",Buiten Kruispunt,Gemeenteweg,binnen bebouwde kom,"Eén bestuurder, geen hindernis (incl. val)",Geen hindernis
35378,118,Gent teller 1,Gent,51.028049,3.7681359,2.408210130928418,51.00923862109515,3.751072507551163,2022,10,15,44043,Merelbeke,Normaal,Droog,Dag,met lichtgewonden,9,personenauto,3,Fiets,Buiten Kruispunt,Autosnelweg,buiten bebouwde kom,Tss. 2 best.: langs opzij (voor-/achterkant-flank),Geen hindernis
35378,119,Gent teller 2,Gent,51.0281795,3.7683918,2.429698602233597,51.00923862109515,3.751072507551163,2022,10,15,44043,Merelbeke,Normaal,Droog,Dag,met lichtgewonden,9,personenauto,3,Fiets,Buiten Kruispunt,Autosnelweg,buiten bebouwde kom,Tss. 2 best.: langs opzij (voor-/achterkant-flank),Geen hindernis
35391,6,Evergem 2,Evergem,51.10894,3.70298,0.35087955753594907,51.11062587930056,3.698731341003466,2022,10,7,44019,Evergem,Normaal,Droog,Dageraad - schemering,met lichtgewonden,9,personenauto,3,Fiets,Op Kruispunt,Gewestweg,binnen bebouwde kom,Tss. 2 best.: langs opzij (voor-/achterkant-flank),Geen hindernis
35391,7,Evergem 1,Evergem,51.1089,3.70317,0.3644836186599524,51.11062587930056,3.698731341003466,2022,10,7,44019,Evergem,Normaal,Droog,Dageraad - schemering,met lichtgewonden,9,personenauto,3,Fiets,Op Kruispunt,Gewestweg,binnen bebouwde kom,Tss. 2 best.: langs opzij (voor-/achterkant-flank),Geen hindernis
35392,6,Evergem 2,Evergem,51.10894,3.70298,0.35087955753594907,51.11062587930056,3.698731341003466,2022,10,12,44019,Evergem,Normaal,Droog,Dag,met lichtgewonden,9,personenauto,3,Fiets,Op Kruispunt,Gewestweg,binnen bebouwde kom,Tussen 2 bestuurders: Frontale botsing,Geen hindernis
35392,7,Evergem 1,Evergem,51.1089,3.70317,0.3644836186599524,51.11062587930056,3.698731341003466,2022,10,12,44019,Evergem,Normaal,Droog,Dag,met lichtgewonden,9,personenauto,3,Fiets,Op Kruispunt,Gewestweg,binnen bebouwde kom,Tussen 2 bestuurders: Frontale botsing,Geen hindernis
35393,7,Evergem 1,Evergem,51.1089,3.70317,0.4262151792449653,51.1124437475977,3.705496871387546,2022,10,16,44019,Evergem,Onbekend,Onbekend,Onbekend,met lichtgewonden,3,Fiets,9,personenauto,Buiten Kruispunt,Gemeenteweg,onbekend,Tussen 2 bestuurders: Langs achteren,Geen hindernis
35393,6,Evergem 2,Evergem,51.10894,3.70298,0.4273861914595438,51.1124437475977,3.705496871387546,2022,10,16,44019,Evergem,Onbekend,Onbekend,Onbekend,met lichtgewonden,3,Fiets,9,personenauto,Buiten Kruispunt,Gemeenteweg,onbekend,Tussen 2 bestuurders: Langs achteren,Geen hindernis
35395,7,Evergem 1,Evergem,51.1089,3.70317,2.0319776650635033,51.12257553001697,3.7224787194075972,2022,10,14,44019,Evergem,Onbekend,Onbekend,Dag,met lichtgewonden,3,Fiets,3,Fiets,Buiten Kruispunt,Gemeenteweg,onbekend,Tussen 2 bestuurders: Flank tegen flank,Geen hindernis
35395,6,Evergem 2,Evergem,51.10894,3.70298,2.037486319316396,51.12257553001697,3.7224787194075972,2022,10,14,44019,Evergem,Onbekend,Onbekend,Dag,met lichtgewonden,3,Fiets,3,Fiets,Buiten Kruispunt,Gemeenteweg,onbekend,Tussen 2 bestuurders: Flank tegen flank,Geen hindernis
35396,6,Evergem 2,Evergem,51.10894,3.70298,2.41063680328659,51.12266978342889,3.6762533380068994,2022,10,7,44019,Evergem,Normaal,Droog,Dageraad - schemering,met lichtgewonden,9,personenauto,3,Fiets,Buiten Kruispunt,Gemeenteweg,binnen bebouwde kom,Tss. 2 best.: langs opzij (voor-/achterkant-flank),Geen hindernis
35396,7,Evergem 1,Evergem,51.1089,3.70317,2.4237231277549034,51.12266978342889,3.6762533380068994,2022,10,7,44019,Evergem,Normaal,Droog,Dageraad - schemering,met lichtgewonden,9,personenauto,3,Fiets,Buiten Kruispunt,Gemeenteweg,binnen bebouwde kom,Tss. 2 best.: langs opzij (voor-/achterkant-flank),Geen hindernis
35398,13,Gent,Gent,51.03018,3.70146,1.2494775931771027,51.03646351143037,3.716273553410191,2022,10,8,44021,Gent,Onbekend,Onbekend,Onbekend,met lichtgewonden,3,Fiets,3,Fiets,Op Kruispunt,Gewestweg,onbekend,Tss. 2 best.: langs opzij (voor-/achterkant-flank),Geen hindernis
35399,115,Aalter,Aalter,51.1058367,3.4350591,2.226358577179359,51.08760480732824,3.4482364527980236,2022,10,16,44084,Aalter,Normaal,Droog,Dag,met lichtgewonden,9,personenauto,3,Fiets,Buiten Kruispunt,Gewestweg,binnen bebouwde kom,Tussen 2 bestuurders: Langs achteren,Geen hindernis
35445,128,Lokeren teller 1,Lokeren,51.09644,3.97023,1.0018658985168691,51.103147413132746,3.979809925565155,2022,10,15,46014,Lokeren,Normaal,Droog+Proper,Dag,met lichtgewonden,9,personenauto,3,Fiets,Buiten Kruispunt,Gemeenteweg,binnen bebouwde kom,Tussen 2 bestuurders: Flank tegen flank,Geen hindernis
35445,129,Lokeren teller 2,Lokeren,51.09612,3.97025,1.027723149979613,51.103147413132746,3.979809925565155,2022,10,15,46014,Lokeren,Normaal,Droog+Proper,Dag,met lichtgewonden,9,personenauto,3,Fiets,Buiten Kruispunt,Gemeenteweg,binnen bebouwde kom,Tussen 2 bestuurders: Flank tegen flank,Geen hindernis
35445,141,Test site A support,Lokeren,51.08342085,3.9961071208376326,2.4711886571776955,51.103147413132746,3.979809925565155,2022,10,15,46014,Lokeren,Normaal,Droog+Proper,Dag,met lichtgewonden,9,personenauto,3,Fiets,Buiten Kruispunt,Gemeenteweg,binnen bebouwde kom,Tussen 2 bestuurders: Flank tegen flank,Geen hindernis
35446,128,Lokeren teller 1,Lokeren,51.09644,3.97023,1.3447813753827325,51.10796912902599,3.9760469364550137,2022,10,14,46014,Lokeren,Normaal,Droog,Dag,met lichtgewonden,3,Fiets,3,Fiets,Buiten Kruispunt,Gemeenteweg,binnen bebouwde kom,Tss. 2 best.: langs opzij (voor-/achterkant-flank),Geen hindernis
35446,129,Lokeren teller 2,Lokeren,51.09612,3.97025,1.3783336365375018,51.10796912902599,3.9760469364550137,2022,10,14,46014,Lokeren,Normaal,Droog,Dag,met lichtgewonden,3,Fiets,3,Fiets,Buiten Kruispunt,Gemeenteweg,binnen bebouwde kom,Tss. 2 best.: langs opzij (voor-/achterkant-flank),Geen hindernis
35447,141,Test site A support,Lokeren,51.08342085,3.9961071208376326,1.5003523285867355,51.09691245038655,3.9964157188466207,2022,10,13,46014,Lokeren,Normaal,Droog,Dag,met lichtgewonden,3,Fiets,4,Vrachtwagen,Op Kruispunt,Gewestweg,buiten bebouwde kom,Tss. 2 best.: langs opzij (voor-/achterkant-flank),Geen hindernis
35447,129,Lokeren teller 2,Lokeren,51.09612,3.97025,1.829316633977254,51.09691245038655,3.9964157188466207,2022,10,13,46014,Lokeren,Normaal,Droog,Dag,met lichtgewonden,3,Fiets,4,Vrachtwagen,Op Kruispunt,Gewestweg,buiten bebouwde kom,Tss. 2 best.: langs opzij (voor-/achterkant-flank),Geen hindernis
35447,128,Lokeren teller 1,Lokeren,51.09644,3.97023,1.8293379421291494,51.09691245038655,3.9964157188466207,2022,10,13,46014,Lokeren,Normaal,Droog,Dag,met lichtgewonden,3,Fiets,4,Vrachtwagen,Op Kruispunt,Gewestweg,buiten bebouwde kom,Tss. 2 best.: langs opzij (voor-/achterkant-flank),Geen hindernis
35448,128,Lokeren teller 1,Lokeren,51.09644,3.97023,0.41644252018167405,51.099510505460366,3.9736446081976706,2022,10,8,46014,Lokeren,Normaal,Droog,Dag,met lichtgewonden,3,Fiets,5,Lichte vrachtauto,Op Kruispunt,Gewestweg,buiten bebouwde kom,Tss. 2 best.: langs opzij (voor-/achterkant-flank),Geen hindernis
35448,129,Lokeren teller 2,Lokeren,51.09612,3.97025,0.4453360670235589,51.099510505460366,3.9736446081976706,2022,10,8,46014,Lokeren,Normaal,Droog,Dag,met lichtgewonden,3,Fiets,5,Lichte vrachtauto,Op Kruispunt,Gewestweg,buiten bebouwde kom,Tss. 2 best.: langs opzij (voor-/achterkant-flank),Geen hindernis
35448,141,Test site A support,Lokeren,51.08342085,3.9961071208376326,2.3794654537412305,51.099510505460366,3.9736446081976706,2022,10,8,46014,Lokeren,Normaal,Droog,Dag,met lichtgewonden,3,Fiets,5,Lichte vrachtauto,Op Kruispunt,Gewestweg,buiten bebouwde kom,Tss. 2 best.: langs opzij (voor-/achterkant-flank),Geen hindernis
35449,128,Lokeren teller 1,Lokeren,51.09644,3.97023,1.8803198769750546,51.1009297984456,3.99619128072569,2022,10,15,46014,Lokeren,Normaal,Droog,Dag,met lichtgewonden,9,personenauto,3,Fiets,Op Kruispunt,Gemeenteweg,binnen bebouwde kom,Tss. 2 best.: langs opzij (voor-/achterkant-flank),Geen hindernis
35449,129,Lokeren teller 2,Lokeren,51.09612,3.97025,1.8887452496939308,51.1009297984456,3.99619128072569,2022,10,15,46014,Lokeren,Normaal,Droog,Dag,met lichtgewonden,9,personenauto,3,Fiets,Op Kruispunt,Gemeenteweg,binnen bebouwde kom,Tss. 2 best.: langs opzij (voor-/achterkant-flank),Geen hindernis
35449,141,Test site A support,Lokeren,51.08342085,3.9961071208376326,1.9469151099875155,51.1009297984456,3.99619128072569,2022,10,15,46014,Lokeren,Normaal,Droog,Dag,met lichtgewonden,9,personenauto,3,Fiets,Op Kruispunt,Gemeenteweg,binnen bebouwde kom,Tss. 2 best.: langs opzij (voor-/achterkant-flank),Geen hindernis
35450,141,Test site A support,Lokeren,51.08342085,3.9961071208376326,1.9665995938172234,51.10097488508842,3.999541363169741,2022,10,13,46014,Lokeren,Normaal,Droog,Dag,met lichtgewonden,3,Fiets,9,personenauto,Op Kruispunt,Gewestweg,binnen bebouwde kom,Tss. 2 best.: langs opzij (voor-/achterkant-flank),Geen hindernis
35450,128,Lokeren teller 1,Lokeren,51.09644,3.97023,2.1079626780625107,51.10097488508842,3.999541363169741,2022,10,13,46014,Lokeren,Normaal,Droog,Dag,met lichtgewonden,3,Fiets,9,personenauto,Op Kruispunt,Gewestweg,binnen bebouwde kom,Tss. 2 best.: langs opzij (voor-/achterkant-flank),Geen hindernis
35450,129,Lokeren teller 2,Lokeren,51.09612,3.97025,2.115412976084417,51.10097488508842,3.999541363169741,2022,10,13,46014,Lokeren,Normaal,Droog,Dag,met lichtgewonden,3,Fiets,9,personenauto,Op Kruispunt,Gewestweg,binnen bebouwde kom,Tss. 2 best.: langs opzij (voor-/achterkant-flank),Geen hindernis
35452,126,Hamme totem,Hamme,51.1017709,4.1469307,1.7753091949536497,51.08689964036179,4.1376804690485,2022,10,17,42008,Hamme,Normaal,Droog,Dag,met zwaargewonden,9,personenauto,3,Fiets,Buiten Kruispunt,Gewestweg,binnen bebouwde kom,Tss. 2 best.: langs opzij (voor-/achterkant-flank),Geen hindernis
35453,126,Hamme totem,Hamme,51.1017709,4.1469307,1.4871074746919608,51.088440162946085,4.148639778770763,2022,10,8,42008,Hamme,Normaal,Droog,Dag,met lichtgewonden,3,Fiets,3,Fiets,Buiten Kruispunt,Gemeenteweg,binnen bebouwde kom,Tussen 2 bestuurders: Langs achteren,Geen hindernis
35454,126,Hamme totem,Hamme,51.1017709,4.1469307,1.0410590264087907,51.09991803555795,4.132316048767138,2022,10,8,42008,Hamme,Normaal,Droog,Dag,met lichtgewonden,9,personenauto,3,Fiets,Op Kruispunt,Gemeenteweg,binnen bebouwde kom,Tussen 2 bestuurders: Langs achteren,Geen hindernis
35455,126,Hamme totem,Hamme,51.1017709,4.1469307,1.8377819566409914,51.086358907352995,4.137426303770705,2022,10,10,42008,Hamme,Regenval,"Nat, plassen",Dag,met lichtgewonden,3,Fiets,9,personenauto,Op Kruispunt,Gewestweg,binnen bebouwde kom,Tss. 2 best.: langs opzij (voor-/achterkant-flank),Geen hindernis
35456,126,Hamme totem,Hamme,51.1017709,4.1469307,1.5471690977967105,51.090387813595115,4.134189643401922,2022,10,16,42008,Hamme,Normaal,Droog,Dag,met lichtgewonden,9,personenauto,3,Fiets,Buiten Kruispunt,Gemeenteweg,binnen bebouwde kom,Tussen 2 bestuurders: Flank tegen flank,Geen hindernis
35458,120,Zele teller 1,Zele,51.0607671,4.0547741,1.7699245401357537,51.06979015503757,4.0339082937905255,2022,10,14,42028,Zele,Normaal,Droog,Dag,met lichtgewonden,3,Fiets,10,"één bestuurder, geen hindernis",Op Kruispunt,Gemeenteweg,binnen bebouwde kom,"Eén bestuurder, geen hindernis (incl. val)",Geen hindernis
35458,121,Zele teller 2,Zele,51.0604067,4.0556696,1.8441990739877059,51.06979015503757,4.0339082937905255,2022,10,14,42028,Zele,Normaal,Droog,Dag,met lichtgewonden,3,Fiets,10,"één bestuurder, geen hindernis",Op Kruispunt,Gemeenteweg,binnen bebouwde kom,"Eén bestuurder, geen hindernis (incl. val)",Geen hindernis
35464,152,Opwijk,District Vilvoorde-gewestwegen,50.968901168564656,4.149169474840164,1.8614027271642604,50.9855249167007,4.146041620190702,2022,10,1,42011,Lebbeke,Normaal,Droog,"Nacht, openbare verlichting aanwezig en ontstoken",met zwaargewonden,3,Fiets,10,"één bestuurder, geen hindernis",Buiten Kruispunt,Gemeenteweg,binnen bebouwde kom,"Eén bestuurder, geen hindernis (incl. val)",Geen hindernis
35470,11,Aalst 3,Aalst,50.93385,4.01647,1.4068881232435455,50.935427763023846,4.036389961646672,2022,10,16,41002,Aalst,Normaal,Droog,Dag,met lichtgewonden,9,personenauto,3,Fiets,Buiten Kruispunt,Gemeenteweg,binnen bebouwde kom,Tss. 2 best.: langs opzij (voor-/achterkant-flank),Geen hindernis
35470,10,Aalst 2,Aalst,50.93549,4.01571,1.4491551653693668,50.935427763023846,4.036389961646672,2022,10,16,41002,Aalst,Normaal,Droog,Dag,met lichtgewonden,9,personenauto,3,Fiets,Buiten Kruispunt,Gemeenteweg,binnen bebouwde kom,Tss. 2 best.: langs opzij (voor-/achterkant-flank),Geen hindernis
35470,19,Aalst 1,Aalst,50.93433,4.01471,1.5241280343986148,50.935427763023846,4.036389961646672,2022,10,16,41002,Aalst,Normaal,Droog,Dag,met lichtgewonden,9,personenauto,3,Fiets,Buiten Kruispunt,Gemeenteweg,binnen bebouwde kom,Tss. 2 best.: langs opzij (voor-/achterkant-flank),Geen hindernis
35473,116,Melle teller 2,Melle,50.9986113,3.8040599,1.9443347670927118,50.991775840888195,3.829631544570619,2022,10,6,42025,Wetteren,Normaal,Droog,"Nacht, openbare verlichting aanwezig en ontstoken",met lichtgewonden,3,Fiets,10,"één bestuurder, geen hindernis",Op Kruispunt,Gewestweg,buiten bebouwde kom,"Eén bestuurder, geen hindernis (incl. val)",Geen hindernis
35473,117,Melle teller 1,Melle,50.9986113,3.8040599,1.9443347670927118,50.991775840888195,3.829631544570619,2022,10,6,42025,Wetteren,Normaal,Droog,"Nacht, openbare verlichting aanwezig en ontstoken",met lichtgewonden,3,Fiets,10,"één bestuurder, geen hindernis",Op Kruispunt,Gewestweg,buiten bebouwde kom,"Eén bestuurder, geen hindernis (incl. val)",Geen hindernis
35483,11,Aalst 3,Aalst,50.93385,4.01647,2.1031412049346234,50.934719703552766,4.046450415813598,2022,10,16,41002,Aalst,Normaal,Droog,Dag,met lichtgewonden,3,Fiets,4,Vrachtwagen,Op Kruispunt,Gewestweg,binnen bebouwde kom,Tussen 2 bestuurders: Flank tegen flank,Geen hindernis
35483,10,Aalst 2,Aalst,50.93549,4.01571,2.1558388535185617,50.934719703552766,4.046450415813598,2022,10,16,41002,Aalst,Normaal,Droog,Dag,met lichtgewonden,3,Fiets,4,Vrachtwagen,Op Kruispunt,Gewestweg,binnen bebouwde kom,Tussen 2 bestuurders: Flank tegen flank,Geen hindernis
35483,19,Aalst 1,Aalst,50.93433,4.01471,2.224661527997253,50.934719703552766,4.046450415813598,2022,10,16,41002,Aalst,Normaal,Droog,Dag,met lichtgewonden,3,Fiets,4,Vrachtwagen,Op Kruispunt,Gewestweg,binnen bebouwde kom,Tussen 2 bestuurders: Flank tegen flank,Geen hindernis
35484,11,Aalst 3,Aalst,50.93385,4.01647,1.9668337671173117,50.934619704472944,4.044510415436507,2022,10,13,41002,Aalst,Normaal,"Nat, plassen",Dag,met lichtgewonden,3,Fiets,9,personenauto,Op Kruispunt,Gemeenteweg,binnen bebouwde kom,Tussen 2 bestuurders: Flank tegen flank,Geen hindernis
35484,10,Aalst 2,Aalst,50.93549,4.01571,2.0205119596248147,50.934619704472944,4.044510415436507,2022,10,13,41002,Aalst,Normaal,"Nat, plassen",Dag,met lichtgewonden,3,Fiets,9,personenauto,Op Kruispunt,Gemeenteweg,binnen bebouwde kom,Tussen 2 bestuurders: Flank tegen flank,Geen hindernis
35484,19,Aalst 1,Aalst,50.93433,4.01471,2.0885428011839924,50.934619704472944,4.044510415436507,2022,10,13,41002,Aalst,Normaal,"Nat, plassen",Dag,met lichtgewonden,3,Fiets,9,personenauto,Op Kruispunt,Gemeenteweg,binnen bebouwde kom,Tussen 2 bestuurders: Flank tegen flank,Geen hindernis
35485,11,Aalst 3,Aalst,50.93385,4.01647,1.0113188611189066,50.932397920174786,4.0307162046862155,2022,10,11,41002,Aalst,Normaal,Droog,Dag,met lichtgewonden,3,Fiets,11,een weggebruiker tegen een hindernis,Op Kruispunt,Gewestweg,binnen bebouwde kom,Weggebruiker tegen hindernis op de rijbaan,"Op de rijbaan: Werken (signal., aarde, toestel,…)"
35485,10,Aalst 2,Aalst,50.93549,4.01571,1.1063679068230974,50.932397920174786,4.0307162046862155,2022,10,11,41002,Aalst,Normaal,Droog,Dag,met lichtgewonden,3,Fiets,11,een weggebruiker tegen een hindernis,Op Kruispunt,Gewestweg,binnen bebouwde kom,Weggebruiker tegen hindernis op de rijbaan,"Op de rijbaan: Werken (signal., aarde, toestel,…)"
35485,19,Aalst 1,Aalst,50.93433,4.01471,1.1420666822297068,50.932397920174786,4.0307162046862155,2022,10,11,41002,Aalst,Normaal,Droog,Dag,met lichtgewonden,3,Fiets,11,een weggebruiker tegen een hindernis,Op Kruispunt,Gewestweg,binnen bebouwde kom,Weggebruiker tegen hindernis op de rijbaan,"Op de rijbaan: Werken (signal., aarde, toestel,…)"
35489,10,Aalst 2,Aalst,50.93549,4.01571,1.4286922955740684,50.94190510174693,3.998043695574131,2022,10,20,41002,Aalst,Normaal,Droog,Onbekend,met lichtgewonden,3,Fiets,6,Bromfiets,Op Kruispunt,Gewestweg,binnen bebouwde kom,Tss. 2 best.: langs opzij (voor-/achterkant-flank),Geen hindernis
35489,19,Aalst 1,Aalst,50.93433,4.01471,1.4398912712922212,50.94190510174693,3.998043695574131,2022,10,20,41002,Aalst,Normaal,Droog,Onbekend,met lichtgewonden,3,Fiets,6,Bromfiets,Op Kruispunt,Gewestweg,binnen bebouwde kom,Tss. 2 best.: langs opzij (voor-/achterkant-flank),Geen hindernis
35489,11,Aalst 3,Aalst,50.93385,4.01647,1.57140576816212,50.94190510174693,3.998043695574131,2022,10,20,41002,Aalst,Normaal,Droog,Onbekend,met lichtgewonden,3,Fiets,6,Bromfiets,Op Kruispunt,Gewestweg,binnen bebouwde kom,Tss. 2 best.: langs opzij (voor-/achterkant-flank),Geen hindernis
35490,11,Aalst 3,Aalst,50.93385,4.01647,1.4752418380928816,50.92790700754844,4.035290314931235,2022,10,14,41002,Aalst,Normaal,Droog,Dag,met lichtgewonden,3,Fiets,9,personenauto,Buiten Kruispunt,Gewestweg,binnen bebouwde kom,Tussen 2 bestuurders: Flank tegen flank,Geen hindernis
35490,19,Aalst 1,Aalst,50.93433,4.01471,1.6094376641767838,50.92790700754844,4.035290314931235,2022,10,14,41002,Aalst,Normaal,Droog,Dag,met lichtgewonden,3,Fiets,9,personenauto,Buiten Kruispunt,Gewestweg,binnen bebouwde kom,Tussen 2 bestuurders: Flank tegen flank,Geen hindernis
35490,10,Aalst 2,Aalst,50.93549,4.01571,1.6105532322946032,50.92790700754844,4.035290314931235,2022,10,14,41002,Aalst,Normaal,Droog,Dag,met lichtgewonden,3,Fiets,9,personenauto,Buiten Kruispunt,Gewestweg,binnen bebouwde kom,Tussen 2 bestuurders: Flank tegen flank,Geen hindernis
35492,11,Aalst 3,Aalst,50.93385,4.01647,2.1031412049346234,50.934719703552766,4.046450415813598,2022,10,8,41002,Aalst,Normaal,Droog,Dag,met zwaargewonden,4,Vrachtwagen,3,Fiets,Op Kruispunt,Gewestweg,binnen bebouwde kom,Tussen 2 bestuurders: Frontale botsing,Geen hindernis
35492,10,Aalst 2,Aalst,50.93549,4.01571,2.1558388535185617,50.934719703552766,4.046450415813598,2022,10,8,41002,Aalst,Normaal,Droog,Dag,met zwaargewonden,4,Vrachtwagen,3,Fiets,Op Kruispunt,Gewestweg,binnen bebouwde kom,Tussen 2 bestuurders: Frontale botsing,Geen hindernis
35492,19,Aalst 1,Aalst,50.93433,4.01471,2.224661527997253,50.934719703552766,4.046450415813598,2022,10,8,41002,Aalst,Normaal,Droog,Dag,met zwaargewonden,4,Vrachtwagen,3,Fiets,Op Kruispunt,Gewestweg,binnen bebouwde kom,Tussen 2 bestuurders: Frontale botsing,Geen hindernis
35500,122,Dendermonde teller 2,Dendermonde,51.0373918,4.1019222,0.9524630420252567,51.03177720511427,4.091635226574435,2022,10,18,42006,Dendermonde,Normaal,Droog,Dag,met lichtgewonden,3,Fiets,9,personenauto,Op Kruispunt,Gemeenteweg,binnen bebouwde kom,Tss. 2 best.: langs opzij (voor-/achterkant-flank),Geen hindernis
35500,125,Dendermonde totem,Dendermonde,51.0372706,4.1025998,0.9802809258257225,51.03177720511427,4.091635226574435,2022,10,18,42006,Dendermonde,Normaal,Droog,Dag,met lichtgewonden,3,Fiets,9,personenauto,Op Kruispunt,Gemeenteweg,binnen bebouwde kom,Tss. 2 best.: langs opzij (voor-/achterkant-flank),Geen hindernis
35501,122,Dendermonde teller 2,Dendermonde,51.0373918,4.1019222,1.49507036045453,51.05040699197019,4.107289118873415,2022,10,15,42006,Dendermonde,Normaal,Droog,Dag,met zwaargewonden,9,personenauto,3,Fiets,Op Kruispunt,Gewestweg,binnen bebouwde kom,Tss. 2 best.: langs opzij (voor-/achterkant-flank),Geen hindernis
35501,125,Dendermonde totem,Dendermonde,51.0372706,4.1025998,1.497037395501015,51.05040699197019,4.107289118873415,2022,10,15,42006,Dendermonde,Normaal,Droog,Dag,met zwaargewonden,9,personenauto,3,Fiets,Op Kruispunt,Gewestweg,binnen bebouwde kom,Tss. 2 best.: langs opzij (voor-/achterkant-flank),Geen hindernis
35502,122,Dendermonde teller 2,Dendermonde,51.0373918,4.1019222,1.1309336341434701,51.03189837589521,4.088310759770194,2022,10,12,42006,Dendermonde,Normaal,Droog,Dag,met lichtgewonden,9,personenauto,3,Fiets,Op Kruispunt,Gewestweg,binnen bebouwde kom,Tss. 2 best.: langs opzij (voor-/achterkant-flank),Geen hindernis