crash_row_id,site_id,site_name,site_gemeente,site_lat,site_long,distance_km,crash_lat,crash_long,DT_YEAR_COLLISION,DT_MONTH_COLLISION,DT_TIME,CD_NIS,TX_MUNTY_COLLISION_NL,TX_WEATHER_NL,TX_ROAD_CONDITION_NL,TX_LIGHT_CONDITION_NL,TX_CLASS_ACCIDENTS_NL,CD_ROAD_USR_TYPE1,TX_ROAD_USR_TYPE1_NL,CD_ROAD_USR_TYPE2,TX_ROAD_USR_TYPE2_NL,TX_CROSSWAY_NL,CD_ROAD_TYPE_NL,TX_BUILD_UP_AREA_NL,TX_COLLISION_TYPE_NL,TX_OBSTACLES_NL
35502,125,Dendermonde totem,Dendermonde,51.0372706,4.1025998,1.164117064057995,51.03189837589521,4.088310759770194,2022,10,12,42006,Dendermonde,Normaal,Droog,Dag,met lichtgewonden,9,personenauto,3,Fiets,Op Kruispunt,Gewestweg,binnen bebouwde kom,Tss. 2 best.: langs opzij (voor-/achterkant-flank),Geen hindernis
35503,125,Dendermonde totem,Dendermonde,51.0372706,4.1025998,1.244364059754734,51.03624336932136,4.120321181612985,2022,10,7,42006,Dendermonde,Normaal,Droog,Dag,met lichtgewonden,9,personenauto,3,Fiets,Op Kruispunt,Gewestweg,binnen bebouwde kom,Tss. 2 best.: langs opzij (voor-/achterkant-flank),Geen hindernis
35503,122,Dendermonde teller 2,Dendermonde,51.0373918,4.1019222,1.2928102495336067,51.03624336932136,4.120321181612985,2022,10,7,42006,Dendermonde,Normaal,Droog,Dag,met lichtgewonden,9,personenauto,3,Fiets,Op Kruispunt,Gewestweg,binnen bebouwde kom,Tss. 2 best.: langs opzij (voor-/achterkant-flank),Geen hindernis
35505,125,Dendermonde totem,Dendermonde,51.0372706,4.1025998,2.1894384013482804,51.017613978410694,4.100775174258013,2022,10,16,42006,Dendermonde,Normaal,"Nat, plassen",Dag,met lichtgewonden,3,Fiets,10,"één bestuurder, geen hindernis",Buiten Kruispunt,Gemeenteweg,binnen bebouwde kom,"Eén bestuurder, geen hindernis (incl. val)",Geen hindernis
35505,122,Dendermonde teller 2,Dendermonde,51.0373918,4.1019222,2.2006559580155214,51.017613978410694,4.100775174258013,2022,10,16,42006,Dendermonde,Normaal,"Nat, plassen",Dag,met lichtgewonden,3,Fiets,10,"één bestuurder, geen hindernis",Buiten Kruispunt,Gemeenteweg,binnen bebouwde kom,"Eén bestuurder, geen hindernis (incl. val)",Geen hindernis
35506,122,Dendermonde teller 2,Dendermonde,51.0373918,4.1019222,0.738850685495736,51.031063475410605,4.098700899237459,2022,10,15,42006,Dendermonde,Normaal,Onbekend,Dag,met lichtgewonden,3,Fiets,8,Voetganger,Buiten Kruispunt,Gewestweg,binnen bebouwde kom,Met een voetganger,Geen hindernis
35506,125,Dendermonde totem,Dendermonde,51.0372706,4.1025998,0.7420956984322707,51.031063475410605,4.098700899237459,2022,10,15,42006,Dendermonde,Normaal,Onbekend,Dag,met lichtgewonden,3,Fiets,8,Voetganger,Buiten Kruispunt,Gewestweg,binnen bebouwde kom,Met een voetganger,Geen hindernis
35507,54,Brugge teller 2,Brugge,51.23015,3.22818,2.259330310749231,51.21174946880847,3.214420429712076,2022,10,17,31005,Brugge,Normaal,Droog,Dag,met zwaargewonden,8,Voetganger,3,Fiets,Op Kruispunt,Gewestweg,binnen bebouwde kom,Met een voetganger,Geen hindernis
35507,53,Brugge teller 1,Brugge,51.23023,3.228,2.2621194697328373,51.21174946880847,3.214420429712076,2022,10,17,31005,Brugge,Normaal,Droog,Dag,met zwaargewonden,8,Voetganger,3,Fiets,Op Kruispunt,Gewestweg,binnen bebouwde kom,Met een voetganger,Geen hindernis
35507,52,Brugge,Brugge,51.22632,3.24095,2.457417343758476,51.21174946880847,3.214420429712076,2022,10,17,31005,Brugge,Normaal,Droog,Dag,met zwaargewonden,8,Voetganger,3,Fiets,Op Kruispunt,Gewestweg,binnen bebouwde kom,Met een voetganger,Geen hindernis
35507,142,TEST Validatie BRUGGE Y2H22022134,Brugge,51.22632,3.24095,2.457417343758476,51.21174946880847,3.214420429712076,2022,10,17,31005,Brugge,Normaal,Droog,Dag,met zwaargewonden,8,Voetganger,3,Fiets,Op Kruispunt,Gewestweg,binnen bebouwde kom,Met een voetganger,Geen hindernis
35510,20,Brugge,Brugge,51.17416,3.20048,1.6045261981991545,51.18760888390756,3.192137609351567,2022,10,12,31005,Brugge,Normaal,Droog,Dag,met lichtgewonden,3,Fiets,9,personenauto,Buiten Kruispunt,Gewestweg,binnen bebouwde kom,Tss. 2 best.: langs opzij (voor-/achterkant-flank),Geen hindernis
35510,51,"Brugge, Sint-Andries",Brugge,51.19281,3.16252,2.1435434068753665,51.18760888390756,3.192137609351567,2022,10,12,31005,Brugge,Normaal,Droog,Dag,met lichtgewonden,3,Fiets,9,personenauto,Buiten Kruispunt,Gewestweg,binnen bebouwde kom,Tss. 2 best.: langs opzij (voor-/achterkant-flank),Geen hindernis
35510,50,"Brugge, Sint-Andries",Brugge,51.19291,3.16252,2.1465680466581025,51.18760888390756,3.192137609351567,2022,10,12,31005,Brugge,Normaal,Droog,Dag,met lichtgewonden,3,Fiets,9,personenauto,Buiten Kruispunt,Gewestweg,binnen bebouwde kom,Tss. 2 best.: langs opzij (voor-/achterkant-flank),Geen hindernis
35511,142,TEST Validatie BRUGGE Y2H22022134,Brugge,51.22632,3.24095,0.40676141384291814,51.22963007428322,3.243436746991271,2022,10,2,31005,Brugge,Normaal,Droog,"Nacht, openbare verlichting aanwezig en ontstoken",met lichtgewonden,3,Fiets,9,personenauto,Buiten Kruispunt,Gemeenteweg,binnen bebouwde kom,Tussen 2 bestuurders: Langs achteren,Geen hindernis
35511,52,Brugge,Brugge,51.22632,3.24095,0.40676141384291814,51.22963007428322,3.243436746991271,2022,10,2,31005,Brugge,Normaal,Droog,"Nacht, openbare verlichting aanwezig en ontstoken",met lichtgewonden,3,Fiets,9,personenauto,Buiten Kruispunt,Gemeenteweg,binnen bebouwde kom,Tussen 2 bestuurders: Langs achteren,Geen hindernis
35511,54,Brugge teller 2,Brugge,51.23015,3.22818,1.063898455704772,51.22963007428322,3.243436746991271,2022,10,2,31005,Brugge,Normaal,Droog,"Nacht, openbare verlichting aanwezig en ontstoken",met lichtgewonden,3,Fiets,9,personenauto,Buiten Kruispunt,Gemeenteweg,binnen bebouwde kom,Tussen 2 bestuurders: Langs achteren,Geen hindernis
35511,53,Brugge teller 1,Brugge,51.23023,3.228,1.0769270180434234,51.22963007428322,3.243436746991271,2022,10,2,31005,Brugge,Normaal,Droog,"Nacht, openbare verlichting aanwezig en ontstoken",met lichtgewonden,3,Fiets,9,personenauto,Buiten Kruispunt,Gemeenteweg,binnen bebouwde kom,Tussen 2 bestuurders: Langs achteren,Geen hindernis
35515,54,Brugge teller 2,Brugge,51.23015,3.22818,2.259330310749231,51.21174946880847,3.214420429712076,2022,10,8,31005,Brugge,Normaal,"Nat, plassen",Dag,met zwaargewonden,4,Vrachtwagen,3,Fiets,Op Kruispunt,Gewestweg,binnen bebouwde kom,Tss. 2 best.: langs opzij (voor-/achterkant-flank),Geen hindernis
35515,53,Brugge teller 1,Brugge,51.23023,3.228,2.2621194697328373,51.21174946880847,3.214420429712076,2022,10,8,31005,Brugge,Normaal,"Nat, plassen",Dag,met zwaargewonden,4,Vrachtwagen,3,Fiets,Op Kruispunt,Gewestweg,binnen bebouwde kom,Tss. 2 best.: langs opzij (voor-/achterkant-flank),Geen hindernis
35515,52,Brugge,Brugge,51.22632,3.24095,2.457417343758476,51.21174946880847,3.214420429712076,2022,10,8,31005,Brugge,Normaal,"Nat, plassen",Dag,met zwaargewonden,4,Vrachtwagen,3,Fiets,Op Kruispunt,Gewestweg,binnen bebouwde kom,Tss. 2 best.: langs opzij (voor-/achterkant-flank),Geen hindernis
35515,142,TEST Validatie BRUGGE Y2H22022134,Brugge,51.22632,3.24095,2.457417343758476,51.21174946880847,3.214420429712076,2022,10,8,31005,Brugge,Normaal,"Nat, plassen",Dag,met zwaargewonden,4,Vrachtwagen,3,Fiets,Op Kruispunt,Gewestweg,binnen bebouwde kom,Tss. 2 best.: langs opzij (voor-/achterkant-flank),Geen hindernis
35517,53,Brugge teller 1,Brugge,51.23023,3.228,1.6437822056877716,51.21977660482513,3.211309319864781,2022,10,7,31005,Brugge,Normaal,Droog,Dag,met lichtgewonden,3,Fiets,9,personenauto,Op Kruispunt,Gewestweg,binnen bebouwde kom,Tss. 2 best.: langs opzij (voor-/achterkant-flank),Geen hindernis
35517,54,Brugge teller 2,Brugge,51.23015,3.22818,1.646425467866688,51.21977660482513,3.211309319864781,2022,10,7,31005,Brugge,Normaal,Droog,Dag,met lichtgewonden,3,Fiets,9,personenauto,Op Kruispunt,Gewestweg,binnen bebouwde kom,Tss. 2 best.: langs opzij (voor-/achterkant-flank),Geen hindernis
35517,52,Brugge,Brugge,51.22632,3.24095,2.188664820243001,51.21977660482513,3.211309319864781,2022,10,7,31005,Brugge,Normaal,Droog,Dag,met lichtgewonden,3,Fiets,9,personenauto,Op Kruispunt,Gewestweg,binnen bebouwde kom,Tss. 2 best.: langs opzij (voor-/achterkant-flank),Geen hindernis
35517,142,TEST Validatie BRUGGE Y2H22022134,Brugge,51.22632,3.24095,2.188664820243001,51.21977660482513,3.211309319864781,2022,10,7,31005,Brugge,Normaal,Droog,Dag,met lichtgewonden,3,Fiets,9,personenauto,Op Kruispunt,Gewestweg,binnen bebouwde kom,Tss. 2 best.: langs opzij (voor-/achterkant-flank),Geen hindernis
35518,142,TEST Validatie BRUGGE Y2H22022134,Brugge,51.22632,3.24095,1.4950997848233423,51.213726143281484,3.2484698128851206,2022,10,8,31005,Brugge,Normaal,Droog,Dag,met lichtgewonden,9,personenauto,3,Fiets,Buiten Kruispunt,Gemeenteweg,binnen bebouwde kom,Tussen 2 bestuurders: Langs achteren,Geen hindernis
35518,52,Brugge,Brugge,51.22632,3.24095,1.4950997848233423,51.213726143281484,3.2484698128851206,2022,10,8,31005,Brugge,Normaal,Droog,Dag,met lichtgewonden,9,personenauto,3,Fiets,Buiten Kruispunt,Gemeenteweg,binnen bebouwde kom,Tussen 2 bestuurders: Langs achteren,Geen hindernis
35518,54,Brugge teller 2,Brugge,51.23015,3.22818,2.309073518976158,51.213726143281484,3.2484698128851206,2022,10,8,31005,Brugge,Normaal,Droog,Dag,met lichtgewonden,9,personenauto,3,Fiets,Buiten Kruispunt,Gemeenteweg,binnen bebouwde kom,Tussen 2 bestuurders: Langs achteren,Geen hindernis
35518,53,Brugge teller 1,Brugge,51.23023,3.228,2.323783650479049,51.213726143281484,3.2484698128851206,2022,10,8,31005,Brugge,Normaal,Droog,Dag,met lichtgewonden,9,personenauto,3,Fiets,Buiten Kruispunt,Gemeenteweg,binnen bebouwde kom,Tussen 2 bestuurders: Langs achteren,Geen hindernis
35519,50,"Brugge, Sint-Andries",Brugge,51.19291,3.16252,1.4133783125529682,51.19730099464023,3.1815543871862557,2022,10,17,31005,Brugge,Normaal,Droog,Dag,met lichtgewonden,5,Lichte vrachtauto,3,Fiets,Op Kruispunt,Gewestweg,binnen bebouwde kom,Tss. 2 best.: langs opzij (voor-/achterkant-flank),Geen hindernis
35519,51,"Brugge, Sint-Andries",Brugge,51.19281,3.16252,1.417259341403176,51.19730099464023,3.1815543871862557,2022,10,17,31005,Brugge,Normaal,Droog,Dag,met lichtgewonden,5,Lichte vrachtauto,3,Fiets,Op Kruispunt,Gewestweg,binnen bebouwde kom,Tss. 2 best.: langs opzij (voor-/achterkant-flank),Geen hindernis
35521,20,Brugge,Brugge,51.17416,3.20048,1.4758170943919109,51.18585071548769,3.1904564999516225,2022,10,8,31005,Brugge,Normaal,Droog,Dageraad - schemering,met lichtgewonden,9,personenauto,3,Fiets,Op Kruispunt,Gewestweg,binnen bebouwde kom,Tss. 2 best.: langs opzij (voor-/achterkant-flank),Geen hindernis
35521,51,"Brugge, Sint-Andries",Brugge,51.19281,3.16252,2.095080971863501,51.18585071548769,3.1904564999516225,2022,10,8,31005,Brugge,Normaal,Droog,Dageraad - schemering,met lichtgewonden,9,personenauto,3,Fiets,Op Kruispunt,Gewestweg,binnen bebouwde kom,Tss. 2 best.: langs opzij (voor-/achterkant-flank),Geen hindernis
35521,50,"Brugge, Sint-Andries",Brugge,51.19291,3.16252,2.0992115301792222,51.18585071548769,3.1904564999516225,2022,10,8,31005,Brugge,Normaal,Droog,Dageraad - schemering,met lichtgewonden,9,personenauto,3,Fiets,Op Kruispunt,Gewestweg,binnen bebouwde kom,Tss. 2 best.: langs opzij (voor-/achterkant-flank),Geen hindernis
35522,54,Brugge teller 2,Brugge,51.23015,3.22818,2.1591801375254405,51.211254792076616,3.221034546191165,2022,10,16,31005,Brugge,Regenval,"Nat, plassen",Dag,met lichtgewonden,3,Fiets,3,Fiets,Buiten Kruispunt,Gewestweg,binnen bebouwde kom,Tussen 2 bestuurders: Flank tegen flank,Geen hindernis
35522,53,Brugge teller 1,Brugge,51.23023,3.228,2.1649938316150803,51.211254792076616,3.221034546191165,2022,10,16,31005,Brugge,Regenval,"Nat, plassen",Dag,met lichtgewonden,3,Fiets,3,Fiets,Buiten Kruispunt,Gewestweg,binnen bebouwde kom,Tussen 2 bestuurders: Flank tegen flank,Geen hindernis
35522,52,Brugge,Brugge,51.22632,3.24095,2.1748812121278056,51.211254792076616,3.221034546191165,2022,10,16,31005,Brugge,Regenval,"Nat, plassen",Dag,met lichtgewonden,3,Fiets,3,Fiets,Buiten Kruispunt,Gewestweg,binnen bebouwde kom,Tussen 2 bestuurders: Flank tegen flank,Geen hindernis
35522,142,TEST Validatie BRUGGE Y2H22022134,Brugge,51.22632,3.24095,2.1748812121278056,51.211254792076616,3.221034546191165,2022,10,16,31005,Brugge,Regenval,"Nat, plassen",Dag,met lichtgewonden,3,Fiets,3,Fiets,Buiten Kruispunt,Gewestweg,binnen bebouwde kom,Tussen 2 bestuurders: Flank tegen flank,Geen hindernis
35523,20,Brugge,Brugge,51.17416,3.20048,1.6037712224585388,51.18856619090186,3.2015925211640517,2022,10,17,31005,Brugge,Normaal,Droog,Dag,met lichtgewonden,9,personenauto,3,Fiets,Op Kruispunt,Gewestweg,binnen bebouwde kom,Tussen 2 bestuurders: Frontale botsing,Geen hindernis
35524,20,Brugge,Brugge,51.17416,3.20048,2.3654826929410584,51.19531871701387,3.2039977441309526,2022,10,11,31005,Brugge,Normaal,Droog,Dag,met lichtgewonden,5,Lichte vrachtauto,3,Fiets,Op Kruispunt,Gemeenteweg,binnen bebouwde kom,Tussen 2 bestuurders: Flank tegen flank,Geen hindernis
35525,142,TEST Validatie BRUGGE Y2H22022134,Brugge,51.22632,3.24095,1.496387110411958,51.213202025733494,3.245744703249356,2022,10,16,31005,Brugge,Normaal,Droog,Dag,met lichtgewonden,9,personenauto,3,Fiets,Buiten Kruispunt,Gemeenteweg,binnen bebouwde kom,Tss. 2 best.: langs opzij (voor-/achterkant-flank),Geen hindernis
35525,52,Brugge,Brugge,51.22632,3.24095,1.496387110411958,51.213202025733494,3.245744703249356,2022,10,16,31005,Brugge,Normaal,Droog,Dag,met lichtgewonden,9,personenauto,3,Fiets,Buiten Kruispunt,Gemeenteweg,binnen bebouwde kom,Tss. 2 best.: langs opzij (voor-/achterkant-flank),Geen hindernis
35525,54,Brugge teller 2,Brugge,51.23015,3.22818,2.2467272628754813,51.213202025733494,3.245744703249356,2022,10,16,31005,Brugge,Normaal,Droog,Dag,met lichtgewonden,9,personenauto,3,Fiets,Buiten Kruispunt,Gemeenteweg,binnen bebouwde kom,Tss. 2 best.: langs opzij (voor-/achterkant-flank),Geen hindernis
35525,53,Brugge teller 1,Brugge,51.23023,3.228,2.261020426940067,51.213202025733494,3.245744703249356,2022,10,16,31005,Brugge,Normaal,Droog,Dag,met lichtgewonden,9,personenauto,3,Fiets,Buiten Kruispunt,Gemeenteweg,binnen bebouwde kom,Tss. 2 best.: langs opzij (voor-/achterkant-flank),Geen hindernis
35527,20,Brugge,Brugge,51.17416,3.20048,0.9046808865073296,51.18160947825844,3.205697743156839,2022,10,10,31005,Brugge,Normaal,Droog,Dag,met lichtgewonden,9,personenauto,3,Fiets,Op Kruispunt,Gewestweg,binnen bebouwde kom,Tss. 2 best.: langs opzij (voor-/achterkant-flank),Geen hindernis
35546,20,Brugge,Brugge,51.17416,3.20048,2.286527191624699,51.175422901021086,3.233217101558066,2022,10,21,31022,Oostkamp,Normaal,Droog,"Nacht, openbare verlichting aanwezig en ontstoken",met zwaargewonden,3,Fiets,11,een weggebruiker tegen een hindernis,Buiten Kruispunt,Gewestweg,binnen bebouwde kom,Weggebruiker tegen hindernis buiten rijbaan,Andere hindernis
35556,20,Brugge,Brugge,51.17416,3.20048,2.216537341860418,51.16514676901402,3.228836045349607,2022,10,12,31022,Oostkamp,Normaal,"Vuil (zand, grint, bladeren,...)",Dag,met lichtgewonden,3,Fiets,6,Bromfiets,Buiten Kruispunt,Gemeenteweg,binnen bebouwde kom,Tussen 2 bestuurders: Langs achteren,Geen hindernis
35557,20,Brugge,Brugge,51.17416,3.20048,2.0144893918059985,51.15799986351493,3.1874201186570352,2022,10,16,31040,Zedelgem,Onbekend,Onbekend,Dag,met lichtgewonden,3,Fiets,11,een weggebruiker tegen een hindernis,Buiten Kruispunt,Gemeenteweg,binnen bebouwde kom,Weggebruiker tegen hindernis op de rijbaan,"Op de rijbaan: Werken (signal., aarde, toestel,…)"
35562,59,Ardooie teller 1,Ardooie,50.96784,3.18479,1.4131092364752629,50.97676712534847,3.1991538773765282,2022,10,10,37020,Ardooie,Normaal,Droog,Dag,met zwaargewonden,5,Lichte vrachtauto,3,Fiets,Op Kruispunt,Gemeenteweg,binnen bebouwde kom,Tss. 2 best.: langs opzij (voor-/achterkant-flank),Geen hindernis
35562,60,Ardooie teller 2,Ardooie,50.96783,3.18411,1.4481459106945047,50.97676712534847,3.1991538773765282,2022,10,10,37020,Ardooie,Normaal,Droog,Dag,met zwaargewonden,5,Lichte vrachtauto,3,Fiets,Op Kruispunt,Gemeenteweg,binnen bebouwde kom,Tss. 2 best.: langs opzij (voor-/achterkant-flank),Geen hindernis
35563,18,Oostende 1,Oostende,51.21378,2.92765,1.644490319511431,51.2279272688203,2.920768386649891,2022,10,18,35013,Oostende,Normaal,Droog,Dag,met lichtgewonden,3,Fiets,9,personenauto,Op Kruispunt,Gewestweg,binnen bebouwde kom,Tussen 2 bestuurders: Flank tegen flank,Geen hindernis
35563,15,Oostende 2,Oostende,51.21371,2.92743,1.6475578831189135,51.2279272688203,2.920768386649891,2022,10,18,35013,Oostende,Normaal,Droog,Dag,met lichtgewonden,3,Fiets,9,personenauto,Op Kruispunt,Gewestweg,binnen bebouwde kom,Tussen 2 bestuurders: Flank tegen flank,Geen hindernis
35564,15,Oostende 2,Oostende,51.21371,2.92743,0.13964605796578958,51.21475684633309,2.9263224688925416,2022,10,9,35013,Oostende,Regenval,"Nat, plassen",Dag,met lichtgewonden,3,Fiets,9,personenauto,Op Kruispunt,Gewestweg,binnen bebouwde kom,Tss. 2 best.: langs opzij (voor-/achterkant-flank),Geen hindernis
35564,18,Oostende 1,Oostende,51.21378,2.92765,0.14264845884594732,51.21475684633309,2.9263224688925416,2022,10,9,35013,Oostende,Regenval,"Nat, plassen",Dag,met lichtgewonden,3,Fiets,9,personenauto,Op Kruispunt,Gewestweg,binnen bebouwde kom,Tss. 2 best.: langs opzij (voor-/achterkant-flank),Geen hindernis
35565,15,Oostende 2,Oostende,51.21371,2.92743,0.13964605796578958,51.21475684633309,2.9263224688925416,2022,10,11,35013,Oostende,Normaal,Droog,Dag,met lichtgewonden,3,Fiets,5,Lichte vrachtauto,Op Kruispunt,Gewestweg,binnen bebouwde kom,Tss. 2 best.: langs opzij (voor-/achterkant-flank),Geen hindernis
35565,18,Oostende 1,Oostende,51.21378,2.92765,0.14264845884594732,51.21475684633309,2.9263224688925416,2022,10,11,35013,Oostende,Normaal,Droog,Dag,met lichtgewonden,3,Fiets,5,Lichte vrachtauto,Op Kruispunt,Gewestweg,binnen bebouwde kom,Tss. 2 best.: langs opzij (voor-/achterkant-flank),Geen hindernis
35566,15,Oostende 2,Oostende,51.21371,2.92743,1.5729018996127104,51.20824455980006,2.9066033644030957,2022,10,12,35013,Oostende,Normaal,"Nat, plassen",Dag,met lichtgewonden,3,Fiets,9,personenauto,Op Kruispunt,Gemeenteweg,binnen bebouwde kom,Tss. 2 best.: langs opzij (voor-/achterkant-flank),Geen hindernis
35566,18,Oostende 1,Oostende,51.21378,2.92765,1.5900435549368315,51.20824455980006,2.9066033644030957,2022,10,12,35013,Oostende,Normaal,"Nat, plassen",Dag,met lichtgewonden,3,Fiets,9,personenauto,Op Kruispunt,Gemeenteweg,binnen bebouwde kom,Tss. 2 best.: langs opzij (voor-/achterkant-flank),Geen hindernis
35569,18,Oostende 1,Oostende,51.21378,2.92765,1.1909441790016544,51.22448993299017,2.9278127861727037,2022,10,8,35013,Oostende,Normaal,Droog,Dag,met lichtgewonden,9,personenauto,3,Fiets,Op Kruispunt,Gemeenteweg,binnen bebouwde kom,Tss. 2 best.: langs opzij (voor-/achterkant-flank),Geen hindernis
35569,15,Oostende 2,Oostende,51.21371,2.92743,1.198970288998553,51.22448993299017,2.9278127861727037,2022,10,8,35013,Oostende,Normaal,Droog,Dag,met lichtgewonden,9,personenauto,3,Fiets,Op Kruispunt,Gemeenteweg,binnen bebouwde kom,Tss. 2 best.: langs opzij (voor-/achterkant-flank),Geen hindernis
35574,53,Brugge teller 1,Brugge,51.23023,3.228,2.4322569765461775,51.21469277145198,3.203416353095443,2022,10,12,31005,Brugge,Normaal,Droog,Dag,met lichtgewonden,3,Fiets,8,Voetganger,Buiten Kruispunt,Gemeenteweg,binnen bebouwde kom,Met een voetganger,Geen hindernis
35574,54,Brugge teller 2,Brugge,51.23015,3.22818,2.4348101387761263,51.21469277145198,3.203416353095443,2022,10,12,31005,Brugge,Normaal,Droog,Dag,met lichtgewonden,3,Fiets,8,Voetganger,Buiten Kruispunt,Gemeenteweg,binnen bebouwde kom,Met een voetganger,Geen hindernis
35576,56,Torhout teller 2,Torhout,51.07147,3.08244,1.5248179295105453,51.062317548569865,3.0986900426868305,2022,10,16,31033,Torhout,Normaal,Droog,Dag,met lichtgewonden,6,Bromfiets,3,Fiets,Buiten Kruispunt,Gemeenteweg,binnen bebouwde kom,Tss. 2 best.: langs opzij (voor-/achterkant-flank),Geen hindernis
35576,55,Torhout teller 1,Torhout,51.07161,3.08261,1.526485582243268,51.062317548569865,3.0986900426868305,2022,10,16,31033,Torhout,Normaal,Droog,Dag,met lichtgewonden,6,Bromfiets,3,Fiets,Buiten Kruispunt,Gemeenteweg,binnen bebouwde kom,Tss. 2 best.: langs opzij (voor-/achterkant-flank),Geen hindernis
35580,84,Roeselare totem,Izegem,50.91717,3.18772,2.1902948013018015,50.89999058497122,3.172436828782518,2022,10,7,36015,Roeselare,Normaal,"Nat, plassen",Dag,met lichtgewonden,5,Lichte vrachtauto,3,Fiets,Buiten Kruispunt,Gemeenteweg,buiten bebouwde kom,Tss. 2 best.: langs opzij (voor-/achterkant-flank),Geen hindernis
35584,84,Roeselare totem,Izegem,50.91717,3.18772,2.14752066034889,50.91166138175038,3.2170799099711185,2022,10,8,36008,Izegem,Normaal,Droog,Dag,met lichtgewonden,3,Fiets,9,personenauto,Buiten Kruispunt,Gemeenteweg,binnen bebouwde kom,Tss. 2 best.: langs opzij (voor-/achterkant-flank),Geen hindernis
35587,60,Ardooie teller 2,Ardooie,50.96783,3.18411,2.148475074541052,50.957071019940074,3.1586284012112995,2022,10,14,36015,Roeselare,Regenval,"Nat, plassen",Dag,met lichtgewonden,9,personenauto,3,Fiets,Op Kruispunt,Gewestweg,binnen bebouwde kom,Tss. 2 best.: langs opzij (voor-/achterkant-flank),Geen hindernis
35587,59,Ardooie teller 1,Ardooie,50.96784,3.18479,2.188800541317507,50.957071019940074,3.1586284012112995,2022,10,14,36015,Roeselare,Regenval,"Nat, plassen",Dag,met lichtgewonden,9,personenauto,3,Fiets,Op Kruispunt,Gewestweg,binnen bebouwde kom,Tss. 2 best.: langs opzij (voor-/achterkant-flank),Geen hindernis
35591,84,Roeselare totem,Izegem,50.91717,3.18772,1.6653788829417637,50.90278084307621,3.1943099693286703,2022,10,9,36008,Izegem,Normaal,Droog,Dag,met lichtgewonden,9,personenauto,3,Fiets,Op Kruispunt,Gemeenteweg,binnen bebouwde kom,Tss. 2 best.: langs opzij (voor-/achterkant-flank),Geen hindernis
35595,61,Wervik teller 2,Wervik,50.80555,3.0921,2.388131833241867,50.796439053639354,3.1228724731664967,2022,10,17,34027,Menen,Onbekend,Droog,Dag,met lichtgewonden,3,Fiets,9,personenauto,Buiten Kruispunt,Gewestweg,binnen bebouwde kom,Tussen 2 bestuurders: Frontale botsing,Geen hindernis
35595,62,Wervik teller 1,Wervik,50.8058,3.09154,2.43557239882869,50.796439053639354,3.1228724731664967,2022,10,17,34027,Menen,Onbekend,Droog,Dag,met lichtgewonden,3,Fiets,9,personenauto,Buiten Kruispunt,Gewestweg,binnen bebouwde kom,Tussen 2 bestuurders: Frontale botsing,Geen hindernis
35598,17,Kortrijk 2,Kortrijk,50.83339,3.27773,1.4093041894599605,50.8443553577796,3.2676655082296975,2022,10,10,34023,Kuurne,Normaal,Droog,Dag,met lichtgewonden,9,personenauto,3,Fiets,Buiten Kruispunt,Gewestweg,binnen bebouwde kom,Tss. 2 best.: langs opzij (voor-/achterkant-flank),Geen hindernis
35598,16,Kortrijk 1,Kortrijk,50.83332,3.27777,1.4174479594583091,50.8443553577796,3.2676655082296975,2022,10,10,34023,Kuurne,Normaal,Droog,Dag,met lichtgewonden,9,personenauto,3,Fiets,Buiten Kruispunt,Gewestweg,binnen bebouwde kom,Tss. 2 best.: langs opzij (voor-/achterkant-flank),Geen hindernis
35598,143,Eco Display Classic Budastraat,Kortrijk,50.83066,3.26286,1.5597946778924199,50.8443553577796,3.2676655082296975,2022,10,10,34023,Kuurne,Normaal,Droog,Dag,met lichtgewonden,9,personenauto,3,Fiets,Buiten Kruispunt,Gewestweg,binnen bebouwde kom,Tss. 2 best.: langs opzij (voor-/achterkant-flank),Geen hindernis
35599,143,Eco Display Classic Budastraat,Kortrijk,50.83066,3.26286,0.5290102538875077,50.825910298267196,3.262428829515288,2022,10,11,34022,Kortrijk,Normaal,Droog,Dag,met lichtgewonden,3,Fiets,9,personenauto,Buiten Kruispunt,Gemeenteweg,binnen bebouwde kom,Tussen 2 bestuurders: Langs achteren,Geen hindernis
35599,75,Kortrijk teller 2,Kortrijk,50.81925,3.25731,0.8232653589855611,50.825910298267196,3.262428829515288,2022,10,11,34022,Kortrijk,Normaal,Droog,Dag,met lichtgewonden,3,Fiets,9,personenauto,Buiten Kruispunt,Gemeenteweg,binnen bebouwde kom,Tussen 2 bestuurders: Langs achteren,Geen hindernis
35599,74,Kortrijk teller 1,Kortrijk,50.81909,3.25728,0.8402111250850242,50.825910298267196,3.262428829515288,2022,10,11,34022,Kortrijk,Normaal,Droog,Dag,met lichtgewonden,3,Fiets,9,personenauto,Buiten Kruispunt,Gemeenteweg,binnen bebouwde kom,Tussen 2 bestuurders: Langs achteren,Geen hindernis
35599,16,Kortrijk 1,Kortrijk,50.83332,3.27777,1.356387996936634,50.825910298267196,3.262428829515288,2022,10,11,34022,Kortrijk,Normaal,Droog,Dag,met lichtgewonden,3,Fiets,9,personenauto,Buiten Kruispunt,Gemeenteweg,binnen bebouwde kom,Tussen 2 bestuurders: Langs achteren,Geen hindernis