crash_row_id,site_id,site_name,site_gemeente,site_lat,site_long,distance_km,crash_lat,crash_long,DT_YEAR_COLLISION,DT_MONTH_COLLISION,DT_TIME,CD_NIS,TX_MUNTY_COLLISION_NL,TX_WEATHER_NL,TX_ROAD_CONDITION_NL,TX_LIGHT_CONDITION_NL,TX_CLASS_ACCIDENTS_NL,CD_ROAD_USR_TYPE1,TX_ROAD_USR_TYPE1_NL,CD_ROAD_USR_TYPE2,TX_ROAD_USR_TYPE2_NL,TX_CROSSWAY_NL,CD_ROAD_TYPE_NL,TX_BUILD_UP_AREA_NL,TX_COLLISION_TYPE_NL,TX_OBSTACLES_NL
35599,17,Kortrijk 2,Kortrijk,50.83339,3.27773,1.3589066815458524,50.825910298267196,3.262428829515288,2022,10,11,34022,Kortrijk,Normaal,Droog,Dag,met lichtgewonden,3,Fiets,9,personenauto,Buiten Kruispunt,Gemeenteweg,binnen bebouwde kom,Tussen 2 bestuurders: Langs achteren,Geen hindernis
35600,17,Kortrijk 2,Kortrijk,50.83339,3.27773,1.2834487444607792,50.842085335993644,3.2657104722959645,2022,10,15,34022,Kortrijk,Normaal,Droog,Dag,met lichtgewonden,9,personenauto,3,Fiets,Op Kruispunt,Gewestweg,binnen bebouwde kom,Tussen 2 bestuurders: Langs achteren,Geen hindernis
35600,143,Eco Display Classic Budastraat,Kortrijk,50.83066,3.26286,1.2861122098503113,50.842085335993644,3.2657104722959645,2022,10,15,34022,Kortrijk,Normaal,Droog,Dag,met lichtgewonden,9,personenauto,3,Fiets,Op Kruispunt,Gewestweg,binnen bebouwde kom,Tussen 2 bestuurders: Langs achteren,Geen hindernis
35600,16,Kortrijk 1,Kortrijk,50.83332,3.27777,1.2911635964668737,50.842085335993644,3.2657104722959645,2022,10,15,34022,Kortrijk,Normaal,Droog,Dag,met lichtgewonden,9,personenauto,3,Fiets,Op Kruispunt,Gewestweg,binnen bebouwde kom,Tussen 2 bestuurders: Langs achteren,Geen hindernis
35602,143,Eco Display Classic Budastraat,Kortrijk,50.83066,3.26286,0.7978363546598969,50.82630420544737,3.2718867539699987,2022,10,8,34022,Kortrijk,Normaal,Droog,Dag,met lichtgewonden,3,Fiets,9,personenauto,Op Kruispunt,Gewestweg,binnen bebouwde kom,Tss. 2 best.: langs opzij (voor-/achterkant-flank),Geen hindernis
35602,16,Kortrijk 1,Kortrijk,50.83332,3.27777,0.882793266530652,50.82630420544737,3.2718867539699987,2022,10,8,34022,Kortrijk,Normaal,Droog,Dag,met lichtgewonden,3,Fiets,9,personenauto,Op Kruispunt,Gewestweg,binnen bebouwde kom,Tss. 2 best.: langs opzij (voor-/achterkant-flank),Geen hindernis
35602,17,Kortrijk 2,Kortrijk,50.83339,3.27773,0.8883776737943214,50.82630420544737,3.2718867539699987,2022,10,8,34022,Kortrijk,Normaal,Droog,Dag,met lichtgewonden,3,Fiets,9,personenauto,Op Kruispunt,Gewestweg,binnen bebouwde kom,Tss. 2 best.: langs opzij (voor-/achterkant-flank),Geen hindernis
35602,75,Kortrijk teller 2,Kortrijk,50.81925,3.25731,1.2898480157935568,50.82630420544737,3.2718867539699987,2022,10,8,34022,Kortrijk,Normaal,Droog,Dag,met lichtgewonden,3,Fiets,9,personenauto,Op Kruispunt,Gewestweg,binnen bebouwde kom,Tss. 2 best.: langs opzij (voor-/achterkant-flank),Geen hindernis
35602,74,Kortrijk teller 1,Kortrijk,50.81909,3.25728,1.302404899523629,50.82630420544737,3.2718867539699987,2022,10,8,34022,Kortrijk,Normaal,Droog,Dag,met lichtgewonden,3,Fiets,9,personenauto,Op Kruispunt,Gewestweg,binnen bebouwde kom,Tss. 2 best.: langs opzij (voor-/achterkant-flank),Geen hindernis
35603,143,Eco Display Classic Budastraat,Kortrijk,50.83066,3.26286,0.2893106331056607,50.832962105074245,3.260940470822705,2022,10,12,34022,Kortrijk,Normaal,Droog,Dag,met lichtgewonden,9,personenauto,3,Fiets,Buiten Kruispunt,Gemeenteweg,binnen bebouwde kom,Tss. 2 best.: langs opzij (voor-/achterkant-flank),Geen hindernis
35603,17,Kortrijk 2,Kortrijk,50.83339,3.27773,1.1800637936387501,50.832962105074245,3.260940470822705,2022,10,12,34022,Kortrijk,Normaal,Droog,Dag,met lichtgewonden,9,personenauto,3,Fiets,Buiten Kruispunt,Gemeenteweg,binnen bebouwde kom,Tss. 2 best.: langs opzij (voor-/achterkant-flank),Geen hindernis
35603,16,Kortrijk 1,Kortrijk,50.83332,3.27777,1.1825840277231388,50.832962105074245,3.260940470822705,2022,10,12,34022,Kortrijk,Normaal,Droog,Dag,met lichtgewonden,9,personenauto,3,Fiets,Buiten Kruispunt,Gemeenteweg,binnen bebouwde kom,Tss. 2 best.: langs opzij (voor-/achterkant-flank),Geen hindernis
35603,75,Kortrijk teller 2,Kortrijk,50.81925,3.25731,1.545893308903086,50.832962105074245,3.260940470822705,2022,10,12,34022,Kortrijk,Normaal,Droog,Dag,met lichtgewonden,9,personenauto,3,Fiets,Buiten Kruispunt,Gemeenteweg,binnen bebouwde kom,Tss. 2 best.: langs opzij (voor-/achterkant-flank),Geen hindernis
35603,74,Kortrijk teller 1,Kortrijk,50.81909,3.25728,1.5637886742707507,50.832962105074245,3.260940470822705,2022,10,12,34022,Kortrijk,Normaal,Droog,Dag,met lichtgewonden,9,personenauto,3,Fiets,Buiten Kruispunt,Gemeenteweg,binnen bebouwde kom,Tss. 2 best.: langs opzij (voor-/achterkant-flank),Geen hindernis
35605,75,Kortrijk teller 2,Kortrijk,50.81925,3.25731,1.1369183041657522,50.821716977016116,3.2730162747100913,2022,10,18,34022,Kortrijk,Normaal,Droog,"Nacht, openbare verlichting aanwezig en ontstoken",met zwaargewonden,9,personenauto,3,Fiets,Op Kruispunt,Gemeenteweg,binnen bebouwde kom,Tss. 2 best.: langs opzij (voor-/achterkant-flank),Geen hindernis
35605,74,Kortrijk teller 1,Kortrijk,50.81909,3.25728,1.1433807549434016,50.821716977016116,3.2730162747100913,2022,10,18,34022,Kortrijk,Normaal,Droog,"Nacht, openbare verlichting aanwezig en ontstoken",met zwaargewonden,9,personenauto,3,Fiets,Op Kruispunt,Gemeenteweg,binnen bebouwde kom,Tss. 2 best.: langs opzij (voor-/achterkant-flank),Geen hindernis
35605,143,Eco Display Classic Budastraat,Kortrijk,50.83066,3.26286,1.22383064050389,50.821716977016116,3.2730162747100913,2022,10,18,34022,Kortrijk,Normaal,Droog,"Nacht, openbare verlichting aanwezig en ontstoken",met zwaargewonden,9,personenauto,3,Fiets,Op Kruispunt,Gemeenteweg,binnen bebouwde kom,Tss. 2 best.: langs opzij (voor-/achterkant-flank),Geen hindernis
35605,16,Kortrijk 1,Kortrijk,50.83332,3.27777,1.3327002754610835,50.821716977016116,3.2730162747100913,2022,10,18,34022,Kortrijk,Normaal,Droog,"Nacht, openbare verlichting aanwezig en ontstoken",met zwaargewonden,9,personenauto,3,Fiets,Op Kruispunt,Gemeenteweg,binnen bebouwde kom,Tss. 2 best.: langs opzij (voor-/achterkant-flank),Geen hindernis
35605,17,Kortrijk 2,Kortrijk,50.83339,3.27773,1.3395398874860305,50.821716977016116,3.2730162747100913,2022,10,18,34022,Kortrijk,Normaal,Droog,"Nacht, openbare verlichting aanwezig en ontstoken",met zwaargewonden,9,personenauto,3,Fiets,Op Kruispunt,Gemeenteweg,binnen bebouwde kom,Tss. 2 best.: langs opzij (voor-/achterkant-flank),Geen hindernis
35609,143,Eco Display Classic Budastraat,Kortrijk,50.83066,3.26286,1.8580385391353094,50.837706675537525,3.2388700890102804,2022,10,17,34022,Kortrijk,Normaal,Droog,Dag,met lichtgewonden,3,Fiets,3,Fiets,Op Kruispunt,Gemeenteweg,binnen bebouwde kom,Tussen 2 bestuurders: Flank tegen flank,Geen hindernis
35609,75,Kortrijk teller 2,Kortrijk,50.81925,3.25731,2.4267823084545777,50.837706675537525,3.2388700890102804,2022,10,17,34022,Kortrijk,Normaal,Droog,Dag,met lichtgewonden,3,Fiets,3,Fiets,Op Kruispunt,Gemeenteweg,binnen bebouwde kom,Tussen 2 bestuurders: Flank tegen flank,Geen hindernis
35609,74,Kortrijk teller 1,Kortrijk,50.81909,3.25728,2.4407307279052013,50.837706675537525,3.2388700890102804,2022,10,17,34022,Kortrijk,Normaal,Droog,Dag,met lichtgewonden,3,Fiets,3,Fiets,Op Kruispunt,Gemeenteweg,binnen bebouwde kom,Tussen 2 bestuurders: Flank tegen flank,Geen hindernis
35610,143,Eco Display Classic Budastraat,Kortrijk,50.83066,3.26286,0.30986501457598997,50.83088844736939,3.2672571600839015,2022,10,8,34022,Kortrijk,Normaal,Droog,Dag,met lichtgewonden,9,personenauto,3,Fiets,Op Kruispunt,Gemeenteweg,binnen bebouwde kom,Tss. 2 best.: langs opzij (voor-/achterkant-flank),Geen hindernis
35610,16,Kortrijk 1,Kortrijk,50.83332,3.27777,0.7862680334417892,50.83088844736939,3.2672571600839015,2022,10,8,34022,Kortrijk,Normaal,Droog,Dag,met lichtgewonden,9,personenauto,3,Fiets,Op Kruispunt,Gemeenteweg,binnen bebouwde kom,Tss. 2 best.: langs opzij (voor-/achterkant-flank),Geen hindernis
35610,17,Kortrijk 2,Kortrijk,50.83339,3.27773,0.786349753523885,50.83088844736939,3.2672571600839015,2022,10,8,34022,Kortrijk,Normaal,Droog,Dag,met lichtgewonden,9,personenauto,3,Fiets,Op Kruispunt,Gemeenteweg,binnen bebouwde kom,Tss. 2 best.: langs opzij (voor-/achterkant-flank),Geen hindernis
35610,75,Kortrijk teller 2,Kortrijk,50.81925,3.25731,1.4707021215148297,50.83088844736939,3.2672571600839015,2022,10,8,34022,Kortrijk,Normaal,Droog,Dag,met lichtgewonden,9,personenauto,3,Fiets,Op Kruispunt,Gemeenteweg,binnen bebouwde kom,Tss. 2 best.: langs opzij (voor-/achterkant-flank),Geen hindernis
35610,74,Kortrijk teller 1,Kortrijk,50.81909,3.25728,1.4873736719775414,50.83088844736939,3.2672571600839015,2022,10,8,34022,Kortrijk,Normaal,Droog,Dag,met lichtgewonden,9,personenauto,3,Fiets,Op Kruispunt,Gemeenteweg,binnen bebouwde kom,Tss. 2 best.: langs opzij (voor-/achterkant-flank),Geen hindernis
35620,17,Kortrijk 2,Kortrijk,50.83339,3.27773,1.4429013078878743,50.84051463234471,3.2949033682663305,2022,10,8,34013,Harelbeke,Normaal,Droog,Dag,met lichtgewonden,3,Fiets,3,Fiets,Op Kruispunt,Gemeenteweg,binnen bebouwde kom,Tss. 2 best.: langs opzij (voor-/achterkant-flank),Geen hindernis
35620,16,Kortrijk 1,Kortrijk,50.83332,3.27777,1.4448504077348452,50.84051463234471,3.2949033682663305,2022,10,8,34013,Harelbeke,Normaal,Droog,Dag,met lichtgewonden,3,Fiets,3,Fiets,Op Kruispunt,Gemeenteweg,binnen bebouwde kom,Tss. 2 best.: langs opzij (voor-/achterkant-flank),Geen hindernis
35624,16,Kortrijk 1,Kortrijk,50.83332,3.27777,2.0344557033377306,50.83072654175208,3.3064458569246624,2022,10,8,34013,Harelbeke,Normaal,Droog,Dag,met lichtgewonden,9,personenauto,3,Fiets,Op Kruispunt,Gemeenteweg,binnen bebouwde kom,Tss. 2 best.: langs opzij (voor-/achterkant-flank),Geen hindernis
35624,17,Kortrijk 2,Kortrijk,50.83339,3.27773,2.038351463228314,50.83072654175208,3.3064458569246624,2022,10,8,34013,Harelbeke,Normaal,Droog,Dag,met lichtgewonden,9,personenauto,3,Fiets,Op Kruispunt,Gemeenteweg,binnen bebouwde kom,Tss. 2 best.: langs opzij (voor-/achterkant-flank),Geen hindernis
35628,77,Leuven teller 2,Leuven,50.88672,4.70796,1.1018161921459235,50.8847395832125,4.692570200968072,2022,9,15,24062,Leuven,Normaal,Droog,Dag,met zwaargewonden,3,Fiets,3,Fiets,Op Kruispunt,Gemeenteweg,binnen bebouwde kom,Tussen 2 bestuurders: Flank tegen flank,Geen hindernis
35628,107,leuven totem,Leuven,50.8870744,4.7087919,1.1671791142184427,50.8847395832125,4.692570200968072,2022,9,15,24062,Leuven,Normaal,Droog,Dag,met zwaargewonden,3,Fiets,3,Fiets,Op Kruispunt,Gemeenteweg,binnen bebouwde kom,Tussen 2 bestuurders: Flank tegen flank,Geen hindernis
35628,151,Leuven,District Leuven,50.8690262,4.6854839,1.8166121217292552,50.8847395832125,4.692570200968072,2022,9,15,24062,Leuven,Normaal,Droog,Dag,met zwaargewonden,3,Fiets,3,Fiets,Op Kruispunt,Gemeenteweg,binnen bebouwde kom,Tussen 2 bestuurders: Flank tegen flank,Geen hindernis
35628,69,Leuven teller 1,Leuven,50.87549,4.71526,1.8952233279050625,50.8847395832125,4.692570200968072,2022,9,15,24062,Leuven,Normaal,Droog,Dag,met zwaargewonden,3,Fiets,3,Fiets,Op Kruispunt,Gemeenteweg,binnen bebouwde kom,Tussen 2 bestuurders: Flank tegen flank,Geen hindernis
35629,67,Ieper totem,Ieper,50.85018,2.85624,2.1859900720651027,50.85788784071828,2.8848873808310156,2022,10,10,33011,Ieper,Normaal,Droog,Dag,met zwaargewonden,9,personenauto,3,Fiets,Op Kruispunt,Gewestweg,binnen bebouwde kom,Tussen 2 bestuurders: Flank tegen flank,Geen hindernis
35629,68,Ieper,Ieper,50.85032,2.85608,2.1902960274670047,50.85788784071828,2.8848873808310156,2022,10,10,33011,Ieper,Normaal,Droog,Dag,met zwaargewonden,9,personenauto,3,Fiets,Op Kruispunt,Gewestweg,binnen bebouwde kom,Tussen 2 bestuurders: Flank tegen flank,Geen hindernis
35637,67,Ieper totem,Ieper,50.85018,2.85624,1.3877820986199039,50.8520553140715,2.8757841046450805,2022,10,10,33011,Ieper,Normaal,Droog,Dag,met lichtgewonden,9,personenauto,3,Fiets,Buiten Kruispunt,Gewestweg,binnen bebouwde kom,Tss. 2 best.: langs opzij (voor-/achterkant-flank),Geen hindernis
35637,68,Ieper,Ieper,50.85032,2.85608,1.3966500784432918,50.8520553140715,2.8757841046450805,2022,10,10,33011,Ieper,Normaal,Droog,Dag,met lichtgewonden,9,personenauto,3,Fiets,Buiten Kruispunt,Gewestweg,binnen bebouwde kom,Tss. 2 best.: langs opzij (voor-/achterkant-flank),Geen hindernis
35638,67,Ieper totem,Ieper,50.85018,2.85624,2.2790786495970465,50.85154102942521,2.8886329593671687,2022,10,10,33011,Ieper,Normaal,"Nat, plassen",Dag,met lichtgewonden,3,Fiets,10,"één bestuurder, geen hindernis",Buiten Kruispunt,Gewestweg,binnen bebouwde kom,"Eén bestuurder, geen hindernis (incl. val)",Geen hindernis
35638,68,Ieper,Ieper,50.85032,2.85608,2.2893068939842705,50.85154102942521,2.8886329593671687,2022,10,10,33011,Ieper,Normaal,"Nat, plassen",Dag,met lichtgewonden,3,Fiets,10,"één bestuurder, geen hindernis",Buiten Kruispunt,Gewestweg,binnen bebouwde kom,"Eén bestuurder, geen hindernis (incl. val)",Geen hindernis
35642,67,Ieper totem,Ieper,50.85018,2.85624,1.703932481077968,50.85458550567371,2.879487935796783,2022,10,7,33011,Ieper,Normaal,"Nat, plassen",Dageraad - schemering,met lichtgewonden,3,Fiets,10,"één bestuurder, geen hindernis",Buiten Kruispunt,Gemeenteweg,binnen bebouwde kom,"Eén bestuurder, geen hindernis (incl. val)",Geen hindernis
35642,68,Ieper,Ieper,50.85032,2.85608,1.7103085649648957,50.85458550567371,2.879487935796783,2022,10,7,33011,Ieper,Normaal,"Nat, plassen",Dageraad - schemering,met lichtgewonden,3,Fiets,10,"één bestuurder, geen hindernis",Buiten Kruispunt,Gemeenteweg,binnen bebouwde kom,"Eén bestuurder, geen hindernis (incl. val)",Geen hindernis
35644,67,Ieper totem,Ieper,50.85018,2.85624,2.4160199016409116,50.82846299846398,2.85732406821154,2022,10,11,33011,Ieper,Normaal,Droog,Dag,met zwaargewonden,9,personenauto,3,Fiets,Op Kruispunt,Gewestweg,buiten bebouwde kom,Tss. 2 best.: langs opzij (voor-/achterkant-flank),Geen hindernis
35644,68,Ieper,Ieper,50.85032,2.85608,2.431957156966964,50.82846299846398,2.85732406821154,2022,10,11,33011,Ieper,Normaal,Droog,Dag,met zwaargewonden,9,personenauto,3,Fiets,Op Kruispunt,Gewestweg,buiten bebouwde kom,Tss. 2 best.: langs opzij (voor-/achterkant-flank),Geen hindernis
35645,62,Wervik teller 1,Wervik,50.8058,3.09154,1.8931826546020438,50.81240734003894,3.066708102406053,2022,10,16,33029,Wervik,Normaal,Droog,Dag,met lichtgewonden,3,Fiets,11,een weggebruiker tegen een hindernis,Buiten Kruispunt,Gewestweg,buiten bebouwde kom,Weggebruiker tegen hindernis buiten rijbaan,Andere hindernis
35645,61,Wervik teller 2,Wervik,50.80555,3.0921,1.9402671306273154,50.81240734003894,3.066708102406053,2022,10,16,33029,Wervik,Normaal,Droog,Dag,met lichtgewonden,3,Fiets,11,een weggebruiker tegen een hindernis,Buiten Kruispunt,Gewestweg,buiten bebouwde kom,Weggebruiker tegen hindernis buiten rijbaan,Andere hindernis
35647,67,Ieper totem,Ieper,50.85018,2.85624,2.275493422731816,50.85085641035009,2.888635594899841,2022,10,17,33011,Ieper,Regenval,"Nat, plassen",Dag,met lichtgewonden,3,Fiets,10,"één bestuurder, geen hindernis",Op Kruispunt,Gemeenteweg,binnen bebouwde kom,"Eén bestuurder, geen hindernis (incl. val)",Geen hindernis
35647,68,Ieper,Ieper,50.85032,2.85608,2.286257190761945,50.85085641035009,2.888635594899841,2022,10,17,33011,Ieper,Regenval,"Nat, plassen",Dag,met lichtgewonden,3,Fiets,10,"één bestuurder, geen hindernis",Op Kruispunt,Gemeenteweg,binnen bebouwde kom,"Eén bestuurder, geen hindernis (incl. val)",Geen hindernis
35649,67,Ieper totem,Ieper,50.85018,2.85624,1.128909659017154,50.84586642559097,2.870796360194633,2022,10,15,33011,Ieper,Normaal,Droog,Dag,met zwaargewonden,3,Fiets,9,personenauto,Op Kruispunt,Gemeenteweg,binnen bebouwde kom,Tss. 2 best.: langs opzij (voor-/achterkant-flank),Geen hindernis
35649,68,Ieper,Ieper,50.85032,2.85608,1.14572902631784,50.84586642559097,2.870796360194633,2022,10,15,33011,Ieper,Normaal,Droog,Dag,met zwaargewonden,3,Fiets,9,personenauto,Op Kruispunt,Gemeenteweg,binnen bebouwde kom,Tss. 2 best.: langs opzij (voor-/achterkant-flank),Geen hindernis
35651,35,Lanaken teller 1,Lanaken,50.88112,5.6314,1.3486574616097196,50.887441545798296,5.647807157804296,2022,10,14,73042,Lanaken,Normaal,Droog,Dag,met lichtgewonden,9,personenauto,3,Fiets,Op Kruispunt,Gewestweg,binnen bebouwde kom,Tss. 2 best.: langs opzij (voor-/achterkant-flank),Geen hindernis
35651,36,Lanaken teller 2,Lanaken,50.88131,5.63012,1.4157621768712179,50.887441545798296,5.647807157804296,2022,10,14,73042,Lanaken,Normaal,Droog,Dag,met lichtgewonden,9,personenauto,3,Fiets,Op Kruispunt,Gewestweg,binnen bebouwde kom,Tss. 2 best.: langs opzij (voor-/achterkant-flank),Geen hindernis
35652,42,Maasmechelen teller 2,Maasmechelen,50.97043,5.6981,0.422866778635788,50.97423182244042,5.697954102839251,2022,10,8,73107,Maasmechelen,Normaal,Droog,Dag,met lichtgewonden,9,personenauto,3,Fiets,Op Kruispunt,Gemeenteweg,binnen bebouwde kom,Tss. 2 best.: langs opzij (voor-/achterkant-flank),Geen hindernis
35652,41,Maasmechelen teller 1,Maasmechelen,50.97025,5.69799,0.4427655884979964,50.97423182244042,5.697954102839251,2022,10,8,73107,Maasmechelen,Normaal,Droog,Dag,met lichtgewonden,9,personenauto,3,Fiets,Op Kruispunt,Gemeenteweg,binnen bebouwde kom,Tss. 2 best.: langs opzij (voor-/achterkant-flank),Geen hindernis
35653,42,Maasmechelen teller 2,Maasmechelen,50.97043,5.6981,1.4837902207914453,50.98370979062339,5.700177322162019,2022,10,16,73107,Maasmechelen,Normaal,Droog,Dag,met lichtgewonden,9,personenauto,3,Fiets,Buiten Kruispunt,Gemeenteweg,binnen bebouwde kom,Tss. 2 best.: langs opzij (voor-/achterkant-flank),Geen hindernis
35653,41,Maasmechelen teller 1,Maasmechelen,50.97025,5.69799,1.5044746267310782,50.98370979062339,5.700177322162019,2022,10,16,73107,Maasmechelen,Normaal,Droog,Dag,met lichtgewonden,9,personenauto,3,Fiets,Buiten Kruispunt,Gemeenteweg,binnen bebouwde kom,Tss. 2 best.: langs opzij (voor-/achterkant-flank),Geen hindernis
35654,41,Maasmechelen teller 1,Maasmechelen,50.97025,5.69799,1.4065784321694663,50.957796611898736,5.694465576172898,2022,10,17,73107,Maasmechelen,Onbekend,Onbekend,Onbekend,met lichtgewonden,3,Fiets,9,personenauto,Op Kruispunt,Gewestweg,onbekend,Tussen 2 bestuurders: Flank tegen flank,Geen hindernis
35654,42,Maasmechelen teller 2,Maasmechelen,50.97043,5.6981,1.427640450136198,50.957796611898736,5.694465576172898,2022,10,17,73107,Maasmechelen,Onbekend,Onbekend,Onbekend,met lichtgewonden,3,Fiets,9,personenauto,Op Kruispunt,Gewestweg,onbekend,Tussen 2 bestuurders: Flank tegen flank,Geen hindernis
35656,18,Oostende 1,Oostende,51.21378,2.92765,1.3065194273794267,51.22547537359786,2.929453721919956,2022,10,10,35013,Oostende,Normaal,Droog,Dag,met lichtgewonden,3,Fiets,10,"één bestuurder, geen hindernis",Op Kruispunt,Gewestweg,binnen bebouwde kom,"Eén bestuurder, geen hindernis (incl. val)",Geen hindernis
35656,15,Oostende 2,Oostende,51.21371,2.92743,1.3158201475034652,51.22547537359786,2.929453721919956,2022,10,10,35013,Oostende,Normaal,Droog,Dag,met lichtgewonden,3,Fiets,10,"één bestuurder, geen hindernis",Op Kruispunt,Gewestweg,binnen bebouwde kom,"Eén bestuurder, geen hindernis (incl. val)",Geen hindernis
35660,124,Beveren teller 2,Beveren,51.1964712,4.2361077,1.9614356458849573,51.21400908583534,4.233088369533137,2022,10,16,46003,Beveren,Normaal,Droog,Dag,met lichtgewonden,9,personenauto,3,Fiets,Op Kruispunt,Gemeenteweg,binnen bebouwde kom,Tussen 2 bestuurders: Flank tegen flank,Geen hindernis
35661,124,Beveren teller 2,Beveren,51.1964712,4.2361077,2.0228618449781677,51.211489795360244,4.25249276174152,2022,10,15,46003,Beveren,Normaal,Droog,Dag,met lichtgewonden,4,Vrachtwagen,3,Fiets,Op Kruispunt,Gewestweg,binnen bebouwde kom,Tussen 2 bestuurders: Flank tegen flank,Geen hindernis
35662,124,Beveren teller 2,Beveren,51.1964712,4.2361077,0.6067030029239544,51.20090793639293,4.23103959369839,2022,10,11,46003,Beveren,Normaal,Droog,Dag,met lichtgewonden,3,Fiets,9,personenauto,Buiten Kruispunt,Gewestweg,buiten bebouwde kom,Tss. 2 best.: langs opzij (voor-/achterkant-flank),Geen hindernis
35664,124,Beveren teller 2,Beveren,51.1964712,4.2361077,2.2535958158337355,51.21583988596073,4.245632165498828,2022,10,14,46003,Beveren,Regenval,"Nat, plassen",Dag,met lichtgewonden,9,personenauto,3,Fiets,Op Kruispunt,Gemeenteweg,binnen bebouwde kom,Tss. 2 best.: langs opzij (voor-/achterkant-flank),Geen hindernis
35665,124,Beveren teller 2,Beveren,51.1964712,4.2361077,2.251735413086636,51.21268257883909,4.255476544853189,2022,10,15,46003,Beveren,Normaal,Droog,Dag,met zwaargewonden,9,personenauto,3,Fiets,Buiten Kruispunt,Gemeenteweg,binnen bebouwde kom,Tss. 2 best.: langs opzij (voor-/achterkant-flank),Geen hindernis
35669,124,Beveren teller 2,Beveren,51.1964712,4.2361077,0.6114788115173694,51.201244455490574,4.231749846977823,2022,10,18,46003,Beveren,Normaal,Droog,Dag,met lichtgewonden,3,Fiets,9,personenauto,Buiten Kruispunt,Gewestweg,binnen bebouwde kom,Tss. 2 best.: langs opzij (voor-/achterkant-flank),Geen hindernis
35673,106,St. pieters leeuw teller 1,Sint-Pieters-Leeuw,50.75533,4.24951,1.457933698057497,50.75388491848311,4.270108716426251,2022,8,0,23003,Beersel,Onbekend,Onbekend,Dag,met lichtgewonden,3,Fiets,11,een weggebruiker tegen een hindernis,Buiten Kruispunt,Gemeenteweg,binnen bebouwde kom,Weggebruiker tegen hindernis buiten rijbaan,Andere hindernis
35673,105,St. pieters leeuw teller 2,Halle,50.75509,4.24943,1.460841799799332,50.75388491848311,4.270108716426251,2022,8,0,23003,Beersel,Onbekend,Onbekend,Dag,met lichtgewonden,3,Fiets,11,een weggebruiker tegen een hindernis,Buiten Kruispunt,Gemeenteweg,binnen bebouwde kom,Weggebruiker tegen hindernis buiten rijbaan,Andere hindernis
35674,109,Zemst,Zemst,50.9903936,4.4707023,1.7039214608309543,51.005183053552706,4.464328910762092,2022,10,15,12025,Mechelen,Normaal,Droog,Dag,met lichtgewonden,9,personenauto,3,Fiets,Op Kruispunt,Gemeenteweg,buiten bebouwde kom,Tussen 2 bestuurders: Langs achteren,Geen hindernis
35675,99,Mechelen teller 1,Mechelen,51.04564,4.46882,1.8234498256854872,51.030036418244144,4.476842003881386,2022,10,17,12025,Mechelen,Normaal,Onbekend,Onbekend,met lichtgewonden,3,Fiets,9,personenauto,Buiten Kruispunt,Gemeenteweg,binnen bebouwde kom,Tussen 2 bestuurders: Flank tegen flank,Geen hindernis
35675,100,Mechelen teller 2,Mechelen,51.0457,4.46883,1.829584871694125,51.030036418244144,4.476842003881386,2022,10,17,12025,Mechelen,Normaal,Onbekend,Onbekend,met lichtgewonden,3,Fiets,9,personenauto,Buiten Kruispunt,Gemeenteweg,binnen bebouwde kom,Tussen 2 bestuurders: Flank tegen flank,Geen hindernis
35677,99,Mechelen teller 1,Mechelen,51.04564,4.46882,2.491801525621008,51.02476588013958,4.4817828285100045,2022,10,13,12025,Mechelen,Normaal,Droog,Dag,met lichtgewonden,3,Fiets,8,Voetganger,Buiten Kruispunt,Gemeenteweg,binnen bebouwde kom,Met een voetganger,Geen vermelding van de aanwezigheid van een hindernis
35677,100,Mechelen teller 2,Mechelen,51.0457,4.46883,2.4977634938706212,51.02476588013958,4.4817828285100045,2022,10,13,12025,Mechelen,Normaal,Droog,Dag,met lichtgewonden,3,Fiets,8,Voetganger,Buiten Kruispunt,Gemeenteweg,binnen bebouwde kom,Met een voetganger,Geen vermelding van de aanwezigheid van een hindernis
35684,99,Mechelen teller 1,Mechelen,51.04564,4.46882,2.4106009258544243,51.02549011446203,4.481538255832362,2022,10,16,12025,Mechelen,Normaal,Droog,Dag,met lichtgewonden,3,Fiets,3,Fiets,Buiten Kruispunt,Gemeenteweg,binnen bebouwde kom,Tussen 2 bestuurders: Frontale botsing,Geen hindernis
35684,100,Mechelen teller 2,Mechelen,51.0457,4.46883,2.416545854780628,51.02549011446203,4.481538255832362,2022,10,16,12025,Mechelen,Normaal,Droog,Dag,met lichtgewonden,3,Fiets,3,Fiets,Buiten Kruispunt,Gemeenteweg,binnen bebouwde kom,Tussen 2 bestuurders: Frontale botsing,Geen hindernis
35685,99,Mechelen teller 1,Mechelen,51.04564,4.46882,0.3266731833552658,51.043410358063646,4.471862727281553,2022,10,12,12025,Mechelen,Regenval,"Nat, plassen",Dag,met lichtgewonden,3,Fiets,9,personenauto,Op Kruispunt,Gemeenteweg,binnen bebouwde kom,Tss. 2 best.: langs opzij (voor-/achterkant-flank),Geen hindernis
35685,100,Mechelen teller 2,Mechelen,51.0457,4.46883,0.3313171408236431,51.043410358063646,4.471862727281553,2022,10,12,12025,Mechelen,Regenval,"Nat, plassen",Dag,met lichtgewonden,3,Fiets,9,personenauto,Op Kruispunt,Gemeenteweg,binnen bebouwde kom,Tss. 2 best.: langs opzij (voor-/achterkant-flank),Geen hindernis
35688,138,Hasselt-Kempische brug,Hasselt,50.9405318,5.3422472,0.6573945845998007,50.935199244114685,5.338196218685372,2022,10,20,71022,Hasselt,Normaal,Droog,"Nacht, openb. verlicht. aanw., maar niet ontstoken",met zwaargewonden,3,Fiets,10,"één bestuurder, geen hindernis",Buiten Kruispunt,Gemeenteweg,binnen bebouwde kom,"Eén bestuurder, geen hindernis (incl. val)",Geen hindernis