crash_row_id,site_id,site_name,site_gemeente,site_lat,site_long,distance_km,crash_lat,crash_long,DT_YEAR_COLLISION,DT_MONTH_COLLISION,DT_TIME,CD_NIS,TX_MUNTY_COLLISION_NL,TX_WEATHER_NL,TX_ROAD_CONDITION_NL,TX_LIGHT_CONDITION_NL,TX_CLASS_ACCIDENTS_NL,CD_ROAD_USR_TYPE1,TX_ROAD_USR_TYPE1_NL,CD_ROAD_USR_TYPE2,TX_ROAD_USR_TYPE2_NL,TX_CROSSWAY_NL,CD_ROAD_TYPE_NL,TX_BUILD_UP_AREA_NL,TX_COLLISION_TYPE_NL,TX_OBSTACLES_NL
35688,140,Hasselt ring,Hasselt,50.9300038,5.3438616,0.700979986106526,50.935199244114685,5.338196218685372,2022,10,20,71022,Hasselt,Normaal,Droog,"Nacht, openb. verlicht. aanw., maar niet ontstoken",met zwaargewonden,3,Fiets,10,"één bestuurder, geen hindernis",Buiten Kruispunt,Gemeenteweg,binnen bebouwde kom,"Eén bestuurder, geen hindernis (incl. val)",Geen hindernis
35688,137,Hasselt-Kempische brug,Hasselt,50.9411605,5.3417576,0.708279054269049,50.935199244114685,5.338196218685372,2022,10,20,71022,Hasselt,Normaal,Droog,"Nacht, openb. verlicht. aanw., maar niet ontstoken",met zwaargewonden,3,Fiets,10,"één bestuurder, geen hindernis",Buiten Kruispunt,Gemeenteweg,binnen bebouwde kom,"Eén bestuurder, geen hindernis (incl. val)",Geen hindernis
35691,138,Hasselt-Kempische brug,Hasselt,50.9405318,5.3422472,0.29681839925515957,50.938022936326774,5.340800520888007,2022,10,8,71022,Hasselt,Normaal,Droog,Dag,met lichtgewonden,9,personenauto,3,Fiets,Op Kruispunt,Gewestweg,binnen bebouwde kom,Tss. 2 best.: langs opzij (voor-/achterkant-flank),Geen hindernis
35691,137,Hasselt-Kempische brug,Hasselt,50.9411605,5.3417576,0.35526783039324816,50.938022936326774,5.340800520888007,2022,10,8,71022,Hasselt,Normaal,Droog,Dag,met lichtgewonden,9,personenauto,3,Fiets,Op Kruispunt,Gewestweg,binnen bebouwde kom,Tss. 2 best.: langs opzij (voor-/achterkant-flank),Geen hindernis
35691,140,Hasselt ring,Hasselt,50.9300038,5.3438616,0.917126430552214,50.938022936326774,5.340800520888007,2022,10,8,71022,Hasselt,Normaal,Droog,Dag,met lichtgewonden,9,personenauto,3,Fiets,Op Kruispunt,Gewestweg,binnen bebouwde kom,Tss. 2 best.: langs opzij (voor-/achterkant-flank),Geen hindernis
35692,140,Hasselt ring,Hasselt,50.9300038,5.3438616,1.3785153211851737,50.933646583400545,5.325059355454916,2022,10,14,71022,Hasselt,Normaal,Droog,Dag,met lichtgewonden,9,personenauto,3,Fiets,Buiten Kruispunt,Gewestweg,binnen bebouwde kom,Tss. 2 best.: langs opzij (voor-/achterkant-flank),Geen hindernis
35692,138,Hasselt-Kempische brug,Hasselt,50.9405318,5.3422472,1.427128389575101,50.933646583400545,5.325059355454916,2022,10,14,71022,Hasselt,Normaal,Droog,Dag,met lichtgewonden,9,personenauto,3,Fiets,Buiten Kruispunt,Gewestweg,binnen bebouwde kom,Tss. 2 best.: langs opzij (voor-/achterkant-flank),Geen hindernis
35692,137,Hasselt-Kempische brug,Hasselt,50.9411605,5.3417576,1.4377573468667872,50.933646583400545,5.325059355454916,2022,10,14,71022,Hasselt,Normaal,Droog,Dag,met lichtgewonden,9,personenauto,3,Fiets,Buiten Kruispunt,Gewestweg,binnen bebouwde kom,Tss. 2 best.: langs opzij (voor-/achterkant-flank),Geen hindernis
35693,137,Hasselt-Kempische brug,Hasselt,50.9411605,5.3417576,2.1959080138871268,50.941099310452906,5.310417179525716,2022,10,14,71022,Hasselt,Normaal,Droog,Dag,met lichtgewonden,3,Fiets,9,personenauto,Buiten Kruispunt,Gemeenteweg,buiten bebouwde kom,Tss. 2 best.: langs opzij (voor-/achterkant-flank),Geen hindernis
35693,138,Hasselt-Kempische brug,Hasselt,50.9405318,5.3422472,2.2311094509733262,50.941099310452906,5.310417179525716,2022,10,14,71022,Hasselt,Normaal,Droog,Dag,met lichtgewonden,3,Fiets,9,personenauto,Buiten Kruispunt,Gemeenteweg,buiten bebouwde kom,Tss. 2 best.: langs opzij (voor-/achterkant-flank),Geen hindernis
35694,140,Hasselt ring,Hasselt,50.9300038,5.3438616,0.5358550861822629,50.9329348355083,5.337792211623985,2022,9,9,71022,Hasselt,Onbekend,Onbekend,Dag,met lichtgewonden,3,Fiets,11,een weggebruiker tegen een hindernis,Buiten Kruispunt,Gemeenteweg,binnen bebouwde kom,Weggebruiker tegen hindernis buiten rijbaan,Buiten de rijbaan: Andere paal
35694,138,Hasselt-Kempische brug,Hasselt,50.9405318,5.3422472,0.9005798405320296,50.9329348355083,5.337792211623985,2022,9,9,71022,Hasselt,Onbekend,Onbekend,Dag,met lichtgewonden,3,Fiets,11,een weggebruiker tegen een hindernis,Buiten Kruispunt,Gemeenteweg,binnen bebouwde kom,Weggebruiker tegen hindernis buiten rijbaan,Buiten de rijbaan: Andere paal
35694,137,Hasselt-Kempische brug,Hasselt,50.9411605,5.3417576,0.9559270655410326,50.9329348355083,5.337792211623985,2022,9,9,71022,Hasselt,Onbekend,Onbekend,Dag,met lichtgewonden,3,Fiets,11,een weggebruiker tegen een hindernis,Buiten Kruispunt,Gemeenteweg,binnen bebouwde kom,Weggebruiker tegen hindernis buiten rijbaan,Buiten de rijbaan: Andere paal
35695,140,Hasselt ring,Hasselt,50.9300038,5.3438616,2.4536365560371847,50.91279275836629,5.321955763489686,2022,10,14,71022,Hasselt,Normaal,Droog,Dag,met lichtgewonden,5,Lichte vrachtauto,3,Fiets,Buiten Kruispunt,Gewestweg,buiten bebouwde kom,Tss. 2 best.: langs opzij (voor-/achterkant-flank),Geen hindernis
35698,140,Hasselt ring,Hasselt,50.9300038,5.3438616,0.8357279917486409,50.9227898440106,5.340515879249218,2022,10,7,71022,Hasselt,Normaal,"Nat, plassen",Dageraad - schemering,met lichtgewonden,3,Fiets,3,Fiets,Buiten Kruispunt,Gewestweg,binnen bebouwde kom,Tussen 2 bestuurders: Frontale botsing,Geen hindernis
35698,138,Hasselt-Kempische brug,Hasselt,50.9405318,5.3422472,1.9765430135768853,50.9227898440106,5.340515879249218,2022,10,7,71022,Hasselt,Normaal,"Nat, plassen",Dageraad - schemering,met lichtgewonden,3,Fiets,3,Fiets,Buiten Kruispunt,Gewestweg,binnen bebouwde kom,Tussen 2 bestuurders: Frontale botsing,Geen hindernis
35698,137,Hasselt-Kempische brug,Hasselt,50.9411605,5.3417576,2.044576409772272,50.9227898440106,5.340515879249218,2022,10,7,71022,Hasselt,Normaal,"Nat, plassen",Dageraad - schemering,met lichtgewonden,3,Fiets,3,Fiets,Buiten Kruispunt,Gewestweg,binnen bebouwde kom,Tussen 2 bestuurders: Frontale botsing,Geen hindernis
35701,137,Hasselt-Kempische brug,Hasselt,50.9411605,5.3417576,1.3996340348148122,50.94933331798492,5.3265638252686225,2022,10,8,71022,Hasselt,Normaal,Droog,Dag,met zwaargewonden,9,personenauto,3,Fiets,Op Kruispunt,Gemeenteweg,buiten bebouwde kom,Tss. 2 best.: langs opzij (voor-/achterkant-flank),Geen hindernis
35701,138,Hasselt-Kempische brug,Hasselt,50.9405318,5.3422472,1.4714424494733422,50.94933331798492,5.3265638252686225,2022,10,8,71022,Hasselt,Normaal,Droog,Dag,met zwaargewonden,9,personenauto,3,Fiets,Op Kruispunt,Gemeenteweg,buiten bebouwde kom,Tss. 2 best.: langs opzij (voor-/achterkant-flank),Geen hindernis
35701,140,Hasselt ring,Hasselt,50.9300038,5.3438616,2.4675255933982054,50.94933331798492,5.3265638252686225,2022,10,8,71022,Hasselt,Normaal,Droog,Dag,met zwaargewonden,9,personenauto,3,Fiets,Op Kruispunt,Gemeenteweg,buiten bebouwde kom,Tss. 2 best.: langs opzij (voor-/achterkant-flank),Geen hindernis
35702,140,Hasselt ring,Hasselt,50.9300038,5.3438616,1.084257019420843,50.92765893893931,5.358878323981896,2022,10,17,71022,Hasselt,Normaal,Droog,Dag,met lichtgewonden,3,Fiets,3,Fiets,Op Kruispunt,Gewestweg,buiten bebouwde kom,Tussen 2 bestuurders: Frontale botsing,Geen hindernis
35702,138,Hasselt-Kempische brug,Hasselt,50.9405318,5.3422472,1.845853785516172,50.92765893893931,5.358878323981896,2022,10,17,71022,Hasselt,Normaal,Droog,Dag,met lichtgewonden,3,Fiets,3,Fiets,Op Kruispunt,Gewestweg,buiten bebouwde kom,Tussen 2 bestuurders: Frontale botsing,Geen hindernis
35702,137,Hasselt-Kempische brug,Hasselt,50.9411605,5.3417576,1.9218028273430148,50.92765893893931,5.358878323981896,2022,10,17,71022,Hasselt,Normaal,Droog,Dag,met lichtgewonden,3,Fiets,3,Fiets,Op Kruispunt,Gewestweg,buiten bebouwde kom,Tussen 2 bestuurders: Frontale botsing,Geen hindernis
35703,140,Hasselt ring,Hasselt,50.9300038,5.3438616,0.43815523790209576,50.92970357822288,5.350095376918021,2022,10,13,71022,Hasselt,Normaal,Droog,Dag,met lichtgewonden,3,Fiets,99,onbekend,Op Kruispunt,Gewestweg,binnen bebouwde kom,Tss. 2 best.: langs opzij (voor-/achterkant-flank),Geen hindernis
35703,138,Hasselt-Kempische brug,Hasselt,50.9405318,5.3422472,1.3236985411592452,50.92970357822288,5.350095376918021,2022,10,13,71022,Hasselt,Normaal,Droog,Dag,met lichtgewonden,3,Fiets,99,onbekend,Op Kruispunt,Gewestweg,binnen bebouwde kom,Tss. 2 best.: langs opzij (voor-/achterkant-flank),Geen hindernis
35703,137,Hasselt-Kempische brug,Hasselt,50.9411605,5.3417576,1.4015418493323815,50.92970357822288,5.350095376918021,2022,10,13,71022,Hasselt,Normaal,Droog,Dag,met lichtgewonden,3,Fiets,99,onbekend,Op Kruispunt,Gewestweg,binnen bebouwde kom,Tss. 2 best.: langs opzij (voor-/achterkant-flank),Geen hindernis
35704,137,Hasselt-Kempische brug,Hasselt,50.9411605,5.3417576,1.8748622778198754,50.95801006178168,5.340770169650837,2022,9,15,71022,Hasselt,Onbekend,Droog,Dag,met lichtgewonden,3,Fiets,9,personenauto,Op Kruispunt,Gemeenteweg,binnen bebouwde kom,Tussen 2 bestuurders: Frontale botsing,Geen hindernis
35704,138,Hasselt-Kempische brug,Hasselt,50.9405318,5.3422472,1.9462464938324118,50.95801006178168,5.340770169650837,2022,9,15,71022,Hasselt,Onbekend,Droog,Dag,met lichtgewonden,3,Fiets,9,personenauto,Op Kruispunt,Gemeenteweg,binnen bebouwde kom,Tussen 2 bestuurders: Frontale botsing,Geen hindernis
35705,14,Genk,Genk,50.97172,5.48927,2.1012033100431,50.97741207276966,5.517886636420784,2022,10,16,71016,Genk,Normaal,Droog,Dag,met lichtgewonden,6,Bromfiets,3,Fiets,Buiten Kruispunt,Gemeenteweg,binnen bebouwde kom,Tussen 2 bestuurders: Frontale botsing,Geen hindernis
35706,73,Herent teller 2,Herent,50.89128,4.64685,1.6315042238249315,50.88702541322802,4.624590061432271,2022,10,11,24009,Bertem,Normaal,"Nat, plassen",Dag,met lichtgewonden,9,personenauto,3,Fiets,Op Kruispunt,Gemeenteweg,buiten bebouwde kom,Tussen 2 bestuurders: Langs achteren,Geen hindernis
35706,72,Herent teller 1,Herent,50.89135,4.64689,1.6364588057329117,50.88702541322802,4.624590061432271,2022,10,11,24009,Bertem,Normaal,"Nat, plassen",Dag,met lichtgewonden,9,personenauto,3,Fiets,Op Kruispunt,Gemeenteweg,buiten bebouwde kom,Tussen 2 bestuurders: Langs achteren,Geen hindernis
35709,25,Bree,Bree,51.13679500160176,5.597669323604317,0.28256164476904916,51.137014830567885,5.593634636275623,2022,10,11,72004,Bree,Normaal,Droog,Dag,met lichtgewonden,2,Andere weggebruiker,3,Fiets,Buiten Kruispunt,Gewestweg,buiten bebouwde kom,Tussen 2 bestuurders: Flank tegen flank,Geen hindernis
35713,14,Genk,Genk,50.97172,5.48927,0.8962913550545452,50.96437644324991,5.494547187013865,2022,10,18,71016,Genk,Normaal,Droog,"Nacht, openbare verlichting aanwezig en ontstoken",met lichtgewonden,3,Fiets,9,personenauto,Op Kruispunt,Gemeenteweg,binnen bebouwde kom,Tss. 2 best.: langs opzij (voor-/achterkant-flank),Geen hindernis
35714,14,Genk,Genk,50.97172,5.48927,2.1216693143963243,50.96638786562053,5.460177919768001,2022,10,16,71016,Genk,Normaal,Droog,Dag,met lichtgewonden,3,Fiets,3,Fiets,Buiten Kruispunt,Gemeenteweg,binnen bebouwde kom,Tss. 2 best.: langs opzij (voor-/achterkant-flank),Geen hindernis
35715,25,Bree,Bree,51.13679500160176,5.597669323604317,0.3344550274756275,51.13823372355374,5.593459576888977,2022,10,14,72004,Bree,Normaal,Droog,Dag,met lichtgewonden,3,Fiets,5,Lichte vrachtauto,Buiten Kruispunt,Gewestweg,buiten bebouwde kom,Tussen 2 bestuurders: Flank tegen flank,Geen hindernis
35721,25,Bree,Bree,51.13679500160176,5.597669323604317,0.6115410036509715,51.14191927186937,5.600852464306958,2022,10,23,72004,Bree,Normaal,Droog,"Nacht, openbare verlichting aanwezig en ontstoken",met lichtgewonden,3,Fiets,10,"één bestuurder, geen hindernis",Op Kruispunt,Gewestweg,binnen bebouwde kom,"Eén bestuurder, geen hindernis (incl. val)",Geen hindernis
35726,14,Genk,Genk,50.97172,5.48927,0.6686135231648974,50.966236084234566,5.493186381602139,2022,10,17,71016,Genk,Normaal,"Nat, plassen",Dag,met lichtgewonden,9,personenauto,3,Fiets,Op Kruispunt,Gewestweg,binnen bebouwde kom,Tss. 2 best.: langs opzij (voor-/achterkant-flank),Geen hindernis
35730,14,Genk,Genk,50.97172,5.48927,0.8263099734300416,50.964309007080054,5.49013927837149,2022,10,14,71016,Genk,Normaal,Droog,Dag,met lichtgewonden,9,personenauto,3,Fiets,Op Kruispunt,Gemeenteweg,binnen bebouwde kom,Tussen 2 bestuurders: Frontale botsing,Geen hindernis
35732,14,Genk,Genk,50.97172,5.48927,1.1617717845842002,50.96576933410388,5.5029070870770695,2022,10,16,71016,Genk,Normaal,Droog,Dag,met lichtgewonden,3,Fiets,10,"één bestuurder, geen hindernis",Buiten Kruispunt,Gewestweg,buiten bebouwde kom,"Eén bestuurder, geen hindernis (incl. val)",Geen hindernis
35736,25,Bree,Bree,51.13679500160176,5.597669323604317,0.14702990833670082,51.138116620732276,5.597735524529992,2022,10,15,72004,Bree,Normaal,Droog,Dag,met lichtgewonden,3,Fiets,10,"één bestuurder, geen hindernis",Op Kruispunt,Gemeenteweg,binnen bebouwde kom,"Eén bestuurder, geen hindernis (incl. val)",Geen hindernis
35737,139,Houthalen-Helchteren,Houthalen-Helchteren,51.0644267,5.3819796,1.6246298968456254,51.04982174777809,5.381330614295446,2022,9,8,72039,Houthalen-Helchteren,Normaal,Droog,Dag,met lichtgewonden,3,Fiets,10,"één bestuurder, geen hindernis",Buiten Kruispunt,Gewestweg,buiten bebouwde kom,"Eén bestuurder, geen hindernis (incl. val)",Geen hindernis
35738,23,Tienen 3,Tienen,50.81324,4.93447,1.3708739014463198,50.801677684072175,4.927699305198289,2022,10,9,24107,Tienen,Onbekend,"Nat, plassen",Dag,met lichtgewonden,3,Fiets,9,personenauto,Buiten Kruispunt,Gemeenteweg,binnen bebouwde kom,Tss. 2 best.: langs opzij (voor-/achterkant-flank),Geen hindernis
35738,24,Tienen 1,Tienen,50.8133795491886,4.935044252605416,1.3998064639703214,50.801677684072175,4.927699305198289,2022,10,9,24107,Tienen,Onbekend,"Nat, plassen",Dag,met lichtgewonden,3,Fiets,9,personenauto,Buiten Kruispunt,Gemeenteweg,binnen bebouwde kom,Tss. 2 best.: langs opzij (voor-/achterkant-flank),Geen hindernis
35738,22,Tienen 2,Tienen,50.81330800184882,4.935984252796022,1.4182242544480823,50.801677684072175,4.927699305198289,2022,10,9,24107,Tienen,Onbekend,"Nat, plassen",Dag,met lichtgewonden,3,Fiets,9,personenauto,Buiten Kruispunt,Gemeenteweg,binnen bebouwde kom,Tss. 2 best.: langs opzij (voor-/achterkant-flank),Geen hindernis
35772,2,Brasschaat 2,Brasschaat,51.27512,4.47169,1.5155904083668623,51.26247884213709,4.463543580778712,2022,11,16,11002,Antwerpen,Normaal,"Nat, plassen",Dageraad - schemering,met lichtgewonden,3,Fiets,9,personenauto,Buiten Kruispunt,Gewestweg,buiten bebouwde kom,Tussen 2 bestuurders: Langs achteren,Geen hindernis
35772,3,Brasschaat 1,Brasschaat,51.27503,4.47222,1.5205710811154172,51.26247884213709,4.463543580778712,2022,11,16,11002,Antwerpen,Normaal,"Nat, plassen",Dageraad - schemering,met lichtgewonden,3,Fiets,9,personenauto,Buiten Kruispunt,Gewestweg,buiten bebouwde kom,Tussen 2 bestuurders: Langs achteren,Geen hindernis
35801,2,Brasschaat 2,Brasschaat,51.27512,4.47169,1.5155904083668623,51.26247884213709,4.463543580778712,2022,11,15,11002,Antwerpen,Normaal,Droog,Dag,met lichtgewonden,9,personenauto,3,Fiets,Buiten Kruispunt,Gewestweg,binnen bebouwde kom,Tss. 2 best.: langs opzij (voor-/achterkant-flank),Geen hindernis
35801,3,Brasschaat 1,Brasschaat,51.27503,4.47222,1.5205710811154172,51.26247884213709,4.463543580778712,2022,11,15,11002,Antwerpen,Normaal,Droog,Dag,met lichtgewonden,9,personenauto,3,Fiets,Buiten Kruispunt,Gewestweg,binnen bebouwde kom,Tss. 2 best.: langs opzij (voor-/achterkant-flank),Geen hindernis
35828,2,Brasschaat 2,Brasschaat,51.27512,4.47169,1.9315941552356677,51.265641762290294,4.4484219234916536,2022,11,13,11002,Antwerpen,Normaal,Droog,Dag,met lichtgewonden,3,Fiets,3,Fiets,Buiten Kruispunt,Gemeenteweg,buiten bebouwde kom,Tussen 2 bestuurders: Flank tegen flank,Geen hindernis
35828,3,Brasschaat 1,Brasschaat,51.27503,4.47222,1.9572419462508113,51.265641762290294,4.4484219234916536,2022,11,13,11002,Antwerpen,Normaal,Droog,Dag,met lichtgewonden,3,Fiets,3,Fiets,Buiten Kruispunt,Gemeenteweg,buiten bebouwde kom,Tussen 2 bestuurders: Flank tegen flank,Geen hindernis
35865,1,Machelen,Machelen,50.91618331151478,4.456121776137429,1.9650669658092195,50.92797167983437,4.435235852227884,2022,11,16,23088,Vilvoorde,Normaal,Droog,Dag,met lichtgewonden,9,personenauto,3,Fiets,Op Kruispunt,Gemeenteweg,binnen bebouwde kom,Tussen 2 bestuurders: Flank tegen flank,Geen hindernis
35865,47,Vilvoorde,Vilvoorde,50.91372,4.41497,2.1282219406928093,50.92797167983437,4.435235852227884,2022,11,16,23088,Vilvoorde,Normaal,Droog,Dag,met lichtgewonden,9,personenauto,3,Fiets,Op Kruispunt,Gemeenteweg,binnen bebouwde kom,Tussen 2 bestuurders: Flank tegen flank,Geen hindernis
35872,3,Brasschaat 1,Brasschaat,51.27503,4.47222,1.3086865700340282,51.28459150288665,4.4831909378946815,2022,11,8,11008,Brasschaat,Normaal,"Nat, plassen",Dag,met lichtgewonden,7,Motorfiets,3,Fiets,Op Kruispunt,Gewestweg,binnen bebouwde kom,Tussen 2 bestuurders: Frontale botsing,Geen hindernis
35872,2,Brasschaat 2,Brasschaat,51.27512,4.47169,1.322534833399205,51.28459150288665,4.4831909378946815,2022,11,8,11008,Brasschaat,Normaal,"Nat, plassen",Dag,met lichtgewonden,7,Motorfiets,3,Fiets,Op Kruispunt,Gewestweg,binnen bebouwde kom,Tussen 2 bestuurders: Frontale botsing,Geen hindernis
35873,2,Brasschaat 2,Brasschaat,51.27512,4.47169,1.21434991461131,51.26558677618078,4.463174553397746,2022,11,16,11040,Schoten,Normaal,Droog,Dag,met lichtgewonden,3,Fiets,9,personenauto,Buiten Kruispunt,Gewestweg,buiten bebouwde kom,Tussen 2 bestuurders: Flank tegen flank,Geen hindernis
35873,3,Brasschaat 1,Brasschaat,51.27503,4.47222,1.2241630246997441,51.26558677618078,4.463174553397746,2022,11,16,11040,Schoten,Normaal,Droog,Dag,met lichtgewonden,3,Fiets,9,personenauto,Buiten Kruispunt,Gewestweg,buiten bebouwde kom,Tussen 2 bestuurders: Flank tegen flank,Geen hindernis
35884,94,Herentals teller 2,Herentals,51.17345,4.81283,0.40774358705353986,51.17479007847761,4.818274225118173,2022,9,17,13011,Herentals,Onbekend,Onbekend,Onbekend,met lichtgewonden,3,Fiets,9,personenauto,Op Kruispunt,Gewestweg,onbekend,Tss. 2 best.: langs opzij (voor-/achterkant-flank),Geen hindernis
35884,110,Herentals totem,Herentals,51.1739426,4.811783,0.46223652932881687,51.17479007847761,4.818274225118173,2022,9,17,13011,Herentals,Onbekend,Onbekend,Onbekend,met lichtgewonden,3,Fiets,9,personenauto,Op Kruispunt,Gewestweg,onbekend,Tss. 2 best.: langs opzij (voor-/achterkant-flank),Geen hindernis
35896,91,Brecht teller 2,Brecht,51.35739,4.62422,1.399539416277795,51.346488435839674,4.634292546417769,2022,11,12,11009,Brecht,Normaal,Droog,Dag,met lichtgewonden,9,personenauto,3,Fiets,Op Kruispunt,Gewestweg,binnen bebouwde kom,Tussen 2 bestuurders: Flank tegen flank,Geen hindernis
35896,90,Brecht teller 1,Brecht,51.35752,4.6243,1.4093340072212743,51.346488435839674,4.634292546417769,2022,11,12,11009,Brecht,Normaal,Droog,Dag,met lichtgewonden,9,personenauto,3,Fiets,Op Kruispunt,Gewestweg,binnen bebouwde kom,Tussen 2 bestuurders: Flank tegen flank,Geen hindernis
35909,96,Lier teller 2,Lier,51.11705,4.58444,1.131602623846377,51.12494419219119,4.574207913998441,2022,11,8,12021,Lier,Normaal,Onbekend,Dag,met lichtgewonden,3,Fiets,9,personenauto,Buiten Kruispunt,Gewestweg,binnen bebouwde kom,Tss. 2 best.: langs opzij (voor-/achterkant-flank),Geen hindernis
35909,95,Lier teller 1,Lier,51.11687,4.58437,1.1441639331379803,51.12494419219119,4.574207913998441,2022,11,8,12021,Lier,Normaal,Onbekend,Dag,met lichtgewonden,3,Fiets,9,personenauto,Buiten Kruispunt,Gewestweg,binnen bebouwde kom,Tss. 2 best.: langs opzij (voor-/achterkant-flank),Geen hindernis
35910,96,Lier teller 2,Lier,51.11705,4.58444,0.07959145477939127,51.11741700258354,4.583461016788204,2022,11,8,12021,Lier,Regenval,"Nat, plassen",Dag,met zwaargewonden,9,personenauto,3,Fiets,Buiten Kruispunt,Gewestweg,buiten bebouwde kom,Tussen 2 bestuurders: Flank tegen flank,Geen hindernis
35910,95,Lier teller 1,Lier,51.11687,4.58437,0.08789266751123391,51.11741700258354,4.583461016788204,2022,11,8,12021,Lier,Regenval,"Nat, plassen",Dag,met zwaargewonden,9,personenauto,3,Fiets,Buiten Kruispunt,Gewestweg,buiten bebouwde kom,Tussen 2 bestuurders: Flank tegen flank,Geen hindernis
35912,96,Lier teller 2,Lier,51.11705,4.58444,2.4195849555629354,51.13786393054476,4.5945516545466605,2022,11,9,12021,Lier,Normaal,Droog,Dag,met lichtgewonden,9,personenauto,3,Fiets,Op Kruispunt,Gewestweg,binnen bebouwde kom,Tss. 2 best.: langs opzij (voor-/achterkant-flank),Geen hindernis
35912,95,Lier teller 1,Lier,51.11687,4.58437,2.440155277671733,51.13786393054476,4.5945516545466605,2022,11,9,12021,Lier,Normaal,Droog,Dag,met lichtgewonden,9,personenauto,3,Fiets,Op Kruispunt,Gewestweg,binnen bebouwde kom,Tss. 2 best.: langs opzij (voor-/achterkant-flank),Geen hindernis
35913,92,Nijlen teller 1,Nijlen,51.14989,4.64479,1.327427090617798,51.14073658903398,4.632574505757823,2022,11,14,12026,Nijlen,Normaal,Droog,Dag,dodelijk gewonden,9,personenauto,3,Fiets,Buiten Kruispunt,Gewestweg,binnen bebouwde kom,Tss. 2 best.: langs opzij (voor-/achterkant-flank),Geen hindernis
35913,93,Nijlen teller 2,Nijlen,51.14998,4.64469,1.3306739686703506,51.14073658903398,4.632574505757823,2022,11,14,12026,Nijlen,Normaal,Droog,Dag,dodelijk gewonden,9,personenauto,3,Fiets,Buiten Kruispunt,Gewestweg,binnen bebouwde kom,Tss. 2 best.: langs opzij (voor-/achterkant-flank),Geen hindernis
35914,9,Heist op den Berg 2,Heist-op-den-Berg,51.06904,4.69524,1.6642430492985574,51.06004952979011,4.71428028389709,2022,11,9,12014,Heist-op-den-Berg,Normaal,"Nat, plassen",Dag,met lichtgewonden,3,Fiets,9,personenauto,Op Kruispunt,Gewestweg,buiten bebouwde kom,Tss. 2 best.: langs opzij (voor-/achterkant-flank),Geen hindernis
35914,8,Heist op den Berg 1,Heist-op-den-Berg,51.06759,4.68823,2.004230804434979,51.06004952979011,4.71428028389709,2022,11,9,12014,Heist-op-den-Berg,Normaal,"Nat, plassen",Dag,met lichtgewonden,3,Fiets,9,personenauto,Op Kruispunt,Gewestweg,buiten bebouwde kom,Tss. 2 best.: langs opzij (voor-/achterkant-flank),Geen hindernis
35915,9,Heist op den Berg 2,Heist-op-den-Berg,51.06904,4.69524,1.5545050570410381,51.07685973536735,4.713683239843038,2022,11,16,12014,Heist-op-den-Berg,Onbekend,Droog,Dag,met lichtgewonden,99,onbekend,3,Fiets,Buiten Kruispunt,Gemeenteweg,binnen bebouwde kom,Tussen 2 bestuurders: Langs achteren,Geen hindernis
35915,8,Heist op den Berg 1,Heist-op-den-Berg,51.06759,4.68823,2.055493113495809,51.07685973536735,4.713683239843038,2022,11,16,12014,Heist-op-den-Berg,Onbekend,Droog,Dag,met lichtgewonden,99,onbekend,3,Fiets,Buiten Kruispunt,Gemeenteweg,binnen bebouwde kom,Tussen 2 bestuurders: Langs achteren,Geen hindernis
35936,88,Westerlo teller 1,Westerlo,51.082,4.91325,1.179548650159621,51.09113543268737,4.921833778519853,2022,11,1,13049,Westerlo,Regenval,"Nat, plassen","Nacht, openbare verlichting aanwezig en ontstoken",met lichtgewonden,3,Fiets,11,een weggebruiker tegen een hindernis,Buiten Kruispunt,Gewestweg,binnen bebouwde kom,Weggebruiker tegen hindernis op de rijbaan,"Op de rijbaan: Werken (signal., aarde, toestel,…)"
35936,89,Westerlo teller 2,Westerlo,51.08191,4.91334,1.185018660509379,51.09113543268737,4.921833778519853,2022,11,1,13049,Westerlo,Regenval,"Nat, plassen","Nacht, openbare verlichting aanwezig en ontstoken",met lichtgewonden,3,Fiets,11,een weggebruiker tegen een hindernis,Buiten Kruispunt,Gewestweg,binnen bebouwde kom,Weggebruiker tegen hindernis op de rijbaan,"Op de rijbaan: Werken (signal., aarde, toestel,…)"
35943,98,Geel teller 2,Geel,51.1481,4.99643,0.9354582620530553,51.14845247801331,4.983030835635399,2022,11,15,13008,Geel,Normaal,Droog,Dag,met lichtgewonden,9,personenauto,3,Fiets,Op Kruispunt,Gewestweg,buiten bebouwde kom,Tss. 2 best.: langs opzij (voor-/achterkant-flank),Geen hindernis
35943,97,Geel teller 1,Geel,51.14813,4.99698,0.9736613783843124,51.14845247801331,4.983030835635399,2022,11,15,13008,Geel,Normaal,Droog,Dag,met lichtgewonden,9,personenauto,3,Fiets,Op Kruispunt,Gewestweg,buiten bebouwde kom,Tss. 2 best.: langs opzij (voor-/achterkant-flank),Geen hindernis
35945,98,Geel teller 2,Geel,51.1481,4.99643,1.5829330811475615,51.16190288998515,4.990876215236865,2022,11,22,13008,Geel,"Andere (dikke rook,...)","Nat, plassen","Nacht, openbare verlichting aanwezig en ontstoken",met lichtgewonden,3,Fiets,3,Fiets,Buiten Kruispunt,Gemeenteweg,binnen bebouwde kom,Tussen 2 bestuurders: Flank tegen flank,Geen hindernis