crash_row_id,site_id,site_name,site_gemeente,site_lat,site_long,distance_km,crash_lat,crash_long,DT_YEAR_COLLISION,DT_MONTH_COLLISION,DT_TIME,CD_NIS,TX_MUNTY_COLLISION_NL,TX_WEATHER_NL,TX_ROAD_CONDITION_NL,TX_LIGHT_CONDITION_NL,TX_CLASS_ACCIDENTS_NL,CD_ROAD_USR_TYPE1,TX_ROAD_USR_TYPE1_NL,CD_ROAD_USR_TYPE2,TX_ROAD_USR_TYPE2_NL,TX_CROSSWAY_NL,CD_ROAD_TYPE_NL,TX_BUILD_UP_AREA_NL,TX_COLLISION_TYPE_NL,TX_OBSTACLES_NL
35945,97,Geel teller 1,Geel,51.14813,4.99698,1.589539372702687,51.16190288998515,4.990876215236865,2022,11,22,13008,Geel,"Andere (dikke rook,...)","Nat, plassen","Nacht, openbare verlichting aanwezig en ontstoken",met lichtgewonden,3,Fiets,3,Fiets,Buiten Kruispunt,Gemeenteweg,binnen bebouwde kom,Tussen 2 bestuurders: Flank tegen flank,Geen hindernis
35946,98,Geel teller 2,Geel,51.1481,4.99643,1.770490475325841,51.159184816442256,4.978206800431354,2022,11,10,13008,Geel,Normaal,Droog,Dag,met lichtgewonden,9,personenauto,3,Fiets,Op Kruispunt,Gemeenteweg,buiten bebouwde kom,Tss. 2 best.: langs opzij (voor-/achterkant-flank),Geen hindernis
35946,97,Geel teller 1,Geel,51.14813,4.99698,1.7959410039052712,51.159184816442256,4.978206800431354,2022,11,10,13008,Geel,Normaal,Droog,Dag,met lichtgewonden,9,personenauto,3,Fiets,Op Kruispunt,Gemeenteweg,buiten bebouwde kom,Tss. 2 best.: langs opzij (voor-/achterkant-flank),Geen hindernis
35954,94,Herentals teller 2,Herentals,51.17345,4.81283,2.0734110375294863,51.17768227921327,4.8417962322132535,2022,11,8,13011,Herentals,Normaal,Droog,Dag,met lichtgewonden,9,personenauto,3,Fiets,Buiten Kruispunt,Gemeenteweg,binnen bebouwde kom,Tss. 2 best.: langs opzij (voor-/achterkant-flank),Geen hindernis
35954,110,Herentals totem,Herentals,51.1739426,4.811783,2.133197294329765,51.17768227921327,4.8417962322132535,2022,11,8,13011,Herentals,Normaal,Droog,Dag,met lichtgewonden,9,personenauto,3,Fiets,Buiten Kruispunt,Gemeenteweg,binnen bebouwde kom,Tss. 2 best.: langs opzij (voor-/achterkant-flank),Geen hindernis
35955,94,Herentals teller 2,Herentals,51.17345,4.81283,1.3599077860851831,51.162682066603196,4.822077520679898,2022,11,12,13011,Herentals,Normaal,Droog,Dag,met lichtgewonden,9,personenauto,3,Fiets,Op Kruispunt,Gemeenteweg,buiten bebouwde kom,Tss. 2 best.: langs opzij (voor-/achterkant-flank),Geen hindernis
35955,110,Herentals totem,Herentals,51.1739426,4.811783,1.4432524106686355,51.162682066603196,4.822077520679898,2022,11,12,13011,Herentals,Normaal,Droog,Dag,met lichtgewonden,9,personenauto,3,Fiets,Op Kruispunt,Gemeenteweg,buiten bebouwde kom,Tss. 2 best.: langs opzij (voor-/achterkant-flank),Geen hindernis
35957,94,Herentals teller 2,Herentals,51.17345,4.81283,2.3505361759347836,51.187301888939636,4.838302577141954,2022,11,17,13011,Herentals,Normaal,Droog,Dag,met lichtgewonden,3,Fiets,9,personenauto,Op Kruispunt,Gewestweg,buiten bebouwde kom,Tussen 2 bestuurders: Frontale botsing,Geen hindernis
35957,110,Herentals totem,Herentals,51.1739426,4.811783,2.37144269373168,51.187301888939636,4.838302577141954,2022,11,17,13011,Herentals,Normaal,Droog,Dag,met lichtgewonden,3,Fiets,9,personenauto,Op Kruispunt,Gewestweg,buiten bebouwde kom,Tussen 2 bestuurders: Frontale botsing,Geen hindernis
35959,94,Herentals teller 2,Herentals,51.17345,4.81283,2.0593410043922495,51.18423536645762,4.83684621356555,2022,11,7,13011,Herentals,Normaal,Droog,Dag,met lichtgewonden,9,personenauto,3,Fiets,Op Kruispunt,Gewestweg,buiten bebouwde kom,Tussen 2 bestuurders: Flank tegen flank,Geen hindernis
35959,110,Herentals totem,Herentals,51.1739426,4.811783,2.088579157360808,51.18423536645762,4.83684621356555,2022,11,7,13011,Herentals,Normaal,Droog,Dag,met lichtgewonden,9,personenauto,3,Fiets,Op Kruispunt,Gewestweg,buiten bebouwde kom,Tussen 2 bestuurders: Flank tegen flank,Geen hindernis
35960,94,Herentals teller 2,Herentals,51.17345,4.81283,2.297057514148493,51.17022831630037,4.8453748192369765,2022,11,15,13011,Herentals,Regenval,"Nat, plassen",Dag,met lichtgewonden,3,Fiets,3,Fiets,Buiten Kruispunt,Gemeenteweg,buiten bebouwde kom,Tussen 2 bestuurders: Frontale botsing,Geen hindernis
35960,110,Herentals totem,Herentals,51.1739426,4.811783,2.3780726066357483,51.17022831630037,4.8453748192369765,2022,11,15,13011,Herentals,Regenval,"Nat, plassen",Dag,met lichtgewonden,3,Fiets,3,Fiets,Buiten Kruispunt,Gemeenteweg,buiten bebouwde kom,Tussen 2 bestuurders: Frontale botsing,Geen hindernis
35961,94,Herentals teller 2,Herentals,51.17345,4.81283,1.6770172747192391,51.175722704036865,4.836611114703,2022,11,1,13011,Herentals,Normaal,Droog,"Nacht, openbare verlichting aanwezig en ontstoken",met lichtgewonden,3,Fiets,9,personenauto,Op Kruispunt,Gewestweg,binnen bebouwde kom,Tss. 2 best.: langs opzij (voor-/achterkant-flank),Geen hindernis
35961,110,Herentals totem,Herentals,51.1739426,4.811783,1.7421291817321054,51.175722704036865,4.836611114703,2022,11,1,13011,Herentals,Normaal,Droog,"Nacht, openbare verlichting aanwezig en ontstoken",met lichtgewonden,3,Fiets,9,personenauto,Op Kruispunt,Gewestweg,binnen bebouwde kom,Tss. 2 best.: langs opzij (voor-/achterkant-flank),Geen hindernis
35962,38,Lommel teller 2,Lommel,51.23277,5.29189,1.6522080205526277,51.23972345366832,5.270917291226833,2022,11,8,72020,Lommel,Normaal,"Nat, plassen",Dag,met lichtgewonden,3,Fiets,3,Fiets,Buiten Kruispunt,Gemeenteweg,buiten bebouwde kom,Tussen 2 bestuurders: Frontale botsing,Geen hindernis
35962,37,Lommel teller 1,Lommel,51.23299,5.29211,1.6545431671583584,51.23972345366832,5.270917291226833,2022,11,8,72020,Lommel,Normaal,"Nat, plassen",Dag,met lichtgewonden,3,Fiets,3,Fiets,Buiten Kruispunt,Gemeenteweg,buiten bebouwde kom,Tussen 2 bestuurders: Frontale botsing,Geen hindernis
35963,45,Pelt teller 1,Pelt,51.23127,5.44377,0.47299610328972475,51.234650305924646,5.4478939634388635,2022,11,18,72043,Pelt,Onbekend,Droog,"Nacht, openbare verlichting aanwezig en ontstoken",met lichtgewonden,3,Fiets,9,personenauto,Op Kruispunt,Gewestweg,buiten bebouwde kom,Tss. 2 best.: langs opzij (voor-/achterkant-flank),Geen hindernis
35963,46,Pelt teller 2,Pelt,51.231,5.44375,0.4979941270134725,51.234650305924646,5.4478939634388635,2022,11,18,72043,Pelt,Onbekend,Droog,"Nacht, openbare verlichting aanwezig en ontstoken",met lichtgewonden,3,Fiets,9,personenauto,Op Kruispunt,Gewestweg,buiten bebouwde kom,Tss. 2 best.: langs opzij (voor-/achterkant-flank),Geen hindernis
35964,46,Pelt teller 2,Pelt,51.231,5.44375,2.0834159370289154,51.21300730724647,5.43540391019616,2022,11,21,72043,Pelt,Normaal,Droog,"Nacht, openbare verlichting aanwezig en ontstoken",met lichtgewonden,9,personenauto,3,Fiets,Op Kruispunt,Gemeenteweg,buiten bebouwde kom,Tss. 2 best.: langs opzij (voor-/achterkant-flank),Geen hindernis
35964,45,Pelt teller 1,Pelt,51.23127,5.44377,2.1126463814808703,51.21300730724647,5.43540391019616,2022,11,21,72043,Pelt,Normaal,Droog,"Nacht, openbare verlichting aanwezig en ontstoken",met lichtgewonden,9,personenauto,3,Fiets,Op Kruispunt,Gemeenteweg,buiten bebouwde kom,Tss. 2 best.: langs opzij (voor-/achterkant-flank),Geen hindernis
35968,46,Pelt teller 2,Pelt,51.231,5.44375,1.9574465981951137,51.22917494697115,5.471710769356068,2022,11,18,72043,Pelt,Normaal,Droog,"Nacht, openbare verlichting aanwezig en ontstoken",met lichtgewonden,3,Fiets,10,"één bestuurder, geen hindernis",Buiten Kruispunt,Gemeenteweg,buiten bebouwde kom,"Eén bestuurder, geen hindernis (incl. val)",Geen hindernis
35968,45,Pelt teller 1,Pelt,51.23127,5.44377,1.9593981685560007,51.22917494697115,5.471710769356068,2022,11,18,72043,Pelt,Normaal,Droog,"Nacht, openbare verlichting aanwezig en ontstoken",met lichtgewonden,3,Fiets,10,"één bestuurder, geen hindernis",Buiten Kruispunt,Gemeenteweg,buiten bebouwde kom,"Eén bestuurder, geen hindernis (incl. val)",Geen hindernis
35983,43,Maaseik teller 1,Maaseik,51.09344,5.79715,2.060523520403109,51.0897747959676,5.76822895295574,2022,11,8,72021,Maaseik,Normaal,Droog,Dag,met lichtgewonden,9,personenauto,3,Fiets,Op Kruispunt,Gewestweg,buiten bebouwde kom,Tss. 2 best.: langs opzij (voor-/achterkant-flank),Geen hindernis
35983,44,Maaseik teller 2,Maaseik,51.09359,5.79726,2.071402905888588,51.0897747959676,5.76822895295574,2022,11,8,72021,Maaseik,Normaal,Droog,Dag,met lichtgewonden,9,personenauto,3,Fiets,Op Kruispunt,Gewestweg,buiten bebouwde kom,Tss. 2 best.: langs opzij (voor-/achterkant-flank),Geen hindernis
35985,77,Leuven teller 2,Leuven,50.88672,4.70796,1.0553353197230015,50.87837385891586,4.700797887290864,2022,11,12,24062,Leuven,Normaal,Droog,Dag,met lichtgewonden,3,Fiets,3,Fiets,Buiten Kruispunt,Gemeenteweg,binnen bebouwde kom,Tussen 2 bestuurders: Frontale botsing,Geen hindernis
35985,69,Leuven teller 1,Leuven,50.87549,4.71526,1.0641649481833175,50.87837385891586,4.700797887290864,2022,11,12,24062,Leuven,Normaal,Droog,Dag,met lichtgewonden,3,Fiets,3,Fiets,Buiten Kruispunt,Gemeenteweg,binnen bebouwde kom,Tussen 2 bestuurders: Frontale botsing,Geen hindernis
35985,107,leuven totem,Leuven,50.8870744,4.7087919,1.1182490416425055,50.87837385891586,4.700797887290864,2022,11,12,24062,Leuven,Normaal,Droog,Dag,met lichtgewonden,3,Fiets,3,Fiets,Buiten Kruispunt,Gemeenteweg,binnen bebouwde kom,Tussen 2 bestuurders: Frontale botsing,Geen hindernis
35985,151,Leuven,District Leuven,50.8690262,4.6854839,1.4949999277920216,50.87837385891586,4.700797887290864,2022,11,12,24062,Leuven,Normaal,Droog,Dag,met lichtgewonden,3,Fiets,3,Fiets,Buiten Kruispunt,Gemeenteweg,binnen bebouwde kom,Tussen 2 bestuurders: Frontale botsing,Geen hindernis
35986,151,Leuven,District Leuven,50.8690262,4.6854839,0.7666090185579625,50.87148825620917,4.675279667324461,2022,11,1,24062,Leuven,Normaal,Droog,"Nacht, openbare verlichting aanwezig en ontstoken",met lichtgewonden,3,Fiets,10,"één bestuurder, geen hindernis",Buiten Kruispunt,Gemeenteweg,binnen bebouwde kom,"Eén bestuurder, geen hindernis (incl. val)",Geen hindernis
35987,69,Leuven teller 1,Leuven,50.87549,4.71526,0.6432573140591027,50.877304931979566,4.706554903099329,2022,11,11,24062,Leuven,Normaal,"Nat, plassen",Dag,met lichtgewonden,3,Fiets,3,Fiets,Buiten Kruispunt,Gemeenteweg,binnen bebouwde kom,Tss. 2 best.: langs opzij (voor-/achterkant-flank),Geen hindernis
35987,77,Leuven teller 2,Leuven,50.88672,4.70796,1.051538346418669,50.877304931979566,4.706554903099329,2022,11,11,24062,Leuven,Normaal,"Nat, plassen",Dag,met lichtgewonden,3,Fiets,3,Fiets,Buiten Kruispunt,Gemeenteweg,binnen bebouwde kom,Tss. 2 best.: langs opzij (voor-/achterkant-flank),Geen hindernis
35987,107,leuven totem,Leuven,50.8870744,4.7087919,1.097592727978301,50.877304931979566,4.706554903099329,2022,11,11,24062,Leuven,Normaal,"Nat, plassen",Dag,met lichtgewonden,3,Fiets,3,Fiets,Buiten Kruispunt,Gemeenteweg,binnen bebouwde kom,Tss. 2 best.: langs opzij (voor-/achterkant-flank),Geen hindernis
35987,151,Leuven,District Leuven,50.8690262,4.6854839,1.7416751426655388,50.877304931979566,4.706554903099329,2022,11,11,24062,Leuven,Normaal,"Nat, plassen",Dag,met lichtgewonden,3,Fiets,3,Fiets,Buiten Kruispunt,Gemeenteweg,binnen bebouwde kom,Tss. 2 best.: langs opzij (voor-/achterkant-flank),Geen hindernis
35988,73,Herent teller 2,Herent,50.89128,4.64685,1.5401714025448312,50.884402222574,4.665908467538866,2022,11,21,24038,Herent,Regenval,Onbekend,Onbekend,met lichtgewonden,3,Fiets,5,Lichte vrachtauto,Buiten Kruispunt,Gemeenteweg,binnen bebouwde kom,Tussen 2 bestuurders: Langs achteren,Geen hindernis
35988,72,Herent teller 1,Herent,50.89135,4.64689,1.5416215548522998,50.884402222574,4.665908467538866,2022,11,21,24038,Herent,Regenval,Onbekend,Onbekend,met lichtgewonden,3,Fiets,5,Lichte vrachtauto,Buiten Kruispunt,Gemeenteweg,binnen bebouwde kom,Tussen 2 bestuurders: Langs achteren,Geen hindernis
35988,151,Leuven,District Leuven,50.8690262,4.6854839,2.1930845095543865,50.884402222574,4.665908467538866,2022,11,21,24038,Herent,Regenval,Onbekend,Onbekend,met lichtgewonden,3,Fiets,5,Lichte vrachtauto,Buiten Kruispunt,Gemeenteweg,binnen bebouwde kom,Tussen 2 bestuurders: Langs achteren,Geen hindernis
35989,151,Leuven,District Leuven,50.8690262,4.6854839,0.35855232794059605,50.86963746271882,4.690500721135854,2022,11,18,24062,Leuven,Normaal,Onbekend,"Nacht, openbare verlichting aanwezig en ontstoken",met lichtgewonden,3,Fiets,3,Fiets,Buiten Kruispunt,Gewestweg,binnen bebouwde kom,Tussen 2 bestuurders: Flank tegen flank,Geen hindernis
35989,69,Leuven teller 1,Leuven,50.87549,4.71526,1.8552240511836617,50.86963746271882,4.690500721135854,2022,11,18,24062,Leuven,Normaal,Onbekend,"Nacht, openbare verlichting aanwezig en ontstoken",met lichtgewonden,3,Fiets,3,Fiets,Buiten Kruispunt,Gewestweg,binnen bebouwde kom,Tussen 2 bestuurders: Flank tegen flank,Geen hindernis
35989,77,Leuven teller 2,Leuven,50.88672,4.70796,2.2602185329487807,50.86963746271882,4.690500721135854,2022,11,18,24062,Leuven,Normaal,Onbekend,"Nacht, openbare verlichting aanwezig en ontstoken",met lichtgewonden,3,Fiets,3,Fiets,Buiten Kruispunt,Gewestweg,binnen bebouwde kom,Tussen 2 bestuurders: Flank tegen flank,Geen hindernis
35989,107,leuven totem,Leuven,50.8870744,4.7087919,2.3251315804918735,50.86963746271882,4.690500721135854,2022,11,18,24062,Leuven,Normaal,Onbekend,"Nacht, openbare verlichting aanwezig en ontstoken",met lichtgewonden,3,Fiets,3,Fiets,Buiten Kruispunt,Gewestweg,binnen bebouwde kom,Tussen 2 bestuurders: Flank tegen flank,Geen hindernis
35990,69,Leuven teller 1,Leuven,50.87549,4.71526,1.0661364040451393,50.87557580355585,4.730454140300471,2022,11,18,24062,Leuven,Normaal,Droog+Proper,"Nacht, openbare verlichting aanwezig en ontstoken",met lichtgewonden,9,personenauto,3,Fiets,Op Kruispunt,Gemeenteweg,binnen bebouwde kom,Tss. 2 best.: langs opzij (voor-/achterkant-flank),Geen hindernis
35990,107,leuven totem,Leuven,50.8870744,4.7087919,1.9860472609011977,50.87557580355585,4.730454140300471,2022,11,18,24062,Leuven,Normaal,Droog+Proper,"Nacht, openbare verlichting aanwezig en ontstoken",met lichtgewonden,9,personenauto,3,Fiets,Op Kruispunt,Gemeenteweg,binnen bebouwde kom,Tss. 2 best.: langs opzij (voor-/achterkant-flank),Geen hindernis
35990,77,Leuven teller 2,Leuven,50.88672,4.70796,2.0064851260610723,50.87557580355585,4.730454140300471,2022,11,18,24062,Leuven,Normaal,Droog+Proper,"Nacht, openbare verlichting aanwezig en ontstoken",met lichtgewonden,9,personenauto,3,Fiets,Op Kruispunt,Gemeenteweg,binnen bebouwde kom,Tss. 2 best.: langs opzij (voor-/achterkant-flank),Geen hindernis
35991,107,leuven totem,Leuven,50.8870744,4.7087919,2.4873412097440797,50.904811549471574,4.730401615613489,2022,11,12,24062,Leuven,Regenval,"Nat, plassen+Vuil (zand, grint, bladeren,...)",Dag,met lichtgewonden,9,personenauto,3,Fiets,Buiten Kruispunt,Gemeenteweg,buiten bebouwde kom,Tussen 2 bestuurders: Frontale botsing,Geen hindernis
35992,77,Leuven teller 2,Leuven,50.88672,4.70796,0.7829327076765495,50.879767591544706,4.706194368299185,2022,11,4,24062,Leuven,Regenval,"Nat, plassen","Nacht, openbare verlichting aanwezig en ontstoken",met lichtgewonden,3,Fiets,3,Fiets,Buiten Kruispunt,Gemeenteweg,binnen bebouwde kom,Tussen 2 bestuurders: Flank tegen flank,Geen hindernis
35992,69,Leuven teller 1,Leuven,50.87549,4.71526,0.7942363275771458,50.879767591544706,4.706194368299185,2022,11,4,24062,Leuven,Regenval,"Nat, plassen","Nacht, openbare verlichting aanwezig en ontstoken",met lichtgewonden,3,Fiets,3,Fiets,Buiten Kruispunt,Gemeenteweg,binnen bebouwde kom,Tussen 2 bestuurders: Flank tegen flank,Geen hindernis
35992,107,leuven totem,Leuven,50.8870744,4.7087919,0.8326641220921347,50.879767591544706,4.706194368299185,2022,11,4,24062,Leuven,Regenval,"Nat, plassen","Nacht, openbare verlichting aanwezig en ontstoken",met lichtgewonden,3,Fiets,3,Fiets,Buiten Kruispunt,Gemeenteweg,binnen bebouwde kom,Tussen 2 bestuurders: Flank tegen flank,Geen hindernis
35992,151,Leuven,District Leuven,50.8690262,4.6854839,1.8810365983058925,50.879767591544706,4.706194368299185,2022,11,4,24062,Leuven,Regenval,"Nat, plassen","Nacht, openbare verlichting aanwezig en ontstoken",met lichtgewonden,3,Fiets,3,Fiets,Buiten Kruispunt,Gemeenteweg,binnen bebouwde kom,Tussen 2 bestuurders: Flank tegen flank,Geen hindernis
35993,69,Leuven teller 1,Leuven,50.87549,4.71526,1.0099941264588648,50.8820195877334,4.725266981705555,2022,11,15,24062,Leuven,Normaal,Droog,Dag,met lichtgewonden,9,personenauto,3,Fiets,Buiten Kruispunt,Gemeenteweg,binnen bebouwde kom,Tss. 2 best.: langs opzij (voor-/achterkant-flank),Geen hindernis
35993,107,leuven totem,Leuven,50.8870744,4.7087919,1.2851744820040847,50.8820195877334,4.725266981705555,2022,11,15,24062,Leuven,Normaal,Droog,Dag,met lichtgewonden,9,personenauto,3,Fiets,Buiten Kruispunt,Gemeenteweg,binnen bebouwde kom,Tss. 2 best.: langs opzij (voor-/achterkant-flank),Geen hindernis
35993,77,Leuven teller 2,Leuven,50.88672,4.70796,1.3218320258847214,50.8820195877334,4.725266981705555,2022,11,15,24062,Leuven,Normaal,Droog,Dag,met lichtgewonden,9,personenauto,3,Fiets,Buiten Kruispunt,Gemeenteweg,binnen bebouwde kom,Tss. 2 best.: langs opzij (voor-/achterkant-flank),Geen hindernis
35994,107,leuven totem,Leuven,50.8870744,4.7087919,0.0645927576653999,50.887382964083365,4.708011732434598,2022,11,14,24062,Leuven,Normaal,Droog,Dag,met lichtgewonden,3,Fiets,3,Fiets,Buiten Kruispunt,Gemeenteweg,binnen bebouwde kom,Tussen 2 bestuurders: Flank tegen flank,Geen hindernis
35994,77,Leuven teller 2,Leuven,50.88672,4.70796,0.07380750773530369,50.887382964083365,4.708011732434598,2022,11,14,24062,Leuven,Normaal,Droog,Dag,met lichtgewonden,3,Fiets,3,Fiets,Buiten Kruispunt,Gemeenteweg,binnen bebouwde kom,Tussen 2 bestuurders: Flank tegen flank,Geen hindernis
35994,69,Leuven teller 1,Leuven,50.87549,4.71526,1.416835026603484,50.887382964083365,4.708011732434598,2022,11,14,24062,Leuven,Normaal,Droog,Dag,met lichtgewonden,3,Fiets,3,Fiets,Buiten Kruispunt,Gemeenteweg,binnen bebouwde kom,Tussen 2 bestuurders: Flank tegen flank,Geen hindernis
35995,69,Leuven teller 1,Leuven,50.87549,4.71526,0.4527748044335251,50.87247889378177,4.719603861542396,2022,11,18,24062,Leuven,Regenval,"Nat, plassen","Nacht, openbare verlichting aanwezig en ontstoken",met lichtgewonden,3,Fiets,11,een weggebruiker tegen een hindernis,Buiten Kruispunt,Gewestweg,binnen bebouwde kom,Weggebruiker tegen hindernis buiten rijbaan,Buiten de rijbaan: Andere paal
35995,77,Leuven teller 2,Leuven,50.88672,4.70796,1.7818388697919678,50.87247889378177,4.719603861542396,2022,11,18,24062,Leuven,Regenval,"Nat, plassen","Nacht, openbare verlichting aanwezig en ontstoken",met lichtgewonden,3,Fiets,11,een weggebruiker tegen een hindernis,Buiten Kruispunt,Gewestweg,binnen bebouwde kom,Weggebruiker tegen hindernis buiten rijbaan,Buiten de rijbaan: Andere paal
35995,107,leuven totem,Leuven,50.8870744,4.7087919,1.7914665890021462,50.87247889378177,4.719603861542396,2022,11,18,24062,Leuven,Regenval,"Nat, plassen","Nacht, openbare verlichting aanwezig en ontstoken",met lichtgewonden,3,Fiets,11,een weggebruiker tegen een hindernis,Buiten Kruispunt,Gewestweg,binnen bebouwde kom,Weggebruiker tegen hindernis buiten rijbaan,Buiten de rijbaan: Andere paal
35995,151,Leuven,District Leuven,50.8690262,4.6854839,2.4248512972051817,50.87247889378177,4.719603861542396,2022,11,18,24062,Leuven,Regenval,"Nat, plassen","Nacht, openbare verlichting aanwezig en ontstoken",met lichtgewonden,3,Fiets,11,een weggebruiker tegen een hindernis,Buiten Kruispunt,Gewestweg,binnen bebouwde kom,Weggebruiker tegen hindernis buiten rijbaan,Buiten de rijbaan: Andere paal
35996,107,leuven totem,Leuven,50.8870744,4.7087919,1.2550783799756495,50.89719960671648,4.716699656529334,2022,11,8,24062,Leuven,Normaal,Droog,Dag,met lichtgewonden,9,personenauto,3,Fiets,Buiten Kruispunt,Gemeenteweg,binnen bebouwde kom,Tussen 2 bestuurders: Flank tegen flank,Geen hindernis
35996,77,Leuven teller 2,Leuven,50.88672,4.70796,1.3166793086103732,50.89719960671648,4.716699656529334,2022,11,8,24062,Leuven,Normaal,Droog,Dag,met lichtgewonden,9,personenauto,3,Fiets,Buiten Kruispunt,Gemeenteweg,binnen bebouwde kom,Tussen 2 bestuurders: Flank tegen flank,Geen hindernis
35996,69,Leuven teller 1,Leuven,50.87549,4.71526,2.416109659370342,50.89719960671648,4.716699656529334,2022,11,8,24062,Leuven,Normaal,Droog,Dag,met lichtgewonden,9,personenauto,3,Fiets,Buiten Kruispunt,Gemeenteweg,binnen bebouwde kom,Tussen 2 bestuurders: Flank tegen flank,Geen hindernis
35997,107,leuven totem,Leuven,50.8870744,4.7087919,1.1124602084625768,50.89695076332945,4.70626064632662,2022,11,2,24062,Leuven,Regenval,"Nat, plassen","Nacht, openbare verlichting aanwezig en ontstoken",met lichtgewonden,3,Fiets,10,"één bestuurder, geen hindernis",Buiten Kruispunt,Gemeenteweg,binnen bebouwde kom,"Eén bestuurder, geen hindernis (incl. val)",Geen hindernis
35997,77,Leuven teller 2,Leuven,50.88672,4.70796,1.1438361674351767,50.89695076332945,4.70626064632662,2022,11,2,24062,Leuven,Regenval,"Nat, plassen","Nacht, openbare verlichting aanwezig en ontstoken",met lichtgewonden,3,Fiets,10,"één bestuurder, geen hindernis",Buiten Kruispunt,Gemeenteweg,binnen bebouwde kom,"Eén bestuurder, geen hindernis (incl. val)",Geen hindernis
35997,69,Leuven teller 1,Leuven,50.87549,4.71526,2.468418954690009,50.89695076332945,4.70626064632662,2022,11,2,24062,Leuven,Regenval,"Nat, plassen","Nacht, openbare verlichting aanwezig en ontstoken",met lichtgewonden,3,Fiets,10,"één bestuurder, geen hindernis",Buiten Kruispunt,Gemeenteweg,binnen bebouwde kom,"Eén bestuurder, geen hindernis (incl. val)",Geen hindernis
35999,151,Leuven,District Leuven,50.8690262,4.6854839,0.5301266771953244,50.86963523805436,4.692976451046812,2022,11,12,24062,Leuven,Normaal,Droog,Dag,met lichtgewonden,3,Fiets,8,Voetganger,Buiten Kruispunt,Gewestweg,binnen bebouwde kom,Met een voetganger,Geen hindernis
35999,69,Leuven teller 1,Leuven,50.87549,4.71526,1.6937340659909028,50.86963523805436,4.692976451046812,2022,11,12,24062,Leuven,Normaal,Droog,Dag,met lichtgewonden,3,Fiets,8,Voetganger,Buiten Kruispunt,Gewestweg,binnen bebouwde kom,Met een voetganger,Geen hindernis
35999,77,Leuven teller 2,Leuven,50.88672,4.70796,2.1712095564212692,50.86963523805436,4.692976451046812,2022,11,12,24062,Leuven,Normaal,Droog,Dag,met lichtgewonden,3,Fiets,8,Voetganger,Buiten Kruispunt,Gewestweg,binnen bebouwde kom,Met een voetganger,Geen hindernis
35999,107,leuven totem,Leuven,50.8870744,4.7087919,2.234176834238653,50.86963523805436,4.692976451046812,2022,11,12,24062,Leuven,Normaal,Droog,Dag,met lichtgewonden,3,Fiets,8,Voetganger,Buiten Kruispunt,Gewestweg,binnen bebouwde kom,Met een voetganger,Geen hindernis
36000,69,Leuven teller 1,Leuven,50.87549,4.71526,0.03467939881977,50.875263781650766,4.7156002407591,2022,11,15,24062,Leuven,Normaal,Droog,Dag,met lichtgewonden,8,Voetganger,3,Fiets,Buiten Kruispunt,Gewestweg,binnen bebouwde kom,Met een voetganger,Geen hindernis
36000,77,Leuven teller 2,Leuven,50.88672,4.70796,1.38205043000526,50.875263781650766,4.7156002407591,2022,11,15,24062,Leuven,Normaal,Droog,Dag,met lichtgewonden,8,Voetganger,3,Fiets,Buiten Kruispunt,Gewestweg,binnen bebouwde kom,Met een voetganger,Geen hindernis
36000,107,leuven totem,Leuven,50.8870744,4.7087919,1.3974456051021267,50.875263781650766,4.7156002407591,2022,11,15,24062,Leuven,Normaal,Droog,Dag,met lichtgewonden,8,Voetganger,3,Fiets,Buiten Kruispunt,Gewestweg,binnen bebouwde kom,Met een voetganger,Geen hindernis
36000,151,Leuven,District Leuven,50.8690262,4.6854839,2.2241702079870636,50.875263781650766,4.7156002407591,2022,11,15,24062,Leuven,Normaal,Droog,Dag,met lichtgewonden,8,Voetganger,3,Fiets,Buiten Kruispunt,Gewestweg,binnen bebouwde kom,Met een voetganger,Geen hindernis
36001,77,Leuven teller 2,Leuven,50.88672,4.70796,0.9902912295318546,50.87890149972495,4.701200663362051,2022,11,13,24062,Leuven,Onbekend,Droog,Dag,met lichtgewonden,1,Autobus,3,Fiets,Op Kruispunt,Gemeenteweg,binnen bebouwde kom,Tss. 2 best.: langs opzij (voor-/achterkant-flank),Geen hindernis
36001,107,leuven totem,Leuven,50.8870744,4.7087919,1.0533291288390467,50.87890149972495,4.701200663362051,2022,11,13,24062,Leuven,Onbekend,Droog,Dag,met lichtgewonden,1,Autobus,3,Fiets,Op Kruispunt,Gemeenteweg,binnen bebouwde kom,Tss. 2 best.: langs opzij (voor-/achterkant-flank),Geen hindernis
36001,69,Leuven teller 1,Leuven,50.87549,4.71526,1.0568606553256397,50.87890149972495,4.701200663362051,2022,11,13,24062,Leuven,Onbekend,Droog,Dag,met lichtgewonden,1,Autobus,3,Fiets,Op Kruispunt,Gemeenteweg,binnen bebouwde kom,Tss. 2 best.: langs opzij (voor-/achterkant-flank),Geen hindernis