crash_row_id,site_id,site_name,site_gemeente,site_lat,site_long,distance_km,crash_lat,crash_long,DT_YEAR_COLLISION,DT_MONTH_COLLISION,DT_TIME,CD_NIS,TX_MUNTY_COLLISION_NL,TX_WEATHER_NL,TX_ROAD_CONDITION_NL,TX_LIGHT_CONDITION_NL,TX_CLASS_ACCIDENTS_NL,CD_ROAD_USR_TYPE1,TX_ROAD_USR_TYPE1_NL,CD_ROAD_USR_TYPE2,TX_ROAD_USR_TYPE2_NL,TX_CROSSWAY_NL,CD_ROAD_TYPE_NL,TX_BUILD_UP_AREA_NL,TX_COLLISION_TYPE_NL,TX_OBSTACLES_NL
36001,151,Leuven,District Leuven,50.8690262,4.6854839,1.5562634339158166,50.87890149972495,4.701200663362051,2022,11,13,24062,Leuven,Onbekend,Droog,Dag,met lichtgewonden,1,Autobus,3,Fiets,Op Kruispunt,Gemeenteweg,binnen bebouwde kom,Tss. 2 best.: langs opzij (voor-/achterkant-flank),Geen hindernis
36003,151,Leuven,District Leuven,50.8690262,4.6854839,1.1224947483844543,50.86677102233287,4.701075007221464,2022,11,10,24062,Leuven,Normaal,Droog,Dag,met lichtgewonden,9,personenauto,3,Fiets,Buiten Kruispunt,Gemeenteweg,binnen bebouwde kom,Tss. 2 best.: langs opzij (voor-/achterkant-flank),Geen hindernis
36003,69,Leuven teller 1,Leuven,50.87549,4.71526,1.3895055126812024,50.86677102233287,4.701075007221464,2022,11,10,24062,Leuven,Normaal,Droog,Dag,met lichtgewonden,9,personenauto,3,Fiets,Buiten Kruispunt,Gemeenteweg,binnen bebouwde kom,Tss. 2 best.: langs opzij (voor-/achterkant-flank),Geen hindernis
36003,108,Heverlee teller 1,Leuven,50.8471728,4.6954674,2.214485004199145,50.86677102233287,4.701075007221464,2022,11,10,24062,Leuven,Normaal,Droog,Dag,met lichtgewonden,9,personenauto,3,Fiets,Buiten Kruispunt,Gemeenteweg,binnen bebouwde kom,Tss. 2 best.: langs opzij (voor-/achterkant-flank),Geen hindernis
36003,77,Leuven teller 2,Leuven,50.88672,4.70796,2.2702160066459762,50.86677102233287,4.701075007221464,2022,11,10,24062,Leuven,Normaal,Droog,Dag,met lichtgewonden,9,personenauto,3,Fiets,Buiten Kruispunt,Gemeenteweg,binnen bebouwde kom,Tss. 2 best.: langs opzij (voor-/achterkant-flank),Geen hindernis
36003,107,leuven totem,Leuven,50.8870744,4.7087919,2.3216502851158687,50.86677102233287,4.701075007221464,2022,11,10,24062,Leuven,Normaal,Droog,Dag,met lichtgewonden,9,personenauto,3,Fiets,Buiten Kruispunt,Gemeenteweg,binnen bebouwde kom,Tss. 2 best.: langs opzij (voor-/achterkant-flank),Geen hindernis
36003,76,Heverlee teller 2,Leuven,50.84606,4.69597,2.3306724730635047,50.86677102233287,4.701075007221464,2022,11,10,24062,Leuven,Normaal,Droog,Dag,met lichtgewonden,9,personenauto,3,Fiets,Buiten Kruispunt,Gemeenteweg,binnen bebouwde kom,Tss. 2 best.: langs opzij (voor-/achterkant-flank),Geen hindernis
36009,69,Leuven teller 1,Leuven,50.87549,4.71526,2.4894964264999326,50.86545602985415,4.746974412095261,2022,11,18,24062,Leuven,Normaal,Proper,"Nacht, openbare verlichting aanwezig en ontstoken",met lichtgewonden,9,personenauto,3,Fiets,Buiten Kruispunt,Gemeenteweg,binnen bebouwde kom,Tss. 2 best.: langs opzij (voor-/achterkant-flank),Geen hindernis
36011,72,Herent teller 1,Herent,50.89135,4.64689,1.5116965191929694,50.899002700106465,4.6647048725076505,2022,11,23,24038,Herent,Normaal,"Nat, plassen","Nacht, openb. verlicht. aanw., maar niet ontstoken",met zwaargewonden,3,Fiets,10,"één bestuurder, geen hindernis",Op Kruispunt,Gemeenteweg,binnen bebouwde kom,"Eén bestuurder, geen hindernis (incl. val)",Geen hindernis
36011,73,Herent teller 2,Herent,50.89128,4.64685,1.5184052374174437,50.899002700106465,4.6647048725076505,2022,11,23,24038,Herent,Normaal,"Nat, plassen","Nacht, openb. verlicht. aanw., maar niet ontstoken",met zwaargewonden,3,Fiets,10,"één bestuurder, geen hindernis",Op Kruispunt,Gemeenteweg,binnen bebouwde kom,"Eén bestuurder, geen hindernis (incl. val)",Geen hindernis
36012,72,Herent teller 1,Herent,50.89135,4.64689,2.4546783343224914,50.90084145185896,4.6784896874706074,2022,11,8,24038,Herent,Normaal,Proper,Dag,met lichtgewonden,3,Fiets,9,personenauto,Op Kruispunt,Gewestweg,binnen bebouwde kom,Tss. 2 best.: langs opzij (voor-/achterkant-flank),Geen hindernis
36012,73,Herent teller 2,Herent,50.89128,4.64685,2.4605661554368083,50.90084145185896,4.6784896874706074,2022,11,8,24038,Herent,Normaal,Proper,Dag,met lichtgewonden,3,Fiets,9,personenauto,Op Kruispunt,Gewestweg,binnen bebouwde kom,Tss. 2 best.: langs opzij (voor-/achterkant-flank),Geen hindernis
36013,77,Leuven teller 2,Leuven,50.88672,4.70796,2.084442865526804,50.89597169474359,4.682113537299468,2022,11,8,24038,Herent,Normaal,"Nat, plassen",Dag,met zwaargewonden,3,Fiets,10,"één bestuurder, geen hindernis",Buiten Kruispunt,Gemeenteweg,binnen bebouwde kom,"Eén bestuurder, geen hindernis (incl. val)",Geen hindernis
36013,107,leuven totem,Leuven,50.8870744,4.7087919,2.11667638553107,50.89597169474359,4.682113537299468,2022,11,8,24038,Herent,Normaal,"Nat, plassen",Dag,met zwaargewonden,3,Fiets,10,"één bestuurder, geen hindernis",Buiten Kruispunt,Gemeenteweg,binnen bebouwde kom,"Eén bestuurder, geen hindernis (incl. val)",Geen hindernis
36014,87,Aarschot,Aarschot,50.99084,4.81259,1.8377894105880261,51.00728200849262,4.815259846869169,2022,11,14,24001,Aarschot,Regenval,"Nat, plassen",Dag,met lichtgewonden,3,Fiets,9,personenauto,Op Kruispunt,Gewestweg,buiten bebouwde kom,Tss. 2 best.: langs opzij (voor-/achterkant-flank),Geen hindernis
36015,87,Aarschot,Aarschot,50.99084,4.81259,1.8731866686482148,50.98705227618549,4.8386668863370685,2022,11,13,24001,Aarschot,Normaal,Droog,Dag,met lichtgewonden,9,personenauto,3,Fiets,Op Kruispunt,Gemeenteweg,buiten bebouwde kom,Tss. 2 best.: langs opzij (voor-/achterkant-flank),Geen hindernis
36018,149,Machelen,,50.88297881,4.43356644,1.359653055311721,50.89514812414929,4.43167522334338,2022,11,16,23047,Machelen,"Andere (dikke rook,...)",Onbekend,"Nacht, openbare verlichting aanwezig en ontstoken",met lichtgewonden,9,personenauto,3,Fiets,Op Kruispunt,Gewestweg,buiten bebouwde kom,Tussen 2 bestuurders: Frontale botsing,Geen hindernis
36018,111,Zaventem totem,Zaventem,50.8871216,4.4597084,2.1593616048108806,50.89514812414929,4.43167522334338,2022,11,16,23047,Machelen,"Andere (dikke rook,...)",Onbekend,"Nacht, openbare verlichting aanwezig en ontstoken",met lichtgewonden,9,personenauto,3,Fiets,Op Kruispunt,Gewestweg,buiten bebouwde kom,Tussen 2 bestuurders: Frontale botsing,Geen hindernis
36018,47,Vilvoorde,Vilvoorde,50.91372,4.41497,2.374192342833331,50.89514812414929,4.43167522334338,2022,11,16,23047,Machelen,"Andere (dikke rook,...)",Onbekend,"Nacht, openbare verlichting aanwezig en ontstoken",met lichtgewonden,9,personenauto,3,Fiets,Op Kruispunt,Gewestweg,buiten bebouwde kom,Tussen 2 bestuurders: Frontale botsing,Geen hindernis
36021,101,Diest teller 1,Diest,50.97799,5.04481,1.7688759361191024,50.993295463908105,5.037921676156947,2022,11,19,24020,Diest,Normaal,Droog,"Nacht, openbare verlichting aanwezig en ontstoken",met lichtgewonden,3,Fiets,3,Fiets,Buiten Kruispunt,Gemeenteweg,buiten bebouwde kom,Tussen 2 bestuurders: Flank tegen flank,Geen hindernis
36021,102,Diest teller 2,Diest,50.9779,5.04474,1.7771845470387913,50.993295463908105,5.037921676156947,2022,11,19,24020,Diest,Normaal,Droog,"Nacht, openbare verlichting aanwezig en ontstoken",met lichtgewonden,3,Fiets,3,Fiets,Buiten Kruispunt,Gemeenteweg,buiten bebouwde kom,Tussen 2 bestuurders: Flank tegen flank,Geen hindernis
36022,101,Diest teller 1,Diest,50.97799,5.04481,1.9277694953967894,50.99494308557553,5.03904743461202,2022,11,15,24020,Diest,Normaal,Droog,Dag,met lichtgewonden,9,personenauto,3,Fiets,Op Kruispunt,Gewestweg,binnen bebouwde kom,Tss. 2 best.: langs opzij (voor-/achterkant-flank),Geen hindernis
36022,102,Diest teller 2,Diest,50.9779,5.04474,1.936542595208625,50.99494308557553,5.03904743461202,2022,11,15,24020,Diest,Normaal,Droog,Dag,met lichtgewonden,9,personenauto,3,Fiets,Op Kruispunt,Gewestweg,binnen bebouwde kom,Tss. 2 best.: langs opzij (voor-/achterkant-flank),Geen hindernis
36023,101,Diest teller 1,Diest,50.97799,5.04481,0.8374722455289594,50.985514294621034,5.045335658502202,2022,11,17,24020,Diest,Regenval,"Nat, plassen","Nacht, openbare verlichting aanwezig en ontstoken",met lichtgewonden,3,Fiets,3,Fiets,Buiten Kruispunt,Gemeenteweg,binnen bebouwde kom,Tussen 2 bestuurders: Frontale botsing,Geen hindernis
36023,102,Diest teller 2,Diest,50.9779,5.04474,0.8476971573776428,50.985514294621034,5.045335658502202,2022,11,17,24020,Diest,Regenval,"Nat, plassen","Nacht, openbare verlichting aanwezig en ontstoken",met lichtgewonden,3,Fiets,3,Fiets,Buiten Kruispunt,Gemeenteweg,binnen bebouwde kom,Tussen 2 bestuurders: Frontale botsing,Geen hindernis
36027,148,Hoeilaart,District Leuven,50.76699493,4.44471001,2.0805837588765215,50.76756962677281,4.474280204414805,2022,11,8,23033,Hoeilaart,Normaal,"Nat, plassen",Dag,met lichtgewonden,5,Lichte vrachtauto,3,Fiets,Op Kruispunt,Gemeenteweg,binnen bebouwde kom,Tussen 2 bestuurders: Flank tegen flank,Geen hindernis
36027,147,Overijse,District Vilvoorde-gewestwegen,50.7797555,4.4975769,2.125952218983317,50.76756962677281,4.474280204414805,2022,11,8,23033,Hoeilaart,Normaal,"Nat, plassen",Dag,met lichtgewonden,5,Lichte vrachtauto,3,Fiets,Op Kruispunt,Gemeenteweg,binnen bebouwde kom,Tussen 2 bestuurders: Flank tegen flank,Geen hindernis
36035,81,Wemmel teller 2,Wemmel,50.91439,4.29568,1.1399503332191439,50.920381655340975,4.282485021571014,2022,11,8,23052,Merchtem,Normaal,Droog,Dag,met lichtgewonden,9,personenauto,3,Fiets,Op Kruispunt,Gemeenteweg,binnen bebouwde kom,Tss. 2 best.: langs opzij (voor-/achterkant-flank),Geen hindernis
36035,80,Wemmel teller 1,Wemmel,50.91418,4.29571,1.1554417649525992,50.920381655340975,4.282485021571014,2022,11,8,23052,Merchtem,Normaal,Droog,Dag,met lichtgewonden,9,personenauto,3,Fiets,Op Kruispunt,Gemeenteweg,binnen bebouwde kom,Tss. 2 best.: langs opzij (voor-/achterkant-flank),Geen hindernis
36038,47,Vilvoorde,Vilvoorde,50.91372,4.41497,2.448741630900718,50.9196277621398,4.3813196775742655,2022,11,10,23025,Grimbergen,Normaal,"Vuil (zand, grint, bladeren,...)",Dag,met zwaargewonden,3,Fiets,10,"één bestuurder, geen hindernis",Buiten Kruispunt,Gemeenteweg,binnen bebouwde kom,"Eén bestuurder, geen hindernis (incl. val)",Geen hindernis
36041,47,Vilvoorde,Vilvoorde,50.91372,4.41497,1.61940150879177,50.92581479170323,4.4278389046614794,2022,11,1,23088,Vilvoorde,Normaal,Droog,"Nacht, openbare verlichting aanwezig en ontstoken",met lichtgewonden,3,Fiets,11,een weggebruiker tegen een hindernis,Buiten Kruispunt,Gewestweg,binnen bebouwde kom,Weggebruiker tegen hindernis op de rijbaan,"Op de rijbaan: Verkeersdrempel, ezelsrug"
36041,1,Machelen,Machelen,50.91618331151478,4.456121776137429,2.2533056720965448,50.92581479170323,4.4278389046614794,2022,11,1,23088,Vilvoorde,Normaal,Droog,"Nacht, openbare verlichting aanwezig en ontstoken",met lichtgewonden,3,Fiets,11,een weggebruiker tegen een hindernis,Buiten Kruispunt,Gewestweg,binnen bebouwde kom,Weggebruiker tegen hindernis op de rijbaan,"Op de rijbaan: Verkeersdrempel, ezelsrug"
36042,47,Vilvoorde,Vilvoorde,50.91372,4.41497,1.0768713420075093,50.923099329402355,4.411143792643477,2022,11,15,23088,Vilvoorde,Normaal,Droog,Dag,met lichtgewonden,6,Bromfiets,3,Fiets,Buiten Kruispunt,Gewestweg,binnen bebouwde kom,Tss. 2 best.: langs opzij (voor-/achterkant-flank),Geen hindernis
36043,1,Machelen,Machelen,50.91618331151478,4.456121776137429,1.625863416234452,50.92800738394618,4.442476680199205,2022,11,9,23088,Vilvoorde,Normaal,Onbekend,Dag,met lichtgewonden,9,personenauto,3,Fiets,Buiten Kruispunt,Gemeenteweg,binnen bebouwde kom,Tussen 2 bestuurders: Langs achteren,Geen hindernis
36043,47,Vilvoorde,Vilvoorde,50.91372,4.41497,2.498314542888974,50.92800738394618,4.442476680199205,2022,11,9,23088,Vilvoorde,Normaal,Onbekend,Dag,met lichtgewonden,9,personenauto,3,Fiets,Buiten Kruispunt,Gemeenteweg,binnen bebouwde kom,Tussen 2 bestuurders: Langs achteren,Geen hindernis
36044,1,Machelen,Machelen,50.91618331151478,4.456121776137429,1.9642385503684079,50.90172496478864,4.440026424209535,2022,11,16,23047,Machelen,Normaal,Droog,Dageraad - schemering,met lichtgewonden,9,personenauto,3,Fiets,Op Kruispunt,Gewestweg,buiten bebouwde kom,Tussen 2 bestuurders: Frontale botsing,Geen hindernis
36044,111,Zaventem totem,Zaventem,50.8871216,4.4597084,2.131280424712282,50.90172496478864,4.440026424209535,2022,11,16,23047,Machelen,Normaal,Droog,Dageraad - schemering,met lichtgewonden,9,personenauto,3,Fiets,Op Kruispunt,Gewestweg,buiten bebouwde kom,Tussen 2 bestuurders: Frontale botsing,Geen hindernis
36044,149,Machelen,,50.88297881,4.43356644,2.1331537947609465,50.90172496478864,4.440026424209535,2022,11,16,23047,Machelen,Normaal,Droog,Dageraad - schemering,met lichtgewonden,9,personenauto,3,Fiets,Op Kruispunt,Gewestweg,buiten bebouwde kom,Tussen 2 bestuurders: Frontale botsing,Geen hindernis
36044,47,Vilvoorde,Vilvoorde,50.91372,4.41497,2.2058013835251744,50.90172496478864,4.440026424209535,2022,11,16,23047,Machelen,Normaal,Droog,Dageraad - schemering,met lichtgewonden,9,personenauto,3,Fiets,Op Kruispunt,Gewestweg,buiten bebouwde kom,Tussen 2 bestuurders: Frontale botsing,Geen hindernis
36045,47,Vilvoorde,Vilvoorde,50.91372,4.41497,1.9545309091322889,50.92947932302157,4.4273203117169455,2022,11,17,23088,Vilvoorde,Regenval,"Nat, plassen","Nacht, openbare verlichting aanwezig en ontstoken",met zwaargewonden,3,Fiets,9,personenauto,Op Kruispunt,Gewestweg,binnen bebouwde kom,Tss. 2 best.: langs opzij (voor-/achterkant-flank),Geen hindernis
36046,47,Vilvoorde,Vilvoorde,50.91372,4.41497,2.2918201108426732,50.9335924161135,4.4236436759624596,2022,11,17,23088,Vilvoorde,Regenval,"Nat, plassen","Nacht, openbare verlichting aanwezig en ontstoken",met lichtgewonden,9,personenauto,3,Fiets,Op Kruispunt,Gemeenteweg,binnen bebouwde kom,Tss. 2 best.: langs opzij (voor-/achterkant-flank),Geen hindernis
36047,1,Machelen,Machelen,50.91618331151478,4.456121776137429,1.5943673229400344,50.90982303511443,4.476503466244783,2022,11,17,23081,Steenokkerzeel,Normaal,Droog,Dageraad - schemering,met lichtgewonden,9,personenauto,3,Fiets,Buiten Kruispunt,Gewestweg,buiten bebouwde kom,Tss. 2 best.: langs opzij (voor-/achterkant-flank),Geen hindernis
36049,13,Gent,Gent,51.03018,3.70146,1.3034576880556301,51.03476816660663,3.7186128040071753,2022,11,19,44021,Gent,Regenval,"Nat, plassen","Nacht, openbare verlichting aanwezig en ontstoken",met lichtgewonden,9,personenauto,3,Fiets,Buiten Kruispunt,Gemeenteweg,binnen bebouwde kom,Tss. 2 best.: langs opzij (voor-/achterkant-flank),Geen hindernis
36051,13,Gent,Gent,51.03018,3.70146,1.1801833890006719,51.03444382101023,3.716915252734202,2022,11,12,44021,Gent,Normaal,Droog,Dag,met lichtgewonden,9,personenauto,3,Fiets,Op Kruispunt,Gemeenteweg,binnen bebouwde kom,Tss. 2 best.: langs opzij (voor-/achterkant-flank),Geen hindernis
36053,136,Gent R4,Gent,51.0876313,3.7587918,1.286794242895752,51.08197045818581,3.7748596793662244,2022,11,14,44021,Gent,Normaal,"Nat, plassen",Dag,met lichtgewonden,3,Fiets,11,een weggebruiker tegen een hindernis,Buiten Kruispunt,Gemeenteweg,binnen bebouwde kom,Weggebruiker tegen hindernis op de rijbaan,"Op de rijbaan: Werken (signal., aarde, toestel,…)"
36054,118,Gent teller 1,Gent,51.028049,3.7681359,1.9166717237536248,51.03875306947436,3.7466517425676686,2022,11,8,44021,Gent,Onbekend,Onbekend,Onbekend,met lichtgewonden,3,Fiets,9,personenauto,Op Kruispunt,Gemeenteweg,binnen bebouwde kom,Tussen 2 bestuurders: Frontale botsing,Geen hindernis
36054,119,Gent teller 2,Gent,51.0281795,3.7683918,1.9218162404958186,51.03875306947436,3.7466517425676686,2022,11,8,44021,Gent,Onbekend,Onbekend,Onbekend,met lichtgewonden,3,Fiets,9,personenauto,Op Kruispunt,Gemeenteweg,binnen bebouwde kom,Tussen 2 bestuurders: Frontale botsing,Geen hindernis
36062,136,Gent R4,Gent,51.0876313,3.7587918,2.130705573690682,51.068731976413844,3.76382363727954,2022,11,21,44021,Gent,Normaal,Droog,"Nacht, openbare verlichting aanwezig en ontstoken",met lichtgewonden,3,Fiets,11,een weggebruiker tegen een hindernis,Buiten Kruispunt,Gewestweg,binnen bebouwde kom,Weggebruiker tegen hindernis buiten rijbaan,Andere hindernis
36067,13,Gent,Gent,51.03018,3.70146,1.927743461520284,51.030089317815964,3.729025682298459,2022,11,17,44021,Gent,Normaal,"Nat, plassen",Dag,met lichtgewonden,9,personenauto,3,Fiets,Buiten Kruispunt,Gemeenteweg,binnen bebouwde kom,Tss. 2 best.: langs opzij (voor-/achterkant-flank),Geen hindernis
36071,13,Gent,Gent,51.03018,3.70146,1.2907564752534029,51.030566639488136,3.7199072212406255,2022,11,10,44021,Gent,Onbekend,Onbekend,Dag,met lichtgewonden,3,Fiets,3,Fiets,Buiten Kruispunt,Gewestweg,binnen bebouwde kom,Tussen 2 bestuurders: Frontale botsing,Geen hindernis
36075,136,Gent R4,Gent,51.0876313,3.7587918,1.5800826997911779,51.10182479485851,3.759882843866518,2022,11,13,44021,Gent,Normaal,Droog,Dag,met lichtgewonden,5,Lichte vrachtauto,3,Fiets,Buiten Kruispunt,Gemeenteweg,binnen bebouwde kom,Tss. 2 best.: langs opzij (voor-/achterkant-flank),Geen hindernis
36082,13,Gent,Gent,51.03018,3.70146,1.4397061564251146,51.04183220728371,3.710436974684845,2022,11,7,44021,Gent,Normaal,Droog,Dageraad - schemering,met lichtgewonden,3,Fiets,11,een weggebruiker tegen een hindernis,Buiten Kruispunt,Gewestweg,binnen bebouwde kom,Weggebruiker tegen hindernis op de rijbaan,"Op de rijbaan: Werken (signal., aarde, toestel,…)"
36084,13,Gent,Gent,51.03018,3.70146,2.1930490633939255,51.04341316691348,3.7247162940429495,2022,11,23,44021,Gent,Onbekend,Onbekend,Dag,met lichtgewonden,3,Fiets,6,Bromfiets,Op Kruispunt,Gemeenteweg,binnen bebouwde kom,Tss. 2 best.: langs opzij (voor-/achterkant-flank),Geen hindernis
36085,13,Gent,Gent,51.03018,3.70146,1.425990536866744,51.01842243379907,3.709601017494705,2022,11,16,44021,Gent,Normaal,Droog,Dag,met lichtgewonden,3,Fiets,9,personenauto,Buiten Kruispunt,Autosnelweg,binnen bebouwde kom,Tss. 2 best.: langs opzij (voor-/achterkant-flank),Geen hindernis
36086,13,Gent,Gent,51.03018,3.70146,1.9599037469883205,51.03841286376235,3.7262430266161815,2022,11,1,44021,Gent,Normaal,Droog,"Nacht, openbare verlichting aanwezig en ontstoken",met lichtgewonden,3,Fiets,9,personenauto,Op Kruispunt,Gewestweg,binnen bebouwde kom,Tss. 2 best.: langs opzij (voor-/achterkant-flank),Geen hindernis
36088,13,Gent,Gent,51.03018,3.70146,0.8054204679933756,51.026801935655996,3.7116476663809834,2022,11,12,44021,Gent,Normaal,"Nat, plassen",Dag,met lichtgewonden,3,Fiets,9,personenauto,Op Kruispunt,Gewestweg,binnen bebouwde kom,Tss. 2 best.: langs opzij (voor-/achterkant-flank),Geen hindernis
36089,13,Gent,Gent,51.03018,3.70146,1.8128336279924495,51.04228689789606,3.718823512523445,2022,11,12,44021,Gent,Normaal,Droog,Dag,met lichtgewonden,3,Fiets,8,Voetganger,Op Kruispunt,Gewestweg,binnen bebouwde kom,Met een voetganger,Geen hindernis
36093,13,Gent,Gent,51.03018,3.70146,2.385173753741086,51.05162483572321,3.7006841959612022,2022,10,16,44021,Gent,Normaal,Droog,Dag,met lichtgewonden,3,Fiets,9,personenauto,Op Kruispunt,Gewestweg,binnen bebouwde kom,Tussen 2 bestuurders: Frontale botsing,Geen hindernis
36096,118,Gent teller 1,Gent,51.028049,3.7681359,1.2220970410374206,51.03480010489933,3.7543455224250737,2022,11,15,44021,Gent,Normaal,Droog,Dag,met lichtgewonden,3,Fiets,9,personenauto,Op Kruispunt,Gewestweg,buiten bebouwde kom,Tss. 2 best.: langs opzij (voor-/achterkant-flank),Geen hindernis
36096,119,Gent teller 2,Gent,51.0281795,3.7683918,1.227508595414302,51.03480010489933,3.7543455224250737,2022,11,15,44021,Gent,Normaal,Droog,Dag,met lichtgewonden,3,Fiets,9,personenauto,Op Kruispunt,Gewestweg,buiten bebouwde kom,Tss. 2 best.: langs opzij (voor-/achterkant-flank),Geen hindernis
36097,13,Gent,Gent,51.03018,3.70146,2.012433213657855,51.03204321775874,3.7300847900427625,2022,11,23,44021,Gent,Regenval,"Nat, plassen","Nacht, openbare verlichting aanwezig en ontstoken",met lichtgewonden,3,Fiets,8,Voetganger,Buiten Kruispunt,Gemeenteweg,binnen bebouwde kom,Met een voetganger,Geen hindernis
36098,13,Gent,Gent,51.03018,3.70146,1.948435494718999,51.03801407623408,3.726384454523117,2022,11,1,44021,Gent,Normaal,"Nat, plassen","Nacht, openbare verlichting aanwezig en ontstoken",met lichtgewonden,3,Fiets,9,personenauto,Buiten Kruispunt,Gemeenteweg,binnen bebouwde kom,Tss. 2 best.: langs opzij (voor-/achterkant-flank),Geen hindernis
36100,13,Gent,Gent,51.03018,3.70146,1.8147904307335307,51.04209510126469,3.7191967908576586,2022,11,0,44021,Gent,Normaal,Droog,"Nacht, openbare verlichting aanwezig en ontstoken",met lichtgewonden,3,Fiets,11,een weggebruiker tegen een hindernis,Op Kruispunt,Gewestweg,binnen bebouwde kom,Weggebruiker tegen hindernis buiten rijbaan,Buiten de rijbaan: Muur gebouw
36101,13,Gent,Gent,51.03018,3.70146,2.0842412234832683,51.04826073582965,3.693600060293818,2022,11,21,44021,Gent,Normaal,"Nat, plassen","Nacht, openbare verlichting aanwezig en ontstoken",met lichtgewonden,9,personenauto,3,Fiets,Buiten Kruispunt,Gemeenteweg,binnen bebouwde kom,Tss. 2 best.: langs opzij (voor-/achterkant-flank),Geen hindernis
36107,118,Gent teller 1,Gent,51.028049,3.7681359,2.2559196166560094,51.03328261674077,3.736968516440868,2022,11,12,44021,Gent,Normaal,Proper,Dag,met lichtgewonden,9,personenauto,3,Fiets,Op Kruispunt,Gemeenteweg,binnen bebouwde kom,Tussen 2 bestuurders: Flank tegen flank,Geen hindernis
36107,119,Gent teller 2,Gent,51.0281795,3.7683918,2.269539449994301,51.03328261674077,3.736968516440868,2022,11,12,44021,Gent,Normaal,Proper,Dag,met lichtgewonden,9,personenauto,3,Fiets,Op Kruispunt,Gemeenteweg,binnen bebouwde kom,Tussen 2 bestuurders: Flank tegen flank,Geen hindernis
36111,118,Gent teller 1,Gent,51.028049,3.7681359,2.0508302648054983,51.038262708879806,3.7437155371154147,2022,11,12,44021,Gent,Onbekend,Onbekend,Dag,met lichtgewonden,3,Fiets,3,Fiets,Buiten Kruispunt,Gemeenteweg,binnen bebouwde kom,Tussen 2 bestuurders: Langs achteren,Geen hindernis
36111,119,Gent teller 2,Gent,51.0281795,3.7683918,2.057809816720809,51.038262708879806,3.7437155371154147,2022,11,12,44021,Gent,Onbekend,Onbekend,Dag,met lichtgewonden,3,Fiets,3,Fiets,Buiten Kruispunt,Gemeenteweg,binnen bebouwde kom,Tussen 2 bestuurders: Langs achteren,Geen hindernis
36118,116,Melle teller 2,Melle,50.9986113,3.8040599,0.507414200433886,51.00292617318333,3.801700055214933,2022,11,8,44040,Melle,Normaal,Droog,Dag,met lichtgewonden,3,Fiets,6,Bromfiets,Buiten Kruispunt,Gewestweg,binnen bebouwde kom,Tss. 2 best.: langs opzij (voor-/achterkant-flank),Geen hindernis
36118,117,Melle teller 1,Melle,50.9986113,3.8040599,0.507414200433886,51.00292617318333,3.801700055214933,2022,11,8,44040,Melle,Normaal,Droog,Dag,met lichtgewonden,3,Fiets,6,Bromfiets,Buiten Kruispunt,Gewestweg,binnen bebouwde kom,Tss. 2 best.: langs opzij (voor-/achterkant-flank),Geen hindernis
36119,119,Gent teller 2,Gent,51.0281795,3.7683918,2.278263754601472,51.029394698171856,3.8009118813355935,2022,11,16,44013,Destelbergen,Normaal,Droog,"Nacht, openbare verlichting aanwezig en ontstoken",met lichtgewonden,1,Autobus,3,Fiets,Op Kruispunt,Gewestweg,binnen bebouwde kom,Tss. 2 best.: langs opzij (voor-/achterkant-flank),Geen hindernis
36119,118,Gent teller 1,Gent,51.028049,3.7681359,2.2970314013400026,51.029394698171856,3.8009118813355935,2022,11,16,44013,Destelbergen,Normaal,Droog,"Nacht, openbare verlichting aanwezig en ontstoken",met lichtgewonden,1,Autobus,3,Fiets,Op Kruispunt,Gewestweg,binnen bebouwde kom,Tss. 2 best.: langs opzij (voor-/achterkant-flank),Geen hindernis
36120,118,Gent teller 1,Gent,51.028049,3.7681359,1.6807037167263101,51.01562252392831,3.754456181140299,2022,11,16,44043,Merelbeke,Normaal,Droog,Dag,met lichtgewonden,3,Fiets,9,personenauto,Op Kruispunt,Gewestweg,binnen bebouwde kom,Tss. 2 best.: langs opzij (voor-/achterkant-flank),Geen hindernis
36120,119,Gent teller 2,Gent,51.0281795,3.7683918,1.7028347641270665,51.01562252392831,3.754456181140299,2022,11,16,44043,Merelbeke,Normaal,Droog,Dag,met lichtgewonden,3,Fiets,9,personenauto,Op Kruispunt,Gewestweg,binnen bebouwde kom,Tss. 2 best.: langs opzij (voor-/achterkant-flank),Geen hindernis
36121,118,Gent teller 1,Gent,51.028049,3.7681359,1.8660606949959253,51.012721082308445,3.7572737564600955,2022,11,8,44043,Merelbeke,Normaal,"Vuil (zand, grint, bladeren,...)",Dag,met lichtgewonden,3,Fiets,10,"één bestuurder, geen hindernis",Buiten Kruispunt,Gemeenteweg,binnen bebouwde kom,"Eén bestuurder, geen hindernis (incl. val)",Geen hindernis