crash_row_id,site_id,site_name,site_gemeente,site_lat,site_long,distance_km,crash_lat,crash_long,DT_YEAR_COLLISION,DT_MONTH_COLLISION,DT_TIME,CD_NIS,TX_MUNTY_COLLISION_NL,TX_WEATHER_NL,TX_ROAD_CONDITION_NL,TX_LIGHT_CONDITION_NL,TX_CLASS_ACCIDENTS_NL,CD_ROAD_USR_TYPE1,TX_ROAD_USR_TYPE1_NL,CD_ROAD_USR_TYPE2,TX_ROAD_USR_TYPE2_NL,TX_CROSSWAY_NL,CD_ROAD_TYPE_NL,TX_BUILD_UP_AREA_NL,TX_COLLISION_TYPE_NL,TX_OBSTACLES_NL
36121,119,Gent teller 2,Gent,51.0281795,3.7683918,1.8866305762959534,51.012721082308445,3.7572737564600955,2022,11,8,44043,Merelbeke,Normaal,"Vuil (zand, grint, bladeren,...)",Dag,met lichtgewonden,3,Fiets,10,"één bestuurder, geen hindernis",Buiten Kruispunt,Gemeenteweg,binnen bebouwde kom,"Eén bestuurder, geen hindernis (incl. val)",Geen hindernis
36122,119,Gent teller 2,Gent,51.0281795,3.7683918,0.3763361615747427,51.025576613328006,3.7718312252199495,2022,11,9,44040,Melle,Normaal,Droog,Dag,met lichtgewonden,9,personenauto,3,Fiets,Buiten Kruispunt,Gewestweg,binnen bebouwde kom,Tss. 2 best.: langs opzij (voor-/achterkant-flank),Geen hindernis
36122,118,Gent teller 1,Gent,51.028049,3.7681359,0.3773196042310551,51.025576613328006,3.7718312252199495,2022,11,9,44040,Melle,Normaal,Droog,Dag,met lichtgewonden,9,personenauto,3,Fiets,Buiten Kruispunt,Gewestweg,binnen bebouwde kom,Tss. 2 best.: langs opzij (voor-/achterkant-flank),Geen hindernis
36125,118,Gent teller 1,Gent,51.028049,3.7681359,1.568319638836893,51.02904262632938,3.7457659635917264,2022,11,7,44021,Gent,Onbekend,Onbekend,Dageraad - schemering,met lichtgewonden,3,Fiets,8,Voetganger,Op Kruispunt,Gewestweg,binnen bebouwde kom,Met een voetganger,Geen hindernis
36125,119,Gent teller 2,Gent,51.0281795,3.7683918,1.585224928590627,51.02904262632938,3.7457659635917264,2022,11,7,44021,Gent,Onbekend,Onbekend,Dageraad - schemering,met lichtgewonden,3,Fiets,8,Voetganger,Op Kruispunt,Gewestweg,binnen bebouwde kom,Met een voetganger,Geen hindernis
36127,113,Deinze teller 2,Deinze,50.96018,3.55578,1.2521137655798618,50.96610846706873,3.570980445743464,2022,11,20,44048,Nazareth,Normaal,"Nat, plassen","Nacht, openbare verlichting aanwezig en ontstoken",met zwaargewonden,3,Fiets,5,Lichte vrachtauto,Buiten Kruispunt,Gewestweg,buiten bebouwde kom,Tussen 2 bestuurders: Langs achteren,Geen hindernis
36127,114,Deinze teller 1,Nazareth,50.9598305,3.555502,1.2893314859093297,50.96610846706873,3.570980445743464,2022,11,20,44048,Nazareth,Normaal,"Nat, plassen","Nacht, openbare verlichting aanwezig en ontstoken",met zwaargewonden,3,Fiets,5,Lichte vrachtauto,Buiten Kruispunt,Gewestweg,buiten bebouwde kom,Tussen 2 bestuurders: Langs achteren,Geen hindernis
36131,7,Evergem 1,Evergem,51.1089,3.70317,0.21747563202282072,51.1075743562822,3.7054603513271913,2022,11,8,44019,Evergem,Regenval,"Nat, plassen",Dageraad - schemering,met lichtgewonden,9,personenauto,3,Fiets,Op Kruispunt,Gewestweg,buiten bebouwde kom,Tussen 2 bestuurders: Flank tegen flank,Geen hindernis
36131,6,Evergem 2,Evergem,51.10894,3.70298,0.23031412479169844,51.1075743562822,3.7054603513271913,2022,11,8,44019,Evergem,Regenval,"Nat, plassen",Dageraad - schemering,met lichtgewonden,9,personenauto,3,Fiets,Op Kruispunt,Gewestweg,buiten bebouwde kom,Tussen 2 bestuurders: Flank tegen flank,Geen hindernis
36133,115,Aalter,Aalter,51.1058367,3.4350591,0.33715624588019655,51.10322785005388,3.437519997797009,2022,11,15,44084,Aalter,Mist (zichtbaarheid minder dan 100m),"Vuil (zand, grint, bladeren,...)",Dag,met zwaargewonden,3,Fiets,10,"één bestuurder, geen hindernis",Buiten Kruispunt,Gewestweg,binnen bebouwde kom,"Eén bestuurder, geen hindernis (incl. val)",Geen hindernis
36160,126,Hamme totem,Hamme,51.1017709,4.1469307,1.728555537101065,51.111913604384775,4.165693399054963,2022,11,11,46025,Temse,Normaal,Droog,Dag,met zwaargewonden,3,Fiets,8,Voetganger,Buiten Kruispunt,Gemeenteweg,binnen bebouwde kom,Met een voetganger,Geen hindernis
36166,126,Hamme totem,Hamme,51.1017709,4.1469307,1.0142030616007773,51.110449419011545,4.142461310281624,2022,11,12,46025,Temse,Normaal,Droog,Dag,met lichtgewonden,6,Bromfiets,3,Fiets,Buiten Kruispunt,Gewestweg,buiten bebouwde kom,Tussen 2 bestuurders: Frontale botsing,Geen hindernis
36167,99,Mechelen teller 1,Mechelen,51.04564,4.46882,1.29481265301488,51.03420389855617,4.472308225441623,2022,11,8,46025,Temse,Regenval,"Nat, plassen",Dageraad - schemering,met zwaargewonden,3,Fiets,11,een weggebruiker tegen een hindernis,Buiten Kruispunt,Gewestweg,buiten bebouwde kom,Weggebruiker tegen hindernis op de rijbaan,"Op de rijbaan: Werken (signal., aarde, toestel,…)"
36167,100,Mechelen teller 2,Mechelen,51.0457,4.46883,1.3012346586850085,51.03420389855617,4.472308225441623,2022,11,8,46025,Temse,Regenval,"Nat, plassen",Dageraad - schemering,met zwaargewonden,3,Fiets,11,een weggebruiker tegen een hindernis,Buiten Kruispunt,Gewestweg,buiten bebouwde kom,Weggebruiker tegen hindernis op de rijbaan,"Op de rijbaan: Werken (signal., aarde, toestel,…)"
36170,141,Test site A support,Lokeren,51.08342085,3.9961071208376326,1.4169679224259761,51.09585802077988,3.9916882803139146,2022,11,17,46014,Lokeren,Regenval,"Nat, plassen","Nacht, openbare verlichting aanwezig en ontstoken",met lichtgewonden,3,Fiets,9,personenauto,Op Kruispunt,Gewestweg,buiten bebouwde kom,Tss. 2 best.: langs opzij (voor-/achterkant-flank),Geen hindernis
36170,129,Lokeren teller 2,Lokeren,51.09612,3.97025,1.4973691790962047,51.09585802077988,3.9916882803139146,2022,11,17,46014,Lokeren,Regenval,"Nat, plassen","Nacht, openbare verlichting aanwezig en ontstoken",met lichtgewonden,3,Fiets,9,personenauto,Op Kruispunt,Gewestweg,buiten bebouwde kom,Tss. 2 best.: langs opzij (voor-/achterkant-flank),Geen hindernis
36170,128,Lokeren teller 1,Lokeren,51.09644,3.97023,1.4998739478756908,51.09585802077988,3.9916882803139146,2022,11,17,46014,Lokeren,Regenval,"Nat, plassen","Nacht, openbare verlichting aanwezig en ontstoken",met lichtgewonden,3,Fiets,9,personenauto,Op Kruispunt,Gewestweg,buiten bebouwde kom,Tss. 2 best.: langs opzij (voor-/achterkant-flank),Geen hindernis
36172,126,Hamme totem,Hamme,51.1017709,4.1469307,0.9221101530792174,51.09394538822921,4.142560842238372,2022,11,13,42008,Hamme,Normaal,Droog,Dag,met lichtgewonden,9,personenauto,3,Fiets,Op Kruispunt,Gewestweg,binnen bebouwde kom,Tussen 2 bestuurders: Frontale botsing,Geen hindernis
36174,126,Hamme totem,Hamme,51.1017709,4.1469307,0.7710472106924824,51.095218258953736,4.143318396019009,2022,11,6,42008,Hamme,Normaal,Droog,Dageraad - schemering,met lichtgewonden,3,Fiets,9,personenauto,Op Kruispunt,Gewestweg,binnen bebouwde kom,Tss. 2 best.: langs opzij (voor-/achterkant-flank),Geen hindernis
36175,120,Zele teller 1,Zele,51.0607671,4.0547741,1.4770589119848334,51.06741471628732,4.03647438074202,2022,11,10,42028,Zele,Onbekend,Droog,Dag,met lichtgewonden,9,personenauto,3,Fiets,Op Kruispunt,Gewestweg,binnen bebouwde kom,Tss. 2 best.: langs opzij (voor-/achterkant-flank),Geen hindernis
36175,121,Zele teller 2,Zele,51.0604067,4.0556696,1.5513003114914274,51.06741471628732,4.03647438074202,2022,11,10,42028,Zele,Onbekend,Droog,Dag,met lichtgewonden,9,personenauto,3,Fiets,Op Kruispunt,Gewestweg,binnen bebouwde kom,Tss. 2 best.: langs opzij (voor-/achterkant-flank),Geen hindernis
36178,120,Zele teller 1,Zele,51.0607671,4.0547741,1.5126509806253206,51.06306979494988,4.03344122195444,2022,11,12,42028,Zele,Normaal,Droog,Dag,met zwaargewonden,9,personenauto,3,Fiets,Op Kruispunt,Gemeenteweg,binnen bebouwde kom,Tss. 2 best.: langs opzij (voor-/achterkant-flank),Geen hindernis
36178,121,Zele teller 2,Zele,51.0604067,4.0556696,1.5813824321401915,51.06306979494988,4.03344122195444,2022,11,12,42028,Zele,Normaal,Droog,Dag,met zwaargewonden,9,personenauto,3,Fiets,Op Kruispunt,Gemeenteweg,binnen bebouwde kom,Tss. 2 best.: langs opzij (voor-/achterkant-flank),Geen hindernis
36190,116,Melle teller 2,Melle,50.9986113,3.8040599,2.4849611740552673,50.99191956881041,3.8379380661776406,2022,11,7,42025,Wetteren,Onbekend,Onbekend,Onbekend,met lichtgewonden,3,Fiets,9,personenauto,Buiten Kruispunt,Gewestweg,buiten bebouwde kom,Tss. 2 best.: langs opzij (voor-/achterkant-flank),Geen hindernis
36190,117,Melle teller 1,Melle,50.9986113,3.8040599,2.4849611740552673,50.99191956881041,3.8379380661776406,2022,11,7,42025,Wetteren,Onbekend,Onbekend,Onbekend,met lichtgewonden,3,Fiets,9,personenauto,Buiten Kruispunt,Gewestweg,buiten bebouwde kom,Tss. 2 best.: langs opzij (voor-/achterkant-flank),Geen hindernis
36194,10,Aalst 2,Aalst,50.93549,4.01571,2.244353336751765,50.941407231517715,4.0463328018392275,2022,11,11,41002,Aalst,Normaal,Droog,Dag,met lichtgewonden,9,personenauto,3,Fiets,Buiten Kruispunt,Gemeenteweg,binnen bebouwde kom,Tss. 2 best.: langs opzij (voor-/achterkant-flank),Geen hindernis
36194,11,Aalst 3,Aalst,50.93385,4.01647,2.254951234790166,50.941407231517715,4.0463328018392275,2022,11,11,41002,Aalst,Normaal,Droog,Dag,met lichtgewonden,9,personenauto,3,Fiets,Buiten Kruispunt,Gemeenteweg,binnen bebouwde kom,Tss. 2 best.: langs opzij (voor-/achterkant-flank),Geen hindernis
36194,19,Aalst 1,Aalst,50.93433,4.01471,2.351432069627204,50.941407231517715,4.0463328018392275,2022,11,11,41002,Aalst,Normaal,Droog,Dag,met lichtgewonden,9,personenauto,3,Fiets,Buiten Kruispunt,Gemeenteweg,binnen bebouwde kom,Tss. 2 best.: langs opzij (voor-/achterkant-flank),Geen hindernis
36196,11,Aalst 3,Aalst,50.93385,4.01647,2.1031412049346234,50.934719703552766,4.046450415813598,2022,11,16,41002,Aalst,Normaal,Droog,Dag,met lichtgewonden,9,personenauto,3,Fiets,Op Kruispunt,Gewestweg,binnen bebouwde kom,Tss. 2 best.: langs opzij (voor-/achterkant-flank),Geen hindernis
36196,10,Aalst 2,Aalst,50.93549,4.01571,2.1558388535185617,50.934719703552766,4.046450415813598,2022,11,16,41002,Aalst,Normaal,Droog,Dag,met lichtgewonden,9,personenauto,3,Fiets,Op Kruispunt,Gewestweg,binnen bebouwde kom,Tss. 2 best.: langs opzij (voor-/achterkant-flank),Geen hindernis
36196,19,Aalst 1,Aalst,50.93433,4.01471,2.224661527997253,50.934719703552766,4.046450415813598,2022,11,16,41002,Aalst,Normaal,Droog,Dag,met lichtgewonden,9,personenauto,3,Fiets,Op Kruispunt,Gewestweg,binnen bebouwde kom,Tss. 2 best.: langs opzij (voor-/achterkant-flank),Geen hindernis
36198,11,Aalst 3,Aalst,50.93385,4.01647,2.376067093708907,50.91368694391714,4.027694717066364,2022,11,8,41002,Aalst,Normaal,Droog,Dageraad - schemering,met lichtgewonden,9,personenauto,3,Fiets,Buiten Kruispunt,Gemeenteweg,binnen bebouwde kom,Tss. 2 best.: langs opzij (voor-/achterkant-flank),Geen hindernis
36198,19,Aalst 1,Aalst,50.93433,4.01471,2.4692503768765572,50.91368694391714,4.027694717066364,2022,11,8,41002,Aalst,Normaal,Droog,Dageraad - schemering,met lichtgewonden,9,personenauto,3,Fiets,Buiten Kruispunt,Gemeenteweg,binnen bebouwde kom,Tss. 2 best.: langs opzij (voor-/achterkant-flank),Geen hindernis
36199,11,Aalst 3,Aalst,50.93385,4.01647,1.8603334626262547,50.93442375555728,4.043001555292651,2022,11,8,41002,Aalst,Regenval,"Nat, plassen",Dag,met lichtgewonden,9,personenauto,3,Fiets,Buiten Kruispunt,Gemeenteweg,binnen bebouwde kom,Tss. 2 best.: langs opzij (voor-/achterkant-flank),Geen hindernis
36199,10,Aalst 2,Aalst,50.93549,4.01571,1.9161351143568282,50.93442375555728,4.043001555292651,2022,11,8,41002,Aalst,Regenval,"Nat, plassen",Dag,met lichtgewonden,9,personenauto,3,Fiets,Buiten Kruispunt,Gemeenteweg,binnen bebouwde kom,Tss. 2 best.: langs opzij (voor-/achterkant-flank),Geen hindernis
36199,19,Aalst 1,Aalst,50.93433,4.01471,1.9825910365764534,50.93442375555728,4.043001555292651,2022,11,8,41002,Aalst,Regenval,"Nat, plassen",Dag,met lichtgewonden,9,personenauto,3,Fiets,Buiten Kruispunt,Gemeenteweg,binnen bebouwde kom,Tss. 2 best.: langs opzij (voor-/achterkant-flank),Geen hindernis
36206,122,Dendermonde teller 2,Dendermonde,51.0373918,4.1019222,0.7338753754305107,51.043256776315,4.097108589247023,2022,11,10,42006,Dendermonde,Normaal,Droog,Dag,met lichtgewonden,3,Fiets,10,"één bestuurder, geen hindernis",Buiten Kruispunt,Gewestweg,buiten bebouwde kom,"Eén bestuurder, geen hindernis (incl. val)",Geen hindernis
36206,125,Dendermonde totem,Dendermonde,51.0372706,4.1025998,0.7684177614943067,51.043256776315,4.097108589247023,2022,11,10,42006,Dendermonde,Normaal,Droog,Dag,met lichtgewonden,3,Fiets,10,"één bestuurder, geen hindernis",Buiten Kruispunt,Gewestweg,buiten bebouwde kom,"Eén bestuurder, geen hindernis (incl. val)",Geen hindernis
36207,122,Dendermonde teller 2,Dendermonde,51.0373918,4.1019222,0.45472085288904274,51.041443718086065,4.102800761976594,2022,11,9,42006,Dendermonde,Normaal,Droog,Dag,met lichtgewonden,3,Fiets,9,personenauto,Op Kruispunt,Gewestweg,binnen bebouwde kom,Tss. 2 best.: langs opzij (voor-/achterkant-flank),Geen hindernis
36207,125,Dendermonde totem,Dendermonde,51.0372706,4.1025998,0.4642422405459269,51.041443718086065,4.102800761976594,2022,11,9,42006,Dendermonde,Normaal,Droog,Dag,met lichtgewonden,3,Fiets,9,personenauto,Op Kruispunt,Gewestweg,binnen bebouwde kom,Tss. 2 best.: langs opzij (voor-/achterkant-flank),Geen hindernis
36209,125,Dendermonde totem,Dendermonde,51.0372706,4.1025998,2.345983251151345,51.05534868308641,4.1199005508320266,2022,11,13,42006,Dendermonde,Normaal,Droog,Dag,met lichtgewonden,3,Fiets,10,"één bestuurder, geen hindernis",Buiten Kruispunt,Gemeenteweg,binnen bebouwde kom,"Eén bestuurder, geen hindernis (incl. val)",Geen hindernis
36209,122,Dendermonde teller 2,Dendermonde,51.0373918,4.1019222,2.359334267266943,51.05534868308641,4.1199005508320266,2022,11,13,42006,Dendermonde,Normaal,Droog,Dag,met lichtgewonden,3,Fiets,10,"één bestuurder, geen hindernis",Buiten Kruispunt,Gemeenteweg,binnen bebouwde kom,"Eén bestuurder, geen hindernis (incl. val)",Geen hindernis
36211,20,Brugge,Brugge,51.17416,3.20048,1.8751147754520958,51.16920008941309,3.174773964063002,2022,11,11,31005,Brugge,Normaal,Droog,Dag,met lichtgewonden,9,personenauto,3,Fiets,Op Kruispunt,Gewestweg,buiten bebouwde kom,Tss. 2 best.: langs opzij (voor-/achterkant-flank),Geen hindernis
36214,51,"Brugge, Sint-Andries",Brugge,51.19281,3.16252,2.1953282958262768,51.17308627399361,3.1611263880080536,2022,11,9,31005,Brugge,Normaal,Droog,Dag,met zwaargewonden,3,Fiets,3,Fiets,Buiten Kruispunt,Gemeenteweg,buiten bebouwde kom,Tussen 2 bestuurders: Flank tegen flank,Geen hindernis
36214,50,"Brugge, Sint-Andries",Brugge,51.19291,3.16252,2.2064369486548436,51.17308627399361,3.1611263880080536,2022,11,9,31005,Brugge,Normaal,Droog,Dag,met zwaargewonden,3,Fiets,3,Fiets,Buiten Kruispunt,Gemeenteweg,buiten bebouwde kom,Tussen 2 bestuurders: Flank tegen flank,Geen hindernis
36215,53,Brugge teller 1,Brugge,51.23023,3.228,1.775243301884254,51.21931832004609,3.209390944630594,2022,11,11,31005,Brugge,Normaal,Droog,Dag,met lichtgewonden,9,personenauto,3,Fiets,Op Kruispunt,Gewestweg,buiten bebouwde kom,Tss. 2 best.: langs opzij (voor-/achterkant-flank),Geen hindernis
36215,54,Brugge teller 2,Brugge,51.23015,3.22818,1.7783781893910557,51.21931832004609,3.209390944630594,2022,11,11,31005,Brugge,Normaal,Droog,Dag,met lichtgewonden,9,personenauto,3,Fiets,Op Kruispunt,Gewestweg,buiten bebouwde kom,Tss. 2 best.: langs opzij (voor-/achterkant-flank),Geen hindernis
36215,52,Brugge,Brugge,51.22632,3.24095,2.3316166221892503,51.21931832004609,3.209390944630594,2022,11,11,31005,Brugge,Normaal,Droog,Dag,met lichtgewonden,9,personenauto,3,Fiets,Op Kruispunt,Gewestweg,buiten bebouwde kom,Tss. 2 best.: langs opzij (voor-/achterkant-flank),Geen hindernis
36215,142,TEST Validatie BRUGGE Y2H22022134,Brugge,51.22632,3.24095,2.3316166221892503,51.21931832004609,3.209390944630594,2022,11,11,31005,Brugge,Normaal,Droog,Dag,met lichtgewonden,9,personenauto,3,Fiets,Op Kruispunt,Gewestweg,buiten bebouwde kom,Tss. 2 best.: langs opzij (voor-/achterkant-flank),Geen hindernis
36217,142,TEST Validatie BRUGGE Y2H22022134,Brugge,51.22632,3.24095,1.7251136989348435,51.21107443711916,3.2363595442127537,2022,11,9,31005,Brugge,Normaal,Droog,Dag,met lichtgewonden,9,personenauto,3,Fiets,Op Kruispunt,Gewestweg,binnen bebouwde kom,Tss. 2 best.: langs opzij (voor-/achterkant-flank),Geen hindernis
36217,52,Brugge,Brugge,51.22632,3.24095,1.7251136989348435,51.21107443711916,3.2363595442127537,2022,11,9,31005,Brugge,Normaal,Droog,Dag,met lichtgewonden,9,personenauto,3,Fiets,Op Kruispunt,Gewestweg,binnen bebouwde kom,Tss. 2 best.: langs opzij (voor-/achterkant-flank),Geen hindernis
36217,54,Brugge teller 2,Brugge,51.23015,3.22818,2.1962690821791315,51.21107443711916,3.2363595442127537,2022,11,9,31005,Brugge,Normaal,Droog,Dag,met lichtgewonden,9,personenauto,3,Fiets,Op Kruispunt,Gewestweg,binnen bebouwde kom,Tss. 2 best.: langs opzij (voor-/achterkant-flank),Geen hindernis
36217,53,Brugge teller 1,Brugge,51.23023,3.228,2.208133349093003,51.21107443711916,3.2363595442127537,2022,11,9,31005,Brugge,Normaal,Droog,Dag,met lichtgewonden,9,personenauto,3,Fiets,Op Kruispunt,Gewestweg,binnen bebouwde kom,Tss. 2 best.: langs opzij (voor-/achterkant-flank),Geen hindernis
36221,142,TEST Validatie BRUGGE Y2H22022134,Brugge,51.22632,3.24095,0.6905578438416224,51.221518289367914,3.234661250202125,2022,11,9,31005,Brugge,Normaal,Droog+Proper,Dag,met lichtgewonden,3,Fiets,9,personenauto,Op Kruispunt,Gewestweg,binnen bebouwde kom,Tss. 2 best.: langs opzij (voor-/achterkant-flank),Geen hindernis
36221,52,Brugge,Brugge,51.22632,3.24095,0.6905578438416224,51.221518289367914,3.234661250202125,2022,11,9,31005,Brugge,Normaal,Droog+Proper,Dag,met lichtgewonden,3,Fiets,9,personenauto,Op Kruispunt,Gewestweg,binnen bebouwde kom,Tss. 2 best.: langs opzij (voor-/achterkant-flank),Geen hindernis
36221,54,Brugge teller 2,Brugge,51.23015,3.22818,1.0606217355911576,51.221518289367914,3.234661250202125,2022,11,9,31005,Brugge,Normaal,Droog+Proper,Dag,met lichtgewonden,3,Fiets,9,personenauto,Op Kruispunt,Gewestweg,binnen bebouwde kom,Tss. 2 best.: langs opzij (voor-/achterkant-flank),Geen hindernis
36221,53,Brugge teller 1,Brugge,51.23023,3.228,1.074031993090297,51.221518289367914,3.234661250202125,2022,11,9,31005,Brugge,Normaal,Droog+Proper,Dag,met lichtgewonden,3,Fiets,9,personenauto,Op Kruispunt,Gewestweg,binnen bebouwde kom,Tss. 2 best.: langs opzij (voor-/achterkant-flank),Geen hindernis
36222,142,TEST Validatie BRUGGE Y2H22022134,Brugge,51.22632,3.24095,1.762174992407647,51.210570812499476,3.2437656116946507,2022,11,17,31005,Brugge,Normaal,Droog,Dag,met lichtgewonden,9,personenauto,3,Fiets,Buiten Kruispunt,Gewestweg,binnen bebouwde kom,Tss. 2 best.: langs opzij (voor-/achterkant-flank),Geen hindernis
36222,52,Brugge,Brugge,51.22632,3.24095,1.762174992407647,51.210570812499476,3.2437656116946507,2022,11,17,31005,Brugge,Normaal,Droog,Dag,met lichtgewonden,9,personenauto,3,Fiets,Buiten Kruispunt,Gewestweg,binnen bebouwde kom,Tss. 2 best.: langs opzij (voor-/achterkant-flank),Geen hindernis
36222,54,Brugge teller 2,Brugge,51.23015,3.22818,2.432692673834926,51.210570812499476,3.2437656116946507,2022,11,17,31005,Brugge,Normaal,Droog,Dag,met lichtgewonden,9,personenauto,3,Fiets,Buiten Kruispunt,Gewestweg,binnen bebouwde kom,Tss. 2 best.: langs opzij (voor-/achterkant-flank),Geen hindernis
36222,53,Brugge teller 1,Brugge,51.23023,3.228,2.44625744998573,51.210570812499476,3.2437656116946507,2022,11,17,31005,Brugge,Normaal,Droog,Dag,met lichtgewonden,9,personenauto,3,Fiets,Buiten Kruispunt,Gewestweg,binnen bebouwde kom,Tss. 2 best.: langs opzij (voor-/achterkant-flank),Geen hindernis
36223,142,TEST Validatie BRUGGE Y2H22022134,Brugge,51.22632,3.24095,0.8658268040682641,51.21912043865713,3.236214265822276,2022,11,8,31005,Brugge,Normaal,Droog,Dageraad - schemering,met lichtgewonden,6,Bromfiets,3,Fiets,Buiten Kruispunt,Gewestweg,binnen bebouwde kom,Tss. 2 best.: langs opzij (voor-/achterkant-flank),Geen hindernis
36223,52,Brugge,Brugge,51.22632,3.24095,0.8658268040682641,51.21912043865713,3.236214265822276,2022,11,8,31005,Brugge,Normaal,Droog,Dageraad - schemering,met lichtgewonden,6,Bromfiets,3,Fiets,Buiten Kruispunt,Gewestweg,binnen bebouwde kom,Tss. 2 best.: langs opzij (voor-/achterkant-flank),Geen hindernis
36223,54,Brugge teller 2,Brugge,51.23015,3.22818,1.3480215181896542,51.21912043865713,3.236214265822276,2022,11,8,31005,Brugge,Normaal,Droog,Dageraad - schemering,met lichtgewonden,6,Bromfiets,3,Fiets,Buiten Kruispunt,Gewestweg,binnen bebouwde kom,Tss. 2 best.: langs opzij (voor-/achterkant-flank),Geen hindernis
36223,53,Brugge teller 1,Brugge,51.23023,3.228,1.3613388875093326,51.21912043865713,3.236214265822276,2022,11,8,31005,Brugge,Normaal,Droog,Dageraad - schemering,met lichtgewonden,6,Bromfiets,3,Fiets,Buiten Kruispunt,Gewestweg,binnen bebouwde kom,Tss. 2 best.: langs opzij (voor-/achterkant-flank),Geen hindernis
36224,53,Brugge teller 1,Brugge,51.23023,3.228,1.5499528930694764,51.22705801703329,3.206324738776206,2022,11,11,31005,Brugge,Normaal,"Nat, plassen",Dag,met lichtgewonden,9,personenauto,3,Fiets,Buiten Kruispunt,Gewestweg,binnen bebouwde kom,Tss. 2 best.: langs opzij (voor-/achterkant-flank),Geen hindernis
36224,54,Brugge teller 2,Brugge,51.23015,3.22818,1.5601772786745498,51.22705801703329,3.206324738776206,2022,11,11,31005,Brugge,Normaal,"Nat, plassen",Dag,met lichtgewonden,9,personenauto,3,Fiets,Buiten Kruispunt,Gewestweg,binnen bebouwde kom,Tss. 2 best.: langs opzij (voor-/achterkant-flank),Geen hindernis
36224,52,Brugge,Brugge,51.22632,3.24095,2.4125189360822756,51.22705801703329,3.206324738776206,2022,11,11,31005,Brugge,Normaal,"Nat, plassen",Dag,met lichtgewonden,9,personenauto,3,Fiets,Buiten Kruispunt,Gewestweg,binnen bebouwde kom,Tss. 2 best.: langs opzij (voor-/achterkant-flank),Geen hindernis
36224,142,TEST Validatie BRUGGE Y2H22022134,Brugge,51.22632,3.24095,2.4125189360822756,51.22705801703329,3.206324738776206,2022,11,11,31005,Brugge,Normaal,"Nat, plassen",Dag,met lichtgewonden,9,personenauto,3,Fiets,Buiten Kruispunt,Gewestweg,binnen bebouwde kom,Tss. 2 best.: langs opzij (voor-/achterkant-flank),Geen hindernis
36225,20,Brugge,Brugge,51.17416,3.20048,1.7955055322270481,51.18847582343899,3.2123959179088803,2022,11,8,31005,Brugge,Normaal,Droog,Dag,met lichtgewonden,3,Fiets,3,Fiets,Buiten Kruispunt,Gemeenteweg,binnen bebouwde kom,Tussen 2 bestuurders: Flank tegen flank,Geen hindernis
36226,20,Brugge,Brugge,51.17416,3.20048,1.4970852750706773,51.18727902761108,3.205308049321457,2022,11,15,31005,Brugge,Normaal,Droog,Dag,met lichtgewonden,3,Fiets,3,Fiets,Buiten Kruispunt,Gemeenteweg,binnen bebouwde kom,Tss. 2 best.: langs opzij (voor-/achterkant-flank),Geen hindernis
36228,53,Brugge teller 1,Brugge,51.23023,3.228,2.2425813307454026,51.217155889474,3.2034801605515235,2022,11,10,31005,Brugge,Normaal,Droog,Dag,met lichtgewonden,3,Fiets,3,Fiets,Buiten Kruispunt,Gemeenteweg,binnen bebouwde kom,Tss. 2 best.: langs opzij (voor-/achterkant-flank),Geen hindernis
36228,54,Brugge teller 2,Brugge,51.23015,3.22818,2.246409683772166,51.217155889474,3.2034801605515235,2022,11,10,31005,Brugge,Normaal,Droog,Dag,met lichtgewonden,3,Fiets,3,Fiets,Buiten Kruispunt,Gemeenteweg,binnen bebouwde kom,Tss. 2 best.: langs opzij (voor-/achterkant-flank),Geen hindernis
36229,50,"Brugge, Sint-Andries",Brugge,51.19291,3.16252,1.8530953151099316,51.19855455397322,3.187541895449334,2022,11,12,31005,Brugge,Normaal,Droog,Dag,met lichtgewonden,3,Fiets,8,Voetganger,Buiten Kruispunt,Gewestweg,buiten bebouwde kom,Met een voetganger,Geen hindernis
36229,51,"Brugge, Sint-Andries",Brugge,51.19281,3.16252,1.8568927520440623,51.19855455397322,3.187541895449334,2022,11,12,31005,Brugge,Normaal,Droog,Dag,met lichtgewonden,3,Fiets,8,Voetganger,Buiten Kruispunt,Gewestweg,buiten bebouwde kom,Met een voetganger,Geen hindernis
36247,20,Brugge,Brugge,51.17416,3.20048,2.0867759246727555,51.15569676242841,3.1951187434265997,2022,11,19,31040,Zedelgem,Normaal,Droog,"Nacht, openbare verlichting aanwezig en ontstoken",met lichtgewonden,3,Fiets,9,personenauto,Buiten Kruispunt,Gewestweg,binnen bebouwde kom,Tss. 2 best.: langs opzij (voor-/achterkant-flank),Geen hindernis
36253,59,Ardooie teller 1,Ardooie,50.96784,3.18479,1.7343818555416768,50.975457706586056,3.206404803962118,2022,11,7,37020,Ardooie,Regenval,"Nat, plassen","Nacht, openb. verlicht. aanw., maar niet ontstoken",met zwaargewonden,4,Vrachtwagen,3,Fiets,Op Kruispunt,Gewestweg,buiten bebouwde kom,Tss. 2 best.: langs opzij (voor-/achterkant-flank),Geen hindernis
36253,60,Ardooie teller 2,Ardooie,50.96783,3.18411,1.7766137180564912,50.975457706586056,3.206404803962118,2022,11,7,37020,Ardooie,Regenval,"Nat, plassen","Nacht, openb. verlicht. aanw., maar niet ontstoken",met zwaargewonden,4,Vrachtwagen,3,Fiets,Op Kruispunt,Gewestweg,buiten bebouwde kom,Tss. 2 best.: langs opzij (voor-/achterkant-flank),Geen hindernis