crash_row_id,site_id,site_name,site_gemeente,site_lat,site_long,distance_km,crash_lat,crash_long,DT_YEAR_COLLISION,DT_MONTH_COLLISION,DT_TIME,CD_NIS,TX_MUNTY_COLLISION_NL,TX_WEATHER_NL,TX_ROAD_CONDITION_NL,TX_LIGHT_CONDITION_NL,TX_CLASS_ACCIDENTS_NL,CD_ROAD_USR_TYPE1,TX_ROAD_USR_TYPE1_NL,CD_ROAD_USR_TYPE2,TX_ROAD_USR_TYPE2_NL,TX_CROSSWAY_NL,CD_ROAD_TYPE_NL,TX_BUILD_UP_AREA_NL,TX_COLLISION_TYPE_NL,TX_OBSTACLES_NL
36256,15,Oostende 2,Oostende,51.21371,2.92743,1.6587160671965209,51.20748486608136,2.905790631286541,2022,11,17,35013,Oostende,Normaal,"Nat, plassen",Dageraad - schemering,met lichtgewonden,9,personenauto,3,Fiets,Op Kruispunt,Gemeenteweg,binnen bebouwde kom,Tussen 2 bestuurders: Flank tegen flank,Geen hindernis
36256,18,Oostende 1,Oostende,51.21378,2.92765,1.675890167630214,51.20748486608136,2.905790631286541,2022,11,17,35013,Oostende,Normaal,"Nat, plassen",Dageraad - schemering,met lichtgewonden,9,personenauto,3,Fiets,Op Kruispunt,Gemeenteweg,binnen bebouwde kom,Tussen 2 bestuurders: Flank tegen flank,Geen hindernis
36257,15,Oostende 2,Oostende,51.21371,2.92743,1.4651830475436463,51.21413335471963,2.9064057317452763,2022,11,11,35013,Oostende,Normaal,Droog,Dag,met lichtgewonden,3,Fiets,9,personenauto,Op Kruispunt,Gewestweg,binnen bebouwde kom,Tss. 2 best.: langs opzij (voor-/achterkant-flank),Geen hindernis
36257,18,Oostende 1,Oostende,51.21378,2.92765,1.4802709468946642,51.21413335471963,2.9064057317452763,2022,11,11,35013,Oostende,Normaal,Droog,Dag,met lichtgewonden,3,Fiets,9,personenauto,Op Kruispunt,Gewestweg,binnen bebouwde kom,Tss. 2 best.: langs opzij (voor-/achterkant-flank),Geen hindernis
36259,15,Oostende 2,Oostende,51.21371,2.92743,1.7997742578870177,51.20640653604964,2.90437321622692,2022,11,16,35013,Oostende,Normaal,Droog,Dag,met lichtgewonden,9,personenauto,3,Fiets,Buiten Kruispunt,Gewestweg,binnen bebouwde kom,Tussen 2 bestuurders: Flank tegen flank,Geen hindernis
36259,18,Oostende 1,Oostende,51.21378,2.92765,1.8169616887570639,51.20640653604964,2.90437321622692,2022,11,16,35013,Oostende,Normaal,Droog,Dag,met lichtgewonden,9,personenauto,3,Fiets,Buiten Kruispunt,Gewestweg,binnen bebouwde kom,Tussen 2 bestuurders: Flank tegen flank,Geen hindernis
36267,56,Torhout teller 2,Torhout,51.07147,3.08244,0.14577638376367227,51.07212376360323,3.080631508786163,2022,11,17,31033,Torhout,Normaal,Droog,"Nacht, openbare verlichting aanwezig en ontstoken",met lichtgewonden,9,personenauto,3,Fiets,Op Kruispunt,Gewestweg,binnen bebouwde kom,Tss. 2 best.: langs opzij (voor-/achterkant-flank),Geen hindernis
36267,55,Torhout teller 1,Torhout,51.07161,3.08261,0.149574239944794,51.07212376360323,3.080631508786163,2022,11,17,31033,Torhout,Normaal,Droog,"Nacht, openbare verlichting aanwezig en ontstoken",met lichtgewonden,9,personenauto,3,Fiets,Op Kruispunt,Gewestweg,binnen bebouwde kom,Tss. 2 best.: langs opzij (voor-/achterkant-flank),Geen hindernis
36268,84,Roeselare totem,Izegem,50.91717,3.18772,1.022560921953986,50.92162734759953,3.2004793542193446,2022,11,4,36008,Izegem,"Andere (dikke rook,...)",Droog,"Nacht, openbare verlichting aanwezig en ontstoken",met lichtgewonden,3,Fiets,5,Lichte vrachtauto,Op Kruispunt,Gewestweg,binnen bebouwde kom,Tss. 2 best.: langs opzij (voor-/achterkant-flank),Geen hindernis
36271,84,Roeselare totem,Izegem,50.91717,3.18772,2.3563768524838697,50.90648996798927,3.21674918038257,2022,11,18,36008,Izegem,Normaal,"Nat, plassen","Nacht, openbare verlichting aanwezig en ontstoken",met lichtgewonden,9,personenauto,3,Fiets,Buiten Kruispunt,Gemeenteweg,binnen bebouwde kom,Tss. 2 best.: langs opzij (voor-/achterkant-flank),Geen hindernis
36272,58,Meulebeke teller 2,Meulebeke,50.96021,3.24471,2.216118914167367,50.944922128719085,3.2244132436296864,2022,11,6,36008,Izegem,Normaal,"Nat, plassen","Nacht, openbare verlichting aanwezig en ontstoken",met lichtgewonden,5,Lichte vrachtauto,3,Fiets,Buiten Kruispunt,Gemeenteweg,buiten bebouwde kom,Tss. 2 best.: langs opzij (voor-/achterkant-flank),Geen hindernis
36272,57,Meulebeke teller 1,Meulebeke,50.96056,3.24491,2.2550016167649805,50.944922128719085,3.2244132436296864,2022,11,6,36008,Izegem,Normaal,"Nat, plassen","Nacht, openbare verlichting aanwezig en ontstoken",met lichtgewonden,5,Lichte vrachtauto,3,Fiets,Buiten Kruispunt,Gemeenteweg,buiten bebouwde kom,Tss. 2 best.: langs opzij (voor-/achterkant-flank),Geen hindernis
36276,84,Roeselare totem,Izegem,50.91717,3.18772,1.6628720614622847,50.91417318010652,3.210958802663496,2022,11,12,36008,Izegem,Normaal,Droog,Dag,met lichtgewonden,9,personenauto,3,Fiets,Buiten Kruispunt,Gemeenteweg,binnen bebouwde kom,Tussen 2 bestuurders: Flank tegen flank,Geen hindernis
36277,84,Roeselare totem,Izegem,50.91717,3.18772,1.5274417051859335,50.90818238386018,3.2041962216436426,2022,11,16,36008,Izegem,Normaal,Droog,"Nacht, openbare verlichting aanwezig en ontstoken",met zwaargewonden,9,personenauto,3,Fiets,Op Kruispunt,Gemeenteweg,binnen bebouwde kom,Tussen 2 bestuurders: Frontale botsing,Geen hindernis
36285,61,Wervik teller 2,Wervik,50.80555,3.0921,0.8452327831000283,50.801997814582606,3.1027337797371515,2022,11,9,34027,Menen,Normaal,Droog,Dag,met zwaargewonden,3,Fiets,9,personenauto,Op Kruispunt,Gewestweg,binnen bebouwde kom,Tussen 2 bestuurders: Frontale botsing,Geen hindernis
36285,62,Wervik teller 1,Wervik,50.8058,3.09154,0.8930344947018967,50.801997814582606,3.1027337797371515,2022,11,9,34027,Menen,Normaal,Droog,Dag,met zwaargewonden,3,Fiets,9,personenauto,Op Kruispunt,Gewestweg,binnen bebouwde kom,Tussen 2 bestuurders: Frontale botsing,Geen hindernis
36286,17,Kortrijk 2,Kortrijk,50.83339,3.27773,1.398093699863566,50.84419167151796,3.267539554540834,2022,11,17,34022,Kortrijk,Normaal,Droog,Dageraad - schemering,met zwaargewonden,9,personenauto,3,Fiets,Buiten Kruispunt,Gewestweg,binnen bebouwde kom,Tss. 2 best.: langs opzij (voor-/achterkant-flank),Geen hindernis
36286,16,Kortrijk 1,Kortrijk,50.83332,3.27777,1.406219324694834,50.84419167151796,3.267539554540834,2022,11,17,34022,Kortrijk,Normaal,Droog,Dageraad - schemering,met zwaargewonden,9,personenauto,3,Fiets,Buiten Kruispunt,Gewestweg,binnen bebouwde kom,Tss. 2 best.: langs opzij (voor-/achterkant-flank),Geen hindernis
36286,143,Eco Display Classic Budastraat,Kortrijk,50.83066,3.26286,1.5401184319549814,50.84419167151796,3.267539554540834,2022,11,17,34022,Kortrijk,Normaal,Droog,Dageraad - schemering,met zwaargewonden,9,personenauto,3,Fiets,Buiten Kruispunt,Gewestweg,binnen bebouwde kom,Tss. 2 best.: langs opzij (voor-/achterkant-flank),Geen hindernis
36287,75,Kortrijk teller 2,Kortrijk,50.81925,3.25731,1.0419458856125574,50.82164555525051,3.271649564724782,2022,11,8,34022,Kortrijk,Mist (zichtbaarheid minder dan 100m),"Nat, plassen",Dag,met zwaargewonden,8,Voetganger,3,Fiets,Buiten Kruispunt,Gemeenteweg,binnen bebouwde kom,Met een voetganger,Geen hindernis
36287,74,Kortrijk teller 1,Kortrijk,50.81909,3.25728,1.0486656345540672,50.82164555525051,3.271649564724782,2022,11,8,34022,Kortrijk,Mist (zichtbaarheid minder dan 100m),"Nat, plassen",Dag,met zwaargewonden,8,Voetganger,3,Fiets,Buiten Kruispunt,Gemeenteweg,binnen bebouwde kom,Met een voetganger,Geen hindernis
36287,143,Eco Display Classic Budastraat,Kortrijk,50.83066,3.26286,1.1772314298595363,50.82164555525051,3.271649564724782,2022,11,8,34022,Kortrijk,Mist (zichtbaarheid minder dan 100m),"Nat, plassen",Dag,met zwaargewonden,8,Voetganger,3,Fiets,Buiten Kruispunt,Gemeenteweg,binnen bebouwde kom,Met een voetganger,Geen hindernis
36287,16,Kortrijk 1,Kortrijk,50.83332,3.27777,1.3674659780363787,50.82164555525051,3.271649564724782,2022,11,8,34022,Kortrijk,Mist (zichtbaarheid minder dan 100m),"Nat, plassen",Dag,met zwaargewonden,8,Voetganger,3,Fiets,Buiten Kruispunt,Gemeenteweg,binnen bebouwde kom,Met een voetganger,Geen hindernis
36287,17,Kortrijk 2,Kortrijk,50.83339,3.27773,1.3739812300126104,50.82164555525051,3.271649564724782,2022,11,8,34022,Kortrijk,Mist (zichtbaarheid minder dan 100m),"Nat, plassen",Dag,met zwaargewonden,8,Voetganger,3,Fiets,Buiten Kruispunt,Gemeenteweg,binnen bebouwde kom,Met een voetganger,Geen hindernis
36288,143,Eco Display Classic Budastraat,Kortrijk,50.83066,3.26286,0.38166279326623015,50.829627870645254,3.268042719375038,2022,11,14,34022,Kortrijk,Normaal,Droog,Dag,met zwaargewonden,3,Fiets,10,"één bestuurder, geen hindernis",Buiten Kruispunt,Gewestweg,binnen bebouwde kom,"Eén bestuurder, geen hindernis (incl. val)",Geen hindernis
36288,16,Kortrijk 1,Kortrijk,50.83332,3.27777,0.7970272726432075,50.829627870645254,3.268042719375038,2022,11,14,34022,Kortrijk,Normaal,Droog,Dag,met zwaargewonden,3,Fiets,10,"één bestuurder, geen hindernis",Buiten Kruispunt,Gewestweg,binnen bebouwde kom,"Eén bestuurder, geen hindernis (incl. val)",Geen hindernis
36288,17,Kortrijk 2,Kortrijk,50.83339,3.27773,0.7986695386324093,50.829627870645254,3.268042719375038,2022,11,14,34022,Kortrijk,Normaal,Droog,Dag,met zwaargewonden,3,Fiets,10,"één bestuurder, geen hindernis",Buiten Kruispunt,Gewestweg,binnen bebouwde kom,"Eén bestuurder, geen hindernis (incl. val)",Geen hindernis
36288,75,Kortrijk teller 2,Kortrijk,50.81925,3.25731,1.3783977812834285,50.829627870645254,3.268042719375038,2022,11,14,34022,Kortrijk,Normaal,Droog,Dag,met zwaargewonden,3,Fiets,10,"één bestuurder, geen hindernis",Buiten Kruispunt,Gewestweg,binnen bebouwde kom,"Eén bestuurder, geen hindernis (incl. val)",Geen hindernis
36288,74,Kortrijk teller 1,Kortrijk,50.81909,3.25728,1.3944681739313647,50.829627870645254,3.268042719375038,2022,11,14,34022,Kortrijk,Normaal,Droog,Dag,met zwaargewonden,3,Fiets,10,"één bestuurder, geen hindernis",Buiten Kruispunt,Gewestweg,binnen bebouwde kom,"Eén bestuurder, geen hindernis (incl. val)",Geen hindernis
36290,16,Kortrijk 1,Kortrijk,50.83332,3.27777,0.8688340726813786,50.82556202426367,3.279243615139692,2022,11,8,34022,Kortrijk,Normaal,Droog,Dag,met lichtgewonden,3,Fiets,3,Fiets,Buiten Kruispunt,Gemeenteweg,binnen bebouwde kom,Tussen 2 bestuurders: Flank tegen flank,Geen hindernis
36290,17,Kortrijk 2,Kortrijk,50.83339,3.27773,0.876898921867691,50.82556202426367,3.279243615139692,2022,11,8,34022,Kortrijk,Normaal,Droog,Dag,met lichtgewonden,3,Fiets,3,Fiets,Buiten Kruispunt,Gemeenteweg,binnen bebouwde kom,Tussen 2 bestuurders: Flank tegen flank,Geen hindernis
36290,143,Eco Display Classic Budastraat,Kortrijk,50.83066,3.26286,1.2827713498593607,50.82556202426367,3.279243615139692,2022,11,8,34022,Kortrijk,Normaal,Droog,Dag,met lichtgewonden,3,Fiets,3,Fiets,Buiten Kruispunt,Gemeenteweg,binnen bebouwde kom,Tussen 2 bestuurders: Flank tegen flank,Geen hindernis
36290,75,Kortrijk teller 2,Kortrijk,50.81925,3.25731,1.6930554192613567,50.82556202426367,3.279243615139692,2022,11,8,34022,Kortrijk,Normaal,Droog,Dag,met lichtgewonden,3,Fiets,3,Fiets,Buiten Kruispunt,Gemeenteweg,binnen bebouwde kom,Tussen 2 bestuurders: Flank tegen flank,Geen hindernis
36290,74,Kortrijk teller 1,Kortrijk,50.81909,3.25728,1.7024198829970032,50.82556202426367,3.279243615139692,2022,11,8,34022,Kortrijk,Normaal,Droog,Dag,met lichtgewonden,3,Fiets,3,Fiets,Buiten Kruispunt,Gemeenteweg,binnen bebouwde kom,Tussen 2 bestuurders: Flank tegen flank,Geen hindernis
36291,75,Kortrijk teller 2,Kortrijk,50.81925,3.25731,1.5316759066691854,50.81890120035027,3.279106299355891,2022,11,16,34022,Kortrijk,Regenval,"Nat, plassen","Nacht, openbare verlichting aanwezig en ontstoken",met lichtgewonden,3,Fiets,9,personenauto,Op Kruispunt,Gemeenteweg,binnen bebouwde kom,Tss. 2 best.: langs opzij (voor-/achterkant-flank),Geen hindernis
36291,74,Kortrijk teller 1,Kortrijk,50.81909,3.25728,1.533438611170757,50.81890120035027,3.279106299355891,2022,11,16,34022,Kortrijk,Regenval,"Nat, plassen","Nacht, openbare verlichting aanwezig en ontstoken",met lichtgewonden,3,Fiets,9,personenauto,Op Kruispunt,Gemeenteweg,binnen bebouwde kom,Tss. 2 best.: langs opzij (voor-/achterkant-flank),Geen hindernis
36291,16,Kortrijk 1,Kortrijk,50.83332,3.27777,1.6060424216129523,50.81890120035027,3.279106299355891,2022,11,16,34022,Kortrijk,Regenval,"Nat, plassen","Nacht, openbare verlichting aanwezig en ontstoken",met lichtgewonden,3,Fiets,9,personenauto,Op Kruispunt,Gemeenteweg,binnen bebouwde kom,Tss. 2 best.: langs opzij (voor-/achterkant-flank),Geen hindernis
36291,17,Kortrijk 2,Kortrijk,50.83339,3.27773,1.6139786660776683,50.81890120035027,3.279106299355891,2022,11,16,34022,Kortrijk,Regenval,"Nat, plassen","Nacht, openbare verlichting aanwezig en ontstoken",met lichtgewonden,3,Fiets,9,personenauto,Op Kruispunt,Gemeenteweg,binnen bebouwde kom,Tss. 2 best.: langs opzij (voor-/achterkant-flank),Geen hindernis
36291,143,Eco Display Classic Budastraat,Kortrijk,50.83066,3.26286,1.7354681877458136,50.81890120035027,3.279106299355891,2022,11,16,34022,Kortrijk,Regenval,"Nat, plassen","Nacht, openbare verlichting aanwezig en ontstoken",met lichtgewonden,3,Fiets,9,personenauto,Op Kruispunt,Gemeenteweg,binnen bebouwde kom,Tss. 2 best.: langs opzij (voor-/achterkant-flank),Geen hindernis
36292,17,Kortrijk 2,Kortrijk,50.83339,3.27773,2.4378020476784736,50.854494651327556,3.2871315283360736,2022,11,10,34023,Kuurne,Normaal,Droog,Dag,met lichtgewonden,9,personenauto,3,Fiets,Op Kruispunt,Gemeenteweg,binnen bebouwde kom,Tss. 2 best.: langs opzij (voor-/achterkant-flank),Geen hindernis
36292,16,Kortrijk 1,Kortrijk,50.83332,3.27777,2.444539298249948,50.854494651327556,3.2871315283360736,2022,11,10,34023,Kuurne,Normaal,Droog,Dag,met lichtgewonden,9,personenauto,3,Fiets,Op Kruispunt,Gemeenteweg,binnen bebouwde kom,Tss. 2 best.: langs opzij (voor-/achterkant-flank),Geen hindernis
36293,143,Eco Display Classic Budastraat,Kortrijk,50.83066,3.26286,0.5487879340044849,50.83132559507884,3.2551174365504947,2022,11,13,34022,Kortrijk,Normaal,Droog,Dag,met zwaargewonden,3,Fiets,6,Bromfiets,Buiten Kruispunt,Gewestweg,binnen bebouwde kom,Tussen 2 bestuurders: Flank tegen flank,Geen hindernis
36293,75,Kortrijk teller 2,Kortrijk,50.81925,3.25731,1.3515479686990164,50.83132559507884,3.2551174365504947,2022,11,13,34022,Kortrijk,Normaal,Droog,Dag,met zwaargewonden,3,Fiets,6,Bromfiets,Buiten Kruispunt,Gewestweg,binnen bebouwde kom,Tussen 2 bestuurders: Flank tegen flank,Geen hindernis
36293,74,Kortrijk teller 1,Kortrijk,50.81909,3.25728,1.3689893948967224,50.83132559507884,3.2551174365504947,2022,11,13,34022,Kortrijk,Normaal,Droog,Dag,met zwaargewonden,3,Fiets,6,Bromfiets,Buiten Kruispunt,Gewestweg,binnen bebouwde kom,Tussen 2 bestuurders: Flank tegen flank,Geen hindernis
36293,17,Kortrijk 2,Kortrijk,50.83339,3.27773,1.604579967861386,50.83132559507884,3.2551174365504947,2022,11,13,34022,Kortrijk,Normaal,Droog,Dag,met zwaargewonden,3,Fiets,6,Bromfiets,Buiten Kruispunt,Gewestweg,binnen bebouwde kom,Tussen 2 bestuurders: Flank tegen flank,Geen hindernis
36293,16,Kortrijk 1,Kortrijk,50.83332,3.27777,1.6062683669960045,50.83132559507884,3.2551174365504947,2022,11,13,34022,Kortrijk,Normaal,Droog,Dag,met zwaargewonden,3,Fiets,6,Bromfiets,Buiten Kruispunt,Gewestweg,binnen bebouwde kom,Tussen 2 bestuurders: Flank tegen flank,Geen hindernis
36295,74,Kortrijk teller 1,Kortrijk,50.81909,3.25728,1.043092979172332,50.8133632694912,3.2455203101653103,2022,11,18,34022,Kortrijk,Regenval,"Nat, plassen","Nacht, openbare verlichting aanwezig en ontstoken",met lichtgewonden,3,Fiets,9,personenauto,Buiten Kruispunt,Gemeenteweg,binnen bebouwde kom,Tussen 2 bestuurders: Flank tegen flank,Geen hindernis
36295,75,Kortrijk teller 2,Kortrijk,50.81925,3.25731,1.0556999272213072,50.8133632694912,3.2455203101653103,2022,11,18,34022,Kortrijk,Regenval,"Nat, plassen","Nacht, openbare verlichting aanwezig en ontstoken",met lichtgewonden,3,Fiets,9,personenauto,Buiten Kruispunt,Gemeenteweg,binnen bebouwde kom,Tussen 2 bestuurders: Flank tegen flank,Geen hindernis
36295,143,Eco Display Classic Budastraat,Kortrijk,50.83066,3.26286,2.276558643687565,50.8133632694912,3.2455203101653103,2022,11,18,34022,Kortrijk,Regenval,"Nat, plassen","Nacht, openbare verlichting aanwezig en ontstoken",met lichtgewonden,3,Fiets,9,personenauto,Buiten Kruispunt,Gemeenteweg,binnen bebouwde kom,Tussen 2 bestuurders: Flank tegen flank,Geen hindernis
36296,17,Kortrijk 2,Kortrijk,50.83339,3.27773,2.208694533100044,50.85317781045174,3.280469313663482,2022,10,18,34023,Kuurne,Onbekend,Onbekend,Onbekend,met lichtgewonden,3,Fiets,9,personenauto,Buiten Kruispunt,Gemeenteweg,binnen bebouwde kom,Tussen 2 bestuurders: Langs achteren,Geen hindernis
36296,16,Kortrijk 1,Kortrijk,50.83332,3.27777,2.2162067758361754,50.85317781045174,3.280469313663482,2022,10,18,34023,Kuurne,Onbekend,Onbekend,Onbekend,met lichtgewonden,3,Fiets,9,personenauto,Buiten Kruispunt,Gemeenteweg,binnen bebouwde kom,Tussen 2 bestuurders: Langs achteren,Geen hindernis
36297,16,Kortrijk 1,Kortrijk,50.83332,3.27777,0.6363346352528022,50.82851636683683,3.272845512072664,2022,11,17,34022,Kortrijk,Normaal,Droog,Dageraad - schemering,met lichtgewonden,9,personenauto,3,Fiets,Op Kruispunt,Gewestweg,binnen bebouwde kom,Tss. 2 best.: langs opzij (voor-/achterkant-flank),Geen hindernis
36297,17,Kortrijk 2,Kortrijk,50.83339,3.27773,0.6413750557389305,50.82851636683683,3.272845512072664,2022,11,17,34022,Kortrijk,Normaal,Droog,Dageraad - schemering,met lichtgewonden,9,personenauto,3,Fiets,Op Kruispunt,Gewestweg,binnen bebouwde kom,Tss. 2 best.: langs opzij (voor-/achterkant-flank),Geen hindernis
36297,143,Eco Display Classic Budastraat,Kortrijk,50.83066,3.26286,0.7407215552678685,50.82851636683683,3.272845512072664,2022,11,17,34022,Kortrijk,Normaal,Droog,Dageraad - schemering,met lichtgewonden,9,personenauto,3,Fiets,Op Kruispunt,Gewestweg,binnen bebouwde kom,Tss. 2 best.: langs opzij (voor-/achterkant-flank),Geen hindernis
36297,75,Kortrijk teller 2,Kortrijk,50.81925,3.25731,1.500834077925294,50.82851636683683,3.272845512072664,2022,11,17,34022,Kortrijk,Normaal,Droog,Dageraad - schemering,met lichtgewonden,9,personenauto,3,Fiets,Op Kruispunt,Gewestweg,binnen bebouwde kom,Tss. 2 best.: langs opzij (voor-/achterkant-flank),Geen hindernis
36297,74,Kortrijk teller 1,Kortrijk,50.81909,3.25728,1.5146254509180703,50.82851636683683,3.272845512072664,2022,11,17,34022,Kortrijk,Normaal,Droog,Dageraad - schemering,met lichtgewonden,9,personenauto,3,Fiets,Op Kruispunt,Gewestweg,binnen bebouwde kom,Tss. 2 best.: langs opzij (voor-/achterkant-flank),Geen hindernis
36298,74,Kortrijk teller 1,Kortrijk,50.81909,3.25728,1.5228630973165669,50.80564098930692,3.261373187666534,2022,11,15,34022,Kortrijk,Normaal,Droog,Dag,met zwaargewonden,3,Fiets,11,een weggebruiker tegen een hindernis,Buiten Kruispunt,Gemeenteweg,buiten bebouwde kom,Weggebruiker tegen hindernis buiten rijbaan,Onbekend
36298,75,Kortrijk teller 2,Kortrijk,50.81925,3.25731,1.539945595877246,50.80564098930692,3.261373187666534,2022,11,15,34022,Kortrijk,Normaal,Droog,Dag,met zwaargewonden,3,Fiets,11,een weggebruiker tegen een hindernis,Buiten Kruispunt,Gemeenteweg,buiten bebouwde kom,Weggebruiker tegen hindernis buiten rijbaan,Onbekend
36299,16,Kortrijk 1,Kortrijk,50.83332,3.27777,0.8939226079225973,50.830292235397934,3.289561155006799,2022,11,13,34022,Kortrijk,Normaal,Droog,Dag,met zwaargewonden,9,personenauto,3,Fiets,Op Kruispunt,Gemeenteweg,binnen bebouwde kom,Tss. 2 best.: langs opzij (voor-/achterkant-flank),Geen hindernis
36299,17,Kortrijk 2,Kortrijk,50.83339,3.27773,0.8994769474089762,50.830292235397934,3.289561155006799,2022,11,13,34022,Kortrijk,Normaal,Droog,Dag,met zwaargewonden,9,personenauto,3,Fiets,Op Kruispunt,Gemeenteweg,binnen bebouwde kom,Tss. 2 best.: langs opzij (voor-/achterkant-flank),Geen hindernis
36299,143,Eco Display Classic Budastraat,Kortrijk,50.83066,3.26286,1.8757375489366943,50.830292235397934,3.289561155006799,2022,11,13,34022,Kortrijk,Normaal,Droog,Dag,met zwaargewonden,9,personenauto,3,Fiets,Op Kruispunt,Gemeenteweg,binnen bebouwde kom,Tss. 2 best.: langs opzij (voor-/achterkant-flank),Geen hindernis
36300,74,Kortrijk teller 1,Kortrijk,50.81909,3.25728,1.9325022238888185,50.82014137221732,3.2298210427915546,2022,11,11,34022,Kortrijk,Normaal,Onbekend,Dag,met lichtgewonden,3,Fiets,6,Bromfiets,Buiten Kruispunt,Gemeenteweg,binnen bebouwde kom,Tss. 2 best.: langs opzij (voor-/achterkant-flank),Geen hindernis
36300,75,Kortrijk teller 2,Kortrijk,50.81925,3.25731,1.9336089714485984,50.82014137221732,3.2298210427915546,2022,11,11,34022,Kortrijk,Normaal,Onbekend,Dag,met lichtgewonden,3,Fiets,6,Bromfiets,Buiten Kruispunt,Gemeenteweg,binnen bebouwde kom,Tss. 2 best.: langs opzij (voor-/achterkant-flank),Geen hindernis
36301,143,Eco Display Classic Budastraat,Kortrijk,50.83066,3.26286,1.993822296389065,50.836800248999516,3.236185697685822,2022,11,13,34022,Kortrijk,Normaal,Droog,Dag,met lichtgewonden,9,personenauto,3,Fiets,Op Kruispunt,Gemeenteweg,binnen bebouwde kom,Tussen 2 bestuurders: Flank tegen flank,Geen hindernis
36301,75,Kortrijk teller 2,Kortrijk,50.81925,3.25731,2.451467111350645,50.836800248999516,3.236185697685822,2022,11,13,34022,Kortrijk,Normaal,Droog,Dag,met lichtgewonden,9,personenauto,3,Fiets,Op Kruispunt,Gemeenteweg,binnen bebouwde kom,Tussen 2 bestuurders: Flank tegen flank,Geen hindernis
36301,74,Kortrijk teller 1,Kortrijk,50.81909,3.25728,2.46438753065229,50.836800248999516,3.236185697685822,2022,11,13,34022,Kortrijk,Normaal,Droog,Dag,met lichtgewonden,9,personenauto,3,Fiets,Op Kruispunt,Gemeenteweg,binnen bebouwde kom,Tussen 2 bestuurders: Flank tegen flank,Geen hindernis
36302,17,Kortrijk 2,Kortrijk,50.83339,3.27773,0.555199931820618,50.83832501017884,3.2789317864082097,2022,11,8,34022,Kortrijk,Onbekend,Onbekend,Dag,met lichtgewonden,3,Fiets,3,Fiets,Buiten Kruispunt,Gemeenteweg,binnen bebouwde kom,Tussen 2 bestuurders: Frontale botsing,Geen hindernis
36302,16,Kortrijk 1,Kortrijk,50.83332,3.27777,0.5624800826058032,50.83832501017884,3.2789317864082097,2022,11,8,34022,Kortrijk,Onbekend,Onbekend,Dag,met lichtgewonden,3,Fiets,3,Fiets,Buiten Kruispunt,Gemeenteweg,binnen bebouwde kom,Tussen 2 bestuurders: Frontale botsing,Geen hindernis
36302,143,Eco Display Classic Budastraat,Kortrijk,50.83066,3.26286,1.4143268529565087,50.83832501017884,3.2789317864082097,2022,11,8,34022,Kortrijk,Onbekend,Onbekend,Dag,met lichtgewonden,3,Fiets,3,Fiets,Buiten Kruispunt,Gemeenteweg,binnen bebouwde kom,Tussen 2 bestuurders: Frontale botsing,Geen hindernis
36320,67,Ieper totem,Ieper,50.85018,2.85624,1.1238992366955156,50.84588276552974,2.8707296715371644,2022,11,11,33011,Ieper,"Andere (dikke rook,...)","Nat, plassen",Dag,met lichtgewonden,3,Fiets,10,"één bestuurder, geen hindernis",Buiten Kruispunt,Gemeenteweg,binnen bebouwde kom,"Eén bestuurder, geen hindernis (incl. val)",Geen hindernis
36320,68,Ieper,Ieper,50.85032,2.85608,1.1407215895752472,50.84588276552974,2.8707296715371644,2022,11,11,33011,Ieper,"Andere (dikke rook,...)","Nat, plassen",Dag,met lichtgewonden,3,Fiets,10,"één bestuurder, geen hindernis",Buiten Kruispunt,Gemeenteweg,binnen bebouwde kom,"Eén bestuurder, geen hindernis (incl. val)",Geen hindernis
36322,67,Ieper totem,Ieper,50.85018,2.85624,1.9477087383289249,50.85049054880673,2.8839797019484665,2022,11,15,33011,Ieper,Normaal,Droog,Dag,met lichtgewonden,3,Fiets,8,Voetganger,Buiten Kruispunt,Gewestweg,binnen bebouwde kom,Met een voetganger,Geen hindernis
36322,68,Ieper,Ieper,50.85032,2.85608,1.9587239084877042,50.85049054880673,2.8839797019484665,2022,11,15,33011,Ieper,Normaal,Droog,Dag,met lichtgewonden,3,Fiets,8,Voetganger,Buiten Kruispunt,Gewestweg,binnen bebouwde kom,Met een voetganger,Geen hindernis
36323,67,Ieper totem,Ieper,50.85018,2.85624,1.1718457762916827,50.846602199515374,2.8719402787158947,2022,11,8,33011,Ieper,Normaal,Droog,Dageraad - schemering,met lichtgewonden,3,Fiets,10,"één bestuurder, geen hindernis",Buiten Kruispunt,Gemeenteweg,binnen bebouwde kom,"Eén bestuurder, geen hindernis (incl. val)",Geen hindernis
36323,68,Ieper,Ieper,50.85032,2.85608,1.1877443283334583,50.846602199515374,2.8719402787158947,2022,11,8,33011,Ieper,Normaal,Droog,Dageraad - schemering,met lichtgewonden,3,Fiets,10,"één bestuurder, geen hindernis",Buiten Kruispunt,Gemeenteweg,binnen bebouwde kom,"Eén bestuurder, geen hindernis (incl. val)",Geen hindernis
36325,67,Ieper totem,Ieper,50.85018,2.85624,2.467887314246833,50.855345862334325,2.8904300075708336,2022,11,8,33011,Ieper,Normaal,"Nat, plassen",Dag,met lichtgewonden,3,Fiets,10,"één bestuurder, geen hindernis",Op Kruispunt,Gemeenteweg,binnen bebouwde kom,"Eén bestuurder, geen hindernis (incl. val)",Geen hindernis