crash_row_id,site_id,site_name,site_gemeente,site_lat,site_long,distance_km,crash_lat,crash_long,DT_YEAR_COLLISION,DT_MONTH_COLLISION,DT_TIME,CD_NIS,TX_MUNTY_COLLISION_NL,TX_WEATHER_NL,TX_ROAD_CONDITION_NL,TX_LIGHT_CONDITION_NL,TX_CLASS_ACCIDENTS_NL,CD_ROAD_USR_TYPE1,TX_ROAD_USR_TYPE1_NL,CD_ROAD_USR_TYPE2,TX_ROAD_USR_TYPE2_NL,TX_CROSSWAY_NL,CD_ROAD_TYPE_NL,TX_BUILD_UP_AREA_NL,TX_COLLISION_TYPE_NL,TX_OBSTACLES_NL
36325,68,Ieper,Ieper,50.85032,2.85608,2.475247435370602,50.855345862334325,2.8904300075708336,2022,11,8,33011,Ieper,Normaal,"Nat, plassen",Dag,met lichtgewonden,3,Fiets,10,"één bestuurder, geen hindernis",Op Kruispunt,Gemeenteweg,binnen bebouwde kom,"Eén bestuurder, geen hindernis (incl. val)",Geen hindernis
36336,124,Beveren teller 2,Beveren,51.1964712,4.2361077,2.061537071549872,51.203584641695905,4.263431028748058,2022,11,14,46003,Beveren,Normaal,Droog,Dag,met lichtgewonden,3,Fiets,9,personenauto,Buiten Kruispunt,Gemeenteweg,binnen bebouwde kom,Tss. 2 best.: langs opzij (voor-/achterkant-flank),Geen hindernis
36344,99,Mechelen teller 1,Mechelen,51.04564,4.46882,2.3050561281083994,51.02494262833106,4.470665089795873,2022,11,16,12025,Mechelen,Onbekend,Onbekend,Onbekend,met lichtgewonden,3,Fiets,3,Fiets,Buiten Kruispunt,Gewestweg,binnen bebouwde kom,Tss. 2 best.: langs opzij (voor-/achterkant-flank),Geen hindernis
36344,100,Mechelen teller 2,Mechelen,51.0457,4.46883,2.311678471828954,51.02494262833106,4.470665089795873,2022,11,16,12025,Mechelen,Onbekend,Onbekend,Onbekend,met lichtgewonden,3,Fiets,3,Fiets,Buiten Kruispunt,Gewestweg,binnen bebouwde kom,Tss. 2 best.: langs opzij (voor-/achterkant-flank),Geen hindernis
36346,99,Mechelen teller 1,Mechelen,51.04564,4.46882,1.1719539898424205,51.03545187641355,4.473112933517596,2022,11,16,12025,Mechelen,Normaal,Droog,Dag,met lichtgewonden,3,Fiets,9,personenauto,Buiten Kruispunt,Gewestweg,binnen bebouwde kom,Tussen 2 bestuurders: Frontale botsing,Geen hindernis
36346,100,Mechelen teller 2,Mechelen,51.0457,4.46883,1.1782264789261547,51.03545187641355,4.473112933517596,2022,11,16,12025,Mechelen,Normaal,Droog,Dag,met lichtgewonden,3,Fiets,9,personenauto,Buiten Kruispunt,Gewestweg,binnen bebouwde kom,Tussen 2 bestuurders: Frontale botsing,Geen hindernis
36350,99,Mechelen teller 1,Mechelen,51.04564,4.46882,2.094960990285206,51.026816832771445,4.470102535874831,2022,11,16,12025,Mechelen,Normaal,Droog,Dageraad - schemering,met lichtgewonden,6,Bromfiets,3,Fiets,Op Kruispunt,Gewestweg,binnen bebouwde kom,Tss. 2 best.: langs opzij (voor-/achterkant-flank),Geen hindernis
36350,100,Mechelen teller 2,Mechelen,51.0457,4.46883,2.1015968669567564,51.026816832771445,4.470102535874831,2022,11,16,12025,Mechelen,Normaal,Droog,Dageraad - schemering,met lichtgewonden,6,Bromfiets,3,Fiets,Op Kruispunt,Gewestweg,binnen bebouwde kom,Tss. 2 best.: langs opzij (voor-/achterkant-flank),Geen hindernis
36351,99,Mechelen teller 1,Mechelen,51.04564,4.46882,2.20858962130825,51.02812732858421,4.483722737238753,2022,11,15,12025,Mechelen,Normaal,Droog,Dag,met lichtgewonden,3,Fiets,3,Fiets,Op Kruispunt,Gemeenteweg,binnen bebouwde kom,Tss. 2 best.: langs opzij (voor-/achterkant-flank),Geen hindernis
36351,100,Mechelen teller 2,Mechelen,51.0457,4.46883,2.2141450649237906,51.02812732858421,4.483722737238753,2022,11,15,12025,Mechelen,Normaal,Droog,Dag,met lichtgewonden,3,Fiets,3,Fiets,Op Kruispunt,Gemeenteweg,binnen bebouwde kom,Tss. 2 best.: langs opzij (voor-/achterkant-flank),Geen hindernis
36352,99,Mechelen teller 1,Mechelen,51.04564,4.46882,1.6720702844813673,51.03071284344624,4.471708997855521,2022,11,15,12025,Mechelen,Normaal,"Nat, plassen",Dag,met lichtgewonden,3,Fiets,3,Fiets,Buiten Kruispunt,Gewestweg,binnen bebouwde kom,Tussen 2 bestuurders: Frontale botsing,Geen hindernis
36352,100,Mechelen teller 2,Mechelen,51.0457,4.46883,1.678609303572672,51.03071284344624,4.471708997855521,2022,11,15,12025,Mechelen,Normaal,"Nat, plassen",Dag,met lichtgewonden,3,Fiets,3,Fiets,Buiten Kruispunt,Gewestweg,binnen bebouwde kom,Tussen 2 bestuurders: Frontale botsing,Geen hindernis
36358,99,Mechelen teller 1,Mechelen,51.04564,4.46882,1.6895588887250859,51.03110846719158,4.475880329218539,2022,11,13,12025,Mechelen,Normaal,Droog,Dag,met lichtgewonden,9,personenauto,3,Fiets,Buiten Kruispunt,Gemeenteweg,binnen bebouwde kom,Tussen 2 bestuurders: Flank tegen flank,Geen hindernis
36358,100,Mechelen teller 2,Mechelen,51.0457,4.46883,1.6957370944922554,51.03110846719158,4.475880329218539,2022,11,13,12025,Mechelen,Normaal,Droog,Dag,met lichtgewonden,9,personenauto,3,Fiets,Buiten Kruispunt,Gemeenteweg,binnen bebouwde kom,Tussen 2 bestuurders: Flank tegen flank,Geen hindernis
36362,140,Hasselt ring,Hasselt,50.9300038,5.3438616,1.5023166544011806,50.916656133158234,5.347180799520125,2022,11,16,71022,Hasselt,Normaal,Droog,Dag,met lichtgewonden,3,Fiets,9,personenauto,Buiten Kruispunt,Gewestweg,buiten bebouwde kom,Tussen 2 bestuurders: Frontale botsing,Geen hindernis
36363,137,Hasselt-Kempische brug,Hasselt,50.9411605,5.3417576,1.1508709574303138,50.95090424357572,5.347297394272344,2022,11,13,71022,Hasselt,Normaal,Droog,Dag,met lichtgewonden,3,Fiets,9,personenauto,Buiten Kruispunt,Gewestweg,buiten bebouwde kom,Tss. 2 best.: langs opzij (voor-/achterkant-flank),Geen hindernis
36363,138,Hasselt-Kempische brug,Hasselt,50.9405318,5.3422472,1.2064117555032998,50.95090424357572,5.347297394272344,2022,11,13,71022,Hasselt,Normaal,Droog,Dag,met lichtgewonden,3,Fiets,9,personenauto,Buiten Kruispunt,Gewestweg,buiten bebouwde kom,Tss. 2 best.: langs opzij (voor-/achterkant-flank),Geen hindernis
36363,140,Hasselt ring,Hasselt,50.9300038,5.3438616,2.336458427411524,50.95090424357572,5.347297394272344,2022,11,13,71022,Hasselt,Normaal,Droog,Dag,met lichtgewonden,3,Fiets,9,personenauto,Buiten Kruispunt,Gewestweg,buiten bebouwde kom,Tss. 2 best.: langs opzij (voor-/achterkant-flank),Geen hindernis
36364,140,Hasselt ring,Hasselt,50.9300038,5.3438616,0.8787588027470848,50.93134317637643,5.331503939592164,2022,11,9,71022,Hasselt,Normaal,Droog,Dag,met zwaargewonden,1,Autobus,3,Fiets,Buiten Kruispunt,Gemeenteweg,binnen bebouwde kom,Tss. 2 best.: langs opzij (voor-/achterkant-flank),Geen hindernis
36364,138,Hasselt-Kempische brug,Hasselt,50.9405318,5.3422472,1.2691211669278915,50.93134317637643,5.331503939592164,2022,11,9,71022,Hasselt,Normaal,Droog,Dag,met zwaargewonden,1,Autobus,3,Fiets,Buiten Kruispunt,Gemeenteweg,binnen bebouwde kom,Tss. 2 best.: langs opzij (voor-/achterkant-flank),Geen hindernis
36364,137,Hasselt-Kempische brug,Hasselt,50.9411605,5.3417576,1.3068758398405798,50.93134317637643,5.331503939592164,2022,11,9,71022,Hasselt,Normaal,Droog,Dag,met zwaargewonden,1,Autobus,3,Fiets,Buiten Kruispunt,Gemeenteweg,binnen bebouwde kom,Tss. 2 best.: langs opzij (voor-/achterkant-flank),Geen hindernis
36365,138,Hasselt-Kempische brug,Hasselt,50.9405318,5.3422472,0.6858298494029034,50.936654051537985,5.334635785848536,2022,11,8,71022,Hasselt,Normaal,"Nat, plassen",Dag,met lichtgewonden,9,personenauto,3,Fiets,Op Kruispunt,Gemeenteweg,binnen bebouwde kom,Tss. 2 best.: langs opzij (voor-/achterkant-flank),Geen hindernis
36365,137,Hasselt-Kempische brug,Hasselt,50.9411605,5.3417576,0.7071896151793763,50.936654051537985,5.334635785848536,2022,11,8,71022,Hasselt,Normaal,"Nat, plassen",Dag,met lichtgewonden,9,personenauto,3,Fiets,Op Kruispunt,Gemeenteweg,binnen bebouwde kom,Tss. 2 best.: langs opzij (voor-/achterkant-flank),Geen hindernis
36365,140,Hasselt ring,Hasselt,50.9300038,5.3438616,0.9822503290105785,50.936654051537985,5.334635785848536,2022,11,8,71022,Hasselt,Normaal,"Nat, plassen",Dag,met lichtgewonden,9,personenauto,3,Fiets,Op Kruispunt,Gemeenteweg,binnen bebouwde kom,Tss. 2 best.: langs opzij (voor-/achterkant-flank),Geen hindernis
36368,140,Hasselt ring,Hasselt,50.9300038,5.3438616,1.46354979806526,50.9204474664123,5.3295030167685375,2022,11,18,71022,Hasselt,Normaal,Droog,"Nacht, openbare verlichting aanwezig en ontstoken",met lichtgewonden,3,Fiets,8,Voetganger,Op Kruispunt,Gewestweg,binnen bebouwde kom,Met een voetganger,Geen hindernis
36368,138,Hasselt-Kempische brug,Hasselt,50.9405318,5.3422472,2.405247871195458,50.9204474664123,5.3295030167685375,2022,11,18,71022,Hasselt,Normaal,Droog,"Nacht, openbare verlichting aanwezig en ontstoken",met lichtgewonden,3,Fiets,8,Voetganger,Op Kruispunt,Gewestweg,binnen bebouwde kom,Met een voetganger,Geen hindernis
36368,137,Hasselt-Kempische brug,Hasselt,50.9411605,5.3417576,2.458094726882054,50.9204474664123,5.3295030167685375,2022,11,18,71022,Hasselt,Normaal,Droog,"Nacht, openbare verlichting aanwezig en ontstoken",met lichtgewonden,3,Fiets,8,Voetganger,Op Kruispunt,Gewestweg,binnen bebouwde kom,Met een voetganger,Geen hindernis
36369,138,Hasselt-Kempische brug,Hasselt,50.9405318,5.3422472,1.5069581392531979,50.93433181785235,5.323123671527037,2022,11,17,71022,Hasselt,Normaal,Droog,"Nacht, openbare verlichting aanwezig en ontstoken",met lichtgewonden,3,Fiets,9,personenauto,Buiten Kruispunt,Gewestweg,binnen bebouwde kom,Tussen 2 bestuurders: Langs achteren,Geen hindernis
36369,137,Hasselt-Kempische brug,Hasselt,50.9411605,5.3417576,1.510433850011708,50.93433181785235,5.323123671527037,2022,11,17,71022,Hasselt,Normaal,Droog,"Nacht, openbare verlichting aanwezig en ontstoken",met lichtgewonden,3,Fiets,9,personenauto,Buiten Kruispunt,Gewestweg,binnen bebouwde kom,Tussen 2 bestuurders: Langs achteren,Geen hindernis
36369,140,Hasselt ring,Hasselt,50.9300038,5.3438616,1.5309134693190967,50.93433181785235,5.323123671527037,2022,11,17,71022,Hasselt,Normaal,Droog,"Nacht, openbare verlichting aanwezig en ontstoken",met lichtgewonden,3,Fiets,9,personenauto,Buiten Kruispunt,Gewestweg,binnen bebouwde kom,Tussen 2 bestuurders: Langs achteren,Geen hindernis
36370,140,Hasselt ring,Hasselt,50.9300038,5.3438616,0.15855091505497557,50.930616168891895,5.345904692447574,2022,11,13,71022,Hasselt,Normaal,Droog,Dag,met lichtgewonden,9,personenauto,3,Fiets,Op Kruispunt,Gewestweg,buiten bebouwde kom,Tss. 2 best.: langs opzij (voor-/achterkant-flank),Geen hindernis
36370,138,Hasselt-Kempische brug,Hasselt,50.9405318,5.3422472,1.1319645665661884,50.930616168891895,5.345904692447574,2022,11,13,71022,Hasselt,Normaal,Droog,Dag,met lichtgewonden,9,personenauto,3,Fiets,Op Kruispunt,Gewestweg,buiten bebouwde kom,Tss. 2 best.: langs opzij (voor-/achterkant-flank),Geen hindernis
36370,137,Hasselt-Kempische brug,Hasselt,50.9411605,5.3417576,1.207952935626328,50.930616168891895,5.345904692447574,2022,11,13,71022,Hasselt,Normaal,Droog,Dag,met lichtgewonden,9,personenauto,3,Fiets,Op Kruispunt,Gewestweg,buiten bebouwde kom,Tss. 2 best.: langs opzij (voor-/achterkant-flank),Geen hindernis
36372,12,Tervuren,Kraainem,50.81896,4.47803,2.4571354961588656,50.821646305433845,4.512748638441338,2022,11,15,24104,Tervuren,Normaal,Onbekend,Dag,met lichtgewonden,9,personenauto,3,Fiets,Op Kruispunt,Gemeenteweg,binnen bebouwde kom,Tussen 2 bestuurders: Frontale botsing,Geen hindernis
36374,139,Houthalen-Helchteren,Houthalen-Helchteren,51.0644267,5.3819796,0.9231610141628968,51.057535605813634,5.389346811052327,2022,11,13,72039,Houthalen-Helchteren,Normaal,Droog,Dag,met zwaargewonden,99,onbekend,3,Fiets,Buiten Kruispunt,Gewestweg,buiten bebouwde kom,Tussen 2 bestuurders: Frontale botsing,Geen hindernis
36380,14,Genk,Genk,50.97172,5.48927,1.1853416747197265,50.96497616825434,5.476160458695383,2022,11,8,71016,Genk,Normaal,"Nat, plassen",Dag,met lichtgewonden,3,Fiets,9,personenauto,Buiten Kruispunt,Gewestweg,buiten bebouwde kom,Tss. 2 best.: langs opzij (voor-/achterkant-flank),Geen hindernis
36383,14,Genk,Genk,50.97172,5.48927,1.0747935769772061,50.98119876957035,5.492275705989528,2022,11,12,71016,Genk,Normaal,Droog,Dag,met lichtgewonden,9,personenauto,3,Fiets,Op Kruispunt,Gemeenteweg,buiten bebouwde kom,Tss. 2 best.: langs opzij (voor-/achterkant-flank),Geen hindernis
36384,14,Genk,Genk,50.97172,5.48927,0.9605412699930289,50.964105132859096,5.482793518300088,2022,11,7,71016,Genk,Normaal,Droog,Dageraad - schemering,met zwaargewonden,3,Fiets,9,personenauto,Op Kruispunt,Gewestweg,binnen bebouwde kom,Tss. 2 best.: langs opzij (voor-/achterkant-flank),Geen hindernis
36386,14,Genk,Genk,50.97172,5.48927,1.0386833726616695,50.967507560815015,5.502509528079029,2022,11,15,71016,Genk,Normaal,Droog,Dag,met lichtgewonden,5,Lichte vrachtauto,3,Fiets,Op Kruispunt,Gewestweg,binnen bebouwde kom,Tss. 2 best.: langs opzij (voor-/achterkant-flank),Geen hindernis
36388,49,Bokrijk,Genk,50.95264,5.41001,1.2832644738548957,50.964174680893656,5.410600423718955,2022,11,11,71016,Genk,Normaal,Droog,Dag,met lichtgewonden,3,Fiets,3,Fiets,Buiten Kruispunt,Gewestweg,buiten bebouwde kom,Tss. 2 best.: langs opzij (voor-/achterkant-flank),Geen hindernis
36390,14,Genk,Genk,50.97172,5.48927,0.6343598861097516,50.97464107085583,5.497052268724121,2022,11,14,71016,Genk,Normaal,Droog,Dag,met lichtgewonden,9,personenauto,3,Fiets,Op Kruispunt,Gewestweg,buiten bebouwde kom,Tss. 2 best.: langs opzij (voor-/achterkant-flank),Geen hindernis
36398,14,Genk,Genk,50.97172,5.48927,1.1703071277372639,50.96358509796564,5.499874010989051,2022,11,18,71016,Genk,Normaal,Droog,Dageraad - schemering,met lichtgewonden,9,personenauto,3,Fiets,Op Kruispunt,Gewestweg,binnen bebouwde kom,Tss. 2 best.: langs opzij (voor-/achterkant-flank),Geen hindernis
36403,23,Tienen 3,Tienen,50.81324,4.93447,1.1657118016918397,50.8027585478843,4.934797743976082,2022,11,15,24107,Tienen,Normaal,Droog,Dag,met lichtgewonden,3,Fiets,9,personenauto,Op Kruispunt,Gemeenteweg,binnen bebouwde kom,Tss. 2 best.: langs opzij (voor-/achterkant-flank),Geen hindernis
36403,22,Tienen 2,Tienen,50.81330800184882,4.935984252796022,1.1760047573067938,50.8027585478843,4.934797743976082,2022,11,15,24107,Tienen,Normaal,Droog,Dag,met lichtgewonden,3,Fiets,9,personenauto,Op Kruispunt,Gemeenteweg,binnen bebouwde kom,Tss. 2 best.: langs opzij (voor-/achterkant-flank),Geen hindernis
36403,24,Tienen 1,Tienen,50.8133795491886,4.935044252605416,1.1811284758700078,50.8027585478843,4.934797743976082,2022,11,15,24107,Tienen,Normaal,Droog,Dag,met lichtgewonden,3,Fiets,9,personenauto,Op Kruispunt,Gemeenteweg,binnen bebouwde kom,Tss. 2 best.: langs opzij (voor-/achterkant-flank),Geen hindernis
36409,13,Gent,Gent,51.03018,3.70146,1.856502820756939,51.040087983835996,3.72282974176036,2022,11,5,44021,Gent,Onbekend,Onbekend,"Nacht, openbare verlichting aanwezig en ontstoken",met lichtgewonden,3,Fiets,8,Voetganger,Buiten Kruispunt,Gewestweg,onbekend,Met een voetganger,Geen hindernis
36412,113,Deinze teller 2,Deinze,50.96018,3.55578,2.228690832703114,50.97516983375669,3.5346524051660233,2022,11,9,44083,Deinze,Normaal,Droog,Dag,met lichtgewonden,9,personenauto,3,Fiets,Op Kruispunt,Gewestweg,binnen bebouwde kom,Tussen 2 bestuurders: Langs achteren,Geen hindernis
36412,114,Deinze teller 1,Nazareth,50.9598305,3.555502,2.2451987304135215,50.97516983375669,3.5346524051660233,2022,11,9,44083,Deinze,Normaal,Droog,Dag,met lichtgewonden,9,personenauto,3,Fiets,Op Kruispunt,Gewestweg,binnen bebouwde kom,Tussen 2 bestuurders: Langs achteren,Geen hindernis
36413,131,Nevele,Deinze,51.0276612,3.558569,1.9867193528495042,51.04214432611264,3.5419310457003004,2022,11,8,44083,Deinze,Normaal,Droog,Dag,met lichtgewonden,9,personenauto,3,Fiets,Buiten Kruispunt,Gewestweg,buiten bebouwde kom,Tussen 2 bestuurders: Frontale botsing,Geen hindernis
36503,2,Brasschaat 2,Brasschaat,51.27512,4.47169,2.3459224220422876,51.295767647803075,4.464762179736853,2022,11,20,11008,Brasschaat,Normaal,Droog,"Nacht, openbare verlichting aanwezig en ontstoken",met lichtgewonden,3,Fiets,10,"één bestuurder, geen hindernis",Op Kruispunt,Gemeenteweg,binnen bebouwde kom,"Eén bestuurder, geen hindernis (incl. val)",Geen hindernis
36503,3,Brasschaat 1,Brasschaat,51.27503,4.47222,2.3635316622190774,51.295767647803075,4.464762179736853,2022,11,20,11008,Brasschaat,Normaal,Droog,"Nacht, openbare verlichting aanwezig en ontstoken",met lichtgewonden,3,Fiets,10,"één bestuurder, geen hindernis",Op Kruispunt,Gemeenteweg,binnen bebouwde kom,"Eén bestuurder, geen hindernis (incl. val)",Geen hindernis
36505,3,Brasschaat 1,Brasschaat,51.27503,4.47222,1.9887948866764276,51.28917164015764,4.489726990117194,2022,12,12,11008,Brasschaat,Normaal,Droog,Dag,met lichtgewonden,3,Fiets,11,een weggebruiker tegen een hindernis,Buiten Kruispunt,Gewestweg,binnen bebouwde kom,Weggebruiker tegen hindernis op de rijbaan,"Op de rijbaan: Werken (signal., aarde, toestel,…)"
36505,2,Brasschaat 2,Brasschaat,51.27512,4.47169,2.003760462840941,51.28917164015764,4.489726990117194,2022,12,12,11008,Brasschaat,Normaal,Droog,Dag,met lichtgewonden,3,Fiets,11,een weggebruiker tegen een hindernis,Buiten Kruispunt,Gewestweg,binnen bebouwde kom,Weggebruiker tegen hindernis op de rijbaan,"Op de rijbaan: Werken (signal., aarde, toestel,…)"
36519,91,Brecht teller 2,Brecht,51.35739,4.62422,1.3972960300588722,51.351249782117186,4.64177618831286,2022,12,15,11009,Brecht,Normaal,Droog,Dag,met lichtgewonden,3,Fiets,8,Voetganger,Buiten Kruispunt,Gewestweg,binnen bebouwde kom,Met een voetganger,Geen hindernis
36519,90,Brecht teller 1,Brecht,51.35752,4.6243,1.399594808043263,51.351249782117186,4.64177618831286,2022,12,15,11009,Brecht,Normaal,Droog,Dag,met lichtgewonden,3,Fiets,8,Voetganger,Buiten Kruispunt,Gewestweg,binnen bebouwde kom,Met een voetganger,Geen hindernis
36527,96,Lier teller 2,Lier,51.11705,4.58444,2.258999886169427,51.127395863545935,4.55658422994434,2022,12,19,12021,Lier,Regenval,"Nat, plassen","Nacht, geen openbare verlichting aanwezig",met lichtgewonden,3,Fiets,9,personenauto,Buiten Kruispunt,Gewestweg,binnen bebouwde kom,Tss. 2 best.: langs opzij (voor-/achterkant-flank),Geen hindernis
36527,95,Lier teller 1,Lier,51.11687,4.58437,2.2650771637274896,51.127395863545935,4.55658422994434,2022,12,19,12021,Lier,Regenval,"Nat, plassen","Nacht, geen openbare verlichting aanwezig",met lichtgewonden,3,Fiets,9,personenauto,Buiten Kruispunt,Gewestweg,binnen bebouwde kom,Tss. 2 best.: langs opzij (voor-/achterkant-flank),Geen hindernis
36534,9,Heist op den Berg 2,Heist-op-den-Berg,51.06904,4.69524,2.3390378117751145,51.082482722278236,4.720991950567081,2022,12,7,12014,Heist-op-den-Berg,Normaal,Droog,Dageraad - schemering,met lichtgewonden,3,Fiets,5,Lichte vrachtauto,Op Kruispunt,Gemeenteweg,binnen bebouwde kom,Tss. 2 best.: langs opzij (voor-/achterkant-flank),Geen hindernis
36536,9,Heist op den Berg 2,Heist-op-den-Berg,51.06904,4.69524,1.4232110312306114,51.066649770332916,4.715249682433074,2022,12,7,12014,Heist-op-den-Berg,Normaal,Droog,Dag,met lichtgewonden,3,Fiets,9,personenauto,Buiten Kruispunt,Gemeenteweg,binnen bebouwde kom,Tss. 2 best.: langs opzij (voor-/achterkant-flank),Geen hindernis
36536,8,Heist op den Berg 1,Heist-op-den-Berg,51.06759,4.68823,1.8909185659406849,51.066649770332916,4.715249682433074,2022,12,7,12014,Heist-op-den-Berg,Normaal,Droog,Dag,met lichtgewonden,3,Fiets,9,personenauto,Buiten Kruispunt,Gemeenteweg,binnen bebouwde kom,Tss. 2 best.: langs opzij (voor-/achterkant-flank),Geen hindernis
36554,98,Geel teller 2,Geel,51.1481,4.99643,0.8714509573968435,51.155768062301135,4.993848662097556,2022,12,18,13008,Geel,Normaal,Droog,"Nacht, openbare verlichting aanwezig en ontstoken",met lichtgewonden,3,Fiets,9,personenauto,Op Kruispunt,Gewestweg,binnen bebouwde kom,Tss. 2 best.: langs opzij (voor-/achterkant-flank),Geen hindernis
36554,97,Geel teller 1,Geel,51.14813,4.99698,0.876945945074392,51.155768062301135,4.993848662097556,2022,12,18,13008,Geel,Normaal,Droog,"Nacht, openbare verlichting aanwezig en ontstoken",met lichtgewonden,3,Fiets,9,personenauto,Op Kruispunt,Gewestweg,binnen bebouwde kom,Tss. 2 best.: langs opzij (voor-/achterkant-flank),Geen hindernis
36557,98,Geel teller 2,Geel,51.1481,4.99643,1.6726424859643756,51.162917196493076,4.992295227040591,2022,12,10,13008,Geel,Normaal,Droog,Dag,met lichtgewonden,3,Fiets,8,Voetganger,Buiten Kruispunt,Gewestweg,binnen bebouwde kom,Met een voetganger,Geen hindernis
36557,97,Geel teller 1,Geel,51.14813,4.99698,1.6764085905355508,51.162917196493076,4.992295227040591,2022,12,10,13008,Geel,Normaal,Droog,Dag,met lichtgewonden,3,Fiets,8,Voetganger,Buiten Kruispunt,Gewestweg,binnen bebouwde kom,Met een voetganger,Geen hindernis
36558,134,Retie,Dessel,51.2548405,5.1037658,1.9418804092259006,51.267506363978896,5.0845523185151205,2022,12,14,13036,Retie,Normaal,Droog,Dag,met lichtgewonden,9,personenauto,3,Fiets,Op Kruispunt,Gewestweg,binnen bebouwde kom,Tss. 2 best.: langs opzij (voor-/achterkant-flank),Geen hindernis
36558,135,Retie 2,Dessel,51.2544998,5.1040064,1.9809349936519092,51.267506363978896,5.0845523185151205,2022,12,14,13036,Retie,Normaal,Droog,Dag,met lichtgewonden,9,personenauto,3,Fiets,Op Kruispunt,Gewestweg,binnen bebouwde kom,Tss. 2 best.: langs opzij (voor-/achterkant-flank),Geen hindernis
36563,135,Retie 2,Dessel,51.2544998,5.1040064,1.8609174389682603,51.238753826704986,5.113063903621535,2022,12,17,13006,Dessel,Regenval,"Nat, plassen","Nacht, openbare verlichting aanwezig en ontstoken",met lichtgewonden,9,personenauto,3,Fiets,Buiten Kruispunt,Gewestweg,binnen bebouwde kom,Tss. 2 best.: langs opzij (voor-/achterkant-flank),Geen hindernis
36563,134,Retie,Dessel,51.2548405,5.1037658,1.902236234759995,51.238753826704986,5.113063903621535,2022,12,17,13006,Dessel,Regenval,"Nat, plassen","Nacht, openbare verlichting aanwezig en ontstoken",met lichtgewonden,9,personenauto,3,Fiets,Buiten Kruispunt,Gewestweg,binnen bebouwde kom,Tss. 2 best.: langs opzij (voor-/achterkant-flank),Geen hindernis
36564,94,Herentals teller 2,Herentals,51.17345,4.81283,1.6124275693557464,51.17535530106976,4.835758702460357,2022,12,18,13011,Herentals,Regenval,"Nat, plassen","Nacht, openbare verlichting aanwezig en ontstoken",met lichtgewonden,9,personenauto,3,Fiets,Buiten Kruispunt,Gemeenteweg,binnen bebouwde kom,Tussen 2 bestuurders: Flank tegen flank,Geen hindernis
36564,110,Herentals totem,Herentals,51.1739426,4.811783,1.678795547612873,51.17535530106976,4.835758702460357,2022,12,18,13011,Herentals,Regenval,"Nat, plassen","Nacht, openbare verlichting aanwezig en ontstoken",met lichtgewonden,9,personenauto,3,Fiets,Buiten Kruispunt,Gemeenteweg,binnen bebouwde kom,Tussen 2 bestuurders: Flank tegen flank,Geen hindernis
36568,110,Herentals totem,Herentals,51.1739426,4.811783,2.0755770416655692,51.159456408293536,4.793009980751842,2022,12,18,13012,Herenthout,Normaal,"Nat, plassen","Nacht, openbare verlichting aanwezig en ontstoken",met lichtgewonden,3,Fiets,3,Fiets,Buiten Kruispunt,Gemeenteweg,buiten bebouwde kom,Tussen 2 bestuurders: Frontale botsing,Geen hindernis
36568,94,Herentals teller 2,Herentals,51.17345,4.81283,2.081111230534336,51.159456408293536,4.793009980751842,2022,12,18,13012,Herenthout,Normaal,"Nat, plassen","Nacht, openbare verlichting aanwezig en ontstoken",met lichtgewonden,3,Fiets,3,Fiets,Buiten Kruispunt,Gemeenteweg,buiten bebouwde kom,Tussen 2 bestuurders: Frontale botsing,Geen hindernis
36569,46,Pelt teller 2,Pelt,51.231,5.44375,1.4430285585881664,51.229319340263764,5.423200154170299,2022,12,6,72043,Pelt,Onbekend,"Nat, plassen","Nacht, openbare verlichting aanwezig en ontstoken",met lichtgewonden,3,Fiets,9,personenauto,Op Kruispunt,Gemeenteweg,buiten bebouwde kom,Tss. 2 best.: langs opzij (voor-/achterkant-flank),Geen hindernis
36569,45,Pelt teller 1,Pelt,51.23127,5.44377,1.4485956097973798,51.229319340263764,5.423200154170299,2022,12,6,72043,Pelt,Onbekend,"Nat, plassen","Nacht, openbare verlichting aanwezig en ontstoken",met lichtgewonden,3,Fiets,9,personenauto,Op Kruispunt,Gemeenteweg,buiten bebouwde kom,Tss. 2 best.: langs opzij (voor-/achterkant-flank),Geen hindernis
36570,37,Lommel teller 1,Lommel,51.23299,5.29211,1.1558795573859324,51.23426727015211,5.308585870952469,2022,12,8,72020,Lommel,Normaal,"Nat, plassen",Dag,met lichtgewonden,9,personenauto,3,Fiets,Op Kruispunt,Gewestweg,binnen bebouwde kom,Tss. 2 best.: langs opzij (voor-/achterkant-flank),Geen hindernis
36570,38,Lommel teller 2,Lommel,51.23277,5.29189,1.1743029774373306,51.23426727015211,5.308585870952469,2022,12,8,72020,Lommel,Normaal,"Nat, plassen",Dag,met lichtgewonden,9,personenauto,3,Fiets,Op Kruispunt,Gewestweg,binnen bebouwde kom,Tss. 2 best.: langs opzij (voor-/achterkant-flank),Geen hindernis