crash_row_id,site_id,site_name,site_gemeente,site_lat,site_long,distance_km,crash_lat,crash_long,DT_YEAR_COLLISION,DT_MONTH_COLLISION,DT_TIME,CD_NIS,TX_MUNTY_COLLISION_NL,TX_WEATHER_NL,TX_ROAD_CONDITION_NL,TX_LIGHT_CONDITION_NL,TX_CLASS_ACCIDENTS_NL,CD_ROAD_USR_TYPE1,TX_ROAD_USR_TYPE1_NL,CD_ROAD_USR_TYPE2,TX_ROAD_USR_TYPE2_NL,TX_CROSSWAY_NL,CD_ROAD_TYPE_NL,TX_BUILD_UP_AREA_NL,TX_COLLISION_TYPE_NL,TX_OBSTACLES_NL
36573,97,Geel teller 1,Geel,51.14813,4.99698,0.48524777864395596,51.145484441350284,5.002512340844615,2022,12,17,13008,Geel,Onbekend,"Ijzel, sneeuw","Nacht, openbare verlichting aanwezig en ontstoken",met lichtgewonden,3,Fiets,3,Fiets,Buiten Kruispunt,Gewestweg,buiten bebouwde kom,Tussen 2 bestuurders: Frontale botsing,Geen hindernis
36573,98,Geel teller 2,Geel,51.1481,4.99643,0.5143903032194004,51.145484441350284,5.002512340844615,2022,12,17,13008,Geel,Onbekend,"Ijzel, sneeuw","Nacht, openbare verlichting aanwezig en ontstoken",met lichtgewonden,3,Fiets,3,Fiets,Buiten Kruispunt,Gewestweg,buiten bebouwde kom,Tussen 2 bestuurders: Frontale botsing,Geen hindernis
36588,69,Leuven teller 1,Leuven,50.87549,4.71526,0.8505085463756269,50.87021950087436,4.706475957843041,2022,12,14,24062,Leuven,Normaal,"Nat, plassen",Dag,met lichtgewonden,9,personenauto,3,Fiets,Op Kruispunt,Gemeenteweg,binnen bebouwde kom,Tss. 2 best.: langs opzij (voor-/achterkant-flank),Geen hindernis
36588,151,Leuven,District Leuven,50.8690262,4.6854839,1.4790541001277724,50.87021950087436,4.706475957843041,2022,12,14,24062,Leuven,Normaal,"Nat, plassen",Dag,met lichtgewonden,9,personenauto,3,Fiets,Op Kruispunt,Gemeenteweg,binnen bebouwde kom,Tss. 2 best.: langs opzij (voor-/achterkant-flank),Geen hindernis
36588,77,Leuven teller 2,Leuven,50.88672,4.70796,1.837723780269418,50.87021950087436,4.706475957843041,2022,12,14,24062,Leuven,Normaal,"Nat, plassen",Dag,met lichtgewonden,9,personenauto,3,Fiets,Op Kruispunt,Gemeenteweg,binnen bebouwde kom,Tss. 2 best.: langs opzij (voor-/achterkant-flank),Geen hindernis
36588,107,leuven totem,Leuven,50.8870744,4.7087919,1.88120968640154,50.87021950087436,4.706475957843041,2022,12,14,24062,Leuven,Normaal,"Nat, plassen",Dag,met lichtgewonden,9,personenauto,3,Fiets,Op Kruispunt,Gemeenteweg,binnen bebouwde kom,Tss. 2 best.: langs opzij (voor-/achterkant-flank),Geen hindernis
36589,69,Leuven teller 1,Leuven,50.87549,4.71526,0.6537797476182423,50.881353668974995,4.714574874124159,2022,11,7,24062,Leuven,Onbekend,Onbekend,Onbekend,met lichtgewonden,3,Fiets,8,Voetganger,Buiten Kruispunt,Gewestweg,binnen bebouwde kom,Met een voetganger,Geen hindernis
36589,107,leuven totem,Leuven,50.8870744,4.7087919,0.7544698183252297,50.881353668974995,4.714574874124159,2022,11,7,24062,Leuven,Onbekend,Onbekend,Onbekend,met lichtgewonden,3,Fiets,8,Voetganger,Buiten Kruispunt,Gewestweg,binnen bebouwde kom,Met een voetganger,Geen hindernis
36589,77,Leuven teller 2,Leuven,50.88672,4.70796,0.7559104445584512,50.881353668974995,4.714574874124159,2022,11,7,24062,Leuven,Onbekend,Onbekend,Onbekend,met lichtgewonden,3,Fiets,8,Voetganger,Buiten Kruispunt,Gewestweg,binnen bebouwde kom,Met een voetganger,Geen hindernis
36589,151,Leuven,District Leuven,50.8690262,4.6854839,2.458732462419989,50.881353668974995,4.714574874124159,2022,11,7,24062,Leuven,Onbekend,Onbekend,Onbekend,met lichtgewonden,3,Fiets,8,Voetganger,Buiten Kruispunt,Gewestweg,binnen bebouwde kom,Met een voetganger,Geen hindernis
36590,151,Leuven,District Leuven,50.8690262,4.6854839,0.9318215016619179,50.87251256639627,4.673408529735309,2022,12,8,24062,Leuven,Normaal,Droog,Dag,met lichtgewonden,9,personenauto,3,Fiets,Op Kruispunt,Gemeenteweg,binnen bebouwde kom,Tss. 2 best.: langs opzij (voor-/achterkant-flank),Geen hindernis
36591,108,Heverlee teller 1,Leuven,50.8471728,4.6954674,0.6232281818842584,50.852776471704686,4.695647536707957,2022,12,13,24062,Leuven,Normaal,Droog,Dag,met lichtgewonden,9,personenauto,3,Fiets,Op Kruispunt,Gewestweg,binnen bebouwde kom,Tss. 2 best.: langs opzij (voor-/achterkant-flank),Geen hindernis
36591,76,Heverlee teller 2,Leuven,50.84606,4.69597,0.7471806065938255,50.852776471704686,4.695647536707957,2022,12,13,24062,Leuven,Normaal,Droog,Dag,met lichtgewonden,9,personenauto,3,Fiets,Op Kruispunt,Gewestweg,binnen bebouwde kom,Tss. 2 best.: langs opzij (voor-/achterkant-flank),Geen hindernis
36591,151,Leuven,District Leuven,50.8690262,4.6854839,1.9426051697918558,50.852776471704686,4.695647536707957,2022,12,13,24062,Leuven,Normaal,Droog,Dag,met lichtgewonden,9,personenauto,3,Fiets,Op Kruispunt,Gewestweg,binnen bebouwde kom,Tss. 2 best.: langs opzij (voor-/achterkant-flank),Geen hindernis
36592,69,Leuven teller 1,Leuven,50.87549,4.71526,0.46568095165874807,50.87966485687527,4.71578481312547,2022,12,18,24062,Leuven,Normaal,Droog,"Nacht, openbare verlichting aanwezig en ontstoken",met lichtgewonden,3,Fiets,3,Fiets,Buiten Kruispunt,Gemeenteweg,binnen bebouwde kom,Tussen 2 bestuurders: Flank tegen flank,Geen hindernis
36592,77,Leuven teller 2,Leuven,50.88672,4.70796,0.957478494043431,50.87966485687527,4.71578481312547,2022,12,18,24062,Leuven,Normaal,Droog,"Nacht, openbare verlichting aanwezig en ontstoken",met lichtgewonden,3,Fiets,3,Fiets,Buiten Kruispunt,Gemeenteweg,binnen bebouwde kom,Tussen 2 bestuurders: Flank tegen flank,Geen hindernis
36592,107,leuven totem,Leuven,50.8870744,4.7087919,0.9588950895483046,50.87966485687527,4.71578481312547,2022,12,18,24062,Leuven,Normaal,Droog,"Nacht, openbare verlichting aanwezig en ontstoken",met lichtgewonden,3,Fiets,3,Fiets,Buiten Kruispunt,Gemeenteweg,binnen bebouwde kom,Tussen 2 bestuurders: Flank tegen flank,Geen hindernis
36592,151,Leuven,District Leuven,50.8690262,4.6854839,2.4330547217633094,50.87966485687527,4.71578481312547,2022,12,18,24062,Leuven,Normaal,Droog,"Nacht, openbare verlichting aanwezig en ontstoken",met lichtgewonden,3,Fiets,3,Fiets,Buiten Kruispunt,Gemeenteweg,binnen bebouwde kom,Tussen 2 bestuurders: Flank tegen flank,Geen hindernis
36593,108,Heverlee teller 1,Leuven,50.8471728,4.6954674,1.1101643042130314,50.85715485724342,4.69577511463003,2022,12,8,24062,Leuven,Normaal,"Nat, plassen",Dageraad - schemering,met lichtgewonden,9,personenauto,3,Fiets,Op Kruispunt,Gewestweg,binnen bebouwde kom,Tussen 2 bestuurders: Flank tegen flank,Geen hindernis
36593,76,Heverlee teller 2,Leuven,50.84606,4.69597,1.233767693789155,50.85715485724342,4.69577511463003,2022,12,8,24062,Leuven,Normaal,"Nat, plassen",Dageraad - schemering,met lichtgewonden,9,personenauto,3,Fiets,Op Kruispunt,Gewestweg,binnen bebouwde kom,Tussen 2 bestuurders: Flank tegen flank,Geen hindernis
36593,151,Leuven,District Leuven,50.8690262,4.6854839,1.504714809227343,50.85715485724342,4.69577511463003,2022,12,8,24062,Leuven,Normaal,"Nat, plassen",Dageraad - schemering,met lichtgewonden,9,personenauto,3,Fiets,Op Kruispunt,Gewestweg,binnen bebouwde kom,Tussen 2 bestuurders: Flank tegen flank,Geen hindernis
36593,69,Leuven teller 1,Leuven,50.87549,4.71526,2.454882651200139,50.85715485724342,4.69577511463003,2022,12,8,24062,Leuven,Normaal,"Nat, plassen",Dageraad - schemering,met lichtgewonden,9,personenauto,3,Fiets,Op Kruispunt,Gewestweg,binnen bebouwde kom,Tussen 2 bestuurders: Flank tegen flank,Geen hindernis
36594,151,Leuven,District Leuven,50.8690262,4.6854839,1.1988157500948173,50.87955730714785,4.689142610003488,2022,12,12,24062,Leuven,Regenval,"Nat, plassen",Dag,met lichtgewonden,9,personenauto,3,Fiets,Op Kruispunt,Gemeenteweg,binnen bebouwde kom,Tss. 2 best.: langs opzij (voor-/achterkant-flank),Geen hindernis
36594,77,Leuven teller 2,Leuven,50.88672,4.70796,1.5417561721342428,50.87955730714785,4.689142610003488,2022,12,12,24062,Leuven,Regenval,"Nat, plassen",Dag,met lichtgewonden,9,personenauto,3,Fiets,Op Kruispunt,Gemeenteweg,binnen bebouwde kom,Tss. 2 best.: langs opzij (voor-/achterkant-flank),Geen hindernis
36594,107,leuven totem,Leuven,50.8870744,4.7087919,1.612083438132498,50.87955730714785,4.689142610003488,2022,12,12,24062,Leuven,Regenval,"Nat, plassen",Dag,met lichtgewonden,9,personenauto,3,Fiets,Op Kruispunt,Gemeenteweg,binnen bebouwde kom,Tss. 2 best.: langs opzij (voor-/achterkant-flank),Geen hindernis
36594,69,Leuven teller 1,Leuven,50.87549,4.71526,1.8874294492373023,50.87955730714785,4.689142610003488,2022,12,12,24062,Leuven,Regenval,"Nat, plassen",Dag,met lichtgewonden,9,personenauto,3,Fiets,Op Kruispunt,Gemeenteweg,binnen bebouwde kom,Tss. 2 best.: langs opzij (voor-/achterkant-flank),Geen hindernis
36595,69,Leuven teller 1,Leuven,50.87549,4.71526,0.29449206251097365,50.87308221132952,4.717008045941061,2022,12,16,24062,Leuven,Regenval,"Nat, plassen","Nacht, openbare verlichting aanwezig en ontstoken",met lichtgewonden,3,Fiets,9,personenauto,Op Kruispunt,Gewestweg,buiten bebouwde kom,Tussen 2 bestuurders: Flank tegen flank,Geen hindernis
36595,77,Leuven teller 2,Leuven,50.88672,4.70796,1.6439567557452734,50.87308221132952,4.717008045941061,2022,12,16,24062,Leuven,Regenval,"Nat, plassen","Nacht, openbare verlichting aanwezig en ontstoken",met lichtgewonden,3,Fiets,9,personenauto,Op Kruispunt,Gewestweg,buiten bebouwde kom,Tussen 2 bestuurders: Flank tegen flank,Geen hindernis
36595,107,leuven totem,Leuven,50.8870744,4.7087919,1.6592078646940351,50.87308221132952,4.717008045941061,2022,12,16,24062,Leuven,Regenval,"Nat, plassen","Nacht, openbare verlichting aanwezig en ontstoken",met lichtgewonden,3,Fiets,9,personenauto,Op Kruispunt,Gewestweg,buiten bebouwde kom,Tussen 2 bestuurders: Flank tegen flank,Geen hindernis
36595,151,Leuven,District Leuven,50.8690262,4.6854839,2.2576059119825422,50.87308221132952,4.717008045941061,2022,12,16,24062,Leuven,Regenval,"Nat, plassen","Nacht, openbare verlichting aanwezig en ontstoken",met lichtgewonden,3,Fiets,9,personenauto,Op Kruispunt,Gewestweg,buiten bebouwde kom,Tussen 2 bestuurders: Flank tegen flank,Geen hindernis
36596,107,leuven totem,Leuven,50.8870744,4.7087919,0.28966574796114336,50.885541639746194,4.712130785790091,2022,12,21,24062,Leuven,Normaal,"Nat, plassen","Nacht, openbare verlichting aanwezig en ontstoken",met lichtgewonden,6,Bromfiets,3,Fiets,Buiten Kruispunt,Gewestweg,binnen bebouwde kom,Tussen 2 bestuurders: Frontale botsing,Geen hindernis
36596,77,Leuven teller 2,Leuven,50.88672,4.70796,0.3205757856295767,50.885541639746194,4.712130785790091,2022,12,21,24062,Leuven,Normaal,"Nat, plassen","Nacht, openbare verlichting aanwezig en ontstoken",met lichtgewonden,6,Bromfiets,3,Fiets,Buiten Kruispunt,Gewestweg,binnen bebouwde kom,Tussen 2 bestuurders: Frontale botsing,Geen hindernis
36596,69,Leuven teller 1,Leuven,50.87549,4.71526,1.1390480757487504,50.885541639746194,4.712130785790091,2022,12,21,24062,Leuven,Normaal,"Nat, plassen","Nacht, openbare verlichting aanwezig en ontstoken",met lichtgewonden,6,Bromfiets,3,Fiets,Buiten Kruispunt,Gewestweg,binnen bebouwde kom,Tussen 2 bestuurders: Frontale botsing,Geen hindernis
36597,69,Leuven teller 1,Leuven,50.87549,4.71526,1.0560277932095754,50.8779177765782,4.700709033927889,2022,12,1,24062,Leuven,Normaal,Proper,"Nacht, openbare verlichting aanwezig en ontstoken",met lichtgewonden,3,Fiets,10,"één bestuurder, geen hindernis",Buiten Kruispunt,Gemeenteweg,binnen bebouwde kom,"Eén bestuurder, geen hindernis (incl. val)",Geen hindernis
36597,77,Leuven teller 2,Leuven,50.88672,4.70796,1.1030594454955969,50.8779177765782,4.700709033927889,2022,12,1,24062,Leuven,Normaal,Proper,"Nacht, openbare verlichting aanwezig en ontstoken",met lichtgewonden,3,Fiets,10,"één bestuurder, geen hindernis",Buiten Kruispunt,Gemeenteweg,binnen bebouwde kom,"Eén bestuurder, geen hindernis (incl. val)",Geen hindernis
36597,107,leuven totem,Leuven,50.8870744,4.7087919,1.1654242112193032,50.8779177765782,4.700709033927889,2022,12,1,24062,Leuven,Normaal,Proper,"Nacht, openbare verlichting aanwezig en ontstoken",met lichtgewonden,3,Fiets,10,"één bestuurder, geen hindernis",Buiten Kruispunt,Gemeenteweg,binnen bebouwde kom,"Eén bestuurder, geen hindernis (incl. val)",Geen hindernis
36597,151,Leuven,District Leuven,50.8690262,4.6854839,1.455617525168615,50.8779177765782,4.700709033927889,2022,12,1,24062,Leuven,Normaal,Proper,"Nacht, openbare verlichting aanwezig en ontstoken",met lichtgewonden,3,Fiets,10,"één bestuurder, geen hindernis",Buiten Kruispunt,Gemeenteweg,binnen bebouwde kom,"Eén bestuurder, geen hindernis (incl. val)",Geen hindernis
36598,69,Leuven teller 1,Leuven,50.87549,4.71526,0.5006974515552655,50.8799135789425,4.713926582866961,2022,12,15,24062,Leuven,Normaal,Droog,Dag,met lichtgewonden,2,Andere weggebruiker,3,Fiets,Buiten Kruispunt,Gemeenteweg,binnen bebouwde kom,Tss. 2 best.: langs opzij (voor-/achterkant-flank),Geen hindernis
36598,77,Leuven teller 2,Leuven,50.88672,4.70796,0.864875894084337,50.8799135789425,4.713926582866961,2022,12,15,24062,Leuven,Normaal,Droog,Dag,met lichtgewonden,2,Andere weggebruiker,3,Fiets,Buiten Kruispunt,Gemeenteweg,binnen bebouwde kom,Tss. 2 best.: langs opzij (voor-/achterkant-flank),Geen hindernis
36598,107,leuven totem,Leuven,50.8870744,4.7087919,0.8739349080363374,50.8799135789425,4.713926582866961,2022,12,15,24062,Leuven,Normaal,Droog,Dag,met lichtgewonden,2,Andere weggebruiker,3,Fiets,Buiten Kruispunt,Gemeenteweg,binnen bebouwde kom,Tss. 2 best.: langs opzij (voor-/achterkant-flank),Geen hindernis
36598,151,Leuven,District Leuven,50.8690262,4.6854839,2.334203092830275,50.8799135789425,4.713926582866961,2022,12,15,24062,Leuven,Normaal,Droog,Dag,met lichtgewonden,2,Andere weggebruiker,3,Fiets,Buiten Kruispunt,Gemeenteweg,binnen bebouwde kom,Tss. 2 best.: langs opzij (voor-/achterkant-flank),Geen hindernis
36599,69,Leuven teller 1,Leuven,50.87549,4.71526,1.0453098753326429,50.876740959385636,4.7004943841400175,2022,12,21,24062,Leuven,Normaal,Droog,"Nacht, openbare verlichting aanwezig en ontstoken",met lichtgewonden,6,Bromfiets,3,Fiets,Buiten Kruispunt,Gemeenteweg,binnen bebouwde kom,Tussen 2 bestuurders: Frontale botsing,Geen hindernis
36599,77,Leuven teller 2,Leuven,50.88672,4.70796,1.2270173597251472,50.876740959385636,4.7004943841400175,2022,12,21,24062,Leuven,Normaal,Droog,"Nacht, openbare verlichting aanwezig en ontstoken",met lichtgewonden,6,Bromfiets,3,Fiets,Buiten Kruispunt,Gemeenteweg,binnen bebouwde kom,Tussen 2 bestuurders: Frontale botsing,Geen hindernis
36599,107,leuven totem,Leuven,50.8870744,4.7087919,1.2880674148879805,50.876740959385636,4.7004943841400175,2022,12,21,24062,Leuven,Normaal,Droog,"Nacht, openbare verlichting aanwezig en ontstoken",met lichtgewonden,6,Bromfiets,3,Fiets,Buiten Kruispunt,Gemeenteweg,binnen bebouwde kom,Tussen 2 bestuurders: Frontale botsing,Geen hindernis
36599,151,Leuven,District Leuven,50.8690262,4.6854839,1.358405408874861,50.876740959385636,4.7004943841400175,2022,12,21,24062,Leuven,Normaal,Droog,"Nacht, openbare verlichting aanwezig en ontstoken",met lichtgewonden,6,Bromfiets,3,Fiets,Buiten Kruispunt,Gemeenteweg,binnen bebouwde kom,Tussen 2 bestuurders: Frontale botsing,Geen hindernis
36600,72,Herent teller 1,Herent,50.89135,4.64689,1.0053952350002098,50.88825958910955,4.660360212725175,2022,12,18,24038,Herent,Regenval,"Nat, plassen","Nacht, openbare verlichting aanwezig en ontstoken",met lichtgewonden,3,Fiets,11,een weggebruiker tegen een hindernis,Buiten Kruispunt,Gewestweg,buiten bebouwde kom,Weggebruiker tegen hindernis buiten rijbaan,Buiten de rijbaan: Verlichtingspaal
36600,73,Herent teller 2,Herent,50.89128,4.64685,1.0054063050179585,50.88825958910955,4.660360212725175,2022,12,18,24038,Herent,Regenval,"Nat, plassen","Nacht, openbare verlichting aanwezig en ontstoken",met lichtgewonden,3,Fiets,11,een weggebruiker tegen een hindernis,Buiten Kruispunt,Gewestweg,buiten bebouwde kom,Weggebruiker tegen hindernis buiten rijbaan,Buiten de rijbaan: Verlichtingspaal
36601,69,Leuven teller 1,Leuven,50.87549,4.71526,0.6736013090586646,50.88152896565178,4.714502663113646,2022,12,18,24062,Leuven,Normaal,Droog,"Nacht, openbare verlichting aanwezig en ontstoken",met lichtgewonden,3,Fiets,3,Fiets,Op Kruispunt,Gewestweg,binnen bebouwde kom,Tss. 2 best.: langs opzij (voor-/achterkant-flank),Geen hindernis
36601,107,leuven totem,Leuven,50.8870744,4.7087919,0.7353373624311386,50.88152896565178,4.714502663113646,2022,12,18,24062,Leuven,Normaal,Droog,"Nacht, openbare verlichting aanwezig en ontstoken",met lichtgewonden,3,Fiets,3,Fiets,Op Kruispunt,Gewestweg,binnen bebouwde kom,Tss. 2 best.: langs opzij (voor-/achterkant-flank),Geen hindernis
36601,77,Leuven teller 2,Leuven,50.88672,4.70796,0.737456243616288,50.88152896565178,4.714502663113646,2022,12,18,24062,Leuven,Normaal,Droog,"Nacht, openbare verlichting aanwezig en ontstoken",met lichtgewonden,3,Fiets,3,Fiets,Op Kruispunt,Gewestweg,binnen bebouwde kom,Tss. 2 best.: langs opzij (voor-/achterkant-flank),Geen hindernis
36601,151,Leuven,District Leuven,50.8690262,4.6854839,2.4654632254486737,50.88152896565178,4.714502663113646,2022,12,18,24062,Leuven,Normaal,Droog,"Nacht, openbare verlichting aanwezig en ontstoken",met lichtgewonden,3,Fiets,3,Fiets,Op Kruispunt,Gewestweg,binnen bebouwde kom,Tss. 2 best.: langs opzij (voor-/achterkant-flank),Geen hindernis
36602,76,Heverlee teller 2,Leuven,50.84606,4.69597,2.4625968282317743,50.85072953771642,4.730258352897309,2022,12,13,24062,Leuven,Normaal,Droog,Dag,met lichtgewonden,3,Fiets,9,personenauto,Op Kruispunt,Gemeenteweg,buiten bebouwde kom,Tss. 2 best.: langs opzij (voor-/achterkant-flank),Geen hindernis
36602,108,Heverlee teller 1,Leuven,50.8471728,4.6954674,2.474304116138102,50.85072953771642,4.730258352897309,2022,12,13,24062,Leuven,Normaal,Droog,Dag,met lichtgewonden,3,Fiets,9,personenauto,Op Kruispunt,Gemeenteweg,buiten bebouwde kom,Tss. 2 best.: langs opzij (voor-/achterkant-flank),Geen hindernis
36603,69,Leuven teller 1,Leuven,50.87549,4.71526,0.18784706570408857,50.877165364447166,4.715603775822001,2022,12,14,24062,Leuven,Normaal,Droog,Dag,met lichtgewonden,9,personenauto,3,Fiets,Buiten Kruispunt,Gewestweg,binnen bebouwde kom,Tss. 2 best.: langs opzij (voor-/achterkant-flank),Geen hindernis
36603,77,Leuven teller 2,Leuven,50.88672,4.70796,1.1900904937338814,50.877165364447166,4.715603775822001,2022,12,14,24062,Leuven,Normaal,Droog,Dag,met lichtgewonden,9,personenauto,3,Fiets,Buiten Kruispunt,Gewestweg,binnen bebouwde kom,Tss. 2 best.: langs opzij (voor-/achterkant-flank),Geen hindernis
36603,107,leuven totem,Leuven,50.8870744,4.7087919,1.2010056363803319,50.877165364447166,4.715603775822001,2022,12,14,24062,Leuven,Normaal,Droog,Dag,met lichtgewonden,9,personenauto,3,Fiets,Buiten Kruispunt,Gewestweg,binnen bebouwde kom,Tss. 2 best.: langs opzij (voor-/achterkant-flank),Geen hindernis
36603,151,Leuven,District Leuven,50.8690262,4.6854839,2.2990915520276096,50.877165364447166,4.715603775822001,2022,12,14,24062,Leuven,Normaal,Droog,Dag,met lichtgewonden,9,personenauto,3,Fiets,Buiten Kruispunt,Gewestweg,binnen bebouwde kom,Tss. 2 best.: langs opzij (voor-/achterkant-flank),Geen hindernis
36604,151,Leuven,District Leuven,50.8690262,4.6854839,0.48674300276404775,50.87206948426142,4.690469703057868,2022,12,10,24062,Leuven,Normaal,"Nat, plassen",Dag,met lichtgewonden,9,personenauto,3,Fiets,Op Kruispunt,Gewestweg,binnen bebouwde kom,Tussen 2 bestuurders: Langs achteren,Geen hindernis
36604,69,Leuven teller 1,Leuven,50.87549,4.71526,1.7805680560875272,50.87206948426142,4.690469703057868,2022,12,10,24062,Leuven,Normaal,"Nat, plassen",Dag,met lichtgewonden,9,personenauto,3,Fiets,Op Kruispunt,Gewestweg,binnen bebouwde kom,Tussen 2 bestuurders: Langs achteren,Geen hindernis
36604,77,Leuven teller 2,Leuven,50.88672,4.70796,2.039515644236672,50.87206948426142,4.690469703057868,2022,12,10,24062,Leuven,Normaal,"Nat, plassen",Dag,met lichtgewonden,9,personenauto,3,Fiets,Op Kruispunt,Gewestweg,binnen bebouwde kom,Tussen 2 bestuurders: Langs achteren,Geen hindernis
36604,107,leuven totem,Leuven,50.8870744,4.7087919,2.106230199048142,50.87206948426142,4.690469703057868,2022,12,10,24062,Leuven,Normaal,"Nat, plassen",Dag,met lichtgewonden,9,personenauto,3,Fiets,Op Kruispunt,Gewestweg,binnen bebouwde kom,Tussen 2 bestuurders: Langs achteren,Geen hindernis
36605,77,Leuven teller 2,Leuven,50.88672,4.70796,0.9902912295318546,50.87890149972495,4.701200663362051,2022,12,19,24062,Leuven,Regenval,"Nat, plassen","Nacht, openbare verlichting aanwezig en ontstoken",met lichtgewonden,3,Fiets,3,Fiets,Buiten Kruispunt,Gewestweg,binnen bebouwde kom,Tussen 2 bestuurders: Flank tegen flank,Geen hindernis
36605,107,leuven totem,Leuven,50.8870744,4.7087919,1.0533291288390467,50.87890149972495,4.701200663362051,2022,12,19,24062,Leuven,Regenval,"Nat, plassen","Nacht, openbare verlichting aanwezig en ontstoken",met lichtgewonden,3,Fiets,3,Fiets,Buiten Kruispunt,Gewestweg,binnen bebouwde kom,Tussen 2 bestuurders: Flank tegen flank,Geen hindernis
36605,69,Leuven teller 1,Leuven,50.87549,4.71526,1.0568606553256397,50.87890149972495,4.701200663362051,2022,12,19,24062,Leuven,Regenval,"Nat, plassen","Nacht, openbare verlichting aanwezig en ontstoken",met lichtgewonden,3,Fiets,3,Fiets,Buiten Kruispunt,Gewestweg,binnen bebouwde kom,Tussen 2 bestuurders: Flank tegen flank,Geen hindernis
36605,151,Leuven,District Leuven,50.8690262,4.6854839,1.5562634339158166,50.87890149972495,4.701200663362051,2022,12,19,24062,Leuven,Regenval,"Nat, plassen","Nacht, openbare verlichting aanwezig en ontstoken",met lichtgewonden,3,Fiets,3,Fiets,Buiten Kruispunt,Gewestweg,binnen bebouwde kom,Tussen 2 bestuurders: Flank tegen flank,Geen hindernis
36606,151,Leuven,District Leuven,50.8690262,4.6854839,0.48674300276404775,50.87206948426142,4.690469703057868,2022,10,16,24062,Leuven,Normaal,Droog,Dag,met lichtgewonden,9,personenauto,3,Fiets,Op Kruispunt,Gewestweg,buiten bebouwde kom,Tss. 2 best.: langs opzij (voor-/achterkant-flank),Geen hindernis
36606,69,Leuven teller 1,Leuven,50.87549,4.71526,1.7805680560875272,50.87206948426142,4.690469703057868,2022,10,16,24062,Leuven,Normaal,Droog,Dag,met lichtgewonden,9,personenauto,3,Fiets,Op Kruispunt,Gewestweg,buiten bebouwde kom,Tss. 2 best.: langs opzij (voor-/achterkant-flank),Geen hindernis
36606,77,Leuven teller 2,Leuven,50.88672,4.70796,2.039515644236672,50.87206948426142,4.690469703057868,2022,10,16,24062,Leuven,Normaal,Droog,Dag,met lichtgewonden,9,personenauto,3,Fiets,Op Kruispunt,Gewestweg,buiten bebouwde kom,Tss. 2 best.: langs opzij (voor-/achterkant-flank),Geen hindernis
36606,107,leuven totem,Leuven,50.8870744,4.7087919,2.106230199048142,50.87206948426142,4.690469703057868,2022,10,16,24062,Leuven,Normaal,Droog,Dag,met lichtgewonden,9,personenauto,3,Fiets,Op Kruispunt,Gewestweg,buiten bebouwde kom,Tss. 2 best.: langs opzij (voor-/achterkant-flank),Geen hindernis
36607,151,Leuven,District Leuven,50.8690262,4.6854839,1.063437332185357,50.87237897382184,4.699676828174192,2022,12,10,24062,Leuven,Regenval,"Nat, plassen",Dag,met lichtgewonden,3,Fiets,8,Voetganger,Buiten Kruispunt,Gemeenteweg,binnen bebouwde kom,Met een voetganger,Geen hindernis
36607,69,Leuven teller 1,Leuven,50.87549,4.71526,1.1468441705804195,50.87237897382184,4.699676828174192,2022,12,10,24062,Leuven,Regenval,"Nat, plassen",Dag,met lichtgewonden,3,Fiets,8,Voetganger,Buiten Kruispunt,Gemeenteweg,binnen bebouwde kom,Met een voetganger,Geen hindernis
36607,77,Leuven teller 2,Leuven,50.88672,4.70796,1.6972409091206198,50.87237897382184,4.699676828174192,2022,12,10,24062,Leuven,Regenval,"Nat, plassen",Dag,met lichtgewonden,3,Fiets,8,Voetganger,Buiten Kruispunt,Gemeenteweg,binnen bebouwde kom,Met een voetganger,Geen hindernis
36607,107,leuven totem,Leuven,50.8870744,4.7087919,1.7547368572581503,50.87237897382184,4.699676828174192,2022,12,10,24062,Leuven,Regenval,"Nat, plassen",Dag,met lichtgewonden,3,Fiets,8,Voetganger,Buiten Kruispunt,Gemeenteweg,binnen bebouwde kom,Met een voetganger,Geen hindernis
36608,151,Leuven,District Leuven,50.8690262,4.6854839,0.4891733215006005,50.87175649865821,4.690949895679916,2022,11,18,24062,Leuven,Normaal,Droog,"Nacht, openb. verlicht. aanw., maar niet ontstoken",met lichtgewonden,3,Fiets,11,een weggebruiker tegen een hindernis,Buiten Kruispunt,Gewestweg,binnen bebouwde kom,Weggebruiker tegen hindernis buiten rijbaan,Onbekend
36608,69,Leuven teller 1,Leuven,50.87549,4.71526,1.7555749217079357,50.87175649865821,4.690949895679916,2022,11,18,24062,Leuven,Normaal,Droog,"Nacht, openb. verlicht. aanw., maar niet ontstoken",met lichtgewonden,3,Fiets,11,een weggebruiker tegen een hindernis,Buiten Kruispunt,Gewestweg,binnen bebouwde kom,Weggebruiker tegen hindernis buiten rijbaan,Onbekend