crash_row_id,site_id,site_name,site_gemeente,site_lat,site_long,distance_km,crash_lat,crash_long,DT_YEAR_COLLISION,DT_MONTH_COLLISION,DT_TIME,CD_NIS,TX_MUNTY_COLLISION_NL,TX_WEATHER_NL,TX_ROAD_CONDITION_NL,TX_LIGHT_CONDITION_NL,TX_CLASS_ACCIDENTS_NL,CD_ROAD_USR_TYPE1,TX_ROAD_USR_TYPE1_NL,CD_ROAD_USR_TYPE2,TX_ROAD_USR_TYPE2_NL,TX_CROSSWAY_NL,CD_ROAD_TYPE_NL,TX_BUILD_UP_AREA_NL,TX_COLLISION_TYPE_NL,TX_OBSTACLES_NL
36608,77,Leuven teller 2,Leuven,50.88672,4.70796,2.0476056325349528,50.87175649865821,4.690949895679916,2022,11,18,24062,Leuven,Normaal,Droog,"Nacht, openb. verlicht. aanw., maar niet ontstoken",met lichtgewonden,3,Fiets,11,een weggebruiker tegen een hindernis,Buiten Kruispunt,Gewestweg,binnen bebouwde kom,Weggebruiker tegen hindernis buiten rijbaan,Onbekend
36608,107,leuven totem,Leuven,50.8870744,4.7087919,2.1137838924481502,50.87175649865821,4.690949895679916,2022,11,18,24062,Leuven,Normaal,Droog,"Nacht, openb. verlicht. aanw., maar niet ontstoken",met lichtgewonden,3,Fiets,11,een weggebruiker tegen een hindernis,Buiten Kruispunt,Gewestweg,binnen bebouwde kom,Weggebruiker tegen hindernis buiten rijbaan,Onbekend
36610,87,Aarschot,Aarschot,50.99084,4.81259,2.360407534036315,50.98228428821174,4.781728932026776,2022,12,15,24007,Begijnendijk,Normaal,Droog,Dag,met zwaargewonden,3,Fiets,3,Fiets,Buiten Kruispunt,Gemeenteweg,buiten bebouwde kom,Tussen 2 bestuurders: Frontale botsing,Geen hindernis
36611,87,Aarschot,Aarschot,50.99084,4.81259,1.9288600582431066,50.987815702437416,4.839725713918755,2022,12,0,24001,Aarschot,Onbekend,Onbekend,"Nacht, openbare verlichting aanwezig en ontstoken",met lichtgewonden,9,personenauto,3,Fiets,Buiten Kruispunt,Gewestweg,binnen bebouwde kom,Tussen 2 bestuurders: Flank tegen flank,Geen hindernis
36612,87,Aarschot,Aarschot,50.99084,4.81259,1.7385042521821872,50.98367477547368,4.83466524198276,2022,12,8,24001,Aarschot,Normaal,"Nat, plassen",Dag,met lichtgewonden,9,personenauto,3,Fiets,Op Kruispunt,Gemeenteweg,binnen bebouwde kom,Tss. 2 best.: langs opzij (voor-/achterkant-flank),Geen hindernis
36613,87,Aarschot,Aarschot,50.99084,4.81259,1.3524009855418853,50.98027202554864,4.822153204540718,2022,12,13,24001,Aarschot,Normaal,"Ijzel, sneeuw",Dag,met lichtgewonden,3,Fiets,10,"één bestuurder, geen hindernis",Buiten Kruispunt,Gewestweg,binnen bebouwde kom,"Eén bestuurder, geen hindernis (incl. val)",Geen hindernis
36614,87,Aarschot,Aarschot,50.99084,4.81259,2.1267705972574253,50.99237035003241,4.842879400609952,2022,12,15,24001,Aarschot,Normaal,Droog,Dag,met lichtgewonden,9,personenauto,3,Fiets,Op Kruispunt,Gewestweg,buiten bebouwde kom,Tussen 2 bestuurders: Frontale botsing,Geen hindernis
36618,101,Diest teller 1,Diest,50.97799,5.04481,2.2628952211252504,50.99686994538318,5.032743139976148,2022,12,9,24020,Diest,Onbekend,Onbekend,Dag,met lichtgewonden,9,personenauto,3,Fiets,Op Kruispunt,Gewestweg,onbekend,Tss. 2 best.: langs opzij (voor-/achterkant-flank),Geen hindernis
36618,102,Diest teller 2,Diest,50.9779,5.04474,2.270366071270869,50.99686994538318,5.032743139976148,2022,12,9,24020,Diest,Onbekend,Onbekend,Dag,met lichtgewonden,9,personenauto,3,Fiets,Op Kruispunt,Gewestweg,onbekend,Tss. 2 best.: langs opzij (voor-/achterkant-flank),Geen hindernis
36623,147,Overijse,District Vilvoorde-gewestwegen,50.7797555,4.4975769,2.1202244386974183,50.764339198481316,4.479833477199659,2022,12,8,23033,Hoeilaart,Onbekend,Onbekend,Dageraad - schemering,met lichtgewonden,3,Fiets,9,personenauto,Buiten Kruispunt,Gemeenteweg,binnen bebouwde kom,Tss. 2 best.: langs opzij (voor-/achterkant-flank),Geen hindernis
36623,148,Hoeilaart,District Leuven,50.76699493,4.44471001,2.4878244382370025,50.764339198481316,4.479833477199659,2022,12,8,23033,Hoeilaart,Onbekend,Onbekend,Dageraad - schemering,met lichtgewonden,3,Fiets,9,personenauto,Buiten Kruispunt,Gemeenteweg,binnen bebouwde kom,Tss. 2 best.: langs opzij (voor-/achterkant-flank),Geen hindernis
36628,86,Asse teller 2,Asse,50.89132,4.1709,2.0437793396261705,50.87294895272314,4.1699832961168015,2022,12,16,23086,Ternat,Normaal,Droog,Dag,met lichtgewonden,3,Fiets,3,Fiets,Buiten Kruispunt,Gemeenteweg,binnen bebouwde kom,Tussen 2 bestuurders: Frontale botsing,Geen hindernis
36629,80,Wemmel teller 1,Wemmel,50.91418,4.29571,1.6107671738657414,50.904123568294295,4.312245501955499,2022,12,15,23102,Wemmel,Regenval,"Nat, plassen",Dag,met lichtgewonden,9,personenauto,3,Fiets,Buiten Kruispunt,Gemeenteweg,binnen bebouwde kom,Tss. 2 best.: langs opzij (voor-/achterkant-flank),Geen hindernis
36629,81,Wemmel teller 2,Wemmel,50.91439,4.29568,1.6285622369128603,50.904123568294295,4.312245501955499,2022,12,15,23102,Wemmel,Regenval,"Nat, plassen",Dag,met lichtgewonden,9,personenauto,3,Fiets,Buiten Kruispunt,Gemeenteweg,binnen bebouwde kom,Tss. 2 best.: langs opzij (voor-/achterkant-flank),Geen hindernis
36630,85,Asse teller 1,Asse,50.89621,4.17294,2.434391359668038,50.913597663786085,4.194035654032038,2022,12,15,23002,Asse,Normaal,Droog,Dag,met lichtgewonden,9,personenauto,3,Fiets,Op Kruispunt,Gewestweg,binnen bebouwde kom,Tss. 2 best.: langs opzij (voor-/achterkant-flank),Geen hindernis
36634,27,Grimbergen,Meise,50.92127,4.34013,2.1690381728785244,50.910659727414554,4.366092948412485,2022,12,8,23025,Grimbergen,Normaal,Droog,Dag,met lichtgewonden,3,Fiets,9,personenauto,Op Kruispunt,Gewestweg,buiten bebouwde kom,Tss. 2 best.: langs opzij (voor-/achterkant-flank),Geen hindernis
36636,1,Machelen,Machelen,50.91618331151478,4.456121776137429,2.1320702723886056,50.93041706391023,4.435741139698597,2022,12,11,23088,Vilvoorde,Normaal,Onbekend,Dag,met lichtgewonden,3,Fiets,9,personenauto,Buiten Kruispunt,Gemeenteweg,binnen bebouwde kom,Tussen 2 bestuurders: Frontale botsing,Geen hindernis
36636,47,Vilvoorde,Vilvoorde,50.91372,4.41497,2.3594177174758104,50.93041706391023,4.435741139698597,2022,12,11,23088,Vilvoorde,Normaal,Onbekend,Dag,met lichtgewonden,3,Fiets,9,personenauto,Buiten Kruispunt,Gemeenteweg,binnen bebouwde kom,Tussen 2 bestuurders: Frontale botsing,Geen hindernis
36637,1,Machelen,Machelen,50.91618331151478,4.456121776137429,1.4555480712393039,50.92688945816456,4.4441738175955114,2022,12,20,23088,Vilvoorde,Onbekend,"Nat, plassen","Nacht, openbare verlichting aanwezig en ontstoken",met lichtgewonden,9,personenauto,3,Fiets,Buiten Kruispunt,Gemeenteweg,binnen bebouwde kom,Tss. 2 best.: langs opzij (voor-/achterkant-flank),Geen hindernis
36639,109,Zemst,Zemst,50.9903936,4.4707023,1.7824386049880718,50.97682211600732,4.457151833449141,2022,12,14,23096,Zemst,Normaal,"Nat, plassen",Dag,met lichtgewonden,9,personenauto,3,Fiets,Buiten Kruispunt,Gewestweg,buiten bebouwde kom,Tussen 2 bestuurders: Flank tegen flank,Geen hindernis
36641,13,Gent,Gent,51.03018,3.70146,2.1638995477168126,51.03909611334029,3.7289668716457016,2022,12,18,44021,Gent,Regenval,"Nat, plassen",Dageraad - schemering,met lichtgewonden,3,Fiets,9,personenauto,Buiten Kruispunt,Gemeenteweg,binnen bebouwde kom,Tussen 2 bestuurders: Frontale botsing,Geen hindernis
36642,118,Gent teller 1,Gent,51.028049,3.7681359,1.766369250937387,51.0378802292252,3.7482946671819133,2022,12,13,44021,Gent,Normaal,Droog,Dag,met lichtgewonden,9,personenauto,3,Fiets,Op Kruispunt,Gewestweg,binnen bebouwde kom,Tss. 2 best.: langs opzij (voor-/achterkant-flank),Geen hindernis
36642,119,Gent teller 2,Gent,51.0281795,3.7683918,1.7715853244834077,51.0378802292252,3.7482946671819133,2022,12,13,44021,Gent,Normaal,Droog,Dag,met lichtgewonden,9,personenauto,3,Fiets,Op Kruispunt,Gewestweg,binnen bebouwde kom,Tss. 2 best.: langs opzij (voor-/achterkant-flank),Geen hindernis
36644,13,Gent,Gent,51.03018,3.70146,2.0185882333675305,51.03163505830744,3.7302327173189243,2022,12,6,44021,Gent,Normaal,"Nat, plassen",Dageraad - schemering,met lichtgewonden,9,personenauto,3,Fiets,Op Kruispunt,Gemeenteweg,binnen bebouwde kom,Tussen 2 bestuurders: Langs achteren,Geen hindernis
36647,13,Gent,Gent,51.03018,3.70146,2.1926634723140404,51.02764439230227,3.732553209253929,2022,12,9,44021,Gent,Normaal,Onbekend,Dag,met lichtgewonden,9,personenauto,3,Fiets,Buiten Kruispunt,Gemeenteweg,buiten bebouwde kom,Tss. 2 best.: langs opzij (voor-/achterkant-flank),Geen hindernis
36647,118,Gent teller 1,Gent,51.028049,3.7681359,2.488890213878939,51.02764439230227,3.732553209253929,2022,12,9,44021,Gent,Normaal,Onbekend,Dag,met lichtgewonden,9,personenauto,3,Fiets,Buiten Kruispunt,Gemeenteweg,buiten bebouwde kom,Tss. 2 best.: langs opzij (voor-/achterkant-flank),Geen hindernis
36650,118,Gent teller 1,Gent,51.028049,3.7681359,1.5533173030233216,51.033088624469904,3.747419621120812,2022,10,17,44021,Gent,Onbekend,Onbekend,Dag,met lichtgewonden,3,Fiets,9,personenauto,Buiten Kruispunt,Gemeenteweg,binnen bebouwde kom,Tss. 2 best.: langs opzij (voor-/achterkant-flank),Geen hindernis
36650,119,Gent teller 2,Gent,51.0281795,3.7683918,1.5648982735437986,51.033088624469904,3.747419621120812,2022,10,17,44021,Gent,Onbekend,Onbekend,Dag,met lichtgewonden,3,Fiets,9,personenauto,Buiten Kruispunt,Gemeenteweg,binnen bebouwde kom,Tss. 2 best.: langs opzij (voor-/achterkant-flank),Geen hindernis
36652,118,Gent teller 1,Gent,51.028049,3.7681359,2.3828959327694443,51.0199757674128,3.7365759623997263,2022,12,8,44021,Gent,Normaal,Droog,Dag,met lichtgewonden,3,Fiets,9,personenauto,Op Kruispunt,Gemeenteweg,buiten bebouwde kom,Tss. 2 best.: langs opzij (voor-/achterkant-flank),Geen hindernis
36652,119,Gent teller 2,Gent,51.0281795,3.7683918,2.404948295534975,51.0199757674128,3.7365759623997263,2022,12,8,44021,Gent,Normaal,Droog,Dag,met lichtgewonden,3,Fiets,9,personenauto,Op Kruispunt,Gemeenteweg,buiten bebouwde kom,Tss. 2 best.: langs opzij (voor-/achterkant-flank),Geen hindernis
36653,119,Gent teller 2,Gent,51.0281795,3.7683918,1.5441360170987772,51.01838508691141,3.78404248508379,2022,12,12,44040,Melle,Normaal,Droog,Dag,met lichtgewonden,3,Fiets,9,personenauto,Op Kruispunt,Gemeenteweg,buiten bebouwde kom,Tss. 2 best.: langs opzij (voor-/achterkant-flank),Geen hindernis
36653,118,Gent teller 1,Gent,51.028049,3.7681359,1.546760240964226,51.01838508691141,3.78404248508379,2022,12,12,44040,Melle,Normaal,Droog,Dag,met lichtgewonden,3,Fiets,9,personenauto,Op Kruispunt,Gemeenteweg,buiten bebouwde kom,Tss. 2 best.: langs opzij (voor-/achterkant-flank),Geen hindernis
36657,13,Gent,Gent,51.03018,3.70146,2.053445727507468,51.046796156797726,3.7142754209811644,2022,12,2,44021,Gent,Normaal,Droog,"Nacht, openbare verlichting aanwezig en ontstoken",met lichtgewonden,3,Fiets,9,personenauto,Buiten Kruispunt,Gemeenteweg,binnen bebouwde kom,Tussen 2 bestuurders: Frontale botsing,Geen hindernis
36658,136,Gent R4,Gent,51.0876313,3.7587918,1.5344205485298157,51.074981583468585,3.7675694905791492,2022,12,20,44021,Gent,Regenval,"Nat, plassen","Nacht, openbare verlichting aanwezig en ontstoken",met zwaargewonden,3,Fiets,11,een weggebruiker tegen een hindernis,Buiten Kruispunt,Gemeenteweg,binnen bebouwde kom,Weggebruiker tegen hindernis buiten rijbaan,Onbekend
36662,118,Gent teller 1,Gent,51.028049,3.7681359,2.3828959327694443,51.0199757674128,3.7365759623997263,2022,12,7,44021,Gent,Normaal,Droog,Dageraad - schemering,met lichtgewonden,9,personenauto,3,Fiets,Op Kruispunt,Gemeenteweg,binnen bebouwde kom,Tss. 2 best.: langs opzij (voor-/achterkant-flank),Geen hindernis
36662,119,Gent teller 2,Gent,51.0281795,3.7683918,2.404948295534975,51.0199757674128,3.7365759623997263,2022,12,7,44021,Gent,Normaal,Droog,Dageraad - schemering,met lichtgewonden,9,personenauto,3,Fiets,Op Kruispunt,Gemeenteweg,binnen bebouwde kom,Tss. 2 best.: langs opzij (voor-/achterkant-flank),Geen hindernis
36663,13,Gent,Gent,51.03018,3.70146,2.4402897022792454,51.05071442064278,3.713775796032038,2022,12,10,44021,Gent,Normaal,Droog,Dag,met lichtgewonden,9,personenauto,3,Fiets,Op Kruispunt,Gemeenteweg,binnen bebouwde kom,Tss. 2 best.: langs opzij (voor-/achterkant-flank),Geen hindernis
36664,13,Gent,Gent,51.03018,3.70146,2.175530583367727,51.04974230075463,3.7019784339687827,2022,12,13,44021,Gent,Normaal,Droog,Dag,met lichtgewonden,9,personenauto,3,Fiets,Op Kruispunt,Gemeenteweg,binnen bebouwde kom,Tss. 2 best.: langs opzij (voor-/achterkant-flank),Geen hindernis
36666,13,Gent,Gent,51.03018,3.70146,1.4787687638188278,51.02715153064521,3.7220496348597676,2022,12,15,44021,Gent,Onbekend,Onbekend,Dag,met lichtgewonden,3,Fiets,6,Bromfiets,Op Kruispunt,Gemeenteweg,binnen bebouwde kom,Tss. 2 best.: langs opzij (voor-/achterkant-flank),Geen hindernis
36668,13,Gent,Gent,51.03018,3.70146,2.4570000595263863,51.01341565363077,3.7243440039227846,2022,12,16,44021,Gent,Normaal,Droog,Dag,met lichtgewonden,3,Fiets,3,Fiets,Buiten Kruispunt,Autosnelweg,buiten bebouwde kom,Tussen 2 bestuurders: Langs achteren,Geen hindernis
36683,136,Gent R4,Gent,51.0876313,3.7587918,2.198311610693461,51.07608625919575,3.7843385285409186,2022,12,13,44021,Gent,Normaal,Droog,Dag,met lichtgewonden,9,personenauto,3,Fiets,Op Kruispunt,Gemeenteweg,binnen bebouwde kom,Tussen 2 bestuurders: Langs achteren,Geen hindernis
36691,115,Aalter,Aalter,51.1058367,3.4350591,0.6261345569799368,51.106044173421395,3.4440211925422566,2022,12,16,44084,Aalter,Normaal,Droog,Dag,met lichtgewonden,3,Fiets,5,Lichte vrachtauto,Buiten Kruispunt,Gemeenteweg,buiten bebouwde kom,Tussen 2 bestuurders: Flank tegen flank,Geen hindernis
36692,115,Aalter,Aalter,51.1058367,3.4350591,1.2550406663279225,51.0962581075064,3.4445666030504465,2022,12,6,44084,Aalter,Normaal,Droog,Dageraad - schemering,met lichtgewonden,3,Fiets,10,"één bestuurder, geen hindernis",Buiten Kruispunt,Gewestweg,binnen bebouwde kom,"Eén bestuurder, geen hindernis (incl. val)",Geen hindernis
36694,115,Aalter,Aalter,51.1058367,3.4350591,0.9170757610270076,51.109421519607,3.446889182806011,2022,12,15,44084,Aalter,Normaal,Droog,Dag,met lichtgewonden,5,Lichte vrachtauto,3,Fiets,Op Kruispunt,Gewestweg,buiten bebouwde kom,Tss. 2 best.: langs opzij (voor-/achterkant-flank),Geen hindernis
36725,141,Test site A support,Lokeren,51.08342085,3.9961071208376326,1.5700992301544843,51.09748676097577,3.998077349087798,2022,12,17,46014,Lokeren,Regenval,"Nat, plassen","Nacht, openbare verlichting aanwezig en ontstoken",met lichtgewonden,3,Fiets,9,personenauto,Op Kruispunt,Gewestweg,buiten bebouwde kom,Tss. 2 best.: langs opzij (voor-/achterkant-flank),Geen hindernis
36725,128,Lokeren teller 1,Lokeren,51.09644,3.97023,1.948085513043678,51.09748676097577,3.998077349087798,2022,12,17,46014,Lokeren,Regenval,"Nat, plassen","Nacht, openbare verlichting aanwezig en ontstoken",met lichtgewonden,3,Fiets,9,personenauto,Op Kruispunt,Gewestweg,buiten bebouwde kom,Tss. 2 best.: langs opzij (voor-/achterkant-flank),Geen hindernis
36725,129,Lokeren teller 2,Lokeren,51.09612,3.97025,1.949149250667652,51.09748676097577,3.998077349087798,2022,12,17,46014,Lokeren,Regenval,"Nat, plassen","Nacht, openbare verlichting aanwezig en ontstoken",met lichtgewonden,3,Fiets,9,personenauto,Op Kruispunt,Gewestweg,buiten bebouwde kom,Tss. 2 best.: langs opzij (voor-/achterkant-flank),Geen hindernis
36726,128,Lokeren teller 1,Lokeren,51.09644,3.97023,1.8803198769750546,51.1009297984456,3.99619128072569,2022,12,12,46014,Lokeren,Onbekend,Onbekend,Dag,met lichtgewonden,9,personenauto,3,Fiets,Op Kruispunt,Gemeenteweg,binnen bebouwde kom,Tss. 2 best.: langs opzij (voor-/achterkant-flank),Geen hindernis
36726,129,Lokeren teller 2,Lokeren,51.09612,3.97025,1.8887452496939308,51.1009297984456,3.99619128072569,2022,12,12,46014,Lokeren,Onbekend,Onbekend,Dag,met lichtgewonden,9,personenauto,3,Fiets,Op Kruispunt,Gemeenteweg,binnen bebouwde kom,Tss. 2 best.: langs opzij (voor-/achterkant-flank),Geen hindernis
36726,141,Test site A support,Lokeren,51.08342085,3.9961071208376326,1.9469151099875155,51.1009297984456,3.99619128072569,2022,12,12,46014,Lokeren,Onbekend,Onbekend,Dag,met lichtgewonden,9,personenauto,3,Fiets,Op Kruispunt,Gemeenteweg,binnen bebouwde kom,Tss. 2 best.: langs opzij (voor-/achterkant-flank),Geen hindernis
36727,129,Lokeren teller 2,Lokeren,51.09612,3.97025,1.8932095749255677,51.08349911615875,3.952055470495231,2022,12,13,46014,Lokeren,Regenval,"Nat, plassen",Dag,met lichtgewonden,9,personenauto,3,Fiets,Buiten Kruispunt,Gewestweg,buiten bebouwde kom,Tss. 2 best.: langs opzij (voor-/achterkant-flank),Geen hindernis
36727,128,Lokeren teller 1,Lokeren,51.09644,3.97023,1.918807038637736,51.08349911615875,3.952055470495231,2022,12,13,46014,Lokeren,Regenval,"Nat, plassen",Dag,met lichtgewonden,9,personenauto,3,Fiets,Buiten Kruispunt,Gewestweg,buiten bebouwde kom,Tss. 2 best.: langs opzij (voor-/achterkant-flank),Geen hindernis
36728,126,Hamme totem,Hamme,51.1017709,4.1469307,0.30645942977462637,51.10080034486161,4.142822845726932,2022,12,8,42008,Hamme,Onbekend,"Nat, plassen",Onbekend,met lichtgewonden,9,personenauto,3,Fiets,Op Kruispunt,Gewestweg,binnen bebouwde kom,Tussen 2 bestuurders: Langs achteren,Geen hindernis
36729,120,Zele teller 1,Zele,51.0607671,4.0547741,1.3437602447791366,51.054234878191565,4.038598303305995,2022,12,7,42028,Zele,Onbekend,Onbekend,Onbekend,met lichtgewonden,9,personenauto,3,Fiets,Op Kruispunt,Gemeenteweg,onbekend,Tss. 2 best.: langs opzij (voor-/achterkant-flank),Geen hindernis
36729,121,Zele teller 2,Zele,51.0604067,4.0556696,1.3764165913895434,51.054234878191565,4.038598303305995,2022,12,7,42028,Zele,Onbekend,Onbekend,Onbekend,met lichtgewonden,9,personenauto,3,Fiets,Op Kruispunt,Gemeenteweg,onbekend,Tss. 2 best.: langs opzij (voor-/achterkant-flank),Geen hindernis
36739,11,Aalst 3,Aalst,50.93385,4.01647,1.3890796677701638,50.933952946850155,4.036291551956023,2022,12,10,41002,Aalst,Normaal,Droog,Dag,met lichtgewonden,5,Lichte vrachtauto,3,Fiets,Buiten Kruispunt,Gemeenteweg,binnen bebouwde kom,Tussen 2 bestuurders: Langs achteren,Geen hindernis
36739,10,Aalst 2,Aalst,50.93549,4.01571,1.4523569983861098,50.933952946850155,4.036291551956023,2022,12,10,41002,Aalst,Normaal,Droog,Dag,met lichtgewonden,5,Lichte vrachtauto,3,Fiets,Buiten Kruispunt,Gemeenteweg,binnen bebouwde kom,Tussen 2 bestuurders: Langs achteren,Geen hindernis
36739,19,Aalst 1,Aalst,50.93433,4.01471,1.5129410422173584,50.933952946850155,4.036291551956023,2022,12,10,41002,Aalst,Normaal,Droog,Dag,met lichtgewonden,5,Lichte vrachtauto,3,Fiets,Buiten Kruispunt,Gemeenteweg,binnen bebouwde kom,Tussen 2 bestuurders: Langs achteren,Geen hindernis
36740,10,Aalst 2,Aalst,50.93549,4.01571,2.0882214324098656,50.93997084211167,4.044650742862004,2022,12,13,41002,Aalst,Normaal,Droog,Dag,met lichtgewonden,9,personenauto,3,Fiets,Op Kruispunt,Gemeenteweg,binnen bebouwde kom,Tussen 2 bestuurders: Frontale botsing,Geen hindernis
36740,11,Aalst 3,Aalst,50.93385,4.01647,2.0886906899129376,50.93997084211167,4.044650742862004,2022,12,13,41002,Aalst,Normaal,Droog,Dag,met lichtgewonden,9,personenauto,3,Fiets,Op Kruispunt,Gemeenteweg,binnen bebouwde kom,Tussen 2 bestuurders: Frontale botsing,Geen hindernis
36740,19,Aalst 1,Aalst,50.93433,4.01471,2.1897615357809,50.93997084211167,4.044650742862004,2022,12,13,41002,Aalst,Normaal,Droog,Dag,met lichtgewonden,9,personenauto,3,Fiets,Op Kruispunt,Gemeenteweg,binnen bebouwde kom,Tussen 2 bestuurders: Frontale botsing,Geen hindernis
36741,11,Aalst 3,Aalst,50.93385,4.01647,1.3955709168874317,50.93171944129955,4.036095340526125,2022,12,11,41002,Aalst,Normaal,Droog,Dag,met lichtgewonden,9,personenauto,3,Fiets,Op Kruispunt,Gewestweg,binnen bebouwde kom,Tss. 2 best.: langs opzij (voor-/achterkant-flank),Geen hindernis
36741,10,Aalst 2,Aalst,50.93549,4.01571,1.4888050129845372,50.93171944129955,4.036095340526125,2022,12,11,41002,Aalst,Normaal,Droog,Dag,met lichtgewonden,9,personenauto,3,Fiets,Op Kruispunt,Gewestweg,binnen bebouwde kom,Tss. 2 best.: langs opzij (voor-/achterkant-flank),Geen hindernis
36741,19,Aalst 1,Aalst,50.93433,4.01471,1.5265003580147685,50.93171944129955,4.036095340526125,2022,12,11,41002,Aalst,Normaal,Droog,Dag,met lichtgewonden,9,personenauto,3,Fiets,Op Kruispunt,Gewestweg,binnen bebouwde kom,Tss. 2 best.: langs opzij (voor-/achterkant-flank),Geen hindernis
36743,11,Aalst 3,Aalst,50.93385,4.01647,1.9771325724374575,50.93699170178768,4.044240767714941,2022,12,21,41002,Aalst,Normaal,"Nat, plassen","Nacht, openbare verlichting aanwezig en ontstoken",met lichtgewonden,99,onbekend,3,Fiets,Op Kruispunt,Gemeenteweg,binnen bebouwde kom,Tss. 2 best.: langs opzij (voor-/achterkant-flank),Geen hindernis
36743,10,Aalst 2,Aalst,50.93549,4.01571,2.006207803352944,50.93699170178768,4.044240767714941,2022,12,21,41002,Aalst,Normaal,"Nat, plassen","Nacht, openbare verlichting aanwezig en ontstoken",met lichtgewonden,99,onbekend,3,Fiets,Op Kruispunt,Gemeenteweg,binnen bebouwde kom,Tss. 2 best.: langs opzij (voor-/achterkant-flank),Geen hindernis
36743,19,Aalst 1,Aalst,50.93433,4.01471,2.0904039558400553,50.93699170178768,4.044240767714941,2022,12,21,41002,Aalst,Normaal,"Nat, plassen","Nacht, openbare verlichting aanwezig en ontstoken",met lichtgewonden,99,onbekend,3,Fiets,Op Kruispunt,Gemeenteweg,binnen bebouwde kom,Tss. 2 best.: langs opzij (voor-/achterkant-flank),Geen hindernis
36750,125,Dendermonde totem,Dendermonde,51.0372706,4.1025998,0.9989503988443873,51.02846763132266,4.1054514303097465,2022,12,11,42006,Dendermonde,Normaal,Droog,Dag,met lichtgewonden,3,Fiets,9,personenauto,Buiten Kruispunt,Gewestweg,binnen bebouwde kom,Tss. 2 best.: langs opzij (voor-/achterkant-flank),Geen hindernis
36750,122,Dendermonde teller 2,Dendermonde,51.0373918,4.1019222,1.0225502623792329,51.02846763132266,4.1054514303097465,2022,12,11,42006,Dendermonde,Normaal,Droog,Dag,met lichtgewonden,3,Fiets,9,personenauto,Buiten Kruispunt,Gewestweg,binnen bebouwde kom,Tss. 2 best.: langs opzij (voor-/achterkant-flank),Geen hindernis
36752,125,Dendermonde totem,Dendermonde,51.0372706,4.1025998,1.244364059754734,51.03624336932136,4.120321181612985,2022,12,10,42006,Dendermonde,Normaal,Droog,Dag,met lichtgewonden,9,personenauto,3,Fiets,Op Kruispunt,Gewestweg,buiten bebouwde kom,Tss. 2 best.: langs opzij (voor-/achterkant-flank),Geen hindernis
36752,122,Dendermonde teller 2,Dendermonde,51.0373918,4.1019222,1.2928102495336067,51.03624336932136,4.120321181612985,2022,12,10,42006,Dendermonde,Normaal,Droog,Dag,met lichtgewonden,9,personenauto,3,Fiets,Op Kruispunt,Gewestweg,buiten bebouwde kom,Tss. 2 best.: langs opzij (voor-/achterkant-flank),Geen hindernis
36754,142,TEST Validatie BRUGGE Y2H22022134,Brugge,51.22632,3.24095,2.0869008686112402,51.20755265215773,3.241190097672529,2022,12,16,31005,Brugge,Regenval,"Nat, plassen","Nacht, openbare verlichting aanwezig en ontstoken",met lichtgewonden,9,personenauto,3,Fiets,Op Kruispunt,Gemeenteweg,binnen bebouwde kom,Tss. 2 best.: langs opzij (voor-/achterkant-flank),Geen hindernis
36754,52,Brugge,Brugge,51.22632,3.24095,2.0869008686112402,51.20755265215773,3.241190097672529,2022,12,16,31005,Brugge,Regenval,"Nat, plassen","Nacht, openbare verlichting aanwezig en ontstoken",met lichtgewonden,9,personenauto,3,Fiets,Op Kruispunt,Gemeenteweg,binnen bebouwde kom,Tss. 2 best.: langs opzij (voor-/achterkant-flank),Geen hindernis
36755,20,Brugge,Brugge,51.17416,3.20048,2.477563432093029,51.19479748887617,3.2138800167594352,2022,12,18,31005,Brugge,Regenval,"Nat, plassen","Nacht, openbare verlichting aanwezig en ontstoken",met lichtgewonden,3,Fiets,3,Fiets,Buiten Kruispunt,Gewestweg,binnen bebouwde kom,Tussen 2 bestuurders: Frontale botsing,Geen hindernis
36756,50,"Brugge, Sint-Andries",Brugge,51.19291,3.16252,1.8961300788812565,51.2008777870283,3.1865787559611496,2022,12,10,31005,Brugge,Normaal,"Ijzel, sneeuw",Dag,met lichtgewonden,3,Fiets,9,personenauto,Op Kruispunt,Gemeenteweg,binnen bebouwde kom,Tss. 2 best.: langs opzij (voor-/achterkant-flank),Geen hindernis
36756,51,"Brugge, Sint-Andries",Brugge,51.19281,3.16252,1.9013527444709832,51.2008777870283,3.1865787559611496,2022,12,10,31005,Brugge,Normaal,"Ijzel, sneeuw",Dag,met lichtgewonden,3,Fiets,9,personenauto,Op Kruispunt,Gemeenteweg,binnen bebouwde kom,Tss. 2 best.: langs opzij (voor-/achterkant-flank),Geen hindernis
36758,142,TEST Validatie BRUGGE Y2H22022134,Brugge,51.22632,3.24095,1.8276662663976924,51.209886631485986,3.241470137696229,2022,11,20,31005,Brugge,Normaal,Droog,"Nacht, openbare verlichting aanwezig en ontstoken",met lichtgewonden,9,personenauto,3,Fiets,Op Kruispunt,Gewestweg,binnen bebouwde kom,Tss. 2 best.: langs opzij (voor-/achterkant-flank),Geen hindernis