crash_row_id,site_id,site_name,site_gemeente,site_lat,site_long,distance_km,crash_lat,crash_long,DT_YEAR_COLLISION,DT_MONTH_COLLISION,DT_TIME,CD_NIS,TX_MUNTY_COLLISION_NL,TX_WEATHER_NL,TX_ROAD_CONDITION_NL,TX_LIGHT_CONDITION_NL,TX_CLASS_ACCIDENTS_NL,CD_ROAD_USR_TYPE1,TX_ROAD_USR_TYPE1_NL,CD_ROAD_USR_TYPE2,TX_ROAD_USR_TYPE2_NL,TX_CROSSWAY_NL,CD_ROAD_TYPE_NL,TX_BUILD_UP_AREA_NL,TX_COLLISION_TYPE_NL,TX_OBSTACLES_NL
36758,52,Brugge,Brugge,51.22632,3.24095,1.8276662663976924,51.209886631485986,3.241470137696229,2022,11,20,31005,Brugge,Normaal,Droog,"Nacht, openbare verlichting aanwezig en ontstoken",met lichtgewonden,9,personenauto,3,Fiets,Op Kruispunt,Gewestweg,binnen bebouwde kom,Tss. 2 best.: langs opzij (voor-/achterkant-flank),Geen hindernis
36758,54,Brugge teller 2,Brugge,51.23015,3.22818,2.4358887676126173,51.209886631485986,3.241470137696229,2022,11,20,31005,Brugge,Normaal,Droog,"Nacht, openbare verlichting aanwezig en ontstoken",met lichtgewonden,9,personenauto,3,Fiets,Op Kruispunt,Gewestweg,binnen bebouwde kom,Tss. 2 best.: langs opzij (voor-/achterkant-flank),Geen hindernis
36758,53,Brugge teller 1,Brugge,51.23023,3.228,2.4488940768100997,51.209886631485986,3.241470137696229,2022,11,20,31005,Brugge,Normaal,Droog,"Nacht, openbare verlichting aanwezig en ontstoken",met lichtgewonden,9,personenauto,3,Fiets,Op Kruispunt,Gewestweg,binnen bebouwde kom,Tss. 2 best.: langs opzij (voor-/achterkant-flank),Geen hindernis
36763,20,Brugge,Brugge,51.17416,3.20048,1.6037712224585388,51.18856619090186,3.2015925211640517,2022,12,16,31005,Brugge,Normaal,Droog,Dageraad - schemering,met lichtgewonden,9,personenauto,3,Fiets,Op Kruispunt,Gemeenteweg,binnen bebouwde kom,Tss. 2 best.: langs opzij (voor-/achterkant-flank),Geen hindernis
36778,18,Oostende 1,Oostende,51.21378,2.92765,1.8717629515592191,51.22979020044958,2.9193490498137624,2022,12,8,35013,Oostende,Normaal,"Nat, plassen",Dageraad - schemering,met lichtgewonden,3,Fiets,9,personenauto,Op Kruispunt,Gemeenteweg,binnen bebouwde kom,Tss. 2 best.: langs opzij (voor-/achterkant-flank),Geen hindernis
36778,15,Oostende 2,Oostende,51.21371,2.92743,1.8745110580317499,51.22979020044958,2.9193490498137624,2022,12,8,35013,Oostende,Normaal,"Nat, plassen",Dageraad - schemering,met lichtgewonden,3,Fiets,9,personenauto,Op Kruispunt,Gemeenteweg,binnen bebouwde kom,Tss. 2 best.: langs opzij (voor-/achterkant-flank),Geen hindernis
36779,18,Oostende 1,Oostende,51.21378,2.92765,0.39868663938197707,51.21567847972533,2.93250567646637,2022,12,7,35013,Oostende,Normaal,Onbekend,Dageraad - schemering,met lichtgewonden,8,Voetganger,3,Fiets,Buiten Kruispunt,Gewestweg,binnen bebouwde kom,Met een voetganger,Geen hindernis
36779,15,Oostende 2,Oostende,51.21371,2.92743,0.4158102584816592,51.21567847972533,2.93250567646637,2022,12,7,35013,Oostende,Normaal,Onbekend,Dageraad - schemering,met lichtgewonden,8,Voetganger,3,Fiets,Buiten Kruispunt,Gewestweg,binnen bebouwde kom,Met een voetganger,Geen hindernis
36780,15,Oostende 2,Oostende,51.21371,2.92743,1.7597762999017874,51.20702131606881,2.904534581738701,2022,12,12,35013,Oostende,Normaal,Droog,Dag,met lichtgewonden,9,personenauto,3,Fiets,Op Kruispunt,Gewestweg,binnen bebouwde kom,Tss. 2 best.: langs opzij (voor-/achterkant-flank),Geen hindernis
36780,18,Oostende 1,Oostende,51.21378,2.92765,1.7769540528045384,51.20702131606881,2.904534581738701,2022,12,12,35013,Oostende,Normaal,Droog,Dag,met lichtgewonden,9,personenauto,3,Fiets,Op Kruispunt,Gewestweg,binnen bebouwde kom,Tss. 2 best.: langs opzij (voor-/achterkant-flank),Geen hindernis
36781,15,Oostende 2,Oostende,51.21371,2.92743,0.8064670688818404,51.20690627392921,2.9234197776561888,2022,12,16,35013,Oostende,Regenval,"Nat, plassen",Dageraad - schemering,met lichtgewonden,9,personenauto,3,Fiets,Buiten Kruispunt,Gemeenteweg,binnen bebouwde kom,Tss. 2 best.: langs opzij (voor-/achterkant-flank),Geen hindernis
36781,18,Oostende 1,Oostende,51.21378,2.92765,0.8191604653406647,51.20690627392921,2.9234197776561888,2022,12,16,35013,Oostende,Regenval,"Nat, plassen",Dageraad - schemering,met lichtgewonden,9,personenauto,3,Fiets,Buiten Kruispunt,Gemeenteweg,binnen bebouwde kom,Tss. 2 best.: langs opzij (voor-/achterkant-flank),Geen hindernis
36789,84,Roeselare totem,Izegem,50.91717,3.18772,2.393507488081908,50.916241449649995,3.221831047503972,2022,12,16,36008,Izegem,Normaal,Droog,Dag,met lichtgewonden,3,Fiets,9,personenauto,Op Kruispunt,Gewestweg,binnen bebouwde kom,Tss. 2 best.: langs opzij (voor-/achterkant-flank),Geen hindernis
36791,84,Roeselare totem,Izegem,50.91717,3.18772,2.2460668454208137,50.908449766055064,3.2166177455989042,2022,12,9,36008,Izegem,Regenval,"Nat, plassen",Dag,met lichtgewonden,3,Fiets,9,personenauto,Buiten Kruispunt,Gemeenteweg,binnen bebouwde kom,Tussen 2 bestuurders: Frontale botsing,Geen hindernis
36797,143,Eco Display Classic Budastraat,Kortrijk,50.83066,3.26286,0.8780046491638496,50.82475387786859,3.271156926424828,2022,12,15,34022,Kortrijk,Normaal,Droog,Dag,met lichtgewonden,9,personenauto,3,Fiets,Op Kruispunt,Gemeenteweg,binnen bebouwde kom,Tss. 2 best.: langs opzij (voor-/achterkant-flank),Geen hindernis
36797,16,Kortrijk 1,Kortrijk,50.83332,3.27777,1.0597189578279893,50.82475387786859,3.271156926424828,2022,12,15,34022,Kortrijk,Normaal,Droog,Dag,met lichtgewonden,9,personenauto,3,Fiets,Op Kruispunt,Gemeenteweg,binnen bebouwde kom,Tss. 2 best.: langs opzij (voor-/achterkant-flank),Geen hindernis
36797,17,Kortrijk 2,Kortrijk,50.83339,3.27773,1.0655001987715744,50.82475387786859,3.271156926424828,2022,12,15,34022,Kortrijk,Normaal,Droog,Dag,met lichtgewonden,9,personenauto,3,Fiets,Op Kruispunt,Gemeenteweg,binnen bebouwde kom,Tss. 2 best.: langs opzij (voor-/achterkant-flank),Geen hindernis
36797,75,Kortrijk teller 2,Kortrijk,50.81925,3.25731,1.1491992274513008,50.82475387786859,3.271156926424828,2022,12,15,34022,Kortrijk,Normaal,Droog,Dag,met lichtgewonden,9,personenauto,3,Fiets,Op Kruispunt,Gemeenteweg,binnen bebouwde kom,Tss. 2 best.: langs opzij (voor-/achterkant-flank),Geen hindernis
36797,74,Kortrijk teller 1,Kortrijk,50.81909,3.25728,1.160542633469148,50.82475387786859,3.271156926424828,2022,12,15,34022,Kortrijk,Normaal,Droog,Dag,met lichtgewonden,9,personenauto,3,Fiets,Op Kruispunt,Gemeenteweg,binnen bebouwde kom,Tss. 2 best.: langs opzij (voor-/achterkant-flank),Geen hindernis
36806,61,Wervik teller 2,Wervik,50.80555,3.0921,2.208666412281682,50.81371684963771,3.1207539545752203,2022,12,12,34027,Menen,Normaal,Droog,Dag,met lichtgewonden,9,personenauto,3,Fiets,Buiten Kruispunt,Gewestweg,buiten bebouwde kom,Tss. 2 best.: langs opzij (voor-/achterkant-flank),Geen hindernis
36806,62,Wervik teller 1,Wervik,50.8058,3.09154,2.233485652152417,50.81371684963771,3.1207539545752203,2022,12,12,34027,Menen,Normaal,Droog,Dag,met lichtgewonden,9,personenauto,3,Fiets,Buiten Kruispunt,Gewestweg,buiten bebouwde kom,Tss. 2 best.: langs opzij (voor-/achterkant-flank),Geen hindernis
36807,17,Kortrijk 2,Kortrijk,50.83339,3.27773,2.049531755735482,50.85113531762171,3.269837511672808,2022,12,21,34023,Kuurne,Normaal,"Nat, plassen","Nacht, openbare verlichting aanwezig en ontstoken",met zwaargewonden,9,personenauto,3,Fiets,Op Kruispunt,Gemeenteweg,binnen bebouwde kom,Tussen 2 bestuurders: Flank tegen flank,Geen hindernis
36807,16,Kortrijk 1,Kortrijk,50.83332,3.27777,2.057785082077874,50.85113531762171,3.269837511672808,2022,12,21,34023,Kuurne,Normaal,"Nat, plassen","Nacht, openbare verlichting aanwezig en ontstoken",met zwaargewonden,9,personenauto,3,Fiets,Op Kruispunt,Gemeenteweg,binnen bebouwde kom,Tussen 2 bestuurders: Flank tegen flank,Geen hindernis
36807,143,Eco Display Classic Budastraat,Kortrijk,50.83066,3.26286,2.32887048722507,50.85113531762171,3.269837511672808,2022,12,21,34023,Kuurne,Normaal,"Nat, plassen","Nacht, openbare verlichting aanwezig en ontstoken",met zwaargewonden,9,personenauto,3,Fiets,Op Kruispunt,Gemeenteweg,binnen bebouwde kom,Tussen 2 bestuurders: Flank tegen flank,Geen hindernis
36808,143,Eco Display Classic Budastraat,Kortrijk,50.83066,3.26286,0.4888445946880752,50.82839818883485,3.2568916013026294,2022,12,8,34022,Kortrijk,Normaal,Droog,Dag,met lichtgewonden,9,personenauto,3,Fiets,Op Kruispunt,Gewestweg,binnen bebouwde kom,Tss. 2 best.: langs opzij (voor-/achterkant-flank),Geen hindernis
36808,75,Kortrijk teller 2,Kortrijk,50.81925,3.25731,1.0176566508537244,50.82839818883485,3.2568916013026294,2022,12,8,34022,Kortrijk,Normaal,Droog,Dag,met lichtgewonden,9,personenauto,3,Fiets,Op Kruispunt,Gewestweg,binnen bebouwde kom,Tss. 2 best.: langs opzij (voor-/achterkant-flank),Geen hindernis
36808,74,Kortrijk teller 1,Kortrijk,50.81909,3.25728,1.0353828779117036,50.82839818883485,3.2568916013026294,2022,12,8,34022,Kortrijk,Normaal,Droog,Dag,met lichtgewonden,9,personenauto,3,Fiets,Op Kruispunt,Gewestweg,binnen bebouwde kom,Tss. 2 best.: langs opzij (voor-/achterkant-flank),Geen hindernis
36808,16,Kortrijk 1,Kortrijk,50.83332,3.27777,1.5651346300838165,50.82839818883485,3.2568916013026294,2022,12,8,34022,Kortrijk,Normaal,Droog,Dag,met lichtgewonden,9,personenauto,3,Fiets,Op Kruispunt,Gewestweg,binnen bebouwde kom,Tss. 2 best.: langs opzij (voor-/achterkant-flank),Geen hindernis
36808,17,Kortrijk 2,Kortrijk,50.83339,3.27773,1.565245242258764,50.82839818883485,3.2568916013026294,2022,12,8,34022,Kortrijk,Normaal,Droog,Dag,met lichtgewonden,9,personenauto,3,Fiets,Op Kruispunt,Gewestweg,binnen bebouwde kom,Tss. 2 best.: langs opzij (voor-/achterkant-flank),Geen hindernis
36809,17,Kortrijk 2,Kortrijk,50.83339,3.27773,0.596230822661369,50.83659930990868,3.284531531198152,2022,12,7,34022,Kortrijk,"Andere (dikke rook,...)","Ijzel, sneeuw",Dageraad - schemering,met lichtgewonden,9,personenauto,3,Fiets,Op Kruispunt,Gemeenteweg,binnen bebouwde kom,Tss. 2 best.: langs opzij (voor-/achterkant-flank),Geen hindernis
36809,16,Kortrijk 1,Kortrijk,50.83332,3.27777,0.5986918285228913,50.83659930990868,3.284531531198152,2022,12,7,34022,Kortrijk,"Andere (dikke rook,...)","Ijzel, sneeuw",Dageraad - schemering,met lichtgewonden,9,personenauto,3,Fiets,Op Kruispunt,Gemeenteweg,binnen bebouwde kom,Tss. 2 best.: langs opzij (voor-/achterkant-flank),Geen hindernis
36809,143,Eco Display Classic Budastraat,Kortrijk,50.83066,3.26286,1.659058040513088,50.83659930990868,3.284531531198152,2022,12,7,34022,Kortrijk,"Andere (dikke rook,...)","Ijzel, sneeuw",Dageraad - schemering,met lichtgewonden,9,personenauto,3,Fiets,Op Kruispunt,Gemeenteweg,binnen bebouwde kom,Tss. 2 best.: langs opzij (voor-/achterkant-flank),Geen hindernis
36810,16,Kortrijk 1,Kortrijk,50.83332,3.27777,1.2943697652582515,50.82173064050377,3.2794963317801646,2022,12,10,34022,Kortrijk,Normaal,Droog,Dag,met lichtgewonden,9,personenauto,3,Fiets,Buiten Kruispunt,Gewestweg,binnen bebouwde kom,Tss. 2 best.: langs opzij (voor-/achterkant-flank),Geen hindernis
36810,17,Kortrijk 2,Kortrijk,50.83339,3.27773,1.3023839990604018,50.82173064050377,3.2794963317801646,2022,12,10,34022,Kortrijk,Normaal,Droog,Dag,met lichtgewonden,9,personenauto,3,Fiets,Buiten Kruispunt,Gewestweg,binnen bebouwde kom,Tss. 2 best.: langs opzij (voor-/achterkant-flank),Geen hindernis
36810,143,Eco Display Classic Budastraat,Kortrijk,50.83066,3.26286,1.5333912062767208,50.82173064050377,3.2794963317801646,2022,12,10,34022,Kortrijk,Normaal,Droog,Dag,met lichtgewonden,9,personenauto,3,Fiets,Buiten Kruispunt,Gewestweg,binnen bebouwde kom,Tss. 2 best.: langs opzij (voor-/achterkant-flank),Geen hindernis
36810,75,Kortrijk teller 2,Kortrijk,50.81925,3.25731,1.5827580630917863,50.82173064050377,3.2794963317801646,2022,12,10,34022,Kortrijk,Normaal,Droog,Dag,met lichtgewonden,9,personenauto,3,Fiets,Buiten Kruispunt,Gewestweg,binnen bebouwde kom,Tss. 2 best.: langs opzij (voor-/achterkant-flank),Geen hindernis
36810,74,Kortrijk teller 1,Kortrijk,50.81909,3.25728,1.5880290501332603,50.82173064050377,3.2794963317801646,2022,12,10,34022,Kortrijk,Normaal,Droog,Dag,met lichtgewonden,9,personenauto,3,Fiets,Buiten Kruispunt,Gewestweg,binnen bebouwde kom,Tss. 2 best.: langs opzij (voor-/achterkant-flank),Geen hindernis
36811,16,Kortrijk 1,Kortrijk,50.83332,3.27777,0.7774743436083884,50.82647290768385,3.2755280168040963,2022,12,18,34022,Kortrijk,Normaal,"Nat, plassen",Dageraad - schemering,met lichtgewonden,3,Fiets,9,personenauto,Op Kruispunt,Gemeenteweg,binnen bebouwde kom,Tss. 2 best.: langs opzij (voor-/achterkant-flank),Geen hindernis
36811,17,Kortrijk 2,Kortrijk,50.83339,3.27773,0.7845396155869292,50.82647290768385,3.2755280168040963,2022,12,18,34022,Kortrijk,Normaal,"Nat, plassen",Dageraad - schemering,met lichtgewonden,3,Fiets,9,personenauto,Op Kruispunt,Gemeenteweg,binnen bebouwde kom,Tss. 2 best.: langs opzij (voor-/achterkant-flank),Geen hindernis
36811,143,Eco Display Classic Budastraat,Kortrijk,50.83066,3.26286,1.0041975655929116,50.82647290768385,3.2755280168040963,2022,12,18,34022,Kortrijk,Normaal,"Nat, plassen",Dageraad - schemering,met lichtgewonden,3,Fiets,9,personenauto,Op Kruispunt,Gemeenteweg,binnen bebouwde kom,Tss. 2 best.: langs opzij (voor-/achterkant-flank),Geen hindernis
36811,75,Kortrijk teller 2,Kortrijk,50.81925,3.25731,1.5108614728135352,50.82647290768385,3.2755280168040963,2022,12,18,34022,Kortrijk,Normaal,"Nat, plassen",Dageraad - schemering,met lichtgewonden,3,Fiets,9,personenauto,Op Kruispunt,Gemeenteweg,binnen bebouwde kom,Tss. 2 best.: langs opzij (voor-/achterkant-flank),Geen hindernis
36811,74,Kortrijk teller 1,Kortrijk,50.81909,3.25728,1.522169671447356,50.82647290768385,3.2755280168040963,2022,12,18,34022,Kortrijk,Normaal,"Nat, plassen",Dageraad - schemering,met lichtgewonden,3,Fiets,9,personenauto,Op Kruispunt,Gemeenteweg,binnen bebouwde kom,Tss. 2 best.: langs opzij (voor-/achterkant-flank),Geen hindernis
36812,143,Eco Display Classic Budastraat,Kortrijk,50.83066,3.26286,0.5601403456883091,50.835660412881374,3.2638255788897084,2022,12,8,34022,Kortrijk,Normaal,Droog,Dageraad - schemering,met lichtgewonden,9,personenauto,3,Fiets,Buiten Kruispunt,Gewestweg,binnen bebouwde kom,Tussen 2 bestuurders: Flank tegen flank,Geen hindernis
36812,17,Kortrijk 2,Kortrijk,50.83339,3.27773,1.0085670483576332,50.835660412881374,3.2638255788897084,2022,12,8,34022,Kortrijk,Normaal,Droog,Dageraad - schemering,met lichtgewonden,9,personenauto,3,Fiets,Buiten Kruispunt,Gewestweg,binnen bebouwde kom,Tussen 2 bestuurders: Flank tegen flank,Geen hindernis
36812,16,Kortrijk 1,Kortrijk,50.83332,3.27777,1.0132587840145937,50.835660412881374,3.2638255788897084,2022,12,8,34022,Kortrijk,Normaal,Droog,Dageraad - schemering,met lichtgewonden,9,personenauto,3,Fiets,Buiten Kruispunt,Gewestweg,binnen bebouwde kom,Tussen 2 bestuurders: Flank tegen flank,Geen hindernis
36812,75,Kortrijk teller 2,Kortrijk,50.81925,3.25731,1.8812655290763458,50.835660412881374,3.2638255788897084,2022,12,8,34022,Kortrijk,Normaal,Droog,Dageraad - schemering,met lichtgewonden,9,personenauto,3,Fiets,Buiten Kruispunt,Gewestweg,binnen bebouwde kom,Tussen 2 bestuurders: Flank tegen flank,Geen hindernis
36812,74,Kortrijk teller 1,Kortrijk,50.81909,3.25728,1.8990364320858386,50.835660412881374,3.2638255788897084,2022,12,8,34022,Kortrijk,Normaal,Droog,Dageraad - schemering,met lichtgewonden,9,personenauto,3,Fiets,Buiten Kruispunt,Gewestweg,binnen bebouwde kom,Tussen 2 bestuurders: Flank tegen flank,Geen hindernis
36813,143,Eco Display Classic Budastraat,Kortrijk,50.83066,3.26286,0.5940258428615453,50.826026879343345,3.2670705428410254,2022,12,12,34022,Kortrijk,Normaal,Droog,Dag,met lichtgewonden,9,personenauto,3,Fiets,Op Kruispunt,Gewestweg,binnen bebouwde kom,Tss. 2 best.: langs opzij (voor-/achterkant-flank),Geen hindernis
36813,75,Kortrijk teller 2,Kortrijk,50.81925,3.25731,1.0187855888711679,50.826026879343345,3.2670705428410254,2022,12,12,34022,Kortrijk,Normaal,Droog,Dag,met lichtgewonden,9,personenauto,3,Fiets,Op Kruispunt,Gewestweg,binnen bebouwde kom,Tss. 2 best.: langs opzij (voor-/achterkant-flank),Geen hindernis
36813,74,Kortrijk teller 1,Kortrijk,50.81909,3.25728,1.0334164697733352,50.826026879343345,3.2670705428410254,2022,12,12,34022,Kortrijk,Normaal,Droog,Dag,met lichtgewonden,9,personenauto,3,Fiets,Op Kruispunt,Gewestweg,binnen bebouwde kom,Tss. 2 best.: langs opzij (voor-/achterkant-flank),Geen hindernis
36813,16,Kortrijk 1,Kortrijk,50.83332,3.27777,1.1055996503797043,50.826026879343345,3.2670705428410254,2022,12,12,34022,Kortrijk,Normaal,Droog,Dag,met lichtgewonden,9,personenauto,3,Fiets,Op Kruispunt,Gewestweg,binnen bebouwde kom,Tss. 2 best.: langs opzij (voor-/achterkant-flank),Geen hindernis
36813,17,Kortrijk 2,Kortrijk,50.83339,3.27773,1.1094234490920032,50.826026879343345,3.2670705428410254,2022,12,12,34022,Kortrijk,Normaal,Droog,Dag,met lichtgewonden,9,personenauto,3,Fiets,Op Kruispunt,Gewestweg,binnen bebouwde kom,Tss. 2 best.: langs opzij (voor-/achterkant-flank),Geen hindernis
36814,75,Kortrijk teller 2,Kortrijk,50.81925,3.25731,1.6108138786430386,50.81773500298447,3.280113791082707,2022,12,7,34022,Kortrijk,Normaal,Droog,"Nacht, openbare verlichting aanwezig en ontstoken",met lichtgewonden,9,personenauto,3,Fiets,Op Kruispunt,Gemeenteweg,binnen bebouwde kom,Tussen 2 bestuurders: Flank tegen flank,Geen hindernis
36814,74,Kortrijk teller 1,Kortrijk,50.81909,3.25728,1.6111515570082249,50.81773500298447,3.280113791082707,2022,12,7,34022,Kortrijk,Normaal,Droog,"Nacht, openbare verlichting aanwezig en ontstoken",met lichtgewonden,9,personenauto,3,Fiets,Op Kruispunt,Gemeenteweg,binnen bebouwde kom,Tussen 2 bestuurders: Flank tegen flank,Geen hindernis
36814,16,Kortrijk 1,Kortrijk,50.83332,3.27777,1.740774658780347,50.81773500298447,3.280113791082707,2022,12,7,34022,Kortrijk,Normaal,Droog,"Nacht, openbare verlichting aanwezig en ontstoken",met lichtgewonden,9,personenauto,3,Fiets,Op Kruispunt,Gemeenteweg,binnen bebouwde kom,Tussen 2 bestuurders: Flank tegen flank,Geen hindernis
36814,17,Kortrijk 2,Kortrijk,50.83339,3.27773,1.7487903289225546,50.81773500298447,3.280113791082707,2022,12,7,34022,Kortrijk,Normaal,Droog,"Nacht, openbare verlichting aanwezig en ontstoken",met lichtgewonden,9,personenauto,3,Fiets,Op Kruispunt,Gemeenteweg,binnen bebouwde kom,Tussen 2 bestuurders: Flank tegen flank,Geen hindernis
36814,143,Eco Display Classic Budastraat,Kortrijk,50.83066,3.26286,1.8799812673678817,50.81773500298447,3.280113791082707,2022,12,7,34022,Kortrijk,Normaal,Droog,"Nacht, openbare verlichting aanwezig en ontstoken",met lichtgewonden,9,personenauto,3,Fiets,Op Kruispunt,Gemeenteweg,binnen bebouwde kom,Tussen 2 bestuurders: Flank tegen flank,Geen hindernis
36815,16,Kortrijk 1,Kortrijk,50.83332,3.27777,0.3204619494637391,50.83156315551424,3.274152806799708,2022,11,12,34022,Kortrijk,Onbekend,Onbekend,Dag,met lichtgewonden,8,Voetganger,3,Fiets,Buiten Kruispunt,Gewestweg,onbekend,Met een voetganger,Geen hindernis
36815,17,Kortrijk 2,Kortrijk,50.83339,3.27773,0.32307597951034295,50.83156315551424,3.274152806799708,2022,11,12,34022,Kortrijk,Onbekend,Onbekend,Dag,met lichtgewonden,8,Voetganger,3,Fiets,Buiten Kruispunt,Gewestweg,onbekend,Met een voetganger,Geen hindernis
36815,143,Eco Display Classic Budastraat,Kortrijk,50.83066,3.26286,0.799445328448099,50.83156315551424,3.274152806799708,2022,11,12,34022,Kortrijk,Onbekend,Onbekend,Dag,met lichtgewonden,8,Voetganger,3,Fiets,Buiten Kruispunt,Gewestweg,onbekend,Met een voetganger,Geen hindernis
36815,75,Kortrijk teller 2,Kortrijk,50.81925,3.25731,1.8094723744252583,50.83156315551424,3.274152806799708,2022,11,12,34022,Kortrijk,Onbekend,Onbekend,Dag,met lichtgewonden,8,Voetganger,3,Fiets,Buiten Kruispunt,Gewestweg,onbekend,Met een voetganger,Geen hindernis
36815,74,Kortrijk teller 1,Kortrijk,50.81909,3.25728,1.8243409403868736,50.83156315551424,3.274152806799708,2022,11,12,34022,Kortrijk,Onbekend,Onbekend,Dag,met lichtgewonden,8,Voetganger,3,Fiets,Buiten Kruispunt,Gewestweg,onbekend,Met een voetganger,Geen hindernis
36816,16,Kortrijk 1,Kortrijk,50.83332,3.27777,0.5066667152690658,50.8287858597226,3.278484820163689,2022,11,15,34022,Kortrijk,Onbekend,Onbekend,Dag,met lichtgewonden,3,Fiets,8,Voetganger,Buiten Kruispunt,Gemeenteweg,binnen bebouwde kom,Met een voetganger,Geen hindernis
36816,17,Kortrijk 2,Kortrijk,50.83339,3.27773,0.5146943893910809,50.8287858597226,3.278484820163689,2022,11,15,34022,Kortrijk,Onbekend,Onbekend,Dag,met lichtgewonden,3,Fiets,8,Voetganger,Buiten Kruispunt,Gemeenteweg,binnen bebouwde kom,Met een voetganger,Geen hindernis
36816,143,Eco Display Classic Budastraat,Kortrijk,50.83066,3.26286,1.1170014728710493,50.8287858597226,3.278484820163689,2022,11,15,34022,Kortrijk,Onbekend,Onbekend,Dag,met lichtgewonden,3,Fiets,8,Voetganger,Buiten Kruispunt,Gemeenteweg,binnen bebouwde kom,Met een voetganger,Geen hindernis
36816,75,Kortrijk teller 2,Kortrijk,50.81925,3.25731,1.8266320140089096,50.8287858597226,3.278484820163689,2022,11,15,34022,Kortrijk,Onbekend,Onbekend,Dag,met lichtgewonden,3,Fiets,8,Voetganger,Buiten Kruispunt,Gemeenteweg,binnen bebouwde kom,Met een voetganger,Geen hindernis
36816,74,Kortrijk teller 1,Kortrijk,50.81909,3.25728,1.8387253862862647,50.8287858597226,3.278484820163689,2022,11,15,34022,Kortrijk,Onbekend,Onbekend,Dag,met lichtgewonden,3,Fiets,8,Voetganger,Buiten Kruispunt,Gemeenteweg,binnen bebouwde kom,Met een voetganger,Geen hindernis
36817,143,Eco Display Classic Budastraat,Kortrijk,50.83066,3.26286,1.0600865177382754,50.82396484151103,3.2736047969339577,2022,12,8,34022,Kortrijk,Normaal,"Nat, plassen",Dag,met lichtgewonden,4,Vrachtwagen,3,Fiets,Op Kruispunt,Gewestweg,binnen bebouwde kom,Tss. 2 best.: langs opzij (voor-/achterkant-flank),Geen hindernis
36817,16,Kortrijk 1,Kortrijk,50.83332,3.27777,1.0805990922003554,50.82396484151103,3.2736047969339577,2022,12,8,34022,Kortrijk,Normaal,"Nat, plassen",Dag,met lichtgewonden,4,Vrachtwagen,3,Fiets,Op Kruispunt,Gewestweg,binnen bebouwde kom,Tss. 2 best.: langs opzij (voor-/achterkant-flank),Geen hindernis
36817,17,Kortrijk 2,Kortrijk,50.83339,3.27773,1.0873420830405127,50.82396484151103,3.2736047969339577,2022,12,8,34022,Kortrijk,Normaal,"Nat, plassen",Dag,met lichtgewonden,4,Vrachtwagen,3,Fiets,Op Kruispunt,Gewestweg,binnen bebouwde kom,Tss. 2 best.: langs opzij (voor-/achterkant-flank),Geen hindernis
36817,75,Kortrijk teller 2,Kortrijk,50.81925,3.25731,1.2589932672749786,50.82396484151103,3.2736047969339577,2022,12,8,34022,Kortrijk,Normaal,"Nat, plassen",Dag,met lichtgewonden,4,Vrachtwagen,3,Fiets,Op Kruispunt,Gewestweg,binnen bebouwde kom,Tss. 2 best.: langs opzij (voor-/achterkant-flank),Geen hindernis
36817,74,Kortrijk teller 1,Kortrijk,50.81909,3.25728,1.2684118262330208,50.82396484151103,3.2736047969339577,2022,12,8,34022,Kortrijk,Normaal,"Nat, plassen",Dag,met lichtgewonden,4,Vrachtwagen,3,Fiets,Op Kruispunt,Gewestweg,binnen bebouwde kom,Tss. 2 best.: langs opzij (voor-/achterkant-flank),Geen hindernis
36818,143,Eco Display Classic Budastraat,Kortrijk,50.83066,3.26286,0.41405431800451936,50.827128939863094,3.26098848693376,2022,12,14,34022,Kortrijk,Normaal,Droog,Dag,met lichtgewonden,9,personenauto,3,Fiets,Op Kruispunt,Gewestweg,binnen bebouwde kom,Tss. 2 best.: langs opzij (voor-/achterkant-flank),Geen hindernis
36818,75,Kortrijk teller 2,Kortrijk,50.81925,3.25731,0.9134075604852772,50.827128939863094,3.26098848693376,2022,12,14,34022,Kortrijk,Normaal,Droog,Dag,met lichtgewonden,9,personenauto,3,Fiets,Op Kruispunt,Gewestweg,binnen bebouwde kom,Tss. 2 best.: langs opzij (voor-/achterkant-flank),Geen hindernis
36818,74,Kortrijk teller 1,Kortrijk,50.81909,3.25728,0.9310731654818607,50.827128939863094,3.26098848693376,2022,12,14,34022,Kortrijk,Normaal,Droog,Dag,met lichtgewonden,9,personenauto,3,Fiets,Op Kruispunt,Gewestweg,binnen bebouwde kom,Tss. 2 best.: langs opzij (voor-/achterkant-flank),Geen hindernis
36818,16,Kortrijk 1,Kortrijk,50.83332,3.27777,1.364935757979383,50.827128939863094,3.26098848693376,2022,12,14,34022,Kortrijk,Normaal,Droog,Dag,met lichtgewonden,9,personenauto,3,Fiets,Op Kruispunt,Gewestweg,binnen bebouwde kom,Tss. 2 best.: langs opzij (voor-/achterkant-flank),Geen hindernis
36818,17,Kortrijk 2,Kortrijk,50.83339,3.27773,1.3664591317367736,50.827128939863094,3.26098848693376,2022,12,14,34022,Kortrijk,Normaal,Droog,Dag,met lichtgewonden,9,personenauto,3,Fiets,Op Kruispunt,Gewestweg,binnen bebouwde kom,Tss. 2 best.: langs opzij (voor-/achterkant-flank),Geen hindernis
36827,16,Kortrijk 1,Kortrijk,50.83332,3.27777,2.345710498494321,50.834382381275105,3.3111291978914,2022,12,14,34013,Harelbeke,Normaal,"Nat, plassen",Dag,met lichtgewonden,9,personenauto,3,Fiets,Op Kruispunt,Gemeenteweg,binnen bebouwde kom,Tussen 2 bestuurders: Flank tegen flank,Geen hindernis