crash_row_id,site_id,site_name,site_gemeente,site_lat,site_long,distance_km,crash_lat,crash_long,DT_YEAR_COLLISION,DT_MONTH_COLLISION,DT_TIME,CD_NIS,TX_MUNTY_COLLISION_NL,TX_WEATHER_NL,TX_ROAD_CONDITION_NL,TX_LIGHT_CONDITION_NL,TX_CLASS_ACCIDENTS_NL,CD_ROAD_USR_TYPE1,TX_ROAD_USR_TYPE1_NL,CD_ROAD_USR_TYPE2,TX_ROAD_USR_TYPE2_NL,TX_CROSSWAY_NL,CD_ROAD_TYPE_NL,TX_BUILD_UP_AREA_NL,TX_COLLISION_TYPE_NL,TX_OBSTACLES_NL
36827,17,Kortrijk 2,Kortrijk,50.83339,3.27773,2.348135629681215,50.834382381275105,3.3111291978914,2022,12,14,34013,Harelbeke,Normaal,"Nat, plassen",Dag,met lichtgewonden,9,personenauto,3,Fiets,Op Kruispunt,Gemeenteweg,binnen bebouwde kom,Tussen 2 bestuurders: Flank tegen flank,Geen hindernis
36834,65,Nieuwpoort teller 2,Nieuwpoort,51.13435,2.75511,0.06472595264922094,51.13381059129832,2.754761319159148,2022,12,6,38016,Nieuwpoort,Normaal,Droog,"Nacht, openbare verlichting aanwezig en ontstoken",met lichtgewonden,9,personenauto,3,Fiets,Op Kruispunt,Gewestweg,binnen bebouwde kom,Tss. 2 best.: langs opzij (voor-/achterkant-flank),Geen hindernis
36834,64,Nieuwpoort teller 1,Nieuwpoort,51.13359,2.75737,0.18366699778493306,51.13381059129832,2.754761319159148,2022,12,6,38016,Nieuwpoort,Normaal,Droog,"Nacht, openbare verlichting aanwezig en ontstoken",met lichtgewonden,9,personenauto,3,Fiets,Op Kruispunt,Gewestweg,binnen bebouwde kom,Tss. 2 best.: langs opzij (voor-/achterkant-flank),Geen hindernis
36834,66,Nieuwpoort totem,Nieuwpoort,51.1347,2.74369,0.7788012703507352,51.13381059129832,2.754761319159148,2022,12,6,38016,Nieuwpoort,Normaal,Droog,"Nacht, openbare verlichting aanwezig en ontstoken",met lichtgewonden,9,personenauto,3,Fiets,Op Kruispunt,Gewestweg,binnen bebouwde kom,Tss. 2 best.: langs opzij (voor-/achterkant-flank),Geen hindernis
36834,63,Nieuwpoort teller 3,Nieuwpoort,51.13529,2.74289,0.8444879050216256,51.13381059129832,2.754761319159148,2022,12,6,38016,Nieuwpoort,Normaal,Droog,"Nacht, openbare verlichting aanwezig en ontstoken",met lichtgewonden,9,personenauto,3,Fiets,Op Kruispunt,Gewestweg,binnen bebouwde kom,Tss. 2 best.: langs opzij (voor-/achterkant-flank),Geen hindernis
36838,67,Ieper totem,Ieper,50.85018,2.85624,1.3350776728259928,50.85532375421056,2.873424782618358,2022,11,7,33011,Ieper,Onbekend,Onbekend,Onbekend,met lichtgewonden,9,personenauto,3,Fiets,Buiten Kruispunt,Gewestweg,onbekend,Tss. 2 best.: langs opzij (voor-/achterkant-flank),Geen hindernis
36838,68,Ieper,Ieper,50.85032,2.85608,1.3386888929620784,50.85532375421056,2.873424782618358,2022,11,7,33011,Ieper,Onbekend,Onbekend,Onbekend,met lichtgewonden,9,personenauto,3,Fiets,Buiten Kruispunt,Gewestweg,onbekend,Tss. 2 best.: langs opzij (voor-/achterkant-flank),Geen hindernis
36840,67,Ieper totem,Ieper,50.85018,2.85624,1.151327501697511,50.854948349929586,2.8707981290285205,2022,12,11,33011,Ieper,Normaal,Droog,Dag,met zwaargewonden,3,Fiets,11,een weggebruiker tegen een hindernis,Op Kruispunt,Gemeenteweg,binnen bebouwde kom,Weggebruiker tegen hindernis buiten rijbaan,Buiten de rijbaan: Andere paal
36840,68,Ieper,Ieper,50.85032,2.85608,1.1542831569024377,50.854948349929586,2.8707981290285205,2022,12,11,33011,Ieper,Normaal,Droog,Dag,met zwaargewonden,3,Fiets,11,een weggebruiker tegen een hindernis,Op Kruispunt,Gemeenteweg,binnen bebouwde kom,Weggebruiker tegen hindernis buiten rijbaan,Buiten de rijbaan: Andere paal
36846,35,Lanaken teller 1,Lanaken,50.88112,5.6314,1.346155270268278,50.86939571433421,5.626618653159608,2022,12,6,73042,Lanaken,Normaal,Droog,"Nacht, openbare verlichting aanwezig en ontstoken",met lichtgewonden,9,personenauto,3,Fiets,Op Kruispunt,Gemeenteweg,binnen bebouwde kom,Tss. 2 best.: langs opzij (voor-/achterkant-flank),Geen hindernis
36846,36,Lanaken teller 2,Lanaken,50.88131,5.63012,1.3473942994361683,50.86939571433421,5.626618653159608,2022,12,6,73042,Lanaken,Normaal,Droog,"Nacht, openbare verlichting aanwezig en ontstoken",met lichtgewonden,9,personenauto,3,Fiets,Op Kruispunt,Gemeenteweg,binnen bebouwde kom,Tss. 2 best.: langs opzij (voor-/achterkant-flank),Geen hindernis
36847,18,Oostende 1,Oostende,51.21378,2.92765,1.5281488578864446,51.227467752266,2.9256849635256645,2022,12,7,35013,Oostende,Normaal,"Vuil (zand, grint, bladeren,...)","Nacht, openbare verlichting aanwezig en ontstoken",met lichtgewonden,3,Fiets,10,"één bestuurder, geen hindernis",Buiten Kruispunt,Gewestweg,binnen bebouwde kom,"Eén bestuurder, geen hindernis (incl. val)",Geen hindernis
36847,15,Oostende 2,Oostende,51.21371,2.92743,1.5346120716290235,51.227467752266,2.9256849635256645,2022,12,7,35013,Oostende,Normaal,"Vuil (zand, grint, bladeren,...)","Nacht, openbare verlichting aanwezig en ontstoken",met lichtgewonden,3,Fiets,10,"één bestuurder, geen hindernis",Buiten Kruispunt,Gewestweg,binnen bebouwde kom,"Eén bestuurder, geen hindernis (incl. val)",Geen hindernis
36851,124,Beveren teller 2,Beveren,51.1964712,4.2361077,2.4992587987159713,51.21420248773868,4.25815390189562,2022,12,8,46003,Beveren,Normaal,Droog,Dageraad - schemering,met zwaargewonden,3,Fiets,3,Fiets,Buiten Kruispunt,Gemeenteweg,binnen bebouwde kom,Tussen 2 bestuurders: Frontale botsing,Geen hindernis
36855,99,Mechelen teller 1,Mechelen,51.04564,4.46882,2.310709662780592,51.03101030691826,4.4922907049986245,2022,12,16,12025,Mechelen,Normaal,"Nat, plassen",Dag,met lichtgewonden,9,personenauto,3,Fiets,Op Kruispunt,Gewestweg,binnen bebouwde kom,Tussen 2 bestuurders: Frontale botsing,Geen hindernis
36855,100,Mechelen teller 2,Mechelen,51.0457,4.46883,2.3149151507122148,51.03101030691826,4.4922907049986245,2022,12,16,12025,Mechelen,Normaal,"Nat, plassen",Dag,met lichtgewonden,9,personenauto,3,Fiets,Op Kruispunt,Gewestweg,binnen bebouwde kom,Tussen 2 bestuurders: Frontale botsing,Geen hindernis
36857,100,Mechelen teller 2,Mechelen,51.0457,4.46883,1.577107805411402,51.05873894155034,4.459951190335918,2022,12,13,12025,Mechelen,Normaal,Onbekend,Dag,met lichtgewonden,4,Vrachtwagen,3,Fiets,Buiten Kruispunt,Gewestweg,buiten bebouwde kom,Tss. 2 best.: langs opzij (voor-/achterkant-flank),Geen hindernis
36857,99,Mechelen teller 1,Mechelen,51.04564,4.46882,1.5829696875932908,51.05873894155034,4.459951190335918,2022,12,13,12025,Mechelen,Normaal,Onbekend,Dag,met lichtgewonden,4,Vrachtwagen,3,Fiets,Buiten Kruispunt,Gewestweg,buiten bebouwde kom,Tss. 2 best.: langs opzij (voor-/achterkant-flank),Geen hindernis
36858,99,Mechelen teller 1,Mechelen,51.04564,4.46882,1.9182630716257045,51.040649502108195,4.442554949638878,2022,11,12,12025,Mechelen,Normaal,Droog,Dag,met lichtgewonden,3,Fiets,9,personenauto,Op Kruispunt,Gewestweg,onbekend,Tussen 2 bestuurders: Frontale botsing,Geen hindernis
36858,100,Mechelen teller 2,Mechelen,51.0457,4.46883,1.9208711169409818,51.040649502108195,4.442554949638878,2022,11,12,12025,Mechelen,Normaal,Droog,Dag,met lichtgewonden,3,Fiets,9,personenauto,Op Kruispunt,Gewestweg,onbekend,Tussen 2 bestuurders: Frontale botsing,Geen hindernis
36865,100,Mechelen teller 2,Mechelen,51.0457,4.46883,0.16947995704433352,51.04712586699318,4.467973435963284,2022,12,8,12025,Mechelen,Regenval,"Nat, plassen",Dageraad - schemering,met lichtgewonden,3,Fiets,6,Bromfiets,Buiten Kruispunt,Gewestweg,binnen bebouwde kom,Tussen 2 bestuurders: Frontale botsing,Geen hindernis
36865,99,Mechelen teller 1,Mechelen,51.04564,4.46882,0.17550020910688754,51.04712586699318,4.467973435963284,2022,12,8,12025,Mechelen,Regenval,"Nat, plassen",Dageraad - schemering,met lichtgewonden,3,Fiets,6,Bromfiets,Buiten Kruispunt,Gewestweg,binnen bebouwde kom,Tussen 2 bestuurders: Frontale botsing,Geen hindernis
36868,140,Hasselt ring,Hasselt,50.9300038,5.3438616,0.5149113699590064,50.93360445547208,5.339241445534779,2022,12,12,71022,Hasselt,Normaal,Droog,Dag,met lichtgewonden,3,Fiets,3,Fiets,Op Kruispunt,Gemeenteweg,binnen bebouwde kom,Tussen 2 bestuurders: Flank tegen flank,Geen hindernis
36868,138,Hasselt-Kempische brug,Hasselt,50.9405318,5.3422472,0.79856148722366,50.93360445547208,5.339241445534779,2022,12,12,71022,Hasselt,Normaal,Droog,Dag,met lichtgewonden,3,Fiets,3,Fiets,Op Kruispunt,Gemeenteweg,binnen bebouwde kom,Tussen 2 bestuurders: Flank tegen flank,Geen hindernis
36868,137,Hasselt-Kempische brug,Hasselt,50.9411605,5.3417576,0.8584935863954739,50.93360445547208,5.339241445534779,2022,12,12,71022,Hasselt,Normaal,Droog,Dag,met lichtgewonden,3,Fiets,3,Fiets,Op Kruispunt,Gemeenteweg,binnen bebouwde kom,Tussen 2 bestuurders: Flank tegen flank,Geen hindernis
36871,31,Herk De Stad,Herk-de-Stad,50.94366,5.1775,1.5267666458431675,50.94865514056344,5.197799482742851,2022,11,8,71024,Herk-de-Stad,Onbekend,Onbekend,Onbekend,met lichtgewonden,3,Fiets,9,personenauto,Op Kruispunt,Gemeenteweg,onbekend,Tss. 2 best.: langs opzij (voor-/achterkant-flank),Geen hindernis
36871,30,Herk De Stad,Herk-de-Stad,50.94374,5.17691,1.5622055256191676,50.94865514056344,5.197799482742851,2022,11,8,71024,Herk-de-Stad,Onbekend,Onbekend,Onbekend,met lichtgewonden,3,Fiets,9,personenauto,Op Kruispunt,Gemeenteweg,onbekend,Tss. 2 best.: langs opzij (voor-/achterkant-flank),Geen hindernis
36872,49,Bokrijk,Genk,50.95264,5.41001,2.4758144342277655,50.93383494377905,5.428930427353423,2022,12,14,71011,Diepenbeek,Regenval,"Nat, plassen",Dag,met lichtgewonden,9,personenauto,3,Fiets,Op Kruispunt,Gemeenteweg,binnen bebouwde kom,Tussen 2 bestuurders: Flank tegen flank,Geen hindernis
36874,140,Hasselt ring,Hasselt,50.9300038,5.3438616,1.42694706300825,50.92073308720438,5.329784391766781,2022,12,15,71022,Hasselt,Normaal,Droog,Dag,met lichtgewonden,3,Fiets,3,Fiets,Buiten Kruispunt,Gewestweg,binnen bebouwde kom,Tussen 2 bestuurders: Flank tegen flank,Geen hindernis
36874,138,Hasselt-Kempische brug,Hasselt,50.9405318,5.3422472,2.368444672692178,50.92073308720438,5.329784391766781,2022,12,15,71022,Hasselt,Normaal,Droog,Dag,met lichtgewonden,3,Fiets,3,Fiets,Buiten Kruispunt,Gewestweg,binnen bebouwde kom,Tussen 2 bestuurders: Flank tegen flank,Geen hindernis
36874,137,Hasselt-Kempische brug,Hasselt,50.9411605,5.3417576,2.4214574241632896,50.92073308720438,5.329784391766781,2022,12,15,71022,Hasselt,Normaal,Droog,Dag,met lichtgewonden,3,Fiets,3,Fiets,Buiten Kruispunt,Gewestweg,binnen bebouwde kom,Tussen 2 bestuurders: Flank tegen flank,Geen hindernis
36876,140,Hasselt ring,Hasselt,50.9300038,5.3438616,0.7216246757209575,50.92435180796164,5.338801713848241,2022,12,17,71022,Hasselt,Normaal,Droog,Dag,met lichtgewonden,9,personenauto,3,Fiets,Op Kruispunt,Gewestweg,binnen bebouwde kom,Tss. 2 best.: langs opzij (voor-/achterkant-flank),Geen hindernis
36876,138,Hasselt-Kempische brug,Hasselt,50.9405318,5.3422472,1.8152633111286827,50.92435180796164,5.338801713848241,2022,12,17,71022,Hasselt,Normaal,Droog,Dag,met lichtgewonden,9,personenauto,3,Fiets,Op Kruispunt,Gewestweg,binnen bebouwde kom,Tss. 2 best.: langs opzij (voor-/achterkant-flank),Geen hindernis
36876,137,Hasselt-Kempische brug,Hasselt,50.9411605,5.3417576,1.8804850680967664,50.92435180796164,5.338801713848241,2022,12,17,71022,Hasselt,Normaal,Droog,Dag,met lichtgewonden,9,personenauto,3,Fiets,Op Kruispunt,Gewestweg,binnen bebouwde kom,Tss. 2 best.: langs opzij (voor-/achterkant-flank),Geen hindernis
36879,14,Genk,Genk,50.97172,5.48927,1.478031181541028,50.97262625284353,5.468210175625115,2022,12,14,71016,Genk,Normaal,Droog,Dag,met lichtgewonden,9,personenauto,3,Fiets,Op Kruispunt,Gemeenteweg,buiten bebouwde kom,Tss. 2 best.: langs opzij (voor-/achterkant-flank),Geen hindernis
36881,25,Bree,Bree,51.13679500160176,5.597669323604317,0.7769515356894863,51.13835790968106,5.608523141856366,2022,11,16,72004,Bree,Onbekend,Onbekend,Dag,met lichtgewonden,3,Fiets,3,Fiets,Buiten Kruispunt,Gewestweg,buiten bebouwde kom,Tussen 2 bestuurders: Frontale botsing,Geen hindernis
36884,14,Genk,Genk,50.97172,5.48927,1.3095149094892222,50.9612684283628,5.497887977471318,2022,12,8,71016,Genk,Normaal,"Nat, plassen",Dag,met lichtgewonden,9,personenauto,3,Fiets,Op Kruispunt,Gemeenteweg,binnen bebouwde kom,Tss. 2 best.: langs opzij (voor-/achterkant-flank),Geen hindernis
36885,14,Genk,Genk,50.97172,5.48927,1.4488201351748493,50.96910873779596,5.509541193754711,2022,12,21,71016,Genk,Regenval,"Ijzel, sneeuw","Nacht, openbare verlichting aanwezig en ontstoken",met lichtgewonden,3,Fiets,10,"één bestuurder, geen hindernis",Buiten Kruispunt,Gewestweg,binnen bebouwde kom,"Eén bestuurder, geen hindernis (incl. val)",Geen hindernis
36888,23,Tienen 3,Tienen,50.81324,4.93447,0.9813939830519588,50.80791383338387,4.923332503012392,2022,12,7,24107,Tienen,Normaal,Droog,Dageraad - schemering,met lichtgewonden,9,personenauto,3,Fiets,Op Kruispunt,Gemeenteweg,binnen bebouwde kom,Tussen 2 bestuurders: Frontale botsing,Geen hindernis
36888,24,Tienen 1,Tienen,50.8133795491886,4.935044252605416,1.0230005002356255,50.80791383338387,4.923332503012392,2022,12,7,24107,Tienen,Normaal,Droog,Dageraad - schemering,met lichtgewonden,9,personenauto,3,Fiets,Op Kruispunt,Gemeenteweg,binnen bebouwde kom,Tussen 2 bestuurders: Frontale botsing,Geen hindernis
36888,22,Tienen 2,Tienen,50.81330800184882,4.935984252796022,1.0723737842331087,50.80791383338387,4.923332503012392,2022,12,7,24107,Tienen,Normaal,Droog,Dageraad - schemering,met lichtgewonden,9,personenauto,3,Fiets,Op Kruispunt,Gemeenteweg,binnen bebouwde kom,Tussen 2 bestuurders: Frontale botsing,Geen hindernis
36978,2,Brasschaat 2,Brasschaat,51.27512,4.47169,1.3963844403454766,51.27980106475621,4.453061700907956,2023,1,10,11008,Brasschaat,Normaal,Onbekend,Dag,met lichtgewonden,9,personenauto,3,Fiets,Op Kruispunt,Gewestweg,binnen bebouwde kom,Tss. 2 best.: langs opzij (voor-/achterkant-flank),Geen hindernis
36978,3,Brasschaat 1,Brasschaat,51.27503,4.47222,1.4343317215293643,51.27980106475621,4.453061700907956,2023,1,10,11008,Brasschaat,Normaal,Onbekend,Dag,met lichtgewonden,9,personenauto,3,Fiets,Op Kruispunt,Gewestweg,binnen bebouwde kom,Tss. 2 best.: langs opzij (voor-/achterkant-flank),Geen hindernis
36984,91,Brecht teller 2,Brecht,51.35739,4.62422,1.9257055462845492,51.34038181810995,4.618996246369677,2023,1,7,11009,Brecht,Normaal,Droog,Dageraad - schemering,met lichtgewonden,9,personenauto,3,Fiets,Buiten Kruispunt,Gewestweg,buiten bebouwde kom,Tss. 2 best.: langs opzij (voor-/achterkant-flank),Geen hindernis
36984,90,Brecht teller 1,Brecht,51.35752,4.6243,1.9409505766798505,51.34038181810995,4.618996246369677,2023,1,7,11009,Brecht,Normaal,Droog,Dageraad - schemering,met lichtgewonden,9,personenauto,3,Fiets,Buiten Kruispunt,Gewestweg,buiten bebouwde kom,Tss. 2 best.: langs opzij (voor-/achterkant-flank),Geen hindernis
36990,96,Lier teller 2,Lier,51.11705,4.58444,2.4195849407500822,51.13786393033733,4.59455165490285,2023,1,6,12021,Lier,Regenval,"Nat, plassen","Nacht, openbare verlichting aanwezig en ontstoken",met lichtgewonden,9,personenauto,3,Fiets,Op Kruispunt,Gewestweg,buiten bebouwde kom,Tss. 2 best.: langs opzij (voor-/achterkant-flank),Geen hindernis
36990,95,Lier teller 1,Lier,51.11687,4.58437,2.4401552628443572,51.13786393033733,4.59455165490285,2023,1,6,12021,Lier,Regenval,"Nat, plassen","Nacht, openbare verlichting aanwezig en ontstoken",met lichtgewonden,9,personenauto,3,Fiets,Op Kruispunt,Gewestweg,buiten bebouwde kom,Tss. 2 best.: langs opzij (voor-/achterkant-flank),Geen hindernis
37005,98,Geel teller 2,Geel,51.1481,4.99643,2.362245536517696,51.168723577042336,4.988302376720159,2023,1,16,13008,Geel,Onbekend,Onbekend,Dag,met lichtgewonden,5,Lichte vrachtauto,3,Fiets,Buiten Kruispunt,Gewestweg,binnen bebouwde kom,Tussen 2 bestuurders: Langs achteren,Geen hindernis
37005,97,Geel teller 1,Geel,51.14813,4.99698,2.3685157563206967,51.168723577042336,4.988302376720159,2023,1,16,13008,Geel,Onbekend,Onbekend,Dag,met lichtgewonden,5,Lichte vrachtauto,3,Fiets,Buiten Kruispunt,Gewestweg,binnen bebouwde kom,Tussen 2 bestuurders: Langs achteren,Geen hindernis
37008,98,Geel teller 2,Geel,51.1481,4.99643,1.6544568357756513,51.16256493569041,4.990873266073313,2023,1,17,13008,Geel,Normaal,"Nat, plassen","Nacht, openbare verlichting aanwezig en ontstoken",met lichtgewonden,3,Fiets,9,personenauto,Op Kruispunt,Gewestweg,binnen bebouwde kom,Tussen 2 bestuurders: Frontale botsing,Geen hindernis
37008,97,Geel teller 1,Geel,51.14813,4.99698,1.660635386450006,51.16256493569041,4.990873266073313,2023,1,17,13008,Geel,Normaal,"Nat, plassen","Nacht, openbare verlichting aanwezig en ontstoken",met lichtgewonden,3,Fiets,9,personenauto,Op Kruispunt,Gewestweg,binnen bebouwde kom,Tussen 2 bestuurders: Frontale botsing,Geen hindernis
37016,94,Herentals teller 2,Herentals,51.17345,4.81283,1.8305010667852906,51.15700243998649,4.8117271984631875,2023,1,16,13011,Herentals,Normaal,Droog,Dag,met lichtgewonden,3,Fiets,9,personenauto,Op Kruispunt,Gemeenteweg,buiten bebouwde kom,Tss. 2 best.: langs opzij (voor-/achterkant-flank),Geen hindernis
37016,110,Herentals totem,Herentals,51.1739426,4.811783,1.8836638685676164,51.15700243998649,4.8117271984631875,2023,1,16,13011,Herentals,Normaal,Droog,Dag,met lichtgewonden,3,Fiets,9,personenauto,Op Kruispunt,Gemeenteweg,buiten bebouwde kom,Tss. 2 best.: langs opzij (voor-/achterkant-flank),Geen hindernis
37018,89,Westerlo teller 2,Westerlo,51.08191,4.91334,1.3895853116754344,51.080023154891826,4.933004362617238,2023,1,11,13013,Herselt,Onbekend,Onbekend,Dag,met lichtgewonden,3,Fiets,9,personenauto,Buiten Kruispunt,Gemeenteweg,buiten bebouwde kom,Tss. 2 best.: langs opzij (voor-/achterkant-flank),Geen hindernis
37018,88,Westerlo teller 1,Westerlo,51.082,4.91325,1.3973384847086223,51.080023154891826,4.933004362617238,2023,1,11,13013,Herselt,Onbekend,Onbekend,Dag,met lichtgewonden,3,Fiets,9,personenauto,Buiten Kruispunt,Gemeenteweg,buiten bebouwde kom,Tss. 2 best.: langs opzij (voor-/achterkant-flank),Geen hindernis
37020,94,Herentals teller 2,Herentals,51.17345,4.81283,1.3790264752236274,51.16375973532234,4.800486326846165,2023,1,16,13011,Herentals,Normaal,Droog,"Nacht, openbare verlichting aanwezig en ontstoken",met lichtgewonden,9,personenauto,3,Fiets,Op Kruispunt,Gemeenteweg,buiten bebouwde kom,Tss. 2 best.: langs opzij (voor-/achterkant-flank),Geen hindernis
37020,110,Herentals totem,Herentals,51.1739426,4.811783,1.3792842373846927,51.16375973532234,4.800486326846165,2023,1,16,13011,Herentals,Normaal,Droog,"Nacht, openbare verlichting aanwezig en ontstoken",met lichtgewonden,9,personenauto,3,Fiets,Op Kruispunt,Gemeenteweg,buiten bebouwde kom,Tss. 2 best.: langs opzij (voor-/achterkant-flank),Geen hindernis
37021,38,Lommel teller 2,Lommel,51.23277,5.29189,1.3007234738755717,51.2227504283799,5.30153011583421,2023,1,11,72020,Lommel,Normaal,Droog,Dag,met lichtgewonden,8,Voetganger,3,Fiets,Op Kruispunt,Gemeenteweg,buiten bebouwde kom,Met een voetganger,Geen hindernis
37021,37,Lommel teller 1,Lommel,51.23299,5.29211,1.314022539284626,51.2227504283799,5.30153011583421,2023,1,11,72020,Lommel,Normaal,Droog,Dag,met lichtgewonden,8,Voetganger,3,Fiets,Op Kruispunt,Gemeenteweg,buiten bebouwde kom,Met een voetganger,Geen hindernis
37022,45,Pelt teller 1,Pelt,51.23127,5.44377,0.7719917921522017,51.23118877845683,5.454856629519426,2023,1,1,72043,Pelt,Normaal,Droog,"Nacht, openbare verlichting aanwezig en ontstoken",met zwaargewonden,9,personenauto,3,Fiets,Buiten Kruispunt,Gemeenteweg,buiten bebouwde kom,Tussen 2 bestuurders: Langs achteren,Geen hindernis
37022,46,Pelt teller 2,Pelt,51.231,5.44375,0.7736186268177873,51.23118877845683,5.454856629519426,2023,1,1,72043,Pelt,Normaal,Droog,"Nacht, openbare verlichting aanwezig en ontstoken",met zwaargewonden,9,personenauto,3,Fiets,Buiten Kruispunt,Gemeenteweg,buiten bebouwde kom,Tussen 2 bestuurders: Langs achteren,Geen hindernis
37024,46,Pelt teller 2,Pelt,51.231,5.44375,1.157192090937281,51.22077985682382,5.440616117874891,2023,1,15,72043,Pelt,Normaal,Droog,Dag,met zwaargewonden,3,Fiets,9,personenauto,Op Kruispunt,Gemeenteweg,buiten bebouwde kom,Tss. 2 best.: langs opzij (voor-/achterkant-flank),Geen hindernis
37024,45,Pelt teller 1,Pelt,51.23127,5.44377,1.1869463084428156,51.22077985682382,5.440616117874891,2023,1,15,72043,Pelt,Normaal,Droog,Dag,met zwaargewonden,3,Fiets,9,personenauto,Op Kruispunt,Gemeenteweg,buiten bebouwde kom,Tss. 2 best.: langs opzij (voor-/achterkant-flank),Geen hindernis
37025,45,Pelt teller 1,Pelt,51.23127,5.44377,1.938911039639443,51.24707727596339,5.455527051828795,2023,1,18,72043,Pelt,Normaal,Droog,"Nacht, openbare verlichting aanwezig en ontstoken",met lichtgewonden,9,personenauto,3,Fiets,Op Kruispunt,Gemeenteweg,buiten bebouwde kom,Tussen 2 bestuurders: Flank tegen flank,Geen hindernis
37025,46,Pelt teller 2,Pelt,51.231,5.44375,1.9667494274878545,51.24707727596339,5.455527051828795,2023,1,18,72043,Pelt,Normaal,Droog,"Nacht, openbare verlichting aanwezig en ontstoken",met lichtgewonden,9,personenauto,3,Fiets,Op Kruispunt,Gemeenteweg,buiten bebouwde kom,Tussen 2 bestuurders: Flank tegen flank,Geen hindernis
37027,45,Pelt teller 1,Pelt,51.23127,5.44377,1.076257394512201,51.232334122256574,5.428406241777124,2023,1,16,72043,Pelt,Normaal,Droog,Dag,met lichtgewonden,9,personenauto,3,Fiets,Buiten Kruispunt,Gemeenteweg,buiten bebouwde kom,Tss. 2 best.: langs opzij (voor-/achterkant-flank),Geen hindernis
37027,46,Pelt teller 2,Pelt,51.231,5.44375,1.0785942397544557,51.232334122256574,5.428406241777124,2023,1,16,72043,Pelt,Normaal,Droog,Dag,met lichtgewonden,9,personenauto,3,Fiets,Buiten Kruispunt,Gemeenteweg,buiten bebouwde kom,Tss. 2 best.: langs opzij (voor-/achterkant-flank),Geen hindernis
37028,46,Pelt teller 2,Pelt,51.231,5.44375,1.3525899062042614,51.22973295469532,5.424430063573605,2023,1,16,72043,Pelt,Onbekend,Onbekend,Dag,met lichtgewonden,9,personenauto,3,Fiets,Op Kruispunt,Gemeenteweg,binnen bebouwde kom,Tss. 2 best.: langs opzij (voor-/achterkant-flank),Geen hindernis
37028,45,Pelt teller 1,Pelt,51.23127,5.44377,1.3574234889233192,51.22973295469532,5.424430063573605,2023,1,16,72043,Pelt,Onbekend,Onbekend,Dag,met lichtgewonden,9,personenauto,3,Fiets,Op Kruispunt,Gemeenteweg,binnen bebouwde kom,Tss. 2 best.: langs opzij (voor-/achterkant-flank),Geen hindernis
37039,69,Leuven teller 1,Leuven,50.87549,4.71526,0.7965102245711128,50.871332564246124,4.7245039538986955,2023,1,8,24062,Leuven,Normaal,Droog,Dag,met lichtgewonden,5,Lichte vrachtauto,3,Fiets,Buiten Kruispunt,Gewestweg,buiten bebouwde kom,Tss. 2 best.: langs opzij (voor-/achterkant-flank),Geen hindernis
37039,77,Leuven teller 2,Leuven,50.88672,4.70796,2.0675587498755488,50.871332564246124,4.7245039538986955,2023,1,8,24062,Leuven,Normaal,Droog,Dag,met lichtgewonden,5,Lichte vrachtauto,3,Fiets,Buiten Kruispunt,Gewestweg,buiten bebouwde kom,Tss. 2 best.: langs opzij (voor-/achterkant-flank),Geen hindernis
37039,107,leuven totem,Leuven,50.8870744,4.7087919,2.0686010203779692,50.871332564246124,4.7245039538986955,2023,1,8,24062,Leuven,Normaal,Droog,Dag,met lichtgewonden,5,Lichte vrachtauto,3,Fiets,Buiten Kruispunt,Gewestweg,buiten bebouwde kom,Tss. 2 best.: langs opzij (voor-/achterkant-flank),Geen hindernis
37040,151,Leuven,District Leuven,50.8690262,4.6854839,1.337196416692204,50.88104042367849,4.6863161593876335,2023,1,14,24062,Leuven,Regenval,"Nat, plassen",Dag,met lichtgewonden,3,Fiets,9,personenauto,Buiten Kruispunt,Gemeenteweg,binnen bebouwde kom,Tss. 2 best.: langs opzij (voor-/achterkant-flank),Geen hindernis
37040,77,Leuven teller 2,Leuven,50.88672,4.70796,1.644466721390905,50.88104042367849,4.6863161593876335,2023,1,14,24062,Leuven,Regenval,"Nat, plassen",Dag,met lichtgewonden,3,Fiets,9,personenauto,Buiten Kruispunt,Gemeenteweg,binnen bebouwde kom,Tss. 2 best.: langs opzij (voor-/achterkant-flank),Geen hindernis
37040,107,leuven totem,Leuven,50.8870744,4.7087919,1.7135366289514622,50.88104042367849,4.6863161593876335,2023,1,14,24062,Leuven,Regenval,"Nat, plassen",Dag,met lichtgewonden,3,Fiets,9,personenauto,Buiten Kruispunt,Gemeenteweg,binnen bebouwde kom,Tss. 2 best.: langs opzij (voor-/achterkant-flank),Geen hindernis
37040,69,Leuven teller 1,Leuven,50.87549,4.71526,2.1224352964057176,50.88104042367849,4.6863161593876335,2023,1,14,24062,Leuven,Regenval,"Nat, plassen",Dag,met lichtgewonden,3,Fiets,9,personenauto,Buiten Kruispunt,Gemeenteweg,binnen bebouwde kom,Tss. 2 best.: langs opzij (voor-/achterkant-flank),Geen hindernis
37041,77,Leuven teller 2,Leuven,50.88672,4.70796,0.7438332053951162,50.88547886557159,4.697540470303048,2023,1,9,24062,Leuven,Normaal,Droog,Dag,met lichtgewonden,3,Fiets,1,Autobus,Op Kruispunt,Gemeenteweg,binnen bebouwde kom,Tss. 2 best.: langs opzij (voor-/achterkant-flank),Geen hindernis