crash_row_id,site_id,site_name,site_gemeente,site_lat,site_long,distance_km,crash_lat,crash_long,DT_YEAR_COLLISION,DT_MONTH_COLLISION,DT_TIME,CD_NIS,TX_MUNTY_COLLISION_NL,TX_WEATHER_NL,TX_ROAD_CONDITION_NL,TX_LIGHT_CONDITION_NL,TX_CLASS_ACCIDENTS_NL,CD_ROAD_USR_TYPE1,TX_ROAD_USR_TYPE1_NL,CD_ROAD_USR_TYPE2,TX_ROAD_USR_TYPE2_NL,TX_CROSSWAY_NL,CD_ROAD_TYPE_NL,TX_BUILD_UP_AREA_NL,TX_COLLISION_TYPE_NL,TX_OBSTACLES_NL
37041,107,leuven totem,Leuven,50.8870744,4.7087919,0.8089665327942537,50.88547886557159,4.697540470303048,2023,1,9,24062,Leuven,Normaal,Droog,Dag,met lichtgewonden,3,Fiets,1,Autobus,Op Kruispunt,Gemeenteweg,binnen bebouwde kom,Tss. 2 best.: langs opzij (voor-/achterkant-flank),Geen hindernis
37041,69,Leuven teller 1,Leuven,50.87549,4.71526,1.66706740490394,50.88547886557159,4.697540470303048,2023,1,9,24062,Leuven,Normaal,Droog,Dag,met lichtgewonden,3,Fiets,1,Autobus,Op Kruispunt,Gemeenteweg,binnen bebouwde kom,Tss. 2 best.: langs opzij (voor-/achterkant-flank),Geen hindernis
37041,151,Leuven,District Leuven,50.8690262,4.6854839,2.015557280498319,50.88547886557159,4.697540470303048,2023,1,9,24062,Leuven,Normaal,Droog,Dag,met lichtgewonden,3,Fiets,1,Autobus,Op Kruispunt,Gemeenteweg,binnen bebouwde kom,Tss. 2 best.: langs opzij (voor-/achterkant-flank),Geen hindernis
37042,108,Heverlee teller 1,Leuven,50.8471728,4.6954674,0.18276423556187427,50.84881564532322,4.695548252558499,2023,1,8,24062,Leuven,Regenval,Proper,Dag,met lichtgewonden,9,personenauto,3,Fiets,Buiten Kruispunt,Gewestweg,binnen bebouwde kom,Tss. 2 best.: langs opzij (voor-/achterkant-flank),Geen hindernis
37042,76,Heverlee teller 2,Leuven,50.84606,4.69597,0.3078410891311539,50.84881564532322,4.695548252558499,2023,1,8,24062,Leuven,Regenval,Proper,Dag,met lichtgewonden,9,personenauto,3,Fiets,Buiten Kruispunt,Gewestweg,binnen bebouwde kom,Tss. 2 best.: langs opzij (voor-/achterkant-flank),Geen hindernis
37042,151,Leuven,District Leuven,50.8690262,4.6854839,2.355722684064179,50.84881564532322,4.695548252558499,2023,1,8,24062,Leuven,Regenval,Proper,Dag,met lichtgewonden,9,personenauto,3,Fiets,Buiten Kruispunt,Gewestweg,binnen bebouwde kom,Tss. 2 best.: langs opzij (voor-/achterkant-flank),Geen hindernis
37043,107,leuven totem,Leuven,50.8870744,4.7087919,1.591247522595461,50.8891833229686,4.731229064590928,2023,1,12,24062,Leuven,Normaal,Droog,Dag,met lichtgewonden,3,Fiets,9,personenauto,Op Kruispunt,Gemeenteweg,binnen bebouwde kom,Tss. 2 best.: langs opzij (voor-/achterkant-flank),Geen hindernis
37043,77,Leuven teller 2,Leuven,50.88672,4.70796,1.6550570876453947,50.8891833229686,4.731229064590928,2023,1,12,24062,Leuven,Normaal,Droog,Dag,met lichtgewonden,3,Fiets,9,personenauto,Op Kruispunt,Gemeenteweg,binnen bebouwde kom,Tss. 2 best.: langs opzij (voor-/achterkant-flank),Geen hindernis
37043,69,Leuven teller 1,Leuven,50.87549,4.71526,1.8903634246796963,50.8891833229686,4.731229064590928,2023,1,12,24062,Leuven,Normaal,Droog,Dag,met lichtgewonden,3,Fiets,9,personenauto,Op Kruispunt,Gemeenteweg,binnen bebouwde kom,Tss. 2 best.: langs opzij (voor-/achterkant-flank),Geen hindernis
37046,69,Leuven teller 1,Leuven,50.87549,4.71526,0.7965102245711128,50.871332564246124,4.7245039538986955,2023,1,15,24062,Leuven,Normaal,Droog,Dag,met lichtgewonden,9,personenauto,3,Fiets,Buiten Kruispunt,Gewestweg,binnen bebouwde kom,Tss. 2 best.: langs opzij (voor-/achterkant-flank),Geen hindernis
37046,77,Leuven teller 2,Leuven,50.88672,4.70796,2.0675587498755488,50.871332564246124,4.7245039538986955,2023,1,15,24062,Leuven,Normaal,Droog,Dag,met lichtgewonden,9,personenauto,3,Fiets,Buiten Kruispunt,Gewestweg,binnen bebouwde kom,Tss. 2 best.: langs opzij (voor-/achterkant-flank),Geen hindernis
37046,107,leuven totem,Leuven,50.8870744,4.7087919,2.0686010203779692,50.871332564246124,4.7245039538986955,2023,1,15,24062,Leuven,Normaal,Droog,Dag,met lichtgewonden,9,personenauto,3,Fiets,Buiten Kruispunt,Gewestweg,binnen bebouwde kom,Tss. 2 best.: langs opzij (voor-/achterkant-flank),Geen hindernis
37047,69,Leuven teller 1,Leuven,50.87549,4.71526,1.0061213307938508,50.86853343042852,4.706091296930691,2023,1,15,24062,Leuven,Normaal,Droog,Dag,met lichtgewonden,3,Fiets,9,personenauto,Op Kruispunt,Gewestweg,binnen bebouwde kom,Tss. 2 best.: langs opzij (voor-/achterkant-flank),Geen hindernis
37047,151,Leuven,District Leuven,50.8690262,4.6854839,1.447160939042463,50.86853343042852,4.706091296930691,2023,1,15,24062,Leuven,Normaal,Droog,Dag,met lichtgewonden,3,Fiets,9,personenauto,Op Kruispunt,Gewestweg,binnen bebouwde kom,Tss. 2 best.: langs opzij (voor-/achterkant-flank),Geen hindernis
37047,77,Leuven teller 2,Leuven,50.88672,4.70796,2.0265000605643744,50.86853343042852,4.706091296930691,2023,1,15,24062,Leuven,Normaal,Droog,Dag,met lichtgewonden,3,Fiets,9,personenauto,Op Kruispunt,Gewestweg,binnen bebouwde kom,Tss. 2 best.: langs opzij (voor-/achterkant-flank),Geen hindernis
37047,107,leuven totem,Leuven,50.8870744,4.7087919,2.070350476720091,50.86853343042852,4.706091296930691,2023,1,15,24062,Leuven,Normaal,Droog,Dag,met lichtgewonden,3,Fiets,9,personenauto,Op Kruispunt,Gewestweg,binnen bebouwde kom,Tss. 2 best.: langs opzij (voor-/achterkant-flank),Geen hindernis
37047,108,Heverlee teller 1,Leuven,50.8471728,4.6954674,2.4895025804482374,50.86853343042852,4.706091296930691,2023,1,15,24062,Leuven,Normaal,Droog,Dag,met lichtgewonden,3,Fiets,9,personenauto,Op Kruispunt,Gewestweg,binnen bebouwde kom,Tss. 2 best.: langs opzij (voor-/achterkant-flank),Geen hindernis
37048,69,Leuven teller 1,Leuven,50.87549,4.71526,0.9449532925836489,50.88211050373521,4.723704269966878,2023,1,15,24062,Leuven,Normaal,"Ijzel, sneeuw",Dag,met lichtgewonden,3,Fiets,10,"één bestuurder, geen hindernis",Buiten Kruispunt,Gemeenteweg,binnen bebouwde kom,"Eén bestuurder, geen hindernis (incl. val)",Geen hindernis
37048,107,leuven totem,Leuven,50.8870744,4.7087919,1.182804657768319,50.88211050373521,4.723704269966878,2023,1,15,24062,Leuven,Normaal,"Ijzel, sneeuw",Dag,met lichtgewonden,3,Fiets,10,"één bestuurder, geen hindernis",Buiten Kruispunt,Gemeenteweg,binnen bebouwde kom,"Eén bestuurder, geen hindernis (incl. val)",Geen hindernis
37048,77,Leuven teller 2,Leuven,50.88672,4.70796,1.21761759503978,50.88211050373521,4.723704269966878,2023,1,15,24062,Leuven,Normaal,"Ijzel, sneeuw",Dag,met lichtgewonden,3,Fiets,10,"één bestuurder, geen hindernis",Buiten Kruispunt,Gemeenteweg,binnen bebouwde kom,"Eén bestuurder, geen hindernis (incl. val)",Geen hindernis
37049,107,leuven totem,Leuven,50.8870744,4.7087919,1.7230837763406024,50.88799140930084,4.733312846605362,2023,1,11,24062,Leuven,Normaal,Droog,Dag,met lichtgewonden,3,Fiets,9,personenauto,Buiten Kruispunt,Gemeenteweg,binnen bebouwde kom,Tss. 2 best.: langs opzij (voor-/achterkant-flank),Geen hindernis
37049,77,Leuven teller 2,Leuven,50.88672,4.70796,1.7840362714964006,50.88799140930084,4.733312846605362,2023,1,11,24062,Leuven,Normaal,Droog,Dag,met lichtgewonden,3,Fiets,9,personenauto,Buiten Kruispunt,Gemeenteweg,binnen bebouwde kom,Tss. 2 best.: langs opzij (voor-/achterkant-flank),Geen hindernis
37049,69,Leuven teller 1,Leuven,50.87549,4.71526,1.8805306531119557,50.88799140930084,4.733312846605362,2023,1,11,24062,Leuven,Normaal,Droog,Dag,met lichtgewonden,3,Fiets,9,personenauto,Buiten Kruispunt,Gemeenteweg,binnen bebouwde kom,Tss. 2 best.: langs opzij (voor-/achterkant-flank),Geen hindernis
37054,150,Bertem,District Leuven,50.8687535,4.56136297,2.3830578841681866,50.885179958421,4.539548011884375,2023,1,10,24055,Kortenberg,Normaal,"Ijzel, sneeuw",Dag,met lichtgewonden,9,personenauto,3,Fiets,Op Kruispunt,Gemeenteweg,binnen bebouwde kom,Tss. 2 best.: langs opzij (voor-/achterkant-flank),Geen hindernis
37055,87,Aarschot,Aarschot,50.99084,4.81259,1.8823540307390887,50.98309614737798,4.836503330215908,2023,1,8,24001,Aarschot,Regenval,"Nat, plassen",Dageraad - schemering,met lichtgewonden,3,Fiets,3,Fiets,Op Kruispunt,Gemeenteweg,binnen bebouwde kom,Tss. 2 best.: langs opzij (voor-/achterkant-flank),Geen hindernis
37057,70,Kampenhout teller 1,Kampenhout,50.95682,4.59318,2.1024154653670686,50.96466351302846,4.62049406129009,2023,1,12,24033,Haacht,Normaal,Droog,Dag,met lichtgewonden,9,personenauto,3,Fiets,Buiten Kruispunt,Gewestweg,buiten bebouwde kom,Tss. 2 best.: langs opzij (voor-/achterkant-flank),Geen hindernis
37057,71,Kampenhout teller 2,Kampenhout,50.95589,4.59164,2.244013021747122,50.96466351302846,4.62049406129009,2023,1,12,24033,Haacht,Normaal,Droog,Dag,met lichtgewonden,9,personenauto,3,Fiets,Buiten Kruispunt,Gewestweg,buiten bebouwde kom,Tss. 2 best.: langs opzij (voor-/achterkant-flank),Geen hindernis
37058,70,Kampenhout teller 1,Kampenhout,50.95682,4.59318,0.6904193851013259,50.96075307948742,4.600807730728057,2023,1,8,24014,Boortmeerbeek,Normaal,Droog,Dageraad - schemering,met lichtgewonden,5,Lichte vrachtauto,3,Fiets,Op Kruispunt,Gewestweg,buiten bebouwde kom,Tss. 2 best.: langs opzij (voor-/achterkant-flank),Geen hindernis
37058,71,Kampenhout teller 2,Kampenhout,50.95589,4.59164,0.8394722827420138,50.96075307948742,4.600807730728057,2023,1,8,24014,Boortmeerbeek,Normaal,Droog,Dageraad - schemering,met lichtgewonden,5,Lichte vrachtauto,3,Fiets,Op Kruispunt,Gewestweg,buiten bebouwde kom,Tss. 2 best.: langs opzij (voor-/achterkant-flank),Geen hindernis
37059,70,Kampenhout teller 1,Kampenhout,50.95682,4.59318,0.6904193851013259,50.96075307948742,4.600807730728057,2023,1,15,23038,Kampenhout,Normaal,Droog,Dag,met lichtgewonden,9,personenauto,3,Fiets,Op Kruispunt,Gewestweg,buiten bebouwde kom,Tss. 2 best.: langs opzij (voor-/achterkant-flank),Geen hindernis
37059,71,Kampenhout teller 2,Kampenhout,50.95589,4.59164,0.8394722827420138,50.96075307948742,4.600807730728057,2023,1,15,23038,Kampenhout,Normaal,Droog,Dag,met lichtgewonden,9,personenauto,3,Fiets,Op Kruispunt,Gewestweg,buiten bebouwde kom,Tss. 2 best.: langs opzij (voor-/achterkant-flank),Geen hindernis
37060,101,Diest teller 1,Diest,50.97799,5.04481,1.2713504364896624,50.989179496569285,5.041077723120752,2023,1,7,24020,Diest,Regenval,"Nat, plassen",Dageraad - schemering,met lichtgewonden,3,Fiets,9,personenauto,Buiten Kruispunt,Gemeenteweg,binnen bebouwde kom,Tss. 2 best.: langs opzij (voor-/achterkant-flank),Geen hindernis
37060,102,Diest teller 2,Diest,50.9779,5.04474,1.2801557760011137,50.989179496569285,5.041077723120752,2023,1,7,24020,Diest,Regenval,"Nat, plassen",Dageraad - schemering,met lichtgewonden,3,Fiets,9,personenauto,Buiten Kruispunt,Gemeenteweg,binnen bebouwde kom,Tss. 2 best.: langs opzij (voor-/achterkant-flank),Geen hindernis
37062,102,Diest teller 2,Diest,50.9779,5.04474,0.8244381277405821,50.97209041353957,5.037423890767983,2023,1,17,24020,Diest,Onbekend,"Nat, plassen",Dageraad - schemering,met lichtgewonden,9,personenauto,3,Fiets,Buiten Kruispunt,Gewestweg,buiten bebouwde kom,Tussen 2 bestuurders: Frontale botsing,Geen hindernis
37062,101,Diest teller 1,Diest,50.97799,5.04481,0.8353278097341088,50.97209041353957,5.037423890767983,2023,1,17,24020,Diest,Onbekend,"Nat, plassen",Dageraad - schemering,met lichtgewonden,9,personenauto,3,Fiets,Buiten Kruispunt,Gewestweg,buiten bebouwde kom,Tussen 2 bestuurders: Frontale botsing,Geen hindernis
37064,87,Aarschot,Aarschot,50.99084,4.81259,1.8405922390466325,51.001614852276006,4.792624377972122,2023,1,7,24007,Begijnendijk,Regenval,"Nat, plassen+Proper",Dageraad - schemering,met zwaargewonden,3,Fiets,9,personenauto,Op Kruispunt,Gemeenteweg,buiten bebouwde kom,Tss. 2 best.: langs opzij (voor-/achterkant-flank),Geen hindernis
37066,26,Zaventem,Zaventem,50.86995,4.45444,2.248097892712896,50.87244883476454,4.4862316314173825,2023,1,14,23094,Zaventem,Regenval,"Nat, plassen",Dag,met lichtgewonden,3,Fiets,9,personenauto,Op Kruispunt,Gemeenteweg,buiten bebouwde kom,Tss. 2 best.: langs opzij (voor-/achterkant-flank),Geen hindernis
37066,111,Zaventem totem,Zaventem,50.8871216,4.4597084,2.474791109360041,50.87244883476454,4.4862316314173825,2023,1,14,23094,Zaventem,Regenval,"Nat, plassen",Dag,met lichtgewonden,3,Fiets,9,personenauto,Op Kruispunt,Gemeenteweg,buiten bebouwde kom,Tss. 2 best.: langs opzij (voor-/achterkant-flank),Geen hindernis
37074,80,Wemmel teller 1,Wemmel,50.91418,4.29571,1.6111137689929391,50.90206163906185,4.308305418584619,2023,1,15,23102,Wemmel,Normaal,Droog,Dag,met lichtgewonden,3,Fiets,5,Lichte vrachtauto,Buiten Kruispunt,Gewestweg,binnen bebouwde kom,Tss. 2 best.: langs opzij (voor-/achterkant-flank),Geen hindernis
37074,81,Wemmel teller 2,Wemmel,50.91439,4.29568,1.6318332692075515,50.90206163906185,4.308305418584619,2023,1,15,23102,Wemmel,Normaal,Droog,Dag,met lichtgewonden,3,Fiets,5,Lichte vrachtauto,Buiten Kruispunt,Gewestweg,binnen bebouwde kom,Tss. 2 best.: langs opzij (voor-/achterkant-flank),Geen hindernis
37077,80,Wemmel teller 1,Wemmel,50.91418,4.29571,0.8327150874771068,50.91032945841364,4.305897034937916,2023,1,8,23102,Wemmel,Onbekend,Onbekend,Onbekend,met lichtgewonden,9,personenauto,3,Fiets,Buiten Kruispunt,Gemeenteweg,binnen bebouwde kom,Tss. 2 best.: langs opzij (voor-/achterkant-flank),Geen hindernis
37077,81,Wemmel teller 2,Wemmel,50.91439,4.29568,0.8467361224487421,50.91032945841364,4.305897034937916,2023,1,8,23102,Wemmel,Onbekend,Onbekend,Onbekend,met lichtgewonden,9,personenauto,3,Fiets,Buiten Kruispunt,Gemeenteweg,binnen bebouwde kom,Tss. 2 best.: langs opzij (voor-/achterkant-flank),Geen hindernis
37078,27,Grimbergen,Meise,50.92127,4.34013,0.47316358214846843,50.9172859451062,4.342501210457321,2023,1,12,23025,Grimbergen,Onbekend,Droog,Dag,met lichtgewonden,9,personenauto,3,Fiets,Buiten Kruispunt,Gewestweg,buiten bebouwde kom,Tss. 2 best.: langs opzij (voor-/achterkant-flank),Geen hindernis
37079,27,Grimbergen,Meise,50.92127,4.34013,1.7407869030746959,50.90790462272933,4.353059785545997,2023,1,14,23025,Grimbergen,Normaal,Droog,Dag,met zwaargewonden,9,personenauto,3,Fiets,Op Kruispunt,Gemeenteweg,binnen bebouwde kom,Tss. 2 best.: langs opzij (voor-/achterkant-flank),Geen hindernis
37080,149,Machelen,,50.88297881,4.43356644,0.29875746328818975,50.88287378596216,4.437821800676202,2023,1,12,23047,Machelen,Normaal,Droog,Dag,met lichtgewonden,3,Fiets,11,een weggebruiker tegen een hindernis,Buiten Kruispunt,Gemeenteweg,binnen bebouwde kom,Weggebruiker tegen hindernis buiten rijbaan,Buiten de rijbaan: Verlichtingspaal
37080,111,Zaventem totem,Zaventem,50.8871216,4.4597084,1.6063689590511432,50.88287378596216,4.437821800676202,2023,1,12,23047,Machelen,Normaal,Droog,Dag,met lichtgewonden,3,Fiets,11,een weggebruiker tegen een hindernis,Buiten Kruispunt,Gemeenteweg,binnen bebouwde kom,Weggebruiker tegen hindernis buiten rijbaan,Buiten de rijbaan: Verlichtingspaal
37080,26,Zaventem,Zaventem,50.86995,4.45444,1.8505873896036942,50.88287378596216,4.437821800676202,2023,1,12,23047,Machelen,Normaal,Droog,Dag,met lichtgewonden,3,Fiets,11,een weggebruiker tegen een hindernis,Buiten Kruispunt,Gemeenteweg,binnen bebouwde kom,Weggebruiker tegen hindernis buiten rijbaan,Buiten de rijbaan: Verlichtingspaal
37081,149,Machelen,,50.88297881,4.43356644,0.7549687467716106,50.88961288746606,4.435856750172511,2023,1,17,23047,Machelen,Regenval,"Nat, plassen","Nacht, openbare verlichting aanwezig en ontstoken",met lichtgewonden,3,Fiets,11,een weggebruiker tegen een hindernis,Buiten Kruispunt,Gemeenteweg,binnen bebouwde kom,Weggebruiker tegen hindernis buiten rijbaan,Andere hindernis
37081,111,Zaventem totem,Zaventem,50.8871216,4.4597084,1.6958635479884347,50.88961288746606,4.435856750172511,2023,1,17,23047,Machelen,Regenval,"Nat, plassen","Nacht, openbare verlichting aanwezig en ontstoken",met lichtgewonden,3,Fiets,11,een weggebruiker tegen een hindernis,Buiten Kruispunt,Gemeenteweg,binnen bebouwde kom,Weggebruiker tegen hindernis buiten rijbaan,Andere hindernis
37082,99,Mechelen teller 1,Mechelen,51.04564,4.46882,2.33572634036478,51.02491042865003,4.47421832887594,2023,1,8,12025,Mechelen,Normaal,Droog,Dag,met lichtgewonden,9,personenauto,3,Fiets,Buiten Kruispunt,Gemeenteweg,binnen bebouwde kom,Tss. 2 best.: langs opzij (voor-/achterkant-flank),Geen hindernis
37082,100,Mechelen teller 2,Mechelen,51.0457,4.46883,2.342197961563999,51.02491042865003,4.47421832887594,2023,1,8,12025,Mechelen,Normaal,Droog,Dag,met lichtgewonden,9,personenauto,3,Fiets,Buiten Kruispunt,Gemeenteweg,binnen bebouwde kom,Tss. 2 best.: langs opzij (voor-/achterkant-flank),Geen hindernis
37083,109,Zemst,Zemst,50.9903936,4.4707023,1.3978302617997636,50.979367751694035,4.4611105530186075,2023,1,1,23096,Zemst,Normaal,Droog,"Nacht, openbare verlichting aanwezig en ontstoken",Met doden,3,Fiets,10,"één bestuurder, geen hindernis",Op Kruispunt,Gemeenteweg,buiten bebouwde kom,"Eén bestuurder, geen hindernis (incl. val)",Geen hindernis
37084,1,Machelen,Machelen,50.91618331151478,4.456121776137429,2.210642704263201,50.93266625904996,4.4384875077004615,2023,1,10,23088,Vilvoorde,Normaal,"Ijzel, sneeuw",Dag,met lichtgewonden,3,Fiets,10,"één bestuurder, geen hindernis",Buiten Kruispunt,Gemeenteweg,binnen bebouwde kom,"Eén bestuurder, geen hindernis (incl. val)",Geen hindernis
37086,136,Gent R4,Gent,51.0876313,3.7587918,2.469438842416098,51.08802177173681,3.7234411224993127,2023,1,13,44021,Gent,Normaal,Droog,Dag,met lichtgewonden,5,Lichte vrachtauto,3,Fiets,Buiten Kruispunt,Gewestweg,binnen bebouwde kom,Tussen 2 bestuurders: Flank tegen flank,Geen hindernis
37089,13,Gent,Gent,51.03018,3.70146,1.4883927261550203,51.04355622411621,3.702249653411605,2023,1,12,44021,Gent,Normaal,Droog,Dag,met lichtgewonden,3,Fiets,9,personenauto,Op Kruispunt,Gemeenteweg,binnen bebouwde kom,Tussen 2 bestuurders: Flank tegen flank,Geen hindernis
37093,13,Gent,Gent,51.03018,3.70146,1.0473304577299372,51.02557237933323,3.688398512210236,2023,1,5,44021,Gent,Regenval,"Nat, plassen","Nacht, geen openbare verlichting aanwezig",met zwaargewonden,3,Fiets,9,personenauto,Buiten Kruispunt,Gemeenteweg,binnen bebouwde kom,Tss. 2 best.: langs opzij (voor-/achterkant-flank),Geen hindernis
37096,13,Gent,Gent,51.03018,3.70146,1.0711685604614154,51.03376553693363,3.715677362949197,2023,1,17,44021,Gent,Normaal,Droog,Dag,met zwaargewonden,2,Andere weggebruiker,3,Fiets,Op Kruispunt,Gewestweg,binnen bebouwde kom,Tss. 2 best.: langs opzij (voor-/achterkant-flank),Geen hindernis
37103,136,Gent R4,Gent,51.0876313,3.7587918,2.345721602324325,51.08601224276513,3.725306763088857,2023,1,4,44021,Gent,Normaal,"Nat, plassen","Nacht, openbare verlichting aanwezig en ontstoken",met lichtgewonden,3,Fiets,9,personenauto,Op Kruispunt,Gewestweg,binnen bebouwde kom,Tss. 2 best.: langs opzij (voor-/achterkant-flank),Geen hindernis
37105,119,Gent teller 2,Gent,51.0281795,3.7683918,2.154161718697712,51.04576103127159,3.755453034451102,2023,1,16,44021,Gent,Onbekend,Onbekend,Onbekend,met lichtgewonden,3,Fiets,5,Lichte vrachtauto,Op Kruispunt,Gemeenteweg,binnen bebouwde kom,Tss. 2 best.: langs opzij (voor-/achterkant-flank),Geen hindernis
37105,118,Gent teller 1,Gent,51.028049,3.7681359,2.159932274049827,51.04576103127159,3.755453034451102,2023,1,16,44021,Gent,Onbekend,Onbekend,Onbekend,met lichtgewonden,3,Fiets,5,Lichte vrachtauto,Op Kruispunt,Gemeenteweg,binnen bebouwde kom,Tss. 2 best.: langs opzij (voor-/achterkant-flank),Geen hindernis
37106,13,Gent,Gent,51.03018,3.70146,1.6343607571897587,51.02821916876426,3.7246214193839453,2023,1,13,44021,Gent,Normaal,Droog,Dag,met lichtgewonden,9,personenauto,3,Fiets,Op Kruispunt,Gemeenteweg,binnen bebouwde kom,Tussen 2 bestuurders: Frontale botsing,Geen hindernis
37107,118,Gent teller 1,Gent,51.028049,3.7681359,2.38289593421083,51.01997576719768,3.736575962516647,2023,1,7,44021,Gent,Onbekend,Onbekend,"Nacht, openbare verlichting aanwezig en ontstoken",met lichtgewonden,9,personenauto,3,Fiets,Op Kruispunt,Gemeenteweg,buiten bebouwde kom,Tussen 2 bestuurders: Flank tegen flank,Geen hindernis
37107,119,Gent teller 2,Gent,51.0281795,3.7683918,2.4049482970467175,51.01997576719768,3.736575962516647,2023,1,7,44021,Gent,Onbekend,Onbekend,"Nacht, openbare verlichting aanwezig en ontstoken",met lichtgewonden,9,personenauto,3,Fiets,Op Kruispunt,Gemeenteweg,buiten bebouwde kom,Tussen 2 bestuurders: Flank tegen flank,Geen hindernis
37109,118,Gent teller 1,Gent,51.028049,3.7681359,2.38289593421083,51.01997576719768,3.736575962516647,2023,1,7,44021,Gent,Regenval,"Nat, plassen",Dageraad - schemering,met lichtgewonden,9,personenauto,3,Fiets,Op Kruispunt,Gemeenteweg,buiten bebouwde kom,Tussen 2 bestuurders: Frontale botsing,Geen hindernis
37109,119,Gent teller 2,Gent,51.0281795,3.7683918,2.4049482970467175,51.01997576719768,3.736575962516647,2023,1,7,44021,Gent,Regenval,"Nat, plassen",Dageraad - schemering,met lichtgewonden,9,personenauto,3,Fiets,Op Kruispunt,Gemeenteweg,buiten bebouwde kom,Tussen 2 bestuurders: Frontale botsing,Geen hindernis
37111,118,Gent teller 1,Gent,51.028049,3.7681359,2.197547273852926,51.037126338898865,3.7402210836891396,2023,1,11,44021,Gent,Normaal,Onbekend,Dag,met lichtgewonden,9,personenauto,3,Fiets,Buiten Kruispunt,Gemeenteweg,binnen bebouwde kom,Tss. 2 best.: langs opzij (voor-/achterkant-flank),Geen hindernis
37111,119,Gent teller 2,Gent,51.0281795,3.7683918,2.2068760894134916,51.037126338898865,3.7402210836891396,2023,1,11,44021,Gent,Normaal,Onbekend,Dag,met lichtgewonden,9,personenauto,3,Fiets,Buiten Kruispunt,Gemeenteweg,binnen bebouwde kom,Tss. 2 best.: langs opzij (voor-/achterkant-flank),Geen hindernis
37112,13,Gent,Gent,51.03018,3.70146,2.326876188975009,51.012920216117074,3.7202703293098813,2023,1,17,44021,Gent,Regenval,"Nat, plassen","Nacht, openbare verlichting aanwezig en ontstoken",met lichtgewonden,9,personenauto,3,Fiets,Op Kruispunt,Gemeenteweg,buiten bebouwde kom,Tss. 2 best.: langs opzij (voor-/achterkant-flank),Geen hindernis
37115,13,Gent,Gent,51.03018,3.70146,2.2092209706638246,51.041219604032015,3.7277285558577637,2023,1,10,44021,Gent,Onbekend,Onbekend,Dag,met lichtgewonden,3,Fiets,9,personenauto,Op Kruispunt,Gemeenteweg,binnen bebouwde kom,Tss. 2 best.: langs opzij (voor-/achterkant-flank),Geen hindernis
37116,118,Gent teller 1,Gent,51.028049,3.7681359,2.417728105203098,51.04148405844735,3.7409501468809654,2023,1,16,44021,Gent,Regenval,"Nat, plassen",Dag,met lichtgewonden,3,Fiets,9,personenauto,Op Kruispunt,Gewestweg,buiten bebouwde kom,Tss. 2 best.: langs opzij (voor-/achterkant-flank),Geen hindernis
37116,119,Gent teller 2,Gent,51.0281795,3.7683918,2.422932941215352,51.04148405844735,3.7409501468809654,2023,1,16,44021,Gent,Regenval,"Nat, plassen",Dag,met lichtgewonden,3,Fiets,9,personenauto,Op Kruispunt,Gewestweg,buiten bebouwde kom,Tss. 2 best.: langs opzij (voor-/achterkant-flank),Geen hindernis
37117,136,Gent R4,Gent,51.0876313,3.7587918,1.9200112182321685,51.07449325934765,3.740956283359861,2023,1,21,44021,Gent,Normaal,"Nat, plassen","Nacht, openbare verlichting aanwezig en ontstoken",met lichtgewonden,9,personenauto,3,Fiets,Op Kruispunt,Gewestweg,binnen bebouwde kom,Tussen 2 bestuurders: Frontale botsing,Geen hindernis
37121,13,Gent,Gent,51.03018,3.70146,1.478055064936092,51.02574857318214,3.7213856301122186,2023,1,16,44021,Gent,Normaal,Droog,Dag,met lichtgewonden,3,Fiets,9,personenauto,Buiten Kruispunt,Gemeenteweg,binnen bebouwde kom,Tussen 2 bestuurders: Flank tegen flank,Geen hindernis
37122,118,Gent teller 1,Gent,51.028049,3.7681359,1.7775378382602995,51.031525031882566,3.7433261073828037,2023,1,16,44021,Gent,Normaal,Droog,Dag,met lichtgewonden,3,Fiets,9,personenauto,Op Kruispunt,Gewestweg,binnen bebouwde kom,Tss. 2 best.: langs opzij (voor-/achterkant-flank),Geen hindernis
37122,119,Gent teller 2,Gent,51.0281795,3.7683918,1.7919385281393536,51.031525031882566,3.7433261073828037,2023,1,16,44021,Gent,Normaal,Droog,Dag,met lichtgewonden,3,Fiets,9,personenauto,Op Kruispunt,Gewestweg,binnen bebouwde kom,Tss. 2 best.: langs opzij (voor-/achterkant-flank),Geen hindernis
37124,118,Gent teller 1,Gent,51.028049,3.7681359,0.6454857888066513,51.03160876071139,3.7608449118321703,2023,1,18,44021,Gent,Regenval,"Nat, plassen","Nacht, openbare verlichting aanwezig en ontstoken",met lichtgewonden,9,personenauto,3,Fiets,Op Kruispunt,Gewestweg,binnen bebouwde kom,Tss. 2 best.: langs opzij (voor-/achterkant-flank),Geen hindernis
37124,119,Gent teller 2,Gent,51.0281795,3.7683918,0.6511093549573026,51.03160876071139,3.7608449118321703,2023,1,18,44021,Gent,Regenval,"Nat, plassen","Nacht, openbare verlichting aanwezig en ontstoken",met lichtgewonden,9,personenauto,3,Fiets,Op Kruispunt,Gewestweg,binnen bebouwde kom,Tss. 2 best.: langs opzij (voor-/achterkant-flank),Geen hindernis