crash_row_id,site_id,site_name,site_gemeente,site_lat,site_long,distance_km,crash_lat,crash_long,DT_YEAR_COLLISION,DT_MONTH_COLLISION,DT_TIME,CD_NIS,TX_MUNTY_COLLISION_NL,TX_WEATHER_NL,TX_ROAD_CONDITION_NL,TX_LIGHT_CONDITION_NL,TX_CLASS_ACCIDENTS_NL,CD_ROAD_USR_TYPE1,TX_ROAD_USR_TYPE1_NL,CD_ROAD_USR_TYPE2,TX_ROAD_USR_TYPE2_NL,TX_CROSSWAY_NL,CD_ROAD_TYPE_NL,TX_BUILD_UP_AREA_NL,TX_COLLISION_TYPE_NL,TX_OBSTACLES_NL
37126,13,Gent,Gent,51.03018,3.70146,1.7908185230990634,51.04289341525831,3.717182528773647,2023,1,18,44021,Gent,Normaal,Droog,"Nacht, geen openbare verlichting aanwezig",met lichtgewonden,8,Voetganger,3,Fiets,Op Kruispunt,Gewestweg,binnen bebouwde kom,Met een voetganger,Geen hindernis
37128,136,Gent R4,Gent,51.0876313,3.7587918,2.0520061659528666,51.0712964822991,3.7724593829739947,2023,1,10,44021,Gent,Normaal,Droog,Dag,met zwaargewonden,3,Fiets,5,Lichte vrachtauto,Buiten Kruispunt,Gewestweg,binnen bebouwde kom,Tussen 2 bestuurders: Flank tegen flank,Geen hindernis
37129,7,Evergem 1,Evergem,51.1089,3.70317,2.4797233593299226,51.08674232274967,3.7071851931712523,2023,1,12,44021,Gent,Regenval,"Nat, plassen",Dag,met zwaargewonden,9,personenauto,3,Fiets,Op Kruispunt,Gemeenteweg,binnen bebouwde kom,Tussen 2 bestuurders: Frontale botsing,Geen hindernis
37129,6,Evergem 2,Evergem,51.10894,3.70298,2.4856751125435985,51.08674232274967,3.7071851931712523,2023,1,12,44021,Gent,Regenval,"Nat, plassen",Dag,met zwaargewonden,9,personenauto,3,Fiets,Op Kruispunt,Gemeenteweg,binnen bebouwde kom,Tussen 2 bestuurders: Frontale botsing,Geen hindernis
37140,118,Gent teller 1,Gent,51.028049,3.7681359,1.6208336047920204,51.0134729711954,3.7679482388401446,2023,1,8,44043,Merelbeke,Regenval,"Nat, plassen",Dageraad - schemering,met lichtgewonden,9,personenauto,3,Fiets,Buiten Kruispunt,Gemeenteweg,binnen bebouwde kom,Tss. 2 best.: langs opzij (voor-/achterkant-flank),Geen hindernis
37140,119,Gent teller 2,Gent,51.0281795,3.7683918,1.6355856753941467,51.0134729711954,3.7679482388401446,2023,1,8,44043,Merelbeke,Regenval,"Nat, plassen",Dageraad - schemering,met lichtgewonden,9,personenauto,3,Fiets,Buiten Kruispunt,Gemeenteweg,binnen bebouwde kom,Tss. 2 best.: langs opzij (voor-/achterkant-flank),Geen hindernis
37142,118,Gent teller 1,Gent,51.028049,3.7681359,2.119789406986089,51.00941454925607,3.7617410442908663,2023,1,17,44043,Merelbeke,Regenval,"Nat, plassen",Dageraad - schemering,met lichtgewonden,9,personenauto,3,Fiets,Buiten Kruispunt,Gemeenteweg,binnen bebouwde kom,Tss. 2 best.: langs opzij (voor-/achterkant-flank),Geen hindernis
37142,119,Gent teller 2,Gent,51.0281795,3.7683918,2.137799390956094,51.00941454925607,3.7617410442908663,2023,1,17,44043,Merelbeke,Regenval,"Nat, plassen",Dageraad - schemering,met lichtgewonden,9,personenauto,3,Fiets,Buiten Kruispunt,Gemeenteweg,binnen bebouwde kom,Tss. 2 best.: langs opzij (voor-/achterkant-flank),Geen hindernis
37145,116,Melle teller 2,Melle,50.9986113,3.8040599,1.094224145075947,51.00725158844885,3.796575397656709,2023,1,18,44040,Melle,Normaal,Droog,"Nacht, openbare verlichting aanwezig en ontstoken",met lichtgewonden,9,personenauto,3,Fiets,Op Kruispunt,Gewestweg,buiten bebouwde kom,Tss. 2 best.: langs opzij (voor-/achterkant-flank),Geen hindernis
37145,117,Melle teller 1,Melle,50.9986113,3.8040599,1.094224145075947,51.00725158844885,3.796575397656709,2023,1,18,44040,Melle,Normaal,Droog,"Nacht, openbare verlichting aanwezig en ontstoken",met lichtgewonden,9,personenauto,3,Fiets,Op Kruispunt,Gewestweg,buiten bebouwde kom,Tss. 2 best.: langs opzij (voor-/achterkant-flank),Geen hindernis
37152,6,Evergem 2,Evergem,51.10894,3.70298,2.399705841200985,51.12265963165961,3.6764426742455463,2023,1,7,44019,Evergem,Normaal,"Ijzel, sneeuw","Nacht, openbare verlichting aanwezig en ontstoken",met lichtgewonden,3,Fiets,10,"één bestuurder, geen hindernis",Op Kruispunt,Gewestweg,binnen bebouwde kom,"Eén bestuurder, geen hindernis (incl. val)",Geen hindernis
37152,7,Evergem 1,Evergem,51.1089,3.70317,2.4127767191688525,51.12265963165961,3.6764426742455463,2023,1,7,44019,Evergem,Normaal,"Ijzel, sneeuw","Nacht, openbare verlichting aanwezig en ontstoken",met lichtgewonden,3,Fiets,10,"één bestuurder, geen hindernis",Op Kruispunt,Gewestweg,binnen bebouwde kom,"Eén bestuurder, geen hindernis (incl. val)",Geen hindernis
37155,115,Aalter,Aalter,51.1058367,3.4350591,0.34156510995196043,51.10599033996334,3.430172958074111,2023,1,17,44084,Aalter,"Sterke wind, rukwind","Nat, plassen",Dageraad - schemering,met lichtgewonden,3,Fiets,11,een weggebruiker tegen een hindernis,Buiten Kruispunt,Gemeenteweg,binnen bebouwde kom,Weggebruiker tegen hindernis buiten rijbaan,Buiten de rijbaan: Boom
37179,128,Lokeren teller 1,Lokeren,51.09644,3.97023,1.6470464390518453,51.10462730454524,3.989887195368092,2023,1,13,46014,Lokeren,Normaal,"Nat, plassen",Dag,met lichtgewonden,3,Fiets,10,"één bestuurder, geen hindernis",Buiten Kruispunt,Gemeenteweg,binnen bebouwde kom,"Eén bestuurder, geen hindernis (incl. val)",Geen hindernis
37179,129,Lokeren teller 2,Lokeren,51.09612,3.97025,1.6658321830461538,51.10462730454524,3.989887195368092,2023,1,13,46014,Lokeren,Normaal,"Nat, plassen",Dag,met lichtgewonden,3,Fiets,10,"één bestuurder, geen hindernis",Buiten Kruispunt,Gemeenteweg,binnen bebouwde kom,"Eén bestuurder, geen hindernis (incl. val)",Geen hindernis
37179,141,Test site A support,Lokeren,51.08342085,3.9961071208376326,2.397723569160351,51.10462730454524,3.989887195368092,2023,1,13,46014,Lokeren,Normaal,"Nat, plassen",Dag,met lichtgewonden,3,Fiets,10,"één bestuurder, geen hindernis",Buiten Kruispunt,Gemeenteweg,binnen bebouwde kom,"Eén bestuurder, geen hindernis (incl. val)",Geen hindernis
37188,141,Test site A support,Lokeren,51.08342085,3.9961071208376326,1.376389149662657,51.09579897307973,3.9961584124204874,2023,1,16,46014,Lokeren,Regenval,"Nat, plassen",Dag,met lichtgewonden,3,Fiets,9,personenauto,Op Kruispunt,Gemeenteweg,binnen bebouwde kom,Tss. 2 best.: langs opzij (voor-/achterkant-flank),Geen hindernis
37188,129,Lokeren teller 2,Lokeren,51.09612,3.97025,1.8095989451922583,51.09579897307973,3.9961584124204874,2023,1,16,46014,Lokeren,Regenval,"Nat, plassen",Dag,met lichtgewonden,3,Fiets,9,personenauto,Op Kruispunt,Gemeenteweg,binnen bebouwde kom,Tss. 2 best.: langs opzij (voor-/achterkant-flank),Geen hindernis
37188,128,Lokeren teller 1,Lokeren,51.09644,3.97023,1.8120396820554157,51.09579897307973,3.9961584124204874,2023,1,16,46014,Lokeren,Regenval,"Nat, plassen",Dag,met lichtgewonden,3,Fiets,9,personenauto,Op Kruispunt,Gemeenteweg,binnen bebouwde kom,Tss. 2 best.: langs opzij (voor-/achterkant-flank),Geen hindernis
37189,128,Lokeren teller 1,Lokeren,51.09644,3.97023,1.6456006461170503,51.10029972822152,3.9474793691043844,2023,1,14,46014,Lokeren,Normaal,Droog+Proper,Dag,met lichtgewonden,5,Lichte vrachtauto,3,Fiets,Buiten Kruispunt,Gemeenteweg,binnen bebouwde kom,Tss. 2 best.: langs opzij (voor-/achterkant-flank),Geen hindernis
37189,129,Lokeren teller 2,Lokeren,51.09612,3.97025,1.6565829347867063,51.10029972822152,3.9474793691043844,2023,1,14,46014,Lokeren,Normaal,Droog+Proper,Dag,met lichtgewonden,5,Lichte vrachtauto,3,Fiets,Buiten Kruispunt,Gemeenteweg,binnen bebouwde kom,Tss. 2 best.: langs opzij (voor-/achterkant-flank),Geen hindernis
37191,120,Zele teller 1,Zele,51.0607671,4.0547741,2.3493651136871265,51.06557605960486,4.022037425272183,2023,1,16,42028,Zele,Onbekend,Onbekend,Dag,met lichtgewonden,8,Voetganger,3,Fiets,Op Kruispunt,Gemeenteweg,binnen bebouwde kom,Met een voetganger,Geen hindernis
37191,121,Zele teller 2,Zele,51.0604067,4.0556696,2.4195589011906757,51.06557605960486,4.022037425272183,2023,1,16,42028,Zele,Onbekend,Onbekend,Dag,met lichtgewonden,8,Voetganger,3,Fiets,Op Kruispunt,Gemeenteweg,binnen bebouwde kom,Met een voetganger,Geen hindernis
37201,10,Aalst 2,Aalst,50.93549,4.01571,0.9177190857974157,50.942471866911156,4.022694221964765,2023,1,8,41002,Aalst,Regenval,"Nat, plassen",Dag,met lichtgewonden,9,personenauto,3,Fiets,Op Kruispunt,Gemeenteweg,binnen bebouwde kom,Tss. 2 best.: langs opzij (voor-/achterkant-flank),Geen hindernis
37201,11,Aalst 3,Aalst,50.93385,4.01647,1.0532491211022204,50.942471866911156,4.022694221964765,2023,1,8,41002,Aalst,Regenval,"Nat, plassen",Dag,met lichtgewonden,9,personenauto,3,Fiets,Op Kruispunt,Gemeenteweg,binnen bebouwde kom,Tss. 2 best.: langs opzij (voor-/achterkant-flank),Geen hindernis
37201,19,Aalst 1,Aalst,50.93433,4.01471,1.0642463671202893,50.942471866911156,4.022694221964765,2023,1,8,41002,Aalst,Regenval,"Nat, plassen",Dag,met lichtgewonden,9,personenauto,3,Fiets,Op Kruispunt,Gemeenteweg,binnen bebouwde kom,Tss. 2 best.: langs opzij (voor-/achterkant-flank),Geen hindernis
37202,10,Aalst 2,Aalst,50.93549,4.01571,1.4451937703177973,50.943404906668974,3.9993502389754085,2023,1,7,41002,Aalst,Normaal,Droog,Dageraad - schemering,met lichtgewonden,9,personenauto,3,Fiets,Op Kruispunt,Gemeenteweg,binnen bebouwde kom,Tussen 2 bestuurders: Flank tegen flank,Geen hindernis
37202,19,Aalst 1,Aalst,50.93433,4.01471,1.475317578456557,50.943404906668974,3.9993502389754085,2023,1,7,41002,Aalst,Normaal,Droog,Dageraad - schemering,met lichtgewonden,9,personenauto,3,Fiets,Op Kruispunt,Gemeenteweg,binnen bebouwde kom,Tussen 2 bestuurders: Flank tegen flank,Geen hindernis
37202,11,Aalst 3,Aalst,50.93385,4.01647,1.6024360723704898,50.943404906668974,3.9993502389754085,2023,1,7,41002,Aalst,Normaal,Droog,Dageraad - schemering,met lichtgewonden,9,personenauto,3,Fiets,Op Kruispunt,Gemeenteweg,binnen bebouwde kom,Tussen 2 bestuurders: Flank tegen flank,Geen hindernis
37203,11,Aalst 3,Aalst,50.93385,4.01647,2.486736806304199,50.91802802276837,4.041544633068401,2023,1,6,41002,Aalst,Regenval,"Nat, plassen","Nacht, geen openbare verlichting aanwezig",met lichtgewonden,3,Fiets,9,personenauto,Op Kruispunt,Gewestweg,binnen bebouwde kom,Tss. 2 best.: langs opzij (voor-/achterkant-flank),Geen hindernis
37204,11,Aalst 3,Aalst,50.93385,4.01647,1.8587938440227325,50.93085344533701,4.0425645513207975,2023,1,16,41002,Aalst,Normaal,Droog,Dag,met lichtgewonden,3,Fiets,9,personenauto,Op Kruispunt,Gewestweg,binnen bebouwde kom,Tss. 2 best.: langs opzij (voor-/achterkant-flank),Geen hindernis
37204,10,Aalst 2,Aalst,50.93549,4.01571,1.9512556981341573,50.93085344533701,4.0425645513207975,2023,1,16,41002,Aalst,Normaal,Droog,Dag,met lichtgewonden,3,Fiets,9,personenauto,Op Kruispunt,Gewestweg,binnen bebouwde kom,Tss. 2 best.: langs opzij (voor-/achterkant-flank),Geen hindernis
37204,19,Aalst 1,Aalst,50.93433,4.01471,1.9899253594154656,50.93085344533701,4.0425645513207975,2023,1,16,41002,Aalst,Normaal,Droog,Dag,met lichtgewonden,3,Fiets,9,personenauto,Op Kruispunt,Gewestweg,binnen bebouwde kom,Tss. 2 best.: langs opzij (voor-/achterkant-flank),Geen hindernis
37205,11,Aalst 3,Aalst,50.93385,4.01647,1.6758950003739934,50.93821959782895,4.039359002752571,2023,1,8,41002,Aalst,Normaal,Droog,Dag,met lichtgewonden,3,Fiets,6,Bromfiets,Op Kruispunt,Gemeenteweg,binnen bebouwde kom,Tss. 2 best.: langs opzij (voor-/achterkant-flank),Geen hindernis
37205,10,Aalst 2,Aalst,50.93549,4.01571,1.684709457125118,50.93821959782895,4.039359002752571,2023,1,8,41002,Aalst,Normaal,Droog,Dag,met lichtgewonden,3,Fiets,6,Bromfiets,Op Kruispunt,Gemeenteweg,binnen bebouwde kom,Tss. 2 best.: langs opzij (voor-/achterkant-flank),Geen hindernis
37205,19,Aalst 1,Aalst,50.93433,4.01471,1.7805636966268836,50.93821959782895,4.039359002752571,2023,1,8,41002,Aalst,Normaal,Droog,Dag,met lichtgewonden,3,Fiets,6,Bromfiets,Op Kruispunt,Gemeenteweg,binnen bebouwde kom,Tss. 2 best.: langs opzij (voor-/achterkant-flank),Geen hindernis
37206,10,Aalst 2,Aalst,50.93549,4.01571,2.004562283768795,50.9425981759344,4.042000589298295,2023,1,10,41002,Aalst,Normaal,Droog,Dag,met lichtgewonden,3,Fiets,9,personenauto,Op Kruispunt,Gemeenteweg,binnen bebouwde kom,Tss. 2 best.: langs opzij (voor-/achterkant-flank),Geen hindernis
37206,11,Aalst 3,Aalst,50.93385,4.01647,2.0363069778681027,50.9425981759344,4.042000589298295,2023,1,10,41002,Aalst,Normaal,Droog,Dag,met lichtgewonden,3,Fiets,9,personenauto,Op Kruispunt,Gemeenteweg,binnen bebouwde kom,Tss. 2 best.: langs opzij (voor-/achterkant-flank),Geen hindernis
37206,19,Aalst 1,Aalst,50.93433,4.01471,2.1217833642806103,50.9425981759344,4.042000589298295,2023,1,10,41002,Aalst,Normaal,Droog,Dag,met lichtgewonden,3,Fiets,9,personenauto,Op Kruispunt,Gemeenteweg,binnen bebouwde kom,Tss. 2 best.: langs opzij (voor-/achterkant-flank),Geen hindernis
37207,10,Aalst 2,Aalst,50.93549,4.01571,1.719094517912876,50.94472888017174,3.996037962217772,2023,1,7,41082,Erpe-Mere,"Regenval+Sterke wind, rukwind","Nat, plassen","Nacht, openbare verlichting aanwezig en ontstoken",met lichtgewonden,3,Fiets,9,personenauto,Buiten Kruispunt,Gemeenteweg,binnen bebouwde kom,Tussen 2 bestuurders: Langs achteren,Geen hindernis
37207,19,Aalst 1,Aalst,50.93433,4.01471,1.7460631737721473,50.94472888017174,3.996037962217772,2023,1,7,41082,Erpe-Mere,"Regenval+Sterke wind, rukwind","Nat, plassen","Nacht, openbare verlichting aanwezig en ontstoken",met lichtgewonden,3,Fiets,9,personenauto,Buiten Kruispunt,Gemeenteweg,binnen bebouwde kom,Tussen 2 bestuurders: Langs achteren,Geen hindernis
37207,11,Aalst 3,Aalst,50.93385,4.01647,1.8742815674810076,50.94472888017174,3.996037962217772,2023,1,7,41082,Erpe-Mere,"Regenval+Sterke wind, rukwind","Nat, plassen","Nacht, openbare verlichting aanwezig en ontstoken",met lichtgewonden,3,Fiets,9,personenauto,Buiten Kruispunt,Gemeenteweg,binnen bebouwde kom,Tussen 2 bestuurders: Langs achteren,Geen hindernis
37215,125,Dendermonde totem,Dendermonde,51.0372706,4.1025998,1.8064239888507163,51.02278178318851,4.114283379412414,2023,1,16,42006,Dendermonde,Regenval,"Nat, plassen",Dag,met lichtgewonden,3,Fiets,9,personenauto,Op Kruispunt,Gemeenteweg,binnen bebouwde kom,Tss. 2 best.: langs opzij (voor-/achterkant-flank),Geen hindernis
37215,122,Dendermonde teller 2,Dendermonde,51.0373918,4.1019222,1.8402312518375925,51.02278178318851,4.114283379412414,2023,1,16,42006,Dendermonde,Regenval,"Nat, plassen",Dag,met lichtgewonden,3,Fiets,9,personenauto,Op Kruispunt,Gemeenteweg,binnen bebouwde kom,Tss. 2 best.: langs opzij (voor-/achterkant-flank),Geen hindernis
37217,125,Dendermonde totem,Dendermonde,51.0372706,4.1025998,0.8421688778579982,51.03448885207623,4.11380222403247,2023,1,21,42006,Dendermonde,Regenval,"Nat, plassen","Nacht, openbare verlichting aanwezig en ontstoken",met lichtgewonden,3,Fiets,3,Fiets,Buiten Kruispunt,Gewestweg,binnen bebouwde kom,Tussen 2 bestuurders: Frontale botsing,Geen hindernis
37217,122,Dendermonde teller 2,Dendermonde,51.0373918,4.1019222,0.8911994316953129,51.03448885207623,4.11380222403247,2023,1,21,42006,Dendermonde,Regenval,"Nat, plassen","Nacht, openbare verlichting aanwezig en ontstoken",met lichtgewonden,3,Fiets,3,Fiets,Buiten Kruispunt,Gewestweg,binnen bebouwde kom,Tussen 2 bestuurders: Frontale botsing,Geen hindernis
37219,142,TEST Validatie BRUGGE Y2H22022134,Brugge,51.22632,3.24095,2.1938962490934792,51.208693950316324,3.226795640032523,2023,1,7,31005,Brugge,Normaal,Droog,"Nacht, openbare verlichting aanwezig en ontstoken",met lichtgewonden,3,Fiets,3,Fiets,Op Kruispunt,Gemeenteweg,binnen bebouwde kom,Tussen 2 bestuurders: Frontale botsing,Geen hindernis
37219,52,Brugge,Brugge,51.22632,3.24095,2.1938962490934792,51.208693950316324,3.226795640032523,2023,1,7,31005,Brugge,Normaal,Droog,"Nacht, openbare verlichting aanwezig en ontstoken",met lichtgewonden,3,Fiets,3,Fiets,Op Kruispunt,Gemeenteweg,binnen bebouwde kom,Tussen 2 bestuurders: Frontale botsing,Geen hindernis
37219,54,Brugge teller 2,Brugge,51.23015,3.22818,2.3877512285665015,51.208693950316324,3.226795640032523,2023,1,7,31005,Brugge,Normaal,Droog,"Nacht, openbare verlichting aanwezig en ontstoken",met lichtgewonden,3,Fiets,3,Fiets,Op Kruispunt,Gemeenteweg,binnen bebouwde kom,Tussen 2 bestuurders: Frontale botsing,Geen hindernis
37219,53,Brugge teller 1,Brugge,51.23023,3.228,2.3961680101464573,51.208693950316324,3.226795640032523,2023,1,7,31005,Brugge,Normaal,Droog,"Nacht, openbare verlichting aanwezig en ontstoken",met lichtgewonden,3,Fiets,3,Fiets,Op Kruispunt,Gemeenteweg,binnen bebouwde kom,Tussen 2 bestuurders: Frontale botsing,Geen hindernis
37222,54,Brugge teller 2,Brugge,51.23015,3.22818,1.8274177128460503,51.21583278992687,3.215296510055676,2023,1,17,31005,Brugge,Normaal,"Nat, plassen","Nacht, openbare verlichting aanwezig en ontstoken",met lichtgewonden,6,Bromfiets,3,Fiets,Op Kruispunt,Gemeenteweg,binnen bebouwde kom,Tss. 2 best.: langs opzij (voor-/achterkant-flank),Geen hindernis
37222,53,Brugge teller 1,Brugge,51.23023,3.228,1.8290763859166643,51.21583278992687,3.215296510055676,2023,1,17,31005,Brugge,Normaal,"Nat, plassen","Nacht, openbare verlichting aanwezig en ontstoken",met lichtgewonden,6,Bromfiets,3,Fiets,Op Kruispunt,Gemeenteweg,binnen bebouwde kom,Tss. 2 best.: langs opzij (voor-/achterkant-flank),Geen hindernis
37222,52,Brugge,Brugge,51.22632,3.24095,2.1334858414783513,51.21583278992687,3.215296510055676,2023,1,17,31005,Brugge,Normaal,"Nat, plassen","Nacht, openbare verlichting aanwezig en ontstoken",met lichtgewonden,6,Bromfiets,3,Fiets,Op Kruispunt,Gemeenteweg,binnen bebouwde kom,Tss. 2 best.: langs opzij (voor-/achterkant-flank),Geen hindernis
37222,142,TEST Validatie BRUGGE Y2H22022134,Brugge,51.22632,3.24095,2.1334858414783513,51.21583278992687,3.215296510055676,2023,1,17,31005,Brugge,Normaal,"Nat, plassen","Nacht, openbare verlichting aanwezig en ontstoken",met lichtgewonden,6,Bromfiets,3,Fiets,Op Kruispunt,Gemeenteweg,binnen bebouwde kom,Tss. 2 best.: langs opzij (voor-/achterkant-flank),Geen hindernis
37223,20,Brugge,Brugge,51.17416,3.20048,0.8263315134499459,51.171968479535735,3.1891542796030405,2023,1,10,31005,Brugge,Normaal,Droog,Dag,met lichtgewonden,9,personenauto,3,Fiets,Op Kruispunt,Gewestweg,binnen bebouwde kom,Tss. 2 best.: langs opzij (voor-/achterkant-flank),Geen hindernis
37224,50,"Brugge, Sint-Andries",Brugge,51.19291,3.16252,1.968020557543004,51.19888960858573,3.1891024094314924,2023,1,8,31005,Brugge,Regenval,"Nat, plassen",Dageraad - schemering,met lichtgewonden,9,personenauto,3,Fiets,Op Kruispunt,Gewestweg,binnen bebouwde kom,Tussen 2 bestuurders: Flank tegen flank,Geen hindernis
37224,51,"Brugge, Sint-Andries",Brugge,51.19281,3.16252,1.9718069766363093,51.19888960858573,3.1891024094314924,2023,1,8,31005,Brugge,Regenval,"Nat, plassen",Dageraad - schemering,met lichtgewonden,9,personenauto,3,Fiets,Op Kruispunt,Gewestweg,binnen bebouwde kom,Tussen 2 bestuurders: Flank tegen flank,Geen hindernis
37225,20,Brugge,Brugge,51.17416,3.20048,1.0198287086311493,51.18267057717963,3.2059332973638224,2023,1,7,31005,Brugge,Regenval,"Nat, plassen",Dageraad - schemering,met lichtgewonden,9,personenauto,3,Fiets,Buiten Kruispunt,Gewestweg,binnen bebouwde kom,Tussen 2 bestuurders: Flank tegen flank,Geen hindernis
37226,50,"Brugge, Sint-Andries",Brugge,51.19291,3.16252,1.697754359966042,51.198110012834135,3.185427756409651,2023,1,11,31005,Brugge,Normaal,Droog,Dag,met lichtgewonden,9,personenauto,3,Fiets,Op Kruispunt,Gewestweg,binnen bebouwde kom,Tss. 2 best.: langs opzij (voor-/achterkant-flank),Geen hindernis
37226,51,"Brugge, Sint-Andries",Brugge,51.19281,3.16252,1.7015751396000498,51.198110012834135,3.185427756409651,2023,1,11,31005,Brugge,Normaal,Droog,Dag,met lichtgewonden,9,personenauto,3,Fiets,Op Kruispunt,Gewestweg,binnen bebouwde kom,Tss. 2 best.: langs opzij (voor-/achterkant-flank),Geen hindernis
37227,142,TEST Validatie BRUGGE Y2H22022134,Brugge,51.22632,3.24095,2.3779530249787286,51.20497935719879,3.2387412203086843,2023,1,17,31005,Brugge,Regenval,"Nat, plassen","Nacht, openbare verlichting aanwezig en ontstoken",met lichtgewonden,3,Fiets,9,personenauto,Buiten Kruispunt,Gemeenteweg,binnen bebouwde kom,Tussen 2 bestuurders: Flank tegen flank,Geen hindernis
37227,52,Brugge,Brugge,51.22632,3.24095,2.3779530249787286,51.20497935719879,3.2387412203086843,2023,1,17,31005,Brugge,Regenval,"Nat, plassen","Nacht, openbare verlichting aanwezig en ontstoken",met lichtgewonden,3,Fiets,9,personenauto,Buiten Kruispunt,Gemeenteweg,binnen bebouwde kom,Tussen 2 bestuurders: Flank tegen flank,Geen hindernis
37231,20,Brugge,Brugge,51.17416,3.20048,2.4291836644317266,51.17957311108415,3.2342402343963483,2023,1,15,31005,Brugge,Normaal,Droog,Dag,met lichtgewonden,3,Fiets,9,personenauto,Buiten Kruispunt,Gewestweg,binnen bebouwde kom,Tss. 2 best.: langs opzij (voor-/achterkant-flank),Geen hindernis
37232,20,Brugge,Brugge,51.17416,3.20048,1.748999110128453,51.18983899046378,3.1984781342580844,2023,1,16,31005,Brugge,Regenval,"Nat, plassen",Dageraad - schemering,met lichtgewonden,9,personenauto,3,Fiets,Op Kruispunt,Gewestweg,binnen bebouwde kom,Tss. 2 best.: langs opzij (voor-/achterkant-flank),Geen hindernis
37236,20,Brugge,Brugge,51.17416,3.20048,2.1288044730120386,51.15609037718317,3.1903927271199954,2023,1,9,31040,Zedelgem,Normaal,Droog,Dag,met lichtgewonden,9,personenauto,3,Fiets,Buiten Kruispunt,Gemeenteweg,binnen bebouwde kom,Tussen 2 bestuurders: Flank tegen flank,Geen hindernis
37245,59,Ardooie teller 1,Ardooie,50.96784,3.18479,0.9079585675251068,50.97207882603686,3.1958726547397616,2023,1,15,37020,Ardooie,Normaal,Droog,Dag,met lichtgewonden,3,Fiets,5,Lichte vrachtauto,Buiten Kruispunt,Gewestweg,buiten bebouwde kom,Tss. 2 best.: langs opzij (voor-/achterkant-flank),Geen hindernis
37245,60,Ardooie teller 2,Ardooie,50.96783,3.18411,0.9495303739303439,50.97207882603686,3.1958726547397616,2023,1,15,37020,Ardooie,Normaal,Droog,Dag,met lichtgewonden,3,Fiets,5,Lichte vrachtauto,Buiten Kruispunt,Gewestweg,buiten bebouwde kom,Tss. 2 best.: langs opzij (voor-/achterkant-flank),Geen hindernis
37247,18,Oostende 1,Oostende,51.21378,2.92765,2.348088107504296,51.23463835057032,2.9223901536819707,2023,1,15,35013,Oostende,Normaal,Droog,Dag,dodelijk gewonden,3,Fiets,10,"één bestuurder, geen hindernis",Buiten Kruispunt,Gemeenteweg,binnen bebouwde kom,"Eén bestuurder, geen hindernis (incl. val)",Geen hindernis
37247,15,Oostende 2,Oostende,51.21371,2.92743,2.3534433740787426,51.23463835057032,2.9223901536819707,2023,1,15,35013,Oostende,Normaal,Droog,Dag,dodelijk gewonden,3,Fiets,10,"één bestuurder, geen hindernis",Buiten Kruispunt,Gemeenteweg,binnen bebouwde kom,"Eén bestuurder, geen hindernis (incl. val)",Geen hindernis
37248,15,Oostende 2,Oostende,51.21371,2.92743,1.5589787364941325,51.22084781102051,2.9081645877213838,2023,1,16,35013,Oostende,Onbekend,"Nat, plassen",Dag,met lichtgewonden,3,Fiets,5,Lichte vrachtauto,Op Kruispunt,Gewestweg,binnen bebouwde kom,Tss. 2 best.: langs opzij (voor-/achterkant-flank),Geen hindernis
37248,18,Oostende 1,Oostende,51.21378,2.92765,1.5682705292441346,51.22084781102051,2.9081645877213838,2023,1,16,35013,Oostende,Onbekend,"Nat, plassen",Dag,met lichtgewonden,3,Fiets,5,Lichte vrachtauto,Op Kruispunt,Gewestweg,binnen bebouwde kom,Tss. 2 best.: langs opzij (voor-/achterkant-flank),Geen hindernis
37249,15,Oostende 2,Oostende,51.21371,2.92743,1.7233143372430693,51.224054584924566,2.9090049970840983,2023,1,17,35013,Oostende,Regenval,"Nat, plassen","Nacht, openbare verlichting aanwezig en ontstoken",met lichtgewonden,3,Fiets,9,personenauto,Op Kruispunt,Gewestweg,binnen bebouwde kom,Tss. 2 best.: langs opzij (voor-/achterkant-flank),Geen hindernis
37249,18,Oostende 1,Oostende,51.21378,2.92765,1.7296019200192034,51.224054584924566,2.9090049970840983,2023,1,17,35013,Oostende,Regenval,"Nat, plassen","Nacht, openbare verlichting aanwezig en ontstoken",met lichtgewonden,3,Fiets,9,personenauto,Op Kruispunt,Gewestweg,binnen bebouwde kom,Tss. 2 best.: langs opzij (voor-/achterkant-flank),Geen hindernis
37250,18,Oostende 1,Oostende,51.21378,2.92765,2.2633942781598995,51.21031580473882,2.9596694264077525,2023,1,14,35013,Oostende,Normaal,Droog,Dag,met lichtgewonden,4,Vrachtwagen,3,Fiets,Buiten Kruispunt,Gemeenteweg,buiten bebouwde kom,Tss. 2 best.: langs opzij (voor-/achterkant-flank),Geen hindernis
37250,15,Oostende 2,Oostende,51.21371,2.92743,2.2771954478931926,51.21031580473882,2.9596694264077525,2023,1,14,35013,Oostende,Normaal,Droog,Dag,met lichtgewonden,4,Vrachtwagen,3,Fiets,Buiten Kruispunt,Gemeenteweg,buiten bebouwde kom,Tss. 2 best.: langs opzij (voor-/achterkant-flank),Geen hindernis