crash_row_id,site_id,site_name,site_gemeente,site_lat,site_long,distance_km,crash_lat,crash_long,DT_YEAR_COLLISION,DT_MONTH_COLLISION,DT_TIME,CD_NIS,TX_MUNTY_COLLISION_NL,TX_WEATHER_NL,TX_ROAD_CONDITION_NL,TX_LIGHT_CONDITION_NL,TX_CLASS_ACCIDENTS_NL,CD_ROAD_USR_TYPE1,TX_ROAD_USR_TYPE1_NL,CD_ROAD_USR_TYPE2,TX_ROAD_USR_TYPE2_NL,TX_CROSSWAY_NL,CD_ROAD_TYPE_NL,TX_BUILD_UP_AREA_NL,TX_COLLISION_TYPE_NL,TX_OBSTACLES_NL
37251,18,Oostende 1,Oostende,51.21378,2.92765,2.1863215833621763,51.23010098400781,2.9451567768774534,2023,1,19,35013,Oostende,Normaal,"Nat, plassen","Nacht, openbare verlichting aanwezig en ontstoken",met lichtgewonden,3,Fiets,9,personenauto,Buiten Kruispunt,Gemeenteweg,binnen bebouwde kom,Tussen 2 bestuurders: Flank tegen flank,Geen hindernis
37251,15,Oostende 2,Oostende,51.21371,2.92743,2.2013429736297097,51.23010098400781,2.9451567768774534,2023,1,19,35013,Oostende,Normaal,"Nat, plassen","Nacht, openbare verlichting aanwezig en ontstoken",met lichtgewonden,3,Fiets,9,personenauto,Buiten Kruispunt,Gemeenteweg,binnen bebouwde kom,Tussen 2 bestuurders: Flank tegen flank,Geen hindernis
37252,18,Oostende 1,Oostende,51.21378,2.92765,1.400371842224167,51.223202656892106,2.940990331945133,2023,1,9,35013,Oostende,"Sterke wind, rukwind",Droog,Dag,met lichtgewonden,3,Fiets,9,personenauto,Op Kruispunt,Gewestweg,buiten bebouwde kom,Tss. 2 best.: langs opzij (voor-/achterkant-flank),Geen hindernis
37252,15,Oostende 2,Oostende,51.21371,2.92743,1.4163760900482736,51.223202656892106,2.940990331945133,2023,1,9,35013,Oostende,"Sterke wind, rukwind",Droog,Dag,met lichtgewonden,3,Fiets,9,personenauto,Op Kruispunt,Gewestweg,buiten bebouwde kom,Tss. 2 best.: langs opzij (voor-/achterkant-flank),Geen hindernis
37253,18,Oostende 1,Oostende,51.21378,2.92765,1.900843788428615,51.228571103513914,2.941333854763963,2023,1,11,35013,Oostende,Normaal,Droog,Dag,met zwaargewonden,3,Fiets,99,onbekend,Op Kruispunt,Gewestweg,binnen bebouwde kom,Tss. 2 best.: langs opzij (voor-/achterkant-flank),Geen hindernis
37253,15,Oostende 2,Oostende,51.21371,2.92743,1.915283181323258,51.228571103513914,2.941333854763963,2023,1,11,35013,Oostende,Normaal,Droog,Dag,met zwaargewonden,3,Fiets,99,onbekend,Op Kruispunt,Gewestweg,binnen bebouwde kom,Tss. 2 best.: langs opzij (voor-/achterkant-flank),Geen hindernis
37257,56,Torhout teller 2,Torhout,51.07147,3.08244,1.560358144526405,51.06019648395705,3.095736693670373,2023,1,10,31033,Torhout,Normaal,"Ijzel, sneeuw",Dag,met lichtgewonden,9,personenauto,3,Fiets,Op Kruispunt,Gewestweg,buiten bebouwde kom,Tss. 2 best.: langs opzij (voor-/achterkant-flank),Geen hindernis
37257,55,Torhout teller 1,Torhout,51.07161,3.08261,1.5659030520663457,51.06019648395705,3.095736693670373,2023,1,10,31033,Torhout,Normaal,"Ijzel, sneeuw",Dag,met lichtgewonden,9,personenauto,3,Fiets,Op Kruispunt,Gewestweg,buiten bebouwde kom,Tss. 2 best.: langs opzij (voor-/achterkant-flank),Geen hindernis
37258,55,Torhout teller 1,Torhout,51.07161,3.08261,1.964617431958252,51.06122441931404,3.105355276530528,2023,1,10,31033,Torhout,Normaal,Droog,Dag,met lichtgewonden,3,Fiets,11,een weggebruiker tegen een hindernis,Buiten Kruispunt,Gemeenteweg,binnen bebouwde kom,Weggebruiker tegen hindernis buiten rijbaan,Andere hindernis
37258,56,Torhout teller 2,Torhout,51.07147,3.08244,1.9651764557247535,51.06122441931404,3.105355276530528,2023,1,10,31033,Torhout,Normaal,Droog,Dag,met lichtgewonden,3,Fiets,11,een weggebruiker tegen een hindernis,Buiten Kruispunt,Gemeenteweg,binnen bebouwde kom,Weggebruiker tegen hindernis buiten rijbaan,Andere hindernis
37260,84,Roeselare totem,Izegem,50.91717,3.18772,1.3158735492574292,50.919481882732875,3.1693104095759357,2023,1,16,36015,Roeselare,Normaal,Droog,Dag,met lichtgewonden,9,personenauto,3,Fiets,Buiten Kruispunt,Gemeenteweg,buiten bebouwde kom,Tss. 2 best.: langs opzij (voor-/achterkant-flank),Geen hindernis
37262,84,Roeselare totem,Izegem,50.91717,3.18772,2.3821593981534415,50.92719832969876,3.217751590476466,2023,1,12,36008,Izegem,Normaal,Droog,Dag,met lichtgewonden,5,Lichte vrachtauto,3,Fiets,Op Kruispunt,Gemeenteweg,binnen bebouwde kom,Tussen 2 bestuurders: Flank tegen flank,Geen hindernis
37265,84,Roeselare totem,Izegem,50.91717,3.18772,2.393507494000414,50.916241449353926,3.2218310475680916,2023,1,8,36008,Izegem,Normaal,Onbekend,"Nacht, openbare verlichting aanwezig en ontstoken",met lichtgewonden,9,personenauto,3,Fiets,Buiten Kruispunt,Gewestweg,binnen bebouwde kom,Tussen 2 bestuurders: Flank tegen flank,Geen hindernis
37269,61,Wervik teller 2,Wervik,50.80555,3.0921,2.4539747814327932,50.792754939707685,3.120549834920096,2023,1,21,34027,Menen,Onbekend,Droog,"Nacht, openbare verlichting aanwezig en ontstoken",met lichtgewonden,3,Fiets,10,"één bestuurder, geen hindernis",Buiten Kruispunt,Gemeenteweg,binnen bebouwde kom,"Eén bestuurder, geen hindernis (incl. val)",Geen hindernis
37271,143,Eco Display Classic Budastraat,Kortrijk,50.83066,3.26286,0.43160296459169606,50.82703294499752,3.2606717092510955,2023,1,13,34022,Kortrijk,Normaal,Droog,Dag,met lichtgewonden,9,personenauto,3,Fiets,Buiten Kruispunt,Gemeenteweg,binnen bebouwde kom,Tss. 2 best.: langs opzij (voor-/achterkant-flank),Geen hindernis
37271,75,Kortrijk teller 2,Kortrijk,50.81925,3.25731,0.8970619728605181,50.82703294499752,3.2606717092510955,2023,1,13,34022,Kortrijk,Normaal,Droog,Dag,met lichtgewonden,9,personenauto,3,Fiets,Buiten Kruispunt,Gemeenteweg,binnen bebouwde kom,Tss. 2 best.: langs opzij (voor-/achterkant-flank),Geen hindernis
37271,74,Kortrijk teller 1,Kortrijk,50.81909,3.25728,0.9147843581303524,50.82703294499752,3.2606717092510955,2023,1,13,34022,Kortrijk,Normaal,Droog,Dag,met lichtgewonden,9,personenauto,3,Fiets,Buiten Kruispunt,Gemeenteweg,binnen bebouwde kom,Tss. 2 best.: langs opzij (voor-/achterkant-flank),Geen hindernis
37271,16,Kortrijk 1,Kortrijk,50.83332,3.27777,1.389533100293836,50.82703294499752,3.2606717092510955,2023,1,13,34022,Kortrijk,Normaal,Droog,Dag,met lichtgewonden,9,personenauto,3,Fiets,Buiten Kruispunt,Gemeenteweg,binnen bebouwde kom,Tss. 2 best.: langs opzij (voor-/achterkant-flank),Geen hindernis
37271,17,Kortrijk 2,Kortrijk,50.83339,3.27773,1.391044298958255,50.82703294499752,3.2606717092510955,2023,1,13,34022,Kortrijk,Normaal,Droog,Dag,met lichtgewonden,9,personenauto,3,Fiets,Buiten Kruispunt,Gemeenteweg,binnen bebouwde kom,Tss. 2 best.: langs opzij (voor-/achterkant-flank),Geen hindernis
37272,75,Kortrijk teller 2,Kortrijk,50.81925,3.25731,0.24657450575686748,50.82114959589914,3.255499108088185,2023,1,16,34022,Kortrijk,Regenval,"Nat, plassen",Dag,met lichtgewonden,9,personenauto,3,Fiets,Op Kruispunt,Gemeenteweg,binnen bebouwde kom,Tss. 2 best.: langs opzij (voor-/achterkant-flank),Geen hindernis
37272,74,Kortrijk teller 1,Kortrijk,50.81909,3.25728,0.2609592467721657,50.82114959589914,3.255499108088185,2023,1,16,34022,Kortrijk,Regenval,"Nat, plassen",Dag,met lichtgewonden,9,personenauto,3,Fiets,Op Kruispunt,Gemeenteweg,binnen bebouwde kom,Tss. 2 best.: langs opzij (voor-/achterkant-flank),Geen hindernis
37272,143,Eco Display Classic Budastraat,Kortrijk,50.83066,3.26286,1.17713199628939,50.82114959589914,3.255499108088185,2023,1,16,34022,Kortrijk,Regenval,"Nat, plassen",Dag,met lichtgewonden,9,personenauto,3,Fiets,Op Kruispunt,Gemeenteweg,binnen bebouwde kom,Tss. 2 best.: langs opzij (voor-/achterkant-flank),Geen hindernis
37272,16,Kortrijk 1,Kortrijk,50.83332,3.27777,2.068397606665707,50.82114959589914,3.255499108088185,2023,1,16,34022,Kortrijk,Regenval,"Nat, plassen",Dag,met lichtgewonden,9,personenauto,3,Fiets,Op Kruispunt,Gemeenteweg,binnen bebouwde kom,Tss. 2 best.: langs opzij (voor-/achterkant-flank),Geen hindernis
37272,17,Kortrijk 2,Kortrijk,50.83339,3.27773,2.071379001689145,50.82114959589914,3.255499108088185,2023,1,16,34022,Kortrijk,Regenval,"Nat, plassen",Dag,met lichtgewonden,9,personenauto,3,Fiets,Op Kruispunt,Gemeenteweg,binnen bebouwde kom,Tss. 2 best.: langs opzij (voor-/achterkant-flank),Geen hindernis
37273,17,Kortrijk 2,Kortrijk,50.83339,3.27773,0.8903645270331069,50.83887426018771,3.2684918315512883,2023,1,14,34022,Kortrijk,Regenval,"Nat, plassen",Dag,met lichtgewonden,3,Fiets,3,Fiets,Op Kruispunt,Gemeenteweg,binnen bebouwde kom,Tussen 2 bestuurders: Flank tegen flank,Geen hindernis
37273,16,Kortrijk 1,Kortrijk,50.83332,3.27777,0.8977505017179531,50.83887426018771,3.2684918315512883,2023,1,14,34022,Kortrijk,Regenval,"Nat, plassen",Dag,met lichtgewonden,3,Fiets,3,Fiets,Op Kruispunt,Gemeenteweg,binnen bebouwde kom,Tussen 2 bestuurders: Flank tegen flank,Geen hindernis
37273,143,Eco Display Classic Budastraat,Kortrijk,50.83066,3.26286,0.9953351965840611,50.83887426018771,3.2684918315512883,2023,1,14,34022,Kortrijk,Regenval,"Nat, plassen",Dag,met lichtgewonden,3,Fiets,3,Fiets,Op Kruispunt,Gemeenteweg,binnen bebouwde kom,Tussen 2 bestuurders: Flank tegen flank,Geen hindernis
37273,75,Kortrijk teller 2,Kortrijk,50.81925,3.25731,2.319141862463997,50.83887426018771,3.2684918315512883,2023,1,14,34022,Kortrijk,Regenval,"Nat, plassen",Dag,met lichtgewonden,3,Fiets,3,Fiets,Op Kruispunt,Gemeenteweg,binnen bebouwde kom,Tussen 2 bestuurders: Flank tegen flank,Geen hindernis
37273,74,Kortrijk teller 1,Kortrijk,50.81909,3.25728,2.3365993586385585,50.83887426018771,3.2684918315512883,2023,1,14,34022,Kortrijk,Regenval,"Nat, plassen",Dag,met lichtgewonden,3,Fiets,3,Fiets,Op Kruispunt,Gemeenteweg,binnen bebouwde kom,Tussen 2 bestuurders: Flank tegen flank,Geen hindernis
37274,143,Eco Display Classic Budastraat,Kortrijk,50.83066,3.26286,0.6429045839584785,50.83185017102487,3.2539019593998404,2023,1,19,34022,Kortrijk,Onbekend,Onbekend,Dageraad - schemering,met lichtgewonden,9,personenauto,3,Fiets,Op Kruispunt,Gewestweg,binnen bebouwde kom,Tss. 2 best.: langs opzij (voor-/achterkant-flank),Geen hindernis
37274,75,Kortrijk teller 2,Kortrijk,50.81925,3.25731,1.4213777116728874,50.83185017102487,3.2539019593998404,2023,1,19,34022,Kortrijk,Onbekend,Onbekend,Dageraad - schemering,met lichtgewonden,9,personenauto,3,Fiets,Op Kruispunt,Gewestweg,binnen bebouwde kom,Tss. 2 best.: langs opzij (voor-/achterkant-flank),Geen hindernis
37274,74,Kortrijk teller 1,Kortrijk,50.81909,3.25728,1.438568904665621,50.83185017102487,3.2539019593998404,2023,1,19,34022,Kortrijk,Onbekend,Onbekend,Dageraad - schemering,met lichtgewonden,9,personenauto,3,Fiets,Op Kruispunt,Gewestweg,binnen bebouwde kom,Tss. 2 best.: langs opzij (voor-/achterkant-flank),Geen hindernis
37274,17,Kortrijk 2,Kortrijk,50.83339,3.27773,1.682165211546907,50.83185017102487,3.2539019593998404,2023,1,19,34022,Kortrijk,Onbekend,Onbekend,Dageraad - schemering,met lichtgewonden,9,personenauto,3,Fiets,Op Kruispunt,Gewestweg,binnen bebouwde kom,Tss. 2 best.: langs opzij (voor-/achterkant-flank),Geen hindernis
37274,16,Kortrijk 1,Kortrijk,50.83332,3.27777,1.6841879194483773,50.83185017102487,3.2539019593998404,2023,1,19,34022,Kortrijk,Onbekend,Onbekend,Dageraad - schemering,met lichtgewonden,9,personenauto,3,Fiets,Op Kruispunt,Gewestweg,binnen bebouwde kom,Tss. 2 best.: langs opzij (voor-/achterkant-flank),Geen hindernis
37276,143,Eco Display Classic Budastraat,Kortrijk,50.83066,3.26286,0.3081560381121492,50.83335401162717,3.2618308838932895,2023,1,1,34022,Kortrijk,Normaal,Droog,"Nacht, openbare verlichting aanwezig en ontstoken",met lichtgewonden,3,Fiets,10,"één bestuurder, geen hindernis",Buiten Kruispunt,Gemeenteweg,binnen bebouwde kom,"Eén bestuurder, geen hindernis (incl. val)",Geen hindernis
37276,17,Kortrijk 2,Kortrijk,50.83339,3.27773,1.1165742735856257,50.83335401162717,3.2618308838932895,2023,1,1,34022,Kortrijk,Normaal,Droog,"Nacht, openbare verlichting aanwezig en ontstoken",met lichtgewonden,3,Fiets,10,"één bestuurder, geen hindernis",Buiten Kruispunt,Gemeenteweg,binnen bebouwde kom,"Eén bestuurder, geen hindernis (incl. val)",Geen hindernis
37276,16,Kortrijk 1,Kortrijk,50.83332,3.27777,1.11938346077803,50.83335401162717,3.2618308838932895,2023,1,1,34022,Kortrijk,Normaal,Droog,"Nacht, openbare verlichting aanwezig en ontstoken",met lichtgewonden,3,Fiets,10,"één bestuurder, geen hindernis",Buiten Kruispunt,Gemeenteweg,binnen bebouwde kom,"Eén bestuurder, geen hindernis (incl. val)",Geen hindernis
37276,75,Kortrijk teller 2,Kortrijk,50.81925,3.25731,1.6001189287893074,50.83335401162717,3.2618308838932895,2023,1,1,34022,Kortrijk,Normaal,Droog,"Nacht, openbare verlichting aanwezig en ontstoken",met lichtgewonden,3,Fiets,10,"één bestuurder, geen hindernis",Buiten Kruispunt,Gemeenteweg,binnen bebouwde kom,"Eén bestuurder, geen hindernis (incl. val)",Geen hindernis
37276,74,Kortrijk teller 1,Kortrijk,50.81909,3.25728,1.6179752089700525,50.83335401162717,3.2618308838932895,2023,1,1,34022,Kortrijk,Normaal,Droog,"Nacht, openbare verlichting aanwezig en ontstoken",met lichtgewonden,3,Fiets,10,"één bestuurder, geen hindernis",Buiten Kruispunt,Gemeenteweg,binnen bebouwde kom,"Eén bestuurder, geen hindernis (incl. val)",Geen hindernis
37278,17,Kortrijk 2,Kortrijk,50.83339,3.27773,1.3100032633739374,50.84260484352355,3.266106473174459,2023,1,16,34022,Kortrijk,Normaal,"Nat, plassen",Dag,met lichtgewonden,9,personenauto,3,Fiets,Op Kruispunt,Gewestweg,binnen bebouwde kom,Tss. 2 best.: langs opzij (voor-/achterkant-flank),Geen hindernis
37278,16,Kortrijk 1,Kortrijk,50.83332,3.27777,1.3178445412611257,50.84260484352355,3.266106473174459,2023,1,16,34022,Kortrijk,Normaal,"Nat, plassen",Dag,met lichtgewonden,9,personenauto,3,Fiets,Op Kruispunt,Gewestweg,binnen bebouwde kom,Tss. 2 best.: langs opzij (voor-/achterkant-flank),Geen hindernis
37278,143,Eco Display Classic Budastraat,Kortrijk,50.83066,3.26286,1.3476294880404027,50.84260484352355,3.266106473174459,2023,1,16,34022,Kortrijk,Normaal,"Nat, plassen",Dag,met lichtgewonden,9,personenauto,3,Fiets,Op Kruispunt,Gewestweg,binnen bebouwde kom,Tss. 2 best.: langs opzij (voor-/achterkant-flank),Geen hindernis
37279,16,Kortrijk 1,Kortrijk,50.83332,3.27777,1.768268935853021,50.82427957188481,3.2984823270169277,2023,1,7,34022,Kortrijk,Normaal,Droog,"Nacht, openbare verlichting aanwezig en ontstoken",met lichtgewonden,5,Lichte vrachtauto,3,Fiets,Buiten Kruispunt,Gemeenteweg,buiten bebouwde kom,Tss. 2 best.: langs opzij (voor-/achterkant-flank),Geen hindernis
37279,17,Kortrijk 2,Kortrijk,50.83339,3.27773,1.775010761619081,50.82427957188481,3.2984823270169277,2023,1,7,34022,Kortrijk,Normaal,Droog,"Nacht, openbare verlichting aanwezig en ontstoken",met lichtgewonden,5,Lichte vrachtauto,3,Fiets,Buiten Kruispunt,Gemeenteweg,buiten bebouwde kom,Tss. 2 best.: langs opzij (voor-/achterkant-flank),Geen hindernis
37280,75,Kortrijk teller 2,Kortrijk,50.81925,3.25731,0.8701977073422593,50.82243495729064,3.2686253668738536,2023,1,12,34022,Kortrijk,Normaal,Droog,Dag,met lichtgewonden,3,Fiets,10,"één bestuurder, geen hindernis",Buiten Kruispunt,Gewestweg,binnen bebouwde kom,"Eén bestuurder, geen hindernis (incl. val)",Geen hindernis
37280,74,Kortrijk teller 1,Kortrijk,50.81909,3.25728,0.8794992764887221,50.82243495729064,3.2686253668738536,2023,1,12,34022,Kortrijk,Normaal,Droog,Dag,met lichtgewonden,3,Fiets,10,"één bestuurder, geen hindernis",Buiten Kruispunt,Gewestweg,binnen bebouwde kom,"Eén bestuurder, geen hindernis (incl. val)",Geen hindernis
37280,143,Eco Display Classic Budastraat,Kortrijk,50.83066,3.26286,1.0002236112397274,50.82243495729064,3.2686253668738536,2023,1,12,34022,Kortrijk,Normaal,Droog,Dag,met lichtgewonden,3,Fiets,10,"één bestuurder, geen hindernis",Buiten Kruispunt,Gewestweg,binnen bebouwde kom,"Eén bestuurder, geen hindernis (incl. val)",Geen hindernis
37280,16,Kortrijk 1,Kortrijk,50.83332,3.27777,1.3702218217798907,50.82243495729064,3.2686253668738536,2023,1,12,34022,Kortrijk,Normaal,Droog,Dag,met lichtgewonden,3,Fiets,10,"één bestuurder, geen hindernis",Buiten Kruispunt,Gewestweg,binnen bebouwde kom,"Eén bestuurder, geen hindernis (incl. val)",Geen hindernis
37280,17,Kortrijk 2,Kortrijk,50.83339,3.27773,1.3757938774510845,50.82243495729064,3.2686253668738536,2023,1,12,34022,Kortrijk,Normaal,Droog,Dag,met lichtgewonden,3,Fiets,10,"één bestuurder, geen hindernis",Buiten Kruispunt,Gewestweg,binnen bebouwde kom,"Eén bestuurder, geen hindernis (incl. val)",Geen hindernis
37288,67,Ieper totem,Ieper,50.85018,2.85624,1.7733648942396332,50.858828844428125,2.8774653875964638,2023,1,8,33011,Ieper,Normaal,Droog,Dag,met lichtgewonden,4,Vrachtwagen,3,Fiets,Op Kruispunt,Gewestweg,binnen bebouwde kom,Tussen 2 bestuurders: Flank tegen flank,Geen hindernis
37288,68,Ieper,Ieper,50.85032,2.85608,1.7744607289694105,50.858828844428125,2.8774653875964638,2023,1,8,33011,Ieper,Normaal,Droog,Dag,met lichtgewonden,4,Vrachtwagen,3,Fiets,Op Kruispunt,Gewestweg,binnen bebouwde kom,Tussen 2 bestuurders: Flank tegen flank,Geen hindernis
37289,67,Ieper totem,Ieper,50.85018,2.85624,2.211866601599517,50.85543521859515,2.8866290399491894,2023,1,13,33011,Ieper,Normaal,Droog,Dag,met lichtgewonden,3,Fiets,9,personenauto,Op Kruispunt,Gewestweg,binnen bebouwde kom,Tss. 2 best.: langs opzij (voor-/achterkant-flank),Geen hindernis
37289,68,Ieper,Ieper,50.85032,2.85608,2.2186564121595476,50.85543521859515,2.8866290399491894,2023,1,13,33011,Ieper,Normaal,Droog,Dag,met lichtgewonden,3,Fiets,9,personenauto,Op Kruispunt,Gewestweg,binnen bebouwde kom,Tss. 2 best.: langs opzij (voor-/achterkant-flank),Geen hindernis
37290,67,Ieper totem,Ieper,50.85018,2.85624,2.4798574077347584,50.85561524745028,2.8905010042011026,2023,1,9,33011,Ieper,Normaal,"Nat, plassen",Dag,met lichtgewonden,9,personenauto,3,Fiets,Op Kruispunt,Gemeenteweg,binnen bebouwde kom,Tss. 2 best.: langs opzij (voor-/achterkant-flank),Geen hindernis
37290,68,Ieper,Ieper,50.85032,2.85608,2.487017046945461,50.85561524745028,2.8905010042011026,2023,1,9,33011,Ieper,Normaal,"Nat, plassen",Dag,met lichtgewonden,9,personenauto,3,Fiets,Op Kruispunt,Gemeenteweg,binnen bebouwde kom,Tss. 2 best.: langs opzij (voor-/achterkant-flank),Geen hindernis
37293,67,Ieper totem,Ieper,50.85018,2.85624,1.5128621481967663,50.84448325666249,2.8758086517066936,2023,1,2,33011,Ieper,Normaal,Droog,"Nacht, openbare verlichting aanwezig en ontstoken",met lichtgewonden,3,Fiets,10,"één bestuurder, geen hindernis",Buiten Kruispunt,Gewestweg,binnen bebouwde kom,"Eén bestuurder, geen hindernis (incl. val)",Geen hindernis
37293,68,Ieper,Ieper,50.85032,2.85608,1.5296085815030562,50.84448325666249,2.8758086517066936,2023,1,2,33011,Ieper,Normaal,Droog,"Nacht, openbare verlichting aanwezig en ontstoken",met lichtgewonden,3,Fiets,10,"één bestuurder, geen hindernis",Buiten Kruispunt,Gewestweg,binnen bebouwde kom,"Eén bestuurder, geen hindernis (incl. val)",Geen hindernis
37294,67,Ieper totem,Ieper,50.85018,2.85624,0.9365771542399409,50.8425252219605,2.8618054864265243,2023,1,10,33011,Ieper,Normaal,Droog,Dag,met lichtgewonden,3,Fiets,11,een weggebruiker tegen een hindernis,Op Kruispunt,Gemeenteweg,buiten bebouwde kom,Weggebruiker tegen hindernis op de rijbaan,"Op de rijbaan: Werken (signal., aarde, toestel,…)"
37294,68,Ieper,Ieper,50.85032,2.85608,0.955418499019148,50.8425252219605,2.8618054864265243,2023,1,10,33011,Ieper,Normaal,Droog,Dag,met lichtgewonden,3,Fiets,11,een weggebruiker tegen een hindernis,Op Kruispunt,Gemeenteweg,buiten bebouwde kom,Weggebruiker tegen hindernis op de rijbaan,"Op de rijbaan: Werken (signal., aarde, toestel,…)"
37295,62,Wervik teller 1,Wervik,50.8058,3.09154,2.1381447192174865,50.80160207268916,3.0618476181529246,2023,1,12,33029,Wervik,Normaal,"Nat, plassen",Dag,met lichtgewonden,3,Fiets,9,personenauto,Buiten Kruispunt,Gewestweg,binnen bebouwde kom,Tussen 2 bestuurders: Langs achteren,Geen hindernis
37295,61,Wervik teller 2,Wervik,50.80555,3.0921,2.1707788812904028,50.80160207268916,3.0618476181529246,2023,1,12,33029,Wervik,Normaal,"Nat, plassen",Dag,met lichtgewonden,3,Fiets,9,personenauto,Buiten Kruispunt,Gewestweg,binnen bebouwde kom,Tussen 2 bestuurders: Langs achteren,Geen hindernis
37298,67,Ieper totem,Ieper,50.85018,2.85624,2.2046208544921817,50.85522014575421,2.8866135305815486,2023,1,6,33011,Ieper,Normaal,Droog,"Nacht, openbare verlichting aanwezig en ontstoken",met lichtgewonden,9,personenauto,3,Fiets,Op Kruispunt,Gewestweg,binnen bebouwde kom,Tss. 2 best.: langs opzij (voor-/achterkant-flank),Geen hindernis
37298,68,Ieper,Ieper,50.85032,2.85608,2.211595778169153,50.85522014575421,2.8866135305815486,2023,1,6,33011,Ieper,Normaal,Droog,"Nacht, openbare verlichting aanwezig en ontstoken",met lichtgewonden,9,personenauto,3,Fiets,Op Kruispunt,Gewestweg,binnen bebouwde kom,Tss. 2 best.: langs opzij (voor-/achterkant-flank),Geen hindernis
37300,41,Maasmechelen teller 1,Maasmechelen,50.97025,5.69799,0.8174372568206676,50.96289887204879,5.698088535084777,2023,1,15,73107,Maasmechelen,Regenval,"Nat, plassen",Dag,met lichtgewonden,9,personenauto,3,Fiets,Op Kruispunt,Gewestweg,binnen bebouwde kom,Tss. 2 best.: langs opzij (voor-/achterkant-flank),Geen hindernis
37300,42,Maasmechelen teller 2,Maasmechelen,50.97043,5.6981,0.837423604946508,50.96289887204879,5.698088535084777,2023,1,15,73107,Maasmechelen,Regenval,"Nat, plassen",Dag,met lichtgewonden,9,personenauto,3,Fiets,Op Kruispunt,Gewestweg,binnen bebouwde kom,Tss. 2 best.: langs opzij (voor-/achterkant-flank),Geen hindernis
37301,42,Maasmechelen teller 2,Maasmechelen,50.97043,5.6981,0.4259306663795453,50.9720653507201,5.692599296391783,2023,1,8,73107,Maasmechelen,Normaal,Droog,Dag,met lichtgewonden,3,Fiets,9,personenauto,Op Kruispunt,Gemeenteweg,binnen bebouwde kom,Tss. 2 best.: langs opzij (voor-/achterkant-flank),Geen hindernis
37301,41,Maasmechelen teller 1,Maasmechelen,50.97025,5.69799,0.42804597974655606,50.9720653507201,5.692599296391783,2023,1,8,73107,Maasmechelen,Normaal,Droog,Dag,met lichtgewonden,3,Fiets,9,personenauto,Op Kruispunt,Gemeenteweg,binnen bebouwde kom,Tss. 2 best.: langs opzij (voor-/achterkant-flank),Geen hindernis
37302,41,Maasmechelen teller 1,Maasmechelen,50.97025,5.69799,2.467634220897838,50.955538296278135,5.724369973842339,2023,1,7,73107,Maasmechelen,Onbekend,"Ijzel, sneeuw",Dageraad - schemering,met zwaargewonden,3,Fiets,6,Bromfiets,Buiten Kruispunt,Gemeenteweg,buiten bebouwde kom,Tussen 2 bestuurders: Frontale botsing,Geen hindernis
37302,42,Maasmechelen teller 2,Maasmechelen,50.97043,5.6981,2.4752141191251473,50.955538296278135,5.724369973842339,2023,1,7,73107,Maasmechelen,Onbekend,"Ijzel, sneeuw",Dageraad - schemering,met zwaargewonden,3,Fiets,6,Bromfiets,Buiten Kruispunt,Gemeenteweg,buiten bebouwde kom,Tussen 2 bestuurders: Frontale botsing,Geen hindernis
37303,36,Lanaken teller 2,Lanaken,50.88131,5.63012,1.2918900537625437,50.87016656147416,5.624910107166914,2023,1,19,73042,Lanaken,Normaal,Onbekend,"Nacht, openbare verlichting aanwezig en ontstoken",met lichtgewonden,3,Fiets,9,personenauto,Op Kruispunt,Gewestweg,buiten bebouwde kom,Tss. 2 best.: langs opzij (voor-/achterkant-flank),Geen hindernis
37303,35,Lanaken teller 1,Lanaken,50.88112,5.6314,1.3003063736188831,50.87016656147416,5.624910107166914,2023,1,19,73042,Lanaken,Normaal,Onbekend,"Nacht, openbare verlichting aanwezig en ontstoken",met lichtgewonden,3,Fiets,9,personenauto,Op Kruispunt,Gewestweg,buiten bebouwde kom,Tss. 2 best.: langs opzij (voor-/achterkant-flank),Geen hindernis
37307,124,Beveren teller 2,Beveren,51.1964712,4.2361077,0.3151019420933156,51.199296770698915,4.235763730976023,2023,1,8,46003,Beveren,Onbekend,Onbekend,Onbekend,met lichtgewonden,3,Fiets,3,Fiets,Buiten Kruispunt,Gemeenteweg,buiten bebouwde kom,Tussen 2 bestuurders: Langs achteren,Geen hindernis
37310,105,St. pieters leeuw teller 2,Halle,50.75509,4.24943,0.3376106497695919,50.75317971281194,4.253160259132606,2023,1,16,23027,Halle,Regenval,"Nat, plassen",Dageraad - schemering,met lichtgewonden,3,Fiets,9,personenauto,Op Kruispunt,Gemeenteweg,buiten bebouwde kom,Tss. 2 best.: langs opzij (voor-/achterkant-flank),Geen hindernis
37310,106,St. pieters leeuw teller 1,Sint-Pieters-Leeuw,50.75533,4.24951,0.3508677110611765,50.75317971281194,4.253160259132606,2023,1,16,23027,Halle,Regenval,"Nat, plassen",Dageraad - schemering,met lichtgewonden,3,Fiets,9,personenauto,Op Kruispunt,Gemeenteweg,buiten bebouwde kom,Tss. 2 best.: langs opzij (voor-/achterkant-flank),Geen hindernis
37312,140,Hasselt ring,Hasselt,50.9300038,5.3438616,0.6470003565165396,50.926993336337496,5.335961590455009,2023,1,7,71022,Hasselt,Normaal,Droog,"Nacht, openbare verlichting aanwezig en ontstoken",met lichtgewonden,3,Fiets,5,Lichte vrachtauto,Buiten Kruispunt,Gewestweg,binnen bebouwde kom,Tussen 2 bestuurders: Flank tegen flank,Geen hindernis