crash_row_id,site_id,site_name,site_gemeente,site_lat,site_long,distance_km,crash_lat,crash_long,DT_YEAR_COLLISION,DT_MONTH_COLLISION,DT_TIME,CD_NIS,TX_MUNTY_COLLISION_NL,TX_WEATHER_NL,TX_ROAD_CONDITION_NL,TX_LIGHT_CONDITION_NL,TX_CLASS_ACCIDENTS_NL,CD_ROAD_USR_TYPE1,TX_ROAD_USR_TYPE1_NL,CD_ROAD_USR_TYPE2,TX_ROAD_USR_TYPE2_NL,TX_CROSSWAY_NL,CD_ROAD_TYPE_NL,TX_BUILD_UP_AREA_NL,TX_COLLISION_TYPE_NL,TX_OBSTACLES_NL
37312,138,Hasselt-Kempische brug,Hasselt,50.9405318,5.3422472,1.5685263296143825,50.926993336337496,5.335961590455009,2023,1,7,71022,Hasselt,Normaal,Droog,"Nacht, openbare verlichting aanwezig en ontstoken",met lichtgewonden,3,Fiets,5,Lichte vrachtauto,Buiten Kruispunt,Gewestweg,binnen bebouwde kom,Tussen 2 bestuurders: Flank tegen flank,Geen hindernis
37312,137,Hasselt-Kempische brug,Hasselt,50.9411605,5.3417576,1.6268351373118333,50.926993336337496,5.335961590455009,2023,1,7,71022,Hasselt,Normaal,Droog,"Nacht, openbare verlichting aanwezig en ontstoken",met lichtgewonden,3,Fiets,5,Lichte vrachtauto,Buiten Kruispunt,Gewestweg,binnen bebouwde kom,Tussen 2 bestuurders: Flank tegen flank,Geen hindernis
37314,140,Hasselt ring,Hasselt,50.9300038,5.3438616,0.8404801647797588,50.92253883975134,5.345743521633107,2023,1,9,71022,Hasselt,Normaal,Droog,Dag,met lichtgewonden,9,personenauto,3,Fiets,Op Kruispunt,Gemeenteweg,binnen bebouwde kom,Tussen 2 bestuurders: Frontale botsing,Geen hindernis
37314,138,Hasselt-Kempische brug,Hasselt,50.9405318,5.3422472,2.015673771746727,50.92253883975134,5.345743521633107,2023,1,9,71022,Hasselt,Normaal,Droog,Dag,met lichtgewonden,9,personenauto,3,Fiets,Op Kruispunt,Gemeenteweg,binnen bebouwde kom,Tussen 2 bestuurders: Frontale botsing,Geen hindernis
37314,137,Hasselt-Kempische brug,Hasselt,50.9411605,5.3417576,2.0893905420059244,50.92253883975134,5.345743521633107,2023,1,9,71022,Hasselt,Normaal,Droog,Dag,met lichtgewonden,9,personenauto,3,Fiets,Op Kruispunt,Gemeenteweg,binnen bebouwde kom,Tussen 2 bestuurders: Frontale botsing,Geen hindernis
37316,140,Hasselt ring,Hasselt,50.9300038,5.3438616,0.6248591935046832,50.93230523745707,5.335727405305926,2023,1,9,71022,Hasselt,Normaal,"Nat, plassen",Dag,met lichtgewonden,3,Fiets,9,personenauto,Op Kruispunt,Gemeenteweg,binnen bebouwde kom,Tss. 2 best.: langs opzij (voor-/achterkant-flank),Geen hindernis
37316,138,Hasselt-Kempische brug,Hasselt,50.9405318,5.3422472,1.0224941398923508,50.93230523745707,5.335727405305926,2023,1,9,71022,Hasselt,Normaal,"Nat, plassen",Dag,met lichtgewonden,3,Fiets,9,personenauto,Op Kruispunt,Gemeenteweg,binnen bebouwde kom,Tss. 2 best.: langs opzij (voor-/achterkant-flank),Geen hindernis
37316,137,Hasselt-Kempische brug,Hasselt,50.9411605,5.3417576,1.0714969022994605,50.93230523745707,5.335727405305926,2023,1,9,71022,Hasselt,Normaal,"Nat, plassen",Dag,met lichtgewonden,3,Fiets,9,personenauto,Op Kruispunt,Gemeenteweg,binnen bebouwde kom,Tss. 2 best.: langs opzij (voor-/achterkant-flank),Geen hindernis
37317,140,Hasselt ring,Hasselt,50.9300038,5.3438616,1.2134329798495653,50.92457969974681,5.328838452449648,2023,1,12,71022,Hasselt,Normaal,"Nat, plassen",Dag,met lichtgewonden,5,Lichte vrachtauto,3,Fiets,Buiten Kruispunt,Gemeenteweg,binnen bebouwde kom,Tussen 2 bestuurders: Flank tegen flank,Geen hindernis
37317,138,Hasselt-Kempische brug,Hasselt,50.9405318,5.3422472,2.0073167726457957,50.92457969974681,5.328838452449648,2023,1,12,71022,Hasselt,Normaal,"Nat, plassen",Dag,met lichtgewonden,5,Lichte vrachtauto,3,Fiets,Buiten Kruispunt,Gemeenteweg,binnen bebouwde kom,Tussen 2 bestuurders: Flank tegen flank,Geen hindernis
37317,137,Hasselt-Kempische brug,Hasselt,50.9411605,5.3417576,2.0539956268733293,50.92457969974681,5.328838452449648,2023,1,12,71022,Hasselt,Normaal,"Nat, plassen",Dag,met lichtgewonden,5,Lichte vrachtauto,3,Fiets,Buiten Kruispunt,Gemeenteweg,binnen bebouwde kom,Tussen 2 bestuurders: Flank tegen flank,Geen hindernis
37319,137,Hasselt-Kempische brug,Hasselt,50.9411605,5.3417576,1.9390909121478586,50.93732799341496,5.31476010011937,2023,1,18,71022,Hasselt,Normaal,"Nat, plassen","Nacht, openbare verlichting aanwezig en ontstoken",met lichtgewonden,9,personenauto,3,Fiets,Op Kruispunt,Gewestweg,buiten bebouwde kom,Tss. 2 best.: langs opzij (voor-/achterkant-flank),Geen hindernis
37319,138,Hasselt-Kempische brug,Hasselt,50.9405318,5.3422472,1.9586718074106035,50.93732799341496,5.31476010011937,2023,1,18,71022,Hasselt,Normaal,"Nat, plassen","Nacht, openbare verlichting aanwezig en ontstoken",met lichtgewonden,9,personenauto,3,Fiets,Op Kruispunt,Gewestweg,buiten bebouwde kom,Tss. 2 best.: langs opzij (voor-/achterkant-flank),Geen hindernis
37319,140,Hasselt ring,Hasselt,50.9300038,5.3438616,2.195957153803106,50.93732799341496,5.31476010011937,2023,1,18,71022,Hasselt,Normaal,"Nat, plassen","Nacht, openbare verlichting aanwezig en ontstoken",met lichtgewonden,9,personenauto,3,Fiets,Op Kruispunt,Gewestweg,buiten bebouwde kom,Tss. 2 best.: langs opzij (voor-/achterkant-flank),Geen hindernis
37326,49,Bokrijk,Genk,50.95264,5.41001,1.777024492404114,50.957409804815924,5.434223407518923,2023,1,22,71016,Genk,Normaal,Droog,"Nacht, openbare verlichting aanwezig en ontstoken",met lichtgewonden,3,Fiets,11,een weggebruiker tegen een hindernis,Buiten Kruispunt,Gewestweg,buiten bebouwde kom,Weggebruiker tegen hindernis op de rijbaan,Op de rijbaan: Lading
37327,49,Bokrijk,Genk,50.95264,5.41001,0.06256988158124158,50.952510258175664,5.4091408336286,2023,1,8,71016,Genk,Normaal,Droog,Dag,met lichtgewonden,3,Fiets,10,"één bestuurder, geen hindernis",Buiten Kruispunt,Gewestweg,buiten bebouwde kom,"Eén bestuurder, geen hindernis (incl. val)",Geen hindernis
37329,14,Genk,Genk,50.97172,5.48927,2.445450375911145,50.950273562458676,5.481537686080943,2023,1,14,71016,Genk,Normaal,Droog,Dag,met lichtgewonden,4,Vrachtwagen,3,Fiets,Buiten Kruispunt,Gemeenteweg,buiten bebouwde kom,Tussen 2 bestuurders: Langs achteren,Geen hindernis
37331,139,Houthalen-Helchteren,Houthalen-Helchteren,51.0644267,5.3819796,2.2188777492485787,51.04450898875109,5.380043749808313,2023,1,7,72039,Houthalen-Helchteren,Normaal,"Nat, plassen","Nacht, openbare verlichting aanwezig en ontstoken",met lichtgewonden,9,personenauto,3,Fiets,Buiten Kruispunt,Gewestweg,binnen bebouwde kom,Tss. 2 best.: langs opzij (voor-/achterkant-flank),Geen hindernis
37332,14,Genk,Genk,50.97172,5.48927,1.3554578978496135,50.965814389244116,5.50620365528493,2023,1,10,71016,Genk,Normaal,"Nat, plassen",Dag,met lichtgewonden,3,Fiets,10,"één bestuurder, geen hindernis",Buiten Kruispunt,Gewestweg,binnen bebouwde kom,"Eén bestuurder, geen hindernis (incl. val)",Geen hindernis
37333,25,Bree,Bree,51.13679500160176,5.597669323604317,0.793079002903055,51.13471503643422,5.586796725742939,2023,1,12,72004,Bree,Normaal,Droog,Dag,met lichtgewonden,9,personenauto,3,Fiets,Buiten Kruispunt,Gewestweg,buiten bebouwde kom,Tss. 2 best.: langs opzij (voor-/achterkant-flank),Geen hindernis
37335,14,Genk,Genk,50.97172,5.48927,1.3095148859658894,50.961268428448214,5.4978879770036,2023,1,13,71016,Genk,Normaal,"Vuil (zand, grint, bladeren,...)",Dag,met zwaargewonden,3,Fiets,10,"één bestuurder, geen hindernis",Op Kruispunt,Gemeenteweg,buiten bebouwde kom,"Eén bestuurder, geen hindernis (incl. val)",Geen hindernis
37336,24,Tienen 1,Tienen,50.8133795491886,4.935044252605416,0.03633002609112147,50.813052895083395,4.935054930539256,2023,1,18,24107,Tienen,Onbekend,"Nat, plassen","Nacht, openbare verlichting aanwezig en ontstoken",met lichtgewonden,9,personenauto,3,Fiets,Buiten Kruispunt,Gewestweg,binnen bebouwde kom,Tss. 2 best.: langs opzij (voor-/achterkant-flank),Geen hindernis
37336,23,Tienen 3,Tienen,50.81324,4.93447,0.04606268387374441,50.813052895083395,4.935054930539256,2023,1,18,24107,Tienen,Onbekend,"Nat, plassen","Nacht, openbare verlichting aanwezig en ontstoken",met lichtgewonden,9,personenauto,3,Fiets,Buiten Kruispunt,Gewestweg,binnen bebouwde kom,Tss. 2 best.: langs opzij (voor-/achterkant-flank),Geen hindernis
37336,22,Tienen 2,Tienen,50.81330800184882,4.935984252796022,0.07118866724700154,50.813052895083395,4.935054930539256,2023,1,18,24107,Tienen,Onbekend,"Nat, plassen","Nacht, openbare verlichting aanwezig en ontstoken",met lichtgewonden,9,personenauto,3,Fiets,Buiten Kruispunt,Gewestweg,binnen bebouwde kom,Tss. 2 best.: langs opzij (voor-/achterkant-flank),Geen hindernis
37337,22,Tienen 2,Tienen,50.81330800184882,4.935984252796022,1.5439861826985937,50.80222670598541,4.9492250065338,2023,1,7,24107,Tienen,Normaal,"Nat, plassen","Nacht, geen openbare verlichting aanwezig",met lichtgewonden,9,personenauto,3,Fiets,Op Kruispunt,Gewestweg,binnen bebouwde kom,Tss. 2 best.: langs opzij (voor-/achterkant-flank),Geen hindernis
37337,24,Tienen 1,Tienen,50.8133795491886,4.935044252605416,1.5908579079881855,50.80222670598541,4.9492250065338,2023,1,7,24107,Tienen,Normaal,"Nat, plassen","Nacht, geen openbare verlichting aanwezig",met lichtgewonden,9,personenauto,3,Fiets,Op Kruispunt,Gewestweg,binnen bebouwde kom,Tss. 2 best.: langs opzij (voor-/achterkant-flank),Geen hindernis
37337,23,Tienen 3,Tienen,50.81324,4.93447,1.6045647886586285,50.80222670598541,4.9492250065338,2023,1,7,24107,Tienen,Normaal,"Nat, plassen","Nacht, geen openbare verlichting aanwezig",met lichtgewonden,9,personenauto,3,Fiets,Op Kruispunt,Gewestweg,binnen bebouwde kom,Tss. 2 best.: langs opzij (voor-/achterkant-flank),Geen hindernis
37340,22,Tienen 2,Tienen,50.81330800184882,4.935984252796022,1.0539957602132164,50.80713125973624,4.947362755176639,2023,1,8,24107,Tienen,Normaal,"Nat, plassen",Dageraad - schemering,met lichtgewonden,9,personenauto,3,Fiets,Op Kruispunt,Gewestweg,binnen bebouwde kom,Tss. 2 best.: langs opzij (voor-/achterkant-flank),Geen hindernis
37340,24,Tienen 1,Tienen,50.8133795491886,4.935044252605416,1.1098954492651554,50.80713125973624,4.947362755176639,2023,1,8,24107,Tienen,Normaal,"Nat, plassen",Dageraad - schemering,met lichtgewonden,9,personenauto,3,Fiets,Op Kruispunt,Gewestweg,binnen bebouwde kom,Tss. 2 best.: langs opzij (voor-/achterkant-flank),Geen hindernis
37340,23,Tienen 3,Tienen,50.81324,4.93447,1.1322648479848025,50.80713125973624,4.947362755176639,2023,1,8,24107,Tienen,Normaal,"Nat, plassen",Dageraad - schemering,met lichtgewonden,9,personenauto,3,Fiets,Op Kruispunt,Gewestweg,binnen bebouwde kom,Tss. 2 best.: langs opzij (voor-/achterkant-flank),Geen hindernis
37341,23,Tienen 3,Tienen,50.81324,4.93447,0.9640420190238443,50.8045899886549,4.933542648735966,2023,1,19,24107,Tienen,Regenval,"Nat, plassen","Nacht, openbare verlichting aanwezig en ontstoken",met zwaargewonden,9,personenauto,3,Fiets,Buiten Kruispunt,Gemeenteweg,binnen bebouwde kom,Tss. 2 best.: langs opzij (voor-/achterkant-flank),Geen hindernis
37341,24,Tienen 1,Tienen,50.8133795491886,4.935044252605416,0.9830332020302746,50.8045899886549,4.933542648735966,2023,1,19,24107,Tienen,Regenval,"Nat, plassen","Nacht, openbare verlichting aanwezig en ontstoken",met zwaargewonden,9,personenauto,3,Fiets,Buiten Kruispunt,Gemeenteweg,binnen bebouwde kom,Tss. 2 best.: langs opzij (voor-/achterkant-flank),Geen hindernis
37341,22,Tienen 2,Tienen,50.81330800184882,4.935984252796022,0.9844626433302124,50.8045899886549,4.933542648735966,2023,1,19,24107,Tienen,Regenval,"Nat, plassen","Nacht, openbare verlichting aanwezig en ontstoken",met zwaargewonden,9,personenauto,3,Fiets,Buiten Kruispunt,Gemeenteweg,binnen bebouwde kom,Tss. 2 best.: langs opzij (voor-/achterkant-flank),Geen hindernis
37342,22,Tienen 2,Tienen,50.81330800184882,4.935984252796022,1.1818707011332303,50.803906858111134,4.943831630199674,2023,1,8,24107,Tienen,Normaal,Droog,Dageraad - schemering,met lichtgewonden,3,Fiets,9,personenauto,Buiten Kruispunt,Gemeenteweg,binnen bebouwde kom,Tss. 2 best.: langs opzij (voor-/achterkant-flank),Geen hindernis
37342,24,Tienen 1,Tienen,50.8133795491886,4.935044252605416,1.2209489036857257,50.803906858111134,4.943831630199674,2023,1,8,24107,Tienen,Normaal,Droog,Dageraad - schemering,met lichtgewonden,3,Fiets,9,personenauto,Buiten Kruispunt,Gemeenteweg,binnen bebouwde kom,Tss. 2 best.: langs opzij (voor-/achterkant-flank),Geen hindernis
37342,23,Tienen 3,Tienen,50.81324,4.93447,1.2287089946388972,50.803906858111134,4.943831630199674,2023,1,8,24107,Tienen,Normaal,Droog,Dageraad - schemering,met lichtgewonden,3,Fiets,9,personenauto,Buiten Kruispunt,Gemeenteweg,binnen bebouwde kom,Tss. 2 best.: langs opzij (voor-/achterkant-flank),Geen hindernis
37343,113,Deinze teller 2,Deinze,50.96018,3.55578,2.020827312112172,50.973803296223394,3.536679733421614,2023,1,8,44083,Deinze,Onbekend,Onbekend,Onbekend,met lichtgewonden,3,Fiets,9,personenauto,Op Kruispunt,Gewestweg,onbekend,Tss. 2 best.: langs opzij (voor-/achterkant-flank),Geen hindernis
37343,114,Deinze teller 1,Nazareth,50.9598305,3.555502,2.037476353452733,50.973803296223394,3.536679733421614,2023,1,8,44083,Deinze,Onbekend,Onbekend,Onbekend,met lichtgewonden,3,Fiets,9,personenauto,Op Kruispunt,Gewestweg,onbekend,Tss. 2 best.: langs opzij (voor-/achterkant-flank),Geen hindernis
37368,2,Brasschaat 2,Brasschaat,51.27512,4.47169,1.4767442650097333,51.27842214592973,4.45112662615891,2023,2,15,11002,Antwerpen,Normaal,Droog,Dag,met lichtgewonden,3,Fiets,3,Fiets,Buiten Kruispunt,Gemeenteweg,binnen bebouwde kom,Tussen 2 bestuurders: Frontale botsing,Geen hindernis
37368,3,Brasschaat 1,Brasschaat,51.27503,4.47222,1.5149425395331289,51.27842214592973,4.45112662615891,2023,2,15,11002,Antwerpen,Normaal,Droog,Dag,met lichtgewonden,3,Fiets,3,Fiets,Buiten Kruispunt,Gemeenteweg,binnen bebouwde kom,Tussen 2 bestuurders: Frontale botsing,Geen hindernis
37437,3,Brasschaat 1,Brasschaat,51.27503,4.47222,2.149886622709053,51.28974631873684,4.492268343111775,2023,2,15,11008,Brasschaat,Normaal,Droog,Dag,met lichtgewonden,9,personenauto,3,Fiets,Op Kruispunt,Gewestweg,binnen bebouwde kom,Tss. 2 best.: langs opzij (voor-/achterkant-flank),Geen hindernis
37437,2,Brasschaat 2,Brasschaat,51.27512,4.47169,2.166451735427997,51.28974631873684,4.492268343111775,2023,2,15,11008,Brasschaat,Normaal,Droog,Dag,met lichtgewonden,9,personenauto,3,Fiets,Op Kruispunt,Gewestweg,binnen bebouwde kom,Tss. 2 best.: langs opzij (voor-/achterkant-flank),Geen hindernis
37461,96,Lier teller 2,Lier,51.11705,4.58444,1.7699525281438735,51.125165336210095,4.606256080355117,2023,2,13,12021,Lier,Normaal,"Nat, plassen",Dag,met lichtgewonden,9,personenauto,3,Fiets,Op Kruispunt,Gewestweg,buiten bebouwde kom,Tss. 2 best.: langs opzij (voor-/achterkant-flank),Geen hindernis
37461,95,Lier teller 1,Lier,51.11687,4.58437,1.7844232030226932,51.125165336210095,4.606256080355117,2023,2,13,12021,Lier,Normaal,"Nat, plassen",Dag,met lichtgewonden,9,personenauto,3,Fiets,Op Kruispunt,Gewestweg,buiten bebouwde kom,Tss. 2 best.: langs opzij (voor-/achterkant-flank),Geen hindernis
37464,9,Heist op den Berg 2,Heist-op-den-Berg,51.06904,4.69524,0.5077582853905168,51.071369529096124,4.701490293919839,2023,2,8,12014,Heist-op-den-Berg,Normaal,Droog,Dag,met lichtgewonden,3,Fiets,9,personenauto,Op Kruispunt,Gewestweg,binnen bebouwde kom,Tss. 2 best.: langs opzij (voor-/achterkant-flank),Geen hindernis
37464,8,Heist op den Berg 1,Heist-op-den-Berg,51.06759,4.68823,1.0173874393531757,51.071369529096124,4.701490293919839,2023,2,8,12014,Heist-op-den-Berg,Normaal,Droog,Dag,met lichtgewonden,3,Fiets,9,personenauto,Op Kruispunt,Gewestweg,binnen bebouwde kom,Tss. 2 best.: langs opzij (voor-/achterkant-flank),Geen hindernis
37465,9,Heist op den Berg 2,Heist-op-den-Berg,51.06904,4.69524,0.1935367536317446,51.06972238590636,4.697788099750858,2023,2,9,12014,Heist-op-den-Berg,Normaal,Droog,Dag,met zwaargewonden,3,Fiets,5,Lichte vrachtauto,Op Kruispunt,Gewestweg,binnen bebouwde kom,Tussen 2 bestuurders: Frontale botsing,Geen hindernis
37465,8,Heist op den Berg 1,Heist-op-den-Berg,51.06759,4.68823,0.7087011156083146,51.06972238590636,4.697788099750858,2023,2,9,12014,Heist-op-den-Berg,Normaal,Droog,Dag,met zwaargewonden,3,Fiets,5,Lichte vrachtauto,Op Kruispunt,Gewestweg,binnen bebouwde kom,Tussen 2 bestuurders: Frontale botsing,Geen hindernis
37474,133,Gierde Lille Totem,Lille,51.2453915,4.8297416,0.581485876334189,51.24338340715591,4.822028328068011,2023,2,17,13019,Lille,Normaal,Droog,Dag,met lichtgewonden,3,Fiets,3,Fiets,Buiten Kruispunt,Gewestweg,binnen bebouwde kom,Tussen 2 bestuurders: Flank tegen flank,Geen hindernis
37474,132,Gierde lille,Lille,51.245445,4.8298851,0.5929952273024696,51.24338340715591,4.822028328068011,2023,2,17,13019,Lille,Normaal,Droog,Dag,met lichtgewonden,3,Fiets,3,Fiets,Buiten Kruispunt,Gewestweg,binnen bebouwde kom,Tussen 2 bestuurders: Flank tegen flank,Geen hindernis
37480,89,Westerlo teller 2,Westerlo,51.08191,4.91334,0.6969914831564471,51.07592027938604,4.910399177223495,2023,2,16,13013,Herselt,Normaal,Droog,Dag,met lichtgewonden,3,Fiets,8,Voetganger,Buiten Kruispunt,Gewestweg,buiten bebouwde kom,Met een voetganger,Geen hindernis
37480,88,Westerlo teller 1,Westerlo,51.082,4.91325,0.7047581187747703,51.07592027938604,4.910399177223495,2023,2,16,13013,Herselt,Normaal,Droog,Dag,met lichtgewonden,3,Fiets,8,Voetganger,Buiten Kruispunt,Gewestweg,buiten bebouwde kom,Met een voetganger,Geen hindernis
37493,4,Balen 1,Balen,51.16023,5.19011,1.7366676618658443,51.172472160547805,5.174643606813979,2023,2,18,13003,Balen,Normaal,Droog,Dageraad - schemering,met lichtgewonden,9,personenauto,3,Fiets,Op Kruispunt,Gemeenteweg,buiten bebouwde kom,Tss. 2 best.: langs opzij (voor-/achterkant-flank),Geen hindernis
37493,5,Balen 2,Balen,51.16018,5.19003,1.7375797831974895,51.172472160547805,5.174643606813979,2023,2,18,13003,Balen,Normaal,Droog,Dageraad - schemering,met lichtgewonden,9,personenauto,3,Fiets,Op Kruispunt,Gemeenteweg,buiten bebouwde kom,Tss. 2 best.: langs opzij (voor-/achterkant-flank),Geen hindernis
37496,135,Retie 2,Dessel,51.2544998,5.1040064,1.790019179825643,51.23889627321826,5.110331568528895,2023,2,18,13006,Dessel,Normaal,Droog,"Nacht, openb. verlicht. aanw., maar niet ontstoken",met lichtgewonden,9,personenauto,3,Fiets,Buiten Kruispunt,Gemeenteweg,binnen bebouwde kom,Tss. 2 best.: langs opzij (voor-/achterkant-flank),Geen hindernis
37496,134,Retie,Dessel,51.2548405,5.1037658,1.8308711283994141,51.23889627321826,5.110331568528895,2023,2,18,13006,Dessel,Normaal,Droog,"Nacht, openb. verlicht. aanw., maar niet ontstoken",met lichtgewonden,9,personenauto,3,Fiets,Buiten Kruispunt,Gemeenteweg,binnen bebouwde kom,Tss. 2 best.: langs opzij (voor-/achterkant-flank),Geen hindernis
37497,5,Balen 2,Balen,51.16018,5.19003,1.989133106184667,51.17274839091936,5.169729635796525,2023,2,13,13003,Balen,Normaal,Droog,Dag,met lichtgewonden,9,personenauto,3,Fiets,Op Kruispunt,Gewestweg,binnen bebouwde kom,Tss. 2 best.: langs opzij (voor-/achterkant-flank),Geen hindernis
37497,4,Balen 1,Balen,51.16023,5.19011,1.989211270169711,51.17274839091936,5.169729635796525,2023,2,13,13003,Balen,Normaal,Droog,Dag,met lichtgewonden,9,personenauto,3,Fiets,Op Kruispunt,Gewestweg,binnen bebouwde kom,Tss. 2 best.: langs opzij (voor-/achterkant-flank),Geen hindernis
37499,94,Herentals teller 2,Herentals,51.17345,4.81283,0.8776749139838264,51.17418925347259,4.825364176445935,2023,2,15,13011,Herentals,Normaal,Droog,Dag,met lichtgewonden,3,Fiets,9,personenauto,Op Kruispunt,Gemeenteweg,binnen bebouwde kom,Tss. 2 best.: langs opzij (voor-/achterkant-flank),Geen hindernis
37499,110,Herentals totem,Herentals,51.1739426,4.811783,0.9472004841998428,51.17418925347259,4.825364176445935,2023,2,15,13011,Herentals,Normaal,Droog,Dag,met lichtgewonden,3,Fiets,9,personenauto,Op Kruispunt,Gemeenteweg,binnen bebouwde kom,Tss. 2 best.: langs opzij (voor-/achterkant-flank),Geen hindernis
37502,94,Herentals teller 2,Herentals,51.17345,4.81283,1.6931982241840693,51.17939170623051,4.835193499435379,2023,2,6,13011,Herentals,Normaal,Droog,"Nacht, openbare verlichting aanwezig en ontstoken",met lichtgewonden,3,Fiets,9,personenauto,Op Kruispunt,Gewestweg,binnen bebouwde kom,Tss. 2 best.: langs opzij (voor-/achterkant-flank),Geen hindernis
37502,110,Herentals totem,Herentals,51.1739426,4.811783,1.7408079448979883,51.17939170623051,4.835193499435379,2023,2,6,13011,Herentals,Normaal,Droog,"Nacht, openbare verlichting aanwezig en ontstoken",met lichtgewonden,3,Fiets,9,personenauto,Op Kruispunt,Gewestweg,binnen bebouwde kom,Tss. 2 best.: langs opzij (voor-/achterkant-flank),Geen hindernis
37504,37,Lommel teller 1,Lommel,51.23299,5.29211,1.238447581004988,51.23069053006716,5.309513671690106,2023,2,13,72020,Lommel,Normaal,Droog,Dag,met lichtgewonden,3,Fiets,9,personenauto,Op Kruispunt,Gewestweg,binnen bebouwde kom,Tussen 2 bestuurders: Frontale botsing,Geen hindernis
37504,38,Lommel teller 2,Lommel,51.23277,5.29189,1.2486818566482227,51.23069053006716,5.309513671690106,2023,2,13,72020,Lommel,Normaal,Droog,Dag,met lichtgewonden,3,Fiets,9,personenauto,Op Kruispunt,Gewestweg,binnen bebouwde kom,Tussen 2 bestuurders: Frontale botsing,Geen hindernis
37505,38,Lommel teller 2,Lommel,51.23277,5.29189,1.8341093844985825,51.218280530459005,5.279304178200118,2023,2,5,72020,Lommel,Normaal,Droog,"Nacht, geen openbare verlichting aanwezig",met lichtgewonden,3,Fiets,9,personenauto,Buiten Kruispunt,Gemeenteweg,buiten bebouwde kom,Tss. 2 best.: langs opzij (voor-/achterkant-flank),Geen hindernis
37505,37,Lommel teller 1,Lommel,51.23299,5.29211,1.8629191003155987,51.218280530459005,5.279304178200118,2023,2,5,72020,Lommel,Normaal,Droog,"Nacht, geen openbare verlichting aanwezig",met lichtgewonden,3,Fiets,9,personenauto,Buiten Kruispunt,Gemeenteweg,buiten bebouwde kom,Tss. 2 best.: langs opzij (voor-/achterkant-flank),Geen hindernis
37508,46,Pelt teller 2,Pelt,51.231,5.44375,2.074987029944202,51.21891802763056,5.466458498289828,2023,2,16,72043,Pelt,Normaal,Droog,Dag,met lichtgewonden,3,Fiets,3,Fiets,Op Kruispunt,Gemeenteweg,binnen bebouwde kom,Tussen 2 bestuurders: Frontale botsing,Geen hindernis
37508,45,Pelt teller 1,Pelt,51.23127,5.44377,2.0934954020303596,51.21891802763056,5.466458498289828,2023,2,16,72043,Pelt,Normaal,Droog,Dag,met lichtgewonden,3,Fiets,3,Fiets,Op Kruispunt,Gemeenteweg,binnen bebouwde kom,Tussen 2 bestuurders: Frontale botsing,Geen hindernis
37522,29,Tongeren,Tongeren,50.79286,5.52825,1.977769120416497,50.787723293400994,5.5013128210594955,2023,2,14,73083,Tongeren,Normaal,"Nat, plassen",Dag,met zwaargewonden,9,personenauto,3,Fiets,Buiten Kruispunt,Gewestweg,buiten bebouwde kom,Tss. 2 best.: langs opzij (voor-/achterkant-flank),Geen hindernis
37525,21,Bilzen,Bilzen,50.86015,5.50161,1.38821244257226,50.87009577945161,5.5135661951552,2023,2,16,73006,Bilzen,Normaal,Droog,Dag,met lichtgewonden,9,personenauto,3,Fiets,Buiten Kruispunt,Gewestweg,binnen bebouwde kom,Tss. 2 best.: langs opzij (voor-/achterkant-flank),Geen hindernis
37526,108,Heverlee teller 1,Leuven,50.8471728,4.6954674,1.953036026940579,50.856404750478994,4.71913518508767,2023,2,9,24062,Leuven,Normaal,Droog,Dag,met lichtgewonden,2,Andere weggebruiker,3,Fiets,Buiten Kruispunt,Gemeenteweg,binnen bebouwde kom,Tussen 2 bestuurders: Flank tegen flank,Geen hindernis
37526,76,Heverlee teller 2,Leuven,50.84606,4.69597,1.9919260896906874,50.856404750478994,4.71913518508767,2023,2,9,24062,Leuven,Normaal,Droog,Dag,met lichtgewonden,2,Andere weggebruiker,3,Fiets,Buiten Kruispunt,Gemeenteweg,binnen bebouwde kom,Tussen 2 bestuurders: Flank tegen flank,Geen hindernis
37526,69,Leuven teller 1,Leuven,50.87549,4.71526,2.1395376174064413,50.856404750478994,4.71913518508767,2023,2,9,24062,Leuven,Normaal,Droog,Dag,met lichtgewonden,2,Andere weggebruiker,3,Fiets,Buiten Kruispunt,Gemeenteweg,binnen bebouwde kom,Tussen 2 bestuurders: Flank tegen flank,Geen hindernis
37527,69,Leuven teller 1,Leuven,50.87549,4.71526,0.20941307566238046,50.87370193388216,4.714322956726469,2023,2,17,24062,Leuven,Normaal,Droog,Dageraad - schemering,met lichtgewonden,9,personenauto,3,Fiets,Buiten Kruispunt,Gewestweg,binnen bebouwde kom,Tussen 2 bestuurders: Frontale botsing,Geen hindernis
37527,77,Leuven teller 2,Leuven,50.88672,4.70796,1.5148145101090018,50.87370193388216,4.714322956726469,2023,2,17,24062,Leuven,Normaal,Droog,Dageraad - schemering,met lichtgewonden,9,personenauto,3,Fiets,Buiten Kruispunt,Gewestweg,binnen bebouwde kom,Tussen 2 bestuurders: Frontale botsing,Geen hindernis