crash_row_id,site_id,site_name,site_gemeente,site_lat,site_long,distance_km,crash_lat,crash_long,DT_YEAR_COLLISION,DT_MONTH_COLLISION,DT_TIME,CD_NIS,TX_MUNTY_COLLISION_NL,TX_WEATHER_NL,TX_ROAD_CONDITION_NL,TX_LIGHT_CONDITION_NL,TX_CLASS_ACCIDENTS_NL,CD_ROAD_USR_TYPE1,TX_ROAD_USR_TYPE1_NL,CD_ROAD_USR_TYPE2,TX_ROAD_USR_TYPE2_NL,TX_CROSSWAY_NL,CD_ROAD_TYPE_NL,TX_BUILD_UP_AREA_NL,TX_COLLISION_TYPE_NL,TX_OBSTACLES_NL
37527,107,leuven totem,Leuven,50.8870744,4.7087919,1.5367499446769164,50.87370193388216,4.714322956726469,2023,2,17,24062,Leuven,Normaal,Droog,Dageraad - schemering,met lichtgewonden,9,personenauto,3,Fiets,Buiten Kruispunt,Gewestweg,binnen bebouwde kom,Tussen 2 bestuurders: Frontale botsing,Geen hindernis
37527,151,Leuven,District Leuven,50.8690262,4.6854839,2.0893885511399195,50.87370193388216,4.714322956726469,2023,2,17,24062,Leuven,Normaal,Droog,Dageraad - schemering,met lichtgewonden,9,personenauto,3,Fiets,Buiten Kruispunt,Gewestweg,binnen bebouwde kom,Tussen 2 bestuurders: Frontale botsing,Geen hindernis
37528,69,Leuven teller 1,Leuven,50.87549,4.71526,0.5387810217062852,50.875957937843786,4.707617066536882,2023,2,0,24062,Leuven,Normaal,Droog,"Nacht, openbare verlichting aanwezig en ontstoken",met zwaargewonden,3,Fiets,8,Voetganger,Buiten Kruispunt,Gemeenteweg,binnen bebouwde kom,Met een voetganger,Geen vermelding van de aanwezigheid van een hindernis
37528,77,Leuven teller 2,Leuven,50.88672,4.70796,1.1969285339200884,50.875957937843786,4.707617066536882,2023,2,0,24062,Leuven,Normaal,Droog,"Nacht, openbare verlichting aanwezig en ontstoken",met zwaargewonden,3,Fiets,8,Voetganger,Buiten Kruispunt,Gemeenteweg,binnen bebouwde kom,Met een voetganger,Geen vermelding van de aanwezigheid van een hindernis
37528,107,leuven totem,Leuven,50.8870744,4.7087919,1.2388390280866404,50.875957937843786,4.707617066536882,2023,2,0,24062,Leuven,Normaal,Droog,"Nacht, openbare verlichting aanwezig en ontstoken",met zwaargewonden,3,Fiets,8,Voetganger,Buiten Kruispunt,Gemeenteweg,binnen bebouwde kom,Met een voetganger,Geen vermelding van de aanwezigheid van een hindernis
37528,151,Leuven,District Leuven,50.8690262,4.6854839,1.7338166753866584,50.875957937843786,4.707617066536882,2023,2,0,24062,Leuven,Normaal,Droog,"Nacht, openbare verlichting aanwezig en ontstoken",met zwaargewonden,3,Fiets,8,Voetganger,Buiten Kruispunt,Gemeenteweg,binnen bebouwde kom,Met een voetganger,Geen vermelding van de aanwezigheid van een hindernis
37529,77,Leuven teller 2,Leuven,50.88672,4.70796,1.3817219567337944,50.885664356493066,4.688334175819451,2023,2,21,24062,Leuven,Normaal,Droog,"Nacht, openbare verlichting aanwezig en ontstoken",met lichtgewonden,3,Fiets,9,personenauto,Op Kruispunt,Gemeenteweg,binnen bebouwde kom,Tss. 2 best.: langs opzij (voor-/achterkant-flank),Geen hindernis
37529,107,leuven totem,Leuven,50.8870744,4.7087919,1.443617822769919,50.885664356493066,4.688334175819451,2023,2,21,24062,Leuven,Normaal,Droog,"Nacht, openbare verlichting aanwezig en ontstoken",met lichtgewonden,3,Fiets,9,personenauto,Op Kruispunt,Gemeenteweg,binnen bebouwde kom,Tss. 2 best.: langs opzij (voor-/achterkant-flank),Geen hindernis
37529,151,Leuven,District Leuven,50.8690262,4.6854839,1.8608555250874566,50.885664356493066,4.688334175819451,2023,2,21,24062,Leuven,Normaal,Droog,"Nacht, openbare verlichting aanwezig en ontstoken",met lichtgewonden,3,Fiets,9,personenauto,Op Kruispunt,Gemeenteweg,binnen bebouwde kom,Tss. 2 best.: langs opzij (voor-/achterkant-flank),Geen hindernis
37529,69,Leuven teller 1,Leuven,50.87549,4.71526,2.2019074746295444,50.885664356493066,4.688334175819451,2023,2,21,24062,Leuven,Normaal,Droog,"Nacht, openbare verlichting aanwezig en ontstoken",met lichtgewonden,3,Fiets,9,personenauto,Op Kruispunt,Gemeenteweg,binnen bebouwde kom,Tss. 2 best.: langs opzij (voor-/achterkant-flank),Geen hindernis
37530,107,leuven totem,Leuven,50.8870744,4.7087919,0.9618235390894877,50.88391404202739,4.721554981961674,2023,2,17,24062,Leuven,Normaal,Droog,Dageraad - schemering,met zwaargewonden,9,personenauto,3,Fiets,Buiten Kruispunt,Gewestweg,binnen bebouwde kom,Tss. 2 best.: langs opzij (voor-/achterkant-flank),Geen hindernis
37530,77,Leuven teller 2,Leuven,50.88672,4.70796,1.0034298886915076,50.88391404202739,4.721554981961674,2023,2,17,24062,Leuven,Normaal,Droog,Dageraad - schemering,met zwaargewonden,9,personenauto,3,Fiets,Buiten Kruispunt,Gewestweg,binnen bebouwde kom,Tss. 2 best.: langs opzij (voor-/achterkant-flank),Geen hindernis
37530,69,Leuven teller 1,Leuven,50.87549,4.71526,1.0356054817466038,50.88391404202739,4.721554981961674,2023,2,17,24062,Leuven,Normaal,Droog,Dageraad - schemering,met zwaargewonden,9,personenauto,3,Fiets,Buiten Kruispunt,Gewestweg,binnen bebouwde kom,Tss. 2 best.: langs opzij (voor-/achterkant-flank),Geen hindernis
37531,77,Leuven teller 2,Leuven,50.88672,4.70796,0.7384407768703539,50.88439547615765,4.69809928294745,2023,2,9,24062,Leuven,Normaal,Droog,Dag,met lichtgewonden,3,Fiets,9,personenauto,Buiten Kruispunt,Gemeenteweg,buiten bebouwde kom,Tussen 2 bestuurders: Flank tegen flank,Geen hindernis
37531,107,leuven totem,Leuven,50.8870744,4.7087919,0.8070660799670306,50.88439547615765,4.69809928294745,2023,2,9,24062,Leuven,Normaal,Droog,Dag,met lichtgewonden,3,Fiets,9,personenauto,Buiten Kruispunt,Gemeenteweg,buiten bebouwde kom,Tussen 2 bestuurders: Flank tegen flank,Geen hindernis
37531,69,Leuven teller 1,Leuven,50.87549,4.71526,1.558881829007243,50.88439547615765,4.69809928294745,2023,2,9,24062,Leuven,Normaal,Droog,Dag,met lichtgewonden,3,Fiets,9,personenauto,Buiten Kruispunt,Gemeenteweg,buiten bebouwde kom,Tussen 2 bestuurders: Flank tegen flank,Geen hindernis
37531,151,Leuven,District Leuven,50.8690262,4.6854839,1.9246019336651603,50.88439547615765,4.69809928294745,2023,2,9,24062,Leuven,Normaal,Droog,Dag,met lichtgewonden,3,Fiets,9,personenauto,Buiten Kruispunt,Gemeenteweg,buiten bebouwde kom,Tussen 2 bestuurders: Flank tegen flank,Geen hindernis
37532,108,Heverlee teller 1,Leuven,50.8471728,4.6954674,1.953036026940579,50.856404750478994,4.71913518508767,2023,2,16,24062,Leuven,Normaal,Droog,Dag,met lichtgewonden,9,personenauto,3,Fiets,Buiten Kruispunt,Gemeenteweg,binnen bebouwde kom,Tss. 2 best.: langs opzij (voor-/achterkant-flank),Geen hindernis
37532,76,Heverlee teller 2,Leuven,50.84606,4.69597,1.9919260896906874,50.856404750478994,4.71913518508767,2023,2,16,24062,Leuven,Normaal,Droog,Dag,met lichtgewonden,9,personenauto,3,Fiets,Buiten Kruispunt,Gemeenteweg,binnen bebouwde kom,Tss. 2 best.: langs opzij (voor-/achterkant-flank),Geen hindernis
37532,69,Leuven teller 1,Leuven,50.87549,4.71526,2.1395376174064413,50.856404750478994,4.71913518508767,2023,2,16,24062,Leuven,Normaal,Droog,Dag,met lichtgewonden,9,personenauto,3,Fiets,Buiten Kruispunt,Gemeenteweg,binnen bebouwde kom,Tss. 2 best.: langs opzij (voor-/achterkant-flank),Geen hindernis
37533,151,Leuven,District Leuven,50.8690262,4.6854839,0.8278957730550702,50.87643958780338,4.684390199116537,2023,2,18,24062,Leuven,Normaal,Onbekend,Dageraad - schemering,met lichtgewonden,3,Fiets,3,Fiets,Buiten Kruispunt,Gewestweg,binnen bebouwde kom,Tussen 2 bestuurders: Frontale botsing,Geen hindernis
37533,77,Leuven teller 2,Leuven,50.88672,4.70796,2.010221775853378,50.87643958780338,4.684390199116537,2023,2,18,24062,Leuven,Normaal,Onbekend,Dageraad - schemering,met lichtgewonden,3,Fiets,3,Fiets,Buiten Kruispunt,Gewestweg,binnen bebouwde kom,Tussen 2 bestuurders: Frontale botsing,Geen hindernis
37533,107,leuven totem,Leuven,50.8870744,4.7087919,2.080633433166145,50.87643958780338,4.684390199116537,2023,2,18,24062,Leuven,Normaal,Onbekend,Dageraad - schemering,met lichtgewonden,3,Fiets,3,Fiets,Buiten Kruispunt,Gewestweg,binnen bebouwde kom,Tussen 2 bestuurders: Frontale botsing,Geen hindernis
37533,69,Leuven teller 1,Leuven,50.87549,4.71526,2.1685253020268016,50.87643958780338,4.684390199116537,2023,2,18,24062,Leuven,Normaal,Onbekend,Dageraad - schemering,met lichtgewonden,3,Fiets,3,Fiets,Buiten Kruispunt,Gewestweg,binnen bebouwde kom,Tussen 2 bestuurders: Frontale botsing,Geen hindernis
37534,77,Leuven teller 2,Leuven,50.88672,4.70796,0.7952999568463481,50.87970129171468,4.705779106054188,2023,2,6,24062,Leuven,Normaal,Droog,"Nacht, openbare verlichting aanwezig en ontstoken",met zwaargewonden,3,Fiets,1,Autobus,Op Kruispunt,Gemeenteweg,binnen bebouwde kom,Tussen 2 bestuurders: Flank tegen flank,Geen hindernis
37534,69,Leuven teller 1,Leuven,50.87549,4.71526,0.8134899342700778,50.87970129171468,4.705779106054188,2023,2,6,24062,Leuven,Normaal,Droog,"Nacht, openbare verlichting aanwezig en ontstoken",met zwaargewonden,3,Fiets,1,Autobus,Op Kruispunt,Gemeenteweg,binnen bebouwde kom,Tussen 2 bestuurders: Flank tegen flank,Geen hindernis
37534,107,leuven totem,Leuven,50.8870744,4.7087919,0.846657680819453,50.87970129171468,4.705779106054188,2023,2,6,24062,Leuven,Normaal,Droog,"Nacht, openbare verlichting aanwezig en ontstoken",met zwaargewonden,3,Fiets,1,Autobus,Op Kruispunt,Gemeenteweg,binnen bebouwde kom,Tussen 2 bestuurders: Flank tegen flank,Geen hindernis
37534,151,Leuven,District Leuven,50.8690262,4.6854839,1.8538905671108656,50.87970129171468,4.705779106054188,2023,2,6,24062,Leuven,Normaal,Droog,"Nacht, openbare verlichting aanwezig en ontstoken",met zwaargewonden,3,Fiets,1,Autobus,Op Kruispunt,Gemeenteweg,binnen bebouwde kom,Tussen 2 bestuurders: Flank tegen flank,Geen hindernis
37535,107,leuven totem,Leuven,50.8870744,4.7087919,0.5464138238124265,50.88359594272893,4.7142938017362646,2023,2,4,24062,Leuven,Normaal,Droog,"Nacht, openbare verlichting aanwezig en ontstoken",met lichtgewonden,3,Fiets,10,"één bestuurder, geen hindernis",Buiten Kruispunt,Gemeenteweg,binnen bebouwde kom,"Eén bestuurder, geen hindernis (incl. val)",Geen hindernis
37535,77,Leuven teller 2,Leuven,50.88672,4.70796,0.563995535781111,50.88359594272893,4.7142938017362646,2023,2,4,24062,Leuven,Normaal,Droog,"Nacht, openbare verlichting aanwezig en ontstoken",met lichtgewonden,3,Fiets,10,"één bestuurder, geen hindernis",Buiten Kruispunt,Gemeenteweg,binnen bebouwde kom,"Eén bestuurder, geen hindernis (incl. val)",Geen hindernis
37535,69,Leuven teller 1,Leuven,50.87549,4.71526,0.9038851593561014,50.88359594272893,4.7142938017362646,2023,2,4,24062,Leuven,Normaal,Droog,"Nacht, openbare verlichting aanwezig en ontstoken",met lichtgewonden,3,Fiets,10,"één bestuurder, geen hindernis",Buiten Kruispunt,Gemeenteweg,binnen bebouwde kom,"Eén bestuurder, geen hindernis (incl. val)",Geen hindernis
37537,108,Heverlee teller 1,Leuven,50.8471728,4.6954674,1.953036026940579,50.856404750478994,4.71913518508767,2023,2,7,24062,Leuven,Normaal,Droog,"Nacht, openbare verlichting aanwezig en ontstoken",met lichtgewonden,9,personenauto,3,Fiets,Buiten Kruispunt,Gemeenteweg,binnen bebouwde kom,Tussen 2 bestuurders: Flank tegen flank,Geen hindernis
37537,76,Heverlee teller 2,Leuven,50.84606,4.69597,1.9919260896906874,50.856404750478994,4.71913518508767,2023,2,7,24062,Leuven,Normaal,Droog,"Nacht, openbare verlichting aanwezig en ontstoken",met lichtgewonden,9,personenauto,3,Fiets,Buiten Kruispunt,Gemeenteweg,binnen bebouwde kom,Tussen 2 bestuurders: Flank tegen flank,Geen hindernis
37537,69,Leuven teller 1,Leuven,50.87549,4.71526,2.1395376174064413,50.856404750478994,4.71913518508767,2023,2,7,24062,Leuven,Normaal,Droog,"Nacht, openbare verlichting aanwezig en ontstoken",met lichtgewonden,9,personenauto,3,Fiets,Buiten Kruispunt,Gemeenteweg,binnen bebouwde kom,Tussen 2 bestuurders: Flank tegen flank,Geen hindernis
37538,77,Leuven teller 2,Leuven,50.88672,4.70796,0.7413379066590416,50.88413677672736,4.698217599610938,2023,2,18,24062,Leuven,Normaal,Onbekend,"Nacht, openbare verlichting aanwezig en ontstoken",met lichtgewonden,3,Fiets,9,personenauto,Op Kruispunt,Gemeenteweg,binnen bebouwde kom,Tussen 2 bestuurders: Flank tegen flank,Geen hindernis
37538,107,leuven totem,Leuven,50.8870744,4.7087919,0.8105194629390274,50.88413677672736,4.698217599610938,2023,2,18,24062,Leuven,Normaal,Onbekend,"Nacht, openbare verlichting aanwezig en ontstoken",met lichtgewonden,3,Fiets,9,personenauto,Op Kruispunt,Gemeenteweg,binnen bebouwde kom,Tussen 2 bestuurders: Flank tegen flank,Geen hindernis
37538,69,Leuven teller 1,Leuven,50.87549,4.71526,1.534294017695945,50.88413677672736,4.698217599610938,2023,2,18,24062,Leuven,Normaal,Onbekend,"Nacht, openbare verlichting aanwezig en ontstoken",met lichtgewonden,3,Fiets,9,personenauto,Op Kruispunt,Gemeenteweg,binnen bebouwde kom,Tussen 2 bestuurders: Flank tegen flank,Geen hindernis
37538,151,Leuven,District Leuven,50.8690262,4.6854839,1.9029891351663577,50.88413677672736,4.698217599610938,2023,2,18,24062,Leuven,Normaal,Onbekend,"Nacht, openbare verlichting aanwezig en ontstoken",met lichtgewonden,3,Fiets,9,personenauto,Op Kruispunt,Gemeenteweg,binnen bebouwde kom,Tussen 2 bestuurders: Flank tegen flank,Geen hindernis
37544,87,Aarschot,Aarschot,50.99084,4.81259,2.4246285132556493,51.007726519086376,4.834510741351335,2023,2,17,24001,Aarschot,Normaal,Droog,Dag,met lichtgewonden,3,Fiets,9,personenauto,Buiten Kruispunt,Gemeenteweg,binnen bebouwde kom,Tussen 2 bestuurders: Flank tegen flank,Geen hindernis
37545,87,Aarschot,Aarschot,50.99084,4.81259,2.3712894437991547,50.97499767471114,4.835266123728732,2023,2,14,24001,Aarschot,Onbekend,Onbekend,Dag,met lichtgewonden,3,Fiets,4,Vrachtwagen,Buiten Kruispunt,Gemeenteweg,buiten bebouwde kom,Tss. 2 best.: langs opzij (voor-/achterkant-flank),Geen hindernis
37548,101,Diest teller 1,Diest,50.97799,5.04481,0.7056686871268274,50.981011536191964,5.0536740117106085,2023,2,1,24020,Diest,Normaal,Droog,"Nacht, openbare verlichting aanwezig en ontstoken",met lichtgewonden,9,personenauto,3,Fiets,Buiten Kruispunt,Gemeenteweg,binnen bebouwde kom,Tss. 2 best.: langs opzij (voor-/achterkant-flank),Geen hindernis
37548,102,Diest teller 2,Diest,50.9779,5.04474,0.7147726961191495,50.981011536191964,5.0536740117106085,2023,2,1,24020,Diest,Normaal,Droog,"Nacht, openbare verlichting aanwezig en ontstoken",met lichtgewonden,9,personenauto,3,Fiets,Buiten Kruispunt,Gemeenteweg,binnen bebouwde kom,Tss. 2 best.: langs opzij (voor-/achterkant-flank),Geen hindernis
37559,27,Grimbergen,Meise,50.92127,4.34013,0.24379833002012494,50.91915109707905,4.341023748184943,2023,2,18,23025,Grimbergen,Normaal,Proper,"Nacht, openbare verlichting aanwezig en ontstoken",met zwaargewonden,3,Fiets,3,Fiets,Op Kruispunt,Gewestweg,buiten bebouwde kom,Tussen 2 bestuurders: Frontale botsing,Geen hindernis
37561,47,Vilvoorde,Vilvoorde,50.91372,4.41497,1.2152577702632523,50.92453665414493,4.417450185035233,2023,2,8,23088,Vilvoorde,Normaal,"Vuil (zand, grint, bladeren,...)",Dag,met zwaargewonden,3,Fiets,10,"één bestuurder, geen hindernis",Op Kruispunt,Gewestweg,binnen bebouwde kom,"Eén bestuurder, geen hindernis (incl. val)",Geen hindernis
37562,47,Vilvoorde,Vilvoorde,50.91372,4.41497,1.59895912171964,50.92130275322188,4.395589805990425,2023,2,7,23025,Grimbergen,Normaal,"Nat, plassen",Dag,met lichtgewonden,9,personenauto,3,Fiets,Op Kruispunt,Gemeenteweg,binnen bebouwde kom,Tussen 2 bestuurders: Langs achteren,Geen hindernis
37564,1,Machelen,Machelen,50.91618331151478,4.456121776137429,2.2653369649290243,50.93276878411486,4.437353000823737,2023,2,15,23088,Vilvoorde,Onbekend,Onbekend,Dag,met lichtgewonden,2,Andere weggebruiker,3,Fiets,Buiten Kruispunt,Gemeenteweg,binnen bebouwde kom,Tussen 2 bestuurders: Frontale botsing,Geen hindernis
37565,1,Machelen,Machelen,50.91618331151478,4.456121776137429,0.6350758040337076,50.91859667375724,4.447910950991784,2023,2,18,23047,Machelen,Regenval,"Nat, plassen","Nacht, geen openbare verlichting aanwezig",met lichtgewonden,3,Fiets,11,een weggebruiker tegen een hindernis,Buiten Kruispunt,Gewestweg,binnen bebouwde kom,Weggebruiker tegen hindernis op de rijbaan,"Op de rijbaan: Verkeersdrempel, ezelsrug"
37565,47,Vilvoorde,Vilvoorde,50.91372,4.41497,2.372091842885224,50.91859667375724,4.447910950991784,2023,2,18,23047,Machelen,Regenval,"Nat, plassen","Nacht, geen openbare verlichting aanwezig",met lichtgewonden,3,Fiets,11,een weggebruiker tegen een hindernis,Buiten Kruispunt,Gewestweg,binnen bebouwde kom,Weggebruiker tegen hindernis op de rijbaan,"Op de rijbaan: Verkeersdrempel, ezelsrug"
37566,47,Vilvoorde,Vilvoorde,50.91372,4.41497,1.0462811954942692,50.91314576972007,4.429866092574997,2023,2,9,23047,Machelen,Normaal,Droog,Dag,met lichtgewonden,3,Fiets,9,personenauto,Buiten Kruispunt,Gemeenteweg,binnen bebouwde kom,Tussen 2 bestuurders: Flank tegen flank,Geen hindernis
37566,1,Machelen,Machelen,50.91618331151478,4.456121776137429,1.8714097007609007,50.91314576972007,4.429866092574997,2023,2,9,23047,Machelen,Normaal,Droog,Dag,met lichtgewonden,3,Fiets,9,personenauto,Buiten Kruispunt,Gemeenteweg,binnen bebouwde kom,Tussen 2 bestuurders: Flank tegen flank,Geen hindernis
37570,71,Kampenhout teller 2,Kampenhout,50.95589,4.59164,0.6021135462785343,50.95992004670485,4.58589826956319,2023,2,19,23038,Kampenhout,Normaal,Droog,"Nacht, openbare verlichting aanwezig en ontstoken",met lichtgewonden,3,Fiets,9,personenauto,Op Kruispunt,Gewestweg,buiten bebouwde kom,Tss. 2 best.: langs opzij (voor-/achterkant-flank),Geen hindernis
37570,70,Kampenhout teller 1,Kampenhout,50.95682,4.59318,0.6155788242296047,50.95992004670485,4.58589826956319,2023,2,19,23038,Kampenhout,Normaal,Droog,"Nacht, openbare verlichting aanwezig en ontstoken",met lichtgewonden,3,Fiets,9,personenauto,Op Kruispunt,Gewestweg,buiten bebouwde kom,Tss. 2 best.: langs opzij (voor-/achterkant-flank),Geen hindernis
37572,13,Gent,Gent,51.03018,3.70146,2.410720237864391,51.047763245276876,3.721630367784144,2023,2,11,44021,Gent,Normaal,Droog,Dag,met lichtgewonden,5,Lichte vrachtauto,3,Fiets,Buiten Kruispunt,Gemeenteweg,binnen bebouwde kom,Tss. 2 best.: langs opzij (voor-/achterkant-flank),Geen hindernis
37573,13,Gent,Gent,51.03018,3.70146,2.1755306133671124,51.049742301018526,3.7019784345354876,2023,2,8,44021,Gent,Normaal,Droog,Dag,met lichtgewonden,9,personenauto,3,Fiets,Op Kruispunt,Gemeenteweg,binnen bebouwde kom,Tss. 2 best.: langs opzij (voor-/achterkant-flank),Geen hindernis
37574,13,Gent,Gent,51.03018,3.70146,1.478055064936092,51.02574857318214,3.7213856301122186,2023,2,6,44021,Gent,Normaal,Droog,"Nacht, openbare verlichting aanwezig en ontstoken",met lichtgewonden,3,Fiets,2,Andere weggebruiker,Buiten Kruispunt,Gemeenteweg,binnen bebouwde kom,Tussen 2 bestuurders: Flank tegen flank,Geen hindernis
37579,13,Gent,Gent,51.03018,3.70146,1.9599037888992255,51.0384128641687,3.726243026952805,2023,2,15,44021,Gent,Normaal,Droog,Dag,met lichtgewonden,9,personenauto,3,Fiets,Buiten Kruispunt,Gewestweg,binnen bebouwde kom,Tss. 2 best.: langs opzij (voor-/achterkant-flank),Geen hindernis
37581,13,Gent,Gent,51.03018,3.70146,1.051513123486942,51.03740030662595,3.7111707800502303,2023,2,19,44021,Gent,Normaal,Droog,"Nacht, openbare verlichting aanwezig en ontstoken",met lichtgewonden,9,personenauto,3,Fiets,Buiten Kruispunt,Gewestweg,binnen bebouwde kom,Tussen 2 bestuurders: Frontale botsing,Geen hindernis
37582,136,Gent R4,Gent,51.0876313,3.7587918,2.0520061659528666,51.0712964822991,3.7724593829739947,2023,2,17,44021,Gent,Onbekend,Onbekend,Onbekend,met lichtgewonden,3,Fiets,6,Bromfiets,Op Kruispunt,Gewestweg,binnen bebouwde kom,Tussen 2 bestuurders: Langs achteren,Geen hindernis
37583,13,Gent,Gent,51.03018,3.70146,1.9673750044057126,51.03863437259256,3.7261754841250667,2023,2,18,44021,Gent,Onbekend,Onbekend,Dag,met lichtgewonden,3,Fiets,6,Bromfiets,Op Kruispunt,Gewestweg,binnen bebouwde kom,Tussen 2 bestuurders: Langs achteren,Geen hindernis
37585,13,Gent,Gent,51.03018,3.70146,2.3702984508244627,51.051243940896676,3.696255661259752,2023,2,15,44021,Gent,Normaal,Droog,Dag,met lichtgewonden,9,personenauto,3,Fiets,Buiten Kruispunt,Gemeenteweg,binnen bebouwde kom,Tss. 2 best.: langs opzij (voor-/achterkant-flank),Geen hindernis
37586,13,Gent,Gent,51.03018,3.70146,0.5859356387285927,51.02847177955556,3.709386065651011,2023,2,8,44021,Gent,Normaal,"Nat, plassen+Vuil (zand, grint, bladeren,...)",Dageraad - schemering,met lichtgewonden,3,Fiets,10,"één bestuurder, geen hindernis",Buiten Kruispunt,Gemeenteweg,binnen bebouwde kom,"Eén bestuurder, geen hindernis (incl. val)",Geen hindernis
37587,13,Gent,Gent,51.03018,3.70146,0.5966567202607055,51.03369091571473,3.7079123920703365,2023,2,17,44021,Gent,Normaal,Droog,Dag,met lichtgewonden,3,Fiets,3,Fiets,Buiten Kruispunt,Gewestweg,binnen bebouwde kom,Tussen 2 bestuurders: Flank tegen flank,Geen hindernis
37590,13,Gent,Gent,51.03018,3.70146,2.4784012964886992,51.05244005694645,3.6996603528469945,2023,2,18,44021,Gent,Normaal,Droog,"Nacht, openbare verlichting aanwezig en ontstoken",met lichtgewonden,9,personenauto,3,Fiets,Op Kruispunt,Gewestweg,binnen bebouwde kom,Tss. 2 best.: langs opzij (voor-/achterkant-flank),Geen hindernis
37592,13,Gent,Gent,51.03018,3.70146,1.6343607571897587,51.02821916876426,3.7246214193839453,2023,2,17,44021,Gent,Normaal,Droog,Dag,met lichtgewonden,9,personenauto,3,Fiets,Op Kruispunt,Gemeenteweg,binnen bebouwde kom,Tss. 2 best.: langs opzij (voor-/achterkant-flank),Geen hindernis
37593,13,Gent,Gent,51.03018,3.70146,1.1485342426752392,51.03886245734426,3.710357092482317,2023,2,13,44021,Gent,Normaal,Droog,Dag,met lichtgewonden,3,Fiets,5,Lichte vrachtauto,Op Kruispunt,Gewestweg,binnen bebouwde kom,Tss. 2 best.: langs opzij (voor-/achterkant-flank),Geen hindernis
37594,13,Gent,Gent,51.03018,3.70146,1.557411143275053,51.04404599638862,3.70460296590377,2023,2,11,44021,Gent,Onbekend,Droog,Dag,met lichtgewonden,3,Fiets,8,Voetganger,Buiten Kruispunt,Gemeenteweg,binnen bebouwde kom,Met een voetganger,Geen hindernis
37595,136,Gent R4,Gent,51.0876313,3.7587918,2.3343839814323846,51.089255359583035,3.725469016989901,2023,2,8,44021,Gent,Normaal,Droog,Dag,met lichtgewonden,4,Vrachtwagen,3,Fiets,Op Kruispunt,Gewestweg,buiten bebouwde kom,Tussen 2 bestuurders: Langs achteren,Geen hindernis
37597,119,Gent teller 2,Gent,51.0281795,3.7683918,1.1768910871539937,51.03714534020437,3.759448009376264,2023,2,16,44021,Gent,Normaal,Droog,Dag,met lichtgewonden,9,personenauto,3,Fiets,Op Kruispunt,Gemeenteweg,binnen bebouwde kom,Tussen 2 bestuurders: Flank tegen flank,Geen hindernis
37597,118,Gent teller 1,Gent,51.028049,3.7681359,1.1798960588014407,51.03714534020437,3.759448009376264,2023,2,16,44021,Gent,Normaal,Droog,Dag,met lichtgewonden,9,personenauto,3,Fiets,Op Kruispunt,Gemeenteweg,binnen bebouwde kom,Tussen 2 bestuurders: Flank tegen flank,Geen hindernis
37600,13,Gent,Gent,51.03018,3.70146,2.255614212750619,51.04511325101465,3.723293489353526,2023,3,1,44021,Gent,Normaal,Droog,"Nacht, openbare verlichting aanwezig en ontstoken",met lichtgewonden,3,Fiets,11,een weggebruiker tegen een hindernis,Buiten Kruispunt,Gemeenteweg,binnen bebouwde kom,Weggebruiker tegen hindernis op de rijbaan,"Op de rijbaan: Put, straatgoot, tramspoor"
37602,13,Gent,Gent,51.03018,3.70146,2.3421073262377394,51.04778574544794,3.7198484175882784,2023,2,22,44021,Gent,Normaal,"Nat, plassen","Nacht, openbare verlichting aanwezig en ontstoken",met lichtgewonden,3,Fiets,11,een weggebruiker tegen een hindernis,Op Kruispunt,Gemeenteweg,binnen bebouwde kom,Weggebruiker tegen hindernis buiten rijbaan,Buiten de rijbaan: Andere paal
37613,118,Gent teller 1,Gent,51.028049,3.7681359,1.7781786345782478,51.015281014509576,3.7528289103526817,2023,2,16,44043,Merelbeke,Normaal,Droog,Dag,met lichtgewonden,9,personenauto,3,Fiets,Buiten Kruispunt,Gewestweg,binnen bebouwde kom,Tss. 2 best.: langs opzij (voor-/achterkant-flank),Geen hindernis
37613,119,Gent teller 2,Gent,51.0281795,3.7683918,1.80054897746787,51.015281014509576,3.7528289103526817,2023,2,16,44043,Merelbeke,Normaal,Droog,Dag,met lichtgewonden,9,personenauto,3,Fiets,Buiten Kruispunt,Gewestweg,binnen bebouwde kom,Tss. 2 best.: langs opzij (voor-/achterkant-flank),Geen hindernis
37616,118,Gent teller 1,Gent,51.028049,3.7681359,2.119789406986089,51.00941454925607,3.7617410442908663,2023,2,17,44043,Merelbeke,Normaal,Droog,Dageraad - schemering,met lichtgewonden,3,Fiets,3,Fiets,Buiten Kruispunt,Gemeenteweg,binnen bebouwde kom,Tss. 2 best.: langs opzij (voor-/achterkant-flank),Geen hindernis
37616,119,Gent teller 2,Gent,51.0281795,3.7683918,2.137799390956094,51.00941454925607,3.7617410442908663,2023,2,17,44043,Merelbeke,Normaal,Droog,Dageraad - schemering,met lichtgewonden,3,Fiets,3,Fiets,Buiten Kruispunt,Gemeenteweg,binnen bebouwde kom,Tss. 2 best.: langs opzij (voor-/achterkant-flank),Geen hindernis