crash_row_id,site_id,site_name,site_gemeente,site_lat,site_long,distance_km,crash_lat,crash_long,DT_YEAR_COLLISION,DT_MONTH_COLLISION,DT_TIME,CD_NIS,TX_MUNTY_COLLISION_NL,TX_WEATHER_NL,TX_ROAD_CONDITION_NL,TX_LIGHT_CONDITION_NL,TX_CLASS_ACCIDENTS_NL,CD_ROAD_USR_TYPE1,TX_ROAD_USR_TYPE1_NL,CD_ROAD_USR_TYPE2,TX_ROAD_USR_TYPE2_NL,TX_CROSSWAY_NL,CD_ROAD_TYPE_NL,TX_BUILD_UP_AREA_NL,TX_COLLISION_TYPE_NL,TX_OBSTACLES_NL
37617,118,Gent teller 1,Gent,51.028049,3.7681359,0.9040481285905625,51.0199833801017,3.769763103057916,2023,2,1,44040,Melle,Normaal,Droog,"Nacht, openbare verlichting aanwezig en ontstoken",met lichtgewonden,3,Fiets,10,"één bestuurder, geen hindernis",Buiten Kruispunt,Gemeenteweg,binnen bebouwde kom,"Eén bestuurder, geen hindernis (incl. val)",Geen hindernis
37617,119,Gent teller 2,Gent,51.0281795,3.7683918,0.916399739177686,51.0199833801017,3.769763103057916,2023,2,1,44040,Melle,Normaal,Droog,"Nacht, openbare verlichting aanwezig en ontstoken",met lichtgewonden,3,Fiets,10,"één bestuurder, geen hindernis",Buiten Kruispunt,Gemeenteweg,binnen bebouwde kom,"Eén bestuurder, geen hindernis (incl. val)",Geen hindernis
37618,114,Deinze teller 1,Nazareth,50.9598305,3.555502,2.1579481451876172,50.948369215744414,3.5803629674046262,2023,2,17,44048,Nazareth,Normaal,Droog,Dag,met lichtgewonden,9,personenauto,3,Fiets,Op Kruispunt,Gewestweg,buiten bebouwde kom,Tss. 2 best.: langs opzij (voor-/achterkant-flank),Geen hindernis
37618,113,Deinze teller 2,Deinze,50.96018,3.55578,2.1656043474510756,50.948369215744414,3.5803629674046262,2023,2,17,44048,Nazareth,Normaal,Droog,Dag,met lichtgewonden,9,personenauto,3,Fiets,Op Kruispunt,Gewestweg,buiten bebouwde kom,Tss. 2 best.: langs opzij (voor-/achterkant-flank),Geen hindernis
37619,114,Deinze teller 1,Nazareth,50.9598305,3.555502,1.4358921236956828,50.95104346479039,3.5705238156610095,2023,2,17,44048,Nazareth,Normaal,Droog,Dag,met lichtgewonden,3,Fiets,9,personenauto,Op Kruispunt,Gewestweg,buiten bebouwde kom,Tss. 2 best.: langs opzij (voor-/achterkant-flank),Geen hindernis
37619,113,Deinze teller 2,Deinze,50.96018,3.55578,1.4486661290090665,50.95104346479039,3.5705238156610095,2023,2,17,44048,Nazareth,Normaal,Droog,Dag,met lichtgewonden,3,Fiets,9,personenauto,Op Kruispunt,Gewestweg,buiten bebouwde kom,Tss. 2 best.: langs opzij (voor-/achterkant-flank),Geen hindernis
37622,6,Evergem 2,Evergem,51.10894,3.70298,2.152624556206363,51.12076865283448,3.6785679097673896,2023,2,7,44019,Evergem,Normaal,Droog,Dageraad - schemering,met lichtgewonden,3,Fiets,9,personenauto,Op Kruispunt,Gewestweg,buiten bebouwde kom,Tss. 2 best.: langs opzij (voor-/achterkant-flank),Geen hindernis
37622,7,Evergem 1,Evergem,51.1089,3.70317,2.1658466968706787,51.12076865283448,3.6785679097673896,2023,2,7,44019,Evergem,Normaal,Droog,Dageraad - schemering,met lichtgewonden,3,Fiets,9,personenauto,Op Kruispunt,Gewestweg,buiten bebouwde kom,Tss. 2 best.: langs opzij (voor-/achterkant-flank),Geen hindernis
37626,7,Evergem 1,Evergem,51.1089,3.70317,0.42621517112157364,51.112443747384845,3.705496871904666,2023,2,9,44019,Evergem,Normaal,Droog,Dag,met zwaargewonden,9,personenauto,3,Fiets,Buiten Kruispunt,Gemeenteweg,binnen bebouwde kom,Tss. 2 best.: langs opzij (voor-/achterkant-flank),Geen hindernis
37626,6,Evergem 2,Evergem,51.10894,3.70298,0.42738618472510953,51.112443747384845,3.705496871904666,2023,2,9,44019,Evergem,Normaal,Droog,Dag,met zwaargewonden,9,personenauto,3,Fiets,Buiten Kruispunt,Gemeenteweg,binnen bebouwde kom,Tss. 2 best.: langs opzij (voor-/achterkant-flank),Geen hindernis
37629,115,Aalter,Aalter,51.1058367,3.4350591,1.6016096716332862,51.092994395423204,3.445445302536838,2023,2,14,44084,Aalter,Normaal,Droog,Dag,met lichtgewonden,3,Fiets,10,"één bestuurder, geen hindernis",Buiten Kruispunt,Gewestweg,binnen bebouwde kom,"Eén bestuurder, geen hindernis (incl. val)",Geen hindernis
37630,115,Aalter,Aalter,51.1058367,3.4350591,0.9170757547360848,51.109421519454315,3.4468891828233006,2023,2,12,44084,Aalter,Normaal,Droog,Dag,met lichtgewonden,3,Fiets,3,Fiets,Buiten Kruispunt,Gemeenteweg,buiten bebouwde kom,Tussen 2 bestuurders: Frontale botsing,Geen hindernis
37631,115,Aalter,Aalter,51.1058367,3.4350591,2.3163770166389295,51.09041460172075,3.4573591963856884,2023,2,8,44084,Aalter,Normaal,Droog,Dag,met lichtgewonden,7,Motorfiets,3,Fiets,Op Kruispunt,Gemeenteweg,binnen bebouwde kom,Tss. 2 best.: langs opzij (voor-/achterkant-flank),Geen hindernis
37657,124,Beveren teller 2,Beveren,51.1964712,4.2361077,2.34813020195502,51.189381754544755,4.204367396597634,2023,2,15,46021,Sint-Niklaas,Normaal,Droog,Dag,met zwaargewonden,3,Fiets,10,"één bestuurder, geen hindernis",Buiten Kruispunt,Gewestweg,buiten bebouwde kom,"Eén bestuurder, geen hindernis (incl. val)",Geen hindernis
37672,141,Test site A support,Lokeren,51.08342085,3.9961071208376326,1.5300879693598435,51.09557879882265,4.006367538575197,2023,2,18,46014,Lokeren,Normaal,Droog,"Nacht, openbare verlichting aanwezig en ontstoken",met lichtgewonden,9,personenauto,3,Fiets,Op Kruispunt,Gemeenteweg,binnen bebouwde kom,Tss. 2 best.: langs opzij (voor-/achterkant-flank),Geen hindernis
37673,128,Lokeren teller 1,Lokeren,51.09644,3.97023,1.0882545469615117,51.105325696200445,3.976762661405179,2023,2,17,46014,Lokeren,Normaal,Droog,"Nacht, openbare verlichting aanwezig en ontstoken",met lichtgewonden,9,personenauto,3,Fiets,Buiten Kruispunt,Gemeenteweg,binnen bebouwde kom,Tss. 2 best.: langs opzij (voor-/achterkant-flank),Geen hindernis
37673,129,Lokeren teller 2,Lokeren,51.09612,3.97025,1.1200925723290602,51.105325696200445,3.976762661405179,2023,2,17,46014,Lokeren,Normaal,Droog,"Nacht, openbare verlichting aanwezig en ontstoken",met lichtgewonden,9,personenauto,3,Fiets,Buiten Kruispunt,Gemeenteweg,binnen bebouwde kom,Tss. 2 best.: langs opzij (voor-/achterkant-flank),Geen hindernis
37674,128,Lokeren teller 1,Lokeren,51.09644,3.97023,1.3000554576855965,51.10153844364396,3.986984545972373,2023,2,13,46014,Lokeren,Normaal,Droog,Dag,met lichtgewonden,5,Lichte vrachtauto,3,Fiets,Op Kruispunt,Gemeenteweg,binnen bebouwde kom,Tussen 2 bestuurders: Frontale botsing,Geen hindernis
37674,129,Lokeren teller 2,Lokeren,51.09612,3.97025,1.314723826463472,51.10153844364396,3.986984545972373,2023,2,13,46014,Lokeren,Normaal,Droog,Dag,met lichtgewonden,5,Lichte vrachtauto,3,Fiets,Op Kruispunt,Gemeenteweg,binnen bebouwde kom,Tussen 2 bestuurders: Frontale botsing,Geen hindernis
37674,141,Test site A support,Lokeren,51.08342085,3.9961071208376326,2.112923617414203,51.10153844364396,3.986984545972373,2023,2,13,46014,Lokeren,Normaal,Droog,Dag,met lichtgewonden,5,Lichte vrachtauto,3,Fiets,Op Kruispunt,Gemeenteweg,binnen bebouwde kom,Tussen 2 bestuurders: Frontale botsing,Geen hindernis
37675,141,Test site A support,Lokeren,51.08342085,3.9961071208376326,0.4772429849682673,51.084857111650656,4.00254557786972,2023,2,7,46014,Lokeren,Normaal,Droog,Dageraad - schemering,met lichtgewonden,3,Fiets,9,personenauto,Buiten Kruispunt,Gemeenteweg,buiten bebouwde kom,Tss. 2 best.: langs opzij (voor-/achterkant-flank),Geen hindernis
37676,141,Test site A support,Lokeren,51.08342085,3.9961071208376326,1.6780597958857824,51.09706962711858,4.006357892934722,2023,2,9,46014,Lokeren,Normaal,Droog,Dag,met lichtgewonden,3,Fiets,5,Lichte vrachtauto,Buiten Kruispunt,Gewestweg,buiten bebouwde kom,Tss. 2 best.: langs opzij (voor-/achterkant-flank),Geen hindernis
37677,141,Test site A support,Lokeren,51.08342085,3.9961071208376326,1.6547554146520234,51.094580987225534,4.011780138356994,2023,2,7,46014,Lokeren,Onbekend,Onbekend,Dageraad - schemering,met lichtgewonden,3,Fiets,2,Andere weggebruiker,Op Kruispunt,Gewestweg,buiten bebouwde kom,Tss. 2 best.: langs opzij (voor-/achterkant-flank),Geen hindernis
37679,126,Hamme totem,Hamme,51.1017709,4.1469307,0.7262002516066894,51.096268136154066,4.141329573351488,2023,2,15,42008,Hamme,Normaal,Droog,Dag,met lichtgewonden,3,Fiets,6,Bromfiets,Buiten Kruispunt,Gemeenteweg,binnen bebouwde kom,Tussen 2 bestuurders: Flank tegen flank,Geen hindernis
37682,141,Test site A support,Lokeren,51.08342085,3.9961071208376326,2.3113423392285712,51.064549992022684,3.9822354440793304,2023,2,17,42028,Zele,Normaal,Droog,Dageraad - schemering,met zwaargewonden,3,Fiets,11,een weggebruiker tegen een hindernis,Buiten Kruispunt,Gemeenteweg,binnen bebouwde kom,Weggebruiker tegen hindernis op de rijbaan,"Op de rijbaan: Put, straatgoot, tramspoor"
37697,10,Aalst 2,Aalst,50.93549,4.01571,2.360392124250238,50.9429452621419,4.047250821293203,2023,2,10,41002,Aalst,Normaal,Droog,Dag,met lichtgewonden,3,Fiets,9,personenauto,Op Kruispunt,Gemeenteweg,binnen bebouwde kom,Tss. 2 best.: langs opzij (voor-/achterkant-flank),Geen hindernis
37697,11,Aalst 3,Aalst,50.93385,4.01647,2.382157662179732,50.9429452621419,4.047250821293203,2023,2,10,41002,Aalst,Normaal,Droog,Dag,met lichtgewonden,3,Fiets,9,personenauto,Op Kruispunt,Gemeenteweg,binnen bebouwde kom,Tss. 2 best.: langs opzij (voor-/achterkant-flank),Geen hindernis
37697,19,Aalst 1,Aalst,50.93433,4.01471,2.4731946913052236,50.9429452621419,4.047250821293203,2023,2,10,41002,Aalst,Normaal,Droog,Dag,met lichtgewonden,3,Fiets,9,personenauto,Op Kruispunt,Gemeenteweg,binnen bebouwde kom,Tss. 2 best.: langs opzij (voor-/achterkant-flank),Geen hindernis
37698,10,Aalst 2,Aalst,50.93549,4.01571,2.107159112804756,50.946090659575624,4.040638078995872,2023,2,15,41002,Aalst,Normaal,Droog,Dag,met lichtgewonden,3,Fiets,9,personenauto,Op Kruispunt,Gemeenteweg,binnen bebouwde kom,Tussen 2 bestuurders: Flank tegen flank,Geen hindernis
37698,11,Aalst 3,Aalst,50.93385,4.01647,2.1726028672122077,50.946090659575624,4.040638078995872,2023,2,15,41002,Aalst,Normaal,Droog,Dag,met lichtgewonden,3,Fiets,9,personenauto,Op Kruispunt,Gemeenteweg,binnen bebouwde kom,Tussen 2 bestuurders: Flank tegen flank,Geen hindernis
37698,19,Aalst 1,Aalst,50.93433,4.01471,2.238434764996156,50.946090659575624,4.040638078995872,2023,2,15,41002,Aalst,Normaal,Droog,Dag,met lichtgewonden,3,Fiets,9,personenauto,Op Kruispunt,Gemeenteweg,binnen bebouwde kom,Tussen 2 bestuurders: Flank tegen flank,Geen hindernis
37699,11,Aalst 3,Aalst,50.93385,4.01647,0.8846112178979976,50.935939707505895,4.02865042072224,2023,2,8,41002,Aalst,Normaal,Droog,Dag,met lichtgewonden,9,personenauto,3,Fiets,Buiten Kruispunt,Gewestweg,binnen bebouwde kom,Tss. 2 best.: langs opzij (voor-/achterkant-flank),Geen hindernis
37699,10,Aalst 2,Aalst,50.93549,4.01571,0.9081666711088563,50.935939707505895,4.02865042072224,2023,2,8,41002,Aalst,Normaal,Droog,Dag,met lichtgewonden,9,personenauto,3,Fiets,Buiten Kruispunt,Gewestweg,binnen bebouwde kom,Tss. 2 best.: langs opzij (voor-/achterkant-flank),Geen hindernis
37699,19,Aalst 1,Aalst,50.93433,4.01471,0.9931380482377059,50.935939707505895,4.02865042072224,2023,2,8,41002,Aalst,Normaal,Droog,Dag,met lichtgewonden,9,personenauto,3,Fiets,Buiten Kruispunt,Gewestweg,binnen bebouwde kom,Tss. 2 best.: langs opzij (voor-/achterkant-flank),Geen hindernis
37700,10,Aalst 2,Aalst,50.93549,4.01571,1.726917330392816,50.94661051683514,4.032915000183298,2023,2,13,41002,Aalst,Normaal,Droog,Dag,met lichtgewonden,9,personenauto,3,Fiets,Buiten Kruispunt,Gemeenteweg,binnen bebouwde kom,Tss. 2 best.: langs opzij (voor-/achterkant-flank),Geen hindernis
37700,11,Aalst 3,Aalst,50.93385,4.01647,1.8278369360893303,50.94661051683514,4.032915000183298,2023,2,13,41002,Aalst,Normaal,Droog,Dag,met lichtgewonden,9,personenauto,3,Fiets,Buiten Kruispunt,Gemeenteweg,binnen bebouwde kom,Tss. 2 best.: langs opzij (voor-/achterkant-flank),Geen hindernis
37700,19,Aalst 1,Aalst,50.93433,4.01471,1.86862318982291,50.94661051683514,4.032915000183298,2023,2,13,41002,Aalst,Normaal,Droog,Dag,met lichtgewonden,9,personenauto,3,Fiets,Buiten Kruispunt,Gemeenteweg,binnen bebouwde kom,Tss. 2 best.: langs opzij (voor-/achterkant-flank),Geen hindernis
37702,11,Aalst 3,Aalst,50.93385,4.01647,0.8846112178979976,50.935939707505895,4.02865042072224,2023,2,17,41002,Aalst,Normaal,Droog,Dag,met lichtgewonden,9,personenauto,3,Fiets,Buiten Kruispunt,Gewestweg,binnen bebouwde kom,Tussen 2 bestuurders: Langs achteren,Geen hindernis
37702,10,Aalst 2,Aalst,50.93549,4.01571,0.9081666711088563,50.935939707505895,4.02865042072224,2023,2,17,41002,Aalst,Normaal,Droog,Dag,met lichtgewonden,9,personenauto,3,Fiets,Buiten Kruispunt,Gewestweg,binnen bebouwde kom,Tussen 2 bestuurders: Langs achteren,Geen hindernis
37702,19,Aalst 1,Aalst,50.93433,4.01471,0.9931380482377059,50.935939707505895,4.02865042072224,2023,2,17,41002,Aalst,Normaal,Droog,Dag,met lichtgewonden,9,personenauto,3,Fiets,Buiten Kruispunt,Gewestweg,binnen bebouwde kom,Tussen 2 bestuurders: Langs achteren,Geen hindernis
37709,122,Dendermonde teller 2,Dendermonde,51.0373918,4.1019222,2.160461616118754,51.02582158025024,4.077102620178015,2023,2,8,42006,Dendermonde,Normaal,Droog,Onbekend,met lichtgewonden,3,Fiets,3,Fiets,Buiten Kruispunt,Gemeenteweg,buiten bebouwde kom,Tussen 2 bestuurders: Langs achteren,Geen hindernis
37709,125,Dendermonde totem,Dendermonde,51.0372706,4.1025998,2.1908525164092763,51.02582158025024,4.077102620178015,2023,2,8,42006,Dendermonde,Normaal,Droog,Onbekend,met lichtgewonden,3,Fiets,3,Fiets,Buiten Kruispunt,Gemeenteweg,buiten bebouwde kom,Tussen 2 bestuurders: Langs achteren,Geen hindernis
37710,125,Dendermonde totem,Dendermonde,51.0372706,4.1025998,1.3010620724511162,51.02823259358673,4.114416313282214,2023,2,14,42006,Dendermonde,Normaal,Droog,Dag,met lichtgewonden,3,Fiets,9,personenauto,Op Kruispunt,Gemeenteweg,binnen bebouwde kom,Tss. 2 best.: langs opzij (voor-/achterkant-flank),Geen hindernis
37710,122,Dendermonde teller 2,Dendermonde,51.0373918,4.1019222,1.341857216421917,51.02823259358673,4.114416313282214,2023,2,14,42006,Dendermonde,Normaal,Droog,Dag,met lichtgewonden,3,Fiets,9,personenauto,Op Kruispunt,Gemeenteweg,binnen bebouwde kom,Tss. 2 best.: langs opzij (voor-/achterkant-flank),Geen hindernis
37711,125,Dendermonde totem,Dendermonde,51.0372706,4.1025998,1.466041469142323,51.03266789134732,4.122246783922895,2023,2,8,42006,Dendermonde,Normaal,Droog,Dag,met lichtgewonden,3,Fiets,9,personenauto,Buiten Kruispunt,Gemeenteweg,binnen bebouwde kom,Tss. 2 best.: langs opzij (voor-/achterkant-flank),Geen hindernis
37711,122,Dendermonde teller 2,Dendermonde,51.0373918,4.1019222,1.5151494124374973,51.03266789134732,4.122246783922895,2023,2,8,42006,Dendermonde,Normaal,Droog,Dag,met lichtgewonden,3,Fiets,9,personenauto,Buiten Kruispunt,Gemeenteweg,binnen bebouwde kom,Tss. 2 best.: langs opzij (voor-/achterkant-flank),Geen hindernis
37712,125,Dendermonde totem,Dendermonde,51.0372706,4.1025998,1.575920731177819,51.0235687940084,4.09683970933523,2023,2,15,42006,Dendermonde,Normaal,Droog,Dag,met lichtgewonden,9,personenauto,3,Fiets,Op Kruispunt,Gemeenteweg,buiten bebouwde kom,Tussen 2 bestuurders: Langs achteren,Geen hindernis
37712,122,Dendermonde teller 2,Dendermonde,51.0373918,4.1019222,1.577607005558547,51.0235687940084,4.09683970933523,2023,2,15,42006,Dendermonde,Normaal,Droog,Dag,met lichtgewonden,9,personenauto,3,Fiets,Op Kruispunt,Gemeenteweg,buiten bebouwde kom,Tussen 2 bestuurders: Langs achteren,Geen hindernis
37713,122,Dendermonde teller 2,Dendermonde,51.0373918,4.1019222,1.6733286665511027,51.03924849329654,4.07817281011848,2023,2,15,42006,Dendermonde,Normaal,"Nat, plassen",Dag,met lichtgewonden,3,Fiets,10,"één bestuurder, geen hindernis",Buiten Kruispunt,Gemeenteweg,binnen bebouwde kom,"Eén bestuurder, geen hindernis (incl. val)",Geen hindernis
37713,125,Dendermonde totem,Dendermonde,51.0372706,4.1025998,1.7220255213872044,51.03924849329654,4.07817281011848,2023,2,15,42006,Dendermonde,Normaal,"Nat, plassen",Dag,met lichtgewonden,3,Fiets,10,"één bestuurder, geen hindernis",Buiten Kruispunt,Gemeenteweg,binnen bebouwde kom,"Eén bestuurder, geen hindernis (incl. val)",Geen hindernis
37714,125,Dendermonde totem,Dendermonde,51.0372706,4.1025998,0.8421688778579982,51.03448885207623,4.11380222403247,2023,2,12,42006,Dendermonde,Normaal,Droog,Dag,met lichtgewonden,9,personenauto,3,Fiets,Buiten Kruispunt,Gewestweg,binnen bebouwde kom,Tss. 2 best.: langs opzij (voor-/achterkant-flank),Geen hindernis
37714,122,Dendermonde teller 2,Dendermonde,51.0373918,4.1019222,0.8911994316953129,51.03448885207623,4.11380222403247,2023,2,12,42006,Dendermonde,Normaal,Droog,Dag,met lichtgewonden,9,personenauto,3,Fiets,Buiten Kruispunt,Gewestweg,binnen bebouwde kom,Tss. 2 best.: langs opzij (voor-/achterkant-flank),Geen hindernis
37715,125,Dendermonde totem,Dendermonde,51.0372706,4.1025998,1.3010620724511162,51.02823259358673,4.114416313282214,2023,2,14,42006,Dendermonde,Normaal,Droog,Dag,met lichtgewonden,9,personenauto,3,Fiets,Op Kruispunt,Gemeenteweg,binnen bebouwde kom,Tss. 2 best.: langs opzij (voor-/achterkant-flank),Geen hindernis
37715,122,Dendermonde teller 2,Dendermonde,51.0373918,4.1019222,1.341857216421917,51.02823259358673,4.114416313282214,2023,2,14,42006,Dendermonde,Normaal,Droog,Dag,met lichtgewonden,9,personenauto,3,Fiets,Op Kruispunt,Gemeenteweg,binnen bebouwde kom,Tss. 2 best.: langs opzij (voor-/achterkant-flank),Geen hindernis
37716,122,Dendermonde teller 2,Dendermonde,51.0373918,4.1019222,1.085371489064281,51.033417249925456,4.087745084314145,2023,2,15,42006,Dendermonde,Normaal,Droog,Dag,met lichtgewonden,9,personenauto,3,Fiets,Op Kruispunt,Gewestweg,binnen bebouwde kom,Tussen 2 bestuurders: Frontale botsing,Geen hindernis
37716,125,Dendermonde totem,Dendermonde,51.0372706,4.1025998,1.1236042546222114,51.033417249925456,4.087745084314145,2023,2,15,42006,Dendermonde,Normaal,Droog,Dag,met lichtgewonden,9,personenauto,3,Fiets,Op Kruispunt,Gewestweg,binnen bebouwde kom,Tussen 2 bestuurders: Frontale botsing,Geen hindernis
37717,125,Dendermonde totem,Dendermonde,51.0372706,4.1025998,1.4099148799062817,51.02471878267315,4.099743897693253,2023,2,6,42006,Dendermonde,Regenval,"Nat, plassen","Nacht, openbare verlichting aanwezig en ontstoken",met lichtgewonden,4,Vrachtwagen,3,Fiets,Op Kruispunt,Gemeenteweg,binnen bebouwde kom,Tss. 2 best.: langs opzij (voor-/achterkant-flank),Geen hindernis
37717,122,Dendermonde teller 2,Dendermonde,51.0373918,4.1019222,1.4173846045332856,51.02471878267315,4.099743897693253,2023,2,6,42006,Dendermonde,Regenval,"Nat, plassen","Nacht, openbare verlichting aanwezig en ontstoken",met lichtgewonden,4,Vrachtwagen,3,Fiets,Op Kruispunt,Gemeenteweg,binnen bebouwde kom,Tss. 2 best.: langs opzij (voor-/achterkant-flank),Geen hindernis
37718,50,"Brugge, Sint-Andries",Brugge,51.19291,3.16252,2.3595175310460443,51.20002036605428,3.194424325658549,2023,2,20,31005,Brugge,Normaal,Droog,"Nacht, openbare verlichting aanwezig en ontstoken",met lichtgewonden,9,personenauto,3,Fiets,Op Kruispunt,Gewestweg,binnen bebouwde kom,Tss. 2 best.: langs opzij (voor-/achterkant-flank),Geen hindernis
37718,51,"Brugge, Sint-Andries",Brugge,51.19281,3.16252,2.3632689869851986,51.20002036605428,3.194424325658549,2023,2,20,31005,Brugge,Normaal,Droog,"Nacht, openbare verlichting aanwezig en ontstoken",met lichtgewonden,9,personenauto,3,Fiets,Op Kruispunt,Gewestweg,binnen bebouwde kom,Tss. 2 best.: langs opzij (voor-/achterkant-flank),Geen hindernis
37719,53,Brugge teller 1,Brugge,51.23023,3.228,2.431535972025941,51.241815331936834,3.1983789226686006,2023,2,13,31005,Brugge,Normaal,Droog,Dag,met lichtgewonden,9,personenauto,3,Fiets,Op Kruispunt,Gewestweg,binnen bebouwde kom,Tss. 2 best.: langs opzij (voor-/achterkant-flank),Geen hindernis
37719,54,Brugge teller 2,Brugge,51.23015,3.22818,2.446878990479962,51.241815331936834,3.1983789226686006,2023,2,13,31005,Brugge,Normaal,Droog,Dag,met lichtgewonden,9,personenauto,3,Fiets,Op Kruispunt,Gewestweg,binnen bebouwde kom,Tss. 2 best.: langs opzij (voor-/achterkant-flank),Geen hindernis
37720,142,TEST Validatie BRUGGE Y2H22022134,Brugge,51.22632,3.24095,1.4907612788878206,51.21371858741076,3.2482569525057676,2023,2,17,31005,Brugge,Regenval,"Nat, plassen",Dag,met lichtgewonden,5,Lichte vrachtauto,3,Fiets,Op Kruispunt,Gemeenteweg,binnen bebouwde kom,Tss. 2 best.: langs opzij (voor-/achterkant-flank),Geen hindernis
37720,52,Brugge,Brugge,51.22632,3.24095,1.4907612788878206,51.21371858741076,3.2482569525057676,2023,2,17,31005,Brugge,Regenval,"Nat, plassen",Dag,met lichtgewonden,5,Lichte vrachtauto,3,Fiets,Op Kruispunt,Gemeenteweg,binnen bebouwde kom,Tss. 2 best.: langs opzij (voor-/achterkant-flank),Geen hindernis
37720,54,Brugge teller 2,Brugge,51.23015,3.22818,2.3006991729206216,51.21371858741076,3.2482569525057676,2023,2,17,31005,Brugge,Regenval,"Nat, plassen",Dag,met lichtgewonden,5,Lichte vrachtauto,3,Fiets,Op Kruispunt,Gemeenteweg,binnen bebouwde kom,Tss. 2 best.: langs opzij (voor-/achterkant-flank),Geen hindernis
37720,53,Brugge teller 1,Brugge,51.23023,3.228,2.315385495862272,51.21371858741076,3.2482569525057676,2023,2,17,31005,Brugge,Regenval,"Nat, plassen",Dag,met lichtgewonden,5,Lichte vrachtauto,3,Fiets,Op Kruispunt,Gemeenteweg,binnen bebouwde kom,Tss. 2 best.: langs opzij (voor-/achterkant-flank),Geen hindernis
37723,142,TEST Validatie BRUGGE Y2H22022134,Brugge,51.22632,3.24095,1.7261099507897153,51.210847950305194,3.242961836512065,2023,2,17,31005,Brugge,Normaal,Droog+Proper,Dag,met lichtgewonden,9,personenauto,3,Fiets,Buiten Kruispunt,Gewestweg,binnen bebouwde kom,Tss. 2 best.: langs opzij (voor-/achterkant-flank),Geen hindernis
37723,52,Brugge,Brugge,51.22632,3.24095,1.7261099507897153,51.210847950305194,3.242961836512065,2023,2,17,31005,Brugge,Normaal,Droog+Proper,Dag,met lichtgewonden,9,personenauto,3,Fiets,Buiten Kruispunt,Gewestweg,binnen bebouwde kom,Tss. 2 best.: langs opzij (voor-/achterkant-flank),Geen hindernis
37723,54,Brugge teller 2,Brugge,51.23015,3.22818,2.3804130229104983,51.210847950305194,3.242961836512065,2023,2,17,31005,Brugge,Normaal,Droog+Proper,Dag,met lichtgewonden,9,personenauto,3,Fiets,Buiten Kruispunt,Gewestweg,binnen bebouwde kom,Tss. 2 best.: langs opzij (voor-/achterkant-flank),Geen hindernis
37723,53,Brugge teller 1,Brugge,51.23023,3.228,2.393866397667809,51.210847950305194,3.242961836512065,2023,2,17,31005,Brugge,Normaal,Droog+Proper,Dag,met lichtgewonden,9,personenauto,3,Fiets,Buiten Kruispunt,Gewestweg,binnen bebouwde kom,Tss. 2 best.: langs opzij (voor-/achterkant-flank),Geen hindernis
37724,142,TEST Validatie BRUGGE Y2H22022134,Brugge,51.22632,3.24095,2.4355322636369894,51.206927646334485,3.2246933263572717,2023,2,14,31005,Brugge,Normaal,Onbekend,Dag,met zwaargewonden,3,Fiets,5,Lichte vrachtauto,Buiten Kruispunt,Gemeenteweg,binnen bebouwde kom,Tss. 2 best.: langs opzij (voor-/achterkant-flank),Geen hindernis
37724,52,Brugge,Brugge,51.22632,3.24095,2.4355322636369894,51.206927646334485,3.2246933263572717,2023,2,14,31005,Brugge,Normaal,Onbekend,Dag,met zwaargewonden,3,Fiets,5,Lichte vrachtauto,Buiten Kruispunt,Gemeenteweg,binnen bebouwde kom,Tss. 2 best.: langs opzij (voor-/achterkant-flank),Geen hindernis
37725,142,TEST Validatie BRUGGE Y2H22022134,Brugge,51.22632,3.24095,2.4867084236672543,51.20440807213035,3.248088382136063,2023,2,8,31005,Brugge,Normaal,Droog,Dag,met lichtgewonden,9,personenauto,3,Fiets,Op Kruispunt,Gemeenteweg,binnen bebouwde kom,Tss. 2 best.: langs opzij (voor-/achterkant-flank),Geen hindernis
37725,52,Brugge,Brugge,51.22632,3.24095,2.4867084236672543,51.20440807213035,3.248088382136063,2023,2,8,31005,Brugge,Normaal,Droog,Dag,met lichtgewonden,9,personenauto,3,Fiets,Op Kruispunt,Gemeenteweg,binnen bebouwde kom,Tss. 2 best.: langs opzij (voor-/achterkant-flank),Geen hindernis
37727,50,"Brugge, Sint-Andries",Brugge,51.19291,3.16252,1.697754359966042,51.198110012834135,3.185427756409651,2023,2,16,31005,Brugge,Normaal,Droog,Dag,met lichtgewonden,3,Fiets,6,Bromfiets,Buiten Kruispunt,Gewestweg,binnen bebouwde kom,Tussen 2 bestuurders: Flank tegen flank,Geen hindernis
37727,51,"Brugge, Sint-Andries",Brugge,51.19281,3.16252,1.7015751396000498,51.198110012834135,3.185427756409651,2023,2,16,31005,Brugge,Normaal,Droog,Dag,met lichtgewonden,3,Fiets,6,Bromfiets,Buiten Kruispunt,Gewestweg,binnen bebouwde kom,Tussen 2 bestuurders: Flank tegen flank,Geen hindernis
37728,54,Brugge teller 2,Brugge,51.23015,3.22818,0.9904791751886904,51.22129062254103,3.2267020804794107,2023,2,19,31005,Brugge,Normaal,Droog,"Nacht, openbare verlichting aanwezig en ontstoken",met lichtgewonden,6,Bromfiets,3,Fiets,Op Kruispunt,Gewestweg,binnen bebouwde kom,Tss. 2 best.: langs opzij (voor-/achterkant-flank),Geen hindernis