crash_row_id,site_id,site_name,site_gemeente,site_lat,site_long,distance_km,crash_lat,crash_long,DT_YEAR_COLLISION,DT_MONTH_COLLISION,DT_TIME,CD_NIS,TX_MUNTY_COLLISION_NL,TX_WEATHER_NL,TX_ROAD_CONDITION_NL,TX_LIGHT_CONDITION_NL,TX_CLASS_ACCIDENTS_NL,CD_ROAD_USR_TYPE1,TX_ROAD_USR_TYPE1_NL,CD_ROAD_USR_TYPE2,TX_ROAD_USR_TYPE2_NL,TX_CROSSWAY_NL,CD_ROAD_TYPE_NL,TX_BUILD_UP_AREA_NL,TX_COLLISION_TYPE_NL,TX_OBSTACLES_NL
37728,53,Brugge teller 1,Brugge,51.23023,3.228,0.9981140309355857,51.22129062254103,3.2267020804794107,2023,2,19,31005,Brugge,Normaal,Droog,"Nacht, openbare verlichting aanwezig en ontstoken",met lichtgewonden,6,Bromfiets,3,Fiets,Op Kruispunt,Gewestweg,binnen bebouwde kom,Tss. 2 best.: langs opzij (voor-/achterkant-flank),Geen hindernis
37728,52,Brugge,Brugge,51.22632,3.24095,1.1389633594888262,51.22129062254103,3.2267020804794107,2023,2,19,31005,Brugge,Normaal,Droog,"Nacht, openbare verlichting aanwezig en ontstoken",met lichtgewonden,6,Bromfiets,3,Fiets,Op Kruispunt,Gewestweg,binnen bebouwde kom,Tss. 2 best.: langs opzij (voor-/achterkant-flank),Geen hindernis
37728,142,TEST Validatie BRUGGE Y2H22022134,Brugge,51.22632,3.24095,1.1389633594888262,51.22129062254103,3.2267020804794107,2023,2,19,31005,Brugge,Normaal,Droog,"Nacht, openbare verlichting aanwezig en ontstoken",met lichtgewonden,6,Bromfiets,3,Fiets,Op Kruispunt,Gewestweg,binnen bebouwde kom,Tss. 2 best.: langs opzij (voor-/achterkant-flank),Geen hindernis
37740,15,Oostende 2,Oostende,51.21371,2.92743,2.124483781927135,51.230631578974645,2.913265683018392,2023,2,7,35013,Oostende,Normaal,Droog,"Nacht, openbare verlichting aanwezig en ontstoken",met lichtgewonden,9,personenauto,3,Fiets,Op Kruispunt,Gewestweg,binnen bebouwde kom,Tss. 2 best.: langs opzij (voor-/achterkant-flank),Geen hindernis
37740,18,Oostende 1,Oostende,51.21378,2.92765,2.124772976143416,51.230631578974645,2.913265683018392,2023,2,7,35013,Oostende,Normaal,Droog,"Nacht, openbare verlichting aanwezig en ontstoken",met lichtgewonden,9,personenauto,3,Fiets,Op Kruispunt,Gewestweg,binnen bebouwde kom,Tss. 2 best.: langs opzij (voor-/achterkant-flank),Geen hindernis
37741,15,Oostende 2,Oostende,51.21371,2.92743,1.3830078520437679,51.2112850166497,2.9079562777759245,2023,2,16,35013,Oostende,Normaal,Droog,Dag,met lichtgewonden,9,personenauto,3,Fiets,Op Kruispunt,Gemeenteweg,binnen bebouwde kom,Tss. 2 best.: langs opzij (voor-/achterkant-flank),Geen hindernis
37741,18,Oostende 1,Oostende,51.21378,2.92765,1.3995624133302815,51.2112850166497,2.9079562777759245,2023,2,16,35013,Oostende,Normaal,Droog,Dag,met lichtgewonden,9,personenauto,3,Fiets,Op Kruispunt,Gemeenteweg,binnen bebouwde kom,Tss. 2 best.: langs opzij (voor-/achterkant-flank),Geen hindernis
37745,56,Torhout teller 2,Torhout,51.07147,3.08244,0.5589246700936478,51.07381510038993,3.0753642244120694,2023,2,7,31033,Torhout,Normaal,Droog,Dageraad - schemering,met lichtgewonden,9,personenauto,3,Fiets,Buiten Kruispunt,Gewestweg,buiten bebouwde kom,Tussen 2 bestuurders: Frontale botsing,Geen hindernis
37745,55,Torhout teller 1,Torhout,51.07161,3.08261,0.5624983282049727,51.07381510038993,3.0753642244120694,2023,2,7,31033,Torhout,Normaal,Droog,Dageraad - schemering,met lichtgewonden,9,personenauto,3,Fiets,Buiten Kruispunt,Gewestweg,buiten bebouwde kom,Tussen 2 bestuurders: Frontale botsing,Geen hindernis
37750,84,Roeselare totem,Izegem,50.91717,3.18772,1.643726162200506,50.91253530348221,3.209984242454617,2023,2,8,36008,Izegem,Onbekend,Onbekend,Onbekend,met lichtgewonden,9,personenauto,3,Fiets,Op Kruispunt,Gemeenteweg,binnen bebouwde kom,Tss. 2 best.: langs opzij (voor-/achterkant-flank),Geen hindernis
37752,84,Roeselare totem,Izegem,50.91717,3.18772,1.5167365202155234,50.91700949873371,3.209354575539736,2023,2,12,36008,Izegem,Normaal,Droog,Dag,met lichtgewonden,9,personenauto,3,Fiets,Buiten Kruispunt,Gemeenteweg,binnen bebouwde kom,Tss. 2 best.: langs opzij (voor-/achterkant-flank),Geen hindernis
37756,84,Roeselare totem,Izegem,50.91717,3.18772,2.393507494000414,50.916241449353926,3.2218310475680916,2023,2,12,36008,Izegem,Normaal,Droog,Dag,met lichtgewonden,9,personenauto,3,Fiets,Op Kruispunt,Gewestweg,binnen bebouwde kom,Tussen 2 bestuurders: Flank tegen flank,Geen hindernis
37759,61,Wervik teller 2,Wervik,50.80555,3.0921,2.1347733726929268,50.79644049468755,3.118839296974444,2023,2,21,34027,Menen,Normaal,Droog,"Nacht, openbare verlichting aanwezig en ontstoken",met lichtgewonden,9,personenauto,3,Fiets,Op Kruispunt,Gewestweg,binnen bebouwde kom,Tss. 2 best.: langs opzij (voor-/achterkant-flank),Geen hindernis
37759,62,Wervik teller 1,Wervik,50.8058,3.09154,2.182609535037829,50.79644049468755,3.118839296974444,2023,2,21,34027,Menen,Normaal,Droog,"Nacht, openbare verlichting aanwezig en ontstoken",met lichtgewonden,9,personenauto,3,Fiets,Op Kruispunt,Gewestweg,binnen bebouwde kom,Tss. 2 best.: langs opzij (voor-/achterkant-flank),Geen hindernis
37760,61,Wervik teller 2,Wervik,50.80555,3.0921,2.469242350399853,50.79652098862775,3.1242004713951377,2023,2,8,34027,Menen,Normaal,Droog,Dag,met zwaargewonden,3,Fiets,9,personenauto,Buiten Kruispunt,Gewestweg,binnen bebouwde kom,Tss. 2 best.: langs opzij (voor-/achterkant-flank),Geen hindernis
37761,61,Wervik teller 2,Wervik,50.80555,3.0921,1.3894905016985895,50.8060301396853,3.111859064958489,2023,2,7,34027,Menen,Regenval,"Nat, plassen",Dag,met lichtgewonden,3,Fiets,9,personenauto,Op Kruispunt,Gemeenteweg,binnen bebouwde kom,Tss. 2 best.: langs opzij (voor-/achterkant-flank),Geen hindernis
37761,62,Wervik teller 1,Wervik,50.8058,3.09154,1.4280409675315255,50.8060301396853,3.111859064958489,2023,2,7,34027,Menen,Regenval,"Nat, plassen",Dag,met lichtgewonden,3,Fiets,9,personenauto,Op Kruispunt,Gemeenteweg,binnen bebouwde kom,Tss. 2 best.: langs opzij (voor-/achterkant-flank),Geen hindernis
37765,75,Kortrijk teller 2,Kortrijk,50.81925,3.25731,2.411201169495046,50.82584170897623,3.2246085697209437,2023,2,7,34022,Kortrijk,Normaal,Droog,"Nacht, openbare verlichting aanwezig en ontstoken",met lichtgewonden,3,Fiets,10,"één bestuurder, geen hindernis",Buiten Kruispunt,Gemeenteweg,binnen bebouwde kom,"Eén bestuurder, geen hindernis (incl. val)",Geen hindernis
37765,74,Kortrijk teller 1,Kortrijk,50.81909,3.25728,2.4146695852431748,50.82584170897623,3.2246085697209437,2023,2,7,34022,Kortrijk,Normaal,Droog,"Nacht, openbare verlichting aanwezig en ontstoken",met lichtgewonden,3,Fiets,10,"één bestuurder, geen hindernis",Buiten Kruispunt,Gemeenteweg,binnen bebouwde kom,"Eén bestuurder, geen hindernis (incl. val)",Geen hindernis
37766,143,Eco Display Classic Budastraat,Kortrijk,50.83066,3.26286,0.25266665817541917,50.82868815866147,3.264647784012214,2023,2,18,34022,Kortrijk,Onbekend,Droog,Onbekend,met lichtgewonden,9,personenauto,3,Fiets,Buiten Kruispunt,Gemeenteweg,binnen bebouwde kom,Tussen 2 bestuurders: Flank tegen flank,Geen hindernis
37766,16,Kortrijk 1,Kortrijk,50.83332,3.27777,1.0557482850518773,50.82868815866147,3.264647784012214,2023,2,18,34022,Kortrijk,Onbekend,Droog,Onbekend,met lichtgewonden,9,personenauto,3,Fiets,Buiten Kruispunt,Gemeenteweg,binnen bebouwde kom,Tussen 2 bestuurders: Flank tegen flank,Geen hindernis
37766,17,Kortrijk 2,Kortrijk,50.83339,3.27773,1.0571240950673157,50.82868815866147,3.264647784012214,2023,2,18,34022,Kortrijk,Onbekend,Droog,Onbekend,met lichtgewonden,9,personenauto,3,Fiets,Buiten Kruispunt,Gemeenteweg,binnen bebouwde kom,Tussen 2 bestuurders: Flank tegen flank,Geen hindernis
37766,75,Kortrijk teller 2,Kortrijk,50.81925,3.25731,1.1692133915785512,50.82868815866147,3.264647784012214,2023,2,18,34022,Kortrijk,Onbekend,Droog,Onbekend,met lichtgewonden,9,personenauto,3,Fiets,Buiten Kruispunt,Gemeenteweg,binnen bebouwde kom,Tussen 2 bestuurders: Flank tegen flank,Geen hindernis
37766,74,Kortrijk teller 1,Kortrijk,50.81909,3.25728,1.1861268660076365,50.82868815866147,3.264647784012214,2023,2,18,34022,Kortrijk,Onbekend,Droog,Onbekend,met lichtgewonden,9,personenauto,3,Fiets,Buiten Kruispunt,Gemeenteweg,binnen bebouwde kom,Tussen 2 bestuurders: Flank tegen flank,Geen hindernis
37767,74,Kortrijk teller 1,Kortrijk,50.81909,3.25728,0.9327004326019435,50.81691627983376,3.270103057397476,2023,2,10,34022,Kortrijk,Normaal,Droog,Dag,met lichtgewonden,4,Vrachtwagen,3,Fiets,Op Kruispunt,Gewestweg,binnen bebouwde kom,Tussen 2 bestuurders: Flank tegen flank,Geen hindernis
37767,75,Kortrijk teller 2,Kortrijk,50.81925,3.25731,0.9354419763254571,50.81691627983376,3.270103057397476,2023,2,10,34022,Kortrijk,Normaal,Droog,Dag,met lichtgewonden,4,Vrachtwagen,3,Fiets,Op Kruispunt,Gewestweg,binnen bebouwde kom,Tussen 2 bestuurders: Flank tegen flank,Geen hindernis
37767,143,Eco Display Classic Budastraat,Kortrijk,50.83066,3.26286,1.6106959783620476,50.81691627983376,3.270103057397476,2023,2,10,34022,Kortrijk,Normaal,Droog,Dag,met lichtgewonden,4,Vrachtwagen,3,Fiets,Op Kruispunt,Gewestweg,binnen bebouwde kom,Tussen 2 bestuurders: Flank tegen flank,Geen hindernis
37767,16,Kortrijk 1,Kortrijk,50.83332,3.27777,1.9018490941125457,50.81691627983376,3.270103057397476,2023,2,10,34022,Kortrijk,Normaal,Droog,Dag,met lichtgewonden,4,Vrachtwagen,3,Fiets,Op Kruispunt,Gewestweg,binnen bebouwde kom,Tussen 2 bestuurders: Flank tegen flank,Geen hindernis
37767,17,Kortrijk 2,Kortrijk,50.83339,3.27773,1.9085247658177575,50.81691627983376,3.270103057397476,2023,2,10,34022,Kortrijk,Normaal,Droog,Dag,met lichtgewonden,4,Vrachtwagen,3,Fiets,Op Kruispunt,Gewestweg,binnen bebouwde kom,Tussen 2 bestuurders: Flank tegen flank,Geen hindernis
37768,143,Eco Display Classic Budastraat,Kortrijk,50.83066,3.26286,0.2176964768262683,50.830667994366834,3.259760363721534,2023,2,15,34022,Kortrijk,Normaal,Droog,Dag,met zwaargewonden,3,Fiets,3,Fiets,Op Kruispunt,Gemeenteweg,binnen bebouwde kom,Tss. 2 best.: langs opzij (voor-/achterkant-flank),Geen hindernis
37768,75,Kortrijk teller 2,Kortrijk,50.81925,3.25731,1.2812363239996993,50.830667994366834,3.259760363721534,2023,2,15,34022,Kortrijk,Normaal,Droog,Dag,met zwaargewonden,3,Fiets,3,Fiets,Op Kruispunt,Gemeenteweg,binnen bebouwde kom,Tss. 2 best.: langs opzij (voor-/achterkant-flank),Geen hindernis
37768,17,Kortrijk 2,Kortrijk,50.83339,3.27773,1.2978006123620065,50.830667994366834,3.259760363721534,2023,2,15,34022,Kortrijk,Normaal,Droog,Dag,met zwaargewonden,3,Fiets,3,Fiets,Op Kruispunt,Gemeenteweg,binnen bebouwde kom,Tss. 2 best.: langs opzij (voor-/achterkant-flank),Geen hindernis
37768,16,Kortrijk 1,Kortrijk,50.83332,3.27777,1.298744017020008,50.830667994366834,3.259760363721534,2023,2,15,34022,Kortrijk,Normaal,Droog,Dag,met zwaargewonden,3,Fiets,3,Fiets,Op Kruispunt,Gemeenteweg,binnen bebouwde kom,Tss. 2 best.: langs opzij (voor-/achterkant-flank),Geen hindernis
37768,74,Kortrijk teller 1,Kortrijk,50.81909,3.25728,1.2991494017550897,50.830667994366834,3.259760363721534,2023,2,15,34022,Kortrijk,Normaal,Droog,Dag,met zwaargewonden,3,Fiets,3,Fiets,Op Kruispunt,Gemeenteweg,binnen bebouwde kom,Tss. 2 best.: langs opzij (voor-/achterkant-flank),Geen hindernis
37769,74,Kortrijk teller 1,Kortrijk,50.81909,3.25728,2.0614799018404026,50.80276385219402,3.271181805117168,2023,2,16,34022,Kortrijk,Onbekend,Onbekend,Dag,met lichtgewonden,8,Voetganger,3,Fiets,Buiten Kruispunt,Gewestweg,binnen bebouwde kom,Met een voetganger,Geen hindernis
37769,75,Kortrijk teller 2,Kortrijk,50.81925,3.25731,2.0761731674911217,50.80276385219402,3.271181805117168,2023,2,16,34022,Kortrijk,Onbekend,Onbekend,Dag,met lichtgewonden,8,Voetganger,3,Fiets,Buiten Kruispunt,Gewestweg,binnen bebouwde kom,Met een voetganger,Geen hindernis
37770,16,Kortrijk 1,Kortrijk,50.83332,3.27777,0.9187530217638042,50.825070726669324,3.2770288857644125,2023,2,8,34022,Kortrijk,Normaal,Droog,Dag,met lichtgewonden,5,Lichte vrachtauto,3,Fiets,Buiten Kruispunt,Gemeenteweg,binnen bebouwde kom,Tussen 2 bestuurders: Flank tegen flank,Geen hindernis
37770,17,Kortrijk 2,Kortrijk,50.83339,3.27773,0.9263706841679823,50.825070726669324,3.2770288857644125,2023,2,8,34022,Kortrijk,Normaal,Droog,Dag,met lichtgewonden,5,Lichte vrachtauto,3,Fiets,Buiten Kruispunt,Gemeenteweg,binnen bebouwde kom,Tussen 2 bestuurders: Flank tegen flank,Geen hindernis
37770,143,Eco Display Classic Budastraat,Kortrijk,50.83066,3.26286,1.1732991910796853,50.825070726669324,3.2770288857644125,2023,2,8,34022,Kortrijk,Normaal,Droog,Dag,met lichtgewonden,5,Lichte vrachtauto,3,Fiets,Buiten Kruispunt,Gemeenteweg,binnen bebouwde kom,Tussen 2 bestuurders: Flank tegen flank,Geen hindernis
37770,75,Kortrijk teller 2,Kortrijk,50.81925,3.25731,1.5289111017935682,50.825070726669324,3.2770288857644125,2023,2,8,34022,Kortrijk,Normaal,Droog,Dag,met lichtgewonden,5,Lichte vrachtauto,3,Fiets,Buiten Kruispunt,Gemeenteweg,binnen bebouwde kom,Tussen 2 bestuurders: Flank tegen flank,Geen hindernis
37770,74,Kortrijk teller 1,Kortrijk,50.81909,3.25728,1.5384293654311232,50.825070726669324,3.2770288857644125,2023,2,8,34022,Kortrijk,Normaal,Droog,Dag,met lichtgewonden,5,Lichte vrachtauto,3,Fiets,Buiten Kruispunt,Gemeenteweg,binnen bebouwde kom,Tussen 2 bestuurders: Flank tegen flank,Geen hindernis
37771,17,Kortrijk 2,Kortrijk,50.83339,3.27773,2.289639247960683,50.85076182126045,3.295237416064932,2023,2,7,34023,Kuurne,Normaal,Proper,Dageraad - schemering,met lichtgewonden,3,Fiets,10,"één bestuurder, geen hindernis",Buiten Kruispunt,Gemeenteweg,binnen bebouwde kom,"Eén bestuurder, geen hindernis (incl. val)",Geen hindernis
37771,16,Kortrijk 1,Kortrijk,50.83332,3.27777,2.2947078554367613,50.85076182126045,3.295237416064932,2023,2,7,34023,Kuurne,Normaal,Proper,Dageraad - schemering,met lichtgewonden,3,Fiets,10,"één bestuurder, geen hindernis",Buiten Kruispunt,Gemeenteweg,binnen bebouwde kom,"Eén bestuurder, geen hindernis (incl. val)",Geen hindernis
37772,16,Kortrijk 1,Kortrijk,50.83332,3.27777,0.6449869010102927,50.82845416757624,3.2727709462415833,2023,2,10,34022,Kortrijk,Normaal,Droog,Dag,met lichtgewonden,3,Fiets,10,"één bestuurder, geen hindernis",Op Kruispunt,Gewestweg,binnen bebouwde kom,"Eén bestuurder, geen hindernis (incl. val)",Geen hindernis
37772,17,Kortrijk 2,Kortrijk,50.83339,3.27773,0.6500204087911968,50.82845416757624,3.2727709462415833,2023,2,10,34022,Kortrijk,Normaal,Droog,Dag,met lichtgewonden,3,Fiets,10,"één bestuurder, geen hindernis",Op Kruispunt,Gewestweg,binnen bebouwde kom,"Eén bestuurder, geen hindernis (incl. val)",Geen hindernis
37772,143,Eco Display Classic Budastraat,Kortrijk,50.83066,3.26286,0.7380350512780994,50.82845416757624,3.2727709462415833,2023,2,10,34022,Kortrijk,Normaal,Droog,Dag,met lichtgewonden,3,Fiets,10,"één bestuurder, geen hindernis",Op Kruispunt,Gewestweg,binnen bebouwde kom,"Eén bestuurder, geen hindernis (incl. val)",Geen hindernis
37772,75,Kortrijk teller 2,Kortrijk,50.81925,3.25731,1.4922787437756027,50.82845416757624,3.2727709462415833,2023,2,10,34022,Kortrijk,Normaal,Droog,Dag,met lichtgewonden,3,Fiets,10,"één bestuurder, geen hindernis",Op Kruispunt,Gewestweg,binnen bebouwde kom,"Eén bestuurder, geen hindernis (incl. val)",Geen hindernis
37772,74,Kortrijk teller 1,Kortrijk,50.81909,3.25728,1.506059418592179,50.82845416757624,3.2727709462415833,2023,2,10,34022,Kortrijk,Normaal,Droog,Dag,met lichtgewonden,3,Fiets,10,"één bestuurder, geen hindernis",Op Kruispunt,Gewestweg,binnen bebouwde kom,"Eén bestuurder, geen hindernis (incl. val)",Geen hindernis
37778,17,Kortrijk 2,Kortrijk,50.83339,3.27773,1.4429013203892624,50.84051463259598,3.2949033682179985,2023,2,7,34013,Harelbeke,Normaal,"Nat, plassen",Dag,met lichtgewonden,3,Fiets,9,personenauto,Op Kruispunt,Gemeenteweg,binnen bebouwde kom,Tss. 2 best.: langs opzij (voor-/achterkant-flank),Geen hindernis
37778,16,Kortrijk 1,Kortrijk,50.83332,3.27777,1.4448504203764967,50.84051463259598,3.2949033682179985,2023,2,7,34013,Harelbeke,Normaal,"Nat, plassen",Dag,met lichtgewonden,3,Fiets,9,personenauto,Op Kruispunt,Gemeenteweg,binnen bebouwde kom,Tss. 2 best.: langs opzij (voor-/achterkant-flank),Geen hindernis
37782,17,Kortrijk 2,Kortrijk,50.83339,3.27773,1.0906139369022487,50.84058915336819,3.2882777310743307,2023,2,11,34013,Harelbeke,Normaal,Droog,Dag,met lichtgewonden,9,personenauto,3,Fiets,Buiten Kruispunt,Gewestweg,binnen bebouwde kom,Tss. 2 best.: langs opzij (voor-/achterkant-flank),Geen hindernis
37782,16,Kortrijk 1,Kortrijk,50.83332,3.27777,1.094444488380202,50.84058915336819,3.2882777310743307,2023,2,11,34013,Harelbeke,Normaal,Droog,Dag,met lichtgewonden,9,personenauto,3,Fiets,Buiten Kruispunt,Gewestweg,binnen bebouwde kom,Tss. 2 best.: langs opzij (voor-/achterkant-flank),Geen hindernis
37782,143,Eco Display Classic Budastraat,Kortrijk,50.83066,3.26286,2.0988196494243603,50.84058915336819,3.2882777310743307,2023,2,11,34013,Harelbeke,Normaal,Droog,Dag,met lichtgewonden,9,personenauto,3,Fiets,Buiten Kruispunt,Gewestweg,binnen bebouwde kom,Tss. 2 best.: langs opzij (voor-/achterkant-flank),Geen hindernis
37784,17,Kortrijk 2,Kortrijk,50.83339,3.27773,1.802472106040472,50.84338480047999,3.2979387140471617,2023,2,4,34013,Harelbeke,Normaal,Droog,"Nacht, openbare verlichting aanwezig en ontstoken",met lichtgewonden,3,Fiets,10,"één bestuurder, geen hindernis",Buiten Kruispunt,Gemeenteweg,binnen bebouwde kom,"Eén bestuurder, geen hindernis (incl. val)",Geen hindernis
37784,16,Kortrijk 1,Kortrijk,50.83332,3.27777,1.8050779385216527,50.84338480047999,3.2979387140471617,2023,2,4,34013,Harelbeke,Normaal,Droog,"Nacht, openbare verlichting aanwezig en ontstoken",met lichtgewonden,3,Fiets,10,"één bestuurder, geen hindernis",Buiten Kruispunt,Gemeenteweg,binnen bebouwde kom,"Eén bestuurder, geen hindernis (incl. val)",Geen hindernis
37785,67,Ieper totem,Ieper,50.85018,2.85624,1.3492661014926866,50.85088154920425,2.8754275007064503,2023,2,14,33011,Ieper,Normaal,Droog,Dag,met lichtgewonden,9,personenauto,3,Fiets,Op Kruispunt,Gewestweg,binnen bebouwde kom,Tss. 2 best.: langs opzij (voor-/achterkant-flank),Geen hindernis
37785,68,Ieper,Ieper,50.85032,2.85608,1.3596740324741219,50.85088154920425,2.8754275007064503,2023,2,14,33011,Ieper,Normaal,Droog,Dag,met lichtgewonden,9,personenauto,3,Fiets,Op Kruispunt,Gewestweg,binnen bebouwde kom,Tss. 2 best.: langs opzij (voor-/achterkant-flank),Geen hindernis
37790,62,Wervik teller 1,Wervik,50.8058,3.09154,1.2067887121393652,50.80967991894983,3.0755006253021984,2023,2,6,33029,Wervik,Normaal,Droog,"Nacht, openbare verlichting aanwezig en ontstoken",met lichtgewonden,3,Fiets,11,een weggebruiker tegen een hindernis,Op Kruispunt,Gewestweg,binnen bebouwde kom,Weggebruiker tegen hindernis buiten rijbaan,Buiten de rijbaan: Muur gebouw
37790,61,Wervik teller 2,Wervik,50.80555,3.0921,1.2535350309242195,50.80967991894983,3.0755006253021984,2023,2,6,33029,Wervik,Normaal,Droog,"Nacht, openbare verlichting aanwezig en ontstoken",met lichtgewonden,3,Fiets,11,een weggebruiker tegen een hindernis,Op Kruispunt,Gewestweg,binnen bebouwde kom,Weggebruiker tegen hindernis buiten rijbaan,Buiten de rijbaan: Muur gebouw
37792,67,Ieper totem,Ieper,50.85018,2.85624,1.7589581689163456,50.85262901393376,2.8809938879027897,2023,2,11,33011,Ieper,Normaal,Droog,Dag,met lichtgewonden,3,Fiets,10,"één bestuurder, geen hindernis",Buiten Kruispunt,Gemeenteweg,binnen bebouwde kom,"Eén bestuurder, geen hindernis (incl. val)",Geen hindernis
37792,68,Ieper,Ieper,50.85032,2.85608,1.7677251209547908,50.85262901393376,2.8809938879027897,2023,2,11,33011,Ieper,Normaal,Droog,Dag,met lichtgewonden,3,Fiets,10,"één bestuurder, geen hindernis",Buiten Kruispunt,Gemeenteweg,binnen bebouwde kom,"Eén bestuurder, geen hindernis (incl. val)",Geen hindernis
37793,67,Ieper totem,Ieper,50.85018,2.85624,2.393484049150326,50.853009575857655,2.8900389445324914,2023,2,8,33011,Ieper,Normaal,Droog,Dag,met lichtgewonden,9,personenauto,3,Fiets,Op Kruispunt,Gemeenteweg,binnen bebouwde kom,Tss. 2 best.: langs opzij (voor-/achterkant-flank),Geen hindernis
37793,68,Ieper,Ieper,50.85032,2.85608,2.40262826839901,50.853009575857655,2.8900389445324914,2023,2,8,33011,Ieper,Normaal,Droog,Dag,met lichtgewonden,9,personenauto,3,Fiets,Op Kruispunt,Gemeenteweg,binnen bebouwde kom,Tss. 2 best.: langs opzij (voor-/achterkant-flank),Geen hindernis
37795,67,Ieper totem,Ieper,50.85018,2.85624,1.7733648942396332,50.858828844428125,2.8774653875964638,2023,2,7,33011,Ieper,Normaal,Droog,Dageraad - schemering,met lichtgewonden,9,personenauto,3,Fiets,Op Kruispunt,Gewestweg,binnen bebouwde kom,Tussen 2 bestuurders: Flank tegen flank,Geen hindernis
37795,68,Ieper,Ieper,50.85032,2.85608,1.7744607289694105,50.858828844428125,2.8774653875964638,2023,2,7,33011,Ieper,Normaal,Droog,Dageraad - schemering,met lichtgewonden,9,personenauto,3,Fiets,Op Kruispunt,Gewestweg,binnen bebouwde kom,Tussen 2 bestuurders: Flank tegen flank,Geen hindernis
37798,62,Wervik teller 1,Wervik,50.8058,3.09154,0.6596508271730708,50.80856480178845,3.08323417607657,2023,2,7,33029,Wervik,Normaal,Droog,"Nacht, openbare verlichting aanwezig en ontstoken",met lichtgewonden,9,personenauto,3,Fiets,Op Kruispunt,Gewestweg,binnen bebouwde kom,Tss. 2 best.: langs opzij (voor-/achterkant-flank),Geen hindernis
37798,61,Wervik teller 2,Wervik,50.80555,3.0921,0.7074507127789758,50.80856480178845,3.08323417607657,2023,2,7,33029,Wervik,Normaal,Droog,"Nacht, openbare verlichting aanwezig en ontstoken",met lichtgewonden,9,personenauto,3,Fiets,Op Kruispunt,Gewestweg,binnen bebouwde kom,Tss. 2 best.: langs opzij (voor-/achterkant-flank),Geen hindernis
37799,67,Ieper totem,Ieper,50.85018,2.85624,1.3485661420141783,50.856890223438185,2.8722425272471335,2023,1,13,33011,Ieper,Normaal,Onbekend,Dag,met lichtgewonden,9,personenauto,3,Fiets,Buiten Kruispunt,Gewestweg,binnen bebouwde kom,Tss. 2 best.: langs opzij (voor-/achterkant-flank),Geen hindernis
37799,68,Ieper,Ieper,50.85032,2.85608,1.3494437629694502,50.856890223438185,2.8722425272471335,2023,1,13,33011,Ieper,Normaal,Onbekend,Dag,met lichtgewonden,9,personenauto,3,Fiets,Buiten Kruispunt,Gewestweg,binnen bebouwde kom,Tss. 2 best.: langs opzij (voor-/achterkant-flank),Geen hindernis
37805,18,Oostende 1,Oostende,51.21378,2.92765,1.4840645789577573,51.219419720053885,2.9469616675431958,2023,2,7,35013,Oostende,Normaal,Droog,Dag,met lichtgewonden,3,Fiets,10,"één bestuurder, geen hindernis",Op Kruispunt,Gemeenteweg,binnen bebouwde kom,"Eén bestuurder, geen hindernis (incl. val)",Geen hindernis
37805,15,Oostende 2,Oostende,51.21371,2.92743,1.5012424670544984,51.219419720053885,2.9469616675431958,2023,2,7,35013,Oostende,Normaal,Droog,Dag,met lichtgewonden,3,Fiets,10,"één bestuurder, geen hindernis",Op Kruispunt,Gemeenteweg,binnen bebouwde kom,"Eén bestuurder, geen hindernis (incl. val)",Geen hindernis
37806,18,Oostende 1,Oostende,51.21378,2.92765,1.311057703352379,51.22500174599679,2.9334267098271383,2023,2,7,35013,Oostende,Normaal,Droog,"Nacht, openbare verlichting aanwezig en ontstoken",met zwaargewonden,5,Lichte vrachtauto,3,Fiets,Buiten Kruispunt,Gewestweg,binnen bebouwde kom,Tussen 2 bestuurders: Frontale botsing,Geen hindernis
37806,15,Oostende 2,Oostende,51.21371,2.92743,1.3232239709914753,51.22500174599679,2.9334267098271383,2023,2,7,35013,Oostende,Normaal,Droog,"Nacht, openbare verlichting aanwezig en ontstoken",met zwaargewonden,5,Lichte vrachtauto,3,Fiets,Buiten Kruispunt,Gewestweg,binnen bebouwde kom,Tussen 2 bestuurders: Frontale botsing,Geen hindernis
37809,124,Beveren teller 2,Beveren,51.1964712,4.2361077,2.1234407074983896,51.21287267494825,4.251719015902735,2023,2,20,46003,Beveren,Normaal,Droog,Dageraad - schemering,met lichtgewonden,9,personenauto,3,Fiets,Buiten Kruispunt,Gemeenteweg,binnen bebouwde kom,Tss. 2 best.: langs opzij (voor-/achterkant-flank),Geen hindernis
37810,124,Beveren teller 2,Beveren,51.1964712,4.2361077,2.255190873804695,51.20989928871731,4.260366205063726,2023,2,16,46003,Beveren,Normaal,Droog,Dag,met zwaargewonden,9,personenauto,3,Fiets,Op Kruispunt,Gemeenteweg,binnen bebouwde kom,Tussen 2 bestuurders: Frontale botsing,Geen hindernis
37811,124,Beveren teller 2,Beveren,51.1964712,4.2361077,1.1190755519942273,51.20593109078532,4.241589105121845,2023,2,10,46003,Beveren,Normaal,Droog,Dag,met lichtgewonden,9,personenauto,3,Fiets,Op Kruispunt,Gewestweg,binnen bebouwde kom,Tss. 2 best.: langs opzij (voor-/achterkant-flank),Geen hindernis
37812,140,Hasselt ring,Hasselt,50.9300038,5.3438616,0.8005606452287858,50.92986296266476,5.332440726507014,2023,2,17,71022,Hasselt,Onbekend,Droog,Dag,met lichtgewonden,3,Fiets,1,Autobus,Buiten Kruispunt,Gewestweg,binnen bebouwde kom,Tss. 2 best.: langs opzij (voor-/achterkant-flank),Geen hindernis