crash_row_id,site_id,site_name,site_gemeente,site_lat,site_long,distance_km,crash_lat,crash_long,DT_YEAR_COLLISION,DT_MONTH_COLLISION,DT_TIME,CD_NIS,TX_MUNTY_COLLISION_NL,TX_WEATHER_NL,TX_ROAD_CONDITION_NL,TX_LIGHT_CONDITION_NL,TX_CLASS_ACCIDENTS_NL,CD_ROAD_USR_TYPE1,TX_ROAD_USR_TYPE1_NL,CD_ROAD_USR_TYPE2,TX_ROAD_USR_TYPE2_NL,TX_CROSSWAY_NL,CD_ROAD_TYPE_NL,TX_BUILD_UP_AREA_NL,TX_COLLISION_TYPE_NL,TX_OBSTACLES_NL
37812,138,Hasselt-Kempische brug,Hasselt,50.9405318,5.3422472,1.3709791193820027,50.92986296266476,5.332440726507014,2023,2,17,71022,Hasselt,Onbekend,Droog,Dag,met lichtgewonden,3,Fiets,1,Autobus,Buiten Kruispunt,Gewestweg,binnen bebouwde kom,Tss. 2 best.: langs opzij (voor-/achterkant-flank),Geen hindernis
37812,137,Hasselt-Kempische brug,Hasselt,50.9411605,5.3417576,1.4157529444505212,50.92986296266476,5.332440726507014,2023,2,17,71022,Hasselt,Onbekend,Droog,Dag,met lichtgewonden,3,Fiets,1,Autobus,Buiten Kruispunt,Gewestweg,binnen bebouwde kom,Tss. 2 best.: langs opzij (voor-/achterkant-flank),Geen hindernis
37814,137,Hasselt-Kempische brug,Hasselt,50.9411605,5.3417576,0.35529312306496286,50.939888096594906,5.337106233662791,2023,2,14,71022,Hasselt,Normaal,Droog,Dag,met lichtgewonden,3,Fiets,8,Voetganger,Buiten Kruispunt,Gemeenteweg,binnen bebouwde kom,Met een voetganger,Geen hindernis
37814,138,Hasselt-Kempische brug,Hasselt,50.9405318,5.3422472,0.3672564957690399,50.939888096594906,5.337106233662791,2023,2,14,71022,Hasselt,Normaal,Droog,Dag,met lichtgewonden,3,Fiets,8,Voetganger,Buiten Kruispunt,Gemeenteweg,binnen bebouwde kom,Met een voetganger,Geen hindernis
37814,140,Hasselt ring,Hasselt,50.9300038,5.3438616,1.196694440945463,50.939888096594906,5.337106233662791,2023,2,14,71022,Hasselt,Normaal,Droog,Dag,met lichtgewonden,3,Fiets,8,Voetganger,Buiten Kruispunt,Gemeenteweg,binnen bebouwde kom,Met een voetganger,Geen hindernis
37815,138,Hasselt-Kempische brug,Hasselt,50.9405318,5.3422472,0.31528502035664663,50.937839789460504,5.340834272369224,2023,2,16,71022,Hasselt,Normaal,Droog,Dageraad - schemering,met lichtgewonden,9,personenauto,3,Fiets,Buiten Kruispunt,Gewestweg,binnen bebouwde kom,Tss. 2 best.: langs opzij (voor-/achterkant-flank),Geen hindernis
37815,137,Hasselt-Kempische brug,Hasselt,50.9411605,5.3417576,0.37487107036376227,50.937839789460504,5.340834272369224,2023,2,16,71022,Hasselt,Normaal,Droog,Dageraad - schemering,met lichtgewonden,9,personenauto,3,Fiets,Buiten Kruispunt,Gewestweg,binnen bebouwde kom,Tss. 2 best.: langs opzij (voor-/achterkant-flank),Geen hindernis
37815,140,Hasselt ring,Hasselt,50.9300038,5.3438616,0.8967765890705226,50.937839789460504,5.340834272369224,2023,2,16,71022,Hasselt,Normaal,Droog,Dageraad - schemering,met lichtgewonden,9,personenauto,3,Fiets,Buiten Kruispunt,Gewestweg,binnen bebouwde kom,Tss. 2 best.: langs opzij (voor-/achterkant-flank),Geen hindernis
37821,14,Genk,Genk,50.97172,5.48927,1.0109584623652754,50.96394472282911,5.481787345861634,2023,2,7,71016,Genk,Regenval,"Nat, plassen",Dag,met lichtgewonden,3,Fiets,10,"één bestuurder, geen hindernis",Buiten Kruispunt,Gewestweg,binnen bebouwde kom,"Eén bestuurder, geen hindernis (incl. val)",Geen hindernis
37822,22,Tienen 2,Tienen,50.81330800184882,4.935984252796022,2.166603571446154,50.82220524528319,4.963421827164391,2023,2,9,24107,Tienen,Normaal,Droog,Dag,met lichtgewonden,5,Lichte vrachtauto,3,Fiets,Buiten Kruispunt,Gemeenteweg,buiten bebouwde kom,Tss. 2 best.: langs opzij (voor-/achterkant-flank),Geen hindernis
37822,24,Tienen 1,Tienen,50.8133795491886,4.935044252605416,2.2220314374697177,50.82220524528319,4.963421827164391,2023,2,9,24107,Tienen,Normaal,Droog,Dag,met lichtgewonden,5,Lichte vrachtauto,3,Fiets,Buiten Kruispunt,Gemeenteweg,buiten bebouwde kom,Tss. 2 best.: langs opzij (voor-/achterkant-flank),Geen hindernis
37822,23,Tienen 3,Tienen,50.81324,4.93447,2.265085173953104,50.82220524528319,4.963421827164391,2023,2,9,24107,Tienen,Normaal,Droog,Dag,met lichtgewonden,5,Lichte vrachtauto,3,Fiets,Buiten Kruispunt,Gemeenteweg,buiten bebouwde kom,Tss. 2 best.: langs opzij (voor-/achterkant-flank),Geen hindernis
37851,2,Brasschaat 2,Brasschaat,51.27512,4.47169,1.4355115017196733,51.280373927878856,4.45283860912268,2023,3,8,11002,Antwerpen,Normaal,Droog,Dag,met lichtgewonden,4,Vrachtwagen,3,Fiets,Op Kruispunt,Gewestweg,binnen bebouwde kom,Tussen 2 bestuurders: Flank tegen flank,Geen hindernis
37851,3,Brasschaat 1,Brasschaat,51.27503,4.47222,1.4732716018616763,51.280373927878856,4.45283860912268,2023,3,8,11002,Antwerpen,Normaal,Droog,Dag,met lichtgewonden,4,Vrachtwagen,3,Fiets,Op Kruispunt,Gewestweg,binnen bebouwde kom,Tussen 2 bestuurders: Flank tegen flank,Geen hindernis
37857,2,Brasschaat 2,Brasschaat,51.27512,4.47169,2.349653454182425,51.28910127478094,4.44635889027102,2023,3,15,11002,Antwerpen,Normaal,Droog,Dag,met lichtgewonden,3,Fiets,9,personenauto,Buiten Kruispunt,Gewestweg,binnen bebouwde kom,Tss. 2 best.: langs opzij (voor-/achterkant-flank),Geen hindernis
37857,3,Brasschaat 1,Brasschaat,51.27503,4.47222,2.383975674475239,51.28910127478094,4.44635889027102,2023,3,15,11002,Antwerpen,Normaal,Droog,Dag,met lichtgewonden,3,Fiets,9,personenauto,Buiten Kruispunt,Gewestweg,binnen bebouwde kom,Tss. 2 best.: langs opzij (voor-/achterkant-flank),Geen hindernis
37926,3,Brasschaat 1,Brasschaat,51.27503,4.47222,1.6814778516174644,51.28646817822644,4.488033463046614,2023,3,11,11008,Brasschaat,Normaal,Droog,Dag,met lichtgewonden,3,Fiets,9,personenauto,Buiten Kruispunt,Gemeenteweg,binnen bebouwde kom,Tss. 2 best.: langs opzij (voor-/achterkant-flank),Geen hindernis
37926,2,Brasschaat 2,Brasschaat,51.27512,4.47169,1.6983689657357703,51.28646817822644,4.488033463046614,2023,3,11,11008,Brasschaat,Normaal,Droog,Dag,met lichtgewonden,3,Fiets,9,personenauto,Buiten Kruispunt,Gemeenteweg,binnen bebouwde kom,Tss. 2 best.: langs opzij (voor-/achterkant-flank),Geen hindernis
37927,3,Brasschaat 1,Brasschaat,51.27503,4.47222,1.3086865721165335,51.28459150283254,4.483190938066544,2023,3,19,11008,Brasschaat,Regenval,"Nat, plassen","Nacht, openbare verlichting aanwezig en ontstoken",met lichtgewonden,9,personenauto,3,Fiets,Op Kruispunt,Gewestweg,binnen bebouwde kom,Tss. 2 best.: langs opzij (voor-/achterkant-flank),Geen hindernis
37927,2,Brasschaat 2,Brasschaat,51.27512,4.47169,1.3225348358386386,51.28459150283254,4.483190938066544,2023,3,19,11008,Brasschaat,Regenval,"Nat, plassen","Nacht, openbare verlichting aanwezig en ontstoken",met lichtgewonden,9,personenauto,3,Fiets,Op Kruispunt,Gewestweg,binnen bebouwde kom,Tss. 2 best.: langs opzij (voor-/achterkant-flank),Geen hindernis
37933,3,Brasschaat 1,Brasschaat,51.27503,4.47222,2.4459657204393124,51.29138551643745,4.495737465460071,2023,3,15,11008,Brasschaat,Normaal,Droog,Dag,met lichtgewonden,8,Voetganger,3,Fiets,Buiten Kruispunt,Gemeenteweg,binnen bebouwde kom,Met een voetganger,Geen hindernis
37933,2,Brasschaat 2,Brasschaat,51.27512,4.47169,2.4634087971252034,51.29138551643745,4.495737465460071,2023,3,15,11008,Brasschaat,Normaal,Droog,Dag,met lichtgewonden,8,Voetganger,3,Fiets,Buiten Kruispunt,Gemeenteweg,binnen bebouwde kom,Met een voetganger,Geen hindernis
37942,104,Malle teller 2,Malle,51.31682,4.73852,1.6477588640965495,51.30299384284474,4.7299903318878584,2023,3,15,11057,Malle,Normaal,Droog,Dag,met lichtgewonden,3,Fiets,9,personenauto,Op Kruispunt,Gewestweg,binnen bebouwde kom,Tss. 2 best.: langs opzij (voor-/achterkant-flank),Geen hindernis
37942,103,Malle teller 1,Malle,51.31681,4.73872,1.651777581561248,51.30299384284474,4.7299903318878584,2023,3,15,11057,Malle,Normaal,Droog,Dag,met lichtgewonden,3,Fiets,9,personenauto,Op Kruispunt,Gewestweg,binnen bebouwde kom,Tss. 2 best.: langs opzij (voor-/achterkant-flank),Geen hindernis
37948,100,Mechelen teller 2,Mechelen,51.0457,4.46883,1.1967877955753745,51.05583349684773,4.46306061798216,2023,3,8,12035,Sint-Katelijne-Waver,Regenval,"Nat, plassen",Dag,met lichtgewonden,9,personenauto,3,Fiets,Op Kruispunt,Gemeenteweg,buiten bebouwde kom,Tussen 2 bestuurders: Flank tegen flank,Geen hindernis
37948,99,Mechelen teller 1,Mechelen,51.04564,4.46882,1.202837348891405,51.05583349684773,4.46306061798216,2023,3,8,12035,Sint-Katelijne-Waver,Regenval,"Nat, plassen",Dag,met lichtgewonden,9,personenauto,3,Fiets,Op Kruispunt,Gemeenteweg,buiten bebouwde kom,Tussen 2 bestuurders: Flank tegen flank,Geen hindernis
37953,103,Malle teller 1,Malle,51.31681,4.73872,2.462903130187132,51.32142239101192,4.773383154980897,2023,3,16,13037,Rijkevorsel,Normaal,Onbekend,Dag,met lichtgewonden,5,Lichte vrachtauto,3,Fiets,Buiten Kruispunt,Gemeenteweg,buiten bebouwde kom,Tss. 2 best.: langs opzij (voor-/achterkant-flank),Geen hindernis
37953,104,Malle teller 2,Malle,51.31682,4.73852,2.476268795594187,51.32142239101192,4.773383154980897,2023,3,16,13037,Rijkevorsel,Normaal,Onbekend,Dag,met lichtgewonden,5,Lichte vrachtauto,3,Fiets,Buiten Kruispunt,Gemeenteweg,buiten bebouwde kom,Tss. 2 best.: langs opzij (voor-/achterkant-flank),Geen hindernis
37964,88,Westerlo teller 1,Westerlo,51.082,4.91325,0.8836415942126998,51.089915376507534,4.914373576285248,2023,3,19,13049,Westerlo,Normaal,Droog,"Nacht, openbare verlichting aanwezig en ontstoken",met lichtgewonden,3,Fiets,3,Fiets,Op Kruispunt,Gewestweg,binnen bebouwde kom,Tussen 2 bestuurders: Frontale botsing,Geen hindernis
37964,89,Westerlo teller 2,Westerlo,51.08191,4.91334,0.893079916222646,51.089915376507534,4.914373576285248,2023,3,19,13049,Westerlo,Normaal,Droog,"Nacht, openbare verlichting aanwezig en ontstoken",met lichtgewonden,3,Fiets,3,Fiets,Op Kruispunt,Gewestweg,binnen bebouwde kom,Tussen 2 bestuurders: Frontale botsing,Geen hindernis
37965,88,Westerlo teller 1,Westerlo,51.082,4.91325,0.9723163288613814,51.09043728511196,4.916906052341237,2023,3,16,13049,Westerlo,Onbekend,Onbekend,Onbekend,met lichtgewonden,3,Fiets,6,Bromfiets,Buiten Kruispunt,Gewestweg,onbekend,Tussen 2 bestuurders: Flank tegen flank,Geen hindernis
37965,89,Westerlo teller 2,Westerlo,51.08191,4.91334,0.9803601806480746,51.09043728511196,4.916906052341237,2023,3,16,13049,Westerlo,Onbekend,Onbekend,Onbekend,met lichtgewonden,3,Fiets,6,Bromfiets,Buiten Kruispunt,Gewestweg,onbekend,Tussen 2 bestuurders: Flank tegen flank,Geen hindernis
37972,98,Geel teller 2,Geel,51.1481,4.99643,2.2686853882913205,51.166981925028736,4.984105697910608,2023,3,8,13008,Geel,Normaal,Droog,Dag,met lichtgewonden,9,personenauto,3,Fiets,Buiten Kruispunt,Gemeenteweg,binnen bebouwde kom,Tussen 2 bestuurders: Flank tegen flank,Geen hindernis
37972,97,Geel teller 1,Geel,51.14813,4.99698,2.2804257804700403,51.166981925028736,4.984105697910608,2023,3,8,13008,Geel,Normaal,Droog,Dag,met lichtgewonden,9,personenauto,3,Fiets,Buiten Kruispunt,Gemeenteweg,binnen bebouwde kom,Tussen 2 bestuurders: Flank tegen flank,Geen hindernis
37973,134,Retie,Dessel,51.2548405,5.1037658,2.4998251314729054,51.268308947084215,5.075000280753939,2023,3,7,13036,Retie,Normaal,Droog,Dag,met lichtgewonden,5,Lichte vrachtauto,3,Fiets,Buiten Kruispunt,Gemeenteweg,binnen bebouwde kom,Tss. 2 best.: langs opzij (voor-/achterkant-flank),Geen hindernis
37974,134,Retie,Dessel,51.2548405,5.1037658,2.195424752114741,51.26363798067884,5.0755208787039585,2023,3,3,13036,Retie,Normaal,Droog,"Nacht, openbare verlichting aanwezig en ontstoken",met lichtgewonden,3,Fiets,5,Lichte vrachtauto,Buiten Kruispunt,Gemeenteweg,binnen bebouwde kom,Tussen 2 bestuurders: Frontale botsing,Geen hindernis
37974,135,Retie 2,Dessel,51.2544998,5.1040064,2.2274571655685262,51.26363798067884,5.0755208787039585,2023,3,3,13036,Retie,Normaal,Droog,"Nacht, openbare verlichting aanwezig en ontstoken",met lichtgewonden,3,Fiets,5,Lichte vrachtauto,Buiten Kruispunt,Gemeenteweg,binnen bebouwde kom,Tussen 2 bestuurders: Frontale botsing,Geen hindernis
37975,134,Retie,Dessel,51.2548405,5.1037658,1.9789074466464898,51.26681019496556,5.082719840793049,2023,3,10,13036,Retie,Normaal,Droog,Dag,met zwaargewonden,3,Fiets,9,personenauto,Buiten Kruispunt,Gewestweg,binnen bebouwde kom,Tss. 2 best.: langs opzij (voor-/achterkant-flank),Geen hindernis
37975,135,Retie 2,Dessel,51.2544998,5.1040064,2.0168505567951995,51.26681019496556,5.082719840793049,2023,3,10,13036,Retie,Normaal,Droog,Dag,met zwaargewonden,3,Fiets,9,personenauto,Buiten Kruispunt,Gewestweg,binnen bebouwde kom,Tss. 2 best.: langs opzij (voor-/achterkant-flank),Geen hindernis
37984,110,Herentals totem,Herentals,51.1739426,4.811783,0.1891628805991473,51.174426992128225,4.809181915541856,2023,3,13,13011,Herentals,Onbekend,Onbekend,Dag,met lichtgewonden,3,Fiets,3,Fiets,Buiten Kruispunt,Gemeenteweg,onbekend,Tussen 2 bestuurders: Flank tegen flank,Geen hindernis
37984,94,Herentals teller 2,Herentals,51.17345,4.81283,0.2765554832905544,51.174426992128225,4.809181915541856,2023,3,13,13011,Herentals,Onbekend,Onbekend,Dag,met lichtgewonden,3,Fiets,3,Fiets,Buiten Kruispunt,Gemeenteweg,onbekend,Tussen 2 bestuurders: Flank tegen flank,Geen hindernis
37986,94,Herentals teller 2,Herentals,51.17345,4.81283,1.6548615919263856,51.177025181342096,4.8358732046428505,2023,3,18,13011,Herentals,Normaal,Droog,Dageraad - schemering,met lichtgewonden,5,Lichte vrachtauto,3,Fiets,Op Kruispunt,Gewestweg,binnen bebouwde kom,Tss. 2 best.: langs opzij (voor-/achterkant-flank),Geen hindernis
37986,110,Herentals totem,Herentals,51.1739426,4.811783,1.7140051551838706,51.177025181342096,4.8358732046428505,2023,3,18,13011,Herentals,Normaal,Droog,Dageraad - schemering,met lichtgewonden,5,Lichte vrachtauto,3,Fiets,Op Kruispunt,Gewestweg,binnen bebouwde kom,Tss. 2 best.: langs opzij (voor-/achterkant-flank),Geen hindernis
37988,94,Herentals teller 2,Herentals,51.17345,4.81283,0.2584099696292506,51.17186345933544,4.810121588808035,2023,3,10,13011,Herentals,Normaal,"Nat, plassen",Dag,met lichtgewonden,3,Fiets,9,personenauto,Op Kruispunt,Gewestweg,buiten bebouwde kom,Tss. 2 best.: langs opzij (voor-/achterkant-flank),Geen hindernis
37988,110,Herentals totem,Herentals,51.1739426,4.811783,0.25858209849822866,51.17186345933544,4.810121588808035,2023,3,10,13011,Herentals,Normaal,"Nat, plassen",Dag,met lichtgewonden,3,Fiets,9,personenauto,Op Kruispunt,Gewestweg,buiten bebouwde kom,Tss. 2 best.: langs opzij (voor-/achterkant-flank),Geen hindernis
37990,37,Lommel teller 1,Lommel,51.23299,5.29211,0.722283921638122,51.233125326595314,5.302481641760779,2023,3,12,72020,Lommel,Normaal,Droog,Dag,met lichtgewonden,3,Fiets,9,personenauto,Buiten Kruispunt,Gemeenteweg,binnen bebouwde kom,Tss. 2 best.: langs opzij (voor-/achterkant-flank),Geen hindernis
37990,38,Lommel teller 2,Lommel,51.23277,5.29189,0.7385041330525283,51.233125326595314,5.302481641760779,2023,3,12,72020,Lommel,Normaal,Droog,Dag,met lichtgewonden,3,Fiets,9,personenauto,Buiten Kruispunt,Gemeenteweg,binnen bebouwde kom,Tss. 2 best.: langs opzij (voor-/achterkant-flank),Geen hindernis
37991,46,Pelt teller 2,Pelt,51.231,5.44375,2.0800159312718627,51.21603934387946,5.425820146302055,2023,3,8,72043,Pelt,Normaal,Droog,Dag,met lichtgewonden,3,Fiets,2,Andere weggebruiker,Op Kruispunt,Gewestweg,binnen bebouwde kom,Tss. 2 best.: langs opzij (voor-/achterkant-flank),Geen hindernis
37991,45,Pelt teller 1,Pelt,51.23127,5.44377,2.104929166864452,51.21603934387946,5.425820146302055,2023,3,8,72043,Pelt,Normaal,Droog,Dag,met lichtgewonden,3,Fiets,2,Andere weggebruiker,Op Kruispunt,Gewestweg,binnen bebouwde kom,Tss. 2 best.: langs opzij (voor-/achterkant-flank),Geen hindernis
38002,43,Maaseik teller 1,Maaseik,51.09344,5.79715,1.2425725933065892,51.09702441686484,5.780296840658173,2023,3,20,72021,Maaseik,Normaal,Droog,"Nacht, openbare verlichting aanwezig en ontstoken",met lichtgewonden,3,Fiets,9,personenauto,Op Kruispunt,Gewestweg,binnen bebouwde kom,Tss. 2 best.: langs opzij (voor-/achterkant-flank),Geen hindernis
38002,44,Maaseik teller 2,Maaseik,51.09359,5.79726,1.244630481048044,51.09702441686484,5.780296840658173,2023,3,20,72021,Maaseik,Normaal,Droog,"Nacht, openbare verlichting aanwezig en ontstoken",met lichtgewonden,3,Fiets,9,personenauto,Op Kruispunt,Gewestweg,binnen bebouwde kom,Tss. 2 best.: langs opzij (voor-/achterkant-flank),Geen hindernis
38003,69,Leuven teller 1,Leuven,50.87549,4.71526,0.8800762586441128,50.86905564230734,4.707956505752693,2023,3,1,24062,Leuven,Regenval,"Nat, plassen","Nacht, openbare verlichting aanwezig en ontstoken",met lichtgewonden,9,personenauto,3,Fiets,Op Kruispunt,Gewestweg,binnen bebouwde kom,Tss. 2 best.: langs opzij (voor-/achterkant-flank),Geen hindernis
38003,151,Leuven,District Leuven,50.8690262,4.6854839,1.5770087694495498,50.86905564230734,4.707956505752693,2023,3,1,24062,Leuven,Regenval,"Nat, plassen","Nacht, openbare verlichting aanwezig en ontstoken",met lichtgewonden,9,personenauto,3,Fiets,Op Kruispunt,Gewestweg,binnen bebouwde kom,Tss. 2 best.: langs opzij (voor-/achterkant-flank),Geen hindernis
38003,77,Leuven teller 2,Leuven,50.88672,4.70796,1.9641869731583441,50.86905564230734,4.707956505752693,2023,3,1,24062,Leuven,Regenval,"Nat, plassen","Nacht, openbare verlichting aanwezig en ontstoken",met lichtgewonden,9,personenauto,3,Fiets,Op Kruispunt,Gewestweg,binnen bebouwde kom,Tss. 2 best.: langs opzij (voor-/achterkant-flank),Geen hindernis
38003,107,leuven totem,Leuven,50.8870744,4.7087919,2.004451559703727,50.86905564230734,4.707956505752693,2023,3,1,24062,Leuven,Regenval,"Nat, plassen","Nacht, openbare verlichting aanwezig en ontstoken",met lichtgewonden,9,personenauto,3,Fiets,Op Kruispunt,Gewestweg,binnen bebouwde kom,Tss. 2 best.: langs opzij (voor-/achterkant-flank),Geen hindernis
38004,69,Leuven teller 1,Leuven,50.87549,4.71526,1.0923734959959088,50.87392603919896,4.6998901424025155,2023,3,13,24062,Leuven,Normaal,Droog,Dag,met lichtgewonden,9,personenauto,3,Fiets,Buiten Kruispunt,Gemeenteweg,binnen bebouwde kom,Tussen 2 bestuurders: Flank tegen flank,Geen hindernis
38004,151,Leuven,District Leuven,50.8690262,4.6854839,1.1483746939376727,50.87392603919896,4.6998901424025155,2023,3,13,24062,Leuven,Normaal,Droog,Dag,met lichtgewonden,9,personenauto,3,Fiets,Buiten Kruispunt,Gemeenteweg,binnen bebouwde kom,Tussen 2 bestuurders: Flank tegen flank,Geen hindernis
38004,77,Leuven teller 2,Leuven,50.88672,4.70796,1.5311423080790532,50.87392603919896,4.6998901424025155,2023,3,13,24062,Leuven,Normaal,Droog,Dag,met lichtgewonden,9,personenauto,3,Fiets,Buiten Kruispunt,Gemeenteweg,binnen bebouwde kom,Tussen 2 bestuurders: Flank tegen flank,Geen hindernis
38004,107,leuven totem,Leuven,50.8870744,4.7087919,1.5898314891662273,50.87392603919896,4.6998901424025155,2023,3,13,24062,Leuven,Normaal,Droog,Dag,met lichtgewonden,9,personenauto,3,Fiets,Buiten Kruispunt,Gemeenteweg,binnen bebouwde kom,Tussen 2 bestuurders: Flank tegen flank,Geen hindernis
38005,151,Leuven,District Leuven,50.8690262,4.6854839,0.5236721259845557,50.867706807215605,4.678320419181712,2023,3,12,24062,Leuven,Normaal,Droog,Dag,met lichtgewonden,3,Fiets,8,Voetganger,Buiten Kruispunt,Gemeenteweg,binnen bebouwde kom,Met een voetganger,Geen hindernis
38006,151,Leuven,District Leuven,50.8690262,4.6854839,1.092033522370189,50.859400707425046,4.682395433315697,2023,3,5,24062,Leuven,Normaal,Droog,Dageraad - schemering,met lichtgewonden,9,personenauto,3,Fiets,Buiten Kruispunt,Gemeenteweg,binnen bebouwde kom,Tss. 2 best.: langs opzij (voor-/achterkant-flank),Geen hindernis
38006,108,Heverlee teller 1,Leuven,50.8471728,4.6954674,1.6403588632066615,50.859400707425046,4.682395433315697,2023,3,5,24062,Leuven,Normaal,Droog,Dageraad - schemering,met lichtgewonden,9,personenauto,3,Fiets,Buiten Kruispunt,Gemeenteweg,binnen bebouwde kom,Tss. 2 best.: langs opzij (voor-/achterkant-flank),Geen hindernis
38006,76,Heverlee teller 2,Leuven,50.84606,4.69597,1.7631203490359226,50.859400707425046,4.682395433315697,2023,3,5,24062,Leuven,Normaal,Droog,Dageraad - schemering,met lichtgewonden,9,personenauto,3,Fiets,Buiten Kruispunt,Gemeenteweg,binnen bebouwde kom,Tss. 2 best.: langs opzij (voor-/achterkant-flank),Geen hindernis
38009,107,leuven totem,Leuven,50.8870744,4.7087919,0.4763219278341363,50.88456957922758,4.71430019504106,2023,3,7,24062,Leuven,Regenval,"Nat, plassen",Dag,met lichtgewonden,3,Fiets,10,"één bestuurder, geen hindernis",Op Kruispunt,Gewestweg,binnen bebouwde kom,"Eén bestuurder, geen hindernis (incl. val)",Geen hindernis
38009,77,Leuven teller 2,Leuven,50.88672,4.70796,0.5049649400699942,50.88456957922758,4.71430019504106,2023,3,7,24062,Leuven,Regenval,"Nat, plassen",Dag,met lichtgewonden,3,Fiets,10,"één bestuurder, geen hindernis",Op Kruispunt,Gewestweg,binnen bebouwde kom,"Eén bestuurder, geen hindernis (incl. val)",Geen hindernis
38009,69,Leuven teller 1,Leuven,50.87549,4.71526,1.0118462933674872,50.88456957922758,4.71430019504106,2023,3,7,24062,Leuven,Regenval,"Nat, plassen",Dag,met lichtgewonden,3,Fiets,10,"één bestuurder, geen hindernis",Op Kruispunt,Gewestweg,binnen bebouwde kom,"Eén bestuurder, geen hindernis (incl. val)",Geen hindernis
38010,69,Leuven teller 1,Leuven,50.87549,4.71526,0.6658419721871515,50.87392726702344,4.70609933368552,2023,3,15,24062,Leuven,Normaal,Droog,Dag,met zwaargewonden,3,Fiets,6,Bromfiets,Buiten Kruispunt,Gemeenteweg,binnen bebouwde kom,Tussen 2 bestuurders: Langs achteren,Geen hindernis
38010,77,Leuven teller 2,Leuven,50.88672,4.70796,1.428464185848788,50.87392726702344,4.70609933368552,2023,3,15,24062,Leuven,Normaal,Droog,Dag,met zwaargewonden,3,Fiets,6,Bromfiets,Buiten Kruispunt,Gemeenteweg,binnen bebouwde kom,Tussen 2 bestuurders: Langs achteren,Geen hindernis
38010,107,leuven totem,Leuven,50.8870744,4.7087919,1.4740488174375257,50.87392726702344,4.70609933368552,2023,3,15,24062,Leuven,Normaal,Droog,Dag,met zwaargewonden,3,Fiets,6,Bromfiets,Buiten Kruispunt,Gemeenteweg,binnen bebouwde kom,Tussen 2 bestuurders: Langs achteren,Geen hindernis
38010,151,Leuven,District Leuven,50.8690262,4.6854839,1.5458519322936572,50.87392726702344,4.70609933368552,2023,3,15,24062,Leuven,Normaal,Droog,Dag,met zwaargewonden,3,Fiets,6,Bromfiets,Buiten Kruispunt,Gemeenteweg,binnen bebouwde kom,Tussen 2 bestuurders: Langs achteren,Geen hindernis
38011,69,Leuven teller 1,Leuven,50.87549,4.71526,1.5564608192000342,50.86214242526237,4.708579566317716,2023,3,15,24062,Leuven,Normaal,Droog,Dag,met lichtgewonden,3,Fiets,3,Fiets,Buiten Kruispunt,Gemeenteweg,binnen bebouwde kom,Tussen 2 bestuurders: Flank tegen flank,Geen hindernis
38011,151,Leuven,District Leuven,50.8690262,4.6854839,1.792498167698304,50.86214242526237,4.708579566317716,2023,3,15,24062,Leuven,Normaal,Droog,Dag,met lichtgewonden,3,Fiets,3,Fiets,Buiten Kruispunt,Gemeenteweg,binnen bebouwde kom,Tussen 2 bestuurders: Flank tegen flank,Geen hindernis
38011,108,Heverlee teller 1,Leuven,50.8471728,4.6954674,1.90207672276232,50.86214242526237,4.708579566317716,2023,3,15,24062,Leuven,Normaal,Droog,Dag,met lichtgewonden,3,Fiets,3,Fiets,Buiten Kruispunt,Gemeenteweg,binnen bebouwde kom,Tussen 2 bestuurders: Flank tegen flank,Geen hindernis
38011,76,Heverlee teller 2,Leuven,50.84606,4.69597,1.9953591993943862,50.86214242526237,4.708579566317716,2023,3,15,24062,Leuven,Normaal,Droog,Dag,met lichtgewonden,3,Fiets,3,Fiets,Buiten Kruispunt,Gemeenteweg,binnen bebouwde kom,Tussen 2 bestuurders: Flank tegen flank,Geen hindernis
38012,151,Leuven,District Leuven,50.8690262,4.6854839,1.092033522370189,50.859400707425046,4.682395433315697,2023,3,15,24062,Leuven,Normaal,Droog,Dag,met lichtgewonden,3,Fiets,8,Voetganger,Buiten Kruispunt,Gemeenteweg,binnen bebouwde kom,Met een voetganger,Geen hindernis
38012,108,Heverlee teller 1,Leuven,50.8471728,4.6954674,1.6403588632066615,50.859400707425046,4.682395433315697,2023,3,15,24062,Leuven,Normaal,Droog,Dag,met lichtgewonden,3,Fiets,8,Voetganger,Buiten Kruispunt,Gemeenteweg,binnen bebouwde kom,Met een voetganger,Geen hindernis
38012,76,Heverlee teller 2,Leuven,50.84606,4.69597,1.7631203490359226,50.859400707425046,4.682395433315697,2023,3,15,24062,Leuven,Normaal,Droog,Dag,met lichtgewonden,3,Fiets,8,Voetganger,Buiten Kruispunt,Gemeenteweg,binnen bebouwde kom,Met een voetganger,Geen hindernis
38013,107,leuven totem,Leuven,50.8870744,4.7087919,0.9618235390894877,50.88391404202739,4.721554981961674,2023,3,12,24062,Leuven,Onbekend,"Nat, plassen",Dag,met lichtgewonden,3,Fiets,9,personenauto,Buiten Kruispunt,Gewestweg,binnen bebouwde kom,Tussen 2 bestuurders: Flank tegen flank,Geen hindernis