crash_row_id,site_id,site_name,site_gemeente,site_lat,site_long,distance_km,crash_lat,crash_long,DT_YEAR_COLLISION,DT_MONTH_COLLISION,DT_TIME,CD_NIS,TX_MUNTY_COLLISION_NL,TX_WEATHER_NL,TX_ROAD_CONDITION_NL,TX_LIGHT_CONDITION_NL,TX_CLASS_ACCIDENTS_NL,CD_ROAD_USR_TYPE1,TX_ROAD_USR_TYPE1_NL,CD_ROAD_USR_TYPE2,TX_ROAD_USR_TYPE2_NL,TX_CROSSWAY_NL,CD_ROAD_TYPE_NL,TX_BUILD_UP_AREA_NL,TX_COLLISION_TYPE_NL,TX_OBSTACLES_NL
38013,77,Leuven teller 2,Leuven,50.88672,4.70796,1.0034298886915076,50.88391404202739,4.721554981961674,2023,3,12,24062,Leuven,Onbekend,"Nat, plassen",Dag,met lichtgewonden,3,Fiets,9,personenauto,Buiten Kruispunt,Gewestweg,binnen bebouwde kom,Tussen 2 bestuurders: Flank tegen flank,Geen hindernis
38013,69,Leuven teller 1,Leuven,50.87549,4.71526,1.0356054817466038,50.88391404202739,4.721554981961674,2023,3,12,24062,Leuven,Onbekend,"Nat, plassen",Dag,met lichtgewonden,3,Fiets,9,personenauto,Buiten Kruispunt,Gewestweg,binnen bebouwde kom,Tussen 2 bestuurders: Flank tegen flank,Geen hindernis
38014,77,Leuven teller 2,Leuven,50.88672,4.70796,1.3203446089501678,50.88092955047744,4.6915284495264284,2023,3,7,24062,Leuven,Normaal,Droog,Dag,met lichtgewonden,8,Voetganger,3,Fiets,Buiten Kruispunt,Gemeenteweg,binnen bebouwde kom,Met een voetganger,Geen hindernis
38014,151,Leuven,District Leuven,50.8690262,4.6854839,1.3898826263654793,50.88092955047744,4.6915284495264284,2023,3,7,24062,Leuven,Normaal,Droog,Dag,met lichtgewonden,8,Voetganger,3,Fiets,Buiten Kruispunt,Gemeenteweg,binnen bebouwde kom,Met een voetganger,Geen hindernis
38014,107,leuven totem,Leuven,50.8870744,4.7087919,1.3905206886296375,50.88092955047744,4.6915284495264284,2023,3,7,24062,Leuven,Normaal,Droog,Dag,met lichtgewonden,8,Voetganger,3,Fiets,Buiten Kruispunt,Gemeenteweg,binnen bebouwde kom,Met een voetganger,Geen hindernis
38014,69,Leuven teller 1,Leuven,50.87549,4.71526,1.7714818308753568,50.88092955047744,4.6915284495264284,2023,3,7,24062,Leuven,Normaal,Droog,Dag,met lichtgewonden,8,Voetganger,3,Fiets,Buiten Kruispunt,Gemeenteweg,binnen bebouwde kom,Met een voetganger,Geen hindernis
38015,151,Leuven,District Leuven,50.8690262,4.6854839,1.2076124530119696,50.879189781009934,4.691549085129055,2023,3,10,24062,Leuven,Normaal,Droog,Dag,met lichtgewonden,4,Vrachtwagen,3,Fiets,Op Kruispunt,Gemeenteweg,binnen bebouwde kom,Tussen 2 bestuurders: Flank tegen flank,Geen hindernis
38015,77,Leuven teller 2,Leuven,50.88672,4.70796,1.423574955569392,50.879189781009934,4.691549085129055,2023,3,10,24062,Leuven,Normaal,Droog,Dag,met lichtgewonden,4,Vrachtwagen,3,Fiets,Op Kruispunt,Gemeenteweg,binnen bebouwde kom,Tussen 2 bestuurders: Flank tegen flank,Geen hindernis
38015,107,leuven totem,Leuven,50.8870744,4.7087919,1.4939500629959634,50.879189781009934,4.691549085129055,2023,3,10,24062,Leuven,Normaal,Droog,Dag,met lichtgewonden,4,Vrachtwagen,3,Fiets,Op Kruispunt,Gemeenteweg,binnen bebouwde kom,Tussen 2 bestuurders: Flank tegen flank,Geen hindernis
38015,69,Leuven teller 1,Leuven,50.87549,4.71526,1.71371975353956,50.879189781009934,4.691549085129055,2023,3,10,24062,Leuven,Normaal,Droog,Dag,met lichtgewonden,4,Vrachtwagen,3,Fiets,Op Kruispunt,Gemeenteweg,binnen bebouwde kom,Tussen 2 bestuurders: Flank tegen flank,Geen hindernis
38016,69,Leuven teller 1,Leuven,50.87549,4.71526,0.29794093725963583,50.8755986916095,4.7110171915720915,2023,3,12,24062,Leuven,Normaal,Proper,Dag,met lichtgewonden,3,Fiets,10,"één bestuurder, geen hindernis",Op Kruispunt,Gemeenteweg,binnen bebouwde kom,"Eén bestuurder, geen hindernis (incl. val)",Geen hindernis
38016,77,Leuven teller 2,Leuven,50.88672,4.70796,1.2550950504869889,50.8755986916095,4.7110171915720915,2023,3,12,24062,Leuven,Normaal,Proper,Dag,met lichtgewonden,3,Fiets,10,"één bestuurder, geen hindernis",Op Kruispunt,Gemeenteweg,binnen bebouwde kom,"Eén bestuurder, geen hindernis (incl. val)",Geen hindernis
38016,107,leuven totem,Leuven,50.8870744,4.7087919,1.2855552190105408,50.8755986916095,4.7110171915720915,2023,3,12,24062,Leuven,Normaal,Proper,Dag,met lichtgewonden,3,Fiets,10,"één bestuurder, geen hindernis",Op Kruispunt,Gemeenteweg,binnen bebouwde kom,"Eén bestuurder, geen hindernis (incl. val)",Geen hindernis
38016,151,Leuven,District Leuven,50.8690262,4.6854839,1.93498360673928,50.8755986916095,4.7110171915720915,2023,3,12,24062,Leuven,Normaal,Proper,Dag,met lichtgewonden,3,Fiets,10,"één bestuurder, geen hindernis",Op Kruispunt,Gemeenteweg,binnen bebouwde kom,"Eén bestuurder, geen hindernis (incl. val)",Geen hindernis
38018,69,Leuven teller 1,Leuven,50.87549,4.71526,0.4078103950588847,50.87334712288589,4.719976757725124,2023,3,10,24062,Leuven,Normaal,"Nat, plassen",Dag,met lichtgewonden,3,Fiets,9,personenauto,Op Kruispunt,Gewestweg,binnen bebouwde kom,Tss. 2 best.: langs opzij (voor-/achterkant-flank),Geen hindernis
38018,77,Leuven teller 2,Leuven,50.88672,4.70796,1.709364668339064,50.87334712288589,4.719976757725124,2023,3,10,24062,Leuven,Normaal,"Nat, plassen",Dag,met lichtgewonden,3,Fiets,9,personenauto,Op Kruispunt,Gewestweg,binnen bebouwde kom,Tss. 2 best.: langs opzij (voor-/achterkant-flank),Geen hindernis
38018,107,leuven totem,Leuven,50.8870744,4.7087919,1.716295116874493,50.87334712288589,4.719976757725124,2023,3,10,24062,Leuven,Normaal,"Nat, plassen",Dag,met lichtgewonden,3,Fiets,9,personenauto,Op Kruispunt,Gewestweg,binnen bebouwde kom,Tss. 2 best.: langs opzij (voor-/achterkant-flank),Geen hindernis
38018,151,Leuven,District Leuven,50.8690262,4.6854839,2.4676366118845214,50.87334712288589,4.719976757725124,2023,3,10,24062,Leuven,Normaal,"Nat, plassen",Dag,met lichtgewonden,3,Fiets,9,personenauto,Op Kruispunt,Gewestweg,binnen bebouwde kom,Tss. 2 best.: langs opzij (voor-/achterkant-flank),Geen hindernis
38021,72,Herent teller 1,Herent,50.89135,4.64689,1.155000313946681,50.88780958815163,4.662370211391219,2023,3,18,24038,Herent,Normaal,Droog,Dag,met lichtgewonden,9,personenauto,3,Fiets,Op Kruispunt,Gewestweg,buiten bebouwde kom,Tss. 2 best.: langs opzij (voor-/achterkant-flank),Geen hindernis
38021,73,Herent teller 2,Herent,50.89128,4.64685,1.155015441782863,50.88780958815163,4.662370211391219,2023,3,18,24038,Herent,Normaal,Droog,Dag,met lichtgewonden,9,personenauto,3,Fiets,Op Kruispunt,Gewestweg,buiten bebouwde kom,Tss. 2 best.: langs opzij (voor-/achterkant-flank),Geen hindernis
38024,87,Aarschot,Aarschot,50.99084,4.81259,1.8731866458888413,50.98705227640225,4.838666886082886,2023,3,13,24001,Aarschot,Normaal,Droog,Dag,met zwaargewonden,3,Fiets,9,personenauto,Op Kruispunt,Gemeenteweg,binnen bebouwde kom,Tss. 2 best.: langs opzij (voor-/achterkant-flank),Geen hindernis
38028,101,Diest teller 1,Diest,50.97799,5.04481,1.7439478133120532,50.99262209829439,5.053779138551218,2023,3,19,24020,Diest,Normaal,Droog,"Nacht, openbare verlichting aanwezig en ontstoken",met lichtgewonden,3,Fiets,8,Voetganger,Buiten Kruispunt,Gewestweg,binnen bebouwde kom,Met een voetganger,Geen hindernis
38028,102,Diest teller 2,Diest,50.9779,5.04474,1.7550488548223233,50.99262209829439,5.053779138551218,2023,3,19,24020,Diest,Normaal,Droog,"Nacht, openbare verlichting aanwezig en ontstoken",met lichtgewonden,3,Fiets,8,Voetganger,Buiten Kruispunt,Gewestweg,binnen bebouwde kom,Met een voetganger,Geen hindernis
38029,101,Diest teller 1,Diest,50.97799,5.04481,0.5896615733761486,50.98220125581674,5.049928934726654,2023,3,19,24020,Diest,Normaal,Droog,Dageraad - schemering,met lichtgewonden,9,personenauto,3,Fiets,Buiten Kruispunt,Gewestweg,binnen bebouwde kom,Tussen 2 bestuurders: Frontale botsing,Geen hindernis
38029,102,Diest teller 2,Diest,50.9779,5.04474,0.6005913584462211,50.98220125581674,5.049928934726654,2023,3,19,24020,Diest,Normaal,Droog,Dageraad - schemering,met lichtgewonden,9,personenauto,3,Fiets,Buiten Kruispunt,Gewestweg,binnen bebouwde kom,Tussen 2 bestuurders: Frontale botsing,Geen hindernis
38033,147,Overijse,District Vilvoorde-gewestwegen,50.7797555,4.4975769,0.6918265698170456,50.785407407779346,4.501690943295075,2023,3,22,23062,Overijse,Normaal,"Nat, plassen","Nacht, geen openbare verlichting aanwezig",met lichtgewonden,9,personenauto,3,Fiets,Op Kruispunt,Gewestweg,buiten bebouwde kom,Tussen 2 bestuurders: Flank tegen flank,Geen hindernis
38033,145,Overijse,District Vilvoorde-gewestwegen,50.7885856,4.4908759,0.838397472108308,50.785407407779346,4.501690943295075,2023,3,22,23062,Overijse,Normaal,"Nat, plassen","Nacht, geen openbare verlichting aanwezig",met lichtgewonden,9,personenauto,3,Fiets,Op Kruispunt,Gewestweg,buiten bebouwde kom,Tussen 2 bestuurders: Flank tegen flank,Geen hindernis
38033,146,Overijse 2,District Vilvoorde-gewestwegen,50.7881478,4.4902818,0.8579785072905174,50.785407407779346,4.501690943295075,2023,3,22,23062,Overijse,Normaal,"Nat, plassen","Nacht, geen openbare verlichting aanwezig",met lichtgewonden,9,personenauto,3,Fiets,Op Kruispunt,Gewestweg,buiten bebouwde kom,Tussen 2 bestuurders: Flank tegen flank,Geen hindernis
38039,85,Asse teller 1,Asse,50.89621,4.17294,2.481174745223661,50.908483309877205,4.202489399436449,2023,3,12,23002,Asse,Normaal,Droog,Dag,met lichtgewonden,9,personenauto,3,Fiets,Op Kruispunt,Gemeenteweg,binnen bebouwde kom,Tss. 2 best.: langs opzij (voor-/achterkant-flank),Geen hindernis
38043,27,Grimbergen,Meise,50.92127,4.34013,2.0363131589287184,50.92887021365419,4.3665625916283375,2023,3,10,23025,Grimbergen,Normaal,"Nat, plassen",Dag,met lichtgewonden,5,Lichte vrachtauto,3,Fiets,Op Kruispunt,Gewestweg,binnen bebouwde kom,Tussen 2 bestuurders: Frontale botsing,Geen hindernis
38046,109,Zemst,Zemst,50.9903936,4.4707023,2.210370140977578,50.97081520395533,4.465238124749074,2023,3,12,23096,Zemst,Normaal,Droog,Dag,met lichtgewonden,3,Fiets,10,"één bestuurder, geen hindernis",Op Kruispunt,Gemeenteweg,binnen bebouwde kom,"Eén bestuurder, geen hindernis (incl. val)",Geen hindernis
38047,109,Zemst,Zemst,50.9903936,4.4707023,2.210370140977578,50.97081520395533,4.465238124749074,2023,3,15,23096,Zemst,Normaal,Droog,Dag,met lichtgewonden,3,Fiets,10,"één bestuurder, geen hindernis",Buiten Kruispunt,Gemeenteweg,binnen bebouwde kom,"Eén bestuurder, geen hindernis (incl. val)",Geen hindernis
38051,13,Gent,Gent,51.03018,3.70146,2.442447699026993,51.039252225188406,3.7332711202664,2023,3,9,44021,Gent,Onbekend,Onbekend,Dag,met lichtgewonden,9,personenauto,3,Fiets,Op Kruispunt,Gemeenteweg,binnen bebouwde kom,Tss. 2 best.: langs opzij (voor-/achterkant-flank),Geen hindernis
38052,136,Gent R4,Gent,51.0876313,3.7587918,2.400009518806129,51.07365603171077,3.732609372883681,2023,3,17,44021,Gent,Normaal,Droog,Dag,met lichtgewonden,9,personenauto,3,Fiets,Op Kruispunt,Gewestweg,binnen bebouwde kom,Tss. 2 best.: langs opzij (voor-/achterkant-flank),Geen hindernis
38053,136,Gent R4,Gent,51.0876313,3.7587918,1.729683268399764,51.098651509922746,3.7762718115834786,2023,3,4,44021,Gent,Normaal,Droog,"Nacht, openb. verlicht. aanw., maar niet ontstoken",met lichtgewonden,3,Fiets,9,personenauto,Op Kruispunt,Gemeenteweg,binnen bebouwde kom,Tss. 2 best.: langs opzij (voor-/achterkant-flank),Geen hindernis
38055,13,Gent,Gent,51.03018,3.70146,1.1191544609592516,51.02134120316987,3.709113975296502,2023,3,8,44021,Gent,Normaal,Droog,Dag,met lichtgewonden,3,Fiets,9,personenauto,Op Kruispunt,Gewestweg,binnen bebouwde kom,Tussen 2 bestuurders: Frontale botsing,Geen hindernis
38056,13,Gent,Gent,51.03018,3.70146,1.3319061259151048,51.02191520313729,3.6876755318490306,2023,3,4,44021,Gent,Normaal,Droog,"Nacht, openbare verlichting aanwezig en ontstoken",met lichtgewonden,3,Fiets,10,"één bestuurder, geen hindernis",Buiten Kruispunt,Gewestweg,binnen bebouwde kom,"Eén bestuurder, geen hindernis (incl. val)",Geen hindernis
38057,13,Gent,Gent,51.03018,3.70146,1.814790432914462,51.04209510095325,3.719196791432342,2023,3,15,44021,Gent,Normaal,Droog,Dag,met zwaargewonden,9,personenauto,3,Fiets,Op Kruispunt,Gewestweg,binnen bebouwde kom,Tss. 2 best.: langs opzij (voor-/achterkant-flank),Geen hindernis
38061,13,Gent,Gent,51.03018,3.70146,1.3319061259151048,51.02191520313729,3.6876755318490306,2023,3,8,44021,Gent,Normaal,Droog,Dag,met lichtgewonden,9,personenauto,3,Fiets,Op Kruispunt,Gewestweg,buiten bebouwde kom,Tss. 2 best.: langs opzij (voor-/achterkant-flank),Geen hindernis
38064,13,Gent,Gent,51.03018,3.70146,1.9735443064898157,51.04648942117659,3.7125937192025273,2023,3,8,44021,Gent,Normaal,Droog,Dag,met lichtgewonden,3,Fiets,8,Voetganger,Buiten Kruispunt,Gewestweg,binnen bebouwde kom,Met een voetganger,Geen hindernis
38067,13,Gent,Gent,51.03018,3.70146,1.8070153029034215,51.04596971916663,3.707573091618286,2023,3,18,44021,Gent,Onbekend,Onbekend,"Nacht, openbare verlichting aanwezig en ontstoken",met zwaargewonden,3,Fiets,3,Fiets,Buiten Kruispunt,Gemeenteweg,binnen bebouwde kom,Tss. 2 best.: langs opzij (voor-/achterkant-flank),Geen hindernis
38074,13,Gent,Gent,51.03018,3.70146,1.051513123486942,51.03740030662595,3.7111707800502303,2023,3,8,44021,Gent,Onbekend,Onbekend,Onbekend,met lichtgewonden,8,Voetganger,3,Fiets,Buiten Kruispunt,Gewestweg,onbekend,Met een voetganger,Geen hindernis
38075,13,Gent,Gent,51.03018,3.70146,1.7673905891426416,51.02208309091688,3.7232061287195872,2023,3,16,44021,Gent,Normaal,Droog,Dag,met lichtgewonden,3,Fiets,5,Lichte vrachtauto,Buiten Kruispunt,Gemeenteweg,binnen bebouwde kom,Tussen 2 bestuurders: Flank tegen flank,Geen hindernis
38076,13,Gent,Gent,51.03018,3.70146,2.214960913830937,51.038633248102435,3.7301423772299818,2023,3,10,44021,Gent,Regenval,"Nat, plassen",Dag,met lichtgewonden,3,Fiets,11,een weggebruiker tegen een hindernis,Buiten Kruispunt,Gemeenteweg,binnen bebouwde kom,Weggebruiker tegen hindernis op de rijbaan,"Op de rijbaan: Werken (signal., aarde, toestel,…)"
38077,136,Gent R4,Gent,51.0876313,3.7587918,2.476129337210878,51.06553948721516,3.763246112333507,2023,3,8,44021,Gent,Onbekend,Onbekend,Dag,met lichtgewonden,3,Fiets,9,personenauto,Buiten Kruispunt,Gemeenteweg,binnen bebouwde kom,Tss. 2 best.: langs opzij (voor-/achterkant-flank),Geen hindernis
38079,118,Gent teller 1,Gent,51.028049,3.7681359,2.4995974366731035,51.03881240611545,3.7367539290446876,2023,3,22,44021,Gent,Normaal,Droog,"Nacht, openbare verlichting aanwezig en ontstoken",met lichtgewonden,9,personenauto,3,Fiets,Buiten Kruispunt,Gewestweg,binnen bebouwde kom,Tss. 2 best.: langs opzij (voor-/achterkant-flank),Geen hindernis
38081,13,Gent,Gent,51.03018,3.70146,1.3319061259151048,51.02191520313729,3.6876755318490306,2023,3,6,44021,Gent,Normaal,"Nat, plassen","Nacht, openbare verlichting aanwezig en ontstoken",met zwaargewonden,9,personenauto,3,Fiets,Buiten Kruispunt,Gewestweg,binnen bebouwde kom,Tss. 2 best.: langs opzij (voor-/achterkant-flank),Geen hindernis
38082,13,Gent,Gent,51.03018,3.70146,2.3945628236008965,51.05140881649283,3.6957067737216107,2023,3,13,44021,Gent,Regenval,"Nat, plassen",Dag,met lichtgewonden,9,personenauto,3,Fiets,Op Kruispunt,Gemeenteweg,binnen bebouwde kom,Tussen 2 bestuurders: Flank tegen flank,Geen hindernis
38084,13,Gent,Gent,51.03018,3.70146,1.9574453512452927,51.043676487081484,3.719433428796117,2023,3,15,44021,Gent,Normaal,Droog,Dag,met lichtgewonden,3,Fiets,3,Fiets,Buiten Kruispunt,Gemeenteweg,binnen bebouwde kom,Tussen 2 bestuurders: Frontale botsing,Geen hindernis
38094,118,Gent teller 1,Gent,51.028049,3.7681359,0.49172190984137826,51.02467003902261,3.7726715283809495,2023,3,16,44040,Melle,Onbekend,Onbekend,Onbekend,met lichtgewonden,3,Fiets,3,Fiets,Buiten Kruispunt,Gewestweg,onbekend,Tussen 2 bestuurders: Flank tegen flank,Geen hindernis
38094,119,Gent teller 2,Gent,51.0281795,3.7683918,0.49180384518835424,51.02467003902261,3.7726715283809495,2023,3,16,44040,Melle,Onbekend,Onbekend,Onbekend,met lichtgewonden,3,Fiets,3,Fiets,Buiten Kruispunt,Gewestweg,onbekend,Tussen 2 bestuurders: Flank tegen flank,Geen hindernis
38096,118,Gent teller 1,Gent,51.028049,3.7681359,1.7781786345782478,51.015281014509576,3.7528289103526817,2023,3,17,44043,Merelbeke,Normaal,Droog,Dag,met lichtgewonden,3,Fiets,10,"één bestuurder, geen hindernis",Buiten Kruispunt,Gewestweg,binnen bebouwde kom,"Eén bestuurder, geen hindernis (incl. val)",Geen hindernis
38096,119,Gent teller 2,Gent,51.0281795,3.7683918,1.80054897746787,51.015281014509576,3.7528289103526817,2023,3,17,44043,Merelbeke,Normaal,Droog,Dag,met lichtgewonden,3,Fiets,10,"één bestuurder, geen hindernis",Buiten Kruispunt,Gewestweg,binnen bebouwde kom,"Eén bestuurder, geen hindernis (incl. val)",Geen hindernis
38097,118,Gent teller 1,Gent,51.028049,3.7681359,2.2158567615949116,51.01216984029394,3.7489956512514406,2023,3,9,44043,Merelbeke,Normaal,"Nat, plassen",Dag,met lichtgewonden,3,Fiets,9,personenauto,Buiten Kruispunt,Gemeenteweg,binnen bebouwde kom,Tussen 2 bestuurders: Frontale botsing,Geen hindernis
38097,119,Gent teller 2,Gent,51.0281795,3.7683918,2.238239904033966,51.01216984029394,3.7489956512514406,2023,3,9,44043,Merelbeke,Normaal,"Nat, plassen",Dag,met lichtgewonden,3,Fiets,9,personenauto,Buiten Kruispunt,Gemeenteweg,binnen bebouwde kom,Tussen 2 bestuurders: Frontale botsing,Geen hindernis
38099,118,Gent teller 1,Gent,51.028049,3.7681359,1.7781786345782478,51.015281014509576,3.7528289103526817,2023,3,14,44043,Merelbeke,Normaal,Droog,Dag,met zwaargewonden,3,Fiets,99,onbekend,Buiten Kruispunt,Gewestweg,binnen bebouwde kom,Tss. 2 best.: langs opzij (voor-/achterkant-flank),Geen hindernis
38099,119,Gent teller 2,Gent,51.0281795,3.7683918,1.80054897746787,51.015281014509576,3.7528289103526817,2023,3,14,44043,Merelbeke,Normaal,Droog,Dag,met zwaargewonden,3,Fiets,99,onbekend,Buiten Kruispunt,Gewestweg,binnen bebouwde kom,Tss. 2 best.: langs opzij (voor-/achterkant-flank),Geen hindernis
38100,114,Deinze teller 1,Nazareth,50.9598305,3.555502,1.6730065950896178,50.94527917267361,3.5494298832022806,2023,3,11,44048,Nazareth,Normaal,Droog,Dag,met zwaargewonden,3,Fiets,10,"één bestuurder, geen hindernis",Buiten Kruispunt,Gemeenteweg,buiten bebouwde kom,"Eén bestuurder, geen hindernis (incl. val)",Geen hindernis
38100,113,Deinze teller 2,Deinze,50.96018,3.55578,1.7155661225924592,50.94527917267361,3.5494298832022806,2023,3,11,44048,Nazareth,Normaal,Droog,Dag,met zwaargewonden,3,Fiets,10,"één bestuurder, geen hindernis",Buiten Kruispunt,Gemeenteweg,buiten bebouwde kom,"Eén bestuurder, geen hindernis (incl. val)",Geen hindernis
38107,7,Evergem 1,Evergem,51.1089,3.70317,0.6171732024990721,51.11200530610689,3.710497569415116,2023,3,8,44019,Evergem,Normaal,Droog,Dag,met lichtgewonden,9,personenauto,3,Fiets,Buiten Kruispunt,Gemeenteweg,binnen bebouwde kom,Tss. 2 best.: langs opzij (voor-/achterkant-flank),Geen hindernis
38107,6,Evergem 2,Evergem,51.10894,3.70298,0.6257769660271179,51.11200530610689,3.710497569415116,2023,3,8,44019,Evergem,Normaal,Droog,Dag,met lichtgewonden,9,personenauto,3,Fiets,Buiten Kruispunt,Gemeenteweg,binnen bebouwde kom,Tss. 2 best.: langs opzij (voor-/achterkant-flank),Geen hindernis
38108,7,Evergem 1,Evergem,51.1089,3.70317,0.709351040976283,51.104427282923574,3.710414658363221,2023,3,12,44019,Evergem,Normaal,Droog,Dag,met lichtgewonden,3,Fiets,4,Vrachtwagen,Op Kruispunt,Gewestweg,buiten bebouwde kom,Tss. 2 best.: langs opzij (voor-/achterkant-flank),Geen hindernis
38108,6,Evergem 2,Evergem,51.10894,3.70298,0.7219538768108466,51.104427282923574,3.710414658363221,2023,3,12,44019,Evergem,Normaal,Droog,Dag,met lichtgewonden,3,Fiets,4,Vrachtwagen,Op Kruispunt,Gewestweg,buiten bebouwde kom,Tss. 2 best.: langs opzij (voor-/achterkant-flank),Geen hindernis
38110,115,Aalter,Aalter,51.1058367,3.4350591,0.48116968816783784,51.10215578822698,3.438682401684281,2023,3,17,44084,Aalter,Normaal,Droog,Dag,met zwaargewonden,3,Fiets,10,"één bestuurder, geen hindernis",Op Kruispunt,Gewestweg,binnen bebouwde kom,"Eén bestuurder, geen hindernis (incl. val)",Geen hindernis
38148,128,Lokeren teller 1,Lokeren,51.09644,3.97023,1.6470464390518453,51.10462730454524,3.989887195368092,2023,3,10,46014,Lokeren,Normaal,Droog,Dag,met lichtgewonden,3,Fiets,8,Voetganger,Buiten Kruispunt,Gemeenteweg,binnen bebouwde kom,Met een voetganger,Geen hindernis
38148,129,Lokeren teller 2,Lokeren,51.09612,3.97025,1.6658321830461538,51.10462730454524,3.989887195368092,2023,3,10,46014,Lokeren,Normaal,Droog,Dag,met lichtgewonden,3,Fiets,8,Voetganger,Buiten Kruispunt,Gemeenteweg,binnen bebouwde kom,Met een voetganger,Geen hindernis
38148,141,Test site A support,Lokeren,51.08342085,3.9961071208376326,2.397723569160351,51.10462730454524,3.989887195368092,2023,3,10,46014,Lokeren,Normaal,Droog,Dag,met lichtgewonden,3,Fiets,8,Voetganger,Buiten Kruispunt,Gemeenteweg,binnen bebouwde kom,Met een voetganger,Geen hindernis
38150,141,Test site A support,Lokeren,51.08342085,3.9961071208376326,1.4357839843387885,51.09601454712368,3.991568477128911,2023,3,12,46014,Lokeren,Normaal,Droog,Dag,met lichtgewonden,5,Lichte vrachtauto,3,Fiets,Op Kruispunt,Gewestweg,binnen bebouwde kom,Tussen 2 bestuurders: Flank tegen flank,Geen hindernis
38150,129,Lokeren teller 2,Lokeren,51.09612,3.97025,1.488763307194724,51.09601454712368,3.991568477128911,2023,3,12,46014,Lokeren,Normaal,Droog,Dag,met lichtgewonden,5,Lichte vrachtauto,3,Fiets,Op Kruispunt,Gewestweg,binnen bebouwde kom,Tussen 2 bestuurders: Flank tegen flank,Geen hindernis
38150,128,Lokeren teller 1,Lokeren,51.09644,3.97023,1.4908594024381465,51.09601454712368,3.991568477128911,2023,3,12,46014,Lokeren,Normaal,Droog,Dag,met lichtgewonden,5,Lichte vrachtauto,3,Fiets,Op Kruispunt,Gewestweg,binnen bebouwde kom,Tussen 2 bestuurders: Flank tegen flank,Geen hindernis
38151,128,Lokeren teller 1,Lokeren,51.09644,3.97023,2.3068024645378045,51.10984934292219,3.995439169316503,2023,3,8,46014,Lokeren,Normaal,"Nat, plassen",Dag,met lichtgewonden,3,Fiets,8,Voetganger,Buiten Kruispunt,Gemeenteweg,binnen bebouwde kom,Met een voetganger,Geen hindernis
38151,129,Lokeren teller 2,Lokeren,51.09612,3.97025,2.3289099393871813,51.10984934292219,3.995439169316503,2023,3,8,46014,Lokeren,Normaal,"Nat, plassen",Dag,met lichtgewonden,3,Fiets,8,Voetganger,Buiten Kruispunt,Gemeenteweg,binnen bebouwde kom,Met een voetganger,Geen hindernis
38152,141,Test site A support,Lokeren,51.08342085,3.9961071208376326,1.5300879693598435,51.09557879882265,4.006367538575197,2023,3,7,46014,Lokeren,Normaal,Droog+Proper,Dag,met lichtgewonden,5,Lichte vrachtauto,3,Fiets,Op Kruispunt,Gemeenteweg,binnen bebouwde kom,Tussen 2 bestuurders: Flank tegen flank,Geen hindernis
38154,141,Test site A support,Lokeren,51.08342085,3.9961071208376326,0.948318039998615,51.09194901729753,3.996000750053472,2023,3,17,46014,Lokeren,Onbekend,Onbekend,Onbekend,met lichtgewonden,3,Fiets,3,Fiets,Buiten Kruispunt,Gemeenteweg,onbekend,Tss. 2 best.: langs opzij (voor-/achterkant-flank),Geen hindernis
38154,129,Lokeren teller 2,Lokeren,51.09612,3.97025,1.8571559635550015,51.09194901729753,3.996000750053472,2023,3,17,46014,Lokeren,Onbekend,Onbekend,Onbekend,met lichtgewonden,3,Fiets,3,Fiets,Buiten Kruispunt,Gemeenteweg,onbekend,Tss. 2 best.: langs opzij (voor-/achterkant-flank),Geen hindernis
38154,128,Lokeren teller 1,Lokeren,51.09644,3.97023,1.8676999202244544,51.09194901729753,3.996000750053472,2023,3,17,46014,Lokeren,Onbekend,Onbekend,Onbekend,met lichtgewonden,3,Fiets,3,Fiets,Buiten Kruispunt,Gemeenteweg,onbekend,Tss. 2 best.: langs opzij (voor-/achterkant-flank),Geen hindernis
38155,126,Hamme totem,Hamme,51.1017709,4.1469307,0.39372728258929307,51.10064140074271,4.141586466122888,2023,3,13,42008,Hamme,Normaal,Droog,Dag,met lichtgewonden,3,Fiets,11,een weggebruiker tegen een hindernis,Buiten Kruispunt,Gewestweg,buiten bebouwde kom,Weggebruiker tegen hindernis op de rijbaan,Op de rijbaan: Dier (wild dier)
38156,126,Hamme totem,Hamme,51.1017709,4.1469307,2.1797941193924877,51.09169715564488,4.120152358823045,2023,3,15,42008,Hamme,Normaal,Droog,Dag,met lichtgewonden,9,personenauto,3,Fiets,Op Kruispunt,Gemeenteweg,binnen bebouwde kom,Tss. 2 best.: langs opzij (voor-/achterkant-flank),Geen hindernis
38157,120,Zele teller 1,Zele,51.0607671,4.0547741,1.7993108913732623,51.06559359616796,4.03019822933381,2023,3,4,42028,Zele,Onbekend,"Nat, plassen","Nacht, openbare verlichting aanwezig en ontstoken",met lichtgewonden,3,Fiets,9,personenauto,Op Kruispunt,Gewestweg,binnen bebouwde kom,Tss. 2 best.: langs opzij (voor-/achterkant-flank),Geen hindernis
38157,121,Zele teller 2,Zele,51.0604067,4.0556696,1.871103798114872,51.06559359616796,4.03019822933381,2023,3,4,42028,Zele,Onbekend,"Nat, plassen","Nacht, openbare verlichting aanwezig en ontstoken",met lichtgewonden,3,Fiets,9,personenauto,Op Kruispunt,Gewestweg,binnen bebouwde kom,Tss. 2 best.: langs opzij (voor-/achterkant-flank),Geen hindernis