crash_row_id,site_id,site_name,site_gemeente,site_lat,site_long,distance_km,crash_lat,crash_long,DT_YEAR_COLLISION,DT_MONTH_COLLISION,DT_TIME,CD_NIS,TX_MUNTY_COLLISION_NL,TX_WEATHER_NL,TX_ROAD_CONDITION_NL,TX_LIGHT_CONDITION_NL,TX_CLASS_ACCIDENTS_NL,CD_ROAD_USR_TYPE1,TX_ROAD_USR_TYPE1_NL,CD_ROAD_USR_TYPE2,TX_ROAD_USR_TYPE2_NL,TX_CROSSWAY_NL,CD_ROAD_TYPE_NL,TX_BUILD_UP_AREA_NL,TX_COLLISION_TYPE_NL,TX_OBSTACLES_NL
38159,141,Test site A support,Lokeren,51.08342085,3.9961071208376326,1.294431584973219,51.09505848863192,3.9956550032101066,2023,3,17,46014,Lokeren,Onbekend,Onbekend,Onbekend,met lichtgewonden,3,Fiets,3,Fiets,Buiten Kruispunt,Gemeenteweg,onbekend,Tussen 2 bestuurders: Frontale botsing,Geen hindernis
38159,129,Lokeren teller 2,Lokeren,51.09612,3.97025,1.778028959508972,51.09505848863192,3.9956550032101066,2023,3,17,46014,Lokeren,Onbekend,Onbekend,Onbekend,met lichtgewonden,3,Fiets,3,Fiets,Buiten Kruispunt,Gemeenteweg,onbekend,Tussen 2 bestuurders: Frontale botsing,Geen hindernis
38159,128,Lokeren teller 1,Lokeren,51.09644,3.97023,1.7821304033594145,51.09505848863192,3.9956550032101066,2023,3,17,46014,Lokeren,Onbekend,Onbekend,Onbekend,met lichtgewonden,3,Fiets,3,Fiets,Buiten Kruispunt,Gemeenteweg,onbekend,Tussen 2 bestuurders: Frontale botsing,Geen hindernis
38160,120,Zele teller 1,Zele,51.0607671,4.0547741,1.2284718116076845,51.06250521315881,4.037414340195148,2023,3,17,42028,Zele,Normaal,Droog,Dag,met zwaargewonden,3,Fiets,9,personenauto,Op Kruispunt,Gemeenteweg,binnen bebouwde kom,Tss. 2 best.: langs opzij (voor-/achterkant-flank),Geen hindernis
38160,121,Zele teller 2,Zele,51.0604067,4.0556696,1.29692424255505,51.06250521315881,4.037414340195148,2023,3,17,42028,Zele,Normaal,Droog,Dag,met zwaargewonden,3,Fiets,9,personenauto,Op Kruispunt,Gemeenteweg,binnen bebouwde kom,Tss. 2 best.: langs opzij (voor-/achterkant-flank),Geen hindernis
38165,116,Melle teller 2,Melle,50.9986113,3.8040599,1.944334772258031,50.99177584056393,3.8296315444319076,2023,3,16,42025,Wetteren,Normaal,Droog,Dag,met lichtgewonden,3,Fiets,10,"één bestuurder, geen hindernis",Buiten Kruispunt,Gewestweg,buiten bebouwde kom,"Eén bestuurder, geen hindernis (incl. val)",Geen hindernis
38165,117,Melle teller 1,Melle,50.9986113,3.8040599,1.944334772258031,50.99177584056393,3.8296315444319076,2023,3,16,42025,Wetteren,Normaal,Droog,Dag,met lichtgewonden,3,Fiets,10,"één bestuurder, geen hindernis",Buiten Kruispunt,Gewestweg,buiten bebouwde kom,"Eén bestuurder, geen hindernis (incl. val)",Geen hindernis
38172,10,Aalst 2,Aalst,50.93549,4.01571,1.1092710567448991,50.94466048556277,4.0219419648985255,2023,3,12,41002,Aalst,Normaal,"Nat, plassen",Dag,met lichtgewonden,3,Fiets,9,personenauto,Buiten Kruispunt,Gewestweg,binnen bebouwde kom,Tss. 2 best.: langs opzij (voor-/achterkant-flank),Geen hindernis
38172,19,Aalst 1,Aalst,50.93433,4.01471,1.2555015078628282,50.94466048556277,4.0219419648985255,2023,3,12,41002,Aalst,Normaal,"Nat, plassen",Dag,met lichtgewonden,3,Fiets,9,personenauto,Buiten Kruispunt,Gewestweg,binnen bebouwde kom,Tss. 2 best.: langs opzij (voor-/achterkant-flank),Geen hindernis
38172,11,Aalst 3,Aalst,50.93385,4.01647,1.261737453342725,50.94466048556277,4.0219419648985255,2023,3,12,41002,Aalst,Normaal,"Nat, plassen",Dag,met lichtgewonden,3,Fiets,9,personenauto,Buiten Kruispunt,Gewestweg,binnen bebouwde kom,Tss. 2 best.: langs opzij (voor-/achterkant-flank),Geen hindernis
38173,11,Aalst 3,Aalst,50.93385,4.01647,2.060864020153955,50.9329097048128,4.045840414076375,2023,3,17,41002,Aalst,Normaal,"Nat, plassen",Dageraad - schemering,met lichtgewonden,9,personenauto,3,Fiets,Op Kruispunt,Gewestweg,binnen bebouwde kom,Tss. 2 best.: langs opzij (voor-/achterkant-flank),Geen hindernis
38173,10,Aalst 2,Aalst,50.93549,4.01571,2.130836691089314,50.9329097048128,4.045840414076375,2023,3,17,41002,Aalst,Normaal,"Nat, plassen",Dageraad - schemering,met lichtgewonden,9,personenauto,3,Fiets,Op Kruispunt,Gewestweg,binnen bebouwde kom,Tss. 2 best.: langs opzij (voor-/achterkant-flank),Geen hindernis
38173,19,Aalst 1,Aalst,50.93433,4.01471,2.1872445550722777,50.9329097048128,4.045840414076375,2023,3,17,41002,Aalst,Normaal,"Nat, plassen",Dageraad - schemering,met lichtgewonden,9,personenauto,3,Fiets,Op Kruispunt,Gewestweg,binnen bebouwde kom,Tss. 2 best.: langs opzij (voor-/achterkant-flank),Geen hindernis
38177,11,Aalst 3,Aalst,50.93385,4.01647,1.8588722717682957,50.92007914101823,4.031506788078455,2023,3,12,41002,Aalst,Normaal,Droog,Dag,met lichtgewonden,3,Fiets,9,personenauto,Buiten Kruispunt,Gewestweg,binnen bebouwde kom,Tss. 2 best.: langs opzij (voor-/achterkant-flank),Geen hindernis
38177,19,Aalst 1,Aalst,50.93433,4.01471,1.9740605994630673,50.92007914101823,4.031506788078455,2023,3,12,41002,Aalst,Normaal,Droog,Dag,met lichtgewonden,3,Fiets,9,personenauto,Buiten Kruispunt,Gewestweg,binnen bebouwde kom,Tss. 2 best.: langs opzij (voor-/achterkant-flank),Geen hindernis
38177,10,Aalst 2,Aalst,50.93549,4.01571,2.0401483438707233,50.92007914101823,4.031506788078455,2023,3,12,41002,Aalst,Normaal,Droog,Dag,met lichtgewonden,3,Fiets,9,personenauto,Buiten Kruispunt,Gewestweg,binnen bebouwde kom,Tss. 2 best.: langs opzij (voor-/achterkant-flank),Geen hindernis
38179,10,Aalst 2,Aalst,50.93549,4.01571,1.237876592256892,50.938643457274246,4.032652187933092,2023,3,12,41002,Aalst,Normaal,Droog,Dag,met lichtgewonden,9,personenauto,3,Fiets,Op Kruispunt,Gemeenteweg,binnen bebouwde kom,Tss. 2 best.: langs opzij (voor-/achterkant-flank),Geen hindernis
38179,11,Aalst 3,Aalst,50.93385,4.01647,1.2529635594019888,50.938643457274246,4.032652187933092,2023,3,12,41002,Aalst,Normaal,Droog,Dag,met lichtgewonden,9,personenauto,3,Fiets,Op Kruispunt,Gemeenteweg,binnen bebouwde kom,Tss. 2 best.: langs opzij (voor-/achterkant-flank),Geen hindernis
38179,19,Aalst 1,Aalst,50.93433,4.01471,1.3456443284128305,50.938643457274246,4.032652187933092,2023,3,12,41002,Aalst,Normaal,Droog,Dag,met lichtgewonden,9,personenauto,3,Fiets,Op Kruispunt,Gemeenteweg,binnen bebouwde kom,Tss. 2 best.: langs opzij (voor-/achterkant-flank),Geen hindernis
38184,125,Dendermonde totem,Dendermonde,51.0372706,4.1025998,1.8256073159405213,51.022568391007894,4.114218905004783,2023,3,14,42006,Dendermonde,Normaal,Droog,Dag,met lichtgewonden,3,Fiets,11,een weggebruiker tegen een hindernis,Buiten Kruispunt,Gemeenteweg,binnen bebouwde kom,Weggebruiker tegen hindernis buiten rijbaan,Andere hindernis
38184,122,Dendermonde teller 2,Dendermonde,51.0373918,4.1019222,1.8591229493311694,51.022568391007894,4.114218905004783,2023,3,14,42006,Dendermonde,Normaal,Droog,Dag,met lichtgewonden,3,Fiets,11,een weggebruiker tegen een hindernis,Buiten Kruispunt,Gemeenteweg,binnen bebouwde kom,Weggebruiker tegen hindernis buiten rijbaan,Andere hindernis
38185,122,Dendermonde teller 2,Dendermonde,51.0373918,4.1019222,0.4960803853799917,51.04178933318885,4.103118069519282,2023,3,8,42006,Dendermonde,Normaal,Droog,Dag,met lichtgewonden,3,Fiets,9,personenauto,Buiten Kruispunt,Gewestweg,binnen bebouwde kom,Tussen 2 bestuurders: Flank tegen flank,Geen hindernis
38185,125,Dendermonde totem,Dendermonde,51.0372706,4.1025998,0.5037651410708851,51.04178933318885,4.103118069519282,2023,3,8,42006,Dendermonde,Normaal,Droog,Dag,met lichtgewonden,3,Fiets,9,personenauto,Buiten Kruispunt,Gewestweg,binnen bebouwde kom,Tussen 2 bestuurders: Flank tegen flank,Geen hindernis
38187,122,Dendermonde teller 2,Dendermonde,51.0373918,4.1019222,2.202990429384925,51.05700260849373,4.106401552418463,2023,3,8,42006,Dendermonde,Regenval,"Nat, plassen",Dag,met lichtgewonden,9,personenauto,3,Fiets,Op Kruispunt,Gewestweg,binnen bebouwde kom,Tss. 2 best.: langs opzij (voor-/achterkant-flank),Geen hindernis
38187,125,Dendermonde totem,Dendermonde,51.0372706,4.1025998,2.210136397324893,51.05700260849373,4.106401552418463,2023,3,8,42006,Dendermonde,Regenval,"Nat, plassen",Dag,met lichtgewonden,9,personenauto,3,Fiets,Op Kruispunt,Gewestweg,binnen bebouwde kom,Tss. 2 best.: langs opzij (voor-/achterkant-flank),Geen hindernis
38188,125,Dendermonde totem,Dendermonde,51.0372706,4.1025998,0.65586762464375,51.03288792059767,4.108877188274157,2023,3,13,42006,Dendermonde,Onbekend,Onbekend,Dag,met lichtgewonden,3,Fiets,3,Fiets,Op Kruispunt,Gewestweg,onbekend,Tussen 2 bestuurders: Frontale botsing,Geen hindernis
38188,122,Dendermonde teller 2,Dendermonde,51.0373918,4.1019222,0.6980819625975668,51.03288792059767,4.108877188274157,2023,3,13,42006,Dendermonde,Onbekend,Onbekend,Dag,met lichtgewonden,3,Fiets,3,Fiets,Op Kruispunt,Gewestweg,onbekend,Tussen 2 bestuurders: Frontale botsing,Geen hindernis
38189,125,Dendermonde totem,Dendermonde,51.0372706,4.1025998,0.48759523264141885,51.0330263944842,4.104352924900849,2023,3,16,42006,Dendermonde,Regenval,"Nat, plassen",Dag,met lichtgewonden,5,Lichte vrachtauto,3,Fiets,Buiten Kruispunt,Gewestweg,binnen bebouwde kom,Tss. 2 best.: langs opzij (voor-/achterkant-flank),Geen hindernis
38189,122,Dendermonde teller 2,Dendermonde,51.0373918,4.1019222,0.514307620228245,51.0330263944842,4.104352924900849,2023,3,16,42006,Dendermonde,Regenval,"Nat, plassen",Dag,met lichtgewonden,5,Lichte vrachtauto,3,Fiets,Buiten Kruispunt,Gewestweg,binnen bebouwde kom,Tss. 2 best.: langs opzij (voor-/achterkant-flank),Geen hindernis
38190,50,"Brugge, Sint-Andries",Brugge,51.19291,3.16252,1.697754359966042,51.198110012834135,3.185427756409651,2023,3,15,31005,Brugge,Onbekend,Onbekend,Dag,met lichtgewonden,3,Fiets,9,personenauto,Op Kruispunt,Gewestweg,buiten bebouwde kom,Tss. 2 best.: langs opzij (voor-/achterkant-flank),Geen hindernis
38190,51,"Brugge, Sint-Andries",Brugge,51.19281,3.16252,1.7015751396000498,51.198110012834135,3.185427756409651,2023,3,15,31005,Brugge,Onbekend,Onbekend,Dag,met lichtgewonden,3,Fiets,9,personenauto,Op Kruispunt,Gewestweg,buiten bebouwde kom,Tss. 2 best.: langs opzij (voor-/achterkant-flank),Geen hindernis
38192,142,TEST Validatie BRUGGE Y2H22022134,Brugge,51.22632,3.24095,1.231661535998211,51.21545858489975,3.2444190200689818,2023,3,15,31005,Brugge,Normaal,Droog,Dag,met lichtgewonden,9,personenauto,3,Fiets,Buiten Kruispunt,Gemeenteweg,binnen bebouwde kom,Tussen 2 bestuurders: Langs achteren,Geen hindernis
38192,52,Brugge,Brugge,51.22632,3.24095,1.231661535998211,51.21545858489975,3.2444190200689818,2023,3,15,31005,Brugge,Normaal,Droog,Dag,met lichtgewonden,9,personenauto,3,Fiets,Buiten Kruispunt,Gemeenteweg,binnen bebouwde kom,Tussen 2 bestuurders: Langs achteren,Geen hindernis
38192,54,Brugge teller 2,Brugge,51.23015,3.22818,1.9868594622196638,51.21545858489975,3.2444190200689818,2023,3,15,31005,Brugge,Normaal,Droog,Dag,met lichtgewonden,9,personenauto,3,Fiets,Buiten Kruispunt,Gemeenteweg,binnen bebouwde kom,Tussen 2 bestuurders: Langs achteren,Geen hindernis
38192,53,Brugge teller 1,Brugge,51.23023,3.228,2.0013147390633637,51.21545858489975,3.2444190200689818,2023,3,15,31005,Brugge,Normaal,Droog,Dag,met lichtgewonden,9,personenauto,3,Fiets,Buiten Kruispunt,Gemeenteweg,binnen bebouwde kom,Tussen 2 bestuurders: Langs achteren,Geen hindernis
38194,142,TEST Validatie BRUGGE Y2H22022134,Brugge,51.22632,3.24095,2.319767436186198,51.20770619603941,3.225909324924944,2023,3,15,31005,Brugge,Normaal,Droog,Dag,met lichtgewonden,3,Fiets,8,Voetganger,Buiten Kruispunt,Gemeenteweg,binnen bebouwde kom,Met een voetganger,Geen hindernis
38194,52,Brugge,Brugge,51.22632,3.24095,2.319767436186198,51.20770619603941,3.225909324924944,2023,3,15,31005,Brugge,Normaal,Droog,Dag,met lichtgewonden,3,Fiets,8,Voetganger,Buiten Kruispunt,Gemeenteweg,binnen bebouwde kom,Met een voetganger,Geen hindernis
38195,142,TEST Validatie BRUGGE Y2H22022134,Brugge,51.22632,3.24095,1.1079844159449481,51.23197518377719,3.254051231554733,2023,3,15,31005,Brugge,Normaal,Droog,Dag,met lichtgewonden,3,Fiets,10,"één bestuurder, geen hindernis",Buiten Kruispunt,Gewestweg,binnen bebouwde kom,"Eén bestuurder, geen hindernis (incl. val)",Geen hindernis
38195,52,Brugge,Brugge,51.22632,3.24095,1.1079844159449481,51.23197518377719,3.254051231554733,2023,3,15,31005,Brugge,Normaal,Droog,Dag,met lichtgewonden,3,Fiets,10,"één bestuurder, geen hindernis",Buiten Kruispunt,Gewestweg,binnen bebouwde kom,"Eén bestuurder, geen hindernis (incl. val)",Geen hindernis
38195,54,Brugge teller 2,Brugge,51.23015,3.22818,1.812763289378293,51.23197518377719,3.254051231554733,2023,3,15,31005,Brugge,Normaal,Droog,Dag,met lichtgewonden,3,Fiets,10,"één bestuurder, geen hindernis",Buiten Kruispunt,Gewestweg,binnen bebouwde kom,"Eén bestuurder, geen hindernis (incl. val)",Geen hindernis
38195,53,Brugge teller 1,Brugge,51.23023,3.228,1.8242488318847123,51.23197518377719,3.254051231554733,2023,3,15,31005,Brugge,Normaal,Droog,Dag,met lichtgewonden,3,Fiets,10,"één bestuurder, geen hindernis",Buiten Kruispunt,Gewestweg,binnen bebouwde kom,"Eén bestuurder, geen hindernis (incl. val)",Geen hindernis
38197,54,Brugge teller 2,Brugge,51.23015,3.22818,1.9587892586200626,51.2133392504979,3.2197742879597855,2023,3,21,31005,Brugge,Normaal,Droog,"Nacht, openbare verlichting aanwezig en ontstoken",met lichtgewonden,5,Lichte vrachtauto,3,Fiets,Buiten Kruispunt,Gemeenteweg,binnen bebouwde kom,Tussen 2 bestuurders: Langs achteren,Geen hindernis
38197,53,Brugge teller 1,Brugge,51.23023,3.228,1.9635862817882608,51.2133392504979,3.2197742879597855,2023,3,21,31005,Brugge,Normaal,Droog,"Nacht, openbare verlichting aanwezig en ontstoken",met lichtgewonden,5,Lichte vrachtauto,3,Fiets,Buiten Kruispunt,Gemeenteweg,binnen bebouwde kom,Tussen 2 bestuurders: Langs achteren,Geen hindernis
38197,52,Brugge,Brugge,51.22632,3.24095,2.0635839119024726,51.2133392504979,3.2197742879597855,2023,3,21,31005,Brugge,Normaal,Droog,"Nacht, openbare verlichting aanwezig en ontstoken",met lichtgewonden,5,Lichte vrachtauto,3,Fiets,Buiten Kruispunt,Gemeenteweg,binnen bebouwde kom,Tussen 2 bestuurders: Langs achteren,Geen hindernis
38197,142,TEST Validatie BRUGGE Y2H22022134,Brugge,51.22632,3.24095,2.0635839119024726,51.2133392504979,3.2197742879597855,2023,3,21,31005,Brugge,Normaal,Droog,"Nacht, openbare verlichting aanwezig en ontstoken",met lichtgewonden,5,Lichte vrachtauto,3,Fiets,Buiten Kruispunt,Gemeenteweg,binnen bebouwde kom,Tussen 2 bestuurders: Langs achteren,Geen hindernis
38198,142,TEST Validatie BRUGGE Y2H22022134,Brugge,51.22632,3.24095,1.7261099507897153,51.210847950305194,3.242961836512065,2023,3,7,31005,Brugge,Onbekend,Onbekend,Onbekend,met lichtgewonden,3,Fiets,3,Fiets,Buiten Kruispunt,Gewestweg,binnen bebouwde kom,Tussen 2 bestuurders: Flank tegen flank,Geen hindernis
38198,52,Brugge,Brugge,51.22632,3.24095,1.7261099507897153,51.210847950305194,3.242961836512065,2023,3,7,31005,Brugge,Onbekend,Onbekend,Onbekend,met lichtgewonden,3,Fiets,3,Fiets,Buiten Kruispunt,Gewestweg,binnen bebouwde kom,Tussen 2 bestuurders: Flank tegen flank,Geen hindernis
38198,54,Brugge teller 2,Brugge,51.23015,3.22818,2.3804130229104983,51.210847950305194,3.242961836512065,2023,3,7,31005,Brugge,Onbekend,Onbekend,Onbekend,met lichtgewonden,3,Fiets,3,Fiets,Buiten Kruispunt,Gewestweg,binnen bebouwde kom,Tussen 2 bestuurders: Flank tegen flank,Geen hindernis
38198,53,Brugge teller 1,Brugge,51.23023,3.228,2.393866397667809,51.210847950305194,3.242961836512065,2023,3,7,31005,Brugge,Onbekend,Onbekend,Onbekend,met lichtgewonden,3,Fiets,3,Fiets,Buiten Kruispunt,Gewestweg,binnen bebouwde kom,Tussen 2 bestuurders: Flank tegen flank,Geen hindernis
38202,142,TEST Validatie BRUGGE Y2H22022134,Brugge,51.22632,3.24095,1.8470104043810724,51.21247568234538,3.22629574436752,2023,3,0,31005,Brugge,Regenval,"Nat, plassen","Nacht, openbare verlichting aanwezig en ontstoken",met lichtgewonden,3,Fiets,3,Fiets,Op Kruispunt,Gewestweg,binnen bebouwde kom,Tussen 2 bestuurders: Frontale botsing,Geen hindernis
38202,52,Brugge,Brugge,51.22632,3.24095,1.8470104043810724,51.21247568234538,3.22629574436752,2023,3,0,31005,Brugge,Regenval,"Nat, plassen","Nacht, openbare verlichting aanwezig en ontstoken",met lichtgewonden,3,Fiets,3,Fiets,Op Kruispunt,Gewestweg,binnen bebouwde kom,Tussen 2 bestuurders: Frontale botsing,Geen hindernis
38202,54,Brugge teller 2,Brugge,51.23015,3.22818,1.9696706106292143,51.21247568234538,3.22629574436752,2023,3,0,31005,Brugge,Regenval,"Nat, plassen","Nacht, openbare verlichting aanwezig en ontstoken",met lichtgewonden,3,Fiets,3,Fiets,Op Kruispunt,Gewestweg,binnen bebouwde kom,Tussen 2 bestuurders: Frontale botsing,Geen hindernis
38202,53,Brugge teller 1,Brugge,51.23023,3.228,1.977754657799632,51.21247568234538,3.22629574436752,2023,3,0,31005,Brugge,Regenval,"Nat, plassen","Nacht, openbare verlichting aanwezig en ontstoken",met lichtgewonden,3,Fiets,3,Fiets,Op Kruispunt,Gewestweg,binnen bebouwde kom,Tussen 2 bestuurders: Frontale botsing,Geen hindernis
38208,142,TEST Validatie BRUGGE Y2H22022134,Brugge,51.22632,3.24095,2.399132134547217,51.20698583211293,3.225661236173011,2023,3,15,31005,Brugge,Onbekend,Droog,Dag,met lichtgewonden,9,personenauto,3,Fiets,Buiten Kruispunt,Gemeenteweg,binnen bebouwde kom,Tss. 2 best.: langs opzij (voor-/achterkant-flank),Geen hindernis
38208,52,Brugge,Brugge,51.22632,3.24095,2.399132134547217,51.20698583211293,3.225661236173011,2023,3,15,31005,Brugge,Onbekend,Droog,Dag,met lichtgewonden,9,personenauto,3,Fiets,Buiten Kruispunt,Gemeenteweg,binnen bebouwde kom,Tss. 2 best.: langs opzij (voor-/achterkant-flank),Geen hindernis
38212,20,Brugge,Brugge,51.17416,3.20048,1.3819128939867318,51.16266101291391,3.1929615959793805,2023,3,16,31040,Zedelgem,Regenval,"Nat, plassen",Dag,met lichtgewonden,5,Lichte vrachtauto,3,Fiets,Buiten Kruispunt,Gewestweg,binnen bebouwde kom,Tss. 2 best.: langs opzij (voor-/achterkant-flank),Geen hindernis
38218,15,Oostende 2,Oostende,51.21371,2.92743,1.9935867911064142,51.22818920348595,2.9105484691549646,2023,3,10,35013,Oostende,Normaal,Droog,Dag,met lichtgewonden,9,personenauto,3,Fiets,Op Kruispunt,Gewestweg,binnen bebouwde kom,Tss. 2 best.: langs opzij (voor-/achterkant-flank),Geen hindernis
38218,18,Oostende 1,Oostende,51.21378,2.92765,1.996407946798947,51.22818920348595,2.9105484691549646,2023,3,10,35013,Oostende,Normaal,Droog,Dag,met lichtgewonden,9,personenauto,3,Fiets,Op Kruispunt,Gewestweg,binnen bebouwde kom,Tss. 2 best.: langs opzij (voor-/achterkant-flank),Geen hindernis
38219,18,Oostende 1,Oostende,51.21378,2.92765,2.2633942781598995,51.21031580473882,2.9596694264077525,2023,3,16,35013,Oostende,Normaal,Droog,Dag,dodelijk gewonden,3,Fiets,4,Vrachtwagen,Buiten Kruispunt,Gemeenteweg,binnen bebouwde kom,Tussen 2 bestuurders: Flank tegen flank,Geen hindernis
38219,15,Oostende 2,Oostende,51.21371,2.92743,2.2771954478931926,51.21031580473882,2.9596694264077525,2023,3,16,35013,Oostende,Normaal,Droog,Dag,dodelijk gewonden,3,Fiets,4,Vrachtwagen,Buiten Kruispunt,Gemeenteweg,binnen bebouwde kom,Tussen 2 bestuurders: Flank tegen flank,Geen hindernis
38220,15,Oostende 2,Oostende,51.21371,2.92743,1.7935305970289819,51.203711238305935,2.9072274829469427,2023,3,10,35013,Oostende,Normaal,Droog,Dag,met lichtgewonden,9,personenauto,3,Fiets,Op Kruispunt,Gemeenteweg,binnen bebouwde kom,Tussen 2 bestuurders: Langs achteren,Geen hindernis
38220,18,Oostende 1,Oostende,51.21378,2.92765,1.8103837367402007,51.203711238305935,2.9072274829469427,2023,3,10,35013,Oostende,Normaal,Droog,Dag,met lichtgewonden,9,personenauto,3,Fiets,Op Kruispunt,Gemeenteweg,binnen bebouwde kom,Tussen 2 bestuurders: Langs achteren,Geen hindernis
38221,18,Oostende 1,Oostende,51.21378,2.92765,2.2928606082967633,51.230820382215434,2.946189186065492,2023,3,11,35013,Oostende,Normaal,Droog,Dag,met lichtgewonden,3,Fiets,3,Fiets,Op Kruispunt,Gemeenteweg,binnen bebouwde kom,Tss. 2 best.: langs opzij (voor-/achterkant-flank),Geen hindernis
38221,15,Oostende 2,Oostende,51.21371,2.92743,2.3079355906279324,51.230820382215434,2.946189186065492,2023,3,11,35013,Oostende,Normaal,Droog,Dag,met lichtgewonden,3,Fiets,3,Fiets,Op Kruispunt,Gemeenteweg,binnen bebouwde kom,Tss. 2 best.: langs opzij (voor-/achterkant-flank),Geen hindernis
38232,84,Roeselare totem,Izegem,50.91717,3.18772,1.806744513073569,50.93048544622357,3.172947540460918,2023,3,16,36015,Roeselare,Regenval,"Nat, plassen",Dag,met lichtgewonden,9,personenauto,3,Fiets,Buiten Kruispunt,Gewestweg,buiten bebouwde kom,Tussen 2 bestuurders: Frontale botsing,Geen hindernis
38239,84,Roeselare totem,Izegem,50.91717,3.18772,1.9139759875806093,50.9158928287548,3.16049293837762,2023,3,22,36015,Roeselare,Normaal,Droog,"Nacht, openbare verlichting aanwezig en ontstoken",met zwaargewonden,5,Lichte vrachtauto,3,Fiets,Op Kruispunt,Gemeenteweg,binnen bebouwde kom,Tss. 2 best.: langs opzij (voor-/achterkant-flank),Geen hindernis
38244,61,Wervik teller 2,Wervik,50.80555,3.0921,2.257896241298867,50.79502497116357,3.1195753424284147,2023,3,13,34027,Menen,Onbekend,Onbekend,Dag,met lichtgewonden,3,Fiets,8,Voetganger,Buiten Kruispunt,Gemeenteweg,onbekend,Met een voetganger,Geen hindernis
38244,62,Wervik teller 1,Wervik,50.8058,3.09154,2.3059593385261037,50.79502497116357,3.1195753424284147,2023,3,13,34027,Menen,Onbekend,Onbekend,Dag,met lichtgewonden,3,Fiets,8,Voetganger,Buiten Kruispunt,Gemeenteweg,onbekend,Met een voetganger,Geen hindernis
38245,17,Kortrijk 2,Kortrijk,50.83339,3.27773,0.34179366584198406,50.83525704463143,3.2815963185599477,2023,3,16,34022,Kortrijk,Normaal,Onbekend,Dag,met zwaargewonden,9,personenauto,3,Fiets,Buiten Kruispunt,Gemeenteweg,binnen bebouwde kom,Tussen 2 bestuurders: Flank tegen flank,Geen hindernis
38245,16,Kortrijk 1,Kortrijk,50.83332,3.27777,0.344380488288945,50.83525704463143,3.2815963185599477,2023,3,16,34022,Kortrijk,Normaal,Onbekend,Dag,met zwaargewonden,9,personenauto,3,Fiets,Buiten Kruispunt,Gemeenteweg,binnen bebouwde kom,Tussen 2 bestuurders: Flank tegen flank,Geen hindernis
38245,143,Eco Display Classic Budastraat,Kortrijk,50.83066,3.26286,1.4116312277418495,50.83525704463143,3.2815963185599477,2023,3,16,34022,Kortrijk,Normaal,Onbekend,Dag,met zwaargewonden,9,personenauto,3,Fiets,Buiten Kruispunt,Gemeenteweg,binnen bebouwde kom,Tussen 2 bestuurders: Flank tegen flank,Geen hindernis
38245,75,Kortrijk teller 2,Kortrijk,50.81925,3.25731,2.465326892730734,50.83525704463143,3.2815963185599477,2023,3,16,34022,Kortrijk,Normaal,Onbekend,Dag,met zwaargewonden,9,personenauto,3,Fiets,Buiten Kruispunt,Gemeenteweg,binnen bebouwde kom,Tussen 2 bestuurders: Flank tegen flank,Geen hindernis
38245,74,Kortrijk teller 1,Kortrijk,50.81909,3.25728,2.479655117134453,50.83525704463143,3.2815963185599477,2023,3,16,34022,Kortrijk,Normaal,Onbekend,Dag,met zwaargewonden,9,personenauto,3,Fiets,Buiten Kruispunt,Gemeenteweg,binnen bebouwde kom,Tussen 2 bestuurders: Flank tegen flank,Geen hindernis
38246,16,Kortrijk 1,Kortrijk,50.83332,3.27777,0.10905276612117631,50.83248653048249,3.2785883941325333,2023,3,9,34022,Kortrijk,Normaal,Droog,Dag,met lichtgewonden,9,personenauto,3,Fiets,Op Kruispunt,Gemeenteweg,binnen bebouwde kom,Tss. 2 best.: langs opzij (voor-/achterkant-flank),Geen hindernis
38246,17,Kortrijk 2,Kortrijk,50.83339,3.27773,0.11716069373139848,50.83248653048249,3.2785883941325333,2023,3,9,34022,Kortrijk,Normaal,Droog,Dag,met lichtgewonden,9,personenauto,3,Fiets,Op Kruispunt,Gemeenteweg,binnen bebouwde kom,Tss. 2 best.: langs opzij (voor-/achterkant-flank),Geen hindernis
38246,143,Eco Display Classic Budastraat,Kortrijk,50.83066,3.26286,1.1231365430451468,50.83248653048249,3.2785883941325333,2023,3,9,34022,Kortrijk,Normaal,Droog,Dag,met lichtgewonden,9,personenauto,3,Fiets,Op Kruispunt,Gemeenteweg,binnen bebouwde kom,Tss. 2 best.: langs opzij (voor-/achterkant-flank),Geen hindernis
38246,75,Kortrijk teller 2,Kortrijk,50.81925,3.25731,2.097637121313894,50.83248653048249,3.2785883941325333,2023,3,9,34022,Kortrijk,Normaal,Droog,Dag,met lichtgewonden,9,personenauto,3,Fiets,Op Kruispunt,Gemeenteweg,binnen bebouwde kom,Tss. 2 best.: langs opzij (voor-/achterkant-flank),Geen hindernis
38246,74,Kortrijk teller 1,Kortrijk,50.81909,3.25728,2.111653442083136,50.83248653048249,3.2785883941325333,2023,3,9,34022,Kortrijk,Normaal,Droog,Dag,met lichtgewonden,9,personenauto,3,Fiets,Op Kruispunt,Gemeenteweg,binnen bebouwde kom,Tss. 2 best.: langs opzij (voor-/achterkant-flank),Geen hindernis
38247,143,Eco Display Classic Budastraat,Kortrijk,50.83066,3.26286,0.5905723857635224,50.83208380295956,3.254758824882137,2023,3,13,34022,Kortrijk,Normaal,Droog,Dag,met lichtgewonden,8,Voetganger,3,Fiets,Buiten Kruispunt,Gewestweg,binnen bebouwde kom,Met een voetganger,Geen vermelding van de aanwezigheid van een hindernis