crash_row_id,site_id,site_name,site_gemeente,site_lat,site_long,distance_km,crash_lat,crash_long,DT_YEAR_COLLISION,DT_MONTH_COLLISION,DT_TIME,CD_NIS,TX_MUNTY_COLLISION_NL,TX_WEATHER_NL,TX_ROAD_CONDITION_NL,TX_LIGHT_CONDITION_NL,TX_CLASS_ACCIDENTS_NL,CD_ROAD_USR_TYPE1,TX_ROAD_USR_TYPE1_NL,CD_ROAD_USR_TYPE2,TX_ROAD_USR_TYPE2_NL,TX_CROSSWAY_NL,CD_ROAD_TYPE_NL,TX_BUILD_UP_AREA_NL,TX_COLLISION_TYPE_NL,TX_OBSTACLES_NL
38247,75,Kortrijk teller 2,Kortrijk,50.81925,3.25731,1.438260416733705,50.83208380295956,3.254758824882137,2023,3,13,34022,Kortrijk,Normaal,Droog,Dag,met lichtgewonden,8,Voetganger,3,Fiets,Buiten Kruispunt,Gewestweg,binnen bebouwde kom,Met een voetganger,Geen vermelding van de aanwezigheid van een hindernis
38247,74,Kortrijk teller 1,Kortrijk,50.81909,3.25728,1.4556568521609405,50.83208380295956,3.254758824882137,2023,3,13,34022,Kortrijk,Normaal,Droog,Dag,met lichtgewonden,8,Voetganger,3,Fiets,Buiten Kruispunt,Gewestweg,binnen bebouwde kom,Met een voetganger,Geen vermelding van de aanwezigheid van een hindernis
38247,17,Kortrijk 2,Kortrijk,50.83339,3.27773,1.619772356616923,50.83208380295956,3.254758824882137,2023,3,13,34022,Kortrijk,Normaal,Droog,Dag,met lichtgewonden,8,Voetganger,3,Fiets,Buiten Kruispunt,Gewestweg,binnen bebouwde kom,Met een voetganger,Geen vermelding van de aanwezigheid van een hindernis
38247,16,Kortrijk 1,Kortrijk,50.83332,3.27777,1.6218932194505584,50.83208380295956,3.254758824882137,2023,3,13,34022,Kortrijk,Normaal,Droog,Dag,met lichtgewonden,8,Voetganger,3,Fiets,Buiten Kruispunt,Gewestweg,binnen bebouwde kom,Met een voetganger,Geen vermelding van de aanwezigheid van een hindernis
38249,17,Kortrijk 2,Kortrijk,50.83339,3.27773,2.289639247960683,50.85076182126045,3.295237416064932,2023,3,17,34023,Kuurne,Normaal,Droog,Dag,met lichtgewonden,3,Fiets,3,Fiets,Buiten Kruispunt,Gemeenteweg,binnen bebouwde kom,Tussen 2 bestuurders: Flank tegen flank,Geen hindernis
38249,16,Kortrijk 1,Kortrijk,50.83332,3.27777,2.2947078554367613,50.85076182126045,3.295237416064932,2023,3,17,34023,Kuurne,Normaal,Droog,Dag,met lichtgewonden,3,Fiets,3,Fiets,Buiten Kruispunt,Gemeenteweg,binnen bebouwde kom,Tussen 2 bestuurders: Flank tegen flank,Geen hindernis
38250,143,Eco Display Classic Budastraat,Kortrijk,50.83066,3.26286,0.598373133973681,50.83218594416594,3.254689671288235,2023,3,16,34022,Kortrijk,Normaal,Droog,Dag,met lichtgewonden,3,Fiets,11,een weggebruiker tegen een hindernis,Op Kruispunt,Gewestweg,binnen bebouwde kom,Weggebruiker tegen hindernis buiten rijbaan,Buiten de rijbaan: Andere paal
38250,75,Kortrijk teller 2,Kortrijk,50.81925,3.25731,1.4501386553280802,50.83218594416594,3.254689671288235,2023,3,16,34022,Kortrijk,Normaal,Droog,Dag,met lichtgewonden,3,Fiets,11,een weggebruiker tegen een hindernis,Op Kruispunt,Gewestweg,binnen bebouwde kom,Weggebruiker tegen hindernis buiten rijbaan,Buiten de rijbaan: Andere paal
38250,74,Kortrijk teller 1,Kortrijk,50.81909,3.25728,1.4675250019509307,50.83218594416594,3.254689671288235,2023,3,16,34022,Kortrijk,Normaal,Droog,Dag,met lichtgewonden,3,Fiets,11,een weggebruiker tegen een hindernis,Op Kruispunt,Gewestweg,binnen bebouwde kom,Weggebruiker tegen hindernis buiten rijbaan,Buiten de rijbaan: Andere paal
38250,17,Kortrijk 2,Kortrijk,50.83339,3.27773,1.6236317107643765,50.83218594416594,3.254689671288235,2023,3,16,34022,Kortrijk,Normaal,Droog,Dag,met lichtgewonden,3,Fiets,11,een weggebruiker tegen een hindernis,Op Kruispunt,Gewestweg,binnen bebouwde kom,Weggebruiker tegen hindernis buiten rijbaan,Buiten de rijbaan: Andere paal
38250,16,Kortrijk 1,Kortrijk,50.83332,3.27777,1.6258103077299264,50.83218594416594,3.254689671288235,2023,3,16,34022,Kortrijk,Normaal,Droog,Dag,met lichtgewonden,3,Fiets,11,een weggebruiker tegen een hindernis,Op Kruispunt,Gewestweg,binnen bebouwde kom,Weggebruiker tegen hindernis buiten rijbaan,Buiten de rijbaan: Andere paal
38251,17,Kortrijk 2,Kortrijk,50.83339,3.27773,2.2297796912278263,50.852611044662666,3.286781829906051,2023,3,16,34023,Kuurne,Normaal,Droog,Dag,met lichtgewonden,3,Fiets,3,Fiets,Buiten Kruispunt,Gemeenteweg,binnen bebouwde kom,Tss. 2 best.: langs opzij (voor-/achterkant-flank),Geen hindernis
38251,16,Kortrijk 1,Kortrijk,50.83332,3.27777,2.236445443514708,50.852611044662666,3.286781829906051,2023,3,16,34023,Kuurne,Normaal,Droog,Dag,met lichtgewonden,3,Fiets,3,Fiets,Buiten Kruispunt,Gemeenteweg,binnen bebouwde kom,Tss. 2 best.: langs opzij (voor-/achterkant-flank),Geen hindernis
38252,75,Kortrijk teller 2,Kortrijk,50.81925,3.25731,1.1369182946120107,50.82171697679086,3.2730162746585627,2023,3,16,34022,Kortrijk,Normaal,Droog,Dag,met lichtgewonden,9,personenauto,3,Fiets,Op Kruispunt,Gemeenteweg,binnen bebouwde kom,Tussen 2 bestuurders: Flank tegen flank,Geen hindernis
38252,74,Kortrijk teller 1,Kortrijk,50.81909,3.25728,1.1433807450472375,50.82171697679086,3.2730162746585627,2023,3,16,34022,Kortrijk,Normaal,Droog,Dag,met lichtgewonden,9,personenauto,3,Fiets,Op Kruispunt,Gemeenteweg,binnen bebouwde kom,Tussen 2 bestuurders: Flank tegen flank,Geen hindernis
38252,143,Eco Display Classic Budastraat,Kortrijk,50.83066,3.26286,1.2238306587476346,50.82171697679086,3.2730162746585627,2023,3,16,34022,Kortrijk,Normaal,Droog,Dag,met lichtgewonden,9,personenauto,3,Fiets,Op Kruispunt,Gemeenteweg,binnen bebouwde kom,Tussen 2 bestuurders: Flank tegen flank,Geen hindernis
38252,16,Kortrijk 1,Kortrijk,50.83332,3.27777,1.3327003006169176,50.82171697679086,3.2730162746585627,2023,3,16,34022,Kortrijk,Normaal,Droog,Dag,met lichtgewonden,9,personenauto,3,Fiets,Op Kruispunt,Gemeenteweg,binnen bebouwde kom,Tussen 2 bestuurders: Flank tegen flank,Geen hindernis
38252,17,Kortrijk 2,Kortrijk,50.83339,3.27773,1.3395399126513696,50.82171697679086,3.2730162746585627,2023,3,16,34022,Kortrijk,Normaal,Droog,Dag,met lichtgewonden,9,personenauto,3,Fiets,Op Kruispunt,Gemeenteweg,binnen bebouwde kom,Tussen 2 bestuurders: Flank tegen flank,Geen hindernis
38254,16,Kortrijk 1,Kortrijk,50.83332,3.27777,1.0675499483247994,50.82406292786744,3.2818001729294215,2023,3,12,34022,Kortrijk,Normaal,Droog,Dag,met lichtgewonden,9,personenauto,3,Fiets,Buiten Kruispunt,Gemeenteweg,binnen bebouwde kom,Tss. 2 best.: langs opzij (voor-/achterkant-flank),Geen hindernis
38254,17,Kortrijk 2,Kortrijk,50.83339,3.27773,1.0758000461645263,50.82406292786744,3.2818001729294215,2023,3,12,34022,Kortrijk,Normaal,Droog,Dag,met lichtgewonden,9,personenauto,3,Fiets,Buiten Kruispunt,Gemeenteweg,binnen bebouwde kom,Tss. 2 best.: langs opzij (voor-/achterkant-flank),Geen hindernis
38254,143,Eco Display Classic Budastraat,Kortrijk,50.83066,3.26286,1.5191533839408402,50.82406292786744,3.2818001729294215,2023,3,12,34022,Kortrijk,Normaal,Droog,Dag,met lichtgewonden,9,personenauto,3,Fiets,Buiten Kruispunt,Gemeenteweg,binnen bebouwde kom,Tss. 2 best.: langs opzij (voor-/achterkant-flank),Geen hindernis
38254,75,Kortrijk teller 2,Kortrijk,50.81925,3.25731,1.801654297264839,50.82406292786744,3.2818001729294215,2023,3,12,34022,Kortrijk,Normaal,Droog,Dag,met lichtgewonden,9,personenauto,3,Fiets,Buiten Kruispunt,Gemeenteweg,binnen bebouwde kom,Tss. 2 best.: langs opzij (voor-/achterkant-flank),Geen hindernis
38254,74,Kortrijk teller 1,Kortrijk,50.81909,3.25728,1.809028151606446,50.82406292786744,3.2818001729294215,2023,3,12,34022,Kortrijk,Normaal,Droog,Dag,met lichtgewonden,9,personenauto,3,Fiets,Buiten Kruispunt,Gemeenteweg,binnen bebouwde kom,Tss. 2 best.: langs opzij (voor-/achterkant-flank),Geen hindernis
38255,143,Eco Display Classic Budastraat,Kortrijk,50.83066,3.26286,0.7277786200519291,50.83332672457011,3.253396414876059,2023,3,7,34022,Kortrijk,Onbekend,Onbekend,Onbekend,met lichtgewonden,3,Fiets,9,personenauto,Op Kruispunt,Gemeenteweg,binnen bebouwde kom,Tss. 2 best.: langs opzij (voor-/achterkant-flank),Geen hindernis
38255,75,Kortrijk teller 2,Kortrijk,50.81925,3.25731,1.5892143541147015,50.83332672457011,3.253396414876059,2023,3,7,34022,Kortrijk,Onbekend,Onbekend,Onbekend,met lichtgewonden,3,Fiets,9,personenauto,Op Kruispunt,Gemeenteweg,binnen bebouwde kom,Tss. 2 best.: langs opzij (voor-/achterkant-flank),Geen hindernis
38255,74,Kortrijk teller 1,Kortrijk,50.81909,3.25728,1.6063812458055058,50.83332672457011,3.253396414876059,2023,3,7,34022,Kortrijk,Onbekend,Onbekend,Onbekend,met lichtgewonden,3,Fiets,9,personenauto,Op Kruispunt,Gemeenteweg,binnen bebouwde kom,Tss. 2 best.: langs opzij (voor-/achterkant-flank),Geen hindernis
38255,17,Kortrijk 2,Kortrijk,50.83339,3.27773,1.7089200815486933,50.83332672457011,3.253396414876059,2023,3,7,34022,Kortrijk,Onbekend,Onbekend,Onbekend,met lichtgewonden,3,Fiets,9,personenauto,Op Kruispunt,Gemeenteweg,binnen bebouwde kom,Tss. 2 best.: langs opzij (voor-/achterkant-flank),Geen hindernis
38255,16,Kortrijk 1,Kortrijk,50.83332,3.27777,1.71171617519403,50.83332672457011,3.253396414876059,2023,3,7,34022,Kortrijk,Onbekend,Onbekend,Onbekend,met lichtgewonden,3,Fiets,9,personenauto,Op Kruispunt,Gemeenteweg,binnen bebouwde kom,Tss. 2 best.: langs opzij (voor-/achterkant-flank),Geen hindernis
38256,143,Eco Display Classic Budastraat,Kortrijk,50.83066,3.26286,0.568523725699848,50.83519771279688,3.2665902138764276,2023,3,22,34022,Kortrijk,Normaal,Droog,"Nacht, geen openbare verlichting aanwezig",met lichtgewonden,3,Fiets,10,"één bestuurder, geen hindernis",Buiten Kruispunt,Gewestweg,binnen bebouwde kom,"Eén bestuurder, geen hindernis (incl. val)",Geen hindernis
38256,17,Kortrijk 2,Kortrijk,50.83339,3.27773,0.8077232488450209,50.83519771279688,3.2665902138764276,2023,3,22,34022,Kortrijk,Normaal,Droog,"Nacht, geen openbare verlichting aanwezig",met lichtgewonden,3,Fiets,10,"één bestuurder, geen hindernis",Buiten Kruispunt,Gewestweg,binnen bebouwde kom,"Eén bestuurder, geen hindernis (incl. val)",Geen hindernis
38256,16,Kortrijk 1,Kortrijk,50.83332,3.27777,0.8124103343768105,50.83519771279688,3.2665902138764276,2023,3,22,34022,Kortrijk,Normaal,Droog,"Nacht, geen openbare verlichting aanwezig",met lichtgewonden,3,Fiets,10,"één bestuurder, geen hindernis",Buiten Kruispunt,Gewestweg,binnen bebouwde kom,"Eén bestuurder, geen hindernis (incl. val)",Geen hindernis
38256,75,Kortrijk teller 2,Kortrijk,50.81925,3.25731,1.8893061645929385,50.83519771279688,3.2665902138764276,2023,3,22,34022,Kortrijk,Normaal,Droog,"Nacht, geen openbare verlichting aanwezig",met lichtgewonden,3,Fiets,10,"één bestuurder, geen hindernis",Buiten Kruispunt,Gewestweg,binnen bebouwde kom,"Eén bestuurder, geen hindernis (incl. val)",Geen hindernis
38256,74,Kortrijk teller 1,Kortrijk,50.81909,3.25728,1.9067368829853832,50.83519771279688,3.2665902138764276,2023,3,22,34022,Kortrijk,Normaal,Droog,"Nacht, geen openbare verlichting aanwezig",met lichtgewonden,3,Fiets,10,"één bestuurder, geen hindernis",Buiten Kruispunt,Gewestweg,binnen bebouwde kom,"Eén bestuurder, geen hindernis (incl. val)",Geen hindernis
38257,17,Kortrijk 2,Kortrijk,50.83339,3.27773,1.5034330139356415,50.846881095054684,3.2791460535862456,2023,3,14,34023,Kuurne,Normaal,Droog,Dag,met lichtgewonden,3,Fiets,4,Vrachtwagen,Buiten Kruispunt,Gemeenteweg,binnen bebouwde kom,Tussen 2 bestuurders: Flank tegen flank,Geen hindernis
38257,16,Kortrijk 1,Kortrijk,50.83332,3.27777,1.5110175025840806,50.846881095054684,3.2791460535862456,2023,3,14,34023,Kuurne,Normaal,Droog,Dag,met lichtgewonden,3,Fiets,4,Vrachtwagen,Buiten Kruispunt,Gemeenteweg,binnen bebouwde kom,Tussen 2 bestuurders: Flank tegen flank,Geen hindernis
38257,143,Eco Display Classic Budastraat,Kortrijk,50.83066,3.26286,2.135693598178228,50.846881095054684,3.2791460535862456,2023,3,14,34023,Kuurne,Normaal,Droog,Dag,met lichtgewonden,3,Fiets,4,Vrachtwagen,Buiten Kruispunt,Gemeenteweg,binnen bebouwde kom,Tussen 2 bestuurders: Flank tegen flank,Geen hindernis
38258,16,Kortrijk 1,Kortrijk,50.83332,3.27777,0.6792617239465479,50.82801705238363,3.282571054492941,2023,3,4,34022,Kortrijk,Normaal,Droog,"Nacht, openbare verlichting aanwezig en ontstoken",met lichtgewonden,3,Fiets,10,"één bestuurder, geen hindernis",Buiten Kruispunt,Gemeenteweg,binnen bebouwde kom,"Eén bestuurder, geen hindernis (incl. val)",Geen hindernis
38258,17,Kortrijk 2,Kortrijk,50.83339,3.27773,0.6874145338658476,50.82801705238363,3.282571054492941,2023,3,4,34022,Kortrijk,Normaal,Droog,"Nacht, openbare verlichting aanwezig en ontstoken",met lichtgewonden,3,Fiets,10,"één bestuurder, geen hindernis",Buiten Kruispunt,Gemeenteweg,binnen bebouwde kom,"Eén bestuurder, geen hindernis (incl. val)",Geen hindernis
38258,143,Eco Display Classic Budastraat,Kortrijk,50.83066,3.26286,1.415241817367407,50.82801705238363,3.282571054492941,2023,3,4,34022,Kortrijk,Normaal,Droog,"Nacht, openbare verlichting aanwezig en ontstoken",met lichtgewonden,3,Fiets,10,"één bestuurder, geen hindernis",Buiten Kruispunt,Gemeenteweg,binnen bebouwde kom,"Eén bestuurder, geen hindernis (incl. val)",Geen hindernis
38258,75,Kortrijk teller 2,Kortrijk,50.81925,3.25731,2.0245656192004597,50.82801705238363,3.282571054492941,2023,3,4,34022,Kortrijk,Normaal,Droog,"Nacht, openbare verlichting aanwezig en ontstoken",met lichtgewonden,3,Fiets,10,"één bestuurder, geen hindernis",Buiten Kruispunt,Gemeenteweg,binnen bebouwde kom,"Eén bestuurder, geen hindernis (incl. val)",Geen hindernis
38258,74,Kortrijk teller 1,Kortrijk,50.81909,3.25728,2.0350340662337927,50.82801705238363,3.282571054492941,2023,3,4,34022,Kortrijk,Normaal,Droog,"Nacht, openbare verlichting aanwezig en ontstoken",met lichtgewonden,3,Fiets,10,"één bestuurder, geen hindernis",Buiten Kruispunt,Gemeenteweg,binnen bebouwde kom,"Eén bestuurder, geen hindernis (incl. val)",Geen hindernis
38267,17,Kortrijk 2,Kortrijk,50.83339,3.27773,1.1510227109298266,50.83912426985225,3.2913759998049255,2023,3,16,34013,Harelbeke,Normaal,Droog,Dag,met lichtgewonden,3,Fiets,3,Fiets,Buiten Kruispunt,Gemeenteweg,binnen bebouwde kom,Tussen 2 bestuurders: Frontale botsing,Geen hindernis
38267,16,Kortrijk 1,Kortrijk,50.83332,3.27777,1.153024570357723,50.83912426985225,3.2913759998049255,2023,3,16,34013,Harelbeke,Normaal,Droog,Dag,met lichtgewonden,3,Fiets,3,Fiets,Buiten Kruispunt,Gemeenteweg,binnen bebouwde kom,Tussen 2 bestuurders: Frontale botsing,Geen hindernis
38267,143,Eco Display Classic Budastraat,Kortrijk,50.83066,3.26286,2.2127104946217573,50.83912426985225,3.2913759998049255,2023,3,16,34013,Harelbeke,Normaal,Droog,Dag,met lichtgewonden,3,Fiets,3,Fiets,Buiten Kruispunt,Gemeenteweg,binnen bebouwde kom,Tussen 2 bestuurders: Frontale botsing,Geen hindernis
38275,67,Ieper totem,Ieper,50.85018,2.85624,1.5128621481967663,50.84448325666249,2.8758086517066936,2023,3,19,33011,Ieper,Normaal,Droog,Dag,met lichtgewonden,3,Fiets,10,"één bestuurder, geen hindernis",Buiten Kruispunt,Gewestweg,buiten bebouwde kom,"Eén bestuurder, geen hindernis (incl. val)",Geen hindernis
38275,68,Ieper,Ieper,50.85032,2.85608,1.5296085815030562,50.84448325666249,2.8758086517066936,2023,3,19,33011,Ieper,Normaal,Droog,Dag,met lichtgewonden,3,Fiets,10,"één bestuurder, geen hindernis",Buiten Kruispunt,Gewestweg,buiten bebouwde kom,"Eén bestuurder, geen hindernis (incl. val)",Geen hindernis
38279,62,Wervik teller 1,Wervik,50.8058,3.09154,1.3467627514307787,50.81283164277938,3.0759339099391934,2023,3,8,33029,Wervik,Normaal,"Nat, plassen",Dageraad - schemering,met lichtgewonden,9,personenauto,3,Fiets,Op Kruispunt,Gemeenteweg,binnen bebouwde kom,Tss. 2 best.: langs opzij (voor-/achterkant-flank),Geen hindernis
38279,61,Wervik teller 2,Wervik,50.80555,3.0921,1.3949419717592935,50.81283164277938,3.0759339099391934,2023,3,8,33029,Wervik,Normaal,"Nat, plassen",Dageraad - schemering,met lichtgewonden,9,personenauto,3,Fiets,Op Kruispunt,Gemeenteweg,binnen bebouwde kom,Tss. 2 best.: langs opzij (voor-/achterkant-flank),Geen hindernis
38281,67,Ieper totem,Ieper,50.85018,2.85624,1.5787439965890808,50.849589557753525,2.878708687083175,2023,3,11,33011,Ieper,Normaal,Droog,Dag,met lichtgewonden,3,Fiets,3,Fiets,Op Kruispunt,Gewestweg,binnen bebouwde kom,Tss. 2 best.: langs opzij (voor-/achterkant-flank),Geen hindernis
38281,68,Ieper,Ieper,50.85032,2.85608,1.5906833750228424,50.849589557753525,2.878708687083175,2023,3,11,33011,Ieper,Normaal,Droog,Dag,met lichtgewonden,3,Fiets,3,Fiets,Op Kruispunt,Gewestweg,binnen bebouwde kom,Tss. 2 best.: langs opzij (voor-/achterkant-flank),Geen hindernis
38283,67,Ieper totem,Ieper,50.85018,2.85624,2.3357585372545118,50.85527239123392,2.888520783976742,2023,3,7,33011,Ieper,Normaal,Droog,Dag,met zwaargewonden,9,personenauto,3,Fiets,Buiten Kruispunt,Gemeenteweg,binnen bebouwde kom,Tss. 2 best.: langs opzij (voor-/achterkant-flank),Geen hindernis
38283,68,Ieper,Ieper,50.85032,2.85608,2.342945928794256,50.85527239123392,2.888520783976742,2023,3,7,33011,Ieper,Normaal,Droog,Dag,met zwaargewonden,9,personenauto,3,Fiets,Buiten Kruispunt,Gemeenteweg,binnen bebouwde kom,Tss. 2 best.: langs opzij (voor-/achterkant-flank),Geen hindernis
38289,124,Beveren teller 2,Beveren,51.1964712,4.2361077,1.2711761539018935,51.20629858628202,4.226786430174022,2023,3,15,46003,Beveren,Normaal,Droog,Dag,met lichtgewonden,3,Fiets,11,een weggebruiker tegen een hindernis,Buiten Kruispunt,Gemeenteweg,binnen bebouwde kom,Weggebruiker tegen hindernis op de rijbaan,"Op de rijbaan: Werken (signal., aarde, toestel,…)"
38299,138,Hasselt-Kempische brug,Hasselt,50.9405318,5.3422472,1.135990748060928,50.937041479364886,5.357484025199788,2023,3,8,71022,Hasselt,Normaal,Droog,Dag,met lichtgewonden,9,personenauto,3,Fiets,Buiten Kruispunt,Gewestweg,buiten bebouwde kom,Tss. 2 best.: langs opzij (voor-/achterkant-flank),Geen hindernis
38299,137,Hasselt-Kempische brug,Hasselt,50.9411605,5.3417576,1.1933310646306068,50.937041479364886,5.357484025199788,2023,3,8,71022,Hasselt,Normaal,Droog,Dag,met lichtgewonden,9,personenauto,3,Fiets,Buiten Kruispunt,Gewestweg,buiten bebouwde kom,Tss. 2 best.: langs opzij (voor-/achterkant-flank),Geen hindernis
38299,140,Hasselt ring,Hasselt,50.9300038,5.3438616,1.2343823081838807,50.937041479364886,5.357484025199788,2023,3,8,71022,Hasselt,Normaal,Droog,Dag,met lichtgewonden,9,personenauto,3,Fiets,Buiten Kruispunt,Gewestweg,buiten bebouwde kom,Tss. 2 best.: langs opzij (voor-/achterkant-flank),Geen hindernis
38302,140,Hasselt ring,Hasselt,50.9300038,5.3438616,1.9673859852344457,50.92923111987469,5.315816287263982,2023,3,16,71022,Hasselt,Normaal,Droog,Dag,met lichtgewonden,9,personenauto,3,Fiets,Op Kruispunt,Gemeenteweg,binnen bebouwde kom,Tss. 2 best.: langs opzij (voor-/achterkant-flank),Geen hindernis
38302,138,Hasselt-Kempische brug,Hasselt,50.9405318,5.3422472,2.238185408862041,50.92923111987469,5.315816287263982,2023,3,16,71022,Hasselt,Normaal,Droog,Dag,met lichtgewonden,9,personenauto,3,Fiets,Op Kruispunt,Gemeenteweg,binnen bebouwde kom,Tss. 2 best.: langs opzij (voor-/achterkant-flank),Geen hindernis
38302,137,Hasselt-Kempische brug,Hasselt,50.9411605,5.3417576,2.2503539504161543,50.92923111987469,5.315816287263982,2023,3,16,71022,Hasselt,Normaal,Droog,Dag,met lichtgewonden,9,personenauto,3,Fiets,Op Kruispunt,Gemeenteweg,binnen bebouwde kom,Tss. 2 best.: langs opzij (voor-/achterkant-flank),Geen hindernis
38303,140,Hasselt ring,Hasselt,50.9300038,5.3438616,0.5894745793464685,50.934972841728786,5.346792551624527,2023,3,16,71022,Hasselt,Regenval,"Nat, plassen",Dag,met lichtgewonden,3,Fiets,9,personenauto,Op Kruispunt,Gemeenteweg,binnen bebouwde kom,Tss. 2 best.: langs opzij (voor-/achterkant-flank),Geen hindernis
38303,138,Hasselt-Kempische brug,Hasselt,50.9405318,5.3422472,0.6953581411559575,50.934972841728786,5.346792551624527,2023,3,16,71022,Hasselt,Regenval,"Nat, plassen",Dag,met lichtgewonden,3,Fiets,9,personenauto,Op Kruispunt,Gemeenteweg,binnen bebouwde kom,Tss. 2 best.: langs opzij (voor-/achterkant-flank),Geen hindernis
38303,137,Hasselt-Kempische brug,Hasselt,50.9411605,5.3417576,0.7732161025727764,50.934972841728786,5.346792551624527,2023,3,16,71022,Hasselt,Regenval,"Nat, plassen",Dag,met lichtgewonden,3,Fiets,9,personenauto,Op Kruispunt,Gemeenteweg,binnen bebouwde kom,Tss. 2 best.: langs opzij (voor-/achterkant-flank),Geen hindernis
38304,140,Hasselt ring,Hasselt,50.9300038,5.3438616,0.3516346260574048,50.932605218487886,5.346714483439949,2023,3,15,71022,Hasselt,Normaal,Droog,Dag,met zwaargewonden,5,Lichte vrachtauto,3,Fiets,Op Kruispunt,Gemeenteweg,binnen bebouwde kom,Tss. 2 best.: langs opzij (voor-/achterkant-flank),Geen hindernis
38304,138,Hasselt-Kempische brug,Hasselt,50.9405318,5.3422472,0.935333848408351,50.932605218487886,5.346714483439949,2023,3,15,71022,Hasselt,Normaal,Droog,Dag,met zwaargewonden,5,Lichte vrachtauto,3,Fiets,Op Kruispunt,Gemeenteweg,binnen bebouwde kom,Tss. 2 best.: langs opzij (voor-/achterkant-flank),Geen hindernis
38304,137,Hasselt-Kempische brug,Hasselt,50.9411605,5.3417576,1.0127312767940497,50.932605218487886,5.346714483439949,2023,3,15,71022,Hasselt,Normaal,Droog,Dag,met zwaargewonden,5,Lichte vrachtauto,3,Fiets,Op Kruispunt,Gemeenteweg,binnen bebouwde kom,Tss. 2 best.: langs opzij (voor-/achterkant-flank),Geen hindernis
38305,140,Hasselt ring,Hasselt,50.9300038,5.3438616,1.0280841358584814,50.9276331707904,5.358040415842996,2023,3,14,71022,Hasselt,Normaal,Droog,Dag,met zwaargewonden,9,personenauto,3,Fiets,Op Kruispunt,Gewestweg,binnen bebouwde kom,Tss. 2 best.: langs opzij (voor-/achterkant-flank),Geen hindernis
38305,138,Hasselt-Kempische brug,Hasselt,50.9405318,5.3422472,1.8116208545917991,50.9276331707904,5.358040415842996,2023,3,14,71022,Hasselt,Normaal,Droog,Dag,met zwaargewonden,9,personenauto,3,Fiets,Op Kruispunt,Gewestweg,binnen bebouwde kom,Tss. 2 best.: langs opzij (voor-/achterkant-flank),Geen hindernis
38305,137,Hasselt-Kempische brug,Hasselt,50.9411605,5.3417576,1.8879865978876365,50.9276331707904,5.358040415842996,2023,3,14,71022,Hasselt,Normaal,Droog,Dag,met zwaargewonden,9,personenauto,3,Fiets,Op Kruispunt,Gewestweg,binnen bebouwde kom,Tss. 2 best.: langs opzij (voor-/achterkant-flank),Geen hindernis
38306,137,Hasselt-Kempische brug,Hasselt,50.9411605,5.3417576,1.3070628998719869,50.94182274742364,5.323132342493798,2023,3,17,71022,Hasselt,Normaal,Droog,Dag,met lichtgewonden,9,personenauto,3,Fiets,Op Kruispunt,Gewestweg,binnen bebouwde kom,Tussen 2 bestuurders: Flank tegen flank,Geen hindernis
38306,138,Hasselt-Kempische brug,Hasselt,50.9405318,5.3422472,1.3469707269293503,50.94182274742364,5.323132342493798,2023,3,17,71022,Hasselt,Normaal,Droog,Dag,met lichtgewonden,9,personenauto,3,Fiets,Op Kruispunt,Gewestweg,binnen bebouwde kom,Tussen 2 bestuurders: Flank tegen flank,Geen hindernis
38306,140,Hasselt ring,Hasselt,50.9300038,5.3438616,1.9588581466707973,50.94182274742364,5.323132342493798,2023,3,17,71022,Hasselt,Normaal,Droog,Dag,met lichtgewonden,9,personenauto,3,Fiets,Op Kruispunt,Gewestweg,binnen bebouwde kom,Tussen 2 bestuurders: Flank tegen flank,Geen hindernis
38307,140,Hasselt ring,Hasselt,50.9300038,5.3438616,1.0798206951149592,50.927610182247015,5.358793633561672,2023,3,16,71022,Hasselt,"Sterke wind, rukwind","Nat, plassen",Dag,met lichtgewonden,3,Fiets,11,een weggebruiker tegen een hindernis,Buiten Kruispunt,Gewestweg,binnen bebouwde kom,Weggebruiker tegen hindernis op de rijbaan,"Op de rijbaan: Werken (signal., aarde, toestel,…)"
38307,138,Hasselt-Kempische brug,Hasselt,50.9405318,5.3422472,1.84632861605271,50.927610182247015,5.358793633561672,2023,3,16,71022,Hasselt,"Sterke wind, rukwind","Nat, plassen",Dag,met lichtgewonden,3,Fiets,11,een weggebruiker tegen een hindernis,Buiten Kruispunt,Gewestweg,binnen bebouwde kom,Weggebruiker tegen hindernis op de rijbaan,"Op de rijbaan: Werken (signal., aarde, toestel,…)"
38307,137,Hasselt-Kempische brug,Hasselt,50.9411605,5.3417576,1.9223502070333875,50.927610182247015,5.358793633561672,2023,3,16,71022,Hasselt,"Sterke wind, rukwind","Nat, plassen",Dag,met lichtgewonden,3,Fiets,11,een weggebruiker tegen een hindernis,Buiten Kruispunt,Gewestweg,binnen bebouwde kom,Weggebruiker tegen hindernis op de rijbaan,"Op de rijbaan: Werken (signal., aarde, toestel,…)"
38308,140,Hasselt ring,Hasselt,50.9300038,5.3438616,0.4733474550901971,50.932424253316434,5.338305387242789,2023,3,9,71022,Hasselt,Normaal,Droog,Dag,met lichtgewonden,3,Fiets,3,Fiets,Buiten Kruispunt,Gemeenteweg,binnen bebouwde kom,Tss. 2 best.: langs opzij (voor-/achterkant-flank),Geen hindernis