crash_row_id,site_id,site_name,site_gemeente,site_lat,site_long,distance_km,crash_lat,crash_long,DT_YEAR_COLLISION,DT_MONTH_COLLISION,DT_TIME,CD_NIS,TX_MUNTY_COLLISION_NL,TX_WEATHER_NL,TX_ROAD_CONDITION_NL,TX_LIGHT_CONDITION_NL,TX_CLASS_ACCIDENTS_NL,CD_ROAD_USR_TYPE1,TX_ROAD_USR_TYPE1_NL,CD_ROAD_USR_TYPE2,TX_ROAD_USR_TYPE2_NL,TX_CROSSWAY_NL,CD_ROAD_TYPE_NL,TX_BUILD_UP_AREA_NL,TX_COLLISION_TYPE_NL,TX_OBSTACLES_NL
38308,138,Hasselt-Kempische brug,Hasselt,50.9405318,5.3422472,0.9428835203639864,50.932424253316434,5.338305387242789,2023,3,9,71022,Hasselt,Normaal,Droog,Dag,met lichtgewonden,3,Fiets,3,Fiets,Buiten Kruispunt,Gemeenteweg,binnen bebouwde kom,Tss. 2 best.: langs opzij (voor-/achterkant-flank),Geen hindernis
38308,137,Hasselt-Kempische brug,Hasselt,50.9411605,5.3417576,1.0010930163972844,50.932424253316434,5.338305387242789,2023,3,9,71022,Hasselt,Normaal,Droog,Dag,met lichtgewonden,3,Fiets,3,Fiets,Buiten Kruispunt,Gemeenteweg,binnen bebouwde kom,Tss. 2 best.: langs opzij (voor-/achterkant-flank),Geen hindernis
38313,150,Bertem,District Leuven,50.8687535,4.56136297,2.403125275001319,50.89025239434084,4.557865927213877,2023,3,19,24055,Kortenberg,Regenval,"Nat, plassen","Nacht, openbare verlichting aanwezig en ontstoken",met lichtgewonden,9,personenauto,3,Fiets,Op Kruispunt,Gewestweg,buiten bebouwde kom,Tussen 2 bestuurders: Flank tegen flank,Geen hindernis
38319,25,Bree,Bree,51.13679500160176,5.597669323604317,0.4895878918968904,51.139443041785206,5.603275667476427,2023,3,17,72004,Bree,Normaal,Droog,Dag,met lichtgewonden,3,Fiets,8,Voetganger,Buiten Kruispunt,Gewestweg,binnen bebouwde kom,Met een voetganger,Geen hindernis
38324,14,Genk,Genk,50.97172,5.48927,2.445450375911145,50.950273562458676,5.481537686080943,2023,3,13,71016,Genk,Normaal,Droog,Dag,met lichtgewonden,9,personenauto,3,Fiets,Buiten Kruispunt,Gemeenteweg,buiten bebouwde kom,Tss. 2 best.: langs opzij (voor-/achterkant-flank),Geen hindernis
38327,113,Deinze teller 2,Deinze,50.96018,3.55578,1.7733838099852994,50.97045568392636,3.536413526012363,2023,3,16,44083,Deinze,Normaal,Droog,Dag,met lichtgewonden,3,Fiets,9,personenauto,Op Kruispunt,Gewestweg,binnen bebouwde kom,Tussen 2 bestuurders: Flank tegen flank,Geen hindernis
38327,114,Deinze teller 1,Nazareth,50.9598305,3.555502,1.7840391049183189,50.97045568392636,3.536413526012363,2023,3,16,44083,Deinze,Normaal,Droog,Dag,met lichtgewonden,3,Fiets,9,personenauto,Op Kruispunt,Gewestweg,binnen bebouwde kom,Tussen 2 bestuurders: Flank tegen flank,Geen hindernis
38331,113,Deinze teller 2,Deinze,50.96018,3.55578,2.326879765926908,50.973569080394064,3.5302434379907934,2023,3,15,44083,Deinze,Normaal,Droog,Dag,met lichtgewonden,9,personenauto,3,Fiets,Buiten Kruispunt,Gemeenteweg,binnen bebouwde kom,Tss. 2 best.: langs opzij (voor-/achterkant-flank),Geen hindernis
38331,114,Deinze teller 1,Nazareth,50.9598305,3.555502,2.337172138717192,50.973569080394064,3.5302434379907934,2023,3,15,44083,Deinze,Normaal,Droog,Dag,met lichtgewonden,9,personenauto,3,Fiets,Buiten Kruispunt,Gemeenteweg,binnen bebouwde kom,Tss. 2 best.: langs opzij (voor-/achterkant-flank),Geen hindernis
38332,113,Deinze teller 2,Deinze,50.96018,3.55578,2.2317240665930864,50.97225026897513,3.5303183014876276,2023,3,16,44083,Deinze,Normaal,Droog,Dag,met zwaargewonden,3,Fiets,8,Voetganger,Buiten Kruispunt,Gemeenteweg,binnen bebouwde kom,Met een voetganger,Geen hindernis
38332,114,Deinze teller 1,Nazareth,50.9598305,3.555502,2.2399554586930006,50.97225026897513,3.5303183014876276,2023,3,16,44083,Deinze,Normaal,Droog,Dag,met zwaargewonden,3,Fiets,8,Voetganger,Buiten Kruispunt,Gemeenteweg,binnen bebouwde kom,Met een voetganger,Geen hindernis
38333,99,Mechelen teller 1,Mechelen,51.04564,4.46882,1.9989463607886842,51.03761311605573,4.494402913352017,2023,3,2,12025,Mechelen,Regenval,"Nat, plassen","Nacht, openbare verlichting aanwezig en ontstoken",met lichtgewonden,9,personenauto,3,Fiets,Op Kruispunt,Gemeenteweg,binnen bebouwde kom,Tss. 2 best.: langs opzij (voor-/achterkant-flank),Geen hindernis
38333,100,Mechelen teller 2,Mechelen,51.0457,4.46883,2.0013085820813235,51.03761311605573,4.494402913352017,2023,3,2,12025,Mechelen,Regenval,"Nat, plassen","Nacht, openbare verlichting aanwezig en ontstoken",met lichtgewonden,9,personenauto,3,Fiets,Op Kruispunt,Gemeenteweg,binnen bebouwde kom,Tss. 2 best.: langs opzij (voor-/achterkant-flank),Geen hindernis
38335,99,Mechelen teller 1,Mechelen,51.04564,4.46882,1.8500037582400344,51.03940952662069,4.4442840306990306,2023,1,19,12025,Mechelen,Normaal,Droog,"Nacht, geen openbare verlichting aanwezig",met lichtgewonden,3,Fiets,8,Voetganger,Buiten Kruispunt,Gewestweg,buiten bebouwde kom,Met een voetganger,Geen hindernis
38335,100,Mechelen teller 2,Mechelen,51.0457,4.46883,1.853158900430826,51.03940952662069,4.4442840306990306,2023,1,19,12025,Mechelen,Normaal,Droog,"Nacht, geen openbare verlichting aanwezig",met lichtgewonden,3,Fiets,8,Voetganger,Buiten Kruispunt,Gewestweg,buiten bebouwde kom,Met een voetganger,Geen hindernis
38336,100,Mechelen teller 2,Mechelen,51.0457,4.46883,1.9977047927626155,51.06261249021605,4.459187507247047,2023,3,10,12025,Mechelen,Normaal,Droog,Dag,met zwaargewonden,3,Fiets,9,personenauto,Buiten Kruispunt,Gewestweg,binnen bebouwde kom,Tss. 2 best.: langs opzij (voor-/achterkant-flank),Geen hindernis
38336,99,Mechelen teller 1,Mechelen,51.04564,4.46882,2.0037517902110458,51.06261249021605,4.459187507247047,2023,3,10,12025,Mechelen,Normaal,Droog,Dag,met zwaargewonden,3,Fiets,9,personenauto,Buiten Kruispunt,Gewestweg,binnen bebouwde kom,Tss. 2 best.: langs opzij (voor-/achterkant-flank),Geen hindernis
38341,99,Mechelen teller 1,Mechelen,51.04564,4.46882,0.2682826914225814,51.04337529178975,4.470143436857254,2023,3,10,12025,Mechelen,Normaal,Droog,Dag,met lichtgewonden,4,Vrachtwagen,3,Fiets,Op Kruispunt,Gewestweg,binnen bebouwde kom,Tss. 2 best.: langs opzij (voor-/achterkant-flank),Geen hindernis
38341,100,Mechelen teller 2,Mechelen,51.0457,4.46883,0.2743199136236818,51.04337529178975,4.470143436857254,2023,3,10,12025,Mechelen,Normaal,Droog,Dag,met lichtgewonden,4,Vrachtwagen,3,Fiets,Op Kruispunt,Gewestweg,binnen bebouwde kom,Tss. 2 best.: langs opzij (voor-/achterkant-flank),Geen hindernis
38342,99,Mechelen teller 1,Mechelen,51.04564,4.46882,2.103341906358449,51.02790623481017,4.479287036656666,2023,3,15,12025,Mechelen,Normaal,Droog,Dag,met lichtgewonden,3,Fiets,8,Voetganger,Buiten Kruispunt,Gemeenteweg,binnen bebouwde kom,Met een voetganger,Geen hindernis
38342,100,Mechelen teller 2,Mechelen,51.0457,4.46883,2.1093553283837356,51.02790623481017,4.479287036656666,2023,3,15,12025,Mechelen,Normaal,Droog,Dag,met lichtgewonden,3,Fiets,8,Voetganger,Buiten Kruispunt,Gemeenteweg,binnen bebouwde kom,Met een voetganger,Geen hindernis
38345,99,Mechelen teller 1,Mechelen,51.04564,4.46882,1.3613579678655008,51.03414134030098,4.475505579410002,2023,2,17,12025,Mechelen,Normaal,Droog,Dageraad - schemering,met lichtgewonden,3,Fiets,8,Voetganger,Op Kruispunt,Gewestweg,binnen bebouwde kom,Met een voetganger,Geen hindernis
38345,100,Mechelen teller 2,Mechelen,51.0457,4.46883,1.367387056193019,51.03414134030098,4.475505579410002,2023,2,17,12025,Mechelen,Normaal,Droog,Dageraad - schemering,met lichtgewonden,3,Fiets,8,Voetganger,Op Kruispunt,Gewestweg,binnen bebouwde kom,Met een voetganger,Geen hindernis
38346,99,Mechelen teller 1,Mechelen,51.04564,4.46882,2.4067063527182566,51.02552422466098,4.481523945204697,2023,2,18,12025,Mechelen,Normaal,Droog,"Nacht, openbare verlichting aanwezig en ontstoken",met lichtgewonden,3,Fiets,8,Voetganger,Buiten Kruispunt,Gemeenteweg,binnen bebouwde kom,Met een voetganger,Geen hindernis
38346,100,Mechelen teller 2,Mechelen,51.0457,4.46883,2.412650680360335,51.02552422466098,4.481523945204697,2023,2,18,12025,Mechelen,Normaal,Droog,"Nacht, openbare verlichting aanwezig en ontstoken",met lichtgewonden,3,Fiets,8,Voetganger,Buiten Kruispunt,Gemeenteweg,binnen bebouwde kom,Met een voetganger,Geen hindernis
38347,99,Mechelen teller 1,Mechelen,51.04564,4.46882,2.2691092040414556,51.02604273679376,4.477868500200097,2023,2,18,12025,Mechelen,Regenval,"Nat, plassen","Nacht, openb. verlicht. aanw., maar niet ontstoken",met lichtgewonden,3,Fiets,3,Fiets,Op Kruispunt,Gemeenteweg,binnen bebouwde kom,Tss. 2 best.: langs opzij (voor-/achterkant-flank),Geen hindernis
38347,100,Mechelen teller 2,Mechelen,51.0457,4.46883,2.275322626829666,51.02604273679376,4.477868500200097,2023,2,18,12025,Mechelen,Regenval,"Nat, plassen","Nacht, openb. verlicht. aanw., maar niet ontstoken",met lichtgewonden,3,Fiets,3,Fiets,Op Kruispunt,Gemeenteweg,binnen bebouwde kom,Tss. 2 best.: langs opzij (voor-/achterkant-flank),Geen hindernis
38348,100,Mechelen teller 2,Mechelen,51.0457,4.46883,1.176797927469406,51.05477968894413,4.460180807719633,2023,2,16,12025,Mechelen,Normaal,Onbekend,Dag,met lichtgewonden,9,personenauto,3,Fiets,Buiten Kruispunt,Gemeenteweg,binnen bebouwde kom,Tss. 2 best.: langs opzij (voor-/achterkant-flank),Geen hindernis
38348,99,Mechelen teller 1,Mechelen,51.04564,4.46882,1.1821697389394843,51.05477968894413,4.460180807719633,2023,2,16,12025,Mechelen,Normaal,Onbekend,Dag,met lichtgewonden,9,personenauto,3,Fiets,Buiten Kruispunt,Gemeenteweg,binnen bebouwde kom,Tss. 2 best.: langs opzij (voor-/achterkant-flank),Geen hindernis
38350,99,Mechelen teller 1,Mechelen,51.04564,4.46882,0.6913818101513864,51.04248294430657,4.477339844946714,2023,2,16,12025,Mechelen,Normaal,Droog,Dag,met lichtgewonden,9,personenauto,3,Fiets,Buiten Kruispunt,Gewestweg,binnen bebouwde kom,Tss. 2 best.: langs opzij (voor-/achterkant-flank),Geen hindernis
38350,100,Mechelen teller 2,Mechelen,51.0457,4.46883,0.6941935684199466,51.04248294430657,4.477339844946714,2023,2,16,12025,Mechelen,Normaal,Droog,Dag,met lichtgewonden,9,personenauto,3,Fiets,Buiten Kruispunt,Gewestweg,binnen bebouwde kom,Tss. 2 best.: langs opzij (voor-/achterkant-flank),Geen hindernis
38352,99,Mechelen teller 1,Mechelen,51.04564,4.46882,1.697610096030541,51.03104610630526,4.475949714362415,2023,1,11,12025,Mechelen,Normaal,Droog,Dag,met lichtgewonden,9,personenauto,3,Fiets,Op Kruispunt,Gemeenteweg,binnen bebouwde kom,Tussen 2 bestuurders: Flank tegen flank,Geen hindernis
38352,100,Mechelen teller 2,Mechelen,51.0457,4.46883,1.7037842668596166,51.03104610630526,4.475949714362415,2023,1,11,12025,Mechelen,Normaal,Droog,Dag,met lichtgewonden,9,personenauto,3,Fiets,Op Kruispunt,Gemeenteweg,binnen bebouwde kom,Tussen 2 bestuurders: Flank tegen flank,Geen hindernis
38353,99,Mechelen teller 1,Mechelen,51.04564,4.46882,1.9204086591821383,51.03065572687572,4.4824770669686655,2023,1,14,12025,Mechelen,Normaal,Droog,Dag,met lichtgewonden,9,personenauto,3,Fiets,Buiten Kruispunt,Gewestweg,binnen bebouwde kom,Tussen 2 bestuurders: Langs achteren,Geen hindernis
38353,100,Mechelen teller 2,Mechelen,51.0457,4.46883,1.9258531468494238,51.03065572687572,4.4824770669686655,2023,1,14,12025,Mechelen,Normaal,Droog,Dag,met lichtgewonden,9,personenauto,3,Fiets,Buiten Kruispunt,Gewestweg,binnen bebouwde kom,Tussen 2 bestuurders: Langs achteren,Geen hindernis
38356,99,Mechelen teller 1,Mechelen,51.04564,4.46882,0.4256617597490093,51.04391542441827,4.474255857531774,2023,1,11,12025,Mechelen,Normaal,Droog,Dag,met zwaargewonden,3,Fiets,9,personenauto,Buiten Kruispunt,Gemeenteweg,binnen bebouwde kom,Tussen 2 bestuurders: Frontale botsing,Geen hindernis
38356,100,Mechelen teller 2,Mechelen,51.0457,4.46883,0.4280889980035262,51.04391542441827,4.474255857531774,2023,1,11,12025,Mechelen,Normaal,Droog,Dag,met zwaargewonden,3,Fiets,9,personenauto,Buiten Kruispunt,Gemeenteweg,binnen bebouwde kom,Tussen 2 bestuurders: Frontale botsing,Geen hindernis
38357,100,Mechelen teller 2,Mechelen,51.0457,4.46883,0.7749781882640739,51.050364658220545,4.460592954801371,2023,1,17,12025,Mechelen,Onbekend,Onbekend,Onbekend,met lichtgewonden,2,Andere weggebruiker,3,Fiets,Buiten Kruispunt,Gemeenteweg,binnen bebouwde kom,Tussen 2 bestuurders: Frontale botsing,Geen hindernis
38357,99,Mechelen teller 1,Mechelen,51.04564,4.46882,0.7789432713679578,51.050364658220545,4.460592954801371,2023,1,17,12025,Mechelen,Onbekend,Onbekend,Onbekend,met lichtgewonden,2,Andere weggebruiker,3,Fiets,Buiten Kruispunt,Gemeenteweg,binnen bebouwde kom,Tussen 2 bestuurders: Frontale botsing,Geen hindernis
38454,2,Brasschaat 2,Brasschaat,51.27512,4.47169,1.6896414022392334,51.290098265832704,4.4675985752840734,2023,4,21,11008,Brasschaat,Normaal,Droog,"Nacht, openbare verlichting aanwezig en ontstoken",met lichtgewonden,3,Fiets,11,een weggebruiker tegen een hindernis,Buiten Kruispunt,Gemeenteweg,binnen bebouwde kom,Weggebruiker tegen hindernis op de rijbaan,"Op de rijbaan: Werken (signal., aarde, toestel,…)"
38454,3,Brasschaat 1,Brasschaat,51.27503,4.47222,1.7060659628429145,51.290098265832704,4.4675985752840734,2023,4,21,11008,Brasschaat,Normaal,Droog,"Nacht, openbare verlichting aanwezig en ontstoken",met lichtgewonden,3,Fiets,11,een weggebruiker tegen een hindernis,Buiten Kruispunt,Gemeenteweg,binnen bebouwde kom,Weggebruiker tegen hindernis op de rijbaan,"Op de rijbaan: Werken (signal., aarde, toestel,…)"
38455,3,Brasschaat 1,Brasschaat,51.27503,4.47222,1.7672002878345394,51.2870874908477,4.4887726112444675,2023,4,17,11008,Brasschaat,Normaal,Droog,Dag,met lichtgewonden,3,Fiets,9,personenauto,Buiten Kruispunt,Gemeenteweg,binnen bebouwde kom,Tss. 2 best.: langs opzij (voor-/achterkant-flank),Geen hindernis
38455,2,Brasschaat 2,Brasschaat,51.27512,4.47169,1.7839553717106489,51.2870874908477,4.4887726112444675,2023,4,17,11008,Brasschaat,Normaal,Droog,Dag,met lichtgewonden,3,Fiets,9,personenauto,Buiten Kruispunt,Gemeenteweg,binnen bebouwde kom,Tss. 2 best.: langs opzij (voor-/achterkant-flank),Geen hindernis
38477,96,Lier teller 2,Lier,51.11705,4.58444,1.686719404225737,51.129233327572514,4.570041932808819,2023,4,22,12021,Lier,Normaal,Droog,"Nacht, openbare verlichting aanwezig en ontstoken",met lichtgewonden,3,Fiets,9,personenauto,Buiten Kruispunt,Gemeenteweg,binnen bebouwde kom,Tss. 2 best.: langs opzij (voor-/achterkant-flank),Geen hindernis
38477,95,Lier teller 1,Lier,51.11687,4.58437,1.6999594939435827,51.129233327572514,4.570041932808819,2023,4,22,12021,Lier,Normaal,Droog,"Nacht, openbare verlichting aanwezig en ontstoken",met lichtgewonden,3,Fiets,9,personenauto,Buiten Kruispunt,Gemeenteweg,binnen bebouwde kom,Tss. 2 best.: langs opzij (voor-/achterkant-flank),Geen hindernis
38478,96,Lier teller 2,Lier,51.11705,4.58444,2.4384332228251253,51.12508637939908,4.55193321366536,2023,4,14,12021,Lier,Normaal,Droog,Dag,met lichtgewonden,6,Bromfiets,3,Fiets,Buiten Kruispunt,Gemeenteweg,buiten bebouwde kom,Tussen 2 bestuurders: Flank tegen flank,Geen hindernis
38478,95,Lier teller 1,Lier,51.11687,4.58437,2.441311792254563,51.12508637939908,4.55193321366536,2023,4,14,12021,Lier,Normaal,Droog,Dag,met lichtgewonden,6,Bromfiets,3,Fiets,Buiten Kruispunt,Gemeenteweg,buiten bebouwde kom,Tussen 2 bestuurders: Flank tegen flank,Geen hindernis
38480,96,Lier teller 2,Lier,51.11705,4.58444,2.050691327232518,51.131636645509396,4.566459915112849,2023,4,7,12021,Lier,Normaal,Droog,Dag,met lichtgewonden,9,personenauto,3,Fiets,Op Kruispunt,Gewestweg,binnen bebouwde kom,Tss. 2 best.: langs opzij (voor-/achterkant-flank),Geen hindernis
38480,95,Lier teller 1,Lier,51.11687,4.58437,2.063596999652488,51.131636645509396,4.566459915112849,2023,4,7,12021,Lier,Normaal,Droog,Dag,met lichtgewonden,9,personenauto,3,Fiets,Op Kruispunt,Gewestweg,binnen bebouwde kom,Tss. 2 best.: langs opzij (voor-/achterkant-flank),Geen hindernis
38482,92,Nijlen teller 1,Nijlen,51.14989,4.64479,2.180850518156646,51.161093985682015,4.670455559105553,2023,4,10,12026,Nijlen,Normaal,Droog,Dag,met lichtgewonden,4,Vrachtwagen,3,Fiets,Buiten Kruispunt,Gewestweg,binnen bebouwde kom,Tussen 2 bestuurders: Flank tegen flank,Geen hindernis
38482,93,Nijlen teller 2,Nijlen,51.14998,4.64469,2.1808905667031513,51.161093985682015,4.670455559105553,2023,4,10,12026,Nijlen,Normaal,Droog,Dag,met lichtgewonden,4,Vrachtwagen,3,Fiets,Buiten Kruispunt,Gewestweg,binnen bebouwde kom,Tussen 2 bestuurders: Flank tegen flank,Geen hindernis
38483,9,Heist op den Berg 2,Heist-op-den-Berg,51.06904,4.69524,2.3357116422799695,51.08169945008084,4.721918785024953,2023,4,7,12014,Heist-op-den-Berg,Normaal,Droog,Dag,met lichtgewonden,5,Lichte vrachtauto,3,Fiets,Op Kruispunt,Gemeenteweg,binnen bebouwde kom,Tss. 2 best.: langs opzij (voor-/achterkant-flank),Geen hindernis
38490,133,Gierde Lille Totem,Lille,51.2453915,4.8297416,1.1380116262265492,51.25116865126293,4.816245394217043,2023,4,17,13019,Lille,Normaal,Droog,Dag,met lichtgewonden,9,personenauto,3,Fiets,Op Kruispunt,Gewestweg,buiten bebouwde kom,Tss. 2 best.: langs opzij (voor-/achterkant-flank),Geen hindernis
38490,132,Gierde lille,Lille,51.245445,4.8298851,1.1429462201476368,51.25116865126293,4.816245394217043,2023,4,17,13019,Lille,Normaal,Droog,Dag,met lichtgewonden,9,personenauto,3,Fiets,Op Kruispunt,Gewestweg,buiten bebouwde kom,Tss. 2 best.: langs opzij (voor-/achterkant-flank),Geen hindernis
38495,133,Gierde Lille Totem,Lille,51.2453915,4.8297416,1.1380116262265492,51.25116865126293,4.816245394217043,2023,4,17,13019,Lille,Normaal,Droog,Dag,met lichtgewonden,9,personenauto,3,Fiets,Op Kruispunt,Gewestweg,binnen bebouwde kom,Tss. 2 best.: langs opzij (voor-/achterkant-flank),Geen hindernis
38495,132,Gierde lille,Lille,51.245445,4.8298851,1.1429462201476368,51.25116865126293,4.816245394217043,2023,4,17,13019,Lille,Normaal,Droog,Dag,met lichtgewonden,9,personenauto,3,Fiets,Op Kruispunt,Gewestweg,binnen bebouwde kom,Tss. 2 best.: langs opzij (voor-/achterkant-flank),Geen hindernis
38510,127,Geel totem,Westerlo,51.1342966,4.9400421,1.7785511117576394,51.11979329966138,4.929295217948459,2023,4,8,13049,Westerlo,Normaal,Droog,Dag,met lichtgewonden,9,personenauto,3,Fiets,Op Kruispunt,Gemeenteweg,buiten bebouwde kom,Tss. 2 best.: langs opzij (voor-/achterkant-flank),Geen hindernis
38510,112,Geel teller 2,Westerlo,51.1354992,4.9394789,1.8854742352029594,51.11979329966138,4.929295217948459,2023,4,8,13049,Westerlo,Normaal,Droog,Dag,met lichtgewonden,9,personenauto,3,Fiets,Op Kruispunt,Gemeenteweg,buiten bebouwde kom,Tss. 2 best.: langs opzij (voor-/achterkant-flank),Geen hindernis
38511,88,Westerlo teller 1,Westerlo,51.082,4.91325,1.2277194680537002,51.093038111442425,4.912837883659476,2023,4,14,13049,Westerlo,Normaal,Droog,Dag,met lichtgewonden,3,Fiets,3,Fiets,Buiten Kruispunt,Gemeenteweg,binnen bebouwde kom,Tss. 2 best.: langs opzij (voor-/achterkant-flank),Geen hindernis
38511,89,Westerlo teller 2,Westerlo,51.08191,4.91334,1.2378864235179372,51.093038111442425,4.912837883659476,2023,4,14,13049,Westerlo,Normaal,Droog,Dag,met lichtgewonden,3,Fiets,3,Fiets,Buiten Kruispunt,Gemeenteweg,binnen bebouwde kom,Tss. 2 best.: langs opzij (voor-/achterkant-flank),Geen hindernis
38512,98,Geel teller 2,Geel,51.1481,4.99643,1.9473859476844249,51.16493792518655,4.988750575822164,2023,4,16,13008,Geel,Normaal,Droog,Dag,met lichtgewonden,2,Andere weggebruiker,3,Fiets,Buiten Kruispunt,Gemeenteweg,binnen bebouwde kom,Tss. 2 best.: langs opzij (voor-/achterkant-flank),Geen hindernis
38512,97,Geel teller 1,Geel,51.14813,4.99698,1.9550931260644957,51.16493792518655,4.988750575822164,2023,4,16,13008,Geel,Normaal,Droog,Dag,met lichtgewonden,2,Andere weggebruiker,3,Fiets,Buiten Kruispunt,Gemeenteweg,binnen bebouwde kom,Tss. 2 best.: langs opzij (voor-/achterkant-flank),Geen hindernis
38513,112,Geel teller 2,Westerlo,51.1354992,4.9394789,1.8076744733205168,51.14659495235277,4.958416284640044,2023,4,11,13008,Geel,Normaal,Droog,Dag,met lichtgewonden,3,Fiets,9,personenauto,Buiten Kruispunt,Gewestweg,buiten bebouwde kom,Tss. 2 best.: langs opzij (voor-/achterkant-flank),Geen hindernis
38513,127,Geel totem,Westerlo,51.1342966,4.9400421,1.8743821755637795,51.14659495235277,4.958416284640044,2023,4,11,13008,Geel,Normaal,Droog,Dag,met lichtgewonden,3,Fiets,9,personenauto,Buiten Kruispunt,Gewestweg,buiten bebouwde kom,Tss. 2 best.: langs opzij (voor-/achterkant-flank),Geen hindernis
38516,127,Geel totem,Westerlo,51.1342966,4.9400421,1.3632141371292725,51.12253568044354,4.945557418274029,2023,4,13,13008,Geel,Normaal,"Vuil (zand, grint, bladeren,...)",Dag,met lichtgewonden,5,Lichte vrachtauto,3,Fiets,Op Kruispunt,Gemeenteweg,buiten bebouwde kom,Tss. 2 best.: langs opzij (voor-/achterkant-flank),Geen hindernis
38516,112,Geel teller 2,Westerlo,51.1354992,4.9394789,1.502591523526872,51.12253568044354,4.945557418274029,2023,4,13,13008,Geel,Normaal,"Vuil (zand, grint, bladeren,...)",Dag,met lichtgewonden,5,Lichte vrachtauto,3,Fiets,Op Kruispunt,Gemeenteweg,buiten bebouwde kom,Tss. 2 best.: langs opzij (voor-/achterkant-flank),Geen hindernis
38519,134,Retie,Dessel,51.2548405,5.1037658,1.5019683034383113,51.26231992152928,5.085792624692645,2023,4,7,13036,Retie,Normaal,Onbekend,Dag,met lichtgewonden,9,personenauto,3,Fiets,Op Kruispunt,Gemeenteweg,binnen bebouwde kom,Tss. 2 best.: langs opzij (voor-/achterkant-flank),Geen hindernis
38519,135,Retie 2,Dessel,51.2544998,5.1040064,1.5370523985115745,51.26231992152928,5.085792624692645,2023,4,7,13036,Retie,Normaal,Onbekend,Dag,met lichtgewonden,9,personenauto,3,Fiets,Op Kruispunt,Gemeenteweg,binnen bebouwde kom,Tss. 2 best.: langs opzij (voor-/achterkant-flank),Geen hindernis
38520,134,Retie,Dessel,51.2548405,5.1037658,1.396271180020668,51.263062128611885,5.08859938280083,2023,4,13,13036,Retie,Normaal,Droog,Dag,met lichtgewonden,9,personenauto,3,Fiets,Buiten Kruispunt,Gemeenteweg,binnen bebouwde kom,Tss. 2 best.: langs opzij (voor-/achterkant-flank),Geen hindernis
38520,135,Retie 2,Dessel,51.2544998,5.1040064,1.4338422563389164,51.263062128611885,5.08859938280083,2023,4,13,13036,Retie,Normaal,Droog,Dag,met lichtgewonden,9,personenauto,3,Fiets,Buiten Kruispunt,Gemeenteweg,binnen bebouwde kom,Tss. 2 best.: langs opzij (voor-/achterkant-flank),Geen hindernis
38522,135,Retie 2,Dessel,51.2544998,5.1040064,2.380376965917836,51.23398432893991,5.113773740673087,2023,4,14,13006,Dessel,Normaal,Droog,Dag,met lichtgewonden,9,personenauto,3,Fiets,Op Kruispunt,Gewestweg,binnen bebouwde kom,Tussen 2 bestuurders: Flank tegen flank,Geen hindernis
38522,134,Retie,Dessel,51.2548405,5.1037658,2.4214713402239414,51.23398432893991,5.113773740673087,2023,4,14,13006,Dessel,Normaal,Droog,Dag,met lichtgewonden,9,personenauto,3,Fiets,Op Kruispunt,Gewestweg,binnen bebouwde kom,Tussen 2 bestuurders: Flank tegen flank,Geen hindernis
38523,135,Retie 2,Dessel,51.2544998,5.1040064,2.0323168441677555,51.23645317663258,5.0993846015386675,2023,4,7,13006,Dessel,Normaal,Droog,Dag,dodelijk gewonden,9,personenauto,3,Fiets,Buiten Kruispunt,Gemeenteweg,binnen bebouwde kom,Tussen 2 bestuurders: Flank tegen flank,Geen hindernis
38523,134,Retie,Dessel,51.2548405,5.1037658,2.0671949296582706,51.23645317663258,5.0993846015386675,2023,4,7,13006,Dessel,Normaal,Droog,Dag,dodelijk gewonden,9,personenauto,3,Fiets,Buiten Kruispunt,Gemeenteweg,binnen bebouwde kom,Tussen 2 bestuurders: Flank tegen flank,Geen hindernis
38529,94,Herentals teller 2,Herentals,51.17345,4.81283,1.4710948758739866,51.173204979059285,4.833927784445606,2023,4,8,13011,Herentals,Normaal,Droog,Dag,met lichtgewonden,6,Bromfiets,3,Fiets,Buiten Kruispunt,Gemeenteweg,buiten bebouwde kom,Tussen 2 bestuurders: Flank tegen flank,Geen hindernis
38529,110,Herentals totem,Herentals,51.1739426,4.811783,1.546003658519592,51.173204979059285,4.833927784445606,2023,4,8,13011,Herentals,Normaal,Droog,Dag,met lichtgewonden,6,Bromfiets,3,Fiets,Buiten Kruispunt,Gemeenteweg,buiten bebouwde kom,Tussen 2 bestuurders: Flank tegen flank,Geen hindernis
38530,94,Herentals teller 2,Herentals,51.17345,4.81283,1.5619102882251954,51.18224397906151,4.830301879437734,2023,4,14,13011,Herentals,Normaal,Droog,Dag,met zwaargewonden,9,personenauto,3,Fiets,Op Kruispunt,Gemeenteweg,binnen bebouwde kom,Tss. 2 best.: langs opzij (voor-/achterkant-flank),Geen hindernis
38530,110,Herentals totem,Herentals,51.1739426,4.811783,1.5869888385668014,51.18224397906151,4.830301879437734,2023,4,14,13011,Herentals,Normaal,Droog,Dag,met zwaargewonden,9,personenauto,3,Fiets,Op Kruispunt,Gemeenteweg,binnen bebouwde kom,Tss. 2 best.: langs opzij (voor-/achterkant-flank),Geen hindernis
38532,94,Herentals teller 2,Herentals,51.17345,4.81283,2.0786350628461867,51.17758441166524,4.841908984378255,2023,4,14,13011,Herentals,Normaal,Droog,Dag,met lichtgewonden,3,Fiets,9,personenauto,Buiten Kruispunt,Gemeenteweg,binnen bebouwde kom,Tussen 2 bestuurders: Langs achteren,Geen hindernis