crash_row_id,site_id,site_name,site_gemeente,site_lat,site_long,distance_km,crash_lat,crash_long,DT_YEAR_COLLISION,DT_MONTH_COLLISION,DT_TIME,CD_NIS,TX_MUNTY_COLLISION_NL,TX_WEATHER_NL,TX_ROAD_CONDITION_NL,TX_LIGHT_CONDITION_NL,TX_CLASS_ACCIDENTS_NL,CD_ROAD_USR_TYPE1,TX_ROAD_USR_TYPE1_NL,CD_ROAD_USR_TYPE2,TX_ROAD_USR_TYPE2_NL,TX_CROSSWAY_NL,CD_ROAD_TYPE_NL,TX_BUILD_UP_AREA_NL,TX_COLLISION_TYPE_NL,TX_OBSTACLES_NL
38532,110,Herentals totem,Herentals,51.1739426,4.811783,2.138822325991761,51.17758441166524,4.841908984378255,2023,4,14,13011,Herentals,Normaal,Droog,Dag,met lichtgewonden,3,Fiets,9,personenauto,Buiten Kruispunt,Gemeenteweg,binnen bebouwde kom,Tussen 2 bestuurders: Langs achteren,Geen hindernis
38533,37,Lommel teller 1,Lommel,51.23299,5.29211,1.6488712187957768,51.232421319697416,5.3157745170607615,2023,4,15,72020,Lommel,Normaal,Droog,Dag,met lichtgewonden,3,Fiets,9,personenauto,Buiten Kruispunt,Gemeenteweg,binnen bebouwde kom,Tussen 2 bestuurders: Flank tegen flank,Geen hindernis
38533,38,Lommel teller 2,Lommel,51.23277,5.29189,1.6634317839687478,51.232421319697416,5.3157745170607615,2023,4,15,72020,Lommel,Normaal,Droog,Dag,met lichtgewonden,3,Fiets,9,personenauto,Buiten Kruispunt,Gemeenteweg,binnen bebouwde kom,Tussen 2 bestuurders: Flank tegen flank,Geen hindernis
38536,46,Pelt teller 2,Pelt,51.231,5.44375,0.6796173604440098,51.2249752929621,5.44539314187995,2023,4,23,72043,Pelt,Normaal,Droog,"Nacht, openbare verlichting aanwezig en ontstoken",met lichtgewonden,3,Fiets,9,personenauto,Op Kruispunt,Gemeenteweg,binnen bebouwde kom,Tussen 2 bestuurders: Langs achteren,Geen hindernis
38536,45,Pelt teller 1,Pelt,51.23127,5.44377,0.7090060828545736,51.2249752929621,5.44539314187995,2023,4,23,72043,Pelt,Normaal,Droog,"Nacht, openbare verlichting aanwezig en ontstoken",met lichtgewonden,3,Fiets,9,personenauto,Op Kruispunt,Gemeenteweg,binnen bebouwde kom,Tussen 2 bestuurders: Langs achteren,Geen hindernis
38538,46,Pelt teller 2,Pelt,51.231,5.44375,1.1035275395757649,51.22591341406948,5.430141935448327,2023,4,15,72043,Pelt,Onbekend,Droog,Dag,met lichtgewonden,3,Fiets,9,personenauto,Op Kruispunt,Gemeenteweg,binnen bebouwde kom,Tss. 2 best.: langs opzij (voor-/achterkant-flank),Geen hindernis
38538,45,Pelt teller 1,Pelt,51.23127,5.44377,1.1203892255585206,51.22591341406948,5.430141935448327,2023,4,15,72043,Pelt,Onbekend,Droog,Dag,met lichtgewonden,3,Fiets,9,personenauto,Op Kruispunt,Gemeenteweg,binnen bebouwde kom,Tss. 2 best.: langs opzij (voor-/achterkant-flank),Geen hindernis
38539,46,Pelt teller 2,Pelt,51.231,5.44375,0.917838977626854,51.2237363537959,5.437488926040645,2023,4,8,72043,Pelt,Regenval,"Nat, plassen",Dag,met lichtgewonden,9,personenauto,3,Fiets,Buiten Kruispunt,Gewestweg,binnen bebouwde kom,Tussen 2 bestuurders: Langs achteren,Geen hindernis
38539,45,Pelt teller 1,Pelt,51.23127,5.44377,0.9450091638404587,51.2237363537959,5.437488926040645,2023,4,8,72043,Pelt,Regenval,"Nat, plassen",Dag,met lichtgewonden,9,personenauto,3,Fiets,Buiten Kruispunt,Gewestweg,binnen bebouwde kom,Tussen 2 bestuurders: Langs achteren,Geen hindernis
38541,46,Pelt teller 2,Pelt,51.231,5.44375,0.888101543055012,51.223652195053766,5.448748978615175,2023,4,11,72043,Pelt,Normaal,Droog,Dag,met lichtgewonden,9,personenauto,3,Fiets,Op Kruispunt,Gemeenteweg,binnen bebouwde kom,Tss. 2 best.: langs opzij (voor-/achterkant-flank),Geen hindernis
38541,45,Pelt teller 1,Pelt,51.23127,5.44377,0.9152686299193866,51.223652195053766,5.448748978615175,2023,4,11,72043,Pelt,Normaal,Droog,Dag,met lichtgewonden,9,personenauto,3,Fiets,Op Kruispunt,Gemeenteweg,binnen bebouwde kom,Tss. 2 best.: langs opzij (voor-/achterkant-flank),Geen hindernis
38542,46,Pelt teller 2,Pelt,51.231,5.44375,1.337707863726759,51.21982947717137,5.436618346459668,2023,4,7,72043,Pelt,Normaal,Droog,Dag,met lichtgewonden,9,personenauto,3,Fiets,Op Kruispunt,Gewestweg,binnen bebouwde kom,Tss. 2 best.: langs opzij (voor-/achterkant-flank),Geen hindernis
38542,45,Pelt teller 1,Pelt,51.23127,5.44377,1.3661369078300356,51.21982947717137,5.436618346459668,2023,4,7,72043,Pelt,Normaal,Droog,Dag,met lichtgewonden,9,personenauto,3,Fiets,Op Kruispunt,Gewestweg,binnen bebouwde kom,Tss. 2 best.: langs opzij (voor-/achterkant-flank),Geen hindernis
38555,38,Lommel teller 2,Lommel,51.23277,5.29189,1.7750320302284301,51.221300243471646,5.309619257021013,2023,4,15,72020,Lommel,Onbekend,Onbekend,Dag,met lichtgewonden,3,Fiets,6,Bromfiets,Op Kruispunt,Gemeenteweg,onbekend,Tussen 2 bestuurders: Frontale botsing,Geen hindernis
38555,37,Lommel teller 1,Lommel,51.23299,5.29211,1.7821721887405522,51.221300243471646,5.309619257021013,2023,4,15,72020,Lommel,Onbekend,Onbekend,Dag,met lichtgewonden,3,Fiets,6,Bromfiets,Op Kruispunt,Gemeenteweg,onbekend,Tussen 2 bestuurders: Frontale botsing,Geen hindernis
38564,21,Bilzen,Bilzen,50.86015,5.50161,1.5810816370211693,50.87369149429752,5.508481608981936,2023,4,15,73006,Bilzen,Normaal,Droog,Dag,met lichtgewonden,9,personenauto,3,Fiets,Op Kruispunt,Gewestweg,binnen bebouwde kom,Tss. 2 best.: langs opzij (voor-/achterkant-flank),Geen hindernis
38567,107,leuven totem,Leuven,50.8870744,4.7087919,1.7147779318042764,50.90175992857711,4.701329707963422,2023,4,14,24062,Leuven,Normaal,Droog,Dag,met lichtgewonden,3,Fiets,3,Fiets,Op Kruispunt,Gemeenteweg,binnen bebouwde kom,Tss. 2 best.: langs opzij (voor-/achterkant-flank),Geen hindernis
38567,77,Leuven teller 2,Leuven,50.88672,4.70796,1.735813926219212,50.90175992857711,4.701329707963422,2023,4,14,24062,Leuven,Normaal,Droog,Dag,met lichtgewonden,3,Fiets,3,Fiets,Op Kruispunt,Gemeenteweg,binnen bebouwde kom,Tss. 2 best.: langs opzij (voor-/achterkant-flank),Geen hindernis
38568,69,Leuven teller 1,Leuven,50.87549,4.71526,0.5823778079213734,50.8799509027517,4.719609295098479,2023,4,8,24062,Leuven,Regenval,"Nat, plassen",Dag,met lichtgewonden,3,Fiets,9,personenauto,Op Kruispunt,Gemeenteweg,binnen bebouwde kom,Tss. 2 best.: langs opzij (voor-/achterkant-flank),Geen hindernis
38568,107,leuven totem,Leuven,50.8870744,4.7087919,1.096950969982632,50.8799509027517,4.719609295098479,2023,4,8,24062,Leuven,Regenval,"Nat, plassen",Dag,met lichtgewonden,3,Fiets,9,personenauto,Op Kruispunt,Gemeenteweg,binnen bebouwde kom,Tss. 2 best.: langs opzij (voor-/achterkant-flank),Geen hindernis
38568,77,Leuven teller 2,Leuven,50.88672,4.70796,1.1110408517681938,50.8799509027517,4.719609295098479,2023,4,8,24062,Leuven,Regenval,"Nat, plassen",Dag,met lichtgewonden,3,Fiets,9,personenauto,Op Kruispunt,Gemeenteweg,binnen bebouwde kom,Tss. 2 best.: langs opzij (voor-/achterkant-flank),Geen hindernis
38569,151,Leuven,District Leuven,50.8690262,4.6854839,1.1749450449911223,50.86073756625602,4.695867527717449,2023,4,12,24062,Leuven,Regenval,"Nat, plassen",Dag,met lichtgewonden,8,Voetganger,3,Fiets,Buiten Kruispunt,Gewestweg,binnen bebouwde kom,Met een voetganger,Geen hindernis
38569,108,Heverlee teller 1,Leuven,50.8471728,4.6954674,1.5085946894793338,50.86073756625602,4.695867527717449,2023,4,12,24062,Leuven,Regenval,"Nat, plassen",Dag,met lichtgewonden,8,Voetganger,3,Fiets,Buiten Kruispunt,Gewestweg,binnen bebouwde kom,Met een voetganger,Geen hindernis
38569,76,Heverlee teller 2,Leuven,50.84606,4.69597,1.6320867554678036,50.86073756625602,4.695867527717449,2023,4,12,24062,Leuven,Regenval,"Nat, plassen",Dag,met lichtgewonden,8,Voetganger,3,Fiets,Buiten Kruispunt,Gewestweg,binnen bebouwde kom,Met een voetganger,Geen hindernis
38569,69,Leuven teller 1,Leuven,50.87549,4.71526,2.131409715931592,50.86073756625602,4.695867527717449,2023,4,12,24062,Leuven,Regenval,"Nat, plassen",Dag,met lichtgewonden,8,Voetganger,3,Fiets,Buiten Kruispunt,Gewestweg,binnen bebouwde kom,Met een voetganger,Geen hindernis
38570,69,Leuven teller 1,Leuven,50.87549,4.71526,0.5208887922998803,50.87362469730517,4.708450273496553,2023,4,10,24062,Leuven,Onbekend,Droog,Dag,met lichtgewonden,3,Fiets,9,personenauto,Buiten Kruispunt,Gemeenteweg,binnen bebouwde kom,Tss. 2 best.: langs opzij (voor-/achterkant-flank),Geen hindernis
38570,77,Leuven teller 2,Leuven,50.88672,4.70796,1.4565374205269994,50.87362469730517,4.708450273496553,2023,4,10,24062,Leuven,Onbekend,Droog,Dag,met lichtgewonden,3,Fiets,9,personenauto,Buiten Kruispunt,Gemeenteweg,binnen bebouwde kom,Tss. 2 best.: langs opzij (voor-/achterkant-flank),Geen hindernis
38570,107,leuven totem,Leuven,50.8870744,4.7087919,1.495730746572667,50.87362469730517,4.708450273496553,2023,4,10,24062,Leuven,Onbekend,Droog,Dag,met lichtgewonden,3,Fiets,9,personenauto,Buiten Kruispunt,Gemeenteweg,binnen bebouwde kom,Tss. 2 best.: langs opzij (voor-/achterkant-flank),Geen hindernis
38570,151,Leuven,District Leuven,50.8690262,4.6854839,1.6907501773232685,50.87362469730517,4.708450273496553,2023,4,10,24062,Leuven,Onbekend,Droog,Dag,met lichtgewonden,3,Fiets,9,personenauto,Buiten Kruispunt,Gemeenteweg,binnen bebouwde kom,Tss. 2 best.: langs opzij (voor-/achterkant-flank),Geen hindernis
38571,151,Leuven,District Leuven,50.8690262,4.6854839,1.2382815424362317,50.87473104824147,4.670328525271176,2023,4,18,24062,Leuven,Normaal,Droog,Dag,met lichtgewonden,8,Voetganger,3,Fiets,Buiten Kruispunt,Gewestweg,binnen bebouwde kom,Met een voetganger,Geen hindernis
38571,73,Herent teller 2,Herent,50.89128,4.64685,2.4696418421416704,50.87473104824147,4.670328525271176,2023,4,18,24062,Leuven,Normaal,Droog,Dag,met lichtgewonden,8,Voetganger,3,Fiets,Buiten Kruispunt,Gewestweg,binnen bebouwde kom,Met een voetganger,Geen hindernis
38571,72,Herent teller 1,Herent,50.89135,4.64689,2.473579899593968,50.87473104824147,4.670328525271176,2023,4,18,24062,Leuven,Normaal,Droog,Dag,met lichtgewonden,8,Voetganger,3,Fiets,Buiten Kruispunt,Gewestweg,binnen bebouwde kom,Met een voetganger,Geen hindernis
38572,69,Leuven teller 1,Leuven,50.87549,4.71526,0.3330469579825986,50.876268139921635,4.719843686751273,2023,4,17,24062,Leuven,Onbekend,Droog,Dag,met lichtgewonden,3,Fiets,8,Voetganger,Buiten Kruispunt,Gewestweg,binnen bebouwde kom,Met een voetganger,Geen hindernis
38572,107,leuven totem,Leuven,50.8870744,4.7087919,1.430036461247651,50.876268139921635,4.719843686751273,2023,4,17,24062,Leuven,Onbekend,Droog,Dag,met lichtgewonden,3,Fiets,8,Voetganger,Buiten Kruispunt,Gewestweg,binnen bebouwde kom,Met een voetganger,Geen hindernis
38572,77,Leuven teller 2,Leuven,50.88672,4.70796,1.4303029131415785,50.876268139921635,4.719843686751273,2023,4,17,24062,Leuven,Onbekend,Droog,Dag,met lichtgewonden,3,Fiets,8,Voetganger,Buiten Kruispunt,Gewestweg,binnen bebouwde kom,Met een voetganger,Geen hindernis
38573,151,Leuven,District Leuven,50.8690262,4.6854839,1.1337343941560092,50.86784097975372,4.701530079644559,2023,4,16,24062,Leuven,Normaal,Droog,Dag,met lichtgewonden,3,Fiets,8,Voetganger,Buiten Kruispunt,Gewestweg,binnen bebouwde kom,Met een voetganger,Geen hindernis
38573,69,Leuven teller 1,Leuven,50.87549,4.71526,1.2851520835036476,50.86784097975372,4.701530079644559,2023,4,16,24062,Leuven,Normaal,Droog,Dag,met lichtgewonden,3,Fiets,8,Voetganger,Buiten Kruispunt,Gewestweg,binnen bebouwde kom,Met een voetganger,Geen hindernis
38573,77,Leuven teller 2,Leuven,50.88672,4.70796,2.1471796819427214,50.86784097975372,4.701530079644559,2023,4,16,24062,Leuven,Normaal,Droog,Dag,met lichtgewonden,3,Fiets,8,Voetganger,Buiten Kruispunt,Gewestweg,binnen bebouwde kom,Met een voetganger,Geen hindernis
38573,107,leuven totem,Leuven,50.8870744,4.7087919,2.1985119145699312,50.86784097975372,4.701530079644559,2023,4,16,24062,Leuven,Normaal,Droog,Dag,met lichtgewonden,3,Fiets,8,Voetganger,Buiten Kruispunt,Gewestweg,binnen bebouwde kom,Met een voetganger,Geen hindernis
38573,108,Heverlee teller 1,Leuven,50.8471728,4.6954674,2.337263787657289,50.86784097975372,4.701530079644559,2023,4,16,24062,Leuven,Normaal,Droog,Dag,met lichtgewonden,3,Fiets,8,Voetganger,Buiten Kruispunt,Gewestweg,binnen bebouwde kom,Met een voetganger,Geen hindernis
38573,76,Heverlee teller 2,Leuven,50.84606,4.69597,2.4531781179152365,50.86784097975372,4.701530079644559,2023,4,16,24062,Leuven,Normaal,Droog,Dag,met lichtgewonden,3,Fiets,8,Voetganger,Buiten Kruispunt,Gewestweg,binnen bebouwde kom,Met een voetganger,Geen hindernis
38574,151,Leuven,District Leuven,50.8690262,4.6854839,0.4885349218577215,50.872075206426956,4.6904964450945394,2023,4,13,24062,Leuven,Normaal,Droog,Dag,met lichtgewonden,9,personenauto,3,Fiets,Op Kruispunt,Gewestweg,buiten bebouwde kom,Tss. 2 best.: langs opzij (voor-/achterkant-flank),Geen hindernis
38574,69,Leuven teller 1,Leuven,50.87549,4.71526,1.7785989407002316,50.872075206426956,4.6904964450945394,2023,4,13,24062,Leuven,Normaal,Droog,Dag,met lichtgewonden,9,personenauto,3,Fiets,Op Kruispunt,Gewestweg,buiten bebouwde kom,Tss. 2 best.: langs opzij (voor-/achterkant-flank),Geen hindernis
38574,77,Leuven teller 2,Leuven,50.88672,4.70796,2.0378788425188907,50.872075206426956,4.6904964450945394,2023,4,13,24062,Leuven,Normaal,Droog,Dag,met lichtgewonden,9,personenauto,3,Fiets,Op Kruispunt,Gewestweg,buiten bebouwde kom,Tss. 2 best.: langs opzij (voor-/achterkant-flank),Geen hindernis
38574,107,leuven totem,Leuven,50.8870744,4.7087919,2.1045813423703383,50.872075206426956,4.6904964450945394,2023,4,13,24062,Leuven,Normaal,Droog,Dag,met lichtgewonden,9,personenauto,3,Fiets,Op Kruispunt,Gewestweg,buiten bebouwde kom,Tss. 2 best.: langs opzij (voor-/achterkant-flank),Geen hindernis
38575,77,Leuven teller 2,Leuven,50.88672,4.70796,1.1122532470660813,50.884569268519066,4.692475391099969,2023,4,10,24062,Leuven,Normaal,Droog,Dag,met lichtgewonden,3,Fiets,9,personenauto,Op Kruispunt,Gemeenteweg,binnen bebouwde kom,Tussen 2 bestuurders: Flank tegen flank,Geen hindernis
38575,107,leuven totem,Leuven,50.8870744,4.7087919,1.1780002843967883,50.884569268519066,4.692475391099969,2023,4,10,24062,Leuven,Normaal,Droog,Dag,met lichtgewonden,3,Fiets,9,personenauto,Op Kruispunt,Gemeenteweg,binnen bebouwde kom,Tussen 2 bestuurders: Flank tegen flank,Geen hindernis
38575,151,Leuven,District Leuven,50.8690262,4.6854839,1.796577120593334,50.884569268519066,4.692475391099969,2023,4,10,24062,Leuven,Normaal,Droog,Dag,met lichtgewonden,3,Fiets,9,personenauto,Op Kruispunt,Gemeenteweg,binnen bebouwde kom,Tussen 2 bestuurders: Flank tegen flank,Geen hindernis
38575,69,Leuven teller 1,Leuven,50.87549,4.71526,1.8906360970222118,50.884569268519066,4.692475391099969,2023,4,10,24062,Leuven,Normaal,Droog,Dag,met lichtgewonden,3,Fiets,9,personenauto,Op Kruispunt,Gemeenteweg,binnen bebouwde kom,Tussen 2 bestuurders: Flank tegen flank,Geen hindernis
38576,69,Leuven teller 1,Leuven,50.87549,4.71526,0.6286623574194551,50.8787860220327,4.707980068729809,2023,4,17,24062,Leuven,Regenval,"Nat, plassen",Dag,met lichtgewonden,9,personenauto,3,Fiets,Buiten Kruispunt,Gemeenteweg,binnen bebouwde kom,Tss. 2 best.: langs opzij (voor-/achterkant-flank),Geen hindernis
38576,77,Leuven teller 2,Leuven,50.88672,4.70796,0.8822192214809841,50.8787860220327,4.707980068729809,2023,4,17,24062,Leuven,Regenval,"Nat, plassen",Dag,met lichtgewonden,9,personenauto,3,Fiets,Buiten Kruispunt,Gemeenteweg,binnen bebouwde kom,Tss. 2 best.: langs opzij (voor-/achterkant-flank),Geen hindernis
38576,107,leuven totem,Leuven,50.8870744,4.7087919,0.92338363977767,50.8787860220327,4.707980068729809,2023,4,17,24062,Leuven,Regenval,"Nat, plassen",Dag,met lichtgewonden,9,personenauto,3,Fiets,Buiten Kruispunt,Gemeenteweg,binnen bebouwde kom,Tss. 2 best.: langs opzij (voor-/achterkant-flank),Geen hindernis
38576,151,Leuven,District Leuven,50.8690262,4.6854839,1.9155665909925372,50.8787860220327,4.707980068729809,2023,4,17,24062,Leuven,Regenval,"Nat, plassen",Dag,met lichtgewonden,9,personenauto,3,Fiets,Buiten Kruispunt,Gemeenteweg,binnen bebouwde kom,Tss. 2 best.: langs opzij (voor-/achterkant-flank),Geen hindernis
38577,77,Leuven teller 2,Leuven,50.88672,4.70796,0.8540173505139422,50.880304886971665,4.70126627212414,2023,4,0,24062,Leuven,Normaal,Droog,"Nacht, openbare verlichting aanwezig en ontstoken",met lichtgewonden,8,Voetganger,3,Fiets,Buiten Kruispunt,Gemeenteweg,binnen bebouwde kom,Met een voetganger,Geen hindernis
38577,107,leuven totem,Leuven,50.8870744,4.7087919,0.9194200222105156,50.880304886971665,4.70126627212414,2023,4,0,24062,Leuven,Normaal,Droog,"Nacht, openbare verlichting aanwezig en ontstoken",met lichtgewonden,8,Voetganger,3,Fiets,Buiten Kruispunt,Gemeenteweg,binnen bebouwde kom,Met een voetganger,Geen hindernis
38577,69,Leuven teller 1,Leuven,50.87549,4.71526,1.1183061061615127,50.880304886971665,4.70126627212414,2023,4,0,24062,Leuven,Normaal,Droog,"Nacht, openbare verlichting aanwezig en ontstoken",met lichtgewonden,8,Voetganger,3,Fiets,Buiten Kruispunt,Gemeenteweg,binnen bebouwde kom,Met een voetganger,Geen hindernis
38577,151,Leuven,District Leuven,50.8690262,4.6854839,1.6730678490178097,50.880304886971665,4.70126627212414,2023,4,0,24062,Leuven,Normaal,Droog,"Nacht, openbare verlichting aanwezig en ontstoken",met lichtgewonden,8,Voetganger,3,Fiets,Buiten Kruispunt,Gemeenteweg,binnen bebouwde kom,Met een voetganger,Geen hindernis
38583,87,Aarschot,Aarschot,50.99084,4.81259,1.6226277601265413,50.99752376749649,4.833200107566456,2023,4,16,24001,Aarschot,Normaal,Droog,Dag,met lichtgewonden,3,Fiets,3,Fiets,Buiten Kruispunt,Gewestweg,binnen bebouwde kom,Tussen 2 bestuurders: Flank tegen flank,Geen hindernis
38585,101,Diest teller 1,Diest,50.97799,5.04481,1.4452671338460594,50.99025291648823,5.051653066360082,2023,4,14,24020,Diest,Normaal,Droog,Dag,met zwaargewonden,9,personenauto,3,Fiets,Buiten Kruispunt,Gemeenteweg,binnen bebouwde kom,Tussen 2 bestuurders: Frontale botsing,Geen hindernis
38585,102,Diest teller 2,Diest,50.9779,5.04474,1.4563338420580754,50.99025291648823,5.051653066360082,2023,4,14,24020,Diest,Normaal,Droog,Dag,met zwaargewonden,9,personenauto,3,Fiets,Buiten Kruispunt,Gemeenteweg,binnen bebouwde kom,Tussen 2 bestuurders: Frontale botsing,Geen hindernis
38590,26,Zaventem,Zaventem,50.86995,4.45444,2.074825085729065,50.86219938028448,4.48133358277225,2023,4,11,23094,Zaventem,Normaal,"Vuil (zand, grint, bladeren,...)",Dag,met lichtgewonden,3,Fiets,9,personenauto,Buiten Kruispunt,Gemeenteweg,buiten bebouwde kom,Tss. 2 best.: langs opzij (voor-/achterkant-flank),Geen hindernis
38592,111,Zaventem totem,Zaventem,50.8871216,4.4597084,0.8797829514525602,50.89040131127183,4.471122463064521,2023,4,16,23094,Zaventem,Normaal,Droog,Dag,met lichtgewonden,5,Lichte vrachtauto,3,Fiets,Buiten Kruispunt,Gewestweg,binnen bebouwde kom,Tussen 2 bestuurders: Frontale botsing,Geen hindernis
38600,86,Asse teller 2,Asse,50.89132,4.1709,2.23942671316238,50.87613220514443,4.191864383088873,2023,4,8,23086,Ternat,Onbekend,Droog,Dag,met lichtgewonden,3,Fiets,3,Fiets,Buiten Kruispunt,Gemeenteweg,binnen bebouwde kom,Kettingbotsing (3 bestuurders of meer),Geen hindernis
38603,152,Opwijk,District Vilvoorde-gewestwegen,50.968901168564656,4.149169474840164,0.8952052654306566,50.96186662187535,4.155386421876605,2023,4,6,23060,Opwijk,Normaal,"Nat, plassen",Dageraad - schemering,met lichtgewonden,9,personenauto,3,Fiets,Op Kruispunt,Gewestweg,binnen bebouwde kom,Tss. 2 best.: langs opzij (voor-/achterkant-flank),Geen hindernis
38605,81,Wemmel teller 2,Wemmel,50.91439,4.29568,0.586284468829071,50.918014865080956,4.289606778220056,2023,4,12,23052,Merchtem,Normaal,Droog,Dag,met lichtgewonden,9,personenauto,3,Fiets,Buiten Kruispunt,Gemeenteweg,buiten bebouwde kom,Tss. 2 best.: langs opzij (voor-/achterkant-flank),Geen hindernis
38605,80,Wemmel teller 1,Wemmel,50.91418,4.29571,0.6040652043035837,50.918014865080956,4.289606778220056,2023,4,12,23052,Merchtem,Normaal,Droog,Dag,met lichtgewonden,9,personenauto,3,Fiets,Buiten Kruispunt,Gemeenteweg,buiten bebouwde kom,Tss. 2 best.: langs opzij (voor-/achterkant-flank),Geen hindernis
38606,27,Grimbergen,Meise,50.92127,4.34013,2.3020987046354104,50.902389613035126,4.353602298234659,2023,4,12,23025,Grimbergen,Normaal,Droog,Dag,met lichtgewonden,5,Lichte vrachtauto,3,Fiets,Buiten Kruispunt,Gemeenteweg,binnen bebouwde kom,Tss. 2 best.: langs opzij (voor-/achterkant-flank),Geen hindernis
38607,47,Vilvoorde,Vilvoorde,50.91372,4.41497,1.339457765156683,50.92532902715847,4.42007013525377,2023,4,22,23088,Vilvoorde,Normaal,"Vuil (zand, grint, bladeren,...)","Nacht, geen openbare verlichting aanwezig",met zwaargewonden,3,Fiets,11,een weggebruiker tegen een hindernis,Buiten Kruispunt,Gewestweg,binnen bebouwde kom,Weggebruiker tegen hindernis op de rijbaan,"Op de rijbaan: Put, straatgoot, tramspoor"
38608,149,Machelen,,50.88297881,4.43356644,1.3600056930334217,50.89515153174252,4.431678801939442,2023,4,8,23047,Machelen,Normaal,"Nat, plassen",Dag,met lichtgewonden,9,personenauto,3,Fiets,Op Kruispunt,Gewestweg,buiten bebouwde kom,Tss. 2 best.: langs opzij (voor-/achterkant-flank),Geen hindernis
38608,111,Zaventem totem,Zaventem,50.8871216,4.4597084,2.1592896323938757,50.89515153174252,4.431678801939442,2023,4,8,23047,Machelen,Normaal,"Nat, plassen",Dag,met lichtgewonden,9,personenauto,3,Fiets,Op Kruispunt,Gewestweg,buiten bebouwde kom,Tss. 2 best.: langs opzij (voor-/achterkant-flank),Geen hindernis
38608,47,Vilvoorde,Vilvoorde,50.91372,4.41497,2.3739865867243735,50.89515153174252,4.431678801939442,2023,4,8,23047,Machelen,Normaal,"Nat, plassen",Dag,met lichtgewonden,9,personenauto,3,Fiets,Op Kruispunt,Gewestweg,buiten bebouwde kom,Tss. 2 best.: langs opzij (voor-/achterkant-flank),Geen hindernis
38609,1,Machelen,Machelen,50.91618331151478,4.456121776137429,1.1252463756929885,50.92498791708769,4.448208545509197,2023,4,16,23088,Vilvoorde,Normaal,Droog,Dag,met lichtgewonden,9,personenauto,3,Fiets,Op Kruispunt,Gewestweg,buiten bebouwde kom,Tussen 2 bestuurders: Flank tegen flank,Geen hindernis
38610,47,Vilvoorde,Vilvoorde,50.91372,4.41497,1.0059803761721067,50.92266246068278,4.412794745353296,2023,4,12,23088,Vilvoorde,Regenval,"Nat, plassen",Dag,met lichtgewonden,3,Fiets,10,"één bestuurder, geen hindernis",Buiten Kruispunt,Gewestweg,buiten bebouwde kom,"Eén bestuurder, geen hindernis (incl. val)",Geen hindernis
38611,47,Vilvoorde,Vilvoorde,50.91372,4.41497,1.7091873705786609,50.910023707922214,4.391306725436149,2023,4,3,23088,Vilvoorde,Normaal,Onbekend,Onbekend,met lichtgewonden,3,Fiets,10,"één bestuurder, geen hindernis",Buiten Kruispunt,Gemeenteweg,buiten bebouwde kom,"Eén bestuurder, geen hindernis (incl. val)",Geen hindernis
38612,71,Kampenhout teller 2,Kampenhout,50.95589,4.59164,0.18877834117527598,50.95424535083011,4.592308623177384,2023,4,16,23038,Kampenhout,Normaal,Droog,Dag,met lichtgewonden,3,Fiets,11,een weggebruiker tegen een hindernis,Buiten Kruispunt,Gewestweg,buiten bebouwde kom,Weggebruiker tegen hindernis buiten rijbaan,Andere hindernis
38612,70,Kampenhout teller 1,Kampenhout,50.95682,4.59318,0.2927217842154177,50.95424535083011,4.592308623177384,2023,4,16,23038,Kampenhout,Normaal,Droog,Dag,met lichtgewonden,3,Fiets,11,een weggebruiker tegen een hindernis,Buiten Kruispunt,Gewestweg,buiten bebouwde kom,Weggebruiker tegen hindernis buiten rijbaan,Andere hindernis
38613,109,Zemst,Zemst,50.9903936,4.4707023,0.7900062860945165,50.986188515158865,4.4616049330954795,2023,4,9,23096,Zemst,Normaal,Droog,Dag,met lichtgewonden,3,Fiets,9,personenauto,Buiten Kruispunt,Gemeenteweg,binnen bebouwde kom,Tussen 2 bestuurders: Flank tegen flank,Geen hindernis
38617,13,Gent,Gent,51.03018,3.70146,0.7873432537572578,51.026186977694465,3.710757351449451,2023,4,10,44021,Gent,Normaal,Droog,Dag,met lichtgewonden,99,onbekend,3,Fiets,Op Kruispunt,Gewestweg,binnen bebouwde kom,Tussen 2 bestuurders: Frontale botsing,Geen hindernis
38619,118,Gent teller 1,Gent,51.028049,3.7681359,2.249575234271387,51.04258094813562,3.7457530770944865,2023,4,13,44021,Gent,Onbekend,Onbekend,Dag,met lichtgewonden,3,Fiets,8,Voetganger,Buiten Kruispunt,Gemeenteweg,binnen bebouwde kom,Met een voetganger,Geen hindernis
38619,119,Gent teller 2,Gent,51.0281795,3.7683918,2.251716409659808,51.04258094813562,3.7457530770944865,2023,4,13,44021,Gent,Onbekend,Onbekend,Dag,met lichtgewonden,3,Fiets,8,Voetganger,Buiten Kruispunt,Gemeenteweg,binnen bebouwde kom,Met een voetganger,Geen hindernis
38621,13,Gent,Gent,51.03018,3.70146,1.0709937314364852,51.03378021658275,3.7156652868459408,2023,4,16,44021,Gent,Normaal,Droog,Dag,met lichtgewonden,2,Andere weggebruiker,3,Fiets,Op Kruispunt,Gewestweg,binnen bebouwde kom,Tss. 2 best.: langs opzij (voor-/achterkant-flank),Geen hindernis