crash_row_id,site_id,site_name,site_gemeente,site_lat,site_long,distance_km,crash_lat,crash_long,DT_YEAR_COLLISION,DT_MONTH_COLLISION,DT_TIME,CD_NIS,TX_MUNTY_COLLISION_NL,TX_WEATHER_NL,TX_ROAD_CONDITION_NL,TX_LIGHT_CONDITION_NL,TX_CLASS_ACCIDENTS_NL,CD_ROAD_USR_TYPE1,TX_ROAD_USR_TYPE1_NL,CD_ROAD_USR_TYPE2,TX_ROAD_USR_TYPE2_NL,TX_CROSSWAY_NL,CD_ROAD_TYPE_NL,TX_BUILD_UP_AREA_NL,TX_COLLISION_TYPE_NL,TX_OBSTACLES_NL
38624,13,Gent,Gent,51.03018,3.70146,1.282191554214119,51.0302975808922,3.7197939801007593,2023,4,8,44021,Gent,Normaal,Droog,Dag,met lichtgewonden,9,personenauto,3,Fiets,Buiten Kruispunt,Gewestweg,binnen bebouwde kom,Tss. 2 best.: langs opzij (voor-/achterkant-flank),Geen hindernis
38625,119,Gent teller 2,Gent,51.0281795,3.7683918,2.070151072733553,51.04501312955806,3.755746063308129,2023,4,8,44021,Gent,Onbekend,Onbekend,Onbekend,met lichtgewonden,3,Fiets,2,Andere weggebruiker,Op Kruispunt,Gemeenteweg,binnen bebouwde kom,Tss. 2 best.: langs opzij (voor-/achterkant-flank),Geen hindernis
38625,118,Gent teller 1,Gent,51.028049,3.7681359,2.0757502855965986,51.04501312955806,3.755746063308129,2023,4,8,44021,Gent,Onbekend,Onbekend,Onbekend,met lichtgewonden,3,Fiets,2,Andere weggebruiker,Op Kruispunt,Gemeenteweg,binnen bebouwde kom,Tss. 2 best.: langs opzij (voor-/achterkant-flank),Geen hindernis
38626,118,Gent teller 1,Gent,51.028049,3.7681359,2.400779796489542,51.01787146494007,3.7378637260968794,2023,4,7,44021,Gent,Normaal,Droog,Dag,met zwaargewonden,9,personenauto,3,Fiets,Buiten Kruispunt,Gemeenteweg,buiten bebouwde kom,Tss. 2 best.: langs opzij (voor-/achterkant-flank),Geen hindernis
38626,119,Gent teller 2,Gent,51.0281795,3.7683918,2.423406320382408,51.01787146494007,3.7378637260968794,2023,4,7,44021,Gent,Normaal,Droog,Dag,met zwaargewonden,9,personenauto,3,Fiets,Buiten Kruispunt,Gemeenteweg,buiten bebouwde kom,Tss. 2 best.: langs opzij (voor-/achterkant-flank),Geen hindernis
38627,13,Gent,Gent,51.03018,3.70146,1.9645253784276755,51.01482194198403,3.7153437752575456,2023,4,7,44021,Gent,Normaal,Droog+Proper,Dag,met lichtgewonden,3,Fiets,9,personenauto,Op Kruispunt,Gemeenteweg,buiten bebouwde kom,Tss. 2 best.: langs opzij (voor-/achterkant-flank),Geen hindernis
38630,13,Gent,Gent,51.03018,3.70146,2.4691936151834555,51.04975228598881,3.6847774874690815,2023,4,9,44021,Gent,Normaal,Proper,Dag,met lichtgewonden,3,Fiets,3,Fiets,Buiten Kruispunt,Gemeenteweg,binnen bebouwde kom,Tussen 2 bestuurders: Frontale botsing,Geen hindernis
38631,13,Gent,Gent,51.03018,3.70146,2.3227035014040687,51.01002616013575,3.71018967617953,2023,4,8,44021,Gent,Normaal,"Nat, plassen",Dag,met lichtgewonden,5,Lichte vrachtauto,3,Fiets,Buiten Kruispunt,Gemeenteweg,binnen bebouwde kom,Tss. 2 best.: langs opzij (voor-/achterkant-flank),Geen hindernis
38632,118,Gent teller 1,Gent,51.028049,3.7681359,2.384037794736571,51.01987631376989,3.736623102657198,2023,4,7,44021,Gent,Regenval,"Nat, plassen",Dag,met lichtgewonden,9,personenauto,3,Fiets,Op Kruispunt,Gemeenteweg,buiten bebouwde kom,Tss. 2 best.: langs opzij (voor-/achterkant-flank),Geen hindernis
38632,119,Gent teller 2,Gent,51.0281795,3.7683918,2.4061219048478972,51.01987631376989,3.736623102657198,2023,4,7,44021,Gent,Regenval,"Nat, plassen",Dag,met lichtgewonden,9,personenauto,3,Fiets,Op Kruispunt,Gemeenteweg,buiten bebouwde kom,Tss. 2 best.: langs opzij (voor-/achterkant-flank),Geen hindernis
38634,118,Gent teller 1,Gent,51.028049,3.7681359,2.4610868694176027,51.04379233391115,3.743396388741401,2023,4,14,44021,Gent,Normaal,Droog,Dag,met lichtgewonden,3,Fiets,3,Fiets,Buiten Kruispunt,Gemeenteweg,binnen bebouwde kom,Tussen 2 bestuurders: Frontale botsing,Geen hindernis
38634,119,Gent teller 2,Gent,51.0281795,3.7683918,2.463447083312839,51.04379233391115,3.743396388741401,2023,4,14,44021,Gent,Normaal,Droog,Dag,met lichtgewonden,3,Fiets,3,Fiets,Buiten Kruispunt,Gemeenteweg,binnen bebouwde kom,Tussen 2 bestuurders: Frontale botsing,Geen hindernis
38635,136,Gent R4,Gent,51.0876313,3.7587918,1.3183329014574936,51.07709785643669,3.750129400621398,2023,4,12,44021,Gent,Normaal,Droog,Dag,met lichtgewonden,9,personenauto,3,Fiets,Buiten Kruispunt,Gemeenteweg,binnen bebouwde kom,Tss. 2 best.: langs opzij (voor-/achterkant-flank),Geen hindernis
38638,13,Gent,Gent,51.03018,3.70146,0.4144424359848435,51.03245946407412,3.696771031048829,2023,4,17,44021,Gent,Normaal,Droog,Dag,met lichtgewonden,3,Fiets,3,Fiets,Buiten Kruispunt,Autosnelweg,binnen bebouwde kom,Tussen 2 bestuurders: Frontale botsing,Geen hindernis
38639,13,Gent,Gent,51.03018,3.70146,1.5370287171427088,51.02338043879569,3.720594547763432,2023,4,18,44021,Gent,Normaal,Droog,Dag,met lichtgewonden,9,personenauto,3,Fiets,Buiten Kruispunt,Gemeenteweg,binnen bebouwde kom,Tss. 2 best.: langs opzij (voor-/achterkant-flank),Geen hindernis
38641,119,Gent teller 2,Gent,51.0281795,3.7683918,2.208203586079521,51.04634834447959,3.755642933770497,2023,4,15,44021,Gent,Normaal,Droog,Dag,met zwaargewonden,9,personenauto,3,Fiets,Op Kruispunt,Gemeenteweg,binnen bebouwde kom,Tss. 2 best.: langs opzij (voor-/achterkant-flank),Geen hindernis
38641,118,Gent teller 1,Gent,51.028049,3.7681359,2.2143686697050153,51.04634834447959,3.755642933770497,2023,4,15,44021,Gent,Normaal,Droog,Dag,met zwaargewonden,9,personenauto,3,Fiets,Op Kruispunt,Gemeenteweg,binnen bebouwde kom,Tss. 2 best.: langs opzij (voor-/achterkant-flank),Geen hindernis
38646,13,Gent,Gent,51.03018,3.70146,2.3059970507021963,51.046362719921106,3.7220851427124977,2023,4,16,44021,Gent,Normaal,Droog,Dag,met lichtgewonden,3,Fiets,2,Andere weggebruiker,Op Kruispunt,Gemeenteweg,binnen bebouwde kom,Tussen 2 bestuurders: Flank tegen flank,Geen hindernis
38650,13,Gent,Gent,51.03018,3.70146,1.8949104285322624,51.017561349853935,3.719668761893144,2023,4,16,44021,Gent,Normaal,Droog,Dag,met lichtgewonden,9,personenauto,3,Fiets,Op Kruispunt,Gemeenteweg,binnen bebouwde kom,Tss. 2 best.: langs opzij (voor-/achterkant-flank),Geen hindernis
38653,118,Gent teller 1,Gent,51.028049,3.7681359,2.41192931958019,51.036047562889614,3.7360753720030058,2023,4,23,44021,Gent,Onbekend,"Nat, plassen","Nacht, openbare verlichting aanwezig en ontstoken",met lichtgewonden,3,Fiets,9,personenauto,Op Kruispunt,Gemeenteweg,binnen bebouwde kom,Tss. 2 best.: langs opzij (voor-/achterkant-flank),Geen hindernis
38653,119,Gent teller 2,Gent,51.0281795,3.7683918,2.423292422284377,51.036047562889614,3.7360753720030058,2023,4,23,44021,Gent,Onbekend,"Nat, plassen","Nacht, openbare verlichting aanwezig en ontstoken",met lichtgewonden,3,Fiets,9,personenauto,Op Kruispunt,Gemeenteweg,binnen bebouwde kom,Tss. 2 best.: langs opzij (voor-/achterkant-flank),Geen hindernis
38667,13,Gent,Gent,51.03018,3.70146,2.168443007843047,51.03193520433805,3.7323427435339624,2023,4,18,44021,Gent,Normaal,Droog,Dag,met lichtgewonden,3,Fiets,3,Fiets,Buiten Kruispunt,Gemeenteweg,onbekend,Tss. 2 best.: langs opzij (voor-/achterkant-flank),Geen hindernis
38674,7,Evergem 1,Evergem,51.1089,3.70317,1.8688604472410044,51.11874138644277,3.724872686879459,2023,4,13,44019,Evergem,Normaal,Droog,Dag,met lichtgewonden,5,Lichte vrachtauto,3,Fiets,Op Kruispunt,Gemeenteweg,binnen bebouwde kom,Tussen 2 bestuurders: Frontale botsing,Geen hindernis
38674,6,Evergem 2,Evergem,51.10894,3.70298,1.877041435355196,51.11874138644277,3.724872686879459,2023,4,13,44019,Evergem,Normaal,Droog,Dag,met lichtgewonden,5,Lichte vrachtauto,3,Fiets,Op Kruispunt,Gemeenteweg,binnen bebouwde kom,Tussen 2 bestuurders: Frontale botsing,Geen hindernis
38675,7,Evergem 1,Evergem,51.1089,3.70317,0.6086668708654894,51.105209643505404,3.709609003824812,2023,4,16,44019,Evergem,Normaal,Droog,Dag,met lichtgewonden,9,personenauto,3,Fiets,Op Kruispunt,Gewestweg,buiten bebouwde kom,Tss. 2 best.: langs opzij (voor-/achterkant-flank),Geen hindernis
38675,6,Evergem 2,Evergem,51.10894,3.70298,0.6214881917790852,51.105209643505404,3.709609003824812,2023,4,16,44019,Evergem,Normaal,Droog,Dag,met lichtgewonden,9,personenauto,3,Fiets,Op Kruispunt,Gewestweg,buiten bebouwde kom,Tss. 2 best.: langs opzij (voor-/achterkant-flank),Geen hindernis
38714,128,Lokeren teller 1,Lokeren,51.09644,3.97023,1.6565173874306514,51.10706649986277,3.9868571080015407,2023,4,17,46014,Lokeren,Normaal,Droog,Dag,met lichtgewonden,9,personenauto,3,Fiets,Op Kruispunt,Gemeenteweg,binnen bebouwde kom,Tussen 2 bestuurders: Frontale botsing,Geen hindernis
38714,129,Lokeren teller 2,Lokeren,51.09612,3.97025,1.6811228065345438,51.10706649986277,3.9868571080015407,2023,4,17,46014,Lokeren,Normaal,Droog,Dag,met lichtgewonden,9,personenauto,3,Fiets,Op Kruispunt,Gemeenteweg,binnen bebouwde kom,Tussen 2 bestuurders: Frontale botsing,Geen hindernis
38716,126,Hamme totem,Hamme,51.1017709,4.1469307,1.905532029520213,51.11406027712132,4.165953123704395,2023,4,8,46025,Temse,Normaal,Droog,Dag,met zwaargewonden,3,Fiets,3,Fiets,Buiten Kruispunt,Gemeenteweg,binnen bebouwde kom,Tussen 2 bestuurders: Langs achteren,Geen hindernis
38722,120,Zele teller 1,Zele,51.0607671,4.0547741,2.2705606389751902,51.07263098492293,4.028327308200262,2023,4,15,42028,Zele,Normaal,Droog,Dag,met zwaargewonden,9,personenauto,3,Fiets,Op Kruispunt,Gemeenteweg,binnen bebouwde kom,Tss. 2 best.: langs opzij (voor-/achterkant-flank),Geen hindernis
38722,121,Zele teller 2,Zele,51.0604067,4.0556696,2.3447826324108765,51.07263098492293,4.028327308200262,2023,4,15,42028,Zele,Normaal,Droog,Dag,met zwaargewonden,9,personenauto,3,Fiets,Op Kruispunt,Gemeenteweg,binnen bebouwde kom,Tss. 2 best.: langs opzij (voor-/achterkant-flank),Geen hindernis
38726,80,Wemmel teller 1,Wemmel,50.91418,4.29571,2.0137500476470414,50.90208741676947,4.317089653506757,2023,4,7,23102,Wemmel,Onbekend,Onbekend,Onbekend,met lichtgewonden,3,Fiets,9,personenauto,Buiten Kruispunt,Gemeenteweg,onbekend,Tussen 2 bestuurders: Flank tegen flank,Geen hindernis
38726,81,Wemmel teller 2,Wemmel,50.91439,4.29568,2.03096826848761,50.90208741676947,4.317089653506757,2023,4,7,23102,Wemmel,Onbekend,Onbekend,Onbekend,met lichtgewonden,3,Fiets,9,personenauto,Buiten Kruispunt,Gemeenteweg,onbekend,Tussen 2 bestuurders: Flank tegen flank,Geen hindernis
38738,10,Aalst 2,Aalst,50.93549,4.01571,1.8310035193410306,50.95057960288997,4.0261717925074665,2023,4,12,41002,Aalst,Onbekend,Droog,Dag,met lichtgewonden,9,personenauto,3,Fiets,Buiten Kruispunt,Gemeenteweg,binnen bebouwde kom,Tussen 2 bestuurders: Langs achteren,Geen hindernis
38738,19,Aalst 1,Aalst,50.93433,4.01471,1.9772948920873852,50.95057960288997,4.0261717925074665,2023,4,12,41002,Aalst,Onbekend,Droog,Dag,met lichtgewonden,9,personenauto,3,Fiets,Buiten Kruispunt,Gemeenteweg,binnen bebouwde kom,Tussen 2 bestuurders: Langs achteren,Geen hindernis
38738,11,Aalst 3,Aalst,50.93385,4.01647,1.9805500633202042,50.95057960288997,4.0261717925074665,2023,4,12,41002,Aalst,Onbekend,Droog,Dag,met lichtgewonden,9,personenauto,3,Fiets,Buiten Kruispunt,Gemeenteweg,binnen bebouwde kom,Tussen 2 bestuurders: Langs achteren,Geen hindernis
38739,11,Aalst 3,Aalst,50.93385,4.01647,1.4173476610748155,50.925448307643116,4.031678740395626,2023,4,13,41002,Aalst,Normaal,Droog,Dag,met lichtgewonden,4,Vrachtwagen,3,Fiets,Op Kruispunt,Gemeenteweg,buiten bebouwde kom,Tussen 2 bestuurders: Flank tegen flank,Geen hindernis
38739,19,Aalst 1,Aalst,50.93433,4.01471,1.5458310882564397,50.925448307643116,4.031678740395626,2023,4,13,41002,Aalst,Normaal,Droog,Dag,met lichtgewonden,4,Vrachtwagen,3,Fiets,Op Kruispunt,Gemeenteweg,buiten bebouwde kom,Tussen 2 bestuurders: Flank tegen flank,Geen hindernis
38739,10,Aalst 2,Aalst,50.93549,4.01571,1.5808848203693835,50.925448307643116,4.031678740395626,2023,4,13,41002,Aalst,Normaal,Droog,Dag,met lichtgewonden,4,Vrachtwagen,3,Fiets,Op Kruispunt,Gemeenteweg,buiten bebouwde kom,Tussen 2 bestuurders: Flank tegen flank,Geen hindernis
38740,152,Opwijk,District Vilvoorde-gewestwegen,50.968901168564656,4.149169474840164,1.3986979897172858,50.96268862756808,4.131802309031224,2023,4,8,41002,Aalst,Normaal,Droog,Dag,met lichtgewonden,9,personenauto,3,Fiets,Op Kruispunt,Gemeenteweg,binnen bebouwde kom,Tss. 2 best.: langs opzij (voor-/achterkant-flank),Geen hindernis
38742,10,Aalst 2,Aalst,50.93549,4.01571,1.7892213110264426,50.947988420382615,4.031793455320248,2023,4,15,41002,Aalst,Normaal,Droog,Dag,met lichtgewonden,9,personenauto,3,Fiets,Buiten Kruispunt,Gemeenteweg,binnen bebouwde kom,Tss. 2 best.: langs opzij (voor-/achterkant-flank),Geen hindernis
38742,11,Aalst 3,Aalst,50.93385,4.01647,1.9037606078222609,50.947988420382615,4.031793455320248,2023,4,15,41002,Aalst,Normaal,Droog,Dag,met lichtgewonden,9,personenauto,3,Fiets,Buiten Kruispunt,Gemeenteweg,binnen bebouwde kom,Tss. 2 best.: langs opzij (voor-/achterkant-flank),Geen hindernis
38742,19,Aalst 1,Aalst,50.93433,4.01471,1.9337336735291861,50.947988420382615,4.031793455320248,2023,4,15,41002,Aalst,Normaal,Droog,Dag,met lichtgewonden,9,personenauto,3,Fiets,Buiten Kruispunt,Gemeenteweg,binnen bebouwde kom,Tss. 2 best.: langs opzij (voor-/achterkant-flank),Geen hindernis
38743,10,Aalst 2,Aalst,50.93549,4.01571,1.4914958723570406,50.93850170825232,4.036451651879376,2023,4,13,41002,Aalst,Normaal,Droog,Dag,met lichtgewonden,3,Fiets,8,Voetganger,Buiten Kruispunt,Gemeenteweg,binnen bebouwde kom,Met een voetganger,Geen hindernis
38743,11,Aalst 3,Aalst,50.93385,4.01647,1.4926677888093667,50.93850170825232,4.036451651879376,2023,4,13,41002,Aalst,Normaal,Droog,Dag,met lichtgewonden,3,Fiets,8,Voetganger,Buiten Kruispunt,Gemeenteweg,binnen bebouwde kom,Met een voetganger,Geen hindernis
38743,19,Aalst 1,Aalst,50.93433,4.01471,1.5925591482135908,50.93850170825232,4.036451651879376,2023,4,13,41002,Aalst,Normaal,Droog,Dag,met lichtgewonden,3,Fiets,8,Voetganger,Buiten Kruispunt,Gemeenteweg,binnen bebouwde kom,Met een voetganger,Geen hindernis
38745,11,Aalst 3,Aalst,50.93385,4.01647,1.8801779865769186,50.91985851228677,4.031533329109367,2023,4,5,41002,Aalst,Normaal,Droog,Dageraad - schemering,met lichtgewonden,3,Fiets,5,Lichte vrachtauto,Buiten Kruispunt,Gewestweg,binnen bebouwde kom,Tss. 2 best.: langs opzij (voor-/achterkant-flank),Geen hindernis
38745,19,Aalst 1,Aalst,50.93433,4.01471,1.9949078622642813,50.91985851228677,4.031533329109367,2023,4,5,41002,Aalst,Normaal,Droog,Dageraad - schemering,met lichtgewonden,3,Fiets,5,Lichte vrachtauto,Buiten Kruispunt,Gewestweg,binnen bebouwde kom,Tss. 2 best.: langs opzij (voor-/achterkant-flank),Geen hindernis
38745,10,Aalst 2,Aalst,50.93549,4.01571,2.0617988653992745,50.91985851228677,4.031533329109367,2023,4,5,41002,Aalst,Normaal,Droog,Dageraad - schemering,met lichtgewonden,3,Fiets,5,Lichte vrachtauto,Buiten Kruispunt,Gewestweg,binnen bebouwde kom,Tss. 2 best.: langs opzij (voor-/achterkant-flank),Geen hindernis
38746,10,Aalst 2,Aalst,50.93549,4.01571,1.1812688804713378,50.94248107355865,4.003016382014036,2023,4,15,41002,Aalst,Onbekend,Onbekend,Dag,met zwaargewonden,3,Fiets,3,Fiets,Op Kruispunt,Gemeenteweg,onbekend,Tss. 2 best.: langs opzij (voor-/achterkant-flank),Geen hindernis
38746,19,Aalst 1,Aalst,50.93433,4.01471,1.2218251921609113,50.94248107355865,4.003016382014036,2023,4,15,41002,Aalst,Onbekend,Onbekend,Dag,met zwaargewonden,3,Fiets,3,Fiets,Op Kruispunt,Gemeenteweg,onbekend,Tss. 2 best.: langs opzij (voor-/achterkant-flank),Geen hindernis
38746,11,Aalst 3,Aalst,50.93385,4.01647,1.3452769665780908,50.94248107355865,4.003016382014036,2023,4,15,41002,Aalst,Onbekend,Onbekend,Dag,met zwaargewonden,3,Fiets,3,Fiets,Op Kruispunt,Gemeenteweg,onbekend,Tss. 2 best.: langs opzij (voor-/achterkant-flank),Geen hindernis
38749,122,Dendermonde teller 2,Dendermonde,51.0373918,4.1019222,0.17021665982519116,51.03890568269676,4.1022830777712675,2023,4,1,42006,Dendermonde,Normaal,Droog,"Nacht, geen openbare verlichting aanwezig",met lichtgewonden,3,Fiets,11,een weggebruiker tegen een hindernis,Buiten Kruispunt,Gewestweg,binnen bebouwde kom,Weggebruiker tegen hindernis buiten rijbaan,Buiten de rijbaan: Vangrails niet overgestoken
38749,125,Dendermonde totem,Dendermonde,51.0372706,4.1025998,0.1831565950657297,51.03890568269676,4.1022830777712675,2023,4,1,42006,Dendermonde,Normaal,Droog,"Nacht, geen openbare verlichting aanwezig",met lichtgewonden,3,Fiets,11,een weggebruiker tegen een hindernis,Buiten Kruispunt,Gewestweg,binnen bebouwde kom,Weggebruiker tegen hindernis buiten rijbaan,Buiten de rijbaan: Vangrails niet overgestoken
38750,125,Dendermonde totem,Dendermonde,51.0372706,4.1025998,0.47705848750115276,51.0330770718401,4.104040605951789,2023,4,8,42006,Dendermonde,Normaal,Droog,Dag,met lichtgewonden,3,Fiets,99,onbekend,Buiten Kruispunt,Gewestweg,binnen bebouwde kom,Tussen 2 bestuurders: Frontale botsing,Geen hindernis
38750,122,Dendermonde teller 2,Dendermonde,51.0373918,4.1019222,0.5021221747431244,51.0330770718401,4.104040605951789,2023,4,8,42006,Dendermonde,Normaal,Droog,Dag,met lichtgewonden,3,Fiets,99,onbekend,Buiten Kruispunt,Gewestweg,binnen bebouwde kom,Tussen 2 bestuurders: Frontale botsing,Geen hindernis
38751,122,Dendermonde teller 2,Dendermonde,51.0373918,4.1019222,0.22567810044040576,51.03719050622844,4.098710497327778,2023,4,16,42006,Dendermonde,Normaal,Droog,Dag,met lichtgewonden,3,Fiets,3,Fiets,Buiten Kruispunt,Gemeenteweg,binnen bebouwde kom,Tss. 2 best.: langs opzij (voor-/achterkant-flank),Geen hindernis
38751,125,Dendermonde totem,Dendermonde,51.0372706,4.1025998,0.2720899913276637,51.03719050622844,4.098710497327778,2023,4,16,42006,Dendermonde,Normaal,Droog,Dag,met lichtgewonden,3,Fiets,3,Fiets,Buiten Kruispunt,Gemeenteweg,binnen bebouwde kom,Tss. 2 best.: langs opzij (voor-/achterkant-flank),Geen hindernis
38755,142,TEST Validatie BRUGGE Y2H22022134,Brugge,51.22632,3.24095,1.8383809240167992,51.21022503904438,3.2349145591972306,2023,4,8,31005,Brugge,Normaal,"Nat, plassen",Dag,met lichtgewonden,3,Fiets,9,personenauto,Buiten Kruispunt,Gewestweg,binnen bebouwde kom,Tss. 2 best.: langs opzij (voor-/achterkant-flank),Geen hindernis
38755,52,Brugge,Brugge,51.22632,3.24095,1.8383809240167992,51.21022503904438,3.2349145591972306,2023,4,8,31005,Brugge,Normaal,"Nat, plassen",Dag,met lichtgewonden,3,Fiets,9,personenauto,Buiten Kruispunt,Gewestweg,binnen bebouwde kom,Tss. 2 best.: langs opzij (voor-/achterkant-flank),Geen hindernis
38755,54,Brugge teller 2,Brugge,51.23015,3.22818,2.2646561132243903,51.21022503904438,3.2349145591972306,2023,4,8,31005,Brugge,Normaal,"Nat, plassen",Dag,met lichtgewonden,3,Fiets,9,personenauto,Buiten Kruispunt,Gewestweg,binnen bebouwde kom,Tss. 2 best.: langs opzij (voor-/achterkant-flank),Geen hindernis
38755,53,Brugge teller 1,Brugge,51.23023,3.228,2.2759789074079904,51.21022503904438,3.2349145591972306,2023,4,8,31005,Brugge,Normaal,"Nat, plassen",Dag,met lichtgewonden,3,Fiets,9,personenauto,Buiten Kruispunt,Gewestweg,binnen bebouwde kom,Tss. 2 best.: langs opzij (voor-/achterkant-flank),Geen hindernis
38759,20,Brugge,Brugge,51.17416,3.20048,1.070426163860183,51.18309189425215,3.2062075495099407,2023,4,10,31005,Brugge,Normaal,Droog,Dag,met lichtgewonden,3,Fiets,3,Fiets,Op Kruispunt,Gewestweg,binnen bebouwde kom,Tussen 2 bestuurders: Frontale botsing,Geen hindernis
38760,142,TEST Validatie BRUGGE Y2H22022134,Brugge,51.22632,3.24095,0.0484342491092603,51.22675392665913,3.2408894615796737,2023,4,7,31005,Brugge,Normaal,"Nat, plassen",Dag,met lichtgewonden,9,personenauto,3,Fiets,Op Kruispunt,Gewestweg,binnen bebouwde kom,Tss. 2 best.: langs opzij (voor-/achterkant-flank),Geen hindernis
38760,52,Brugge,Brugge,51.22632,3.24095,0.0484342491092603,51.22675392665913,3.2408894615796737,2023,4,7,31005,Brugge,Normaal,"Nat, plassen",Dag,met lichtgewonden,9,personenauto,3,Fiets,Op Kruispunt,Gewestweg,binnen bebouwde kom,Tss. 2 best.: langs opzij (voor-/achterkant-flank),Geen hindernis
38760,54,Brugge teller 2,Brugge,51.23015,3.22818,0.9621866337278203,51.22675392665913,3.2408894615796737,2023,4,7,31005,Brugge,Normaal,"Nat, plassen",Dag,met lichtgewonden,9,personenauto,3,Fiets,Op Kruispunt,Gewestweg,binnen bebouwde kom,Tss. 2 best.: langs opzij (voor-/achterkant-flank),Geen hindernis
38760,53,Brugge teller 1,Brugge,51.23023,3.228,0.9772107377141466,51.22675392665913,3.2408894615796737,2023,4,7,31005,Brugge,Normaal,"Nat, plassen",Dag,met lichtgewonden,9,personenauto,3,Fiets,Op Kruispunt,Gewestweg,binnen bebouwde kom,Tss. 2 best.: langs opzij (voor-/achterkant-flank),Geen hindernis
38761,142,TEST Validatie BRUGGE Y2H22022134,Brugge,51.22632,3.24095,2.2828588192070587,51.20882665329792,3.2237940722210006,2023,4,15,31005,Brugge,Normaal,Droog,Dag,met zwaargewonden,3,Fiets,8,Voetganger,Buiten Kruispunt,Gewestweg,binnen bebouwde kom,Met een voetganger,Geen hindernis
38761,52,Brugge,Brugge,51.22632,3.24095,2.2828588192070587,51.20882665329792,3.2237940722210006,2023,4,15,31005,Brugge,Normaal,Droog,Dag,met zwaargewonden,3,Fiets,8,Voetganger,Buiten Kruispunt,Gewestweg,binnen bebouwde kom,Met een voetganger,Geen hindernis
38761,54,Brugge teller 2,Brugge,51.23015,3.22818,2.3906431917540365,51.20882665329792,3.2237940722210006,2023,4,15,31005,Brugge,Normaal,Droog,Dag,met zwaargewonden,3,Fiets,8,Voetganger,Buiten Kruispunt,Gewestweg,binnen bebouwde kom,Met een voetganger,Geen hindernis
38761,53,Brugge teller 1,Brugge,51.23023,3.228,2.397902441238974,51.20882665329792,3.2237940722210006,2023,4,15,31005,Brugge,Normaal,Droog,Dag,met zwaargewonden,3,Fiets,8,Voetganger,Buiten Kruispunt,Gewestweg,binnen bebouwde kom,Met een voetganger,Geen hindernis
38763,51,"Brugge, Sint-Andries",Brugge,51.19281,3.16252,1.5615041396153109,51.186940872764225,3.1828755204132166,2023,4,8,31005,Brugge,Normaal,Droog,Dag,met lichtgewonden,9,personenauto,3,Fiets,Buiten Kruispunt,Gemeenteweg,binnen bebouwde kom,Tussen 2 bestuurders: Flank tegen flank,Geen hindernis
38763,50,"Brugge, Sint-Andries",Brugge,51.19291,3.16252,1.5661826195326778,51.186940872764225,3.1828755204132166,2023,4,8,31005,Brugge,Normaal,Droog,Dag,met lichtgewonden,9,personenauto,3,Fiets,Buiten Kruispunt,Gemeenteweg,binnen bebouwde kom,Tussen 2 bestuurders: Flank tegen flank,Geen hindernis
38763,20,Brugge,Brugge,51.17416,3.20048,1.8776381181990802,51.186940872764225,3.1828755204132166,2023,4,8,31005,Brugge,Normaal,Droog,Dag,met lichtgewonden,9,personenauto,3,Fiets,Buiten Kruispunt,Gemeenteweg,binnen bebouwde kom,Tussen 2 bestuurders: Flank tegen flank,Geen hindernis
38765,142,TEST Validatie BRUGGE Y2H22022134,Brugge,51.22632,3.24095,1.5265222972424142,51.21373991417698,3.249725326323471,2023,4,17,31005,Brugge,Normaal,Droog,Dag,met lichtgewonden,3,Fiets,5,Lichte vrachtauto,Buiten Kruispunt,Gemeenteweg,binnen bebouwde kom,Tss. 2 best.: langs opzij (voor-/achterkant-flank),Geen hindernis
38765,52,Brugge,Brugge,51.22632,3.24095,1.5265222972424142,51.21373991417698,3.249725326323471,2023,4,17,31005,Brugge,Normaal,Droog,Dag,met lichtgewonden,3,Fiets,5,Lichte vrachtauto,Buiten Kruispunt,Gemeenteweg,binnen bebouwde kom,Tss. 2 best.: langs opzij (voor-/achterkant-flank),Geen hindernis
38765,54,Brugge teller 2,Brugge,51.23015,3.22818,2.3624084652219497,51.21373991417698,3.249725326323471,2023,4,17,31005,Brugge,Normaal,Droog,Dag,met lichtgewonden,3,Fiets,5,Lichte vrachtauto,Buiten Kruispunt,Gemeenteweg,binnen bebouwde kom,Tss. 2 best.: langs opzij (voor-/achterkant-flank),Geen hindernis
38765,53,Brugge teller 1,Brugge,51.23023,3.228,2.3772438079924965,51.21373991417698,3.249725326323471,2023,4,17,31005,Brugge,Normaal,Droog,Dag,met lichtgewonden,3,Fiets,5,Lichte vrachtauto,Buiten Kruispunt,Gemeenteweg,binnen bebouwde kom,Tss. 2 best.: langs opzij (voor-/achterkant-flank),Geen hindernis
38767,53,Brugge teller 1,Brugge,51.23023,3.228,1.5215126822728333,51.22003258859727,3.21343119823978,2023,4,13,31005,Brugge,Normaal,Droog,Dag,met lichtgewonden,9,personenauto,3,Fiets,Buiten Kruispunt,Gewestweg,binnen bebouwde kom,Tss. 2 best.: langs opzij (voor-/achterkant-flank),Geen hindernis
38767,54,Brugge teller 2,Brugge,51.23015,3.22818,1.5233184551886745,51.22003258859727,3.21343119823978,2023,4,13,31005,Brugge,Normaal,Droog,Dag,met lichtgewonden,9,personenauto,3,Fiets,Buiten Kruispunt,Gewestweg,binnen bebouwde kom,Tss. 2 best.: langs opzij (voor-/achterkant-flank),Geen hindernis
38767,52,Brugge,Brugge,51.22632,3.24095,2.0399549494757534,51.22003258859727,3.21343119823978,2023,4,13,31005,Brugge,Normaal,Droog,Dag,met lichtgewonden,9,personenauto,3,Fiets,Buiten Kruispunt,Gewestweg,binnen bebouwde kom,Tss. 2 best.: langs opzij (voor-/achterkant-flank),Geen hindernis
38767,142,TEST Validatie BRUGGE Y2H22022134,Brugge,51.22632,3.24095,2.0399549494757534,51.22003258859727,3.21343119823978,2023,4,13,31005,Brugge,Normaal,Droog,Dag,met lichtgewonden,9,personenauto,3,Fiets,Buiten Kruispunt,Gewestweg,binnen bebouwde kom,Tss. 2 best.: langs opzij (voor-/achterkant-flank),Geen hindernis