crash_row_id,site_id,site_name,site_gemeente,site_lat,site_long,distance_km,crash_lat,crash_long,DT_YEAR_COLLISION,DT_MONTH_COLLISION,DT_TIME,CD_NIS,TX_MUNTY_COLLISION_NL,TX_WEATHER_NL,TX_ROAD_CONDITION_NL,TX_LIGHT_CONDITION_NL,TX_CLASS_ACCIDENTS_NL,CD_ROAD_USR_TYPE1,TX_ROAD_USR_TYPE1_NL,CD_ROAD_USR_TYPE2,TX_ROAD_USR_TYPE2_NL,TX_CROSSWAY_NL,CD_ROAD_TYPE_NL,TX_BUILD_UP_AREA_NL,TX_COLLISION_TYPE_NL,TX_OBSTACLES_NL
38768,51,"Brugge, Sint-Andries",Brugge,51.19281,3.16252,0.8231163928293025,51.18556245011951,3.1649236373435876,2023,4,18,31005,Brugge,Regenval,"Nat, plassen",Dag,met lichtgewonden,9,personenauto,3,Fiets,Op Kruispunt,Gemeenteweg,binnen bebouwde kom,Tss. 2 best.: langs opzij (voor-/achterkant-flank),Geen hindernis
38768,50,"Brugge, Sint-Andries",Brugge,51.19291,3.16252,0.8340062179264484,51.18556245011951,3.1649236373435876,2023,4,18,31005,Brugge,Regenval,"Nat, plassen",Dag,met lichtgewonden,9,personenauto,3,Fiets,Op Kruispunt,Gemeenteweg,binnen bebouwde kom,Tss. 2 best.: langs opzij (voor-/achterkant-flank),Geen hindernis
38769,20,Brugge,Brugge,51.17416,3.20048,0.5191017147536294,51.169822248492956,3.1977277253013443,2023,4,16,31005,Brugge,Normaal,Droog,Dag,met lichtgewonden,3,Fiets,2,Andere weggebruiker,Op Kruispunt,Gewestweg,buiten bebouwde kom,Tss. 2 best.: langs opzij (voor-/achterkant-flank),Geen hindernis
38771,20,Brugge,Brugge,51.17416,3.20048,1.815715558328778,51.1887503806712,3.1887832291198634,2023,4,17,31005,Brugge,Normaal,Droog,Dag,met lichtgewonden,3,Fiets,9,personenauto,Op Kruispunt,Gemeenteweg,binnen bebouwde kom,Tss. 2 best.: langs opzij (voor-/achterkant-flank),Geen hindernis
38771,51,"Brugge, Sint-Andries",Brugge,51.19281,3.16252,1.8851062408083228,51.1887503806712,3.1887832291198634,2023,4,17,31005,Brugge,Normaal,Droog,Dag,met lichtgewonden,3,Fiets,9,personenauto,Op Kruispunt,Gemeenteweg,binnen bebouwde kom,Tss. 2 best.: langs opzij (voor-/achterkant-flank),Geen hindernis
38771,50,"Brugge, Sint-Andries",Brugge,51.19291,3.16252,1.8877978684997854,51.1887503806712,3.1887832291198634,2023,4,17,31005,Brugge,Normaal,Droog,Dag,met lichtgewonden,3,Fiets,9,personenauto,Op Kruispunt,Gemeenteweg,binnen bebouwde kom,Tss. 2 best.: langs opzij (voor-/achterkant-flank),Geen hindernis
38773,53,Brugge teller 1,Brugge,51.23023,3.228,1.4104298010607956,51.220367865883105,3.215262746876658,2023,4,12,31005,Brugge,Normaal,Droog,Dag,dodelijk gewonden,3,Fiets,10,"één bestuurder, geen hindernis",Buiten Kruispunt,Gewestweg,binnen bebouwde kom,"Eén bestuurder, geen hindernis (incl. val)",Geen hindernis
38773,54,Brugge teller 2,Brugge,51.23015,3.22818,1.4114799818329777,51.220367865883105,3.215262746876658,2023,4,12,31005,Brugge,Normaal,Droog,Dag,dodelijk gewonden,3,Fiets,10,"één bestuurder, geen hindernis",Buiten Kruispunt,Gewestweg,binnen bebouwde kom,"Eén bestuurder, geen hindernis (incl. val)",Geen hindernis
38773,52,Brugge,Brugge,51.22632,3.24095,1.9073670727245786,51.220367865883105,3.215262746876658,2023,4,12,31005,Brugge,Normaal,Droog,Dag,dodelijk gewonden,3,Fiets,10,"één bestuurder, geen hindernis",Buiten Kruispunt,Gewestweg,binnen bebouwde kom,"Eén bestuurder, geen hindernis (incl. val)",Geen hindernis
38773,142,TEST Validatie BRUGGE Y2H22022134,Brugge,51.22632,3.24095,1.9073670727245786,51.220367865883105,3.215262746876658,2023,4,12,31005,Brugge,Normaal,Droog,Dag,dodelijk gewonden,3,Fiets,10,"één bestuurder, geen hindernis",Buiten Kruispunt,Gewestweg,binnen bebouwde kom,"Eén bestuurder, geen hindernis (incl. val)",Geen hindernis
38774,142,TEST Validatie BRUGGE Y2H22022134,Brugge,51.22632,3.24095,1.1725293382130937,51.2158397795355,3.242810604534168,2023,4,17,31005,Brugge,Normaal,Droog,Dag,met lichtgewonden,3,Fiets,7,Motorfiets,Op Kruispunt,Gemeenteweg,binnen bebouwde kom,Tussen 2 bestuurders: Flank tegen flank,Geen hindernis
38774,52,Brugge,Brugge,51.22632,3.24095,1.1725293382130937,51.2158397795355,3.242810604534168,2023,4,17,31005,Brugge,Normaal,Droog,Dag,met lichtgewonden,3,Fiets,7,Motorfiets,Op Kruispunt,Gemeenteweg,binnen bebouwde kom,Tussen 2 bestuurders: Flank tegen flank,Geen hindernis
38774,54,Brugge teller 2,Brugge,51.23015,3.22818,1.8894739267539171,51.2158397795355,3.242810604534168,2023,4,17,31005,Brugge,Normaal,Droog,Dag,met lichtgewonden,3,Fiets,7,Motorfiets,Op Kruispunt,Gemeenteweg,binnen bebouwde kom,Tussen 2 bestuurders: Flank tegen flank,Geen hindernis
38774,53,Brugge teller 1,Brugge,51.23023,3.228,1.903733119045209,51.2158397795355,3.242810604534168,2023,4,17,31005,Brugge,Normaal,Droog,Dag,met lichtgewonden,3,Fiets,7,Motorfiets,Op Kruispunt,Gemeenteweg,binnen bebouwde kom,Tussen 2 bestuurders: Flank tegen flank,Geen hindernis
38775,50,"Brugge, Sint-Andries",Brugge,51.19291,3.16252,1.4615049003075946,51.19895163804937,3.181146986799432,2023,4,10,31005,Brugge,Normaal,Droog,Dag,met lichtgewonden,3,Fiets,9,personenauto,Buiten Kruispunt,Gemeenteweg,binnen bebouwde kom,Tss. 2 best.: langs opzij (voor-/achterkant-flank),Geen hindernis
38775,51,"Brugge, Sint-Andries",Brugge,51.19281,3.16252,1.4666506101181884,51.19895163804937,3.181146986799432,2023,4,10,31005,Brugge,Normaal,Droog,Dag,met lichtgewonden,3,Fiets,9,personenauto,Buiten Kruispunt,Gemeenteweg,binnen bebouwde kom,Tss. 2 best.: langs opzij (voor-/achterkant-flank),Geen hindernis
38783,20,Brugge,Brugge,51.17416,3.20048,2.3483521795388764,51.177649593273685,3.23370363898795,2023,4,19,31022,Oostkamp,Normaal,Droog,Dag,met zwaargewonden,3,Fiets,10,"één bestuurder, geen hindernis",Buiten Kruispunt,Gewestweg,buiten bebouwde kom,"Eén bestuurder, geen hindernis (incl. val)",Geen hindernis
38790,15,Oostende 2,Oostende,51.21371,2.92743,1.693500309552876,51.223546472398866,2.908866220387564,2023,4,18,35013,Oostende,Normaal,Droog+Proper,Dag,met lichtgewonden,8,Voetganger,3,Fiets,Buiten Kruispunt,Gewestweg,binnen bebouwde kom,Met een voetganger,Geen hindernis
38790,18,Oostende 1,Oostende,51.21378,2.92765,1.7002440797116583,51.223546472398866,2.908866220387564,2023,4,18,35013,Oostende,Normaal,Droog+Proper,Dag,met lichtgewonden,8,Voetganger,3,Fiets,Buiten Kruispunt,Gewestweg,binnen bebouwde kom,Met een voetganger,Geen hindernis
38791,15,Oostende 2,Oostende,51.21371,2.92743,1.9639683566585804,51.20877921076677,2.9003565733680334,2023,4,12,35013,Oostende,Normaal,Droog,Dag,met lichtgewonden,3,Fiets,6,Bromfiets,Buiten Kruispunt,Gemeenteweg,binnen bebouwde kom,Tussen 2 bestuurders: Langs achteren,Geen hindernis
38791,18,Oostende 1,Oostende,51.21378,2.92765,1.980858010357637,51.20877921076677,2.9003565733680334,2023,4,12,35013,Oostende,Normaal,Droog,Dag,met lichtgewonden,3,Fiets,6,Bromfiets,Buiten Kruispunt,Gemeenteweg,binnen bebouwde kom,Tussen 2 bestuurders: Langs achteren,Geen hindernis
38792,15,Oostende 2,Oostende,51.21371,2.92743,1.8158487216434254,51.22549628424283,2.909383451898603,2023,4,22,35013,Oostende,Regenval,"Nat, plassen","Nacht, openbare verlichting aanwezig en ontstoken",met lichtgewonden,9,personenauto,3,Fiets,Op Kruispunt,Gewestweg,binnen bebouwde kom,Tss. 2 best.: langs opzij (voor-/achterkant-flank),Geen hindernis
38792,18,Oostende 1,Oostende,51.21378,2.92765,1.8209098408802191,51.22549628424283,2.909383451898603,2023,4,22,35013,Oostende,Regenval,"Nat, plassen","Nacht, openbare verlichting aanwezig en ontstoken",met lichtgewonden,9,personenauto,3,Fiets,Op Kruispunt,Gewestweg,binnen bebouwde kom,Tss. 2 best.: langs opzij (voor-/achterkant-flank),Geen hindernis
38793,15,Oostende 2,Oostende,51.21371,2.92743,1.3089590158521596,51.22361458762994,2.917272960969105,2023,4,11,35013,Oostende,Normaal,Droog,Dag,met lichtgewonden,9,personenauto,3,Fiets,Op Kruispunt,Gemeenteweg,binnen bebouwde kom,Tss. 2 best.: langs opzij (voor-/achterkant-flank),Geen hindernis
38793,18,Oostende 1,Oostende,51.21378,2.92765,1.310801900347359,51.22361458762994,2.917272960969105,2023,4,11,35013,Oostende,Normaal,Droog,Dag,met lichtgewonden,9,personenauto,3,Fiets,Op Kruispunt,Gemeenteweg,binnen bebouwde kom,Tss. 2 best.: langs opzij (voor-/achterkant-flank),Geen hindernis
38794,18,Oostende 1,Oostende,51.21378,2.92765,1.9005622521310124,51.22856237913288,2.9413498146214234,2023,4,14,35013,Oostende,Normaal,"Nat, plassen",Dag,met zwaargewonden,6,Bromfiets,3,Fiets,Op Kruispunt,Gewestweg,binnen bebouwde kom,Tss. 2 best.: langs opzij (voor-/achterkant-flank),Geen hindernis
38794,15,Oostende 2,Oostende,51.21371,2.92743,1.9150087199025534,51.22856237913288,2.9413498146214234,2023,4,14,35013,Oostende,Normaal,"Nat, plassen",Dag,met zwaargewonden,6,Bromfiets,3,Fiets,Op Kruispunt,Gewestweg,binnen bebouwde kom,Tss. 2 best.: langs opzij (voor-/achterkant-flank),Geen hindernis
38796,18,Oostende 1,Oostende,51.21378,2.92765,1.1698239438463736,51.22364410371163,2.9218100298928102,2023,4,16,35013,Oostende,Normaal,Droog,Dag,met lichtgewonden,5,Lichte vrachtauto,3,Fiets,Buiten Kruispunt,Gemeenteweg,binnen bebouwde kom,Tss. 2 best.: langs opzij (voor-/achterkant-flank),Geen hindernis
38796,15,Oostende 2,Oostende,51.21371,2.92743,1.17191902190243,51.22364410371163,2.9218100298928102,2023,4,16,35013,Oostende,Normaal,Droog,Dag,met lichtgewonden,5,Lichte vrachtauto,3,Fiets,Buiten Kruispunt,Gemeenteweg,binnen bebouwde kom,Tss. 2 best.: langs opzij (voor-/achterkant-flank),Geen hindernis
38798,65,Nieuwpoort teller 2,Nieuwpoort,51.13435,2.75511,2.0311753313461636,51.15238285659157,2.7597549278515467,2023,4,17,35011,Middelkerke,Normaal,Droog,Dag,met lichtgewonden,9,personenauto,3,Fiets,Buiten Kruispunt,Gemeenteweg,binnen bebouwde kom,Tussen 2 bestuurders: Frontale botsing,Geen hindernis
38798,64,Nieuwpoort teller 1,Nieuwpoort,51.13359,2.75737,2.0962831191220648,51.15238285659157,2.7597549278515467,2023,4,17,35011,Middelkerke,Normaal,Droog,Dag,met lichtgewonden,9,personenauto,3,Fiets,Buiten Kruispunt,Gemeenteweg,binnen bebouwde kom,Tussen 2 bestuurders: Frontale botsing,Geen hindernis
38798,63,Nieuwpoort teller 3,Nieuwpoort,51.13529,2.74289,2.235302534446318,51.15238285659157,2.7597549278515467,2023,4,17,35011,Middelkerke,Normaal,Droog,Dag,met lichtgewonden,9,personenauto,3,Fiets,Buiten Kruispunt,Gemeenteweg,binnen bebouwde kom,Tussen 2 bestuurders: Frontale botsing,Geen hindernis
38798,66,Nieuwpoort totem,Nieuwpoort,51.1347,2.74369,2.263200979155107,51.15238285659157,2.7597549278515467,2023,4,17,35011,Middelkerke,Normaal,Droog,Dag,met lichtgewonden,9,personenauto,3,Fiets,Buiten Kruispunt,Gemeenteweg,binnen bebouwde kom,Tussen 2 bestuurders: Frontale botsing,Geen hindernis
38800,55,Torhout teller 1,Torhout,51.07161,3.08261,0.6058101074143805,51.06902382055756,3.0902412876244525,2023,4,9,31033,Torhout,Normaal,Droog,Dag,met lichtgewonden,9,personenauto,3,Fiets,Op Kruispunt,Gewestweg,buiten bebouwde kom,Tss. 2 best.: langs opzij (voor-/achterkant-flank),Geen hindernis
38800,56,Torhout teller 2,Torhout,51.07147,3.08244,0.6091828940290676,51.06902382055756,3.0902412876244525,2023,4,9,31033,Torhout,Normaal,Droog,Dag,met lichtgewonden,9,personenauto,3,Fiets,Op Kruispunt,Gewestweg,buiten bebouwde kom,Tss. 2 best.: langs opzij (voor-/achterkant-flank),Geen hindernis
38805,84,Roeselare totem,Izegem,50.91717,3.18772,1.3491333426379735,50.92002576190813,3.206425158264779,2023,4,17,36008,Izegem,Normaal,Droog,Dag,met lichtgewonden,9,personenauto,3,Fiets,Buiten Kruispunt,Gewestweg,binnen bebouwde kom,Tss. 2 best.: langs opzij (voor-/achterkant-flank),Geen hindernis
38816,61,Wervik teller 2,Wervik,50.80555,3.0921,1.6969875647606776,50.80190081860471,3.115548049717162,2023,4,12,34027,Menen,Normaal,Droog,Dag,met zwaargewonden,3,Fiets,10,"één bestuurder, geen hindernis",Buiten Kruispunt,Gemeenteweg,binnen bebouwde kom,"Eén bestuurder, geen hindernis (incl. val)",Geen hindernis
38816,62,Wervik teller 1,Wervik,50.8058,3.09154,1.7419301952722532,50.80190081860471,3.115548049717162,2023,4,12,34027,Menen,Normaal,Droog,Dag,met zwaargewonden,3,Fiets,10,"één bestuurder, geen hindernis",Buiten Kruispunt,Gemeenteweg,binnen bebouwde kom,"Eén bestuurder, geen hindernis (incl. val)",Geen hindernis
38818,61,Wervik teller 2,Wervik,50.80555,3.0921,2.2788509659459573,50.799289170203934,3.122977480055336,2023,3,12,34027,Menen,Onbekend,"Nat, plassen",Dag,met lichtgewonden,3,Fiets,11,een weggebruiker tegen een hindernis,Op Kruispunt,Gewestweg,buiten bebouwde kom,Weggebruiker tegen hindernis op de rijbaan,"Op de rijbaan: Put, straatgoot, tramspoor"
38818,62,Wervik teller 1,Wervik,50.8058,3.09154,2.324855109459952,50.799289170203934,3.122977480055336,2023,3,12,34027,Menen,Onbekend,"Nat, plassen",Dag,met lichtgewonden,3,Fiets,11,een weggebruiker tegen een hindernis,Op Kruispunt,Gewestweg,buiten bebouwde kom,Weggebruiker tegen hindernis op de rijbaan,"Op de rijbaan: Put, straatgoot, tramspoor"
38819,143,Eco Display Classic Budastraat,Kortrijk,50.83066,3.26286,0.21399634653929353,50.83254391098917,3.2634826097797567,2023,4,8,34022,Kortrijk,Normaal,Droog,Dag,met lichtgewonden,3,Fiets,3,Fiets,Op Kruispunt,Gemeenteweg,binnen bebouwde kom,Tss. 2 best.: langs opzij (voor-/achterkant-flank),Geen hindernis
38819,17,Kortrijk 2,Kortrijk,50.83339,3.27773,1.004991277087022,50.83254391098917,3.2634826097797567,2023,4,8,34022,Kortrijk,Normaal,Droog,Dag,met lichtgewonden,3,Fiets,3,Fiets,Op Kruispunt,Gemeenteweg,binnen bebouwde kom,Tss. 2 best.: langs opzij (voor-/achterkant-flank),Geen hindernis
38819,16,Kortrijk 1,Kortrijk,50.83332,3.27777,1.0070920644280585,50.83254391098917,3.2634826097797567,2023,4,8,34022,Kortrijk,Normaal,Droog,Dag,met lichtgewonden,3,Fiets,3,Fiets,Op Kruispunt,Gemeenteweg,binnen bebouwde kom,Tss. 2 best.: langs opzij (voor-/achterkant-flank),Geen hindernis
38819,75,Kortrijk teller 2,Kortrijk,50.81925,3.25731,1.5404856636120219,50.83254391098917,3.2634826097797567,2023,4,8,34022,Kortrijk,Normaal,Droog,Dag,met lichtgewonden,3,Fiets,3,Fiets,Op Kruispunt,Gemeenteweg,binnen bebouwde kom,Tss. 2 best.: langs opzij (voor-/achterkant-flank),Geen hindernis
38819,74,Kortrijk teller 1,Kortrijk,50.81909,3.25728,1.5581538120945584,50.83254391098917,3.2634826097797567,2023,4,8,34022,Kortrijk,Normaal,Droog,Dag,met lichtgewonden,3,Fiets,3,Fiets,Op Kruispunt,Gemeenteweg,binnen bebouwde kom,Tss. 2 best.: langs opzij (voor-/achterkant-flank),Geen hindernis
38821,16,Kortrijk 1,Kortrijk,50.83332,3.27777,0.8314854134028139,50.82638225374048,3.2733528274960006,2023,3,22,34022,Kortrijk,Onbekend,Onbekend,Onbekend,met lichtgewonden,3,Fiets,9,personenauto,Buiten Kruispunt,Gemeenteweg,binnen bebouwde kom,Tss. 2 best.: langs opzij (voor-/achterkant-flank),Geen hindernis
38821,17,Kortrijk 2,Kortrijk,50.83339,3.27773,0.8376768395256224,50.82638225374048,3.2733528274960006,2023,3,22,34022,Kortrijk,Onbekend,Onbekend,Onbekend,met lichtgewonden,3,Fiets,9,personenauto,Buiten Kruispunt,Gemeenteweg,binnen bebouwde kom,Tss. 2 best.: langs opzij (voor-/achterkant-flank),Geen hindernis
38821,143,Eco Display Classic Budastraat,Kortrijk,50.83066,3.26286,0.8771430773973561,50.82638225374048,3.2733528274960006,2023,3,22,34022,Kortrijk,Onbekend,Onbekend,Onbekend,met lichtgewonden,3,Fiets,9,personenauto,Buiten Kruispunt,Gemeenteweg,binnen bebouwde kom,Tss. 2 best.: langs opzij (voor-/achterkant-flank),Geen hindernis
38821,75,Kortrijk teller 2,Kortrijk,50.81925,3.25731,1.3780047067159262,50.82638225374048,3.2733528274960006,2023,3,22,34022,Kortrijk,Onbekend,Onbekend,Onbekend,met lichtgewonden,3,Fiets,9,personenauto,Buiten Kruispunt,Gemeenteweg,binnen bebouwde kom,Tss. 2 best.: langs opzij (voor-/achterkant-flank),Geen hindernis
38821,74,Kortrijk teller 1,Kortrijk,50.81909,3.25728,1.3900327999874886,50.82638225374048,3.2733528274960006,2023,3,22,34022,Kortrijk,Onbekend,Onbekend,Onbekend,met lichtgewonden,3,Fiets,9,personenauto,Buiten Kruispunt,Gemeenteweg,binnen bebouwde kom,Tss. 2 best.: langs opzij (voor-/achterkant-flank),Geen hindernis
38822,143,Eco Display Classic Budastraat,Kortrijk,50.83066,3.26286,0.4904813803917169,50.83301263116094,3.2569523999564183,2023,4,16,34022,Kortrijk,Normaal,Droog,Dag,met lichtgewonden,9,personenauto,3,Fiets,Op Kruispunt,Gewestweg,binnen bebouwde kom,Tss. 2 best.: langs opzij (voor-/achterkant-flank),Geen hindernis
38822,17,Kortrijk 2,Kortrijk,50.83339,3.27773,1.4597830438789963,50.83301263116094,3.2569523999564183,2023,4,16,34022,Kortrijk,Normaal,Droog,Dag,met lichtgewonden,9,personenauto,3,Fiets,Op Kruispunt,Gewestweg,binnen bebouwde kom,Tss. 2 best.: langs opzij (voor-/achterkant-flank),Geen hindernis
38822,16,Kortrijk 1,Kortrijk,50.83332,3.27777,1.4623895076106332,50.83301263116094,3.2569523999564183,2023,4,16,34022,Kortrijk,Normaal,Droog,Dag,met lichtgewonden,9,personenauto,3,Fiets,Op Kruispunt,Gewestweg,binnen bebouwde kom,Tss. 2 best.: langs opzij (voor-/achterkant-flank),Geen hindernis
38822,75,Kortrijk teller 2,Kortrijk,50.81925,3.25731,1.5305408765497746,50.83301263116094,3.2569523999564183,2023,4,16,34022,Kortrijk,Normaal,Droog,Dag,met lichtgewonden,9,personenauto,3,Fiets,Op Kruispunt,Gewestweg,binnen bebouwde kom,Tss. 2 best.: langs opzij (voor-/achterkant-flank),Geen hindernis
38822,74,Kortrijk teller 1,Kortrijk,50.81909,3.25728,1.5482969472628223,50.83301263116094,3.2569523999564183,2023,4,16,34022,Kortrijk,Normaal,Droog,Dag,met lichtgewonden,9,personenauto,3,Fiets,Op Kruispunt,Gewestweg,binnen bebouwde kom,Tss. 2 best.: langs opzij (voor-/achterkant-flank),Geen hindernis
38824,74,Kortrijk teller 1,Kortrijk,50.81909,3.25728,2.371753850401472,50.821594805251266,3.2237509568603766,2023,4,13,34022,Kortrijk,Normaal,Droog,Dag,met lichtgewonden,9,personenauto,3,Fiets,Op Kruispunt,Gewestweg,binnen bebouwde kom,Tussen 2 bestuurders: Frontale botsing,Geen hindernis
38824,75,Kortrijk teller 2,Kortrijk,50.81925,3.25731,2.371821084952355,50.821594805251266,3.2237509568603766,2023,4,13,34022,Kortrijk,Normaal,Droog,Dag,met lichtgewonden,9,personenauto,3,Fiets,Op Kruispunt,Gewestweg,binnen bebouwde kom,Tussen 2 bestuurders: Frontale botsing,Geen hindernis
38825,75,Kortrijk teller 2,Kortrijk,50.81925,3.25731,0.6189789956482707,50.82477087393801,3.256182745168824,2023,4,16,34022,Kortrijk,Normaal,Droog,Dag,met lichtgewonden,5,Lichte vrachtauto,3,Fiets,Buiten Kruispunt,Gemeenteweg,binnen bebouwde kom,Tss. 2 best.: langs opzij (voor-/achterkant-flank),Geen hindernis
38825,74,Kortrijk teller 1,Kortrijk,50.81909,3.25728,0.6363694073643517,50.82477087393801,3.256182745168824,2023,4,16,34022,Kortrijk,Normaal,Droog,Dag,met lichtgewonden,5,Lichte vrachtauto,3,Fiets,Buiten Kruispunt,Gemeenteweg,binnen bebouwde kom,Tss. 2 best.: langs opzij (voor-/achterkant-flank),Geen hindernis
38825,143,Eco Display Classic Budastraat,Kortrijk,50.83066,3.26286,0.8054608036377938,50.82477087393801,3.256182745168824,2023,4,16,34022,Kortrijk,Normaal,Droog,Dag,met lichtgewonden,5,Lichte vrachtauto,3,Fiets,Buiten Kruispunt,Gemeenteweg,binnen bebouwde kom,Tss. 2 best.: langs opzij (voor-/achterkant-flank),Geen hindernis
38825,16,Kortrijk 1,Kortrijk,50.83332,3.27777,1.7895434986759544,50.82477087393801,3.256182745168824,2023,4,16,34022,Kortrijk,Normaal,Droog,Dag,met lichtgewonden,5,Lichte vrachtauto,3,Fiets,Buiten Kruispunt,Gemeenteweg,binnen bebouwde kom,Tss. 2 best.: langs opzij (voor-/achterkant-flank),Geen hindernis
38825,17,Kortrijk 2,Kortrijk,50.83339,3.27773,1.791315295117527,50.82477087393801,3.256182745168824,2023,4,16,34022,Kortrijk,Normaal,Droog,Dag,met lichtgewonden,5,Lichte vrachtauto,3,Fiets,Buiten Kruispunt,Gemeenteweg,binnen bebouwde kom,Tss. 2 best.: langs opzij (voor-/achterkant-flank),Geen hindernis
38826,74,Kortrijk teller 1,Kortrijk,50.81909,3.25728,0.6653646276368662,50.81500493682863,3.264200532434995,2023,4,8,34022,Kortrijk,Normaal,Droog,Dag,met lichtgewonden,3,Fiets,9,personenauto,Buiten Kruispunt,Gewestweg,binnen bebouwde kom,Tss. 2 best.: langs opzij (voor-/achterkant-flank),Geen hindernis
38826,75,Kortrijk teller 2,Kortrijk,50.81925,3.25731,0.6761240801630997,50.81500493682863,3.264200532434995,2023,4,8,34022,Kortrijk,Normaal,Droog,Dag,met lichtgewonden,3,Fiets,9,personenauto,Buiten Kruispunt,Gewestweg,binnen bebouwde kom,Tss. 2 best.: langs opzij (voor-/achterkant-flank),Geen hindernis
38826,143,Eco Display Classic Budastraat,Kortrijk,50.83066,3.26286,1.743308598044398,50.81500493682863,3.264200532434995,2023,4,8,34022,Kortrijk,Normaal,Droog,Dag,met lichtgewonden,3,Fiets,9,personenauto,Buiten Kruispunt,Gewestweg,binnen bebouwde kom,Tss. 2 best.: langs opzij (voor-/achterkant-flank),Geen hindernis
38826,16,Kortrijk 1,Kortrijk,50.83332,3.27777,2.2485539328481248,50.81500493682863,3.264200532434995,2023,4,8,34022,Kortrijk,Normaal,Droog,Dag,met lichtgewonden,3,Fiets,9,personenauto,Buiten Kruispunt,Gewestweg,binnen bebouwde kom,Tss. 2 best.: langs opzij (voor-/achterkant-flank),Geen hindernis
38826,17,Kortrijk 2,Kortrijk,50.83339,3.27773,2.25441993991343,50.81500493682863,3.264200532434995,2023,4,8,34022,Kortrijk,Normaal,Droog,Dag,met lichtgewonden,3,Fiets,9,personenauto,Buiten Kruispunt,Gewestweg,binnen bebouwde kom,Tss. 2 best.: langs opzij (voor-/achterkant-flank),Geen hindernis
38827,75,Kortrijk teller 2,Kortrijk,50.81925,3.25731,0.5092751664364535,50.82210115689102,3.25163632617929,2023,4,7,34022,Kortrijk,Normaal,Droog,Dag,met lichtgewonden,9,personenauto,3,Fiets,Buiten Kruispunt,Gemeenteweg,binnen bebouwde kom,Tss. 2 best.: langs opzij (voor-/achterkant-flank),Geen hindernis
38827,74,Kortrijk teller 1,Kortrijk,50.81909,3.25728,0.5189254873704416,50.82210115689102,3.25163632617929,2023,4,7,34022,Kortrijk,Normaal,Droog,Dag,met lichtgewonden,9,personenauto,3,Fiets,Buiten Kruispunt,Gemeenteweg,binnen bebouwde kom,Tss. 2 best.: langs opzij (voor-/achterkant-flank),Geen hindernis
38827,143,Eco Display Classic Budastraat,Kortrijk,50.83066,3.26286,1.2358025886070703,50.82210115689102,3.25163632617929,2023,4,7,34022,Kortrijk,Normaal,Droog,Dag,met lichtgewonden,9,personenauto,3,Fiets,Buiten Kruispunt,Gemeenteweg,binnen bebouwde kom,Tss. 2 best.: langs opzij (voor-/achterkant-flank),Geen hindernis
38827,16,Kortrijk 1,Kortrijk,50.83332,3.27777,2.219330317112099,50.82210115689102,3.25163632617929,2023,4,7,34022,Kortrijk,Normaal,Droog,Dag,met lichtgewonden,9,personenauto,3,Fiets,Buiten Kruispunt,Gemeenteweg,binnen bebouwde kom,Tss. 2 best.: langs opzij (voor-/achterkant-flank),Geen hindernis
38827,17,Kortrijk 2,Kortrijk,50.83339,3.27773,2.221395178086902,50.82210115689102,3.25163632617929,2023,4,7,34022,Kortrijk,Normaal,Droog,Dag,met lichtgewonden,9,personenauto,3,Fiets,Buiten Kruispunt,Gemeenteweg,binnen bebouwde kom,Tss. 2 best.: langs opzij (voor-/achterkant-flank),Geen hindernis
38829,75,Kortrijk teller 2,Kortrijk,50.81925,3.25731,0.8393901671373128,50.82036998989764,3.2691265992661664,2023,4,23,34022,Kortrijk,Onbekend,Onbekend,Onbekend,met lichtgewonden,3,Fiets,8,Voetganger,Buiten Kruispunt,Gewestweg,binnen bebouwde kom,Met een voetganger,Geen hindernis
38829,74,Kortrijk teller 1,Kortrijk,50.81909,3.25728,0.844292205396262,50.82036998989764,3.2691265992661664,2023,4,23,34022,Kortrijk,Onbekend,Onbekend,Onbekend,met lichtgewonden,3,Fiets,8,Voetganger,Buiten Kruispunt,Gewestweg,binnen bebouwde kom,Met een voetganger,Geen hindernis
38829,143,Eco Display Classic Budastraat,Kortrijk,50.83066,3.26286,1.225941690786253,50.82036998989764,3.2691265992661664,2023,4,23,34022,Kortrijk,Onbekend,Onbekend,Onbekend,met lichtgewonden,3,Fiets,8,Voetganger,Buiten Kruispunt,Gewestweg,binnen bebouwde kom,Met een voetganger,Geen hindernis
38829,16,Kortrijk 1,Kortrijk,50.83332,3.27777,1.5627202282601176,50.82036998989764,3.2691265992661664,2023,4,23,34022,Kortrijk,Onbekend,Onbekend,Onbekend,met lichtgewonden,3,Fiets,8,Voetganger,Buiten Kruispunt,Gewestweg,binnen bebouwde kom,Met een voetganger,Geen hindernis
38829,17,Kortrijk 2,Kortrijk,50.83339,3.27773,1.5688109058979818,50.82036998989764,3.2691265992661664,2023,4,23,34022,Kortrijk,Onbekend,Onbekend,Onbekend,met lichtgewonden,3,Fiets,8,Voetganger,Buiten Kruispunt,Gewestweg,binnen bebouwde kom,Met een voetganger,Geen hindernis
38835,16,Kortrijk 1,Kortrijk,50.83332,3.27777,0.4833527681078802,50.829109583983,3.279481023668394,2023,4,13,34022,Kortrijk,Normaal,Droog,Dag,met lichtgewonden,3,Fiets,3,Fiets,Buiten Kruispunt,Gemeenteweg,binnen bebouwde kom,Tussen 2 bestuurders: Langs achteren,Geen hindernis
38835,17,Kortrijk 2,Kortrijk,50.83339,3.27773,0.4915910527593067,50.829109583983,3.279481023668394,2023,4,13,34022,Kortrijk,Normaal,Droog,Dag,met lichtgewonden,3,Fiets,3,Fiets,Buiten Kruispunt,Gemeenteweg,binnen bebouwde kom,Tussen 2 bestuurders: Langs achteren,Geen hindernis