crash_row_id,site_id,site_name,site_gemeente,site_lat,site_long,distance_km,crash_lat,crash_long,DT_YEAR_COLLISION,DT_MONTH_COLLISION,DT_TIME,CD_NIS,TX_MUNTY_COLLISION_NL,TX_WEATHER_NL,TX_ROAD_CONDITION_NL,TX_LIGHT_CONDITION_NL,TX_CLASS_ACCIDENTS_NL,CD_ROAD_USR_TYPE1,TX_ROAD_USR_TYPE1_NL,CD_ROAD_USR_TYPE2,TX_ROAD_USR_TYPE2_NL,TX_CROSSWAY_NL,CD_ROAD_TYPE_NL,TX_BUILD_UP_AREA_NL,TX_COLLISION_TYPE_NL,TX_OBSTACLES_NL
38835,143,Eco Display Classic Budastraat,Kortrijk,50.83066,3.26286,1.1800141263522217,50.829109583983,3.279481023668394,2023,4,13,34022,Kortrijk,Normaal,Droog,Dag,met lichtgewonden,3,Fiets,3,Fiets,Buiten Kruispunt,Gemeenteweg,binnen bebouwde kom,Tussen 2 bestuurders: Langs achteren,Geen hindernis
38835,75,Kortrijk teller 2,Kortrijk,50.81925,3.25731,1.9045356877919764,50.829109583983,3.279481023668394,2023,4,13,34022,Kortrijk,Normaal,Droog,Dag,met lichtgewonden,3,Fiets,3,Fiets,Buiten Kruispunt,Gemeenteweg,binnen bebouwde kom,Tussen 2 bestuurders: Langs achteren,Geen hindernis
38835,74,Kortrijk teller 1,Kortrijk,50.81909,3.25728,1.916548762506818,50.829109583983,3.279481023668394,2023,4,13,34022,Kortrijk,Normaal,Droog,Dag,met lichtgewonden,3,Fiets,3,Fiets,Buiten Kruispunt,Gemeenteweg,binnen bebouwde kom,Tussen 2 bestuurders: Langs achteren,Geen hindernis
38840,68,Ieper,Ieper,50.85032,2.85608,1.7917083458259608,50.86637391107326,2.8538918715687394,2023,4,7,33011,Ieper,Normaal,Droog,Dag,met lichtgewonden,2,Andere weggebruiker,3,Fiets,Buiten Kruispunt,Gewestweg,binnen bebouwde kom,Tss. 2 best.: langs opzij (voor-/achterkant-flank),Geen hindernis
38840,67,Ieper totem,Ieper,50.85018,2.85624,1.8082078976244766,50.86637391107326,2.8538918715687394,2023,4,7,33011,Ieper,Normaal,Droog,Dag,met lichtgewonden,2,Andere weggebruiker,3,Fiets,Buiten Kruispunt,Gewestweg,binnen bebouwde kom,Tss. 2 best.: langs opzij (voor-/achterkant-flank),Geen hindernis
38846,67,Ieper totem,Ieper,50.85018,2.85624,2.472571351838058,50.845079448773205,2.890519385440659,2023,4,22,33011,Ieper,Normaal,Droog,"Nacht, openbare verlichting aanwezig en ontstoken",met lichtgewonden,3,Fiets,11,een weggebruiker tegen een hindernis,Buiten Kruispunt,Gewestweg,binnen bebouwde kom,Weggebruiker tegen hindernis buiten rijbaan,Andere hindernis
38846,68,Ieper,Ieper,50.85032,2.85608,2.4871040054965787,50.845079448773205,2.890519385440659,2023,4,22,33011,Ieper,Normaal,Droog,"Nacht, openbare verlichting aanwezig en ontstoken",met lichtgewonden,3,Fiets,11,een weggebruiker tegen een hindernis,Buiten Kruispunt,Gewestweg,binnen bebouwde kom,Weggebruiker tegen hindernis buiten rijbaan,Andere hindernis
38850,41,Maasmechelen teller 1,Maasmechelen,50.97025,5.69799,1.407590448942927,50.95778338277238,5.694501283731457,2023,4,8,73107,Maasmechelen,Normaal,Droog,Dag,met lichtgewonden,3,Fiets,9,personenauto,Op Kruispunt,Gewestweg,buiten bebouwde kom,Tss. 2 best.: langs opzij (voor-/achterkant-flank),Geen hindernis
38850,42,Maasmechelen teller 2,Maasmechelen,50.97043,5.6981,1.4286446739655585,50.95778338277238,5.694501283731457,2023,4,8,73107,Maasmechelen,Normaal,Droog,Dag,met lichtgewonden,3,Fiets,9,personenauto,Op Kruispunt,Gewestweg,buiten bebouwde kom,Tss. 2 best.: langs opzij (voor-/achterkant-flank),Geen hindernis
38852,18,Oostende 1,Oostende,51.21378,2.92765,1.3072927014634923,51.22548092478171,2.929477305113808,2023,4,12,35013,Oostende,Normaal,Droog,Dag,met lichtgewonden,3,Fiets,3,Fiets,Op Kruispunt,Gewestweg,binnen bebouwde kom,Tussen 2 bestuurders: Frontale botsing,Geen hindernis
38852,15,Oostende 2,Oostende,51.21371,2.92743,1.3166107225469819,51.22548092478171,2.929477305113808,2023,4,12,35013,Oostende,Normaal,Droog,Dag,met lichtgewonden,3,Fiets,3,Fiets,Op Kruispunt,Gewestweg,binnen bebouwde kom,Tussen 2 bestuurders: Frontale botsing,Geen hindernis
38856,124,Beveren teller 2,Beveren,51.1964712,4.2361077,1.318655481803419,51.20827630172929,4.2379093671458135,2023,4,16,46003,Beveren,Normaal,Droog,Dag,met lichtgewonden,9,personenauto,3,Fiets,Op Kruispunt,Gemeenteweg,buiten bebouwde kom,Tss. 2 best.: langs opzij (voor-/achterkant-flank),Geen hindernis
38862,124,Beveren teller 2,Beveren,51.1964712,4.2361077,1.531198850745074,51.193736791223316,4.214571364545907,2023,4,17,46003,Beveren,Normaal,"Nat, plassen",Dag,met lichtgewonden,9,personenauto,3,Fiets,Buiten Kruispunt,Gewestweg,buiten bebouwde kom,Tss. 2 best.: langs opzij (voor-/achterkant-flank),Geen hindernis
38864,49,Bokrijk,Genk,50.95264,5.41001,1.6699732538251475,50.94046423323063,5.423964980520737,2023,4,17,71011,Diepenbeek,Normaal,Droog,Dag,met lichtgewonden,3,Fiets,3,Fiets,Buiten Kruispunt,Gemeenteweg,buiten bebouwde kom,Kettingbotsing (3 bestuurders of meer),Geen hindernis
38865,140,Hasselt ring,Hasselt,50.9300038,5.3438616,1.3343508706270168,50.93343444863502,5.3256159191751635,2023,4,7,71022,Hasselt,Normaal,Droog,Dag,met lichtgewonden,6,Bromfiets,3,Fiets,Buiten Kruispunt,Gewestweg,binnen bebouwde kom,Tss. 2 best.: langs opzij (voor-/achterkant-flank),Geen hindernis
38865,138,Hasselt-Kempische brug,Hasselt,50.9405318,5.3422472,1.407464475409024,50.93343444863502,5.3256159191751635,2023,4,7,71022,Hasselt,Normaal,Droog,Dag,met lichtgewonden,6,Bromfiets,3,Fiets,Buiten Kruispunt,Gewestweg,binnen bebouwde kom,Tss. 2 best.: langs opzij (voor-/achterkant-flank),Geen hindernis
38865,137,Hasselt-Kempische brug,Hasselt,50.9411605,5.3417576,1.4203456712629634,50.93343444863502,5.3256159191751635,2023,4,7,71022,Hasselt,Normaal,Droog,Dag,met lichtgewonden,6,Bromfiets,3,Fiets,Buiten Kruispunt,Gewestweg,binnen bebouwde kom,Tss. 2 best.: langs opzij (voor-/achterkant-flank),Geen hindernis
38868,31,Herk De Stad,Herk-de-Stad,50.94366,5.1775,1.4520303073422964,50.94623889780754,5.197817270449223,2023,4,13,71024,Herk-de-Stad,Normaal,Droog,Dag,met lichtgewonden,6,Bromfiets,3,Fiets,Buiten Kruispunt,Gewestweg,buiten bebouwde kom,Tussen 2 bestuurders: Langs achteren,Geen hindernis
38868,30,Herk De Stad,Herk-de-Stad,50.94374,5.17691,1.490889323383678,50.94623889780754,5.197817270449223,2023,4,13,71024,Herk-de-Stad,Normaal,Droog,Dag,met lichtgewonden,6,Bromfiets,3,Fiets,Buiten Kruispunt,Gewestweg,buiten bebouwde kom,Tussen 2 bestuurders: Langs achteren,Geen hindernis
38871,140,Hasselt ring,Hasselt,50.9300038,5.3438616,1.6319979848479866,50.92120125932151,5.325229691266601,2023,4,18,71022,Hasselt,Normaal,Droog,Dag,met zwaargewonden,3,Fiets,9,personenauto,Buiten Kruispunt,Gemeenteweg,binnen bebouwde kom,Tussen 2 bestuurders: Flank tegen flank,Geen hindernis
38871,138,Hasselt-Kempische brug,Hasselt,50.9405318,5.3422472,2.4581481992285146,50.92120125932151,5.325229691266601,2023,4,18,71022,Hasselt,Normaal,Droog,Dag,met zwaargewonden,3,Fiets,9,personenauto,Buiten Kruispunt,Gemeenteweg,binnen bebouwde kom,Tussen 2 bestuurders: Flank tegen flank,Geen hindernis
38873,33,Lummen,Lummen,50.97978,5.20936,1.7310619288735012,50.99051901395338,5.191456288057645,2023,4,21,71037,Lummen,Normaal,Droog,"Nacht, openbare verlichting aanwezig en ontstoken",met lichtgewonden,3,Fiets,9,personenauto,Op Kruispunt,Gewestweg,binnen bebouwde kom,Tss. 2 best.: langs opzij (voor-/achterkant-flank),Geen hindernis
38873,32,Lummen,Lummen,50.97971,5.20961,1.7491133668268772,50.99051901395338,5.191456288057645,2023,4,21,71037,Lummen,Normaal,Droog,"Nacht, openbare verlichting aanwezig en ontstoken",met lichtgewonden,3,Fiets,9,personenauto,Op Kruispunt,Gewestweg,binnen bebouwde kom,Tss. 2 best.: langs opzij (voor-/achterkant-flank),Geen hindernis
38880,139,Houthalen-Helchteren,Houthalen-Helchteren,51.0644267,5.3819796,0.927678317655494,51.05722861950299,5.388690610027697,2023,4,17,72039,Houthalen-Helchteren,Onbekend,Onbekend,Onbekend,met lichtgewonden,3,Fiets,5,Lichte vrachtauto,Buiten Kruispunt,Gewestweg,binnen bebouwde kom,Tussen 2 bestuurders: Flank tegen flank,Geen hindernis
38882,139,Houthalen-Helchteren,Houthalen-Helchteren,51.0644267,5.3819796,0.921844131432151,51.05771655113731,5.389726153317035,2023,4,15,72039,Houthalen-Helchteren,Normaal,Droog,Dag,met lichtgewonden,9,personenauto,3,Fiets,Op Kruispunt,Gewestweg,binnen bebouwde kom,Tss. 2 best.: langs opzij (voor-/achterkant-flank),Geen hindernis
38883,14,Genk,Genk,50.97172,5.48927,0.9598894444258111,50.96411432302428,5.482786000676591,2023,4,14,71016,Genk,Normaal,Droog,Dag,met lichtgewonden,9,personenauto,3,Fiets,Op Kruispunt,Gewestweg,binnen bebouwde kom,Tss. 2 best.: langs opzij (voor-/achterkant-flank),Geen hindernis
38884,14,Genk,Genk,50.97172,5.48927,0.9267010284881809,50.964283637238665,5.483295440402385,2023,4,7,71016,Genk,Normaal,Droog,Dag,met lichtgewonden,3,Fiets,10,"één bestuurder, geen hindernis",Buiten Kruispunt,Gemeenteweg,binnen bebouwde kom,"Eén bestuurder, geen hindernis (incl. val)",Geen hindernis
38887,14,Genk,Genk,50.97172,5.48927,1.2527109933692806,50.96325400420749,5.501072665266632,2023,4,15,71016,Genk,Normaal,"Nat, plassen",Dag,met lichtgewonden,9,personenauto,3,Fiets,Op Kruispunt,Gewestweg,binnen bebouwde kom,Tss. 2 best.: langs opzij (voor-/achterkant-flank),Geen hindernis
38888,14,Genk,Genk,50.97172,5.48927,2.2031431174882337,50.97474627874051,5.520366361817676,2023,4,12,71016,Genk,Normaal,Onbekend,Dag,met lichtgewonden,3,Fiets,10,"één bestuurder, geen hindernis",Op Kruispunt,Gewestweg,binnen bebouwde kom,"Eén bestuurder, geen hindernis (incl. val)",Geen hindernis
38889,14,Genk,Genk,50.97172,5.48927,1.0882716979332352,50.965990280709704,5.501869651494798,2023,4,11,71016,Genk,Normaal,Droog,Dag,met lichtgewonden,9,personenauto,3,Fiets,Op Kruispunt,Gewestweg,binnen bebouwde kom,Tss. 2 best.: langs opzij (voor-/achterkant-flank),Geen hindernis
38891,22,Tienen 2,Tienen,50.81330800184882,4.935984252796022,0.7872005436066233,50.80631953048478,4.937774750163391,2023,4,12,24107,Tienen,Normaal,Droog,Dag,met lichtgewonden,6,Bromfiets,3,Fiets,Op Kruispunt,Gemeenteweg,binnen bebouwde kom,Tss. 2 best.: langs opzij (voor-/achterkant-flank),Geen hindernis
38891,23,Tienen 3,Tienen,50.81324,4.93447,0.8037919346175104,50.80631953048478,4.937774750163391,2023,4,12,24107,Tienen,Normaal,Droog,Dag,met lichtgewonden,6,Bromfiets,3,Fiets,Op Kruispunt,Gemeenteweg,binnen bebouwde kom,Tss. 2 best.: langs opzij (voor-/achterkant-flank),Geen hindernis
38891,24,Tienen 1,Tienen,50.8133795491886,4.935044252605416,0.8081418779422229,50.80631953048478,4.937774750163391,2023,4,12,24107,Tienen,Normaal,Droog,Dag,met lichtgewonden,6,Bromfiets,3,Fiets,Op Kruispunt,Gemeenteweg,binnen bebouwde kom,Tss. 2 best.: langs opzij (voor-/achterkant-flank),Geen hindernis
38896,109,Zemst,Zemst,50.9903936,4.4707023,2.16024166858035,51.009667454993924,4.46682723249314,2023,4,21,12025,Mechelen,Normaal,Droog,Dag,met lichtgewonden,7,Motorfiets,3,Fiets,Buiten Kruispunt,Gemeenteweg,buiten bebouwde kom,Tussen 2 bestuurders: Flank tegen flank,Geen hindernis
38897,99,Mechelen teller 1,Mechelen,51.04564,4.46882,1.3223572674348902,51.0433984962895,4.487396087568951,2023,4,9,12025,Mechelen,Normaal,Droog,Dag,met lichtgewonden,3,Fiets,9,personenauto,Op Kruispunt,Gemeenteweg,binnen bebouwde kom,Tussen 2 bestuurders: Langs achteren,Geen hindernis
38897,100,Mechelen teller 2,Mechelen,51.0457,4.46883,1.3229442682758072,51.0433984962895,4.487396087568951,2023,4,9,12025,Mechelen,Normaal,Droog,Dag,met lichtgewonden,3,Fiets,9,personenauto,Op Kruispunt,Gemeenteweg,binnen bebouwde kom,Tussen 2 bestuurders: Langs achteren,Geen hindernis
38900,109,Zemst,Zemst,50.9903936,4.4707023,2.373826669599175,51.011715797817345,4.472380488994457,2023,4,16,12025,Mechelen,Normaal,Droog,Dag,met lichtgewonden,9,personenauto,3,Fiets,Op Kruispunt,Gemeenteweg,binnen bebouwde kom,Tss. 2 best.: langs opzij (voor-/achterkant-flank),Geen hindernis
38901,99,Mechelen teller 1,Mechelen,51.04564,4.46882,1.9485622619408223,51.02813535387008,4.47012401269717,2023,4,14,12025,Mechelen,Normaal,Droog,Dag,met lichtgewonden,9,personenauto,3,Fiets,Op Kruispunt,Gewestweg,binnen bebouwde kom,Tss. 2 best.: langs opzij (voor-/achterkant-flank),Geen hindernis
38901,100,Mechelen teller 2,Mechelen,51.0457,4.46883,1.955194189724245,51.02813535387008,4.47012401269717,2023,4,14,12025,Mechelen,Normaal,Droog,Dag,met lichtgewonden,9,personenauto,3,Fiets,Op Kruispunt,Gewestweg,binnen bebouwde kom,Tss. 2 best.: langs opzij (voor-/achterkant-flank),Geen hindernis
38903,99,Mechelen teller 1,Mechelen,51.04564,4.46882,1.1698394337729787,51.0354721137484,4.4731163079729255,2023,4,16,12025,Mechelen,Normaal,Droog,Dag,met lichtgewonden,3,Fiets,8,Voetganger,Buiten Kruispunt,Gewestweg,binnen bebouwde kom,Met een voetganger,Geen hindernis
38903,100,Mechelen teller 2,Mechelen,51.0457,4.46883,1.1761102948939992,51.0354721137484,4.4731163079729255,2023,4,16,12025,Mechelen,Normaal,Droog,Dag,met lichtgewonden,3,Fiets,8,Voetganger,Buiten Kruispunt,Gewestweg,binnen bebouwde kom,Met een voetganger,Geen hindernis
38906,109,Zemst,Zemst,50.9903936,4.4707023,1.4560192134362546,51.00284094778272,4.464243445434,2023,4,13,12025,Mechelen,Regenval+Hagelbui,"Nat, plassen",Dag,met lichtgewonden,3,Fiets,9,personenauto,Op Kruispunt,Gemeenteweg,buiten bebouwde kom,Tss. 2 best.: langs opzij (voor-/achterkant-flank),Geen hindernis
38907,99,Mechelen teller 1,Mechelen,51.04564,4.46882,2.3089105302374646,51.03092252760916,4.492115012201032,2023,4,18,12025,Mechelen,Normaal,Droog,Dag,met lichtgewonden,9,personenauto,3,Fiets,Op Kruispunt,Gewestweg,binnen bebouwde kom,Tussen 2 bestuurders: Flank tegen flank,Geen hindernis
38907,100,Mechelen teller 2,Mechelen,51.0457,4.46883,2.3131511648868686,51.03092252760916,4.492115012201032,2023,4,18,12025,Mechelen,Normaal,Droog,Dag,met lichtgewonden,9,personenauto,3,Fiets,Op Kruispunt,Gewestweg,binnen bebouwde kom,Tussen 2 bestuurders: Flank tegen flank,Geen hindernis
38911,80,Wemmel teller 1,Wemmel,50.91418,4.29571,2.423868184231931,50.900042036701095,4.322021946307207,2023,3,14,23102,Wemmel,Onbekend,Onbekend,Dag,met lichtgewonden,9,personenauto,3,Fiets,Buiten Kruispunt,Gemeenteweg,binnen bebouwde kom,Tss. 2 best.: langs opzij (voor-/achterkant-flank),Geen hindernis
38911,81,Wemmel teller 2,Wemmel,50.91439,4.29568,2.440666203408968,50.900042036701095,4.322021946307207,2023,3,14,23102,Wemmel,Onbekend,Onbekend,Dag,met lichtgewonden,9,personenauto,3,Fiets,Buiten Kruispunt,Gemeenteweg,binnen bebouwde kom,Tss. 2 best.: langs opzij (voor-/achterkant-flank),Geen hindernis
38929,2,Brasschaat 2,Brasschaat,51.27512,4.47169,1.9862768787545075,51.258100923824436,4.463018524688551,2023,5,14,11002,Antwerpen,Normaal,Droog,Dag,met lichtgewonden,9,personenauto,3,Fiets,Buiten Kruispunt,Gewestweg,buiten bebouwde kom,Tss. 2 best.: langs opzij (voor-/achterkant-flank),Geen hindernis
38929,3,Brasschaat 1,Brasschaat,51.27503,4.47222,1.9883090435802935,51.258100923824436,4.463018524688551,2023,5,14,11002,Antwerpen,Normaal,Droog,Dag,met lichtgewonden,9,personenauto,3,Fiets,Buiten Kruispunt,Gewestweg,buiten bebouwde kom,Tss. 2 best.: langs opzij (voor-/achterkant-flank),Geen hindernis
39001,2,Brasschaat 2,Brasschaat,51.27512,4.47169,1.1363159120972721,51.26655328496977,4.462784645781536,2023,5,7,11002,Antwerpen,Normaal,Droog,Dag,met lichtgewonden,3,Fiets,9,personenauto,Buiten Kruispunt,Gewestweg,binnen bebouwde kom,Tss. 2 best.: langs opzij (voor-/achterkant-flank),Geen hindernis
39001,3,Brasschaat 1,Brasschaat,51.27503,4.47222,1.1486050962063745,51.26655328496977,4.462784645781536,2023,5,7,11002,Antwerpen,Normaal,Droog,Dag,met lichtgewonden,3,Fiets,9,personenauto,Buiten Kruispunt,Gewestweg,binnen bebouwde kom,Tss. 2 best.: langs opzij (voor-/achterkant-flank),Geen hindernis
39003,2,Brasschaat 2,Brasschaat,51.27512,4.47169,2.4883881612185412,51.27951119780795,4.43661126786995,2023,5,13,11002,Antwerpen,Normaal,Droog,Dag,met lichtgewonden,9,personenauto,3,Fiets,Op Kruispunt,Gemeenteweg,buiten bebouwde kom,Tss. 2 best.: langs opzij (voor-/achterkant-flank),Geen hindernis
39065,3,Brasschaat 1,Brasschaat,51.27503,4.47222,1.8538800339425017,51.289973973648095,4.484038433437315,2023,5,7,11008,Brasschaat,Normaal,Droog,Dag,met lichtgewonden,3,Fiets,3,Fiets,Buiten Kruispunt,Gemeenteweg,binnen bebouwde kom,Tss. 2 best.: langs opzij (voor-/achterkant-flank),Geen hindernis
39065,2,Brasschaat 2,Brasschaat,51.27512,4.47169,1.8616306028938856,51.289973973648095,4.484038433437315,2023,5,7,11008,Brasschaat,Normaal,Droog,Dag,met lichtgewonden,3,Fiets,3,Fiets,Buiten Kruispunt,Gemeenteweg,binnen bebouwde kom,Tss. 2 best.: langs opzij (voor-/achterkant-flank),Geen hindernis
39087,8,Heist op den Berg 1,Heist-op-den-Berg,51.06759,4.68823,2.4310470366603636,51.06102252382031,4.655047923121022,2023,5,15,12029,Putte,Normaal,Droog,Dag,met lichtgewonden,9,personenauto,3,Fiets,Op Kruispunt,Gewestweg,buiten bebouwde kom,Tss. 2 best.: langs opzij (voor-/achterkant-flank),Geen hindernis
39089,96,Lier teller 2,Lier,51.11705,4.58444,2.268164505568404,51.126713625469776,4.555820060447811,2023,5,11,12021,Lier,Normaal,Droog,Dag,met lichtgewonden,5,Lichte vrachtauto,3,Fiets,Op Kruispunt,Gewestweg,binnen bebouwde kom,Tss. 2 best.: langs opzij (voor-/achterkant-flank),Geen hindernis
39089,95,Lier teller 1,Lier,51.11687,4.58437,2.273435057234447,51.126713625469776,4.555820060447811,2023,5,11,12021,Lier,Normaal,Droog,Dag,met lichtgewonden,5,Lichte vrachtauto,3,Fiets,Op Kruispunt,Gewestweg,binnen bebouwde kom,Tss. 2 best.: langs opzij (voor-/achterkant-flank),Geen hindernis
39091,96,Lier teller 2,Lier,51.11705,4.58444,2.4902831364711853,51.13801121982491,4.571874088344494,2023,5,8,12021,Lier,Normaal,Droog,Dag,met lichtgewonden,3,Fiets,9,personenauto,Buiten Kruispunt,Gemeenteweg,binnen bebouwde kom,Tss. 2 best.: langs opzij (voor-/achterkant-flank),Geen hindernis
39095,8,Heist op den Berg 1,Heist-op-den-Berg,51.06759,4.68823,2.2559301461054098,51.08427947922821,4.669869899460405,2023,5,12,12002,Berlaar,Normaal,Droog,Dag,met zwaargewonden,3,Fiets,10,"één bestuurder, geen hindernis",Op Kruispunt,Gemeenteweg,binnen bebouwde kom,"Eén bestuurder, geen hindernis (incl. val)",Geen hindernis
39095,9,Heist op den Berg 2,Heist-op-den-Berg,51.06904,4.69524,2.4521198197896195,51.08427947922821,4.669869899460405,2023,5,12,12002,Berlaar,Normaal,Droog,Dag,met zwaargewonden,3,Fiets,10,"één bestuurder, geen hindernis",Op Kruispunt,Gemeenteweg,binnen bebouwde kom,"Eén bestuurder, geen hindernis (incl. val)",Geen hindernis
39097,92,Nijlen teller 1,Nijlen,51.14989,4.64479,1.1726840837164214,51.14129338879975,4.63505201571795,2023,5,15,12026,Nijlen,Normaal,Droog,Dag,met lichtgewonden,3,Fiets,3,Fiets,Buiten Kruispunt,Gemeenteweg,binnen bebouwde kom,Tussen 2 bestuurders: Flank tegen flank,Geen hindernis
39097,93,Nijlen teller 2,Nijlen,51.14998,4.64469,1.176856450688835,51.14129338879975,4.63505201571795,2023,5,15,12026,Nijlen,Normaal,Droog,Dag,met lichtgewonden,3,Fiets,3,Fiets,Buiten Kruispunt,Gemeenteweg,binnen bebouwde kom,Tussen 2 bestuurders: Flank tegen flank,Geen hindernis
39099,92,Nijlen teller 1,Nijlen,51.14989,4.64479,1.2050643898641868,51.142559608237065,4.6320660988937785,2023,5,11,12026,Nijlen,Normaal,Droog,Dag,met lichtgewonden,9,personenauto,3,Fiets,Op Kruispunt,Gemeenteweg,binnen bebouwde kom,Tss. 2 best.: langs opzij (voor-/achterkant-flank),Geen hindernis
39099,93,Nijlen teller 2,Nijlen,51.14998,4.64469,1.206755574265838,51.142559608237065,4.6320660988937785,2023,5,11,12026,Nijlen,Normaal,Droog,Dag,met lichtgewonden,9,personenauto,3,Fiets,Op Kruispunt,Gemeenteweg,binnen bebouwde kom,Tss. 2 best.: langs opzij (voor-/achterkant-flank),Geen hindernis
39105,8,Heist op den Berg 1,Heist-op-den-Berg,51.06759,4.68823,2.0987491262826032,51.08359739401411,4.672313081098102,2023,4,9,12014,Heist-op-den-Berg,Onbekend,Onbekend,Dag,met lichtgewonden,3,Fiets,9,personenauto,Op Kruispunt,Gemeenteweg,binnen bebouwde kom,Tss. 2 best.: langs opzij (voor-/achterkant-flank),Geen hindernis
39105,9,Heist op den Berg 2,Heist-op-den-Berg,51.06904,4.69524,2.277219765204344,51.08359739401411,4.672313081098102,2023,4,9,12014,Heist-op-den-Berg,Onbekend,Onbekend,Dag,met lichtgewonden,3,Fiets,9,personenauto,Op Kruispunt,Gemeenteweg,binnen bebouwde kom,Tss. 2 best.: langs opzij (voor-/achterkant-flank),Geen hindernis
39108,133,Gierde Lille Totem,Lille,51.2453915,4.8297416,2.0410450810440457,51.22773099625303,4.8217504406262295,2023,5,10,13019,Lille,Normaal,Droog,Dag,met lichtgewonden,9,personenauto,3,Fiets,Op Kruispunt,Gemeenteweg,binnen bebouwde kom,Tss. 2 best.: langs opzij (voor-/achterkant-flank),Geen hindernis
39108,132,Gierde lille,Lille,51.245445,4.8298851,2.0495074053483378,51.22773099625303,4.8217504406262295,2023,5,10,13019,Lille,Normaal,Droog,Dag,met lichtgewonden,9,personenauto,3,Fiets,Op Kruispunt,Gemeenteweg,binnen bebouwde kom,Tss. 2 best.: langs opzij (voor-/achterkant-flank),Geen hindernis
39124,97,Geel teller 1,Geel,51.14813,4.99698,1.47506305031982,51.161395204702906,4.997134948206708,2023,5,17,13008,Geel,Normaal,Droog,Dag,met lichtgewonden,6,Bromfiets,3,Fiets,Buiten Kruispunt,Gemeenteweg,binnen bebouwde kom,Tussen 2 bestuurders: Frontale botsing,Geen hindernis
39124,98,Geel teller 2,Geel,51.1481,4.99643,1.4791766331726683,51.161395204702906,4.997134948206708,2023,5,17,13008,Geel,Normaal,Droog,Dag,met lichtgewonden,6,Bromfiets,3,Fiets,Buiten Kruispunt,Gemeenteweg,binnen bebouwde kom,Tussen 2 bestuurders: Frontale botsing,Geen hindernis
39127,98,Geel teller 2,Geel,51.1481,4.99643,1.5875488502205521,51.161951946176735,4.990915958060398,2023,4,9,13008,Geel,Normaal,Droog,Dag,met zwaargewonden,3,Fiets,11,een weggebruiker tegen een hindernis,Buiten Kruispunt,Gemeenteweg,binnen bebouwde kom,Weggebruiker tegen hindernis op de rijbaan,"Op de rijbaan: Werken (signal., aarde, toestel,…)"
39127,97,Geel teller 1,Geel,51.14813,4.99698,1.5940578912489847,51.161951946176735,4.990915958060398,2023,4,9,13008,Geel,Normaal,Droog,Dag,met zwaargewonden,3,Fiets,11,een weggebruiker tegen een hindernis,Buiten Kruispunt,Gemeenteweg,binnen bebouwde kom,Weggebruiker tegen hindernis op de rijbaan,"Op de rijbaan: Werken (signal., aarde, toestel,…)"
39128,112,Geel teller 2,Westerlo,51.1354992,4.9394789,1.4603843956012383,51.14493421074011,4.954040569872054,2023,5,9,13008,Geel,Normaal,Droog,Dag,met lichtgewonden,9,personenauto,3,Fiets,Buiten Kruispunt,Gewestweg,buiten bebouwde kom,Tss. 2 best.: langs opzij (voor-/achterkant-flank),Geen hindernis
39128,127,Geel totem,Westerlo,51.1342966,4.9400421,1.5339243524467536,51.14493421074011,4.954040569872054,2023,5,9,13008,Geel,Normaal,Droog,Dag,met lichtgewonden,9,personenauto,3,Fiets,Buiten Kruispunt,Gewestweg,buiten bebouwde kom,Tss. 2 best.: langs opzij (voor-/achterkant-flank),Geen hindernis
39131,112,Geel teller 2,Westerlo,51.1354992,4.9394789,1.0693121742847482,51.144630608665366,4.934672098804406,2023,5,11,13008,Geel,Normaal,Droog,Dag,met lichtgewonden,7,Motorfiets,3,Fiets,Op Kruispunt,Gewestweg,buiten bebouwde kom,Tss. 2 best.: langs opzij (voor-/achterkant-flank),Geen hindernis
39131,127,Geel totem,Westerlo,51.1342966,4.9400421,1.2086218649666596,51.144630608665366,4.934672098804406,2023,5,11,13008,Geel,Normaal,Droog,Dag,met lichtgewonden,7,Motorfiets,3,Fiets,Op Kruispunt,Gewestweg,buiten bebouwde kom,Tss. 2 best.: langs opzij (voor-/achterkant-flank),Geen hindernis
39132,112,Geel teller 2,Westerlo,51.1354992,4.9394789,1.5439284142912595,51.1453369624646,4.955096000939271,2023,5,11,13008,Geel,Normaal,Droog,Dag,met lichtgewonden,9,personenauto,3,Fiets,Buiten Kruispunt,Gewestweg,buiten bebouwde kom,Tussen 2 bestuurders: Langs achteren,Geen hindernis
39132,127,Geel totem,Westerlo,51.1342966,4.9400421,1.6155840576046703,51.1453369624646,4.955096000939271,2023,5,11,13008,Geel,Normaal,Droog,Dag,met lichtgewonden,9,personenauto,3,Fiets,Buiten Kruispunt,Gewestweg,buiten bebouwde kom,Tussen 2 bestuurders: Langs achteren,Geen hindernis
39133,98,Geel teller 2,Geel,51.1481,4.99643,1.9534436073632504,51.165131027599415,4.989559322071352,2023,5,15,13008,Geel,Normaal,Droog,Dag,met lichtgewonden,9,personenauto,3,Fiets,Op Kruispunt,Gewestweg,binnen bebouwde kom,Tss. 2 best.: langs opzij (voor-/achterkant-flank),Geen hindernis
39133,97,Geel teller 1,Geel,51.14813,4.99698,1.9599869188291783,51.165131027599415,4.989559322071352,2023,5,15,13008,Geel,Normaal,Droog,Dag,met lichtgewonden,9,personenauto,3,Fiets,Op Kruispunt,Gewestweg,binnen bebouwde kom,Tss. 2 best.: langs opzij (voor-/achterkant-flank),Geen hindernis