crash_row_id,site_id,site_name,site_gemeente,site_lat,site_long,distance_km,crash_lat,crash_long,DT_YEAR_COLLISION,DT_MONTH_COLLISION,DT_TIME,CD_NIS,TX_MUNTY_COLLISION_NL,TX_WEATHER_NL,TX_ROAD_CONDITION_NL,TX_LIGHT_CONDITION_NL,TX_CLASS_ACCIDENTS_NL,CD_ROAD_USR_TYPE1,TX_ROAD_USR_TYPE1_NL,CD_ROAD_USR_TYPE2,TX_ROAD_USR_TYPE2_NL,TX_CROSSWAY_NL,CD_ROAD_TYPE_NL,TX_BUILD_UP_AREA_NL,TX_COLLISION_TYPE_NL,TX_OBSTACLES_NL
39134,98,Geel teller 2,Geel,51.1481,4.99643,2.025927712722586,51.150053862478764,4.967552833913274,2023,5,10,13008,Geel,Normaal,Droog,Dag,met zwaargewonden,3,Fiets,99,onbekend,Buiten Kruispunt,Gewestweg,buiten bebouwde kom,Tussen 2 bestuurders: Frontale botsing,Geen hindernis
39134,97,Geel teller 1,Geel,51.14813,4.99698,2.0637251424048895,51.150053862478764,4.967552833913274,2023,5,10,13008,Geel,Normaal,Droog,Dag,met zwaargewonden,3,Fiets,99,onbekend,Buiten Kruispunt,Gewestweg,buiten bebouwde kom,Tussen 2 bestuurders: Frontale botsing,Geen hindernis
39137,134,Retie,Dessel,51.2548405,5.1037658,1.4343761844292495,51.260754904370515,5.0854475210775,2023,5,16,13036,Retie,Normaal,Droog,Dag,met lichtgewonden,3,Fiets,8,Voetganger,Buiten Kruispunt,Gemeenteweg,binnen bebouwde kom,Met een voetganger,Geen hindernis
39137,135,Retie 2,Dessel,51.2544998,5.1040064,1.4668595847488803,51.260754904370515,5.0854475210775,2023,5,16,13036,Retie,Normaal,Droog,Dag,met lichtgewonden,3,Fiets,8,Voetganger,Buiten Kruispunt,Gemeenteweg,binnen bebouwde kom,Met een voetganger,Geen hindernis
39141,135,Retie 2,Dessel,51.2544998,5.1040064,2.0293379788847785,51.237629778131954,5.1151288395026455,2023,5,12,13006,Dessel,Normaal,Droog,Dag,met lichtgewonden,3,Fiets,9,personenauto,Buiten Kruispunt,Gemeenteweg,binnen bebouwde kom,Tussen 2 bestuurders: Langs achteren,Geen hindernis
39141,134,Retie,Dessel,51.2548405,5.1037658,2.0707450109920056,51.237629778131954,5.1151288395026455,2023,5,12,13006,Dessel,Normaal,Droog,Dag,met lichtgewonden,3,Fiets,9,personenauto,Buiten Kruispunt,Gemeenteweg,binnen bebouwde kom,Tussen 2 bestuurders: Langs achteren,Geen hindernis
39148,94,Herentals teller 2,Herentals,51.17345,4.81283,2.2185909481113297,51.18878303485903,4.833196240392259,2023,5,10,13011,Herentals,Onbekend,Onbekend,Dag,met lichtgewonden,3,Fiets,6,Bromfiets,Buiten Kruispunt,Gewestweg,buiten bebouwde kom,Tussen 2 bestuurders: Frontale botsing,Geen hindernis
39148,110,Herentals totem,Herentals,51.1739426,4.811783,2.2250564784019202,51.18878303485903,4.833196240392259,2023,5,10,13011,Herentals,Onbekend,Onbekend,Dag,met lichtgewonden,3,Fiets,6,Bromfiets,Buiten Kruispunt,Gewestweg,buiten bebouwde kom,Tussen 2 bestuurders: Frontale botsing,Geen hindernis
39150,94,Herentals teller 2,Herentals,51.17345,4.81283,1.3750421764697287,51.162494909587075,4.8219782413015295,2023,5,8,13011,Herentals,Normaal,"Nat, plassen",Dag,met lichtgewonden,9,personenauto,3,Fiets,Op Kruispunt,Gemeenteweg,buiten bebouwde kom,Tss. 2 best.: langs opzij (voor-/achterkant-flank),Geen hindernis
39150,110,Herentals totem,Herentals,51.1739426,4.811783,1.4579571368396624,51.162494909587075,4.8219782413015295,2023,5,8,13011,Herentals,Normaal,"Nat, plassen",Dag,met lichtgewonden,9,personenauto,3,Fiets,Op Kruispunt,Gemeenteweg,buiten bebouwde kom,Tss. 2 best.: langs opzij (voor-/achterkant-flank),Geen hindernis
39151,94,Herentals teller 2,Herentals,51.17345,4.81283,1.5548312714878814,51.180454848634454,4.832133727562937,2023,5,18,13011,Herentals,Normaal,Droog,Dag,met lichtgewonden,7,Motorfiets,3,Fiets,Buiten Kruispunt,Gemeenteweg,binnen bebouwde kom,Tss. 2 best.: langs opzij (voor-/achterkant-flank),Geen hindernis
39151,110,Herentals totem,Herentals,51.1739426,4.811783,1.5927673850790172,51.180454848634454,4.832133727562937,2023,5,18,13011,Herentals,Normaal,Droog,Dag,met lichtgewonden,7,Motorfiets,3,Fiets,Buiten Kruispunt,Gemeenteweg,binnen bebouwde kom,Tss. 2 best.: langs opzij (voor-/achterkant-flank),Geen hindernis
39157,38,Lommel teller 2,Lommel,51.23277,5.29189,1.1944887355755907,51.230962321031534,5.274979091971904,2023,5,17,72020,Lommel,Normaal,Droog,Dag,met lichtgewonden,9,personenauto,3,Fiets,Op Kruispunt,Gewestweg,binnen bebouwde kom,Tss. 2 best.: langs opzij (voor-/achterkant-flank),Geen hindernis
39157,37,Lommel teller 1,Lommel,51.23299,5.29211,1.2138930222129212,51.230962321031534,5.274979091971904,2023,5,17,72020,Lommel,Normaal,Droog,Dag,met lichtgewonden,9,personenauto,3,Fiets,Op Kruispunt,Gewestweg,binnen bebouwde kom,Tss. 2 best.: langs opzij (voor-/achterkant-flank),Geen hindernis
39158,37,Lommel teller 1,Lommel,51.23299,5.29211,1.1567012253179796,51.23428216195717,5.308594805198342,2023,5,16,72020,Lommel,Normaal,Droog,Dag,met lichtgewonden,9,personenauto,3,Fiets,Op Kruispunt,Gewestweg,binnen bebouwde kom,Tss. 2 best.: langs opzij (voor-/achterkant-flank),Geen hindernis
39158,38,Lommel teller 2,Lommel,51.23277,5.29189,1.175154340334884,51.23428216195717,5.308594805198342,2023,5,16,72020,Lommel,Normaal,Droog,Dag,met lichtgewonden,9,personenauto,3,Fiets,Op Kruispunt,Gewestweg,binnen bebouwde kom,Tss. 2 best.: langs opzij (voor-/achterkant-flank),Geen hindernis
39159,38,Lommel teller 2,Lommel,51.23277,5.29189,2.1264999508499156,51.21705669227603,5.274484333823431,2023,5,13,72020,Lommel,Normaal,Droog,Dag,met lichtgewonden,5,Lichte vrachtauto,3,Fiets,Op Kruispunt,Gemeenteweg,buiten bebouwde kom,Tss. 2 best.: langs opzij (voor-/achterkant-flank),Geen hindernis
39159,37,Lommel teller 1,Lommel,51.23299,5.29211,2.1553310587139967,51.21705669227603,5.274484333823431,2023,5,13,72020,Lommel,Normaal,Droog,Dag,met lichtgewonden,5,Lichte vrachtauto,3,Fiets,Op Kruispunt,Gemeenteweg,buiten bebouwde kom,Tss. 2 best.: langs opzij (voor-/achterkant-flank),Geen hindernis
39161,46,Pelt teller 2,Pelt,51.231,5.44375,0.43635303851267127,51.227075988936555,5.443685776330382,2023,5,12,72043,Pelt,Onbekend,Onbekend,Dag,met lichtgewonden,3,Fiets,9,personenauto,Op Kruispunt,Gemeenteweg,onbekend,Tussen 2 bestuurders: Flank tegen flank,Geen hindernis
39161,45,Pelt teller 1,Pelt,51.23127,5.44377,0.4663896258692053,51.227075988936555,5.443685776330382,2023,5,12,72043,Pelt,Onbekend,Onbekend,Dag,met lichtgewonden,3,Fiets,9,personenauto,Op Kruispunt,Gemeenteweg,onbekend,Tussen 2 bestuurders: Flank tegen flank,Geen hindernis
39163,46,Pelt teller 2,Pelt,51.231,5.44375,1.432489525496792,51.21899009177575,5.4363073070629016,2023,5,10,72043,Pelt,Normaal,Droog,Dag,met lichtgewonden,5,Lichte vrachtauto,3,Fiets,Buiten Kruispunt,Gewestweg,binnen bebouwde kom,Tussen 2 bestuurders: Flank tegen flank,Geen hindernis
39163,45,Pelt teller 1,Pelt,51.23127,5.44377,1.4610128475686464,51.21899009177575,5.4363073070629016,2023,5,10,72043,Pelt,Normaal,Droog,Dag,met lichtgewonden,5,Lichte vrachtauto,3,Fiets,Buiten Kruispunt,Gewestweg,binnen bebouwde kom,Tussen 2 bestuurders: Flank tegen flank,Geen hindernis
39167,45,Pelt teller 1,Pelt,51.23127,5.44377,1.7735486053234608,51.23858076937443,5.4664103303108735,2023,5,14,72043,Pelt,Normaal,Droog,Dag,met zwaargewonden,3,Fiets,9,personenauto,Buiten Kruispunt,Gewestweg,buiten bebouwde kom,Tussen 2 bestuurders: Frontale botsing,Geen hindernis
39167,46,Pelt teller 2,Pelt,51.231,5.44375,1.7887409899274505,51.23858076937443,5.4664103303108735,2023,5,14,72043,Pelt,Normaal,Droog,Dag,met zwaargewonden,3,Fiets,9,personenauto,Buiten Kruispunt,Gewestweg,buiten bebouwde kom,Tussen 2 bestuurders: Frontale botsing,Geen hindernis
39201,21,Bilzen,Bilzen,50.86015,5.50161,1.5819164944772148,50.87154419989228,5.5151071490238195,2023,5,10,73006,Bilzen,Normaal,Droog,Dag,met lichtgewonden,9,personenauto,3,Fiets,Buiten Kruispunt,Gewestweg,binnen bebouwde kom,Tussen 2 bestuurders: Flank tegen flank,Geen hindernis
39206,77,Leuven teller 2,Leuven,50.88672,4.70796,0.9195269363462257,50.879332863069344,4.7020687206931475,2023,5,13,24062,Leuven,Normaal,Droog,Dag,met lichtgewonden,6,Bromfiets,3,Fiets,Op Kruispunt,Gemeenteweg,binnen bebouwde kom,Tussen 2 bestuurders: Frontale botsing,Geen hindernis
39206,107,leuven totem,Leuven,50.8870744,4.7087919,0.9815634644452432,50.879332863069344,4.7020687206931475,2023,5,13,24062,Leuven,Normaal,Droog,Dag,met lichtgewonden,6,Bromfiets,3,Fiets,Op Kruispunt,Gemeenteweg,binnen bebouwde kom,Tussen 2 bestuurders: Frontale botsing,Geen hindernis
39206,69,Leuven teller 1,Leuven,50.87549,4.71526,1.0194065349071897,50.879332863069344,4.7020687206931475,2023,5,13,24062,Leuven,Normaal,Droog,Dag,met lichtgewonden,6,Bromfiets,3,Fiets,Op Kruispunt,Gemeenteweg,binnen bebouwde kom,Tussen 2 bestuurders: Frontale botsing,Geen hindernis
39206,151,Leuven,District Leuven,50.8690262,4.6854839,1.6332896825176975,50.879332863069344,4.7020687206931475,2023,5,13,24062,Leuven,Normaal,Droog,Dag,met lichtgewonden,6,Bromfiets,3,Fiets,Op Kruispunt,Gemeenteweg,binnen bebouwde kom,Tussen 2 bestuurders: Frontale botsing,Geen hindernis
39207,151,Leuven,District Leuven,50.8690262,4.6854839,1.6297468587475297,50.88043449171217,4.6709018103382345,2023,5,12,24062,Leuven,Normaal,Droog,Dag,met lichtgewonden,3,Fiets,3,Fiets,Buiten Kruispunt,Gemeenteweg,binnen bebouwde kom,Tss. 2 best.: langs opzij (voor-/achterkant-flank),Geen hindernis
39207,73,Herent teller 2,Herent,50.89128,4.64685,2.073897764551233,50.88043449171217,4.6709018103382345,2023,5,12,24062,Leuven,Normaal,Droog,Dag,met lichtgewonden,3,Fiets,3,Fiets,Buiten Kruispunt,Gemeenteweg,binnen bebouwde kom,Tss. 2 best.: langs opzij (voor-/achterkant-flank),Geen hindernis
39207,72,Herent teller 1,Herent,50.89135,4.64689,2.0761553868197193,50.88043449171217,4.6709018103382345,2023,5,12,24062,Leuven,Normaal,Droog,Dag,met lichtgewonden,3,Fiets,3,Fiets,Buiten Kruispunt,Gemeenteweg,binnen bebouwde kom,Tss. 2 best.: langs opzij (voor-/achterkant-flank),Geen hindernis
39209,107,leuven totem,Leuven,50.8870744,4.7087919,1.91474527020618,50.888969582822924,4.735922650830921,2023,5,8,24062,Leuven,Regenval,"Nat, plassen",Dag,met lichtgewonden,3,Fiets,9,personenauto,Buiten Kruispunt,Gemeenteweg,buiten bebouwde kom,Tussen 2 bestuurders: Langs achteren,Geen hindernis
39209,77,Leuven teller 2,Leuven,50.88672,4.70796,1.9773609205870994,50.888969582822924,4.735922650830921,2023,5,8,24062,Leuven,Regenval,"Nat, plassen",Dag,met lichtgewonden,3,Fiets,9,personenauto,Buiten Kruispunt,Gemeenteweg,buiten bebouwde kom,Tussen 2 bestuurders: Langs achteren,Geen hindernis
39209,69,Leuven teller 1,Leuven,50.87549,4.71526,2.0851555556766566,50.888969582822924,4.735922650830921,2023,5,8,24062,Leuven,Regenval,"Nat, plassen",Dag,met lichtgewonden,3,Fiets,9,personenauto,Buiten Kruispunt,Gemeenteweg,buiten bebouwde kom,Tussen 2 bestuurders: Langs achteren,Geen hindernis
39210,77,Leuven teller 2,Leuven,50.88672,4.70796,0.9106713816215545,50.879199538819556,4.702819901205191,2023,4,17,24062,Leuven,Onbekend,Onbekend,Onbekend,met lichtgewonden,3,Fiets,6,Bromfiets,Buiten Kruispunt,Gemeenteweg,binnen bebouwde kom,Tussen 2 bestuurders: Flank tegen flank,Geen hindernis
39210,69,Leuven teller 1,Leuven,50.87549,4.71526,0.9653814507894736,50.879199538819556,4.702819901205191,2023,4,17,24062,Leuven,Onbekend,Onbekend,Onbekend,met lichtgewonden,3,Fiets,6,Bromfiets,Buiten Kruispunt,Gemeenteweg,binnen bebouwde kom,Tussen 2 bestuurders: Flank tegen flank,Geen hindernis
39210,107,leuven totem,Leuven,50.8870744,4.7087919,0.9707097155306048,50.879199538819556,4.702819901205191,2023,4,17,24062,Leuven,Onbekend,Onbekend,Onbekend,met lichtgewonden,3,Fiets,6,Bromfiets,Buiten Kruispunt,Gemeenteweg,binnen bebouwde kom,Tussen 2 bestuurders: Flank tegen flank,Geen hindernis
39210,151,Leuven,District Leuven,50.8690262,4.6854839,1.6611231080695497,50.879199538819556,4.702819901205191,2023,4,17,24062,Leuven,Onbekend,Onbekend,Onbekend,met lichtgewonden,3,Fiets,6,Bromfiets,Buiten Kruispunt,Gemeenteweg,binnen bebouwde kom,Tussen 2 bestuurders: Flank tegen flank,Geen hindernis
39211,107,leuven totem,Leuven,50.8870744,4.7087919,1.8528967318412695,50.90122842219843,4.722734054429832,2023,5,8,24062,Leuven,Regenval,"Nat, plassen",Dag,met lichtgewonden,3,Fiets,9,personenauto,Buiten Kruispunt,Gemeenteweg,binnen bebouwde kom,Tussen 2 bestuurders: Langs achteren,Geen hindernis
39211,77,Leuven teller 2,Leuven,50.88672,4.70796,1.917379663466829,50.90122842219843,4.722734054429832,2023,5,8,24062,Leuven,Regenval,"Nat, plassen",Dag,met lichtgewonden,3,Fiets,9,personenauto,Buiten Kruispunt,Gemeenteweg,binnen bebouwde kom,Tussen 2 bestuurders: Langs achteren,Geen hindernis
39212,151,Leuven,District Leuven,50.8690262,4.6854839,1.2850789108870435,50.862999665057515,4.701108558970234,2023,5,18,24062,Leuven,Normaal,Droog,Dag,met lichtgewonden,3,Fiets,10,"één bestuurder, geen hindernis",Buiten Kruispunt,Gemeenteweg,binnen bebouwde kom,"Eén bestuurder, geen hindernis (incl. val)",Geen hindernis
39212,69,Leuven teller 1,Leuven,50.87549,4.71526,1.707372004793598,50.862999665057515,4.701108558970234,2023,5,18,24062,Leuven,Normaal,Droog,Dag,met lichtgewonden,3,Fiets,10,"één bestuurder, geen hindernis",Buiten Kruispunt,Gemeenteweg,binnen bebouwde kom,"Eén bestuurder, geen hindernis (incl. val)",Geen hindernis
39212,108,Heverlee teller 1,Leuven,50.8471728,4.6954674,1.8038669112153458,50.862999665057515,4.701108558970234,2023,5,18,24062,Leuven,Normaal,Droog,Dag,met lichtgewonden,3,Fiets,10,"één bestuurder, geen hindernis",Buiten Kruispunt,Gemeenteweg,binnen bebouwde kom,"Eén bestuurder, geen hindernis (incl. val)",Geen hindernis
39212,76,Heverlee teller 2,Leuven,50.84606,4.69597,1.917831492212317,50.862999665057515,4.701108558970234,2023,5,18,24062,Leuven,Normaal,Droog,Dag,met lichtgewonden,3,Fiets,10,"één bestuurder, geen hindernis",Buiten Kruispunt,Gemeenteweg,binnen bebouwde kom,"Eén bestuurder, geen hindernis (incl. val)",Geen hindernis
39213,108,Heverlee teller 1,Leuven,50.8471728,4.6954674,1.205477132995202,50.85694435782567,4.702904720547826,2023,5,7,24062,Leuven,Normaal,Droog,Dag,met lichtgewonden,3,Fiets,6,Bromfiets,Buiten Kruispunt,Gemeenteweg,binnen bebouwde kom,Tss. 2 best.: langs opzij (voor-/achterkant-flank),Geen hindernis
39213,76,Heverlee teller 2,Leuven,50.84606,4.69597,1.3045261075711823,50.85694435782567,4.702904720547826,2023,5,7,24062,Leuven,Normaal,Droog,Dag,met lichtgewonden,3,Fiets,6,Bromfiets,Buiten Kruispunt,Gemeenteweg,binnen bebouwde kom,Tss. 2 best.: langs opzij (voor-/achterkant-flank),Geen hindernis
39213,151,Leuven,District Leuven,50.8690262,4.6854839,1.8165133585900075,50.85694435782567,4.702904720547826,2023,5,7,24062,Leuven,Normaal,Droog,Dag,met lichtgewonden,3,Fiets,6,Bromfiets,Buiten Kruispunt,Gemeenteweg,binnen bebouwde kom,Tss. 2 best.: langs opzij (voor-/achterkant-flank),Geen hindernis
39213,69,Leuven teller 1,Leuven,50.87549,4.71526,2.237055563012319,50.85694435782567,4.702904720547826,2023,5,7,24062,Leuven,Normaal,Droog,Dag,met lichtgewonden,3,Fiets,6,Bromfiets,Buiten Kruispunt,Gemeenteweg,binnen bebouwde kom,Tss. 2 best.: langs opzij (voor-/achterkant-flank),Geen hindernis
39215,151,Leuven,District Leuven,50.8690262,4.6854839,0.791114646279611,50.869090004887816,4.696756974546756,2023,5,11,24062,Leuven,Normaal,Droog,Dag,met lichtgewonden,99,onbekend,3,Fiets,Buiten Kruispunt,Gewestweg,binnen bebouwde kom,Tussen 2 bestuurders: Frontale botsing,Geen hindernis
39215,69,Leuven teller 1,Leuven,50.87549,4.71526,1.480593630156836,50.869090004887816,4.696756974546756,2023,5,11,24062,Leuven,Normaal,Droog,Dag,met lichtgewonden,99,onbekend,3,Fiets,Buiten Kruispunt,Gewestweg,binnen bebouwde kom,Tussen 2 bestuurders: Frontale botsing,Geen hindernis
39215,77,Leuven teller 2,Leuven,50.88672,4.70796,2.112074596979658,50.869090004887816,4.696756974546756,2023,5,11,24062,Leuven,Normaal,Droog,Dag,met lichtgewonden,99,onbekend,3,Fiets,Buiten Kruispunt,Gewestweg,binnen bebouwde kom,Tussen 2 bestuurders: Frontale botsing,Geen hindernis
39215,107,leuven totem,Leuven,50.8870744,4.7087919,2.170731381715709,50.869090004887816,4.696756974546756,2023,5,11,24062,Leuven,Normaal,Droog,Dag,met lichtgewonden,99,onbekend,3,Fiets,Buiten Kruispunt,Gewestweg,binnen bebouwde kom,Tussen 2 bestuurders: Frontale botsing,Geen hindernis
39215,108,Heverlee teller 1,Leuven,50.8471728,4.6954674,2.438762363036941,50.869090004887816,4.696756974546756,2023,5,11,24062,Leuven,Normaal,Droog,Dag,met lichtgewonden,99,onbekend,3,Fiets,Buiten Kruispunt,Gewestweg,binnen bebouwde kom,Tussen 2 bestuurders: Frontale botsing,Geen hindernis
39216,69,Leuven teller 1,Leuven,50.87549,4.71526,0.2104097074936522,50.87366488701618,4.714468249917917,2023,5,11,24062,Leuven,Normaal,Droog,Dag,met lichtgewonden,3,Fiets,4,Vrachtwagen,Op Kruispunt,Gewestweg,binnen bebouwde kom,Tss. 2 best.: langs opzij (voor-/achterkant-flank),Geen hindernis
39216,77,Leuven teller 2,Leuven,50.88672,4.70796,1.5217789100594752,50.87366488701618,4.714468249917917,2023,5,11,24062,Leuven,Normaal,Droog,Dag,met lichtgewonden,3,Fiets,4,Vrachtwagen,Op Kruispunt,Gewestweg,binnen bebouwde kom,Tss. 2 best.: langs opzij (voor-/achterkant-flank),Geen hindernis
39216,107,leuven totem,Leuven,50.8870744,4.7087919,1.5433350738427034,50.87366488701618,4.714468249917917,2023,5,11,24062,Leuven,Normaal,Droog,Dag,met lichtgewonden,3,Fiets,4,Vrachtwagen,Op Kruispunt,Gewestweg,binnen bebouwde kom,Tss. 2 best.: langs opzij (voor-/achterkant-flank),Geen hindernis
39216,151,Leuven,District Leuven,50.8690262,4.6854839,2.0982491052950127,50.87366488701618,4.714468249917917,2023,5,11,24062,Leuven,Normaal,Droog,Dag,met lichtgewonden,3,Fiets,4,Vrachtwagen,Op Kruispunt,Gewestweg,binnen bebouwde kom,Tss. 2 best.: langs opzij (voor-/achterkant-flank),Geen hindernis
39217,76,Heverlee teller 2,Leuven,50.84606,4.69597,2.347701892285574,50.84984183056432,4.7288692226445255,2023,5,8,24062,Leuven,Normaal,Droog,Dag,met lichtgewonden,2,Andere weggebruiker,3,Fiets,Buiten Kruispunt,Gemeenteweg,buiten bebouwde kom,Tussen 2 bestuurders: Flank tegen flank,Geen hindernis
39217,108,Heverlee teller 1,Leuven,50.8471728,4.6954674,2.363696617621283,50.84984183056432,4.7288692226445255,2023,5,8,24062,Leuven,Normaal,Droog,Dag,met lichtgewonden,2,Andere weggebruiker,3,Fiets,Buiten Kruispunt,Gemeenteweg,buiten bebouwde kom,Tussen 2 bestuurders: Flank tegen flank,Geen hindernis
39218,107,leuven totem,Leuven,50.8870744,4.7087919,0.7530610526803859,50.88600900286755,4.719393515933998,2023,5,14,24062,Leuven,Regenval,"Nat, plassen",Dag,met lichtgewonden,9,personenauto,3,Fiets,Buiten Kruispunt,Gemeenteweg,binnen bebouwde kom,Tss. 2 best.: langs opzij (voor-/achterkant-flank),Geen hindernis
39218,77,Leuven teller 2,Leuven,50.88672,4.70796,0.8059309196993114,50.88600900286755,4.719393515933998,2023,5,14,24062,Leuven,Regenval,"Nat, plassen",Dag,met lichtgewonden,9,personenauto,3,Fiets,Buiten Kruispunt,Gemeenteweg,binnen bebouwde kom,Tss. 2 best.: langs opzij (voor-/achterkant-flank),Geen hindernis
39218,69,Leuven teller 1,Leuven,50.87549,4.71526,1.20507299927674,50.88600900286755,4.719393515933998,2023,5,14,24062,Leuven,Regenval,"Nat, plassen",Dag,met lichtgewonden,9,personenauto,3,Fiets,Buiten Kruispunt,Gemeenteweg,binnen bebouwde kom,Tss. 2 best.: langs opzij (voor-/achterkant-flank),Geen hindernis
39219,77,Leuven teller 2,Leuven,50.88672,4.70796,0.8956096337720437,50.8800222323313,4.7008691272575245,2023,5,0,24062,Leuven,Normaal,Droog,"Nacht, openbare verlichting aanwezig en ontstoken",met lichtgewonden,6,Bromfiets,3,Fiets,Buiten Kruispunt,Gemeenteweg,binnen bebouwde kom,Tussen 2 bestuurders: Frontale botsing,Geen hindernis
39219,107,leuven totem,Leuven,50.8870744,4.7087919,0.9611625028612732,50.8800222323313,4.7008691272575245,2023,5,0,24062,Leuven,Normaal,Droog,"Nacht, openbare verlichting aanwezig en ontstoken",met lichtgewonden,6,Bromfiets,3,Fiets,Buiten Kruispunt,Gemeenteweg,binnen bebouwde kom,Tussen 2 bestuurders: Frontale botsing,Geen hindernis
39219,69,Leuven teller 1,Leuven,50.87549,4.71526,1.1284678104565622,50.8800222323313,4.7008691272575245,2023,5,0,24062,Leuven,Normaal,Droog,"Nacht, openbare verlichting aanwezig en ontstoken",met lichtgewonden,6,Bromfiets,3,Fiets,Buiten Kruispunt,Gemeenteweg,binnen bebouwde kom,Tussen 2 bestuurders: Frontale botsing,Geen hindernis
39219,151,Leuven,District Leuven,50.8690262,4.6854839,1.6310659410870427,50.8800222323313,4.7008691272575245,2023,5,0,24062,Leuven,Normaal,Droog,"Nacht, openbare verlichting aanwezig en ontstoken",met lichtgewonden,6,Bromfiets,3,Fiets,Buiten Kruispunt,Gemeenteweg,binnen bebouwde kom,Tussen 2 bestuurders: Frontale botsing,Geen hindernis
39220,77,Leuven teller 2,Leuven,50.88672,4.70796,0.5503303820296137,50.882029123922855,4.70545847283925,2023,5,16,24062,Leuven,Normaal,Droog,Dag,met lichtgewonden,3,Fiets,8,Voetganger,Buiten Kruispunt,Gemeenteweg,binnen bebouwde kom,Met een voetganger,Geen hindernis
39220,107,leuven totem,Leuven,50.8870744,4.7087919,0.6077945478272848,50.882029123922855,4.70545847283925,2023,5,16,24062,Leuven,Normaal,Droog,Dag,met lichtgewonden,3,Fiets,8,Voetganger,Buiten Kruispunt,Gemeenteweg,binnen bebouwde kom,Met een voetganger,Geen hindernis
39220,69,Leuven teller 1,Leuven,50.87549,4.71526,1.0007976570123425,50.882029123922855,4.70545847283925,2023,5,16,24062,Leuven,Normaal,Droog,Dag,met lichtgewonden,3,Fiets,8,Voetganger,Buiten Kruispunt,Gemeenteweg,binnen bebouwde kom,Met een voetganger,Geen hindernis
39220,151,Leuven,District Leuven,50.8690262,4.6854839,2.01363958621112,50.882029123922855,4.70545847283925,2023,5,16,24062,Leuven,Normaal,Droog,Dag,met lichtgewonden,3,Fiets,8,Voetganger,Buiten Kruispunt,Gemeenteweg,binnen bebouwde kom,Met een voetganger,Geen hindernis
39221,107,leuven totem,Leuven,50.8870744,4.7087919,0.9759988810660649,50.88393480453921,4.721784476714513,2023,5,19,24062,Leuven,Normaal,Droog,Dag,met lichtgewonden,3,Fiets,3,Fiets,Buiten Kruispunt,Gewestweg,binnen bebouwde kom,Tss. 2 best.: langs opzij (voor-/achterkant-flank),Geen hindernis
39221,77,Leuven teller 2,Leuven,50.88672,4.70796,1.018038300972157,50.88393480453921,4.721784476714513,2023,5,19,24062,Leuven,Normaal,Droog,Dag,met lichtgewonden,3,Fiets,3,Fiets,Buiten Kruispunt,Gewestweg,binnen bebouwde kom,Tss. 2 best.: langs opzij (voor-/achterkant-flank),Geen hindernis
39221,69,Leuven teller 1,Leuven,50.87549,4.71526,1.044648385066105,50.88393480453921,4.721784476714513,2023,5,19,24062,Leuven,Normaal,Droog,Dag,met lichtgewonden,3,Fiets,3,Fiets,Buiten Kruispunt,Gewestweg,binnen bebouwde kom,Tss. 2 best.: langs opzij (voor-/achterkant-flank),Geen hindernis
39222,151,Leuven,District Leuven,50.8690262,4.6854839,1.1259791198693856,50.87644420668546,4.696406949458878,2023,5,16,24062,Leuven,Normaal,Proper,Dag,met lichtgewonden,6,Bromfiets,3,Fiets,Op Kruispunt,Gemeenteweg,binnen bebouwde kom,Tss. 2 best.: langs opzij (voor-/achterkant-flank),Geen hindernis
39222,69,Leuven teller 1,Leuven,50.87549,4.71526,1.3270565229420934,50.87644420668546,4.696406949458878,2023,5,16,24062,Leuven,Normaal,Proper,Dag,met lichtgewonden,6,Bromfiets,3,Fiets,Op Kruispunt,Gemeenteweg,binnen bebouwde kom,Tss. 2 best.: langs opzij (voor-/achterkant-flank),Geen hindernis
39222,77,Leuven teller 2,Leuven,50.88672,4.70796,1.400893107229126,50.87644420668546,4.696406949458878,2023,5,16,24062,Leuven,Normaal,Proper,Dag,met lichtgewonden,6,Bromfiets,3,Fiets,Op Kruispunt,Gemeenteweg,binnen bebouwde kom,Tss. 2 best.: langs opzij (voor-/achterkant-flank),Geen hindernis
39222,107,leuven totem,Leuven,50.8870744,4.7087919,1.4670096077977286,50.87644420668546,4.696406949458878,2023,5,16,24062,Leuven,Normaal,Proper,Dag,met lichtgewonden,6,Bromfiets,3,Fiets,Op Kruispunt,Gemeenteweg,binnen bebouwde kom,Tss. 2 best.: langs opzij (voor-/achterkant-flank),Geen hindernis
39223,69,Leuven teller 1,Leuven,50.87549,4.71526,1.5938344397650388,50.86122866560248,4.7129806936140115,2023,5,12,24062,Leuven,Normaal,Droog,Dag,met lichtgewonden,9,personenauto,3,Fiets,Buiten Kruispunt,Gemeenteweg,binnen bebouwde kom,Tussen 2 bestuurders: Langs achteren,Geen hindernis
39223,108,Heverlee teller 1,Leuven,50.8471728,4.6954674,1.9885062510262932,50.86122866560248,4.7129806936140115,2023,5,12,24062,Leuven,Normaal,Droog,Dag,met lichtgewonden,9,personenauto,3,Fiets,Buiten Kruispunt,Gemeenteweg,binnen bebouwde kom,Tussen 2 bestuurders: Langs achteren,Geen hindernis
39223,76,Heverlee teller 2,Leuven,50.84606,4.69597,2.0665887403320853,50.86122866560248,4.7129806936140115,2023,5,12,24062,Leuven,Normaal,Droog,Dag,met lichtgewonden,9,personenauto,3,Fiets,Buiten Kruispunt,Gemeenteweg,binnen bebouwde kom,Tussen 2 bestuurders: Langs achteren,Geen hindernis
39223,151,Leuven,District Leuven,50.8690262,4.6854839,2.115574689421316,50.86122866560248,4.7129806936140115,2023,5,12,24062,Leuven,Normaal,Droog,Dag,met lichtgewonden,9,personenauto,3,Fiets,Buiten Kruispunt,Gemeenteweg,binnen bebouwde kom,Tussen 2 bestuurders: Langs achteren,Geen hindernis