crash_row_id,site_id,site_name,site_gemeente,site_lat,site_long,distance_km,crash_lat,crash_long,DT_YEAR_COLLISION,DT_MONTH_COLLISION,DT_TIME,CD_NIS,TX_MUNTY_COLLISION_NL,TX_WEATHER_NL,TX_ROAD_CONDITION_NL,TX_LIGHT_CONDITION_NL,TX_CLASS_ACCIDENTS_NL,CD_ROAD_USR_TYPE1,TX_ROAD_USR_TYPE1_NL,CD_ROAD_USR_TYPE2,TX_ROAD_USR_TYPE2_NL,TX_CROSSWAY_NL,CD_ROAD_TYPE_NL,TX_BUILD_UP_AREA_NL,TX_COLLISION_TYPE_NL,TX_OBSTACLES_NL
39227,107,leuven totem,Leuven,50.8870744,4.7087919,1.9623468113916838,50.90336890328237,4.719537184524545,2023,5,16,24062,Leuven,Normaal,Droog,Dag,met lichtgewonden,9,personenauto,3,Fiets,Op Kruispunt,Gewestweg,binnen bebouwde kom,Tss. 2 best.: langs opzij (voor-/achterkant-flank),Geen hindernis
39227,77,Leuven teller 2,Leuven,50.88672,4.70796,2.021511842507387,50.90336890328237,4.719537184524545,2023,5,16,24062,Leuven,Normaal,Droog,Dag,met lichtgewonden,9,personenauto,3,Fiets,Op Kruispunt,Gewestweg,binnen bebouwde kom,Tss. 2 best.: langs opzij (voor-/achterkant-flank),Geen hindernis
39229,151,Leuven,District Leuven,50.8690262,4.6854839,0.7519207575775213,50.87474778480978,4.691195355067273,2023,5,17,24062,Leuven,Normaal,Droog,Dag,met lichtgewonden,3,Fiets,3,Fiets,Buiten Kruispunt,Gemeenteweg,binnen bebouwde kom,Tss. 2 best.: langs opzij (voor-/achterkant-flank),Geen hindernis
39229,69,Leuven teller 1,Leuven,50.87549,4.71526,1.69052158622648,50.87474778480978,4.691195355067273,2023,5,17,24062,Leuven,Normaal,Droog,Dag,met lichtgewonden,3,Fiets,3,Fiets,Buiten Kruispunt,Gemeenteweg,binnen bebouwde kom,Tss. 2 best.: langs opzij (voor-/achterkant-flank),Geen hindernis
39229,77,Leuven teller 2,Leuven,50.88672,4.70796,1.7763923295512405,50.87474778480978,4.691195355067273,2023,5,17,24062,Leuven,Normaal,Droog,Dag,met lichtgewonden,3,Fiets,3,Fiets,Buiten Kruispunt,Gemeenteweg,binnen bebouwde kom,Tss. 2 best.: langs opzij (voor-/achterkant-flank),Geen hindernis
39229,107,leuven totem,Leuven,50.8870744,4.7087919,1.8446487918610672,50.87474778480978,4.691195355067273,2023,5,17,24062,Leuven,Normaal,Droog,Dag,met lichtgewonden,3,Fiets,3,Fiets,Buiten Kruispunt,Gemeenteweg,binnen bebouwde kom,Tss. 2 best.: langs opzij (voor-/achterkant-flank),Geen hindernis
39231,72,Herent teller 1,Herent,50.89135,4.64689,1.3070879748464534,50.90301943567793,4.644646343958253,2023,5,9,24038,Herent,Normaal,Droog,Dag,met lichtgewonden,3,Fiets,9,personenauto,Buiten Kruispunt,Gemeenteweg,binnen bebouwde kom,Tss. 2 best.: langs opzij (voor-/achterkant-flank),Geen hindernis
39231,73,Herent teller 2,Herent,50.89128,4.64685,1.3144825834514222,50.90301943567793,4.644646343958253,2023,5,9,24038,Herent,Normaal,Droog,Dag,met lichtgewonden,3,Fiets,9,personenauto,Buiten Kruispunt,Gemeenteweg,binnen bebouwde kom,Tss. 2 best.: langs opzij (voor-/achterkant-flank),Geen hindernis
39232,87,Aarschot,Aarschot,50.99084,4.81259,2.3168110384217577,50.98667281965745,4.845021270111231,2023,5,14,24001,Aarschot,Normaal,Droog,Dag,met lichtgewonden,9,personenauto,3,Fiets,Buiten Kruispunt,Gemeenteweg,binnen bebouwde kom,Tss. 2 best.: langs opzij (voor-/achterkant-flank),Geen hindernis
39239,101,Diest teller 1,Diest,50.97799,5.04481,2.1366584258293466,50.99714615078378,5.047205913436207,2023,5,10,24020,Diest,Normaal,Droog,Dag,met lichtgewonden,3,Fiets,9,personenauto,Buiten Kruispunt,Gemeenteweg,buiten bebouwde kom,Tussen 2 bestuurders: Frontale botsing,Geen hindernis
39239,102,Diest teller 2,Diest,50.9779,5.04474,2.1470235965165436,50.99714615078378,5.047205913436207,2023,5,10,24020,Diest,Normaal,Droog,Dag,met lichtgewonden,3,Fiets,9,personenauto,Buiten Kruispunt,Gemeenteweg,buiten bebouwde kom,Tussen 2 bestuurders: Frontale botsing,Geen hindernis
39244,87,Aarschot,Aarschot,50.99084,4.81259,1.6971158927171102,50.984498883571916,4.834644294481599,2023,5,8,24001,Aarschot,Normaal,Droog+Proper,Dag,met lichtgewonden,9,personenauto,3,Fiets,Op Kruispunt,Gemeenteweg,binnen bebouwde kom,Tss. 2 best.: langs opzij (voor-/achterkant-flank),Geen hindernis
39249,87,Aarschot,Aarschot,50.99084,4.81259,0.229707647628544,50.99064073864043,4.809323352712662,2023,5,15,24007,Begijnendijk,Normaal,Droog,Dag,met lichtgewonden,9,personenauto,3,Fiets,Buiten Kruispunt,Gewestweg,buiten bebouwde kom,Tss. 2 best.: langs opzij (voor-/achterkant-flank),Geen hindernis
39253,145,Overijse,District Vilvoorde-gewestwegen,50.7885856,4.4908759,0.12898723226263414,50.78945513960193,4.492090439320721,2023,5,18,23062,Overijse,Normaal,Droog,Dag,met lichtgewonden,9,personenauto,3,Fiets,Op Kruispunt,Gewestweg,buiten bebouwde kom,Tss. 2 best.: langs opzij (voor-/achterkant-flank),Geen hindernis
39253,146,Overijse 2,District Vilvoorde-gewestwegen,50.7881478,4.4902818,0.1931232320172067,50.78945513960193,4.492090439320721,2023,5,18,23062,Overijse,Normaal,Droog,Dag,met lichtgewonden,9,personenauto,3,Fiets,Op Kruispunt,Gewestweg,buiten bebouwde kom,Tss. 2 best.: langs opzij (voor-/achterkant-flank),Geen hindernis
39253,147,Overijse,District Vilvoorde-gewestwegen,50.7797555,4.4975769,1.1454438057790706,50.78945513960193,4.492090439320721,2023,5,18,23062,Overijse,Normaal,Droog,Dag,met lichtgewonden,9,personenauto,3,Fiets,Op Kruispunt,Gewestweg,buiten bebouwde kom,Tss. 2 best.: langs opzij (voor-/achterkant-flank),Geen hindernis
39262,27,Grimbergen,Meise,50.92127,4.34013,2.2081751466998565,50.93739097392347,4.358528958329657,2023,5,7,23025,Grimbergen,Regenval,"Nat, plassen",Dageraad - schemering,met zwaargewonden,9,personenauto,3,Fiets,Op Kruispunt,Gewestweg,binnen bebouwde kom,Tussen 2 bestuurders: Flank tegen flank,Geen hindernis
39264,27,Grimbergen,Meise,50.92127,4.34013,2.1142846424596002,50.93921462037717,4.350105750017279,2023,5,14,23025,Grimbergen,Normaal,Droog,Dag,met lichtgewonden,3,Fiets,6,Bromfiets,Buiten Kruispunt,Gewestweg,buiten bebouwde kom,Tss. 2 best.: langs opzij (voor-/achterkant-flank),Geen hindernis
39265,27,Grimbergen,Meise,50.92127,4.34013,2.1260669748642833,50.90215504557631,4.339421095988267,2023,5,15,23025,Grimbergen,Normaal,Droog,Dag,met lichtgewonden,9,personenauto,3,Fiets,Buiten Kruispunt,Gemeenteweg,buiten bebouwde kom,Tss. 2 best.: langs opzij (voor-/achterkant-flank),Geen hindernis
39267,47,Vilvoorde,Vilvoorde,50.91372,4.41497,0.9801740140023378,50.922108623263675,4.410674396420398,2023,5,15,23088,Vilvoorde,Normaal,Onbekend,Dag,met lichtgewonden,9,personenauto,3,Fiets,Op Kruispunt,Gewestweg,buiten bebouwde kom,Tussen 2 bestuurders: Frontale botsing,Geen hindernis
39268,149,Machelen,,50.88297881,4.43356644,0.9682721333589717,50.89162178675055,4.431884266580327,2023,5,14,23047,Machelen,Normaal,Droog,Dag,met lichtgewonden,3,Fiets,3,Fiets,Buiten Kruispunt,Gemeenteweg,binnen bebouwde kom,Tussen 2 bestuurders: Frontale botsing,Geen hindernis
39268,111,Zaventem totem,Zaventem,50.8871216,4.4597084,2.0148227223469557,50.89162178675055,4.431884266580327,2023,5,14,23047,Machelen,Normaal,Droog,Dag,met lichtgewonden,3,Fiets,3,Fiets,Buiten Kruispunt,Gemeenteweg,binnen bebouwde kom,Tussen 2 bestuurders: Frontale botsing,Geen hindernis
39269,149,Machelen,,50.88297881,4.43356644,0.9407725293176864,50.891322600431295,4.435787036228824,2023,5,7,23047,Machelen,Normaal,Droog,Dag,met lichtgewonden,3,Fiets,9,personenauto,Op Kruispunt,Gemeenteweg,binnen bebouwde kom,Tss. 2 best.: langs opzij (voor-/achterkant-flank),Geen hindernis
39269,111,Zaventem totem,Zaventem,50.8871216,4.4597084,1.7417542931919676,50.891322600431295,4.435787036228824,2023,5,7,23047,Machelen,Normaal,Droog,Dag,met lichtgewonden,3,Fiets,9,personenauto,Op Kruispunt,Gemeenteweg,binnen bebouwde kom,Tss. 2 best.: langs opzij (voor-/achterkant-flank),Geen hindernis
39270,47,Vilvoorde,Vilvoorde,50.91372,4.41497,1.339457765156683,50.92532902715847,4.42007013525377,2023,5,8,23088,Vilvoorde,Normaal,"Vuil (zand, grint, bladeren,...)",Dag,met lichtgewonden,3,Fiets,8,Voetganger,Buiten Kruispunt,Gewestweg,buiten bebouwde kom,Met een voetganger,Geen hindernis
39271,47,Vilvoorde,Vilvoorde,50.91372,4.41497,1.0059803761721067,50.92266246068278,4.412794745353296,2023,5,14,23088,Vilvoorde,Normaal,Droog,Dag,met lichtgewonden,3,Fiets,10,"één bestuurder, geen hindernis",Buiten Kruispunt,Gewestweg,binnen bebouwde kom,"Eén bestuurder, geen hindernis (incl. val)",Geen hindernis
39272,1,Machelen,Machelen,50.91618331151478,4.456121776137429,1.3984537114396693,50.9279010502915,4.448875538176177,2023,5,12,23088,Vilvoorde,Normaal,Droog,Dag,met lichtgewonden,3,Fiets,6,Bromfiets,Buiten Kruispunt,Gemeenteweg,binnen bebouwde kom,Tussen 2 bestuurders: Frontale botsing,Geen hindernis
39273,47,Vilvoorde,Vilvoorde,50.91372,4.41497,1.7278050286598934,50.924648736745375,4.432491357973657,2023,5,13,23088,Vilvoorde,Normaal,Droog,Dag,met lichtgewonden,3,Fiets,11,een weggebruiker tegen een hindernis,Buiten Kruispunt,Gewestweg,binnen bebouwde kom,Weggebruiker tegen hindernis buiten rijbaan,Buiten de rijbaan: Andere paal
39273,1,Machelen,Machelen,50.91618331151478,4.456121776137429,1.905207664572774,50.924648736745375,4.432491357973657,2023,5,13,23088,Vilvoorde,Normaal,Droog,Dag,met lichtgewonden,3,Fiets,11,een weggebruiker tegen een hindernis,Buiten Kruispunt,Gewestweg,binnen bebouwde kom,Weggebruiker tegen hindernis buiten rijbaan,Buiten de rijbaan: Andere paal
39274,47,Vilvoorde,Vilvoorde,50.91372,4.41497,2.4822880654197372,50.933734693045544,4.430655569508544,2023,5,8,23088,Vilvoorde,Normaal,Droog,Dag,met lichtgewonden,3,Fiets,9,personenauto,Buiten Kruispunt,Gewestweg,binnen bebouwde kom,Tss. 2 best.: langs opzij (voor-/achterkant-flank),Geen hindernis
39275,47,Vilvoorde,Vilvoorde,50.91372,4.41497,1.3890858804789794,50.92467153518734,4.4245037303715575,2023,5,14,23088,Vilvoorde,Normaal,Droog,Dag,met lichtgewonden,8,Voetganger,3,Fiets,Buiten Kruispunt,Gemeenteweg,binnen bebouwde kom,Met een voetganger,Geen vermelding van de aanwezigheid van een hindernis
39275,1,Machelen,Machelen,50.91618331151478,4.456121776137429,2.408940101939322,50.92467153518734,4.4245037303715575,2023,5,14,23088,Vilvoorde,Normaal,Droog,Dag,met lichtgewonden,8,Voetganger,3,Fiets,Buiten Kruispunt,Gemeenteweg,binnen bebouwde kom,Met een voetganger,Geen vermelding van de aanwezigheid van een hindernis
39276,47,Vilvoorde,Vilvoorde,50.91372,4.41497,1.043434947715143,50.92294815081876,4.412269869248874,2023,5,6,23088,Vilvoorde,Normaal,Droog,Dag,met lichtgewonden,3,Fiets,9,personenauto,Op Kruispunt,Gewestweg,binnen bebouwde kom,Tss. 2 best.: langs opzij (voor-/achterkant-flank),Geen hindernis
39277,47,Vilvoorde,Vilvoorde,50.91372,4.41497,2.3314768321153236,50.932512673332745,4.429721743421603,2023,5,15,23088,Vilvoorde,Onbekend,Onbekend,Dag,met lichtgewonden,9,personenauto,3,Fiets,Op Kruispunt,Gewestweg,binnen bebouwde kom,Tss. 2 best.: langs opzij (voor-/achterkant-flank),Geen hindernis
39278,47,Vilvoorde,Vilvoorde,50.91372,4.41497,2.0419696113608814,50.93091944165906,4.425178462312412,2023,5,10,23088,Vilvoorde,Onbekend,Droog,Dag,met lichtgewonden,3,Fiets,8,Voetganger,Buiten Kruispunt,Gemeenteweg,binnen bebouwde kom,Met een voetganger,Geen hindernis
39279,47,Vilvoorde,Vilvoorde,50.91372,4.41497,1.3247567441373485,50.92522633784594,4.410069654586642,2023,5,18,23088,Vilvoorde,Onbekend,Droog,Dag,met lichtgewonden,3,Fiets,5,Lichte vrachtauto,Op Kruispunt,Gemeenteweg,binnen bebouwde kom,Tss. 2 best.: langs opzij (voor-/achterkant-flank),Geen hindernis
39280,47,Vilvoorde,Vilvoorde,50.91372,4.41497,0.8187092499411878,50.9102199683201,4.425243740120558,2023,5,14,23047,Machelen,"Andere (dikke rook,...)",Droog,Dag,met lichtgewonden,3,Fiets,9,personenauto,Buiten Kruispunt,Gemeenteweg,binnen bebouwde kom,Tussen 2 bestuurders: Flank tegen flank,Geen hindernis
39280,1,Machelen,Machelen,50.91618331151478,4.456121776137429,2.264078007617634,50.9102199683201,4.425243740120558,2023,5,14,23047,Machelen,"Andere (dikke rook,...)",Droog,Dag,met lichtgewonden,3,Fiets,9,personenauto,Buiten Kruispunt,Gemeenteweg,binnen bebouwde kom,Tussen 2 bestuurders: Flank tegen flank,Geen hindernis
39282,47,Vilvoorde,Vilvoorde,50.91372,4.41497,2.0651648535376905,50.93009831422244,4.428861874373752,2023,5,11,23088,Vilvoorde,Normaal,Droog,Dag,met lichtgewonden,3,Fiets,9,personenauto,Buiten Kruispunt,Gemeenteweg,binnen bebouwde kom,Tss. 2 best.: langs opzij (voor-/achterkant-flank),Geen hindernis
39282,1,Machelen,Machelen,50.91618331151478,4.456121776137429,2.45865011568915,50.93009831422244,4.428861874373752,2023,5,11,23088,Vilvoorde,Normaal,Droog,Dag,met lichtgewonden,3,Fiets,9,personenauto,Buiten Kruispunt,Gemeenteweg,binnen bebouwde kom,Tss. 2 best.: langs opzij (voor-/achterkant-flank),Geen hindernis
39284,70,Kampenhout teller 1,Kampenhout,50.95682,4.59318,1.469975248952382,50.94911264155827,4.610229658946571,2023,5,19,23038,Kampenhout,Normaal,"Vuil (zand, grint, bladeren,...)",Dag,met lichtgewonden,3,Fiets,3,Fiets,Op Kruispunt,Gemeenteweg,buiten bebouwde kom,Tussen 2 bestuurders: Frontale botsing,Geen hindernis
39284,71,Kampenhout teller 2,Kampenhout,50.95589,4.59164,1.5045293417212373,50.94911264155827,4.610229658946571,2023,5,19,23038,Kampenhout,Normaal,"Vuil (zand, grint, bladeren,...)",Dag,met lichtgewonden,3,Fiets,3,Fiets,Op Kruispunt,Gemeenteweg,buiten bebouwde kom,Tussen 2 bestuurders: Frontale botsing,Geen hindernis
39285,109,Zemst,Zemst,50.9903936,4.4707023,1.4405984500138491,50.98809108909409,4.4909565487172,2023,5,16,23096,Zemst,Normaal,Proper,Dag,met lichtgewonden,3,Fiets,8,Voetganger,Buiten Kruispunt,Gemeenteweg,binnen bebouwde kom,Met een voetganger,Geen hindernis
39286,99,Mechelen teller 1,Mechelen,51.04564,4.46882,2.331865238296504,51.02526914146708,4.476740823253043,2023,5,14,12025,Mechelen,Regenval,"Nat, plassen",Dag,met lichtgewonden,3,Fiets,5,Lichte vrachtauto,Buiten Kruispunt,Gemeenteweg,binnen bebouwde kom,Tussen 2 bestuurders: Flank tegen flank,Geen hindernis
39286,100,Mechelen teller 2,Mechelen,51.0457,4.46883,2.338180946952631,51.02526914146708,4.476740823253043,2023,5,14,12025,Mechelen,Regenval,"Nat, plassen",Dag,met lichtgewonden,3,Fiets,5,Lichte vrachtauto,Buiten Kruispunt,Gemeenteweg,binnen bebouwde kom,Tussen 2 bestuurders: Flank tegen flank,Geen hindernis
39287,109,Zemst,Zemst,50.9903936,4.4707023,2.2676552439842377,50.98457716534088,4.501753573669571,2023,5,18,23096,Zemst,Normaal,Droog,Dag,met lichtgewonden,3,Fiets,3,Fiets,Buiten Kruispunt,Gewestweg,buiten bebouwde kom,Tussen 2 bestuurders: Flank tegen flank,Geen hindernis
39288,13,Gent,Gent,51.03018,3.70146,1.7120352516216264,51.03205656970411,3.725759505597938,2023,5,20,44021,Gent,Normaal,Droog,Dag,Met doden,3,Fiets,9,personenauto,Op Kruispunt,Gemeenteweg,binnen bebouwde kom,Tss. 2 best.: langs opzij (voor-/achterkant-flank),Geen hindernis
39289,118,Gent teller 1,Gent,51.028049,3.7681359,2.314805210185491,51.040951954987435,3.742157494062536,2023,5,22,44021,Gent,Normaal,Droog,"Nacht, openb. verlicht. aanw., maar niet ontstoken",met lichtgewonden,3,Fiets,10,"één bestuurder, geen hindernis",Buiten Kruispunt,Gewestweg,binnen bebouwde kom,"Eén bestuurder, geen hindernis (incl. val)",Geen hindernis
39289,119,Gent teller 2,Gent,51.0281795,3.7683918,2.3199602340855274,51.040951954987435,3.742157494062536,2023,5,22,44021,Gent,Normaal,Droog,"Nacht, openb. verlicht. aanw., maar niet ontstoken",met lichtgewonden,3,Fiets,10,"één bestuurder, geen hindernis",Buiten Kruispunt,Gewestweg,binnen bebouwde kom,"Eén bestuurder, geen hindernis (incl. val)",Geen hindernis
39290,118,Gent teller 1,Gent,51.028049,3.7681359,1.148575499241236,51.035692204489884,3.75708748811269,2023,5,17,44021,Gent,Normaal,Droog,Dag,met lichtgewonden,3,Fiets,9,personenauto,Op Kruispunt,Gemeenteweg,binnen bebouwde kom,Tss. 2 best.: langs opzij (voor-/achterkant-flank),Geen hindernis
39290,119,Gent teller 2,Gent,51.0281795,3.7683918,1.1501046960120764,51.035692204489884,3.75708748811269,2023,5,17,44021,Gent,Normaal,Droog,Dag,met lichtgewonden,3,Fiets,9,personenauto,Op Kruispunt,Gemeenteweg,binnen bebouwde kom,Tss. 2 best.: langs opzij (voor-/achterkant-flank),Geen hindernis
39292,136,Gent R4,Gent,51.0876313,3.7587918,2.2132733351479925,51.06867858768846,3.7491122790690676,2023,5,19,44021,Gent,Normaal,Droog,Dag,met lichtgewonden,9,personenauto,3,Fiets,Op Kruispunt,Gemeenteweg,binnen bebouwde kom,Tss. 2 best.: langs opzij (voor-/achterkant-flank),Geen hindernis
39296,136,Gent R4,Gent,51.0876313,3.7587918,1.0520948767027611,51.08998081808547,3.7733836499142006,2023,5,8,44021,Gent,Normaal,Droog,Dag,met lichtgewonden,3,Fiets,9,personenauto,Buiten Kruispunt,Gemeenteweg,buiten bebouwde kom,Tussen 2 bestuurders: Flank tegen flank,Geen hindernis
39303,13,Gent,Gent,51.03018,3.70146,2.1597394159363703,51.049598763853055,3.7021053581131413,2023,5,13,44021,Gent,Normaal,Droog,Dag,met lichtgewonden,1,Autobus,3,Fiets,Op Kruispunt,Gemeenteweg,binnen bebouwde kom,Tss. 2 best.: langs opzij (voor-/achterkant-flank),Geen hindernis
39306,13,Gent,Gent,51.03018,3.70146,1.2873793717694317,51.03773893386766,3.7154051808899387,2023,5,19,44021,Gent,Normaal,Droog,Dag,met lichtgewonden,6,Bromfiets,3,Fiets,Op Kruispunt,Gewestweg,binnen bebouwde kom,Tss. 2 best.: langs opzij (voor-/achterkant-flank),Geen hindernis
39311,119,Gent teller 2,Gent,51.0281795,3.7683918,1.9633405298257096,51.04393286516277,3.755710386122851,2023,5,11,44021,Gent,Normaal,Droog,Dag,met lichtgewonden,3,Fiets,9,personenauto,Op Kruispunt,Gemeenteweg,binnen bebouwde kom,Tss. 2 best.: langs opzij (voor-/achterkant-flank),Geen hindernis
39311,118,Gent teller 1,Gent,51.028049,3.7681359,1.9683352666350369,51.04393286516277,3.755710386122851,2023,5,11,44021,Gent,Normaal,Droog,Dag,met lichtgewonden,3,Fiets,9,personenauto,Op Kruispunt,Gemeenteweg,binnen bebouwde kom,Tss. 2 best.: langs opzij (voor-/achterkant-flank),Geen hindernis
39313,118,Gent teller 1,Gent,51.028049,3.7681359,2.1967221114830284,51.035409118312025,3.7389839548902954,2023,5,9,44021,Gent,Normaal,Droog,Dag,met lichtgewonden,3,Fiets,3,Fiets,Buiten Kruispunt,Gewestweg,binnen bebouwde kom,Tussen 2 bestuurders: Frontale botsing,Geen hindernis
39313,119,Gent teller 2,Gent,51.0281795,3.7683918,2.208011676557603,51.035409118312025,3.7389839548902954,2023,5,9,44021,Gent,Normaal,Droog,Dag,met lichtgewonden,3,Fiets,3,Fiets,Buiten Kruispunt,Gewestweg,binnen bebouwde kom,Tussen 2 bestuurders: Frontale botsing,Geen hindernis
39318,13,Gent,Gent,51.03018,3.70146,1.8218048333421077,51.04406403140944,3.7152932558620666,2023,5,20,44021,Gent,Normaal,Droog,Dag,met lichtgewonden,9,personenauto,3,Fiets,Buiten Kruispunt,Gewestweg,binnen bebouwde kom,Tussen 2 bestuurders: Flank tegen flank,Geen hindernis
39319,13,Gent,Gent,51.03018,3.70146,1.1052132989317673,51.027883913617416,3.6860836745952703,2023,5,16,44021,Gent,Normaal,Droog,Dag,met lichtgewonden,9,personenauto,3,Fiets,Op Kruispunt,Gemeenteweg,binnen bebouwde kom,Tss. 2 best.: langs opzij (voor-/achterkant-flank),Geen hindernis
39325,118,Gent teller 1,Gent,51.028049,3.7681359,2.3853093574090747,51.042794623983184,3.743360042255496,2023,5,19,44021,Gent,Normaal,Droog,Dag,met lichtgewonden,6,Bromfiets,3,Fiets,Buiten Kruispunt,Gemeenteweg,binnen bebouwde kom,Tss. 2 best.: langs opzij (voor-/achterkant-flank),Geen hindernis
39325,119,Gent teller 2,Gent,51.0281795,3.7683918,2.388437909197934,51.042794623983184,3.743360042255496,2023,5,19,44021,Gent,Normaal,Droog,Dag,met lichtgewonden,6,Bromfiets,3,Fiets,Buiten Kruispunt,Gemeenteweg,binnen bebouwde kom,Tss. 2 best.: langs opzij (voor-/achterkant-flank),Geen hindernis
39327,13,Gent,Gent,51.03018,3.70146,1.878778540109788,51.03862925061756,3.7247276484938263,2023,5,23,44021,Gent,Normaal,Droog,"Nacht, openbare verlichting aanwezig en ontstoken",met lichtgewonden,3,Fiets,9,personenauto,Op Kruispunt,Gewestweg,binnen bebouwde kom,Tss. 2 best.: langs opzij (voor-/achterkant-flank),Geen hindernis
39329,136,Gent R4,Gent,51.0876313,3.7587918,2.0256183537812786,51.07272929228017,3.7754699162114007,2023,5,18,44021,Gent,Normaal,Droog,Dag,met lichtgewonden,7,Motorfiets,3,Fiets,Buiten Kruispunt,Gewestweg,binnen bebouwde kom,Tussen 2 bestuurders: Frontale botsing,Geen hindernis
39332,119,Gent teller 2,Gent,51.0281795,3.7683918,1.7524119162674126,51.04288593631295,3.7593830686264744,2023,5,19,44021,Gent,Normaal,Droog,Dag,met lichtgewonden,3,Fiets,3,Fiets,Op Kruispunt,Gemeenteweg,binnen bebouwde kom,Tussen 2 bestuurders: Langs achteren,Geen hindernis
39332,118,Gent teller 1,Gent,51.028049,3.7681359,1.7596577055786686,51.04288593631295,3.7593830686264744,2023,5,19,44021,Gent,Normaal,Droog,Dag,met lichtgewonden,3,Fiets,3,Fiets,Op Kruispunt,Gemeenteweg,binnen bebouwde kom,Tussen 2 bestuurders: Langs achteren,Geen hindernis
39334,13,Gent,Gent,51.03018,3.70146,2.0392647665790666,51.04054413888525,3.725520506286043,2023,5,19,44021,Gent,Normaal,Droog,Dag,met lichtgewonden,3,Fiets,6,Bromfiets,Op Kruispunt,Gemeenteweg,binnen bebouwde kom,Tss. 2 best.: langs opzij (voor-/achterkant-flank),Geen hindernis
39336,136,Gent R4,Gent,51.0876313,3.7587918,2.465023906162906,51.06572871803198,3.7533431162631943,2023,5,17,44021,Gent,Normaal,Droog,Dag,met lichtgewonden,3,Fiets,8,Voetganger,Op Kruispunt,Gewestweg,binnen bebouwde kom,Met een voetganger,Geen hindernis
39337,13,Gent,Gent,51.03018,3.70146,1.3808621872518734,51.033220698593134,3.7206054279395935,2023,5,12,44021,Gent,Normaal,Droog,Dag,met lichtgewonden,4,Vrachtwagen,3,Fiets,Op Kruispunt,Gewestweg,binnen bebouwde kom,Tussen 2 bestuurders: Flank tegen flank,Geen hindernis
39339,13,Gent,Gent,51.03018,3.70146,2.099953066616305,51.01441543907008,3.7179917519168706,2023,5,16,44021,Gent,Normaal,Droog,Dag,met lichtgewonden,9,personenauto,3,Fiets,Op Kruispunt,Gemeenteweg,binnen bebouwde kom,Tss. 2 best.: langs opzij (voor-/achterkant-flank),Geen hindernis
39340,13,Gent,Gent,51.03018,3.70146,1.6566737746911622,51.04047865455353,3.6843391773901297,2023,5,18,44021,Gent,Normaal,Droog,Dag,met lichtgewonden,3,Fiets,3,Fiets,Buiten Kruispunt,Gemeenteweg,buiten bebouwde kom,Tussen 2 bestuurders: Frontale botsing,Geen hindernis
39341,136,Gent R4,Gent,51.0876313,3.7587918,0.8473595789267845,51.08005823303268,3.7574405728817117,2023,5,23,44021,Gent,Normaal,Droog,"Nacht, openbare verlichting aanwezig en ontstoken",met lichtgewonden,3,Fiets,3,Fiets,Op Kruispunt,Gemeenteweg,binnen bebouwde kom,Tussen 2 bestuurders: Flank tegen flank,Geen hindernis
39362,118,Gent teller 1,Gent,51.028049,3.7681359,2.481071449689713,51.0058876823939,3.7640098115730547,2023,5,18,44043,Merelbeke,Normaal,Droog,Dag,met lichtgewonden,3,Fiets,3,Fiets,Buiten Kruispunt,Gemeenteweg,binnen bebouwde kom,Tss. 2 best.: langs opzij (voor-/achterkant-flank),Geen hindernis
39362,119,Gent teller 2,Gent,51.0281795,3.7683918,2.497618051476185,51.0058876823939,3.7640098115730547,2023,5,18,44043,Merelbeke,Normaal,Droog,Dag,met lichtgewonden,3,Fiets,3,Fiets,Buiten Kruispunt,Gemeenteweg,binnen bebouwde kom,Tss. 2 best.: langs opzij (voor-/achterkant-flank),Geen hindernis
39372,114,Deinze teller 1,Nazareth,50.9598305,3.555502,1.5541654909089733,50.95122768311347,3.5729894306433225,2023,5,16,44048,Nazareth,Normaal,Droog,Dag,met lichtgewonden,9,personenauto,3,Fiets,Op Kruispunt,Gewestweg,buiten bebouwde kom,Tss. 2 best.: langs opzij (voor-/achterkant-flank),Geen hindernis
39372,113,Deinze teller 2,Deinze,50.96018,3.55578,1.5633160366925318,50.95122768311347,3.5729894306433225,2023,5,16,44048,Nazareth,Normaal,Droog,Dag,met lichtgewonden,9,personenauto,3,Fiets,Op Kruispunt,Gewestweg,buiten bebouwde kom,Tss. 2 best.: langs opzij (voor-/achterkant-flank),Geen hindernis
39377,6,Evergem 2,Evergem,51.10894,3.70298,2.459098540235123,51.124934484605056,3.678649892767569,2023,5,22,44019,Evergem,Normaal,Droog,"Nacht, openbare verlichting aanwezig en ontstoken",met lichtgewonden,3,Fiets,10,"één bestuurder, geen hindernis",Buiten Kruispunt,Gewestweg,binnen bebouwde kom,"Eén bestuurder, geen hindernis (incl. val)",Geen hindernis
39377,7,Evergem 1,Evergem,51.1089,3.70317,2.4714833163701098,51.124934484605056,3.678649892767569,2023,5,22,44019,Evergem,Normaal,Droog,"Nacht, openbare verlichting aanwezig en ontstoken",met lichtgewonden,3,Fiets,10,"één bestuurder, geen hindernis",Buiten Kruispunt,Gewestweg,binnen bebouwde kom,"Eén bestuurder, geen hindernis (incl. val)",Geen hindernis
39381,115,Aalter,Aalter,51.1058367,3.4350591,1.154843710174517,51.109383114816886,3.4506063675948417,2023,5,8,44084,Aalter,Normaal,Droog,Dag,met lichtgewonden,3,Fiets,3,Fiets,Buiten Kruispunt,Gemeenteweg,buiten bebouwde kom,Tussen 2 bestuurders: Frontale botsing,Geen hindernis