crash_row_id,site_id,site_name,site_gemeente,site_lat,site_long,distance_km,crash_lat,crash_long,DT_YEAR_COLLISION,DT_MONTH_COLLISION,DT_TIME,CD_NIS,TX_MUNTY_COLLISION_NL,TX_WEATHER_NL,TX_ROAD_CONDITION_NL,TX_LIGHT_CONDITION_NL,TX_CLASS_ACCIDENTS_NL,CD_ROAD_USR_TYPE1,TX_ROAD_USR_TYPE1_NL,CD_ROAD_USR_TYPE2,TX_ROAD_USR_TYPE2_NL,TX_CROSSWAY_NL,CD_ROAD_TYPE_NL,TX_BUILD_UP_AREA_NL,TX_COLLISION_TYPE_NL,TX_OBSTACLES_NL
39431,126,Hamme totem,Hamme,51.1017709,4.1469307,1.261496202949449,51.11284720454596,4.143022112408682,2023,5,8,46025,Temse,Normaal,Droog,Dag,met lichtgewonden,3,Fiets,3,Fiets,Buiten Kruispunt,Gewestweg,binnen bebouwde kom,Tss. 2 best.: langs opzij (voor-/achterkant-flank),Geen hindernis
39439,128,Lokeren teller 1,Lokeren,51.09644,3.97023,0.833534634648604,51.1036247871361,3.973634721053618,2023,5,18,46014,Lokeren,Normaal,Droog,Dag,met lichtgewonden,3,Fiets,3,Fiets,Op Kruispunt,Gemeenteweg,binnen bebouwde kom,Tussen 2 bestuurders: Flank tegen flank,Geen hindernis
39439,129,Lokeren teller 2,Lokeren,51.09612,3.97025,0.8673170004810385,51.1036247871361,3.973634721053618,2023,5,18,46014,Lokeren,Normaal,Droog,Dag,met lichtgewonden,3,Fiets,3,Fiets,Op Kruispunt,Gemeenteweg,binnen bebouwde kom,Tussen 2 bestuurders: Flank tegen flank,Geen hindernis
39440,128,Lokeren teller 1,Lokeren,51.09644,3.97023,1.6565173874306514,51.10706649986277,3.9868571080015407,2023,5,12,46014,Lokeren,Normaal,Droog,Dag,met lichtgewonden,3,Fiets,9,personenauto,Op Kruispunt,Gemeenteweg,binnen bebouwde kom,Tussen 2 bestuurders: Flank tegen flank,Geen hindernis
39440,129,Lokeren teller 2,Lokeren,51.09612,3.97025,1.6811228065345438,51.10706649986277,3.9868571080015407,2023,5,12,46014,Lokeren,Normaal,Droog,Dag,met lichtgewonden,3,Fiets,9,personenauto,Op Kruispunt,Gemeenteweg,binnen bebouwde kom,Tussen 2 bestuurders: Flank tegen flank,Geen hindernis
39442,128,Lokeren teller 1,Lokeren,51.09644,3.97023,1.6526544883946086,51.10205313888911,3.9921449015966615,2023,5,17,46014,Lokeren,Normaal,Droog,Dag,met lichtgewonden,3,Fiets,9,personenauto,Buiten Kruispunt,Gemeenteweg,binnen bebouwde kom,Tss. 2 best.: langs opzij (voor-/achterkant-flank),Geen hindernis
39442,129,Lokeren teller 2,Lokeren,51.09612,3.97025,1.6651410103264466,51.10205313888911,3.9921449015966615,2023,5,17,46014,Lokeren,Normaal,Droog,Dag,met lichtgewonden,3,Fiets,9,personenauto,Buiten Kruispunt,Gemeenteweg,binnen bebouwde kom,Tss. 2 best.: langs opzij (voor-/achterkant-flank),Geen hindernis
39442,141,Test site A support,Lokeren,51.08342085,3.9961071208376326,2.090212972950118,51.10205313888911,3.9921449015966615,2023,5,17,46014,Lokeren,Normaal,Droog,Dag,met lichtgewonden,3,Fiets,9,personenauto,Buiten Kruispunt,Gemeenteweg,binnen bebouwde kom,Tss. 2 best.: langs opzij (voor-/achterkant-flank),Geen hindernis
39443,126,Hamme totem,Hamme,51.1017709,4.1469307,1.8369205490236167,51.08636447611513,4.137437565422774,2023,5,16,42008,Hamme,Normaal,Droog,Dag,met lichtgewonden,9,personenauto,3,Fiets,Op Kruispunt,Gewestweg,binnen bebouwde kom,Tss. 2 best.: langs opzij (voor-/achterkant-flank),Geen hindernis
39444,126,Hamme totem,Hamme,51.1017709,4.1469307,1.4498014538661153,51.09068914294259,4.135991799320331,2023,5,8,42008,Hamme,Regenval,"Nat, plassen",Dag,met lichtgewonden,3,Fiets,9,personenauto,Op Kruispunt,Gewestweg,binnen bebouwde kom,Tss. 2 best.: langs opzij (voor-/achterkant-flank),Geen hindernis
39445,126,Hamme totem,Hamme,51.1017709,4.1469307,1.5947701983085925,51.09317989579036,4.1286434025803995,2023,5,14,42008,Hamme,Normaal,Droog,Dag,met lichtgewonden,3,Fiets,9,personenauto,Buiten Kruispunt,Gemeenteweg,binnen bebouwde kom,Tss. 2 best.: langs opzij (voor-/achterkant-flank),Geen hindernis
39446,126,Hamme totem,Hamme,51.1017709,4.1469307,1.9470971382686137,51.09146685701867,4.169475027452671,2023,5,10,42008,Hamme,Normaal,Droog,Dag,met lichtgewonden,3,Fiets,3,Fiets,Buiten Kruispunt,Gemeenteweg,buiten bebouwde kom,Tussen 2 bestuurders: Frontale botsing,Geen hindernis
39447,126,Hamme totem,Hamme,51.1017709,4.1469307,1.0182420919718815,51.09744866219024,4.134074902839205,2023,5,8,42008,Hamme,Normaal,Droog,Dag,met lichtgewonden,3,Fiets,3,Fiets,Op Kruispunt,Gemeenteweg,binnen bebouwde kom,Tss. 2 best.: langs opzij (voor-/achterkant-flank),Geen hindernis
39448,126,Hamme totem,Hamme,51.1017709,4.1469307,1.1619409059520567,51.09155401304067,4.150422623114314,2023,5,1,42008,Hamme,Normaal,Droog,"Nacht, openbare verlichting aanwezig en ontstoken",met lichtgewonden,3,Fiets,5,Lichte vrachtauto,Buiten Kruispunt,Gemeenteweg,binnen bebouwde kom,Tss. 2 best.: langs opzij (voor-/achterkant-flank),Geen hindernis
39449,120,Zele teller 1,Zele,51.0607671,4.0547741,1.7946493904704115,51.07288841080824,4.037816184961363,2023,5,1,42028,Zele,Normaal,Droog,"Nacht, openbare verlichting aanwezig en ontstoken",met lichtgewonden,3,Fiets,10,"één bestuurder, geen hindernis",Buiten Kruispunt,Gemeenteweg,binnen bebouwde kom,"Eén bestuurder, geen hindernis (incl. val)",Geen hindernis
39449,121,Zele teller 2,Zele,51.0604067,4.0556696,1.8661788307456009,51.07288841080824,4.037816184961363,2023,5,1,42028,Zele,Normaal,Droog,"Nacht, openbare verlichting aanwezig en ontstoken",met lichtgewonden,3,Fiets,10,"één bestuurder, geen hindernis",Buiten Kruispunt,Gemeenteweg,binnen bebouwde kom,"Eén bestuurder, geen hindernis (incl. val)",Geen hindernis
39452,120,Zele teller 1,Zele,51.0607671,4.0547741,1.5977708334423517,51.051153402923745,4.037783996832028,2023,5,11,42028,Zele,Normaal,Droog,Dag,met zwaargewonden,3,Fiets,10,"één bestuurder, geen hindernis",Buiten Kruispunt,Gemeenteweg,buiten bebouwde kom,"Eén bestuurder, geen hindernis (incl. val)",Geen hindernis
39452,121,Zele teller 2,Zele,51.0604067,4.0556696,1.6190661271579467,51.051153402923745,4.037783996832028,2023,5,11,42028,Zele,Normaal,Droog,Dag,met zwaargewonden,3,Fiets,10,"één bestuurder, geen hindernis",Buiten Kruispunt,Gemeenteweg,buiten bebouwde kom,"Eén bestuurder, geen hindernis (incl. val)",Geen hindernis
39469,10,Aalst 2,Aalst,50.93549,4.01571,1.2208555801297256,50.93964248910324,4.031838871027355,2023,5,18,41002,Aalst,Normaal,Droog,Dag,met lichtgewonden,9,personenauto,3,Fiets,Buiten Kruispunt,Gemeenteweg,binnen bebouwde kom,Tss. 2 best.: langs opzij (voor-/achterkant-flank),Geen hindernis
39469,11,Aalst 3,Aalst,50.93385,4.01647,1.2548511471276622,50.93964248910324,4.031838871027355,2023,5,18,41002,Aalst,Normaal,Droog,Dag,met lichtgewonden,9,personenauto,3,Fiets,Buiten Kruispunt,Gemeenteweg,binnen bebouwde kom,Tss. 2 best.: langs opzij (voor-/achterkant-flank),Geen hindernis
39469,19,Aalst 1,Aalst,50.93433,4.01471,1.3377488708476515,50.93964248910324,4.031838871027355,2023,5,18,41002,Aalst,Normaal,Droog,Dag,met lichtgewonden,9,personenauto,3,Fiets,Buiten Kruispunt,Gemeenteweg,binnen bebouwde kom,Tss. 2 best.: langs opzij (voor-/achterkant-flank),Geen hindernis
39470,10,Aalst 2,Aalst,50.93549,4.01571,0.6710851117221664,50.9380714170753,4.024366736621536,2023,5,22,41002,Aalst,Normaal,Droog,"Nacht, openbare verlichting aanwezig en ontstoken",met lichtgewonden,3,Fiets,9,personenauto,Buiten Kruispunt,Gewestweg,binnen bebouwde kom,Tussen 2 bestuurders: Flank tegen flank,Geen hindernis
39470,11,Aalst 3,Aalst,50.93385,4.01647,0.7256289225197402,50.9380714170753,4.024366736621536,2023,5,22,41002,Aalst,Normaal,Droog,"Nacht, openbare verlichting aanwezig en ontstoken",met lichtgewonden,3,Fiets,9,personenauto,Buiten Kruispunt,Gewestweg,binnen bebouwde kom,Tussen 2 bestuurders: Flank tegen flank,Geen hindernis
39470,19,Aalst 1,Aalst,50.93433,4.01471,0.7943391221948382,50.9380714170753,4.024366736621536,2023,5,22,41002,Aalst,Normaal,Droog,"Nacht, openbare verlichting aanwezig en ontstoken",met lichtgewonden,3,Fiets,9,personenauto,Buiten Kruispunt,Gewestweg,binnen bebouwde kom,Tussen 2 bestuurders: Flank tegen flank,Geen hindernis
39472,10,Aalst 2,Aalst,50.93549,4.01571,0.4975206707537428,50.939065452607664,4.019978535737072,2023,5,8,41002,Aalst,Normaal,Proper,Dag,met lichtgewonden,9,personenauto,3,Fiets,Buiten Kruispunt,Gewestweg,buiten bebouwde kom,Tussen 2 bestuurders: Frontale botsing,Geen hindernis
39472,11,Aalst 3,Aalst,50.93385,4.01647,0.6298928685708176,50.939065452607664,4.019978535737072,2023,5,8,41002,Aalst,Normaal,Proper,Dag,met lichtgewonden,9,personenauto,3,Fiets,Buiten Kruispunt,Gewestweg,buiten bebouwde kom,Tussen 2 bestuurders: Frontale botsing,Geen hindernis
39472,19,Aalst 1,Aalst,50.93433,4.01471,0.6430845782553833,50.939065452607664,4.019978535737072,2023,5,8,41002,Aalst,Normaal,Proper,Dag,met lichtgewonden,9,personenauto,3,Fiets,Buiten Kruispunt,Gewestweg,buiten bebouwde kom,Tussen 2 bestuurders: Frontale botsing,Geen hindernis
39474,152,Opwijk,District Vilvoorde-gewestwegen,50.968901168564656,4.149169474840164,2.1347992850142004,50.95200387636412,4.134698902924979,2023,5,17,41002,Aalst,Normaal,Droog,Dag,met lichtgewonden,3,Fiets,9,personenauto,Op Kruispunt,Gemeenteweg,binnen bebouwde kom,Tss. 2 best.: langs opzij (voor-/achterkant-flank),Geen hindernis
39475,10,Aalst 2,Aalst,50.93549,4.01571,1.8798116588643679,50.940799643952865,4.041179904581791,2023,5,13,41002,Aalst,Normaal,Droog,Dag,met lichtgewonden,3,Fiets,1,Autobus,Op Kruispunt,Gemeenteweg,binnen bebouwde kom,Tss. 2 best.: langs opzij (voor-/achterkant-flank),Geen hindernis
39475,11,Aalst 3,Aalst,50.93385,4.01647,1.8960851325493295,50.940799643952865,4.041179904581791,2023,5,13,41002,Aalst,Normaal,Droog,Dag,met lichtgewonden,3,Fiets,1,Autobus,Op Kruispunt,Gemeenteweg,binnen bebouwde kom,Tss. 2 best.: langs opzij (voor-/achterkant-flank),Geen hindernis
39475,19,Aalst 1,Aalst,50.93433,4.01471,1.989407241741027,50.940799643952865,4.041179904581791,2023,5,13,41002,Aalst,Normaal,Droog,Dag,met lichtgewonden,3,Fiets,1,Autobus,Op Kruispunt,Gemeenteweg,binnen bebouwde kom,Tss. 2 best.: langs opzij (voor-/achterkant-flank),Geen hindernis
39476,152,Opwijk,District Vilvoorde-gewestwegen,50.968901168564656,4.149169474840164,1.407986907311593,50.96304318530544,4.1313445674689735,2023,5,6,41002,Aalst,Normaal,Droog,Dag,met lichtgewonden,9,personenauto,3,Fiets,Buiten Kruispunt,Gemeenteweg,binnen bebouwde kom,Tss. 2 best.: langs opzij (voor-/achterkant-flank),Geen hindernis
39477,11,Aalst 3,Aalst,50.93385,4.01647,1.287277787506747,50.928737156263416,4.032949995211437,2023,5,15,41002,Aalst,Normaal,Droog,Dag,met lichtgewonden,9,personenauto,3,Fiets,Buiten Kruispunt,Gewestweg,binnen bebouwde kom,Tss. 2 best.: langs opzij (voor-/achterkant-flank),Geen hindernis
39477,19,Aalst 1,Aalst,50.93433,4.01471,1.4215206681996415,50.928737156263416,4.032949995211437,2023,5,15,41002,Aalst,Normaal,Droog,Dag,met lichtgewonden,9,personenauto,3,Fiets,Buiten Kruispunt,Gewestweg,binnen bebouwde kom,Tss. 2 best.: langs opzij (voor-/achterkant-flank),Geen hindernis
39477,10,Aalst 2,Aalst,50.93549,4.01571,1.4224985414401337,50.928737156263416,4.032949995211437,2023,5,15,41002,Aalst,Normaal,Droog,Dag,met lichtgewonden,9,personenauto,3,Fiets,Buiten Kruispunt,Gewestweg,binnen bebouwde kom,Tss. 2 best.: langs opzij (voor-/achterkant-flank),Geen hindernis
39478,11,Aalst 3,Aalst,50.93385,4.01647,1.3818931760841948,50.93557200362572,4.035999792409536,2023,5,12,41002,Aalst,Normaal,Droog,Dag,met zwaargewonden,3,Fiets,3,Fiets,Buiten Kruispunt,Gemeenteweg,binnen bebouwde kom,Tss. 2 best.: langs opzij (voor-/achterkant-flank),Geen hindernis
39478,10,Aalst 2,Aalst,50.93549,4.01571,1.4218247485217033,50.93557200362572,4.035999792409536,2023,5,12,41002,Aalst,Normaal,Droog,Dag,met zwaargewonden,3,Fiets,3,Fiets,Buiten Kruispunt,Gemeenteweg,binnen bebouwde kom,Tss. 2 best.: langs opzij (voor-/achterkant-flank),Geen hindernis
39478,19,Aalst 1,Aalst,50.93433,4.01471,1.4982670877613935,50.93557200362572,4.035999792409536,2023,5,12,41002,Aalst,Normaal,Droog,Dag,met zwaargewonden,3,Fiets,3,Fiets,Buiten Kruispunt,Gemeenteweg,binnen bebouwde kom,Tss. 2 best.: langs opzij (voor-/achterkant-flank),Geen hindernis
39479,11,Aalst 3,Aalst,50.93385,4.01647,2.253750077661749,50.93478664642588,4.048597036947548,2023,5,19,41002,Aalst,Normaal,Droog,Dag,met lichtgewonden,3,Fiets,2,Andere weggebruiker,Op Kruispunt,Gewestweg,binnen bebouwde kom,Tss. 2 best.: langs opzij (voor-/achterkant-flank),Geen hindernis
39479,10,Aalst 2,Aalst,50.93549,4.01571,2.305886312814657,50.93478664642588,4.048597036947548,2023,5,19,41002,Aalst,Normaal,Droog,Dag,met lichtgewonden,3,Fiets,2,Andere weggebruiker,Op Kruispunt,Gewestweg,binnen bebouwde kom,Tss. 2 best.: langs opzij (voor-/achterkant-flank),Geen hindernis
39479,19,Aalst 1,Aalst,50.93433,4.01471,2.375207047992019,50.93478664642588,4.048597036947548,2023,5,19,41002,Aalst,Normaal,Droog,Dag,met lichtgewonden,3,Fiets,2,Andere weggebruiker,Op Kruispunt,Gewestweg,binnen bebouwde kom,Tss. 2 best.: langs opzij (voor-/achterkant-flank),Geen hindernis
39480,10,Aalst 2,Aalst,50.93549,4.01571,1.457268148125262,50.946988057166095,4.025690433444556,2023,5,8,41002,Aalst,Normaal,Droog,Dag,met lichtgewonden,5,Lichte vrachtauto,3,Fiets,Op Kruispunt,Gewestweg,binnen bebouwde kom,Tussen 2 bestuurders: Flank tegen flank,Geen hindernis
39480,11,Aalst 3,Aalst,50.93385,4.01647,1.5973617970006904,50.946988057166095,4.025690433444556,2023,5,8,41002,Aalst,Normaal,Droog,Dag,met lichtgewonden,5,Lichte vrachtauto,3,Fiets,Op Kruispunt,Gewestweg,binnen bebouwde kom,Tussen 2 bestuurders: Flank tegen flank,Geen hindernis
39480,19,Aalst 1,Aalst,50.93433,4.01471,1.604059923464685,50.946988057166095,4.025690433444556,2023,5,8,41002,Aalst,Normaal,Droog,Dag,met lichtgewonden,5,Lichte vrachtauto,3,Fiets,Op Kruispunt,Gewestweg,binnen bebouwde kom,Tussen 2 bestuurders: Flank tegen flank,Geen hindernis
39481,11,Aalst 3,Aalst,50.93385,4.01647,1.5252119762250251,50.93846730804038,4.036965627831786,2023,5,11,41002,Aalst,Normaal,Droog+Proper,Dag,met lichtgewonden,3,Fiets,8,Voetganger,Buiten Kruispunt,Gemeenteweg,binnen bebouwde kom,Met een voetganger,Geen hindernis
39481,10,Aalst 2,Aalst,50.93549,4.01571,1.5257791415274338,50.93846730804038,4.036965627831786,2023,5,11,41002,Aalst,Normaal,Droog+Proper,Dag,met lichtgewonden,3,Fiets,8,Voetganger,Buiten Kruispunt,Gemeenteweg,binnen bebouwde kom,Met een voetganger,Geen hindernis
39481,19,Aalst 1,Aalst,50.93433,4.01471,1.6259613172281546,50.93846730804038,4.036965627831786,2023,5,11,41002,Aalst,Normaal,Droog+Proper,Dag,met lichtgewonden,3,Fiets,8,Voetganger,Buiten Kruispunt,Gemeenteweg,binnen bebouwde kom,Met een voetganger,Geen hindernis
39483,10,Aalst 2,Aalst,50.93549,4.01571,2.3690773659546154,50.94718734651087,4.043970444491154,2023,5,18,41002,Aalst,Normaal,Droog,Dag,met lichtgewonden,3,Fiets,10,"één bestuurder, geen hindernis",Buiten Kruispunt,Gemeenteweg,binnen bebouwde kom,"Eén bestuurder, geen hindernis (incl. val)",Geen hindernis
39483,11,Aalst 3,Aalst,50.93385,4.01647,2.4315129888241946,50.94718734651087,4.043970444491154,2023,5,18,41002,Aalst,Normaal,Droog,Dag,met lichtgewonden,3,Fiets,10,"één bestuurder, geen hindernis",Buiten Kruispunt,Gemeenteweg,binnen bebouwde kom,"Eén bestuurder, geen hindernis (incl. val)",Geen hindernis
39483,19,Aalst 1,Aalst,50.93433,4.01471,2.4994383445695596,50.94718734651087,4.043970444491154,2023,5,18,41002,Aalst,Normaal,Droog,Dag,met lichtgewonden,3,Fiets,10,"één bestuurder, geen hindernis",Buiten Kruispunt,Gemeenteweg,binnen bebouwde kom,"Eén bestuurder, geen hindernis (incl. val)",Geen hindernis
39490,122,Dendermonde teller 2,Dendermonde,51.0373918,4.1019222,1.2559875001113254,51.046317495422784,4.09091273217851,2023,5,17,42006,Dendermonde,Normaal,Proper,Dag,met lichtgewonden,3,Fiets,9,personenauto,Buiten Kruispunt,Gewestweg,buiten bebouwde kom,Tussen 2 bestuurders: Flank tegen flank,Geen hindernis
39490,125,Dendermonde totem,Dendermonde,51.0372706,4.1025998,1.2959985885717058,51.046317495422784,4.09091273217851,2023,5,17,42006,Dendermonde,Normaal,Proper,Dag,met lichtgewonden,3,Fiets,9,personenauto,Buiten Kruispunt,Gewestweg,buiten bebouwde kom,Tussen 2 bestuurders: Flank tegen flank,Geen hindernis
39491,122,Dendermonde teller 2,Dendermonde,51.0373918,4.1019222,0.9199605481807199,51.045659344841745,4.102417324143207,2023,5,6,42006,Dendermonde,Normaal,Droog,Dag,met lichtgewonden,9,personenauto,3,Fiets,Op Kruispunt,Gemeenteweg,binnen bebouwde kom,Tussen 2 bestuurders: Frontale botsing,Geen hindernis
39491,125,Dendermonde totem,Dendermonde,51.0372706,4.1025998,0.9328731072425545,51.045659344841745,4.102417324143207,2023,5,6,42006,Dendermonde,Normaal,Droog,Dag,met lichtgewonden,9,personenauto,3,Fiets,Op Kruispunt,Gemeenteweg,binnen bebouwde kom,Tussen 2 bestuurders: Frontale botsing,Geen hindernis
39494,125,Dendermonde totem,Dendermonde,51.0372706,4.1025998,0.6196288414248703,51.03247439859355,4.107111271182423,2023,5,13,42006,Dendermonde,Normaal,Droog,Dag,met lichtgewonden,9,personenauto,3,Fiets,Op Kruispunt,Gewestweg,binnen bebouwde kom,Tss. 2 best.: langs opzij (voor-/achterkant-flank),Geen hindernis
39494,122,Dendermonde teller 2,Dendermonde,51.0373918,4.1019222,0.6562276475846354,51.03247439859355,4.107111271182423,2023,5,13,42006,Dendermonde,Normaal,Droog,Dag,met lichtgewonden,9,personenauto,3,Fiets,Op Kruispunt,Gewestweg,binnen bebouwde kom,Tss. 2 best.: langs opzij (voor-/achterkant-flank),Geen hindernis
39496,122,Dendermonde teller 2,Dendermonde,51.0373918,4.1019222,1.7953424757040535,51.022068658297954,4.093831515137803,2023,5,20,42006,Dendermonde,Normaal,Droog,Dag,met lichtgewonden,3,Fiets,9,personenauto,Op Kruispunt,Gemeenteweg,binnen bebouwde kom,Tussen 2 bestuurders: Flank tegen flank,Geen hindernis
39496,125,Dendermonde totem,Dendermonde,51.0372706,4.1025998,1.7981601220240937,51.022068658297954,4.093831515137803,2023,5,20,42006,Dendermonde,Normaal,Droog,Dag,met lichtgewonden,3,Fiets,9,personenauto,Op Kruispunt,Gemeenteweg,binnen bebouwde kom,Tussen 2 bestuurders: Flank tegen flank,Geen hindernis
39498,53,Brugge teller 1,Brugge,51.23023,3.228,1.0265048856027261,51.227336440151,3.214000946977029,2023,5,23,31005,Brugge,Normaal,Droog,Dag,met lichtgewonden,3,Fiets,11,een weggebruiker tegen een hindernis,Buiten Kruispunt,Gemeenteweg,binnen bebouwde kom,Weggebruiker tegen hindernis buiten rijbaan,Andere hindernis
39498,54,Brugge teller 2,Brugge,51.23015,3.22818,1.0356934889626412,51.227336440151,3.214000946977029,2023,5,23,31005,Brugge,Normaal,Droog,Dag,met lichtgewonden,3,Fiets,11,een weggebruiker tegen een hindernis,Buiten Kruispunt,Gemeenteweg,binnen bebouwde kom,Weggebruiker tegen hindernis buiten rijbaan,Andere hindernis
39498,52,Brugge,Brugge,51.22632,3.24095,1.879986475554882,51.227336440151,3.214000946977029,2023,5,23,31005,Brugge,Normaal,Droog,Dag,met lichtgewonden,3,Fiets,11,een weggebruiker tegen een hindernis,Buiten Kruispunt,Gemeenteweg,binnen bebouwde kom,Weggebruiker tegen hindernis buiten rijbaan,Andere hindernis
39498,142,TEST Validatie BRUGGE Y2H22022134,Brugge,51.22632,3.24095,1.879986475554882,51.227336440151,3.214000946977029,2023,5,23,31005,Brugge,Normaal,Droog,Dag,met lichtgewonden,3,Fiets,11,een weggebruiker tegen een hindernis,Buiten Kruispunt,Gemeenteweg,binnen bebouwde kom,Weggebruiker tegen hindernis buiten rijbaan,Andere hindernis
39500,54,Brugge teller 2,Brugge,51.23015,3.22818,0.4451376143457284,51.23181837076316,3.2339914021732237,2023,5,18,31005,Brugge,Normaal,Droog,Dag,met lichtgewonden,9,personenauto,3,Fiets,Buiten Kruispunt,Gemeenteweg,binnen bebouwde kom,Tss. 2 best.: langs opzij (voor-/achterkant-flank),Geen hindernis
39500,53,Brugge teller 1,Brugge,51.23023,3.228,0.4530183366190817,51.23181837076316,3.2339914021732237,2023,5,18,31005,Brugge,Normaal,Droog,Dag,met lichtgewonden,9,personenauto,3,Fiets,Buiten Kruispunt,Gemeenteweg,binnen bebouwde kom,Tss. 2 best.: langs opzij (voor-/achterkant-flank),Geen hindernis
39500,52,Brugge,Brugge,51.22632,3.24095,0.7801111899907669,51.23181837076316,3.2339914021732237,2023,5,18,31005,Brugge,Normaal,Droog,Dag,met lichtgewonden,9,personenauto,3,Fiets,Buiten Kruispunt,Gemeenteweg,binnen bebouwde kom,Tss. 2 best.: langs opzij (voor-/achterkant-flank),Geen hindernis
39500,142,TEST Validatie BRUGGE Y2H22022134,Brugge,51.22632,3.24095,0.7801111899907669,51.23181837076316,3.2339914021732237,2023,5,18,31005,Brugge,Normaal,Droog,Dag,met lichtgewonden,9,personenauto,3,Fiets,Buiten Kruispunt,Gemeenteweg,binnen bebouwde kom,Tss. 2 best.: langs opzij (voor-/achterkant-flank),Geen hindernis
39501,142,TEST Validatie BRUGGE Y2H22022134,Brugge,51.22632,3.24095,0.6934428347187988,51.22149069088223,3.234649681981497,2023,5,18,31005,Brugge,Normaal,Droog,Dag,met lichtgewonden,3,Fiets,9,personenauto,Op Kruispunt,Gewestweg,binnen bebouwde kom,Tss. 2 best.: langs opzij (voor-/achterkant-flank),Geen hindernis
39501,52,Brugge,Brugge,51.22632,3.24095,0.6934428347187988,51.22149069088223,3.234649681981497,2023,5,18,31005,Brugge,Normaal,Droog,Dag,met lichtgewonden,3,Fiets,9,personenauto,Op Kruispunt,Gewestweg,binnen bebouwde kom,Tss. 2 best.: langs opzij (voor-/achterkant-flank),Geen hindernis
39501,54,Brugge teller 2,Brugge,51.23015,3.22818,1.063058046330183,51.22149069088223,3.234649681981497,2023,5,18,31005,Brugge,Normaal,Droog,Dag,met lichtgewonden,3,Fiets,9,personenauto,Op Kruispunt,Gewestweg,binnen bebouwde kom,Tss. 2 best.: langs opzij (voor-/achterkant-flank),Geen hindernis
39501,53,Brugge teller 1,Brugge,51.23023,3.228,1.0764539364475656,51.22149069088223,3.234649681981497,2023,5,18,31005,Brugge,Normaal,Droog,Dag,met lichtgewonden,3,Fiets,9,personenauto,Op Kruispunt,Gewestweg,binnen bebouwde kom,Tss. 2 best.: langs opzij (voor-/achterkant-flank),Geen hindernis
39502,142,TEST Validatie BRUGGE Y2H22022134,Brugge,51.22632,3.24095,1.8236759986281736,51.210356589759314,3.2469562386512925,2023,5,11,31005,Brugge,Normaal,Droog,Dag,met lichtgewonden,9,personenauto,3,Fiets,Buiten Kruispunt,Gewestweg,binnen bebouwde kom,Tss. 2 best.: langs opzij (voor-/achterkant-flank),Geen hindernis
39502,52,Brugge,Brugge,51.22632,3.24095,1.8236759986281736,51.210356589759314,3.2469562386512925,2023,5,11,31005,Brugge,Normaal,Droog,Dag,met lichtgewonden,9,personenauto,3,Fiets,Buiten Kruispunt,Gewestweg,binnen bebouwde kom,Tss. 2 best.: langs opzij (voor-/achterkant-flank),Geen hindernis
39504,20,Brugge,Brugge,51.17416,3.20048,1.8119803883027414,51.18739809482362,3.2156387337722667,2023,5,17,31005,Brugge,Normaal,Droog,Dag,met lichtgewonden,9,personenauto,3,Fiets,Op Kruispunt,Gemeenteweg,binnen bebouwde kom,Tss. 2 best.: langs opzij (voor-/achterkant-flank),Geen hindernis
39505,142,TEST Validatie BRUGGE Y2H22022134,Brugge,51.22632,3.24095,0.8536702362916712,51.21908759900059,3.236837967312142,2023,5,14,31005,Brugge,Normaal,Droog,Dag,met lichtgewonden,8,Voetganger,3,Fiets,Buiten Kruispunt,Gemeenteweg,binnen bebouwde kom,Met een voetganger,Geen hindernis
39505,52,Brugge,Brugge,51.22632,3.24095,0.8536702362916712,51.21908759900059,3.236837967312142,2023,5,14,31005,Brugge,Normaal,Droog,Dag,met lichtgewonden,8,Voetganger,3,Fiets,Buiten Kruispunt,Gemeenteweg,binnen bebouwde kom,Met een voetganger,Geen hindernis
39505,54,Brugge teller 2,Brugge,51.23015,3.22818,1.3698977450083658,51.21908759900059,3.236837967312142,2023,5,14,31005,Brugge,Normaal,Droog,Dag,met lichtgewonden,8,Voetganger,3,Fiets,Buiten Kruispunt,Gemeenteweg,binnen bebouwde kom,Met een voetganger,Geen hindernis
39505,53,Brugge teller 1,Brugge,51.23023,3.228,1.3834215297052095,51.21908759900059,3.236837967312142,2023,5,14,31005,Brugge,Normaal,Droog,Dag,met lichtgewonden,8,Voetganger,3,Fiets,Buiten Kruispunt,Gemeenteweg,binnen bebouwde kom,Met een voetganger,Geen hindernis
39517,20,Brugge,Brugge,51.17416,3.20048,2.2818993456111634,51.17757582557478,3.2327567618353736,2023,5,10,31022,Oostkamp,Onbekend,Onbekend,Dag,met lichtgewonden,9,personenauto,3,Fiets,Buiten Kruispunt,Gewestweg,binnen bebouwde kom,Tussen 2 bestuurders: Flank tegen flank,Geen hindernis
39532,15,Oostende 2,Oostende,51.21371,2.92743,0.47413264384564774,51.20985370505017,2.9303344527681703,2023,5,8,35013,Oostende,Regenval,"Nat, plassen",Dag,met lichtgewonden,9,personenauto,3,Fiets,Buiten Kruispunt,Gemeenteweg,binnen bebouwde kom,Tss. 2 best.: langs opzij (voor-/achterkant-flank),Geen hindernis
39532,18,Oostende 1,Oostende,51.21378,2.92765,0.47494374012956375,51.20985370505017,2.9303344527681703,2023,5,8,35013,Oostende,Regenval,"Nat, plassen",Dag,met lichtgewonden,9,personenauto,3,Fiets,Buiten Kruispunt,Gemeenteweg,binnen bebouwde kom,Tss. 2 best.: langs opzij (voor-/achterkant-flank),Geen hindernis