crash_row_id,site_id,site_name,site_gemeente,site_lat,site_long,distance_km,crash_lat,crash_long,DT_YEAR_COLLISION,DT_MONTH_COLLISION,DT_TIME,CD_NIS,TX_MUNTY_COLLISION_NL,TX_WEATHER_NL,TX_ROAD_CONDITION_NL,TX_LIGHT_CONDITION_NL,TX_CLASS_ACCIDENTS_NL,CD_ROAD_USR_TYPE1,TX_ROAD_USR_TYPE1_NL,CD_ROAD_USR_TYPE2,TX_ROAD_USR_TYPE2_NL,TX_CROSSWAY_NL,CD_ROAD_TYPE_NL,TX_BUILD_UP_AREA_NL,TX_COLLISION_TYPE_NL,TX_OBSTACLES_NL
39533,18,Oostende 1,Oostende,51.21378,2.92765,2.4649635570738098,51.23481826340586,2.9164945210509483,2023,5,11,35013,Oostende,"Sterke wind, rukwind",Droog,Dag,met lichtgewonden,3,Fiets,8,Voetganger,Buiten Kruispunt,Gewestweg,binnen bebouwde kom,Met een voetganger,Geen hindernis
39533,15,Oostende 2,Oostende,51.21371,2.92743,2.4675808917250355,51.23481826340586,2.9164945210509483,2023,5,11,35013,Oostende,"Sterke wind, rukwind",Droog,Dag,met lichtgewonden,3,Fiets,8,Voetganger,Buiten Kruispunt,Gewestweg,binnen bebouwde kom,Met een voetganger,Geen hindernis
39534,15,Oostende 2,Oostende,51.21371,2.92743,0.4613066351274308,51.2099590603239,2.9302593907397707,2023,5,12,35013,Oostende,Normaal,Droog,Dag,met lichtgewonden,5,Lichte vrachtauto,3,Fiets,Op Kruispunt,Gemeenteweg,binnen bebouwde kom,Tussen 2 bestuurders: Langs achteren,Geen hindernis
39534,18,Oostende 1,Oostende,51.21378,2.92765,0.46211633061521173,51.2099590603239,2.9302593907397707,2023,5,12,35013,Oostende,Normaal,Droog,Dag,met lichtgewonden,5,Lichte vrachtauto,3,Fiets,Op Kruispunt,Gemeenteweg,binnen bebouwde kom,Tussen 2 bestuurders: Langs achteren,Geen hindernis
39536,18,Oostende 1,Oostende,51.21378,2.92765,2.1446634856209723,51.232361371520916,2.919393742902091,2023,5,15,35013,Oostende,Normaal,Droog,Dag,met lichtgewonden,3,Fiets,9,personenauto,Buiten Kruispunt,Gemeenteweg,binnen bebouwde kom,Tussen 2 bestuurders: Flank tegen flank,Geen hindernis
39536,15,Oostende 2,Oostende,51.21371,2.92743,2.148120963678517,51.232361371520916,2.919393742902091,2023,5,15,35013,Oostende,Normaal,Droog,Dag,met lichtgewonden,3,Fiets,9,personenauto,Buiten Kruispunt,Gemeenteweg,binnen bebouwde kom,Tussen 2 bestuurders: Flank tegen flank,Geen hindernis
39537,15,Oostende 2,Oostende,51.21371,2.92743,1.759939922188569,51.22465253861528,2.909172387670088,2023,5,19,35013,Oostende,Normaal,Droog,Dag,met lichtgewonden,9,personenauto,3,Fiets,Op Kruispunt,Gewestweg,binnen bebouwde kom,Tussen 2 bestuurders: Frontale botsing,Geen hindernis
39537,18,Oostende 1,Oostende,51.21378,2.92765,1.765702762010905,51.22465253861528,2.909172387670088,2023,5,19,35013,Oostende,Normaal,Droog,Dag,met lichtgewonden,9,personenauto,3,Fiets,Op Kruispunt,Gewestweg,binnen bebouwde kom,Tussen 2 bestuurders: Frontale botsing,Geen hindernis
39538,15,Oostende 2,Oostende,51.21371,2.92743,1.4468215966546427,51.21798114150795,2.9078086428679866,2023,5,16,35013,Oostende,Normaal,Droog,Dag,met zwaargewonden,3,Fiets,3,Fiets,Buiten Kruispunt,Gemeenteweg,binnen bebouwde kom,Tussen 2 bestuurders: Frontale botsing,Geen hindernis
39538,18,Oostende 1,Oostende,51.21378,2.92765,1.4587922950335792,51.21798114150795,2.9078086428679866,2023,5,16,35013,Oostende,Normaal,Droog,Dag,met zwaargewonden,3,Fiets,3,Fiets,Buiten Kruispunt,Gemeenteweg,binnen bebouwde kom,Tussen 2 bestuurders: Frontale botsing,Geen hindernis
39539,15,Oostende 2,Oostende,51.21371,2.92743,0.13056409417062673,51.214605035469724,2.926216701397517,2023,5,16,35013,Oostende,Normaal,Droog,Dag,met lichtgewonden,3,Fiets,9,personenauto,Op Kruispunt,Gewestweg,buiten bebouwde kom,Tussen 2 bestuurders: Frontale botsing,Geen hindernis
39539,18,Oostende 1,Oostende,51.21378,2.92765,0.13558436468721807,51.214605035469724,2.926216701397517,2023,5,16,35013,Oostende,Normaal,Droog,Dag,met lichtgewonden,3,Fiets,9,personenauto,Op Kruispunt,Gewestweg,buiten bebouwde kom,Tussen 2 bestuurders: Frontale botsing,Geen hindernis
39540,18,Oostende 1,Oostende,51.21378,2.92765,1.6774230881425352,51.22835438353644,2.921433881189143,2023,5,21,35013,Oostende,Normaal,Droog,Dag,met lichtgewonden,9,personenauto,3,Fiets,Buiten Kruispunt,Gewestweg,binnen bebouwde kom,Tussen 2 bestuurders: Flank tegen flank,Geen hindernis
39540,15,Oostende 2,Oostende,51.21371,2.92743,1.6810729947217746,51.22835438353644,2.921433881189143,2023,5,21,35013,Oostende,Normaal,Droog,Dag,met lichtgewonden,9,personenauto,3,Fiets,Buiten Kruispunt,Gewestweg,binnen bebouwde kom,Tussen 2 bestuurders: Flank tegen flank,Geen hindernis
39541,15,Oostende 2,Oostende,51.21371,2.92743,1.6925725244111955,51.20809958364244,2.9048426016402797,2023,5,12,35013,Oostende,Normaal,Droog,Dag,met lichtgewonden,9,personenauto,3,Fiets,Op Kruispunt,Gewestweg,binnen bebouwde kom,Tss. 2 best.: langs opzij (voor-/achterkant-flank),Geen hindernis
39541,18,Oostende 1,Oostende,51.21378,2.92765,1.7096870092248857,51.20809958364244,2.9048426016402797,2023,5,12,35013,Oostende,Normaal,Droog,Dag,met lichtgewonden,9,personenauto,3,Fiets,Op Kruispunt,Gewestweg,binnen bebouwde kom,Tss. 2 best.: langs opzij (voor-/achterkant-flank),Geen hindernis
39542,18,Oostende 1,Oostende,51.21378,2.92765,1.8743184479440713,51.222270193398714,2.9508983665705033,2023,5,21,35002,Bredene,Normaal,Droog,Dageraad - schemering,met lichtgewonden,3,Fiets,3,Fiets,Buiten Kruispunt,Gewestweg,binnen bebouwde kom,Tussen 2 bestuurders: Frontale botsing,Geen hindernis
39542,15,Oostende 2,Oostende,51.21371,2.92743,1.8914772344524975,51.222270193398714,2.9508983665705033,2023,5,21,35002,Bredene,Normaal,Droog,Dageraad - schemering,met lichtgewonden,3,Fiets,3,Fiets,Buiten Kruispunt,Gewestweg,binnen bebouwde kom,Tussen 2 bestuurders: Frontale botsing,Geen hindernis
39545,56,Torhout teller 2,Torhout,51.07147,3.08244,0.1791547020984216,51.07156199635207,3.0798800434861526,2023,5,11,31033,Torhout,Normaal,Droog,Dag,met lichtgewonden,3,Fiets,3,Fiets,Op Kruispunt,Gemeenteweg,binnen bebouwde kom,Tss. 2 best.: langs opzij (voor-/achterkant-flank),Geen hindernis
39545,55,Torhout teller 1,Torhout,51.07161,3.08261,0.19081458483879446,51.07156199635207,3.0798800434861526,2023,5,11,31033,Torhout,Normaal,Droog,Dag,met lichtgewonden,3,Fiets,3,Fiets,Op Kruispunt,Gemeenteweg,binnen bebouwde kom,Tss. 2 best.: langs opzij (voor-/achterkant-flank),Geen hindernis
39547,55,Torhout teller 1,Torhout,51.07161,3.08261,1.6990032701434834,51.06921974748108,3.106626916718688,2023,5,8,31033,Torhout,Normaal,Droog,Dag,met zwaargewonden,3,Fiets,3,Fiets,Buiten Kruispunt,Gemeenteweg,binnen bebouwde kom,Kettingbotsing (3 bestuurders of meer),Geen hindernis
39547,56,Torhout teller 2,Torhout,51.07147,3.08244,1.7083892799589806,51.06921974748108,3.106626916718688,2023,5,8,31033,Torhout,Normaal,Droog,Dag,met zwaargewonden,3,Fiets,3,Fiets,Buiten Kruispunt,Gemeenteweg,binnen bebouwde kom,Kettingbotsing (3 bestuurders of meer),Geen hindernis
39550,51,"Brugge, Sint-Andries",Brugge,51.19281,3.16252,1.6644058700967999,51.184664379263324,3.142483694738021,2023,5,8,31012,Jabbeke,Normaal,Droog,Dag,met lichtgewonden,9,personenauto,3,Fiets,Op Kruispunt,Gewestweg,binnen bebouwde kom,Tss. 2 best.: langs opzij (voor-/achterkant-flank),Geen hindernis
39550,50,"Brugge, Sint-Andries",Brugge,51.19291,3.16252,1.6704817601181454,51.184664379263324,3.142483694738021,2023,5,8,31012,Jabbeke,Normaal,Droog,Dag,met lichtgewonden,9,personenauto,3,Fiets,Op Kruispunt,Gewestweg,binnen bebouwde kom,Tss. 2 best.: langs opzij (voor-/achterkant-flank),Geen hindernis
39563,84,Roeselare totem,Izegem,50.91717,3.18772,2.097969803526706,50.92235207192707,3.216498024003465,2023,5,8,36008,Izegem,Normaal,"Vuil (zand, grint, bladeren,...)",Dag,met lichtgewonden,3,Fiets,10,"één bestuurder, geen hindernis",Buiten Kruispunt,Gemeenteweg,binnen bebouwde kom,"Eén bestuurder, geen hindernis (incl. val)",Geen hindernis
39567,84,Roeselare totem,Izegem,50.91717,3.18772,1.8994912717523231,50.92010590263908,3.214413735897329,2023,5,0,36008,Izegem,Normaal,Droog,"Nacht, openbare verlichting aanwezig en ontstoken",met lichtgewonden,3,Fiets,11,een weggebruiker tegen een hindernis,Op Kruispunt,Gemeenteweg,binnen bebouwde kom,Weggebruiker tegen hindernis op de rijbaan,"Op de rijbaan: Werken (signal., aarde, toestel,…)"
39569,84,Roeselare totem,Izegem,50.91717,3.18772,1.8451331047526534,50.91783613176631,3.2140196302341613,2023,5,15,36008,Izegem,Normaal,Droog,Dag,met lichtgewonden,3,Fiets,3,Fiets,Buiten Kruispunt,Gewestweg,binnen bebouwde kom,Tss. 2 best.: langs opzij (voor-/achterkant-flank),Geen hindernis
39576,61,Wervik teller 2,Wervik,50.80555,3.0921,2.2397018176465293,50.81487804968121,3.12035164325718,2023,5,17,34027,Menen,Normaal,Droog,Dag,met lichtgewonden,9,personenauto,3,Fiets,Op Kruispunt,Gewestweg,buiten bebouwde kom,Tss. 2 best.: langs opzij (voor-/achterkant-flank),Geen hindernis
39576,62,Wervik teller 1,Wervik,50.8058,3.09154,2.262102667391508,50.81487804968121,3.12035164325718,2023,5,17,34027,Menen,Normaal,Droog,Dag,met lichtgewonden,9,personenauto,3,Fiets,Op Kruispunt,Gewestweg,buiten bebouwde kom,Tss. 2 best.: langs opzij (voor-/achterkant-flank),Geen hindernis
39578,75,Kortrijk teller 2,Kortrijk,50.81925,3.25731,2.454162405630874,50.82869839201971,3.22573490603447,2023,5,19,34022,Kortrijk,Onbekend,Droog,Dag,met lichtgewonden,9,personenauto,3,Fiets,Op Kruispunt,Gemeenteweg,binnen bebouwde kom,Tss. 2 best.: langs opzij (voor-/achterkant-flank),Geen hindernis
39578,74,Kortrijk teller 1,Kortrijk,50.81909,3.25728,2.4599363288853424,50.82869839201971,3.22573490603447,2023,5,19,34022,Kortrijk,Onbekend,Droog,Dag,met lichtgewonden,9,personenauto,3,Fiets,Op Kruispunt,Gemeenteweg,binnen bebouwde kom,Tss. 2 best.: langs opzij (voor-/achterkant-flank),Geen hindernis
39579,75,Kortrijk teller 2,Kortrijk,50.81925,3.25731,0.6015507771210574,50.82032740013781,3.2489183755143625,2023,5,11,34022,Kortrijk,Normaal,Droog,Dag,met zwaargewonden,4,Vrachtwagen,3,Fiets,Op Kruispunt,Gemeenteweg,binnen bebouwde kom,Tss. 2 best.: langs opzij (voor-/achterkant-flank),Geen hindernis
39579,74,Kortrijk teller 1,Kortrijk,50.81909,3.25728,0.6032939651801277,50.82032740013781,3.2489183755143625,2023,5,11,34022,Kortrijk,Normaal,Droog,Dag,met zwaargewonden,4,Vrachtwagen,3,Fiets,Op Kruispunt,Gemeenteweg,binnen bebouwde kom,Tss. 2 best.: langs opzij (voor-/achterkant-flank),Geen hindernis
39579,143,Eco Display Classic Budastraat,Kortrijk,50.83066,3.26286,1.5096352857353788,50.82032740013781,3.2489183755143625,2023,5,11,34022,Kortrijk,Normaal,Droog,Dag,met zwaargewonden,4,Vrachtwagen,3,Fiets,Op Kruispunt,Gemeenteweg,binnen bebouwde kom,Tss. 2 best.: langs opzij (voor-/achterkant-flank),Geen hindernis
39579,16,Kortrijk 1,Kortrijk,50.83332,3.27777,2.488739661467551,50.82032740013781,3.2489183755143625,2023,5,11,34022,Kortrijk,Normaal,Droog,Dag,met zwaargewonden,4,Vrachtwagen,3,Fiets,Op Kruispunt,Gemeenteweg,binnen bebouwde kom,Tss. 2 best.: langs opzij (voor-/achterkant-flank),Geen hindernis
39579,17,Kortrijk 2,Kortrijk,50.83339,3.27773,2.490981888733906,50.82032740013781,3.2489183755143625,2023,5,11,34022,Kortrijk,Normaal,Droog,Dag,met zwaargewonden,4,Vrachtwagen,3,Fiets,Op Kruispunt,Gemeenteweg,binnen bebouwde kom,Tss. 2 best.: langs opzij (voor-/achterkant-flank),Geen hindernis
39580,17,Kortrijk 2,Kortrijk,50.83339,3.27773,2.3220333466038587,50.85094131274517,3.2956490342881626,2023,5,20,34023,Kuurne,Normaal,Droog,"Nacht, openbare verlichting aanwezig en ontstoken",met lichtgewonden,8,Voetganger,3,Fiets,Buiten Kruispunt,Gemeenteweg,binnen bebouwde kom,Met een voetganger,Geen hindernis
39580,16,Kortrijk 1,Kortrijk,50.83332,3.27777,2.327063300849549,50.85094131274517,3.2956490342881626,2023,5,20,34023,Kuurne,Normaal,Droog,"Nacht, openbare verlichting aanwezig en ontstoken",met lichtgewonden,8,Voetganger,3,Fiets,Buiten Kruispunt,Gemeenteweg,binnen bebouwde kom,Met een voetganger,Geen hindernis
39581,74,Kortrijk teller 1,Kortrijk,50.81909,3.25728,0.8148303346856982,50.8131731662488,3.264122515320928,2023,5,15,34022,Kortrijk,Normaal,Droog,Dag,met lichtgewonden,3,Fiets,3,Fiets,Op Kruispunt,Gemeenteweg,binnen bebouwde kom,Tss. 2 best.: langs opzij (voor-/achterkant-flank),Geen hindernis
39581,75,Kortrijk teller 2,Kortrijk,50.81925,3.25731,0.8280415125663649,50.8131731662488,3.264122515320928,2023,5,15,34022,Kortrijk,Normaal,Droog,Dag,met lichtgewonden,3,Fiets,3,Fiets,Op Kruispunt,Gemeenteweg,binnen bebouwde kom,Tss. 2 best.: langs opzij (voor-/achterkant-flank),Geen hindernis
39581,143,Eco Display Classic Budastraat,Kortrijk,50.83066,3.26286,1.946468624299005,50.8131731662488,3.264122515320928,2023,5,15,34022,Kortrijk,Normaal,Droog,Dag,met lichtgewonden,3,Fiets,3,Fiets,Op Kruispunt,Gemeenteweg,binnen bebouwde kom,Tss. 2 best.: langs opzij (voor-/achterkant-flank),Geen hindernis
39581,16,Kortrijk 1,Kortrijk,50.83332,3.27777,2.4367221783971105,50.8131731662488,3.264122515320928,2023,5,15,34022,Kortrijk,Normaal,Droog,Dag,met lichtgewonden,3,Fiets,3,Fiets,Op Kruispunt,Gemeenteweg,binnen bebouwde kom,Tss. 2 best.: langs opzij (voor-/achterkant-flank),Geen hindernis
39581,17,Kortrijk 2,Kortrijk,50.83339,3.27773,2.442778997672829,50.8131731662488,3.264122515320928,2023,5,15,34022,Kortrijk,Normaal,Droog,Dag,met lichtgewonden,3,Fiets,3,Fiets,Op Kruispunt,Gemeenteweg,binnen bebouwde kom,Tss. 2 best.: langs opzij (voor-/achterkant-flank),Geen hindernis
39582,143,Eco Display Classic Budastraat,Kortrijk,50.83066,3.26286,0.137654418523452,50.82980079659998,3.2642710336694596,2023,5,10,34022,Kortrijk,Normaal,Droog,Dag,met lichtgewonden,3,Fiets,9,personenauto,Op Kruispunt,Gemeenteweg,binnen bebouwde kom,Tussen 2 bestuurders: Langs achteren,Geen hindernis
39582,16,Kortrijk 1,Kortrijk,50.83332,3.27777,1.025631442689055,50.82980079659998,3.2642710336694596,2023,5,10,34022,Kortrijk,Normaal,Droog,Dag,met lichtgewonden,3,Fiets,9,personenauto,Op Kruispunt,Gemeenteweg,binnen bebouwde kom,Tussen 2 bestuurders: Langs achteren,Geen hindernis
39582,17,Kortrijk 2,Kortrijk,50.83339,3.27773,1.026037121069508,50.82980079659998,3.2642710336694596,2023,5,10,34022,Kortrijk,Normaal,Droog,Dag,met lichtgewonden,3,Fiets,9,personenauto,Op Kruispunt,Gemeenteweg,binnen bebouwde kom,Tussen 2 bestuurders: Langs achteren,Geen hindernis
39582,75,Kortrijk teller 2,Kortrijk,50.81925,3.25731,1.271008464160645,50.82980079659998,3.2642710336694596,2023,5,10,34022,Kortrijk,Normaal,Droog,Dag,met lichtgewonden,3,Fiets,9,personenauto,Op Kruispunt,Gemeenteweg,binnen bebouwde kom,Tussen 2 bestuurders: Langs achteren,Geen hindernis
39582,74,Kortrijk teller 1,Kortrijk,50.81909,3.25728,1.2882507792287632,50.82980079659998,3.2642710336694596,2023,5,10,34022,Kortrijk,Normaal,Droog,Dag,met lichtgewonden,3,Fiets,9,personenauto,Op Kruispunt,Gemeenteweg,binnen bebouwde kom,Tussen 2 bestuurders: Langs achteren,Geen hindernis
39583,16,Kortrijk 1,Kortrijk,50.83332,3.27777,1.2112897815317545,50.82877035037956,3.2934407796489396,2023,5,7,34022,Kortrijk,Normaal,Droog,Dag,met lichtgewonden,9,personenauto,3,Fiets,Buiten Kruispunt,Gemeenteweg,buiten bebouwde kom,Tss. 2 best.: langs opzij (voor-/achterkant-flank),Geen hindernis
39583,17,Kortrijk 2,Kortrijk,50.83339,3.27773,1.2171067062135092,50.82877035037956,3.2934407796489396,2023,5,7,34022,Kortrijk,Normaal,Droog,Dag,met lichtgewonden,9,personenauto,3,Fiets,Buiten Kruispunt,Gemeenteweg,buiten bebouwde kom,Tss. 2 best.: langs opzij (voor-/achterkant-flank),Geen hindernis
39583,143,Eco Display Classic Budastraat,Kortrijk,50.83066,3.26286,2.158056403294815,50.82877035037956,3.2934407796489396,2023,5,7,34022,Kortrijk,Normaal,Droog,Dag,met lichtgewonden,9,personenauto,3,Fiets,Buiten Kruispunt,Gemeenteweg,buiten bebouwde kom,Tss. 2 best.: langs opzij (voor-/achterkant-flank),Geen hindernis
39609,64,Nieuwpoort teller 1,Nieuwpoort,51.13359,2.75737,0.13504795642472373,51.13313876119502,2.75557309149752,2023,5,12,38016,Nieuwpoort,Normaal,Droog,Dag,met zwaargewonden,3,Fiets,11,een weggebruiker tegen een hindernis,Buiten Kruispunt,Gemeenteweg,binnen bebouwde kom,Weggebruiker tegen hindernis op de rijbaan,"Op de rijbaan: Verkeersdrempel, ezelsrug"
39609,65,Nieuwpoort teller 2,Nieuwpoort,51.13435,2.75511,0.1385054638228101,51.13313876119502,2.75557309149752,2023,5,12,38016,Nieuwpoort,Normaal,Droog,Dag,met zwaargewonden,3,Fiets,11,een weggebruiker tegen een hindernis,Buiten Kruispunt,Gemeenteweg,binnen bebouwde kom,Weggebruiker tegen hindernis op de rijbaan,"Op de rijbaan: Verkeersdrempel, ezelsrug"
39609,66,Nieuwpoort totem,Nieuwpoort,51.1347,2.74369,0.8471224727289666,51.13313876119502,2.75557309149752,2023,5,12,38016,Nieuwpoort,Normaal,Droog,Dag,met zwaargewonden,3,Fiets,11,een weggebruiker tegen een hindernis,Buiten Kruispunt,Gemeenteweg,binnen bebouwde kom,Weggebruiker tegen hindernis op de rijbaan,"Op de rijbaan: Verkeersdrempel, ezelsrug"
39609,63,Nieuwpoort teller 3,Nieuwpoort,51.13529,2.74289,0.9167171492420632,51.13313876119502,2.75557309149752,2023,5,12,38016,Nieuwpoort,Normaal,Droog,Dag,met zwaargewonden,3,Fiets,11,een weggebruiker tegen een hindernis,Buiten Kruispunt,Gemeenteweg,binnen bebouwde kom,Weggebruiker tegen hindernis op de rijbaan,"Op de rijbaan: Verkeersdrempel, ezelsrug"
39610,65,Nieuwpoort teller 2,Nieuwpoort,51.13435,2.75511,0.29405756056261295,51.13208114246888,2.752944944371135,2023,5,16,38016,Nieuwpoort,Normaal,Droog,Dag,met lichtgewonden,3,Fiets,3,Fiets,Buiten Kruispunt,Gemeenteweg,binnen bebouwde kom,Tussen 2 bestuurders: Frontale botsing,Geen hindernis
39610,64,Nieuwpoort teller 1,Nieuwpoort,51.13359,2.75737,0.3514050846159378,51.13208114246888,2.752944944371135,2023,5,16,38016,Nieuwpoort,Normaal,Droog,Dag,met lichtgewonden,3,Fiets,3,Fiets,Buiten Kruispunt,Gemeenteweg,binnen bebouwde kom,Tussen 2 bestuurders: Frontale botsing,Geen hindernis
39610,66,Nieuwpoort totem,Nieuwpoort,51.1347,2.74369,0.7083930426546288,51.13208114246888,2.752944944371135,2023,5,16,38016,Nieuwpoort,Normaal,Droog,Dag,met lichtgewonden,3,Fiets,3,Fiets,Buiten Kruispunt,Gemeenteweg,binnen bebouwde kom,Tussen 2 bestuurders: Frontale botsing,Geen hindernis
39610,63,Nieuwpoort teller 3,Nieuwpoort,51.13529,2.74289,0.7871074033348121,51.13208114246888,2.752944944371135,2023,5,16,38016,Nieuwpoort,Normaal,Droog,Dag,met lichtgewonden,3,Fiets,3,Fiets,Buiten Kruispunt,Gemeenteweg,binnen bebouwde kom,Tussen 2 bestuurders: Frontale botsing,Geen hindernis
39611,66,Nieuwpoort totem,Nieuwpoort,51.1347,2.74369,0.5608899726028513,51.130879782583676,2.74893913542387,2023,5,18,38016,Nieuwpoort,Normaal,Droog,Dag,met lichtgewonden,3,Fiets,9,personenauto,Buiten Kruispunt,Gemeenteweg,binnen bebouwde kom,Tussen 2 bestuurders: Flank tegen flank,Geen hindernis
39611,65,Nieuwpoort teller 2,Nieuwpoort,51.13435,2.75511,0.5781861493780617,51.130879782583676,2.74893913542387,2023,5,18,38016,Nieuwpoort,Normaal,Droog,Dag,met lichtgewonden,3,Fiets,9,personenauto,Buiten Kruispunt,Gemeenteweg,binnen bebouwde kom,Tussen 2 bestuurders: Flank tegen flank,Geen hindernis
39611,63,Nieuwpoort teller 3,Nieuwpoort,51.13529,2.74289,0.6470263065446622,51.130879782583676,2.74893913542387,2023,5,18,38016,Nieuwpoort,Normaal,Droog,Dag,met lichtgewonden,3,Fiets,9,personenauto,Buiten Kruispunt,Gemeenteweg,binnen bebouwde kom,Tussen 2 bestuurders: Flank tegen flank,Geen hindernis
39611,64,Nieuwpoort teller 1,Nieuwpoort,51.13359,2.75737,0.6609835298735214,51.130879782583676,2.74893913542387,2023,5,18,38016,Nieuwpoort,Normaal,Droog,Dag,met lichtgewonden,3,Fiets,9,personenauto,Buiten Kruispunt,Gemeenteweg,binnen bebouwde kom,Tussen 2 bestuurders: Flank tegen flank,Geen hindernis
39618,67,Ieper totem,Ieper,50.85018,2.85624,2.487236895978353,50.842856537662506,2.889713901050675,2023,5,16,33011,Ieper,Onbekend,Onbekend,Onbekend,met lichtgewonden,9,personenauto,3,Fiets,Op Kruispunt,Gewestweg,binnen bebouwde kom,Tss. 2 best.: langs opzij (voor-/achterkant-flank),Geen hindernis
39619,67,Ieper totem,Ieper,50.85018,2.85624,2.148850172312845,50.85216287522143,2.886688205774595,2023,5,12,33011,Ieper,Normaal,Droog,Dag,met lichtgewonden,3,Fiets,9,personenauto,Buiten Kruispunt,Gewestweg,binnen bebouwde kom,Tss. 2 best.: langs opzij (voor-/achterkant-flank),Geen hindernis
39619,68,Ieper,Ieper,50.85032,2.85608,2.158486732702247,50.85216287522143,2.886688205774595,2023,5,12,33011,Ieper,Normaal,Droog,Dag,met lichtgewonden,3,Fiets,9,personenauto,Buiten Kruispunt,Gewestweg,binnen bebouwde kom,Tss. 2 best.: langs opzij (voor-/achterkant-flank),Geen hindernis
39624,67,Ieper totem,Ieper,50.85018,2.85624,1.3316761982828884,50.847204922450366,2.874613736261236,2023,5,7,33011,Ieper,Onbekend,Onbekend,Onbekend,met lichtgewonden,9,personenauto,3,Fiets,Op Kruispunt,Gemeenteweg,onbekend,Tss. 2 best.: langs opzij (voor-/achterkant-flank),Geen hindernis
39624,68,Ieper,Ieper,50.85032,2.85608,1.3464783117553973,50.847204922450366,2.874613736261236,2023,5,7,33011,Ieper,Onbekend,Onbekend,Onbekend,met lichtgewonden,9,personenauto,3,Fiets,Op Kruispunt,Gemeenteweg,onbekend,Tss. 2 best.: langs opzij (voor-/achterkant-flank),Geen hindernis
39629,41,Maasmechelen teller 1,Maasmechelen,50.97025,5.69799,0.6689929439387633,50.971840162497074,5.688775564479968,2023,5,12,73107,Maasmechelen,Normaal,Droog+Proper,Dag,met lichtgewonden,3,Fiets,10,"één bestuurder, geen hindernis",Buiten Kruispunt,Gemeenteweg,binnen bebouwde kom,"Eén bestuurder, geen hindernis (incl. val)",Geen hindernis
39629,42,Maasmechelen teller 2,Maasmechelen,50.97043,5.6981,0.6714691903205919,50.971840162497074,5.688775564479968,2023,5,12,73107,Maasmechelen,Normaal,Droog+Proper,Dag,met lichtgewonden,3,Fiets,10,"één bestuurder, geen hindernis",Buiten Kruispunt,Gemeenteweg,binnen bebouwde kom,"Eén bestuurder, geen hindernis (incl. val)",Geen hindernis
39630,35,Lanaken teller 1,Lanaken,50.88112,5.6314,2.379267590787276,50.882483771415295,5.665245315454096,2023,5,13,73042,Lanaken,Normaal,Droog,Dag,met zwaargewonden,3,Fiets,11,een weggebruiker tegen een hindernis,Buiten Kruispunt,Gemeenteweg,buiten bebouwde kom,Weggebruiker tegen hindernis op de rijbaan,Op de rijbaan: Container
39630,36,Lanaken teller 2,Lanaken,50.88131,5.63012,2.46767791340779,50.882483771415295,5.665245315454096,2023,5,13,73042,Lanaken,Normaal,Droog,Dag,met zwaargewonden,3,Fiets,11,een weggebruiker tegen een hindernis,Buiten Kruispunt,Gemeenteweg,buiten bebouwde kom,Weggebruiker tegen hindernis op de rijbaan,Op de rijbaan: Container
39639,124,Beveren teller 2,Beveren,51.1964712,4.2361077,1.900974617158977,51.2133683288943,4.231959134534778,2023,5,16,46003,Beveren,Normaal,Droog,Dag,met zwaargewonden,3,Fiets,10,"één bestuurder, geen hindernis",Buiten Kruispunt,Gemeenteweg,binnen bebouwde kom,"Eén bestuurder, geen hindernis (incl. val)",Geen hindernis
39640,124,Beveren teller 2,Beveren,51.1964712,4.2361077,2.2822722912238516,51.213117794236716,4.255271534315286,2023,5,18,46003,Beveren,Normaal,Droog,Dag,met lichtgewonden,3,Fiets,5,Lichte vrachtauto,Op Kruispunt,Gemeenteweg,binnen bebouwde kom,Tss. 2 best.: langs opzij (voor-/achterkant-flank),Geen hindernis
39642,124,Beveren teller 2,Beveren,51.1964712,4.2361077,0.7981750351024809,51.203067273596886,4.240626597124741,2023,5,13,46003,Beveren,Normaal,Droog,Dag,met lichtgewonden,3,Fiets,9,personenauto,Buiten Kruispunt,Gewestweg,binnen bebouwde kom,Tss. 2 best.: langs opzij (voor-/achterkant-flank),Geen hindernis
39643,124,Beveren teller 2,Beveren,51.1964712,4.2361077,1.2858306977769849,51.20726103841249,4.242745815688818,2023,5,18,46003,Beveren,Normaal,Droog,Dag,met lichtgewonden,9,personenauto,3,Fiets,Buiten Kruispunt,Gemeenteweg,binnen bebouwde kom,Tussen 2 bestuurders: Frontale botsing,Geen hindernis
39645,106,St. pieters leeuw teller 1,Sint-Pieters-Leeuw,50.75533,4.24951,2.351189894876971,50.76007305396507,4.216936671056465,2023,5,8,23027,Halle,Normaal,Droog,Dag,met lichtgewonden,9,personenauto,3,Fiets,Op Kruispunt,Gemeenteweg,buiten bebouwde kom,Tss. 2 best.: langs opzij (voor-/achterkant-flank),Geen hindernis
39645,105,St. pieters leeuw teller 2,Halle,50.75509,4.24943,2.3518559263279672,50.76007305396507,4.216936671056465,2023,5,8,23027,Halle,Normaal,Droog,Dag,met lichtgewonden,9,personenauto,3,Fiets,Op Kruispunt,Gemeenteweg,buiten bebouwde kom,Tss. 2 best.: langs opzij (voor-/achterkant-flank),Geen hindernis
39646,106,St. pieters leeuw teller 1,Sint-Pieters-Leeuw,50.75533,4.24951,1.4614404401210561,50.753932187486846,4.270167009543613,2023,5,8,23003,Beersel,Onbekend,Onbekend,Onbekend,met lichtgewonden,3,Fiets,3,Fiets,Buiten Kruispunt,Gemeenteweg,onbekend,Tussen 2 bestuurders: Langs achteren,Geen hindernis