crash_row_id,site_id,site_name,site_gemeente,site_lat,site_long,distance_km,crash_lat,crash_long,DT_YEAR_COLLISION,DT_MONTH_COLLISION,DT_TIME,CD_NIS,TX_MUNTY_COLLISION_NL,TX_WEATHER_NL,TX_ROAD_CONDITION_NL,TX_LIGHT_CONDITION_NL,TX_CLASS_ACCIDENTS_NL,CD_ROAD_USR_TYPE1,TX_ROAD_USR_TYPE1_NL,CD_ROAD_USR_TYPE2,TX_ROAD_USR_TYPE2_NL,TX_CROSSWAY_NL,CD_ROAD_TYPE_NL,TX_BUILD_UP_AREA_NL,TX_COLLISION_TYPE_NL,TX_OBSTACLES_NL
39646,105,St. pieters leeuw teller 2,Halle,50.75509,4.24943,1.4644531374676977,50.753932187486846,4.270167009543613,2023,5,8,23003,Beersel,Onbekend,Onbekend,Onbekend,met lichtgewonden,3,Fiets,3,Fiets,Buiten Kruispunt,Gemeenteweg,onbekend,Tussen 2 bestuurders: Langs achteren,Geen hindernis
39650,140,Hasselt ring,Hasselt,50.9300038,5.3438616,1.1822429258326588,50.92398477509107,5.357766464155136,2023,5,17,71022,Hasselt,Normaal,Droog,Dag,met lichtgewonden,9,personenauto,3,Fiets,Buiten Kruispunt,Gewestweg,buiten bebouwde kom,Tss. 2 best.: langs opzij (voor-/achterkant-flank),Geen hindernis
39650,138,Hasselt-Kempische brug,Hasselt,50.9405318,5.3422472,2.1373414979292282,50.92398477509107,5.357766464155136,2023,5,17,71022,Hasselt,Normaal,Droog,Dag,met lichtgewonden,9,personenauto,3,Fiets,Buiten Kruispunt,Gewestweg,buiten bebouwde kom,Tss. 2 best.: langs opzij (voor-/achterkant-flank),Geen hindernis
39650,137,Hasselt-Kempische brug,Hasselt,50.9411605,5.3417576,2.2149858585160396,50.92398477509107,5.357766464155136,2023,5,17,71022,Hasselt,Normaal,Droog,Dag,met lichtgewonden,9,personenauto,3,Fiets,Buiten Kruispunt,Gewestweg,buiten bebouwde kom,Tss. 2 best.: langs opzij (voor-/achterkant-flank),Geen hindernis
39651,31,Herk De Stad,Herk-de-Stad,50.94366,5.1775,2.1337704919922196,50.929320712494984,5.197735857514776,2023,5,7,71024,Herk-de-Stad,Normaal,Droog,Dag,met zwaargewonden,9,personenauto,3,Fiets,Op Kruispunt,Gewestweg,binnen bebouwde kom,Tss. 2 best.: langs opzij (voor-/achterkant-flank),Geen hindernis
39651,30,Herk De Stad,Herk-de-Stad,50.94374,5.17691,2.168035126423447,50.929320712494984,5.197735857514776,2023,5,7,71024,Herk-de-Stad,Normaal,Droog,Dag,met zwaargewonden,9,personenauto,3,Fiets,Op Kruispunt,Gewestweg,binnen bebouwde kom,Tss. 2 best.: langs opzij (voor-/achterkant-flank),Geen hindernis
39652,138,Hasselt-Kempische brug,Hasselt,50.9405318,5.3422472,0.6856325940158774,50.936658838100804,5.334633268122161,2023,5,8,71022,Hasselt,Normaal,Droog,Dag,met lichtgewonden,9,personenauto,3,Fiets,Op Kruispunt,Gemeenteweg,binnen bebouwde kom,Tss. 2 best.: langs opzij (voor-/achterkant-flank),Geen hindernis
39652,137,Hasselt-Kempische brug,Hasselt,50.9411605,5.3417576,0.706937128905166,50.936658838100804,5.334633268122161,2023,5,8,71022,Hasselt,Normaal,Droog,Dag,met lichtgewonden,9,personenauto,3,Fiets,Op Kruispunt,Gemeenteweg,binnen bebouwde kom,Tss. 2 best.: langs opzij (voor-/achterkant-flank),Geen hindernis
39652,140,Hasselt ring,Hasselt,50.9300038,5.3438616,0.9827671540090779,50.936658838100804,5.334633268122161,2023,5,8,71022,Hasselt,Normaal,Droog,Dag,met lichtgewonden,9,personenauto,3,Fiets,Op Kruispunt,Gemeenteweg,binnen bebouwde kom,Tss. 2 best.: langs opzij (voor-/achterkant-flank),Geen hindernis
39655,140,Hasselt ring,Hasselt,50.9300038,5.3438616,1.4687587927432029,50.93048885040535,5.322918132758265,2023,5,13,71022,Hasselt,Normaal,Droog,Dag,met lichtgewonden,5,Lichte vrachtauto,3,Fiets,Op Kruispunt,Gemeenteweg,binnen bebouwde kom,Tussen 2 bestuurders: Flank tegen flank,Geen hindernis
39655,138,Hasselt-Kempische brug,Hasselt,50.9405318,5.3422472,1.7554697963277808,50.93048885040535,5.322918132758265,2023,5,13,71022,Hasselt,Normaal,Droog,Dag,met lichtgewonden,5,Lichte vrachtauto,3,Fiets,Op Kruispunt,Gemeenteweg,binnen bebouwde kom,Tussen 2 bestuurders: Flank tegen flank,Geen hindernis
39655,137,Hasselt-Kempische brug,Hasselt,50.9411605,5.3417576,1.775080747141539,50.93048885040535,5.322918132758265,2023,5,13,71022,Hasselt,Normaal,Droog,Dag,met lichtgewonden,5,Lichte vrachtauto,3,Fiets,Op Kruispunt,Gemeenteweg,binnen bebouwde kom,Tussen 2 bestuurders: Flank tegen flank,Geen hindernis
39658,138,Hasselt-Kempische brug,Hasselt,50.9405318,5.3422472,0.31513579414323045,50.93784039482838,5.3408381540648895,2023,5,16,71022,Hasselt,Normaal,Droog,Dag,met lichtgewonden,3,Fiets,6,Bromfiets,Op Kruispunt,Gewestweg,binnen bebouwde kom,Tussen 2 bestuurders: Frontale botsing,Geen hindernis
39658,137,Hasselt-Kempische brug,Hasselt,50.9411605,5.3417576,0.3747579144255165,50.93784039482838,5.3408381540648895,2023,5,16,71022,Hasselt,Normaal,Droog,Dag,met lichtgewonden,3,Fiets,6,Bromfiets,Op Kruispunt,Gewestweg,binnen bebouwde kom,Tussen 2 bestuurders: Frontale botsing,Geen hindernis
39658,140,Hasselt ring,Hasselt,50.9300038,5.3438616,0.8967776861223924,50.93784039482838,5.3408381540648895,2023,5,16,71022,Hasselt,Normaal,Droog,Dag,met lichtgewonden,3,Fiets,6,Bromfiets,Op Kruispunt,Gewestweg,binnen bebouwde kom,Tussen 2 bestuurders: Frontale botsing,Geen hindernis
39659,140,Hasselt ring,Hasselt,50.9300038,5.3438616,0.7357273934737751,50.9325813827875,5.334192705383984,2023,5,16,71022,Hasselt,Normaal,Droog,Dag,met lichtgewonden,9,personenauto,3,Fiets,Buiten Kruispunt,Gewestweg,binnen bebouwde kom,Tss. 2 best.: langs opzij (voor-/achterkant-flank),Geen hindernis
39659,138,Hasselt-Kempische brug,Hasselt,50.9405318,5.3422472,1.0488501428431902,50.9325813827875,5.334192705383984,2023,5,16,71022,Hasselt,Normaal,Droog,Dag,met lichtgewonden,9,personenauto,3,Fiets,Buiten Kruispunt,Gewestweg,binnen bebouwde kom,Tss. 2 best.: langs opzij (voor-/achterkant-flank),Geen hindernis
39659,137,Hasselt-Kempische brug,Hasselt,50.9411605,5.3417576,1.0913407387431042,50.9325813827875,5.334192705383984,2023,5,16,71022,Hasselt,Normaal,Droog,Dag,met lichtgewonden,9,personenauto,3,Fiets,Buiten Kruispunt,Gewestweg,binnen bebouwde kom,Tss. 2 best.: langs opzij (voor-/achterkant-flank),Geen hindernis
39660,140,Hasselt ring,Hasselt,50.9300038,5.3438616,0.23579161663081885,50.93198382868267,5.342657294374981,2023,5,8,71022,Hasselt,Normaal,Droog,Dag,met lichtgewonden,3,Fiets,8,Voetganger,Buiten Kruispunt,Gewestweg,binnen bebouwde kom,Met een voetganger,Geen hindernis
39660,138,Hasselt-Kempische brug,Hasselt,50.9405318,5.3422472,0.9509253496443246,50.93198382868267,5.342657294374981,2023,5,8,71022,Hasselt,Normaal,Droog,Dag,met lichtgewonden,3,Fiets,8,Voetganger,Buiten Kruispunt,Gewestweg,binnen bebouwde kom,Met een voetganger,Geen hindernis
39660,137,Hasselt-Kempische brug,Hasselt,50.9411605,5.3417576,1.0223449928377237,50.93198382868267,5.342657294374981,2023,5,8,71022,Hasselt,Normaal,Droog,Dag,met lichtgewonden,3,Fiets,8,Voetganger,Buiten Kruispunt,Gewestweg,binnen bebouwde kom,Met een voetganger,Geen hindernis
39661,140,Hasselt ring,Hasselt,50.9300038,5.3438616,0.6587413693287333,50.925690042420875,5.337419410572818,2023,5,11,71022,Hasselt,Normaal,Droog,Dag,met lichtgewonden,3,Fiets,3,Fiets,Buiten Kruispunt,Gewestweg,binnen bebouwde kom,Tss. 2 best.: langs opzij (voor-/achterkant-flank),Geen hindernis
39661,138,Hasselt-Kempische brug,Hasselt,50.9405318,5.3422472,1.6846497774967968,50.925690042420875,5.337419410572818,2023,5,11,71022,Hasselt,Normaal,Droog,Dag,met lichtgewonden,3,Fiets,3,Fiets,Buiten Kruispunt,Gewestweg,binnen bebouwde kom,Tss. 2 best.: langs opzij (voor-/achterkant-flank),Geen hindernis
39661,137,Hasselt-Kempische brug,Hasselt,50.9411605,5.3417576,1.746893032470976,50.925690042420875,5.337419410572818,2023,5,11,71022,Hasselt,Normaal,Droog,Dag,met lichtgewonden,3,Fiets,3,Fiets,Buiten Kruispunt,Gewestweg,binnen bebouwde kom,Tss. 2 best.: langs opzij (voor-/achterkant-flank),Geen hindernis
39665,33,Lummen,Lummen,50.97978,5.20936,2.011054837223027,50.99781300652496,5.2115547686462405,2023,5,15,71037,Lummen,Normaal,Droog,Dag,met zwaargewonden,3,Fiets,5,Lichte vrachtauto,Buiten Kruispunt,Gemeenteweg,buiten bebouwde kom,Tss. 2 best.: langs opzij (voor-/achterkant-flank),Geen hindernis
39665,32,Lummen,Lummen,50.97971,5.20961,2.0175597360895434,50.99781300652496,5.2115547686462405,2023,5,15,71037,Lummen,Normaal,Droog,Dag,met zwaargewonden,3,Fiets,5,Lichte vrachtauto,Buiten Kruispunt,Gemeenteweg,buiten bebouwde kom,Tss. 2 best.: langs opzij (voor-/achterkant-flank),Geen hindernis
39666,140,Hasselt ring,Hasselt,50.9300038,5.3438616,0.4579918442678315,50.92707210373843,5.348451661543744,2023,5,16,71022,Hasselt,Normaal,Droog,Dag,met lichtgewonden,3,Fiets,3,Fiets,Buiten Kruispunt,Gemeenteweg,binnen bebouwde kom,Tussen 2 bestuurders: Flank tegen flank,Geen hindernis
39666,138,Hasselt-Kempische brug,Hasselt,50.9405318,5.3422472,1.5585260922518898,50.92707210373843,5.348451661543744,2023,5,16,71022,Hasselt,Normaal,Droog,Dag,met lichtgewonden,3,Fiets,3,Fiets,Buiten Kruispunt,Gemeenteweg,binnen bebouwde kom,Tussen 2 bestuurders: Flank tegen flank,Geen hindernis
39666,137,Hasselt-Kempische brug,Hasselt,50.9411605,5.3417576,1.6352847880230112,50.92707210373843,5.348451661543744,2023,5,16,71022,Hasselt,Normaal,Droog,Dag,met lichtgewonden,3,Fiets,3,Fiets,Buiten Kruispunt,Gemeenteweg,binnen bebouwde kom,Tussen 2 bestuurders: Flank tegen flank,Geen hindernis
39670,49,Bokrijk,Genk,50.95264,5.41001,0.9629721618296089,50.94446864804852,5.405456936030502,2023,5,16,71022,Hasselt,Normaal,Droog,Dag,met lichtgewonden,3,Fiets,8,Voetganger,Buiten Kruispunt,Gemeenteweg,buiten bebouwde kom,Met een voetganger,Geen hindernis
39671,140,Hasselt ring,Hasselt,50.9300038,5.3438616,1.1170219200574694,50.92981266430384,5.327925904223307,2023,5,8,71022,Hasselt,Normaal,Droog,Dag,met lichtgewonden,3,Fiets,11,een weggebruiker tegen een hindernis,Buiten Kruispunt,Gemeenteweg,binnen bebouwde kom,Weggebruiker tegen hindernis op de rijbaan,"Op de rijbaan: Werken (signal., aarde, toestel,…)"
39671,138,Hasselt-Kempische brug,Hasselt,50.9405318,5.3422472,1.558139621490538,50.92981266430384,5.327925904223307,2023,5,8,71022,Hasselt,Normaal,Droog,Dag,met lichtgewonden,3,Fiets,11,een weggebruiker tegen een hindernis,Buiten Kruispunt,Gemeenteweg,binnen bebouwde kom,Weggebruiker tegen hindernis op de rijbaan,"Op de rijbaan: Werken (signal., aarde, toestel,…)"
39671,137,Hasselt-Kempische brug,Hasselt,50.9411605,5.3417576,1.591112135503771,50.92981266430384,5.327925904223307,2023,5,8,71022,Hasselt,Normaal,Droog,Dag,met lichtgewonden,3,Fiets,11,een weggebruiker tegen een hindernis,Buiten Kruispunt,Gemeenteweg,binnen bebouwde kom,Weggebruiker tegen hindernis op de rijbaan,"Op de rijbaan: Werken (signal., aarde, toestel,…)"
39672,12,Tervuren,Kraainem,50.81896,4.47803,0.8182509648273557,50.81273386566349,4.484238269761054,2023,5,15,24104,Tervuren,Normaal,Droog,Dag,met lichtgewonden,3,Fiets,3,Fiets,Buiten Kruispunt,Gemeenteweg,buiten bebouwde kom,Tussen 2 bestuurders: Frontale botsing,Geen hindernis
39675,12,Tervuren,Kraainem,50.81896,4.47803,2.2440883730970067,50.82447666710087,4.508759536787096,2023,5,8,24104,Tervuren,Normaal,Droog,Dag,met lichtgewonden,5,Lichte vrachtauto,3,Fiets,Op Kruispunt,Gemeenteweg,binnen bebouwde kom,Tussen 2 bestuurders: Frontale botsing,Geen hindernis
39678,139,Houthalen-Helchteren,Houthalen-Helchteren,51.0644267,5.3819796,0.9151803879179952,51.056238225219985,5.383299924210799,2023,5,19,72039,Houthalen-Helchteren,Normaal,Droog,Dag,met lichtgewonden,9,personenauto,3,Fiets,Op Kruispunt,Gemeenteweg,binnen bebouwde kom,Tss. 2 best.: langs opzij (voor-/achterkant-flank),Geen hindernis
39679,25,Bree,Bree,51.13679500160176,5.597669323604317,0.9348635734160798,51.1397284009083,5.58511186942548,2023,5,1,72004,Bree,Normaal,Droog,"Nacht, openbare verlichting aanwezig en ontstoken",met lichtgewonden,9,personenauto,3,Fiets,Buiten Kruispunt,Gewestweg,buiten bebouwde kom,Tussen 2 bestuurders: Langs achteren,Geen hindernis
39680,139,Houthalen-Helchteren,Houthalen-Helchteren,51.0644267,5.3819796,0.9316827481607347,51.056180755176534,5.384344430176722,2023,5,22,72039,Houthalen-Helchteren,Normaal,Droog,"Nacht, openbare verlichting aanwezig en ontstoken",met lichtgewonden,5,Lichte vrachtauto,3,Fiets,Op Kruispunt,Gewestweg,binnen bebouwde kom,Tss. 2 best.: langs opzij (voor-/achterkant-flank),Geen hindernis
39681,14,Genk,Genk,50.97172,5.48927,2.2117864233163465,50.98712469712426,5.469283128023744,2023,5,19,71016,Genk,Normaal,Droog,Dag,met lichtgewonden,3,Fiets,6,Bromfiets,Op Kruispunt,Gemeenteweg,buiten bebouwde kom,Tss. 2 best.: langs opzij (voor-/achterkant-flank),Geen hindernis
39683,14,Genk,Genk,50.97172,5.48927,1.4342299891831634,50.975457182271285,5.469664654478112,2023,5,19,71016,Genk,Normaal,Droog,Dag,met lichtgewonden,9,personenauto,3,Fiets,Op Kruispunt,Gemeenteweg,binnen bebouwde kom,Tss. 2 best.: langs opzij (voor-/achterkant-flank),Geen hindernis
39684,14,Genk,Genk,50.97172,5.48927,1.0669799519727103,50.96375191703106,5.4807802637231635,2023,5,16,71016,Genk,Normaal,Droog,Dag,met lichtgewonden,3,Fiets,3,Fiets,Op Kruispunt,Gemeenteweg,binnen bebouwde kom,Tussen 2 bestuurders: Flank tegen flank,Geen hindernis
39685,14,Genk,Genk,50.97172,5.48927,0.9974702729652222,50.96564318559877,5.478791784936377,2023,5,16,71016,Genk,Normaal,Droog,Dag,met lichtgewonden,3,Fiets,9,personenauto,Op Kruispunt,Gewestweg,binnen bebouwde kom,Tss. 2 best.: langs opzij (voor-/achterkant-flank),Geen hindernis
39694,14,Genk,Genk,50.97172,5.48927,2.101496978922611,50.97741987462538,5.517887120995971,2023,5,8,71016,Genk,Normaal,"Nat, plassen",Dag,met lichtgewonden,3,Fiets,6,Bromfiets,Buiten Kruispunt,Gemeenteweg,binnen bebouwde kom,Tussen 2 bestuurders: Frontale botsing,Geen hindernis
39695,14,Genk,Genk,50.97172,5.48927,2.2418233443585707,50.97770452762236,5.519845893907987,2023,5,8,71016,Genk,Regenval,"Nat, plassen",Dag,met lichtgewonden,3,Fiets,9,personenauto,Buiten Kruispunt,Gemeenteweg,binnen bebouwde kom,Tussen 2 bestuurders: Flank tegen flank,Geen hindernis
39699,49,Bokrijk,Genk,50.95264,5.41001,1.9782419588569844,50.936685216785364,5.397517417902432,2023,5,19,71011,Diepenbeek,Normaal,Droog,Dag,met lichtgewonden,3,Fiets,9,personenauto,Op Kruispunt,Gemeenteweg,buiten bebouwde kom,Tussen 2 bestuurders: Flank tegen flank,Geen hindernis
39703,48,As,As,51.00509,5.60389,0.10232350581872593,51.00579867592675,5.6029571254578014,2023,5,10,71002,As,Normaal,Droog,Dag,met lichtgewonden,3,Fiets,3,Fiets,Buiten Kruispunt,Gewestweg,buiten bebouwde kom,Tussen 2 bestuurders: Frontale botsing,Geen hindernis
39704,14,Genk,Genk,50.97172,5.48927,1.1855442917039953,50.964349478125825,5.50150324421855,2023,5,19,71016,Genk,Normaal,Droog,Dag,met lichtgewonden,3,Fiets,11,een weggebruiker tegen een hindernis,Buiten Kruispunt,Gemeenteweg,binnen bebouwde kom,Weggebruiker tegen hindernis buiten rijbaan,Buiten de rijbaan: Verlichtingspaal
39706,23,Tienen 3,Tienen,50.81324,4.93447,0.4474725008463455,50.80925444160004,4.933589356985899,2023,5,12,24107,Tienen,Regenval,"Nat, plassen",Dag,met lichtgewonden,3,Fiets,99,onbekend,Buiten Kruispunt,Gemeenteweg,binnen bebouwde kom,Tussen 2 bestuurders: Frontale botsing,Geen hindernis
39706,24,Tienen 1,Tienen,50.8133795491886,4.935044252605416,0.4699436323837187,50.80925444160004,4.933589356985899,2023,5,12,24107,Tienen,Regenval,"Nat, plassen",Dag,met lichtgewonden,3,Fiets,99,onbekend,Buiten Kruispunt,Gemeenteweg,binnen bebouwde kom,Tussen 2 bestuurders: Frontale botsing,Geen hindernis
39706,22,Tienen 2,Tienen,50.81330800184882,4.935984252796022,0.4811203341257496,50.80925444160004,4.933589356985899,2023,5,12,24107,Tienen,Regenval,"Nat, plassen",Dag,met lichtgewonden,3,Fiets,99,onbekend,Buiten Kruispunt,Gemeenteweg,binnen bebouwde kom,Tussen 2 bestuurders: Frontale botsing,Geen hindernis
39707,22,Tienen 2,Tienen,50.81330800184882,4.935984252796022,2.073160419824984,50.803075508001854,4.960648093243545,2023,5,16,24107,Tienen,Normaal,Droog,Dag,met lichtgewonden,9,personenauto,3,Fiets,Buiten Kruispunt,Gemeenteweg,binnen bebouwde kom,Tussen 2 bestuurders: Flank tegen flank,Geen hindernis
39707,24,Tienen 1,Tienen,50.8133795491886,4.935044252605416,2.132944753470254,50.803075508001854,4.960648093243545,2023,5,16,24107,Tienen,Normaal,Droog,Dag,met lichtgewonden,9,personenauto,3,Fiets,Buiten Kruispunt,Gemeenteweg,binnen bebouwde kom,Tussen 2 bestuurders: Flank tegen flank,Geen hindernis
39707,23,Tienen 3,Tienen,50.81324,4.93447,2.1589261600350595,50.803075508001854,4.960648093243545,2023,5,16,24107,Tienen,Normaal,Droog,Dag,met lichtgewonden,9,personenauto,3,Fiets,Buiten Kruispunt,Gemeenteweg,binnen bebouwde kom,Tussen 2 bestuurders: Flank tegen flank,Geen hindernis
39714,109,Zemst,Zemst,50.9903936,4.4707023,1.0077687983878518,50.996988837930594,4.480578744918826,2023,5,10,12025,Mechelen,Normaal,Droog,Dag,met lichtgewonden,6,Bromfiets,3,Fiets,Op Kruispunt,Gemeenteweg,binnen bebouwde kom,Tss. 2 best.: langs opzij (voor-/achterkant-flank),Geen hindernis
39715,99,Mechelen teller 1,Mechelen,51.04564,4.46882,2.007333934628015,51.03997560416187,4.441558009954531,2023,5,19,12025,Mechelen,Normaal,Droog,Dag,met lichtgewonden,9,personenauto,3,Fiets,Op Kruispunt,Gewestweg,binnen bebouwde kom,Tss. 2 best.: langs opzij (voor-/achterkant-flank),Geen hindernis
39715,100,Mechelen teller 2,Mechelen,51.0457,4.46883,2.010099298767017,51.03997560416187,4.441558009954531,2023,5,19,12025,Mechelen,Normaal,Droog,Dag,met lichtgewonden,9,personenauto,3,Fiets,Op Kruispunt,Gewestweg,binnen bebouwde kom,Tss. 2 best.: langs opzij (voor-/achterkant-flank),Geen hindernis
39719,99,Mechelen teller 1,Mechelen,51.04564,4.46882,1.1698394337729787,51.0354721137484,4.4731163079729255,2023,5,17,12025,Mechelen,Normaal,Droog,Dag,met lichtgewonden,9,personenauto,3,Fiets,Buiten Kruispunt,Gewestweg,binnen bebouwde kom,Tss. 2 best.: langs opzij (voor-/achterkant-flank),Geen hindernis
39719,100,Mechelen teller 2,Mechelen,51.0457,4.46883,1.1761102948939992,51.0354721137484,4.4731163079729255,2023,5,17,12025,Mechelen,Normaal,Droog,Dag,met lichtgewonden,9,personenauto,3,Fiets,Buiten Kruispunt,Gewestweg,binnen bebouwde kom,Tss. 2 best.: langs opzij (voor-/achterkant-flank),Geen hindernis
39720,99,Mechelen teller 1,Mechelen,51.04564,4.46882,2.4534113299182536,51.03102845807384,4.495112225761528,2023,5,15,12025,Mechelen,Normaal,Droog,Dag,met lichtgewonden,9,personenauto,3,Fiets,Buiten Kruispunt,Gewestweg,buiten bebouwde kom,Tss. 2 best.: langs opzij (voor-/achterkant-flank),Geen hindernis
39720,100,Mechelen teller 2,Mechelen,51.0457,4.46883,2.4573108210998598,51.03102845807384,4.495112225761528,2023,5,15,12025,Mechelen,Normaal,Droog,Dag,met lichtgewonden,9,personenauto,3,Fiets,Buiten Kruispunt,Gewestweg,buiten bebouwde kom,Tss. 2 best.: langs opzij (voor-/achterkant-flank),Geen hindernis
39723,109,Zemst,Zemst,50.9903936,4.4707023,1.5226104166782868,50.99183956953418,4.492335157534849,2023,5,8,23096,Zemst,Onbekend,Onbekend,Onbekend,met lichtgewonden,3,Fiets,2,Andere weggebruiker,Op Kruispunt,Gewestweg,binnen bebouwde kom,Tussen 2 bestuurders: Flank tegen flank,Geen hindernis
39725,100,Mechelen teller 2,Mechelen,51.0457,4.46883,2.3993123708808586,51.0669458460797,4.46283400030615,2023,5,15,12025,Mechelen,Normaal,Droog,Dag,met lichtgewonden,3,Fiets,3,Fiets,Op Kruispunt,Gemeenteweg,binnen bebouwde kom,Tss. 2 best.: langs opzij (voor-/achterkant-flank),Geen hindernis
39725,99,Mechelen teller 1,Mechelen,51.04564,4.46882,2.40576019400435,51.0669458460797,4.46283400030615,2023,5,15,12025,Mechelen,Normaal,Droog,Dag,met lichtgewonden,3,Fiets,3,Fiets,Op Kruispunt,Gemeenteweg,binnen bebouwde kom,Tss. 2 best.: langs opzij (voor-/achterkant-flank),Geen hindernis
39727,99,Mechelen teller 1,Mechelen,51.04564,4.46882,2.264574434017808,51.02609101365325,4.477900180468806,2023,4,16,12025,Mechelen,Onbekend,Onbekend,Dag,met lichtgewonden,3,Fiets,3,Fiets,Buiten Kruispunt,Gemeenteweg,binnen bebouwde kom,Tss. 2 best.: langs opzij (voor-/achterkant-flank),Geen hindernis
39727,100,Mechelen teller 2,Mechelen,51.0457,4.46883,2.2707838104331945,51.02609101365325,4.477900180468806,2023,4,16,12025,Mechelen,Onbekend,Onbekend,Dag,met lichtgewonden,3,Fiets,3,Fiets,Buiten Kruispunt,Gemeenteweg,binnen bebouwde kom,Tss. 2 best.: langs opzij (voor-/achterkant-flank),Geen hindernis
39728,100,Mechelen teller 2,Mechelen,51.0457,4.46883,2.2460541653091353,51.0646947457407,4.457899012516139,2023,4,7,12025,Mechelen,Onbekend,Onbekend,Dag,met lichtgewonden,9,personenauto,3,Fiets,Op Kruispunt,Gewestweg,binnen bebouwde kom,Tss. 2 best.: langs opzij (voor-/achterkant-flank),Geen hindernis
39728,99,Mechelen teller 1,Mechelen,51.04564,4.46882,2.2520923404178994,51.0646947457407,4.457899012516139,2023,4,7,12025,Mechelen,Onbekend,Onbekend,Dag,met lichtgewonden,9,personenauto,3,Fiets,Op Kruispunt,Gewestweg,binnen bebouwde kom,Tss. 2 best.: langs opzij (voor-/achterkant-flank),Geen hindernis
39729,99,Mechelen teller 1,Mechelen,51.04564,4.46882,1.8979858423319147,51.02984979970661,4.458511133042944,2023,5,16,12025,Mechelen,Normaal,Droog,Dag,met lichtgewonden,3,Fiets,2,Andere weggebruiker,Buiten Kruispunt,Gewestweg,binnen bebouwde kom,Tussen 2 bestuurders: Frontale botsing,Geen hindernis
39729,100,Mechelen teller 2,Mechelen,51.0457,4.46883,1.904423993851182,51.02984979970661,4.458511133042944,2023,5,16,12025,Mechelen,Normaal,Droog,Dag,met lichtgewonden,3,Fiets,2,Andere weggebruiker,Buiten Kruispunt,Gewestweg,binnen bebouwde kom,Tussen 2 bestuurders: Frontale botsing,Geen hindernis
39736,2,Brasschaat 2,Brasschaat,51.27512,4.47169,2.2774141893083595,51.28645492257682,4.444417943626521,2023,6,8,11002,Antwerpen,Normaal,Droog,Dag,met lichtgewonden,9,personenauto,3,Fiets,Buiten Kruispunt,Gemeenteweg,binnen bebouwde kom,Tussen 2 bestuurders: Frontale botsing,Geen hindernis
39736,3,Brasschaat 1,Brasschaat,51.27503,4.47222,2.3136887974879756,51.28645492257682,4.444417943626521,2023,6,8,11002,Antwerpen,Normaal,Droog,Dag,met lichtgewonden,9,personenauto,3,Fiets,Buiten Kruispunt,Gemeenteweg,binnen bebouwde kom,Tussen 2 bestuurders: Frontale botsing,Geen hindernis
39750,2,Brasschaat 2,Brasschaat,51.27512,4.47169,1.780131155655134,51.26004625417415,4.463072242016577,2023,6,9,11002,Antwerpen,Normaal,Droog,Dag,met zwaargewonden,9,personenauto,3,Fiets,Op Kruispunt,Gewestweg,buiten bebouwde kom,Tss. 2 best.: langs opzij (voor-/achterkant-flank),Geen hindernis
39750,3,Brasschaat 1,Brasschaat,51.27503,4.47222,1.7835346541181003,51.26004625417415,4.463072242016577,2023,6,9,11002,Antwerpen,Normaal,Droog,Dag,met zwaargewonden,9,personenauto,3,Fiets,Op Kruispunt,Gewestweg,buiten bebouwde kom,Tss. 2 best.: langs opzij (voor-/achterkant-flank),Geen hindernis
39753,2,Brasschaat 2,Brasschaat,51.27512,4.47169,1.9277231592802102,51.28349429053185,4.447422854233625,2023,6,8,11002,Antwerpen,Normaal,Onbekend,Dag,met lichtgewonden,3,Fiets,10,"één bestuurder, geen hindernis",Buiten Kruispunt,Gemeenteweg,binnen bebouwde kom,"Eén bestuurder, geen hindernis (incl. val)",Geen hindernis
39753,3,Brasschaat 1,Brasschaat,51.27503,4.47222,1.964857697422789,51.28349429053185,4.447422854233625,2023,6,8,11002,Antwerpen,Normaal,Onbekend,Dag,met lichtgewonden,3,Fiets,10,"één bestuurder, geen hindernis",Buiten Kruispunt,Gemeenteweg,binnen bebouwde kom,"Eén bestuurder, geen hindernis (incl. val)",Geen hindernis
39758,2,Brasschaat 2,Brasschaat,51.27512,4.47169,2.3378996737845656,51.25541816708791,4.459956952722345,2023,5,13,11002,Antwerpen,Onbekend,Onbekend,Dag,met lichtgewonden,3,Fiets,6,Bromfiets,Buiten Kruispunt,Gewestweg,onbekend,Tss. 2 best.: langs opzij (voor-/achterkant-flank),Geen hindernis
39758,3,Brasschaat 1,Brasschaat,51.27503,4.47222,2.341707592315607,51.25541816708791,4.459956952722345,2023,5,13,11002,Antwerpen,Onbekend,Onbekend,Dag,met lichtgewonden,3,Fiets,6,Bromfiets,Buiten Kruispunt,Gewestweg,onbekend,Tss. 2 best.: langs opzij (voor-/achterkant-flank),Geen hindernis
39822,2,Brasschaat 2,Brasschaat,51.27512,4.47169,1.7793027503556205,51.25983261749996,4.46413435316209,2023,6,17,11002,Antwerpen,Onbekend,Onbekend,Onbekend,met lichtgewonden,8,Voetganger,3,Fiets,Op Kruispunt,Gewestweg,onbekend,Met een voetganger,Geen hindernis
39822,3,Brasschaat 1,Brasschaat,51.27503,4.47222,1.7810452731267852,51.25983261749996,4.46413435316209,2023,6,17,11002,Antwerpen,Onbekend,Onbekend,Onbekend,met lichtgewonden,8,Voetganger,3,Fiets,Op Kruispunt,Gewestweg,onbekend,Met een voetganger,Geen hindernis
39873,2,Brasschaat 2,Brasschaat,51.27512,4.47169,1.5566335960073323,51.28153445051201,4.451798152440497,2023,6,17,11008,Brasschaat,Normaal,Droog,Dag,met lichtgewonden,3,Fiets,8,Voetganger,Buiten Kruispunt,Gewestweg,binnen bebouwde kom,Met een voetganger,Geen hindernis