crash_row_id,site_id,site_name,site_gemeente,site_lat,site_long,distance_km,crash_lat,crash_long,DT_YEAR_COLLISION,DT_MONTH_COLLISION,DT_TIME,CD_NIS,TX_MUNTY_COLLISION_NL,TX_WEATHER_NL,TX_ROAD_CONDITION_NL,TX_LIGHT_CONDITION_NL,TX_CLASS_ACCIDENTS_NL,CD_ROAD_USR_TYPE1,TX_ROAD_USR_TYPE1_NL,CD_ROAD_USR_TYPE2,TX_ROAD_USR_TYPE2_NL,TX_CROSSWAY_NL,CD_ROAD_TYPE_NL,TX_BUILD_UP_AREA_NL,TX_COLLISION_TYPE_NL,TX_OBSTACLES_NL
39873,3,Brasschaat 1,Brasschaat,51.27503,4.47222,1.5940077576285057,51.28153445051201,4.451798152440497,2023,6,17,11008,Brasschaat,Normaal,Droog,Dag,met lichtgewonden,3,Fiets,8,Voetganger,Buiten Kruispunt,Gewestweg,binnen bebouwde kom,Met een voetganger,Geen hindernis
39874,3,Brasschaat 1,Brasschaat,51.27503,4.47222,2.3632151598427558,51.28992014381452,4.4964649246541555,2023,6,15,11008,Brasschaat,"Sterke wind, rukwind",Droog,Dag,met lichtgewonden,3,Fiets,9,personenauto,Op Kruispunt,Gewestweg,binnen bebouwde kom,Tss. 2 best.: langs opzij (voor-/achterkant-flank),Geen hindernis
39874,2,Brasschaat 2,Brasschaat,51.27512,4.47169,2.38273275412255,51.28992014381452,4.4964649246541555,2023,6,15,11008,Brasschaat,"Sterke wind, rukwind",Droog,Dag,met lichtgewonden,3,Fiets,9,personenauto,Op Kruispunt,Gewestweg,binnen bebouwde kom,Tss. 2 best.: langs opzij (voor-/achterkant-flank),Geen hindernis
39878,2,Brasschaat 2,Brasschaat,51.27512,4.47169,1.5240458754787842,51.28118754637967,4.45204316000747,2023,6,16,11002,Antwerpen,Normaal,Droog,Dag,met lichtgewonden,3,Fiets,3,Fiets,Buiten Kruispunt,Gewestweg,binnen bebouwde kom,Tussen 2 bestuurders: Frontale botsing,Geen hindernis
39878,3,Brasschaat 1,Brasschaat,51.27503,4.47222,1.561550679709027,51.28118754637967,4.45204316000747,2023,6,16,11002,Antwerpen,Normaal,Droog,Dag,met lichtgewonden,3,Fiets,3,Fiets,Buiten Kruispunt,Gewestweg,binnen bebouwde kom,Tussen 2 bestuurders: Frontale botsing,Geen hindernis
39879,3,Brasschaat 1,Brasschaat,51.27503,4.47222,1.397937355007008,51.286455896642195,4.4806041368464316,2023,6,15,11008,Brasschaat,Normaal,Droog,Dag,met lichtgewonden,3,Fiets,9,personenauto,Op Kruispunt,Gemeenteweg,binnen bebouwde kom,Tss. 2 best.: langs opzij (voor-/achterkant-flank),Geen hindernis
39879,2,Brasschaat 2,Brasschaat,51.27512,4.47169,1.4047244283532991,51.286455896642195,4.4806041368464316,2023,6,15,11008,Brasschaat,Normaal,Droog,Dag,met lichtgewonden,3,Fiets,9,personenauto,Op Kruispunt,Gemeenteweg,binnen bebouwde kom,Tss. 2 best.: langs opzij (voor-/achterkant-flank),Geen hindernis
39886,3,Brasschaat 1,Brasschaat,51.27503,4.47222,1.7002194831192934,51.26019437948279,4.47813611245702,2023,6,8,11040,Schoten,Normaal,Droog,Dag,met lichtgewonden,3,Fiets,3,Fiets,Buiten Kruispunt,Gemeenteweg,buiten bebouwde kom,Tussen 2 bestuurders: Flank tegen flank,Geen hindernis
39886,2,Brasschaat 2,Brasschaat,51.27512,4.47169,1.7191794356950978,51.26019437948279,4.47813611245702,2023,6,8,11040,Schoten,Normaal,Droog,Dag,met lichtgewonden,3,Fiets,3,Fiets,Buiten Kruispunt,Gemeenteweg,buiten bebouwde kom,Tussen 2 bestuurders: Flank tegen flank,Geen hindernis
39888,3,Brasschaat 1,Brasschaat,51.27503,4.47222,2.264373625235363,51.28557614208955,4.500069924590062,2023,6,8,11008,Brasschaat,Onbekend,Onbekend,Onbekend,met lichtgewonden,3,Fiets,9,personenauto,Buiten Kruispunt,Gemeenteweg,onbekend,Tss. 2 best.: langs opzij (voor-/achterkant-flank),Geen hindernis
39888,2,Brasschaat 2,Brasschaat,51.27512,4.47169,2.2908910304423653,51.28557614208955,4.500069924590062,2023,6,8,11008,Brasschaat,Onbekend,Onbekend,Onbekend,met lichtgewonden,3,Fiets,9,personenauto,Buiten Kruispunt,Gemeenteweg,onbekend,Tss. 2 best.: langs opzij (voor-/achterkant-flank),Geen hindernis
39915,100,Mechelen teller 2,Mechelen,51.0457,4.46883,2.2469212141012047,51.04389611489796,4.500842037860658,2023,6,16,12035,Sint-Katelijne-Waver,Normaal,Droog,Dag,met lichtgewonden,3,Fiets,8,Voetganger,Buiten Kruispunt,Gemeenteweg,buiten bebouwde kom,Met een voetganger,Geen hindernis
39915,99,Mechelen teller 1,Mechelen,51.04564,4.46882,2.2470333919480137,51.04389611489796,4.500842037860658,2023,6,16,12035,Sint-Katelijne-Waver,Normaal,Droog,Dag,met lichtgewonden,3,Fiets,8,Voetganger,Buiten Kruispunt,Gemeenteweg,buiten bebouwde kom,Met een voetganger,Geen hindernis
39918,96,Lier teller 2,Lier,51.11705,4.58444,1.9351816616688264,51.13159590792518,4.569216076841188,2023,6,8,12021,Lier,Normaal,Droog,Dag,met zwaargewonden,9,personenauto,3,Fiets,Op Kruispunt,Gewestweg,binnen bebouwde kom,Tussen 2 bestuurders: Flank tegen flank,Geen hindernis
39918,95,Lier teller 1,Lier,51.11687,4.58437,1.9492875692885112,51.13159590792518,4.569216076841188,2023,6,8,12021,Lier,Normaal,Droog,Dag,met zwaargewonden,9,personenauto,3,Fiets,Op Kruispunt,Gewestweg,binnen bebouwde kom,Tussen 2 bestuurders: Flank tegen flank,Geen hindernis
39919,96,Lier teller 2,Lier,51.11705,4.58444,2.179228239824563,51.13026001679558,4.561374064656365,2023,5,13,12021,Lier,Normaal,Droog,Dag,met zwaargewonden,3,Fiets,8,Voetganger,Buiten Kruispunt,Gewestweg,binnen bebouwde kom,Met een voetganger,Geen hindernis
39919,95,Lier teller 1,Lier,51.11687,4.58437,2.1891873674551996,51.13026001679558,4.561374064656365,2023,5,13,12021,Lier,Normaal,Droog,Dag,met zwaargewonden,3,Fiets,8,Voetganger,Buiten Kruispunt,Gewestweg,binnen bebouwde kom,Met een voetganger,Geen hindernis
39921,95,Lier teller 1,Lier,51.11687,4.58437,1.2240162294354648,51.10887521804081,4.596423067046392,2023,6,16,12021,Lier,Normaal,Droog,Dag,met zwaargewonden,9,personenauto,3,Fiets,Op Kruispunt,Gewestweg,buiten bebouwde kom,Tss. 2 best.: langs opzij (voor-/achterkant-flank),Geen hindernis
39921,96,Lier teller 2,Lier,51.11705,4.58444,1.2353139831298738,51.10887521804081,4.596423067046392,2023,6,16,12021,Lier,Normaal,Droog,Dag,met zwaargewonden,9,personenauto,3,Fiets,Op Kruispunt,Gewestweg,buiten bebouwde kom,Tss. 2 best.: langs opzij (voor-/achterkant-flank),Geen hindernis
39926,96,Lier teller 2,Lier,51.11705,4.58444,1.21979593419406,51.127509410629735,4.57917052102231,2023,6,8,12021,Lier,Normaal,Droog,Dag,met lichtgewonden,9,personenauto,3,Fiets,Op Kruispunt,Gemeenteweg,binnen bebouwde kom,Tussen 2 bestuurders: Frontale botsing,Geen hindernis
39926,95,Lier teller 1,Lier,51.11687,4.58437,1.2374530519436282,51.127509410629735,4.57917052102231,2023,6,8,12021,Lier,Normaal,Droog,Dag,met lichtgewonden,9,personenauto,3,Fiets,Op Kruispunt,Gemeenteweg,binnen bebouwde kom,Tussen 2 bestuurders: Frontale botsing,Geen hindernis
39933,93,Nijlen teller 2,Nijlen,51.14998,4.64469,1.5647788001632819,51.147368610138045,4.622646418906626,2023,6,12,12026,Nijlen,Normaal,Droog,Dag,met lichtgewonden,9,personenauto,3,Fiets,Op Kruispunt,Gemeenteweg,binnen bebouwde kom,Tss. 2 best.: langs opzij (voor-/achterkant-flank),Geen hindernis
39933,92,Nijlen teller 1,Nijlen,51.14989,4.64479,1.5698167679965949,51.147368610138045,4.622646418906626,2023,6,12,12026,Nijlen,Normaal,Droog,Dag,met lichtgewonden,9,personenauto,3,Fiets,Op Kruispunt,Gemeenteweg,binnen bebouwde kom,Tss. 2 best.: langs opzij (voor-/achterkant-flank),Geen hindernis
39935,93,Nijlen teller 2,Nijlen,51.14998,4.64469,2.162064433765356,51.16105644868378,4.6701688437657545,2023,6,15,12026,Nijlen,Normaal,Droog,Dag,met lichtgewonden,5,Lichte vrachtauto,3,Fiets,Op Kruispunt,Gewestweg,binnen bebouwde kom,Tussen 2 bestuurders: Flank tegen flank,Geen hindernis
39935,92,Nijlen teller 1,Nijlen,51.14989,4.64479,2.162069182681222,51.16105644868378,4.6701688437657545,2023,6,15,12026,Nijlen,Normaal,Droog,Dag,met lichtgewonden,5,Lichte vrachtauto,3,Fiets,Op Kruispunt,Gewestweg,binnen bebouwde kom,Tussen 2 bestuurders: Flank tegen flank,Geen hindernis
39937,8,Heist op den Berg 1,Heist-op-den-Berg,51.06759,4.68823,1.9143893542392478,51.05057823671107,4.692442019350183,2023,6,14,12014,Heist-op-den-Berg,Normaal,Droog,Dag,met lichtgewonden,9,personenauto,3,Fiets,Op Kruispunt,Gemeenteweg,buiten bebouwde kom,Tss. 2 best.: langs opzij (voor-/achterkant-flank),Geen hindernis
39937,9,Heist op den Berg 2,Heist-op-den-Berg,51.06904,4.69524,2.062146477652608,51.05057823671107,4.692442019350183,2023,6,14,12014,Heist-op-den-Berg,Normaal,Droog,Dag,met lichtgewonden,9,personenauto,3,Fiets,Op Kruispunt,Gemeenteweg,buiten bebouwde kom,Tss. 2 best.: langs opzij (voor-/achterkant-flank),Geen hindernis
39939,9,Heist op den Berg 2,Heist-op-den-Berg,51.06904,4.69524,2.3686124400761632,51.0844355532935,4.7186717878498134,2023,6,13,12014,Heist-op-den-Berg,Normaal,Droog,Dag,met lichtgewonden,5,Lichte vrachtauto,3,Fiets,Op Kruispunt,Gemeenteweg,binnen bebouwde kom,Tss. 2 best.: langs opzij (voor-/achterkant-flank),Geen hindernis
39941,8,Heist op den Berg 1,Heist-op-den-Berg,51.06759,4.68823,0.245743381660023,51.0664743049762,4.6851942015039025,2023,6,16,12029,Putte,Normaal,Droog,Dag,met lichtgewonden,9,personenauto,3,Fiets,Op Kruispunt,Gewestweg,buiten bebouwde kom,Tss. 2 best.: langs opzij (voor-/achterkant-flank),Geen hindernis
39941,9,Heist op den Berg 2,Heist-op-den-Berg,51.06904,4.69524,0.7577107767935017,51.0664743049762,4.6851942015039025,2023,6,16,12029,Putte,Normaal,Droog,Dag,met lichtgewonden,9,personenauto,3,Fiets,Op Kruispunt,Gewestweg,buiten bebouwde kom,Tss. 2 best.: langs opzij (voor-/achterkant-flank),Geen hindernis
39966,88,Westerlo teller 1,Westerlo,51.082,4.91325,2.4407380967813683,51.10307891998258,4.90350174855891,2023,6,9,13049,Westerlo,Onbekend,Onbekend,Dag,met lichtgewonden,3,Fiets,9,personenauto,Op Kruispunt,Gemeenteweg,onbekend,Tss. 2 best.: langs opzij (voor-/achterkant-flank),Geen hindernis
39966,89,Westerlo teller 2,Westerlo,51.08191,4.91334,2.4521039691872355,51.10307891998258,4.90350174855891,2023,6,9,13049,Westerlo,Onbekend,Onbekend,Dag,met lichtgewonden,3,Fiets,9,personenauto,Op Kruispunt,Gemeenteweg,onbekend,Tss. 2 best.: langs opzij (voor-/achterkant-flank),Geen hindernis
39973,97,Geel teller 1,Geel,51.14813,4.99698,1.647589776516782,51.16272010436078,5.001099575175869,2023,6,9,13008,Geel,Normaal,Droog,Dag,met lichtgewonden,9,personenauto,3,Fiets,Op Kruispunt,Gewestweg,binnen bebouwde kom,Tss. 2 best.: langs opzij (voor-/achterkant-flank),Geen hindernis
39973,98,Geel teller 2,Geel,51.1481,4.99643,1.6579806752448285,51.16272010436078,5.001099575175869,2023,6,9,13008,Geel,Normaal,Droog,Dag,met lichtgewonden,9,personenauto,3,Fiets,Op Kruispunt,Gewestweg,binnen bebouwde kom,Tss. 2 best.: langs opzij (voor-/achterkant-flank),Geen hindernis
39975,135,Retie 2,Dessel,51.2544998,5.1040064,0.2560627783892059,51.25278018671736,5.106453615356006,2023,6,2,13006,Dessel,Onbekend,Onbekend,"Nacht, openbare verlichting aanwezig en ontstoken",met zwaargewonden,3,Fiets,9,personenauto,Buiten Kruispunt,Gewestweg,buiten bebouwde kom,Tussen 2 bestuurders: Flank tegen flank,Geen hindernis
39975,134,Retie,Dessel,51.2548405,5.1037658,0.29576135602710724,51.25278018671736,5.106453615356006,2023,6,2,13006,Dessel,Onbekend,Onbekend,"Nacht, openbare verlichting aanwezig en ontstoken",met zwaargewonden,3,Fiets,9,personenauto,Buiten Kruispunt,Gewestweg,buiten bebouwde kom,Tussen 2 bestuurders: Flank tegen flank,Geen hindernis
39976,134,Retie,Dessel,51.2548405,5.1037658,2.1306745613598057,51.26842312153564,5.082166778131716,2023,6,11,13036,Retie,Normaal,Droog,Dag,met lichtgewonden,8,Voetganger,3,Fiets,Buiten Kruispunt,Gewestweg,binnen bebouwde kom,Met een voetganger,Geen hindernis
39976,135,Retie 2,Dessel,51.2544998,5.1040064,2.169392125798124,51.26842312153564,5.082166778131716,2023,6,11,13036,Retie,Normaal,Droog,Dag,met lichtgewonden,8,Voetganger,3,Fiets,Buiten Kruispunt,Gewestweg,binnen bebouwde kom,Met een voetganger,Geen hindernis
39989,94,Herentals teller 2,Herentals,51.17345,4.81283,1.693606999419015,51.17939652913335,4.835196608316675,2023,6,14,13011,Herentals,Normaal,Droog,Dag,met lichtgewonden,3,Fiets,9,personenauto,Op Kruispunt,Gewestweg,binnen bebouwde kom,Tss. 2 best.: langs opzij (voor-/achterkant-flank),Geen hindernis
39989,110,Herentals totem,Herentals,51.1739426,4.811783,1.7411977480599876,51.17939652913335,4.835196608316675,2023,6,14,13011,Herentals,Normaal,Droog,Dag,met lichtgewonden,3,Fiets,9,personenauto,Op Kruispunt,Gewestweg,binnen bebouwde kom,Tss. 2 best.: langs opzij (voor-/achterkant-flank),Geen hindernis
39991,110,Herentals totem,Herentals,51.1739426,4.811783,2.1775330221642504,51.1608914713388,4.7884990962137834,2023,6,7,13011,Herentals,Normaal,Droog,Dag,met lichtgewonden,5,Lichte vrachtauto,3,Fiets,Op Kruispunt,Gemeenteweg,buiten bebouwde kom,Tussen 2 bestuurders: Flank tegen flank,Geen hindernis
39991,94,Herentals teller 2,Herentals,51.17345,4.81283,2.1972846513662248,51.1608914713388,4.7884990962137834,2023,6,7,13011,Herentals,Normaal,Droog,Dag,met lichtgewonden,5,Lichte vrachtauto,3,Fiets,Op Kruispunt,Gemeenteweg,buiten bebouwde kom,Tussen 2 bestuurders: Flank tegen flank,Geen hindernis
39995,94,Herentals teller 2,Herentals,51.17345,4.81283,1.3062432300404914,51.17408920380541,4.831539190985662,2023,6,17,13011,Herentals,Normaal,Droog,Dag,met lichtgewonden,3,Fiets,3,Fiets,Op Kruispunt,Gemeenteweg,binnen bebouwde kom,Tss. 2 best.: langs opzij (voor-/achterkant-flank),Geen hindernis
39995,110,Herentals totem,Herentals,51.1739426,4.811783,1.3773886112693254,51.17408920380541,4.831539190985662,2023,6,17,13011,Herentals,Normaal,Droog,Dag,met lichtgewonden,3,Fiets,3,Fiets,Op Kruispunt,Gemeenteweg,binnen bebouwde kom,Tss. 2 best.: langs opzij (voor-/achterkant-flank),Geen hindernis
39998,94,Herentals teller 2,Herentals,51.17345,4.81283,1.297635170444358,51.16354464017214,4.822670240922964,2023,6,20,13011,Herentals,Onbekend,Onbekend,Onbekend,met lichtgewonden,3,Fiets,6,Bromfiets,Buiten Kruispunt,Gemeenteweg,buiten bebouwde kom,Tussen 2 bestuurders: Frontale botsing,Geen hindernis
39998,110,Herentals totem,Herentals,51.1739426,4.811783,1.3831157461623034,51.16354464017214,4.822670240922964,2023,6,20,13011,Herentals,Onbekend,Onbekend,Onbekend,met lichtgewonden,3,Fiets,6,Bromfiets,Buiten Kruispunt,Gemeenteweg,buiten bebouwde kom,Tussen 2 bestuurders: Frontale botsing,Geen hindernis
40000,94,Herentals teller 2,Herentals,51.17345,4.81283,1.693606999419015,51.17939652913335,4.835196608316675,2023,6,11,13011,Herentals,Normaal,Droog,Dag,met lichtgewonden,9,personenauto,3,Fiets,Op Kruispunt,Gewestweg,binnen bebouwde kom,Tss. 2 best.: langs opzij (voor-/achterkant-flank),Geen hindernis
40000,110,Herentals totem,Herentals,51.1739426,4.811783,1.7411977480599876,51.17939652913335,4.835196608316675,2023,6,11,13011,Herentals,Normaal,Droog,Dag,met lichtgewonden,9,personenauto,3,Fiets,Op Kruispunt,Gewestweg,binnen bebouwde kom,Tss. 2 best.: langs opzij (voor-/achterkant-flank),Geen hindernis
40004,37,Lommel teller 1,Lommel,51.23299,5.29211,1.7126254416472442,51.23980288932906,5.314172101020642,2023,6,15,72020,Lommel,Normaal,Droog,Dag,met lichtgewonden,9,personenauto,3,Fiets,Op Kruispunt,Gemeenteweg,binnen bebouwde kom,Tss. 2 best.: langs opzij (voor-/achterkant-flank),Geen hindernis
40004,38,Lommel teller 2,Lommel,51.23277,5.29189,1.7372523065207435,51.23980288932906,5.314172101020642,2023,6,15,72020,Lommel,Normaal,Droog,Dag,met lichtgewonden,9,personenauto,3,Fiets,Op Kruispunt,Gemeenteweg,binnen bebouwde kom,Tss. 2 best.: langs opzij (voor-/achterkant-flank),Geen hindernis
40005,38,Lommel teller 2,Lommel,51.23277,5.29189,1.2588465022254045,51.22437486941111,5.304018901888375,2023,6,12,72020,Lommel,Normaal,Droog,Dag,met lichtgewonden,3,Fiets,9,personenauto,Op Kruispunt,Gemeenteweg,binnen bebouwde kom,Tss. 2 best.: langs opzij (voor-/achterkant-flank),Geen hindernis
40005,37,Lommel teller 1,Lommel,51.23299,5.29211,1.2670125080094825,51.22437486941111,5.304018901888375,2023,6,12,72020,Lommel,Normaal,Droog,Dag,met lichtgewonden,3,Fiets,9,personenauto,Op Kruispunt,Gemeenteweg,binnen bebouwde kom,Tss. 2 best.: langs opzij (voor-/achterkant-flank),Geen hindernis
40008,38,Lommel teller 2,Lommel,51.23277,5.29189,2.3409195874256494,51.21654545868561,5.313310851340943,2023,6,16,72020,Lommel,Normaal,Droog,Dag,met lichtgewonden,9,personenauto,3,Fiets,Op Kruispunt,Gewestweg,buiten bebouwde kom,Tussen 2 bestuurders: Frontale botsing,Geen hindernis
40008,37,Lommel teller 1,Lommel,51.23299,5.29211,2.350167403156136,51.21654545868561,5.313310851340943,2023,6,16,72020,Lommel,Normaal,Droog,Dag,met lichtgewonden,9,personenauto,3,Fiets,Op Kruispunt,Gewestweg,buiten bebouwde kom,Tussen 2 bestuurders: Frontale botsing,Geen hindernis
40009,38,Lommel teller 2,Lommel,51.23277,5.29189,0.6275349977708808,51.228129697479716,5.2867604649027635,2023,6,8,72020,Lommel,Normaal,Droog,Dag,met lichtgewonden,9,personenauto,3,Fiets,Buiten Kruispunt,Gemeenteweg,binnen bebouwde kom,Tss. 2 best.: langs opzij (voor-/achterkant-flank),Geen hindernis
40009,37,Lommel teller 1,Lommel,51.23299,5.29211,0.6563685034154958,51.228129697479716,5.2867604649027635,2023,6,8,72020,Lommel,Normaal,Droog,Dag,met lichtgewonden,9,personenauto,3,Fiets,Buiten Kruispunt,Gemeenteweg,binnen bebouwde kom,Tss. 2 best.: langs opzij (voor-/achterkant-flank),Geen hindernis
40010,46,Pelt teller 2,Pelt,51.231,5.44375,1.3553260145800612,51.230371988243135,5.424310817827039,2023,6,22,72043,Pelt,Normaal,Droog,"Nacht, openbare verlichting aanwezig en ontstoken",met lichtgewonden,3,Fiets,11,een weggebruiker tegen een hindernis,Buiten Kruispunt,Gemeenteweg,buiten bebouwde kom,Weggebruiker tegen hindernis buiten rijbaan,Buiten de rijbaan: Andere paal
40010,45,Pelt teller 1,Pelt,51.23127,5.44377,1.3585889620034706,51.230371988243135,5.424310817827039,2023,6,22,72043,Pelt,Normaal,Droog,"Nacht, openbare verlichting aanwezig en ontstoken",met lichtgewonden,3,Fiets,11,een weggebruiker tegen een hindernis,Buiten Kruispunt,Gemeenteweg,buiten bebouwde kom,Weggebruiker tegen hindernis buiten rijbaan,Buiten de rijbaan: Andere paal
40011,46,Pelt teller 2,Pelt,51.231,5.44375,2.3016448182494695,51.21491785613916,5.4229425284428965,2023,6,13,72043,Pelt,Normaal,Droog,Dag,met lichtgewonden,4,Vrachtwagen,3,Fiets,Op Kruispunt,Gewestweg,binnen bebouwde kom,Tss. 2 best.: langs opzij (voor-/achterkant-flank),Geen hindernis
40011,45,Pelt teller 1,Pelt,51.23127,5.44377,2.32591324100373,51.21491785613916,5.4229425284428965,2023,6,13,72043,Pelt,Normaal,Droog,Dag,met lichtgewonden,4,Vrachtwagen,3,Fiets,Op Kruispunt,Gewestweg,binnen bebouwde kom,Tss. 2 best.: langs opzij (voor-/achterkant-flank),Geen hindernis
40014,46,Pelt teller 2,Pelt,51.231,5.44375,1.8368456562485305,51.23016058607177,5.417403575259677,2023,6,16,72043,Pelt,Normaal,Droog,Dag,met lichtgewonden,5,Lichte vrachtauto,3,Fiets,Op Kruispunt,Gemeenteweg,buiten bebouwde kom,Tss. 2 best.: langs opzij (voor-/achterkant-flank),Geen hindernis
40014,45,Pelt teller 1,Pelt,51.23127,5.44377,1.8399998146687022,51.23016058607177,5.417403575259677,2023,6,16,72043,Pelt,Normaal,Droog,Dag,met lichtgewonden,5,Lichte vrachtauto,3,Fiets,Op Kruispunt,Gemeenteweg,buiten bebouwde kom,Tss. 2 best.: langs opzij (voor-/achterkant-flank),Geen hindernis
40016,45,Pelt teller 1,Pelt,51.23127,5.44377,1.5285942387515514,51.24501217222956,5.443189448801096,2023,6,11,72043,Pelt,Normaal,Droog,Dag,met lichtgewonden,3,Fiets,3,Fiets,Buiten Kruispunt,Gemeenteweg,buiten bebouwde kom,Tussen 2 bestuurders: Frontale botsing,Geen hindernis
40016,46,Pelt teller 2,Pelt,51.231,5.44375,1.5585710941229833,51.24501217222956,5.443189448801096,2023,6,11,72043,Pelt,Normaal,Droog,Dag,met lichtgewonden,3,Fiets,3,Fiets,Buiten Kruispunt,Gemeenteweg,buiten bebouwde kom,Tussen 2 bestuurders: Frontale botsing,Geen hindernis
40017,46,Pelt teller 2,Pelt,51.231,5.44375,0.6923483901425342,51.225483308483696,5.448360171852042,2023,6,15,72043,Pelt,Normaal,Droog,Dag,met lichtgewonden,9,personenauto,3,Fiets,Buiten Kruispunt,Gemeenteweg,buiten bebouwde kom,Tussen 2 bestuurders: Langs achteren,Geen hindernis
40017,45,Pelt teller 1,Pelt,51.23127,5.44377,0.7184624644808519,51.225483308483696,5.448360171852042,2023,6,15,72043,Pelt,Normaal,Droog,Dag,met lichtgewonden,9,personenauto,3,Fiets,Buiten Kruispunt,Gemeenteweg,buiten bebouwde kom,Tussen 2 bestuurders: Langs achteren,Geen hindernis
40037,40,Peer teller 2,Peer,51.13438,5.47892,1.8451523898828994,51.13471301323785,5.505359328844302,2023,6,15,72030,Peer,Normaal,Droog,Dag,met lichtgewonden,3,Fiets,1,Autobus,Op Kruispunt,Gemeenteweg,buiten bebouwde kom,Tussen 2 bestuurders: Flank tegen flank,Geen hindernis
40037,39,Peer teller 1,Peer,51.13425,5.47817,1.8978125267701056,51.13471301323785,5.505359328844302,2023,6,15,72030,Peer,Normaal,Droog,Dag,met lichtgewonden,3,Fiets,1,Autobus,Op Kruispunt,Gemeenteweg,buiten bebouwde kom,Tussen 2 bestuurders: Flank tegen flank,Geen hindernis
40039,40,Peer teller 2,Peer,51.13438,5.47892,1.8179773299315456,51.14983085091077,5.487440470025773,2023,6,7,72030,Peer,Normaal,Droog,Dag,met lichtgewonden,3,Fiets,9,personenauto,Op Kruispunt,Gemeenteweg,buiten bebouwde kom,Tss. 2 best.: langs opzij (voor-/achterkant-flank),Geen hindernis
40039,39,Peer teller 1,Peer,51.13425,5.47817,1.8492866288367091,51.14983085091077,5.487440470025773,2023,6,7,72030,Peer,Normaal,Droog,Dag,met lichtgewonden,3,Fiets,9,personenauto,Op Kruispunt,Gemeenteweg,buiten bebouwde kom,Tss. 2 best.: langs opzij (voor-/achterkant-flank),Geen hindernis
40043,21,Bilzen,Bilzen,50.86015,5.50161,1.3019967823498884,50.86964507846323,5.512466065046668,2023,6,15,73006,Bilzen,Normaal,Droog,Dag,met lichtgewonden,3,Fiets,9,personenauto,Buiten Kruispunt,Gewestweg,binnen bebouwde kom,Tussen 2 bestuurders: Langs achteren,Geen hindernis
40047,43,Maaseik teller 1,Maaseik,51.09344,5.79715,1.6158002516998653,51.09880476497088,5.7756462783014895,2023,6,12,72021,Maaseik,Normaal,Droog,Dag,met lichtgewonden,3,Fiets,9,personenauto,Buiten Kruispunt,Gewestweg,binnen bebouwde kom,Tussen 2 bestuurders: Flank tegen flank,Geen hindernis
40047,44,Maaseik teller 2,Maaseik,51.09359,5.79726,1.616883039183339,51.09880476497088,5.7756462783014895,2023,6,12,72021,Maaseik,Normaal,Droog,Dag,met lichtgewonden,3,Fiets,9,personenauto,Buiten Kruispunt,Gewestweg,binnen bebouwde kom,Tussen 2 bestuurders: Flank tegen flank,Geen hindernis
40049,77,Leuven teller 2,Leuven,50.88672,4.70796,1.6878329793665525,50.89477023506633,4.687559820721367,2023,6,7,24038,Herent,Normaal,Droog,Dag,met lichtgewonden,6,Bromfiets,3,Fiets,Op Kruispunt,Gewestweg,buiten bebouwde kom,Tussen 2 bestuurders: Flank tegen flank,Geen hindernis
40049,107,leuven totem,Leuven,50.8870744,4.7087919,1.7176029987059365,50.89477023506633,4.687559820721367,2023,6,7,24038,Herent,Normaal,Droog,Dag,met lichtgewonden,6,Bromfiets,3,Fiets,Op Kruispunt,Gewestweg,buiten bebouwde kom,Tussen 2 bestuurders: Flank tegen flank,Geen hindernis
40050,151,Leuven,District Leuven,50.8690262,4.6854839,0.5819662971512212,50.867344221181185,4.677630845680289,2023,6,18,24062,Leuven,Normaal,Droog,Dag,met lichtgewonden,3,Fiets,6,Bromfiets,Op Kruispunt,Gemeenteweg,binnen bebouwde kom,Tussen 2 bestuurders: Flank tegen flank,Geen hindernis
40051,107,leuven totem,Leuven,50.8870744,4.7087919,1.479231784243182,50.90028438476671,4.706301547797486,2023,6,13,24062,Leuven,Normaal,Droog,Dag,met lichtgewonden,9,personenauto,3,Fiets,Op Kruispunt,Gemeenteweg,binnen bebouwde kom,Tss. 2 best.: langs opzij (voor-/achterkant-flank),Geen hindernis
40051,77,Leuven teller 2,Leuven,50.88672,4.70796,1.5127694488827819,50.90028438476671,4.706301547797486,2023,6,13,24062,Leuven,Normaal,Droog,Dag,met lichtgewonden,9,personenauto,3,Fiets,Op Kruispunt,Gemeenteweg,binnen bebouwde kom,Tss. 2 best.: langs opzij (voor-/achterkant-flank),Geen hindernis
40052,151,Leuven,District Leuven,50.8690262,4.6854839,1.04206370933193,50.86786953793592,4.700219766550568,2023,6,12,24062,Leuven,Normaal,Droog,Dag,met lichtgewonden,3,Fiets,9,personenauto,Op Kruispunt,Gewestweg,binnen bebouwde kom,Tss. 2 best.: langs opzij (voor-/achterkant-flank),Geen hindernis
40052,69,Leuven teller 1,Leuven,50.87549,4.71526,1.3534566179914482,50.86786953793592,4.700219766550568,2023,6,12,24062,Leuven,Normaal,Droog,Dag,met lichtgewonden,3,Fiets,9,personenauto,Op Kruispunt,Gewestweg,binnen bebouwde kom,Tss. 2 best.: langs opzij (voor-/achterkant-flank),Geen hindernis
40052,77,Leuven teller 2,Leuven,50.88672,4.70796,2.1652852027059963,50.86786953793592,4.700219766550568,2023,6,12,24062,Leuven,Normaal,Droog,Dag,met lichtgewonden,3,Fiets,9,personenauto,Op Kruispunt,Gewestweg,binnen bebouwde kom,Tss. 2 best.: langs opzij (voor-/achterkant-flank),Geen hindernis
40052,107,leuven totem,Leuven,50.8870744,4.7087919,2.2185614708397505,50.86786953793592,4.700219766550568,2023,6,12,24062,Leuven,Normaal,Droog,Dag,met lichtgewonden,3,Fiets,9,personenauto,Op Kruispunt,Gewestweg,binnen bebouwde kom,Tss. 2 best.: langs opzij (voor-/achterkant-flank),Geen hindernis