crash_row_id,site_id,site_name,site_gemeente,site_lat,site_long,distance_km,crash_lat,crash_long,DT_YEAR_COLLISION,DT_MONTH_COLLISION,DT_TIME,CD_NIS,TX_MUNTY_COLLISION_NL,TX_WEATHER_NL,TX_ROAD_CONDITION_NL,TX_LIGHT_CONDITION_NL,TX_CLASS_ACCIDENTS_NL,CD_ROAD_USR_TYPE1,TX_ROAD_USR_TYPE1_NL,CD_ROAD_USR_TYPE2,TX_ROAD_USR_TYPE2_NL,TX_CROSSWAY_NL,CD_ROAD_TYPE_NL,TX_BUILD_UP_AREA_NL,TX_COLLISION_TYPE_NL,TX_OBSTACLES_NL
40052,108,Heverlee teller 1,Leuven,50.8471728,4.6954674,2.325422181294995,50.86786953793592,4.700219766550568,2023,6,12,24062,Leuven,Normaal,Droog,Dag,met lichtgewonden,3,Fiets,9,personenauto,Op Kruispunt,Gewestweg,binnen bebouwde kom,Tss. 2 best.: langs opzij (voor-/achterkant-flank),Geen hindernis
40052,76,Heverlee teller 2,Leuven,50.84606,4.69597,2.4433875897998987,50.86786953793592,4.700219766550568,2023,6,12,24062,Leuven,Normaal,Droog,Dag,met lichtgewonden,3,Fiets,9,personenauto,Op Kruispunt,Gewestweg,binnen bebouwde kom,Tss. 2 best.: langs opzij (voor-/achterkant-flank),Geen hindernis
40053,69,Leuven teller 1,Leuven,50.87549,4.71526,0.40870413453759125,50.872220521116105,4.712598684134361,2023,6,13,24062,Leuven,Normaal,Droog,Dag,met lichtgewonden,6,Bromfiets,3,Fiets,Buiten Kruispunt,Gewestweg,binnen bebouwde kom,Tss. 2 best.: langs opzij (voor-/achterkant-flank),Geen hindernis
40053,77,Leuven teller 2,Leuven,50.88672,4.70796,1.6447869196623837,50.872220521116105,4.712598684134361,2023,6,13,24062,Leuven,Normaal,Droog,Dag,met lichtgewonden,6,Bromfiets,3,Fiets,Buiten Kruispunt,Gewestweg,binnen bebouwde kom,Tss. 2 best.: langs opzij (voor-/achterkant-flank),Geen hindernis
40053,107,leuven totem,Leuven,50.8870744,4.7087919,1.6731301553525744,50.872220521116105,4.712598684134361,2023,6,13,24062,Leuven,Normaal,Droog,Dag,met lichtgewonden,6,Bromfiets,3,Fiets,Buiten Kruispunt,Gewestweg,binnen bebouwde kom,Tss. 2 best.: langs opzij (voor-/achterkant-flank),Geen hindernis
40053,151,Leuven,District Leuven,50.8690262,4.6854839,1.9355729561041186,50.872220521116105,4.712598684134361,2023,6,13,24062,Leuven,Normaal,Droog,Dag,met lichtgewonden,6,Bromfiets,3,Fiets,Buiten Kruispunt,Gewestweg,binnen bebouwde kom,Tss. 2 best.: langs opzij (voor-/achterkant-flank),Geen hindernis
40054,69,Leuven teller 1,Leuven,50.87549,4.71526,1.866794610608155,50.85964209571332,4.724038920679677,2023,6,12,24062,Leuven,Normaal,Droog,Dag,met lichtgewonden,3,Fiets,3,Fiets,Op Kruispunt,Gemeenteweg,binnen bebouwde kom,Tussen 2 bestuurders: Langs achteren,Geen hindernis
40054,108,Heverlee teller 1,Leuven,50.8471728,4.6954674,2.4382662263349193,50.85964209571332,4.724038920679677,2023,6,12,24062,Leuven,Normaal,Droog,Dag,met lichtgewonden,3,Fiets,3,Fiets,Op Kruispunt,Gemeenteweg,binnen bebouwde kom,Tussen 2 bestuurders: Langs achteren,Geen hindernis
40054,76,Heverlee teller 2,Leuven,50.84606,4.69597,2.4826185274388197,50.85964209571332,4.724038920679677,2023,6,12,24062,Leuven,Normaal,Droog,Dag,met lichtgewonden,3,Fiets,3,Fiets,Op Kruispunt,Gemeenteweg,binnen bebouwde kom,Tussen 2 bestuurders: Langs achteren,Geen hindernis
40056,72,Herent teller 1,Herent,50.89135,4.64689,2.2514950872052824,50.90332774979241,4.672774265924378,2023,6,8,24038,Herent,Onbekend,Onbekend,Dag,met lichtgewonden,3,Fiets,8,Voetganger,Buiten Kruispunt,Gemeenteweg,binnen bebouwde kom,Met een voetganger,Geen hindernis
40056,73,Herent teller 2,Herent,50.89128,4.64685,2.258367109667104,50.90332774979241,4.672774265924378,2023,6,8,24038,Herent,Onbekend,Onbekend,Dag,met lichtgewonden,3,Fiets,8,Voetganger,Buiten Kruispunt,Gemeenteweg,binnen bebouwde kom,Met een voetganger,Geen hindernis
40057,69,Leuven teller 1,Leuven,50.87549,4.71526,0.23545968561363054,50.87374900465108,4.713349809927866,2023,6,12,24062,Leuven,Normaal,Droog,Dag,met lichtgewonden,3,Fiets,9,personenauto,Buiten Kruispunt,Gemeenteweg,binnen bebouwde kom,Tss. 2 best.: langs opzij (voor-/achterkant-flank),Geen hindernis
40057,77,Leuven teller 2,Leuven,50.88672,4.70796,1.4910540869396904,50.87374900465108,4.713349809927866,2023,6,12,24062,Leuven,Normaal,Droog,Dag,met lichtgewonden,3,Fiets,9,personenauto,Buiten Kruispunt,Gemeenteweg,binnen bebouwde kom,Tss. 2 best.: langs opzij (voor-/achterkant-flank),Geen hindernis
40057,107,leuven totem,Leuven,50.8870744,4.7087919,1.515828837914491,50.87374900465108,4.713349809927866,2023,6,12,24062,Leuven,Normaal,Droog,Dag,met lichtgewonden,3,Fiets,9,personenauto,Buiten Kruispunt,Gemeenteweg,binnen bebouwde kom,Tss. 2 best.: langs opzij (voor-/achterkant-flank),Geen hindernis
40057,151,Leuven,District Leuven,50.8690262,4.6854839,2.024671409687054,50.87374900465108,4.713349809927866,2023,6,12,24062,Leuven,Normaal,Droog,Dag,met lichtgewonden,3,Fiets,9,personenauto,Buiten Kruispunt,Gemeenteweg,binnen bebouwde kom,Tss. 2 best.: langs opzij (voor-/achterkant-flank),Geen hindernis
40058,151,Leuven,District Leuven,50.8690262,4.6854839,0.4952264370038303,50.87334183857189,4.683740447167802,2023,6,9,24062,Leuven,Normaal,Droog,Dag,met lichtgewonden,9,personenauto,3,Fiets,Buiten Kruispunt,Gemeenteweg,binnen bebouwde kom,Tss. 2 best.: langs opzij (voor-/achterkant-flank),Geen hindernis
40058,69,Leuven teller 1,Leuven,50.87549,4.71526,2.22447773732961,50.87334183857189,4.683740447167802,2023,6,9,24062,Leuven,Normaal,Droog,Dag,met lichtgewonden,9,personenauto,3,Fiets,Buiten Kruispunt,Gemeenteweg,binnen bebouwde kom,Tss. 2 best.: langs opzij (voor-/achterkant-flank),Geen hindernis
40058,77,Leuven teller 2,Leuven,50.88672,4.70796,2.2583559951171255,50.87334183857189,4.683740447167802,2023,6,9,24062,Leuven,Normaal,Droog,Dag,met lichtgewonden,9,personenauto,3,Fiets,Buiten Kruispunt,Gemeenteweg,binnen bebouwde kom,Tss. 2 best.: langs opzij (voor-/achterkant-flank),Geen hindernis
40058,107,leuven totem,Leuven,50.8870744,4.7087919,2.328238991429332,50.87334183857189,4.683740447167802,2023,6,9,24062,Leuven,Normaal,Droog,Dag,met lichtgewonden,9,personenauto,3,Fiets,Buiten Kruispunt,Gemeenteweg,binnen bebouwde kom,Tss. 2 best.: langs opzij (voor-/achterkant-flank),Geen hindernis
40059,151,Leuven,District Leuven,50.8690262,4.6854839,1.1938756410978408,50.879703738307086,4.6836989480199405,2023,6,7,24062,Leuven,Onbekend,Droog,Dag,met lichtgewonden,9,personenauto,3,Fiets,Buiten Kruispunt,Gemeenteweg,buiten bebouwde kom,Tss. 2 best.: langs opzij (voor-/achterkant-flank),Geen hindernis
40059,77,Leuven teller 2,Leuven,50.88672,4.70796,1.8722829473727416,50.879703738307086,4.6836989480199405,2023,6,7,24062,Leuven,Onbekend,Droog,Dag,met lichtgewonden,9,personenauto,3,Fiets,Buiten Kruispunt,Gemeenteweg,buiten bebouwde kom,Tss. 2 best.: langs opzij (voor-/achterkant-flank),Geen hindernis
40059,107,leuven totem,Leuven,50.8870744,4.7087919,1.9417842458828158,50.879703738307086,4.6836989480199405,2023,6,7,24062,Leuven,Onbekend,Droog,Dag,met lichtgewonden,9,personenauto,3,Fiets,Buiten Kruispunt,Gemeenteweg,buiten bebouwde kom,Tss. 2 best.: langs opzij (voor-/achterkant-flank),Geen hindernis
40059,69,Leuven teller 1,Leuven,50.87549,4.71526,2.263404373351289,50.879703738307086,4.6836989480199405,2023,6,7,24062,Leuven,Onbekend,Droog,Dag,met lichtgewonden,9,personenauto,3,Fiets,Buiten Kruispunt,Gemeenteweg,buiten bebouwde kom,Tss. 2 best.: langs opzij (voor-/achterkant-flank),Geen hindernis
40060,69,Leuven teller 1,Leuven,50.87549,4.71526,0.5943499390592836,50.872010250321736,4.7216896217928355,2023,6,13,24062,Leuven,Onbekend,Droog,Dag,met lichtgewonden,9,personenauto,3,Fiets,Buiten Kruispunt,Gewestweg,binnen bebouwde kom,Tss. 2 best.: langs opzij (voor-/achterkant-flank),Geen hindernis
40060,77,Leuven teller 2,Leuven,50.88672,4.70796,1.8982131465979122,50.872010250321736,4.7216896217928355,2023,6,13,24062,Leuven,Onbekend,Droog,Dag,met lichtgewonden,9,personenauto,3,Fiets,Buiten Kruispunt,Gewestweg,binnen bebouwde kom,Tss. 2 best.: langs opzij (voor-/achterkant-flank),Geen hindernis
40060,107,leuven totem,Leuven,50.8870744,4.7087919,1.9038483411897442,50.872010250321736,4.7216896217928355,2023,6,13,24062,Leuven,Onbekend,Droog,Dag,met lichtgewonden,9,personenauto,3,Fiets,Buiten Kruispunt,Gewestweg,binnen bebouwde kom,Tss. 2 best.: langs opzij (voor-/achterkant-flank),Geen hindernis
40061,69,Leuven teller 1,Leuven,50.87549,4.71526,0.8520079221068783,50.879110626994695,4.704557800632877,2023,6,22,24062,Leuven,Normaal,Droog,Dageraad - schemering,met zwaargewonden,3,Fiets,8,Voetganger,Buiten Kruispunt,Gemeenteweg,binnen bebouwde kom,Met een voetganger,Geen hindernis
40061,77,Leuven teller 2,Leuven,50.88672,4.70796,0.8791426984140046,50.879110626994695,4.704557800632877,2023,6,22,24062,Leuven,Normaal,Droog,Dageraad - schemering,met zwaargewonden,3,Fiets,8,Voetganger,Buiten Kruispunt,Gemeenteweg,binnen bebouwde kom,Met een voetganger,Geen hindernis
40061,107,leuven totem,Leuven,50.8870744,4.7087919,0.9340214754618221,50.879110626994695,4.704557800632877,2023,6,22,24062,Leuven,Normaal,Droog,Dageraad - schemering,met zwaargewonden,3,Fiets,8,Voetganger,Buiten Kruispunt,Gemeenteweg,binnen bebouwde kom,Met een voetganger,Geen hindernis
40061,151,Leuven,District Leuven,50.8690262,4.6854839,1.7460240481741225,50.879110626994695,4.704557800632877,2023,6,22,24062,Leuven,Normaal,Droog,Dageraad - schemering,met zwaargewonden,3,Fiets,8,Voetganger,Buiten Kruispunt,Gemeenteweg,binnen bebouwde kom,Met een voetganger,Geen hindernis
40062,108,Heverlee teller 1,Leuven,50.8471728,4.6954674,1.1990862370853765,50.85384466089547,4.708886203114387,2023,6,8,24062,Leuven,Normaal,Droog+Proper,Dag,met lichtgewonden,3,Fiets,3,Fiets,Buiten Kruispunt,Gemeenteweg,binnen bebouwde kom,Tussen 2 bestuurders: Flank tegen flank,Geen hindernis
40062,76,Heverlee teller 2,Leuven,50.84606,4.69597,1.2535959489979633,50.85384466089547,4.708886203114387,2023,6,8,24062,Leuven,Normaal,Droog+Proper,Dag,met lichtgewonden,3,Fiets,3,Fiets,Buiten Kruispunt,Gemeenteweg,binnen bebouwde kom,Tussen 2 bestuurders: Flank tegen flank,Geen hindernis
40062,151,Leuven,District Leuven,50.8690262,4.6854839,2.3553278545011063,50.85384466089547,4.708886203114387,2023,6,8,24062,Leuven,Normaal,Droog+Proper,Dag,met lichtgewonden,3,Fiets,3,Fiets,Buiten Kruispunt,Gemeenteweg,binnen bebouwde kom,Tussen 2 bestuurders: Flank tegen flank,Geen hindernis
40062,69,Leuven teller 1,Leuven,50.87549,4.71526,2.4480669041218546,50.85384466089547,4.708886203114387,2023,6,8,24062,Leuven,Normaal,Droog+Proper,Dag,met lichtgewonden,3,Fiets,3,Fiets,Buiten Kruispunt,Gemeenteweg,binnen bebouwde kom,Tussen 2 bestuurders: Flank tegen flank,Geen hindernis
40063,77,Leuven teller 2,Leuven,50.88672,4.70796,0.49521690744284086,50.88330457612614,4.7034294775793555,2023,6,14,24062,Leuven,Normaal,Droog,Dag,met lichtgewonden,3,Fiets,3,Fiets,Op Kruispunt,Gemeenteweg,binnen bebouwde kom,Tussen 2 bestuurders: Frontale botsing,Geen hindernis
40063,107,leuven totem,Leuven,50.8870744,4.7087919,0.5632265597408244,50.88330457612614,4.7034294775793555,2023,6,14,24062,Leuven,Normaal,Droog,Dag,met lichtgewonden,3,Fiets,3,Fiets,Op Kruispunt,Gemeenteweg,binnen bebouwde kom,Tussen 2 bestuurders: Frontale botsing,Geen hindernis
40063,69,Leuven teller 1,Leuven,50.87549,4.71526,1.201660351024648,50.88330457612614,4.7034294775793555,2023,6,14,24062,Leuven,Normaal,Droog,Dag,met lichtgewonden,3,Fiets,3,Fiets,Op Kruispunt,Gemeenteweg,binnen bebouwde kom,Tussen 2 bestuurders: Frontale botsing,Geen hindernis
40063,151,Leuven,District Leuven,50.8690262,4.6854839,2.0263630505282584,50.88330457612614,4.7034294775793555,2023,6,14,24062,Leuven,Normaal,Droog,Dag,met lichtgewonden,3,Fiets,3,Fiets,Op Kruispunt,Gemeenteweg,binnen bebouwde kom,Tussen 2 bestuurders: Frontale botsing,Geen hindernis
40065,69,Leuven teller 1,Leuven,50.87549,4.71526,0.6937223393816949,50.87370706954373,4.705785487046837,2023,6,13,24062,Leuven,Normaal,Droog,Dag,met lichtgewonden,3,Fiets,9,personenauto,Buiten Kruispunt,Gemeenteweg,binnen bebouwde kom,Tussen 2 bestuurders: Langs achteren,Geen hindernis
40065,77,Leuven teller 2,Leuven,50.88672,4.70796,1.4549920114397488,50.87370706954373,4.705785487046837,2023,6,13,24062,Leuven,Normaal,Droog,Dag,met lichtgewonden,3,Fiets,9,personenauto,Buiten Kruispunt,Gemeenteweg,binnen bebouwde kom,Tussen 2 bestuurders: Langs achteren,Geen hindernis
40065,107,leuven totem,Leuven,50.8870744,4.7087919,1.5012700455711097,50.87370706954373,4.705785487046837,2023,6,13,24062,Leuven,Normaal,Droog,Dag,met lichtgewonden,3,Fiets,9,personenauto,Buiten Kruispunt,Gemeenteweg,binnen bebouwde kom,Tussen 2 bestuurders: Langs achteren,Geen hindernis
40065,151,Leuven,District Leuven,50.8690262,4.6854839,1.5166899133869032,50.87370706954373,4.705785487046837,2023,6,13,24062,Leuven,Normaal,Droog,Dag,met lichtgewonden,3,Fiets,9,personenauto,Buiten Kruispunt,Gemeenteweg,binnen bebouwde kom,Tussen 2 bestuurders: Langs achteren,Geen hindernis
40066,69,Leuven teller 1,Leuven,50.87549,4.71526,0.28759381588785954,50.873114067669874,4.7168795064845686,2023,6,10,24062,Leuven,Normaal,Droog,Dag,met lichtgewonden,3,Fiets,9,personenauto,Buiten Kruispunt,Gewestweg,binnen bebouwde kom,Tss. 2 best.: langs opzij (voor-/achterkant-flank),Geen hindernis
40066,77,Leuven teller 2,Leuven,50.88672,4.70796,1.6372216666237642,50.873114067669874,4.7168795064845686,2023,6,10,24062,Leuven,Normaal,Droog,Dag,met lichtgewonden,3,Fiets,9,personenauto,Buiten Kruispunt,Gewestweg,binnen bebouwde kom,Tss. 2 best.: langs opzij (voor-/achterkant-flank),Geen hindernis
40066,107,leuven totem,Leuven,50.8870744,4.7087919,1.6527689879980663,50.873114067669874,4.7168795064845686,2023,6,10,24062,Leuven,Normaal,Droog,Dag,met lichtgewonden,3,Fiets,9,personenauto,Buiten Kruispunt,Gewestweg,binnen bebouwde kom,Tss. 2 best.: langs opzij (voor-/achterkant-flank),Geen hindernis
40066,151,Leuven,District Leuven,50.8690262,4.6854839,2.2494810095324436,50.873114067669874,4.7168795064845686,2023,6,10,24062,Leuven,Normaal,Droog,Dag,met lichtgewonden,3,Fiets,9,personenauto,Buiten Kruispunt,Gewestweg,binnen bebouwde kom,Tss. 2 best.: langs opzij (voor-/achterkant-flank),Geen hindernis
40067,107,leuven totem,Leuven,50.8870744,4.7087919,0.31492552378466115,50.88935006348746,4.706119216884501,2023,6,8,24062,Leuven,Normaal,Droog+Proper,Dag,met zwaargewonden,3,Fiets,3,Fiets,Buiten Kruispunt,Gemeenteweg,binnen bebouwde kom,Tss. 2 best.: langs opzij (voor-/achterkant-flank),Geen hindernis
40067,77,Leuven teller 2,Leuven,50.88672,4.70796,0.31968690756275586,50.88935006348746,4.706119216884501,2023,6,8,24062,Leuven,Normaal,Droog+Proper,Dag,met zwaargewonden,3,Fiets,3,Fiets,Buiten Kruispunt,Gemeenteweg,binnen bebouwde kom,Tss. 2 best.: langs opzij (voor-/achterkant-flank),Geen hindernis
40067,69,Leuven teller 1,Leuven,50.87549,4.71526,1.6692584109941384,50.88935006348746,4.706119216884501,2023,6,8,24062,Leuven,Normaal,Droog+Proper,Dag,met zwaargewonden,3,Fiets,3,Fiets,Buiten Kruispunt,Gemeenteweg,binnen bebouwde kom,Tss. 2 best.: langs opzij (voor-/achterkant-flank),Geen hindernis
40068,69,Leuven teller 1,Leuven,50.87549,4.71526,0.8970393285188193,50.88269985984735,4.72099606037139,2023,6,7,24062,Leuven,Normaal,Droog,Dag,met lichtgewonden,3,Fiets,3,Fiets,Op Kruispunt,Gemeenteweg,binnen bebouwde kom,Tussen 2 bestuurders: Flank tegen flank,Geen hindernis
40068,107,leuven totem,Leuven,50.8870744,4.7087919,0.9846676296150848,50.88269985984735,4.72099606037139,2023,6,7,24062,Leuven,Normaal,Droog,Dag,met lichtgewonden,3,Fiets,3,Fiets,Op Kruispunt,Gemeenteweg,binnen bebouwde kom,Tussen 2 bestuurders: Flank tegen flank,Geen hindernis
40068,77,Leuven teller 2,Leuven,50.88672,4.70796,1.0179009876301426,50.88269985984735,4.72099606037139,2023,6,7,24062,Leuven,Normaal,Droog,Dag,met lichtgewonden,3,Fiets,3,Fiets,Op Kruispunt,Gemeenteweg,binnen bebouwde kom,Tussen 2 bestuurders: Flank tegen flank,Geen hindernis
40069,77,Leuven teller 2,Leuven,50.88672,4.70796,0.2139112588968895,50.88749466403802,4.705168714855033,2023,6,21,24062,Leuven,Normaal,Droog,Dag,met lichtgewonden,3,Fiets,10,"één bestuurder, geen hindernis",Buiten Kruispunt,Gemeenteweg,binnen bebouwde kom,"Eén bestuurder, geen hindernis (incl. val)",Geen hindernis
40069,107,leuven totem,Leuven,50.8870744,4.7087919,0.2584164140061487,50.88749466403802,4.705168714855033,2023,6,21,24062,Leuven,Normaal,Droog,Dag,met lichtgewonden,3,Fiets,10,"één bestuurder, geen hindernis",Buiten Kruispunt,Gemeenteweg,binnen bebouwde kom,"Eén bestuurder, geen hindernis (incl. val)",Geen hindernis
40069,69,Leuven teller 1,Leuven,50.87549,4.71526,1.5109784624431575,50.88749466403802,4.705168714855033,2023,6,21,24062,Leuven,Normaal,Droog,Dag,met lichtgewonden,3,Fiets,10,"één bestuurder, geen hindernis",Buiten Kruispunt,Gemeenteweg,binnen bebouwde kom,"Eén bestuurder, geen hindernis (incl. val)",Geen hindernis
40069,151,Leuven,District Leuven,50.8690262,4.6854839,2.474814818706493,50.88749466403802,4.705168714855033,2023,6,21,24062,Leuven,Normaal,Droog,Dag,met lichtgewonden,3,Fiets,10,"één bestuurder, geen hindernis",Buiten Kruispunt,Gemeenteweg,binnen bebouwde kom,"Eén bestuurder, geen hindernis (incl. val)",Geen hindernis
40075,72,Herent teller 1,Herent,50.89135,4.64689,1.264383501722791,50.89983502266194,4.634888529668999,2023,6,8,24038,Herent,Normaal,Droog,Dag,met lichtgewonden,3,Fiets,9,personenauto,Buiten Kruispunt,Gemeenteweg,binnen bebouwde kom,Tss. 2 best.: langs opzij (voor-/achterkant-flank),Geen hindernis
40075,73,Herent teller 2,Herent,50.89128,4.64685,1.2683454076217726,50.89983502266194,4.634888529668999,2023,6,8,24038,Herent,Normaal,Droog,Dag,met lichtgewonden,3,Fiets,9,personenauto,Buiten Kruispunt,Gemeenteweg,binnen bebouwde kom,Tss. 2 best.: langs opzij (voor-/achterkant-flank),Geen hindernis
40077,87,Aarschot,Aarschot,50.99084,4.81259,1.883116565959378,50.98308885665392,4.836509619970081,2023,6,8,24001,Aarschot,Normaal,Droog,Dag,met lichtgewonden,3,Fiets,9,personenauto,Op Kruispunt,Gewestweg,binnen bebouwde kom,Tss. 2 best.: langs opzij (voor-/achterkant-flank),Geen hindernis
40078,87,Aarschot,Aarschot,50.99084,4.81259,1.3153877712421762,50.98705274329376,4.830393750326342,2023,6,8,24001,Aarschot,Normaal,Droog,Dag,met lichtgewonden,9,personenauto,3,Fiets,Buiten Kruispunt,Gemeenteweg,binnen bebouwde kom,Tss. 2 best.: langs opzij (voor-/achterkant-flank),Geen hindernis
40082,70,Kampenhout teller 1,Kampenhout,50.95682,4.59318,1.2899528964519156,50.9640779488563,4.607548244260851,2023,6,8,24014,Boortmeerbeek,Normaal,Droog,Dag,met lichtgewonden,3,Fiets,9,personenauto,Op Kruispunt,Gewestweg,buiten bebouwde kom,Tussen 2 bestuurders: Flank tegen flank,Geen hindernis
40082,71,Kampenhout teller 2,Kampenhout,50.95589,4.59164,1.4388606168695375,50.9640779488563,4.607548244260851,2023,6,8,24014,Boortmeerbeek,Normaal,Droog,Dag,met lichtgewonden,3,Fiets,9,personenauto,Op Kruispunt,Gewestweg,buiten bebouwde kom,Tussen 2 bestuurders: Flank tegen flank,Geen hindernis
40084,101,Diest teller 1,Diest,50.97799,5.04481,1.8034327672438561,50.98567336749165,5.022122596960779,2023,6,8,24020,Diest,Normaal,Droog,Dag,met lichtgewonden,3,Fiets,5,Lichte vrachtauto,Op Kruispunt,Gemeenteweg,buiten bebouwde kom,Tss. 2 best.: langs opzij (voor-/achterkant-flank),Geen hindernis
40084,102,Diest teller 2,Diest,50.9779,5.04474,1.8038938632912476,50.98567336749165,5.022122596960779,2023,6,8,24020,Diest,Normaal,Droog,Dag,met lichtgewonden,3,Fiets,5,Lichte vrachtauto,Op Kruispunt,Gemeenteweg,buiten bebouwde kom,Tss. 2 best.: langs opzij (voor-/achterkant-flank),Geen hindernis
40087,101,Diest teller 1,Diest,50.97799,5.04481,0.8426864116712772,50.978951022093504,5.056749537676915,2023,6,8,24020,Diest,Normaal,Droog,Dag,met lichtgewonden,3,Fiets,9,personenauto,Op Kruispunt,Gewestweg,binnen bebouwde kom,Tss. 2 best.: langs opzij (voor-/achterkant-flank),Geen hindernis
40087,102,Diest teller 2,Diest,50.9779,5.04474,0.8488683921201756,50.978951022093504,5.056749537676915,2023,6,8,24020,Diest,Normaal,Droog,Dag,met lichtgewonden,3,Fiets,9,personenauto,Op Kruispunt,Gewestweg,binnen bebouwde kom,Tss. 2 best.: langs opzij (voor-/achterkant-flank),Geen hindernis
40089,101,Diest teller 1,Diest,50.97799,5.04481,0.786221305449425,50.98374581658444,5.051332882089277,2023,6,16,24020,Diest,Normaal,Droog,Dag,met zwaargewonden,3,Fiets,10,"één bestuurder, geen hindernis",Buiten Kruispunt,Gemeenteweg,binnen bebouwde kom,"Eén bestuurder, geen hindernis (incl. val)",Geen hindernis
40089,102,Diest teller 2,Diest,50.9779,5.04474,0.7972164086684664,50.98374581658444,5.051332882089277,2023,6,16,24020,Diest,Normaal,Droog,Dag,met zwaargewonden,3,Fiets,10,"één bestuurder, geen hindernis",Buiten Kruispunt,Gemeenteweg,binnen bebouwde kom,"Eén bestuurder, geen hindernis (incl. val)",Geen hindernis
40090,102,Diest teller 2,Diest,50.9779,5.04474,0.05995920003859465,50.97751891291217,5.044134091744659,2023,6,14,24020,Diest,Normaal,Droog,Dag,met lichtgewonden,9,personenauto,3,Fiets,Op Kruispunt,Gewestweg,binnen bebouwde kom,Tss. 2 best.: langs opzij (voor-/achterkant-flank),Geen hindernis
40090,101,Diest teller 1,Diest,50.97799,5.04481,0.0705917128414204,50.97751891291217,5.044134091744659,2023,6,14,24020,Diest,Normaal,Droog,Dag,met lichtgewonden,9,personenauto,3,Fiets,Op Kruispunt,Gewestweg,binnen bebouwde kom,Tss. 2 best.: langs opzij (voor-/achterkant-flank),Geen hindernis
40096,12,Tervuren,Kraainem,50.81896,4.47803,2.390876594694703,50.83081945595134,4.506422454900555,2023,6,15,23103,Wezembeek-Oppem,Normaal,Droog,Dag,met lichtgewonden,3,Fiets,3,Fiets,Buiten Kruispunt,Gemeenteweg,binnen bebouwde kom,Tussen 2 bestuurders: Frontale botsing,Geen hindernis
40097,145,Overijse,District Vilvoorde-gewestwegen,50.7885856,4.4908759,0.796238572647116,50.793346547425124,4.482414637695695,2023,6,18,23062,Overijse,Normaal,Droog,Dag,met lichtgewonden,9,personenauto,3,Fiets,Buiten Kruispunt,Gewestweg,buiten bebouwde kom,Tussen 2 bestuurders: Langs achteren,Geen hindernis
40097,146,Overijse 2,District Vilvoorde-gewestwegen,50.7881478,4.4902818,0.7999878452033579,50.793346547425124,4.482414637695695,2023,6,18,23062,Overijse,Normaal,Droog,Dag,met lichtgewonden,9,personenauto,3,Fiets,Buiten Kruispunt,Gewestweg,buiten bebouwde kom,Tussen 2 bestuurders: Langs achteren,Geen hindernis
40097,147,Overijse,District Vilvoorde-gewestwegen,50.7797555,4.4975769,1.8493264338603013,50.793346547425124,4.482414637695695,2023,6,18,23062,Overijse,Normaal,Droog,Dag,met lichtgewonden,9,personenauto,3,Fiets,Buiten Kruispunt,Gewestweg,buiten bebouwde kom,Tussen 2 bestuurders: Langs achteren,Geen hindernis
40098,148,Hoeilaart,District Leuven,50.76699493,4.44471001,2.10052604525363,50.76764321807665,4.47456015457484,2023,6,18,23033,Hoeilaart,Normaal,Droog,Dag,met lichtgewonden,3,Fiets,9,personenauto,Buiten Kruispunt,Gemeenteweg,binnen bebouwde kom,Tss. 2 best.: langs opzij (voor-/achterkant-flank),Geen hindernis
40098,147,Overijse,District Vilvoorde-gewestwegen,50.7797555,4.4975769,2.105576007350768,50.76764321807665,4.47456015457484,2023,6,18,23033,Hoeilaart,Normaal,Droog,Dag,met lichtgewonden,3,Fiets,9,personenauto,Buiten Kruispunt,Gemeenteweg,binnen bebouwde kom,Tss. 2 best.: langs opzij (voor-/achterkant-flank),Geen hindernis
40108,86,Asse teller 2,Asse,50.89132,4.1709,1.4003903330401475,50.8787865435137,4.168944721306497,2023,6,22,23086,Ternat,Onbekend,Droog,Dageraad - schemering,met lichtgewonden,3,Fiets,9,personenauto,Buiten Kruispunt,Gemeenteweg,binnen bebouwde kom,Tussen 2 bestuurders: Flank tegen flank,Geen hindernis
40108,85,Asse teller 1,Asse,50.89621,4.17294,1.9575653265004205,50.8787865435137,4.168944721306497,2023,6,22,23086,Ternat,Onbekend,Droog,Dageraad - schemering,met lichtgewonden,3,Fiets,9,personenauto,Buiten Kruispunt,Gemeenteweg,binnen bebouwde kom,Tussen 2 bestuurders: Flank tegen flank,Geen hindernis
40115,81,Wemmel teller 2,Wemmel,50.91439,4.29568,2.2819323958591013,50.92615490755481,4.2690069073343855,2023,6,18,23052,Merchtem,Normaal,Droog,Dag,met lichtgewonden,3,Fiets,9,personenauto,Op Kruispunt,Gemeenteweg,binnen bebouwde kom,Tss. 2 best.: langs opzij (voor-/achterkant-flank),Geen hindernis
40115,80,Wemmel teller 1,Wemmel,50.91418,4.29571,2.297115578686929,50.92615490755481,4.2690069073343855,2023,6,18,23052,Merchtem,Normaal,Droog,Dag,met lichtgewonden,3,Fiets,9,personenauto,Op Kruispunt,Gemeenteweg,binnen bebouwde kom,Tss. 2 best.: langs opzij (voor-/achterkant-flank),Geen hindernis