crash_row_id,site_id,site_name,site_gemeente,site_lat,site_long,distance_km,crash_lat,crash_long,DT_YEAR_COLLISION,DT_MONTH_COLLISION,DT_TIME,CD_NIS,TX_MUNTY_COLLISION_NL,TX_WEATHER_NL,TX_ROAD_CONDITION_NL,TX_LIGHT_CONDITION_NL,TX_CLASS_ACCIDENTS_NL,CD_ROAD_USR_TYPE1,TX_ROAD_USR_TYPE1_NL,CD_ROAD_USR_TYPE2,TX_ROAD_USR_TYPE2_NL,TX_CROSSWAY_NL,CD_ROAD_TYPE_NL,TX_BUILD_UP_AREA_NL,TX_COLLISION_TYPE_NL,TX_OBSTACLES_NL
40117,80,Wemmel teller 1,Wemmel,50.91418,4.29571,1.5318748216219462,50.90279207639636,4.283414839874665,2023,6,17,23002,Asse,Normaal,Droog,Dag,met lichtgewonden,3,Fiets,8,Voetganger,Buiten Kruispunt,Gemeenteweg,binnen bebouwde kom,Met een voetganger,Geen hindernis
40117,81,Wemmel teller 2,Wemmel,50.91439,4.29568,1.5500637900311356,50.90279207639636,4.283414839874665,2023,6,17,23002,Asse,Normaal,Droog,Dag,met lichtgewonden,3,Fiets,8,Voetganger,Buiten Kruispunt,Gemeenteweg,binnen bebouwde kom,Met een voetganger,Geen hindernis
40120,152,Opwijk,District Vilvoorde-gewestwegen,50.968901168564656,4.149169474840164,2.0494227957243414,50.95241877575321,4.162264516166968,2023,6,12,23060,Opwijk,Normaal,Droog,Dag,met lichtgewonden,3,Fiets,9,personenauto,Buiten Kruispunt,Gemeenteweg,buiten bebouwde kom,Tss. 2 best.: langs opzij (voor-/achterkant-flank),Geen hindernis
40126,47,Vilvoorde,Vilvoorde,50.91372,4.41497,1.9003652937782374,50.93071846315471,4.417778290177278,2023,6,3,23088,Vilvoorde,Onbekend,Droog,"Nacht, geen openbare verlichting aanwezig",met lichtgewonden,3,Fiets,11,een weggebruiker tegen een hindernis,Buiten Kruispunt,Gemeenteweg,binnen bebouwde kom,Weggebruiker tegen hindernis buiten rijbaan,Andere hindernis
40127,47,Vilvoorde,Vilvoorde,50.91372,4.41497,1.339457765156683,50.92532902715847,4.42007013525377,2023,6,8,23088,Vilvoorde,Normaal,Droog,Dag,met lichtgewonden,3,Fiets,8,Voetganger,Buiten Kruispunt,Gewestweg,binnen bebouwde kom,Met een voetganger,Geen hindernis
40128,149,Machelen,,50.88297881,4.43356644,0.8807763352611645,50.88708818485797,4.444300149472767,2023,6,16,23047,Machelen,Normaal,Droog,Dag,met lichtgewonden,3,Fiets,9,personenauto,Op Kruispunt,Gemeenteweg,buiten bebouwde kom,Tussen 2 bestuurders: Flank tegen flank,Geen hindernis
40128,111,Zaventem totem,Zaventem,50.8871216,4.4597084,1.0808546278987088,50.88708818485797,4.444300149472767,2023,6,16,23047,Machelen,Normaal,Droog,Dag,met lichtgewonden,3,Fiets,9,personenauto,Op Kruispunt,Gemeenteweg,buiten bebouwde kom,Tussen 2 bestuurders: Flank tegen flank,Geen hindernis
40128,26,Zaventem,Zaventem,50.86995,4.45444,2.034139725310318,50.88708818485797,4.444300149472767,2023,6,16,23047,Machelen,Normaal,Droog,Dag,met lichtgewonden,3,Fiets,9,personenauto,Op Kruispunt,Gemeenteweg,buiten bebouwde kom,Tussen 2 bestuurders: Flank tegen flank,Geen hindernis
40129,47,Vilvoorde,Vilvoorde,50.91372,4.41497,1.5797302657223011,50.926214504024856,4.425696135792671,2023,6,22,23088,Vilvoorde,Normaal,Droog,"Nacht, openbare verlichting aanwezig en ontstoken",met lichtgewonden,9,personenauto,3,Fiets,Op Kruispunt,Gewestweg,binnen bebouwde kom,Tss. 2 best.: langs opzij (voor-/achterkant-flank),Geen hindernis
40129,1,Machelen,Machelen,50.91618331151478,4.456121776137429,2.40678937082903,50.926214504024856,4.425696135792671,2023,6,22,23088,Vilvoorde,Normaal,Droog,"Nacht, openbare verlichting aanwezig en ontstoken",met lichtgewonden,9,personenauto,3,Fiets,Op Kruispunt,Gewestweg,binnen bebouwde kom,Tss. 2 best.: langs opzij (voor-/achterkant-flank),Geen hindernis
40130,47,Vilvoorde,Vilvoorde,50.91372,4.41497,0.8337040710807013,50.92009712391477,4.408715652810569,2023,6,16,23088,Vilvoorde,Normaal,Droog,Dag,met lichtgewonden,3,Fiets,9,personenauto,Op Kruispunt,Gemeenteweg,binnen bebouwde kom,Tss. 2 best.: langs opzij (voor-/achterkant-flank),Geen hindernis
40131,109,Zemst,Zemst,50.9903936,4.4707023,0.7140259633247371,50.9851096123115,4.464905834017728,2023,6,10,23096,Zemst,Normaal,Droog,Dag,met lichtgewonden,3,Fiets,9,personenauto,Op Kruispunt,Gewestweg,binnen bebouwde kom,Tss. 2 best.: langs opzij (voor-/achterkant-flank),Geen hindernis
40132,109,Zemst,Zemst,50.9903936,4.4707023,1.0693155558504714,50.98078308725534,4.471245118793846,2023,6,11,23096,Zemst,Normaal,Droog,Dag,met lichtgewonden,3,Fiets,9,personenauto,Buiten Kruispunt,Gemeenteweg,binnen bebouwde kom,Tussen 2 bestuurders: Flank tegen flank,Geen hindernis
40133,109,Zemst,Zemst,50.9903936,4.4707023,0.27114872572733695,50.988185310512904,4.472345408037717,2023,6,17,23096,Zemst,Normaal,Droog,Dag,met lichtgewonden,3,Fiets,10,"één bestuurder, geen hindernis",Buiten Kruispunt,Gewestweg,binnen bebouwde kom,"Eén bestuurder, geen hindernis (incl. val)",Geen hindernis
40137,1,Machelen,Machelen,50.91618331151478,4.456121776137429,2.217377855771373,50.91351042956261,4.487465482699885,2023,6,17,23081,Steenokkerzeel,Normaal,Droog,Dag,met lichtgewonden,9,personenauto,3,Fiets,Buiten Kruispunt,Gewestweg,buiten bebouwde kom,Tussen 2 bestuurders: Flank tegen flank,Geen hindernis
40140,136,Gent R4,Gent,51.0876313,3.7587918,1.7722937913807655,51.07198980103371,3.753915946691075,2023,6,7,44021,Gent,Normaal,Droog,Dag,met lichtgewonden,5,Lichte vrachtauto,3,Fiets,Buiten Kruispunt,Gemeenteweg,binnen bebouwde kom,Tussen 2 bestuurders: Flank tegen flank,Geen hindernis
40149,13,Gent,Gent,51.03018,3.70146,0.8966612423256239,51.032059532531036,3.7139290582466655,2023,6,14,44021,Gent,Normaal,Droog,Dag,met lichtgewonden,3,Fiets,5,Lichte vrachtauto,Buiten Kruispunt,Gewestweg,binnen bebouwde kom,Tss. 2 best.: langs opzij (voor-/achterkant-flank),Geen hindernis
40153,13,Gent,Gent,51.03018,3.70146,2.086293607441753,51.04877791023428,3.7054035821356632,2023,6,7,44021,Gent,Normaal,Droog,Dag,met lichtgewonden,9,personenauto,3,Fiets,Buiten Kruispunt,Gemeenteweg,binnen bebouwde kom,Tss. 2 best.: langs opzij (voor-/achterkant-flank),Geen hindernis
40154,118,Gent teller 1,Gent,51.028049,3.7681359,2.23043138668144,51.041910675775775,3.745080116512159,2023,6,21,44021,Gent,Normaal,Droog,Dageraad - schemering,met lichtgewonden,6,Bromfiets,3,Fiets,Op Kruispunt,Gemeenteweg,binnen bebouwde kom,Tss. 2 best.: langs opzij (voor-/achterkant-flank),Geen hindernis
40154,119,Gent teller 2,Gent,51.0281795,3.7683918,2.23345240926362,51.041910675775775,3.745080116512159,2023,6,21,44021,Gent,Normaal,Droog,Dageraad - schemering,met lichtgewonden,6,Bromfiets,3,Fiets,Op Kruispunt,Gemeenteweg,binnen bebouwde kom,Tss. 2 best.: langs opzij (voor-/achterkant-flank),Geen hindernis
40157,118,Gent teller 1,Gent,51.028049,3.7681359,2.199286393089986,51.0403628734351,3.743523203604494,2023,6,12,44021,Gent,Normaal,Droog,Dag,met lichtgewonden,9,personenauto,3,Fiets,Op Kruispunt,Gewestweg,binnen bebouwde kom,Tss. 2 best.: langs opzij (voor-/achterkant-flank),Geen hindernis
40157,119,Gent teller 2,Gent,51.0281795,3.7683918,2.204367957790535,51.0403628734351,3.743523203604494,2023,6,12,44021,Gent,Normaal,Droog,Dag,met lichtgewonden,9,personenauto,3,Fiets,Op Kruispunt,Gewestweg,binnen bebouwde kom,Tss. 2 best.: langs opzij (voor-/achterkant-flank),Geen hindernis
40158,119,Gent teller 2,Gent,51.0281795,3.7683918,1.8325123920588622,51.04339771641705,3.7583339432347422,2023,6,15,44021,Gent,Normaal,Droog,Dag,met lichtgewonden,1,Autobus,3,Fiets,Buiten Kruispunt,Gemeenteweg,binnen bebouwde kom,Kettingbotsing (3 bestuurders of meer),Geen hindernis
40158,118,Gent teller 1,Gent,51.028049,3.7681359,1.839178132841945,51.04339771641705,3.7583339432347422,2023,6,15,44021,Gent,Normaal,Droog,Dag,met lichtgewonden,1,Autobus,3,Fiets,Buiten Kruispunt,Gemeenteweg,binnen bebouwde kom,Kettingbotsing (3 bestuurders of meer),Geen hindernis
40159,136,Gent R4,Gent,51.0876313,3.7587918,1.5918431164806406,51.10193428107013,3.7597558136786797,2023,6,7,44021,Gent,Normaal,Droog,Dag,met lichtgewonden,9,personenauto,3,Fiets,Buiten Kruispunt,Gemeenteweg,binnen bebouwde kom,Tussen 2 bestuurders: Flank tegen flank,Geen hindernis
40162,136,Gent R4,Gent,51.0876313,3.7587918,1.1454859136714461,51.09764486122728,3.762643337602707,2023,6,8,44021,Gent,Normaal,Droog,Dag,met lichtgewonden,3,Fiets,9,personenauto,Buiten Kruispunt,Gemeenteweg,binnen bebouwde kom,Tussen 2 bestuurders: Langs achteren,Geen hindernis
40165,13,Gent,Gent,51.03018,3.70146,1.9892293846149085,51.04802462652229,3.6994445681648673,2023,6,20,44021,Gent,Normaal,Onbekend,Dageraad - schemering,met lichtgewonden,3,Fiets,1,Autobus,Buiten Kruispunt,Gemeenteweg,binnen bebouwde kom,Tss. 2 best.: langs opzij (voor-/achterkant-flank),Geen hindernis
40166,13,Gent,Gent,51.03018,3.70146,0.708549108425486,51.02483022795843,3.706964115284671,2023,7,2,44021,Gent,Normaal,Droog,"Nacht, geen openbare verlichting aanwezig",met lichtgewonden,3,Fiets,10,"één bestuurder, geen hindernis",Op Kruispunt,Gewestweg,binnen bebouwde kom,"Eén bestuurder, geen hindernis (incl. val)",Geen hindernis
40168,13,Gent,Gent,51.03018,3.70146,1.597347553331074,51.04417247270607,3.696289156332081,2023,6,13,44021,Gent,Normaal,Droog,Dag,met lichtgewonden,9,personenauto,3,Fiets,Buiten Kruispunt,Gemeenteweg,binnen bebouwde kom,Tussen 2 bestuurders: Flank tegen flank,Geen hindernis
40169,13,Gent,Gent,51.03018,3.70146,2.294398741550256,51.04648276199988,3.7215751837418787,2023,6,20,44021,Gent,Normaal,Droog,Dag,met lichtgewonden,3,Fiets,3,Fiets,Buiten Kruispunt,Gemeenteweg,binnen bebouwde kom,Tussen 2 bestuurders: Frontale botsing,Geen hindernis
40170,118,Gent teller 1,Gent,51.028049,3.7681359,0.04030168242348849,51.0283559430702,3.7678294416086504,2023,6,10,44021,Gent,Normaal,Droog,Dag,met lichtgewonden,3,Fiets,8,Voetganger,Op Kruispunt,Gewestweg,binnen bebouwde kom,Met een voetganger,Geen hindernis
40170,119,Gent teller 2,Gent,51.0281795,3.7683918,0.04395046360775174,51.0283559430702,3.7678294416086504,2023,6,10,44021,Gent,Normaal,Droog,Dag,met lichtgewonden,3,Fiets,8,Voetganger,Op Kruispunt,Gewestweg,binnen bebouwde kom,Met een voetganger,Geen hindernis
40173,13,Gent,Gent,51.03018,3.70146,1.3808621872518734,51.033220698593134,3.7206054279395935,2023,6,8,44021,Gent,Normaal,Droog,Dag,met lichtgewonden,3,Fiets,9,personenauto,Op Kruispunt,Gewestweg,binnen bebouwde kom,Tussen 2 bestuurders: Flank tegen flank,Geen hindernis
40175,13,Gent,Gent,51.03018,3.70146,1.8209904268575758,51.032812360536425,3.727161687665854,2023,6,15,44021,Gent,Normaal,Droog,Dag,met lichtgewonden,3,Fiets,9,personenauto,Buiten Kruispunt,Gemeenteweg,binnen bebouwde kom,Tussen 2 bestuurders: Frontale botsing,Geen hindernis
40176,118,Gent teller 1,Gent,51.028049,3.7681359,1.148575499241236,51.035692204489884,3.75708748811269,2023,6,17,44021,Gent,Onbekend,Onbekend,Onbekend,met lichtgewonden,3,Fiets,6,Bromfiets,Op Kruispunt,Gemeenteweg,binnen bebouwde kom,Tss. 2 best.: langs opzij (voor-/achterkant-flank),Geen hindernis
40176,119,Gent teller 2,Gent,51.0281795,3.7683918,1.1501046960120764,51.035692204489884,3.75708748811269,2023,6,17,44021,Gent,Onbekend,Onbekend,Onbekend,met lichtgewonden,3,Fiets,6,Bromfiets,Op Kruispunt,Gemeenteweg,binnen bebouwde kom,Tss. 2 best.: langs opzij (voor-/achterkant-flank),Geen hindernis
40180,13,Gent,Gent,51.03018,3.70146,1.1477059545239787,51.03885809653174,3.7103459835518944,2023,6,6,44021,Gent,Normaal,Droog,Dag,met lichtgewonden,9,personenauto,3,Fiets,Op Kruispunt,Gewestweg,binnen bebouwde kom,Tss. 2 best.: langs opzij (voor-/achterkant-flank),Geen hindernis
40183,13,Gent,Gent,51.03018,3.70146,1.178945775166163,51.02146774743627,3.6918532672383466,2023,6,8,44021,Gent,Normaal,Droog,Dag,met lichtgewonden,9,personenauto,3,Fiets,Op Kruispunt,Gewestweg,buiten bebouwde kom,Tss. 2 best.: langs opzij (voor-/achterkant-flank),Geen hindernis
40184,13,Gent,Gent,51.03018,3.70146,1.8949104285322624,51.017561349853935,3.719668761893144,2023,6,9,44021,Gent,Normaal,Droog,Dag,met lichtgewonden,4,Vrachtwagen,3,Fiets,Op Kruispunt,Gemeenteweg,binnen bebouwde kom,Tss. 2 best.: langs opzij (voor-/achterkant-flank),Geen hindernis
40185,13,Gent,Gent,51.03018,3.70146,2.168443007843047,51.03193520433805,3.7323427435339624,2023,6,17,44021,Gent,Normaal,Droog,Dag,met lichtgewonden,9,personenauto,3,Fiets,Buiten Kruispunt,Gemeenteweg,binnen bebouwde kom,Tss. 2 best.: langs opzij (voor-/achterkant-flank),Geen hindernis
40186,136,Gent R4,Gent,51.0876313,3.7587918,2.226298378935447,51.06946094196044,3.772175612405764,2023,6,20,44021,Gent,Normaal,Droog,Dag,met lichtgewonden,3,Fiets,9,personenauto,Buiten Kruispunt,Gemeenteweg,binnen bebouwde kom,Tss. 2 best.: langs opzij (voor-/achterkant-flank),Geen hindernis
40188,118,Gent teller 1,Gent,51.028049,3.7681359,1.7562336702675414,51.03776966639824,3.74834100058004,2023,6,8,44021,Gent,Normaal,Droog,Dag,met lichtgewonden,9,personenauto,3,Fiets,Op Kruispunt,Gewestweg,binnen bebouwde kom,Tss. 2 best.: langs opzij (voor-/achterkant-flank),Geen hindernis
40188,119,Gent teller 2,Gent,51.0281795,3.7683918,1.7615481602360747,51.03776966639824,3.74834100058004,2023,6,8,44021,Gent,Normaal,Droog,Dag,met lichtgewonden,9,personenauto,3,Fiets,Op Kruispunt,Gewestweg,binnen bebouwde kom,Tss. 2 best.: langs opzij (voor-/achterkant-flank),Geen hindernis
40191,136,Gent R4,Gent,51.0876313,3.7587918,2.4791672837547654,51.06560651941803,3.753276638797558,2023,6,19,44021,Gent,Normaal,Droog,Dag,met lichtgewonden,6,Bromfiets,3,Fiets,Buiten Kruispunt,Gewestweg,binnen bebouwde kom,Tss. 2 best.: langs opzij (voor-/achterkant-flank),Geen hindernis
40207,118,Gent teller 1,Gent,51.028049,3.7681359,1.6686901397529008,51.03021698791558,3.744525038353396,2023,6,13,44021,Gent,Onbekend,Onbekend,Dag,met lichtgewonden,3,Fiets,3,Fiets,Buiten Kruispunt,Gewestweg,binnen bebouwde kom,Tussen 2 bestuurders: Frontale botsing,Geen hindernis
40207,119,Gent teller 2,Gent,51.0281795,3.7683918,1.6843848933505006,51.03021698791558,3.744525038353396,2023,6,13,44021,Gent,Onbekend,Onbekend,Dag,met lichtgewonden,3,Fiets,3,Fiets,Buiten Kruispunt,Gewestweg,binnen bebouwde kom,Tussen 2 bestuurders: Frontale botsing,Geen hindernis
40209,118,Gent teller 1,Gent,51.028049,3.7681359,0.5092811061813916,51.02420238318416,3.7720885567238343,2023,6,13,44040,Melle,Normaal,Droog,Dag,met lichtgewonden,9,personenauto,3,Fiets,Buiten Kruispunt,Gemeenteweg,binnen bebouwde kom,Tss. 2 best.: langs opzij (voor-/achterkant-flank),Geen hindernis
40209,119,Gent teller 2,Gent,51.0281795,3.7683918,0.5122658886177418,51.02420238318416,3.7720885567238343,2023,6,13,44040,Melle,Normaal,Droog,Dag,met lichtgewonden,9,personenauto,3,Fiets,Buiten Kruispunt,Gemeenteweg,binnen bebouwde kom,Tss. 2 best.: langs opzij (voor-/achterkant-flank),Geen hindernis
40214,116,Melle teller 2,Melle,50.9986113,3.8040599,1.7627901813880167,50.99324939695957,3.8277641280216095,2023,6,20,44040,Melle,Normaal,Droog,Dageraad - schemering,met lichtgewonden,3,Fiets,3,Fiets,Op Kruispunt,Gemeenteweg,binnen bebouwde kom,Tussen 2 bestuurders: Frontale botsing,Geen hindernis
40214,117,Melle teller 1,Melle,50.9986113,3.8040599,1.7627901813880167,50.99324939695957,3.8277641280216095,2023,6,20,44040,Melle,Normaal,Droog,Dageraad - schemering,met lichtgewonden,3,Fiets,3,Fiets,Op Kruispunt,Gemeenteweg,binnen bebouwde kom,Tussen 2 bestuurders: Frontale botsing,Geen hindernis
40215,119,Gent teller 2,Gent,51.0281795,3.7683918,2.3058183202438327,51.022023310264025,3.7998742755224195,2023,6,16,44013,Destelbergen,Normaal,Droog,Dag,met lichtgewonden,5,Lichte vrachtauto,3,Fiets,Buiten Kruispunt,Gemeenteweg,binnen bebouwde kom,Tussen 2 bestuurders: Langs achteren,Geen hindernis
40215,118,Gent teller 1,Gent,51.028049,3.7681359,2.3186832481065087,51.022023310264025,3.7998742755224195,2023,6,16,44013,Destelbergen,Normaal,Droog,Dag,met lichtgewonden,5,Lichte vrachtauto,3,Fiets,Buiten Kruispunt,Gemeenteweg,binnen bebouwde kom,Tussen 2 bestuurders: Langs achteren,Geen hindernis
40221,113,Deinze teller 2,Deinze,50.96018,3.55578,2.364538735395983,50.96560283595559,3.5884268146589893,2023,6,17,44048,Nazareth,Normaal,Droog,Dag,met lichtgewonden,3,Fiets,10,"één bestuurder, geen hindernis",Buiten Kruispunt,Gemeenteweg,binnen bebouwde kom,"Eén bestuurder, geen hindernis (incl. val)",Geen hindernis
40221,114,Deinze teller 1,Nazareth,50.9598305,3.555502,2.393505339764973,50.96560283595559,3.5884268146589893,2023,6,17,44048,Nazareth,Normaal,Droog,Dag,met lichtgewonden,3,Fiets,10,"één bestuurder, geen hindernis",Buiten Kruispunt,Gemeenteweg,binnen bebouwde kom,"Eén bestuurder, geen hindernis (incl. val)",Geen hindernis
40222,113,Deinze teller 2,Deinze,50.96018,3.55578,2.444591332263615,50.959415453006876,3.590662747388049,2023,6,9,44048,Nazareth,Normaal,Droog,Dag,met lichtgewonden,3,Fiets,3,Fiets,Buiten Kruispunt,Gemeenteweg,binnen bebouwde kom,Tss. 2 best.: langs opzij (voor-/achterkant-flank),Geen hindernis
40222,114,Deinze teller 1,Nazareth,50.9598305,3.555502,2.463024856932761,50.959415453006876,3.590662747388049,2023,6,9,44048,Nazareth,Normaal,Droog,Dag,met lichtgewonden,3,Fiets,3,Fiets,Buiten Kruispunt,Gemeenteweg,binnen bebouwde kom,Tss. 2 best.: langs opzij (voor-/achterkant-flank),Geen hindernis
40230,6,Evergem 2,Evergem,51.10894,3.70298,0.3508394441005898,51.11062911745174,3.698735285288844,2023,6,3,44019,Evergem,Normaal,Droog,"Nacht, openbare verlichting aanwezig en ontstoken",met lichtgewonden,3,Fiets,10,"één bestuurder, geen hindernis",Op Kruispunt,Gewestweg,binnen bebouwde kom,"Eén bestuurder, geen hindernis (incl. val)",Geen hindernis
40230,7,Evergem 1,Evergem,51.1089,3.70317,0.36443937415846167,51.11062911745174,3.698735285288844,2023,6,3,44019,Evergem,Normaal,Droog,"Nacht, openbare verlichting aanwezig en ontstoken",met lichtgewonden,3,Fiets,10,"één bestuurder, geen hindernis",Op Kruispunt,Gewestweg,binnen bebouwde kom,"Eén bestuurder, geen hindernis (incl. val)",Geen hindernis
40232,136,Gent R4,Gent,51.0876313,3.7587918,2.0495322584873055,51.07942848608255,3.732516161820621,2023,5,15,44021,Gent,Onbekend,Onbekend,Dag,met lichtgewonden,3,Fiets,4,Vrachtwagen,Buiten Kruispunt,Gewestweg,onbekend,Tussen 2 bestuurders: Flank tegen flank,Geen hindernis
40233,6,Evergem 2,Evergem,51.10894,3.70298,0.35444499214389485,51.11060730008687,3.6986527439817505,2023,6,7,44019,Evergem,Normaal,Droog,Dag,met lichtgewonden,7,Motorfiets,3,Fiets,Op Kruispunt,Gemeenteweg,binnen bebouwde kom,Tss. 2 best.: langs opzij (voor-/achterkant-flank),Geen hindernis
40233,7,Evergem 1,Evergem,51.1089,3.70317,0.3680900517655452,51.11060730008687,3.6986527439817505,2023,6,7,44019,Evergem,Normaal,Droog,Dag,met lichtgewonden,7,Motorfiets,3,Fiets,Op Kruispunt,Gemeenteweg,binnen bebouwde kom,Tss. 2 best.: langs opzij (voor-/achterkant-flank),Geen hindernis
40236,7,Evergem 1,Evergem,51.1089,3.70317,0.1797518279461127,51.10764630730764,3.7047954322589676,2023,6,7,44019,Evergem,Normaal,Droog,Dag,met zwaargewonden,3,Fiets,2,Andere weggebruiker,Buiten Kruispunt,Gemeenteweg,binnen bebouwde kom,Tss. 2 best.: langs opzij (voor-/achterkant-flank),Geen hindernis
40236,6,Evergem 2,Evergem,51.10894,3.70298,0.1917211478861746,51.10764630730764,3.7047954322589676,2023,6,7,44019,Evergem,Normaal,Droog,Dag,met zwaargewonden,3,Fiets,2,Andere weggebruiker,Buiten Kruispunt,Gemeenteweg,binnen bebouwde kom,Tss. 2 best.: langs opzij (voor-/achterkant-flank),Geen hindernis
40240,7,Evergem 1,Evergem,51.1089,3.70317,0.638306789397325,51.10558925655487,3.710638985840088,2023,6,15,44019,Evergem,Normaal,Droog,Dag,met lichtgewonden,3,Fiets,10,"één bestuurder, geen hindernis",Op Kruispunt,Gemeenteweg,buiten bebouwde kom,"Eén bestuurder, geen hindernis (incl. val)",Geen hindernis
40240,6,Evergem 2,Evergem,51.10894,3.70298,0.6517206756815289,51.10558925655487,3.710638985840088,2023,6,15,44019,Evergem,Normaal,Droog,Dag,met lichtgewonden,3,Fiets,10,"één bestuurder, geen hindernis",Op Kruispunt,Gemeenteweg,buiten bebouwde kom,"Eén bestuurder, geen hindernis (incl. val)",Geen hindernis
40241,7,Evergem 1,Evergem,51.1089,3.70317,2.1770202711111253,51.11993714811238,3.7289292740641113,2023,6,8,44019,Evergem,Normaal,Droog,Dag,met lichtgewonden,3,Fiets,3,Fiets,Op Kruispunt,Gemeenteweg,buiten bebouwde kom,Tussen 2 bestuurders: Frontale botsing,Geen hindernis
40241,6,Evergem 2,Evergem,51.10894,3.70298,2.1854951460748433,51.11993714811238,3.7289292740641113,2023,6,8,44019,Evergem,Normaal,Droog,Dag,met lichtgewonden,3,Fiets,3,Fiets,Op Kruispunt,Gemeenteweg,buiten bebouwde kom,Tussen 2 bestuurders: Frontale botsing,Geen hindernis
40311,126,Hamme totem,Hamme,51.1017709,4.1469307,2.198201171342073,51.113186667786216,4.172636513353547,2023,6,13,46025,Temse,Normaal,Droog,Dag,met lichtgewonden,3,Fiets,9,personenauto,Buiten Kruispunt,Gemeenteweg,binnen bebouwde kom,Tussen 2 bestuurders: Flank tegen flank,Geen hindernis
40318,128,Lokeren teller 1,Lokeren,51.09644,3.97023,1.6465561223254686,51.106632448597956,3.987336329723118,2023,6,11,46014,Lokeren,Normaal,Droog,Dag,met zwaargewonden,3,Fiets,8,Voetganger,Buiten Kruispunt,Gemeenteweg,binnen bebouwde kom,Met een voetganger,Geen hindernis
40318,129,Lokeren teller 2,Lokeren,51.09612,3.97025,1.6702525083514073,51.106632448597956,3.987336329723118,2023,6,11,46014,Lokeren,Normaal,Droog,Dag,met zwaargewonden,3,Fiets,8,Voetganger,Buiten Kruispunt,Gemeenteweg,binnen bebouwde kom,Met een voetganger,Geen hindernis
40320,141,Test site A support,Lokeren,51.08342085,3.9961071208376326,1.744466950532604,51.09907997397874,3.9976315425366113,2023,6,1,46014,Lokeren,Normaal,Droog,"Nacht, openbare verlichting aanwezig en ontstoken",met lichtgewonden,3,Fiets,9,personenauto,Buiten Kruispunt,Gemeenteweg,binnen bebouwde kom,Tussen 2 bestuurders: Frontale botsing,Geen hindernis
40320,128,Lokeren teller 1,Lokeren,51.09644,3.97023,1.935827934649693,51.09907997397874,3.9976315425366113,2023,6,1,46014,Lokeren,Normaal,Droog,"Nacht, openbare verlichting aanwezig en ontstoken",met lichtgewonden,3,Fiets,9,personenauto,Buiten Kruispunt,Gemeenteweg,binnen bebouwde kom,Tussen 2 bestuurders: Frontale botsing,Geen hindernis
40320,129,Lokeren teller 2,Lokeren,51.09612,3.97025,1.940172437085201,51.09907997397874,3.9976315425366113,2023,6,1,46014,Lokeren,Normaal,Droog,"Nacht, openbare verlichting aanwezig en ontstoken",met lichtgewonden,3,Fiets,9,personenauto,Buiten Kruispunt,Gemeenteweg,binnen bebouwde kom,Tussen 2 bestuurders: Frontale botsing,Geen hindernis
40321,128,Lokeren teller 1,Lokeren,51.09644,3.97023,1.8797949289105353,51.10092971635163,3.9961835190646524,2023,6,10,46014,Lokeren,Normaal,Droog,Dag,met lichtgewonden,9,personenauto,3,Fiets,Op Kruispunt,Gemeenteweg,binnen bebouwde kom,Tussen 2 bestuurders: Flank tegen flank,Geen hindernis
40321,129,Lokeren teller 2,Lokeren,51.09612,3.97025,1.888222869224907,51.10092971635163,3.9961835190646524,2023,6,10,46014,Lokeren,Normaal,Droog,Dag,met lichtgewonden,9,personenauto,3,Fiets,Op Kruispunt,Gemeenteweg,binnen bebouwde kom,Tussen 2 bestuurders: Flank tegen flank,Geen hindernis
40321,141,Test site A support,Lokeren,51.08342085,3.9961071208376326,1.9469044206163917,51.10092971635163,3.9961835190646524,2023,6,10,46014,Lokeren,Normaal,Droog,Dag,met lichtgewonden,9,personenauto,3,Fiets,Op Kruispunt,Gemeenteweg,binnen bebouwde kom,Tussen 2 bestuurders: Flank tegen flank,Geen hindernis
40324,128,Lokeren teller 1,Lokeren,51.09644,3.97023,1.0033900085617256,51.10340117647902,3.979373650777469,2023,6,18,46014,Lokeren,Normaal,Droog,Dag,met lichtgewonden,9,personenauto,3,Fiets,Op Kruispunt,Gemeenteweg,binnen bebouwde kom,Tss. 2 best.: langs opzij (voor-/achterkant-flank),Geen hindernis
40324,129,Lokeren teller 2,Lokeren,51.09612,3.97025,1.0302252156679708,51.10340117647902,3.979373650777469,2023,6,18,46014,Lokeren,Normaal,Droog,Dag,met lichtgewonden,9,personenauto,3,Fiets,Op Kruispunt,Gemeenteweg,binnen bebouwde kom,Tss. 2 best.: langs opzij (voor-/achterkant-flank),Geen hindernis
40325,141,Test site A support,Lokeren,51.08342085,3.9961071208376326,1.0460086109942583,51.089803007571795,4.007109065106562,2023,6,8,46014,Lokeren,Normaal,Droog,Dag,met lichtgewonden,9,personenauto,3,Fiets,Op Kruispunt,Gemeenteweg,binnen bebouwde kom,Tss. 2 best.: langs opzij (voor-/achterkant-flank),Geen hindernis
40326,128,Lokeren teller 1,Lokeren,51.09644,3.97023,1.0853431885704998,51.10024205657402,3.98454526385379,2023,6,15,46014,Lokeren,Normaal,Droog,Dag,met zwaargewonden,3,Fiets,5,Lichte vrachtauto,Op Kruispunt,Gewestweg,binnen bebouwde kom,Tss. 2 best.: langs opzij (voor-/achterkant-flank),Geen hindernis
40326,129,Lokeren teller 2,Lokeren,51.09612,3.97025,1.098425684416628,51.10024205657402,3.98454526385379,2023,6,15,46014,Lokeren,Normaal,Droog,Dag,met zwaargewonden,3,Fiets,5,Lichte vrachtauto,Op Kruispunt,Gewestweg,binnen bebouwde kom,Tss. 2 best.: langs opzij (voor-/achterkant-flank),Geen hindernis