crash_row_id,site_id,site_name,site_gemeente,site_lat,site_long,distance_km,crash_lat,crash_long,DT_YEAR_COLLISION,DT_MONTH_COLLISION,DT_TIME,CD_NIS,TX_MUNTY_COLLISION_NL,TX_WEATHER_NL,TX_ROAD_CONDITION_NL,TX_LIGHT_CONDITION_NL,TX_CLASS_ACCIDENTS_NL,CD_ROAD_USR_TYPE1,TX_ROAD_USR_TYPE1_NL,CD_ROAD_USR_TYPE2,TX_ROAD_USR_TYPE2_NL,TX_CROSSWAY_NL,CD_ROAD_TYPE_NL,TX_BUILD_UP_AREA_NL,TX_COLLISION_TYPE_NL,TX_OBSTACLES_NL
40326,141,Test site A support,Lokeren,51.08342085,3.9961071208376326,2.0372819404740463,51.10024205657402,3.98454526385379,2023,6,15,46014,Lokeren,Normaal,Droog,Dag,met zwaargewonden,3,Fiets,5,Lichte vrachtauto,Op Kruispunt,Gewestweg,binnen bebouwde kom,Tss. 2 best.: langs opzij (voor-/achterkant-flank),Geen hindernis
40327,128,Lokeren teller 1,Lokeren,51.09644,3.97023,1.7571863715852638,51.10231457606712,3.993591343488621,2023,6,16,46014,Lokeren,Normaal,Droog,Dag,met lichtgewonden,3,Fiets,6,Bromfiets,Op Kruispunt,Gemeenteweg,binnen bebouwde kom,Tss. 2 best.: langs opzij (voor-/achterkant-flank),Geen hindernis
40327,129,Lokeren teller 2,Lokeren,51.09612,3.97025,1.7694407568293269,51.10231457606712,3.993591343488621,2023,6,16,46014,Lokeren,Normaal,Droog,Dag,met lichtgewonden,3,Fiets,6,Bromfiets,Op Kruispunt,Gemeenteweg,binnen bebouwde kom,Tss. 2 best.: langs opzij (voor-/achterkant-flank),Geen hindernis
40327,141,Test site A support,Lokeren,51.08342085,3.9961071208376326,2.108220241881672,51.10231457606712,3.993591343488621,2023,6,16,46014,Lokeren,Normaal,Droog,Dag,met lichtgewonden,3,Fiets,6,Bromfiets,Op Kruispunt,Gemeenteweg,binnen bebouwde kom,Tss. 2 best.: langs opzij (voor-/achterkant-flank),Geen hindernis
40329,126,Hamme totem,Hamme,51.1017709,4.1469307,1.522215495390052,51.091553147419646,4.132423569021957,2023,6,11,42008,Hamme,Onbekend,Onbekend,Dag,met lichtgewonden,3,Fiets,11,een weggebruiker tegen een hindernis,Buiten Kruispunt,Gemeenteweg,binnen bebouwde kom,Weggebruiker tegen hindernis buiten rijbaan,Onbekend
40331,126,Hamme totem,Hamme,51.1017709,4.1469307,1.8993885053043895,51.085614841388974,4.138099443312734,2023,6,7,42008,Hamme,Normaal,Droog,Dag,met lichtgewonden,3,Fiets,11,een weggebruiker tegen een hindernis,Buiten Kruispunt,Gemeenteweg,binnen bebouwde kom,Weggebruiker tegen hindernis buiten rijbaan,Buiten de rijbaan: Muur gebouw
40332,126,Hamme totem,Hamme,51.1017709,4.1469307,1.0870591876621887,51.092099885781394,4.1492076707161445,2023,6,20,42008,Hamme,Normaal,Droog,Dag,met lichtgewonden,9,personenauto,3,Fiets,Op Kruispunt,Gewestweg,buiten bebouwde kom,Tussen 2 bestuurders: Frontale botsing,Geen hindernis
40334,141,Test site A support,Lokeren,51.08342085,3.9961071208376326,1.8917167665272923,51.067057222802234,3.9886996271514756,2023,6,13,42028,Zele,Normaal,Droog,Dag,met lichtgewonden,3,Fiets,11,een weggebruiker tegen een hindernis,Buiten Kruispunt,Gemeenteweg,binnen bebouwde kom,Weggebruiker tegen hindernis buiten rijbaan,Andere hindernis
40335,120,Zele teller 1,Zele,51.0607671,4.0547741,1.1638286091068006,51.06705358257005,4.041458330998971,2023,6,15,42028,Zele,Normaal,Droog,Dag,met zwaargewonden,3,Fiets,10,"één bestuurder, geen hindernis",Op Kruispunt,Gemeenteweg,binnen bebouwde kom,"Eén bestuurder, geen hindernis (incl. val)",Geen hindernis
40335,121,Zele teller 2,Zele,51.0604067,4.0556696,1.2379472121927129,51.06705358257005,4.041458330998971,2023,6,15,42028,Zele,Normaal,Droog,Dag,met zwaargewonden,3,Fiets,10,"één bestuurder, geen hindernis",Op Kruispunt,Gemeenteweg,binnen bebouwde kom,"Eén bestuurder, geen hindernis (incl. val)",Geen hindernis
40338,120,Zele teller 1,Zele,51.0607671,4.0547741,0.8753411582805243,51.067867449327714,4.049364995498061,2023,6,9,42028,Zele,Normaal,Droog,Dag,met lichtgewonden,3,Fiets,5,Lichte vrachtauto,Buiten Kruispunt,Gemeenteweg,binnen bebouwde kom,Tussen 2 bestuurders: Frontale botsing,Geen hindernis
40338,121,Zele teller 2,Zele,51.0604067,4.0556696,0.9393256640522307,51.067867449327714,4.049364995498061,2023,6,9,42028,Zele,Normaal,Droog,Dag,met lichtgewonden,3,Fiets,5,Lichte vrachtauto,Buiten Kruispunt,Gemeenteweg,binnen bebouwde kom,Tussen 2 bestuurders: Frontale botsing,Geen hindernis
40339,126,Hamme totem,Hamme,51.1017709,4.1469307,2.271713364683921,51.096192034961625,4.11563410619021,2023,6,16,42008,Hamme,Normaal,Onbekend,Dag,met lichtgewonden,3,Fiets,11,een weggebruiker tegen een hindernis,Buiten Kruispunt,Gemeenteweg,buiten bebouwde kom,Weggebruiker tegen hindernis op de rijbaan,"Op de rijbaan: Put, straatgoot, tramspoor"
40367,10,Aalst 2,Aalst,50.93549,4.01571,0.5058649344198863,50.93898838008884,4.020325022812224,2023,6,16,41002,Aalst,Regenval,"Nat, plassen",Dag,met lichtgewonden,9,personenauto,3,Fiets,Buiten Kruispunt,Gewestweg,binnen bebouwde kom,Tss. 2 best.: langs opzij (voor-/achterkant-flank),Geen hindernis
40367,11,Aalst 3,Aalst,50.93385,4.01647,0.6320018401400157,50.93898838008884,4.020325022812224,2023,6,16,41002,Aalst,Regenval,"Nat, plassen",Dag,met lichtgewonden,9,personenauto,3,Fiets,Buiten Kruispunt,Gewestweg,binnen bebouwde kom,Tss. 2 best.: langs opzij (voor-/achterkant-flank),Geen hindernis
40367,19,Aalst 1,Aalst,50.93433,4.01471,0.6504786967922358,50.93898838008884,4.020325022812224,2023,6,16,41002,Aalst,Regenval,"Nat, plassen",Dag,met lichtgewonden,9,personenauto,3,Fiets,Buiten Kruispunt,Gewestweg,binnen bebouwde kom,Tss. 2 best.: langs opzij (voor-/achterkant-flank),Geen hindernis
40368,152,Opwijk,District Vilvoorde-gewestwegen,50.968901168564656,4.149169474840164,1.1074275976849335,50.95900170252254,4.147438181189004,2023,6,0,41002,Aalst,Normaal,Droog,"Nacht, openbare verlichting aanwezig en ontstoken",met zwaargewonden,3,Fiets,11,een weggebruiker tegen een hindernis,Buiten Kruispunt,Gewestweg,binnen bebouwde kom,Weggebruiker tegen hindernis op de rijbaan,"Op de rijbaan: Werken (signal., aarde, toestel,…)"
40369,10,Aalst 2,Aalst,50.93549,4.01571,1.617002297539548,50.94203509517122,4.036317574288425,2023,6,9,41002,Aalst,Normaal,Droog,Dag,met lichtgewonden,9,personenauto,3,Fiets,Buiten Kruispunt,Gemeenteweg,binnen bebouwde kom,Tussen 2 bestuurders: Langs achteren,Geen hindernis
40369,11,Aalst 3,Aalst,50.93385,4.01647,1.6620773562199085,50.94203509517122,4.036317574288425,2023,6,9,41002,Aalst,Normaal,Droog,Dag,met lichtgewonden,9,personenauto,3,Fiets,Buiten Kruispunt,Gemeenteweg,binnen bebouwde kom,Tussen 2 bestuurders: Langs achteren,Geen hindernis
40369,19,Aalst 1,Aalst,50.93433,4.01471,1.7396562637750674,50.94203509517122,4.036317574288425,2023,6,9,41002,Aalst,Normaal,Droog,Dag,met lichtgewonden,9,personenauto,3,Fiets,Buiten Kruispunt,Gemeenteweg,binnen bebouwde kom,Tussen 2 bestuurders: Langs achteren,Geen hindernis
40370,11,Aalst 3,Aalst,50.93385,4.01647,2.028503447817231,50.91833079359932,4.03168317875234,2023,6,6,41002,Aalst,Normaal,Droog,Dag,met lichtgewonden,9,personenauto,3,Fiets,Op Kruispunt,Gewestweg,buiten bebouwde kom,Tss. 2 best.: langs opzij (voor-/achterkant-flank),Geen hindernis
40370,19,Aalst 1,Aalst,50.93433,4.01471,2.1401280171264716,50.91833079359932,4.03168317875234,2023,6,6,41002,Aalst,Normaal,Droog,Dag,met lichtgewonden,9,personenauto,3,Fiets,Op Kruispunt,Gewestweg,buiten bebouwde kom,Tss. 2 best.: langs opzij (voor-/achterkant-flank),Geen hindernis
40370,10,Aalst 2,Aalst,50.93549,4.01571,2.2122047712133157,50.91833079359932,4.03168317875234,2023,6,6,41002,Aalst,Normaal,Droog,Dag,met lichtgewonden,9,personenauto,3,Fiets,Op Kruispunt,Gewestweg,buiten bebouwde kom,Tss. 2 best.: langs opzij (voor-/achterkant-flank),Geen hindernis
40371,10,Aalst 2,Aalst,50.93549,4.01571,0.6510790878122666,50.93817194244132,4.023969531459473,2023,6,17,41002,Aalst,Normaal,Droog,Dag,met lichtgewonden,9,personenauto,3,Fiets,Op Kruispunt,Gewestweg,binnen bebouwde kom,Tussen 2 bestuurders: Frontale botsing,Geen hindernis
40371,11,Aalst 3,Aalst,50.93385,4.01647,0.7121281288663214,50.93817194244132,4.023969531459473,2023,6,17,41002,Aalst,Normaal,Droog,Dag,met lichtgewonden,9,personenauto,3,Fiets,Op Kruispunt,Gewestweg,binnen bebouwde kom,Tussen 2 bestuurders: Frontale botsing,Geen hindernis
40371,19,Aalst 1,Aalst,50.93433,4.01471,0.7768559674895669,50.93817194244132,4.023969531459473,2023,6,17,41002,Aalst,Normaal,Droog,Dag,met lichtgewonden,9,personenauto,3,Fiets,Op Kruispunt,Gewestweg,binnen bebouwde kom,Tussen 2 bestuurders: Frontale botsing,Geen hindernis
40372,11,Aalst 3,Aalst,50.93385,4.01647,2.328398847281152,50.91314070154626,4.021385266002076,2023,6,16,41002,Aalst,Normaal,Droog,Dag,met lichtgewonden,3,Fiets,8,Voetganger,Buiten Kruispunt,Gemeenteweg,binnen bebouwde kom,Met een voetganger,Geen hindernis
40372,19,Aalst 1,Aalst,50.93433,4.01471,2.402149640840735,50.91314070154626,4.021385266002076,2023,6,16,41002,Aalst,Normaal,Droog,Dag,met lichtgewonden,3,Fiets,8,Voetganger,Buiten Kruispunt,Gemeenteweg,binnen bebouwde kom,Met een voetganger,Geen hindernis
40382,125,Dendermonde totem,Dendermonde,51.0372706,4.1025998,2.450800529118898,51.0574575676065,4.116672556060446,2023,6,15,42006,Dendermonde,Normaal,Droog,Dag,met lichtgewonden,3,Fiets,3,Fiets,Op Kruispunt,Gemeenteweg,binnen bebouwde kom,Tss. 2 best.: langs opzij (voor-/achterkant-flank),Geen hindernis
40382,122,Dendermonde teller 2,Dendermonde,51.0373918,4.1019222,2.457954782386415,51.0574575676065,4.116672556060446,2023,6,15,42006,Dendermonde,Normaal,Droog,Dag,met lichtgewonden,3,Fiets,3,Fiets,Op Kruispunt,Gemeenteweg,binnen bebouwde kom,Tss. 2 best.: langs opzij (voor-/achterkant-flank),Geen hindernis
40384,122,Dendermonde teller 2,Dendermonde,51.0373918,4.1019222,0.10313202507006317,51.038280530139936,4.102344139163303,2023,6,16,42006,Dendermonde,Normaal,Droog,Dag,met lichtgewonden,5,Lichte vrachtauto,3,Fiets,Buiten Kruispunt,Gewestweg,binnen bebouwde kom,Tss. 2 best.: langs opzij (voor-/achterkant-flank),Geen hindernis
40384,125,Dendermonde totem,Dendermonde,51.0372706,4.1025998,0.1137129556957524,51.038280530139936,4.102344139163303,2023,6,16,42006,Dendermonde,Normaal,Droog,Dag,met lichtgewonden,5,Lichte vrachtauto,3,Fiets,Buiten Kruispunt,Gewestweg,binnen bebouwde kom,Tss. 2 best.: langs opzij (voor-/achterkant-flank),Geen hindernis
40385,125,Dendermonde totem,Dendermonde,51.0372706,4.1025998,1.2570429632614073,51.03627032556766,4.120507137303567,2023,6,11,42006,Dendermonde,Normaal,Droog,Dag,met lichtgewonden,3,Fiets,9,personenauto,Op Kruispunt,Gewestweg,binnen bebouwde kom,Tss. 2 best.: langs opzij (voor-/achterkant-flank),Geen hindernis
40385,122,Dendermonde teller 2,Dendermonde,51.0373918,4.1019222,1.3054595234816435,51.03627032556766,4.120507137303567,2023,6,11,42006,Dendermonde,Normaal,Droog,Dag,met lichtgewonden,3,Fiets,9,personenauto,Op Kruispunt,Gewestweg,binnen bebouwde kom,Tss. 2 best.: langs opzij (voor-/achterkant-flank),Geen hindernis
40391,142,TEST Validatie BRUGGE Y2H22022134,Brugge,51.22632,3.24095,2.2821494800579765,51.20921203079777,3.222848923421792,2023,6,18,31005,Brugge,Normaal,Droog,Dag,met lichtgewonden,3,Fiets,9,personenauto,Op Kruispunt,Gewestweg,binnen bebouwde kom,Tss. 2 best.: langs opzij (voor-/achterkant-flank),Geen hindernis
40391,52,Brugge,Brugge,51.22632,3.24095,2.2821494800579765,51.20921203079777,3.222848923421792,2023,6,18,31005,Brugge,Normaal,Droog,Dag,met lichtgewonden,3,Fiets,9,personenauto,Op Kruispunt,Gewestweg,binnen bebouwde kom,Tss. 2 best.: langs opzij (voor-/achterkant-flank),Geen hindernis
40391,54,Brugge teller 2,Brugge,51.23015,3.22818,2.3576150804882023,51.20921203079777,3.222848923421792,2023,6,18,31005,Brugge,Normaal,Droog,Dag,met lichtgewonden,3,Fiets,9,personenauto,Op Kruispunt,Gewestweg,binnen bebouwde kom,Tss. 2 best.: langs opzij (voor-/achterkant-flank),Geen hindernis
40391,53,Brugge teller 1,Brugge,51.23023,3.228,2.3644655467278324,51.20921203079777,3.222848923421792,2023,6,18,31005,Brugge,Normaal,Droog,Dag,met lichtgewonden,3,Fiets,9,personenauto,Op Kruispunt,Gewestweg,binnen bebouwde kom,Tss. 2 best.: langs opzij (voor-/achterkant-flank),Geen hindernis
40394,142,TEST Validatie BRUGGE Y2H22022134,Brugge,51.22632,3.24095,2.0712042047851513,51.209497826919055,3.2537193784124234,2023,6,20,31005,Brugge,Regenval,"Nat, plassen",Dag,met lichtgewonden,3,Fiets,9,personenauto,Op Kruispunt,Gewestweg,binnen bebouwde kom,Tussen 2 bestuurders: Frontale botsing,Geen hindernis
40394,52,Brugge,Brugge,51.22632,3.24095,2.0712042047851513,51.209497826919055,3.2537193784124234,2023,6,20,31005,Brugge,Regenval,"Nat, plassen",Dag,met lichtgewonden,3,Fiets,9,personenauto,Op Kruispunt,Gewestweg,binnen bebouwde kom,Tussen 2 bestuurders: Frontale botsing,Geen hindernis
40397,50,"Brugge, Sint-Andries",Brugge,51.19291,3.16252,1.3844322553533277,51.19724742500927,3.181143091196575,2023,6,12,31005,Brugge,Normaal,Droog,Dag,met lichtgewonden,9,personenauto,3,Fiets,Buiten Kruispunt,Gewestweg,binnen bebouwde kom,Tss. 2 best.: langs opzij (voor-/achterkant-flank),Geen hindernis
40397,51,"Brugge, Sint-Andries",Brugge,51.19281,3.16252,1.3883464346215606,51.19724742500927,3.181143091196575,2023,6,12,31005,Brugge,Normaal,Droog,Dag,met lichtgewonden,9,personenauto,3,Fiets,Buiten Kruispunt,Gewestweg,binnen bebouwde kom,Tss. 2 best.: langs opzij (voor-/achterkant-flank),Geen hindernis
40399,51,"Brugge, Sint-Andries",Brugge,51.19281,3.16252,1.6886328207535732,51.17994113205053,3.1753841885036094,2023,6,10,31005,Brugge,Normaal,Droog,Dag,met zwaargewonden,3,Fiets,3,Fiets,Op Kruispunt,Gemeenteweg,binnen bebouwde kom,Tussen 2 bestuurders: Frontale botsing,Geen hindernis
40399,50,"Brugge, Sint-Andries",Brugge,51.19291,3.16252,1.69806526404822,51.17994113205053,3.1753841885036094,2023,6,10,31005,Brugge,Normaal,Droog,Dag,met zwaargewonden,3,Fiets,3,Fiets,Op Kruispunt,Gemeenteweg,binnen bebouwde kom,Tussen 2 bestuurders: Frontale botsing,Geen hindernis
40399,20,Brugge,Brugge,51.17416,3.20048,1.8637929339435866,51.17994113205053,3.1753841885036094,2023,6,10,31005,Brugge,Normaal,Droog,Dag,met zwaargewonden,3,Fiets,3,Fiets,Op Kruispunt,Gemeenteweg,binnen bebouwde kom,Tussen 2 bestuurders: Frontale botsing,Geen hindernis
40407,142,TEST Validatie BRUGGE Y2H22022134,Brugge,51.22632,3.24095,1.8503433803153626,51.21375956680038,3.258377306156987,2023,6,17,31005,Brugge,Normaal,Droog,Dag,met lichtgewonden,9,personenauto,3,Fiets,Buiten Kruispunt,Gemeenteweg,binnen bebouwde kom,Tussen 2 bestuurders: Langs achteren,Geen hindernis
40407,52,Brugge,Brugge,51.22632,3.24095,1.8503433803153626,51.21375956680038,3.258377306156987,2023,6,17,31005,Brugge,Normaal,Droog,Dag,met lichtgewonden,9,personenauto,3,Fiets,Buiten Kruispunt,Gemeenteweg,binnen bebouwde kom,Tussen 2 bestuurders: Langs achteren,Geen hindernis
40409,53,Brugge teller 1,Brugge,51.23023,3.228,2.3531114612857413,51.22886982097706,3.1942755956960704,2023,6,17,31005,Brugge,Normaal,Droog,Dag,met lichtgewonden,6,Bromfiets,3,Fiets,Buiten Kruispunt,Gemeenteweg,binnen bebouwde kom,Tussen 2 bestuurders: Frontale botsing,Geen hindernis
40409,54,Brugge teller 2,Brugge,51.23015,3.22818,2.3650691379598765,51.22886982097706,3.1942755956960704,2023,6,17,31005,Brugge,Normaal,Droog,Dag,met lichtgewonden,6,Bromfiets,3,Fiets,Buiten Kruispunt,Gemeenteweg,binnen bebouwde kom,Tussen 2 bestuurders: Frontale botsing,Geen hindernis
40436,59,Ardooie teller 1,Ardooie,50.96784,3.18479,1.3540693178554928,50.9576182398079,3.195298589925102,2023,6,8,37020,Ardooie,Normaal,Droog,Dag,met lichtgewonden,9,personenauto,3,Fiets,Op Kruispunt,Gemeenteweg,buiten bebouwde kom,Tss. 2 best.: langs opzij (voor-/achterkant-flank),Geen hindernis
40436,60,Ardooie teller 2,Ardooie,50.96783,3.18411,1.3796164182419506,50.9576182398079,3.195298589925102,2023,6,8,37020,Ardooie,Normaal,Droog,Dag,met lichtgewonden,9,personenauto,3,Fiets,Op Kruispunt,Gemeenteweg,buiten bebouwde kom,Tss. 2 best.: langs opzij (voor-/achterkant-flank),Geen hindernis
40438,59,Ardooie teller 1,Ardooie,50.96784,3.18479,1.7356797277894025,50.97548866998684,3.2063984836278876,2023,6,8,37020,Ardooie,Normaal,Droog+Proper,Dag,met lichtgewonden,3,Fiets,3,Fiets,Op Kruispunt,Gewestweg,buiten bebouwde kom,Tss. 2 best.: langs opzij (voor-/achterkant-flank),Geen hindernis
40438,60,Ardooie teller 2,Ardooie,50.96783,3.18411,1.7778710346934166,50.97548866998684,3.2063984836278876,2023,6,8,37020,Ardooie,Normaal,Droog+Proper,Dag,met lichtgewonden,3,Fiets,3,Fiets,Op Kruispunt,Gewestweg,buiten bebouwde kom,Tss. 2 best.: langs opzij (voor-/achterkant-flank),Geen hindernis
40439,18,Oostende 1,Oostende,51.21378,2.92765,1.8055118198035276,51.22837965758189,2.9163035719370454,2023,6,13,35013,Oostende,Normaal,Droog,Dag,met lichtgewonden,3,Fiets,9,personenauto,Op Kruispunt,Gewestweg,binnen bebouwde kom,Tussen 2 bestuurders: Flank tegen flank,Geen hindernis
40439,15,Oostende 2,Oostende,51.21371,2.92743,1.805886771975356,51.22837965758189,2.9163035719370454,2023,6,13,35013,Oostende,Normaal,Droog,Dag,met lichtgewonden,3,Fiets,9,personenauto,Op Kruispunt,Gewestweg,binnen bebouwde kom,Tussen 2 bestuurders: Flank tegen flank,Geen hindernis
40440,15,Oostende 2,Oostende,51.21371,2.92743,1.7241977511344058,51.22405945606736,2.908994933131553,2023,6,18,35013,Oostende,Normaal,Droog,Dag,met lichtgewonden,3,Fiets,9,personenauto,Op Kruispunt,Gewestweg,binnen bebouwde kom,Tss. 2 best.: langs opzij (voor-/achterkant-flank),Geen hindernis
40440,18,Oostende 1,Oostende,51.21378,2.92765,1.7304858919474686,51.22405945606736,2.908994933131553,2023,6,18,35013,Oostende,Normaal,Droog,Dag,met lichtgewonden,3,Fiets,9,personenauto,Op Kruispunt,Gewestweg,binnen bebouwde kom,Tss. 2 best.: langs opzij (voor-/achterkant-flank),Geen hindernis
40441,15,Oostende 2,Oostende,51.21371,2.92743,1.9689948099787993,51.203963367701924,2.903831862541799,2023,6,18,35013,Oostende,Onbekend,Droog,Dag,met lichtgewonden,9,personenauto,3,Fiets,Op Kruispunt,Gewestweg,binnen bebouwde kom,Tussen 2 bestuurders: Frontale botsing,Geen hindernis
40441,18,Oostende 1,Oostende,51.21378,2.92765,1.9860741268607365,51.203963367701924,2.903831862541799,2023,6,18,35013,Oostende,Onbekend,Droog,Dag,met lichtgewonden,9,personenauto,3,Fiets,Op Kruispunt,Gewestweg,binnen bebouwde kom,Tussen 2 bestuurders: Frontale botsing,Geen hindernis
40443,15,Oostende 2,Oostende,51.21371,2.92743,1.6672244367108744,51.21297626140871,2.9035232112593885,2023,6,15,35013,Oostende,Normaal,Droog,Dag,met lichtgewonden,3,Fiets,9,personenauto,Op Kruispunt,Gemeenteweg,binnen bebouwde kom,Tussen 2 bestuurders: Langs achteren,Geen hindernis
40443,18,Oostende 1,Oostende,51.21378,2.92765,1.6829244605315923,51.21297626140871,2.9035232112593885,2023,6,15,35013,Oostende,Normaal,Droog,Dag,met lichtgewonden,3,Fiets,9,personenauto,Op Kruispunt,Gemeenteweg,binnen bebouwde kom,Tussen 2 bestuurders: Langs achteren,Geen hindernis
40445,15,Oostende 2,Oostende,51.21371,2.92743,1.759939922188569,51.22465253861528,2.909172387670088,2023,6,21,35013,Oostende,Normaal,Droog,Dag,met lichtgewonden,3,Fiets,9,personenauto,Op Kruispunt,Gewestweg,binnen bebouwde kom,Tussen 2 bestuurders: Flank tegen flank,Geen hindernis
40445,18,Oostende 1,Oostende,51.21378,2.92765,1.765702762010905,51.22465253861528,2.909172387670088,2023,6,21,35013,Oostende,Normaal,Droog,Dag,met lichtgewonden,3,Fiets,9,personenauto,Op Kruispunt,Gewestweg,binnen bebouwde kom,Tussen 2 bestuurders: Flank tegen flank,Geen hindernis
40446,15,Oostende 2,Oostende,51.21371,2.92743,0.7996866696306195,51.20812016393762,2.920206916798291,2023,6,20,35013,Oostende,Normaal,Droog,Dag,met zwaargewonden,9,personenauto,3,Fiets,Op Kruispunt,Gemeenteweg,binnen bebouwde kom,Tss. 2 best.: langs opzij (voor-/achterkant-flank),Geen hindernis
40446,18,Oostende 1,Oostende,51.21378,2.92765,0.8154086607956008,51.20812016393762,2.920206916798291,2023,6,20,35013,Oostende,Normaal,Droog,Dag,met zwaargewonden,9,personenauto,3,Fiets,Op Kruispunt,Gemeenteweg,binnen bebouwde kom,Tss. 2 best.: langs opzij (voor-/achterkant-flank),Geen hindernis
40447,15,Oostende 2,Oostende,51.21371,2.92743,0.8571584875384063,51.21620965608177,2.9157887563074976,2023,6,8,35013,Oostende,Normaal,Droog,Dag,met lichtgewonden,3,Fiets,3,Fiets,Buiten Kruispunt,Gemeenteweg,binnen bebouwde kom,Tussen 2 bestuurders: Frontale botsing,Geen hindernis
40447,18,Oostende 1,Oostende,51.21378,2.92765,0.8692169412558703,51.21620965608177,2.9157887563074976,2023,6,8,35013,Oostende,Normaal,Droog,Dag,met lichtgewonden,3,Fiets,3,Fiets,Buiten Kruispunt,Gemeenteweg,binnen bebouwde kom,Tussen 2 bestuurders: Frontale botsing,Geen hindernis
40449,18,Oostende 1,Oostende,51.21378,2.92765,1.5931221862259248,51.22355153656358,2.9443786605953943,2023,6,8,35013,Oostende,Normaal,Droog,Dag,met lichtgewonden,6,Bromfiets,3,Fiets,Buiten Kruispunt,Gemeenteweg,binnen bebouwde kom,Tussen 2 bestuurders: Flank tegen flank,Geen hindernis
40449,15,Oostende 2,Oostende,51.21371,2.92743,1.6096441898484772,51.22355153656358,2.9443786605953943,2023,6,8,35013,Oostende,Normaal,Droog,Dag,met lichtgewonden,6,Bromfiets,3,Fiets,Buiten Kruispunt,Gemeenteweg,binnen bebouwde kom,Tussen 2 bestuurders: Flank tegen flank,Geen hindernis
40455,55,Torhout teller 1,Torhout,51.07161,3.08261,0.7246096145760854,51.06821014649995,3.09145727762526,2023,6,16,31033,Torhout,Normaal,Droog,Dag,met zwaargewonden,5,Lichte vrachtauto,3,Fiets,Buiten Kruispunt,Gewestweg,binnen bebouwde kom,Tussen 2 bestuurders: Flank tegen flank,Geen hindernis
40455,56,Torhout teller 2,Torhout,51.07147,3.08244,0.7268830785187934,51.06821014649995,3.09145727762526,2023,6,16,31033,Torhout,Normaal,Droog,Dag,met zwaargewonden,5,Lichte vrachtauto,3,Fiets,Buiten Kruispunt,Gewestweg,binnen bebouwde kom,Tussen 2 bestuurders: Flank tegen flank,Geen hindernis
40456,56,Torhout teller 2,Torhout,51.07147,3.08244,2.1142235596584906,51.052523163623654,3.0849743715522164,2023,6,16,31033,Torhout,Onbekend,Onbekend,Dag,met zwaargewonden,3,Fiets,9,personenauto,Buiten Kruispunt,Gemeenteweg,buiten bebouwde kom,Tussen 2 bestuurders: Flank tegen flank,Geen hindernis
40456,55,Torhout teller 1,Torhout,51.07161,3.08261,2.1287814590079615,51.052523163623654,3.0849743715522164,2023,6,16,31033,Torhout,Onbekend,Onbekend,Dag,met zwaargewonden,3,Fiets,9,personenauto,Buiten Kruispunt,Gemeenteweg,buiten bebouwde kom,Tussen 2 bestuurders: Flank tegen flank,Geen hindernis
40462,84,Roeselare totem,Izegem,50.91717,3.18772,1.8888617232002336,50.916710285743314,3.2146544416337632,2023,6,14,36008,Izegem,Normaal,Droog,Dag,met lichtgewonden,9,personenauto,3,Fiets,Op Kruispunt,Gemeenteweg,binnen bebouwde kom,Tss. 2 best.: langs opzij (voor-/achterkant-flank),Geen hindernis
40467,84,Roeselare totem,Izegem,50.91717,3.18772,1.3246525766071289,50.92011736587029,3.206029169265663,2023,6,12,36008,Izegem,Normaal,Droog,Dag,met lichtgewonden,5,Lichte vrachtauto,3,Fiets,Buiten Kruispunt,Gewestweg,binnen bebouwde kom,Tussen 2 bestuurders: Flank tegen flank,Geen hindernis
40470,59,Ardooie teller 1,Ardooie,50.96784,3.18479,0.2508276650469277,50.96913375770516,3.187724286369126,2023,6,16,37020,Ardooie,Normaal,Proper,Dag,met lichtgewonden,9,personenauto,3,Fiets,Op Kruispunt,Gewestweg,buiten bebouwde kom,Tss. 2 best.: langs opzij (voor-/achterkant-flank),Geen hindernis
40470,60,Ardooie teller 2,Ardooie,50.96783,3.18411,0.29166929023480803,50.96913375770516,3.187724286369126,2023,6,16,37020,Ardooie,Normaal,Proper,Dag,met lichtgewonden,9,personenauto,3,Fiets,Op Kruispunt,Gewestweg,buiten bebouwde kom,Tss. 2 best.: langs opzij (voor-/achterkant-flank),Geen hindernis
40473,84,Roeselare totem,Izegem,50.91717,3.18772,2.1829131958867425,50.918667507331826,3.2187688325981165,2023,6,12,36008,Izegem,Normaal,Droog,Dag,met lichtgewonden,3,Fiets,9,personenauto,Op Kruispunt,Gemeenteweg,binnen bebouwde kom,Tss. 2 best.: langs opzij (voor-/achterkant-flank),Geen hindernis
40484,61,Wervik teller 2,Wervik,50.80555,3.0921,1.7231725268855944,50.8030377302104,3.1162970971173083,2023,6,11,34027,Menen,Normaal,Droog,Dag,met lichtgewonden,3,Fiets,3,Fiets,Buiten Kruispunt,Gemeenteweg,binnen bebouwde kom,Tussen 2 bestuurders: Frontale botsing,Geen hindernis
40484,62,Wervik teller 1,Wervik,50.8058,3.09154,1.7666317173117758,50.8030377302104,3.1162970971173083,2023,6,11,34027,Menen,Normaal,Droog,Dag,met lichtgewonden,3,Fiets,3,Fiets,Buiten Kruispunt,Gemeenteweg,binnen bebouwde kom,Tussen 2 bestuurders: Frontale botsing,Geen hindernis
40486,61,Wervik teller 2,Wervik,50.80555,3.0921,1.0950343688605522,50.79616494653403,3.0968206626960995,2023,6,8,34027,Menen,Normaal,Droog,Dag,met lichtgewonden,3,Fiets,9,personenauto,Op Kruispunt,Gemeenteweg,binnen bebouwde kom,Tss. 2 best.: langs opzij (voor-/achterkant-flank),Geen hindernis