crash_row_id,site_id,site_name,site_gemeente,site_lat,site_long,distance_km,crash_lat,crash_long,DT_YEAR_COLLISION,DT_MONTH_COLLISION,DT_TIME,CD_NIS,TX_MUNTY_COLLISION_NL,TX_WEATHER_NL,TX_ROAD_CONDITION_NL,TX_LIGHT_CONDITION_NL,TX_CLASS_ACCIDENTS_NL,CD_ROAD_USR_TYPE1,TX_ROAD_USR_TYPE1_NL,CD_ROAD_USR_TYPE2,TX_ROAD_USR_TYPE2_NL,TX_CROSSWAY_NL,CD_ROAD_TYPE_NL,TX_BUILD_UP_AREA_NL,TX_COLLISION_TYPE_NL,TX_OBSTACLES_NL
40486,62,Wervik teller 1,Wervik,50.8058,3.09154,1.1338225415021146,50.79616494653403,3.0968206626960995,2023,6,8,34027,Menen,Normaal,Droog,Dag,met lichtgewonden,3,Fiets,9,personenauto,Op Kruispunt,Gemeenteweg,binnen bebouwde kom,Tss. 2 best.: langs opzij (voor-/achterkant-flank),Geen hindernis
40493,16,Kortrijk 1,Kortrijk,50.83332,3.27777,0.7025962417707342,50.83035989195853,3.286608422617008,2023,6,14,34022,Kortrijk,Normaal,Droog,Dag,met lichtgewonden,9,personenauto,3,Fiets,Op Kruispunt,Gemeenteweg,binnen bebouwde kom,Tss. 2 best.: langs opzij (voor-/achterkant-flank),Geen hindernis
40493,17,Kortrijk 2,Kortrijk,50.83339,3.27773,0.7087459717709916,50.83035989195853,3.286608422617008,2023,6,14,34022,Kortrijk,Normaal,Droog,Dag,met lichtgewonden,9,personenauto,3,Fiets,Op Kruispunt,Gemeenteweg,binnen bebouwde kom,Tss. 2 best.: langs opzij (voor-/achterkant-flank),Geen hindernis
40493,143,Eco Display Classic Budastraat,Kortrijk,50.83066,3.26286,1.6682462224392363,50.83035989195853,3.286608422617008,2023,6,14,34022,Kortrijk,Normaal,Droog,Dag,met lichtgewonden,9,personenauto,3,Fiets,Op Kruispunt,Gemeenteweg,binnen bebouwde kom,Tss. 2 best.: langs opzij (voor-/achterkant-flank),Geen hindernis
40493,75,Kortrijk teller 2,Kortrijk,50.81925,3.25731,2.400270881424266,50.83035989195853,3.286608422617008,2023,6,14,34022,Kortrijk,Normaal,Droog,Dag,met lichtgewonden,9,personenauto,3,Fiets,Op Kruispunt,Gemeenteweg,binnen bebouwde kom,Tss. 2 best.: langs opzij (voor-/achterkant-flank),Geen hindernis
40493,74,Kortrijk teller 1,Kortrijk,50.81909,3.25728,2.411278949107268,50.83035989195853,3.286608422617008,2023,6,14,34022,Kortrijk,Normaal,Droog,Dag,met lichtgewonden,9,personenauto,3,Fiets,Op Kruispunt,Gemeenteweg,binnen bebouwde kom,Tss. 2 best.: langs opzij (voor-/achterkant-flank),Geen hindernis
40496,143,Eco Display Classic Budastraat,Kortrijk,50.83066,3.26286,0.20895628630441934,50.83208474005309,3.2609199521474195,2023,6,12,34022,Kortrijk,Normaal,Droog,Dag,met lichtgewonden,3,Fiets,3,Fiets,Buiten Kruispunt,Gemeenteweg,binnen bebouwde kom,Tussen 2 bestuurders: Flank tegen flank,Geen hindernis
40496,17,Kortrijk 2,Kortrijk,50.83339,3.27773,1.1894445305642922,50.83208474005309,3.2609199521474195,2023,6,12,34022,Kortrijk,Normaal,Droog,Dag,met lichtgewonden,3,Fiets,3,Fiets,Buiten Kruispunt,Gemeenteweg,binnen bebouwde kom,Tussen 2 bestuurders: Flank tegen flank,Geen hindernis
40496,16,Kortrijk 1,Kortrijk,50.83332,3.27777,1.1913111351402654,50.83208474005309,3.2609199521474195,2023,6,12,34022,Kortrijk,Normaal,Droog,Dag,met lichtgewonden,3,Fiets,3,Fiets,Buiten Kruispunt,Gemeenteweg,binnen bebouwde kom,Tussen 2 bestuurders: Flank tegen flank,Geen hindernis
40496,75,Kortrijk teller 2,Kortrijk,50.81925,3.25731,1.4495081307150046,50.83208474005309,3.2609199521474195,2023,6,12,34022,Kortrijk,Normaal,Droog,Dag,met lichtgewonden,3,Fiets,3,Fiets,Buiten Kruispunt,Gemeenteweg,binnen bebouwde kom,Tussen 2 bestuurders: Flank tegen flank,Geen hindernis
40496,74,Kortrijk teller 1,Kortrijk,50.81909,3.25728,1.4673940491413813,50.83208474005309,3.2609199521474195,2023,6,12,34022,Kortrijk,Normaal,Droog,Dag,met lichtgewonden,3,Fiets,3,Fiets,Buiten Kruispunt,Gemeenteweg,binnen bebouwde kom,Tussen 2 bestuurders: Flank tegen flank,Geen hindernis
40497,75,Kortrijk teller 2,Kortrijk,50.81925,3.25731,0.8182088703672769,50.826189286610045,3.253435328442435,2023,6,20,34022,Kortrijk,Normaal,Droog,Dag,met lichtgewonden,3,Fiets,3,Fiets,Buiten Kruispunt,Gemeenteweg,binnen bebouwde kom,Tussen 2 bestuurders: Frontale botsing,Geen hindernis
40497,143,Eco Display Classic Budastraat,Kortrijk,50.83066,3.26286,0.8278312342724898,50.826189286610045,3.253435328442435,2023,6,20,34022,Kortrijk,Normaal,Droog,Dag,met lichtgewonden,3,Fiets,3,Fiets,Buiten Kruispunt,Gemeenteweg,binnen bebouwde kom,Tussen 2 bestuurders: Frontale botsing,Geen hindernis
40497,74,Kortrijk teller 1,Kortrijk,50.81909,3.25728,0.8343234958222681,50.826189286610045,3.253435328442435,2023,6,20,34022,Kortrijk,Normaal,Droog,Dag,met lichtgewonden,3,Fiets,3,Fiets,Buiten Kruispunt,Gemeenteweg,binnen bebouwde kom,Tussen 2 bestuurders: Frontale botsing,Geen hindernis
40497,16,Kortrijk 1,Kortrijk,50.83332,3.27777,1.8840804594605596,50.826189286610045,3.253435328442435,2023,6,20,34022,Kortrijk,Normaal,Droog,Dag,met lichtgewonden,3,Fiets,3,Fiets,Buiten Kruispunt,Gemeenteweg,binnen bebouwde kom,Tussen 2 bestuurders: Frontale botsing,Geen hindernis
40497,17,Kortrijk 2,Kortrijk,50.83339,3.27773,1.884824551450302,50.826189286610045,3.253435328442435,2023,6,20,34022,Kortrijk,Normaal,Droog,Dag,met lichtgewonden,3,Fiets,3,Fiets,Buiten Kruispunt,Gemeenteweg,binnen bebouwde kom,Tussen 2 bestuurders: Frontale botsing,Geen hindernis
40498,143,Eco Display Classic Budastraat,Kortrijk,50.83066,3.26286,0.6507914229888665,50.825583599266245,3.26747140683961,2023,6,14,34022,Kortrijk,Regenval,"Nat, plassen",Dag,met zwaargewonden,3,Fiets,11,een weggebruiker tegen een hindernis,Buiten Kruispunt,Gewestweg,binnen bebouwde kom,Weggebruiker tegen hindernis op de rijbaan,"Op de rijbaan: Put, straatgoot, tramspoor"
40498,75,Kortrijk teller 2,Kortrijk,50.81925,3.25731,1.0027349571523398,50.825583599266245,3.26747140683961,2023,6,14,34022,Kortrijk,Regenval,"Nat, plassen",Dag,met zwaargewonden,3,Fiets,11,een weggebruiker tegen een hindernis,Buiten Kruispunt,Gewestweg,binnen bebouwde kom,Weggebruiker tegen hindernis op de rijbaan,"Op de rijbaan: Put, straatgoot, tramspoor"
40498,74,Kortrijk teller 1,Kortrijk,50.81909,3.25728,1.016792942381553,50.825583599266245,3.26747140683961,2023,6,14,34022,Kortrijk,Regenval,"Nat, plassen",Dag,met zwaargewonden,3,Fiets,11,een weggebruiker tegen een hindernis,Buiten Kruispunt,Gewestweg,binnen bebouwde kom,Weggebruiker tegen hindernis op de rijbaan,"Op de rijbaan: Put, straatgoot, tramspoor"
40498,16,Kortrijk 1,Kortrijk,50.83332,3.27777,1.1239257458428604,50.825583599266245,3.26747140683961,2023,6,14,34022,Kortrijk,Regenval,"Nat, plassen",Dag,met zwaargewonden,3,Fiets,11,een weggebruiker tegen een hindernis,Buiten Kruispunt,Gewestweg,binnen bebouwde kom,Weggebruiker tegen hindernis op de rijbaan,"Op de rijbaan: Put, straatgoot, tramspoor"
40498,17,Kortrijk 2,Kortrijk,50.83339,3.27773,1.128097698683873,50.825583599266245,3.26747140683961,2023,6,14,34022,Kortrijk,Regenval,"Nat, plassen",Dag,met zwaargewonden,3,Fiets,11,een weggebruiker tegen een hindernis,Buiten Kruispunt,Gewestweg,binnen bebouwde kom,Weggebruiker tegen hindernis op de rijbaan,"Op de rijbaan: Put, straatgoot, tramspoor"
40499,74,Kortrijk teller 1,Kortrijk,50.81909,3.25728,2.073505718558012,50.802265159440914,3.270005001704587,2023,6,8,34022,Kortrijk,Normaal,Droog,Dag,met lichtgewonden,9,personenauto,3,Fiets,Buiten Kruispunt,Gewestweg,binnen bebouwde kom,Tss. 2 best.: langs opzij (voor-/achterkant-flank),Geen hindernis
40499,75,Kortrijk teller 2,Kortrijk,50.81925,3.25731,2.0886703382641536,50.802265159440914,3.270005001704587,2023,6,8,34022,Kortrijk,Normaal,Droog,Dag,met lichtgewonden,9,personenauto,3,Fiets,Buiten Kruispunt,Gewestweg,binnen bebouwde kom,Tss. 2 best.: langs opzij (voor-/achterkant-flank),Geen hindernis
40500,16,Kortrijk 1,Kortrijk,50.83332,3.27777,0.5478240120103328,50.82925194826218,3.2733699676320667,2023,6,12,34022,Kortrijk,Normaal,Droog,Dag,met lichtgewonden,3,Fiets,6,Bromfiets,Op Kruispunt,Gewestweg,binnen bebouwde kom,Tss. 2 best.: langs opzij (voor-/achterkant-flank),Geen hindernis
40500,17,Kortrijk 2,Kortrijk,50.83339,3.27773,0.5527070313077582,50.82925194826218,3.2733699676320667,2023,6,12,34022,Kortrijk,Normaal,Droog,Dag,met lichtgewonden,3,Fiets,6,Bromfiets,Op Kruispunt,Gewestweg,binnen bebouwde kom,Tss. 2 best.: langs opzij (voor-/achterkant-flank),Geen hindernis
40500,143,Eco Display Classic Budastraat,Kortrijk,50.83066,3.26286,0.7545727235919083,50.82925194826218,3.2733699676320667,2023,6,12,34022,Kortrijk,Normaal,Droog,Dag,met lichtgewonden,3,Fiets,6,Bromfiets,Op Kruispunt,Gewestweg,binnen bebouwde kom,Tss. 2 best.: langs opzij (voor-/achterkant-flank),Geen hindernis
40500,75,Kortrijk teller 2,Kortrijk,50.81925,3.25731,1.5841357512112169,50.82925194826218,3.2733699676320667,2023,6,12,34022,Kortrijk,Normaal,Droog,Dag,met lichtgewonden,3,Fiets,6,Bromfiets,Op Kruispunt,Gewestweg,binnen bebouwde kom,Tss. 2 best.: langs opzij (voor-/achterkant-flank),Geen hindernis
40500,74,Kortrijk teller 1,Kortrijk,50.81909,3.25728,1.5981674686324627,50.82925194826218,3.2733699676320667,2023,6,12,34022,Kortrijk,Normaal,Droog,Dag,met lichtgewonden,3,Fiets,6,Bromfiets,Op Kruispunt,Gewestweg,binnen bebouwde kom,Tss. 2 best.: langs opzij (voor-/achterkant-flank),Geen hindernis
40501,16,Kortrijk 1,Kortrijk,50.83332,3.27777,1.8669164701567103,50.817403597861755,3.2862298833908374,2023,6,8,34022,Kortrijk,Normaal,Droog,Dag,met lichtgewonden,6,Bromfiets,3,Fiets,Op Kruispunt,Gemeenteweg,binnen bebouwde kom,Tss. 2 best.: langs opzij (voor-/achterkant-flank),Geen hindernis
40501,17,Kortrijk 2,Kortrijk,50.83339,3.27773,1.8751894525924173,50.817403597861755,3.2862298833908374,2023,6,8,34022,Kortrijk,Normaal,Droog,Dag,met lichtgewonden,6,Bromfiets,3,Fiets,Op Kruispunt,Gemeenteweg,binnen bebouwde kom,Tss. 2 best.: langs opzij (voor-/achterkant-flank),Geen hindernis
40501,75,Kortrijk teller 2,Kortrijk,50.81925,3.25731,2.0419950117128685,50.817403597861755,3.2862298833908374,2023,6,8,34022,Kortrijk,Normaal,Droog,Dag,met lichtgewonden,6,Bromfiets,3,Fiets,Op Kruispunt,Gemeenteweg,binnen bebouwde kom,Tss. 2 best.: langs opzij (voor-/achterkant-flank),Geen hindernis
40501,74,Kortrijk teller 1,Kortrijk,50.81909,3.25728,2.0423850841474196,50.817403597861755,3.2862298833908374,2023,6,8,34022,Kortrijk,Normaal,Droog,Dag,met lichtgewonden,6,Bromfiets,3,Fiets,Op Kruispunt,Gemeenteweg,binnen bebouwde kom,Tss. 2 best.: langs opzij (voor-/achterkant-flank),Geen hindernis
40501,143,Eco Display Classic Budastraat,Kortrijk,50.83066,3.26286,2.20624308315029,50.817403597861755,3.2862298833908374,2023,6,8,34022,Kortrijk,Normaal,Droog,Dag,met lichtgewonden,6,Bromfiets,3,Fiets,Op Kruispunt,Gemeenteweg,binnen bebouwde kom,Tss. 2 best.: langs opzij (voor-/achterkant-flank),Geen hindernis
40503,16,Kortrijk 1,Kortrijk,50.83332,3.27777,1.1798293714118606,50.82270971792913,3.2776725962481215,2023,6,13,34022,Kortrijk,Normaal,Droog,Dag,met lichtgewonden,9,personenauto,3,Fiets,Op Kruispunt,Gewestweg,binnen bebouwde kom,Tss. 2 best.: langs opzij (voor-/achterkant-flank),Geen hindernis
40503,17,Kortrijk 2,Kortrijk,50.83339,3.27773,1.1876000253247303,50.82270971792913,3.2776725962481215,2023,6,13,34022,Kortrijk,Normaal,Droog,Dag,met lichtgewonden,9,personenauto,3,Fiets,Op Kruispunt,Gewestweg,binnen bebouwde kom,Tss. 2 best.: langs opzij (voor-/achterkant-flank),Geen hindernis
40503,143,Eco Display Classic Budastraat,Kortrijk,50.83066,3.26286,1.36527193827982,50.82270971792913,3.2776725962481215,2023,6,13,34022,Kortrijk,Normaal,Droog,Dag,met lichtgewonden,9,personenauto,3,Fiets,Op Kruispunt,Gewestweg,binnen bebouwde kom,Tss. 2 best.: langs opzij (voor-/achterkant-flank),Geen hindernis
40503,75,Kortrijk teller 2,Kortrijk,50.81925,3.25731,1.4812382618635853,50.82270971792913,3.2776725962481215,2023,6,13,34022,Kortrijk,Normaal,Droog,Dag,met lichtgewonden,9,personenauto,3,Fiets,Op Kruispunt,Gewestweg,binnen bebouwde kom,Tss. 2 best.: langs opzij (voor-/achterkant-flank),Geen hindernis
40503,74,Kortrijk teller 1,Kortrijk,50.81909,3.25728,1.4879893632354726,50.82270971792913,3.2776725962481215,2023,6,13,34022,Kortrijk,Normaal,Droog,Dag,met lichtgewonden,9,personenauto,3,Fiets,Op Kruispunt,Gewestweg,binnen bebouwde kom,Tss. 2 best.: langs opzij (voor-/achterkant-flank),Geen hindernis
40505,16,Kortrijk 1,Kortrijk,50.83332,3.27777,1.4565979105533586,50.82030367036381,3.2801031764188617,2023,5,15,34022,Kortrijk,Onbekend,Onbekend,Dag,met lichtgewonden,3,Fiets,9,personenauto,Op Kruispunt,Gemeenteweg,binnen bebouwde kom,Tss. 2 best.: langs opzij (voor-/achterkant-flank),Geen hindernis
40505,17,Kortrijk 2,Kortrijk,50.83339,3.27773,1.464649467304743,50.82030367036381,3.2801031764188617,2023,5,15,34022,Kortrijk,Onbekend,Onbekend,Dag,met lichtgewonden,3,Fiets,9,personenauto,Op Kruispunt,Gemeenteweg,binnen bebouwde kom,Tss. 2 best.: langs opzij (voor-/achterkant-flank),Geen hindernis
40505,75,Kortrijk teller 2,Kortrijk,50.81925,3.25731,1.605471918566102,50.82030367036381,3.2801031764188617,2023,5,15,34022,Kortrijk,Onbekend,Onbekend,Dag,met lichtgewonden,3,Fiets,9,personenauto,Op Kruispunt,Gemeenteweg,binnen bebouwde kom,Tss. 2 best.: langs opzij (voor-/achterkant-flank),Geen hindernis
40505,74,Kortrijk teller 1,Kortrijk,50.81909,3.25728,1.6089710014474905,50.82030367036381,3.2801031764188617,2023,5,15,34022,Kortrijk,Onbekend,Onbekend,Dag,met lichtgewonden,3,Fiets,9,personenauto,Op Kruispunt,Gemeenteweg,binnen bebouwde kom,Tss. 2 best.: langs opzij (voor-/achterkant-flank),Geen hindernis
40505,143,Eco Display Classic Budastraat,Kortrijk,50.83066,3.26286,1.6712366118832656,50.82030367036381,3.2801031764188617,2023,5,15,34022,Kortrijk,Onbekend,Onbekend,Dag,met lichtgewonden,3,Fiets,9,personenauto,Op Kruispunt,Gemeenteweg,binnen bebouwde kom,Tss. 2 best.: langs opzij (voor-/achterkant-flank),Geen hindernis
40529,64,Nieuwpoort teller 1,Nieuwpoort,51.13359,2.75737,0.6995637018057471,51.12797836279582,2.7528374942926295,2023,6,17,38016,Nieuwpoort,Normaal,Droog,Dag,met lichtgewonden,3,Fiets,3,Fiets,Op Kruispunt,Gemeenteweg,binnen bebouwde kom,Tss. 2 best.: langs opzij (voor-/achterkant-flank),Geen hindernis
40529,65,Nieuwpoort teller 2,Nieuwpoort,51.13435,2.75511,0.7260227152902065,51.12797836279582,2.7528374942926295,2023,6,17,38016,Nieuwpoort,Normaal,Droog,Dag,met lichtgewonden,3,Fiets,3,Fiets,Op Kruispunt,Gemeenteweg,binnen bebouwde kom,Tss. 2 best.: langs opzij (voor-/achterkant-flank),Geen hindernis
40529,66,Nieuwpoort totem,Nieuwpoort,51.1347,2.74369,0.9828809269173989,51.12797836279582,2.7528374942926295,2023,6,17,38016,Nieuwpoort,Normaal,Droog,Dag,met lichtgewonden,3,Fiets,3,Fiets,Op Kruispunt,Gemeenteweg,binnen bebouwde kom,Tss. 2 best.: langs opzij (voor-/achterkant-flank),Geen hindernis
40529,63,Nieuwpoort teller 3,Nieuwpoort,51.13529,2.74289,1.0690187517723093,51.12797836279582,2.7528374942926295,2023,6,17,38016,Nieuwpoort,Normaal,Droog,Dag,met lichtgewonden,3,Fiets,3,Fiets,Op Kruispunt,Gemeenteweg,binnen bebouwde kom,Tss. 2 best.: langs opzij (voor-/achterkant-flank),Geen hindernis
40530,65,Nieuwpoort teller 2,Nieuwpoort,51.13435,2.75511,0.28127614888946195,51.132582978133364,2.7522254467495864,2023,5,11,38016,Nieuwpoort,Normaal,Droog,Dag,met lichtgewonden,3,Fiets,5,Lichte vrachtauto,Buiten Kruispunt,Gemeenteweg,binnen bebouwde kom,Tussen 2 bestuurders: Frontale botsing,Geen hindernis
40530,64,Nieuwpoort teller 1,Nieuwpoort,51.13359,2.75737,0.3760273813349207,51.132582978133364,2.7522254467495864,2023,5,11,38016,Nieuwpoort,Normaal,Droog,Dag,met lichtgewonden,3,Fiets,5,Lichte vrachtauto,Buiten Kruispunt,Gemeenteweg,binnen bebouwde kom,Tussen 2 bestuurders: Frontale botsing,Geen hindernis
40530,66,Nieuwpoort totem,Nieuwpoort,51.1347,2.74369,0.6403996596877943,51.132582978133364,2.7522254467495864,2023,5,11,38016,Nieuwpoort,Normaal,Droog,Dag,met lichtgewonden,3,Fiets,5,Lichte vrachtauto,Buiten Kruispunt,Gemeenteweg,binnen bebouwde kom,Tussen 2 bestuurders: Frontale botsing,Geen hindernis
40530,63,Nieuwpoort teller 3,Nieuwpoort,51.13529,2.74289,0.7175671923823124,51.132582978133364,2.7522254467495864,2023,5,11,38016,Nieuwpoort,Normaal,Droog,Dag,met lichtgewonden,3,Fiets,5,Lichte vrachtauto,Buiten Kruispunt,Gemeenteweg,binnen bebouwde kom,Tussen 2 bestuurders: Frontale botsing,Geen hindernis
40537,67,Ieper totem,Ieper,50.85018,2.85624,1.1255247897719365,50.85258094020158,2.871815297149126,2023,6,12,33011,Ieper,Onbekend,Droog,Dag,met lichtgewonden,3,Fiets,8,Voetganger,Buiten Kruispunt,Gemeenteweg,binnen bebouwde kom,Met een voetganger,Geen hindernis
40537,68,Ieper,Ieper,50.85032,2.85608,1.1328819199884907,50.85258094020158,2.871815297149126,2023,6,12,33011,Ieper,Onbekend,Droog,Dag,met lichtgewonden,3,Fiets,8,Voetganger,Buiten Kruispunt,Gemeenteweg,binnen bebouwde kom,Met een voetganger,Geen hindernis
40540,67,Ieper totem,Ieper,50.85018,2.85624,1.4998842285413994,50.85277687831582,2.877205876976705,2023,6,12,33011,Ieper,Normaal,Droog,Dag,met lichtgewonden,9,personenauto,3,Fiets,Buiten Kruispunt,Gemeenteweg,binnen bebouwde kom,Tss. 2 best.: langs opzij (voor-/achterkant-flank),Geen hindernis
40540,68,Ieper,Ieper,50.85032,2.85608,1.5080078745271357,50.85277687831582,2.877205876976705,2023,6,12,33011,Ieper,Normaal,Droog,Dag,met lichtgewonden,9,personenauto,3,Fiets,Buiten Kruispunt,Gemeenteweg,binnen bebouwde kom,Tss. 2 best.: langs opzij (voor-/achterkant-flank),Geen hindernis
40550,42,Maasmechelen teller 2,Maasmechelen,50.97043,5.6981,0.4078625190572258,50.97400885937652,5.699376352328382,2023,6,9,73107,Maasmechelen,Normaal,Droog,Dag,met zwaargewonden,9,personenauto,3,Fiets,Buiten Kruispunt,Gewestweg,binnen bebouwde kom,Tss. 2 best.: langs opzij (voor-/achterkant-flank),Geen hindernis
40550,41,Maasmechelen teller 1,Maasmechelen,50.97025,5.69799,0.42909032230021715,50.97400885937652,5.699376352328382,2023,6,9,73107,Maasmechelen,Normaal,Droog,Dag,met zwaargewonden,9,personenauto,3,Fiets,Buiten Kruispunt,Gewestweg,binnen bebouwde kom,Tss. 2 best.: langs opzij (voor-/achterkant-flank),Geen hindernis
40551,41,Maasmechelen teller 1,Maasmechelen,50.97025,5.69799,1.1759498225981846,50.97087122342759,5.681224904786288,2023,6,10,73107,Maasmechelen,Normaal,Droog,Dag,met lichtgewonden,5,Lichte vrachtauto,3,Fiets,Op Kruispunt,Gewestweg,binnen bebouwde kom,Tss. 2 best.: langs opzij (voor-/achterkant-flank),Geen hindernis
40551,42,Maasmechelen teller 2,Maasmechelen,50.97043,5.6981,1.1826374279461995,50.97087122342759,5.681224904786288,2023,6,10,73107,Maasmechelen,Normaal,Droog,Dag,met lichtgewonden,5,Lichte vrachtauto,3,Fiets,Op Kruispunt,Gewestweg,binnen bebouwde kom,Tss. 2 best.: langs opzij (voor-/achterkant-flank),Geen hindernis
40552,42,Maasmechelen teller 2,Maasmechelen,50.97043,5.6981,1.7315739274074868,50.984805874111956,5.707607563050604,2023,6,16,73107,Maasmechelen,Normaal,Droog,Dag,met lichtgewonden,3,Fiets,3,Fiets,Buiten Kruispunt,Gemeenteweg,buiten bebouwde kom,Tussen 2 bestuurders: Frontale botsing,Geen hindernis
40552,41,Maasmechelen teller 1,Maasmechelen,50.97025,5.69799,1.7530121247624366,50.984805874111956,5.707607563050604,2023,6,16,73107,Maasmechelen,Normaal,Droog,Dag,met lichtgewonden,3,Fiets,3,Fiets,Buiten Kruispunt,Gemeenteweg,buiten bebouwde kom,Tussen 2 bestuurders: Frontale botsing,Geen hindernis
40553,42,Maasmechelen teller 2,Maasmechelen,50.97043,5.6981,1.6341160434385127,50.98509089321579,5.699711441083821,2023,5,18,73107,Maasmechelen,Normaal,Droog,Dag,met lichtgewonden,3,Fiets,3,Fiets,Buiten Kruispunt,Gemeenteweg,buiten bebouwde kom,Tss. 2 best.: langs opzij (voor-/achterkant-flank),Geen hindernis
40553,41,Maasmechelen teller 1,Maasmechelen,50.97025,5.69799,1.654627071907293,50.98509089321579,5.699711441083821,2023,5,18,73107,Maasmechelen,Normaal,Droog,Dag,met lichtgewonden,3,Fiets,3,Fiets,Buiten Kruispunt,Gemeenteweg,buiten bebouwde kom,Tss. 2 best.: langs opzij (voor-/achterkant-flank),Geen hindernis
40554,35,Lanaken teller 1,Lanaken,50.88112,5.6314,2.0883998423408108,50.862740178345156,5.625278198572445,2023,6,15,73042,Lanaken,Onbekend,Onbekend,Dag,met lichtgewonden,3,Fiets,9,personenauto,Buiten Kruispunt,Gemeenteweg,onbekend,Tss. 2 best.: langs opzij (voor-/achterkant-flank),Geen hindernis
40554,36,Lanaken teller 2,Lanaken,50.88131,5.63012,2.0926341535183224,50.862740178345156,5.625278198572445,2023,6,15,73042,Lanaken,Onbekend,Onbekend,Dag,met lichtgewonden,3,Fiets,9,personenauto,Buiten Kruispunt,Gemeenteweg,onbekend,Tss. 2 best.: langs opzij (voor-/achterkant-flank),Geen hindernis
40566,124,Beveren teller 2,Beveren,51.1964712,4.2361077,1.3050804028013885,51.184739401917746,4.236658191130144,2023,6,12,46003,Beveren,Onbekend,Onbekend,Dag,met lichtgewonden,3,Fiets,3,Fiets,Buiten Kruispunt,Gemeenteweg,buiten bebouwde kom,Tussen 2 bestuurders: Flank tegen flank,Geen hindernis
40568,124,Beveren teller 2,Beveren,51.1964712,4.2361077,2.07456878844289,51.213354226086224,4.2487810552496015,2023,6,17,46003,Beveren,Normaal,Droog,Dag,met lichtgewonden,3,Fiets,9,personenauto,Buiten Kruispunt,Gemeenteweg,binnen bebouwde kom,Tussen 2 bestuurders: Flank tegen flank,Geen hindernis
40569,124,Beveren teller 2,Beveren,51.1964712,4.2361077,2.382094377104092,51.1949763054131,4.270209766588857,2023,6,22,46003,Beveren,Normaal,Droog,"Nacht, openbare verlichting aanwezig en ontstoken",met lichtgewonden,3,Fiets,11,een weggebruiker tegen een hindernis,Buiten Kruispunt,Gemeenteweg,buiten bebouwde kom,Weggebruiker tegen hindernis buiten rijbaan,Andere hindernis
40574,137,Hasselt-Kempische brug,Hasselt,50.9411605,5.3417576,0.4930318156195524,50.94451925658993,5.346351475709733,2023,6,12,71022,Hasselt,Normaal,Droog,Dag,met lichtgewonden,3,Fiets,3,Fiets,Buiten Kruispunt,Gemeenteweg,binnen bebouwde kom,Tss. 2 best.: langs opzij (voor-/achterkant-flank),Geen hindernis
40574,138,Hasselt-Kempische brug,Hasselt,50.9405318,5.3422472,0.5284712115619576,50.94451925658993,5.346351475709733,2023,6,12,71022,Hasselt,Normaal,Droog,Dag,met lichtgewonden,3,Fiets,3,Fiets,Buiten Kruispunt,Gemeenteweg,binnen bebouwde kom,Tss. 2 best.: langs opzij (voor-/achterkant-flank),Geen hindernis
40574,140,Hasselt ring,Hasselt,50.9300038,5.3438616,1.6234474132238117,50.94451925658993,5.346351475709733,2023,6,12,71022,Hasselt,Normaal,Droog,Dag,met lichtgewonden,3,Fiets,3,Fiets,Buiten Kruispunt,Gemeenteweg,binnen bebouwde kom,Tss. 2 best.: langs opzij (voor-/achterkant-flank),Geen hindernis
40575,30,Herk De Stad,Herk-de-Stad,50.94374,5.17691,0.9991100130789445,50.94077928194699,5.163446481714911,2023,6,17,71024,Herk-de-Stad,Normaal,Proper,Dag,met lichtgewonden,9,personenauto,3,Fiets,Op Kruispunt,Gewestweg,binnen bebouwde kom,Tss. 2 best.: langs opzij (voor-/achterkant-flank),Geen hindernis
40575,31,Herk De Stad,Herk-de-Stad,50.94366,5.1775,1.0354430893654787,50.94077928194699,5.163446481714911,2023,6,17,71024,Herk-de-Stad,Normaal,Proper,Dag,met lichtgewonden,9,personenauto,3,Fiets,Op Kruispunt,Gewestweg,binnen bebouwde kom,Tss. 2 best.: langs opzij (voor-/achterkant-flank),Geen hindernis
40576,138,Hasselt-Kempische brug,Hasselt,50.9405318,5.3422472,2.1562934536908522,50.948549647144276,5.370270726172997,2023,6,18,71022,Hasselt,Normaal,Droog,Dag,met lichtgewonden,3,Fiets,3,Fiets,Buiten Kruispunt,Gemeenteweg,buiten bebouwde kom,Tussen 2 bestuurders: Frontale botsing,Geen hindernis
40576,137,Hasselt-Kempische brug,Hasselt,50.9411605,5.3417576,2.1600119658608845,50.948549647144276,5.370270726172997,2023,6,18,71022,Hasselt,Normaal,Droog,Dag,met lichtgewonden,3,Fiets,3,Fiets,Buiten Kruispunt,Gemeenteweg,buiten bebouwde kom,Tussen 2 bestuurders: Frontale botsing,Geen hindernis
40577,137,Hasselt-Kempische brug,Hasselt,50.9411605,5.3417576,1.4303290704989415,50.949474135356645,5.326178739695439,2023,6,7,71022,Hasselt,Normaal,Droog,Dag,met lichtgewonden,3,Fiets,3,Fiets,Buiten Kruispunt,Gemeenteweg,buiten bebouwde kom,Tussen 2 bestuurders: Frontale botsing,Geen hindernis
40577,138,Hasselt-Kempische brug,Hasselt,50.9405318,5.3422472,1.5020151070893548,50.949474135356645,5.326178739695439,2023,6,7,71022,Hasselt,Normaal,Droog,Dag,met lichtgewonden,3,Fiets,3,Fiets,Buiten Kruispunt,Gemeenteweg,buiten bebouwde kom,Tussen 2 bestuurders: Frontale botsing,Geen hindernis
40577,140,Hasselt ring,Hasselt,50.9300038,5.3438616,2.4944672781749286,50.949474135356645,5.326178739695439,2023,6,7,71022,Hasselt,Normaal,Droog,Dag,met lichtgewonden,3,Fiets,3,Fiets,Buiten Kruispunt,Gemeenteweg,buiten bebouwde kom,Tussen 2 bestuurders: Frontale botsing,Geen hindernis
40580,33,Lummen,Lummen,50.97978,5.20936,1.3826077690075456,50.98617477035635,5.192421499826435,2023,6,16,71037,Lummen,Onbekend,Onbekend,Dag,met lichtgewonden,3,Fiets,11,een weggebruiker tegen een hindernis,Buiten Kruispunt,Gemeenteweg,binnen bebouwde kom,Weggebruiker tegen hindernis op de rijbaan,"Op de rijbaan: Werken (signal., aarde, toestel,…)"