crash_row_id,site_id,site_name,site_gemeente,site_lat,site_long,distance_km,crash_lat,crash_long,DT_YEAR_COLLISION,DT_MONTH_COLLISION,DT_TIME,CD_NIS,TX_MUNTY_COLLISION_NL,TX_WEATHER_NL,TX_ROAD_CONDITION_NL,TX_LIGHT_CONDITION_NL,TX_CLASS_ACCIDENTS_NL,CD_ROAD_USR_TYPE1,TX_ROAD_USR_TYPE1_NL,CD_ROAD_USR_TYPE2,TX_ROAD_USR_TYPE2_NL,TX_CROSSWAY_NL,CD_ROAD_TYPE_NL,TX_BUILD_UP_AREA_NL,TX_COLLISION_TYPE_NL,TX_OBSTACLES_NL
40580,32,Lummen,Lummen,50.97971,5.20961,1.4016224266692068,50.98617477035635,5.192421499826435,2023,6,16,71037,Lummen,Onbekend,Onbekend,Dag,met lichtgewonden,3,Fiets,11,een weggebruiker tegen een hindernis,Buiten Kruispunt,Gemeenteweg,binnen bebouwde kom,Weggebruiker tegen hindernis op de rijbaan,"Op de rijbaan: Werken (signal., aarde, toestel,…)"
40581,140,Hasselt ring,Hasselt,50.9300038,5.3438616,0.439027500047344,50.92951228975979,5.33764594684443,2023,6,8,71022,Hasselt,Normaal,Droog,Dag,met lichtgewonden,3,Fiets,3,Fiets,Buiten Kruispunt,Gemeenteweg,binnen bebouwde kom,Tussen 2 bestuurders: Frontale botsing,Geen hindernis
40581,138,Hasselt-Kempische brug,Hasselt,50.9405318,5.3422472,1.2670268281362351,50.92951228975979,5.33764594684443,2023,6,8,71022,Hasselt,Normaal,Droog,Dag,met lichtgewonden,3,Fiets,3,Fiets,Buiten Kruispunt,Gemeenteweg,binnen bebouwde kom,Tussen 2 bestuurders: Frontale botsing,Geen hindernis
40581,137,Hasselt-Kempische brug,Hasselt,50.9411605,5.3417576,1.326881512775074,50.92951228975979,5.33764594684443,2023,6,8,71022,Hasselt,Normaal,Droog,Dag,met lichtgewonden,3,Fiets,3,Fiets,Buiten Kruispunt,Gemeenteweg,binnen bebouwde kom,Tussen 2 bestuurders: Frontale botsing,Geen hindernis
40582,140,Hasselt ring,Hasselt,50.9300038,5.3438616,2.1240018332018953,50.930347873307475,5.37416385027776,2023,6,9,71022,Hasselt,Normaal,Droog,Dag,met lichtgewonden,5,Lichte vrachtauto,3,Fiets,Op Kruispunt,Gewestweg,buiten bebouwde kom,Tss. 2 best.: langs opzij (voor-/achterkant-flank),Geen hindernis
40583,33,Lummen,Lummen,50.97978,5.20936,0.7368264670617932,50.985332026051005,5.203614246429191,2023,6,15,71037,Lummen,Normaal,Droog,Dag,met zwaargewonden,9,personenauto,3,Fiets,Buiten Kruispunt,Gemeenteweg,buiten bebouwde kom,Tussen 2 bestuurders: Frontale botsing,Geen hindernis
40583,32,Lummen,Lummen,50.97971,5.20961,0.7529737524825716,50.985332026051005,5.203614246429191,2023,6,15,71037,Lummen,Normaal,Droog,Dag,met zwaargewonden,9,personenauto,3,Fiets,Buiten Kruispunt,Gemeenteweg,buiten bebouwde kom,Tussen 2 bestuurders: Frontale botsing,Geen hindernis
40584,140,Hasselt ring,Hasselt,50.9300038,5.3438616,1.4750909327325878,50.91710328523253,5.338956951832365,2023,6,15,71022,Hasselt,Normaal,Droog,Dag,met lichtgewonden,9,personenauto,3,Fiets,Buiten Kruispunt,Gemeenteweg,binnen bebouwde kom,Tss. 2 best.: langs opzij (voor-/achterkant-flank),Geen hindernis
40586,140,Hasselt ring,Hasselt,50.9300038,5.3438616,1.0737051318707906,50.930874962470675,5.328603402086458,2023,6,15,71022,Hasselt,Normaal,Droog,Dag,met lichtgewonden,3,Fiets,8,Voetganger,Op Kruispunt,Gewestweg,binnen bebouwde kom,Met een voetganger,Geen hindernis
40586,138,Hasselt-Kempische brug,Hasselt,50.9405318,5.3422472,1.4377456183274666,50.930874962470675,5.328603402086458,2023,6,15,71022,Hasselt,Normaal,Droog,Dag,met lichtgewonden,3,Fiets,8,Voetganger,Op Kruispunt,Gewestweg,binnen bebouwde kom,Met een voetganger,Geen hindernis
40586,137,Hasselt-Kempische brug,Hasselt,50.9411605,5.3417576,1.4689098417948165,50.930874962470675,5.328603402086458,2023,6,15,71022,Hasselt,Normaal,Droog,Dag,met lichtgewonden,3,Fiets,8,Voetganger,Op Kruispunt,Gewestweg,binnen bebouwde kom,Met een voetganger,Geen hindernis
40589,140,Hasselt ring,Hasselt,50.9300038,5.3438616,0.049031780526654876,50.93044010374425,5.343760267319255,2023,6,12,71022,Hasselt,Normaal,Droog,Dag,met lichtgewonden,3,Fiets,8,Voetganger,Op Kruispunt,Gewestweg,binnen bebouwde kom,Met een voetganger,Geen hindernis
40589,138,Hasselt-Kempische brug,Hasselt,50.9405318,5.3422472,1.1271433666247401,50.93044010374425,5.343760267319255,2023,6,12,71022,Hasselt,Normaal,Droog,Dag,met lichtgewonden,3,Fiets,8,Voetganger,Op Kruispunt,Gewestweg,binnen bebouwde kom,Met een voetganger,Geen hindernis
40589,137,Hasselt-Kempische brug,Hasselt,50.9411605,5.3417576,1.200285741578025,50.93044010374425,5.343760267319255,2023,6,12,71022,Hasselt,Normaal,Droog,Dag,met lichtgewonden,3,Fiets,8,Voetganger,Op Kruispunt,Gewestweg,binnen bebouwde kom,Met een voetganger,Geen hindernis
40591,137,Hasselt-Kempische brug,Hasselt,50.9411605,5.3417576,1.889502980050686,50.95397321341079,5.359473914993044,2023,6,16,71022,Hasselt,Normaal,Droog,Dag,met lichtgewonden,9,personenauto,3,Fiets,Op Kruispunt,Gemeenteweg,binnen bebouwde kom,Tss. 2 best.: langs opzij (voor-/achterkant-flank),Geen hindernis
40591,138,Hasselt-Kempische brug,Hasselt,50.9405318,5.3422472,1.9210313813920075,50.95397321341079,5.359473914993044,2023,6,16,71022,Hasselt,Normaal,Droog,Dag,met lichtgewonden,9,personenauto,3,Fiets,Op Kruispunt,Gemeenteweg,binnen bebouwde kom,Tss. 2 best.: langs opzij (voor-/achterkant-flank),Geen hindernis
40592,140,Hasselt ring,Hasselt,50.9300038,5.3438616,1.6307556947106394,50.92857016946699,5.32070439859326,2023,6,17,71022,Hasselt,Normaal,Droog,Dag,met lichtgewonden,9,personenauto,3,Fiets,Op Kruispunt,Gemeenteweg,binnen bebouwde kom,Tussen 2 bestuurders: Frontale botsing,Geen hindernis
40592,138,Hasselt-Kempische brug,Hasselt,50.9405318,5.3422472,2.011983978315379,50.92857016946699,5.32070439859326,2023,6,17,71022,Hasselt,Normaal,Droog,Dag,met lichtgewonden,9,personenauto,3,Fiets,Op Kruispunt,Gemeenteweg,binnen bebouwde kom,Tussen 2 bestuurders: Frontale botsing,Geen hindernis
40592,137,Hasselt-Kempische brug,Hasselt,50.9411605,5.3417576,2.033836799174464,50.92857016946699,5.32070439859326,2023,6,17,71022,Hasselt,Normaal,Droog,Dag,met lichtgewonden,9,personenauto,3,Fiets,Op Kruispunt,Gemeenteweg,binnen bebouwde kom,Tussen 2 bestuurders: Frontale botsing,Geen hindernis
40596,76,Heverlee teller 2,Leuven,50.84606,4.69597,2.4936270981781514,50.83747486515474,4.663161564550401,2023,6,20,24086,Oud-Heverlee,Normaal,Droog,Dag,met zwaargewonden,9,personenauto,3,Fiets,Op Kruispunt,Gemeenteweg,binnen bebouwde kom,Tss. 2 best.: langs opzij (voor-/achterkant-flank),Geen hindernis
40601,25,Bree,Bree,51.13679500160176,5.597669323604317,1.2706220926880833,51.13989969390573,5.6151962394337716,2023,6,2,72004,Bree,Normaal,Droog,"Nacht, openbare verlichting aanwezig en ontstoken",met lichtgewonden,3,Fiets,3,Fiets,Buiten Kruispunt,Gewestweg,buiten bebouwde kom,Tussen 2 bestuurders: Frontale botsing,Geen hindernis
40603,139,Houthalen-Helchteren,Houthalen-Helchteren,51.0644267,5.3819796,2.314256647546479,51.0436584836089,5.379818168015725,2023,6,17,72039,Houthalen-Helchteren,Normaal,Droog,Dag,met lichtgewonden,5,Lichte vrachtauto,3,Fiets,Op Kruispunt,Gewestweg,buiten bebouwde kom,Tss. 2 best.: langs opzij (voor-/achterkant-flank),Geen hindernis
40614,139,Houthalen-Helchteren,Houthalen-Helchteren,51.0644267,5.3819796,0.9357069255453996,51.05677312185968,5.3875450692770235,2023,6,9,72039,Houthalen-Helchteren,Normaal,Droog,Dag,met lichtgewonden,9,personenauto,3,Fiets,Buiten Kruispunt,Gewestweg,binnen bebouwde kom,Tss. 2 best.: langs opzij (voor-/achterkant-flank),Geen hindernis
40615,25,Bree,Bree,51.13679500160176,5.597669323604317,1.179205306064397,51.129773663037604,5.585004118581513,2023,6,10,72004,Bree,Normaal,Droog,Dag,dodelijk gewonden,3,Fiets,11,een weggebruiker tegen een hindernis,Buiten Kruispunt,Gemeenteweg,buiten bebouwde kom,Weggebruiker tegen hindernis buiten rijbaan,Buiten de rijbaan: Andere paal
40619,14,Genk,Genk,50.97172,5.48927,0.9597638554303719,50.9654967678608,5.498767407054459,2023,6,11,71016,Genk,Normaal,Droog,Dag,met lichtgewonden,3,Fiets,8,Voetganger,Buiten Kruispunt,Gemeenteweg,binnen bebouwde kom,Met een voetganger,Geen hindernis
40620,25,Bree,Bree,51.13679500160176,5.597669323604317,1.1655429012320793,51.147276966829345,5.597696541373704,2023,6,17,72004,Bree,Normaal,Droog,Dag,met lichtgewonden,9,personenauto,3,Fiets,Op Kruispunt,Gewestweg,buiten bebouwde kom,Tss. 2 best.: langs opzij (voor-/achterkant-flank),Geen hindernis
40622,14,Genk,Genk,50.97172,5.48927,0.46466440814144583,50.975881644012624,5.489871219402611,2023,6,9,71016,Genk,Normaal,Droog,Dag,met lichtgewonden,3,Fiets,9,personenauto,Op Kruispunt,Gemeenteweg,buiten bebouwde kom,Tss. 2 best.: langs opzij (voor-/achterkant-flank),Geen hindernis
40625,25,Bree,Bree,51.13679500160176,5.597669323604317,0.06244538394889952,51.137023877039944,5.596852016249608,2023,6,20,72004,Bree,Normaal,Droog,Dag,met lichtgewonden,3,Fiets,9,personenauto,Op Kruispunt,Gewestweg,buiten bebouwde kom,Tss. 2 best.: langs opzij (voor-/achterkant-flank),Geen hindernis
40627,48,As,As,51.00509,5.60389,0.5784503896265331,51.008986051808975,5.6093684266468955,2023,6,14,71002,As,Normaal,Droog,Dag,met lichtgewonden,3,Fiets,11,een weggebruiker tegen een hindernis,Buiten Kruispunt,Gemeenteweg,buiten bebouwde kom,Weggebruiker tegen hindernis op de rijbaan,Op de rijbaan: Dier (wild dier)
40629,23,Tienen 3,Tienen,50.81324,4.93447,0.763324791260115,50.80667664398385,4.931286343721265,2023,6,20,24107,Tienen,Normaal,Droog,Dag,met lichtgewonden,3,Fiets,9,personenauto,Op Kruispunt,Gemeenteweg,binnen bebouwde kom,Tss. 2 best.: langs opzij (voor-/achterkant-flank),Geen hindernis
40629,24,Tienen 1,Tienen,50.8133795491886,4.935044252605416,0.7907175734959245,50.80667664398385,4.931286343721265,2023,6,20,24107,Tienen,Normaal,Droog,Dag,met lichtgewonden,3,Fiets,9,personenauto,Op Kruispunt,Gemeenteweg,binnen bebouwde kom,Tss. 2 best.: langs opzij (voor-/achterkant-flank),Geen hindernis
40629,22,Tienen 2,Tienen,50.81330800184882,4.935984252796022,0.8078859081411058,50.80667664398385,4.931286343721265,2023,6,20,24107,Tienen,Normaal,Droog,Dag,met lichtgewonden,3,Fiets,9,personenauto,Op Kruispunt,Gemeenteweg,binnen bebouwde kom,Tss. 2 best.: langs opzij (voor-/achterkant-flank),Geen hindernis
40630,23,Tienen 3,Tienen,50.81324,4.93447,0.5150982354422479,50.80967789733258,4.929783156300621,2023,6,9,24107,Tienen,Onbekend,Onbekend,Dag,met lichtgewonden,3,Fiets,9,personenauto,Op Kruispunt,Gewestweg,binnen bebouwde kom,Tss. 2 best.: langs opzij (voor-/achterkant-flank),Geen hindernis
40630,24,Tienen 1,Tienen,50.8133795491886,4.935044252605416,0.5532269637638471,50.80967789733258,4.929783156300621,2023,6,9,24107,Tienen,Onbekend,Onbekend,Dag,met lichtgewonden,3,Fiets,9,personenauto,Op Kruispunt,Gewestweg,binnen bebouwde kom,Tss. 2 best.: langs opzij (voor-/achterkant-flank),Geen hindernis
40630,22,Tienen 2,Tienen,50.81330800184882,4.935984252796022,0.593939322660869,50.80967789733258,4.929783156300621,2023,6,9,24107,Tienen,Onbekend,Onbekend,Dag,met lichtgewonden,3,Fiets,9,personenauto,Op Kruispunt,Gewestweg,binnen bebouwde kom,Tss. 2 best.: langs opzij (voor-/achterkant-flank),Geen hindernis
40632,22,Tienen 2,Tienen,50.81330800184882,4.935984252796022,0.670740587956994,50.81862393298972,4.940496408046544,2023,6,20,24107,Tienen,Normaal,Droog,Dageraad - schemering,met lichtgewonden,9,personenauto,3,Fiets,Buiten Kruispunt,Gemeenteweg,buiten bebouwde kom,Tss. 2 best.: langs opzij (voor-/achterkant-flank),Geen hindernis
40632,24,Tienen 1,Tienen,50.8133795491886,4.935044252605416,0.6976966224512455,50.81862393298972,4.940496408046544,2023,6,20,24107,Tienen,Normaal,Droog,Dageraad - schemering,met lichtgewonden,9,personenauto,3,Fiets,Buiten Kruispunt,Gemeenteweg,buiten bebouwde kom,Tss. 2 best.: langs opzij (voor-/achterkant-flank),Geen hindernis
40632,23,Tienen 3,Tienen,50.81324,4.93447,0.7332486061586027,50.81862393298972,4.940496408046544,2023,6,20,24107,Tienen,Normaal,Droog,Dageraad - schemering,met lichtgewonden,9,personenauto,3,Fiets,Buiten Kruispunt,Gemeenteweg,buiten bebouwde kom,Tss. 2 best.: langs opzij (voor-/achterkant-flank),Geen hindernis
40637,113,Deinze teller 2,Deinze,50.96018,3.55578,1.776353503121099,50.970485491731495,3.536397962200919,2023,6,15,44083,Deinze,Normaal,"Nat, plassen",Dag,met lichtgewonden,9,personenauto,3,Fiets,Op Kruispunt,Gewestweg,binnen bebouwde kom,Tussen 2 bestuurders: Flank tegen flank,Geen hindernis
40637,114,Deinze teller 1,Nazareth,50.9598305,3.555502,1.7870513128387084,50.970485491731495,3.536397962200919,2023,6,15,44083,Deinze,Normaal,"Nat, plassen",Dag,met lichtgewonden,9,personenauto,3,Fiets,Op Kruispunt,Gewestweg,binnen bebouwde kom,Tussen 2 bestuurders: Flank tegen flank,Geen hindernis
40638,114,Deinze teller 1,Nazareth,50.9598305,3.555502,1.2254845216001469,50.96125987478146,3.538152045281211,2023,6,15,44083,Deinze,Normaal,Droog,Dag,met lichtgewonden,9,personenauto,3,Fiets,Op Kruispunt,Gewestweg,buiten bebouwde kom,Tss. 2 best.: langs opzij (voor-/achterkant-flank),Geen hindernis
40638,113,Deinze teller 2,Deinze,50.96018,3.55578,1.240425118721778,50.96125987478146,3.538152045281211,2023,6,15,44083,Deinze,Normaal,Droog,Dag,met lichtgewonden,9,personenauto,3,Fiets,Op Kruispunt,Gewestweg,buiten bebouwde kom,Tss. 2 best.: langs opzij (voor-/achterkant-flank),Geen hindernis
40640,131,Nevele,Deinze,51.0276612,3.558569,0.9453280302721017,51.0339004080927,3.5493866400772482,2023,6,11,44083,Deinze,Normaal,Droog,Dag,met lichtgewonden,9,personenauto,3,Fiets,Buiten Kruispunt,Gewestweg,binnen bebouwde kom,Tss. 2 best.: langs opzij (voor-/achterkant-flank),Geen hindernis
40641,113,Deinze teller 2,Deinze,50.96018,3.55578,2.4424974984927883,50.97709681057359,3.5335305137081,2023,6,11,44083,Deinze,Normaal,Droog,Dag,met lichtgewonden,9,personenauto,3,Fiets,Op Kruispunt,Gewestweg,binnen bebouwde kom,Tss. 2 best.: langs opzij (voor-/achterkant-flank),Geen hindernis
40641,114,Deinze teller 1,Nazareth,50.9598305,3.555502,2.4603349890089965,50.97709681057359,3.5335305137081,2023,6,11,44083,Deinze,Normaal,Droog,Dag,met lichtgewonden,9,personenauto,3,Fiets,Op Kruispunt,Gewestweg,binnen bebouwde kom,Tss. 2 best.: langs opzij (voor-/achterkant-flank),Geen hindernis
40652,99,Mechelen teller 1,Mechelen,51.04564,4.46882,1.7077125992169517,51.03777440592165,4.489799139497407,2023,6,19,12025,Mechelen,Normaal,Droog,Dag,met lichtgewonden,3,Fiets,9,personenauto,Buiten Kruispunt,Gemeenteweg,binnen bebouwde kom,Tss. 2 best.: langs opzij (voor-/achterkant-flank),Geen hindernis
40652,100,Mechelen teller 2,Mechelen,51.0457,4.46883,1.7105390763028567,51.03777440592165,4.489799139497407,2023,6,19,12025,Mechelen,Normaal,Droog,Dag,met lichtgewonden,3,Fiets,9,personenauto,Buiten Kruispunt,Gemeenteweg,binnen bebouwde kom,Tss. 2 best.: langs opzij (voor-/achterkant-flank),Geen hindernis
40657,99,Mechelen teller 1,Mechelen,51.04564,4.46882,2.1502049555544214,51.02739792925284,4.479022084253398,2023,6,16,12025,Mechelen,Onbekend,Onbekend,Dag,met lichtgewonden,3,Fiets,6,Bromfiets,Buiten Kruispunt,Gemeenteweg,binnen bebouwde kom,Tussen 2 bestuurders: Flank tegen flank,Geen hindernis
40657,100,Mechelen teller 2,Mechelen,51.0457,4.46883,2.1562685802225965,51.02739792925284,4.479022084253398,2023,6,16,12025,Mechelen,Onbekend,Onbekend,Dag,met lichtgewonden,3,Fiets,6,Bromfiets,Buiten Kruispunt,Gemeenteweg,binnen bebouwde kom,Tussen 2 bestuurders: Flank tegen flank,Geen hindernis
40661,99,Mechelen teller 1,Mechelen,51.04564,4.46882,2.0922193548132144,51.02816776532673,4.479924058731327,2023,6,16,12025,Mechelen,Onbekend,Onbekend,Onbekend,met lichtgewonden,3,Fiets,1,Autobus,Buiten Kruispunt,Gemeenteweg,onbekend,Tussen 2 bestuurders: Flank tegen flank,Geen hindernis
40661,100,Mechelen teller 2,Mechelen,51.0457,4.46883,2.0981573220631557,51.02816776532673,4.479924058731327,2023,6,16,12025,Mechelen,Onbekend,Onbekend,Onbekend,met lichtgewonden,3,Fiets,1,Autobus,Buiten Kruispunt,Gemeenteweg,onbekend,Tussen 2 bestuurders: Flank tegen flank,Geen hindernis
40663,109,Zemst,Zemst,50.9903936,4.4707023,1.5531266024585242,51.004335352317824,4.469352668183613,2023,6,17,12025,Mechelen,Onbekend,Onbekend,Dag,met zwaargewonden,3,Fiets,3,Fiets,Buiten Kruispunt,Gemeenteweg,binnen bebouwde kom,Tussen 2 bestuurders: Flank tegen flank,Geen hindernis
40664,99,Mechelen teller 1,Mechelen,51.04564,4.46882,1.954278372758805,51.0387084370351,4.49450695708825,2023,6,10,12025,Mechelen,Normaal,Droog,Dag,met lichtgewonden,3,Fiets,9,personenauto,Buiten Kruispunt,Gemeenteweg,binnen bebouwde kom,Tussen 2 bestuurders: Flank tegen flank,Geen hindernis
40664,100,Mechelen teller 2,Mechelen,51.0457,4.46883,1.9562766044531463,51.0387084370351,4.49450695708825,2023,6,10,12025,Mechelen,Normaal,Droog,Dag,met lichtgewonden,3,Fiets,9,personenauto,Buiten Kruispunt,Gemeenteweg,binnen bebouwde kom,Tussen 2 bestuurders: Flank tegen flank,Geen hindernis
40665,99,Mechelen teller 1,Mechelen,51.04564,4.46882,2.306378627823283,51.02959158249921,4.48971717951714,2023,6,19,12025,Mechelen,Normaal,Droog,Dag,met lichtgewonden,3,Fiets,99,onbekend,Op Kruispunt,Gewestweg,binnen bebouwde kom,Tussen 2 bestuurders: Flank tegen flank,Geen hindernis
40665,100,Mechelen teller 2,Mechelen,51.0457,4.46883,2.311102043510575,51.02959158249921,4.48971717951714,2023,6,19,12025,Mechelen,Normaal,Droog,Dag,met lichtgewonden,3,Fiets,99,onbekend,Op Kruispunt,Gewestweg,binnen bebouwde kom,Tussen 2 bestuurders: Flank tegen flank,Geen hindernis
40668,109,Zemst,Zemst,50.9903936,4.4707023,2.388617889423348,51.01001013098984,4.484613320170063,2023,6,20,12025,Mechelen,Normaal,Droog,Dag,met lichtgewonden,3,Fiets,9,personenauto,Op Kruispunt,Gemeenteweg,binnen bebouwde kom,Tss. 2 best.: langs opzij (voor-/achterkant-flank),Geen hindernis
40671,109,Zemst,Zemst,50.9903936,4.4707023,0.6779518995312562,50.995760996254,4.475297160907692,2023,6,15,12025,Mechelen,Normaal,Droog,Dag,met lichtgewonden,3,Fiets,3,Fiets,Op Kruispunt,Gemeenteweg,binnen bebouwde kom,Tussen 2 bestuurders: Frontale botsing,Geen hindernis
40696,2,Brasschaat 2,Brasschaat,51.27512,4.47169,1.0407605745172364,51.26712430105964,4.463912902852809,2023,7,6,11040,Schoten,Normaal,Onbekend,Dag,met lichtgewonden,9,personenauto,3,Fiets,Buiten Kruispunt,Gewestweg,binnen bebouwde kom,Tussen 2 bestuurders: Flank tegen flank,Geen hindernis
40696,3,Brasschaat 1,Brasschaat,51.27503,4.47222,1.0520192351628455,51.26712430105964,4.463912902852809,2023,7,6,11040,Schoten,Normaal,Onbekend,Dag,met lichtgewonden,9,personenauto,3,Fiets,Buiten Kruispunt,Gewestweg,binnen bebouwde kom,Tussen 2 bestuurders: Flank tegen flank,Geen hindernis
40711,2,Brasschaat 2,Brasschaat,51.27512,4.47169,2.325786124731533,51.25546606974746,4.4602527987734355,2023,7,16,11002,Antwerpen,Normaal,Droog,Dag,met lichtgewonden,3,Fiets,9,personenauto,Buiten Kruispunt,Gewestweg,binnen bebouwde kom,Tss. 2 best.: langs opzij (voor-/achterkant-flank),Geen hindernis
40711,3,Brasschaat 1,Brasschaat,51.27503,4.47222,2.3293108548674186,51.25546606974746,4.4602527987734355,2023,7,16,11002,Antwerpen,Normaal,Droog,Dag,met lichtgewonden,3,Fiets,9,personenauto,Buiten Kruispunt,Gewestweg,binnen bebouwde kom,Tss. 2 best.: langs opzij (voor-/achterkant-flank),Geen hindernis
40740,2,Brasschaat 2,Brasschaat,51.27512,4.47169,1.803261097847437,51.26800378431455,4.4483976632966185,2023,7,0,11002,Antwerpen,Normaal,"Nat, plassen","Nacht, openbare verlichting aanwezig en ontstoken",met lichtgewonden,3,Fiets,3,Fiets,Buiten Kruispunt,Gewestweg,buiten bebouwde kom,Tussen 2 bestuurders: Frontale botsing,Geen hindernis
40740,3,Brasschaat 1,Brasschaat,51.27503,4.47222,1.8321751447323282,51.26800378431455,4.4483976632966185,2023,7,0,11002,Antwerpen,Normaal,"Nat, plassen","Nacht, openbare verlichting aanwezig en ontstoken",met lichtgewonden,3,Fiets,3,Fiets,Buiten Kruispunt,Gewestweg,buiten bebouwde kom,Tussen 2 bestuurders: Frontale botsing,Geen hindernis
40765,2,Brasschaat 2,Brasschaat,51.27512,4.47169,1.1388158874424046,51.276153987163724,4.455402109221117,2023,7,12,11002,Antwerpen,Normaal,Droog,Dag,met zwaargewonden,3,Fiets,3,Fiets,Buiten Kruispunt,Gewestweg,binnen bebouwde kom,Tss. 2 best.: langs opzij (voor-/achterkant-flank),Geen hindernis
40765,3,Brasschaat 1,Brasschaat,51.27503,4.47222,1.1765227023019937,51.276153987163724,4.455402109221117,2023,7,12,11002,Antwerpen,Normaal,Droog,Dag,met zwaargewonden,3,Fiets,3,Fiets,Buiten Kruispunt,Gewestweg,binnen bebouwde kom,Tss. 2 best.: langs opzij (voor-/achterkant-flank),Geen hindernis
40767,3,Brasschaat 1,Brasschaat,51.27503,4.47222,2.140216550506244,51.28989539292534,4.49176710212046,2023,7,11,11008,Brasschaat,Normaal,Droog,Dag,met lichtgewonden,3,Fiets,8,Voetganger,Buiten Kruispunt,Gewestweg,binnen bebouwde kom,Met een voetganger,Geen hindernis
40767,2,Brasschaat 2,Brasschaat,51.27512,4.47169,2.1561830826628037,51.28989539292534,4.49176710212046,2023,7,11,11008,Brasschaat,Normaal,Droog,Dag,met lichtgewonden,3,Fiets,8,Voetganger,Buiten Kruispunt,Gewestweg,binnen bebouwde kom,Met een voetganger,Geen hindernis
40769,3,Brasschaat 1,Brasschaat,51.27503,4.47222,1.8145794606516072,51.28818622431561,4.48765593702043,2023,7,8,11008,Brasschaat,Normaal,Droog,Dag,met lichtgewonden,3,Fiets,99,onbekend,Op Kruispunt,Gewestweg,binnen bebouwde kom,Tussen 2 bestuurders: Frontale botsing,Geen hindernis
40769,2,Brasschaat 2,Brasschaat,51.27512,4.47169,1.8286676991301862,51.28818622431561,4.48765593702043,2023,7,8,11008,Brasschaat,Normaal,Droog,Dag,met lichtgewonden,3,Fiets,99,onbekend,Op Kruispunt,Gewestweg,binnen bebouwde kom,Tussen 2 bestuurders: Frontale botsing,Geen hindernis
40777,104,Malle teller 2,Malle,51.31682,4.73852,1.3033976848983913,51.30514798452668,4.73679464891248,2023,7,17,11057,Malle,Normaal,Droog,Dag,met lichtgewonden,9,personenauto,3,Fiets,Op Kruispunt,Gewestweg,binnen bebouwde kom,Tss. 2 best.: langs opzij (voor-/achterkant-flank),Geen hindernis
40777,103,Malle teller 1,Malle,51.31681,4.73872,1.3036440946214327,51.30514798452668,4.73679464891248,2023,7,17,11057,Malle,Normaal,Droog,Dag,met lichtgewonden,9,personenauto,3,Fiets,Op Kruispunt,Gewestweg,binnen bebouwde kom,Tss. 2 best.: langs opzij (voor-/achterkant-flank),Geen hindernis
40781,8,Heist op den Berg 1,Heist-op-den-Berg,51.06759,4.68823,1.5985956440241977,51.05595322932066,4.674797410117222,2023,7,17,12029,Putte,Normaal,Onbekend,Dag,met lichtgewonden,9,personenauto,3,Fiets,Buiten Kruispunt,Gemeenteweg,binnen bebouwde kom,Tss. 2 best.: langs opzij (voor-/achterkant-flank),Geen hindernis
40781,9,Heist op den Berg 2,Heist-op-den-Berg,51.06904,4.69524,2.0392204922244113,51.05595322932066,4.674797410117222,2023,7,17,12029,Putte,Normaal,Onbekend,Dag,met lichtgewonden,9,personenauto,3,Fiets,Buiten Kruispunt,Gemeenteweg,binnen bebouwde kom,Tss. 2 best.: langs opzij (voor-/achterkant-flank),Geen hindernis
40785,92,Nijlen teller 1,Nijlen,51.14989,4.64479,1.5895687288036904,51.13916225926635,4.629729389118676,2023,7,12,12026,Nijlen,Normaal,Droog,Dag,met lichtgewonden,9,personenauto,3,Fiets,Op Kruispunt,Gewestweg,binnen bebouwde kom,Tussen 2 bestuurders: Langs achteren,Geen hindernis
40785,93,Nijlen teller 2,Nijlen,51.14998,4.64469,1.5925115001923253,51.13916225926635,4.629729389118676,2023,7,12,12026,Nijlen,Normaal,Droog,Dag,met lichtgewonden,9,personenauto,3,Fiets,Op Kruispunt,Gewestweg,binnen bebouwde kom,Tussen 2 bestuurders: Langs achteren,Geen hindernis
40787,96,Lier teller 2,Lier,51.11705,4.58444,2.1040533212441335,51.13150178516987,4.564978677983099,2023,7,18,12021,Lier,Normaal,Droog,Dag,met lichtgewonden,3,Fiets,99,onbekend,Buiten Kruispunt,Gewestweg,binnen bebouwde kom,Tss. 2 best.: langs opzij (voor-/achterkant-flank),Geen hindernis
40787,95,Lier teller 1,Lier,51.11687,4.58437,2.116253466499252,51.13150178516987,4.564978677983099,2023,7,18,12021,Lier,Normaal,Droog,Dag,met lichtgewonden,3,Fiets,99,onbekend,Buiten Kruispunt,Gewestweg,binnen bebouwde kom,Tss. 2 best.: langs opzij (voor-/achterkant-flank),Geen hindernis
40789,96,Lier teller 2,Lier,51.11705,4.58444,2.4496766062949717,51.12490681275127,4.5516495593163135,2023,7,13,12021,Lier,Normaal,Droog,Dag,met lichtgewonden,9,personenauto,3,Fiets,Op Kruispunt,Gewestweg,buiten bebouwde kom,Tss. 2 best.: langs opzij (voor-/achterkant-flank),Geen hindernis
40789,95,Lier teller 1,Lier,51.11687,4.58437,2.4523396379414653,51.12490681275127,4.5516495593163135,2023,7,13,12021,Lier,Normaal,Droog,Dag,met lichtgewonden,9,personenauto,3,Fiets,Op Kruispunt,Gewestweg,buiten bebouwde kom,Tss. 2 best.: langs opzij (voor-/achterkant-flank),Geen hindernis