crash_row_id,site_id,site_name,site_gemeente,site_lat,site_long,distance_km,crash_lat,crash_long,DT_YEAR_COLLISION,DT_MONTH_COLLISION,DT_TIME,CD_NIS,TX_MUNTY_COLLISION_NL,TX_WEATHER_NL,TX_ROAD_CONDITION_NL,TX_LIGHT_CONDITION_NL,TX_CLASS_ACCIDENTS_NL,CD_ROAD_USR_TYPE1,TX_ROAD_USR_TYPE1_NL,CD_ROAD_USR_TYPE2,TX_ROAD_USR_TYPE2_NL,TX_CROSSWAY_NL,CD_ROAD_TYPE_NL,TX_BUILD_UP_AREA_NL,TX_COLLISION_TYPE_NL,TX_OBSTACLES_NL
40793,93,Nijlen teller 2,Nijlen,51.14998,4.64469,1.6709170067969463,51.16071242610533,4.661459094431598,2023,7,6,12026,Nijlen,Normaal,Droog,Dag,met lichtgewonden,9,personenauto,3,Fiets,Buiten Kruispunt,Gemeenteweg,binnen bebouwde kom,Tss. 2 best.: langs opzij (voor-/achterkant-flank),Geen hindernis
40793,92,Nijlen teller 1,Nijlen,51.14989,4.64479,1.6732267591995913,51.16071242610533,4.661459094431598,2023,7,6,12026,Nijlen,Normaal,Droog,Dag,met lichtgewonden,9,personenauto,3,Fiets,Buiten Kruispunt,Gemeenteweg,binnen bebouwde kom,Tss. 2 best.: langs opzij (voor-/achterkant-flank),Geen hindernis
40795,93,Nijlen teller 2,Nijlen,51.14998,4.64469,1.1374327578728938,51.15834181047917,4.635296198281865,2023,7,15,12026,Nijlen,Normaal,Droog,Dag,met lichtgewonden,7,Motorfiets,3,Fiets,Op Kruispunt,Gemeenteweg,buiten bebouwde kom,Tss. 2 best.: langs opzij (voor-/achterkant-flank),Geen hindernis
40795,92,Nijlen teller 1,Nijlen,51.14989,4.64479,1.1496310760767072,51.15834181047917,4.635296198281865,2023,7,15,12026,Nijlen,Normaal,Droog,Dag,met lichtgewonden,7,Motorfiets,3,Fiets,Op Kruispunt,Gemeenteweg,buiten bebouwde kom,Tss. 2 best.: langs opzij (voor-/achterkant-flank),Geen hindernis
40796,93,Nijlen teller 2,Nijlen,51.14998,4.64469,1.9322549256607413,51.151898190395535,4.617156455643407,2023,7,22,12026,Nijlen,Normaal,Droog,Dageraad - schemering,met lichtgewonden,3,Fiets,8,Voetganger,Buiten Kruispunt,Gemeenteweg,buiten bebouwde kom,Met een voetganger,Geen hindernis
40796,92,Nijlen teller 1,Nijlen,51.14989,4.64479,1.9403154896168608,51.151898190395535,4.617156455643407,2023,7,22,12026,Nijlen,Normaal,Droog,Dageraad - schemering,met lichtgewonden,3,Fiets,8,Voetganger,Buiten Kruispunt,Gemeenteweg,buiten bebouwde kom,Met een voetganger,Geen hindernis
40800,103,Malle teller 1,Malle,51.31681,4.73872,2.1131406909427763,51.33454030661124,4.749665878010315,2023,7,8,13037,Rijkevorsel,Onbekend,Onbekend,Onbekend,met lichtgewonden,3,Fiets,10,"één bestuurder, geen hindernis",Buiten Kruispunt,Gewestweg,onbekend,"Eén bestuurder, geen hindernis (incl. val)",Geen hindernis
40800,104,Malle teller 2,Malle,51.31682,4.73852,2.117147302900047,51.33454030661124,4.749665878010315,2023,7,8,13037,Rijkevorsel,Onbekend,Onbekend,Onbekend,met lichtgewonden,3,Fiets,10,"één bestuurder, geen hindernis",Buiten Kruispunt,Gewestweg,onbekend,"Eén bestuurder, geen hindernis (incl. val)",Geen hindernis
40819,98,Geel teller 2,Geel,51.1481,4.99643,2.2727399798940904,51.16792266161685,4.988485742322037,2023,7,11,13008,Geel,Normaal,Droog,Dag,met lichtgewonden,9,personenauto,3,Fiets,Op Kruispunt,Gewestweg,binnen bebouwde kom,Tss. 2 best.: langs opzij (voor-/achterkant-flank),Geen hindernis
40819,97,Geel teller 1,Geel,51.14813,4.99698,2.2791717600138934,51.16792266161685,4.988485742322037,2023,7,11,13008,Geel,Normaal,Droog,Dag,met lichtgewonden,9,personenauto,3,Fiets,Op Kruispunt,Gewestweg,binnen bebouwde kom,Tss. 2 best.: langs opzij (voor-/achterkant-flank),Geen hindernis
40824,94,Herentals teller 2,Herentals,51.17345,4.81283,1.5756861749561049,51.159645502642434,4.817932824631368,2023,7,9,13011,Herentals,Normaal,Droog,Dag,met lichtgewonden,3,Fiets,3,Fiets,Op Kruispunt,Gemeenteweg,buiten bebouwde kom,Tss. 2 best.: langs opzij (voor-/achterkant-flank),Geen hindernis
40824,110,Herentals totem,Herentals,51.1739426,4.811783,1.6465783347341245,51.159645502642434,4.817932824631368,2023,7,9,13011,Herentals,Normaal,Droog,Dag,met lichtgewonden,3,Fiets,3,Fiets,Op Kruispunt,Gemeenteweg,buiten bebouwde kom,Tss. 2 best.: langs opzij (voor-/achterkant-flank),Geen hindernis
40828,46,Pelt teller 2,Pelt,51.231,5.44375,2.3117786079953966,51.2238993771458,5.4125471326389984,2023,7,14,72043,Pelt,Normaal,Droog,Dag,met lichtgewonden,3,Fiets,3,Fiets,Buiten Kruispunt,Gemeenteweg,buiten bebouwde kom,Tussen 2 bestuurders: Frontale botsing,Geen hindernis
40828,45,Pelt teller 1,Pelt,51.23127,5.44377,2.323500965816562,51.2238993771458,5.4125471326389984,2023,7,14,72043,Pelt,Normaal,Droog,Dag,met lichtgewonden,3,Fiets,3,Fiets,Buiten Kruispunt,Gemeenteweg,buiten bebouwde kom,Tussen 2 bestuurders: Frontale botsing,Geen hindernis
40840,39,Peer teller 1,Peer,51.13425,5.47817,1.5204333776203371,51.13103449553996,5.45699117511875,2023,7,22,72030,Peer,Normaal,Droog,Dageraad - schemering,met lichtgewonden,3,Fiets,8,Voetganger,Buiten Kruispunt,Gewestweg,binnen bebouwde kom,Met een voetganger,Geen hindernis
40840,40,Peer teller 2,Peer,51.13438,5.47892,1.5746967309965079,51.13103449553996,5.45699117511875,2023,7,22,72030,Peer,Normaal,Droog,Dageraad - schemering,met lichtgewonden,3,Fiets,8,Voetganger,Buiten Kruispunt,Gewestweg,binnen bebouwde kom,Met een voetganger,Geen hindernis
40858,151,Leuven,District Leuven,50.8690262,4.6854839,0.4885349218577215,50.872075206426956,4.6904964450945394,2023,6,11,24062,Leuven,Normaal,Droog,Dag,met lichtgewonden,3,Fiets,3,Fiets,Op Kruispunt,Gewestweg,binnen bebouwde kom,Tss. 2 best.: langs opzij (voor-/achterkant-flank),Geen hindernis
40858,69,Leuven teller 1,Leuven,50.87549,4.71526,1.7785989407002316,50.872075206426956,4.6904964450945394,2023,6,11,24062,Leuven,Normaal,Droog,Dag,met lichtgewonden,3,Fiets,3,Fiets,Op Kruispunt,Gewestweg,binnen bebouwde kom,Tss. 2 best.: langs opzij (voor-/achterkant-flank),Geen hindernis
40858,77,Leuven teller 2,Leuven,50.88672,4.70796,2.0378788425188907,50.872075206426956,4.6904964450945394,2023,6,11,24062,Leuven,Normaal,Droog,Dag,met lichtgewonden,3,Fiets,3,Fiets,Op Kruispunt,Gewestweg,binnen bebouwde kom,Tss. 2 best.: langs opzij (voor-/achterkant-flank),Geen hindernis
40858,107,leuven totem,Leuven,50.8870744,4.7087919,2.1045813423703383,50.872075206426956,4.6904964450945394,2023,6,11,24062,Leuven,Normaal,Droog,Dag,met lichtgewonden,3,Fiets,3,Fiets,Op Kruispunt,Gewestweg,binnen bebouwde kom,Tss. 2 best.: langs opzij (voor-/achterkant-flank),Geen hindernis
40859,44,Maaseik teller 2,Maaseik,51.09359,5.79726,1.408721402302882,51.102398595570264,5.782760532639841,2023,7,21,72021,Maaseik,Normaal,Droog,Dag,met lichtgewonden,9,personenauto,3,Fiets,Op Kruispunt,Gemeenteweg,binnen bebouwde kom,Tussen 2 bestuurders: Flank tegen flank,Geen hindernis
40859,43,Maaseik teller 1,Maaseik,51.09344,5.79715,1.4149048825625552,51.102398595570264,5.782760532639841,2023,7,21,72021,Maaseik,Normaal,Droog,Dag,met lichtgewonden,9,personenauto,3,Fiets,Op Kruispunt,Gemeenteweg,binnen bebouwde kom,Tussen 2 bestuurders: Flank tegen flank,Geen hindernis
40860,69,Leuven teller 1,Leuven,50.87549,4.71526,0.8690199105573979,50.869760784830326,4.723683341349565,2023,7,18,24062,Leuven,Normaal,Droog,Dag,met lichtgewonden,3,Fiets,3,Fiets,Op Kruispunt,Gemeenteweg,binnen bebouwde kom,Tss. 2 best.: langs opzij (voor-/achterkant-flank),Geen hindernis
40860,77,Leuven teller 2,Leuven,50.88672,4.70796,2.184748309759823,50.869760784830326,4.723683341349565,2023,7,18,24062,Leuven,Normaal,Droog,Dag,met lichtgewonden,3,Fiets,3,Fiets,Op Kruispunt,Gemeenteweg,binnen bebouwde kom,Tss. 2 best.: langs opzij (voor-/achterkant-flank),Geen hindernis
40860,107,leuven totem,Leuven,50.8870744,4.7087919,2.190417393129475,50.869760784830326,4.723683341349565,2023,7,18,24062,Leuven,Normaal,Droog,Dag,met lichtgewonden,3,Fiets,3,Fiets,Op Kruispunt,Gemeenteweg,binnen bebouwde kom,Tss. 2 best.: langs opzij (voor-/achterkant-flank),Geen hindernis
40861,77,Leuven teller 2,Leuven,50.88672,4.70796,1.1495781969827141,50.88402057635639,4.692141045491971,2023,7,18,24062,Leuven,Normaal,Droog,Dag,met lichtgewonden,8,Voetganger,3,Fiets,Op Kruispunt,Gemeenteweg,binnen bebouwde kom,Met een voetganger,Geen hindernis
40861,107,leuven totem,Leuven,50.8870744,4.7087919,1.2164105652342032,50.88402057635639,4.692141045491971,2023,7,18,24062,Leuven,Normaal,Droog,Dag,met lichtgewonden,8,Voetganger,3,Fiets,Op Kruispunt,Gemeenteweg,binnen bebouwde kom,Met een voetganger,Geen hindernis
40861,151,Leuven,District Leuven,50.8690262,4.6854839,1.7314892722315112,50.88402057635639,4.692141045491971,2023,7,18,24062,Leuven,Normaal,Droog,Dag,met lichtgewonden,8,Voetganger,3,Fiets,Op Kruispunt,Gemeenteweg,binnen bebouwde kom,Met een voetganger,Geen hindernis
40861,69,Leuven teller 1,Leuven,50.87549,4.71526,1.8789918939061723,50.88402057635639,4.692141045491971,2023,7,18,24062,Leuven,Normaal,Droog,Dag,met lichtgewonden,8,Voetganger,3,Fiets,Op Kruispunt,Gemeenteweg,binnen bebouwde kom,Met een voetganger,Geen hindernis
40863,69,Leuven teller 1,Leuven,50.87549,4.71526,0.56711109576753,50.88058483147745,4.714890865588106,2023,7,14,24062,Leuven,Normaal,Droog,Dag,met lichtgewonden,5,Lichte vrachtauto,3,Fiets,Op Kruispunt,Gewestweg,binnen bebouwde kom,Tussen 2 bestuurders: Flank tegen flank,Geen hindernis
40863,77,Leuven teller 2,Leuven,50.88672,4.70796,0.8377375933307225,50.88058483147745,4.714890865588106,2023,7,14,24062,Leuven,Normaal,Droog,Dag,met lichtgewonden,5,Lichte vrachtauto,3,Fiets,Op Kruispunt,Gewestweg,binnen bebouwde kom,Tussen 2 bestuurders: Flank tegen flank,Geen hindernis
40863,107,leuven totem,Leuven,50.8870744,4.7087919,0.8389147513819384,50.88058483147745,4.714890865588106,2023,7,14,24062,Leuven,Normaal,Droog,Dag,met lichtgewonden,5,Lichte vrachtauto,3,Fiets,Op Kruispunt,Gewestweg,binnen bebouwde kom,Tussen 2 bestuurders: Flank tegen flank,Geen hindernis
40863,151,Leuven,District Leuven,50.8690262,4.6854839,2.4309205794765214,50.88058483147745,4.714890865588106,2023,7,14,24062,Leuven,Normaal,Droog,Dag,met lichtgewonden,5,Lichte vrachtauto,3,Fiets,Op Kruispunt,Gewestweg,binnen bebouwde kom,Tussen 2 bestuurders: Flank tegen flank,Geen hindernis
40864,69,Leuven teller 1,Leuven,50.87549,4.71526,1.3272455030819978,50.88445755942273,4.727745288644526,2023,7,18,24062,Leuven,Normaal,Droog,Dag,met lichtgewonden,3,Fiets,3,Fiets,Buiten Kruispunt,Gewestweg,binnen bebouwde kom,Tussen 2 bestuurders: Flank tegen flank,Geen hindernis
40864,107,leuven totem,Leuven,50.8870744,4.7087919,1.3610369496446981,50.88445755942273,4.727745288644526,2023,7,18,24062,Leuven,Normaal,Droog,Dag,met lichtgewonden,3,Fiets,3,Fiets,Buiten Kruispunt,Gewestweg,binnen bebouwde kom,Tussen 2 bestuurders: Flank tegen flank,Geen hindernis
40864,77,Leuven teller 2,Leuven,50.88672,4.70796,1.4105464245937387,50.88445755942273,4.727745288644526,2023,7,18,24062,Leuven,Normaal,Droog,Dag,met lichtgewonden,3,Fiets,3,Fiets,Buiten Kruispunt,Gewestweg,binnen bebouwde kom,Tussen 2 bestuurders: Flank tegen flank,Geen hindernis
40865,107,leuven totem,Leuven,50.8870744,4.7087919,0.47801333494604853,50.89103762561756,4.706152036805418,2023,7,0,24062,Leuven,Normaal,Droog,"Nacht, openbare verlichting aanwezig en ontstoken",met lichtgewonden,3,Fiets,10,"één bestuurder, geen hindernis",Buiten Kruispunt,Gemeenteweg,binnen bebouwde kom,"Eén bestuurder, geen hindernis (incl. val)",Geen hindernis
40865,77,Leuven teller 2,Leuven,50.88672,4.70796,0.49656542159924394,50.89103762561756,4.706152036805418,2023,7,0,24062,Leuven,Normaal,Droog,"Nacht, openbare verlichting aanwezig en ontstoken",met lichtgewonden,3,Fiets,10,"één bestuurder, geen hindernis",Buiten Kruispunt,Gemeenteweg,binnen bebouwde kom,"Eén bestuurder, geen hindernis (incl. val)",Geen hindernis
40865,69,Leuven teller 1,Leuven,50.87549,4.71526,1.8431138345254963,50.89103762561756,4.706152036805418,2023,7,0,24062,Leuven,Normaal,Droog,"Nacht, openbare verlichting aanwezig en ontstoken",met lichtgewonden,3,Fiets,10,"één bestuurder, geen hindernis",Buiten Kruispunt,Gemeenteweg,binnen bebouwde kom,"Eén bestuurder, geen hindernis (incl. val)",Geen hindernis
40866,77,Leuven teller 2,Leuven,50.88672,4.70796,0.9195269363462257,50.879332863069344,4.7020687206931475,2023,7,21,24062,Leuven,Normaal,Droog,Dag,met lichtgewonden,3,Fiets,3,Fiets,Buiten Kruispunt,Gemeenteweg,binnen bebouwde kom,Tss. 2 best.: langs opzij (voor-/achterkant-flank),Geen hindernis
40866,107,leuven totem,Leuven,50.8870744,4.7087919,0.9815634644452432,50.879332863069344,4.7020687206931475,2023,7,21,24062,Leuven,Normaal,Droog,Dag,met lichtgewonden,3,Fiets,3,Fiets,Buiten Kruispunt,Gemeenteweg,binnen bebouwde kom,Tss. 2 best.: langs opzij (voor-/achterkant-flank),Geen hindernis
40866,69,Leuven teller 1,Leuven,50.87549,4.71526,1.0194065349071897,50.879332863069344,4.7020687206931475,2023,7,21,24062,Leuven,Normaal,Droog,Dag,met lichtgewonden,3,Fiets,3,Fiets,Buiten Kruispunt,Gemeenteweg,binnen bebouwde kom,Tss. 2 best.: langs opzij (voor-/achterkant-flank),Geen hindernis
40866,151,Leuven,District Leuven,50.8690262,4.6854839,1.6332896825176975,50.879332863069344,4.7020687206931475,2023,7,21,24062,Leuven,Normaal,Droog,Dag,met lichtgewonden,3,Fiets,3,Fiets,Buiten Kruispunt,Gemeenteweg,binnen bebouwde kom,Tss. 2 best.: langs opzij (voor-/achterkant-flank),Geen hindernis
40868,69,Leuven teller 1,Leuven,50.87549,4.71526,1.2161137897953354,50.86455356490539,4.715123557084775,2023,7,9,24062,Leuven,Onbekend,Onbekend,Dag,met lichtgewonden,3,Fiets,8,Voetganger,Buiten Kruispunt,Gemeenteweg,binnen bebouwde kom,Met een voetganger,Geen hindernis
40868,151,Leuven,District Leuven,50.8690262,4.6854839,2.1386798782276353,50.86455356490539,4.715123557084775,2023,7,9,24062,Leuven,Onbekend,Onbekend,Dag,met lichtgewonden,3,Fiets,8,Voetganger,Buiten Kruispunt,Gemeenteweg,binnen bebouwde kom,Met een voetganger,Geen hindernis
40868,108,Heverlee teller 1,Leuven,50.8471728,4.6954674,2.37462907317422,50.86455356490539,4.715123557084775,2023,7,9,24062,Leuven,Onbekend,Onbekend,Dag,met lichtgewonden,3,Fiets,8,Voetganger,Buiten Kruispunt,Gemeenteweg,binnen bebouwde kom,Met een voetganger,Geen hindernis
40868,76,Heverlee teller 2,Leuven,50.84606,4.69597,2.45690692405189,50.86455356490539,4.715123557084775,2023,7,9,24062,Leuven,Onbekend,Onbekend,Dag,met lichtgewonden,3,Fiets,8,Voetganger,Buiten Kruispunt,Gemeenteweg,binnen bebouwde kom,Met een voetganger,Geen hindernis
40871,151,Leuven,District Leuven,50.8690262,4.6854839,0.529872833080826,50.869628078649946,4.692974256399404,2023,7,19,24062,Leuven,Normaal,Droog,Dag,met lichtgewonden,8,Voetganger,3,Fiets,Buiten Kruispunt,Gewestweg,binnen bebouwde kom,Met een voetganger,Geen hindernis
40871,69,Leuven teller 1,Leuven,50.87549,4.71526,1.694182470812248,50.869628078649946,4.692974256399404,2023,7,19,24062,Leuven,Normaal,Droog,Dag,met lichtgewonden,8,Voetganger,3,Fiets,Buiten Kruispunt,Gewestweg,binnen bebouwde kom,Met een voetganger,Geen hindernis
40871,77,Leuven teller 2,Leuven,50.88672,4.70796,2.171980716066159,50.869628078649946,4.692974256399404,2023,7,19,24062,Leuven,Normaal,Droog,Dag,met lichtgewonden,8,Voetganger,3,Fiets,Buiten Kruispunt,Gewestweg,binnen bebouwde kom,Met een voetganger,Geen hindernis
40871,107,leuven totem,Leuven,50.8870744,4.7087919,2.2349443292127398,50.869628078649946,4.692974256399404,2023,7,19,24062,Leuven,Normaal,Droog,Dag,met lichtgewonden,8,Voetganger,3,Fiets,Buiten Kruispunt,Gewestweg,binnen bebouwde kom,Met een voetganger,Geen hindernis
40872,69,Leuven teller 1,Leuven,50.87549,4.71526,0.4485394718525297,50.871579796334046,4.716830332819501,2023,7,8,24062,Leuven,Normaal,Droog,Dag,met lichtgewonden,3,Fiets,3,Fiets,Buiten Kruispunt,Gemeenteweg,binnen bebouwde kom,Tss. 2 best.: langs opzij (voor-/achterkant-flank),Geen hindernis
40872,77,Leuven teller 2,Leuven,50.88672,4.70796,1.7948598469189705,50.871579796334046,4.716830332819501,2023,7,8,24062,Leuven,Normaal,Droog,Dag,met lichtgewonden,3,Fiets,3,Fiets,Buiten Kruispunt,Gemeenteweg,binnen bebouwde kom,Tss. 2 best.: langs opzij (voor-/achterkant-flank),Geen hindernis
40872,107,leuven totem,Leuven,50.8870744,4.7087919,1.8128758795803765,50.871579796334046,4.716830332819501,2023,7,8,24062,Leuven,Normaal,Droog,Dag,met lichtgewonden,3,Fiets,3,Fiets,Buiten Kruispunt,Gemeenteweg,binnen bebouwde kom,Tss. 2 best.: langs opzij (voor-/achterkant-flank),Geen hindernis
40872,151,Leuven,District Leuven,50.8690262,4.6854839,2.2179139283662708,50.871579796334046,4.716830332819501,2023,7,8,24062,Leuven,Normaal,Droog,Dag,met lichtgewonden,3,Fiets,3,Fiets,Buiten Kruispunt,Gemeenteweg,binnen bebouwde kom,Tss. 2 best.: langs opzij (voor-/achterkant-flank),Geen hindernis
40877,77,Leuven teller 2,Leuven,50.88672,4.70796,2.3682145646126926,50.89938686232552,4.680816005887377,2023,7,3,24038,Herent,Onbekend,Onbekend,"Nacht, openbare verlichting aanwezig en ontstoken",met lichtgewonden,3,Fiets,11,een weggebruiker tegen een hindernis,Buiten Kruispunt,Gewestweg,buiten bebouwde kom,Weggebruiker tegen hindernis buiten rijbaan,Buiten de rijbaan: Muur gebouw
40877,107,leuven totem,Leuven,50.8870744,4.7087919,2.392598774226604,50.89938686232552,4.680816005887377,2023,7,3,24038,Herent,Onbekend,Onbekend,"Nacht, openbare verlichting aanwezig en ontstoken",met lichtgewonden,3,Fiets,11,een weggebruiker tegen een hindernis,Buiten Kruispunt,Gewestweg,buiten bebouwde kom,Weggebruiker tegen hindernis buiten rijbaan,Buiten de rijbaan: Muur gebouw
40878,72,Herent teller 1,Herent,50.89135,4.64689,1.7699287665770091,50.88820797011661,4.671626533917851,2023,7,12,24038,Herent,Normaal,"Nat, plassen",Dag,met lichtgewonden,3,Fiets,5,Lichte vrachtauto,Buiten Kruispunt,Gemeenteweg,binnen bebouwde kom,Tss. 2 best.: langs opzij (voor-/achterkant-flank),Geen hindernis
40878,73,Herent teller 2,Herent,50.89128,4.64685,1.7711630203695812,50.88820797011661,4.671626533917851,2023,7,12,24038,Herent,Normaal,"Nat, plassen",Dag,met lichtgewonden,3,Fiets,5,Lichte vrachtauto,Buiten Kruispunt,Gemeenteweg,binnen bebouwde kom,Tss. 2 best.: langs opzij (voor-/achterkant-flank),Geen hindernis
40878,151,Leuven,District Leuven,50.8690262,4.6854839,2.3440497499119504,50.88820797011661,4.671626533917851,2023,7,12,24038,Herent,Normaal,"Nat, plassen",Dag,met lichtgewonden,3,Fiets,5,Lichte vrachtauto,Buiten Kruispunt,Gemeenteweg,binnen bebouwde kom,Tss. 2 best.: langs opzij (voor-/achterkant-flank),Geen hindernis
40880,72,Herent teller 1,Herent,50.89135,4.64689,1.7339289511265035,50.90679702224401,4.643507942416843,2023,6,15,24038,Herent,Normaal,Droog,Dag,met zwaargewonden,3,Fiets,11,een weggebruiker tegen een hindernis,Buiten Kruispunt,Gemeenteweg,buiten bebouwde kom,Weggebruiker tegen hindernis buiten rijbaan,Buiten de rijbaan: Boom
40880,73,Herent teller 2,Herent,50.89128,4.64685,1.7412599821487402,50.90679702224401,4.643507942416843,2023,6,15,24038,Herent,Normaal,Droog,Dag,met zwaargewonden,3,Fiets,11,een weggebruiker tegen een hindernis,Buiten Kruispunt,Gemeenteweg,buiten bebouwde kom,Weggebruiker tegen hindernis buiten rijbaan,Buiten de rijbaan: Boom
40882,87,Aarschot,Aarschot,50.99084,4.81259,1.7067603829998235,50.9958850413072,4.835621815940643,2023,7,10,24001,Aarschot,Normaal,Droog,Dag,met lichtgewonden,3,Fiets,9,personenauto,Buiten Kruispunt,Gewestweg,buiten bebouwde kom,Tss. 2 best.: langs opzij (voor-/achterkant-flank),Geen hindernis
40884,101,Diest teller 1,Diest,50.97799,5.04481,1.9595867230238255,50.99222403789936,5.0283046798710584,2023,7,15,24020,Diest,Normaal,Droog,Dag,met lichtgewonden,3,Fiets,8,Voetganger,Buiten Kruispunt,Gemeenteweg,buiten bebouwde kom,Met een voetganger,Geen hindernis
40884,102,Diest teller 2,Diest,50.9779,5.04474,1.9648061572947346,50.99222403789936,5.0283046798710584,2023,7,15,24020,Diest,Normaal,Droog,Dag,met lichtgewonden,3,Fiets,8,Voetganger,Buiten Kruispunt,Gemeenteweg,buiten bebouwde kom,Met een voetganger,Geen hindernis
40894,86,Asse teller 2,Asse,50.89132,4.1709,1.9710484625107407,50.87425544464955,4.178503830380015,2023,7,17,23086,Ternat,Onbekend,Droog,Dag,met lichtgewonden,9,personenauto,3,Fiets,Op Kruispunt,Gemeenteweg,binnen bebouwde kom,Tss. 2 best.: langs opzij (voor-/achterkant-flank),Geen hindernis
40894,85,Asse teller 1,Asse,50.89621,4.17294,2.4722391006772595,50.87425544464955,4.178503830380015,2023,7,17,23086,Ternat,Onbekend,Droog,Dag,met lichtgewonden,9,personenauto,3,Fiets,Op Kruispunt,Gemeenteweg,binnen bebouwde kom,Tss. 2 best.: langs opzij (voor-/achterkant-flank),Geen hindernis
40896,152,Opwijk,District Vilvoorde-gewestwegen,50.968901168564656,4.149169474840164,1.7847744644419303,50.96667651470367,4.174410863354732,2023,6,22,23060,Opwijk,Onbekend,Onbekend,"Nacht, openb. verlicht. aanw., maar niet ontstoken",met lichtgewonden,3,Fiets,11,een weggebruiker tegen een hindernis,Buiten Kruispunt,Gemeenteweg,binnen bebouwde kom,Weggebruiker tegen hindernis buiten rijbaan,Andere hindernis
40897,85,Asse teller 1,Asse,50.89621,4.17294,0.8988912498328602,50.90279589360054,4.165507040955222,2023,7,11,23002,Asse,Regenval,"Nat, plassen",Dag,met lichtgewonden,9,personenauto,3,Fiets,Op Kruispunt,Gemeenteweg,binnen bebouwde kom,Tussen 2 bestuurders: Frontale botsing,Geen hindernis
40897,86,Asse teller 2,Asse,50.89132,4.1709,1.330933213057229,50.90279589360054,4.165507040955222,2023,7,11,23002,Asse,Regenval,"Nat, plassen",Dag,met lichtgewonden,9,personenauto,3,Fiets,Op Kruispunt,Gemeenteweg,binnen bebouwde kom,Tussen 2 bestuurders: Frontale botsing,Geen hindernis
40898,80,Wemmel teller 1,Wemmel,50.91418,4.29571,1.970785939869017,50.898360978810416,4.308385432959072,2023,5,11,23102,Wemmel,Normaal,Droog,Dag,met lichtgewonden,3,Fiets,8,Voetganger,Buiten Kruispunt,Gemeenteweg,binnen bebouwde kom,Met een voetganger,Geen hindernis
40898,81,Wemmel teller 2,Wemmel,50.91439,4.29568,1.9925940093649148,50.898360978810416,4.308385432959072,2023,5,11,23102,Wemmel,Normaal,Droog,Dag,met lichtgewonden,3,Fiets,8,Voetganger,Buiten Kruispunt,Gemeenteweg,binnen bebouwde kom,Met een voetganger,Geen hindernis
40902,27,Grimbergen,Meise,50.92127,4.34013,1.7983136339592942,50.9350565188885,4.326715761287438,2023,7,20,23050,Meise,Normaal,Droog,Dag,met lichtgewonden,9,personenauto,3,Fiets,Buiten Kruispunt,Gemeenteweg,binnen bebouwde kom,Tussen 2 bestuurders: Langs achteren,Geen hindernis
40906,47,Vilvoorde,Vilvoorde,50.91372,4.41497,1.0848565792685707,50.92329178731301,4.417965939118319,2023,7,18,23088,Vilvoorde,Normaal,Droog,Dag,met lichtgewonden,3,Fiets,3,Fiets,Buiten Kruispunt,Gewestweg,binnen bebouwde kom,Tussen 2 bestuurders: Frontale botsing,Geen hindernis
40907,47,Vilvoorde,Vilvoorde,50.91372,4.41497,0.5897982778906433,50.91855356991247,4.418434554503504,2023,7,9,23088,Vilvoorde,Normaal,Proper,Dag,met lichtgewonden,3,Fiets,3,Fiets,Buiten Kruispunt,Gewestweg,binnen bebouwde kom,Tss. 2 best.: langs opzij (voor-/achterkant-flank),Geen hindernis
40908,47,Vilvoorde,Vilvoorde,50.91372,4.41497,0.762719718798371,50.91981245874499,4.419968829565467,2023,7,17,23088,Vilvoorde,Normaal,Droog,Dag,met lichtgewonden,3,Fiets,11,een weggebruiker tegen een hindernis,Buiten Kruispunt,Gemeenteweg,buiten bebouwde kom,Weggebruiker tegen hindernis buiten rijbaan,Buiten de rijbaan: Andere paal
40909,1,Machelen,Machelen,50.91618331151478,4.456121776137429,1.3105965290940442,50.9261882971913,4.446237914604133,2023,7,10,23088,Vilvoorde,Normaal,Droog,Dag,met lichtgewonden,3,Fiets,8,Voetganger,Buiten Kruispunt,Gemeenteweg,buiten bebouwde kom,Met een voetganger,Geen hindernis
40910,109,Zemst,Zemst,50.9903936,4.4707023,1.7759409695837134,51.00270164204639,4.486874622027158,2023,7,10,23096,Zemst,Normaal,Droog,Dag,met lichtgewonden,9,personenauto,3,Fiets,Buiten Kruispunt,Gewestweg,binnen bebouwde kom,Tss. 2 best.: langs opzij (voor-/achterkant-flank),Geen hindernis
40913,70,Kampenhout teller 1,Kampenhout,50.95682,4.59318,1.634144872475778,50.94835154431257,4.612246187716801,2023,7,10,23038,Kampenhout,Normaal,Droog,Dag,met zwaargewonden,3,Fiets,9,personenauto,Buiten Kruispunt,Gemeenteweg,buiten bebouwde kom,Tussen 2 bestuurders: Flank tegen flank,Geen hindernis
40913,71,Kampenhout teller 2,Kampenhout,50.95589,4.59164,1.6691900278650476,50.94835154431257,4.612246187716801,2023,7,10,23038,Kampenhout,Normaal,Droog,Dag,met zwaargewonden,3,Fiets,9,personenauto,Buiten Kruispunt,Gemeenteweg,buiten bebouwde kom,Tussen 2 bestuurders: Flank tegen flank,Geen hindernis
40915,109,Zemst,Zemst,50.9903936,4.4707023,1.0482673918568264,50.98097598534897,4.470023815425151,2023,7,18,23096,Zemst,Normaal,Droog,Dag,met lichtgewonden,3,Fiets,9,personenauto,Buiten Kruispunt,Gemeenteweg,binnen bebouwde kom,Tss. 2 best.: langs opzij (voor-/achterkant-flank),Geen hindernis