crash_row_id,site_id,site_name,site_gemeente,site_lat,site_long,distance_km,crash_lat,crash_long,DT_YEAR_COLLISION,DT_MONTH_COLLISION,DT_TIME,CD_NIS,TX_MUNTY_COLLISION_NL,TX_WEATHER_NL,TX_ROAD_CONDITION_NL,TX_LIGHT_CONDITION_NL,TX_CLASS_ACCIDENTS_NL,CD_ROAD_USR_TYPE1,TX_ROAD_USR_TYPE1_NL,CD_ROAD_USR_TYPE2,TX_ROAD_USR_TYPE2_NL,TX_CROSSWAY_NL,CD_ROAD_TYPE_NL,TX_BUILD_UP_AREA_NL,TX_COLLISION_TYPE_NL,TX_OBSTACLES_NL
40916,136,Gent R4,Gent,51.0876313,3.7587918,2.3344166389708367,51.089230143534294,3.7254654664986444,2023,7,10,44021,Gent,Normaal,Droog,Dag,met lichtgewonden,4,Vrachtwagen,3,Fiets,Op Kruispunt,Gewestweg,binnen bebouwde kom,Tussen 2 bestuurders: Flank tegen flank,Geen hindernis
40917,13,Gent,Gent,51.03018,3.70146,0.8691562766931239,51.03671580021209,3.7082775412416,2023,7,8,44021,Gent,Regenval,"Nat, plassen",Dag,met lichtgewonden,3,Fiets,10,"één bestuurder, geen hindernis",Buiten Kruispunt,Gewestweg,binnen bebouwde kom,"Eén bestuurder, geen hindernis (incl. val)",Geen hindernis
40920,13,Gent,Gent,51.03018,3.70146,1.5289945085857362,51.01696618423473,3.7075083266893603,2023,7,7,44021,Gent,Normaal,Droog,Dag,met lichtgewonden,3,Fiets,5,Lichte vrachtauto,Op Kruispunt,Gemeenteweg,buiten bebouwde kom,Tussen 2 bestuurders: Frontale botsing,Geen hindernis
40925,13,Gent,Gent,51.03018,3.70146,1.8425856759491086,51.045018801281635,3.713189555488303,2023,7,18,44021,Gent,Normaal,Droog,Dag,met lichtgewonden,99,onbekend,3,Fiets,Buiten Kruispunt,Gewestweg,binnen bebouwde kom,Tussen 2 bestuurders: Flank tegen flank,Geen hindernis
40926,13,Gent,Gent,51.03018,3.70146,1.2873793717694317,51.03773893386766,3.7154051808899387,2023,7,7,44021,Gent,Regenval,"Nat, plassen",Dag,met lichtgewonden,3,Fiets,9,personenauto,Op Kruispunt,Gewestweg,binnen bebouwde kom,Tss. 2 best.: langs opzij (voor-/achterkant-flank),Geen hindernis
40935,13,Gent,Gent,51.03018,3.70146,2.4983515893264796,51.048875744088015,3.721278465413289,2023,7,18,44021,Gent,Normaal,Droog,Dag,met lichtgewonden,2,Andere weggebruiker,3,Fiets,Op Kruispunt,Gemeenteweg,binnen bebouwde kom,Tss. 2 best.: langs opzij (voor-/achterkant-flank),Geen hindernis
40936,118,Gent teller 1,Gent,51.028049,3.7681359,2.166660629220929,51.04013866762674,3.743835986531735,2023,7,4,44021,Gent,Regenval,Onbekend,"Nacht, openbare verlichting aanwezig en ontstoken",met lichtgewonden,5,Lichte vrachtauto,3,Fiets,Op Kruispunt,Gewestweg,binnen bebouwde kom,Tss. 2 best.: langs opzij (voor-/achterkant-flank),Geen hindernis
40936,119,Gent teller 2,Gent,51.0281795,3.7683918,2.1718050186888225,51.04013866762674,3.743835986531735,2023,7,4,44021,Gent,Regenval,Onbekend,"Nacht, openbare verlichting aanwezig en ontstoken",met lichtgewonden,5,Lichte vrachtauto,3,Fiets,Op Kruispunt,Gewestweg,binnen bebouwde kom,Tss. 2 best.: langs opzij (voor-/achterkant-flank),Geen hindernis
40941,13,Gent,Gent,51.03018,3.70146,1.5738132050604556,51.04032382064401,3.7171564472219685,2023,7,3,44021,Gent,Normaal,Droog,"Nacht, openbare verlichting aanwezig en ontstoken",met lichtgewonden,3,Fiets,11,een weggebruiker tegen een hindernis,Buiten Kruispunt,Gewestweg,binnen bebouwde kom,Weggebruiker tegen hindernis op de rijbaan,"Op de rijbaan: Verkeersdrempel, ezelsrug"
40944,118,Gent teller 1,Gent,51.028049,3.7681359,1.839508624602556,51.03286238817386,3.7429694488194905,2023,7,3,44021,Gent,Normaal,Droog,"Nacht, openbare verlichting aanwezig en ontstoken",met lichtgewonden,3,Fiets,10,"één bestuurder, geen hindernis",Buiten Kruispunt,Gewestweg,binnen bebouwde kom,"Eén bestuurder, geen hindernis (incl. val)",Geen hindernis
40944,119,Gent teller 2,Gent,51.0281795,3.7683918,1.8525036493252547,51.03286238817386,3.7429694488194905,2023,7,3,44021,Gent,Normaal,Droog,"Nacht, openbare verlichting aanwezig en ontstoken",met lichtgewonden,3,Fiets,10,"één bestuurder, geen hindernis",Buiten Kruispunt,Gewestweg,binnen bebouwde kom,"Eén bestuurder, geen hindernis (incl. val)",Geen hindernis
40945,7,Evergem 1,Evergem,51.1089,3.70317,2.2969361928831136,51.089476850583836,3.7143676230660603,2023,6,10,44021,Gent,Onbekend,Onbekend,Dag,met lichtgewonden,3,Fiets,7,Motorfiets,Op Kruispunt,Gemeenteweg,binnen bebouwde kom,Tss. 2 best.: langs opzij (voor-/achterkant-flank),Geen hindernis
40945,6,Evergem 2,Evergem,51.10894,3.70298,2.3056605988589847,51.089476850583836,3.7143676230660603,2023,6,10,44021,Gent,Onbekend,Onbekend,Dag,met lichtgewonden,3,Fiets,7,Motorfiets,Op Kruispunt,Gemeenteweg,binnen bebouwde kom,Tss. 2 best.: langs opzij (voor-/achterkant-flank),Geen hindernis
40946,118,Gent teller 1,Gent,51.028049,3.7681359,2.314805210185491,51.040951954987435,3.742157494062536,2023,7,20,44021,Gent,Normaal,Droog,Dag,met lichtgewonden,3,Fiets,9,personenauto,Buiten Kruispunt,Gewestweg,binnen bebouwde kom,Tussen 2 bestuurders: Frontale botsing,Geen hindernis
40946,119,Gent teller 2,Gent,51.0281795,3.7683918,2.3199602340855274,51.040951954987435,3.742157494062536,2023,7,20,44021,Gent,Normaal,Droog,Dag,met lichtgewonden,3,Fiets,9,personenauto,Buiten Kruispunt,Gewestweg,binnen bebouwde kom,Tussen 2 bestuurders: Frontale botsing,Geen hindernis
40947,13,Gent,Gent,51.03018,3.70146,2.252432108747893,51.04496012883172,3.72348889349799,2023,7,22,44021,Gent,Normaal,Droog,Dageraad - schemering,met lichtgewonden,9,personenauto,3,Fiets,Op Kruispunt,Gemeenteweg,binnen bebouwde kom,Tussen 2 bestuurders: Frontale botsing,Geen hindernis
40957,119,Gent teller 2,Gent,51.0281795,3.7683918,1.584366910746654,51.02843381679691,3.7910431919500316,2023,7,8,44013,Destelbergen,Regenval,"Nat, plassen",Dag,met lichtgewonden,9,personenauto,3,Fiets,Op Kruispunt,Gewestweg,buiten bebouwde kom,Tss. 2 best.: langs opzij (voor-/achterkant-flank),Geen hindernis
40957,118,Gent teller 1,Gent,51.028049,3.7681359,1.6025843777826105,51.02843381679691,3.7910431919500316,2023,7,8,44013,Destelbergen,Regenval,"Nat, plassen",Dag,met lichtgewonden,9,personenauto,3,Fiets,Op Kruispunt,Gewestweg,buiten bebouwde kom,Tss. 2 best.: langs opzij (voor-/achterkant-flank),Geen hindernis
40960,119,Gent teller 2,Gent,51.0281795,3.7683918,0.9128540318386668,51.02767613693263,3.781420113594356,2023,7,11,44040,Melle,Normaal,Droog,Dag,met lichtgewonden,6,Bromfiets,3,Fiets,Buiten Kruispunt,Gewestweg,binnen bebouwde kom,Tussen 2 bestuurders: Flank tegen flank,Geen hindernis
40960,118,Gent teller 1,Gent,51.028049,3.7681359,0.9299588591599902,51.02767613693263,3.781420113594356,2023,7,11,44040,Melle,Normaal,Droog,Dag,met lichtgewonden,6,Bromfiets,3,Fiets,Buiten Kruispunt,Gewestweg,binnen bebouwde kom,Tussen 2 bestuurders: Flank tegen flank,Geen hindernis
40968,7,Evergem 1,Evergem,51.1089,3.70317,0.36622852536139844,51.10905967198117,3.7084097010284216,2023,7,13,44019,Evergem,Normaal,Droog,Dag,met lichtgewonden,3,Fiets,9,personenauto,Buiten Kruispunt,Gemeenteweg,binnen bebouwde kom,Tussen 2 bestuurders: Langs achteren,Geen hindernis
40968,6,Evergem 2,Evergem,51.10894,3.70298,0.37929565274102156,51.10905967198117,3.7084097010284216,2023,7,13,44019,Evergem,Normaal,Droog,Dag,met lichtgewonden,3,Fiets,9,personenauto,Buiten Kruispunt,Gemeenteweg,binnen bebouwde kom,Tussen 2 bestuurders: Langs achteren,Geen hindernis
40973,6,Evergem 2,Evergem,51.10894,3.70298,0.546898685011856,51.11192920573661,3.6967588402473246,2023,7,16,44019,Evergem,Normaal,Droog,Dag,met lichtgewonden,3,Fiets,3,Fiets,Buiten Kruispunt,Gewestweg,binnen bebouwde kom,Tussen 2 bestuurders: Frontale botsing,Geen hindernis
40973,7,Evergem 1,Evergem,51.1089,3.70317,0.5601535509553941,51.11192920573661,3.6967588402473246,2023,7,16,44019,Evergem,Normaal,Droog,Dag,met lichtgewonden,3,Fiets,3,Fiets,Buiten Kruispunt,Gewestweg,binnen bebouwde kom,Tussen 2 bestuurders: Frontale botsing,Geen hindernis
40976,131,Nevele,Deinze,51.0276612,3.558569,1.9196219281273046,51.04165108034798,3.542484006726976,2023,6,23,44083,Deinze,Onbekend,Onbekend,Onbekend,met lichtgewonden,3,Fiets,11,een weggebruiker tegen een hindernis,Buiten Kruispunt,Gewestweg,onbekend,Weggebruiker tegen hindernis op de rijbaan,"Op de rijbaan: Werken (signal., aarde, toestel,…)"
40978,6,Evergem 2,Evergem,51.10894,3.70298,1.1319771141905517,51.11508433011679,3.690051088177384,2023,7,8,44019,Evergem,Normaal,Droog,Dag,met lichtgewonden,3,Fiets,9,personenauto,Op Kruispunt,Gewestweg,buiten bebouwde kom,Tussen 2 bestuurders: Langs achteren,Geen hindernis
40978,7,Evergem 1,Evergem,51.1089,3.70317,1.1452458755155779,51.11508433011679,3.690051088177384,2023,7,8,44019,Evergem,Normaal,Droog,Dag,met lichtgewonden,3,Fiets,9,personenauto,Op Kruispunt,Gewestweg,buiten bebouwde kom,Tussen 2 bestuurders: Langs achteren,Geen hindernis
40979,115,Aalter,Aalter,51.1058367,3.4350591,0.026961428983974255,51.10567932881495,3.435352882135433,2023,7,17,44084,Aalter,Normaal,Droog,Dag,met lichtgewonden,3,Fiets,3,Fiets,Buiten Kruispunt,Gewestweg,buiten bebouwde kom,Tss. 2 best.: langs opzij (voor-/achterkant-flank),Geen hindernis
40980,115,Aalter,Aalter,51.1058367,3.4350591,2.3550726495186476,51.1050932247386,3.4687698833541107,2023,7,10,44084,Aalter,Onbekend,Droog,Dag,met lichtgewonden,3,Fiets,11,een weggebruiker tegen een hindernis,Op Kruispunt,Gemeenteweg,binnen bebouwde kom,Weggebruiker tegen hindernis op de rijbaan,"Op de rijbaan: Verkeersdrempel, ezelsrug"
40981,115,Aalter,Aalter,51.1058367,3.4350591,1.7425070092219332,51.101348438419976,3.4111477959417424,2023,7,17,44084,Aalter,Normaal,Droog,Dag,met lichtgewonden,3,Fiets,10,"één bestuurder, geen hindernis",Buiten Kruispunt,Gemeenteweg,buiten bebouwde kom,"Eén bestuurder, geen hindernis (incl. val)",Geen hindernis
41010,126,Hamme totem,Hamme,51.1017709,4.1469307,1.3807301859710848,51.11409412791404,4.144502106674654,2023,7,12,46025,Temse,Regenval,"Nat, plassen",Dag,met lichtgewonden,3,Fiets,10,"één bestuurder, geen hindernis",Buiten Kruispunt,Gemeenteweg,binnen bebouwde kom,"Eén bestuurder, geen hindernis (incl. val)",Geen hindernis
41017,128,Lokeren teller 1,Lokeren,51.09644,3.97023,1.7936503715885186,51.10704963388784,3.9895798004546594,2023,7,9,46014,Lokeren,Normaal,Droog,Dag,met lichtgewonden,3,Fiets,2,Andere weggebruiker,Buiten Kruispunt,Gemeenteweg,binnen bebouwde kom,Tussen 2 bestuurders: Flank tegen flank,Geen hindernis
41017,129,Lokeren teller 2,Lokeren,51.09612,3.97025,1.8162171031958692,51.10704963388784,3.9895798004546594,2023,7,9,46014,Lokeren,Normaal,Droog,Dag,met lichtgewonden,3,Fiets,2,Andere weggebruiker,Buiten Kruispunt,Gemeenteweg,binnen bebouwde kom,Tussen 2 bestuurders: Flank tegen flank,Geen hindernis
41018,128,Lokeren teller 1,Lokeren,51.09644,3.97023,1.9446943105239267,51.099781554944,3.9428937438719105,2023,6,20,46014,Lokeren,Normaal,Droog,Dag,met lichtgewonden,3,Fiets,11,een weggebruiker tegen een hindernis,Buiten Kruispunt,Gemeenteweg,onbekend,Weggebruiker tegen hindernis op de rijbaan,"Op de rijbaan: Put, straatgoot, tramspoor"
41018,129,Lokeren teller 2,Lokeren,51.09612,3.97025,1.9531777478581474,51.099781554944,3.9428937438719105,2023,6,20,46014,Lokeren,Normaal,Droog,Dag,met lichtgewonden,3,Fiets,11,een weggebruiker tegen een hindernis,Buiten Kruispunt,Gemeenteweg,onbekend,Weggebruiker tegen hindernis op de rijbaan,"Op de rijbaan: Put, straatgoot, tramspoor"
41020,128,Lokeren teller 1,Lokeren,51.09644,3.97023,2.492707867297983,51.118473389433134,3.9636491534721094,2023,7,9,46014,Lokeren,Normaal,Droog,Dag,met zwaargewonden,9,personenauto,3,Fiets,Op Kruispunt,Gemeenteweg,buiten bebouwde kom,Tussen 2 bestuurders: Frontale botsing,Geen hindernis
41022,141,Test site A support,Lokeren,51.08342085,3.9961071208376326,2.340535801512639,51.10419814966238,4.001474133974769,2023,7,13,46014,Lokeren,Normaal,Droog,Dag,met lichtgewonden,5,Lichte vrachtauto,3,Fiets,Buiten Kruispunt,Gewestweg,binnen bebouwde kom,Tss. 2 best.: langs opzij (voor-/achterkant-flank),Geen hindernis
41022,128,Lokeren teller 1,Lokeren,51.09644,3.97023,2.3460135219491347,51.10419814966238,4.001474133974769,2023,7,13,46014,Lokeren,Normaal,Droog,Dag,met lichtgewonden,5,Lichte vrachtauto,3,Fiets,Buiten Kruispunt,Gewestweg,binnen bebouwde kom,Tss. 2 best.: langs opzij (voor-/achterkant-flank),Geen hindernis
41022,129,Lokeren teller 2,Lokeren,51.09612,3.97025,2.3580454750961573,51.10419814966238,4.001474133974769,2023,7,13,46014,Lokeren,Normaal,Droog,Dag,met lichtgewonden,5,Lichte vrachtauto,3,Fiets,Buiten Kruispunt,Gewestweg,binnen bebouwde kom,Tss. 2 best.: langs opzij (voor-/achterkant-flank),Geen hindernis
41023,128,Lokeren teller 1,Lokeren,51.09644,3.97023,2.1225415649776846,51.11240892533332,3.9868849478481345,2023,7,10,46014,Lokeren,Normaal,Droog,Dag,met lichtgewonden,6,Bromfiets,3,Fiets,Buiten Kruispunt,Gewestweg,binnen bebouwde kom,Tussen 2 bestuurders: Flank tegen flank,Geen hindernis
41023,129,Lokeren teller 2,Lokeren,51.09612,3.97025,2.151645224497556,51.11240892533332,3.9868849478481345,2023,7,10,46014,Lokeren,Normaal,Droog,Dag,met lichtgewonden,6,Bromfiets,3,Fiets,Buiten Kruispunt,Gewestweg,binnen bebouwde kom,Tussen 2 bestuurders: Flank tegen flank,Geen hindernis
41024,141,Test site A support,Lokeren,51.08342085,3.9961071208376326,1.6559671477240014,51.094573159640554,4.011820444181182,2023,7,17,46014,Lokeren,Normaal,Proper,Dag,met lichtgewonden,9,personenauto,3,Fiets,Op Kruispunt,Gewestweg,buiten bebouwde kom,Tussen 2 bestuurders: Flank tegen flank,Geen hindernis
41026,128,Lokeren teller 1,Lokeren,51.09644,3.97023,1.8599585964170928,51.11112204823719,3.982993548452987,2023,7,16,46014,Lokeren,Normaal,Droog,Dag,met lichtgewonden,3,Fiets,3,Fiets,Buiten Kruispunt,Gewestweg,binnen bebouwde kom,Tss. 2 best.: langs opzij (voor-/achterkant-flank),Geen hindernis
41026,129,Lokeren teller 2,Lokeren,51.09612,3.97025,1.8906115560650993,51.11112204823719,3.982993548452987,2023,7,16,46014,Lokeren,Normaal,Droog,Dag,met lichtgewonden,3,Fiets,3,Fiets,Buiten Kruispunt,Gewestweg,binnen bebouwde kom,Tss. 2 best.: langs opzij (voor-/achterkant-flank),Geen hindernis
41027,128,Lokeren teller 1,Lokeren,51.09644,3.97023,2.0116451593919344,51.10811510169221,3.9922381524945454,2023,7,14,46014,Lokeren,Normaal,Droog,Dag,met lichtgewonden,3,Fiets,11,een weggebruiker tegen een hindernis,Buiten Kruispunt,Gemeenteweg,binnen bebouwde kom,Weggebruiker tegen hindernis op de rijbaan,"Op de rijbaan: Werken (signal., aarde, toestel,…)"
41027,129,Lokeren teller 2,Lokeren,51.09612,3.97025,2.0337393549631058,51.10811510169221,3.9922381524945454,2023,7,14,46014,Lokeren,Normaal,Droog,Dag,met lichtgewonden,3,Fiets,11,een weggebruiker tegen een hindernis,Buiten Kruispunt,Gemeenteweg,binnen bebouwde kom,Weggebruiker tegen hindernis op de rijbaan,"Op de rijbaan: Werken (signal., aarde, toestel,…)"
41028,126,Hamme totem,Hamme,51.1017709,4.1469307,1.2309360519666852,51.098098865157404,4.13030027270315,2023,7,12,42008,Hamme,Normaal,Droog,Dag,met zwaargewonden,9,personenauto,3,Fiets,Buiten Kruispunt,Gemeenteweg,binnen bebouwde kom,Tussen 2 bestuurders: Langs achteren,Geen hindernis
41029,126,Hamme totem,Hamme,51.1017709,4.1469307,0.6501610841373114,51.10600295062958,4.140505335192879,2023,7,14,42023,Waasmunster,Normaal,Droog,Dag,met lichtgewonden,3,Fiets,3,Fiets,Buiten Kruispunt,Gewestweg,binnen bebouwde kom,Tss. 2 best.: langs opzij (voor-/achterkant-flank),Geen hindernis
41032,120,Zele teller 1,Zele,51.0607671,4.0547741,2.0084066587444056,51.07298910595163,4.033611483116519,2023,7,16,42028,Zele,Normaal,Droog,Dag,met lichtgewonden,3,Fiets,10,"één bestuurder, geen hindernis",Buiten Kruispunt,Gemeenteweg,binnen bebouwde kom,"Eén bestuurder, geen hindernis (incl. val)",Geen hindernis
41032,121,Zele teller 2,Zele,51.0604067,4.0556696,2.0816405849945285,51.07298910595163,4.033611483116519,2023,7,16,42028,Zele,Normaal,Droog,Dag,met lichtgewonden,3,Fiets,10,"één bestuurder, geen hindernis",Buiten Kruispunt,Gemeenteweg,binnen bebouwde kom,"Eén bestuurder, geen hindernis (incl. val)",Geen hindernis
41035,120,Zele teller 1,Zele,51.0607671,4.0547741,1.604512191817705,51.06617211951633,4.03348522127303,2023,7,15,42028,Zele,Normaal,Droog,Dag,met lichtgewonden,3,Fiets,9,personenauto,Op Kruispunt,Gewestweg,binnen bebouwde kom,Tss. 2 best.: langs opzij (voor-/achterkant-flank),Geen hindernis
41035,121,Zele teller 2,Zele,51.0604067,4.0556696,1.6776077121901083,51.06617211951633,4.03348522127303,2023,7,15,42028,Zele,Normaal,Droog,Dag,met lichtgewonden,3,Fiets,9,personenauto,Op Kruispunt,Gewestweg,binnen bebouwde kom,Tss. 2 best.: langs opzij (voor-/achterkant-flank),Geen hindernis
41036,120,Zele teller 1,Zele,51.0607671,4.0547741,2.0825086090662976,51.066566888852236,4.026438345590853,2023,7,11,42028,Zele,Normaal,Droog,Dag,met lichtgewonden,9,personenauto,3,Fiets,Buiten Kruispunt,Gemeenteweg,binnen bebouwde kom,Tss. 2 best.: langs opzij (voor-/achterkant-flank),Geen hindernis
41036,121,Zele teller 2,Zele,51.0604067,4.0556696,2.154510075388923,51.066566888852236,4.026438345590853,2023,7,11,42028,Zele,Normaal,Droog,Dag,met lichtgewonden,9,personenauto,3,Fiets,Buiten Kruispunt,Gemeenteweg,binnen bebouwde kom,Tss. 2 best.: langs opzij (voor-/achterkant-flank),Geen hindernis
41037,120,Zele teller 1,Zele,51.0607671,4.0547741,1.6705868031809041,51.06596233151902,4.032342918140354,2023,7,11,42028,Zele,Normaal,Droog,Dag,met lichtgewonden,3,Fiets,10,"één bestuurder, geen hindernis",Buiten Kruispunt,Gewestweg,binnen bebouwde kom,"Eén bestuurder, geen hindernis (incl. val)",Geen hindernis
41037,121,Zele teller 2,Zele,51.0604067,4.0556696,1.7432419672676436,51.06596233151902,4.032342918140354,2023,7,11,42028,Zele,Normaal,Droog,Dag,met lichtgewonden,3,Fiets,10,"één bestuurder, geen hindernis",Buiten Kruispunt,Gewestweg,binnen bebouwde kom,"Eén bestuurder, geen hindernis (incl. val)",Geen hindernis
41038,121,Zele teller 2,Zele,51.0604067,4.0556696,1.2416084156243368,51.049458136827674,4.0591586067485315,2023,7,19,42028,Zele,Normaal,Droog,Dag,met zwaargewonden,9,personenauto,3,Fiets,Buiten Kruispunt,Gemeenteweg,buiten bebouwde kom,Tussen 2 bestuurders: Frontale botsing,Geen hindernis
41038,120,Zele teller 1,Zele,51.0607671,4.0547741,1.2943016729613874,51.049458136827674,4.0591586067485315,2023,7,19,42028,Zele,Normaal,Droog,Dag,met zwaargewonden,9,personenauto,3,Fiets,Buiten Kruispunt,Gemeenteweg,buiten bebouwde kom,Tussen 2 bestuurders: Frontale botsing,Geen hindernis
41044,10,Aalst 2,Aalst,50.93549,4.01571,2.33576819128453,50.953673375773874,4.032402688859477,2023,7,11,41002,Aalst,Normaal,Droog,Dag,met lichtgewonden,5,Lichte vrachtauto,3,Fiets,Buiten Kruispunt,Gemeenteweg,binnen bebouwde kom,Tss. 2 best.: langs opzij (voor-/achterkant-flank),Geen hindernis
41044,11,Aalst 3,Aalst,50.93385,4.01647,2.47079537842161,50.953673375773874,4.032402688859477,2023,7,11,41002,Aalst,Normaal,Droog,Dag,met lichtgewonden,5,Lichte vrachtauto,3,Fiets,Buiten Kruispunt,Gemeenteweg,binnen bebouwde kom,Tss. 2 best.: langs opzij (voor-/achterkant-flank),Geen hindernis
41044,19,Aalst 1,Aalst,50.93433,4.01471,2.4825115718571276,50.953673375773874,4.032402688859477,2023,7,11,41002,Aalst,Normaal,Droog,Dag,met lichtgewonden,5,Lichte vrachtauto,3,Fiets,Buiten Kruispunt,Gemeenteweg,binnen bebouwde kom,Tss. 2 best.: langs opzij (voor-/achterkant-flank),Geen hindernis
41047,11,Aalst 3,Aalst,50.93385,4.01647,1.4289459023614788,50.92830536033043,4.0348643454087965,2023,7,16,41002,Aalst,Normaal,Droog,Dag,met lichtgewonden,3,Fiets,8,Voetganger,Buiten Kruispunt,Gewestweg,binnen bebouwde kom,Met een voetganger,Geen hindernis
41047,10,Aalst 2,Aalst,50.93549,4.01571,1.562080696310871,50.92830536033043,4.0348643454087965,2023,7,16,41002,Aalst,Normaal,Droog,Dag,met lichtgewonden,3,Fiets,8,Voetganger,Buiten Kruispunt,Gewestweg,binnen bebouwde kom,Met een voetganger,Geen hindernis
41047,19,Aalst 1,Aalst,50.93433,4.01471,1.5632475689444816,50.92830536033043,4.0348643454087965,2023,7,16,41002,Aalst,Normaal,Droog,Dag,met lichtgewonden,3,Fiets,8,Voetganger,Buiten Kruispunt,Gewestweg,binnen bebouwde kom,Met een voetganger,Geen hindernis
41049,10,Aalst 2,Aalst,50.93549,4.01571,2.4759246531977173,50.94383613828046,4.048469725162731,2023,7,22,41002,Aalst,Normaal,Droog,"Nacht, openbare verlichting aanwezig en ontstoken",met lichtgewonden,3,Fiets,11,een weggebruiker tegen een hindernis,Buiten Kruispunt,Gemeenteweg,binnen bebouwde kom,Weggebruiker tegen hindernis buiten rijbaan,Buiten de rijbaan: Andere paal
41050,10,Aalst 2,Aalst,50.93549,4.01571,2.2285060227169624,50.94185337813387,4.045868417735277,2023,7,14,41002,Aalst,Normaal,"Nat, plassen",Dag,met lichtgewonden,9,personenauto,3,Fiets,Buiten Kruispunt,Gemeenteweg,binnen bebouwde kom,Tussen 2 bestuurders: Flank tegen flank,Geen hindernis
41050,11,Aalst 3,Aalst,50.93385,4.01647,2.24398724083741,50.94185337813387,4.045868417735277,2023,7,14,41002,Aalst,Normaal,"Nat, plassen",Dag,met lichtgewonden,9,personenauto,3,Fiets,Buiten Kruispunt,Gemeenteweg,binnen bebouwde kom,Tussen 2 bestuurders: Flank tegen flank,Geen hindernis
41050,19,Aalst 1,Aalst,50.93433,4.01471,2.3380721210756423,50.94185337813387,4.045868417735277,2023,7,14,41002,Aalst,Normaal,"Nat, plassen",Dag,met lichtgewonden,9,personenauto,3,Fiets,Buiten Kruispunt,Gemeenteweg,binnen bebouwde kom,Tussen 2 bestuurders: Flank tegen flank,Geen hindernis
41063,125,Dendermonde totem,Dendermonde,51.0372706,4.1025998,0.6694268869255112,51.03314562034805,4.109572988000077,2023,7,15,42006,Dendermonde,Normaal,Droog,Dag,met lichtgewonden,3,Fiets,8,Voetganger,Buiten Kruispunt,Gewestweg,buiten bebouwde kom,Met een voetganger,Geen hindernis
41063,122,Dendermonde teller 2,Dendermonde,51.0373918,4.1019222,0.7135307609188443,51.03314562034805,4.109572988000077,2023,7,15,42006,Dendermonde,Normaal,Droog,Dag,met lichtgewonden,3,Fiets,8,Voetganger,Buiten Kruispunt,Gewestweg,buiten bebouwde kom,Met een voetganger,Geen hindernis
41065,125,Dendermonde totem,Dendermonde,51.0372706,4.1025998,0.6415334066008189,51.031688890488226,4.1049211920913615,2023,7,16,42006,Dendermonde,Normaal,Droog,Dag,met lichtgewonden,5,Lichte vrachtauto,3,Fiets,Buiten Kruispunt,Gemeenteweg,binnen bebouwde kom,Tss. 2 best.: langs opzij (voor-/achterkant-flank),Geen hindernis
41065,122,Dendermonde teller 2,Dendermonde,51.0373918,4.1019222,0.6679093080538012,51.031688890488226,4.1049211920913615,2023,7,16,42006,Dendermonde,Normaal,Droog,Dag,met lichtgewonden,5,Lichte vrachtauto,3,Fiets,Buiten Kruispunt,Gemeenteweg,binnen bebouwde kom,Tss. 2 best.: langs opzij (voor-/achterkant-flank),Geen hindernis
41066,122,Dendermonde teller 2,Dendermonde,51.0373918,4.1019222,2.0465027875679547,51.05066394409727,4.081641843884832,2023,7,16,42006,Dendermonde,Normaal,Droog,Dag,met lichtgewonden,3,Fiets,10,"één bestuurder, geen hindernis",Buiten Kruispunt,Gewestweg,binnen bebouwde kom,"Eén bestuurder, geen hindernis (incl. val)",Geen hindernis
41066,125,Dendermonde totem,Dendermonde,51.0372706,4.1025998,2.0891891639352678,51.05066394409727,4.081641843884832,2023,7,16,42006,Dendermonde,Normaal,Droog,Dag,met lichtgewonden,3,Fiets,10,"één bestuurder, geen hindernis",Buiten Kruispunt,Gewestweg,binnen bebouwde kom,"Eén bestuurder, geen hindernis (incl. val)",Geen hindernis
41066,121,Zele teller 2,Zele,51.0604067,4.0556696,2.1139802386254654,51.05066394409727,4.081641843884832,2023,7,16,42006,Dendermonde,Normaal,Droog,Dag,met lichtgewonden,3,Fiets,10,"één bestuurder, geen hindernis",Buiten Kruispunt,Gewestweg,binnen bebouwde kom,"Eén bestuurder, geen hindernis (incl. val)",Geen hindernis
41066,120,Zele teller 1,Zele,51.0607671,4.0547741,2.1882582532325214,51.05066394409727,4.081641843884832,2023,7,16,42006,Dendermonde,Normaal,Droog,Dag,met lichtgewonden,3,Fiets,10,"één bestuurder, geen hindernis",Buiten Kruispunt,Gewestweg,binnen bebouwde kom,"Eén bestuurder, geen hindernis (incl. val)",Geen hindernis
41067,142,TEST Validatie BRUGGE Y2H22022134,Brugge,51.22632,3.24095,2.379509999257644,51.206800448038,3.226947921327888,2023,7,14,31005,Brugge,Normaal,Droog,Dag,met lichtgewonden,3,Fiets,10,"één bestuurder, geen hindernis",Buiten Kruispunt,Gemeenteweg,binnen bebouwde kom,"Eén bestuurder, geen hindernis (incl. val)",Geen hindernis
41067,52,Brugge,Brugge,51.22632,3.24095,2.379509999257644,51.206800448038,3.226947921327888,2023,7,14,31005,Brugge,Normaal,Droog,Dag,met lichtgewonden,3,Fiets,10,"één bestuurder, geen hindernis",Buiten Kruispunt,Gemeenteweg,binnen bebouwde kom,"Eén bestuurder, geen hindernis (incl. val)",Geen hindernis
41069,20,Brugge,Brugge,51.17416,3.20048,2.272214931780042,51.194565100014955,3.19873127990815,2023,7,17,31005,Brugge,Normaal,"Nat, plassen",Dag,met lichtgewonden,3,Fiets,5,Lichte vrachtauto,Buiten Kruispunt,Gewestweg,binnen bebouwde kom,Tss. 2 best.: langs opzij (voor-/achterkant-flank),Geen hindernis