crash_row_id,site_id,site_name,site_gemeente,site_lat,site_long,distance_km,crash_lat,crash_long,DT_YEAR_COLLISION,DT_MONTH_COLLISION,DT_TIME,CD_NIS,TX_MUNTY_COLLISION_NL,TX_WEATHER_NL,TX_ROAD_CONDITION_NL,TX_LIGHT_CONDITION_NL,TX_CLASS_ACCIDENTS_NL,CD_ROAD_USR_TYPE1,TX_ROAD_USR_TYPE1_NL,CD_ROAD_USR_TYPE2,TX_ROAD_USR_TYPE2_NL,TX_CROSSWAY_NL,CD_ROAD_TYPE_NL,TX_BUILD_UP_AREA_NL,TX_COLLISION_TYPE_NL,TX_OBSTACLES_NL
41071,20,Brugge,Brugge,51.17416,3.20048,1.070426163860183,51.18309189425215,3.2062075495099407,2023,7,3,31005,Brugge,Normaal,"Nat, plassen","Nacht, openbare verlichting aanwezig en ontstoken",met lichtgewonden,3,Fiets,9,personenauto,Buiten Kruispunt,Gewestweg,binnen bebouwde kom,Tss. 2 best.: langs opzij (voor-/achterkant-flank),Geen hindernis
41073,20,Brugge,Brugge,51.17416,3.20048,0.7030981463144491,51.17322089708567,3.210453477251136,2023,7,10,31005,Brugge,Normaal,Droog,Dag,met lichtgewonden,9,personenauto,3,Fiets,Buiten Kruispunt,Gemeenteweg,binnen bebouwde kom,Tss. 2 best.: langs opzij (voor-/achterkant-flank),Geen hindernis
41076,53,Brugge teller 1,Brugge,51.23023,3.228,1.4570097328495204,51.22022433394921,3.214490398877587,2023,7,16,31005,Brugge,Normaal,Droog,Dag,met lichtgewonden,3,Fiets,9,personenauto,Buiten Kruispunt,Gewestweg,binnen bebouwde kom,Tss. 2 best.: langs opzij (voor-/achterkant-flank),Geen hindernis
41076,54,Brugge teller 2,Brugge,51.23015,3.22818,1.45839140857748,51.22022433394921,3.214490398877587,2023,7,16,31005,Brugge,Normaal,Droog,Dag,met lichtgewonden,3,Fiets,9,personenauto,Buiten Kruispunt,Gewestweg,binnen bebouwde kom,Tss. 2 best.: langs opzij (voor-/achterkant-flank),Geen hindernis
41076,52,Brugge,Brugge,51.22632,3.24095,1.9633555939630418,51.22022433394921,3.214490398877587,2023,7,16,31005,Brugge,Normaal,Droog,Dag,met lichtgewonden,3,Fiets,9,personenauto,Buiten Kruispunt,Gewestweg,binnen bebouwde kom,Tss. 2 best.: langs opzij (voor-/achterkant-flank),Geen hindernis
41076,142,TEST Validatie BRUGGE Y2H22022134,Brugge,51.22632,3.24095,1.9633555939630418,51.22022433394921,3.214490398877587,2023,7,16,31005,Brugge,Normaal,Droog,Dag,met lichtgewonden,3,Fiets,9,personenauto,Buiten Kruispunt,Gewestweg,binnen bebouwde kom,Tss. 2 best.: langs opzij (voor-/achterkant-flank),Geen hindernis
41077,142,TEST Validatie BRUGGE Y2H22022134,Brugge,51.22632,3.24095,1.5641562009735694,51.21226712588594,3.2399510994582816,2023,7,18,31005,Brugge,Normaal,Droog,Dag,met lichtgewonden,2,Andere weggebruiker,3,Fiets,Buiten Kruispunt,Gewestweg,binnen bebouwde kom,Tussen 2 bestuurders: Langs achteren,Geen hindernis
41077,52,Brugge,Brugge,51.22632,3.24095,1.5641562009735694,51.21226712588594,3.2399510994582816,2023,7,18,31005,Brugge,Normaal,Droog,Dag,met lichtgewonden,2,Andere weggebruiker,3,Fiets,Buiten Kruispunt,Gewestweg,binnen bebouwde kom,Tussen 2 bestuurders: Langs achteren,Geen hindernis
41077,54,Brugge teller 2,Brugge,51.23015,3.22818,2.1508380197965904,51.21226712588594,3.2399510994582816,2023,7,18,31005,Brugge,Normaal,Droog,Dag,met lichtgewonden,2,Andere weggebruiker,3,Fiets,Buiten Kruispunt,Gewestweg,binnen bebouwde kom,Tussen 2 bestuurders: Langs achteren,Geen hindernis
41077,53,Brugge teller 1,Brugge,51.23023,3.228,2.1638553049901392,51.21226712588594,3.2399510994582816,2023,7,18,31005,Brugge,Normaal,Droog,Dag,met lichtgewonden,2,Andere weggebruiker,3,Fiets,Buiten Kruispunt,Gewestweg,binnen bebouwde kom,Tussen 2 bestuurders: Langs achteren,Geen hindernis
41104,15,Oostende 2,Oostende,51.21371,2.92743,0.8677960441974597,51.20870064180531,2.917877139546569,2023,7,9,35013,Oostende,Normaal,Droog,Dag,met lichtgewonden,3,Fiets,9,personenauto,Op Kruispunt,Gemeenteweg,binnen bebouwde kom,Tss. 2 best.: langs opzij (voor-/achterkant-flank),Geen hindernis
41104,18,Oostende 1,Oostende,51.21378,2.92765,0.8845514427434695,51.20870064180531,2.917877139546569,2023,7,9,35013,Oostende,Normaal,Droog,Dag,met lichtgewonden,3,Fiets,9,personenauto,Op Kruispunt,Gemeenteweg,binnen bebouwde kom,Tss. 2 best.: langs opzij (voor-/achterkant-flank),Geen hindernis
41105,15,Oostende 2,Oostende,51.21371,2.92743,2.138255597876033,51.21978127215197,2.8983001756156104,2023,7,14,35013,Oostende,Normaal,Droog,Dag,met lichtgewonden,3,Fiets,8,Voetganger,Buiten Kruispunt,Gewestweg,binnen bebouwde kom,Met een voetganger,Geen hindernis
41105,18,Oostende 1,Oostende,51.21378,2.92765,2.1503706117605366,51.21978127215197,2.8983001756156104,2023,7,14,35013,Oostende,Normaal,Droog,Dag,met lichtgewonden,3,Fiets,8,Voetganger,Buiten Kruispunt,Gewestweg,binnen bebouwde kom,Met een voetganger,Geen hindernis
41106,15,Oostende 2,Oostende,51.21371,2.92743,2.3213831842378396,51.21479216213774,2.894147268013095,2023,7,13,35013,Oostende,Normaal,Droog,Dag,met lichtgewonden,3,Fiets,10,"één bestuurder, geen hindernis",Buiten Kruispunt,Gewestweg,binnen bebouwde kom,"Eén bestuurder, geen hindernis (incl. val)",Geen hindernis
41106,18,Oostende 1,Oostende,51.21378,2.92765,2.336296841858252,51.21479216213774,2.894147268013095,2023,7,13,35013,Oostende,Normaal,Droog,Dag,met lichtgewonden,3,Fiets,10,"één bestuurder, geen hindernis",Buiten Kruispunt,Gewestweg,binnen bebouwde kom,"Eén bestuurder, geen hindernis (incl. val)",Geen hindernis
41107,15,Oostende 2,Oostende,51.21371,2.92743,1.3530111966707314,51.223242861250576,2.915357026786953,2023,7,19,35013,Oostende,Normaal,Droog,Dag,met lichtgewonden,3,Fiets,9,personenauto,Op Kruispunt,Gemeenteweg,binnen bebouwde kom,Tss. 2 best.: langs opzij (voor-/achterkant-flank),Geen hindernis
41107,18,Oostende 1,Oostende,51.21378,2.92765,1.3565396250224484,51.223242861250576,2.915357026786953,2023,7,19,35013,Oostende,Normaal,Droog,Dag,met lichtgewonden,3,Fiets,9,personenauto,Op Kruispunt,Gemeenteweg,binnen bebouwde kom,Tss. 2 best.: langs opzij (voor-/achterkant-flank),Geen hindernis
41110,64,Nieuwpoort teller 1,Nieuwpoort,51.13359,2.75737,1.867810687680296,51.11743397631603,2.7646963907693265,2023,7,13,38016,Nieuwpoort,Onbekend,Onbekend,Dag,met lichtgewonden,3,Fiets,8,Voetganger,Buiten Kruispunt,Gewestweg,onbekend,Met een voetganger,Geen hindernis
41110,65,Nieuwpoort teller 2,Nieuwpoort,51.13435,2.75511,1.9964071510895012,51.11743397631603,2.7646963907693265,2023,7,13,38016,Nieuwpoort,Onbekend,Onbekend,Dag,met lichtgewonden,3,Fiets,8,Voetganger,Buiten Kruispunt,Gewestweg,onbekend,Met een voetganger,Geen hindernis
41110,66,Nieuwpoort totem,Nieuwpoort,51.1347,2.74369,2.415588167395068,51.11743397631603,2.7646963907693265,2023,7,13,38016,Nieuwpoort,Onbekend,Onbekend,Dag,met lichtgewonden,3,Fiets,8,Voetganger,Buiten Kruispunt,Gewestweg,onbekend,Met een voetganger,Geen hindernis
41115,51,"Brugge, Sint-Andries",Brugge,51.19281,3.16252,0.9557697551795612,51.19244862149932,3.148816811596494,2023,7,13,31012,Jabbeke,Normaal,Droog,Dag,met lichtgewonden,9,personenauto,3,Fiets,Op Kruispunt,Gemeenteweg,binnen bebouwde kom,Tss. 2 best.: langs opzij (voor-/achterkant-flank),Geen hindernis
41115,50,"Brugge, Sint-Andries",Brugge,51.19291,3.16252,0.9563007520452055,51.19244862149932,3.148816811596494,2023,7,13,31012,Jabbeke,Normaal,Droog,Dag,met lichtgewonden,9,personenauto,3,Fiets,Op Kruispunt,Gemeenteweg,binnen bebouwde kom,Tss. 2 best.: langs opzij (voor-/achterkant-flank),Geen hindernis
41120,84,Roeselare totem,Izegem,50.91717,3.18772,2.271428228053637,50.90681142987438,3.2156436960187613,2023,7,10,36008,Izegem,Normaal,Droog,Dag,met lichtgewonden,9,personenauto,3,Fiets,Op Kruispunt,Gemeenteweg,binnen bebouwde kom,Tss. 2 best.: langs opzij (voor-/achterkant-flank),Geen hindernis
41123,84,Roeselare totem,Izegem,50.91717,3.18772,1.8879420662240691,50.92085619424902,3.2140099928328394,2023,7,11,36008,Izegem,Normaal,Droog,Dag,met lichtgewonden,3,Fiets,8,Voetganger,Buiten Kruispunt,Gemeenteweg,binnen bebouwde kom,Met een voetganger,Geen vermelding van de aanwezigheid van een hindernis
41132,61,Wervik teller 2,Wervik,50.80555,3.0921,0.35063714918196404,50.80411348241566,3.096541940189254,2023,7,13,34027,Menen,Normaal,Droog,Dag,met lichtgewonden,3,Fiets,9,personenauto,Buiten Kruispunt,Gewestweg,binnen bebouwde kom,Tss. 2 best.: langs opzij (voor-/achterkant-flank),Geen hindernis
41132,62,Wervik teller 1,Wervik,50.8058,3.09154,0.39838985487581524,50.80411348241566,3.096541940189254,2023,7,13,34027,Menen,Normaal,Droog,Dag,met lichtgewonden,3,Fiets,9,personenauto,Buiten Kruispunt,Gewestweg,binnen bebouwde kom,Tss. 2 best.: langs opzij (voor-/achterkant-flank),Geen hindernis
41136,61,Wervik teller 2,Wervik,50.80555,3.0921,2.3602443230626613,50.801793015027194,3.1251565282786054,2023,7,17,34027,Menen,Normaal,Droog,Dag,met lichtgewonden,3,Fiets,9,personenauto,Buiten Kruispunt,Gewestweg,binnen bebouwde kom,Tussen 2 bestuurders: Langs achteren,Geen hindernis
41136,62,Wervik teller 1,Wervik,50.8058,3.09154,2.403976441677275,50.801793015027194,3.1251565282786054,2023,7,17,34027,Menen,Normaal,Droog,Dag,met lichtgewonden,3,Fiets,9,personenauto,Buiten Kruispunt,Gewestweg,binnen bebouwde kom,Tussen 2 bestuurders: Langs achteren,Geen hindernis
41138,143,Eco Display Classic Budastraat,Kortrijk,50.83066,3.26286,0.5743687599063695,50.835300259015625,3.266452986358434,2023,7,12,34022,Kortrijk,Normaal,Droog,Dag,met zwaargewonden,3,Fiets,9,personenauto,Buiten Kruispunt,Gewestweg,binnen bebouwde kom,Tss. 2 best.: langs opzij (voor-/achterkant-flank),Geen hindernis
41138,17,Kortrijk 2,Kortrijk,50.83339,3.27773,0.8199395007015525,50.835300259015625,3.266452986358434,2023,7,12,34022,Kortrijk,Normaal,Droog,Dag,met zwaargewonden,3,Fiets,9,personenauto,Buiten Kruispunt,Gewestweg,binnen bebouwde kom,Tss. 2 best.: langs opzij (voor-/achterkant-flank),Geen hindernis
41138,16,Kortrijk 1,Kortrijk,50.83332,3.27777,0.8246976129674811,50.835300259015625,3.266452986358434,2023,7,12,34022,Kortrijk,Normaal,Droog,Dag,met zwaargewonden,3,Fiets,9,personenauto,Buiten Kruispunt,Gewestweg,binnen bebouwde kom,Tss. 2 best.: langs opzij (voor-/achterkant-flank),Geen hindernis
41138,75,Kortrijk teller 2,Kortrijk,50.81925,3.25731,1.896727523373397,50.835300259015625,3.266452986358434,2023,7,12,34022,Kortrijk,Normaal,Droog,Dag,met zwaargewonden,3,Fiets,9,personenauto,Buiten Kruispunt,Gewestweg,binnen bebouwde kom,Tss. 2 best.: langs opzij (voor-/achterkant-flank),Geen hindernis
41138,74,Kortrijk teller 1,Kortrijk,50.81909,3.25728,1.9141860201206218,50.835300259015625,3.266452986358434,2023,7,12,34022,Kortrijk,Normaal,Droog,Dag,met zwaargewonden,3,Fiets,9,personenauto,Buiten Kruispunt,Gewestweg,binnen bebouwde kom,Tss. 2 best.: langs opzij (voor-/achterkant-flank),Geen hindernis
41140,143,Eco Display Classic Budastraat,Kortrijk,50.83066,3.26286,0.14045273981947531,50.829407006633105,3.2626072569559623,2023,7,12,34022,Kortrijk,Normaal,Droog,Dag,met lichtgewonden,9,personenauto,3,Fiets,Buiten Kruispunt,Gemeenteweg,binnen bebouwde kom,Tss. 2 best.: langs opzij (voor-/achterkant-flank),Geen hindernis
41140,16,Kortrijk 1,Kortrijk,50.83332,3.27777,1.1503589359734925,50.829407006633105,3.2626072569559623,2023,7,12,34022,Kortrijk,Normaal,Droog,Dag,met lichtgewonden,9,personenauto,3,Fiets,Buiten Kruispunt,Gemeenteweg,binnen bebouwde kom,Tss. 2 best.: langs opzij (voor-/achterkant-flank),Geen hindernis
41140,17,Kortrijk 2,Kortrijk,50.83339,3.27773,1.1507313922873497,50.829407006633105,3.2626072569559623,2023,7,12,34022,Kortrijk,Normaal,Droog,Dag,met lichtgewonden,9,personenauto,3,Fiets,Buiten Kruispunt,Gemeenteweg,binnen bebouwde kom,Tss. 2 best.: langs opzij (voor-/achterkant-flank),Geen hindernis
41140,75,Kortrijk teller 2,Kortrijk,50.81925,3.25731,1.189122318422879,50.829407006633105,3.2626072569559623,2023,7,12,34022,Kortrijk,Normaal,Droog,Dag,met lichtgewonden,9,personenauto,3,Fiets,Buiten Kruispunt,Gemeenteweg,binnen bebouwde kom,Tss. 2 best.: langs opzij (voor-/achterkant-flank),Geen hindernis
41140,74,Kortrijk teller 1,Kortrijk,50.81909,3.25728,1.206684928061221,50.829407006633105,3.2626072569559623,2023,7,12,34022,Kortrijk,Normaal,Droog,Dag,met lichtgewonden,9,personenauto,3,Fiets,Buiten Kruispunt,Gemeenteweg,binnen bebouwde kom,Tss. 2 best.: langs opzij (voor-/achterkant-flank),Geen hindernis
41141,143,Eco Display Classic Budastraat,Kortrijk,50.83066,3.26286,0.6178817432378202,50.83619808247626,3.2621395436885057,2023,7,7,34022,Kortrijk,Normaal,Droog,Dag,met zwaargewonden,3,Fiets,3,Fiets,Buiten Kruispunt,Gewestweg,binnen bebouwde kom,Tussen 2 bestuurders: Flank tegen flank,Geen hindernis
41141,17,Kortrijk 2,Kortrijk,50.83339,3.27773,1.138511627304333,50.83619808247626,3.2621395436885057,2023,7,7,34022,Kortrijk,Normaal,Droog,Dag,met zwaargewonden,3,Fiets,3,Fiets,Buiten Kruispunt,Gewestweg,binnen bebouwde kom,Tussen 2 bestuurders: Flank tegen flank,Geen hindernis
41141,16,Kortrijk 1,Kortrijk,50.83332,3.27777,1.1433681882325732,50.83619808247626,3.2621395436885057,2023,7,7,34022,Kortrijk,Normaal,Droog,Dag,met zwaargewonden,3,Fiets,3,Fiets,Buiten Kruispunt,Gewestweg,binnen bebouwde kom,Tussen 2 bestuurders: Flank tegen flank,Geen hindernis
41141,75,Kortrijk teller 2,Kortrijk,50.81925,3.25731,1.914825939762074,50.83619808247626,3.2621395436885057,2023,7,7,34022,Kortrijk,Normaal,Droog,Dag,met zwaargewonden,3,Fiets,3,Fiets,Buiten Kruispunt,Gewestweg,binnen bebouwde kom,Tussen 2 bestuurders: Flank tegen flank,Geen hindernis
41141,74,Kortrijk teller 1,Kortrijk,50.81909,3.25728,1.9327094172153687,50.83619808247626,3.2621395436885057,2023,7,7,34022,Kortrijk,Normaal,Droog,Dag,met zwaargewonden,3,Fiets,3,Fiets,Buiten Kruispunt,Gewestweg,binnen bebouwde kom,Tussen 2 bestuurders: Flank tegen flank,Geen hindernis
41142,16,Kortrijk 1,Kortrijk,50.83332,3.27777,1.1798293714118606,50.82270971792913,3.2776725962481215,2023,7,18,34022,Kortrijk,Normaal,Droog,Dag,met lichtgewonden,3,Fiets,9,personenauto,Op Kruispunt,Gewestweg,binnen bebouwde kom,Tss. 2 best.: langs opzij (voor-/achterkant-flank),Geen hindernis
41142,17,Kortrijk 2,Kortrijk,50.83339,3.27773,1.1876000253247303,50.82270971792913,3.2776725962481215,2023,7,18,34022,Kortrijk,Normaal,Droog,Dag,met lichtgewonden,3,Fiets,9,personenauto,Op Kruispunt,Gewestweg,binnen bebouwde kom,Tss. 2 best.: langs opzij (voor-/achterkant-flank),Geen hindernis
41142,143,Eco Display Classic Budastraat,Kortrijk,50.83066,3.26286,1.36527193827982,50.82270971792913,3.2776725962481215,2023,7,18,34022,Kortrijk,Normaal,Droog,Dag,met lichtgewonden,3,Fiets,9,personenauto,Op Kruispunt,Gewestweg,binnen bebouwde kom,Tss. 2 best.: langs opzij (voor-/achterkant-flank),Geen hindernis
41142,75,Kortrijk teller 2,Kortrijk,50.81925,3.25731,1.4812382618635853,50.82270971792913,3.2776725962481215,2023,7,18,34022,Kortrijk,Normaal,Droog,Dag,met lichtgewonden,3,Fiets,9,personenauto,Op Kruispunt,Gewestweg,binnen bebouwde kom,Tss. 2 best.: langs opzij (voor-/achterkant-flank),Geen hindernis
41142,74,Kortrijk teller 1,Kortrijk,50.81909,3.25728,1.4879893632354726,50.82270971792913,3.2776725962481215,2023,7,18,34022,Kortrijk,Normaal,Droog,Dag,met lichtgewonden,3,Fiets,9,personenauto,Op Kruispunt,Gewestweg,binnen bebouwde kom,Tss. 2 best.: langs opzij (voor-/achterkant-flank),Geen hindernis
41143,74,Kortrijk teller 1,Kortrijk,50.81909,3.25728,1.655126177030159,50.81969658044862,3.2337388154253683,2023,7,18,34022,Kortrijk,Normaal,Droog,Dag,met lichtgewonden,3,Fiets,8,Voetganger,Buiten Kruispunt,Gemeenteweg,buiten bebouwde kom,Met een voetganger,Geen vermelding van de aanwezigheid van een hindernis
41143,75,Kortrijk teller 2,Kortrijk,50.81925,3.25731,1.6566003566376366,50.81969658044862,3.2337388154253683,2023,7,18,34022,Kortrijk,Normaal,Droog,Dag,met lichtgewonden,3,Fiets,8,Voetganger,Buiten Kruispunt,Gemeenteweg,buiten bebouwde kom,Met een voetganger,Geen vermelding van de aanwezigheid van een hindernis
41143,143,Eco Display Classic Budastraat,Kortrijk,50.83066,3.26286,2.381212365557503,50.81969658044862,3.2337388154253683,2023,7,18,34022,Kortrijk,Normaal,Droog,Dag,met lichtgewonden,3,Fiets,8,Voetganger,Buiten Kruispunt,Gemeenteweg,buiten bebouwde kom,Met een voetganger,Geen vermelding van de aanwezigheid van een hindernis
41144,17,Kortrijk 2,Kortrijk,50.83339,3.27773,2.4322753864666122,50.854433554711065,3.28718449593523,2023,7,17,34023,Kuurne,Normaal,Droog,Dag,met lichtgewonden,9,personenauto,3,Fiets,Op Kruispunt,Gemeenteweg,binnen bebouwde kom,Tss. 2 best.: langs opzij (voor-/achterkant-flank),Geen hindernis
41144,16,Kortrijk 1,Kortrijk,50.83332,3.27777,2.4390019407926866,50.854433554711065,3.28718449593523,2023,7,17,34023,Kuurne,Normaal,Droog,Dag,met lichtgewonden,9,personenauto,3,Fiets,Op Kruispunt,Gemeenteweg,binnen bebouwde kom,Tss. 2 best.: langs opzij (voor-/achterkant-flank),Geen hindernis
41145,16,Kortrijk 1,Kortrijk,50.83332,3.27777,0.20277611726360936,50.83216885915825,3.28000938386474,2023,7,8,34022,Kortrijk,Onbekend,Onbekend,Dag,met lichtgewonden,3,Fiets,99,onbekend,Op Kruispunt,Gemeenteweg,binnen bebouwde kom,Tussen 2 bestuurders: Frontale botsing,Geen hindernis
41145,17,Kortrijk 2,Kortrijk,50.83339,3.27773,0.20991145079469709,50.83216885915825,3.28000938386474,2023,7,8,34022,Kortrijk,Onbekend,Onbekend,Dag,met lichtgewonden,3,Fiets,99,onbekend,Op Kruispunt,Gemeenteweg,binnen bebouwde kom,Tussen 2 bestuurders: Frontale botsing,Geen hindernis
41145,143,Eco Display Classic Budastraat,Kortrijk,50.83066,3.26286,1.2160513933739052,50.83216885915825,3.28000938386474,2023,7,8,34022,Kortrijk,Onbekend,Onbekend,Dag,met lichtgewonden,3,Fiets,99,onbekend,Op Kruispunt,Gemeenteweg,binnen bebouwde kom,Tussen 2 bestuurders: Frontale botsing,Geen hindernis
41145,75,Kortrijk teller 2,Kortrijk,50.81925,3.25731,2.1460838580639954,50.83216885915825,3.28000938386474,2023,7,8,34022,Kortrijk,Onbekend,Onbekend,Dag,met lichtgewonden,3,Fiets,99,onbekend,Op Kruispunt,Gemeenteweg,binnen bebouwde kom,Tussen 2 bestuurders: Frontale botsing,Geen hindernis
41145,74,Kortrijk teller 1,Kortrijk,50.81909,3.25728,2.1595924475273582,50.83216885915825,3.28000938386474,2023,7,8,34022,Kortrijk,Onbekend,Onbekend,Dag,met lichtgewonden,3,Fiets,99,onbekend,Op Kruispunt,Gemeenteweg,binnen bebouwde kom,Tussen 2 bestuurders: Frontale botsing,Geen hindernis
41146,16,Kortrijk 1,Kortrijk,50.83332,3.27777,0.7996229351283674,50.826150461862355,3.276887340934718,2023,7,8,34022,Kortrijk,Normaal,Droog,Dag,met zwaargewonden,3,Fiets,6,Bromfiets,Op Kruispunt,Gemeenteweg,binnen bebouwde kom,Tussen 2 bestuurders: Langs achteren,Geen hindernis
41146,17,Kortrijk 2,Kortrijk,50.83339,3.27773,0.8071725283813711,50.826150461862355,3.276887340934718,2023,7,8,34022,Kortrijk,Normaal,Droog,Dag,met zwaargewonden,3,Fiets,6,Bromfiets,Op Kruispunt,Gemeenteweg,binnen bebouwde kom,Tussen 2 bestuurders: Langs achteren,Geen hindernis
41146,143,Eco Display Classic Budastraat,Kortrijk,50.83066,3.26286,1.1054859260712515,50.826150461862355,3.276887340934718,2023,7,8,34022,Kortrijk,Normaal,Droog,Dag,met zwaargewonden,3,Fiets,6,Bromfiets,Op Kruispunt,Gemeenteweg,binnen bebouwde kom,Tussen 2 bestuurders: Langs achteren,Geen hindernis
41146,75,Kortrijk teller 2,Kortrijk,50.81925,3.25731,1.574772913558024,50.826150461862355,3.276887340934718,2023,7,8,34022,Kortrijk,Normaal,Droog,Dag,met zwaargewonden,3,Fiets,6,Bromfiets,Op Kruispunt,Gemeenteweg,binnen bebouwde kom,Tussen 2 bestuurders: Langs achteren,Geen hindernis
41146,74,Kortrijk teller 1,Kortrijk,50.81909,3.25728,1.5853502478413652,50.826150461862355,3.276887340934718,2023,7,8,34022,Kortrijk,Normaal,Droog,Dag,met zwaargewonden,3,Fiets,6,Bromfiets,Op Kruispunt,Gemeenteweg,binnen bebouwde kom,Tussen 2 bestuurders: Langs achteren,Geen hindernis
41147,16,Kortrijk 1,Kortrijk,50.83332,3.27777,2.455677420473556,50.816787807970385,3.300950204566514,2023,7,12,34022,Kortrijk,Normaal,Droog,Dag,met lichtgewonden,3,Fiets,3,Fiets,Buiten Kruispunt,Gewestweg,binnen bebouwde kom,Tussen 2 bestuurders: Frontale botsing,Geen hindernis
41147,17,Kortrijk 2,Kortrijk,50.83339,3.27773,2.4633681458741945,50.816787807970385,3.300950204566514,2023,7,12,34022,Kortrijk,Normaal,Droog,Dag,met lichtgewonden,3,Fiets,3,Fiets,Buiten Kruispunt,Gewestweg,binnen bebouwde kom,Tussen 2 bestuurders: Frontale botsing,Geen hindernis
41148,17,Kortrijk 2,Kortrijk,50.83339,3.27773,0.10205950838069665,50.834098642136404,3.278653599354412,2023,7,12,34022,Kortrijk,Normaal,Droog,Dag,met lichtgewonden,9,personenauto,3,Fiets,Op Kruispunt,Gewestweg,binnen bebouwde kom,Tss. 2 best.: langs opzij (voor-/achterkant-flank),Geen hindernis
41148,16,Kortrijk 1,Kortrijk,50.83332,3.27777,0.1065217221115148,50.834098642136404,3.278653599354412,2023,7,12,34022,Kortrijk,Normaal,Droog,Dag,met lichtgewonden,9,personenauto,3,Fiets,Op Kruispunt,Gewestweg,binnen bebouwde kom,Tss. 2 best.: langs opzij (voor-/achterkant-flank),Geen hindernis
41148,143,Eco Display Classic Budastraat,Kortrijk,50.83066,3.26286,1.1732348743246945,50.834098642136404,3.278653599354412,2023,7,12,34022,Kortrijk,Normaal,Droog,Dag,met lichtgewonden,9,personenauto,3,Fiets,Op Kruispunt,Gewestweg,binnen bebouwde kom,Tss. 2 best.: langs opzij (voor-/achterkant-flank),Geen hindernis
41148,75,Kortrijk teller 2,Kortrijk,50.81925,3.25731,2.2301406100476573,50.834098642136404,3.278653599354412,2023,7,12,34022,Kortrijk,Normaal,Droog,Dag,met lichtgewonden,9,personenauto,3,Fiets,Op Kruispunt,Gewestweg,binnen bebouwde kom,Tss. 2 best.: langs opzij (voor-/achterkant-flank),Geen hindernis
41148,74,Kortrijk teller 1,Kortrijk,50.81909,3.25728,2.2447546605127386,50.834098642136404,3.278653599354412,2023,7,12,34022,Kortrijk,Normaal,Droog,Dag,met lichtgewonden,9,personenauto,3,Fiets,Op Kruispunt,Gewestweg,binnen bebouwde kom,Tss. 2 best.: langs opzij (voor-/achterkant-flank),Geen hindernis
41150,143,Eco Display Classic Budastraat,Kortrijk,50.83066,3.26286,0.8029999472452303,50.82380792539381,3.266470048022927,2023,7,18,34022,Kortrijk,Normaal,Droog,Dag,met lichtgewonden,3,Fiets,6,Bromfiets,Op Kruispunt,Gewestweg,binnen bebouwde kom,Tss. 2 best.: langs opzij (voor-/achterkant-flank),Geen hindernis
41150,75,Kortrijk teller 2,Kortrijk,50.81925,3.25731,0.8190861013194356,50.82380792539381,3.266470048022927,2023,7,18,34022,Kortrijk,Normaal,Droog,Dag,met lichtgewonden,3,Fiets,6,Bromfiets,Op Kruispunt,Gewestweg,binnen bebouwde kom,Tss. 2 best.: langs opzij (voor-/achterkant-flank),Geen hindernis
41150,74,Kortrijk teller 1,Kortrijk,50.81909,3.25728,0.8318474938719052,50.82380792539381,3.266470048022927,2023,7,18,34022,Kortrijk,Normaal,Droog,Dag,met lichtgewonden,3,Fiets,6,Bromfiets,Op Kruispunt,Gewestweg,binnen bebouwde kom,Tss. 2 best.: langs opzij (voor-/achterkant-flank),Geen hindernis
41150,16,Kortrijk 1,Kortrijk,50.83332,3.27777,1.3223501442670915,50.82380792539381,3.266470048022927,2023,7,18,34022,Kortrijk,Normaal,Droog,Dag,met lichtgewonden,3,Fiets,6,Bromfiets,Op Kruispunt,Gewestweg,binnen bebouwde kom,Tss. 2 best.: langs opzij (voor-/achterkant-flank),Geen hindernis
41150,17,Kortrijk 2,Kortrijk,50.83339,3.27773,1.3269074744588305,50.82380792539381,3.266470048022927,2023,7,18,34022,Kortrijk,Normaal,Droog,Dag,met lichtgewonden,3,Fiets,6,Bromfiets,Op Kruispunt,Gewestweg,binnen bebouwde kom,Tss. 2 best.: langs opzij (voor-/achterkant-flank),Geen hindernis
41151,143,Eco Display Classic Budastraat,Kortrijk,50.83066,3.26286,0.857688532038369,50.82374986370026,3.26828581308798,2023,7,14,34022,Kortrijk,Normaal,Proper,Dag,met zwaargewonden,3,Fiets,99,onbekend,Buiten Kruispunt,Gewestweg,binnen bebouwde kom,Tussen 2 bestuurders: Langs achteren,Geen hindernis
41151,75,Kortrijk teller 2,Kortrijk,50.81925,3.25731,0.9191386094621582,50.82374986370026,3.26828581308798,2023,7,14,34022,Kortrijk,Normaal,Proper,Dag,met zwaargewonden,3,Fiets,99,onbekend,Buiten Kruispunt,Gewestweg,binnen bebouwde kom,Tussen 2 bestuurders: Langs achteren,Geen hindernis
41151,74,Kortrijk teller 1,Kortrijk,50.81909,3.25728,0.9306946266616025,50.82374986370026,3.26828581308798,2023,7,14,34022,Kortrijk,Normaal,Proper,Dag,met zwaargewonden,3,Fiets,99,onbekend,Buiten Kruispunt,Gewestweg,binnen bebouwde kom,Tussen 2 bestuurders: Langs achteren,Geen hindernis
41151,16,Kortrijk 1,Kortrijk,50.83332,3.27777,1.255444748925321,50.82374986370026,3.26828581308798,2023,7,14,34022,Kortrijk,Normaal,Proper,Dag,met zwaargewonden,3,Fiets,99,onbekend,Buiten Kruispunt,Gewestweg,binnen bebouwde kom,Tussen 2 bestuurders: Langs achteren,Geen hindernis
41151,17,Kortrijk 2,Kortrijk,50.83339,3.27773,1.2605682903777318,50.82374986370026,3.26828581308798,2023,7,14,34022,Kortrijk,Normaal,Proper,Dag,met zwaargewonden,3,Fiets,99,onbekend,Buiten Kruispunt,Gewestweg,binnen bebouwde kom,Tussen 2 bestuurders: Langs achteren,Geen hindernis