crash_row_id,site_id,site_name,site_gemeente,site_lat,site_long,distance_km,crash_lat,crash_long,DT_YEAR_COLLISION,DT_MONTH_COLLISION,DT_TIME,CD_NIS,TX_MUNTY_COLLISION_NL,TX_WEATHER_NL,TX_ROAD_CONDITION_NL,TX_LIGHT_CONDITION_NL,TX_CLASS_ACCIDENTS_NL,CD_ROAD_USR_TYPE1,TX_ROAD_USR_TYPE1_NL,CD_ROAD_USR_TYPE2,TX_ROAD_USR_TYPE2_NL,TX_CROSSWAY_NL,CD_ROAD_TYPE_NL,TX_BUILD_UP_AREA_NL,TX_COLLISION_TYPE_NL,TX_OBSTACLES_NL
41477,107,leuven totem,Leuven,50.8870744,4.7087919,0.3880078018095494,50.888439641777275,4.7037014371529136,2023,8,1,24062,Leuven,Normaal,Droog,"Nacht, geen openbare verlichting aanwezig",Met doden,3,Fiets,11,een weggebruiker tegen een hindernis,Buiten Kruispunt,Gemeenteweg,buiten bebouwde kom,Weggebruiker tegen hindernis buiten rijbaan,Buiten de rijbaan: Omheining
41477,69,Leuven teller 1,Leuven,50.87549,4.71526,1.652560884502596,50.888439641777275,4.7037014371529136,2023,8,1,24062,Leuven,Normaal,Droog,"Nacht, geen openbare verlichting aanwezig",Met doden,3,Fiets,11,een weggebruiker tegen een hindernis,Buiten Kruispunt,Gemeenteweg,buiten bebouwde kom,Weggebruiker tegen hindernis buiten rijbaan,Buiten de rijbaan: Omheining
41478,151,Leuven,District Leuven,50.8690262,4.6854839,1.1988902186436128,50.87955696657832,4.689150020491778,2023,8,17,24062,Leuven,Normaal,Droog,Dag,met lichtgewonden,3,Fiets,9,personenauto,Op Kruispunt,Gemeenteweg,binnen bebouwde kom,Tss. 2 best.: langs opzij (voor-/achterkant-flank),Geen hindernis
41478,77,Leuven teller 2,Leuven,50.88672,4.70796,1.541330638312853,50.87955696657832,4.689150020491778,2023,8,17,24062,Leuven,Normaal,Droog,Dag,met lichtgewonden,3,Fiets,9,personenauto,Op Kruispunt,Gemeenteweg,binnen bebouwde kom,Tss. 2 best.: langs opzij (voor-/achterkant-flank),Geen hindernis
41478,107,leuven totem,Leuven,50.8870744,4.7087919,1.6116585775716856,50.87955696657832,4.689150020491778,2023,8,17,24062,Leuven,Normaal,Droog,Dag,met lichtgewonden,3,Fiets,9,personenauto,Op Kruispunt,Gemeenteweg,binnen bebouwde kom,Tss. 2 best.: langs opzij (voor-/achterkant-flank),Geen hindernis
41478,69,Leuven teller 1,Leuven,50.87549,4.71526,1.886915597554174,50.87955696657832,4.689150020491778,2023,8,17,24062,Leuven,Normaal,Droog,Dag,met lichtgewonden,3,Fiets,9,personenauto,Op Kruispunt,Gemeenteweg,binnen bebouwde kom,Tss. 2 best.: langs opzij (voor-/achterkant-flank),Geen hindernis
41483,72,Herent teller 1,Herent,50.89135,4.64689,1.7004956211567184,50.88620523502481,4.6697196220648856,2023,8,22,24038,Herent,Normaal,Droog,"Nacht, openbare verlichting aanwezig en ontstoken",met lichtgewonden,3,Fiets,9,personenauto,Buiten Kruispunt,Gewestweg,buiten bebouwde kom,Tss. 2 best.: langs opzij (voor-/achterkant-flank),Geen hindernis
41483,73,Herent teller 2,Herent,50.89128,4.64685,1.7005406089909136,50.88620523502481,4.6697196220648856,2023,8,22,24038,Herent,Normaal,Droog,"Nacht, openbare verlichting aanwezig en ontstoken",met lichtgewonden,3,Fiets,9,personenauto,Buiten Kruispunt,Gewestweg,buiten bebouwde kom,Tss. 2 best.: langs opzij (voor-/achterkant-flank),Geen hindernis
41483,151,Leuven,District Leuven,50.8690262,4.6854839,2.2073260207905414,50.88620523502481,4.6697196220648856,2023,8,22,24038,Herent,Normaal,Droog,"Nacht, openbare verlichting aanwezig en ontstoken",met lichtgewonden,3,Fiets,9,personenauto,Buiten Kruispunt,Gewestweg,buiten bebouwde kom,Tss. 2 best.: langs opzij (voor-/achterkant-flank),Geen hindernis
41485,73,Herent teller 2,Herent,50.89128,4.64685,0.22369853833644687,50.88928561870161,4.647268399854338,2023,8,19,24038,Herent,Normaal,Droog,Dag,met zwaargewonden,3,Fiets,10,"één bestuurder, geen hindernis",Buiten Kruispunt,Gemeenteweg,buiten bebouwde kom,"Eén bestuurder, geen hindernis (incl. val)",Geen hindernis
41485,72,Herent teller 1,Herent,50.89135,4.64689,0.23107810756734298,50.88928561870161,4.647268399854338,2023,8,19,24038,Herent,Normaal,Droog,Dag,met zwaargewonden,3,Fiets,10,"één bestuurder, geen hindernis",Buiten Kruispunt,Gemeenteweg,buiten bebouwde kom,"Eén bestuurder, geen hindernis (incl. val)",Geen hindernis
41486,72,Herent teller 1,Herent,50.89135,4.64689,1.4640247814133571,50.90059001245599,4.632019282691314,2023,8,4,24038,Herent,Onbekend,"Nat, plassen","Nacht, openbare verlichting aanwezig en ontstoken",met zwaargewonden,3,Fiets,10,"één bestuurder, geen hindernis",Buiten Kruispunt,Gemeenteweg,binnen bebouwde kom,"Eén bestuurder, geen hindernis (incl. val)",Geen hindernis
41486,73,Herent teller 2,Herent,50.89128,4.64685,1.4675085939477182,50.90059001245599,4.632019282691314,2023,8,4,24038,Herent,Onbekend,"Nat, plassen","Nacht, openbare verlichting aanwezig en ontstoken",met zwaargewonden,3,Fiets,10,"één bestuurder, geen hindernis",Buiten Kruispunt,Gemeenteweg,binnen bebouwde kom,"Eén bestuurder, geen hindernis (incl. val)",Geen hindernis
41487,87,Aarschot,Aarschot,50.99084,4.81259,2.1334820046075444,50.99316068691484,4.84284917984194,2023,8,15,24001,Aarschot,Normaal,Droog,Dag,met lichtgewonden,3,Fiets,9,personenauto,Op Kruispunt,Gewestweg,binnen bebouwde kom,Tss. 2 best.: langs opzij (voor-/achterkant-flank),Geen hindernis
41488,87,Aarschot,Aarschot,50.99084,4.81259,1.9645149320381694,50.99154689078372,4.840635825748081,2023,8,19,24001,Aarschot,Normaal,Droog,Dag,met lichtgewonden,9,personenauto,3,Fiets,Op Kruispunt,Gewestweg,binnen bebouwde kom,Tss. 2 best.: langs opzij (voor-/achterkant-flank),Geen hindernis
41493,101,Diest teller 1,Diest,50.97799,5.04481,1.905280165504849,50.97254041054109,5.070609629882643,2023,8,22,24020,Diest,Onbekend,"Vuil (zand, grint, bladeren,...)","Nacht, geen openbare verlichting aanwezig",met lichtgewonden,3,Fiets,6,Bromfiets,Buiten Kruispunt,Gemeenteweg,buiten bebouwde kom,Tussen 2 bestuurders: Frontale botsing,Geen hindernis
41493,102,Diest teller 2,Diest,50.9779,5.04474,1.9067775061883174,50.97254041054109,5.070609629882643,2023,8,22,24020,Diest,Onbekend,"Vuil (zand, grint, bladeren,...)","Nacht, geen openbare verlichting aanwezig",met lichtgewonden,3,Fiets,6,Bromfiets,Buiten Kruispunt,Gemeenteweg,buiten bebouwde kom,Tussen 2 bestuurders: Frontale botsing,Geen hindernis
41495,101,Diest teller 1,Diest,50.97799,5.04481,1.4308913937932886,50.986245548236475,5.0604893594454445,2023,8,12,24020,Diest,Normaal,Droog,Dag,met lichtgewonden,3,Fiets,3,Fiets,Buiten Kruispunt,Gemeenteweg,binnen bebouwde kom,Tss. 2 best.: langs opzij (voor-/achterkant-flank),Geen hindernis
41495,102,Diest teller 2,Diest,50.9779,5.04474,1.441078548641685,50.986245548236475,5.0604893594454445,2023,8,12,24020,Diest,Normaal,Droog,Dag,met lichtgewonden,3,Fiets,3,Fiets,Buiten Kruispunt,Gemeenteweg,binnen bebouwde kom,Tss. 2 best.: langs opzij (voor-/achterkant-flank),Geen hindernis
41496,101,Diest teller 1,Diest,50.97799,5.04481,1.50237213728402,50.98588037715571,5.062231274050788,2023,8,17,24020,Diest,Normaal,Droog,Dag,met lichtgewonden,9,personenauto,3,Fiets,Buiten Kruispunt,Gewestweg,buiten bebouwde kom,Tussen 2 bestuurders: Frontale botsing,Geen hindernis
41496,102,Diest teller 2,Diest,50.9779,5.04474,1.5122044393698386,50.98588037715571,5.062231274050788,2023,8,17,24020,Diest,Normaal,Droog,Dag,met lichtgewonden,9,personenauto,3,Fiets,Buiten Kruispunt,Gewestweg,buiten bebouwde kom,Tussen 2 bestuurders: Frontale botsing,Geen hindernis
41500,111,Zaventem totem,Zaventem,50.8871216,4.4597084,0.886459969224302,50.880723803594464,4.452169309352585,2023,8,14,23094,Zaventem,Normaal,Droog,Dag,met lichtgewonden,3,Fiets,9,personenauto,Op Kruispunt,Gewestweg,buiten bebouwde kom,Tss. 2 best.: langs opzij (voor-/achterkant-flank),Geen hindernis
41500,26,Zaventem,Zaventem,50.86995,4.45444,1.2085402089236514,50.880723803594464,4.452169309352585,2023,8,14,23094,Zaventem,Normaal,Droog,Dag,met lichtgewonden,3,Fiets,9,personenauto,Op Kruispunt,Gewestweg,buiten bebouwde kom,Tss. 2 best.: langs opzij (voor-/achterkant-flank),Geen hindernis
41500,149,Machelen,,50.88297881,4.43356644,1.328958920419106,50.880723803594464,4.452169309352585,2023,8,14,23094,Zaventem,Normaal,Droog,Dag,met lichtgewonden,3,Fiets,9,personenauto,Op Kruispunt,Gewestweg,buiten bebouwde kom,Tss. 2 best.: langs opzij (voor-/achterkant-flank),Geen hindernis
41501,47,Vilvoorde,Vilvoorde,50.91372,4.41497,1.1380428010954085,50.92345796765514,4.409973904250223,2023,8,17,23088,Vilvoorde,Onbekend,Onbekend,Dag,met lichtgewonden,9,personenauto,3,Fiets,Op Kruispunt,Gewestweg,buiten bebouwde kom,Tss. 2 best.: langs opzij (voor-/achterkant-flank),Geen hindernis
41507,86,Asse teller 2,Asse,50.89132,4.1709,2.2364918497046307,50.87152711810652,4.165232805632692,2023,8,8,23086,Ternat,Normaal,"Vuil (zand, grint, bladeren,...)",Dag,met lichtgewonden,3,Fiets,11,een weggebruiker tegen een hindernis,Buiten Kruispunt,Gemeenteweg,binnen bebouwde kom,Weggebruiker tegen hindernis op de rijbaan,Op de rijbaan: Lading
41508,86,Asse teller 2,Asse,50.89132,4.1709,1.78005716983817,50.89098129170567,4.145527512218359,2023,8,16,23105,Affligem,Normaal,Droog,Dag,met lichtgewonden,3,Fiets,9,personenauto,Op Kruispunt,Gemeenteweg,binnen bebouwde kom,Tussen 2 bestuurders: Frontale botsing,Geen hindernis
41508,85,Asse teller 1,Asse,50.89621,4.17294,2.0086314301504005,50.89098129170567,4.145527512218359,2023,8,16,23105,Affligem,Normaal,Droog,Dag,met lichtgewonden,3,Fiets,9,personenauto,Op Kruispunt,Gemeenteweg,binnen bebouwde kom,Tussen 2 bestuurders: Frontale botsing,Geen hindernis
41520,47,Vilvoorde,Vilvoorde,50.91372,4.41497,1.5295392802300432,50.90832822863685,4.4350400861123545,2023,8,19,23047,Machelen,Normaal,Proper,Dag,met lichtgewonden,3,Fiets,9,personenauto,Op Kruispunt,Gemeenteweg,binnen bebouwde kom,Tss. 2 best.: langs opzij (voor-/achterkant-flank),Geen hindernis
41520,1,Machelen,Machelen,50.91618331151478,4.456121776137429,1.7168195099132186,50.90832822863685,4.4350400861123545,2023,8,19,23047,Machelen,Normaal,Proper,Dag,met lichtgewonden,3,Fiets,9,personenauto,Op Kruispunt,Gemeenteweg,binnen bebouwde kom,Tss. 2 best.: langs opzij (voor-/achterkant-flank),Geen hindernis
41521,47,Vilvoorde,Vilvoorde,50.91372,4.41497,0.7849469674851544,50.91356109311572,4.426163511920099,2023,8,23,23047,Machelen,Normaal,"Nat, plassen","Nacht, openb. verlicht. aanw., maar niet ontstoken",met zwaargewonden,3,Fiets,11,een weggebruiker tegen een hindernis,Buiten Kruispunt,Gemeenteweg,binnen bebouwde kom,Weggebruiker tegen hindernis buiten rijbaan,Andere hindernis
41521,1,Machelen,Machelen,50.91618331151478,4.456121776137429,2.1203838589384265,50.91356109311572,4.426163511920099,2023,8,23,23047,Machelen,Normaal,"Nat, plassen","Nacht, openb. verlicht. aanw., maar niet ontstoken",met zwaargewonden,3,Fiets,11,een weggebruiker tegen een hindernis,Buiten Kruispunt,Gemeenteweg,binnen bebouwde kom,Weggebruiker tegen hindernis buiten rijbaan,Andere hindernis
41523,47,Vilvoorde,Vilvoorde,50.91372,4.41497,0.6452566039561753,50.90793390018436,4.414269530332411,2023,8,22,23088,Vilvoorde,Normaal,Droog,"Nacht, openbare verlichting aanwezig en ontstoken",met lichtgewonden,9,personenauto,3,Fiets,Buiten Kruispunt,Gewestweg,binnen bebouwde kom,Tss. 2 best.: langs opzij (voor-/achterkant-flank),Geen hindernis
41524,109,Zemst,Zemst,50.9903936,4.4707023,1.4442945626748336,50.99731046133967,4.488169573772949,2023,8,16,23096,Zemst,Regenval,"Nat, plassen",Dag,met lichtgewonden,9,personenauto,3,Fiets,Op Kruispunt,Gewestweg,binnen bebouwde kom,Tss. 2 best.: langs opzij (voor-/achterkant-flank),Geen hindernis
41528,13,Gent,Gent,51.03018,3.70146,0.9268312683290298,51.03754485832532,3.7076666444415283,2023,8,17,44021,Gent,Normaal,Droog,Dag,met lichtgewonden,3,Fiets,3,Fiets,Buiten Kruispunt,Gemeenteweg,binnen bebouwde kom,Tss. 2 best.: langs opzij (voor-/achterkant-flank),Geen hindernis
41532,118,Gent teller 1,Gent,51.028049,3.7681359,1.6234579567519734,51.02975852827907,3.7450813178786815,2023,8,17,44021,Gent,Normaal,Droog,Dag,met lichtgewonden,3,Fiets,6,Bromfiets,Buiten Kruispunt,Gewestweg,binnen bebouwde kom,Tussen 2 bestuurders: Langs achteren,Geen hindernis
41532,119,Gent teller 2,Gent,51.0281795,3.7683918,1.6396125934006736,51.02975852827907,3.7450813178786815,2023,8,17,44021,Gent,Normaal,Droog,Dag,met lichtgewonden,3,Fiets,6,Bromfiets,Buiten Kruispunt,Gewestweg,binnen bebouwde kom,Tussen 2 bestuurders: Langs achteren,Geen hindernis
41534,13,Gent,Gent,51.03018,3.70146,1.5782258491254069,51.03250306259738,3.723724321053069,2023,8,16,44021,Gent,Onbekend,Onbekend,Dag,met lichtgewonden,3,Fiets,5,Lichte vrachtauto,Op Kruispunt,Gemeenteweg,binnen bebouwde kom,Tussen 2 bestuurders: Flank tegen flank,Geen hindernis
41536,13,Gent,Gent,51.03018,3.70146,2.1548128646480755,51.0318387383037,3.7321605660553865,2023,8,14,44021,Gent,Normaal,Droog,Dag,met lichtgewonden,9,personenauto,3,Fiets,Buiten Kruispunt,Gemeenteweg,binnen bebouwde kom,Tussen 2 bestuurders: Frontale botsing,Geen hindernis
41538,13,Gent,Gent,51.03018,3.70146,1.3376842272101426,51.038231777124636,3.7156734545826597,2023,8,20,44021,Gent,Normaal,Droog,Dageraad - schemering,met lichtgewonden,9,personenauto,3,Fiets,Buiten Kruispunt,Gewestweg,binnen bebouwde kom,Tss. 2 best.: langs opzij (voor-/achterkant-flank),Geen hindernis
41539,118,Gent teller 1,Gent,51.028049,3.7681359,0.07615715696758114,51.028465942814,3.7672719609470873,2023,8,18,44021,Gent,Normaal,Droog,Dag,met lichtgewonden,9,personenauto,3,Fiets,Op Kruispunt,Gewestweg,binnen bebouwde kom,Tss. 2 best.: langs opzij (voor-/achterkant-flank),Geen hindernis
41539,119,Gent teller 2,Gent,51.0281795,3.7683918,0.08454458261269258,51.028465942814,3.7672719609470873,2023,8,18,44021,Gent,Normaal,Droog,Dag,met lichtgewonden,9,personenauto,3,Fiets,Op Kruispunt,Gewestweg,binnen bebouwde kom,Tss. 2 best.: langs opzij (voor-/achterkant-flank),Geen hindernis
41543,136,Gent R4,Gent,51.0876313,3.7587918,1.965819519131845,51.07738239003095,3.7817226079385486,2023,8,20,44021,Gent,Normaal,Droog+Proper,Dag,met lichtgewonden,9,personenauto,3,Fiets,Op Kruispunt,Gewestweg,buiten bebouwde kom,Tussen 2 bestuurders: Frontale botsing,Geen hindernis
41544,13,Gent,Gent,51.03018,3.70146,1.8151940291530835,51.0420261241765,3.7193216281571075,2023,8,18,44021,Gent,Normaal,Droog,Dag,met lichtgewonden,3,Fiets,9,personenauto,Op Kruispunt,Gewestweg,binnen bebouwde kom,Tss. 2 best.: langs opzij (voor-/achterkant-flank),Geen hindernis
41549,13,Gent,Gent,51.03018,3.70146,1.4820423525542517,51.02716403057106,3.7221023346886533,2023,8,19,44021,Gent,Onbekend,Onbekend,Onbekend,met lichtgewonden,9,personenauto,3,Fiets,Op Kruispunt,Gemeenteweg,binnen bebouwde kom,Tussen 2 bestuurders: Flank tegen flank,Geen hindernis
41550,118,Gent teller 1,Gent,51.028049,3.7681359,1.7578723840756203,51.0326222093997,3.744073577755576,2023,8,17,44021,Gent,Normaal,Droog,Dag,met lichtgewonden,8,Voetganger,3,Fiets,Op Kruispunt,Gemeenteweg,binnen bebouwde kom,Met een voetganger,Geen hindernis
41550,119,Gent teller 2,Gent,51.0281795,3.7683918,1.770905342890594,51.0326222093997,3.744073577755576,2023,8,17,44021,Gent,Normaal,Droog,Dag,met lichtgewonden,8,Voetganger,3,Fiets,Op Kruispunt,Gemeenteweg,binnen bebouwde kom,Met een voetganger,Geen hindernis
41552,13,Gent,Gent,51.03018,3.70146,1.8417855655270083,51.04048724987818,3.722078607025828,2023,8,12,44021,Gent,Normaal,Droog,Dag,met zwaargewonden,5,Lichte vrachtauto,3,Fiets,Op Kruispunt,Gewestweg,binnen bebouwde kom,Tussen 2 bestuurders: Flank tegen flank,Geen hindernis
41554,118,Gent teller 1,Gent,51.028049,3.7681359,1.9477625629302802,51.03758351028509,3.7447696968308417,2023,8,17,44021,Gent,Normaal,Droog,Dag,met lichtgewonden,3,Fiets,9,personenauto,Buiten Kruispunt,Gemeenteweg,binnen bebouwde kom,Tussen 2 bestuurders: Flank tegen flank,Geen hindernis
41554,119,Gent teller 2,Gent,51.0281795,3.7683918,1.9549963465185303,51.03758351028509,3.7447696968308417,2023,8,17,44021,Gent,Normaal,Droog,Dag,met lichtgewonden,3,Fiets,9,personenauto,Buiten Kruispunt,Gemeenteweg,binnen bebouwde kom,Tussen 2 bestuurders: Flank tegen flank,Geen hindernis
41564,119,Gent teller 2,Gent,51.0281795,3.7683918,0.5618281771141714,51.02425394983648,3.7734494392625515,2023,8,11,44040,Melle,Normaal,Droog,Dag,met lichtgewonden,9,personenauto,3,Fiets,Buiten Kruispunt,Gewestweg,buiten bebouwde kom,Tussen 2 bestuurders: Flank tegen flank,Geen hindernis
41564,118,Gent teller 1,Gent,51.028049,3.7681359,0.5622945429628351,51.02425394983648,3.7734494392625515,2023,8,11,44040,Melle,Normaal,Droog,Dag,met lichtgewonden,9,personenauto,3,Fiets,Buiten Kruispunt,Gewestweg,buiten bebouwde kom,Tussen 2 bestuurders: Flank tegen flank,Geen hindernis
41569,119,Gent teller 2,Gent,51.0281795,3.7683918,1.2680358328194097,51.028758201467575,3.786500256719978,2023,8,19,44040,Melle,Normaal,Droog,Dag,met zwaargewonden,8,Voetganger,3,Fiets,Buiten Kruispunt,Gewestweg,buiten bebouwde kom,Met een voetganger,Geen vermelding van de aanwezigheid van een hindernis
41569,118,Gent teller 1,Gent,51.028049,3.7681359,1.2867188526369913,51.028758201467575,3.786500256719978,2023,8,19,44040,Melle,Normaal,Droog,Dag,met zwaargewonden,8,Voetganger,3,Fiets,Buiten Kruispunt,Gewestweg,buiten bebouwde kom,Met een voetganger,Geen vermelding van de aanwezigheid van een hindernis
41578,115,Aalter,Aalter,51.1058367,3.4350591,2.220783461320845,51.125343796973226,3.4418835922262945,2023,8,20,44084,Aalter,Normaal,Droog,Dag,met lichtgewonden,3,Fiets,10,"één bestuurder, geen hindernis",Buiten Kruispunt,Gemeenteweg,buiten bebouwde kom,"Eén bestuurder, geen hindernis (incl. val)",Geen hindernis
41615,141,Test site A support,Lokeren,51.08342085,3.9961071208376326,2.098959189879888,51.10218734209523,3.9993456021170464,2023,8,9,46014,Lokeren,Normaal,Droog,Dag,met lichtgewonden,3,Fiets,8,Voetganger,Buiten Kruispunt,Gewestweg,binnen bebouwde kom,Met een voetganger,Geen hindernis
41615,128,Lokeren teller 1,Lokeren,51.09644,3.97023,2.1311431103347456,51.10218734209523,3.9993456021170464,2023,8,9,46014,Lokeren,Normaal,Droog,Dag,met lichtgewonden,3,Fiets,8,Voetganger,Buiten Kruispunt,Gewestweg,binnen bebouwde kom,Met een voetganger,Geen hindernis
41615,129,Lokeren teller 2,Lokeren,51.09612,3.97025,2.1407635725092895,51.10218734209523,3.9993456021170464,2023,8,9,46014,Lokeren,Normaal,Droog,Dag,met lichtgewonden,3,Fiets,8,Voetganger,Buiten Kruispunt,Gewestweg,binnen bebouwde kom,Met een voetganger,Geen hindernis
41616,141,Test site A support,Lokeren,51.08342085,3.9961071208376326,1.67144385494949,51.095549698174054,4.0102437279360235,2023,8,15,46014,Lokeren,Normaal,Droog,Dag,met lichtgewonden,9,personenauto,3,Fiets,Buiten Kruispunt,Gewestweg,buiten bebouwde kom,Tss. 2 best.: langs opzij (voor-/achterkant-flank),Geen hindernis
41617,128,Lokeren teller 1,Lokeren,51.09644,3.97023,2.102183491508011,51.11230893971154,3.986595131788987,2023,8,11,46014,Lokeren,Normaal,Droog,Dag,met lichtgewonden,3,Fiets,9,personenauto,Op Kruispunt,Gewestweg,binnen bebouwde kom,Tss. 2 best.: langs opzij (voor-/achterkant-flank),Geen hindernis
41617,129,Lokeren teller 2,Lokeren,51.09612,3.97025,2.131392711126744,51.11230893971154,3.986595131788987,2023,8,11,46014,Lokeren,Normaal,Droog,Dag,met lichtgewonden,3,Fiets,9,personenauto,Op Kruispunt,Gewestweg,binnen bebouwde kom,Tss. 2 best.: langs opzij (voor-/achterkant-flank),Geen hindernis
41620,120,Zele teller 1,Zele,51.0607671,4.0547741,1.1884691850646694,51.06811403749636,4.042421907880467,2023,8,20,42028,Zele,Normaal,Droog,Dag,met lichtgewonden,3,Fiets,10,"één bestuurder, geen hindernis",Buiten Kruispunt,Gemeenteweg,binnen bebouwde kom,"Eén bestuurder, geen hindernis (incl. val)",Geen hindernis
41620,121,Zele teller 2,Zele,51.0604067,4.0556696,1.2615447692250097,51.06811403749636,4.042421907880467,2023,8,20,42028,Zele,Normaal,Droog,Dag,met lichtgewonden,3,Fiets,10,"één bestuurder, geen hindernis",Buiten Kruispunt,Gemeenteweg,binnen bebouwde kom,"Eén bestuurder, geen hindernis (incl. val)",Geen hindernis
41638,10,Aalst 2,Aalst,50.93549,4.01571,1.4845035189660978,50.947342262792226,4.025461889388569,2023,8,23,41002,Aalst,Normaal,Droog,"Nacht, openbare verlichting aanwezig en ontstoken",met lichtgewonden,3,Fiets,10,"één bestuurder, geen hindernis",Buiten Kruispunt,Gemeenteweg,binnen bebouwde kom,"Eén bestuurder, geen hindernis (incl. val)",Geen hindernis
41638,11,Aalst 3,Aalst,50.93385,4.01647,1.6271923526423506,50.947342262792226,4.025461889388569,2023,8,23,41002,Aalst,Normaal,Droog,"Nacht, openbare verlichting aanwezig en ontstoken",met lichtgewonden,3,Fiets,10,"één bestuurder, geen hindernis",Buiten Kruispunt,Gemeenteweg,binnen bebouwde kom,"Eén bestuurder, geen hindernis (incl. val)",Geen hindernis
41638,19,Aalst 1,Aalst,50.93433,4.01471,1.6312705537795653,50.947342262792226,4.025461889388569,2023,8,23,41002,Aalst,Normaal,Droog,"Nacht, openbare verlichting aanwezig en ontstoken",met lichtgewonden,3,Fiets,10,"één bestuurder, geen hindernis",Buiten Kruispunt,Gemeenteweg,binnen bebouwde kom,"Eén bestuurder, geen hindernis (incl. val)",Geen hindernis
41639,10,Aalst 2,Aalst,50.93549,4.01571,2.057427454751281,50.94591121282431,4.039973553723631,2023,8,16,41002,Aalst,Normaal,Droog,Dag,met lichtgewonden,9,personenauto,3,Fiets,Op Kruispunt,Gemeenteweg,binnen bebouwde kom,Tussen 2 bestuurders: Frontale botsing,Geen hindernis
41639,11,Aalst 3,Aalst,50.93385,4.01647,2.1238565371373044,50.94591121282431,4.039973553723631,2023,8,16,41002,Aalst,Normaal,Droog,Dag,met lichtgewonden,9,personenauto,3,Fiets,Op Kruispunt,Gemeenteweg,binnen bebouwde kom,Tussen 2 bestuurders: Frontale botsing,Geen hindernis
41639,19,Aalst 1,Aalst,50.93433,4.01471,2.1890187258307012,50.94591121282431,4.039973553723631,2023,8,16,41002,Aalst,Normaal,Droog,Dag,met lichtgewonden,9,personenauto,3,Fiets,Op Kruispunt,Gemeenteweg,binnen bebouwde kom,Tussen 2 bestuurders: Frontale botsing,Geen hindernis
41640,10,Aalst 2,Aalst,50.93549,4.01571,2.0168827000381064,50.94185271832464,4.042664853817293,2023,8,17,41002,Aalst,Normaal,Droog,Dag,met lichtgewonden,1,Autobus,3,Fiets,Op Kruispunt,Gemeenteweg,binnen bebouwde kom,Tss. 2 best.: langs opzij (voor-/achterkant-flank),Geen hindernis
41640,11,Aalst 3,Aalst,50.93385,4.01647,2.0398297836679404,50.94185271832464,4.042664853817293,2023,8,17,41002,Aalst,Normaal,Droog,Dag,met lichtgewonden,1,Autobus,3,Fiets,Op Kruispunt,Gemeenteweg,binnen bebouwde kom,Tss. 2 best.: langs opzij (voor-/achterkant-flank),Geen hindernis
41640,19,Aalst 1,Aalst,50.93433,4.01471,2.129943283773576,50.94185271832464,4.042664853817293,2023,8,17,41002,Aalst,Normaal,Droog,Dag,met lichtgewonden,1,Autobus,3,Fiets,Op Kruispunt,Gemeenteweg,binnen bebouwde kom,Tss. 2 best.: langs opzij (voor-/achterkant-flank),Geen hindernis
41642,19,Aalst 1,Aalst,50.93433,4.01471,0.9928447071952119,50.93587769602219,4.000756167859027,2023,8,17,41002,Aalst,Onbekend,Droog,Dag,met lichtgewonden,9,personenauto,3,Fiets,Buiten Kruispunt,Gemeenteweg,binnen bebouwde kom,Tussen 2 bestuurders: Frontale botsing,Geen hindernis
41642,10,Aalst 2,Aalst,50.93549,4.01571,1.048764123481892,50.93587769602219,4.000756167859027,2023,8,17,41002,Aalst,Onbekend,Droog,Dag,met lichtgewonden,9,personenauto,3,Fiets,Buiten Kruispunt,Gemeenteweg,binnen bebouwde kom,Tussen 2 bestuurders: Frontale botsing,Geen hindernis
41642,11,Aalst 3,Aalst,50.93385,4.01647,1.123999819580688,50.93587769602219,4.000756167859027,2023,8,17,41002,Aalst,Onbekend,Droog,Dag,met lichtgewonden,9,personenauto,3,Fiets,Buiten Kruispunt,Gemeenteweg,binnen bebouwde kom,Tussen 2 bestuurders: Frontale botsing,Geen hindernis
41643,11,Aalst 3,Aalst,50.93385,4.01647,1.4659970425478128,50.927875187062725,4.035117063841619,2023,8,7,41002,Aalst,Normaal,Droog,Dag,met lichtgewonden,9,personenauto,3,Fiets,Buiten Kruispunt,Gewestweg,binnen bebouwde kom,Tss. 2 best.: langs opzij (voor-/achterkant-flank),Geen hindernis
41643,19,Aalst 1,Aalst,50.93433,4.01471,1.6001504751415496,50.927875187062725,4.035117063841619,2023,8,7,41002,Aalst,Normaal,Droog,Dag,met lichtgewonden,9,personenauto,3,Fiets,Buiten Kruispunt,Gewestweg,binnen bebouwde kom,Tss. 2 best.: langs opzij (voor-/achterkant-flank),Geen hindernis
41643,10,Aalst 2,Aalst,50.93549,4.01571,1.6020889266117988,50.927875187062725,4.035117063841619,2023,8,7,41002,Aalst,Normaal,Droog,Dag,met lichtgewonden,9,personenauto,3,Fiets,Buiten Kruispunt,Gewestweg,binnen bebouwde kom,Tss. 2 best.: langs opzij (voor-/achterkant-flank),Geen hindernis