crash_row_id,site_id,site_name,site_gemeente,site_lat,site_long,distance_km,crash_lat,crash_long,DT_YEAR_COLLISION,DT_MONTH_COLLISION,DT_TIME,CD_NIS,TX_MUNTY_COLLISION_NL,TX_WEATHER_NL,TX_ROAD_CONDITION_NL,TX_LIGHT_CONDITION_NL,TX_CLASS_ACCIDENTS_NL,CD_ROAD_USR_TYPE1,TX_ROAD_USR_TYPE1_NL,CD_ROAD_USR_TYPE2,TX_ROAD_USR_TYPE2_NL,TX_CROSSWAY_NL,CD_ROAD_TYPE_NL,TX_BUILD_UP_AREA_NL,TX_COLLISION_TYPE_NL,TX_OBSTACLES_NL
41644,10,Aalst 2,Aalst,50.93549,4.01571,0.6999139775798093,50.941660970714764,4.017679035057154,2023,8,13,41002,Aalst,Normaal,Droog,Dag,met lichtgewonden,9,personenauto,3,Fiets,Op Kruispunt,Gewestweg,binnen bebouwde kom,Tss. 2 best.: langs opzij (voor-/achterkant-flank),Geen hindernis
41644,19,Aalst 1,Aalst,50.93433,4.01471,0.8412957087439207,50.941660970714764,4.017679035057154,2023,8,13,41002,Aalst,Normaal,Droog,Dag,met lichtgewonden,9,personenauto,3,Fiets,Op Kruispunt,Gewestweg,binnen bebouwde kom,Tss. 2 best.: langs opzij (voor-/achterkant-flank),Geen hindernis
41644,11,Aalst 3,Aalst,50.93385,4.01647,0.8726622967477079,50.941660970714764,4.017679035057154,2023,8,13,41002,Aalst,Normaal,Droog,Dag,met lichtgewonden,9,personenauto,3,Fiets,Op Kruispunt,Gewestweg,binnen bebouwde kom,Tss. 2 best.: langs opzij (voor-/achterkant-flank),Geen hindernis
41646,11,Aalst 3,Aalst,50.93385,4.01647,1.1009060954072674,50.930988370188814,4.03150897911557,2023,8,11,41002,Aalst,Normaal,Droog,Dag,met lichtgewonden,3,Fiets,9,personenauto,Op Kruispunt,Gewestweg,binnen bebouwde kom,Tss. 2 best.: langs opzij (voor-/achterkant-flank),Geen hindernis
41646,10,Aalst 2,Aalst,50.93549,4.01571,1.215055378277397,50.930988370188814,4.03150897911557,2023,8,11,41002,Aalst,Normaal,Droog,Dag,met lichtgewonden,3,Fiets,9,personenauto,Op Kruispunt,Gewestweg,binnen bebouwde kom,Tss. 2 best.: langs opzij (voor-/achterkant-flank),Geen hindernis
41646,19,Aalst 1,Aalst,50.93433,4.01471,1.2344986811696854,50.930988370188814,4.03150897911557,2023,8,11,41002,Aalst,Normaal,Droog,Dag,met lichtgewonden,3,Fiets,9,personenauto,Op Kruispunt,Gewestweg,binnen bebouwde kom,Tss. 2 best.: langs opzij (voor-/achterkant-flank),Geen hindernis
41647,152,Opwijk,District Vilvoorde-gewestwegen,50.968901168564656,4.149169474840164,2.199536797882879,50.949142170634545,4.147691724697704,2023,8,7,41002,Aalst,Normaal,Droog,Dag,met lichtgewonden,9,personenauto,3,Fiets,Op Kruispunt,Gemeenteweg,binnen bebouwde kom,Tss. 2 best.: langs opzij (voor-/achterkant-flank),Geen hindernis
41648,10,Aalst 2,Aalst,50.93549,4.01571,1.5686546951354212,50.939864242491076,4.036993230646003,2023,8,17,41002,Aalst,Onbekend,Onbekend,Onbekend,met lichtgewonden,3,Fiets,3,Fiets,Op Kruispunt,Gemeenteweg,onbekend,Tss. 2 best.: langs opzij (voor-/achterkant-flank),Geen hindernis
41648,11,Aalst 3,Aalst,50.93385,4.01647,1.586000820715108,50.939864242491076,4.036993230646003,2023,8,17,41002,Aalst,Onbekend,Onbekend,Onbekend,met lichtgewonden,3,Fiets,3,Fiets,Op Kruispunt,Gemeenteweg,onbekend,Tss. 2 best.: langs opzij (voor-/achterkant-flank),Geen hindernis
41648,19,Aalst 1,Aalst,50.93433,4.01471,1.6783211571086762,50.939864242491076,4.036993230646003,2023,8,17,41002,Aalst,Onbekend,Onbekend,Onbekend,met lichtgewonden,3,Fiets,3,Fiets,Op Kruispunt,Gemeenteweg,onbekend,Tss. 2 best.: langs opzij (voor-/achterkant-flank),Geen hindernis
41662,122,Dendermonde teller 2,Dendermonde,51.0373918,4.1019222,1.7202963636580042,51.02262406579818,4.094589738247038,2023,8,10,42006,Dendermonde,Normaal,Droog,Dag,met zwaargewonden,9,personenauto,3,Fiets,Buiten Kruispunt,Gemeenteweg,binnen bebouwde kom,Tussen 2 bestuurders: Flank tegen flank,Geen hindernis
41662,125,Dendermonde totem,Dendermonde,51.0372706,4.1025998,1.7222611300474082,51.02262406579818,4.094589738247038,2023,8,10,42006,Dendermonde,Normaal,Droog,Dag,met zwaargewonden,9,personenauto,3,Fiets,Buiten Kruispunt,Gemeenteweg,binnen bebouwde kom,Tussen 2 bestuurders: Flank tegen flank,Geen hindernis
41663,125,Dendermonde totem,Dendermonde,51.0372706,4.1025998,1.5361688650965735,51.023774327136394,4.097907752121828,2023,8,19,42006,Dendermonde,Normaal,Droog,Dag,met lichtgewonden,9,personenauto,3,Fiets,Buiten Kruispunt,Gemeenteweg,binnen bebouwde kom,Tussen 2 bestuurders: Langs achteren,Geen hindernis
41663,122,Dendermonde teller 2,Dendermonde,51.0373918,4.1019222,1.539998426442669,51.023774327136394,4.097907752121828,2023,8,19,42006,Dendermonde,Normaal,Droog,Dag,met lichtgewonden,9,personenauto,3,Fiets,Buiten Kruispunt,Gemeenteweg,binnen bebouwde kom,Tussen 2 bestuurders: Langs achteren,Geen hindernis
41665,142,TEST Validatie BRUGGE Y2H22022134,Brugge,51.22632,3.24095,2.182922773955517,51.210119887060856,3.2232470123174495,2023,8,8,31005,Brugge,Normaal,"Nat, plassen",Dag,met lichtgewonden,3,Fiets,10,"één bestuurder, geen hindernis",Buiten Kruispunt,Gemeenteweg,binnen bebouwde kom,"Eén bestuurder, geen hindernis (incl. val)",Geen hindernis
41665,52,Brugge,Brugge,51.22632,3.24095,2.182922773955517,51.210119887060856,3.2232470123174495,2023,8,8,31005,Brugge,Normaal,"Nat, plassen",Dag,met lichtgewonden,3,Fiets,10,"één bestuurder, geen hindernis",Buiten Kruispunt,Gemeenteweg,binnen bebouwde kom,"Eén bestuurder, geen hindernis (incl. val)",Geen hindernis
41665,54,Brugge teller 2,Brugge,51.23015,3.22818,2.2535882446025894,51.210119887060856,3.2232470123174495,2023,8,8,31005,Brugge,Normaal,"Nat, plassen",Dag,met lichtgewonden,3,Fiets,10,"één bestuurder, geen hindernis",Buiten Kruispunt,Gemeenteweg,binnen bebouwde kom,"Eén bestuurder, geen hindernis (incl. val)",Geen hindernis
41665,53,Brugge teller 1,Brugge,51.23023,3.228,2.260510508565051,51.210119887060856,3.2232470123174495,2023,8,8,31005,Brugge,Normaal,"Nat, plassen",Dag,met lichtgewonden,3,Fiets,10,"één bestuurder, geen hindernis",Buiten Kruispunt,Gemeenteweg,binnen bebouwde kom,"Eén bestuurder, geen hindernis (incl. val)",Geen hindernis
41666,53,Brugge teller 1,Brugge,51.23023,3.228,1.7386640600120316,51.2207163964441,3.208185572399339,2023,8,17,31005,Brugge,Normaal,Droog,Dag,met lichtgewonden,3,Fiets,3,Fiets,Buiten Kruispunt,Gewestweg,binnen bebouwde kom,Tussen 2 bestuurders: Flank tegen flank,Geen hindernis
41666,54,Brugge teller 2,Brugge,51.23015,3.22818,1.7432619937806233,51.2207163964441,3.208185572399339,2023,8,17,31005,Brugge,Normaal,Droog,Dag,met lichtgewonden,3,Fiets,3,Fiets,Buiten Kruispunt,Gewestweg,binnen bebouwde kom,Tussen 2 bestuurders: Flank tegen flank,Geen hindernis
41666,52,Brugge,Brugge,51.22632,3.24095,2.3652493473951344,51.2207163964441,3.208185572399339,2023,8,17,31005,Brugge,Normaal,Droog,Dag,met lichtgewonden,3,Fiets,3,Fiets,Buiten Kruispunt,Gewestweg,binnen bebouwde kom,Tussen 2 bestuurders: Flank tegen flank,Geen hindernis
41666,142,TEST Validatie BRUGGE Y2H22022134,Brugge,51.22632,3.24095,2.3652493473951344,51.2207163964441,3.208185572399339,2023,8,17,31005,Brugge,Normaal,Droog,Dag,met lichtgewonden,3,Fiets,3,Fiets,Buiten Kruispunt,Gewestweg,binnen bebouwde kom,Tussen 2 bestuurders: Flank tegen flank,Geen hindernis
41667,54,Brugge teller 2,Brugge,51.23015,3.22818,1.2369838899894672,51.221075174056246,3.217905632148671,2023,8,16,31005,Brugge,Normaal,Droog,Dag,met lichtgewonden,9,personenauto,3,Fiets,Op Kruispunt,Gewestweg,binnen bebouwde kom,Tss. 2 best.: langs opzij (voor-/achterkant-flank),Geen hindernis
41667,53,Brugge teller 1,Brugge,51.23023,3.228,1.2370856747697239,51.221075174056246,3.217905632148671,2023,8,16,31005,Brugge,Normaal,Droog,Dag,met lichtgewonden,9,personenauto,3,Fiets,Op Kruispunt,Gewestweg,binnen bebouwde kom,Tss. 2 best.: langs opzij (voor-/achterkant-flank),Geen hindernis
41667,52,Brugge,Brugge,51.22632,3.24095,1.7074787883958418,51.221075174056246,3.217905632148671,2023,8,16,31005,Brugge,Normaal,Droog,Dag,met lichtgewonden,9,personenauto,3,Fiets,Op Kruispunt,Gewestweg,binnen bebouwde kom,Tss. 2 best.: langs opzij (voor-/achterkant-flank),Geen hindernis
41667,142,TEST Validatie BRUGGE Y2H22022134,Brugge,51.22632,3.24095,1.7074787883958418,51.221075174056246,3.217905632148671,2023,8,16,31005,Brugge,Normaal,Droog,Dag,met lichtgewonden,9,personenauto,3,Fiets,Op Kruispunt,Gewestweg,binnen bebouwde kom,Tss. 2 best.: langs opzij (voor-/achterkant-flank),Geen hindernis
41668,54,Brugge teller 2,Brugge,51.23015,3.22818,1.0026552467209733,51.22219220518474,3.2214087807503353,2023,8,14,31005,Brugge,Normaal,Droog,Dag,met lichtgewonden,6,Bromfiets,3,Fiets,Op Kruispunt,Gewestweg,binnen bebouwde kom,Tss. 2 best.: langs opzij (voor-/achterkant-flank),Geen hindernis
41668,53,Brugge teller 1,Brugge,51.23023,3.228,1.0047267580103636,51.22219220518474,3.2214087807503353,2023,8,14,31005,Brugge,Normaal,Droog,Dag,met lichtgewonden,6,Bromfiets,3,Fiets,Op Kruispunt,Gewestweg,binnen bebouwde kom,Tss. 2 best.: langs opzij (voor-/achterkant-flank),Geen hindernis
41668,52,Brugge,Brugge,51.22632,3.24095,1.4361422254420757,51.22219220518474,3.2214087807503353,2023,8,14,31005,Brugge,Normaal,Droog,Dag,met lichtgewonden,6,Bromfiets,3,Fiets,Op Kruispunt,Gewestweg,binnen bebouwde kom,Tss. 2 best.: langs opzij (voor-/achterkant-flank),Geen hindernis
41668,142,TEST Validatie BRUGGE Y2H22022134,Brugge,51.22632,3.24095,1.4361422254420757,51.22219220518474,3.2214087807503353,2023,8,14,31005,Brugge,Normaal,Droog,Dag,met lichtgewonden,6,Bromfiets,3,Fiets,Op Kruispunt,Gewestweg,binnen bebouwde kom,Tss. 2 best.: langs opzij (voor-/achterkant-flank),Geen hindernis
41670,53,Brugge teller 1,Brugge,51.23023,3.228,1.6958509488349334,51.221960656822525,3.207537420227415,2023,8,17,31005,Brugge,Normaal,Droog,Dag,met lichtgewonden,9,personenauto,3,Fiets,Buiten Kruispunt,Gewestweg,binnen bebouwde kom,Tss. 2 best.: langs opzij (voor-/achterkant-flank),Geen hindernis
41670,54,Brugge teller 2,Brugge,51.23015,3.22818,1.7016205120086199,51.221960656822525,3.207537420227415,2023,8,17,31005,Brugge,Normaal,Droog,Dag,met lichtgewonden,9,personenauto,3,Fiets,Buiten Kruispunt,Gewestweg,binnen bebouwde kom,Tss. 2 best.: langs opzij (voor-/achterkant-flank),Geen hindernis
41670,52,Brugge,Brugge,51.22632,3.24095,2.3767624643207697,51.221960656822525,3.207537420227415,2023,8,17,31005,Brugge,Normaal,Droog,Dag,met lichtgewonden,9,personenauto,3,Fiets,Buiten Kruispunt,Gewestweg,binnen bebouwde kom,Tss. 2 best.: langs opzij (voor-/achterkant-flank),Geen hindernis
41670,142,TEST Validatie BRUGGE Y2H22022134,Brugge,51.22632,3.24095,2.3767624643207697,51.221960656822525,3.207537420227415,2023,8,17,31005,Brugge,Normaal,Droog,Dag,met lichtgewonden,9,personenauto,3,Fiets,Buiten Kruispunt,Gewestweg,binnen bebouwde kom,Tss. 2 best.: langs opzij (voor-/achterkant-flank),Geen hindernis
41673,20,Brugge,Brugge,51.17416,3.20048,1.388759543807756,51.18513518883376,3.209988611432741,2023,8,8,31005,Brugge,Normaal,Droog,Dag,met lichtgewonden,9,personenauto,3,Fiets,Op Kruispunt,Gemeenteweg,binnen bebouwde kom,Tss. 2 best.: langs opzij (voor-/achterkant-flank),Geen hindernis
41674,142,TEST Validatie BRUGGE Y2H22022134,Brugge,51.22632,3.24095,2.4703781780110776,51.204347260419155,3.235708917270184,2023,8,16,31005,Brugge,Normaal,Droog,Dag,met lichtgewonden,3,Fiets,8,Voetganger,Buiten Kruispunt,Gemeenteweg,binnen bebouwde kom,Met een voetganger,Geen hindernis
41674,52,Brugge,Brugge,51.22632,3.24095,2.4703781780110776,51.204347260419155,3.235708917270184,2023,8,16,31005,Brugge,Normaal,Droog,Dag,met lichtgewonden,3,Fiets,8,Voetganger,Buiten Kruispunt,Gemeenteweg,binnen bebouwde kom,Met een voetganger,Geen hindernis
41675,142,TEST Validatie BRUGGE Y2H22022134,Brugge,51.22632,3.24095,1.0043498088703238,51.22078122153177,3.2295577546493948,2023,8,16,31005,Brugge,Normaal,Droog,Dag,met lichtgewonden,3,Fiets,3,Fiets,Buiten Kruispunt,Gewestweg,binnen bebouwde kom,Tss. 2 best.: langs opzij (voor-/achterkant-flank),Geen hindernis
41675,52,Brugge,Brugge,51.22632,3.24095,1.0043498088703238,51.22078122153177,3.2295577546493948,2023,8,16,31005,Brugge,Normaal,Droog,Dag,met lichtgewonden,3,Fiets,3,Fiets,Buiten Kruispunt,Gewestweg,binnen bebouwde kom,Tss. 2 best.: langs opzij (voor-/achterkant-flank),Geen hindernis
41675,54,Brugge teller 2,Brugge,51.23015,3.22818,1.0461692628961943,51.22078122153177,3.2295577546493948,2023,8,16,31005,Brugge,Normaal,Droog,Dag,met lichtgewonden,3,Fiets,3,Fiets,Buiten Kruispunt,Gewestweg,binnen bebouwde kom,Tss. 2 best.: langs opzij (voor-/achterkant-flank),Geen hindernis
41675,53,Brugge teller 1,Brugge,51.23023,3.228,1.0562413109300794,51.22078122153177,3.2295577546493948,2023,8,16,31005,Brugge,Normaal,Droog,Dag,met lichtgewonden,3,Fiets,3,Fiets,Buiten Kruispunt,Gewestweg,binnen bebouwde kom,Tss. 2 best.: langs opzij (voor-/achterkant-flank),Geen hindernis
41676,142,TEST Validatie BRUGGE Y2H22022134,Brugge,51.22632,3.24095,1.57727897757268,51.21418166871123,3.2526684588949104,2023,8,15,31005,Brugge,Normaal,Droog,Dag,met zwaargewonden,3,Fiets,5,Lichte vrachtauto,Buiten Kruispunt,Gemeenteweg,binnen bebouwde kom,Tussen 2 bestuurders: Flank tegen flank,Geen hindernis
41676,52,Brugge,Brugge,51.22632,3.24095,1.57727897757268,51.21418166871123,3.2526684588949104,2023,8,15,31005,Brugge,Normaal,Droog,Dag,met zwaargewonden,3,Fiets,5,Lichte vrachtauto,Buiten Kruispunt,Gemeenteweg,binnen bebouwde kom,Tussen 2 bestuurders: Flank tegen flank,Geen hindernis
41676,54,Brugge teller 2,Brugge,51.23015,3.22818,2.4619485869089948,51.21418166871123,3.2526684588949104,2023,8,15,31005,Brugge,Normaal,Droog,Dag,met zwaargewonden,3,Fiets,5,Lichte vrachtauto,Buiten Kruispunt,Gemeenteweg,binnen bebouwde kom,Tussen 2 bestuurders: Flank tegen flank,Geen hindernis
41676,53,Brugge teller 1,Brugge,51.23023,3.228,2.4770483326464037,51.21418166871123,3.2526684588949104,2023,8,15,31005,Brugge,Normaal,Droog,Dag,met zwaargewonden,3,Fiets,5,Lichte vrachtauto,Buiten Kruispunt,Gemeenteweg,binnen bebouwde kom,Tussen 2 bestuurders: Flank tegen flank,Geen hindernis
41678,54,Brugge teller 2,Brugge,51.23015,3.22818,1.828951850623245,51.216071383458925,3.214600065690862,2023,8,9,31005,Brugge,Normaal,Droog,Dag,met lichtgewonden,3,Fiets,9,personenauto,Buiten Kruispunt,Gemeenteweg,binnen bebouwde kom,Tss. 2 best.: langs opzij (voor-/achterkant-flank),Geen hindernis
41678,53,Brugge teller 1,Brugge,51.23023,3.228,1.8301480334550262,51.216071383458925,3.214600065690862,2023,8,9,31005,Brugge,Normaal,Droog,Dag,met lichtgewonden,3,Fiets,9,personenauto,Buiten Kruispunt,Gemeenteweg,binnen bebouwde kom,Tss. 2 best.: langs opzij (voor-/achterkant-flank),Geen hindernis
41678,52,Brugge,Brugge,51.22632,3.24095,2.1601468377048705,51.216071383458925,3.214600065690862,2023,8,9,31005,Brugge,Normaal,Droog,Dag,met lichtgewonden,3,Fiets,9,personenauto,Buiten Kruispunt,Gemeenteweg,binnen bebouwde kom,Tss. 2 best.: langs opzij (voor-/achterkant-flank),Geen hindernis
41678,142,TEST Validatie BRUGGE Y2H22022134,Brugge,51.22632,3.24095,2.1601468377048705,51.216071383458925,3.214600065690862,2023,8,9,31005,Brugge,Normaal,Droog,Dag,met lichtgewonden,3,Fiets,9,personenauto,Buiten Kruispunt,Gemeenteweg,binnen bebouwde kom,Tss. 2 best.: langs opzij (voor-/achterkant-flank),Geen hindernis
41682,54,Brugge teller 2,Brugge,51.23015,3.22818,1.2369838899894672,51.221075174056246,3.217905632148671,2023,8,20,31005,Brugge,Normaal,Droog,Dag,met lichtgewonden,9,personenauto,3,Fiets,Op Kruispunt,Gewestweg,binnen bebouwde kom,Tussen 2 bestuurders: Frontale botsing,Geen hindernis
41682,53,Brugge teller 1,Brugge,51.23023,3.228,1.2370856747697239,51.221075174056246,3.217905632148671,2023,8,20,31005,Brugge,Normaal,Droog,Dag,met lichtgewonden,9,personenauto,3,Fiets,Op Kruispunt,Gewestweg,binnen bebouwde kom,Tussen 2 bestuurders: Frontale botsing,Geen hindernis
41682,52,Brugge,Brugge,51.22632,3.24095,1.7074787883958418,51.221075174056246,3.217905632148671,2023,8,20,31005,Brugge,Normaal,Droog,Dag,met lichtgewonden,9,personenauto,3,Fiets,Op Kruispunt,Gewestweg,binnen bebouwde kom,Tussen 2 bestuurders: Frontale botsing,Geen hindernis
41682,142,TEST Validatie BRUGGE Y2H22022134,Brugge,51.22632,3.24095,1.7074787883958418,51.221075174056246,3.217905632148671,2023,8,20,31005,Brugge,Normaal,Droog,Dag,met lichtgewonden,9,personenauto,3,Fiets,Op Kruispunt,Gewestweg,binnen bebouwde kom,Tussen 2 bestuurders: Frontale botsing,Geen hindernis
41707,20,Brugge,Brugge,51.17416,3.20048,2.3003086146700413,51.17601441385602,3.233344075340185,2023,8,17,31022,Oostkamp,Normaal,Droog,Dag,met lichtgewonden,3,Fiets,9,personenauto,Buiten Kruispunt,Gewestweg,binnen bebouwde kom,Tss. 2 best.: langs opzij (voor-/achterkant-flank),Geen hindernis
41714,18,Oostende 1,Oostende,51.21378,2.92765,2.4872387644671132,51.23516016050449,2.9171516074594304,2023,8,18,35013,Oostende,Normaal,Droog,Dag,met lichtgewonden,3,Fiets,8,Voetganger,Buiten Kruispunt,Gewestweg,binnen bebouwde kom,Met een voetganger,Geen hindernis
41714,15,Oostende 2,Oostende,51.21371,2.92743,2.490233073021834,51.23516016050449,2.9171516074594304,2023,8,18,35013,Oostende,Normaal,Droog,Dag,met lichtgewonden,3,Fiets,8,Voetganger,Buiten Kruispunt,Gewestweg,binnen bebouwde kom,Met een voetganger,Geen hindernis
41715,18,Oostende 1,Oostende,51.21378,2.92765,0.16496612235820315,51.21526355371418,2.9276629759582278,2023,8,18,35013,Oostende,Normaal,Droog,Dag,met lichtgewonden,3,Fiets,6,Bromfiets,Op Kruispunt,Gewestweg,binnen bebouwde kom,Tussen 2 bestuurders: Frontale botsing,Geen hindernis
41715,15,Oostende 2,Oostende,51.21371,2.92743,0.17350780811272007,51.21526355371418,2.9276629759582278,2023,8,18,35013,Oostende,Normaal,Droog,Dag,met lichtgewonden,3,Fiets,6,Bromfiets,Op Kruispunt,Gewestweg,binnen bebouwde kom,Tussen 2 bestuurders: Frontale botsing,Geen hindernis
41717,18,Oostende 1,Oostende,51.21378,2.92765,2.132328296231808,51.22120496084085,2.955877457478146,2023,7,16,35013,Oostende,Normaal,Droog,Dag,met lichtgewonden,6,Bromfiets,3,Fiets,Buiten Kruispunt,Gewestweg,binnen bebouwde kom,Tussen 2 bestuurders: Frontale botsing,Geen hindernis
41717,15,Oostende 2,Oostende,51.21371,2.92743,2.1494713370759047,51.22120496084085,2.955877457478146,2023,7,16,35013,Oostende,Normaal,Droog,Dag,met lichtgewonden,6,Bromfiets,3,Fiets,Buiten Kruispunt,Gewestweg,binnen bebouwde kom,Tussen 2 bestuurders: Frontale botsing,Geen hindernis
41719,18,Oostende 1,Oostende,51.21378,2.92765,2.4703244638160116,51.221480293696864,2.960919770480414,2023,8,16,35002,Bredene,Normaal,Droog,Dag,met lichtgewonden,3,Fiets,9,personenauto,Op Kruispunt,Gemeenteweg,binnen bebouwde kom,Tussen 2 bestuurders: Frontale botsing,Geen hindernis
41719,15,Oostende 2,Oostende,51.21371,2.92743,2.4873976133268036,51.221480293696864,2.960919770480414,2023,8,16,35002,Bredene,Normaal,Droog,Dag,met lichtgewonden,3,Fiets,9,personenauto,Op Kruispunt,Gemeenteweg,binnen bebouwde kom,Tussen 2 bestuurders: Frontale botsing,Geen hindernis
41731,55,Torhout teller 1,Torhout,51.07161,3.08261,0.6463955917074021,51.068927768891356,3.090817605978924,2023,8,11,31033,Torhout,Normaal,Droog,Dag,met lichtgewonden,3,Fiets,9,personenauto,Op Kruispunt,Gewestweg,buiten bebouwde kom,Tss. 2 best.: langs opzij (voor-/achterkant-flank),Geen hindernis
41731,56,Torhout teller 2,Torhout,51.07147,3.08244,0.6500380159229286,51.068927768891356,3.090817605978924,2023,8,11,31033,Torhout,Normaal,Droog,Dag,met lichtgewonden,3,Fiets,9,personenauto,Op Kruispunt,Gewestweg,buiten bebouwde kom,Tss. 2 best.: langs opzij (voor-/achterkant-flank),Geen hindernis
41733,55,Torhout teller 1,Torhout,51.07161,3.08261,1.2081129660982095,51.075799101732976,3.098564855574863,2023,8,17,31033,Torhout,Normaal,Droog,Dag,met lichtgewonden,3,Fiets,2,Andere weggebruiker,Buiten Kruispunt,Gemeenteweg,binnen bebouwde kom,Tussen 2 bestuurders: Langs achteren,Geen hindernis
41733,56,Torhout teller 2,Torhout,51.07147,3.08244,1.2251146961662294,51.075799101732976,3.098564855574863,2023,8,17,31033,Torhout,Normaal,Droog,Dag,met lichtgewonden,3,Fiets,2,Andere weggebruiker,Buiten Kruispunt,Gemeenteweg,binnen bebouwde kom,Tussen 2 bestuurders: Langs achteren,Geen hindernis
41738,55,Torhout teller 1,Torhout,51.07161,3.08261,2.0543572795760565,51.08826947579808,3.0698960536253477,2023,8,16,31033,Torhout,Normaal,Droog,Dag,met lichtgewonden,3,Fiets,3,Fiets,Buiten Kruispunt,Gemeenteweg,binnen bebouwde kom,Tussen 2 bestuurders: Frontale botsing,Geen hindernis
41738,56,Torhout teller 2,Torhout,51.07147,3.08244,2.063334682845534,51.08826947579808,3.0698960536253477,2023,8,16,31033,Torhout,Normaal,Droog,Dag,met lichtgewonden,3,Fiets,3,Fiets,Buiten Kruispunt,Gemeenteweg,binnen bebouwde kom,Tussen 2 bestuurders: Frontale botsing,Geen hindernis
41739,84,Roeselare totem,Izegem,50.91717,3.18772,1.603346491467862,50.91888285053504,3.2104300696877255,2023,8,7,36008,Izegem,Normaal,Droog,Dag,met lichtgewonden,9,personenauto,3,Fiets,Op Kruispunt,Gewestweg,binnen bebouwde kom,Tussen 2 bestuurders: Frontale botsing,Geen hindernis
41742,84,Roeselare totem,Izegem,50.91717,3.18772,1.6777922625442616,50.920471575058215,3.211074412559759,2023,8,18,36008,Izegem,Normaal,Droog,Dag,met lichtgewonden,9,personenauto,3,Fiets,Op Kruispunt,Gemeenteweg,binnen bebouwde kom,Tss. 2 best.: langs opzij (voor-/achterkant-flank),Geen hindernis
41746,84,Roeselare totem,Izegem,50.91717,3.18772,2.1547297650739443,50.9247347071456,3.2160205004715174,2023,8,15,36008,Izegem,Normaal,Droog,Dag,met zwaargewonden,5,Lichte vrachtauto,3,Fiets,Buiten Kruispunt,Gemeenteweg,binnen bebouwde kom,Tss. 2 best.: langs opzij (voor-/achterkant-flank),Geen hindernis
41749,84,Roeselare totem,Izegem,50.91717,3.18772,1.7263896924012905,50.91647168795487,3.2123216875282705,2023,8,16,36008,Izegem,Normaal,Droog,Dag,met lichtgewonden,3,Fiets,10,"één bestuurder, geen hindernis",Buiten Kruispunt,Gemeenteweg,binnen bebouwde kom,"Eén bestuurder, geen hindernis (incl. val)",Geen hindernis
41752,84,Roeselare totem,Izegem,50.91717,3.18772,0.5501225885770971,50.91560651123076,3.1951651516201682,2023,8,20,36008,Izegem,Normaal,Droog,Dag,met lichtgewonden,7,Motorfiets,3,Fiets,Buiten Kruispunt,Gewestweg,buiten bebouwde kom,Tss. 2 best.: langs opzij (voor-/achterkant-flank),Geen hindernis
41754,84,Roeselare totem,Izegem,50.91717,3.18772,2.4541444439831133,50.91097338784087,3.2213177905364847,2023,8,12,36008,Izegem,Normaal,Droog,Dag,met lichtgewonden,3,Fiets,9,personenauto,Buiten Kruispunt,Gemeenteweg,binnen bebouwde kom,Tussen 2 bestuurders: Langs achteren,Geen hindernis
41756,84,Roeselare totem,Izegem,50.91717,3.18772,0.8305436173908228,50.92305333485597,3.195019706199653,2023,8,17,36008,Izegem,Normaal,Droog,Dag,met lichtgewonden,3,Fiets,8,Voetganger,Buiten Kruispunt,Gewestweg,binnen bebouwde kom,Met een voetganger,Geen hindernis
41771,143,Eco Display Classic Budastraat,Kortrijk,50.83066,3.26286,0.34058314609052576,50.829477015465066,3.2673330313338846,2023,8,13,34022,Kortrijk,Normaal,Droog,Dag,met lichtgewonden,3,Fiets,9,personenauto,Buiten Kruispunt,Gewestweg,binnen bebouwde kom,Tss. 2 best.: langs opzij (voor-/achterkant-flank),Geen hindernis
41771,16,Kortrijk 1,Kortrijk,50.83332,3.27777,0.8484652210157109,50.829477015465066,3.2673330313338846,2023,8,13,34022,Kortrijk,Normaal,Droog,Dag,met lichtgewonden,3,Fiets,9,personenauto,Buiten Kruispunt,Gewestweg,binnen bebouwde kom,Tss. 2 best.: langs opzij (voor-/achterkant-flank),Geen hindernis
41771,17,Kortrijk 2,Kortrijk,50.83339,3.27773,0.8499969201866684,50.829477015465066,3.2673330313338846,2023,8,13,34022,Kortrijk,Normaal,Droog,Dag,met lichtgewonden,3,Fiets,9,personenauto,Buiten Kruispunt,Gewestweg,binnen bebouwde kom,Tss. 2 best.: langs opzij (voor-/achterkant-flank),Geen hindernis
41771,75,Kortrijk teller 2,Kortrijk,50.81925,3.25731,1.3374874141715722,50.829477015465066,3.2673330313338846,2023,8,13,34022,Kortrijk,Normaal,Droog,Dag,met lichtgewonden,3,Fiets,9,personenauto,Buiten Kruispunt,Gewestweg,binnen bebouwde kom,Tss. 2 best.: langs opzij (voor-/achterkant-flank),Geen hindernis
41771,74,Kortrijk teller 1,Kortrijk,50.81909,3.25728,1.353745332572479,50.829477015465066,3.2673330313338846,2023,8,13,34022,Kortrijk,Normaal,Droog,Dag,met lichtgewonden,3,Fiets,9,personenauto,Buiten Kruispunt,Gewestweg,binnen bebouwde kom,Tss. 2 best.: langs opzij (voor-/achterkant-flank),Geen hindernis
41772,143,Eco Display Classic Budastraat,Kortrijk,50.83066,3.26286,0.3090229900105286,50.83088977813185,3.2672449560949657,2023,8,14,34022,Kortrijk,Normaal,Droog,Dag,met lichtgewonden,9,personenauto,3,Fiets,Op Kruispunt,Gemeenteweg,binnen bebouwde kom,Tss. 2 best.: langs opzij (voor-/achterkant-flank),Geen hindernis
41772,16,Kortrijk 1,Kortrijk,50.83332,3.27777,0.787022078325944,50.83088977813185,3.2672449560949657,2023,8,14,34022,Kortrijk,Normaal,Droog,Dag,met lichtgewonden,9,personenauto,3,Fiets,Op Kruispunt,Gemeenteweg,binnen bebouwde kom,Tss. 2 best.: langs opzij (voor-/achterkant-flank),Geen hindernis