crash_row_id,site_id,site_name,site_gemeente,site_lat,site_long,distance_km,crash_lat,crash_long,DT_YEAR_COLLISION,DT_MONTH_COLLISION,DT_TIME,CD_NIS,TX_MUNTY_COLLISION_NL,TX_WEATHER_NL,TX_ROAD_CONDITION_NL,TX_LIGHT_CONDITION_NL,TX_CLASS_ACCIDENTS_NL,CD_ROAD_USR_TYPE1,TX_ROAD_USR_TYPE1_NL,CD_ROAD_USR_TYPE2,TX_ROAD_USR_TYPE2_NL,TX_CROSSWAY_NL,CD_ROAD_TYPE_NL,TX_BUILD_UP_AREA_NL,TX_COLLISION_TYPE_NL,TX_OBSTACLES_NL
41772,17,Kortrijk 2,Kortrijk,50.83339,3.27773,0.7870991966863705,50.83088977813185,3.2672449560949657,2023,8,14,34022,Kortrijk,Normaal,Droog,Dag,met lichtgewonden,9,personenauto,3,Fiets,Op Kruispunt,Gemeenteweg,binnen bebouwde kom,Tss. 2 best.: langs opzij (voor-/achterkant-flank),Geen hindernis
41772,75,Kortrijk teller 2,Kortrijk,50.81925,3.25731,1.470425313256298,50.83088977813185,3.2672449560949657,2023,8,14,34022,Kortrijk,Normaal,Droog,Dag,met lichtgewonden,9,personenauto,3,Fiets,Op Kruispunt,Gemeenteweg,binnen bebouwde kom,Tss. 2 best.: langs opzij (voor-/achterkant-flank),Geen hindernis
41772,74,Kortrijk teller 1,Kortrijk,50.81909,3.25728,1.487100521183282,50.83088977813185,3.2672449560949657,2023,8,14,34022,Kortrijk,Normaal,Droog,Dag,met lichtgewonden,9,personenauto,3,Fiets,Op Kruispunt,Gemeenteweg,binnen bebouwde kom,Tss. 2 best.: langs opzij (voor-/achterkant-flank),Geen hindernis
41773,16,Kortrijk 1,Kortrijk,50.83332,3.27777,0.7716933996188435,50.82653183369288,3.2754841942473987,2023,8,10,34022,Kortrijk,Normaal,Droog,Dag,met lichtgewonden,3,Fiets,9,personenauto,Op Kruispunt,Gemeenteweg,binnen bebouwde kom,Tussen 2 bestuurders: Flank tegen flank,Geen hindernis
41773,17,Kortrijk 2,Kortrijk,50.83339,3.27773,0.7787345258776763,50.82653183369288,3.2754841942473987,2023,8,10,34022,Kortrijk,Normaal,Droog,Dag,met lichtgewonden,3,Fiets,9,personenauto,Op Kruispunt,Gemeenteweg,binnen bebouwde kom,Tussen 2 bestuurders: Flank tegen flank,Geen hindernis
41773,143,Eco Display Classic Budastraat,Kortrijk,50.83066,3.26286,0.9984416957843801,50.82653183369288,3.2754841942473987,2023,8,10,34022,Kortrijk,Normaal,Droog,Dag,met lichtgewonden,3,Fiets,9,personenauto,Op Kruispunt,Gemeenteweg,binnen bebouwde kom,Tussen 2 bestuurders: Flank tegen flank,Geen hindernis
41773,75,Kortrijk teller 2,Kortrijk,50.81925,3.25731,1.5117536454959346,50.82653183369288,3.2754841942473987,2023,8,10,34022,Kortrijk,Normaal,Droog,Dag,met lichtgewonden,3,Fiets,9,personenauto,Op Kruispunt,Gemeenteweg,binnen bebouwde kom,Tussen 2 bestuurders: Flank tegen flank,Geen hindernis
41773,74,Kortrijk teller 1,Kortrijk,50.81909,3.25728,1.5231274868264795,50.82653183369288,3.2754841942473987,2023,8,10,34022,Kortrijk,Normaal,Droog,Dag,met lichtgewonden,3,Fiets,9,personenauto,Op Kruispunt,Gemeenteweg,binnen bebouwde kom,Tussen 2 bestuurders: Flank tegen flank,Geen hindernis
41774,75,Kortrijk teller 2,Kortrijk,50.81925,3.25731,0.8393970186524828,50.82037359284385,3.2691258413407374,2023,8,18,34022,Kortrijk,Normaal,Droog,Dag,met lichtgewonden,9,personenauto,3,Fiets,Op Kruispunt,Gewestweg,binnen bebouwde kom,Tussen 2 bestuurders: Flank tegen flank,Geen hindernis
41774,74,Kortrijk teller 1,Kortrijk,50.81909,3.25728,0.844307325967708,50.82037359284385,3.2691258413407374,2023,8,18,34022,Kortrijk,Normaal,Droog,Dag,met lichtgewonden,9,personenauto,3,Fiets,Op Kruispunt,Gewestweg,binnen bebouwde kom,Tussen 2 bestuurders: Flank tegen flank,Geen hindernis
41774,143,Eco Display Classic Budastraat,Kortrijk,50.83066,3.26286,1.2255486582936421,50.82037359284385,3.2691258413407374,2023,8,18,34022,Kortrijk,Normaal,Droog,Dag,met lichtgewonden,9,personenauto,3,Fiets,Op Kruispunt,Gewestweg,binnen bebouwde kom,Tussen 2 bestuurders: Flank tegen flank,Geen hindernis
41774,16,Kortrijk 1,Kortrijk,50.83332,3.27777,1.5623717520664306,50.82037359284385,3.2691258413407374,2023,8,18,34022,Kortrijk,Normaal,Droog,Dag,met lichtgewonden,9,personenauto,3,Fiets,Op Kruispunt,Gewestweg,binnen bebouwde kom,Tussen 2 bestuurders: Flank tegen flank,Geen hindernis
41774,17,Kortrijk 2,Kortrijk,50.83339,3.27773,1.5684616994457585,50.82037359284385,3.2691258413407374,2023,8,18,34022,Kortrijk,Normaal,Droog,Dag,met lichtgewonden,9,personenauto,3,Fiets,Op Kruispunt,Gewestweg,binnen bebouwde kom,Tussen 2 bestuurders: Flank tegen flank,Geen hindernis
41775,143,Eco Display Classic Budastraat,Kortrijk,50.83066,3.26286,0.4603526933089498,50.83382884179558,3.258641627926043,2023,8,20,34022,Kortrijk,Normaal,Droog,Dag,met zwaargewonden,3,Fiets,9,personenauto,Op Kruispunt,Gewestweg,binnen bebouwde kom,Tss. 2 best.: langs opzij (voor-/achterkant-flank),Geen hindernis
41775,17,Kortrijk 2,Kortrijk,50.83339,3.27773,1.341423985994303,50.83382884179558,3.258641627926043,2023,8,20,34022,Kortrijk,Normaal,Droog,Dag,met zwaargewonden,3,Fiets,9,personenauto,Op Kruispunt,Gewestweg,binnen bebouwde kom,Tss. 2 best.: langs opzij (voor-/achterkant-flank),Geen hindernis
41775,16,Kortrijk 1,Kortrijk,50.83332,3.27777,1.3445373077527005,50.83382884179558,3.258641627926043,2023,8,20,34022,Kortrijk,Normaal,Droog,Dag,met zwaargewonden,3,Fiets,9,personenauto,Op Kruispunt,Gewestweg,binnen bebouwde kom,Tss. 2 best.: langs opzij (voor-/achterkant-flank),Geen hindernis
41775,75,Kortrijk teller 2,Kortrijk,50.81925,3.25731,1.6237892300526542,50.83382884179558,3.258641627926043,2023,8,20,34022,Kortrijk,Normaal,Droog,Dag,met zwaargewonden,3,Fiets,9,personenauto,Op Kruispunt,Gewestweg,binnen bebouwde kom,Tss. 2 best.: langs opzij (voor-/achterkant-flank),Geen hindernis
41775,74,Kortrijk teller 1,Kortrijk,50.81909,3.25728,1.641672617461603,50.83382884179558,3.258641627926043,2023,8,20,34022,Kortrijk,Normaal,Droog,Dag,met zwaargewonden,3,Fiets,9,personenauto,Op Kruispunt,Gewestweg,binnen bebouwde kom,Tss. 2 best.: langs opzij (voor-/achterkant-flank),Geen hindernis
41776,143,Eco Display Classic Budastraat,Kortrijk,50.83066,3.26286,2.3075203496041725,50.84003079419825,3.233542021455285,2023,8,19,34022,Kortrijk,Normaal,Droog,Dag,met lichtgewonden,3,Fiets,3,Fiets,Op Kruispunt,Gemeenteweg,binnen bebouwde kom,Tussen 2 bestuurders: Flank tegen flank,Geen hindernis
41777,75,Kortrijk teller 2,Kortrijk,50.81925,3.25731,0.5757831976787039,50.82213076125431,3.264120981412138,2023,8,12,34022,Kortrijk,Normaal,Droog,Dag,met lichtgewonden,9,personenauto,3,Fiets,Op Kruispunt,Gemeenteweg,binnen bebouwde kom,Tussen 2 bestuurders: Frontale botsing,Geen hindernis
41777,74,Kortrijk teller 1,Kortrijk,50.81909,3.25728,0.587590516502353,50.82213076125431,3.264120981412138,2023,8,12,34022,Kortrijk,Normaal,Droog,Dag,met lichtgewonden,9,personenauto,3,Fiets,Op Kruispunt,Gemeenteweg,binnen bebouwde kom,Tussen 2 bestuurders: Frontale botsing,Geen hindernis
41777,143,Eco Display Classic Budastraat,Kortrijk,50.83066,3.26286,0.9525347664164195,50.82213076125431,3.264120981412138,2023,8,12,34022,Kortrijk,Normaal,Droog,Dag,met lichtgewonden,9,personenauto,3,Fiets,Op Kruispunt,Gemeenteweg,binnen bebouwde kom,Tussen 2 bestuurders: Frontale botsing,Geen hindernis
41777,16,Kortrijk 1,Kortrijk,50.83332,3.27777,1.570679571203772,50.82213076125431,3.264120981412138,2023,8,12,34022,Kortrijk,Normaal,Droog,Dag,met lichtgewonden,9,personenauto,3,Fiets,Op Kruispunt,Gemeenteweg,binnen bebouwde kom,Tussen 2 bestuurders: Frontale botsing,Geen hindernis
41777,17,Kortrijk 2,Kortrijk,50.83339,3.27773,1.5751455072219294,50.82213076125431,3.264120981412138,2023,8,12,34022,Kortrijk,Normaal,Droog,Dag,met lichtgewonden,9,personenauto,3,Fiets,Op Kruispunt,Gemeenteweg,binnen bebouwde kom,Tussen 2 bestuurders: Frontale botsing,Geen hindernis
41791,17,Kortrijk 2,Kortrijk,50.83339,3.27773,2.1698693792137558,50.84436919992673,3.303276179018523,2023,8,11,34013,Harelbeke,Normaal,Droog,Dag,met lichtgewonden,3,Fiets,10,"één bestuurder, geen hindernis",Buiten Kruispunt,Gemeenteweg,binnen bebouwde kom,"Eén bestuurder, geen hindernis (incl. val)",Geen hindernis
41791,16,Kortrijk 1,Kortrijk,50.83332,3.27777,2.1719425194482027,50.84436919992673,3.303276179018523,2023,8,11,34013,Harelbeke,Normaal,Droog,Dag,met lichtgewonden,3,Fiets,10,"één bestuurder, geen hindernis",Buiten Kruispunt,Gemeenteweg,binnen bebouwde kom,"Eén bestuurder, geen hindernis (incl. val)",Geen hindernis
41792,17,Kortrijk 2,Kortrijk,50.83339,3.27773,2.3870772812665053,50.84604290678832,3.3051925249512557,2023,8,12,34013,Harelbeke,Normaal,Droog,Dag,met lichtgewonden,9,personenauto,3,Fiets,Op Kruispunt,Gemeenteweg,binnen bebouwde kom,Tss. 2 best.: langs opzij (voor-/achterkant-flank),Geen hindernis
41792,16,Kortrijk 1,Kortrijk,50.83332,3.27777,2.389410288459861,50.84604290678832,3.3051925249512557,2023,8,12,34013,Harelbeke,Normaal,Droog,Dag,met lichtgewonden,9,personenauto,3,Fiets,Op Kruispunt,Gemeenteweg,binnen bebouwde kom,Tss. 2 best.: langs opzij (voor-/achterkant-flank),Geen hindernis
41799,67,Ieper totem,Ieper,50.85018,2.85624,2.178093068030401,50.84637741501873,2.886674195952514,2023,8,12,33011,Ieper,Normaal,Droog,Dag,met lichtgewonden,3,Fiets,9,personenauto,Buiten Kruispunt,Gemeenteweg,binnen bebouwde kom,Tussen 2 bestuurders: Flank tegen flank,Geen hindernis
41799,68,Ieper,Ieper,50.85032,2.85608,2.1921702754621606,50.84637741501873,2.886674195952514,2023,8,12,33011,Ieper,Normaal,Droog,Dag,met lichtgewonden,3,Fiets,9,personenauto,Buiten Kruispunt,Gemeenteweg,binnen bebouwde kom,Tussen 2 bestuurders: Flank tegen flank,Geen hindernis
41805,67,Ieper totem,Ieper,50.85018,2.85624,2.196190283298631,50.8570564880471,2.8855683352320027,2023,8,12,33011,Ieper,Normaal,Droog,Dag,met lichtgewonden,3,Fiets,9,personenauto,Buiten Kruispunt,Gewestweg,binnen bebouwde kom,Tss. 2 best.: langs opzij (voor-/achterkant-flank),Geen hindernis
41805,68,Ieper,Ieper,50.85032,2.85608,2.201374116565743,50.8570564880471,2.8855683352320027,2023,8,12,33011,Ieper,Normaal,Droog,Dag,met lichtgewonden,3,Fiets,9,personenauto,Buiten Kruispunt,Gewestweg,binnen bebouwde kom,Tss. 2 best.: langs opzij (voor-/achterkant-flank),Geen hindernis
41806,67,Ieper totem,Ieper,50.85018,2.85624,2.2298867816158348,50.849657090196516,2.8879924532062593,2023,8,9,33011,Ieper,Normaal,Droog,Dag,met lichtgewonden,3,Fiets,9,personenauto,Buiten Kruispunt,Gemeenteweg,binnen bebouwde kom,Tussen 2 bestuurders: Flank tegen flank,Geen hindernis
41806,68,Ieper,Ieper,50.85032,2.85608,2.2415700648275307,50.849657090196516,2.8879924532062593,2023,8,9,33011,Ieper,Normaal,Droog,Dag,met lichtgewonden,3,Fiets,9,personenauto,Buiten Kruispunt,Gemeenteweg,binnen bebouwde kom,Tussen 2 bestuurders: Flank tegen flank,Geen hindernis
41814,41,Maasmechelen teller 1,Maasmechelen,50.97025,5.69799,1.0196061265325478,50.96387988894469,5.687516899166102,2023,8,13,73107,Maasmechelen,Normaal,Droog+Proper,Dag,met lichtgewonden,9,personenauto,3,Fiets,Op Kruispunt,Gemeenteweg,binnen bebouwde kom,Tss. 2 best.: langs opzij (voor-/achterkant-flank),Geen hindernis
41814,42,Maasmechelen teller 2,Maasmechelen,50.97043,5.6981,1.0390897354572042,50.96387988894469,5.687516899166102,2023,8,13,73107,Maasmechelen,Normaal,Droog+Proper,Dag,met lichtgewonden,9,personenauto,3,Fiets,Op Kruispunt,Gemeenteweg,binnen bebouwde kom,Tss. 2 best.: langs opzij (voor-/achterkant-flank),Geen hindernis
41821,124,Beveren teller 2,Beveren,51.1964712,4.2361077,2.420003824376212,51.21328874700556,4.258155780853465,2023,8,7,46003,Beveren,Normaal,Droog,Dag,met lichtgewonden,3,Fiets,4,Vrachtwagen,Op Kruispunt,Gemeenteweg,binnen bebouwde kom,Tussen 2 bestuurders: Flank tegen flank,Geen hindernis
41822,124,Beveren teller 2,Beveren,51.1964712,4.2361077,2.3178168969971558,51.214007975471134,4.254091848686293,2023,8,17,46003,Beveren,Normaal,Droog,Dag,met lichtgewonden,3,Fiets,2,Andere weggebruiker,Buiten Kruispunt,Gemeenteweg,binnen bebouwde kom,Tussen 2 bestuurders: Frontale botsing,Geen hindernis
41823,31,Herk De Stad,Herk-de-Stad,50.94366,5.1775,2.3209363294844585,50.96372943984054,5.1866033977322195,2023,8,8,71024,Herk-de-Stad,Normaal,Droog,Dag,met lichtgewonden,9,personenauto,3,Fiets,Op Kruispunt,Gewestweg,binnen bebouwde kom,Tss. 2 best.: langs opzij (voor-/achterkant-flank),Geen hindernis
41823,30,Herk De Stad,Herk-de-Stad,50.94374,5.17691,2.324120311501969,50.96372943984054,5.1866033977322195,2023,8,8,71024,Herk-de-Stad,Normaal,Droog,Dag,met lichtgewonden,9,personenauto,3,Fiets,Op Kruispunt,Gewestweg,binnen bebouwde kom,Tss. 2 best.: langs opzij (voor-/achterkant-flank),Geen hindernis
41823,33,Lummen,Lummen,50.97978,5.20936,2.3925438117618043,50.96372943984054,5.1866033977322195,2023,8,8,71024,Herk-de-Stad,Normaal,Droog,Dag,met lichtgewonden,9,personenauto,3,Fiets,Op Kruispunt,Gewestweg,binnen bebouwde kom,Tss. 2 best.: langs opzij (voor-/achterkant-flank),Geen hindernis
41823,32,Lummen,Lummen,50.97971,5.20961,2.3984658624912325,50.96372943984054,5.1866033977322195,2023,8,8,71024,Herk-de-Stad,Normaal,Droog,Dag,met lichtgewonden,9,personenauto,3,Fiets,Op Kruispunt,Gewestweg,binnen bebouwde kom,Tss. 2 best.: langs opzij (voor-/achterkant-flank),Geen hindernis
41831,140,Hasselt ring,Hasselt,50.9300038,5.3438616,1.3290606099831848,50.91809833116529,5.345542581750063,2023,8,17,71022,Hasselt,Normaal,Droog,Dag,met lichtgewonden,9,personenauto,3,Fiets,Op Kruispunt,Gewestweg,binnen bebouwde kom,Tss. 2 best.: langs opzij (voor-/achterkant-flank),Geen hindernis
41836,49,Bokrijk,Genk,50.95264,5.41001,1.249162679275334,50.96366299771648,5.406569646118928,2023,8,15,71016,Genk,Normaal,Droog,Dag,met lichtgewonden,3,Fiets,10,"één bestuurder, geen hindernis",Buiten Kruispunt,Gewestweg,buiten bebouwde kom,"Eén bestuurder, geen hindernis (incl. val)",Geen hindernis
41845,14,Genk,Genk,50.97172,5.48927,1.867539616395221,50.96424359272071,5.513151266364629,2023,8,12,71016,Genk,Normaal,Droog,Dag,met lichtgewonden,3,Fiets,11,een weggebruiker tegen een hindernis,Buiten Kruispunt,Gemeenteweg,binnen bebouwde kom,Weggebruiker tegen hindernis op de rijbaan,"Op de rijbaan: Verkeersdrempel, ezelsrug"
41846,139,Houthalen-Helchteren,Houthalen-Helchteren,51.0644267,5.3819796,1.440478873964561,51.05370741829541,5.370405706653461,2023,8,17,72039,Houthalen-Helchteren,Normaal,Droog,Dag,met lichtgewonden,3,Fiets,11,een weggebruiker tegen een hindernis,Buiten Kruispunt,Gemeenteweg,buiten bebouwde kom,Weggebruiker tegen hindernis op de rijbaan,"Op de rijbaan: Verkeersdrempel, ezelsrug"
41848,14,Genk,Genk,50.97172,5.48927,1.006593827959511,50.96482734368044,5.498588773328706,2023,8,17,71016,Genk,Normaal,Proper,Dag,met lichtgewonden,3,Fiets,9,personenauto,Buiten Kruispunt,Gemeenteweg,binnen bebouwde kom,Tss. 2 best.: langs opzij (voor-/achterkant-flank),Geen hindernis
41850,14,Genk,Genk,50.97172,5.48927,0.3767804536573402,50.975106883204596,5.489434564293862,2023,8,18,71016,Genk,Normaal,Droog,Dag,met lichtgewonden,3,Fiets,8,Voetganger,Buiten Kruispunt,Gemeenteweg,buiten bebouwde kom,Met een voetganger,Geen hindernis
41851,49,Bokrijk,Genk,50.95264,5.41001,2.297637442531698,50.95693603389493,5.442095337493254,2023,8,22,71016,Genk,Onbekend,Onbekend,Onbekend,met lichtgewonden,9,personenauto,3,Fiets,Op Kruispunt,Gemeenteweg,buiten bebouwde kom,Tss. 2 best.: langs opzij (voor-/achterkant-flank),Geen hindernis
41853,14,Genk,Genk,50.97172,5.48927,0.7604218279900907,50.96622104533257,5.482814139089567,2023,8,14,71016,Genk,Regenval,"Nat, plassen",Dag,met lichtgewonden,3,Fiets,10,"één bestuurder, geen hindernis",Buiten Kruispunt,Gewestweg,binnen bebouwde kom,"Eén bestuurder, geen hindernis (incl. val)",Geen hindernis
41854,25,Bree,Bree,51.13679500160176,5.597669323604317,1.4296044759290591,51.131038078867604,5.579349373204268,2023,8,7,72004,Bree,Normaal,Droog,Dag,met lichtgewonden,9,personenauto,3,Fiets,Buiten Kruispunt,Gewestweg,buiten bebouwde kom,Tss. 2 best.: langs opzij (voor-/achterkant-flank),Geen hindernis
41858,22,Tienen 2,Tienen,50.81330800184882,4.935984252796022,0.6341017184077538,50.807641915601636,4.937004077657399,2023,8,12,24107,Tienen,Normaal,Droog+Proper,Dag,met lichtgewonden,99,onbekend,3,Fiets,Buiten Kruispunt,Gemeenteweg,binnen bebouwde kom,Tss. 2 best.: langs opzij (voor-/achterkant-flank),Geen hindernis
41858,23,Tienen 3,Tienen,50.81324,4.93447,0.6474425369649387,50.807641915601636,4.937004077657399,2023,8,12,24107,Tienen,Normaal,Droog+Proper,Dag,met lichtgewonden,99,onbekend,3,Fiets,Buiten Kruispunt,Gemeenteweg,binnen bebouwde kom,Tss. 2 best.: langs opzij (voor-/achterkant-flank),Geen hindernis
41858,24,Tienen 1,Tienen,50.8133795491886,4.935044252605416,0.6526871738235572,50.807641915601636,4.937004077657399,2023,8,12,24107,Tienen,Normaal,Droog+Proper,Dag,met lichtgewonden,99,onbekend,3,Fiets,Buiten Kruispunt,Gemeenteweg,binnen bebouwde kom,Tss. 2 best.: langs opzij (voor-/achterkant-flank),Geen hindernis
41862,22,Tienen 2,Tienen,50.81330800184882,4.935984252796022,1.143474423377508,50.82353046249804,4.937755274199445,2023,8,16,24107,Tienen,Normaal,Droog,Dag,met lichtgewonden,9,personenauto,3,Fiets,Buiten Kruispunt,Gewestweg,binnen bebouwde kom,Tss. 2 best.: langs opzij (voor-/achterkant-flank),Geen hindernis
41862,24,Tienen 1,Tienen,50.8133795491886,4.935044252605416,1.1446847550727757,50.82353046249804,4.937755274199445,2023,8,16,24107,Tienen,Normaal,Droog,Dag,met lichtgewonden,9,personenauto,3,Fiets,Buiten Kruispunt,Gewestweg,binnen bebouwde kom,Tss. 2 best.: langs opzij (voor-/achterkant-flank),Geen hindernis
41862,23,Tienen 3,Tienen,50.81324,4.93447,1.167290527785634,50.82353046249804,4.937755274199445,2023,8,16,24107,Tienen,Normaal,Droog,Dag,met lichtgewonden,9,personenauto,3,Fiets,Buiten Kruispunt,Gewestweg,binnen bebouwde kom,Tss. 2 best.: langs opzij (voor-/achterkant-flank),Geen hindernis
41864,131,Nevele,Deinze,51.0276612,3.558569,0.9834686066896967,51.0344906806625,3.549632775772769,2023,8,12,44083,Deinze,Normaal,Droog,Dag,met lichtgewonden,9,personenauto,3,Fiets,Op Kruispunt,Gewestweg,binnen bebouwde kom,Tss. 2 best.: langs opzij (voor-/achterkant-flank),Geen hindernis
41871,99,Mechelen teller 1,Mechelen,51.04564,4.46882,2.471072882741458,51.0276451557743,4.489557203622341,2023,8,7,12025,Mechelen,Onbekend,Onbekend,Onbekend,met lichtgewonden,3,Fiets,11,een weggebruiker tegen een hindernis,Buiten Kruispunt,Gewestweg,binnen bebouwde kom,Weggebruiker tegen hindernis op de rijbaan,Op de rijbaan: Lading
41871,100,Mechelen teller 2,Mechelen,51.0457,4.46883,2.4760684600061302,51.0276451557743,4.489557203622341,2023,8,7,12025,Mechelen,Onbekend,Onbekend,Onbekend,met lichtgewonden,3,Fiets,11,een weggebruiker tegen een hindernis,Buiten Kruispunt,Gewestweg,binnen bebouwde kom,Weggebruiker tegen hindernis op de rijbaan,Op de rijbaan: Lading
41877,99,Mechelen teller 1,Mechelen,51.04564,4.46882,2.453728565774727,51.041760831122936,4.434268823228333,2023,8,20,12025,Mechelen,Onbekend,Onbekend,Dag,met lichtgewonden,3,Fiets,9,personenauto,Buiten Kruispunt,Gewestweg,buiten bebouwde kom,Tss. 2 best.: langs opzij (voor-/achterkant-flank),Geen hindernis
41877,100,Mechelen teller 2,Mechelen,51.0457,4.46883,2.455596535099893,51.041760831122936,4.434268823228333,2023,8,20,12025,Mechelen,Onbekend,Onbekend,Dag,met lichtgewonden,3,Fiets,9,personenauto,Buiten Kruispunt,Gewestweg,buiten bebouwde kom,Tss. 2 best.: langs opzij (voor-/achterkant-flank),Geen hindernis
41878,99,Mechelen teller 1,Mechelen,51.04564,4.46882,2.3107489538415975,51.03100702112911,4.492286314516858,2023,8,18,12025,Mechelen,Normaal,Droog,Dag,met lichtgewonden,3,Fiets,9,personenauto,Op Kruispunt,Gewestweg,binnen bebouwde kom,Tss. 2 best.: langs opzij (voor-/achterkant-flank),Geen hindernis
41878,100,Mechelen teller 2,Mechelen,51.0457,4.46883,2.3149555163351443,51.03100702112911,4.492286314516858,2023,8,18,12025,Mechelen,Normaal,Droog,Dag,met lichtgewonden,3,Fiets,9,personenauto,Op Kruispunt,Gewestweg,binnen bebouwde kom,Tss. 2 best.: langs opzij (voor-/achterkant-flank),Geen hindernis
41887,99,Mechelen teller 1,Mechelen,51.04564,4.46882,1.8068748957691587,51.03475424609779,4.488007192002969,2023,7,15,12025,Mechelen,Normaal,Droog,Dag,met lichtgewonden,3,Fiets,3,Fiets,Op Kruispunt,Gemeenteweg,buiten bebouwde kom,Tussen 2 bestuurders: Frontale botsing,Geen hindernis
41887,100,Mechelen teller 2,Mechelen,51.0457,4.46883,1.8108327026484048,51.03475424609779,4.488007192002969,2023,7,15,12025,Mechelen,Normaal,Droog,Dag,met lichtgewonden,3,Fiets,3,Fiets,Op Kruispunt,Gemeenteweg,buiten bebouwde kom,Tussen 2 bestuurders: Frontale botsing,Geen hindernis
41944,2,Brasschaat 2,Brasschaat,51.27512,4.47169,1.803261097847437,51.26800378431455,4.4483976632966185,2023,9,8,11002,Antwerpen,Normaal,Droog,Dag,met zwaargewonden,9,personenauto,3,Fiets,Buiten Kruispunt,Gewestweg,binnen bebouwde kom,Tss. 2 best.: langs opzij (voor-/achterkant-flank),Geen hindernis
41944,3,Brasschaat 1,Brasschaat,51.27503,4.47222,1.8321751447323282,51.26800378431455,4.4483976632966185,2023,9,8,11002,Antwerpen,Normaal,Droog,Dag,met zwaargewonden,9,personenauto,3,Fiets,Buiten Kruispunt,Gewestweg,binnen bebouwde kom,Tss. 2 best.: langs opzij (voor-/achterkant-flank),Geen hindernis
41956,2,Brasschaat 2,Brasschaat,51.27512,4.47169,2.146586684061954,51.27599583510994,4.440862643352477,2023,9,7,11002,Antwerpen,Mist (zichtbaarheid minder dan 100m),Droog,Dageraad - schemering,met lichtgewonden,9,personenauto,3,Fiets,Op Kruispunt,Gemeenteweg,binnen bebouwde kom,Tss. 2 best.: langs opzij (voor-/achterkant-flank),Geen hindernis
41956,3,Brasschaat 1,Brasschaat,51.27503,4.47222,2.1838879899947568,51.27599583510994,4.440862643352477,2023,9,7,11002,Antwerpen,Mist (zichtbaarheid minder dan 100m),Droog,Dageraad - schemering,met lichtgewonden,9,personenauto,3,Fiets,Op Kruispunt,Gemeenteweg,binnen bebouwde kom,Tss. 2 best.: langs opzij (voor-/achterkant-flank),Geen hindernis
42035,3,Brasschaat 1,Brasschaat,51.27503,4.47222,2.339686126963715,51.29137874020226,4.493397543046341,2023,9,20,11008,Brasschaat,Onbekend,Onbekend,Onbekend,met lichtgewonden,3,Fiets,3,Fiets,Buiten Kruispunt,Gewestweg,binnen bebouwde kom,Tussen 2 bestuurders: Frontale botsing,Geen hindernis
42035,2,Brasschaat 2,Brasschaat,51.27512,4.47169,2.3553735041537194,51.29137874020226,4.493397543046341,2023,9,20,11008,Brasschaat,Onbekend,Onbekend,Onbekend,met lichtgewonden,3,Fiets,3,Fiets,Buiten Kruispunt,Gewestweg,binnen bebouwde kom,Tussen 2 bestuurders: Frontale botsing,Geen hindernis
42036,3,Brasschaat 1,Brasschaat,51.27503,4.47222,2.315306064171276,51.2912078505746,4.4931778790308385,2023,9,9,11008,Brasschaat,Normaal,Droog,Dag,met lichtgewonden,9,personenauto,3,Fiets,Buiten Kruispunt,Gewestweg,binnen bebouwde kom,Tussen 2 bestuurders: Langs achteren,Geen hindernis
42036,2,Brasschaat 2,Brasschaat,51.27512,4.47169,2.330997614001066,51.2912078505746,4.4931778790308385,2023,9,9,11008,Brasschaat,Normaal,Droog,Dag,met lichtgewonden,9,personenauto,3,Fiets,Buiten Kruispunt,Gewestweg,binnen bebouwde kom,Tussen 2 bestuurders: Langs achteren,Geen hindernis
42037,2,Brasschaat 2,Brasschaat,51.27512,4.47169,1.7180846381443189,51.29013950189123,4.465892101042627,2023,9,9,11008,Brasschaat,Normaal,Droog,Dag,met lichtgewonden,3,Fiets,9,personenauto,Op Kruispunt,Gemeenteweg,buiten bebouwde kom,Tss. 2 best.: langs opzij (voor-/achterkant-flank),Geen hindernis
42037,3,Brasschaat 1,Brasschaat,51.27503,4.47222,1.736787154639027,51.29013950189123,4.465892101042627,2023,9,9,11008,Brasschaat,Normaal,Droog,Dag,met lichtgewonden,3,Fiets,9,personenauto,Op Kruispunt,Gemeenteweg,buiten bebouwde kom,Tss. 2 best.: langs opzij (voor-/achterkant-flank),Geen hindernis
42039,3,Brasschaat 1,Brasschaat,51.27503,4.47222,2.259223184018435,51.28989871682847,4.494357572120921,2023,9,17,11008,Brasschaat,Normaal,Droog,Dag,met lichtgewonden,9,personenauto,3,Fiets,Buiten Kruispunt,Gewestweg,binnen bebouwde kom,Tss. 2 best.: langs opzij (voor-/achterkant-flank),Geen hindernis
42039,2,Brasschaat 2,Brasschaat,51.27512,4.47169,2.2772707675750934,51.28989871682847,4.494357572120921,2023,9,17,11008,Brasschaat,Normaal,Droog,Dag,met lichtgewonden,9,personenauto,3,Fiets,Buiten Kruispunt,Gewestweg,binnen bebouwde kom,Tss. 2 best.: langs opzij (voor-/achterkant-flank),Geen hindernis
42055,104,Malle teller 2,Malle,51.31682,4.73852,0.225680341171791,51.31481024859354,4.73806706639426,2023,9,10,11057,Malle,Normaal,Droog,Dag,met lichtgewonden,3,Fiets,5,Lichte vrachtauto,Op Kruispunt,Gewestweg,buiten bebouwde kom,Tss. 2 best.: langs opzij (voor-/achterkant-flank),Geen hindernis