crash_row_id,site_id,site_name,site_gemeente,site_lat,site_long,distance_km,crash_lat,crash_long,DT_YEAR_COLLISION,DT_MONTH_COLLISION,DT_TIME,CD_NIS,TX_MUNTY_COLLISION_NL,TX_WEATHER_NL,TX_ROAD_CONDITION_NL,TX_LIGHT_CONDITION_NL,TX_CLASS_ACCIDENTS_NL,CD_ROAD_USR_TYPE1,TX_ROAD_USR_TYPE1_NL,CD_ROAD_USR_TYPE2,TX_ROAD_USR_TYPE2_NL,TX_CROSSWAY_NL,CD_ROAD_TYPE_NL,TX_BUILD_UP_AREA_NL,TX_COLLISION_TYPE_NL,TX_OBSTACLES_NL
42055,103,Malle teller 1,Malle,51.31681,4.73872,0.22694534139283465,51.31481024859354,4.73806706639426,2023,9,10,11057,Malle,Normaal,Droog,Dag,met lichtgewonden,3,Fiets,5,Lichte vrachtauto,Op Kruispunt,Gewestweg,buiten bebouwde kom,Tss. 2 best.: langs opzij (voor-/achterkant-flank),Geen hindernis
42060,103,Malle teller 1,Malle,51.31681,4.73872,1.7574492350356294,51.30142883355108,4.74453673164847,2023,9,7,11057,Malle,Onbekend,Droog,Onbekend,met lichtgewonden,5,Lichte vrachtauto,3,Fiets,Op Kruispunt,Gewestweg,binnen bebouwde kom,Tss. 2 best.: langs opzij (voor-/achterkant-flank),Geen hindernis
42060,104,Malle teller 2,Malle,51.31682,4.73852,1.7617796595855995,51.30142883355108,4.74453673164847,2023,9,7,11057,Malle,Onbekend,Droog,Onbekend,met lichtgewonden,5,Lichte vrachtauto,3,Fiets,Op Kruispunt,Gewestweg,binnen bebouwde kom,Tss. 2 best.: langs opzij (voor-/achterkant-flank),Geen hindernis
42071,96,Lier teller 2,Lier,51.11705,4.58444,1.0613091067522054,51.1247409902016,4.575435031775722,2023,9,17,12021,Lier,Normaal,"Nat, plassen",Dag,met lichtgewonden,3,Fiets,6,Bromfiets,Buiten Kruispunt,Gewestweg,binnen bebouwde kom,Tussen 2 bestuurders: Frontale botsing,Geen hindernis
42071,95,Lier teller 1,Lier,51.11687,4.58437,1.074660663936618,51.1247409902016,4.575435031775722,2023,9,17,12021,Lier,Normaal,"Nat, plassen",Dag,met lichtgewonden,3,Fiets,6,Bromfiets,Buiten Kruispunt,Gewestweg,binnen bebouwde kom,Tussen 2 bestuurders: Frontale botsing,Geen hindernis
42075,93,Nijlen teller 2,Nijlen,51.14998,4.64469,2.162064433765356,51.16105644868378,4.6701688437657545,2023,9,21,12026,Nijlen,Normaal,Droog,"Nacht, openbare verlichting aanwezig en ontstoken",met lichtgewonden,9,personenauto,3,Fiets,Op Kruispunt,Gewestweg,binnen bebouwde kom,Tss. 2 best.: langs opzij (voor-/achterkant-flank),Geen hindernis
42075,92,Nijlen teller 1,Nijlen,51.14989,4.64479,2.162069182681222,51.16105644868378,4.6701688437657545,2023,9,21,12026,Nijlen,Normaal,Droog,"Nacht, openbare verlichting aanwezig en ontstoken",met lichtgewonden,9,personenauto,3,Fiets,Op Kruispunt,Gewestweg,binnen bebouwde kom,Tss. 2 best.: langs opzij (voor-/achterkant-flank),Geen hindernis
42078,92,Nijlen teller 1,Nijlen,51.14989,4.64479,2.2815887962716825,51.16126769821695,4.672014502080937,2023,9,17,12026,Nijlen,Onbekend,Onbekend,Onbekend,met lichtgewonden,3,Fiets,9,personenauto,Op Kruispunt,Gewestweg,binnen bebouwde kom,Tussen 2 bestuurders: Flank tegen flank,Geen hindernis
42078,93,Nijlen teller 2,Nijlen,51.14998,4.64469,2.2818744847560803,51.16126769821695,4.672014502080937,2023,9,17,12026,Nijlen,Onbekend,Onbekend,Onbekend,met lichtgewonden,3,Fiets,9,personenauto,Op Kruispunt,Gewestweg,binnen bebouwde kom,Tussen 2 bestuurders: Flank tegen flank,Geen hindernis
42079,9,Heist op den Berg 2,Heist-op-den-Berg,51.06904,4.69524,1.403718924498298,51.07607301266824,4.711924324624569,2023,9,7,12014,Heist-op-den-Berg,Onbekend,Onbekend,Dag,met lichtgewonden,3,Fiets,3,Fiets,Buiten Kruispunt,Gewestweg,binnen bebouwde kom,Tussen 2 bestuurders: Langs achteren,Geen hindernis
42079,8,Heist op den Berg 1,Heist-op-den-Berg,51.06759,4.68823,1.9053656303540292,51.07607301266824,4.711924324624569,2023,9,7,12014,Heist-op-den-Berg,Onbekend,Onbekend,Dag,met lichtgewonden,3,Fiets,3,Fiets,Buiten Kruispunt,Gewestweg,binnen bebouwde kom,Tussen 2 bestuurders: Langs achteren,Geen hindernis
42098,112,Geel teller 2,Westerlo,51.1354992,4.9394789,2.189674593221486,51.13496367856193,4.908107707219331,2023,9,19,13049,Westerlo,Normaal,Droog,"Nacht, openbare verlichting aanwezig en ontstoken",met lichtgewonden,9,personenauto,3,Fiets,Buiten Kruispunt,Gemeenteweg,binnen bebouwde kom,Tss. 2 best.: langs opzij (voor-/achterkant-flank),Geen hindernis
42098,127,Geel totem,Westerlo,51.1342966,4.9400421,2.2294242787744993,51.13496367856193,4.908107707219331,2023,9,19,13049,Westerlo,Normaal,Droog,"Nacht, openbare verlichting aanwezig en ontstoken",met lichtgewonden,9,personenauto,3,Fiets,Buiten Kruispunt,Gemeenteweg,binnen bebouwde kom,Tss. 2 best.: langs opzij (voor-/achterkant-flank),Geen hindernis
42099,127,Geel totem,Westerlo,51.1342966,4.9400421,0.8123035276303168,51.12792869931271,4.9457468448027075,2023,9,22,13049,Westerlo,Normaal,Droog,"Nacht, openbare verlichting aanwezig en ontstoken",met lichtgewonden,9,personenauto,3,Fiets,Op Kruispunt,Gemeenteweg,buiten bebouwde kom,Tss. 2 best.: langs opzij (voor-/achterkant-flank),Geen hindernis
42099,112,Geel teller 2,Westerlo,51.1354992,4.9394789,0.9486408097716932,51.12792869931271,4.9457468448027075,2023,9,22,13049,Westerlo,Normaal,Droog,"Nacht, openbare verlichting aanwezig en ontstoken",met lichtgewonden,9,personenauto,3,Fiets,Op Kruispunt,Gemeenteweg,buiten bebouwde kom,Tss. 2 best.: langs opzij (voor-/achterkant-flank),Geen hindernis
42103,98,Geel teller 2,Geel,51.1481,4.99643,2.4236794699119435,51.16926986340969,4.988155327599186,2023,6,11,13008,Geel,Normaal,Droog,Dag,met lichtgewonden,3,Fiets,3,Fiets,Buiten Kruispunt,Gewestweg,binnen bebouwde kom,Tussen 2 bestuurders: Frontale botsing,Geen hindernis
42103,97,Geel teller 1,Geel,51.14813,4.99698,2.429869532011622,51.16926986340969,4.988155327599186,2023,6,11,13008,Geel,Normaal,Droog,Dag,met lichtgewonden,3,Fiets,3,Fiets,Buiten Kruispunt,Gewestweg,binnen bebouwde kom,Tussen 2 bestuurders: Frontale botsing,Geen hindernis
42104,97,Geel teller 1,Geel,51.14813,4.99698,0.9705180848916588,51.15656220750428,5.0005722933879255,2023,9,21,13008,Geel,Onbekend,Onbekend,Onbekend,met lichtgewonden,3,Fiets,11,een weggebruiker tegen een hindernis,Buiten Kruispunt,Gemeenteweg,onbekend,Weggebruiker tegen hindernis op de rijbaan,"Op de rijbaan: Werken (signal., aarde, toestel,…)"
42104,98,Geel teller 2,Geel,51.1481,4.99643,0.9843101523015895,51.15656220750428,5.0005722933879255,2023,9,21,13008,Geel,Onbekend,Onbekend,Onbekend,met lichtgewonden,3,Fiets,11,een weggebruiker tegen een hindernis,Buiten Kruispunt,Gemeenteweg,onbekend,Weggebruiker tegen hindernis op de rijbaan,"Op de rijbaan: Werken (signal., aarde, toestel,…)"
42107,98,Geel teller 2,Geel,51.1481,4.99643,1.6756434112367373,51.16273588717011,4.9907084107454285,2023,9,9,13008,Geel,Normaal,Droog,Dag,met lichtgewonden,3,Fiets,9,personenauto,Op Kruispunt,Gewestweg,binnen bebouwde kom,Tss. 2 best.: langs opzij (voor-/achterkant-flank),Geen hindernis
42107,97,Geel teller 1,Geel,51.14813,4.99698,1.681968611390643,51.16273588717011,4.9907084107454285,2023,9,9,13008,Geel,Normaal,Droog,Dag,met lichtgewonden,3,Fiets,9,personenauto,Op Kruispunt,Gewestweg,binnen bebouwde kom,Tss. 2 best.: langs opzij (voor-/achterkant-flank),Geen hindernis
42109,98,Geel teller 2,Geel,51.1481,4.99643,2.397105116655645,51.16903311413299,4.9882160000051385,2023,9,12,13008,Geel,Normaal,Droog,Dag,met lichtgewonden,3,Fiets,3,Fiets,Buiten Kruispunt,Gewestweg,binnen bebouwde kom,Tussen 2 bestuurders: Frontale botsing,Geen hindernis
42109,97,Geel teller 1,Geel,51.14813,4.99698,2.4033326868332656,51.16903311413299,4.9882160000051385,2023,9,12,13008,Geel,Normaal,Droog,Dag,met lichtgewonden,3,Fiets,3,Fiets,Buiten Kruispunt,Gewestweg,binnen bebouwde kom,Tussen 2 bestuurders: Frontale botsing,Geen hindernis
42111,97,Geel teller 1,Geel,51.14813,4.99698,1.4729855267658827,51.161375412585656,4.9966659589196905,2023,9,16,13008,Geel,Normaal,Droog,Dag,met lichtgewonden,9,personenauto,3,Fiets,Op Kruispunt,Gemeenteweg,binnen bebouwde kom,Tussen 2 bestuurders: Frontale botsing,Geen hindernis
42111,98,Geel teller 2,Geel,51.1481,4.99643,1.4762502572956444,51.161375412585656,4.9966659589196905,2023,9,16,13008,Geel,Normaal,Droog,Dag,met lichtgewonden,9,personenauto,3,Fiets,Op Kruispunt,Gemeenteweg,binnen bebouwde kom,Tussen 2 bestuurders: Frontale botsing,Geen hindernis
42112,98,Geel teller 2,Geel,51.1481,4.99643,0.8420171720556118,51.15549620162094,4.993840610909063,2023,9,7,13008,Geel,Normaal,Droog,Dag,met lichtgewonden,9,personenauto,3,Fiets,Buiten Kruispunt,Gewestweg,binnen bebouwde kom,Tss. 2 best.: langs opzij (voor-/achterkant-flank),Geen hindernis
42112,97,Geel teller 1,Geel,51.14813,4.99698,0.8478473881850143,51.15549620162094,4.993840610909063,2023,9,7,13008,Geel,Normaal,Droog,Dag,met lichtgewonden,9,personenauto,3,Fiets,Buiten Kruispunt,Gewestweg,binnen bebouwde kom,Tss. 2 best.: langs opzij (voor-/achterkant-flank),Geen hindernis
42114,134,Retie,Dessel,51.2548405,5.1037658,2.309391342540018,51.272326141154785,5.085855702930995,2023,9,7,13036,Retie,Normaal,Droog,Dag,met lichtgewonden,5,Lichte vrachtauto,3,Fiets,Op Kruispunt,Gewestweg,binnen bebouwde kom,Tss. 2 best.: langs opzij (voor-/achterkant-flank),Geen hindernis
42114,135,Retie 2,Dessel,51.2544998,5.1040064,2.3503310990975708,51.272326141154785,5.085855702930995,2023,9,7,13036,Retie,Normaal,Droog,Dag,met lichtgewonden,5,Lichte vrachtauto,3,Fiets,Op Kruispunt,Gewestweg,binnen bebouwde kom,Tss. 2 best.: langs opzij (voor-/achterkant-flank),Geen hindernis
42115,134,Retie,Dessel,51.2548405,5.1037658,1.4633265312997807,51.26335240351342,5.087727754280921,2023,9,7,13036,Retie,Normaal,Onbekend,Dageraad - schemering,met lichtgewonden,3,Fiets,3,Fiets,Buiten Kruispunt,Gewestweg,binnen bebouwde kom,Tussen 2 bestuurders: Langs achteren,Geen hindernis
42115,135,Retie 2,Dessel,51.2544998,5.1040064,1.5007105756307777,51.26335240351342,5.087727754280921,2023,9,7,13036,Retie,Normaal,Onbekend,Dageraad - schemering,met lichtgewonden,3,Fiets,3,Fiets,Buiten Kruispunt,Gewestweg,binnen bebouwde kom,Tussen 2 bestuurders: Langs achteren,Geen hindernis
42116,134,Retie,Dessel,51.2548405,5.1037658,0.7604868277161864,51.25927601633717,5.095447408631635,2023,9,16,13036,Retie,Normaal,Droog,Dag,met lichtgewonden,6,Bromfiets,3,Fiets,Buiten Kruispunt,Gewestweg,binnen bebouwde kom,Tss. 2 best.: langs opzij (voor-/achterkant-flank),Geen hindernis
42116,135,Retie 2,Dessel,51.2544998,5.1040064,0.7980049001986719,51.25927601633717,5.095447408631635,2023,9,16,13036,Retie,Normaal,Droog,Dag,met lichtgewonden,6,Bromfiets,3,Fiets,Buiten Kruispunt,Gewestweg,binnen bebouwde kom,Tss. 2 best.: langs opzij (voor-/achterkant-flank),Geen hindernis
42123,5,Balen 2,Balen,51.16018,5.19003,2.125898171442679,51.17075274472933,5.164627507875153,2023,9,12,13003,Balen,Normaal,Droog,Dag,met lichtgewonden,3,Fiets,9,personenauto,Op Kruispunt,Gemeenteweg,binnen bebouwde kom,Tussen 2 bestuurders: Flank tegen flank,Geen hindernis
42123,4,Balen 1,Balen,51.16023,5.19011,2.127484406820936,51.17075274472933,5.164627507875153,2023,9,12,13003,Balen,Normaal,Droog,Dag,met lichtgewonden,3,Fiets,9,personenauto,Op Kruispunt,Gemeenteweg,binnen bebouwde kom,Tussen 2 bestuurders: Flank tegen flank,Geen hindernis
42129,135,Retie 2,Dessel,51.2544998,5.1040064,0.6729748116002671,51.252146482794025,5.112915386922017,2023,9,19,13006,Dessel,Normaal,Droog,Dag,met lichtgewonden,9,personenauto,3,Fiets,Op Kruispunt,Gemeenteweg,buiten bebouwde kom,Tussen 2 bestuurders: Flank tegen flank,Geen hindernis
42129,134,Retie,Dessel,51.2548405,5.1037658,0.703703144336508,51.252146482794025,5.112915386922017,2023,9,19,13006,Dessel,Normaal,Droog,Dag,met lichtgewonden,9,personenauto,3,Fiets,Op Kruispunt,Gemeenteweg,buiten bebouwde kom,Tussen 2 bestuurders: Flank tegen flank,Geen hindernis
42130,94,Herentals teller 2,Herentals,51.17345,4.81283,2.0786350628461867,51.17758441166524,4.841908984378255,2023,9,22,13011,Herentals,Normaal,Droog,"Nacht, openbare verlichting aanwezig en ontstoken",met lichtgewonden,9,personenauto,3,Fiets,Op Kruispunt,Gemeenteweg,buiten bebouwde kom,Tss. 2 best.: langs opzij (voor-/achterkant-flank),Geen hindernis
42130,110,Herentals totem,Herentals,51.1739426,4.811783,2.138822325991761,51.17758441166524,4.841908984378255,2023,9,22,13011,Herentals,Normaal,Droog,"Nacht, openbare verlichting aanwezig en ontstoken",met lichtgewonden,9,personenauto,3,Fiets,Op Kruispunt,Gemeenteweg,buiten bebouwde kom,Tss. 2 best.: langs opzij (voor-/achterkant-flank),Geen hindernis
42131,94,Herentals teller 2,Herentals,51.17345,4.81283,1.5449494607081746,51.17977429044045,4.832563355207036,2023,9,15,13011,Herentals,Normaal,Droog,Dag,met lichtgewonden,9,personenauto,3,Fiets,Op Kruispunt,Gemeenteweg,binnen bebouwde kom,Tss. 2 best.: langs opzij (voor-/achterkant-flank),Geen hindernis
42131,110,Herentals totem,Herentals,51.1739426,4.811783,1.5871170430764157,51.17977429044045,4.832563355207036,2023,9,15,13011,Herentals,Normaal,Droog,Dag,met lichtgewonden,9,personenauto,3,Fiets,Op Kruispunt,Gemeenteweg,binnen bebouwde kom,Tss. 2 best.: langs opzij (voor-/achterkant-flank),Geen hindernis
42132,94,Herentals teller 2,Herentals,51.17345,4.81283,2.313068304167779,51.17002323447477,4.845554271188397,2023,9,11,13011,Herentals,Normaal,Droog,Dag,met lichtgewonden,3,Fiets,3,Fiets,Buiten Kruispunt,Gemeenteweg,buiten bebouwde kom,Tussen 2 bestuurders: Langs achteren,Geen hindernis
42132,110,Herentals totem,Herentals,51.1739426,4.811783,2.3944449438105084,51.17002323447477,4.845554271188397,2023,9,11,13011,Herentals,Normaal,Droog,Dag,met lichtgewonden,3,Fiets,3,Fiets,Buiten Kruispunt,Gemeenteweg,buiten bebouwde kom,Tussen 2 bestuurders: Langs achteren,Geen hindernis
42133,94,Herentals teller 2,Herentals,51.17345,4.81283,2.3476247675184427,51.18731643600568,4.838227069201197,2023,9,16,13011,Herentals,Normaal,Droog,Dag,met lichtgewonden,3,Fiets,5,Lichte vrachtauto,Op Kruispunt,Gewestweg,buiten bebouwde kom,Tss. 2 best.: langs opzij (voor-/achterkant-flank),Geen hindernis
42133,110,Herentals totem,Herentals,51.1739426,4.811783,2.3683574201038673,51.18731643600568,4.838227069201197,2023,9,16,13011,Herentals,Normaal,Droog,Dag,met lichtgewonden,3,Fiets,5,Lichte vrachtauto,Op Kruispunt,Gewestweg,buiten bebouwde kom,Tss. 2 best.: langs opzij (voor-/achterkant-flank),Geen hindernis
42136,94,Herentals teller 2,Herentals,51.17345,4.81283,2.009084645688657,51.1727694153145,4.841627748077397,2023,9,18,13011,Herentals,Normaal,Droog,Dag,met lichtgewonden,9,personenauto,3,Fiets,Op Kruispunt,Gewestweg,binnen bebouwde kom,Tussen 2 bestuurders: Langs achteren,Geen hindernis
42136,110,Herentals totem,Herentals,51.1739426,4.811783,2.084725738043871,51.1727694153145,4.841627748077397,2023,9,18,13011,Herentals,Normaal,Droog,Dag,met lichtgewonden,9,personenauto,3,Fiets,Op Kruispunt,Gewestweg,binnen bebouwde kom,Tussen 2 bestuurders: Langs achteren,Geen hindernis
42139,37,Lommel teller 1,Lommel,51.23299,5.29211,1.402799125530309,51.240087200361465,5.308768512010116,2023,9,12,72020,Lommel,Normaal,Droog,Dag,met lichtgewonden,3,Fiets,5,Lichte vrachtauto,Op Kruispunt,Gewestweg,buiten bebouwde kom,Tss. 2 best.: langs opzij (voor-/achterkant-flank),Geen hindernis
42139,38,Lommel teller 2,Lommel,51.23277,5.29189,1.4292734670964782,51.240087200361465,5.308768512010116,2023,9,12,72020,Lommel,Normaal,Droog,Dag,met lichtgewonden,3,Fiets,5,Lichte vrachtauto,Op Kruispunt,Gewestweg,buiten bebouwde kom,Tss. 2 best.: langs opzij (voor-/achterkant-flank),Geen hindernis
42141,38,Lommel teller 2,Lommel,51.23277,5.29189,1.7539291338913285,51.21801250459505,5.282996826820096,2023,9,11,72020,Lommel,Normaal,Droog,Dag,met lichtgewonden,3,Fiets,9,personenauto,Op Kruispunt,Gemeenteweg,buiten bebouwde kom,Tussen 2 bestuurders: Frontale botsing,Geen hindernis
42141,37,Lommel teller 1,Lommel,51.23299,5.29211,1.7822342672181266,51.21801250459505,5.282996826820096,2023,9,11,72020,Lommel,Normaal,Droog,Dag,met lichtgewonden,3,Fiets,9,personenauto,Op Kruispunt,Gemeenteweg,buiten bebouwde kom,Tussen 2 bestuurders: Frontale botsing,Geen hindernis
42144,46,Pelt teller 2,Pelt,51.231,5.44375,2.2584729102838006,51.229796911597134,5.4761287736112605,2023,9,18,72043,Pelt,Normaal,Droog,Dag,met zwaargewonden,3,Fiets,10,"één bestuurder, geen hindernis",Buiten Kruispunt,Gemeenteweg,buiten bebouwde kom,"Eén bestuurder, geen hindernis (incl. val)",Geen hindernis
42144,45,Pelt teller 1,Pelt,51.23127,5.44377,2.2590544288056864,51.229796911597134,5.4761287736112605,2023,9,18,72043,Pelt,Normaal,Droog,Dag,met zwaargewonden,3,Fiets,10,"één bestuurder, geen hindernis",Buiten Kruispunt,Gemeenteweg,buiten bebouwde kom,"Eén bestuurder, geen hindernis (incl. val)",Geen hindernis
42145,46,Pelt teller 2,Pelt,51.231,5.44375,0.7319542972875268,51.22566120989467,5.437600793117197,2023,9,3,72043,Pelt,Normaal,Droog,"Nacht, openbare verlichting aanwezig en ontstoken",met lichtgewonden,3,Fiets,5,Lichte vrachtauto,Buiten Kruispunt,Gemeenteweg,binnen bebouwde kom,Tussen 2 bestuurders: Langs achteren,Geen hindernis
42145,45,Pelt teller 1,Pelt,51.23127,5.44377,0.7572962270860033,51.22566120989467,5.437600793117197,2023,9,3,72043,Pelt,Normaal,Droog,"Nacht, openbare verlichting aanwezig en ontstoken",met lichtgewonden,3,Fiets,5,Lichte vrachtauto,Buiten Kruispunt,Gemeenteweg,binnen bebouwde kom,Tussen 2 bestuurders: Langs achteren,Geen hindernis
42148,46,Pelt teller 2,Pelt,51.231,5.44375,0.7293434522745911,51.22837137612924,5.434153410068962,2023,9,14,72043,Pelt,Normaal,Droog,Dag,met zwaargewonden,3,Fiets,6,Bromfiets,Op Kruispunt,Gemeenteweg,binnen bebouwde kom,Tss. 2 best.: langs opzij (voor-/achterkant-flank),Geen hindernis
42148,45,Pelt teller 1,Pelt,51.23127,5.44377,0.7431381159989032,51.22837137612924,5.434153410068962,2023,9,14,72043,Pelt,Normaal,Droog,Dag,met zwaargewonden,3,Fiets,6,Bromfiets,Op Kruispunt,Gemeenteweg,binnen bebouwde kom,Tss. 2 best.: langs opzij (voor-/achterkant-flank),Geen hindernis
42154,137,Hasselt-Kempische brug,Hasselt,50.9411605,5.3417576,2.4407264703247225,50.955786311678075,5.367736597248784,2023,9,12,71022,Hasselt,Normaal,Droog,Dag,met lichtgewonden,5,Lichte vrachtauto,3,Fiets,Op Kruispunt,Gemeenteweg,binnen bebouwde kom,Tussen 2 bestuurders: Flank tegen flank,Geen hindernis
42154,138,Hasselt-Kempische brug,Hasselt,50.9405318,5.3422472,2.462883117242744,50.955786311678075,5.367736597248784,2023,9,12,71022,Hasselt,Normaal,Droog,Dag,met lichtgewonden,5,Lichte vrachtauto,3,Fiets,Op Kruispunt,Gemeenteweg,binnen bebouwde kom,Tussen 2 bestuurders: Flank tegen flank,Geen hindernis
42167,39,Peer teller 1,Peer,51.13425,5.47817,0.9295455716405646,51.14164400828215,5.471954008718722,2023,9,19,72030,Peer,Normaal,Droog,Dageraad - schemering,met lichtgewonden,6,Bromfiets,3,Fiets,Op Kruispunt,Gemeenteweg,buiten bebouwde kom,Tss. 2 best.: langs opzij (voor-/achterkant-flank),Geen hindernis
42167,40,Peer teller 2,Peer,51.13438,5.47892,0.9426654447090598,51.14164400828215,5.471954008718722,2023,9,19,72030,Peer,Normaal,Droog,Dageraad - schemering,met lichtgewonden,6,Bromfiets,3,Fiets,Op Kruispunt,Gemeenteweg,buiten bebouwde kom,Tss. 2 best.: langs opzij (voor-/achterkant-flank),Geen hindernis
42170,39,Peer teller 1,Peer,51.13425,5.47817,2.29249419000299,51.13288198601009,5.44538716539579,2023,9,16,72030,Peer,Normaal,Droog,Dag,met lichtgewonden,3,Fiets,3,Fiets,Buiten Kruispunt,Gemeenteweg,binnen bebouwde kom,Tussen 2 bestuurders: Langs achteren,Geen hindernis
42170,40,Peer teller 2,Peer,51.13438,5.47892,2.3456920032068997,51.13288198601009,5.44538716539579,2023,9,16,72030,Peer,Normaal,Droog,Dag,met lichtgewonden,3,Fiets,3,Fiets,Buiten Kruispunt,Gemeenteweg,binnen bebouwde kom,Tussen 2 bestuurders: Langs achteren,Geen hindernis
42187,21,Bilzen,Bilzen,50.86015,5.50161,2.067137649494965,50.878593991234766,5.497922605680027,2023,9,14,73006,Bilzen,Onbekend,Onbekend,Dag,met lichtgewonden,3,Fiets,3,Fiets,Buiten Kruispunt,Gewestweg,onbekend,Tss. 2 best.: langs opzij (voor-/achterkant-flank),Geen hindernis
42190,77,Leuven teller 2,Leuven,50.88672,4.70796,0.8245128457267596,50.87955838555349,4.704913682264279,2023,9,17,24062,Leuven,Normaal,Droog,Dag,met lichtgewonden,4,Vrachtwagen,3,Fiets,Buiten Kruispunt,Gemeenteweg,binnen bebouwde kom,Tussen 2 bestuurders: Flank tegen flank,Geen hindernis
42190,69,Leuven teller 1,Leuven,50.87549,4.71526,0.855339405541153,50.87955838555349,4.704913682264279,2023,9,17,24062,Leuven,Normaal,Droog,Dag,met lichtgewonden,4,Vrachtwagen,3,Fiets,Buiten Kruispunt,Gemeenteweg,binnen bebouwde kom,Tussen 2 bestuurders: Flank tegen flank,Geen hindernis
42190,107,leuven totem,Leuven,50.8870744,4.7087919,0.8789125682457302,50.87955838555349,4.704913682264279,2023,9,17,24062,Leuven,Normaal,Droog,Dag,met lichtgewonden,4,Vrachtwagen,3,Fiets,Buiten Kruispunt,Gemeenteweg,binnen bebouwde kom,Tussen 2 bestuurders: Flank tegen flank,Geen hindernis
42190,151,Leuven,District Leuven,50.8690262,4.6854839,1.7972714295655927,50.87955838555349,4.704913682264279,2023,9,17,24062,Leuven,Normaal,Droog,Dag,met lichtgewonden,4,Vrachtwagen,3,Fiets,Buiten Kruispunt,Gemeenteweg,binnen bebouwde kom,Tussen 2 bestuurders: Flank tegen flank,Geen hindernis
42191,69,Leuven teller 1,Leuven,50.87549,4.71526,1.0825086736567022,50.87422461327348,4.699963015363159,2023,9,1,24062,Leuven,Normaal,Droog+Proper,"Nacht, openbare verlichting aanwezig en ontstoken",met lichtgewonden,3,Fiets,10,"één bestuurder, geen hindernis",Op Kruispunt,Gemeenteweg,binnen bebouwde kom,"Eén bestuurder, geen hindernis (incl. val)",Geen hindernis
42191,151,Leuven,District Leuven,50.8690262,4.6854839,1.1689319507509501,50.87422461327348,4.699963015363159,2023,9,1,24062,Leuven,Normaal,Droog+Proper,"Nacht, openbare verlichting aanwezig en ontstoken",met lichtgewonden,3,Fiets,10,"één bestuurder, geen hindernis",Op Kruispunt,Gemeenteweg,binnen bebouwde kom,"Eén bestuurder, geen hindernis (incl. val)",Geen hindernis
42191,77,Leuven teller 2,Leuven,50.88672,4.70796,1.4984231835525703,50.87422461327348,4.699963015363159,2023,9,1,24062,Leuven,Normaal,Droog+Proper,"Nacht, openbare verlichting aanwezig en ontstoken",met lichtgewonden,3,Fiets,10,"één bestuurder, geen hindernis",Op Kruispunt,Gemeenteweg,binnen bebouwde kom,"Eén bestuurder, geen hindernis (incl. val)",Geen hindernis
42191,107,leuven totem,Leuven,50.8870744,4.7087919,1.5573135863631224,50.87422461327348,4.699963015363159,2023,9,1,24062,Leuven,Normaal,Droog+Proper,"Nacht, openbare verlichting aanwezig en ontstoken",met lichtgewonden,3,Fiets,10,"één bestuurder, geen hindernis",Op Kruispunt,Gemeenteweg,binnen bebouwde kom,"Eén bestuurder, geen hindernis (incl. val)",Geen hindernis
42192,151,Leuven,District Leuven,50.8690262,4.6854839,0.8336846603791331,50.87577356750822,4.690663982032769,2023,9,10,24062,Leuven,Normaal,Droog,Dag,met lichtgewonden,6,Bromfiets,3,Fiets,Op Kruispunt,Gemeenteweg,binnen bebouwde kom,Tss. 2 best.: langs opzij (voor-/achterkant-flank),Geen hindernis
42192,77,Leuven teller 2,Leuven,50.88672,4.70796,1.7187032104993487,50.87577356750822,4.690663982032769,2023,9,10,24062,Leuven,Normaal,Droog,Dag,met lichtgewonden,6,Bromfiets,3,Fiets,Op Kruispunt,Gemeenteweg,binnen bebouwde kom,Tss. 2 best.: langs opzij (voor-/achterkant-flank),Geen hindernis
42192,69,Leuven teller 1,Leuven,50.87549,4.71526,1.7260588748193082,50.87577356750822,4.690663982032769,2023,9,10,24062,Leuven,Normaal,Droog,Dag,met lichtgewonden,6,Bromfiets,3,Fiets,Op Kruispunt,Gemeenteweg,binnen bebouwde kom,Tss. 2 best.: langs opzij (voor-/achterkant-flank),Geen hindernis
42192,107,leuven totem,Leuven,50.8870744,4.7087919,1.7878640977485922,50.87577356750822,4.690663982032769,2023,9,10,24062,Leuven,Normaal,Droog,Dag,met lichtgewonden,6,Bromfiets,3,Fiets,Op Kruispunt,Gemeenteweg,binnen bebouwde kom,Tss. 2 best.: langs opzij (voor-/achterkant-flank),Geen hindernis
42193,69,Leuven teller 1,Leuven,50.87549,4.71526,0.2635238252922171,50.87433045406211,4.711984513338969,2023,9,17,24062,Leuven,Normaal,Droog,Dag,met lichtgewonden,9,personenauto,3,Fiets,Buiten Kruispunt,Gemeenteweg,binnen bebouwde kom,Tussen 2 bestuurders: Flank tegen flank,Geen hindernis
42193,77,Leuven teller 2,Leuven,50.88672,4.70796,1.4062905947572986,50.87433045406211,4.711984513338969,2023,9,17,24062,Leuven,Normaal,Droog,Dag,met lichtgewonden,9,personenauto,3,Fiets,Buiten Kruispunt,Gemeenteweg,binnen bebouwde kom,Tussen 2 bestuurders: Flank tegen flank,Geen hindernis
42193,107,leuven totem,Leuven,50.8870744,4.7087919,1.4346546672224818,50.87433045406211,4.711984513338969,2023,9,17,24062,Leuven,Normaal,Droog,Dag,met lichtgewonden,9,personenauto,3,Fiets,Buiten Kruispunt,Gemeenteweg,binnen bebouwde kom,Tussen 2 bestuurders: Flank tegen flank,Geen hindernis