crash_row_id,site_id,site_name,site_gemeente,site_lat,site_long,distance_km,crash_lat,crash_long,DT_YEAR_COLLISION,DT_MONTH_COLLISION,DT_TIME,CD_NIS,TX_MUNTY_COLLISION_NL,TX_WEATHER_NL,TX_ROAD_CONDITION_NL,TX_LIGHT_CONDITION_NL,TX_CLASS_ACCIDENTS_NL,CD_ROAD_USR_TYPE1,TX_ROAD_USR_TYPE1_NL,CD_ROAD_USR_TYPE2,TX_ROAD_USR_TYPE2_NL,TX_CROSSWAY_NL,CD_ROAD_TYPE_NL,TX_BUILD_UP_AREA_NL,TX_COLLISION_TYPE_NL,TX_OBSTACLES_NL
42193,151,Leuven,District Leuven,50.8690262,4.6854839,1.9508585102671903,50.87433045406211,4.711984513338969,2023,9,17,24062,Leuven,Normaal,Droog,Dag,met lichtgewonden,9,personenauto,3,Fiets,Buiten Kruispunt,Gemeenteweg,binnen bebouwde kom,Tussen 2 bestuurders: Flank tegen flank,Geen hindernis
42194,151,Leuven,District Leuven,50.8690262,4.6854839,0.1683768500597118,50.86759403321811,4.686263139656981,2023,9,18,24062,Leuven,Normaal,Droog,Dag,met lichtgewonden,3,Fiets,3,Fiets,Buiten Kruispunt,Gemeenteweg,buiten bebouwde kom,Tussen 2 bestuurders: Frontale botsing,Geen hindernis
42194,69,Leuven teller 1,Leuven,50.87549,4.71526,2.2160791988253723,50.86759403321811,4.686263139656981,2023,9,18,24062,Leuven,Normaal,Droog,Dag,met lichtgewonden,3,Fiets,3,Fiets,Buiten Kruispunt,Gemeenteweg,buiten bebouwde kom,Tussen 2 bestuurders: Frontale botsing,Geen hindernis
42194,108,Heverlee teller 1,Leuven,50.8471728,4.6954674,2.3608580700636104,50.86759403321811,4.686263139656981,2023,9,18,24062,Leuven,Normaal,Droog,Dag,met lichtgewonden,3,Fiets,3,Fiets,Buiten Kruispunt,Gemeenteweg,buiten bebouwde kom,Tussen 2 bestuurders: Frontale botsing,Geen hindernis
42194,76,Heverlee teller 2,Leuven,50.84606,4.69597,2.4895288367112647,50.86759403321811,4.686263139656981,2023,9,18,24062,Leuven,Normaal,Droog,Dag,met lichtgewonden,3,Fiets,3,Fiets,Buiten Kruispunt,Gemeenteweg,buiten bebouwde kom,Tussen 2 bestuurders: Frontale botsing,Geen hindernis
42195,107,leuven totem,Leuven,50.8870744,4.7087919,1.0551804706129506,50.88533771766696,4.723579899353006,2023,9,13,24062,Leuven,Normaal,Proper,Dag,met lichtgewonden,3,Fiets,9,personenauto,Op Kruispunt,Gemeenteweg,binnen bebouwde kom,Tussen 2 bestuurders: Flank tegen flank,Geen hindernis
42195,77,Leuven teller 2,Leuven,50.88672,4.70796,1.1064480154390621,50.88533771766696,4.723579899353006,2023,9,13,24062,Leuven,Normaal,Proper,Dag,met lichtgewonden,3,Fiets,9,personenauto,Op Kruispunt,Gemeenteweg,binnen bebouwde kom,Tussen 2 bestuurders: Flank tegen flank,Geen hindernis
42195,69,Leuven teller 1,Leuven,50.87549,4.71526,1.2408745372690917,50.88533771766696,4.723579899353006,2023,9,13,24062,Leuven,Normaal,Proper,Dag,met lichtgewonden,3,Fiets,9,personenauto,Op Kruispunt,Gemeenteweg,binnen bebouwde kom,Tussen 2 bestuurders: Flank tegen flank,Geen hindernis
42196,151,Leuven,District Leuven,50.8690262,4.6854839,0.4884349090129691,50.871805514310516,4.690873931939299,2023,9,11,24062,Leuven,Normaal,Droog,Dag,met lichtgewonden,9,personenauto,3,Fiets,Op Kruispunt,Gewestweg,binnen bebouwde kom,Tss. 2 best.: langs opzij (voor-/achterkant-flank),Geen hindernis
42196,69,Leuven teller 1,Leuven,50.87549,4.71526,1.7594764370667697,50.871805514310516,4.690873931939299,2023,9,11,24062,Leuven,Normaal,Droog,Dag,met lichtgewonden,9,personenauto,3,Fiets,Op Kruispunt,Gewestweg,binnen bebouwde kom,Tss. 2 best.: langs opzij (voor-/achterkant-flank),Geen hindernis
42196,77,Leuven teller 2,Leuven,50.88672,4.70796,2.0462964279360514,50.871805514310516,4.690873931939299,2023,9,11,24062,Leuven,Normaal,Droog,Dag,met lichtgewonden,9,personenauto,3,Fiets,Op Kruispunt,Gewestweg,binnen bebouwde kom,Tss. 2 best.: langs opzij (voor-/achterkant-flank),Geen hindernis
42196,107,leuven totem,Leuven,50.8870744,4.7087919,2.1125612169687265,50.871805514310516,4.690873931939299,2023,9,11,24062,Leuven,Normaal,Droog,Dag,met lichtgewonden,9,personenauto,3,Fiets,Op Kruispunt,Gewestweg,binnen bebouwde kom,Tss. 2 best.: langs opzij (voor-/achterkant-flank),Geen hindernis
42197,69,Leuven teller 1,Leuven,50.87549,4.71526,0.5383843624971778,50.87597116165076,4.707624809225353,2023,9,12,24062,Leuven,Onbekend,Onbekend,Dag,met lichtgewonden,3,Fiets,3,Fiets,Op Kruispunt,Gemeenteweg,binnen bebouwde kom,Tussen 2 bestuurders: Frontale botsing,Geen hindernis
42197,77,Leuven teller 2,Leuven,50.88672,4.70796,1.1954476024656715,50.87597116165076,4.707624809225353,2023,9,12,24062,Leuven,Onbekend,Onbekend,Dag,met lichtgewonden,3,Fiets,3,Fiets,Op Kruispunt,Gemeenteweg,binnen bebouwde kom,Tussen 2 bestuurders: Frontale botsing,Geen hindernis
42197,107,leuven totem,Leuven,50.8870744,4.7087919,1.2373358053909416,50.87597116165076,4.707624809225353,2023,9,12,24062,Leuven,Onbekend,Onbekend,Dag,met lichtgewonden,3,Fiets,3,Fiets,Op Kruispunt,Gemeenteweg,binnen bebouwde kom,Tussen 2 bestuurders: Frontale botsing,Geen hindernis
42197,151,Leuven,District Leuven,50.8690262,4.6854839,1.7349571536072983,50.87597116165076,4.707624809225353,2023,9,12,24062,Leuven,Onbekend,Onbekend,Dag,met lichtgewonden,3,Fiets,3,Fiets,Op Kruispunt,Gemeenteweg,binnen bebouwde kom,Tussen 2 bestuurders: Frontale botsing,Geen hindernis
42198,77,Leuven teller 2,Leuven,50.88672,4.70796,1.5312971071939867,50.89349138007403,4.688950265270972,2023,9,22,24062,Leuven,Onbekend,Onbekend,"Nacht, openb. verlicht. aanw., maar niet ontstoken",met lichtgewonden,9,personenauto,3,Fiets,Op Kruispunt,Gewestweg,buiten bebouwde kom,Tss. 2 best.: langs opzij (voor-/achterkant-flank),Geen hindernis
42198,107,leuven totem,Leuven,50.8870744,4.7087919,1.56399588321144,50.89349138007403,4.688950265270972,2023,9,22,24062,Leuven,Onbekend,Onbekend,"Nacht, openb. verlicht. aanw., maar niet ontstoken",met lichtgewonden,9,personenauto,3,Fiets,Op Kruispunt,Gewestweg,buiten bebouwde kom,Tss. 2 best.: langs opzij (voor-/achterkant-flank),Geen hindernis
42199,69,Leuven teller 1,Leuven,50.87549,4.71526,1.0527307533706203,50.877356697711114,4.700550563540336,2023,9,19,24062,Leuven,Normaal,Droog,Dageraad - schemering,met zwaargewonden,8,Voetganger,3,Fiets,Buiten Kruispunt,Gemeenteweg,binnen bebouwde kom,Met een voetganger,Geen hindernis
42199,77,Leuven teller 2,Leuven,50.88672,4.70796,1.163700254568014,50.877356697711114,4.700550563540336,2023,9,19,24062,Leuven,Normaal,Droog,Dageraad - schemering,met zwaargewonden,8,Voetganger,3,Fiets,Buiten Kruispunt,Gemeenteweg,binnen bebouwde kom,Met een voetganger,Geen hindernis
42199,107,leuven totem,Leuven,50.8870744,4.7087919,1.2255151025037219,50.877356697711114,4.700550563540336,2023,9,19,24062,Leuven,Normaal,Droog,Dageraad - schemering,met zwaargewonden,8,Voetganger,3,Fiets,Buiten Kruispunt,Gemeenteweg,binnen bebouwde kom,Met een voetganger,Geen hindernis
42199,151,Leuven,District Leuven,50.8690262,4.6854839,1.4056050339603603,50.877356697711114,4.700550563540336,2023,9,19,24062,Leuven,Normaal,Droog,Dageraad - schemering,met zwaargewonden,8,Voetganger,3,Fiets,Buiten Kruispunt,Gemeenteweg,binnen bebouwde kom,Met een voetganger,Geen hindernis
42201,107,leuven totem,Leuven,50.8870744,4.7087919,2.027989846686442,50.89786065163436,4.732107077052909,2023,9,16,24062,Leuven,Regenval,"Nat, plassen",Dag,met lichtgewonden,5,Lichte vrachtauto,3,Fiets,Op Kruispunt,Gemeenteweg,binnen bebouwde kom,Tss. 2 best.: langs opzij (voor-/achterkant-flank),Geen hindernis
42201,77,Leuven teller 2,Leuven,50.88672,4.70796,2.098353641775154,50.89786065163436,4.732107077052909,2023,9,16,24062,Leuven,Regenval,"Nat, plassen",Dag,met lichtgewonden,5,Lichte vrachtauto,3,Fiets,Op Kruispunt,Gemeenteweg,binnen bebouwde kom,Tss. 2 best.: langs opzij (voor-/achterkant-flank),Geen hindernis
42202,108,Heverlee teller 1,Leuven,50.8471728,4.6954674,1.31669175801247,50.85901195049632,4.6958242283363205,2023,9,11,24062,Leuven,Normaal,Onbekend,Dag,met lichtgewonden,9,personenauto,3,Fiets,Buiten Kruispunt,Gewestweg,binnen bebouwde kom,Tss. 2 best.: langs opzij (voor-/achterkant-flank),Geen hindernis
42202,151,Leuven,District Leuven,50.8690262,4.6854839,1.3291376591364006,50.85901195049632,4.6958242283363205,2023,9,11,24062,Leuven,Normaal,Onbekend,Dag,met lichtgewonden,9,personenauto,3,Fiets,Buiten Kruispunt,Gewestweg,binnen bebouwde kom,Tss. 2 best.: langs opzij (voor-/achterkant-flank),Geen hindernis
42202,76,Heverlee teller 2,Leuven,50.84606,4.69597,1.4402275397866995,50.85901195049632,4.6958242283363205,2023,9,11,24062,Leuven,Normaal,Onbekend,Dag,met lichtgewonden,9,personenauto,3,Fiets,Buiten Kruispunt,Gewestweg,binnen bebouwde kom,Tss. 2 best.: langs opzij (voor-/achterkant-flank),Geen hindernis
42202,69,Leuven teller 1,Leuven,50.87549,4.71526,2.284204665573878,50.85901195049632,4.6958242283363205,2023,9,11,24062,Leuven,Normaal,Onbekend,Dag,met lichtgewonden,9,personenauto,3,Fiets,Buiten Kruispunt,Gewestweg,binnen bebouwde kom,Tss. 2 best.: langs opzij (voor-/achterkant-flank),Geen hindernis
42203,107,leuven totem,Leuven,50.8870744,4.7087919,0.4763381347203752,50.88452435384775,4.714248091153143,2023,9,13,24062,Leuven,Normaal,Droog,Dag,met lichtgewonden,3,Fiets,3,Fiets,Op Kruispunt,Gewestweg,binnen bebouwde kom,Tss. 2 best.: langs opzij (voor-/achterkant-flank),Geen hindernis
42203,77,Leuven teller 2,Leuven,50.88672,4.70796,0.5041647627201588,50.88452435384775,4.714248091153143,2023,9,13,24062,Leuven,Normaal,Droog,Dag,met lichtgewonden,3,Fiets,3,Fiets,Op Kruispunt,Gewestweg,binnen bebouwde kom,Tss. 2 best.: langs opzij (voor-/achterkant-flank),Geen hindernis
42203,69,Leuven teller 1,Leuven,50.87549,4.71526,1.007079756711071,50.88452435384775,4.714248091153143,2023,9,13,24062,Leuven,Normaal,Droog,Dag,met lichtgewonden,3,Fiets,3,Fiets,Op Kruispunt,Gewestweg,binnen bebouwde kom,Tss. 2 best.: langs opzij (voor-/achterkant-flank),Geen hindernis
42204,151,Leuven,District Leuven,50.8690262,4.6854839,0.907322082841685,50.86688479036696,4.673007876591647,2023,9,8,24062,Leuven,Normaal,Droog,Dag,met lichtgewonden,9,personenauto,3,Fiets,Buiten Kruispunt,Gewestweg,binnen bebouwde kom,Tss. 2 best.: langs opzij (voor-/achterkant-flank),Geen hindernis
42205,151,Leuven,District Leuven,50.8690262,4.6854839,1.2447103527362493,50.86225297509058,4.671363072589116,2023,9,18,24062,Leuven,Normaal,Droog,Dag,met lichtgewonden,3,Fiets,3,Fiets,Buiten Kruispunt,Gemeenteweg,binnen bebouwde kom,Tussen 2 bestuurders: Langs achteren,Geen hindernis
42205,108,Heverlee teller 1,Leuven,50.8471728,4.6954674,2.3821747159705975,50.86225297509058,4.671363072589116,2023,9,18,24062,Leuven,Normaal,Droog,Dag,met lichtgewonden,3,Fiets,3,Fiets,Buiten Kruispunt,Gemeenteweg,binnen bebouwde kom,Tussen 2 bestuurders: Langs achteren,Geen hindernis
42205,76,Heverlee teller 2,Leuven,50.84606,4.69597,2.4951455592949467,50.86225297509058,4.671363072589116,2023,9,18,24062,Leuven,Normaal,Droog,Dag,met lichtgewonden,3,Fiets,3,Fiets,Buiten Kruispunt,Gemeenteweg,binnen bebouwde kom,Tussen 2 bestuurders: Langs achteren,Geen hindernis
42206,151,Leuven,District Leuven,50.8690262,4.6854839,0.4884349090129691,50.871805514310516,4.690873931939299,2023,9,19,24062,Leuven,Regenval,"Nat, plassen",Dag,met lichtgewonden,3,Fiets,3,Fiets,Buiten Kruispunt,Gewestweg,binnen bebouwde kom,Tussen 2 bestuurders: Frontale botsing,Geen hindernis
42206,69,Leuven teller 1,Leuven,50.87549,4.71526,1.7594764370667697,50.871805514310516,4.690873931939299,2023,9,19,24062,Leuven,Regenval,"Nat, plassen",Dag,met lichtgewonden,3,Fiets,3,Fiets,Buiten Kruispunt,Gewestweg,binnen bebouwde kom,Tussen 2 bestuurders: Frontale botsing,Geen hindernis
42206,77,Leuven teller 2,Leuven,50.88672,4.70796,2.0462964279360514,50.871805514310516,4.690873931939299,2023,9,19,24062,Leuven,Regenval,"Nat, plassen",Dag,met lichtgewonden,3,Fiets,3,Fiets,Buiten Kruispunt,Gewestweg,binnen bebouwde kom,Tussen 2 bestuurders: Frontale botsing,Geen hindernis
42206,107,leuven totem,Leuven,50.8870744,4.7087919,2.1125612169687265,50.871805514310516,4.690873931939299,2023,9,19,24062,Leuven,Regenval,"Nat, plassen",Dag,met lichtgewonden,3,Fiets,3,Fiets,Buiten Kruispunt,Gewestweg,binnen bebouwde kom,Tussen 2 bestuurders: Frontale botsing,Geen hindernis
42207,107,leuven totem,Leuven,50.8870744,4.7087919,0.6925755917687676,50.88346442890941,4.716837289396418,2023,9,12,24062,Leuven,Normaal,Droog,Dag,met lichtgewonden,3,Fiets,3,Fiets,Buiten Kruispunt,Gemeenteweg,binnen bebouwde kom,Tussen 2 bestuurders: Frontale botsing,Geen hindernis
42207,77,Leuven teller 2,Leuven,50.88672,4.70796,0.7203179857695892,50.88346442890941,4.716837289396418,2023,9,12,24062,Leuven,Normaal,Droog,Dag,met lichtgewonden,3,Fiets,3,Fiets,Buiten Kruispunt,Gemeenteweg,binnen bebouwde kom,Tussen 2 bestuurders: Frontale botsing,Geen hindernis
42207,69,Leuven teller 1,Leuven,50.87549,4.71526,0.8935945097277651,50.88346442890941,4.716837289396418,2023,9,12,24062,Leuven,Normaal,Droog,Dag,met lichtgewonden,3,Fiets,3,Fiets,Buiten Kruispunt,Gemeenteweg,binnen bebouwde kom,Tussen 2 bestuurders: Frontale botsing,Geen hindernis
42208,151,Leuven,District Leuven,50.8690262,4.6854839,0.4885349218577215,50.872075206426956,4.6904964450945394,2023,9,9,24062,Leuven,Normaal,Droog,Dag,met lichtgewonden,9,personenauto,3,Fiets,Op Kruispunt,Gewestweg,binnen bebouwde kom,Tss. 2 best.: langs opzij (voor-/achterkant-flank),Geen hindernis
42208,69,Leuven teller 1,Leuven,50.87549,4.71526,1.7785989407002316,50.872075206426956,4.6904964450945394,2023,9,9,24062,Leuven,Normaal,Droog,Dag,met lichtgewonden,9,personenauto,3,Fiets,Op Kruispunt,Gewestweg,binnen bebouwde kom,Tss. 2 best.: langs opzij (voor-/achterkant-flank),Geen hindernis
42208,77,Leuven teller 2,Leuven,50.88672,4.70796,2.0378788425188907,50.872075206426956,4.6904964450945394,2023,9,9,24062,Leuven,Normaal,Droog,Dag,met lichtgewonden,9,personenauto,3,Fiets,Op Kruispunt,Gewestweg,binnen bebouwde kom,Tss. 2 best.: langs opzij (voor-/achterkant-flank),Geen hindernis
42208,107,leuven totem,Leuven,50.8870744,4.7087919,2.1045813423703383,50.872075206426956,4.6904964450945394,2023,9,9,24062,Leuven,Normaal,Droog,Dag,met lichtgewonden,9,personenauto,3,Fiets,Op Kruispunt,Gewestweg,binnen bebouwde kom,Tss. 2 best.: langs opzij (voor-/achterkant-flank),Geen hindernis
42209,108,Heverlee teller 1,Leuven,50.8471728,4.6954674,1.1736932947977632,50.856442726668874,4.7034632452822605,2023,9,12,24062,Leuven,Normaal,Droog,Dag,met lichtgewonden,9,personenauto,3,Fiets,Buiten Kruispunt,Gemeenteweg,binnen bebouwde kom,Tss. 2 best.: langs opzij (voor-/achterkant-flank),Geen hindernis
42209,76,Heverlee teller 2,Leuven,50.84606,4.69597,1.2686997615047455,50.856442726668874,4.7034632452822605,2023,9,12,24062,Leuven,Normaal,Droog,Dag,met lichtgewonden,9,personenauto,3,Fiets,Buiten Kruispunt,Gemeenteweg,binnen bebouwde kom,Tss. 2 best.: langs opzij (voor-/achterkant-flank),Geen hindernis
42209,151,Leuven,District Leuven,50.8690262,4.6854839,1.8841739443259076,50.856442726668874,4.7034632452822605,2023,9,12,24062,Leuven,Normaal,Droog,Dag,met lichtgewonden,9,personenauto,3,Fiets,Buiten Kruispunt,Gemeenteweg,binnen bebouwde kom,Tss. 2 best.: langs opzij (voor-/achterkant-flank),Geen hindernis
42209,69,Leuven teller 1,Leuven,50.87549,4.71526,2.274016641173301,50.856442726668874,4.7034632452822605,2023,9,12,24062,Leuven,Normaal,Droog,Dag,met lichtgewonden,9,personenauto,3,Fiets,Buiten Kruispunt,Gemeenteweg,binnen bebouwde kom,Tss. 2 best.: langs opzij (voor-/achterkant-flank),Geen hindernis
42210,151,Leuven,District Leuven,50.8690262,4.6854839,1.1988902186436128,50.87955696657832,4.689150020491778,2023,9,19,24062,Leuven,Normaal,Droog,Dag,met lichtgewonden,9,personenauto,3,Fiets,Op Kruispunt,Gemeenteweg,binnen bebouwde kom,Tussen 2 bestuurders: Frontale botsing,Geen hindernis
42210,77,Leuven teller 2,Leuven,50.88672,4.70796,1.541330638312853,50.87955696657832,4.689150020491778,2023,9,19,24062,Leuven,Normaal,Droog,Dag,met lichtgewonden,9,personenauto,3,Fiets,Op Kruispunt,Gemeenteweg,binnen bebouwde kom,Tussen 2 bestuurders: Frontale botsing,Geen hindernis
42210,107,leuven totem,Leuven,50.8870744,4.7087919,1.6116585775716856,50.87955696657832,4.689150020491778,2023,9,19,24062,Leuven,Normaal,Droog,Dag,met lichtgewonden,9,personenauto,3,Fiets,Op Kruispunt,Gemeenteweg,binnen bebouwde kom,Tussen 2 bestuurders: Frontale botsing,Geen hindernis
42210,69,Leuven teller 1,Leuven,50.87549,4.71526,1.886915597554174,50.87955696657832,4.689150020491778,2023,9,19,24062,Leuven,Normaal,Droog,Dag,met lichtgewonden,9,personenauto,3,Fiets,Op Kruispunt,Gemeenteweg,binnen bebouwde kom,Tussen 2 bestuurders: Frontale botsing,Geen hindernis
42211,107,leuven totem,Leuven,50.8870744,4.7087919,1.172159220311672,50.89749473866351,4.706265602071357,2023,9,16,24062,Leuven,Normaal,Droog,Dag,met lichtgewonden,3,Fiets,3,Fiets,Buiten Kruispunt,Gemeenteweg,binnen bebouwde kom,Tussen 2 bestuurders: Frontale botsing,Geen hindernis
42211,77,Leuven teller 2,Leuven,50.88672,4.70796,1.2039762330033104,50.89749473866351,4.706265602071357,2023,9,16,24062,Leuven,Normaal,Droog,Dag,met lichtgewonden,3,Fiets,3,Fiets,Buiten Kruispunt,Gemeenteweg,binnen bebouwde kom,Tussen 2 bestuurders: Frontale botsing,Geen hindernis
42212,69,Leuven teller 1,Leuven,50.87549,4.71526,0.5081698369098836,50.87150119383018,4.711725351739519,2023,9,17,24062,Leuven,Normaal,Droog,Dag,met lichtgewonden,3,Fiets,6,Bromfiets,Buiten Kruispunt,Gewestweg,binnen bebouwde kom,Tss. 2 best.: langs opzij (voor-/achterkant-flank),Geen hindernis
42212,77,Leuven teller 2,Leuven,50.88672,4.70796,1.7127498554285996,50.87150119383018,4.711725351739519,2023,9,17,24062,Leuven,Normaal,Droog,Dag,met lichtgewonden,3,Fiets,6,Bromfiets,Buiten Kruispunt,Gewestweg,binnen bebouwde kom,Tss. 2 best.: langs opzij (voor-/achterkant-flank),Geen hindernis
42212,107,leuven totem,Leuven,50.8870744,4.7087919,1.7438488262714764,50.87150119383018,4.711725351739519,2023,9,17,24062,Leuven,Normaal,Droog,Dag,met lichtgewonden,3,Fiets,6,Bromfiets,Buiten Kruispunt,Gewestweg,binnen bebouwde kom,Tss. 2 best.: langs opzij (voor-/achterkant-flank),Geen hindernis
42212,151,Leuven,District Leuven,50.8690262,4.6854839,1.861885780246566,50.87150119383018,4.711725351739519,2023,9,17,24062,Leuven,Normaal,Droog,Dag,met lichtgewonden,3,Fiets,6,Bromfiets,Buiten Kruispunt,Gewestweg,binnen bebouwde kom,Tss. 2 best.: langs opzij (voor-/achterkant-flank),Geen hindernis
42213,69,Leuven teller 1,Leuven,50.87549,4.71526,1.2515734275242365,50.8681522623879,4.728785057419845,2023,9,10,24062,Leuven,Normaal,"Nat, plassen",Dag,met lichtgewonden,9,personenauto,3,Fiets,Buiten Kruispunt,Gemeenteweg,binnen bebouwde kom,Tussen 2 bestuurders: Flank tegen flank,Geen hindernis
42214,69,Leuven teller 1,Leuven,50.87549,4.71526,1.1712517932226394,50.87780173622608,4.731546278689618,2023,9,2,24062,Leuven,Normaal,Droog,"Nacht, openbare verlichting aanwezig en ontstoken",met lichtgewonden,3,Fiets,11,een weggebruiker tegen een hindernis,Buiten Kruispunt,Gemeenteweg,binnen bebouwde kom,Weggebruiker tegen hindernis op de rijbaan,"Op de rijbaan: Verkeersdrempel, ezelsrug"
42214,107,leuven totem,Leuven,50.8870744,4.7087919,1.9003548187760235,50.87780173622608,4.731546278689618,2023,9,2,24062,Leuven,Normaal,Droog,"Nacht, openbare verlichting aanwezig en ontstoken",met lichtgewonden,3,Fiets,11,een weggebruiker tegen een hindernis,Buiten Kruispunt,Gemeenteweg,binnen bebouwde kom,Weggebruiker tegen hindernis op de rijbaan,"Op de rijbaan: Verkeersdrempel, ezelsrug"
42214,77,Leuven teller 2,Leuven,50.88672,4.70796,1.9290908001949947,50.87780173622608,4.731546278689618,2023,9,2,24062,Leuven,Normaal,Droog,"Nacht, openbare verlichting aanwezig en ontstoken",met lichtgewonden,3,Fiets,11,een weggebruiker tegen een hindernis,Buiten Kruispunt,Gemeenteweg,binnen bebouwde kom,Weggebruiker tegen hindernis op de rijbaan,"Op de rijbaan: Verkeersdrempel, ezelsrug"
42215,69,Leuven teller 1,Leuven,50.87549,4.71526,1.0484934095917295,50.8770808313295,4.70053066801679,2023,9,9,24062,Leuven,Regenval,"Nat, plassen",Dag,met lichtgewonden,3,Fiets,10,"één bestuurder, geen hindernis",Op Kruispunt,Gemeenteweg,binnen bebouwde kom,"Eén bestuurder, geen hindernis (incl. val)",Geen hindernis
42215,77,Leuven teller 2,Leuven,50.88672,4.70796,1.1918340471019442,50.8770808313295,4.70053066801679,2023,9,9,24062,Leuven,Regenval,"Nat, plassen",Dag,met lichtgewonden,3,Fiets,10,"één bestuurder, geen hindernis",Op Kruispunt,Gemeenteweg,binnen bebouwde kom,"Eén bestuurder, geen hindernis (incl. val)",Geen hindernis
42215,107,leuven totem,Leuven,50.8870744,4.7087919,1.2532909925605917,50.8770808313295,4.70053066801679,2023,9,9,24062,Leuven,Regenval,"Nat, plassen",Dag,met lichtgewonden,3,Fiets,10,"één bestuurder, geen hindernis",Op Kruispunt,Gemeenteweg,binnen bebouwde kom,"Eén bestuurder, geen hindernis (incl. val)",Geen hindernis
42215,151,Leuven,District Leuven,50.8690262,4.6854839,1.38451950951498,50.8770808313295,4.70053066801679,2023,9,9,24062,Leuven,Regenval,"Nat, plassen",Dag,met lichtgewonden,3,Fiets,10,"één bestuurder, geen hindernis",Op Kruispunt,Gemeenteweg,binnen bebouwde kom,"Eén bestuurder, geen hindernis (incl. val)",Geen hindernis
42216,69,Leuven teller 1,Leuven,50.87549,4.71526,0.781843893899411,50.86850679055719,4.716560801844507,2023,9,12,24062,Leuven,Normaal,Droog,Dag,met zwaargewonden,3,Fiets,10,"één bestuurder, geen hindernis",Buiten Kruispunt,Gemeenteweg,binnen bebouwde kom,"Eén bestuurder, geen hindernis (incl. val)",Geen hindernis
42216,77,Leuven teller 2,Leuven,50.88672,4.70796,2.113208351293853,50.86850679055719,4.716560801844507,2023,9,12,24062,Leuven,Normaal,Droog,Dag,met zwaargewonden,3,Fiets,10,"één bestuurder, geen hindernis",Buiten Kruispunt,Gemeenteweg,binnen bebouwde kom,"Eén bestuurder, geen hindernis (incl. val)",Geen hindernis
42216,107,leuven totem,Leuven,50.8870744,4.7087919,2.13536438149572,50.86850679055719,4.716560801844507,2023,9,12,24062,Leuven,Normaal,Droog,Dag,met zwaargewonden,3,Fiets,10,"één bestuurder, geen hindernis",Buiten Kruispunt,Gemeenteweg,binnen bebouwde kom,"Eén bestuurder, geen hindernis (incl. val)",Geen hindernis
42216,151,Leuven,District Leuven,50.8690262,4.6854839,2.1815856036049124,50.86850679055719,4.716560801844507,2023,9,12,24062,Leuven,Normaal,Droog,Dag,met zwaargewonden,3,Fiets,10,"één bestuurder, geen hindernis",Buiten Kruispunt,Gemeenteweg,binnen bebouwde kom,"Eén bestuurder, geen hindernis (incl. val)",Geen hindernis
42217,107,leuven totem,Leuven,50.8870744,4.7087919,0.5515186530800339,50.88351174178878,4.714261835946007,2023,9,19,24062,Leuven,Normaal,Droog,Dag,met lichtgewonden,9,personenauto,3,Fiets,Buiten Kruispunt,Gemeenteweg,binnen bebouwde kom,Tussen 2 bestuurders: Frontale botsing,Geen hindernis
42217,77,Leuven teller 2,Leuven,50.88672,4.70796,0.5680635076263859,50.88351174178878,4.714261835946007,2023,9,19,24062,Leuven,Normaal,Droog,Dag,met lichtgewonden,9,personenauto,3,Fiets,Buiten Kruispunt,Gemeenteweg,binnen bebouwde kom,Tussen 2 bestuurders: Frontale botsing,Geen hindernis
42217,69,Leuven teller 1,Leuven,50.87549,4.71526,0.8947218297951072,50.88351174178878,4.714261835946007,2023,9,19,24062,Leuven,Normaal,Droog,Dag,met lichtgewonden,9,personenauto,3,Fiets,Buiten Kruispunt,Gemeenteweg,binnen bebouwde kom,Tussen 2 bestuurders: Frontale botsing,Geen hindernis
42228,87,Aarschot,Aarschot,50.99084,4.81259,1.4972164579330984,50.9830027841026,4.829983089109871,2023,9,13,24001,Aarschot,Normaal,Droog,Dag,met lichtgewonden,3,Fiets,8,Voetganger,Buiten Kruispunt,Gewestweg,binnen bebouwde kom,Met een voetganger,Geen hindernis
42229,87,Aarschot,Aarschot,50.99084,4.81259,0.7706998399660597,50.98819574843803,4.822768278744481,2023,9,16,24001,Aarschot,Regenval,"Nat, plassen",Dag,met lichtgewonden,9,personenauto,3,Fiets,Op Kruispunt,Gemeenteweg,buiten bebouwde kom,Tss. 2 best.: langs opzij (voor-/achterkant-flank),Geen hindernis
42230,87,Aarschot,Aarschot,50.99084,4.81259,1.7232353578605584,50.99133424703531,4.8371984031213024,2023,9,8,24001,Aarschot,Normaal,Onbekend,Dag,met lichtgewonden,3,Fiets,6,Bromfiets,Buiten Kruispunt,Gemeenteweg,binnen bebouwde kom,Tss. 2 best.: langs opzij (voor-/achterkant-flank),Geen hindernis
42231,87,Aarschot,Aarschot,50.99084,4.81259,1.8207063005157538,50.987412758206645,4.838026263313862,2023,9,19,24001,Aarschot,Regenval,"Nat, plassen",Dageraad - schemering,met lichtgewonden,3,Fiets,9,personenauto,Buiten Kruispunt,Gemeenteweg,binnen bebouwde kom,Tussen 2 bestuurders: Flank tegen flank,Geen hindernis
42233,87,Aarschot,Aarschot,50.99084,4.81259,1.6157521072998189,50.97669509652708,4.8073058732327265,2023,9,8,24001,Aarschot,Normaal,Droog,Dag,met lichtgewonden,3,Fiets,9,personenauto,Op Kruispunt,Gemeenteweg,buiten bebouwde kom,Tussen 2 bestuurders: Langs achteren,Geen hindernis