crash_row_id,site_id,site_name,site_gemeente,site_lat,site_long,distance_km,crash_lat,crash_long,DT_YEAR_COLLISION,DT_MONTH_COLLISION,DT_TIME,CD_NIS,TX_MUNTY_COLLISION_NL,TX_WEATHER_NL,TX_ROAD_CONDITION_NL,TX_LIGHT_CONDITION_NL,TX_CLASS_ACCIDENTS_NL,CD_ROAD_USR_TYPE1,TX_ROAD_USR_TYPE1_NL,CD_ROAD_USR_TYPE2,TX_ROAD_USR_TYPE2_NL,TX_CROSSWAY_NL,CD_ROAD_TYPE_NL,TX_BUILD_UP_AREA_NL,TX_COLLISION_TYPE_NL,TX_OBSTACLES_NL
42235,71,Kampenhout teller 2,Kampenhout,50.95589,4.59164,2.0599752178683266,50.96939768815468,4.571509657501531,2023,9,12,24014,Boortmeerbeek,Normaal,Droog,Dag,met lichtgewonden,9,personenauto,3,Fiets,Buiten Kruispunt,Gewestweg,buiten bebouwde kom,Tss. 2 best.: langs opzij (voor-/achterkant-flank),Geen hindernis
42235,70,Kampenhout teller 1,Kampenhout,50.95682,4.59318,2.0637905676857495,50.96939768815468,4.571509657501531,2023,9,12,24014,Boortmeerbeek,Normaal,Droog,Dag,met lichtgewonden,9,personenauto,3,Fiets,Buiten Kruispunt,Gewestweg,buiten bebouwde kom,Tss. 2 best.: langs opzij (voor-/achterkant-flank),Geen hindernis
42240,101,Diest teller 1,Diest,50.97799,5.04481,0.710820520651021,50.98066255739449,5.0540334479336355,2023,9,15,24020,Diest,Normaal,Droog,Dag,met lichtgewonden,3,Fiets,3,Fiets,Buiten Kruispunt,Gemeenteweg,binnen bebouwde kom,Tussen 2 bestuurders: Flank tegen flank,Geen hindernis
42240,102,Diest teller 2,Diest,50.9779,5.04474,0.7194911990244236,50.98066255739449,5.0540334479336355,2023,9,15,24020,Diest,Normaal,Droog,Dag,met lichtgewonden,3,Fiets,3,Fiets,Buiten Kruispunt,Gemeenteweg,binnen bebouwde kom,Tussen 2 bestuurders: Flank tegen flank,Geen hindernis
42243,101,Diest teller 1,Diest,50.97799,5.04481,1.889789423748211,50.972421309285494,5.070311305961671,2023,9,17,24020,Diest,Normaal,Droog,Dag,met lichtgewonden,3,Fiets,3,Fiets,Op Kruispunt,Gewestweg,binnen bebouwde kom,Tussen 2 bestuurders: Frontale botsing,Geen hindernis
42243,102,Diest teller 2,Diest,50.9779,5.04474,1.891174796312287,50.972421309285494,5.070311305961671,2023,9,17,24020,Diest,Normaal,Droog,Dag,met lichtgewonden,3,Fiets,3,Fiets,Op Kruispunt,Gewestweg,binnen bebouwde kom,Tussen 2 bestuurders: Frontale botsing,Geen hindernis
42264,86,Asse teller 2,Asse,50.89132,4.1709,0.4649170136287001,50.88731835429484,4.16897903418724,2023,9,7,23086,Ternat,Normaal,Droog,Dag,met lichtgewonden,9,personenauto,3,Fiets,Op Kruispunt,Gewestweg,buiten bebouwde kom,Tss. 2 best.: langs opzij (voor-/achterkant-flank),Geen hindernis
42264,85,Asse teller 1,Asse,50.89621,4.17294,1.026998179188008,50.88731835429484,4.16897903418724,2023,9,7,23086,Ternat,Normaal,Droog,Dag,met lichtgewonden,9,personenauto,3,Fiets,Op Kruispunt,Gewestweg,buiten bebouwde kom,Tss. 2 best.: langs opzij (voor-/achterkant-flank),Geen hindernis
42271,152,Opwijk,District Vilvoorde-gewestwegen,50.968901168564656,4.149169474840164,2.1243181560936444,50.98184816127349,4.171480647054281,2023,9,20,23060,Opwijk,Normaal,Droog,"Nacht, openbare verlichting aanwezig en ontstoken",met lichtgewonden,9,personenauto,3,Fiets,Op Kruispunt,Gemeenteweg,binnen bebouwde kom,Tss. 2 best.: langs opzij (voor-/achterkant-flank),Geen hindernis
42272,80,Wemmel teller 1,Wemmel,50.91418,4.29571,2.239703256549925,50.896996926017536,4.3123757197571235,2023,9,13,23102,Wemmel,Normaal,Droog,Dag,met lichtgewonden,9,personenauto,3,Fiets,Buiten Kruispunt,Gemeenteweg,binnen bebouwde kom,Tss. 2 best.: langs opzij (voor-/achterkant-flank),Geen hindernis
42272,81,Wemmel teller 2,Wemmel,50.91439,4.29568,2.2607438034906595,50.896996926017536,4.3123757197571235,2023,9,13,23102,Wemmel,Normaal,Droog,Dag,met lichtgewonden,9,personenauto,3,Fiets,Buiten Kruispunt,Gemeenteweg,binnen bebouwde kom,Tss. 2 best.: langs opzij (voor-/achterkant-flank),Geen hindernis
42281,27,Grimbergen,Meise,50.92127,4.34013,2.0759831051289535,50.915792100903495,4.368441142467964,2023,9,14,23025,Grimbergen,Normaal,Droog,Dag,met zwaargewonden,3,Fiets,9,personenauto,Op Kruispunt,Gewestweg,buiten bebouwde kom,Tss. 2 best.: langs opzij (voor-/achterkant-flank),Geen hindernis
42282,27,Grimbergen,Meise,50.92127,4.34013,2.1753980703443014,50.9020384996353,4.3458247339322815,2023,9,7,23025,Grimbergen,Normaal,Droog,Dag,met lichtgewonden,9,personenauto,3,Fiets,Op Kruispunt,Gemeenteweg,binnen bebouwde kom,Tussen 2 bestuurders: Frontale botsing,Geen hindernis
42285,27,Grimbergen,Meise,50.92127,4.34013,1.504213966509988,50.915130616976064,4.359250851683713,2023,9,7,23025,Grimbergen,Normaal,Droog,Dag,met lichtgewonden,3,Fiets,9,personenauto,Op Kruispunt,Gemeenteweg,buiten bebouwde kom,Tss. 2 best.: langs opzij (voor-/achterkant-flank),Geen hindernis
42287,1,Machelen,Machelen,50.91618331151478,4.456121776137429,1.4639612951396392,50.926920632087786,4.444035804158899,2023,9,15,23088,Vilvoorde,Onbekend,Onbekend,Dag,met lichtgewonden,9,personenauto,3,Fiets,Op Kruispunt,Gemeenteweg,binnen bebouwde kom,Tussen 2 bestuurders: Flank tegen flank,Geen hindernis
42288,47,Vilvoorde,Vilvoorde,50.91372,4.41497,2.0109916239489696,50.90924153928628,4.387180236628178,2023,9,9,23088,Vilvoorde,Normaal,Droog,Dag,met lichtgewonden,3,Fiets,9,personenauto,Buiten Kruispunt,Gemeenteweg,binnen bebouwde kom,Tussen 2 bestuurders: Langs achteren,Geen hindernis
42289,47,Vilvoorde,Vilvoorde,50.91372,4.41497,1.339457765156683,50.92532902715847,4.42007013525377,2023,9,1,23088,Vilvoorde,Normaal,Droog,"Nacht, openbare verlichting aanwezig en ontstoken",met lichtgewonden,3,Fiets,10,"één bestuurder, geen hindernis",Buiten Kruispunt,Gewestweg,buiten bebouwde kom,"Eén bestuurder, geen hindernis (incl. val)",Geen hindernis
42290,47,Vilvoorde,Vilvoorde,50.91372,4.41497,0.42375646529121497,50.90997981577044,4.416129233228741,2023,9,15,23088,Vilvoorde,Normaal,Droog,Dag,met lichtgewonden,9,personenauto,3,Fiets,Op Kruispunt,Gewestweg,buiten bebouwde kom,Tss. 2 best.: langs opzij (voor-/achterkant-flank),Geen hindernis
42291,1,Machelen,Machelen,50.91618331151478,4.456121776137429,1.5557924035472215,50.90515263275533,4.442470654358202,2023,9,6,23047,Machelen,Normaal,Droog,Dageraad - schemering,met lichtgewonden,99,onbekend,3,Fiets,Buiten Kruispunt,Gemeenteweg,binnen bebouwde kom,Tussen 2 bestuurders: Langs achteren,Geen hindernis
42291,47,Vilvoorde,Vilvoorde,50.91372,4.41497,2.1506722993920806,50.90515263275533,4.442470654358202,2023,9,6,23047,Machelen,Normaal,Droog,Dageraad - schemering,met lichtgewonden,99,onbekend,3,Fiets,Buiten Kruispunt,Gemeenteweg,binnen bebouwde kom,Tussen 2 bestuurders: Langs achteren,Geen hindernis
42291,111,Zaventem totem,Zaventem,50.8871216,4.4597084,2.3412426976215723,50.90515263275533,4.442470654358202,2023,9,6,23047,Machelen,Normaal,Droog,Dageraad - schemering,met lichtgewonden,99,onbekend,3,Fiets,Buiten Kruispunt,Gemeenteweg,binnen bebouwde kom,Tussen 2 bestuurders: Langs achteren,Geen hindernis
42292,47,Vilvoorde,Vilvoorde,50.91372,4.41497,2.1719324083195874,50.93126730496263,4.42858106700126,2023,9,7,23088,Vilvoorde,Normaal,Droog,Dag,met lichtgewonden,9,personenauto,3,Fiets,Buiten Kruispunt,Gewestweg,binnen bebouwde kom,Tss. 2 best.: langs opzij (voor-/achterkant-flank),Geen hindernis
42293,111,Zaventem totem,Zaventem,50.8871216,4.4597084,1.1263343167507809,50.89187131862274,4.445525632116436,2023,9,12,23047,Machelen,Normaal,Droog,Dag,met lichtgewonden,9,personenauto,3,Fiets,Buiten Kruispunt,Gemeenteweg,binnen bebouwde kom,Tss. 2 best.: langs opzij (voor-/achterkant-flank),Geen hindernis
42293,149,Machelen,,50.88297881,4.43356644,1.296719884858803,50.89187131862274,4.445525632116436,2023,9,12,23047,Machelen,Normaal,Droog,Dag,met lichtgewonden,9,personenauto,3,Fiets,Buiten Kruispunt,Gemeenteweg,binnen bebouwde kom,Tss. 2 best.: langs opzij (voor-/achterkant-flank),Geen hindernis
42294,1,Machelen,Machelen,50.91618331151478,4.456121776137429,1.9655757253373074,50.90168396146733,4.440086105994471,2023,9,7,23047,Machelen,Normaal,Proper,Dageraad - schemering,met lichtgewonden,1,Autobus,3,Fiets,Op Kruispunt,Gewestweg,buiten bebouwde kom,Tss. 2 best.: langs opzij (voor-/achterkant-flank),Geen hindernis
42294,111,Zaventem totem,Zaventem,50.8871216,4.4597084,2.125095891675884,50.90168396146733,4.440086105994471,2023,9,7,23047,Machelen,Normaal,Proper,Dageraad - schemering,met lichtgewonden,1,Autobus,3,Fiets,Op Kruispunt,Gewestweg,buiten bebouwde kom,Tss. 2 best.: langs opzij (voor-/achterkant-flank),Geen hindernis
42294,149,Machelen,,50.88297881,4.43356644,2.129593677811932,50.90168396146733,4.440086105994471,2023,9,7,23047,Machelen,Normaal,Proper,Dageraad - schemering,met lichtgewonden,1,Autobus,3,Fiets,Op Kruispunt,Gewestweg,buiten bebouwde kom,Tss. 2 best.: langs opzij (voor-/achterkant-flank),Geen hindernis
42294,47,Vilvoorde,Vilvoorde,50.91372,4.41497,2.211892174463246,50.90168396146733,4.440086105994471,2023,9,7,23047,Machelen,Normaal,Proper,Dageraad - schemering,met lichtgewonden,1,Autobus,3,Fiets,Op Kruispunt,Gewestweg,buiten bebouwde kom,Tss. 2 best.: langs opzij (voor-/achterkant-flank),Geen hindernis
42295,149,Machelen,,50.88297881,4.43356644,0.5667093122416458,50.881813953061005,4.44143063901555,2023,9,16,23047,Machelen,Normaal,Droog,Dag,met lichtgewonden,3,Fiets,3,Fiets,Buiten Kruispunt,Gemeenteweg,buiten bebouwde kom,Tussen 2 bestuurders: Flank tegen flank,Geen hindernis
42295,111,Zaventem totem,Zaventem,50.8871216,4.4597084,1.4115160204636799,50.881813953061005,4.44143063901555,2023,9,16,23047,Machelen,Normaal,Droog,Dag,met lichtgewonden,3,Fiets,3,Fiets,Buiten Kruispunt,Gemeenteweg,buiten bebouwde kom,Tussen 2 bestuurders: Flank tegen flank,Geen hindernis
42295,26,Zaventem,Zaventem,50.86995,4.45444,1.6042158315163948,50.881813953061005,4.44143063901555,2023,9,16,23047,Machelen,Normaal,Droog,Dag,met lichtgewonden,3,Fiets,3,Fiets,Buiten Kruispunt,Gemeenteweg,buiten bebouwde kom,Tussen 2 bestuurders: Flank tegen flank,Geen hindernis
42296,1,Machelen,Machelen,50.91618331151478,4.456121776137429,2.07403929214241,50.92916755891476,4.434878761684304,2023,9,18,23088,Vilvoorde,Normaal,Droog,Dag,met lichtgewonden,3,Fiets,11,een weggebruiker tegen een hindernis,Buiten Kruispunt,Gemeenteweg,binnen bebouwde kom,Weggebruiker tegen hindernis op de rijbaan,Op de rijbaan: Dier (wild dier)
42296,47,Vilvoorde,Vilvoorde,50.91372,4.41497,2.2131264698703785,50.92916755891476,4.434878761684304,2023,9,18,23088,Vilvoorde,Normaal,Droog,Dag,met lichtgewonden,3,Fiets,11,een weggebruiker tegen een hindernis,Buiten Kruispunt,Gemeenteweg,binnen bebouwde kom,Weggebruiker tegen hindernis op de rijbaan,Op de rijbaan: Dier (wild dier)
42299,1,Machelen,Machelen,50.91618331151478,4.456121776137429,2.191073317148732,50.916406618852896,4.487374646230845,2023,9,1,23081,Steenokkerzeel,Regenval,"Nat, plassen","Nacht, openbare verlichting aanwezig en ontstoken",met lichtgewonden,3,Fiets,9,personenauto,Buiten Kruispunt,Gemeenteweg,binnen bebouwde kom,Tussen 2 bestuurders: Langs achteren,Geen hindernis
42301,136,Gent R4,Gent,51.0876313,3.7587918,2.089453033110852,51.0923293691115,3.787758762950909,2023,9,14,44021,Gent,Onbekend,"Nat, plassen",Dag,met lichtgewonden,3,Fiets,10,"één bestuurder, geen hindernis",Op Kruispunt,Gemeenteweg,binnen bebouwde kom,"Eén bestuurder, geen hindernis (incl. val)",Geen hindernis
42302,13,Gent,Gent,51.03018,3.70146,0.3506130912392759,51.02705029090982,3.702070045740561,2023,9,7,44021,Gent,Normaal,Droog,Dag,met lichtgewonden,3,Fiets,6,Bromfiets,Buiten Kruispunt,Autosnelweg,buiten bebouwde kom,Tussen 2 bestuurders: Flank tegen flank,Geen hindernis
42303,13,Gent,Gent,51.03018,3.70146,1.8584647127265088,51.04004145009525,3.722918853794884,2023,9,4,44021,Gent,Normaal,Droog,"Nacht, openbare verlichting aanwezig en ontstoken",met lichtgewonden,3,Fiets,10,"één bestuurder, geen hindernis",Buiten Kruispunt,Gewestweg,binnen bebouwde kom,"Eén bestuurder, geen hindernis (incl. val)",Geen hindernis
42304,13,Gent,Gent,51.03018,3.70146,1.147675136837883,51.02163218812311,3.6922627202447185,2023,9,8,44021,Gent,Onbekend,Droog,Dageraad - schemering,met lichtgewonden,9,personenauto,3,Fiets,Op Kruispunt,Gewestweg,buiten bebouwde kom,Tss. 2 best.: langs opzij (voor-/achterkant-flank),Geen hindernis
42307,13,Gent,Gent,51.03018,3.70146,1.6924434999862643,51.02861409350817,3.725532547669462,2023,9,14,44021,Gent,Normaal,Droog,Dag,met lichtgewonden,9,personenauto,3,Fiets,Op Kruispunt,Gemeenteweg,binnen bebouwde kom,Tussen 2 bestuurders: Flank tegen flank,Geen hindernis
42309,7,Evergem 1,Evergem,51.1089,3.70317,1.2713273806528849,51.098890099254845,3.7119686131155927,2023,9,6,44021,Gent,Regenval,"Nat, plassen",Dageraad - schemering,met lichtgewonden,9,personenauto,3,Fiets,Op Kruispunt,Gewestweg,binnen bebouwde kom,Tss. 2 best.: langs opzij (voor-/achterkant-flank),Geen hindernis
42309,6,Evergem 2,Evergem,51.10894,3.70298,1.2816665107337695,51.098890099254845,3.7119686131155927,2023,9,6,44021,Gent,Regenval,"Nat, plassen",Dageraad - schemering,met lichtgewonden,9,personenauto,3,Fiets,Op Kruispunt,Gewestweg,binnen bebouwde kom,Tss. 2 best.: langs opzij (voor-/achterkant-flank),Geen hindernis
42311,136,Gent R4,Gent,51.0876313,3.7587918,1.5378126023239442,51.09936202049806,3.7704548780474454,2023,9,12,44021,Gent,Normaal,Droog,Dag,met lichtgewonden,9,personenauto,3,Fiets,Buiten Kruispunt,Gemeenteweg,binnen bebouwde kom,Tussen 2 bestuurders: Langs achteren,Geen hindernis
42313,13,Gent,Gent,51.03018,3.70146,2.107542766633089,51.04911335126848,3.702852543159056,2023,9,20,44021,Gent,Normaal,Droog,"Nacht, openbare verlichting aanwezig en ontstoken",met lichtgewonden,3,Fiets,3,Fiets,Buiten Kruispunt,Gemeenteweg,binnen bebouwde kom,Tussen 2 bestuurders: Frontale botsing,Geen hindernis
42314,13,Gent,Gent,51.03018,3.70146,2.3424259058839745,51.05096285203778,3.7069340929623107,2023,9,15,44021,Gent,Normaal,Droog,Dag,met lichtgewonden,3,Fiets,3,Fiets,Buiten Kruispunt,Gemeenteweg,binnen bebouwde kom,Tss. 2 best.: langs opzij (voor-/achterkant-flank),Geen hindernis
42315,13,Gent,Gent,51.03018,3.70146,2.068157377108921,51.043835941786504,3.7215412339362794,2023,9,19,44021,Gent,Normaal,Droog,Dageraad - schemering,met lichtgewonden,3,Fiets,9,personenauto,Op Kruispunt,Gemeenteweg,binnen bebouwde kom,Tss. 2 best.: langs opzij (voor-/achterkant-flank),Geen hindernis
42316,13,Gent,Gent,51.03018,3.70146,2.475477896174069,51.047497940187206,3.7237082833545947,2023,9,0,44021,Gent,Normaal,Droog,"Nacht, openbare verlichting aanwezig en ontstoken",met lichtgewonden,3,Fiets,9,personenauto,Op Kruispunt,Gemeenteweg,binnen bebouwde kom,Tss. 2 best.: langs opzij (voor-/achterkant-flank),Geen hindernis
42318,13,Gent,Gent,51.03018,3.70146,0.31667656620934825,51.02734832589228,3.701943288422259,2023,8,13,44021,Gent,Normaal,Droog,Dag,met lichtgewonden,6,Bromfiets,3,Fiets,Buiten Kruispunt,Autosnelweg,binnen bebouwde kom,Tss. 2 best.: langs opzij (voor-/achterkant-flank),Geen hindernis
42321,13,Gent,Gent,51.03018,3.70146,1.1496482625526985,51.03464952379091,3.7162848109273137,2023,9,9,44021,Gent,Normaal,Droog,Dag,met zwaargewonden,3,Fiets,1,Autobus,Op Kruispunt,Gewestweg,binnen bebouwde kom,Tss. 2 best.: langs opzij (voor-/achterkant-flank),Geen hindernis
42323,6,Evergem 2,Evergem,51.10894,3.70298,2.3789296408505543,51.08992062851763,3.687379337421938,2023,9,17,44021,Gent,Normaal,Droog,Dag,met lichtgewonden,4,Vrachtwagen,3,Fiets,Buiten Kruispunt,Gemeenteweg,buiten bebouwde kom,Tussen 2 bestuurders: Flank tegen flank,Geen hindernis
42323,7,Evergem 1,Evergem,51.1089,3.70317,2.381091207571954,51.08992062851763,3.687379337421938,2023,9,17,44021,Gent,Normaal,Droog,Dag,met lichtgewonden,4,Vrachtwagen,3,Fiets,Buiten Kruispunt,Gemeenteweg,buiten bebouwde kom,Tussen 2 bestuurders: Flank tegen flank,Geen hindernis
42326,13,Gent,Gent,51.03018,3.70146,2.1599269319119934,51.04949754837023,3.7047002012430426,2023,9,19,44021,Gent,Onbekend,Onbekend,Onbekend,met lichtgewonden,3,Fiets,10,"één bestuurder, geen hindernis",Buiten Kruispunt,Gewestweg,binnen bebouwde kom,"Eén bestuurder, geen hindernis (incl. val)",Geen hindernis
42328,13,Gent,Gent,51.03018,3.70146,2.025146067036669,51.012071891404695,3.7045566613858814,2023,9,17,44021,Gent,Normaal,"Nat, plassen",Dag,met lichtgewonden,3,Fiets,10,"één bestuurder, geen hindernis",Buiten Kruispunt,Gewestweg,binnen bebouwde kom,"Eén bestuurder, geen hindernis (incl. val)",Geen hindernis
42330,13,Gent,Gent,51.03018,3.70146,1.2977803754063906,51.037849607531264,3.7154494866327834,2023,8,9,44021,Gent,Normaal,Droog,Dag,met lichtgewonden,3,Fiets,9,personenauto,Op Kruispunt,Gewestweg,onbekend,Tussen 2 bestuurders: Langs achteren,Geen hindernis
42331,118,Gent teller 1,Gent,51.028049,3.7681359,2.41192931958019,51.036047562889614,3.7360753720030058,2023,9,0,44021,Gent,Normaal,Droog,"Nacht, openbare verlichting aanwezig en ontstoken",met lichtgewonden,3,Fiets,10,"één bestuurder, geen hindernis",Buiten Kruispunt,Gemeenteweg,binnen bebouwde kom,"Eén bestuurder, geen hindernis (incl. val)",Geen hindernis
42331,119,Gent teller 2,Gent,51.0281795,3.7683918,2.423292422284377,51.036047562889614,3.7360753720030058,2023,9,0,44021,Gent,Normaal,Droog,"Nacht, openbare verlichting aanwezig en ontstoken",met lichtgewonden,3,Fiets,10,"één bestuurder, geen hindernis",Buiten Kruispunt,Gemeenteweg,binnen bebouwde kom,"Eén bestuurder, geen hindernis (incl. val)",Geen hindernis
42336,13,Gent,Gent,51.03018,3.70146,1.4766020272599325,51.0370337589207,3.7195466110709856,2023,9,4,44021,Gent,Normaal,Droog,"Nacht, openbare verlichting aanwezig en ontstoken",met lichtgewonden,3,Fiets,10,"één bestuurder, geen hindernis",Buiten Kruispunt,Gemeenteweg,binnen bebouwde kom,"Eén bestuurder, geen hindernis (incl. val)",Geen hindernis
42337,13,Gent,Gent,51.03018,3.70146,2.208699016386363,51.03849325507269,3.7301470429015153,2023,9,22,44021,Gent,Normaal,"Nat, plassen","Nacht, openbare verlichting aanwezig en ontstoken",met lichtgewonden,9,personenauto,3,Fiets,Op Kruispunt,Gewestweg,binnen bebouwde kom,Tss. 2 best.: langs opzij (voor-/achterkant-flank),Geen hindernis
42340,13,Gent,Gent,51.03018,3.70146,1.9531353537462084,51.039054297408,3.677355186595165,2023,9,15,44021,Gent,Normaal,Droog,Dag,met zwaargewonden,4,Vrachtwagen,3,Fiets,Buiten Kruispunt,Gemeenteweg,buiten bebouwde kom,Tss. 2 best.: langs opzij (voor-/achterkant-flank),Geen hindernis
42361,118,Gent teller 1,Gent,51.028049,3.7681359,1.9709107361781184,51.01432835780923,3.7859745774155287,2023,9,8,44040,Melle,Normaal,Droog,Dag,met lichtgewonden,3,Fiets,9,personenauto,Buiten Kruispunt,Gewestweg,binnen bebouwde kom,Tss. 2 best.: langs opzij (voor-/achterkant-flank),Geen hindernis
42361,119,Gent teller 2,Gent,51.0281795,3.7683918,1.9709457704674305,51.01432835780923,3.7859745774155287,2023,9,8,44040,Melle,Normaal,Droog,Dag,met lichtgewonden,3,Fiets,9,personenauto,Buiten Kruispunt,Gewestweg,binnen bebouwde kom,Tss. 2 best.: langs opzij (voor-/achterkant-flank),Geen hindernis
42361,116,Melle teller 2,Melle,50.9986113,3.8040599,2.157661435464132,51.01432835780923,3.7859745774155287,2023,9,8,44040,Melle,Normaal,Droog,Dag,met lichtgewonden,3,Fiets,9,personenauto,Buiten Kruispunt,Gewestweg,binnen bebouwde kom,Tss. 2 best.: langs opzij (voor-/achterkant-flank),Geen hindernis
42361,117,Melle teller 1,Melle,50.9986113,3.8040599,2.157661435464132,51.01432835780923,3.7859745774155287,2023,9,8,44040,Melle,Normaal,Droog,Dag,met lichtgewonden,3,Fiets,9,personenauto,Buiten Kruispunt,Gewestweg,binnen bebouwde kom,Tss. 2 best.: langs opzij (voor-/achterkant-flank),Geen hindernis
42365,116,Melle teller 2,Melle,50.9986113,3.8040599,0.9776560027028163,50.99592878669914,3.817364044092622,2023,9,8,44040,Melle,Normaal,Droog,Dag,met lichtgewonden,3,Fiets,9,personenauto,Buiten Kruispunt,Gewestweg,buiten bebouwde kom,Tss. 2 best.: langs opzij (voor-/achterkant-flank),Geen hindernis
42365,117,Melle teller 1,Melle,50.9986113,3.8040599,0.9776560027028163,50.99592878669914,3.817364044092622,2023,9,8,44040,Melle,Normaal,Droog,Dag,met lichtgewonden,3,Fiets,9,personenauto,Buiten Kruispunt,Gewestweg,buiten bebouwde kom,Tss. 2 best.: langs opzij (voor-/achterkant-flank),Geen hindernis
42367,116,Melle teller 2,Melle,50.9986113,3.8040599,1.9540952189431253,50.98117331892572,3.800598112280224,2023,9,2,44040,Melle,Normaal,Droog,"Nacht, openbare verlichting aanwezig en ontstoken",met lichtgewonden,3,Fiets,9,personenauto,Buiten Kruispunt,Gewestweg,binnen bebouwde kom,Tss. 2 best.: langs opzij (voor-/achterkant-flank),Geen hindernis
42367,117,Melle teller 1,Melle,50.9986113,3.8040599,1.9540952189431253,50.98117331892572,3.800598112280224,2023,9,2,44040,Melle,Normaal,Droog,"Nacht, openbare verlichting aanwezig en ontstoken",met lichtgewonden,3,Fiets,9,personenauto,Buiten Kruispunt,Gewestweg,binnen bebouwde kom,Tss. 2 best.: langs opzij (voor-/achterkant-flank),Geen hindernis
42379,7,Evergem 1,Evergem,51.1089,3.70317,1.42703833627491,51.11080081425087,3.7233858743268895,2023,9,5,44019,Evergem,Regenval,"Nat, plassen",Dageraad - schemering,met lichtgewonden,3,Fiets,10,"één bestuurder, geen hindernis",Op Kruispunt,Gemeenteweg,binnen bebouwde kom,"Eén bestuurder, geen hindernis (incl. val)",Geen hindernis
42379,6,Evergem 2,Evergem,51.10894,3.70298,1.4395108964661105,51.11080081425087,3.7233858743268895,2023,9,5,44019,Evergem,Regenval,"Nat, plassen",Dageraad - schemering,met lichtgewonden,3,Fiets,10,"één bestuurder, geen hindernis",Op Kruispunt,Gemeenteweg,binnen bebouwde kom,"Eén bestuurder, geen hindernis (incl. val)",Geen hindernis
42381,115,Aalter,Aalter,51.1058367,3.4350591,0.11274751999775202,51.10657278014423,3.433948444740607,2023,9,16,44084,Aalter,Normaal,Droog,Dag,met zwaargewonden,3,Fiets,11,een weggebruiker tegen een hindernis,Buiten Kruispunt,Gemeenteweg,buiten bebouwde kom,Weggebruiker tegen hindernis op de rijbaan,"Op de rijbaan: Put, straatgoot, tramspoor"
42383,115,Aalter,Aalter,51.1058367,3.4350591,2.281760576198297,51.08531753800359,3.4354130269769674,2023,9,10,44084,Aalter,Normaal,Droog,Dag,met lichtgewonden,9,personenauto,3,Fiets,Buiten Kruispunt,Gemeenteweg,binnen bebouwde kom,Tussen 2 bestuurders: Langs achteren,Geen hindernis
42426,136,Gent R4,Gent,51.0876313,3.7587918,1.965827493371736,51.07758818838348,3.7819523878680115,2023,8,15,44021,Gent,Onbekend,Onbekend,Dag,met lichtgewonden,3,Fiets,11,een weggebruiker tegen een hindernis,Buiten Kruispunt,Gewestweg,onbekend,Weggebruiker tegen hindernis buiten rijbaan,Buiten de rijbaan: Omheining
42448,126,Hamme totem,Hamme,51.1017709,4.1469307,1.7283933845048063,51.11191264329065,4.165691651965221,2023,9,15,46025,Temse,Normaal,Droog,Dag,met lichtgewonden,3,Fiets,3,Fiets,Buiten Kruispunt,Gemeenteweg,binnen bebouwde kom,Tussen 2 bestuurders: Frontale botsing,Geen hindernis
42450,126,Hamme totem,Hamme,51.1017709,4.1469307,1.5248254844011941,51.114527361122086,4.138916017248804,2023,9,13,46025,Temse,Normaal,Droog,Dag,met lichtgewonden,3,Fiets,10,"één bestuurder, geen hindernis",Buiten Kruispunt,Gemeenteweg,binnen bebouwde kom,"Eén bestuurder, geen hindernis (incl. val)",Geen hindernis
42455,129,Lokeren teller 2,Lokeren,51.09612,3.97025,1.001256492047824,51.08858784525477,3.9623935687498424,2023,9,15,46014,Lokeren,Normaal,Droog,Dag,met lichtgewonden,3,Fiets,10,"één bestuurder, geen hindernis",Buiten Kruispunt,Gewestweg,binnen bebouwde kom,"Eén bestuurder, geen hindernis (incl. val)",Geen hindernis
42455,128,Lokeren teller 1,Lokeren,51.09644,3.97023,1.0304615244650257,51.08858784525477,3.9623935687498424,2023,9,15,46014,Lokeren,Normaal,Droog,Dag,met lichtgewonden,3,Fiets,10,"één bestuurder, geen hindernis",Buiten Kruispunt,Gewestweg,binnen bebouwde kom,"Eén bestuurder, geen hindernis (incl. val)",Geen hindernis
42455,141,Test site A support,Lokeren,51.08342085,3.9961071208376326,2.423882981495159,51.08858784525477,3.9623935687498424,2023,9,15,46014,Lokeren,Normaal,Droog,Dag,met lichtgewonden,3,Fiets,10,"één bestuurder, geen hindernis",Buiten Kruispunt,Gewestweg,binnen bebouwde kom,"Eén bestuurder, geen hindernis (incl. val)",Geen hindernis
42457,129,Lokeren teller 2,Lokeren,51.09612,3.97025,1.3203472079703273,51.09502836472209,3.989077143358975,2023,9,14,46014,Lokeren,Normaal,Droog,Dag,met lichtgewonden,3,Fiets,11,een weggebruiker tegen een hindernis,Buiten Kruispunt,Gewestweg,buiten bebouwde kom,Weggebruiker tegen hindernis op de rijbaan,"Op de rijbaan: Put, straatgoot, tramspoor"
42457,128,Lokeren teller 1,Lokeren,51.09644,3.97023,1.3254748712847968,51.09502836472209,3.989077143358975,2023,9,14,46014,Lokeren,Normaal,Droog,Dag,met lichtgewonden,3,Fiets,11,een weggebruiker tegen een hindernis,Buiten Kruispunt,Gewestweg,buiten bebouwde kom,Weggebruiker tegen hindernis op de rijbaan,"Op de rijbaan: Put, straatgoot, tramspoor"