crash_row_id,site_id,site_name,site_gemeente,site_lat,site_long,distance_km,crash_lat,crash_long,DT_YEAR_COLLISION,DT_MONTH_COLLISION,DT_TIME,CD_NIS,TX_MUNTY_COLLISION_NL,TX_WEATHER_NL,TX_ROAD_CONDITION_NL,TX_LIGHT_CONDITION_NL,TX_CLASS_ACCIDENTS_NL,CD_ROAD_USR_TYPE1,TX_ROAD_USR_TYPE1_NL,CD_ROAD_USR_TYPE2,TX_ROAD_USR_TYPE2_NL,TX_CROSSWAY_NL,CD_ROAD_TYPE_NL,TX_BUILD_UP_AREA_NL,TX_COLLISION_TYPE_NL,TX_OBSTACLES_NL
42457,141,Test site A support,Lokeren,51.08342085,3.9961071208376326,1.3809312075581432,51.09502836472209,3.989077143358975,2023,9,14,46014,Lokeren,Normaal,Droog,Dag,met lichtgewonden,3,Fiets,11,een weggebruiker tegen een hindernis,Buiten Kruispunt,Gewestweg,buiten bebouwde kom,Weggebruiker tegen hindernis op de rijbaan,"Op de rijbaan: Put, straatgoot, tramspoor"
42458,141,Test site A support,Lokeren,51.08342085,3.9961071208376326,1.1077096893199152,51.091909706024076,3.9878074544753366,2023,9,11,46014,Lokeren,Normaal,Droog,Dag,met lichtgewonden,3,Fiets,10,"één bestuurder, geen hindernis",Buiten Kruispunt,Gemeenteweg,binnen bebouwde kom,"Eén bestuurder, geen hindernis (incl. val)",Geen hindernis
42458,129,Lokeren teller 2,Lokeren,51.09612,3.97025,1.3124686172762663,51.091909706024076,3.9878074544753366,2023,9,11,46014,Lokeren,Normaal,Droog,Dag,met lichtgewonden,3,Fiets,10,"één bestuurder, geen hindernis",Buiten Kruispunt,Gemeenteweg,binnen bebouwde kom,"Eén bestuurder, geen hindernis (incl. val)",Geen hindernis
42458,128,Lokeren teller 1,Lokeren,51.09644,3.97023,1.3268659760134986,51.091909706024076,3.9878074544753366,2023,9,11,46014,Lokeren,Normaal,Droog,Dag,met lichtgewonden,3,Fiets,10,"één bestuurder, geen hindernis",Buiten Kruispunt,Gemeenteweg,binnen bebouwde kom,"Eén bestuurder, geen hindernis (incl. val)",Geen hindernis
42459,128,Lokeren teller 1,Lokeren,51.09644,3.97023,2.010773643987928,51.11186252863273,3.9852673322391072,2023,9,6,46014,Lokeren,Normaal,Droog,Dag,met lichtgewonden,9,personenauto,3,Fiets,Op Kruispunt,Gewestweg,binnen bebouwde kom,Tss. 2 best.: langs opzij (voor-/achterkant-flank),Geen hindernis
42459,129,Lokeren teller 2,Lokeren,51.09612,3.97025,2.04048892642355,51.11186252863273,3.9852673322391072,2023,9,6,46014,Lokeren,Normaal,Droog,Dag,met lichtgewonden,9,personenauto,3,Fiets,Op Kruispunt,Gewestweg,binnen bebouwde kom,Tss. 2 best.: langs opzij (voor-/achterkant-flank),Geen hindernis
42460,128,Lokeren teller 1,Lokeren,51.09644,3.97023,2.44007414304141,51.1146888447434,3.95082041616714,2023,9,17,46014,Lokeren,Normaal,Proper,Dag,met lichtgewonden,9,personenauto,3,Fiets,Buiten Kruispunt,Gewestweg,buiten bebouwde kom,Tss. 2 best.: langs opzij (voor-/achterkant-flank),Geen hindernis
42460,129,Lokeren teller 2,Lokeren,51.09612,3.97025,2.4705127292637807,51.1146888447434,3.95082041616714,2023,9,17,46014,Lokeren,Normaal,Proper,Dag,met lichtgewonden,9,personenauto,3,Fiets,Buiten Kruispunt,Gewestweg,buiten bebouwde kom,Tss. 2 best.: langs opzij (voor-/achterkant-flank),Geen hindernis
42462,136,Gent R4,Gent,51.0876313,3.7587918,2.4354181269728055,51.08315665633287,3.792923604974569,2023,9,6,44021,Gent,Normaal,Droog,"Nacht, openb. verlicht. aanw., maar niet ontstoken",met lichtgewonden,3,Fiets,4,Vrachtwagen,Buiten Kruispunt,Gewestweg,binnen bebouwde kom,Tussen 2 bestuurders: Flank tegen flank,Geen hindernis
42465,126,Hamme totem,Hamme,51.1017709,4.1469307,1.5655167404806714,51.08941023931491,4.136197951068063,2023,9,11,42008,Hamme,Normaal,Droog,Dag,met zwaargewonden,9,personenauto,3,Fiets,Buiten Kruispunt,Gewestweg,binnen bebouwde kom,Tss. 2 best.: langs opzij (voor-/achterkant-flank),Geen hindernis
42468,126,Hamme totem,Hamme,51.1017709,4.1469307,0.620639791776942,51.10007786353226,4.13846095456252,2023,9,14,42008,Hamme,Normaal,Droog,Dag,met zwaargewonden,3,Fiets,8,Voetganger,Op Kruispunt,Gemeenteweg,binnen bebouwde kom,Met een voetganger,Geen hindernis
42469,126,Hamme totem,Hamme,51.1017709,4.1469307,1.5940776663865759,51.09361793174755,4.128153769482381,2023,9,10,42008,Hamme,Regenval,"Nat, plassen",Dag,met lichtgewonden,9,personenauto,3,Fiets,Buiten Kruispunt,Gemeenteweg,binnen bebouwde kom,Tussen 2 bestuurders: Flank tegen flank,Geen hindernis
42470,126,Hamme totem,Hamme,51.1017709,4.1469307,1.4498014538661153,51.09068914294259,4.135991799320331,2023,9,8,42008,Hamme,Normaal,Droog,Dag,met lichtgewonden,3,Fiets,9,personenauto,Op Kruispunt,Gewestweg,binnen bebouwde kom,Tss. 2 best.: langs opzij (voor-/achterkant-flank),Geen hindernis
42472,120,Zele teller 1,Zele,51.0607671,4.0547741,1.799613845197222,51.07126096235202,4.035167676401996,2023,9,22,42028,Zele,Normaal,Droog,"Nacht, openbare verlichting aanwezig en ontstoken",met lichtgewonden,9,personenauto,3,Fiets,Op Kruispunt,Gemeenteweg,binnen bebouwde kom,Tss. 2 best.: langs opzij (voor-/achterkant-flank),Geen hindernis
42472,121,Zele teller 2,Zele,51.0604067,4.0556696,1.873268242592689,51.07126096235202,4.035167676401996,2023,9,22,42028,Zele,Normaal,Droog,"Nacht, openbare verlichting aanwezig en ontstoken",met lichtgewonden,9,personenauto,3,Fiets,Op Kruispunt,Gemeenteweg,binnen bebouwde kom,Tss. 2 best.: langs opzij (voor-/achterkant-flank),Geen hindernis
42473,120,Zele teller 1,Zele,51.0607671,4.0547741,1.3414479502709276,51.05404667083361,4.038834504503499,2023,9,7,42028,Zele,Normaal,Droog,Dag,met lichtgewonden,3,Fiets,9,personenauto,Op Kruispunt,Gemeenteweg,buiten bebouwde kom,Tss. 2 best.: langs opzij (voor-/achterkant-flank),Geen hindernis
42473,121,Zele teller 2,Zele,51.0604067,4.0556696,1.3727964822805838,51.05404667083361,4.038834504503499,2023,9,7,42028,Zele,Normaal,Droog,Dag,met lichtgewonden,3,Fiets,9,personenauto,Op Kruispunt,Gemeenteweg,buiten bebouwde kom,Tss. 2 best.: langs opzij (voor-/achterkant-flank),Geen hindernis
42476,120,Zele teller 1,Zele,51.0607671,4.0547741,1.290459894752847,51.07007967936078,4.043754023883056,2023,9,11,42028,Zele,Regenval,"Nat, plassen",Dag,met lichtgewonden,9,personenauto,3,Fiets,Op Kruispunt,Gemeenteweg,binnen bebouwde kom,Tss. 2 best.: langs opzij (voor-/achterkant-flank),Geen hindernis
42476,121,Zele teller 2,Zele,51.0604067,4.0556696,1.3602151018534268,51.07007967936078,4.043754023883056,2023,9,11,42028,Zele,Regenval,"Nat, plassen",Dag,met lichtgewonden,9,personenauto,3,Fiets,Op Kruispunt,Gemeenteweg,binnen bebouwde kom,Tss. 2 best.: langs opzij (voor-/achterkant-flank),Geen hindernis
42479,120,Zele teller 1,Zele,51.0607671,4.0547741,2.4592775630268235,51.08224582833444,4.046380290824077,2023,9,8,42028,Zele,Normaal,Droog,Dag,met lichtgewonden,9,personenauto,3,Fiets,Op Kruispunt,Gemeenteweg,buiten bebouwde kom,Tss. 2 best.: langs opzij (voor-/achterkant-flank),Geen hindernis
42482,152,Opwijk,District Vilvoorde-gewestwegen,50.968901168564656,4.149169474840164,1.8006815653639283,50.98394825044174,4.139662970728521,2023,9,16,42011,Lebbeke,Normaal,Droog,Dag,met lichtgewonden,3,Fiets,9,personenauto,Buiten Kruispunt,Gewestweg,buiten bebouwde kom,Tussen 2 bestuurders: Flank tegen flank,Geen hindernis
42496,10,Aalst 2,Aalst,50.93549,4.01571,0.8104873895507954,50.94244931487272,4.0191488531844,2023,9,15,41002,Aalst,Normaal,Droog,Dag,met lichtgewonden,3,Fiets,9,personenauto,Op Kruispunt,Gewestweg,binnen bebouwde kom,Tss. 2 best.: langs opzij (voor-/achterkant-flank),Geen hindernis
42496,19,Aalst 1,Aalst,50.93433,4.01471,0.9549011284448257,50.94244931487272,4.0191488531844,2023,9,15,41002,Aalst,Normaal,Droog,Dag,met lichtgewonden,3,Fiets,9,personenauto,Op Kruispunt,Gewestweg,binnen bebouwde kom,Tss. 2 best.: langs opzij (voor-/achterkant-flank),Geen hindernis
42496,11,Aalst 3,Aalst,50.93385,4.01647,0.9744502479762659,50.94244931487272,4.0191488531844,2023,9,15,41002,Aalst,Normaal,Droog,Dag,met lichtgewonden,3,Fiets,9,personenauto,Op Kruispunt,Gewestweg,binnen bebouwde kom,Tss. 2 best.: langs opzij (voor-/achterkant-flank),Geen hindernis
42497,11,Aalst 3,Aalst,50.93385,4.01647,1.4933399246968657,50.92795644815554,4.035617240877664,2023,9,20,41002,Aalst,Normaal,Droog,"Nacht, openbare verlichting aanwezig en ontstoken",met lichtgewonden,3,Fiets,10,"één bestuurder, geen hindernis",Buiten Kruispunt,Gewestweg,binnen bebouwde kom,"Eén bestuurder, geen hindernis (incl. val)",Geen hindernis
42497,10,Aalst 2,Aalst,50.93549,4.01571,1.6272801004247135,50.92795644815554,4.035617240877664,2023,9,20,41002,Aalst,Normaal,Droog,"Nacht, openbare verlichting aanwezig en ontstoken",met lichtgewonden,3,Fiets,10,"één bestuurder, geen hindernis",Buiten Kruispunt,Gewestweg,binnen bebouwde kom,"Eén bestuurder, geen hindernis (incl. val)",Geen hindernis
42497,19,Aalst 1,Aalst,50.93433,4.01471,1.6275992405998854,50.92795644815554,4.035617240877664,2023,9,20,41002,Aalst,Normaal,Droog,"Nacht, openbare verlichting aanwezig en ontstoken",met lichtgewonden,3,Fiets,10,"één bestuurder, geen hindernis",Buiten Kruispunt,Gewestweg,binnen bebouwde kom,"Eén bestuurder, geen hindernis (incl. val)",Geen hindernis
42499,10,Aalst 2,Aalst,50.93549,4.01571,1.8028208562441963,50.94817343003591,4.031737956514531,2023,9,11,41002,Aalst,Normaal,Droog,Dag,Met doden,4,Vrachtwagen,3,Fiets,Buiten Kruispunt,Gemeenteweg,binnen bebouwde kom,Tss. 2 best.: langs opzij (voor-/achterkant-flank),Geen hindernis
42499,11,Aalst 3,Aalst,50.93385,4.01647,1.9186119832210522,50.94817343003591,4.031737956514531,2023,9,11,41002,Aalst,Normaal,Droog,Dag,Met doden,4,Vrachtwagen,3,Fiets,Buiten Kruispunt,Gemeenteweg,binnen bebouwde kom,Tss. 2 best.: langs opzij (voor-/achterkant-flank),Geen hindernis
42499,19,Aalst 1,Aalst,50.93433,4.01471,1.9475464877235853,50.94817343003591,4.031737956514531,2023,9,11,41002,Aalst,Normaal,Droog,Dag,Met doden,4,Vrachtwagen,3,Fiets,Buiten Kruispunt,Gemeenteweg,binnen bebouwde kom,Tss. 2 best.: langs opzij (voor-/achterkant-flank),Geen hindernis
42500,11,Aalst 3,Aalst,50.93385,4.01647,2.074643625142161,50.9345625015311,4.046053850491052,2023,9,14,41002,Aalst,Normaal,Droog,Dag,met zwaargewonden,3,Fiets,4,Vrachtwagen,Buiten Kruispunt,Gewestweg,binnen bebouwde kom,Tss. 2 best.: langs opzij (voor-/achterkant-flank),Geen hindernis
42500,10,Aalst 2,Aalst,50.93549,4.01571,2.1288505382932517,50.9345625015311,4.046053850491052,2023,9,14,41002,Aalst,Normaal,Droog,Dag,met zwaargewonden,3,Fiets,4,Vrachtwagen,Buiten Kruispunt,Gewestweg,binnen bebouwde kom,Tss. 2 best.: langs opzij (voor-/achterkant-flank),Geen hindernis
42500,19,Aalst 1,Aalst,50.93433,4.01471,2.19660562568681,50.9345625015311,4.046053850491052,2023,9,14,41002,Aalst,Normaal,Droog,Dag,met zwaargewonden,3,Fiets,4,Vrachtwagen,Buiten Kruispunt,Gewestweg,binnen bebouwde kom,Tss. 2 best.: langs opzij (voor-/achterkant-flank),Geen hindernis
42501,10,Aalst 2,Aalst,50.93549,4.01571,1.1037981802603916,50.94458596355947,4.02201860891026,2023,9,16,41002,Aalst,Normaal,Droog,Dag,met lichtgewonden,9,personenauto,3,Fiets,Op Kruispunt,Gewestweg,binnen bebouwde kom,Tss. 2 best.: langs opzij (voor-/achterkant-flank),Geen hindernis
42501,19,Aalst 1,Aalst,50.93433,4.01471,1.2501149182042197,50.94458596355947,4.02201860891026,2023,9,16,41002,Aalst,Normaal,Droog,Dag,met lichtgewonden,9,personenauto,3,Fiets,Op Kruispunt,Gewestweg,binnen bebouwde kom,Tss. 2 best.: langs opzij (voor-/achterkant-flank),Geen hindernis
42501,11,Aalst 3,Aalst,50.93385,4.01647,1.2554980840629846,50.94458596355947,4.02201860891026,2023,9,16,41002,Aalst,Normaal,Droog,Dag,met lichtgewonden,9,personenauto,3,Fiets,Op Kruispunt,Gewestweg,binnen bebouwde kom,Tss. 2 best.: langs opzij (voor-/achterkant-flank),Geen hindernis
42503,10,Aalst 2,Aalst,50.93549,4.01571,2.0741474354513514,50.945301574511156,4.040886340995982,2023,9,7,41002,Aalst,Normaal,Droog,Dag,met lichtgewonden,3,Fiets,9,personenauto,Buiten Kruispunt,Gemeenteweg,binnen bebouwde kom,Tussen 2 bestuurders: Flank tegen flank,Geen hindernis
42503,11,Aalst 3,Aalst,50.93385,4.01647,2.1326782119072405,50.945301574511156,4.040886340995982,2023,9,7,41002,Aalst,Normaal,Droog,Dag,met lichtgewonden,3,Fiets,9,personenauto,Buiten Kruispunt,Gemeenteweg,binnen bebouwde kom,Tussen 2 bestuurders: Flank tegen flank,Geen hindernis
42503,19,Aalst 1,Aalst,50.93433,4.01471,2.2028088082282284,50.945301574511156,4.040886340995982,2023,9,7,41002,Aalst,Normaal,Droog,Dag,met lichtgewonden,3,Fiets,9,personenauto,Buiten Kruispunt,Gemeenteweg,binnen bebouwde kom,Tussen 2 bestuurders: Flank tegen flank,Geen hindernis
42506,10,Aalst 2,Aalst,50.93549,4.01571,1.5538077633794294,50.94022934387418,4.036570452771275,2023,9,18,41002,Aalst,Onbekend,Droog,Dag,met lichtgewonden,3,Fiets,8,Voetganger,Buiten Kruispunt,Gemeenteweg,binnen bebouwde kom,Met een voetganger,Geen hindernis
42506,11,Aalst 3,Aalst,50.93385,4.01647,1.5770224364811276,50.94022934387418,4.036570452771275,2023,9,18,41002,Aalst,Onbekend,Droog,Dag,met lichtgewonden,3,Fiets,8,Voetganger,Buiten Kruispunt,Gemeenteweg,binnen bebouwde kom,Met een voetganger,Geen hindernis
42506,19,Aalst 1,Aalst,50.93433,4.01471,1.666349404830349,50.94022934387418,4.036570452771275,2023,9,18,41002,Aalst,Onbekend,Droog,Dag,met lichtgewonden,3,Fiets,8,Voetganger,Buiten Kruispunt,Gemeenteweg,binnen bebouwde kom,Met een voetganger,Geen hindernis
42507,11,Aalst 3,Aalst,50.93385,4.01647,2.253750077661749,50.93478664642588,4.048597036947548,2023,9,21,41002,Aalst,Normaal,Droog,"Nacht, openbare verlichting aanwezig en ontstoken",met zwaargewonden,9,personenauto,3,Fiets,Op Kruispunt,Gewestweg,binnen bebouwde kom,Tussen 2 bestuurders: Flank tegen flank,Geen hindernis
42507,10,Aalst 2,Aalst,50.93549,4.01571,2.305886312814657,50.93478664642588,4.048597036947548,2023,9,21,41002,Aalst,Normaal,Droog,"Nacht, openbare verlichting aanwezig en ontstoken",met zwaargewonden,9,personenauto,3,Fiets,Op Kruispunt,Gewestweg,binnen bebouwde kom,Tussen 2 bestuurders: Flank tegen flank,Geen hindernis
42507,19,Aalst 1,Aalst,50.93433,4.01471,2.375207047992019,50.93478664642588,4.048597036947548,2023,9,21,41002,Aalst,Normaal,Droog,"Nacht, openbare verlichting aanwezig en ontstoken",met zwaargewonden,9,personenauto,3,Fiets,Op Kruispunt,Gewestweg,binnen bebouwde kom,Tussen 2 bestuurders: Flank tegen flank,Geen hindernis
42517,142,TEST Validatie BRUGGE Y2H22022134,Brugge,51.22632,3.24095,1.7354450196573337,51.2109925834572,3.2362527748746412,2023,9,15,31005,Brugge,Normaal,"Ijzel, sneeuw",Dag,met lichtgewonden,3,Fiets,3,Fiets,Op Kruispunt,Gewestweg,binnen bebouwde kom,Tss. 2 best.: langs opzij (voor-/achterkant-flank),Geen hindernis
42517,52,Brugge,Brugge,51.22632,3.24095,1.7354450196573337,51.2109925834572,3.2362527748746412,2023,9,15,31005,Brugge,Normaal,"Ijzel, sneeuw",Dag,met lichtgewonden,3,Fiets,3,Fiets,Op Kruispunt,Gewestweg,binnen bebouwde kom,Tss. 2 best.: langs opzij (voor-/achterkant-flank),Geen hindernis
42517,54,Brugge teller 2,Brugge,51.23015,3.22818,2.203151429169555,51.2109925834572,3.2362527748746412,2023,9,15,31005,Brugge,Normaal,"Ijzel, sneeuw",Dag,met lichtgewonden,3,Fiets,3,Fiets,Op Kruispunt,Gewestweg,binnen bebouwde kom,Tss. 2 best.: langs opzij (voor-/achterkant-flank),Geen hindernis
42517,53,Brugge teller 1,Brugge,51.23023,3.228,2.214973310507572,51.2109925834572,3.2362527748746412,2023,9,15,31005,Brugge,Normaal,"Ijzel, sneeuw",Dag,met lichtgewonden,3,Fiets,3,Fiets,Op Kruispunt,Gewestweg,binnen bebouwde kom,Tss. 2 best.: langs opzij (voor-/achterkant-flank),Geen hindernis
42518,122,Dendermonde teller 2,Dendermonde,51.0373918,4.1019222,0.9137605436434614,51.02966912696794,4.097455554493476,2023,9,16,42006,Dendermonde,Normaal,Droog,Dag,met lichtgewonden,3,Fiets,9,personenauto,Buiten Kruispunt,Gemeenteweg,binnen bebouwde kom,Tss. 2 best.: langs opzij (voor-/achterkant-flank),Geen hindernis
42518,125,Dendermonde totem,Dendermonde,51.0372706,4.1025998,0.9186066763813245,51.02966912696794,4.097455554493476,2023,9,16,42006,Dendermonde,Normaal,Droog,Dag,met lichtgewonden,3,Fiets,9,personenauto,Buiten Kruispunt,Gemeenteweg,binnen bebouwde kom,Tss. 2 best.: langs opzij (voor-/achterkant-flank),Geen hindernis
42519,122,Dendermonde teller 2,Dendermonde,51.0373918,4.1019222,0.4582446058497213,51.041471854301626,4.102844835815799,2023,9,11,42006,Dendermonde,Normaal,Droog,Dag,met lichtgewonden,3,Fiets,11,een weggebruiker tegen een hindernis,Buiten Kruispunt,Gewestweg,binnen bebouwde kom,Weggebruiker tegen hindernis buiten rijbaan,Buiten de rijbaan: Andere paal
42519,125,Dendermonde totem,Dendermonde,51.0372706,4.1025998,0.4674722112979292,51.041471854301626,4.102844835815799,2023,9,11,42006,Dendermonde,Normaal,Droog,Dag,met lichtgewonden,3,Fiets,11,een weggebruiker tegen een hindernis,Buiten Kruispunt,Gewestweg,binnen bebouwde kom,Weggebruiker tegen hindernis buiten rijbaan,Buiten de rijbaan: Andere paal
42520,125,Dendermonde totem,Dendermonde,51.0372706,4.1025998,2.48710903984941,51.058163951131846,4.115300681693837,2023,9,9,42006,Dendermonde,Normaal,Droog,Dag,met lichtgewonden,3,Fiets,11,een weggebruiker tegen een hindernis,Buiten Kruispunt,Gemeenteweg,binnen bebouwde kom,Weggebruiker tegen hindernis buiten rijbaan,Andere hindernis
42520,122,Dendermonde teller 2,Dendermonde,51.0373918,4.1019222,2.49191222302531,51.058163951131846,4.115300681693837,2023,9,9,42006,Dendermonde,Normaal,Droog,Dag,met lichtgewonden,3,Fiets,11,een weggebruiker tegen een hindernis,Buiten Kruispunt,Gemeenteweg,binnen bebouwde kom,Weggebruiker tegen hindernis buiten rijbaan,Andere hindernis
42522,122,Dendermonde teller 2,Dendermonde,51.0373918,4.1019222,1.1145784868229633,51.04672874270584,4.096123031078405,2023,9,17,42006,Dendermonde,Normaal,Droog,Dag,met lichtgewonden,9,personenauto,3,Fiets,Buiten Kruispunt,Gemeenteweg,binnen bebouwde kom,Tss. 2 best.: langs opzij (voor-/achterkant-flank),Geen hindernis
42522,125,Dendermonde totem,Dendermonde,51.0372706,4.1025998,1.1450370800624763,51.04672874270584,4.096123031078405,2023,9,17,42006,Dendermonde,Normaal,Droog,Dag,met lichtgewonden,9,personenauto,3,Fiets,Buiten Kruispunt,Gemeenteweg,binnen bebouwde kom,Tss. 2 best.: langs opzij (voor-/achterkant-flank),Geen hindernis
42523,122,Dendermonde teller 2,Dendermonde,51.0373918,4.1019222,0.10313202507006317,51.038280530139936,4.102344139163303,2023,9,16,42006,Dendermonde,Normaal,Droog,Dag,met lichtgewonden,3,Fiets,3,Fiets,Buiten Kruispunt,Gewestweg,binnen bebouwde kom,Tss. 2 best.: langs opzij (voor-/achterkant-flank),Geen hindernis
42523,125,Dendermonde totem,Dendermonde,51.0372706,4.1025998,0.1137129556957524,51.038280530139936,4.102344139163303,2023,9,16,42006,Dendermonde,Normaal,Droog,Dag,met lichtgewonden,3,Fiets,3,Fiets,Buiten Kruispunt,Gewestweg,binnen bebouwde kom,Tss. 2 best.: langs opzij (voor-/achterkant-flank),Geen hindernis
42526,125,Dendermonde totem,Dendermonde,51.0372706,4.1025998,1.9536272831579613,51.021038055617936,4.113288208118193,2023,9,9,42006,Dendermonde,Normaal,Droog,Dag,met lichtgewonden,9,personenauto,3,Fiets,Buiten Kruispunt,Gemeenteweg,binnen bebouwde kom,Tussen 2 bestuurders: Flank tegen flank,Geen hindernis
42526,122,Dendermonde teller 2,Dendermonde,51.0373918,4.1019222,1.9845847467046576,51.021038055617936,4.113288208118193,2023,9,9,42006,Dendermonde,Normaal,Droog,Dag,met lichtgewonden,9,personenauto,3,Fiets,Buiten Kruispunt,Gemeenteweg,binnen bebouwde kom,Tussen 2 bestuurders: Flank tegen flank,Geen hindernis
42529,54,Brugge teller 2,Brugge,51.23015,3.22818,2.3145110910799986,51.210340964178464,3.217973937831172,2023,9,15,31005,Brugge,Normaal,Droog,Dag,met lichtgewonden,3,Fiets,8,Voetganger,Buiten Kruispunt,Gemeenteweg,binnen bebouwde kom,Met een voetganger,Geen hindernis
42529,53,Brugge teller 1,Brugge,51.23023,3.228,2.3191731130423268,51.210340964178464,3.217973937831172,2023,9,15,31005,Brugge,Normaal,Droog,Dag,met lichtgewonden,3,Fiets,8,Voetganger,Buiten Kruispunt,Gemeenteweg,binnen bebouwde kom,Met een voetganger,Geen hindernis
42529,52,Brugge,Brugge,51.22632,3.24095,2.3911693395283184,51.210340964178464,3.217973937831172,2023,9,15,31005,Brugge,Normaal,Droog,Dag,met lichtgewonden,3,Fiets,8,Voetganger,Buiten Kruispunt,Gemeenteweg,binnen bebouwde kom,Met een voetganger,Geen hindernis
42529,142,TEST Validatie BRUGGE Y2H22022134,Brugge,51.22632,3.24095,2.3911693395283184,51.210340964178464,3.217973937831172,2023,9,15,31005,Brugge,Normaal,Droog,Dag,met lichtgewonden,3,Fiets,8,Voetganger,Buiten Kruispunt,Gemeenteweg,binnen bebouwde kom,Met een voetganger,Geen hindernis
42530,53,Brugge teller 1,Brugge,51.23023,3.228,2.4168067333912586,51.21687114974152,3.20062447315803,2023,9,16,31005,Brugge,Normaal,Droog,Dag,met lichtgewonden,9,personenauto,3,Fiets,Buiten Kruispunt,Gewestweg,buiten bebouwde kom,Tss. 2 best.: langs opzij (voor-/achterkant-flank),Geen hindernis
42530,54,Brugge teller 2,Brugge,51.23015,3.22818,2.4212732478571364,51.21687114974152,3.20062447315803,2023,9,16,31005,Brugge,Normaal,Droog,Dag,met lichtgewonden,9,personenauto,3,Fiets,Buiten Kruispunt,Gewestweg,buiten bebouwde kom,Tss. 2 best.: langs opzij (voor-/achterkant-flank),Geen hindernis
42532,54,Brugge teller 2,Brugge,51.23015,3.22818,1.0026552467209733,51.22219220518474,3.2214087807503353,2023,9,7,31005,Brugge,Normaal,Droog,Dag,met lichtgewonden,3,Fiets,99,onbekend,Op Kruispunt,Gewestweg,binnen bebouwde kom,Tussen 2 bestuurders: Frontale botsing,Geen hindernis
42532,53,Brugge teller 1,Brugge,51.23023,3.228,1.0047267580103636,51.22219220518474,3.2214087807503353,2023,9,7,31005,Brugge,Normaal,Droog,Dag,met lichtgewonden,3,Fiets,99,onbekend,Op Kruispunt,Gewestweg,binnen bebouwde kom,Tussen 2 bestuurders: Frontale botsing,Geen hindernis
42532,52,Brugge,Brugge,51.22632,3.24095,1.4361422254420757,51.22219220518474,3.2214087807503353,2023,9,7,31005,Brugge,Normaal,Droog,Dag,met lichtgewonden,3,Fiets,99,onbekend,Op Kruispunt,Gewestweg,binnen bebouwde kom,Tussen 2 bestuurders: Frontale botsing,Geen hindernis
42532,142,TEST Validatie BRUGGE Y2H22022134,Brugge,51.22632,3.24095,1.4361422254420757,51.22219220518474,3.2214087807503353,2023,9,7,31005,Brugge,Normaal,Droog,Dag,met lichtgewonden,3,Fiets,99,onbekend,Op Kruispunt,Gewestweg,binnen bebouwde kom,Tussen 2 bestuurders: Frontale botsing,Geen hindernis
42534,54,Brugge teller 2,Brugge,51.23015,3.22818,0.5710669092064361,51.225407146771865,3.231325889002226,2023,9,14,31005,Brugge,Normaal,Droog,Dag,met lichtgewonden,9,personenauto,3,Fiets,Op Kruispunt,Gemeenteweg,binnen bebouwde kom,Tss. 2 best.: langs opzij (voor-/achterkant-flank),Geen hindernis
42534,53,Brugge teller 1,Brugge,51.23023,3.228,0.584146921782488,51.225407146771865,3.231325889002226,2023,9,14,31005,Brugge,Normaal,Droog,Dag,met lichtgewonden,9,personenauto,3,Fiets,Op Kruispunt,Gemeenteweg,binnen bebouwde kom,Tss. 2 best.: langs opzij (voor-/achterkant-flank),Geen hindernis
42534,52,Brugge,Brugge,51.22632,3.24095,0.6778282191727689,51.225407146771865,3.231325889002226,2023,9,14,31005,Brugge,Normaal,Droog,Dag,met lichtgewonden,9,personenauto,3,Fiets,Op Kruispunt,Gemeenteweg,binnen bebouwde kom,Tss. 2 best.: langs opzij (voor-/achterkant-flank),Geen hindernis
42534,142,TEST Validatie BRUGGE Y2H22022134,Brugge,51.22632,3.24095,0.6778282191727689,51.225407146771865,3.231325889002226,2023,9,14,31005,Brugge,Normaal,Droog,Dag,met lichtgewonden,9,personenauto,3,Fiets,Op Kruispunt,Gemeenteweg,binnen bebouwde kom,Tss. 2 best.: langs opzij (voor-/achterkant-flank),Geen hindernis
42535,142,TEST Validatie BRUGGE Y2H22022134,Brugge,51.22632,3.24095,0.6846023665945761,51.221860981168504,3.2341712694543676,2023,9,5,31005,Brugge,Normaal,Droog,"Nacht, openbare verlichting aanwezig en ontstoken",met lichtgewonden,9,personenauto,3,Fiets,Op Kruispunt,Gewestweg,binnen bebouwde kom,Tss. 2 best.: langs opzij (voor-/achterkant-flank),Geen hindernis
42535,52,Brugge,Brugge,51.22632,3.24095,0.6846023665945761,51.221860981168504,3.2341712694543676,2023,9,5,31005,Brugge,Normaal,Droog,"Nacht, openbare verlichting aanwezig en ontstoken",met lichtgewonden,9,personenauto,3,Fiets,Op Kruispunt,Gewestweg,binnen bebouwde kom,Tss. 2 best.: langs opzij (voor-/achterkant-flank),Geen hindernis
42535,54,Brugge teller 2,Brugge,51.23015,3.22818,1.011724635644823,51.221860981168504,3.2341712694543676,2023,9,5,31005,Brugge,Normaal,Droog,"Nacht, openbare verlichting aanwezig en ontstoken",met lichtgewonden,9,personenauto,3,Fiets,Op Kruispunt,Gewestweg,binnen bebouwde kom,Tss. 2 best.: langs opzij (voor-/achterkant-flank),Geen hindernis
42535,53,Brugge teller 1,Brugge,51.23023,3.228,1.0250266641977381,51.221860981168504,3.2341712694543676,2023,9,5,31005,Brugge,Normaal,Droog,"Nacht, openbare verlichting aanwezig en ontstoken",met lichtgewonden,9,personenauto,3,Fiets,Op Kruispunt,Gewestweg,binnen bebouwde kom,Tss. 2 best.: langs opzij (voor-/achterkant-flank),Geen hindernis