crash_row_id,site_id,site_name,site_gemeente,site_lat,site_long,distance_km,crash_lat,crash_long,DT_YEAR_COLLISION,DT_MONTH_COLLISION,DT_TIME,CD_NIS,TX_MUNTY_COLLISION_NL,TX_WEATHER_NL,TX_ROAD_CONDITION_NL,TX_LIGHT_CONDITION_NL,TX_CLASS_ACCIDENTS_NL,CD_ROAD_USR_TYPE1,TX_ROAD_USR_TYPE1_NL,CD_ROAD_USR_TYPE2,TX_ROAD_USR_TYPE2_NL,TX_CROSSWAY_NL,CD_ROAD_TYPE_NL,TX_BUILD_UP_AREA_NL,TX_COLLISION_TYPE_NL,TX_OBSTACLES_NL
42536,50,"Brugge, Sint-Andries",Brugge,51.19291,3.16252,1.572961470016418,51.199175668677405,3.182758600926147,2023,9,18,31005,Brugge,Normaal,Droog,Dag,met lichtgewonden,9,personenauto,3,Fiets,Op Kruispunt,Gewestweg,buiten bebouwde kom,Tss. 2 best.: langs opzij (voor-/achterkant-flank),Geen hindernis
42536,51,"Brugge, Sint-Andries",Brugge,51.19281,3.16252,1.5779194788143531,51.199175668677405,3.182758600926147,2023,9,18,31005,Brugge,Normaal,Droog,Dag,met lichtgewonden,9,personenauto,3,Fiets,Op Kruispunt,Gewestweg,buiten bebouwde kom,Tss. 2 best.: langs opzij (voor-/achterkant-flank),Geen hindernis
42537,20,Brugge,Brugge,51.17416,3.20048,1.602139272131937,51.18856245665593,3.2011392687315268,2023,9,7,31005,Brugge,Normaal,Droog,Dag,met lichtgewonden,9,personenauto,3,Fiets,Buiten Kruispunt,Gemeenteweg,binnen bebouwde kom,Tss. 2 best.: langs opzij (voor-/achterkant-flank),Geen hindernis
42538,20,Brugge,Brugge,51.17416,3.20048,2.141274886032946,51.193319706757926,3.1973965418099155,2023,9,16,31005,Brugge,Normaal,Droog,Dag,met lichtgewonden,9,personenauto,3,Fiets,Op Kruispunt,Gewestweg,binnen bebouwde kom,Tss. 2 best.: langs opzij (voor-/achterkant-flank),Geen hindernis
42538,50,"Brugge, Sint-Andries",Brugge,51.19291,3.16252,2.430818894856156,51.193319706757926,3.1973965418099155,2023,9,16,31005,Brugge,Normaal,Droog,Dag,met lichtgewonden,9,personenauto,3,Fiets,Op Kruispunt,Gewestweg,binnen bebouwde kom,Tss. 2 best.: langs opzij (voor-/achterkant-flank),Geen hindernis
42538,51,"Brugge, Sint-Andries",Brugge,51.19281,3.16252,2.4310553490403315,51.193319706757926,3.1973965418099155,2023,9,16,31005,Brugge,Normaal,Droog,Dag,met lichtgewonden,9,personenauto,3,Fiets,Op Kruispunt,Gewestweg,binnen bebouwde kom,Tss. 2 best.: langs opzij (voor-/achterkant-flank),Geen hindernis
42541,54,Brugge teller 2,Brugge,51.23015,3.22818,0.5732912556959053,51.23101467742429,3.2362969053711947,2023,9,17,31005,Brugge,Normaal,Droog+Proper,Dag,met lichtgewonden,9,personenauto,3,Fiets,Buiten Kruispunt,Gemeenteweg,binnen bebouwde kom,Tss. 2 best.: langs opzij (voor-/achterkant-flank),Geen hindernis
42541,53,Brugge teller 1,Brugge,51.23023,3.228,0.5842557001617248,51.23101467742429,3.2362969053711947,2023,9,17,31005,Brugge,Normaal,Droog+Proper,Dag,met lichtgewonden,9,personenauto,3,Fiets,Buiten Kruispunt,Gemeenteweg,binnen bebouwde kom,Tss. 2 best.: langs opzij (voor-/achterkant-flank),Geen hindernis
42541,52,Brugge,Brugge,51.22632,3.24095,0.6144001529667945,51.23101467742429,3.2362969053711947,2023,9,17,31005,Brugge,Normaal,Droog+Proper,Dag,met lichtgewonden,9,personenauto,3,Fiets,Buiten Kruispunt,Gemeenteweg,binnen bebouwde kom,Tss. 2 best.: langs opzij (voor-/achterkant-flank),Geen hindernis
42541,142,TEST Validatie BRUGGE Y2H22022134,Brugge,51.22632,3.24095,0.6144001529667945,51.23101467742429,3.2362969053711947,2023,9,17,31005,Brugge,Normaal,Droog+Proper,Dag,met lichtgewonden,9,personenauto,3,Fiets,Buiten Kruispunt,Gemeenteweg,binnen bebouwde kom,Tss. 2 best.: langs opzij (voor-/achterkant-flank),Geen hindernis
42542,142,TEST Validatie BRUGGE Y2H22022134,Brugge,51.22632,3.24095,2.0712042047851513,51.209497826919055,3.2537193784124234,2023,9,13,31005,Brugge,Normaal,Droog,Dag,met lichtgewonden,9,personenauto,3,Fiets,Op Kruispunt,Gewestweg,binnen bebouwde kom,Tss. 2 best.: langs opzij (voor-/achterkant-flank),Geen hindernis
42542,52,Brugge,Brugge,51.22632,3.24095,2.0712042047851513,51.209497826919055,3.2537193784124234,2023,9,13,31005,Brugge,Normaal,Droog,Dag,met lichtgewonden,9,personenauto,3,Fiets,Op Kruispunt,Gewestweg,binnen bebouwde kom,Tss. 2 best.: langs opzij (voor-/achterkant-flank),Geen hindernis
42543,142,TEST Validatie BRUGGE Y2H22022134,Brugge,51.22632,3.24095,2.185599031466905,51.209512790106864,3.2246796159205546,2023,9,12,31005,Brugge,Normaal,Droog+Proper,Dag,met lichtgewonden,3,Fiets,8,Voetganger,Buiten Kruispunt,Gewestweg,binnen bebouwde kom,Met een voetganger,Geen hindernis
42543,52,Brugge,Brugge,51.22632,3.24095,2.185599031466905,51.209512790106864,3.2246796159205546,2023,9,12,31005,Brugge,Normaal,Droog+Proper,Dag,met lichtgewonden,3,Fiets,8,Voetganger,Buiten Kruispunt,Gewestweg,binnen bebouwde kom,Met een voetganger,Geen hindernis
42543,54,Brugge teller 2,Brugge,51.23015,3.22818,2.307666040769002,51.209512790106864,3.2246796159205546,2023,9,12,31005,Brugge,Normaal,Droog+Proper,Dag,met lichtgewonden,3,Fiets,8,Voetganger,Buiten Kruispunt,Gewestweg,binnen bebouwde kom,Met een voetganger,Geen hindernis
42543,53,Brugge teller 1,Brugge,51.23023,3.228,2.315226316369067,51.209512790106864,3.2246796159205546,2023,9,12,31005,Brugge,Normaal,Droog+Proper,Dag,met lichtgewonden,3,Fiets,8,Voetganger,Buiten Kruispunt,Gewestweg,binnen bebouwde kom,Met een voetganger,Geen hindernis
42545,142,TEST Validatie BRUGGE Y2H22022134,Brugge,51.22632,3.24095,2.05892023191065,51.209534395295194,3.25342921659222,2023,9,17,31005,Brugge,Normaal,Droog,Dag,met lichtgewonden,9,personenauto,3,Fiets,Op Kruispunt,Gewestweg,binnen bebouwde kom,Tss. 2 best.: langs opzij (voor-/achterkant-flank),Geen hindernis
42545,52,Brugge,Brugge,51.22632,3.24095,2.05892023191065,51.209534395295194,3.25342921659222,2023,9,17,31005,Brugge,Normaal,Droog,Dag,met lichtgewonden,9,personenauto,3,Fiets,Op Kruispunt,Gewestweg,binnen bebouwde kom,Tss. 2 best.: langs opzij (voor-/achterkant-flank),Geen hindernis
42546,20,Brugge,Brugge,51.17416,3.20048,0.5191017147536294,51.169822248492956,3.1977277253013443,2023,9,17,31005,Brugge,Normaal,Droog,Dag,met lichtgewonden,3,Fiets,9,personenauto,Op Kruispunt,Gewestweg,buiten bebouwde kom,Tss. 2 best.: langs opzij (voor-/achterkant-flank),Geen hindernis
42548,142,TEST Validatie BRUGGE Y2H22022134,Brugge,51.22632,3.24095,2.3202697953285534,51.20898948224005,3.222395219470283,2023,9,0,31005,Brugge,Normaal,Droog,"Nacht, openbare verlichting aanwezig en ontstoken",met lichtgewonden,3,Fiets,9,personenauto,Buiten Kruispunt,Gewestweg,binnen bebouwde kom,Tss. 2 best.: langs opzij (voor-/achterkant-flank),Geen hindernis
42548,52,Brugge,Brugge,51.22632,3.24095,2.3202697953285534,51.20898948224005,3.222395219470283,2023,9,0,31005,Brugge,Normaal,Droog,"Nacht, openbare verlichting aanwezig en ontstoken",met lichtgewonden,3,Fiets,9,personenauto,Buiten Kruispunt,Gewestweg,binnen bebouwde kom,Tss. 2 best.: langs opzij (voor-/achterkant-flank),Geen hindernis
42548,54,Brugge teller 2,Brugge,51.23015,3.22818,2.3871851274359233,51.20898948224005,3.222395219470283,2023,9,0,31005,Brugge,Normaal,Droog,"Nacht, openbare verlichting aanwezig en ontstoken",met lichtgewonden,3,Fiets,9,personenauto,Buiten Kruispunt,Gewestweg,binnen bebouwde kom,Tss. 2 best.: langs opzij (voor-/achterkant-flank),Geen hindernis
42548,53,Brugge teller 1,Brugge,51.23023,3.228,2.39387744409184,51.20898948224005,3.222395219470283,2023,9,0,31005,Brugge,Normaal,Droog,"Nacht, openbare verlichting aanwezig en ontstoken",met lichtgewonden,3,Fiets,9,personenauto,Buiten Kruispunt,Gewestweg,binnen bebouwde kom,Tss. 2 best.: langs opzij (voor-/achterkant-flank),Geen hindernis
42549,142,TEST Validatie BRUGGE Y2H22022134,Brugge,51.22632,3.24095,0.7744744330976756,51.22320032614183,3.2310065004813087,2023,9,8,31005,Brugge,Normaal,"Nat, plassen",Dag,met lichtgewonden,3,Fiets,3,Fiets,Buiten Kruispunt,Gewestweg,binnen bebouwde kom,Tss. 2 best.: langs opzij (voor-/achterkant-flank),Geen hindernis
42549,52,Brugge,Brugge,51.22632,3.24095,0.7744744330976756,51.22320032614183,3.2310065004813087,2023,9,8,31005,Brugge,Normaal,"Nat, plassen",Dag,met lichtgewonden,3,Fiets,3,Fiets,Buiten Kruispunt,Gewestweg,binnen bebouwde kom,Tss. 2 best.: langs opzij (voor-/achterkant-flank),Geen hindernis
42549,54,Brugge teller 2,Brugge,51.23015,3.22818,0.7974398670026679,51.22320032614183,3.2310065004813087,2023,9,8,31005,Brugge,Normaal,"Nat, plassen",Dag,met lichtgewonden,3,Fiets,3,Fiets,Buiten Kruispunt,Gewestweg,binnen bebouwde kom,Tss. 2 best.: langs opzij (voor-/achterkant-flank),Geen hindernis
42549,53,Brugge teller 1,Brugge,51.23023,3.228,0.8092150724802399,51.22320032614183,3.2310065004813087,2023,9,8,31005,Brugge,Normaal,"Nat, plassen",Dag,met lichtgewonden,3,Fiets,3,Fiets,Buiten Kruispunt,Gewestweg,binnen bebouwde kom,Tss. 2 best.: langs opzij (voor-/achterkant-flank),Geen hindernis
42550,53,Brugge teller 1,Brugge,51.23023,3.228,1.4058388403287863,51.2199570001679,3.2162323837763753,2023,9,15,31005,Brugge,Normaal,Droog,Dag,met zwaargewonden,3,Fiets,3,Fiets,Buiten Kruispunt,Gemeenteweg,binnen bebouwde kom,Tussen 2 bestuurders: Flank tegen flank,Geen hindernis
42550,54,Brugge teller 2,Brugge,51.23015,3.22818,1.4060017033519132,51.2199570001679,3.2162323837763753,2023,9,15,31005,Brugge,Normaal,Droog,Dag,met zwaargewonden,3,Fiets,3,Fiets,Buiten Kruispunt,Gemeenteweg,binnen bebouwde kom,Tussen 2 bestuurders: Flank tegen flank,Geen hindernis
42550,52,Brugge,Brugge,51.22632,3.24095,1.8610778186770562,51.2199570001679,3.2162323837763753,2023,9,15,31005,Brugge,Normaal,Droog,Dag,met zwaargewonden,3,Fiets,3,Fiets,Buiten Kruispunt,Gemeenteweg,binnen bebouwde kom,Tussen 2 bestuurders: Flank tegen flank,Geen hindernis
42550,142,TEST Validatie BRUGGE Y2H22022134,Brugge,51.22632,3.24095,1.8610778186770562,51.2199570001679,3.2162323837763753,2023,9,15,31005,Brugge,Normaal,Droog,Dag,met zwaargewonden,3,Fiets,3,Fiets,Buiten Kruispunt,Gemeenteweg,binnen bebouwde kom,Tussen 2 bestuurders: Flank tegen flank,Geen hindernis
42577,15,Oostende 2,Oostende,51.21371,2.92743,2.32590253270926,51.199755630583155,2.902558355265543,2023,9,11,35013,Oostende,Normaal,Droog,Dag,met lichtgewonden,3,Fiets,9,personenauto,Buiten Kruispunt,Gewestweg,binnen bebouwde kom,Tss. 2 best.: langs opzij (voor-/achterkant-flank),Geen hindernis
42577,18,Oostende 1,Oostende,51.21378,2.92765,2.3425156783044323,51.199755630583155,2.902558355265543,2023,9,11,35013,Oostende,Normaal,Droog,Dag,met lichtgewonden,3,Fiets,9,personenauto,Buiten Kruispunt,Gewestweg,binnen bebouwde kom,Tss. 2 best.: langs opzij (voor-/achterkant-flank),Geen hindernis
42578,15,Oostende 2,Oostende,51.21371,2.92743,1.6929467877166013,51.20818736323365,2.9047817587740536,2023,9,17,35013,Oostende,Onbekend,Droog,Dag,met lichtgewonden,3,Fiets,3,Fiets,Buiten Kruispunt,Gewestweg,binnen bebouwde kom,Tussen 2 bestuurders: Flank tegen flank,Geen hindernis
42578,18,Oostende 1,Oostende,51.21378,2.92765,1.7100510478680317,51.20818736323365,2.9047817587740536,2023,9,17,35013,Oostende,Onbekend,Droog,Dag,met lichtgewonden,3,Fiets,3,Fiets,Buiten Kruispunt,Gewestweg,binnen bebouwde kom,Tussen 2 bestuurders: Flank tegen flank,Geen hindernis
42581,15,Oostende 2,Oostende,51.21371,2.92743,2.330460021152788,51.21818696250102,2.8947432027744178,2023,9,16,35013,Oostende,Onbekend,Droog,Dag,met lichtgewonden,3,Fiets,9,personenauto,Op Kruispunt,Gewestweg,binnen bebouwde kom,Tss. 2 best.: langs opzij (voor-/achterkant-flank),Geen hindernis
42581,18,Oostende 1,Oostende,51.21378,2.92765,2.3437904179045015,51.21818696250102,2.8947432027744178,2023,9,16,35013,Oostende,Onbekend,Droog,Dag,met lichtgewonden,3,Fiets,9,personenauto,Op Kruispunt,Gewestweg,binnen bebouwde kom,Tss. 2 best.: langs opzij (voor-/achterkant-flank),Geen hindernis
42582,18,Oostende 1,Oostende,51.21378,2.92765,2.174864048879431,51.23276251743262,2.9351764897636428,2023,9,13,35013,Oostende,Normaal,Droog,Dag,met lichtgewonden,3,Fiets,6,Bromfiets,Buiten Kruispunt,Gemeenteweg,binnen bebouwde kom,Tussen 2 bestuurders: Frontale botsing,Geen hindernis
42582,15,Oostende 2,Oostende,51.21371,2.92743,2.18614931040112,51.23276251743262,2.9351764897636428,2023,9,13,35013,Oostende,Normaal,Droog,Dag,met lichtgewonden,3,Fiets,6,Bromfiets,Buiten Kruispunt,Gemeenteweg,binnen bebouwde kom,Tussen 2 bestuurders: Frontale botsing,Geen hindernis
42584,15,Oostende 2,Oostende,51.21371,2.92743,1.1623862374218203,51.21424789452732,2.910764107419044,2023,9,15,35013,Oostende,Normaal,Droog,Dag,Met doden,3,Fiets,9,personenauto,Op Kruispunt,Gewestweg,binnen bebouwde kom,Tss. 2 best.: langs opzij (voor-/achterkant-flank),Geen hindernis
42584,18,Oostende 1,Oostende,51.21378,2.92765,1.1773195501647975,51.21424789452732,2.910764107419044,2023,9,15,35013,Oostende,Normaal,Droog,Dag,Met doden,3,Fiets,9,personenauto,Op Kruispunt,Gewestweg,binnen bebouwde kom,Tss. 2 best.: langs opzij (voor-/achterkant-flank),Geen hindernis
42590,65,Nieuwpoort teller 2,Nieuwpoort,51.13435,2.75511,1.7665215903053046,51.14962583371889,2.762064306675271,2023,6,12,35011,Middelkerke,Normaal,Droog,Dag,met lichtgewonden,3,Fiets,3,Fiets,Op Kruispunt,Gemeenteweg,binnen bebouwde kom,Tss. 2 best.: langs opzij (voor-/achterkant-flank),Geen hindernis
42590,64,Nieuwpoort teller 1,Nieuwpoort,51.13359,2.75737,1.8129279981875657,51.14962583371889,2.762064306675271,2023,6,12,35011,Middelkerke,Normaal,Droog,Dag,met lichtgewonden,3,Fiets,3,Fiets,Op Kruispunt,Gemeenteweg,binnen bebouwde kom,Tss. 2 best.: langs opzij (voor-/achterkant-flank),Geen hindernis
42590,63,Nieuwpoort teller 3,Nieuwpoort,51.13529,2.74289,2.080949067846021,51.14962583371889,2.762064306675271,2023,6,12,35011,Middelkerke,Normaal,Droog,Dag,met lichtgewonden,3,Fiets,3,Fiets,Op Kruispunt,Gemeenteweg,binnen bebouwde kom,Tss. 2 best.: langs opzij (voor-/achterkant-flank),Geen hindernis
42590,66,Nieuwpoort totem,Nieuwpoort,51.1347,2.74369,2.0970551267787787,51.14962583371889,2.762064306675271,2023,6,12,35011,Middelkerke,Normaal,Droog,Dag,met lichtgewonden,3,Fiets,3,Fiets,Op Kruispunt,Gemeenteweg,binnen bebouwde kom,Tss. 2 best.: langs opzij (voor-/achterkant-flank),Geen hindernis
42596,55,Torhout teller 1,Torhout,51.07161,3.08261,0.6971423978675922,51.068499083055606,3.091272570306235,2023,9,12,31033,Torhout,Normaal,Droog,Dag,met zwaargewonden,9,personenauto,3,Fiets,Op Kruispunt,Gewestweg,buiten bebouwde kom,Tss. 2 best.: langs opzij (voor-/achterkant-flank),Geen hindernis
42596,56,Torhout teller 2,Torhout,51.07147,3.08244,0.7000007175304581,51.068499083055606,3.091272570306235,2023,9,12,31033,Torhout,Normaal,Droog,Dag,met zwaargewonden,9,personenauto,3,Fiets,Op Kruispunt,Gewestweg,buiten bebouwde kom,Tss. 2 best.: langs opzij (voor-/achterkant-flank),Geen hindernis
42597,56,Torhout teller 2,Torhout,51.07147,3.08244,1.8358256422381947,51.060764689851744,3.102440594641887,2023,9,10,31033,Torhout,Normaal,Droog,Dag,met zwaargewonden,9,personenauto,3,Fiets,Op Kruispunt,Gewestweg,binnen bebouwde kom,Tussen 2 bestuurders: Frontale botsing,Geen hindernis
42597,55,Torhout teller 1,Torhout,51.07161,3.08261,1.8369787311021952,51.060764689851744,3.102440594641887,2023,9,10,31033,Torhout,Normaal,Droog,Dag,met zwaargewonden,9,personenauto,3,Fiets,Op Kruispunt,Gewestweg,binnen bebouwde kom,Tussen 2 bestuurders: Frontale botsing,Geen hindernis
42598,55,Torhout teller 1,Torhout,51.07161,3.08261,1.7947297225701366,51.08558700584553,3.0954581532842806,2023,9,18,31033,Torhout,Normaal,Droog,Dag,met lichtgewonden,3,Fiets,9,personenauto,Buiten Kruispunt,Gemeenteweg,buiten bebouwde kom,Tss. 2 best.: langs opzij (voor-/achterkant-flank),Geen hindernis
42598,56,Torhout teller 2,Torhout,51.07147,3.08244,1.81415208934383,51.08558700584553,3.0954581532842806,2023,9,18,31033,Torhout,Normaal,Droog,Dag,met lichtgewonden,3,Fiets,9,personenauto,Buiten Kruispunt,Gemeenteweg,buiten bebouwde kom,Tss. 2 best.: langs opzij (voor-/achterkant-flank),Geen hindernis
42599,84,Roeselare totem,Izegem,50.91717,3.18772,1.9151532400558628,50.908556859009416,3.2113758571371864,2023,9,16,36008,Izegem,Normaal,Droog,Dag,met lichtgewonden,9,personenauto,3,Fiets,Op Kruispunt,Gemeenteweg,binnen bebouwde kom,Tss. 2 best.: langs opzij (voor-/achterkant-flank),Geen hindernis
42604,84,Roeselare totem,Izegem,50.91717,3.18772,2.048461313994579,50.92244819789316,3.215717657908784,2023,9,12,36008,Izegem,Onbekend,Onbekend,Dag,met lichtgewonden,9,personenauto,3,Fiets,Buiten Kruispunt,Gemeenteweg,binnen bebouwde kom,Tss. 2 best.: langs opzij (voor-/achterkant-flank),Geen hindernis
42608,84,Roeselare totem,Izegem,50.91717,3.18772,2.433906543906521,50.913026833087734,3.2218102977549923,2023,9,17,36008,Izegem,Normaal,Droog,Dag,met lichtgewonden,3,Fiets,9,personenauto,Buiten Kruispunt,Gemeenteweg,binnen bebouwde kom,Tss. 2 best.: langs opzij (voor-/achterkant-flank),Geen hindernis
42617,84,Roeselare totem,Izegem,50.91717,3.18772,1.7685049604894814,50.91327734378038,3.2121792690775326,2023,9,12,36008,Izegem,Normaal,Droog,Dag,met lichtgewonden,3,Fiets,3,Fiets,Buiten Kruispunt,Gemeenteweg,binnen bebouwde kom,Tussen 2 bestuurders: Langs achteren,Geen hindernis
42625,61,Wervik teller 2,Wervik,50.80555,3.0921,1.3502886300861336,50.80144123226883,3.110181540891371,2023,9,10,34027,Menen,Normaal,Droog,Dag,met lichtgewonden,3,Fiets,5,Lichte vrachtauto,Op Kruispunt,Gemeenteweg,binnen bebouwde kom,Tss. 2 best.: langs opzij (voor-/achterkant-flank),Geen hindernis
42625,62,Wervik teller 1,Wervik,50.8058,3.09154,1.3967821002166416,50.80144123226883,3.110181540891371,2023,9,10,34027,Menen,Normaal,Droog,Dag,met lichtgewonden,3,Fiets,5,Lichte vrachtauto,Op Kruispunt,Gemeenteweg,binnen bebouwde kom,Tss. 2 best.: langs opzij (voor-/achterkant-flank),Geen hindernis
42628,143,Eco Display Classic Budastraat,Kortrijk,50.83066,3.26286,0.004671751431893508,50.830684725906934,3.2629137793386533,2023,9,17,34022,Kortrijk,Normaal,Droog,Dag,met lichtgewonden,3,Fiets,3,Fiets,Buiten Kruispunt,Gemeenteweg,binnen bebouwde kom,Tss. 2 best.: langs opzij (voor-/achterkant-flank),Geen hindernis
42628,17,Kortrijk 2,Kortrijk,50.83339,3.27773,1.0831557505268752,50.830684725906934,3.2629137793386533,2023,9,17,34022,Kortrijk,Normaal,Droog,Dag,met lichtgewonden,3,Fiets,3,Fiets,Buiten Kruispunt,Gemeenteweg,binnen bebouwde kom,Tss. 2 best.: langs opzij (voor-/achterkant-flank),Geen hindernis
42628,16,Kortrijk 1,Kortrijk,50.83332,3.27777,1.083725002375131,50.830684725906934,3.2629137793386533,2023,9,17,34022,Kortrijk,Normaal,Droog,Dag,met lichtgewonden,3,Fiets,3,Fiets,Buiten Kruispunt,Gemeenteweg,binnen bebouwde kom,Tss. 2 best.: langs opzij (voor-/achterkant-flank),Geen hindernis
42628,75,Kortrijk teller 2,Kortrijk,50.81925,3.25731,1.3310156527873416,50.830684725906934,3.2629137793386533,2023,9,17,34022,Kortrijk,Normaal,Droog,Dag,met lichtgewonden,3,Fiets,3,Fiets,Buiten Kruispunt,Gemeenteweg,binnen bebouwde kom,Tss. 2 best.: langs opzij (voor-/achterkant-flank),Geen hindernis
42628,74,Kortrijk teller 1,Kortrijk,50.81909,3.25728,1.3486383674850753,50.830684725906934,3.2629137793386533,2023,9,17,34022,Kortrijk,Normaal,Droog,Dag,met lichtgewonden,3,Fiets,3,Fiets,Buiten Kruispunt,Gemeenteweg,binnen bebouwde kom,Tss. 2 best.: langs opzij (voor-/achterkant-flank),Geen hindernis
42629,17,Kortrijk 2,Kortrijk,50.83339,3.27773,2.0098881777580844,50.85108694689901,3.2835565491528054,2023,9,17,34023,Kuurne,Normaal,Droog,Dag,met lichtgewonden,5,Lichte vrachtauto,3,Fiets,Buiten Kruispunt,Gemeenteweg,binnen bebouwde kom,Tussen 2 bestuurders: Flank tegen flank,Geen hindernis
42629,16,Kortrijk 1,Kortrijk,50.83332,3.27777,2.0169419016135235,50.85108694689901,3.2835565491528054,2023,9,17,34023,Kuurne,Normaal,Droog,Dag,met lichtgewonden,5,Lichte vrachtauto,3,Fiets,Buiten Kruispunt,Gemeenteweg,binnen bebouwde kom,Tussen 2 bestuurders: Flank tegen flank,Geen hindernis
42630,17,Kortrijk 2,Kortrijk,50.83339,3.27773,1.9276547916645577,50.850658751991126,3.280142488327528,2023,9,8,34023,Kuurne,Normaal,Droog,Dag,met lichtgewonden,9,personenauto,3,Fiets,Op Kruispunt,Gemeenteweg,binnen bebouwde kom,Tussen 2 bestuurders: Frontale botsing,Geen hindernis
42630,16,Kortrijk 1,Kortrijk,50.83332,3.27777,1.935164660586626,50.850658751991126,3.280142488327528,2023,9,8,34023,Kuurne,Normaal,Droog,Dag,met lichtgewonden,9,personenauto,3,Fiets,Op Kruispunt,Gemeenteweg,binnen bebouwde kom,Tussen 2 bestuurders: Frontale botsing,Geen hindernis
42631,143,Eco Display Classic Budastraat,Kortrijk,50.83066,3.26286,1.056315568619782,50.82398710521584,3.27356415311164,2023,9,9,34022,Kortrijk,Onbekend,Onbekend,Dag,met lichtgewonden,3,Fiets,11,een weggebruiker tegen een hindernis,Buiten Kruispunt,Gewestweg,onbekend,Weggebruiker tegen hindernis op de rijbaan,"Op de rijbaan: Werken (signal., aarde, toestel,…)"
42631,16,Kortrijk 1,Kortrijk,50.83332,3.27777,1.0789941424566414,50.82398710521584,3.27356415311164,2023,9,9,34022,Kortrijk,Onbekend,Onbekend,Dag,met lichtgewonden,3,Fiets,11,een weggebruiker tegen een hindernis,Buiten Kruispunt,Gewestweg,onbekend,Weggebruiker tegen hindernis op de rijbaan,"Op de rijbaan: Werken (signal., aarde, toestel,…)"
42631,17,Kortrijk 2,Kortrijk,50.83339,3.27773,1.08572196578292,50.82398710521584,3.27356415311164,2023,9,9,34022,Kortrijk,Onbekend,Onbekend,Dag,met lichtgewonden,3,Fiets,11,een weggebruiker tegen een hindernis,Buiten Kruispunt,Gewestweg,onbekend,Weggebruiker tegen hindernis op de rijbaan,"Op de rijbaan: Werken (signal., aarde, toestel,…)"
42631,75,Kortrijk teller 2,Kortrijk,50.81925,3.25731,1.2574328627861795,50.82398710521584,3.27356415311164,2023,9,9,34022,Kortrijk,Onbekend,Onbekend,Dag,met lichtgewonden,3,Fiets,11,een weggebruiker tegen een hindernis,Buiten Kruispunt,Gewestweg,onbekend,Weggebruiker tegen hindernis op de rijbaan,"Op de rijbaan: Werken (signal., aarde, toestel,…)"
42631,74,Kortrijk teller 1,Kortrijk,50.81909,3.25728,1.2668930295470406,50.82398710521584,3.27356415311164,2023,9,9,34022,Kortrijk,Onbekend,Onbekend,Dag,met lichtgewonden,3,Fiets,11,een weggebruiker tegen een hindernis,Buiten Kruispunt,Gewestweg,onbekend,Weggebruiker tegen hindernis op de rijbaan,"Op de rijbaan: Werken (signal., aarde, toestel,…)"
42632,16,Kortrijk 1,Kortrijk,50.83332,3.27777,1.768249709303879,50.8242858270488,3.2984888354835538,2023,9,6,34022,Kortrijk,Normaal,Droog,"Nacht, openb. verlicht. aanw., maar niet ontstoken",met lichtgewonden,3,Fiets,3,Fiets,Buiten Kruispunt,Gemeenteweg,binnen bebouwde kom,Tussen 2 bestuurders: Frontale botsing,Geen hindernis
42632,17,Kortrijk 2,Kortrijk,50.83339,3.27773,1.7749892806703789,50.8242858270488,3.2984888354835538,2023,9,6,34022,Kortrijk,Normaal,Droog,"Nacht, openb. verlicht. aanw., maar niet ontstoken",met lichtgewonden,3,Fiets,3,Fiets,Buiten Kruispunt,Gemeenteweg,binnen bebouwde kom,Tussen 2 bestuurders: Frontale botsing,Geen hindernis
42633,143,Eco Display Classic Budastraat,Kortrijk,50.83066,3.26286,0.19588051517180574,50.832412110350596,3.2631490464209234,2023,9,17,34022,Kortrijk,Normaal,Droog,Dag,met lichtgewonden,3,Fiets,3,Fiets,Buiten Kruispunt,Gemeenteweg,binnen bebouwde kom,Tussen 2 bestuurders: Frontale botsing,Geen hindernis
42633,17,Kortrijk 2,Kortrijk,50.83339,3.27773,1.0297622161201256,50.832412110350596,3.2631490464209234,2023,9,17,34022,Kortrijk,Normaal,Droog,Dag,met lichtgewonden,3,Fiets,3,Fiets,Buiten Kruispunt,Gemeenteweg,binnen bebouwde kom,Tussen 2 bestuurders: Frontale botsing,Geen hindernis
42633,16,Kortrijk 1,Kortrijk,50.83332,3.27777,1.0317658331261583,50.832412110350596,3.2631490464209234,2023,9,17,34022,Kortrijk,Normaal,Droog,Dag,met lichtgewonden,3,Fiets,3,Fiets,Buiten Kruispunt,Gemeenteweg,binnen bebouwde kom,Tussen 2 bestuurders: Frontale botsing,Geen hindernis
42633,75,Kortrijk teller 2,Kortrijk,50.81925,3.25731,1.5199394839923235,50.832412110350596,3.2631490464209234,2023,9,17,34022,Kortrijk,Normaal,Droog,Dag,met lichtgewonden,3,Fiets,3,Fiets,Buiten Kruispunt,Gemeenteweg,binnen bebouwde kom,Tussen 2 bestuurders: Frontale botsing,Geen hindernis
42633,74,Kortrijk teller 1,Kortrijk,50.81909,3.25728,1.5376420177037013,50.832412110350596,3.2631490464209234,2023,9,17,34022,Kortrijk,Normaal,Droog,Dag,met lichtgewonden,3,Fiets,3,Fiets,Buiten Kruispunt,Gemeenteweg,binnen bebouwde kom,Tussen 2 bestuurders: Frontale botsing,Geen hindernis
42634,143,Eco Display Classic Budastraat,Kortrijk,50.83066,3.26286,1.6654617149717739,50.833091971930074,3.239460471194684,2023,9,13,34022,Kortrijk,Normaal,Droog,Dag,met lichtgewonden,8,Voetganger,3,Fiets,Buiten Kruispunt,Gemeenteweg,binnen bebouwde kom,Met een voetganger,Geen hindernis