crash_row_id,site_id,site_name,site_gemeente,site_lat,site_long,distance_km,crash_lat,crash_long,DT_YEAR_COLLISION,DT_MONTH_COLLISION,DT_TIME,CD_NIS,TX_MUNTY_COLLISION_NL,TX_WEATHER_NL,TX_ROAD_CONDITION_NL,TX_LIGHT_CONDITION_NL,TX_CLASS_ACCIDENTS_NL,CD_ROAD_USR_TYPE1,TX_ROAD_USR_TYPE1_NL,CD_ROAD_USR_TYPE2,TX_ROAD_USR_TYPE2_NL,TX_CROSSWAY_NL,CD_ROAD_TYPE_NL,TX_BUILD_UP_AREA_NL,TX_COLLISION_TYPE_NL,TX_OBSTACLES_NL
42634,75,Kortrijk teller 2,Kortrijk,50.81925,3.25731,1.9851586210774521,50.833091971930074,3.239460471194684,2023,9,13,34022,Kortrijk,Normaal,Droog,Dag,met lichtgewonden,8,Voetganger,3,Fiets,Buiten Kruispunt,Gemeenteweg,binnen bebouwde kom,Met een voetganger,Geen hindernis
42634,74,Kortrijk teller 1,Kortrijk,50.81909,3.25728,1.9976647069033018,50.833091971930074,3.239460471194684,2023,9,13,34022,Kortrijk,Normaal,Droog,Dag,met lichtgewonden,8,Voetganger,3,Fiets,Buiten Kruispunt,Gemeenteweg,binnen bebouwde kom,Met een voetganger,Geen hindernis
42636,143,Eco Display Classic Budastraat,Kortrijk,50.83066,3.26286,2.1926120724207565,50.83645856584299,3.2330190900608633,2023,9,18,34022,Kortrijk,Normaal,Droog,Dag,met lichtgewonden,9,personenauto,3,Fiets,Op Kruispunt,Gemeenteweg,binnen bebouwde kom,Tss. 2 best.: langs opzij (voor-/achterkant-flank),Geen hindernis
42637,143,Eco Display Classic Budastraat,Kortrijk,50.83066,3.26286,0.5736153427898438,50.82975382254485,3.2548196792533486,2023,9,9,34022,Kortrijk,Normaal,Droog,Dag,met lichtgewonden,9,personenauto,3,Fiets,Buiten Kruispunt,Gemeenteweg,binnen bebouwde kom,Tss. 2 best.: langs opzij (voor-/achterkant-flank),Geen hindernis
42637,75,Kortrijk teller 2,Kortrijk,50.81925,3.25731,1.180998100866983,50.82975382254485,3.2548196792533486,2023,9,9,34022,Kortrijk,Normaal,Droog,Dag,met lichtgewonden,9,personenauto,3,Fiets,Buiten Kruispunt,Gemeenteweg,binnen bebouwde kom,Tss. 2 best.: langs opzij (voor-/achterkant-flank),Geen hindernis
42637,74,Kortrijk teller 1,Kortrijk,50.81909,3.25728,1.198290272902249,50.82975382254485,3.2548196792533486,2023,9,9,34022,Kortrijk,Normaal,Droog,Dag,met lichtgewonden,9,personenauto,3,Fiets,Buiten Kruispunt,Gemeenteweg,binnen bebouwde kom,Tss. 2 best.: langs opzij (voor-/achterkant-flank),Geen hindernis
42637,17,Kortrijk 2,Kortrijk,50.83339,3.27773,1.6590369630935828,50.82975382254485,3.2548196792533486,2023,9,9,34022,Kortrijk,Normaal,Droog,Dag,met lichtgewonden,9,personenauto,3,Fiets,Buiten Kruispunt,Gemeenteweg,binnen bebouwde kom,Tss. 2 best.: langs opzij (voor-/achterkant-flank),Geen hindernis
42637,16,Kortrijk 1,Kortrijk,50.83332,3.27777,1.6598861370851663,50.82975382254485,3.2548196792533486,2023,9,9,34022,Kortrijk,Normaal,Droog,Dag,met lichtgewonden,9,personenauto,3,Fiets,Buiten Kruispunt,Gemeenteweg,binnen bebouwde kom,Tss. 2 best.: langs opzij (voor-/achterkant-flank),Geen hindernis
42646,16,Kortrijk 1,Kortrijk,50.83332,3.27777,1.5035333058583844,50.83557148237258,3.2988808453027905,2023,9,17,34013,Harelbeke,Normaal,"Nat, plassen",Dag,met lichtgewonden,3,Fiets,10,"één bestuurder, geen hindernis",Op Kruispunt,Gemeenteweg,binnen bebouwde kom,"Eén bestuurder, geen hindernis (incl. val)",Geen hindernis
42646,17,Kortrijk 2,Kortrijk,50.83339,3.27773,1.505028029138709,50.83557148237258,3.2988808453027905,2023,9,17,34013,Harelbeke,Normaal,"Nat, plassen",Dag,met lichtgewonden,3,Fiets,10,"één bestuurder, geen hindernis",Op Kruispunt,Gemeenteweg,binnen bebouwde kom,"Eén bestuurder, geen hindernis (incl. val)",Geen hindernis
42652,16,Kortrijk 1,Kortrijk,50.83332,3.27777,2.403227146279996,50.83906886925035,3.310759430131814,2023,9,16,34013,Harelbeke,Normaal,Droog,Dag,met lichtgewonden,9,personenauto,3,Fiets,Op Kruispunt,Gemeenteweg,binnen bebouwde kom,Tussen 2 bestuurders: Frontale botsing,Geen hindernis
42652,17,Kortrijk 2,Kortrijk,50.83339,3.27773,2.4038769858835205,50.83906886925035,3.310759430131814,2023,9,16,34013,Harelbeke,Normaal,Droog,Dag,met lichtgewonden,9,personenauto,3,Fiets,Op Kruispunt,Gemeenteweg,binnen bebouwde kom,Tussen 2 bestuurders: Frontale botsing,Geen hindernis
42660,64,Nieuwpoort teller 1,Nieuwpoort,51.13359,2.75737,0.5612320836903291,51.12893857406952,2.7542476253952435,2023,9,7,38016,Nieuwpoort,Normaal,Onbekend,Dag,met lichtgewonden,5,Lichte vrachtauto,3,Fiets,Op Kruispunt,Gemeenteweg,binnen bebouwde kom,Tss. 2 best.: langs opzij (voor-/achterkant-flank),Geen hindernis
42660,65,Nieuwpoort teller 2,Nieuwpoort,51.13435,2.75511,0.6047245289948631,51.12893857406952,2.7542476253952435,2023,9,7,38016,Nieuwpoort,Normaal,Onbekend,Dag,met lichtgewonden,5,Lichte vrachtauto,3,Fiets,Op Kruispunt,Gemeenteweg,binnen bebouwde kom,Tss. 2 best.: langs opzij (voor-/achterkant-flank),Geen hindernis
42660,66,Nieuwpoort totem,Nieuwpoort,51.1347,2.74369,0.9762874253500592,51.12893857406952,2.7542476253952435,2023,9,7,38016,Nieuwpoort,Normaal,Onbekend,Dag,met lichtgewonden,5,Lichte vrachtauto,3,Fiets,Op Kruispunt,Gemeenteweg,binnen bebouwde kom,Tss. 2 best.: langs opzij (voor-/achterkant-flank),Geen hindernis
42660,63,Nieuwpoort teller 3,Nieuwpoort,51.13529,2.74289,1.0615347438567635,51.12893857406952,2.7542476253952435,2023,9,7,38016,Nieuwpoort,Normaal,Onbekend,Dag,met lichtgewonden,5,Lichte vrachtauto,3,Fiets,Op Kruispunt,Gemeenteweg,binnen bebouwde kom,Tss. 2 best.: langs opzij (voor-/achterkant-flank),Geen hindernis
42661,65,Nieuwpoort teller 2,Nieuwpoort,51.13435,2.75511,0.3858679888478824,51.13221430450267,2.750751268786312,2023,9,11,38016,Nieuwpoort,Normaal,Proper,Dag,met lichtgewonden,3,Fiets,9,personenauto,Buiten Kruispunt,Gemeenteweg,binnen bebouwde kom,Tss. 2 best.: langs opzij (voor-/achterkant-flank),Geen hindernis
42661,64,Nieuwpoort teller 1,Nieuwpoort,51.13359,2.75737,0.48650719404079396,51.13221430450267,2.750751268786312,2023,9,11,38016,Nieuwpoort,Normaal,Proper,Dag,met lichtgewonden,3,Fiets,9,personenauto,Buiten Kruispunt,Gemeenteweg,binnen bebouwde kom,Tss. 2 best.: langs opzij (voor-/achterkant-flank),Geen hindernis
42661,66,Nieuwpoort totem,Nieuwpoort,51.1347,2.74369,0.5649369645329347,51.13221430450267,2.750751268786312,2023,9,11,38016,Nieuwpoort,Normaal,Proper,Dag,met lichtgewonden,3,Fiets,9,personenauto,Buiten Kruispunt,Gemeenteweg,binnen bebouwde kom,Tss. 2 best.: langs opzij (voor-/achterkant-flank),Geen hindernis
42661,63,Nieuwpoort teller 3,Nieuwpoort,51.13529,2.74289,0.646407099383466,51.13221430450267,2.750751268786312,2023,9,11,38016,Nieuwpoort,Normaal,Proper,Dag,met lichtgewonden,3,Fiets,9,personenauto,Buiten Kruispunt,Gemeenteweg,binnen bebouwde kom,Tss. 2 best.: langs opzij (voor-/achterkant-flank),Geen hindernis
42662,66,Nieuwpoort totem,Nieuwpoort,51.1347,2.74369,0.6257402837096918,51.12973229649923,2.7479030784599403,2023,9,16,38016,Nieuwpoort,Normaal,Droog,Dag,met lichtgewonden,9,personenauto,3,Fiets,Buiten Kruispunt,Gewestweg,binnen bebouwde kom,Tss. 2 best.: langs opzij (voor-/achterkant-flank),Geen hindernis
42662,63,Nieuwpoort teller 3,Nieuwpoort,51.13529,2.74289,0.7101188062760851,51.12973229649923,2.7479030784599403,2023,9,16,38016,Nieuwpoort,Normaal,Droog,Dag,met lichtgewonden,9,personenauto,3,Fiets,Buiten Kruispunt,Gewestweg,binnen bebouwde kom,Tss. 2 best.: langs opzij (voor-/achterkant-flank),Geen hindernis
42662,65,Nieuwpoort teller 2,Nieuwpoort,51.13435,2.75511,0.7187062636057324,51.12973229649923,2.7479030784599403,2023,9,16,38016,Nieuwpoort,Normaal,Droog,Dag,met lichtgewonden,9,personenauto,3,Fiets,Buiten Kruispunt,Gewestweg,binnen bebouwde kom,Tss. 2 best.: langs opzij (voor-/achterkant-flank),Geen hindernis
42662,64,Nieuwpoort teller 1,Nieuwpoort,51.13359,2.75737,0.7876419322271822,51.12973229649923,2.7479030784599403,2023,9,16,38016,Nieuwpoort,Normaal,Droog,Dag,met lichtgewonden,9,personenauto,3,Fiets,Buiten Kruispunt,Gewestweg,binnen bebouwde kom,Tss. 2 best.: langs opzij (voor-/achterkant-flank),Geen hindernis
42664,62,Wervik teller 1,Wervik,50.8058,3.09154,0.6523990123035577,50.808549987094416,3.08333852098099,2023,9,16,33029,Wervik,Normaal,Droog,Dag,met lichtgewonden,9,personenauto,3,Fiets,Op Kruispunt,Gewestweg,binnen bebouwde kom,Tss. 2 best.: langs opzij (voor-/achterkant-flank),Geen hindernis
42664,61,Wervik teller 2,Wervik,50.80555,3.0921,0.7002164777518503,50.808549987094416,3.08333852098099,2023,9,16,33029,Wervik,Normaal,Droog,Dag,met lichtgewonden,9,personenauto,3,Fiets,Op Kruispunt,Gewestweg,binnen bebouwde kom,Tss. 2 best.: langs opzij (voor-/achterkant-flank),Geen hindernis
42665,62,Wervik teller 1,Wervik,50.8058,3.09154,2.2251500034990435,50.809700991666126,3.060480365805327,2023,9,10,33029,Wervik,Normaal,Droog,Dag,met lichtgewonden,3,Fiets,10,"één bestuurder, geen hindernis",Buiten Kruispunt,Gemeenteweg,buiten bebouwde kom,"Eén bestuurder, geen hindernis (incl. val)",Geen hindernis
42665,61,Wervik teller 2,Wervik,50.80555,3.0921,2.2692539990163247,50.809700991666126,3.060480365805327,2023,9,10,33029,Wervik,Normaal,Droog,Dag,met lichtgewonden,3,Fiets,10,"één bestuurder, geen hindernis",Buiten Kruispunt,Gemeenteweg,buiten bebouwde kom,"Eén bestuurder, geen hindernis (incl. val)",Geen hindernis
42666,67,Ieper totem,Ieper,50.85018,2.85624,1.128015284132843,50.8458318134772,2.8707564001858508,2023,9,10,33011,Ieper,Normaal,Droog,Dag,met lichtgewonden,3,Fiets,5,Lichte vrachtauto,Op Kruispunt,Gemeenteweg,binnen bebouwde kom,Tussen 2 bestuurders: Flank tegen flank,Geen hindernis
42666,68,Ieper,Ieper,50.85032,2.85608,1.1448726128368025,50.8458318134772,2.8707564001858508,2023,9,10,33011,Ieper,Normaal,Droog,Dag,met lichtgewonden,3,Fiets,5,Lichte vrachtauto,Op Kruispunt,Gemeenteweg,binnen bebouwde kom,Tussen 2 bestuurders: Flank tegen flank,Geen hindernis
42667,67,Ieper totem,Ieper,50.85018,2.85624,2.4724225481060005,50.855575598374394,2.890407546221677,2023,9,17,33011,Ieper,Normaal,Droog,Dag,met lichtgewonden,5,Lichte vrachtauto,3,Fiets,Op Kruispunt,Gemeenteweg,binnen bebouwde kom,Tss. 2 best.: langs opzij (voor-/achterkant-flank),Geen hindernis
42667,68,Ieper,Ieper,50.85032,2.85608,2.479601644597122,50.855575598374394,2.890407546221677,2023,9,17,33011,Ieper,Normaal,Droog,Dag,met lichtgewonden,5,Lichte vrachtauto,3,Fiets,Op Kruispunt,Gemeenteweg,binnen bebouwde kom,Tss. 2 best.: langs opzij (voor-/achterkant-flank),Geen hindernis
42671,68,Ieper,Ieper,50.85032,2.85608,0.1663503670497291,50.850738604346446,2.8538050714616814,2023,9,10,33011,Ieper,Normaal,Droog,Dag,met lichtgewonden,3,Fiets,10,"één bestuurder, geen hindernis",Buiten Kruispunt,Gewestweg,buiten bebouwde kom,"Eén bestuurder, geen hindernis (incl. val)",Geen hindernis
42671,67,Ieper totem,Ieper,50.85018,2.85624,0.18187358136331103,50.850738604346446,2.8538050714616814,2023,9,10,33011,Ieper,Normaal,Droog,Dag,met lichtgewonden,3,Fiets,10,"één bestuurder, geen hindernis",Buiten Kruispunt,Gewestweg,buiten bebouwde kom,"Eén bestuurder, geen hindernis (incl. val)",Geen hindernis
42674,67,Ieper totem,Ieper,50.85018,2.85624,2.269170074925149,50.85736119188405,2.8864979189046966,2023,9,10,33011,Ieper,Regenval,"Nat, plassen",Dag,met lichtgewonden,4,Vrachtwagen,3,Fiets,Op Kruispunt,Gewestweg,binnen bebouwde kom,Tss. 2 best.: langs opzij (voor-/achterkant-flank),Geen hindernis
42674,68,Ieper,Ieper,50.85032,2.85608,2.274277661575093,50.85736119188405,2.8864979189046966,2023,9,10,33011,Ieper,Regenval,"Nat, plassen",Dag,met lichtgewonden,4,Vrachtwagen,3,Fiets,Op Kruispunt,Gewestweg,binnen bebouwde kom,Tss. 2 best.: langs opzij (voor-/achterkant-flank),Geen hindernis
42676,67,Ieper totem,Ieper,50.85018,2.85624,2.487236895978353,50.842856537662506,2.889713901050675,2023,9,8,33011,Ieper,Normaal,Droog,Dag,Met doden,4,Vrachtwagen,3,Fiets,Op Kruispunt,Gewestweg,buiten bebouwde kom,Tss. 2 best.: langs opzij (voor-/achterkant-flank),Geen hindernis
42677,41,Maasmechelen teller 1,Maasmechelen,50.97025,5.69799,1.105978817817181,50.96063007609954,5.693977436099559,2023,9,8,73107,Maasmechelen,Normaal,Droog,Dag,met lichtgewonden,9,personenauto,3,Fiets,Op Kruispunt,Gemeenteweg,binnen bebouwde kom,Tss. 2 best.: langs opzij (voor-/achterkant-flank),Geen hindernis
42677,42,Maasmechelen teller 2,Maasmechelen,50.97043,5.6981,1.1272966259372994,50.96063007609954,5.693977436099559,2023,9,8,73107,Maasmechelen,Normaal,Droog,Dag,met lichtgewonden,9,personenauto,3,Fiets,Op Kruispunt,Gemeenteweg,binnen bebouwde kom,Tss. 2 best.: langs opzij (voor-/achterkant-flank),Geen hindernis
42678,42,Maasmechelen teller 2,Maasmechelen,50.97043,5.6981,2.091459227872968,50.988498779039624,5.689801825176748,2023,9,8,73107,Maasmechelen,Normaal,Droog,Dag,met lichtgewonden,3,Fiets,9,personenauto,Buiten Kruispunt,Gemeenteweg,binnen bebouwde kom,Tussen 2 bestuurders: Flank tegen flank,Geen hindernis
42678,41,Maasmechelen teller 1,Maasmechelen,50.97025,5.69799,2.1085877359835425,50.988498779039624,5.689801825176748,2023,9,8,73107,Maasmechelen,Normaal,Droog,Dag,met lichtgewonden,3,Fiets,9,personenauto,Buiten Kruispunt,Gemeenteweg,binnen bebouwde kom,Tussen 2 bestuurders: Flank tegen flank,Geen hindernis
42686,124,Beveren teller 2,Beveren,51.1964712,4.2361077,2.334972578760329,51.213052567563885,4.256672400540306,2023,9,11,46003,Beveren,Normaal,Droog,Dag,met lichtgewonden,3,Fiets,3,Fiets,Buiten Kruispunt,Gemeenteweg,binnen bebouwde kom,Tss. 2 best.: langs opzij (voor-/achterkant-flank),Geen hindernis
42695,83,Beersel teller 2,Beersel,50.75175,4.33304,2.3501386670383178,50.758576474445064,4.30142225542292,2023,9,12,23003,Beersel,Normaal,Droog,Dag,met lichtgewonden,9,personenauto,3,Fiets,Op Kruispunt,Gemeenteweg,binnen bebouwde kom,Tss. 2 best.: langs opzij (voor-/achterkant-flank),Geen hindernis
42695,82,Beersel teller 1,Beersel,50.75128,4.33336,2.388705988146864,50.758576474445064,4.30142225542292,2023,9,12,23003,Beersel,Normaal,Droog,Dag,met lichtgewonden,9,personenauto,3,Fiets,Op Kruispunt,Gemeenteweg,binnen bebouwde kom,Tss. 2 best.: langs opzij (voor-/achterkant-flank),Geen hindernis
42696,106,St. pieters leeuw teller 1,Sint-Pieters-Leeuw,50.75533,4.24951,2.351189894876971,50.76007305396507,4.216936671056465,2023,9,15,23077,Sint-Pieters-Leeuw,Normaal,Droog,Dag,met lichtgewonden,5,Lichte vrachtauto,3,Fiets,Op Kruispunt,Gemeenteweg,buiten bebouwde kom,Tss. 2 best.: langs opzij (voor-/achterkant-flank),Geen hindernis
42696,105,St. pieters leeuw teller 2,Halle,50.75509,4.24943,2.3518559263279672,50.76007305396507,4.216936671056465,2023,9,15,23077,Sint-Pieters-Leeuw,Normaal,Droog,Dag,met lichtgewonden,5,Lichte vrachtauto,3,Fiets,Op Kruispunt,Gemeenteweg,buiten bebouwde kom,Tss. 2 best.: langs opzij (voor-/achterkant-flank),Geen hindernis
42697,140,Hasselt ring,Hasselt,50.9300038,5.3438616,0.28650675374515727,50.92745725053459,5.344484303186376,2023,9,16,71022,Hasselt,Normaal,Droog,Dag,met lichtgewonden,9,personenauto,3,Fiets,Op Kruispunt,Gemeenteweg,binnen bebouwde kom,Tussen 2 bestuurders: Frontale botsing,Geen hindernis
42697,138,Hasselt-Kempische brug,Hasselt,50.9405318,5.3422472,1.4622515020391829,50.92745725053459,5.344484303186376,2023,9,16,71022,Hasselt,Normaal,Droog,Dag,met lichtgewonden,9,personenauto,3,Fiets,Op Kruispunt,Gemeenteweg,binnen bebouwde kom,Tussen 2 bestuurders: Frontale botsing,Geen hindernis
42697,137,Hasselt-Kempische brug,Hasselt,50.9411605,5.3417576,1.535665700221749,50.92745725053459,5.344484303186376,2023,9,16,71022,Hasselt,Normaal,Droog,Dag,met lichtgewonden,9,personenauto,3,Fiets,Op Kruispunt,Gemeenteweg,binnen bebouwde kom,Tussen 2 bestuurders: Frontale botsing,Geen hindernis
42699,140,Hasselt ring,Hasselt,50.9300038,5.3438616,0.5509265456683715,50.9272999283136,5.337274504249219,2023,9,8,71022,Hasselt,Normaal,Droog,Dag,met lichtgewonden,6,Bromfiets,3,Fiets,Buiten Kruispunt,Gewestweg,binnen bebouwde kom,Tussen 2 bestuurders: Flank tegen flank,Geen hindernis
42699,138,Hasselt-Kempische brug,Hasselt,50.9405318,5.3422472,1.5120203962355518,50.9272999283136,5.337274504249219,2023,9,8,71022,Hasselt,Normaal,Droog,Dag,met lichtgewonden,6,Bromfiets,3,Fiets,Buiten Kruispunt,Gewestweg,binnen bebouwde kom,Tussen 2 bestuurders: Flank tegen flank,Geen hindernis
42699,137,Hasselt-Kempische brug,Hasselt,50.9411605,5.3417576,1.572918064985403,50.9272999283136,5.337274504249219,2023,9,8,71022,Hasselt,Normaal,Droog,Dag,met lichtgewonden,6,Bromfiets,3,Fiets,Buiten Kruispunt,Gewestweg,binnen bebouwde kom,Tussen 2 bestuurders: Flank tegen flank,Geen hindernis
42700,140,Hasselt ring,Hasselt,50.9300038,5.3438616,0.4767001653120118,50.92959630606763,5.350632734481859,2023,9,10,71022,Hasselt,Normaal,Droog,Dag,met lichtgewonden,3,Fiets,3,Fiets,Buiten Kruispunt,Gewestweg,binnen bebouwde kom,Tussen 2 bestuurders: Flank tegen flank,Geen hindernis
42700,138,Hasselt-Kempische brug,Hasselt,50.9405318,5.3422472,1.3505112945972013,50.92959630606763,5.350632734481859,2023,9,10,71022,Hasselt,Normaal,Droog,Dag,met lichtgewonden,3,Fiets,3,Fiets,Buiten Kruispunt,Gewestweg,binnen bebouwde kom,Tussen 2 bestuurders: Flank tegen flank,Geen hindernis
42700,137,Hasselt-Kempische brug,Hasselt,50.9411605,5.3417576,1.428381437052095,50.92959630606763,5.350632734481859,2023,9,10,71022,Hasselt,Normaal,Droog,Dag,met lichtgewonden,3,Fiets,3,Fiets,Buiten Kruispunt,Gewestweg,binnen bebouwde kom,Tussen 2 bestuurders: Flank tegen flank,Geen hindernis
42701,137,Hasselt-Kempische brug,Hasselt,50.9411605,5.3417576,0.4553876547794923,50.94363071145841,5.346941766552914,2023,9,8,71022,Hasselt,Normaal,Droog,Dag,met lichtgewonden,3,Fiets,9,personenauto,Op Kruispunt,Gewestweg,buiten bebouwde kom,Tss. 2 best.: langs opzij (voor-/achterkant-flank),Geen hindernis
42701,138,Hasselt-Kempische brug,Hasselt,50.9405318,5.3422472,0.4763693437386656,50.94363071145841,5.346941766552914,2023,9,8,71022,Hasselt,Normaal,Droog,Dag,met lichtgewonden,3,Fiets,9,personenauto,Op Kruispunt,Gewestweg,buiten bebouwde kom,Tss. 2 best.: langs opzij (voor-/achterkant-flank),Geen hindernis
42701,140,Hasselt ring,Hasselt,50.9300038,5.3438616,1.5305382504959861,50.94363071145841,5.346941766552914,2023,9,8,71022,Hasselt,Normaal,Droog,Dag,met lichtgewonden,3,Fiets,9,personenauto,Op Kruispunt,Gewestweg,buiten bebouwde kom,Tss. 2 best.: langs opzij (voor-/achterkant-flank),Geen hindernis
42702,137,Hasselt-Kempische brug,Hasselt,50.9411605,5.3417576,0.5301517020740348,50.94176153589567,5.334251446241688,2023,9,8,71022,Hasselt,Normaal,Droog,Dag,met lichtgewonden,9,personenauto,3,Fiets,Op Kruispunt,Gemeenteweg,binnen bebouwde kom,Tss. 2 best.: langs opzij (voor-/achterkant-flank),Geen hindernis
42702,138,Hasselt-Kempische brug,Hasselt,50.9405318,5.3422472,0.5766764990555001,50.94176153589567,5.334251446241688,2023,9,8,71022,Hasselt,Normaal,Droog,Dag,met lichtgewonden,9,personenauto,3,Fiets,Op Kruispunt,Gemeenteweg,binnen bebouwde kom,Tss. 2 best.: langs opzij (voor-/achterkant-flank),Geen hindernis
42702,140,Hasselt ring,Hasselt,50.9300038,5.3438616,1.4706433866901858,50.94176153589567,5.334251446241688,2023,9,8,71022,Hasselt,Normaal,Droog,Dag,met lichtgewonden,9,personenauto,3,Fiets,Op Kruispunt,Gemeenteweg,binnen bebouwde kom,Tss. 2 best.: langs opzij (voor-/achterkant-flank),Geen hindernis
42704,137,Hasselt-Kempische brug,Hasselt,50.9411605,5.3417576,1.4950384851004217,50.935248711082096,5.322594520233914,2023,9,8,71022,Hasselt,Normaal,Droog,Dag,met lichtgewonden,3,Fiets,9,personenauto,Op Kruispunt,Gewestweg,buiten bebouwde kom,Tss. 2 best.: langs opzij (voor-/achterkant-flank),Geen hindernis
42704,138,Hasselt-Kempische brug,Hasselt,50.9405318,5.3422472,1.4971475931524645,50.935248711082096,5.322594520233914,2023,9,8,71022,Hasselt,Normaal,Droog,Dag,met lichtgewonden,3,Fiets,9,personenauto,Op Kruispunt,Gewestweg,buiten bebouwde kom,Tss. 2 best.: langs opzij (voor-/achterkant-flank),Geen hindernis
42704,140,Hasselt ring,Hasselt,50.9300038,5.3438616,1.600418075458035,50.935248711082096,5.322594520233914,2023,9,8,71022,Hasselt,Normaal,Droog,Dag,met lichtgewonden,3,Fiets,9,personenauto,Op Kruispunt,Gewestweg,buiten bebouwde kom,Tss. 2 best.: langs opzij (voor-/achterkant-flank),Geen hindernis
42705,140,Hasselt ring,Hasselt,50.9300038,5.3438616,0.7295164143235618,50.93272307216104,5.334388195203842,2023,9,14,71022,Hasselt,Normaal,Droog,Dag,met lichtgewonden,9,personenauto,3,Fiets,Op Kruispunt,Gewestweg,binnen bebouwde kom,Tussen 2 bestuurders: Flank tegen flank,Geen hindernis
42705,138,Hasselt-Kempische brug,Hasselt,50.9405318,5.3422472,1.0282033284295808,50.93272307216104,5.334388195203842,2023,9,14,71022,Hasselt,Normaal,Droog,Dag,met lichtgewonden,9,personenauto,3,Fiets,Op Kruispunt,Gewestweg,binnen bebouwde kom,Tussen 2 bestuurders: Flank tegen flank,Geen hindernis
42705,137,Hasselt-Kempische brug,Hasselt,50.9411605,5.3417576,1.070923656141956,50.93272307216104,5.334388195203842,2023,9,14,71022,Hasselt,Normaal,Droog,Dag,met lichtgewonden,9,personenauto,3,Fiets,Op Kruispunt,Gewestweg,binnen bebouwde kom,Tussen 2 bestuurders: Flank tegen flank,Geen hindernis
42708,140,Hasselt ring,Hasselt,50.9300038,5.3438616,0.05926471799070887,50.93048267460762,5.344232842031624,2023,9,15,71022,Hasselt,Onbekend,Onbekend,Dag,met lichtgewonden,9,personenauto,3,Fiets,Op Kruispunt,Gewestweg,onbekend,Tss. 2 best.: langs opzij (voor-/achterkant-flank),Geen hindernis
42708,138,Hasselt-Kempische brug,Hasselt,50.9405318,5.3422472,1.126041633206311,50.93048267460762,5.344232842031624,2023,9,15,71022,Hasselt,Onbekend,Onbekend,Dag,met lichtgewonden,9,personenauto,3,Fiets,Op Kruispunt,Gewestweg,onbekend,Tss. 2 best.: langs opzij (voor-/achterkant-flank),Geen hindernis
42708,137,Hasselt-Kempische brug,Hasselt,50.9411605,5.3417576,1.1999223880218242,50.93048267460762,5.344232842031624,2023,9,15,71022,Hasselt,Onbekend,Onbekend,Dag,met lichtgewonden,9,personenauto,3,Fiets,Op Kruispunt,Gewestweg,onbekend,Tss. 2 best.: langs opzij (voor-/achterkant-flank),Geen hindernis
42709,32,Lummen,Lummen,50.97971,5.20961,2.466680335260206,50.957929713048465,5.216294841713739,2023,9,13,71024,Herk-de-Stad,Normaal,Droog,Dag,met zwaargewonden,3,Fiets,3,Fiets,Op Kruispunt,Gemeenteweg,buiten bebouwde kom,Tss. 2 best.: langs opzij (voor-/achterkant-flank),Geen hindernis
42709,33,Lummen,Lummen,50.97978,5.20936,2.477694399070197,50.957929713048465,5.216294841713739,2023,9,13,71024,Herk-de-Stad,Normaal,Droog,Dag,met zwaargewonden,3,Fiets,3,Fiets,Op Kruispunt,Gemeenteweg,buiten bebouwde kom,Tss. 2 best.: langs opzij (voor-/achterkant-flank),Geen hindernis
42710,137,Hasselt-Kempische brug,Hasselt,50.9411605,5.3417576,1.1748954472653663,50.951130956974524,5.347308675838849,2023,9,15,71022,Hasselt,Normaal,Droog,Dag,met lichtgewonden,3,Fiets,6,Bromfiets,Buiten Kruispunt,Gewestweg,buiten bebouwde kom,Tss. 2 best.: langs opzij (voor-/achterkant-flank),Geen hindernis
42710,138,Hasselt-Kempische brug,Hasselt,50.9405318,5.3422472,1.2307620703698534,50.951130956974524,5.347308675838849,2023,9,15,71022,Hasselt,Normaal,Droog,Dag,met lichtgewonden,3,Fiets,6,Bromfiets,Buiten Kruispunt,Gewestweg,buiten bebouwde kom,Tss. 2 best.: langs opzij (voor-/achterkant-flank),Geen hindernis
42710,140,Hasselt ring,Hasselt,50.9300038,5.3438616,2.3616157168841125,50.951130956974524,5.347308675838849,2023,9,15,71022,Hasselt,Normaal,Droog,Dag,met lichtgewonden,3,Fiets,6,Bromfiets,Buiten Kruispunt,Gewestweg,buiten bebouwde kom,Tss. 2 best.: langs opzij (voor-/achterkant-flank),Geen hindernis
42711,140,Hasselt ring,Hasselt,50.9300038,5.3438616,0.8287371656271749,50.92841968580177,5.355416332611036,2023,9,8,71022,Hasselt,Normaal,Droog+Proper,Dag,met lichtgewonden,6,Bromfiets,3,Fiets,Buiten Kruispunt,Gewestweg,binnen bebouwde kom,Tussen 2 bestuurders: Frontale botsing,Geen hindernis
42711,138,Hasselt-Kempische brug,Hasselt,50.9405318,5.3422472,1.6326419376445862,50.92841968580177,5.355416332611036,2023,9,8,71022,Hasselt,Normaal,Droog+Proper,Dag,met lichtgewonden,6,Bromfiets,3,Fiets,Buiten Kruispunt,Gewestweg,binnen bebouwde kom,Tussen 2 bestuurders: Frontale botsing,Geen hindernis
42711,137,Hasselt-Kempische brug,Hasselt,50.9411605,5.3417576,1.7097371445555534,50.92841968580177,5.355416332611036,2023,9,8,71022,Hasselt,Normaal,Droog+Proper,Dag,met lichtgewonden,6,Bromfiets,3,Fiets,Buiten Kruispunt,Gewestweg,binnen bebouwde kom,Tussen 2 bestuurders: Frontale botsing,Geen hindernis
42712,30,Herk De Stad,Herk-de-Stad,50.94374,5.17691,0.3600898357176282,50.94305217919303,5.1718877208717275,2023,9,20,71024,Herk-de-Stad,Normaal,Droog,"Nacht, openbare verlichting aanwezig en ontstoken",met zwaargewonden,9,personenauto,3,Fiets,Op Kruispunt,Gewestweg,binnen bebouwde kom,Tss. 2 best.: langs opzij (voor-/achterkant-flank),Geen hindernis