crash_row_id,site_id,site_name,site_gemeente,site_lat,site_long,distance_km,crash_lat,crash_long,DT_YEAR_COLLISION,DT_MONTH_COLLISION,DT_TIME,CD_NIS,TX_MUNTY_COLLISION_NL,TX_WEATHER_NL,TX_ROAD_CONDITION_NL,TX_LIGHT_CONDITION_NL,TX_CLASS_ACCIDENTS_NL,CD_ROAD_USR_TYPE1,TX_ROAD_USR_TYPE1_NL,CD_ROAD_USR_TYPE2,TX_ROAD_USR_TYPE2_NL,TX_CROSSWAY_NL,CD_ROAD_TYPE_NL,TX_BUILD_UP_AREA_NL,TX_COLLISION_TYPE_NL,TX_OBSTACLES_NL
42712,31,Herk De Stad,Herk-de-Stad,50.94366,5.1775,0.39897728618865125,50.94305217919303,5.1718877208717275,2023,9,20,71024,Herk-de-Stad,Normaal,Droog,"Nacht, openbare verlichting aanwezig en ontstoken",met zwaargewonden,9,personenauto,3,Fiets,Op Kruispunt,Gewestweg,binnen bebouwde kom,Tss. 2 best.: langs opzij (voor-/achterkant-flank),Geen hindernis
42713,140,Hasselt ring,Hasselt,50.9300038,5.3438616,1.6388127125835987,50.93108517989703,5.320540391742103,2023,9,20,71022,Hasselt,Normaal,Droog,Dag,met lichtgewonden,3,Fiets,11,een weggebruiker tegen een hindernis,Buiten Kruispunt,Gemeenteweg,binnen bebouwde kom,Weggebruiker tegen hindernis buiten rijbaan,Andere hindernis
42713,138,Hasselt-Kempische brug,Hasselt,50.9405318,5.3422472,1.8485312338763245,50.93108517989703,5.320540391742103,2023,9,20,71022,Hasselt,Normaal,Droog,Dag,met lichtgewonden,3,Fiets,11,een weggebruiker tegen een hindernis,Buiten Kruispunt,Gemeenteweg,binnen bebouwde kom,Weggebruiker tegen hindernis buiten rijbaan,Andere hindernis
42713,137,Hasselt-Kempische brug,Hasselt,50.9411605,5.3417576,1.8616111935053021,50.93108517989703,5.320540391742103,2023,9,20,71022,Hasselt,Normaal,Droog,Dag,met lichtgewonden,3,Fiets,11,een weggebruiker tegen een hindernis,Buiten Kruispunt,Gemeenteweg,binnen bebouwde kom,Weggebruiker tegen hindernis buiten rijbaan,Andere hindernis
42714,140,Hasselt ring,Hasselt,50.9300038,5.3438616,1.1670635818764776,50.92752041070057,5.360040957010137,2023,9,19,71022,Hasselt,Normaal,Droog,Dag,met lichtgewonden,3,Fiets,8,Voetganger,Buiten Kruispunt,Gewestweg,buiten bebouwde kom,Met een voetganger,Geen hindernis
42714,138,Hasselt-Kempische brug,Hasselt,50.9405318,5.3422472,1.9099895476086157,50.92752041070057,5.360040957010137,2023,9,19,71022,Hasselt,Normaal,Droog,Dag,met lichtgewonden,3,Fiets,8,Voetganger,Buiten Kruispunt,Gewestweg,buiten bebouwde kom,Met een voetganger,Geen hindernis
42714,137,Hasselt-Kempische brug,Hasselt,50.9411605,5.3417576,1.9854349168174303,50.92752041070057,5.360040957010137,2023,9,19,71022,Hasselt,Normaal,Droog,Dag,met lichtgewonden,3,Fiets,8,Voetganger,Buiten Kruispunt,Gewestweg,buiten bebouwde kom,Met een voetganger,Geen hindernis
42716,140,Hasselt ring,Hasselt,50.9300038,5.3438616,2.092502419409215,50.91140800165774,5.339284428543403,2023,9,6,71022,Hasselt,Regenval,"Nat, plassen",Dageraad - schemering,met lichtgewonden,3,Fiets,10,"één bestuurder, geen hindernis",Buiten Kruispunt,Gemeenteweg,buiten bebouwde kom,"Eén bestuurder, geen hindernis (incl. val)",Geen hindernis
42718,12,Tervuren,Kraainem,50.81896,4.47803,2.225001830843791,50.82576281696934,4.50781825804597,2023,9,11,24104,Tervuren,Normaal,Droog,Dag,met lichtgewonden,3,Fiets,8,Voetganger,Op Kruispunt,Gewestweg,buiten bebouwde kom,Met een voetganger,Geen hindernis
42721,76,Heverlee teller 2,Leuven,50.84606,4.69597,2.4936270981781514,50.83747486515474,4.663161564550401,2023,9,18,24086,Oud-Heverlee,Normaal,Droog,Dag,met lichtgewonden,5,Lichte vrachtauto,3,Fiets,Op Kruispunt,Gemeenteweg,binnen bebouwde kom,Tss. 2 best.: langs opzij (voor-/achterkant-flank),Geen hindernis
42723,76,Heverlee teller 2,Leuven,50.84606,4.69597,1.599707877898023,50.84882060448228,4.718332134255789,2023,9,9,24062,Leuven,Regenval,"Nat, plassen",Dag,met lichtgewonden,3,Fiets,9,personenauto,Buiten Kruispunt,Gemeenteweg,onbekend,Tussen 2 bestuurders: Frontale botsing,Geen hindernis
42723,108,Heverlee teller 1,Leuven,50.8471728,4.6954674,1.6156702921061699,50.84882060448228,4.718332134255789,2023,9,9,24062,Leuven,Regenval,"Nat, plassen",Dag,met lichtgewonden,3,Fiets,9,personenauto,Buiten Kruispunt,Gemeenteweg,onbekend,Tussen 2 bestuurders: Frontale botsing,Geen hindernis
42727,14,Genk,Genk,50.97172,5.48927,1.467507711568864,50.96163213834441,5.502782070848188,2023,9,20,71016,Genk,Normaal,Droog,"Nacht, openbare verlichting aanwezig en ontstoken",met lichtgewonden,3,Fiets,9,personenauto,Buiten Kruispunt,Gewestweg,binnen bebouwde kom,Tussen 2 bestuurders: Flank tegen flank,Geen hindernis
42728,14,Genk,Genk,50.97172,5.48927,1.1859957775622059,50.96497060939746,5.47615560921825,2023,9,17,71016,Genk,Onbekend,Droog,Dag,met lichtgewonden,3,Fiets,9,personenauto,Buiten Kruispunt,Gewestweg,binnen bebouwde kom,Tss. 2 best.: langs opzij (voor-/achterkant-flank),Geen hindernis
42733,14,Genk,Genk,50.97172,5.48927,1.2801671991726202,50.98138390567201,5.4992079460712695,2023,9,10,71016,Genk,Normaal,Droog,Dag,met lichtgewonden,3,Fiets,10,"één bestuurder, geen hindernis",Buiten Kruispunt,Gemeenteweg,buiten bebouwde kom,"Eén bestuurder, geen hindernis (incl. val)",Geen hindernis
42735,25,Bree,Bree,51.13679500160176,5.597669323604317,1.0460927193580423,51.14575676113124,5.6022313672824655,2023,9,18,72004,Bree,Normaal,"Nat, plassen",Dag,met lichtgewonden,9,personenauto,3,Fiets,Buiten Kruispunt,Gewestweg,binnen bebouwde kom,Tss. 2 best.: langs opzij (voor-/achterkant-flank),Geen hindernis
42737,14,Genk,Genk,50.97172,5.48927,0.9194099455608615,50.96510966164283,5.497157215665442,2023,9,17,71016,Genk,Normaal,"Nat, plassen",Dag,met lichtgewonden,9,personenauto,3,Fiets,Buiten Kruispunt,Gemeenteweg,binnen bebouwde kom,Tss. 2 best.: langs opzij (voor-/achterkant-flank),Geen hindernis
42739,49,Bokrijk,Genk,50.95264,5.41001,0.06305334543721527,50.95250779495435,5.409134670472796,2023,9,17,71016,Genk,Onbekend,Onbekend,Onbekend,met lichtgewonden,3,Fiets,9,personenauto,Op Kruispunt,Gewestweg,onbekend,Kettingbotsing (3 bestuurders of meer),Geen hindernis
42740,14,Genk,Genk,50.97172,5.48927,0.9370676537618297,50.97501309747294,5.501589235506222,2023,9,7,71016,Genk,Normaal,Droog,Dag,met lichtgewonden,9,personenauto,3,Fiets,Op Kruispunt,Gemeenteweg,binnen bebouwde kom,Tss. 2 best.: langs opzij (voor-/achterkant-flank),Geen hindernis
42741,139,Houthalen-Helchteren,Houthalen-Helchteren,51.0644267,5.3819796,1.206330236002199,51.07522138991559,5.380257577283039,2023,9,16,72039,Houthalen-Helchteren,Onbekend,Onbekend,Onbekend,met lichtgewonden,3,Fiets,5,Lichte vrachtauto,Buiten Kruispunt,Gewestweg,buiten bebouwde kom,Tussen 2 bestuurders: Flank tegen flank,Geen hindernis
42743,48,As,As,51.00509,5.60389,2.1739079972228517,51.01816480530789,5.580787738503754,2023,9,2,71002,As,Normaal,Droog,"Nacht, openbare verlichting aanwezig en ontstoken",met lichtgewonden,3,Fiets,10,"één bestuurder, geen hindernis",Buiten Kruispunt,Gewestweg,buiten bebouwde kom,"Eén bestuurder, geen hindernis (incl. val)",Geen hindernis
42750,14,Genk,Genk,50.97172,5.48927,1.8861501722490008,50.966133591054785,5.514703047892646,2023,9,11,71016,Genk,Normaal,Droog,Dag,met zwaargewonden,3,Fiets,10,"één bestuurder, geen hindernis",Buiten Kruispunt,Gemeenteweg,binnen bebouwde kom,"Eén bestuurder, geen hindernis (incl. val)",Geen hindernis
42756,22,Tienen 2,Tienen,50.81330800184882,4.935984252796022,0.6596070863695471,50.80747275857133,4.937672797315816,2023,9,8,24107,Tienen,Normaal,Droog,Dag,met lichtgewonden,9,personenauto,3,Fiets,Op Kruispunt,Gemeenteweg,binnen bebouwde kom,Tss. 2 best.: langs opzij (voor-/achterkant-flank),Geen hindernis
42756,23,Tienen 3,Tienen,50.81324,4.93447,0.6796265673636698,50.80747275857133,4.937672797315816,2023,9,8,24107,Tienen,Normaal,Droog,Dag,met lichtgewonden,9,personenauto,3,Fiets,Op Kruispunt,Gemeenteweg,binnen bebouwde kom,Tss. 2 best.: langs opzij (voor-/achterkant-flank),Geen hindernis
42756,24,Tienen 1,Tienen,50.8133795491886,4.935044252605416,0.6822777801563303,50.80747275857133,4.937672797315816,2023,9,8,24107,Tienen,Normaal,Droog,Dag,met lichtgewonden,9,personenauto,3,Fiets,Op Kruispunt,Gemeenteweg,binnen bebouwde kom,Tss. 2 best.: langs opzij (voor-/achterkant-flank),Geen hindernis
42757,22,Tienen 2,Tienen,50.81330800184882,4.935984252796022,1.4217379676168656,50.8071304615656,4.953700326118218,2023,9,8,24107,Tienen,Normaal,Droog,Dag,met lichtgewonden,3,Fiets,2,Andere weggebruiker,Buiten Kruispunt,Gemeenteweg,binnen bebouwde kom,Tussen 2 bestuurders: Frontale botsing,Geen hindernis
42757,24,Tienen 1,Tienen,50.8133795491886,4.935044252605416,1.4836175367554494,50.8071304615656,4.953700326118218,2023,9,8,24107,Tienen,Normaal,Droog,Dag,met lichtgewonden,3,Fiets,2,Andere weggebruiker,Buiten Kruispunt,Gemeenteweg,binnen bebouwde kom,Tussen 2 bestuurders: Frontale botsing,Geen hindernis
42757,23,Tienen 3,Tienen,50.81324,4.93447,1.5123529182943902,50.8071304615656,4.953700326118218,2023,9,8,24107,Tienen,Normaal,Droog,Dag,met lichtgewonden,3,Fiets,2,Andere weggebruiker,Buiten Kruispunt,Gemeenteweg,binnen bebouwde kom,Tussen 2 bestuurders: Frontale botsing,Geen hindernis
42758,22,Tienen 2,Tienen,50.81330800184882,4.935984252796022,1.340107713355044,50.80578390851445,4.950883217006317,2023,9,11,24107,Tienen,Normaal,Proper,Dag,met zwaargewonden,9,personenauto,3,Fiets,Op Kruispunt,Gemeenteweg,binnen bebouwde kom,Tss. 2 best.: langs opzij (voor-/achterkant-flank),Geen hindernis
42758,24,Tienen 1,Tienen,50.8133795491886,4.935044252605416,1.3971082432296822,50.80578390851445,4.950883217006317,2023,9,11,24107,Tienen,Normaal,Proper,Dag,met zwaargewonden,9,personenauto,3,Fiets,Op Kruispunt,Gemeenteweg,binnen bebouwde kom,Tss. 2 best.: langs opzij (voor-/achterkant-flank),Geen hindernis
42758,23,Tienen 3,Tienen,50.81324,4.93447,1.4203461004596283,50.80578390851445,4.950883217006317,2023,9,11,24107,Tienen,Normaal,Proper,Dag,met zwaargewonden,9,personenauto,3,Fiets,Op Kruispunt,Gemeenteweg,binnen bebouwde kom,Tss. 2 best.: langs opzij (voor-/achterkant-flank),Geen hindernis
42760,23,Tienen 3,Tienen,50.81324,4.93447,1.3774958503650858,50.81449274750479,4.914964145368044,2023,9,15,24107,Tienen,Normaal,Droog,Dag,met lichtgewonden,3,Fiets,1,Autobus,Buiten Kruispunt,Gewestweg,binnen bebouwde kom,Tss. 2 best.: langs opzij (voor-/achterkant-flank),Geen hindernis
42760,24,Tienen 1,Tienen,50.8133795491886,4.935044252605416,1.4161978621665443,50.81449274750479,4.914964145368044,2023,9,15,24107,Tienen,Normaal,Droog,Dag,met lichtgewonden,3,Fiets,1,Autobus,Buiten Kruispunt,Gewestweg,binnen bebouwde kom,Tss. 2 best.: langs opzij (voor-/achterkant-flank),Geen hindernis
42760,22,Tienen 2,Tienen,50.81330800184882,4.935984252796022,1.4826852204330023,50.81449274750479,4.914964145368044,2023,9,15,24107,Tienen,Normaal,Droog,Dag,met lichtgewonden,3,Fiets,1,Autobus,Buiten Kruispunt,Gewestweg,binnen bebouwde kom,Tss. 2 best.: langs opzij (voor-/achterkant-flank),Geen hindernis
42771,99,Mechelen teller 1,Mechelen,51.04564,4.46882,1.1128129113858558,51.0365502462094,4.4754792618710555,2023,9,7,12025,Mechelen,Normaal,Droog,Dageraad - schemering,met lichtgewonden,6,Bromfiets,3,Fiets,Buiten Kruispunt,Gemeenteweg,binnen bebouwde kom,Tussen 2 bestuurders: Flank tegen flank,Geen hindernis
42771,100,Mechelen teller 2,Mechelen,51.0457,4.46883,1.1185852198015702,51.0365502462094,4.4754792618710555,2023,9,7,12025,Mechelen,Normaal,Droog,Dageraad - schemering,met lichtgewonden,6,Bromfiets,3,Fiets,Buiten Kruispunt,Gemeenteweg,binnen bebouwde kom,Tussen 2 bestuurders: Flank tegen flank,Geen hindernis
42776,100,Mechelen teller 2,Mechelen,51.0457,4.46883,1.677477647920565,51.05402861443632,4.448821024114205,2023,9,18,12025,Mechelen,Normaal,Droog,Dag,met zwaargewonden,6,Bromfiets,3,Fiets,Buiten Kruispunt,Gemeenteweg,buiten bebouwde kom,Tussen 2 bestuurders: Frontale botsing,Geen hindernis
42776,99,Mechelen teller 1,Mechelen,51.04564,4.46882,1.6805893930578624,51.05402861443632,4.448821024114205,2023,9,18,12025,Mechelen,Normaal,Droog,Dag,met zwaargewonden,6,Bromfiets,3,Fiets,Buiten Kruispunt,Gemeenteweg,buiten bebouwde kom,Tussen 2 bestuurders: Frontale botsing,Geen hindernis
42779,99,Mechelen teller 1,Mechelen,51.04564,4.46882,1.258241129851862,51.03516832502597,4.475639762285404,2023,9,19,12025,Mechelen,Normaal,Droog,Dag,met lichtgewonden,6,Bromfiets,3,Fiets,Buiten Kruispunt,Gemeenteweg,binnen bebouwde kom,Tss. 2 best.: langs opzij (voor-/achterkant-flank),Geen hindernis
42779,100,Mechelen teller 2,Mechelen,51.0457,4.46883,1.264154150035146,51.03516832502597,4.475639762285404,2023,9,19,12025,Mechelen,Normaal,Droog,Dag,met lichtgewonden,6,Bromfiets,3,Fiets,Buiten Kruispunt,Gemeenteweg,binnen bebouwde kom,Tss. 2 best.: langs opzij (voor-/achterkant-flank),Geen hindernis
42780,99,Mechelen teller 1,Mechelen,51.04564,4.46882,1.1581607970879617,51.03620913330724,4.475850888509599,2023,9,8,12025,Mechelen,Normaal,Droog,Dag,met lichtgewonden,9,personenauto,3,Fiets,Op Kruispunt,Gemeenteweg,binnen bebouwde kom,Tussen 2 bestuurders: Frontale botsing,Geen hindernis
42780,100,Mechelen teller 2,Mechelen,51.0457,4.46883,1.1639100037324017,51.03620913330724,4.475850888509599,2023,9,8,12025,Mechelen,Normaal,Droog,Dag,met lichtgewonden,9,personenauto,3,Fiets,Op Kruispunt,Gemeenteweg,binnen bebouwde kom,Tussen 2 bestuurders: Frontale botsing,Geen hindernis
42781,99,Mechelen teller 1,Mechelen,51.04564,4.46882,1.5916235574359874,51.03134415421079,4.469960260305372,2023,9,17,12025,Mechelen,Normaal,Droog,Dag,met lichtgewonden,3,Fiets,3,Fiets,Buiten Kruispunt,Gemeenteweg,binnen bebouwde kom,Tussen 2 bestuurders: Flank tegen flank,Geen hindernis
42781,100,Mechelen teller 2,Mechelen,51.0457,4.46883,1.5982521855266376,51.03134415421079,4.469960260305372,2023,9,17,12025,Mechelen,Normaal,Droog,Dag,met lichtgewonden,3,Fiets,3,Fiets,Buiten Kruispunt,Gemeenteweg,binnen bebouwde kom,Tussen 2 bestuurders: Flank tegen flank,Geen hindernis
42782,109,Zemst,Zemst,50.9903936,4.4707023,2.2575037764285093,51.01019882927814,4.477796726541819,2023,9,18,12025,Mechelen,Normaal,Droog,Dag,met lichtgewonden,3,Fiets,5,Lichte vrachtauto,Op Kruispunt,Gewestweg,buiten bebouwde kom,Tss. 2 best.: langs opzij (voor-/achterkant-flank),Geen hindernis
42784,99,Mechelen teller 1,Mechelen,51.04564,4.46882,2.3119457602196176,51.026354354100754,4.481175326972998,2023,9,16,12025,Mechelen,Normaal,Droog,Dag,met zwaargewonden,3,Fiets,8,Voetganger,Op Kruispunt,Gemeenteweg,binnen bebouwde kom,Met een voetganger,Geen hindernis
42784,100,Mechelen teller 2,Mechelen,51.0457,4.46883,2.3178747862757794,51.026354354100754,4.481175326972998,2023,9,16,12025,Mechelen,Normaal,Droog,Dag,met zwaargewonden,3,Fiets,8,Voetganger,Op Kruispunt,Gemeenteweg,binnen bebouwde kom,Met een voetganger,Geen hindernis
42810,2,Brasschaat 2,Brasschaat,51.27512,4.47169,2.120206417362621,51.27495116476606,4.441211649355914,2023,10,8,11002,Antwerpen,Normaal,"Nat, plassen",Dag,met lichtgewonden,9,personenauto,3,Fiets,Op Kruispunt,Gemeenteweg,binnen bebouwde kom,Tss. 2 best.: langs opzij (voor-/achterkant-flank),Geen hindernis
42810,3,Brasschaat 1,Brasschaat,51.27503,4.47222,2.1570108800109393,51.27495116476606,4.441211649355914,2023,10,8,11002,Antwerpen,Normaal,"Nat, plassen",Dag,met lichtgewonden,9,personenauto,3,Fiets,Op Kruispunt,Gemeenteweg,binnen bebouwde kom,Tss. 2 best.: langs opzij (voor-/achterkant-flank),Geen hindernis
42936,3,Brasschaat 1,Brasschaat,51.27503,4.47222,1.897438475741418,51.28790789125161,4.49011886083343,2023,10,16,11008,Brasschaat,Normaal,Droog,Dag,met lichtgewonden,3,Fiets,3,Fiets,Op Kruispunt,Gemeenteweg,binnen bebouwde kom,Tussen 2 bestuurders: Flank tegen flank,Geen hindernis
42936,2,Brasschaat 2,Brasschaat,51.27512,4.47169,1.9143792732012856,51.28790789125161,4.49011886083343,2023,10,16,11008,Brasschaat,Normaal,Droog,Dag,met lichtgewonden,3,Fiets,3,Fiets,Op Kruispunt,Gemeenteweg,binnen bebouwde kom,Tussen 2 bestuurders: Flank tegen flank,Geen hindernis
42942,3,Brasschaat 1,Brasschaat,51.27503,4.47222,1.5493362001487097,51.28709505116708,4.483362672479957,2023,10,8,11008,Brasschaat,Normaal,"Nat, plassen",Dag,met lichtgewonden,9,personenauto,3,Fiets,Op Kruispunt,Gemeenteweg,binnen bebouwde kom,Tss. 2 best.: langs opzij (voor-/achterkant-flank),Geen hindernis
42942,2,Brasschaat 2,Brasschaat,51.27512,4.47169,1.5595467653535957,51.28709505116708,4.483362672479957,2023,10,8,11008,Brasschaat,Normaal,"Nat, plassen",Dag,met lichtgewonden,9,personenauto,3,Fiets,Op Kruispunt,Gemeenteweg,binnen bebouwde kom,Tss. 2 best.: langs opzij (voor-/achterkant-flank),Geen hindernis
42946,3,Brasschaat 1,Brasschaat,51.27503,4.47222,1.9047654189158032,51.28794889372919,4.490204018226031,2023,10,16,11008,Brasschaat,Normaal,Droog,Dag,met lichtgewonden,6,Bromfiets,3,Fiets,Buiten Kruispunt,Gemeenteweg,binnen bebouwde kom,Tussen 2 bestuurders: Frontale botsing,Geen hindernis
42946,2,Brasschaat 2,Brasschaat,51.27512,4.47169,1.9217314662892495,51.28794889372919,4.490204018226031,2023,10,16,11008,Brasschaat,Normaal,Droog,Dag,met lichtgewonden,6,Bromfiets,3,Fiets,Buiten Kruispunt,Gemeenteweg,binnen bebouwde kom,Tussen 2 bestuurders: Frontale botsing,Geen hindernis
42947,3,Brasschaat 1,Brasschaat,51.27503,4.47222,0.7265528612927249,51.28036594535566,4.4782485449715645,2023,10,16,11008,Brasschaat,Normaal,Droog,Dag,met lichtgewonden,3,Fiets,3,Fiets,Buiten Kruispunt,Gewestweg,buiten bebouwde kom,Tussen 2 bestuurders: Flank tegen flank,Geen hindernis
42947,2,Brasschaat 2,Brasschaat,51.27512,4.47169,0.7405268596939892,51.28036594535566,4.4782485449715645,2023,10,16,11008,Brasschaat,Normaal,Droog,Dag,met lichtgewonden,3,Fiets,3,Fiets,Buiten Kruispunt,Gewestweg,buiten bebouwde kom,Tussen 2 bestuurders: Flank tegen flank,Geen hindernis
42949,2,Brasschaat 2,Brasschaat,51.27512,4.47169,2.46535329239433,51.29013228826992,4.445604758079841,2023,10,12,11008,Brasschaat,Normaal,Droog,Dag,met lichtgewonden,1,Autobus,3,Fiets,Buiten Kruispunt,Gewestweg,binnen bebouwde kom,Tss. 2 best.: langs opzij (voor-/achterkant-flank),Geen hindernis
42949,3,Brasschaat 1,Brasschaat,51.27503,4.47222,2.4993187716177596,51.29013228826992,4.445604758079841,2023,10,12,11008,Brasschaat,Normaal,Droog,Dag,met lichtgewonden,1,Autobus,3,Fiets,Buiten Kruispunt,Gewestweg,binnen bebouwde kom,Tss. 2 best.: langs opzij (voor-/achterkant-flank),Geen hindernis
42965,104,Malle teller 2,Malle,51.31682,4.73852,1.7743643810985172,51.301435984530706,4.731739538891019,2023,10,9,11057,Malle,Normaal,Droog,Dag,met lichtgewonden,9,personenauto,3,Fiets,Buiten Kruispunt,Gewestweg,binnen bebouwde kom,Tussen 2 bestuurders: Flank tegen flank,Geen hindernis
42965,103,Malle teller 1,Malle,51.31681,4.73872,1.7770378577825423,51.301435984530706,4.731739538891019,2023,10,9,11057,Malle,Normaal,Droog,Dag,met lichtgewonden,9,personenauto,3,Fiets,Buiten Kruispunt,Gewestweg,binnen bebouwde kom,Tussen 2 bestuurders: Flank tegen flank,Geen hindernis
42974,96,Lier teller 2,Lier,51.11705,4.58444,2.3149574744689816,51.13537148546568,4.56868670901563,2023,10,15,12021,Lier,Regenval,"Nat, plassen",Dag,met lichtgewonden,3,Fiets,9,personenauto,Op Kruispunt,Gemeenteweg,binnen bebouwde kom,Tss. 2 best.: langs opzij (voor-/achterkant-flank),Geen hindernis
42974,95,Lier teller 1,Lier,51.11687,4.58437,2.330293535713344,51.13537148546568,4.56868670901563,2023,10,15,12021,Lier,Regenval,"Nat, plassen",Dag,met lichtgewonden,3,Fiets,9,personenauto,Op Kruispunt,Gemeenteweg,binnen bebouwde kom,Tss. 2 best.: langs opzij (voor-/achterkant-flank),Geen hindernis
42977,96,Lier teller 2,Lier,51.11705,4.58444,2.3163781002288233,51.13435473154989,4.565961039988777,2023,10,15,12021,Lier,Normaal,Droog,Dag,met lichtgewonden,9,personenauto,3,Fiets,Buiten Kruispunt,Gewestweg,binnen bebouwde kom,Tussen 2 bestuurders: Flank tegen flank,Geen hindernis
42977,95,Lier teller 1,Lier,51.11687,4.58437,2.3303357452452342,51.13435473154989,4.565961039988777,2023,10,15,12021,Lier,Normaal,Droog,Dag,met lichtgewonden,9,personenauto,3,Fiets,Buiten Kruispunt,Gewestweg,binnen bebouwde kom,Tussen 2 bestuurders: Flank tegen flank,Geen hindernis
42979,96,Lier teller 2,Lier,51.11705,4.58444,2.2286528577852045,51.13627478368032,4.593470313522251,2023,10,13,12021,Lier,Normaal,Droog,Dag,met zwaargewonden,2,Andere weggebruiker,3,Fiets,Buiten Kruispunt,Gemeenteweg,binnen bebouwde kom,Tussen 2 bestuurders: Frontale botsing,Geen hindernis
42979,95,Lier teller 1,Lier,51.11687,4.58437,2.249232984494191,51.13627478368032,4.593470313522251,2023,10,13,12021,Lier,Normaal,Droog,Dag,met zwaargewonden,2,Andere weggebruiker,3,Fiets,Buiten Kruispunt,Gemeenteweg,binnen bebouwde kom,Tussen 2 bestuurders: Frontale botsing,Geen hindernis
42980,96,Lier teller 2,Lier,51.11705,4.58444,2.2207214063752585,51.12899113622648,4.558934799306228,2023,10,11,12021,Lier,Normaal,Droog,Dag,met lichtgewonden,3,Fiets,8,Voetganger,Buiten Kruispunt,Gewestweg,binnen bebouwde kom,Met een voetganger,Geen hindernis
42980,95,Lier teller 1,Lier,51.11687,4.58437,2.228856123533344,51.12899113622648,4.558934799306228,2023,10,11,12021,Lier,Normaal,Droog,Dag,met lichtgewonden,3,Fiets,8,Voetganger,Buiten Kruispunt,Gewestweg,binnen bebouwde kom,Met een voetganger,Geen hindernis
42981,93,Nijlen teller 2,Nijlen,51.14998,4.64469,1.826775163192579,51.165216258443934,4.654487010603675,2023,10,7,12026,Nijlen,Mist (zichtbaarheid minder dan 100m),"Nat, plassen",Dageraad - schemering,met lichtgewonden,3,Fiets,3,Fiets,Op Kruispunt,Gemeenteweg,binnen bebouwde kom,Tussen 2 bestuurders: Flank tegen flank,Geen hindernis
42981,92,Nijlen teller 1,Nijlen,51.14989,4.64479,1.8334767370619254,51.165216258443934,4.654487010603675,2023,10,7,12026,Nijlen,Mist (zichtbaarheid minder dan 100m),"Nat, plassen",Dageraad - schemering,met lichtgewonden,3,Fiets,3,Fiets,Op Kruispunt,Gemeenteweg,binnen bebouwde kom,Tussen 2 bestuurders: Flank tegen flank,Geen hindernis
42985,93,Nijlen teller 2,Nijlen,51.14998,4.64469,0.8307034924787798,51.14786775726995,4.633266610933724,2023,10,14,12026,Nijlen,Regenval,"Nat, plassen",Dag,met zwaargewonden,9,personenauto,3,Fiets,Buiten Kruispunt,Gemeenteweg,buiten bebouwde kom,Tss. 2 best.: langs opzij (voor-/achterkant-flank),Geen hindernis
42985,92,Nijlen teller 1,Nijlen,51.14989,4.64479,0.8346455905617298,51.14786775726995,4.633266610933724,2023,10,14,12026,Nijlen,Regenval,"Nat, plassen",Dag,met zwaargewonden,9,personenauto,3,Fiets,Buiten Kruispunt,Gemeenteweg,buiten bebouwde kom,Tss. 2 best.: langs opzij (voor-/achterkant-flank),Geen hindernis
42987,9,Heist op den Berg 2,Heist-op-den-Berg,51.06904,4.69524,0.9765666064323548,51.07375311641919,4.707033867715441,2023,10,18,12014,Heist-op-den-Berg,Normaal,Droog,Dageraad - schemering,met lichtgewonden,5,Lichte vrachtauto,3,Fiets,Op Kruispunt,Gewestweg,binnen bebouwde kom,Tss. 2 best.: langs opzij (voor-/achterkant-flank),Geen hindernis
42987,8,Heist op den Berg 1,Heist-op-den-Berg,51.06759,4.68823,1.4818281744426365,51.07375311641919,4.707033867715441,2023,10,18,12014,Heist-op-den-Berg,Normaal,Droog,Dageraad - schemering,met lichtgewonden,5,Lichte vrachtauto,3,Fiets,Op Kruispunt,Gewestweg,binnen bebouwde kom,Tss. 2 best.: langs opzij (voor-/achterkant-flank),Geen hindernis
42989,9,Heist op den Berg 2,Heist-op-den-Berg,51.06904,4.69524,1.0111459942775953,51.07401584397285,4.707353159249386,2023,10,9,12014,Heist-op-den-Berg,Normaal,Droog,Dag,met lichtgewonden,3,Fiets,5,Lichte vrachtauto,Op Kruispunt,Gewestweg,binnen bebouwde kom,Tussen 2 bestuurders: Frontale botsing,Geen hindernis
42989,8,Heist op den Berg 1,Heist-op-den-Berg,51.06759,4.68823,1.51519565658319,51.07401584397285,4.707353159249386,2023,10,9,12014,Heist-op-den-Berg,Normaal,Droog,Dag,met lichtgewonden,3,Fiets,5,Lichte vrachtauto,Op Kruispunt,Gewestweg,binnen bebouwde kom,Tussen 2 bestuurders: Frontale botsing,Geen hindernis
43005,88,Westerlo teller 1,Westerlo,51.082,4.91325,2.364951032021865,51.10296717072699,4.9075697558719185,2023,10,18,13049,Westerlo,Normaal,"Nat, plassen","Nacht, openbare verlichting aanwezig en ontstoken",met lichtgewonden,9,personenauto,3,Fiets,Op Kruispunt,Gemeenteweg,binnen bebouwde kom,Tussen 2 bestuurders: Frontale botsing,Geen hindernis
43005,89,Westerlo teller 2,Westerlo,51.08191,4.91334,2.3758754502389174,51.10296717072699,4.9075697558719185,2023,10,18,13049,Westerlo,Normaal,"Nat, plassen","Nacht, openbare verlichting aanwezig en ontstoken",met lichtgewonden,9,personenauto,3,Fiets,Op Kruispunt,Gemeenteweg,binnen bebouwde kom,Tussen 2 bestuurders: Frontale botsing,Geen hindernis