crash_row_id,site_id,site_name,site_gemeente,site_lat,site_long,distance_km,crash_lat,crash_long,DT_YEAR_COLLISION,DT_MONTH_COLLISION,DT_TIME,CD_NIS,TX_MUNTY_COLLISION_NL,TX_WEATHER_NL,TX_ROAD_CONDITION_NL,TX_LIGHT_CONDITION_NL,TX_CLASS_ACCIDENTS_NL,CD_ROAD_USR_TYPE1,TX_ROAD_USR_TYPE1_NL,CD_ROAD_USR_TYPE2,TX_ROAD_USR_TYPE2_NL,TX_CROSSWAY_NL,CD_ROAD_TYPE_NL,TX_BUILD_UP_AREA_NL,TX_COLLISION_TYPE_NL,TX_OBSTACLES_NL
43009,98,Geel teller 2,Geel,51.1481,4.99643,0.7169114894063002,51.154335056175924,4.993814188164479,2023,10,16,13008,Geel,Normaal,Droog,Dag,met lichtgewonden,3,Fiets,3,Fiets,Op Kruispunt,Gewestweg,binnen bebouwde kom,Tss. 2 best.: langs opzij (voor-/achterkant-flank),Geen hindernis
43009,97,Geel teller 1,Geel,51.14813,4.99698,0.7244429232666313,51.154335056175924,4.993814188164479,2023,10,16,13008,Geel,Normaal,Droog,Dag,met lichtgewonden,3,Fiets,3,Fiets,Op Kruispunt,Gewestweg,binnen bebouwde kom,Tss. 2 best.: langs opzij (voor-/achterkant-flank),Geen hindernis
43010,98,Geel teller 2,Geel,51.1481,4.99643,2.192812860444036,51.130731235641704,4.981544998200733,2023,10,17,13008,Geel,Normaal,Droog,Dag,met lichtgewonden,9,personenauto,3,Fiets,Op Kruispunt,Gemeenteweg,buiten bebouwde kom,Tussen 2 bestuurders: Flank tegen flank,Geen hindernis
43010,97,Geel teller 1,Geel,51.14813,4.99698,2.2141573027449577,51.130731235641704,4.981544998200733,2023,10,17,13008,Geel,Normaal,Droog,Dag,met lichtgewonden,9,personenauto,3,Fiets,Op Kruispunt,Gemeenteweg,buiten bebouwde kom,Tussen 2 bestuurders: Flank tegen flank,Geen hindernis
43011,98,Geel teller 2,Geel,51.1481,4.99643,1.6352908497954664,51.1530789082827,4.97436940385731,2023,10,11,13008,Geel,Normaal,Droog,Dag,met lichtgewonden,6,Bromfiets,3,Fiets,Buiten Kruispunt,Gewestweg,buiten bebouwde kom,Tss. 2 best.: langs opzij (voor-/achterkant-flank),Geen hindernis
43011,97,Geel teller 1,Geel,51.14813,4.99698,1.6703359130692708,51.1530789082827,4.97436940385731,2023,10,11,13008,Geel,Normaal,Droog,Dag,met lichtgewonden,6,Bromfiets,3,Fiets,Buiten Kruispunt,Gewestweg,buiten bebouwde kom,Tss. 2 best.: langs opzij (voor-/achterkant-flank),Geen hindernis
43013,134,Retie,Dessel,51.2548405,5.1037658,1.8133033730731745,51.266175880286156,5.085031528680654,2023,10,9,13036,Retie,Normaal,Droog,Dag,met lichtgewonden,3,Fiets,8,Voetganger,Buiten Kruispunt,Gewestweg,binnen bebouwde kom,Met een voetganger,Geen hindernis
43013,135,Retie 2,Dessel,51.2544998,5.1040064,1.8517418268324604,51.266175880286156,5.085031528680654,2023,10,9,13036,Retie,Normaal,Droog,Dag,met lichtgewonden,3,Fiets,8,Voetganger,Buiten Kruispunt,Gewestweg,binnen bebouwde kom,Met een voetganger,Geen hindernis
43014,134,Retie,Dessel,51.2548405,5.1037658,1.9419501981937901,51.269089846271385,5.087629348785014,2023,10,15,13036,Retie,Normaal,"Nat, plassen",Dag,met lichtgewonden,3,Fiets,9,personenauto,Buiten Kruispunt,Gemeenteweg,binnen bebouwde kom,Tss. 2 best.: langs opzij (voor-/achterkant-flank),Geen hindernis
43014,135,Retie 2,Dessel,51.2544998,5.1040064,1.982559239808842,51.269089846271385,5.087629348785014,2023,10,15,13036,Retie,Normaal,"Nat, plassen",Dag,met lichtgewonden,3,Fiets,9,personenauto,Buiten Kruispunt,Gemeenteweg,binnen bebouwde kom,Tss. 2 best.: langs opzij (voor-/achterkant-flank),Geen hindernis
43021,5,Balen 2,Balen,51.16018,5.19003,0.39955989723725666,51.16150683279669,5.184705176741539,2023,10,9,13003,Balen,Normaal,Droog,Dag,met lichtgewonden,3,Fiets,3,Fiets,Op Kruispunt,Gemeenteweg,buiten bebouwde kom,Tss. 2 best.: langs opzij (voor-/achterkant-flank),Geen hindernis
43021,4,Balen 1,Balen,51.16023,5.19011,0.4027561194962873,51.16150683279669,5.184705176741539,2023,10,9,13003,Balen,Normaal,Droog,Dag,met lichtgewonden,3,Fiets,3,Fiets,Op Kruispunt,Gemeenteweg,buiten bebouwde kom,Tss. 2 best.: langs opzij (voor-/achterkant-flank),Geen hindernis
43035,94,Herentals teller 2,Herentals,51.17345,4.81283,1.347377961403214,51.16395457921395,4.8008247964148545,2023,10,7,13011,Herentals,Normaal,"Nat, plassen","Nacht, openbare verlichting aanwezig en ontstoken",met lichtgewonden,9,personenauto,3,Fiets,Op Kruispunt,Gemeenteweg,buiten bebouwde kom,Tss. 2 best.: langs opzij (voor-/achterkant-flank),Geen hindernis
43035,110,Herentals totem,Herentals,51.1739426,4.811783,1.3480397702076745,51.16395457921395,4.8008247964148545,2023,10,7,13011,Herentals,Normaal,"Nat, plassen","Nacht, openbare verlichting aanwezig en ontstoken",met lichtgewonden,9,personenauto,3,Fiets,Op Kruispunt,Gemeenteweg,buiten bebouwde kom,Tss. 2 best.: langs opzij (voor-/achterkant-flank),Geen hindernis
43036,37,Lommel teller 1,Lommel,51.23299,5.29211,1.76655210072212,51.228040457797796,5.316218232215036,2023,10,14,72020,Lommel,Normaal,Droog,Dag,met lichtgewonden,3,Fiets,3,Fiets,Op Kruispunt,Gewestweg,binnen bebouwde kom,Tussen 2 bestuurders: Flank tegen flank,Geen hindernis
43036,38,Lommel teller 2,Lommel,51.23277,5.29189,1.7737119267007098,51.228040457797796,5.316218232215036,2023,10,14,72020,Lommel,Normaal,Droog,Dag,met lichtgewonden,3,Fiets,3,Fiets,Op Kruispunt,Gewestweg,binnen bebouwde kom,Tussen 2 bestuurders: Flank tegen flank,Geen hindernis
43037,37,Lommel teller 1,Lommel,51.23299,5.29211,1.451225082107902,51.240020830199605,5.309671670975336,2023,10,0,72020,Lommel,Normaal,Droog,"Nacht, openbare verlichting aanwezig en ontstoken",met lichtgewonden,3,Fiets,11,een weggebruiker tegen een hindernis,Op Kruispunt,Gemeenteweg,binnen bebouwde kom,Weggebruiker tegen hindernis op de rijbaan,"Op de rijbaan: Werken (signal., aarde, toestel,…)"
43037,38,Lommel teller 2,Lommel,51.23277,5.29189,1.4773616088125185,51.240020830199605,5.309671670975336,2023,10,0,72020,Lommel,Normaal,Droog,"Nacht, openbare verlichting aanwezig en ontstoken",met lichtgewonden,3,Fiets,11,een weggebruiker tegen een hindernis,Op Kruispunt,Gemeenteweg,binnen bebouwde kom,Weggebruiker tegen hindernis op de rijbaan,"Op de rijbaan: Werken (signal., aarde, toestel,…)"
43040,37,Lommel teller 1,Lommel,51.23299,5.29211,1.91244791321693,51.2287072628123,5.318711286063503,2023,10,10,72020,Lommel,Normaal,Droog,Dag,met lichtgewonden,9,personenauto,3,Fiets,Op Kruispunt,Gemeenteweg,binnen bebouwde kom,Tss. 2 best.: langs opzij (voor-/achterkant-flank),Geen hindernis
43040,38,Lommel teller 2,Lommel,51.23277,5.29189,1.9213934116482378,51.2287072628123,5.318711286063503,2023,10,10,72020,Lommel,Normaal,Droog,Dag,met lichtgewonden,9,personenauto,3,Fiets,Op Kruispunt,Gemeenteweg,binnen bebouwde kom,Tss. 2 best.: langs opzij (voor-/achterkant-flank),Geen hindernis
43041,45,Pelt teller 1,Pelt,51.23127,5.44377,1.4161735242178668,51.243944827279044,5.445760618443322,2023,10,7,72043,Pelt,Normaal,"Nat, plassen",Dageraad - schemering,met lichtgewonden,3,Fiets,11,een weggebruiker tegen een hindernis,Op Kruispunt,Gemeenteweg,buiten bebouwde kom,Weggebruiker tegen hindernis op de rijbaan,"Op de rijbaan: Verkeersdrempel, ezelsrug"
43041,46,Pelt teller 2,Pelt,51.231,5.44375,1.4461891848762427,51.243944827279044,5.445760618443322,2023,10,7,72043,Pelt,Normaal,"Nat, plassen",Dageraad - schemering,met lichtgewonden,3,Fiets,11,een weggebruiker tegen een hindernis,Op Kruispunt,Gemeenteweg,buiten bebouwde kom,Weggebruiker tegen hindernis op de rijbaan,"Op de rijbaan: Verkeersdrempel, ezelsrug"
43043,46,Pelt teller 2,Pelt,51.231,5.44375,0.7225967767926815,51.22563653658403,5.437890631907004,2023,10,12,72043,Pelt,Normaal,Droog,Dag,met lichtgewonden,3,Fiets,3,Fiets,Buiten Kruispunt,Gemeenteweg,binnen bebouwde kom,Tss. 2 best.: langs opzij (voor-/achterkant-flank),Geen hindernis
43043,45,Pelt teller 1,Pelt,51.23127,5.44377,0.7483282754604531,51.22563653658403,5.437890631907004,2023,10,12,72043,Pelt,Normaal,Droog,Dag,met lichtgewonden,3,Fiets,3,Fiets,Buiten Kruispunt,Gemeenteweg,binnen bebouwde kom,Tss. 2 best.: langs opzij (voor-/achterkant-flank),Geen hindernis
43045,46,Pelt teller 2,Pelt,51.231,5.44375,0.6796173604440098,51.2249752929621,5.44539314187995,2023,10,13,72043,Pelt,Normaal,Droog,Dag,met lichtgewonden,9,personenauto,3,Fiets,Buiten Kruispunt,Gemeenteweg,binnen bebouwde kom,Tussen 2 bestuurders: Flank tegen flank,Geen hindernis
43045,45,Pelt teller 1,Pelt,51.23127,5.44377,0.7090060828545736,51.2249752929621,5.44539314187995,2023,10,13,72043,Pelt,Normaal,Droog,Dag,met lichtgewonden,9,personenauto,3,Fiets,Buiten Kruispunt,Gemeenteweg,binnen bebouwde kom,Tussen 2 bestuurders: Flank tegen flank,Geen hindernis
43066,21,Bilzen,Bilzen,50.86015,5.50161,1.5385021121288913,50.870847450284735,5.515513445804491,2023,10,8,73006,Bilzen,Normaal,"Nat, plassen",Dag,met lichtgewonden,3,Fiets,10,"één bestuurder, geen hindernis",Buiten Kruispunt,Gewestweg,binnen bebouwde kom,"Eén bestuurder, geen hindernis (incl. val)",Geen hindernis
43067,21,Bilzen,Bilzen,50.86015,5.50161,2.0420491852870057,50.876521139287526,5.514795286652463,2023,10,15,73006,Bilzen,Onbekend,Onbekend,Dag,met lichtgewonden,3,Fiets,8,Voetganger,Buiten Kruispunt,Gemeenteweg,onbekend,Met een voetganger,Geen hindernis
43068,43,Maaseik teller 1,Maaseik,51.09344,5.79715,2.316218108097445,51.09998756802607,5.765662416115094,2023,10,7,72021,Maaseik,Normaal,"Nat, plassen","Nacht, openbare verlichting aanwezig en ontstoken",dodelijk gewonden,3,Fiets,9,personenauto,Buiten Kruispunt,Gewestweg,buiten bebouwde kom,Tss. 2 best.: langs opzij (voor-/achterkant-flank),Geen hindernis
43068,44,Maaseik teller 2,Maaseik,51.09359,5.79726,2.318335837294652,51.09998756802607,5.765662416115094,2023,10,7,72021,Maaseik,Normaal,"Nat, plassen","Nacht, openbare verlichting aanwezig en ontstoken",dodelijk gewonden,3,Fiets,9,personenauto,Buiten Kruispunt,Gewestweg,buiten bebouwde kom,Tss. 2 best.: langs opzij (voor-/achterkant-flank),Geen hindernis
43069,44,Maaseik teller 2,Maaseik,51.09359,5.79726,1.2671168063416232,51.10347637762674,5.7882357227979115,2023,10,15,72021,Maaseik,Onbekend,Onbekend,Dag,met lichtgewonden,3,Fiets,6,Bromfiets,Buiten Kruispunt,Gemeenteweg,onbekend,Tussen 2 bestuurders: Flank tegen flank,Geen hindernis
43069,43,Maaseik teller 1,Maaseik,51.09344,5.79715,1.2778553768464915,51.10347637762674,5.7882357227979115,2023,10,15,72021,Maaseik,Onbekend,Onbekend,Dag,met lichtgewonden,3,Fiets,6,Bromfiets,Buiten Kruispunt,Gemeenteweg,onbekend,Tussen 2 bestuurders: Flank tegen flank,Geen hindernis
43071,77,Leuven teller 2,Leuven,50.88672,4.70796,0.9274862878855937,50.880127649887996,4.699860073885692,2023,10,15,24062,Leuven,Normaal,Droog,Dag,met lichtgewonden,3,Fiets,3,Fiets,Buiten Kruispunt,Gemeenteweg,binnen bebouwde kom,Tussen 2 bestuurders: Flank tegen flank,Geen hindernis
43071,107,leuven totem,Leuven,50.8870744,4.7087919,0.9946282354710875,50.880127649887996,4.699860073885692,2023,10,15,24062,Leuven,Normaal,Droog,Dag,met lichtgewonden,3,Fiets,3,Fiets,Buiten Kruispunt,Gemeenteweg,binnen bebouwde kom,Tussen 2 bestuurders: Flank tegen flank,Geen hindernis
43071,69,Leuven teller 1,Leuven,50.87549,4.71526,1.1972325704760025,50.880127649887996,4.699860073885692,2023,10,15,24062,Leuven,Normaal,Droog,Dag,met lichtgewonden,3,Fiets,3,Fiets,Buiten Kruispunt,Gemeenteweg,binnen bebouwde kom,Tussen 2 bestuurders: Flank tegen flank,Geen hindernis
43071,151,Leuven,District Leuven,50.8690262,4.6854839,1.594153324398747,50.880127649887996,4.699860073885692,2023,10,15,24062,Leuven,Normaal,Droog,Dag,met lichtgewonden,3,Fiets,3,Fiets,Buiten Kruispunt,Gemeenteweg,binnen bebouwde kom,Tussen 2 bestuurders: Flank tegen flank,Geen hindernis
43072,69,Leuven teller 1,Leuven,50.87549,4.71526,2.2371660740713395,50.85678216728716,4.72698962417193,2023,10,23,24062,Leuven,Normaal,"Nat, plassen","Nacht, openb. verlicht. aanw., maar niet ontstoken",met lichtgewonden,3,Fiets,11,een weggebruiker tegen een hindernis,Buiten Kruispunt,Gewestweg,buiten bebouwde kom,Weggebruiker tegen hindernis op de rijbaan,Op de rijbaan: Lading
43072,108,Heverlee teller 1,Leuven,50.8471728,4.6954674,2.4573369210319385,50.85678216728716,4.72698962417193,2023,10,23,24062,Leuven,Normaal,"Nat, plassen","Nacht, openb. verlicht. aanw., maar niet ontstoken",met lichtgewonden,3,Fiets,11,een weggebruiker tegen een hindernis,Buiten Kruispunt,Gewestweg,buiten bebouwde kom,Weggebruiker tegen hindernis op de rijbaan,Op de rijbaan: Lading
43072,76,Heverlee teller 2,Leuven,50.84606,4.69597,2.482630209290304,50.85678216728716,4.72698962417193,2023,10,23,24062,Leuven,Normaal,"Nat, plassen","Nacht, openb. verlicht. aanw., maar niet ontstoken",met lichtgewonden,3,Fiets,11,een weggebruiker tegen een hindernis,Buiten Kruispunt,Gewestweg,buiten bebouwde kom,Weggebruiker tegen hindernis op de rijbaan,Op de rijbaan: Lading
43073,77,Leuven teller 2,Leuven,50.88672,4.70796,0.9885378633689637,50.87950070143477,4.699736751932208,2023,10,8,24062,Leuven,Normaal,Droog,Dag,met lichtgewonden,3,Fiets,3,Fiets,Op Kruispunt,Gemeenteweg,binnen bebouwde kom,Tussen 2 bestuurders: Flank tegen flank,Geen hindernis
43073,107,leuven totem,Leuven,50.8870744,4.7087919,1.0548775990379422,50.87950070143477,4.699736751932208,2023,10,8,24062,Leuven,Normaal,Droog,Dag,met lichtgewonden,3,Fiets,3,Fiets,Op Kruispunt,Gemeenteweg,binnen bebouwde kom,Tussen 2 bestuurders: Flank tegen flank,Geen hindernis
43073,69,Leuven teller 1,Leuven,50.87549,4.71526,1.176908683873455,50.87950070143477,4.699736751932208,2023,10,8,24062,Leuven,Normaal,Droog,Dag,met lichtgewonden,3,Fiets,3,Fiets,Op Kruispunt,Gemeenteweg,binnen bebouwde kom,Tussen 2 bestuurders: Flank tegen flank,Geen hindernis
43073,151,Leuven,District Leuven,50.8690262,4.6854839,1.535156010631248,50.87950070143477,4.699736751932208,2023,10,8,24062,Leuven,Normaal,Droog,Dag,met lichtgewonden,3,Fiets,3,Fiets,Op Kruispunt,Gemeenteweg,binnen bebouwde kom,Tussen 2 bestuurders: Flank tegen flank,Geen hindernis
43074,151,Leuven,District Leuven,50.8690262,4.6854839,0.4884349090129691,50.871805514310516,4.690873931939299,2023,10,12,24062,Leuven,Normaal,Droog,Dag,met lichtgewonden,3,Fiets,3,Fiets,Buiten Kruispunt,Gewestweg,binnen bebouwde kom,Tussen 2 bestuurders: Flank tegen flank,Geen hindernis
43074,69,Leuven teller 1,Leuven,50.87549,4.71526,1.7594764370667697,50.871805514310516,4.690873931939299,2023,10,12,24062,Leuven,Normaal,Droog,Dag,met lichtgewonden,3,Fiets,3,Fiets,Buiten Kruispunt,Gewestweg,binnen bebouwde kom,Tussen 2 bestuurders: Flank tegen flank,Geen hindernis
43074,77,Leuven teller 2,Leuven,50.88672,4.70796,2.0462964279360514,50.871805514310516,4.690873931939299,2023,10,12,24062,Leuven,Normaal,Droog,Dag,met lichtgewonden,3,Fiets,3,Fiets,Buiten Kruispunt,Gewestweg,binnen bebouwde kom,Tussen 2 bestuurders: Flank tegen flank,Geen hindernis
43074,107,leuven totem,Leuven,50.8870744,4.7087919,2.1125612169687265,50.871805514310516,4.690873931939299,2023,10,12,24062,Leuven,Normaal,Droog,Dag,met lichtgewonden,3,Fiets,3,Fiets,Buiten Kruispunt,Gewestweg,binnen bebouwde kom,Tussen 2 bestuurders: Flank tegen flank,Geen hindernis
43075,107,leuven totem,Leuven,50.8870744,4.7087919,1.4289289498388342,50.89881560811281,4.717072835892432,2023,10,7,24062,Leuven,Normaal,Droog,Dag,met zwaargewonden,3,Fiets,10,"één bestuurder, geen hindernis",Buiten Kruispunt,Gemeenteweg,binnen bebouwde kom,"Eén bestuurder, geen hindernis (incl. val)",Geen hindernis
43075,77,Leuven teller 2,Leuven,50.88672,4.70796,1.4891189642575835,50.89881560811281,4.717072835892432,2023,10,7,24062,Leuven,Normaal,Droog,Dag,met zwaargewonden,3,Fiets,10,"één bestuurder, geen hindernis",Buiten Kruispunt,Gemeenteweg,binnen bebouwde kom,"Eén bestuurder, geen hindernis (incl. val)",Geen hindernis
43076,69,Leuven teller 1,Leuven,50.87549,4.71526,0.7662288528302246,50.86982117936403,4.709051722453988,2023,10,12,24062,Leuven,Normaal,Droog,Dag,met lichtgewonden,3,Fiets,3,Fiets,Buiten Kruispunt,Gewestweg,binnen bebouwde kom,Tss. 2 best.: langs opzij (voor-/achterkant-flank),Geen hindernis
43076,151,Leuven,District Leuven,50.8690262,4.6854839,1.65620887672056,50.86982117936403,4.709051722453988,2023,10,12,24062,Leuven,Normaal,Droog,Dag,met lichtgewonden,3,Fiets,3,Fiets,Buiten Kruispunt,Gewestweg,binnen bebouwde kom,Tss. 2 best.: langs opzij (voor-/achterkant-flank),Geen hindernis
43076,77,Leuven teller 2,Leuven,50.88672,4.70796,1.8806236084530266,50.86982117936403,4.709051722453988,2023,10,12,24062,Leuven,Normaal,Droog,Dag,met lichtgewonden,3,Fiets,3,Fiets,Buiten Kruispunt,Gewestweg,binnen bebouwde kom,Tss. 2 best.: langs opzij (voor-/achterkant-flank),Geen hindernis
43076,107,leuven totem,Leuven,50.8870744,4.7087919,1.9185572079194135,50.86982117936403,4.709051722453988,2023,10,12,24062,Leuven,Normaal,Droog,Dag,met lichtgewonden,3,Fiets,3,Fiets,Buiten Kruispunt,Gewestweg,binnen bebouwde kom,Tss. 2 best.: langs opzij (voor-/achterkant-flank),Geen hindernis
43077,107,leuven totem,Leuven,50.8870744,4.7087919,0.3423254580660685,50.884534277329216,4.711549091790184,2023,10,13,24062,Leuven,Normaal,"Nat, plassen",Dag,met lichtgewonden,3,Fiets,9,personenauto,Buiten Kruispunt,Gewestweg,binnen bebouwde kom,Tss. 2 best.: langs opzij (voor-/achterkant-flank),Geen hindernis
43077,77,Leuven teller 2,Leuven,50.88672,4.70796,0.34994124051793857,50.884534277329216,4.711549091790184,2023,10,13,24062,Leuven,Normaal,"Nat, plassen",Dag,met lichtgewonden,3,Fiets,9,personenauto,Buiten Kruispunt,Gewestweg,binnen bebouwde kom,Tss. 2 best.: langs opzij (voor-/achterkant-flank),Geen hindernis
43077,69,Leuven teller 1,Leuven,50.87549,4.71526,1.0388310301760784,50.884534277329216,4.711549091790184,2023,10,13,24062,Leuven,Normaal,"Nat, plassen",Dag,met lichtgewonden,3,Fiets,9,personenauto,Buiten Kruispunt,Gewestweg,binnen bebouwde kom,Tss. 2 best.: langs opzij (voor-/achterkant-flank),Geen hindernis
43078,77,Leuven teller 2,Leuven,50.88672,4.70796,0.2483189518984445,50.88862297346399,4.706107431520364,2023,10,15,24062,Leuven,Normaal,Proper,Dag,met lichtgewonden,9,personenauto,3,Fiets,Buiten Kruispunt,Gemeenteweg,binnen bebouwde kom,Tussen 2 bestuurders: Frontale botsing,Geen hindernis
43078,107,leuven totem,Leuven,50.8870744,4.7087919,0.25516568711116633,50.88862297346399,4.706107431520364,2023,10,15,24062,Leuven,Normaal,Proper,Dag,met lichtgewonden,9,personenauto,3,Fiets,Buiten Kruispunt,Gemeenteweg,binnen bebouwde kom,Tussen 2 bestuurders: Frontale botsing,Geen hindernis
43078,69,Leuven teller 1,Leuven,50.87549,4.71526,1.5952506459253226,50.88862297346399,4.706107431520364,2023,10,15,24062,Leuven,Normaal,Proper,Dag,met lichtgewonden,9,personenauto,3,Fiets,Buiten Kruispunt,Gemeenteweg,binnen bebouwde kom,Tussen 2 bestuurders: Frontale botsing,Geen hindernis
43079,69,Leuven teller 1,Leuven,50.87549,4.71526,2.207326352189032,50.88361591573203,4.743965169671508,2023,10,18,24062,Leuven,Normaal,Droog,Dag,met lichtgewonden,3,Fiets,3,Fiets,Op Kruispunt,Gemeenteweg,buiten bebouwde kom,Tss. 2 best.: langs opzij (voor-/achterkant-flank),Geen hindernis
43079,107,leuven totem,Leuven,50.8870744,4.7087919,2.4971946143937584,50.88361591573203,4.743965169671508,2023,10,18,24062,Leuven,Normaal,Droog,Dag,met lichtgewonden,3,Fiets,3,Fiets,Op Kruispunt,Gemeenteweg,buiten bebouwde kom,Tss. 2 best.: langs opzij (voor-/achterkant-flank),Geen hindernis
43080,151,Leuven,District Leuven,50.8690262,4.6854839,1.1988902186436128,50.87955696657832,4.689150020491778,2023,10,19,24062,Leuven,Normaal,Droog+Proper,"Nacht, openbare verlichting aanwezig en ontstoken",met lichtgewonden,3,Fiets,9,personenauto,Op Kruispunt,Gemeenteweg,binnen bebouwde kom,Tss. 2 best.: langs opzij (voor-/achterkant-flank),Geen hindernis
43080,77,Leuven teller 2,Leuven,50.88672,4.70796,1.541330638312853,50.87955696657832,4.689150020491778,2023,10,19,24062,Leuven,Normaal,Droog+Proper,"Nacht, openbare verlichting aanwezig en ontstoken",met lichtgewonden,3,Fiets,9,personenauto,Op Kruispunt,Gemeenteweg,binnen bebouwde kom,Tss. 2 best.: langs opzij (voor-/achterkant-flank),Geen hindernis
43080,107,leuven totem,Leuven,50.8870744,4.7087919,1.6116585775716856,50.87955696657832,4.689150020491778,2023,10,19,24062,Leuven,Normaal,Droog+Proper,"Nacht, openbare verlichting aanwezig en ontstoken",met lichtgewonden,3,Fiets,9,personenauto,Op Kruispunt,Gemeenteweg,binnen bebouwde kom,Tss. 2 best.: langs opzij (voor-/achterkant-flank),Geen hindernis
43080,69,Leuven teller 1,Leuven,50.87549,4.71526,1.886915597554174,50.87955696657832,4.689150020491778,2023,10,19,24062,Leuven,Normaal,Droog+Proper,"Nacht, openbare verlichting aanwezig en ontstoken",met lichtgewonden,3,Fiets,9,personenauto,Op Kruispunt,Gemeenteweg,binnen bebouwde kom,Tss. 2 best.: langs opzij (voor-/achterkant-flank),Geen hindernis
43081,69,Leuven teller 1,Leuven,50.87549,4.71526,0.6322920075144028,50.87844257336068,4.707558253549853,2023,10,8,24062,Leuven,Normaal,Droog,Dag,met lichtgewonden,3,Fiets,9,personenauto,Op Kruispunt,Gemeenteweg,binnen bebouwde kom,Tss. 2 best.: langs opzij (voor-/achterkant-flank),Geen hindernis
43081,77,Leuven teller 2,Leuven,50.88672,4.70796,0.920839266828097,50.87844257336068,4.707558253549853,2023,10,8,24062,Leuven,Normaal,Droog,Dag,met lichtgewonden,3,Fiets,9,personenauto,Op Kruispunt,Gemeenteweg,binnen bebouwde kom,Tss. 2 best.: langs opzij (voor-/achterkant-flank),Geen hindernis
43081,107,leuven totem,Leuven,50.8870744,4.7087919,0.9637092541866021,50.87844257336068,4.707558253549853,2023,10,8,24062,Leuven,Normaal,Droog,Dag,met lichtgewonden,3,Fiets,9,personenauto,Op Kruispunt,Gemeenteweg,binnen bebouwde kom,Tss. 2 best.: langs opzij (voor-/achterkant-flank),Geen hindernis
43081,151,Leuven,District Leuven,50.8690262,4.6854839,1.869603682288399,50.87844257336068,4.707558253549853,2023,10,8,24062,Leuven,Normaal,Droog,Dag,met lichtgewonden,3,Fiets,9,personenauto,Op Kruispunt,Gemeenteweg,binnen bebouwde kom,Tss. 2 best.: langs opzij (voor-/achterkant-flank),Geen hindernis
43082,77,Leuven teller 2,Leuven,50.88672,4.70796,0.42265690373050036,50.88773989031386,4.702155658514317,2023,10,12,24062,Leuven,Normaal,Droog,Dag,met lichtgewonden,9,personenauto,3,Fiets,Op Kruispunt,Gemeenteweg,binnen bebouwde kom,Tussen 2 bestuurders: Langs achteren,Geen hindernis
43082,107,leuven totem,Leuven,50.8870744,4.7087919,0.47135673161592595,50.88773989031386,4.702155658514317,2023,10,12,24062,Leuven,Normaal,Droog,Dag,met lichtgewonden,9,personenauto,3,Fiets,Op Kruispunt,Gemeenteweg,binnen bebouwde kom,Tussen 2 bestuurders: Langs achteren,Geen hindernis
43082,69,Leuven teller 1,Leuven,50.87549,4.71526,1.6433437218101348,50.88773989031386,4.702155658514317,2023,10,12,24062,Leuven,Normaal,Droog,Dag,met lichtgewonden,9,personenauto,3,Fiets,Op Kruispunt,Gemeenteweg,binnen bebouwde kom,Tussen 2 bestuurders: Langs achteren,Geen hindernis
43082,151,Leuven,District Leuven,50.8690262,4.6854839,2.387091281373997,50.88773989031386,4.702155658514317,2023,10,12,24062,Leuven,Normaal,Droog,Dag,met lichtgewonden,9,personenauto,3,Fiets,Op Kruispunt,Gemeenteweg,binnen bebouwde kom,Tussen 2 bestuurders: Langs achteren,Geen hindernis
43083,69,Leuven teller 1,Leuven,50.87549,4.71526,0.40786283549049096,50.87455442723475,4.709639401084973,2023,10,7,24062,Leuven,Regenval,"Nat, plassen",Dageraad - schemering,met lichtgewonden,3,Fiets,10,"één bestuurder, geen hindernis",Buiten Kruispunt,Gemeenteweg,binnen bebouwde kom,"Eén bestuurder, geen hindernis (incl. val)",Geen hindernis
43083,77,Leuven teller 2,Leuven,50.88672,4.70796,1.3578713083450193,50.87455442723475,4.709639401084973,2023,10,7,24062,Leuven,Regenval,"Nat, plassen",Dageraad - schemering,met lichtgewonden,3,Fiets,10,"één bestuurder, geen hindernis",Buiten Kruispunt,Gemeenteweg,binnen bebouwde kom,"Eén bestuurder, geen hindernis (incl. val)",Geen hindernis
43083,107,leuven totem,Leuven,50.8870744,4.7087919,1.3934265779563828,50.87455442723475,4.709639401084973,2023,10,7,24062,Leuven,Regenval,"Nat, plassen",Dageraad - schemering,met lichtgewonden,3,Fiets,10,"één bestuurder, geen hindernis",Buiten Kruispunt,Gemeenteweg,binnen bebouwde kom,"Eén bestuurder, geen hindernis (incl. val)",Geen hindernis
43083,151,Leuven,District Leuven,50.8690262,4.6854839,1.803025406723306,50.87455442723475,4.709639401084973,2023,10,7,24062,Leuven,Regenval,"Nat, plassen",Dageraad - schemering,met lichtgewonden,3,Fiets,10,"één bestuurder, geen hindernis",Buiten Kruispunt,Gemeenteweg,binnen bebouwde kom,"Eén bestuurder, geen hindernis (incl. val)",Geen hindernis
43084,69,Leuven teller 1,Leuven,50.87549,4.71526,2.2481075966401147,50.88289051018721,4.745079092006896,2023,10,17,24062,Leuven,Normaal,Droog,Dag,met lichtgewonden,9,personenauto,3,Fiets,Op Kruispunt,Gemeenteweg,binnen bebouwde kom,Tss. 2 best.: langs opzij (voor-/achterkant-flank),Geen hindernis