crash_row_id,site_id,site_name,site_gemeente,site_lat,site_long,distance_km,crash_lat,crash_long,DT_YEAR_COLLISION,DT_MONTH_COLLISION,DT_TIME,CD_NIS,TX_MUNTY_COLLISION_NL,TX_WEATHER_NL,TX_ROAD_CONDITION_NL,TX_LIGHT_CONDITION_NL,TX_CLASS_ACCIDENTS_NL,CD_ROAD_USR_TYPE1,TX_ROAD_USR_TYPE1_NL,CD_ROAD_USR_TYPE2,TX_ROAD_USR_TYPE2_NL,TX_CROSSWAY_NL,CD_ROAD_TYPE_NL,TX_BUILD_UP_AREA_NL,TX_COLLISION_TYPE_NL,TX_OBSTACLES_NL
43085,151,Leuven,District Leuven,50.8690262,4.6854839,0.7197233009258466,50.86255798352168,4.6858624371696145,2023,10,16,24062,Leuven,Normaal,"Nat, plassen",Dag,met lichtgewonden,3,Fiets,8,Voetganger,Buiten Kruispunt,Gemeenteweg,binnen bebouwde kom,Met een voetganger,Geen hindernis
43085,108,Heverlee teller 1,Leuven,50.8471728,4.6954674,1.83882170542711,50.86255798352168,4.6858624371696145,2023,10,16,24062,Leuven,Normaal,"Nat, plassen",Dag,met lichtgewonden,3,Fiets,8,Voetganger,Buiten Kruispunt,Gemeenteweg,binnen bebouwde kom,Met een voetganger,Geen hindernis
43085,76,Heverlee teller 2,Leuven,50.84606,4.69597,1.9669206635310472,50.86255798352168,4.6858624371696145,2023,10,16,24062,Leuven,Normaal,"Nat, plassen",Dag,met lichtgewonden,3,Fiets,8,Voetganger,Buiten Kruispunt,Gemeenteweg,binnen bebouwde kom,Met een voetganger,Geen hindernis
43087,69,Leuven teller 1,Leuven,50.87549,4.71526,1.1490961644828281,50.86846422418781,4.703250979411001,2023,10,8,24062,Leuven,Regenval,"Nat, plassen",Dageraad - schemering,met lichtgewonden,3,Fiets,3,Fiets,Buiten Kruispunt,Gewestweg,binnen bebouwde kom,Tussen 2 bestuurders: Frontale botsing,Geen hindernis
43087,151,Leuven,District Leuven,50.8690262,4.6854839,1.24836997362519,50.86846422418781,4.703250979411001,2023,10,8,24062,Leuven,Regenval,"Nat, plassen",Dageraad - schemering,met lichtgewonden,3,Fiets,3,Fiets,Buiten Kruispunt,Gewestweg,binnen bebouwde kom,Tussen 2 bestuurders: Frontale botsing,Geen hindernis
43087,77,Leuven teller 2,Leuven,50.88672,4.70796,2.056661135318979,50.86846422418781,4.703250979411001,2023,10,8,24062,Leuven,Regenval,"Nat, plassen",Dageraad - schemering,met lichtgewonden,3,Fiets,3,Fiets,Buiten Kruispunt,Gewestweg,binnen bebouwde kom,Tussen 2 bestuurders: Frontale botsing,Geen hindernis
43087,107,leuven totem,Leuven,50.8870744,4.7087919,2.105557507439993,50.86846422418781,4.703250979411001,2023,10,8,24062,Leuven,Regenval,"Nat, plassen",Dageraad - schemering,met lichtgewonden,3,Fiets,3,Fiets,Buiten Kruispunt,Gewestweg,binnen bebouwde kom,Tussen 2 bestuurders: Frontale botsing,Geen hindernis
43087,108,Heverlee teller 1,Leuven,50.8471728,4.6954674,2.4297194684411387,50.86846422418781,4.703250979411001,2023,10,8,24062,Leuven,Regenval,"Nat, plassen",Dageraad - schemering,met lichtgewonden,3,Fiets,3,Fiets,Buiten Kruispunt,Gewestweg,binnen bebouwde kom,Tussen 2 bestuurders: Frontale botsing,Geen hindernis
43088,107,leuven totem,Leuven,50.8870744,4.7087919,0.6560992762665028,50.88406458190703,4.716836423223895,2023,10,7,24062,Leuven,Regenval,"Nat, plassen",Dageraad - schemering,met lichtgewonden,9,personenauto,3,Fiets,Op Kruispunt,Gewestweg,binnen bebouwde kom,Tss. 2 best.: langs opzij (voor-/achterkant-flank),Geen hindernis
43088,77,Leuven teller 2,Leuven,50.88672,4.70796,0.6891407411554308,50.88406458190703,4.716836423223895,2023,10,7,24062,Leuven,Regenval,"Nat, plassen",Dageraad - schemering,met lichtgewonden,9,personenauto,3,Fiets,Op Kruispunt,Gewestweg,binnen bebouwde kom,Tss. 2 best.: langs opzij (voor-/achterkant-flank),Geen hindernis
43088,69,Leuven teller 1,Leuven,50.87549,4.71526,0.9598432826173666,50.88406458190703,4.716836423223895,2023,10,7,24062,Leuven,Regenval,"Nat, plassen",Dageraad - schemering,met lichtgewonden,9,personenauto,3,Fiets,Op Kruispunt,Gewestweg,binnen bebouwde kom,Tss. 2 best.: langs opzij (voor-/achterkant-flank),Geen hindernis
43089,108,Heverlee teller 1,Leuven,50.8471728,4.6954674,1.8920855800132261,50.85154661007762,4.721513023662482,2023,10,16,24062,Leuven,Onbekend,Onbekend,Dag,met lichtgewonden,3,Fiets,9,personenauto,Buiten Kruispunt,Gemeenteweg,binnen bebouwde kom,Tss. 2 best.: langs opzij (voor-/achterkant-flank),Geen hindernis
43089,76,Heverlee teller 2,Leuven,50.84606,4.69597,1.8941864784106204,50.85154661007762,4.721513023662482,2023,10,16,24062,Leuven,Onbekend,Onbekend,Dag,met lichtgewonden,3,Fiets,9,personenauto,Buiten Kruispunt,Gemeenteweg,binnen bebouwde kom,Tss. 2 best.: langs opzij (voor-/achterkant-flank),Geen hindernis
43090,151,Leuven,District Leuven,50.8690262,4.6854839,0.8779610035205196,50.86113083826547,4.685369306633612,2023,10,18,24062,Leuven,Normaal,"Nat, plassen","Nacht, openbare verlichting aanwezig en ontstoken",met lichtgewonden,3,Fiets,3,Fiets,Op Kruispunt,Gemeenteweg,buiten bebouwde kom,Tussen 2 bestuurders: Frontale botsing,Geen hindernis
43090,108,Heverlee teller 1,Leuven,50.8471728,4.6954674,1.7062754756788798,50.86113083826547,4.685369306633612,2023,10,18,24062,Leuven,Normaal,"Nat, plassen","Nacht, openbare verlichting aanwezig en ontstoken",met lichtgewonden,3,Fiets,3,Fiets,Op Kruispunt,Gemeenteweg,buiten bebouwde kom,Tussen 2 bestuurders: Frontale botsing,Geen hindernis
43090,76,Heverlee teller 2,Leuven,50.84606,4.69597,1.833592299037887,50.86113083826547,4.685369306633612,2023,10,18,24062,Leuven,Normaal,"Nat, plassen","Nacht, openbare verlichting aanwezig en ontstoken",met lichtgewonden,3,Fiets,3,Fiets,Op Kruispunt,Gemeenteweg,buiten bebouwde kom,Tussen 2 bestuurders: Frontale botsing,Geen hindernis
43091,151,Leuven,District Leuven,50.8690262,4.6854839,0.8123689504230841,50.86351083671288,4.693075335713527,2023,10,8,24062,Leuven,Normaal,Droog,Dag,met lichtgewonden,5,Lichte vrachtauto,3,Fiets,Op Kruispunt,Gemeenteweg,binnen bebouwde kom,Tss. 2 best.: langs opzij (voor-/achterkant-flank),Geen hindernis
43091,108,Heverlee teller 1,Leuven,50.8471728,4.6954674,1.8244500027594388,50.86351083671288,4.693075335713527,2023,10,8,24062,Leuven,Normaal,Droog,Dag,met lichtgewonden,5,Lichte vrachtauto,3,Fiets,Op Kruispunt,Gemeenteweg,binnen bebouwde kom,Tss. 2 best.: langs opzij (voor-/achterkant-flank),Geen hindernis
43091,76,Heverlee teller 2,Leuven,50.84606,4.69597,1.9510542431743763,50.86351083671288,4.693075335713527,2023,10,8,24062,Leuven,Normaal,Droog,Dag,met lichtgewonden,5,Lichte vrachtauto,3,Fiets,Op Kruispunt,Gemeenteweg,binnen bebouwde kom,Tss. 2 best.: langs opzij (voor-/achterkant-flank),Geen hindernis
43091,69,Leuven teller 1,Leuven,50.87549,4.71526,2.0488677426254824,50.86351083671288,4.693075335713527,2023,10,8,24062,Leuven,Normaal,Droog,Dag,met lichtgewonden,5,Lichte vrachtauto,3,Fiets,Op Kruispunt,Gemeenteweg,binnen bebouwde kom,Tss. 2 best.: langs opzij (voor-/achterkant-flank),Geen hindernis
43096,88,Westerlo teller 1,Westerlo,51.082,4.91325,1.4356649178270238,51.094884569865165,4.911929362501623,2023,10,15,13049,Westerlo,Normaal,Droog,Dag,met lichtgewonden,9,personenauto,3,Fiets,Buiten Kruispunt,Gemeenteweg,binnen bebouwde kom,Tss. 2 best.: langs opzij (voor-/achterkant-flank),Geen hindernis
43096,89,Westerlo teller 2,Westerlo,51.08191,4.91334,1.4460666092437902,51.094884569865165,4.911929362501623,2023,10,15,13049,Westerlo,Normaal,Droog,Dag,met lichtgewonden,9,personenauto,3,Fiets,Buiten Kruispunt,Gemeenteweg,binnen bebouwde kom,Tss. 2 best.: langs opzij (voor-/achterkant-flank),Geen hindernis
43097,72,Herent teller 1,Herent,50.89135,4.64689,1.9367847282514192,50.90199693092706,4.668745984541157,2023,10,9,24038,Herent,"Andere (dikke rook,...)",Onbekend,Dag,met lichtgewonden,9,personenauto,3,Fiets,Buiten Kruispunt,Gemeenteweg,binnen bebouwde kom,Tss. 2 best.: langs opzij (voor-/achterkant-flank),Geen hindernis
43097,73,Herent teller 2,Herent,50.89128,4.64685,1.9437687831632062,50.90199693092706,4.668745984541157,2023,10,9,24038,Herent,"Andere (dikke rook,...)",Onbekend,Dag,met lichtgewonden,9,personenauto,3,Fiets,Buiten Kruispunt,Gemeenteweg,binnen bebouwde kom,Tss. 2 best.: langs opzij (voor-/achterkant-flank),Geen hindernis
43099,150,Bertem,District Leuven,50.8687535,4.56136297,1.6658631935123371,50.876245943249515,4.540804565336253,2023,10,8,24055,Kortenberg,Normaal,Droog,Dag,met lichtgewonden,2,Andere weggebruiker,3,Fiets,Op Kruispunt,Gemeenteweg,buiten bebouwde kom,Tss. 2 best.: langs opzij (voor-/achterkant-flank),Geen hindernis
43100,73,Herent teller 2,Herent,50.89128,4.64685,1.5538790405253629,50.88482219761798,4.666494883637627,2023,10,13,24038,Herent,Normaal,Droog,Dag,met lichtgewonden,9,personenauto,3,Fiets,Op Kruispunt,Gemeenteweg,binnen bebouwde kom,Tss. 2 best.: langs opzij (voor-/achterkant-flank),Geen hindernis
43100,72,Herent teller 1,Herent,50.89135,4.64689,1.555008433698437,50.88482219761798,4.666494883637627,2023,10,13,24038,Herent,Normaal,Droog,Dag,met lichtgewonden,9,personenauto,3,Fiets,Op Kruispunt,Gemeenteweg,binnen bebouwde kom,Tss. 2 best.: langs opzij (voor-/achterkant-flank),Geen hindernis
43100,151,Leuven,District Leuven,50.8690262,4.6854839,2.2045728358737016,50.88482219761798,4.666494883637627,2023,10,13,24038,Herent,Normaal,Droog,Dag,met lichtgewonden,9,personenauto,3,Fiets,Op Kruispunt,Gemeenteweg,binnen bebouwde kom,Tss. 2 best.: langs opzij (voor-/achterkant-flank),Geen hindernis
43102,87,Aarschot,Aarschot,50.99084,4.81259,1.45383496904638,50.98724856853181,4.8325619453741036,2023,10,17,24001,Aarschot,Onbekend,"Nat, plassen",Dag,met lichtgewonden,3,Fiets,10,"één bestuurder, geen hindernis",Op Kruispunt,Gemeenteweg,binnen bebouwde kom,"Eén bestuurder, geen hindernis (incl. val)",Geen hindernis
43103,87,Aarschot,Aarschot,50.99084,4.81259,0.5852998746450848,50.98912491202311,4.8204959909587375,2023,10,8,24001,Aarschot,Normaal,Droog,Dag,met lichtgewonden,3,Fiets,3,Fiets,Buiten Kruispunt,Gemeenteweg,binnen bebouwde kom,Tss. 2 best.: langs opzij (voor-/achterkant-flank),Geen hindernis
43104,87,Aarschot,Aarschot,50.99084,4.81259,1.8175103043665506,50.987430730356245,4.837985676673954,2023,10,9,24001,Aarschot,Normaal,Droog,Dag,met lichtgewonden,9,personenauto,3,Fiets,Buiten Kruispunt,Gemeenteweg,binnen bebouwde kom,Tss. 2 best.: langs opzij (voor-/achterkant-flank),Geen hindernis
43106,101,Diest teller 1,Diest,50.97799,5.04481,0.46774419104192005,50.979305213755374,5.051156199311113,2023,10,17,24020,Diest,Normaal,Droog,Dag,met lichtgewonden,9,personenauto,3,Fiets,Op Kruispunt,Gewestweg,binnen bebouwde kom,Tss. 2 best.: langs opzij (voor-/achterkant-flank),Geen hindernis
43106,102,Diest teller 2,Diest,50.9779,5.04474,0.4755953756144979,50.979305213755374,5.051156199311113,2023,10,17,24020,Diest,Normaal,Droog,Dag,met lichtgewonden,9,personenauto,3,Fiets,Op Kruispunt,Gewestweg,binnen bebouwde kom,Tss. 2 best.: langs opzij (voor-/achterkant-flank),Geen hindernis
43113,101,Diest teller 1,Diest,50.97799,5.04481,1.9170402087833263,50.972267925332496,5.07063844695743,2023,10,8,24020,Diest,Regenval,"Nat, plassen",Dag,met lichtgewonden,9,personenauto,3,Fiets,Buiten Kruispunt,Gewestweg,binnen bebouwde kom,Tss. 2 best.: langs opzij (voor-/achterkant-flank),Geen hindernis
43113,102,Diest teller 2,Diest,50.9779,5.04474,1.9183755027701195,50.972267925332496,5.07063844695743,2023,10,8,24020,Diest,Regenval,"Nat, plassen",Dag,met lichtgewonden,9,personenauto,3,Fiets,Buiten Kruispunt,Gewestweg,binnen bebouwde kom,Tss. 2 best.: langs opzij (voor-/achterkant-flank),Geen hindernis
43115,101,Diest teller 1,Diest,50.97799,5.04481,0.37183487925034714,50.98047159997001,5.04837004992602,2023,10,15,24020,Diest,Normaal,Droog,Dag,met lichtgewonden,9,personenauto,3,Fiets,Op Kruispunt,Gewestweg,binnen bebouwde kom,Tss. 2 best.: langs opzij (voor-/achterkant-flank),Geen hindernis
43115,102,Diest teller 2,Diest,50.9779,5.04474,0.3825588192772771,50.98047159997001,5.04837004992602,2023,10,15,24020,Diest,Normaal,Droog,Dag,met lichtgewonden,9,personenauto,3,Fiets,Op Kruispunt,Gewestweg,binnen bebouwde kom,Tss. 2 best.: langs opzij (voor-/achterkant-flank),Geen hindernis
43116,101,Diest teller 1,Diest,50.97799,5.04481,1.50237213728402,50.98588037715571,5.062231274050788,2023,10,16,24020,Diest,Normaal,Droog,Dag,met lichtgewonden,9,personenauto,3,Fiets,Buiten Kruispunt,Gemeenteweg,binnen bebouwde kom,Tss. 2 best.: langs opzij (voor-/achterkant-flank),Geen hindernis
43116,102,Diest teller 2,Diest,50.9779,5.04474,1.5122044393698386,50.98588037715571,5.062231274050788,2023,10,16,24020,Diest,Normaal,Droog,Dag,met lichtgewonden,9,personenauto,3,Fiets,Buiten Kruispunt,Gemeenteweg,binnen bebouwde kom,Tss. 2 best.: langs opzij (voor-/achterkant-flank),Geen hindernis
43118,102,Diest teller 2,Diest,50.9779,5.04474,2.032531129414743,50.97931620192163,5.015795045094471,2023,10,10,24020,Diest,Normaal,Droog,Dag,met lichtgewonden,2,Andere weggebruiker,3,Fiets,Buiten Kruispunt,Gewestweg,binnen bebouwde kom,Tss. 2 best.: langs opzij (voor-/achterkant-flank),Geen hindernis
43118,101,Diest teller 1,Diest,50.97799,5.04481,2.036666079982171,50.97931620192163,5.015795045094471,2023,10,10,24020,Diest,Normaal,Droog,Dag,met lichtgewonden,2,Andere weggebruiker,3,Fiets,Buiten Kruispunt,Gewestweg,binnen bebouwde kom,Tss. 2 best.: langs opzij (voor-/achterkant-flank),Geen hindernis
43123,111,Zaventem totem,Zaventem,50.8871216,4.4597084,1.006393242372548,50.88860738589709,4.473860834256946,2023,10,17,23094,Zaventem,Normaal,Droog,Dag,met lichtgewonden,3,Fiets,9,personenauto,Buiten Kruispunt,Gemeenteweg,binnen bebouwde kom,Tussen 2 bestuurders: Flank tegen flank,Geen hindernis
43123,26,Zaventem,Zaventem,50.86995,4.45444,2.4820421544760087,50.88860738589709,4.473860834256946,2023,10,17,23094,Zaventem,Normaal,Droog,Dag,met lichtgewonden,3,Fiets,9,personenauto,Buiten Kruispunt,Gemeenteweg,binnen bebouwde kom,Tussen 2 bestuurders: Flank tegen flank,Geen hindernis
43124,12,Tervuren,Kraainem,50.81896,4.47803,2.42441141349997,50.839922374155655,4.468535952490957,2023,10,19,23099,Kraainem,Onbekend,Onbekend,Dageraad - schemering,met lichtgewonden,9,personenauto,3,Fiets,Op Kruispunt,Gemeenteweg,binnen bebouwde kom,Tss. 2 best.: langs opzij (voor-/achterkant-flank),Geen hindernis
43125,147,Overijse,District Vilvoorde-gewestwegen,50.7797555,4.4975769,2.414914663139845,50.77107891879039,4.529061004172212,2023,10,7,23062,Overijse,Regenval,"Nat, plassen",Dag,met lichtgewonden,9,personenauto,3,Fiets,Op Kruispunt,Gemeenteweg,binnen bebouwde kom,Tussen 2 bestuurders: Langs achteren,Geen hindernis
43127,147,Overijse,District Vilvoorde-gewestwegen,50.7797555,4.4975769,1.6653589444245704,50.76994892674856,4.515477637353716,2023,10,13,23062,Overijse,Normaal,Droog,Dag,met lichtgewonden,9,personenauto,3,Fiets,Buiten Kruispunt,Gemeenteweg,binnen bebouwde kom,Tss. 2 best.: langs opzij (voor-/achterkant-flank),Geen hindernis
43131,86,Asse teller 2,Asse,50.89132,4.1709,1.6418934281680153,50.87714787804499,4.164329564000785,2023,10,9,23086,Ternat,Normaal,Droog,Dag,met lichtgewonden,4,Vrachtwagen,3,Fiets,Op Kruispunt,Gewestweg,binnen bebouwde kom,Tss. 2 best.: langs opzij (voor-/achterkant-flank),Geen hindernis
43131,85,Asse teller 1,Asse,50.89621,4.17294,2.2039904338518816,50.87714787804499,4.164329564000785,2023,10,9,23086,Ternat,Normaal,Droog,Dag,met lichtgewonden,4,Vrachtwagen,3,Fiets,Op Kruispunt,Gewestweg,binnen bebouwde kom,Tss. 2 best.: langs opzij (voor-/achterkant-flank),Geen hindernis
43132,86,Asse teller 2,Asse,50.89132,4.1709,1.9055796366058977,50.87442558747528,4.1663431047183295,2023,10,16,23086,Ternat,Normaal,Droog,Dag,met lichtgewonden,99,onbekend,3,Fiets,Buiten Kruispunt,Gemeenteweg,binnen bebouwde kom,Tss. 2 best.: langs opzij (voor-/achterkant-flank),Geen hindernis
43132,85,Asse teller 1,Asse,50.89621,4.17294,2.4661253032705472,50.87442558747528,4.1663431047183295,2023,10,16,23086,Ternat,Normaal,Droog,Dag,met lichtgewonden,99,onbekend,3,Fiets,Buiten Kruispunt,Gemeenteweg,binnen bebouwde kom,Tss. 2 best.: langs opzij (voor-/achterkant-flank),Geen hindernis
43135,85,Asse teller 1,Asse,50.89621,4.17294,2.407080007863602,50.913867476739284,4.19279846911638,2023,10,8,23002,Asse,Normaal,Droog,Dag,met zwaargewonden,3,Fiets,9,personenauto,Buiten Kruispunt,Gemeenteweg,binnen bebouwde kom,Tussen 2 bestuurders: Frontale botsing,Geen hindernis
43138,152,Opwijk,District Vilvoorde-gewestwegen,50.968901168564656,4.149169474840164,2.2822527511032233,50.97031009472656,4.181685463992473,2023,10,8,23060,Opwijk,Onbekend,Onbekend,Dag,met lichtgewonden,1,Autobus,3,Fiets,Buiten Kruispunt,Gemeenteweg,binnen bebouwde kom,Tss. 2 best.: langs opzij (voor-/achterkant-flank),Geen hindernis
43140,152,Opwijk,District Vilvoorde-gewestwegen,50.968901168564656,4.149169474840164,2.1788341322927143,50.969771402234336,4.180254541843337,2023,10,19,23060,Opwijk,Normaal,Proper,"Nacht, openbare verlichting aanwezig en ontstoken",met lichtgewonden,5,Lichte vrachtauto,3,Fiets,Buiten Kruispunt,Gemeenteweg,binnen bebouwde kom,Tss. 2 best.: langs opzij (voor-/achterkant-flank),Geen hindernis
43146,27,Grimbergen,Meise,50.92127,4.34013,1.6697737409179982,50.90924449474197,4.354395086688242,2023,10,1,23025,Grimbergen,Normaal,Droog,"Nacht, openbare verlichting aanwezig en ontstoken",met lichtgewonden,3,Fiets,9,personenauto,Buiten Kruispunt,Gemeenteweg,binnen bebouwde kom,Tussen 2 bestuurders: Flank tegen flank,Geen hindernis
43147,47,Vilvoorde,Vilvoorde,50.91372,4.41497,1.7578576230381262,50.925279273588146,4.432076759966415,2023,10,16,23088,Vilvoorde,Normaal,Droog,Dag,met zwaargewonden,3,Fiets,6,Bromfiets,Buiten Kruispunt,Gemeenteweg,binnen bebouwde kom,Tussen 2 bestuurders: Frontale botsing,Geen hindernis
43147,1,Machelen,Machelen,50.91618331151478,4.456121776137429,1.9656582268466258,50.925279273588146,4.432076759966415,2023,10,16,23088,Vilvoorde,Normaal,Droog,Dag,met zwaargewonden,3,Fiets,6,Bromfiets,Buiten Kruispunt,Gemeenteweg,binnen bebouwde kom,Tussen 2 bestuurders: Frontale botsing,Geen hindernis
43148,47,Vilvoorde,Vilvoorde,50.91372,4.41497,0.5897982778906433,50.91855356991247,4.418434554503504,2023,10,18,23088,Vilvoorde,Regenval,"Nat, plassen","Nacht, geen openbare verlichting aanwezig",met lichtgewonden,3,Fiets,10,"één bestuurder, geen hindernis",Buiten Kruispunt,Gewestweg,buiten bebouwde kom,"Eén bestuurder, geen hindernis (incl. val)",Geen hindernis
43149,47,Vilvoorde,Vilvoorde,50.91372,4.41497,1.3837246213555956,50.912309559274895,4.43457976174631,2023,10,18,23047,Machelen,Regenval,"Nat, plassen","Nacht, openbare verlichting aanwezig en ontstoken",met lichtgewonden,9,personenauto,3,Fiets,Buiten Kruispunt,Gemeenteweg,binnen bebouwde kom,Tss. 2 best.: langs opzij (voor-/achterkant-flank),Geen hindernis
43149,1,Machelen,Machelen,50.91618331151478,4.456121776137429,1.5704611460356164,50.912309559274895,4.43457976174631,2023,10,18,23047,Machelen,Regenval,"Nat, plassen","Nacht, openbare verlichting aanwezig en ontstoken",met lichtgewonden,9,personenauto,3,Fiets,Buiten Kruispunt,Gemeenteweg,binnen bebouwde kom,Tss. 2 best.: langs opzij (voor-/achterkant-flank),Geen hindernis
43151,149,Machelen,,50.88297881,4.43356644,0.963743113822437,50.89031529083857,4.44088142825647,2023,10,17,23047,Machelen,Normaal,Droog,Dag,met lichtgewonden,3,Fiets,10,"één bestuurder, geen hindernis",Buiten Kruispunt,Gemeenteweg,binnen bebouwde kom,"Eén bestuurder, geen hindernis (incl. val)",Geen hindernis
43151,111,Zaventem totem,Zaventem,50.8871216,4.4597084,1.367530807234269,50.89031529083857,4.44088142825647,2023,10,17,23047,Machelen,Normaal,Droog,Dag,met lichtgewonden,3,Fiets,10,"één bestuurder, geen hindernis",Buiten Kruispunt,Gemeenteweg,binnen bebouwde kom,"Eén bestuurder, geen hindernis (incl. val)",Geen hindernis
43151,26,Zaventem,Zaventem,50.86995,4.45444,2.4561953796924505,50.89031529083857,4.44088142825647,2023,10,17,23047,Machelen,Normaal,Droog,Dag,met lichtgewonden,3,Fiets,10,"één bestuurder, geen hindernis",Buiten Kruispunt,Gemeenteweg,binnen bebouwde kom,"Eén bestuurder, geen hindernis (incl. val)",Geen hindernis
43152,71,Kampenhout teller 2,Kampenhout,50.95589,4.59164,0.3925972601574151,50.958682278310086,4.588209592696439,2023,10,16,23038,Kampenhout,Normaal,"Nat, plassen",Dag,met lichtgewonden,3,Fiets,3,Fiets,Buiten Kruispunt,Gewestweg,binnen bebouwde kom,Tss. 2 best.: langs opzij (voor-/achterkant-flank),Geen hindernis
43152,70,Kampenhout teller 1,Kampenhout,50.95682,4.59318,0.4050633342069002,50.958682278310086,4.588209592696439,2023,10,16,23038,Kampenhout,Normaal,"Nat, plassen",Dag,met lichtgewonden,3,Fiets,3,Fiets,Buiten Kruispunt,Gewestweg,binnen bebouwde kom,Tss. 2 best.: langs opzij (voor-/achterkant-flank),Geen hindernis
43155,109,Zemst,Zemst,50.9903936,4.4707023,1.9109661694425861,50.98733717568971,4.4975689065139886,2023,10,19,23096,Zemst,Mist (zichtbaarheid minder dan 100m),Droog,"Nacht, openbare verlichting aanwezig en ontstoken",met lichtgewonden,3,Fiets,9,personenauto,Buiten Kruispunt,Gewestweg,binnen bebouwde kom,Tss. 2 best.: langs opzij (voor-/achterkant-flank),Geen hindernis
43156,13,Gent,Gent,51.03018,3.70146,1.970773840821675,51.04679404589415,3.7112762856272425,2023,10,8,44021,Gent,Regenval,"Nat, plassen",Dag,met lichtgewonden,9,personenauto,3,Fiets,Op Kruispunt,Gewestweg,binnen bebouwde kom,Tussen 2 bestuurders: Flank tegen flank,Geen hindernis
43166,118,Gent teller 1,Gent,51.028049,3.7681359,2.38424731526631,51.04130469304999,3.741335024250636,2023,10,3,44021,Gent,Normaal,Droog,"Nacht, openbare verlichting aanwezig en ontstoken",met lichtgewonden,3,Fiets,9,personenauto,Buiten Kruispunt,Gewestweg,binnen bebouwde kom,Tss. 2 best.: langs opzij (voor-/achterkant-flank),Geen hindernis
43166,119,Gent teller 2,Gent,51.0281795,3.7683918,2.389444779515952,51.04130469304999,3.741335024250636,2023,10,3,44021,Gent,Normaal,Droog,"Nacht, openbare verlichting aanwezig en ontstoken",met lichtgewonden,3,Fiets,9,personenauto,Buiten Kruispunt,Gewestweg,binnen bebouwde kom,Tss. 2 best.: langs opzij (voor-/achterkant-flank),Geen hindernis
43167,13,Gent,Gent,51.03018,3.70146,1.8913831155537528,51.03472029395681,3.7275261144875786,2023,10,12,44021,Gent,Regenval,"Nat, plassen",Dag,met lichtgewonden,9,personenauto,3,Fiets,Op Kruispunt,Gemeenteweg,binnen bebouwde kom,Tss. 2 best.: langs opzij (voor-/achterkant-flank),Geen hindernis
43168,13,Gent,Gent,51.03018,3.70146,2.4768977641701917,51.052427605805924,3.6996946991190534,2023,10,13,44021,Gent,Normaal,"Nat, plassen",Dag,met lichtgewonden,9,personenauto,3,Fiets,Op Kruispunt,Gewestweg,binnen bebouwde kom,Tss. 2 best.: langs opzij (voor-/achterkant-flank),Geen hindernis
43170,136,Gent R4,Gent,51.0876313,3.7587918,1.9033934957223648,51.07434449626005,3.7416126371799012,2023,10,7,44021,Gent,Normaal,Droog,Dageraad - schemering,met lichtgewonden,5,Lichte vrachtauto,3,Fiets,Buiten Kruispunt,Gewestweg,buiten bebouwde kom,Tss. 2 best.: langs opzij (voor-/achterkant-flank),Geen hindernis
43171,13,Gent,Gent,51.03018,3.70146,2.1068853908884027,51.04826026041039,3.71047309242114,2023,10,15,44021,Gent,Normaal,Droog,Dag,met zwaargewonden,9,personenauto,3,Fiets,Op Kruispunt,Gemeenteweg,binnen bebouwde kom,Tss. 2 best.: langs opzij (voor-/achterkant-flank),Geen hindernis
43174,13,Gent,Gent,51.03018,3.70146,2.0040650671054805,51.048102795280016,3.704478155147887,2023,10,21,44021,Gent,"Andere (dikke rook,...)","Nat, plassen","Nacht, openbare verlichting aanwezig en ontstoken",met lichtgewonden,9,personenauto,3,Fiets,Op Kruispunt,Gemeenteweg,buiten bebouwde kom,Tussen 2 bestuurders: Flank tegen flank,Geen hindernis
43175,13,Gent,Gent,51.03018,3.70146,1.7652264495250147,51.019933577467576,3.6821819310424293,2023,10,16,44021,Gent,Normaal,Droog,Dag,met lichtgewonden,9,personenauto,3,Fiets,Buiten Kruispunt,Gewestweg,buiten bebouwde kom,Tussen 2 bestuurders: Flank tegen flank,Geen hindernis
43178,118,Gent teller 1,Gent,51.028049,3.7681359,2.4477781257035516,51.04352738373784,3.7432441917411423,2023,10,13,44021,Gent,Normaal,Droog,Dag,met lichtgewonden,99,onbekend,3,Fiets,Buiten Kruispunt,Gemeenteweg,binnen bebouwde kom,Tussen 2 bestuurders: Frontale botsing,Geen hindernis
43178,119,Gent teller 2,Gent,51.0281795,3.7683918,2.450403399401816,51.04352738373784,3.7432441917411423,2023,10,13,44021,Gent,Normaal,Droog,Dag,met lichtgewonden,99,onbekend,3,Fiets,Buiten Kruispunt,Gemeenteweg,binnen bebouwde kom,Tussen 2 bestuurders: Frontale botsing,Geen hindernis
43181,118,Gent teller 1,Gent,51.028049,3.7681359,2.4639894269594804,51.04089049205784,3.739418600465354,2023,10,6,44021,Gent,Normaal,Droog,"Nacht, openbare verlichting aanwezig en ontstoken",met lichtgewonden,3,Fiets,9,personenauto,Buiten Kruispunt,Gemeenteweg,binnen bebouwde kom,Tss. 2 best.: langs opzij (voor-/achterkant-flank),Geen hindernis