crash_row_id,site_id,site_name,site_gemeente,site_lat,site_long,distance_km,crash_lat,crash_long,DT_YEAR_COLLISION,DT_MONTH_COLLISION,DT_TIME,CD_NIS,TX_MUNTY_COLLISION_NL,TX_WEATHER_NL,TX_ROAD_CONDITION_NL,TX_LIGHT_CONDITION_NL,TX_CLASS_ACCIDENTS_NL,CD_ROAD_USR_TYPE1,TX_ROAD_USR_TYPE1_NL,CD_ROAD_USR_TYPE2,TX_ROAD_USR_TYPE2_NL,TX_CROSSWAY_NL,CD_ROAD_TYPE_NL,TX_BUILD_UP_AREA_NL,TX_COLLISION_TYPE_NL,TX_OBSTACLES_NL
43181,119,Gent teller 2,Gent,51.0281795,3.7683918,2.470260423639634,51.04089049205784,3.739418600465354,2023,10,6,44021,Gent,Normaal,Droog,"Nacht, openbare verlichting aanwezig en ontstoken",met lichtgewonden,3,Fiets,9,personenauto,Buiten Kruispunt,Gemeenteweg,binnen bebouwde kom,Tss. 2 best.: langs opzij (voor-/achterkant-flank),Geen hindernis
43184,13,Gent,Gent,51.03018,3.70146,0.9415610229712377,51.02230517237355,3.6965112029761613,2023,10,12,44021,Gent,Normaal,"Nat, plassen",Dag,met lichtgewonden,9,personenauto,3,Fiets,Buiten Kruispunt,Gewestweg,buiten bebouwde kom,Tss. 2 best.: langs opzij (voor-/achterkant-flank),Geen hindernis
43189,6,Evergem 2,Evergem,51.10894,3.70298,2.301354192842702,51.09029514876347,3.6886730561734242,2023,10,16,44021,Gent,Normaal,Droog,Dag,met lichtgewonden,3,Fiets,11,een weggebruiker tegen een hindernis,Buiten Kruispunt,Gemeenteweg,buiten bebouwde kom,Weggebruiker tegen hindernis op de rijbaan,Op de rijbaan: Lading
43189,7,Evergem 1,Evergem,51.1089,3.70317,2.3031485565432726,51.09029514876347,3.6886730561734242,2023,10,16,44021,Gent,Normaal,Droog,Dag,met lichtgewonden,3,Fiets,11,een weggebruiker tegen een hindernis,Buiten Kruispunt,Gemeenteweg,buiten bebouwde kom,Weggebruiker tegen hindernis op de rijbaan,Op de rijbaan: Lading
43190,13,Gent,Gent,51.03018,3.70146,1.8151940291530835,51.0420261241765,3.7193216281571075,2023,10,19,44021,Gent,Normaal,Droog,"Nacht, openbare verlichting aanwezig en ontstoken",met lichtgewonden,9,personenauto,3,Fiets,Op Kruispunt,Gewestweg,binnen bebouwde kom,Tss. 2 best.: langs opzij (voor-/achterkant-flank),Geen hindernis
43191,13,Gent,Gent,51.03018,3.70146,2.0040650671054805,51.048102795280016,3.704478155147887,2023,10,10,44021,Gent,Normaal,"Nat, plassen",Dag,met zwaargewonden,3,Fiets,9,personenauto,Op Kruispunt,Gemeenteweg,binnen bebouwde kom,Tss. 2 best.: langs opzij (voor-/achterkant-flank),Geen hindernis
43192,13,Gent,Gent,51.03018,3.70146,2.0176048484066507,51.03163015926325,3.730219233727334,2023,10,18,44021,Gent,Normaal,Droog,Dag,met lichtgewonden,9,personenauto,3,Fiets,Op Kruispunt,Gemeenteweg,binnen bebouwde kom,Tussen 2 bestuurders: Flank tegen flank,Geen hindernis
43196,13,Gent,Gent,51.03018,3.70146,1.58509830952196,51.043570441086636,3.7092352923939362,2023,10,7,44021,Gent,Normaal,Droog,"Nacht, openbare verlichting aanwezig en ontstoken",met lichtgewonden,3,Fiets,5,Lichte vrachtauto,Op Kruispunt,Gemeenteweg,binnen bebouwde kom,Tss. 2 best.: langs opzij (voor-/achterkant-flank),Geen hindernis
43197,13,Gent,Gent,51.03018,3.70146,0.7842229143219303,51.02998241035267,3.7126696993843735,2023,10,19,44021,Gent,Regenval,"Nat, plassen","Nacht, openbare verlichting aanwezig en ontstoken",met lichtgewonden,3,Fiets,9,personenauto,Buiten Kruispunt,Gewestweg,binnen bebouwde kom,Tussen 2 bestuurders: Flank tegen flank,Geen hindernis
43198,13,Gent,Gent,51.03018,3.70146,1.9250957861544766,51.03628382652423,3.727222297973647,2023,10,7,44021,Gent,Normaal,Droog,"Nacht, openbare verlichting aanwezig en ontstoken",met lichtgewonden,9,personenauto,3,Fiets,Buiten Kruispunt,Gemeenteweg,binnen bebouwde kom,Tss. 2 best.: langs opzij (voor-/achterkant-flank),Geen hindernis
43199,13,Gent,Gent,51.03018,3.70146,1.3637500625909553,51.03518195691992,3.7192665676322747,2023,10,8,44021,Gent,Regenval,"Nat, plassen",Dag,met lichtgewonden,9,personenauto,3,Fiets,Op Kruispunt,Gemeenteweg,binnen bebouwde kom,Tss. 2 best.: langs opzij (voor-/achterkant-flank),Geen hindernis
43200,13,Gent,Gent,51.03018,3.70146,0.9888835729594015,51.0374242723193,3.709662942758531,2023,10,7,44021,Gent,Normaal,Proper,Dageraad - schemering,met lichtgewonden,9,personenauto,3,Fiets,Buiten Kruispunt,Gemeenteweg,binnen bebouwde kom,Tss. 2 best.: langs opzij (voor-/achterkant-flank),Geen hindernis
43202,13,Gent,Gent,51.03018,3.70146,1.878778540109788,51.03862925061756,3.7247276484938263,2023,10,14,44021,Gent,Normaal,"Nat, plassen",Dag,met lichtgewonden,5,Lichte vrachtauto,3,Fiets,Op Kruispunt,Gewestweg,binnen bebouwde kom,Tussen 2 bestuurders: Flank tegen flank,Geen hindernis
43203,7,Evergem 1,Evergem,51.1089,3.70317,1.2327612341027512,51.09915695562488,3.711594676992285,2023,10,7,44021,Gent,Normaal,Droog,Dageraad - schemering,met lichtgewonden,3,Fiets,5,Lichte vrachtauto,Op Kruispunt,Gewestweg,buiten bebouwde kom,Tss. 2 best.: langs opzij (voor-/achterkant-flank),Geen hindernis
43203,6,Evergem 2,Evergem,51.10894,3.70298,1.2430363116411964,51.09915695562488,3.711594676992285,2023,10,7,44021,Gent,Normaal,Droog,Dageraad - schemering,met lichtgewonden,3,Fiets,5,Lichte vrachtauto,Op Kruispunt,Gewestweg,buiten bebouwde kom,Tss. 2 best.: langs opzij (voor-/achterkant-flank),Geen hindernis
43204,13,Gent,Gent,51.03018,3.70146,2.4768977641701917,51.052427605805924,3.6996946991190534,2023,10,10,44021,Gent,Normaal,Droog,Dag,met zwaargewonden,9,personenauto,3,Fiets,Op Kruispunt,Gewestweg,binnen bebouwde kom,Tss. 2 best.: langs opzij (voor-/achterkant-flank),Geen hindernis
43205,118,Gent teller 1,Gent,51.028049,3.7681359,1.7784834006982189,51.031534410632865,3.7433155774886293,2023,10,16,44021,Gent,Regenval,Onbekend,Dag,met lichtgewonden,3,Fiets,3,Fiets,Op Kruispunt,Gewestweg,binnen bebouwde kom,Tss. 2 best.: langs opzij (voor-/achterkant-flank),Geen hindernis
43205,119,Gent teller 2,Gent,51.0281795,3.7683918,1.792875399695282,51.031534410632865,3.7433155774886293,2023,10,16,44021,Gent,Regenval,Onbekend,Dag,met lichtgewonden,3,Fiets,3,Fiets,Op Kruispunt,Gewestweg,binnen bebouwde kom,Tss. 2 best.: langs opzij (voor-/achterkant-flank),Geen hindernis
43209,13,Gent,Gent,51.03018,3.70146,1.0140774263741654,51.03336661356037,3.7150474033992187,2023,10,15,44021,Gent,Regenval,"Nat, plassen",Dag,met lichtgewonden,3,Fiets,9,personenauto,Buiten Kruispunt,Gewestweg,binnen bebouwde kom,Tussen 2 bestuurders: Flank tegen flank,Geen hindernis
43210,13,Gent,Gent,51.03018,3.70146,1.469406365555887,51.027065546671174,3.7218794336514303,2023,10,14,44021,Gent,Regenval,"Nat, plassen",Dag,met lichtgewonden,9,personenauto,3,Fiets,Buiten Kruispunt,Gemeenteweg,binnen bebouwde kom,Tussen 2 bestuurders: Flank tegen flank,Geen hindernis
43212,119,Gent teller 2,Gent,51.0281795,3.7683918,1.9744565555169589,51.045301850696504,3.760911415551419,2023,10,14,44021,Gent,Normaal,Droog,Dag,met lichtgewonden,3,Fiets,9,personenauto,Buiten Kruispunt,Gemeenteweg,binnen bebouwde kom,Tss. 2 best.: langs opzij (voor-/achterkant-flank),Geen hindernis
43212,118,Gent teller 1,Gent,51.028049,3.7681359,1.9838215271303292,51.045301850696504,3.760911415551419,2023,10,14,44021,Gent,Normaal,Droog,Dag,met lichtgewonden,3,Fiets,9,personenauto,Buiten Kruispunt,Gemeenteweg,binnen bebouwde kom,Tss. 2 best.: langs opzij (voor-/achterkant-flank),Geen hindernis
43215,13,Gent,Gent,51.03018,3.70146,1.8916464654017846,51.03487561817187,3.7274604043875,2023,10,6,44021,Gent,Normaal,Droog,Dageraad - schemering,met lichtgewonden,3,Fiets,9,personenauto,Buiten Kruispunt,Gemeenteweg,binnen bebouwde kom,Tss. 2 best.: langs opzij (voor-/achterkant-flank),Geen hindernis
43233,116,Melle teller 2,Melle,50.9986113,3.8040599,0.26278404317362364,51.00075641979863,3.8056357599303348,2023,10,15,44040,Melle,Normaal,Proper,Dag,met zwaargewonden,4,Vrachtwagen,3,Fiets,Op Kruispunt,Gewestweg,binnen bebouwde kom,Tss. 2 best.: langs opzij (voor-/achterkant-flank),Geen hindernis
43233,117,Melle teller 1,Melle,50.9986113,3.8040599,0.26278404317362364,51.00075641979863,3.8056357599303348,2023,10,15,44040,Melle,Normaal,Proper,Dag,met zwaargewonden,4,Vrachtwagen,3,Fiets,Op Kruispunt,Gewestweg,binnen bebouwde kom,Tss. 2 best.: langs opzij (voor-/achterkant-flank),Geen hindernis
43239,118,Gent teller 1,Gent,51.028049,3.7681359,0.4523425708868736,51.030651161495484,3.7631640625646536,2023,10,8,44021,Gent,Normaal,Droog,Dag,met lichtgewonden,9,personenauto,3,Fiets,Buiten Kruispunt,Gewestweg,binnen bebouwde kom,Kettingbotsing (3 bestuurders of meer),Geen hindernis
43239,119,Gent teller 2,Gent,51.0281795,3.7683918,0.45737452751419655,51.030651161495484,3.7631640625646536,2023,10,8,44021,Gent,Normaal,Droog,Dag,met lichtgewonden,9,personenauto,3,Fiets,Buiten Kruispunt,Gewestweg,binnen bebouwde kom,Kettingbotsing (3 bestuurders of meer),Geen hindernis
43244,7,Evergem 1,Evergem,51.1089,3.70317,1.6410342845253278,51.11084997173944,3.7264705922049917,2023,10,20,44019,Evergem,Regenval,"Nat, plassen","Nacht, openbare verlichting aanwezig en ontstoken",met lichtgewonden,9,personenauto,3,Fiets,Op Kruispunt,Gemeenteweg,buiten bebouwde kom,Tss. 2 best.: langs opzij (voor-/achterkant-flank),Geen hindernis
43244,6,Evergem 2,Evergem,51.10894,3.70298,1.6536052520971185,51.11084997173944,3.7264705922049917,2023,10,20,44019,Evergem,Regenval,"Nat, plassen","Nacht, openbare verlichting aanwezig en ontstoken",met lichtgewonden,9,personenauto,3,Fiets,Op Kruispunt,Gemeenteweg,buiten bebouwde kom,Tss. 2 best.: langs opzij (voor-/achterkant-flank),Geen hindernis
43246,7,Evergem 1,Evergem,51.1089,3.70317,1.6410342845253278,51.11084997173944,3.7264705922049917,2023,10,7,44019,Evergem,Normaal,Droog,"Nacht, openbare verlichting aanwezig en ontstoken",met lichtgewonden,9,personenauto,3,Fiets,Op Kruispunt,Gemeenteweg,buiten bebouwde kom,Tussen 2 bestuurders: Flank tegen flank,Geen hindernis
43246,6,Evergem 2,Evergem,51.10894,3.70298,1.6536052520971185,51.11084997173944,3.7264705922049917,2023,10,7,44019,Evergem,Normaal,Droog,"Nacht, openbare verlichting aanwezig en ontstoken",met lichtgewonden,9,personenauto,3,Fiets,Op Kruispunt,Gemeenteweg,buiten bebouwde kom,Tussen 2 bestuurders: Flank tegen flank,Geen hindernis
43247,7,Evergem 1,Evergem,51.1089,3.70317,1.6410342845253278,51.11084997173944,3.7264705922049917,2023,10,4,44019,Evergem,Normaal,"Nat, plassen","Nacht, openbare verlichting aanwezig en ontstoken",met lichtgewonden,3,Fiets,10,"één bestuurder, geen hindernis",Op Kruispunt,Gemeenteweg,buiten bebouwde kom,"Eén bestuurder, geen hindernis (incl. val)",Geen hindernis
43247,6,Evergem 2,Evergem,51.10894,3.70298,1.6536052520971185,51.11084997173944,3.7264705922049917,2023,10,4,44019,Evergem,Normaal,"Nat, plassen","Nacht, openbare verlichting aanwezig en ontstoken",met lichtgewonden,3,Fiets,10,"één bestuurder, geen hindernis",Op Kruispunt,Gemeenteweg,buiten bebouwde kom,"Eén bestuurder, geen hindernis (incl. val)",Geen hindernis
43249,6,Evergem 2,Evergem,51.10894,3.70298,2.440099907368945,51.10283148221736,3.6694116348738706,2023,10,16,44019,Evergem,Normaal,Droog,Dag,met lichtgewonden,9,personenauto,3,Fiets,Buiten Kruispunt,Gemeenteweg,binnen bebouwde kom,Tss. 2 best.: langs opzij (voor-/achterkant-flank),Geen hindernis
43249,7,Evergem 1,Evergem,51.1089,3.70317,2.451616723971248,51.10283148221736,3.6694116348738706,2023,10,16,44019,Evergem,Normaal,Droog,Dag,met lichtgewonden,9,personenauto,3,Fiets,Buiten Kruispunt,Gemeenteweg,binnen bebouwde kom,Tss. 2 best.: langs opzij (voor-/achterkant-flank),Geen hindernis
43251,115,Aalter,Aalter,51.1058367,3.4350591,2.1304013998172002,51.088451851431444,3.4478812873249036,2023,10,7,44084,Aalter,Onbekend,Onbekend,Onbekend,met lichtgewonden,3,Fiets,9,personenauto,Buiten Kruispunt,Gewestweg,binnen bebouwde kom,Tussen 2 bestuurders: Frontale botsing,Geen hindernis
43252,115,Aalter,Aalter,51.1058367,3.4350591,2.191966795943867,51.08790590261035,3.4481009802794786,2023,10,14,44084,Aalter,Regenval,"Nat, plassen",Dag,met lichtgewonden,3,Fiets,10,"één bestuurder, geen hindernis",Buiten Kruispunt,Gewestweg,binnen bebouwde kom,"Eén bestuurder, geen hindernis (incl. val)",Geen hindernis
43254,115,Aalter,Aalter,51.1058367,3.4350591,0.6034222673905278,51.111185097455696,3.4335960354981223,2023,10,7,44084,Aalter,Normaal,Droog,Dag,met lichtgewonden,9,personenauto,3,Fiets,Op Kruispunt,Gewestweg,buiten bebouwde kom,Tss. 2 best.: langs opzij (voor-/achterkant-flank),Geen hindernis
43255,115,Aalter,Aalter,51.1058367,3.4350591,0.1407899146630019,51.10470773335513,3.4359720276854917,2023,10,6,44084,Aalter,Regenval,"Nat, plassen","Nacht, openbare verlichting aanwezig en ontstoken",met lichtgewonden,3,Fiets,10,"één bestuurder, geen hindernis",Buiten Kruispunt,Gewestweg,buiten bebouwde kom,"Eén bestuurder, geen hindernis (incl. val)",Geen hindernis
43300,126,Hamme totem,Hamme,51.1017709,4.1469307,2.177320031195257,51.110628145488654,4.174743969058864,2023,10,22,46025,Temse,Normaal,Droog,"Nacht, openbare verlichting aanwezig en ontstoken",met zwaargewonden,3,Fiets,10,"één bestuurder, geen hindernis",Buiten Kruispunt,Gemeenteweg,binnen bebouwde kom,"Eén bestuurder, geen hindernis (incl. val)",Geen hindernis
43301,141,Test site A support,Lokeren,51.08342085,3.9961071208376326,2.239390277532516,51.10333874227573,4.000849111480273,2023,10,18,46014,Lokeren,Normaal,Droog,"Nacht, geen openbare verlichting aanwezig",met lichtgewonden,8,Voetganger,3,Fiets,Buiten Kruispunt,Gewestweg,buiten bebouwde kom,Met een voetganger,Geen hindernis
43301,128,Lokeren teller 1,Lokeren,51.09644,3.97023,2.271475127160789,51.10333874227573,4.000849111480273,2023,10,18,46014,Lokeren,Normaal,Droog,"Nacht, geen openbare verlichting aanwezig",met lichtgewonden,8,Voetganger,3,Fiets,Buiten Kruispunt,Gewestweg,buiten bebouwde kom,Met een voetganger,Geen hindernis
43301,129,Lokeren teller 2,Lokeren,51.09612,3.97025,2.282436882835384,51.10333874227573,4.000849111480273,2023,10,18,46014,Lokeren,Normaal,Droog,"Nacht, geen openbare verlichting aanwezig",met lichtgewonden,8,Voetganger,3,Fiets,Buiten Kruispunt,Gewestweg,buiten bebouwde kom,Met een voetganger,Geen hindernis
43302,128,Lokeren teller 1,Lokeren,51.09644,3.97023,1.4198137447882813,51.10917034540853,3.9718047667560774,2023,10,8,46014,Lokeren,Normaal,Droog+Proper,Dag,met lichtgewonden,9,personenauto,3,Fiets,Buiten Kruispunt,Gemeenteweg,binnen bebouwde kom,Tss. 2 best.: langs opzij (voor-/achterkant-flank),Geen hindernis
43302,129,Lokeren teller 2,Lokeren,51.09612,3.97025,1.455187057912717,51.10917034540853,3.9718047667560774,2023,10,8,46014,Lokeren,Normaal,Droog+Proper,Dag,met lichtgewonden,9,personenauto,3,Fiets,Buiten Kruispunt,Gemeenteweg,binnen bebouwde kom,Tss. 2 best.: langs opzij (voor-/achterkant-flank),Geen hindernis
43303,128,Lokeren teller 1,Lokeren,51.09644,3.97023,1.29833053421737,51.101522841729064,3.986969125016327,2023,10,16,46014,Lokeren,Normaal,Droog+Proper,Dag,met lichtgewonden,3,Fiets,9,personenauto,Op Kruispunt,Gemeenteweg,binnen bebouwde kom,Tss. 2 best.: langs opzij (voor-/achterkant-flank),Geen hindernis
43303,129,Lokeren teller 2,Lokeren,51.09612,3.97025,1.3129722965861836,51.101522841729064,3.986969125016327,2023,10,16,46014,Lokeren,Normaal,Droog+Proper,Dag,met lichtgewonden,3,Fiets,9,personenauto,Op Kruispunt,Gemeenteweg,binnen bebouwde kom,Tss. 2 best.: langs opzij (voor-/achterkant-flank),Geen hindernis
43303,141,Test site A support,Lokeren,51.08342085,3.9961071208376326,2.1115948395415427,51.101522841729064,3.986969125016327,2023,10,16,46014,Lokeren,Normaal,Droog+Proper,Dag,met lichtgewonden,3,Fiets,9,personenauto,Op Kruispunt,Gemeenteweg,binnen bebouwde kom,Tss. 2 best.: langs opzij (voor-/achterkant-flank),Geen hindernis
43304,128,Lokeren teller 1,Lokeren,51.09644,3.97023,1.3200893616153502,51.1016054435974,3.987251660010906,2023,10,13,46014,Lokeren,Normaal,Droog,Dag,met lichtgewonden,9,personenauto,3,Fiets,Buiten Kruispunt,Gemeenteweg,binnen bebouwde kom,Tussen 2 bestuurders: Frontale botsing,Geen hindernis
43304,129,Lokeren teller 2,Lokeren,51.09612,3.97025,1.334716772406536,51.1016054435974,3.987251660010906,2023,10,13,46014,Lokeren,Normaal,Droog,Dag,met lichtgewonden,9,personenauto,3,Fiets,Buiten Kruispunt,Gemeenteweg,binnen bebouwde kom,Tussen 2 bestuurders: Frontale botsing,Geen hindernis
43304,141,Test site A support,Lokeren,51.08342085,3.9961071208376326,2.1144968660221646,51.1016054435974,3.987251660010906,2023,10,13,46014,Lokeren,Normaal,Droog,Dag,met lichtgewonden,9,personenauto,3,Fiets,Buiten Kruispunt,Gemeenteweg,binnen bebouwde kom,Tussen 2 bestuurders: Frontale botsing,Geen hindernis
43306,141,Test site A support,Lokeren,51.08342085,3.9961071208376326,1.4161475190775437,51.095850232044036,3.991686647691719,2023,10,15,46014,Lokeren,Normaal,Droog,Dag,met lichtgewonden,3,Fiets,9,personenauto,Op Kruispunt,Gewestweg,binnen bebouwde kom,Tss. 2 best.: langs opzij (voor-/achterkant-flank),Geen hindernis
43306,129,Lokeren teller 2,Lokeren,51.09612,3.97025,1.4972724175604744,51.095850232044036,3.991686647691719,2023,10,15,46014,Lokeren,Normaal,Droog,Dag,met lichtgewonden,3,Fiets,9,personenauto,Op Kruispunt,Gewestweg,binnen bebouwde kom,Tss. 2 best.: langs opzij (voor-/achterkant-flank),Geen hindernis
43306,128,Lokeren teller 1,Lokeren,51.09644,3.97023,1.4997977902068766,51.095850232044036,3.991686647691719,2023,10,15,46014,Lokeren,Normaal,Droog,Dag,met lichtgewonden,3,Fiets,9,personenauto,Op Kruispunt,Gewestweg,binnen bebouwde kom,Tss. 2 best.: langs opzij (voor-/achterkant-flank),Geen hindernis
43307,126,Hamme totem,Hamme,51.1017709,4.1469307,1.9733502236182279,51.086326029321754,4.133013014414697,2023,10,8,42008,Hamme,Regenval,"Nat, plassen",Dageraad - schemering,met lichtgewonden,3,Fiets,9,personenauto,Op Kruispunt,Gemeenteweg,binnen bebouwde kom,Tss. 2 best.: langs opzij (voor-/achterkant-flank),Geen hindernis
43308,126,Hamme totem,Hamme,51.1017709,4.1469307,0.64178920659522,51.1000435550846,4.138160568731814,2023,10,13,42008,Hamme,Normaal,Droog,Dag,met lichtgewonden,3,Fiets,3,Fiets,Buiten Kruispunt,Gemeenteweg,binnen bebouwde kom,Tss. 2 best.: langs opzij (voor-/achterkant-flank),Geen hindernis
43311,120,Zele teller 1,Zele,51.0607671,4.0547741,2.458992345022839,51.05948507422197,4.019647769597754,2023,10,3,42028,Zele,Normaal,Onbekend,"Nacht, openbare verlichting aanwezig en ontstoken",met lichtgewonden,3,Fiets,10,"één bestuurder, geen hindernis",Buiten Kruispunt,Gewestweg,buiten bebouwde kom,"Eén bestuurder, geen hindernis (incl. val)",Geen hindernis
43313,120,Zele teller 1,Zele,51.0607671,4.0547741,1.5171241473146582,51.070843375411,4.040135883283295,2023,10,10,42028,Zele,Normaal,Droog,Dag,met lichtgewonden,9,personenauto,3,Fiets,Op Kruispunt,Gemeenteweg,binnen bebouwde kom,Tss. 2 best.: langs opzij (voor-/achterkant-flank),Geen hindernis
43313,121,Zele teller 2,Zele,51.0604067,4.0556696,1.589029323815694,51.070843375411,4.040135883283295,2023,10,10,42028,Zele,Normaal,Droog,Dag,met lichtgewonden,9,personenauto,3,Fiets,Op Kruispunt,Gemeenteweg,binnen bebouwde kom,Tss. 2 best.: langs opzij (voor-/achterkant-flank),Geen hindernis
43315,120,Zele teller 1,Zele,51.0607671,4.0547741,1.4855601678852879,51.06704114400658,4.036005597074443,2023,10,13,42028,Zele,Normaal,Droog,Dag,met lichtgewonden,3,Fiets,10,"één bestuurder, geen hindernis",Buiten Kruispunt,Gewestweg,binnen bebouwde kom,"Eén bestuurder, geen hindernis (incl. val)",Geen hindernis
43315,121,Zele teller 2,Zele,51.0604067,4.0556696,1.5596446089856897,51.06704114400658,4.036005597074443,2023,10,13,42028,Zele,Normaal,Droog,Dag,met lichtgewonden,3,Fiets,10,"één bestuurder, geen hindernis",Buiten Kruispunt,Gewestweg,binnen bebouwde kom,"Eén bestuurder, geen hindernis (incl. val)",Geen hindernis
43316,120,Zele teller 1,Zele,51.0607671,4.0547741,1.3978835076208884,51.066930765016764,4.037339599354784,2023,10,12,42028,Zele,Normaal,Droog,Dag,met lichtgewonden,3,Fiets,6,Bromfiets,Buiten Kruispunt,Gemeenteweg,binnen bebouwde kom,Tss. 2 best.: langs opzij (voor-/achterkant-flank),Geen hindernis
43316,121,Zele teller 2,Zele,51.0604067,4.0556696,1.4720829071071022,51.066930765016764,4.037339599354784,2023,10,12,42028,Zele,Normaal,Droog,Dag,met lichtgewonden,3,Fiets,6,Bromfiets,Buiten Kruispunt,Gemeenteweg,binnen bebouwde kom,Tss. 2 best.: langs opzij (voor-/achterkant-flank),Geen hindernis
43323,116,Melle teller 2,Melle,50.9986113,3.8040599,2.486128227794659,50.99190781552609,3.8379496760711977,2023,10,3,42025,Wetteren,Normaal,"Nat, plassen","Nacht, openbare verlichting aanwezig en ontstoken",met lichtgewonden,3,Fiets,10,"één bestuurder, geen hindernis",Buiten Kruispunt,Gewestweg,buiten bebouwde kom,"Eén bestuurder, geen hindernis (incl. val)",Geen hindernis
43323,117,Melle teller 1,Melle,50.9986113,3.8040599,2.486128227794659,50.99190781552609,3.8379496760711977,2023,10,3,42025,Wetteren,Normaal,"Nat, plassen","Nacht, openbare verlichting aanwezig en ontstoken",met lichtgewonden,3,Fiets,10,"één bestuurder, geen hindernis",Buiten Kruispunt,Gewestweg,buiten bebouwde kom,"Eén bestuurder, geen hindernis (incl. val)",Geen hindernis
43336,10,Aalst 2,Aalst,50.93549,4.01571,1.8432584617906282,50.94086974984092,4.040591964816251,2023,10,19,41002,Aalst,Regenval,"Nat, plassen","Nacht, openbare verlichting aanwezig en ontstoken",met lichtgewonden,9,personenauto,3,Fiets,Buiten Kruispunt,Gemeenteweg,buiten bebouwde kom,Tss. 2 best.: langs opzij (voor-/achterkant-flank),Geen hindernis
43336,11,Aalst 3,Aalst,50.93385,4.01647,1.8617934785634687,50.94086974984092,4.040591964816251,2023,10,19,41002,Aalst,Regenval,"Nat, plassen","Nacht, openbare verlichting aanwezig en ontstoken",met lichtgewonden,9,personenauto,3,Fiets,Buiten Kruispunt,Gemeenteweg,buiten bebouwde kom,Tss. 2 best.: langs opzij (voor-/achterkant-flank),Geen hindernis
43336,19,Aalst 1,Aalst,50.93433,4.01471,1.9539407603608105,50.94086974984092,4.040591964816251,2023,10,19,41002,Aalst,Regenval,"Nat, plassen","Nacht, openbare verlichting aanwezig en ontstoken",met lichtgewonden,9,personenauto,3,Fiets,Buiten Kruispunt,Gemeenteweg,buiten bebouwde kom,Tss. 2 best.: langs opzij (voor-/achterkant-flank),Geen hindernis
43337,10,Aalst 2,Aalst,50.93549,4.01571,0.7702173142602704,50.94069789296,4.008462637692644,2023,10,19,41002,Aalst,Normaal,"Nat, plassen","Nacht, openbare verlichting aanwezig en ontstoken",met lichtgewonden,3,Fiets,3,Fiets,Buiten Kruispunt,Gewestweg,buiten bebouwde kom,Tussen 2 bestuurders: Flank tegen flank,Geen hindernis
43337,19,Aalst 1,Aalst,50.93433,4.01471,0.8324715307773628,50.94069789296,4.008462637692644,2023,10,19,41002,Aalst,Normaal,"Nat, plassen","Nacht, openbare verlichting aanwezig en ontstoken",met lichtgewonden,3,Fiets,3,Fiets,Buiten Kruispunt,Gewestweg,buiten bebouwde kom,Tussen 2 bestuurders: Flank tegen flank,Geen hindernis
43337,11,Aalst 3,Aalst,50.93385,4.01647,0.9458487438716364,50.94069789296,4.008462637692644,2023,10,19,41002,Aalst,Normaal,"Nat, plassen","Nacht, openbare verlichting aanwezig en ontstoken",met lichtgewonden,3,Fiets,3,Fiets,Buiten Kruispunt,Gewestweg,buiten bebouwde kom,Tussen 2 bestuurders: Flank tegen flank,Geen hindernis
43339,11,Aalst 3,Aalst,50.93385,4.01647,1.97713262247308,50.93699170260707,4.044240768207225,2023,10,14,41002,Aalst,Regenval,"Nat, plassen",Dag,met lichtgewonden,9,personenauto,3,Fiets,Op Kruispunt,Gemeenteweg,binnen bebouwde kom,Tss. 2 best.: langs opzij (voor-/achterkant-flank),Geen hindernis
43339,10,Aalst 2,Aalst,50.93549,4.01571,2.006207845295186,50.93699170260707,4.044240768207225,2023,10,14,41002,Aalst,Regenval,"Nat, plassen",Dag,met lichtgewonden,9,personenauto,3,Fiets,Op Kruispunt,Gemeenteweg,binnen bebouwde kom,Tss. 2 best.: langs opzij (voor-/achterkant-flank),Geen hindernis
43339,19,Aalst 1,Aalst,50.93433,4.01471,2.0904040028709256,50.93699170260707,4.044240768207225,2023,10,14,41002,Aalst,Regenval,"Nat, plassen",Dag,met lichtgewonden,9,personenauto,3,Fiets,Op Kruispunt,Gemeenteweg,binnen bebouwde kom,Tss. 2 best.: langs opzij (voor-/achterkant-flank),Geen hindernis
43340,10,Aalst 2,Aalst,50.93549,4.01571,0.5921547596300091,50.937566537438606,4.023491633773079,2023,10,8,41002,Aalst,Normaal,Droog,Dag,met lichtgewonden,3,Fiets,3,Fiets,Buiten Kruispunt,Gemeenteweg,binnen bebouwde kom,Tussen 2 bestuurders: Frontale botsing,Geen hindernis
43340,11,Aalst 3,Aalst,50.93385,4.01647,0.6425592751490949,50.937566537438606,4.023491633773079,2023,10,8,41002,Aalst,Normaal,Droog,Dag,met lichtgewonden,3,Fiets,3,Fiets,Buiten Kruispunt,Gemeenteweg,binnen bebouwde kom,Tussen 2 bestuurders: Frontale botsing,Geen hindernis
43340,19,Aalst 1,Aalst,50.93433,4.01471,0.7128739113412899,50.937566537438606,4.023491633773079,2023,10,8,41002,Aalst,Normaal,Droog,Dag,met lichtgewonden,3,Fiets,3,Fiets,Buiten Kruispunt,Gemeenteweg,binnen bebouwde kom,Tussen 2 bestuurders: Frontale botsing,Geen hindernis