crash_row_id,site_id,site_name,site_gemeente,site_lat,site_long,distance_km,crash_lat,crash_long,DT_YEAR_COLLISION,DT_MONTH_COLLISION,DT_TIME,CD_NIS,TX_MUNTY_COLLISION_NL,TX_WEATHER_NL,TX_ROAD_CONDITION_NL,TX_LIGHT_CONDITION_NL,TX_CLASS_ACCIDENTS_NL,CD_ROAD_USR_TYPE1,TX_ROAD_USR_TYPE1_NL,CD_ROAD_USR_TYPE2,TX_ROAD_USR_TYPE2_NL,TX_CROSSWAY_NL,CD_ROAD_TYPE_NL,TX_BUILD_UP_AREA_NL,TX_COLLISION_TYPE_NL,TX_OBSTACLES_NL
43342,10,Aalst 2,Aalst,50.93549,4.01571,1.237876592256892,50.938643457274246,4.032652187933092,2023,10,10,41002,Aalst,Normaal,Droog,Dag,met lichtgewonden,9,personenauto,3,Fiets,Op Kruispunt,Gemeenteweg,binnen bebouwde kom,Tss. 2 best.: langs opzij (voor-/achterkant-flank),Geen hindernis
43342,11,Aalst 3,Aalst,50.93385,4.01647,1.2529635594019888,50.938643457274246,4.032652187933092,2023,10,10,41002,Aalst,Normaal,Droog,Dag,met lichtgewonden,9,personenauto,3,Fiets,Op Kruispunt,Gemeenteweg,binnen bebouwde kom,Tss. 2 best.: langs opzij (voor-/achterkant-flank),Geen hindernis
43342,19,Aalst 1,Aalst,50.93433,4.01471,1.3456443284128305,50.938643457274246,4.032652187933092,2023,10,10,41002,Aalst,Normaal,Droog,Dag,met lichtgewonden,9,personenauto,3,Fiets,Op Kruispunt,Gemeenteweg,binnen bebouwde kom,Tss. 2 best.: langs opzij (voor-/achterkant-flank),Geen hindernis
43343,10,Aalst 2,Aalst,50.93549,4.01571,2.1108898561780256,50.94181842422183,4.044112359375243,2023,10,8,41002,Aalst,Normaal,Droog,Dag,met lichtgewonden,9,personenauto,3,Fiets,Buiten Kruispunt,Gemeenteweg,binnen bebouwde kom,Tss. 2 best.: langs opzij (voor-/achterkant-flank),Geen hindernis
43343,11,Aalst 3,Aalst,50.93385,4.01647,2.129968485953169,50.94181842422183,4.044112359375243,2023,10,8,41002,Aalst,Normaal,Droog,Dag,met lichtgewonden,9,personenauto,3,Fiets,Buiten Kruispunt,Gemeenteweg,binnen bebouwde kom,Tss. 2 best.: langs opzij (voor-/achterkant-flank),Geen hindernis
43343,19,Aalst 1,Aalst,50.93433,4.01471,2.2221473869231896,50.94181842422183,4.044112359375243,2023,10,8,41002,Aalst,Normaal,Droog,Dag,met lichtgewonden,9,personenauto,3,Fiets,Buiten Kruispunt,Gemeenteweg,binnen bebouwde kom,Tss. 2 best.: langs opzij (voor-/achterkant-flank),Geen hindernis
43352,125,Dendermonde totem,Dendermonde,51.0372706,4.1025998,2.1521013424697797,51.01876277536832,4.111601063541326,2023,10,20,42006,Dendermonde,Regenval,"Nat, plassen","Nacht, openbare verlichting aanwezig en ontstoken",met lichtgewonden,3,Fiets,9,personenauto,Buiten Kruispunt,Gewestweg,binnen bebouwde kom,Tss. 2 best.: langs opzij (voor-/achterkant-flank),Geen hindernis
43352,122,Dendermonde teller 2,Dendermonde,51.0373918,4.1019222,2.1792425071316215,51.01876277536832,4.111601063541326,2023,10,20,42006,Dendermonde,Regenval,"Nat, plassen","Nacht, openbare verlichting aanwezig en ontstoken",met lichtgewonden,3,Fiets,9,personenauto,Buiten Kruispunt,Gewestweg,binnen bebouwde kom,Tss. 2 best.: langs opzij (voor-/achterkant-flank),Geen hindernis
43353,125,Dendermonde totem,Dendermonde,51.0372706,4.1025998,0.7193593261392143,51.030802494334175,4.102801873706715,2023,10,11,42006,Dendermonde,Normaal,Droog,Dag,met zwaargewonden,9,personenauto,3,Fiets,Op Kruispunt,Gemeenteweg,binnen bebouwde kom,Tussen 2 bestuurders: Flank tegen flank,Geen hindernis
43353,122,Dendermonde teller 2,Dendermonde,51.0373918,4.1019222,0.73527486933351,51.030802494334175,4.102801873706715,2023,10,11,42006,Dendermonde,Normaal,Droog,Dag,met zwaargewonden,9,personenauto,3,Fiets,Op Kruispunt,Gemeenteweg,binnen bebouwde kom,Tussen 2 bestuurders: Flank tegen flank,Geen hindernis
43354,122,Dendermonde teller 2,Dendermonde,51.0373918,4.1019222,0.2627043096903182,51.03974467305177,4.102262034704927,2023,10,12,42006,Dendermonde,Regenval,"Nat, plassen",Dag,met zwaargewonden,3,Fiets,3,Fiets,Buiten Kruispunt,Gewestweg,buiten bebouwde kom,Tussen 2 bestuurders: Flank tegen flank,Geen hindernis
43354,125,Dendermonde totem,Dendermonde,51.0372706,4.1025998,0.27611617649483844,51.03974467305177,4.102262034704927,2023,10,12,42006,Dendermonde,Regenval,"Nat, plassen",Dag,met zwaargewonden,3,Fiets,3,Fiets,Buiten Kruispunt,Gewestweg,buiten bebouwde kom,Tussen 2 bestuurders: Flank tegen flank,Geen hindernis
43355,125,Dendermonde totem,Dendermonde,51.0372706,4.1025998,2.3623641659022834,51.032801354583846,4.135628361199833,2023,10,15,42006,Dendermonde,Normaal,"Nat, plassen",Dag,met lichtgewonden,3,Fiets,5,Lichte vrachtauto,Buiten Kruispunt,Gemeenteweg,binnen bebouwde kom,Tss. 2 best.: langs opzij (voor-/achterkant-flank),Geen hindernis
43355,122,Dendermonde teller 2,Dendermonde,51.0373918,4.1019222,2.411518852816466,51.032801354583846,4.135628361199833,2023,10,15,42006,Dendermonde,Normaal,"Nat, plassen",Dag,met lichtgewonden,3,Fiets,5,Lichte vrachtauto,Buiten Kruispunt,Gemeenteweg,binnen bebouwde kom,Tss. 2 best.: langs opzij (voor-/achterkant-flank),Geen hindernis
43356,122,Dendermonde teller 2,Dendermonde,51.0373918,4.1019222,0.6151642322432564,51.04265348681438,4.104640344250514,2023,10,11,42006,Dendermonde,Normaal,Droog,Dag,met zwaargewonden,3,Fiets,10,"één bestuurder, geen hindernis",Buiten Kruispunt,Gemeenteweg,buiten bebouwde kom,"Eén bestuurder, geen hindernis (incl. val)",Geen hindernis
43356,125,Dendermonde totem,Dendermonde,51.0372706,4.1025998,0.6153178726858101,51.04265348681438,4.104640344250514,2023,10,11,42006,Dendermonde,Normaal,Droog,Dag,met zwaargewonden,3,Fiets,10,"één bestuurder, geen hindernis",Buiten Kruispunt,Gemeenteweg,buiten bebouwde kom,"Eén bestuurder, geen hindernis (incl. val)",Geen hindernis
43357,122,Dendermonde teller 2,Dendermonde,51.0373918,4.1019222,1.238668357502633,51.03198553385494,4.086433959389716,2023,10,9,42006,Dendermonde,Normaal,Droog,Dag,met lichtgewonden,9,personenauto,3,Fiets,Buiten Kruispunt,Gewestweg,binnen bebouwde kom,Tussen 2 bestuurders: Flank tegen flank,Geen hindernis
43357,125,Dendermonde totem,Dendermonde,51.0372706,4.1025998,1.2740309501612825,51.03198553385494,4.086433959389716,2023,10,9,42006,Dendermonde,Normaal,Droog,Dag,met lichtgewonden,9,personenauto,3,Fiets,Buiten Kruispunt,Gewestweg,binnen bebouwde kom,Tussen 2 bestuurders: Flank tegen flank,Geen hindernis
43358,122,Dendermonde teller 2,Dendermonde,51.0373918,4.1019222,1.6242731106202701,51.03154464556382,4.080635635958976,2023,10,10,42006,Dendermonde,Normaal,Droog,Dag,met lichtgewonden,3,Fiets,3,Fiets,Buiten Kruispunt,Gewestweg,buiten bebouwde kom,Tussen 2 bestuurders: Frontale botsing,Geen hindernis
43358,125,Dendermonde totem,Dendermonde,51.0372706,4.1025998,1.6625951342512844,51.03154464556382,4.080635635958976,2023,10,10,42006,Dendermonde,Normaal,Droog,Dag,met lichtgewonden,3,Fiets,3,Fiets,Buiten Kruispunt,Gewestweg,buiten bebouwde kom,Tussen 2 bestuurders: Frontale botsing,Geen hindernis
43359,122,Dendermonde teller 2,Dendermonde,51.0373918,4.1019222,0.9336207272076029,51.03211381333908,4.091538266749191,2023,10,15,42006,Dendermonde,Normaal,Droog,Dag,met lichtgewonden,6,Bromfiets,3,Fiets,Buiten Kruispunt,Gemeenteweg,binnen bebouwde kom,Tussen 2 bestuurders: Flank tegen flank,Geen hindernis
43359,125,Dendermonde totem,Dendermonde,51.0372706,4.1025998,0.9628412922899803,51.03211381333908,4.091538266749191,2023,10,15,42006,Dendermonde,Normaal,Droog,Dag,met lichtgewonden,6,Bromfiets,3,Fiets,Buiten Kruispunt,Gemeenteweg,binnen bebouwde kom,Tussen 2 bestuurders: Flank tegen flank,Geen hindernis
43362,125,Dendermonde totem,Dendermonde,51.0372706,4.1025998,0.561756149387105,51.03222686591173,4.102140579421895,2023,10,13,42006,Dendermonde,Normaal,Droog,Dag,met lichtgewonden,9,personenauto,3,Fiets,Op Kruispunt,Gemeenteweg,binnen bebouwde kom,Tss. 2 best.: langs opzij (voor-/achterkant-flank),Geen hindernis
43362,122,Dendermonde teller 2,Dendermonde,51.0373918,4.1019222,0.5745174354686448,51.03222686591173,4.102140579421895,2023,10,13,42006,Dendermonde,Normaal,Droog,Dag,met lichtgewonden,9,personenauto,3,Fiets,Op Kruispunt,Gemeenteweg,binnen bebouwde kom,Tss. 2 best.: langs opzij (voor-/achterkant-flank),Geen hindernis
43363,122,Dendermonde teller 2,Dendermonde,51.0373918,4.1019222,1.343900572533957,51.04561366012416,4.08783337808114,2023,10,11,42006,Dendermonde,Normaal,Droog,Dag,met lichtgewonden,3,Fiets,3,Fiets,Buiten Kruispunt,Gemeenteweg,buiten bebouwde kom,Tussen 2 bestuurders: Flank tegen flank,Geen hindernis
43363,125,Dendermonde totem,Dendermonde,51.0372706,4.1025998,1.387972528551882,51.04561366012416,4.08783337808114,2023,10,11,42006,Dendermonde,Normaal,Droog,Dag,met lichtgewonden,3,Fiets,3,Fiets,Buiten Kruispunt,Gemeenteweg,buiten bebouwde kom,Tussen 2 bestuurders: Flank tegen flank,Geen hindernis
43364,142,TEST Validatie BRUGGE Y2H22022134,Brugge,51.22632,3.24095,2.2931305615916817,51.20864109033308,3.2239977514656037,2023,10,11,31005,Brugge,Normaal,Droog,Dag,met lichtgewonden,3,Fiets,8,Voetganger,Buiten Kruispunt,Gewestweg,binnen bebouwde kom,Met een voetganger,Geen hindernis
43364,52,Brugge,Brugge,51.22632,3.24095,2.2931305615916817,51.20864109033308,3.2239977514656037,2023,10,11,31005,Brugge,Normaal,Droog,Dag,met lichtgewonden,3,Fiets,8,Voetganger,Buiten Kruispunt,Gewestweg,binnen bebouwde kom,Met een voetganger,Geen hindernis
43364,54,Brugge teller 2,Brugge,51.23015,3.22818,2.409353195950118,51.20864109033308,3.2239977514656037,2023,10,11,31005,Brugge,Normaal,Droog,Dag,met lichtgewonden,3,Fiets,8,Voetganger,Buiten Kruispunt,Gewestweg,binnen bebouwde kom,Met een voetganger,Geen hindernis
43364,53,Brugge teller 1,Brugge,51.23023,3.228,2.416705777512588,51.20864109033308,3.2239977514656037,2023,10,11,31005,Brugge,Normaal,Droog,Dag,met lichtgewonden,3,Fiets,8,Voetganger,Buiten Kruispunt,Gewestweg,binnen bebouwde kom,Met een voetganger,Geen hindernis
43367,20,Brugge,Brugge,51.17416,3.20048,1.3262799347192291,51.17676912273936,3.1819157029165046,2023,10,8,31005,Brugge,Normaal,Droog,Dag,met lichtgewonden,3,Fiets,9,personenauto,Op Kruispunt,Gewestweg,buiten bebouwde kom,Tss. 2 best.: langs opzij (voor-/achterkant-flank),Geen hindernis
43367,51,"Brugge, Sint-Andries",Brugge,51.19281,3.16252,2.238066705987758,51.17676912273936,3.1819157029165046,2023,10,8,31005,Brugge,Normaal,Droog,Dag,met lichtgewonden,3,Fiets,9,personenauto,Op Kruispunt,Gewestweg,buiten bebouwde kom,Tss. 2 best.: langs opzij (voor-/achterkant-flank),Geen hindernis
43367,50,"Brugge, Sint-Andries",Brugge,51.19291,3.16252,2.2469377248119273,51.17676912273936,3.1819157029165046,2023,10,8,31005,Brugge,Normaal,Droog,Dag,met lichtgewonden,3,Fiets,9,personenauto,Op Kruispunt,Gewestweg,buiten bebouwde kom,Tss. 2 best.: langs opzij (voor-/achterkant-flank),Geen hindernis
43368,20,Brugge,Brugge,51.17416,3.20048,2.2418759252188343,51.186828298942245,3.2255005681110154,2023,10,10,31005,Brugge,Normaal,Droog,Dag,met zwaargewonden,3,Fiets,4,Vrachtwagen,Buiten Kruispunt,Gemeenteweg,binnen bebouwde kom,Tussen 2 bestuurders: Flank tegen flank,Geen hindernis
43369,142,TEST Validatie BRUGGE Y2H22022134,Brugge,51.22632,3.24095,2.2931305615916817,51.20864109033308,3.2239977514656037,2023,10,2,31005,Brugge,Normaal,Droog,"Nacht, openbare verlichting aanwezig en ontstoken",met lichtgewonden,3,Fiets,11,een weggebruiker tegen een hindernis,Buiten Kruispunt,Gewestweg,binnen bebouwde kom,Weggebruiker tegen hindernis buiten rijbaan,Buiten de rijbaan: Andere paal
43369,52,Brugge,Brugge,51.22632,3.24095,2.2931305615916817,51.20864109033308,3.2239977514656037,2023,10,2,31005,Brugge,Normaal,Droog,"Nacht, openbare verlichting aanwezig en ontstoken",met lichtgewonden,3,Fiets,11,een weggebruiker tegen een hindernis,Buiten Kruispunt,Gewestweg,binnen bebouwde kom,Weggebruiker tegen hindernis buiten rijbaan,Buiten de rijbaan: Andere paal
43369,54,Brugge teller 2,Brugge,51.23015,3.22818,2.409353195950118,51.20864109033308,3.2239977514656037,2023,10,2,31005,Brugge,Normaal,Droog,"Nacht, openbare verlichting aanwezig en ontstoken",met lichtgewonden,3,Fiets,11,een weggebruiker tegen een hindernis,Buiten Kruispunt,Gewestweg,binnen bebouwde kom,Weggebruiker tegen hindernis buiten rijbaan,Buiten de rijbaan: Andere paal
43369,53,Brugge teller 1,Brugge,51.23023,3.228,2.416705777512588,51.20864109033308,3.2239977514656037,2023,10,2,31005,Brugge,Normaal,Droog,"Nacht, openbare verlichting aanwezig en ontstoken",met lichtgewonden,3,Fiets,11,een weggebruiker tegen een hindernis,Buiten Kruispunt,Gewestweg,binnen bebouwde kom,Weggebruiker tegen hindernis buiten rijbaan,Buiten de rijbaan: Andere paal
43370,20,Brugge,Brugge,51.17416,3.20048,1.6401411127975944,51.18810283162628,3.1928021860651605,2023,10,11,31005,Brugge,Normaal,Droog,Dag,met lichtgewonden,9,personenauto,3,Fiets,Op Kruispunt,Gewestweg,binnen bebouwde kom,Tss. 2 best.: langs opzij (voor-/achterkant-flank),Geen hindernis
43370,51,"Brugge, Sint-Andries",Brugge,51.19281,3.16252,2.174293619682601,51.18810283162628,3.1928021860651605,2023,10,11,31005,Brugge,Normaal,Droog,Dag,met lichtgewonden,9,personenauto,3,Fiets,Op Kruispunt,Gewestweg,binnen bebouwde kom,Tss. 2 best.: langs opzij (voor-/achterkant-flank),Geen hindernis
43370,50,"Brugge, Sint-Andries",Brugge,51.19291,3.16252,2.176994924700275,51.18810283162628,3.1928021860651605,2023,10,11,31005,Brugge,Normaal,Droog,Dag,met lichtgewonden,9,personenauto,3,Fiets,Op Kruispunt,Gewestweg,binnen bebouwde kom,Tss. 2 best.: langs opzij (voor-/achterkant-flank),Geen hindernis
43371,142,TEST Validatie BRUGGE Y2H22022134,Brugge,51.22632,3.24095,1.5045124863402288,51.21285994848724,3.243150099347941,2023,10,9,31005,Brugge,Normaal,Droog,Dag,met lichtgewonden,3,Fiets,3,Fiets,Buiten Kruispunt,Gemeenteweg,binnen bebouwde kom,Tss. 2 best.: langs opzij (voor-/achterkant-flank),Geen hindernis
43371,52,Brugge,Brugge,51.22632,3.24095,1.5045124863402288,51.21285994848724,3.243150099347941,2023,10,9,31005,Brugge,Normaal,Droog,Dag,met lichtgewonden,3,Fiets,3,Fiets,Buiten Kruispunt,Gemeenteweg,binnen bebouwde kom,Tss. 2 best.: langs opzij (voor-/achterkant-flank),Geen hindernis
43371,54,Brugge teller 2,Brugge,51.23015,3.22818,2.187049480001973,51.21285994848724,3.243150099347941,2023,10,9,31005,Brugge,Normaal,Droog,Dag,met lichtgewonden,3,Fiets,3,Fiets,Buiten Kruispunt,Gemeenteweg,binnen bebouwde kom,Tss. 2 best.: langs opzij (voor-/achterkant-flank),Geen hindernis
43371,53,Brugge teller 1,Brugge,51.23023,3.228,2.2008550187542517,51.21285994848724,3.243150099347941,2023,10,9,31005,Brugge,Normaal,Droog,Dag,met lichtgewonden,3,Fiets,3,Fiets,Buiten Kruispunt,Gemeenteweg,binnen bebouwde kom,Tss. 2 best.: langs opzij (voor-/achterkant-flank),Geen hindernis
43372,20,Brugge,Brugge,51.17416,3.20048,2.054670817342627,51.192625342810004,3.19938485239082,2023,10,7,31005,Brugge,Normaal,"Nat, plassen",Dageraad - schemering,met lichtgewonden,3,Fiets,3,Fiets,Op Kruispunt,Gewestweg,binnen bebouwde kom,Tussen 2 bestuurders: Frontale botsing,Geen hindernis
43373,50,"Brugge, Sint-Andries",Brugge,51.19291,3.16252,1.6075870534559003,51.197851675840646,3.1842007404876442,2023,10,13,31005,Brugge,Regenval,"Nat, plassen",Dag,Met doden,9,personenauto,3,Fiets,Buiten Kruispunt,Gewestweg,binnen bebouwde kom,Tss. 2 best.: langs opzij (voor-/achterkant-flank),Geen hindernis
43373,51,"Brugge, Sint-Andries",Brugge,51.19281,3.16252,1.6114232265380235,51.197851675840646,3.1842007404876442,2023,10,13,31005,Brugge,Regenval,"Nat, plassen",Dag,Met doden,9,personenauto,3,Fiets,Buiten Kruispunt,Gewestweg,binnen bebouwde kom,Tss. 2 best.: langs opzij (voor-/achterkant-flank),Geen hindernis
43374,142,TEST Validatie BRUGGE Y2H22022134,Brugge,51.22632,3.24095,1.016203878933763,51.21731695497801,3.238442975783806,2023,10,17,31005,Brugge,Normaal,Droog,Dag,met lichtgewonden,3,Fiets,10,"één bestuurder, geen hindernis",Op Kruispunt,Gemeenteweg,binnen bebouwde kom,"Eén bestuurder, geen hindernis (incl. val)",Geen hindernis
43374,52,Brugge,Brugge,51.22632,3.24095,1.016203878933763,51.21731695497801,3.238442975783806,2023,10,17,31005,Brugge,Normaal,Droog,Dag,met lichtgewonden,3,Fiets,10,"één bestuurder, geen hindernis",Op Kruispunt,Gemeenteweg,binnen bebouwde kom,"Eén bestuurder, geen hindernis (incl. val)",Geen hindernis
43374,54,Brugge teller 2,Brugge,51.23015,3.22818,1.595946960436479,51.21731695497801,3.238442975783806,2023,10,17,31005,Brugge,Normaal,Droog,Dag,met lichtgewonden,3,Fiets,10,"één bestuurder, geen hindernis",Op Kruispunt,Gemeenteweg,binnen bebouwde kom,"Eén bestuurder, geen hindernis (incl. val)",Geen hindernis
43374,53,Brugge teller 1,Brugge,51.23023,3.228,1.6095301489506588,51.21731695497801,3.238442975783806,2023,10,17,31005,Brugge,Normaal,Droog,Dag,met lichtgewonden,3,Fiets,10,"één bestuurder, geen hindernis",Op Kruispunt,Gemeenteweg,binnen bebouwde kom,"Eén bestuurder, geen hindernis (incl. val)",Geen hindernis
43375,142,TEST Validatie BRUGGE Y2H22022134,Brugge,51.22632,3.24095,0.4455088984492905,51.230294498971865,3.240142248348399,2023,10,17,31005,Brugge,Regenval,"Nat, plassen",Dag,met lichtgewonden,3,Fiets,3,Fiets,Buiten Kruispunt,Gewestweg,binnen bebouwde kom,Tussen 2 bestuurders: Flank tegen flank,Geen hindernis
43375,52,Brugge,Brugge,51.22632,3.24095,0.4455088984492905,51.230294498971865,3.240142248348399,2023,10,17,31005,Brugge,Regenval,"Nat, plassen",Dag,met lichtgewonden,3,Fiets,3,Fiets,Buiten Kruispunt,Gewestweg,binnen bebouwde kom,Tussen 2 bestuurders: Flank tegen flank,Geen hindernis
43375,54,Brugge teller 2,Brugge,51.23015,3.22818,0.8330796709309367,51.230294498971865,3.240142248348399,2023,10,17,31005,Brugge,Regenval,"Nat, plassen",Dag,met lichtgewonden,3,Fiets,3,Fiets,Buiten Kruispunt,Gewestweg,binnen bebouwde kom,Tussen 2 bestuurders: Flank tegen flank,Geen hindernis
43375,53,Brugge teller 1,Brugge,51.23023,3.228,0.8454876937941874,51.230294498971865,3.240142248348399,2023,10,17,31005,Brugge,Regenval,"Nat, plassen",Dag,met lichtgewonden,3,Fiets,3,Fiets,Buiten Kruispunt,Gewestweg,binnen bebouwde kom,Tussen 2 bestuurders: Flank tegen flank,Geen hindernis
43376,50,"Brugge, Sint-Andries",Brugge,51.19291,3.16252,0.8541647314329843,51.19590440519013,3.1738081040377857,2023,10,9,31005,Brugge,Normaal,Droog,Dag,met zwaargewonden,9,personenauto,3,Fiets,Buiten Kruispunt,Gewestweg,binnen bebouwde kom,Tss. 2 best.: langs opzij (voor-/achterkant-flank),Geen hindernis
43376,51,"Brugge, Sint-Andries",Brugge,51.19281,3.16252,0.8585610788800269,51.19590440519013,3.1738081040377857,2023,10,9,31005,Brugge,Normaal,Droog,Dag,met zwaargewonden,9,personenauto,3,Fiets,Buiten Kruispunt,Gewestweg,binnen bebouwde kom,Tss. 2 best.: langs opzij (voor-/achterkant-flank),Geen hindernis
43378,54,Brugge teller 2,Brugge,51.23015,3.22818,1.8624628906057938,51.21514251825909,3.2163039882424553,2023,10,8,31005,Brugge,Normaal,Droog,Dag,met lichtgewonden,9,personenauto,3,Fiets,Op Kruispunt,Gewestweg,binnen bebouwde kom,Tss. 2 best.: langs opzij (voor-/achterkant-flank),Geen hindernis
43378,53,Brugge teller 1,Brugge,51.23023,3.228,1.8649282510487175,51.21514251825909,3.2163039882424553,2023,10,8,31005,Brugge,Normaal,Droog,Dag,met lichtgewonden,9,personenauto,3,Fiets,Op Kruispunt,Gewestweg,binnen bebouwde kom,Tss. 2 best.: langs opzij (voor-/achterkant-flank),Geen hindernis
43378,52,Brugge,Brugge,51.22632,3.24095,2.119179564523828,51.21514251825909,3.2163039882424553,2023,10,8,31005,Brugge,Normaal,Droog,Dag,met lichtgewonden,9,personenauto,3,Fiets,Op Kruispunt,Gewestweg,binnen bebouwde kom,Tss. 2 best.: langs opzij (voor-/achterkant-flank),Geen hindernis
43378,142,TEST Validatie BRUGGE Y2H22022134,Brugge,51.22632,3.24095,2.119179564523828,51.21514251825909,3.2163039882424553,2023,10,8,31005,Brugge,Normaal,Droog,Dag,met lichtgewonden,9,personenauto,3,Fiets,Op Kruispunt,Gewestweg,binnen bebouwde kom,Tss. 2 best.: langs opzij (voor-/achterkant-flank),Geen hindernis
43379,54,Brugge teller 2,Brugge,51.23015,3.22818,0.7202445156964002,51.223673692928124,3.2283624202982675,2023,10,20,31005,Brugge,Normaal,Droog,"Nacht, openbare verlichting aanwezig en ontstoken",met lichtgewonden,6,Bromfiets,3,Fiets,Buiten Kruispunt,Gewestweg,buiten bebouwde kom,Tussen 2 bestuurders: Frontale botsing,Geen hindernis
43379,53,Brugge teller 1,Brugge,51.23023,3.228,0.7294647689514175,51.223673692928124,3.2283624202982675,2023,10,20,31005,Brugge,Normaal,Droog,"Nacht, openbare verlichting aanwezig en ontstoken",met lichtgewonden,6,Bromfiets,3,Fiets,Buiten Kruispunt,Gewestweg,buiten bebouwde kom,Tussen 2 bestuurders: Frontale botsing,Geen hindernis
43379,52,Brugge,Brugge,51.22632,3.24095,0.9246372171962175,51.223673692928124,3.2283624202982675,2023,10,20,31005,Brugge,Normaal,Droog,"Nacht, openbare verlichting aanwezig en ontstoken",met lichtgewonden,6,Bromfiets,3,Fiets,Buiten Kruispunt,Gewestweg,buiten bebouwde kom,Tussen 2 bestuurders: Frontale botsing,Geen hindernis
43379,142,TEST Validatie BRUGGE Y2H22022134,Brugge,51.22632,3.24095,0.9246372171962175,51.223673692928124,3.2283624202982675,2023,10,20,31005,Brugge,Normaal,Droog,"Nacht, openbare verlichting aanwezig en ontstoken",met lichtgewonden,6,Bromfiets,3,Fiets,Buiten Kruispunt,Gewestweg,buiten bebouwde kom,Tussen 2 bestuurders: Frontale botsing,Geen hindernis
43380,142,TEST Validatie BRUGGE Y2H22022134,Brugge,51.22632,3.24095,2.328456807984961,51.20894178949357,3.222297760727209,2023,10,16,31005,Brugge,Normaal,Onbekend,Dag,met lichtgewonden,3,Fiets,8,Voetganger,Buiten Kruispunt,Gewestweg,binnen bebouwde kom,Met een voetganger,Geen hindernis
43380,52,Brugge,Brugge,51.22632,3.24095,2.328456807984961,51.20894178949357,3.222297760727209,2023,10,16,31005,Brugge,Normaal,Onbekend,Dag,met lichtgewonden,3,Fiets,8,Voetganger,Buiten Kruispunt,Gewestweg,binnen bebouwde kom,Met een voetganger,Geen hindernis
43380,54,Brugge teller 2,Brugge,51.23015,3.22818,2.3935648345008818,51.20894178949357,3.222297760727209,2023,10,16,31005,Brugge,Normaal,Onbekend,Dag,met lichtgewonden,3,Fiets,8,Voetganger,Buiten Kruispunt,Gewestweg,binnen bebouwde kom,Met een voetganger,Geen hindernis
43380,53,Brugge teller 1,Brugge,51.23023,3.228,2.400223562775351,51.20894178949357,3.222297760727209,2023,10,16,31005,Brugge,Normaal,Onbekend,Dag,met lichtgewonden,3,Fiets,8,Voetganger,Buiten Kruispunt,Gewestweg,binnen bebouwde kom,Met een voetganger,Geen hindernis
43383,53,Brugge teller 1,Brugge,51.23023,3.228,1.6438850329130223,51.21976877058386,3.211319751106653,2023,10,11,31005,Brugge,Normaal,Droog,Dag,met lichtgewonden,9,personenauto,3,Fiets,Op Kruispunt,Gewestweg,binnen bebouwde kom,Tss. 2 best.: langs opzij (voor-/achterkant-flank),Geen hindernis
43383,54,Brugge teller 2,Brugge,51.23015,3.22818,1.6465178942285408,51.21976877058386,3.211319751106653,2023,10,11,31005,Brugge,Normaal,Droog,Dag,met lichtgewonden,9,personenauto,3,Fiets,Op Kruispunt,Gewestweg,binnen bebouwde kom,Tss. 2 best.: langs opzij (voor-/achterkant-flank),Geen hindernis
43383,52,Brugge,Brugge,51.22632,3.24095,2.188269719611182,51.21976877058386,3.211319751106653,2023,10,11,31005,Brugge,Normaal,Droog,Dag,met lichtgewonden,9,personenauto,3,Fiets,Op Kruispunt,Gewestweg,binnen bebouwde kom,Tss. 2 best.: langs opzij (voor-/achterkant-flank),Geen hindernis
43383,142,TEST Validatie BRUGGE Y2H22022134,Brugge,51.22632,3.24095,2.188269719611182,51.21976877058386,3.211319751106653,2023,10,11,31005,Brugge,Normaal,Droog,Dag,met lichtgewonden,9,personenauto,3,Fiets,Op Kruispunt,Gewestweg,binnen bebouwde kom,Tss. 2 best.: langs opzij (voor-/achterkant-flank),Geen hindernis
43385,50,"Brugge, Sint-Andries",Brugge,51.19291,3.16252,1.7449866164885746,51.20078400080509,3.1841823980436668,2023,10,12,31005,Brugge,Normaal,Droog,Dag,met zwaargewonden,5,Lichte vrachtauto,3,Fiets,Op Kruispunt,Gemeenteweg,binnen bebouwde kom,Tss. 2 best.: langs opzij (voor-/achterkant-flank),Geen hindernis
43385,51,"Brugge, Sint-Andries",Brugge,51.19281,3.16252,1.750593670634836,51.20078400080509,3.1841823980436668,2023,10,12,31005,Brugge,Normaal,Droog,Dag,met zwaargewonden,5,Lichte vrachtauto,3,Fiets,Op Kruispunt,Gemeenteweg,binnen bebouwde kom,Tss. 2 best.: langs opzij (voor-/achterkant-flank),Geen hindernis
43386,50,"Brugge, Sint-Andries",Brugge,51.19291,3.16252,1.8990014092560363,51.19868762310209,3.188165672798409,2023,10,15,31005,Brugge,Normaal,Droog,Dag,met lichtgewonden,3,Fiets,8,Voetganger,Buiten Kruispunt,Gewestweg,binnen bebouwde kom,Met een voetganger,Geen hindernis
43386,51,"Brugge, Sint-Andries",Brugge,51.19281,3.16252,1.9027937861834465,51.19868762310209,3.188165672798409,2023,10,15,31005,Brugge,Normaal,Droog,Dag,met lichtgewonden,3,Fiets,8,Voetganger,Buiten Kruispunt,Gewestweg,binnen bebouwde kom,Met een voetganger,Geen hindernis