crash_row_id,site_id,site_name,site_gemeente,site_lat,site_long,distance_km,crash_lat,crash_long,DT_YEAR_COLLISION,DT_MONTH_COLLISION,DT_TIME,CD_NIS,TX_MUNTY_COLLISION_NL,TX_WEATHER_NL,TX_ROAD_CONDITION_NL,TX_LIGHT_CONDITION_NL,TX_CLASS_ACCIDENTS_NL,CD_ROAD_USR_TYPE1,TX_ROAD_USR_TYPE1_NL,CD_ROAD_USR_TYPE2,TX_ROAD_USR_TYPE2_NL,TX_CROSSWAY_NL,CD_ROAD_TYPE_NL,TX_BUILD_UP_AREA_NL,TX_COLLISION_TYPE_NL,TX_OBSTACLES_NL
43390,20,Brugge,Brugge,51.17416,3.20048,2.1172996290030257,51.18762275058622,3.221961162562599,2023,10,13,31005,Brugge,Normaal,"Nat, plassen",Dag,met lichtgewonden,3,Fiets,10,"één bestuurder, geen hindernis",Op Kruispunt,Gewestweg,binnen bebouwde kom,"Eén bestuurder, geen hindernis (incl. val)",Geen hindernis
43405,15,Oostende 2,Oostende,51.21371,2.92743,1.9725601564993056,51.227866941426264,2.9103620421426237,2023,10,8,35013,Oostende,Regenval,"Nat, plassen",Dag,met lichtgewonden,3,Fiets,9,personenauto,Op Kruispunt,Gewestweg,binnen bebouwde kom,Tussen 2 bestuurders: Flank tegen flank,Geen hindernis
43405,18,Oostende 1,Oostende,51.21378,2.92765,1.9756532758343628,51.227866941426264,2.9103620421426237,2023,10,8,35013,Oostende,Regenval,"Nat, plassen",Dag,met lichtgewonden,3,Fiets,9,personenauto,Op Kruispunt,Gewestweg,binnen bebouwde kom,Tussen 2 bestuurders: Flank tegen flank,Geen hindernis
43407,15,Oostende 2,Oostende,51.21371,2.92743,1.553924864090524,51.21093250915137,2.905566659977853,2023,10,9,35013,Oostende,Normaal,Droog,Dag,met lichtgewonden,4,Vrachtwagen,3,Fiets,Op Kruispunt,Gewestweg,binnen bebouwde kom,Tussen 2 bestuurders: Frontale botsing,Geen hindernis
43407,18,Oostende 1,Oostende,51.21378,2.92765,1.5704961219825415,51.21093250915137,2.905566659977853,2023,10,9,35013,Oostende,Normaal,Droog,Dag,met lichtgewonden,4,Vrachtwagen,3,Fiets,Op Kruispunt,Gewestweg,binnen bebouwde kom,Tussen 2 bestuurders: Frontale botsing,Geen hindernis
43408,18,Oostende 1,Oostende,51.21378,2.92765,0.513830656426425,51.21278181721849,2.934852628567057,2023,10,8,35013,Oostende,Normaal,"Nat, plassen",Dag,met zwaargewonden,3,Fiets,10,"één bestuurder, geen hindernis",Op Kruispunt,Gemeenteweg,binnen bebouwde kom,"Eén bestuurder, geen hindernis (incl. val)",Geen hindernis
43408,15,Oostende 2,Oostende,51.21371,2.92743,0.5272249170466524,51.21278181721849,2.934852628567057,2023,10,8,35013,Oostende,Normaal,"Nat, plassen",Dag,met zwaargewonden,3,Fiets,10,"één bestuurder, geen hindernis",Op Kruispunt,Gemeenteweg,binnen bebouwde kom,"Eén bestuurder, geen hindernis (incl. val)",Geen hindernis
43410,18,Oostende 1,Oostende,51.21378,2.92765,2.209334409621288,51.22088255946685,2.95727503680345,2023,10,17,35002,Bredene,Normaal,Droog,Dag,met lichtgewonden,9,personenauto,3,Fiets,Op Kruispunt,Gewestweg,binnen bebouwde kom,Tussen 2 bestuurders: Flank tegen flank,Geen hindernis
43410,15,Oostende 2,Oostende,51.21371,2.92743,2.226429334220434,51.22088255946685,2.95727503680345,2023,10,17,35002,Bredene,Normaal,Droog,Dag,met lichtgewonden,9,personenauto,3,Fiets,Op Kruispunt,Gewestweg,binnen bebouwde kom,Tussen 2 bestuurders: Flank tegen flank,Geen hindernis
43418,84,Roeselare totem,Izegem,50.91717,3.18772,2.0374960178536465,50.92006384865816,3.2164208389417386,2023,10,11,36008,Izegem,Onbekend,Onbekend,Dag,met lichtgewonden,9,personenauto,3,Fiets,Buiten Kruispunt,Gemeenteweg,binnen bebouwde kom,Tss. 2 best.: langs opzij (voor-/achterkant-flank),Geen hindernis
43433,60,Ardooie teller 2,Ardooie,50.96783,3.18411,1.5108310543872296,50.976617282982154,3.167652519302077,2023,10,7,36015,Roeselare,Regenval,"Nat, plassen",Dageraad - schemering,met lichtgewonden,9,personenauto,3,Fiets,Buiten Kruispunt,Gemeenteweg,buiten bebouwde kom,Tss. 2 best.: langs opzij (voor-/achterkant-flank),Geen hindernis
43433,59,Ardooie teller 1,Ardooie,50.96784,3.18479,1.5467507857149292,50.976617282982154,3.167652519302077,2023,10,7,36015,Roeselare,Regenval,"Nat, plassen",Dageraad - schemering,met lichtgewonden,9,personenauto,3,Fiets,Buiten Kruispunt,Gemeenteweg,buiten bebouwde kom,Tss. 2 best.: langs opzij (voor-/achterkant-flank),Geen hindernis
43442,61,Wervik teller 2,Wervik,50.80555,3.0921,1.7118253728424475,50.79828939918452,3.113579514838393,2023,10,6,34027,Menen,Normaal,Droog,Dageraad - schemering,met lichtgewonden,9,personenauto,3,Fiets,Op Kruispunt,Gewestweg,binnen bebouwde kom,Tss. 2 best.: langs opzij (voor-/achterkant-flank),Geen hindernis
43442,62,Wervik teller 1,Wervik,50.8058,3.09154,1.7596449837795651,50.79828939918452,3.113579514838393,2023,10,6,34027,Menen,Normaal,Droog,Dageraad - schemering,met lichtgewonden,9,personenauto,3,Fiets,Op Kruispunt,Gewestweg,binnen bebouwde kom,Tss. 2 best.: langs opzij (voor-/achterkant-flank),Geen hindernis
43443,74,Kortrijk teller 1,Kortrijk,50.81909,3.25728,2.200042033555788,50.80179719615561,3.2420657643293667,2023,10,17,34022,Kortrijk,Normaal,Droog,Dag,met lichtgewonden,3,Fiets,9,personenauto,Op Kruispunt,Gewestweg,binnen bebouwde kom,Tss. 2 best.: langs opzij (voor-/achterkant-flank),Geen hindernis
43443,75,Kortrijk teller 2,Kortrijk,50.81925,3.25731,2.2166255824032297,50.80179719615561,3.2420657643293667,2023,10,17,34022,Kortrijk,Normaal,Droog,Dag,met lichtgewonden,3,Fiets,9,personenauto,Op Kruispunt,Gewestweg,binnen bebouwde kom,Tss. 2 best.: langs opzij (voor-/achterkant-flank),Geen hindernis
43444,17,Kortrijk 2,Kortrijk,50.83339,3.27773,2.0480149010695436,50.85111770145287,3.269818120113954,2023,10,16,34023,Kuurne,Normaal,Droog,Dag,met lichtgewonden,9,personenauto,3,Fiets,Op Kruispunt,Gewestweg,binnen bebouwde kom,Tss. 2 best.: langs opzij (voor-/achterkant-flank),Geen hindernis
43444,16,Kortrijk 1,Kortrijk,50.83332,3.27777,2.0562687614446826,50.85111770145287,3.269818120113954,2023,10,16,34023,Kuurne,Normaal,Droog,Dag,met lichtgewonden,9,personenauto,3,Fiets,Op Kruispunt,Gewestweg,binnen bebouwde kom,Tss. 2 best.: langs opzij (voor-/achterkant-flank),Geen hindernis
43444,143,Eco Display Classic Budastraat,Kortrijk,50.83066,3.26286,2.3266692453896196,50.85111770145287,3.269818120113954,2023,10,16,34023,Kuurne,Normaal,Droog,Dag,met lichtgewonden,9,personenauto,3,Fiets,Op Kruispunt,Gewestweg,binnen bebouwde kom,Tss. 2 best.: langs opzij (voor-/achterkant-flank),Geen hindernis
43445,74,Kortrijk teller 1,Kortrijk,50.81909,3.25728,1.7421602337442068,50.81742271521089,3.232621732617901,2023,10,16,34022,Kortrijk,Normaal,Droog,Dag,met lichtgewonden,3,Fiets,3,Fiets,Op Kruispunt,Gemeenteweg,binnen bebouwde kom,Tss. 2 best.: langs opzij (voor-/achterkant-flank),Geen hindernis
43445,75,Kortrijk teller 2,Kortrijk,50.81925,3.25731,1.7462334604336018,50.81742271521089,3.232621732617901,2023,10,16,34022,Kortrijk,Normaal,Droog,Dag,met lichtgewonden,3,Fiets,3,Fiets,Op Kruispunt,Gemeenteweg,binnen bebouwde kom,Tss. 2 best.: langs opzij (voor-/achterkant-flank),Geen hindernis
43446,75,Kortrijk teller 2,Kortrijk,50.81925,3.25731,1.1351351081737646,50.821722074576115,3.2729881053818186,2023,10,8,34022,Kortrijk,Normaal,Droog,Dag,met lichtgewonden,9,personenauto,3,Fiets,Op Kruispunt,Gemeenteweg,binnen bebouwde kom,Tss. 2 best.: langs opzij (voor-/achterkant-flank),Geen hindernis
43446,74,Kortrijk teller 1,Kortrijk,50.81909,3.25728,1.1416128271753772,50.821722074576115,3.2729881053818186,2023,10,8,34022,Kortrijk,Normaal,Droog,Dag,met lichtgewonden,9,personenauto,3,Fiets,Op Kruispunt,Gemeenteweg,binnen bebouwde kom,Tss. 2 best.: langs opzij (voor-/achterkant-flank),Geen hindernis
43446,143,Eco Display Classic Budastraat,Kortrijk,50.83066,3.26286,1.2222174032691073,50.821722074576115,3.2729881053818186,2023,10,8,34022,Kortrijk,Normaal,Droog,Dag,met lichtgewonden,9,personenauto,3,Fiets,Op Kruispunt,Gemeenteweg,binnen bebouwde kom,Tss. 2 best.: langs opzij (voor-/achterkant-flank),Geen hindernis
43446,16,Kortrijk 1,Kortrijk,50.83332,3.27777,1.3326488041838862,50.821722074576115,3.2729881053818186,2023,10,8,34022,Kortrijk,Normaal,Droog,Dag,met lichtgewonden,9,personenauto,3,Fiets,Op Kruispunt,Gemeenteweg,binnen bebouwde kom,Tss. 2 best.: langs opzij (voor-/achterkant-flank),Geen hindernis
43446,17,Kortrijk 2,Kortrijk,50.83339,3.27773,1.339481234766123,50.821722074576115,3.2729881053818186,2023,10,8,34022,Kortrijk,Normaal,Droog,Dag,met lichtgewonden,9,personenauto,3,Fiets,Op Kruispunt,Gemeenteweg,binnen bebouwde kom,Tss. 2 best.: langs opzij (voor-/achterkant-flank),Geen hindernis
43448,16,Kortrijk 1,Kortrijk,50.83332,3.27777,0.4532208934386413,50.83164118660899,3.2836505813802397,2023,10,16,34022,Kortrijk,Normaal,Droog,Dag,met lichtgewonden,3,Fiets,2,Andere weggebruiker,Op Kruispunt,Gemeenteweg,binnen bebouwde kom,Tss. 2 best.: langs opzij (voor-/achterkant-flank),Geen hindernis
43448,17,Kortrijk 2,Kortrijk,50.83339,3.27773,0.4590247943814744,50.83164118660899,3.2836505813802397,2023,10,16,34022,Kortrijk,Normaal,Droog,Dag,met lichtgewonden,3,Fiets,2,Andere weggebruiker,Op Kruispunt,Gemeenteweg,binnen bebouwde kom,Tss. 2 best.: langs opzij (voor-/achterkant-flank),Geen hindernis
43448,143,Eco Display Classic Budastraat,Kortrijk,50.83066,3.26286,1.4642260570858747,50.83164118660899,3.2836505813802397,2023,10,16,34022,Kortrijk,Normaal,Droog,Dag,met lichtgewonden,3,Fiets,2,Andere weggebruiker,Op Kruispunt,Gemeenteweg,binnen bebouwde kom,Tss. 2 best.: langs opzij (voor-/achterkant-flank),Geen hindernis
43448,75,Kortrijk teller 2,Kortrijk,50.81925,3.25731,2.3068491792626067,50.83164118660899,3.2836505813802397,2023,10,16,34022,Kortrijk,Normaal,Droog,Dag,met lichtgewonden,3,Fiets,2,Andere weggebruiker,Op Kruispunt,Gemeenteweg,binnen bebouwde kom,Tss. 2 best.: langs opzij (voor-/achterkant-flank),Geen hindernis
43448,74,Kortrijk teller 1,Kortrijk,50.81909,3.25728,2.3192045921013333,50.83164118660899,3.2836505813802397,2023,10,16,34022,Kortrijk,Normaal,Droog,Dag,met lichtgewonden,3,Fiets,2,Andere weggebruiker,Op Kruispunt,Gemeenteweg,binnen bebouwde kom,Tss. 2 best.: langs opzij (voor-/achterkant-flank),Geen hindernis
43449,74,Kortrijk teller 1,Kortrijk,50.81909,3.25728,1.429853597808743,50.81671267273831,3.2772824889568537,2023,10,8,34022,Kortrijk,Normaal,Droog,Dag,met lichtgewonden,9,personenauto,3,Fiets,Op Kruispunt,Gemeenteweg,binnen bebouwde kom,Tss. 2 best.: langs opzij (voor-/achterkant-flank),Geen hindernis
43449,75,Kortrijk teller 2,Kortrijk,50.81925,3.25731,1.4311808235678347,50.81671267273831,3.2772824889568537,2023,10,8,34022,Kortrijk,Normaal,Droog,Dag,met lichtgewonden,9,personenauto,3,Fiets,Op Kruispunt,Gemeenteweg,binnen bebouwde kom,Tss. 2 best.: langs opzij (voor-/achterkant-flank),Geen hindernis
43449,16,Kortrijk 1,Kortrijk,50.83332,3.27777,1.846968001754344,50.81671267273831,3.2772824889568537,2023,10,8,34022,Kortrijk,Normaal,Droog,Dag,met lichtgewonden,9,personenauto,3,Fiets,Op Kruispunt,Gemeenteweg,binnen bebouwde kom,Tss. 2 best.: langs opzij (voor-/achterkant-flank),Geen hindernis
43449,143,Eco Display Classic Budastraat,Kortrijk,50.83066,3.26286,1.852438310400399,50.81671267273831,3.2772824889568537,2023,10,8,34022,Kortrijk,Normaal,Droog,Dag,met lichtgewonden,9,personenauto,3,Fiets,Op Kruispunt,Gemeenteweg,binnen bebouwde kom,Tss. 2 best.: langs opzij (voor-/achterkant-flank),Geen hindernis
43449,17,Kortrijk 2,Kortrijk,50.83339,3.27773,1.8547005687222016,50.81671267273831,3.2772824889568537,2023,10,8,34022,Kortrijk,Normaal,Droog,Dag,met lichtgewonden,9,personenauto,3,Fiets,Op Kruispunt,Gemeenteweg,binnen bebouwde kom,Tss. 2 best.: langs opzij (voor-/achterkant-flank),Geen hindernis
43451,17,Kortrijk 2,Kortrijk,50.83339,3.27773,2.404762418031679,50.85442797515706,3.2856660566404736,2023,10,18,34023,Kuurne,Normaal,Droog,Dag,met lichtgewonden,3,Fiets,8,Voetganger,Buiten Kruispunt,Gemeenteweg,binnen bebouwde kom,Met een voetganger,Geen hindernis
43451,16,Kortrijk 1,Kortrijk,50.83332,3.27777,2.4116878304327267,50.85442797515706,3.2856660566404736,2023,10,18,34023,Kuurne,Normaal,Droog,Dag,met lichtgewonden,3,Fiets,8,Voetganger,Buiten Kruispunt,Gemeenteweg,binnen bebouwde kom,Met een voetganger,Geen hindernis
43452,17,Kortrijk 2,Kortrijk,50.83339,3.27773,0.3121886694893301,50.83511336263856,3.2812394075782665,2023,10,14,34022,Kortrijk,Normaal,Droog,Dag,met lichtgewonden,9,personenauto,3,Fiets,Buiten Kruispunt,Gemeenteweg,binnen bebouwde kom,Tussen 2 bestuurders: Flank tegen flank,Geen hindernis
43452,16,Kortrijk 1,Kortrijk,50.83332,3.27777,0.3148473531243813,50.83511336263856,3.2812394075782665,2023,10,14,34022,Kortrijk,Normaal,Droog,Dag,met lichtgewonden,9,personenauto,3,Fiets,Buiten Kruispunt,Gemeenteweg,binnen bebouwde kom,Tussen 2 bestuurders: Flank tegen flank,Geen hindernis
43452,143,Eco Display Classic Budastraat,Kortrijk,50.83066,3.26286,1.3824955826266485,50.83511336263856,3.2812394075782665,2023,10,14,34022,Kortrijk,Normaal,Droog,Dag,met lichtgewonden,9,personenauto,3,Fiets,Buiten Kruispunt,Gemeenteweg,binnen bebouwde kom,Tussen 2 bestuurders: Flank tegen flank,Geen hindernis
43452,75,Kortrijk teller 2,Kortrijk,50.81925,3.25731,2.4364586790123663,50.83511336263856,3.2812394075782665,2023,10,14,34022,Kortrijk,Normaal,Droog,Dag,met lichtgewonden,9,personenauto,3,Fiets,Buiten Kruispunt,Gemeenteweg,binnen bebouwde kom,Tussen 2 bestuurders: Flank tegen flank,Geen hindernis
43452,74,Kortrijk teller 1,Kortrijk,50.81909,3.25728,2.4508180884810127,50.83511336263856,3.2812394075782665,2023,10,14,34022,Kortrijk,Normaal,Droog,Dag,met lichtgewonden,9,personenauto,3,Fiets,Buiten Kruispunt,Gemeenteweg,binnen bebouwde kom,Tussen 2 bestuurders: Flank tegen flank,Geen hindernis
43454,16,Kortrijk 1,Kortrijk,50.83332,3.27777,0.08611113940163467,50.83284625815824,3.276800041135042,2023,10,10,34022,Kortrijk,Normaal,Droog,Dag,met lichtgewonden,3,Fiets,8,Voetganger,Buiten Kruispunt,Gewestweg,binnen bebouwde kom,Met een voetganger,Geen hindernis
43454,17,Kortrijk 2,Kortrijk,50.83339,3.27773,0.0889996346065085,50.83284625815824,3.276800041135042,2023,10,10,34022,Kortrijk,Normaal,Droog,Dag,met lichtgewonden,3,Fiets,8,Voetganger,Buiten Kruispunt,Gewestweg,binnen bebouwde kom,Met een voetganger,Geen hindernis
43454,143,Eco Display Classic Budastraat,Kortrijk,50.83066,3.26286,1.0087494862502,50.83284625815824,3.276800041135042,2023,10,10,34022,Kortrijk,Normaal,Droog,Dag,met lichtgewonden,3,Fiets,8,Voetganger,Buiten Kruispunt,Gewestweg,binnen bebouwde kom,Met een voetganger,Geen hindernis
43454,75,Kortrijk teller 2,Kortrijk,50.81925,3.25731,2.0395375451700644,50.83284625815824,3.276800041135042,2023,10,10,34022,Kortrijk,Normaal,Droog,Dag,met lichtgewonden,3,Fiets,8,Voetganger,Buiten Kruispunt,Gewestweg,binnen bebouwde kom,Met een voetganger,Geen hindernis
43454,74,Kortrijk teller 1,Kortrijk,50.81909,3.25728,2.054167665247703,50.83284625815824,3.276800041135042,2023,10,10,34022,Kortrijk,Normaal,Droog,Dag,met lichtgewonden,3,Fiets,8,Voetganger,Buiten Kruispunt,Gewestweg,binnen bebouwde kom,Met een voetganger,Geen hindernis
43455,143,Eco Display Classic Budastraat,Kortrijk,50.83066,3.26286,0.829747371857116,50.83812020589968,3.2625939871885397,2023,10,7,34022,Kortrijk,Normaal,Droog,Dageraad - schemering,met lichtgewonden,3,Fiets,9,personenauto,Op Kruispunt,Gewestweg,binnen bebouwde kom,Tss. 2 best.: langs opzij (voor-/achterkant-flank),Geen hindernis
43455,17,Kortrijk 2,Kortrijk,50.83339,3.27773,1.1859390929623765,50.83812020589968,3.2625939871885397,2023,10,7,34022,Kortrijk,Normaal,Droog,Dageraad - schemering,met lichtgewonden,3,Fiets,9,personenauto,Op Kruispunt,Gewestweg,binnen bebouwde kom,Tss. 2 best.: langs opzij (voor-/achterkant-flank),Geen hindernis
43455,16,Kortrijk 1,Kortrijk,50.83332,3.27777,1.1919233107777432,50.83812020589968,3.2625939871885397,2023,10,7,34022,Kortrijk,Normaal,Droog,Dageraad - schemering,met lichtgewonden,3,Fiets,9,personenauto,Op Kruispunt,Gewestweg,binnen bebouwde kom,Tss. 2 best.: langs opzij (voor-/achterkant-flank),Geen hindernis
43455,75,Kortrijk teller 2,Kortrijk,50.81925,3.25731,2.1308387364127293,50.83812020589968,3.2625939871885397,2023,10,7,34022,Kortrijk,Normaal,Droog,Dageraad - schemering,met lichtgewonden,3,Fiets,9,personenauto,Op Kruispunt,Gewestweg,binnen bebouwde kom,Tss. 2 best.: langs opzij (voor-/achterkant-flank),Geen hindernis
43455,74,Kortrijk teller 1,Kortrijk,50.81909,3.25728,2.1487253412693774,50.83812020589968,3.2625939871885397,2023,10,7,34022,Kortrijk,Normaal,Droog,Dageraad - schemering,met lichtgewonden,3,Fiets,9,personenauto,Op Kruispunt,Gewestweg,binnen bebouwde kom,Tss. 2 best.: langs opzij (voor-/achterkant-flank),Geen hindernis
43457,74,Kortrijk teller 1,Kortrijk,50.81909,3.25728,2.100641323683248,50.80728743289458,3.233934464019827,2023,10,16,34022,Kortrijk,Normaal,Droog,Dag,met lichtgewonden,9,personenauto,3,Fiets,Buiten Kruispunt,Gemeenteweg,binnen bebouwde kom,Tss. 2 best.: langs opzij (voor-/achterkant-flank),Geen hindernis
43457,75,Kortrijk teller 2,Kortrijk,50.81925,3.25731,2.1134374589041993,50.80728743289458,3.233934464019827,2023,10,16,34022,Kortrijk,Normaal,Droog,Dag,met lichtgewonden,9,personenauto,3,Fiets,Buiten Kruispunt,Gemeenteweg,binnen bebouwde kom,Tss. 2 best.: langs opzij (voor-/achterkant-flank),Geen hindernis
43467,66,Nieuwpoort totem,Nieuwpoort,51.1347,2.74369,0.7137164540943317,51.12919751049024,2.7489562285456772,2023,10,16,38016,Nieuwpoort,Normaal,Droog+Proper,Dag,met lichtgewonden,9,personenauto,3,Fiets,Op Kruispunt,Gemeenteweg,binnen bebouwde kom,Tss. 2 best.: langs opzij (voor-/achterkant-flank),Geen hindernis
43467,65,Nieuwpoort teller 2,Nieuwpoort,51.13435,2.75511,0.7159844418459845,51.12919751049024,2.7489562285456772,2023,10,16,38016,Nieuwpoort,Normaal,Droog+Proper,Dag,met lichtgewonden,9,personenauto,3,Fiets,Op Kruispunt,Gemeenteweg,binnen bebouwde kom,Tss. 2 best.: langs opzij (voor-/achterkant-flank),Geen hindernis
43467,64,Nieuwpoort teller 1,Nieuwpoort,51.13359,2.75737,0.7637062017521286,51.12919751049024,2.7489562285456772,2023,10,16,38016,Nieuwpoort,Normaal,Droog+Proper,Dag,met lichtgewonden,9,personenauto,3,Fiets,Op Kruispunt,Gemeenteweg,binnen bebouwde kom,Tss. 2 best.: langs opzij (voor-/achterkant-flank),Geen hindernis
43467,63,Nieuwpoort teller 3,Nieuwpoort,51.13529,2.74289,0.7988213628177188,51.12919751049024,2.7489562285456772,2023,10,16,38016,Nieuwpoort,Normaal,Droog+Proper,Dag,met lichtgewonden,9,personenauto,3,Fiets,Op Kruispunt,Gemeenteweg,binnen bebouwde kom,Tss. 2 best.: langs opzij (voor-/achterkant-flank),Geen hindernis
43468,65,Nieuwpoort teller 2,Nieuwpoort,51.13435,2.75511,0.23297930383343368,51.13326471803589,2.7522538394277847,2023,10,12,38016,Nieuwpoort,Normaal,Droog,Dag,met lichtgewonden,3,Fiets,3,Fiets,Buiten Kruispunt,Gemeenteweg,binnen bebouwde kom,Tussen 2 bestuurders: Frontale botsing,Geen hindernis
43468,64,Nieuwpoort teller 1,Nieuwpoort,51.13359,2.75737,0.35881191544974994,51.13326471803589,2.7522538394277847,2023,10,12,38016,Nieuwpoort,Normaal,Droog,Dag,met lichtgewonden,3,Fiets,3,Fiets,Buiten Kruispunt,Gemeenteweg,binnen bebouwde kom,Tussen 2 bestuurders: Frontale botsing,Geen hindernis
43468,66,Nieuwpoort totem,Nieuwpoort,51.1347,2.74369,0.618487592458191,51.13326471803589,2.7522538394277847,2023,10,12,38016,Nieuwpoort,Normaal,Droog,Dag,met lichtgewonden,3,Fiets,3,Fiets,Buiten Kruispunt,Gemeenteweg,binnen bebouwde kom,Tussen 2 bestuurders: Frontale botsing,Geen hindernis
43468,63,Nieuwpoort teller 3,Nieuwpoort,51.13529,2.74289,0.6910799186094451,51.13326471803589,2.7522538394277847,2023,10,12,38016,Nieuwpoort,Normaal,Droog,Dag,met lichtgewonden,3,Fiets,3,Fiets,Buiten Kruispunt,Gemeenteweg,binnen bebouwde kom,Tussen 2 bestuurders: Frontale botsing,Geen hindernis
43472,62,Wervik teller 1,Wervik,50.8058,3.09154,1.1611473139289314,50.81062817134712,3.076887409748405,2023,10,7,33029,Wervik,Normaal,Droog,Dageraad - schemering,met lichtgewonden,3,Fiets,2,Andere weggebruiker,Buiten Kruispunt,Gewestweg,binnen bebouwde kom,Tussen 2 bestuurders: Flank tegen flank,Geen hindernis
43472,61,Wervik teller 2,Wervik,50.80555,3.0921,1.2089105690662545,50.81062817134712,3.076887409748405,2023,10,7,33029,Wervik,Normaal,Droog,Dageraad - schemering,met lichtgewonden,3,Fiets,2,Andere weggebruiker,Buiten Kruispunt,Gewestweg,binnen bebouwde kom,Tussen 2 bestuurders: Flank tegen flank,Geen hindernis
43473,67,Ieper totem,Ieper,50.85018,2.85624,1.2109107575007347,50.8503707042127,2.8734861047516658,2023,10,18,33011,Ieper,Normaal,Droog,Dag,met lichtgewonden,3,Fiets,6,Bromfiets,Op Kruispunt,Gewestweg,binnen bebouwde kom,Tussen 2 bestuurders: Flank tegen flank,Geen hindernis
43473,68,Ieper,Ieper,50.85032,2.85608,1.221968693516259,50.8503707042127,2.8734861047516658,2023,10,18,33011,Ieper,Normaal,Droog,Dag,met lichtgewonden,3,Fiets,6,Bromfiets,Op Kruispunt,Gewestweg,binnen bebouwde kom,Tussen 2 bestuurders: Flank tegen flank,Geen hindernis
43474,67,Ieper totem,Ieper,50.85018,2.85624,1.7722109121288019,50.858821000547096,2.8774538389620026,2023,10,8,33011,Ieper,Normaal,Droog,Dag,met lichtgewonden,9,personenauto,3,Fiets,Op Kruispunt,Gewestweg,binnen bebouwde kom,Tss. 2 best.: langs opzij (voor-/achterkant-flank),Geen hindernis
43474,68,Ieper,Ieper,50.85032,2.85608,1.773309985898175,50.858821000547096,2.8774538389620026,2023,10,8,33011,Ieper,Normaal,Droog,Dag,met lichtgewonden,9,personenauto,3,Fiets,Op Kruispunt,Gewestweg,binnen bebouwde kom,Tss. 2 best.: langs opzij (voor-/achterkant-flank),Geen hindernis
43477,62,Wervik teller 1,Wervik,50.8058,3.09154,1.2776143964089668,50.8071636025726,3.073486655316829,2023,10,19,33029,Wervik,Onbekend,Onbekend,Onbekend,met lichtgewonden,8,Voetganger,3,Fiets,Buiten Kruispunt,Gemeenteweg,onbekend,Met een voetganger,Geen hindernis
43477,61,Wervik teller 2,Wervik,50.80555,3.0921,1.3201885406372755,50.8071636025726,3.073486655316829,2023,10,19,33029,Wervik,Onbekend,Onbekend,Onbekend,met lichtgewonden,8,Voetganger,3,Fiets,Buiten Kruispunt,Gemeenteweg,onbekend,Met een voetganger,Geen hindernis
43479,67,Ieper totem,Ieper,50.85018,2.85624,1.4585688265015586,50.84287871844925,2.8734990798763813,2023,10,8,33011,Ieper,Normaal,Droog,Dag,met lichtgewonden,3,Fiets,9,personenauto,Op Kruispunt,Gewestweg,binnen bebouwde kom,Tussen 2 bestuurders: Flank tegen flank,Geen hindernis
43479,68,Ieper,Ieper,50.85032,2.85608,1.4765797655219473,50.84287871844925,2.8734990798763813,2023,10,8,33011,Ieper,Normaal,Droog,Dag,met lichtgewonden,3,Fiets,9,personenauto,Op Kruispunt,Gewestweg,binnen bebouwde kom,Tussen 2 bestuurders: Flank tegen flank,Geen hindernis
43483,42,Maasmechelen teller 2,Maasmechelen,50.97043,5.6981,2.069254044549965,50.98903875155519,5.698316052000577,2023,10,9,73107,Maasmechelen,Regenval,"Nat, plassen",Dag,met lichtgewonden,3,Fiets,9,personenauto,Op Kruispunt,Gemeenteweg,binnen bebouwde kom,Tss. 2 best.: langs opzij (voor-/achterkant-flank),Geen hindernis
43483,41,Maasmechelen teller 1,Maasmechelen,50.97025,5.69799,2.089338544002441,50.98903875155519,5.698316052000577,2023,10,9,73107,Maasmechelen,Regenval,"Nat, plassen",Dag,met lichtgewonden,3,Fiets,9,personenauto,Op Kruispunt,Gemeenteweg,binnen bebouwde kom,Tss. 2 best.: langs opzij (voor-/achterkant-flank),Geen hindernis
43486,35,Lanaken teller 1,Lanaken,50.88112,5.6314,1.8198919389679542,50.888754198768495,5.654347523709641,2023,10,15,73042,Lanaken,Normaal,Droog,Dag,met lichtgewonden,3,Fiets,3,Fiets,Buiten Kruispunt,Gemeenteweg,binnen bebouwde kom,Tussen 2 bestuurders: Frontale botsing,Geen hindernis
43486,36,Lanaken teller 2,Lanaken,50.88131,5.63012,1.8904309328512816,50.888754198768495,5.654347523709641,2023,10,15,73042,Lanaken,Normaal,Droog,Dag,met lichtgewonden,3,Fiets,3,Fiets,Buiten Kruispunt,Gemeenteweg,binnen bebouwde kom,Tussen 2 bestuurders: Frontale botsing,Geen hindernis
43490,136,Gent R4,Gent,51.0876313,3.7587918,1.0701480213769194,51.08033648842331,3.748798465808339,2023,10,12,44021,Gent,Normaal,Droog,Dag,met lichtgewonden,3,Fiets,6,Bromfiets,Buiten Kruispunt,Gemeenteweg,buiten bebouwde kom,Tss. 2 best.: langs opzij (voor-/achterkant-flank),Geen hindernis
43498,124,Beveren teller 2,Beveren,51.1964712,4.2361077,2.4019802045308176,51.176015401830746,4.225032819277667,2023,10,17,46003,Beveren,Normaal,"Nat, plassen",Dag,met zwaargewonden,3,Fiets,3,Fiets,Buiten Kruispunt,Gemeenteweg,buiten bebouwde kom,Tss. 2 best.: langs opzij (voor-/achterkant-flank),Geen hindernis
43499,124,Beveren teller 2,Beveren,51.1964712,4.2361077,2.1690112216554684,51.21383923152405,4.250280578907973,2023,10,11,46003,Beveren,Normaal,Droog,Dag,met lichtgewonden,99,onbekend,3,Fiets,Buiten Kruispunt,Gemeenteweg,binnen bebouwde kom,Tss. 2 best.: langs opzij (voor-/achterkant-flank),Geen hindernis