crash_row_id,site_id,site_name,site_gemeente,site_lat,site_long,distance_km,crash_lat,crash_long,DT_YEAR_COLLISION,DT_MONTH_COLLISION,DT_TIME,CD_NIS,TX_MUNTY_COLLISION_NL,TX_WEATHER_NL,TX_ROAD_CONDITION_NL,TX_LIGHT_CONDITION_NL,TX_CLASS_ACCIDENTS_NL,CD_ROAD_USR_TYPE1,TX_ROAD_USR_TYPE1_NL,CD_ROAD_USR_TYPE2,TX_ROAD_USR_TYPE2_NL,TX_CROSSWAY_NL,CD_ROAD_TYPE_NL,TX_BUILD_UP_AREA_NL,TX_COLLISION_TYPE_NL,TX_OBSTACLES_NL
43501,137,Hasselt-Kempische brug,Hasselt,50.9411605,5.3417576,2.0763598704556183,50.952988993370575,5.318824073754629,2023,10,16,71022,Hasselt,Normaal,Droog,Dag,met lichtgewonden,3,Fiets,3,Fiets,Buiten Kruispunt,Gemeenteweg,buiten bebouwde kom,Tussen 2 bestuurders: Frontale botsing,Geen hindernis
43501,138,Hasselt-Kempische brug,Hasselt,50.9405318,5.3422472,2.1474363455697647,50.952988993370575,5.318824073754629,2023,10,16,71022,Hasselt,Normaal,Droog,Dag,met lichtgewonden,3,Fiets,3,Fiets,Buiten Kruispunt,Gemeenteweg,buiten bebouwde kom,Tussen 2 bestuurders: Frontale botsing,Geen hindernis
43506,140,Hasselt ring,Hasselt,50.9300038,5.3438616,0.8417418160600963,50.92252815359904,5.345751526337087,2023,10,11,71022,Hasselt,Onbekend,Onbekend,Dag,met lichtgewonden,3,Fiets,10,"één bestuurder, geen hindernis",Op Kruispunt,Gemeenteweg,binnen bebouwde kom,"Eén bestuurder, geen hindernis (incl. val)",Geen hindernis
43506,138,Hasselt-Kempische brug,Hasselt,50.9405318,5.3422472,2.016921442913867,50.92252815359904,5.345751526337087,2023,10,11,71022,Hasselt,Onbekend,Onbekend,Dag,met lichtgewonden,3,Fiets,10,"één bestuurder, geen hindernis",Op Kruispunt,Gemeenteweg,binnen bebouwde kom,"Eén bestuurder, geen hindernis (incl. val)",Geen hindernis
43506,137,Hasselt-Kempische brug,Hasselt,50.9411605,5.3417576,2.0906431598011177,50.92252815359904,5.345751526337087,2023,10,11,71022,Hasselt,Onbekend,Onbekend,Dag,met lichtgewonden,3,Fiets,10,"één bestuurder, geen hindernis",Op Kruispunt,Gemeenteweg,binnen bebouwde kom,"Eén bestuurder, geen hindernis (incl. val)",Geen hindernis
43507,137,Hasselt-Kempische brug,Hasselt,50.9411605,5.3417576,0.7527484994489164,50.94757518317916,5.345190951839966,2023,10,18,71022,Hasselt,Onbekend,Onbekend,Dag,met lichtgewonden,9,personenauto,3,Fiets,Op Kruispunt,Gewestweg,buiten bebouwde kom,Tss. 2 best.: langs opzij (voor-/achterkant-flank),Geen hindernis
43507,138,Hasselt-Kempische brug,Hasselt,50.9405318,5.3422472,0.8098893369820235,50.94757518317916,5.345190951839966,2023,10,18,71022,Hasselt,Onbekend,Onbekend,Dag,met lichtgewonden,9,personenauto,3,Fiets,Op Kruispunt,Gewestweg,buiten bebouwde kom,Tss. 2 best.: langs opzij (voor-/achterkant-flank),Geen hindernis
43507,140,Hasselt ring,Hasselt,50.9300038,5.3438616,1.9560677315915398,50.94757518317916,5.345190951839966,2023,10,18,71022,Hasselt,Onbekend,Onbekend,Dag,met lichtgewonden,9,personenauto,3,Fiets,Op Kruispunt,Gewestweg,buiten bebouwde kom,Tss. 2 best.: langs opzij (voor-/achterkant-flank),Geen hindernis
43508,49,Bokrijk,Genk,50.95264,5.41001,1.4741255014953507,50.94121035072499,5.399349185657794,2023,10,15,71022,Hasselt,Normaal,Droog,Dag,met zwaargewonden,3,Fiets,3,Fiets,Buiten Kruispunt,Gemeenteweg,buiten bebouwde kom,Tussen 2 bestuurders: Langs achteren,Geen hindernis
43509,137,Hasselt-Kempische brug,Hasselt,50.9411605,5.3417576,0.9454493292493817,50.943352226040744,5.328719588432604,2023,10,15,71022,Hasselt,Normaal,Droog,Dag,met lichtgewonden,5,Lichte vrachtauto,3,Fiets,Op Kruispunt,Gewestweg,buiten bebouwde kom,Tss. 2 best.: langs opzij (voor-/achterkant-flank),Geen hindernis
43509,138,Hasselt-Kempische brug,Hasselt,50.9405318,5.3422472,0.9983473193496484,50.943352226040744,5.328719588432604,2023,10,15,71022,Hasselt,Normaal,Droog,Dag,met lichtgewonden,5,Lichte vrachtauto,3,Fiets,Op Kruispunt,Gewestweg,buiten bebouwde kom,Tss. 2 best.: langs opzij (voor-/achterkant-flank),Geen hindernis
43509,140,Hasselt ring,Hasselt,50.9300038,5.3438616,1.8245240859644019,50.943352226040744,5.328719588432604,2023,10,15,71022,Hasselt,Normaal,Droog,Dag,met lichtgewonden,5,Lichte vrachtauto,3,Fiets,Op Kruispunt,Gewestweg,buiten bebouwde kom,Tss. 2 best.: langs opzij (voor-/achterkant-flank),Geen hindernis
43511,137,Hasselt-Kempische brug,Hasselt,50.9411605,5.3417576,0.9068340383792133,50.94305911365034,5.329170383107268,2023,10,23,71022,Hasselt,Normaal,Droog,"Nacht, openbare verlichting aanwezig en ontstoken",met lichtgewonden,9,personenauto,3,Fiets,Buiten Kruispunt,Gewestweg,binnen bebouwde kom,Tss. 2 best.: langs opzij (voor-/achterkant-flank),Geen hindernis
43511,138,Hasselt-Kempische brug,Hasselt,50.9405318,5.3422472,0.9583561933854033,50.94305911365034,5.329170383107268,2023,10,23,71022,Hasselt,Normaal,Droog,"Nacht, openbare verlichting aanwezig en ontstoken",met lichtgewonden,9,personenauto,3,Fiets,Buiten Kruispunt,Gewestweg,binnen bebouwde kom,Tss. 2 best.: langs opzij (voor-/achterkant-flank),Geen hindernis
43511,140,Hasselt ring,Hasselt,50.9300038,5.3438616,1.779654118240898,50.94305911365034,5.329170383107268,2023,10,23,71022,Hasselt,Normaal,Droog,"Nacht, openbare verlichting aanwezig en ontstoken",met lichtgewonden,9,personenauto,3,Fiets,Buiten Kruispunt,Gewestweg,binnen bebouwde kom,Tss. 2 best.: langs opzij (voor-/achterkant-flank),Geen hindernis
43512,30,Herk De Stad,Herk-de-Stad,50.94374,5.17691,0.6406487168277801,50.94254690678725,5.167964302994738,2023,10,8,71024,Herk-de-Stad,Normaal,Droog,Dag,met lichtgewonden,9,personenauto,3,Fiets,Op Kruispunt,Gemeenteweg,binnen bebouwde kom,Tss. 2 best.: langs opzij (voor-/achterkant-flank),Geen hindernis
43512,31,Herk De Stad,Herk-de-Stad,50.94366,5.1775,0.6794676209393026,50.94254690678725,5.167964302994738,2023,10,8,71024,Herk-de-Stad,Normaal,Droog,Dag,met lichtgewonden,9,personenauto,3,Fiets,Op Kruispunt,Gemeenteweg,binnen bebouwde kom,Tss. 2 best.: langs opzij (voor-/achterkant-flank),Geen hindernis
43513,137,Hasselt-Kempische brug,Hasselt,50.9411605,5.3417576,2.0763598704556183,50.952988993370575,5.318824073754629,2023,10,7,71022,Hasselt,Normaal,Droog+Proper,Dag,met lichtgewonden,9,personenauto,3,Fiets,Buiten Kruispunt,Gemeenteweg,buiten bebouwde kom,Tss. 2 best.: langs opzij (voor-/achterkant-flank),Geen hindernis
43513,138,Hasselt-Kempische brug,Hasselt,50.9405318,5.3422472,2.1474363455697647,50.952988993370575,5.318824073754629,2023,10,7,71022,Hasselt,Normaal,Droog+Proper,Dag,met lichtgewonden,9,personenauto,3,Fiets,Buiten Kruispunt,Gemeenteweg,buiten bebouwde kom,Tss. 2 best.: langs opzij (voor-/achterkant-flank),Geen hindernis
43514,49,Bokrijk,Genk,50.95264,5.41001,1.5046241012708443,50.94567334031591,5.428422734513141,2023,10,10,71011,Diepenbeek,Normaal,Droog,Dag,met lichtgewonden,3,Fiets,11,een weggebruiker tegen een hindernis,Buiten Kruispunt,Gemeenteweg,binnen bebouwde kom,Weggebruiker tegen hindernis op de rijbaan,"Op de rijbaan: Put, straatgoot, tramspoor"
43515,30,Herk De Stad,Herk-de-Stad,50.94374,5.17691,0.9991100130789445,50.94077928194699,5.163446481714911,2023,10,9,71024,Herk-de-Stad,Normaal,Droog,Dag,met lichtgewonden,9,personenauto,3,Fiets,Op Kruispunt,Gewestweg,binnen bebouwde kom,Tss. 2 best.: langs opzij (voor-/achterkant-flank),Geen hindernis
43515,31,Herk De Stad,Herk-de-Stad,50.94366,5.1775,1.0354430893654787,50.94077928194699,5.163446481714911,2023,10,9,71024,Herk-de-Stad,Normaal,Droog,Dag,met lichtgewonden,9,personenauto,3,Fiets,Op Kruispunt,Gewestweg,binnen bebouwde kom,Tss. 2 best.: langs opzij (voor-/achterkant-flank),Geen hindernis
43516,137,Hasselt-Kempische brug,Hasselt,50.9411605,5.3417576,1.0328099746507435,50.94512311275354,5.355089937309748,2023,10,14,71022,Hasselt,Normaal,Droog,Dag,met lichtgewonden,3,Fiets,9,personenauto,Op Kruispunt,Gemeenteweg,buiten bebouwde kom,Tussen 2 bestuurders: Flank tegen flank,Geen hindernis
43516,138,Hasselt-Kempische brug,Hasselt,50.9405318,5.3422472,1.0345495592925051,50.94512311275354,5.355089937309748,2023,10,14,71022,Hasselt,Normaal,Droog,Dag,met lichtgewonden,3,Fiets,9,personenauto,Op Kruispunt,Gemeenteweg,buiten bebouwde kom,Tussen 2 bestuurders: Flank tegen flank,Geen hindernis
43516,140,Hasselt ring,Hasselt,50.9300038,5.3438616,1.8561878072865357,50.94512311275354,5.355089937309748,2023,10,14,71022,Hasselt,Normaal,Droog,Dag,met lichtgewonden,3,Fiets,9,personenauto,Op Kruispunt,Gemeenteweg,buiten bebouwde kom,Tussen 2 bestuurders: Flank tegen flank,Geen hindernis
43518,49,Bokrijk,Genk,50.95264,5.41001,2.291386263048269,50.9363252942061,5.42998978555435,2023,10,14,71011,Diepenbeek,Normaal,Droog,Dag,met lichtgewonden,9,personenauto,3,Fiets,Op Kruispunt,Gewestweg,buiten bebouwde kom,Tss. 2 best.: langs opzij (voor-/achterkant-flank),Geen hindernis
43519,140,Hasselt ring,Hasselt,50.9300038,5.3438616,1.7675211011281067,50.924810024266606,5.3200266973020955,2023,10,15,71022,Hasselt,Normaal,Droog,Dag,met lichtgewonden,3,Fiets,9,personenauto,Buiten Kruispunt,Gemeenteweg,binnen bebouwde kom,Tss. 2 best.: langs opzij (voor-/achterkant-flank),Geen hindernis
43519,138,Hasselt-Kempische brug,Hasselt,50.9405318,5.3422472,2.341145723996295,50.924810024266606,5.3200266973020955,2023,10,15,71022,Hasselt,Normaal,Droog,Dag,met lichtgewonden,3,Fiets,9,personenauto,Buiten Kruispunt,Gemeenteweg,binnen bebouwde kom,Tss. 2 best.: langs opzij (voor-/achterkant-flank),Geen hindernis
43519,137,Hasselt-Kempische brug,Hasselt,50.9411605,5.3417576,2.371616591095,50.924810024266606,5.3200266973020955,2023,10,15,71022,Hasselt,Normaal,Droog,Dag,met lichtgewonden,3,Fiets,9,personenauto,Buiten Kruispunt,Gemeenteweg,binnen bebouwde kom,Tss. 2 best.: langs opzij (voor-/achterkant-flank),Geen hindernis
43522,12,Tervuren,Kraainem,50.81896,4.47803,2.1840106770852437,50.822279441935784,4.508673036314014,2023,10,15,24104,Tervuren,Normaal,Droog,Dag,met lichtgewonden,3,Fiets,9,personenauto,Buiten Kruispunt,Gemeenteweg,binnen bebouwde kom,Tussen 2 bestuurders: Flank tegen flank,Geen hindernis
43524,12,Tervuren,Kraainem,50.81896,4.47803,2.068187509112278,50.823644374613124,4.5065228537460165,2023,10,19,24104,Tervuren,Normaal,Droog,"Nacht, openbare verlichting aanwezig en ontstoken",met lichtgewonden,3,Fiets,11,een weggebruiker tegen een hindernis,Buiten Kruispunt,Gemeenteweg,binnen bebouwde kom,Weggebruiker tegen hindernis op de rijbaan,"Op de rijbaan: Verkeersdrempel, ezelsrug"
43525,14,Genk,Genk,50.97172,5.48927,1.9779486150836725,50.95771954697794,5.506692863637492,2023,10,10,71016,Genk,Normaal,Droog,Dag,met lichtgewonden,9,personenauto,3,Fiets,Buiten Kruispunt,Gewestweg,binnen bebouwde kom,Tussen 2 bestuurders: Frontale botsing,Geen hindernis
43529,14,Genk,Genk,50.97172,5.48927,2.0426877285140805,50.95345902443734,5.486092198110748,2023,10,12,71016,Genk,Onbekend,Onbekend,Dag,met lichtgewonden,3,Fiets,6,Bromfiets,Buiten Kruispunt,Gemeenteweg,buiten bebouwde kom,Tussen 2 bestuurders: Langs achteren,Geen hindernis
43533,14,Genk,Genk,50.97172,5.48927,0.2576441613820477,50.97119996416151,5.4856843070432575,2023,10,3,71016,Genk,Normaal,Droog,"Nacht, openbare verlichting aanwezig en ontstoken",met zwaargewonden,3,Fiets,10,"één bestuurder, geen hindernis",Buiten Kruispunt,Gemeenteweg,buiten bebouwde kom,"Eén bestuurder, geen hindernis (incl. val)",Geen hindernis
43534,14,Genk,Genk,50.97172,5.48927,1.7453004814195505,50.97364662943915,5.514007808073005,2023,10,15,71016,Genk,Onbekend,Onbekend,Dag,met lichtgewonden,3,Fiets,6,Bromfiets,Buiten Kruispunt,Gemeenteweg,binnen bebouwde kom,Tss. 2 best.: langs opzij (voor-/achterkant-flank),Geen hindernis
43543,131,Nevele,Deinze,51.0276612,3.558569,2.386778151131305,51.00875624415034,3.5747287476236456,2023,10,9,44083,Deinze,Onbekend,Onbekend,Dag,met lichtgewonden,3,Fiets,10,"één bestuurder, geen hindernis",Op Kruispunt,Gewestweg,onbekend,"Eén bestuurder, geen hindernis (incl. val)",Geen hindernis
43548,109,Zemst,Zemst,50.9903936,4.4707023,2.193935171251672,51.007848055524825,4.485320615298592,2023,10,23,12025,Mechelen,Regenval,"Nat, plassen","Nacht, openbare verlichting aanwezig en ontstoken",met lichtgewonden,3,Fiets,9,personenauto,Buiten Kruispunt,Gemeenteweg,binnen bebouwde kom,Tussen 2 bestuurders: Langs achteren,Geen hindernis
43551,99,Mechelen teller 1,Mechelen,51.04564,4.46882,2.374580007885664,51.02580623859681,4.48140830554056,2023,10,18,12025,Mechelen,Normaal,Droog,Dag,met lichtgewonden,3,Fiets,3,Fiets,Buiten Kruispunt,Gemeenteweg,binnen bebouwde kom,Tss. 2 best.: langs opzij (voor-/achterkant-flank),Geen hindernis
43551,100,Mechelen teller 2,Mechelen,51.0457,4.46883,2.3805190518119215,51.02580623859681,4.48140830554056,2023,10,18,12025,Mechelen,Normaal,Droog,Dag,met lichtgewonden,3,Fiets,3,Fiets,Buiten Kruispunt,Gemeenteweg,binnen bebouwde kom,Tss. 2 best.: langs opzij (voor-/achterkant-flank),Geen hindernis
43552,99,Mechelen teller 1,Mechelen,51.04564,4.46882,1.9193958989936264,51.03065198274132,4.4824374955969875,2023,10,8,12025,Mechelen,Normaal,Droog,Dag,met lichtgewonden,99,onbekend,3,Fiets,Op Kruispunt,Gewestweg,binnen bebouwde kom,Tussen 2 bestuurders: Flank tegen flank,Geen hindernis
43552,100,Mechelen teller 2,Mechelen,51.0457,4.46883,1.924845701114953,51.03065198274132,4.4824374955969875,2023,10,8,12025,Mechelen,Normaal,Droog,Dag,met lichtgewonden,99,onbekend,3,Fiets,Op Kruispunt,Gewestweg,binnen bebouwde kom,Tussen 2 bestuurders: Flank tegen flank,Geen hindernis
43554,99,Mechelen teller 1,Mechelen,51.04564,4.46882,2.125603119054942,51.02812070117113,4.4809828818540485,2023,10,16,12025,Mechelen,Regenval,"Nat, plassen",Dag,met lichtgewonden,3,Fiets,99,onbekend,Buiten Kruispunt,Gemeenteweg,binnen bebouwde kom,Tussen 2 bestuurders: Frontale botsing,Geen hindernis
43554,100,Mechelen teller 2,Mechelen,51.0457,4.46883,2.1314401422048497,51.02812070117113,4.4809828818540485,2023,10,16,12025,Mechelen,Regenval,"Nat, plassen",Dag,met lichtgewonden,3,Fiets,99,onbekend,Buiten Kruispunt,Gemeenteweg,binnen bebouwde kom,Tussen 2 bestuurders: Frontale botsing,Geen hindernis
43556,99,Mechelen teller 1,Mechelen,51.04564,4.46882,2.32227917593463,51.02484088471172,4.465815387418626,2023,10,12,12025,Mechelen,Normaal,Droog,Dag,met lichtgewonden,3,Fiets,11,een weggebruiker tegen een hindernis,Buiten Kruispunt,Gewestweg,binnen bebouwde kom,Weggebruiker tegen hindernis op de rijbaan,"Op de rijbaan: Put, straatgoot, tramspoor"
43556,100,Mechelen teller 2,Mechelen,51.0457,4.46883,2.328986761842712,51.02484088471172,4.465815387418626,2023,10,12,12025,Mechelen,Normaal,Droog,Dag,met lichtgewonden,3,Fiets,11,een weggebruiker tegen een hindernis,Buiten Kruispunt,Gewestweg,binnen bebouwde kom,Weggebruiker tegen hindernis op de rijbaan,"Op de rijbaan: Put, straatgoot, tramspoor"
43557,99,Mechelen teller 1,Mechelen,51.04564,4.46882,2.2029964275020744,51.02892927659794,4.48574509049662,2023,10,19,12025,Mechelen,Normaal,Droog,Dag,met lichtgewonden,3,Fiets,9,personenauto,Op Kruispunt,Gewestweg,binnen bebouwde kom,Tss. 2 best.: langs opzij (voor-/achterkant-flank),Geen hindernis
43557,100,Mechelen teller 2,Mechelen,51.0457,4.46883,2.208251689232988,51.02892927659794,4.48574509049662,2023,10,19,12025,Mechelen,Normaal,Droog,Dag,met lichtgewonden,3,Fiets,9,personenauto,Op Kruispunt,Gewestweg,binnen bebouwde kom,Tss. 2 best.: langs opzij (voor-/achterkant-flank),Geen hindernis
43560,100,Mechelen teller 2,Mechelen,51.0457,4.46883,0.9102070579096555,51.0534982783628,4.4648715899302935,2023,10,10,12035,Sint-Katelijne-Waver,Normaal,Droog,Dag,met lichtgewonden,9,personenauto,3,Fiets,Buiten Kruispunt,Gemeenteweg,buiten bebouwde kom,Tss. 2 best.: langs opzij (voor-/achterkant-flank),Geen hindernis
43560,99,Mechelen teller 1,Mechelen,51.04564,4.46882,0.9163545084926901,51.0534982783628,4.4648715899302935,2023,10,10,12035,Sint-Katelijne-Waver,Normaal,Droog,Dag,met lichtgewonden,9,personenauto,3,Fiets,Buiten Kruispunt,Gemeenteweg,buiten bebouwde kom,Tss. 2 best.: langs opzij (voor-/achterkant-flank),Geen hindernis
43564,99,Mechelen teller 1,Mechelen,51.04564,4.46882,1.7927927108983612,51.03235502307289,4.48334886505588,2023,10,20,12025,Mechelen,Regenval,"Nat, plassen","Nacht, openbare verlichting aanwezig en ontstoken",met lichtgewonden,99,onbekend,3,Fiets,Buiten Kruispunt,Gewestweg,binnen bebouwde kom,Tussen 2 bestuurders: Frontale botsing,Geen hindernis
43564,100,Mechelen teller 2,Mechelen,51.0457,4.46883,1.797898776415606,51.03235502307289,4.48334886505588,2023,10,20,12025,Mechelen,Regenval,"Nat, plassen","Nacht, openbare verlichting aanwezig en ontstoken",met lichtgewonden,99,onbekend,3,Fiets,Buiten Kruispunt,Gewestweg,binnen bebouwde kom,Tussen 2 bestuurders: Frontale botsing,Geen hindernis
43565,99,Mechelen teller 1,Mechelen,51.04564,4.46882,0.9784743760305866,51.037277090458225,4.473174214772566,2023,10,7,12025,Mechelen,Onbekend,"Nat, plassen","Nacht, openbare verlichting aanwezig en ontstoken",met lichtgewonden,3,Fiets,5,Lichte vrachtauto,Op Kruispunt,Gewestweg,binnen bebouwde kom,Tss. 2 best.: langs opzij (voor-/achterkant-flank),Geen hindernis
43565,100,Mechelen teller 2,Mechelen,51.0457,4.46883,0.9846011914846683,51.037277090458225,4.473174214772566,2023,10,7,12025,Mechelen,Onbekend,"Nat, plassen","Nacht, openbare verlichting aanwezig en ontstoken",met lichtgewonden,3,Fiets,5,Lichte vrachtauto,Op Kruispunt,Gewestweg,binnen bebouwde kom,Tss. 2 best.: langs opzij (voor-/achterkant-flank),Geen hindernis
43568,1,Machelen,Machelen,50.91618331151478,4.456121776137429,1.8544233475548448,50.92835185052058,4.438030554526977,2023,11,7,23088,Vilvoorde,Onbekend,Onbekend,Dageraad - schemering,met lichtgewonden,3,Fiets,9,personenauto,Buiten Kruispunt,Gemeenteweg,binnen bebouwde kom,Tussen 2 bestuurders: Flank tegen flank,Geen hindernis
43568,47,Vilvoorde,Vilvoorde,50.91372,4.41497,2.2934749010188105,50.92835185052058,4.438030554526977,2023,11,7,23088,Vilvoorde,Onbekend,Onbekend,Dageraad - schemering,met lichtgewonden,3,Fiets,9,personenauto,Buiten Kruispunt,Gemeenteweg,binnen bebouwde kom,Tussen 2 bestuurders: Flank tegen flank,Geen hindernis
43571,2,Brasschaat 2,Brasschaat,51.27512,4.47169,1.803261097847437,51.26800378431455,4.4483976632966185,2023,11,23,11002,Antwerpen,Normaal,Droog,"Nacht, openbare verlichting aanwezig en ontstoken",met lichtgewonden,3,Fiets,3,Fiets,Buiten Kruispunt,Gewestweg,binnen bebouwde kom,Tussen 2 bestuurders: Frontale botsing,Geen hindernis
43571,3,Brasschaat 1,Brasschaat,51.27503,4.47222,1.8321751447323282,51.26800378431455,4.4483976632966185,2023,11,23,11002,Antwerpen,Normaal,Droog,"Nacht, openbare verlichting aanwezig en ontstoken",met lichtgewonden,3,Fiets,3,Fiets,Buiten Kruispunt,Gewestweg,binnen bebouwde kom,Tussen 2 bestuurders: Frontale botsing,Geen hindernis
43610,2,Brasschaat 2,Brasschaat,51.27512,4.47169,1.0285482037489808,51.26929536408367,4.460204181127983,2023,11,19,11002,Antwerpen,Regenval,"Nat, plassen",Dageraad - schemering,met lichtgewonden,6,Bromfiets,3,Fiets,Buiten Kruispunt,Gewestweg,onbekend,Tussen 2 bestuurders: Frontale botsing,Geen hindernis
43610,3,Brasschaat 1,Brasschaat,51.27503,4.47222,1.051346212572321,51.26929536408367,4.460204181127983,2023,11,19,11002,Antwerpen,Regenval,"Nat, plassen",Dageraad - schemering,met lichtgewonden,6,Bromfiets,3,Fiets,Buiten Kruispunt,Gewestweg,onbekend,Tussen 2 bestuurders: Frontale botsing,Geen hindernis
43651,2,Brasschaat 2,Brasschaat,51.27512,4.47169,1.8555510184585473,51.28131347325224,4.446918641147728,2023,11,12,11002,Antwerpen,Onbekend,Onbekend,Dag,met lichtgewonden,9,personenauto,3,Fiets,Buiten Kruispunt,Gemeenteweg,onbekend,Tussen 2 bestuurders: Flank tegen flank,Geen hindernis
43651,3,Brasschaat 1,Brasschaat,51.27503,4.47222,1.8935039575731332,51.28131347325224,4.446918641147728,2023,11,12,11002,Antwerpen,Onbekend,Onbekend,Dag,met lichtgewonden,9,personenauto,3,Fiets,Buiten Kruispunt,Gemeenteweg,onbekend,Tussen 2 bestuurders: Flank tegen flank,Geen hindernis
43655,2,Brasschaat 2,Brasschaat,51.27512,4.47169,0.16221014197585276,51.27383601227213,4.470583172315313,2023,11,23,11008,Brasschaat,Regenval,"Nat, plassen","Nacht, openbare verlichting aanwezig en ontstoken",met lichtgewonden,9,personenauto,3,Fiets,Op Kruispunt,Gewestweg,buiten bebouwde kom,Tss. 2 best.: langs opzij (voor-/achterkant-flank),Geen hindernis
43655,3,Brasschaat 1,Brasschaat,51.27503,4.47222,0.17490332005858955,51.27383601227213,4.470583172315313,2023,11,23,11008,Brasschaat,Regenval,"Nat, plassen","Nacht, openbare verlichting aanwezig en ontstoken",met lichtgewonden,9,personenauto,3,Fiets,Op Kruispunt,Gewestweg,buiten bebouwde kom,Tss. 2 best.: langs opzij (voor-/achterkant-flank),Geen hindernis
43684,2,Brasschaat 2,Brasschaat,51.27512,4.47169,1.2720115552278162,51.27866490896626,4.454303329117842,2023,12,23,11008,Brasschaat,Onbekend,Onbekend,Onbekend,met lichtgewonden,9,personenauto,3,Fiets,Buiten Kruispunt,Gewestweg,onbekend,Tussen 2 bestuurders: Flank tegen flank,Geen hindernis
43684,3,Brasschaat 1,Brasschaat,51.27503,4.47222,1.310166691173427,51.27866490896626,4.454303329117842,2023,12,23,11008,Brasschaat,Onbekend,Onbekend,Onbekend,met lichtgewonden,9,personenauto,3,Fiets,Buiten Kruispunt,Gewestweg,onbekend,Tussen 2 bestuurders: Flank tegen flank,Geen hindernis
43685,3,Brasschaat 1,Brasschaat,51.27503,4.47222,2.275443324583616,51.29042928647022,4.493766101253085,2023,11,18,11008,Brasschaat,Normaal,"Nat, plassen","Nacht, openbare verlichting aanwezig en ontstoken",met zwaargewonden,8,Voetganger,3,Fiets,Buiten Kruispunt,Gewestweg,binnen bebouwde kom,Met een voetganger,Geen hindernis
43685,2,Brasschaat 2,Brasschaat,51.27512,4.47169,2.2924442092671296,51.29042928647022,4.493766101253085,2023,11,18,11008,Brasschaat,Normaal,"Nat, plassen","Nacht, openbare verlichting aanwezig en ontstoken",met zwaargewonden,8,Voetganger,3,Fiets,Buiten Kruispunt,Gewestweg,binnen bebouwde kom,Met een voetganger,Geen hindernis
43688,3,Brasschaat 1,Brasschaat,51.27503,4.47222,1.8897539614234438,51.2782554283942,4.49889380596725,2023,11,12,11040,Schoten,Regenval,"Nat, plassen",Dag,met lichtgewonden,9,personenauto,3,Fiets,Buiten Kruispunt,Gemeenteweg,binnen bebouwde kom,Tussen 2 bestuurders: Langs achteren,Geen hindernis
43688,2,Brasschaat 2,Brasschaat,51.27512,4.47169,1.9241227023192844,51.2782554283942,4.49889380596725,2023,11,12,11040,Schoten,Regenval,"Nat, plassen",Dag,met lichtgewonden,9,personenauto,3,Fiets,Buiten Kruispunt,Gemeenteweg,binnen bebouwde kom,Tussen 2 bestuurders: Langs achteren,Geen hindernis
43696,91,Brecht teller 2,Brecht,51.35739,4.62422,2.206411601616123,51.342311074152974,4.603568663469364,2023,11,15,11009,Brecht,Normaal,Droog,Dag,met lichtgewonden,3,Fiets,9,personenauto,Buiten Kruispunt,Gemeenteweg,binnen bebouwde kom,Tussen 2 bestuurders: Langs achteren,Geen hindernis
43696,90,Brecht teller 1,Brecht,51.35752,4.6243,2.2210126230433795,51.342311074152974,4.603568663469364,2023,11,15,11009,Brecht,Normaal,Droog,Dag,met lichtgewonden,3,Fiets,9,personenauto,Buiten Kruispunt,Gemeenteweg,binnen bebouwde kom,Tussen 2 bestuurders: Langs achteren,Geen hindernis
43699,104,Malle teller 2,Malle,51.31682,4.73852,1.848134267146484,51.3011341615526,4.729728798518481,2023,11,16,11057,Malle,Normaal,Droog,Dag,met lichtgewonden,9,personenauto,3,Fiets,Buiten Kruispunt,Gewestweg,binnen bebouwde kom,Tss. 2 best.: langs opzij (voor-/achterkant-flank),Geen hindernis
43699,103,Malle teller 1,Malle,51.31681,4.73872,1.851730660316203,51.3011341615526,4.729728798518481,2023,11,16,11057,Malle,Normaal,Droog,Dag,met lichtgewonden,9,personenauto,3,Fiets,Buiten Kruispunt,Gewestweg,binnen bebouwde kom,Tss. 2 best.: langs opzij (voor-/achterkant-flank),Geen hindernis
43701,91,Brecht teller 2,Brecht,51.35739,4.62422,0.905532710658743,51.353357760335044,4.635549785347008,2023,12,7,11009,Brecht,Normaal,Droog,"Nacht, openbare verlichting aanwezig en ontstoken",met lichtgewonden,9,personenauto,3,Fiets,Op Kruispunt,Gemeenteweg,binnen bebouwde kom,Tussen 2 bestuurders: Frontale botsing,Geen hindernis
43701,90,Brecht teller 1,Brecht,51.35752,4.6243,0.907991808555464,51.353357760335044,4.635549785347008,2023,12,7,11009,Brecht,Normaal,Droog,"Nacht, openbare verlichting aanwezig en ontstoken",met lichtgewonden,9,personenauto,3,Fiets,Op Kruispunt,Gemeenteweg,binnen bebouwde kom,Tussen 2 bestuurders: Frontale botsing,Geen hindernis
43705,8,Heist op den Berg 1,Heist-op-den-Berg,51.06759,4.68823,0.245743381660023,51.0664743049762,4.6851942015039025,2023,11,15,12029,Putte,Normaal,Droog,Dag,met lichtgewonden,4,Vrachtwagen,3,Fiets,Op Kruispunt,Gewestweg,buiten bebouwde kom,Tss. 2 best.: langs opzij (voor-/achterkant-flank),Geen hindernis