crash_row_id,site_id,site_name,site_gemeente,site_lat,site_long,distance_km,crash_lat,crash_long,DT_YEAR_COLLISION,DT_MONTH_COLLISION,DT_TIME,CD_NIS,TX_MUNTY_COLLISION_NL,TX_WEATHER_NL,TX_ROAD_CONDITION_NL,TX_LIGHT_CONDITION_NL,TX_CLASS_ACCIDENTS_NL,CD_ROAD_USR_TYPE1,TX_ROAD_USR_TYPE1_NL,CD_ROAD_USR_TYPE2,TX_ROAD_USR_TYPE2_NL,TX_CROSSWAY_NL,CD_ROAD_TYPE_NL,TX_BUILD_UP_AREA_NL,TX_COLLISION_TYPE_NL,TX_OBSTACLES_NL
43705,9,Heist op den Berg 2,Heist-op-den-Berg,51.06904,4.69524,0.7577107767935017,51.0664743049762,4.6851942015039025,2023,11,15,12029,Putte,Normaal,Droog,Dag,met lichtgewonden,4,Vrachtwagen,3,Fiets,Op Kruispunt,Gewestweg,buiten bebouwde kom,Tss. 2 best.: langs opzij (voor-/achterkant-flank),Geen hindernis
43708,72,Herent teller 1,Herent,50.89135,4.64689,2.3150410598737245,50.90652190978096,4.669495923055339,2023,11,17,24038,Herent,Onbekend,Onbekend,Onbekend,met lichtgewonden,3,Fiets,9,personenauto,Op Kruispunt,Gewestweg,onbekend,Tss. 2 best.: langs opzij (voor-/achterkant-flank),Geen hindernis
43708,73,Herent teller 2,Herent,50.89128,4.64685,2.322637366810485,50.90652190978096,4.669495923055339,2023,11,17,24038,Herent,Onbekend,Onbekend,Onbekend,met lichtgewonden,3,Fiets,9,personenauto,Op Kruispunt,Gewestweg,onbekend,Tss. 2 best.: langs opzij (voor-/achterkant-flank),Geen hindernis
43709,96,Lier teller 2,Lier,51.11705,4.58444,2.2621097623389876,51.12718689476175,4.556338548655284,2023,11,16,12021,Lier,Normaal,Droog,Dag,met lichtgewonden,9,personenauto,3,Fiets,Buiten Kruispunt,Gewestweg,buiten bebouwde kom,Tss. 2 best.: langs opzij (voor-/achterkant-flank),Geen hindernis
43709,95,Lier teller 1,Lier,51.11687,4.58437,2.267936756140027,51.12718689476175,4.556338548655284,2023,11,16,12021,Lier,Normaal,Droog,Dag,met lichtgewonden,9,personenauto,3,Fiets,Buiten Kruispunt,Gewestweg,buiten bebouwde kom,Tss. 2 best.: langs opzij (voor-/achterkant-flank),Geen hindernis
43710,96,Lier teller 2,Lier,51.11705,4.58444,1.3066362069019821,51.12062062672462,4.566604870368436,2023,11,10,12021,Lier,Regenval,"Nat, plassen",Dag,met lichtgewonden,3,Fiets,11,een weggebruiker tegen een hindernis,Buiten Kruispunt,Gewestweg,binnen bebouwde kom,Weggebruiker tegen hindernis buiten rijbaan,Buiten de rijbaan: Andere paal
43710,95,Lier teller 1,Lier,51.11687,4.58437,1.3082269330420573,51.12062062672462,4.566604870368436,2023,11,10,12021,Lier,Regenval,"Nat, plassen",Dag,met lichtgewonden,3,Fiets,11,een weggebruiker tegen een hindernis,Buiten Kruispunt,Gewestweg,binnen bebouwde kom,Weggebruiker tegen hindernis buiten rijbaan,Buiten de rijbaan: Andere paal
43716,8,Heist op den Berg 1,Heist-op-den-Berg,51.06759,4.68823,1.9430013901812304,51.08415707853615,4.679387310087148,2023,11,5,12014,Heist-op-den-Berg,Normaal,"Nat, plassen","Nacht, openbare verlichting aanwezig en ontstoken",met lichtgewonden,9,personenauto,3,Fiets,Buiten Kruispunt,Gemeenteweg,buiten bebouwde kom,Tss. 2 best.: langs opzij (voor-/achterkant-flank),Geen hindernis
43716,9,Heist op den Berg 2,Heist-op-den-Berg,51.06904,4.69524,2.0129859890040667,51.08415707853615,4.679387310087148,2023,11,5,12014,Heist-op-den-Berg,Normaal,"Nat, plassen","Nacht, openbare verlichting aanwezig en ontstoken",met lichtgewonden,9,personenauto,3,Fiets,Buiten Kruispunt,Gemeenteweg,buiten bebouwde kom,Tss. 2 best.: langs opzij (voor-/achterkant-flank),Geen hindernis
43718,9,Heist op den Berg 2,Heist-op-den-Berg,51.06904,4.69524,2.467229140565358,51.07682628411797,4.728307438095582,2023,11,15,12014,Heist-op-den-Berg,Normaal,Droog,Dag,met lichtgewonden,3,Fiets,3,Fiets,Op Kruispunt,Gemeenteweg,binnen bebouwde kom,Tussen 2 bestuurders: Frontale botsing,Geen hindernis
43719,9,Heist op den Berg 2,Heist-op-den-Berg,51.06904,4.69524,1.6634671749841845,51.06005932338125,4.714278103854196,2023,11,10,12014,Heist-op-den-Berg,Normaal,Droog,Dag,met zwaargewonden,5,Lichte vrachtauto,3,Fiets,Op Kruispunt,Gewestweg,buiten bebouwde kom,Tss. 2 best.: langs opzij (voor-/achterkant-flank),Geen hindernis
43719,8,Heist op den Berg 1,Heist-op-den-Berg,51.06759,4.68823,2.0036368936889386,51.06005932338125,4.714278103854196,2023,11,10,12014,Heist-op-den-Berg,Normaal,Droog,Dag,met zwaargewonden,5,Lichte vrachtauto,3,Fiets,Op Kruispunt,Gewestweg,buiten bebouwde kom,Tss. 2 best.: langs opzij (voor-/achterkant-flank),Geen hindernis
43724,133,Gierde Lille Totem,Lille,51.2453915,4.8297416,2.160132475277498,51.22628387289345,4.835340500554282,2023,11,14,13019,Lille,Normaal,"Nat, plassen",Dag,met lichtgewonden,3,Fiets,9,personenauto,Op Kruispunt,Gewestweg,binnen bebouwde kom,Tss. 2 best.: langs opzij (voor-/achterkant-flank),Geen hindernis
43724,132,Gierde lille,Lille,51.245445,4.8298851,2.1642083282440376,51.22628387289345,4.835340500554282,2023,11,14,13019,Lille,Normaal,"Nat, plassen",Dag,met lichtgewonden,3,Fiets,9,personenauto,Op Kruispunt,Gewestweg,binnen bebouwde kom,Tss. 2 best.: langs opzij (voor-/achterkant-flank),Geen hindernis
43734,88,Westerlo teller 1,Westerlo,51.082,4.91325,2.364951032021865,51.10296717072699,4.9075697558719185,2023,11,17,13049,Westerlo,Normaal,"Nat, plassen","Nacht, openbare verlichting aanwezig en ontstoken",met lichtgewonden,9,personenauto,3,Fiets,Op Kruispunt,Gemeenteweg,buiten bebouwde kom,Tss. 2 best.: langs opzij (voor-/achterkant-flank),Geen hindernis
43734,89,Westerlo teller 2,Westerlo,51.08191,4.91334,2.3758754502389174,51.10296717072699,4.9075697558719185,2023,11,17,13049,Westerlo,Normaal,"Nat, plassen","Nacht, openbare verlichting aanwezig en ontstoken",met lichtgewonden,9,personenauto,3,Fiets,Op Kruispunt,Gemeenteweg,buiten bebouwde kom,Tss. 2 best.: langs opzij (voor-/achterkant-flank),Geen hindernis
43735,88,Westerlo teller 1,Westerlo,51.082,4.91325,2.364951032021865,51.10296717072699,4.9075697558719185,2023,11,7,13049,Westerlo,Normaal,Onbekend,Dag,met lichtgewonden,3,Fiets,9,personenauto,Op Kruispunt,Gemeenteweg,binnen bebouwde kom,Tussen 2 bestuurders: Frontale botsing,Geen hindernis
43735,89,Westerlo teller 2,Westerlo,51.08191,4.91334,2.3758754502389174,51.10296717072699,4.9075697558719185,2023,11,7,13049,Westerlo,Normaal,Onbekend,Dag,met lichtgewonden,3,Fiets,9,personenauto,Op Kruispunt,Gemeenteweg,binnen bebouwde kom,Tussen 2 bestuurders: Frontale botsing,Geen hindernis
43737,98,Geel teller 2,Geel,51.1481,4.99643,1.0573131787404495,51.156409077951466,4.989059520099052,2023,10,17,13008,Geel,Normaal,Droog,Dageraad - schemering,met lichtgewonden,9,personenauto,3,Fiets,Op Kruispunt,Gewestweg,binnen bebouwde kom,Tussen 2 bestuurders: Langs achteren,Geen hindernis
43737,97,Geel teller 1,Geel,51.14813,4.99698,1.0736247634949887,51.156409077951466,4.989059520099052,2023,10,17,13008,Geel,Normaal,Droog,Dageraad - schemering,met lichtgewonden,9,personenauto,3,Fiets,Op Kruispunt,Gewestweg,binnen bebouwde kom,Tussen 2 bestuurders: Langs achteren,Geen hindernis
43740,98,Geel teller 2,Geel,51.1481,4.99643,1.933847052295818,51.160651630468394,4.9772370001201836,2023,11,8,13008,Geel,Normaal,Droog,Dag,met lichtgewonden,9,personenauto,3,Fiets,Op Kruispunt,Gemeenteweg,binnen bebouwde kom,Tss. 2 best.: langs opzij (voor-/achterkant-flank),Geen hindernis
43740,97,Geel teller 1,Geel,51.14813,4.99698,1.958221038637778,51.160651630468394,4.9772370001201836,2023,11,8,13008,Geel,Normaal,Droog,Dag,met lichtgewonden,9,personenauto,3,Fiets,Op Kruispunt,Gemeenteweg,binnen bebouwde kom,Tss. 2 best.: langs opzij (voor-/achterkant-flank),Geen hindernis
43744,134,Retie,Dessel,51.2548405,5.1037658,1.8692555943033213,51.26231358404656,5.079703708533921,2023,11,10,13036,Retie,Regenval,"Nat, plassen",Dag,met lichtgewonden,4,Vrachtwagen,3,Fiets,Op Kruispunt,Gewestweg,binnen bebouwde kom,Tss. 2 best.: langs opzij (voor-/achterkant-flank),Geen hindernis
43744,135,Retie 2,Dessel,51.2544998,5.1040064,1.9012841712880735,51.26231358404656,5.079703708533921,2023,11,10,13036,Retie,Regenval,"Nat, plassen",Dag,met lichtgewonden,4,Vrachtwagen,3,Fiets,Op Kruispunt,Gewestweg,binnen bebouwde kom,Tss. 2 best.: langs opzij (voor-/achterkant-flank),Geen hindernis
43755,94,Herentals teller 2,Herentals,51.17345,4.81283,1.2773163533732252,51.16396853963363,4.823172668920236,2023,11,11,13011,Herentals,Regenval,"Nat, plassen",Dag,met lichtgewonden,9,personenauto,3,Fiets,Op Kruispunt,Gemeenteweg,buiten bebouwde kom,Tss. 2 best.: langs opzij (voor-/achterkant-flank),Geen hindernis
43755,110,Herentals totem,Herentals,51.1739426,4.811783,1.364052202061972,51.16396853963363,4.823172668920236,2023,11,11,13011,Herentals,Regenval,"Nat, plassen",Dag,met lichtgewonden,9,personenauto,3,Fiets,Op Kruispunt,Gemeenteweg,buiten bebouwde kom,Tss. 2 best.: langs opzij (voor-/achterkant-flank),Geen hindernis
43756,94,Herentals teller 2,Herentals,51.17345,4.81283,2.2420338679554934,51.16965681182032,4.844414336013769,2023,11,7,13011,Herentals,"Sterke wind, rukwind",Droog,"Nacht, geen openbare verlichting aanwezig",met zwaargewonden,3,Fiets,11,een weggebruiker tegen een hindernis,Buiten Kruispunt,Gemeenteweg,buiten bebouwde kom,Weggebruiker tegen hindernis op de rijbaan,"Op de rijbaan: Werken (signal., aarde, toestel,…)"
43756,110,Herentals totem,Herentals,51.1739426,4.811783,2.324363391703971,51.16965681182032,4.844414336013769,2023,11,7,13011,Herentals,"Sterke wind, rukwind",Droog,"Nacht, geen openbare verlichting aanwezig",met zwaargewonden,3,Fiets,11,een weggebruiker tegen een hindernis,Buiten Kruispunt,Gemeenteweg,buiten bebouwde kom,Weggebruiker tegen hindernis op de rijbaan,"Op de rijbaan: Werken (signal., aarde, toestel,…)"
43757,94,Herentals teller 2,Herentals,51.17345,4.81283,1.145512001211704,51.17666954771095,4.828438794514447,2023,11,20,13011,Herentals,Normaal,"Nat, plassen","Nacht, openbare verlichting aanwezig en ontstoken",met lichtgewonden,3,Fiets,3,Fiets,Buiten Kruispunt,Gewestweg,buiten bebouwde kom,Tussen 2 bestuurders: Frontale botsing,Geen hindernis
43757,110,Herentals totem,Herentals,51.1739426,4.811783,1.2000571545425447,51.17666954771095,4.828438794514447,2023,11,20,13011,Herentals,Normaal,"Nat, plassen","Nacht, openbare verlichting aanwezig en ontstoken",met lichtgewonden,3,Fiets,3,Fiets,Buiten Kruispunt,Gewestweg,buiten bebouwde kom,Tussen 2 bestuurders: Frontale botsing,Geen hindernis
43758,94,Herentals teller 2,Herentals,51.17345,4.81283,2.3931588093365734,51.187615741736806,4.838677494268946,2023,11,12,13011,Herentals,Normaal,"Nat, plassen",Dag,met lichtgewonden,9,personenauto,3,Fiets,Buiten Kruispunt,Gewestweg,buiten bebouwde kom,Tss. 2 best.: langs opzij (voor-/achterkant-flank),Geen hindernis
43758,110,Herentals totem,Herentals,51.1739426,4.811783,2.4136937908470943,51.187615741736806,4.838677494268946,2023,11,12,13011,Herentals,Normaal,"Nat, plassen",Dag,met lichtgewonden,9,personenauto,3,Fiets,Buiten Kruispunt,Gewestweg,buiten bebouwde kom,Tss. 2 best.: langs opzij (voor-/achterkant-flank),Geen hindernis
43762,37,Lommel teller 1,Lommel,51.23299,5.29211,1.76655210072212,51.228040457797796,5.316218232215036,2023,11,11,72020,Lommel,Normaal,Droog,Dag,met lichtgewonden,3,Fiets,5,Lichte vrachtauto,Buiten Kruispunt,Gemeenteweg,binnen bebouwde kom,Tss. 2 best.: langs opzij (voor-/achterkant-flank),Geen hindernis
43762,38,Lommel teller 2,Lommel,51.23277,5.29189,1.7737119267007098,51.228040457797796,5.316218232215036,2023,11,11,72020,Lommel,Normaal,Droog,Dag,met lichtgewonden,3,Fiets,5,Lichte vrachtauto,Buiten Kruispunt,Gemeenteweg,binnen bebouwde kom,Tss. 2 best.: langs opzij (voor-/achterkant-flank),Geen hindernis
43763,37,Lommel teller 1,Lommel,51.23299,5.29211,1.543942838582083,51.228791760891085,5.313246163136052,2023,11,11,72020,Lommel,Normaal,Droog,Dag,met lichtgewonden,3,Fiets,9,personenauto,Buiten Kruispunt,Gewestweg,binnen bebouwde kom,Tussen 2 bestuurders: Flank tegen flank,Geen hindernis
43763,38,Lommel teller 2,Lommel,51.23277,5.29189,1.5514027682949207,51.228791760891085,5.313246163136052,2023,11,11,72020,Lommel,Normaal,Droog,Dag,met lichtgewonden,3,Fiets,9,personenauto,Buiten Kruispunt,Gewestweg,binnen bebouwde kom,Tussen 2 bestuurders: Flank tegen flank,Geen hindernis
43765,46,Pelt teller 2,Pelt,51.231,5.44375,1.780287636357358,51.21898887183716,5.4268461359070415,2023,11,16,72043,Pelt,Normaal,Onbekend,Dag,met lichtgewonden,9,personenauto,3,Fiets,Buiten Kruispunt,Gewestweg,binnen bebouwde kom,Tss. 2 best.: langs opzij (voor-/achterkant-flank),Geen hindernis
43765,45,Pelt teller 1,Pelt,51.23127,5.44377,1.8038273681925643,51.21898887183716,5.4268461359070415,2023,11,16,72043,Pelt,Normaal,Onbekend,Dag,met lichtgewonden,9,personenauto,3,Fiets,Buiten Kruispunt,Gewestweg,binnen bebouwde kom,Tss. 2 best.: langs opzij (voor-/achterkant-flank),Geen hindernis
43772,39,Peer teller 1,Peer,51.13425,5.47817,0.8997289455796078,51.14110999315229,5.47133131565502,2023,11,14,72030,Peer,Regenval,"Nat, plassen",Dag,met lichtgewonden,3,Fiets,11,een weggebruiker tegen een hindernis,Buiten Kruispunt,Gemeenteweg,binnen bebouwde kom,Weggebruiker tegen hindernis op de rijbaan,Op de rijbaan: Lading
43772,40,Peer teller 2,Peer,51.13438,5.47892,0.9167001555484909,51.14110999315229,5.47133131565502,2023,11,14,72030,Peer,Regenval,"Nat, plassen",Dag,met lichtgewonden,3,Fiets,11,een weggebruiker tegen een hindernis,Buiten Kruispunt,Gemeenteweg,binnen bebouwde kom,Weggebruiker tegen hindernis op de rijbaan,Op de rijbaan: Lading
43779,44,Maaseik teller 2,Maaseik,51.09359,5.79726,0.424746893251126,51.097027625263465,5.794608031355774,2023,11,10,72021,Maaseik,Normaal,Droog,Dag,met zwaargewonden,3,Fiets,10,"één bestuurder, geen hindernis",Buiten Kruispunt,Gewestweg,binnen bebouwde kom,"Eén bestuurder, geen hindernis (incl. val)",Geen hindernis
43779,43,Maaseik teller 1,Maaseik,51.09344,5.79715,0.4366384798321797,51.097027625263465,5.794608031355774,2023,11,10,72021,Maaseik,Normaal,Droog,Dag,met zwaargewonden,3,Fiets,10,"één bestuurder, geen hindernis",Buiten Kruispunt,Gewestweg,binnen bebouwde kom,"Eén bestuurder, geen hindernis (incl. val)",Geen hindernis
43781,107,leuven totem,Leuven,50.8870744,4.7087919,1.1676991823753573,50.884201050482396,4.724802522562456,2023,12,15,24062,Leuven,Mist (zichtbaarheid minder dan 100m),Proper,Dag,met lichtgewonden,9,personenauto,3,Fiets,Op Kruispunt,Gewestweg,binnen bebouwde kom,Tss. 2 best.: langs opzij (voor-/achterkant-flank),Geen hindernis
43781,69,Leuven teller 1,Leuven,50.87549,4.71526,1.1774747168009927,50.884201050482396,4.724802522562456,2023,12,15,24062,Leuven,Mist (zichtbaarheid minder dan 100m),Proper,Dag,met lichtgewonden,9,personenauto,3,Fiets,Op Kruispunt,Gewestweg,binnen bebouwde kom,Tss. 2 best.: langs opzij (voor-/achterkant-flank),Geen hindernis
43781,77,Leuven teller 2,Leuven,50.88672,4.70796,1.2142470768343125,50.884201050482396,4.724802522562456,2023,12,15,24062,Leuven,Mist (zichtbaarheid minder dan 100m),Proper,Dag,met lichtgewonden,9,personenauto,3,Fiets,Op Kruispunt,Gewestweg,binnen bebouwde kom,Tss. 2 best.: langs opzij (voor-/achterkant-flank),Geen hindernis
43782,77,Leuven teller 2,Leuven,50.88672,4.70796,0.9466570640006842,50.88028302359786,4.699128490644624,2023,11,15,24062,Leuven,Normaal,Proper,Dag,met lichtgewonden,1,Autobus,3,Fiets,Buiten Kruispunt,Gemeenteweg,binnen bebouwde kom,Tss. 2 best.: langs opzij (voor-/achterkant-flank),Geen hindernis
43782,107,leuven totem,Leuven,50.8870744,4.7087919,1.0148113548511355,50.88028302359786,4.699128490644624,2023,11,15,24062,Leuven,Normaal,Proper,Dag,met lichtgewonden,1,Autobus,3,Fiets,Buiten Kruispunt,Gemeenteweg,binnen bebouwde kom,Tss. 2 best.: langs opzij (voor-/achterkant-flank),Geen hindernis
43782,69,Leuven teller 1,Leuven,50.87549,4.71526,1.2510127955975177,50.88028302359786,4.699128490644624,2023,11,15,24062,Leuven,Normaal,Proper,Dag,met lichtgewonden,1,Autobus,3,Fiets,Buiten Kruispunt,Gemeenteweg,binnen bebouwde kom,Tss. 2 best.: langs opzij (voor-/achterkant-flank),Geen hindernis
43782,151,Leuven,District Leuven,50.8690262,4.6854839,1.5758644298488502,50.88028302359786,4.699128490644624,2023,11,15,24062,Leuven,Normaal,Proper,Dag,met lichtgewonden,1,Autobus,3,Fiets,Buiten Kruispunt,Gemeenteweg,binnen bebouwde kom,Tss. 2 best.: langs opzij (voor-/achterkant-flank),Geen hindernis
43783,77,Leuven teller 2,Leuven,50.88672,4.70796,1.2883344777737697,50.88082773014036,4.6921473790831305,2023,11,18,24062,Leuven,Onbekend,Onbekend,Onbekend,met lichtgewonden,6,Bromfiets,3,Fiets,Buiten Kruispunt,Gemeenteweg,binnen bebouwde kom,Tss. 2 best.: langs opzij (voor-/achterkant-flank),Geen hindernis
43783,107,leuven totem,Leuven,50.8870744,4.7087919,1.3586276745385717,50.88082773014036,4.6921473790831305,2023,11,18,24062,Leuven,Onbekend,Onbekend,Onbekend,met lichtgewonden,6,Bromfiets,3,Fiets,Buiten Kruispunt,Gemeenteweg,binnen bebouwde kom,Tss. 2 best.: langs opzij (voor-/achterkant-flank),Geen hindernis
43783,151,Leuven,District Leuven,50.8690262,4.6854839,1.3930736309969223,50.88082773014036,4.6921473790831305,2023,11,18,24062,Leuven,Onbekend,Onbekend,Onbekend,met lichtgewonden,6,Bromfiets,3,Fiets,Buiten Kruispunt,Gemeenteweg,binnen bebouwde kom,Tss. 2 best.: langs opzij (voor-/achterkant-flank),Geen hindernis
43783,69,Leuven teller 1,Leuven,50.87549,4.71526,1.7268078966175795,50.88082773014036,4.6921473790831305,2023,11,18,24062,Leuven,Onbekend,Onbekend,Onbekend,met lichtgewonden,6,Bromfiets,3,Fiets,Buiten Kruispunt,Gemeenteweg,binnen bebouwde kom,Tss. 2 best.: langs opzij (voor-/achterkant-flank),Geen hindernis
43784,69,Leuven teller 1,Leuven,50.87549,4.71526,2.0777434405822053,50.882467618942904,4.742732254032989,2023,11,20,24062,Leuven,Normaal,Droog,"Nacht, openbare verlichting aanwezig en ontstoken",met zwaargewonden,3,Fiets,10,"één bestuurder, geen hindernis",Buiten Kruispunt,Gemeenteweg,binnen bebouwde kom,"Eén bestuurder, geen hindernis (incl. val)",Geen hindernis
43784,107,leuven totem,Leuven,50.8870744,4.7087919,2.4354268017463436,50.882467618942904,4.742732254032989,2023,11,20,24062,Leuven,Normaal,Droog,"Nacht, openbare verlichting aanwezig en ontstoken",met zwaargewonden,3,Fiets,10,"één bestuurder, geen hindernis",Buiten Kruispunt,Gemeenteweg,binnen bebouwde kom,"Eén bestuurder, geen hindernis (incl. val)",Geen hindernis
43784,77,Leuven teller 2,Leuven,50.88672,4.70796,2.4847196141179473,50.882467618942904,4.742732254032989,2023,11,20,24062,Leuven,Normaal,Droog,"Nacht, openbare verlichting aanwezig en ontstoken",met zwaargewonden,3,Fiets,10,"één bestuurder, geen hindernis",Buiten Kruispunt,Gemeenteweg,binnen bebouwde kom,"Eén bestuurder, geen hindernis (incl. val)",Geen hindernis
43785,107,leuven totem,Leuven,50.8870744,4.7087919,0.2909199183332885,50.885538010391784,4.712148705454826,2023,11,12,24062,Leuven,Onbekend,Onbekend,Dag,met lichtgewonden,3,Fiets,3,Fiets,Buiten Kruispunt,Gewestweg,binnen bebouwde kom,Tss. 2 best.: langs opzij (voor-/achterkant-flank),Geen hindernis
43785,77,Leuven teller 2,Leuven,50.88672,4.70796,0.32188802661323035,50.885538010391784,4.712148705454826,2023,11,12,24062,Leuven,Onbekend,Onbekend,Dag,met lichtgewonden,3,Fiets,3,Fiets,Buiten Kruispunt,Gewestweg,binnen bebouwde kom,Tss. 2 best.: langs opzij (voor-/achterkant-flank),Geen hindernis
43785,69,Leuven teller 1,Leuven,50.87549,4.71526,1.1384103565135417,50.885538010391784,4.712148705454826,2023,11,12,24062,Leuven,Onbekend,Onbekend,Dag,met lichtgewonden,3,Fiets,3,Fiets,Buiten Kruispunt,Gewestweg,binnen bebouwde kom,Tss. 2 best.: langs opzij (voor-/achterkant-flank),Geen hindernis
43786,151,Leuven,District Leuven,50.8690262,4.6854839,1.2820153262192957,50.880375764184365,4.682269026281,2023,11,16,24062,Leuven,Normaal,Droog,Dageraad - schemering,met lichtgewonden,3,Fiets,11,een weggebruiker tegen een hindernis,Buiten Kruispunt,Gewestweg,buiten bebouwde kom,Weggebruiker tegen hindernis buiten rijbaan,Buiten de rijbaan: Boom
43786,77,Leuven teller 2,Leuven,50.88672,4.70796,1.9354356161559454,50.880375764184365,4.682269026281,2023,11,16,24062,Leuven,Normaal,Droog,Dageraad - schemering,met lichtgewonden,3,Fiets,11,een weggebruiker tegen een hindernis,Buiten Kruispunt,Gewestweg,buiten bebouwde kom,Weggebruiker tegen hindernis buiten rijbaan,Buiten de rijbaan: Boom
43786,107,leuven totem,Leuven,50.8870744,4.7087919,2.004197341887862,50.880375764184365,4.682269026281,2023,11,16,24062,Leuven,Normaal,Droog,Dageraad - schemering,met lichtgewonden,3,Fiets,11,een weggebruiker tegen een hindernis,Buiten Kruispunt,Gewestweg,buiten bebouwde kom,Weggebruiker tegen hindernis buiten rijbaan,Buiten de rijbaan: Boom
43786,69,Leuven teller 1,Leuven,50.87549,4.71526,2.377585790989242,50.880375764184365,4.682269026281,2023,11,16,24062,Leuven,Normaal,Droog,Dageraad - schemering,met lichtgewonden,3,Fiets,11,een weggebruiker tegen een hindernis,Buiten Kruispunt,Gewestweg,buiten bebouwde kom,Weggebruiker tegen hindernis buiten rijbaan,Buiten de rijbaan: Boom
43787,69,Leuven teller 1,Leuven,50.87549,4.71526,0.6877301240968774,50.880218167275764,4.708940951990718,2023,11,7,24062,Leuven,Normaal,Droog,Dageraad - schemering,met lichtgewonden,1,Autobus,3,Fiets,Buiten Kruispunt,Gemeenteweg,binnen bebouwde kom,Tss. 2 best.: langs opzij (voor-/achterkant-flank),Geen hindernis
43787,77,Leuven teller 2,Leuven,50.88672,4.70796,0.7262386087085102,50.880218167275764,4.708940951990718,2023,11,7,24062,Leuven,Normaal,Droog,Dageraad - schemering,met lichtgewonden,1,Autobus,3,Fiets,Buiten Kruispunt,Gemeenteweg,binnen bebouwde kom,Tss. 2 best.: langs opzij (voor-/achterkant-flank),Geen hindernis
43787,107,leuven totem,Leuven,50.8870744,4.7087919,0.7624499985813672,50.880218167275764,4.708940951990718,2023,11,7,24062,Leuven,Normaal,Droog,Dageraad - schemering,met lichtgewonden,1,Autobus,3,Fiets,Buiten Kruispunt,Gemeenteweg,binnen bebouwde kom,Tss. 2 best.: langs opzij (voor-/achterkant-flank),Geen hindernis
43787,151,Leuven,District Leuven,50.8690262,4.6854839,2.0634227959553604,50.880218167275764,4.708940951990718,2023,11,7,24062,Leuven,Normaal,Droog,Dageraad - schemering,met lichtgewonden,1,Autobus,3,Fiets,Buiten Kruispunt,Gemeenteweg,binnen bebouwde kom,Tss. 2 best.: langs opzij (voor-/achterkant-flank),Geen hindernis
43788,69,Leuven teller 1,Leuven,50.87549,4.71526,0.9329113025506685,50.86910071091243,4.706643342393342,2023,11,17,24062,Leuven,Normaal,Droog,Dag,met lichtgewonden,3,Fiets,3,Fiets,Buiten Kruispunt,Gewestweg,binnen bebouwde kom,Tss. 2 best.: langs opzij (voor-/achterkant-flank),Geen hindernis
43788,151,Leuven,District Leuven,50.8690262,4.6854839,1.4848770992692137,50.86910071091243,4.706643342393342,2023,11,17,24062,Leuven,Normaal,Droog,Dag,met lichtgewonden,3,Fiets,3,Fiets,Buiten Kruispunt,Gewestweg,binnen bebouwde kom,Tss. 2 best.: langs opzij (voor-/achterkant-flank),Geen hindernis
43788,77,Leuven teller 2,Leuven,50.88672,4.70796,1.9613522413794413,50.86910071091243,4.706643342393342,2023,11,17,24062,Leuven,Normaal,Droog,Dag,met lichtgewonden,3,Fiets,3,Fiets,Buiten Kruispunt,Gewestweg,binnen bebouwde kom,Tss. 2 best.: langs opzij (voor-/achterkant-flank),Geen hindernis
43788,107,leuven totem,Leuven,50.8870744,4.7087919,2.0042600058306133,50.86910071091243,4.706643342393342,2023,11,17,24062,Leuven,Normaal,Droog,Dag,met lichtgewonden,3,Fiets,3,Fiets,Buiten Kruispunt,Gewestweg,binnen bebouwde kom,Tss. 2 best.: langs opzij (voor-/achterkant-flank),Geen hindernis
43789,76,Heverlee teller 2,Leuven,50.84606,4.69597,2.273175354446476,50.84780710970796,4.728229342368735,2023,11,17,24062,Leuven,Regenval,"Nat, plassen","Nacht, openbare verlichting aanwezig en ontstoken",met lichtgewonden,9,personenauto,3,Fiets,Buiten Kruispunt,Gemeenteweg,buiten bebouwde kom,Tussen 2 bestuurders: Frontale botsing,Geen hindernis
43789,108,Heverlee teller 1,Leuven,50.8471728,4.6954674,2.301199006382201,50.84780710970796,4.728229342368735,2023,11,17,24062,Leuven,Regenval,"Nat, plassen","Nacht, openbare verlichting aanwezig en ontstoken",met lichtgewonden,9,personenauto,3,Fiets,Buiten Kruispunt,Gemeenteweg,buiten bebouwde kom,Tussen 2 bestuurders: Frontale botsing,Geen hindernis
43790,151,Leuven,District Leuven,50.8690262,4.6854839,0.970062242949728,50.86035103711239,4.684023702092658,2023,11,8,24062,Leuven,Normaal,Onbekend,Dageraad - schemering,met lichtgewonden,3,Fiets,3,Fiets,Buiten Kruispunt,Gemeenteweg,binnen bebouwde kom,Tussen 2 bestuurders: Frontale botsing,Geen hindernis
43790,108,Heverlee teller 1,Leuven,50.8471728,4.6954674,1.671102126733846,50.86035103711239,4.684023702092658,2023,11,8,24062,Leuven,Normaal,Onbekend,Dageraad - schemering,met lichtgewonden,3,Fiets,3,Fiets,Buiten Kruispunt,Gemeenteweg,binnen bebouwde kom,Tussen 2 bestuurders: Frontale botsing,Geen hindernis