crash_row_id,site_id,site_name,site_gemeente,site_lat,site_long,distance_km,crash_lat,crash_long,DT_YEAR_COLLISION,DT_MONTH_COLLISION,DT_TIME,CD_NIS,TX_MUNTY_COLLISION_NL,TX_WEATHER_NL,TX_ROAD_CONDITION_NL,TX_LIGHT_CONDITION_NL,TX_CLASS_ACCIDENTS_NL,CD_ROAD_USR_TYPE1,TX_ROAD_USR_TYPE1_NL,CD_ROAD_USR_TYPE2,TX_ROAD_USR_TYPE2_NL,TX_CROSSWAY_NL,CD_ROAD_TYPE_NL,TX_BUILD_UP_AREA_NL,TX_COLLISION_TYPE_NL,TX_OBSTACLES_NL
43790,76,Heverlee teller 2,Leuven,50.84606,4.69597,1.7967966209742552,50.86035103711239,4.684023702092658,2023,11,8,24062,Leuven,Normaal,Onbekend,Dageraad - schemering,met lichtgewonden,3,Fiets,3,Fiets,Buiten Kruispunt,Gemeenteweg,binnen bebouwde kom,Tussen 2 bestuurders: Frontale botsing,Geen hindernis
43791,77,Leuven teller 2,Leuven,50.88672,4.70796,1.2136191411455375,50.88064500192198,4.6935878078525946,2023,11,14,24062,Leuven,Normaal,Droog,Dag,met lichtgewonden,1,Autobus,3,Fiets,Op Kruispunt,Gemeenteweg,binnen bebouwde kom,Tss. 2 best.: langs opzij (voor-/achterkant-flank),Geen hindernis
43791,107,leuven totem,Leuven,50.8870744,4.7087919,1.2840342632334802,50.88064500192198,4.6935878078525946,2023,11,14,24062,Leuven,Normaal,Droog,Dag,met lichtgewonden,1,Autobus,3,Fiets,Op Kruispunt,Gemeenteweg,binnen bebouwde kom,Tss. 2 best.: langs opzij (voor-/achterkant-flank),Geen hindernis
43791,151,Leuven,District Leuven,50.8690262,4.6854839,1.4115471689750345,50.88064500192198,4.6935878078525946,2023,11,14,24062,Leuven,Normaal,Droog,Dag,met lichtgewonden,1,Autobus,3,Fiets,Op Kruispunt,Gemeenteweg,binnen bebouwde kom,Tss. 2 best.: langs opzij (voor-/achterkant-flank),Geen hindernis
43791,69,Leuven teller 1,Leuven,50.87549,4.71526,1.6249979293590044,50.88064500192198,4.6935878078525946,2023,11,14,24062,Leuven,Normaal,Droog,Dag,met lichtgewonden,1,Autobus,3,Fiets,Op Kruispunt,Gemeenteweg,binnen bebouwde kom,Tss. 2 best.: langs opzij (voor-/achterkant-flank),Geen hindernis
43792,69,Leuven teller 1,Leuven,50.87549,4.71526,0.7308853172589648,50.869861214867186,4.709881160648892,2023,11,23,24062,Leuven,Onbekend,Onbekend,"Nacht, openbare verlichting aanwezig en ontstoken",met lichtgewonden,3,Fiets,9,personenauto,Op Kruispunt,Gewestweg,binnen bebouwde kom,Tussen 2 bestuurders: Flank tegen flank,Geen hindernis
43792,151,Leuven,District Leuven,50.8690262,4.6854839,1.7145682936151188,50.869861214867186,4.709881160648892,2023,11,23,24062,Leuven,Onbekend,Onbekend,"Nacht, openbare verlichting aanwezig en ontstoken",met lichtgewonden,3,Fiets,9,personenauto,Op Kruispunt,Gewestweg,binnen bebouwde kom,Tussen 2 bestuurders: Flank tegen flank,Geen hindernis
43792,77,Leuven teller 2,Leuven,50.88672,4.70796,1.879451015092489,50.869861214867186,4.709881160648892,2023,11,23,24062,Leuven,Onbekend,Onbekend,"Nacht, openbare verlichting aanwezig en ontstoken",met lichtgewonden,3,Fiets,9,personenauto,Op Kruispunt,Gewestweg,binnen bebouwde kom,Tussen 2 bestuurders: Flank tegen flank,Geen hindernis
43792,107,leuven totem,Leuven,50.8870744,4.7087919,1.9155439577748696,50.869861214867186,4.709881160648892,2023,11,23,24062,Leuven,Onbekend,Onbekend,"Nacht, openbare verlichting aanwezig en ontstoken",met lichtgewonden,3,Fiets,9,personenauto,Op Kruispunt,Gewestweg,binnen bebouwde kom,Tussen 2 bestuurders: Flank tegen flank,Geen hindernis
43793,151,Leuven,District Leuven,50.8690262,4.6854839,0.4885349218577215,50.872075206426956,4.6904964450945394,2023,11,14,24062,Leuven,Regenval,"Nat, plassen",Dag,met lichtgewonden,3,Fiets,9,personenauto,Op Kruispunt,Gewestweg,binnen bebouwde kom,Tss. 2 best.: langs opzij (voor-/achterkant-flank),Geen hindernis
43793,69,Leuven teller 1,Leuven,50.87549,4.71526,1.7785989407002316,50.872075206426956,4.6904964450945394,2023,11,14,24062,Leuven,Regenval,"Nat, plassen",Dag,met lichtgewonden,3,Fiets,9,personenauto,Op Kruispunt,Gewestweg,binnen bebouwde kom,Tss. 2 best.: langs opzij (voor-/achterkant-flank),Geen hindernis
43793,77,Leuven teller 2,Leuven,50.88672,4.70796,2.0378788425188907,50.872075206426956,4.6904964450945394,2023,11,14,24062,Leuven,Regenval,"Nat, plassen",Dag,met lichtgewonden,3,Fiets,9,personenauto,Op Kruispunt,Gewestweg,binnen bebouwde kom,Tss. 2 best.: langs opzij (voor-/achterkant-flank),Geen hindernis
43793,107,leuven totem,Leuven,50.8870744,4.7087919,2.1045813423703383,50.872075206426956,4.6904964450945394,2023,11,14,24062,Leuven,Regenval,"Nat, plassen",Dag,met lichtgewonden,3,Fiets,9,personenauto,Op Kruispunt,Gewestweg,binnen bebouwde kom,Tss. 2 best.: langs opzij (voor-/achterkant-flank),Geen hindernis
43794,69,Leuven teller 1,Leuven,50.87549,4.71526,0.8878660375077939,50.87215196669911,4.70376521488122,2023,11,17,24062,Leuven,Normaal,Droog,Dag,met lichtgewonden,9,personenauto,3,Fiets,Op Kruispunt,Gemeenteweg,binnen bebouwde kom,Tss. 2 best.: langs opzij (voor-/achterkant-flank),Geen hindernis
43794,151,Leuven,District Leuven,50.8690262,4.6854839,1.3290917426213065,50.87215196669911,4.70376521488122,2023,11,17,24062,Leuven,Normaal,Droog,Dag,met lichtgewonden,9,personenauto,3,Fiets,Op Kruispunt,Gemeenteweg,binnen bebouwde kom,Tss. 2 best.: langs opzij (voor-/achterkant-flank),Geen hindernis
43794,77,Leuven teller 2,Leuven,50.88672,4.70796,1.6464086815493386,50.87215196669911,4.70376521488122,2023,11,17,24062,Leuven,Normaal,Droog,Dag,met lichtgewonden,9,personenauto,3,Fiets,Op Kruispunt,Gemeenteweg,binnen bebouwde kom,Tss. 2 best.: langs opzij (voor-/achterkant-flank),Geen hindernis
43794,107,leuven totem,Leuven,50.8870744,4.7087919,1.696362482130641,50.87215196669911,4.70376521488122,2023,11,17,24062,Leuven,Normaal,Droog,Dag,met lichtgewonden,9,personenauto,3,Fiets,Op Kruispunt,Gemeenteweg,binnen bebouwde kom,Tss. 2 best.: langs opzij (voor-/achterkant-flank),Geen hindernis
43795,151,Leuven,District Leuven,50.8690262,4.6854839,0.5443098238304287,50.87303318537883,4.6899394675544555,2023,12,14,24062,Leuven,Normaal,Droog,Dag,met lichtgewonden,9,personenauto,3,Fiets,Buiten Kruispunt,Gewestweg,binnen bebouwde kom,Tss. 2 best.: langs opzij (voor-/achterkant-flank),Geen hindernis
43795,69,Leuven teller 1,Leuven,50.87549,4.71526,1.7975386562795643,50.87303318537883,4.6899394675544555,2023,12,14,24062,Leuven,Normaal,Droog,Dag,met lichtgewonden,9,personenauto,3,Fiets,Buiten Kruispunt,Gewestweg,binnen bebouwde kom,Tss. 2 best.: langs opzij (voor-/achterkant-flank),Geen hindernis
43795,77,Leuven teller 2,Leuven,50.88672,4.70796,1.9785397839855332,50.87303318537883,4.6899394675544555,2023,12,14,24062,Leuven,Normaal,Droog,Dag,met lichtgewonden,9,personenauto,3,Fiets,Buiten Kruispunt,Gewestweg,binnen bebouwde kom,Tss. 2 best.: langs opzij (voor-/achterkant-flank),Geen hindernis
43795,107,leuven totem,Leuven,50.8870744,4.7087919,2.046239029032955,50.87303318537883,4.6899394675544555,2023,12,14,24062,Leuven,Normaal,Droog,Dag,met lichtgewonden,9,personenauto,3,Fiets,Buiten Kruispunt,Gewestweg,binnen bebouwde kom,Tss. 2 best.: langs opzij (voor-/achterkant-flank),Geen hindernis
43796,151,Leuven,District Leuven,50.8690262,4.6854839,0.9253061890711244,50.86874814563609,4.698662270511511,2023,11,0,24062,Leuven,Normaal,Proper,"Nacht, openbare verlichting aanwezig en ontstoken",met lichtgewonden,9,personenauto,3,Fiets,Op Kruispunt,Gewestweg,binnen bebouwde kom,Tss. 2 best.: langs opzij (voor-/achterkant-flank),Geen hindernis
43796,69,Leuven teller 1,Leuven,50.87549,4.71526,1.3850728012313338,50.86874814563609,4.698662270511511,2023,11,0,24062,Leuven,Normaal,Proper,"Nacht, openbare verlichting aanwezig en ontstoken",met lichtgewonden,9,personenauto,3,Fiets,Op Kruispunt,Gewestweg,binnen bebouwde kom,Tss. 2 best.: langs opzij (voor-/achterkant-flank),Geen hindernis
43796,77,Leuven teller 2,Leuven,50.88672,4.70796,2.1021582710625024,50.86874814563609,4.698662270511511,2023,11,0,24062,Leuven,Normaal,Proper,"Nacht, openbare verlichting aanwezig en ontstoken",met lichtgewonden,9,personenauto,3,Fiets,Op Kruispunt,Gewestweg,binnen bebouwde kom,Tss. 2 best.: langs opzij (voor-/achterkant-flank),Geen hindernis
43796,107,leuven totem,Leuven,50.8870744,4.7087919,2.158165516731631,50.86874814563609,4.698662270511511,2023,11,0,24062,Leuven,Normaal,Proper,"Nacht, openbare verlichting aanwezig en ontstoken",met lichtgewonden,9,personenauto,3,Fiets,Op Kruispunt,Gewestweg,binnen bebouwde kom,Tss. 2 best.: langs opzij (voor-/achterkant-flank),Geen hindernis
43796,108,Heverlee teller 1,Leuven,50.8471728,4.6954674,2.4095271069772095,50.86874814563609,4.698662270511511,2023,11,0,24062,Leuven,Normaal,Proper,"Nacht, openbare verlichting aanwezig en ontstoken",met lichtgewonden,9,personenauto,3,Fiets,Op Kruispunt,Gewestweg,binnen bebouwde kom,Tss. 2 best.: langs opzij (voor-/achterkant-flank),Geen hindernis
43797,72,Herent teller 1,Herent,50.89135,4.64689,2.3533471894511666,50.903398770897134,4.674477385644492,2023,11,16,24038,Herent,Regenval,"Nat, plassen",Dag,met lichtgewonden,3,Fiets,6,Bromfiets,Op Kruispunt,Gewestweg,binnen bebouwde kom,Tss. 2 best.: langs opzij (voor-/achterkant-flank),Geen hindernis
43797,73,Herent teller 2,Herent,50.89128,4.64685,2.36009080464657,50.903398770897134,4.674477385644492,2023,11,16,24038,Herent,Regenval,"Nat, plassen",Dag,met lichtgewonden,3,Fiets,6,Bromfiets,Op Kruispunt,Gewestweg,binnen bebouwde kom,Tss. 2 best.: langs opzij (voor-/achterkant-flank),Geen hindernis
43799,73,Herent teller 2,Herent,50.89128,4.64685,0.42123239182501254,50.89249861096326,4.641163632034215,2023,11,17,24038,Herent,Normaal,Droog,Dageraad - schemering,met zwaargewonden,9,personenauto,3,Fiets,Op Kruispunt,Gewestweg,buiten bebouwde kom,Tss. 2 best.: langs opzij (voor-/achterkant-flank),Geen hindernis
43799,72,Herent teller 1,Herent,50.89135,4.64689,0.42146591074462136,50.89249861096326,4.641163632034215,2023,11,17,24038,Herent,Normaal,Droog,Dageraad - schemering,met zwaargewonden,9,personenauto,3,Fiets,Op Kruispunt,Gewestweg,buiten bebouwde kom,Tss. 2 best.: langs opzij (voor-/achterkant-flank),Geen hindernis
43804,70,Kampenhout teller 1,Kampenhout,50.95682,4.59318,2.3028478540771693,50.97681230719339,4.58459778980913,2023,11,16,24014,Boortmeerbeek,Normaal,Droog,Dag,met lichtgewonden,8,Voetganger,3,Fiets,Buiten Kruispunt,Gemeenteweg,buiten bebouwde kom,Met een voetganger,Geen hindernis
43804,71,Kampenhout teller 2,Kampenhout,50.95589,4.59164,2.3781481712470143,50.97681230719339,4.58459778980913,2023,11,16,24014,Boortmeerbeek,Normaal,Droog,Dag,met lichtgewonden,8,Voetganger,3,Fiets,Buiten Kruispunt,Gemeenteweg,buiten bebouwde kom,Met een voetganger,Geen hindernis
43805,87,Aarschot,Aarschot,50.99084,4.81259,0.9276264628241883,50.990279105489144,4.799366568681935,2023,11,15,24007,Begijnendijk,Regenval,"Nat, plassen",Dag,met lichtgewonden,2,Andere weggebruiker,3,Fiets,Buiten Kruispunt,Gewestweg,buiten bebouwde kom,Tss. 2 best.: langs opzij (voor-/achterkant-flank),Geen hindernis
43807,101,Diest teller 1,Diest,50.97799,5.04481,2.3618604550602305,50.99376190195447,5.067410484942925,2023,11,9,24020,Diest,Normaal,Droog,Dag,met lichtgewonden,9,personenauto,3,Fiets,Buiten Kruispunt,Gewestweg,binnen bebouwde kom,Tss. 2 best.: langs opzij (voor-/achterkant-flank),Geen hindernis
43807,102,Diest teller 2,Diest,50.9779,5.04474,2.3725763847489008,50.99376190195447,5.067410484942925,2023,11,9,24020,Diest,Normaal,Droog,Dag,met lichtgewonden,9,personenauto,3,Fiets,Buiten Kruispunt,Gewestweg,binnen bebouwde kom,Tss. 2 best.: langs opzij (voor-/achterkant-flank),Geen hindernis
43808,101,Diest teller 1,Diest,50.97799,5.04481,0.5436127694304572,50.97940340452388,5.052243269071265,2023,11,15,24020,Diest,Normaal,Droog,Dag,met lichtgewonden,9,personenauto,3,Fiets,Op Kruispunt,Gewestweg,binnen bebouwde kom,Tussen 2 bestuurders: Flank tegen flank,Geen hindernis
43808,102,Diest teller 2,Diest,50.9779,5.04474,0.5512583522733222,50.97940340452388,5.052243269071265,2023,11,15,24020,Diest,Normaal,Droog,Dag,met lichtgewonden,9,personenauto,3,Fiets,Op Kruispunt,Gewestweg,binnen bebouwde kom,Tussen 2 bestuurders: Flank tegen flank,Geen hindernis
43809,87,Aarschot,Aarschot,50.99084,4.81259,2.141410369013498,50.98557726832502,4.783160747755212,2023,11,15,24007,Begijnendijk,Regenval,"Nat, plassen",Dag,met lichtgewonden,3,Fiets,9,personenauto,Op Kruispunt,Gewestweg,buiten bebouwde kom,Tss. 2 best.: langs opzij (voor-/achterkant-flank),Geen hindernis
43811,12,Tervuren,Kraainem,50.81896,4.47803,1.7844113234007977,50.82860093814927,4.49833810251115,2023,11,8,23103,Wezembeek-Oppem,Normaal,"Nat, plassen",Dag,met lichtgewonden,9,personenauto,3,Fiets,Op Kruispunt,Gemeenteweg,binnen bebouwde kom,Tussen 2 bestuurders: Flank tegen flank,Geen hindernis
43813,145,Overijse,District Vilvoorde-gewestwegen,50.7885856,4.4908759,0.7685033068644329,50.79292295958426,4.482363967082851,2023,11,8,23062,Overijse,Normaal,Droog,Dag,met lichtgewonden,9,personenauto,3,Fiets,Op Kruispunt,Gewestweg,binnen bebouwde kom,Tss. 2 best.: langs opzij (voor-/achterkant-flank),Geen hindernis
43813,146,Overijse 2,District Vilvoorde-gewestwegen,50.7881478,4.4902818,0.7692192778313222,50.79292295958426,4.482363967082851,2023,11,8,23062,Overijse,Normaal,Droog,Dag,met lichtgewonden,9,personenauto,3,Fiets,Op Kruispunt,Gewestweg,binnen bebouwde kom,Tss. 2 best.: langs opzij (voor-/achterkant-flank),Geen hindernis
43813,147,Overijse,District Vilvoorde-gewestwegen,50.7797555,4.4975769,1.813141085626421,50.79292295958426,4.482363967082851,2023,11,8,23062,Overijse,Normaal,Droog,Dag,met lichtgewonden,9,personenauto,3,Fiets,Op Kruispunt,Gewestweg,binnen bebouwde kom,Tss. 2 best.: langs opzij (voor-/achterkant-flank),Geen hindernis
43814,78,Pepingen teller 1,Pepingen,50.75824,4.1652,0.49251327000550166,50.75927696890101,4.158392743231712,2023,11,17,23064,Pepingen,"Andere (dikke rook,...)",Droog,"Nacht, openbare verlichting aanwezig en ontstoken",met zwaargewonden,3,Fiets,3,Fiets,Buiten Kruispunt,Gewestweg,buiten bebouwde kom,Tussen 2 bestuurders: Frontale botsing,Geen hindernis
43814,79,Pepingen teller 2,Pepingen,50.75848,4.16537,0.49871881977512567,50.75927696890101,4.158392743231712,2023,11,17,23064,Pepingen,"Andere (dikke rook,...)",Droog,"Nacht, openbare verlichting aanwezig en ontstoken",met zwaargewonden,3,Fiets,3,Fiets,Buiten Kruispunt,Gewestweg,buiten bebouwde kom,Tussen 2 bestuurders: Frontale botsing,Geen hindernis
43818,152,Opwijk,District Vilvoorde-gewestwegen,50.968901168564656,4.149169474840164,0.2850160768960201,50.97144109097941,4.148622029645632,2023,11,11,23060,Opwijk,Normaal,"Vuil (zand, grint, bladeren,...)",Dag,met lichtgewonden,5,Lichte vrachtauto,3,Fiets,Op Kruispunt,Gemeenteweg,binnen bebouwde kom,Tss. 2 best.: langs opzij (voor-/achterkant-flank),Geen hindernis
43819,80,Wemmel teller 1,Wemmel,50.91418,4.29571,2.0137500476470414,50.90208741676947,4.317089653506757,2023,11,17,23102,Wemmel,Regenval,"Nat, plassen","Nacht, openbare verlichting aanwezig en ontstoken",met lichtgewonden,9,personenauto,3,Fiets,Buiten Kruispunt,Gemeenteweg,buiten bebouwde kom,Tss. 2 best.: langs opzij (voor-/achterkant-flank),Geen hindernis
43819,81,Wemmel teller 2,Wemmel,50.91439,4.29568,2.03096826848761,50.90208741676947,4.317089653506757,2023,11,17,23102,Wemmel,Regenval,"Nat, plassen","Nacht, openbare verlichting aanwezig en ontstoken",met lichtgewonden,9,personenauto,3,Fiets,Buiten Kruispunt,Gemeenteweg,buiten bebouwde kom,Tss. 2 best.: langs opzij (voor-/achterkant-flank),Geen hindernis
43820,152,Opwijk,District Vilvoorde-gewestwegen,50.968901168564656,4.149169474840164,2.091623941841263,50.952070596588285,4.162506228079929,2023,11,2,23060,Opwijk,Regenval,"Nat, plassen","Nacht, openbare verlichting aanwezig en ontstoken",met lichtgewonden,3,Fiets,3,Fiets,Op Kruispunt,Gewestweg,binnen bebouwde kom,Tussen 2 bestuurders: Frontale botsing,Geen hindernis
43823,80,Wemmel teller 1,Wemmel,50.91418,4.29571,1.6483245364651025,50.90386204598513,4.312589534245657,2023,11,12,23102,Wemmel,Onbekend,Onbekend,Dag,met lichtgewonden,9,personenauto,3,Fiets,Op Kruispunt,Gemeenteweg,binnen bebouwde kom,Tss. 2 best.: langs opzij (voor-/achterkant-flank),Geen hindernis
43823,81,Wemmel teller 2,Wemmel,50.91439,4.29568,1.6661564107285798,50.90386204598513,4.312589534245657,2023,11,12,23102,Wemmel,Onbekend,Onbekend,Dag,met lichtgewonden,9,personenauto,3,Fiets,Op Kruispunt,Gemeenteweg,binnen bebouwde kom,Tss. 2 best.: langs opzij (voor-/achterkant-flank),Geen hindernis
43826,149,Machelen,,50.88297881,4.43356644,1.152189538387047,50.89301259627595,4.429465757333078,2023,11,17,23047,Machelen,Onbekend,Onbekend,Onbekend,met lichtgewonden,3,Fiets,9,personenauto,Op Kruispunt,Gewestweg,buiten bebouwde kom,Tss. 2 best.: langs opzij (voor-/achterkant-flank),Geen hindernis
43826,111,Zaventem totem,Zaventem,50.8871216,4.4597084,2.220142352285418,50.89301259627595,4.429465757333078,2023,11,17,23047,Machelen,Onbekend,Onbekend,Onbekend,met lichtgewonden,3,Fiets,9,personenauto,Op Kruispunt,Gewestweg,buiten bebouwde kom,Tss. 2 best.: langs opzij (voor-/achterkant-flank),Geen hindernis
43828,47,Vilvoorde,Vilvoorde,50.91372,4.41497,1.4661427526290227,50.92268253082569,4.430310173811065,2023,11,8,23088,Vilvoorde,Regenval,"Nat, plassen",Dag,met lichtgewonden,9,personenauto,3,Fiets,Buiten Kruispunt,Gemeenteweg,binnen bebouwde kom,Tussen 2 bestuurders: Flank tegen flank,Geen hindernis
43828,1,Machelen,Machelen,50.91618331151478,4.456121776137429,1.9483447836819834,50.92268253082569,4.430310173811065,2023,11,8,23088,Vilvoorde,Regenval,"Nat, plassen",Dag,met lichtgewonden,9,personenauto,3,Fiets,Buiten Kruispunt,Gemeenteweg,binnen bebouwde kom,Tussen 2 bestuurders: Flank tegen flank,Geen hindernis
43829,47,Vilvoorde,Vilvoorde,50.91372,4.41497,0.39875192458872394,50.91728381757066,4.415602558254397,2023,11,9,23088,Vilvoorde,Normaal,"Nat, plassen",Dag,met lichtgewonden,3,Fiets,10,"één bestuurder, geen hindernis",Op Kruispunt,Gemeenteweg,buiten bebouwde kom,"Eén bestuurder, geen hindernis (incl. val)",Geen hindernis
43830,47,Vilvoorde,Vilvoorde,50.91372,4.41497,1.339457765156683,50.92532902715847,4.42007013525377,2023,11,12,23088,Vilvoorde,Normaal,Droog,Dag,met lichtgewonden,6,Bromfiets,3,Fiets,Buiten Kruispunt,Gewestweg,binnen bebouwde kom,Tussen 2 bestuurders: Flank tegen flank,Geen hindernis
43831,149,Machelen,,50.88297881,4.43356644,1.4961748135278647,50.89635677134165,4.435851931531894,2023,11,8,23047,Machelen,Onbekend,Onbekend,Onbekend,met lichtgewonden,9,personenauto,3,Fiets,Buiten Kruispunt,Gemeenteweg,binnen bebouwde kom,Tss. 2 best.: langs opzij (voor-/achterkant-flank),Geen hindernis
43831,111,Zaventem totem,Zaventem,50.8871216,4.4597084,1.9632808872763736,50.89635677134165,4.435851931531894,2023,11,8,23047,Machelen,Onbekend,Onbekend,Onbekend,met lichtgewonden,9,personenauto,3,Fiets,Buiten Kruispunt,Gemeenteweg,binnen bebouwde kom,Tss. 2 best.: langs opzij (voor-/achterkant-flank),Geen hindernis
43831,47,Vilvoorde,Vilvoorde,50.91372,4.41497,2.423146231714098,50.89635677134165,4.435851931531894,2023,11,8,23047,Machelen,Onbekend,Onbekend,Onbekend,met lichtgewonden,9,personenauto,3,Fiets,Buiten Kruispunt,Gemeenteweg,binnen bebouwde kom,Tss. 2 best.: langs opzij (voor-/achterkant-flank),Geen hindernis
43832,47,Vilvoorde,Vilvoorde,50.91372,4.41497,1.4195349574059473,50.9264117077346,4.417154252798161,2023,11,8,23088,Vilvoorde,Normaal,"Ijzel, sneeuw",Dageraad - schemering,met lichtgewonden,3,Fiets,11,een weggebruiker tegen een hindernis,Op Kruispunt,Gemeenteweg,binnen bebouwde kom,Weggebruiker tegen hindernis buiten rijbaan,Andere hindernis
43833,71,Kampenhout teller 2,Kampenhout,50.95589,4.59164,0.6032194242717571,50.95993034618637,4.585892853496325,2023,11,10,23038,Kampenhout,Regenval,"Nat, plassen",Dag,met lichtgewonden,3,Fiets,9,personenauto,Op Kruispunt,Gewestweg,binnen bebouwde kom,Tss. 2 best.: langs opzij (voor-/achterkant-flank),Geen hindernis
43833,70,Kampenhout teller 1,Kampenhout,50.95682,4.59318,0.6165348175754157,50.95993034618637,4.585892853496325,2023,11,10,23038,Kampenhout,Regenval,"Nat, plassen",Dag,met lichtgewonden,3,Fiets,9,personenauto,Op Kruispunt,Gewestweg,binnen bebouwde kom,Tss. 2 best.: langs opzij (voor-/achterkant-flank),Geen hindernis
43836,136,Gent R4,Gent,51.0876313,3.7587918,0.44736915903675595,51.09149565779109,3.7605743598565127,2023,11,12,44021,Gent,Onbekend,Onbekend,Dag,met lichtgewonden,3,Fiets,3,Fiets,Buiten Kruispunt,Gemeenteweg,binnen bebouwde kom,Tss. 2 best.: langs opzij (voor-/achterkant-flank),Geen hindernis
43838,118,Gent teller 1,Gent,51.028049,3.7681359,1.3892154219746886,51.03078942369322,3.7487546875119806,2023,11,16,44021,Gent,Normaal,Droog,Dag,met lichtgewonden,9,personenauto,3,Fiets,Op Kruispunt,Gemeenteweg,binnen bebouwde kom,Tss. 2 best.: langs opzij (voor-/achterkant-flank),Geen hindernis
43838,119,Gent teller 2,Gent,51.0281795,3.7683918,1.4036070735866184,51.03078942369322,3.7487546875119806,2023,11,16,44021,Gent,Normaal,Droog,Dag,met lichtgewonden,9,personenauto,3,Fiets,Op Kruispunt,Gemeenteweg,binnen bebouwde kom,Tss. 2 best.: langs opzij (voor-/achterkant-flank),Geen hindernis
43844,118,Gent teller 1,Gent,51.028049,3.7681359,2.4477781257035516,51.04352738373784,3.7432441917411423,2023,11,16,44021,Gent,Normaal,Droog,Dag,met lichtgewonden,3,Fiets,3,Fiets,Op Kruispunt,Gemeenteweg,binnen bebouwde kom,Tussen 2 bestuurders: Flank tegen flank,Geen hindernis
43844,119,Gent teller 2,Gent,51.0281795,3.7683918,2.450403399401816,51.04352738373784,3.7432441917411423,2023,11,16,44021,Gent,Normaal,Droog,Dag,met lichtgewonden,3,Fiets,3,Fiets,Op Kruispunt,Gemeenteweg,binnen bebouwde kom,Tussen 2 bestuurders: Flank tegen flank,Geen hindernis
43847,118,Gent teller 1,Gent,51.028049,3.7681359,1.980371879801555,51.03909860826775,3.7459247871596117,2023,11,16,44021,Gent,Regenval,"Nat, plassen",Dageraad - schemering,met lichtgewonden,3,Fiets,3,Fiets,Buiten Kruispunt,Gewestweg,binnen bebouwde kom,Tss. 2 best.: langs opzij (voor-/achterkant-flank),Geen hindernis
43847,119,Gent teller 2,Gent,51.0281795,3.7683918,1.9855284611931694,51.03909860826775,3.7459247871596117,2023,11,16,44021,Gent,Regenval,"Nat, plassen",Dageraad - schemering,met lichtgewonden,3,Fiets,3,Fiets,Buiten Kruispunt,Gewestweg,binnen bebouwde kom,Tss. 2 best.: langs opzij (voor-/achterkant-flank),Geen hindernis
43848,119,Gent teller 2,Gent,51.0281795,3.7683918,1.9219254525861005,51.043438212891914,3.7554805913195035,2023,11,15,44021,Gent,Normaal,Proper,Dag,met lichtgewonden,9,personenauto,3,Fiets,Op Kruispunt,Gemeenteweg,binnen bebouwde kom,Tussen 2 bestuurders: Frontale botsing,Geen hindernis
43848,118,Gent teller 1,Gent,51.028049,3.7681359,1.926464006834274,51.043438212891914,3.7554805913195035,2023,11,15,44021,Gent,Normaal,Proper,Dag,met lichtgewonden,9,personenauto,3,Fiets,Op Kruispunt,Gemeenteweg,binnen bebouwde kom,Tussen 2 bestuurders: Frontale botsing,Geen hindernis
43849,13,Gent,Gent,51.03018,3.70146,1.8789380350721385,51.0395662246406,3.723804075969206,2023,11,13,44021,Gent,Onbekend,Onbekend,Dag,met lichtgewonden,3,Fiets,6,Bromfiets,Buiten Kruispunt,Gewestweg,binnen bebouwde kom,Tussen 2 bestuurders: Flank tegen flank,Geen hindernis
43850,13,Gent,Gent,51.03018,3.70146,2.4257704052512907,51.04004451555331,3.7324021893096564,2023,11,19,44021,Gent,Normaal,Droog,"Nacht, openbare verlichting aanwezig en ontstoken",met lichtgewonden,9,personenauto,3,Fiets,Op Kruispunt,Gemeenteweg,binnen bebouwde kom,Tss. 2 best.: langs opzij (voor-/achterkant-flank),Geen hindernis
43853,13,Gent,Gent,51.03018,3.70146,2.336451524245753,51.035751193962895,3.7336766411235844,2023,11,17,44021,Gent,Onbekend,Onbekend,Onbekend,met lichtgewonden,3,Fiets,6,Bromfiets,Buiten Kruispunt,Gemeenteweg,onbekend,Tussen 2 bestuurders: Frontale botsing,Geen hindernis
43854,118,Gent teller 1,Gent,51.028049,3.7681359,1.7268188272095428,51.03376324948034,3.745174998356141,2023,11,17,44021,Gent,Normaal,Droog,Dag,met lichtgewonden,3,Fiets,6,Bromfiets,Buiten Kruispunt,Gemeenteweg,binnen bebouwde kom,Tss. 2 best.: langs opzij (voor-/achterkant-flank),Geen hindernis
43854,119,Gent teller 2,Gent,51.0281795,3.7683918,1.7382330057562159,51.03376324948034,3.745174998356141,2023,11,17,44021,Gent,Normaal,Droog,Dag,met lichtgewonden,3,Fiets,6,Bromfiets,Buiten Kruispunt,Gemeenteweg,binnen bebouwde kom,Tss. 2 best.: langs opzij (voor-/achterkant-flank),Geen hindernis
43855,13,Gent,Gent,51.03018,3.70146,2.090528836561038,51.0247623090493,3.7300841044816297,2023,11,9,44021,Gent,Onbekend,Onbekend,Dag,met lichtgewonden,3,Fiets,3,Fiets,Buiten Kruispunt,Gemeenteweg,binnen bebouwde kom,Tussen 2 bestuurders: Frontale botsing,Geen hindernis