crash_row_id,site_id,site_name,site_gemeente,site_lat,site_long,distance_km,crash_lat,crash_long,DT_YEAR_COLLISION,DT_MONTH_COLLISION,DT_TIME,CD_NIS,TX_MUNTY_COLLISION_NL,TX_WEATHER_NL,TX_ROAD_CONDITION_NL,TX_LIGHT_CONDITION_NL,TX_CLASS_ACCIDENTS_NL,CD_ROAD_USR_TYPE1,TX_ROAD_USR_TYPE1_NL,CD_ROAD_USR_TYPE2,TX_ROAD_USR_TYPE2_NL,TX_CROSSWAY_NL,CD_ROAD_TYPE_NL,TX_BUILD_UP_AREA_NL,TX_COLLISION_TYPE_NL,TX_OBSTACLES_NL
43856,13,Gent,Gent,51.03018,3.70146,2.3345241897960123,51.00995181583363,3.710397126648994,2023,11,17,44021,Gent,Normaal,Droog,"Nacht, openbare verlichting aanwezig en ontstoken",met lichtgewonden,9,personenauto,3,Fiets,Buiten Kruispunt,Gemeenteweg,binnen bebouwde kom,Tss. 2 best.: langs opzij (voor-/achterkant-flank),Geen hindernis
43858,136,Gent R4,Gent,51.0876313,3.7587918,2.3542219087099827,51.08833647828115,3.725103860297156,2023,11,6,44021,Gent,Normaal,Droog,"Nacht, openbare verlichting aanwezig en ontstoken",met lichtgewonden,3,Fiets,11,een weggebruiker tegen een hindernis,Buiten Kruispunt,Gemeenteweg,buiten bebouwde kom,Weggebruiker tegen hindernis buiten rijbaan,Buiten de rijbaan: Andere paal
43860,13,Gent,Gent,51.03018,3.70146,2.0942752960046023,51.044016271564416,3.7217813203035965,2023,11,16,44021,Gent,Regenval,"Nat, plassen",Dag,met lichtgewonden,3,Fiets,10,"één bestuurder, geen hindernis",Buiten Kruispunt,Gemeenteweg,binnen bebouwde kom,"Eén bestuurder, geen hindernis (incl. val)",Geen hindernis
43861,13,Gent,Gent,51.03018,3.70146,0.3506130912392759,51.02705029090982,3.702070045740561,2023,11,13,44021,Gent,Onbekend,Onbekend,Dag,met zwaargewonden,3,Fiets,9,personenauto,Buiten Kruispunt,Gemeenteweg,binnen bebouwde kom,Tss. 2 best.: langs opzij (voor-/achterkant-flank),Geen hindernis
43864,13,Gent,Gent,51.03018,3.70146,1.8913831155537528,51.03472029395681,3.7275261144875786,2023,11,17,44021,Gent,Normaal,Droog,Dag,met zwaargewonden,9,personenauto,3,Fiets,Op Kruispunt,Gemeenteweg,binnen bebouwde kom,Tss. 2 best.: langs opzij (voor-/achterkant-flank),Geen hindernis
43866,13,Gent,Gent,51.03018,3.70146,2.438210626466171,51.04017494544132,3.7324962218807536,2023,10,8,44021,Gent,Onbekend,Onbekend,Dag,met lichtgewonden,3,Fiets,9,personenauto,Op Kruispunt,Gemeenteweg,binnen bebouwde kom,Tss. 2 best.: langs opzij (voor-/achterkant-flank),Geen hindernis
43867,13,Gent,Gent,51.03018,3.70146,1.9645253784276755,51.01482194198403,3.7153437752575456,2023,11,7,44021,Gent,Normaal,Droog,Dag,met zwaargewonden,3,Fiets,3,Fiets,Buiten Kruispunt,Autosnelweg,buiten bebouwde kom,Tussen 2 bestuurders: Frontale botsing,Geen hindernis
43868,13,Gent,Gent,51.03018,3.70146,1.148488987588008,51.038771783657154,3.710575790448456,2023,11,17,44021,Gent,Normaal,Droog,"Nacht, openbare verlichting aanwezig en ontstoken",met lichtgewonden,5,Lichte vrachtauto,3,Fiets,Buiten Kruispunt,Gewestweg,binnen bebouwde kom,Tussen 2 bestuurders: Flank tegen flank,Geen hindernis
43869,13,Gent,Gent,51.03018,3.70146,1.9349458113027544,51.02530622763272,3.7280202758935617,2023,11,14,44021,Gent,Normaal,Droog,Dag,met lichtgewonden,9,personenauto,3,Fiets,Buiten Kruispunt,Gemeenteweg,binnen bebouwde kom,Tussen 2 bestuurders: Frontale botsing,Geen hindernis
43871,118,Gent teller 1,Gent,51.028049,3.7681359,0.4546336113049945,51.02418916457432,3.765991894623902,2023,11,8,44021,Gent,Normaal,Droog,Dag,met lichtgewonden,9,personenauto,3,Fiets,Op Kruispunt,Gemeenteweg,binnen bebouwde kom,Tussen 2 bestuurders: Frontale botsing,Geen hindernis
43871,119,Gent teller 2,Gent,51.0281795,3.7683918,0.4743898887315051,51.02418916457432,3.765991894623902,2023,11,8,44021,Gent,Normaal,Droog,Dag,met lichtgewonden,9,personenauto,3,Fiets,Op Kruispunt,Gemeenteweg,binnen bebouwde kom,Tussen 2 bestuurders: Frontale botsing,Geen hindernis
43872,119,Gent teller 2,Gent,51.0281795,3.7683918,1.6812206374731065,51.040511048593736,3.754480143267445,2023,11,8,44021,Gent,"Andere (dikke rook,...)",Droog,Dag,met lichtgewonden,9,personenauto,3,Fiets,Op Kruispunt,Gemeenteweg,binnen bebouwde kom,Tss. 2 best.: langs opzij (voor-/achterkant-flank),Geen hindernis
43872,118,Gent teller 1,Gent,51.028049,3.7681359,1.6828599134477633,51.040511048593736,3.754480143267445,2023,11,8,44021,Gent,"Andere (dikke rook,...)",Droog,Dag,met lichtgewonden,9,personenauto,3,Fiets,Op Kruispunt,Gemeenteweg,binnen bebouwde kom,Tss. 2 best.: langs opzij (voor-/achterkant-flank),Geen hindernis
43873,13,Gent,Gent,51.03018,3.70146,0.5763239285952438,51.031382093952296,3.7094766252661078,2023,11,15,44021,Gent,Onbekend,Onbekend,Dag,met lichtgewonden,3,Fiets,8,Voetganger,Buiten Kruispunt,Gemeenteweg,binnen bebouwde kom,Met een voetganger,Geen hindernis
43876,13,Gent,Gent,51.03018,3.70146,2.0176048484066507,51.03163015926325,3.730219233727334,2023,11,12,44021,Gent,Normaal,Droog,Dag,met lichtgewonden,3,Fiets,9,personenauto,Op Kruispunt,Gemeenteweg,binnen bebouwde kom,Tss. 2 best.: langs opzij (voor-/achterkant-flank),Geen hindernis
43877,13,Gent,Gent,51.03018,3.70146,2.099953066616305,51.01441543907008,3.7179917519168706,2023,11,14,44021,Gent,Normaal,Droog,Dag,met lichtgewonden,3,Fiets,5,Lichte vrachtauto,Op Kruispunt,Gemeenteweg,binnen bebouwde kom,Tss. 2 best.: langs opzij (voor-/achterkant-flank),Geen hindernis
43878,13,Gent,Gent,51.03018,3.70146,1.7870459908968395,51.042472111327655,3.7179244171283665,2023,12,11,44021,Gent,Normaal,Onbekend,Dag,met lichtgewonden,9,personenauto,3,Fiets,Op Kruispunt,Gewestweg,binnen bebouwde kom,Tss. 2 best.: langs opzij (voor-/achterkant-flank),Geen hindernis
43880,13,Gent,Gent,51.03018,3.70146,1.089362332492131,51.02200278277367,3.7100384147404006,2023,11,7,44021,Gent,Normaal,"Nat, plassen",Dag,met lichtgewonden,3,Fiets,3,Fiets,Buiten Kruispunt,Gemeenteweg,binnen bebouwde kom,Tussen 2 bestuurders: Frontale botsing,Geen hindernis
43881,119,Gent teller 2,Gent,51.0281795,3.7683918,0.09474795858506622,51.02754834394533,3.769301976635441,2023,11,18,44021,Gent,Normaal,Droog,"Nacht, openbare verlichting aanwezig en ontstoken",met lichtgewonden,9,personenauto,3,Fiets,Buiten Kruispunt,Gewestweg,buiten bebouwde kom,Tss. 2 best.: langs opzij (voor-/achterkant-flank),Geen hindernis
43881,118,Gent teller 1,Gent,51.028049,3.7681359,0.0987399830124263,51.02754834394533,3.769301976635441,2023,11,18,44021,Gent,Normaal,Droog,"Nacht, openbare verlichting aanwezig en ontstoken",met lichtgewonden,9,personenauto,3,Fiets,Buiten Kruispunt,Gewestweg,buiten bebouwde kom,Tss. 2 best.: langs opzij (voor-/achterkant-flank),Geen hindernis
43882,13,Gent,Gent,51.03018,3.70146,2.208699016386363,51.03849325507269,3.7301470429015153,2023,11,20,44021,Gent,Normaal,Droog,"Nacht, openbare verlichting aanwezig en ontstoken",met lichtgewonden,6,Bromfiets,3,Fiets,Op Kruispunt,Gewestweg,binnen bebouwde kom,Tss. 2 best.: langs opzij (voor-/achterkant-flank),Geen hindernis
43883,13,Gent,Gent,51.03018,3.70146,2.1968456479993193,51.04874210093894,3.712220099668632,2023,11,0,44021,Gent,Normaal,Droog,"Nacht, openbare verlichting aanwezig en ontstoken",met zwaargewonden,3,Fiets,3,Fiets,Buiten Kruispunt,Gemeenteweg,binnen bebouwde kom,Tussen 2 bestuurders: Frontale botsing,Geen hindernis
43930,128,Lokeren teller 1,Lokeren,51.09644,3.97023,1.6421825893031565,51.10640529195147,3.987587632012182,2023,11,21,46014,Lokeren,Normaal,Droog,"Nacht, openbare verlichting aanwezig en ontstoken",met zwaargewonden,3,Fiets,11,een weggebruiker tegen een hindernis,Buiten Kruispunt,Gemeenteweg,binnen bebouwde kom,Weggebruiker tegen hindernis buiten rijbaan,Buiten de rijbaan: Andere paal
43930,129,Lokeren teller 2,Lokeren,51.09612,3.97025,1.6653869745455308,51.10640529195147,3.987587632012182,2023,11,21,46014,Lokeren,Normaal,Droog,"Nacht, openbare verlichting aanwezig en ontstoken",met zwaargewonden,3,Fiets,11,een weggebruiker tegen een hindernis,Buiten Kruispunt,Gemeenteweg,binnen bebouwde kom,Weggebruiker tegen hindernis buiten rijbaan,Buiten de rijbaan: Andere paal
43932,141,Test site A support,Lokeren,51.08342085,3.9961071208376326,1.6744693942584608,51.096416974075716,4.008218640177775,2023,11,12,46014,Lokeren,Normaal,"Nat, plassen",Dag,met lichtgewonden,9,personenauto,3,Fiets,Op Kruispunt,Gewestweg,binnen bebouwde kom,Tss. 2 best.: langs opzij (voor-/achterkant-flank),Geen hindernis
43933,128,Lokeren teller 1,Lokeren,51.09644,3.97023,1.2788507542511003,51.10770607766317,3.9739128460975333,2023,11,10,46014,Lokeren,Normaal,Droog,Dag,met lichtgewonden,3,Fiets,3,Fiets,Buiten Kruispunt,Gemeenteweg,binnen bebouwde kom,Tussen 2 bestuurders: Frontale botsing,Geen hindernis
43933,129,Lokeren teller 2,Lokeren,51.09612,3.97025,1.3134533999406652,51.10770607766317,3.9739128460975333,2023,11,10,46014,Lokeren,Normaal,Droog,Dag,met lichtgewonden,3,Fiets,3,Fiets,Buiten Kruispunt,Gemeenteweg,binnen bebouwde kom,Tussen 2 bestuurders: Frontale botsing,Geen hindernis
43934,141,Test site A support,Lokeren,51.08342085,3.9961071208376326,1.0460086109942583,51.089803007571795,4.007109065106562,2023,11,8,46014,Lokeren,Normaal,Droog,Dag,met lichtgewonden,9,personenauto,3,Fiets,Op Kruispunt,Gemeenteweg,buiten bebouwde kom,Tss. 2 best.: langs opzij (voor-/achterkant-flank),Geen hindernis
43935,128,Lokeren teller 1,Lokeren,51.09644,3.97023,1.557576204706352,51.10186560074553,3.990794826916943,2023,11,10,46014,Lokeren,Regenval,"Nat, plassen",Dag,met lichtgewonden,9,personenauto,3,Fiets,Buiten Kruispunt,Gemeenteweg,binnen bebouwde kom,Tss. 2 best.: langs opzij (voor-/achterkant-flank),Geen hindernis
43935,129,Lokeren teller 2,Lokeren,51.09612,3.97025,1.5704294643169234,51.10186560074553,3.990794826916943,2023,11,10,46014,Lokeren,Regenval,"Nat, plassen",Dag,met lichtgewonden,9,personenauto,3,Fiets,Buiten Kruispunt,Gemeenteweg,binnen bebouwde kom,Tss. 2 best.: langs opzij (voor-/achterkant-flank),Geen hindernis
43935,141,Test site A support,Lokeren,51.08342085,3.9961071208376326,2.084247275132659,51.10186560074553,3.990794826916943,2023,11,10,46014,Lokeren,Regenval,"Nat, plassen",Dag,met lichtgewonden,9,personenauto,3,Fiets,Buiten Kruispunt,Gemeenteweg,binnen bebouwde kom,Tss. 2 best.: langs opzij (voor-/achterkant-flank),Geen hindernis
43938,126,Hamme totem,Hamme,51.1017709,4.1469307,1.0948594420612068,51.09481315928595,4.135836447905027,2023,11,22,42008,Hamme,Normaal,Droog,"Nacht, openbare verlichting aanwezig en ontstoken",met lichtgewonden,3,Fiets,6,Bromfiets,Op Kruispunt,Gemeenteweg,binnen bebouwde kom,Tussen 2 bestuurders: Flank tegen flank,Geen hindernis
43941,120,Zele teller 1,Zele,51.0607671,4.0547741,1.0280643920072168,51.068368886997135,4.046400224293306,2023,11,17,42028,Zele,Normaal,Droog,"Nacht, openbare verlichting aanwezig en ontstoken",met lichtgewonden,9,personenauto,3,Fiets,Op Kruispunt,Gemeenteweg,binnen bebouwde kom,Tussen 2 bestuurders: Frontale botsing,Geen hindernis
43941,121,Zele teller 2,Zele,51.0604067,4.0556696,1.097007897614215,51.068368886997135,4.046400224293306,2023,11,17,42028,Zele,Normaal,Droog,"Nacht, openbare verlichting aanwezig en ontstoken",met lichtgewonden,9,personenauto,3,Fiets,Op Kruispunt,Gemeenteweg,binnen bebouwde kom,Tussen 2 bestuurders: Frontale botsing,Geen hindernis
43943,120,Zele teller 1,Zele,51.0607671,4.0547741,1.6408084235728166,51.07212217542568,4.0397782114527505,2023,11,18,42028,Zele,Regenval,"Nat, plassen","Nacht, openbare verlichting aanwezig en ontstoken",met lichtgewonden,9,personenauto,3,Fiets,Op Kruispunt,Gemeenteweg,binnen bebouwde kom,Tss. 2 best.: langs opzij (voor-/achterkant-flank),Geen hindernis
43943,121,Zele teller 2,Zele,51.0604067,4.0556696,1.711760019077018,51.07212217542568,4.0397782114527505,2023,11,18,42028,Zele,Regenval,"Nat, plassen","Nacht, openbare verlichting aanwezig en ontstoken",met lichtgewonden,9,personenauto,3,Fiets,Op Kruispunt,Gemeenteweg,binnen bebouwde kom,Tss. 2 best.: langs opzij (voor-/achterkant-flank),Geen hindernis
43944,141,Test site A support,Lokeren,51.08342085,3.9961071208376326,2.337349603941369,51.0625765289226,4.00042682400741,2023,11,21,42028,Zele,Regenval,"Nat, plassen","Nacht, openbare verlichting aanwezig en ontstoken",met lichtgewonden,3,Fiets,10,"één bestuurder, geen hindernis",Buiten Kruispunt,Gemeenteweg,binnen bebouwde kom,"Eén bestuurder, geen hindernis (incl. val)",Geen hindernis
43945,141,Test site A support,Lokeren,51.08342085,3.9961071208376326,1.916957419228164,51.066685379138065,3.989520114065233,2023,11,15,42028,Zele,Normaal,"Nat, plassen",Dag,met lichtgewonden,5,Lichte vrachtauto,3,Fiets,Buiten Kruispunt,Gemeenteweg,binnen bebouwde kom,Tussen 2 bestuurders: Flank tegen flank,Geen hindernis
43946,120,Zele teller 1,Zele,51.0607671,4.0547741,1.327758389577068,51.06903619578252,4.0410667484923275,2023,11,23,42028,Zele,Normaal,Droog,"Nacht, openbare verlichting aanwezig en ontstoken",met lichtgewonden,3,Fiets,10,"één bestuurder, geen hindernis",Buiten Kruispunt,Gemeenteweg,binnen bebouwde kom,"Eén bestuurder, geen hindernis (incl. val)",Geen hindernis
43946,121,Zele teller 2,Zele,51.0604067,4.0556696,1.400731226269504,51.06903619578252,4.0410667484923275,2023,11,23,42028,Zele,Normaal,Droog,"Nacht, openbare verlichting aanwezig en ontstoken",met lichtgewonden,3,Fiets,10,"één bestuurder, geen hindernis",Buiten Kruispunt,Gemeenteweg,binnen bebouwde kom,"Eén bestuurder, geen hindernis (incl. val)",Geen hindernis
43948,120,Zele teller 1,Zele,51.0607671,4.0547741,1.1995616391917083,51.06824710621019,4.042404541853948,2023,11,20,42028,Zele,Regenval,"Nat, plassen","Nacht, openbare verlichting aanwezig en ontstoken",met lichtgewonden,5,Lichte vrachtauto,3,Fiets,Op Kruispunt,Gemeenteweg,binnen bebouwde kom,Tss. 2 best.: langs opzij (voor-/achterkant-flank),Geen hindernis
43948,121,Zele teller 2,Zele,51.0604067,4.0556696,1.2725257707499074,51.06824710621019,4.042404541853948,2023,11,20,42028,Zele,Regenval,"Nat, plassen","Nacht, openbare verlichting aanwezig en ontstoken",met lichtgewonden,5,Lichte vrachtauto,3,Fiets,Op Kruispunt,Gemeenteweg,binnen bebouwde kom,Tss. 2 best.: langs opzij (voor-/achterkant-flank),Geen hindernis
43958,11,Aalst 3,Aalst,50.93385,4.01647,2.009967184539964,50.93408977977743,4.045149834600992,2023,11,20,41002,Aalst,Regenval,"Nat, plassen","Nacht, openbare verlichting aanwezig en ontstoken",met lichtgewonden,9,personenauto,3,Fiets,Op Kruispunt,Gewestweg,binnen bebouwde kom,Tss. 2 best.: langs opzij (voor-/achterkant-flank),Geen hindernis
43958,10,Aalst 2,Aalst,50.93549,4.01571,2.0688792794948703,50.93408977977743,4.045149834600992,2023,11,20,41002,Aalst,Regenval,"Nat, plassen","Nacht, openbare verlichting aanwezig en ontstoken",met lichtgewonden,9,personenauto,3,Fiets,Op Kruispunt,Gewestweg,binnen bebouwde kom,Tss. 2 best.: langs opzij (voor-/achterkant-flank),Geen hindernis
43958,19,Aalst 1,Aalst,50.93433,4.01471,2.1332816893738302,50.93408977977743,4.045149834600992,2023,11,20,41002,Aalst,Regenval,"Nat, plassen","Nacht, openbare verlichting aanwezig en ontstoken",met lichtgewonden,9,personenauto,3,Fiets,Op Kruispunt,Gewestweg,binnen bebouwde kom,Tss. 2 best.: langs opzij (voor-/achterkant-flank),Geen hindernis
43959,10,Aalst 2,Aalst,50.93549,4.01571,0.7511181164794007,50.940718957390686,4.008923783388405,2023,11,14,41002,Aalst,Normaal,"Nat, plassen",Dag,met lichtgewonden,9,personenauto,3,Fiets,Op Kruispunt,Gewestweg,binnen bebouwde kom,Tss. 2 best.: langs opzij (voor-/achterkant-flank),Geen hindernis
43959,19,Aalst 1,Aalst,50.93433,4.01471,0.8179758507729618,50.940718957390686,4.008923783388405,2023,11,14,41002,Aalst,Normaal,"Nat, plassen",Dag,met lichtgewonden,9,personenauto,3,Fiets,Op Kruispunt,Gewestweg,binnen bebouwde kom,Tss. 2 best.: langs opzij (voor-/achterkant-flank),Geen hindernis
43959,11,Aalst 3,Aalst,50.93385,4.01647,0.9289698701473651,50.940718957390686,4.008923783388405,2023,11,14,41002,Aalst,Normaal,"Nat, plassen",Dag,met lichtgewonden,9,personenauto,3,Fiets,Op Kruispunt,Gewestweg,binnen bebouwde kom,Tss. 2 best.: langs opzij (voor-/achterkant-flank),Geen hindernis
43960,11,Aalst 3,Aalst,50.93385,4.01647,1.4289459023614788,50.92830536033043,4.0348643454087965,2023,11,13,41002,Aalst,Normaal,"Nat, plassen",Dag,met lichtgewonden,3,Fiets,9,personenauto,Buiten Kruispunt,Gewestweg,binnen bebouwde kom,Tss. 2 best.: langs opzij (voor-/achterkant-flank),Geen hindernis
43960,10,Aalst 2,Aalst,50.93549,4.01571,1.562080696310871,50.92830536033043,4.0348643454087965,2023,11,13,41002,Aalst,Normaal,"Nat, plassen",Dag,met lichtgewonden,3,Fiets,9,personenauto,Buiten Kruispunt,Gewestweg,binnen bebouwde kom,Tss. 2 best.: langs opzij (voor-/achterkant-flank),Geen hindernis
43960,19,Aalst 1,Aalst,50.93433,4.01471,1.5632475689444816,50.92830536033043,4.0348643454087965,2023,11,13,41002,Aalst,Normaal,"Nat, plassen",Dag,met lichtgewonden,3,Fiets,9,personenauto,Buiten Kruispunt,Gewestweg,binnen bebouwde kom,Tss. 2 best.: langs opzij (voor-/achterkant-flank),Geen hindernis
43961,10,Aalst 2,Aalst,50.93549,4.01571,0.6360144197177137,50.94040581556216,4.011069577424242,2023,11,12,41002,Aalst,Normaal,Droog,Dag,met lichtgewonden,9,personenauto,3,Fiets,Op Kruispunt,Gewestweg,binnen bebouwde kom,Tss. 2 best.: langs opzij (voor-/achterkant-flank),Geen hindernis
43961,19,Aalst 1,Aalst,50.93433,4.01471,0.7221539377833046,50.94040581556216,4.011069577424242,2023,11,12,41002,Aalst,Normaal,Droog,Dag,met lichtgewonden,9,personenauto,3,Fiets,Op Kruispunt,Gewestweg,binnen bebouwde kom,Tss. 2 best.: langs opzij (voor-/achterkant-flank),Geen hindernis
43961,11,Aalst 3,Aalst,50.93385,4.01647,0.8213420888220365,50.94040581556216,4.011069577424242,2023,11,12,41002,Aalst,Normaal,Droog,Dag,met lichtgewonden,9,personenauto,3,Fiets,Op Kruispunt,Gewestweg,binnen bebouwde kom,Tss. 2 best.: langs opzij (voor-/achterkant-flank),Geen hindernis
43962,11,Aalst 3,Aalst,50.93385,4.01647,2.253750077661749,50.93478664642588,4.048597036947548,2023,11,14,41002,Aalst,Normaal,Droog,Dag,met lichtgewonden,3,Fiets,9,personenauto,Op Kruispunt,Gewestweg,buiten bebouwde kom,Tss. 2 best.: langs opzij (voor-/achterkant-flank),Geen hindernis
43962,10,Aalst 2,Aalst,50.93549,4.01571,2.305886312814657,50.93478664642588,4.048597036947548,2023,11,14,41002,Aalst,Normaal,Droog,Dag,met lichtgewonden,3,Fiets,9,personenauto,Op Kruispunt,Gewestweg,buiten bebouwde kom,Tss. 2 best.: langs opzij (voor-/achterkant-flank),Geen hindernis
43962,19,Aalst 1,Aalst,50.93433,4.01471,2.375207047992019,50.93478664642588,4.048597036947548,2023,11,14,41002,Aalst,Normaal,Droog,Dag,met lichtgewonden,3,Fiets,9,personenauto,Op Kruispunt,Gewestweg,buiten bebouwde kom,Tss. 2 best.: langs opzij (voor-/achterkant-flank),Geen hindernis
43963,11,Aalst 3,Aalst,50.93385,4.01647,1.138284064576378,50.93108567823242,4.032109438453278,2023,11,10,41002,Aalst,Normaal,Droog,Dag,met lichtgewonden,9,personenauto,3,Fiets,Buiten Kruispunt,Gemeenteweg,binnen bebouwde kom,Tss. 2 best.: langs opzij (voor-/achterkant-flank),Geen hindernis
43963,10,Aalst 2,Aalst,50.93549,4.01571,1.2492351132490704,50.93108567823242,4.032109438453278,2023,11,10,41002,Aalst,Normaal,Droog,Dag,met lichtgewonden,9,personenauto,3,Fiets,Buiten Kruispunt,Gemeenteweg,binnen bebouwde kom,Tss. 2 best.: langs opzij (voor-/achterkant-flank),Geen hindernis
43963,19,Aalst 1,Aalst,50.93433,4.01471,1.271576525733048,50.93108567823242,4.032109438453278,2023,11,10,41002,Aalst,Normaal,Droog,Dag,met lichtgewonden,9,personenauto,3,Fiets,Buiten Kruispunt,Gemeenteweg,binnen bebouwde kom,Tss. 2 best.: langs opzij (voor-/achterkant-flank),Geen hindernis
43964,19,Aalst 1,Aalst,50.93433,4.01471,2.2420671577631097,50.916419117248715,4.000018032194153,2023,11,14,41002,Aalst,Regenval,"Nat, plassen",Dag,met lichtgewonden,9,personenauto,3,Fiets,Op Kruispunt,Gemeenteweg,binnen bebouwde kom,Tss. 2 best.: langs opzij (voor-/achterkant-flank),Geen hindernis
43964,11,Aalst 3,Aalst,50.93385,4.01647,2.255305826878015,50.916419117248715,4.000018032194153,2023,11,14,41002,Aalst,Regenval,"Nat, plassen",Dag,met lichtgewonden,9,personenauto,3,Fiets,Op Kruispunt,Gemeenteweg,binnen bebouwde kom,Tss. 2 best.: langs opzij (voor-/achterkant-flank),Geen hindernis
43964,10,Aalst 2,Aalst,50.93549,4.01571,2.388830863792098,50.916419117248715,4.000018032194153,2023,11,14,41002,Aalst,Regenval,"Nat, plassen",Dag,met lichtgewonden,9,personenauto,3,Fiets,Op Kruispunt,Gemeenteweg,binnen bebouwde kom,Tss. 2 best.: langs opzij (voor-/achterkant-flank),Geen hindernis
43968,10,Aalst 2,Aalst,50.93549,4.01571,0.9346804138023849,50.93745130079865,4.028680494281846,2023,11,11,41002,Aalst,Normaal,"Nat, plassen",Dag,met lichtgewonden,9,personenauto,3,Fiets,Op Kruispunt,Gemeenteweg,binnen bebouwde kom,Tss. 2 best.: langs opzij (voor-/achterkant-flank),Geen hindernis
43968,11,Aalst 3,Aalst,50.93385,4.01647,0.9447111079795444,50.93745130079865,4.028680494281846,2023,11,11,41002,Aalst,Normaal,"Nat, plassen",Dag,met lichtgewonden,9,personenauto,3,Fiets,Op Kruispunt,Gemeenteweg,binnen bebouwde kom,Tss. 2 best.: langs opzij (voor-/achterkant-flank),Geen hindernis
43968,19,Aalst 1,Aalst,50.93433,4.01471,1.0386700460911225,50.93745130079865,4.028680494281846,2023,11,11,41002,Aalst,Normaal,"Nat, plassen",Dag,met lichtgewonden,9,personenauto,3,Fiets,Op Kruispunt,Gemeenteweg,binnen bebouwde kom,Tss. 2 best.: langs opzij (voor-/achterkant-flank),Geen hindernis
43977,125,Dendermonde totem,Dendermonde,51.0372706,4.1025998,1.1678436562956573,51.02684590973372,4.100568484164852,2023,11,15,42006,Dendermonde,Normaal,Droog,Dag,met lichtgewonden,9,personenauto,3,Fiets,Op Kruispunt,Gemeenteweg,binnen bebouwde kom,Tss. 2 best.: langs opzij (voor-/achterkant-flank),Geen hindernis
43977,122,Dendermonde teller 2,Dendermonde,51.0373918,4.1019222,1.1764642165427417,51.02684590973372,4.100568484164852,2023,11,15,42006,Dendermonde,Normaal,Droog,Dag,met lichtgewonden,9,personenauto,3,Fiets,Op Kruispunt,Gemeenteweg,binnen bebouwde kom,Tss. 2 best.: langs opzij (voor-/achterkant-flank),Geen hindernis
43978,125,Dendermonde totem,Dendermonde,51.0372706,4.1025998,0.9474998583304981,51.035116679037976,4.115710428706174,2023,11,14,42006,Dendermonde,Normaal,Droog,Dag,met zwaargewonden,9,personenauto,3,Fiets,Buiten Kruispunt,Gewestweg,binnen bebouwde kom,Tss. 2 best.: langs opzij (voor-/achterkant-flank),Geen hindernis
43978,122,Dendermonde teller 2,Dendermonde,51.0373918,4.1019222,0.9967467389597304,51.035116679037976,4.115710428706174,2023,11,14,42006,Dendermonde,Normaal,Droog,Dag,met zwaargewonden,9,personenauto,3,Fiets,Buiten Kruispunt,Gewestweg,binnen bebouwde kom,Tss. 2 best.: langs opzij (voor-/achterkant-flank),Geen hindernis
43979,122,Dendermonde teller 2,Dendermonde,51.0373918,4.1019222,1.001473792808591,51.046394581935225,4.102332101300695,2023,12,16,42006,Dendermonde,Normaal,Droog,Dag,met lichtgewonden,9,personenauto,3,Fiets,Buiten Kruispunt,Gemeenteweg,binnen bebouwde kom,Tss. 2 best.: langs opzij (voor-/achterkant-flank),Geen hindernis
43979,125,Dendermonde totem,Dendermonde,51.0372706,4.1025998,1.0147131199696178,51.046394581935225,4.102332101300695,2023,12,16,42006,Dendermonde,Normaal,Droog,Dag,met lichtgewonden,9,personenauto,3,Fiets,Buiten Kruispunt,Gemeenteweg,binnen bebouwde kom,Tss. 2 best.: langs opzij (voor-/achterkant-flank),Geen hindernis
43980,122,Dendermonde teller 2,Dendermonde,51.0373918,4.1019222,0.1813536598946516,51.03901771820549,4.102125839466133,2023,12,11,42006,Dendermonde,Normaal,Droog,Dag,met lichtgewonden,9,personenauto,3,Fiets,Op Kruispunt,Gewestweg,buiten bebouwde kom,Tss. 2 best.: langs opzij (voor-/achterkant-flank),Geen hindernis
43980,125,Dendermonde totem,Dendermonde,51.0372706,4.1025998,0.19707689409689647,51.03901771820549,4.102125839466133,2023,12,11,42006,Dendermonde,Normaal,Droog,Dag,met lichtgewonden,9,personenauto,3,Fiets,Op Kruispunt,Gewestweg,buiten bebouwde kom,Tss. 2 best.: langs opzij (voor-/achterkant-flank),Geen hindernis
43981,125,Dendermonde totem,Dendermonde,51.0372706,4.1025998,0.9474998583304981,51.035116679037976,4.115710428706174,2023,11,17,42006,Dendermonde,Regenval,"Nat, plassen","Nacht, openbare verlichting aanwezig en ontstoken",met lichtgewonden,9,personenauto,3,Fiets,Buiten Kruispunt,Gewestweg,binnen bebouwde kom,Tussen 2 bestuurders: Flank tegen flank,Geen hindernis
43981,122,Dendermonde teller 2,Dendermonde,51.0373918,4.1019222,0.9967467389597304,51.035116679037976,4.115710428706174,2023,11,17,42006,Dendermonde,Regenval,"Nat, plassen","Nacht, openbare verlichting aanwezig en ontstoken",met lichtgewonden,9,personenauto,3,Fiets,Buiten Kruispunt,Gewestweg,binnen bebouwde kom,Tussen 2 bestuurders: Flank tegen flank,Geen hindernis