crash_row_id,site_id,site_name,site_gemeente,site_lat,site_long,distance_km,crash_lat,crash_long,DT_YEAR_COLLISION,DT_MONTH_COLLISION,DT_TIME,CD_NIS,TX_MUNTY_COLLISION_NL,TX_WEATHER_NL,TX_ROAD_CONDITION_NL,TX_LIGHT_CONDITION_NL,TX_CLASS_ACCIDENTS_NL,CD_ROAD_USR_TYPE1,TX_ROAD_USR_TYPE1_NL,CD_ROAD_USR_TYPE2,TX_ROAD_USR_TYPE2_NL,TX_CROSSWAY_NL,CD_ROAD_TYPE_NL,TX_BUILD_UP_AREA_NL,TX_COLLISION_TYPE_NL,TX_OBSTACLES_NL
43982,125,Dendermonde totem,Dendermonde,51.0372706,4.1025998,2.3122561085669715,51.01757072661423,4.1131859864998255,2023,11,15,42006,Dendermonde,Normaal,Droog,Dag,met lichtgewonden,3,Fiets,9,personenauto,Buiten Kruispunt,Gemeenteweg,binnen bebouwde kom,Tss. 2 best.: langs opzij (voor-/achterkant-flank),Geen hindernis
43982,122,Dendermonde teller 2,Dendermonde,51.0373918,4.1019222,2.340548070188101,51.01757072661423,4.1131859864998255,2023,11,15,42006,Dendermonde,Normaal,Droog,Dag,met lichtgewonden,3,Fiets,9,personenauto,Buiten Kruispunt,Gemeenteweg,binnen bebouwde kom,Tss. 2 best.: langs opzij (voor-/achterkant-flank),Geen hindernis
43983,125,Dendermonde totem,Dendermonde,51.0372706,4.1025998,1.4836849059060675,51.03686668899366,4.123809427263549,2023,11,6,42006,Dendermonde,Regenval,"Nat, plassen",Dageraad - schemering,met lichtgewonden,3,Fiets,10,"één bestuurder, geen hindernis",Buiten Kruispunt,Gewestweg,binnen bebouwde kom,"Eén bestuurder, geen hindernis (incl. val)",Geen hindernis
43983,122,Dendermonde teller 2,Dendermonde,51.0373918,4.1019222,1.5314951326496773,51.03686668899366,4.123809427263549,2023,11,6,42006,Dendermonde,Regenval,"Nat, plassen",Dageraad - schemering,met lichtgewonden,3,Fiets,10,"één bestuurder, geen hindernis",Buiten Kruispunt,Gewestweg,binnen bebouwde kom,"Eén bestuurder, geen hindernis (incl. val)",Geen hindernis
43985,53,Brugge teller 1,Brugge,51.23023,3.228,1.7097576984589078,51.22162205260052,3.207655231064036,2023,11,17,31005,Brugge,Normaal,Droog,"Nacht, openbare verlichting aanwezig en ontstoken",met zwaargewonden,3,Fiets,8,Voetganger,Buiten Kruispunt,Gewestweg,binnen bebouwde kom,Met een voetganger,Geen hindernis
43985,54,Brugge teller 2,Brugge,51.23015,3.22818,1.7152253546217682,51.22162205260052,3.207655231064036,2023,11,17,31005,Brugge,Normaal,Droog,"Nacht, openbare verlichting aanwezig en ontstoken",met zwaargewonden,3,Fiets,8,Voetganger,Buiten Kruispunt,Gewestweg,binnen bebouwde kom,Met een voetganger,Geen hindernis
43985,52,Brugge,Brugge,51.22632,3.24095,2.3767302910399795,51.22162205260052,3.207655231064036,2023,11,17,31005,Brugge,Normaal,Droog,"Nacht, openbare verlichting aanwezig en ontstoken",met zwaargewonden,3,Fiets,8,Voetganger,Buiten Kruispunt,Gewestweg,binnen bebouwde kom,Met een voetganger,Geen hindernis
43985,142,TEST Validatie BRUGGE Y2H22022134,Brugge,51.22632,3.24095,2.3767302910399795,51.22162205260052,3.207655231064036,2023,11,17,31005,Brugge,Normaal,Droog,"Nacht, openbare verlichting aanwezig en ontstoken",met zwaargewonden,3,Fiets,8,Voetganger,Buiten Kruispunt,Gewestweg,binnen bebouwde kom,Met een voetganger,Geen hindernis
43993,142,TEST Validatie BRUGGE Y2H22022134,Brugge,51.22632,3.24095,2.129706408274817,51.2101645058735,3.224525523099474,2023,11,11,31005,Brugge,Normaal,Droog,Dag,met lichtgewonden,3,Fiets,8,Voetganger,Buiten Kruispunt,Gewestweg,binnen bebouwde kom,Met een voetganger,Geen hindernis
43993,52,Brugge,Brugge,51.22632,3.24095,2.129706408274817,51.2101645058735,3.224525523099474,2023,11,11,31005,Brugge,Normaal,Droog,Dag,met lichtgewonden,3,Fiets,8,Voetganger,Buiten Kruispunt,Gewestweg,binnen bebouwde kom,Met een voetganger,Geen hindernis
43993,54,Brugge teller 2,Brugge,51.23015,3.22818,2.236812662134555,51.2101645058735,3.224525523099474,2023,11,11,31005,Brugge,Normaal,Droog,Dag,met lichtgewonden,3,Fiets,8,Voetganger,Buiten Kruispunt,Gewestweg,binnen bebouwde kom,Met een voetganger,Geen hindernis
43993,53,Brugge teller 1,Brugge,51.23023,3.228,2.2442644566478167,51.2101645058735,3.224525523099474,2023,11,11,31005,Brugge,Normaal,Droog,Dag,met lichtgewonden,3,Fiets,8,Voetganger,Buiten Kruispunt,Gewestweg,binnen bebouwde kom,Met een voetganger,Geen hindernis
43995,53,Brugge teller 1,Brugge,51.23023,3.228,2.3737444433626855,51.21319552987103,3.2074566137800424,2023,11,7,31005,Brugge,Regenval,"Nat, plassen",Dag,met lichtgewonden,6,Bromfiets,3,Fiets,Op Kruispunt,Gemeenteweg,binnen bebouwde kom,Tss. 2 best.: langs opzij (voor-/achterkant-flank),Geen hindernis
43995,54,Brugge teller 2,Brugge,51.23015,3.22818,2.3742520078788023,51.21319552987103,3.2074566137800424,2023,11,7,31005,Brugge,Regenval,"Nat, plassen",Dag,met lichtgewonden,6,Bromfiets,3,Fiets,Op Kruispunt,Gemeenteweg,binnen bebouwde kom,Tss. 2 best.: langs opzij (voor-/achterkant-flank),Geen hindernis
43996,53,Brugge teller 1,Brugge,51.23023,3.228,0.9881341634733288,51.23042984044928,3.2138122294134477,2023,11,6,31005,Brugge,Regenval,"Nat, plassen","Nacht, openbare verlichting aanwezig en ontstoken",met lichtgewonden,5,Lichte vrachtauto,3,Fiets,Buiten Kruispunt,Gemeenteweg,binnen bebouwde kom,Tss. 2 best.: langs opzij (voor-/achterkant-flank),Geen hindernis
43996,54,Brugge teller 2,Brugge,51.23015,3.22818,1.000902224889741,51.23042984044928,3.2138122294134477,2023,11,6,31005,Brugge,Regenval,"Nat, plassen","Nacht, openbare verlichting aanwezig en ontstoken",met lichtgewonden,5,Lichte vrachtauto,3,Fiets,Buiten Kruispunt,Gemeenteweg,binnen bebouwde kom,Tss. 2 best.: langs opzij (voor-/achterkant-flank),Geen hindernis
43996,52,Brugge,Brugge,51.22632,3.24095,1.9441378614899363,51.23042984044928,3.2138122294134477,2023,11,6,31005,Brugge,Regenval,"Nat, plassen","Nacht, openbare verlichting aanwezig en ontstoken",met lichtgewonden,5,Lichte vrachtauto,3,Fiets,Buiten Kruispunt,Gemeenteweg,binnen bebouwde kom,Tss. 2 best.: langs opzij (voor-/achterkant-flank),Geen hindernis
43996,142,TEST Validatie BRUGGE Y2H22022134,Brugge,51.22632,3.24095,1.9441378614899363,51.23042984044928,3.2138122294134477,2023,11,6,31005,Brugge,Regenval,"Nat, plassen","Nacht, openbare verlichting aanwezig en ontstoken",met lichtgewonden,5,Lichte vrachtauto,3,Fiets,Buiten Kruispunt,Gemeenteweg,binnen bebouwde kom,Tss. 2 best.: langs opzij (voor-/achterkant-flank),Geen hindernis
43997,54,Brugge teller 2,Brugge,51.23015,3.22818,0.9884856859392298,51.22134509740999,3.2262244346695783,2023,11,17,31005,Brugge,Regenval,"Nat, plassen","Nacht, openbare verlichting aanwezig en ontstoken",met lichtgewonden,3,Fiets,9,personenauto,Op Kruispunt,Gewestweg,binnen bebouwde kom,Tss. 2 best.: langs opzij (voor-/achterkant-flank),Geen hindernis
43997,53,Brugge teller 1,Brugge,51.23023,3.228,0.9956630778262283,51.22134509740999,3.2262244346695783,2023,11,17,31005,Brugge,Regenval,"Nat, plassen","Nacht, openbare verlichting aanwezig en ontstoken",met lichtgewonden,3,Fiets,9,personenauto,Op Kruispunt,Gewestweg,binnen bebouwde kom,Tss. 2 best.: langs opzij (voor-/achterkant-flank),Geen hindernis
43997,52,Brugge,Brugge,51.22632,3.24095,1.1651661037576873,51.22134509740999,3.2262244346695783,2023,11,17,31005,Brugge,Regenval,"Nat, plassen","Nacht, openbare verlichting aanwezig en ontstoken",met lichtgewonden,3,Fiets,9,personenauto,Op Kruispunt,Gewestweg,binnen bebouwde kom,Tss. 2 best.: langs opzij (voor-/achterkant-flank),Geen hindernis
43997,142,TEST Validatie BRUGGE Y2H22022134,Brugge,51.22632,3.24095,1.1651661037576873,51.22134509740999,3.2262244346695783,2023,11,17,31005,Brugge,Regenval,"Nat, plassen","Nacht, openbare verlichting aanwezig en ontstoken",met lichtgewonden,3,Fiets,9,personenauto,Op Kruispunt,Gewestweg,binnen bebouwde kom,Tss. 2 best.: langs opzij (voor-/achterkant-flank),Geen hindernis
43998,142,TEST Validatie BRUGGE Y2H22022134,Brugge,51.22632,3.24095,0.6355187385826134,51.22062623221156,3.241742457886976,2023,11,12,31005,Brugge,Normaal,"Nat, plassen",Dag,met lichtgewonden,9,personenauto,3,Fiets,Op Kruispunt,Gemeenteweg,binnen bebouwde kom,Tss. 2 best.: langs opzij (voor-/achterkant-flank),Geen hindernis
43998,52,Brugge,Brugge,51.22632,3.24095,0.6355187385826134,51.22062623221156,3.241742457886976,2023,11,12,31005,Brugge,Normaal,"Nat, plassen",Dag,met lichtgewonden,9,personenauto,3,Fiets,Op Kruispunt,Gemeenteweg,binnen bebouwde kom,Tss. 2 best.: langs opzij (voor-/achterkant-flank),Geen hindernis
43998,54,Brugge teller 2,Brugge,51.23015,3.22818,1.41895989820639,51.22062623221156,3.241742457886976,2023,11,12,31005,Brugge,Normaal,"Nat, plassen",Dag,met lichtgewonden,9,personenauto,3,Fiets,Op Kruispunt,Gemeenteweg,binnen bebouwde kom,Tss. 2 best.: langs opzij (voor-/achterkant-flank),Geen hindernis
43998,53,Brugge teller 1,Brugge,51.23023,3.228,1.4339453089996843,51.22062623221156,3.241742457886976,2023,11,12,31005,Brugge,Normaal,"Nat, plassen",Dag,met lichtgewonden,9,personenauto,3,Fiets,Op Kruispunt,Gemeenteweg,binnen bebouwde kom,Tss. 2 best.: langs opzij (voor-/achterkant-flank),Geen hindernis
43999,20,Brugge,Brugge,51.17416,3.20048,2.3896887051721696,51.1792868683362,3.233770511009647,2023,11,17,31005,Brugge,Normaal,Droog,"Nacht, openbare verlichting aanwezig en ontstoken",met lichtgewonden,9,personenauto,3,Fiets,Op Kruispunt,Gewestweg,binnen bebouwde kom,Tss. 2 best.: langs opzij (voor-/achterkant-flank),Geen hindernis
44000,20,Brugge,Brugge,51.17416,3.20048,2.3065754647155465,51.19488364554202,3.199031272459774,2023,11,11,31005,Brugge,Normaal,Droog,Dag,met lichtgewonden,9,personenauto,3,Fiets,Op Kruispunt,Gewestweg,binnen bebouwde kom,Tss. 2 best.: langs opzij (voor-/achterkant-flank),Geen hindernis
44005,53,Brugge teller 1,Brugge,51.23023,3.228,1.939457923355709,51.22331510019277,3.202430407132942,2023,11,7,31005,Brugge,Mist (zichtbaarheid minder dan 100m),"Nat, plassen",Dageraad - schemering,met lichtgewonden,9,personenauto,3,Fiets,Op Kruispunt,Gewestweg,binnen bebouwde kom,Tss. 2 best.: langs opzij (voor-/achterkant-flank),Geen hindernis
44005,54,Brugge teller 2,Brugge,51.23015,3.22818,1.9474841120362953,51.22331510019277,3.202430407132942,2023,11,7,31005,Brugge,Mist (zichtbaarheid minder dan 100m),"Nat, plassen",Dageraad - schemering,met lichtgewonden,9,personenauto,3,Fiets,Op Kruispunt,Gewestweg,binnen bebouwde kom,Tss. 2 best.: langs opzij (voor-/achterkant-flank),Geen hindernis
44006,142,TEST Validatie BRUGGE Y2H22022134,Brugge,51.22632,3.24095,0.5930583370450511,51.22232455203257,3.235308565781468,2023,11,14,31005,Brugge,Normaal,Droog,Dag,met lichtgewonden,3,Fiets,9,personenauto,Buiten Kruispunt,Gewestweg,binnen bebouwde kom,Tss. 2 best.: langs opzij (voor-/achterkant-flank),Geen hindernis
44006,52,Brugge,Brugge,51.22632,3.24095,0.5930583370450511,51.22232455203257,3.235308565781468,2023,11,14,31005,Brugge,Normaal,Droog,Dag,met lichtgewonden,3,Fiets,9,personenauto,Buiten Kruispunt,Gewestweg,binnen bebouwde kom,Tss. 2 best.: langs opzij (voor-/achterkant-flank),Geen hindernis
44006,54,Brugge teller 2,Brugge,51.23015,3.22818,1.0017860190796606,51.22232455203257,3.235308565781468,2023,11,14,31005,Brugge,Normaal,Droog,Dag,met lichtgewonden,3,Fiets,9,personenauto,Buiten Kruispunt,Gewestweg,binnen bebouwde kom,Tss. 2 best.: langs opzij (voor-/achterkant-flank),Geen hindernis
44006,53,Brugge teller 1,Brugge,51.23023,3.228,1.0157441552183786,51.22232455203257,3.235308565781468,2023,11,14,31005,Brugge,Normaal,Droog,Dag,met lichtgewonden,3,Fiets,9,personenauto,Buiten Kruispunt,Gewestweg,binnen bebouwde kom,Tss. 2 best.: langs opzij (voor-/achterkant-flank),Geen hindernis
44007,20,Brugge,Brugge,51.17416,3.20048,1.6179467180174918,51.18808036748012,3.193722890089586,2023,12,10,31005,Brugge,Sneeuwval,"Ijzel, sneeuw",Dag,met lichtgewonden,9,personenauto,3,Fiets,Op Kruispunt,Gemeenteweg,binnen bebouwde kom,Tss. 2 best.: langs opzij (voor-/achterkant-flank),Geen hindernis
44007,51,"Brugge, Sint-Andries",Brugge,51.19281,3.16252,2.2372099571875084,51.18808036748012,3.193722890089586,2023,12,10,31005,Brugge,Sneeuwval,"Ijzel, sneeuw",Dag,met lichtgewonden,9,personenauto,3,Fiets,Op Kruispunt,Gemeenteweg,binnen bebouwde kom,Tss. 2 best.: langs opzij (voor-/achterkant-flank),Geen hindernis
44007,50,"Brugge, Sint-Andries",Brugge,51.19291,3.16252,2.2398476520091615,51.18808036748012,3.193722890089586,2023,12,10,31005,Brugge,Sneeuwval,"Ijzel, sneeuw",Dag,met lichtgewonden,9,personenauto,3,Fiets,Op Kruispunt,Gemeenteweg,binnen bebouwde kom,Tss. 2 best.: langs opzij (voor-/achterkant-flank),Geen hindernis
44008,54,Brugge teller 2,Brugge,51.23015,3.22818,1.1550255497270256,51.221484578902796,3.2190337461390626,2023,11,15,31005,Brugge,Normaal,Droog+Proper,Dag,met lichtgewonden,9,personenauto,3,Fiets,Buiten Kruispunt,Gewestweg,binnen bebouwde kom,Tss. 2 best.: langs opzij (voor-/achterkant-flank),Geen hindernis
44008,53,Brugge teller 1,Brugge,51.23023,3.228,1.1556364559059276,51.221484578902796,3.2190337461390626,2023,11,15,31005,Brugge,Normaal,Droog+Proper,Dag,met lichtgewonden,9,personenauto,3,Fiets,Buiten Kruispunt,Gewestweg,binnen bebouwde kom,Tss. 2 best.: langs opzij (voor-/achterkant-flank),Geen hindernis
44008,52,Brugge,Brugge,51.22632,3.24095,1.6181656009204513,51.221484578902796,3.2190337461390626,2023,11,15,31005,Brugge,Normaal,Droog+Proper,Dag,met lichtgewonden,9,personenauto,3,Fiets,Buiten Kruispunt,Gewestweg,binnen bebouwde kom,Tss. 2 best.: langs opzij (voor-/achterkant-flank),Geen hindernis
44008,142,TEST Validatie BRUGGE Y2H22022134,Brugge,51.22632,3.24095,1.6181656009204513,51.221484578902796,3.2190337461390626,2023,11,15,31005,Brugge,Normaal,Droog+Proper,Dag,met lichtgewonden,9,personenauto,3,Fiets,Buiten Kruispunt,Gewestweg,binnen bebouwde kom,Tss. 2 best.: langs opzij (voor-/achterkant-flank),Geen hindernis
44009,142,TEST Validatie BRUGGE Y2H22022134,Brugge,51.22632,3.24095,1.8473076551756613,51.21025811864306,3.247726475875105,2023,11,15,31005,Brugge,Normaal,Droog,Dag,met lichtgewonden,9,personenauto,3,Fiets,Op Kruispunt,Gewestweg,binnen bebouwde kom,Tss. 2 best.: langs opzij (voor-/achterkant-flank),Geen hindernis
44009,52,Brugge,Brugge,51.22632,3.24095,1.8473076551756613,51.21025811864306,3.247726475875105,2023,11,15,31005,Brugge,Normaal,Droog,Dag,met lichtgewonden,9,personenauto,3,Fiets,Op Kruispunt,Gewestweg,binnen bebouwde kom,Tss. 2 best.: langs opzij (voor-/achterkant-flank),Geen hindernis
44017,59,Ardooie teller 1,Ardooie,50.96784,3.18479,0.5867587012165218,50.970961358911175,3.1915462872130487,2023,11,11,37020,Ardooie,Regenval,"Nat, plassen+Proper",Dag,met zwaargewonden,9,personenauto,3,Fiets,Op Kruispunt,Gewestweg,buiten bebouwde kom,Tss. 2 best.: langs opzij (voor-/achterkant-flank),Geen hindernis
44017,60,Ardooie teller 2,Ardooie,50.96783,3.18411,0.6264025730888577,50.970961358911175,3.1915462872130487,2023,11,11,37020,Ardooie,Regenval,"Nat, plassen+Proper",Dag,met zwaargewonden,9,personenauto,3,Fiets,Op Kruispunt,Gewestweg,buiten bebouwde kom,Tss. 2 best.: langs opzij (voor-/achterkant-flank),Geen hindernis
44020,15,Oostende 2,Oostende,51.21371,2.92743,1.778095376362676,51.22418638553827,2.908141917544154,2023,11,17,35013,Oostende,Onbekend,Droog,Dageraad - schemering,met lichtgewonden,3,Fiets,9,personenauto,Buiten Kruispunt,Gewestweg,binnen bebouwde kom,Tussen 2 bestuurders: Langs achteren,Geen hindernis
44020,18,Oostende 1,Oostende,51.21378,2.92765,1.7846420407695918,51.22418638553827,2.908141917544154,2023,11,17,35013,Oostende,Onbekend,Droog,Dageraad - schemering,met lichtgewonden,3,Fiets,9,personenauto,Buiten Kruispunt,Gewestweg,binnen bebouwde kom,Tussen 2 bestuurders: Langs achteren,Geen hindernis
44021,15,Oostende 2,Oostende,51.21371,2.92743,1.4546966501389766,51.21516177551928,2.9066741817935835,2023,11,17,35013,Oostende,Onbekend,Onbekend,Dag,met lichtgewonden,6,Bromfiets,3,Fiets,Op Kruispunt,Gewestweg,binnen bebouwde kom,Tss. 2 best.: langs opzij (voor-/achterkant-flank),Geen hindernis
44021,18,Oostende 1,Oostende,51.21378,2.92765,1.469091172595432,51.21516177551928,2.9066741817935835,2023,11,17,35013,Oostende,Onbekend,Onbekend,Dag,met lichtgewonden,6,Bromfiets,3,Fiets,Op Kruispunt,Gewestweg,binnen bebouwde kom,Tss. 2 best.: langs opzij (voor-/achterkant-flank),Geen hindernis
44022,15,Oostende 2,Oostende,51.21371,2.92743,1.1891225282348494,51.221816873739535,2.9162953713894546,2023,11,16,35013,Oostende,Normaal,Droog,Dag,met lichtgewonden,3,Fiets,6,Bromfiets,Buiten Kruispunt,Gemeenteweg,binnen bebouwde kom,Tussen 2 bestuurders: Flank tegen flank,Geen hindernis
44022,18,Oostende 1,Oostende,51.21378,2.92765,1.1933312235491913,51.221816873739535,2.9162953713894546,2023,11,16,35013,Oostende,Normaal,Droog,Dag,met lichtgewonden,3,Fiets,6,Bromfiets,Buiten Kruispunt,Gemeenteweg,binnen bebouwde kom,Tussen 2 bestuurders: Flank tegen flank,Geen hindernis
44024,15,Oostende 2,Oostende,51.21371,2.92743,0.7916244152974459,51.20698650792922,2.923693800269107,2023,11,17,35013,Oostende,Onbekend,"Nat, plassen",Dageraad - schemering,met lichtgewonden,3,Fiets,3,Fiets,Op Kruispunt,Gemeenteweg,binnen bebouwde kom,Tss. 2 best.: langs opzij (voor-/achterkant-flank),Geen hindernis
44024,18,Oostende 1,Oostende,51.21378,2.92765,0.8041019874332292,51.20698650792922,2.923693800269107,2023,11,17,35013,Oostende,Onbekend,"Nat, plassen",Dageraad - schemering,met lichtgewonden,3,Fiets,3,Fiets,Op Kruispunt,Gemeenteweg,binnen bebouwde kom,Tss. 2 best.: langs opzij (voor-/achterkant-flank),Geen hindernis
44026,15,Oostende 2,Oostende,51.21371,2.92743,0.5814400539121662,51.20850464838,2.9266367819030026,2023,11,7,35013,Oostende,Normaal,"Nat, plassen",Dageraad - schemering,met lichtgewonden,9,personenauto,3,Fiets,Op Kruispunt,Gemeenteweg,binnen bebouwde kom,Tussen 2 bestuurders: Frontale botsing,Geen hindernis
44026,18,Oostende 1,Oostende,51.21378,2.92765,0.5908231317544937,51.20850464838,2.9266367819030026,2023,11,7,35013,Oostende,Normaal,"Nat, plassen",Dageraad - schemering,met lichtgewonden,9,personenauto,3,Fiets,Op Kruispunt,Gemeenteweg,binnen bebouwde kom,Tussen 2 bestuurders: Frontale botsing,Geen hindernis
44028,15,Oostende 2,Oostende,51.21371,2.92743,1.513151929709729,51.21207869736529,2.9058633369363855,2023,11,6,35013,Oostende,Regenval,"Nat, plassen","Nacht, openbare verlichting aanwezig en ontstoken",met lichtgewonden,9,personenauto,3,Fiets,Op Kruispunt,Gewestweg,binnen bebouwde kom,Tussen 2 bestuurders: Flank tegen flank,Geen hindernis
44028,18,Oostende 1,Oostende,51.21378,2.92765,1.529308949389621,51.21207869736529,2.9058633369363855,2023,11,6,35013,Oostende,Regenval,"Nat, plassen","Nacht, openbare verlichting aanwezig en ontstoken",met lichtgewonden,9,personenauto,3,Fiets,Op Kruispunt,Gewestweg,binnen bebouwde kom,Tussen 2 bestuurders: Flank tegen flank,Geen hindernis
44029,18,Oostende 1,Oostende,51.21378,2.92765,2.1389548278122548,51.22278952595337,2.954784361024782,2023,11,7,35002,Bredene,Regenval,"Nat, plassen",Dageraad - schemering,met lichtgewonden,9,personenauto,3,Fiets,Op Kruispunt,Gemeenteweg,binnen bebouwde kom,Tussen 2 bestuurders: Frontale botsing,Geen hindernis
44029,15,Oostende 2,Oostende,51.21371,2.92743,2.1561396376354716,51.22278952595337,2.954784361024782,2023,11,7,35002,Bredene,Regenval,"Nat, plassen",Dageraad - schemering,met lichtgewonden,9,personenauto,3,Fiets,Op Kruispunt,Gemeenteweg,binnen bebouwde kom,Tussen 2 bestuurders: Frontale botsing,Geen hindernis
44034,55,Torhout teller 1,Torhout,51.07161,3.08261,1.5392161666290456,51.08152008556384,3.097992650444306,2023,11,17,31033,Torhout,Onbekend,Droog,"Nacht, geen openbare verlichting aanwezig",met lichtgewonden,3,Fiets,6,Bromfiets,Buiten Kruispunt,Gemeenteweg,buiten bebouwde kom,Tussen 2 bestuurders: Flank tegen flank,Geen hindernis
44034,56,Torhout teller 2,Torhout,51.07147,3.08244,1.558655986880439,51.08152008556384,3.097992650444306,2023,11,17,31033,Torhout,Onbekend,Droog,"Nacht, geen openbare verlichting aanwezig",met lichtgewonden,3,Fiets,6,Bromfiets,Buiten Kruispunt,Gemeenteweg,buiten bebouwde kom,Tussen 2 bestuurders: Flank tegen flank,Geen hindernis
44036,51,"Brugge, Sint-Andries",Brugge,51.19281,3.16252,0.8639144910607662,51.18999248950102,3.150967019026564,2023,11,14,31012,Jabbeke,Normaal,Droog,Dag,met lichtgewonden,9,personenauto,3,Fiets,Buiten Kruispunt,Gewestweg,binnen bebouwde kom,Tss. 2 best.: langs opzij (voor-/achterkant-flank),Geen hindernis
44036,50,"Brugge, Sint-Andries",Brugge,51.19291,3.16252,0.8680079492153716,51.18999248950102,3.150967019026564,2023,11,14,31012,Jabbeke,Normaal,Droog,Dag,met lichtgewonden,9,personenauto,3,Fiets,Buiten Kruispunt,Gewestweg,binnen bebouwde kom,Tss. 2 best.: langs opzij (voor-/achterkant-flank),Geen hindernis
44040,55,Torhout teller 1,Torhout,51.07161,3.08261,1.474536917596027,51.06830075230909,3.103045823051172,2023,11,8,31033,Torhout,Normaal,Droog,Dag,met lichtgewonden,9,personenauto,3,Fiets,Buiten Kruispunt,Gewestweg,binnen bebouwde kom,Tss. 2 best.: langs opzij (voor-/achterkant-flank),Geen hindernis
44040,56,Torhout teller 2,Torhout,51.07147,3.08244,1.4822663564177943,51.06830075230909,3.103045823051172,2023,11,8,31033,Torhout,Normaal,Droog,Dag,met lichtgewonden,9,personenauto,3,Fiets,Buiten Kruispunt,Gewestweg,binnen bebouwde kom,Tss. 2 best.: langs opzij (voor-/achterkant-flank),Geen hindernis
44058,61,Wervik teller 2,Wervik,50.80555,3.0921,1.6198394692803226,50.806323164402684,3.115119316742561,2023,11,6,34027,Menen,Normaal,Droog,"Nacht, openbare verlichting aanwezig en ontstoken",met lichtgewonden,3,Fiets,8,Voetganger,Buiten Kruispunt,Gemeenteweg,binnen bebouwde kom,Met een voetganger,Geen hindernis
44058,62,Wervik teller 1,Wervik,50.8058,3.09154,1.6579238113882,50.806323164402684,3.115119316742561,2023,11,6,34027,Menen,Normaal,Droog,"Nacht, openbare verlichting aanwezig en ontstoken",met lichtgewonden,3,Fiets,8,Voetganger,Buiten Kruispunt,Gemeenteweg,binnen bebouwde kom,Met een voetganger,Geen hindernis
44060,143,Eco Display Classic Budastraat,Kortrijk,50.83066,3.26286,0.5750489810276989,50.83503394066529,3.2672287727357836,2023,11,7,34022,Kortrijk,Regenval,"Nat, plassen","Nacht, openbare verlichting aanwezig en ontstoken",met lichtgewonden,9,personenauto,3,Fiets,Op Kruispunt,Gewestweg,binnen bebouwde kom,Tss. 2 best.: langs opzij (voor-/achterkant-flank),Geen hindernis
44060,17,Kortrijk 2,Kortrijk,50.83339,3.27773,0.759787065949379,50.83503394066529,3.2672287727357836,2023,11,7,34022,Kortrijk,Regenval,"Nat, plassen","Nacht, openbare verlichting aanwezig en ontstoken",met lichtgewonden,9,personenauto,3,Fiets,Op Kruispunt,Gewestweg,binnen bebouwde kom,Tss. 2 best.: langs opzij (voor-/achterkant-flank),Geen hindernis
44060,16,Kortrijk 1,Kortrijk,50.83332,3.27777,0.7644177993014685,50.83503394066529,3.2672287727357836,2023,11,7,34022,Kortrijk,Regenval,"Nat, plassen","Nacht, openbare verlichting aanwezig en ontstoken",met lichtgewonden,9,personenauto,3,Fiets,Op Kruispunt,Gewestweg,binnen bebouwde kom,Tss. 2 best.: langs opzij (voor-/achterkant-flank),Geen hindernis
44060,75,Kortrijk teller 2,Kortrijk,50.81925,3.25731,1.88830767914815,50.83503394066529,3.2672287727357836,2023,11,7,34022,Kortrijk,Regenval,"Nat, plassen","Nacht, openbare verlichting aanwezig en ontstoken",met lichtgewonden,9,personenauto,3,Fiets,Op Kruispunt,Gewestweg,binnen bebouwde kom,Tss. 2 best.: langs opzij (voor-/achterkant-flank),Geen hindernis
44060,74,Kortrijk teller 1,Kortrijk,50.81909,3.25728,1.905627167521749,50.83503394066529,3.2672287727357836,2023,11,7,34022,Kortrijk,Regenval,"Nat, plassen","Nacht, openbare verlichting aanwezig en ontstoken",met lichtgewonden,9,personenauto,3,Fiets,Op Kruispunt,Gewestweg,binnen bebouwde kom,Tss. 2 best.: langs opzij (voor-/achterkant-flank),Geen hindernis
44061,17,Kortrijk 2,Kortrijk,50.83339,3.27773,2.412473673836609,50.854235168222466,3.2872573044426825,2023,11,17,34023,Kuurne,Regenval,"Nat, plassen","Nacht, openb. verlicht. aanw., maar niet ontstoken",met lichtgewonden,9,personenauto,3,Fiets,Op Kruispunt,Gemeenteweg,binnen bebouwde kom,Tss. 2 best.: langs opzij (voor-/achterkant-flank),Geen hindernis
44061,16,Kortrijk 1,Kortrijk,50.83332,3.27777,2.4191783751183653,50.854235168222466,3.2872573044426825,2023,11,17,34023,Kuurne,Regenval,"Nat, plassen","Nacht, openb. verlicht. aanw., maar niet ontstoken",met lichtgewonden,9,personenauto,3,Fiets,Op Kruispunt,Gemeenteweg,binnen bebouwde kom,Tss. 2 best.: langs opzij (voor-/achterkant-flank),Geen hindernis
44062,74,Kortrijk teller 1,Kortrijk,50.81909,3.25728,1.3771767042958247,50.80798269625184,3.248608192802577,2023,11,8,34022,Kortrijk,Normaal,Droog,Dageraad - schemering,met lichtgewonden,1,Autobus,3,Fiets,Buiten Kruispunt,Gewestweg,buiten bebouwde kom,Tss. 2 best.: langs opzij (voor-/achterkant-flank),Geen hindernis