crash_row_id,site_id,site_name,site_gemeente,site_lat,site_long,distance_km,crash_lat,crash_long,DT_YEAR_COLLISION,DT_MONTH_COLLISION,DT_TIME,CD_NIS,TX_MUNTY_COLLISION_NL,TX_WEATHER_NL,TX_ROAD_CONDITION_NL,TX_LIGHT_CONDITION_NL,TX_CLASS_ACCIDENTS_NL,CD_ROAD_USR_TYPE1,TX_ROAD_USR_TYPE1_NL,CD_ROAD_USR_TYPE2,TX_ROAD_USR_TYPE2_NL,TX_CROSSWAY_NL,CD_ROAD_TYPE_NL,TX_BUILD_UP_AREA_NL,TX_COLLISION_TYPE_NL,TX_OBSTACLES_NL
44062,75,Kortrijk teller 2,Kortrijk,50.81925,3.25731,1.3940769858358446,50.80798269625184,3.248608192802577,2023,11,8,34022,Kortrijk,Normaal,Droog,Dageraad - schemering,met lichtgewonden,1,Autobus,3,Fiets,Buiten Kruispunt,Gewestweg,buiten bebouwde kom,Tss. 2 best.: langs opzij (voor-/achterkant-flank),Geen hindernis
44063,16,Kortrijk 1,Kortrijk,50.83332,3.27777,1.5091914448224635,50.82058992341132,3.2852220151182654,2023,11,15,34022,Kortrijk,Normaal,Droog,Dag,met lichtgewonden,3,Fiets,10,"één bestuurder, geen hindernis",Buiten Kruispunt,Gewestweg,binnen bebouwde kom,"Eén bestuurder, geen hindernis (incl. val)",Geen hindernis
44063,17,Kortrijk 2,Kortrijk,50.83339,3.27773,1.5174662332476097,50.82058992341132,3.2852220151182654,2023,11,15,34022,Kortrijk,Normaal,Droog,Dag,met lichtgewonden,3,Fiets,10,"één bestuurder, geen hindernis",Buiten Kruispunt,Gewestweg,binnen bebouwde kom,"Eén bestuurder, geen hindernis (incl. val)",Geen hindernis
44063,143,Eco Display Classic Budastraat,Kortrijk,50.83066,3.26286,1.9289732157949764,50.82058992341132,3.2852220151182654,2023,11,15,34022,Kortrijk,Normaal,Droog,Dag,met lichtgewonden,3,Fiets,10,"één bestuurder, geen hindernis",Buiten Kruispunt,Gewestweg,binnen bebouwde kom,"Eén bestuurder, geen hindernis (incl. val)",Geen hindernis
44063,75,Kortrijk teller 2,Kortrijk,50.81925,3.25731,1.966429451021836,50.82058992341132,3.2852220151182654,2023,11,15,34022,Kortrijk,Normaal,Droog,Dag,met lichtgewonden,3,Fiets,10,"één bestuurder, geen hindernis",Buiten Kruispunt,Gewestweg,binnen bebouwde kom,"Eén bestuurder, geen hindernis (incl. val)",Geen hindernis
44063,74,Kortrijk teller 1,Kortrijk,50.81909,3.25728,1.9699606507440992,50.82058992341132,3.2852220151182654,2023,11,15,34022,Kortrijk,Normaal,Droog,Dag,met lichtgewonden,3,Fiets,10,"één bestuurder, geen hindernis",Buiten Kruispunt,Gewestweg,binnen bebouwde kom,"Eén bestuurder, geen hindernis (incl. val)",Geen hindernis
44064,17,Kortrijk 2,Kortrijk,50.83339,3.27773,0.33521335497276455,50.83240062732361,3.273221224846639,2023,11,7,34022,Kortrijk,Onbekend,Onbekend,Onbekend,met lichtgewonden,9,personenauto,3,Fiets,Buiten Kruispunt,Gewestweg,onbekend,Tussen 2 bestuurders: Flank tegen flank,Geen hindernis
44064,16,Kortrijk 1,Kortrijk,50.83332,3.27777,0.33541472304802095,50.83240062732361,3.273221224846639,2023,11,7,34022,Kortrijk,Onbekend,Onbekend,Onbekend,met lichtgewonden,9,personenauto,3,Fiets,Buiten Kruispunt,Gewestweg,onbekend,Tussen 2 bestuurders: Flank tegen flank,Geen hindernis
44064,143,Eco Display Classic Budastraat,Kortrijk,50.83066,3.26286,0.7529797476192716,50.83240062732361,3.273221224846639,2023,11,7,34022,Kortrijk,Onbekend,Onbekend,Onbekend,met lichtgewonden,9,personenauto,3,Fiets,Buiten Kruispunt,Gewestweg,onbekend,Tussen 2 bestuurders: Flank tegen flank,Geen hindernis
44064,75,Kortrijk teller 2,Kortrijk,50.81925,3.25731,1.8404611574657208,50.83240062732361,3.273221224846639,2023,11,7,34022,Kortrijk,Onbekend,Onbekend,Onbekend,met lichtgewonden,9,personenauto,3,Fiets,Buiten Kruispunt,Gewestweg,onbekend,Tussen 2 bestuurders: Flank tegen flank,Geen hindernis
44064,74,Kortrijk teller 1,Kortrijk,50.81909,3.25728,1.8558997870213212,50.83240062732361,3.273221224846639,2023,11,7,34022,Kortrijk,Onbekend,Onbekend,Onbekend,met lichtgewonden,9,personenauto,3,Fiets,Buiten Kruispunt,Gewestweg,onbekend,Tussen 2 bestuurders: Flank tegen flank,Geen hindernis
44065,143,Eco Display Classic Budastraat,Kortrijk,50.83066,3.26286,0.5242241127221143,50.83526002730612,3.261225348442957,2023,11,13,34022,Kortrijk,Normaal,Droog,Dag,met lichtgewonden,3,Fiets,9,personenauto,Op Kruispunt,Gewestweg,binnen bebouwde kom,Tussen 2 bestuurders: Frontale botsing,Geen hindernis
44065,17,Kortrijk 2,Kortrijk,50.83339,3.27773,1.1775734680877505,50.83526002730612,3.261225348442957,2023,11,13,34022,Kortrijk,Normaal,Droog,Dag,met lichtgewonden,3,Fiets,9,personenauto,Op Kruispunt,Gewestweg,binnen bebouwde kom,Tussen 2 bestuurders: Frontale botsing,Geen hindernis
44065,16,Kortrijk 1,Kortrijk,50.83332,3.27777,1.1817354256487247,50.83526002730612,3.261225348442957,2023,11,13,34022,Kortrijk,Normaal,Droog,Dag,met lichtgewonden,3,Fiets,9,personenauto,Op Kruispunt,Gewestweg,binnen bebouwde kom,Tussen 2 bestuurders: Frontale botsing,Geen hindernis
44065,75,Kortrijk teller 2,Kortrijk,50.81925,3.25731,1.8013494054017978,50.83526002730612,3.261225348442957,2023,11,13,34022,Kortrijk,Normaal,Droog,Dag,met lichtgewonden,3,Fiets,9,personenauto,Op Kruispunt,Gewestweg,binnen bebouwde kom,Tussen 2 bestuurders: Frontale botsing,Geen hindernis
44065,74,Kortrijk teller 1,Kortrijk,50.81909,3.25728,1.819253911598632,50.83526002730612,3.261225348442957,2023,11,13,34022,Kortrijk,Normaal,Droog,Dag,met lichtgewonden,3,Fiets,9,personenauto,Op Kruispunt,Gewestweg,binnen bebouwde kom,Tussen 2 bestuurders: Frontale botsing,Geen hindernis
44066,143,Eco Display Classic Budastraat,Kortrijk,50.83066,3.26286,2.1523601278169244,50.84984620553508,3.258801296340953,2023,11,17,34023,Kuurne,Regenval,"Nat, plassen",Onbekend,met lichtgewonden,3,Fiets,9,personenauto,Buiten Kruispunt,Gewestweg,buiten bebouwde kom,Tss. 2 best.: langs opzij (voor-/achterkant-flank),Geen hindernis
44066,17,Kortrijk 2,Kortrijk,50.83339,3.27773,2.2615993325665973,50.84984620553508,3.258801296340953,2023,11,17,34023,Kuurne,Regenval,"Nat, plassen",Onbekend,met lichtgewonden,3,Fiets,9,personenauto,Buiten Kruispunt,Gewestweg,buiten bebouwde kom,Tss. 2 best.: langs opzij (voor-/achterkant-flank),Geen hindernis
44066,16,Kortrijk 1,Kortrijk,50.83332,3.27777,2.2695493622899345,50.84984620553508,3.258801296340953,2023,11,17,34023,Kuurne,Regenval,"Nat, plassen",Onbekend,met lichtgewonden,3,Fiets,9,personenauto,Buiten Kruispunt,Gewestweg,buiten bebouwde kom,Tss. 2 best.: langs opzij (voor-/achterkant-flank),Geen hindernis
44067,143,Eco Display Classic Budastraat,Kortrijk,50.83066,3.26286,0.04769789305607504,50.830413448148114,3.2634157526011944,2023,11,9,34022,Kortrijk,Normaal,"Nat, plassen",Dag,met lichtgewonden,9,personenauto,3,Fiets,Op Kruispunt,Gemeenteweg,binnen bebouwde kom,Tss. 2 best.: langs opzij (voor-/achterkant-flank),Geen hindernis
44067,17,Kortrijk 2,Kortrijk,50.83339,3.27773,1.058379212891026,50.830413448148114,3.2634157526011944,2023,11,9,34022,Kortrijk,Normaal,"Nat, plassen",Dag,met lichtgewonden,9,personenauto,3,Fiets,Op Kruispunt,Gemeenteweg,binnen bebouwde kom,Tss. 2 best.: langs opzij (voor-/achterkant-flank),Geen hindernis
44067,16,Kortrijk 1,Kortrijk,50.83332,3.27777,1.0586464615722209,50.830413448148114,3.2634157526011944,2023,11,9,34022,Kortrijk,Normaal,"Nat, plassen",Dag,met lichtgewonden,9,personenauto,3,Fiets,Op Kruispunt,Gemeenteweg,binnen bebouwde kom,Tss. 2 best.: langs opzij (voor-/achterkant-flank),Geen hindernis
44067,75,Kortrijk teller 2,Kortrijk,50.81925,3.25731,1.313318670158657,50.830413448148114,3.2634157526011944,2023,11,9,34022,Kortrijk,Normaal,"Nat, plassen",Dag,met lichtgewonden,9,personenauto,3,Fiets,Op Kruispunt,Gemeenteweg,binnen bebouwde kom,Tss. 2 best.: langs opzij (voor-/achterkant-flank),Geen hindernis
44067,74,Kortrijk teller 1,Kortrijk,50.81909,3.25728,1.3308283449183336,50.830413448148114,3.2634157526011944,2023,11,9,34022,Kortrijk,Normaal,"Nat, plassen",Dag,met lichtgewonden,9,personenauto,3,Fiets,Op Kruispunt,Gemeenteweg,binnen bebouwde kom,Tss. 2 best.: langs opzij (voor-/achterkant-flank),Geen hindernis
44068,143,Eco Display Classic Budastraat,Kortrijk,50.83066,3.26286,0.7061839979325528,50.82756002056314,3.2540845450043263,2023,11,15,34022,Kortrijk,Onbekend,Onbekend,Dag,met lichtgewonden,3,Fiets,3,Fiets,Buiten Kruispunt,Gemeenteweg,binnen bebouwde kom,Tussen 2 bestuurders: Frontale botsing,Geen hindernis
44068,75,Kortrijk teller 2,Kortrijk,50.81925,3.25731,0.9514030260376408,50.82756002056314,3.2540845450043263,2023,11,15,34022,Kortrijk,Onbekend,Onbekend,Dag,met lichtgewonden,3,Fiets,3,Fiets,Buiten Kruispunt,Gemeenteweg,binnen bebouwde kom,Tussen 2 bestuurders: Frontale botsing,Geen hindernis
44068,74,Kortrijk teller 1,Kortrijk,50.81909,3.25728,0.9682010282225815,50.82756002056314,3.2540845450043263,2023,11,15,34022,Kortrijk,Onbekend,Onbekend,Dag,met lichtgewonden,3,Fiets,3,Fiets,Buiten Kruispunt,Gemeenteweg,binnen bebouwde kom,Tussen 2 bestuurders: Frontale botsing,Geen hindernis
44068,16,Kortrijk 1,Kortrijk,50.83332,3.27777,1.7825326616056014,50.82756002056314,3.2540845450043263,2023,11,15,34022,Kortrijk,Onbekend,Onbekend,Dag,met lichtgewonden,3,Fiets,3,Fiets,Buiten Kruispunt,Gemeenteweg,binnen bebouwde kom,Tussen 2 bestuurders: Frontale botsing,Geen hindernis
44068,17,Kortrijk 2,Kortrijk,50.83339,3.27773,1.7827257376710424,50.82756002056314,3.2540845450043263,2023,11,15,34022,Kortrijk,Onbekend,Onbekend,Dag,met lichtgewonden,3,Fiets,3,Fiets,Buiten Kruispunt,Gemeenteweg,binnen bebouwde kom,Tussen 2 bestuurders: Frontale botsing,Geen hindernis
44069,75,Kortrijk teller 2,Kortrijk,50.81925,3.25731,0.6428913437013891,50.82501800515564,3.2566813503241243,2023,11,17,34022,Kortrijk,Normaal,"Nat, plassen","Nacht, openbare verlichting aanwezig en ontstoken",met lichtgewonden,9,personenauto,3,Fiets,Op Kruispunt,Gewestweg,binnen bebouwde kom,Tussen 2 bestuurders: Frontale botsing,Geen hindernis
44069,74,Kortrijk teller 1,Kortrijk,50.81909,3.25728,0.6605041299675709,50.82501800515564,3.2566813503241243,2023,11,17,34022,Kortrijk,Normaal,"Nat, plassen","Nacht, openbare verlichting aanwezig en ontstoken",met lichtgewonden,9,personenauto,3,Fiets,Op Kruispunt,Gewestweg,binnen bebouwde kom,Tussen 2 bestuurders: Frontale botsing,Geen hindernis
44069,143,Eco Display Classic Budastraat,Kortrijk,50.83066,3.26286,0.7628299956714834,50.82501800515564,3.2566813503241243,2023,11,17,34022,Kortrijk,Normaal,"Nat, plassen","Nacht, openbare verlichting aanwezig en ontstoken",met lichtgewonden,9,personenauto,3,Fiets,Op Kruispunt,Gewestweg,binnen bebouwde kom,Tussen 2 bestuurders: Frontale botsing,Geen hindernis
44069,16,Kortrijk 1,Kortrijk,50.83332,3.27777,1.7452790916656642,50.82501800515564,3.2566813503241243,2023,11,17,34022,Kortrijk,Normaal,"Nat, plassen","Nacht, openbare verlichting aanwezig en ontstoken",met lichtgewonden,9,personenauto,3,Fiets,Op Kruispunt,Gewestweg,binnen bebouwde kom,Tussen 2 bestuurders: Frontale botsing,Geen hindernis
44069,17,Kortrijk 2,Kortrijk,50.83339,3.27773,1.7470297201770262,50.82501800515564,3.2566813503241243,2023,11,17,34022,Kortrijk,Normaal,"Nat, plassen","Nacht, openbare verlichting aanwezig en ontstoken",met lichtgewonden,9,personenauto,3,Fiets,Op Kruispunt,Gewestweg,binnen bebouwde kom,Tussen 2 bestuurders: Frontale botsing,Geen hindernis
44071,74,Kortrijk teller 1,Kortrijk,50.81909,3.25728,2.110298077111003,50.80698869709481,3.28041788849371,2023,11,20,34022,Kortrijk,Onbekend,"Nat, plassen","Nacht, openbare verlichting aanwezig en ontstoken",met lichtgewonden,9,personenauto,3,Fiets,Op Kruispunt,Gewestweg,binnen bebouwde kom,Tss. 2 best.: langs opzij (voor-/achterkant-flank),Geen hindernis
44071,75,Kortrijk teller 2,Kortrijk,50.81925,3.25731,2.120069985391057,50.80698869709481,3.28041788849371,2023,11,20,34022,Kortrijk,Onbekend,"Nat, plassen","Nacht, openbare verlichting aanwezig en ontstoken",met lichtgewonden,9,personenauto,3,Fiets,Op Kruispunt,Gewestweg,binnen bebouwde kom,Tss. 2 best.: langs opzij (voor-/achterkant-flank),Geen hindernis
44072,17,Kortrijk 2,Kortrijk,50.83339,3.27773,0.4492509234267379,50.83415114206477,3.2714474799139968,2023,11,10,34022,Kortrijk,Normaal,Droog,Dag,met zwaargewonden,5,Lichte vrachtauto,3,Fiets,Buiten Kruispunt,Gewestweg,binnen bebouwde kom,Tss. 2 best.: langs opzij (voor-/achterkant-flank),Geen hindernis
44072,16,Kortrijk 1,Kortrijk,50.83332,3.27777,0.4535322437724447,50.83415114206477,3.2714474799139968,2023,11,10,34022,Kortrijk,Normaal,Droog,Dag,met zwaargewonden,5,Lichte vrachtauto,3,Fiets,Buiten Kruispunt,Gewestweg,binnen bebouwde kom,Tss. 2 best.: langs opzij (voor-/achterkant-flank),Geen hindernis
44072,143,Eco Display Classic Budastraat,Kortrijk,50.83066,3.26286,0.7172322699679126,50.83415114206477,3.2714474799139968,2023,11,10,34022,Kortrijk,Normaal,Droog,Dag,met zwaargewonden,5,Lichte vrachtauto,3,Fiets,Buiten Kruispunt,Gewestweg,binnen bebouwde kom,Tss. 2 best.: langs opzij (voor-/achterkant-flank),Geen hindernis
44072,75,Kortrijk teller 2,Kortrijk,50.81925,3.25731,1.9316975710390778,50.83415114206477,3.2714474799139968,2023,11,10,34022,Kortrijk,Normaal,Droog,Dag,met zwaargewonden,5,Lichte vrachtauto,3,Fiets,Buiten Kruispunt,Gewestweg,binnen bebouwde kom,Tss. 2 best.: langs opzij (voor-/achterkant-flank),Geen hindernis
44072,74,Kortrijk teller 1,Kortrijk,50.81909,3.25728,1.9480560021071733,50.83415114206477,3.2714474799139968,2023,11,10,34022,Kortrijk,Normaal,Droog,Dag,met zwaargewonden,5,Lichte vrachtauto,3,Fiets,Buiten Kruispunt,Gewestweg,binnen bebouwde kom,Tss. 2 best.: langs opzij (voor-/achterkant-flank),Geen hindernis
44073,143,Eco Display Classic Budastraat,Kortrijk,50.83066,3.26286,0.33096629111905096,50.827890734623935,3.264587377686949,2023,11,13,34022,Kortrijk,Normaal,Droog,Dag,met lichtgewonden,3,Fiets,9,personenauto,Buiten Kruispunt,Gewestweg,binnen bebouwde kom,Tussen 2 bestuurders: Frontale botsing,Geen hindernis
44073,75,Kortrijk teller 2,Kortrijk,50.81925,3.25731,1.0883279862453006,50.827890734623935,3.264587377686949,2023,11,13,34022,Kortrijk,Normaal,Droog,Dag,met lichtgewonden,3,Fiets,9,personenauto,Buiten Kruispunt,Gewestweg,binnen bebouwde kom,Tussen 2 bestuurders: Frontale botsing,Geen hindernis
44073,74,Kortrijk teller 1,Kortrijk,50.81909,3.25728,1.1050438273204748,50.827890734623935,3.264587377686949,2023,11,13,34022,Kortrijk,Normaal,Droog,Dag,met lichtgewonden,3,Fiets,9,personenauto,Buiten Kruispunt,Gewestweg,binnen bebouwde kom,Tussen 2 bestuurders: Frontale botsing,Geen hindernis
44073,16,Kortrijk 1,Kortrijk,50.83332,3.27777,1.1052851281719538,50.827890734623935,3.264587377686949,2023,11,13,34022,Kortrijk,Normaal,Droog,Dag,met lichtgewonden,3,Fiets,9,personenauto,Buiten Kruispunt,Gewestweg,binnen bebouwde kom,Tussen 2 bestuurders: Frontale botsing,Geen hindernis
44073,17,Kortrijk 2,Kortrijk,50.83339,3.27773,1.1072120540425843,50.827890734623935,3.264587377686949,2023,11,13,34022,Kortrijk,Normaal,Droog,Dag,met lichtgewonden,3,Fiets,9,personenauto,Buiten Kruispunt,Gewestweg,binnen bebouwde kom,Tussen 2 bestuurders: Frontale botsing,Geen hindernis
44074,75,Kortrijk teller 2,Kortrijk,50.81925,3.25731,1.752219725217512,50.82783264648735,3.2363894583028148,2023,11,18,34022,Kortrijk,Normaal,"Nat, plassen","Nacht, openbare verlichting aanwezig en ontstoken",met lichtgewonden,3,Fiets,1,Autobus,Op Kruispunt,Gemeenteweg,binnen bebouwde kom,Tussen 2 bestuurders: Flank tegen flank,Geen hindernis
44074,74,Kortrijk teller 1,Kortrijk,50.81909,3.25728,1.7602178309829506,50.82783264648735,3.2363894583028148,2023,11,18,34022,Kortrijk,Normaal,"Nat, plassen","Nacht, openbare verlichting aanwezig en ontstoken",met lichtgewonden,3,Fiets,1,Autobus,Op Kruispunt,Gemeenteweg,binnen bebouwde kom,Tussen 2 bestuurders: Flank tegen flank,Geen hindernis
44074,143,Eco Display Classic Budastraat,Kortrijk,50.83066,3.26286,1.8855387362429787,50.82783264648735,3.2363894583028148,2023,11,18,34022,Kortrijk,Normaal,"Nat, plassen","Nacht, openbare verlichting aanwezig en ontstoken",met lichtgewonden,3,Fiets,1,Autobus,Op Kruispunt,Gemeenteweg,binnen bebouwde kom,Tussen 2 bestuurders: Flank tegen flank,Geen hindernis
44094,62,Wervik teller 1,Wervik,50.8058,3.09154,1.4562458467053423,50.80853259292215,3.0712718832791728,2023,11,22,33029,Wervik,Normaal,"Nat, plassen","Nacht, openbare verlichting aanwezig en ontstoken",met lichtgewonden,9,personenauto,3,Fiets,Buiten Kruispunt,Gewestweg,binnen bebouwde kom,Tussen 2 bestuurders: Langs achteren,Geen hindernis
44094,61,Wervik teller 2,Wervik,50.80555,3.0921,1.5006537423396822,50.80853259292215,3.0712718832791728,2023,11,22,33029,Wervik,Normaal,"Nat, plassen","Nacht, openbare verlichting aanwezig en ontstoken",met lichtgewonden,9,personenauto,3,Fiets,Buiten Kruispunt,Gewestweg,binnen bebouwde kom,Tussen 2 bestuurders: Langs achteren,Geen hindernis
44095,67,Ieper totem,Ieper,50.85018,2.85624,0.9765899847358533,50.84907171754398,2.8700395864122847,2023,11,17,33011,Ieper,Normaal,"Nat, plassen","Nacht, openbare verlichting aanwezig en ontstoken",met lichtgewonden,6,Bromfiets,3,Fiets,Buiten Kruispunt,Gewestweg,binnen bebouwde kom,Tussen 2 bestuurders: Frontale botsing,Geen hindernis
44095,68,Ieper,Ieper,50.85032,2.85608,0.9897951466090779,50.84907171754398,2.8700395864122847,2023,11,17,33011,Ieper,Normaal,"Nat, plassen","Nacht, openbare verlichting aanwezig en ontstoken",met lichtgewonden,6,Bromfiets,3,Fiets,Buiten Kruispunt,Gewestweg,binnen bebouwde kom,Tussen 2 bestuurders: Frontale botsing,Geen hindernis
44099,67,Ieper totem,Ieper,50.85018,2.85624,2.2638891529525744,50.849246240060985,2.8884535192841185,2023,11,8,33011,Ieper,Normaal,Droog,Dag,met lichtgewonden,9,personenauto,3,Fiets,Op Kruispunt,Gemeenteweg,binnen bebouwde kom,Tussen 2 bestuurders: Frontale botsing,Geen hindernis
44099,68,Ieper,Ieper,50.85032,2.85608,2.27587014738527,50.849246240060985,2.8884535192841185,2023,11,8,33011,Ieper,Normaal,Droog,Dag,met lichtgewonden,9,personenauto,3,Fiets,Op Kruispunt,Gemeenteweg,binnen bebouwde kom,Tussen 2 bestuurders: Frontale botsing,Geen hindernis
44100,67,Ieper totem,Ieper,50.85018,2.85624,0.8115641806276301,50.84635808958979,2.866088153358566,2023,11,12,33011,Ieper,Normaal,Droog,Dag,met lichtgewonden,9,personenauto,3,Fiets,Op Kruispunt,Gemeenteweg,binnen bebouwde kom,Tss. 2 best.: langs opzij (voor-/achterkant-flank),Geen hindernis
44100,68,Ieper,Ieper,50.85032,2.85608,0.8293176649101512,50.84635808958979,2.866088153358566,2023,11,12,33011,Ieper,Normaal,Droog,Dag,met lichtgewonden,9,personenauto,3,Fiets,Op Kruispunt,Gemeenteweg,binnen bebouwde kom,Tss. 2 best.: langs opzij (voor-/achterkant-flank),Geen hindernis
44101,67,Ieper totem,Ieper,50.85018,2.85624,1.5672983684074835,50.846218532795135,2.877664452278644,2023,11,18,33011,Ieper,Normaal,Droog,"Nacht, openbare verlichting aanwezig en ontstoken",met lichtgewonden,3,Fiets,5,Lichte vrachtauto,Buiten Kruispunt,Gewestweg,binnen bebouwde kom,Tussen 2 bestuurders: Flank tegen flank,Geen hindernis
44101,68,Ieper,Ieper,50.85032,2.85608,1.5824954740700727,50.846218532795135,2.877664452278644,2023,11,18,33011,Ieper,Normaal,Droog,"Nacht, openbare verlichting aanwezig en ontstoken",met lichtgewonden,3,Fiets,5,Lichte vrachtauto,Buiten Kruispunt,Gewestweg,binnen bebouwde kom,Tussen 2 bestuurders: Flank tegen flank,Geen hindernis
44104,41,Maasmechelen teller 1,Maasmechelen,50.97025,5.69799,0.7612624163633377,50.97115479041073,5.687213511213212,2023,11,7,73107,Maasmechelen,Normaal,"Nat, plassen","Nacht, openbare verlichting aanwezig en ontstoken",met lichtgewonden,9,personenauto,3,Fiets,Op Kruispunt,Gemeenteweg,binnen bebouwde kom,Tss. 2 best.: langs opzij (voor-/achterkant-flank),Geen hindernis
44104,42,Maasmechelen teller 2,Maasmechelen,50.97043,5.6981,0.7665343749392725,50.97115479041073,5.687213511213212,2023,11,7,73107,Maasmechelen,Normaal,"Nat, plassen","Nacht, openbare verlichting aanwezig en ontstoken",met lichtgewonden,9,personenauto,3,Fiets,Op Kruispunt,Gemeenteweg,binnen bebouwde kom,Tss. 2 best.: langs opzij (voor-/achterkant-flank),Geen hindernis
44107,124,Beveren teller 2,Beveren,51.1964712,4.2361077,1.1578230078254472,51.19556649004929,4.219554532021953,2023,11,8,46003,Beveren,Normaal,Droog,Dageraad - schemering,met zwaargewonden,3,Fiets,9,personenauto,Buiten Kruispunt,Gewestweg,buiten bebouwde kom,Tss. 2 best.: langs opzij (voor-/achterkant-flank),Geen hindernis
44112,124,Beveren teller 2,Beveren,51.1964712,4.2361077,1.9660198128602187,51.21118880379798,4.251745957925741,2023,11,14,46003,Beveren,Normaal,"Nat, plassen",Dag,met lichtgewonden,3,Fiets,10,"één bestuurder, geen hindernis",Buiten Kruispunt,Gewestweg,binnen bebouwde kom,"Eén bestuurder, geen hindernis (incl. val)",Geen hindernis
44113,124,Beveren teller 2,Beveren,51.1964712,4.2361077,2.2418515430688117,51.21262534166923,4.255361795425306,2023,11,16,46003,Beveren,Normaal,Onbekend,Dag,met lichtgewonden,9,personenauto,3,Fiets,Op Kruispunt,Gewestweg,binnen bebouwde kom,Tss. 2 best.: langs opzij (voor-/achterkant-flank),Geen hindernis
44117,137,Hasselt-Kempische brug,Hasselt,50.9411605,5.3417576,0.7670899699115092,50.94464119577184,5.332304839513334,2023,11,16,71022,Hasselt,Normaal,Droog,Dag,met lichtgewonden,9,personenauto,3,Fiets,Op Kruispunt,Gewestweg,buiten bebouwde kom,Tss. 2 best.: langs opzij (voor-/achterkant-flank),Geen hindernis
44117,138,Hasselt-Kempische brug,Hasselt,50.9405318,5.3422472,0.8330957993505469,50.94464119577184,5.332304839513334,2023,11,16,71022,Hasselt,Normaal,Droog,Dag,met lichtgewonden,9,personenauto,3,Fiets,Op Kruispunt,Gewestweg,buiten bebouwde kom,Tss. 2 best.: langs opzij (voor-/achterkant-flank),Geen hindernis
44117,140,Hasselt ring,Hasselt,50.9300038,5.3438616,1.8179314462143012,50.94464119577184,5.332304839513334,2023,11,16,71022,Hasselt,Normaal,Droog,Dag,met lichtgewonden,9,personenauto,3,Fiets,Op Kruispunt,Gewestweg,buiten bebouwde kom,Tss. 2 best.: langs opzij (voor-/achterkant-flank),Geen hindernis
44119,138,Hasselt-Kempische brug,Hasselt,50.9405318,5.3422472,1.3860141230098912,50.93448594931234,5.324949702153506,2023,11,12,71022,Hasselt,Onbekend,Droog,Dag,met lichtgewonden,9,personenauto,3,Fiets,Op Kruispunt,Gemeenteweg,binnen bebouwde kom,Tss. 2 best.: langs opzij (voor-/achterkant-flank),Geen hindernis
44119,137,Hasselt-Kempische brug,Hasselt,50.9411605,5.3417576,1.3920885023541643,50.93448594931234,5.324949702153506,2023,11,12,71022,Hasselt,Onbekend,Droog,Dag,met lichtgewonden,9,personenauto,3,Fiets,Op Kruispunt,Gemeenteweg,binnen bebouwde kom,Tss. 2 best.: langs opzij (voor-/achterkant-flank),Geen hindernis
44119,140,Hasselt ring,Hasselt,50.9300038,5.3438616,1.415946686402065,50.93448594931234,5.324949702153506,2023,11,12,71022,Hasselt,Onbekend,Droog,Dag,met lichtgewonden,9,personenauto,3,Fiets,Op Kruispunt,Gemeenteweg,binnen bebouwde kom,Tss. 2 best.: langs opzij (voor-/achterkant-flank),Geen hindernis
44121,140,Hasselt ring,Hasselt,50.9300038,5.3438616,2.034225286906708,50.92471828444281,5.3160749726697105,2023,11,13,71022,Hasselt,Normaal,Droog,Dag,met zwaargewonden,9,personenauto,3,Fiets,Op Kruispunt,Gemeenteweg,buiten bebouwde kom,Tss. 2 best.: langs opzij (voor-/achterkant-flank),Geen hindernis
44123,137,Hasselt-Kempische brug,Hasselt,50.9411605,5.3417576,0.8086547939858292,50.948008893745474,5.345641155618629,2023,11,15,71022,Hasselt,Normaal,Droog,Dag,met lichtgewonden,9,personenauto,3,Fiets,Op Kruispunt,Gewestweg,buiten bebouwde kom,Tss. 2 best.: langs opzij (voor-/achterkant-flank),Geen hindernis
44123,138,Hasselt-Kempische brug,Hasselt,50.9405318,5.3422472,0.8647498626157948,50.948008893745474,5.345641155618629,2023,11,15,71022,Hasselt,Normaal,Droog,Dag,met lichtgewonden,9,personenauto,3,Fiets,Op Kruispunt,Gewestweg,buiten bebouwde kom,Tss. 2 best.: langs opzij (voor-/achterkant-flank),Geen hindernis
44123,140,Hasselt ring,Hasselt,50.9300038,5.3438616,2.0059543157684367,50.948008893745474,5.345641155618629,2023,11,15,71022,Hasselt,Normaal,Droog,Dag,met lichtgewonden,9,personenauto,3,Fiets,Op Kruispunt,Gewestweg,buiten bebouwde kom,Tss. 2 best.: langs opzij (voor-/achterkant-flank),Geen hindernis
44126,14,Genk,Genk,50.97172,5.48927,1.0631158957885625,50.969920585820475,5.4743585608665715,2023,11,7,71016,Genk,Onbekend,Onbekend,Onbekend,met lichtgewonden,3,Fiets,8,Voetganger,Buiten Kruispunt,Gemeenteweg,buiten bebouwde kom,Met een voetganger,Geen hindernis
44130,25,Bree,Bree,51.13679500160176,5.597669323604317,1.2518039540317658,51.147692190538315,5.593164438665485,2023,11,16,72004,Bree,Normaal,Droog,Dageraad - schemering,met lichtgewonden,3,Fiets,9,personenauto,Buiten Kruispunt,Gemeenteweg,buiten bebouwde kom,Tussen 2 bestuurders: Flank tegen flank,Geen hindernis