crash_row_id,site_id,site_name,site_gemeente,site_lat,site_long,distance_km,crash_lat,crash_long,DT_YEAR_COLLISION,DT_MONTH_COLLISION,DT_TIME,CD_NIS,TX_MUNTY_COLLISION_NL,TX_WEATHER_NL,TX_ROAD_CONDITION_NL,TX_LIGHT_CONDITION_NL,TX_CLASS_ACCIDENTS_NL,CD_ROAD_USR_TYPE1,TX_ROAD_USR_TYPE1_NL,CD_ROAD_USR_TYPE2,TX_ROAD_USR_TYPE2_NL,TX_CROSSWAY_NL,CD_ROAD_TYPE_NL,TX_BUILD_UP_AREA_NL,TX_COLLISION_TYPE_NL,TX_OBSTACLES_NL
44131,25,Bree,Bree,51.13679500160176,5.597669323604317,0.4711904713192792,51.14045207561976,5.594257599801447,2023,11,16,72004,Bree,Normaal,Droog,Dag,met lichtgewonden,3,Fiets,9,personenauto,Buiten Kruispunt,Gewestweg,binnen bebouwde kom,Tussen 2 bestuurders: Flank tegen flank,Geen hindernis
44135,139,Houthalen-Helchteren,Houthalen-Helchteren,51.0644267,5.3819796,1.440458515952889,51.05147297036159,5.381777141622917,2023,11,12,72039,Houthalen-Helchteren,Normaal,"Nat, plassen",Dag,met lichtgewonden,9,personenauto,3,Fiets,Buiten Kruispunt,Gewestweg,buiten bebouwde kom,Tss. 2 best.: langs opzij (voor-/achterkant-flank),Geen hindernis
44139,14,Genk,Genk,50.97172,5.48927,2.112425325895414,50.97702664866707,5.518239687007354,2023,11,8,71016,Genk,Normaal,Droog,Dag,met lichtgewonden,3,Fiets,9,personenauto,Op Kruispunt,Gemeenteweg,binnen bebouwde kom,Tss. 2 best.: langs opzij (voor-/achterkant-flank),Geen hindernis
44140,25,Bree,Bree,51.13679500160176,5.597669323604317,1.0096294731189668,51.145618938068004,5.594257841606702,2023,12,15,72004,Bree,Onbekend,Onbekend,Dag,met lichtgewonden,3,Fiets,1,Autobus,Buiten Kruispunt,Gewestweg,onbekend,Tussen 2 bestuurders: Flank tegen flank,Geen hindernis
44141,23,Tienen 3,Tienen,50.81324,4.93447,0.7604576798555437,50.80711352262158,4.929660076381232,2023,11,18,24107,Tienen,Normaal,Droog,"Nacht, openbare verlichting aanwezig en ontstoken",met lichtgewonden,3,Fiets,1,Autobus,Buiten Kruispunt,Gemeenteweg,binnen bebouwde kom,Tussen 2 bestuurders: Langs achteren,Geen hindernis
44141,24,Tienen 1,Tienen,50.8133795491886,4.935044252605416,0.7928294019855651,50.80711352262158,4.929660076381232,2023,11,18,24107,Tienen,Normaal,Droog,"Nacht, openbare verlichting aanwezig en ontstoken",met lichtgewonden,3,Fiets,1,Autobus,Buiten Kruispunt,Gemeenteweg,binnen bebouwde kom,Tussen 2 bestuurders: Langs achteren,Geen hindernis
44141,22,Tienen 2,Tienen,50.81330800184882,4.935984252796022,0.8196892845673198,50.80711352262158,4.929660076381232,2023,11,18,24107,Tienen,Normaal,Droog,"Nacht, openbare verlichting aanwezig en ontstoken",met lichtgewonden,3,Fiets,1,Autobus,Buiten Kruispunt,Gemeenteweg,binnen bebouwde kom,Tussen 2 bestuurders: Langs achteren,Geen hindernis
44142,22,Tienen 2,Tienen,50.81330800184882,4.935984252796022,2.1840178364031253,50.800464702668656,4.959499950812001,2023,12,13,24107,Tienen,Normaal,Droog,Dag,met zwaargewonden,9,personenauto,3,Fiets,Buiten Kruispunt,Gewestweg,binnen bebouwde kom,Tss. 2 best.: langs opzij (voor-/achterkant-flank),Geen hindernis
44142,24,Tienen 1,Tienen,50.8133795491886,4.935044252605416,2.2395017141186284,50.800464702668656,4.959499950812001,2023,12,13,24107,Tienen,Normaal,Droog,Dag,met zwaargewonden,9,personenauto,3,Fiets,Buiten Kruispunt,Gewestweg,binnen bebouwde kom,Tss. 2 best.: langs opzij (voor-/achterkant-flank),Geen hindernis
44142,23,Tienen 3,Tienen,50.81324,4.93447,2.260832509340212,50.800464702668656,4.959499950812001,2023,12,13,24107,Tienen,Normaal,Droog,Dag,met zwaargewonden,9,personenauto,3,Fiets,Buiten Kruispunt,Gewestweg,binnen bebouwde kom,Tss. 2 best.: langs opzij (voor-/achterkant-flank),Geen hindernis
44144,23,Tienen 3,Tienen,50.81324,4.93447,1.823948937303544,50.796892216203496,4.936601132147278,2023,11,8,24107,Tienen,Normaal,"Nat, plassen",Dag,met lichtgewonden,3,Fiets,9,personenauto,Op Kruispunt,Gewestweg,binnen bebouwde kom,Tss. 2 best.: langs opzij (voor-/achterkant-flank),Geen hindernis
44144,22,Tienen 2,Tienen,50.81330800184882,4.935984252796022,1.8258667308556322,50.796892216203496,4.936601132147278,2023,11,8,24107,Tienen,Normaal,"Nat, plassen",Dag,met lichtgewonden,3,Fiets,9,personenauto,Op Kruispunt,Gewestweg,binnen bebouwde kom,Tss. 2 best.: langs opzij (voor-/achterkant-flank),Geen hindernis
44144,24,Tienen 1,Tienen,50.8133795491886,4.935044252605416,1.836569206874844,50.796892216203496,4.936601132147278,2023,11,8,24107,Tienen,Normaal,"Nat, plassen",Dag,met lichtgewonden,3,Fiets,9,personenauto,Op Kruispunt,Gewestweg,binnen bebouwde kom,Tss. 2 best.: langs opzij (voor-/achterkant-flank),Geen hindernis
44152,99,Mechelen teller 1,Mechelen,51.04564,4.46882,2.3107489538415975,51.03100702112911,4.492286314516858,2023,11,19,12025,Mechelen,Normaal,Droog,"Nacht, openbare verlichting aanwezig en ontstoken",met lichtgewonden,9,personenauto,3,Fiets,Op Kruispunt,Gewestweg,binnen bebouwde kom,Tss. 2 best.: langs opzij (voor-/achterkant-flank),Geen hindernis
44152,100,Mechelen teller 2,Mechelen,51.0457,4.46883,2.3149555163351443,51.03100702112911,4.492286314516858,2023,11,19,12025,Mechelen,Normaal,Droog,"Nacht, openbare verlichting aanwezig en ontstoken",met lichtgewonden,9,personenauto,3,Fiets,Op Kruispunt,Gewestweg,binnen bebouwde kom,Tss. 2 best.: langs opzij (voor-/achterkant-flank),Geen hindernis
44154,99,Mechelen teller 1,Mechelen,51.04564,4.46882,2.4599957042742178,51.023894122304455,4.475290407468662,2023,11,15,12025,Mechelen,Onbekend,Onbekend,Dag,met lichtgewonden,3,Fiets,9,personenauto,Buiten Kruispunt,Gemeenteweg,binnen bebouwde kom,Tussen 2 bestuurders: Flank tegen flank,Geen hindernis
44154,100,Mechelen teller 2,Mechelen,51.0457,4.46883,2.4664256730130862,51.023894122304455,4.475290407468662,2023,11,15,12025,Mechelen,Onbekend,Onbekend,Dag,met lichtgewonden,3,Fiets,9,personenauto,Buiten Kruispunt,Gemeenteweg,binnen bebouwde kom,Tussen 2 bestuurders: Flank tegen flank,Geen hindernis
44155,99,Mechelen teller 1,Mechelen,51.04564,4.46882,2.375934945529927,51.02868909851225,4.489507727836258,2023,11,18,12025,Mechelen,Onbekend,Onbekend,Onbekend,met lichtgewonden,3,Fiets,9,personenauto,Op Kruispunt,Gewestweg,binnen bebouwde kom,Tss. 2 best.: langs opzij (voor-/achterkant-flank),Geen hindernis
44155,100,Mechelen teller 2,Mechelen,51.0457,4.46883,2.3808058872134428,51.02868909851225,4.489507727836258,2023,11,18,12025,Mechelen,Onbekend,Onbekend,Onbekend,met lichtgewonden,3,Fiets,9,personenauto,Op Kruispunt,Gewestweg,binnen bebouwde kom,Tss. 2 best.: langs opzij (voor-/achterkant-flank),Geen hindernis
44156,99,Mechelen teller 1,Mechelen,51.04564,4.46882,1.5036243004354706,51.0351737156496,4.482437464801489,2023,11,20,12025,Mechelen,Regenval,"Nat, plassen","Nacht, openbare verlichting aanwezig en ontstoken",met lichtgewonden,9,personenauto,3,Fiets,Op Kruispunt,Gewestweg,binnen bebouwde kom,Tss. 2 best.: langs opzij (voor-/achterkant-flank),Geen hindernis
44156,100,Mechelen teller 2,Mechelen,51.0457,4.46883,1.5083525953966506,51.0351737156496,4.482437464801489,2023,11,20,12025,Mechelen,Regenval,"Nat, plassen","Nacht, openbare verlichting aanwezig en ontstoken",met lichtgewonden,9,personenauto,3,Fiets,Op Kruispunt,Gewestweg,binnen bebouwde kom,Tss. 2 best.: langs opzij (voor-/achterkant-flank),Geen hindernis
44158,99,Mechelen teller 1,Mechelen,51.04564,4.46882,0.7732234263607035,51.03910970240461,4.472620543364768,2023,11,17,12025,Mechelen,Regenval,"Nat, plassen","Nacht, openbare verlichting aanwezig en ontstoken",met lichtgewonden,9,personenauto,3,Fiets,Buiten Kruispunt,Gewestweg,binnen bebouwde kom,Tussen 2 bestuurders: Flank tegen flank,Geen hindernis
44158,100,Mechelen teller 2,Mechelen,51.0457,4.46883,0.7792541057769553,51.03910970240461,4.472620543364768,2023,11,17,12025,Mechelen,Regenval,"Nat, plassen","Nacht, openbare verlichting aanwezig en ontstoken",met lichtgewonden,9,personenauto,3,Fiets,Buiten Kruispunt,Gewestweg,binnen bebouwde kom,Tussen 2 bestuurders: Flank tegen flank,Geen hindernis
44174,2,Brasschaat 2,Brasschaat,51.27512,4.47169,2.2270254345963036,51.27833633878158,4.440089211442295,2023,12,8,11002,Antwerpen,Normaal,Onbekend,"Nacht, openbare verlichting aanwezig en ontstoken",met lichtgewonden,9,personenauto,3,Fiets,Op Kruispunt,Gemeenteweg,binnen bebouwde kom,Tss. 2 best.: langs opzij (voor-/achterkant-flank),Geen hindernis
44174,3,Brasschaat 1,Brasschaat,51.27503,4.47222,2.265025984477677,51.27833633878158,4.440089211442295,2023,12,8,11002,Antwerpen,Normaal,Onbekend,"Nacht, openbare verlichting aanwezig en ontstoken",met lichtgewonden,9,personenauto,3,Fiets,Op Kruispunt,Gemeenteweg,binnen bebouwde kom,Tss. 2 best.: langs opzij (voor-/achterkant-flank),Geen hindernis
44227,2,Brasschaat 2,Brasschaat,51.27512,4.47169,1.0494897596027801,51.27442632378078,4.4566436926077255,2023,12,15,11008,Brasschaat,Onbekend,Onbekend,Dag,met lichtgewonden,9,personenauto,3,Fiets,Buiten Kruispunt,Gewestweg,binnen bebouwde kom,Tss. 2 best.: langs opzij (voor-/achterkant-flank),Geen hindernis
44227,3,Brasschaat 1,Brasschaat,51.27503,4.47222,1.0855976360093578,51.27442632378078,4.4566436926077255,2023,12,15,11008,Brasschaat,Onbekend,Onbekend,Dag,met lichtgewonden,9,personenauto,3,Fiets,Buiten Kruispunt,Gewestweg,binnen bebouwde kom,Tss. 2 best.: langs opzij (voor-/achterkant-flank),Geen hindernis
44243,2,Brasschaat 2,Brasschaat,51.27512,4.47169,2.345703234798626,51.29576336641834,4.4647449298822615,2023,12,16,11008,Brasschaat,Regenval,"Nat, plassen","Nacht, openbare verlichting aanwezig en ontstoken",met lichtgewonden,9,personenauto,3,Fiets,Op Kruispunt,Gemeenteweg,binnen bebouwde kom,Tss. 2 best.: langs opzij (voor-/achterkant-flank),Geen hindernis
44243,3,Brasschaat 1,Brasschaat,51.27503,4.47222,2.3633308037835743,51.29576336641834,4.4647449298822615,2023,12,16,11008,Brasschaat,Regenval,"Nat, plassen","Nacht, openbare verlichting aanwezig en ontstoken",met lichtgewonden,9,personenauto,3,Fiets,Op Kruispunt,Gemeenteweg,binnen bebouwde kom,Tss. 2 best.: langs opzij (voor-/achterkant-flank),Geen hindernis
44244,2,Brasschaat 2,Brasschaat,51.27512,4.47169,1.3985902633628737,51.280610614052335,4.453599938780238,2023,12,11,11008,Brasschaat,Normaal,Droog,Dag,met lichtgewonden,9,personenauto,3,Fiets,Op Kruispunt,Gemeenteweg,binnen bebouwde kom,Tss. 2 best.: langs opzij (voor-/achterkant-flank),Geen hindernis
44244,3,Brasschaat 1,Brasschaat,51.27503,4.47222,1.4361448947928857,51.280610614052335,4.453599938780238,2023,12,11,11008,Brasschaat,Normaal,Droog,Dag,met lichtgewonden,9,personenauto,3,Fiets,Op Kruispunt,Gemeenteweg,binnen bebouwde kom,Tss. 2 best.: langs opzij (voor-/achterkant-flank),Geen hindernis
44255,8,Heist op den Berg 1,Heist-op-den-Berg,51.06759,4.68823,0.7033912327577903,51.062818274197355,4.6816218464340515,2023,12,11,12029,Putte,Normaal,Droog,Dag,met lichtgewonden,9,personenauto,3,Fiets,Op Kruispunt,Gemeenteweg,buiten bebouwde kom,Tss. 2 best.: langs opzij (voor-/achterkant-flank),Geen hindernis
44255,9,Heist op den Berg 2,Heist-op-den-Berg,51.06904,4.69524,1.1765095973901105,51.062818274197355,4.6816218464340515,2023,12,11,12029,Putte,Normaal,Droog,Dag,met lichtgewonden,9,personenauto,3,Fiets,Op Kruispunt,Gemeenteweg,buiten bebouwde kom,Tss. 2 best.: langs opzij (voor-/achterkant-flank),Geen hindernis
44263,96,Lier teller 2,Lier,51.11705,4.58444,1.1316056672635457,51.124941793741336,4.574203150207315,2023,12,12,12021,Lier,Normaal,Droog,Dag,met lichtgewonden,5,Lichte vrachtauto,3,Fiets,Buiten Kruispunt,Gewestweg,binnen bebouwde kom,Tss. 2 best.: langs opzij (voor-/achterkant-flank),Geen hindernis
44263,95,Lier teller 1,Lier,51.11687,4.58437,1.1441608587006595,51.124941793741336,4.574203150207315,2023,12,12,12021,Lier,Normaal,Droog,Dag,met lichtgewonden,5,Lichte vrachtauto,3,Fiets,Buiten Kruispunt,Gewestweg,binnen bebouwde kom,Tss. 2 best.: langs opzij (voor-/achterkant-flank),Geen hindernis
44264,96,Lier teller 2,Lier,51.11705,4.58444,1.2616028361106808,51.1283674041288,4.5857196143366235,2023,12,8,12021,Lier,Onbekend,Onbekend,Onbekend,met lichtgewonden,3,Fiets,3,Fiets,Buiten Kruispunt,Gewestweg,onbekend,Tussen 2 bestuurders: Frontale botsing,Geen hindernis
44264,95,Lier teller 1,Lier,51.11687,4.58437,1.2819182176899455,51.1283674041288,4.5857196143366235,2023,12,8,12021,Lier,Onbekend,Onbekend,Onbekend,met lichtgewonden,3,Fiets,3,Fiets,Buiten Kruispunt,Gewestweg,onbekend,Tussen 2 bestuurders: Frontale botsing,Geen hindernis
44270,92,Nijlen teller 1,Nijlen,51.14989,4.64479,1.8961184053655373,51.15967562517645,4.6670548443308375,2023,12,10,12026,Nijlen,Normaal,Droog,Dag,Met doden,9,personenauto,3,Fiets,Op Kruispunt,Gewestweg,binnen bebouwde kom,Tussen 2 bestuurders: Frontale botsing,Geen hindernis
44270,93,Nijlen teller 2,Nijlen,51.14998,4.64469,1.8961250895665094,51.15967562517645,4.6670548443308375,2023,12,10,12026,Nijlen,Normaal,Droog,Dag,Met doden,9,personenauto,3,Fiets,Op Kruispunt,Gewestweg,binnen bebouwde kom,Tussen 2 bestuurders: Frontale botsing,Geen hindernis
44272,9,Heist op den Berg 2,Heist-op-den-Berg,51.06904,4.69524,1.5263086292584498,51.06210170807779,4.71408657838688,2023,12,15,12014,Heist-op-den-Berg,Normaal,"Nat, plassen",Dag,Met doden,3,Fiets,4,Vrachtwagen,Buiten Kruispunt,Gemeenteweg,binnen bebouwde kom,Tussen 2 bestuurders: Frontale botsing,Geen hindernis
44272,8,Heist op den Berg 1,Heist-op-den-Berg,51.06759,4.68823,1.907120146148533,51.06210170807779,4.71408657838688,2023,12,15,12014,Heist-op-den-Berg,Normaal,"Nat, plassen",Dag,Met doden,3,Fiets,4,Vrachtwagen,Buiten Kruispunt,Gemeenteweg,binnen bebouwde kom,Tussen 2 bestuurders: Frontale botsing,Geen hindernis
44281,112,Geel teller 2,Westerlo,51.1354992,4.9394789,1.9081879991004844,51.147067852376146,4.959681372944039,2023,12,5,13008,Geel,Normaal,Droog,"Nacht, geen openbare verlichting aanwezig",met lichtgewonden,3,Fiets,3,Fiets,Buiten Kruispunt,Gewestweg,buiten bebouwde kom,Tussen 2 bestuurders: Frontale botsing,Geen hindernis
44281,127,Geel totem,Westerlo,51.1342966,4.9400421,1.9733063789066045,51.147067852376146,4.959681372944039,2023,12,5,13008,Geel,Normaal,Droog,"Nacht, geen openbare verlichting aanwezig",met lichtgewonden,3,Fiets,3,Fiets,Buiten Kruispunt,Gewestweg,buiten bebouwde kom,Tussen 2 bestuurders: Frontale botsing,Geen hindernis
44287,94,Herentals teller 2,Herentals,51.17345,4.81283,2.041611753592464,51.15868313366992,4.795429647633011,2023,12,16,13012,Herenthout,Regenval,"Nat, plassen","Nacht, openbare verlichting aanwezig en ontstoken",met lichtgewonden,3,Fiets,9,personenauto,Op Kruispunt,Gemeenteweg,buiten bebouwde kom,Tss. 2 best.: langs opzij (voor-/achterkant-flank),Geen hindernis
44287,110,Herentals totem,Herentals,51.1739426,4.811783,2.0443162349447173,51.15868313366992,4.795429647633011,2023,12,16,13012,Herenthout,Regenval,"Nat, plassen","Nacht, openbare verlichting aanwezig en ontstoken",met lichtgewonden,3,Fiets,9,personenauto,Op Kruispunt,Gemeenteweg,buiten bebouwde kom,Tss. 2 best.: langs opzij (voor-/achterkant-flank),Geen hindernis
44289,38,Lommel teller 2,Lommel,51.23277,5.29189,1.524831268756467,51.222595272460836,5.306571174108198,2023,12,15,72020,Lommel,Normaal,Droog,Dag,met lichtgewonden,9,personenauto,3,Fiets,Buiten Kruispunt,Gemeenteweg,buiten bebouwde kom,Tussen 2 bestuurders: Frontale botsing,Geen hindernis
44289,37,Lommel teller 1,Lommel,51.23299,5.29211,1.5329613063299325,51.222595272460836,5.306571174108198,2023,12,15,72020,Lommel,Normaal,Droog,Dag,met lichtgewonden,9,personenauto,3,Fiets,Buiten Kruispunt,Gemeenteweg,buiten bebouwde kom,Tussen 2 bestuurders: Frontale botsing,Geen hindernis
44290,37,Lommel teller 1,Lommel,51.23299,5.29211,1.5847940494852517,51.22849330112707,5.313708133873923,2023,12,20,72020,Lommel,Normaal,Droog,"Nacht, openbare verlichting aanwezig en ontstoken",met lichtgewonden,3,Fiets,3,Fiets,Op Kruispunt,Gewestweg,binnen bebouwde kom,Tss. 2 best.: langs opzij (voor-/achterkant-flank),Geen hindernis
44290,38,Lommel teller 2,Lommel,51.23277,5.29189,1.5918623545890587,51.22849330112707,5.313708133873923,2023,12,20,72020,Lommel,Normaal,Droog,"Nacht, openbare verlichting aanwezig en ontstoken",met lichtgewonden,3,Fiets,3,Fiets,Op Kruispunt,Gewestweg,binnen bebouwde kom,Tss. 2 best.: langs opzij (voor-/achterkant-flank),Geen hindernis
44292,46,Pelt teller 2,Pelt,51.231,5.44375,2.4739975555109317,51.21286368630099,5.423172165862846,2023,12,18,72043,Pelt,Normaal,"Nat, plassen","Nacht, openbare verlichting aanwezig en ontstoken",met lichtgewonden,3,Fiets,9,personenauto,Buiten Kruispunt,Gewestweg,binnen bebouwde kom,Tussen 2 bestuurders: Langs achteren,Geen hindernis
44292,45,Pelt teller 1,Pelt,51.23127,5.44377,2.4993276045052646,51.21286368630099,5.423172165862846,2023,12,18,72043,Pelt,Normaal,"Nat, plassen","Nacht, openbare verlichting aanwezig en ontstoken",met lichtgewonden,3,Fiets,9,personenauto,Buiten Kruispunt,Gewestweg,binnen bebouwde kom,Tussen 2 bestuurders: Langs achteren,Geen hindernis
44295,46,Pelt teller 2,Pelt,51.231,5.44375,1.2299299783050592,51.220861343092054,5.4366889610671265,2023,12,12,72043,Pelt,Normaal,"Nat, plassen",Dag,met lichtgewonden,3,Fiets,5,Lichte vrachtauto,Op Kruispunt,Gewestweg,binnen bebouwde kom,Tss. 2 best.: langs opzij (voor-/achterkant-flank),Geen hindernis
44295,45,Pelt teller 1,Pelt,51.23127,5.44377,1.2580509870702938,51.220861343092054,5.4366889610671265,2023,12,12,72043,Pelt,Normaal,"Nat, plassen",Dag,met lichtgewonden,3,Fiets,5,Lichte vrachtauto,Op Kruispunt,Gewestweg,binnen bebouwde kom,Tss. 2 best.: langs opzij (voor-/achterkant-flank),Geen hindernis
44296,45,Pelt teller 1,Pelt,51.23127,5.44377,2.0124218668482876,51.23929531027062,5.469677825359727,2023,12,10,72043,Pelt,Onbekend,Onbekend,Dag,met lichtgewonden,3,Fiets,10,"één bestuurder, geen hindernis",Buiten Kruispunt,Gewestweg,onbekend,"Eén bestuurder, geen hindernis (incl. val)",Geen hindernis
44296,46,Pelt teller 2,Pelt,51.231,5.44375,2.0271581619441417,51.23929531027062,5.469677825359727,2023,12,10,72043,Pelt,Onbekend,Onbekend,Dag,met lichtgewonden,3,Fiets,10,"één bestuurder, geen hindernis",Buiten Kruispunt,Gewestweg,onbekend,"Eén bestuurder, geen hindernis (incl. val)",Geen hindernis
44310,29,Tongeren,Tongeren,50.79286,5.52825,1.968492357933199,50.77525496628242,5.5253071981380035,2023,12,7,73083,Tongeren,Normaal,Droog,"Nacht, openb. verlicht. aanw., maar niet ontstoken",met zwaargewonden,5,Lichte vrachtauto,3,Fiets,Buiten Kruispunt,Gewestweg,buiten bebouwde kom,Tussen 2 bestuurders: Langs achteren,Geen hindernis
44312,44,Maaseik teller 2,Maaseik,51.09359,5.79726,1.012661409881091,51.097593170224194,5.784234882483696,2023,12,17,72021,Maaseik,Normaal,Droog,"Nacht, openbare verlichting aanwezig en ontstoken",met lichtgewonden,3,Fiets,6,Bromfiets,Buiten Kruispunt,Gewestweg,binnen bebouwde kom,Tss. 2 best.: langs opzij (voor-/achterkant-flank),Geen hindernis
44312,43,Maaseik teller 1,Maaseik,51.09344,5.79715,1.013260954173045,51.097593170224194,5.784234882483696,2023,12,17,72021,Maaseik,Normaal,Droog,"Nacht, openbare verlichting aanwezig en ontstoken",met lichtgewonden,3,Fiets,6,Bromfiets,Buiten Kruispunt,Gewestweg,binnen bebouwde kom,Tss. 2 best.: langs opzij (voor-/achterkant-flank),Geen hindernis
44314,69,Leuven teller 1,Leuven,50.87549,4.71526,0.6322920075144028,50.87844257336068,4.707558253549853,2023,12,3,24062,Leuven,Regenval,"Nat, plassen","Nacht, openbare verlichting aanwezig en ontstoken",met lichtgewonden,3,Fiets,10,"één bestuurder, geen hindernis",Op Kruispunt,Gemeenteweg,binnen bebouwde kom,"Eén bestuurder, geen hindernis (incl. val)",Geen hindernis
44314,77,Leuven teller 2,Leuven,50.88672,4.70796,0.920839266828097,50.87844257336068,4.707558253549853,2023,12,3,24062,Leuven,Regenval,"Nat, plassen","Nacht, openbare verlichting aanwezig en ontstoken",met lichtgewonden,3,Fiets,10,"één bestuurder, geen hindernis",Op Kruispunt,Gemeenteweg,binnen bebouwde kom,"Eén bestuurder, geen hindernis (incl. val)",Geen hindernis
44314,107,leuven totem,Leuven,50.8870744,4.7087919,0.9637092541866021,50.87844257336068,4.707558253549853,2023,12,3,24062,Leuven,Regenval,"Nat, plassen","Nacht, openbare verlichting aanwezig en ontstoken",met lichtgewonden,3,Fiets,10,"één bestuurder, geen hindernis",Op Kruispunt,Gemeenteweg,binnen bebouwde kom,"Eén bestuurder, geen hindernis (incl. val)",Geen hindernis
44314,151,Leuven,District Leuven,50.8690262,4.6854839,1.869603682288399,50.87844257336068,4.707558253549853,2023,12,3,24062,Leuven,Regenval,"Nat, plassen","Nacht, openbare verlichting aanwezig en ontstoken",met lichtgewonden,3,Fiets,10,"één bestuurder, geen hindernis",Op Kruispunt,Gemeenteweg,binnen bebouwde kom,"Eén bestuurder, geen hindernis (incl. val)",Geen hindernis
44315,107,leuven totem,Leuven,50.8870744,4.7087919,0.8554554394281072,50.8920341122893,4.718114981178063,2023,12,0,24062,Leuven,Normaal,Proper,"Nacht, openbare verlichting aanwezig en ontstoken",met lichtgewonden,3,Fiets,11,een weggebruiker tegen een hindernis,Buiten Kruispunt,Gemeenteweg,binnen bebouwde kom,Weggebruiker tegen hindernis buiten rijbaan,Buiten de rijbaan: Andere paal
44315,77,Leuven teller 2,Leuven,50.88672,4.70796,0.9255008182529432,50.8920341122893,4.718114981178063,2023,12,0,24062,Leuven,Normaal,Proper,"Nacht, openbare verlichting aanwezig en ontstoken",met lichtgewonden,3,Fiets,11,een weggebruiker tegen een hindernis,Buiten Kruispunt,Gemeenteweg,binnen bebouwde kom,Weggebruiker tegen hindernis buiten rijbaan,Buiten de rijbaan: Andere paal
44315,69,Leuven teller 1,Leuven,50.87549,4.71526,1.850491911731348,50.8920341122893,4.718114981178063,2023,12,0,24062,Leuven,Normaal,Proper,"Nacht, openbare verlichting aanwezig en ontstoken",met lichtgewonden,3,Fiets,11,een weggebruiker tegen een hindernis,Buiten Kruispunt,Gemeenteweg,binnen bebouwde kom,Weggebruiker tegen hindernis buiten rijbaan,Buiten de rijbaan: Andere paal
44316,151,Leuven,District Leuven,50.8690262,4.6854839,0.8053659622144501,50.866009154543335,4.695917057603256,2023,12,17,24062,Leuven,Regenval,"Nat, plassen","Nacht, openbare verlichting aanwezig en ontstoken",met lichtgewonden,9,personenauto,3,Fiets,Op Kruispunt,Gewestweg,buiten bebouwde kom,Tss. 2 best.: langs opzij (voor-/achterkant-flank),Geen hindernis
44316,69,Leuven teller 1,Leuven,50.87549,4.71526,1.7186437329619275,50.866009154543335,4.695917057603256,2023,12,17,24062,Leuven,Regenval,"Nat, plassen","Nacht, openbare verlichting aanwezig en ontstoken",met lichtgewonden,9,personenauto,3,Fiets,Op Kruispunt,Gewestweg,buiten bebouwde kom,Tss. 2 best.: langs opzij (voor-/achterkant-flank),Geen hindernis
44316,108,Heverlee teller 1,Leuven,50.8471728,4.6954674,2.0947448655021783,50.866009154543335,4.695917057603256,2023,12,17,24062,Leuven,Regenval,"Nat, plassen","Nacht, openbare verlichting aanwezig en ontstoken",met lichtgewonden,9,personenauto,3,Fiets,Op Kruispunt,Gewestweg,buiten bebouwde kom,Tss. 2 best.: langs opzij (voor-/achterkant-flank),Geen hindernis
44316,76,Heverlee teller 2,Leuven,50.84606,4.69597,2.2182478889954047,50.866009154543335,4.695917057603256,2023,12,17,24062,Leuven,Regenval,"Nat, plassen","Nacht, openbare verlichting aanwezig en ontstoken",met lichtgewonden,9,personenauto,3,Fiets,Op Kruispunt,Gewestweg,buiten bebouwde kom,Tss. 2 best.: langs opzij (voor-/achterkant-flank),Geen hindernis
44316,77,Leuven teller 2,Leuven,50.88672,4.70796,2.4530634937405478,50.866009154543335,4.695917057603256,2023,12,17,24062,Leuven,Regenval,"Nat, plassen","Nacht, openbare verlichting aanwezig en ontstoken",met lichtgewonden,9,personenauto,3,Fiets,Op Kruispunt,Gewestweg,buiten bebouwde kom,Tss. 2 best.: langs opzij (voor-/achterkant-flank),Geen hindernis
44317,77,Leuven teller 2,Leuven,50.88672,4.70796,1.089854136236705,50.8803527067741,4.6961492758068015,2023,12,12,24062,Leuven,Regenval,"Nat, plassen",Dag,met lichtgewonden,9,personenauto,3,Fiets,Op Kruispunt,Gemeenteweg,binnen bebouwde kom,Tss. 2 best.: langs opzij (voor-/achterkant-flank),Geen hindernis
44317,107,leuven totem,Leuven,50.8870744,4.7087919,1.1598472974552951,50.8803527067741,4.6961492758068015,2023,12,12,24062,Leuven,Regenval,"Nat, plassen",Dag,met lichtgewonden,9,personenauto,3,Fiets,Op Kruispunt,Gemeenteweg,binnen bebouwde kom,Tss. 2 best.: langs opzij (voor-/achterkant-flank),Geen hindernis
44317,69,Leuven teller 1,Leuven,50.87549,4.71526,1.4457503326874506,50.8803527067741,4.6961492758068015,2023,12,12,24062,Leuven,Regenval,"Nat, plassen",Dag,met lichtgewonden,9,personenauto,3,Fiets,Op Kruispunt,Gemeenteweg,binnen bebouwde kom,Tss. 2 best.: langs opzij (voor-/achterkant-flank),Geen hindernis