crash_row_id,site_id,site_name,site_gemeente,site_lat,site_long,distance_km,crash_lat,crash_long,DT_YEAR_COLLISION,DT_MONTH_COLLISION,DT_TIME,CD_NIS,TX_MUNTY_COLLISION_NL,TX_WEATHER_NL,TX_ROAD_CONDITION_NL,TX_LIGHT_CONDITION_NL,TX_CLASS_ACCIDENTS_NL,CD_ROAD_USR_TYPE1,TX_ROAD_USR_TYPE1_NL,CD_ROAD_USR_TYPE2,TX_ROAD_USR_TYPE2_NL,TX_CROSSWAY_NL,CD_ROAD_TYPE_NL,TX_BUILD_UP_AREA_NL,TX_COLLISION_TYPE_NL,TX_OBSTACLES_NL
44317,151,Leuven,District Leuven,50.8690262,4.6854839,1.4650045726603687,50.8803527067741,4.6961492758068015,2023,12,12,24062,Leuven,Regenval,"Nat, plassen",Dag,met lichtgewonden,9,personenauto,3,Fiets,Op Kruispunt,Gemeenteweg,binnen bebouwde kom,Tss. 2 best.: langs opzij (voor-/achterkant-flank),Geen hindernis
44318,151,Leuven,District Leuven,50.8690262,4.6854839,1.5024666272526612,50.88085462977908,4.6751328650616335,2023,12,19,24062,Leuven,Regenval,"Nat, plassen","Nacht, geen openbare verlichting aanwezig",met lichtgewonden,9,personenauto,3,Fiets,Buiten Kruispunt,Gemeenteweg,binnen bebouwde kom,Tussen 2 bestuurders: Flank tegen flank,Geen hindernis
44318,73,Herent teller 2,Herent,50.89128,4.64685,2.2978605597047332,50.88085462977908,4.6751328650616335,2023,12,19,24062,Leuven,Regenval,"Nat, plassen","Nacht, geen openbare verlichting aanwezig",met lichtgewonden,9,personenauto,3,Fiets,Buiten Kruispunt,Gemeenteweg,binnen bebouwde kom,Tussen 2 bestuurders: Flank tegen flank,Geen hindernis
44318,72,Herent teller 1,Herent,50.89135,4.64689,2.2993777322767786,50.88085462977908,4.6751328650616335,2023,12,19,24062,Leuven,Regenval,"Nat, plassen","Nacht, geen openbare verlichting aanwezig",met lichtgewonden,9,personenauto,3,Fiets,Buiten Kruispunt,Gemeenteweg,binnen bebouwde kom,Tussen 2 bestuurders: Flank tegen flank,Geen hindernis
44318,77,Leuven teller 2,Leuven,50.88672,4.70796,2.3934739779328966,50.88085462977908,4.6751328650616335,2023,12,19,24062,Leuven,Regenval,"Nat, plassen","Nacht, geen openbare verlichting aanwezig",met lichtgewonden,9,personenauto,3,Fiets,Buiten Kruispunt,Gemeenteweg,binnen bebouwde kom,Tussen 2 bestuurders: Flank tegen flank,Geen hindernis
44318,107,leuven totem,Leuven,50.8870744,4.7087919,2.460453336941689,50.88085462977908,4.6751328650616335,2023,12,19,24062,Leuven,Regenval,"Nat, plassen","Nacht, geen openbare verlichting aanwezig",met lichtgewonden,9,personenauto,3,Fiets,Buiten Kruispunt,Gemeenteweg,binnen bebouwde kom,Tussen 2 bestuurders: Flank tegen flank,Geen hindernis
44319,107,leuven totem,Leuven,50.8870744,4.7087919,1.7271949509148632,50.889616137772464,4.733083040146038,2023,12,17,24062,Leuven,Normaal,"Nat, plassen","Nacht, openbare verlichting aanwezig en ontstoken",met lichtgewonden,3,Fiets,9,personenauto,Op Kruispunt,Gemeenteweg,binnen bebouwde kom,Tussen 2 bestuurders: Flank tegen flank,Geen hindernis
44319,77,Leuven teller 2,Leuven,50.88672,4.70796,1.791457527839522,50.889616137772464,4.733083040146038,2023,12,17,24062,Leuven,Normaal,"Nat, plassen","Nacht, openbare verlichting aanwezig en ontstoken",met lichtgewonden,3,Fiets,9,personenauto,Op Kruispunt,Gemeenteweg,binnen bebouwde kom,Tussen 2 bestuurders: Flank tegen flank,Geen hindernis
44319,69,Leuven teller 1,Leuven,50.87549,4.71526,2.0076540396032367,50.889616137772464,4.733083040146038,2023,12,17,24062,Leuven,Normaal,"Nat, plassen","Nacht, openbare verlichting aanwezig en ontstoken",met lichtgewonden,3,Fiets,9,personenauto,Op Kruispunt,Gemeenteweg,binnen bebouwde kom,Tussen 2 bestuurders: Flank tegen flank,Geen hindernis
44320,107,leuven totem,Leuven,50.8870744,4.7087919,0.7783450826501328,50.88596961904172,4.719748546754331,2023,12,16,24062,Leuven,Normaal,Droog,Dageraad - schemering,met lichtgewonden,9,personenauto,3,Fiets,Buiten Kruispunt,Gemeenteweg,binnen bebouwde kom,Tss. 2 best.: langs opzij (voor-/achterkant-flank),Geen hindernis
44320,77,Leuven teller 2,Leuven,50.88672,4.70796,0.8311478219871196,50.88596961904172,4.719748546754331,2023,12,16,24062,Leuven,Normaal,Droog,Dageraad - schemering,met lichtgewonden,9,personenauto,3,Fiets,Buiten Kruispunt,Gemeenteweg,binnen bebouwde kom,Tss. 2 best.: langs opzij (voor-/achterkant-flank),Geen hindernis
44320,69,Leuven teller 1,Leuven,50.87549,4.71526,1.2070801003822562,50.88596961904172,4.719748546754331,2023,12,16,24062,Leuven,Normaal,Droog,Dageraad - schemering,met lichtgewonden,9,personenauto,3,Fiets,Buiten Kruispunt,Gemeenteweg,binnen bebouwde kom,Tss. 2 best.: langs opzij (voor-/achterkant-flank),Geen hindernis
44321,151,Leuven,District Leuven,50.8690262,4.6854839,0.6910114973247001,50.86637751154663,4.694391480218675,2023,12,10,24062,Leuven,Normaal,Droog,Dag,met lichtgewonden,3,Fiets,9,personenauto,Buiten Kruispunt,Gemeenteweg,binnen bebouwde kom,Tss. 2 best.: langs opzij (voor-/achterkant-flank),Geen hindernis
44321,69,Leuven teller 1,Leuven,50.87549,4.71526,1.7807608588433543,50.86637751154663,4.694391480218675,2023,12,10,24062,Leuven,Normaal,Droog,Dag,met lichtgewonden,3,Fiets,9,personenauto,Buiten Kruispunt,Gemeenteweg,binnen bebouwde kom,Tss. 2 best.: langs opzij (voor-/achterkant-flank),Geen hindernis
44321,108,Heverlee teller 1,Leuven,50.8471728,4.6954674,2.136801516231046,50.86637751154663,4.694391480218675,2023,12,10,24062,Leuven,Normaal,Droog,Dag,met lichtgewonden,3,Fiets,9,personenauto,Buiten Kruispunt,Gemeenteweg,binnen bebouwde kom,Tss. 2 best.: langs opzij (voor-/achterkant-flank),Geen hindernis
44321,76,Heverlee teller 2,Leuven,50.84606,4.69597,2.2619197195535516,50.86637751154663,4.694391480218675,2023,12,10,24062,Leuven,Normaal,Droog,Dag,met lichtgewonden,3,Fiets,9,personenauto,Buiten Kruispunt,Gemeenteweg,binnen bebouwde kom,Tss. 2 best.: langs opzij (voor-/achterkant-flank),Geen hindernis
44321,77,Leuven teller 2,Leuven,50.88672,4.70796,2.4541569740850355,50.86637751154663,4.694391480218675,2023,12,10,24062,Leuven,Normaal,Droog,Dag,met lichtgewonden,3,Fiets,9,personenauto,Buiten Kruispunt,Gemeenteweg,binnen bebouwde kom,Tss. 2 best.: langs opzij (voor-/achterkant-flank),Geen hindernis
44322,77,Leuven teller 2,Leuven,50.88672,4.70796,1.1903992133223928,50.88332003747707,4.69186930948831,2023,12,15,24062,Leuven,Normaal,"Nat, plassen",Dag,met lichtgewonden,3,Fiets,9,personenauto,Op Kruispunt,Gemeenteweg,binnen bebouwde kom,Tss. 2 best.: langs opzij (voor-/achterkant-flank),Geen hindernis
44322,107,leuven totem,Leuven,50.8870744,4.7087919,1.25838820444828,50.88332003747707,4.69186930948831,2023,12,15,24062,Leuven,Normaal,"Nat, plassen",Dag,met lichtgewonden,3,Fiets,9,personenauto,Op Kruispunt,Gemeenteweg,binnen bebouwde kom,Tss. 2 best.: langs opzij (voor-/achterkant-flank),Geen hindernis
44322,151,Leuven,District Leuven,50.8690262,4.6854839,1.6513405414615567,50.88332003747707,4.69186930948831,2023,12,15,24062,Leuven,Normaal,"Nat, plassen",Dag,met lichtgewonden,3,Fiets,9,personenauto,Op Kruispunt,Gemeenteweg,binnen bebouwde kom,Tss. 2 best.: langs opzij (voor-/achterkant-flank),Geen hindernis
44322,69,Leuven teller 1,Leuven,50.87549,4.71526,1.8577268767300512,50.88332003747707,4.69186930948831,2023,12,15,24062,Leuven,Normaal,"Nat, plassen",Dag,met lichtgewonden,3,Fiets,9,personenauto,Op Kruispunt,Gemeenteweg,binnen bebouwde kom,Tss. 2 best.: langs opzij (voor-/achterkant-flank),Geen hindernis
44323,107,leuven totem,Leuven,50.8870744,4.7087919,0.9815916886981773,50.883942544098815,4.721874479083117,2023,12,7,24062,Leuven,Normaal,Onbekend,Dageraad - schemering,met lichtgewonden,3,Fiets,9,personenauto,Buiten Kruispunt,Gewestweg,binnen bebouwde kom,Tss. 2 best.: langs opzij (voor-/achterkant-flank),Geen hindernis
44323,77,Leuven teller 2,Leuven,50.88672,4.70796,1.023794516228762,50.883942544098815,4.721874479083117,2023,12,7,24062,Leuven,Normaal,Onbekend,Dageraad - schemering,met lichtgewonden,3,Fiets,9,personenauto,Buiten Kruispunt,Gewestweg,binnen bebouwde kom,Tss. 2 best.: langs opzij (voor-/achterkant-flank),Geen hindernis
44323,69,Leuven teller 1,Leuven,50.87549,4.71526,1.048202220617475,50.883942544098815,4.721874479083117,2023,12,7,24062,Leuven,Normaal,Onbekend,Dageraad - schemering,met lichtgewonden,3,Fiets,9,personenauto,Buiten Kruispunt,Gewestweg,binnen bebouwde kom,Tss. 2 best.: langs opzij (voor-/achterkant-flank),Geen hindernis
44324,151,Leuven,District Leuven,50.8690262,4.6854839,1.194800274529527,50.86114192948065,4.697050698939504,2023,12,22,24062,Leuven,Normaal,Proper,"Nacht, openbare verlichting aanwezig en ontstoken",met zwaargewonden,3,Fiets,9,personenauto,Op Kruispunt,Gemeenteweg,binnen bebouwde kom,Tss. 2 best.: langs opzij (voor-/achterkant-flank),Geen hindernis
44324,108,Heverlee teller 1,Leuven,50.8471728,4.6954674,1.5572675433259886,50.86114192948065,4.697050698939504,2023,12,22,24062,Leuven,Normaal,Proper,"Nacht, openbare verlichting aanwezig en ontstoken",met zwaargewonden,3,Fiets,9,personenauto,Op Kruispunt,Gemeenteweg,binnen bebouwde kom,Tss. 2 best.: langs opzij (voor-/achterkant-flank),Geen hindernis
44324,76,Heverlee teller 2,Leuven,50.84606,4.69597,1.6787490364785738,50.86114192948065,4.697050698939504,2023,12,22,24062,Leuven,Normaal,Proper,"Nacht, openbare verlichting aanwezig en ontstoken",met zwaargewonden,3,Fiets,9,personenauto,Op Kruispunt,Gemeenteweg,binnen bebouwde kom,Tss. 2 best.: langs opzij (voor-/achterkant-flank),Geen hindernis
44324,69,Leuven teller 1,Leuven,50.87549,4.71526,2.044090289341254,50.86114192948065,4.697050698939504,2023,12,22,24062,Leuven,Normaal,Proper,"Nacht, openbare verlichting aanwezig en ontstoken",met zwaargewonden,3,Fiets,9,personenauto,Op Kruispunt,Gemeenteweg,binnen bebouwde kom,Tss. 2 best.: langs opzij (voor-/achterkant-flank),Geen hindernis
44325,107,leuven totem,Leuven,50.8870744,4.7087919,1.7114195040620874,50.89045578415093,4.732594162492405,2023,12,11,24062,Leuven,Normaal,Droog,Dag,met lichtgewonden,5,Lichte vrachtauto,3,Fiets,Buiten Kruispunt,Gemeenteweg,binnen bebouwde kom,Tussen 2 bestuurders: Flank tegen flank,Geen hindernis
44325,77,Leuven teller 2,Leuven,50.88672,4.70796,1.7771961633921662,50.89045578415093,4.732594162492405,2023,12,11,24062,Leuven,Normaal,Droog,Dag,met lichtgewonden,5,Lichte vrachtauto,3,Fiets,Buiten Kruispunt,Gemeenteweg,binnen bebouwde kom,Tussen 2 bestuurders: Flank tegen flank,Geen hindernis
44325,69,Leuven teller 1,Leuven,50.87549,4.71526,2.061087000047277,50.89045578415093,4.732594162492405,2023,12,11,24062,Leuven,Normaal,Droog,Dag,met lichtgewonden,5,Lichte vrachtauto,3,Fiets,Buiten Kruispunt,Gemeenteweg,binnen bebouwde kom,Tussen 2 bestuurders: Flank tegen flank,Geen hindernis
44326,151,Leuven,District Leuven,50.8690262,4.6854839,1.6297468587475297,50.88043449171217,4.6709018103382345,2023,12,8,24062,Leuven,Normaal,Onbekend,Dageraad - schemering,met lichtgewonden,3,Fiets,9,personenauto,Buiten Kruispunt,Gemeenteweg,binnen bebouwde kom,Tss. 2 best.: langs opzij (voor-/achterkant-flank),Geen hindernis
44326,73,Herent teller 2,Herent,50.89128,4.64685,2.073897764551233,50.88043449171217,4.6709018103382345,2023,12,8,24062,Leuven,Normaal,Onbekend,Dageraad - schemering,met lichtgewonden,3,Fiets,9,personenauto,Buiten Kruispunt,Gemeenteweg,binnen bebouwde kom,Tss. 2 best.: langs opzij (voor-/achterkant-flank),Geen hindernis
44326,72,Herent teller 1,Herent,50.89135,4.64689,2.0761553868197193,50.88043449171217,4.6709018103382345,2023,12,8,24062,Leuven,Normaal,Onbekend,Dageraad - schemering,met lichtgewonden,3,Fiets,9,personenauto,Buiten Kruispunt,Gemeenteweg,binnen bebouwde kom,Tss. 2 best.: langs opzij (voor-/achterkant-flank),Geen hindernis
44327,107,leuven totem,Leuven,50.8870744,4.7087919,1.701244633116383,50.89143604533331,4.73203901556455,2023,12,19,24062,Leuven,Normaal,"Nat, plassen","Nacht, openbare verlichting aanwezig en ontstoken",met lichtgewonden,9,personenauto,3,Fiets,Op Kruispunt,Gemeenteweg,buiten bebouwde kom,Tss. 2 best.: langs opzij (voor-/achterkant-flank),Geen hindernis
44327,77,Leuven teller 2,Leuven,50.88672,4.70796,1.768542868820835,50.89143604533331,4.73203901556455,2023,12,19,24062,Leuven,Normaal,"Nat, plassen","Nacht, openbare verlichting aanwezig en ontstoken",met lichtgewonden,9,personenauto,3,Fiets,Op Kruispunt,Gemeenteweg,buiten bebouwde kom,Tss. 2 best.: langs opzij (voor-/achterkant-flank),Geen hindernis
44327,69,Leuven teller 1,Leuven,50.87549,4.71526,2.128263777728793,50.89143604533331,4.73203901556455,2023,12,19,24062,Leuven,Normaal,"Nat, plassen","Nacht, openbare verlichting aanwezig en ontstoken",met lichtgewonden,9,personenauto,3,Fiets,Op Kruispunt,Gemeenteweg,buiten bebouwde kom,Tss. 2 best.: langs opzij (voor-/achterkant-flank),Geen hindernis
44328,151,Leuven,District Leuven,50.8690262,4.6854839,0.6877479796737258,50.874093098705174,4.691104676418058,2023,12,13,24062,Leuven,Onbekend,Onbekend,Dag,met lichtgewonden,3,Fiets,9,personenauto,Op Kruispunt,Gemeenteweg,binnen bebouwde kom,Tss. 2 best.: langs opzij (voor-/achterkant-flank),Geen hindernis
44328,69,Leuven teller 1,Leuven,50.87549,4.71526,1.7019829376445685,50.874093098705174,4.691104676418058,2023,12,13,24062,Leuven,Onbekend,Onbekend,Dag,met lichtgewonden,3,Fiets,9,personenauto,Op Kruispunt,Gemeenteweg,binnen bebouwde kom,Tss. 2 best.: langs opzij (voor-/achterkant-flank),Geen hindernis
44328,77,Leuven teller 2,Leuven,50.88672,4.70796,1.8356792076001336,50.874093098705174,4.691104676418058,2023,12,13,24062,Leuven,Onbekend,Onbekend,Dag,met lichtgewonden,3,Fiets,9,personenauto,Op Kruispunt,Gemeenteweg,binnen bebouwde kom,Tss. 2 best.: langs opzij (voor-/achterkant-flank),Geen hindernis
44328,107,leuven totem,Leuven,50.8870744,4.7087919,1.9035124424556935,50.874093098705174,4.691104676418058,2023,12,13,24062,Leuven,Onbekend,Onbekend,Dag,met lichtgewonden,3,Fiets,9,personenauto,Op Kruispunt,Gemeenteweg,binnen bebouwde kom,Tss. 2 best.: langs opzij (voor-/achterkant-flank),Geen hindernis
44330,69,Leuven teller 1,Leuven,50.87549,4.71526,2.196694424979105,50.88617719831649,4.741593885579474,2023,12,20,24062,Leuven,Normaal,"Nat, plassen","Nacht, openbare verlichting aanwezig en ontstoken",met lichtgewonden,3,Fiets,10,"één bestuurder, geen hindernis",Buiten Kruispunt,Gewestweg,binnen bebouwde kom,"Eén bestuurder, geen hindernis (incl. val)",Geen hindernis
44330,107,leuven totem,Leuven,50.8870744,4.7087919,2.303158372072093,50.88617719831649,4.741593885579474,2023,12,20,24062,Leuven,Normaal,"Nat, plassen","Nacht, openbare verlichting aanwezig en ontstoken",met lichtgewonden,3,Fiets,10,"één bestuurder, geen hindernis",Buiten Kruispunt,Gewestweg,binnen bebouwde kom,"Eén bestuurder, geen hindernis (incl. val)",Geen hindernis
44330,77,Leuven teller 2,Leuven,50.88672,4.70796,2.360133710717728,50.88617719831649,4.741593885579474,2023,12,20,24062,Leuven,Normaal,"Nat, plassen","Nacht, openbare verlichting aanwezig en ontstoken",met lichtgewonden,3,Fiets,10,"één bestuurder, geen hindernis",Buiten Kruispunt,Gewestweg,binnen bebouwde kom,"Eén bestuurder, geen hindernis (incl. val)",Geen hindernis
44332,87,Aarschot,Aarschot,50.99084,4.81259,1.3615623619366872,50.97975223986097,4.820843740034221,2023,12,8,24001,Aarschot,Normaal,Onbekend,Dag,met lichtgewonden,9,personenauto,3,Fiets,Op Kruispunt,Gemeenteweg,binnen bebouwde kom,Tss. 2 best.: langs opzij (voor-/achterkant-flank),Geen hindernis
44333,87,Aarschot,Aarschot,50.99084,4.81259,2.1253585697222057,50.99234400938277,4.842862484607985,2023,12,8,24001,Aarschot,Onbekend,Onbekend,Dageraad - schemering,met lichtgewonden,2,Andere weggebruiker,3,Fiets,Op Kruispunt,Gemeenteweg,binnen bebouwde kom,Tussen 2 bestuurders: Flank tegen flank,Geen hindernis
44334,101,Diest teller 1,Diest,50.97799,5.04481,1.224230704759573,50.98799009898658,5.03749404672756,2023,12,16,24020,Diest,Normaal,Onbekend,"Nacht, openbare verlichting aanwezig en ontstoken",met lichtgewonden,9,personenauto,3,Fiets,Op Kruispunt,Gemeenteweg,binnen bebouwde kom,Tss. 2 best.: langs opzij (voor-/achterkant-flank),Geen hindernis
44334,102,Diest teller 2,Diest,50.9779,5.04474,1.2313010613641524,50.98799009898658,5.03749404672756,2023,12,16,24020,Diest,Normaal,Onbekend,"Nacht, openbare verlichting aanwezig en ontstoken",met lichtgewonden,9,personenauto,3,Fiets,Op Kruispunt,Gemeenteweg,binnen bebouwde kom,Tss. 2 best.: langs opzij (voor-/achterkant-flank),Geen hindernis
44340,80,Wemmel teller 1,Wemmel,50.91418,4.29571,0.5345546131268294,50.90996076271296,4.299364302216273,2023,12,17,23102,Wemmel,Regenval,"Nat, plassen","Nacht, openbare verlichting aanwezig en ontstoken",met lichtgewonden,9,personenauto,3,Fiets,Op Kruispunt,Gemeenteweg,binnen bebouwde kom,Tss. 2 best.: langs opzij (voor-/achterkant-flank),Geen hindernis
44340,81,Wemmel teller 2,Wemmel,50.91439,4.29568,0.5561351505097405,50.90996076271296,4.299364302216273,2023,12,17,23102,Wemmel,Regenval,"Nat, plassen","Nacht, openbare verlichting aanwezig en ontstoken",met lichtgewonden,9,personenauto,3,Fiets,Op Kruispunt,Gemeenteweg,binnen bebouwde kom,Tss. 2 best.: langs opzij (voor-/achterkant-flank),Geen hindernis
44341,80,Wemmel teller 1,Wemmel,50.91418,4.29571,1.6159794407921753,50.90410384585792,4.312318589884948,2023,12,6,23102,Wemmel,Normaal,Droog,Dageraad - schemering,met lichtgewonden,5,Lichte vrachtauto,3,Fiets,Op Kruispunt,Gemeenteweg,binnen bebouwde kom,Tussen 2 bestuurders: Flank tegen flank,Geen hindernis
44341,81,Wemmel teller 2,Wemmel,50.91439,4.29568,1.6337556577496617,50.90410384585792,4.312318589884948,2023,12,6,23102,Wemmel,Normaal,Droog,Dageraad - schemering,met lichtgewonden,5,Lichte vrachtauto,3,Fiets,Op Kruispunt,Gemeenteweg,binnen bebouwde kom,Tussen 2 bestuurders: Flank tegen flank,Geen hindernis
44345,27,Grimbergen,Meise,50.92127,4.34013,1.5102773202788515,50.916659351589374,4.360395471839983,2023,12,17,23025,Grimbergen,Normaal,"Nat, plassen",Dageraad - schemering,met lichtgewonden,9,personenauto,3,Fiets,Op Kruispunt,Gemeenteweg,binnen bebouwde kom,Tss. 2 best.: langs opzij (voor-/achterkant-flank),Geen hindernis
44346,1,Machelen,Machelen,50.91618331151478,4.456121776137429,1.6059552271632056,50.91588673527804,4.479025194592962,2023,11,16,23081,Steenokkerzeel,Normaal,Droog,Dag,met lichtgewonden,3,Fiets,2,Andere weggebruiker,Buiten Kruispunt,Gemeenteweg,binnen bebouwde kom,Tss. 2 best.: langs opzij (voor-/achterkant-flank),Geen hindernis
44347,13,Gent,Gent,51.03018,3.70146,1.616459360362518,51.04442296054767,3.7060875486932323,2023,12,15,44021,Gent,Normaal,Droog,Dag,met lichtgewonden,3,Fiets,6,Bromfiets,Buiten Kruispunt,Gemeenteweg,binnen bebouwde kom,Tussen 2 bestuurders: Frontale botsing,Geen hindernis
44349,13,Gent,Gent,51.03018,3.70146,2.2080864421201394,51.04122865864585,3.727699405039833,2023,12,18,44021,Gent,Normaal,"Nat, plassen","Nacht, openbare verlichting aanwezig en ontstoken",met lichtgewonden,9,personenauto,3,Fiets,Op Kruispunt,Gemeenteweg,binnen bebouwde kom,Tss. 2 best.: langs opzij (voor-/achterkant-flank),Geen hindernis
44352,118,Gent teller 1,Gent,51.028049,3.7681359,1.1597326248963264,51.03570109323754,3.756866904364135,2023,12,22,44021,Gent,Normaal,Onbekend,"Nacht, openbare verlichting aanwezig en ontstoken",met lichtgewonden,9,personenauto,3,Fiets,Op Kruispunt,Gewestweg,binnen bebouwde kom,Tss. 2 best.: langs opzij (voor-/achterkant-flank),Geen hindernis
44352,119,Gent teller 2,Gent,51.0281795,3.7683918,1.1614724280890076,51.03570109323754,3.756866904364135,2023,12,22,44021,Gent,Normaal,Onbekend,"Nacht, openbare verlichting aanwezig en ontstoken",met lichtgewonden,9,personenauto,3,Fiets,Op Kruispunt,Gewestweg,binnen bebouwde kom,Tss. 2 best.: langs opzij (voor-/achterkant-flank),Geen hindernis
44357,119,Gent teller 2,Gent,51.0281795,3.7683918,2.488193439850587,51.04552099056611,3.7459020464722244,2023,12,14,44021,Gent,Normaal,Droog,Dag,met lichtgewonden,3,Fiets,3,Fiets,Op Kruispunt,Gemeenteweg,binnen bebouwde kom,Tussen 2 bestuurders: Flank tegen flank,Geen hindernis
44357,118,Gent teller 1,Gent,51.028049,3.7681359,2.488238843519451,51.04552099056611,3.7459020464722244,2023,12,14,44021,Gent,Normaal,Droog,Dag,met lichtgewonden,3,Fiets,3,Fiets,Op Kruispunt,Gemeenteweg,binnen bebouwde kom,Tussen 2 bestuurders: Flank tegen flank,Geen hindernis
44358,13,Gent,Gent,51.03018,3.70146,1.8143226042214469,51.042091432688416,3.719193232093579,2023,11,15,44021,Gent,Normaal,"Nat, plassen",Dag,met lichtgewonden,3,Fiets,9,personenauto,Op Kruispunt,Gewestweg,binnen bebouwde kom,Tussen 2 bestuurders: Flank tegen flank,Geen hindernis
44359,13,Gent,Gent,51.03018,3.70146,1.3843617859339428,51.026446339105306,3.720343983346691,2023,12,12,44021,Gent,"Andere (dikke rook,...)",Droog,Dag,met lichtgewonden,9,personenauto,3,Fiets,Op Kruispunt,Gemeenteweg,binnen bebouwde kom,Tussen 2 bestuurders: Flank tegen flank,Geen hindernis
44360,13,Gent,Gent,51.03018,3.70146,0.4129330031296046,51.03161075267588,3.7069090495844668,2023,12,12,44021,Gent,Normaal,Droog,Dag,met lichtgewonden,9,personenauto,3,Fiets,Buiten Kruispunt,Gewestweg,binnen bebouwde kom,Tss. 2 best.: langs opzij (voor-/achterkant-flank),Geen hindernis
44364,13,Gent,Gent,51.03018,3.70146,2.0495100274318063,51.038423288191396,3.7276752762250567,2023,12,12,44021,Gent,Normaal,"Nat, plassen",Dag,met lichtgewonden,5,Lichte vrachtauto,3,Fiets,Buiten Kruispunt,Gewestweg,binnen bebouwde kom,Tussen 2 bestuurders: Flank tegen flank,Geen hindernis
44365,7,Evergem 1,Evergem,51.1089,3.70317,1.246313675913591,51.09921077994242,3.7121432991887655,2023,12,20,44021,Gent,Normaal,"Nat, plassen","Nacht, openbare verlichting aanwezig en ontstoken",met lichtgewonden,3,Fiets,9,personenauto,Buiten Kruispunt,Gewestweg,binnen bebouwde kom,Tussen 2 bestuurders: Flank tegen flank,Geen hindernis
44365,6,Evergem 2,Evergem,51.10894,3.70298,1.2568610837603011,51.09921077994242,3.7121432991887655,2023,12,20,44021,Gent,Normaal,"Nat, plassen","Nacht, openbare verlichting aanwezig en ontstoken",met lichtgewonden,3,Fiets,9,personenauto,Buiten Kruispunt,Gewestweg,binnen bebouwde kom,Tussen 2 bestuurders: Flank tegen flank,Geen hindernis
44366,13,Gent,Gent,51.03018,3.70146,1.6924434999862643,51.02861409350817,3.725532547669462,2023,12,16,44021,Gent,Onbekend,Onbekend,Dag,met lichtgewonden,3,Fiets,5,Lichte vrachtauto,Op Kruispunt,Gemeenteweg,binnen bebouwde kom,Tss. 2 best.: langs opzij (voor-/achterkant-flank),Geen hindernis
44367,13,Gent,Gent,51.03018,3.70146,2.208699016386363,51.03849325507269,3.7301470429015153,2023,12,7,44021,Gent,Normaal,Droog,Dageraad - schemering,met lichtgewonden,3,Fiets,9,personenauto,Op Kruispunt,Gewestweg,binnen bebouwde kom,Tss. 2 best.: langs opzij (voor-/achterkant-flank),Geen hindernis
44368,118,Gent teller 1,Gent,51.028049,3.7681359,2.388446738124446,51.040740508961846,3.740578774311265,2023,12,3,44021,Gent,Normaal,Droog,"Nacht, openbare verlichting aanwezig en ontstoken",met lichtgewonden,3,Fiets,3,Fiets,Buiten Kruispunt,Gemeenteweg,binnen bebouwde kom,Tussen 2 bestuurders: Frontale botsing,Geen hindernis
44368,119,Gent teller 2,Gent,51.0281795,3.7683918,2.3944106435170367,51.040740508961846,3.740578774311265,2023,12,3,44021,Gent,Normaal,Droog,"Nacht, openbare verlichting aanwezig en ontstoken",met lichtgewonden,3,Fiets,3,Fiets,Buiten Kruispunt,Gemeenteweg,binnen bebouwde kom,Tussen 2 bestuurders: Frontale botsing,Geen hindernis
44370,13,Gent,Gent,51.03018,3.70146,2.4768977641701917,51.052427605805924,3.6996946991190534,2023,12,17,44021,Gent,Normaal,Droog,Dageraad - schemering,met lichtgewonden,3,Fiets,9,personenauto,Op Kruispunt,Gewestweg,binnen bebouwde kom,Tss. 2 best.: langs opzij (voor-/achterkant-flank),Geen hindernis
44374,13,Gent,Gent,51.03018,3.70146,1.2971412968126745,51.03080930797669,3.7199818023399485,2023,12,11,44021,Gent,Normaal,Droog,Dag,met lichtgewonden,5,Lichte vrachtauto,3,Fiets,Op Kruispunt,Gewestweg,binnen bebouwde kom,Tss. 2 best.: langs opzij (voor-/achterkant-flank),Geen hindernis
44385,118,Gent teller 1,Gent,51.028049,3.7681359,1.7778467475033133,51.01528152187491,3.7528357222456528,2023,12,8,44043,Merelbeke,Regenval,"Nat, plassen",Dag,met lichtgewonden,9,personenauto,3,Fiets,Op Kruispunt,Gewestweg,binnen bebouwde kom,Tss. 2 best.: langs opzij (voor-/achterkant-flank),Geen hindernis
44385,119,Gent teller 2,Gent,51.0281795,3.7683918,1.8002160233246551,51.01528152187491,3.7528357222456528,2023,12,8,44043,Merelbeke,Regenval,"Nat, plassen",Dag,met lichtgewonden,9,personenauto,3,Fiets,Op Kruispunt,Gewestweg,binnen bebouwde kom,Tss. 2 best.: langs opzij (voor-/achterkant-flank),Geen hindernis
44387,118,Gent teller 1,Gent,51.028049,3.7681359,1.2717833046328213,51.01862378725055,3.7578351729383113,2023,12,16,44043,Merelbeke,Normaal,Droog,Dag,met lichtgewonden,3,Fiets,9,personenauto,Op Kruispunt,Gemeenteweg,binnen bebouwde kom,Tss. 2 best.: langs opzij (voor-/achterkant-flank),Geen hindernis