crash_row_id,site_id,site_name,site_gemeente,site_lat,site_long,distance_km,crash_lat,crash_long,DT_YEAR_COLLISION,DT_MONTH_COLLISION,DT_TIME,CD_NIS,TX_MUNTY_COLLISION_NL,TX_WEATHER_NL,TX_ROAD_CONDITION_NL,TX_LIGHT_CONDITION_NL,TX_CLASS_ACCIDENTS_NL,CD_ROAD_USR_TYPE1,TX_ROAD_USR_TYPE1_NL,CD_ROAD_USR_TYPE2,TX_ROAD_USR_TYPE2_NL,TX_CROSSWAY_NL,CD_ROAD_TYPE_NL,TX_BUILD_UP_AREA_NL,TX_COLLISION_TYPE_NL,TX_OBSTACLES_NL
44387,119,Gent teller 2,Gent,51.0281795,3.7683918,1.2938963325985473,51.01862378725055,3.7578351729383113,2023,12,16,44043,Merelbeke,Normaal,Droog,Dag,met lichtgewonden,3,Fiets,9,personenauto,Op Kruispunt,Gemeenteweg,binnen bebouwde kom,Tss. 2 best.: langs opzij (voor-/achterkant-flank),Geen hindernis
44397,7,Evergem 1,Evergem,51.1089,3.70317,1.2136808868385847,51.116292385431855,3.7159615221369156,2023,12,12,44019,Evergem,Normaal,"Nat, plassen+Proper",Dag,met lichtgewonden,9,personenauto,3,Fiets,Op Kruispunt,Gemeenteweg,binnen bebouwde kom,Tss. 2 best.: langs opzij (voor-/achterkant-flank),Geen hindernis
44397,6,Evergem 2,Evergem,51.10894,3.70298,1.2204880132685236,51.116292385431855,3.7159615221369156,2023,12,12,44019,Evergem,Normaal,"Nat, plassen+Proper",Dag,met lichtgewonden,9,personenauto,3,Fiets,Op Kruispunt,Gemeenteweg,binnen bebouwde kom,Tss. 2 best.: langs opzij (voor-/achterkant-flank),Geen hindernis
44398,7,Evergem 1,Evergem,51.1089,3.70317,2.1770202711111253,51.11993714811238,3.7289292740641113,2023,12,7,44019,Evergem,Normaal,Droog,"Nacht, openbare verlichting aanwezig en ontstoken",met lichtgewonden,9,personenauto,3,Fiets,Op Kruispunt,Gemeenteweg,buiten bebouwde kom,Tss. 2 best.: langs opzij (voor-/achterkant-flank),Geen hindernis
44398,6,Evergem 2,Evergem,51.10894,3.70298,2.1854951460748433,51.11993714811238,3.7289292740641113,2023,12,7,44019,Evergem,Normaal,Droog,"Nacht, openbare verlichting aanwezig en ontstoken",met lichtgewonden,9,personenauto,3,Fiets,Op Kruispunt,Gemeenteweg,buiten bebouwde kom,Tss. 2 best.: langs opzij (voor-/achterkant-flank),Geen hindernis
44403,115,Aalter,Aalter,51.1058367,3.4350591,2.32199046695551,51.09116875449829,3.4587273144459316,2023,12,12,44084,Aalter,Onbekend,Onbekend,Dag,met lichtgewonden,3,Fiets,11,een weggebruiker tegen een hindernis,Op Kruispunt,Gemeenteweg,onbekend,Weggebruiker tegen hindernis op de rijbaan,"Op de rijbaan: Put, straatgoot, tramspoor"
44421,126,Hamme totem,Hamme,51.1017709,4.1469307,1.5362185639958266,51.11439900996676,4.138005712279073,2023,12,9,46025,Temse,Regenval,"Nat, plassen",Dag,met lichtgewonden,5,Lichte vrachtauto,3,Fiets,Op Kruispunt,Gemeenteweg,binnen bebouwde kom,Tss. 2 best.: langs opzij (voor-/achterkant-flank),Geen hindernis
44422,141,Test site A support,Lokeren,51.08342085,3.9961071208376326,2.09703330128426,51.102106400262386,4.000171092995162,2023,12,17,46014,Lokeren,Regenval,"Nat, plassen","Nacht, openbare verlichting aanwezig en ontstoken",met lichtgewonden,5,Lichte vrachtauto,3,Fiets,Op Kruispunt,Gewestweg,binnen bebouwde kom,Tussen 2 bestuurders: Frontale botsing,Geen hindernis
44422,128,Lokeren teller 1,Lokeren,51.09644,3.97023,2.183588246607796,51.102106400262386,4.000171092995162,2023,12,17,46014,Lokeren,Regenval,"Nat, plassen","Nacht, openbare verlichting aanwezig en ontstoken",met lichtgewonden,5,Lichte vrachtauto,3,Fiets,Op Kruispunt,Gewestweg,binnen bebouwde kom,Tussen 2 bestuurders: Frontale botsing,Geen hindernis
44422,129,Lokeren teller 2,Lokeren,51.09612,3.97025,2.1927962688170735,51.102106400262386,4.000171092995162,2023,12,17,46014,Lokeren,Regenval,"Nat, plassen","Nacht, openbare verlichting aanwezig en ontstoken",met lichtgewonden,5,Lichte vrachtauto,3,Fiets,Op Kruispunt,Gewestweg,binnen bebouwde kom,Tussen 2 bestuurders: Frontale botsing,Geen hindernis
44423,141,Test site A support,Lokeren,51.08342085,3.9961071208376326,2.0988550104014054,51.10217736205579,3.999475717282004,2023,12,18,46014,Lokeren,Normaal,Droog,Dageraad - schemering,met lichtgewonden,5,Lichte vrachtauto,3,Fiets,Buiten Kruispunt,Gewestweg,binnen bebouwde kom,Tussen 2 bestuurders: Flank tegen flank,Geen hindernis
44423,128,Lokeren teller 1,Lokeren,51.09644,3.97023,2.139481351028368,51.10217736205579,3.999475717282004,2023,12,18,46014,Lokeren,Normaal,Droog,Dageraad - schemering,met lichtgewonden,5,Lichte vrachtauto,3,Fiets,Buiten Kruispunt,Gewestweg,binnen bebouwde kom,Tussen 2 bestuurders: Flank tegen flank,Geen hindernis
44423,129,Lokeren teller 2,Lokeren,51.09612,3.97025,2.1490402677337817,51.10217736205579,3.999475717282004,2023,12,18,46014,Lokeren,Normaal,Droog,Dageraad - schemering,met lichtgewonden,5,Lichte vrachtauto,3,Fiets,Buiten Kruispunt,Gewestweg,binnen bebouwde kom,Tussen 2 bestuurders: Flank tegen flank,Geen hindernis
44424,141,Test site A support,Lokeren,51.08342085,3.9961071208376326,2.4763659607778794,51.10513663655696,4.003972195454837,2023,12,9,46014,Lokeren,Normaal,Droog,Dag,met lichtgewonden,3,Fiets,9,personenauto,Buiten Kruispunt,Gewestweg,binnen bebouwde kom,Tss. 2 best.: langs opzij (voor-/achterkant-flank),Geen hindernis
44425,141,Test site A support,Lokeren,51.08342085,3.9961071208376326,1.67144385494949,51.095549698174054,4.0102437279360235,2023,12,17,46014,Lokeren,Regenval,"Nat, plassen","Nacht, openbare verlichting aanwezig en ontstoken",met lichtgewonden,9,personenauto,3,Fiets,Buiten Kruispunt,Gewestweg,buiten bebouwde kom,Tss. 2 best.: langs opzij (voor-/achterkant-flank),Geen hindernis
44426,141,Test site A support,Lokeren,51.08342085,3.9961071208376326,1.6559671477240014,51.094573159640554,4.011820444181182,2023,12,13,46014,Lokeren,Normaal,Droog,Dag,met lichtgewonden,9,personenauto,3,Fiets,Op Kruispunt,Gewestweg,buiten bebouwde kom,Tss. 2 best.: langs opzij (voor-/achterkant-flank),Geen hindernis
44428,126,Hamme totem,Hamme,51.1017709,4.1469307,1.3466804475775467,51.09745122244974,4.128913176611634,2023,12,12,42008,Hamme,Normaal,Droog,Dag,met lichtgewonden,3,Fiets,9,personenauto,Buiten Kruispunt,Gemeenteweg,binnen bebouwde kom,Tussen 2 bestuurders: Flank tegen flank,Geen hindernis
44429,126,Hamme totem,Hamme,51.1017709,4.1469307,1.3680989535821242,51.090187851329276,4.140324660619008,2023,12,18,42008,Hamme,Normaal,Droog,"Nacht, openbare verlichting aanwezig en ontstoken",met lichtgewonden,9,personenauto,3,Fiets,Op Kruispunt,Gewestweg,binnen bebouwde kom,Tss. 2 best.: langs opzij (voor-/achterkant-flank),Geen hindernis
44431,141,Test site A support,Lokeren,51.08342085,3.9961071208376326,1.663507074857667,51.087818724789905,4.018870891479879,2023,12,16,46014,Lokeren,Onbekend,Onbekend,Onbekend,met lichtgewonden,3,Fiets,4,Vrachtwagen,Buiten Kruispunt,Gemeenteweg,onbekend,Tussen 2 bestuurders: Langs achteren,Geen hindernis
44433,121,Zele teller 2,Zele,51.0604067,4.0556696,0.1422432632235961,51.059198928474906,4.056340311816247,2023,12,15,42028,Zele,Normaal,"Nat, plassen",Dag,met lichtgewonden,3,Fiets,10,"één bestuurder, geen hindernis",Buiten Kruispunt,Gewestweg,buiten bebouwde kom,"Eén bestuurder, geen hindernis (incl. val)",Geen hindernis
44433,120,Zele teller 1,Zele,51.0607671,4.0547741,0.20588047879410584,51.059198928474906,4.056340311816247,2023,12,15,42028,Zele,Normaal,"Nat, plassen",Dag,met lichtgewonden,3,Fiets,10,"één bestuurder, geen hindernis",Buiten Kruispunt,Gewestweg,buiten bebouwde kom,"Eén bestuurder, geen hindernis (incl. val)",Geen hindernis
44444,125,Dendermonde totem,Dendermonde,51.0372706,4.1025998,0.6533957854213396,51.03289030328563,4.10882848426913,2023,12,18,42006,Dendermonde,Onbekend,"Nat, plassen","Nacht, openbare verlichting aanwezig en ontstoken",met lichtgewonden,3,Fiets,9,personenauto,Op Kruispunt,Gewestweg,binnen bebouwde kom,Tss. 2 best.: langs opzij (voor-/achterkant-flank),Geen hindernis
44444,122,Dendermonde teller 2,Dendermonde,51.0373918,4.1019222,0.6955230291674722,51.03289030328563,4.10882848426913,2023,12,18,42006,Dendermonde,Onbekend,"Nat, plassen","Nacht, openbare verlichting aanwezig en ontstoken",met lichtgewonden,3,Fiets,9,personenauto,Op Kruispunt,Gewestweg,binnen bebouwde kom,Tss. 2 best.: langs opzij (voor-/achterkant-flank),Geen hindernis
44445,122,Dendermonde teller 2,Dendermonde,51.0373918,4.1019222,0.7358100478773146,51.03157203672666,4.096913960820526,2023,12,18,42006,Dendermonde,Normaal,Droog,"Nacht, openbare verlichting aanwezig en ontstoken",met lichtgewonden,3,Fiets,10,"één bestuurder, geen hindernis",Buiten Kruispunt,Gemeenteweg,binnen bebouwde kom,"Eén bestuurder, geen hindernis (incl. val)",Geen hindernis
44445,125,Dendermonde totem,Dendermonde,51.0372706,4.1025998,0.7480555318135274,51.03157203672666,4.096913960820526,2023,12,18,42006,Dendermonde,Normaal,Droog,"Nacht, openbare verlichting aanwezig en ontstoken",met lichtgewonden,3,Fiets,10,"één bestuurder, geen hindernis",Buiten Kruispunt,Gemeenteweg,binnen bebouwde kom,"Eén bestuurder, geen hindernis (incl. val)",Geen hindernis
44446,54,Brugge teller 2,Brugge,51.23015,3.22818,1.5646347034251245,51.217327706930334,3.2189266084267207,2023,12,22,31005,Brugge,Normaal,Droog,"Nacht, openbare verlichting aanwezig en ontstoken",met lichtgewonden,9,personenauto,3,Fiets,Buiten Kruispunt,Gewestweg,binnen bebouwde kom,Tss. 2 best.: langs opzij (voor-/achterkant-flank),Geen hindernis
44446,53,Brugge teller 1,Brugge,51.23023,3.228,1.5676505856002094,51.217327706930334,3.2189266084267207,2023,12,22,31005,Brugge,Normaal,Droog,"Nacht, openbare verlichting aanwezig en ontstoken",met lichtgewonden,9,personenauto,3,Fiets,Buiten Kruispunt,Gewestweg,binnen bebouwde kom,Tss. 2 best.: langs opzij (voor-/achterkant-flank),Geen hindernis
44446,52,Brugge,Brugge,51.22632,3.24095,1.8309023266137339,51.217327706930334,3.2189266084267207,2023,12,22,31005,Brugge,Normaal,Droog,"Nacht, openbare verlichting aanwezig en ontstoken",met lichtgewonden,9,personenauto,3,Fiets,Buiten Kruispunt,Gewestweg,binnen bebouwde kom,Tss. 2 best.: langs opzij (voor-/achterkant-flank),Geen hindernis
44446,142,TEST Validatie BRUGGE Y2H22022134,Brugge,51.22632,3.24095,1.8309023266137339,51.217327706930334,3.2189266084267207,2023,12,22,31005,Brugge,Normaal,Droog,"Nacht, openbare verlichting aanwezig en ontstoken",met lichtgewonden,9,personenauto,3,Fiets,Buiten Kruispunt,Gewestweg,binnen bebouwde kom,Tss. 2 best.: langs opzij (voor-/achterkant-flank),Geen hindernis
44447,142,TEST Validatie BRUGGE Y2H22022134,Brugge,51.22632,3.24095,1.5765122178608677,51.214182050535676,3.2526481771205757,2023,12,13,31005,Brugge,Normaal,Droog,Dag,met lichtgewonden,9,personenauto,3,Fiets,Buiten Kruispunt,Gemeenteweg,binnen bebouwde kom,Tussen 2 bestuurders: Flank tegen flank,Geen hindernis
44447,52,Brugge,Brugge,51.22632,3.24095,1.5765122178608677,51.214182050535676,3.2526481771205757,2023,12,13,31005,Brugge,Normaal,Droog,Dag,met lichtgewonden,9,personenauto,3,Fiets,Buiten Kruispunt,Gemeenteweg,binnen bebouwde kom,Tussen 2 bestuurders: Flank tegen flank,Geen hindernis
44447,54,Brugge teller 2,Brugge,51.23015,3.22818,2.4609397379976183,51.214182050535676,3.2526481771205757,2023,12,13,31005,Brugge,Normaal,Droog,Dag,met lichtgewonden,9,personenauto,3,Fiets,Buiten Kruispunt,Gemeenteweg,binnen bebouwde kom,Tussen 2 bestuurders: Flank tegen flank,Geen hindernis
44447,53,Brugge teller 1,Brugge,51.23023,3.228,2.4760383342739782,51.214182050535676,3.2526481771205757,2023,12,13,31005,Brugge,Normaal,Droog,Dag,met lichtgewonden,9,personenauto,3,Fiets,Buiten Kruispunt,Gemeenteweg,binnen bebouwde kom,Tussen 2 bestuurders: Flank tegen flank,Geen hindernis
44449,142,TEST Validatie BRUGGE Y2H22022134,Brugge,51.22632,3.24095,2.4322213125912984,51.208306991820386,3.22113910612709,2023,12,3,31005,Brugge,Onbekend,"Nat, plassen","Nacht, openbare verlichting aanwezig en ontstoken",met zwaargewonden,9,personenauto,3,Fiets,Buiten Kruispunt,Gewestweg,binnen bebouwde kom,Tussen 2 bestuurders: Frontale botsing,Geen hindernis
44449,52,Brugge,Brugge,51.22632,3.24095,2.4322213125912984,51.208306991820386,3.22113910612709,2023,12,3,31005,Brugge,Onbekend,"Nat, plassen","Nacht, openbare verlichting aanwezig en ontstoken",met zwaargewonden,9,personenauto,3,Fiets,Buiten Kruispunt,Gewestweg,binnen bebouwde kom,Tussen 2 bestuurders: Frontale botsing,Geen hindernis
44449,54,Brugge teller 2,Brugge,51.23015,3.22818,2.4778391277428824,51.208306991820386,3.22113910612709,2023,12,3,31005,Brugge,Onbekend,"Nat, plassen","Nacht, openbare verlichting aanwezig en ontstoken",met zwaargewonden,9,personenauto,3,Fiets,Buiten Kruispunt,Gewestweg,binnen bebouwde kom,Tussen 2 bestuurders: Frontale botsing,Geen hindernis
44449,53,Brugge teller 1,Brugge,51.23023,3.228,2.484117464577256,51.208306991820386,3.22113910612709,2023,12,3,31005,Brugge,Onbekend,"Nat, plassen","Nacht, openbare verlichting aanwezig en ontstoken",met zwaargewonden,9,personenauto,3,Fiets,Buiten Kruispunt,Gewestweg,binnen bebouwde kom,Tussen 2 bestuurders: Frontale botsing,Geen hindernis
44451,142,TEST Validatie BRUGGE Y2H22022134,Brugge,51.22632,3.24095,1.507122090526398,51.21279717546619,3.2424139305171984,2023,12,14,31005,Brugge,Normaal,Droog,Dag,met lichtgewonden,9,personenauto,3,Fiets,Op Kruispunt,Gemeenteweg,binnen bebouwde kom,Tss. 2 best.: langs opzij (voor-/achterkant-flank),Geen hindernis
44451,52,Brugge,Brugge,51.22632,3.24095,1.507122090526398,51.21279717546619,3.2424139305171984,2023,12,14,31005,Brugge,Normaal,Droog,Dag,met lichtgewonden,9,personenauto,3,Fiets,Op Kruispunt,Gemeenteweg,binnen bebouwde kom,Tss. 2 best.: langs opzij (voor-/achterkant-flank),Geen hindernis
44451,54,Brugge teller 2,Brugge,51.23015,3.22818,2.1692860535337877,51.21279717546619,3.2424139305171984,2023,12,14,31005,Brugge,Normaal,Droog,Dag,met lichtgewonden,9,personenauto,3,Fiets,Op Kruispunt,Gemeenteweg,binnen bebouwde kom,Tss. 2 best.: langs opzij (voor-/achterkant-flank),Geen hindernis
44451,53,Brugge teller 1,Brugge,51.23023,3.228,2.18293801840704,51.21279717546619,3.2424139305171984,2023,12,14,31005,Brugge,Normaal,Droog,Dag,met lichtgewonden,9,personenauto,3,Fiets,Op Kruispunt,Gemeenteweg,binnen bebouwde kom,Tss. 2 best.: langs opzij (voor-/achterkant-flank),Geen hindernis
44455,20,Brugge,Brugge,51.17416,3.20048,2.301714136617991,51.18627678309581,3.227252419069946,2023,12,19,31005,Brugge,Normaal,Droog,"Nacht, openbare verlichting aanwezig en ontstoken",met lichtgewonden,9,personenauto,3,Fiets,Op Kruispunt,Gewestweg,binnen bebouwde kom,Tss. 2 best.: langs opzij (voor-/achterkant-flank),Geen hindernis
44467,18,Oostende 1,Oostende,51.21378,2.92765,1.8671391832041841,51.22769699924305,2.942650998933642,2023,12,8,35013,Oostende,Normaal,Onbekend,Dageraad - schemering,met lichtgewonden,9,personenauto,3,Fiets,Op Kruispunt,Gemeenteweg,binnen bebouwde kom,Tss. 2 best.: langs opzij (voor-/achterkant-flank),Geen hindernis
44467,15,Oostende 2,Oostende,51.21371,2.92743,1.8821822402433845,51.22769699924305,2.942650998933642,2023,12,8,35013,Oostende,Normaal,Onbekend,Dageraad - schemering,met lichtgewonden,9,personenauto,3,Fiets,Op Kruispunt,Gemeenteweg,binnen bebouwde kom,Tss. 2 best.: langs opzij (voor-/achterkant-flank),Geen hindernis
44468,15,Oostende 2,Oostende,51.21371,2.92743,1.7073054010177697,51.22528667487562,2.9113266006640077,2023,12,13,35013,Oostende,Normaal,"Nat, plassen",Dag,met zwaargewonden,3,Fiets,9,personenauto,Buiten Kruispunt,Gewestweg,binnen bebouwde kom,Tussen 2 bestuurders: Frontale botsing,Geen hindernis
44468,18,Oostende 1,Oostende,51.21378,2.92765,1.7115823627423798,51.22528667487562,2.9113266006640077,2023,12,13,35013,Oostende,Normaal,"Nat, plassen",Dag,met zwaargewonden,3,Fiets,9,personenauto,Buiten Kruispunt,Gewestweg,binnen bebouwde kom,Tussen 2 bestuurders: Frontale botsing,Geen hindernis
44469,18,Oostende 1,Oostende,51.21378,2.92765,1.8063770566707456,51.200339235309684,2.9422135307444868,2023,12,7,35013,Oostende,Regenval,"Nat, plassen",Dageraad - schemering,met lichtgewonden,3,Fiets,3,Fiets,Buiten Kruispunt,Gemeenteweg,buiten bebouwde kom,Tussen 2 bestuurders: Frontale botsing,Geen hindernis
44469,15,Oostende 2,Oostende,51.21371,2.92743,1.8086259555284887,51.200339235309684,2.9422135307444868,2023,12,7,35013,Oostende,Regenval,"Nat, plassen",Dageraad - schemering,met lichtgewonden,3,Fiets,3,Fiets,Buiten Kruispunt,Gemeenteweg,buiten bebouwde kom,Tussen 2 bestuurders: Frontale botsing,Geen hindernis
44470,15,Oostende 2,Oostende,51.21371,2.92743,1.134617511789482,51.22187910808251,2.917668417587529,2023,12,12,35013,Oostende,Normaal,Droog,Dag,met lichtgewonden,3,Fiets,99,onbekend,Buiten Kruispunt,Gemeenteweg,binnen bebouwde kom,Tss. 2 best.: langs opzij (voor-/achterkant-flank),Geen hindernis
44470,18,Oostende 1,Oostende,51.21378,2.92765,1.137693176795365,51.22187910808251,2.917668417587529,2023,12,12,35013,Oostende,Normaal,Droog,Dag,met lichtgewonden,3,Fiets,99,onbekend,Buiten Kruispunt,Gemeenteweg,binnen bebouwde kom,Tss. 2 best.: langs opzij (voor-/achterkant-flank),Geen hindernis
44471,15,Oostende 2,Oostende,51.21371,2.92743,2.1299874623086406,51.212168351507145,2.8969503498002727,2023,12,15,35013,Oostende,Normaal,Droog,Dag,met lichtgewonden,3,Fiets,9,personenauto,Op Kruispunt,Gemeenteweg,binnen bebouwde kom,Tss. 2 best.: langs opzij (voor-/achterkant-flank),Geen hindernis
44471,18,Oostende 1,Oostende,51.21378,2.92765,2.1458967189616676,51.212168351507145,2.8969503498002727,2023,12,15,35013,Oostende,Normaal,Droog,Dag,met lichtgewonden,3,Fiets,9,personenauto,Op Kruispunt,Gemeenteweg,binnen bebouwde kom,Tss. 2 best.: langs opzij (voor-/achterkant-flank),Geen hindernis
44473,18,Oostende 1,Oostende,51.21378,2.92765,2.357039265935602,51.23368833707331,2.916027147003686,2023,12,15,35013,Oostende,Normaal,Droog,Dag,met lichtgewonden,3,Fiets,9,personenauto,Buiten Kruispunt,Gewestweg,binnen bebouwde kom,Tss. 2 best.: langs opzij (voor-/achterkant-flank),Geen hindernis
44473,15,Oostende 2,Oostende,51.21371,2.92743,2.359150379465192,51.23368833707331,2.916027147003686,2023,12,15,35013,Oostende,Normaal,Droog,Dag,met lichtgewonden,3,Fiets,9,personenauto,Buiten Kruispunt,Gewestweg,binnen bebouwde kom,Tss. 2 best.: langs opzij (voor-/achterkant-flank),Geen hindernis
44481,58,Meulebeke teller 2,Meulebeke,50.96021,3.24471,2.2214169816815277,50.940408698768955,3.2489145259133965,2023,12,6,36007,Ingelmunster,Normaal,Droog,"Nacht, openbare verlichting aanwezig en ontstoken",met lichtgewonden,3,Fiets,10,"één bestuurder, geen hindernis",Op Kruispunt,Gewestweg,buiten bebouwde kom,"Eén bestuurder, geen hindernis (incl. val)",Geen hindernis
44481,57,Meulebeke teller 1,Meulebeke,50.96056,3.24491,2.258214162148686,50.940408698768955,3.2489145259133965,2023,12,6,36007,Ingelmunster,Normaal,Droog,"Nacht, openbare verlichting aanwezig en ontstoken",met lichtgewonden,3,Fiets,10,"één bestuurder, geen hindernis",Op Kruispunt,Gewestweg,buiten bebouwde kom,"Eén bestuurder, geen hindernis (incl. val)",Geen hindernis
44488,61,Wervik teller 2,Wervik,50.80555,3.0921,2.1344627453719918,50.79643026028683,3.1188255359422774,2023,12,9,34027,Menen,Normaal,Droog,Dag,met lichtgewonden,9,personenauto,3,Fiets,Op Kruispunt,Gewestweg,binnen bebouwde kom,Tss. 2 best.: langs opzij (voor-/achterkant-flank),Geen hindernis
44488,62,Wervik teller 1,Wervik,50.8058,3.09154,2.1823027848963683,50.79643026028683,3.1188255359422774,2023,12,9,34027,Menen,Normaal,Droog,Dag,met lichtgewonden,9,personenauto,3,Fiets,Op Kruispunt,Gewestweg,binnen bebouwde kom,Tss. 2 best.: langs opzij (voor-/achterkant-flank),Geen hindernis
44490,74,Kortrijk teller 1,Kortrijk,50.81909,3.25728,1.7559791184960787,50.80514538523878,3.2455502866022368,2023,12,8,34022,Kortrijk,Normaal,Droog,Dag,met lichtgewonden,3,Fiets,9,personenauto,Op Kruispunt,Gewestweg,binnen bebouwde kom,Tussen 2 bestuurders: Flank tegen flank,Geen hindernis
44490,75,Kortrijk teller 2,Kortrijk,50.81925,3.25731,1.7726896227291589,50.80514538523878,3.2455502866022368,2023,12,8,34022,Kortrijk,Normaal,Droog,Dag,met lichtgewonden,3,Fiets,9,personenauto,Op Kruispunt,Gewestweg,binnen bebouwde kom,Tussen 2 bestuurders: Flank tegen flank,Geen hindernis
44491,74,Kortrijk teller 1,Kortrijk,50.81909,3.25728,2.1242164330231232,50.799995896115455,3.258229959621954,2023,12,9,34022,Kortrijk,Onbekend,Onbekend,Dag,met lichtgewonden,3,Fiets,6,Bromfiets,Buiten Kruispunt,Gemeenteweg,binnen bebouwde kom,Tss. 2 best.: langs opzij (voor-/achterkant-flank),Geen hindernis
44491,75,Kortrijk teller 2,Kortrijk,50.81925,3.25731,2.141934255514834,50.799995896115455,3.258229959621954,2023,12,9,34022,Kortrijk,Onbekend,Onbekend,Dag,met lichtgewonden,3,Fiets,6,Bromfiets,Buiten Kruispunt,Gemeenteweg,binnen bebouwde kom,Tss. 2 best.: langs opzij (voor-/achterkant-flank),Geen hindernis
44492,143,Eco Display Classic Budastraat,Kortrijk,50.83066,3.26286,0.3090229900105286,50.83088977813185,3.2672449560949657,2023,12,10,34022,Kortrijk,Normaal,Droog,Dag,met lichtgewonden,9,personenauto,3,Fiets,Op Kruispunt,Gemeenteweg,binnen bebouwde kom,Tss. 2 best.: langs opzij (voor-/achterkant-flank),Geen hindernis
44492,16,Kortrijk 1,Kortrijk,50.83332,3.27777,0.787022078325944,50.83088977813185,3.2672449560949657,2023,12,10,34022,Kortrijk,Normaal,Droog,Dag,met lichtgewonden,9,personenauto,3,Fiets,Op Kruispunt,Gemeenteweg,binnen bebouwde kom,Tss. 2 best.: langs opzij (voor-/achterkant-flank),Geen hindernis
44492,17,Kortrijk 2,Kortrijk,50.83339,3.27773,0.7870991966863705,50.83088977813185,3.2672449560949657,2023,12,10,34022,Kortrijk,Normaal,Droog,Dag,met lichtgewonden,9,personenauto,3,Fiets,Op Kruispunt,Gemeenteweg,binnen bebouwde kom,Tss. 2 best.: langs opzij (voor-/achterkant-flank),Geen hindernis
44492,75,Kortrijk teller 2,Kortrijk,50.81925,3.25731,1.470425313256298,50.83088977813185,3.2672449560949657,2023,12,10,34022,Kortrijk,Normaal,Droog,Dag,met lichtgewonden,9,personenauto,3,Fiets,Op Kruispunt,Gemeenteweg,binnen bebouwde kom,Tss. 2 best.: langs opzij (voor-/achterkant-flank),Geen hindernis
44492,74,Kortrijk teller 1,Kortrijk,50.81909,3.25728,1.487100521183282,50.83088977813185,3.2672449560949657,2023,12,10,34022,Kortrijk,Normaal,Droog,Dag,met lichtgewonden,9,personenauto,3,Fiets,Op Kruispunt,Gemeenteweg,binnen bebouwde kom,Tss. 2 best.: langs opzij (voor-/achterkant-flank),Geen hindernis
44493,17,Kortrijk 2,Kortrijk,50.83339,3.27773,2.3297768491913953,50.854305429745374,3.275765379059245,2023,12,17,34023,Kuurne,Regenval,"Nat, plassen","Nacht, openbare verlichting aanwezig en ontstoken",met lichtgewonden,9,personenauto,3,Fiets,Op Kruispunt,Gemeenteweg,binnen bebouwde kom,Tss. 2 best.: langs opzij (voor-/achterkant-flank),Geen hindernis
44493,16,Kortrijk 1,Kortrijk,50.83332,3.27777,2.3377143042964077,50.854305429745374,3.275765379059245,2023,12,17,34023,Kuurne,Regenval,"Nat, plassen","Nacht, openbare verlichting aanwezig en ontstoken",met lichtgewonden,9,personenauto,3,Fiets,Op Kruispunt,Gemeenteweg,binnen bebouwde kom,Tss. 2 best.: langs opzij (voor-/achterkant-flank),Geen hindernis
44494,75,Kortrijk teller 2,Kortrijk,50.81925,3.25731,0.852135474880281,50.818644451122516,3.2694021222872327,2023,12,20,34022,Kortrijk,Onbekend,Onbekend,Onbekend,met lichtgewonden,2,Andere weggebruiker,3,Fiets,Buiten Kruispunt,Gewestweg,binnen bebouwde kom,Tss. 2 best.: langs opzij (voor-/achterkant-flank),Geen hindernis
44494,74,Kortrijk teller 1,Kortrijk,50.81909,3.25728,0.8530198917147104,50.818644451122516,3.2694021222872327,2023,12,20,34022,Kortrijk,Onbekend,Onbekend,Onbekend,met lichtgewonden,2,Andere weggebruiker,3,Fiets,Buiten Kruispunt,Gewestweg,binnen bebouwde kom,Tss. 2 best.: langs opzij (voor-/achterkant-flank),Geen hindernis
44494,143,Eco Display Classic Budastraat,Kortrijk,50.83066,3.26286,1.4128848299466263,50.818644451122516,3.2694021222872327,2023,12,20,34022,Kortrijk,Onbekend,Onbekend,Onbekend,met lichtgewonden,2,Andere weggebruiker,3,Fiets,Buiten Kruispunt,Gewestweg,binnen bebouwde kom,Tss. 2 best.: langs opzij (voor-/achterkant-flank),Geen hindernis
44494,16,Kortrijk 1,Kortrijk,50.83332,3.27777,1.7344677987152417,50.818644451122516,3.2694021222872327,2023,12,20,34022,Kortrijk,Onbekend,Onbekend,Onbekend,met lichtgewonden,2,Andere weggebruiker,3,Fiets,Buiten Kruispunt,Gewestweg,binnen bebouwde kom,Tss. 2 best.: langs opzij (voor-/achterkant-flank),Geen hindernis
44494,17,Kortrijk 2,Kortrijk,50.83339,3.27773,1.7408467074955782,50.818644451122516,3.2694021222872327,2023,12,20,34022,Kortrijk,Onbekend,Onbekend,Onbekend,met lichtgewonden,2,Andere weggebruiker,3,Fiets,Buiten Kruispunt,Gewestweg,binnen bebouwde kom,Tss. 2 best.: langs opzij (voor-/achterkant-flank),Geen hindernis