crash_row_id,site_id,site_name,site_gemeente,site_lat,site_long,distance_km,crash_lat,crash_long,DT_YEAR_COLLISION,DT_MONTH_COLLISION,DT_TIME,CD_NIS,TX_MUNTY_COLLISION_NL,TX_WEATHER_NL,TX_ROAD_CONDITION_NL,TX_LIGHT_CONDITION_NL,TX_CLASS_ACCIDENTS_NL,CD_ROAD_USR_TYPE1,TX_ROAD_USR_TYPE1_NL,CD_ROAD_USR_TYPE2,TX_ROAD_USR_TYPE2_NL,TX_CROSSWAY_NL,CD_ROAD_TYPE_NL,TX_BUILD_UP_AREA_NL,TX_COLLISION_TYPE_NL,TX_OBSTACLES_NL
44495,74,Kortrijk teller 1,Kortrijk,50.81909,3.25728,0.8790898133364418,50.81405328411532,3.2476350058853085,2023,12,9,34022,Kortrijk,Regenval,"Nat, plassen",Dag,met lichtgewonden,9,personenauto,3,Fiets,Op Kruispunt,Gemeenteweg,binnen bebouwde kom,Tussen 2 bestuurders: Flank tegen flank,Geen hindernis
44495,75,Kortrijk teller 2,Kortrijk,50.81925,3.25731,0.8921337674755063,50.81405328411532,3.2476350058853085,2023,12,9,34022,Kortrijk,Regenval,"Nat, plassen",Dag,met lichtgewonden,9,personenauto,3,Fiets,Op Kruispunt,Gemeenteweg,binnen bebouwde kom,Tussen 2 bestuurders: Flank tegen flank,Geen hindernis
44495,143,Eco Display Classic Budastraat,Kortrijk,50.83066,3.26286,2.1339278769241132,50.81405328411532,3.2476350058853085,2023,12,9,34022,Kortrijk,Regenval,"Nat, plassen",Dag,met lichtgewonden,9,personenauto,3,Fiets,Op Kruispunt,Gemeenteweg,binnen bebouwde kom,Tussen 2 bestuurders: Flank tegen flank,Geen hindernis
44496,143,Eco Display Classic Budastraat,Kortrijk,50.83066,3.26286,0.31585933923953446,50.833081959390285,3.2652100302831246,2023,11,12,34022,Kortrijk,Normaal,Droog,Dag,met lichtgewonden,3,Fiets,11,een weggebruiker tegen een hindernis,Buiten Kruispunt,Gemeenteweg,binnen bebouwde kom,Weggebruiker tegen hindernis op de rijbaan,"Op de rijbaan: Put, straatgoot, tramspoor"
44496,17,Kortrijk 2,Kortrijk,50.83339,3.27773,0.8799250495712911,50.833081959390285,3.2652100302831246,2023,11,12,34022,Kortrijk,Normaal,Droog,Dag,met lichtgewonden,3,Fiets,11,een weggebruiker tegen een hindernis,Buiten Kruispunt,Gemeenteweg,binnen bebouwde kom,Weggebruiker tegen hindernis op de rijbaan,"Op de rijbaan: Put, straatgoot, tramspoor"
44496,16,Kortrijk 1,Kortrijk,50.83332,3.27777,0.8824649748761665,50.833081959390285,3.2652100302831246,2023,11,12,34022,Kortrijk,Normaal,Droog,Dag,met lichtgewonden,3,Fiets,11,een weggebruiker tegen een hindernis,Buiten Kruispunt,Gemeenteweg,binnen bebouwde kom,Weggebruiker tegen hindernis op de rijbaan,"Op de rijbaan: Put, straatgoot, tramspoor"
44496,75,Kortrijk teller 2,Kortrijk,50.81925,3.25731,1.6350787192651146,50.833081959390285,3.2652100302831246,2023,11,12,34022,Kortrijk,Normaal,Droog,Dag,met lichtgewonden,3,Fiets,11,een weggebruiker tegen een hindernis,Buiten Kruispunt,Gemeenteweg,binnen bebouwde kom,Weggebruiker tegen hindernis op de rijbaan,"Op de rijbaan: Put, straatgoot, tramspoor"
44496,74,Kortrijk teller 1,Kortrijk,50.81909,3.25728,1.6525344778188924,50.833081959390285,3.2652100302831246,2023,11,12,34022,Kortrijk,Normaal,Droog,Dag,met lichtgewonden,3,Fiets,11,een weggebruiker tegen een hindernis,Buiten Kruispunt,Gemeenteweg,binnen bebouwde kom,Weggebruiker tegen hindernis op de rijbaan,"Op de rijbaan: Put, straatgoot, tramspoor"
44497,143,Eco Display Classic Budastraat,Kortrijk,50.83066,3.26286,2.355873578843706,50.845458698695595,3.238851246180162,2023,12,21,34022,Kortrijk,Regenval,"Nat, plassen","Nacht, openb. verlicht. aanw., maar niet ontstoken",met lichtgewonden,9,personenauto,3,Fiets,Buiten Kruispunt,Gemeenteweg,binnen bebouwde kom,Tussen 2 bestuurders: Frontale botsing,Geen hindernis
44498,75,Kortrijk teller 2,Kortrijk,50.81925,3.25731,0.5939569137813873,50.81867663658077,3.26571606234923,2023,12,19,34022,Kortrijk,Normaal,Droog,"Nacht, openbare verlichting aanwezig en ontstoken",met lichtgewonden,9,personenauto,3,Fiets,Op Kruispunt,Gemeenteweg,binnen bebouwde kom,Tss. 2 best.: langs opzij (voor-/achterkant-flank),Geen hindernis
44498,74,Kortrijk teller 1,Kortrijk,50.81909,3.25728,0.5944135682547395,50.81867663658077,3.26571606234923,2023,12,19,34022,Kortrijk,Normaal,Droog,"Nacht, openbare verlichting aanwezig en ontstoken",met lichtgewonden,9,personenauto,3,Fiets,Op Kruispunt,Gemeenteweg,binnen bebouwde kom,Tss. 2 best.: langs opzij (voor-/achterkant-flank),Geen hindernis
44498,143,Eco Display Classic Budastraat,Kortrijk,50.83066,3.26286,1.347506345972277,50.81867663658077,3.26571606234923,2023,12,19,34022,Kortrijk,Normaal,Droog,"Nacht, openbare verlichting aanwezig en ontstoken",met lichtgewonden,9,personenauto,3,Fiets,Op Kruispunt,Gemeenteweg,binnen bebouwde kom,Tss. 2 best.: langs opzij (voor-/achterkant-flank),Geen hindernis
44498,16,Kortrijk 1,Kortrijk,50.83332,3.27777,1.8352356950445732,50.81867663658077,3.26571606234923,2023,12,19,34022,Kortrijk,Normaal,Droog,"Nacht, openbare verlichting aanwezig en ontstoken",met lichtgewonden,9,personenauto,3,Fiets,Op Kruispunt,Gemeenteweg,binnen bebouwde kom,Tss. 2 best.: langs opzij (voor-/achterkant-flank),Geen hindernis
44498,17,Kortrijk 2,Kortrijk,50.83339,3.27773,1.8408551468122063,50.81867663658077,3.26571606234923,2023,12,19,34022,Kortrijk,Normaal,Droog,"Nacht, openbare verlichting aanwezig en ontstoken",met lichtgewonden,9,personenauto,3,Fiets,Op Kruispunt,Gemeenteweg,binnen bebouwde kom,Tss. 2 best.: langs opzij (voor-/achterkant-flank),Geen hindernis
44499,74,Kortrijk teller 1,Kortrijk,50.81909,3.25728,1.2688264513626117,50.81400770812405,3.2411096362342424,2023,10,11,34022,Kortrijk,Normaal,Droog,Dag,met lichtgewonden,9,personenauto,3,Fiets,Op Kruispunt,Gemeenteweg,binnen bebouwde kom,Tussen 2 bestuurders: Frontale botsing,Geen hindernis
44499,75,Kortrijk teller 2,Kortrijk,50.81925,3.25731,1.2787236517966982,50.81400770812405,3.2411096362342424,2023,10,11,34022,Kortrijk,Normaal,Droog,Dag,met lichtgewonden,9,personenauto,3,Fiets,Op Kruispunt,Gemeenteweg,binnen bebouwde kom,Tussen 2 bestuurders: Frontale botsing,Geen hindernis
44499,143,Eco Display Classic Budastraat,Kortrijk,50.83066,3.26286,2.400612069374474,50.81400770812405,3.2411096362342424,2023,10,11,34022,Kortrijk,Normaal,Droog,Dag,met lichtgewonden,9,personenauto,3,Fiets,Op Kruispunt,Gemeenteweg,binnen bebouwde kom,Tussen 2 bestuurders: Frontale botsing,Geen hindernis
44500,75,Kortrijk teller 2,Kortrijk,50.81925,3.25731,0.2511293881393879,50.82118114190081,3.2554563713698426,2023,12,9,34022,Kortrijk,Normaal,"Nat, plassen",Dag,met lichtgewonden,3,Fiets,9,personenauto,Buiten Kruispunt,Gemeenteweg,binnen bebouwde kom,Tss. 2 best.: langs opzij (voor-/achterkant-flank),Geen hindernis
44500,74,Kortrijk teller 1,Kortrijk,50.81909,3.25728,0.26547857655761264,50.82118114190081,3.2554563713698426,2023,12,9,34022,Kortrijk,Normaal,"Nat, plassen",Dag,met lichtgewonden,3,Fiets,9,personenauto,Buiten Kruispunt,Gemeenteweg,binnen bebouwde kom,Tss. 2 best.: langs opzij (voor-/achterkant-flank),Geen hindernis
44500,143,Eco Display Classic Budastraat,Kortrijk,50.83066,3.26286,1.1753067360275824,50.82118114190081,3.2554563713698426,2023,12,9,34022,Kortrijk,Normaal,"Nat, plassen",Dag,met lichtgewonden,3,Fiets,9,personenauto,Buiten Kruispunt,Gemeenteweg,binnen bebouwde kom,Tss. 2 best.: langs opzij (voor-/achterkant-flank),Geen hindernis
44500,16,Kortrijk 1,Kortrijk,50.83332,3.27777,2.06837743208412,50.82118114190081,3.2554563713698426,2023,12,9,34022,Kortrijk,Normaal,"Nat, plassen",Dag,met lichtgewonden,3,Fiets,9,personenauto,Buiten Kruispunt,Gemeenteweg,binnen bebouwde kom,Tss. 2 best.: langs opzij (voor-/achterkant-flank),Geen hindernis
44500,17,Kortrijk 2,Kortrijk,50.83339,3.27773,2.071341601452287,50.82118114190081,3.2554563713698426,2023,12,9,34022,Kortrijk,Normaal,"Nat, plassen",Dag,met lichtgewonden,3,Fiets,9,personenauto,Buiten Kruispunt,Gemeenteweg,binnen bebouwde kom,Tss. 2 best.: langs opzij (voor-/achterkant-flank),Geen hindernis
44508,17,Kortrijk 2,Kortrijk,50.83339,3.27773,2.477875294261313,50.84273545745192,3.3097636876689815,2023,12,4,34013,Harelbeke,Regenval,"Nat, plassen","Nacht, openbare verlichting aanwezig en ontstoken",met lichtgewonden,3,Fiets,10,"één bestuurder, geen hindernis",Buiten Kruispunt,Gemeenteweg,binnen bebouwde kom,"Eén bestuurder, geen hindernis (incl. val)",Geen hindernis
44508,16,Kortrijk 1,Kortrijk,50.83332,3.27777,2.4786049202475677,50.84273545745192,3.3097636876689815,2023,12,4,34013,Harelbeke,Regenval,"Nat, plassen","Nacht, openbare verlichting aanwezig en ontstoken",met lichtgewonden,3,Fiets,10,"één bestuurder, geen hindernis",Buiten Kruispunt,Gemeenteweg,binnen bebouwde kom,"Eén bestuurder, geen hindernis (incl. val)",Geen hindernis
44515,67,Ieper totem,Ieper,50.85018,2.85624,1.3649003723840005,50.850989162560396,2.8756400856209754,2023,11,18,33011,Ieper,Onbekend,Onbekend,Onbekend,met lichtgewonden,3,Fiets,11,een weggebruiker tegen een hindernis,Buiten Kruispunt,Gewestweg,binnen bebouwde kom,Weggebruiker tegen hindernis buiten rijbaan,Buiten de rijbaan: Muur gebouw
44515,68,Ieper,Ieper,50.85032,2.85608,1.3751763526404932,50.850989162560396,2.8756400856209754,2023,11,18,33011,Ieper,Onbekend,Onbekend,Onbekend,met lichtgewonden,3,Fiets,11,een weggebruiker tegen een hindernis,Buiten Kruispunt,Gewestweg,binnen bebouwde kom,Weggebruiker tegen hindernis buiten rijbaan,Buiten de rijbaan: Muur gebouw
44518,42,Maasmechelen teller 2,Maasmechelen,50.97043,5.6981,0.3818013804862519,50.97378122088989,5.6992874203053345,2023,12,8,73107,Maasmechelen,Normaal,Onbekend,Dageraad - schemering,met lichtgewonden,9,personenauto,3,Fiets,Op Kruispunt,Gewestweg,binnen bebouwde kom,Tss. 2 best.: langs opzij (voor-/achterkant-flank),Geen hindernis
44518,41,Maasmechelen teller 1,Maasmechelen,50.97025,5.69799,0.4030257953847746,50.97378122088989,5.6992874203053345,2023,12,8,73107,Maasmechelen,Normaal,Onbekend,Dageraad - schemering,met lichtgewonden,9,personenauto,3,Fiets,Op Kruispunt,Gewestweg,binnen bebouwde kom,Tss. 2 best.: langs opzij (voor-/achterkant-flank),Geen hindernis
44519,41,Maasmechelen teller 1,Maasmechelen,50.97025,5.69799,0.7661394186625547,50.963379245847015,5.697171621708962,2023,12,8,73107,Maasmechelen,Normaal,"Nat, plassen",Dag,met lichtgewonden,3,Fiets,3,Fiets,Op Kruispunt,Gewestweg,binnen bebouwde kom,Tussen 2 bestuurders: Frontale botsing,Geen hindernis
44519,42,Maasmechelen teller 2,Maasmechelen,50.97043,5.6981,0.786698928641612,50.963379245847015,5.697171621708962,2023,12,8,73107,Maasmechelen,Normaal,"Nat, plassen",Dag,met lichtgewonden,3,Fiets,3,Fiets,Op Kruispunt,Gewestweg,binnen bebouwde kom,Tussen 2 bestuurders: Frontale botsing,Geen hindernis
44521,18,Oostende 1,Oostende,51.21378,2.92765,1.094179685915548,51.21738823416229,2.942265108086184,2023,11,16,35013,Oostende,Normaal,"Nat, plassen","Nacht, geen openbare verlichting aanwezig",met lichtgewonden,9,personenauto,3,Fiets,Buiten Kruispunt,Gemeenteweg,binnen bebouwde kom,Tussen 2 bestuurders: Flank tegen flank,Geen hindernis
44521,15,Oostende 2,Oostende,51.21371,2.92743,1.1112917481653588,51.21738823416229,2.942265108086184,2023,11,16,35013,Oostende,Normaal,"Nat, plassen","Nacht, geen openbare verlichting aanwezig",met lichtgewonden,9,personenauto,3,Fiets,Buiten Kruispunt,Gemeenteweg,binnen bebouwde kom,Tussen 2 bestuurders: Flank tegen flank,Geen hindernis
44529,124,Beveren teller 2,Beveren,51.1964712,4.2361077,2.2535957628503205,51.21583988582396,4.2456321636243475,2023,12,11,46003,Beveren,Normaal,Droog,Dag,met lichtgewonden,9,personenauto,3,Fiets,Op Kruispunt,Gemeenteweg,binnen bebouwde kom,Tss. 2 best.: langs opzij (voor-/achterkant-flank),Geen hindernis
44534,140,Hasselt ring,Hasselt,50.9300038,5.3438616,2.032588867750648,50.92813705514079,5.3150111114458705,2023,12,18,71022,Hasselt,Normaal,Droog,"Nacht, openbare verlichting aanwezig en ontstoken",met lichtgewonden,9,personenauto,3,Fiets,Op Kruispunt,Gewestweg,buiten bebouwde kom,Tss. 2 best.: langs opzij (voor-/achterkant-flank),Geen hindernis
44534,138,Hasselt-Kempische brug,Hasselt,50.9405318,5.3422472,2.354206491349089,50.92813705514079,5.3150111114458705,2023,12,18,71022,Hasselt,Normaal,Droog,"Nacht, openbare verlichting aanwezig en ontstoken",met lichtgewonden,9,personenauto,3,Fiets,Op Kruispunt,Gewestweg,buiten bebouwde kom,Tss. 2 best.: langs opzij (voor-/achterkant-flank),Geen hindernis
44534,137,Hasselt-Kempische brug,Hasselt,50.9411605,5.3417576,2.3685520862616802,50.92813705514079,5.3150111114458705,2023,12,18,71022,Hasselt,Normaal,Droog,"Nacht, openbare verlichting aanwezig en ontstoken",met lichtgewonden,9,personenauto,3,Fiets,Op Kruispunt,Gewestweg,buiten bebouwde kom,Tss. 2 best.: langs opzij (voor-/achterkant-flank),Geen hindernis
44536,137,Hasselt-Kempische brug,Hasselt,50.9411605,5.3417576,0.7828629713744767,50.94794502033309,5.344743031951487,2023,12,10,71022,Hasselt,Normaal,"Nat, plassen",Dag,met lichtgewonden,9,personenauto,3,Fiets,Buiten Kruispunt,Gemeenteweg,binnen bebouwde kom,Tss. 2 best.: langs opzij (voor-/achterkant-flank),Geen hindernis
44536,138,Hasselt-Kempische brug,Hasselt,50.9405318,5.3422472,0.8426550510171777,50.94794502033309,5.344743031951487,2023,12,10,71022,Hasselt,Normaal,"Nat, plassen",Dag,met lichtgewonden,9,personenauto,3,Fiets,Buiten Kruispunt,Gemeenteweg,binnen bebouwde kom,Tss. 2 best.: langs opzij (voor-/achterkant-flank),Geen hindernis
44536,140,Hasselt ring,Hasselt,50.9300038,5.3438616,1.9959284663406065,50.94794502033309,5.344743031951487,2023,12,10,71022,Hasselt,Normaal,"Nat, plassen",Dag,met lichtgewonden,9,personenauto,3,Fiets,Buiten Kruispunt,Gemeenteweg,binnen bebouwde kom,Tss. 2 best.: langs opzij (voor-/achterkant-flank),Geen hindernis
44537,140,Hasselt ring,Hasselt,50.9300038,5.3438616,2.3911054584266167,50.91327166472137,5.322434526175768,2023,12,21,71022,Hasselt,Normaal,"Nat, plassen","Nacht, openbare verlichting aanwezig en ontstoken",met lichtgewonden,3,Fiets,10,"één bestuurder, geen hindernis",Buiten Kruispunt,Gewestweg,buiten bebouwde kom,"Eén bestuurder, geen hindernis (incl. val)",Geen hindernis
44538,137,Hasselt-Kempische brug,Hasselt,50.9411605,5.3417576,0.7527484994489164,50.94757518317916,5.345190951839966,2023,12,23,71022,Hasselt,Normaal,Droog,"Nacht, openbare verlichting aanwezig en ontstoken",met lichtgewonden,7,Motorfiets,3,Fiets,Op Kruispunt,Gewestweg,buiten bebouwde kom,Tss. 2 best.: langs opzij (voor-/achterkant-flank),Geen hindernis
44538,138,Hasselt-Kempische brug,Hasselt,50.9405318,5.3422472,0.8098893369820235,50.94757518317916,5.345190951839966,2023,12,23,71022,Hasselt,Normaal,Droog,"Nacht, openbare verlichting aanwezig en ontstoken",met lichtgewonden,7,Motorfiets,3,Fiets,Op Kruispunt,Gewestweg,buiten bebouwde kom,Tss. 2 best.: langs opzij (voor-/achterkant-flank),Geen hindernis
44538,140,Hasselt ring,Hasselt,50.9300038,5.3438616,1.9560677315915398,50.94757518317916,5.345190951839966,2023,12,23,71022,Hasselt,Normaal,Droog,"Nacht, openbare verlichting aanwezig en ontstoken",met lichtgewonden,7,Motorfiets,3,Fiets,Op Kruispunt,Gewestweg,buiten bebouwde kom,Tss. 2 best.: langs opzij (voor-/achterkant-flank),Geen hindernis
44541,140,Hasselt ring,Hasselt,50.9300038,5.3438616,1.8584800164120887,50.91967215475774,5.3230189638878125,2023,12,13,71022,Hasselt,Normaal,Droog,Dag,met lichtgewonden,3,Fiets,9,personenauto,Op Kruispunt,Gewestweg,buiten bebouwde kom,Tss. 2 best.: langs opzij (voor-/achterkant-flank),Geen hindernis
44546,140,Hasselt ring,Hasselt,50.9300038,5.3438616,1.852518910727298,50.918079196934265,5.325404309886964,2023,12,17,71022,Hasselt,Normaal,"Nat, plassen","Nacht, openbare verlichting aanwezig en ontstoken",met lichtgewonden,3,Fiets,9,personenauto,Op Kruispunt,Gewestweg,buiten bebouwde kom,Tss. 2 best.: langs opzij (voor-/achterkant-flank),Geen hindernis
44547,140,Hasselt ring,Hasselt,50.9300038,5.3438616,1.7298410140972924,50.91450916544796,5.346066230439588,2023,12,7,71022,Hasselt,Normaal,Droog,"Nacht, openbare verlichting aanwezig en ontstoken",met lichtgewonden,9,personenauto,3,Fiets,Op Kruispunt,Gemeenteweg,buiten bebouwde kom,Tussen 2 bestuurders: Flank tegen flank,Geen hindernis
44548,30,Herk De Stad,Herk-de-Stad,50.94374,5.17691,0.6449574553167287,50.942547975045095,5.167901095427259,2023,12,12,71024,Herk-de-Stad,Normaal,Droog,Dag,met zwaargewonden,9,personenauto,3,Fiets,Op Kruispunt,Gemeenteweg,binnen bebouwde kom,Tss. 2 best.: langs opzij (voor-/achterkant-flank),Geen hindernis
44548,31,Herk De Stad,Herk-de-Stad,50.94366,5.1775,0.683801019882743,50.942547975045095,5.167901095427259,2023,12,12,71024,Herk-de-Stad,Normaal,Droog,Dag,met zwaargewonden,9,personenauto,3,Fiets,Op Kruispunt,Gemeenteweg,binnen bebouwde kom,Tss. 2 best.: langs opzij (voor-/achterkant-flank),Geen hindernis
44550,12,Tervuren,Kraainem,50.81896,4.47803,1.9827081517141656,50.8175835777502,4.506169001351413,2023,12,14,24104,Tervuren,Normaal,Droog,Dag,met lichtgewonden,3,Fiets,8,Voetganger,Buiten Kruispunt,Gemeenteweg,binnen bebouwde kom,Met een voetganger,Geen hindernis
44553,139,Houthalen-Helchteren,Houthalen-Helchteren,51.0644267,5.3819796,1.1712911109529427,51.06056448280546,5.397573094443964,2023,12,13,72039,Houthalen-Helchteren,Normaal,Droog,Dag,met lichtgewonden,9,personenauto,3,Fiets,Buiten Kruispunt,Gewestweg,buiten bebouwde kom,Tussen 2 bestuurders: Flank tegen flank,Geen hindernis
44558,25,Bree,Bree,51.13679500160176,5.597669323604317,0.6116077782252509,51.141921370047186,5.6008465127634945,2023,12,16,72004,Bree,Normaal,"Nat, plassen",Dageraad - schemering,met lichtgewonden,9,personenauto,3,Fiets,Op Kruispunt,Gewestweg,binnen bebouwde kom,Tss. 2 best.: langs opzij (voor-/achterkant-flank),Geen hindernis
44559,14,Genk,Genk,50.97172,5.48927,0.4087299635240112,50.970629311216285,5.483695614261774,2023,12,12,71016,Genk,Normaal,Droog,Dag,met zwaargewonden,9,personenauto,3,Fiets,Op Kruispunt,Gemeenteweg,binnen bebouwde kom,Tss. 2 best.: langs opzij (voor-/achterkant-flank),Geen hindernis
44560,23,Tienen 3,Tienen,50.81324,4.93447,0.29862780451209325,50.81219390512158,4.930555330522929,2023,12,17,24107,Tienen,Onbekend,Onbekend,Dageraad - schemering,met lichtgewonden,3,Fiets,9,personenauto,Buiten Kruispunt,Gewestweg,binnen bebouwde kom,Tss. 2 best.: langs opzij (voor-/achterkant-flank),Geen hindernis
44560,24,Tienen 1,Tienen,50.8133795491886,4.935044252605416,0.3418345317101814,50.81219390512158,4.930555330522929,2023,12,17,24107,Tienen,Onbekend,Onbekend,Dageraad - schemering,met lichtgewonden,3,Fiets,9,personenauto,Buiten Kruispunt,Gewestweg,binnen bebouwde kom,Tss. 2 best.: langs opzij (voor-/achterkant-flank),Geen hindernis
44560,22,Tienen 2,Tienen,50.81330800184882,4.935984252796022,0.4010451335965427,50.81219390512158,4.930555330522929,2023,12,17,24107,Tienen,Onbekend,Onbekend,Dageraad - schemering,met lichtgewonden,3,Fiets,9,personenauto,Buiten Kruispunt,Gewestweg,binnen bebouwde kom,Tss. 2 best.: langs opzij (voor-/achterkant-flank),Geen hindernis
44566,99,Mechelen teller 1,Mechelen,51.04564,4.46882,1.7934749381044515,51.030366506352074,4.47706339127154,2023,12,6,12025,Mechelen,Onbekend,Onbekend,Onbekend,met lichtgewonden,9,personenauto,3,Fiets,Buiten Kruispunt,Gemeenteweg,onbekend,Tussen 2 bestuurders: Frontale botsing,Geen hindernis
44566,100,Mechelen teller 2,Mechelen,51.0457,4.46883,1.799570078810336,51.030366506352074,4.47706339127154,2023,12,6,12025,Mechelen,Onbekend,Onbekend,Onbekend,met lichtgewonden,9,personenauto,3,Fiets,Buiten Kruispunt,Gemeenteweg,onbekend,Tussen 2 bestuurders: Frontale botsing,Geen hindernis
44568,99,Mechelen teller 1,Mechelen,51.04564,4.46882,2.482477132987422,51.031120958726135,4.495791167124476,2023,12,18,12025,Mechelen,Normaal,Droog,"Nacht, openbare verlichting aanwezig en ontstoken",met lichtgewonden,6,Bromfiets,3,Fiets,Buiten Kruispunt,Gewestweg,binnen bebouwde kom,Tss. 2 best.: langs opzij (voor-/achterkant-flank),Geen hindernis
44568,100,Mechelen teller 2,Mechelen,51.0457,4.46883,2.4862900438126516,51.031120958726135,4.495791167124476,2023,12,18,12025,Mechelen,Normaal,Droog,"Nacht, openbare verlichting aanwezig en ontstoken",met lichtgewonden,6,Bromfiets,3,Fiets,Buiten Kruispunt,Gewestweg,binnen bebouwde kom,Tss. 2 best.: langs opzij (voor-/achterkant-flank),Geen hindernis
44571,1,Machelen,Machelen,50.91618331151478,4.456121776137429,1.1583591174702053,50.90628931266594,4.450950773434271,2024,1,7,23047,Machelen,Normaal,Droog,"Nacht, openbare verlichting aanwezig en ontstoken",met zwaargewonden,3,Fiets,11,een weggebruiker tegen een hindernis,Buiten Kruispunt,Gemeenteweg,buiten bebouwde kom,Weggebruiker tegen hindernis buiten rijbaan,Buiten de rijbaan: Andere paal
44571,111,Zaventem totem,Zaventem,50.8871216,4.4597084,2.2180852218144738,50.90628931266594,4.450950773434271,2024,1,7,23047,Machelen,Normaal,Droog,"Nacht, openbare verlichting aanwezig en ontstoken",met zwaargewonden,3,Fiets,11,een weggebruiker tegen een hindernis,Buiten Kruispunt,Gemeenteweg,buiten bebouwde kom,Weggebruiker tegen hindernis buiten rijbaan,Buiten de rijbaan: Andere paal
44575,2,Brasschaat 2,Brasschaat,51.27512,4.47169,1.5660759045820694,51.26970179104757,4.450910329893689,2024,1,8,11002,Antwerpen,Regenval,"Nat, plassen",Dageraad - schemering,met lichtgewonden,9,personenauto,3,Fiets,Op Kruispunt,Gemeenteweg,binnen bebouwde kom,Tss. 2 best.: langs opzij (voor-/achterkant-flank),Geen hindernis
44575,3,Brasschaat 1,Brasschaat,51.27503,4.47222,1.5964313659171785,51.26970179104757,4.450910329893689,2024,1,8,11002,Antwerpen,Regenval,"Nat, plassen",Dageraad - schemering,met lichtgewonden,9,personenauto,3,Fiets,Op Kruispunt,Gemeenteweg,binnen bebouwde kom,Tss. 2 best.: langs opzij (voor-/achterkant-flank),Geen hindernis
44600,2,Brasschaat 2,Brasschaat,51.27512,4.47169,1.5154059536470637,51.26248026468641,4.463545031715993,2024,1,9,11002,Antwerpen,Normaal,Droog,Dag,met lichtgewonden,9,personenauto,3,Fiets,Buiten Kruispunt,Gewestweg,binnen bebouwde kom,Tss. 2 best.: langs opzij (voor-/achterkant-flank),Geen hindernis
44600,3,Brasschaat 1,Brasschaat,51.27503,4.47222,1.5203858232258098,51.26248026468641,4.463545031715993,2024,1,9,11002,Antwerpen,Normaal,Droog,Dag,met lichtgewonden,9,personenauto,3,Fiets,Buiten Kruispunt,Gewestweg,binnen bebouwde kom,Tss. 2 best.: langs opzij (voor-/achterkant-flank),Geen hindernis
44653,3,Brasschaat 1,Brasschaat,51.27503,4.47222,1.9209834216774064,51.28647684340798,4.492906062660342,2024,1,7,11008,Brasschaat,Normaal,Droog,"Nacht, geen openbare verlichting aanwezig",met lichtgewonden,3,Fiets,11,een weggebruiker tegen een hindernis,Op Kruispunt,Gemeenteweg,binnen bebouwde kom,Weggebruiker tegen hindernis op de rijbaan,"Op de rijbaan: Werken (signal., aarde, toestel,…)"
44653,2,Brasschaat 2,Brasschaat,51.27512,4.47169,1.9422233933832824,51.28647684340798,4.492906062660342,2024,1,7,11008,Brasschaat,Normaal,Droog,"Nacht, geen openbare verlichting aanwezig",met lichtgewonden,3,Fiets,11,een weggebruiker tegen een hindernis,Op Kruispunt,Gemeenteweg,binnen bebouwde kom,Weggebruiker tegen hindernis op de rijbaan,"Op de rijbaan: Werken (signal., aarde, toestel,…)"
44662,8,Heist op den Berg 1,Heist-op-den-Berg,51.06759,4.68823,1.6051424667285155,51.05558849834737,4.675466753788479,2024,1,10,12029,Putte,Normaal,Droog,Dag,met lichtgewonden,3,Fiets,9,personenauto,Op Kruispunt,Gemeenteweg,binnen bebouwde kom,Tss. 2 best.: langs opzij (voor-/achterkant-flank),Geen hindernis
44662,9,Heist op den Berg 2,Heist-op-den-Berg,51.06904,4.69524,2.0363337292551287,51.05558849834737,4.675466753788479,2024,1,10,12029,Putte,Normaal,Droog,Dag,met lichtgewonden,3,Fiets,9,personenauto,Op Kruispunt,Gemeenteweg,binnen bebouwde kom,Tss. 2 best.: langs opzij (voor-/achterkant-flank),Geen hindernis
44664,96,Lier teller 2,Lier,51.11705,4.58444,1.7194631350671403,51.13024420958508,4.571591445274677,2024,1,17,12021,Lier,Normaal,"Nat, plassen",Dag,met lichtgewonden,3,Fiets,8,Voetganger,Op Kruispunt,Gewestweg,binnen bebouwde kom,Met een voetganger,Geen hindernis
44664,95,Lier teller 1,Lier,51.11687,4.58437,1.7340556586408462,51.13024420958508,4.571591445274677,2024,1,17,12021,Lier,Normaal,"Nat, plassen",Dag,met lichtgewonden,3,Fiets,8,Voetganger,Op Kruispunt,Gewestweg,binnen bebouwde kom,Met een voetganger,Geen hindernis
44665,96,Lier teller 2,Lier,51.11705,4.58444,0.3204196071627615,51.118864155920335,4.580873348660065,2024,1,7,12021,Lier,Regenval,"Nat, plassen",Dageraad - schemering,met lichtgewonden,3,Fiets,3,Fiets,Buiten Kruispunt,Gewestweg,buiten bebouwde kom,Tussen 2 bestuurders: Frontale botsing,Geen hindernis