crash_row_id,site_id,site_name,site_gemeente,site_lat,site_long,distance_km,crash_lat,crash_long,DT_YEAR_COLLISION,DT_MONTH_COLLISION,DT_TIME,CD_NIS,TX_MUNTY_COLLISION_NL,TX_WEATHER_NL,TX_ROAD_CONDITION_NL,TX_LIGHT_CONDITION_NL,TX_CLASS_ACCIDENTS_NL,CD_ROAD_USR_TYPE1,TX_ROAD_USR_TYPE1_NL,CD_ROAD_USR_TYPE2,TX_ROAD_USR_TYPE2_NL,TX_CROSSWAY_NL,CD_ROAD_TYPE_NL,TX_BUILD_UP_AREA_NL,TX_COLLISION_TYPE_NL,TX_OBSTACLES_NL
44665,95,Lier teller 1,Lier,51.11687,4.58437,0.3297511373047688,51.118864155920335,4.580873348660065,2024,1,7,12021,Lier,Regenval,"Nat, plassen",Dageraad - schemering,met lichtgewonden,3,Fiets,3,Fiets,Buiten Kruispunt,Gewestweg,buiten bebouwde kom,Tussen 2 bestuurders: Frontale botsing,Geen hindernis
44667,93,Nijlen teller 2,Nijlen,51.14998,4.64469,2.1839252764504233,51.153980845898666,4.614034768406329,2024,1,9,12026,Nijlen,Normaal,Droog,Dag,met lichtgewonden,3,Fiets,9,personenauto,Buiten Kruispunt,Gemeenteweg,buiten bebouwde kom,Tussen 2 bestuurders: Langs achteren,Geen hindernis
44667,92,Nijlen teller 1,Nijlen,51.14989,4.64479,2.1928104311205967,51.153980845898666,4.614034768406329,2024,1,9,12026,Nijlen,Normaal,Droog,Dag,met lichtgewonden,3,Fiets,9,personenauto,Buiten Kruispunt,Gemeenteweg,buiten bebouwde kom,Tussen 2 bestuurders: Langs achteren,Geen hindernis
44670,133,Gierde Lille Totem,Lille,51.2453915,4.8297416,1.1380116262265492,51.25116865126293,4.816245394217043,2024,1,19,13019,Lille,Normaal,Droog,"Nacht, openbare verlichting aanwezig en ontstoken",met lichtgewonden,9,personenauto,3,Fiets,Op Kruispunt,Gewestweg,binnen bebouwde kom,Tussen 2 bestuurders: Frontale botsing,Geen hindernis
44670,132,Gierde lille,Lille,51.245445,4.8298851,1.1429462201476368,51.25116865126293,4.816245394217043,2024,1,19,13019,Lille,Normaal,Droog,"Nacht, openbare verlichting aanwezig en ontstoken",met lichtgewonden,9,personenauto,3,Fiets,Op Kruispunt,Gewestweg,binnen bebouwde kom,Tussen 2 bestuurders: Frontale botsing,Geen hindernis
44676,127,Geel totem,Westerlo,51.1342966,4.9400421,0.7772542017740138,51.127445541892165,4.9378321576580975,2024,1,6,13049,Westerlo,Regenval,"Nat, plassen","Nacht, openbare verlichting aanwezig en ontstoken",met lichtgewonden,6,Bromfiets,3,Fiets,Buiten Kruispunt,Gewestweg,buiten bebouwde kom,Tussen 2 bestuurders: Frontale botsing,Geen hindernis
44676,112,Geel teller 2,Westerlo,51.1354992,4.9394789,0.9028678993609444,51.127445541892165,4.9378321576580975,2024,1,6,13049,Westerlo,Regenval,"Nat, plassen","Nacht, openbare verlichting aanwezig en ontstoken",met lichtgewonden,6,Bromfiets,3,Fiets,Buiten Kruispunt,Gewestweg,buiten bebouwde kom,Tussen 2 bestuurders: Frontale botsing,Geen hindernis
44679,97,Geel teller 1,Geel,51.14813,4.99698,0.04860461669169923,51.147786732343334,4.99741139325949,2024,1,12,13008,Geel,Normaal,Droog,Dag,met lichtgewonden,9,personenauto,3,Fiets,Op Kruispunt,Gewestweg,buiten bebouwde kom,Tussen 2 bestuurders: Flank tegen flank,Geen hindernis
44679,98,Geel teller 2,Geel,51.1481,4.99643,0.07680893683120989,51.147786732343334,4.99741139325949,2024,1,12,13008,Geel,Normaal,Droog,Dag,met lichtgewonden,9,personenauto,3,Fiets,Op Kruispunt,Gewestweg,buiten bebouwde kom,Tussen 2 bestuurders: Flank tegen flank,Geen hindernis
44692,94,Herentals teller 2,Herentals,51.17345,4.81283,1.5619102882251954,51.18224397906151,4.830301879437734,2024,1,15,13011,Herentals,Regenval,"Nat, plassen",Dag,met lichtgewonden,3,Fiets,9,personenauto,Op Kruispunt,Gemeenteweg,binnen bebouwde kom,Tss. 2 best.: langs opzij (voor-/achterkant-flank),Geen hindernis
44692,110,Herentals totem,Herentals,51.1739426,4.811783,1.5869888385668014,51.18224397906151,4.830301879437734,2024,1,15,13011,Herentals,Regenval,"Nat, plassen",Dag,met lichtgewonden,3,Fiets,9,personenauto,Op Kruispunt,Gemeenteweg,binnen bebouwde kom,Tss. 2 best.: langs opzij (voor-/achterkant-flank),Geen hindernis
44695,94,Herentals teller 2,Herentals,51.17345,4.81283,1.644036184504932,51.17919625009494,4.8345595987219605,2024,1,8,13011,Herentals,Normaal,"Nat, plassen","Nacht, openbare verlichting aanwezig en ontstoken",met lichtgewonden,9,personenauto,3,Fiets,Buiten Kruispunt,Gemeenteweg,binnen bebouwde kom,Tussen 2 bestuurders: Flank tegen flank,Geen hindernis
44695,110,Herentals totem,Herentals,51.1739426,4.811783,1.6918273763017189,51.17919625009494,4.8345595987219605,2024,1,8,13011,Herentals,Normaal,"Nat, plassen","Nacht, openbare verlichting aanwezig en ontstoken",met lichtgewonden,9,personenauto,3,Fiets,Buiten Kruispunt,Gemeenteweg,binnen bebouwde kom,Tussen 2 bestuurders: Flank tegen flank,Geen hindernis
44696,37,Lommel teller 1,Lommel,51.23299,5.29211,0.5532273116959254,51.23063421606672,5.29910843379696,2024,1,4,72020,Lommel,Regenval,"Nat, plassen","Nacht, openbare verlichting aanwezig en ontstoken",met lichtgewonden,9,personenauto,3,Fiets,Op Kruispunt,Gemeenteweg,buiten bebouwde kom,Tussen 2 bestuurders: Flank tegen flank,Geen hindernis
44696,38,Lommel teller 2,Lommel,51.23277,5.29189,0.5558838373070107,51.23063421606672,5.29910843379696,2024,1,4,72020,Lommel,Regenval,"Nat, plassen","Nacht, openbare verlichting aanwezig en ontstoken",met lichtgewonden,9,personenauto,3,Fiets,Op Kruispunt,Gemeenteweg,buiten bebouwde kom,Tussen 2 bestuurders: Flank tegen flank,Geen hindernis
44697,38,Lommel teller 2,Lommel,51.23277,5.29189,1.3069623508851416,51.22619810105162,5.307451792798928,2024,1,15,72020,Lommel,Normaal,Droog,Dag,met lichtgewonden,3,Fiets,9,personenauto,Buiten Kruispunt,Gemeenteweg,binnen bebouwde kom,Tss. 2 best.: langs opzij (voor-/achterkant-flank),Geen hindernis
44697,37,Lommel teller 1,Lommel,51.23299,5.29211,1.3082558221574805,51.22619810105162,5.307451792798928,2024,1,15,72020,Lommel,Normaal,Droog,Dag,met lichtgewonden,3,Fiets,9,personenauto,Buiten Kruispunt,Gemeenteweg,binnen bebouwde kom,Tss. 2 best.: langs opzij (voor-/achterkant-flank),Geen hindernis
44698,46,Pelt teller 2,Pelt,51.231,5.44375,1.3553260145800612,51.230371988243135,5.424310817827039,2024,1,11,72043,Pelt,Normaal,Droog,Dag,met lichtgewonden,3,Fiets,9,personenauto,Buiten Kruispunt,Gemeenteweg,binnen bebouwde kom,Tussen 2 bestuurders: Frontale botsing,Geen hindernis
44698,45,Pelt teller 1,Pelt,51.23127,5.44377,1.3585889620034706,51.230371988243135,5.424310817827039,2024,1,11,72043,Pelt,Normaal,Droog,Dag,met lichtgewonden,3,Fiets,9,personenauto,Buiten Kruispunt,Gemeenteweg,binnen bebouwde kom,Tussen 2 bestuurders: Frontale botsing,Geen hindernis
44714,21,Bilzen,Bilzen,50.86015,5.50161,1.5924670943496744,50.87280334753286,5.512238328873667,2024,1,15,73006,Bilzen,Normaal,Droog,Dag,met lichtgewonden,9,personenauto,3,Fiets,Buiten Kruispunt,Gewestweg,binnen bebouwde kom,Tussen 2 bestuurders: Flank tegen flank,Geen hindernis
44716,43,Maaseik teller 1,Maaseik,51.09344,5.79715,1.2587058845895331,51.0971756385498,5.780135353760513,2024,1,16,72021,Maaseik,Normaal,Droog,Dageraad - schemering,met lichtgewonden,9,personenauto,3,Fiets,Op Kruispunt,Gewestweg,binnen bebouwde kom,Tussen 2 bestuurders: Flank tegen flank,Geen hindernis
44716,44,Maaseik teller 2,Maaseik,51.09359,5.79726,1.2605836234821628,51.0971756385498,5.780135353760513,2024,1,16,72021,Maaseik,Normaal,Droog,Dageraad - schemering,met lichtgewonden,9,personenauto,3,Fiets,Op Kruispunt,Gewestweg,binnen bebouwde kom,Tussen 2 bestuurders: Flank tegen flank,Geen hindernis
44717,69,Leuven teller 1,Leuven,50.87549,4.71526,1.6984479111722408,50.862694808077926,4.728478757882785,2024,1,8,24062,Leuven,Sneeuwval,"Ijzel, sneeuw",Dag,met lichtgewonden,3,Fiets,10,"één bestuurder, geen hindernis",Op Kruispunt,Gemeenteweg,binnen bebouwde kom,"Eén bestuurder, geen hindernis (incl. val)",Geen hindernis
44718,69,Leuven teller 1,Leuven,50.87549,4.71526,1.268927434994646,50.88282516896786,4.729115166702349,2024,1,14,24062,Leuven,Normaal,"Nat, plassen",Dag,met lichtgewonden,5,Lichte vrachtauto,3,Fiets,Op Kruispunt,Gemeenteweg,binnen bebouwde kom,Tussen 2 bestuurders: Frontale botsing,Geen hindernis
44718,107,leuven totem,Leuven,50.8870744,4.7087919,1.5019455831158104,50.88282516896786,4.729115166702349,2024,1,14,24062,Leuven,Normaal,"Nat, plassen",Dag,met lichtgewonden,5,Lichte vrachtauto,3,Fiets,Op Kruispunt,Gemeenteweg,binnen bebouwde kom,Tussen 2 bestuurders: Frontale botsing,Geen hindernis
44718,77,Leuven teller 2,Leuven,50.88672,4.70796,1.54595538483897,50.88282516896786,4.729115166702349,2024,1,14,24062,Leuven,Normaal,"Nat, plassen",Dag,met lichtgewonden,5,Lichte vrachtauto,3,Fiets,Op Kruispunt,Gemeenteweg,binnen bebouwde kom,Tussen 2 bestuurders: Frontale botsing,Geen hindernis
44719,76,Heverlee teller 2,Leuven,50.84606,4.69597,1.8598971701879579,50.850957987912004,4.721300908731795,2024,1,12,24062,Leuven,Normaal,Proper,Dag,met lichtgewonden,3,Fiets,9,personenauto,Op Kruispunt,Gemeenteweg,binnen bebouwde kom,Tss. 2 best.: langs opzij (voor-/achterkant-flank),Geen hindernis
44719,108,Heverlee teller 1,Leuven,50.8471728,4.6954674,1.8618304482735968,50.850957987912004,4.721300908731795,2024,1,12,24062,Leuven,Normaal,Proper,Dag,met lichtgewonden,3,Fiets,9,personenauto,Op Kruispunt,Gemeenteweg,binnen bebouwde kom,Tss. 2 best.: langs opzij (voor-/achterkant-flank),Geen hindernis
44720,151,Leuven,District Leuven,50.8690262,4.6854839,1.1988902186436128,50.87955696657832,4.689150020491778,2024,1,15,24062,Leuven,Regenval,"Nat, plassen",Dag,met zwaargewonden,3,Fiets,9,personenauto,Op Kruispunt,Gemeenteweg,binnen bebouwde kom,Tussen 2 bestuurders: Frontale botsing,Geen hindernis
44720,77,Leuven teller 2,Leuven,50.88672,4.70796,1.541330638312853,50.87955696657832,4.689150020491778,2024,1,15,24062,Leuven,Regenval,"Nat, plassen",Dag,met zwaargewonden,3,Fiets,9,personenauto,Op Kruispunt,Gemeenteweg,binnen bebouwde kom,Tussen 2 bestuurders: Frontale botsing,Geen hindernis
44720,107,leuven totem,Leuven,50.8870744,4.7087919,1.6116585775716856,50.87955696657832,4.689150020491778,2024,1,15,24062,Leuven,Regenval,"Nat, plassen",Dag,met zwaargewonden,3,Fiets,9,personenauto,Op Kruispunt,Gemeenteweg,binnen bebouwde kom,Tussen 2 bestuurders: Frontale botsing,Geen hindernis
44720,69,Leuven teller 1,Leuven,50.87549,4.71526,1.886915597554174,50.87955696657832,4.689150020491778,2024,1,15,24062,Leuven,Regenval,"Nat, plassen",Dag,met zwaargewonden,3,Fiets,9,personenauto,Op Kruispunt,Gemeenteweg,binnen bebouwde kom,Tussen 2 bestuurders: Frontale botsing,Geen hindernis
44721,107,leuven totem,Leuven,50.8870744,4.7087919,1.7428653673791112,50.899786218022435,4.723329284966987,2024,1,7,24062,Leuven,Onbekend,Onbekend,Onbekend,met lichtgewonden,3,Fiets,11,een weggebruiker tegen een hindernis,Buiten Kruispunt,Gemeenteweg,binnen bebouwde kom,Weggebruiker tegen hindernis buiten rijbaan,Buiten de rijbaan: Omheining
44721,77,Leuven teller 2,Leuven,50.88672,4.70796,1.8091254987652086,50.899786218022435,4.723329284966987,2024,1,7,24062,Leuven,Onbekend,Onbekend,Onbekend,met lichtgewonden,3,Fiets,11,een weggebruiker tegen een hindernis,Buiten Kruispunt,Gemeenteweg,binnen bebouwde kom,Weggebruiker tegen hindernis buiten rijbaan,Buiten de rijbaan: Omheining
44722,69,Leuven teller 1,Leuven,50.87549,4.71526,0.8290836317124514,50.87206041896701,4.725751657543771,2024,1,7,24062,Leuven,Onbekend,Onbekend,Dageraad - schemering,met lichtgewonden,3,Fiets,8,Voetganger,Buiten Kruispunt,Gemeenteweg,binnen bebouwde kom,Met een voetganger,Geen hindernis
44722,107,leuven totem,Leuven,50.8870744,4.7087919,2.0501123543665125,50.87206041896701,4.725751657543771,2024,1,7,24062,Leuven,Onbekend,Onbekend,Dageraad - schemering,met lichtgewonden,3,Fiets,8,Voetganger,Buiten Kruispunt,Gemeenteweg,binnen bebouwde kom,Met een voetganger,Geen hindernis
44722,77,Leuven teller 2,Leuven,50.88672,4.70796,2.0531064838789552,50.87206041896701,4.725751657543771,2024,1,7,24062,Leuven,Onbekend,Onbekend,Dageraad - schemering,met lichtgewonden,3,Fiets,8,Voetganger,Buiten Kruispunt,Gemeenteweg,binnen bebouwde kom,Met een voetganger,Geen hindernis
44723,151,Leuven,District Leuven,50.8690262,4.6854839,0.17723936223362438,50.86779700636908,4.687091835264841,2024,1,12,24062,Leuven,Sneeuwval,Onbekend,Dag,met lichtgewonden,3,Fiets,3,Fiets,Buiten Kruispunt,Gemeenteweg,binnen bebouwde kom,Tussen 2 bestuurders: Flank tegen flank,Geen hindernis
44723,69,Leuven teller 1,Leuven,50.87549,4.71526,2.1537429386512743,50.86779700636908,4.687091835264841,2024,1,12,24062,Leuven,Sneeuwval,Onbekend,Dag,met lichtgewonden,3,Fiets,3,Fiets,Buiten Kruispunt,Gemeenteweg,binnen bebouwde kom,Tussen 2 bestuurders: Flank tegen flank,Geen hindernis
44723,108,Heverlee teller 1,Leuven,50.8471728,4.6954674,2.3674629380203274,50.86779700636908,4.687091835264841,2024,1,12,24062,Leuven,Sneeuwval,Onbekend,Dag,met lichtgewonden,3,Fiets,3,Fiets,Buiten Kruispunt,Gemeenteweg,binnen bebouwde kom,Tussen 2 bestuurders: Flank tegen flank,Geen hindernis
44723,76,Heverlee teller 2,Leuven,50.84606,4.69597,2.4960895471516795,50.86779700636908,4.687091835264841,2024,1,12,24062,Leuven,Sneeuwval,Onbekend,Dag,met lichtgewonden,3,Fiets,3,Fiets,Buiten Kruispunt,Gemeenteweg,binnen bebouwde kom,Tussen 2 bestuurders: Flank tegen flank,Geen hindernis
44724,107,leuven totem,Leuven,50.8870744,4.7087919,0.7113839877359984,50.88696230172014,4.718931602466721,2024,1,15,24062,Leuven,Sneeuwval,"Ijzel, sneeuw",Dag,met lichtgewonden,3,Fiets,5,Lichte vrachtauto,Buiten Kruispunt,Gemeenteweg,binnen bebouwde kom,Tss. 2 best.: langs opzij (voor-/achterkant-flank),Geen hindernis
44724,77,Leuven teller 2,Leuven,50.88672,4.70796,0.7701048594905012,50.88696230172014,4.718931602466721,2024,1,15,24062,Leuven,Sneeuwval,"Ijzel, sneeuw",Dag,met lichtgewonden,3,Fiets,5,Lichte vrachtauto,Buiten Kruispunt,Gemeenteweg,binnen bebouwde kom,Tss. 2 best.: langs opzij (voor-/achterkant-flank),Geen hindernis
44724,69,Leuven teller 1,Leuven,50.87549,4.71526,1.3014082050342948,50.88696230172014,4.718931602466721,2024,1,15,24062,Leuven,Sneeuwval,"Ijzel, sneeuw",Dag,met lichtgewonden,3,Fiets,5,Lichte vrachtauto,Buiten Kruispunt,Gemeenteweg,binnen bebouwde kom,Tss. 2 best.: langs opzij (voor-/achterkant-flank),Geen hindernis
44725,107,leuven totem,Leuven,50.8870744,4.7087919,0.6311064697959834,50.88603147277801,4.717635465073854,2024,1,10,24062,Leuven,Normaal,"Ijzel, sneeuw",Dag,met lichtgewonden,3,Fiets,10,"één bestuurder, geen hindernis",Buiten Kruispunt,Gemeenteweg,buiten bebouwde kom,"Eén bestuurder, geen hindernis (incl. val)",Geen hindernis
44725,77,Leuven teller 2,Leuven,50.88672,4.70796,0.6830234917262038,50.88603147277801,4.717635465073854,2024,1,10,24062,Leuven,Normaal,"Ijzel, sneeuw",Dag,met lichtgewonden,3,Fiets,10,"één bestuurder, geen hindernis",Buiten Kruispunt,Gemeenteweg,buiten bebouwde kom,"Eén bestuurder, geen hindernis (incl. val)",Geen hindernis
44725,69,Leuven teller 1,Leuven,50.87549,4.71526,1.1839463910386523,50.88603147277801,4.717635465073854,2024,1,10,24062,Leuven,Normaal,"Ijzel, sneeuw",Dag,met lichtgewonden,3,Fiets,10,"één bestuurder, geen hindernis",Buiten Kruispunt,Gemeenteweg,buiten bebouwde kom,"Eén bestuurder, geen hindernis (incl. val)",Geen hindernis
44726,151,Leuven,District Leuven,50.8690262,4.6854839,0.46705671643704355,50.87309938108141,4.683858553071362,2024,1,13,24062,Leuven,Normaal,"Ijzel, sneeuw",Dag,met lichtgewonden,9,personenauto,3,Fiets,Buiten Kruispunt,Gemeenteweg,buiten bebouwde kom,Tussen 2 bestuurders: Langs achteren,Geen hindernis
44726,69,Leuven teller 1,Leuven,50.87549,4.71526,2.2193120394084276,50.87309938108141,4.683858553071362,2024,1,13,24062,Leuven,Normaal,"Ijzel, sneeuw",Dag,met lichtgewonden,9,personenauto,3,Fiets,Buiten Kruispunt,Gemeenteweg,buiten bebouwde kom,Tussen 2 bestuurders: Langs achteren,Geen hindernis
44726,77,Leuven teller 2,Leuven,50.88672,4.70796,2.2700294017517404,50.87309938108141,4.683858553071362,2024,1,13,24062,Leuven,Normaal,"Ijzel, sneeuw",Dag,met lichtgewonden,9,personenauto,3,Fiets,Buiten Kruispunt,Gemeenteweg,buiten bebouwde kom,Tussen 2 bestuurders: Langs achteren,Geen hindernis
44726,107,leuven totem,Leuven,50.8870744,4.7087919,2.339811398604612,50.87309938108141,4.683858553071362,2024,1,13,24062,Leuven,Normaal,"Ijzel, sneeuw",Dag,met lichtgewonden,9,personenauto,3,Fiets,Buiten Kruispunt,Gemeenteweg,buiten bebouwde kom,Tussen 2 bestuurders: Langs achteren,Geen hindernis
44727,151,Leuven,District Leuven,50.8690262,4.6854839,1.8206100874204363,50.884528824467104,4.6771356419737975,2024,1,12,24062,Leuven,Sneeuwval,"Vuil (zand, grint, bladeren,...)",Dag,met lichtgewonden,3,Fiets,11,een weggebruiker tegen een hindernis,Buiten Kruispunt,Gewestweg,buiten bebouwde kom,Weggebruiker tegen hindernis op de rijbaan,Op de rijbaan: Lading
44727,77,Leuven teller 2,Leuven,50.88672,4.70796,2.176000017994242,50.884528824467104,4.6771356419737975,2024,1,12,24062,Leuven,Sneeuwval,"Vuil (zand, grint, bladeren,...)",Dag,met lichtgewonden,3,Fiets,11,een weggebruiker tegen een hindernis,Buiten Kruispunt,Gewestweg,buiten bebouwde kom,Weggebruiker tegen hindernis op de rijbaan,Op de rijbaan: Lading
44727,107,leuven totem,Leuven,50.8870744,4.7087919,2.238632331483662,50.884528824467104,4.6771356419737975,2024,1,12,24062,Leuven,Sneeuwval,"Vuil (zand, grint, bladeren,...)",Dag,met lichtgewonden,3,Fiets,11,een weggebruiker tegen een hindernis,Buiten Kruispunt,Gewestweg,buiten bebouwde kom,Weggebruiker tegen hindernis op de rijbaan,Op de rijbaan: Lading
44727,72,Herent teller 1,Herent,50.89135,4.64689,2.2531175893667363,50.884528824467104,4.6771356419737975,2024,1,12,24062,Leuven,Sneeuwval,"Vuil (zand, grint, bladeren,...)",Dag,met lichtgewonden,3,Fiets,11,een weggebruiker tegen een hindernis,Buiten Kruispunt,Gewestweg,buiten bebouwde kom,Weggebruiker tegen hindernis op de rijbaan,Op de rijbaan: Lading
44727,73,Herent teller 2,Herent,50.89128,4.64685,2.253156113330682,50.884528824467104,4.6771356419737975,2024,1,12,24062,Leuven,Sneeuwval,"Vuil (zand, grint, bladeren,...)",Dag,met lichtgewonden,3,Fiets,11,een weggebruiker tegen een hindernis,Buiten Kruispunt,Gewestweg,buiten bebouwde kom,Weggebruiker tegen hindernis op de rijbaan,Op de rijbaan: Lading
44728,69,Leuven teller 1,Leuven,50.87549,4.71526,0.4471297083809215,50.872470483790664,4.7194683191801445,2024,1,16,24062,Leuven,Normaal,"Nat, plassen",Dageraad - schemering,met lichtgewonden,3,Fiets,6,Bromfiets,Buiten Kruispunt,Gewestweg,binnen bebouwde kom,Tss. 2 best.: langs opzij (voor-/achterkant-flank),Geen hindernis
44728,77,Leuven teller 2,Leuven,50.88672,4.70796,1.778332351718445,50.872470483790664,4.7194683191801445,2024,1,16,24062,Leuven,Normaal,"Nat, plassen",Dageraad - schemering,met lichtgewonden,3,Fiets,6,Bromfiets,Buiten Kruispunt,Gewestweg,binnen bebouwde kom,Tss. 2 best.: langs opzij (voor-/achterkant-flank),Geen hindernis
44728,107,leuven totem,Leuven,50.8870744,4.7087919,1.7883099764047947,50.872470483790664,4.7194683191801445,2024,1,16,24062,Leuven,Normaal,"Nat, plassen",Dageraad - schemering,met lichtgewonden,3,Fiets,6,Bromfiets,Buiten Kruispunt,Gewestweg,binnen bebouwde kom,Tss. 2 best.: langs opzij (voor-/achterkant-flank),Geen hindernis
44728,151,Leuven,District Leuven,50.8690262,4.6854839,2.4153122125012936,50.872470483790664,4.7194683191801445,2024,1,16,24062,Leuven,Normaal,"Nat, plassen",Dageraad - schemering,met lichtgewonden,3,Fiets,6,Bromfiets,Buiten Kruispunt,Gewestweg,binnen bebouwde kom,Tss. 2 best.: langs opzij (voor-/achterkant-flank),Geen hindernis
44731,72,Herent teller 1,Herent,50.89135,4.64689,1.2615635109645418,50.90219714459322,4.641617170245968,2024,1,8,24038,Herent,Normaal,Droog,Dag,met lichtgewonden,3,Fiets,3,Fiets,Buiten Kruispunt,Gemeenteweg,binnen bebouwde kom,Tussen 2 bestuurders: Langs achteren,Geen hindernis
44731,73,Herent teller 2,Herent,50.89128,4.64685,1.2681927284457246,50.90219714459322,4.641617170245968,2024,1,8,24038,Herent,Normaal,Droog,Dag,met lichtgewonden,3,Fiets,3,Fiets,Buiten Kruispunt,Gemeenteweg,binnen bebouwde kom,Tussen 2 bestuurders: Langs achteren,Geen hindernis
44732,87,Aarschot,Aarschot,50.99084,4.81259,1.6530813614380144,51.0020858941589,4.8280393525513965,2024,1,16,24001,Aarschot,Normaal,Droog,Dag,met zwaargewonden,9,personenauto,3,Fiets,Op Kruispunt,Gewestweg,buiten bebouwde kom,Tussen 2 bestuurders: Frontale botsing,Geen hindernis
44734,101,Diest teller 1,Diest,50.97799,5.04481,0.6830893790007455,50.97841149570687,5.054544017599794,2024,1,16,24020,Diest,Normaal,Droog,Dag,met lichtgewonden,3,Fiets,3,Fiets,Buiten Kruispunt,Gemeenteweg,binnen bebouwde kom,Tussen 2 bestuurders: Frontale botsing,Geen hindernis
44734,102,Diest teller 2,Diest,50.9779,5.04474,0.6887334143910172,50.97841149570687,5.054544017599794,2024,1,16,24020,Diest,Normaal,Droog,Dag,met lichtgewonden,3,Fiets,3,Fiets,Buiten Kruispunt,Gemeenteweg,binnen bebouwde kom,Tussen 2 bestuurders: Frontale botsing,Geen hindernis
44735,27,Grimbergen,Meise,50.92127,4.34013,1.9299378616422602,50.90779387149796,4.3574784936595705,2024,1,21,23025,Grimbergen,Onbekend,Onbekend,Onbekend,met lichtgewonden,3,Fiets,11,een weggebruiker tegen een hindernis,Buiten Kruispunt,Gemeenteweg,onbekend,Weggebruiker tegen hindernis op de rijbaan,"Op de rijbaan: Werken (signal., aarde, toestel,…)"
44738,145,Overijse,District Vilvoorde-gewestwegen,50.7885856,4.4908759,0.1343969748469886,50.789331435538564,4.492380379525089,2024,1,16,23062,Overijse,Normaal,Droog,Dag,met lichtgewonden,3,Fiets,9,personenauto,Buiten Kruispunt,Gewestweg,binnen bebouwde kom,Tss. 2 best.: langs opzij (voor-/achterkant-flank),Geen hindernis
44738,146,Overijse 2,District Vilvoorde-gewestwegen,50.7881478,4.4902818,0.19769825610958405,50.789331435538564,4.492380379525089,2024,1,16,23062,Overijse,Normaal,Droog,Dag,met lichtgewonden,3,Fiets,9,personenauto,Buiten Kruispunt,Gewestweg,binnen bebouwde kom,Tss. 2 best.: langs opzij (voor-/achterkant-flank),Geen hindernis
44738,147,Overijse,District Vilvoorde-gewestwegen,50.7797555,4.4975769,1.1257224871892946,50.789331435538564,4.492380379525089,2024,1,16,23062,Overijse,Normaal,Droog,Dag,met lichtgewonden,3,Fiets,9,personenauto,Buiten Kruispunt,Gewestweg,binnen bebouwde kom,Tss. 2 best.: langs opzij (voor-/achterkant-flank),Geen hindernis
44739,79,Pepingen teller 2,Pepingen,50.75848,4.16537,2.131896538486153,50.777614194895186,4.16728793285041,2024,1,16,23064,Pepingen,Normaal,Droog,Dageraad - schemering,met lichtgewonden,9,personenauto,3,Fiets,Op Kruispunt,Gemeenteweg,binnen bebouwde kom,Tss. 2 best.: langs opzij (voor-/achterkant-flank),Geen hindernis
44739,78,Pepingen teller 1,Pepingen,50.75824,4.1652,2.1593105808013644,50.777614194895186,4.16728793285041,2024,1,16,23064,Pepingen,Normaal,Droog,Dageraad - schemering,met lichtgewonden,9,personenauto,3,Fiets,Op Kruispunt,Gemeenteweg,binnen bebouwde kom,Tss. 2 best.: langs opzij (voor-/achterkant-flank),Geen hindernis
44745,27,Grimbergen,Meise,50.92127,4.34013,2.3402667887685507,50.903201215537386,4.357246887145189,2024,1,7,23025,Grimbergen,Normaal,Droog,Dageraad - schemering,met lichtgewonden,9,personenauto,3,Fiets,Op Kruispunt,Gemeenteweg,binnen bebouwde kom,Tss. 2 best.: langs opzij (voor-/achterkant-flank),Geen hindernis
44746,47,Vilvoorde,Vilvoorde,50.91372,4.41497,2.0597915072878243,50.92838547474891,4.432921905717786,2024,1,10,23088,Vilvoorde,Normaal,"Ijzel, sneeuw",Dag,met lichtgewonden,3,Fiets,10,"één bestuurder, geen hindernis",Op Kruispunt,Gemeenteweg,binnen bebouwde kom,"Eén bestuurder, geen hindernis (incl. val)",Geen hindernis
44746,1,Machelen,Machelen,50.91618331151478,4.456121776137429,2.117881036151725,50.92838547474891,4.432921905717786,2024,1,10,23088,Vilvoorde,Normaal,"Ijzel, sneeuw",Dag,met lichtgewonden,3,Fiets,10,"één bestuurder, geen hindernis",Op Kruispunt,Gemeenteweg,binnen bebouwde kom,"Eén bestuurder, geen hindernis (incl. val)",Geen hindernis
44747,109,Zemst,Zemst,50.9903936,4.4707023,1.7708269127593719,51.00262078948144,4.4869148909979195,2024,1,12,23096,Zemst,Sneeuwval,"Ijzel, sneeuw",Dag,met lichtgewonden,9,personenauto,3,Fiets,Buiten Kruispunt,Gewestweg,binnen bebouwde kom,Tussen 2 bestuurders: Flank tegen flank,Geen hindernis
44752,13,Gent,Gent,51.03018,3.70146,1.3808621872518734,51.033220698593134,3.7206054279395935,2024,1,17,44021,Gent,Normaal,Droog,"Nacht, openbare verlichting aanwezig en ontstoken",met lichtgewonden,9,personenauto,3,Fiets,Op Kruispunt,Gewestweg,binnen bebouwde kom,Tss. 2 best.: langs opzij (voor-/achterkant-flank),Geen hindernis
44753,136,Gent R4,Gent,51.0876313,3.7587918,0.9218732916208304,51.081015373557335,3.766745566057999,2024,1,15,44021,Gent,Normaal,Droog,Dag,met lichtgewonden,3,Fiets,1,Autobus,Buiten Kruispunt,Gemeenteweg,binnen bebouwde kom,Tss. 2 best.: langs opzij (voor-/achterkant-flank),Geen hindernis