crash_row_id,site_id,site_name,site_gemeente,site_lat,site_long,distance_km,crash_lat,crash_long,DT_YEAR_COLLISION,DT_MONTH_COLLISION,DT_TIME,CD_NIS,TX_MUNTY_COLLISION_NL,TX_WEATHER_NL,TX_ROAD_CONDITION_NL,TX_LIGHT_CONDITION_NL,TX_CLASS_ACCIDENTS_NL,CD_ROAD_USR_TYPE1,TX_ROAD_USR_TYPE1_NL,CD_ROAD_USR_TYPE2,TX_ROAD_USR_TYPE2_NL,TX_CROSSWAY_NL,CD_ROAD_TYPE_NL,TX_BUILD_UP_AREA_NL,TX_COLLISION_TYPE_NL,TX_OBSTACLES_NL
44755,118,Gent teller 1,Gent,51.028049,3.7681359,2.355449067846046,51.018727704897984,3.737894432832148,2024,1,18,44021,Gent,Normaal,Droog,"Nacht, openbare verlichting aanwezig en ontstoken",met lichtgewonden,3,Fiets,3,Fiets,Buiten Kruispunt,Gemeenteweg,buiten bebouwde kom,Tussen 2 bestuurders: Flank tegen flank,Geen hindernis
44755,119,Gent teller 2,Gent,51.0281795,3.7683918,2.37790947164045,51.018727704897984,3.737894432832148,2024,1,18,44021,Gent,Normaal,Droog,"Nacht, openbare verlichting aanwezig en ontstoken",met lichtgewonden,3,Fiets,3,Fiets,Buiten Kruispunt,Gemeenteweg,buiten bebouwde kom,Tussen 2 bestuurders: Flank tegen flank,Geen hindernis
44759,136,Gent R4,Gent,51.0876313,3.7587918,2.0554538838388527,51.069959999037536,3.767426139780587,2024,1,10,44021,Gent,Normaal,Droog,Dag,met lichtgewonden,9,personenauto,3,Fiets,Buiten Kruispunt,Gewestweg,buiten bebouwde kom,Tss. 2 best.: langs opzij (voor-/achterkant-flank),Geen hindernis
44760,13,Gent,Gent,51.03018,3.70146,1.5847013636742393,51.04433385453504,3.7041093606101905,2024,1,17,44021,Gent,Normaal,"Ijzel, sneeuw","Nacht, geen openbare verlichting aanwezig",met lichtgewonden,3,Fiets,9,personenauto,Buiten Kruispunt,Gemeenteweg,binnen bebouwde kom,Tss. 2 best.: langs opzij (voor-/achterkant-flank),Geen hindernis
44761,13,Gent,Gent,51.03018,3.70146,1.2971412968126745,51.03080930797669,3.7199818023399485,2024,1,13,44021,Gent,Sneeuwval,"Ijzel, sneeuw",Dag,met lichtgewonden,9,personenauto,3,Fiets,Op Kruispunt,Gewestweg,binnen bebouwde kom,Tss. 2 best.: langs opzij (voor-/achterkant-flank),Geen hindernis
44766,118,Gent teller 1,Gent,51.028049,3.7681359,2.24266739499311,51.03880795124014,3.7410086008266603,2024,1,18,44021,Gent,Normaal,Droog,"Nacht, openbare verlichting aanwezig en ontstoken",met lichtgewonden,5,Lichte vrachtauto,3,Fiets,Op Kruispunt,Gemeenteweg,binnen bebouwde kom,Tussen 2 bestuurders: Langs achteren,Geen hindernis
44766,119,Gent teller 2,Gent,51.0281795,3.7683918,2.2501656880926153,51.03880795124014,3.7410086008266603,2024,1,18,44021,Gent,Normaal,Droog,"Nacht, openbare verlichting aanwezig en ontstoken",met lichtgewonden,5,Lichte vrachtauto,3,Fiets,Op Kruispunt,Gemeenteweg,binnen bebouwde kom,Tussen 2 bestuurders: Langs achteren,Geen hindernis
44767,118,Gent teller 1,Gent,51.028049,3.7681359,2.050657785681283,51.03949311011463,3.745139329363059,2024,1,8,44021,Gent,Normaal,"Nat, plassen",Dag,met lichtgewonden,9,personenauto,3,Fiets,Op Kruispunt,Gewestweg,binnen bebouwde kom,Tss. 2 best.: langs opzij (voor-/achterkant-flank),Geen hindernis
44767,119,Gent teller 2,Gent,51.0281795,3.7683918,2.0558062702411015,51.03949311011463,3.745139329363059,2024,1,8,44021,Gent,Normaal,"Nat, plassen",Dag,met lichtgewonden,9,personenauto,3,Fiets,Op Kruispunt,Gewestweg,binnen bebouwde kom,Tss. 2 best.: langs opzij (voor-/achterkant-flank),Geen hindernis
44771,13,Gent,Gent,51.03018,3.70146,1.8143226042214469,51.042091432688416,3.719193232093579,2024,1,16,44021,Gent,Normaal,Droog,Dag,met lichtgewonden,3,Fiets,8,Voetganger,Op Kruispunt,Gewestweg,binnen bebouwde kom,Met een voetganger,Geen hindernis
44773,13,Gent,Gent,51.03018,3.70146,1.0471330188951653,51.03374644061599,3.7153188176989955,2024,1,7,44021,Gent,Normaal,Droog,"Nacht, openbare verlichting aanwezig en ontstoken",met lichtgewonden,3,Fiets,2,Andere weggebruiker,Op Kruispunt,Gewestweg,binnen bebouwde kom,Tss. 2 best.: langs opzij (voor-/achterkant-flank),Geen hindernis
44774,13,Gent,Gent,51.03018,3.70146,2.184967013511522,51.02512178094785,3.671270272567789,2024,1,15,44021,Gent,Normaal,Droog,Dag,met zwaargewonden,9,personenauto,3,Fiets,Op Kruispunt,Gemeenteweg,binnen bebouwde kom,Tss. 2 best.: langs opzij (voor-/achterkant-flank),Geen hindernis
44776,136,Gent R4,Gent,51.0876313,3.7587918,1.6378651589852982,51.07644327708331,3.77404280283217,2024,1,12,44021,Gent,Normaal,Droog,Dag,met zwaargewonden,9,personenauto,3,Fiets,Buiten Kruispunt,Gemeenteweg,binnen bebouwde kom,Tussen 2 bestuurders: Frontale botsing,Geen hindernis
44778,136,Gent R4,Gent,51.0876313,3.7587918,0.6561235486738298,51.08173170815218,3.7586130056070686,2024,1,16,44021,Gent,Onbekend,Onbekend,Dag,met lichtgewonden,3,Fiets,99,onbekend,Buiten Kruispunt,Gemeenteweg,binnen bebouwde kom,Tussen 2 bestuurders: Flank tegen flank,Geen hindernis
44779,13,Gent,Gent,51.03018,3.70146,1.27002991874423,51.037659947968876,3.7151857878072283,2024,1,17,44021,Gent,Onbekend,Onbekend,Onbekend,met lichtgewonden,9,personenauto,3,Fiets,Buiten Kruispunt,Gemeenteweg,binnen bebouwde kom,Tussen 2 bestuurders: Langs achteren,Geen hindernis
44782,13,Gent,Gent,51.03018,3.70146,2.397569153558944,51.05070104668467,3.7119855731112086,2024,1,14,44021,Gent,Regenval,"Nat, plassen+Proper",Dag,met lichtgewonden,99,onbekend,3,Fiets,Op Kruispunt,Gemeenteweg,binnen bebouwde kom,Tss. 2 best.: langs opzij (voor-/achterkant-flank),Geen hindernis
44783,118,Gent teller 1,Gent,51.028049,3.7681359,1.8304869839665658,51.032899628194514,3.7431224922950066,2024,1,7,44021,Gent,Regenval,"Nat, plassen",Dageraad - schemering,met lichtgewonden,9,personenauto,3,Fiets,Op Kruispunt,Gewestweg,binnen bebouwde kom,Tss. 2 best.: langs opzij (voor-/achterkant-flank),Geen hindernis
44783,119,Gent teller 2,Gent,51.0281795,3.7683918,1.8434091288706829,51.032899628194514,3.7431224922950066,2024,1,7,44021,Gent,Regenval,"Nat, plassen",Dageraad - schemering,met lichtgewonden,9,personenauto,3,Fiets,Op Kruispunt,Gewestweg,binnen bebouwde kom,Tss. 2 best.: langs opzij (voor-/achterkant-flank),Geen hindernis
44785,13,Gent,Gent,51.03018,3.70146,1.813078019417322,51.04418380009333,3.714742470572294,2024,1,17,44021,Gent,Normaal,"Nat, plassen","Nacht, openbare verlichting aanwezig en ontstoken",met lichtgewonden,3,Fiets,9,personenauto,Buiten Kruispunt,Gewestweg,binnen bebouwde kom,Tussen 2 bestuurders: Frontale botsing,Geen hindernis
44794,69,Leuven teller 1,Leuven,50.87549,4.71526,1.737772362461974,50.85986507737957,4.715764186451503,2024,1,17,24062,Leuven,Normaal,Droog,"Nacht, openbare verlichting aanwezig en ontstoken",met lichtgewonden,3,Fiets,9,personenauto,Buiten Kruispunt,Gemeenteweg,binnen bebouwde kom,Tss. 2 best.: langs opzij (voor-/achterkant-flank),Geen hindernis
44794,108,Heverlee teller 1,Leuven,50.8471728,4.6954674,2.0054547258359867,50.85986507737957,4.715764186451503,2024,1,17,24062,Leuven,Normaal,Droog,"Nacht, openbare verlichting aanwezig en ontstoken",met lichtgewonden,3,Fiets,9,personenauto,Buiten Kruispunt,Gemeenteweg,binnen bebouwde kom,Tss. 2 best.: langs opzij (voor-/achterkant-flank),Geen hindernis
44794,76,Heverlee teller 2,Leuven,50.84606,4.69597,2.070550456916413,50.85986507737957,4.715764186451503,2024,1,17,24062,Leuven,Normaal,Droog,"Nacht, openbare verlichting aanwezig en ontstoken",met lichtgewonden,3,Fiets,9,personenauto,Buiten Kruispunt,Gemeenteweg,binnen bebouwde kom,Tss. 2 best.: langs opzij (voor-/achterkant-flank),Geen hindernis
44794,151,Leuven,District Leuven,50.8690262,4.6854839,2.3566512019430013,50.85986507737957,4.715764186451503,2024,1,17,24062,Leuven,Normaal,Droog,"Nacht, openbare verlichting aanwezig en ontstoken",met lichtgewonden,3,Fiets,9,personenauto,Buiten Kruispunt,Gemeenteweg,binnen bebouwde kom,Tss. 2 best.: langs opzij (voor-/achterkant-flank),Geen hindernis
44795,119,Gent teller 2,Gent,51.0281795,3.7683918,1.584366910746654,51.02843381679691,3.7910431919500316,2024,1,12,44013,Destelbergen,Onbekend,Onbekend,Dag,met lichtgewonden,3,Fiets,9,personenauto,Op Kruispunt,Gewestweg,buiten bebouwde kom,Tss. 2 best.: langs opzij (voor-/achterkant-flank),Geen hindernis
44795,118,Gent teller 1,Gent,51.028049,3.7681359,1.6025843777826105,51.02843381679691,3.7910431919500316,2024,1,12,44013,Destelbergen,Onbekend,Onbekend,Dag,met lichtgewonden,3,Fiets,9,personenauto,Op Kruispunt,Gewestweg,buiten bebouwde kom,Tss. 2 best.: langs opzij (voor-/achterkant-flank),Geen hindernis
44798,116,Melle teller 2,Melle,50.9986113,3.8040599,0.8496761987636536,51.00553162404305,3.798910937544616,2024,1,16,44040,Melle,Normaal,Droog,Dag,met lichtgewonden,3,Fiets,3,Fiets,Op Kruispunt,Gemeenteweg,binnen bebouwde kom,Tussen 2 bestuurders: Frontale botsing,Geen hindernis
44798,117,Melle teller 1,Melle,50.9986113,3.8040599,0.8496761987636536,51.00553162404305,3.798910937544616,2024,1,16,44040,Melle,Normaal,Droog,Dag,met lichtgewonden,3,Fiets,3,Fiets,Op Kruispunt,Gemeenteweg,binnen bebouwde kom,Tussen 2 bestuurders: Frontale botsing,Geen hindernis
44805,7,Evergem 1,Evergem,51.1089,3.70317,0.7979590221764601,51.11367409424869,3.7117041300975813,2024,1,15,44019,Evergem,Normaal,Droog,Dag,met lichtgewonden,8,Voetganger,3,Fiets,Buiten Kruispunt,Gemeenteweg,binnen bebouwde kom,Met een voetganger,Geen hindernis
44805,6,Evergem 2,Evergem,51.10894,3.70298,0.8049942776742653,51.11367409424869,3.7117041300975813,2024,1,15,44019,Evergem,Normaal,Droog,Dag,met lichtgewonden,8,Voetganger,3,Fiets,Buiten Kruispunt,Gemeenteweg,binnen bebouwde kom,Met een voetganger,Geen hindernis
44808,7,Evergem 1,Evergem,51.1089,3.70317,1.6410342845253278,51.11084997173944,3.7264705922049917,2024,1,7,44019,Evergem,Normaal,Droog,Dag,met lichtgewonden,3,Fiets,9,personenauto,Op Kruispunt,Gemeenteweg,buiten bebouwde kom,Tss. 2 best.: langs opzij (voor-/achterkant-flank),Geen hindernis
44808,6,Evergem 2,Evergem,51.10894,3.70298,1.6536052520971185,51.11084997173944,3.7264705922049917,2024,1,7,44019,Evergem,Normaal,Droog,Dag,met lichtgewonden,3,Fiets,9,personenauto,Op Kruispunt,Gemeenteweg,buiten bebouwde kom,Tss. 2 best.: langs opzij (voor-/achterkant-flank),Geen hindernis
44810,13,Gent,Gent,51.03018,3.70146,1.8151940291530835,51.0420261241765,3.7193216281571075,2024,1,9,44021,Gent,Normaal,Droog,Dag,met lichtgewonden,5,Lichte vrachtauto,3,Fiets,Op Kruispunt,Gewestweg,binnen bebouwde kom,Tss. 2 best.: langs opzij (voor-/achterkant-flank),Geen hindernis
44824,141,Test site A support,Lokeren,51.08342085,3.9961071208376326,1.4161475190775437,51.095850232044036,3.991686647691719,2024,1,13,46014,Lokeren,Normaal,"Nat, plassen",Dag,met lichtgewonden,3,Fiets,9,personenauto,Op Kruispunt,Gewestweg,buiten bebouwde kom,Tussen 2 bestuurders: Flank tegen flank,Geen hindernis
44824,129,Lokeren teller 2,Lokeren,51.09612,3.97025,1.4972724175604744,51.095850232044036,3.991686647691719,2024,1,13,46014,Lokeren,Normaal,"Nat, plassen",Dag,met lichtgewonden,3,Fiets,9,personenauto,Op Kruispunt,Gewestweg,buiten bebouwde kom,Tussen 2 bestuurders: Flank tegen flank,Geen hindernis
44824,128,Lokeren teller 1,Lokeren,51.09644,3.97023,1.4997977902068766,51.095850232044036,3.991686647691719,2024,1,13,46014,Lokeren,Normaal,"Nat, plassen",Dag,met lichtgewonden,3,Fiets,9,personenauto,Op Kruispunt,Gewestweg,buiten bebouwde kom,Tussen 2 bestuurders: Flank tegen flank,Geen hindernis
44834,126,Hamme totem,Hamme,51.1017709,4.1469307,2.2212037887994946,51.111494516441425,4.174722033644422,2024,1,8,46025,Temse,Normaal,"Ijzel, sneeuw",Dag,met lichtgewonden,3,Fiets,10,"één bestuurder, geen hindernis",Buiten Kruispunt,Gemeenteweg,binnen bebouwde kom,"Eén bestuurder, geen hindernis (incl. val)",Geen hindernis
44836,128,Lokeren teller 1,Lokeren,51.09644,3.97023,2.3938456535640524,51.11119648323107,3.995194297975314,2024,1,14,46014,Lokeren,Normaal,Droog,Dag,met lichtgewonden,3,Fiets,5,Lichte vrachtauto,Op Kruispunt,Gemeenteweg,binnen bebouwde kom,Tss. 2 best.: langs opzij (voor-/achterkant-flank),Geen hindernis
44836,129,Lokeren teller 2,Lokeren,51.09612,3.97025,2.4173722349133673,51.11119648323107,3.995194297975314,2024,1,14,46014,Lokeren,Normaal,Droog,Dag,met lichtgewonden,3,Fiets,5,Lichte vrachtauto,Op Kruispunt,Gemeenteweg,binnen bebouwde kom,Tss. 2 best.: langs opzij (voor-/achterkant-flank),Geen hindernis
44837,128,Lokeren teller 1,Lokeren,51.09644,3.97023,1.0628417673037094,51.10494909779182,3.97716368661243,2024,1,15,46014,Lokeren,Onbekend,Onbekend,Dag,met zwaargewonden,3,Fiets,8,Voetganger,Buiten Kruispunt,Gemeenteweg,binnen bebouwde kom,Met een voetganger,Geen vermelding van de aanwezigheid van een hindernis
44837,129,Lokeren teller 2,Lokeren,51.09612,3.97025,1.094021897855495,51.10494909779182,3.97716368661243,2024,1,15,46014,Lokeren,Onbekend,Onbekend,Dag,met zwaargewonden,3,Fiets,8,Voetganger,Buiten Kruispunt,Gemeenteweg,binnen bebouwde kom,Met een voetganger,Geen vermelding van de aanwezigheid van een hindernis
44839,128,Lokeren teller 1,Lokeren,51.09644,3.97023,1.0964641223284828,51.1062997909865,3.970447715224388,2024,1,8,46014,Lokeren,Regenval,"Nat, plassen",Dag,met lichtgewonden,9,personenauto,3,Fiets,Op Kruispunt,Gewestweg,buiten bebouwde kom,Tss. 2 best.: langs opzij (voor-/achterkant-flank),Geen hindernis
44839,129,Lokeren teller 2,Lokeren,51.09612,3.97025,1.132025295242371,51.1062997909865,3.970447715224388,2024,1,8,46014,Lokeren,Regenval,"Nat, plassen",Dag,met lichtgewonden,9,personenauto,3,Fiets,Op Kruispunt,Gewestweg,buiten bebouwde kom,Tss. 2 best.: langs opzij (voor-/achterkant-flank),Geen hindernis
44840,128,Lokeren teller 1,Lokeren,51.09644,3.97023,1.3960785675518763,51.100480865269006,3.989159134971064,2024,1,20,46014,Lokeren,Normaal,"Nat, plassen","Nacht, openbare verlichting aanwezig en ontstoken",met lichtgewonden,9,personenauto,3,Fiets,Buiten Kruispunt,Gemeenteweg,binnen bebouwde kom,Tss. 2 best.: langs opzij (voor-/achterkant-flank),Geen hindernis
44840,129,Lokeren teller 2,Lokeren,51.09612,3.97025,1.4066270057409724,51.100480865269006,3.989159134971064,2024,1,20,46014,Lokeren,Normaal,"Nat, plassen","Nacht, openbare verlichting aanwezig en ontstoken",met lichtgewonden,9,personenauto,3,Fiets,Buiten Kruispunt,Gemeenteweg,binnen bebouwde kom,Tss. 2 best.: langs opzij (voor-/achterkant-flank),Geen hindernis
44840,141,Test site A support,Lokeren,51.08342085,3.9961071208376326,1.9580640516340952,51.100480865269006,3.989159134971064,2024,1,20,46014,Lokeren,Normaal,"Nat, plassen","Nacht, openbare verlichting aanwezig en ontstoken",met lichtgewonden,9,personenauto,3,Fiets,Buiten Kruispunt,Gemeenteweg,binnen bebouwde kom,Tss. 2 best.: langs opzij (voor-/achterkant-flank),Geen hindernis
44843,126,Hamme totem,Hamme,51.1017709,4.1469307,0.772403999985253,51.09520889691947,4.143302080879712,2024,1,18,42008,Hamme,Normaal,Droog,"Nacht, openbare verlichting aanwezig en ontstoken",met lichtgewonden,3,Fiets,9,personenauto,Op Kruispunt,Gewestweg,binnen bebouwde kom,Tss. 2 best.: langs opzij (voor-/achterkant-flank),Geen hindernis
44844,126,Hamme totem,Hamme,51.1017709,4.1469307,0.35742095966479237,51.10291045027773,4.142144207605542,2024,1,16,42008,Hamme,Sneeuwval,"Ijzel, sneeuw",Dag,met lichtgewonden,3,Fiets,10,"één bestuurder, geen hindernis",Buiten Kruispunt,Gewestweg,buiten bebouwde kom,"Eén bestuurder, geen hindernis (incl. val)",Geen hindernis
44845,126,Hamme totem,Hamme,51.1017709,4.1469307,1.0396687251217187,51.09291491795319,4.142155365687769,2024,1,18,42008,Hamme,Normaal,Droog,"Nacht, openbare verlichting aanwezig en ontstoken",met zwaargewonden,9,personenauto,3,Fiets,Buiten Kruispunt,Gewestweg,binnen bebouwde kom,Tussen 2 bestuurders: Langs achteren,Geen hindernis
44846,120,Zele teller 1,Zele,51.0607671,4.0547741,1.6204346226719417,51.072866905692024,4.041849710269858,2024,1,21,42028,Zele,Normaal,Droog,"Nacht, openbare verlichting aanwezig en ontstoken",met lichtgewonden,3,Fiets,10,"één bestuurder, geen hindernis",Buiten Kruispunt,Gemeenteweg,binnen bebouwde kom,"Eén bestuurder, geen hindernis (incl. val)",Geen hindernis
44846,121,Zele teller 2,Zele,51.0604067,4.0556696,1.6888445711294346,51.072866905692024,4.041849710269858,2024,1,21,42028,Zele,Normaal,Droog,"Nacht, openbare verlichting aanwezig en ontstoken",met lichtgewonden,3,Fiets,10,"één bestuurder, geen hindernis",Buiten Kruispunt,Gemeenteweg,binnen bebouwde kom,"Eén bestuurder, geen hindernis (incl. val)",Geen hindernis
44849,120,Zele teller 1,Zele,51.0607671,4.0547741,1.4758133420452602,51.06739295976641,4.036474985891809,2024,1,12,42028,Zele,Normaal,Droog,Dag,met lichtgewonden,9,personenauto,3,Fiets,Op Kruispunt,Gewestweg,binnen bebouwde kom,Tss. 2 best.: langs opzij (voor-/achterkant-flank),Geen hindernis
44849,121,Zele teller 2,Zele,51.0604067,4.0556696,1.5500501710298529,51.06739295976641,4.036474985891809,2024,1,12,42028,Zele,Normaal,Droog,Dag,met lichtgewonden,9,personenauto,3,Fiets,Op Kruispunt,Gewestweg,binnen bebouwde kom,Tss. 2 best.: langs opzij (voor-/achterkant-flank),Geen hindernis
44850,120,Zele teller 1,Zele,51.0607671,4.0547741,2.4592775630268235,51.08224582833444,4.046380290824077,2024,1,7,42028,Zele,Normaal,"Ijzel, sneeuw",Dageraad - schemering,met lichtgewonden,9,personenauto,3,Fiets,Op Kruispunt,Gemeenteweg,buiten bebouwde kom,Tss. 2 best.: langs opzij (voor-/achterkant-flank),Geen hindernis
44851,120,Zele teller 1,Zele,51.0607671,4.0547741,1.7749264480985156,51.07387324038805,4.040274335264103,2024,1,13,42028,Zele,Normaal,Proper,Dag,met lichtgewonden,9,personenauto,3,Fiets,Op Kruispunt,Gemeenteweg,binnen bebouwde kom,Tss. 2 best.: langs opzij (voor-/achterkant-flank),Geen hindernis
44851,121,Zele teller 2,Zele,51.0604067,4.0556696,1.8437721203816562,51.07387324038805,4.040274335264103,2024,1,13,42028,Zele,Normaal,Proper,Dag,met lichtgewonden,9,personenauto,3,Fiets,Op Kruispunt,Gemeenteweg,binnen bebouwde kom,Tss. 2 best.: langs opzij (voor-/achterkant-flank),Geen hindernis
44866,10,Aalst 2,Aalst,50.93549,4.01571,1.3536169115076992,50.942302294079255,4.031720161343177,2024,1,18,41002,Aalst,Normaal,Droog,Dag,met lichtgewonden,3,Fiets,9,personenauto,Op Kruispunt,Gemeenteweg,binnen bebouwde kom,Tussen 2 bestuurders: Langs achteren,Geen hindernis
44866,11,Aalst 3,Aalst,50.93385,4.01647,1.423095931230192,50.942302294079255,4.031720161343177,2024,1,18,41002,Aalst,Normaal,Droog,Dag,met lichtgewonden,3,Fiets,9,personenauto,Op Kruispunt,Gemeenteweg,binnen bebouwde kom,Tussen 2 bestuurders: Langs achteren,Geen hindernis
44866,19,Aalst 1,Aalst,50.93433,4.01471,1.485423839521483,50.942302294079255,4.031720161343177,2024,1,18,41002,Aalst,Normaal,Droog,Dag,met lichtgewonden,3,Fiets,9,personenauto,Op Kruispunt,Gemeenteweg,binnen bebouwde kom,Tussen 2 bestuurders: Langs achteren,Geen hindernis
44867,10,Aalst 2,Aalst,50.93549,4.01571,2.2327243653318134,50.94195559492547,4.0458772468517425,2024,1,5,41002,Aalst,Normaal,Droog,"Nacht, openbare verlichting aanwezig en ontstoken",met lichtgewonden,9,personenauto,3,Fiets,Buiten Kruispunt,Gemeenteweg,binnen bebouwde kom,Tussen 2 bestuurders: Frontale botsing,Geen hindernis
44867,11,Aalst 3,Aalst,50.93385,4.01647,2.249083773338354,50.94195559492547,4.0458772468517425,2024,1,5,41002,Aalst,Normaal,Droog,"Nacht, openbare verlichting aanwezig en ontstoken",met lichtgewonden,9,personenauto,3,Fiets,Buiten Kruispunt,Gemeenteweg,binnen bebouwde kom,Tussen 2 bestuurders: Frontale botsing,Geen hindernis
44867,19,Aalst 1,Aalst,50.93433,4.01471,2.3427373847502437,50.94195559492547,4.0458772468517425,2024,1,5,41002,Aalst,Normaal,Droog,"Nacht, openbare verlichting aanwezig en ontstoken",met lichtgewonden,9,personenauto,3,Fiets,Buiten Kruispunt,Gemeenteweg,binnen bebouwde kom,Tussen 2 bestuurders: Frontale botsing,Geen hindernis
44868,11,Aalst 3,Aalst,50.93385,4.01647,1.4335744856037689,50.927765344018994,4.034504301011084,2024,1,12,41002,Aalst,Normaal,Droog,Dag,met lichtgewonden,3,Fiets,9,personenauto,Op Kruispunt,Gewestweg,binnen bebouwde kom,Tss. 2 best.: langs opzij (voor-/achterkant-flank),Geen hindernis
44868,19,Aalst 1,Aalst,50.93433,4.01471,1.5675402081339163,50.927765344018994,4.034504301011084,2024,1,12,41002,Aalst,Normaal,Droog,Dag,met lichtgewonden,3,Fiets,9,personenauto,Op Kruispunt,Gewestweg,binnen bebouwde kom,Tss. 2 best.: langs opzij (voor-/achterkant-flank),Geen hindernis
44868,10,Aalst 2,Aalst,50.93549,4.01571,1.572438226872598,50.927765344018994,4.034504301011084,2024,1,12,41002,Aalst,Normaal,Droog,Dag,met lichtgewonden,3,Fiets,9,personenauto,Op Kruispunt,Gewestweg,binnen bebouwde kom,Tss. 2 best.: langs opzij (voor-/achterkant-flank),Geen hindernis
44869,19,Aalst 1,Aalst,50.93433,4.01471,2.2657786164677853,50.92199920706192,3.988972541324864,2024,1,7,41002,Aalst,"Sterke wind, rukwind","Nat, plassen","Nacht, geen openbare verlichting aanwezig",met lichtgewonden,3,Fiets,11,een weggebruiker tegen een hindernis,Buiten Kruispunt,Gemeenteweg,buiten bebouwde kom,Weggebruiker tegen hindernis buiten rijbaan,Buiten de rijbaan: Boom
44869,11,Aalst 3,Aalst,50.93385,4.01647,2.3346299320350097,50.92199920706192,3.988972541324864,2024,1,7,41002,Aalst,"Sterke wind, rukwind","Nat, plassen","Nacht, geen openbare verlichting aanwezig",met lichtgewonden,3,Fiets,11,een weggebruiker tegen een hindernis,Buiten Kruispunt,Gemeenteweg,buiten bebouwde kom,Weggebruiker tegen hindernis buiten rijbaan,Buiten de rijbaan: Boom
44869,10,Aalst 2,Aalst,50.93549,4.01571,2.4003686462403055,50.92199920706192,3.988972541324864,2024,1,7,41002,Aalst,"Sterke wind, rukwind","Nat, plassen","Nacht, geen openbare verlichting aanwezig",met lichtgewonden,3,Fiets,11,een weggebruiker tegen een hindernis,Buiten Kruispunt,Gemeenteweg,buiten bebouwde kom,Weggebruiker tegen hindernis buiten rijbaan,Buiten de rijbaan: Boom
44871,11,Aalst 3,Aalst,50.93385,4.01647,1.546095954891452,50.9268073550339,4.035491939497122,2024,1,16,41002,Aalst,Normaal,Droog,Dageraad - schemering,met lichtgewonden,3,Fiets,9,personenauto,Buiten Kruispunt,Gewestweg,binnen bebouwde kom,Tss. 2 best.: langs opzij (voor-/achterkant-flank),Geen hindernis
44871,19,Aalst 1,Aalst,50.93433,4.01471,1.6795564389368893,50.9268073550339,4.035491939497122,2024,1,16,41002,Aalst,Normaal,Droog,Dageraad - schemering,met lichtgewonden,3,Fiets,9,personenauto,Buiten Kruispunt,Gewestweg,binnen bebouwde kom,Tss. 2 best.: langs opzij (voor-/achterkant-flank),Geen hindernis
44871,10,Aalst 2,Aalst,50.93549,4.01571,1.689396200848619,50.9268073550339,4.035491939497122,2024,1,16,41002,Aalst,Normaal,Droog,Dageraad - schemering,met lichtgewonden,3,Fiets,9,personenauto,Buiten Kruispunt,Gewestweg,binnen bebouwde kom,Tss. 2 best.: langs opzij (voor-/achterkant-flank),Geen hindernis
44872,11,Aalst 3,Aalst,50.93385,4.01647,1.8610510326085448,50.93914468323391,4.041664776002912,2024,1,17,41002,Aalst,Regenval,"Nat, plassen",Dageraad - schemering,met lichtgewonden,9,personenauto,3,Fiets,Buiten Kruispunt,Gemeenteweg,binnen bebouwde kom,Tss. 2 best.: langs opzij (voor-/achterkant-flank),Geen hindernis
44872,10,Aalst 2,Aalst,50.93549,4.01571,1.8635455520550297,50.93914468323391,4.041664776002912,2024,1,17,41002,Aalst,Regenval,"Nat, plassen",Dageraad - schemering,met lichtgewonden,9,personenauto,3,Fiets,Buiten Kruispunt,Gemeenteweg,binnen bebouwde kom,Tss. 2 best.: langs opzij (voor-/achterkant-flank),Geen hindernis
44872,19,Aalst 1,Aalst,50.93433,4.01471,1.9631994743177197,50.93914468323391,4.041664776002912,2024,1,17,41002,Aalst,Regenval,"Nat, plassen",Dageraad - schemering,met lichtgewonden,9,personenauto,3,Fiets,Buiten Kruispunt,Gemeenteweg,binnen bebouwde kom,Tss. 2 best.: langs opzij (voor-/achterkant-flank),Geen hindernis
44873,10,Aalst 2,Aalst,50.93549,4.01571,2.057427454751281,50.94591121282431,4.039973553723631,2024,1,17,41002,Aalst,Normaal,Droog,"Nacht, openbare verlichting aanwezig en ontstoken",met lichtgewonden,3,Fiets,9,personenauto,Op Kruispunt,Gemeenteweg,binnen bebouwde kom,Tss. 2 best.: langs opzij (voor-/achterkant-flank),Geen hindernis
44873,11,Aalst 3,Aalst,50.93385,4.01647,2.1238565371373044,50.94591121282431,4.039973553723631,2024,1,17,41002,Aalst,Normaal,Droog,"Nacht, openbare verlichting aanwezig en ontstoken",met lichtgewonden,3,Fiets,9,personenauto,Op Kruispunt,Gemeenteweg,binnen bebouwde kom,Tss. 2 best.: langs opzij (voor-/achterkant-flank),Geen hindernis
44873,19,Aalst 1,Aalst,50.93433,4.01471,2.1890187258307012,50.94591121282431,4.039973553723631,2024,1,17,41002,Aalst,Normaal,Droog,"Nacht, openbare verlichting aanwezig en ontstoken",met lichtgewonden,3,Fiets,9,personenauto,Op Kruispunt,Gemeenteweg,binnen bebouwde kom,Tss. 2 best.: langs opzij (voor-/achterkant-flank),Geen hindernis