crash_row_id,site_id,site_name,site_gemeente,site_lat,site_long,distance_km,crash_lat,crash_long,DT_YEAR_COLLISION,DT_MONTH_COLLISION,DT_TIME,CD_NIS,TX_MUNTY_COLLISION_NL,TX_WEATHER_NL,TX_ROAD_CONDITION_NL,TX_LIGHT_CONDITION_NL,TX_CLASS_ACCIDENTS_NL,CD_ROAD_USR_TYPE1,TX_ROAD_USR_TYPE1_NL,CD_ROAD_USR_TYPE2,TX_ROAD_USR_TYPE2_NL,TX_CROSSWAY_NL,CD_ROAD_TYPE_NL,TX_BUILD_UP_AREA_NL,TX_COLLISION_TYPE_NL,TX_OBSTACLES_NL
44874,122,Dendermonde teller 2,Dendermonde,51.0373918,4.1019222,0.10313202507006317,51.038280530139936,4.102344139163303,2024,1,7,42006,Dendermonde,Normaal,Droog,Dag,met lichtgewonden,9,personenauto,3,Fiets,Buiten Kruispunt,Gewestweg,buiten bebouwde kom,Tss. 2 best.: langs opzij (voor-/achterkant-flank),Geen hindernis
44874,125,Dendermonde totem,Dendermonde,51.0372706,4.1025998,0.1137129556957524,51.038280530139936,4.102344139163303,2024,1,7,42006,Dendermonde,Normaal,Droog,Dag,met lichtgewonden,9,personenauto,3,Fiets,Buiten Kruispunt,Gewestweg,buiten bebouwde kom,Tss. 2 best.: langs opzij (voor-/achterkant-flank),Geen hindernis
44880,122,Dendermonde teller 2,Dendermonde,51.0373918,4.1019222,1.082313235531724,51.03343228885048,4.087782308218186,2024,1,14,42006,Dendermonde,Regenval,"Nat, plassen",Dag,met lichtgewonden,3,Fiets,9,personenauto,Op Kruispunt,Gewestweg,binnen bebouwde kom,Tss. 2 best.: langs opzij (voor-/achterkant-flank),Geen hindernis
44880,125,Dendermonde totem,Dendermonde,51.0372706,4.1025998,1.120560383330937,51.03343228885048,4.087782308218186,2024,1,14,42006,Dendermonde,Regenval,"Nat, plassen",Dag,met lichtgewonden,3,Fiets,9,personenauto,Op Kruispunt,Gewestweg,binnen bebouwde kom,Tss. 2 best.: langs opzij (voor-/achterkant-flank),Geen hindernis
44881,125,Dendermonde totem,Dendermonde,51.0372706,4.1025998,1.008009308127056,51.03544613372644,4.116720934531157,2024,1,15,42006,Dendermonde,Normaal,Droog,Dag,met lichtgewonden,5,Lichte vrachtauto,3,Fiets,Buiten Kruispunt,Gewestweg,binnen bebouwde kom,Tss. 2 best.: langs opzij (voor-/achterkant-flank),Geen hindernis
44881,122,Dendermonde teller 2,Dendermonde,51.0373918,4.1019222,1.0571366051564632,51.03544613372644,4.116720934531157,2024,1,15,42006,Dendermonde,Normaal,Droog,Dag,met lichtgewonden,5,Lichte vrachtauto,3,Fiets,Buiten Kruispunt,Gewestweg,binnen bebouwde kom,Tss. 2 best.: langs opzij (voor-/achterkant-flank),Geen hindernis
44882,125,Dendermonde totem,Dendermonde,51.0372706,4.1025998,0.7353028633521841,51.03070302142492,4.103826621337766,2024,1,7,42006,Dendermonde,Onbekend,Droog,"Nacht, openbare verlichting aanwezig en ontstoken",met lichtgewonden,3,Fiets,8,Voetganger,Buiten Kruispunt,Gemeenteweg,binnen bebouwde kom,Met een voetganger,Geen vermelding van de aanwezigheid van een hindernis
44882,122,Dendermonde teller 2,Dendermonde,51.0373918,4.1019222,0.7555859486224137,51.03070302142492,4.103826621337766,2024,1,7,42006,Dendermonde,Onbekend,Droog,"Nacht, openbare verlichting aanwezig en ontstoken",met lichtgewonden,3,Fiets,8,Voetganger,Buiten Kruispunt,Gemeenteweg,binnen bebouwde kom,Met een voetganger,Geen vermelding van de aanwezigheid van een hindernis
44884,142,TEST Validatie BRUGGE Y2H22022134,Brugge,51.22632,3.24095,1.4314125085694058,51.21559371662033,3.22958572854815,2024,1,19,31005,Brugge,Normaal,Droog,Dageraad - schemering,met lichtgewonden,3,Fiets,3,Fiets,Buiten Kruispunt,Gewestweg,binnen bebouwde kom,Tss. 2 best.: langs opzij (voor-/achterkant-flank),Geen hindernis
44884,52,Brugge,Brugge,51.22632,3.24095,1.4314125085694058,51.21559371662033,3.22958572854815,2024,1,19,31005,Brugge,Normaal,Droog,Dageraad - schemering,met lichtgewonden,3,Fiets,3,Fiets,Buiten Kruispunt,Gewestweg,binnen bebouwde kom,Tss. 2 best.: langs opzij (voor-/achterkant-flank),Geen hindernis
44884,54,Brugge teller 2,Brugge,51.23015,3.22818,1.6215426394487829,51.21559371662033,3.22958572854815,2024,1,19,31005,Brugge,Normaal,Droog,Dageraad - schemering,met lichtgewonden,3,Fiets,3,Fiets,Buiten Kruispunt,Gewestweg,binnen bebouwde kom,Tss. 2 best.: langs opzij (voor-/achterkant-flank),Geen hindernis
44884,53,Brugge teller 1,Brugge,51.23023,3.228,1.63122274039552,51.21559371662033,3.22958572854815,2024,1,19,31005,Brugge,Normaal,Droog,Dageraad - schemering,met lichtgewonden,3,Fiets,3,Fiets,Buiten Kruispunt,Gewestweg,binnen bebouwde kom,Tss. 2 best.: langs opzij (voor-/achterkant-flank),Geen hindernis
44885,142,TEST Validatie BRUGGE Y2H22022134,Brugge,51.22632,3.24095,1.5290755324043217,51.21377692220899,3.231950836336616,2024,1,12,31005,Brugge,Normaal,Droog,Dag,met lichtgewonden,9,personenauto,3,Fiets,Buiten Kruispunt,Gemeenteweg,binnen bebouwde kom,Tussen 2 bestuurders: Langs achteren,Geen hindernis
44885,52,Brugge,Brugge,51.22632,3.24095,1.5290755324043217,51.21377692220899,3.231950836336616,2024,1,12,31005,Brugge,Normaal,Droog,Dag,met lichtgewonden,9,personenauto,3,Fiets,Buiten Kruispunt,Gemeenteweg,binnen bebouwde kom,Tussen 2 bestuurders: Langs achteren,Geen hindernis
44885,54,Brugge teller 2,Brugge,51.23015,3.22818,1.839445324365097,51.21377692220899,3.231950836336616,2024,1,12,31005,Brugge,Normaal,Droog,Dag,met lichtgewonden,9,personenauto,3,Fiets,Buiten Kruispunt,Gemeenteweg,binnen bebouwde kom,Tussen 2 bestuurders: Langs achteren,Geen hindernis
44885,53,Brugge teller 1,Brugge,51.23023,3.228,1.8500729215731075,51.21377692220899,3.231950836336616,2024,1,12,31005,Brugge,Normaal,Droog,Dag,met lichtgewonden,9,personenauto,3,Fiets,Buiten Kruispunt,Gemeenteweg,binnen bebouwde kom,Tussen 2 bestuurders: Langs achteren,Geen hindernis
44886,50,"Brugge, Sint-Andries",Brugge,51.19291,3.16252,2.4361753804578052,51.202248341005934,3.1941479437394307,2024,1,16,31005,Brugge,Normaal,"Nat, plassen",Dag,met lichtgewonden,9,personenauto,3,Fiets,Op Kruispunt,Gewestweg,binnen bebouwde kom,Tss. 2 best.: langs opzij (voor-/achterkant-flank),Geen hindernis
44886,51,"Brugge, Sint-Andries",Brugge,51.19281,3.16252,2.4409377500889486,51.202248341005934,3.1941479437394307,2024,1,16,31005,Brugge,Normaal,"Nat, plassen",Dag,met lichtgewonden,9,personenauto,3,Fiets,Op Kruispunt,Gewestweg,binnen bebouwde kom,Tss. 2 best.: langs opzij (voor-/achterkant-flank),Geen hindernis
44888,54,Brugge teller 2,Brugge,51.23015,3.22818,1.690736664317141,51.21560805773233,3.221087927079208,2024,1,10,31005,Brugge,Normaal,Droog,Dag,met lichtgewonden,5,Lichte vrachtauto,3,Fiets,Op Kruispunt,Gemeenteweg,binnen bebouwde kom,Tss. 2 best.: langs opzij (voor-/achterkant-flank),Geen hindernis
44888,53,Brugge teller 1,Brugge,51.23023,3.228,1.6956450812925852,51.21560805773233,3.221087927079208,2024,1,10,31005,Brugge,Normaal,Droog,Dag,met lichtgewonden,5,Lichte vrachtauto,3,Fiets,Op Kruispunt,Gemeenteweg,binnen bebouwde kom,Tss. 2 best.: langs opzij (voor-/achterkant-flank),Geen hindernis
44888,52,Brugge,Brugge,51.22632,3.24095,1.8254229918790892,51.21560805773233,3.221087927079208,2024,1,10,31005,Brugge,Normaal,Droog,Dag,met lichtgewonden,5,Lichte vrachtauto,3,Fiets,Op Kruispunt,Gemeenteweg,binnen bebouwde kom,Tss. 2 best.: langs opzij (voor-/achterkant-flank),Geen hindernis
44888,142,TEST Validatie BRUGGE Y2H22022134,Brugge,51.22632,3.24095,1.8254229918790892,51.21560805773233,3.221087927079208,2024,1,10,31005,Brugge,Normaal,Droog,Dag,met lichtgewonden,5,Lichte vrachtauto,3,Fiets,Op Kruispunt,Gemeenteweg,binnen bebouwde kom,Tss. 2 best.: langs opzij (voor-/achterkant-flank),Geen hindernis
44892,142,TEST Validatie BRUGGE Y2H22022134,Brugge,51.22632,3.24095,1.4900707059239797,51.21372252112143,3.2482451935311243,2024,1,6,31005,Brugge,Onbekend,"Nat, plassen","Nacht, openbare verlichting aanwezig en ontstoken",met lichtgewonden,9,personenauto,3,Fiets,Op Kruispunt,Gemeenteweg,binnen bebouwde kom,Tss. 2 best.: langs opzij (voor-/achterkant-flank),Geen hindernis
44892,52,Brugge,Brugge,51.22632,3.24095,1.4900707059239797,51.21372252112143,3.2482451935311243,2024,1,6,31005,Brugge,Onbekend,"Nat, plassen","Nacht, openbare verlichting aanwezig en ontstoken",met lichtgewonden,9,personenauto,3,Fiets,Op Kruispunt,Gemeenteweg,binnen bebouwde kom,Tss. 2 best.: langs opzij (voor-/achterkant-flank),Geen hindernis
44892,54,Brugge teller 2,Brugge,51.23015,3.22818,2.2998541232999106,51.21372252112143,3.2482451935311243,2024,1,6,31005,Brugge,Onbekend,"Nat, plassen","Nacht, openbare verlichting aanwezig en ontstoken",met lichtgewonden,9,personenauto,3,Fiets,Op Kruispunt,Gemeenteweg,binnen bebouwde kom,Tss. 2 best.: langs opzij (voor-/achterkant-flank),Geen hindernis
44892,53,Brugge teller 1,Brugge,51.23023,3.228,2.314539692125967,51.21372252112143,3.2482451935311243,2024,1,6,31005,Brugge,Onbekend,"Nat, plassen","Nacht, openbare verlichting aanwezig en ontstoken",met lichtgewonden,9,personenauto,3,Fiets,Op Kruispunt,Gemeenteweg,binnen bebouwde kom,Tss. 2 best.: langs opzij (voor-/achterkant-flank),Geen hindernis
44894,54,Brugge teller 2,Brugge,51.23015,3.22818,2.4927596979082574,51.209581946051934,3.213942666371724,2024,1,16,31005,Brugge,Normaal,Droog+Proper,Dag,met lichtgewonden,3,Fiets,9,personenauto,Op Kruispunt,Gewestweg,binnen bebouwde kom,Tss. 2 best.: langs opzij (voor-/achterkant-flank),Geen hindernis
44894,53,Brugge teller 1,Brugge,51.23023,3.228,2.495979658652273,51.209581946051934,3.213942666371724,2024,1,16,31005,Brugge,Normaal,Droog+Proper,Dag,met lichtgewonden,3,Fiets,9,personenauto,Op Kruispunt,Gewestweg,binnen bebouwde kom,Tss. 2 best.: langs opzij (voor-/achterkant-flank),Geen hindernis
44895,142,TEST Validatie BRUGGE Y2H22022134,Brugge,51.22632,3.24095,0.6934428347187988,51.22149069088223,3.234649681981497,2024,1,7,31005,Brugge,Sneeuwval,"Ijzel, sneeuw","Nacht, openbare verlichting aanwezig en ontstoken",met lichtgewonden,9,personenauto,3,Fiets,Op Kruispunt,Gewestweg,binnen bebouwde kom,Tss. 2 best.: langs opzij (voor-/achterkant-flank),Geen hindernis
44895,52,Brugge,Brugge,51.22632,3.24095,0.6934428347187988,51.22149069088223,3.234649681981497,2024,1,7,31005,Brugge,Sneeuwval,"Ijzel, sneeuw","Nacht, openbare verlichting aanwezig en ontstoken",met lichtgewonden,9,personenauto,3,Fiets,Op Kruispunt,Gewestweg,binnen bebouwde kom,Tss. 2 best.: langs opzij (voor-/achterkant-flank),Geen hindernis
44895,54,Brugge teller 2,Brugge,51.23015,3.22818,1.063058046330183,51.22149069088223,3.234649681981497,2024,1,7,31005,Brugge,Sneeuwval,"Ijzel, sneeuw","Nacht, openbare verlichting aanwezig en ontstoken",met lichtgewonden,9,personenauto,3,Fiets,Op Kruispunt,Gewestweg,binnen bebouwde kom,Tss. 2 best.: langs opzij (voor-/achterkant-flank),Geen hindernis
44895,53,Brugge teller 1,Brugge,51.23023,3.228,1.0764539364475656,51.22149069088223,3.234649681981497,2024,1,7,31005,Brugge,Sneeuwval,"Ijzel, sneeuw","Nacht, openbare verlichting aanwezig en ontstoken",met lichtgewonden,9,personenauto,3,Fiets,Op Kruispunt,Gewestweg,binnen bebouwde kom,Tss. 2 best.: langs opzij (voor-/achterkant-flank),Geen hindernis
44896,53,Brugge teller 1,Brugge,51.23023,3.228,1.8098911791446208,51.21704395707055,3.2127631498753026,2024,1,19,31005,Brugge,Onbekend,Onbekend,"Nacht, openbare verlichting aanwezig en ontstoken",met lichtgewonden,3,Fiets,9,personenauto,Op Kruispunt,Gemeenteweg,binnen bebouwde kom,Tss. 2 best.: langs opzij (voor-/achterkant-flank),Geen hindernis
44896,54,Brugge teller 2,Brugge,51.23015,3.22818,1.8100994816476328,51.21704395707055,3.2127631498753026,2024,1,19,31005,Brugge,Onbekend,Onbekend,"Nacht, openbare verlichting aanwezig en ontstoken",met lichtgewonden,3,Fiets,9,personenauto,Op Kruispunt,Gemeenteweg,binnen bebouwde kom,Tss. 2 best.: langs opzij (voor-/achterkant-flank),Geen hindernis
44896,52,Brugge,Brugge,51.22632,3.24095,2.2174876821048843,51.21704395707055,3.2127631498753026,2024,1,19,31005,Brugge,Onbekend,Onbekend,"Nacht, openbare verlichting aanwezig en ontstoken",met lichtgewonden,3,Fiets,9,personenauto,Op Kruispunt,Gemeenteweg,binnen bebouwde kom,Tss. 2 best.: langs opzij (voor-/achterkant-flank),Geen hindernis
44896,142,TEST Validatie BRUGGE Y2H22022134,Brugge,51.22632,3.24095,2.2174876821048843,51.21704395707055,3.2127631498753026,2024,1,19,31005,Brugge,Onbekend,Onbekend,"Nacht, openbare verlichting aanwezig en ontstoken",met lichtgewonden,3,Fiets,9,personenauto,Op Kruispunt,Gemeenteweg,binnen bebouwde kom,Tss. 2 best.: langs opzij (voor-/achterkant-flank),Geen hindernis
44897,142,TEST Validatie BRUGGE Y2H22022134,Brugge,51.22632,3.24095,0.2568132194957897,51.22775098428367,3.2380551632109382,2024,1,6,31005,Brugge,Normaal,Droog,"Nacht, openbare verlichting aanwezig en ontstoken",met zwaargewonden,1,Autobus,3,Fiets,Op Kruispunt,Gemeenteweg,binnen bebouwde kom,Tss. 2 best.: langs opzij (voor-/achterkant-flank),Geen hindernis
44897,52,Brugge,Brugge,51.22632,3.24095,0.2568132194957897,51.22775098428367,3.2380551632109382,2024,1,6,31005,Brugge,Normaal,Droog,"Nacht, openbare verlichting aanwezig en ontstoken",met zwaargewonden,1,Autobus,3,Fiets,Op Kruispunt,Gemeenteweg,binnen bebouwde kom,Tss. 2 best.: langs opzij (voor-/achterkant-flank),Geen hindernis
44897,54,Brugge teller 2,Brugge,51.23015,3.22818,0.7375519333119046,51.22775098428367,3.2380551632109382,2024,1,6,31005,Brugge,Normaal,Droog,"Nacht, openbare verlichting aanwezig en ontstoken",met zwaargewonden,1,Autobus,3,Fiets,Op Kruispunt,Gemeenteweg,binnen bebouwde kom,Tss. 2 best.: langs opzij (voor-/achterkant-flank),Geen hindernis
44897,53,Brugge teller 1,Brugge,51.23023,3.228,0.7524632713788537,51.22775098428367,3.2380551632109382,2024,1,6,31005,Brugge,Normaal,Droog,"Nacht, openbare verlichting aanwezig en ontstoken",met zwaargewonden,1,Autobus,3,Fiets,Op Kruispunt,Gemeenteweg,binnen bebouwde kom,Tss. 2 best.: langs opzij (voor-/achterkant-flank),Geen hindernis
44898,53,Brugge teller 1,Brugge,51.23023,3.228,1.7842019401163625,51.221411777575646,3.2065943099818868,2024,1,17,31005,Brugge,Normaal,Droog,"Nacht, openbare verlichting aanwezig en ontstoken",met lichtgewonden,5,Lichte vrachtauto,3,Fiets,Buiten Kruispunt,Gewestweg,binnen bebouwde kom,Tussen 2 bestuurders: Flank tegen flank,Geen hindernis
44898,54,Brugge teller 2,Brugge,51.23015,3.22818,1.7898435141263775,51.221411777575646,3.2065943099818868,2024,1,17,31005,Brugge,Normaal,Droog,"Nacht, openbare verlichting aanwezig en ontstoken",met lichtgewonden,5,Lichte vrachtauto,3,Fiets,Buiten Kruispunt,Gewestweg,binnen bebouwde kom,Tussen 2 bestuurders: Flank tegen flank,Geen hindernis
44898,52,Brugge,Brugge,51.22632,3.24095,2.4539582308824817,51.221411777575646,3.2065943099818868,2024,1,17,31005,Brugge,Normaal,Droog,"Nacht, openbare verlichting aanwezig en ontstoken",met lichtgewonden,5,Lichte vrachtauto,3,Fiets,Buiten Kruispunt,Gewestweg,binnen bebouwde kom,Tussen 2 bestuurders: Flank tegen flank,Geen hindernis
44898,142,TEST Validatie BRUGGE Y2H22022134,Brugge,51.22632,3.24095,2.4539582308824817,51.221411777575646,3.2065943099818868,2024,1,17,31005,Brugge,Normaal,Droog,"Nacht, openbare verlichting aanwezig en ontstoken",met lichtgewonden,5,Lichte vrachtauto,3,Fiets,Buiten Kruispunt,Gewestweg,binnen bebouwde kom,Tussen 2 bestuurders: Flank tegen flank,Geen hindernis
44900,142,TEST Validatie BRUGGE Y2H22022134,Brugge,51.22632,3.24095,1.4283450239497486,51.21430463671798,3.2336971518949063,2024,1,12,31005,Brugge,Normaal,"Nat, plassen",Dag,met zwaargewonden,3,Fiets,9,personenauto,Buiten Kruispunt,Gemeenteweg,binnen bebouwde kom,Tussen 2 bestuurders: Flank tegen flank,Geen hindernis
44900,52,Brugge,Brugge,51.22632,3.24095,1.4283450239497486,51.21430463671798,3.2336971518949063,2024,1,12,31005,Brugge,Normaal,"Nat, plassen",Dag,met zwaargewonden,3,Fiets,9,personenauto,Buiten Kruispunt,Gemeenteweg,binnen bebouwde kom,Tussen 2 bestuurders: Flank tegen flank,Geen hindernis
44900,54,Brugge teller 2,Brugge,51.23015,3.22818,1.803331219774958,51.21430463671798,3.2336971518949063,2024,1,12,31005,Brugge,Normaal,"Nat, plassen",Dag,met zwaargewonden,3,Fiets,9,personenauto,Buiten Kruispunt,Gemeenteweg,binnen bebouwde kom,Tussen 2 bestuurders: Flank tegen flank,Geen hindernis
44900,53,Brugge teller 1,Brugge,51.23023,3.228,1.8147228554969197,51.21430463671798,3.2336971518949063,2024,1,12,31005,Brugge,Normaal,"Nat, plassen",Dag,met zwaargewonden,3,Fiets,9,personenauto,Buiten Kruispunt,Gemeenteweg,binnen bebouwde kom,Tussen 2 bestuurders: Flank tegen flank,Geen hindernis
44911,15,Oostende 2,Oostende,51.21371,2.92743,1.678416527178749,51.22570524883605,2.912801056315843,2024,1,16,35013,Oostende,Onbekend,Onbekend,Onbekend,met lichtgewonden,3,Fiets,8,Voetganger,Buiten Kruispunt,Gewestweg,onbekend,Met een voetganger,Geen hindernis
44911,18,Oostende 1,Oostende,51.21378,2.92765,1.6816162360934857,51.22570524883605,2.912801056315843,2024,1,16,35013,Oostende,Onbekend,Onbekend,Onbekend,met lichtgewonden,3,Fiets,8,Voetganger,Buiten Kruispunt,Gewestweg,onbekend,Met een voetganger,Geen hindernis
44912,18,Oostende 1,Oostende,51.21378,2.92765,1.2768143110788197,51.22435098119891,2.920491045860925,2024,1,11,35013,Oostende,Normaal,Droog,Dag,met lichtgewonden,3,Fiets,9,personenauto,Op Kruispunt,Gemeenteweg,binnen bebouwde kom,Tss. 2 best.: langs opzij (voor-/achterkant-flank),Geen hindernis
44912,15,Oostende 2,Oostende,51.21371,2.92743,1.2781117989157882,51.22435098119891,2.920491045860925,2024,1,11,35013,Oostende,Normaal,Droog,Dag,met lichtgewonden,3,Fiets,9,personenauto,Op Kruispunt,Gemeenteweg,binnen bebouwde kom,Tss. 2 best.: langs opzij (voor-/achterkant-flank),Geen hindernis
44915,18,Oostende 1,Oostende,51.21378,2.92765,0.4764194784006667,51.218055007308415,2.9271938942189526,2024,1,10,35013,Oostende,Regenval,"Nat, plassen",Dag,met lichtgewonden,9,personenauto,3,Fiets,Buiten Kruispunt,Gemeenteweg,binnen bebouwde kom,Tss. 2 best.: langs opzij (voor-/achterkant-flank),Geen hindernis
44915,15,Oostende 2,Oostende,51.21371,2.92743,0.48342256298741043,51.218055007308415,2.9271938942189526,2024,1,10,35013,Oostende,Regenval,"Nat, plassen",Dag,met lichtgewonden,9,personenauto,3,Fiets,Buiten Kruispunt,Gemeenteweg,binnen bebouwde kom,Tss. 2 best.: langs opzij (voor-/achterkant-flank),Geen hindernis
44916,15,Oostende 2,Oostende,51.21371,2.92743,1.6455427575598718,51.214082683579605,2.903813015324623,2024,1,16,35013,Oostende,Normaal,Droog+Proper,Dag,met lichtgewonden,9,personenauto,3,Fiets,Op Kruispunt,Gewestweg,binnen bebouwde kom,Tss. 2 best.: langs opzij (voor-/achterkant-flank),Geen hindernis
44916,18,Oostende 1,Oostende,51.21378,2.92765,1.6606846105305204,51.214082683579605,2.903813015324623,2024,1,16,35013,Oostende,Normaal,Droog+Proper,Dag,met lichtgewonden,9,personenauto,3,Fiets,Op Kruispunt,Gewestweg,binnen bebouwde kom,Tss. 2 best.: langs opzij (voor-/achterkant-flank),Geen hindernis
44917,15,Oostende 2,Oostende,51.21371,2.92743,1.1338682341024768,51.2217745378309,2.9174668308447624,2024,1,8,35013,Oostende,Normaal,Droog,Dageraad - schemering,met lichtgewonden,9,personenauto,3,Fiets,Op Kruispunt,Gewestweg,buiten bebouwde kom,Tss. 2 best.: langs opzij (voor-/achterkant-flank),Geen hindernis
44917,18,Oostende 1,Oostende,51.21378,2.92765,1.1372147260453083,51.2217745378309,2.9174668308447624,2024,1,8,35013,Oostende,Normaal,Droog,Dageraad - schemering,met lichtgewonden,9,personenauto,3,Fiets,Op Kruispunt,Gewestweg,buiten bebouwde kom,Tss. 2 best.: langs opzij (voor-/achterkant-flank),Geen hindernis
44918,18,Oostende 1,Oostende,51.21378,2.92765,1.570655585848428,51.22774513489834,2.9242639683775677,2024,1,15,35013,Oostende,Onbekend,Droog,Dag,met lichtgewonden,8,Voetganger,3,Fiets,Buiten Kruispunt,Gewestweg,binnen bebouwde kom,Met een voetganger,Geen hindernis
44918,15,Oostende 2,Oostende,51.21371,2.92743,1.5761351185236232,51.22774513489834,2.9242639683775677,2024,1,15,35013,Oostende,Onbekend,Droog,Dag,met lichtgewonden,8,Voetganger,3,Fiets,Buiten Kruispunt,Gewestweg,binnen bebouwde kom,Met een voetganger,Geen hindernis
44920,15,Oostende 2,Oostende,51.21371,2.92743,1.3648172709854132,51.21886613103926,2.90964761371649,2024,1,19,35013,Oostende,Normaal,Droog,"Nacht, openbare verlichting aanwezig en ontstoken",met lichtgewonden,9,personenauto,3,Fiets,Op Kruispunt,Gemeenteweg,binnen bebouwde kom,Tss. 2 best.: langs opzij (voor-/achterkant-flank),Geen hindernis
44920,18,Oostende 1,Oostende,51.21378,2.92765,1.375518397908415,51.21886613103926,2.90964761371649,2024,1,19,35013,Oostende,Normaal,Droog,"Nacht, openbare verlichting aanwezig en ontstoken",met lichtgewonden,9,personenauto,3,Fiets,Op Kruispunt,Gemeenteweg,binnen bebouwde kom,Tss. 2 best.: langs opzij (voor-/achterkant-flank),Geen hindernis
44921,55,Torhout teller 1,Torhout,51.07161,3.08261,1.5394987575554708,51.074379739119756,3.10419925029709,2024,1,11,31033,Torhout,Normaal,Droog,Dag,met lichtgewonden,3,Fiets,9,personenauto,Op Kruispunt,Gewestweg,binnen bebouwde kom,Tussen 2 bestuurders: Langs achteren,Geen hindernis
44921,56,Torhout teller 2,Torhout,51.07147,3.08244,1.5543059278404028,51.074379739119756,3.10419925029709,2024,1,11,31033,Torhout,Normaal,Droog,Dag,met lichtgewonden,3,Fiets,9,personenauto,Op Kruispunt,Gewestweg,binnen bebouwde kom,Tussen 2 bestuurders: Langs achteren,Geen hindernis
44925,84,Roeselare totem,Izegem,50.91717,3.18772,2.445872071291865,50.91251403171055,3.2218178644644415,2024,1,7,36008,Izegem,Onbekend,Onbekend,Dageraad - schemering,met lichtgewonden,9,personenauto,3,Fiets,Op Kruispunt,Gemeenteweg,binnen bebouwde kom,Tss. 2 best.: langs opzij (voor-/achterkant-flank),Geen hindernis
44927,84,Roeselare totem,Izegem,50.91717,3.18772,2.4450854553584276,50.93184783804337,3.1617447976060538,2024,1,7,36015,Roeselare,Normaal,Droog,"Nacht, openbare verlichting aanwezig en ontstoken",met lichtgewonden,3,Fiets,9,personenauto,Buiten Kruispunt,Gewestweg,binnen bebouwde kom,Tss. 2 best.: langs opzij (voor-/achterkant-flank),Geen hindernis
44943,74,Kortrijk teller 1,Kortrijk,50.81909,3.25728,0.9342619528163675,50.81688983050925,3.2701147803674457,2024,1,16,34022,Kortrijk,Normaal,Droog,Dag,met lichtgewonden,9,personenauto,3,Fiets,Op Kruispunt,Gewestweg,binnen bebouwde kom,Tussen 2 bestuurders: Frontale botsing,Geen hindernis
44943,75,Kortrijk teller 2,Kortrijk,50.81925,3.25731,0.9370529125195526,50.81688983050925,3.2701147803674457,2024,1,16,34022,Kortrijk,Normaal,Droog,Dag,met lichtgewonden,9,personenauto,3,Fiets,Op Kruispunt,Gewestweg,binnen bebouwde kom,Tussen 2 bestuurders: Frontale botsing,Geen hindernis
44943,143,Eco Display Classic Budastraat,Kortrijk,50.83066,3.26286,1.61374659180237,50.81688983050925,3.2701147803674457,2024,1,16,34022,Kortrijk,Normaal,Droog,Dag,met lichtgewonden,9,personenauto,3,Fiets,Op Kruispunt,Gewestweg,binnen bebouwde kom,Tussen 2 bestuurders: Frontale botsing,Geen hindernis
44943,16,Kortrijk 1,Kortrijk,50.83332,3.27777,1.9044373250771036,50.81688983050925,3.2701147803674457,2024,1,16,34022,Kortrijk,Normaal,Droog,Dag,met lichtgewonden,9,personenauto,3,Fiets,Op Kruispunt,Gewestweg,binnen bebouwde kom,Tussen 2 bestuurders: Frontale botsing,Geen hindernis
44943,17,Kortrijk 2,Kortrijk,50.83339,3.27773,1.9111171446720179,50.81688983050925,3.2701147803674457,2024,1,16,34022,Kortrijk,Normaal,Droog,Dag,met lichtgewonden,9,personenauto,3,Fiets,Op Kruispunt,Gewestweg,binnen bebouwde kom,Tussen 2 bestuurders: Frontale botsing,Geen hindernis
44944,143,Eco Display Classic Budastraat,Kortrijk,50.83066,3.26286,0.543009129935817,50.83554149033761,3.2630761243404054,2024,1,15,34022,Kortrijk,Normaal,Droog,Dag,met lichtgewonden,9,personenauto,3,Fiets,Buiten Kruispunt,Gewestweg,binnen bebouwde kom,Tussen 2 bestuurders: Langs achteren,Geen hindernis
44944,17,Kortrijk 2,Kortrijk,50.83339,3.27773,1.056533715678878,50.83554149033761,3.2630761243404054,2024,1,15,34022,Kortrijk,Normaal,Droog,Dag,met lichtgewonden,9,personenauto,3,Fiets,Buiten Kruispunt,Gewestweg,binnen bebouwde kom,Tussen 2 bestuurders: Langs achteren,Geen hindernis
44944,16,Kortrijk 1,Kortrijk,50.83332,3.27777,1.0610557824479174,50.83554149033761,3.2630761243404054,2024,1,15,34022,Kortrijk,Normaal,Droog,Dag,met lichtgewonden,9,personenauto,3,Fiets,Buiten Kruispunt,Gewestweg,binnen bebouwde kom,Tussen 2 bestuurders: Langs achteren,Geen hindernis
44944,75,Kortrijk teller 2,Kortrijk,50.81925,3.25731,1.8562508252429222,50.83554149033761,3.2630761243404054,2024,1,15,34022,Kortrijk,Normaal,Droog,Dag,met lichtgewonden,9,personenauto,3,Fiets,Buiten Kruispunt,Gewestweg,binnen bebouwde kom,Tussen 2 bestuurders: Langs achteren,Geen hindernis
44944,74,Kortrijk teller 1,Kortrijk,50.81909,3.25728,1.8740741693052614,50.83554149033761,3.2630761243404054,2024,1,15,34022,Kortrijk,Normaal,Droog,Dag,met lichtgewonden,9,personenauto,3,Fiets,Buiten Kruispunt,Gewestweg,binnen bebouwde kom,Tussen 2 bestuurders: Langs achteren,Geen hindernis