crash_row_id,site_id,site_name,site_gemeente,site_lat,site_long,distance_km,crash_lat,crash_long,DT_YEAR_COLLISION,DT_MONTH_COLLISION,DT_TIME,CD_NIS,TX_MUNTY_COLLISION_NL,TX_WEATHER_NL,TX_ROAD_CONDITION_NL,TX_LIGHT_CONDITION_NL,TX_CLASS_ACCIDENTS_NL,CD_ROAD_USR_TYPE1,TX_ROAD_USR_TYPE1_NL,CD_ROAD_USR_TYPE2,TX_ROAD_USR_TYPE2_NL,TX_CROSSWAY_NL,CD_ROAD_TYPE_NL,TX_BUILD_UP_AREA_NL,TX_COLLISION_TYPE_NL,TX_OBSTACLES_NL
44945,143,Eco Display Classic Budastraat,Kortrijk,50.83066,3.26286,2.403303156523855,50.84302550680914,3.2347906558232213,2024,1,14,34022,Kortrijk,Normaal,Droog,Dag,met lichtgewonden,9,personenauto,3,Fiets,Op Kruispunt,Gemeenteweg,binnen bebouwde kom,Tss. 2 best.: langs opzij (voor-/achterkant-flank),Geen hindernis
44946,74,Kortrijk teller 1,Kortrijk,50.81909,3.25728,1.1908438730473747,50.81239987302065,3.244043920540372,2024,1,14,34022,Kortrijk,Normaal,Droog,Dag,met lichtgewonden,9,personenauto,3,Fiets,Op Kruispunt,Gemeenteweg,binnen bebouwde kom,Tss. 2 best.: langs opzij (voor-/achterkant-flank),Geen hindernis
44946,75,Kortrijk teller 2,Kortrijk,50.81925,3.25731,1.2036681138324818,50.81239987302065,3.244043920540372,2024,1,14,34022,Kortrijk,Normaal,Droog,Dag,met lichtgewonden,9,personenauto,3,Fiets,Op Kruispunt,Gemeenteweg,binnen bebouwde kom,Tss. 2 best.: langs opzij (voor-/achterkant-flank),Geen hindernis
44946,143,Eco Display Classic Budastraat,Kortrijk,50.83066,3.26286,2.4227459293709317,50.81239987302065,3.244043920540372,2024,1,14,34022,Kortrijk,Normaal,Droog,Dag,met lichtgewonden,9,personenauto,3,Fiets,Op Kruispunt,Gemeenteweg,binnen bebouwde kom,Tss. 2 best.: langs opzij (voor-/achterkant-flank),Geen hindernis
44947,143,Eco Display Classic Budastraat,Kortrijk,50.83066,3.26286,0.4755322394917029,50.83437845540405,3.259515475520892,2024,1,16,34022,Kortrijk,Normaal,Droog,Dag,met lichtgewonden,9,personenauto,3,Fiets,Buiten Kruispunt,Gewestweg,binnen bebouwde kom,Tussen 2 bestuurders: Langs achteren,Geen hindernis
44947,17,Kortrijk 2,Kortrijk,50.83339,3.27773,1.283873492878381,50.83437845540405,3.259515475520892,2024,1,16,34022,Kortrijk,Normaal,Droog,Dag,met lichtgewonden,9,personenauto,3,Fiets,Buiten Kruispunt,Gewestweg,binnen bebouwde kom,Tussen 2 bestuurders: Langs achteren,Geen hindernis
44947,16,Kortrijk 1,Kortrijk,50.83332,3.27777,1.287361519522347,50.83437845540405,3.259515475520892,2024,1,16,34022,Kortrijk,Normaal,Droog,Dag,met lichtgewonden,9,personenauto,3,Fiets,Buiten Kruispunt,Gewestweg,binnen bebouwde kom,Tussen 2 bestuurders: Langs achteren,Geen hindernis
44947,75,Kortrijk teller 2,Kortrijk,50.81925,3.25731,1.689324913131017,50.83437845540405,3.259515475520892,2024,1,16,34022,Kortrijk,Normaal,Droog,Dag,met lichtgewonden,9,personenauto,3,Fiets,Buiten Kruispunt,Gewestweg,binnen bebouwde kom,Tussen 2 bestuurders: Langs achteren,Geen hindernis
44947,74,Kortrijk teller 1,Kortrijk,50.81909,3.25728,1.7072344542976026,50.83437845540405,3.259515475520892,2024,1,16,34022,Kortrijk,Normaal,Droog,Dag,met lichtgewonden,9,personenauto,3,Fiets,Buiten Kruispunt,Gewestweg,binnen bebouwde kom,Tussen 2 bestuurders: Langs achteren,Geen hindernis
44948,75,Kortrijk teller 2,Kortrijk,50.81925,3.25731,2.285230990209212,50.82250400223196,3.2251890150800557,2024,1,13,34022,Kortrijk,Normaal,Droog,Dag,met lichtgewonden,3,Fiets,3,Fiets,Buiten Kruispunt,Gewestweg,binnen bebouwde kom,Tussen 2 bestuurders: Langs achteren,Geen hindernis
44948,74,Kortrijk teller 1,Kortrijk,50.81909,3.25728,2.2860409954845364,50.82250400223196,3.2251890150800557,2024,1,13,34022,Kortrijk,Normaal,Droog,Dag,met lichtgewonden,3,Fiets,3,Fiets,Buiten Kruispunt,Gewestweg,binnen bebouwde kom,Tussen 2 bestuurders: Langs achteren,Geen hindernis
44949,16,Kortrijk 1,Kortrijk,50.83332,3.27777,1.7915482018410176,50.81783634619793,3.284822388966673,2024,1,12,34022,Kortrijk,Normaal,Droog,Dag,met lichtgewonden,9,personenauto,3,Fiets,Buiten Kruispunt,Gemeenteweg,binnen bebouwde kom,Tussen 2 bestuurders: Langs achteren,Geen hindernis
44949,17,Kortrijk 2,Kortrijk,50.83339,3.27773,1.7998052259210828,50.81783634619793,3.284822388966673,2024,1,12,34022,Kortrijk,Normaal,Droog,Dag,met lichtgewonden,9,personenauto,3,Fiets,Buiten Kruispunt,Gemeenteweg,binnen bebouwde kom,Tussen 2 bestuurders: Langs achteren,Geen hindernis
44949,75,Kortrijk teller 2,Kortrijk,50.81925,3.25731,1.939142358108387,50.81783634619793,3.284822388966673,2024,1,12,34022,Kortrijk,Normaal,Droog,Dag,met lichtgewonden,9,personenauto,3,Fiets,Buiten Kruispunt,Gemeenteweg,binnen bebouwde kom,Tussen 2 bestuurders: Langs achteren,Geen hindernis
44949,74,Kortrijk teller 1,Kortrijk,50.81909,3.25728,1.939886671279606,50.81783634619793,3.284822388966673,2024,1,12,34022,Kortrijk,Normaal,Droog,Dag,met lichtgewonden,9,personenauto,3,Fiets,Buiten Kruispunt,Gemeenteweg,binnen bebouwde kom,Tussen 2 bestuurders: Langs achteren,Geen hindernis
44949,143,Eco Display Classic Budastraat,Kortrijk,50.83066,3.26286,2.1007449525555018,50.81783634619793,3.284822388966673,2024,1,12,34022,Kortrijk,Normaal,Droog,Dag,met lichtgewonden,9,personenauto,3,Fiets,Buiten Kruispunt,Gemeenteweg,binnen bebouwde kom,Tussen 2 bestuurders: Langs achteren,Geen hindernis
44950,143,Eco Display Classic Budastraat,Kortrijk,50.83066,3.26286,0.3141149878463897,50.828505676145966,3.265752971783997,2024,1,12,34022,Kortrijk,Normaal,"Nat, plassen",Dag,met lichtgewonden,3,Fiets,3,Fiets,Buiten Kruispunt,Gewestweg,binnen bebouwde kom,Tussen 2 bestuurders: Flank tegen flank,Geen hindernis
44950,16,Kortrijk 1,Kortrijk,50.83332,3.27777,0.9994386363708356,50.828505676145966,3.265752971783997,2024,1,12,34022,Kortrijk,Normaal,"Nat, plassen",Dag,met lichtgewonden,3,Fiets,3,Fiets,Buiten Kruispunt,Gewestweg,binnen bebouwde kom,Tussen 2 bestuurders: Flank tegen flank,Geen hindernis
44950,17,Kortrijk 2,Kortrijk,50.83339,3.27773,1.001267532117506,50.828505676145966,3.265752971783997,2024,1,12,34022,Kortrijk,Normaal,"Nat, plassen",Dag,met lichtgewonden,3,Fiets,3,Fiets,Buiten Kruispunt,Gewestweg,binnen bebouwde kom,Tussen 2 bestuurders: Flank tegen flank,Geen hindernis
44950,75,Kortrijk teller 2,Kortrijk,50.81925,3.25731,1.1878279694241392,50.828505676145966,3.265752971783997,2024,1,12,34022,Kortrijk,Normaal,"Nat, plassen",Dag,met lichtgewonden,3,Fiets,3,Fiets,Buiten Kruispunt,Gewestweg,binnen bebouwde kom,Tussen 2 bestuurders: Flank tegen flank,Geen hindernis
44950,74,Kortrijk teller 1,Kortrijk,50.81909,3.25728,1.2043163001137152,50.828505676145966,3.265752971783997,2024,1,12,34022,Kortrijk,Normaal,"Nat, plassen",Dag,met lichtgewonden,3,Fiets,3,Fiets,Buiten Kruispunt,Gewestweg,binnen bebouwde kom,Tussen 2 bestuurders: Flank tegen flank,Geen hindernis
44961,67,Ieper totem,Ieper,50.85018,2.85624,1.6926518716968066,50.85453274822259,2.8793451973453736,2024,1,10,33011,Ieper,Normaal,Droog,Dag,met lichtgewonden,9,personenauto,3,Fiets,Buiten Kruispunt,Gemeenteweg,binnen bebouwde kom,Tss. 2 best.: langs opzij (voor-/achterkant-flank),Geen hindernis
44961,68,Ieper,Ieper,50.85032,2.85608,1.6990578390101014,50.85453274822259,2.8793451973453736,2024,1,10,33011,Ieper,Normaal,Droog,Dag,met lichtgewonden,9,personenauto,3,Fiets,Buiten Kruispunt,Gemeenteweg,binnen bebouwde kom,Tss. 2 best.: langs opzij (voor-/achterkant-flank),Geen hindernis
44963,67,Ieper totem,Ieper,50.85018,2.85624,1.7037519453354886,50.854590501744696,2.8794828747615897,2024,1,12,33011,Ieper,Sneeuwval,"Ijzel, sneeuw",Dag,met lichtgewonden,3,Fiets,9,personenauto,Buiten Kruispunt,Gemeenteweg,binnen bebouwde kom,Tussen 2 bestuurders: Langs achteren,Geen hindernis
44963,68,Ieper,Ieper,50.85032,2.85608,1.710121311677085,50.854590501744696,2.8794828747615897,2024,1,12,33011,Ieper,Sneeuwval,"Ijzel, sneeuw",Dag,met lichtgewonden,3,Fiets,9,personenauto,Buiten Kruispunt,Gemeenteweg,binnen bebouwde kom,Tussen 2 bestuurders: Langs achteren,Geen hindernis
44964,67,Ieper totem,Ieper,50.85018,2.85624,2.2109330820122777,50.85543473977851,2.8866154593424658,2024,1,8,33011,Ieper,Regenval,"Nat, plassen","Nacht, openbare verlichting aanwezig en ontstoken",met lichtgewonden,9,personenauto,3,Fiets,Op Kruispunt,Gewestweg,binnen bebouwde kom,Tussen 2 bestuurders: Flank tegen flank,Geen hindernis
44964,68,Ieper,Ieper,50.85032,2.85608,2.2177212989630495,50.85543473977851,2.8866154593424658,2024,1,8,33011,Ieper,Regenval,"Nat, plassen","Nacht, openbare verlichting aanwezig en ontstoken",met lichtgewonden,9,personenauto,3,Fiets,Op Kruispunt,Gewestweg,binnen bebouwde kom,Tussen 2 bestuurders: Flank tegen flank,Geen hindernis
44965,68,Ieper,Ieper,50.85032,2.85608,2.4927033338029867,50.85452502523131,2.821201488349955,2024,1,16,33011,Ieper,Normaal,"Ijzel, sneeuw",Dag,met lichtgewonden,3,Fiets,10,"één bestuurder, geen hindernis",Buiten Kruispunt,Gewestweg,buiten bebouwde kom,"Eén bestuurder, geen hindernis (incl. val)",Geen hindernis
44974,124,Beveren teller 2,Beveren,51.1964712,4.2361077,2.334972578760329,51.213052567563885,4.256672400540306,2024,1,7,46003,Beveren,Normaal,"Ijzel, sneeuw",Dag,met lichtgewonden,3,Fiets,10,"één bestuurder, geen hindernis",Buiten Kruispunt,Gemeenteweg,binnen bebouwde kom,"Eén bestuurder, geen hindernis (incl. val)",Geen hindernis
44976,83,Beersel teller 2,Beersel,50.75175,4.33304,0.04210945741063776,50.75212446645674,4.33312924533522,2024,1,18,23003,Beersel,Normaal,"Ijzel, sneeuw","Nacht, openbare verlichting aanwezig en ontstoken",met lichtgewonden,9,personenauto,3,Fiets,Op Kruispunt,Gemeenteweg,binnen bebouwde kom,Tss. 2 best.: langs opzij (voor-/achterkant-flank),Geen hindernis
44976,82,Beersel teller 1,Beersel,50.75128,4.33336,0.09529333594974562,50.75212446645674,4.33312924533522,2024,1,18,23003,Beersel,Normaal,"Ijzel, sneeuw","Nacht, openbare verlichting aanwezig en ontstoken",met lichtgewonden,9,personenauto,3,Fiets,Op Kruispunt,Gemeenteweg,binnen bebouwde kom,Tss. 2 best.: langs opzij (voor-/achterkant-flank),Geen hindernis
44977,140,Hasselt ring,Hasselt,50.9300038,5.3438616,1.3401455161563967,50.92542534432448,5.326173669550439,2024,1,20,71022,Hasselt,Regenval,"Nat, plassen","Nacht, openbare verlichting aanwezig en ontstoken",met lichtgewonden,3,Fiets,9,personenauto,Buiten Kruispunt,Gemeenteweg,binnen bebouwde kom,Tussen 2 bestuurders: Flank tegen flank,Geen hindernis
44977,138,Hasselt-Kempische brug,Hasselt,50.9405318,5.3422472,2.022470378923277,50.92542534432448,5.326173669550439,2024,1,20,71022,Hasselt,Regenval,"Nat, plassen","Nacht, openbare verlichting aanwezig en ontstoken",met lichtgewonden,3,Fiets,9,personenauto,Buiten Kruispunt,Gemeenteweg,binnen bebouwde kom,Tussen 2 bestuurders: Flank tegen flank,Geen hindernis
44977,137,Hasselt-Kempische brug,Hasselt,50.9411605,5.3417576,2.0625223299575244,50.92542534432448,5.326173669550439,2024,1,20,71022,Hasselt,Regenval,"Nat, plassen","Nacht, openbare verlichting aanwezig en ontstoken",met lichtgewonden,3,Fiets,9,personenauto,Buiten Kruispunt,Gemeenteweg,binnen bebouwde kom,Tussen 2 bestuurders: Flank tegen flank,Geen hindernis
44979,140,Hasselt ring,Hasselt,50.9300038,5.3438616,0.3870618001750479,50.92685367300169,5.346211424856935,2024,1,10,71022,Hasselt,Normaal,Droog,Dag,met lichtgewonden,3,Fiets,9,personenauto,Op Kruispunt,Gemeenteweg,binnen bebouwde kom,Tss. 2 best.: langs opzij (voor-/achterkant-flank),Geen hindernis
44979,138,Hasselt-Kempische brug,Hasselt,50.9405318,5.3422472,1.546100646959224,50.92685367300169,5.346211424856935,2024,1,10,71022,Hasselt,Normaal,Droog,Dag,met lichtgewonden,3,Fiets,9,personenauto,Op Kruispunt,Gemeenteweg,binnen bebouwde kom,Tss. 2 best.: langs opzij (voor-/achterkant-flank),Geen hindernis
44979,137,Hasselt-Kempische brug,Hasselt,50.9411605,5.3417576,1.6211739990448661,50.92685367300169,5.346211424856935,2024,1,10,71022,Hasselt,Normaal,Droog,Dag,met lichtgewonden,3,Fiets,9,personenauto,Op Kruispunt,Gemeenteweg,binnen bebouwde kom,Tss. 2 best.: langs opzij (voor-/achterkant-flank),Geen hindernis
44980,138,Hasselt-Kempische brug,Hasselt,50.9405318,5.3422472,0.31513579414323045,50.93784039482838,5.3408381540648895,2024,1,15,71022,Hasselt,Normaal,Droog,Dag,met lichtgewonden,3,Fiets,9,personenauto,Op Kruispunt,Gewestweg,binnen bebouwde kom,Tss. 2 best.: langs opzij (voor-/achterkant-flank),Geen hindernis
44980,137,Hasselt-Kempische brug,Hasselt,50.9411605,5.3417576,0.3747579144255165,50.93784039482838,5.3408381540648895,2024,1,15,71022,Hasselt,Normaal,Droog,Dag,met lichtgewonden,3,Fiets,9,personenauto,Op Kruispunt,Gewestweg,binnen bebouwde kom,Tss. 2 best.: langs opzij (voor-/achterkant-flank),Geen hindernis
44980,140,Hasselt ring,Hasselt,50.9300038,5.3438616,0.8967776861223924,50.93784039482838,5.3408381540648895,2024,1,15,71022,Hasselt,Normaal,Droog,Dag,met lichtgewonden,3,Fiets,9,personenauto,Op Kruispunt,Gewestweg,binnen bebouwde kom,Tss. 2 best.: langs opzij (voor-/achterkant-flank),Geen hindernis
44983,140,Hasselt ring,Hasselt,50.9300038,5.3438616,0.4772706237973287,50.92959402829607,5.350640565410734,2024,1,17,71022,Hasselt,Regenval,"Nat, plassen","Nacht, openbare verlichting aanwezig en ontstoken",met lichtgewonden,9,personenauto,3,Fiets,Op Kruispunt,Gewestweg,binnen bebouwde kom,Tussen 2 bestuurders: Frontale botsing,Geen hindernis
44983,138,Hasselt-Kempische brug,Hasselt,50.9405318,5.3422472,1.3509781668808563,50.92959402829607,5.350640565410734,2024,1,17,71022,Hasselt,Regenval,"Nat, plassen","Nacht, openbare verlichting aanwezig en ontstoken",met lichtgewonden,9,personenauto,3,Fiets,Op Kruispunt,Gewestweg,binnen bebouwde kom,Tussen 2 bestuurders: Frontale botsing,Geen hindernis
44983,137,Hasselt-Kempische brug,Hasselt,50.9411605,5.3417576,1.4288484312342626,50.92959402829607,5.350640565410734,2024,1,17,71022,Hasselt,Regenval,"Nat, plassen","Nacht, openbare verlichting aanwezig en ontstoken",met lichtgewonden,9,personenauto,3,Fiets,Op Kruispunt,Gewestweg,binnen bebouwde kom,Tussen 2 bestuurders: Frontale botsing,Geen hindernis
44984,69,Leuven teller 1,Leuven,50.87549,4.71526,0.7002991444483306,50.87055485305411,4.7214602202259215,2024,1,15,24062,Leuven,Normaal,Droog,Dag,met lichtgewonden,3,Fiets,9,personenauto,Buiten Kruispunt,Gemeenteweg,binnen bebouwde kom,Tss. 2 best.: langs opzij (voor-/achterkant-flank),Geen hindernis
44984,77,Leuven teller 2,Leuven,50.88672,4.70796,2.031769443019756,50.87055485305411,4.7214602202259215,2024,1,15,24062,Leuven,Normaal,Droog,Dag,met lichtgewonden,3,Fiets,9,personenauto,Buiten Kruispunt,Gemeenteweg,binnen bebouwde kom,Tss. 2 best.: langs opzij (voor-/achterkant-flank),Geen hindernis
44984,107,leuven totem,Leuven,50.8870744,4.7087919,2.0406231586636507,50.87055485305411,4.7214602202259215,2024,1,15,24062,Leuven,Normaal,Droog,Dag,met lichtgewonden,3,Fiets,9,personenauto,Buiten Kruispunt,Gemeenteweg,binnen bebouwde kom,Tss. 2 best.: langs opzij (voor-/achterkant-flank),Geen hindernis
44985,25,Bree,Bree,51.13679500160176,5.597669323604317,0.3740719753822016,51.13985302711804,5.599903855830753,2024,1,13,72004,Bree,Normaal,Droog,Dag,met lichtgewonden,9,personenauto,3,Fiets,Op Kruispunt,Gewestweg,binnen bebouwde kom,Tss. 2 best.: langs opzij (voor-/achterkant-flank),Geen hindernis
44990,14,Genk,Genk,50.97172,5.48927,0.9598894444258111,50.96411432302428,5.482786000676591,2024,1,12,71016,Genk,Normaal,Droog,Dag,met lichtgewonden,3,Fiets,9,personenauto,Op Kruispunt,Gewestweg,binnen bebouwde kom,Tss. 2 best.: langs opzij (voor-/achterkant-flank),Geen hindernis
44992,14,Genk,Genk,50.97172,5.48927,1.1997224129521185,50.96129802054781,5.484837397867034,2024,1,18,71016,Genk,Sneeuwval,"Nat, plassen","Nacht, openbare verlichting aanwezig en ontstoken",met lichtgewonden,3,Fiets,9,personenauto,Buiten Kruispunt,Gewestweg,binnen bebouwde kom,Tussen 2 bestuurders: Flank tegen flank,Geen hindernis
44995,139,Houthalen-Helchteren,Houthalen-Helchteren,51.0644267,5.3819796,0.6544035513101158,51.07026632742277,5.380816469036183,2024,1,7,72039,Houthalen-Helchteren,Normaal,Droog,"Nacht, geen openbare verlichting aanwezig",met lichtgewonden,3,Fiets,11,een weggebruiker tegen een hindernis,Buiten Kruispunt,Gemeenteweg,buiten bebouwde kom,Weggebruiker tegen hindernis op de rijbaan,"Op de rijbaan: Werken (signal., aarde, toestel,…)"
44997,23,Tienen 3,Tienen,50.81324,4.93447,0.14612505497727418,50.81428259997675,4.933203928327114,2024,1,16,24107,Tienen,Sneeuwval,"Nat, plassen",Dag,met lichtgewonden,9,personenauto,3,Fiets,Buiten Kruispunt,Gemeenteweg,binnen bebouwde kom,Tss. 2 best.: langs opzij (voor-/achterkant-flank),Geen hindernis
44997,24,Tienen 1,Tienen,50.8133795491886,4.935044252605416,0.16370944474853685,50.81428259997675,4.933203928327114,2024,1,16,24107,Tienen,Sneeuwval,"Nat, plassen",Dag,met lichtgewonden,9,personenauto,3,Fiets,Buiten Kruispunt,Gemeenteweg,binnen bebouwde kom,Tss. 2 best.: langs opzij (voor-/achterkant-flank),Geen hindernis
44997,22,Tienen 2,Tienen,50.81330800184882,4.935984252796022,0.2233865332157793,50.81428259997675,4.933203928327114,2024,1,16,24107,Tienen,Sneeuwval,"Nat, plassen",Dag,met lichtgewonden,9,personenauto,3,Fiets,Buiten Kruispunt,Gemeenteweg,binnen bebouwde kom,Tss. 2 best.: langs opzij (voor-/achterkant-flank),Geen hindernis
44998,23,Tienen 3,Tienen,50.81324,4.93447,0.5150982354422479,50.80967789733258,4.929783156300621,2024,1,7,24107,Tienen,Normaal,"Nat, plassen",Dageraad - schemering,met lichtgewonden,9,personenauto,3,Fiets,Op Kruispunt,Gemeenteweg,binnen bebouwde kom,Tussen 2 bestuurders: Frontale botsing,Geen hindernis
44998,24,Tienen 1,Tienen,50.8133795491886,4.935044252605416,0.5532269637638471,50.80967789733258,4.929783156300621,2024,1,7,24107,Tienen,Normaal,"Nat, plassen",Dageraad - schemering,met lichtgewonden,9,personenauto,3,Fiets,Op Kruispunt,Gemeenteweg,binnen bebouwde kom,Tussen 2 bestuurders: Frontale botsing,Geen hindernis
44998,22,Tienen 2,Tienen,50.81330800184882,4.935984252796022,0.593939322660869,50.80967789733258,4.929783156300621,2024,1,7,24107,Tienen,Normaal,"Nat, plassen",Dageraad - schemering,met lichtgewonden,9,personenauto,3,Fiets,Op Kruispunt,Gemeenteweg,binnen bebouwde kom,Tussen 2 bestuurders: Frontale botsing,Geen hindernis
45002,99,Mechelen teller 1,Mechelen,51.04564,4.46882,2.429897840261705,51.024209560318475,4.475617527464673,2024,1,13,12025,Mechelen,Normaal,Droog,Dag,met lichtgewonden,3,Fiets,5,Lichte vrachtauto,Buiten Kruispunt,Gemeenteweg,binnen bebouwde kom,Tussen 2 bestuurders: Langs achteren,Geen hindernis
45002,100,Mechelen teller 2,Mechelen,51.0457,4.46883,2.436304623166581,51.024209560318475,4.475617527464673,2024,1,13,12025,Mechelen,Normaal,Droog,Dag,met lichtgewonden,3,Fiets,5,Lichte vrachtauto,Buiten Kruispunt,Gemeenteweg,binnen bebouwde kom,Tussen 2 bestuurders: Langs achteren,Geen hindernis
45006,99,Mechelen teller 1,Mechelen,51.04564,4.46882,1.1698394337729787,51.0354721137484,4.4731163079729255,2024,1,10,12025,Mechelen,Normaal,Droog,Dag,met lichtgewonden,9,personenauto,3,Fiets,Buiten Kruispunt,Gewestweg,binnen bebouwde kom,Tss. 2 best.: langs opzij (voor-/achterkant-flank),Geen hindernis
45006,100,Mechelen teller 2,Mechelen,51.0457,4.46883,1.1761102948939992,51.0354721137484,4.4731163079729255,2024,1,10,12025,Mechelen,Normaal,Droog,Dag,met lichtgewonden,9,personenauto,3,Fiets,Buiten Kruispunt,Gewestweg,binnen bebouwde kom,Tss. 2 best.: langs opzij (voor-/achterkant-flank),Geen hindernis
45009,99,Mechelen teller 1,Mechelen,51.04564,4.46882,1.598303246024298,51.03441955962435,4.483107877539485,2024,1,8,12025,Mechelen,Normaal,"Nat, plassen",Dageraad - schemering,met lichtgewonden,6,Bromfiets,3,Fiets,Op Kruispunt,Gewestweg,binnen bebouwde kom,Tss. 2 best.: langs opzij (voor-/achterkant-flank),Geen hindernis
45009,100,Mechelen teller 2,Mechelen,51.0457,4.46883,1.6030808000129924,51.03441955962435,4.483107877539485,2024,1,8,12025,Mechelen,Normaal,"Nat, plassen",Dageraad - schemering,met lichtgewonden,6,Bromfiets,3,Fiets,Op Kruispunt,Gewestweg,binnen bebouwde kom,Tss. 2 best.: langs opzij (voor-/achterkant-flank),Geen hindernis
45012,99,Mechelen teller 1,Mechelen,51.04564,4.46882,1.6732869213005461,51.035113508287736,4.485922698089817,2024,1,13,12025,Mechelen,Normaal,Droog,Dag,met zwaargewonden,9,personenauto,3,Fiets,Buiten Kruispunt,Gemeenteweg,binnen bebouwde kom,Tss. 2 best.: langs opzij (voor-/achterkant-flank),Geen hindernis
45012,100,Mechelen teller 2,Mechelen,51.0457,4.46883,1.677461937264925,51.035113508287736,4.485922698089817,2024,1,13,12025,Mechelen,Normaal,Droog,Dag,met zwaargewonden,9,personenauto,3,Fiets,Buiten Kruispunt,Gemeenteweg,binnen bebouwde kom,Tss. 2 best.: langs opzij (voor-/achterkant-flank),Geen hindernis
45014,99,Mechelen teller 1,Mechelen,51.04564,4.46882,2.218636359366787,51.02718900065071,4.48089657855968,2024,1,13,12025,Mechelen,Normaal,Droog,Dag,met lichtgewonden,3,Fiets,3,Fiets,Buiten Kruispunt,Gemeenteweg,binnen bebouwde kom,Tussen 2 bestuurders: Flank tegen flank,Geen hindernis
45014,100,Mechelen teller 2,Mechelen,51.0457,4.46883,2.2245418772701737,51.02718900065071,4.48089657855968,2024,1,13,12025,Mechelen,Normaal,Droog,Dag,met lichtgewonden,3,Fiets,3,Fiets,Buiten Kruispunt,Gemeenteweg,binnen bebouwde kom,Tussen 2 bestuurders: Flank tegen flank,Geen hindernis
45015,99,Mechelen teller 1,Mechelen,51.04564,4.46882,1.691747012656801,51.03360958581711,4.483632049460144,2024,1,13,12025,Mechelen,Normaal,Droog,Dag,met lichtgewonden,3,Fiets,3,Fiets,Op Kruispunt,Gewestweg,binnen bebouwde kom,Tss. 2 best.: langs opzij (voor-/achterkant-flank),Geen hindernis
45015,100,Mechelen teller 2,Mechelen,51.0457,4.46883,1.6966004666630807,51.03360958581711,4.483632049460144,2024,1,13,12025,Mechelen,Normaal,Droog,Dag,met lichtgewonden,3,Fiets,3,Fiets,Op Kruispunt,Gewestweg,binnen bebouwde kom,Tss. 2 best.: langs opzij (voor-/achterkant-flank),Geen hindernis
45016,99,Mechelen teller 1,Mechelen,51.04564,4.46882,2.2588791153049828,51.026825184307974,4.481002371728757,2024,1,9,12025,Mechelen,Regenval,"Nat, plassen",Dag,met lichtgewonden,3,Fiets,3,Fiets,Buiten Kruispunt,Gemeenteweg,binnen bebouwde kom,Tussen 2 bestuurders: Flank tegen flank,Geen hindernis
45016,100,Mechelen teller 2,Mechelen,51.0457,4.46883,2.2647965817063485,51.026825184307974,4.481002371728757,2024,1,9,12025,Mechelen,Regenval,"Nat, plassen",Dag,met lichtgewonden,3,Fiets,3,Fiets,Buiten Kruispunt,Gemeenteweg,binnen bebouwde kom,Tussen 2 bestuurders: Flank tegen flank,Geen hindernis
45018,115,Aalter,Aalter,51.1058367,3.4350591,2.0798840912457472,51.08889637968498,3.4476877120599605,2024,1,8,44084,Aalter,Normaal,"Ijzel, sneeuw",Dageraad - schemering,met zwaargewonden,3,Fiets,11,een weggebruiker tegen een hindernis,Buiten Kruispunt,Gewestweg,binnen bebouwde kom,Weggebruiker tegen hindernis op de rijbaan,"Op de rijbaan: Werken (signal., aarde, toestel,…)"
45054,2,Brasschaat 2,Brasschaat,51.27512,4.47169,2.4257813751861,51.28292365428859,4.439122176411319,2024,2,12,11002,Antwerpen,Regenval,"Nat, plassen",Dag,met lichtgewonden,3,Fiets,9,personenauto,Op Kruispunt,Gemeenteweg,binnen bebouwde kom,Tss. 2 best.: langs opzij (voor-/achterkant-flank),Geen hindernis
45054,3,Brasschaat 1,Brasschaat,51.27503,4.47222,2.4637915100388206,51.28292365428859,4.439122176411319,2024,2,12,11002,Antwerpen,Regenval,"Nat, plassen",Dag,met lichtgewonden,3,Fiets,9,personenauto,Op Kruispunt,Gemeenteweg,binnen bebouwde kom,Tss. 2 best.: langs opzij (voor-/achterkant-flank),Geen hindernis
45111,2,Brasschaat 2,Brasschaat,51.27512,4.47169,2.3271513360176437,51.29522593528808,4.462400537864488,2024,2,8,11008,Brasschaat,Normaal,"Nat, plassen",Dag,met lichtgewonden,3,Fiets,3,Fiets,Buiten Kruispunt,Gemeenteweg,binnen bebouwde kom,Tussen 2 bestuurders: Frontale botsing,Geen hindernis
45111,3,Brasschaat 1,Brasschaat,51.27503,4.47222,2.3472252366243933,51.29522593528808,4.462400537864488,2024,2,8,11008,Brasschaat,Normaal,"Nat, plassen",Dag,met lichtgewonden,3,Fiets,3,Fiets,Buiten Kruispunt,Gemeenteweg,binnen bebouwde kom,Tussen 2 bestuurders: Frontale botsing,Geen hindernis
45112,3,Brasschaat 1,Brasschaat,51.27503,4.47222,2.2692370109014117,51.2908820329483,4.492768521006996,2024,2,11,11008,Brasschaat,Normaal,Droog,Dag,met lichtgewonden,9,personenauto,3,Fiets,Op Kruispunt,Gewestweg,binnen bebouwde kom,Tss. 2 best.: langs opzij (voor-/achterkant-flank),Geen hindernis
45112,2,Brasschaat 2,Brasschaat,51.27512,4.47169,2.2849445185487474,51.2908820329483,4.492768521006996,2024,2,11,11008,Brasschaat,Normaal,Droog,Dag,met lichtgewonden,9,personenauto,3,Fiets,Op Kruispunt,Gewestweg,binnen bebouwde kom,Tss. 2 best.: langs opzij (voor-/achterkant-flank),Geen hindernis