crash_row_id,site_id,site_name,site_gemeente,site_lat,site_long,distance_km,crash_lat,crash_long,DT_YEAR_COLLISION,DT_MONTH_COLLISION,DT_TIME,CD_NIS,TX_MUNTY_COLLISION_NL,TX_WEATHER_NL,TX_ROAD_CONDITION_NL,TX_LIGHT_CONDITION_NL,TX_CLASS_ACCIDENTS_NL,CD_ROAD_USR_TYPE1,TX_ROAD_USR_TYPE1_NL,CD_ROAD_USR_TYPE2,TX_ROAD_USR_TYPE2_NL,TX_CROSSWAY_NL,CD_ROAD_TYPE_NL,TX_BUILD_UP_AREA_NL,TX_COLLISION_TYPE_NL,TX_OBSTACLES_NL
45116,3,Brasschaat 1,Brasschaat,51.27503,4.47222,2.1474124088762196,51.290091163582005,4.491545986093186,2024,2,13,11008,Brasschaat,Normaal,Droog,Dag,met lichtgewonden,9,personenauto,3,Fiets,Op Kruispunt,Gewestweg,binnen bebouwde kom,Tss. 2 best.: langs opzij (voor-/achterkant-flank),Geen hindernis
45116,2,Brasschaat 2,Brasschaat,51.27512,4.47169,2.162962976956755,51.290091163582005,4.491545986093186,2024,2,13,11008,Brasschaat,Normaal,Droog,Dag,met lichtgewonden,9,personenauto,3,Fiets,Op Kruispunt,Gewestweg,binnen bebouwde kom,Tss. 2 best.: langs opzij (voor-/achterkant-flank),Geen hindernis
45125,104,Malle teller 2,Malle,51.31682,4.73852,1.8013468079615294,51.30115510262588,4.731915036493138,2024,2,11,11057,Malle,Normaal,Droog,Dag,met lichtgewonden,9,personenauto,3,Fiets,Op Kruispunt,Gewestweg,binnen bebouwde kom,Tss. 2 best.: langs opzij (voor-/achterkant-flank),Geen hindernis
45125,103,Malle teller 1,Malle,51.31681,4.73872,1.8038670560265682,51.30115510262588,4.731915036493138,2024,2,11,11057,Malle,Normaal,Droog,Dag,met lichtgewonden,9,personenauto,3,Fiets,Op Kruispunt,Gewestweg,binnen bebouwde kom,Tss. 2 best.: langs opzij (voor-/achterkant-flank),Geen hindernis
45127,103,Malle teller 1,Malle,51.31681,4.73872,1.536354436170688,51.304175697235515,4.747666772651036,2024,2,17,11057,Malle,Normaal,"Nat, plassen",Dag,met lichtgewonden,9,personenauto,3,Fiets,Op Kruispunt,Gemeenteweg,buiten bebouwde kom,Tss. 2 best.: langs opzij (voor-/achterkant-flank),Geen hindernis
45127,104,Malle teller 2,Malle,51.31682,4.73852,1.543046869949649,51.304175697235515,4.747666772651036,2024,2,17,11057,Malle,Normaal,"Nat, plassen",Dag,met lichtgewonden,9,personenauto,3,Fiets,Op Kruispunt,Gemeenteweg,buiten bebouwde kom,Tss. 2 best.: langs opzij (voor-/achterkant-flank),Geen hindernis
45140,96,Lier teller 2,Lier,51.11705,4.58444,1.783744522195533,51.13192082961429,4.574854860538252,2024,2,8,12021,Lier,Normaal,Droog,Dag,met lichtgewonden,9,personenauto,3,Fiets,Op Kruispunt,Gemeenteweg,binnen bebouwde kom,Tss. 2 best.: langs opzij (voor-/achterkant-flank),Geen hindernis
45140,95,Lier teller 1,Lier,51.11687,4.58437,1.8005074700206378,51.13192082961429,4.574854860538252,2024,2,8,12021,Lier,Normaal,Droog,Dag,met lichtgewonden,9,personenauto,3,Fiets,Op Kruispunt,Gemeenteweg,binnen bebouwde kom,Tss. 2 best.: langs opzij (voor-/achterkant-flank),Geen hindernis
45141,96,Lier teller 2,Lier,51.11705,4.58444,1.9548121195238202,51.13128347445304,4.5680001036303,2024,2,14,12021,Lier,Normaal,Droog,Dag,met lichtgewonden,3,Fiets,8,Voetganger,Buiten Kruispunt,Gemeenteweg,binnen bebouwde kom,Met een voetganger,Geen hindernis
45141,95,Lier teller 1,Lier,51.11687,4.58437,1.9682137078552986,51.13128347445304,4.5680001036303,2024,2,14,12021,Lier,Normaal,Droog,Dag,met lichtgewonden,3,Fiets,8,Voetganger,Buiten Kruispunt,Gemeenteweg,binnen bebouwde kom,Met een voetganger,Geen hindernis
45145,9,Heist op den Berg 2,Heist-op-den-Berg,51.06904,4.69524,0.47153073327918266,51.071180094913466,4.701066101901521,2024,2,16,12014,Heist-op-den-Berg,Normaal,Droog,Dageraad - schemering,met lichtgewonden,3,Fiets,5,Lichte vrachtauto,Op Kruispunt,Gewestweg,binnen bebouwde kom,Tss. 2 best.: langs opzij (voor-/achterkant-flank),Geen hindernis
45145,8,Heist op den Berg 1,Heist-op-den-Berg,51.06759,4.68823,0.9817200964857279,51.071180094913466,4.701066101901521,2024,2,16,12014,Heist-op-den-Berg,Normaal,Droog,Dageraad - schemering,met lichtgewonden,3,Fiets,5,Lichte vrachtauto,Op Kruispunt,Gewestweg,binnen bebouwde kom,Tss. 2 best.: langs opzij (voor-/achterkant-flank),Geen hindernis
45158,98,Geel teller 2,Geel,51.1481,4.99643,2.2210040767644554,51.14893728248489,4.9646170047453,2024,2,13,13008,Geel,Regenval,"Nat, plassen",Dag,met lichtgewonden,9,personenauto,3,Fiets,Op Kruispunt,Gewestweg,buiten bebouwde kom,Tss. 2 best.: langs opzij (voor-/achterkant-flank),Geen hindernis
45158,97,Geel teller 1,Geel,51.14813,4.99698,2.259199341160717,51.14893728248489,4.9646170047453,2024,2,13,13008,Geel,Regenval,"Nat, plassen",Dag,met lichtgewonden,9,personenauto,3,Fiets,Op Kruispunt,Gewestweg,buiten bebouwde kom,Tss. 2 best.: langs opzij (voor-/achterkant-flank),Geen hindernis
45158,112,Geel teller 2,Westerlo,51.1354992,4.9394789,2.303959217731552,51.14893728248489,4.9646170047453,2024,2,13,13008,Geel,Regenval,"Nat, plassen",Dag,met lichtgewonden,9,personenauto,3,Fiets,Op Kruispunt,Gewestweg,buiten bebouwde kom,Tss. 2 best.: langs opzij (voor-/achterkant-flank),Geen hindernis
45158,127,Geel totem,Westerlo,51.1342966,4.9400421,2.3642237829685424,51.14893728248489,4.9646170047453,2024,2,13,13008,Geel,Regenval,"Nat, plassen",Dag,met lichtgewonden,9,personenauto,3,Fiets,Op Kruispunt,Gewestweg,buiten bebouwde kom,Tss. 2 best.: langs opzij (voor-/achterkant-flank),Geen hindernis
45159,112,Geel teller 2,Westerlo,51.1354992,4.9394789,1.0693121742847482,51.144630608665366,4.934672098804406,2024,2,14,13008,Geel,Normaal,"Nat, plassen",Dag,met lichtgewonden,6,Bromfiets,3,Fiets,Op Kruispunt,Gewestweg,buiten bebouwde kom,Tss. 2 best.: langs opzij (voor-/achterkant-flank),Geen hindernis
45159,127,Geel totem,Westerlo,51.1342966,4.9400421,1.2086218649666596,51.144630608665366,4.934672098804406,2024,2,14,13008,Geel,Normaal,"Nat, plassen",Dag,met lichtgewonden,6,Bromfiets,3,Fiets,Op Kruispunt,Gewestweg,buiten bebouwde kom,Tss. 2 best.: langs opzij (voor-/achterkant-flank),Geen hindernis
45165,110,Herentals totem,Herentals,51.1739426,4.811783,2.1775330221642504,51.1608914713388,4.7884990962137834,2024,2,6,13011,Herentals,Normaal,Droog,"Nacht, openbare verlichting aanwezig en ontstoken",met lichtgewonden,4,Vrachtwagen,3,Fiets,Op Kruispunt,Gemeenteweg,buiten bebouwde kom,Tss. 2 best.: langs opzij (voor-/achterkant-flank),Geen hindernis
45165,94,Herentals teller 2,Herentals,51.17345,4.81283,2.1972846513662248,51.1608914713388,4.7884990962137834,2024,2,6,13011,Herentals,Normaal,Droog,"Nacht, openbare verlichting aanwezig en ontstoken",met lichtgewonden,4,Vrachtwagen,3,Fiets,Op Kruispunt,Gemeenteweg,buiten bebouwde kom,Tss. 2 best.: langs opzij (voor-/achterkant-flank),Geen hindernis
45168,110,Herentals totem,Herentals,51.1739426,4.811783,1.5239168288158573,51.165996261358664,4.793974677232581,2024,2,16,13011,Herentals,Normaal,Droog,Dag,met lichtgewonden,9,personenauto,3,Fiets,Op Kruispunt,Gemeenteweg,buiten bebouwde kom,Tss. 2 best.: langs opzij (voor-/achterkant-flank),Geen hindernis
45168,94,Herentals teller 2,Herentals,51.17345,4.81283,1.5540724414828244,51.165996261358664,4.793974677232581,2024,2,16,13011,Herentals,Normaal,Droog,Dag,met lichtgewonden,9,personenauto,3,Fiets,Op Kruispunt,Gemeenteweg,buiten bebouwde kom,Tss. 2 best.: langs opzij (voor-/achterkant-flank),Geen hindernis
45169,94,Herentals teller 2,Herentals,51.17345,4.81283,1.297635170444358,51.16354464017214,4.822670240922964,2024,2,13,13011,Herentals,Normaal,Droog,Dag,met lichtgewonden,3,Fiets,3,Fiets,Op Kruispunt,Gemeenteweg,buiten bebouwde kom,Tussen 2 bestuurders: Frontale botsing,Geen hindernis
45169,110,Herentals totem,Herentals,51.1739426,4.811783,1.3831157461623034,51.16354464017214,4.822670240922964,2024,2,13,13011,Herentals,Normaal,Droog,Dag,met lichtgewonden,3,Fiets,3,Fiets,Op Kruispunt,Gemeenteweg,buiten bebouwde kom,Tussen 2 bestuurders: Frontale botsing,Geen hindernis
45170,37,Lommel teller 1,Lommel,51.23299,5.29211,0.653174698350418,51.23211403766717,5.301386307624097,2024,1,5,72020,Lommel,Regenval,"Nat, plassen",Dageraad - schemering,met lichtgewonden,3,Fiets,11,een weggebruiker tegen een hindernis,Buiten Kruispunt,Gewestweg,binnen bebouwde kom,Weggebruiker tegen hindernis op de rijbaan,"Op de rijbaan: Werken (signal., aarde, toestel,…)"
45170,38,Lommel teller 2,Lommel,51.23277,5.29189,0.6652017582274969,51.23211403766717,5.301386307624097,2024,1,5,72020,Lommel,Regenval,"Nat, plassen",Dageraad - schemering,met lichtgewonden,3,Fiets,11,een weggebruiker tegen een hindernis,Buiten Kruispunt,Gewestweg,binnen bebouwde kom,Weggebruiker tegen hindernis op de rijbaan,"Op de rijbaan: Werken (signal., aarde, toestel,…)"
45171,37,Lommel teller 1,Lommel,51.23299,5.29211,0.3964000255507486,51.23266543601268,5.297779671453359,2024,2,12,72020,Lommel,Regenval,"Nat, plassen",Dag,met lichtgewonden,3,Fiets,9,personenauto,Buiten Kruispunt,Gewestweg,buiten bebouwde kom,Tss. 2 best.: langs opzij (voor-/achterkant-flank),Geen hindernis
45171,38,Lommel teller 2,Lommel,51.23277,5.29189,0.41023711331935514,51.23266543601268,5.297779671453359,2024,2,12,72020,Lommel,Regenval,"Nat, plassen",Dag,met lichtgewonden,3,Fiets,9,personenauto,Buiten Kruispunt,Gewestweg,buiten bebouwde kom,Tss. 2 best.: langs opzij (voor-/achterkant-flank),Geen hindernis
45172,46,Pelt teller 2,Pelt,51.231,5.44375,1.0338547870412647,51.22644137191378,5.430809610837193,2024,2,10,72043,Pelt,Normaal,Droog,Dag,met lichtgewonden,9,personenauto,3,Fiets,Buiten Kruispunt,Gemeenteweg,binnen bebouwde kom,Tss. 2 best.: langs opzij (voor-/achterkant-flank),Geen hindernis
45172,45,Pelt teller 1,Pelt,51.23127,5.44377,1.050095547810105,51.22644137191378,5.430809610837193,2024,2,10,72043,Pelt,Normaal,Droog,Dag,met lichtgewonden,9,personenauto,3,Fiets,Buiten Kruispunt,Gemeenteweg,binnen bebouwde kom,Tss. 2 best.: langs opzij (voor-/achterkant-flank),Geen hindernis
45175,46,Pelt teller 2,Pelt,51.231,5.44375,0.7744299641961861,51.224035814493156,5.443626347802152,2024,2,16,72043,Pelt,Normaal,Droog,Dag,met lichtgewonden,3,Fiets,9,personenauto,Buiten Kruispunt,Gemeenteweg,binnen bebouwde kom,Tss. 2 best.: langs opzij (voor-/achterkant-flank),Geen hindernis
45175,45,Pelt teller 1,Pelt,51.23127,5.44377,0.8044669191944448,51.224035814493156,5.443626347802152,2024,2,16,72043,Pelt,Normaal,Droog,Dag,met lichtgewonden,3,Fiets,9,personenauto,Buiten Kruispunt,Gemeenteweg,binnen bebouwde kom,Tss. 2 best.: langs opzij (voor-/achterkant-flank),Geen hindernis
45184,39,Peer teller 1,Peer,51.13425,5.47817,1.8627264792423224,51.13577889082382,5.4515846231420735,2024,2,16,72030,Peer,Normaal,Droog,Dag,met lichtgewonden,9,personenauto,3,Fiets,Op Kruispunt,Gemeenteweg,binnen bebouwde kom,Tss. 2 best.: langs opzij (voor-/achterkant-flank),Geen hindernis
45184,40,Peer teller 2,Peer,51.13438,5.47892,1.9136121996475888,51.13577889082382,5.4515846231420735,2024,2,16,72030,Peer,Normaal,Droog,Dag,met lichtgewonden,9,personenauto,3,Fiets,Op Kruispunt,Gemeenteweg,binnen bebouwde kom,Tss. 2 best.: langs opzij (voor-/achterkant-flank),Geen hindernis
45189,21,Bilzen,Bilzen,50.86015,5.50161,0.5673732611477409,50.85588981627706,5.497161196270998,2024,2,18,73032,Hoeselt,Regenval,"Nat, plassen","Nacht, openbare verlichting aanwezig en ontstoken",met lichtgewonden,6,Bromfiets,3,Fiets,Buiten Kruispunt,Gewestweg,binnen bebouwde kom,Tussen 2 bestuurders: Frontale botsing,Geen hindernis
45191,44,Maaseik teller 2,Maaseik,51.09359,5.79726,0.971795771011841,51.09923445555742,5.786635445532731,2024,2,17,72021,Maaseik,Normaal,Onbekend,Dag,met lichtgewonden,9,personenauto,3,Fiets,Buiten Kruispunt,Gemeenteweg,binnen bebouwde kom,Tussen 2 bestuurders: Flank tegen flank,Geen hindernis
45191,43,Maaseik teller 1,Maaseik,51.09344,5.79715,0.9768647009781732,51.09923445555742,5.786635445532731,2024,2,17,72021,Maaseik,Normaal,Onbekend,Dag,met lichtgewonden,9,personenauto,3,Fiets,Buiten Kruispunt,Gemeenteweg,binnen bebouwde kom,Tussen 2 bestuurders: Flank tegen flank,Geen hindernis
45192,43,Maaseik teller 1,Maaseik,51.09344,5.79715,2.063627733733761,51.0897964515389,5.768176678754421,2024,2,14,72021,Maaseik,Normaal,Droog,Dag,met lichtgewonden,9,personenauto,3,Fiets,Op Kruispunt,Gewestweg,buiten bebouwde kom,Tussen 2 bestuurders: Frontale botsing,Geen hindernis
45192,44,Maaseik teller 2,Maaseik,51.09359,5.79726,2.074484983543191,51.0897964515389,5.768176678754421,2024,2,14,72021,Maaseik,Normaal,Droog,Dag,met lichtgewonden,9,personenauto,3,Fiets,Op Kruispunt,Gewestweg,buiten bebouwde kom,Tussen 2 bestuurders: Frontale botsing,Geen hindernis
45193,43,Maaseik teller 1,Maaseik,51.09344,5.79715,0.8621102090694637,51.09630787031456,5.785680482129057,2024,2,11,72021,Maaseik,Normaal,Droog,Dag,met lichtgewonden,9,personenauto,3,Fiets,Op Kruispunt,Gewestweg,binnen bebouwde kom,Tss. 2 best.: langs opzij (voor-/achterkant-flank),Geen hindernis
45193,44,Maaseik teller 2,Maaseik,51.09359,5.79726,0.8632710525716389,51.09630787031456,5.785680482129057,2024,2,11,72021,Maaseik,Normaal,Droog,Dag,met lichtgewonden,9,personenauto,3,Fiets,Op Kruispunt,Gewestweg,binnen bebouwde kom,Tss. 2 best.: langs opzij (voor-/achterkant-flank),Geen hindernis
45195,69,Leuven teller 1,Leuven,50.87549,4.71526,1.0921072634401934,50.87392601993915,4.69989399067912,2024,2,15,24062,Leuven,Onbekend,Onbekend,Dag,met lichtgewonden,9,personenauto,3,Fiets,Buiten Kruispunt,Gemeenteweg,binnen bebouwde kom,Tussen 2 bestuurders: Langs achteren,Geen hindernis
45195,151,Leuven,District Leuven,50.8690262,4.6854839,1.1486113954348538,50.87392601993915,4.69989399067912,2024,2,15,24062,Leuven,Onbekend,Onbekend,Dag,met lichtgewonden,9,personenauto,3,Fiets,Buiten Kruispunt,Gemeenteweg,binnen bebouwde kom,Tussen 2 bestuurders: Langs achteren,Geen hindernis
45195,77,Leuven teller 2,Leuven,50.88672,4.70796,1.5310444875244456,50.87392601993915,4.69989399067912,2024,2,15,24062,Leuven,Onbekend,Onbekend,Dag,met lichtgewonden,9,personenauto,3,Fiets,Buiten Kruispunt,Gemeenteweg,binnen bebouwde kom,Tussen 2 bestuurders: Langs achteren,Geen hindernis
45195,107,leuven totem,Leuven,50.8870744,4.7087919,1.5897274217828328,50.87392601993915,4.69989399067912,2024,2,15,24062,Leuven,Onbekend,Onbekend,Dag,met lichtgewonden,9,personenauto,3,Fiets,Buiten Kruispunt,Gemeenteweg,binnen bebouwde kom,Tussen 2 bestuurders: Langs achteren,Geen hindernis
45197,77,Leuven teller 2,Leuven,50.88672,4.70796,0.11948757183835501,50.887372806902164,4.706606975324709,2024,2,9,24062,Leuven,Normaal,Droog,Dag,met lichtgewonden,6,Bromfiets,3,Fiets,Op Kruispunt,Gewestweg,binnen bebouwde kom,Tussen 2 bestuurders: Frontale botsing,Geen hindernis
45197,107,leuven totem,Leuven,50.8870744,4.7087919,0.15681698950178513,50.887372806902164,4.706606975324709,2024,2,9,24062,Leuven,Normaal,Droog,Dag,met lichtgewonden,6,Bromfiets,3,Fiets,Op Kruispunt,Gewestweg,binnen bebouwde kom,Tussen 2 bestuurders: Frontale botsing,Geen hindernis
45197,69,Leuven teller 1,Leuven,50.87549,4.71526,1.4540898423848387,50.887372806902164,4.706606975324709,2024,2,9,24062,Leuven,Normaal,Droog,Dag,met lichtgewonden,6,Bromfiets,3,Fiets,Op Kruispunt,Gewestweg,binnen bebouwde kom,Tussen 2 bestuurders: Frontale botsing,Geen hindernis
45198,69,Leuven teller 1,Leuven,50.87549,4.71526,0.5851337089014284,50.870889167395404,4.711212541757398,2024,2,13,24062,Leuven,Normaal,Droog,Dag,met lichtgewonden,3,Fiets,5,Lichte vrachtauto,Op Kruispunt,Gewestweg,binnen bebouwde kom,Tss. 2 best.: langs opzij (voor-/achterkant-flank),Geen hindernis
45198,77,Leuven teller 2,Leuven,50.88672,4.70796,1.7750378827564022,50.870889167395404,4.711212541757398,2024,2,13,24062,Leuven,Normaal,Droog,Dag,met lichtgewonden,3,Fiets,5,Lichte vrachtauto,Op Kruispunt,Gewestweg,binnen bebouwde kom,Tss. 2 best.: langs opzij (voor-/achterkant-flank),Geen hindernis
45198,107,leuven totem,Leuven,50.8870744,4.7087919,1.8077111063982478,50.870889167395404,4.711212541757398,2024,2,13,24062,Leuven,Normaal,Droog,Dag,met lichtgewonden,3,Fiets,5,Lichte vrachtauto,Op Kruispunt,Gewestweg,binnen bebouwde kom,Tss. 2 best.: langs opzij (voor-/achterkant-flank),Geen hindernis
45198,151,Leuven,District Leuven,50.8690262,4.6854839,1.8173059126324145,50.870889167395404,4.711212541757398,2024,2,13,24062,Leuven,Normaal,Droog,Dag,met lichtgewonden,3,Fiets,5,Lichte vrachtauto,Op Kruispunt,Gewestweg,binnen bebouwde kom,Tss. 2 best.: langs opzij (voor-/achterkant-flank),Geen hindernis
45200,107,leuven totem,Leuven,50.8870744,4.7087919,0.25861303158949883,50.885105332420366,4.710753840438766,2024,2,15,24062,Leuven,Normaal,Droog,Dag,met lichtgewonden,3,Fiets,8,Voetganger,Buiten Kruispunt,Gewestweg,binnen bebouwde kom,Met een voetganger,Geen hindernis
45200,77,Leuven teller 2,Leuven,50.88672,4.70796,0.2657931101759047,50.885105332420366,4.710753840438766,2024,2,15,24062,Leuven,Normaal,Droog,Dag,met lichtgewonden,3,Fiets,8,Voetganger,Buiten Kruispunt,Gewestweg,binnen bebouwde kom,Met een voetganger,Geen hindernis
45200,69,Leuven teller 1,Leuven,50.87549,4.71526,1.1149363710526645,50.885105332420366,4.710753840438766,2024,2,15,24062,Leuven,Normaal,Droog,Dag,met lichtgewonden,3,Fiets,8,Voetganger,Buiten Kruispunt,Gewestweg,binnen bebouwde kom,Met een voetganger,Geen hindernis
45202,151,Leuven,District Leuven,50.8690262,4.6854839,0.5233006859756767,50.873343755651234,4.688451254843001,2024,2,12,24062,Leuven,Normaal,Droog,Dag,met lichtgewonden,9,personenauto,3,Fiets,Op Kruispunt,Gewestweg,binnen bebouwde kom,Tussen 2 bestuurders: Flank tegen flank,Geen hindernis
45202,69,Leuven teller 1,Leuven,50.87549,4.71526,1.8961534884322262,50.873343755651234,4.688451254843001,2024,2,12,24062,Leuven,Normaal,Droog,Dag,met lichtgewonden,9,personenauto,3,Fiets,Op Kruispunt,Gewestweg,binnen bebouwde kom,Tussen 2 bestuurders: Flank tegen flank,Geen hindernis
45202,77,Leuven teller 2,Leuven,50.88672,4.70796,2.0212859204165783,50.873343755651234,4.688451254843001,2024,2,12,24062,Leuven,Normaal,Droog,Dag,met lichtgewonden,9,personenauto,3,Fiets,Op Kruispunt,Gewestweg,binnen bebouwde kom,Tussen 2 bestuurders: Flank tegen flank,Geen hindernis
45202,107,leuven totem,Leuven,50.8870744,4.7087919,2.0898645787641708,50.873343755651234,4.688451254843001,2024,2,12,24062,Leuven,Normaal,Droog,Dag,met lichtgewonden,9,personenauto,3,Fiets,Op Kruispunt,Gewestweg,binnen bebouwde kom,Tussen 2 bestuurders: Flank tegen flank,Geen hindernis
45204,77,Leuven teller 2,Leuven,50.88672,4.70796,0.5229875188476365,50.888157515678586,4.7008611577517305,2024,2,12,24062,Leuven,Normaal,Proper,Dag,met lichtgewonden,9,personenauto,3,Fiets,Buiten Kruispunt,Gemeenteweg,binnen bebouwde kom,Tss. 2 best.: langs opzij (voor-/achterkant-flank),Geen hindernis
45204,107,leuven totem,Leuven,50.8870744,4.7087919,0.5692020743164832,50.888157515678586,4.7008611577517305,2024,2,12,24062,Leuven,Normaal,Proper,Dag,met lichtgewonden,9,personenauto,3,Fiets,Buiten Kruispunt,Gemeenteweg,binnen bebouwde kom,Tss. 2 best.: langs opzij (voor-/achterkant-flank),Geen hindernis
45204,69,Leuven teller 1,Leuven,50.87549,4.71526,1.733339260344876,50.888157515678586,4.7008611577517305,2024,2,12,24062,Leuven,Normaal,Proper,Dag,met lichtgewonden,9,personenauto,3,Fiets,Buiten Kruispunt,Gemeenteweg,binnen bebouwde kom,Tss. 2 best.: langs opzij (voor-/achterkant-flank),Geen hindernis
45204,151,Leuven,District Leuven,50.8690262,4.6854839,2.385244389580677,50.888157515678586,4.7008611577517305,2024,2,12,24062,Leuven,Normaal,Proper,Dag,met lichtgewonden,9,personenauto,3,Fiets,Buiten Kruispunt,Gemeenteweg,binnen bebouwde kom,Tss. 2 best.: langs opzij (voor-/achterkant-flank),Geen hindernis
45205,151,Leuven,District Leuven,50.8690262,4.6854839,0.5604445001367441,50.87199928752918,4.691933104677037,2024,2,13,24062,Leuven,Normaal,Droog,Dag,met lichtgewonden,8,Voetganger,3,Fiets,Buiten Kruispunt,Gewestweg,binnen bebouwde kom,Met een voetganger,Geen hindernis
45205,69,Leuven teller 1,Leuven,50.87549,4.71526,1.6821831619352674,50.87199928752918,4.691933104677037,2024,2,13,24062,Leuven,Normaal,Droog,Dag,met lichtgewonden,8,Voetganger,3,Fiets,Buiten Kruispunt,Gewestweg,binnen bebouwde kom,Met een voetganger,Geen hindernis
45205,77,Leuven teller 2,Leuven,50.88672,4.70796,1.985871266859672,50.87199928752918,4.691933104677037,2024,2,13,24062,Leuven,Normaal,Droog,Dag,met lichtgewonden,8,Voetganger,3,Fiets,Buiten Kruispunt,Gewestweg,binnen bebouwde kom,Met een voetganger,Geen hindernis
45205,107,leuven totem,Leuven,50.8870744,4.7087919,2.0515600867249772,50.87199928752918,4.691933104677037,2024,2,13,24062,Leuven,Normaal,Droog,Dag,met lichtgewonden,8,Voetganger,3,Fiets,Buiten Kruispunt,Gewestweg,binnen bebouwde kom,Met een voetganger,Geen hindernis
45207,72,Herent teller 1,Herent,50.89135,4.64689,1.423273625443086,50.904027394148095,4.6440899741339114,2024,2,15,24038,Herent,Onbekend,Onbekend,Dag,met lichtgewonden,5,Lichte vrachtauto,3,Fiets,Op Kruispunt,Gemeenteweg,binnen bebouwde kom,Tss. 2 best.: langs opzij (voor-/achterkant-flank),Geen hindernis
45207,73,Herent teller 2,Herent,50.89128,4.64685,1.4306009938134174,50.904027394148095,4.6440899741339114,2024,2,15,24038,Herent,Onbekend,Onbekend,Dag,met lichtgewonden,5,Lichte vrachtauto,3,Fiets,Op Kruispunt,Gemeenteweg,binnen bebouwde kom,Tss. 2 best.: langs opzij (voor-/achterkant-flank),Geen hindernis
45208,73,Herent teller 2,Herent,50.89128,4.64685,1.3759259902258811,50.88711521275441,4.665321223761387,2024,2,11,24038,Herent,Normaal,Droog,Dag,met lichtgewonden,3,Fiets,3,Fiets,Buiten Kruispunt,Gewestweg,buiten bebouwde kom,Tussen 2 bestuurders: Langs achteren,Geen hindernis
45208,72,Herent teller 1,Herent,50.89135,4.64689,1.3759276696513096,50.88711521275441,4.665321223761387,2024,2,11,24038,Herent,Normaal,Droog,Dag,met lichtgewonden,3,Fiets,3,Fiets,Buiten Kruispunt,Gewestweg,buiten bebouwde kom,Tussen 2 bestuurders: Langs achteren,Geen hindernis
45208,151,Leuven,District Leuven,50.8690262,4.6854839,2.45905311701229,50.88711521275441,4.665321223761387,2024,2,11,24038,Herent,Normaal,Droog,Dag,met lichtgewonden,3,Fiets,3,Fiets,Buiten Kruispunt,Gewestweg,buiten bebouwde kom,Tussen 2 bestuurders: Langs achteren,Geen hindernis
45209,87,Aarschot,Aarschot,50.99084,4.81259,1.0799013363323051,50.984838244835565,4.824719424305327,2024,2,16,24001,Aarschot,Normaal,Droog,Dag,met lichtgewonden,3,Fiets,9,personenauto,Op Kruispunt,Gemeenteweg,binnen bebouwde kom,Tss. 2 best.: langs opzij (voor-/achterkant-flank),Geen hindernis
45210,70,Kampenhout teller 1,Kampenhout,50.95682,4.59318,1.911686683663356,50.972580505044384,4.582273872303695,2024,2,17,24014,Boortmeerbeek,Normaal,Droog,Dag,met lichtgewonden,9,personenauto,3,Fiets,Buiten Kruispunt,Gemeenteweg,buiten bebouwde kom,Tussen 2 bestuurders: Flank tegen flank,Geen hindernis
45210,71,Kampenhout teller 2,Kampenhout,50.95589,4.59164,1.968399091629029,50.972580505044384,4.582273872303695,2024,2,17,24014,Boortmeerbeek,Normaal,Droog,Dag,met lichtgewonden,9,personenauto,3,Fiets,Buiten Kruispunt,Gemeenteweg,buiten bebouwde kom,Tussen 2 bestuurders: Flank tegen flank,Geen hindernis
45214,101,Diest teller 1,Diest,50.97799,5.04481,0.36188165890626744,50.98058909175015,5.047920958297797,2024,2,19,24020,Diest,Regenval,"Nat, plassen","Nacht, openbare verlichting aanwezig en ontstoken",met lichtgewonden,9,personenauto,3,Fiets,Op Kruispunt,Gewestweg,binnen bebouwde kom,Tss. 2 best.: langs opzij (voor-/achterkant-flank),Geen hindernis
45214,102,Diest teller 2,Diest,50.9779,5.04474,0.3728293283124854,50.98058909175015,5.047920958297797,2024,2,19,24020,Diest,Regenval,"Nat, plassen","Nacht, openbare verlichting aanwezig en ontstoken",met lichtgewonden,9,personenauto,3,Fiets,Op Kruispunt,Gewestweg,binnen bebouwde kom,Tss. 2 best.: langs opzij (voor-/achterkant-flank),Geen hindernis
45218,111,Zaventem totem,Zaventem,50.8871216,4.4597084,1.0238992944244927,50.88009535643512,4.469141986014186,2024,2,20,23094,Zaventem,Normaal,Proper,"Nacht, openbare verlichting aanwezig en ontstoken",met lichtgewonden,3,Fiets,9,personenauto,Op Kruispunt,Gewestweg,binnen bebouwde kom,Tss. 2 best.: langs opzij (voor-/achterkant-flank),Geen hindernis
45218,26,Zaventem,Zaventem,50.86995,4.45444,1.528653036323897,50.88009535643512,4.469141986014186,2024,2,20,23094,Zaventem,Normaal,Proper,"Nacht, openbare verlichting aanwezig en ontstoken",met lichtgewonden,3,Fiets,9,personenauto,Op Kruispunt,Gewestweg,binnen bebouwde kom,Tss. 2 best.: langs opzij (voor-/achterkant-flank),Geen hindernis
45220,147,Overijse,District Vilvoorde-gewestwegen,50.7797555,4.4975769,1.1081228812806807,50.76989634981617,4.499874009226863,2024,2,13,23062,Overijse,Normaal,Droog,Dag,met lichtgewonden,6,Bromfiets,3,Fiets,Buiten Kruispunt,Gemeenteweg,binnen bebouwde kom,Tss. 2 best.: langs opzij (voor-/achterkant-flank),Geen hindernis