crash_row_id,site_id,site_name,site_gemeente,site_lat,site_long,distance_km,crash_lat,crash_long,DT_YEAR_COLLISION,DT_MONTH_COLLISION,DT_TIME,CD_NIS,TX_MUNTY_COLLISION_NL,TX_WEATHER_NL,TX_ROAD_CONDITION_NL,TX_LIGHT_CONDITION_NL,TX_CLASS_ACCIDENTS_NL,CD_ROAD_USR_TYPE1,TX_ROAD_USR_TYPE1_NL,CD_ROAD_USR_TYPE2,TX_ROAD_USR_TYPE2_NL,TX_CROSSWAY_NL,CD_ROAD_TYPE_NL,TX_BUILD_UP_AREA_NL,TX_COLLISION_TYPE_NL,TX_OBSTACLES_NL
45220,146,Overijse 2,District Vilvoorde-gewestwegen,50.7881478,4.4902818,2.1385968382918934,50.76989634981617,4.499874009226863,2024,2,13,23062,Overijse,Normaal,Droog,Dag,met lichtgewonden,6,Bromfiets,3,Fiets,Buiten Kruispunt,Gemeenteweg,binnen bebouwde kom,Tss. 2 best.: langs opzij (voor-/achterkant-flank),Geen hindernis
45220,145,Overijse,District Vilvoorde-gewestwegen,50.7885856,4.4908759,2.1723162196297356,50.76989634981617,4.499874009226863,2024,2,13,23062,Overijse,Normaal,Droog,Dag,met lichtgewonden,6,Bromfiets,3,Fiets,Buiten Kruispunt,Gemeenteweg,binnen bebouwde kom,Tss. 2 best.: langs opzij (voor-/achterkant-flank),Geen hindernis
45221,147,Overijse,District Vilvoorde-gewestwegen,50.7797555,4.4975769,1.8876978379635445,50.777528707067084,4.524192928620908,2024,2,8,23062,Overijse,Normaal,Droog,Dag,met lichtgewonden,9,personenauto,3,Fiets,Buiten Kruispunt,Gewestweg,binnen bebouwde kom,Tss. 2 best.: langs opzij (voor-/achterkant-flank),Geen hindernis
45223,86,Asse teller 2,Asse,50.89132,4.1709,2.349501023767186,50.873925258213426,4.1518877029523535,2024,2,17,23086,Ternat,Normaal,Droog,Dag,met lichtgewonden,3,Fiets,8,Voetganger,Buiten Kruispunt,Gemeenteweg,binnen bebouwde kom,Met een voetganger,Geen hindernis
45228,152,Opwijk,District Vilvoorde-gewestwegen,50.968901168564656,4.149169474840164,2.1230741299237956,50.97558067977919,4.177574857383925,2024,2,19,23060,Opwijk,"Andere (dikke rook,...)",Droog,"Nacht, openbare verlichting aanwezig en ontstoken",met lichtgewonden,3,Fiets,9,personenauto,Buiten Kruispunt,Gemeenteweg,binnen bebouwde kom,Tussen 2 bestuurders: Flank tegen flank,Geen hindernis
45231,27,Grimbergen,Meise,50.92127,4.34013,1.8993949273179278,50.905484430132425,4.350481882874928,2024,2,8,23025,Grimbergen,Normaal,Droog,Dag,met lichtgewonden,3,Fiets,9,personenauto,Op Kruispunt,Gemeenteweg,binnen bebouwde kom,Tussen 2 bestuurders: Flank tegen flank,Geen hindernis
45232,47,Vilvoorde,Vilvoorde,50.91372,4.41497,1.2344036633698448,50.924652916401776,4.418025048177432,2024,2,6,23088,Vilvoorde,Onbekend,Onbekend,"Nacht, openbare verlichting aanwezig en ontstoken",met lichtgewonden,3,Fiets,11,een weggebruiker tegen een hindernis,Buiten Kruispunt,Gewestweg,binnen bebouwde kom,Weggebruiker tegen hindernis op de rijbaan,"Op de rijbaan: Put, straatgoot, tramspoor"
45233,149,Machelen,,50.88297881,4.43356644,1.3600056930334217,50.89515153174252,4.431678801939442,2024,1,14,23047,Machelen,Normaal,Droog,Dag,met lichtgewonden,9,personenauto,3,Fiets,Op Kruispunt,Gewestweg,binnen bebouwde kom,Tss. 2 best.: langs opzij (voor-/achterkant-flank),Geen hindernis
45233,111,Zaventem totem,Zaventem,50.8871216,4.4597084,2.1592896323938757,50.89515153174252,4.431678801939442,2024,1,14,23047,Machelen,Normaal,Droog,Dag,met lichtgewonden,9,personenauto,3,Fiets,Op Kruispunt,Gewestweg,binnen bebouwde kom,Tss. 2 best.: langs opzij (voor-/achterkant-flank),Geen hindernis
45233,47,Vilvoorde,Vilvoorde,50.91372,4.41497,2.3739865867243735,50.89515153174252,4.431678801939442,2024,1,14,23047,Machelen,Normaal,Droog,Dag,met lichtgewonden,9,personenauto,3,Fiets,Op Kruispunt,Gewestweg,binnen bebouwde kom,Tss. 2 best.: langs opzij (voor-/achterkant-flank),Geen hindernis
45239,13,Gent,Gent,51.03018,3.70146,2.4887248849359453,51.048760069487166,3.7213057959353026,2024,2,16,44021,Gent,Normaal,"Nat, plassen",Dag,met lichtgewonden,3,Fiets,10,"één bestuurder, geen hindernis",Buiten Kruispunt,Gemeenteweg,binnen bebouwde kom,"Eén bestuurder, geen hindernis (incl. val)",Geen hindernis
45240,13,Gent,Gent,51.03018,3.70146,1.077135742818704,51.036860957377286,3.712613974445122,2024,2,17,44021,Gent,Normaal,Droog,Dag,met zwaargewonden,3,Fiets,11,een weggebruiker tegen een hindernis,Buiten Kruispunt,Gemeenteweg,binnen bebouwde kom,Weggebruiker tegen hindernis op de rijbaan,"Op de rijbaan: Put, straatgoot, tramspoor"
45241,118,Gent teller 1,Gent,51.028049,3.7681359,0.9144573302332508,51.02098623356768,3.7614377053929,2024,2,17,44021,Gent,Normaal,"Nat, plassen",Dageraad - schemering,met lichtgewonden,5,Lichte vrachtauto,3,Fiets,Buiten Kruispunt,Gemeenteweg,binnen bebouwde kom,Tss. 2 best.: langs opzij (voor-/achterkant-flank),Geen hindernis
45241,119,Gent teller 2,Gent,51.0281795,3.7683918,0.9361216750978131,51.02098623356768,3.7614377053929,2024,2,17,44021,Gent,Normaal,"Nat, plassen",Dageraad - schemering,met lichtgewonden,5,Lichte vrachtauto,3,Fiets,Buiten Kruispunt,Gemeenteweg,binnen bebouwde kom,Tss. 2 best.: langs opzij (voor-/achterkant-flank),Geen hindernis
45242,118,Gent teller 1,Gent,51.028049,3.7681359,2.0977559757650703,51.03979836831344,3.744664615722455,2024,2,10,44021,Gent,Normaal,Droog,Dag,met lichtgewonden,3,Fiets,8,Voetganger,Buiten Kruispunt,Gewestweg,binnen bebouwde kom,Met een voetganger,Geen hindernis
45242,119,Gent teller 2,Gent,51.0281795,3.7683918,2.102837226380919,51.03979836831344,3.744664615722455,2024,2,10,44021,Gent,Normaal,Droog,Dag,met lichtgewonden,3,Fiets,8,Voetganger,Buiten Kruispunt,Gewestweg,binnen bebouwde kom,Met een voetganger,Geen hindernis
45243,118,Gent teller 1,Gent,51.028049,3.7681359,1.4572032908581736,51.027302177993086,3.7473333682979217,2024,2,17,44021,Gent,Normaal,Droog,"Nacht, openbare verlichting aanwezig en ontstoken",met lichtgewonden,3,Fiets,11,een weggebruiker tegen een hindernis,Buiten Kruispunt,Gewestweg,binnen bebouwde kom,Weggebruiker tegen hindernis buiten rijbaan,Buiten de rijbaan: Omheining
45243,119,Gent teller 2,Gent,51.0281795,3.7683918,1.4759570188891749,51.027302177993086,3.7473333682979217,2024,2,17,44021,Gent,Normaal,Droog,"Nacht, openbare verlichting aanwezig en ontstoken",met lichtgewonden,3,Fiets,11,een weggebruiker tegen een hindernis,Buiten Kruispunt,Gewestweg,binnen bebouwde kom,Weggebruiker tegen hindernis buiten rijbaan,Buiten de rijbaan: Omheining
45245,119,Gent teller 2,Gent,51.0281795,3.7683918,2.3179572394734738,51.047191176012234,3.754794220252968,2024,2,18,44021,Gent,Normaal,"Nat, plassen","Nacht, geen openbare verlichting aanwezig",met lichtgewonden,3,Fiets,3,Fiets,Buiten Kruispunt,Gemeenteweg,binnen bebouwde kom,Tussen 2 bestuurders: Flank tegen flank,Geen hindernis
45245,118,Gent teller 1,Gent,51.028049,3.7681359,2.3239596545308907,51.047191176012234,3.754794220252968,2024,2,18,44021,Gent,Normaal,"Nat, plassen","Nacht, geen openbare verlichting aanwezig",met lichtgewonden,3,Fiets,3,Fiets,Buiten Kruispunt,Gemeenteweg,binnen bebouwde kom,Tussen 2 bestuurders: Flank tegen flank,Geen hindernis
45247,13,Gent,Gent,51.03018,3.70146,0.9866565432462634,51.03879280751114,3.704853312454634,2024,2,14,44021,Gent,Regenval,"Nat, plassen",Dag,met lichtgewonden,3,Fiets,10,"één bestuurder, geen hindernis",Buiten Kruispunt,Gemeenteweg,binnen bebouwde kom,"Eén bestuurder, geen hindernis (incl. val)",Geen hindernis
45249,136,Gent R4,Gent,51.0876313,3.7587918,1.6824981136078905,51.07452360357631,3.746759490234655,2024,2,15,44021,Gent,Regenval,"Nat, plassen",Dag,met lichtgewonden,9,personenauto,3,Fiets,Buiten Kruispunt,Gemeenteweg,binnen bebouwde kom,Tss. 2 best.: langs opzij (voor-/achterkant-flank),Geen hindernis
45253,7,Evergem 1,Evergem,51.1089,3.70317,2.2873378336582957,51.08875040765888,3.709762723129949,2024,2,13,44021,Gent,Onbekend,Onbekend,Dag,met lichtgewonden,3,Fiets,8,Voetganger,Buiten Kruispunt,Gemeenteweg,binnen bebouwde kom,Met een voetganger,Geen hindernis
45253,6,Evergem 2,Evergem,51.10894,3.70298,2.2943967114336736,51.08875040765888,3.709762723129949,2024,2,13,44021,Gent,Onbekend,Onbekend,Dag,met lichtgewonden,3,Fiets,8,Voetganger,Buiten Kruispunt,Gemeenteweg,binnen bebouwde kom,Met een voetganger,Geen hindernis
45254,13,Gent,Gent,51.03018,3.70146,1.9172161179807596,51.03384313840957,3.728250733204986,2024,2,16,44021,Gent,Normaal,Droog,Dag,met lichtgewonden,9,personenauto,3,Fiets,Buiten Kruispunt,Gemeenteweg,binnen bebouwde kom,Tss. 2 best.: langs opzij (voor-/achterkant-flank),Geen hindernis
45258,13,Gent,Gent,51.03018,3.70146,1.5289945085857362,51.01696618423473,3.7075083266893603,2024,2,8,44021,Gent,Regenval,"Nat, plassen",Dag,met lichtgewonden,9,personenauto,3,Fiets,Op Kruispunt,Gemeenteweg,binnen bebouwde kom,Tussen 2 bestuurders: Frontale botsing,Geen hindernis
45259,13,Gent,Gent,51.03018,3.70146,2.13792154842662,51.048230381167826,3.71199164294669,2024,2,17,44021,Gent,Normaal,Droog,Dag,met lichtgewonden,3,Fiets,9,personenauto,Buiten Kruispunt,Gemeenteweg,binnen bebouwde kom,Tss. 2 best.: langs opzij (voor-/achterkant-flank),Geen hindernis
45263,7,Evergem 1,Evergem,51.1089,3.70317,1.0259945517355273,51.10190440751053,3.7127521993457324,2024,2,7,44021,Gent,Normaal,Droog,Dag,met lichtgewonden,3,Fiets,10,"één bestuurder, geen hindernis",Op Kruispunt,Gewestweg,buiten bebouwde kom,"Eén bestuurder, geen hindernis (incl. val)",Geen hindernis
45263,6,Evergem 2,Evergem,51.10894,3.70298,1.0380410871872088,51.10190440751053,3.7127521993457324,2024,2,7,44021,Gent,Normaal,Droog,Dag,met lichtgewonden,3,Fiets,10,"één bestuurder, geen hindernis",Op Kruispunt,Gewestweg,buiten bebouwde kom,"Eén bestuurder, geen hindernis (incl. val)",Geen hindernis
45264,13,Gent,Gent,51.03018,3.70146,1.2775739610866206,51.01982434361865,3.709372545552303,2024,2,15,44021,Gent,Normaal,"Nat, plassen",Dag,met lichtgewonden,9,personenauto,3,Fiets,Buiten Kruispunt,Gewestweg,binnen bebouwde kom,Tss. 2 best.: langs opzij (voor-/achterkant-flank),Geen hindernis
45265,118,Gent teller 1,Gent,51.028049,3.7681359,1.1597326248963264,51.03570109323754,3.756866904364135,2024,2,20,44021,Gent,Regenval,"Nat, plassen","Nacht, openbare verlichting aanwezig en ontstoken",met lichtgewonden,9,personenauto,3,Fiets,Op Kruispunt,Gewestweg,binnen bebouwde kom,Tss. 2 best.: langs opzij (voor-/achterkant-flank),Geen hindernis
45265,119,Gent teller 2,Gent,51.0281795,3.7683918,1.1614724280890076,51.03570109323754,3.756866904364135,2024,2,20,44021,Gent,Regenval,"Nat, plassen","Nacht, openbare verlichting aanwezig en ontstoken",met lichtgewonden,9,personenauto,3,Fiets,Op Kruispunt,Gewestweg,binnen bebouwde kom,Tss. 2 best.: langs opzij (voor-/achterkant-flank),Geen hindernis
45266,119,Gent teller 2,Gent,51.0281795,3.7683918,1.3356596499401203,51.03964366556457,3.762689715039099,2024,2,18,44021,Gent,"Andere (dikke rook,...)","Nat, plassen","Nacht, openbare verlichting aanwezig en ontstoken",met lichtgewonden,9,personenauto,3,Fiets,Op Kruispunt,Gemeenteweg,buiten bebouwde kom,Tussen 2 bestuurders: Flank tegen flank,Geen hindernis
45266,118,Gent teller 1,Gent,51.028049,3.7681359,1.3443377921826363,51.03964366556457,3.762689715039099,2024,2,18,44021,Gent,"Andere (dikke rook,...)","Nat, plassen","Nacht, openbare verlichting aanwezig en ontstoken",met lichtgewonden,9,personenauto,3,Fiets,Op Kruispunt,Gemeenteweg,buiten bebouwde kom,Tussen 2 bestuurders: Flank tegen flank,Geen hindernis
45267,118,Gent teller 1,Gent,51.028049,3.7681359,1.9207432752349658,51.03876568430331,3.746593356934131,2024,2,13,44021,Gent,Normaal,Droog,Dag,met lichtgewonden,3,Fiets,9,personenauto,Op Kruispunt,Gewestweg,binnen bebouwde kom,Tss. 2 best.: langs opzij (voor-/achterkant-flank),Geen hindernis
45267,119,Gent teller 2,Gent,51.0281795,3.7683918,1.9259042683487124,51.03876568430331,3.746593356934131,2024,2,13,44021,Gent,Normaal,Droog,Dag,met lichtgewonden,3,Fiets,9,personenauto,Op Kruispunt,Gewestweg,binnen bebouwde kom,Tss. 2 best.: langs opzij (voor-/achterkant-flank),Geen hindernis
45272,136,Gent R4,Gent,51.0876313,3.7587918,2.189063524048054,51.0739778889197,3.7362157924891584,2024,2,14,44021,Gent,Regenval,"Nat, plassen",Dag,met lichtgewonden,3,Fiets,3,Fiets,Buiten Kruispunt,Gewestweg,binnen bebouwde kom,Tussen 2 bestuurders: Langs achteren,Geen hindernis
45274,13,Gent,Gent,51.03018,3.70146,1.441287660188788,51.03914591862248,3.7163452661503795,2024,2,8,44021,Gent,Normaal,"Nat, plassen",Dag,met lichtgewonden,9,personenauto,3,Fiets,Op Kruispunt,Gewestweg,binnen bebouwde kom,Tussen 2 bestuurders: Flank tegen flank,Geen hindernis
45282,119,Gent teller 2,Gent,51.0281795,3.7683918,2.3358877349140217,51.030249996782,3.801630882914748,2024,2,8,44013,Destelbergen,Normaal,Droog,Dag,met lichtgewonden,3,Fiets,9,personenauto,Buiten Kruispunt,Gewestweg,binnen bebouwde kom,Tss. 2 best.: langs opzij (voor-/achterkant-flank),Geen hindernis
45282,118,Gent teller 1,Gent,51.028049,3.7681359,2.3551641105308114,51.030249996782,3.801630882914748,2024,2,8,44013,Destelbergen,Normaal,Droog,Dag,met lichtgewonden,3,Fiets,9,personenauto,Buiten Kruispunt,Gewestweg,binnen bebouwde kom,Tss. 2 best.: langs opzij (voor-/achterkant-flank),Geen hindernis
45284,116,Melle teller 2,Melle,50.9986113,3.8040599,0.3577299054425415,51.001821784332,3.80373117904443,2024,2,7,44040,Melle,Normaal,Droog,Dag,met lichtgewonden,3,Fiets,5,Lichte vrachtauto,Buiten Kruispunt,Gewestweg,binnen bebouwde kom,Tussen 2 bestuurders: Flank tegen flank,Geen hindernis
45284,117,Melle teller 1,Melle,50.9986113,3.8040599,0.3577299054425415,51.001821784332,3.80373117904443,2024,2,7,44040,Melle,Normaal,Droog,Dag,met lichtgewonden,3,Fiets,5,Lichte vrachtauto,Buiten Kruispunt,Gewestweg,binnen bebouwde kom,Tussen 2 bestuurders: Flank tegen flank,Geen hindernis
45287,118,Gent teller 1,Gent,51.028049,3.7681359,1.2002319540050164,51.01738993970539,3.76543152550538,2024,2,17,44040,Melle,Normaal,"Nat, plassen",Dag,met lichtgewonden,9,personenauto,3,Fiets,Op Kruispunt,Gemeenteweg,binnen bebouwde kom,Tss. 2 best.: langs opzij (voor-/achterkant-flank),Geen hindernis
45287,119,Gent teller 2,Gent,51.0281795,3.7683918,1.2174794769974584,51.01738993970539,3.76543152550538,2024,2,17,44040,Melle,Normaal,"Nat, plassen",Dag,met lichtgewonden,9,personenauto,3,Fiets,Op Kruispunt,Gemeenteweg,binnen bebouwde kom,Tss. 2 best.: langs opzij (voor-/achterkant-flank),Geen hindernis
45290,7,Evergem 1,Evergem,51.1089,3.70317,0.6916186369213257,51.11276543239232,3.7109316919890682,2024,2,17,44019,Evergem,Normaal,Droog,Dag,met lichtgewonden,9,personenauto,3,Fiets,Op Kruispunt,Gemeenteweg,binnen bebouwde kom,Tss. 2 best.: langs opzij (voor-/achterkant-flank),Geen hindernis
45290,6,Evergem 2,Evergem,51.10894,3.70298,0.6993441295572835,51.11276543239232,3.7109316919890682,2024,2,17,44019,Evergem,Normaal,Droog,Dag,met lichtgewonden,9,personenauto,3,Fiets,Op Kruispunt,Gemeenteweg,binnen bebouwde kom,Tss. 2 best.: langs opzij (voor-/achterkant-flank),Geen hindernis
45291,6,Evergem 2,Evergem,51.10894,3.70298,2.2632147964810687,51.121532309280134,3.6775072344776123,2024,2,14,44019,Evergem,Onbekend,Onbekend,Dag,met lichtgewonden,6,Bromfiets,3,Fiets,Buiten Kruispunt,Gewestweg,binnen bebouwde kom,Tussen 2 bestuurders: Flank tegen flank,Geen hindernis
45291,7,Evergem 1,Evergem,51.1089,3.70317,2.276391746608921,51.121532309280134,3.6775072344776123,2024,2,14,44019,Evergem,Onbekend,Onbekend,Dag,met lichtgewonden,6,Bromfiets,3,Fiets,Buiten Kruispunt,Gewestweg,binnen bebouwde kom,Tussen 2 bestuurders: Flank tegen flank,Geen hindernis
45324,128,Lokeren teller 1,Lokeren,51.09644,3.97023,1.0390599505231597,51.104537778376766,3.977656002721904,2024,2,16,46014,Lokeren,Regenval,"Nat, plassen",Dag,met lichtgewonden,5,Lichte vrachtauto,3,Fiets,Buiten Kruispunt,Gemeenteweg,binnen bebouwde kom,Tss. 2 best.: langs opzij (voor-/achterkant-flank),Geen hindernis
45324,129,Lokeren teller 2,Lokeren,51.09612,3.97025,1.0693672182855618,51.104537778376766,3.977656002721904,2024,2,16,46014,Lokeren,Regenval,"Nat, plassen",Dag,met lichtgewonden,5,Lichte vrachtauto,3,Fiets,Buiten Kruispunt,Gemeenteweg,binnen bebouwde kom,Tss. 2 best.: langs opzij (voor-/achterkant-flank),Geen hindernis
45325,141,Test site A support,Lokeren,51.08342085,3.9961071208376326,1.5001657232999022,51.09691081572495,3.996410838769918,2024,2,17,46014,Lokeren,Normaal,Droog,Dag,dodelijk gewonden,3,Fiets,9,personenauto,Op Kruispunt,Gewestweg,buiten bebouwde kom,Tss. 2 best.: langs opzij (voor-/achterkant-flank),Geen hindernis
45325,129,Lokeren teller 2,Lokeren,51.09612,3.97025,1.8289675303683455,51.09691081572495,3.996410838769918,2024,2,17,46014,Lokeren,Normaal,Droog,Dag,dodelijk gewonden,3,Fiets,9,personenauto,Op Kruispunt,Gewestweg,buiten bebouwde kom,Tss. 2 best.: langs opzij (voor-/achterkant-flank),Geen hindernis
45325,128,Lokeren teller 1,Lokeren,51.09644,3.97023,1.8289921209655107,51.09691081572495,3.996410838769918,2024,2,17,46014,Lokeren,Normaal,Droog,Dag,dodelijk gewonden,3,Fiets,9,personenauto,Op Kruispunt,Gewestweg,buiten bebouwde kom,Tss. 2 best.: langs opzij (voor-/achterkant-flank),Geen hindernis
45326,128,Lokeren teller 1,Lokeren,51.09644,3.97023,1.7957597540817403,51.10242962621506,3.9941130528802034,2024,2,7,46014,Lokeren,Normaal,Droog,Dag,met lichtgewonden,9,personenauto,3,Fiets,Op Kruispunt,Gewestweg,binnen bebouwde kom,Tss. 2 best.: langs opzij (voor-/achterkant-flank),Geen hindernis
45326,129,Lokeren teller 2,Lokeren,51.09612,3.97025,1.807976560590532,51.10242962621506,3.9941130528802034,2024,2,7,46014,Lokeren,Normaal,Droog,Dag,met lichtgewonden,9,personenauto,3,Fiets,Op Kruispunt,Gewestweg,binnen bebouwde kom,Tss. 2 best.: langs opzij (voor-/achterkant-flank),Geen hindernis
45326,141,Test site A support,Lokeren,51.08342085,3.9961071208376326,2.118262069597585,51.10242962621506,3.9941130528802034,2024,2,7,46014,Lokeren,Normaal,Droog,Dag,met lichtgewonden,9,personenauto,3,Fiets,Op Kruispunt,Gewestweg,binnen bebouwde kom,Tss. 2 best.: langs opzij (voor-/achterkant-flank),Geen hindernis
45328,141,Test site A support,Lokeren,51.08342085,3.9961071208376326,1.6543706902167232,51.09524757058691,4.010478872682874,2024,2,18,46014,Lokeren,Normaal,Droog,"Nacht, openbare verlichting aanwezig en ontstoken",met lichtgewonden,3,Fiets,11,een weggebruiker tegen een hindernis,Buiten Kruispunt,Gewestweg,buiten bebouwde kom,Weggebruiker tegen hindernis buiten rijbaan,Andere hindernis
45330,126,Hamme totem,Hamme,51.1017709,4.1469307,0.28055371236819243,51.10087640201196,4.1431736895535645,2024,2,9,42008,Hamme,Normaal,Droog,Dag,met lichtgewonden,9,personenauto,3,Fiets,Buiten Kruispunt,Gemeenteweg,binnen bebouwde kom,Tss. 2 best.: langs opzij (voor-/achterkant-flank),Geen hindernis
45342,152,Opwijk,District Vilvoorde-gewestwegen,50.968901168564656,4.149169474840164,1.2896702664032096,50.95765809974038,4.144646845733822,2024,2,21,41002,Aalst,Normaal,"Nat, plassen","Nacht, openbare verlichting aanwezig en ontstoken",met lichtgewonden,9,personenauto,3,Fiets,Op Kruispunt,Gewestweg,binnen bebouwde kom,Tussen 2 bestuurders: Flank tegen flank,Geen hindernis
45343,10,Aalst 2,Aalst,50.93549,4.01571,2.367422143682125,50.949584707317605,4.041035017313672,2024,2,19,41002,Aalst,Normaal,"Nat, plassen","Nacht, openbare verlichting aanwezig en ontstoken",met lichtgewonden,9,personenauto,3,Fiets,Buiten Kruispunt,Gewestweg,binnen bebouwde kom,Tss. 2 best.: langs opzij (voor-/achterkant-flank),Geen hindernis
45343,11,Aalst 3,Aalst,50.93385,4.01647,2.454287579083668,50.949584707317605,4.041035017313672,2024,2,19,41002,Aalst,Normaal,"Nat, plassen","Nacht, openbare verlichting aanwezig en ontstoken",met lichtgewonden,9,personenauto,3,Fiets,Buiten Kruispunt,Gewestweg,binnen bebouwde kom,Tss. 2 best.: langs opzij (voor-/achterkant-flank),Geen hindernis
45344,11,Aalst 3,Aalst,50.93385,4.01647,1.4933399246968657,50.92795644815554,4.035617240877664,2024,2,18,41002,Aalst,Normaal,"Nat, plassen","Nacht, openbare verlichting aanwezig en ontstoken",met lichtgewonden,9,personenauto,3,Fiets,Buiten Kruispunt,Gewestweg,binnen bebouwde kom,Tussen 2 bestuurders: Frontale botsing,Geen hindernis
45344,10,Aalst 2,Aalst,50.93549,4.01571,1.6272801004247135,50.92795644815554,4.035617240877664,2024,2,18,41002,Aalst,Normaal,"Nat, plassen","Nacht, openbare verlichting aanwezig en ontstoken",met lichtgewonden,9,personenauto,3,Fiets,Buiten Kruispunt,Gewestweg,binnen bebouwde kom,Tussen 2 bestuurders: Frontale botsing,Geen hindernis
45344,19,Aalst 1,Aalst,50.93433,4.01471,1.6275992405998854,50.92795644815554,4.035617240877664,2024,2,18,41002,Aalst,Normaal,"Nat, plassen","Nacht, openbare verlichting aanwezig en ontstoken",met lichtgewonden,9,personenauto,3,Fiets,Buiten Kruispunt,Gewestweg,binnen bebouwde kom,Tussen 2 bestuurders: Frontale botsing,Geen hindernis
45345,10,Aalst 2,Aalst,50.93549,4.01571,1.0288909155384844,50.942601578614244,4.025104337063456,2024,2,7,41002,Aalst,Normaal,Droog,Dageraad - schemering,met lichtgewonden,3,Fiets,9,personenauto,Buiten Kruispunt,Gemeenteweg,binnen bebouwde kom,Tussen 2 bestuurders: Flank tegen flank,Geen hindernis
45345,11,Aalst 3,Aalst,50.93385,4.01647,1.1458720204788837,50.942601578614244,4.025104337063456,2024,2,7,41002,Aalst,Normaal,Droog,Dageraad - schemering,met lichtgewonden,3,Fiets,9,personenauto,Buiten Kruispunt,Gemeenteweg,binnen bebouwde kom,Tussen 2 bestuurders: Flank tegen flank,Geen hindernis
45345,19,Aalst 1,Aalst,50.93433,4.01471,1.1732094237572985,50.942601578614244,4.025104337063456,2024,2,7,41002,Aalst,Normaal,Droog,Dageraad - schemering,met lichtgewonden,3,Fiets,9,personenauto,Buiten Kruispunt,Gemeenteweg,binnen bebouwde kom,Tussen 2 bestuurders: Flank tegen flank,Geen hindernis
45346,11,Aalst 3,Aalst,50.93385,4.01647,1.756726311147959,50.930055925298745,4.040803912848554,2024,2,17,41002,Aalst,Normaal,Droog,Dag,met lichtgewonden,3,Fiets,9,personenauto,Buiten Kruispunt,Gewestweg,binnen bebouwde kom,Tss. 2 best.: langs opzij (voor-/achterkant-flank),Geen hindernis
45346,10,Aalst 2,Aalst,50.93549,4.01571,1.8594598752976266,50.930055925298745,4.040803912848554,2024,2,17,41002,Aalst,Normaal,Droog,Dag,met lichtgewonden,3,Fiets,9,personenauto,Buiten Kruispunt,Gewestweg,binnen bebouwde kom,Tss. 2 best.: langs opzij (voor-/achterkant-flank),Geen hindernis
45346,19,Aalst 1,Aalst,50.93433,4.01471,1.8893962256029408,50.930055925298745,4.040803912848554,2024,2,17,41002,Aalst,Normaal,Droog,Dag,met lichtgewonden,3,Fiets,9,personenauto,Buiten Kruispunt,Gewestweg,binnen bebouwde kom,Tss. 2 best.: langs opzij (voor-/achterkant-flank),Geen hindernis
45347,10,Aalst 2,Aalst,50.93549,4.01571,2.48199999120171,50.94902756265179,4.043875791914292,2024,2,14,41002,Aalst,Regenval,"Nat, plassen",Dag,met lichtgewonden,9,personenauto,3,Fiets,Buiten Kruispunt,Gemeenteweg,binnen bebouwde kom,Tss. 2 best.: langs opzij (voor-/achterkant-flank),Geen hindernis
45349,11,Aalst 3,Aalst,50.93385,4.01647,1.4273230252376927,50.927406143646536,4.034084282746994,2024,2,11,41002,Aalst,Normaal,Droog+Proper,Dag,met lichtgewonden,3,Fiets,5,Lichte vrachtauto,Buiten Kruispunt,Gewestweg,binnen bebouwde kom,Tussen 2 bestuurders: Flank tegen flank,Geen hindernis
45349,19,Aalst 1,Aalst,50.93433,4.01471,1.5608661287780725,50.927406143646536,4.034084282746994,2024,2,11,41002,Aalst,Normaal,Droog+Proper,Dag,met lichtgewonden,3,Fiets,5,Lichte vrachtauto,Buiten Kruispunt,Gewestweg,binnen bebouwde kom,Tussen 2 bestuurders: Flank tegen flank,Geen hindernis
45349,10,Aalst 2,Aalst,50.93549,4.01571,1.5703861604147513,50.927406143646536,4.034084282746994,2024,2,11,41002,Aalst,Normaal,Droog+Proper,Dag,met lichtgewonden,3,Fiets,5,Lichte vrachtauto,Buiten Kruispunt,Gewestweg,binnen bebouwde kom,Tussen 2 bestuurders: Flank tegen flank,Geen hindernis
45353,125,Dendermonde totem,Dendermonde,51.0372706,4.1025998,0.6939488444005737,51.0311884823878,4.100375905763731,2024,2,3,42006,Dendermonde,Regenval,"Nat, plassen","Nacht, openbare verlichting aanwezig en ontstoken",met lichtgewonden,9,personenauto,3,Fiets,Buiten Kruispunt,Gemeenteweg,binnen bebouwde kom,Tussen 2 bestuurders: Frontale botsing,Geen hindernis
45353,122,Dendermonde teller 2,Dendermonde,51.0373918,4.1019222,0.6982005653234838,51.0311884823878,4.100375905763731,2024,2,3,42006,Dendermonde,Regenval,"Nat, plassen","Nacht, openbare verlichting aanwezig en ontstoken",met lichtgewonden,9,personenauto,3,Fiets,Buiten Kruispunt,Gemeenteweg,binnen bebouwde kom,Tussen 2 bestuurders: Frontale botsing,Geen hindernis
45354,125,Dendermonde totem,Dendermonde,51.0372706,4.1025998,1.6902842051044382,51.02232046893741,4.106973630585146,2024,2,11,42006,Dendermonde,Normaal,Droog,Dag,met lichtgewonden,9,personenauto,3,Fiets,Buiten Kruispunt,Gewestweg,binnen bebouwde kom,Tussen 2 bestuurders: Flank tegen flank,Geen hindernis