crash_row_id,site_id,site_name,site_gemeente,site_lat,site_long,distance_km,crash_lat,crash_long,DT_YEAR_COLLISION,DT_MONTH_COLLISION,DT_TIME,CD_NIS,TX_MUNTY_COLLISION_NL,TX_WEATHER_NL,TX_ROAD_CONDITION_NL,TX_LIGHT_CONDITION_NL,TX_CLASS_ACCIDENTS_NL,CD_ROAD_USR_TYPE1,TX_ROAD_USR_TYPE1_NL,CD_ROAD_USR_TYPE2,TX_ROAD_USR_TYPE2_NL,TX_CROSSWAY_NL,CD_ROAD_TYPE_NL,TX_BUILD_UP_AREA_NL,TX_COLLISION_TYPE_NL,TX_OBSTACLES_NL
45354,122,Dendermonde teller 2,Dendermonde,51.0373918,4.1019222,1.7126829190490582,51.02232046893741,4.106973630585146,2024,2,11,42006,Dendermonde,Normaal,Droog,Dag,met lichtgewonden,9,personenauto,3,Fiets,Buiten Kruispunt,Gewestweg,binnen bebouwde kom,Tussen 2 bestuurders: Flank tegen flank,Geen hindernis
45356,142,TEST Validatie BRUGGE Y2H22022134,Brugge,51.22632,3.24095,1.5050367466916286,51.212843341890974,3.2429563515965234,2024,2,16,31005,Brugge,Regenval,"Nat, plassen",Dag,met lichtgewonden,9,personenauto,3,Fiets,Buiten Kruispunt,Gemeenteweg,binnen bebouwde kom,Tussen 2 bestuurders: Flank tegen flank,Geen hindernis
45356,52,Brugge,Brugge,51.22632,3.24095,1.5050367466916286,51.212843341890974,3.2429563515965234,2024,2,16,31005,Brugge,Regenval,"Nat, plassen",Dag,met lichtgewonden,9,personenauto,3,Fiets,Buiten Kruispunt,Gemeenteweg,binnen bebouwde kom,Tussen 2 bestuurders: Flank tegen flank,Geen hindernis
45356,54,Brugge teller 2,Brugge,51.23015,3.22818,2.1822779208508023,51.212843341890974,3.2429563515965234,2024,2,16,31005,Brugge,Regenval,"Nat, plassen",Dag,met lichtgewonden,9,personenauto,3,Fiets,Buiten Kruispunt,Gemeenteweg,binnen bebouwde kom,Tussen 2 bestuurders: Flank tegen flank,Geen hindernis
45356,53,Brugge teller 1,Brugge,51.23023,3.228,2.1960439272361256,51.212843341890974,3.2429563515965234,2024,2,16,31005,Brugge,Regenval,"Nat, plassen",Dag,met lichtgewonden,9,personenauto,3,Fiets,Buiten Kruispunt,Gemeenteweg,binnen bebouwde kom,Tussen 2 bestuurders: Flank tegen flank,Geen hindernis
45357,142,TEST Validatie BRUGGE Y2H22022134,Brugge,51.22632,3.24095,2.2436049050929334,51.208869215136744,3.22477939024719,2024,2,10,31005,Brugge,Regenval,"Nat, plassen",Dag,met lichtgewonden,3,Fiets,6,Bromfiets,Buiten Kruispunt,Gewestweg,binnen bebouwde kom,Tussen 2 bestuurders: Flank tegen flank,Geen hindernis
45357,52,Brugge,Brugge,51.22632,3.24095,2.2436049050929334,51.208869215136744,3.22477939024719,2024,2,10,31005,Brugge,Regenval,"Nat, plassen",Dag,met lichtgewonden,3,Fiets,6,Bromfiets,Buiten Kruispunt,Gewestweg,binnen bebouwde kom,Tussen 2 bestuurders: Flank tegen flank,Geen hindernis
45357,54,Brugge teller 2,Brugge,51.23015,3.22818,2.3781379777394283,51.208869215136744,3.22477939024719,2024,2,10,31005,Brugge,Regenval,"Nat, plassen",Dag,met lichtgewonden,3,Fiets,6,Bromfiets,Buiten Kruispunt,Gewestweg,binnen bebouwde kom,Tussen 2 bestuurders: Flank tegen flank,Geen hindernis
45357,53,Brugge teller 1,Brugge,51.23023,3.228,2.3857782600453965,51.208869215136744,3.22477939024719,2024,2,10,31005,Brugge,Regenval,"Nat, plassen",Dag,met lichtgewonden,3,Fiets,6,Bromfiets,Buiten Kruispunt,Gewestweg,binnen bebouwde kom,Tussen 2 bestuurders: Flank tegen flank,Geen hindernis
45358,142,TEST Validatie BRUGGE Y2H22022134,Brugge,51.22632,3.24095,1.8210521409422349,51.209945877045456,3.241449806562989,2024,2,11,31005,Brugge,Normaal,Droog,Dag,met zwaargewonden,9,personenauto,3,Fiets,Op Kruispunt,Gemeenteweg,binnen bebouwde kom,Tss. 2 best.: langs opzij (voor-/achterkant-flank),Geen hindernis
45358,52,Brugge,Brugge,51.22632,3.24095,1.8210521409422349,51.209945877045456,3.241449806562989,2024,2,11,31005,Brugge,Normaal,Droog,Dag,met zwaargewonden,9,personenauto,3,Fiets,Op Kruispunt,Gemeenteweg,binnen bebouwde kom,Tss. 2 best.: langs opzij (voor-/achterkant-flank),Geen hindernis
45358,54,Brugge teller 2,Brugge,51.23015,3.22818,2.4292571136043746,51.209945877045456,3.241449806562989,2024,2,11,31005,Brugge,Normaal,Droog,Dag,met zwaargewonden,9,personenauto,3,Fiets,Op Kruispunt,Gemeenteweg,binnen bebouwde kom,Tss. 2 best.: langs opzij (voor-/achterkant-flank),Geen hindernis
45358,53,Brugge teller 1,Brugge,51.23023,3.228,2.4422664686325892,51.209945877045456,3.241449806562989,2024,2,11,31005,Brugge,Normaal,Droog,Dag,met zwaargewonden,9,personenauto,3,Fiets,Op Kruispunt,Gemeenteweg,binnen bebouwde kom,Tss. 2 best.: langs opzij (voor-/achterkant-flank),Geen hindernis
45359,53,Brugge teller 1,Brugge,51.23023,3.228,1.9273392155804874,51.21880280975214,3.207189964079019,2024,2,12,31005,Brugge,Normaal,Droog,Dag,met lichtgewonden,9,personenauto,3,Fiets,Op Kruispunt,Gemeenteweg,binnen bebouwde kom,Tss. 2 best.: langs opzij (voor-/achterkant-flank),Geen hindernis
45359,54,Brugge teller 2,Brugge,51.23015,3.22818,1.9309584189999762,51.21880280975214,3.207189964079019,2024,2,12,31005,Brugge,Normaal,Droog,Dag,met lichtgewonden,9,personenauto,3,Fiets,Op Kruispunt,Gemeenteweg,binnen bebouwde kom,Tss. 2 best.: langs opzij (voor-/achterkant-flank),Geen hindernis
45359,52,Brugge,Brugge,51.22632,3.24095,2.495251411517256,51.21880280975214,3.207189964079019,2024,2,12,31005,Brugge,Normaal,Droog,Dag,met lichtgewonden,9,personenauto,3,Fiets,Op Kruispunt,Gemeenteweg,binnen bebouwde kom,Tss. 2 best.: langs opzij (voor-/achterkant-flank),Geen hindernis
45359,142,TEST Validatie BRUGGE Y2H22022134,Brugge,51.22632,3.24095,2.495251411517256,51.21880280975214,3.207189964079019,2024,2,12,31005,Brugge,Normaal,Droog,Dag,met lichtgewonden,9,personenauto,3,Fiets,Op Kruispunt,Gemeenteweg,binnen bebouwde kom,Tss. 2 best.: langs opzij (voor-/achterkant-flank),Geen hindernis
45360,142,TEST Validatie BRUGGE Y2H22022134,Brugge,51.22632,3.24095,1.5167942425376075,51.21267977391315,3.240740315007002,2024,2,8,31005,Brugge,Normaal,Droog,Dag,met lichtgewonden,9,personenauto,3,Fiets,Op Kruispunt,Gewestweg,binnen bebouwde kom,Tss. 2 best.: langs opzij (voor-/achterkant-flank),Geen hindernis
45360,52,Brugge,Brugge,51.22632,3.24095,1.5167942425376075,51.21267977391315,3.240740315007002,2024,2,8,31005,Brugge,Normaal,Droog,Dag,met lichtgewonden,9,personenauto,3,Fiets,Op Kruispunt,Gewestweg,binnen bebouwde kom,Tss. 2 best.: langs opzij (voor-/achterkant-flank),Geen hindernis
45360,54,Brugge teller 2,Brugge,51.23015,3.22818,2.130459634948987,51.21267977391315,3.240740315007002,2024,2,8,31005,Brugge,Normaal,Droog,Dag,met lichtgewonden,9,personenauto,3,Fiets,Op Kruispunt,Gewestweg,binnen bebouwde kom,Tss. 2 best.: langs opzij (voor-/achterkant-flank),Geen hindernis
45360,53,Brugge teller 1,Brugge,51.23023,3.228,2.143731598275936,51.21267977391315,3.240740315007002,2024,2,8,31005,Brugge,Normaal,Droog,Dag,met lichtgewonden,9,personenauto,3,Fiets,Op Kruispunt,Gewestweg,binnen bebouwde kom,Tss. 2 best.: langs opzij (voor-/achterkant-flank),Geen hindernis
45363,142,TEST Validatie BRUGGE Y2H22022134,Brugge,51.22632,3.24095,2.4536214321206105,51.204929484740575,3.232300869310327,2024,2,15,31005,Brugge,Normaal,Droog,Dag,met lichtgewonden,3,Fiets,3,Fiets,Op Kruispunt,Gemeenteweg,binnen bebouwde kom,Tss. 2 best.: langs opzij (voor-/achterkant-flank),Geen hindernis
45363,52,Brugge,Brugge,51.22632,3.24095,2.4536214321206105,51.204929484740575,3.232300869310327,2024,2,15,31005,Brugge,Normaal,Droog,Dag,met lichtgewonden,3,Fiets,3,Fiets,Op Kruispunt,Gemeenteweg,binnen bebouwde kom,Tss. 2 best.: langs opzij (voor-/achterkant-flank),Geen hindernis
45378,15,Oostende 2,Oostende,51.21371,2.92743,1.5676580377675151,51.19984419382002,2.9314997264805043,2024,2,15,35013,Oostende,Normaal,Droog,Dag,met lichtgewonden,3,Fiets,11,een weggebruiker tegen een hindernis,Op Kruispunt,Gemeenteweg,binnen bebouwde kom,Weggebruiker tegen hindernis op de rijbaan,"Op de rijbaan: Werken (signal., aarde, toestel,…)"
45378,18,Oostende 1,Oostende,51.21378,2.92765,1.5726278416385906,51.19984419382002,2.9314997264805043,2024,2,15,35013,Oostende,Normaal,Droog,Dag,met lichtgewonden,3,Fiets,11,een weggebruiker tegen een hindernis,Op Kruispunt,Gemeenteweg,binnen bebouwde kom,Weggebruiker tegen hindernis op de rijbaan,"Op de rijbaan: Werken (signal., aarde, toestel,…)"
45379,15,Oostende 2,Oostende,51.21371,2.92743,1.514763202352348,51.217387314921325,2.906489649452625,2024,2,14,35013,Oostende,Normaal,Droog,Dag,met lichtgewonden,3,Fiets,9,personenauto,Op Kruispunt,Gemeenteweg,binnen bebouwde kom,Tss. 2 best.: langs opzij (voor-/achterkant-flank),Geen hindernis
45379,18,Oostende 1,Oostende,51.21378,2.92765,1.5274597747048364,51.217387314921325,2.906489649452625,2024,2,14,35013,Oostende,Normaal,Droog,Dag,met lichtgewonden,3,Fiets,9,personenauto,Op Kruispunt,Gemeenteweg,binnen bebouwde kom,Tss. 2 best.: langs opzij (voor-/achterkant-flank),Geen hindernis
45380,15,Oostende 2,Oostende,51.21371,2.92743,1.7890826515351044,51.20662716995914,2.9043692511300216,2024,2,17,35013,Oostende,Normaal,Droog,Dag,met lichtgewonden,9,personenauto,3,Fiets,Buiten Kruispunt,Gewestweg,binnen bebouwde kom,Tss. 2 best.: langs opzij (voor-/achterkant-flank),Geen hindernis
45380,18,Oostende 1,Oostende,51.21378,2.92765,1.806268374999629,51.20662716995914,2.9043692511300216,2024,2,17,35013,Oostende,Normaal,Droog,Dag,met lichtgewonden,9,personenauto,3,Fiets,Buiten Kruispunt,Gewestweg,binnen bebouwde kom,Tss. 2 best.: langs opzij (voor-/achterkant-flank),Geen hindernis
45381,18,Oostende 1,Oostende,51.21378,2.92765,0.5059460620463854,51.2182409662744,2.9290806170530863,2024,2,5,35013,Oostende,Normaal,"Nat, plassen","Nacht, openbare verlichting aanwezig en ontstoken",met lichtgewonden,9,personenauto,3,Fiets,Op Kruispunt,Gewestweg,binnen bebouwde kom,Tss. 2 best.: langs opzij (voor-/achterkant-flank),Geen hindernis
45381,15,Oostende 2,Oostende,51.21371,2.92743,0.5167712248793649,51.2182409662744,2.9290806170530863,2024,2,5,35013,Oostende,Normaal,"Nat, plassen","Nacht, openbare verlichting aanwezig en ontstoken",met lichtgewonden,9,personenauto,3,Fiets,Op Kruispunt,Gewestweg,binnen bebouwde kom,Tss. 2 best.: langs opzij (voor-/achterkant-flank),Geen hindernis
45382,18,Oostende 1,Oostende,51.21378,2.92765,0.6261144445266318,51.21747800658551,2.9344288767492706,2024,2,21,35013,Oostende,Regenval,"Nat, plassen","Nacht, openbare verlichting aanwezig en ontstoken",met lichtgewonden,9,personenauto,3,Fiets,Op Kruispunt,Gewestweg,binnen bebouwde kom,Tss. 2 best.: langs opzij (voor-/achterkant-flank),Geen hindernis
45382,15,Oostende 2,Oostende,51.21371,2.92743,0.6427957806775044,51.21747800658551,2.9344288767492706,2024,2,21,35013,Oostende,Regenval,"Nat, plassen","Nacht, openbare verlichting aanwezig en ontstoken",met lichtgewonden,9,personenauto,3,Fiets,Op Kruispunt,Gewestweg,binnen bebouwde kom,Tss. 2 best.: langs opzij (voor-/achterkant-flank),Geen hindernis
45383,15,Oostende 2,Oostende,51.21371,2.92743,0.9932160744176128,51.21149641657112,2.9136159383547895,2024,2,8,35013,Oostende,Normaal,Droog,Dag,met lichtgewonden,3,Fiets,3,Fiets,Op Kruispunt,Gemeenteweg,binnen bebouwde kom,Tussen 2 bestuurders: Flank tegen flank,Geen hindernis
45383,18,Oostende 1,Oostende,51.21378,2.92765,1.009997552159361,51.21149641657112,2.9136159383547895,2024,2,8,35013,Oostende,Normaal,Droog,Dag,met lichtgewonden,3,Fiets,3,Fiets,Op Kruispunt,Gemeenteweg,binnen bebouwde kom,Tussen 2 bestuurders: Flank tegen flank,Geen hindernis
45384,18,Oostende 1,Oostende,51.21378,2.92765,2.2154122886776064,51.231861707295174,2.91429061225664,2024,2,17,35013,Oostende,Normaal,"Nat, plassen","Nacht, openb. verlicht. aanw., maar niet ontstoken",met lichtgewonden,3,Fiets,8,Voetganger,Buiten Kruispunt,Gemeenteweg,binnen bebouwde kom,Met een voetganger,Geen hindernis
45384,15,Oostende 2,Oostende,51.21371,2.92743,2.21610916475757,51.231861707295174,2.91429061225664,2024,2,17,35013,Oostende,Normaal,"Nat, plassen","Nacht, openb. verlicht. aanw., maar niet ontstoken",met lichtgewonden,3,Fiets,8,Voetganger,Buiten Kruispunt,Gemeenteweg,binnen bebouwde kom,Met een voetganger,Geen hindernis
45386,15,Oostende 2,Oostende,51.21371,2.92743,1.5729018692098347,51.20824456043,2.9066033644549156,2024,1,12,35013,Oostende,Onbekend,Onbekend,Dag,met lichtgewonden,3,Fiets,9,personenauto,Op Kruispunt,Gemeenteweg,binnen bebouwde kom,Tss. 2 best.: langs opzij (voor-/achterkant-flank),Geen hindernis
45386,18,Oostende 1,Oostende,51.21378,2.92765,1.5900435244838433,51.20824456043,2.9066033644549156,2024,1,12,35013,Oostende,Onbekend,Onbekend,Dag,met lichtgewonden,3,Fiets,9,personenauto,Op Kruispunt,Gemeenteweg,binnen bebouwde kom,Tss. 2 best.: langs opzij (voor-/achterkant-flank),Geen hindernis
45387,15,Oostende 2,Oostende,51.21371,2.92743,0.44764852461305055,51.2098573881757,2.9292946460798737,2024,2,14,35013,Oostende,Regenval,"Nat, plassen",Dag,met lichtgewonden,9,personenauto,3,Fiets,Buiten Kruispunt,Gemeenteweg,binnen bebouwde kom,Tss. 2 best.: langs opzij (voor-/achterkant-flank),Geen hindernis
45387,18,Oostende 1,Oostende,51.21378,2.92765,0.45096849223736946,51.2098573881757,2.9292946460798737,2024,2,14,35013,Oostende,Regenval,"Nat, plassen",Dag,met lichtgewonden,9,personenauto,3,Fiets,Buiten Kruispunt,Gemeenteweg,binnen bebouwde kom,Tss. 2 best.: langs opzij (voor-/achterkant-flank),Geen hindernis
45391,55,Torhout teller 1,Torhout,51.07161,3.08261,2.4312270178124047,51.075904172507684,3.116730729797345,2024,2,8,31033,Torhout,Normaal,Droog,Dag,met lichtgewonden,9,personenauto,3,Fiets,Buiten Kruispunt,Gemeenteweg,binnen bebouwde kom,Tss. 2 best.: langs opzij (voor-/achterkant-flank),Geen hindernis
45391,56,Torhout teller 2,Torhout,51.07147,3.08244,2.4459680376891986,51.075904172507684,3.116730729797345,2024,2,8,31033,Torhout,Normaal,Droog,Dag,met lichtgewonden,9,personenauto,3,Fiets,Buiten Kruispunt,Gemeenteweg,binnen bebouwde kom,Tss. 2 best.: langs opzij (voor-/achterkant-flank),Geen hindernis
45392,55,Torhout teller 1,Torhout,51.07161,3.08261,0.1691470193552457,51.07282398063976,3.0811511748917675,2024,2,16,31033,Torhout,Normaal,Droog,Dag,met lichtgewonden,3,Fiets,9,personenauto,Op Kruispunt,Gemeenteweg,binnen bebouwde kom,Tussen 2 bestuurders: Frontale botsing,Geen hindernis
45392,56,Torhout teller 2,Torhout,51.07147,3.08244,0.17543005240724308,51.07282398063976,3.0811511748917675,2024,2,16,31033,Torhout,Normaal,Droog,Dag,met lichtgewonden,3,Fiets,9,personenauto,Op Kruispunt,Gemeenteweg,binnen bebouwde kom,Tussen 2 bestuurders: Frontale botsing,Geen hindernis
45396,84,Roeselare totem,Izegem,50.91717,3.18772,1.6974723735416,50.915596629540914,3.2118049328953906,2024,2,8,36008,Izegem,Normaal,"Nat, plassen",Dag,met lichtgewonden,9,personenauto,3,Fiets,Op Kruispunt,Gemeenteweg,binnen bebouwde kom,Tss. 2 best.: langs opzij (voor-/achterkant-flank),Geen hindernis
45400,84,Roeselare totem,Izegem,50.91717,3.18772,1.7379748616670931,50.93236645610306,3.1935195577416042,2024,2,15,36008,Izegem,Normaal,Droog,Dag,met lichtgewonden,9,personenauto,3,Fiets,Buiten Kruispunt,Gemeenteweg,binnen bebouwde kom,Tss. 2 best.: langs opzij (voor-/achterkant-flank),Geen hindernis
45402,60,Ardooie teller 2,Ardooie,50.96783,3.18411,1.8201474141800285,50.9565556267256,3.1652680783928817,2024,2,17,36015,Roeselare,Normaal,Droog,Dag,met lichtgewonden,6,Bromfiets,3,Fiets,Buiten Kruispunt,Gemeenteweg,binnen bebouwde kom,Tussen 2 bestuurders: Flank tegen flank,Geen hindernis
45402,59,Ardooie teller 1,Ardooie,50.96784,3.18479,1.8557151854882161,50.9565556267256,3.1652680783928817,2024,2,17,36015,Roeselare,Normaal,Droog,Dag,met lichtgewonden,6,Bromfiets,3,Fiets,Buiten Kruispunt,Gemeenteweg,binnen bebouwde kom,Tussen 2 bestuurders: Flank tegen flank,Geen hindernis
45405,61,Wervik teller 2,Wervik,50.80555,3.0921,2.13016331296139,50.78813264339005,3.1047198553710453,2024,2,4,34027,Menen,Regenval,"Nat, plassen","Nacht, openbare verlichting aanwezig en ontstoken",met lichtgewonden,3,Fiets,8,Voetganger,Buiten Kruispunt,Gemeenteweg,buiten bebouwde kom,Met een voetganger,Geen hindernis
45405,62,Wervik teller 1,Wervik,50.8058,3.09154,2.171959743084217,50.78813264339005,3.1047198553710453,2024,2,4,34027,Menen,Regenval,"Nat, plassen","Nacht, openbare verlichting aanwezig en ontstoken",met lichtgewonden,3,Fiets,8,Voetganger,Buiten Kruispunt,Gemeenteweg,buiten bebouwde kom,Met een voetganger,Geen hindernis
45407,61,Wervik teller 2,Wervik,50.80555,3.0921,1.3174700038141778,50.79987195584145,3.1085545070650555,2024,2,7,34027,Menen,Normaal,Droog,Dag,met zwaargewonden,9,personenauto,3,Fiets,Op Kruispunt,Gewestweg,binnen bebouwde kom,Tussen 2 bestuurders: Frontale botsing,Geen hindernis
45407,62,Wervik teller 1,Wervik,50.8058,3.09154,1.3653406974601328,50.79987195584145,3.1085545070650555,2024,2,7,34027,Menen,Normaal,Droog,Dag,met zwaargewonden,9,personenauto,3,Fiets,Op Kruispunt,Gewestweg,binnen bebouwde kom,Tussen 2 bestuurders: Frontale botsing,Geen hindernis
45410,74,Kortrijk teller 1,Kortrijk,50.81909,3.25728,0.9031918900386562,50.813376538793634,3.266417993147862,2024,2,8,34022,Kortrijk,Normaal,Droog,Dag,met lichtgewonden,3,Fiets,9,personenauto,Op Kruispunt,Gewestweg,binnen bebouwde kom,Tss. 2 best.: langs opzij (voor-/achterkant-flank),Geen hindernis
45410,75,Kortrijk teller 2,Kortrijk,50.81925,3.25731,0.9143165840593492,50.813376538793634,3.266417993147862,2024,2,8,34022,Kortrijk,Normaal,Droog,Dag,met lichtgewonden,3,Fiets,9,personenauto,Op Kruispunt,Gewestweg,binnen bebouwde kom,Tss. 2 best.: langs opzij (voor-/achterkant-flank),Geen hindernis
45410,143,Eco Display Classic Budastraat,Kortrijk,50.83066,3.26286,1.9380167853087336,50.813376538793634,3.266417993147862,2024,2,8,34022,Kortrijk,Normaal,Droog,Dag,met lichtgewonden,3,Fiets,9,personenauto,Op Kruispunt,Gewestweg,binnen bebouwde kom,Tss. 2 best.: langs opzij (voor-/achterkant-flank),Geen hindernis
45410,16,Kortrijk 1,Kortrijk,50.83332,3.27777,2.3566189416443737,50.813376538793634,3.266417993147862,2024,2,8,34022,Kortrijk,Normaal,Droog,Dag,met lichtgewonden,3,Fiets,9,personenauto,Op Kruispunt,Gewestweg,binnen bebouwde kom,Tss. 2 best.: langs opzij (voor-/achterkant-flank),Geen hindernis
45410,17,Kortrijk 2,Kortrijk,50.83339,3.27773,2.362998433131578,50.813376538793634,3.266417993147862,2024,2,8,34022,Kortrijk,Normaal,Droog,Dag,met lichtgewonden,3,Fiets,9,personenauto,Op Kruispunt,Gewestweg,binnen bebouwde kom,Tss. 2 best.: langs opzij (voor-/achterkant-flank),Geen hindernis
45412,74,Kortrijk teller 1,Kortrijk,50.81909,3.25728,1.416769024102788,50.81263359761663,3.2746653898540545,2024,2,7,34022,Kortrijk,Normaal,Droog,Dageraad - schemering,met lichtgewonden,9,personenauto,3,Fiets,Op Kruispunt,Gewestweg,binnen bebouwde kom,Tussen 2 bestuurders: Flank tegen flank,Geen hindernis
45412,75,Kortrijk teller 2,Kortrijk,50.81925,3.25731,1.4240600623053226,50.81263359761663,3.2746653898540545,2024,2,7,34022,Kortrijk,Normaal,Droog,Dageraad - schemering,met lichtgewonden,9,personenauto,3,Fiets,Op Kruispunt,Gewestweg,binnen bebouwde kom,Tussen 2 bestuurders: Flank tegen flank,Geen hindernis
45412,143,Eco Display Classic Budastraat,Kortrijk,50.83066,3.26286,2.169217190792303,50.81263359761663,3.2746653898540545,2024,2,7,34022,Kortrijk,Normaal,Droog,Dageraad - schemering,met lichtgewonden,9,personenauto,3,Fiets,Op Kruispunt,Gewestweg,binnen bebouwde kom,Tussen 2 bestuurders: Flank tegen flank,Geen hindernis
45412,16,Kortrijk 1,Kortrijk,50.83332,3.27777,2.310537744105856,50.81263359761663,3.2746653898540545,2024,2,7,34022,Kortrijk,Normaal,Droog,Dageraad - schemering,met lichtgewonden,9,personenauto,3,Fiets,Op Kruispunt,Gewestweg,binnen bebouwde kom,Tussen 2 bestuurders: Flank tegen flank,Geen hindernis
45412,17,Kortrijk 2,Kortrijk,50.83339,3.27773,2.318024118245435,50.81263359761663,3.2746653898540545,2024,2,7,34022,Kortrijk,Normaal,Droog,Dageraad - schemering,met lichtgewonden,9,personenauto,3,Fiets,Op Kruispunt,Gewestweg,binnen bebouwde kom,Tussen 2 bestuurders: Flank tegen flank,Geen hindernis
45413,143,Eco Display Classic Budastraat,Kortrijk,50.83066,3.26286,0.5249848022577042,50.83085582451068,3.2553914434271842,2024,2,16,34022,Kortrijk,Normaal,Droog,Dag,met lichtgewonden,5,Lichte vrachtauto,3,Fiets,Op Kruispunt,Gewestweg,binnen bebouwde kom,Tss. 2 best.: langs opzij (voor-/achterkant-flank),Geen hindernis
45413,75,Kortrijk teller 2,Kortrijk,50.81925,3.25731,1.2975259041298466,50.83085582451068,3.2553914434271842,2024,2,16,34022,Kortrijk,Normaal,Droog,Dag,met lichtgewonden,5,Lichte vrachtauto,3,Fiets,Op Kruispunt,Gewestweg,binnen bebouwde kom,Tss. 2 best.: langs opzij (voor-/achterkant-flank),Geen hindernis
45413,74,Kortrijk teller 1,Kortrijk,50.81909,3.25728,1.3150079568965578,50.83085582451068,3.2553914434271842,2024,2,16,34022,Kortrijk,Normaal,Droog,Dag,met lichtgewonden,5,Lichte vrachtauto,3,Fiets,Op Kruispunt,Gewestweg,binnen bebouwde kom,Tss. 2 best.: langs opzij (voor-/achterkant-flank),Geen hindernis
45413,17,Kortrijk 2,Kortrijk,50.83339,3.27773,1.593945492958111,50.83085582451068,3.2553914434271842,2024,2,16,34022,Kortrijk,Normaal,Droog,Dag,met lichtgewonden,5,Lichte vrachtauto,3,Fiets,Op Kruispunt,Gewestweg,binnen bebouwde kom,Tss. 2 best.: langs opzij (voor-/achterkant-flank),Geen hindernis
45413,16,Kortrijk 1,Kortrijk,50.83332,3.27777,1.5953564285298285,50.83085582451068,3.2553914434271842,2024,2,16,34022,Kortrijk,Normaal,Droog,Dag,met lichtgewonden,5,Lichte vrachtauto,3,Fiets,Op Kruispunt,Gewestweg,binnen bebouwde kom,Tss. 2 best.: langs opzij (voor-/achterkant-flank),Geen hindernis
45414,17,Kortrijk 2,Kortrijk,50.83339,3.27773,2.3297768491913953,50.854305429745374,3.275765379059245,2024,2,17,34023,Kuurne,Normaal,Droog,Dag,met lichtgewonden,9,personenauto,3,Fiets,Op Kruispunt,Gemeenteweg,binnen bebouwde kom,Tss. 2 best.: langs opzij (voor-/achterkant-flank),Geen hindernis
45414,16,Kortrijk 1,Kortrijk,50.83332,3.27777,2.3377143042964077,50.854305429745374,3.275765379059245,2024,2,17,34023,Kuurne,Normaal,Droog,Dag,met lichtgewonden,9,personenauto,3,Fiets,Op Kruispunt,Gemeenteweg,binnen bebouwde kom,Tss. 2 best.: langs opzij (voor-/achterkant-flank),Geen hindernis
45415,143,Eco Display Classic Budastraat,Kortrijk,50.83066,3.26286,0.4393876897707166,50.82979341479138,3.268963847258534,2024,2,17,34022,Kortrijk,Onbekend,Onbekend,Dag,met lichtgewonden,3,Fiets,9,personenauto,Buiten Kruispunt,Gewestweg,binnen bebouwde kom,Tussen 2 bestuurders: Flank tegen flank,Geen hindernis
45415,16,Kortrijk 1,Kortrijk,50.83332,3.27777,0.732305373125621,50.82979341479138,3.268963847258534,2024,2,17,34022,Kortrijk,Onbekend,Onbekend,Dag,met lichtgewonden,3,Fiets,9,personenauto,Buiten Kruispunt,Gewestweg,binnen bebouwde kom,Tussen 2 bestuurders: Flank tegen flank,Geen hindernis
45415,17,Kortrijk 2,Kortrijk,50.83339,3.27773,0.734144923654855,50.82979341479138,3.268963847258534,2024,2,17,34022,Kortrijk,Onbekend,Onbekend,Dag,met lichtgewonden,3,Fiets,9,personenauto,Buiten Kruispunt,Gewestweg,binnen bebouwde kom,Tussen 2 bestuurders: Flank tegen flank,Geen hindernis
45415,75,Kortrijk teller 2,Kortrijk,50.81925,3.25731,1.4298747808989556,50.82979341479138,3.268963847258534,2024,2,17,34022,Kortrijk,Onbekend,Onbekend,Dag,met lichtgewonden,3,Fiets,9,personenauto,Buiten Kruispunt,Gewestweg,binnen bebouwde kom,Tussen 2 bestuurders: Flank tegen flank,Geen hindernis
45415,74,Kortrijk teller 1,Kortrijk,50.81909,3.25728,1.4456939318248458,50.82979341479138,3.268963847258534,2024,2,17,34022,Kortrijk,Onbekend,Onbekend,Dag,met lichtgewonden,3,Fiets,9,personenauto,Buiten Kruispunt,Gewestweg,binnen bebouwde kom,Tussen 2 bestuurders: Flank tegen flank,Geen hindernis
45416,143,Eco Display Classic Budastraat,Kortrijk,50.83066,3.26286,0.5750489810276989,50.83503394066529,3.2672287727357836,2024,2,8,34022,Kortrijk,Regenval,"Nat, plassen",Dag,met lichtgewonden,9,personenauto,3,Fiets,Op Kruispunt,Gewestweg,binnen bebouwde kom,Tss. 2 best.: langs opzij (voor-/achterkant-flank),Geen hindernis
45416,17,Kortrijk 2,Kortrijk,50.83339,3.27773,0.759787065949379,50.83503394066529,3.2672287727357836,2024,2,8,34022,Kortrijk,Regenval,"Nat, plassen",Dag,met lichtgewonden,9,personenauto,3,Fiets,Op Kruispunt,Gewestweg,binnen bebouwde kom,Tss. 2 best.: langs opzij (voor-/achterkant-flank),Geen hindernis
45416,16,Kortrijk 1,Kortrijk,50.83332,3.27777,0.7644177993014685,50.83503394066529,3.2672287727357836,2024,2,8,34022,Kortrijk,Regenval,"Nat, plassen",Dag,met lichtgewonden,9,personenauto,3,Fiets,Op Kruispunt,Gewestweg,binnen bebouwde kom,Tss. 2 best.: langs opzij (voor-/achterkant-flank),Geen hindernis