crash_row_id,site_id,site_name,site_gemeente,site_lat,site_long,distance_km,crash_lat,crash_long,DT_YEAR_COLLISION,DT_MONTH_COLLISION,DT_TIME,CD_NIS,TX_MUNTY_COLLISION_NL,TX_WEATHER_NL,TX_ROAD_CONDITION_NL,TX_LIGHT_CONDITION_NL,TX_CLASS_ACCIDENTS_NL,CD_ROAD_USR_TYPE1,TX_ROAD_USR_TYPE1_NL,CD_ROAD_USR_TYPE2,TX_ROAD_USR_TYPE2_NL,TX_CROSSWAY_NL,CD_ROAD_TYPE_NL,TX_BUILD_UP_AREA_NL,TX_COLLISION_TYPE_NL,TX_OBSTACLES_NL
45416,75,Kortrijk teller 2,Kortrijk,50.81925,3.25731,1.88830767914815,50.83503394066529,3.2672287727357836,2024,2,8,34022,Kortrijk,Regenval,"Nat, plassen",Dag,met lichtgewonden,9,personenauto,3,Fiets,Op Kruispunt,Gewestweg,binnen bebouwde kom,Tss. 2 best.: langs opzij (voor-/achterkant-flank),Geen hindernis
45416,74,Kortrijk teller 1,Kortrijk,50.81909,3.25728,1.905627167521749,50.83503394066529,3.2672287727357836,2024,2,8,34022,Kortrijk,Regenval,"Nat, plassen",Dag,met lichtgewonden,9,personenauto,3,Fiets,Op Kruispunt,Gewestweg,binnen bebouwde kom,Tss. 2 best.: langs opzij (voor-/achterkant-flank),Geen hindernis
45417,143,Eco Display Classic Budastraat,Kortrijk,50.83066,3.26286,1.166400319791624,50.82836788047795,3.246653994452097,2024,2,9,34022,Kortrijk,Normaal,Droog,Dag,met lichtgewonden,8,Voetganger,3,Fiets,Buiten Kruispunt,Gewestweg,binnen bebouwde kom,Met een voetganger,Geen hindernis
45417,75,Kortrijk teller 2,Kortrijk,50.81925,3.25731,1.2602291064325837,50.82836788047795,3.246653994452097,2024,2,9,34022,Kortrijk,Normaal,Droog,Dag,met lichtgewonden,8,Voetganger,3,Fiets,Buiten Kruispunt,Gewestweg,binnen bebouwde kom,Met een voetganger,Geen hindernis
45417,74,Kortrijk teller 1,Kortrijk,50.81909,3.25728,1.2733504136599159,50.82836788047795,3.246653994452097,2024,2,9,34022,Kortrijk,Normaal,Droog,Dag,met lichtgewonden,8,Voetganger,3,Fiets,Buiten Kruispunt,Gewestweg,binnen bebouwde kom,Met een voetganger,Geen hindernis
45417,17,Kortrijk 2,Kortrijk,50.83339,3.27773,2.2528395789792786,50.82836788047795,3.246653994452097,2024,2,9,34022,Kortrijk,Normaal,Droog,Dag,met lichtgewonden,8,Voetganger,3,Fiets,Buiten Kruispunt,Gewestweg,binnen bebouwde kom,Met een voetganger,Geen hindernis
45417,16,Kortrijk 1,Kortrijk,50.83332,3.27777,2.2536484146596227,50.82836788047795,3.246653994452097,2024,2,9,34022,Kortrijk,Normaal,Droog,Dag,met lichtgewonden,8,Voetganger,3,Fiets,Buiten Kruispunt,Gewestweg,binnen bebouwde kom,Met een voetganger,Geen hindernis
45418,74,Kortrijk teller 1,Kortrijk,50.81909,3.25728,2.095827360105815,50.806052123064525,3.235738219978855,2024,2,20,34022,Kortrijk,Normaal,Droog,"Nacht, openbare verlichting aanwezig en ontstoken",met lichtgewonden,3,Fiets,10,"één bestuurder, geen hindernis",Buiten Kruispunt,Gemeenteweg,binnen bebouwde kom,"Eén bestuurder, geen hindernis (incl. val)",Geen hindernis
45418,75,Kortrijk teller 2,Kortrijk,50.81925,3.25731,2.109685084816901,50.806052123064525,3.235738219978855,2024,2,20,34022,Kortrijk,Normaal,Droog,"Nacht, openbare verlichting aanwezig en ontstoken",met lichtgewonden,3,Fiets,10,"één bestuurder, geen hindernis",Buiten Kruispunt,Gemeenteweg,binnen bebouwde kom,"Eén bestuurder, geen hindernis (incl. val)",Geen hindernis
45419,17,Kortrijk 2,Kortrijk,50.83339,3.27773,2.335897774380586,50.85355711679902,3.2870443017284225,2024,2,15,34023,Kuurne,Normaal,Droog,Dag,met lichtgewonden,9,personenauto,3,Fiets,Buiten Kruispunt,Gemeenteweg,binnen bebouwde kom,Tussen 2 bestuurders: Langs achteren,Geen hindernis
45419,16,Kortrijk 1,Kortrijk,50.83332,3.27777,2.3425890396314326,50.85355711679902,3.2870443017284225,2024,2,15,34023,Kuurne,Normaal,Droog,Dag,met lichtgewonden,9,personenauto,3,Fiets,Buiten Kruispunt,Gemeenteweg,binnen bebouwde kom,Tussen 2 bestuurders: Langs achteren,Geen hindernis
45427,17,Kortrijk 2,Kortrijk,50.83339,3.27773,2.428015465122584,50.840996381792074,3.310140390183594,2024,2,13,34013,Harelbeke,Onbekend,Onbekend,Dag,met lichtgewonden,3,Fiets,9,personenauto,Buiten Kruispunt,Gemeenteweg,onbekend,Tss. 2 best.: langs opzij (voor-/achterkant-flank),Geen hindernis
45427,16,Kortrijk 1,Kortrijk,50.83332,3.27777,2.4281096002021023,50.840996381792074,3.310140390183594,2024,2,13,34013,Harelbeke,Onbekend,Onbekend,Dag,met lichtgewonden,3,Fiets,9,personenauto,Buiten Kruispunt,Gemeenteweg,onbekend,Tss. 2 best.: langs opzij (voor-/achterkant-flank),Geen hindernis
45430,16,Kortrijk 1,Kortrijk,50.83332,3.27777,1.935100907915266,50.83242416158602,3.3052876249454455,2024,2,15,34013,Harelbeke,Normaal,Onbekend,Dag,met lichtgewonden,3,Fiets,9,personenauto,Op Kruispunt,Gemeenteweg,binnen bebouwde kom,Tss. 2 best.: langs opzij (voor-/achterkant-flank),Geen hindernis
45430,17,Kortrijk 2,Kortrijk,50.83339,3.27773,1.9383205835370836,50.83242416158602,3.3052876249454455,2024,2,15,34013,Harelbeke,Normaal,Onbekend,Dag,met lichtgewonden,3,Fiets,9,personenauto,Op Kruispunt,Gemeenteweg,binnen bebouwde kom,Tss. 2 best.: langs opzij (voor-/achterkant-flank),Geen hindernis
45436,67,Ieper totem,Ieper,50.85018,2.85624,1.751507252951262,50.84911283792897,2.881131586793607,2024,2,15,33011,Ieper,Regenval,"Nat, plassen",Dag,met lichtgewonden,3,Fiets,10,"één bestuurder, geen hindernis",Buiten Kruispunt,Gemeenteweg,binnen bebouwde kom,"Eén bestuurder, geen hindernis (incl. val)",Geen hindernis
45436,68,Ieper,Ieper,50.85032,2.85608,1.7638279303842777,50.84911283792897,2.881131586793607,2024,2,15,33011,Ieper,Regenval,"Nat, plassen",Dag,met lichtgewonden,3,Fiets,10,"één bestuurder, geen hindernis",Buiten Kruispunt,Gemeenteweg,binnen bebouwde kom,"Eén bestuurder, geen hindernis (incl. val)",Geen hindernis
45437,67,Ieper totem,Ieper,50.85018,2.85624,1.128015284132843,50.8458318134772,2.8707564001858508,2024,2,7,33011,Ieper,Normaal,"Nat, plassen",Dageraad - schemering,met lichtgewonden,9,personenauto,3,Fiets,Op Kruispunt,Gemeenteweg,binnen bebouwde kom,Tss. 2 best.: langs opzij (voor-/achterkant-flank),Geen hindernis
45437,68,Ieper,Ieper,50.85032,2.85608,1.1448726128368025,50.8458318134772,2.8707564001858508,2024,2,7,33011,Ieper,Normaal,"Nat, plassen",Dageraad - schemering,met lichtgewonden,9,personenauto,3,Fiets,Op Kruispunt,Gemeenteweg,binnen bebouwde kom,Tss. 2 best.: langs opzij (voor-/achterkant-flank),Geen hindernis
45443,42,Maasmechelen teller 2,Maasmechelen,50.97043,5.6981,0.42362849875988945,50.97206300734427,5.692633910017623,2024,2,16,73107,Maasmechelen,Normaal,Droog,Dag,met lichtgewonden,3,Fiets,9,personenauto,Op Kruispunt,Gemeenteweg,binnen bebouwde kom,Tss. 2 best.: langs opzij (voor-/achterkant-flank),Geen hindernis
45443,41,Maasmechelen teller 1,Maasmechelen,50.97025,5.69799,0.4257868369673791,50.97206300734427,5.692633910017623,2024,2,16,73107,Maasmechelen,Normaal,Droog,Dag,met lichtgewonden,3,Fiets,9,personenauto,Op Kruispunt,Gemeenteweg,binnen bebouwde kom,Tss. 2 best.: langs opzij (voor-/achterkant-flank),Geen hindernis
45444,7,Evergem 1,Evergem,51.1089,3.70317,2.235156686406647,51.0960150369519,3.7277403880474567,2024,2,10,44021,Gent,Normaal,"Nat, plassen",Dag,Met doden,9,personenauto,3,Fiets,Buiten Kruispunt,Gewestweg,buiten bebouwde kom,Tussen 2 bestuurders: Langs achteren,Geen hindernis
45444,6,Evergem 2,Evergem,51.10894,3.70298,2.2481953116110893,51.0960150369519,3.7277403880474567,2024,2,10,44021,Gent,Normaal,"Nat, plassen",Dag,Met doden,9,personenauto,3,Fiets,Buiten Kruispunt,Gewestweg,buiten bebouwde kom,Tussen 2 bestuurders: Langs achteren,Geen hindernis
45444,136,Gent R4,Gent,51.0876313,3.7587918,2.360472081225855,51.0960150369519,3.7277403880474567,2024,2,10,44021,Gent,Normaal,"Nat, plassen",Dag,Met doden,9,personenauto,3,Fiets,Buiten Kruispunt,Gewestweg,buiten bebouwde kom,Tussen 2 bestuurders: Langs achteren,Geen hindernis
45448,7,Evergem 1,Evergem,51.1089,3.70317,2.174718037383326,51.097334750804976,3.7282874685835385,2024,1,6,44021,Gent,Normaal,"Ijzel, sneeuw","Nacht, openbare verlichting aanwezig en ontstoken",met lichtgewonden,3,Fiets,11,een weggebruiker tegen een hindernis,Buiten Kruispunt,Gewestweg,buiten bebouwde kom,Weggebruiker tegen hindernis op de rijbaan,"Op de rijbaan: Werken (signal., aarde, toestel,…)"
45448,6,Evergem 2,Evergem,51.10894,3.70298,2.18804980715249,51.097334750804976,3.7282874685835385,2024,1,6,44021,Gent,Normaal,"Ijzel, sneeuw","Nacht, openbare verlichting aanwezig en ontstoken",met lichtgewonden,3,Fiets,11,een weggebruiker tegen een hindernis,Buiten Kruispunt,Gewestweg,buiten bebouwde kom,Weggebruiker tegen hindernis op de rijbaan,"Op de rijbaan: Werken (signal., aarde, toestel,…)"
45448,136,Gent R4,Gent,51.0876313,3.7587918,2.3880078748069007,51.097334750804976,3.7282874685835385,2024,1,6,44021,Gent,Normaal,"Ijzel, sneeuw","Nacht, openbare verlichting aanwezig en ontstoken",met lichtgewonden,3,Fiets,11,een weggebruiker tegen een hindernis,Buiten Kruispunt,Gewestweg,buiten bebouwde kom,Weggebruiker tegen hindernis op de rijbaan,"Op de rijbaan: Werken (signal., aarde, toestel,…)"
45449,124,Beveren teller 2,Beveren,51.1964712,4.2361077,1.9068794589331912,51.20929042853527,4.254287786707007,2024,2,13,46003,Beveren,Normaal,Droog,Dag,met zwaargewonden,3,Fiets,4,Vrachtwagen,Buiten Kruispunt,Gemeenteweg,binnen bebouwde kom,Tussen 2 bestuurders: Flank tegen flank,Geen hindernis
45450,106,St. pieters leeuw teller 1,Sint-Pieters-Leeuw,50.75533,4.24951,0.905286719629725,50.763388652674415,4.251340726908867,2024,2,8,23077,Sint-Pieters-Leeuw,Normaal,Droog,Dag,met zwaargewonden,9,personenauto,3,Fiets,Op Kruispunt,Gewestweg,buiten bebouwde kom,Tss. 2 best.: langs opzij (voor-/achterkant-flank),Geen hindernis
45450,105,St. pieters leeuw teller 2,Halle,50.75509,4.24943,0.9325043098563589,50.763388652674415,4.251340726908867,2024,2,8,23077,Sint-Pieters-Leeuw,Normaal,Droog,Dag,met zwaargewonden,9,personenauto,3,Fiets,Op Kruispunt,Gewestweg,buiten bebouwde kom,Tss. 2 best.: langs opzij (voor-/achterkant-flank),Geen hindernis
45455,140,Hasselt ring,Hasselt,50.9300038,5.3438616,0.589474540535942,50.934972841145935,5.346792552522913,2024,2,16,71022,Hasselt,Normaal,"Nat, plassen",Dag,met lichtgewonden,3,Fiets,9,personenauto,Op Kruispunt,Gemeenteweg,binnen bebouwde kom,Tussen 2 bestuurders: Frontale botsing,Geen hindernis
45455,138,Hasselt-Kempische brug,Hasselt,50.9405318,5.3422472,0.6953582276022944,50.934972841145935,5.346792552522913,2024,2,16,71022,Hasselt,Normaal,"Nat, plassen",Dag,met lichtgewonden,3,Fiets,9,personenauto,Op Kruispunt,Gemeenteweg,binnen bebouwde kom,Tussen 2 bestuurders: Frontale botsing,Geen hindernis
45455,137,Hasselt-Kempische brug,Hasselt,50.9411605,5.3417576,0.7732161889669922,50.934972841145935,5.346792552522913,2024,2,16,71022,Hasselt,Normaal,"Nat, plassen",Dag,met lichtgewonden,3,Fiets,9,personenauto,Op Kruispunt,Gemeenteweg,binnen bebouwde kom,Tussen 2 bestuurders: Frontale botsing,Geen hindernis
45459,25,Bree,Bree,51.13679500160176,5.597669323604317,0.30112758357162894,51.13618297821529,5.593465054524364,2024,2,18,72004,Bree,Normaal,"Nat, plassen","Nacht, openbare verlichting aanwezig en ontstoken",met lichtgewonden,3,Fiets,9,personenauto,Op Kruispunt,Gewestweg,buiten bebouwde kom,Tss. 2 best.: langs opzij (voor-/achterkant-flank),Geen hindernis
45469,139,Houthalen-Helchteren,Houthalen-Helchteren,51.0644267,5.3819796,0.9336303933690667,51.05611507797866,5.380086637107043,2024,2,17,72039,Houthalen-Helchteren,Normaal,Droog,Dag,met lichtgewonden,9,personenauto,3,Fiets,Op Kruispunt,Gewestweg,binnen bebouwde kom,Tussen 2 bestuurders: Flank tegen flank,Geen hindernis
45470,139,Houthalen-Helchteren,Houthalen-Helchteren,51.0644267,5.3819796,1.5977957838583776,51.06227230488128,5.404585467416718,2024,2,17,72039,Houthalen-Helchteren,Onbekend,Onbekend,Onbekend,met lichtgewonden,3,Fiets,11,een weggebruiker tegen een hindernis,Buiten Kruispunt,Gewestweg,binnen bebouwde kom,Weggebruiker tegen hindernis op de rijbaan,Op de rijbaan: Lading
45472,22,Tienen 2,Tienen,50.81330800184882,4.935984252796022,2.051521000535718,50.79892483030199,4.95426905570609,2024,1,14,24107,Tienen,Normaal,Droog,Dag,met zwaargewonden,3,Fiets,10,"één bestuurder, geen hindernis",Buiten Kruispunt,Gemeenteweg,buiten bebouwde kom,"Eén bestuurder, geen hindernis (incl. val)",Geen hindernis
45472,24,Tienen 1,Tienen,50.8133795491886,4.935044252605416,2.0996065155438877,50.79892483030199,4.95426905570609,2024,1,14,24107,Tienen,Normaal,Droog,Dag,met zwaargewonden,3,Fiets,10,"één bestuurder, geen hindernis",Buiten Kruispunt,Gemeenteweg,buiten bebouwde kom,"Eén bestuurder, geen hindernis (incl. val)",Geen hindernis
45472,23,Tienen 3,Tienen,50.81324,4.93447,2.1140874813301447,50.79892483030199,4.95426905570609,2024,1,14,24107,Tienen,Normaal,Droog,Dag,met zwaargewonden,3,Fiets,10,"één bestuurder, geen hindernis",Buiten Kruispunt,Gemeenteweg,buiten bebouwde kom,"Eén bestuurder, geen hindernis (incl. val)",Geen hindernis
45473,23,Tienen 3,Tienen,50.81324,4.93447,0.4946987579936645,50.81401778534656,4.9275372596001,2024,2,8,24107,Tienen,Normaal,Proper,Dageraad - schemering,met lichtgewonden,3,Fiets,9,personenauto,Buiten Kruispunt,Gewestweg,binnen bebouwde kom,Tussen 2 bestuurders: Langs achteren,Geen hindernis
45473,24,Tienen 1,Tienen,50.8133795491886,4.935044252605416,0.5321784076983903,50.81401778534656,4.9275372596001,2024,2,8,24107,Tienen,Normaal,Proper,Dageraad - schemering,met lichtgewonden,3,Fiets,9,personenauto,Buiten Kruispunt,Gewestweg,binnen bebouwde kom,Tussen 2 bestuurders: Langs achteren,Geen hindernis
45473,22,Tienen 2,Tienen,50.81330800184882,4.935984252796022,0.5986930232292116,50.81401778534656,4.9275372596001,2024,2,8,24107,Tienen,Normaal,Proper,Dageraad - schemering,met lichtgewonden,3,Fiets,9,personenauto,Buiten Kruispunt,Gewestweg,binnen bebouwde kom,Tussen 2 bestuurders: Langs achteren,Geen hindernis
45474,113,Deinze teller 2,Deinze,50.96018,3.55578,1.776353503121099,50.970485491731495,3.536397962200919,2024,2,19,44083,Deinze,Regenval,"Nat, plassen","Nacht, openbare verlichting aanwezig en ontstoken",met lichtgewonden,9,personenauto,3,Fiets,Op Kruispunt,Gewestweg,binnen bebouwde kom,Tussen 2 bestuurders: Frontale botsing,Geen hindernis
45474,114,Deinze teller 1,Nazareth,50.9598305,3.555502,1.7870513128387084,50.970485491731495,3.536397962200919,2024,2,19,44083,Deinze,Regenval,"Nat, plassen","Nacht, openbare verlichting aanwezig en ontstoken",met lichtgewonden,9,personenauto,3,Fiets,Op Kruispunt,Gewestweg,binnen bebouwde kom,Tussen 2 bestuurders: Frontale botsing,Geen hindernis
45483,99,Mechelen teller 1,Mechelen,51.04564,4.46882,0.2607662815857437,51.043748445552836,4.471024872310807,2024,2,13,12025,Mechelen,Normaal,Onbekend,Dag,met zwaargewonden,3,Fiets,8,Voetganger,Buiten Kruispunt,Gemeenteweg,binnen bebouwde kom,Met een voetganger,Geen hindernis
45483,100,Mechelen teller 2,Mechelen,51.0457,4.46883,0.26577252420152697,51.043748445552836,4.471024872310807,2024,2,13,12025,Mechelen,Normaal,Onbekend,Dag,met zwaargewonden,3,Fiets,8,Voetganger,Buiten Kruispunt,Gemeenteweg,binnen bebouwde kom,Met een voetganger,Geen hindernis
45486,99,Mechelen teller 1,Mechelen,51.04564,4.46882,1.8368281901598567,51.02916261107328,4.470683281420739,2024,2,14,12025,Mechelen,Normaal,Droog,Dag,met lichtgewonden,9,personenauto,3,Fiets,Op Kruispunt,Gewestweg,binnen bebouwde kom,Tussen 2 bestuurders: Frontale botsing,Geen hindernis
45486,100,Mechelen teller 2,Mechelen,51.0457,4.46883,1.843433855314403,51.02916261107328,4.470683281420739,2024,2,14,12025,Mechelen,Normaal,Droog,Dag,met lichtgewonden,9,personenauto,3,Fiets,Op Kruispunt,Gewestweg,binnen bebouwde kom,Tussen 2 bestuurders: Frontale botsing,Geen hindernis
45490,99,Mechelen teller 1,Mechelen,51.04564,4.46882,0.42281687208176455,51.042210262604044,4.4662085479144835,2024,2,17,12025,Mechelen,Normaal,Droog,Dageraad - schemering,met zwaargewonden,9,personenauto,3,Fiets,Op Kruispunt,Gemeenteweg,binnen bebouwde kom,Tss. 2 best.: langs opzij (voor-/achterkant-flank),Geen hindernis
45490,100,Mechelen teller 2,Mechelen,51.0457,4.46883,0.42914228042706204,51.042210262604044,4.4662085479144835,2024,2,17,12025,Mechelen,Normaal,Droog,Dageraad - schemering,met zwaargewonden,9,personenauto,3,Fiets,Op Kruispunt,Gemeenteweg,binnen bebouwde kom,Tss. 2 best.: langs opzij (voor-/achterkant-flank),Geen hindernis
45495,115,Aalter,Aalter,51.1058367,3.4350591,0.4813093011983142,51.10216132504501,3.4387004167260224,2024,2,7,44084,Aalter,Regenval,"Nat, plassen",Dag,met lichtgewonden,9,personenauto,3,Fiets,Op Kruispunt,Gewestweg,binnen bebouwde kom,Tss. 2 best.: langs opzij (voor-/achterkant-flank),Geen hindernis
45508,2,Brasschaat 2,Brasschaat,51.27512,4.47169,0.9959107719367014,51.271004366252505,4.458974665175149,2024,3,8,11002,Antwerpen,Normaal,Droog,Dag,met lichtgewonden,5,Lichte vrachtauto,3,Fiets,Buiten Kruispunt,Gewestweg,buiten bebouwde kom,Tss. 2 best.: langs opzij (voor-/achterkant-flank),Geen hindernis
45508,3,Brasschaat 1,Brasschaat,51.27503,4.47222,1.0243847881164274,51.271004366252505,4.458974665175149,2024,3,8,11002,Antwerpen,Normaal,Droog,Dag,met lichtgewonden,5,Lichte vrachtauto,3,Fiets,Buiten Kruispunt,Gewestweg,buiten bebouwde kom,Tss. 2 best.: langs opzij (voor-/achterkant-flank),Geen hindernis
45519,2,Brasschaat 2,Brasschaat,51.27512,4.47169,1.477157263156128,51.27842389100948,4.451121212036633,2024,3,8,11002,Antwerpen,Normaal,Droog,Dag,met lichtgewonden,9,personenauto,3,Fiets,Op Kruispunt,Gemeenteweg,binnen bebouwde kom,Tussen 2 bestuurders: Frontale botsing,Geen hindernis
45519,3,Brasschaat 1,Brasschaat,51.27503,4.47222,1.5153555700195325,51.27842389100948,4.451121212036633,2024,3,8,11002,Antwerpen,Normaal,Droog,Dag,met lichtgewonden,9,personenauto,3,Fiets,Op Kruispunt,Gemeenteweg,binnen bebouwde kom,Tussen 2 bestuurders: Frontale botsing,Geen hindernis
45527,2,Brasschaat 2,Brasschaat,51.27512,4.47169,1.3271327811314817,51.279061447687255,4.453681018358558,2024,3,13,11008,Brasschaat,Normaal,Droog,Dag,met lichtgewonden,3,Fiets,3,Fiets,Buiten Kruispunt,Gewestweg,binnen bebouwde kom,Tussen 2 bestuurders: Frontale botsing,Geen hindernis
45527,3,Brasschaat 1,Brasschaat,51.27503,4.47222,1.365239312148243,51.279061447687255,4.453681018358558,2024,3,13,11008,Brasschaat,Normaal,Droog,Dag,met lichtgewonden,3,Fiets,3,Fiets,Buiten Kruispunt,Gewestweg,binnen bebouwde kom,Tussen 2 bestuurders: Frontale botsing,Geen hindernis
45605,3,Brasschaat 1,Brasschaat,51.27503,4.47222,1.9339636174146178,51.25905353610322,4.483206432954711,2024,3,17,11040,Schoten,Regenval,"Nat, plassen",Dag,met lichtgewonden,3,Fiets,9,personenauto,Op Kruispunt,Gemeenteweg,buiten bebouwde kom,Tss. 2 best.: langs opzij (voor-/achterkant-flank),Geen hindernis
45605,2,Brasschaat 2,Brasschaat,51.27512,4.47169,1.957958462977544,51.25905353610322,4.483206432954711,2024,3,17,11040,Schoten,Regenval,"Nat, plassen",Dag,met lichtgewonden,3,Fiets,9,personenauto,Op Kruispunt,Gemeenteweg,buiten bebouwde kom,Tss. 2 best.: langs opzij (voor-/achterkant-flank),Geen hindernis
45622,9,Heist op den Berg 2,Heist-op-den-Berg,51.06904,4.69524,1.6634671749841845,51.06005932338125,4.714278103854196,2024,3,12,12014,Heist-op-den-Berg,Normaal,Droog,Dag,met lichtgewonden,9,personenauto,3,Fiets,Op Kruispunt,Gewestweg,buiten bebouwde kom,Tss. 2 best.: langs opzij (voor-/achterkant-flank),Geen hindernis
45622,8,Heist op den Berg 1,Heist-op-den-Berg,51.06759,4.68823,2.0036368936889386,51.06005932338125,4.714278103854196,2024,3,12,12014,Heist-op-den-Berg,Normaal,Droog,Dag,met lichtgewonden,9,personenauto,3,Fiets,Op Kruispunt,Gewestweg,buiten bebouwde kom,Tss. 2 best.: langs opzij (voor-/achterkant-flank),Geen hindernis
45623,9,Heist op den Berg 2,Heist-op-den-Berg,51.06904,4.69524,1.7651618498628805,51.07612679100683,4.717847047820861,2024,3,19,12014,Heist-op-den-Berg,Onbekend,Onbekend,"Nacht, openbare verlichting aanwezig en ontstoken",met lichtgewonden,9,personenauto,3,Fiets,Buiten Kruispunt,Gemeenteweg,binnen bebouwde kom,Tss. 2 best.: langs opzij (voor-/achterkant-flank),Geen hindernis
45623,8,Heist op den Berg 1,Heist-op-den-Berg,51.06759,4.68823,2.2766434620139213,51.07612679100683,4.717847047820861,2024,3,19,12014,Heist-op-den-Berg,Onbekend,Onbekend,"Nacht, openbare verlichting aanwezig en ontstoken",met lichtgewonden,9,personenauto,3,Fiets,Buiten Kruispunt,Gemeenteweg,binnen bebouwde kom,Tss. 2 best.: langs opzij (voor-/achterkant-flank),Geen hindernis
45643,133,Gierde Lille Totem,Lille,51.2453915,4.8297416,1.7534343500688359,51.25445699442229,4.809127837226801,2024,3,6,13019,Lille,Regenval,"Nat, plassen",Dag,met lichtgewonden,9,personenauto,3,Fiets,Op Kruispunt,Gewestweg,buiten bebouwde kom,Tss. 2 best.: langs opzij (voor-/achterkant-flank),Geen hindernis
45643,132,Gierde lille,Lille,51.245445,4.8298851,1.75821776908482,51.25445699442229,4.809127837226801,2024,3,6,13019,Lille,Regenval,"Nat, plassen",Dag,met lichtgewonden,9,personenauto,3,Fiets,Op Kruispunt,Gewestweg,buiten bebouwde kom,Tss. 2 best.: langs opzij (voor-/achterkant-flank),Geen hindernis
45645,88,Westerlo teller 1,Westerlo,51.082,4.91325,1.2171562386356436,51.092943736927964,4.9128841795326785,2024,3,16,13049,Westerlo,Normaal,Droog,Dag,met lichtgewonden,5,Lichte vrachtauto,3,Fiets,Buiten Kruispunt,Gemeenteweg,binnen bebouwde kom,Tss. 2 best.: langs opzij (voor-/achterkant-flank),Geen hindernis
45645,89,Westerlo teller 2,Westerlo,51.08191,4.91334,1.2273085694656403,51.092943736927964,4.9128841795326785,2024,3,16,13049,Westerlo,Normaal,Droog,Dag,met lichtgewonden,5,Lichte vrachtauto,3,Fiets,Buiten Kruispunt,Gemeenteweg,binnen bebouwde kom,Tss. 2 best.: langs opzij (voor-/achterkant-flank),Geen hindernis
45646,88,Westerlo teller 1,Westerlo,51.082,4.91325,1.0702352309327676,51.0908931561222,4.919110065874312,2024,3,10,13049,Westerlo,Normaal,Droog,Dag,met lichtgewonden,9,personenauto,3,Fiets,Op Kruispunt,Gewestweg,binnen bebouwde kom,Tss. 2 best.: langs opzij (voor-/achterkant-flank),Geen hindernis
45646,89,Westerlo teller 2,Westerlo,51.08191,4.91334,1.077121094974126,51.0908931561222,4.919110065874312,2024,3,10,13049,Westerlo,Normaal,Droog,Dag,met lichtgewonden,9,personenauto,3,Fiets,Op Kruispunt,Gewestweg,binnen bebouwde kom,Tss. 2 best.: langs opzij (voor-/achterkant-flank),Geen hindernis
45649,112,Geel teller 2,Westerlo,51.1354992,4.9394789,1.0205612056358608,51.142870481842145,4.930763526027146,2024,3,4,13008,Geel,Normaal,Droog,"Nacht, geen openbare verlichting aanwezig",dodelijk gewonden,3,Fiets,4,Vrachtwagen,Buiten Kruispunt,Gemeenteweg,buiten bebouwde kom,Tussen 2 bestuurders: Langs achteren,Geen hindernis
45649,127,Geel totem,Westerlo,51.1342966,4.9400421,1.1523790662524704,51.142870481842145,4.930763526027146,2024,3,4,13008,Geel,Normaal,Droog,"Nacht, geen openbare verlichting aanwezig",dodelijk gewonden,3,Fiets,4,Vrachtwagen,Buiten Kruispunt,Gemeenteweg,buiten bebouwde kom,Tussen 2 bestuurders: Langs achteren,Geen hindernis
45650,98,Geel teller 2,Geel,51.1481,4.99643,1.4334823321866328,51.16082394135576,4.993125817348215,2024,3,12,13008,Geel,Normaal,Droog,Dag,met lichtgewonden,3,Fiets,9,personenauto,Buiten Kruispunt,Gemeenteweg,binnen bebouwde kom,Tussen 2 bestuurders: Flank tegen flank,Geen hindernis
45650,97,Geel teller 1,Geel,51.14813,4.99698,1.4368696068880833,51.16082394135576,4.993125817348215,2024,3,12,13008,Geel,Normaal,Droog,Dag,met lichtgewonden,3,Fiets,9,personenauto,Buiten Kruispunt,Gemeenteweg,binnen bebouwde kom,Tussen 2 bestuurders: Flank tegen flank,Geen hindernis
45654,5,Balen 2,Balen,51.16018,5.19003,0.30998746407820976,51.16190954055919,5.1865436300019025,2024,3,14,13003,Balen,Normaal,Droog,Dag,met lichtgewonden,9,personenauto,3,Fiets,Op Kruispunt,Gewestweg,buiten bebouwde kom,Tss. 2 best.: langs opzij (voor-/achterkant-flank),Geen hindernis
45654,4,Balen 1,Balen,51.16023,5.19011,0.3110117707731504,51.16190954055919,5.1865436300019025,2024,3,14,13003,Balen,Normaal,Droog,Dag,met lichtgewonden,9,personenauto,3,Fiets,Op Kruispunt,Gewestweg,buiten bebouwde kom,Tss. 2 best.: langs opzij (voor-/achterkant-flank),Geen hindernis
45656,135,Retie 2,Dessel,51.2544998,5.1040064,2.242117187334069,51.23455699035407,5.108762659036845,2024,3,13,13006,Dessel,Normaal,Droog,Dag,met lichtgewonden,4,Vrachtwagen,3,Fiets,Buiten Kruispunt,Gemeenteweg,binnen bebouwde kom,Tss. 2 best.: langs opzij (voor-/achterkant-flank),Geen hindernis
45656,134,Retie,Dessel,51.2548405,5.1037658,2.2820851546167393,51.23455699035407,5.108762659036845,2024,3,13,13006,Dessel,Normaal,Droog,Dag,met lichtgewonden,4,Vrachtwagen,3,Fiets,Buiten Kruispunt,Gemeenteweg,binnen bebouwde kom,Tss. 2 best.: langs opzij (voor-/achterkant-flank),Geen hindernis