crash_row_id,site_id,site_name,site_gemeente,site_lat,site_long,distance_km,crash_lat,crash_long,DT_YEAR_COLLISION,DT_MONTH_COLLISION,DT_TIME,CD_NIS,TX_MUNTY_COLLISION_NL,TX_WEATHER_NL,TX_ROAD_CONDITION_NL,TX_LIGHT_CONDITION_NL,TX_CLASS_ACCIDENTS_NL,CD_ROAD_USR_TYPE1,TX_ROAD_USR_TYPE1_NL,CD_ROAD_USR_TYPE2,TX_ROAD_USR_TYPE2_NL,TX_CROSSWAY_NL,CD_ROAD_TYPE_NL,TX_BUILD_UP_AREA_NL,TX_COLLISION_TYPE_NL,TX_OBSTACLES_NL
45663,94,Herentals teller 2,Herentals,51.17345,4.81283,1.276044931554709,51.16399733158495,4.823207360887734,2024,3,15,13011,Herentals,Onbekend,Onbekend,Dag,met lichtgewonden,3,Fiets,2,Andere weggebruiker,Op Kruispunt,Gemeenteweg,onbekend,Tss. 2 best.: langs opzij (voor-/achterkant-flank),Geen hindernis
45663,110,Herentals totem,Herentals,51.1739426,4.811783,1.362862546225604,51.16399733158495,4.823207360887734,2024,3,15,13011,Herentals,Onbekend,Onbekend,Dag,met lichtgewonden,3,Fiets,2,Andere weggebruiker,Op Kruispunt,Gemeenteweg,onbekend,Tss. 2 best.: langs opzij (voor-/achterkant-flank),Geen hindernis
45664,94,Herentals teller 2,Herentals,51.17345,4.81283,2.29488938684748,51.18773798220981,4.836587651030326,2024,3,14,13011,Herentals,Normaal,Droog,Dag,met lichtgewonden,3,Fiets,9,personenauto,Buiten Kruispunt,Gewestweg,binnen bebouwde kom,Tss. 2 best.: langs opzij (voor-/achterkant-flank),Geen hindernis
45664,110,Herentals totem,Herentals,51.1739426,4.811783,2.311380406002622,51.18773798220981,4.836587651030326,2024,3,14,13011,Herentals,Normaal,Droog,Dag,met lichtgewonden,3,Fiets,9,personenauto,Buiten Kruispunt,Gewestweg,binnen bebouwde kom,Tss. 2 best.: langs opzij (voor-/achterkant-flank),Geen hindernis
45665,94,Herentals teller 2,Herentals,51.17345,4.81283,1.5548312714878814,51.180454848634454,4.832133727562937,2024,3,8,13011,Herentals,Normaal,Droog,Dag,met lichtgewonden,9,personenauto,3,Fiets,Op Kruispunt,Gemeenteweg,binnen bebouwde kom,Tss. 2 best.: langs opzij (voor-/achterkant-flank),Geen hindernis
45665,110,Herentals totem,Herentals,51.1739426,4.811783,1.5927673850790172,51.180454848634454,4.832133727562937,2024,3,8,13011,Herentals,Normaal,Droog,Dag,met lichtgewonden,9,personenauto,3,Fiets,Op Kruispunt,Gemeenteweg,binnen bebouwde kom,Tss. 2 best.: langs opzij (voor-/achterkant-flank),Geen hindernis
45668,94,Herentals teller 2,Herentals,51.17345,4.81283,1.8613043939804195,51.15847665136656,4.824763493104706,2024,3,16,13011,Herentals,Normaal,Droog,Dag,met lichtgewonden,3,Fiets,3,Fiets,Buiten Kruispunt,Gemeenteweg,buiten bebouwde kom,Tss. 2 best.: langs opzij (voor-/achterkant-flank),Geen hindernis
45668,110,Herentals totem,Herentals,51.1739426,4.811783,1.9433632093193802,51.15847665136656,4.824763493104706,2024,3,16,13011,Herentals,Normaal,Droog,Dag,met lichtgewonden,3,Fiets,3,Fiets,Buiten Kruispunt,Gemeenteweg,buiten bebouwde kom,Tss. 2 best.: langs opzij (voor-/achterkant-flank),Geen hindernis
45669,94,Herentals teller 2,Herentals,51.17345,4.81283,1.5619102882251954,51.18224397906151,4.830301879437734,2024,3,10,13011,Herentals,Regenval,"Nat, plassen",Dag,met lichtgewonden,9,personenauto,3,Fiets,Op Kruispunt,Gemeenteweg,binnen bebouwde kom,Tss. 2 best.: langs opzij (voor-/achterkant-flank),Geen hindernis
45669,110,Herentals totem,Herentals,51.1739426,4.811783,1.5869888385668014,51.18224397906151,4.830301879437734,2024,3,10,13011,Herentals,Regenval,"Nat, plassen",Dag,met lichtgewonden,9,personenauto,3,Fiets,Op Kruispunt,Gemeenteweg,binnen bebouwde kom,Tss. 2 best.: langs opzij (voor-/achterkant-flank),Geen hindernis
45671,37,Lommel teller 1,Lommel,51.23299,5.29211,2.1600646699207453,51.22698020864795,5.3216102408885995,2024,3,8,72020,Lommel,Normaal,Droog,Dag,met lichtgewonden,9,personenauto,3,Fiets,Op Kruispunt,Gewestweg,buiten bebouwde kom,Tss. 2 best.: langs opzij (voor-/achterkant-flank),Geen hindernis
45671,38,Lommel teller 2,Lommel,51.23277,5.29189,2.1672492849803717,51.22698020864795,5.3216102408885995,2024,3,8,72020,Lommel,Normaal,Droog,Dag,met lichtgewonden,9,personenauto,3,Fiets,Op Kruispunt,Gewestweg,buiten bebouwde kom,Tss. 2 best.: langs opzij (voor-/achterkant-flank),Geen hindernis
45672,46,Pelt teller 2,Pelt,51.231,5.44375,0.21390521993073058,51.2298490281414,5.441288469369537,2024,3,21,72043,Pelt,Normaal,Droog,"Nacht, openbare verlichting aanwezig en ontstoken",met lichtgewonden,9,personenauto,3,Fiets,Op Kruispunt,Gewestweg,binnen bebouwde kom,Tss. 2 best.: langs opzij (voor-/achterkant-flank),Geen hindernis
45672,45,Pelt teller 1,Pelt,51.23127,5.44377,0.23413810740303542,51.2298490281414,5.441288469369537,2024,3,21,72043,Pelt,Normaal,Droog,"Nacht, openbare verlichting aanwezig en ontstoken",met lichtgewonden,9,personenauto,3,Fiets,Op Kruispunt,Gewestweg,binnen bebouwde kom,Tss. 2 best.: langs opzij (voor-/achterkant-flank),Geen hindernis
45673,37,Lommel teller 1,Lommel,51.23299,5.29211,2.1600646699207453,51.22698020864795,5.3216102408885995,2024,3,14,72020,Lommel,Normaal,Droog,Dag,met lichtgewonden,9,personenauto,3,Fiets,Op Kruispunt,Gewestweg,binnen bebouwde kom,Tss. 2 best.: langs opzij (voor-/achterkant-flank),Geen hindernis
45673,38,Lommel teller 2,Lommel,51.23277,5.29189,2.1672492849803717,51.22698020864795,5.3216102408885995,2024,3,14,72020,Lommel,Normaal,Droog,Dag,met lichtgewonden,9,personenauto,3,Fiets,Op Kruispunt,Gewestweg,binnen bebouwde kom,Tss. 2 best.: langs opzij (voor-/achterkant-flank),Geen hindernis
45675,46,Pelt teller 2,Pelt,51.231,5.44375,0.7121464843893094,51.22784544977644,5.43484919992602,2024,3,19,72043,Pelt,Normaal,Droog,Dageraad - schemering,met lichtgewonden,3,Fiets,9,personenauto,Buiten Kruispunt,Gewestweg,binnen bebouwde kom,Tss. 2 best.: langs opzij (voor-/achterkant-flank),Geen hindernis
45675,45,Pelt teller 1,Pelt,51.23127,5.44377,0.72858899208692,51.22784544977644,5.43484919992602,2024,3,19,72043,Pelt,Normaal,Droog,Dageraad - schemering,met lichtgewonden,3,Fiets,9,personenauto,Buiten Kruispunt,Gewestweg,binnen bebouwde kom,Tss. 2 best.: langs opzij (voor-/achterkant-flank),Geen hindernis
45698,21,Bilzen,Bilzen,50.86015,5.50161,1.1394686758389312,50.861390670005406,5.517725325501654,2024,3,16,73006,Bilzen,Regenval,"Nat, plassen",Dag,met lichtgewonden,3,Fiets,5,Lichte vrachtauto,Buiten Kruispunt,Gemeenteweg,buiten bebouwde kom,Tussen 2 bestuurders: Langs achteren,Geen hindernis
45699,43,Maaseik teller 1,Maaseik,51.09344,5.79715,2.338103753839767,51.09762274186721,5.764337778755038,2024,3,8,72021,Maaseik,Normaal,Droog,Dag,met lichtgewonden,9,personenauto,3,Fiets,Buiten Kruispunt,Gemeenteweg,buiten bebouwde kom,Tussen 2 bestuurders: Flank tegen flank,Geen hindernis
45699,44,Maaseik teller 2,Maaseik,51.09359,5.79726,2.34237854805711,51.09762274186721,5.764337778755038,2024,3,8,72021,Maaseik,Normaal,Droog,Dag,met lichtgewonden,9,personenauto,3,Fiets,Buiten Kruispunt,Gemeenteweg,buiten bebouwde kom,Tussen 2 bestuurders: Flank tegen flank,Geen hindernis
45700,44,Maaseik teller 2,Maaseik,51.09359,5.79726,1.090269362657597,51.09814409031857,5.783433590982995,2024,3,12,72021,Maaseik,Normaal,Droog,Dag,met lichtgewonden,4,Vrachtwagen,3,Fiets,Op Kruispunt,Gewestweg,binnen bebouwde kom,Tss. 2 best.: langs opzij (voor-/achterkant-flank),Geen hindernis
45700,43,Maaseik teller 1,Maaseik,51.09344,5.79715,1.0913689919215221,51.09814409031857,5.783433590982995,2024,3,12,72021,Maaseik,Normaal,Droog,Dag,met lichtgewonden,4,Vrachtwagen,3,Fiets,Op Kruispunt,Gewestweg,binnen bebouwde kom,Tss. 2 best.: langs opzij (voor-/achterkant-flank),Geen hindernis
45702,151,Leuven,District Leuven,50.8690262,4.6854839,1.2335641769378136,50.85837442079657,4.680572370135442,2024,3,7,24062,Leuven,Normaal,Droog,Dag,met lichtgewonden,3,Fiets,3,Fiets,Buiten Kruispunt,Gemeenteweg,binnen bebouwde kom,Tussen 2 bestuurders: Frontale botsing,Geen hindernis
45702,108,Heverlee teller 1,Leuven,50.8471728,4.6954674,1.626266604915585,50.85837442079657,4.680572370135442,2024,3,7,24062,Leuven,Normaal,Droog,Dag,met lichtgewonden,3,Fiets,3,Fiets,Buiten Kruispunt,Gemeenteweg,binnen bebouwde kom,Tussen 2 bestuurders: Frontale botsing,Geen hindernis
45702,76,Heverlee teller 2,Leuven,50.84606,4.69597,1.7445217485356364,50.85837442079657,4.680572370135442,2024,3,7,24062,Leuven,Normaal,Droog,Dag,met lichtgewonden,3,Fiets,3,Fiets,Buiten Kruispunt,Gemeenteweg,binnen bebouwde kom,Tussen 2 bestuurders: Frontale botsing,Geen hindernis
45703,77,Leuven teller 2,Leuven,50.88672,4.70796,1.1540957268137981,50.884179202332916,4.69200871487752,2024,3,10,24062,Leuven,Regenval,"Nat, plassen",Dag,met lichtgewonden,5,Lichte vrachtauto,3,Fiets,Op Kruispunt,Gemeenteweg,binnen bebouwde kom,Tss. 2 best.: langs opzij (voor-/achterkant-flank),Geen hindernis
45703,107,leuven totem,Leuven,50.8870744,4.7087919,1.2205548967661881,50.884179202332916,4.69200871487752,2024,3,10,24062,Leuven,Regenval,"Nat, plassen",Dag,met lichtgewonden,5,Lichte vrachtauto,3,Fiets,Op Kruispunt,Gemeenteweg,binnen bebouwde kom,Tss. 2 best.: langs opzij (voor-/achterkant-flank),Geen hindernis
45703,151,Leuven,District Leuven,50.8690262,4.6854839,1.7460226508559162,50.884179202332916,4.69200871487752,2024,3,10,24062,Leuven,Regenval,"Nat, plassen",Dag,met lichtgewonden,5,Lichte vrachtauto,3,Fiets,Op Kruispunt,Gemeenteweg,binnen bebouwde kom,Tss. 2 best.: langs opzij (voor-/achterkant-flank),Geen hindernis
45703,69,Leuven teller 1,Leuven,50.87549,4.71526,1.8959373140725775,50.884179202332916,4.69200871487752,2024,3,10,24062,Leuven,Regenval,"Nat, plassen",Dag,met lichtgewonden,5,Lichte vrachtauto,3,Fiets,Op Kruispunt,Gemeenteweg,binnen bebouwde kom,Tss. 2 best.: langs opzij (voor-/achterkant-flank),Geen hindernis
45704,107,leuven totem,Leuven,50.8870744,4.7087919,0.8416637384517519,50.89440078325245,4.705776579007777,2024,3,20,24062,Leuven,Normaal,Onbekend,"Nacht, openbare verlichting aanwezig en ontstoken",met lichtgewonden,6,Bromfiets,3,Fiets,Buiten Kruispunt,Gemeenteweg,buiten bebouwde kom,Tussen 2 bestuurders: Frontale botsing,Geen hindernis
45704,77,Leuven teller 2,Leuven,50.88672,4.70796,0.8676868234538162,50.89440078325245,4.705776579007777,2024,3,20,24062,Leuven,Normaal,Onbekend,"Nacht, openbare verlichting aanwezig en ontstoken",met lichtgewonden,6,Bromfiets,3,Fiets,Buiten Kruispunt,Gemeenteweg,buiten bebouwde kom,Tussen 2 bestuurders: Frontale botsing,Geen hindernis
45704,69,Leuven teller 1,Leuven,50.87549,4.71526,2.205510898927252,50.89440078325245,4.705776579007777,2024,3,20,24062,Leuven,Normaal,Onbekend,"Nacht, openbare verlichting aanwezig en ontstoken",met lichtgewonden,6,Bromfiets,3,Fiets,Buiten Kruispunt,Gemeenteweg,buiten bebouwde kom,Tussen 2 bestuurders: Frontale botsing,Geen hindernis
45705,69,Leuven teller 1,Leuven,50.87549,4.71526,1.8386351649337584,50.859005907457785,4.7173192008339395,2024,3,15,24062,Leuven,"Sterke wind, rukwind",Droog,Dag,met lichtgewonden,3,Fiets,11,een weggebruiker tegen een hindernis,Buiten Kruispunt,Gemeenteweg,binnen bebouwde kom,Weggebruiker tegen hindernis op de rijbaan,"Op de rijbaan: Werken (signal., aarde, toestel,…)"
45705,108,Heverlee teller 1,Leuven,50.8471728,4.6954674,2.0209726924876077,50.859005907457785,4.7173192008339395,2024,3,15,24062,Leuven,"Sterke wind, rukwind",Droog,Dag,met lichtgewonden,3,Fiets,11,een weggebruiker tegen een hindernis,Buiten Kruispunt,Gemeenteweg,binnen bebouwde kom,Weggebruiker tegen hindernis op de rijbaan,"Op de rijbaan: Werken (signal., aarde, toestel,…)"
45705,76,Heverlee teller 2,Leuven,50.84606,4.69597,2.078057144500315,50.859005907457785,4.7173192008339395,2024,3,15,24062,Leuven,"Sterke wind, rukwind",Droog,Dag,met lichtgewonden,3,Fiets,11,een weggebruiker tegen een hindernis,Buiten Kruispunt,Gemeenteweg,binnen bebouwde kom,Weggebruiker tegen hindernis op de rijbaan,"Op de rijbaan: Werken (signal., aarde, toestel,…)"
45705,151,Leuven,District Leuven,50.8690262,4.6854839,2.4966804592719014,50.859005907457785,4.7173192008339395,2024,3,15,24062,Leuven,"Sterke wind, rukwind",Droog,Dag,met lichtgewonden,3,Fiets,11,een weggebruiker tegen een hindernis,Buiten Kruispunt,Gemeenteweg,binnen bebouwde kom,Weggebruiker tegen hindernis op de rijbaan,"Op de rijbaan: Werken (signal., aarde, toestel,…)"
45706,69,Leuven teller 1,Leuven,50.87549,4.71526,0.9966397111956206,50.870710530411024,4.727275633111482,2024,3,13,24062,Leuven,Normaal,Droog,Dag,met lichtgewonden,9,personenauto,3,Fiets,Buiten Kruispunt,Gewestweg,binnen bebouwde kom,Tss. 2 best.: langs opzij (voor-/achterkant-flank),Geen hindernis
45706,107,leuven totem,Leuven,50.8870744,4.7087919,2.234411502528737,50.870710530411024,4.727275633111482,2024,3,13,24062,Leuven,Normaal,Droog,Dag,met lichtgewonden,9,personenauto,3,Fiets,Buiten Kruispunt,Gewestweg,binnen bebouwde kom,Tss. 2 best.: langs opzij (voor-/achterkant-flank),Geen hindernis
45706,77,Leuven teller 2,Leuven,50.88672,4.70796,2.2373058676540247,50.870710530411024,4.727275633111482,2024,3,13,24062,Leuven,Normaal,Droog,Dag,met lichtgewonden,9,personenauto,3,Fiets,Buiten Kruispunt,Gewestweg,binnen bebouwde kom,Tss. 2 best.: langs opzij (voor-/achterkant-flank),Geen hindernis
45707,69,Leuven teller 1,Leuven,50.87549,4.71526,0.4242868515728357,50.87644982325038,4.7094073788612905,2024,3,12,24062,Leuven,Normaal,Droog,Dag,met lichtgewonden,9,personenauto,3,Fiets,Op Kruispunt,Gemeenteweg,binnen bebouwde kom,Tss. 2 best.: langs opzij (voor-/achterkant-flank),Geen hindernis
45707,77,Leuven teller 2,Leuven,50.88672,4.70796,1.146497033624956,50.87644982325038,4.7094073788612905,2024,3,12,24062,Leuven,Normaal,Droog,Dag,met lichtgewonden,9,personenauto,3,Fiets,Op Kruispunt,Gemeenteweg,binnen bebouwde kom,Tss. 2 best.: langs opzij (voor-/achterkant-flank),Geen hindernis
45707,107,leuven totem,Leuven,50.8870744,4.7087919,1.1821878508152457,50.87644982325038,4.7094073788612905,2024,3,12,24062,Leuven,Normaal,Droog,Dag,met lichtgewonden,9,personenauto,3,Fiets,Op Kruispunt,Gemeenteweg,binnen bebouwde kom,Tss. 2 best.: langs opzij (voor-/achterkant-flank),Geen hindernis
45707,151,Leuven,District Leuven,50.8690262,4.6854839,1.8706651694864875,50.87644982325038,4.7094073788612905,2024,3,12,24062,Leuven,Normaal,Droog,Dag,met lichtgewonden,9,personenauto,3,Fiets,Op Kruispunt,Gemeenteweg,binnen bebouwde kom,Tss. 2 best.: langs opzij (voor-/achterkant-flank),Geen hindernis
45708,69,Leuven teller 1,Leuven,50.87549,4.71526,0.7212386727879289,50.87347845758744,4.705487813970355,2024,3,16,24062,Leuven,Onbekend,Onbekend,Onbekend,met lichtgewonden,7,Motorfiets,3,Fiets,Op Kruispunt,Gemeenteweg,binnen bebouwde kom,Tussen 2 bestuurders: Langs achteren,Geen hindernis
45708,77,Leuven teller 2,Leuven,50.88672,4.70796,1.482572701670325,50.87347845758744,4.705487813970355,2024,3,16,24062,Leuven,Onbekend,Onbekend,Onbekend,met lichtgewonden,7,Motorfiets,3,Fiets,Op Kruispunt,Gemeenteweg,binnen bebouwde kom,Tussen 2 bestuurders: Langs achteren,Geen hindernis
45708,151,Leuven,District Leuven,50.8690262,4.6854839,1.4884437429643762,50.87347845758744,4.705487813970355,2024,3,16,24062,Leuven,Onbekend,Onbekend,Onbekend,met lichtgewonden,7,Motorfiets,3,Fiets,Op Kruispunt,Gemeenteweg,binnen bebouwde kom,Tussen 2 bestuurders: Langs achteren,Geen hindernis
45708,107,leuven totem,Leuven,50.8870744,4.7087919,1.52946825343203,50.87347845758744,4.705487813970355,2024,3,16,24062,Leuven,Onbekend,Onbekend,Onbekend,met lichtgewonden,7,Motorfiets,3,Fiets,Op Kruispunt,Gemeenteweg,binnen bebouwde kom,Tussen 2 bestuurders: Langs achteren,Geen hindernis
45709,69,Leuven teller 1,Leuven,50.87549,4.71526,1.6264656654409295,50.86088924114709,4.713868176633186,2024,3,0,24062,Leuven,Normaal,Droog,"Nacht, openbare verlichting aanwezig en ontstoken",met zwaargewonden,3,Fiets,9,personenauto,Buiten Kruispunt,Gemeenteweg,binnen bebouwde kom,Tss. 2 best.: langs opzij (voor-/achterkant-flank),Geen hindernis
45709,108,Heverlee teller 1,Leuven,50.8471728,4.6954674,1.9986680630652705,50.86088924114709,4.713868176633186,2024,3,0,24062,Leuven,Normaal,Droog,"Nacht, openbare verlichting aanwezig en ontstoken",met zwaargewonden,3,Fiets,9,personenauto,Buiten Kruispunt,Gemeenteweg,binnen bebouwde kom,Tss. 2 best.: langs opzij (voor-/achterkant-flank),Geen hindernis
45709,76,Heverlee teller 2,Leuven,50.84606,4.69597,2.07305878655773,50.86088924114709,4.713868176633186,2024,3,0,24062,Leuven,Normaal,Droog,"Nacht, openbare verlichting aanwezig en ontstoken",met zwaargewonden,3,Fiets,9,personenauto,Buiten Kruispunt,Gemeenteweg,binnen bebouwde kom,Tss. 2 best.: langs opzij (voor-/achterkant-flank),Geen hindernis
45709,151,Leuven,District Leuven,50.8690262,4.6854839,2.1878804661785325,50.86088924114709,4.713868176633186,2024,3,0,24062,Leuven,Normaal,Droog,"Nacht, openbare verlichting aanwezig en ontstoken",met zwaargewonden,3,Fiets,9,personenauto,Buiten Kruispunt,Gemeenteweg,binnen bebouwde kom,Tss. 2 best.: langs opzij (voor-/achterkant-flank),Geen hindernis
45710,151,Leuven,District Leuven,50.8690262,4.6854839,0.5233006859756767,50.873343755651234,4.688451254843001,2024,3,16,24062,Leuven,Normaal,Droog,Dag,met lichtgewonden,9,personenauto,3,Fiets,Op Kruispunt,Gewestweg,buiten bebouwde kom,Tss. 2 best.: langs opzij (voor-/achterkant-flank),Geen hindernis
45710,69,Leuven teller 1,Leuven,50.87549,4.71526,1.8961534884322262,50.873343755651234,4.688451254843001,2024,3,16,24062,Leuven,Normaal,Droog,Dag,met lichtgewonden,9,personenauto,3,Fiets,Op Kruispunt,Gewestweg,buiten bebouwde kom,Tss. 2 best.: langs opzij (voor-/achterkant-flank),Geen hindernis
45710,77,Leuven teller 2,Leuven,50.88672,4.70796,2.0212859204165783,50.873343755651234,4.688451254843001,2024,3,16,24062,Leuven,Normaal,Droog,Dag,met lichtgewonden,9,personenauto,3,Fiets,Op Kruispunt,Gewestweg,buiten bebouwde kom,Tss. 2 best.: langs opzij (voor-/achterkant-flank),Geen hindernis
45710,107,leuven totem,Leuven,50.8870744,4.7087919,2.0898645787641708,50.873343755651234,4.688451254843001,2024,3,16,24062,Leuven,Normaal,Droog,Dag,met lichtgewonden,9,personenauto,3,Fiets,Op Kruispunt,Gewestweg,buiten bebouwde kom,Tss. 2 best.: langs opzij (voor-/achterkant-flank),Geen hindernis
45711,151,Leuven,District Leuven,50.8690262,4.6854839,0.9868497339161223,50.86851427445728,4.699523187397473,2024,3,21,24062,Leuven,Normaal,Droog,"Nacht, openbare verlichting aanwezig en ontstoken",met lichtgewonden,3,Fiets,6,Bromfiets,Op Kruispunt,Gewestweg,binnen bebouwde kom,Tussen 2 bestuurders: Frontale botsing,Geen hindernis
45711,69,Leuven teller 1,Leuven,50.87549,4.71526,1.3494566337261162,50.86851427445728,4.699523187397473,2024,3,21,24062,Leuven,Normaal,Droog,"Nacht, openbare verlichting aanwezig en ontstoken",met lichtgewonden,3,Fiets,6,Bromfiets,Op Kruispunt,Gewestweg,binnen bebouwde kom,Tussen 2 bestuurders: Frontale botsing,Geen hindernis
45711,77,Leuven teller 2,Leuven,50.88672,4.70796,2.10915283473797,50.86851427445728,4.699523187397473,2024,3,21,24062,Leuven,Normaal,Droog,"Nacht, openbare verlichting aanwezig en ontstoken",met lichtgewonden,3,Fiets,6,Bromfiets,Op Kruispunt,Gewestweg,binnen bebouwde kom,Tussen 2 bestuurders: Frontale botsing,Geen hindernis
45711,107,leuven totem,Leuven,50.8870744,4.7087919,2.1638239597705065,50.86851427445728,4.699523187397473,2024,3,21,24062,Leuven,Normaal,Droog,"Nacht, openbare verlichting aanwezig en ontstoken",met lichtgewonden,3,Fiets,6,Bromfiets,Op Kruispunt,Gewestweg,binnen bebouwde kom,Tussen 2 bestuurders: Frontale botsing,Geen hindernis
45711,108,Heverlee teller 1,Leuven,50.8471728,4.6954674,2.390078409811484,50.86851427445728,4.699523187397473,2024,3,21,24062,Leuven,Normaal,Droog,"Nacht, openbare verlichting aanwezig en ontstoken",met lichtgewonden,3,Fiets,6,Bromfiets,Op Kruispunt,Gewestweg,binnen bebouwde kom,Tussen 2 bestuurders: Frontale botsing,Geen hindernis
45712,151,Leuven,District Leuven,50.8690262,4.6854839,0.8412345466454223,50.86151751248176,4.68401889041012,2024,3,8,24062,Leuven,Normaal,Droog,Dag,met lichtgewonden,9,personenauto,3,Fiets,Buiten Kruispunt,Gemeenteweg,binnen bebouwde kom,Tss. 2 best.: langs opzij (voor-/achterkant-flank),Geen hindernis
45712,108,Heverlee teller 1,Leuven,50.8471728,4.6954674,1.7860748113393332,50.86151751248176,4.68401889041012,2024,3,8,24062,Leuven,Normaal,Droog,Dag,met lichtgewonden,9,personenauto,3,Fiets,Buiten Kruispunt,Gemeenteweg,binnen bebouwde kom,Tss. 2 best.: langs opzij (voor-/achterkant-flank),Geen hindernis
45712,76,Heverlee teller 2,Leuven,50.84606,4.69597,1.912610909615044,50.86151751248176,4.68401889041012,2024,3,8,24062,Leuven,Normaal,Droog,Dag,met lichtgewonden,9,personenauto,3,Fiets,Buiten Kruispunt,Gemeenteweg,binnen bebouwde kom,Tss. 2 best.: langs opzij (voor-/achterkant-flank),Geen hindernis
45713,69,Leuven teller 1,Leuven,50.87549,4.71526,1.028745043147643,50.882952404886204,4.723927347311151,2024,3,16,24062,Leuven,Normaal,Droog,Dag,met lichtgewonden,9,personenauto,3,Fiets,Op Kruispunt,Gemeenteweg,binnen bebouwde kom,Tussen 2 bestuurders: Langs achteren,Geen hindernis
45713,107,leuven totem,Leuven,50.8870744,4.7087919,1.1564658573271953,50.882952404886204,4.723927347311151,2024,3,16,24062,Leuven,Normaal,Droog,Dag,met lichtgewonden,9,personenauto,3,Fiets,Op Kruispunt,Gemeenteweg,binnen bebouwde kom,Tussen 2 bestuurders: Langs achteren,Geen hindernis
45713,77,Leuven teller 2,Leuven,50.88672,4.70796,1.1959020835147243,50.882952404886204,4.723927347311151,2024,3,16,24062,Leuven,Normaal,Droog,Dag,met lichtgewonden,9,personenauto,3,Fiets,Op Kruispunt,Gemeenteweg,binnen bebouwde kom,Tussen 2 bestuurders: Langs achteren,Geen hindernis
45714,151,Leuven,District Leuven,50.8690262,4.6854839,0.6066068072354922,50.872487678462605,4.692165407966773,2024,3,22,24062,Leuven,Regenval,"Nat, plassen","Nacht, openbare verlichting aanwezig en ontstoken",met lichtgewonden,3,Fiets,9,personenauto,Buiten Kruispunt,Gemeenteweg,binnen bebouwde kom,Tussen 2 bestuurders: Langs achteren,Geen hindernis
45714,69,Leuven teller 1,Leuven,50.87549,4.71526,1.654511900010391,50.872487678462605,4.692165407966773,2024,3,22,24062,Leuven,Regenval,"Nat, plassen","Nacht, openbare verlichting aanwezig en ontstoken",met lichtgewonden,3,Fiets,9,personenauto,Buiten Kruispunt,Gemeenteweg,binnen bebouwde kom,Tussen 2 bestuurders: Langs achteren,Geen hindernis
45714,77,Leuven teller 2,Leuven,50.88672,4.70796,1.9319546549833018,50.872487678462605,4.692165407966773,2024,3,22,24062,Leuven,Regenval,"Nat, plassen","Nacht, openbare verlichting aanwezig en ontstoken",met lichtgewonden,3,Fiets,9,personenauto,Buiten Kruispunt,Gemeenteweg,binnen bebouwde kom,Tussen 2 bestuurders: Langs achteren,Geen hindernis
45714,107,leuven totem,Leuven,50.8870744,4.7087919,1.9978686448942227,50.872487678462605,4.692165407966773,2024,3,22,24062,Leuven,Regenval,"Nat, plassen","Nacht, openbare verlichting aanwezig en ontstoken",met lichtgewonden,3,Fiets,9,personenauto,Buiten Kruispunt,Gemeenteweg,binnen bebouwde kom,Tussen 2 bestuurders: Langs achteren,Geen hindernis
45716,69,Leuven teller 1,Leuven,50.87549,4.71526,0.56711109576753,50.88058483147745,4.714890865588106,2024,3,22,24062,Leuven,Normaal,Droog,"Nacht, openbare verlichting aanwezig en ontstoken",met lichtgewonden,3,Fiets,9,personenauto,Op Kruispunt,Gewestweg,binnen bebouwde kom,Tussen 2 bestuurders: Frontale botsing,Geen hindernis
45716,77,Leuven teller 2,Leuven,50.88672,4.70796,0.8377375933307225,50.88058483147745,4.714890865588106,2024,3,22,24062,Leuven,Normaal,Droog,"Nacht, openbare verlichting aanwezig en ontstoken",met lichtgewonden,3,Fiets,9,personenauto,Op Kruispunt,Gewestweg,binnen bebouwde kom,Tussen 2 bestuurders: Frontale botsing,Geen hindernis
45716,107,leuven totem,Leuven,50.8870744,4.7087919,0.8389147513819384,50.88058483147745,4.714890865588106,2024,3,22,24062,Leuven,Normaal,Droog,"Nacht, openbare verlichting aanwezig en ontstoken",met lichtgewonden,3,Fiets,9,personenauto,Op Kruispunt,Gewestweg,binnen bebouwde kom,Tussen 2 bestuurders: Frontale botsing,Geen hindernis
45716,151,Leuven,District Leuven,50.8690262,4.6854839,2.4309205794765214,50.88058483147745,4.714890865588106,2024,3,22,24062,Leuven,Normaal,Droog,"Nacht, openbare verlichting aanwezig en ontstoken",met lichtgewonden,3,Fiets,9,personenauto,Op Kruispunt,Gewestweg,binnen bebouwde kom,Tussen 2 bestuurders: Frontale botsing,Geen hindernis
45717,69,Leuven teller 1,Leuven,50.87549,4.71526,0.6400039756437381,50.881198994004315,4.714100337498645,2024,3,8,24062,Leuven,Normaal,Droog,Dag,met lichtgewonden,3,Fiets,3,Fiets,Buiten Kruispunt,Gewestweg,binnen bebouwde kom,Tss. 2 best.: langs opzij (voor-/achterkant-flank),Geen hindernis
45717,77,Leuven teller 2,Leuven,50.88672,4.70796,0.7499566457728516,50.881198994004315,4.714100337498645,2024,3,8,24062,Leuven,Normaal,Droog,Dag,met lichtgewonden,3,Fiets,3,Fiets,Buiten Kruispunt,Gewestweg,binnen bebouwde kom,Tss. 2 best.: langs opzij (voor-/achterkant-flank),Geen hindernis