crash_row_id,site_id,site_name,site_gemeente,site_lat,site_long,distance_km,crash_lat,crash_long,DT_YEAR_COLLISION,DT_MONTH_COLLISION,DT_TIME,CD_NIS,TX_MUNTY_COLLISION_NL,TX_WEATHER_NL,TX_ROAD_CONDITION_NL,TX_LIGHT_CONDITION_NL,TX_CLASS_ACCIDENTS_NL,CD_ROAD_USR_TYPE1,TX_ROAD_USR_TYPE1_NL,CD_ROAD_USR_TYPE2,TX_ROAD_USR_TYPE2_NL,TX_CROSSWAY_NL,CD_ROAD_TYPE_NL,TX_BUILD_UP_AREA_NL,TX_COLLISION_TYPE_NL,TX_OBSTACLES_NL
45717,107,leuven totem,Leuven,50.8870744,4.7087919,0.7519974720019265,50.881198994004315,4.714100337498645,2024,3,8,24062,Leuven,Normaal,Droog,Dag,met lichtgewonden,3,Fiets,3,Fiets,Buiten Kruispunt,Gewestweg,binnen bebouwde kom,Tss. 2 best.: langs opzij (voor-/achterkant-flank),Geen hindernis
45717,151,Leuven,District Leuven,50.8690262,4.6854839,2.4215089732211763,50.881198994004315,4.714100337498645,2024,3,8,24062,Leuven,Normaal,Droog,Dag,met lichtgewonden,3,Fiets,3,Fiets,Buiten Kruispunt,Gewestweg,binnen bebouwde kom,Tss. 2 best.: langs opzij (voor-/achterkant-flank),Geen hindernis
45720,107,leuven totem,Leuven,50.8870744,4.7087919,1.0531276560038492,50.89076397972072,4.72261945916316,2024,3,16,24062,Leuven,Normaal,Droog,Dag,met lichtgewonden,9,personenauto,3,Fiets,Buiten Kruispunt,Gemeenteweg,binnen bebouwde kom,Tss. 2 best.: langs opzij (voor-/achterkant-flank),Geen hindernis
45720,77,Leuven teller 2,Leuven,50.88672,4.70796,1.122308321199849,50.89076397972072,4.72261945916316,2024,3,16,24062,Leuven,Normaal,Droog,Dag,met lichtgewonden,9,personenauto,3,Fiets,Buiten Kruispunt,Gemeenteweg,binnen bebouwde kom,Tss. 2 best.: langs opzij (voor-/achterkant-flank),Geen hindernis
45720,69,Leuven teller 1,Leuven,50.87549,4.71526,1.775128599448484,50.89076397972072,4.72261945916316,2024,3,16,24062,Leuven,Normaal,Droog,Dag,met lichtgewonden,9,personenauto,3,Fiets,Buiten Kruispunt,Gemeenteweg,binnen bebouwde kom,Tss. 2 best.: langs opzij (voor-/achterkant-flank),Geen hindernis
45725,72,Herent teller 1,Herent,50.89135,4.64689,1.8382349465747978,50.89908012376078,4.62372196106801,2024,3,8,24038,Herent,Normaal,Droog,Dag,met lichtgewonden,3,Fiets,3,Fiets,Op Kruispunt,Gemeenteweg,binnen bebouwde kom,Tussen 2 bestuurders: Langs achteren,Geen hindernis
45725,73,Herent teller 2,Herent,50.89128,4.64685,1.8394140440675035,50.89908012376078,4.62372196106801,2024,3,8,24038,Herent,Normaal,Droog,Dag,met lichtgewonden,3,Fiets,3,Fiets,Op Kruispunt,Gemeenteweg,binnen bebouwde kom,Tussen 2 bestuurders: Langs achteren,Geen hindernis
45727,87,Aarschot,Aarschot,50.99084,4.81259,1.9754540645532497,50.99133380845181,4.840803626509656,2024,3,12,24001,Aarschot,Normaal,Droog,Dag,met lichtgewonden,3,Fiets,9,personenauto,Op Kruispunt,Gewestweg,binnen bebouwde kom,Tss. 2 best.: langs opzij (voor-/achterkant-flank),Geen hindernis
45728,87,Aarschot,Aarschot,50.99084,4.81259,1.3405590259198865,50.98085008477827,4.823310785987548,2024,3,15,24001,Aarschot,Normaal,Droog,Dag,met lichtgewonden,3,Fiets,9,personenauto,Op Kruispunt,Gewestweg,binnen bebouwde kom,Tss. 2 best.: langs opzij (voor-/achterkant-flank),Geen hindernis
45730,87,Aarschot,Aarschot,50.99084,4.81259,2.117118178045596,50.98608899882236,4.841880058346471,2024,3,4,24001,Aarschot,Regenval,"Nat, plassen","Nacht, openbare verlichting aanwezig en ontstoken",met lichtgewonden,3,Fiets,11,een weggebruiker tegen een hindernis,Buiten Kruispunt,Gewestweg,buiten bebouwde kom,Weggebruiker tegen hindernis buiten rijbaan,"Buiten de rijbaan: Verkeerseiland, middenberm"
45735,101,Diest teller 1,Diest,50.97799,5.04481,0.7405099136343402,50.98015788326909,5.054811255447726,2024,3,12,24020,Diest,Onbekend,Onbekend,Dag,met lichtgewonden,3,Fiets,9,personenauto,Op Kruispunt,Gemeenteweg,binnen bebouwde kom,Tss. 2 best.: langs opzij (voor-/achterkant-flank),Geen hindernis
45735,102,Diest teller 2,Diest,50.9779,5.04474,0.748443342235569,50.98015788326909,5.054811255447726,2024,3,12,24020,Diest,Onbekend,Onbekend,Dag,met lichtgewonden,3,Fiets,9,personenauto,Op Kruispunt,Gemeenteweg,binnen bebouwde kom,Tss. 2 best.: langs opzij (voor-/achterkant-flank),Geen hindernis
45740,145,Overijse,District Vilvoorde-gewestwegen,50.7885856,4.4908759,0.19567692380890406,50.79028152344366,4.490132909744301,2024,3,18,23062,Overijse,Normaal,"Nat, plassen",Dag,met zwaargewonden,9,personenauto,3,Fiets,Buiten Kruispunt,Gewestweg,buiten bebouwde kom,Tss. 2 best.: langs opzij (voor-/achterkant-flank),Geen hindernis
45740,146,Overijse 2,District Vilvoorde-gewestwegen,50.7881478,4.4902818,0.23748995661766006,50.79028152344366,4.490132909744301,2024,3,18,23062,Overijse,Normaal,"Nat, plassen",Dag,met zwaargewonden,9,personenauto,3,Fiets,Buiten Kruispunt,Gewestweg,buiten bebouwde kom,Tss. 2 best.: langs opzij (voor-/achterkant-flank),Geen hindernis
45740,147,Overijse,District Vilvoorde-gewestwegen,50.7797555,4.4975769,1.282105443127898,50.79028152344366,4.490132909744301,2024,3,18,23062,Overijse,Normaal,"Nat, plassen",Dag,met zwaargewonden,9,personenauto,3,Fiets,Buiten Kruispunt,Gewestweg,buiten bebouwde kom,Tss. 2 best.: langs opzij (voor-/achterkant-flank),Geen hindernis
45741,147,Overijse,District Vilvoorde-gewestwegen,50.7797555,4.4975769,1.714346522987298,50.76937569536571,4.4795496679878495,2024,3,18,23033,Hoeilaart,Normaal,Droog,Dag,met lichtgewonden,9,personenauto,3,Fiets,Buiten Kruispunt,Gemeenteweg,binnen bebouwde kom,Tss. 2 best.: langs opzij (voor-/achterkant-flank),Geen hindernis
45741,146,Overijse 2,District Vilvoorde-gewestwegen,50.7881478,4.4902818,2.219566388900871,50.76937569536571,4.4795496679878495,2024,3,18,23033,Hoeilaart,Normaal,Droog,Dag,met lichtgewonden,9,personenauto,3,Fiets,Buiten Kruispunt,Gemeenteweg,binnen bebouwde kom,Tss. 2 best.: langs opzij (voor-/achterkant-flank),Geen hindernis
45741,145,Overijse,District Vilvoorde-gewestwegen,50.7885856,4.4908759,2.2796609116577353,50.76937569536571,4.4795496679878495,2024,3,18,23033,Hoeilaart,Normaal,Droog,Dag,met lichtgewonden,9,personenauto,3,Fiets,Buiten Kruispunt,Gemeenteweg,binnen bebouwde kom,Tss. 2 best.: langs opzij (voor-/achterkant-flank),Geen hindernis
45741,148,Hoeilaart,District Leuven,50.76699493,4.44471001,2.4644038262915995,50.76937569536571,4.4795496679878495,2024,3,18,23033,Hoeilaart,Normaal,Droog,Dag,met lichtgewonden,9,personenauto,3,Fiets,Buiten Kruispunt,Gemeenteweg,binnen bebouwde kom,Tss. 2 best.: langs opzij (voor-/achterkant-flank),Geen hindernis
45742,78,Pepingen teller 1,Pepingen,50.75824,4.1652,1.076998644043858,50.752594208857346,4.152759853468509,2024,2,14,23064,Pepingen,Onbekend,Onbekend,Dag,met lichtgewonden,3,Fiets,9,personenauto,Buiten Kruispunt,Gemeenteweg,buiten bebouwde kom,Tussen 2 bestuurders: Flank tegen flank,Geen hindernis
45742,79,Pepingen teller 2,Pepingen,50.75848,4.16537,1.1023677424615737,50.752594208857346,4.152759853468509,2024,2,14,23064,Pepingen,Onbekend,Onbekend,Dag,met lichtgewonden,3,Fiets,9,personenauto,Buiten Kruispunt,Gemeenteweg,buiten bebouwde kom,Tussen 2 bestuurders: Flank tegen flank,Geen hindernis
45744,86,Asse teller 2,Asse,50.89132,4.1709,2.2699905665500824,50.87324749503563,4.1558519498392466,2024,3,16,23086,Ternat,Normaal,Droog,Dag,met lichtgewonden,3,Fiets,5,Lichte vrachtauto,Op Kruispunt,Gemeenteweg,binnen bebouwde kom,Tussen 2 bestuurders: Flank tegen flank,Geen hindernis
45747,86,Asse teller 2,Asse,50.89132,4.1709,1.5416766007184013,50.87801455810371,4.164721607106608,2024,3,15,23086,Ternat,Normaal,Droog,Dag,met lichtgewonden,9,personenauto,3,Fiets,Op Kruispunt,Gewestweg,binnen bebouwde kom,Tss. 2 best.: langs opzij (voor-/achterkant-flank),Geen hindernis
45747,85,Asse teller 1,Asse,50.89621,4.17294,2.1037713773316757,50.87801455810371,4.164721607106608,2024,3,15,23086,Ternat,Normaal,Droog,Dag,met lichtgewonden,9,personenauto,3,Fiets,Op Kruispunt,Gewestweg,binnen bebouwde kom,Tss. 2 best.: langs opzij (voor-/achterkant-flank),Geen hindernis
45748,27,Grimbergen,Meise,50.92127,4.34013,1.275079331097841,50.917617201345145,4.322887777698352,2024,3,16,23102,Wemmel,Normaal,Droog,Dag,met lichtgewonden,3,Fiets,8,Voetganger,Buiten Kruispunt,Gemeenteweg,binnen bebouwde kom,Met een voetganger,Geen hindernis
45748,81,Wemmel teller 2,Wemmel,50.91439,4.29568,1.9408327512303996,50.917617201345145,4.322887777698352,2024,3,16,23102,Wemmel,Normaal,Droog,Dag,met lichtgewonden,3,Fiets,8,Voetganger,Buiten Kruispunt,Gemeenteweg,binnen bebouwde kom,Met een voetganger,Geen hindernis
45748,80,Wemmel teller 1,Wemmel,50.91418,4.29571,1.9432276995362088,50.917617201345145,4.322887777698352,2024,3,16,23102,Wemmel,Normaal,Droog,Dag,met lichtgewonden,3,Fiets,8,Voetganger,Buiten Kruispunt,Gemeenteweg,binnen bebouwde kom,Met een voetganger,Geen hindernis
45762,1,Machelen,Machelen,50.91618331151478,4.456121776137429,1.3989183390484226,50.926640787515815,4.4450268622733855,2024,3,18,23088,Vilvoorde,Onbekend,Droog,"Nacht, openbare verlichting aanwezig en ontstoken",met lichtgewonden,3,Fiets,9,personenauto,Op Kruispunt,Gemeenteweg,binnen bebouwde kom,Tss. 2 best.: langs opzij (voor-/achterkant-flank),Geen hindernis
45763,47,Vilvoorde,Vilvoorde,50.91372,4.41497,2.0010490972878663,50.930975830440296,4.423072497916108,2024,3,19,23088,Vilvoorde,Normaal,Droog,"Nacht, openbare verlichting aanwezig en ontstoken",met lichtgewonden,99,onbekend,3,Fiets,Buiten Kruispunt,Gemeenteweg,binnen bebouwde kom,Tussen 2 bestuurders: Langs achteren,Geen hindernis
45765,1,Machelen,Machelen,50.91618331151478,4.456121776137429,2.217377855771373,50.91351042956261,4.487465482699885,2024,3,7,23081,Steenokkerzeel,Normaal,Droog,Dag,met lichtgewonden,9,personenauto,3,Fiets,Buiten Kruispunt,Gewestweg,buiten bebouwde kom,Tss. 2 best.: langs opzij (voor-/achterkant-flank),Geen hindernis
45770,136,Gent R4,Gent,51.0876313,3.7587918,2.0495914319895507,51.071124886175866,3.771849152768642,2024,3,16,44021,Gent,Normaal,Droog,Dag,met lichtgewonden,5,Lichte vrachtauto,3,Fiets,Buiten Kruispunt,Gewestweg,buiten bebouwde kom,Tss. 2 best.: langs opzij (voor-/achterkant-flank),Geen hindernis
45772,118,Gent teller 1,Gent,51.028049,3.7681359,1.0145837212227722,51.03365147475316,3.7566844562444373,2024,3,14,44021,Gent,Normaal,Droog,Dag,met lichtgewonden,9,personenauto,3,Fiets,Op Kruispunt,Gewestweg,buiten bebouwde kom,Tss. 2 best.: langs opzij (voor-/achterkant-flank),Geen hindernis
45772,119,Gent teller 2,Gent,51.0281795,3.7683918,1.0200444626503766,51.03365147475316,3.7566844562444373,2024,3,14,44021,Gent,Normaal,Droog,Dag,met lichtgewonden,9,personenauto,3,Fiets,Op Kruispunt,Gewestweg,buiten bebouwde kom,Tss. 2 best.: langs opzij (voor-/achterkant-flank),Geen hindernis
45773,13,Gent,Gent,51.03018,3.70146,1.9464886038718525,51.036573509604686,3.7273730112538335,2024,3,17,44021,Gent,Normaal,Droog,Dag,met lichtgewonden,3,Fiets,3,Fiets,Op Kruispunt,Gemeenteweg,binnen bebouwde kom,Tussen 2 bestuurders: Langs achteren,Geen hindernis
45775,13,Gent,Gent,51.03018,3.70146,1.8143226042214469,51.042091432688416,3.719193232093579,2024,3,15,44021,Gent,Normaal,Droog,Dag,met lichtgewonden,9,personenauto,3,Fiets,Op Kruispunt,Gewestweg,binnen bebouwde kom,Tss. 2 best.: langs opzij (voor-/achterkant-flank),Geen hindernis
45777,13,Gent,Gent,51.03018,3.70146,1.4184006684831119,51.03506244670454,3.7201990955283786,2024,3,11,44021,Gent,Normaal,Droog,Dag,met lichtgewonden,9,personenauto,3,Fiets,Op Kruispunt,Gewestweg,binnen bebouwde kom,Tss. 2 best.: langs opzij (voor-/achterkant-flank),Geen hindernis
45778,13,Gent,Gent,51.03018,3.70146,1.475891291424923,51.03011635886059,3.72256449441367,2024,3,8,44021,Gent,Normaal,Droog,Dag,met lichtgewonden,4,Vrachtwagen,3,Fiets,Op Kruispunt,Gemeenteweg,binnen bebouwde kom,Tss. 2 best.: langs opzij (voor-/achterkant-flank),Geen hindernis
45779,13,Gent,Gent,51.03018,3.70146,2.434692409575513,51.05203564018362,3.6993540690107882,2024,3,14,44021,Gent,Normaal,"Ijzel, sneeuw",Dag,met lichtgewonden,9,personenauto,3,Fiets,Buiten Kruispunt,Gemeenteweg,binnen bebouwde kom,Tussen 2 bestuurders: Flank tegen flank,Geen hindernis
45780,13,Gent,Gent,51.03018,3.70146,1.5289945085857362,51.01696618423473,3.7075083266893603,2024,3,16,44021,Gent,Normaal,Droog,Dag,met lichtgewonden,9,personenauto,3,Fiets,Op Kruispunt,Gemeenteweg,buiten bebouwde kom,Tss. 2 best.: langs opzij (voor-/achterkant-flank),Geen hindernis
45782,136,Gent R4,Gent,51.0876313,3.7587918,1.654762764211407,51.10242035464595,3.7614308765798334,2024,3,8,44021,Gent,Normaal,Droog,Dag,met lichtgewonden,9,personenauto,3,Fiets,Op Kruispunt,Gemeenteweg,binnen bebouwde kom,Tss. 2 best.: langs opzij (voor-/achterkant-flank),Geen hindernis
45784,13,Gent,Gent,51.03018,3.70146,1.6529997843607596,51.04503483982385,3.7023669953396556,2024,3,18,44021,Gent,Normaal,Droog,Dageraad - schemering,met lichtgewonden,3,Fiets,1,Autobus,Op Kruispunt,Gemeenteweg,binnen bebouwde kom,Tss. 2 best.: langs opzij (voor-/achterkant-flank),Geen hindernis
45785,13,Gent,Gent,51.03018,3.70146,2.0018753797190723,51.039839087775576,3.725619811235007,2024,3,12,44021,Gent,Normaal,"Vuil (zand, grint, bladeren,...)",Dag,met lichtgewonden,3,Fiets,11,een weggebruiker tegen een hindernis,Op Kruispunt,Gemeenteweg,binnen bebouwde kom,Weggebruiker tegen hindernis op de rijbaan,Op de rijbaan: Lading
45787,13,Gent,Gent,51.03018,3.70146,1.9645253784276755,51.01482194198403,3.7153437752575456,2024,3,8,44021,Gent,Normaal,Onbekend,Dag,met lichtgewonden,3,Fiets,3,Fiets,Buiten Kruispunt,Autosnelweg,binnen bebouwde kom,Tussen 2 bestuurders: Flank tegen flank,Geen hindernis
45790,13,Gent,Gent,51.03018,3.70146,1.9645253784276755,51.01482194198403,3.7153437752575456,2024,3,8,44021,Gent,Normaal,Droog,Dag,met lichtgewonden,3,Fiets,3,Fiets,Op Kruispunt,Gemeenteweg,binnen bebouwde kom,Tussen 2 bestuurders: Langs achteren,Geen hindernis
45792,13,Gent,Gent,51.03018,3.70146,2.099953066616305,51.01441543907008,3.7179917519168706,2024,3,8,44021,Gent,Regenval,"Nat, plassen",Dag,met lichtgewonden,3,Fiets,9,personenauto,Op Kruispunt,Gemeenteweg,binnen bebouwde kom,Tussen 2 bestuurders: Frontale botsing,Geen hindernis
45795,13,Gent,Gent,51.03018,3.70146,2.1216568021173163,51.049055504694245,3.7058964000897836,2024,3,8,44021,Gent,Normaal,Droog,Dag,met lichtgewonden,3,Fiets,3,Fiets,Buiten Kruispunt,Gemeenteweg,binnen bebouwde kom,Tussen 2 bestuurders: Frontale botsing,Geen hindernis
45796,13,Gent,Gent,51.03018,3.70146,1.9928058879927255,51.04592893951506,3.7150625354925597,2024,3,8,44021,Gent,Normaal,Droog,Dag,met lichtgewonden,3,Fiets,5,Lichte vrachtauto,Buiten Kruispunt,Gemeenteweg,binnen bebouwde kom,Tss. 2 best.: langs opzij (voor-/achterkant-flank),Geen hindernis
45797,136,Gent R4,Gent,51.0876313,3.7587918,1.648150642073471,51.09596389959902,3.7783089895456357,2024,3,8,44021,Gent,Normaal,Droog,Dag,met lichtgewonden,3,Fiets,3,Fiets,Op Kruispunt,Gemeenteweg,binnen bebouwde kom,Tss. 2 best.: langs opzij (voor-/achterkant-flank),Geen hindernis
45799,118,Gent teller 1,Gent,51.028049,3.7681359,2.2889422523896683,51.037612038439796,3.7391495602631495,2024,3,8,44021,Gent,Normaal,Proper,Dag,met lichtgewonden,3,Fiets,3,Fiets,Op Kruispunt,Gemeenteweg,binnen bebouwde kom,Tss. 2 best.: langs opzij (voor-/achterkant-flank),Geen hindernis
45799,119,Gent teller 2,Gent,51.0281795,3.7683918,2.298142152194415,51.037612038439796,3.7391495602631495,2024,3,8,44021,Gent,Normaal,Proper,Dag,met lichtgewonden,3,Fiets,3,Fiets,Op Kruispunt,Gemeenteweg,binnen bebouwde kom,Tss. 2 best.: langs opzij (voor-/achterkant-flank),Geen hindernis
45802,13,Gent,Gent,51.03018,3.70146,0.8906541964394766,51.03711892439437,3.7078224568782288,2024,3,8,44021,Gent,Normaal,Droog,Dag,met lichtgewonden,3,Fiets,3,Fiets,Buiten Kruispunt,Gemeenteweg,binnen bebouwde kom,Tussen 2 bestuurders: Langs achteren,Geen hindernis
45804,136,Gent R4,Gent,51.0876313,3.7587918,2.2583186084399727,51.07799437720646,3.730333238969493,2024,3,9,44021,Gent,Normaal,Droog,Dag,met lichtgewonden,9,personenauto,3,Fiets,Op Kruispunt,Gemeenteweg,binnen bebouwde kom,Tussen 2 bestuurders: Frontale botsing,Geen hindernis
45805,118,Gent teller 1,Gent,51.028049,3.7681359,2.490425915400643,51.04274918336194,3.741264907934442,2024,3,6,44021,Gent,Normaal,Droog,Dageraad - schemering,met lichtgewonden,3,Fiets,3,Fiets,Buiten Kruispunt,Gemeenteweg,binnen bebouwde kom,Tussen 2 bestuurders: Frontale botsing,Geen hindernis
45805,119,Gent teller 2,Gent,51.0281795,3.7683918,2.494502784957435,51.04274918336194,3.741264907934442,2024,3,6,44021,Gent,Normaal,Droog,Dageraad - schemering,met lichtgewonden,3,Fiets,3,Fiets,Buiten Kruispunt,Gemeenteweg,binnen bebouwde kom,Tussen 2 bestuurders: Frontale botsing,Geen hindernis
45806,13,Gent,Gent,51.03018,3.70146,2.1647618640723922,51.048291157477266,3.7128169665049553,2024,3,7,44021,Gent,Normaal,Droog,Dag,met lichtgewonden,3,Fiets,3,Fiets,Buiten Kruispunt,Gemeenteweg,binnen bebouwde kom,Tussen 2 bestuurders: Langs achteren,Geen hindernis
45807,118,Gent teller 1,Gent,51.028049,3.7681359,2.2983293332139723,51.0408618646936,3.7423446187961673,2024,3,21,44021,Gent,Normaal,Droog,"Nacht, openbare verlichting aanwezig en ontstoken",met lichtgewonden,6,Bromfiets,3,Fiets,Buiten Kruispunt,Gewestweg,binnen bebouwde kom,Tussen 2 bestuurders: Frontale botsing,Geen hindernis
45807,119,Gent teller 2,Gent,51.0281795,3.7683918,2.303482747458041,51.0408618646936,3.7423446187961673,2024,3,21,44021,Gent,Normaal,Droog,"Nacht, openbare verlichting aanwezig en ontstoken",met lichtgewonden,6,Bromfiets,3,Fiets,Buiten Kruispunt,Gewestweg,binnen bebouwde kom,Tussen 2 bestuurders: Frontale botsing,Geen hindernis
45815,117,Melle teller 1,Melle,50.9986113,3.8040599,1.6888316742199572,51.01103786674228,3.7901823694776646,2024,3,18,44040,Melle,Onbekend,Onbekend,Dageraad - schemering,met lichtgewonden,9,personenauto,3,Fiets,Op Kruispunt,Gewestweg,buiten bebouwde kom,Tss. 2 best.: langs opzij (voor-/achterkant-flank),Geen hindernis
45815,116,Melle teller 2,Melle,50.9986113,3.8040599,1.6888316742199572,51.01103786674228,3.7901823694776646,2024,3,18,44040,Melle,Onbekend,Onbekend,Dageraad - schemering,met lichtgewonden,9,personenauto,3,Fiets,Op Kruispunt,Gewestweg,buiten bebouwde kom,Tss. 2 best.: langs opzij (voor-/achterkant-flank),Geen hindernis
45815,118,Gent teller 1,Gent,51.028049,3.7681359,2.440500644955873,51.01103786674228,3.7901823694776646,2024,3,18,44040,Melle,Onbekend,Onbekend,Dageraad - schemering,met lichtgewonden,9,personenauto,3,Fiets,Op Kruispunt,Gewestweg,buiten bebouwde kom,Tss. 2 best.: langs opzij (voor-/achterkant-flank),Geen hindernis
45815,119,Gent teller 2,Gent,51.0281795,3.7683918,2.440544637217687,51.01103786674228,3.7901823694776646,2024,3,18,44040,Melle,Onbekend,Onbekend,Dageraad - schemering,met lichtgewonden,9,personenauto,3,Fiets,Op Kruispunt,Gewestweg,buiten bebouwde kom,Tss. 2 best.: langs opzij (voor-/achterkant-flank),Geen hindernis
45819,118,Gent teller 1,Gent,51.028049,3.7681359,2.480623802119399,51.00834039211308,3.7515203522890417,2024,3,7,44043,Merelbeke,Normaal,Droog,Dag,met lichtgewonden,3,Fiets,5,Lichte vrachtauto,Op Kruispunt,Gewestweg,buiten bebouwde kom,Tss. 2 best.: langs opzij (voor-/achterkant-flank),Geen hindernis
45820,116,Melle teller 2,Melle,50.9986113,3.8040599,0.8386500295060053,50.993299107801754,3.7955531271304186,2024,3,16,44040,Melle,Normaal,"Nat, plassen",Dag,met lichtgewonden,3,Fiets,9,personenauto,Buiten Kruispunt,Gemeenteweg,binnen bebouwde kom,Tss. 2 best.: langs opzij (voor-/achterkant-flank),Geen hindernis
45820,117,Melle teller 1,Melle,50.9986113,3.8040599,0.8386500295060053,50.993299107801754,3.7955531271304186,2024,3,16,44040,Melle,Normaal,"Nat, plassen",Dag,met lichtgewonden,3,Fiets,9,personenauto,Buiten Kruispunt,Gemeenteweg,binnen bebouwde kom,Tss. 2 best.: langs opzij (voor-/achterkant-flank),Geen hindernis
45830,6,Evergem 2,Evergem,51.10894,3.70298,1.082649202405038,51.11479138248647,3.6905842471307833,2024,3,11,44019,Evergem,Normaal,Droog,Dag,met lichtgewonden,3,Fiets,10,"één bestuurder, geen hindernis",Buiten Kruispunt,Gewestweg,buiten bebouwde kom,"Eén bestuurder, geen hindernis (incl. val)",Geen hindernis
45830,7,Evergem 1,Evergem,51.1089,3.70317,1.0959325877416608,51.11479138248647,3.6905842471307833,2024,3,11,44019,Evergem,Normaal,Droog,Dag,met lichtgewonden,3,Fiets,10,"één bestuurder, geen hindernis",Buiten Kruispunt,Gewestweg,buiten bebouwde kom,"Eén bestuurder, geen hindernis (incl. val)",Geen hindernis
45870,126,Hamme totem,Hamme,51.1017709,4.1469307,1.0397706951659236,51.11069483889455,4.142481967440165,2024,3,16,46025,Temse,Normaal,Droog,Dag,met lichtgewonden,5,Lichte vrachtauto,3,Fiets,Buiten Kruispunt,Gewestweg,buiten bebouwde kom,Tss. 2 best.: langs opzij (voor-/achterkant-flank),Geen hindernis
45873,128,Lokeren teller 1,Lokeren,51.09644,3.97023,0.8876378449316648,51.10397625495634,3.97442172293329,2024,3,9,46014,Lokeren,Regenval,"Nat, plassen",Dag,met lichtgewonden,3,Fiets,4,Vrachtwagen,Buiten Kruispunt,Gemeenteweg,binnen bebouwde kom,Tussen 2 bestuurders: Langs achteren,Geen hindernis
45873,129,Lokeren teller 2,Lokeren,51.09612,3.97025,0.9208624631924317,51.10397625495634,3.97442172293329,2024,3,9,46014,Lokeren,Regenval,"Nat, plassen",Dag,met lichtgewonden,3,Fiets,4,Vrachtwagen,Buiten Kruispunt,Gemeenteweg,binnen bebouwde kom,Tussen 2 bestuurders: Langs achteren,Geen hindernis
45874,141,Test site A support,Lokeren,51.08342085,3.9961071208376326,1.5326228484928894,51.0971778700034,3.997459234302162,2024,3,1,46014,Lokeren,Normaal,"Nat, plassen","Nacht, openb. verlicht. aanw., maar niet ontstoken",met zwaargewonden,3,Fiets,11,een weggebruiker tegen een hindernis,Op Kruispunt,Gewestweg,buiten bebouwde kom,Weggebruiker tegen hindernis buiten rijbaan,"Buiten de rijbaan: Verkeerseiland, middenberm"
45874,128,Lokeren teller 1,Lokeren,51.09644,3.97023,1.903217418607736,51.0971778700034,3.997459234302162,2024,3,1,46014,Lokeren,Normaal,"Nat, plassen","Nacht, openb. verlicht. aanw., maar niet ontstoken",met zwaargewonden,3,Fiets,11,een weggebruiker tegen een hindernis,Op Kruispunt,Gewestweg,buiten bebouwde kom,Weggebruiker tegen hindernis buiten rijbaan,"Buiten de rijbaan: Verkeerseiland, middenberm"
45874,129,Lokeren teller 2,Lokeren,51.09612,3.97025,1.9036956838303167,51.0971778700034,3.997459234302162,2024,3,1,46014,Lokeren,Normaal,"Nat, plassen","Nacht, openb. verlicht. aanw., maar niet ontstoken",met zwaargewonden,3,Fiets,11,een weggebruiker tegen een hindernis,Op Kruispunt,Gewestweg,buiten bebouwde kom,Weggebruiker tegen hindernis buiten rijbaan,"Buiten de rijbaan: Verkeerseiland, middenberm"
45875,128,Lokeren teller 1,Lokeren,51.09644,3.97023,2.1716461505680553,51.10886056483385,3.9942321822148497,2024,3,11,46014,Lokeren,Normaal,Droog,Dag,met lichtgewonden,3,Fiets,11,een weggebruiker tegen een hindernis,Op Kruispunt,Gemeenteweg,binnen bebouwde kom,Weggebruiker tegen hindernis buiten rijbaan,Andere hindernis
45875,129,Lokeren teller 2,Lokeren,51.09612,3.97025,2.1933854660168133,51.10886056483385,3.9942321822148497,2024,3,11,46014,Lokeren,Normaal,Droog,Dag,met lichtgewonden,3,Fiets,11,een weggebruiker tegen een hindernis,Op Kruispunt,Gemeenteweg,binnen bebouwde kom,Weggebruiker tegen hindernis buiten rijbaan,Andere hindernis
45877,128,Lokeren teller 1,Lokeren,51.09644,3.97023,1.647752056799256,51.104618935107666,3.9899081468319673,2024,3,8,46014,Lokeren,Normaal,Droog,Dag,met lichtgewonden,3,Fiets,9,personenauto,Buiten Kruispunt,Gemeenteweg,binnen bebouwde kom,Tussen 2 bestuurders: Flank tegen flank,Geen hindernis
45877,129,Lokeren teller 2,Lokeren,51.09612,3.97025,1.6665087586691336,51.104618935107666,3.9899081468319673,2024,3,8,46014,Lokeren,Normaal,Droog,Dag,met lichtgewonden,3,Fiets,9,personenauto,Buiten Kruispunt,Gemeenteweg,binnen bebouwde kom,Tussen 2 bestuurders: Flank tegen flank,Geen hindernis
45877,141,Test site A support,Lokeren,51.08342085,3.9961071208376326,2.396543608509918,51.104618935107666,3.9899081468319673,2024,3,8,46014,Lokeren,Normaal,Droog,Dag,met lichtgewonden,3,Fiets,9,personenauto,Buiten Kruispunt,Gemeenteweg,binnen bebouwde kom,Tussen 2 bestuurders: Flank tegen flank,Geen hindernis
45878,120,Zele teller 1,Zele,51.0607671,4.0547741,1.2810193050180596,51.06836493561592,4.04099414609338,2024,3,8,42028,Zele,Normaal,Droog,Dag,met lichtgewonden,3,Fiets,3,Fiets,Buiten Kruispunt,Gemeenteweg,binnen bebouwde kom,Tussen 2 bestuurders: Langs achteren,Geen hindernis