crash_row_id,site_id,site_name,site_gemeente,site_lat,site_long,distance_km,crash_lat,crash_long,DT_YEAR_COLLISION,DT_MONTH_COLLISION,DT_TIME,CD_NIS,TX_MUNTY_COLLISION_NL,TX_WEATHER_NL,TX_ROAD_CONDITION_NL,TX_LIGHT_CONDITION_NL,TX_CLASS_ACCIDENTS_NL,CD_ROAD_USR_TYPE1,TX_ROAD_USR_TYPE1_NL,CD_ROAD_USR_TYPE2,TX_ROAD_USR_TYPE2_NL,TX_CROSSWAY_NL,CD_ROAD_TYPE_NL,TX_BUILD_UP_AREA_NL,TX_COLLISION_TYPE_NL,TX_OBSTACLES_NL
45878,121,Zele teller 2,Zele,51.0604067,4.0556696,1.3545370155358862,51.06836493561592,4.04099414609338,2024,3,8,42028,Zele,Normaal,Droog,Dag,met lichtgewonden,3,Fiets,3,Fiets,Buiten Kruispunt,Gemeenteweg,binnen bebouwde kom,Tussen 2 bestuurders: Langs achteren,Geen hindernis
45879,126,Hamme totem,Hamme,51.1017709,4.1469307,1.3204029142174956,51.093543226811015,4.133296337378549,2024,3,13,42008,Hamme,Normaal,Droog,Dag,met lichtgewonden,3,Fiets,9,personenauto,Op Kruispunt,Gemeenteweg,binnen bebouwde kom,Tss. 2 best.: langs opzij (voor-/achterkant-flank),Geen hindernis
45881,126,Hamme totem,Hamme,51.1017709,4.1469307,1.8390419745492332,51.0863523550669,4.137403300750075,2024,3,13,42008,Hamme,Normaal,Droog,Dag,met lichtgewonden,9,personenauto,3,Fiets,Op Kruispunt,Gewestweg,binnen bebouwde kom,Tussen 2 bestuurders: Flank tegen flank,Geen hindernis
45883,120,Zele teller 1,Zele,51.0607671,4.0547741,2.4835538247203424,51.07898023559546,4.03419988550744,2024,3,13,42028,Zele,Normaal,Droog,Dag,met lichtgewonden,8,Voetganger,3,Fiets,Buiten Kruispunt,Gemeenteweg,buiten bebouwde kom,Met een voetganger,Geen hindernis
45884,120,Zele teller 1,Zele,51.0607671,4.0547741,1.479167651690799,51.06731722794381,4.036350927558594,2024,3,11,42028,Zele,Normaal,Droog,Dag,met lichtgewonden,3,Fiets,10,"één bestuurder, geen hindernis",Buiten Kruispunt,Gewestweg,binnen bebouwde kom,"Eén bestuurder, geen hindernis (incl. val)",Geen hindernis
45884,121,Zele teller 2,Zele,51.0604067,4.0556696,1.55337631616517,51.06731722794381,4.036350927558594,2024,3,11,42028,Zele,Normaal,Droog,Dag,met lichtgewonden,3,Fiets,10,"één bestuurder, geen hindernis",Buiten Kruispunt,Gewestweg,binnen bebouwde kom,"Eén bestuurder, geen hindernis (incl. val)",Geen hindernis
45886,120,Zele teller 1,Zele,51.0607671,4.0547741,1.3414479502709276,51.05404667083361,4.038834504503499,2024,3,14,42028,Zele,Regenval,"Nat, plassen",Dag,met lichtgewonden,9,personenauto,3,Fiets,Op Kruispunt,Gemeenteweg,buiten bebouwde kom,Tss. 2 best.: langs opzij (voor-/achterkant-flank),Geen hindernis
45886,121,Zele teller 2,Zele,51.0604067,4.0556696,1.3727964822805838,51.05404667083361,4.038834504503499,2024,3,14,42028,Zele,Regenval,"Nat, plassen",Dag,met lichtgewonden,9,personenauto,3,Fiets,Op Kruispunt,Gemeenteweg,buiten bebouwde kom,Tss. 2 best.: langs opzij (voor-/achterkant-flank),Geen hindernis
45891,152,Opwijk,District Vilvoorde-gewestwegen,50.968901168564656,4.149169474840164,1.930679963633806,50.98500896894666,4.138874957470137,2024,3,11,42011,Lebbeke,Normaal,Droog,Dag,met lichtgewonden,9,personenauto,3,Fiets,Buiten Kruispunt,Gewestweg,buiten bebouwde kom,Tss. 2 best.: langs opzij (voor-/achterkant-flank),Geen hindernis
45901,10,Aalst 2,Aalst,50.93549,4.01571,2.2457612821782855,50.94226418213982,4.045903901760234,2024,3,14,41002,Aalst,Normaal,Droog,Dag,met lichtgewonden,9,personenauto,3,Fiets,Op Kruispunt,Gemeenteweg,binnen bebouwde kom,Tss. 2 best.: langs opzij (voor-/achterkant-flank),Geen hindernis
45901,11,Aalst 3,Aalst,50.93385,4.01647,2.264747453445908,50.94226418213982,4.045903901760234,2024,3,14,41002,Aalst,Normaal,Droog,Dag,met lichtgewonden,9,personenauto,3,Fiets,Op Kruispunt,Gemeenteweg,binnen bebouwde kom,Tss. 2 best.: langs opzij (voor-/achterkant-flank),Geen hindernis
45901,19,Aalst 1,Aalst,50.93433,4.01471,2.3570990488925845,50.94226418213982,4.045903901760234,2024,3,14,41002,Aalst,Normaal,Droog,Dag,met lichtgewonden,9,personenauto,3,Fiets,Op Kruispunt,Gemeenteweg,binnen bebouwde kom,Tss. 2 best.: langs opzij (voor-/achterkant-flank),Geen hindernis
45902,11,Aalst 3,Aalst,50.93385,4.01647,2.473991109672587,50.9138287517472,4.031865049720125,2024,3,6,41002,Aalst,Normaal,Droog,Dag,met lichtgewonden,9,personenauto,3,Fiets,Buiten Kruispunt,Gewestweg,buiten bebouwde kom,Tss. 2 best.: langs opzij (voor-/achterkant-flank),Geen hindernis
45904,10,Aalst 2,Aalst,50.93549,4.01571,1.7733783434785957,50.947704099435974,4.03198498730206,2024,3,8,41002,Aalst,Normaal,Droog,Dag,met lichtgewonden,9,personenauto,3,Fiets,Buiten Kruispunt,Gemeenteweg,binnen bebouwde kom,Tss. 2 best.: langs opzij (voor-/achterkant-flank),Geen hindernis
45904,11,Aalst 3,Aalst,50.93385,4.01647,1.8854449860752838,50.947704099435974,4.03198498730206,2024,3,8,41002,Aalst,Normaal,Droog,Dag,met lichtgewonden,9,personenauto,3,Fiets,Buiten Kruispunt,Gemeenteweg,binnen bebouwde kom,Tss. 2 best.: langs opzij (voor-/achterkant-flank),Geen hindernis
45904,19,Aalst 1,Aalst,50.93433,4.01471,1.917448899769126,50.947704099435974,4.03198498730206,2024,3,8,41002,Aalst,Normaal,Droog,Dag,met lichtgewonden,9,personenauto,3,Fiets,Buiten Kruispunt,Gemeenteweg,binnen bebouwde kom,Tss. 2 best.: langs opzij (voor-/achterkant-flank),Geen hindernis
45905,11,Aalst 3,Aalst,50.93385,4.01647,1.6231914610201594,50.92888231844479,4.038249336996879,2024,3,16,41002,Aalst,Normaal,Droog,Dag,met zwaargewonden,3,Fiets,9,personenauto,Buiten Kruispunt,Gewestweg,binnen bebouwde kom,Tss. 2 best.: langs opzij (voor-/achterkant-flank),Geen hindernis
45905,10,Aalst 2,Aalst,50.93549,4.01571,1.7420692079745341,50.92888231844479,4.038249336996879,2024,3,16,41002,Aalst,Normaal,Droog,Dag,met zwaargewonden,3,Fiets,9,personenauto,Buiten Kruispunt,Gewestweg,binnen bebouwde kom,Tss. 2 best.: langs opzij (voor-/achterkant-flank),Geen hindernis
45905,19,Aalst 1,Aalst,50.93433,4.01471,1.7573463356459005,50.92888231844479,4.038249336996879,2024,3,16,41002,Aalst,Normaal,Droog,Dag,met zwaargewonden,3,Fiets,9,personenauto,Buiten Kruispunt,Gewestweg,binnen bebouwde kom,Tss. 2 best.: langs opzij (voor-/achterkant-flank),Geen hindernis
45906,10,Aalst 2,Aalst,50.93549,4.01571,2.24649060900236,50.94708508687312,4.041966344669721,2024,3,8,41002,Aalst,Normaal,Droog,Dag,met lichtgewonden,8,Voetganger,3,Fiets,Buiten Kruispunt,Gemeenteweg,binnen bebouwde kom,Met een voetganger,Geen hindernis
45906,11,Aalst 3,Aalst,50.93385,4.01647,2.3145704813160175,50.94708508687312,4.041966344669721,2024,3,8,41002,Aalst,Normaal,Droog,Dag,met lichtgewonden,8,Voetganger,3,Fiets,Buiten Kruispunt,Gemeenteweg,binnen bebouwde kom,Met een voetganger,Geen hindernis
45906,19,Aalst 1,Aalst,50.93433,4.01471,2.3788150100590446,50.94708508687312,4.041966344669721,2024,3,8,41002,Aalst,Normaal,Droog,Dag,met lichtgewonden,8,Voetganger,3,Fiets,Buiten Kruispunt,Gemeenteweg,binnen bebouwde kom,Met een voetganger,Geen hindernis
45907,10,Aalst 2,Aalst,50.93549,4.01571,1.158435555405365,50.94144140772761,4.002140580327124,2024,1,16,41002,Aalst,Normaal,Droog,Dag,met lichtgewonden,3,Fiets,5,Lichte vrachtauto,Buiten Kruispunt,Gewestweg,binnen bebouwde kom,Tss. 2 best.: langs opzij (voor-/achterkant-flank),Geen hindernis
45907,19,Aalst 1,Aalst,50.93433,4.01471,1.1836428671726862,50.94144140772761,4.002140580327124,2024,1,16,41002,Aalst,Normaal,Droog,Dag,met lichtgewonden,3,Fiets,5,Lichte vrachtauto,Buiten Kruispunt,Gewestweg,binnen bebouwde kom,Tss. 2 best.: langs opzij (voor-/achterkant-flank),Geen hindernis
45907,11,Aalst 3,Aalst,50.93385,4.01647,1.3117643522951734,50.94144140772761,4.002140580327124,2024,1,16,41002,Aalst,Normaal,Droog,Dag,met lichtgewonden,3,Fiets,5,Lichte vrachtauto,Buiten Kruispunt,Gewestweg,binnen bebouwde kom,Tss. 2 best.: langs opzij (voor-/achterkant-flank),Geen hindernis
45908,11,Aalst 3,Aalst,50.93385,4.01647,1.4743404328724314,50.92791136547853,4.035279393780131,2024,3,15,41002,Aalst,Normaal,Droog,Dag,met lichtgewonden,4,Vrachtwagen,3,Fiets,Buiten Kruispunt,Gewestweg,binnen bebouwde kom,Tss. 2 best.: langs opzij (voor-/achterkant-flank),Geen hindernis
45908,19,Aalst 1,Aalst,50.93433,4.01471,1.608536689937383,50.92791136547853,4.035279393780131,2024,3,15,41002,Aalst,Normaal,Droog,Dag,met lichtgewonden,4,Vrachtwagen,3,Fiets,Buiten Kruispunt,Gewestweg,binnen bebouwde kom,Tss. 2 best.: langs opzij (voor-/achterkant-flank),Geen hindernis
45908,10,Aalst 2,Aalst,50.93549,4.01571,1.6096473962117857,50.92791136547853,4.035279393780131,2024,3,15,41002,Aalst,Normaal,Droog,Dag,met lichtgewonden,4,Vrachtwagen,3,Fiets,Buiten Kruispunt,Gewestweg,binnen bebouwde kom,Tss. 2 best.: langs opzij (voor-/achterkant-flank),Geen hindernis
45909,10,Aalst 2,Aalst,50.93549,4.01571,0.6458824638162165,50.94128640754916,4.0163059581852325,2024,3,17,41002,Aalst,Normaal,Droog,Dag,met lichtgewonden,3,Fiets,6,Bromfiets,Op Kruispunt,Gewestweg,binnen bebouwde kom,Tss. 2 best.: langs opzij (voor-/achterkant-flank),Geen hindernis
45909,19,Aalst 1,Aalst,50.93433,4.01471,0.7815592959764592,50.94128640754916,4.0163059581852325,2024,3,17,41002,Aalst,Normaal,Droog,Dag,met lichtgewonden,3,Fiets,6,Bromfiets,Op Kruispunt,Gewestweg,binnen bebouwde kom,Tss. 2 best.: langs opzij (voor-/achterkant-flank),Geen hindernis
45909,11,Aalst 3,Aalst,50.93385,4.01647,0.8269706816694912,50.94128640754916,4.0163059581852325,2024,3,17,41002,Aalst,Normaal,Droog,Dag,met lichtgewonden,3,Fiets,6,Bromfiets,Op Kruispunt,Gewestweg,binnen bebouwde kom,Tss. 2 best.: langs opzij (voor-/achterkant-flank),Geen hindernis
45914,10,Aalst 2,Aalst,50.93549,4.01571,1.0417193089932477,50.94144228364068,4.027190446541756,2024,3,14,41002,Aalst,Onbekend,Onbekend,Dag,met lichtgewonden,3,Fiets,9,personenauto,Op Kruispunt,Gemeenteweg,binnen bebouwde kom,Tss. 2 best.: langs opzij (voor-/achterkant-flank),Geen hindernis
45914,11,Aalst 3,Aalst,50.93385,4.01647,1.1300473571121976,50.94144228364068,4.027190446541756,2024,3,14,41002,Aalst,Onbekend,Onbekend,Dag,met lichtgewonden,3,Fiets,9,personenauto,Op Kruispunt,Gemeenteweg,binnen bebouwde kom,Tss. 2 best.: langs opzij (voor-/achterkant-flank),Geen hindernis
45914,19,Aalst 1,Aalst,50.93433,4.01471,1.1790764993083063,50.94144228364068,4.027190446541756,2024,3,14,41002,Aalst,Onbekend,Onbekend,Dag,met lichtgewonden,3,Fiets,9,personenauto,Op Kruispunt,Gemeenteweg,binnen bebouwde kom,Tss. 2 best.: langs opzij (voor-/achterkant-flank),Geen hindernis
45917,122,Dendermonde teller 2,Dendermonde,51.0373918,4.1019222,1.0650081085738663,51.02877582498045,4.095270097854365,2024,3,16,42006,Dendermonde,Regenval,"Nat, plassen",Dag,met lichtgewonden,3,Fiets,9,personenauto,Buiten Kruispunt,Gewestweg,buiten bebouwde kom,Tussen 2 bestuurders: Flank tegen flank,Geen hindernis
45917,125,Dendermonde totem,Dendermonde,51.0372706,4.1025998,1.0746758430043315,51.02877582498045,4.095270097854365,2024,3,16,42006,Dendermonde,Regenval,"Nat, plassen",Dag,met lichtgewonden,3,Fiets,9,personenauto,Buiten Kruispunt,Gewestweg,buiten bebouwde kom,Tussen 2 bestuurders: Flank tegen flank,Geen hindernis
45918,125,Dendermonde totem,Dendermonde,51.0372706,4.1025998,2.1346214905512317,51.01808696574491,4.103743355058972,2024,3,20,42006,Dendermonde,Normaal,Droog,Onbekend,met lichtgewonden,3,Fiets,3,Fiets,Op Kruispunt,Gemeenteweg,binnen bebouwde kom,Tussen 2 bestuurders: Frontale botsing,Geen hindernis
45918,122,Dendermonde teller 2,Dendermonde,51.0373918,4.1019222,2.1503746993411834,51.01808696574491,4.103743355058972,2024,3,20,42006,Dendermonde,Normaal,Droog,Onbekend,met lichtgewonden,3,Fiets,3,Fiets,Op Kruispunt,Gemeenteweg,binnen bebouwde kom,Tussen 2 bestuurders: Frontale botsing,Geen hindernis
45919,122,Dendermonde teller 2,Dendermonde,51.0373918,4.1019222,1.5730450923531238,51.05152196598534,4.100833518445213,2024,3,8,42006,Dendermonde,Normaal,Droog,Dag,met lichtgewonden,9,personenauto,3,Fiets,Buiten Kruispunt,Gemeenteweg,binnen bebouwde kom,Tussen 2 bestuurders: Frontale botsing,Geen hindernis
45919,125,Dendermonde totem,Dendermonde,51.0372706,4.1025998,1.589483257020278,51.05152196598534,4.100833518445213,2024,3,8,42006,Dendermonde,Normaal,Droog,Dag,met lichtgewonden,9,personenauto,3,Fiets,Buiten Kruispunt,Gemeenteweg,binnen bebouwde kom,Tussen 2 bestuurders: Frontale botsing,Geen hindernis
45920,125,Dendermonde totem,Dendermonde,51.0372706,4.1025998,1.5785524131890314,51.04898300077538,4.115358853090132,2024,3,17,42006,Dendermonde,Normaal,Droog,Dag,met lichtgewonden,3,Fiets,3,Fiets,Buiten Kruispunt,Gemeenteweg,buiten bebouwde kom,Tussen 2 bestuurders: Frontale botsing,Geen hindernis
45920,122,Dendermonde teller 2,Dendermonde,51.0373918,4.1019222,1.5948860776100484,51.04898300077538,4.115358853090132,2024,3,17,42006,Dendermonde,Normaal,Droog,Dag,met lichtgewonden,3,Fiets,3,Fiets,Buiten Kruispunt,Gemeenteweg,buiten bebouwde kom,Tussen 2 bestuurders: Frontale botsing,Geen hindernis
45921,122,Dendermonde teller 2,Dendermonde,51.0373918,4.1019222,0.6840423915921431,51.03347710903315,4.094375871294037,2024,3,16,42006,Dendermonde,Normaal,Droog,Dag,met lichtgewonden,9,personenauto,3,Fiets,Buiten Kruispunt,Gewestweg,binnen bebouwde kom,Tss. 2 best.: langs opzij (voor-/achterkant-flank),Geen hindernis
45921,125,Dendermonde totem,Dendermonde,51.0372706,4.1025998,0.7131695440814623,51.03347710903315,4.094375871294037,2024,3,16,42006,Dendermonde,Normaal,Droog,Dag,met lichtgewonden,9,personenauto,3,Fiets,Buiten Kruispunt,Gewestweg,binnen bebouwde kom,Tss. 2 best.: langs opzij (voor-/achterkant-flank),Geen hindernis
45922,142,TEST Validatie BRUGGE Y2H22022134,Brugge,51.22632,3.24095,1.5085312321074935,51.212769415861665,3.242000443398606,2024,3,8,31005,Brugge,Normaal,Droog,Dag,met lichtgewonden,3,Fiets,5,Lichte vrachtauto,Buiten Kruispunt,Gemeenteweg,binnen bebouwde kom,Tussen 2 bestuurders: Flank tegen flank,Geen hindernis
45922,52,Brugge,Brugge,51.22632,3.24095,1.5085312321074935,51.212769415861665,3.242000443398606,2024,3,8,31005,Brugge,Normaal,Droog,Dag,met lichtgewonden,3,Fiets,5,Lichte vrachtauto,Buiten Kruispunt,Gemeenteweg,binnen bebouwde kom,Tussen 2 bestuurders: Flank tegen flank,Geen hindernis
45922,54,Brugge teller 2,Brugge,51.23015,3.22818,2.1590419743056914,51.212769415861665,3.242000443398606,2024,3,8,31005,Brugge,Normaal,Droog,Dag,met lichtgewonden,3,Fiets,5,Lichte vrachtauto,Buiten Kruispunt,Gemeenteweg,binnen bebouwde kom,Tussen 2 bestuurders: Flank tegen flank,Geen hindernis
45922,53,Brugge teller 1,Brugge,51.23023,3.228,2.172604824489567,51.212769415861665,3.242000443398606,2024,3,8,31005,Brugge,Normaal,Droog,Dag,met lichtgewonden,3,Fiets,5,Lichte vrachtauto,Buiten Kruispunt,Gemeenteweg,binnen bebouwde kom,Tussen 2 bestuurders: Flank tegen flank,Geen hindernis
45924,53,Brugge teller 1,Brugge,51.23023,3.228,1.383073122836887,51.22047399366946,3.2156797986878027,2024,3,16,31005,Brugge,Normaal,Droog,Dag,met lichtgewonden,9,personenauto,3,Fiets,Op Kruispunt,Gewestweg,binnen bebouwde kom,Tussen 2 bestuurders: Frontale botsing,Geen hindernis
45924,54,Brugge teller 2,Brugge,51.23015,3.22818,1.3839568359685328,51.22047399366946,3.2156797986878027,2024,3,16,31005,Brugge,Normaal,Droog,Dag,met lichtgewonden,9,personenauto,3,Fiets,Op Kruispunt,Gewestweg,binnen bebouwde kom,Tussen 2 bestuurders: Frontale botsing,Geen hindernis
45924,52,Brugge,Brugge,51.22632,3.24095,1.8760317172197556,51.22047399366946,3.2156797986878027,2024,3,16,31005,Brugge,Normaal,Droog,Dag,met lichtgewonden,9,personenauto,3,Fiets,Op Kruispunt,Gewestweg,binnen bebouwde kom,Tussen 2 bestuurders: Frontale botsing,Geen hindernis
45924,142,TEST Validatie BRUGGE Y2H22022134,Brugge,51.22632,3.24095,1.8760317172197556,51.22047399366946,3.2156797986878027,2024,3,16,31005,Brugge,Normaal,Droog,Dag,met lichtgewonden,9,personenauto,3,Fiets,Op Kruispunt,Gewestweg,binnen bebouwde kom,Tussen 2 bestuurders: Frontale botsing,Geen hindernis
45925,142,TEST Validatie BRUGGE Y2H22022134,Brugge,51.22632,3.24095,1.4962691970509208,51.215210619552636,3.2288269055494814,2024,3,17,31005,Brugge,Normaal,Droog,Dag,met lichtgewonden,9,personenauto,3,Fiets,Op Kruispunt,Gewestweg,binnen bebouwde kom,Tss. 2 best.: langs opzij (voor-/achterkant-flank),Geen hindernis
45925,52,Brugge,Brugge,51.22632,3.24095,1.4962691970509208,51.215210619552636,3.2288269055494814,2024,3,17,31005,Brugge,Normaal,Droog,Dag,met lichtgewonden,9,personenauto,3,Fiets,Op Kruispunt,Gewestweg,binnen bebouwde kom,Tss. 2 best.: langs opzij (voor-/achterkant-flank),Geen hindernis
45925,54,Brugge teller 2,Brugge,51.23015,3.22818,1.6617940897888108,51.215210619552636,3.2288269055494814,2024,3,17,31005,Brugge,Normaal,Droog,Dag,met lichtgewonden,9,personenauto,3,Fiets,Op Kruispunt,Gewestweg,binnen bebouwde kom,Tss. 2 best.: langs opzij (voor-/achterkant-flank),Geen hindernis
45925,53,Brugge teller 1,Brugge,51.23023,3.228,1.6710714361420502,51.215210619552636,3.2288269055494814,2024,3,17,31005,Brugge,Normaal,Droog,Dag,met lichtgewonden,9,personenauto,3,Fiets,Op Kruispunt,Gewestweg,binnen bebouwde kom,Tss. 2 best.: langs opzij (voor-/achterkant-flank),Geen hindernis
45927,53,Brugge teller 1,Brugge,51.23023,3.228,1.4915125641803955,51.22624056836969,3.207549519084193,2024,3,8,31005,Brugge,Normaal,Droog,Dag,met lichtgewonden,9,personenauto,3,Fiets,Buiten Kruispunt,Gemeenteweg,binnen bebouwde kom,Tussen 2 bestuurders: Flank tegen flank,Geen hindernis
45927,54,Brugge teller 2,Brugge,51.23015,3.22818,1.500884439772691,51.22624056836969,3.207549519084193,2024,3,8,31005,Brugge,Normaal,Droog,Dag,met lichtgewonden,9,personenauto,3,Fiets,Buiten Kruispunt,Gemeenteweg,binnen bebouwde kom,Tussen 2 bestuurders: Flank tegen flank,Geen hindernis
45927,52,Brugge,Brugge,51.22632,3.24095,2.325872907798071,51.22624056836969,3.207549519084193,2024,3,8,31005,Brugge,Normaal,Droog,Dag,met lichtgewonden,9,personenauto,3,Fiets,Buiten Kruispunt,Gemeenteweg,binnen bebouwde kom,Tussen 2 bestuurders: Flank tegen flank,Geen hindernis
45927,142,TEST Validatie BRUGGE Y2H22022134,Brugge,51.22632,3.24095,2.325872907798071,51.22624056836969,3.207549519084193,2024,3,8,31005,Brugge,Normaal,Droog,Dag,met lichtgewonden,9,personenauto,3,Fiets,Buiten Kruispunt,Gemeenteweg,binnen bebouwde kom,Tussen 2 bestuurders: Flank tegen flank,Geen hindernis
45928,20,Brugge,Brugge,51.17416,3.20048,1.5929019131747162,51.18848116062203,3.1999299352752573,2024,3,17,31005,Brugge,Normaal,Droog,Dag,met lichtgewonden,3,Fiets,9,personenauto,Buiten Kruispunt,Gemeenteweg,binnen bebouwde kom,Tss. 2 best.: langs opzij (voor-/achterkant-flank),Geen hindernis
45929,50,"Brugge, Sint-Andries",Brugge,51.19291,3.16252,1.1932454622335498,51.1940294839703,3.179549977649132,2024,3,19,31005,Brugge,Normaal,Droog,"Nacht, openbare verlichting aanwezig en ontstoken",met lichtgewonden,3,Fiets,2,Andere weggebruiker,Buiten Kruispunt,Gemeenteweg,binnen bebouwde kom,Tussen 2 bestuurders: Frontale botsing,Geen hindernis
45929,51,"Brugge, Sint-Andries",Brugge,51.19281,3.16252,1.19445793664155,51.1940294839703,3.179549977649132,2024,3,19,31005,Brugge,Normaal,Droog,"Nacht, openbare verlichting aanwezig en ontstoken",met lichtgewonden,3,Fiets,2,Andere weggebruiker,Buiten Kruispunt,Gemeenteweg,binnen bebouwde kom,Tussen 2 bestuurders: Frontale botsing,Geen hindernis
45931,20,Brugge,Brugge,51.17416,3.20048,1.8119803883027414,51.18739809482362,3.2156387337722667,2024,3,11,31005,Brugge,Normaal,Droog,Dag,met lichtgewonden,9,personenauto,3,Fiets,Op Kruispunt,Gemeenteweg,binnen bebouwde kom,Tss. 2 best.: langs opzij (voor-/achterkant-flank),Geen hindernis
45932,142,TEST Validatie BRUGGE Y2H22022134,Brugge,51.22632,3.24095,2.1868433121846476,51.215363328899706,3.267026035841085,2024,3,17,31005,Brugge,Normaal,Droog,Dag,met lichtgewonden,9,personenauto,3,Fiets,Op Kruispunt,Gemeenteweg,buiten bebouwde kom,Tss. 2 best.: langs opzij (voor-/achterkant-flank),Geen hindernis
45932,52,Brugge,Brugge,51.22632,3.24095,2.1868433121846476,51.215363328899706,3.267026035841085,2024,3,17,31005,Brugge,Normaal,Droog,Dag,met lichtgewonden,9,personenauto,3,Fiets,Op Kruispunt,Gemeenteweg,buiten bebouwde kom,Tss. 2 best.: langs opzij (voor-/achterkant-flank),Geen hindernis
45933,142,TEST Validatie BRUGGE Y2H22022134,Brugge,51.22632,3.24095,1.514910675308649,51.21269608432839,3.240965235188394,2024,3,13,31005,Brugge,Normaal,Droog,Dag,met lichtgewonden,3,Fiets,9,personenauto,Op Kruispunt,Gewestweg,binnen bebouwde kom,Tss. 2 best.: langs opzij (voor-/achterkant-flank),Geen hindernis
45933,52,Brugge,Brugge,51.22632,3.24095,1.514910675308649,51.21269608432839,3.240965235188394,2024,3,13,31005,Brugge,Normaal,Droog,Dag,met lichtgewonden,3,Fiets,9,personenauto,Op Kruispunt,Gewestweg,binnen bebouwde kom,Tss. 2 best.: langs opzij (voor-/achterkant-flank),Geen hindernis
45933,54,Brugge teller 2,Brugge,51.23015,3.22818,2.135290168391158,51.21269608432839,3.240965235188394,2024,3,13,31005,Brugge,Normaal,Droog,Dag,met lichtgewonden,3,Fiets,9,personenauto,Op Kruispunt,Gewestweg,binnen bebouwde kom,Tss. 2 best.: langs opzij (voor-/achterkant-flank),Geen hindernis
45933,53,Brugge teller 1,Brugge,51.23023,3.228,2.148616161405571,51.21269608432839,3.240965235188394,2024,3,13,31005,Brugge,Normaal,Droog,Dag,met lichtgewonden,3,Fiets,9,personenauto,Op Kruispunt,Gewestweg,binnen bebouwde kom,Tss. 2 best.: langs opzij (voor-/achterkant-flank),Geen hindernis
45957,18,Oostende 1,Oostende,51.21378,2.92765,0.7528655850750481,51.21988707519701,2.9323170402309806,2024,3,17,35013,Oostende,Normaal,Droog,Dag,met lichtgewonden,3,Fiets,9,personenauto,Buiten Kruispunt,Gemeenteweg,binnen bebouwde kom,Tss. 2 best.: langs opzij (voor-/achterkant-flank),Geen hindernis
45957,15,Oostende 2,Oostende,51.21371,2.92743,0.7665736726725595,51.21988707519701,2.9323170402309806,2024,3,17,35013,Oostende,Normaal,Droog,Dag,met lichtgewonden,3,Fiets,9,personenauto,Buiten Kruispunt,Gemeenteweg,binnen bebouwde kom,Tss. 2 best.: langs opzij (voor-/achterkant-flank),Geen hindernis
45958,15,Oostende 2,Oostende,51.21371,2.92743,1.759939922188569,51.22465253861528,2.909172387670088,2024,3,18,35013,Oostende,Onbekend,Onbekend,Onbekend,met lichtgewonden,3,Fiets,9,personenauto,Op Kruispunt,Gewestweg,onbekend,Tussen 2 bestuurders: Flank tegen flank,Geen hindernis
45958,18,Oostende 1,Oostende,51.21378,2.92765,1.765702762010905,51.22465253861528,2.909172387670088,2024,3,18,35013,Oostende,Onbekend,Onbekend,Onbekend,met lichtgewonden,3,Fiets,9,personenauto,Op Kruispunt,Gewestweg,onbekend,Tussen 2 bestuurders: Flank tegen flank,Geen hindernis
45959,15,Oostende 2,Oostende,51.21371,2.92743,1.7392790713805608,51.224304175738986,2.9090572632678393,2024,3,7,35013,Oostende,Normaal,Droog,Dag,met lichtgewonden,8,Voetganger,3,Fiets,Buiten Kruispunt,Gewestweg,binnen bebouwde kom,Met een voetganger,Geen hindernis
45959,18,Oostende 1,Oostende,51.21378,2.92765,1.745353371619875,51.224304175738986,2.9090572632678393,2024,3,7,35013,Oostende,Normaal,Droog,Dag,met lichtgewonden,8,Voetganger,3,Fiets,Buiten Kruispunt,Gewestweg,binnen bebouwde kom,Met een voetganger,Geen hindernis
45960,15,Oostende 2,Oostende,51.21371,2.92743,1.3046237816533963,51.214606830974645,2.908754667997306,2024,3,8,35013,Oostende,Normaal,Droog,Dag,met lichtgewonden,9,personenauto,3,Fiets,Op Kruispunt,Gewestweg,binnen bebouwde kom,Tss. 2 best.: langs opzij (voor-/achterkant-flank),Geen hindernis
45960,18,Oostende 1,Oostende,51.21378,2.92765,1.3193370448325938,51.214606830974645,2.908754667997306,2024,3,8,35013,Oostende,Normaal,Droog,Dag,met lichtgewonden,9,personenauto,3,Fiets,Op Kruispunt,Gewestweg,binnen bebouwde kom,Tss. 2 best.: langs opzij (voor-/achterkant-flank),Geen hindernis
45961,53,Brugge teller 1,Brugge,51.23023,3.228,1.064545474265901,51.2252249225361,3.2149677048462166,2024,3,14,31005,Brugge,Onbekend,Onbekend,Dag,met lichtgewonden,9,personenauto,3,Fiets,Op Kruispunt,Gemeenteweg,onbekend,Tss. 2 best.: langs opzij (voor-/achterkant-flank),Geen hindernis
45961,54,Brugge teller 2,Brugge,51.23015,3.22818,1.0706736031554183,51.2252249225361,3.2149677048462166,2024,3,14,31005,Brugge,Onbekend,Onbekend,Dag,met lichtgewonden,9,personenauto,3,Fiets,Op Kruispunt,Gemeenteweg,onbekend,Tss. 2 best.: langs opzij (voor-/achterkant-flank),Geen hindernis
45961,52,Brugge,Brugge,51.22632,3.24095,1.8134005641131872,51.2252249225361,3.2149677048462166,2024,3,14,31005,Brugge,Onbekend,Onbekend,Dag,met lichtgewonden,9,personenauto,3,Fiets,Op Kruispunt,Gemeenteweg,onbekend,Tss. 2 best.: langs opzij (voor-/achterkant-flank),Geen hindernis
45961,142,TEST Validatie BRUGGE Y2H22022134,Brugge,51.22632,3.24095,1.8134005641131872,51.2252249225361,3.2149677048462166,2024,3,14,31005,Brugge,Onbekend,Onbekend,Dag,met lichtgewonden,9,personenauto,3,Fiets,Op Kruispunt,Gemeenteweg,onbekend,Tss. 2 best.: langs opzij (voor-/achterkant-flank),Geen hindernis