crash_row_id,site_id,site_name,site_gemeente,site_lat,site_long,distance_km,crash_lat,crash_long,DT_YEAR_COLLISION,DT_MONTH_COLLISION,DT_TIME,CD_NIS,TX_MUNTY_COLLISION_NL,TX_WEATHER_NL,TX_ROAD_CONDITION_NL,TX_LIGHT_CONDITION_NL,TX_CLASS_ACCIDENTS_NL,CD_ROAD_USR_TYPE1,TX_ROAD_USR_TYPE1_NL,CD_ROAD_USR_TYPE2,TX_ROAD_USR_TYPE2_NL,TX_CROSSWAY_NL,CD_ROAD_TYPE_NL,TX_BUILD_UP_AREA_NL,TX_COLLISION_TYPE_NL,TX_OBSTACLES_NL
45962,18,Oostende 1,Oostende,51.21378,2.92765,0.910425535147447,51.21569180833133,2.9403595787369516,2024,3,8,35013,Oostende,Normaal,Droog,Dag,met zwaargewonden,9,personenauto,3,Fiets,Buiten Kruispunt,Gemeenteweg,binnen bebouwde kom,Tss. 2 best.: langs opzij (voor-/achterkant-flank),Geen hindernis
45962,15,Oostende 2,Oostende,51.21371,2.92743,0.9271523023588062,51.21569180833133,2.9403595787369516,2024,3,8,35013,Oostende,Normaal,Droog,Dag,met zwaargewonden,9,personenauto,3,Fiets,Buiten Kruispunt,Gemeenteweg,binnen bebouwde kom,Tss. 2 best.: langs opzij (voor-/achterkant-flank),Geen hindernis
45964,15,Oostende 2,Oostende,51.21371,2.92743,1.759939922188569,51.22465253861528,2.909172387670088,2024,3,20,35013,Oostende,Normaal,Droog,"Nacht, openbare verlichting aanwezig en ontstoken",met lichtgewonden,3,Fiets,9,personenauto,Op Kruispunt,Gewestweg,binnen bebouwde kom,Tussen 2 bestuurders: Langs achteren,Geen hindernis
45964,18,Oostende 1,Oostende,51.21378,2.92765,1.765702762010905,51.22465253861528,2.909172387670088,2024,3,20,35013,Oostende,Normaal,Droog,"Nacht, openbare verlichting aanwezig en ontstoken",met lichtgewonden,3,Fiets,9,personenauto,Op Kruispunt,Gewestweg,binnen bebouwde kom,Tussen 2 bestuurders: Langs achteren,Geen hindernis
45969,55,Torhout teller 1,Torhout,51.07161,3.08261,1.5394987575554708,51.074379739119756,3.10419925029709,2024,3,8,31033,Torhout,Normaal,Droog,Dag,met lichtgewonden,9,personenauto,3,Fiets,Op Kruispunt,Gewestweg,binnen bebouwde kom,Tss. 2 best.: langs opzij (voor-/achterkant-flank),Geen hindernis
45969,56,Torhout teller 2,Torhout,51.07147,3.08244,1.5543059278404028,51.074379739119756,3.10419925029709,2024,3,8,31033,Torhout,Normaal,Droog,Dag,met lichtgewonden,9,personenauto,3,Fiets,Op Kruispunt,Gewestweg,binnen bebouwde kom,Tss. 2 best.: langs opzij (voor-/achterkant-flank),Geen hindernis
45971,55,Torhout teller 1,Torhout,51.07161,3.08261,1.4264112960441417,51.06684592551522,3.1015643877175467,2024,3,16,31033,Torhout,Normaal,Droog,Dag,met lichtgewonden,9,personenauto,3,Fiets,Buiten Kruispunt,Gewestweg,binnen bebouwde kom,Tss. 2 best.: langs opzij (voor-/achterkant-flank),Geen hindernis
45971,56,Torhout teller 2,Torhout,51.07147,3.08244,1.4317849309129684,51.06684592551522,3.1015643877175467,2024,3,16,31033,Torhout,Normaal,Droog,Dag,met lichtgewonden,9,personenauto,3,Fiets,Buiten Kruispunt,Gewestweg,binnen bebouwde kom,Tss. 2 best.: langs opzij (voor-/achterkant-flank),Geen hindernis
45978,84,Roeselare totem,Izegem,50.91717,3.18772,0.8040424555969312,50.91811915721648,3.199090469022928,2024,3,8,36008,Izegem,Normaal,Droog,Dag,met lichtgewonden,9,personenauto,3,Fiets,Op Kruispunt,Gemeenteweg,binnen bebouwde kom,Tss. 2 best.: langs opzij (voor-/achterkant-flank),Geen hindernis
45979,16,Kortrijk 1,Kortrijk,50.83332,3.27777,1.7412984440562613,50.8184513704863,3.2855505687234747,2024,3,16,34022,Kortrijk,Normaal,Droog,Dag,met lichtgewonden,3,Fiets,9,personenauto,Buiten Kruispunt,Gemeenteweg,binnen bebouwde kom,Tss. 2 best.: langs opzij (voor-/achterkant-flank),Geen hindernis
45979,17,Kortrijk 2,Kortrijk,50.83339,3.27773,1.7495704729440948,50.8184513704863,3.2855505687234747,2024,3,16,34022,Kortrijk,Normaal,Droog,Dag,met lichtgewonden,3,Fiets,9,personenauto,Buiten Kruispunt,Gemeenteweg,binnen bebouwde kom,Tss. 2 best.: langs opzij (voor-/achterkant-flank),Geen hindernis
45979,75,Kortrijk teller 2,Kortrijk,50.81925,3.25731,1.9858892192497914,50.8184513704863,3.2855505687234747,2024,3,16,34022,Kortrijk,Normaal,Droog,Dag,met lichtgewonden,3,Fiets,9,personenauto,Buiten Kruispunt,Gemeenteweg,binnen bebouwde kom,Tss. 2 best.: langs opzij (voor-/achterkant-flank),Geen hindernis
45979,74,Kortrijk teller 1,Kortrijk,50.81909,3.25728,1.9872827663047639,50.8184513704863,3.2855505687234747,2024,3,16,34022,Kortrijk,Normaal,Droog,Dag,met lichtgewonden,3,Fiets,9,personenauto,Buiten Kruispunt,Gemeenteweg,binnen bebouwde kom,Tss. 2 best.: langs opzij (voor-/achterkant-flank),Geen hindernis
45979,143,Eco Display Classic Budastraat,Kortrijk,50.83066,3.26286,2.093602250393852,50.8184513704863,3.2855505687234747,2024,3,16,34022,Kortrijk,Normaal,Droog,Dag,met lichtgewonden,3,Fiets,9,personenauto,Buiten Kruispunt,Gemeenteweg,binnen bebouwde kom,Tss. 2 best.: langs opzij (voor-/achterkant-flank),Geen hindernis
45992,61,Wervik teller 2,Wervik,50.80555,3.0921,1.257707000808426,50.80352937456446,3.1097098815415487,2024,3,9,34027,Menen,Normaal,Droog,Dag,met lichtgewonden,9,personenauto,3,Fiets,Buiten Kruispunt,Gemeenteweg,binnen bebouwde kom,Tussen 2 bestuurders: Flank tegen flank,Geen hindernis
45992,62,Wervik teller 1,Wervik,50.8058,3.09154,1.3015474853434377,50.80352937456446,3.1097098815415487,2024,3,9,34027,Menen,Normaal,Droog,Dag,met lichtgewonden,9,personenauto,3,Fiets,Buiten Kruispunt,Gemeenteweg,binnen bebouwde kom,Tussen 2 bestuurders: Flank tegen flank,Geen hindernis
45994,143,Eco Display Classic Budastraat,Kortrijk,50.83066,3.26286,0.3588521258834997,50.82930321734141,3.2582240579880715,2024,3,9,34022,Kortrijk,Onbekend,Droog,Dag,met lichtgewonden,9,personenauto,3,Fiets,Buiten Kruispunt,Gemeenteweg,binnen bebouwde kom,Tussen 2 bestuurders: Langs achteren,Geen hindernis
45994,75,Kortrijk teller 2,Kortrijk,50.81925,3.25731,1.119709074605171,50.82930321734141,3.2582240579880715,2024,3,9,34022,Kortrijk,Onbekend,Droog,Dag,met lichtgewonden,9,personenauto,3,Fiets,Buiten Kruispunt,Gemeenteweg,binnen bebouwde kom,Tussen 2 bestuurders: Langs achteren,Geen hindernis
45994,74,Kortrijk teller 1,Kortrijk,50.81909,3.25728,1.1375923451394137,50.82930321734141,3.2582240579880715,2024,3,9,34022,Kortrijk,Onbekend,Droog,Dag,met lichtgewonden,9,personenauto,3,Fiets,Buiten Kruispunt,Gemeenteweg,binnen bebouwde kom,Tussen 2 bestuurders: Langs achteren,Geen hindernis
45994,17,Kortrijk 2,Kortrijk,50.83339,3.27773,1.4433322004947298,50.82930321734141,3.2582240579880715,2024,3,9,34022,Kortrijk,Onbekend,Droog,Dag,met lichtgewonden,9,personenauto,3,Fiets,Buiten Kruispunt,Gemeenteweg,binnen bebouwde kom,Tussen 2 bestuurders: Langs achteren,Geen hindernis
45994,16,Kortrijk 1,Kortrijk,50.83332,3.27777,1.4435726001642997,50.82930321734141,3.2582240579880715,2024,3,9,34022,Kortrijk,Onbekend,Droog,Dag,met lichtgewonden,9,personenauto,3,Fiets,Buiten Kruispunt,Gemeenteweg,binnen bebouwde kom,Tussen 2 bestuurders: Langs achteren,Geen hindernis
45995,143,Eco Display Classic Budastraat,Kortrijk,50.83066,3.26286,0.5750489810276989,50.83503394066529,3.2672287727357836,2024,3,12,34022,Kortrijk,Onbekend,Onbekend,Dag,met lichtgewonden,3,Fiets,99,onbekend,Op Kruispunt,Gewestweg,binnen bebouwde kom,Tss. 2 best.: langs opzij (voor-/achterkant-flank),Geen hindernis
45995,17,Kortrijk 2,Kortrijk,50.83339,3.27773,0.759787065949379,50.83503394066529,3.2672287727357836,2024,3,12,34022,Kortrijk,Onbekend,Onbekend,Dag,met lichtgewonden,3,Fiets,99,onbekend,Op Kruispunt,Gewestweg,binnen bebouwde kom,Tss. 2 best.: langs opzij (voor-/achterkant-flank),Geen hindernis
45995,16,Kortrijk 1,Kortrijk,50.83332,3.27777,0.7644177993014685,50.83503394066529,3.2672287727357836,2024,3,12,34022,Kortrijk,Onbekend,Onbekend,Dag,met lichtgewonden,3,Fiets,99,onbekend,Op Kruispunt,Gewestweg,binnen bebouwde kom,Tss. 2 best.: langs opzij (voor-/achterkant-flank),Geen hindernis
45995,75,Kortrijk teller 2,Kortrijk,50.81925,3.25731,1.88830767914815,50.83503394066529,3.2672287727357836,2024,3,12,34022,Kortrijk,Onbekend,Onbekend,Dag,met lichtgewonden,3,Fiets,99,onbekend,Op Kruispunt,Gewestweg,binnen bebouwde kom,Tss. 2 best.: langs opzij (voor-/achterkant-flank),Geen hindernis
45995,74,Kortrijk teller 1,Kortrijk,50.81909,3.25728,1.905627167521749,50.83503394066529,3.2672287727357836,2024,3,12,34022,Kortrijk,Onbekend,Onbekend,Dag,met lichtgewonden,3,Fiets,99,onbekend,Op Kruispunt,Gewestweg,binnen bebouwde kom,Tss. 2 best.: langs opzij (voor-/achterkant-flank),Geen hindernis
45996,16,Kortrijk 1,Kortrijk,50.83332,3.27777,1.1946206987256243,50.822576763425516,3.277655022213348,2024,3,16,34022,Kortrijk,Regenval,"Nat, plassen",Dag,met lichtgewonden,3,Fiets,9,personenauto,Buiten Kruispunt,Gemeenteweg,binnen bebouwde kom,Tss. 2 best.: langs opzij (voor-/achterkant-flank),Geen hindernis
45996,17,Kortrijk 2,Kortrijk,50.83339,3.27773,1.2023885800030347,50.822576763425516,3.277655022213348,2024,3,16,34022,Kortrijk,Regenval,"Nat, plassen",Dag,met lichtgewonden,3,Fiets,9,personenauto,Buiten Kruispunt,Gemeenteweg,binnen bebouwde kom,Tss. 2 best.: langs opzij (voor-/achterkant-flank),Geen hindernis
45996,143,Eco Display Classic Budastraat,Kortrijk,50.83066,3.26286,1.3739581190392476,50.822576763425516,3.277655022213348,2024,3,16,34022,Kortrijk,Regenval,"Nat, plassen",Dag,met lichtgewonden,3,Fiets,9,personenauto,Buiten Kruispunt,Gemeenteweg,binnen bebouwde kom,Tss. 2 best.: langs opzij (voor-/achterkant-flank),Geen hindernis
45996,75,Kortrijk teller 2,Kortrijk,50.81925,3.25731,1.4762744162615895,50.822576763425516,3.277655022213348,2024,3,16,34022,Kortrijk,Regenval,"Nat, plassen",Dag,met lichtgewonden,3,Fiets,9,personenauto,Buiten Kruispunt,Gemeenteweg,binnen bebouwde kom,Tss. 2 best.: langs opzij (voor-/achterkant-flank),Geen hindernis
45996,74,Kortrijk teller 1,Kortrijk,50.81909,3.25728,1.48286899808947,50.822576763425516,3.277655022213348,2024,3,16,34022,Kortrijk,Regenval,"Nat, plassen",Dag,met lichtgewonden,3,Fiets,9,personenauto,Buiten Kruispunt,Gemeenteweg,binnen bebouwde kom,Tss. 2 best.: langs opzij (voor-/achterkant-flank),Geen hindernis
45998,143,Eco Display Classic Budastraat,Kortrijk,50.83066,3.26286,0.5984155724614896,50.832189023924435,3.254690484227323,2024,3,7,34022,Kortrijk,Onbekend,Onbekend,Onbekend,met lichtgewonden,3,Fiets,9,personenauto,Op Kruispunt,Gewestweg,binnen bebouwde kom,Tussen 2 bestuurders: Langs achteren,Geen hindernis
45998,75,Kortrijk teller 2,Kortrijk,50.81925,3.25731,1.4504710949031117,50.832189023924435,3.254690484227323,2024,3,7,34022,Kortrijk,Onbekend,Onbekend,Onbekend,met lichtgewonden,3,Fiets,9,personenauto,Op Kruispunt,Gewestweg,binnen bebouwde kom,Tussen 2 bestuurders: Langs achteren,Geen hindernis
45998,74,Kortrijk teller 1,Kortrijk,50.81909,3.25728,1.4678577365527283,50.832189023924435,3.254690484227323,2024,3,7,34022,Kortrijk,Onbekend,Onbekend,Onbekend,met lichtgewonden,3,Fiets,9,personenauto,Op Kruispunt,Gewestweg,binnen bebouwde kom,Tussen 2 bestuurders: Langs achteren,Geen hindernis
45998,17,Kortrijk 2,Kortrijk,50.83339,3.27773,1.6235465561180016,50.832189023924435,3.254690484227323,2024,3,7,34022,Kortrijk,Onbekend,Onbekend,Onbekend,met lichtgewonden,3,Fiets,9,personenauto,Op Kruispunt,Gewestweg,binnen bebouwde kom,Tussen 2 bestuurders: Langs achteren,Geen hindernis
45998,16,Kortrijk 1,Kortrijk,50.83332,3.27777,1.6257268078730671,50.832189023924435,3.254690484227323,2024,3,7,34022,Kortrijk,Onbekend,Onbekend,Onbekend,met lichtgewonden,3,Fiets,9,personenauto,Op Kruispunt,Gewestweg,binnen bebouwde kom,Tussen 2 bestuurders: Langs achteren,Geen hindernis
45999,143,Eco Display Classic Budastraat,Kortrijk,50.83066,3.26286,0.8965179282114578,50.83872159479521,3.263059508582006,2024,3,7,34022,Kortrijk,Onbekend,Onbekend,Onbekend,met lichtgewonden,3,Fiets,8,Voetganger,Buiten Kruispunt,Gewestweg,binnen bebouwde kom,Met een voetganger,Geen hindernis
45999,17,Kortrijk 2,Kortrijk,50.83339,3.27773,1.1886242419994348,50.83872159479521,3.263059508582006,2024,3,7,34022,Kortrijk,Onbekend,Onbekend,Onbekend,met lichtgewonden,3,Fiets,8,Voetganger,Buiten Kruispunt,Gewestweg,binnen bebouwde kom,Met een voetganger,Geen hindernis
45999,16,Kortrijk 1,Kortrijk,50.83332,3.27777,1.1949537256148626,50.83872159479521,3.263059508582006,2024,3,7,34022,Kortrijk,Onbekend,Onbekend,Onbekend,met lichtgewonden,3,Fiets,8,Voetganger,Buiten Kruispunt,Gewestweg,binnen bebouwde kom,Met een voetganger,Geen hindernis
45999,75,Kortrijk teller 2,Kortrijk,50.81925,3.25731,2.20247804361347,50.83872159479521,3.263059508582006,2024,3,7,34022,Kortrijk,Onbekend,Onbekend,Onbekend,met lichtgewonden,3,Fiets,8,Voetganger,Buiten Kruispunt,Gewestweg,binnen bebouwde kom,Met een voetganger,Geen hindernis
45999,74,Kortrijk teller 1,Kortrijk,50.81909,3.25728,2.220354408105362,50.83872159479521,3.263059508582006,2024,3,7,34022,Kortrijk,Onbekend,Onbekend,Onbekend,met lichtgewonden,3,Fiets,8,Voetganger,Buiten Kruispunt,Gewestweg,binnen bebouwde kom,Met een voetganger,Geen hindernis
46000,75,Kortrijk teller 2,Kortrijk,50.81925,3.25731,0.871509978318833,50.822499566152835,3.2685997841436394,2024,3,6,34022,Kortrijk,Normaal,Droog,"Nacht, openbare verlichting aanwezig en ontstoken",met lichtgewonden,9,personenauto,3,Fiets,Op Kruispunt,Gewestweg,binnen bebouwde kom,Tss. 2 best.: langs opzij (voor-/achterkant-flank),Geen hindernis
46000,74,Kortrijk teller 1,Kortrijk,50.81909,3.25728,0.8809384830683219,50.822499566152835,3.2685997841436394,2024,3,6,34022,Kortrijk,Normaal,Droog,"Nacht, openbare verlichting aanwezig en ontstoken",met lichtgewonden,9,personenauto,3,Fiets,Op Kruispunt,Gewestweg,binnen bebouwde kom,Tss. 2 best.: langs opzij (voor-/achterkant-flank),Geen hindernis
46000,143,Eco Display Classic Budastraat,Kortrijk,50.83066,3.26286,0.9929277558223069,50.822499566152835,3.2685997841436394,2024,3,6,34022,Kortrijk,Normaal,Droog,"Nacht, openbare verlichting aanwezig en ontstoken",met lichtgewonden,9,personenauto,3,Fiets,Op Kruispunt,Gewestweg,binnen bebouwde kom,Tss. 2 best.: langs opzij (voor-/achterkant-flank),Geen hindernis
46000,16,Kortrijk 1,Kortrijk,50.83332,3.27777,1.3647268518988316,50.822499566152835,3.2685997841436394,2024,3,6,34022,Kortrijk,Normaal,Droog,"Nacht, openbare verlichting aanwezig en ontstoken",met lichtgewonden,9,personenauto,3,Fiets,Op Kruispunt,Gewestweg,binnen bebouwde kom,Tss. 2 best.: langs opzij (voor-/achterkant-flank),Geen hindernis
46000,17,Kortrijk 2,Kortrijk,50.83339,3.27773,1.3702767602574684,50.822499566152835,3.2685997841436394,2024,3,6,34022,Kortrijk,Normaal,Droog,"Nacht, openbare verlichting aanwezig en ontstoken",met lichtgewonden,9,personenauto,3,Fiets,Op Kruispunt,Gewestweg,binnen bebouwde kom,Tss. 2 best.: langs opzij (voor-/achterkant-flank),Geen hindernis
46001,17,Kortrijk 2,Kortrijk,50.83339,3.27773,2.0111857071636376,50.850767398245566,3.269785502841158,2024,3,19,34023,Kuurne,Normaal,Droog,"Nacht, openbare verlichting aanwezig en ontstoken",met lichtgewonden,9,personenauto,3,Fiets,Buiten Kruispunt,Gewestweg,binnen bebouwde kom,Tussen 2 bestuurders: Langs achteren,Geen hindernis
46001,16,Kortrijk 1,Kortrijk,50.83332,3.27777,2.0194431531711885,50.850767398245566,3.269785502841158,2024,3,19,34023,Kuurne,Normaal,Droog,"Nacht, openbare verlichting aanwezig en ontstoken",met lichtgewonden,9,personenauto,3,Fiets,Buiten Kruispunt,Gewestweg,binnen bebouwde kom,Tussen 2 bestuurders: Langs achteren,Geen hindernis
46001,143,Eco Display Classic Budastraat,Kortrijk,50.83066,3.26286,2.2881129602529566,50.850767398245566,3.269785502841158,2024,3,19,34023,Kuurne,Normaal,Droog,"Nacht, openbare verlichting aanwezig en ontstoken",met lichtgewonden,9,personenauto,3,Fiets,Buiten Kruispunt,Gewestweg,binnen bebouwde kom,Tussen 2 bestuurders: Langs achteren,Geen hindernis
46002,143,Eco Display Classic Budastraat,Kortrijk,50.83066,3.26286,0.5807257052149865,50.835147565018744,3.2670899326492364,2024,3,17,34022,Kortrijk,Normaal,Droog,Dag,met lichtgewonden,3,Fiets,10,"één bestuurder, geen hindernis",Buiten Kruispunt,Gewestweg,binnen bebouwde kom,"Eén bestuurder, geen hindernis (incl. val)",Geen hindernis
46002,17,Kortrijk 2,Kortrijk,50.83339,3.27773,0.7723535169889845,50.835147565018744,3.2670899326492364,2024,3,17,34022,Kortrijk,Normaal,Droog,Dag,met lichtgewonden,3,Fiets,10,"één bestuurder, geen hindernis",Buiten Kruispunt,Gewestweg,binnen bebouwde kom,"Eén bestuurder, geen hindernis (incl. val)",Geen hindernis
46002,16,Kortrijk 1,Kortrijk,50.83332,3.27777,0.7770711782605647,50.835147565018744,3.2670899326492364,2024,3,17,34022,Kortrijk,Normaal,Droog,Dag,met lichtgewonden,3,Fiets,10,"één bestuurder, geen hindernis",Buiten Kruispunt,Gewestweg,binnen bebouwde kom,"Eén bestuurder, geen hindernis (incl. val)",Geen hindernis
46002,75,Kortrijk teller 2,Kortrijk,50.81925,3.25731,1.8965023552787768,50.835147565018744,3.2670899326492364,2024,3,17,34022,Kortrijk,Normaal,Droog,Dag,met lichtgewonden,3,Fiets,10,"één bestuurder, geen hindernis",Buiten Kruispunt,Gewestweg,binnen bebouwde kom,"Eén bestuurder, geen hindernis (incl. val)",Geen hindernis
46002,74,Kortrijk teller 1,Kortrijk,50.81909,3.25728,1.9138543852240106,50.835147565018744,3.2670899326492364,2024,3,17,34022,Kortrijk,Normaal,Droog,Dag,met lichtgewonden,3,Fiets,10,"één bestuurder, geen hindernis",Buiten Kruispunt,Gewestweg,binnen bebouwde kom,"Eén bestuurder, geen hindernis (incl. val)",Geen hindernis
46019,17,Kortrijk 2,Kortrijk,50.83339,3.27773,2.477475730324085,50.84973787618744,3.3017031402750403,2024,3,6,34013,Harelbeke,Normaal,Droog,Dageraad - schemering,met lichtgewonden,9,personenauto,3,Fiets,Op Kruispunt,Gewestweg,binnen bebouwde kom,Tss. 2 best.: langs opzij (voor-/achterkant-flank),Geen hindernis
46019,16,Kortrijk 1,Kortrijk,50.83332,3.27777,2.481290269534573,50.84973787618744,3.3017031402750403,2024,3,6,34013,Harelbeke,Normaal,Droog,Dageraad - schemering,met lichtgewonden,9,personenauto,3,Fiets,Op Kruispunt,Gewestweg,binnen bebouwde kom,Tss. 2 best.: langs opzij (voor-/achterkant-flank),Geen hindernis
46031,67,Ieper totem,Ieper,50.85018,2.85624,1.5623262882893136,50.846035902569234,2.877503463294662,2024,3,18,33011,Ieper,Normaal,Droog,Dag,met lichtgewonden,3,Fiets,9,personenauto,Buiten Kruispunt,Gewestweg,binnen bebouwde kom,Tss. 2 best.: langs opzij (voor-/achterkant-flank),Geen hindernis
46031,68,Ieper,Ieper,50.85032,2.85608,1.5776912765468611,50.846035902569234,2.877503463294662,2024,3,18,33011,Ieper,Normaal,Droog,Dag,met lichtgewonden,3,Fiets,9,personenauto,Buiten Kruispunt,Gewestweg,binnen bebouwde kom,Tss. 2 best.: langs opzij (voor-/achterkant-flank),Geen hindernis
46032,42,Maasmechelen teller 2,Maasmechelen,50.97043,5.6981,1.9464401515685206,50.98526690055595,5.712853100116696,2024,3,12,73107,Maasmechelen,Onbekend,Onbekend,Dag,met lichtgewonden,3,Fiets,9,personenauto,Buiten Kruispunt,Gemeenteweg,onbekend,Tussen 2 bestuurders: Langs achteren,Geen hindernis
46032,41,Maasmechelen teller 1,Maasmechelen,50.97025,5.69799,1.967496721911579,50.98526690055595,5.712853100116696,2024,3,12,73107,Maasmechelen,Onbekend,Onbekend,Dag,met lichtgewonden,3,Fiets,9,personenauto,Buiten Kruispunt,Gemeenteweg,onbekend,Tussen 2 bestuurders: Langs achteren,Geen hindernis
46033,41,Maasmechelen teller 1,Maasmechelen,50.97025,5.69799,0.42028521494773546,50.96803707317433,5.693124203283758,2024,3,12,73107,Maasmechelen,Onbekend,Onbekend,Dag,met lichtgewonden,3,Fiets,11,een weggebruiker tegen een hindernis,Op Kruispunt,Gemeenteweg,binnen bebouwde kom,Weggebruiker tegen hindernis op de rijbaan,Op de rijbaan: Dier (wild dier)
46033,42,Maasmechelen teller 2,Maasmechelen,50.97043,5.6981,0.4384040262860752,50.96803707317433,5.693124203283758,2024,3,12,73107,Maasmechelen,Onbekend,Onbekend,Dag,met lichtgewonden,3,Fiets,11,een weggebruiker tegen een hindernis,Op Kruispunt,Gemeenteweg,binnen bebouwde kom,Weggebruiker tegen hindernis op de rijbaan,Op de rijbaan: Dier (wild dier)
46034,41,Maasmechelen teller 1,Maasmechelen,50.97025,5.69799,1.1765497746562197,50.96114258679145,5.706542541393842,2024,3,12,73107,Maasmechelen,Normaal,Droog,Dag,met lichtgewonden,9,personenauto,3,Fiets,Buiten Kruispunt,Gemeenteweg,binnen bebouwde kom,Kettingbotsing (3 bestuurders of meer),Geen hindernis
46034,42,Maasmechelen teller 2,Maasmechelen,50.97043,5.6981,1.1899744422990541,50.96114258679145,5.706542541393842,2024,3,12,73107,Maasmechelen,Normaal,Droog,Dag,met lichtgewonden,9,personenauto,3,Fiets,Buiten Kruispunt,Gemeenteweg,binnen bebouwde kom,Kettingbotsing (3 bestuurders of meer),Geen hindernis
46035,42,Maasmechelen teller 2,Maasmechelen,50.97043,5.6981,0.9516495913018399,50.97761740264193,5.690721225830308,2024,3,8,73107,Maasmechelen,Normaal,Droog,Dag,met lichtgewonden,9,personenauto,3,Fiets,Op Kruispunt,Gemeenteweg,binnen bebouwde kom,Tss. 2 best.: langs opzij (voor-/achterkant-flank),Geen hindernis
46035,41,Maasmechelen teller 1,Maasmechelen,50.97025,5.69799,0.9644335362278286,50.97761740264193,5.690721225830308,2024,3,8,73107,Maasmechelen,Normaal,Droog,Dag,met lichtgewonden,9,personenauto,3,Fiets,Op Kruispunt,Gemeenteweg,binnen bebouwde kom,Tss. 2 best.: langs opzij (voor-/achterkant-flank),Geen hindernis
46036,42,Maasmechelen teller 2,Maasmechelen,50.97043,5.6981,1.634214876663289,50.97799857746105,5.678092422318666,2024,3,13,73107,Maasmechelen,Normaal,Droog,Dag,met lichtgewonden,3,Fiets,3,Fiets,Op Kruispunt,Gewestweg,binnen bebouwde kom,Tussen 2 bestuurders: Langs achteren,Geen hindernis
46036,41,Maasmechelen teller 1,Maasmechelen,50.97025,5.69799,1.6380587579383454,50.97799857746105,5.678092422318666,2024,3,13,73107,Maasmechelen,Normaal,Droog,Dag,met lichtgewonden,3,Fiets,3,Fiets,Op Kruispunt,Gewestweg,binnen bebouwde kom,Tussen 2 bestuurders: Langs achteren,Geen hindernis
46037,124,Beveren teller 2,Beveren,51.1964712,4.2361077,1.5465783130702018,51.210378911354894,4.2363740973620505,2024,3,18,46003,Beveren,Normaal,Droog,Dag,met lichtgewonden,9,personenauto,3,Fiets,Op Kruispunt,Gewestweg,binnen bebouwde kom,Tss. 2 best.: langs opzij (voor-/achterkant-flank),Geen hindernis
46047,124,Beveren teller 2,Beveren,51.1964712,4.2361077,1.9084957409081396,51.18354874155311,4.2180845021749445,2024,3,16,46003,Beveren,Normaal,Droog,Dag,met lichtgewonden,3,Fiets,9,personenauto,Op Kruispunt,Gemeenteweg,binnen bebouwde kom,Tss. 2 best.: langs opzij (voor-/achterkant-flank),Geen hindernis
46048,124,Beveren teller 2,Beveren,51.1964712,4.2361077,1.3517336601859258,51.1843203732895,4.236696702044101,2024,3,7,46003,Beveren,Normaal,Droog,Dag,met lichtgewonden,3,Fiets,5,Lichte vrachtauto,Buiten Kruispunt,Gemeenteweg,binnen bebouwde kom,Tss. 2 best.: langs opzij (voor-/achterkant-flank),Geen hindernis
46052,33,Lummen,Lummen,50.97978,5.20936,1.428400352963598,50.988236847876784,5.194000307785725,2024,3,15,71037,Lummen,Normaal,Droog,Dag,met lichtgewonden,3,Fiets,3,Fiets,Op Kruispunt,Gemeenteweg,binnen bebouwde kom,Tss. 2 best.: langs opzij (voor-/achterkant-flank),Geen hindernis
46052,32,Lummen,Lummen,50.97971,5.20961,1.446709282323369,50.988236847876784,5.194000307785725,2024,3,15,71037,Lummen,Normaal,Droog,Dag,met lichtgewonden,3,Fiets,3,Fiets,Op Kruispunt,Gemeenteweg,binnen bebouwde kom,Tss. 2 best.: langs opzij (voor-/achterkant-flank),Geen hindernis
46053,137,Hasselt-Kempische brug,Hasselt,50.9411605,5.3417576,1.59700751793082,50.93496172474287,5.321198297745572,2024,3,12,71022,Hasselt,Normaal,Droog,Dag,met lichtgewonden,9,personenauto,3,Fiets,Op Kruispunt,Gewestweg,binnen bebouwde kom,Tss. 2 best.: langs opzij (voor-/achterkant-flank),Geen hindernis
46053,138,Hasselt-Kempische brug,Hasselt,50.9405318,5.3422472,1.599687210106557,50.93496172474287,5.321198297745572,2024,3,12,71022,Hasselt,Normaal,Droog,Dag,met lichtgewonden,9,personenauto,3,Fiets,Op Kruispunt,Gewestweg,binnen bebouwde kom,Tss. 2 best.: langs opzij (voor-/achterkant-flank),Geen hindernis
46053,140,Hasselt ring,Hasselt,50.9300038,5.3438616,1.6811830005713815,50.93496172474287,5.321198297745572,2024,3,12,71022,Hasselt,Normaal,Droog,Dag,met lichtgewonden,9,personenauto,3,Fiets,Op Kruispunt,Gewestweg,binnen bebouwde kom,Tss. 2 best.: langs opzij (voor-/achterkant-flank),Geen hindernis
46055,31,Herk De Stad,Herk-de-Stad,50.94366,5.1775,2.1348989445896365,50.92468289966084,5.172875295816968,2024,3,9,71024,Herk-de-Stad,Normaal,Droog,Dag,met lichtgewonden,9,personenauto,3,Fiets,Buiten Kruispunt,Gewestweg,binnen bebouwde kom,Tussen 2 bestuurders: Flank tegen flank,Geen hindernis
46055,30,Herk De Stad,Herk-de-Stad,50.94374,5.17691,2.1378319921474325,50.92468289966084,5.172875295816968,2024,3,9,71024,Herk-de-Stad,Normaal,Droog,Dag,met lichtgewonden,9,personenauto,3,Fiets,Buiten Kruispunt,Gewestweg,binnen bebouwde kom,Tussen 2 bestuurders: Flank tegen flank,Geen hindernis