crash_row_id,site_id,site_name,site_gemeente,site_lat,site_long,distance_km,crash_lat,crash_long,DT_YEAR_COLLISION,DT_MONTH_COLLISION,DT_TIME,CD_NIS,TX_MUNTY_COLLISION_NL,TX_WEATHER_NL,TX_ROAD_CONDITION_NL,TX_LIGHT_CONDITION_NL,TX_CLASS_ACCIDENTS_NL,CD_ROAD_USR_TYPE1,TX_ROAD_USR_TYPE1_NL,CD_ROAD_USR_TYPE2,TX_ROAD_USR_TYPE2_NL,TX_CROSSWAY_NL,CD_ROAD_TYPE_NL,TX_BUILD_UP_AREA_NL,TX_COLLISION_TYPE_NL,TX_OBSTACLES_NL
46057,140,Hasselt ring,Hasselt,50.9300038,5.3438616,1.1659523028093979,50.931440989718126,5.327381562600253,2024,3,14,71022,Hasselt,Normaal,Droog,Dag,met lichtgewonden,9,personenauto,3,Fiets,Buiten Kruispunt,Gemeenteweg,binnen bebouwde kom,Tussen 2 bestuurders: Flank tegen flank,Geen hindernis
46057,138,Hasselt-Kempische brug,Hasselt,50.9405318,5.3422472,1.451530704444106,50.931440989718126,5.327381562600253,2024,3,14,71022,Hasselt,Normaal,Droog,Dag,met lichtgewonden,9,personenauto,3,Fiets,Buiten Kruispunt,Gemeenteweg,binnen bebouwde kom,Tussen 2 bestuurders: Flank tegen flank,Geen hindernis
46057,137,Hasselt-Kempische brug,Hasselt,50.9411605,5.3417576,1.4774467148875345,50.931440989718126,5.327381562600253,2024,3,14,71022,Hasselt,Normaal,Droog,Dag,met lichtgewonden,9,personenauto,3,Fiets,Buiten Kruispunt,Gemeenteweg,binnen bebouwde kom,Tussen 2 bestuurders: Flank tegen flank,Geen hindernis
46058,140,Hasselt ring,Hasselt,50.9300038,5.3438616,0.4514515686143987,50.93373794191792,5.346390261523545,2024,3,9,71022,Hasselt,Onbekend,Onbekend,Dag,met lichtgewonden,3,Fiets,3,Fiets,Op Kruispunt,Gewestweg,buiten bebouwde kom,Tss. 2 best.: langs opzij (voor-/achterkant-flank),Geen hindernis
46058,138,Hasselt-Kempische brug,Hasselt,50.9405318,5.3422472,0.8093051799205315,50.93373794191792,5.346390261523545,2024,3,9,71022,Hasselt,Onbekend,Onbekend,Dag,met lichtgewonden,3,Fiets,3,Fiets,Op Kruispunt,Gewestweg,buiten bebouwde kom,Tss. 2 best.: langs opzij (voor-/achterkant-flank),Geen hindernis
46058,137,Hasselt-Kempische brug,Hasselt,50.9411605,5.3417576,0.8868937893349431,50.93373794191792,5.346390261523545,2024,3,9,71022,Hasselt,Onbekend,Onbekend,Dag,met lichtgewonden,3,Fiets,3,Fiets,Op Kruispunt,Gewestweg,buiten bebouwde kom,Tss. 2 best.: langs opzij (voor-/achterkant-flank),Geen hindernis
46063,14,Genk,Genk,50.97172,5.48927,1.165447651293412,50.96163403873888,5.484743213457469,2024,3,13,71016,Genk,Normaal,Droog,Dag,met lichtgewonden,9,personenauto,3,Fiets,Op Kruispunt,Gewestweg,binnen bebouwde kom,Tss. 2 best.: langs opzij (voor-/achterkant-flank),Geen hindernis
46071,139,Houthalen-Helchteren,Houthalen-Helchteren,51.0644267,5.3819796,1.4585796306013916,51.05131016568133,5.3817509296177946,2024,3,13,72039,Houthalen-Helchteren,Normaal,Droog,Dag,met lichtgewonden,9,personenauto,3,Fiets,Buiten Kruispunt,Gewestweg,buiten bebouwde kom,Tss. 2 best.: langs opzij (voor-/achterkant-flank),Geen hindernis
46073,14,Genk,Genk,50.97172,5.48927,1.3661696611695462,50.96446278686454,5.4735275127849,2024,3,9,71016,Genk,Normaal,Droog,Dag,met lichtgewonden,3,Fiets,11,een weggebruiker tegen een hindernis,Buiten Kruispunt,Gewestweg,buiten bebouwde kom,Weggebruiker tegen hindernis op de rijbaan,"Op de rijbaan: Werken (signal., aarde, toestel,…)"
46075,14,Genk,Genk,50.97172,5.48927,1.0920618292254884,50.96534776600197,5.5011370778301325,2024,3,10,71016,Genk,Normaal,Droog,Dag,met lichtgewonden,8,Voetganger,3,Fiets,Buiten Kruispunt,Gewestweg,binnen bebouwde kom,Met een voetganger,Geen hindernis
46083,131,Nevele,Deinze,51.0276612,3.558569,1.9196219281273046,51.04165108034798,3.542484006726976,2024,3,8,44083,Deinze,Normaal,Droog,Dag,met lichtgewonden,9,personenauto,3,Fiets,Op Kruispunt,Gewestweg,buiten bebouwde kom,Tss. 2 best.: langs opzij (voor-/achterkant-flank),Geen hindernis
46085,99,Mechelen teller 1,Mechelen,51.04564,4.46882,2.2029964275020744,51.02892927659794,4.48574509049662,2024,3,8,12025,Mechelen,Normaal,Droog,Dag,met lichtgewonden,3,Fiets,9,personenauto,Op Kruispunt,Gewestweg,binnen bebouwde kom,Tss. 2 best.: langs opzij (voor-/achterkant-flank),Geen hindernis
46085,100,Mechelen teller 2,Mechelen,51.0457,4.46883,2.208251689232988,51.02892927659794,4.48574509049662,2024,3,8,12025,Mechelen,Normaal,Droog,Dag,met lichtgewonden,3,Fiets,9,personenauto,Op Kruispunt,Gewestweg,binnen bebouwde kom,Tss. 2 best.: langs opzij (voor-/achterkant-flank),Geen hindernis
46086,109,Zemst,Zemst,50.9903936,4.4707023,2.2125316119024214,51.00806797835877,4.4852255062168815,2024,3,17,12025,Mechelen,Normaal,Droog,Dag,met lichtgewonden,3,Fiets,9,personenauto,Buiten Kruispunt,Gemeenteweg,buiten bebouwde kom,Tussen 2 bestuurders: Flank tegen flank,Geen hindernis
46087,99,Mechelen teller 1,Mechelen,51.04564,4.46882,1.598303246024298,51.03441955962435,4.483107877539485,2024,3,7,12025,Mechelen,Regenval,"Nat, plassen",Dag,met lichtgewonden,5,Lichte vrachtauto,3,Fiets,Op Kruispunt,Gewestweg,binnen bebouwde kom,Tussen 2 bestuurders: Flank tegen flank,Geen hindernis
46087,100,Mechelen teller 2,Mechelen,51.0457,4.46883,1.6030808000129924,51.03441955962435,4.483107877539485,2024,3,7,12025,Mechelen,Regenval,"Nat, plassen",Dag,met lichtgewonden,5,Lichte vrachtauto,3,Fiets,Op Kruispunt,Gewestweg,binnen bebouwde kom,Tussen 2 bestuurders: Flank tegen flank,Geen hindernis
46090,99,Mechelen teller 1,Mechelen,51.04564,4.46882,2.2025543826190845,51.025853954088085,4.470304241941467,2024,3,8,12025,Mechelen,Normaal,Onbekend,Dag,met lichtgewonden,3,Fiets,8,Voetganger,Buiten Kruispunt,Gewestweg,binnen bebouwde kom,Met een voetganger,Geen vermelding van de aanwezigheid van een hindernis
46090,100,Mechelen teller 2,Mechelen,51.0457,4.46883,2.2091859493115673,51.025853954088085,4.470304241941467,2024,3,8,12025,Mechelen,Normaal,Onbekend,Dag,met lichtgewonden,3,Fiets,8,Voetganger,Buiten Kruispunt,Gewestweg,binnen bebouwde kom,Met een voetganger,Geen vermelding van de aanwezigheid van een hindernis
46092,109,Zemst,Zemst,50.9903936,4.4707023,1.8848928766683934,51.007194968357254,4.4742762070896855,2024,3,17,12025,Mechelen,Normaal,Droog,Dag,met lichtgewonden,9,personenauto,3,Fiets,Buiten Kruispunt,Gewestweg,buiten bebouwde kom,Tss. 2 best.: langs opzij (voor-/achterkant-flank),Geen hindernis
46094,99,Mechelen teller 1,Mechelen,51.04564,4.46882,1.7927927108983612,51.03235502307289,4.48334886505588,2024,3,17,12025,Mechelen,Regenval,"Nat, plassen",Dageraad - schemering,met zwaargewonden,3,Fiets,2,Andere weggebruiker,Buiten Kruispunt,Gewestweg,binnen bebouwde kom,Tussen 2 bestuurders: Flank tegen flank,Geen hindernis
46094,100,Mechelen teller 2,Mechelen,51.0457,4.46883,1.797898776415606,51.03235502307289,4.48334886505588,2024,3,17,12025,Mechelen,Regenval,"Nat, plassen",Dageraad - schemering,met zwaargewonden,3,Fiets,2,Andere weggebruiker,Buiten Kruispunt,Gewestweg,binnen bebouwde kom,Tussen 2 bestuurders: Flank tegen flank,Geen hindernis
46098,99,Mechelen teller 1,Mechelen,51.04564,4.46882,2.3364511300875397,51.02490412028244,4.474221208995355,2024,3,11,12025,Mechelen,Onbekend,Onbekend,Dag,met lichtgewonden,3,Fiets,3,Fiets,Buiten Kruispunt,Gemeenteweg,binnen bebouwde kom,Tussen 2 bestuurders: Langs achteren,Geen hindernis
46098,100,Mechelen teller 2,Mechelen,51.0457,4.46883,2.342922686580828,51.02490412028244,4.474221208995355,2024,3,11,12025,Mechelen,Onbekend,Onbekend,Dag,met lichtgewonden,3,Fiets,3,Fiets,Buiten Kruispunt,Gemeenteweg,binnen bebouwde kom,Tussen 2 bestuurders: Langs achteren,Geen hindernis
46100,99,Mechelen teller 1,Mechelen,51.04564,4.46882,1.5036243004354706,51.0351737156496,4.482437464801489,2024,3,12,12025,Mechelen,Normaal,Droog,Dag,met lichtgewonden,9,personenauto,3,Fiets,Op Kruispunt,Gewestweg,binnen bebouwde kom,Tss. 2 best.: langs opzij (voor-/achterkant-flank),Geen hindernis
46100,100,Mechelen teller 2,Mechelen,51.0457,4.46883,1.5083525953966506,51.0351737156496,4.482437464801489,2024,3,12,12025,Mechelen,Normaal,Droog,Dag,met lichtgewonden,9,personenauto,3,Fiets,Op Kruispunt,Gewestweg,binnen bebouwde kom,Tss. 2 best.: langs opzij (voor-/achterkant-flank),Geen hindernis
46103,115,Aalter,Aalter,51.1058367,3.4350591,1.528779552548272,51.09695448956191,3.41834684945631,2024,4,15,44084,Aalter,Normaal,Droog,Dag,met zwaargewonden,3,Fiets,3,Fiets,Op Kruispunt,Gemeenteweg,buiten bebouwde kom,Tussen 2 bestuurders: Langs achteren,Geen hindernis
46107,115,Aalter,Aalter,51.1058367,3.4350591,0.49621892644563276,51.10245375232129,3.430423997300032,2024,3,14,44084,Aalter,Normaal,Droog,Dag,met lichtgewonden,3,Fiets,9,personenauto,Buiten Kruispunt,Gemeenteweg,buiten bebouwde kom,Tussen 2 bestuurders: Frontale botsing,Geen hindernis
46109,115,Aalter,Aalter,51.1058367,3.4350591,1.6247942313288073,51.09347453429007,3.4474649087502627,2024,3,16,44084,Aalter,Normaal,Droog+Proper,Dag,met lichtgewonden,9,personenauto,3,Fiets,Buiten Kruispunt,Gemeenteweg,binnen bebouwde kom,Tussen 2 bestuurders: Flank tegen flank,Geen hindernis
46123,2,Brasschaat 2,Brasschaat,51.27512,4.47169,1.5154059536470637,51.26248026468641,4.463545031715993,2024,4,9,11002,Antwerpen,Normaal,Droog,Dag,met lichtgewonden,9,personenauto,3,Fiets,Buiten Kruispunt,Gewestweg,binnen bebouwde kom,Tss. 2 best.: langs opzij (voor-/achterkant-flank),Geen hindernis
46123,3,Brasschaat 1,Brasschaat,51.27503,4.47222,1.5203858232258098,51.26248026468641,4.463545031715993,2024,4,9,11002,Antwerpen,Normaal,Droog,Dag,met lichtgewonden,9,personenauto,3,Fiets,Buiten Kruispunt,Gewestweg,binnen bebouwde kom,Tss. 2 best.: langs opzij (voor-/achterkant-flank),Geen hindernis
46201,2,Brasschaat 2,Brasschaat,51.27512,4.47169,1.1725030453377019,51.27669242860034,4.455022546120173,2024,4,16,11008,Brasschaat,Normaal,Droog,Dag,met lichtgewonden,3,Fiets,3,Fiets,Op Kruispunt,Gewestweg,binnen bebouwde kom,Tss. 2 best.: langs opzij (voor-/achterkant-flank),Geen hindernis
46201,3,Brasschaat 1,Brasschaat,51.27503,4.47222,1.210459278897986,51.27669242860034,4.455022546120173,2024,4,16,11008,Brasschaat,Normaal,Droog,Dag,met lichtgewonden,3,Fiets,3,Fiets,Op Kruispunt,Gewestweg,binnen bebouwde kom,Tss. 2 best.: langs opzij (voor-/achterkant-flank),Geen hindernis
46202,104,Malle teller 2,Malle,51.31682,4.73852,2.2965774050810093,51.33542348481127,4.724163495933892,2024,4,9,13037,Rijkevorsel,Onbekend,Onbekend,Dag,met lichtgewonden,3,Fiets,11,een weggebruiker tegen een hindernis,Buiten Kruispunt,Gemeenteweg,onbekend,Weggebruiker tegen hindernis op de rijbaan,"Op de rijbaan: Werken (signal., aarde, toestel,…)"
46202,103,Malle teller 1,Malle,51.31681,4.73872,2.303646753874353,51.33542348481127,4.724163495933892,2024,4,9,13037,Rijkevorsel,Onbekend,Onbekend,Dag,met lichtgewonden,3,Fiets,11,een weggebruiker tegen een hindernis,Buiten Kruispunt,Gemeenteweg,onbekend,Weggebruiker tegen hindernis op de rijbaan,"Op de rijbaan: Werken (signal., aarde, toestel,…)"
46203,3,Brasschaat 1,Brasschaat,51.27503,4.47222,1.897438475741418,51.28790789125161,4.49011886083343,2024,4,11,11008,Brasschaat,Normaal,"Nat, plassen",Dag,met lichtgewonden,3,Fiets,9,personenauto,Op Kruispunt,Gemeenteweg,binnen bebouwde kom,Tss. 2 best.: langs opzij (voor-/achterkant-flank),Geen hindernis
46203,2,Brasschaat 2,Brasschaat,51.27512,4.47169,1.9143792732012856,51.28790789125161,4.49011886083343,2024,4,11,11008,Brasschaat,Normaal,"Nat, plassen",Dag,met lichtgewonden,3,Fiets,9,personenauto,Op Kruispunt,Gemeenteweg,binnen bebouwde kom,Tss. 2 best.: langs opzij (voor-/achterkant-flank),Geen hindernis
46220,96,Lier teller 2,Lier,51.11705,4.58444,2.302627329377822,51.12587939828101,4.554597373335038,2024,4,8,12021,Lier,Normaal,Droog,Dag,met zwaargewonden,9,personenauto,3,Fiets,Buiten Kruispunt,Gewestweg,binnen bebouwde kom,Tussen 2 bestuurders: Frontale botsing,Geen hindernis
46220,95,Lier teller 1,Lier,51.11687,4.58437,2.306834032044613,51.12587939828101,4.554597373335038,2024,4,8,12021,Lier,Normaal,Droog,Dag,met zwaargewonden,9,personenauto,3,Fiets,Buiten Kruispunt,Gewestweg,binnen bebouwde kom,Tussen 2 bestuurders: Frontale botsing,Geen hindernis
46223,9,Heist op den Berg 2,Heist-op-den-Berg,51.06904,4.69524,1.9266938501030786,51.07891710155839,4.717897939605733,2024,4,8,12014,Heist-op-den-Berg,Normaal,Droog,Dag,met lichtgewonden,3,Fiets,11,een weggebruiker tegen een hindernis,Buiten Kruispunt,Gemeenteweg,binnen bebouwde kom,Weggebruiker tegen hindernis buiten rijbaan,Buiten de rijbaan: Andere paal
46223,8,Heist op den Berg 1,Heist-op-den-Berg,51.06759,4.68823,2.425465834127293,51.07891710155839,4.717897939605733,2024,4,8,12014,Heist-op-den-Berg,Normaal,Droog,Dag,met lichtgewonden,3,Fiets,11,een weggebruiker tegen een hindernis,Buiten Kruispunt,Gemeenteweg,binnen bebouwde kom,Weggebruiker tegen hindernis buiten rijbaan,Buiten de rijbaan: Andere paal
46239,132,Gierde lille,Lille,51.245445,4.8298851,1.465816708236836,51.235604706505015,4.843896385305893,2024,4,8,13019,Lille,Normaal,Droog,Dag,met lichtgewonden,9,personenauto,3,Fiets,Op Kruispunt,Gemeenteweg,buiten bebouwde kom,Tss. 2 best.: langs opzij (voor-/achterkant-flank),Geen hindernis
46239,133,Gierde Lille Totem,Lille,51.2453915,4.8297416,1.4680680122148568,51.235604706505015,4.843896385305893,2024,4,8,13019,Lille,Normaal,Droog,Dag,met lichtgewonden,9,personenauto,3,Fiets,Op Kruispunt,Gemeenteweg,buiten bebouwde kom,Tss. 2 best.: langs opzij (voor-/achterkant-flank),Geen hindernis
46244,88,Westerlo teller 1,Westerlo,51.082,4.91325,1.860083919999315,51.09849470008658,4.908816190333622,2024,4,8,13049,Westerlo,Normaal,Droog,Dag,met lichtgewonden,9,personenauto,3,Fiets,Op Kruispunt,Gemeenteweg,buiten bebouwde kom,Tussen 2 bestuurders: Frontale botsing,Geen hindernis
46244,89,Westerlo teller 2,Westerlo,51.08191,4.91334,1.8710037770162375,51.09849470008658,4.908816190333622,2024,4,8,13049,Westerlo,Normaal,Droog,Dag,met lichtgewonden,9,personenauto,3,Fiets,Op Kruispunt,Gemeenteweg,buiten bebouwde kom,Tussen 2 bestuurders: Frontale botsing,Geen hindernis
46246,112,Geel teller 2,Westerlo,51.1354992,4.9394789,1.999288609808473,51.14032906546153,4.911876320814773,2024,4,5,13049,Westerlo,Onbekend,"Nat, plassen","Nacht, openbare verlichting aanwezig en ontstoken",met lichtgewonden,9,personenauto,3,Fiets,Op Kruispunt,Gemeenteweg,buiten bebouwde kom,Tss. 2 best.: langs opzij (voor-/achterkant-flank),Geen hindernis
46246,127,Geel totem,Westerlo,51.1342966,4.9400421,2.076453675889108,51.14032906546153,4.911876320814773,2024,4,5,13049,Westerlo,Onbekend,"Nat, plassen","Nacht, openbare verlichting aanwezig en ontstoken",met lichtgewonden,9,personenauto,3,Fiets,Op Kruispunt,Gemeenteweg,buiten bebouwde kom,Tss. 2 best.: langs opzij (voor-/achterkant-flank),Geen hindernis
46248,112,Geel teller 2,Westerlo,51.1354992,4.9394789,1.8168725790199673,51.151302688170304,4.932862593258867,2024,4,15,13008,Geel,Normaal,Droog,Dag,met lichtgewonden,9,personenauto,3,Fiets,Buiten Kruispunt,Gemeenteweg,buiten bebouwde kom,Tussen 2 bestuurders: Frontale botsing,Geen hindernis
46248,127,Geel totem,Westerlo,51.1342966,4.9400421,1.9561955020044968,51.151302688170304,4.932862593258867,2024,4,15,13008,Geel,Normaal,Droog,Dag,met lichtgewonden,9,personenauto,3,Fiets,Buiten Kruispunt,Gemeenteweg,buiten bebouwde kom,Tussen 2 bestuurders: Frontale botsing,Geen hindernis
46252,5,Balen 2,Balen,51.16018,5.19003,1.9870532762592488,51.172686622749914,5.169674601689628,2024,4,13,13003,Balen,Normaal,Droog,Dag,met lichtgewonden,9,personenauto,3,Fiets,Op Kruispunt,Gewestweg,binnen bebouwde kom,Tussen 2 bestuurders: Langs achteren,Geen hindernis
46252,4,Balen 1,Balen,51.16023,5.19011,1.9871615125378344,51.172686622749914,5.169674601689628,2024,4,13,13003,Balen,Normaal,Droog,Dag,met lichtgewonden,9,personenauto,3,Fiets,Op Kruispunt,Gewestweg,binnen bebouwde kom,Tussen 2 bestuurders: Langs achteren,Geen hindernis
46256,110,Herentals totem,Herentals,51.1739426,4.811783,1.1387391145304766,51.18138895290924,4.800568373144031,2024,4,12,13011,Herentals,Onbekend,Onbekend,Dag,met lichtgewonden,3,Fiets,2,Andere weggebruiker,Buiten Kruispunt,Gemeenteweg,buiten bebouwde kom,Tussen 2 bestuurders: Frontale botsing,Geen hindernis
46256,94,Herentals teller 2,Herentals,51.17345,4.81283,1.228772543963352,51.18138895290924,4.800568373144031,2024,4,12,13011,Herentals,Onbekend,Onbekend,Dag,met lichtgewonden,3,Fiets,2,Andere weggebruiker,Buiten Kruispunt,Gemeenteweg,buiten bebouwde kom,Tussen 2 bestuurders: Frontale botsing,Geen hindernis
46259,94,Herentals teller 2,Herentals,51.17345,4.81283,2.3315080592605626,51.152831398277264,4.8189063624482635,2024,4,13,13011,Herentals,Normaal,Droog,Dag,met lichtgewonden,3,Fiets,3,Fiets,Buiten Kruispunt,Gemeenteweg,buiten bebouwde kom,Tussen 2 bestuurders: Frontale botsing,Geen hindernis
46259,110,Herentals totem,Herentals,51.1739426,4.811783,2.399434958932105,51.152831398277264,4.8189063624482635,2024,4,13,13011,Herentals,Normaal,Droog,Dag,met lichtgewonden,3,Fiets,3,Fiets,Buiten Kruispunt,Gemeenteweg,buiten bebouwde kom,Tussen 2 bestuurders: Frontale botsing,Geen hindernis
46262,110,Herentals totem,Herentals,51.1739426,4.811783,0.2420275760325945,51.17535343824524,4.809139317558504,2024,4,11,13011,Herentals,Normaal,Droog,Dag,met lichtgewonden,3,Fiets,3,Fiets,Buiten Kruispunt,Gemeenteweg,buiten bebouwde kom,Tussen 2 bestuurders: Frontale botsing,Geen hindernis
46262,94,Herentals teller 2,Herentals,51.17345,4.81283,0.333160489435306,51.17535343824524,4.809139317558504,2024,4,11,13011,Herentals,Normaal,Droog,Dag,met lichtgewonden,3,Fiets,3,Fiets,Buiten Kruispunt,Gemeenteweg,buiten bebouwde kom,Tussen 2 bestuurders: Frontale botsing,Geen hindernis
46264,37,Lommel teller 1,Lommel,51.23299,5.29211,1.1332241429656853,51.2305392172715,5.307908004797597,2024,4,17,72020,Lommel,Onbekend,Onbekend,Onbekend,met lichtgewonden,3,Fiets,9,personenauto,Buiten Kruispunt,Gewestweg,onbekend,Tussen 2 bestuurders: Flank tegen flank,Geen hindernis
46264,38,Lommel teller 2,Lommel,51.23277,5.29189,1.1425417177468655,51.2305392172715,5.307908004797597,2024,4,17,72020,Lommel,Onbekend,Onbekend,Onbekend,met lichtgewonden,3,Fiets,9,personenauto,Buiten Kruispunt,Gewestweg,onbekend,Tussen 2 bestuurders: Flank tegen flank,Geen hindernis
46279,43,Maaseik teller 1,Maaseik,51.09344,5.79715,2.044336165960833,51.09953732119249,5.769531613113012,2024,4,15,72021,Maaseik,Normaal,Droog,Dag,met lichtgewonden,3,Fiets,6,Bromfiets,Buiten Kruispunt,Gewestweg,binnen bebouwde kom,Tussen 2 bestuurders: Langs achteren,Geen hindernis
46279,44,Maaseik teller 2,Maaseik,51.09359,5.79726,2.0461300537762632,51.09953732119249,5.769531613113012,2024,4,15,72021,Maaseik,Normaal,Droog,Dag,met lichtgewonden,3,Fiets,6,Bromfiets,Buiten Kruispunt,Gewestweg,binnen bebouwde kom,Tussen 2 bestuurders: Langs achteren,Geen hindernis
46280,44,Maaseik teller 2,Maaseik,51.09359,5.79726,1.5337604675816991,51.1023613467216,5.780308627882621,2024,4,16,72021,Maaseik,Normaal,Droog,Dag,met lichtgewonden,6,Bromfiets,3,Fiets,Buiten Kruispunt,Gewestweg,binnen bebouwde kom,Tss. 2 best.: langs opzij (voor-/achterkant-flank),Geen hindernis
46280,43,Maaseik teller 1,Maaseik,51.09344,5.79715,1.5385427385841635,51.1023613467216,5.780308627882621,2024,4,16,72021,Maaseik,Normaal,Droog,Dag,met lichtgewonden,6,Bromfiets,3,Fiets,Buiten Kruispunt,Gewestweg,binnen bebouwde kom,Tss. 2 best.: langs opzij (voor-/achterkant-flank),Geen hindernis
46281,69,Leuven teller 1,Leuven,50.87549,4.71526,0.9265427426354732,50.86821007288819,4.70883586700082,2024,4,9,24062,Leuven,Normaal,Droog,Dag,met lichtgewonden,3,Fiets,9,personenauto,Buiten Kruispunt,Gemeenteweg,binnen bebouwde kom,Tussen 2 bestuurders: Flank tegen flank,Geen hindernis
46281,151,Leuven,District Leuven,50.8690262,4.6854839,1.6412398494862723,50.86821007288819,4.70883586700082,2024,4,9,24062,Leuven,Normaal,Droog,Dag,met lichtgewonden,3,Fiets,9,personenauto,Buiten Kruispunt,Gemeenteweg,binnen bebouwde kom,Tussen 2 bestuurders: Flank tegen flank,Geen hindernis
46281,77,Leuven teller 2,Leuven,50.88672,4.70796,2.059127183838742,50.86821007288819,4.70883586700082,2024,4,9,24062,Leuven,Normaal,Droog,Dag,met lichtgewonden,3,Fiets,9,personenauto,Buiten Kruispunt,Gemeenteweg,binnen bebouwde kom,Tussen 2 bestuurders: Flank tegen flank,Geen hindernis
46281,107,leuven totem,Leuven,50.8870744,4.7087919,2.09761973767483,50.86821007288819,4.70883586700082,2024,4,9,24062,Leuven,Normaal,Droog,Dag,met lichtgewonden,3,Fiets,9,personenauto,Buiten Kruispunt,Gemeenteweg,binnen bebouwde kom,Tussen 2 bestuurders: Flank tegen flank,Geen hindernis
46282,69,Leuven teller 1,Leuven,50.87549,4.71526,0.48185112921520384,50.879822887818634,4.715155311415388,2024,4,13,24062,Leuven,Normaal,Droog,Dag,met lichtgewonden,3,Fiets,3,Fiets,Buiten Kruispunt,Gewestweg,binnen bebouwde kom,Tussen 2 bestuurders: Frontale botsing,Geen hindernis
46282,77,Leuven teller 2,Leuven,50.88672,4.70796,0.9181332860000786,50.879822887818634,4.715155311415388,2024,4,13,24062,Leuven,Normaal,Droog,Dag,met lichtgewonden,3,Fiets,3,Fiets,Buiten Kruispunt,Gewestweg,binnen bebouwde kom,Tussen 2 bestuurders: Frontale botsing,Geen hindernis
46282,107,leuven totem,Leuven,50.8870744,4.7087919,0.9216580658246551,50.879822887818634,4.715155311415388,2024,4,13,24062,Leuven,Normaal,Droog,Dag,met lichtgewonden,3,Fiets,3,Fiets,Buiten Kruispunt,Gewestweg,binnen bebouwde kom,Tussen 2 bestuurders: Frontale botsing,Geen hindernis
46282,151,Leuven,District Leuven,50.8690262,4.6854839,2.4032799297435514,50.879822887818634,4.715155311415388,2024,4,13,24062,Leuven,Normaal,Droog,Dag,met lichtgewonden,3,Fiets,3,Fiets,Buiten Kruispunt,Gewestweg,binnen bebouwde kom,Tussen 2 bestuurders: Frontale botsing,Geen hindernis
46283,69,Leuven teller 1,Leuven,50.87549,4.71526,0.36704972408429715,50.87278788879682,4.718264671953088,2024,4,19,24062,Leuven,Normaal,Proper,Dag,met zwaargewonden,9,personenauto,3,Fiets,Op Kruispunt,Gewestweg,buiten bebouwde kom,Tss. 2 best.: langs opzij (voor-/achterkant-flank),Geen hindernis
46283,77,Leuven teller 2,Leuven,50.88672,4.70796,1.709570012433794,50.87278788879682,4.718264671953088,2024,4,19,24062,Leuven,Normaal,Proper,Dag,met zwaargewonden,9,personenauto,3,Fiets,Op Kruispunt,Gewestweg,buiten bebouwde kom,Tss. 2 best.: langs opzij (voor-/achterkant-flank),Geen hindernis
46283,107,leuven totem,Leuven,50.8870744,4.7087919,1.7220027411195664,50.87278788879682,4.718264671953088,2024,4,19,24062,Leuven,Normaal,Proper,Dag,met zwaargewonden,9,personenauto,3,Fiets,Op Kruispunt,Gewestweg,buiten bebouwde kom,Tss. 2 best.: langs opzij (voor-/achterkant-flank),Geen hindernis
46283,151,Leuven,District Leuven,50.8690262,4.6854839,2.338004897912586,50.87278788879682,4.718264671953088,2024,4,19,24062,Leuven,Normaal,Proper,Dag,met zwaargewonden,9,personenauto,3,Fiets,Op Kruispunt,Gewestweg,buiten bebouwde kom,Tss. 2 best.: langs opzij (voor-/achterkant-flank),Geen hindernis
46284,151,Leuven,District Leuven,50.8690262,4.6854839,0.5233006859756767,50.873343755651234,4.688451254843001,2024,4,14,24062,Leuven,Normaal,"Nat, plassen",Dag,met lichtgewonden,3,Fiets,9,personenauto,Op Kruispunt,Gewestweg,binnen bebouwde kom,Tss. 2 best.: langs opzij (voor-/achterkant-flank),Geen hindernis
46284,69,Leuven teller 1,Leuven,50.87549,4.71526,1.8961534884322262,50.873343755651234,4.688451254843001,2024,4,14,24062,Leuven,Normaal,"Nat, plassen",Dag,met lichtgewonden,3,Fiets,9,personenauto,Op Kruispunt,Gewestweg,binnen bebouwde kom,Tss. 2 best.: langs opzij (voor-/achterkant-flank),Geen hindernis
46284,77,Leuven teller 2,Leuven,50.88672,4.70796,2.0212859204165783,50.873343755651234,4.688451254843001,2024,4,14,24062,Leuven,Normaal,"Nat, plassen",Dag,met lichtgewonden,3,Fiets,9,personenauto,Op Kruispunt,Gewestweg,binnen bebouwde kom,Tss. 2 best.: langs opzij (voor-/achterkant-flank),Geen hindernis
46284,107,leuven totem,Leuven,50.8870744,4.7087919,2.0898645787641708,50.873343755651234,4.688451254843001,2024,4,14,24062,Leuven,Normaal,"Nat, plassen",Dag,met lichtgewonden,3,Fiets,9,personenauto,Op Kruispunt,Gewestweg,binnen bebouwde kom,Tss. 2 best.: langs opzij (voor-/achterkant-flank),Geen hindernis
46285,69,Leuven teller 1,Leuven,50.87549,4.71526,0.36704972408429715,50.87278788879682,4.718264671953088,2024,4,22,24062,Leuven,Normaal,"Nat, plassen","Nacht, openbare verlichting aanwezig en ontstoken",met lichtgewonden,9,personenauto,3,Fiets,Op Kruispunt,Gewestweg,binnen bebouwde kom,Tss. 2 best.: langs opzij (voor-/achterkant-flank),Geen hindernis