crash_row_id,site_id,site_name,site_gemeente,site_lat,site_long,distance_km,crash_lat,crash_long,DT_YEAR_COLLISION,DT_MONTH_COLLISION,DT_TIME,CD_NIS,TX_MUNTY_COLLISION_NL,TX_WEATHER_NL,TX_ROAD_CONDITION_NL,TX_LIGHT_CONDITION_NL,TX_CLASS_ACCIDENTS_NL,CD_ROAD_USR_TYPE1,TX_ROAD_USR_TYPE1_NL,CD_ROAD_USR_TYPE2,TX_ROAD_USR_TYPE2_NL,TX_CROSSWAY_NL,CD_ROAD_TYPE_NL,TX_BUILD_UP_AREA_NL,TX_COLLISION_TYPE_NL,TX_OBSTACLES_NL
46285,77,Leuven teller 2,Leuven,50.88672,4.70796,1.709570012433794,50.87278788879682,4.718264671953088,2024,4,22,24062,Leuven,Normaal,"Nat, plassen","Nacht, openbare verlichting aanwezig en ontstoken",met lichtgewonden,9,personenauto,3,Fiets,Op Kruispunt,Gewestweg,binnen bebouwde kom,Tss. 2 best.: langs opzij (voor-/achterkant-flank),Geen hindernis
46285,107,leuven totem,Leuven,50.8870744,4.7087919,1.7220027411195664,50.87278788879682,4.718264671953088,2024,4,22,24062,Leuven,Normaal,"Nat, plassen","Nacht, openbare verlichting aanwezig en ontstoken",met lichtgewonden,9,personenauto,3,Fiets,Op Kruispunt,Gewestweg,binnen bebouwde kom,Tss. 2 best.: langs opzij (voor-/achterkant-flank),Geen hindernis
46285,151,Leuven,District Leuven,50.8690262,4.6854839,2.338004897912586,50.87278788879682,4.718264671953088,2024,4,22,24062,Leuven,Normaal,"Nat, plassen","Nacht, openbare verlichting aanwezig en ontstoken",met lichtgewonden,9,personenauto,3,Fiets,Op Kruispunt,Gewestweg,binnen bebouwde kom,Tss. 2 best.: langs opzij (voor-/achterkant-flank),Geen hindernis
46286,69,Leuven teller 1,Leuven,50.87549,4.71526,0.650265934643354,50.88108887769283,4.717936241197276,2024,4,7,24062,Leuven,Normaal,Droog,Dag,met lichtgewonden,3,Fiets,3,Fiets,Buiten Kruispunt,Gewestweg,binnen bebouwde kom,Tussen 2 bestuurders: Frontale botsing,Geen hindernis
46286,107,leuven totem,Leuven,50.8870744,4.7087919,0.9243825719601415,50.88108887769283,4.717936241197276,2024,4,7,24062,Leuven,Normaal,Droog,Dag,met lichtgewonden,3,Fiets,3,Fiets,Buiten Kruispunt,Gewestweg,binnen bebouwde kom,Tussen 2 bestuurders: Frontale botsing,Geen hindernis
46286,77,Leuven teller 2,Leuven,50.88672,4.70796,0.9390760631478539,50.88108887769283,4.717936241197276,2024,4,7,24062,Leuven,Normaal,Droog,Dag,met lichtgewonden,3,Fiets,3,Fiets,Buiten Kruispunt,Gewestweg,binnen bebouwde kom,Tussen 2 bestuurders: Frontale botsing,Geen hindernis
46287,151,Leuven,District Leuven,50.8690262,4.6854839,0.7047224585922883,50.869634792368004,4.695479973136076,2024,4,8,24062,Leuven,Normaal,Droog,Dageraad - schemering,met lichtgewonden,9,personenauto,3,Fiets,Buiten Kruispunt,Gewestweg,binnen bebouwde kom,Tussen 2 bestuurders: Flank tegen flank,Geen hindernis
46287,69,Leuven teller 1,Leuven,50.87549,4.71526,1.5330676449051224,50.869634792368004,4.695479973136076,2024,4,8,24062,Leuven,Normaal,Droog,Dageraad - schemering,met lichtgewonden,9,personenauto,3,Fiets,Buiten Kruispunt,Gewestweg,binnen bebouwde kom,Tussen 2 bestuurders: Flank tegen flank,Geen hindernis
46287,77,Leuven teller 2,Leuven,50.88672,4.70796,2.091862033129686,50.869634792368004,4.695479973136076,2024,4,8,24062,Leuven,Normaal,Droog,Dageraad - schemering,met lichtgewonden,9,personenauto,3,Fiets,Buiten Kruispunt,Gewestweg,binnen bebouwde kom,Tussen 2 bestuurders: Flank tegen flank,Geen hindernis
46287,107,leuven totem,Leuven,50.8870744,4.7087919,2.152390402293506,50.869634792368004,4.695479973136076,2024,4,8,24062,Leuven,Normaal,Droog,Dageraad - schemering,met lichtgewonden,9,personenauto,3,Fiets,Buiten Kruispunt,Gewestweg,binnen bebouwde kom,Tussen 2 bestuurders: Flank tegen flank,Geen hindernis
46287,108,Heverlee teller 1,Leuven,50.8471728,4.6954674,2.4976597495637596,50.869634792368004,4.695479973136076,2024,4,8,24062,Leuven,Normaal,Droog,Dageraad - schemering,met lichtgewonden,9,personenauto,3,Fiets,Buiten Kruispunt,Gewestweg,binnen bebouwde kom,Tussen 2 bestuurders: Flank tegen flank,Geen hindernis
46288,151,Leuven,District Leuven,50.8690262,4.6854839,0.42313605857755215,50.87217779954254,4.6888632771117456,2024,4,8,24062,Leuven,Normaal,Droog,Dag,met lichtgewonden,3,Fiets,9,personenauto,Buiten Kruispunt,Gemeenteweg,binnen bebouwde kom,Tussen 2 bestuurders: Flank tegen flank,Geen hindernis
46288,69,Leuven teller 1,Leuven,50.87549,4.71526,1.8884505875974391,50.87217779954254,4.6888632771117456,2024,4,8,24062,Leuven,Normaal,Droog,Dag,met lichtgewonden,3,Fiets,9,personenauto,Buiten Kruispunt,Gemeenteweg,binnen bebouwde kom,Tussen 2 bestuurders: Flank tegen flank,Geen hindernis
46288,77,Leuven teller 2,Leuven,50.88672,4.70796,2.0999589513069514,50.87217779954254,4.6888632771117456,2024,4,8,24062,Leuven,Normaal,Droog,Dag,met lichtgewonden,3,Fiets,9,personenauto,Buiten Kruispunt,Gemeenteweg,binnen bebouwde kom,Tussen 2 bestuurders: Flank tegen flank,Geen hindernis
46288,107,leuven totem,Leuven,50.8870744,4.7087919,2.1676285180423283,50.87217779954254,4.6888632771117456,2024,4,8,24062,Leuven,Normaal,Droog,Dag,met lichtgewonden,3,Fiets,9,personenauto,Buiten Kruispunt,Gemeenteweg,binnen bebouwde kom,Tussen 2 bestuurders: Flank tegen flank,Geen hindernis
46289,69,Leuven teller 1,Leuven,50.87549,4.71526,0.46592760722426935,50.87215249021381,4.719274887137502,2024,4,17,24062,Leuven,Normaal,Droog,Dag,met lichtgewonden,3,Fiets,3,Fiets,Buiten Kruispunt,Gemeenteweg,binnen bebouwde kom,Tss. 2 best.: langs opzij (voor-/achterkant-flank),Geen hindernis
46289,77,Leuven teller 2,Leuven,50.88672,4.70796,1.8038962870154267,50.87215249021381,4.719274887137502,2024,4,17,24062,Leuven,Normaal,Droog,Dag,met lichtgewonden,3,Fiets,3,Fiets,Buiten Kruispunt,Gemeenteweg,binnen bebouwde kom,Tss. 2 best.: langs opzij (voor-/achterkant-flank),Geen hindernis
46289,107,leuven totem,Leuven,50.8870744,4.7087919,1.8149377268286697,50.87215249021381,4.719274887137502,2024,4,17,24062,Leuven,Normaal,Droog,Dag,met lichtgewonden,3,Fiets,3,Fiets,Buiten Kruispunt,Gemeenteweg,binnen bebouwde kom,Tss. 2 best.: langs opzij (voor-/achterkant-flank),Geen hindernis
46289,151,Leuven,District Leuven,50.8690262,4.6854839,2.396535561412717,50.87215249021381,4.719274887137502,2024,4,17,24062,Leuven,Normaal,Droog,Dag,met lichtgewonden,3,Fiets,3,Fiets,Buiten Kruispunt,Gemeenteweg,binnen bebouwde kom,Tss. 2 best.: langs opzij (voor-/achterkant-flank),Geen hindernis
46290,107,leuven totem,Leuven,50.8870744,4.7087919,0.868398694281352,50.88378283019796,4.720017859187247,2024,4,19,24062,Leuven,Normaal,Droog,Dag,met lichtgewonden,9,personenauto,3,Fiets,Buiten Kruispunt,Gewestweg,binnen bebouwde kom,Tussen 2 bestuurders: Flank tegen flank,Geen hindernis
46290,77,Leuven teller 2,Leuven,50.88672,4.70796,0.906723177106881,50.88378283019796,4.720017859187247,2024,4,19,24062,Leuven,Normaal,Droog,Dag,met lichtgewonden,9,personenauto,3,Fiets,Buiten Kruispunt,Gewestweg,binnen bebouwde kom,Tussen 2 bestuurders: Flank tegen flank,Geen hindernis
46290,69,Leuven teller 1,Leuven,50.87549,4.71526,0.9806794255794984,50.88378283019796,4.720017859187247,2024,4,19,24062,Leuven,Normaal,Droog,Dag,met lichtgewonden,9,personenauto,3,Fiets,Buiten Kruispunt,Gewestweg,binnen bebouwde kom,Tussen 2 bestuurders: Flank tegen flank,Geen hindernis
46291,77,Leuven teller 2,Leuven,50.88672,4.70796,0.5070726635016712,50.88884133819629,4.701560980833905,2024,4,8,24062,Leuven,Normaal,Droog,Dag,met lichtgewonden,3,Fiets,99,onbekend,Buiten Kruispunt,Gemeenteweg,binnen bebouwde kom,Tussen 2 bestuurders: Flank tegen flank,Geen hindernis
46291,107,leuven totem,Leuven,50.8870744,4.7087919,0.5439439886916455,50.88884133819629,4.701560980833905,2024,4,8,24062,Leuven,Normaal,Droog,Dag,met lichtgewonden,3,Fiets,99,onbekend,Buiten Kruispunt,Gemeenteweg,binnen bebouwde kom,Tussen 2 bestuurders: Flank tegen flank,Geen hindernis
46291,69,Leuven teller 1,Leuven,50.87549,4.71526,1.7685195346545752,50.88884133819629,4.701560980833905,2024,4,8,24062,Leuven,Normaal,Droog,Dag,met lichtgewonden,3,Fiets,99,onbekend,Buiten Kruispunt,Gemeenteweg,binnen bebouwde kom,Tussen 2 bestuurders: Flank tegen flank,Geen hindernis
46291,151,Leuven,District Leuven,50.8690262,4.6854839,2.475281704388218,50.88884133819629,4.701560980833905,2024,4,8,24062,Leuven,Normaal,Droog,Dag,met lichtgewonden,3,Fiets,99,onbekend,Buiten Kruispunt,Gemeenteweg,binnen bebouwde kom,Tussen 2 bestuurders: Flank tegen flank,Geen hindernis
46292,151,Leuven,District Leuven,50.8690262,4.6854839,0.8580777872903265,50.86131034664412,4.685683231304488,2024,4,8,24062,Leuven,Normaal,Droog,Dag,met lichtgewonden,9,personenauto,3,Fiets,Op Kruispunt,Gemeenteweg,binnen bebouwde kom,Tss. 2 best.: langs opzij (voor-/achterkant-flank),Geen hindernis
46292,108,Heverlee teller 1,Leuven,50.8471728,4.6954674,1.7155105335755985,50.86131034664412,4.685683231304488,2024,4,8,24062,Leuven,Normaal,Droog,Dag,met lichtgewonden,9,personenauto,3,Fiets,Op Kruispunt,Gemeenteweg,binnen bebouwde kom,Tss. 2 best.: langs opzij (voor-/achterkant-flank),Geen hindernis
46292,76,Heverlee teller 2,Leuven,50.84606,4.69597,1.8431074083059644,50.86131034664412,4.685683231304488,2024,4,8,24062,Leuven,Normaal,Droog,Dag,met lichtgewonden,9,personenauto,3,Fiets,Op Kruispunt,Gemeenteweg,binnen bebouwde kom,Tss. 2 best.: langs opzij (voor-/achterkant-flank),Geen hindernis
46293,69,Leuven teller 1,Leuven,50.87549,4.71526,0.7181393154808434,50.880069241395226,4.708042212551542,2024,4,3,24062,Leuven,Normaal,Droog,"Nacht, openbare verlichting aanwezig en ontstoken",met lichtgewonden,3,Fiets,9,personenauto,Buiten Kruispunt,Gemeenteweg,binnen bebouwde kom,Tussen 2 bestuurders: Langs achteren,Geen hindernis
46293,77,Leuven teller 2,Leuven,50.88672,4.70796,0.7395531044626104,50.880069241395226,4.708042212551542,2024,4,3,24062,Leuven,Normaal,Droog,"Nacht, openbare verlichting aanwezig en ontstoken",met lichtgewonden,3,Fiets,9,personenauto,Buiten Kruispunt,Gemeenteweg,binnen bebouwde kom,Tussen 2 bestuurders: Langs achteren,Geen hindernis
46293,107,leuven totem,Leuven,50.8870744,4.7087919,0.7807115599536281,50.880069241395226,4.708042212551542,2024,4,3,24062,Leuven,Normaal,Droog,"Nacht, openbare verlichting aanwezig en ontstoken",met lichtgewonden,3,Fiets,9,personenauto,Buiten Kruispunt,Gemeenteweg,binnen bebouwde kom,Tussen 2 bestuurders: Langs achteren,Geen hindernis
46293,151,Leuven,District Leuven,50.8690262,4.6854839,2.003290324401525,50.880069241395226,4.708042212551542,2024,4,3,24062,Leuven,Normaal,Droog,"Nacht, openbare verlichting aanwezig en ontstoken",met lichtgewonden,3,Fiets,9,personenauto,Buiten Kruispunt,Gemeenteweg,binnen bebouwde kom,Tussen 2 bestuurders: Langs achteren,Geen hindernis
46294,151,Leuven,District Leuven,50.8690262,4.6854839,0.4885349218577215,50.872075206426956,4.6904964450945394,2024,4,8,24062,Leuven,Normaal,Droog,Dag,met zwaargewonden,4,Vrachtwagen,3,Fiets,Op Kruispunt,Gewestweg,binnen bebouwde kom,Tussen 2 bestuurders: Frontale botsing,Geen hindernis
46294,69,Leuven teller 1,Leuven,50.87549,4.71526,1.7785989407002316,50.872075206426956,4.6904964450945394,2024,4,8,24062,Leuven,Normaal,Droog,Dag,met zwaargewonden,4,Vrachtwagen,3,Fiets,Op Kruispunt,Gewestweg,binnen bebouwde kom,Tussen 2 bestuurders: Frontale botsing,Geen hindernis
46294,77,Leuven teller 2,Leuven,50.88672,4.70796,2.0378788425188907,50.872075206426956,4.6904964450945394,2024,4,8,24062,Leuven,Normaal,Droog,Dag,met zwaargewonden,4,Vrachtwagen,3,Fiets,Op Kruispunt,Gewestweg,binnen bebouwde kom,Tussen 2 bestuurders: Frontale botsing,Geen hindernis
46294,107,leuven totem,Leuven,50.8870744,4.7087919,2.1045813423703383,50.872075206426956,4.6904964450945394,2024,4,8,24062,Leuven,Normaal,Droog,Dag,met zwaargewonden,4,Vrachtwagen,3,Fiets,Op Kruispunt,Gewestweg,binnen bebouwde kom,Tussen 2 bestuurders: Frontale botsing,Geen hindernis
46295,69,Leuven teller 1,Leuven,50.87549,4.71526,0.5219271373193077,50.872253358011754,4.720647073273356,2024,4,14,24062,Leuven,Normaal,Droog,Dag,met lichtgewonden,3,Fiets,3,Fiets,Buiten Kruispunt,Gewestweg,binnen bebouwde kom,Tss. 2 best.: langs opzij (voor-/achterkant-flank),Geen hindernis
46295,77,Leuven teller 2,Leuven,50.88672,4.70796,1.8384628604140907,50.872253358011754,4.720647073273356,2024,4,14,24062,Leuven,Normaal,Droog,Dag,met lichtgewonden,3,Fiets,3,Fiets,Buiten Kruispunt,Gewestweg,binnen bebouwde kom,Tss. 2 best.: langs opzij (voor-/achterkant-flank),Geen hindernis
46295,107,leuven totem,Leuven,50.8870744,4.7087919,1.8460173742562416,50.872253358011754,4.720647073273356,2024,4,14,24062,Leuven,Normaal,Droog,Dag,met lichtgewonden,3,Fiets,3,Fiets,Buiten Kruispunt,Gewestweg,binnen bebouwde kom,Tss. 2 best.: langs opzij (voor-/achterkant-flank),Geen hindernis
46295,151,Leuven,District Leuven,50.8690262,4.6854839,2.4934324791329883,50.872253358011754,4.720647073273356,2024,4,14,24062,Leuven,Normaal,Droog,Dag,met lichtgewonden,3,Fiets,3,Fiets,Buiten Kruispunt,Gewestweg,binnen bebouwde kom,Tss. 2 best.: langs opzij (voor-/achterkant-flank),Geen hindernis
46300,72,Herent teller 1,Herent,50.89135,4.64689,1.2018886529063075,50.901346624634265,4.653407563759675,2024,4,8,24038,Herent,Normaal,Droog,Dag,met lichtgewonden,3,Fiets,3,Fiets,Op Kruispunt,Gemeenteweg,binnen bebouwde kom,Tss. 2 best.: langs opzij (voor-/achterkant-flank),Geen hindernis
46300,73,Herent teller 2,Herent,50.89128,4.64685,1.2101545092199557,50.901346624634265,4.653407563759675,2024,4,8,24038,Herent,Normaal,Droog,Dag,met lichtgewonden,3,Fiets,3,Fiets,Op Kruispunt,Gemeenteweg,binnen bebouwde kom,Tss. 2 best.: langs opzij (voor-/achterkant-flank),Geen hindernis
46301,87,Aarschot,Aarschot,50.99084,4.81259,1.3025473312582836,50.99113144583243,4.831194496305883,2024,4,15,24001,Aarschot,Regenval,"Nat, plassen",Dag,met lichtgewonden,3,Fiets,6,Bromfiets,Buiten Kruispunt,Gemeenteweg,binnen bebouwde kom,Tussen 2 bestuurders: Flank tegen flank,Geen hindernis
46302,87,Aarschot,Aarschot,50.99084,4.81259,1.802952860127871,50.999415792862955,4.834453897347552,2024,4,13,24001,Aarschot,Normaal,Droog,Dag,met lichtgewonden,3,Fiets,3,Fiets,Buiten Kruispunt,Gewestweg,binnen bebouwde kom,Tss. 2 best.: langs opzij (voor-/achterkant-flank),Geen hindernis
46303,87,Aarschot,Aarschot,50.99084,4.81259,2.045804345350765,50.980165734041904,4.836394467044798,2024,4,14,24001,Aarschot,Normaal,Droog,Dag,met lichtgewonden,9,personenauto,3,Fiets,Op Kruispunt,Gemeenteweg,binnen bebouwde kom,Tussen 2 bestuurders: Frontale botsing,Geen hindernis
46305,101,Diest teller 1,Diest,50.97799,5.04481,0.9429737419242987,50.979271616130895,5.058124529589125,2024,4,13,24020,Diest,Normaal,Droog,Dag,met zwaargewonden,9,personenauto,3,Fiets,Op Kruispunt,Gemeenteweg,binnen bebouwde kom,Tss. 2 best.: langs opzij (voor-/achterkant-flank),Geen hindernis
46305,102,Diest teller 2,Diest,50.9779,5.04474,0.9493755407974355,50.979271616130895,5.058124529589125,2024,4,13,24020,Diest,Normaal,Droog,Dag,met zwaargewonden,9,personenauto,3,Fiets,Op Kruispunt,Gemeenteweg,binnen bebouwde kom,Tss. 2 best.: langs opzij (voor-/achterkant-flank),Geen hindernis
46306,101,Diest teller 1,Diest,50.97799,5.04481,1.186576141150948,50.988657952887124,5.045223960939853,2024,4,16,24020,Diest,Regenval,"Nat, plassen",Dag,met lichtgewonden,3,Fiets,6,Bromfiets,Op Kruispunt,Gemeenteweg,binnen bebouwde kom,Tss. 2 best.: langs opzij (voor-/achterkant-flank),Geen hindernis
46306,102,Diest teller 2,Diest,50.9779,5.04474,1.1967094221799908,50.988657952887124,5.045223960939853,2024,4,16,24020,Diest,Regenval,"Nat, plassen",Dag,met lichtgewonden,3,Fiets,6,Bromfiets,Op Kruispunt,Gemeenteweg,binnen bebouwde kom,Tss. 2 best.: langs opzij (voor-/achterkant-flank),Geen hindernis
46307,101,Diest teller 1,Diest,50.97799,5.04481,2.411398530467731,50.994072606778985,5.067919931853787,2024,4,17,24020,Diest,Normaal,Droog,Dag,met lichtgewonden,3,Fiets,10,"één bestuurder, geen hindernis",Buiten Kruispunt,Gewestweg,binnen bebouwde kom,"Eén bestuurder, geen hindernis (incl. val)",Geen hindernis
46307,102,Diest teller 2,Diest,50.9779,5.04474,2.4221102047023906,50.994072606778985,5.067919931853787,2024,4,17,24020,Diest,Normaal,Droog,Dag,met lichtgewonden,3,Fiets,10,"één bestuurder, geen hindernis",Buiten Kruispunt,Gewestweg,binnen bebouwde kom,"Eén bestuurder, geen hindernis (incl. val)",Geen hindernis
46311,111,Zaventem totem,Zaventem,50.8871216,4.4597084,0.9380224751630603,50.881227210003516,4.4692740284748975,2024,4,17,23094,Zaventem,Normaal,Droog,Dag,dodelijk gewonden,3,Fiets,9,personenauto,Op Kruispunt,Gemeenteweg,binnen bebouwde kom,Tss. 2 best.: langs opzij (voor-/achterkant-flank),Geen hindernis
46311,26,Zaventem,Zaventem,50.86995,4.45444,1.629648543438987,50.881227210003516,4.4692740284748975,2024,4,17,23094,Zaventem,Normaal,Droog,Dag,dodelijk gewonden,3,Fiets,9,personenauto,Op Kruispunt,Gemeenteweg,binnen bebouwde kom,Tss. 2 best.: langs opzij (voor-/achterkant-flank),Geen hindernis
46312,147,Overijse,District Vilvoorde-gewestwegen,50.7797555,4.4975769,2.454275482047107,50.769549309256725,4.528524454244847,2024,4,18,23062,Overijse,Normaal,Droog,Dag,met lichtgewonden,3,Fiets,8,Voetganger,Buiten Kruispunt,Gemeenteweg,binnen bebouwde kom,Met een voetganger,Geen hindernis
46317,81,Wemmel teller 2,Wemmel,50.91439,4.29568,1.2640159345079554,50.92160460795536,4.2817455788724,2024,4,15,23052,Merchtem,Normaal,Onbekend,Dag,met zwaargewonden,4,Vrachtwagen,3,Fiets,Buiten Kruispunt,Gemeenteweg,binnen bebouwde kom,Tussen 2 bestuurders: Flank tegen flank,Geen hindernis
46317,80,Wemmel teller 1,Wemmel,50.91418,4.29571,1.2805718899343486,50.92160460795536,4.2817455788724,2024,4,15,23052,Merchtem,Normaal,Onbekend,Dag,met zwaargewonden,4,Vrachtwagen,3,Fiets,Buiten Kruispunt,Gemeenteweg,binnen bebouwde kom,Tussen 2 bestuurders: Flank tegen flank,Geen hindernis
46323,27,Grimbergen,Meise,50.92127,4.34013,2.252901257024064,50.934914464703205,4.3638928975501,2024,4,18,23025,Grimbergen,Onbekend,"Nat, plassen",Dag,met lichtgewonden,9,personenauto,3,Fiets,Op Kruispunt,Gewestweg,binnen bebouwde kom,Tss. 2 best.: langs opzij (voor-/achterkant-flank),Geen hindernis
46324,27,Grimbergen,Meise,50.92127,4.34013,2.2079658622140683,50.93738894646633,4.358528315918702,2024,4,17,23025,Grimbergen,Onbekend,Droog,Dag,met lichtgewonden,9,personenauto,3,Fiets,Op Kruispunt,Gewestweg,binnen bebouwde kom,Tss. 2 best.: langs opzij (voor-/achterkant-flank),Geen hindernis
46325,109,Zemst,Zemst,50.9903936,4.4707023,1.5375918022353197,50.9913886042912,4.492613783643725,2024,4,15,23096,Zemst,Normaal,Droog,Dag,met lichtgewonden,9,personenauto,3,Fiets,Op Kruispunt,Gewestweg,binnen bebouwde kom,Tss. 2 best.: langs opzij (voor-/achterkant-flank),Geen hindernis
46328,13,Gent,Gent,51.03018,3.70146,2.168032183005784,51.04913446129094,3.694192124052802,2024,4,1,44021,Gent,Normaal,Droog,"Nacht, openbare verlichting aanwezig en ontstoken",met zwaargewonden,3,Fiets,11,een weggebruiker tegen een hindernis,Buiten Kruispunt,Gemeenteweg,buiten bebouwde kom,Weggebruiker tegen hindernis op de rijbaan,"Op de rijbaan: Werken (signal., aarde, toestel,…)"
46330,13,Gent,Gent,51.03018,3.70146,2.1853867115107333,51.029175447135444,3.732669112811892,2024,4,0,44021,Gent,Normaal,Proper,"Nacht, openbare verlichting aanwezig en ontstoken",met lichtgewonden,3,Fiets,9,personenauto,Buiten Kruispunt,Gemeenteweg,binnen bebouwde kom,Tussen 2 bestuurders: Flank tegen flank,Geen hindernis
46330,118,Gent teller 1,Gent,51.028049,3.7681359,2.4834974750517977,51.029175447135444,3.732669112811892,2024,4,0,44021,Gent,Normaal,Proper,"Nacht, openbare verlichting aanwezig en ontstoken",met lichtgewonden,3,Fiets,9,personenauto,Buiten Kruispunt,Gemeenteweg,binnen bebouwde kom,Tussen 2 bestuurders: Flank tegen flank,Geen hindernis
46332,136,Gent R4,Gent,51.0876313,3.7587918,2.3344166389708367,51.089230143534294,3.7254654664986444,2024,4,17,44021,Gent,Normaal,Droog,Dag,met zwaargewonden,6,Bromfiets,3,Fiets,Op Kruispunt,Gewestweg,binnen bebouwde kom,Tussen 2 bestuurders: Flank tegen flank,Geen hindernis
46333,118,Gent teller 1,Gent,51.028049,3.7681359,2.211580619545779,51.04038678005568,3.743328936949467,2024,4,15,44021,Gent,Normaal,Droog,Dag,met lichtgewonden,3,Fiets,8,Voetganger,Buiten Kruispunt,Gewestweg,binnen bebouwde kom,Met een voetganger,Geen hindernis
46333,119,Gent teller 2,Gent,51.0281795,3.7683918,2.2167262185383922,51.04038678005568,3.743328936949467,2024,4,15,44021,Gent,Normaal,Droog,Dag,met lichtgewonden,3,Fiets,8,Voetganger,Buiten Kruispunt,Gewestweg,binnen bebouwde kom,Met een voetganger,Geen hindernis
46336,13,Gent,Gent,51.03018,3.70146,0.8455884767115468,51.03133617291622,3.713411214018302,2024,4,6,44021,Gent,Normaal,"Nat, plassen",Dageraad - schemering,met lichtgewonden,2,Andere weggebruiker,3,Fiets,Op Kruispunt,Gewestweg,binnen bebouwde kom,Tussen 2 bestuurders: Langs achteren,Geen hindernis
46339,13,Gent,Gent,51.03018,3.70146,0.9885465438096355,51.023608056040004,3.6919408761907135,2024,4,6,44021,Gent,Normaal,Droog,Dag,met lichtgewonden,9,personenauto,3,Fiets,Buiten Kruispunt,Gemeenteweg,buiten bebouwde kom,Tss. 2 best.: langs opzij (voor-/achterkant-flank),Geen hindernis
46341,13,Gent,Gent,51.03018,3.70146,1.6663275347913573,51.019980664728536,3.7189155764243846,2024,4,8,44021,Gent,Normaal,Droog,Dag,met lichtgewonden,9,personenauto,3,Fiets,Buiten Kruispunt,Gemeenteweg,binnen bebouwde kom,Tss. 2 best.: langs opzij (voor-/achterkant-flank),Geen hindernis
46354,13,Gent,Gent,51.03018,3.70146,1.912284247990338,51.045454360651604,3.714027578427511,2024,4,8,44021,Gent,Normaal,Droog,Dag,met lichtgewonden,9,personenauto,3,Fiets,Op Kruispunt,Gewestweg,binnen bebouwde kom,Tss. 2 best.: langs opzij (voor-/achterkant-flank),Geen hindernis
46355,13,Gent,Gent,51.03018,3.70146,2.373718703745145,51.05064359217373,3.711127677842188,2024,4,13,44021,Gent,Normaal,Droog,Dag,met lichtgewonden,9,personenauto,3,Fiets,Buiten Kruispunt,Gemeenteweg,binnen bebouwde kom,Tss. 2 best.: langs opzij (voor-/achterkant-flank),Geen hindernis
46356,119,Gent teller 2,Gent,51.0281795,3.7683918,0.9500003549104113,51.035157682929736,3.760553817581573,2024,4,16,44021,Gent,Normaal,Droog,Dag,met lichtgewonden,9,personenauto,3,Fiets,Op Kruispunt,Gemeenteweg,binnen bebouwde kom,Tss. 2 best.: langs opzij (voor-/achterkant-flank),Geen hindernis
46356,118,Gent teller 1,Gent,51.028049,3.7681359,0.9518060730960655,51.035157682929736,3.760553817581573,2024,4,16,44021,Gent,Normaal,Droog,Dag,met lichtgewonden,9,personenauto,3,Fiets,Op Kruispunt,Gemeenteweg,binnen bebouwde kom,Tss. 2 best.: langs opzij (voor-/achterkant-flank),Geen hindernis
46358,119,Gent teller 2,Gent,51.0281795,3.7683918,1.9633405298257096,51.04393286516277,3.755710386122851,2024,4,9,44021,Gent,Normaal,Droog,Dag,met lichtgewonden,3,Fiets,9,personenauto,Op Kruispunt,Gemeenteweg,binnen bebouwde kom,Tss. 2 best.: langs opzij (voor-/achterkant-flank),Geen hindernis
46358,118,Gent teller 1,Gent,51.028049,3.7681359,1.9683352666350369,51.04393286516277,3.755710386122851,2024,4,9,44021,Gent,Normaal,Droog,Dag,met lichtgewonden,3,Fiets,9,personenauto,Op Kruispunt,Gemeenteweg,binnen bebouwde kom,Tss. 2 best.: langs opzij (voor-/achterkant-flank),Geen hindernis
46359,13,Gent,Gent,51.03018,3.70146,2.069803053430826,51.04811162510855,3.7094029970915203,2024,4,20,44021,Gent,"Andere (dikke rook,...)","Nat, plassen",Dag,met lichtgewonden,9,personenauto,3,Fiets,Buiten Kruispunt,Gewestweg,binnen bebouwde kom,Tss. 2 best.: langs opzij (voor-/achterkant-flank),Geen hindernis
46361,13,Gent,Gent,51.03018,3.70146,1.7899664116510516,51.04288041686212,3.7171892455689157,2024,4,9,44021,Gent,Normaal,Proper,Dag,met lichtgewonden,3,Fiets,10,"één bestuurder, geen hindernis",Op Kruispunt,Gewestweg,binnen bebouwde kom,"Eén bestuurder, geen hindernis (incl. val)",Geen hindernis
46366,13,Gent,Gent,51.03018,3.70146,2.0176048484066507,51.03163015926325,3.730219233727334,2024,4,8,44021,Gent,Onbekend,Onbekend,Onbekend,met lichtgewonden,8,Voetganger,3,Fiets,Op Kruispunt,Gemeenteweg,onbekend,Met een voetganger,Geen hindernis
46379,119,Gent teller 2,Gent,51.0281795,3.7683918,2.0699980487217085,51.03076673392168,3.7977043692786054,2024,4,17,44013,Destelbergen,Normaal,"Nat, plassen",Dag,met lichtgewonden,9,personenauto,3,Fiets,Buiten Kruispunt,Gemeenteweg,binnen bebouwde kom,Tussen 2 bestuurders: Frontale botsing,Geen hindernis
46379,118,Gent teller 1,Gent,51.028049,3.7681359,2.0897735592932483,51.03076673392168,3.7977043692786054,2024,4,17,44013,Destelbergen,Normaal,"Nat, plassen",Dag,met lichtgewonden,9,personenauto,3,Fiets,Buiten Kruispunt,Gemeenteweg,binnen bebouwde kom,Tussen 2 bestuurders: Frontale botsing,Geen hindernis
46382,118,Gent teller 1,Gent,51.028049,3.7681359,2.3302264229889373,51.007446783103184,3.762038656786289,2024,4,8,44043,Merelbeke,Normaal,Droog,Dag,met lichtgewonden,9,personenauto,3,Fiets,Op Kruispunt,Gemeenteweg,binnen bebouwde kom,Tussen 2 bestuurders: Flank tegen flank,Geen hindernis