crash_row_id,site_id,site_name,site_gemeente,site_lat,site_long,distance_km,crash_lat,crash_long,DT_YEAR_COLLISION,DT_MONTH_COLLISION,DT_TIME,CD_NIS,TX_MUNTY_COLLISION_NL,TX_WEATHER_NL,TX_ROAD_CONDITION_NL,TX_LIGHT_CONDITION_NL,TX_CLASS_ACCIDENTS_NL,CD_ROAD_USR_TYPE1,TX_ROAD_USR_TYPE1_NL,CD_ROAD_USR_TYPE2,TX_ROAD_USR_TYPE2_NL,TX_CROSSWAY_NL,CD_ROAD_TYPE_NL,TX_BUILD_UP_AREA_NL,TX_COLLISION_TYPE_NL,TX_OBSTACLES_NL
46382,119,Gent teller 2,Gent,51.0281795,3.7683918,2.3478159811860917,51.007446783103184,3.762038656786289,2024,4,8,44043,Merelbeke,Normaal,Droog,Dag,met lichtgewonden,9,personenauto,3,Fiets,Op Kruispunt,Gemeenteweg,binnen bebouwde kom,Tussen 2 bestuurders: Flank tegen flank,Geen hindernis
46386,6,Evergem 2,Evergem,51.10894,3.70298,0.9499396571651434,51.108087362740655,3.689441109593933,2024,4,8,44019,Evergem,Normaal,Droog,Dag,met lichtgewonden,3,Fiets,4,Vrachtwagen,Buiten Kruispunt,Gemeenteweg,binnen bebouwde kom,Tussen 2 bestuurders: Flank tegen flank,Geen hindernis
46386,7,Evergem 1,Evergem,51.1089,3.70317,0.9627116500331809,51.108087362740655,3.689441109593933,2024,4,8,44019,Evergem,Normaal,Droog,Dag,met lichtgewonden,3,Fiets,4,Vrachtwagen,Buiten Kruispunt,Gemeenteweg,binnen bebouwde kom,Tussen 2 bestuurders: Flank tegen flank,Geen hindernis
46388,7,Evergem 1,Evergem,51.1089,3.70317,1.219817152073149,51.11109002898261,3.7202913515098497,2024,4,9,44019,Evergem,Normaal,"Nat, plassen",Dag,met lichtgewonden,9,personenauto,3,Fiets,Op Kruispunt,Gemeenteweg,binnen bebouwde kom,Tss. 2 best.: langs opzij (voor-/achterkant-flank),Geen hindernis
46388,6,Evergem 2,Evergem,51.10894,3.70298,1.231945741968002,51.11109002898261,3.7202913515098497,2024,4,9,44019,Evergem,Normaal,"Nat, plassen",Dag,met lichtgewonden,9,personenauto,3,Fiets,Op Kruispunt,Gemeenteweg,binnen bebouwde kom,Tss. 2 best.: langs opzij (voor-/achterkant-flank),Geen hindernis
46419,126,Hamme totem,Hamme,51.1017709,4.1469307,2.274688508993854,51.112211144480895,4.1749494182060864,2024,4,15,46025,Temse,Normaal,Droog,Dag,met zwaargewonden,3,Fiets,10,"één bestuurder, geen hindernis",Buiten Kruispunt,Gemeenteweg,binnen bebouwde kom,"Eén bestuurder, geen hindernis (incl. val)",Geen hindernis
46420,126,Hamme totem,Hamme,51.1017709,4.1469307,1.4384557578988602,51.114493646871914,4.143201977539667,2024,4,8,46025,Temse,Normaal,Droog,Dag,met lichtgewonden,9,personenauto,3,Fiets,Buiten Kruispunt,Gewestweg,buiten bebouwde kom,Tss. 2 best.: langs opzij (voor-/achterkant-flank),Geen hindernis
46423,128,Lokeren teller 1,Lokeren,51.09644,3.97023,1.869565526566725,51.108687368337726,3.9885748163948866,2024,4,21,46014,Lokeren,Onbekend,"Nat, plassen","Nacht, openbare verlichting aanwezig en ontstoken",met lichtgewonden,3,Fiets,10,"één bestuurder, geen hindernis",Op Kruispunt,Gemeenteweg,binnen bebouwde kom,"Eén bestuurder, geen hindernis (incl. val)",Geen hindernis
46423,129,Lokeren teller 2,Lokeren,51.09612,3.97025,1.894701205389806,51.108687368337726,3.9885748163948866,2024,4,21,46014,Lokeren,Onbekend,"Nat, plassen","Nacht, openbare verlichting aanwezig en ontstoken",met lichtgewonden,3,Fiets,10,"één bestuurder, geen hindernis",Op Kruispunt,Gemeenteweg,binnen bebouwde kom,"Eén bestuurder, geen hindernis (incl. val)",Geen hindernis
46424,141,Test site A support,Lokeren,51.08342085,3.9961071208376326,1.6792067673172084,51.09614493069236,4.0090562902797275,2024,4,15,46014,Lokeren,Normaal,Droog,Dag,met lichtgewonden,3,Fiets,11,een weggebruiker tegen een hindernis,Buiten Kruispunt,Gewestweg,buiten bebouwde kom,Weggebruiker tegen hindernis buiten rijbaan,Onbekend
46425,128,Lokeren teller 1,Lokeren,51.09644,3.97023,0.8215417022321131,51.09977091483994,3.9807315369430802,2024,4,16,46014,Lokeren,Normaal,"Nat, plassen",Dag,met lichtgewonden,3,Fiets,10,"één bestuurder, geen hindernis",Op Kruispunt,Gewestweg,binnen bebouwde kom,"Eén bestuurder, geen hindernis (incl. val)",Geen hindernis
46425,129,Lokeren teller 2,Lokeren,51.09612,3.97025,0.8369661434686675,51.09977091483994,3.9807315369430802,2024,4,16,46014,Lokeren,Normaal,"Nat, plassen",Dag,met lichtgewonden,3,Fiets,10,"één bestuurder, geen hindernis",Op Kruispunt,Gewestweg,binnen bebouwde kom,"Eén bestuurder, geen hindernis (incl. val)",Geen hindernis
46425,141,Test site A support,Lokeren,51.08342085,3.9961071208376326,2.1114839232036897,51.09977091483994,3.9807315369430802,2024,4,16,46014,Lokeren,Normaal,"Nat, plassen",Dag,met lichtgewonden,3,Fiets,10,"één bestuurder, geen hindernis",Op Kruispunt,Gewestweg,binnen bebouwde kom,"Eén bestuurder, geen hindernis (incl. val)",Geen hindernis
46426,141,Test site A support,Lokeren,51.08342085,3.9961071208376326,1.5301881494591618,51.09558276931412,4.006358670554293,2024,4,16,46014,Lokeren,Regenval,"Nat, plassen",Dag,met lichtgewonden,9,personenauto,3,Fiets,Op Kruispunt,Gemeenteweg,binnen bebouwde kom,Tss. 2 best.: langs opzij (voor-/achterkant-flank),Geen hindernis
46427,128,Lokeren teller 1,Lokeren,51.09644,3.97023,1.0522643598572012,51.10019517976039,3.984061974688427,2024,4,0,46014,Lokeren,Regenval,"Nat, plassen","Nacht, openbare verlichting aanwezig en ontstoken",met lichtgewonden,3,Fiets,2,Andere weggebruiker,Op Kruispunt,Gewestweg,binnen bebouwde kom,Tussen 2 bestuurders: Langs achteren,Geen hindernis
46427,129,Lokeren teller 2,Lokeren,51.09612,3.97025,1.0656229573949034,51.10019517976039,3.984061974688427,2024,4,0,46014,Lokeren,Regenval,"Nat, plassen","Nacht, openbare verlichting aanwezig en ontstoken",met lichtgewonden,3,Fiets,2,Andere weggebruiker,Op Kruispunt,Gewestweg,binnen bebouwde kom,Tussen 2 bestuurders: Langs achteren,Geen hindernis
46427,141,Test site A support,Lokeren,51.08342085,3.9961071208376326,2.0461410443694583,51.10019517976039,3.984061974688427,2024,4,0,46014,Lokeren,Regenval,"Nat, plassen","Nacht, openbare verlichting aanwezig en ontstoken",met lichtgewonden,3,Fiets,2,Andere weggebruiker,Op Kruispunt,Gewestweg,binnen bebouwde kom,Tussen 2 bestuurders: Langs achteren,Geen hindernis
46428,141,Test site A support,Lokeren,51.08342085,3.9961071208376326,1.6543706902167232,51.09524757058691,4.010478872682874,2024,4,16,46014,Lokeren,Normaal,Droog,Dag,met lichtgewonden,3,Fiets,5,Lichte vrachtauto,Buiten Kruispunt,Gewestweg,buiten bebouwde kom,Tss. 2 best.: langs opzij (voor-/achterkant-flank),Geen hindernis
46429,128,Lokeren teller 1,Lokeren,51.09644,3.97023,2.1075266631339997,51.114686381891644,3.9620619763332834,2024,4,17,46014,Lokeren,Normaal,Droog,Dag,met lichtgewonden,9,personenauto,3,Fiets,Op Kruispunt,Gemeenteweg,binnen bebouwde kom,Tss. 2 best.: langs opzij (voor-/achterkant-flank),Geen hindernis
46429,129,Lokeren teller 2,Lokeren,51.09612,3.97025,2.1421760192267363,51.114686381891644,3.9620619763332834,2024,4,17,46014,Lokeren,Normaal,Droog,Dag,met lichtgewonden,9,personenauto,3,Fiets,Op Kruispunt,Gemeenteweg,binnen bebouwde kom,Tss. 2 best.: langs opzij (voor-/achterkant-flank),Geen hindernis
46430,141,Test site A support,Lokeren,51.08342085,3.9961071208376326,1.6792629722068457,51.096148797673614,4.009048149458342,2024,4,17,46014,Lokeren,Onbekend,Onbekend,Dag,met lichtgewonden,5,Lichte vrachtauto,3,Fiets,Buiten Kruispunt,Gewestweg,buiten bebouwde kom,Tss. 2 best.: langs opzij (voor-/achterkant-flank),Geen hindernis
46432,141,Test site A support,Lokeren,51.08342085,3.9961071208376326,1.6576636078017484,51.09565710414485,4.009664627059886,2024,4,11,46014,Lokeren,Normaal,"Nat, plassen",Dag,met lichtgewonden,9,personenauto,3,Fiets,Buiten Kruispunt,Gewestweg,buiten bebouwde kom,Tss. 2 best.: langs opzij (voor-/achterkant-flank),Geen hindernis
46434,141,Test site A support,Lokeren,51.08342085,3.9961071208376326,1.6744693942584608,51.096416974075716,4.008218640177775,2024,4,15,46014,Lokeren,Normaal,Droog,Dag,met lichtgewonden,9,personenauto,3,Fiets,Op Kruispunt,Gewestweg,buiten bebouwde kom,Tss. 2 best.: langs opzij (voor-/achterkant-flank),Geen hindernis
46435,126,Hamme totem,Hamme,51.1017709,4.1469307,1.6165195608057696,51.08876717135435,4.136581071172964,2024,4,12,42008,Hamme,Normaal,Droog,Dag,met lichtgewonden,9,personenauto,3,Fiets,Buiten Kruispunt,Gewestweg,binnen bebouwde kom,Tussen 2 bestuurders: Frontale botsing,Geen hindernis
46436,126,Hamme totem,Hamme,51.1017709,4.1469307,2.3751533764591115,51.08370021869319,4.128796978912992,2024,4,7,42008,Hamme,Normaal,Droog,Dag,met lichtgewonden,3,Fiets,3,Fiets,Buiten Kruispunt,Gemeenteweg,buiten bebouwde kom,Tussen 2 bestuurders: Flank tegen flank,Geen hindernis
46439,120,Zele teller 1,Zele,51.0607671,4.0547741,1.509263675710753,51.06671436851995,4.035360124325084,2024,4,14,42028,Zele,Regenval,"Nat, plassen",Dag,met lichtgewonden,9,personenauto,3,Fiets,Buiten Kruispunt,Gewestweg,binnen bebouwde kom,Tussen 2 bestuurders: Flank tegen flank,Geen hindernis
46439,121,Zele teller 2,Zele,51.0604067,4.0556696,1.583102772072807,51.06671436851995,4.035360124325084,2024,4,14,42028,Zele,Regenval,"Nat, plassen",Dag,met lichtgewonden,9,personenauto,3,Fiets,Buiten Kruispunt,Gewestweg,binnen bebouwde kom,Tussen 2 bestuurders: Flank tegen flank,Geen hindernis
46441,120,Zele teller 1,Zele,51.0607671,4.0547741,1.4642702314013822,51.067633578587944,4.036894238960778,2024,4,14,42028,Zele,Normaal,Droog,Dag,met zwaargewonden,3,Fiets,9,personenauto,Buiten Kruispunt,Gewestweg,binnen bebouwde kom,Tss. 2 best.: langs opzij (voor-/achterkant-flank),Geen hindernis
46441,121,Zele teller 2,Zele,51.0604067,4.0556696,1.5385688318487154,51.067633578587944,4.036894238960778,2024,4,14,42028,Zele,Normaal,Droog,Dag,met zwaargewonden,3,Fiets,9,personenauto,Buiten Kruispunt,Gewestweg,binnen bebouwde kom,Tss. 2 best.: langs opzij (voor-/achterkant-flank),Geen hindernis
46442,120,Zele teller 1,Zele,51.0607671,4.0547741,1.8086473020372134,51.063476817567704,4.029254871457397,2024,4,6,42028,Zele,Normaal,Droog,Dag,met lichtgewonden,3,Fiets,10,"één bestuurder, geen hindernis",Op Kruispunt,Gemeenteweg,binnen bebouwde kom,"Eén bestuurder, geen hindernis (incl. val)",Geen hindernis
46442,121,Zele teller 2,Zele,51.0604067,4.0556696,1.8772620508105313,51.063476817567704,4.029254871457397,2024,4,6,42028,Zele,Normaal,Droog,Dag,met lichtgewonden,3,Fiets,10,"één bestuurder, geen hindernis",Op Kruispunt,Gemeenteweg,binnen bebouwde kom,"Eén bestuurder, geen hindernis (incl. val)",Geen hindernis
46443,10,Aalst 2,Aalst,50.93549,4.01571,2.2295698578084755,50.948051164215954,4.04051331916959,2024,4,18,41002,Aalst,Normaal,Onbekend,Dag,met lichtgewonden,3,Fiets,9,personenauto,Op Kruispunt,Gemeenteweg,binnen bebouwde kom,Tussen 2 bestuurders: Flank tegen flank,Geen hindernis
46443,11,Aalst 3,Aalst,50.93385,4.01647,2.309006542685773,50.948051164215954,4.04051331916959,2024,4,18,41002,Aalst,Normaal,Onbekend,Dag,met lichtgewonden,3,Fiets,9,personenauto,Op Kruispunt,Gemeenteweg,binnen bebouwde kom,Tussen 2 bestuurders: Flank tegen flank,Geen hindernis
46443,19,Aalst 1,Aalst,50.93433,4.01471,2.365682492335471,50.948051164215954,4.04051331916959,2024,4,18,41002,Aalst,Normaal,Onbekend,Dag,met lichtgewonden,3,Fiets,9,personenauto,Op Kruispunt,Gemeenteweg,binnen bebouwde kom,Tussen 2 bestuurders: Flank tegen flank,Geen hindernis
46458,11,Aalst 3,Aalst,50.93385,4.01647,1.0125377502002164,50.93240572075671,4.03073581875703,2024,4,5,41002,Aalst,Normaal,Onbekend,"Nacht, openbare verlichting aanwezig en ontstoken",met zwaargewonden,9,personenauto,3,Fiets,Op Kruispunt,Gewestweg,binnen bebouwde kom,Tussen 2 bestuurders: Frontale botsing,Geen hindernis
46458,10,Aalst 2,Aalst,50.93549,4.01571,1.1074054095200307,50.93240572075671,4.03073581875703,2024,4,5,41002,Aalst,Normaal,Onbekend,"Nacht, openbare verlichting aanwezig en ontstoken",met zwaargewonden,9,personenauto,3,Fiets,Op Kruispunt,Gewestweg,binnen bebouwde kom,Tussen 2 bestuurders: Frontale botsing,Geen hindernis
46458,19,Aalst 1,Aalst,50.93433,4.01471,1.1432539328983609,50.93240572075671,4.03073581875703,2024,4,5,41002,Aalst,Normaal,Onbekend,"Nacht, openbare verlichting aanwezig en ontstoken",met zwaargewonden,9,personenauto,3,Fiets,Op Kruispunt,Gewestweg,binnen bebouwde kom,Tussen 2 bestuurders: Frontale botsing,Geen hindernis
46460,11,Aalst 3,Aalst,50.93385,4.01647,2.434771165204532,50.914350534965465,4.032272563553085,2024,4,17,41002,Aalst,Regenval,"Nat, plassen",Dag,met lichtgewonden,3,Fiets,9,personenauto,Buiten Kruispunt,Gewestweg,buiten bebouwde kom,Tss. 2 best.: langs opzij (voor-/achterkant-flank),Geen hindernis
46462,10,Aalst 2,Aalst,50.93549,4.01571,1.389256481113637,50.93836545327229,4.035003816891955,2024,4,13,41002,Aalst,Regenval,"Nat, plassen",Dag,met lichtgewonden,3,Fiets,3,Fiets,Buiten Kruispunt,Gemeenteweg,binnen bebouwde kom,Tussen 2 bestuurders: Langs achteren,Geen hindernis
46462,11,Aalst 3,Aalst,50.93385,4.01647,1.3924082067732517,50.93836545327229,4.035003816891955,2024,4,13,41002,Aalst,Regenval,"Nat, plassen",Dag,met lichtgewonden,3,Fiets,3,Fiets,Buiten Kruispunt,Gemeenteweg,binnen bebouwde kom,Tussen 2 bestuurders: Langs achteren,Geen hindernis
46462,19,Aalst 1,Aalst,50.93433,4.01471,1.4911689420847758,50.93836545327229,4.035003816891955,2024,4,13,41002,Aalst,Regenval,"Nat, plassen",Dag,met lichtgewonden,3,Fiets,3,Fiets,Buiten Kruispunt,Gemeenteweg,binnen bebouwde kom,Tussen 2 bestuurders: Langs achteren,Geen hindernis
46466,13,Gent,Gent,51.03018,3.70146,1.91949802274361,51.035859050102765,3.7273818911030054,2024,4,8,44021,Gent,Onbekend,Onbekend,Dag,met lichtgewonden,3,Fiets,9,personenauto,Op Kruispunt,Gemeenteweg,binnen bebouwde kom,Tss. 2 best.: langs opzij (voor-/achterkant-flank),Geen hindernis
46468,125,Dendermonde totem,Dendermonde,51.0372706,4.1025998,1.2570429632614073,51.03627032556766,4.120507137303567,2024,4,20,42006,Dendermonde,Normaal,Droog,Dag,met lichtgewonden,3,Fiets,9,personenauto,Op Kruispunt,Gewestweg,binnen bebouwde kom,Tss. 2 best.: langs opzij (voor-/achterkant-flank),Geen hindernis
46468,122,Dendermonde teller 2,Dendermonde,51.0373918,4.1019222,1.3054595234816435,51.03627032556766,4.120507137303567,2024,4,20,42006,Dendermonde,Normaal,Droog,Dag,met lichtgewonden,3,Fiets,9,personenauto,Op Kruispunt,Gewestweg,binnen bebouwde kom,Tss. 2 best.: langs opzij (voor-/achterkant-flank),Geen hindernis
46469,125,Dendermonde totem,Dendermonde,51.0372706,4.1025998,0.6533957854213396,51.03289030328563,4.10882848426913,2024,4,10,42006,Dendermonde,Normaal,Droog,Dag,met lichtgewonden,3,Fiets,9,personenauto,Op Kruispunt,Gewestweg,buiten bebouwde kom,Tss. 2 best.: langs opzij (voor-/achterkant-flank),Geen hindernis
46469,122,Dendermonde teller 2,Dendermonde,51.0373918,4.1019222,0.6955230291674722,51.03289030328563,4.10882848426913,2024,4,10,42006,Dendermonde,Normaal,Droog,Dag,met lichtgewonden,3,Fiets,9,personenauto,Op Kruispunt,Gewestweg,buiten bebouwde kom,Tss. 2 best.: langs opzij (voor-/achterkant-flank),Geen hindernis
46470,122,Dendermonde teller 2,Dendermonde,51.0373918,4.1019222,2.407411258652361,51.019409063805064,4.082752461307924,2024,4,0,42006,Dendermonde,Regenval,"Nat, plassen","Nacht, openbare verlichting aanwezig en ontstoken",met zwaargewonden,3,Fiets,11,een weggebruiker tegen een hindernis,Buiten Kruispunt,Gemeenteweg,buiten bebouwde kom,Weggebruiker tegen hindernis op de rijbaan,"Op de rijbaan: Put, straatgoot, tramspoor"
46470,125,Dendermonde totem,Dendermonde,51.0372706,4.1025998,2.423060614208671,51.019409063805064,4.082752461307924,2024,4,0,42006,Dendermonde,Regenval,"Nat, plassen","Nacht, openbare verlichting aanwezig en ontstoken",met zwaargewonden,3,Fiets,11,een weggebruiker tegen een hindernis,Buiten Kruispunt,Gemeenteweg,buiten bebouwde kom,Weggebruiker tegen hindernis op de rijbaan,"Op de rijbaan: Put, straatgoot, tramspoor"
46471,122,Dendermonde teller 2,Dendermonde,51.0373918,4.1019222,0.10313202507006317,51.038280530139936,4.102344139163303,2024,4,15,42006,Dendermonde,Normaal,Droog,Dag,met lichtgewonden,9,personenauto,3,Fiets,Buiten Kruispunt,Gewestweg,binnen bebouwde kom,Tss. 2 best.: langs opzij (voor-/achterkant-flank),Geen hindernis
46471,125,Dendermonde totem,Dendermonde,51.0372706,4.1025998,0.1137129556957524,51.038280530139936,4.102344139163303,2024,4,15,42006,Dendermonde,Normaal,Droog,Dag,met lichtgewonden,9,personenauto,3,Fiets,Buiten Kruispunt,Gewestweg,binnen bebouwde kom,Tss. 2 best.: langs opzij (voor-/achterkant-flank),Geen hindernis
46472,125,Dendermonde totem,Dendermonde,51.0372706,4.1025998,1.6089838080215206,51.02902424867373,4.121507023893403,2024,4,14,42006,Dendermonde,Normaal,Droog,Dag,met lichtgewonden,9,personenauto,3,Fiets,Buiten Kruispunt,Gemeenteweg,binnen bebouwde kom,Tussen 2 bestuurders: Flank tegen flank,Geen hindernis
46472,122,Dendermonde teller 2,Dendermonde,51.0373918,4.1019222,1.6556745085288211,51.02902424867373,4.121507023893403,2024,4,14,42006,Dendermonde,Normaal,Droog,Dag,met lichtgewonden,9,personenauto,3,Fiets,Buiten Kruispunt,Gemeenteweg,binnen bebouwde kom,Tussen 2 bestuurders: Flank tegen flank,Geen hindernis
46473,51,"Brugge, Sint-Andries",Brugge,51.19281,3.16252,1.6191886861681246,51.19198288926548,3.1857177612457552,2024,4,14,31005,Brugge,Normaal,Droog,Dag,met lichtgewonden,3,Fiets,9,personenauto,Op Kruispunt,Gewestweg,binnen bebouwde kom,Tss. 2 best.: langs opzij (voor-/achterkant-flank),Geen hindernis
46473,50,"Brugge, Sint-Andries",Brugge,51.19291,3.16252,1.6198565690030375,51.19198288926548,3.1857177612457552,2024,4,14,31005,Brugge,Normaal,Droog,Dag,met lichtgewonden,3,Fiets,9,personenauto,Op Kruispunt,Gewestweg,binnen bebouwde kom,Tss. 2 best.: langs opzij (voor-/achterkant-flank),Geen hindernis
46473,20,Brugge,Brugge,51.17416,3.20048,2.2330038700614967,51.19198288926548,3.1857177612457552,2024,4,14,31005,Brugge,Normaal,Droog,Dag,met lichtgewonden,3,Fiets,9,personenauto,Op Kruispunt,Gewestweg,binnen bebouwde kom,Tss. 2 best.: langs opzij (voor-/achterkant-flank),Geen hindernis
46475,53,Brugge teller 1,Brugge,51.23023,3.228,1.9769560079311854,51.24725852277822,3.2198354039247588,2024,4,7,31005,Brugge,Regenval,"Nat, plassen",Dag,met lichtgewonden,3,Fiets,9,personenauto,Op Kruispunt,Gewestweg,binnen bebouwde kom,Tss. 2 best.: langs opzij (voor-/achterkant-flank),Geen hindernis
46475,54,Brugge teller 2,Brugge,51.23015,3.22818,1.989101341287811,51.24725852277822,3.2198354039247588,2024,4,7,31005,Brugge,Regenval,"Nat, plassen",Dag,met lichtgewonden,3,Fiets,9,personenauto,Op Kruispunt,Gewestweg,binnen bebouwde kom,Tss. 2 best.: langs opzij (voor-/achterkant-flank),Geen hindernis
46476,20,Brugge,Brugge,51.17416,3.20048,2.453503862169189,51.192734738798364,3.219479754376576,2024,4,11,31005,Brugge,Regenval,"Nat, plassen",Dag,met lichtgewonden,9,personenauto,3,Fiets,Buiten Kruispunt,Gewestweg,binnen bebouwde kom,Tss. 2 best.: langs opzij (voor-/achterkant-flank),Geen hindernis
46477,142,TEST Validatie BRUGGE Y2H22022134,Brugge,51.22632,3.24095,1.0341496175808471,51.21701996229605,3.2410679198827137,2024,4,10,31005,Brugge,Normaal,Droog,Dag,met lichtgewonden,9,personenauto,3,Fiets,Buiten Kruispunt,Gemeenteweg,binnen bebouwde kom,Tss. 2 best.: langs opzij (voor-/achterkant-flank),Geen hindernis
46477,52,Brugge,Brugge,51.22632,3.24095,1.0341496175808471,51.21701996229605,3.2410679198827137,2024,4,10,31005,Brugge,Normaal,Droog,Dag,met lichtgewonden,9,personenauto,3,Fiets,Buiten Kruispunt,Gemeenteweg,binnen bebouwde kom,Tss. 2 best.: langs opzij (voor-/achterkant-flank),Geen hindernis
46477,54,Brugge teller 2,Brugge,51.23015,3.22818,1.713797560173937,51.21701996229605,3.2410679198827137,2024,4,10,31005,Brugge,Normaal,Droog,Dag,met lichtgewonden,9,personenauto,3,Fiets,Buiten Kruispunt,Gemeenteweg,binnen bebouwde kom,Tss. 2 best.: langs opzij (voor-/achterkant-flank),Geen hindernis
46477,53,Brugge teller 1,Brugge,51.23023,3.228,1.7279504160308232,51.21701996229605,3.2410679198827137,2024,4,10,31005,Brugge,Normaal,Droog,Dag,met lichtgewonden,9,personenauto,3,Fiets,Buiten Kruispunt,Gemeenteweg,binnen bebouwde kom,Tss. 2 best.: langs opzij (voor-/achterkant-flank),Geen hindernis
46479,53,Brugge teller 1,Brugge,51.23023,3.228,1.6917859321810536,51.22206222268939,3.20750280474801,2024,4,15,31005,Brugge,Normaal,Droog,Dag,met zwaargewonden,9,personenauto,3,Fiets,Buiten Kruispunt,Gewestweg,binnen bebouwde kom,Tss. 2 best.: langs opzij (voor-/achterkant-flank),Geen hindernis
46479,54,Brugge teller 2,Brugge,51.23015,3.22818,1.6976462687491936,51.22206222268939,3.20750280474801,2024,4,15,31005,Brugge,Normaal,Droog,Dag,met zwaargewonden,9,personenauto,3,Fiets,Buiten Kruispunt,Gewestweg,binnen bebouwde kom,Tss. 2 best.: langs opzij (voor-/achterkant-flank),Geen hindernis
46479,52,Brugge,Brugge,51.22632,3.24095,2.3768445943264873,51.22206222268939,3.20750280474801,2024,4,15,31005,Brugge,Normaal,Droog,Dag,met zwaargewonden,9,personenauto,3,Fiets,Buiten Kruispunt,Gewestweg,binnen bebouwde kom,Tss. 2 best.: langs opzij (voor-/achterkant-flank),Geen hindernis
46479,142,TEST Validatie BRUGGE Y2H22022134,Brugge,51.22632,3.24095,2.3768445943264873,51.22206222268939,3.20750280474801,2024,4,15,31005,Brugge,Normaal,Droog,Dag,met zwaargewonden,9,personenauto,3,Fiets,Buiten Kruispunt,Gewestweg,binnen bebouwde kom,Tss. 2 best.: langs opzij (voor-/achterkant-flank),Geen hindernis
46482,51,"Brugge, Sint-Andries",Brugge,51.19281,3.16252,0.8231163928293025,51.18556245011951,3.1649236373435876,2024,4,16,31005,Brugge,Normaal,Droog,Dag,met lichtgewonden,5,Lichte vrachtauto,3,Fiets,Op Kruispunt,Gewestweg,binnen bebouwde kom,Tss. 2 best.: langs opzij (voor-/achterkant-flank),Geen hindernis
46482,50,"Brugge, Sint-Andries",Brugge,51.19291,3.16252,0.8340062179264484,51.18556245011951,3.1649236373435876,2024,4,16,31005,Brugge,Normaal,Droog,Dag,met lichtgewonden,5,Lichte vrachtauto,3,Fiets,Op Kruispunt,Gewestweg,binnen bebouwde kom,Tss. 2 best.: langs opzij (voor-/achterkant-flank),Geen hindernis
46497,60,Ardooie teller 2,Ardooie,50.96783,3.18411,0.4531380456911908,50.97173053776706,3.1822359110310585,2024,4,8,37020,Ardooie,Normaal,Droog,Dag,met zwaargewonden,3,Fiets,9,personenauto,Buiten Kruispunt,Gemeenteweg,buiten bebouwde kom,Tussen 2 bestuurders: Langs achteren,Geen hindernis
46497,59,Ardooie teller 1,Ardooie,50.96784,3.18479,0.46811865164445465,50.97173053776706,3.1822359110310585,2024,4,8,37020,Ardooie,Normaal,Droog,Dag,met zwaargewonden,3,Fiets,9,personenauto,Buiten Kruispunt,Gemeenteweg,buiten bebouwde kom,Tussen 2 bestuurders: Langs achteren,Geen hindernis
46498,57,Meulebeke teller 1,Meulebeke,50.96056,3.24491,0.7886664930226194,50.96623317562006,3.2381511357799355,2024,4,16,37020,Ardooie,Normaal,Droog,Dag,met lichtgewonden,9,personenauto,3,Fiets,Op Kruispunt,Gemeenteweg,buiten bebouwde kom,Tss. 2 best.: langs opzij (voor-/achterkant-flank),Geen hindernis
46498,58,Meulebeke teller 2,Meulebeke,50.96021,3.24471,0.8121262369377472,50.96623317562006,3.2381511357799355,2024,4,16,37020,Ardooie,Normaal,Droog,Dag,met lichtgewonden,9,personenauto,3,Fiets,Op Kruispunt,Gemeenteweg,buiten bebouwde kom,Tss. 2 best.: langs opzij (voor-/achterkant-flank),Geen hindernis
46499,15,Oostende 2,Oostende,51.21371,2.92743,1.8787012913486305,51.222512479259265,2.904405779564125,2024,4,10,35013,Oostende,Normaal,"Nat, plassen",Dag,met lichtgewonden,3,Fiets,5,Lichte vrachtauto,Buiten Kruispunt,Gewestweg,binnen bebouwde kom,Tss. 2 best.: langs opzij (voor-/achterkant-flank),Geen hindernis
46499,18,Oostende 1,Oostende,51.21378,2.92765,1.8877803648889622,51.222512479259265,2.904405779564125,2024,4,10,35013,Oostende,Normaal,"Nat, plassen",Dag,met lichtgewonden,3,Fiets,5,Lichte vrachtauto,Buiten Kruispunt,Gewestweg,binnen bebouwde kom,Tss. 2 best.: langs opzij (voor-/achterkant-flank),Geen hindernis
46501,15,Oostende 2,Oostende,51.21371,2.92743,0.9674169703016977,51.20580200026874,2.933219949991285,2024,4,2,35013,Oostende,Regenval,"Nat, plassen","Nacht, openbare verlichting aanwezig en ontstoken",met lichtgewonden,3,Fiets,2,Andere weggebruiker,Buiten Kruispunt,Gemeenteweg,binnen bebouwde kom,Tussen 2 bestuurders: Langs achteren,Geen hindernis
46501,18,Oostende 1,Oostende,51.21378,2.92765,0.9682547623481279,51.20580200026874,2.933219949991285,2024,4,2,35013,Oostende,Regenval,"Nat, plassen","Nacht, openbare verlichting aanwezig en ontstoken",met lichtgewonden,3,Fiets,2,Andere weggebruiker,Buiten Kruispunt,Gemeenteweg,binnen bebouwde kom,Tussen 2 bestuurders: Langs achteren,Geen hindernis
46502,15,Oostende 2,Oostende,51.21371,2.92743,1.4893345231437134,51.21291803750973,2.9060858294261824,2024,4,18,35013,Oostende,Normaal,Droog,Dag,met lichtgewonden,6,Bromfiets,3,Fiets,Buiten Kruispunt,Gewestweg,binnen bebouwde kom,Tussen 2 bestuurders: Langs achteren,Geen hindernis