crash_row_id,site_id,site_name,site_gemeente,site_lat,site_long,distance_km,crash_lat,crash_long,DT_YEAR_COLLISION,DT_MONTH_COLLISION,DT_TIME,CD_NIS,TX_MUNTY_COLLISION_NL,TX_WEATHER_NL,TX_ROAD_CONDITION_NL,TX_LIGHT_CONDITION_NL,TX_CLASS_ACCIDENTS_NL,CD_ROAD_USR_TYPE1,TX_ROAD_USR_TYPE1_NL,CD_ROAD_USR_TYPE2,TX_ROAD_USR_TYPE2_NL,TX_CROSSWAY_NL,CD_ROAD_TYPE_NL,TX_BUILD_UP_AREA_NL,TX_COLLISION_TYPE_NL,TX_OBSTACLES_NL
46502,18,Oostende 1,Oostende,51.21378,2.92765,1.5051065648543878,51.21291803750973,2.9060858294261824,2024,4,18,35013,Oostende,Normaal,Droog,Dag,met lichtgewonden,6,Bromfiets,3,Fiets,Buiten Kruispunt,Gewestweg,binnen bebouwde kom,Tussen 2 bestuurders: Langs achteren,Geen hindernis
46503,15,Oostende 2,Oostende,51.21371,2.92743,0.4613066351274308,51.2099590603239,2.9302593907397707,2024,4,8,35013,Oostende,Normaal,Droog,Dag,met lichtgewonden,9,personenauto,3,Fiets,Op Kruispunt,Gemeenteweg,binnen bebouwde kom,Tss. 2 best.: langs opzij (voor-/achterkant-flank),Geen hindernis
46503,18,Oostende 1,Oostende,51.21378,2.92765,0.46211633061521173,51.2099590603239,2.9302593907397707,2024,4,8,35013,Oostende,Normaal,Droog,Dag,met lichtgewonden,9,personenauto,3,Fiets,Op Kruispunt,Gemeenteweg,binnen bebouwde kom,Tss. 2 best.: langs opzij (voor-/achterkant-flank),Geen hindernis
46506,15,Oostende 2,Oostende,51.21371,2.92743,2.095112915691174,51.22933330237505,2.9106138504166785,2024,4,12,35013,Oostende,Normaal,Droog,Dag,met lichtgewonden,3,Fiets,6,Bromfiets,Buiten Kruispunt,Gewestweg,binnen bebouwde kom,Tss. 2 best.: langs opzij (voor-/achterkant-flank),Geen hindernis
46506,18,Oostende 1,Oostende,51.21378,2.92765,2.0972919861855805,51.22933330237505,2.9106138504166785,2024,4,12,35013,Oostende,Normaal,Droog,Dag,met lichtgewonden,3,Fiets,6,Bromfiets,Buiten Kruispunt,Gewestweg,binnen bebouwde kom,Tss. 2 best.: langs opzij (voor-/achterkant-flank),Geen hindernis
46508,65,Nieuwpoort teller 2,Nieuwpoort,51.13435,2.75511,0.26711177362601507,51.13598676744499,2.757912096309663,2024,4,15,38016,Nieuwpoort,Normaal,Droog,Dag,met lichtgewonden,3,Fiets,9,personenauto,Op Kruispunt,Gewestweg,buiten bebouwde kom,Tussen 2 bestuurders: Flank tegen flank,Geen hindernis
46508,64,Nieuwpoort teller 1,Nieuwpoort,51.13359,2.75737,0.2691790829948229,51.13598676744499,2.757912096309663,2024,4,15,38016,Nieuwpoort,Normaal,Droog,Dag,met lichtgewonden,3,Fiets,9,personenauto,Op Kruispunt,Gewestweg,buiten bebouwde kom,Tussen 2 bestuurders: Flank tegen flank,Geen hindernis
46508,66,Nieuwpoort totem,Nieuwpoort,51.1347,2.74369,1.002579489931111,51.13598676744499,2.757912096309663,2024,4,15,38016,Nieuwpoort,Normaal,Droog,Dag,met lichtgewonden,3,Fiets,9,personenauto,Op Kruispunt,Gewestweg,buiten bebouwde kom,Tussen 2 bestuurders: Flank tegen flank,Geen hindernis
46508,63,Nieuwpoort teller 3,Nieuwpoort,51.13529,2.74289,1.050988329384757,51.13598676744499,2.757912096309663,2024,4,15,38016,Nieuwpoort,Normaal,Droog,Dag,met lichtgewonden,3,Fiets,9,personenauto,Op Kruispunt,Gewestweg,buiten bebouwde kom,Tussen 2 bestuurders: Flank tegen flank,Geen hindernis
46531,17,Kortrijk 2,Kortrijk,50.83339,3.27773,0.71199665640887,50.839610872435486,3.2753280976080905,2024,4,17,34022,Kortrijk,Normaal,Droog,Dag,met zwaargewonden,9,personenauto,3,Fiets,Buiten Kruispunt,Gemeenteweg,binnen bebouwde kom,Tussen 2 bestuurders: Langs achteren,Geen hindernis
46531,16,Kortrijk 1,Kortrijk,50.83332,3.27777,0.720224742617503,50.839610872435486,3.2753280976080905,2024,4,17,34022,Kortrijk,Normaal,Droog,Dag,met zwaargewonden,9,personenauto,3,Fiets,Buiten Kruispunt,Gemeenteweg,binnen bebouwde kom,Tussen 2 bestuurders: Langs achteren,Geen hindernis
46531,143,Eco Display Classic Budastraat,Kortrijk,50.83066,3.26286,1.3256111781009734,50.839610872435486,3.2753280976080905,2024,4,17,34022,Kortrijk,Normaal,Droog,Dag,met zwaargewonden,9,personenauto,3,Fiets,Buiten Kruispunt,Gemeenteweg,binnen bebouwde kom,Tussen 2 bestuurders: Langs achteren,Geen hindernis
46533,143,Eco Display Classic Budastraat,Kortrijk,50.83066,3.26286,2.2700023180474624,50.83416957108739,3.2310186775110927,2024,4,16,34022,Kortrijk,Normaal,Droog,Dag,met zwaargewonden,5,Lichte vrachtauto,3,Fiets,Op Kruispunt,Gemeenteweg,binnen bebouwde kom,Tussen 2 bestuurders: Frontale botsing,Geen hindernis
46533,75,Kortrijk teller 2,Kortrijk,50.81925,3.25731,2.4824099258248373,50.83416957108739,3.2310186775110927,2024,4,16,34022,Kortrijk,Normaal,Droog,Dag,met zwaargewonden,5,Lichte vrachtauto,3,Fiets,Op Kruispunt,Gemeenteweg,binnen bebouwde kom,Tussen 2 bestuurders: Frontale botsing,Geen hindernis
46533,74,Kortrijk teller 1,Kortrijk,50.81909,3.25728,2.4927775226423874,50.83416957108739,3.2310186775110927,2024,4,16,34022,Kortrijk,Normaal,Droog,Dag,met zwaargewonden,5,Lichte vrachtauto,3,Fiets,Op Kruispunt,Gemeenteweg,binnen bebouwde kom,Tussen 2 bestuurders: Frontale botsing,Geen hindernis
46535,17,Kortrijk 2,Kortrijk,50.83339,3.27773,0.7880328881916911,50.83746661802653,3.2869091183489147,2024,4,8,34022,Kortrijk,Normaal,Droog,Dag,met lichtgewonden,6,Bromfiets,3,Fiets,Buiten Kruispunt,Gemeenteweg,binnen bebouwde kom,Tussen 2 bestuurders: Flank tegen flank,Geen hindernis
46535,16,Kortrijk 1,Kortrijk,50.83332,3.27777,0.7902532302321653,50.83746661802653,3.2869091183489147,2024,4,8,34022,Kortrijk,Normaal,Droog,Dag,met lichtgewonden,6,Bromfiets,3,Fiets,Buiten Kruispunt,Gemeenteweg,binnen bebouwde kom,Tussen 2 bestuurders: Flank tegen flank,Geen hindernis
46535,143,Eco Display Classic Budastraat,Kortrijk,50.83066,3.26286,1.8507378883921106,50.83746661802653,3.2869091183489147,2024,4,8,34022,Kortrijk,Normaal,Droog,Dag,met lichtgewonden,6,Bromfiets,3,Fiets,Buiten Kruispunt,Gemeenteweg,binnen bebouwde kom,Tussen 2 bestuurders: Flank tegen flank,Geen hindernis
46536,17,Kortrijk 2,Kortrijk,50.83339,3.27773,2.3840943362460743,50.85398062504544,3.287196248006458,2024,4,16,34023,Kuurne,Onbekend,Onbekend,Dag,met lichtgewonden,3,Fiets,9,personenauto,Op Kruispunt,Gemeenteweg,binnen bebouwde kom,Tss. 2 best.: langs opzij (voor-/achterkant-flank),Geen hindernis
46536,16,Kortrijk 1,Kortrijk,50.83332,3.27777,2.3907915056435116,50.85398062504544,3.287196248006458,2024,4,16,34023,Kuurne,Onbekend,Onbekend,Dag,met lichtgewonden,3,Fiets,9,personenauto,Op Kruispunt,Gemeenteweg,binnen bebouwde kom,Tss. 2 best.: langs opzij (voor-/achterkant-flank),Geen hindernis
46537,143,Eco Display Classic Budastraat,Kortrijk,50.83066,3.26286,1.2034280550579395,50.83711002931702,3.249099600143278,2024,4,15,34022,Kortrijk,"Sterke wind, rukwind",Droog,Dag,met lichtgewonden,3,Fiets,10,"één bestuurder, geen hindernis",Buiten Kruispunt,Gemeenteweg,binnen bebouwde kom,"Eén bestuurder, geen hindernis (incl. val)",Geen hindernis
46537,17,Kortrijk 2,Kortrijk,50.83339,3.27773,2.052692094817969,50.83711002931702,3.249099600143278,2024,4,15,34022,Kortrijk,"Sterke wind, rukwind",Droog,Dag,met lichtgewonden,3,Fiets,10,"één bestuurder, geen hindernis",Buiten Kruispunt,Gemeenteweg,binnen bebouwde kom,"Eén bestuurder, geen hindernis (incl. val)",Geen hindernis
46537,16,Kortrijk 1,Kortrijk,50.83332,3.27777,2.0570255937786,50.83711002931702,3.249099600143278,2024,4,15,34022,Kortrijk,"Sterke wind, rukwind",Droog,Dag,met lichtgewonden,3,Fiets,10,"één bestuurder, geen hindernis",Buiten Kruispunt,Gemeenteweg,binnen bebouwde kom,"Eén bestuurder, geen hindernis (incl. val)",Geen hindernis
46537,75,Kortrijk teller 2,Kortrijk,50.81925,3.25731,2.067974852542394,50.83711002931702,3.249099600143278,2024,4,15,34022,Kortrijk,"Sterke wind, rukwind",Droog,Dag,met lichtgewonden,3,Fiets,10,"één bestuurder, geen hindernis",Buiten Kruispunt,Gemeenteweg,binnen bebouwde kom,"Eén bestuurder, geen hindernis (incl. val)",Geen hindernis
46537,74,Kortrijk teller 1,Kortrijk,50.81909,3.25728,2.084484721199921,50.83711002931702,3.249099600143278,2024,4,15,34022,Kortrijk,"Sterke wind, rukwind",Droog,Dag,met lichtgewonden,3,Fiets,10,"één bestuurder, geen hindernis",Buiten Kruispunt,Gemeenteweg,binnen bebouwde kom,"Eén bestuurder, geen hindernis (incl. val)",Geen hindernis
46538,143,Eco Display Classic Budastraat,Kortrijk,50.83066,3.26286,1.8340030862313537,50.84695889384174,3.2588588475312155,2024,4,15,34022,Kortrijk,Normaal,Droog,Dag,met lichtgewonden,3,Fiets,5,Lichte vrachtauto,Buiten Kruispunt,Gemeenteweg,binnen bebouwde kom,Tussen 2 bestuurders: Flank tegen flank,Geen hindernis
46538,17,Kortrijk 2,Kortrijk,50.83339,3.27773,2.008066256171598,50.84695889384174,3.2588588475312155,2024,4,15,34022,Kortrijk,Normaal,Droog,Dag,met lichtgewonden,3,Fiets,5,Lichte vrachtauto,Buiten Kruispunt,Gemeenteweg,binnen bebouwde kom,Tussen 2 bestuurders: Flank tegen flank,Geen hindernis
46538,16,Kortrijk 1,Kortrijk,50.83332,3.27777,2.0157709826998667,50.84695889384174,3.2588588475312155,2024,4,15,34022,Kortrijk,Normaal,Droog,Dag,met lichtgewonden,3,Fiets,5,Lichte vrachtauto,Buiten Kruispunt,Gemeenteweg,binnen bebouwde kom,Tussen 2 bestuurders: Flank tegen flank,Geen hindernis
46539,17,Kortrijk 2,Kortrijk,50.83339,3.27773,0.38926142590149354,50.83402448146183,3.2722789554246483,2024,4,18,34022,Kortrijk,Onbekend,Onbekend,Dag,met lichtgewonden,8,Voetganger,3,Fiets,Buiten Kruispunt,Gemeenteweg,binnen bebouwde kom,Met een voetganger,Geen hindernis
46539,16,Kortrijk 1,Kortrijk,50.83332,3.27777,0.39349991489950936,50.83402448146183,3.2722789554246483,2024,4,18,34022,Kortrijk,Onbekend,Onbekend,Dag,met lichtgewonden,8,Voetganger,3,Fiets,Buiten Kruispunt,Gemeenteweg,binnen bebouwde kom,Met een voetganger,Geen hindernis
46539,143,Eco Display Classic Budastraat,Kortrijk,50.83066,3.26286,0.7599549636772891,50.83402448146183,3.2722789554246483,2024,4,18,34022,Kortrijk,Onbekend,Onbekend,Dag,met lichtgewonden,8,Voetganger,3,Fiets,Buiten Kruispunt,Gemeenteweg,binnen bebouwde kom,Met een voetganger,Geen hindernis
46539,75,Kortrijk teller 2,Kortrijk,50.81925,3.25731,1.9504818409008542,50.83402448146183,3.2722789554246483,2024,4,18,34022,Kortrijk,Onbekend,Onbekend,Dag,met lichtgewonden,8,Voetganger,3,Fiets,Buiten Kruispunt,Gemeenteweg,binnen bebouwde kom,Met een voetganger,Geen hindernis
46539,74,Kortrijk teller 1,Kortrijk,50.81909,3.25728,1.9666193056143977,50.83402448146183,3.2722789554246483,2024,4,18,34022,Kortrijk,Onbekend,Onbekend,Dag,met lichtgewonden,8,Voetganger,3,Fiets,Buiten Kruispunt,Gemeenteweg,binnen bebouwde kom,Met een voetganger,Geen hindernis
46548,66,Nieuwpoort totem,Nieuwpoort,51.1347,2.74369,0.6504989334283269,51.12915458393481,2.746659212462444,2024,4,16,38016,Nieuwpoort,Normaal,Droog,Dag,met lichtgewonden,99,onbekend,3,Fiets,Op Kruispunt,Gemeenteweg,binnen bebouwde kom,Tss. 2 best.: langs opzij (voor-/achterkant-flank),Geen hindernis
46548,63,Nieuwpoort teller 3,Nieuwpoort,51.13529,2.74289,0.7311678305362712,51.12915458393481,2.746659212462444,2024,4,16,38016,Nieuwpoort,Normaal,Droog,Dag,met lichtgewonden,99,onbekend,3,Fiets,Op Kruispunt,Gemeenteweg,binnen bebouwde kom,Tss. 2 best.: langs opzij (voor-/achterkant-flank),Geen hindernis
46548,65,Nieuwpoort teller 2,Nieuwpoort,51.13435,2.75511,0.8255098795233218,51.12915458393481,2.746659212462444,2024,4,16,38016,Nieuwpoort,Normaal,Droog,Dag,met lichtgewonden,99,onbekend,3,Fiets,Op Kruispunt,Gemeenteweg,binnen bebouwde kom,Tss. 2 best.: langs opzij (voor-/achterkant-flank),Geen hindernis
46548,64,Nieuwpoort teller 1,Nieuwpoort,51.13359,2.75737,0.8954493543417336,51.12915458393481,2.746659212462444,2024,4,16,38016,Nieuwpoort,Normaal,Droog,Dag,met lichtgewonden,99,onbekend,3,Fiets,Op Kruispunt,Gemeenteweg,binnen bebouwde kom,Tss. 2 best.: langs opzij (voor-/achterkant-flank),Geen hindernis
46549,67,Ieper totem,Ieper,50.85018,2.85624,2.0654446126728154,50.85073807159336,2.8856479432553406,2024,4,17,33011,Ieper,Regenval,"Nat, plassen",Dag,met zwaargewonden,3,Fiets,11,een weggebruiker tegen een hindernis,Op Kruispunt,Gewestweg,binnen bebouwde kom,Weggebruiker tegen hindernis buiten rijbaan,Andere hindernis
46549,68,Ieper,Ieper,50.85032,2.85608,2.0762619904285327,50.85073807159336,2.8856479432553406,2024,4,17,33011,Ieper,Regenval,"Nat, plassen",Dag,met zwaargewonden,3,Fiets,11,een weggebruiker tegen een hindernis,Op Kruispunt,Gewestweg,binnen bebouwde kom,Weggebruiker tegen hindernis buiten rijbaan,Andere hindernis
46551,67,Ieper totem,Ieper,50.85018,2.85624,1.1353140681051903,50.846434128066726,2.871283598204259,2024,4,10,33011,Ieper,Normaal,Proper,Dag,met lichtgewonden,3,Fiets,9,personenauto,Buiten Kruispunt,Gemeenteweg,binnen bebouwde kom,Tussen 2 bestuurders: Flank tegen flank,Geen hindernis
46551,68,Ieper,Ieper,50.85032,2.85608,1.1515201333990128,50.846434128066726,2.871283598204259,2024,4,10,33011,Ieper,Normaal,Proper,Dag,met lichtgewonden,3,Fiets,9,personenauto,Buiten Kruispunt,Gemeenteweg,binnen bebouwde kom,Tussen 2 bestuurders: Flank tegen flank,Geen hindernis
46559,68,Ieper,Ieper,50.85032,2.85608,0.37544595972482353,50.851175727435695,2.8509065339908854,2024,4,9,33011,Ieper,Normaal,Droog,Dag,met lichtgewonden,3,Fiets,10,"één bestuurder, geen hindernis",Buiten Kruispunt,Gewestweg,buiten bebouwde kom,"Eén bestuurder, geen hindernis (incl. val)",Geen hindernis
46559,67,Ieper totem,Ieper,50.85018,2.85624,0.390448503317598,50.851175727435695,2.8509065339908854,2024,4,9,33011,Ieper,Normaal,Droog,Dag,met lichtgewonden,3,Fiets,10,"één bestuurder, geen hindernis",Buiten Kruispunt,Gewestweg,buiten bebouwde kom,"Eén bestuurder, geen hindernis (incl. val)",Geen hindernis
46561,42,Maasmechelen teller 2,Maasmechelen,50.97043,5.6981,1.2497514012291624,50.98152649078968,5.700936340083303,2024,4,11,73107,Maasmechelen,Normaal,Droog,Dag,met lichtgewonden,9,personenauto,3,Fiets,Op Kruispunt,Gemeenteweg,binnen bebouwde kom,Tussen 2 bestuurders: Frontale botsing,Geen hindernis
46561,41,Maasmechelen teller 1,Maasmechelen,50.97025,5.69799,1.2707437059740865,50.98152649078968,5.700936340083303,2024,4,11,73107,Maasmechelen,Normaal,Droog,Dag,met lichtgewonden,9,personenauto,3,Fiets,Op Kruispunt,Gemeenteweg,binnen bebouwde kom,Tussen 2 bestuurders: Frontale botsing,Geen hindernis
46562,42,Maasmechelen teller 2,Maasmechelen,50.97043,5.6981,0.9360262981640298,50.97739002461712,5.690580464705344,2024,4,15,73107,Maasmechelen,Normaal,Droog,Dag,met lichtgewonden,3,Fiets,9,personenauto,Buiten Kruispunt,Gemeenteweg,binnen bebouwde kom,Tss. 2 best.: langs opzij (voor-/achterkant-flank),Geen hindernis
46562,41,Maasmechelen teller 1,Maasmechelen,50.97025,5.69799,0.9484073102027165,50.97739002461712,5.690580464705344,2024,4,15,73107,Maasmechelen,Normaal,Droog,Dag,met lichtgewonden,3,Fiets,9,personenauto,Buiten Kruispunt,Gemeenteweg,binnen bebouwde kom,Tss. 2 best.: langs opzij (voor-/achterkant-flank),Geen hindernis
46564,41,Maasmechelen teller 1,Maasmechelen,50.97025,5.69799,0.9690225224006874,50.96154634180743,5.698684111799952,2024,4,10,73107,Maasmechelen,Normaal,Droog,Dag,met lichtgewonden,5,Lichte vrachtauto,3,Fiets,Op Kruispunt,Gemeenteweg,binnen bebouwde kom,Tss. 2 best.: langs opzij (voor-/achterkant-flank),Geen hindernis
46564,42,Maasmechelen teller 2,Maasmechelen,50.97043,5.6981,0.9886642639882621,50.96154634180743,5.698684111799952,2024,4,10,73107,Maasmechelen,Normaal,Droog,Dag,met lichtgewonden,5,Lichte vrachtauto,3,Fiets,Op Kruispunt,Gemeenteweg,binnen bebouwde kom,Tss. 2 best.: langs opzij (voor-/achterkant-flank),Geen hindernis
46565,42,Maasmechelen teller 2,Maasmechelen,50.97043,5.6981,1.089838595535681,50.9789215441657,5.690326777436694,2024,4,10,73107,Maasmechelen,Normaal,Droog+Proper,Dag,met lichtgewonden,9,personenauto,3,Fiets,Op Kruispunt,Gemeenteweg,binnen bebouwde kom,Tss. 2 best.: langs opzij (voor-/achterkant-flank),Geen hindernis
46565,41,Maasmechelen teller 1,Maasmechelen,50.97025,5.69799,1.1034596181529213,50.9789215441657,5.690326777436694,2024,4,10,73107,Maasmechelen,Normaal,Droog+Proper,Dag,met lichtgewonden,9,personenauto,3,Fiets,Op Kruispunt,Gemeenteweg,binnen bebouwde kom,Tss. 2 best.: langs opzij (voor-/achterkant-flank),Geen hindernis
46570,124,Beveren teller 2,Beveren,51.1964712,4.2361077,1.2312168916676796,51.206839491512284,4.242309607808502,2024,4,7,46003,Beveren,Normaal,Droog,Dag,met lichtgewonden,3,Fiets,8,Voetganger,Buiten Kruispunt,Gemeenteweg,binnen bebouwde kom,Met een voetganger,Geen hindernis
46573,124,Beveren teller 2,Beveren,51.1964712,4.2361077,0.05894547748349357,51.19700121336239,4.2360915969465065,2024,4,23,46003,Beveren,Regenval,"Nat, plassen","Nacht, openbare verlichting aanwezig en ontstoken",met zwaargewonden,3,Fiets,11,een weggebruiker tegen een hindernis,Buiten Kruispunt,Gemeenteweg,buiten bebouwde kom,Weggebruiker tegen hindernis buiten rijbaan,Buiten de rijbaan: Andere paal
46574,124,Beveren teller 2,Beveren,51.1964712,4.2361077,2.407165955906454,51.21717036983604,4.246226196587557,2024,4,16,46003,Beveren,Normaal,Droog,Dag,met lichtgewonden,3,Fiets,3,Fiets,Buiten Kruispunt,Gemeenteweg,binnen bebouwde kom,Tss. 2 best.: langs opzij (voor-/achterkant-flank),Geen hindernis
46577,138,Hasselt-Kempische brug,Hasselt,50.9405318,5.3422472,0.3724165361340163,50.939095473881174,5.3374456992179935,2024,4,17,71022,Hasselt,Normaal,Droog,Dag,met lichtgewonden,3,Fiets,3,Fiets,Buiten Kruispunt,Gemeenteweg,binnen bebouwde kom,Tss. 2 best.: langs opzij (voor-/achterkant-flank),Geen hindernis
46577,137,Hasselt-Kempische brug,Hasselt,50.9411605,5.3417576,0.37947926014722927,50.939095473881174,5.3374456992179935,2024,4,17,71022,Hasselt,Normaal,Droog,Dag,met lichtgewonden,3,Fiets,3,Fiets,Buiten Kruispunt,Gemeenteweg,binnen bebouwde kom,Tss. 2 best.: langs opzij (voor-/achterkant-flank),Geen hindernis
46577,140,Hasselt ring,Hasselt,50.9300038,5.3438616,1.1064158674311293,50.939095473881174,5.3374456992179935,2024,4,17,71022,Hasselt,Normaal,Droog,Dag,met lichtgewonden,3,Fiets,3,Fiets,Buiten Kruispunt,Gemeenteweg,binnen bebouwde kom,Tss. 2 best.: langs opzij (voor-/achterkant-flank),Geen hindernis
46582,138,Hasselt-Kempische brug,Hasselt,50.9405318,5.3422472,1.4405591039446803,50.94320996902941,5.362363441937877,2024,4,12,71022,Hasselt,Normaal,Droog,Dag,met lichtgewonden,9,personenauto,3,Fiets,Op Kruispunt,Gewestweg,buiten bebouwde kom,Tss. 2 best.: langs opzij (voor-/achterkant-flank),Geen hindernis
46582,137,Hasselt-Kempische brug,Hasselt,50.9411605,5.3417576,1.4616112284150005,50.94320996902941,5.362363441937877,2024,4,12,71022,Hasselt,Normaal,Droog,Dag,met lichtgewonden,9,personenauto,3,Fiets,Op Kruispunt,Gewestweg,buiten bebouwde kom,Tss. 2 best.: langs opzij (voor-/achterkant-flank),Geen hindernis
46582,140,Hasselt ring,Hasselt,50.9300038,5.3438616,1.9588827386648469,50.94320996902941,5.362363441937877,2024,4,12,71022,Hasselt,Normaal,Droog,Dag,met lichtgewonden,9,personenauto,3,Fiets,Op Kruispunt,Gewestweg,buiten bebouwde kom,Tss. 2 best.: langs opzij (voor-/achterkant-flank),Geen hindernis
46584,137,Hasselt-Kempische brug,Hasselt,50.9411605,5.3417576,1.0540595951611818,50.93687008994628,5.3283434689949,2024,4,12,71022,Hasselt,Normaal,Droog,Dag,met lichtgewonden,9,personenauto,3,Fiets,Buiten Kruispunt,Gemeenteweg,binnen bebouwde kom,Tss. 2 best.: langs opzij (voor-/achterkant-flank),Geen hindernis
46584,138,Hasselt-Kempische brug,Hasselt,50.9405318,5.3422472,1.0558907831131594,50.93687008994628,5.3283434689949,2024,4,12,71022,Hasselt,Normaal,Droog,Dag,met lichtgewonden,9,personenauto,3,Fiets,Buiten Kruispunt,Gemeenteweg,binnen bebouwde kom,Tss. 2 best.: langs opzij (voor-/achterkant-flank),Geen hindernis
46584,140,Hasselt ring,Hasselt,50.9300038,5.3438616,1.3287304854300253,50.93687008994628,5.3283434689949,2024,4,12,71022,Hasselt,Normaal,Droog,Dag,met lichtgewonden,9,personenauto,3,Fiets,Buiten Kruispunt,Gemeenteweg,binnen bebouwde kom,Tss. 2 best.: langs opzij (voor-/achterkant-flank),Geen hindernis
46586,140,Hasselt ring,Hasselt,50.9300038,5.3438616,0.8013046651576362,50.929027363082724,5.332533471190023,2024,4,14,71022,Hasselt,Normaal,Droog,Dag,met lichtgewonden,3,Fiets,3,Fiets,Buiten Kruispunt,Gewestweg,binnen bebouwde kom,Tussen 2 bestuurders: Frontale botsing,Geen hindernis
46586,138,Hasselt-Kempische brug,Hasselt,50.9405318,5.3422472,1.4490644699126374,50.929027363082724,5.332533471190023,2024,4,14,71022,Hasselt,Normaal,Droog,Dag,met lichtgewonden,3,Fiets,3,Fiets,Buiten Kruispunt,Gewestweg,binnen bebouwde kom,Tussen 2 bestuurders: Frontale botsing,Geen hindernis
46586,137,Hasselt-Kempische brug,Hasselt,50.9411605,5.3417576,1.4959935523345333,50.929027363082724,5.332533471190023,2024,4,14,71022,Hasselt,Normaal,Droog,Dag,met lichtgewonden,3,Fiets,3,Fiets,Buiten Kruispunt,Gewestweg,binnen bebouwde kom,Tussen 2 bestuurders: Frontale botsing,Geen hindernis
46587,140,Hasselt ring,Hasselt,50.9300038,5.3438616,0.899562619070469,50.93143827742573,5.331229079303454,2024,4,9,71022,Hasselt,Normaal,Droog,Dag,met lichtgewonden,9,personenauto,3,Fiets,Op Kruispunt,Gemeenteweg,binnen bebouwde kom,Tss. 2 best.: langs opzij (voor-/achterkant-flank),Geen hindernis
46587,138,Hasselt-Kempische brug,Hasselt,50.9405318,5.3422472,1.2722187293570038,50.93143827742573,5.331229079303454,2024,4,9,71022,Hasselt,Normaal,Droog,Dag,met lichtgewonden,9,personenauto,3,Fiets,Op Kruispunt,Gemeenteweg,binnen bebouwde kom,Tss. 2 best.: langs opzij (voor-/achterkant-flank),Geen hindernis
46587,137,Hasselt-Kempische brug,Hasselt,50.9411605,5.3417576,1.3088147450983516,50.93143827742573,5.331229079303454,2024,4,9,71022,Hasselt,Normaal,Droog,Dag,met lichtgewonden,9,personenauto,3,Fiets,Op Kruispunt,Gemeenteweg,binnen bebouwde kom,Tss. 2 best.: langs opzij (voor-/achterkant-flank),Geen hindernis
46588,137,Hasselt-Kempische brug,Hasselt,50.9411605,5.3417576,0.5301517009704333,50.94176153588656,5.334251446255729,2024,4,23,71022,Hasselt,Normaal,Onbekend,"Nacht, geen openbare verlichting aanwezig",met lichtgewonden,3,Fiets,6,Bromfiets,Buiten Kruispunt,Gemeenteweg,buiten bebouwde kom,Tussen 2 bestuurders: Flank tegen flank,Geen hindernis
46588,138,Hasselt-Kempische brug,Hasselt,50.9405318,5.3422472,0.5766764978596166,50.94176153588656,5.334251446255729,2024,4,23,71022,Hasselt,Normaal,Onbekend,"Nacht, geen openbare verlichting aanwezig",met lichtgewonden,3,Fiets,6,Bromfiets,Buiten Kruispunt,Gemeenteweg,buiten bebouwde kom,Tussen 2 bestuurders: Flank tegen flank,Geen hindernis
46588,140,Hasselt ring,Hasselt,50.9300038,5.3438616,1.4706433853392094,50.94176153588656,5.334251446255729,2024,4,23,71022,Hasselt,Normaal,Onbekend,"Nacht, geen openbare verlichting aanwezig",met lichtgewonden,3,Fiets,6,Bromfiets,Buiten Kruispunt,Gemeenteweg,buiten bebouwde kom,Tussen 2 bestuurders: Flank tegen flank,Geen hindernis
46592,76,Heverlee teller 2,Leuven,50.84606,4.69597,2.4071558582176857,50.83637685379474,4.6653087529528126,2024,4,19,24086,Oud-Heverlee,Normaal,Droog,Dag,met lichtgewonden,9,personenauto,3,Fiets,Op Kruispunt,Gemeenteweg,binnen bebouwde kom,Tss. 2 best.: langs opzij (voor-/achterkant-flank),Geen hindernis
46592,108,Heverlee teller 1,Leuven,50.8471728,4.6954674,2.434204805242504,50.83637685379474,4.6653087529528126,2024,4,19,24086,Oud-Heverlee,Normaal,Droog,Dag,met lichtgewonden,9,personenauto,3,Fiets,Op Kruispunt,Gemeenteweg,binnen bebouwde kom,Tss. 2 best.: langs opzij (voor-/achterkant-flank),Geen hindernis
46596,12,Tervuren,Kraainem,50.81896,4.47803,2.33979150724212,50.82387259426718,4.510417966453782,2024,4,15,24104,Tervuren,Onbekend,Onbekend,Dag,met lichtgewonden,3,Fiets,9,personenauto,Buiten Kruispunt,Gemeenteweg,binnen bebouwde kom,Tss. 2 best.: langs opzij (voor-/achterkant-flank),Geen hindernis
46597,139,Houthalen-Helchteren,Houthalen-Helchteren,51.0644267,5.3819796,0.9151803879179952,51.056238225219985,5.383299924210799,2024,4,15,72039,Houthalen-Helchteren,"Andere (dikke rook,...)",Droog,Dag,met lichtgewonden,3,Fiets,9,personenauto,Op Kruispunt,Gewestweg,binnen bebouwde kom,Tss. 2 best.: langs opzij (voor-/achterkant-flank),Geen hindernis
46598,25,Bree,Bree,51.13679500160176,5.597669323604317,0.9144592122907755,51.14429033479491,5.603063268822466,2024,4,9,72004,Bree,Normaal,"Nat, plassen",Dag,met lichtgewonden,3,Fiets,10,"één bestuurder, geen hindernis",Buiten Kruispunt,Gewestweg,binnen bebouwde kom,"Eén bestuurder, geen hindernis (incl. val)",Geen hindernis
46599,139,Houthalen-Helchteren,Houthalen-Helchteren,51.0644267,5.3819796,1.9934394867166685,51.04973976032244,5.365623751666763,2024,4,12,72039,Houthalen-Helchteren,Normaal,Droog,Dag,met lichtgewonden,9,personenauto,3,Fiets,Op Kruispunt,Gewestweg,buiten bebouwde kom,Tss. 2 best.: langs opzij (voor-/achterkant-flank),Geen hindernis