crash_row_id,site_id,site_name,site_gemeente,site_lat,site_long,distance_km,crash_lat,crash_long,DT_YEAR_COLLISION,DT_MONTH_COLLISION,DT_TIME,CD_NIS,TX_MUNTY_COLLISION_NL,TX_WEATHER_NL,TX_ROAD_CONDITION_NL,TX_LIGHT_CONDITION_NL,TX_CLASS_ACCIDENTS_NL,CD_ROAD_USR_TYPE1,TX_ROAD_USR_TYPE1_NL,CD_ROAD_USR_TYPE2,TX_ROAD_USR_TYPE2_NL,TX_CROSSWAY_NL,CD_ROAD_TYPE_NL,TX_BUILD_UP_AREA_NL,TX_COLLISION_TYPE_NL,TX_OBSTACLES_NL
46602,14,Genk,Genk,50.97172,5.48927,1.170739096548635,50.964369829451115,5.501240524877552,2024,4,14,71016,Genk,Normaal,Droog,Dag,met zwaargewonden,9,personenauto,3,Fiets,Buiten Kruispunt,Gemeenteweg,binnen bebouwde kom,Tussen 2 bestuurders: Flank tegen flank,Geen hindernis
46603,25,Bree,Bree,51.13679500160176,5.597669323604317,1.5608621412872843,51.147485808172114,5.612168487025764,2024,4,11,72004,Bree,Normaal,Droog,Dag,met lichtgewonden,3,Fiets,10,"één bestuurder, geen hindernis",Op Kruispunt,Gemeenteweg,buiten bebouwde kom,"Eén bestuurder, geen hindernis (incl. val)",Geen hindernis
46604,48,As,As,51.00509,5.60389,2.4337769330690815,51.02603842625316,5.613971463145567,2024,4,15,71002,As,Normaal,Droog,Dag,met lichtgewonden,6,Bromfiets,3,Fiets,Buiten Kruispunt,Gemeenteweg,buiten bebouwde kom,Tss. 2 best.: langs opzij (voor-/achterkant-flank),Geen hindernis
46605,14,Genk,Genk,50.97172,5.48927,0.748460131857556,50.96545988479475,5.493197763502989,2024,4,11,71016,Genk,Normaal,Onbekend,Dag,met lichtgewonden,3,Fiets,10,"één bestuurder, geen hindernis",Buiten Kruispunt,Gemeenteweg,binnen bebouwde kom,"Eén bestuurder, geen hindernis (incl. val)",Geen hindernis
46606,25,Bree,Bree,51.13679500160176,5.597669323604317,1.0075081022757686,51.135806077979545,5.61202317456315,2024,4,6,72004,Bree,Normaal,Droog,Dageraad - schemering,met zwaargewonden,3,Fiets,3,Fiets,Op Kruispunt,Gewestweg,buiten bebouwde kom,Tussen 2 bestuurders: Frontale botsing,Geen hindernis
46607,25,Bree,Bree,51.13679500160176,5.597669323604317,0.9144592122907755,51.14429033479491,5.603063268822466,2024,4,9,72004,Bree,Normaal,Droog,Dag,met lichtgewonden,9,personenauto,3,Fiets,Buiten Kruispunt,Gewestweg,binnen bebouwde kom,Tss. 2 best.: langs opzij (voor-/achterkant-flank),Geen hindernis
46608,14,Genk,Genk,50.97172,5.48927,0.9267010284881809,50.964283637238665,5.483295440402385,2024,4,14,71016,Genk,Normaal,Droog,Dag,met lichtgewonden,9,personenauto,3,Fiets,Op Kruispunt,Gewestweg,binnen bebouwde kom,Tussen 2 bestuurders: Frontale botsing,Geen hindernis
46611,25,Bree,Bree,51.13679500160176,5.597669323604317,1.8999288842296935,51.1209119675506,5.587632299367031,2024,4,18,72004,Bree,Normaal,Droog,Dag,met lichtgewonden,3,Fiets,9,personenauto,Op Kruispunt,Gemeenteweg,binnen bebouwde kom,Tussen 2 bestuurders: Frontale botsing,Geen hindernis
46612,24,Tienen 1,Tienen,50.8133795491886,4.935044252605416,0.034249910040746456,50.81307182432447,4.9350654732827,2024,4,17,24107,Tienen,Normaal,Droog,Dag,met lichtgewonden,9,personenauto,3,Fiets,Op Kruispunt,Gewestweg,binnen bebouwde kom,Tss. 2 best.: langs opzij (voor-/achterkant-flank),Geen hindernis
46612,23,Tienen 3,Tienen,50.81324,4.93447,0.045826283805537445,50.81307182432447,4.9350654732827,2024,4,17,24107,Tienen,Normaal,Droog,Dag,met lichtgewonden,9,personenauto,3,Fiets,Op Kruispunt,Gewestweg,binnen bebouwde kom,Tss. 2 best.: langs opzij (voor-/achterkant-flank),Geen hindernis
46612,22,Tienen 2,Tienen,50.81330800184882,4.935984252796022,0.06968975775901734,50.81307182432447,4.9350654732827,2024,4,17,24107,Tienen,Normaal,Droog,Dag,met lichtgewonden,9,personenauto,3,Fiets,Op Kruispunt,Gewestweg,binnen bebouwde kom,Tss. 2 best.: langs opzij (voor-/achterkant-flank),Geen hindernis
46615,113,Deinze teller 2,Deinze,50.96018,3.55578,2.2562585470278647,50.97283961074332,3.5306003801196346,2024,4,13,44083,Deinze,Normaal,Droog,Dag,met lichtgewonden,3,Fiets,4,Vrachtwagen,Buiten Kruispunt,Gemeenteweg,binnen bebouwde kom,Tussen 2 bestuurders: Flank tegen flank,Geen hindernis
46615,114,Deinze teller 1,Nazareth,50.9598305,3.555502,2.2656949737755667,50.97283961074332,3.5306003801196346,2024,4,13,44083,Deinze,Normaal,Droog,Dag,met lichtgewonden,3,Fiets,4,Vrachtwagen,Buiten Kruispunt,Gemeenteweg,binnen bebouwde kom,Tussen 2 bestuurders: Flank tegen flank,Geen hindernis
46616,99,Mechelen teller 1,Mechelen,51.04564,4.46882,2.3072630096152986,51.03041664330629,4.491242946222364,2024,4,15,12025,Mechelen,Onbekend,Onbekend,Dag,met lichtgewonden,3,Fiets,6,Bromfiets,Buiten Kruispunt,Gewestweg,onbekend,Tussen 2 bestuurders: Frontale botsing,Geen hindernis
46616,100,Mechelen teller 2,Mechelen,51.0457,4.46883,2.3116875122317317,51.03041664330629,4.491242946222364,2024,4,15,12025,Mechelen,Onbekend,Onbekend,Dag,met lichtgewonden,3,Fiets,6,Bromfiets,Buiten Kruispunt,Gewestweg,onbekend,Tussen 2 bestuurders: Frontale botsing,Geen hindernis
46617,99,Mechelen teller 1,Mechelen,51.04564,4.46882,2.08019822040769,51.028316075894274,4.4800490962829835,2024,5,18,12025,Mechelen,Normaal,Droog,Dag,met lichtgewonden,3,Fiets,8,Voetganger,Buiten Kruispunt,Gemeenteweg,binnen bebouwde kom,Met een voetganger,Geen hindernis
46617,100,Mechelen teller 2,Mechelen,51.0457,4.46883,2.0861147294201015,51.028316075894274,4.4800490962829835,2024,5,18,12025,Mechelen,Normaal,Droog,Dag,met lichtgewonden,3,Fiets,8,Voetganger,Buiten Kruispunt,Gemeenteweg,binnen bebouwde kom,Met een voetganger,Geen hindernis
46618,99,Mechelen teller 1,Mechelen,51.04564,4.46882,1.8499913695839798,51.0394021147626,4.4442889880982,2024,5,8,12025,Mechelen,Normaal,Droog,Dag,met lichtgewonden,3,Fiets,9,personenauto,Op Kruispunt,Gewestweg,binnen bebouwde kom,Tussen 2 bestuurders: Frontale botsing,Geen hindernis
46618,100,Mechelen teller 2,Mechelen,51.0457,4.46883,1.8531493697719932,51.0394021147626,4.4442889880982,2024,5,8,12025,Mechelen,Normaal,Droog,Dag,met lichtgewonden,3,Fiets,9,personenauto,Op Kruispunt,Gewestweg,binnen bebouwde kom,Tussen 2 bestuurders: Frontale botsing,Geen hindernis
46621,99,Mechelen teller 1,Mechelen,51.04564,4.46882,2.3609817240900273,51.0414268626274,4.435720524994035,2024,5,16,12025,Mechelen,Normaal,Droog,Dag,met lichtgewonden,3,Fiets,9,personenauto,Buiten Kruispunt,Gewestweg,binnen bebouwde kom,Tss. 2 best.: langs opzij (voor-/achterkant-flank),Geen hindernis
46621,100,Mechelen teller 2,Mechelen,51.0457,4.46883,2.362997973718471,51.0414268626274,4.435720524994035,2024,5,16,12025,Mechelen,Normaal,Droog,Dag,met lichtgewonden,3,Fiets,9,personenauto,Buiten Kruispunt,Gewestweg,binnen bebouwde kom,Tss. 2 best.: langs opzij (voor-/achterkant-flank),Geen hindernis
46623,99,Mechelen teller 1,Mechelen,51.04564,4.46882,1.198547067765708,51.03771191545445,4.480434369035479,2024,5,9,12025,Mechelen,Regenval,"Nat, plassen",Dag,met lichtgewonden,3,Fiets,9,personenauto,Buiten Kruispunt,Gemeenteweg,binnen bebouwde kom,Tussen 2 bestuurders: Flank tegen flank,Geen hindernis
46623,100,Mechelen teller 2,Mechelen,51.0457,4.46883,1.2029907870103567,51.03771191545445,4.480434369035479,2024,5,9,12025,Mechelen,Regenval,"Nat, plassen",Dag,met lichtgewonden,3,Fiets,9,personenauto,Buiten Kruispunt,Gemeenteweg,binnen bebouwde kom,Tussen 2 bestuurders: Flank tegen flank,Geen hindernis
46626,99,Mechelen teller 1,Mechelen,51.04564,4.46882,1.3625980120256485,51.034127558611736,4.475497261398487,2024,4,20,12025,Mechelen,Normaal,"Nat, plassen",Dag,met lichtgewonden,9,personenauto,3,Fiets,Op Kruispunt,Gewestweg,binnen bebouwde kom,Tussen 2 bestuurders: Flank tegen flank,Geen hindernis
46626,100,Mechelen teller 2,Mechelen,51.0457,4.46883,1.3686294052901307,51.034127558611736,4.475497261398487,2024,4,20,12025,Mechelen,Normaal,"Nat, plassen",Dag,met lichtgewonden,9,personenauto,3,Fiets,Op Kruispunt,Gewestweg,binnen bebouwde kom,Tussen 2 bestuurders: Flank tegen flank,Geen hindernis
46628,99,Mechelen teller 1,Mechelen,51.04564,4.46882,0.6187153062020786,51.043919321355794,4.477236411950026,2024,4,17,12025,Mechelen,Normaal,Droog,Dag,met lichtgewonden,9,personenauto,3,Fiets,Op Kruispunt,Gewestweg,binnen bebouwde kom,Tussen 2 bestuurders: Flank tegen flank,Geen hindernis
46628,100,Mechelen teller 2,Mechelen,51.0457,4.46883,0.6201479684023816,51.043919321355794,4.477236411950026,2024,4,17,12025,Mechelen,Normaal,Droog,Dag,met lichtgewonden,9,personenauto,3,Fiets,Op Kruispunt,Gewestweg,binnen bebouwde kom,Tussen 2 bestuurders: Flank tegen flank,Geen hindernis
46632,109,Zemst,Zemst,50.9903936,4.4707023,1.847693250549294,51.00688477870673,4.473941575292401,2024,4,15,12025,Mechelen,Normaal,Droog,Dag,met lichtgewonden,6,Bromfiets,3,Fiets,Buiten Kruispunt,Gewestweg,buiten bebouwde kom,Tussen 2 bestuurders: Frontale botsing,Geen hindernis
46633,99,Mechelen teller 1,Mechelen,51.04564,4.46882,1.0885738896704271,51.03820100076261,4.458698282323609,2024,4,11,12025,Mechelen,Normaal,Droog,Dag,met lichtgewonden,6,Bromfiets,3,Fiets,Buiten Kruispunt,Gemeenteweg,buiten bebouwde kom,Tussen 2 bestuurders: Frontale botsing,Geen hindernis
46633,100,Mechelen teller 2,Mechelen,51.0457,4.46883,1.0941043499513508,51.03820100076261,4.458698282323609,2024,4,11,12025,Mechelen,Normaal,Droog,Dag,met lichtgewonden,6,Bromfiets,3,Fiets,Buiten Kruispunt,Gemeenteweg,buiten bebouwde kom,Tussen 2 bestuurders: Frontale botsing,Geen hindernis
46635,99,Mechelen teller 1,Mechelen,51.04564,4.46882,2.2708187951236365,51.02602374650696,4.477852141195359,2024,4,14,12025,Mechelen,Normaal,Droog,Dag,met lichtgewonden,3,Fiets,3,Fiets,Op Kruispunt,Gemeenteweg,binnen bebouwde kom,Tss. 2 best.: langs opzij (voor-/achterkant-flank),Geen hindernis
46635,100,Mechelen teller 2,Mechelen,51.0457,4.46883,2.2770340915272147,51.02602374650696,4.477852141195359,2024,4,14,12025,Mechelen,Normaal,Droog,Dag,met lichtgewonden,3,Fiets,3,Fiets,Op Kruispunt,Gemeenteweg,binnen bebouwde kom,Tss. 2 best.: langs opzij (voor-/achterkant-flank),Geen hindernis
46637,99,Mechelen teller 1,Mechelen,51.04564,4.46882,1.0147048807515822,51.03695219596552,4.473260719330423,2024,4,12,12025,Mechelen,Normaal,Droog,Dag,met lichtgewonden,9,personenauto,3,Fiets,Buiten Kruispunt,Gewestweg,binnen bebouwde kom,Tss. 2 best.: langs opzij (voor-/achterkant-flank),Geen hindernis
46637,100,Mechelen teller 2,Mechelen,51.0457,4.46883,1.0208462096303885,51.03695219596552,4.473260719330423,2024,4,12,12025,Mechelen,Normaal,Droog,Dag,met lichtgewonden,9,personenauto,3,Fiets,Buiten Kruispunt,Gewestweg,binnen bebouwde kom,Tss. 2 best.: langs opzij (voor-/achterkant-flank),Geen hindernis
46639,115,Aalter,Aalter,51.1058367,3.4350591,2.283645000026875,51.086336250704356,3.4247996314001474,2024,4,18,44084,Aalter,Normaal,Droog,Dag,met lichtgewonden,3,Fiets,3,Fiets,Buiten Kruispunt,Gemeenteweg,buiten bebouwde kom,Tussen 2 bestuurders: Flank tegen flank,Geen hindernis
46640,115,Aalter,Aalter,51.1058367,3.4350591,0.33700732334818684,51.10322842321805,3.4375173528413643,2024,4,0,44084,Aalter,Normaal,Droog,"Nacht, openbare verlichting aanwezig en ontstoken",met zwaargewonden,3,Fiets,11,een weggebruiker tegen een hindernis,Buiten Kruispunt,Gewestweg,binnen bebouwde kom,Weggebruiker tegen hindernis op de rijbaan,"Op de rijbaan: Put, straatgoot, tramspoor"
46646,17,Kortrijk 2,Kortrijk,50.83339,3.27773,0.842003985352394,50.83896254740841,3.2858483561922656,2024,5,16,34022,Kortrijk,Normaal,Droog,Dag,met lichtgewonden,3,Fiets,9,personenauto,Op Kruispunt,Gewestweg,buiten bebouwde kom,Tss. 2 best.: langs opzij (voor-/achterkant-flank),Geen hindernis
46646,16,Kortrijk 1,Kortrijk,50.83332,3.27777,0.8458622647531552,50.83896254740841,3.2858483561922656,2024,5,16,34022,Kortrijk,Normaal,Droog,Dag,met lichtgewonden,3,Fiets,9,personenauto,Op Kruispunt,Gewestweg,buiten bebouwde kom,Tss. 2 best.: langs opzij (voor-/achterkant-flank),Geen hindernis
46646,143,Eco Display Classic Budastraat,Kortrijk,50.83066,3.26286,1.8597124394367077,50.83896254740841,3.2858483561922656,2024,5,16,34022,Kortrijk,Normaal,Droog,Dag,met lichtgewonden,3,Fiets,9,personenauto,Op Kruispunt,Gewestweg,buiten bebouwde kom,Tss. 2 best.: langs opzij (voor-/achterkant-flank),Geen hindernis
46647,80,Wemmel teller 1,Wemmel,50.91418,4.29571,2.420911443546752,50.90001929445333,4.321935674527452,2024,5,6,23102,Wemmel,Normaal,Droog,Dageraad - schemering,met lichtgewonden,9,personenauto,3,Fiets,Op Kruispunt,Gemeenteweg,binnen bebouwde kom,Tss. 2 best.: langs opzij (voor-/achterkant-flank),Geen hindernis
46647,81,Wemmel teller 2,Wemmel,50.91439,4.29568,2.437748862304758,50.90001929445333,4.321935674527452,2024,5,6,23102,Wemmel,Normaal,Droog,Dageraad - schemering,met lichtgewonden,9,personenauto,3,Fiets,Op Kruispunt,Gemeenteweg,binnen bebouwde kom,Tss. 2 best.: langs opzij (voor-/achterkant-flank),Geen hindernis
46786,2,Brasschaat 2,Brasschaat,51.27512,4.47169,0.9765526675336255,51.272424480422885,4.458329289072176,2024,5,8,11008,Brasschaat,Onbekend,Onbekend,Dag,met lichtgewonden,6,Bromfiets,3,Fiets,Buiten Kruispunt,Gewestweg,binnen bebouwde kom,Tussen 2 bestuurders: Frontale botsing,Geen hindernis
46786,3,Brasschaat 1,Brasschaat,51.27503,4.47222,1.008786465221794,51.272424480422885,4.458329289072176,2024,5,8,11008,Brasschaat,Onbekend,Onbekend,Dag,met lichtgewonden,6,Bromfiets,3,Fiets,Buiten Kruispunt,Gewestweg,binnen bebouwde kom,Tussen 2 bestuurders: Frontale botsing,Geen hindernis
46787,3,Brasschaat 1,Brasschaat,51.27503,4.47222,1.902121267918257,51.28943201144349,4.4869774941122165,2024,5,5,11008,Brasschaat,Regenval,"Nat, plassen",Dag,met lichtgewonden,9,personenauto,3,Fiets,Buiten Kruispunt,Gemeenteweg,binnen bebouwde kom,Tss. 2 best.: langs opzij (voor-/achterkant-flank),Geen hindernis
46787,2,Brasschaat 2,Brasschaat,51.27512,4.47169,1.913932844184335,51.28943201144349,4.4869774941122165,2024,5,5,11008,Brasschaat,Regenval,"Nat, plassen",Dag,met lichtgewonden,9,personenauto,3,Fiets,Buiten Kruispunt,Gemeenteweg,binnen bebouwde kom,Tss. 2 best.: langs opzij (voor-/achterkant-flank),Geen hindernis
46789,2,Brasschaat 2,Brasschaat,51.27512,4.47169,2.424968817001607,51.29248237066764,4.450591175295529,2024,5,8,11008,Brasschaat,Normaal,Droog,Dag,met lichtgewonden,3,Fiets,3,Fiets,Op Kruispunt,Gemeenteweg,binnen bebouwde kom,Tss. 2 best.: langs opzij (voor-/achterkant-flank),Geen hindernis
46789,3,Brasschaat 1,Brasschaat,51.27503,4.47222,2.4553525234539335,51.29248237066764,4.450591175295529,2024,5,8,11008,Brasschaat,Normaal,Droog,Dag,met lichtgewonden,3,Fiets,3,Fiets,Op Kruispunt,Gemeenteweg,binnen bebouwde kom,Tss. 2 best.: langs opzij (voor-/achterkant-flank),Geen hindernis
46790,2,Brasschaat 2,Brasschaat,51.27512,4.47169,1.788900553841976,51.2907167621607,4.465382646888133,2024,5,17,11008,Brasschaat,Normaal,Droog,Dag,met zwaargewonden,3,Fiets,3,Fiets,Buiten Kruispunt,Gemeenteweg,buiten bebouwde kom,Tussen 2 bestuurders: Flank tegen flank,Geen hindernis
46790,3,Brasschaat 1,Brasschaat,51.27503,4.47222,1.8079481647456364,51.2907167621607,4.465382646888133,2024,5,17,11008,Brasschaat,Normaal,Droog,Dag,met zwaargewonden,3,Fiets,3,Fiets,Buiten Kruispunt,Gemeenteweg,buiten bebouwde kom,Tussen 2 bestuurders: Flank tegen flank,Geen hindernis
46797,2,Brasschaat 2,Brasschaat,51.27512,4.47169,1.7793027503556205,51.25983261749996,4.46413435316209,2024,5,8,11040,Schoten,Normaal,Droog,Dag,dodelijk gewonden,9,personenauto,3,Fiets,Op Kruispunt,Gewestweg,binnen bebouwde kom,Tss. 2 best.: langs opzij (voor-/achterkant-flank),Geen hindernis
46797,3,Brasschaat 1,Brasschaat,51.27503,4.47222,1.7810452731267852,51.25983261749996,4.46413435316209,2024,5,8,11040,Schoten,Normaal,Droog,Dag,dodelijk gewonden,9,personenauto,3,Fiets,Op Kruispunt,Gewestweg,binnen bebouwde kom,Tss. 2 best.: langs opzij (voor-/achterkant-flank),Geen hindernis
46812,100,Mechelen teller 2,Mechelen,51.0457,4.46883,1.3035106999493664,51.055094279628484,4.479984560919619,2024,5,8,12035,Sint-Katelijne-Waver,Normaal,Droog,Dag,met lichtgewonden,9,personenauto,3,Fiets,Buiten Kruispunt,Gewestweg,buiten bebouwde kom,Tss. 2 best.: langs opzij (voor-/achterkant-flank),Geen hindernis
46812,99,Mechelen teller 1,Mechelen,51.04564,4.46882,1.3092801279362987,51.055094279628484,4.479984560919619,2024,5,8,12035,Sint-Katelijne-Waver,Normaal,Droog,Dag,met lichtgewonden,9,personenauto,3,Fiets,Buiten Kruispunt,Gewestweg,buiten bebouwde kom,Tss. 2 best.: langs opzij (voor-/achterkant-flank),Geen hindernis
46814,96,Lier teller 2,Lier,51.11705,4.58444,2.056960271908983,51.13335738243538,4.570525046373572,2024,5,19,12021,Lier,Normaal,Droog,Dag,met lichtgewonden,3,Fiets,6,Bromfiets,Buiten Kruispunt,Gewestweg,binnen bebouwde kom,Tss. 2 best.: langs opzij (voor-/achterkant-flank),Geen hindernis
46814,95,Lier teller 1,Lier,51.11687,4.58437,2.0723446427510726,51.13335738243538,4.570525046373572,2024,5,19,12021,Lier,Normaal,Droog,Dag,met lichtgewonden,3,Fiets,6,Bromfiets,Buiten Kruispunt,Gewestweg,binnen bebouwde kom,Tss. 2 best.: langs opzij (voor-/achterkant-flank),Geen hindernis
46816,96,Lier teller 2,Lier,51.11705,4.58444,2.3095661558487683,51.1325167977719,4.5623516695369055,2024,5,12,12021,Lier,Normaal,Droog,Dag,met lichtgewonden,3,Fiets,9,personenauto,Op Kruispunt,Gemeenteweg,binnen bebouwde kom,Tss. 2 best.: langs opzij (voor-/achterkant-flank),Geen hindernis
46816,95,Lier teller 1,Lier,51.11687,4.58437,2.32127405575536,51.1325167977719,4.5623516695369055,2024,5,12,12021,Lier,Normaal,Droog,Dag,met lichtgewonden,3,Fiets,9,personenauto,Op Kruispunt,Gemeenteweg,binnen bebouwde kom,Tss. 2 best.: langs opzij (voor-/achterkant-flank),Geen hindernis
46817,96,Lier teller 2,Lier,51.11705,4.58444,1.2681952086309274,51.128373250016054,4.586613777261668,2024,5,13,12021,Lier,Normaal,Droog,Dag,met lichtgewonden,3,Fiets,4,Vrachtwagen,Op Kruispunt,Gewestweg,binnen bebouwde kom,Tussen 2 bestuurders: Langs achteren,Geen hindernis
46817,95,Lier teller 1,Lier,51.11687,4.58437,1.2886533768115895,51.128373250016054,4.586613777261668,2024,5,13,12021,Lier,Normaal,Droog,Dag,met lichtgewonden,3,Fiets,4,Vrachtwagen,Op Kruispunt,Gewestweg,binnen bebouwde kom,Tussen 2 bestuurders: Langs achteren,Geen hindernis
46820,9,Heist op den Berg 2,Heist-op-den-Berg,51.06904,4.69524,1.1607187262653755,51.0733327857948,4.710382814559807,2024,5,6,12014,Heist-op-den-Berg,Normaal,Droog,Dag,met lichtgewonden,9,personenauto,3,Fiets,Op Kruispunt,Gewestweg,binnen bebouwde kom,Tussen 2 bestuurders: Frontale botsing,Geen hindernis
46820,8,Heist op den Berg 1,Heist-op-den-Berg,51.06759,4.68823,1.6743865337501038,51.0733327857948,4.710382814559807,2024,5,6,12014,Heist-op-den-Berg,Normaal,Droog,Dag,met lichtgewonden,9,personenauto,3,Fiets,Op Kruispunt,Gewestweg,binnen bebouwde kom,Tussen 2 bestuurders: Frontale botsing,Geen hindernis
46826,133,Gierde Lille Totem,Lille,51.2453915,4.8297416,1.3034049913105115,51.25240985262662,4.8147425675589135,2024,5,12,13019,Lille,Onbekend,Onbekend,Dag,met lichtgewonden,8,Voetganger,3,Fiets,Buiten Kruispunt,Gewestweg,binnen bebouwde kom,Met een voetganger,Geen hindernis
46826,132,Gierde lille,Lille,51.245445,4.8298851,1.3078863652180603,51.25240985262662,4.8147425675589135,2024,5,12,13019,Lille,Onbekend,Onbekend,Dag,met lichtgewonden,8,Voetganger,3,Fiets,Buiten Kruispunt,Gewestweg,binnen bebouwde kom,Met een voetganger,Geen hindernis
46828,133,Gierde Lille Totem,Lille,51.2453915,4.8297416,2.04194549178536,51.2277257251827,4.821732723141179,2024,5,16,13019,Lille,Normaal,Droog,Dag,met lichtgewonden,9,personenauto,3,Fiets,Op Kruispunt,Gemeenteweg,binnen bebouwde kom,Tss. 2 best.: langs opzij (voor-/achterkant-flank),Geen hindernis
46828,132,Gierde lille,Lille,51.245445,4.8298851,2.0504118104773195,51.2277257251827,4.821732723141179,2024,5,16,13019,Lille,Normaal,Droog,Dag,met lichtgewonden,9,personenauto,3,Fiets,Op Kruispunt,Gemeenteweg,binnen bebouwde kom,Tss. 2 best.: langs opzij (voor-/achterkant-flank),Geen hindernis
46835,112,Geel teller 2,Westerlo,51.1354992,4.9394789,1.8919056494149789,51.136261873735926,4.912390651580618,2024,5,10,13049,Westerlo,Normaal,Droog,Dag,met lichtgewonden,9,personenauto,3,Fiets,Op Kruispunt,Gemeenteweg,binnen bebouwde kom,Tss. 2 best.: langs opzij (voor-/achterkant-flank),Geen hindernis
46835,127,Geel totem,Westerlo,51.1342966,4.9400421,1.9416613149958108,51.136261873735926,4.912390651580618,2024,5,10,13049,Westerlo,Normaal,Droog,Dag,met lichtgewonden,9,personenauto,3,Fiets,Op Kruispunt,Gemeenteweg,binnen bebouwde kom,Tss. 2 best.: langs opzij (voor-/achterkant-flank),Geen hindernis
46836,88,Westerlo teller 1,Westerlo,51.082,4.91325,0.09000094064025192,51.08277093069886,4.9128575182116005,2024,5,15,13049,Westerlo,Normaal,Droog,Dag,met zwaargewonden,3,Fiets,3,Fiets,Op Kruispunt,Gewestweg,binnen bebouwde kom,Tussen 2 bestuurders: Frontale botsing,Geen hindernis
46836,89,Westerlo teller 2,Westerlo,51.08191,4.91334,0.10149052371023531,51.08277093069886,4.9128575182116005,2024,5,15,13049,Westerlo,Normaal,Droog,Dag,met zwaargewonden,3,Fiets,3,Fiets,Op Kruispunt,Gewestweg,binnen bebouwde kom,Tussen 2 bestuurders: Frontale botsing,Geen hindernis
46837,127,Geel totem,Westerlo,51.1342966,4.9400421,1.631752472003298,51.12496335198496,4.95808688476359,2024,5,7,13008,Geel,Normaal,"Nat, plassen",Dag,met lichtgewonden,3,Fiets,4,Vrachtwagen,Buiten Kruispunt,Gemeenteweg,buiten bebouwde kom,Tss. 2 best.: langs opzij (voor-/achterkant-flank),Geen hindernis
46837,112,Geel teller 2,Westerlo,51.1354992,4.9394789,1.7488658481127977,51.12496335198496,4.95808688476359,2024,5,7,13008,Geel,Normaal,"Nat, plassen",Dag,met lichtgewonden,3,Fiets,4,Vrachtwagen,Buiten Kruispunt,Gemeenteweg,buiten bebouwde kom,Tss. 2 best.: langs opzij (voor-/achterkant-flank),Geen hindernis
46839,97,Geel teller 1,Geel,51.14813,4.99698,2.330097147591555,51.12920259952007,5.011312391968712,2024,5,7,13008,Geel,Onbekend,Onbekend,Dag,met lichtgewonden,3,Fiets,9,personenauto,Op Kruispunt,Gewestweg,binnen bebouwde kom,Tss. 2 best.: langs opzij (voor-/achterkant-flank),Geen hindernis
46839,98,Geel teller 2,Geel,51.1481,4.99643,2.3438292714862805,51.12920259952007,5.011312391968712,2024,5,7,13008,Geel,Onbekend,Onbekend,Dag,met lichtgewonden,3,Fiets,9,personenauto,Op Kruispunt,Gewestweg,binnen bebouwde kom,Tss. 2 best.: langs opzij (voor-/achterkant-flank),Geen hindernis
46843,98,Geel teller 2,Geel,51.1481,4.99643,1.2613190088127595,51.15868090449325,4.989911851540961,2024,5,21,13008,Geel,Normaal,Droog,"Nacht, openbare verlichting aanwezig en ontstoken",met lichtgewonden,3,Fiets,9,personenauto,Buiten Kruispunt,Gemeenteweg,binnen bebouwde kom,Tussen 2 bestuurders: Frontale botsing,Geen hindernis
46843,97,Geel teller 1,Geel,51.14813,4.99698,1.2725708345212803,51.15868090449325,4.989911851540961,2024,5,21,13008,Geel,Normaal,Droog,"Nacht, openbare verlichting aanwezig en ontstoken",met lichtgewonden,3,Fiets,9,personenauto,Buiten Kruispunt,Gemeenteweg,binnen bebouwde kom,Tussen 2 bestuurders: Frontale botsing,Geen hindernis
46844,98,Geel teller 2,Geel,51.1481,4.99643,1.486571284570609,51.16031467331832,4.9877657177423504,2024,5,10,13008,Geel,Normaal,Droog,Dag,met lichtgewonden,9,personenauto,3,Fiets,Op Kruispunt,Gemeenteweg,binnen bebouwde kom,Tussen 2 bestuurders: Langs achteren,Geen hindernis
46844,97,Geel teller 1,Geel,51.14813,4.99698,1.49955826387295,51.16031467331832,4.9877657177423504,2024,5,10,13008,Geel,Normaal,Droog,Dag,met lichtgewonden,9,personenauto,3,Fiets,Op Kruispunt,Gemeenteweg,binnen bebouwde kom,Tussen 2 bestuurders: Langs achteren,Geen hindernis
46852,135,Retie 2,Dessel,51.2544998,5.1040064,2.0828064257353844,51.23730410968914,5.115871340848468,2024,5,14,13006,Dessel,Normaal,Droog,Dag,met lichtgewonden,9,personenauto,3,Fiets,Op Kruispunt,Gemeenteweg,binnen bebouwde kom,Tss. 2 best.: langs opzij (voor-/achterkant-flank),Geen hindernis
46852,134,Retie,Dessel,51.2548405,5.1037658,2.124224391991241,51.23730410968914,5.115871340848468,2024,5,14,13006,Dessel,Normaal,Droog,Dag,met lichtgewonden,9,personenauto,3,Fiets,Op Kruispunt,Gemeenteweg,binnen bebouwde kom,Tss. 2 best.: langs opzij (voor-/achterkant-flank),Geen hindernis
46856,38,Lommel teller 2,Lommel,51.23277,5.29189,1.8223362031895374,51.224066398355546,5.314065255180049,2024,5,11,72020,Lommel,Normaal,Droog,Dag,met lichtgewonden,9,personenauto,3,Fiets,Op Kruispunt,Gewestweg,binnen bebouwde kom,Tss. 2 best.: langs opzij (voor-/achterkant-flank),Geen hindernis
46856,37,Lommel teller 1,Lommel,51.23299,5.29211,1.8225730790010182,51.224066398355546,5.314065255180049,2024,5,11,72020,Lommel,Normaal,Droog,Dag,met lichtgewonden,9,personenauto,3,Fiets,Op Kruispunt,Gewestweg,binnen bebouwde kom,Tss. 2 best.: langs opzij (voor-/achterkant-flank),Geen hindernis