crash_row_id,site_id,site_name,site_gemeente,site_lat,site_long,distance_km,crash_lat,crash_long,DT_YEAR_COLLISION,DT_MONTH_COLLISION,DT_TIME,CD_NIS,TX_MUNTY_COLLISION_NL,TX_WEATHER_NL,TX_ROAD_CONDITION_NL,TX_LIGHT_CONDITION_NL,TX_CLASS_ACCIDENTS_NL,CD_ROAD_USR_TYPE1,TX_ROAD_USR_TYPE1_NL,CD_ROAD_USR_TYPE2,TX_ROAD_USR_TYPE2_NL,TX_CROSSWAY_NL,CD_ROAD_TYPE_NL,TX_BUILD_UP_AREA_NL,TX_COLLISION_TYPE_NL,TX_OBSTACLES_NL
46857,38,Lommel teller 2,Lommel,51.23277,5.29189,0.4974962233956807,51.22893304847294,5.28821512139098,2024,5,18,72020,Lommel,Normaal,Droog,Dag,met lichtgewonden,9,personenauto,3,Fiets,Op Kruispunt,Gemeenteweg,binnen bebouwde kom,Tss. 2 best.: langs opzij (voor-/achterkant-flank),Geen hindernis
46857,37,Lommel teller 1,Lommel,51.23299,5.29211,0.5263540077872275,51.22893304847294,5.28821512139098,2024,5,18,72020,Lommel,Normaal,Droog,Dag,met lichtgewonden,9,personenauto,3,Fiets,Op Kruispunt,Gemeenteweg,binnen bebouwde kom,Tss. 2 best.: langs opzij (voor-/achterkant-flank),Geen hindernis
46858,37,Lommel teller 1,Lommel,51.23299,5.29211,1.7611827461917517,51.23035572746448,5.3170521466143965,2024,5,17,72020,Lommel,Normaal,Droog,Dag,met lichtgewonden,3,Fiets,10,"één bestuurder, geen hindernis",Buiten Kruispunt,Gemeenteweg,binnen bebouwde kom,"Eén bestuurder, geen hindernis (incl. val)",Geen hindernis
46858,38,Lommel teller 2,Lommel,51.23277,5.29189,1.7724235594743116,51.23035572746448,5.3170521466143965,2024,5,17,72020,Lommel,Normaal,Droog,Dag,met lichtgewonden,3,Fiets,10,"één bestuurder, geen hindernis",Buiten Kruispunt,Gemeenteweg,binnen bebouwde kom,"Eén bestuurder, geen hindernis (incl. val)",Geen hindernis
46859,37,Lommel teller 1,Lommel,51.23299,5.29211,0.08068944794526463,51.232944934016956,5.29326667299329,2024,5,13,72020,Lommel,Normaal,Droog,Dag,met lichtgewonden,3,Fiets,9,personenauto,Buiten Kruispunt,Gewestweg,buiten bebouwde kom,Tss. 2 best.: langs opzij (voor-/achterkant-flank),Geen hindernis
46859,38,Lommel teller 2,Lommel,51.23277,5.29189,0.09780531202260152,51.232944934016956,5.29326667299329,2024,5,13,72020,Lommel,Normaal,Droog,Dag,met lichtgewonden,3,Fiets,9,personenauto,Buiten Kruispunt,Gewestweg,buiten bebouwde kom,Tss. 2 best.: langs opzij (voor-/achterkant-flank),Geen hindernis
46860,46,Pelt teller 2,Pelt,51.231,5.44375,1.0742169940683304,51.229801868187366,5.459058576102745,2024,5,7,72043,Pelt,Normaal,Droog,Dag,met lichtgewonden,3,Fiets,3,Fiets,Op Kruispunt,Gemeenteweg,buiten bebouwde kom,Tussen 2 bestuurders: Frontale botsing,Geen hindernis
46860,45,Pelt teller 1,Pelt,51.23127,5.44377,1.0769724343779612,51.229801868187366,5.459058576102745,2024,5,7,72043,Pelt,Normaal,Droog,Dag,met lichtgewonden,3,Fiets,3,Fiets,Op Kruispunt,Gemeenteweg,buiten bebouwde kom,Tussen 2 bestuurders: Frontale botsing,Geen hindernis
46874,39,Peer teller 1,Peer,51.13425,5.47817,1.4360864383940755,51.12970595038698,5.458905154766421,2024,5,23,72030,Peer,Normaal,Proper,"Nacht, openbare verlichting aanwezig en ontstoken",met lichtgewonden,3,Fiets,9,personenauto,Buiten Kruispunt,Gemeenteweg,binnen bebouwde kom,Tussen 2 bestuurders: Langs achteren,Geen hindernis
46874,40,Peer teller 2,Peer,51.13438,5.47892,1.4901658524378683,51.12970595038698,5.458905154766421,2024,5,23,72030,Peer,Normaal,Proper,"Nacht, openbare verlichting aanwezig en ontstoken",met lichtgewonden,3,Fiets,9,personenauto,Buiten Kruispunt,Gemeenteweg,binnen bebouwde kom,Tussen 2 bestuurders: Langs achteren,Geen hindernis
46887,29,Tongeren,Tongeren,50.79286,5.52825,1.8018525208834748,50.797904862636805,5.5526121919079925,2024,5,15,73066,Riemst,Normaal,Droog,Dag,met lichtgewonden,9,personenauto,3,Fiets,Buiten Kruispunt,Gewestweg,buiten bebouwde kom,Tss. 2 best.: langs opzij (voor-/achterkant-flank),Geen hindernis
46889,151,Leuven,District Leuven,50.8690262,4.6854839,0.937712782906,50.868993830934606,4.698846365852321,2024,5,18,24062,Leuven,Normaal,Droog,Dag,met lichtgewonden,1,Autobus,3,Fiets,Buiten Kruispunt,Gemeenteweg,binnen bebouwde kom,Tussen 2 bestuurders: Flank tegen flank,Geen hindernis
46889,69,Leuven teller 1,Leuven,50.87549,4.71526,1.3595156908311286,50.868993830934606,4.698846365852321,2024,5,18,24062,Leuven,Normaal,Droog,Dag,met lichtgewonden,1,Autobus,3,Fiets,Buiten Kruispunt,Gemeenteweg,binnen bebouwde kom,Tussen 2 bestuurders: Flank tegen flank,Geen hindernis
46889,77,Leuven teller 2,Leuven,50.88672,4.70796,2.0721827377753077,50.868993830934606,4.698846365852321,2024,5,18,24062,Leuven,Normaal,Droog,Dag,met lichtgewonden,1,Autobus,3,Fiets,Buiten Kruispunt,Gemeenteweg,binnen bebouwde kom,Tussen 2 bestuurders: Flank tegen flank,Geen hindernis
46889,107,leuven totem,Leuven,50.8870744,4.7087919,2.128118674377885,50.868993830934606,4.698846365852321,2024,5,18,24062,Leuven,Normaal,Droog,Dag,met lichtgewonden,1,Autobus,3,Fiets,Buiten Kruispunt,Gemeenteweg,binnen bebouwde kom,Tussen 2 bestuurders: Flank tegen flank,Geen hindernis
46889,108,Heverlee teller 1,Leuven,50.8471728,4.6954674,2.4379519129240794,50.868993830934606,4.698846365852321,2024,5,18,24062,Leuven,Normaal,Droog,Dag,met lichtgewonden,1,Autobus,3,Fiets,Buiten Kruispunt,Gemeenteweg,binnen bebouwde kom,Tussen 2 bestuurders: Flank tegen flank,Geen hindernis
46890,77,Leuven teller 2,Leuven,50.88672,4.70796,0.504216831227184,50.88850705392212,4.701353699246687,2024,5,11,24062,Leuven,Regenval,"Nat, plassen",Dag,met lichtgewonden,3,Fiets,9,personenauto,Op Kruispunt,Gemeenteweg,binnen bebouwde kom,Tussen 2 bestuurders: Langs achteren,Geen hindernis
46890,107,leuven totem,Leuven,50.8870744,4.7087919,0.5455399697570175,50.88850705392212,4.701353699246687,2024,5,11,24062,Leuven,Regenval,"Nat, plassen",Dag,met lichtgewonden,3,Fiets,9,personenauto,Op Kruispunt,Gemeenteweg,binnen bebouwde kom,Tussen 2 bestuurders: Langs achteren,Geen hindernis
46890,69,Leuven teller 1,Leuven,50.87549,4.71526,1.7455213503266307,50.88850705392212,4.701353699246687,2024,5,11,24062,Leuven,Regenval,"Nat, plassen",Dag,met lichtgewonden,3,Fiets,9,personenauto,Op Kruispunt,Gemeenteweg,binnen bebouwde kom,Tussen 2 bestuurders: Langs achteren,Geen hindernis
46890,151,Leuven,District Leuven,50.8690262,4.6854839,2.435572708519579,50.88850705392212,4.701353699246687,2024,5,11,24062,Leuven,Regenval,"Nat, plassen",Dag,met lichtgewonden,3,Fiets,9,personenauto,Op Kruispunt,Gemeenteweg,binnen bebouwde kom,Tussen 2 bestuurders: Langs achteren,Geen hindernis
46891,151,Leuven,District Leuven,50.8690262,4.6854839,0.4885349218577215,50.872075206426956,4.6904964450945394,2024,5,11,24062,Leuven,Regenval,"Nat, plassen",Dag,met lichtgewonden,9,personenauto,3,Fiets,Op Kruispunt,Gewestweg,binnen bebouwde kom,Tss. 2 best.: langs opzij (voor-/achterkant-flank),Geen hindernis
46891,69,Leuven teller 1,Leuven,50.87549,4.71526,1.7785989407002316,50.872075206426956,4.6904964450945394,2024,5,11,24062,Leuven,Regenval,"Nat, plassen",Dag,met lichtgewonden,9,personenauto,3,Fiets,Op Kruispunt,Gewestweg,binnen bebouwde kom,Tss. 2 best.: langs opzij (voor-/achterkant-flank),Geen hindernis
46891,77,Leuven teller 2,Leuven,50.88672,4.70796,2.0378788425188907,50.872075206426956,4.6904964450945394,2024,5,11,24062,Leuven,Regenval,"Nat, plassen",Dag,met lichtgewonden,9,personenauto,3,Fiets,Op Kruispunt,Gewestweg,binnen bebouwde kom,Tss. 2 best.: langs opzij (voor-/achterkant-flank),Geen hindernis
46891,107,leuven totem,Leuven,50.8870744,4.7087919,2.1045813423703383,50.872075206426956,4.6904964450945394,2024,5,11,24062,Leuven,Regenval,"Nat, plassen",Dag,met lichtgewonden,9,personenauto,3,Fiets,Op Kruispunt,Gewestweg,binnen bebouwde kom,Tss. 2 best.: langs opzij (voor-/achterkant-flank),Geen hindernis
46892,108,Heverlee teller 1,Leuven,50.8471728,4.6954674,0.565857418704215,50.85226079897239,4.695617209715372,2024,5,19,24062,Leuven,Normaal,Droog,Dageraad - schemering,met lichtgewonden,3,Fiets,9,personenauto,Buiten Kruispunt,Gewestweg,binnen bebouwde kom,Tussen 2 bestuurders: Frontale botsing,Geen hindernis
46892,76,Heverlee teller 2,Leuven,50.84606,4.69597,0.6899420799590659,50.85226079897239,4.695617209715372,2024,5,19,24062,Leuven,Normaal,Droog,Dageraad - schemering,met lichtgewonden,3,Fiets,9,personenauto,Buiten Kruispunt,Gewestweg,binnen bebouwde kom,Tussen 2 bestuurders: Frontale botsing,Geen hindernis
46892,151,Leuven,District Leuven,50.8690262,4.6854839,1.9952921030987947,50.85226079897239,4.695617209715372,2024,5,19,24062,Leuven,Normaal,Droog,Dageraad - schemering,met lichtgewonden,3,Fiets,9,personenauto,Buiten Kruispunt,Gewestweg,binnen bebouwde kom,Tussen 2 bestuurders: Frontale botsing,Geen hindernis
46893,107,leuven totem,Leuven,50.8870744,4.7087919,0.09124006759560996,50.88653942239095,4.709778123625972,2024,5,8,24062,Leuven,Normaal,Droog,Dag,met lichtgewonden,3,Fiets,3,Fiets,Buiten Kruispunt,Gewestweg,binnen bebouwde kom,Tussen 2 bestuurders: Langs achteren,Geen hindernis
46893,77,Leuven teller 2,Leuven,50.88672,4.70796,0.12910883945700738,50.88653942239095,4.709778123625972,2024,5,8,24062,Leuven,Normaal,Droog,Dag,met lichtgewonden,3,Fiets,3,Fiets,Buiten Kruispunt,Gewestweg,binnen bebouwde kom,Tussen 2 bestuurders: Langs achteren,Geen hindernis
46893,69,Leuven teller 1,Leuven,50.87549,4.71526,1.2874255731516102,50.88653942239095,4.709778123625972,2024,5,8,24062,Leuven,Normaal,Droog,Dag,met lichtgewonden,3,Fiets,3,Fiets,Buiten Kruispunt,Gewestweg,binnen bebouwde kom,Tussen 2 bestuurders: Langs achteren,Geen hindernis
46894,107,leuven totem,Leuven,50.8870744,4.7087919,0.2909199183332885,50.885538010391784,4.712148705454826,2024,5,23,24062,Leuven,Normaal,Droog,"Nacht, openbare verlichting aanwezig en ontstoken",met lichtgewonden,3,Fiets,10,"één bestuurder, geen hindernis",Buiten Kruispunt,Gewestweg,binnen bebouwde kom,"Eén bestuurder, geen hindernis (incl. val)",Geen hindernis
46894,77,Leuven teller 2,Leuven,50.88672,4.70796,0.32188802661323035,50.885538010391784,4.712148705454826,2024,5,23,24062,Leuven,Normaal,Droog,"Nacht, openbare verlichting aanwezig en ontstoken",met lichtgewonden,3,Fiets,10,"één bestuurder, geen hindernis",Buiten Kruispunt,Gewestweg,binnen bebouwde kom,"Eén bestuurder, geen hindernis (incl. val)",Geen hindernis
46894,69,Leuven teller 1,Leuven,50.87549,4.71526,1.1384103565135417,50.885538010391784,4.712148705454826,2024,5,23,24062,Leuven,Normaal,Droog,"Nacht, openbare verlichting aanwezig en ontstoken",met lichtgewonden,3,Fiets,10,"één bestuurder, geen hindernis",Buiten Kruispunt,Gewestweg,binnen bebouwde kom,"Eén bestuurder, geen hindernis (incl. val)",Geen hindernis
46895,69,Leuven teller 1,Leuven,50.87549,4.71526,0.42483575669619056,50.87257842914785,4.719180387567584,2024,5,17,24062,Leuven,Normaal,Droog,Dag,met lichtgewonden,3,Fiets,9,personenauto,Op Kruispunt,Gewestweg,binnen bebouwde kom,Tss. 2 best.: langs opzij (voor-/achterkant-flank),Geen hindernis
46895,77,Leuven teller 2,Leuven,50.88672,4.70796,1.7585104792397586,50.87257842914785,4.719180387567584,2024,5,17,24062,Leuven,Normaal,Droog,Dag,met lichtgewonden,3,Fiets,9,personenauto,Op Kruispunt,Gewestweg,binnen bebouwde kom,Tss. 2 best.: langs opzij (voor-/achterkant-flank),Geen hindernis
46895,107,leuven totem,Leuven,50.8870744,4.7087919,1.7689992066946703,50.87257842914785,4.719180387567584,2024,5,17,24062,Leuven,Normaal,Droog,Dag,met lichtgewonden,3,Fiets,9,personenauto,Op Kruispunt,Gewestweg,binnen bebouwde kom,Tss. 2 best.: langs opzij (voor-/achterkant-flank),Geen hindernis
46895,151,Leuven,District Leuven,50.8690262,4.6854839,2.3973109380425406,50.87257842914785,4.719180387567584,2024,5,17,24062,Leuven,Normaal,Droog,Dag,met lichtgewonden,3,Fiets,9,personenauto,Op Kruispunt,Gewestweg,binnen bebouwde kom,Tss. 2 best.: langs opzij (voor-/achterkant-flank),Geen hindernis
46896,151,Leuven,District Leuven,50.8690262,4.6854839,0.4885349218577215,50.872075206426956,4.6904964450945394,2024,5,22,24062,Leuven,Regenval,"Nat, plassen","Nacht, openbare verlichting aanwezig en ontstoken",met lichtgewonden,9,personenauto,3,Fiets,Op Kruispunt,Gewestweg,buiten bebouwde kom,Tss. 2 best.: langs opzij (voor-/achterkant-flank),Geen hindernis
46896,69,Leuven teller 1,Leuven,50.87549,4.71526,1.7785989407002316,50.872075206426956,4.6904964450945394,2024,5,22,24062,Leuven,Regenval,"Nat, plassen","Nacht, openbare verlichting aanwezig en ontstoken",met lichtgewonden,9,personenauto,3,Fiets,Op Kruispunt,Gewestweg,buiten bebouwde kom,Tss. 2 best.: langs opzij (voor-/achterkant-flank),Geen hindernis
46896,77,Leuven teller 2,Leuven,50.88672,4.70796,2.0378788425188907,50.872075206426956,4.6904964450945394,2024,5,22,24062,Leuven,Regenval,"Nat, plassen","Nacht, openbare verlichting aanwezig en ontstoken",met lichtgewonden,9,personenauto,3,Fiets,Op Kruispunt,Gewestweg,buiten bebouwde kom,Tss. 2 best.: langs opzij (voor-/achterkant-flank),Geen hindernis
46896,107,leuven totem,Leuven,50.8870744,4.7087919,2.1045813423703383,50.872075206426956,4.6904964450945394,2024,5,22,24062,Leuven,Regenval,"Nat, plassen","Nacht, openbare verlichting aanwezig en ontstoken",met lichtgewonden,9,personenauto,3,Fiets,Op Kruispunt,Gewestweg,buiten bebouwde kom,Tss. 2 best.: langs opzij (voor-/achterkant-flank),Geen hindernis
46897,151,Leuven,District Leuven,50.8690262,4.6854839,0.907322082841685,50.86688479036696,4.673007876591647,2024,5,18,24062,Leuven,Normaal,Droog,Dag,met lichtgewonden,3,Fiets,3,Fiets,Buiten Kruispunt,Gewestweg,binnen bebouwde kom,Tussen 2 bestuurders: Flank tegen flank,Geen hindernis
46898,72,Herent teller 1,Herent,50.89135,4.64689,2.2514950872052824,50.90332774979241,4.672774265924378,2024,5,16,24038,Herent,Regenval,"Nat, plassen",Dag,met lichtgewonden,3,Fiets,3,Fiets,Buiten Kruispunt,Gemeenteweg,binnen bebouwde kom,Tss. 2 best.: langs opzij (voor-/achterkant-flank),Geen hindernis
46898,73,Herent teller 2,Herent,50.89128,4.64685,2.258367109667104,50.90332774979241,4.672774265924378,2024,5,16,24038,Herent,Regenval,"Nat, plassen",Dag,met lichtgewonden,3,Fiets,3,Fiets,Buiten Kruispunt,Gemeenteweg,binnen bebouwde kom,Tss. 2 best.: langs opzij (voor-/achterkant-flank),Geen hindernis
46899,107,leuven totem,Leuven,50.8870744,4.7087919,2.1358036720795424,50.904295432220934,4.722279767929838,2024,5,15,24062,Leuven,Normaal,Droog,Dag,met lichtgewonden,9,personenauto,3,Fiets,Op Kruispunt,Gemeenteweg,binnen bebouwde kom,Kettingbotsing (3 bestuurders of meer),Geen hindernis
46899,77,Leuven teller 2,Leuven,50.88672,4.70796,2.1972547499167026,50.904295432220934,4.722279767929838,2024,5,15,24062,Leuven,Normaal,Droog,Dag,met lichtgewonden,9,personenauto,3,Fiets,Op Kruispunt,Gemeenteweg,binnen bebouwde kom,Kettingbotsing (3 bestuurders of meer),Geen hindernis
46900,107,leuven totem,Leuven,50.8870744,4.7087919,0.6502358547998494,50.882216340417514,4.7139513198986425,2024,5,13,24062,Leuven,Normaal,"Vuil (zand, grint, bladeren,...)",Dag,met lichtgewonden,3,Fiets,10,"één bestuurder, geen hindernis",Buiten Kruispunt,Gewestweg,binnen bebouwde kom,"Eén bestuurder, geen hindernis (incl. val)",Geen hindernis
46900,77,Leuven teller 2,Leuven,50.88672,4.70796,0.6537859435772999,50.882216340417514,4.7139513198986425,2024,5,13,24062,Leuven,Normaal,"Vuil (zand, grint, bladeren,...)",Dag,met lichtgewonden,3,Fiets,10,"één bestuurder, geen hindernis",Buiten Kruispunt,Gewestweg,binnen bebouwde kom,"Eén bestuurder, geen hindernis (incl. val)",Geen hindernis
46900,69,Leuven teller 1,Leuven,50.87549,4.71526,0.7535495801491245,50.882216340417514,4.7139513198986425,2024,5,13,24062,Leuven,Normaal,"Vuil (zand, grint, bladeren,...)",Dag,met lichtgewonden,3,Fiets,10,"één bestuurder, geen hindernis",Buiten Kruispunt,Gewestweg,binnen bebouwde kom,"Eén bestuurder, geen hindernis (incl. val)",Geen hindernis
46900,151,Leuven,District Leuven,50.8690262,4.6854839,2.4780586138299583,50.882216340417514,4.7139513198986425,2024,5,13,24062,Leuven,Normaal,"Vuil (zand, grint, bladeren,...)",Dag,met lichtgewonden,3,Fiets,10,"één bestuurder, geen hindernis",Buiten Kruispunt,Gewestweg,binnen bebouwde kom,"Eén bestuurder, geen hindernis (incl. val)",Geen hindernis
46902,69,Leuven teller 1,Leuven,50.87549,4.71526,0.44322236216215505,50.87658013895392,4.709183893731451,2024,5,8,24062,Leuven,Normaal,Droog,Dag,met lichtgewonden,3,Fiets,8,Voetganger,Buiten Kruispunt,Gemeenteweg,binnen bebouwde kom,Met een voetganger,Geen hindernis
46902,77,Leuven teller 2,Leuven,50.88672,4.70796,1.1307657552273385,50.87658013895392,4.709183893731451,2024,5,8,24062,Leuven,Normaal,Droog,Dag,met lichtgewonden,3,Fiets,8,Voetganger,Buiten Kruispunt,Gemeenteweg,binnen bebouwde kom,Met een voetganger,Geen hindernis
46902,107,leuven totem,Leuven,50.8870744,4.7087919,1.1672325926395881,50.87658013895392,4.709183893731451,2024,5,8,24062,Leuven,Normaal,Droog,Dag,met lichtgewonden,3,Fiets,8,Voetganger,Buiten Kruispunt,Gemeenteweg,binnen bebouwde kom,Met een voetganger,Geen hindernis
46902,151,Leuven,District Leuven,50.8690262,4.6854839,1.8630914504030913,50.87658013895392,4.709183893731451,2024,5,8,24062,Leuven,Normaal,Droog,Dag,met lichtgewonden,3,Fiets,8,Voetganger,Buiten Kruispunt,Gemeenteweg,binnen bebouwde kom,Met een voetganger,Geen hindernis
46903,69,Leuven teller 1,Leuven,50.87549,4.71526,0.5896628164512738,50.88038882882724,4.718478031902023,2024,5,17,24062,Leuven,Normaal,Droog,Dag,met lichtgewonden,3,Fiets,3,Fiets,Op Kruispunt,Gewestweg,binnen bebouwde kom,Tss. 2 best.: langs opzij (voor-/achterkant-flank),Geen hindernis
46903,107,leuven totem,Leuven,50.8870744,4.7087919,1.0071614377365476,50.88038882882724,4.718478031902023,2024,5,17,24062,Leuven,Normaal,Droog,Dag,met lichtgewonden,3,Fiets,3,Fiets,Op Kruispunt,Gewestweg,binnen bebouwde kom,Tss. 2 best.: langs opzij (voor-/achterkant-flank),Geen hindernis
46903,77,Leuven teller 2,Leuven,50.88672,4.70796,1.0198321602914981,50.88038882882724,4.718478031902023,2024,5,17,24062,Leuven,Normaal,Droog,Dag,met lichtgewonden,3,Fiets,3,Fiets,Op Kruispunt,Gewestweg,binnen bebouwde kom,Tss. 2 best.: langs opzij (voor-/achterkant-flank),Geen hindernis
46904,77,Leuven teller 2,Leuven,50.88672,4.70796,1.0231486705315211,50.87985365628025,4.698251239166943,2024,5,14,24062,Leuven,Normaal,Droog,Dag,met lichtgewonden,3,Fiets,9,personenauto,Op Kruispunt,Gemeenteweg,binnen bebouwde kom,Tussen 2 bestuurders: Flank tegen flank,Geen hindernis
46904,107,leuven totem,Leuven,50.8870744,4.7087919,1.0915410414902513,50.87985365628025,4.698251239166943,2024,5,14,24062,Leuven,Normaal,Droog,Dag,met lichtgewonden,3,Fiets,9,personenauto,Op Kruispunt,Gemeenteweg,binnen bebouwde kom,Tussen 2 bestuurders: Flank tegen flank,Geen hindernis
46904,69,Leuven teller 1,Leuven,50.87549,4.71526,1.2882338488512728,50.87985365628025,4.698251239166943,2024,5,14,24062,Leuven,Normaal,Droog,Dag,met lichtgewonden,3,Fiets,9,personenauto,Op Kruispunt,Gemeenteweg,binnen bebouwde kom,Tussen 2 bestuurders: Flank tegen flank,Geen hindernis
46904,151,Leuven,District Leuven,50.8690262,4.6854839,1.5006806343037147,50.87985365628025,4.698251239166943,2024,5,14,24062,Leuven,Normaal,Droog,Dag,met lichtgewonden,3,Fiets,9,personenauto,Op Kruispunt,Gemeenteweg,binnen bebouwde kom,Tussen 2 bestuurders: Flank tegen flank,Geen hindernis
46905,69,Leuven teller 1,Leuven,50.87549,4.71526,1.2441692384521699,50.86506974224783,4.721718791866575,2024,5,15,24062,Leuven,Normaal,Droog,Dag,met zwaargewonden,3,Fiets,6,Bromfiets,Buiten Kruispunt,Gemeenteweg,binnen bebouwde kom,Tss. 2 best.: langs opzij (voor-/achterkant-flank),Geen hindernis
46907,69,Leuven teller 1,Leuven,50.87549,4.71526,0.8530399900739203,50.87098593184876,4.705418780995088,2024,5,8,24062,Leuven,Normaal,Droog,Dag,met lichtgewonden,5,Lichte vrachtauto,3,Fiets,Buiten Kruispunt,Gemeenteweg,binnen bebouwde kom,Tussen 2 bestuurders: Flank tegen flank,Geen hindernis
46907,151,Leuven,District Leuven,50.8690262,4.6854839,1.415763557956886,50.87098593184876,4.705418780995088,2024,5,8,24062,Leuven,Normaal,Droog,Dag,met lichtgewonden,5,Lichte vrachtauto,3,Fiets,Buiten Kruispunt,Gemeenteweg,binnen bebouwde kom,Tussen 2 bestuurders: Flank tegen flank,Geen hindernis
46907,77,Leuven teller 2,Leuven,50.88672,4.70796,1.7586096684322943,50.87098593184876,4.705418780995088,2024,5,8,24062,Leuven,Normaal,Droog,Dag,met lichtgewonden,5,Lichte vrachtauto,3,Fiets,Buiten Kruispunt,Gemeenteweg,binnen bebouwde kom,Tussen 2 bestuurders: Flank tegen flank,Geen hindernis
46907,107,leuven totem,Leuven,50.8870744,4.7087919,1.8045414834203637,50.87098593184876,4.705418780995088,2024,5,8,24062,Leuven,Normaal,Droog,Dag,met lichtgewonden,5,Lichte vrachtauto,3,Fiets,Buiten Kruispunt,Gemeenteweg,binnen bebouwde kom,Tussen 2 bestuurders: Flank tegen flank,Geen hindernis
46908,69,Leuven teller 1,Leuven,50.87549,4.71526,1.2589330516861972,50.882950435873695,4.72875733331019,2024,5,1,24062,Leuven,Onbekend,Droog,"Nacht, openbare verlichting aanwezig en ontstoken",met lichtgewonden,3,Fiets,99,onbekend,Buiten Kruispunt,Gemeenteweg,binnen bebouwde kom,Tussen 2 bestuurders: Flank tegen flank,Geen hindernis
46908,107,leuven totem,Leuven,50.8870744,4.7087919,1.4737437585363633,50.882950435873695,4.72875733331019,2024,5,1,24062,Leuven,Onbekend,Droog,"Nacht, openbare verlichting aanwezig en ontstoken",met lichtgewonden,3,Fiets,99,onbekend,Buiten Kruispunt,Gemeenteweg,binnen bebouwde kom,Tussen 2 bestuurders: Flank tegen flank,Geen hindernis
46908,77,Leuven teller 2,Leuven,50.88672,4.70796,1.5179674379222805,50.882950435873695,4.72875733331019,2024,5,1,24062,Leuven,Onbekend,Droog,"Nacht, openbare verlichting aanwezig en ontstoken",met lichtgewonden,3,Fiets,99,onbekend,Buiten Kruispunt,Gemeenteweg,binnen bebouwde kom,Tussen 2 bestuurders: Flank tegen flank,Geen hindernis
46909,151,Leuven,District Leuven,50.8690262,4.6854839,0.3514843119418819,50.865996654650274,4.684054676481948,2024,5,17,24062,Leuven,Onbekend,Onbekend,Dag,met lichtgewonden,3,Fiets,3,Fiets,Buiten Kruispunt,Gemeenteweg,buiten bebouwde kom,Tussen 2 bestuurders: Frontale botsing,Geen hindernis
46909,108,Heverlee teller 1,Leuven,50.8471728,4.6954674,2.241181740535861,50.865996654650274,4.684054676481948,2024,5,17,24062,Leuven,Onbekend,Onbekend,Dag,met lichtgewonden,3,Fiets,3,Fiets,Buiten Kruispunt,Gemeenteweg,buiten bebouwde kom,Tussen 2 bestuurders: Frontale botsing,Geen hindernis
46909,76,Heverlee teller 2,Leuven,50.84606,4.69597,2.369385370871851,50.865996654650274,4.684054676481948,2024,5,17,24062,Leuven,Onbekend,Onbekend,Dag,met lichtgewonden,3,Fiets,3,Fiets,Buiten Kruispunt,Gemeenteweg,buiten bebouwde kom,Tussen 2 bestuurders: Frontale botsing,Geen hindernis
46909,69,Leuven teller 1,Leuven,50.87549,4.71526,2.4309006323019102,50.865996654650274,4.684054676481948,2024,5,17,24062,Leuven,Onbekend,Onbekend,Dag,met lichtgewonden,3,Fiets,3,Fiets,Buiten Kruispunt,Gemeenteweg,buiten bebouwde kom,Tussen 2 bestuurders: Frontale botsing,Geen hindernis
46910,77,Leuven teller 2,Leuven,50.88672,4.70796,0.697768580326719,50.8805193227045,4.7064318257626,2024,4,17,24062,Leuven,Onbekend,Onbekend,Dag,met lichtgewonden,3,Fiets,2,Andere weggebruiker,Op Kruispunt,Gemeenteweg,binnen bebouwde kom,Tss. 2 best.: langs opzij (voor-/achterkant-flank),Geen hindernis
46910,107,leuven totem,Leuven,50.8870744,4.7087919,0.7474585421304983,50.8805193227045,4.7064318257626,2024,4,17,24062,Leuven,Onbekend,Onbekend,Dag,met lichtgewonden,3,Fiets,2,Andere weggebruiker,Op Kruispunt,Gemeenteweg,binnen bebouwde kom,Tss. 2 best.: langs opzij (voor-/achterkant-flank),Geen hindernis
46910,69,Leuven teller 1,Leuven,50.87549,4.71526,0.8345017117524217,50.8805193227045,4.7064318257626,2024,4,17,24062,Leuven,Onbekend,Onbekend,Dag,met lichtgewonden,3,Fiets,2,Andere weggebruiker,Op Kruispunt,Gemeenteweg,binnen bebouwde kom,Tss. 2 best.: langs opzij (voor-/achterkant-flank),Geen hindernis
46910,151,Leuven,District Leuven,50.8690262,4.6854839,1.9477237323312973,50.8805193227045,4.7064318257626,2024,4,17,24062,Leuven,Onbekend,Onbekend,Dag,met lichtgewonden,3,Fiets,2,Andere weggebruiker,Op Kruispunt,Gemeenteweg,binnen bebouwde kom,Tss. 2 best.: langs opzij (voor-/achterkant-flank),Geen hindernis
46913,72,Herent teller 1,Herent,50.89135,4.64689,2.378536967640165,50.90262473733889,4.675711295375785,2024,5,8,24038,Herent,Regenval,"Nat, plassen",Dag,met lichtgewonden,3,Fiets,9,personenauto,Buiten Kruispunt,Gewestweg,binnen bebouwde kom,Tussen 2 bestuurders: Flank tegen flank,Geen hindernis