crash_row_id,site_id,site_name,site_gemeente,site_lat,site_long,distance_km,crash_lat,crash_long,DT_YEAR_COLLISION,DT_MONTH_COLLISION,DT_TIME,CD_NIS,TX_MUNTY_COLLISION_NL,TX_WEATHER_NL,TX_ROAD_CONDITION_NL,TX_LIGHT_CONDITION_NL,TX_CLASS_ACCIDENTS_NL,CD_ROAD_USR_TYPE1,TX_ROAD_USR_TYPE1_NL,CD_ROAD_USR_TYPE2,TX_ROAD_USR_TYPE2_NL,TX_CROSSWAY_NL,CD_ROAD_TYPE_NL,TX_BUILD_UP_AREA_NL,TX_COLLISION_TYPE_NL,TX_OBSTACLES_NL
46913,73,Herent teller 2,Herent,50.89128,4.64685,2.385030415902422,50.90262473733889,4.675711295375785,2024,5,8,24038,Herent,Regenval,"Nat, plassen",Dag,met lichtgewonden,3,Fiets,9,personenauto,Buiten Kruispunt,Gewestweg,binnen bebouwde kom,Tussen 2 bestuurders: Flank tegen flank,Geen hindernis
46915,87,Aarschot,Aarschot,50.99084,4.81259,1.7994722799490028,50.986338635890284,4.837284235363808,2024,5,7,24001,Aarschot,Normaal,"Nat, plassen",Dag,met lichtgewonden,3,Fiets,9,personenauto,Op Kruispunt,Gewestweg,binnen bebouwde kom,Tussen 2 bestuurders: Flank tegen flank,Geen hindernis
46919,101,Diest teller 1,Diest,50.97799,5.04481,1.1006416705257496,50.981647951377305,5.059418782420144,2024,5,8,24020,Diest,Normaal,Droog,Dag,met lichtgewonden,3,Fiets,9,personenauto,Op Kruispunt,Gewestweg,binnen bebouwde kom,Tss. 2 best.: langs opzij (voor-/achterkant-flank),Geen hindernis
46919,102,Diest teller 2,Diest,50.9779,5.04474,1.1089198210200752,50.981647951377305,5.059418782420144,2024,5,8,24020,Diest,Normaal,Droog,Dag,met lichtgewonden,3,Fiets,9,personenauto,Op Kruispunt,Gewestweg,binnen bebouwde kom,Tss. 2 best.: langs opzij (voor-/achterkant-flank),Geen hindernis
46921,101,Diest teller 1,Diest,50.97799,5.04481,2.3828846885448587,50.99389377055493,5.067626701910173,2024,5,18,24020,Diest,Regenval,"Nat, plassen",Dag,met lichtgewonden,9,personenauto,3,Fiets,Buiten Kruispunt,Gewestweg,binnen bebouwde kom,Tss. 2 best.: langs opzij (voor-/achterkant-flank),Geen hindernis
46921,102,Diest teller 2,Diest,50.9779,5.04474,2.39359879311909,50.99389377055493,5.067626701910173,2024,5,18,24020,Diest,Regenval,"Nat, plassen",Dag,met lichtgewonden,9,personenauto,3,Fiets,Buiten Kruispunt,Gewestweg,binnen bebouwde kom,Tss. 2 best.: langs opzij (voor-/achterkant-flank),Geen hindernis
46928,26,Zaventem,Zaventem,50.86995,4.45444,0.6288637872053785,50.864612258285256,4.457401459032068,2024,5,9,23099,Kraainem,Normaal,Droog,Dag,met lichtgewonden,3,Fiets,9,personenauto,Op Kruispunt,Gemeenteweg,binnen bebouwde kom,Tussen 2 bestuurders: Langs achteren,Geen hindernis
46929,145,Overijse,District Vilvoorde-gewestwegen,50.7885856,4.4908759,0.673998919502733,50.79284763622199,4.4840579990604335,2024,4,13,23062,Overijse,Onbekend,Onbekend,Dag,met lichtgewonden,3,Fiets,9,personenauto,Buiten Kruispunt,Gewestweg,binnen bebouwde kom,Tss. 2 best.: langs opzij (voor-/achterkant-flank),Geen hindernis
46929,146,Overijse 2,District Vilvoorde-gewestwegen,50.7881478,4.4902818,0.681545588734056,50.79284763622199,4.4840579990604335,2024,4,13,23062,Overijse,Onbekend,Onbekend,Dag,met lichtgewonden,3,Fiets,9,personenauto,Buiten Kruispunt,Gewestweg,binnen bebouwde kom,Tss. 2 best.: langs opzij (voor-/achterkant-flank),Geen hindernis
46929,147,Overijse,District Vilvoorde-gewestwegen,50.7797555,4.4975769,1.7385304759172515,50.79284763622199,4.4840579990604335,2024,4,13,23062,Overijse,Onbekend,Onbekend,Dag,met lichtgewonden,3,Fiets,9,personenauto,Buiten Kruispunt,Gewestweg,binnen bebouwde kom,Tss. 2 best.: langs opzij (voor-/achterkant-flank),Geen hindernis
46931,82,Beersel teller 1,Beersel,50.75128,4.33336,2.082428690811846,50.75373447121208,4.362705709187414,2024,5,8,23101,Sint-Genesius-Rode,Regenval,"Nat, plassen",Dag,met lichtgewonden,9,personenauto,3,Fiets,Buiten Kruispunt,Gemeenteweg,binnen bebouwde kom,Tss. 2 best.: langs opzij (voor-/achterkant-flank),Geen hindernis
46931,83,Beersel teller 2,Beersel,50.75175,4.33304,2.0986011883582165,50.75373447121208,4.362705709187414,2024,5,8,23101,Sint-Genesius-Rode,Regenval,"Nat, plassen",Dag,met lichtgewonden,9,personenauto,3,Fiets,Buiten Kruispunt,Gemeenteweg,binnen bebouwde kom,Tss. 2 best.: langs opzij (voor-/achterkant-flank),Geen hindernis
46934,86,Asse teller 2,Asse,50.89132,4.1709,0.9840513545495433,50.88282107196608,4.166989134677574,2024,5,16,23086,Ternat,Normaal,Droog,Dag,met lichtgewonden,9,personenauto,3,Fiets,Op Kruispunt,Gewestweg,binnen bebouwde kom,Tss. 2 best.: langs opzij (voor-/achterkant-flank),Geen hindernis
46934,85,Asse teller 1,Asse,50.89621,4.17294,1.5461903339599343,50.88282107196608,4.166989134677574,2024,5,16,23086,Ternat,Normaal,Droog,Dag,met lichtgewonden,9,personenauto,3,Fiets,Op Kruispunt,Gewestweg,binnen bebouwde kom,Tss. 2 best.: langs opzij (voor-/achterkant-flank),Geen hindernis
46935,86,Asse teller 2,Asse,50.89132,4.1709,2.3578534201930172,50.87402743150323,4.151448501508808,2024,5,11,23086,Ternat,Normaal,Droog,Dag,met lichtgewonden,3,Fiets,9,personenauto,Op Kruispunt,Gemeenteweg,binnen bebouwde kom,Tss. 2 best.: langs opzij (voor-/achterkant-flank),Geen hindernis
46939,86,Asse teller 2,Asse,50.89132,4.1709,0.29650924040765597,50.88877299895753,4.1696483555842905,2024,5,5,23002,Asse,Normaal,Proper,Dageraad - schemering,met lichtgewonden,9,personenauto,3,Fiets,Op Kruispunt,Gewestweg,binnen bebouwde kom,Tss. 2 best.: langs opzij (voor-/achterkant-flank),Geen hindernis
46939,85,Asse teller 1,Asse,50.89621,4.17294,0.8585802793128379,50.88877299895753,4.1696483555842905,2024,5,5,23002,Asse,Normaal,Proper,Dageraad - schemering,met lichtgewonden,9,personenauto,3,Fiets,Op Kruispunt,Gewestweg,binnen bebouwde kom,Tss. 2 best.: langs opzij (voor-/achterkant-flank),Geen hindernis
46940,80,Wemmel teller 1,Wemmel,50.91418,4.29571,0.6954955294302615,50.90861490939478,4.3002381466371915,2024,5,16,23102,Wemmel,Normaal,Droog,Dag,met lichtgewonden,3,Fiets,9,personenauto,Buiten Kruispunt,Gemeenteweg,binnen bebouwde kom,Tss. 2 best.: langs opzij (voor-/achterkant-flank),Geen hindernis
46940,81,Wemmel teller 2,Wemmel,50.91439,4.29568,0.7172853889946872,50.90861490939478,4.3002381466371915,2024,5,16,23102,Wemmel,Normaal,Droog,Dag,met lichtgewonden,3,Fiets,9,personenauto,Buiten Kruispunt,Gemeenteweg,binnen bebouwde kom,Tss. 2 best.: langs opzij (voor-/achterkant-flank),Geen hindernis
46941,85,Asse teller 1,Asse,50.89621,4.17294,0.24214427931159732,50.89744793768168,4.175780508858992,2024,5,13,23002,Asse,Normaal,Droog,Dag,met lichtgewonden,1,Autobus,3,Fiets,Op Kruispunt,Gewestweg,binnen bebouwde kom,Tussen 2 bestuurders: Flank tegen flank,Geen hindernis
46941,86,Asse teller 2,Asse,50.89132,4.1709,0.7625419062082402,50.89744793768168,4.175780508858992,2024,5,13,23002,Asse,Normaal,Droog,Dag,met lichtgewonden,1,Autobus,3,Fiets,Op Kruispunt,Gewestweg,binnen bebouwde kom,Tussen 2 bestuurders: Flank tegen flank,Geen hindernis
46943,85,Asse teller 1,Asse,50.89621,4.17294,2.230552508993424,50.91080475471097,4.194762548399007,2024,5,8,23002,Asse,Normaal,"Nat, plassen",Dag,met lichtgewonden,9,personenauto,3,Fiets,Op Kruispunt,Gewestweg,binnen bebouwde kom,Tussen 2 bestuurders: Langs achteren,Geen hindernis
46944,152,Opwijk,District Vilvoorde-gewestwegen,50.968901168564656,4.149169474840164,1.8087343409828396,50.96692174651087,4.174807127188585,2024,5,8,23060,Opwijk,Onbekend,"Nat, plassen",Dag,met lichtgewonden,3,Fiets,9,personenauto,Op Kruispunt,Gemeenteweg,binnen bebouwde kom,Tss. 2 best.: langs opzij (voor-/achterkant-flank),Geen hindernis
46945,152,Opwijk,District Vilvoorde-gewestwegen,50.968901168564656,4.149169474840164,2.145902369600067,50.969750125061736,4.179785273589392,2024,5,17,23060,Opwijk,Normaal,Droog,Dag,met zwaargewonden,9,personenauto,3,Fiets,Buiten Kruispunt,Gemeenteweg,binnen bebouwde kom,Tss. 2 best.: langs opzij (voor-/achterkant-flank),Geen hindernis
46953,27,Grimbergen,Meise,50.92127,4.34013,2.208682182745806,50.93422168238473,4.3640231392580295,2024,5,17,23025,Grimbergen,Regenval,"Nat, plassen",Dag,met lichtgewonden,9,personenauto,3,Fiets,Op Kruispunt,Gewestweg,binnen bebouwde kom,Tss. 2 best.: langs opzij (voor-/achterkant-flank),Geen hindernis
46956,1,Machelen,Machelen,50.91618331151478,4.456121776137429,1.4617035129232288,50.9278497840126,4.446512185496643,2024,5,10,23088,Vilvoorde,Normaal,Droog,Dag,met lichtgewonden,3,Fiets,9,personenauto,Buiten Kruispunt,Gemeenteweg,binnen bebouwde kom,Tss. 2 best.: langs opzij (voor-/achterkant-flank),Geen hindernis
46957,47,Vilvoorde,Vilvoorde,50.91372,4.41497,1.8004333241611592,50.92829896588773,4.4261447469558535,2024,6,0,23088,Vilvoorde,Normaal,"Nat, plassen","Nacht, openbare verlichting aanwezig en ontstoken",met lichtgewonden,3,Fiets,10,"één bestuurder, geen hindernis",Op Kruispunt,Gewestweg,binnen bebouwde kom,"Eén bestuurder, geen hindernis (incl. val)",Geen hindernis
46957,1,Machelen,Machelen,50.91618331151478,4.456121776137429,2.49601385876031,50.92829896588773,4.4261447469558535,2024,6,0,23088,Vilvoorde,Normaal,"Nat, plassen","Nacht, openbare verlichting aanwezig en ontstoken",met lichtgewonden,3,Fiets,10,"één bestuurder, geen hindernis",Op Kruispunt,Gewestweg,binnen bebouwde kom,"Eén bestuurder, geen hindernis (incl. val)",Geen hindernis
46961,118,Gent teller 1,Gent,51.028049,3.7681359,2.1129129328923617,51.03674446714128,3.7412698048174797,2024,5,12,44021,Gent,Normaal,Droog,Dag,met lichtgewonden,3,Fiets,10,"één bestuurder, geen hindernis",Buiten Kruispunt,Gemeenteweg,binnen bebouwde kom,"Eén bestuurder, geen hindernis (incl. val)",Geen hindernis
46961,119,Gent teller 2,Gent,51.0281795,3.7683918,2.1222860790527878,51.03674446714128,3.7412698048174797,2024,5,12,44021,Gent,Normaal,Droog,Dag,met lichtgewonden,3,Fiets,10,"één bestuurder, geen hindernis",Buiten Kruispunt,Gemeenteweg,binnen bebouwde kom,"Eén bestuurder, geen hindernis (incl. val)",Geen hindernis
46963,13,Gent,Gent,51.03018,3.70146,1.996805778592824,51.04697408994818,3.691346930592312,2024,5,13,44021,Gent,Normaal,Droog,Dag,met lichtgewonden,9,personenauto,3,Fiets,Buiten Kruispunt,Gemeenteweg,binnen bebouwde kom,Tss. 2 best.: langs opzij (voor-/achterkant-flank),Geen hindernis
46966,13,Gent,Gent,51.03018,3.70146,1.8218048333421077,51.04406403140944,3.7152932558620666,2024,5,17,44021,Gent,Normaal,"Nat, plassen",Dag,met lichtgewonden,3,Fiets,3,Fiets,Buiten Kruispunt,Gewestweg,binnen bebouwde kom,Tussen 2 bestuurders: Flank tegen flank,Geen hindernis
46967,119,Gent teller 2,Gent,51.0281795,3.7683918,0.49032140712284655,51.02476460190718,3.772827299576516,2024,5,12,44040,Melle,Normaal,Droog,Dag,met lichtgewonden,9,personenauto,3,Fiets,Op Kruispunt,Gewestweg,buiten bebouwde kom,Tss. 2 best.: langs opzij (voor-/achterkant-flank),Geen hindernis
46967,118,Gent teller 1,Gent,51.028049,3.7681359,0.49094765828707226,51.02476460190718,3.772827299576516,2024,5,12,44040,Melle,Normaal,Droog,Dag,met lichtgewonden,9,personenauto,3,Fiets,Op Kruispunt,Gewestweg,buiten bebouwde kom,Tss. 2 best.: langs opzij (voor-/achterkant-flank),Geen hindernis
46968,7,Evergem 1,Evergem,51.1089,3.70317,1.6441916644518022,51.09757400222793,3.7183089282493564,2024,5,8,44021,Gent,Normaal,Droog,Dag,met lichtgewonden,3,Fiets,9,personenauto,Op Kruispunt,Gewestweg,buiten bebouwde kom,Tss. 2 best.: langs opzij (voor-/achterkant-flank),Geen hindernis
46968,6,Evergem 2,Evergem,51.10894,3.70298,1.6561428383304564,51.09757400222793,3.7183089282493564,2024,5,8,44021,Gent,Normaal,Droog,Dag,met lichtgewonden,3,Fiets,9,personenauto,Op Kruispunt,Gewestweg,buiten bebouwde kom,Tss. 2 best.: langs opzij (voor-/achterkant-flank),Geen hindernis
46971,119,Gent teller 2,Gent,51.0281795,3.7683918,2.2797966345488168,51.04753013439619,3.757615878036994,2024,5,10,44021,Gent,Normaal,Droog,Dag,met lichtgewonden,3,Fiets,5,Lichte vrachtauto,Buiten Kruispunt,Gemeenteweg,binnen bebouwde kom,Tussen 2 bestuurders: Flank tegen flank,Geen hindernis
46971,118,Gent teller 1,Gent,51.028049,3.7681359,2.2876819368099692,51.04753013439619,3.757615878036994,2024,5,10,44021,Gent,Normaal,Droog,Dag,met lichtgewonden,3,Fiets,5,Lichte vrachtauto,Buiten Kruispunt,Gemeenteweg,binnen bebouwde kom,Tussen 2 bestuurders: Flank tegen flank,Geen hindernis
46975,13,Gent,Gent,51.03018,3.70146,0.8059445783198652,51.026224845554886,3.7111171957481868,2024,5,15,44021,Gent,Normaal,Droog,Dag,met lichtgewonden,3,Fiets,9,personenauto,Buiten Kruispunt,Gewestweg,buiten bebouwde kom,Tussen 2 bestuurders: Frontale botsing,Geen hindernis
46977,13,Gent,Gent,51.03018,3.70146,1.8913831155537528,51.03472029395681,3.7275261144875786,2024,5,6,44021,Gent,Regenval,"Nat, plassen",Dag,met lichtgewonden,9,personenauto,3,Fiets,Op Kruispunt,Gemeenteweg,binnen bebouwde kom,Tss. 2 best.: langs opzij (voor-/achterkant-flank),Geen hindernis
46978,119,Gent teller 2,Gent,51.0281795,3.7683918,0.37631360771430356,51.02557532300262,3.7718282502694196,2024,5,11,44040,Melle,Normaal,Droog,Dag,met lichtgewonden,3,Fiets,9,personenauto,Buiten Kruispunt,Gewestweg,buiten bebouwde kom,Tss. 2 best.: langs opzij (voor-/achterkant-flank),Geen hindernis
46978,118,Gent teller 1,Gent,51.028049,3.7681359,0.377281721507567,51.02557532300262,3.7718282502694196,2024,5,11,44040,Melle,Normaal,Droog,Dag,met lichtgewonden,3,Fiets,9,personenauto,Buiten Kruispunt,Gewestweg,buiten bebouwde kom,Tss. 2 best.: langs opzij (voor-/achterkant-flank),Geen hindernis
46982,136,Gent R4,Gent,51.0876313,3.7587918,2.042720038341055,51.081663884347,3.731133116108692,2024,5,17,44021,Gent,Regenval,"Nat, plassen",Dag,met lichtgewonden,5,Lichte vrachtauto,3,Fiets,Buiten Kruispunt,Gewestweg,binnen bebouwde kom,Tss. 2 best.: langs opzij (voor-/achterkant-flank),Geen hindernis
46986,118,Gent teller 1,Gent,51.028049,3.7681359,2.4417715700207405,51.03643266548394,3.7358627707495056,2024,5,13,44021,Gent,Normaal,Droog,Dag,met lichtgewonden,3,Fiets,10,"één bestuurder, geen hindernis",Buiten Kruispunt,Gemeenteweg,binnen bebouwde kom,"Eén bestuurder, geen hindernis (incl. val)",Geen hindernis
46986,119,Gent teller 2,Gent,51.0281795,3.7683918,2.4528513982176925,51.03643266548394,3.7358627707495056,2024,5,13,44021,Gent,Normaal,Droog,Dag,met lichtgewonden,3,Fiets,10,"één bestuurder, geen hindernis",Buiten Kruispunt,Gemeenteweg,binnen bebouwde kom,"Eén bestuurder, geen hindernis (incl. val)",Geen hindernis
46987,13,Gent,Gent,51.03018,3.70146,2.395975087444732,51.01309330675679,3.72233010409182,2024,5,16,44021,Gent,Normaal,Droog,Dag,met lichtgewonden,6,Bromfiets,3,Fiets,Buiten Kruispunt,Autosnelweg,buiten bebouwde kom,Tussen 2 bestuurders: Frontale botsing,Geen hindernis
46988,13,Gent,Gent,51.03018,3.70146,1.026647128649258,51.02199468971858,3.69466857412246,2024,5,17,44021,Gent,Normaal,Droog,Dag,met lichtgewonden,9,personenauto,3,Fiets,Buiten Kruispunt,Gewestweg,buiten bebouwde kom,Tss. 2 best.: langs opzij (voor-/achterkant-flank),Geen hindernis
46989,13,Gent,Gent,51.03018,3.70146,2.40931137275976,51.05160407744337,3.7066105064512755,2024,5,18,44021,Gent,Normaal,Droog,Dag,met lichtgewonden,3,Fiets,3,Fiets,Buiten Kruispunt,Gemeenteweg,binnen bebouwde kom,Tss. 2 best.: langs opzij (voor-/achterkant-flank),Geen hindernis
46990,13,Gent,Gent,51.03018,3.70146,1.5339930633433936,51.04396111018218,3.702462863527802,2024,5,20,44021,Gent,Regenval,"Nat, plassen",Dag,met lichtgewonden,3,Fiets,1,Autobus,Op Kruispunt,Gemeenteweg,binnen bebouwde kom,Tss. 2 best.: langs opzij (voor-/achterkant-flank),Geen hindernis
46993,13,Gent,Gent,51.03018,3.70146,1.520884320254628,51.02326655742307,3.720224035251316,2024,5,7,44021,Gent,Normaal,Droog,Dag,met lichtgewonden,3,Fiets,3,Fiets,Buiten Kruispunt,Gemeenteweg,binnen bebouwde kom,Tss. 2 best.: langs opzij (voor-/achterkant-flank),Geen hindernis
47003,116,Melle teller 2,Melle,50.9986113,3.8040599,1.2401279218406047,50.98809706188179,3.7981504687767265,2024,5,7,44040,Melle,Normaal,"Nat, plassen",Dag,met lichtgewonden,9,personenauto,3,Fiets,Op Kruispunt,Gewestweg,buiten bebouwde kom,Tss. 2 best.: langs opzij (voor-/achterkant-flank),Geen hindernis
47003,117,Melle teller 1,Melle,50.9986113,3.8040599,1.2401279218406047,50.98809706188179,3.7981504687767265,2024,5,7,44040,Melle,Normaal,"Nat, plassen",Dag,met lichtgewonden,9,personenauto,3,Fiets,Op Kruispunt,Gewestweg,buiten bebouwde kom,Tss. 2 best.: langs opzij (voor-/achterkant-flank),Geen hindernis
47004,118,Gent teller 1,Gent,51.028049,3.7681359,2.2619712788662834,51.007762485753425,3.765740653903799,2024,5,7,44043,Merelbeke,Normaal,Droog,Dag,met lichtgewonden,3,Fiets,3,Fiets,Buiten Kruispunt,Gemeenteweg,binnen bebouwde kom,Tussen 2 bestuurders: Frontale botsing,Geen hindernis
47004,119,Gent teller 2,Gent,51.0281795,3.7683918,2.2778300146430692,51.007762485753425,3.765740653903799,2024,5,7,44043,Merelbeke,Normaal,Droog,Dag,met lichtgewonden,3,Fiets,3,Fiets,Buiten Kruispunt,Gemeenteweg,binnen bebouwde kom,Tussen 2 bestuurders: Frontale botsing,Geen hindernis
47007,116,Melle teller 2,Melle,50.9986113,3.8040599,1.2116401035669722,50.98835328571449,3.798220627167495,2024,5,16,44040,Melle,Normaal,"Nat, plassen",Dag,met zwaargewonden,9,personenauto,3,Fiets,Op Kruispunt,Gewestweg,binnen bebouwde kom,Tss. 2 best.: langs opzij (voor-/achterkant-flank),Geen hindernis
47007,117,Melle teller 1,Melle,50.9986113,3.8040599,1.2116401035669722,50.98835328571449,3.798220627167495,2024,5,16,44040,Melle,Normaal,"Nat, plassen",Dag,met zwaargewonden,9,personenauto,3,Fiets,Op Kruispunt,Gewestweg,binnen bebouwde kom,Tss. 2 best.: langs opzij (voor-/achterkant-flank),Geen hindernis
47008,116,Melle teller 2,Melle,50.9986113,3.8040599,0.2627841282461085,51.00075642037826,3.8056357608351483,2024,5,19,44040,Melle,Normaal,"Nat, plassen",Dag,met zwaargewonden,3,Fiets,5,Lichte vrachtauto,Op Kruispunt,Gewestweg,binnen bebouwde kom,Tss. 2 best.: langs opzij (voor-/achterkant-flank),Geen hindernis
47008,117,Melle teller 1,Melle,50.9986113,3.8040599,0.2627841282461085,51.00075642037826,3.8056357608351483,2024,5,19,44040,Melle,Normaal,"Nat, plassen",Dag,met zwaargewonden,3,Fiets,5,Lichte vrachtauto,Op Kruispunt,Gewestweg,binnen bebouwde kom,Tss. 2 best.: langs opzij (voor-/achterkant-flank),Geen hindernis
47021,7,Evergem 1,Evergem,51.1089,3.70317,0.3765126129624973,51.111679249951955,3.7062508186656493,2024,5,8,44019,Evergem,Normaal,Droog,Dag,met lichtgewonden,3,Fiets,3,Fiets,Buiten Kruispunt,Gemeenteweg,binnen bebouwde kom,Tss. 2 best.: langs opzij (voor-/achterkant-flank),Geen hindernis
47021,6,Evergem 2,Evergem,51.10894,3.70298,0.38067551793518306,51.111679249951955,3.7062508186656493,2024,5,8,44019,Evergem,Normaal,Droog,Dag,met lichtgewonden,3,Fiets,3,Fiets,Buiten Kruispunt,Gemeenteweg,binnen bebouwde kom,Tss. 2 best.: langs opzij (voor-/achterkant-flank),Geen hindernis
47053,128,Lokeren teller 1,Lokeren,51.09644,3.97023,2.1498206493683205,51.10829369415402,3.9945538499242144,2024,5,19,46014,Lokeren,Normaal,Droog,Dag,met lichtgewonden,3,Fiets,9,personenauto,Buiten Kruispunt,Gemeenteweg,binnen bebouwde kom,Tss. 2 best.: langs opzij (voor-/achterkant-flank),Geen hindernis
47053,129,Lokeren teller 2,Lokeren,51.09612,3.97025,2.170731126727101,51.10829369415402,3.9945538499242144,2024,5,19,46014,Lokeren,Normaal,Droog,Dag,met lichtgewonden,3,Fiets,9,personenauto,Buiten Kruispunt,Gemeenteweg,binnen bebouwde kom,Tss. 2 best.: langs opzij (voor-/achterkant-flank),Geen hindernis
47054,128,Lokeren teller 1,Lokeren,51.09644,3.97023,2.0116451593919344,51.10811510169221,3.9922381524945454,2024,5,10,46014,Lokeren,Normaal,Droog,Dag,met lichtgewonden,3,Fiets,8,Voetganger,Buiten Kruispunt,Gemeenteweg,binnen bebouwde kom,Met een voetganger,Geen vermelding van de aanwezigheid van een hindernis
47054,129,Lokeren teller 2,Lokeren,51.09612,3.97025,2.0337393549631058,51.10811510169221,3.9922381524945454,2024,5,10,46014,Lokeren,Normaal,Droog,Dag,met lichtgewonden,3,Fiets,8,Voetganger,Buiten Kruispunt,Gemeenteweg,binnen bebouwde kom,Met een voetganger,Geen vermelding van de aanwezigheid van een hindernis
47055,128,Lokeren teller 1,Lokeren,51.09644,3.97023,1.714798990619434,51.107371131301576,3.987553676964984,2024,5,8,46014,Lokeren,Normaal,Droog,Dag,met lichtgewonden,3,Fiets,9,personenauto,Op Kruispunt,Gemeenteweg,binnen bebouwde kom,Tss. 2 best.: langs opzij (voor-/achterkant-flank),Geen hindernis
47055,129,Lokeren teller 2,Lokeren,51.09612,3.97025,1.7392340814048086,51.107371131301576,3.987553676964984,2024,5,8,46014,Lokeren,Normaal,Droog,Dag,met lichtgewonden,3,Fiets,9,personenauto,Op Kruispunt,Gemeenteweg,binnen bebouwde kom,Tss. 2 best.: langs opzij (voor-/achterkant-flank),Geen hindernis
47056,128,Lokeren teller 1,Lokeren,51.09644,3.97023,2.206385912167799,51.114239087371864,3.9562621788826156,2024,5,16,46014,Lokeren,Normaal,Droog,Dag,met lichtgewonden,9,personenauto,3,Fiets,Op Kruispunt,Gewestweg,buiten bebouwde kom,Tss. 2 best.: langs opzij (voor-/achterkant-flank),Geen hindernis
47056,129,Lokeren teller 2,Lokeren,51.09612,3.97025,2.2389693971557447,51.114239087371864,3.9562621788826156,2024,5,16,46014,Lokeren,Normaal,Droog,Dag,met lichtgewonden,9,personenauto,3,Fiets,Op Kruispunt,Gewestweg,buiten bebouwde kom,Tss. 2 best.: langs opzij (voor-/achterkant-flank),Geen hindernis
47057,128,Lokeren teller 1,Lokeren,51.09644,3.97023,1.6817813753399835,51.10719811222404,3.987159937949002,2024,5,9,46014,Lokeren,Normaal,Droog,Dag,met lichtgewonden,3,Fiets,3,Fiets,Buiten Kruispunt,Gemeenteweg,binnen bebouwde kom,Tussen 2 bestuurders: Frontale botsing,Geen hindernis
47057,129,Lokeren teller 2,Lokeren,51.09612,3.97025,1.706310462871033,51.10719811222404,3.987159937949002,2024,5,9,46014,Lokeren,Normaal,Droog,Dag,met lichtgewonden,3,Fiets,3,Fiets,Buiten Kruispunt,Gemeenteweg,binnen bebouwde kom,Tussen 2 bestuurders: Frontale botsing,Geen hindernis
47059,128,Lokeren teller 1,Lokeren,51.09644,3.97023,2.0676102666051634,51.10316455730123,3.9978364911740183,2024,5,20,46014,Lokeren,Normaal,Droog,Dag,met lichtgewonden,3,Fiets,9,personenauto,Op Kruispunt,Gemeenteweg,binnen bebouwde kom,Tussen 2 bestuurders: Langs achteren,Geen hindernis
47059,129,Lokeren teller 2,Lokeren,51.09612,3.97025,2.0794553003560465,51.10316455730123,3.9978364911740183,2024,5,20,46014,Lokeren,Normaal,Droog,Dag,met lichtgewonden,3,Fiets,9,personenauto,Op Kruispunt,Gemeenteweg,binnen bebouwde kom,Tussen 2 bestuurders: Langs achteren,Geen hindernis
47059,141,Test site A support,Lokeren,51.08342085,3.9961071208376326,2.1987195512068447,51.10316455730123,3.9978364911740183,2024,5,20,46014,Lokeren,Normaal,Droog,Dag,met lichtgewonden,3,Fiets,9,personenauto,Op Kruispunt,Gemeenteweg,binnen bebouwde kom,Tussen 2 bestuurders: Langs achteren,Geen hindernis
47060,128,Lokeren teller 1,Lokeren,51.09644,3.97023,2.231657276551102,51.10934635269694,3.994706720893707,2024,5,16,46014,Lokeren,Regenval,"Nat, plassen",Dag,met lichtgewonden,3,Fiets,10,"één bestuurder, geen hindernis",Buiten Kruispunt,Gemeenteweg,binnen bebouwde kom,"Eén bestuurder, geen hindernis (incl. val)",Geen hindernis
47060,129,Lokeren teller 2,Lokeren,51.09612,3.97025,2.2536502398761,51.10934635269694,3.994706720893707,2024,5,16,46014,Lokeren,Regenval,"Nat, plassen",Dag,met lichtgewonden,3,Fiets,10,"één bestuurder, geen hindernis",Buiten Kruispunt,Gemeenteweg,binnen bebouwde kom,"Eén bestuurder, geen hindernis (incl. val)",Geen hindernis
47062,141,Test site A support,Lokeren,51.08342085,3.9961071208376326,1.6724033944495693,51.095654477960586,4.010036637618516,2024,5,16,46014,Lokeren,Regenval,"Nat, plassen",Dag,met lichtgewonden,3,Fiets,9,personenauto,Buiten Kruispunt,Gewestweg,buiten bebouwde kom,Tussen 2 bestuurders: Frontale botsing,Geen hindernis
47063,141,Test site A support,Lokeren,51.08342085,3.9961071208376326,1.2706065852233837,51.09484161276548,3.9955138937671855,2024,5,17,46014,Lokeren,Regenval,"Nat, plassen",Dag,met lichtgewonden,9,personenauto,3,Fiets,Op Kruispunt,Gemeenteweg,binnen bebouwde kom,Tss. 2 best.: langs opzij (voor-/achterkant-flank),Geen hindernis
47063,129,Lokeren teller 2,Lokeren,51.09612,3.97025,1.7699742231314737,51.09484161276548,3.9955138937671855,2024,5,17,46014,Lokeren,Regenval,"Nat, plassen",Dag,met lichtgewonden,9,personenauto,3,Fiets,Op Kruispunt,Gemeenteweg,binnen bebouwde kom,Tss. 2 best.: langs opzij (voor-/achterkant-flank),Geen hindernis
47063,128,Lokeren teller 1,Lokeren,51.09644,3.97023,1.7745702174105558,51.09484161276548,3.9955138937671855,2024,5,17,46014,Lokeren,Regenval,"Nat, plassen",Dag,met lichtgewonden,9,personenauto,3,Fiets,Op Kruispunt,Gemeenteweg,binnen bebouwde kom,Tss. 2 best.: langs opzij (voor-/achterkant-flank),Geen hindernis
47064,128,Lokeren teller 1,Lokeren,51.09644,3.97023,1.3163815879585945,51.1015913680406,3.9872035151452874,2024,5,10,46014,Lokeren,Regenval,"Nat, plassen",Dag,met lichtgewonden,9,personenauto,3,Fiets,Buiten Kruispunt,Gemeenteweg,binnen bebouwde kom,Tussen 2 bestuurders: Langs achteren,Geen hindernis