crash_row_id,site_id,site_name,site_gemeente,site_lat,site_long,distance_km,crash_lat,crash_long,DT_YEAR_COLLISION,DT_MONTH_COLLISION,DT_TIME,CD_NIS,TX_MUNTY_COLLISION_NL,TX_WEATHER_NL,TX_ROAD_CONDITION_NL,TX_LIGHT_CONDITION_NL,TX_CLASS_ACCIDENTS_NL,CD_ROAD_USR_TYPE1,TX_ROAD_USR_TYPE1_NL,CD_ROAD_USR_TYPE2,TX_ROAD_USR_TYPE2_NL,TX_CROSSWAY_NL,CD_ROAD_TYPE_NL,TX_BUILD_UP_AREA_NL,TX_COLLISION_TYPE_NL,TX_OBSTACLES_NL
47064,129,Lokeren teller 2,Lokeren,51.09612,3.97025,1.3310114111948264,51.1015913680406,3.9872035151452874,2024,5,10,46014,Lokeren,Regenval,"Nat, plassen",Dag,met lichtgewonden,9,personenauto,3,Fiets,Buiten Kruispunt,Gemeenteweg,binnen bebouwde kom,Tussen 2 bestuurders: Langs achteren,Geen hindernis
47064,141,Test site A support,Lokeren,51.08342085,3.9961071208376326,2.11398680007391,51.1015913680406,3.9872035151452874,2024,5,10,46014,Lokeren,Regenval,"Nat, plassen",Dag,met lichtgewonden,9,personenauto,3,Fiets,Buiten Kruispunt,Gemeenteweg,binnen bebouwde kom,Tussen 2 bestuurders: Langs achteren,Geen hindernis
47066,126,Hamme totem,Hamme,51.1017709,4.1469307,1.9309293361936184,51.0852509130077,4.138409318036802,2024,5,18,42008,Hamme,Regenval,"Nat, plassen",Dag,met lichtgewonden,3,Fiets,9,personenauto,Buiten Kruispunt,Gemeenteweg,buiten bebouwde kom,Tussen 2 bestuurders: Frontale botsing,Geen hindernis
47067,126,Hamme totem,Hamme,51.1017709,4.1469307,1.812232463889448,51.08654612009197,4.137670391613909,2024,5,8,42008,Hamme,Regenval,"Nat, plassen",Dag,met lichtgewonden,3,Fiets,9,personenauto,Op Kruispunt,Gewestweg,binnen bebouwde kom,Tss. 2 best.: langs opzij (voor-/achterkant-flank),Geen hindernis
47068,126,Hamme totem,Hamme,51.1017709,4.1469307,0.8875975875201427,51.094303638130924,4.151422806289791,2024,5,10,42008,Hamme,Normaal,Droog,Dag,met lichtgewonden,4,Vrachtwagen,3,Fiets,Buiten Kruispunt,Gemeenteweg,binnen bebouwde kom,Tussen 2 bestuurders: Flank tegen flank,Geen hindernis
47069,126,Hamme totem,Hamme,51.1017709,4.1469307,0.6690372175594909,51.09927421363489,4.138212987328533,2024,5,8,42008,Hamme,Normaal,Droog,Dag,met lichtgewonden,9,personenauto,3,Fiets,Buiten Kruispunt,Gemeenteweg,binnen bebouwde kom,Tss. 2 best.: langs opzij (voor-/achterkant-flank),Geen hindernis
47070,126,Hamme totem,Hamme,51.1017709,4.1469307,1.1949126910457522,51.09161999589728,4.141314923069897,2024,5,15,42008,Hamme,Normaal,Droog,Dag,met lichtgewonden,9,personenauto,3,Fiets,Op Kruispunt,Gewestweg,binnen bebouwde kom,Tussen 2 bestuurders: Frontale botsing,Geen hindernis
47074,120,Zele teller 1,Zele,51.0607671,4.0547741,2.3195359301630565,51.06346711641744,4.021861843262285,2024,5,13,42028,Zele,Normaal,Droog,Dag,met lichtgewonden,3,Fiets,10,"één bestuurder, geen hindernis",Buiten Kruispunt,Gemeenteweg,binnen bebouwde kom,"Eén bestuurder, geen hindernis (incl. val)",Geen hindernis
47074,121,Zele teller 2,Zele,51.0604067,4.0556696,2.3869959983085716,51.06346711641744,4.021861843262285,2024,5,13,42028,Zele,Normaal,Droog,Dag,met lichtgewonden,3,Fiets,10,"één bestuurder, geen hindernis",Buiten Kruispunt,Gemeenteweg,binnen bebouwde kom,"Eén bestuurder, geen hindernis (incl. val)",Geen hindernis
47076,121,Zele teller 2,Zele,51.0604067,4.0556696,0.023385504961761002,51.06032573275769,4.055360769368938,2024,5,18,42028,Zele,Normaal,Droog,Dag,met lichtgewonden,9,personenauto,3,Fiets,Op Kruispunt,Gemeenteweg,buiten bebouwde kom,Tss. 2 best.: langs opzij (voor-/achterkant-flank),Geen hindernis
47076,120,Zele teller 1,Zele,51.0607671,4.0547741,0.0639501556460159,51.06032573275769,4.055360769368938,2024,5,18,42028,Zele,Normaal,Droog,Dag,met lichtgewonden,9,personenauto,3,Fiets,Op Kruispunt,Gemeenteweg,buiten bebouwde kom,Tss. 2 best.: langs opzij (voor-/achterkant-flank),Geen hindernis
47077,120,Zele teller 1,Zele,51.0607671,4.0547741,1.094718011609254,51.06825193235784,4.044597444934864,2024,5,11,42028,Zele,Normaal,"Nat, plassen",Dag,met lichtgewonden,9,personenauto,3,Fiets,Op Kruispunt,Gewestweg,binnen bebouwde kom,Tss. 2 best.: langs opzij (voor-/achterkant-flank),Geen hindernis
47077,121,Zele teller 2,Zele,51.0604067,4.0556696,1.1660375172872879,51.06825193235784,4.044597444934864,2024,5,11,42028,Zele,Normaal,"Nat, plassen",Dag,met lichtgewonden,9,personenauto,3,Fiets,Op Kruispunt,Gewestweg,binnen bebouwde kom,Tss. 2 best.: langs opzij (voor-/achterkant-flank),Geen hindernis
47090,10,Aalst 2,Aalst,50.93549,4.01571,1.0980390885340494,50.937759785117045,4.030960419877248,2024,5,13,41002,Aalst,Normaal,Droog,Dag,met lichtgewonden,8,Voetganger,3,Fiets,Buiten Kruispunt,Gemeenteweg,binnen bebouwde kom,Met een voetganger,Geen hindernis
47090,11,Aalst 3,Aalst,50.93385,4.01647,1.1045573582767074,50.937759785117045,4.030960419877248,2024,5,13,41002,Aalst,Normaal,Droog,Dag,met lichtgewonden,8,Voetganger,3,Fiets,Buiten Kruispunt,Gemeenteweg,binnen bebouwde kom,Met een voetganger,Geen hindernis
47090,19,Aalst 1,Aalst,50.93433,4.01471,1.2008930336697319,50.937759785117045,4.030960419877248,2024,5,13,41002,Aalst,Normaal,Droog,Dag,met lichtgewonden,8,Voetganger,3,Fiets,Buiten Kruispunt,Gemeenteweg,binnen bebouwde kom,Met een voetganger,Geen hindernis
47092,11,Aalst 3,Aalst,50.93385,4.01647,1.6568901080563407,50.93732388586598,4.039463204538759,2024,5,12,41002,Aalst,Onbekend,Onbekend,Dag,met lichtgewonden,3,Fiets,8,Voetganger,Buiten Kruispunt,Gemeenteweg,onbekend,Met een voetganger,Geen vermelding van de aanwezigheid van een hindernis
47092,10,Aalst 2,Aalst,50.93549,4.01571,1.6769056361681376,50.93732388586598,4.039463204538759,2024,5,12,41002,Aalst,Onbekend,Onbekend,Dag,met lichtgewonden,3,Fiets,8,Voetganger,Buiten Kruispunt,Gemeenteweg,onbekend,Met een voetganger,Geen vermelding van de aanwezigheid van een hindernis
47092,19,Aalst 1,Aalst,50.93433,4.01471,1.7662130299028307,50.93732388586598,4.039463204538759,2024,5,12,41002,Aalst,Onbekend,Onbekend,Dag,met lichtgewonden,3,Fiets,8,Voetganger,Buiten Kruispunt,Gemeenteweg,onbekend,Met een voetganger,Geen vermelding van de aanwezigheid van een hindernis
47094,11,Aalst 3,Aalst,50.93385,4.01647,1.6068037331728038,50.92873442400894,4.037913090801063,2024,5,8,41002,Aalst,Normaal,Droog,Dag,met lichtgewonden,9,personenauto,3,Fiets,Buiten Kruispunt,Gewestweg,binnen bebouwde kom,Tss. 2 best.: langs opzij (voor-/achterkant-flank),Geen hindernis
47094,10,Aalst 2,Aalst,50.93549,4.01571,1.7278204992509196,50.92873442400894,4.037913090801063,2024,5,8,41002,Aalst,Normaal,Droog,Dag,met lichtgewonden,9,personenauto,3,Fiets,Buiten Kruispunt,Gewestweg,binnen bebouwde kom,Tss. 2 best.: langs opzij (voor-/achterkant-flank),Geen hindernis
47094,19,Aalst 1,Aalst,50.93433,4.01471,1.7410566904566436,50.92873442400894,4.037913090801063,2024,5,8,41002,Aalst,Normaal,Droog,Dag,met lichtgewonden,9,personenauto,3,Fiets,Buiten Kruispunt,Gewestweg,binnen bebouwde kom,Tss. 2 best.: langs opzij (voor-/achterkant-flank),Geen hindernis
47096,11,Aalst 3,Aalst,50.93385,4.01647,2.253750077661749,50.93478664642588,4.048597036947548,2024,5,21,41002,Aalst,Normaal,Droog,Dageraad - schemering,met lichtgewonden,9,personenauto,3,Fiets,Op Kruispunt,Gewestweg,buiten bebouwde kom,Tss. 2 best.: langs opzij (voor-/achterkant-flank),Geen hindernis
47096,10,Aalst 2,Aalst,50.93549,4.01571,2.305886312814657,50.93478664642588,4.048597036947548,2024,5,21,41002,Aalst,Normaal,Droog,Dageraad - schemering,met lichtgewonden,9,personenauto,3,Fiets,Op Kruispunt,Gewestweg,buiten bebouwde kom,Tss. 2 best.: langs opzij (voor-/achterkant-flank),Geen hindernis
47096,19,Aalst 1,Aalst,50.93433,4.01471,2.375207047992019,50.93478664642588,4.048597036947548,2024,5,21,41002,Aalst,Normaal,Droog,Dageraad - schemering,met lichtgewonden,9,personenauto,3,Fiets,Op Kruispunt,Gewestweg,buiten bebouwde kom,Tss. 2 best.: langs opzij (voor-/achterkant-flank),Geen hindernis
47097,11,Aalst 3,Aalst,50.93385,4.01647,2.415906468645973,50.91660149813266,4.0374293971416195,2024,5,3,41002,Aalst,Normaal,Droog,"Nacht, openbare verlichting aanwezig en ontstoken",met zwaargewonden,3,Fiets,9,personenauto,Op Kruispunt,Gemeenteweg,binnen bebouwde kom,Tss. 2 best.: langs opzij (voor-/achterkant-flank),Geen hindernis
47102,122,Dendermonde teller 2,Dendermonde,51.0373918,4.1019222,1.4021902334748182,51.04948941252036,4.107582457160912,2024,5,7,42006,Dendermonde,Normaal,Droog,Dag,met zwaargewonden,3,Fiets,10,"één bestuurder, geen hindernis",Buiten Kruispunt,Gewestweg,binnen bebouwde kom,"Eén bestuurder, geen hindernis (incl. val)",Geen hindernis
47102,125,Dendermonde totem,Dendermonde,51.0372706,4.1025998,1.4026151741597521,51.04948941252036,4.107582457160912,2024,5,7,42006,Dendermonde,Normaal,Droog,Dag,met zwaargewonden,3,Fiets,10,"één bestuurder, geen hindernis",Buiten Kruispunt,Gewestweg,binnen bebouwde kom,"Eén bestuurder, geen hindernis (incl. val)",Geen hindernis
47103,122,Dendermonde teller 2,Dendermonde,51.0373918,4.1019222,0.06211947601359034,51.03785255502595,4.102424592999872,2024,5,17,42006,Dendermonde,Normaal,Droog,Dag,met zwaargewonden,5,Lichte vrachtauto,3,Fiets,Buiten Kruispunt,Gewestweg,binnen bebouwde kom,Tss. 2 best.: langs opzij (voor-/achterkant-flank),Geen hindernis
47103,125,Dendermonde totem,Dendermonde,51.0372706,4.1025998,0.06585983917597549,51.03785255502595,4.102424592999872,2024,5,17,42006,Dendermonde,Normaal,Droog,Dag,met zwaargewonden,5,Lichte vrachtauto,3,Fiets,Buiten Kruispunt,Gewestweg,binnen bebouwde kom,Tss. 2 best.: langs opzij (voor-/achterkant-flank),Geen hindernis
47104,122,Dendermonde teller 2,Dendermonde,51.0373918,4.1019222,1.7872950448412048,51.04985452073637,4.085777216249469,2024,5,10,42006,Dendermonde,Normaal,Droog,Dag,met lichtgewonden,3,Fiets,4,Vrachtwagen,Buiten Kruispunt,Gewestweg,buiten bebouwde kom,Tussen 2 bestuurders: Flank tegen flank,Geen hindernis
47104,125,Dendermonde totem,Dendermonde,51.0372706,4.1025998,1.8278797384616088,51.04985452073637,4.085777216249469,2024,5,10,42006,Dendermonde,Normaal,Droog,Dag,met lichtgewonden,3,Fiets,4,Vrachtwagen,Buiten Kruispunt,Gewestweg,buiten bebouwde kom,Tussen 2 bestuurders: Flank tegen flank,Geen hindernis
47104,121,Zele teller 2,Zele,51.0604067,4.0556696,2.4093584481181676,51.04985452073637,4.085777216249469,2024,5,10,42006,Dendermonde,Normaal,Droog,Dag,met lichtgewonden,3,Fiets,4,Vrachtwagen,Buiten Kruispunt,Gewestweg,buiten bebouwde kom,Tussen 2 bestuurders: Flank tegen flank,Geen hindernis
47104,120,Zele teller 1,Zele,51.0607671,4.0547741,2.4835378759823077,51.04985452073637,4.085777216249469,2024,5,10,42006,Dendermonde,Normaal,Droog,Dag,met lichtgewonden,3,Fiets,4,Vrachtwagen,Buiten Kruispunt,Gewestweg,buiten bebouwde kom,Tussen 2 bestuurders: Flank tegen flank,Geen hindernis
47105,125,Dendermonde totem,Dendermonde,51.0372706,4.1025998,1.8160778649712008,51.02133143994172,4.108263895601474,2024,5,7,42006,Dendermonde,Normaal,Droog,Dag,met lichtgewonden,9,personenauto,3,Fiets,Op Kruispunt,Gewestweg,binnen bebouwde kom,Tussen 2 bestuurders: Frontale botsing,Geen hindernis
47105,122,Dendermonde teller 2,Dendermonde,51.0373918,4.1019222,1.840075324030689,51.02133143994172,4.108263895601474,2024,5,7,42006,Dendermonde,Normaal,Droog,Dag,met lichtgewonden,9,personenauto,3,Fiets,Op Kruispunt,Gewestweg,binnen bebouwde kom,Tussen 2 bestuurders: Frontale botsing,Geen hindernis
47106,122,Dendermonde teller 2,Dendermonde,51.0373918,4.1019222,0.6229293839808343,51.0428321212994,4.104048131356882,2024,5,8,42006,Dendermonde,Normaal,"Nat, plassen",Dag,met lichtgewonden,3,Fiets,8,Voetganger,Buiten Kruispunt,Gewestweg,binnen bebouwde kom,Met een voetganger,Geen vermelding van de aanwezigheid van een hindernis
47106,125,Dendermonde totem,Dendermonde,51.0372706,4.1025998,0.6266487985898372,51.0428321212994,4.104048131356882,2024,5,8,42006,Dendermonde,Normaal,"Nat, plassen",Dag,met lichtgewonden,3,Fiets,8,Voetganger,Buiten Kruispunt,Gewestweg,binnen bebouwde kom,Met een voetganger,Geen vermelding van de aanwezigheid van een hindernis
47108,54,Brugge teller 2,Brugge,51.23015,3.22818,1.8325884271101958,51.21618661824041,3.2142014774970993,2024,5,8,31005,Brugge,Regenval,"Nat, plassen",Dag,met lichtgewonden,9,personenauto,3,Fiets,Op Kruispunt,Gemeenteweg,binnen bebouwde kom,Tss. 2 best.: langs opzij (voor-/achterkant-flank),Geen hindernis
47108,53,Brugge teller 1,Brugge,51.23023,3.228,1.8335303097826317,51.21618661824041,3.2142014774970993,2024,5,8,31005,Brugge,Regenval,"Nat, plassen",Dag,met lichtgewonden,9,personenauto,3,Fiets,Op Kruispunt,Gemeenteweg,binnen bebouwde kom,Tss. 2 best.: langs opzij (voor-/achterkant-flank),Geen hindernis
47108,52,Brugge,Brugge,51.22632,3.24095,2.1771165044097955,51.21618661824041,3.2142014774970993,2024,5,8,31005,Brugge,Regenval,"Nat, plassen",Dag,met lichtgewonden,9,personenauto,3,Fiets,Op Kruispunt,Gemeenteweg,binnen bebouwde kom,Tss. 2 best.: langs opzij (voor-/achterkant-flank),Geen hindernis
47108,142,TEST Validatie BRUGGE Y2H22022134,Brugge,51.22632,3.24095,2.1771165044097955,51.21618661824041,3.2142014774970993,2024,5,8,31005,Brugge,Regenval,"Nat, plassen",Dag,met lichtgewonden,9,personenauto,3,Fiets,Op Kruispunt,Gemeenteweg,binnen bebouwde kom,Tss. 2 best.: langs opzij (voor-/achterkant-flank),Geen hindernis
47110,53,Brugge teller 1,Brugge,51.23023,3.228,1.3395693514602969,51.24006118776682,3.216879748388501,2024,5,17,31005,Brugge,Normaal,Droog,Dag,met lichtgewonden,9,personenauto,3,Fiets,Buiten Kruispunt,Gemeenteweg,buiten bebouwde kom,Tss. 2 best.: langs opzij (voor-/achterkant-flank),Geen hindernis
47110,54,Brugge teller 2,Brugge,51.23015,3.22818,1.3540816381632377,51.24006118776682,3.216879748388501,2024,5,17,31005,Brugge,Normaal,Droog,Dag,met lichtgewonden,9,personenauto,3,Fiets,Buiten Kruispunt,Gemeenteweg,buiten bebouwde kom,Tss. 2 best.: langs opzij (voor-/achterkant-flank),Geen hindernis
47110,52,Brugge,Brugge,51.22632,3.24095,2.2678712458806585,51.24006118776682,3.216879748388501,2024,5,17,31005,Brugge,Normaal,Droog,Dag,met lichtgewonden,9,personenauto,3,Fiets,Buiten Kruispunt,Gemeenteweg,buiten bebouwde kom,Tss. 2 best.: langs opzij (voor-/achterkant-flank),Geen hindernis
47110,142,TEST Validatie BRUGGE Y2H22022134,Brugge,51.22632,3.24095,2.2678712458806585,51.24006118776682,3.216879748388501,2024,5,17,31005,Brugge,Normaal,Droog,Dag,met lichtgewonden,9,personenauto,3,Fiets,Buiten Kruispunt,Gemeenteweg,buiten bebouwde kom,Tss. 2 best.: langs opzij (voor-/achterkant-flank),Geen hindernis
47114,20,Brugge,Brugge,51.17416,3.20048,2.1172996290030257,51.18762275058622,3.221961162562599,2024,5,9,31005,Brugge,Normaal,Droog,Dag,met zwaargewonden,3,Fiets,9,personenauto,Op Kruispunt,Gewestweg,binnen bebouwde kom,Tss. 2 best.: langs opzij (voor-/achterkant-flank),Geen hindernis
47115,142,TEST Validatie BRUGGE Y2H22022134,Brugge,51.22632,3.24095,0.6202588353524389,51.22382114147389,3.2329867318235492,2024,5,11,31005,Brugge,Normaal,Droog,Dag,met lichtgewonden,9,personenauto,3,Fiets,Buiten Kruispunt,Gemeenteweg,binnen bebouwde kom,Tussen 2 bestuurders: Langs achteren,Geen hindernis
47115,52,Brugge,Brugge,51.22632,3.24095,0.6202588353524389,51.22382114147389,3.2329867318235492,2024,5,11,31005,Brugge,Normaal,Droog,Dag,met lichtgewonden,9,personenauto,3,Fiets,Buiten Kruispunt,Gemeenteweg,binnen bebouwde kom,Tussen 2 bestuurders: Langs achteren,Geen hindernis
47115,54,Brugge teller 2,Brugge,51.23015,3.22818,0.7792810193455739,51.22382114147389,3.2329867318235492,2024,5,11,31005,Brugge,Normaal,Droog,Dag,met lichtgewonden,9,personenauto,3,Fiets,Buiten Kruispunt,Gemeenteweg,binnen bebouwde kom,Tussen 2 bestuurders: Langs achteren,Geen hindernis
47115,53,Brugge teller 1,Brugge,51.23023,3.228,0.7927332298829153,51.22382114147389,3.2329867318235492,2024,5,11,31005,Brugge,Normaal,Droog,Dag,met lichtgewonden,9,personenauto,3,Fiets,Buiten Kruispunt,Gemeenteweg,binnen bebouwde kom,Tussen 2 bestuurders: Langs achteren,Geen hindernis
47116,53,Brugge teller 1,Brugge,51.23023,3.228,1.6438850329130223,51.21976877058386,3.211319751106653,2024,5,12,31005,Brugge,Normaal,Droog,Dag,met lichtgewonden,9,personenauto,3,Fiets,Op Kruispunt,Gewestweg,binnen bebouwde kom,Tss. 2 best.: langs opzij (voor-/achterkant-flank),Geen hindernis
47116,54,Brugge teller 2,Brugge,51.23015,3.22818,1.6465178942285408,51.21976877058386,3.211319751106653,2024,5,12,31005,Brugge,Normaal,Droog,Dag,met lichtgewonden,9,personenauto,3,Fiets,Op Kruispunt,Gewestweg,binnen bebouwde kom,Tss. 2 best.: langs opzij (voor-/achterkant-flank),Geen hindernis
47116,52,Brugge,Brugge,51.22632,3.24095,2.188269719611182,51.21976877058386,3.211319751106653,2024,5,12,31005,Brugge,Normaal,Droog,Dag,met lichtgewonden,9,personenauto,3,Fiets,Op Kruispunt,Gewestweg,binnen bebouwde kom,Tss. 2 best.: langs opzij (voor-/achterkant-flank),Geen hindernis
47116,142,TEST Validatie BRUGGE Y2H22022134,Brugge,51.22632,3.24095,2.188269719611182,51.21976877058386,3.211319751106653,2024,5,12,31005,Brugge,Normaal,Droog,Dag,met lichtgewonden,9,personenauto,3,Fiets,Op Kruispunt,Gewestweg,binnen bebouwde kom,Tss. 2 best.: langs opzij (voor-/achterkant-flank),Geen hindernis
47118,53,Brugge teller 1,Brugge,51.23023,3.228,2.45454251031829,51.21251172654594,3.2069791152276497,2024,5,8,31005,Brugge,Normaal,Droog,Dag,met lichtgewonden,3,Fiets,9,personenauto,Op Kruispunt,Gemeenteweg,binnen bebouwde kom,Tss. 2 best.: langs opzij (voor-/achterkant-flank),Geen hindernis
47118,54,Brugge teller 2,Brugge,51.23015,3.22818,2.4549278046438423,51.21251172654594,3.2069791152276497,2024,5,8,31005,Brugge,Normaal,Droog,Dag,met lichtgewonden,3,Fiets,9,personenauto,Op Kruispunt,Gemeenteweg,binnen bebouwde kom,Tss. 2 best.: langs opzij (voor-/achterkant-flank),Geen hindernis
47119,50,"Brugge, Sint-Andries",Brugge,51.19291,3.16252,2.3797352233966707,51.20209502790238,3.193367555371218,2024,5,8,31005,Brugge,Normaal,Droog,Dag,met lichtgewonden,9,personenauto,3,Fiets,Op Kruispunt,Gewestweg,binnen bebouwde kom,Tss. 2 best.: langs opzij (voor-/achterkant-flank),Geen hindernis
47119,51,"Brugge, Sint-Andries",Brugge,51.19281,3.16252,2.384530711277154,51.20209502790238,3.193367555371218,2024,5,8,31005,Brugge,Normaal,Droog,Dag,met lichtgewonden,9,personenauto,3,Fiets,Op Kruispunt,Gewestweg,binnen bebouwde kom,Tss. 2 best.: langs opzij (voor-/achterkant-flank),Geen hindernis
47122,142,TEST Validatie BRUGGE Y2H22022134,Brugge,51.22632,3.24095,1.699746660226082,51.21281208094131,3.2295253698316557,2024,5,17,31005,Brugge,Normaal,Droog,Dag,met lichtgewonden,3,Fiets,9,personenauto,Op Kruispunt,Gemeenteweg,binnen bebouwde kom,Tss. 2 best.: langs opzij (voor-/achterkant-flank),Geen hindernis
47122,52,Brugge,Brugge,51.22632,3.24095,1.699746660226082,51.21281208094131,3.2295253698316557,2024,5,17,31005,Brugge,Normaal,Droog,Dag,met lichtgewonden,3,Fiets,9,personenauto,Op Kruispunt,Gemeenteweg,binnen bebouwde kom,Tss. 2 best.: langs opzij (voor-/achterkant-flank),Geen hindernis
47122,54,Brugge teller 2,Brugge,51.23015,3.22818,1.9301640812325997,51.21281208094131,3.2295253698316557,2024,5,17,31005,Brugge,Normaal,Droog,Dag,met lichtgewonden,3,Fiets,9,personenauto,Op Kruispunt,Gemeenteweg,binnen bebouwde kom,Tss. 2 best.: langs opzij (voor-/achterkant-flank),Geen hindernis
47122,53,Brugge teller 1,Brugge,51.23023,3.228,1.939695370477729,51.21281208094131,3.2295253698316557,2024,5,17,31005,Brugge,Normaal,Droog,Dag,met lichtgewonden,3,Fiets,9,personenauto,Op Kruispunt,Gemeenteweg,binnen bebouwde kom,Tss. 2 best.: langs opzij (voor-/achterkant-flank),Geen hindernis
47124,54,Brugge teller 2,Brugge,51.23015,3.22818,1.8849127263465353,51.21484782827037,3.2165346578390714,2024,5,14,31005,Brugge,Normaal,Droog,Dag,met lichtgewonden,3,Fiets,9,personenauto,Buiten Kruispunt,Gewestweg,binnen bebouwde kom,Tss. 2 best.: langs opzij (voor-/achterkant-flank),Geen hindernis
47124,53,Brugge teller 1,Brugge,51.23023,3.228,1.8876098600817255,51.21484782827037,3.2165346578390714,2024,5,14,31005,Brugge,Normaal,Droog,Dag,met lichtgewonden,3,Fiets,9,personenauto,Buiten Kruispunt,Gewestweg,binnen bebouwde kom,Tss. 2 best.: langs opzij (voor-/achterkant-flank),Geen hindernis
47124,52,Brugge,Brugge,51.22632,3.24095,2.1256945892370407,51.21484782827037,3.2165346578390714,2024,5,14,31005,Brugge,Normaal,Droog,Dag,met lichtgewonden,3,Fiets,9,personenauto,Buiten Kruispunt,Gewestweg,binnen bebouwde kom,Tss. 2 best.: langs opzij (voor-/achterkant-flank),Geen hindernis
47124,142,TEST Validatie BRUGGE Y2H22022134,Brugge,51.22632,3.24095,2.1256945892370407,51.21484782827037,3.2165346578390714,2024,5,14,31005,Brugge,Normaal,Droog,Dag,met lichtgewonden,3,Fiets,9,personenauto,Buiten Kruispunt,Gewestweg,binnen bebouwde kom,Tss. 2 best.: langs opzij (voor-/achterkant-flank),Geen hindernis
47126,50,"Brugge, Sint-Andries",Brugge,51.19291,3.16252,1.5527742502611641,51.19768900208873,3.183458090245779,2024,4,16,31005,Brugge,Normaal,Droog,Dag,met lichtgewonden,3,Fiets,9,personenauto,Buiten Kruispunt,Gewestweg,binnen bebouwde kom,Tss. 2 best.: langs opzij (voor-/achterkant-flank),Geen hindernis
47126,51,"Brugge, Sint-Andries",Brugge,51.19281,3.16252,1.5566161856879928,51.19768900208873,3.183458090245779,2024,4,16,31005,Brugge,Normaal,Droog,Dag,met lichtgewonden,3,Fiets,9,personenauto,Buiten Kruispunt,Gewestweg,binnen bebouwde kom,Tss. 2 best.: langs opzij (voor-/achterkant-flank),Geen hindernis
47127,54,Brugge teller 2,Brugge,51.23015,3.22818,0.4259334456955406,51.22701481549333,3.231694417638732,2024,5,7,31005,Brugge,Normaal,Droog,Dag,met lichtgewonden,9,personenauto,3,Fiets,Op Kruispunt,Gemeenteweg,binnen bebouwde kom,Tss. 2 best.: langs opzij (voor-/achterkant-flank),Geen hindernis
47127,53,Brugge teller 1,Brugge,51.23023,3.228,0.4404453696815302,51.22701481549333,3.231694417638732,2024,5,7,31005,Brugge,Normaal,Droog,Dag,met lichtgewonden,9,personenauto,3,Fiets,Op Kruispunt,Gemeenteweg,binnen bebouwde kom,Tss. 2 best.: langs opzij (voor-/achterkant-flank),Geen hindernis
47127,52,Brugge,Brugge,51.22632,3.24095,0.6491250486656494,51.22701481549333,3.231694417638732,2024,5,7,31005,Brugge,Normaal,Droog,Dag,met lichtgewonden,9,personenauto,3,Fiets,Op Kruispunt,Gemeenteweg,binnen bebouwde kom,Tss. 2 best.: langs opzij (voor-/achterkant-flank),Geen hindernis
47127,142,TEST Validatie BRUGGE Y2H22022134,Brugge,51.22632,3.24095,0.6491250486656494,51.22701481549333,3.231694417638732,2024,5,7,31005,Brugge,Normaal,Droog,Dag,met lichtgewonden,9,personenauto,3,Fiets,Op Kruispunt,Gemeenteweg,binnen bebouwde kom,Tss. 2 best.: langs opzij (voor-/achterkant-flank),Geen hindernis
47128,142,TEST Validatie BRUGGE Y2H22022134,Brugge,51.22632,3.24095,2.0991159022346,51.20942783058133,3.2274949791334167,2024,5,16,31005,Brugge,Normaal,"Nat, plassen",Dag,met lichtgewonden,3,Fiets,9,personenauto,Buiten Kruispunt,Gewestweg,binnen bebouwde kom,Tss. 2 best.: langs opzij (voor-/achterkant-flank),Geen hindernis
47128,52,Brugge,Brugge,51.22632,3.24095,2.0991159022346,51.20942783058133,3.2274949791334167,2024,5,16,31005,Brugge,Normaal,"Nat, plassen",Dag,met lichtgewonden,3,Fiets,9,personenauto,Buiten Kruispunt,Gewestweg,binnen bebouwde kom,Tss. 2 best.: langs opzij (voor-/achterkant-flank),Geen hindernis
47128,54,Brugge teller 2,Brugge,51.23015,3.22818,2.3046939567763247,51.20942783058133,3.2274949791334167,2024,5,16,31005,Brugge,Normaal,"Nat, plassen",Dag,met lichtgewonden,3,Fiets,9,personenauto,Buiten Kruispunt,Gewestweg,binnen bebouwde kom,Tss. 2 best.: langs opzij (voor-/achterkant-flank),Geen hindernis
47128,53,Brugge teller 1,Brugge,51.23023,3.228,2.3133630967202583,51.20942783058133,3.2274949791334167,2024,5,16,31005,Brugge,Normaal,"Nat, plassen",Dag,met lichtgewonden,3,Fiets,9,personenauto,Buiten Kruispunt,Gewestweg,binnen bebouwde kom,Tss. 2 best.: langs opzij (voor-/achterkant-flank),Geen hindernis
47130,142,TEST Validatie BRUGGE Y2H22022134,Brugge,51.22632,3.24095,0.22859528529888246,51.22458661988611,3.239185037288153,2024,5,21,31005,Brugge,Normaal,Droog,Dageraad - schemering,met lichtgewonden,3,Fiets,9,personenauto,Buiten Kruispunt,Gewestweg,binnen bebouwde kom,Tss. 2 best.: langs opzij (voor-/achterkant-flank),Geen hindernis
47130,52,Brugge,Brugge,51.22632,3.24095,0.22859528529888246,51.22458661988611,3.239185037288153,2024,5,21,31005,Brugge,Normaal,Droog,Dageraad - schemering,met lichtgewonden,3,Fiets,9,personenauto,Buiten Kruispunt,Gewestweg,binnen bebouwde kom,Tss. 2 best.: langs opzij (voor-/achterkant-flank),Geen hindernis