crash_row_id,site_id,site_name,site_gemeente,site_lat,site_long,distance_km,crash_lat,crash_long,DT_YEAR_COLLISION,DT_MONTH_COLLISION,DT_TIME,CD_NIS,TX_MUNTY_COLLISION_NL,TX_WEATHER_NL,TX_ROAD_CONDITION_NL,TX_LIGHT_CONDITION_NL,TX_CLASS_ACCIDENTS_NL,CD_ROAD_USR_TYPE1,TX_ROAD_USR_TYPE1_NL,CD_ROAD_USR_TYPE2,TX_ROAD_USR_TYPE2_NL,TX_CROSSWAY_NL,CD_ROAD_TYPE_NL,TX_BUILD_UP_AREA_NL,TX_COLLISION_TYPE_NL,TX_OBSTACLES_NL
47130,54,Brugge teller 2,Brugge,51.23015,3.22818,0.9848552738102211,51.22458661988611,3.239185037288153,2024,5,21,31005,Brugge,Normaal,Droog,Dageraad - schemering,met lichtgewonden,3,Fiets,9,personenauto,Buiten Kruispunt,Gewestweg,binnen bebouwde kom,Tss. 2 best.: langs opzij (voor-/achterkant-flank),Geen hindernis
47130,53,Brugge teller 1,Brugge,51.23023,3.228,1.0001956564944252,51.22458661988611,3.239185037288153,2024,5,21,31005,Brugge,Normaal,Droog,Dageraad - schemering,met lichtgewonden,3,Fiets,9,personenauto,Buiten Kruispunt,Gewestweg,binnen bebouwde kom,Tss. 2 best.: langs opzij (voor-/achterkant-flank),Geen hindernis
47149,15,Oostende 2,Oostende,51.21371,2.92743,1.2311803661284586,51.20646843946472,2.9140600009276123,2024,5,9,35013,Oostende,Onbekend,Droog,Dag,met lichtgewonden,9,personenauto,3,Fiets,Buiten Kruispunt,Gemeenteweg,binnen bebouwde kom,Tussen 2 bestuurders: Flank tegen flank,Geen hindernis
47149,18,Oostende 1,Oostende,51.21378,2.92765,1.2478704432699483,51.20646843946472,2.9140600009276123,2024,5,9,35013,Oostende,Onbekend,Droog,Dag,met lichtgewonden,9,personenauto,3,Fiets,Buiten Kruispunt,Gemeenteweg,binnen bebouwde kom,Tussen 2 bestuurders: Flank tegen flank,Geen hindernis
47155,55,Torhout teller 1,Torhout,51.07161,3.08261,1.4967442159324988,51.06885269019138,3.1035772088788587,2024,5,13,31033,Torhout,Normaal,Droog,Dag,met lichtgewonden,3,Fiets,9,personenauto,Op Kruispunt,Gewestweg,binnen bebouwde kom,Tss. 2 best.: langs opzij (voor-/achterkant-flank),Geen hindernis
47155,56,Torhout teller 2,Torhout,51.07147,3.08244,1.505287496654957,51.06885269019138,3.1035772088788587,2024,5,13,31033,Torhout,Normaal,Droog,Dag,met lichtgewonden,3,Fiets,9,personenauto,Op Kruispunt,Gewestweg,binnen bebouwde kom,Tss. 2 best.: langs opzij (voor-/achterkant-flank),Geen hindernis
47157,56,Torhout teller 2,Torhout,51.07147,3.08244,1.5592175567229851,51.06018296688821,3.095680133358977,2024,5,17,31033,Torhout,Normaal,"Nat, plassen",Dag,met lichtgewonden,3,Fiets,5,Lichte vrachtauto,Op Kruispunt,Gewestweg,buiten bebouwde kom,Tussen 2 bestuurders: Flank tegen flank,Geen hindernis
47157,55,Torhout teller 1,Torhout,51.07161,3.08261,1.5648114682613918,51.06018296688821,3.095680133358977,2024,5,17,31033,Torhout,Normaal,"Nat, plassen",Dag,met lichtgewonden,3,Fiets,5,Lichte vrachtauto,Op Kruispunt,Gewestweg,buiten bebouwde kom,Tussen 2 bestuurders: Flank tegen flank,Geen hindernis
47158,55,Torhout teller 1,Torhout,51.07161,3.08261,0.9200178493039727,51.067764988028955,3.094269012462066,2024,5,10,31033,Torhout,Normaal,Droog,Dag,met lichtgewonden,9,personenauto,3,Fiets,Buiten Kruispunt,Gewestweg,binnen bebouwde kom,Tussen 2 bestuurders: Flank tegen flank,Geen hindernis
47158,56,Torhout teller 2,Torhout,51.07147,3.08244,0.9235041260267781,51.067764988028955,3.094269012462066,2024,5,10,31033,Torhout,Normaal,Droog,Dag,met lichtgewonden,9,personenauto,3,Fiets,Buiten Kruispunt,Gewestweg,binnen bebouwde kom,Tussen 2 bestuurders: Flank tegen flank,Geen hindernis
47160,84,Roeselare totem,Izegem,50.91717,3.18772,2.097969803526706,50.92235207192707,3.216498024003465,2024,5,14,36008,Izegem,Normaal,Droog,Dag,met lichtgewonden,3,Fiets,3,Fiets,Buiten Kruispunt,Gemeenteweg,binnen bebouwde kom,Tussen 2 bestuurders: Flank tegen flank,Geen hindernis
47164,84,Roeselare totem,Izegem,50.91717,3.18772,1.9423664211968916,50.907947041644306,3.211248469105333,2024,5,16,36008,Izegem,Normaal,Droog,Dag,met lichtgewonden,9,personenauto,3,Fiets,Op Kruispunt,Gewestweg,binnen bebouwde kom,Tussen 2 bestuurders: Frontale botsing,Geen hindernis
47165,143,Eco Display Classic Budastraat,Kortrijk,50.83066,3.26286,2.0781149228441786,50.84698443163764,3.2484517610460104,2024,5,14,34022,Kortrijk,Normaal,"Vuil (zand, grint, bladeren,...)",Dag,met lichtgewonden,3,Fiets,3,Fiets,Buiten Kruispunt,Gemeenteweg,binnen bebouwde kom,Tussen 2 bestuurders: Frontale botsing,Geen hindernis
47172,57,Meulebeke teller 1,Meulebeke,50.96056,3.24491,0.45256942266248856,50.96458166238644,3.2439164581493705,2024,5,16,37007,Meulebeke,Normaal,Droog,Dag,met lichtgewonden,9,personenauto,3,Fiets,Buiten Kruispunt,Gewestweg,buiten bebouwde kom,Tss. 2 best.: langs opzij (voor-/achterkant-flank),Geen hindernis
47172,58,Meulebeke teller 2,Meulebeke,50.96021,3.24471,0.4892732034771072,50.96458166238644,3.2439164581493705,2024,5,16,37007,Meulebeke,Normaal,Droog,Dag,met lichtgewonden,9,personenauto,3,Fiets,Buiten Kruispunt,Gewestweg,buiten bebouwde kom,Tss. 2 best.: langs opzij (voor-/achterkant-flank),Geen hindernis
47178,61,Wervik teller 2,Wervik,50.80555,3.0921,2.3378387664731886,50.79277325249698,3.118517722321538,2024,5,11,34027,Menen,Normaal,Droog,Dag,met lichtgewonden,3,Fiets,3,Fiets,Buiten Kruispunt,Gemeenteweg,binnen bebouwde kom,Tussen 2 bestuurders: Frontale botsing,Geen hindernis
47178,62,Wervik teller 1,Wervik,50.8058,3.09154,2.3859844603290172,50.79277325249698,3.118517722321538,2024,5,11,34027,Menen,Normaal,Droog,Dag,met lichtgewonden,3,Fiets,3,Fiets,Buiten Kruispunt,Gemeenteweg,binnen bebouwde kom,Tussen 2 bestuurders: Frontale botsing,Geen hindernis
47181,61,Wervik teller 2,Wervik,50.80555,3.0921,0.6150170488560961,50.80300422020056,3.0998697666289594,2024,5,7,34027,Menen,Normaal,Droog,Dag,met lichtgewonden,6,Bromfiets,3,Fiets,Buiten Kruispunt,Gewestweg,binnen bebouwde kom,Tussen 2 bestuurders: Flank tegen flank,Geen hindernis
47181,62,Wervik teller 1,Wervik,50.8058,3.09154,0.6627793326158359,50.80300422020056,3.0998697666289594,2024,5,7,34027,Menen,Normaal,Droog,Dag,met lichtgewonden,6,Bromfiets,3,Fiets,Buiten Kruispunt,Gewestweg,binnen bebouwde kom,Tussen 2 bestuurders: Flank tegen flank,Geen hindernis
47182,17,Kortrijk 2,Kortrijk,50.83339,3.27773,0.33521335497276455,50.83240062732361,3.273221224846639,2024,5,8,34022,Kortrijk,Normaal,Droog,Dag,met lichtgewonden,3,Fiets,3,Fiets,Op Kruispunt,Gewestweg,binnen bebouwde kom,Tussen 2 bestuurders: Flank tegen flank,Geen hindernis
47182,16,Kortrijk 1,Kortrijk,50.83332,3.27777,0.33541472304802095,50.83240062732361,3.273221224846639,2024,5,8,34022,Kortrijk,Normaal,Droog,Dag,met lichtgewonden,3,Fiets,3,Fiets,Op Kruispunt,Gewestweg,binnen bebouwde kom,Tussen 2 bestuurders: Flank tegen flank,Geen hindernis
47182,143,Eco Display Classic Budastraat,Kortrijk,50.83066,3.26286,0.7529797476192716,50.83240062732361,3.273221224846639,2024,5,8,34022,Kortrijk,Normaal,Droog,Dag,met lichtgewonden,3,Fiets,3,Fiets,Op Kruispunt,Gewestweg,binnen bebouwde kom,Tussen 2 bestuurders: Flank tegen flank,Geen hindernis
47182,75,Kortrijk teller 2,Kortrijk,50.81925,3.25731,1.8404611574657208,50.83240062732361,3.273221224846639,2024,5,8,34022,Kortrijk,Normaal,Droog,Dag,met lichtgewonden,3,Fiets,3,Fiets,Op Kruispunt,Gewestweg,binnen bebouwde kom,Tussen 2 bestuurders: Flank tegen flank,Geen hindernis
47182,74,Kortrijk teller 1,Kortrijk,50.81909,3.25728,1.8558997870213212,50.83240062732361,3.273221224846639,2024,5,8,34022,Kortrijk,Normaal,Droog,Dag,met lichtgewonden,3,Fiets,3,Fiets,Op Kruispunt,Gewestweg,binnen bebouwde kom,Tussen 2 bestuurders: Flank tegen flank,Geen hindernis
47183,143,Eco Display Classic Budastraat,Kortrijk,50.83066,3.26286,0.43820676134940467,50.82700650871806,3.260521065795795,2024,5,16,34022,Kortrijk,Normaal,Droog,Dag,met zwaargewonden,3,Fiets,3,Fiets,Buiten Kruispunt,Gemeenteweg,binnen bebouwde kom,Tss. 2 best.: langs opzij (voor-/achterkant-flank),Geen hindernis
47183,75,Kortrijk teller 2,Kortrijk,50.81925,3.25731,0.8914905164601726,50.82700650871806,3.260521065795795,2024,5,16,34022,Kortrijk,Normaal,Droog,Dag,met zwaargewonden,3,Fiets,3,Fiets,Buiten Kruispunt,Gemeenteweg,binnen bebouwde kom,Tss. 2 best.: langs opzij (voor-/achterkant-flank),Geen hindernis
47183,74,Kortrijk teller 1,Kortrijk,50.81909,3.25728,0.90923944483699,50.82700650871806,3.260521065795795,2024,5,16,34022,Kortrijk,Normaal,Droog,Dag,met zwaargewonden,3,Fiets,3,Fiets,Buiten Kruispunt,Gemeenteweg,binnen bebouwde kom,Tss. 2 best.: langs opzij (voor-/achterkant-flank),Geen hindernis
47183,16,Kortrijk 1,Kortrijk,50.83332,3.27777,1.400158695545866,50.82700650871806,3.260521065795795,2024,5,16,34022,Kortrijk,Normaal,Droog,Dag,met zwaargewonden,3,Fiets,3,Fiets,Buiten Kruispunt,Gemeenteweg,binnen bebouwde kom,Tss. 2 best.: langs opzij (voor-/achterkant-flank),Geen hindernis
47183,17,Kortrijk 2,Kortrijk,50.83339,3.27773,1.4016535416133173,50.82700650871806,3.260521065795795,2024,5,16,34022,Kortrijk,Normaal,Droog,Dag,met zwaargewonden,3,Fiets,3,Fiets,Buiten Kruispunt,Gemeenteweg,binnen bebouwde kom,Tss. 2 best.: langs opzij (voor-/achterkant-flank),Geen hindernis
47184,16,Kortrijk 1,Kortrijk,50.83332,3.27777,1.6057569874533035,50.81935790118847,3.283608165599786,2024,5,11,34022,Kortrijk,Onbekend,Onbekend,Dag,met lichtgewonden,9,personenauto,3,Fiets,Buiten Kruispunt,Gemeenteweg,onbekend,Tussen 2 bestuurders: Flank tegen flank,Geen hindernis
47184,17,Kortrijk 2,Kortrijk,50.83339,3.27773,1.6140001157995758,50.81935790118847,3.283608165599786,2024,5,11,34022,Kortrijk,Onbekend,Onbekend,Dag,met lichtgewonden,9,personenauto,3,Fiets,Buiten Kruispunt,Gemeenteweg,onbekend,Tussen 2 bestuurders: Flank tegen flank,Geen hindernis
47184,75,Kortrijk teller 2,Kortrijk,50.81925,3.25731,1.847469720664674,50.81935790118847,3.283608165599786,2024,5,11,34022,Kortrijk,Onbekend,Onbekend,Dag,met lichtgewonden,9,personenauto,3,Fiets,Buiten Kruispunt,Gemeenteweg,onbekend,Tussen 2 bestuurders: Flank tegen flank,Geen hindernis
47184,74,Kortrijk teller 1,Kortrijk,50.81909,3.25728,1.849781293238182,50.81935790118847,3.283608165599786,2024,5,11,34022,Kortrijk,Onbekend,Onbekend,Dag,met lichtgewonden,9,personenauto,3,Fiets,Buiten Kruispunt,Gemeenteweg,onbekend,Tussen 2 bestuurders: Flank tegen flank,Geen hindernis
47184,143,Eco Display Classic Budastraat,Kortrijk,50.83066,3.26286,1.9243981405261745,50.81935790118847,3.283608165599786,2024,5,11,34022,Kortrijk,Onbekend,Onbekend,Dag,met lichtgewonden,9,personenauto,3,Fiets,Buiten Kruispunt,Gemeenteweg,onbekend,Tussen 2 bestuurders: Flank tegen flank,Geen hindernis
47185,143,Eco Display Classic Budastraat,Kortrijk,50.83066,3.26286,0.5637141224023587,50.83566703141625,3.264117237005618,2024,5,14,34022,Kortrijk,Normaal,Droog,Dag,met zwaargewonden,5,Lichte vrachtauto,3,Fiets,Buiten Kruispunt,Gewestweg,binnen bebouwde kom,Kettingbotsing (3 bestuurders of meer),Geen hindernis
47185,17,Kortrijk 2,Kortrijk,50.83339,3.27773,0.9889383627908257,50.83566703141625,3.264117237005618,2024,5,14,34022,Kortrijk,Normaal,Droog,Dag,met zwaargewonden,5,Lichte vrachtauto,3,Fiets,Buiten Kruispunt,Gewestweg,binnen bebouwde kom,Kettingbotsing (3 bestuurders of meer),Geen hindernis
47185,16,Kortrijk 1,Kortrijk,50.83332,3.27777,0.993670610944824,50.83566703141625,3.264117237005618,2024,5,14,34022,Kortrijk,Normaal,Droog,Dag,met zwaargewonden,5,Lichte vrachtauto,3,Fiets,Buiten Kruispunt,Gewestweg,binnen bebouwde kom,Kettingbotsing (3 bestuurders of meer),Geen hindernis
47185,75,Kortrijk teller 2,Kortrijk,50.81925,3.25731,1.8870653253488041,50.83566703141625,3.264117237005618,2024,5,14,34022,Kortrijk,Normaal,Droog,Dag,met zwaargewonden,5,Lichte vrachtauto,3,Fiets,Buiten Kruispunt,Gewestweg,binnen bebouwde kom,Kettingbotsing (3 bestuurders of meer),Geen hindernis
47185,74,Kortrijk teller 1,Kortrijk,50.81909,3.25728,1.9048116714156431,50.83566703141625,3.264117237005618,2024,5,14,34022,Kortrijk,Normaal,Droog,Dag,met zwaargewonden,5,Lichte vrachtauto,3,Fiets,Buiten Kruispunt,Gewestweg,binnen bebouwde kom,Kettingbotsing (3 bestuurders of meer),Geen hindernis
47186,17,Kortrijk 2,Kortrijk,50.83339,3.27773,0.4631887178118779,50.834844657814166,3.2715496494621257,2024,5,13,34022,Kortrijk,Onbekend,Droog,Dag,met lichtgewonden,3,Fiets,9,personenauto,Buiten Kruispunt,Gemeenteweg,binnen bebouwde kom,Tussen 2 bestuurders: Frontale botsing,Geen hindernis
47186,16,Kortrijk 1,Kortrijk,50.83332,3.27777,0.4685819174018187,50.834844657814166,3.2715496494621257,2024,5,13,34022,Kortrijk,Onbekend,Droog,Dag,met lichtgewonden,3,Fiets,9,personenauto,Buiten Kruispunt,Gemeenteweg,binnen bebouwde kom,Tussen 2 bestuurders: Frontale botsing,Geen hindernis
47186,143,Eco Display Classic Budastraat,Kortrijk,50.83066,3.26286,0.7674253780167339,50.834844657814166,3.2715496494621257,2024,5,13,34022,Kortrijk,Onbekend,Droog,Dag,met lichtgewonden,3,Fiets,9,personenauto,Buiten Kruispunt,Gemeenteweg,binnen bebouwde kom,Tussen 2 bestuurders: Frontale botsing,Geen hindernis
47186,75,Kortrijk teller 2,Kortrijk,50.81925,3.25731,2.0018093681521525,50.834844657814166,3.2715496494621257,2024,5,13,34022,Kortrijk,Onbekend,Droog,Dag,met lichtgewonden,3,Fiets,9,personenauto,Buiten Kruispunt,Gemeenteweg,binnen bebouwde kom,Tussen 2 bestuurders: Frontale botsing,Geen hindernis
47186,74,Kortrijk teller 1,Kortrijk,50.81909,3.25728,2.0182868000504715,50.834844657814166,3.2715496494621257,2024,5,13,34022,Kortrijk,Onbekend,Droog,Dag,met lichtgewonden,3,Fiets,9,personenauto,Buiten Kruispunt,Gemeenteweg,binnen bebouwde kom,Tussen 2 bestuurders: Frontale botsing,Geen hindernis
47187,17,Kortrijk 2,Kortrijk,50.83339,3.27773,0.4386858218166865,50.83383667500307,3.2715235616951026,2024,5,11,34022,Kortrijk,Normaal,Droog,Dag,met lichtgewonden,3,Fiets,9,personenauto,Buiten Kruispunt,Gewestweg,binnen bebouwde kom,Tss. 2 best.: langs opzij (voor-/achterkant-flank),Geen hindernis
47187,16,Kortrijk 1,Kortrijk,50.83332,3.27777,0.4424206162674596,50.83383667500307,3.2715235616951026,2024,5,11,34022,Kortrijk,Normaal,Droog,Dag,met lichtgewonden,3,Fiets,9,personenauto,Buiten Kruispunt,Gewestweg,binnen bebouwde kom,Tss. 2 best.: langs opzij (voor-/achterkant-flank),Geen hindernis
47187,143,Eco Display Classic Budastraat,Kortrijk,50.83066,3.26286,0.7035428225608892,50.83383667500307,3.2715235616951026,2024,5,11,34022,Kortrijk,Normaal,Droog,Dag,met lichtgewonden,3,Fiets,9,personenauto,Buiten Kruispunt,Gewestweg,binnen bebouwde kom,Tss. 2 best.: langs opzij (voor-/achterkant-flank),Geen hindernis
47187,75,Kortrijk teller 2,Kortrijk,50.81925,3.25731,1.9045865641779443,50.83383667500307,3.2715235616951026,2024,5,11,34022,Kortrijk,Normaal,Droog,Dag,met lichtgewonden,3,Fiets,9,personenauto,Buiten Kruispunt,Gewestweg,binnen bebouwde kom,Tss. 2 best.: langs opzij (voor-/achterkant-flank),Geen hindernis
47187,74,Kortrijk teller 1,Kortrijk,50.81909,3.25728,1.9208578899412538,50.83383667500307,3.2715235616951026,2024,5,11,34022,Kortrijk,Normaal,Droog,Dag,met lichtgewonden,3,Fiets,9,personenauto,Buiten Kruispunt,Gewestweg,binnen bebouwde kom,Tss. 2 best.: langs opzij (voor-/achterkant-flank),Geen hindernis
47188,143,Eco Display Classic Budastraat,Kortrijk,50.83066,3.26286,0.5220249871962609,50.8274146307651,3.257489363354737,2024,5,9,34022,Kortrijk,Normaal,Droog,Dag,met lichtgewonden,8,Voetganger,3,Fiets,Buiten Kruispunt,Gewestweg,binnen bebouwde kom,Met een voetganger,Geen vermelding van de aanwezigheid van een hindernis
47188,75,Kortrijk teller 2,Kortrijk,50.81925,3.25731,0.9079529379392752,50.8274146307651,3.257489363354737,2024,5,9,34022,Kortrijk,Normaal,Droog,Dag,met lichtgewonden,8,Voetganger,3,Fiets,Buiten Kruispunt,Gewestweg,binnen bebouwde kom,Met een voetganger,Geen vermelding van de aanwezigheid van een hindernis
47188,74,Kortrijk teller 1,Kortrijk,50.81909,3.25728,0.9257735242468865,50.8274146307651,3.257489363354737,2024,5,9,34022,Kortrijk,Normaal,Droog,Dag,met lichtgewonden,8,Voetganger,3,Fiets,Buiten Kruispunt,Gewestweg,binnen bebouwde kom,Met een voetganger,Geen vermelding van de aanwezigheid van een hindernis
47188,16,Kortrijk 1,Kortrijk,50.83332,3.27777,1.5684393312220972,50.8274146307651,3.257489363354737,2024,5,9,34022,Kortrijk,Normaal,Droog,Dag,met lichtgewonden,8,Voetganger,3,Fiets,Buiten Kruispunt,Gewestweg,binnen bebouwde kom,Met een voetganger,Geen vermelding van de aanwezigheid van een hindernis
47188,17,Kortrijk 2,Kortrijk,50.83339,3.27773,1.5691674953049053,50.8274146307651,3.257489363354737,2024,5,9,34022,Kortrijk,Normaal,Droog,Dag,met lichtgewonden,8,Voetganger,3,Fiets,Buiten Kruispunt,Gewestweg,binnen bebouwde kom,Met een voetganger,Geen vermelding van de aanwezigheid van een hindernis
47190,143,Eco Display Classic Budastraat,Kortrijk,50.83066,3.26286,0.5067522704338366,50.82778715514427,3.257258967960819,2024,5,3,34022,Kortrijk,Regenval,"Nat, plassen","Nacht, openbare verlichting aanwezig en ontstoken",met lichtgewonden,3,Fiets,9,personenauto,Op Kruispunt,Gewestweg,binnen bebouwde kom,Tss. 2 best.: langs opzij (voor-/achterkant-flank),Geen hindernis
47190,75,Kortrijk teller 2,Kortrijk,50.81925,3.25731,0.9492951080649071,50.82778715514427,3.257258967960819,2024,5,3,34022,Kortrijk,Regenval,"Nat, plassen","Nacht, openbare verlichting aanwezig en ontstoken",met lichtgewonden,3,Fiets,9,personenauto,Op Kruispunt,Gewestweg,binnen bebouwde kom,Tss. 2 best.: langs opzij (voor-/achterkant-flank),Geen hindernis
47190,74,Kortrijk teller 1,Kortrijk,50.81909,3.25728,0.9670806567244415,50.82778715514427,3.257258967960819,2024,5,3,34022,Kortrijk,Regenval,"Nat, plassen","Nacht, openbare verlichting aanwezig en ontstoken",met lichtgewonden,3,Fiets,9,personenauto,Op Kruispunt,Gewestweg,binnen bebouwde kom,Tss. 2 best.: langs opzij (voor-/achterkant-flank),Geen hindernis
47190,16,Kortrijk 1,Kortrijk,50.83332,3.27777,1.566415939053795,50.82778715514427,3.257258967960819,2024,5,3,34022,Kortrijk,Regenval,"Nat, plassen","Nacht, openbare verlichting aanwezig en ontstoken",met lichtgewonden,3,Fiets,9,personenauto,Op Kruispunt,Gewestweg,binnen bebouwde kom,Tss. 2 best.: langs opzij (voor-/achterkant-flank),Geen hindernis
47190,17,Kortrijk 2,Kortrijk,50.83339,3.27773,1.566910279557021,50.82778715514427,3.257258967960819,2024,5,3,34022,Kortrijk,Regenval,"Nat, plassen","Nacht, openbare verlichting aanwezig en ontstoken",met lichtgewonden,3,Fiets,9,personenauto,Op Kruispunt,Gewestweg,binnen bebouwde kom,Tss. 2 best.: langs opzij (voor-/achterkant-flank),Geen hindernis
47202,16,Kortrijk 1,Kortrijk,50.83332,3.27777,2.4553895230335545,50.83647897012722,3.312374506426155,2024,5,19,34013,Harelbeke,Normaal,Droog,Dag,met lichtgewonden,3,Fiets,6,Bromfiets,Buiten Kruispunt,Gemeenteweg,binnen bebouwde kom,Tussen 2 bestuurders: Frontale botsing,Geen hindernis
47202,17,Kortrijk 2,Kortrijk,50.83339,3.27773,2.457067723706997,50.83647897012722,3.312374506426155,2024,5,19,34013,Harelbeke,Normaal,Droog,Dag,met lichtgewonden,3,Fiets,6,Bromfiets,Buiten Kruispunt,Gemeenteweg,binnen bebouwde kom,Tussen 2 bestuurders: Frontale botsing,Geen hindernis
47211,64,Nieuwpoort teller 1,Nieuwpoort,51.13359,2.75737,1.2746032450491693,51.137729363771086,2.774405316266382,2024,5,16,38016,Nieuwpoort,Normaal,Droog,Dag,met lichtgewonden,3,Fiets,11,een weggebruiker tegen een hindernis,Buiten Kruispunt,Gewestweg,buiten bebouwde kom,Weggebruiker tegen hindernis op de rijbaan,"Op de rijbaan: Werken (signal., aarde, toestel,…)"
47211,65,Nieuwpoort teller 2,Nieuwpoort,51.13435,2.75511,1.3977284576806293,51.137729363771086,2.774405316266382,2024,5,16,38016,Nieuwpoort,Normaal,Droog,Dag,met lichtgewonden,3,Fiets,11,een weggebruiker tegen een hindernis,Buiten Kruispunt,Gewestweg,buiten bebouwde kom,Weggebruiker tegen hindernis op de rijbaan,"Op de rijbaan: Werken (signal., aarde, toestel,…)"
47211,66,Nieuwpoort totem,Nieuwpoort,51.1347,2.74369,2.1693684414637873,51.137729363771086,2.774405316266382,2024,5,16,38016,Nieuwpoort,Normaal,Droog,Dag,met lichtgewonden,3,Fiets,11,een weggebruiker tegen een hindernis,Buiten Kruispunt,Gewestweg,buiten bebouwde kom,Weggebruiker tegen hindernis op de rijbaan,"Op de rijbaan: Werken (signal., aarde, toestel,…)"
47211,63,Nieuwpoort teller 3,Nieuwpoort,51.13529,2.74289,2.2155266462338465,51.137729363771086,2.774405316266382,2024,5,16,38016,Nieuwpoort,Normaal,Droog,Dag,met lichtgewonden,3,Fiets,11,een weggebruiker tegen een hindernis,Buiten Kruispunt,Gewestweg,buiten bebouwde kom,Weggebruiker tegen hindernis op de rijbaan,"Op de rijbaan: Werken (signal., aarde, toestel,…)"
47218,67,Ieper totem,Ieper,50.85018,2.85624,2.1990412965822155,50.85681929848226,2.8857481942183503,2024,5,15,33011,Ieper,Normaal,Droog,Dag,met lichtgewonden,3,Fiets,10,"één bestuurder, geen hindernis",Buiten Kruispunt,Gewestweg,binnen bebouwde kom,"Eén bestuurder, geen hindernis (incl. val)",Geen hindernis
47218,68,Ieper,Ieper,50.85032,2.85608,2.2044690316185735,50.85681929848226,2.8857481942183503,2024,5,15,33011,Ieper,Normaal,Droog,Dag,met lichtgewonden,3,Fiets,10,"één bestuurder, geen hindernis",Buiten Kruispunt,Gewestweg,binnen bebouwde kom,"Eén bestuurder, geen hindernis (incl. val)",Geen hindernis
47220,67,Ieper totem,Ieper,50.85018,2.85624,2.4618073392525353,50.85789506260029,2.889111668410472,2024,5,14,33011,Ieper,Normaal,Droog,Dag,met zwaargewonden,9,personenauto,3,Fiets,Op Kruispunt,Gewestweg,binnen bebouwde kom,Tss. 2 best.: langs opzij (voor-/achterkant-flank),Geen hindernis
47220,68,Ieper,Ieper,50.85032,2.85608,2.466976214088766,50.85789506260029,2.889111668410472,2024,5,14,33011,Ieper,Normaal,Droog,Dag,met zwaargewonden,9,personenauto,3,Fiets,Op Kruispunt,Gewestweg,binnen bebouwde kom,Tss. 2 best.: langs opzij (voor-/achterkant-flank),Geen hindernis
47224,67,Ieper totem,Ieper,50.85018,2.85624,1.7980603339910102,50.856412929576365,2.8798747528023068,2024,5,11,33011,Ieper,Normaal,Droog,Dag,met zwaargewonden,3,Fiets,10,"één bestuurder, geen hindernis",Buiten Kruispunt,Gemeenteweg,binnen bebouwde kom,"Eén bestuurder, geen hindernis (incl. val)",Geen hindernis
47224,68,Ieper,Ieper,50.85032,2.85608,1.802518281643915,50.856412929576365,2.8798747528023068,2024,5,11,33011,Ieper,Normaal,Droog,Dag,met zwaargewonden,3,Fiets,10,"één bestuurder, geen hindernis",Buiten Kruispunt,Gemeenteweg,binnen bebouwde kom,"Eén bestuurder, geen hindernis (incl. val)",Geen hindernis
47242,140,Hasselt ring,Hasselt,50.9300038,5.3438616,1.0592848080241097,50.93413161683386,5.330238839865188,2024,5,17,71022,Hasselt,Normaal,Droog,Dag,met lichtgewonden,9,personenauto,3,Fiets,Buiten Kruispunt,Gemeenteweg,binnen bebouwde kom,Tussen 2 bestuurders: Langs achteren,Geen hindernis
47242,138,Hasselt-Kempische brug,Hasselt,50.9405318,5.3422472,1.1020449740397642,50.93413161683386,5.330238839865188,2024,5,17,71022,Hasselt,Normaal,Droog,Dag,met lichtgewonden,9,personenauto,3,Fiets,Buiten Kruispunt,Gemeenteweg,binnen bebouwde kom,Tussen 2 bestuurders: Langs achteren,Geen hindernis
47242,137,Hasselt-Kempische brug,Hasselt,50.9411605,5.3417576,1.123532905620499,50.93413161683386,5.330238839865188,2024,5,17,71022,Hasselt,Normaal,Droog,Dag,met lichtgewonden,9,personenauto,3,Fiets,Buiten Kruispunt,Gemeenteweg,binnen bebouwde kom,Tussen 2 bestuurders: Langs achteren,Geen hindernis
47248,140,Hasselt ring,Hasselt,50.9300038,5.3438616,0.5373403477033869,50.93396740220893,5.339475290738993,2024,5,14,71022,Hasselt,Normaal,Droog,Dag,met lichtgewonden,3,Fiets,3,Fiets,Op Kruispunt,Gewestweg,binnen bebouwde kom,Tss. 2 best.: langs opzij (voor-/achterkant-flank),Geen hindernis
47248,138,Hasselt-Kempische brug,Hasselt,50.9405318,5.3422472,0.7553283123646323,50.93396740220893,5.339475290738993,2024,5,14,71022,Hasselt,Normaal,Droog,Dag,met lichtgewonden,3,Fiets,3,Fiets,Op Kruispunt,Gewestweg,binnen bebouwde kom,Tss. 2 best.: langs opzij (voor-/achterkant-flank),Geen hindernis
47248,137,Hasselt-Kempische brug,Hasselt,50.9411605,5.3417576,0.8156674856663229,50.93396740220893,5.339475290738993,2024,5,14,71022,Hasselt,Normaal,Droog,Dag,met lichtgewonden,3,Fiets,3,Fiets,Op Kruispunt,Gewestweg,binnen bebouwde kom,Tss. 2 best.: langs opzij (voor-/achterkant-flank),Geen hindernis
47249,140,Hasselt ring,Hasselt,50.9300038,5.3438616,0.822731038962471,50.92794069114545,5.332588028696949,2024,5,14,71022,Hasselt,Normaal,Droog,Dag,met lichtgewonden,3,Fiets,3,Fiets,Op Kruispunt,Gemeenteweg,binnen bebouwde kom,Tussen 2 bestuurders: Frontale botsing,Geen hindernis
47249,138,Hasselt-Kempische brug,Hasselt,50.9405318,5.3422472,1.555106081770065,50.92794069114545,5.332588028696949,2024,5,14,71022,Hasselt,Normaal,Droog,Dag,met lichtgewonden,3,Fiets,3,Fiets,Op Kruispunt,Gemeenteweg,binnen bebouwde kom,Tussen 2 bestuurders: Frontale botsing,Geen hindernis