crash_row_id,site_id,site_name,site_gemeente,site_lat,site_long,distance_km,crash_lat,crash_long,DT_YEAR_COLLISION,DT_MONTH_COLLISION,DT_TIME,CD_NIS,TX_MUNTY_COLLISION_NL,TX_WEATHER_NL,TX_ROAD_CONDITION_NL,TX_LIGHT_CONDITION_NL,TX_CLASS_ACCIDENTS_NL,CD_ROAD_USR_TYPE1,TX_ROAD_USR_TYPE1_NL,CD_ROAD_USR_TYPE2,TX_ROAD_USR_TYPE2_NL,TX_CROSSWAY_NL,CD_ROAD_TYPE_NL,TX_BUILD_UP_AREA_NL,TX_COLLISION_TYPE_NL,TX_OBSTACLES_NL
47249,137,Hasselt-Kempische brug,Hasselt,50.9411605,5.3417576,1.6042816168167444,50.92794069114545,5.332588028696949,2024,5,14,71022,Hasselt,Normaal,Droog,Dag,met lichtgewonden,3,Fiets,3,Fiets,Op Kruispunt,Gemeenteweg,binnen bebouwde kom,Tussen 2 bestuurders: Frontale botsing,Geen hindernis
47250,140,Hasselt ring,Hasselt,50.9300038,5.3438616,1.1822429258326588,50.92398477509107,5.357766464155136,2024,5,17,71022,Hasselt,Normaal,Droog,Dag,met lichtgewonden,9,personenauto,3,Fiets,Buiten Kruispunt,Gewestweg,buiten bebouwde kom,Tss. 2 best.: langs opzij (voor-/achterkant-flank),Geen hindernis
47250,138,Hasselt-Kempische brug,Hasselt,50.9405318,5.3422472,2.1373414979292282,50.92398477509107,5.357766464155136,2024,5,17,71022,Hasselt,Normaal,Droog,Dag,met lichtgewonden,9,personenauto,3,Fiets,Buiten Kruispunt,Gewestweg,buiten bebouwde kom,Tss. 2 best.: langs opzij (voor-/achterkant-flank),Geen hindernis
47250,137,Hasselt-Kempische brug,Hasselt,50.9411605,5.3417576,2.2149858585160396,50.92398477509107,5.357766464155136,2024,5,17,71022,Hasselt,Normaal,Droog,Dag,met lichtgewonden,9,personenauto,3,Fiets,Buiten Kruispunt,Gewestweg,buiten bebouwde kom,Tss. 2 best.: langs opzij (voor-/achterkant-flank),Geen hindernis
47251,138,Hasselt-Kempische brug,Hasselt,50.9405318,5.3422472,0.31513579414323045,50.93784039482838,5.3408381540648895,2024,5,13,71022,Hasselt,Regenval,"Nat, plassen",Dag,met lichtgewonden,9,personenauto,3,Fiets,Op Kruispunt,Gewestweg,binnen bebouwde kom,Tss. 2 best.: langs opzij (voor-/achterkant-flank),Geen hindernis
47251,137,Hasselt-Kempische brug,Hasselt,50.9411605,5.3417576,0.3747579144255165,50.93784039482838,5.3408381540648895,2024,5,13,71022,Hasselt,Regenval,"Nat, plassen",Dag,met lichtgewonden,9,personenauto,3,Fiets,Op Kruispunt,Gewestweg,binnen bebouwde kom,Tss. 2 best.: langs opzij (voor-/achterkant-flank),Geen hindernis
47251,140,Hasselt ring,Hasselt,50.9300038,5.3438616,0.8967776861223924,50.93784039482838,5.3408381540648895,2024,5,13,71022,Hasselt,Regenval,"Nat, plassen",Dag,met lichtgewonden,9,personenauto,3,Fiets,Op Kruispunt,Gewestweg,binnen bebouwde kom,Tss. 2 best.: langs opzij (voor-/achterkant-flank),Geen hindernis
47252,30,Herk De Stad,Herk-de-Stad,50.94374,5.17691,1.079932676382377,50.944183207442144,5.161512039383881,2024,5,10,71024,Herk-de-Stad,Normaal,Droog,Dag,met lichtgewonden,3,Fiets,11,een weggebruiker tegen een hindernis,Op Kruispunt,Gewestweg,binnen bebouwde kom,Weggebruiker tegen hindernis op de rijbaan,Op de rijbaan: Lading
47252,31,Herk De Stad,Herk-de-Stad,50.94366,5.1775,1.1216547791426394,50.944183207442144,5.161512039383881,2024,5,10,71024,Herk-de-Stad,Normaal,Droog,Dag,met lichtgewonden,3,Fiets,11,een weggebruiker tegen een hindernis,Op Kruispunt,Gewestweg,binnen bebouwde kom,Weggebruiker tegen hindernis op de rijbaan,Op de rijbaan: Lading
47253,140,Hasselt ring,Hasselt,50.9300038,5.3438616,0.32891211969503287,50.93038974050118,5.339208503281821,2024,5,12,71022,Hasselt,Normaal,Droog,Dag,met lichtgewonden,3,Fiets,3,Fiets,Op Kruispunt,Gemeenteweg,binnen bebouwde kom,Tss. 2 best.: langs opzij (voor-/achterkant-flank),Geen hindernis
47253,138,Hasselt-Kempische brug,Hasselt,50.9405318,5.3422472,1.147672196165075,50.93038974050118,5.339208503281821,2024,5,12,71022,Hasselt,Normaal,Droog,Dag,met lichtgewonden,3,Fiets,3,Fiets,Op Kruispunt,Gemeenteweg,binnen bebouwde kom,Tss. 2 best.: langs opzij (voor-/achterkant-flank),Geen hindernis
47253,137,Hasselt-Kempische brug,Hasselt,50.9411605,5.3417576,1.2109012096612644,50.93038974050118,5.339208503281821,2024,5,12,71022,Hasselt,Normaal,Droog,Dag,met lichtgewonden,3,Fiets,3,Fiets,Op Kruispunt,Gemeenteweg,binnen bebouwde kom,Tss. 2 best.: langs opzij (voor-/achterkant-flank),Geen hindernis
47254,140,Hasselt ring,Hasselt,50.9300038,5.3438616,0.8204722336327008,50.9345472327361,5.334636576000607,2024,5,18,71022,Hasselt,Normaal,Onbekend,Dag,met lichtgewonden,3,Fiets,6,Bromfiets,Op Kruispunt,Gemeenteweg,binnen bebouwde kom,Tussen 2 bestuurders: Frontale botsing,Geen hindernis
47254,138,Hasselt-Kempische brug,Hasselt,50.9405318,5.3422472,0.8527739848146797,50.9345472327361,5.334636576000607,2024,5,18,71022,Hasselt,Normaal,Onbekend,Dag,met lichtgewonden,3,Fiets,6,Bromfiets,Op Kruispunt,Gemeenteweg,binnen bebouwde kom,Tussen 2 bestuurders: Frontale botsing,Geen hindernis
47254,137,Hasselt-Kempische brug,Hasselt,50.9411605,5.3417576,0.8886701887934246,50.9345472327361,5.334636576000607,2024,5,18,71022,Hasselt,Normaal,Onbekend,Dag,met lichtgewonden,3,Fiets,6,Bromfiets,Op Kruispunt,Gemeenteweg,binnen bebouwde kom,Tussen 2 bestuurders: Frontale botsing,Geen hindernis
47255,76,Heverlee teller 2,Leuven,50.84606,4.69597,2.203082007116889,50.83921128169846,4.666527649958635,2024,5,13,24086,Oud-Heverlee,Regenval,"Nat, plassen",Dag,met lichtgewonden,5,Lichte vrachtauto,3,Fiets,Buiten Kruispunt,Gemeenteweg,binnen bebouwde kom,Tss. 2 best.: langs opzij (voor-/achterkant-flank),Geen hindernis
47255,108,Heverlee teller 1,Leuven,50.8471728,4.6954674,2.2164350467487024,50.83921128169846,4.666527649958635,2024,5,13,24086,Oud-Heverlee,Regenval,"Nat, plassen",Dag,met lichtgewonden,5,Lichte vrachtauto,3,Fiets,Buiten Kruispunt,Gemeenteweg,binnen bebouwde kom,Tss. 2 best.: langs opzij (voor-/achterkant-flank),Geen hindernis
47256,12,Tervuren,Kraainem,50.81896,4.47803,1.4649858205950066,50.82210126420497,4.498283172171682,2024,5,17,24104,Tervuren,Normaal,Droog,Dag,met lichtgewonden,9,personenauto,3,Fiets,Op Kruispunt,Gewestweg,buiten bebouwde kom,Tss. 2 best.: langs opzij (voor-/achterkant-flank),Geen hindernis
47257,14,Genk,Genk,50.97172,5.48927,1.4225051958454138,50.96312920848354,5.504322138901348,2024,5,12,71016,Genk,Normaal,Droog,Dag,met lichtgewonden,9,personenauto,3,Fiets,Buiten Kruispunt,Gemeenteweg,buiten bebouwde kom,Tss. 2 best.: langs opzij (voor-/achterkant-flank),Geen hindernis
47259,14,Genk,Genk,50.97172,5.48927,2.03111664343991,50.95448072308791,5.4796822857887,2024,5,16,71016,Genk,Onbekend,Onbekend,Dag,met lichtgewonden,3,Fiets,5,Lichte vrachtauto,Buiten Kruispunt,Gemeenteweg,buiten bebouwde kom,Tss. 2 best.: langs opzij (voor-/achterkant-flank),Geen hindernis
47260,14,Genk,Genk,50.97172,5.48927,1.7303007743565517,50.963288198210115,5.468502520311739,2024,5,14,71016,Genk,Onbekend,Onbekend,Dag,met lichtgewonden,8,Voetganger,3,Fiets,Buiten Kruispunt,Gewestweg,binnen bebouwde kom,Met een voetganger,Geen hindernis
47261,48,As,As,51.00509,5.60389,1.9599118421737127,50.99040449269749,5.5884022410437435,2024,5,12,71002,As,Onbekend,Droog,Dag,met lichtgewonden,3,Fiets,10,"één bestuurder, geen hindernis",Buiten Kruispunt,Gemeenteweg,buiten bebouwde kom,"Eén bestuurder, geen hindernis (incl. val)",Geen hindernis
47262,14,Genk,Genk,50.97172,5.48927,1.8310581212752715,50.96296797479077,5.467120810785813,2024,5,16,71016,Genk,Normaal,Droog,Dag,met lichtgewonden,9,personenauto,3,Fiets,Op Kruispunt,Gewestweg,buiten bebouwde kom,Tss. 2 best.: langs opzij (voor-/achterkant-flank),Geen hindernis
47264,139,Houthalen-Helchteren,Houthalen-Helchteren,51.0644267,5.3819796,0.8500651326853065,51.07205269999739,5.38112649626805,2024,5,10,72039,Houthalen-Helchteren,Normaal,Onbekend,Dag,met lichtgewonden,3,Fiets,10,"één bestuurder, geen hindernis",Op Kruispunt,Gewestweg,buiten bebouwde kom,"Eén bestuurder, geen hindernis (incl. val)",Geen hindernis
47265,14,Genk,Genk,50.97172,5.48927,0.9687242731138419,50.9763460424514,5.477546034783053,2024,5,15,71016,Genk,Normaal,Droog,Dag,met lichtgewonden,3,Fiets,10,"één bestuurder, geen hindernis",Buiten Kruispunt,Gemeenteweg,buiten bebouwde kom,"Eén bestuurder, geen hindernis (incl. val)",Geen hindernis
47268,49,Bokrijk,Genk,50.95264,5.41001,0.44878347481562153,50.9566058664212,5.408820721592287,2024,5,15,71016,Genk,Normaal,Droog,Dag,met lichtgewonden,3,Fiets,3,Fiets,Buiten Kruispunt,Gewestweg,buiten bebouwde kom,Tss. 2 best.: langs opzij (voor-/achterkant-flank),Geen hindernis
47269,14,Genk,Genk,50.97172,5.48927,0.8891227004509067,50.97540210903651,5.50054214797492,2024,5,12,71016,Genk,Normaal,Droog,Dag,met lichtgewonden,8,Voetganger,3,Fiets,Buiten Kruispunt,Gemeenteweg,buiten bebouwde kom,Met een voetganger,Geen hindernis
47271,25,Bree,Bree,51.13679500160176,5.597669323604317,0.9144592122907755,51.14429033479491,5.603063268822466,2024,5,13,72004,Bree,Normaal,"Nat, plassen",Dag,met lichtgewonden,3,Fiets,10,"één bestuurder, geen hindernis",Buiten Kruispunt,Gewestweg,binnen bebouwde kom,"Eén bestuurder, geen hindernis (incl. val)",Geen hindernis
47273,14,Genk,Genk,50.97172,5.48927,1.8832181684520213,50.955202342528494,5.483328816862834,2024,5,15,71016,Genk,Normaal,Droog,Dag,met lichtgewonden,9,personenauto,3,Fiets,Op Kruispunt,Gewestweg,binnen bebouwde kom,Tss. 2 best.: langs opzij (voor-/achterkant-flank),Geen hindernis
47274,139,Houthalen-Helchteren,Houthalen-Helchteren,51.0644267,5.3819796,1.1857069451214275,51.06071564353412,5.397886007440778,2024,5,8,72039,Houthalen-Helchteren,Normaal,Droog,Dag,met lichtgewonden,9,personenauto,3,Fiets,Op Kruispunt,Gewestweg,binnen bebouwde kom,Tss. 2 best.: langs opzij (voor-/achterkant-flank),Geen hindernis
47275,25,Bree,Bree,51.13679500160176,5.597669323604317,1.5661697928368787,51.14905077647069,5.586605505944153,2024,5,16,72004,Bree,Onbekend,Onbekend,Dag,met lichtgewonden,9,personenauto,3,Fiets,Op Kruispunt,Gemeenteweg,binnen bebouwde kom,Tussen 2 bestuurders: Langs achteren,Geen hindernis
47276,25,Bree,Bree,51.13679500160176,5.597669323604317,0.30306095100714386,51.13778678518098,5.59362340665812,2024,5,15,72004,Bree,Normaal,Droog,Dag,met zwaargewonden,3,Fiets,3,Fiets,Buiten Kruispunt,Gewestweg,binnen bebouwde kom,Tussen 2 bestuurders: Frontale botsing,Geen hindernis
47278,22,Tienen 2,Tienen,50.81330800184882,4.935984252796022,1.271366956315449,50.80308682624523,4.944093076596934,2024,5,10,24107,Tienen,Normaal,Droog,Dag,met lichtgewonden,9,personenauto,3,Fiets,Buiten Kruispunt,Gemeenteweg,binnen bebouwde kom,Tussen 2 bestuurders: Flank tegen flank,Geen hindernis
47278,24,Tienen 1,Tienen,50.8133795491886,4.935044252605416,1.3092558100556781,50.80308682624523,4.944093076596934,2024,5,10,24107,Tienen,Normaal,Droog,Dag,met lichtgewonden,9,personenauto,3,Fiets,Buiten Kruispunt,Gemeenteweg,binnen bebouwde kom,Tussen 2 bestuurders: Flank tegen flank,Geen hindernis
47278,23,Tienen 3,Tienen,50.81324,4.93447,1.315984060612812,50.80308682624523,4.944093076596934,2024,5,10,24107,Tienen,Normaal,Droog,Dag,met lichtgewonden,9,personenauto,3,Fiets,Buiten Kruispunt,Gemeenteweg,binnen bebouwde kom,Tussen 2 bestuurders: Flank tegen flank,Geen hindernis
47281,13,Gent,Gent,51.03018,3.70146,1.1476751424452292,51.02163218810457,3.692262720145217,2024,5,3,44021,Gent,Onbekend,Onbekend,Onbekend,met lichtgewonden,3,Fiets,2,Andere weggebruiker,Buiten Kruispunt,Gewestweg,onbekend,Tussen 2 bestuurders: Flank tegen flank,Geen hindernis
47282,131,Nevele,Deinze,51.0276612,3.558569,0.7224735126547968,51.032790050150496,3.552226588866084,2024,5,15,44083,Deinze,Normaal,Droog,Dag,met lichtgewonden,3,Fiets,2,Andere weggebruiker,Buiten Kruispunt,Gemeenteweg,binnen bebouwde kom,Tussen 2 bestuurders: Langs achteren,Geen hindernis
47285,99,Mechelen teller 1,Mechelen,51.04564,4.46882,0.6754294531379611,51.03991707893781,4.472058141564214,2024,5,8,12025,Mechelen,Regenval,"Nat, plassen",Dag,met lichtgewonden,1,Autobus,3,Fiets,Op Kruispunt,Gewestweg,binnen bebouwde kom,Tss. 2 best.: langs opzij (voor-/achterkant-flank),Geen hindernis
47285,100,Mechelen teller 2,Mechelen,51.0457,4.46883,0.6814870000869129,51.03991707893781,4.472058141564214,2024,5,8,12025,Mechelen,Regenval,"Nat, plassen",Dag,met lichtgewonden,1,Autobus,3,Fiets,Op Kruispunt,Gewestweg,binnen bebouwde kom,Tss. 2 best.: langs opzij (voor-/achterkant-flank),Geen hindernis
47287,99,Mechelen teller 1,Mechelen,51.04564,4.46882,2.2929648891728127,51.0250333348472,4.470047979465764,2024,5,8,12025,Mechelen,Normaal,Droog,Dag,met zwaargewonden,3,Fiets,3,Fiets,Op Kruispunt,Gewestweg,binnen bebouwde kom,Tss. 2 best.: langs opzij (voor-/achterkant-flank),Geen hindernis
47287,100,Mechelen teller 2,Mechelen,51.0457,4.46883,2.2996059143348964,51.0250333348472,4.470047979465764,2024,5,8,12025,Mechelen,Normaal,Droog,Dag,met zwaargewonden,3,Fiets,3,Fiets,Op Kruispunt,Gewestweg,binnen bebouwde kom,Tss. 2 best.: langs opzij (voor-/achterkant-flank),Geen hindernis
47289,109,Zemst,Zemst,50.9903936,4.4707023,2.08401253250659,51.009087580904065,4.472832223651307,2024,5,3,12025,Mechelen,Normaal,"Nat, plassen","Nacht, openbare verlichting aanwezig en ontstoken",met lichtgewonden,9,personenauto,3,Fiets,Buiten Kruispunt,Gemeenteweg,buiten bebouwde kom,Tussen 2 bestuurders: Flank tegen flank,Geen hindernis
47355,3,Brasschaat 1,Brasschaat,51.27503,4.47222,2.4949774745793,51.25331179228722,4.463211080219746,2024,6,11,11002,Antwerpen,Regenval,"Nat, plassen",Dag,met lichtgewonden,9,personenauto,3,Fiets,Op Kruispunt,Gemeenteweg,binnen bebouwde kom,Tss. 2 best.: langs opzij (voor-/achterkant-flank),Geen hindernis
47355,2,Brasschaat 2,Brasschaat,51.27512,4.47169,2.4956917935920755,51.25331179228722,4.463211080219746,2024,6,11,11002,Antwerpen,Regenval,"Nat, plassen",Dag,met lichtgewonden,9,personenauto,3,Fiets,Op Kruispunt,Gemeenteweg,binnen bebouwde kom,Tss. 2 best.: langs opzij (voor-/achterkant-flank),Geen hindernis
47440,3,Brasschaat 1,Brasschaat,51.27503,4.47222,2.2314175364198094,51.2929672239441,4.486606319987014,2024,6,4,11008,Brasschaat,Regenval,"Nat, plassen","Nacht, openbare verlichting aanwezig en ontstoken",met lichtgewonden,3,Fiets,9,personenauto,Buiten Kruispunt,Gemeenteweg,binnen bebouwde kom,Tussen 2 bestuurders: Flank tegen flank,Geen hindernis
47440,2,Brasschaat 2,Brasschaat,51.27512,4.47169,2.239312632071783,51.2929672239441,4.486606319987014,2024,6,4,11008,Brasschaat,Regenval,"Nat, plassen","Nacht, openbare verlichting aanwezig en ontstoken",met lichtgewonden,3,Fiets,9,personenauto,Buiten Kruispunt,Gemeenteweg,binnen bebouwde kom,Tussen 2 bestuurders: Flank tegen flank,Geen hindernis
47441,3,Brasschaat 1,Brasschaat,51.27503,4.47222,1.3276233974171703,51.28439849421171,4.484052927580764,2024,6,14,11008,Brasschaat,Normaal,Droog,Dag,met lichtgewonden,9,personenauto,3,Fiets,Op Kruispunt,Gemeenteweg,binnen bebouwde kom,Tss. 2 best.: langs opzij (voor-/achterkant-flank),Geen hindernis
47441,2,Brasschaat 2,Brasschaat,51.27512,4.47169,1.3430829113098601,51.28439849421171,4.484052927580764,2024,6,14,11008,Brasschaat,Normaal,Droog,Dag,met lichtgewonden,9,personenauto,3,Fiets,Op Kruispunt,Gemeenteweg,binnen bebouwde kom,Tss. 2 best.: langs opzij (voor-/achterkant-flank),Geen hindernis
47445,2,Brasschaat 2,Brasschaat,51.27512,4.47169,1.1506971683330074,51.28319378433639,4.461341291120854,2024,6,11,11008,Brasschaat,Normaal,Droog,Dag,met zwaargewonden,9,personenauto,3,Fiets,Op Kruispunt,Gemeenteweg,binnen bebouwde kom,Tss. 2 best.: langs opzij (voor-/achterkant-flank),Geen hindernis
47445,3,Brasschaat 1,Brasschaat,51.27503,4.47222,1.1817798348604769,51.28319378433639,4.461341291120854,2024,6,11,11008,Brasschaat,Normaal,Droog,Dag,met zwaargewonden,9,personenauto,3,Fiets,Op Kruispunt,Gemeenteweg,binnen bebouwde kom,Tss. 2 best.: langs opzij (voor-/achterkant-flank),Geen hindernis
47460,91,Brecht teller 2,Brecht,51.35739,4.62422,1.4296991718484393,51.34638568425877,4.6348679411269025,2024,6,14,11009,Brecht,Normaal,Droog,Dag,met lichtgewonden,9,personenauto,3,Fiets,Buiten Kruispunt,Gewestweg,binnen bebouwde kom,Tss. 2 best.: langs opzij (voor-/achterkant-flank),Geen hindernis
47460,90,Brecht teller 1,Brecht,51.35752,4.6243,1.439248984580294,51.34638568425877,4.6348679411269025,2024,6,14,11009,Brecht,Normaal,Droog,Dag,met lichtgewonden,9,personenauto,3,Fiets,Buiten Kruispunt,Gewestweg,binnen bebouwde kom,Tss. 2 best.: langs opzij (voor-/achterkant-flank),Geen hindernis
47479,96,Lier teller 2,Lier,51.11705,4.58444,2.4496766062949717,51.12490681275127,4.5516495593163135,2024,6,13,12021,Lier,Normaal,Droog,Dag,met zwaargewonden,9,personenauto,3,Fiets,Op Kruispunt,Gewestweg,buiten bebouwde kom,Tss. 2 best.: langs opzij (voor-/achterkant-flank),Geen hindernis
47479,95,Lier teller 1,Lier,51.11687,4.58437,2.4523396379414653,51.12490681275127,4.5516495593163135,2024,6,13,12021,Lier,Normaal,Droog,Dag,met zwaargewonden,9,personenauto,3,Fiets,Op Kruispunt,Gewestweg,buiten bebouwde kom,Tss. 2 best.: langs opzij (voor-/achterkant-flank),Geen hindernis
47480,96,Lier teller 2,Lier,51.11705,4.58444,1.9919639966272007,51.12202963419536,4.557025284890794,2024,6,14,12021,Lier,Normaal,Droog,Dag,met zwaargewonden,3,Fiets,3,Fiets,Buiten Kruispunt,Gemeenteweg,binnen bebouwde kom,Tussen 2 bestuurders: Langs achteren,Geen hindernis
47480,95,Lier teller 1,Lier,51.11687,4.58437,1.9929442735220622,51.12202963419536,4.557025284890794,2024,6,14,12021,Lier,Normaal,Droog,Dag,met zwaargewonden,3,Fiets,3,Fiets,Buiten Kruispunt,Gemeenteweg,binnen bebouwde kom,Tussen 2 bestuurders: Langs achteren,Geen hindernis
47482,92,Nijlen teller 1,Nijlen,51.14989,4.64479,1.6729173231058267,51.13891078538067,4.6283939730335835,2024,6,14,12026,Nijlen,Normaal,Droog,Dag,met lichtgewonden,3,Fiets,9,personenauto,Buiten Kruispunt,Gewestweg,binnen bebouwde kom,Tss. 2 best.: langs opzij (voor-/achterkant-flank),Geen hindernis
47482,93,Nijlen teller 2,Nijlen,51.14998,4.64469,1.675492758251321,51.13891078538067,4.6283939730335835,2024,6,14,12026,Nijlen,Normaal,Droog,Dag,met lichtgewonden,3,Fiets,9,personenauto,Buiten Kruispunt,Gewestweg,binnen bebouwde kom,Tss. 2 best.: langs opzij (voor-/achterkant-flank),Geen hindernis
47484,92,Nijlen teller 1,Nijlen,51.14989,4.64479,1.4562904006969097,51.13966048296306,4.631754141853244,2024,6,7,12026,Nijlen,Onbekend,Onbekend,Dag,met lichtgewonden,3,Fiets,3,Fiets,Buiten Kruispunt,Gemeenteweg,binnen bebouwde kom,Tss. 2 best.: langs opzij (voor-/achterkant-flank),Geen hindernis
47484,93,Nijlen teller 2,Nijlen,51.14998,4.64469,1.4597973570208918,51.13966048296306,4.631754141853244,2024,6,7,12026,Nijlen,Onbekend,Onbekend,Dag,met lichtgewonden,3,Fiets,3,Fiets,Buiten Kruispunt,Gemeenteweg,binnen bebouwde kom,Tss. 2 best.: langs opzij (voor-/achterkant-flank),Geen hindernis
47486,93,Nijlen teller 2,Nijlen,51.14998,4.64469,1.6940469463083545,51.14924526650447,4.6204313178181176,2024,6,14,12026,Nijlen,Normaal,Droog,Dag,met lichtgewonden,9,personenauto,3,Fiets,Op Kruispunt,Gemeenteweg,binnen bebouwde kom,Tss. 2 best.: langs opzij (voor-/achterkant-flank),Geen hindernis
47486,92,Nijlen teller 1,Nijlen,51.14989,4.64479,1.7005643759458944,51.14924526650447,4.6204313178181176,2024,6,14,12026,Nijlen,Normaal,Droog,Dag,met lichtgewonden,9,personenauto,3,Fiets,Op Kruispunt,Gemeenteweg,binnen bebouwde kom,Tss. 2 best.: langs opzij (voor-/achterkant-flank),Geen hindernis
47491,9,Heist op den Berg 2,Heist-op-den-Berg,51.06904,4.69524,1.2210965163481755,51.05818339099736,4.697868727822063,2024,6,8,12014,Heist-op-den-Berg,Normaal,Droog,Dag,met lichtgewonden,9,personenauto,3,Fiets,Op Kruispunt,Gemeenteweg,binnen bebouwde kom,Tss. 2 best.: langs opzij (voor-/achterkant-flank),Geen hindernis
47491,8,Heist op den Berg 1,Heist-op-den-Berg,51.06759,4.68823,1.2440873058564985,51.05818339099736,4.697868727822063,2024,6,8,12014,Heist-op-den-Berg,Normaal,Droog,Dag,met lichtgewonden,9,personenauto,3,Fiets,Op Kruispunt,Gemeenteweg,binnen bebouwde kom,Tss. 2 best.: langs opzij (voor-/achterkant-flank),Geen hindernis
47492,9,Heist op den Berg 2,Heist-op-den-Berg,51.06904,4.69524,1.5087297407599212,51.05770642088174,4.707110068268892,2024,6,13,12014,Heist-op-den-Berg,Normaal,Droog,Dag,met lichtgewonden,9,personenauto,3,Fiets,Op Kruispunt,Gemeenteweg,buiten bebouwde kom,Tussen 2 bestuurders: Frontale botsing,Geen hindernis
47492,8,Heist op den Berg 1,Heist-op-den-Berg,51.06759,4.68823,1.7171488219561093,51.05770642088174,4.707110068268892,2024,6,13,12014,Heist-op-den-Berg,Normaal,Droog,Dag,met lichtgewonden,9,personenauto,3,Fiets,Op Kruispunt,Gemeenteweg,buiten bebouwde kom,Tussen 2 bestuurders: Frontale botsing,Geen hindernis
47505,88,Westerlo teller 1,Westerlo,51.082,4.91325,1.279570899428857,51.091711042945754,4.923078858761147,2024,6,21,13049,Westerlo,Normaal,Droog,Dag,met lichtgewonden,9,personenauto,3,Fiets,Buiten Kruispunt,Gewestweg,binnen bebouwde kom,Tussen 2 bestuurders: Flank tegen flank,Geen hindernis
47505,89,Westerlo teller 2,Westerlo,51.08191,4.91334,1.2846882612025643,51.091711042945754,4.923078858761147,2024,6,21,13049,Westerlo,Normaal,Droog,Dag,met lichtgewonden,9,personenauto,3,Fiets,Buiten Kruispunt,Gewestweg,binnen bebouwde kom,Tussen 2 bestuurders: Flank tegen flank,Geen hindernis
47508,98,Geel teller 2,Geel,51.1481,4.99643,1.9188201762138841,51.165158675668756,4.992277289492816,2024,6,13,13008,Geel,Normaal,Droog,Dag,met lichtgewonden,3,Fiets,3,Fiets,Op Kruispunt,Gemeenteweg,binnen bebouwde kom,Tss. 2 best.: langs opzij (voor-/achterkant-flank),Geen hindernis
47508,97,Geel teller 1,Geel,51.14813,4.99698,1.9216960493159903,51.165158675668756,4.992277289492816,2024,6,13,13008,Geel,Normaal,Droog,Dag,met lichtgewonden,3,Fiets,3,Fiets,Op Kruispunt,Gemeenteweg,binnen bebouwde kom,Tss. 2 best.: langs opzij (voor-/achterkant-flank),Geen hindernis
47510,98,Geel teller 2,Geel,51.1481,4.99643,1.5376034181512073,51.16096380004034,4.988341814541081,2024,6,13,13008,Geel,Normaal,Droog,Dag,met lichtgewonden,3,Fiets,8,Voetganger,Buiten Kruispunt,Gemeenteweg,binnen bebouwde kom,Met een voetganger,Geen hindernis
47510,97,Geel teller 1,Geel,51.14813,4.99698,1.5490127145965564,51.16096380004034,4.988341814541081,2024,6,13,13008,Geel,Normaal,Droog,Dag,met lichtgewonden,3,Fiets,8,Voetganger,Buiten Kruispunt,Gemeenteweg,binnen bebouwde kom,Met een voetganger,Geen hindernis
47524,94,Herentals teller 2,Herentals,51.17345,4.81283,1.5462749326993088,51.166349746467,4.831899305999853,2024,6,8,13011,Herentals,Normaal,Droog,Dag,met lichtgewonden,9,personenauto,3,Fiets,Op Kruispunt,Gemeenteweg,binnen bebouwde kom,Tussen 2 bestuurders: Frontale botsing,Geen hindernis
47524,110,Herentals totem,Herentals,51.1739426,4.811783,1.6370304378763614,51.166349746467,4.831899305999853,2024,6,8,13011,Herentals,Normaal,Droog,Dag,met lichtgewonden,9,personenauto,3,Fiets,Op Kruispunt,Gemeenteweg,binnen bebouwde kom,Tussen 2 bestuurders: Frontale botsing,Geen hindernis
47528,94,Herentals teller 2,Herentals,51.17345,4.81283,2.4956167638120594,51.16700136248568,4.847115387728987,2024,6,15,13011,Herentals,Normaal,Droog,Dag,met zwaargewonden,3,Fiets,4,Vrachtwagen,Buiten Kruispunt,Gewestweg,buiten bebouwde kom,Tss. 2 best.: langs opzij (voor-/achterkant-flank),Geen hindernis
47531,38,Lommel teller 2,Lommel,51.23277,5.29189,2.361245748845944,51.21629629165534,5.313285946744819,2024,6,15,72020,Lommel,Normaal,Droog,Dag,met lichtgewonden,3,Fiets,9,personenauto,Buiten Kruispunt,Gewestweg,buiten bebouwde kom,Tss. 2 best.: langs opzij (voor-/achterkant-flank),Geen hindernis
47531,37,Lommel teller 1,Lommel,51.23299,5.29211,2.3707113396559385,51.21629629165534,5.313285946744819,2024,6,15,72020,Lommel,Normaal,Droog,Dag,met lichtgewonden,3,Fiets,9,personenauto,Buiten Kruispunt,Gewestweg,buiten bebouwde kom,Tss. 2 best.: langs opzij (voor-/achterkant-flank),Geen hindernis
47558,29,Tongeren,Tongeren,50.79286,5.52825,1.8895975136669023,50.7918264775332,5.555083126697365,2024,6,15,73066,Riemst,Normaal,Droog,Dag,met zwaargewonden,9,personenauto,3,Fiets,Buiten Kruispunt,Gemeenteweg,binnen bebouwde kom,Tss. 2 best.: langs opzij (voor-/achterkant-flank),Geen hindernis
47559,21,Bilzen,Bilzen,50.86015,5.50161,1.3537355986096418,50.86992075973529,5.5131173602233465,2024,6,23,73006,Bilzen,Onbekend,"Nat, plassen","Nacht, openbare verlichting aanwezig en ontstoken",met lichtgewonden,3,Fiets,8,Voetganger,Op Kruispunt,Gewestweg,binnen bebouwde kom,Met een voetganger,Geen hindernis
47566,151,Leuven,District Leuven,50.8690262,4.6854839,1.2850789108870435,50.862999665057515,4.701108558970234,2024,6,17,24062,Leuven,Onbekend,Onbekend,Onbekend,met lichtgewonden,3,Fiets,8,Voetganger,Buiten Kruispunt,Gemeenteweg,binnen bebouwde kom,Met een voetganger,Geen hindernis