crash_row_id,site_id,site_name,site_gemeente,site_lat,site_long,distance_km,crash_lat,crash_long,DT_YEAR_COLLISION,DT_MONTH_COLLISION,DT_TIME,CD_NIS,TX_MUNTY_COLLISION_NL,TX_WEATHER_NL,TX_ROAD_CONDITION_NL,TX_LIGHT_CONDITION_NL,TX_CLASS_ACCIDENTS_NL,CD_ROAD_USR_TYPE1,TX_ROAD_USR_TYPE1_NL,CD_ROAD_USR_TYPE2,TX_ROAD_USR_TYPE2_NL,TX_CROSSWAY_NL,CD_ROAD_TYPE_NL,TX_BUILD_UP_AREA_NL,TX_COLLISION_TYPE_NL,TX_OBSTACLES_NL
47566,69,Leuven teller 1,Leuven,50.87549,4.71526,1.707372004793598,50.862999665057515,4.701108558970234,2024,6,17,24062,Leuven,Onbekend,Onbekend,Onbekend,met lichtgewonden,3,Fiets,8,Voetganger,Buiten Kruispunt,Gemeenteweg,binnen bebouwde kom,Met een voetganger,Geen hindernis
47566,108,Heverlee teller 1,Leuven,50.8471728,4.6954674,1.8038669112153458,50.862999665057515,4.701108558970234,2024,6,17,24062,Leuven,Onbekend,Onbekend,Onbekend,met lichtgewonden,3,Fiets,8,Voetganger,Buiten Kruispunt,Gemeenteweg,binnen bebouwde kom,Met een voetganger,Geen hindernis
47566,76,Heverlee teller 2,Leuven,50.84606,4.69597,1.917831492212317,50.862999665057515,4.701108558970234,2024,6,17,24062,Leuven,Onbekend,Onbekend,Onbekend,met lichtgewonden,3,Fiets,8,Voetganger,Buiten Kruispunt,Gemeenteweg,binnen bebouwde kom,Met een voetganger,Geen hindernis
47567,107,leuven totem,Leuven,50.8870744,4.7087919,0.6796364818503594,50.8820266539576,4.71425483298505,2024,6,15,24062,Leuven,Normaal,Droog,Dag,met lichtgewonden,3,Fiets,8,Voetganger,Buiten Kruispunt,Gewestweg,binnen bebouwde kom,Met een voetganger,Geen hindernis
47567,77,Leuven teller 2,Leuven,50.88672,4.70796,0.6836360262124973,50.8820266539576,4.71425483298505,2024,6,15,24062,Leuven,Normaal,Droog,Dag,met lichtgewonden,3,Fiets,8,Voetganger,Buiten Kruispunt,Gewestweg,binnen bebouwde kom,Met een voetganger,Geen hindernis
47567,69,Leuven teller 1,Leuven,50.87549,4.71526,0.730255989659125,50.8820266539576,4.71425483298505,2024,6,15,24062,Leuven,Normaal,Droog,Dag,met lichtgewonden,3,Fiets,8,Voetganger,Buiten Kruispunt,Gewestweg,binnen bebouwde kom,Met een voetganger,Geen hindernis
47567,151,Leuven,District Leuven,50.8690262,4.6854839,2.4829200153900146,50.8820266539576,4.71425483298505,2024,6,15,24062,Leuven,Normaal,Droog,Dag,met lichtgewonden,3,Fiets,8,Voetganger,Buiten Kruispunt,Gewestweg,binnen bebouwde kom,Met een voetganger,Geen hindernis
47569,107,leuven totem,Leuven,50.8870744,4.7087919,1.534239278307714,50.89882700578536,4.720251989251406,2024,6,10,24062,Leuven,Onbekend,Droog,Dag,met lichtgewonden,3,Fiets,9,personenauto,Op Kruispunt,Gemeenteweg,binnen bebouwde kom,Tss. 2 best.: langs opzij (voor-/achterkant-flank),Geen hindernis
47569,77,Leuven teller 2,Leuven,50.88672,4.70796,1.598640381077841,50.89882700578536,4.720251989251406,2024,6,10,24062,Leuven,Onbekend,Droog,Dag,met lichtgewonden,3,Fiets,9,personenauto,Op Kruispunt,Gemeenteweg,binnen bebouwde kom,Tss. 2 best.: langs opzij (voor-/achterkant-flank),Geen hindernis
47570,151,Leuven,District Leuven,50.8690262,4.6854839,0.4885349218577215,50.872075206426956,4.6904964450945394,2024,6,18,24062,Leuven,Regenval,"Nat, plassen",Dag,met lichtgewonden,3,Fiets,9,personenauto,Op Kruispunt,Gewestweg,binnen bebouwde kom,Tss. 2 best.: langs opzij (voor-/achterkant-flank),Geen hindernis
47570,69,Leuven teller 1,Leuven,50.87549,4.71526,1.7785989407002316,50.872075206426956,4.6904964450945394,2024,6,18,24062,Leuven,Regenval,"Nat, plassen",Dag,met lichtgewonden,3,Fiets,9,personenauto,Op Kruispunt,Gewestweg,binnen bebouwde kom,Tss. 2 best.: langs opzij (voor-/achterkant-flank),Geen hindernis
47570,77,Leuven teller 2,Leuven,50.88672,4.70796,2.0378788425188907,50.872075206426956,4.6904964450945394,2024,6,18,24062,Leuven,Regenval,"Nat, plassen",Dag,met lichtgewonden,3,Fiets,9,personenauto,Op Kruispunt,Gewestweg,binnen bebouwde kom,Tss. 2 best.: langs opzij (voor-/achterkant-flank),Geen hindernis
47570,107,leuven totem,Leuven,50.8870744,4.7087919,2.1045813423703383,50.872075206426956,4.6904964450945394,2024,6,18,24062,Leuven,Regenval,"Nat, plassen",Dag,met lichtgewonden,3,Fiets,9,personenauto,Op Kruispunt,Gewestweg,binnen bebouwde kom,Tss. 2 best.: langs opzij (voor-/achterkant-flank),Geen hindernis
47571,69,Leuven teller 1,Leuven,50.87549,4.71526,0.6735801500110726,50.881528719493836,4.714501556852966,2024,6,9,24062,Leuven,Regenval,"Nat, plassen",Dag,met lichtgewonden,8,Voetganger,3,Fiets,Buiten Kruispunt,Gewestweg,binnen bebouwde kom,Met een voetganger,Geen hindernis
47571,107,leuven totem,Leuven,50.8870744,4.7087919,0.7353180395115102,50.881528719493836,4.714501556852966,2024,6,9,24062,Leuven,Regenval,"Nat, plassen",Dag,met lichtgewonden,8,Voetganger,3,Fiets,Buiten Kruispunt,Gewestweg,binnen bebouwde kom,Met een voetganger,Geen hindernis
47571,77,Leuven teller 2,Leuven,50.88672,4.70796,0.7374293717387979,50.881528719493836,4.714501556852966,2024,6,9,24062,Leuven,Regenval,"Nat, plassen",Dag,met lichtgewonden,8,Voetganger,3,Fiets,Buiten Kruispunt,Gewestweg,binnen bebouwde kom,Met een voetganger,Geen hindernis
47571,151,Leuven,District Leuven,50.8690262,4.6854839,2.465383692120588,50.881528719493836,4.714501556852966,2024,6,9,24062,Leuven,Regenval,"Nat, plassen",Dag,met lichtgewonden,8,Voetganger,3,Fiets,Buiten Kruispunt,Gewestweg,binnen bebouwde kom,Met een voetganger,Geen hindernis
47572,151,Leuven,District Leuven,50.8690262,4.6854839,0.4884349090129691,50.871805514310516,4.690873931939299,2024,6,9,24062,Leuven,Normaal,Droog,Dag,met lichtgewonden,9,personenauto,3,Fiets,Buiten Kruispunt,Gewestweg,binnen bebouwde kom,Tss. 2 best.: langs opzij (voor-/achterkant-flank),Geen hindernis
47572,69,Leuven teller 1,Leuven,50.87549,4.71526,1.7594764370667697,50.871805514310516,4.690873931939299,2024,6,9,24062,Leuven,Normaal,Droog,Dag,met lichtgewonden,9,personenauto,3,Fiets,Buiten Kruispunt,Gewestweg,binnen bebouwde kom,Tss. 2 best.: langs opzij (voor-/achterkant-flank),Geen hindernis
47572,77,Leuven teller 2,Leuven,50.88672,4.70796,2.0462964279360514,50.871805514310516,4.690873931939299,2024,6,9,24062,Leuven,Normaal,Droog,Dag,met lichtgewonden,9,personenauto,3,Fiets,Buiten Kruispunt,Gewestweg,binnen bebouwde kom,Tss. 2 best.: langs opzij (voor-/achterkant-flank),Geen hindernis
47572,107,leuven totem,Leuven,50.8870744,4.7087919,2.1125612169687265,50.871805514310516,4.690873931939299,2024,6,9,24062,Leuven,Normaal,Droog,Dag,met lichtgewonden,9,personenauto,3,Fiets,Buiten Kruispunt,Gewestweg,binnen bebouwde kom,Tss. 2 best.: langs opzij (voor-/achterkant-flank),Geen hindernis
47573,107,leuven totem,Leuven,50.8870744,4.7087919,1.172159220311672,50.89749473866351,4.706265602071357,2024,6,17,24062,Leuven,Normaal,Droog,Dag,met lichtgewonden,3,Fiets,3,Fiets,Buiten Kruispunt,Gemeenteweg,binnen bebouwde kom,Tussen 2 bestuurders: Flank tegen flank,Geen hindernis
47573,77,Leuven teller 2,Leuven,50.88672,4.70796,1.2039762330033104,50.89749473866351,4.706265602071357,2024,6,17,24062,Leuven,Normaal,Droog,Dag,met lichtgewonden,3,Fiets,3,Fiets,Buiten Kruispunt,Gemeenteweg,binnen bebouwde kom,Tussen 2 bestuurders: Flank tegen flank,Geen hindernis
47574,107,leuven totem,Leuven,50.8870744,4.7087919,1.6377874538783435,50.90171539614113,4.706243391845268,2024,6,17,24062,Leuven,Normaal,Proper,Dag,met lichtgewonden,3,Fiets,3,Fiets,Op Kruispunt,Gemeenteweg,binnen bebouwde kom,Tss. 2 best.: langs opzij (voor-/achterkant-flank),Geen hindernis
47574,77,Leuven teller 2,Leuven,50.88672,4.70796,1.6717530219508567,50.90171539614113,4.706243391845268,2024,6,17,24062,Leuven,Normaal,Proper,Dag,met lichtgewonden,3,Fiets,3,Fiets,Op Kruispunt,Gemeenteweg,binnen bebouwde kom,Tss. 2 best.: langs opzij (voor-/achterkant-flank),Geen hindernis
47576,107,leuven totem,Leuven,50.8870744,4.7087919,2.3726965936347493,50.90805601659213,4.714950855600826,2024,6,21,24062,Leuven,Normaal,Droog,Dag,met lichtgewonden,9,personenauto,3,Fiets,Op Kruispunt,Gewestweg,buiten bebouwde kom,Tss. 2 best.: langs opzij (voor-/achterkant-flank),Geen hindernis
47576,77,Leuven teller 2,Leuven,50.88672,4.70796,2.4225869576372916,50.90805601659213,4.714950855600826,2024,6,21,24062,Leuven,Normaal,Droog,Dag,met lichtgewonden,9,personenauto,3,Fiets,Op Kruispunt,Gewestweg,buiten bebouwde kom,Tss. 2 best.: langs opzij (voor-/achterkant-flank),Geen hindernis
47578,107,leuven totem,Leuven,50.8870744,4.7087919,0.4007465550709722,50.89026362754553,4.706130982579654,2024,6,18,24062,Leuven,Normaal,Droog,Dag,met zwaargewonden,3,Fiets,11,een weggebruiker tegen een hindernis,Op Kruispunt,Gemeenteweg,binnen bebouwde kom,Weggebruiker tegen hindernis buiten rijbaan,Buiten de rijbaan: Vangrails overschreden
47578,77,Leuven teller 2,Leuven,50.88672,4.70796,0.4143940507337786,50.89026362754553,4.706130982579654,2024,6,18,24062,Leuven,Normaal,Droog,Dag,met zwaargewonden,3,Fiets,11,een weggebruiker tegen een hindernis,Op Kruispunt,Gemeenteweg,binnen bebouwde kom,Weggebruiker tegen hindernis buiten rijbaan,Buiten de rijbaan: Vangrails overschreden
47578,69,Leuven teller 1,Leuven,50.87549,4.71526,1.7631767109861831,50.89026362754553,4.706130982579654,2024,6,18,24062,Leuven,Normaal,Droog,Dag,met zwaargewonden,3,Fiets,11,een weggebruiker tegen een hindernis,Op Kruispunt,Gemeenteweg,binnen bebouwde kom,Weggebruiker tegen hindernis buiten rijbaan,Buiten de rijbaan: Vangrails overschreden
47579,69,Leuven teller 1,Leuven,50.87549,4.71526,1.5810614658615363,50.86135700612089,4.712788171460109,2024,6,16,24062,Leuven,Normaal,Droog+Proper,Dag,met lichtgewonden,9,personenauto,3,Fiets,Buiten Kruispunt,Gemeenteweg,binnen bebouwde kom,Tussen 2 bestuurders: Langs achteren,Geen hindernis
47579,108,Heverlee teller 1,Leuven,50.8471728,4.6954674,1.9914616327249453,50.86135700612089,4.712788171460109,2024,6,16,24062,Leuven,Normaal,Droog+Proper,Dag,met lichtgewonden,9,personenauto,3,Fiets,Buiten Kruispunt,Gemeenteweg,binnen bebouwde kom,Tussen 2 bestuurders: Langs achteren,Geen hindernis
47579,76,Heverlee teller 2,Leuven,50.84606,4.69597,2.070515900733471,50.86135700612089,4.712788171460109,2024,6,16,24062,Leuven,Normaal,Droog+Proper,Dag,met lichtgewonden,9,personenauto,3,Fiets,Buiten Kruispunt,Gemeenteweg,binnen bebouwde kom,Tussen 2 bestuurders: Langs achteren,Geen hindernis
47579,151,Leuven,District Leuven,50.8690262,4.6854839,2.097412443857952,50.86135700612089,4.712788171460109,2024,6,16,24062,Leuven,Normaal,Droog+Proper,Dag,met lichtgewonden,9,personenauto,3,Fiets,Buiten Kruispunt,Gemeenteweg,binnen bebouwde kom,Tussen 2 bestuurders: Langs achteren,Geen hindernis
47580,107,leuven totem,Leuven,50.8870744,4.7087919,0.6796364818503594,50.8820266539576,4.71425483298505,2024,6,10,24062,Leuven,Normaal,Droog,Dag,met lichtgewonden,1,Autobus,3,Fiets,Buiten Kruispunt,Gewestweg,binnen bebouwde kom,Tussen 2 bestuurders: Frontale botsing,Geen hindernis
47580,77,Leuven teller 2,Leuven,50.88672,4.70796,0.6836360262124973,50.8820266539576,4.71425483298505,2024,6,10,24062,Leuven,Normaal,Droog,Dag,met lichtgewonden,1,Autobus,3,Fiets,Buiten Kruispunt,Gewestweg,binnen bebouwde kom,Tussen 2 bestuurders: Frontale botsing,Geen hindernis
47580,69,Leuven teller 1,Leuven,50.87549,4.71526,0.730255989659125,50.8820266539576,4.71425483298505,2024,6,10,24062,Leuven,Normaal,Droog,Dag,met lichtgewonden,1,Autobus,3,Fiets,Buiten Kruispunt,Gewestweg,binnen bebouwde kom,Tussen 2 bestuurders: Frontale botsing,Geen hindernis
47580,151,Leuven,District Leuven,50.8690262,4.6854839,2.4829200153900146,50.8820266539576,4.71425483298505,2024,6,10,24062,Leuven,Normaal,Droog,Dag,met lichtgewonden,1,Autobus,3,Fiets,Buiten Kruispunt,Gewestweg,binnen bebouwde kom,Tussen 2 bestuurders: Frontale botsing,Geen hindernis
47581,77,Leuven teller 2,Leuven,50.88672,4.70796,1.2136191411455375,50.88064500192198,4.6935878078525946,2024,6,7,24062,Leuven,Normaal,Droog,Dag,met lichtgewonden,3,Fiets,1,Autobus,Op Kruispunt,Gemeenteweg,binnen bebouwde kom,Tss. 2 best.: langs opzij (voor-/achterkant-flank),Geen hindernis
47581,107,leuven totem,Leuven,50.8870744,4.7087919,1.2840342632334802,50.88064500192198,4.6935878078525946,2024,6,7,24062,Leuven,Normaal,Droog,Dag,met lichtgewonden,3,Fiets,1,Autobus,Op Kruispunt,Gemeenteweg,binnen bebouwde kom,Tss. 2 best.: langs opzij (voor-/achterkant-flank),Geen hindernis
47581,151,Leuven,District Leuven,50.8690262,4.6854839,1.4115471689750345,50.88064500192198,4.6935878078525946,2024,6,7,24062,Leuven,Normaal,Droog,Dag,met lichtgewonden,3,Fiets,1,Autobus,Op Kruispunt,Gemeenteweg,binnen bebouwde kom,Tss. 2 best.: langs opzij (voor-/achterkant-flank),Geen hindernis
47581,69,Leuven teller 1,Leuven,50.87549,4.71526,1.6249979293590044,50.88064500192198,4.6935878078525946,2024,6,7,24062,Leuven,Normaal,Droog,Dag,met lichtgewonden,3,Fiets,1,Autobus,Op Kruispunt,Gemeenteweg,binnen bebouwde kom,Tss. 2 best.: langs opzij (voor-/achterkant-flank),Geen hindernis
47582,77,Leuven teller 2,Leuven,50.88672,4.70796,0.1419334895090834,50.887822667362876,4.706940773071329,2024,6,19,24062,Leuven,Normaal,Droog,Dag,met lichtgewonden,9,personenauto,3,Fiets,Op Kruispunt,Gewestweg,binnen bebouwde kom,Tss. 2 best.: langs opzij (voor-/achterkant-flank),Geen hindernis
47582,107,leuven totem,Leuven,50.8870744,4.7087919,0.15422074895549512,50.887822667362876,4.706940773071329,2024,6,19,24062,Leuven,Normaal,Droog,Dag,met lichtgewonden,9,personenauto,3,Fiets,Op Kruispunt,Gewestweg,binnen bebouwde kom,Tss. 2 best.: langs opzij (voor-/achterkant-flank),Geen hindernis
47582,69,Leuven teller 1,Leuven,50.87549,4.71526,1.4903630058276778,50.887822667362876,4.706940773071329,2024,6,19,24062,Leuven,Normaal,Droog,Dag,met lichtgewonden,9,personenauto,3,Fiets,Op Kruispunt,Gewestweg,binnen bebouwde kom,Tss. 2 best.: langs opzij (voor-/achterkant-flank),Geen hindernis
47583,151,Leuven,District Leuven,50.8690262,4.6854839,0.8859855874328969,50.86106495090828,4.6859980480347225,2024,6,7,24062,Leuven,Normaal,Droog,Dag,met lichtgewonden,3,Fiets,9,personenauto,Op Kruispunt,Gemeenteweg,binnen bebouwde kom,Tss. 2 best.: langs opzij (voor-/achterkant-flank),Geen hindernis
47583,108,Heverlee teller 1,Leuven,50.8471728,4.6954674,1.6816850581579506,50.86106495090828,4.6859980480347225,2024,6,7,24062,Leuven,Normaal,Droog,Dag,met lichtgewonden,3,Fiets,9,personenauto,Op Kruispunt,Gemeenteweg,binnen bebouwde kom,Tss. 2 best.: langs opzij (voor-/achterkant-flank),Geen hindernis
47583,76,Heverlee teller 2,Leuven,50.84606,4.69597,1.8093701961928683,50.86106495090828,4.6859980480347225,2024,6,7,24062,Leuven,Normaal,Droog,Dag,met lichtgewonden,3,Fiets,9,personenauto,Op Kruispunt,Gemeenteweg,binnen bebouwde kom,Tss. 2 best.: langs opzij (voor-/achterkant-flank),Geen hindernis
47584,77,Leuven teller 2,Leuven,50.88672,4.70796,1.0184624012301697,50.879812712243556,4.698425898534857,2024,6,18,24062,Leuven,Normaal,Droog,Dag,met lichtgewonden,6,Bromfiets,3,Fiets,Op Kruispunt,Gemeenteweg,binnen bebouwde kom,Tss. 2 best.: langs opzij (voor-/achterkant-flank),Geen hindernis
47584,107,leuven totem,Leuven,50.8870744,4.7087919,1.0866568791101043,50.879812712243556,4.698425898534857,2024,6,18,24062,Leuven,Normaal,Droog,Dag,met lichtgewonden,6,Bromfiets,3,Fiets,Op Kruispunt,Gemeenteweg,binnen bebouwde kom,Tss. 2 best.: langs opzij (voor-/achterkant-flank),Geen hindernis
47584,69,Leuven teller 1,Leuven,50.87549,4.71526,1.2751676819329343,50.879812712243556,4.698425898534857,2024,6,18,24062,Leuven,Normaal,Droog,Dag,met lichtgewonden,6,Bromfiets,3,Fiets,Op Kruispunt,Gemeenteweg,binnen bebouwde kom,Tss. 2 best.: langs opzij (voor-/achterkant-flank),Geen hindernis
47584,151,Leuven,District Leuven,50.8690262,4.6854839,1.5043964679295834,50.879812712243556,4.698425898534857,2024,6,18,24062,Leuven,Normaal,Droog,Dag,met lichtgewonden,6,Bromfiets,3,Fiets,Op Kruispunt,Gemeenteweg,binnen bebouwde kom,Tss. 2 best.: langs opzij (voor-/achterkant-flank),Geen hindernis
47585,151,Leuven,District Leuven,50.8690262,4.6854839,0.6468386177530838,50.86480655599954,4.691828520955646,2024,6,9,24062,Leuven,Normaal,Droog,Dag,met lichtgewonden,3,Fiets,8,Voetganger,Buiten Kruispunt,Gemeenteweg,binnen bebouwde kom,Met een voetganger,Geen hindernis
47585,108,Heverlee teller 1,Leuven,50.8471728,4.6954674,1.9773513309496895,50.86480655599954,4.691828520955646,2024,6,9,24062,Leuven,Normaal,Droog,Dag,met lichtgewonden,3,Fiets,8,Voetganger,Buiten Kruispunt,Gemeenteweg,binnen bebouwde kom,Met een voetganger,Geen hindernis
47585,69,Leuven teller 1,Leuven,50.87549,4.71526,2.0284936956980983,50.86480655599954,4.691828520955646,2024,6,9,24062,Leuven,Normaal,Droog,Dag,met lichtgewonden,3,Fiets,8,Voetganger,Buiten Kruispunt,Gemeenteweg,binnen bebouwde kom,Met een voetganger,Geen hindernis
47585,76,Heverlee teller 2,Leuven,50.84606,4.69597,2.1046958698842673,50.86480655599954,4.691828520955646,2024,6,9,24062,Leuven,Normaal,Droog,Dag,met lichtgewonden,3,Fiets,8,Voetganger,Buiten Kruispunt,Gemeenteweg,binnen bebouwde kom,Met een voetganger,Geen hindernis
47586,69,Leuven teller 1,Leuven,50.87549,4.71526,0.9106959138653761,50.868897428523056,4.707559247954096,2024,6,18,24062,Leuven,Normaal,Proper,Dag,met lichtgewonden,3,Fiets,3,Fiets,Buiten Kruispunt,Gewestweg,binnen bebouwde kom,Tussen 2 bestuurders: Frontale botsing,Geen hindernis
47586,151,Leuven,District Leuven,50.8690262,4.6854839,1.5491967796847452,50.868897428523056,4.707559247954096,2024,6,18,24062,Leuven,Normaal,Proper,Dag,met lichtgewonden,3,Fiets,3,Fiets,Buiten Kruispunt,Gewestweg,binnen bebouwde kom,Tussen 2 bestuurders: Frontale botsing,Geen hindernis
47586,77,Leuven teller 2,Leuven,50.88672,4.70796,1.9819789809034183,50.868897428523056,4.707559247954096,2024,6,18,24062,Leuven,Normaal,Proper,Dag,met lichtgewonden,3,Fiets,3,Fiets,Buiten Kruispunt,Gewestweg,binnen bebouwde kom,Tussen 2 bestuurders: Frontale botsing,Geen hindernis
47586,107,leuven totem,Leuven,50.8870744,4.7087919,2.0230364430646297,50.868897428523056,4.707559247954096,2024,6,18,24062,Leuven,Normaal,Proper,Dag,met lichtgewonden,3,Fiets,3,Fiets,Buiten Kruispunt,Gewestweg,binnen bebouwde kom,Tussen 2 bestuurders: Frontale botsing,Geen hindernis
47587,151,Leuven,District Leuven,50.8690262,4.6854839,0.9004814707280868,50.86841412072305,4.698279127554491,2024,6,13,24062,Leuven,Normaal,Droog,Dag,met lichtgewonden,5,Lichte vrachtauto,3,Fiets,Op Kruispunt,Gewestweg,binnen bebouwde kom,Tussen 2 bestuurders: Flank tegen flank,Geen hindernis
47587,69,Leuven teller 1,Leuven,50.87549,4.71526,1.4278833442841534,50.86841412072305,4.698279127554491,2024,6,13,24062,Leuven,Normaal,Droog,Dag,met lichtgewonden,5,Lichte vrachtauto,3,Fiets,Op Kruispunt,Gewestweg,binnen bebouwde kom,Tussen 2 bestuurders: Flank tegen flank,Geen hindernis
47587,77,Leuven teller 2,Leuven,50.88672,4.70796,2.145855150025686,50.86841412072305,4.698279127554491,2024,6,13,24062,Leuven,Normaal,Droog,Dag,met lichtgewonden,5,Lichte vrachtauto,3,Fiets,Op Kruispunt,Gewestweg,binnen bebouwde kom,Tussen 2 bestuurders: Flank tegen flank,Geen hindernis
47587,107,leuven totem,Leuven,50.8870744,4.7087919,2.2021282898002266,50.86841412072305,4.698279127554491,2024,6,13,24062,Leuven,Normaal,Droog,Dag,met lichtgewonden,5,Lichte vrachtauto,3,Fiets,Op Kruispunt,Gewestweg,binnen bebouwde kom,Tussen 2 bestuurders: Flank tegen flank,Geen hindernis
47587,108,Heverlee teller 1,Leuven,50.8471728,4.6954674,2.370158294683801,50.86841412072305,4.698279127554491,2024,6,13,24062,Leuven,Normaal,Droog,Dag,met lichtgewonden,5,Lichte vrachtauto,3,Fiets,Op Kruispunt,Gewestweg,binnen bebouwde kom,Tussen 2 bestuurders: Flank tegen flank,Geen hindernis
47587,76,Heverlee teller 2,Leuven,50.84606,4.69597,2.4909436931879623,50.86841412072305,4.698279127554491,2024,6,13,24062,Leuven,Normaal,Droog,Dag,met lichtgewonden,5,Lichte vrachtauto,3,Fiets,Op Kruispunt,Gewestweg,binnen bebouwde kom,Tussen 2 bestuurders: Flank tegen flank,Geen hindernis
47599,70,Kampenhout teller 1,Kampenhout,50.95682,4.59318,1.0527300667615411,50.96276365220415,4.604879649476129,2024,6,8,24014,Boortmeerbeek,Normaal,Droog,Dag,met lichtgewonden,3,Fiets,8,Voetganger,Buiten Kruispunt,Gewestweg,buiten bebouwde kom,Met een voetganger,Geen hindernis
47599,71,Kampenhout teller 2,Kampenhout,50.95589,4.59164,1.201680957479954,50.96276365220415,4.604879649476129,2024,6,8,24014,Boortmeerbeek,Normaal,Droog,Dag,met lichtgewonden,3,Fiets,8,Voetganger,Buiten Kruispunt,Gewestweg,buiten bebouwde kom,Met een voetganger,Geen hindernis
47605,26,Zaventem,Zaventem,50.86995,4.45444,1.2211313825332761,50.862119506108094,4.442240239259772,2024,6,14,23094,Zaventem,Normaal,Droog,Dag,met lichtgewonden,9,personenauto,3,Fiets,Buiten Kruispunt,Gemeenteweg,binnen bebouwde kom,Tss. 2 best.: langs opzij (voor-/achterkant-flank),Geen hindernis
47605,149,Machelen,,50.88297881,4.43356644,2.397973782602435,50.862119506108094,4.442240239259772,2024,6,14,23094,Zaventem,Normaal,Droog,Dag,met lichtgewonden,9,personenauto,3,Fiets,Buiten Kruispunt,Gemeenteweg,binnen bebouwde kom,Tss. 2 best.: langs opzij (voor-/achterkant-flank),Geen hindernis
47606,111,Zaventem totem,Zaventem,50.8871216,4.4597084,0.34049850915649454,50.88615420121142,4.464313805380348,2024,6,7,23094,Zaventem,Normaal,Droog,Dag,met lichtgewonden,3,Fiets,3,Fiets,Buiten Kruispunt,Gemeenteweg,binnen bebouwde kom,Tussen 2 bestuurders: Frontale botsing,Geen hindernis
47606,26,Zaventem,Zaventem,50.86995,4.45444,1.9304103579123186,50.88615420121142,4.464313805380348,2024,6,7,23094,Zaventem,Normaal,Droog,Dag,met lichtgewonden,3,Fiets,3,Fiets,Buiten Kruispunt,Gemeenteweg,binnen bebouwde kom,Tussen 2 bestuurders: Frontale botsing,Geen hindernis
47606,149,Machelen,,50.88297881,4.43356644,2.1856728335183213,50.88615420121142,4.464313805380348,2024,6,7,23094,Zaventem,Normaal,Droog,Dag,met lichtgewonden,3,Fiets,3,Fiets,Buiten Kruispunt,Gemeenteweg,binnen bebouwde kom,Tussen 2 bestuurders: Frontale botsing,Geen hindernis
47607,26,Zaventem,Zaventem,50.86995,4.45444,1.0954507719132285,50.8647191795879,4.441212308813987,2024,6,20,23094,Zaventem,Normaal,Droog,Dag,met lichtgewonden,6,Bromfiets,3,Fiets,Buiten Kruispunt,Gemeenteweg,binnen bebouwde kom,Tussen 2 bestuurders: Frontale botsing,Geen hindernis
47607,149,Machelen,,50.88297881,4.43356644,2.100061333612367,50.8647191795879,4.441212308813987,2024,6,20,23094,Zaventem,Normaal,Droog,Dag,met lichtgewonden,6,Bromfiets,3,Fiets,Buiten Kruispunt,Gemeenteweg,binnen bebouwde kom,Tussen 2 bestuurders: Frontale botsing,Geen hindernis
47611,26,Zaventem,Zaventem,50.86995,4.45444,1.6466088242299284,50.86041949428467,4.472397489390576,2024,6,7,23099,Kraainem,Normaal,Droog,Dag,met lichtgewonden,3,Fiets,9,personenauto,Op Kruispunt,Gemeenteweg,binnen bebouwde kom,Tss. 2 best.: langs opzij (voor-/achterkant-flank),Geen hindernis
47612,147,Overijse,District Vilvoorde-gewestwegen,50.7797555,4.4975769,1.342745178413155,50.779988894481406,4.516671179939968,2024,6,8,23062,Overijse,Normaal,Droog,Dag,met lichtgewonden,2,Andere weggebruiker,3,Fiets,Buiten Kruispunt,Gewestweg,binnen bebouwde kom,Tussen 2 bestuurders: Frontale botsing,Geen hindernis
47612,145,Overijse,District Vilvoorde-gewestwegen,50.7885856,4.4908759,2.0499775130164313,50.779988894481406,4.516671179939968,2024,6,8,23062,Overijse,Normaal,Droog,Dag,met lichtgewonden,2,Andere weggebruiker,3,Fiets,Buiten Kruispunt,Gewestweg,binnen bebouwde kom,Tussen 2 bestuurders: Frontale botsing,Geen hindernis
47612,146,Overijse 2,District Vilvoorde-gewestwegen,50.7881478,4.4902818,2.0651800232191873,50.779988894481406,4.516671179939968,2024,6,8,23062,Overijse,Normaal,Droog,Dag,met lichtgewonden,2,Andere weggebruiker,3,Fiets,Buiten Kruispunt,Gewestweg,binnen bebouwde kom,Tussen 2 bestuurders: Frontale botsing,Geen hindernis
47618,86,Asse teller 2,Asse,50.89132,4.1709,1.6551731042674076,50.87703296872114,4.164277974100083,2024,6,16,23086,Ternat,Normaal,Droog,Dag,met lichtgewonden,3,Fiets,3,Fiets,Buiten Kruispunt,Gewestweg,binnen bebouwde kom,Tussen 2 bestuurders: Frontale botsing,Geen hindernis
47618,85,Asse teller 1,Asse,50.89621,4.17294,2.217270565995978,50.87703296872114,4.164277974100083,2024,6,16,23086,Ternat,Normaal,Droog,Dag,met lichtgewonden,3,Fiets,3,Fiets,Buiten Kruispunt,Gewestweg,binnen bebouwde kom,Tussen 2 bestuurders: Frontale botsing,Geen hindernis
47620,86,Asse teller 2,Asse,50.89132,4.1709,2.374424665322797,50.87130052483505,4.182675947819269,2024,6,19,23086,Ternat,Normaal,Droog,Dag,met lichtgewonden,9,personenauto,3,Fiets,Buiten Kruispunt,Gemeenteweg,binnen bebouwde kom,Tussen 2 bestuurders: Flank tegen flank,Geen hindernis