crash_row_id,site_id,site_name,site_gemeente,site_lat,site_long,distance_km,crash_lat,crash_long,DT_YEAR_COLLISION,DT_MONTH_COLLISION,DT_TIME,CD_NIS,TX_MUNTY_COLLISION_NL,TX_WEATHER_NL,TX_ROAD_CONDITION_NL,TX_LIGHT_CONDITION_NL,TX_CLASS_ACCIDENTS_NL,CD_ROAD_USR_TYPE1,TX_ROAD_USR_TYPE1_NL,CD_ROAD_USR_TYPE2,TX_ROAD_USR_TYPE2_NL,TX_CROSSWAY_NL,CD_ROAD_TYPE_NL,TX_BUILD_UP_AREA_NL,TX_COLLISION_TYPE_NL,TX_OBSTACLES_NL
47621,27,Grimbergen,Meise,50.92127,4.34013,2.43436511921441,50.93208628933642,4.370327969628895,2024,6,8,23025,Grimbergen,Normaal,Droog,Dag,met lichtgewonden,3,Fiets,3,Fiets,Buiten Kruispunt,Gemeenteweg,binnen bebouwde kom,Tss. 2 best.: langs opzij (voor-/achterkant-flank),Geen hindernis
47631,27,Grimbergen,Meise,50.92127,4.34013,1.7812310536774514,50.91096550000968,4.359583822266068,2024,6,14,23025,Grimbergen,Normaal,Droog,Dag,met lichtgewonden,3,Fiets,10,"één bestuurder, geen hindernis",Op Kruispunt,Gemeenteweg,binnen bebouwde kom,"Eén bestuurder, geen hindernis (incl. val)",Geen hindernis
47632,47,Vilvoorde,Vilvoorde,50.91372,4.41497,1.9383882462756223,50.91962964651741,4.388956700750935,2024,6,5,23025,Grimbergen,Normaal,Droog,Dageraad - schemering,met lichtgewonden,3,Fiets,9,personenauto,Op Kruispunt,Gemeenteweg,binnen bebouwde kom,Tss. 2 best.: langs opzij (voor-/achterkant-flank),Geen hindernis
47633,27,Grimbergen,Meise,50.92127,4.34013,2.114135806551474,50.93926147065501,4.349884445943561,2024,6,9,23025,Grimbergen,Normaal,Droog,Dag,met lichtgewonden,9,personenauto,3,Fiets,Buiten Kruispunt,Gewestweg,buiten bebouwde kom,Tss. 2 best.: langs opzij (voor-/achterkant-flank),Geen hindernis
47634,47,Vilvoorde,Vilvoorde,50.91372,4.41497,1.9803386014808098,50.925812586587085,4.394229705293991,2024,6,7,23025,Grimbergen,Normaal,"Nat, plassen",Dag,met lichtgewonden,3,Fiets,3,Fiets,Op Kruispunt,Gewestweg,buiten bebouwde kom,Tussen 2 bestuurders: Frontale botsing,Geen hindernis
47635,47,Vilvoorde,Vilvoorde,50.91372,4.41497,1.043434947715143,50.92294815081876,4.412269869248874,2024,6,14,23088,Vilvoorde,Normaal,Droog,Dag,met lichtgewonden,9,personenauto,3,Fiets,Op Kruispunt,Gewestweg,binnen bebouwde kom,Tss. 2 best.: langs opzij (voor-/achterkant-flank),Geen hindernis
47636,1,Machelen,Machelen,50.91618331151478,4.456121776137429,1.8473449585410233,50.93243093344959,4.450620373387279,2024,6,19,23088,Vilvoorde,Regenval,"Nat, plassen",Dag,met lichtgewonden,3,Fiets,10,"één bestuurder, geen hindernis",Buiten Kruispunt,Gewestweg,buiten bebouwde kom,"Eén bestuurder, geen hindernis (incl. val)",Geen hindernis
47637,1,Machelen,Machelen,50.91618331151478,4.456121776137429,1.3477104782338838,50.92365026643648,4.440977578154095,2024,6,12,23088,Vilvoorde,Normaal,Droog,Dag,met lichtgewonden,3,Fiets,11,een weggebruiker tegen een hindernis,Buiten Kruispunt,Gewestweg,buiten bebouwde kom,Weggebruiker tegen hindernis buiten rijbaan,Buiten de rijbaan: Verlichtingspaal
47637,47,Vilvoorde,Vilvoorde,50.91372,4.41497,2.1314399001706543,50.92365026643648,4.440977578154095,2024,6,12,23088,Vilvoorde,Normaal,Droog,Dag,met lichtgewonden,3,Fiets,11,een weggebruiker tegen een hindernis,Buiten Kruispunt,Gewestweg,buiten bebouwde kom,Weggebruiker tegen hindernis buiten rijbaan,Buiten de rijbaan: Verlichtingspaal
47638,47,Vilvoorde,Vilvoorde,50.91372,4.41497,1.0059803761721067,50.92266246068278,4.412794745353296,2024,6,7,23088,Vilvoorde,Normaal,Droog,Dag,met lichtgewonden,9,personenauto,3,Fiets,Op Kruispunt,Gewestweg,binnen bebouwde kom,Tussen 2 bestuurders: Frontale botsing,Geen hindernis
47639,111,Zaventem totem,Zaventem,50.8871216,4.4597084,0.5502067507969632,50.89203750642757,4.460602114029033,2024,6,9,23047,Machelen,Regenval,"Vuil (zand, grint, bladeren,...)",Dag,met lichtgewonden,3,Fiets,11,een weggebruiker tegen een hindernis,Buiten Kruispunt,Gemeenteweg,buiten bebouwde kom,Weggebruiker tegen hindernis buiten rijbaan,Onbekend
47639,149,Machelen,,50.88297881,4.43356644,2.14736922647956,50.89203750642757,4.460602114029033,2024,6,9,23047,Machelen,Regenval,"Vuil (zand, grint, bladeren,...)",Dag,met lichtgewonden,3,Fiets,11,een weggebruiker tegen een hindernis,Buiten Kruispunt,Gemeenteweg,buiten bebouwde kom,Weggebruiker tegen hindernis buiten rijbaan,Onbekend
47639,26,Zaventem,Zaventem,50.86995,4.45444,2.4937766501937983,50.89203750642757,4.460602114029033,2024,6,9,23047,Machelen,Regenval,"Vuil (zand, grint, bladeren,...)",Dag,met lichtgewonden,3,Fiets,11,een weggebruiker tegen een hindernis,Buiten Kruispunt,Gemeenteweg,buiten bebouwde kom,Weggebruiker tegen hindernis buiten rijbaan,Onbekend
47640,149,Machelen,,50.88297881,4.43356644,1.3600056930334217,50.89515153174252,4.431678801939442,2024,6,15,23047,Machelen,Normaal,Droog,Dag,met lichtgewonden,5,Lichte vrachtauto,3,Fiets,Op Kruispunt,Gewestweg,buiten bebouwde kom,Tussen 2 bestuurders: Flank tegen flank,Geen hindernis
47640,111,Zaventem totem,Zaventem,50.8871216,4.4597084,2.1592896323938757,50.89515153174252,4.431678801939442,2024,6,15,23047,Machelen,Normaal,Droog,Dag,met lichtgewonden,5,Lichte vrachtauto,3,Fiets,Op Kruispunt,Gewestweg,buiten bebouwde kom,Tussen 2 bestuurders: Flank tegen flank,Geen hindernis
47640,47,Vilvoorde,Vilvoorde,50.91372,4.41497,2.3739865867243735,50.89515153174252,4.431678801939442,2024,6,15,23047,Machelen,Normaal,Droog,Dag,met lichtgewonden,5,Lichte vrachtauto,3,Fiets,Op Kruispunt,Gewestweg,buiten bebouwde kom,Tussen 2 bestuurders: Flank tegen flank,Geen hindernis
47643,71,Kampenhout teller 2,Kampenhout,50.95589,4.59164,0.48717385917486555,50.9592893394203,4.5872519034565284,2024,6,15,23038,Kampenhout,Normaal,Droog,Dag,met lichtgewonden,6,Bromfiets,3,Fiets,Buiten Kruispunt,Gewestweg,buiten bebouwde kom,Tss. 2 best.: langs opzij (voor-/achterkant-flank),Geen hindernis
47643,70,Kampenhout teller 1,Kampenhout,50.95682,4.59318,0.4977847998277223,50.9592893394203,4.5872519034565284,2024,6,15,23038,Kampenhout,Normaal,Droog,Dag,met lichtgewonden,6,Bromfiets,3,Fiets,Buiten Kruispunt,Gewestweg,buiten bebouwde kom,Tss. 2 best.: langs opzij (voor-/achterkant-flank),Geen hindernis
47645,1,Machelen,Machelen,50.91618331151478,4.456121776137429,0.8774619598670225,50.909460704736006,4.462676098704855,2024,6,16,23081,Steenokkerzeel,Normaal,Droog,Dag,met lichtgewonden,3,Fiets,3,Fiets,Op Kruispunt,Gemeenteweg,buiten bebouwde kom,Tss. 2 best.: langs opzij (voor-/achterkant-flank),Geen hindernis
47645,111,Zaventem totem,Zaventem,50.8871216,4.4597084,2.492698990557628,50.909460704736006,4.462676098704855,2024,6,16,23081,Steenokkerzeel,Normaal,Droog,Dag,met lichtgewonden,3,Fiets,3,Fiets,Op Kruispunt,Gemeenteweg,buiten bebouwde kom,Tss. 2 best.: langs opzij (voor-/achterkant-flank),Geen hindernis
47646,71,Kampenhout teller 2,Kampenhout,50.95589,4.59164,2.227700304727474,50.94483360850914,4.565120621826843,2024,6,12,23038,Kampenhout,Normaal,Droog,Dag,met lichtgewonden,3,Fiets,9,personenauto,Buiten Kruispunt,Gemeenteweg,binnen bebouwde kom,Tss. 2 best.: langs opzij (voor-/achterkant-flank),Geen hindernis
47646,70,Kampenhout teller 1,Kampenhout,50.95682,4.59318,2.3748684549803944,50.94483360850914,4.565120621826843,2024,6,12,23038,Kampenhout,Normaal,Droog,Dag,met lichtgewonden,3,Fiets,9,personenauto,Buiten Kruispunt,Gemeenteweg,binnen bebouwde kom,Tss. 2 best.: langs opzij (voor-/achterkant-flank),Geen hindernis
47648,13,Gent,Gent,51.03018,3.70146,2.4468983337593726,51.048973657911894,3.7196654135955565,2024,6,11,44021,Gent,Normaal,Droog,Dag,met lichtgewonden,3,Fiets,99,onbekend,Op Kruispunt,Gemeenteweg,binnen bebouwde kom,Tussen 2 bestuurders: Frontale botsing,Geen hindernis
47650,13,Gent,Gent,51.03018,3.70146,2.3956081561818077,51.04623162950574,3.7243130784507605,2024,6,11,44021,Gent,Normaal,Droog,Dag,met lichtgewonden,9,personenauto,3,Fiets,Buiten Kruispunt,Gemeenteweg,binnen bebouwde kom,Tussen 2 bestuurders: Langs achteren,Geen hindernis
47652,13,Gent,Gent,51.03018,3.70146,1.636494852728948,51.02135303423479,3.7201833875348305,2024,6,14,44021,Gent,Normaal,Droog,Dag,met lichtgewonden,3,Fiets,9,personenauto,Op Kruispunt,Gemeenteweg,binnen bebouwde kom,Tss. 2 best.: langs opzij (voor-/achterkant-flank),Geen hindernis
47653,118,Gent teller 1,Gent,51.028049,3.7681359,2.3651404906612172,51.014615954920515,3.741918303238059,2024,6,8,44021,Gent,Normaal,Droog,Dageraad - schemering,met lichtgewonden,3,Fiets,3,Fiets,Buiten Kruispunt,Gemeenteweg,buiten bebouwde kom,Tussen 2 bestuurders: Flank tegen flank,Geen hindernis
47653,119,Gent teller 2,Gent,51.0281795,3.7683918,2.388180530409715,51.014615954920515,3.741918303238059,2024,6,8,44021,Gent,Normaal,Droog,Dageraad - schemering,met lichtgewonden,3,Fiets,3,Fiets,Buiten Kruispunt,Gemeenteweg,buiten bebouwde kom,Tussen 2 bestuurders: Flank tegen flank,Geen hindernis
47657,7,Evergem 1,Evergem,51.1089,3.70317,1.4283900385530972,51.09772506263528,3.7132593544942267,2024,6,8,44021,Gent,Normaal,Droog,Dag,met lichtgewonden,9,personenauto,3,Fiets,Buiten Kruispunt,Gewestweg,binnen bebouwde kom,Tss. 2 best.: langs opzij (voor-/achterkant-flank),Geen hindernis
47657,6,Evergem 2,Evergem,51.10894,3.70298,1.4388320415750322,51.09772506263528,3.7132593544942267,2024,6,8,44021,Gent,Normaal,Droog,Dag,met lichtgewonden,9,personenauto,3,Fiets,Buiten Kruispunt,Gewestweg,binnen bebouwde kom,Tss. 2 best.: langs opzij (voor-/achterkant-flank),Geen hindernis
47664,119,Gent teller 2,Gent,51.0281795,3.7683918,1.1103452587753717,51.037638846659284,3.7633052120516783,2024,6,11,44021,Gent,Normaal,Droog,Dag,met lichtgewonden,9,personenauto,3,Fiets,Op Kruispunt,Gemeenteweg,binnen bebouwde kom,Tss. 2 best.: langs opzij (voor-/achterkant-flank),Geen hindernis
47664,118,Gent teller 1,Gent,51.028049,3.7681359,1.118567809398814,51.037638846659284,3.7633052120516783,2024,6,11,44021,Gent,Normaal,Droog,Dag,met lichtgewonden,9,personenauto,3,Fiets,Op Kruispunt,Gemeenteweg,binnen bebouwde kom,Tss. 2 best.: langs opzij (voor-/achterkant-flank),Geen hindernis
47665,118,Gent teller 1,Gent,51.028049,3.7681359,2.0854371579397335,51.036931388272215,3.7418700980418524,2024,6,16,44021,Gent,Normaal,"Nat, plassen",Dag,met lichtgewonden,3,Fiets,9,personenauto,Op Kruispunt,Gewestweg,binnen bebouwde kom,Tss. 2 best.: langs opzij (voor-/achterkant-flank),Geen hindernis
47665,119,Gent teller 2,Gent,51.0281795,3.7683918,2.094430685903562,51.036931388272215,3.7418700980418524,2024,6,16,44021,Gent,Normaal,"Nat, plassen",Dag,met lichtgewonden,3,Fiets,9,personenauto,Op Kruispunt,Gewestweg,binnen bebouwde kom,Tss. 2 best.: langs opzij (voor-/achterkant-flank),Geen hindernis
47666,118,Gent teller 1,Gent,51.028049,3.7681359,2.41192931958019,51.036047562889614,3.7360753720030058,2024,6,12,44021,Gent,Normaal,Droog,Dag,met lichtgewonden,3,Fiets,9,personenauto,Op Kruispunt,Gemeenteweg,binnen bebouwde kom,Tss. 2 best.: langs opzij (voor-/achterkant-flank),Geen hindernis
47666,119,Gent teller 2,Gent,51.0281795,3.7683918,2.423292422284377,51.036047562889614,3.7360753720030058,2024,6,12,44021,Gent,Normaal,Droog,Dag,met lichtgewonden,3,Fiets,9,personenauto,Op Kruispunt,Gemeenteweg,binnen bebouwde kom,Tss. 2 best.: langs opzij (voor-/achterkant-flank),Geen hindernis
47667,13,Gent,Gent,51.03018,3.70146,1.8913831155537528,51.03472029395681,3.7275261144875786,2024,6,11,44021,Gent,Onbekend,Onbekend,Dag,met lichtgewonden,3,Fiets,9,personenauto,Op Kruispunt,Gemeenteweg,binnen bebouwde kom,Tss. 2 best.: langs opzij (voor-/achterkant-flank),Geen hindernis
47669,13,Gent,Gent,51.03018,3.70146,1.190581031015098,51.03890997919191,3.6916019684582695,2024,6,13,44021,Gent,Normaal,Droog,Dag,met zwaargewonden,3,Fiets,3,Fiets,Buiten Kruispunt,Gemeenteweg,binnen bebouwde kom,Tussen 2 bestuurders: Langs achteren,Geen hindernis
47672,13,Gent,Gent,51.03018,3.70146,1.7599395931174253,51.03450108640453,3.725671621626146,2024,6,12,44021,Gent,Normaal,Droog,Dag,met lichtgewonden,5,Lichte vrachtauto,3,Fiets,Buiten Kruispunt,Gemeenteweg,binnen bebouwde kom,Tussen 2 bestuurders: Flank tegen flank,Geen hindernis
47676,118,Gent teller 1,Gent,51.028049,3.7681359,2.384037794736571,51.01987631376989,3.736623102657198,2024,6,17,44021,Gent,Normaal,Droog,Dag,met lichtgewonden,3,Fiets,3,Fiets,Op Kruispunt,Gemeenteweg,buiten bebouwde kom,Tussen 2 bestuurders: Frontale botsing,Geen hindernis
47676,119,Gent teller 2,Gent,51.0281795,3.7683918,2.4061219048478972,51.01987631376989,3.736623102657198,2024,6,17,44021,Gent,Normaal,Droog,Dag,met lichtgewonden,3,Fiets,3,Fiets,Op Kruispunt,Gemeenteweg,buiten bebouwde kom,Tussen 2 bestuurders: Frontale botsing,Geen hindernis
47678,13,Gent,Gent,51.03018,3.70146,2.2273024692103127,51.035567439697914,3.7321378425407334,2024,6,13,44021,Gent,Normaal,Droog,Dag,met zwaargewonden,3,Fiets,6,Bromfiets,Buiten Kruispunt,Gemeenteweg,binnen bebouwde kom,Tussen 2 bestuurders: Frontale botsing,Geen hindernis
47679,13,Gent,Gent,51.03018,3.70146,0.363725237769287,51.02691386238766,3.7011747906370904,2024,6,11,44021,Gent,Normaal,Droog,Dag,met zwaargewonden,3,Fiets,3,Fiets,Buiten Kruispunt,Autosnelweg,buiten bebouwde kom,Tussen 2 bestuurders: Flank tegen flank,Geen hindernis
47683,119,Gent teller 2,Gent,51.0281795,3.7683918,2.447457499796417,51.047268562605666,3.7509657253375512,2024,6,22,44021,Gent,Normaal,Droog,"Nacht, openbare verlichting aanwezig en ontstoken",met zwaargewonden,3,Fiets,3,Fiets,Op Kruispunt,Gemeenteweg,binnen bebouwde kom,Tussen 2 bestuurders: Frontale botsing,Geen hindernis
47683,118,Gent teller 1,Gent,51.028049,3.7681359,2.4512411125053477,51.047268562605666,3.7509657253375512,2024,6,22,44021,Gent,Normaal,Droog,"Nacht, openbare verlichting aanwezig en ontstoken",met zwaargewonden,3,Fiets,3,Fiets,Op Kruispunt,Gemeenteweg,binnen bebouwde kom,Tussen 2 bestuurders: Frontale botsing,Geen hindernis
47685,118,Gent teller 1,Gent,51.028049,3.7681359,0.6748033475923314,51.030113443457346,3.759062149116477,2024,6,18,44021,Gent,Normaal,Droog,Dag,met lichtgewonden,3,Fiets,10,"één bestuurder, geen hindernis",Buiten Kruispunt,Gemeenteweg,binnen bebouwde kom,"Eén bestuurder, geen hindernis (incl. val)",Geen hindernis
47685,119,Gent teller 2,Gent,51.0281795,3.7683918,0.6869782295291377,51.030113443457346,3.759062149116477,2024,6,18,44021,Gent,Normaal,Droog,Dag,met lichtgewonden,3,Fiets,10,"één bestuurder, geen hindernis",Buiten Kruispunt,Gemeenteweg,binnen bebouwde kom,"Eén bestuurder, geen hindernis (incl. val)",Geen hindernis
47688,118,Gent teller 1,Gent,51.028049,3.7681359,2.3587412587140504,51.04432792585635,3.74650759798018,2024,6,18,44021,Gent,Regenval,"Nat, plassen",Dag,met lichtgewonden,9,personenauto,3,Fiets,Buiten Kruispunt,Gemeenteweg,binnen bebouwde kom,Tussen 2 bestuurders: Langs achteren,Geen hindernis
47688,119,Gent teller 2,Gent,51.0281795,3.7683918,2.35918864238607,51.04432792585635,3.74650759798018,2024,6,18,44021,Gent,Regenval,"Nat, plassen",Dag,met lichtgewonden,9,personenauto,3,Fiets,Buiten Kruispunt,Gemeenteweg,binnen bebouwde kom,Tussen 2 bestuurders: Langs achteren,Geen hindernis
47700,119,Gent teller 2,Gent,51.0281795,3.7683918,1.2187449319376793,51.028054417314294,3.7858175340418887,2024,6,4,44040,Melle,Normaal,Proper,"Nacht, openbare verlichting aanwezig en ontstoken",met lichtgewonden,3,Fiets,10,"één bestuurder, geen hindernis",Buiten Kruispunt,Gewestweg,binnen bebouwde kom,"Eén bestuurder, geen hindernis (incl. val)",Geen hindernis
47700,118,Gent teller 1,Gent,51.028049,3.7681359,1.2365637734481987,51.028054417314294,3.7858175340418887,2024,6,4,44040,Melle,Normaal,Proper,"Nacht, openbare verlichting aanwezig en ontstoken",met lichtgewonden,3,Fiets,10,"één bestuurder, geen hindernis",Buiten Kruispunt,Gewestweg,binnen bebouwde kom,"Eén bestuurder, geen hindernis (incl. val)",Geen hindernis
47702,118,Gent teller 1,Gent,51.028049,3.7681359,0.041483383418182446,51.027796196391314,3.7685721174787457,2024,6,8,44021,Gent,Normaal,Droog,Dag,met lichtgewonden,9,personenauto,3,Fiets,Op Kruispunt,Gewestweg,binnen bebouwde kom,Tss. 2 best.: langs opzij (voor-/achterkant-flank),Geen hindernis
47702,119,Gent teller 2,Gent,51.0281795,3.7683918,0.04444783466179784,51.027796196391314,3.7685721174787457,2024,6,8,44021,Gent,Normaal,Droog,Dag,met lichtgewonden,9,personenauto,3,Fiets,Op Kruispunt,Gewestweg,binnen bebouwde kom,Tss. 2 best.: langs opzij (voor-/achterkant-flank),Geen hindernis
47705,119,Gent teller 2,Gent,51.0281795,3.7683918,0.5410680396910089,51.02568755937273,3.775036835565647,2024,6,8,44040,Melle,Normaal,Droog,Dag,met lichtgewonden,3,Fiets,9,personenauto,Op Kruispunt,Gewestweg,binnen bebouwde kom,Tussen 2 bestuurders: Flank tegen flank,Geen hindernis
47705,118,Gent teller 1,Gent,51.028049,3.7681359,0.5494349996281909,51.02568755937273,3.775036835565647,2024,6,8,44040,Melle,Normaal,Droog,Dag,met lichtgewonden,3,Fiets,9,personenauto,Op Kruispunt,Gewestweg,binnen bebouwde kom,Tussen 2 bestuurders: Flank tegen flank,Geen hindernis
47707,119,Gent teller 2,Gent,51.0281795,3.7683918,0.9128752125656546,51.02767620584384,3.7814204237676505,2024,6,16,44040,Melle,Normaal,Droog,Dag,met zwaargewonden,3,Fiets,3,Fiets,Buiten Kruispunt,Gewestweg,buiten bebouwde kom,Tussen 2 bestuurders: Flank tegen flank,Geen hindernis
47707,118,Gent teller 1,Gent,51.028049,3.7681359,0.929980187351808,51.02767620584384,3.7814204237676505,2024,6,16,44040,Melle,Normaal,Droog,Dag,met zwaargewonden,3,Fiets,3,Fiets,Buiten Kruispunt,Gewestweg,buiten bebouwde kom,Tussen 2 bestuurders: Flank tegen flank,Geen hindernis
47709,118,Gent teller 1,Gent,51.028049,3.7681359,1.4201260797929736,51.01903195059562,3.753756656434482,2024,6,15,44043,Merelbeke,Normaal,"Nat, plassen",Dag,met lichtgewonden,3,Fiets,9,personenauto,Op Kruispunt,Gewestweg,binnen bebouwde kom,Tss. 2 best.: langs opzij (voor-/achterkant-flank),Geen hindernis
47709,119,Gent teller 2,Gent,51.0281795,3.7683918,1.443047250531859,51.01903195059562,3.753756656434482,2024,6,15,44043,Merelbeke,Normaal,"Nat, plassen",Dag,met lichtgewonden,3,Fiets,9,personenauto,Op Kruispunt,Gewestweg,binnen bebouwde kom,Tss. 2 best.: langs opzij (voor-/achterkant-flank),Geen hindernis
47711,118,Gent teller 1,Gent,51.028049,3.7681359,2.4742376999298235,51.00787547084859,3.7532110073752776,2024,6,9,44043,Merelbeke,Regenval,"Nat, plassen",Dag,met zwaargewonden,6,Bromfiets,3,Fiets,Buiten Kruispunt,Autosnelweg,buiten bebouwde kom,Tussen 2 bestuurders: Frontale botsing,Geen hindernis
47711,119,Gent teller 2,Gent,51.0281795,3.7683918,2.4949664022877838,51.00787547084859,3.7532110073752776,2024,6,9,44043,Merelbeke,Regenval,"Nat, plassen",Dag,met zwaargewonden,6,Bromfiets,3,Fiets,Buiten Kruispunt,Autosnelweg,buiten bebouwde kom,Tussen 2 bestuurders: Frontale botsing,Geen hindernis
47718,7,Evergem 1,Evergem,51.1089,3.70317,2.274263884460985,51.12047366122244,3.730032621170089,2024,6,12,44019,Evergem,Regenval,"Nat, plassen",Dag,met lichtgewonden,3,Fiets,9,personenauto,Buiten Kruispunt,Gemeenteweg,binnen bebouwde kom,Tussen 2 bestuurders: Frontale botsing,Geen hindernis
47718,6,Evergem 2,Evergem,51.10894,3.70298,2.2827087960682153,51.12047366122244,3.730032621170089,2024,6,12,44019,Evergem,Regenval,"Nat, plassen",Dag,met lichtgewonden,3,Fiets,9,personenauto,Buiten Kruispunt,Gemeenteweg,binnen bebouwde kom,Tussen 2 bestuurders: Frontale botsing,Geen hindernis
47720,6,Evergem 2,Evergem,51.10894,3.70298,1.536012845776834,51.11430737509535,3.6827057258682943,2024,5,11,44019,Evergem,Normaal,Droog,Dag,met lichtgewonden,3,Fiets,10,"één bestuurder, geen hindernis",Buiten Kruispunt,Gemeenteweg,onbekend,"Eén bestuurder, geen hindernis (incl. val)",Geen hindernis
47720,7,Evergem 1,Evergem,51.1089,3.70317,1.5499634660373318,51.11430737509535,3.6827057258682943,2024,5,11,44019,Evergem,Normaal,Droog,Dag,met lichtgewonden,3,Fiets,10,"één bestuurder, geen hindernis",Buiten Kruispunt,Gemeenteweg,onbekend,"Eén bestuurder, geen hindernis (incl. val)",Geen hindernis
47722,7,Evergem 1,Evergem,51.1089,3.70317,0.15515914882825724,51.107657517770164,3.704181509436845,2024,6,13,44019,Evergem,Regenval,"Nat, plassen",Dag,met lichtgewonden,8,Voetganger,3,Fiets,Buiten Kruispunt,Gemeenteweg,binnen bebouwde kom,Met een voetganger,Geen hindernis
47722,6,Evergem 2,Evergem,51.10894,3.70298,0.16544638895142855,51.107657517770164,3.704181509436845,2024,6,13,44019,Evergem,Regenval,"Nat, plassen",Dag,met lichtgewonden,8,Voetganger,3,Fiets,Buiten Kruispunt,Gemeenteweg,binnen bebouwde kom,Met een voetganger,Geen hindernis
47737,47,Vilvoorde,Vilvoorde,50.91372,4.41497,2.0617326466092356,50.930376147067285,4.4278930703637265,2024,6,14,23088,Vilvoorde,Onbekend,Onbekend,Dag,met lichtgewonden,3,Fiets,4,Vrachtwagen,Op Kruispunt,Gewestweg,binnen bebouwde kom,Tss. 2 best.: langs opzij (voor-/achterkant-flank),Geen hindernis
47763,126,Hamme totem,Hamme,51.1017709,4.1469307,1.8303770300309294,51.11440719260292,4.163732885376183,2024,6,13,46025,Temse,Normaal,Droog,Dag,met lichtgewonden,3,Fiets,11,een weggebruiker tegen een hindernis,Buiten Kruispunt,Gemeenteweg,binnen bebouwde kom,Weggebruiker tegen hindernis buiten rijbaan,Andere hindernis
47770,128,Lokeren teller 1,Lokeren,51.09644,3.97023,0.8986318719641141,51.104355971598245,3.967637900867824,2024,6,12,46014,Lokeren,"Andere (dikke rook,...)",Droog,Dag,met lichtgewonden,3,Fiets,3,Fiets,Buiten Kruispunt,Gemeenteweg,binnen bebouwde kom,Tussen 2 bestuurders: Flank tegen flank,Geen hindernis
47770,129,Lokeren teller 2,Lokeren,51.09612,3.97025,0.9337844492656184,51.104355971598245,3.967637900867824,2024,6,12,46014,Lokeren,"Andere (dikke rook,...)",Droog,Dag,met lichtgewonden,3,Fiets,3,Fiets,Buiten Kruispunt,Gemeenteweg,binnen bebouwde kom,Tussen 2 bestuurders: Flank tegen flank,Geen hindernis
47771,141,Test site A support,Lokeren,51.08342085,3.9961071208376326,1.6744693942584608,51.096416974075716,4.008218640177775,2024,6,16,46014,Lokeren,Normaal,Droog,Dag,met lichtgewonden,9,personenauto,3,Fiets,Op Kruispunt,Gewestweg,buiten bebouwde kom,Tss. 2 best.: langs opzij (voor-/achterkant-flank),Geen hindernis
47772,141,Test site A support,Lokeren,51.08342085,3.9961071208376326,1.4161475190775437,51.095850232044036,3.991686647691719,2024,6,16,46014,Lokeren,Normaal,Droog,Dag,met lichtgewonden,9,personenauto,3,Fiets,Op Kruispunt,Gewestweg,buiten bebouwde kom,Tss. 2 best.: langs opzij (voor-/achterkant-flank),Geen hindernis
47772,129,Lokeren teller 2,Lokeren,51.09612,3.97025,1.4972724175604744,51.095850232044036,3.991686647691719,2024,6,16,46014,Lokeren,Normaal,Droog,Dag,met lichtgewonden,9,personenauto,3,Fiets,Op Kruispunt,Gewestweg,buiten bebouwde kom,Tss. 2 best.: langs opzij (voor-/achterkant-flank),Geen hindernis
47772,128,Lokeren teller 1,Lokeren,51.09644,3.97023,1.4997977902068766,51.095850232044036,3.991686647691719,2024,6,16,46014,Lokeren,Normaal,Droog,Dag,met lichtgewonden,9,personenauto,3,Fiets,Op Kruispunt,Gewestweg,buiten bebouwde kom,Tss. 2 best.: langs opzij (voor-/achterkant-flank),Geen hindernis
47773,128,Lokeren teller 1,Lokeren,51.09644,3.97023,1.6930256000847401,51.10401201960224,3.991265391642748,2024,5,15,46014,Lokeren,Normaal,"Nat, plassen",Dag,met lichtgewonden,3,Fiets,8,Voetganger,Buiten Kruispunt,Gemeenteweg,binnen bebouwde kom,Met een voetganger,Geen hindernis
47773,129,Lokeren teller 2,Lokeren,51.09612,3.97025,1.7098054799108298,51.10401201960224,3.991265391642748,2024,5,15,46014,Lokeren,Normaal,"Nat, plassen",Dag,met lichtgewonden,3,Fiets,8,Voetganger,Buiten Kruispunt,Gemeenteweg,binnen bebouwde kom,Met een voetganger,Geen hindernis
47773,141,Test site A support,Lokeren,51.08342085,3.9961071208376326,2.3144656372106462,51.10401201960224,3.991265391642748,2024,5,15,46014,Lokeren,Normaal,"Nat, plassen",Dag,met lichtgewonden,3,Fiets,8,Voetganger,Buiten Kruispunt,Gemeenteweg,binnen bebouwde kom,Met een voetganger,Geen hindernis
47774,128,Lokeren teller 1,Lokeren,51.09644,3.97023,1.6197983080620662,51.10999105357858,3.9787427050275133,2024,6,17,46014,Lokeren,Normaal,Droog+Proper,Dag,met zwaargewonden,3,Fiets,10,"één bestuurder, geen hindernis",Buiten Kruispunt,Gewestweg,buiten bebouwde kom,"Eén bestuurder, geen hindernis (incl. val)",Geen hindernis
47774,129,Lokeren teller 2,Lokeren,51.09612,3.97025,1.652449305411289,51.10999105357858,3.9787427050275133,2024,6,17,46014,Lokeren,Normaal,Droog+Proper,Dag,met zwaargewonden,3,Fiets,10,"één bestuurder, geen hindernis",Buiten Kruispunt,Gewestweg,buiten bebouwde kom,"Eén bestuurder, geen hindernis (incl. val)",Geen hindernis
47775,141,Test site A support,Lokeren,51.08342085,3.9961071208376326,1.11526130506605,51.091891786400446,4.0046567329372245,2024,6,21,46014,Lokeren,Normaal,Droog,Dag,met lichtgewonden,3,Fiets,3,Fiets,Op Kruispunt,Gemeenteweg,buiten bebouwde kom,Tussen 2 bestuurders: Langs achteren,Geen hindernis