crash_row_id,site_id,site_name,site_gemeente,site_lat,site_long,distance_km,crash_lat,crash_long,DT_YEAR_COLLISION,DT_MONTH_COLLISION,DT_TIME,CD_NIS,TX_MUNTY_COLLISION_NL,TX_WEATHER_NL,TX_ROAD_CONDITION_NL,TX_LIGHT_CONDITION_NL,TX_CLASS_ACCIDENTS_NL,CD_ROAD_USR_TYPE1,TX_ROAD_USR_TYPE1_NL,CD_ROAD_USR_TYPE2,TX_ROAD_USR_TYPE2_NL,TX_CROSSWAY_NL,CD_ROAD_TYPE_NL,TX_BUILD_UP_AREA_NL,TX_COLLISION_TYPE_NL,TX_OBSTACLES_NL
47775,129,Lokeren teller 2,Lokeren,51.09612,3.97025,2.4483720599371024,51.091891786400446,4.0046567329372245,2024,6,21,46014,Lokeren,Normaal,Droog,Dag,met lichtgewonden,3,Fiets,3,Fiets,Op Kruispunt,Gemeenteweg,buiten bebouwde kom,Tussen 2 bestuurders: Langs achteren,Geen hindernis
47775,128,Lokeren teller 1,Lokeren,51.09644,3.97023,2.4568118285143457,51.091891786400446,4.0046567329372245,2024,6,21,46014,Lokeren,Normaal,Droog,Dag,met lichtgewonden,3,Fiets,3,Fiets,Op Kruispunt,Gemeenteweg,buiten bebouwde kom,Tussen 2 bestuurders: Langs achteren,Geen hindernis
47777,128,Lokeren teller 1,Lokeren,51.09644,3.97023,0.6327720094656876,51.10213063249381,3.9702042897671275,2024,6,11,46014,Lokeren,Normaal,Droog,Dag,met lichtgewonden,3,Fiets,10,"één bestuurder, geen hindernis",Buiten Kruispunt,Gemeenteweg,binnen bebouwde kom,"Eén bestuurder, geen hindernis (incl. val)",Geen hindernis
47777,129,Lokeren teller 2,Lokeren,51.09612,3.97025,0.6683594607963849,51.10213063249381,3.9702042897671275,2024,6,11,46014,Lokeren,Normaal,Droog,Dag,met lichtgewonden,3,Fiets,10,"één bestuurder, geen hindernis",Buiten Kruispunt,Gemeenteweg,binnen bebouwde kom,"Eén bestuurder, geen hindernis (incl. val)",Geen hindernis
47778,128,Lokeren teller 1,Lokeren,51.09644,3.97023,1.647752056799256,51.104618935107666,3.9899081468319673,2024,6,17,46014,Lokeren,Regenval,"Nat, plassen",Dag,met lichtgewonden,3,Fiets,3,Fiets,Op Kruispunt,Gemeenteweg,binnen bebouwde kom,Tussen 2 bestuurders: Frontale botsing,Geen hindernis
47778,129,Lokeren teller 2,Lokeren,51.09612,3.97025,1.6665087586691336,51.104618935107666,3.9899081468319673,2024,6,17,46014,Lokeren,Regenval,"Nat, plassen",Dag,met lichtgewonden,3,Fiets,3,Fiets,Op Kruispunt,Gemeenteweg,binnen bebouwde kom,Tussen 2 bestuurders: Frontale botsing,Geen hindernis
47778,141,Test site A support,Lokeren,51.08342085,3.9961071208376326,2.396543608509918,51.104618935107666,3.9899081468319673,2024,6,17,46014,Lokeren,Regenval,"Nat, plassen",Dag,met lichtgewonden,3,Fiets,3,Fiets,Op Kruispunt,Gemeenteweg,binnen bebouwde kom,Tussen 2 bestuurders: Frontale botsing,Geen hindernis
47779,128,Lokeren teller 1,Lokeren,51.09644,3.97023,1.6565173874306514,51.10706649986277,3.9868571080015407,2024,6,10,46014,Lokeren,Regenval,"Nat, plassen",Dag,met lichtgewonden,3,Fiets,10,"één bestuurder, geen hindernis",Op Kruispunt,Gemeenteweg,binnen bebouwde kom,"Eén bestuurder, geen hindernis (incl. val)",Geen hindernis
47779,129,Lokeren teller 2,Lokeren,51.09612,3.97025,1.6811228065345438,51.10706649986277,3.9868571080015407,2024,6,10,46014,Lokeren,Regenval,"Nat, plassen",Dag,met lichtgewonden,3,Fiets,10,"één bestuurder, geen hindernis",Op Kruispunt,Gemeenteweg,binnen bebouwde kom,"Eén bestuurder, geen hindernis (incl. val)",Geen hindernis
47780,129,Lokeren teller 2,Lokeren,51.09612,3.97025,1.0572107597051776,51.08808706797806,3.962151955418987,2024,6,21,46014,Lokeren,Onbekend,Onbekend,Onbekend,met lichtgewonden,3,Fiets,2,Andere weggebruiker,Op Kruispunt,Gewestweg,binnen bebouwde kom,Tss. 2 best.: langs opzij (voor-/achterkant-flank),Geen hindernis
47780,128,Lokeren teller 1,Lokeren,51.09644,3.97023,1.0867135903569354,51.08808706797806,3.962151955418987,2024,6,21,46014,Lokeren,Onbekend,Onbekend,Onbekend,met lichtgewonden,3,Fiets,2,Andere weggebruiker,Op Kruispunt,Gewestweg,binnen bebouwde kom,Tss. 2 best.: langs opzij (voor-/achterkant-flank),Geen hindernis
47780,141,Test site A support,Lokeren,51.08342085,3.9961071208376326,2.4277868904707542,51.08808706797806,3.962151955418987,2024,6,21,46014,Lokeren,Onbekend,Onbekend,Onbekend,met lichtgewonden,3,Fiets,2,Andere weggebruiker,Op Kruispunt,Gewestweg,binnen bebouwde kom,Tss. 2 best.: langs opzij (voor-/achterkant-flank),Geen hindernis
47781,128,Lokeren teller 1,Lokeren,51.09644,3.97023,1.7998784620881154,51.10741029827971,3.989184406388106,2024,6,22,46014,Lokeren,Normaal,Droog,"Nacht, openbare verlichting aanwezig en ontstoken",met lichtgewonden,3,Fiets,10,"één bestuurder, geen hindernis",Op Kruispunt,Gemeenteweg,binnen bebouwde kom,"Eén bestuurder, geen hindernis (incl. val)",Geen hindernis
47781,129,Lokeren teller 2,Lokeren,51.09612,3.97025,1.8231719636743082,51.10741029827971,3.989184406388106,2024,6,22,46014,Lokeren,Normaal,Droog,"Nacht, openbare verlichting aanwezig en ontstoken",met lichtgewonden,3,Fiets,10,"één bestuurder, geen hindernis",Op Kruispunt,Gemeenteweg,binnen bebouwde kom,"Eén bestuurder, geen hindernis (incl. val)",Geen hindernis
47782,126,Hamme totem,Hamme,51.1017709,4.1469307,1.3204029142174956,51.093543226811015,4.133296337378549,2024,6,13,42008,Hamme,Normaal,Droog,Dag,met lichtgewonden,9,personenauto,3,Fiets,Op Kruispunt,Gemeenteweg,binnen bebouwde kom,Tss. 2 best.: langs opzij (voor-/achterkant-flank),Geen hindernis
47783,126,Hamme totem,Hamme,51.1017709,4.1469307,1.2986920025551334,51.09897173942937,4.1288737196031775,2024,6,18,42008,Hamme,Normaal,Droog,Dag,met lichtgewonden,9,personenauto,3,Fiets,Op Kruispunt,Gemeenteweg,binnen bebouwde kom,Tss. 2 best.: langs opzij (voor-/achterkant-flank),Geen hindernis
47784,126,Hamme totem,Hamme,51.1017709,4.1469307,1.8369205490236167,51.08636447611513,4.137437565422774,2024,6,15,42008,Hamme,Normaal,Droog,Dag,met lichtgewonden,9,personenauto,3,Fiets,Op Kruispunt,Gewestweg,binnen bebouwde kom,Tss. 2 best.: langs opzij (voor-/achterkant-flank),Geen hindernis
47788,120,Zele teller 1,Zele,51.0607671,4.0547741,1.799613845197222,51.07126096235202,4.035167676401996,2024,6,8,42028,Zele,Normaal,Droog,Dag,met lichtgewonden,9,personenauto,3,Fiets,Op Kruispunt,Gemeenteweg,binnen bebouwde kom,Tussen 2 bestuurders: Frontale botsing,Geen hindernis
47788,121,Zele teller 2,Zele,51.0604067,4.0556696,1.873268242592689,51.07126096235202,4.035167676401996,2024,6,8,42028,Zele,Normaal,Droog,Dag,met lichtgewonden,9,personenauto,3,Fiets,Op Kruispunt,Gemeenteweg,binnen bebouwde kom,Tussen 2 bestuurders: Frontale botsing,Geen hindernis
47790,120,Zele teller 1,Zele,51.0607671,4.0547741,1.3572306333743698,51.064285751317385,4.0361770889139805,2024,6,19,42028,Zele,Onbekend,Onbekend,Onbekend,met lichtgewonden,3,Fiets,9,personenauto,Op Kruispunt,Gemeenteweg,onbekend,Tss. 2 best.: langs opzij (voor-/achterkant-flank),Geen hindernis
47790,121,Zele teller 2,Zele,51.0604067,4.0556696,1.428856351388473,51.064285751317385,4.0361770889139805,2024,6,19,42028,Zele,Onbekend,Onbekend,Onbekend,met lichtgewonden,3,Fiets,9,personenauto,Op Kruispunt,Gemeenteweg,onbekend,Tss. 2 best.: langs opzij (voor-/achterkant-flank),Geen hindernis
47791,120,Zele teller 1,Zele,51.0607671,4.0547741,1.91012974131575,51.065032528277285,4.028296613696734,2024,6,20,42028,Zele,Normaal,Droog,Dag,met lichtgewonden,3,Fiets,10,"één bestuurder, geen hindernis",Buiten Kruispunt,Gewestweg,binnen bebouwde kom,"Eén bestuurder, geen hindernis (incl. val)",Geen hindernis
47791,121,Zele teller 2,Zele,51.0604067,4.0556696,1.9808442192499096,51.065032528277285,4.028296613696734,2024,6,20,42028,Zele,Normaal,Droog,Dag,met lichtgewonden,3,Fiets,10,"één bestuurder, geen hindernis",Buiten Kruispunt,Gewestweg,binnen bebouwde kom,"Eén bestuurder, geen hindernis (incl. val)",Geen hindernis
47792,120,Zele teller 1,Zele,51.0607671,4.0547741,1.8076337144553378,51.069210557586985,4.032668961286722,2024,6,11,42028,Zele,Normaal,"Nat, plassen",Dag,met lichtgewonden,9,personenauto,3,Fiets,Op Kruispunt,Gemeenteweg,binnen bebouwde kom,Tss. 2 best.: langs opzij (voor-/achterkant-flank),Geen hindernis
47792,121,Zele teller 2,Zele,51.0604067,4.0556696,1.8819284503506586,51.069210557586985,4.032668961286722,2024,6,11,42028,Zele,Normaal,"Nat, plassen",Dag,met lichtgewonden,9,personenauto,3,Fiets,Op Kruispunt,Gemeenteweg,binnen bebouwde kom,Tss. 2 best.: langs opzij (voor-/achterkant-flank),Geen hindernis
47796,152,Opwijk,District Vilvoorde-gewestwegen,50.968901168564656,4.149169474840164,0.8185947908408421,50.97587967795511,4.145446302543745,2024,6,12,42011,Lebbeke,Normaal,Droog,Dag,met zwaargewonden,7,Motorfiets,3,Fiets,Buiten Kruispunt,Gewestweg,buiten bebouwde kom,Tussen 2 bestuurders: Langs achteren,Geen hindernis
47809,10,Aalst 2,Aalst,50.93549,4.01571,1.7996572710319114,50.948125692626604,4.03176047625051,2024,6,18,41002,Aalst,Normaal,Droog,Dag,met lichtgewonden,2,Andere weggebruiker,3,Fiets,Buiten Kruispunt,Gemeenteweg,binnen bebouwde kom,Tussen 2 bestuurders: Flank tegen flank,Geen hindernis
47809,11,Aalst 3,Aalst,50.93385,4.01647,1.9150903813022244,50.948125692626604,4.03176047625051,2024,6,18,41002,Aalst,Normaal,Droog,Dag,met lichtgewonden,2,Andere weggebruiker,3,Fiets,Buiten Kruispunt,Gemeenteweg,binnen bebouwde kom,Tussen 2 bestuurders: Flank tegen flank,Geen hindernis
47809,19,Aalst 1,Aalst,50.93433,4.01471,1.9443231680748254,50.948125692626604,4.03176047625051,2024,6,18,41002,Aalst,Normaal,Droog,Dag,met lichtgewonden,2,Andere weggebruiker,3,Fiets,Buiten Kruispunt,Gemeenteweg,binnen bebouwde kom,Tussen 2 bestuurders: Flank tegen flank,Geen hindernis
47810,11,Aalst 3,Aalst,50.93385,4.01647,2.052966076629104,50.934434908360664,4.045751358632605,2024,6,15,41002,Aalst,Normaal,Droog,Dag,met lichtgewonden,3,Fiets,10,"één bestuurder, geen hindernis",Buiten Kruispunt,Gewestweg,binnen bebouwde kom,"Eén bestuurder, geen hindernis (incl. val)",Geen hindernis
47810,10,Aalst 2,Aalst,50.93549,4.01571,2.1084232444470783,50.934434908360664,4.045751358632605,2024,6,15,41002,Aalst,Normaal,Droog,Dag,met lichtgewonden,3,Fiets,10,"één bestuurder, geen hindernis",Buiten Kruispunt,Gewestweg,binnen bebouwde kom,"Eén bestuurder, geen hindernis (incl. val)",Geen hindernis
47810,19,Aalst 1,Aalst,50.93433,4.01471,2.175290307642849,50.934434908360664,4.045751358632605,2024,6,15,41002,Aalst,Normaal,Droog,Dag,met lichtgewonden,3,Fiets,10,"één bestuurder, geen hindernis",Buiten Kruispunt,Gewestweg,binnen bebouwde kom,"Eén bestuurder, geen hindernis (incl. val)",Geen hindernis
47813,10,Aalst 2,Aalst,50.93549,4.01571,2.2870129572839475,50.94210142086299,4.046616949447543,2024,6,22,41002,Aalst,Normaal,Droog,"Nacht, openbare verlichting aanwezig en ontstoken",met lichtgewonden,3,Fiets,8,Voetganger,Buiten Kruispunt,Gewestweg,binnen bebouwde kom,Met een voetganger,Geen hindernis
47813,11,Aalst 3,Aalst,50.93385,4.01647,2.3030740394641622,50.94210142086299,4.046616949447543,2024,6,22,41002,Aalst,Normaal,Droog,"Nacht, openbare verlichting aanwezig en ontstoken",met lichtgewonden,3,Fiets,8,Voetganger,Buiten Kruispunt,Gewestweg,binnen bebouwde kom,Met een voetganger,Geen hindernis
47813,19,Aalst 1,Aalst,50.93433,4.01471,2.396923013466909,50.94210142086299,4.046616949447543,2024,6,22,41002,Aalst,Normaal,Droog,"Nacht, openbare verlichting aanwezig en ontstoken",met lichtgewonden,3,Fiets,8,Voetganger,Buiten Kruispunt,Gewestweg,binnen bebouwde kom,Met een voetganger,Geen hindernis
47814,11,Aalst 3,Aalst,50.93385,4.01647,1.756726311147959,50.930055925298745,4.040803912848554,2024,6,18,41002,Aalst,Onbekend,Onbekend,Dag,met lichtgewonden,3,Fiets,8,Voetganger,Buiten Kruispunt,Gewestweg,binnen bebouwde kom,Met een voetganger,Geen hindernis
47814,10,Aalst 2,Aalst,50.93549,4.01571,1.8594598752976266,50.930055925298745,4.040803912848554,2024,6,18,41002,Aalst,Onbekend,Onbekend,Dag,met lichtgewonden,3,Fiets,8,Voetganger,Buiten Kruispunt,Gewestweg,binnen bebouwde kom,Met een voetganger,Geen hindernis
47814,19,Aalst 1,Aalst,50.93433,4.01471,1.8893962256029408,50.930055925298745,4.040803912848554,2024,6,18,41002,Aalst,Onbekend,Onbekend,Dag,met lichtgewonden,3,Fiets,8,Voetganger,Buiten Kruispunt,Gewestweg,binnen bebouwde kom,Met een voetganger,Geen hindernis
47815,11,Aalst 3,Aalst,50.93385,4.01647,1.3111956573262002,50.93788015528622,4.0340548334717665,2024,6,16,41002,Aalst,Normaal,Droog,Dag,met lichtgewonden,8,Voetganger,3,Fiets,Buiten Kruispunt,Gemeenteweg,binnen bebouwde kom,Met een voetganger,Geen hindernis
47815,10,Aalst 2,Aalst,50.93549,4.01571,1.3126587270013572,50.93788015528622,4.0340548334717665,2024,6,16,41002,Aalst,Normaal,Droog,Dag,met lichtgewonden,8,Voetganger,3,Fiets,Buiten Kruispunt,Gemeenteweg,binnen bebouwde kom,Met een voetganger,Geen hindernis
47815,19,Aalst 1,Aalst,50.93433,4.01471,1.4118715829890915,50.93788015528622,4.0340548334717665,2024,6,16,41002,Aalst,Normaal,Droog,Dag,met lichtgewonden,8,Voetganger,3,Fiets,Buiten Kruispunt,Gemeenteweg,binnen bebouwde kom,Met een voetganger,Geen hindernis
47817,10,Aalst 2,Aalst,50.93549,4.01571,1.1992996264410196,50.93797070845008,4.032366240932178,2024,6,10,41002,Aalst,Normaal,Droog,Dag,met lichtgewonden,3,Fiets,10,"één bestuurder, geen hindernis",Buiten Kruispunt,Gemeenteweg,binnen bebouwde kom,"Eén bestuurder, geen hindernis (incl. val)",Geen hindernis
47817,11,Aalst 3,Aalst,50.93385,4.01647,1.204469304578111,50.93797070845008,4.032366240932178,2024,6,10,41002,Aalst,Normaal,Droog,Dag,met lichtgewonden,3,Fiets,10,"één bestuurder, geen hindernis",Buiten Kruispunt,Gemeenteweg,binnen bebouwde kom,"Eén bestuurder, geen hindernis (incl. val)",Geen hindernis
47817,19,Aalst 1,Aalst,50.93433,4.01471,1.30178146876424,50.93797070845008,4.032366240932178,2024,6,10,41002,Aalst,Normaal,Droog,Dag,met lichtgewonden,3,Fiets,10,"één bestuurder, geen hindernis",Buiten Kruispunt,Gemeenteweg,binnen bebouwde kom,"Eén bestuurder, geen hindernis (incl. val)",Geen hindernis
47818,19,Aalst 1,Aalst,50.93433,4.01471,2.1644390470150645,50.93521793917402,3.9838549374636893,2024,6,10,41082,Erpe-Mere,Normaal,Droog,Dag,met lichtgewonden,3,Fiets,10,"één bestuurder, geen hindernis",Buiten Kruispunt,Gemeenteweg,buiten bebouwde kom,"Eén bestuurder, geen hindernis (incl. val)",Geen hindernis
47818,10,Aalst 2,Aalst,50.93549,4.01571,2.2324386158269096,50.93521793917402,3.9838549374636893,2024,6,10,41082,Erpe-Mere,Normaal,Droog,Dag,met lichtgewonden,3,Fiets,10,"één bestuurder, geen hindernis",Buiten Kruispunt,Gemeenteweg,buiten bebouwde kom,"Eén bestuurder, geen hindernis (incl. val)",Geen hindernis
47818,11,Aalst 3,Aalst,50.93385,4.01647,2.290586689823289,50.93521793917402,3.9838549374636893,2024,6,10,41082,Erpe-Mere,Normaal,Droog,Dag,met lichtgewonden,3,Fiets,10,"één bestuurder, geen hindernis",Buiten Kruispunt,Gemeenteweg,buiten bebouwde kom,"Eén bestuurder, geen hindernis (incl. val)",Geen hindernis
47824,125,Dendermonde totem,Dendermonde,51.0372706,4.1025998,0.9814116831635006,51.02845154634959,4.103158399161826,2024,6,17,42006,Dendermonde,Normaal,Droog,Dag,met lichtgewonden,6,Bromfiets,3,Fiets,Op Kruispunt,Gewestweg,binnen bebouwde kom,Tss. 2 best.: langs opzij (voor-/achterkant-flank),Geen hindernis
47824,122,Dendermonde teller 2,Dendermonde,51.0373918,4.1019222,0.9978622222460907,51.02845154634959,4.103158399161826,2024,6,17,42006,Dendermonde,Normaal,Droog,Dag,met lichtgewonden,6,Bromfiets,3,Fiets,Op Kruispunt,Gewestweg,binnen bebouwde kom,Tss. 2 best.: langs opzij (voor-/achterkant-flank),Geen hindernis
47825,125,Dendermonde totem,Dendermonde,51.0372706,4.1025998,0.6642063800343019,51.03326637480494,4.109648480938035,2024,6,17,42006,Dendermonde,Normaal,Droog,Dag,met lichtgewonden,3,Fiets,9,personenauto,Buiten Kruispunt,Gewestweg,binnen bebouwde kom,Tss. 2 best.: langs opzij (voor-/achterkant-flank),Geen hindernis
47825,122,Dendermonde teller 2,Dendermonde,51.0373918,4.1019222,0.7087327222031524,51.03326637480494,4.109648480938035,2024,6,17,42006,Dendermonde,Normaal,Droog,Dag,met lichtgewonden,3,Fiets,9,personenauto,Buiten Kruispunt,Gewestweg,binnen bebouwde kom,Tss. 2 best.: langs opzij (voor-/achterkant-flank),Geen hindernis
47826,122,Dendermonde teller 2,Dendermonde,51.0373918,4.1019222,0.6755274238095211,51.031584733097816,4.099083978198119,2024,6,17,42006,Dendermonde,Normaal,Droog,Dag,met lichtgewonden,9,personenauto,3,Fiets,Buiten Kruispunt,Gemeenteweg,binnen bebouwde kom,Tussen 2 bestuurders: Flank tegen flank,Geen hindernis
47826,125,Dendermonde totem,Dendermonde,51.0372706,4.1025998,0.6783557768834148,51.031584733097816,4.099083978198119,2024,6,17,42006,Dendermonde,Normaal,Droog,Dag,met lichtgewonden,9,personenauto,3,Fiets,Buiten Kruispunt,Gemeenteweg,binnen bebouwde kom,Tussen 2 bestuurders: Flank tegen flank,Geen hindernis
47828,125,Dendermonde totem,Dendermonde,51.0372706,4.1025998,1.2819247460217489,51.02575865319385,4.101614064748074,2024,6,23,42006,Dendermonde,Normaal,Droog,"Nacht, openbare verlichting aanwezig en ontstoken",met lichtgewonden,9,personenauto,3,Fiets,Buiten Kruispunt,Gemeenteweg,binnen bebouwde kom,Tussen 2 bestuurders: Flank tegen flank,Geen hindernis
47828,122,Dendermonde teller 2,Dendermonde,51.0373918,4.1019222,1.2937263636515428,51.02575865319385,4.101614064748074,2024,6,23,42006,Dendermonde,Normaal,Droog,"Nacht, openbare verlichting aanwezig en ontstoken",met lichtgewonden,9,personenauto,3,Fiets,Buiten Kruispunt,Gemeenteweg,binnen bebouwde kom,Tussen 2 bestuurders: Flank tegen flank,Geen hindernis
47829,122,Dendermonde teller 2,Dendermonde,51.0373918,4.1019222,2.3811169730329005,51.03060137696938,4.069627610861144,2024,6,7,42006,Dendermonde,Onbekend,"Nat, plassen",Dag,met lichtgewonden,4,Vrachtwagen,3,Fiets,Buiten Kruispunt,Gewestweg,binnen bebouwde kom,Tussen 2 bestuurders: Langs achteren,Geen hindernis
47829,125,Dendermonde totem,Dendermonde,51.0372706,4.1025998,2.42194241073822,51.03060137696938,4.069627610861144,2024,6,7,42006,Dendermonde,Onbekend,"Nat, plassen",Dag,met lichtgewonden,4,Vrachtwagen,3,Fiets,Buiten Kruispunt,Gewestweg,binnen bebouwde kom,Tussen 2 bestuurders: Langs achteren,Geen hindernis
47830,125,Dendermonde totem,Dendermonde,51.0372706,4.1025998,1.975385638647668,51.03698080694382,4.130847628523038,2024,6,13,42006,Dendermonde,Normaal,Droog,Dag,met lichtgewonden,9,personenauto,3,Fiets,Buiten Kruispunt,Gemeenteweg,buiten bebouwde kom,Tss. 2 best.: langs opzij (voor-/achterkant-flank),Geen hindernis
47830,122,Dendermonde teller 2,Dendermonde,51.0373918,4.1019222,2.023015030809807,51.03698080694382,4.130847628523038,2024,6,13,42006,Dendermonde,Normaal,Droog,Dag,met lichtgewonden,9,personenauto,3,Fiets,Buiten Kruispunt,Gemeenteweg,buiten bebouwde kom,Tss. 2 best.: langs opzij (voor-/achterkant-flank),Geen hindernis
47831,125,Dendermonde totem,Dendermonde,51.0372706,4.1025998,1.3907124310252448,51.02485473793108,4.1002036525845735,2024,5,14,42006,Dendermonde,Normaal,Onbekend,Dag,met lichtgewonden,3,Fiets,5,Lichte vrachtauto,Buiten Kruispunt,Gemeenteweg,binnen bebouwde kom,Tss. 2 best.: langs opzij (voor-/achterkant-flank),Geen hindernis
47831,122,Dendermonde teller 2,Dendermonde,51.0373918,4.1019222,1.3992282645562342,51.02485473793108,4.1002036525845735,2024,5,14,42006,Dendermonde,Normaal,Onbekend,Dag,met lichtgewonden,3,Fiets,5,Lichte vrachtauto,Buiten Kruispunt,Gemeenteweg,binnen bebouwde kom,Tss. 2 best.: langs opzij (voor-/achterkant-flank),Geen hindernis
47833,53,Brugge teller 1,Brugge,51.23023,3.228,1.769789076901087,51.22478271331173,3.204119134981627,2024,6,15,31005,Brugge,Normaal,Droog,Dag,met lichtgewonden,3,Fiets,3,Fiets,Buiten Kruispunt,Gemeenteweg,binnen bebouwde kom,Tussen 2 bestuurders: Frontale botsing,Geen hindernis
47833,54,Brugge teller 2,Brugge,51.23015,3.22818,1.778567998457528,51.22478271331173,3.204119134981627,2024,6,15,31005,Brugge,Normaal,Droog,Dag,met lichtgewonden,3,Fiets,3,Fiets,Buiten Kruispunt,Gemeenteweg,binnen bebouwde kom,Tussen 2 bestuurders: Frontale botsing,Geen hindernis
47836,20,Brugge,Brugge,51.17416,3.20048,2.1043945115042155,51.19296270798943,3.1970494023984437,2024,6,17,31005,Brugge,Normaal,Droog,Dag,met lichtgewonden,3,Fiets,9,personenauto,Buiten Kruispunt,Gewestweg,binnen bebouwde kom,Tss. 2 best.: langs opzij (voor-/achterkant-flank),Geen hindernis
47836,50,"Brugge, Sint-Andries",Brugge,51.19291,3.16252,2.4062177991242053,51.19296270798943,3.1970494023984437,2024,6,17,31005,Brugge,Normaal,Droog,Dag,met lichtgewonden,3,Fiets,9,personenauto,Buiten Kruispunt,Gewestweg,binnen bebouwde kom,Tss. 2 best.: langs opzij (voor-/achterkant-flank),Geen hindernis
47836,51,"Brugge, Sint-Andries",Brugge,51.19281,3.16252,2.406273185796085,51.19296270798943,3.1970494023984437,2024,6,17,31005,Brugge,Normaal,Droog,Dag,met lichtgewonden,3,Fiets,9,personenauto,Buiten Kruispunt,Gewestweg,binnen bebouwde kom,Tss. 2 best.: langs opzij (voor-/achterkant-flank),Geen hindernis
47837,142,TEST Validatie BRUGGE Y2H22022134,Brugge,51.22632,3.24095,2.105357249978381,51.209398920202695,3.254513018392724,2024,6,9,31005,Brugge,Onbekend,Onbekend,Dag,met lichtgewonden,3,Fiets,9,personenauto,Buiten Kruispunt,Gewestweg,binnen bebouwde kom,Tss. 2 best.: langs opzij (voor-/achterkant-flank),Geen hindernis
47837,52,Brugge,Brugge,51.22632,3.24095,2.105357249978381,51.209398920202695,3.254513018392724,2024,6,9,31005,Brugge,Onbekend,Onbekend,Dag,met lichtgewonden,3,Fiets,9,personenauto,Buiten Kruispunt,Gewestweg,binnen bebouwde kom,Tss. 2 best.: langs opzij (voor-/achterkant-flank),Geen hindernis
47838,20,Brugge,Brugge,51.17416,3.20048,1.9634711805827103,51.19158317793578,3.1959019755003877,2024,6,7,31005,Brugge,Regenval,"Nat, plassen",Dag,met lichtgewonden,3,Fiets,9,personenauto,Op Kruispunt,Gewestweg,binnen bebouwde kom,Tss. 2 best.: langs opzij (voor-/achterkant-flank),Geen hindernis
47838,51,"Brugge, Sint-Andries",Brugge,51.19281,3.16252,2.330284972083284,51.19158317793578,3.1959019755003877,2024,6,7,31005,Brugge,Regenval,"Nat, plassen",Dag,met lichtgewonden,3,Fiets,9,personenauto,Op Kruispunt,Gewestweg,binnen bebouwde kom,Tss. 2 best.: langs opzij (voor-/achterkant-flank),Geen hindernis
47838,50,"Brugge, Sint-Andries",Brugge,51.19291,3.16252,2.330959826362707,51.19158317793578,3.1959019755003877,2024,6,7,31005,Brugge,Regenval,"Nat, plassen",Dag,met lichtgewonden,3,Fiets,9,personenauto,Op Kruispunt,Gewestweg,binnen bebouwde kom,Tss. 2 best.: langs opzij (voor-/achterkant-flank),Geen hindernis
47840,54,Brugge teller 2,Brugge,51.23015,3.22818,2.3705205240620195,51.211073491778215,3.2129852772320415,2024,6,12,31005,Brugge,Normaal,Droog,Dag,met lichtgewonden,3,Fiets,8,Voetganger,Buiten Kruispunt,Gemeenteweg,binnen bebouwde kom,Met een voetganger,Geen hindernis
47840,53,Brugge teller 1,Brugge,51.23023,3.228,2.372932627826085,51.211073491778215,3.2129852772320415,2024,6,12,31005,Brugge,Normaal,Droog,Dag,met lichtgewonden,3,Fiets,8,Voetganger,Buiten Kruispunt,Gemeenteweg,binnen bebouwde kom,Met een voetganger,Geen hindernis
47842,142,TEST Validatie BRUGGE Y2H22022134,Brugge,51.22632,3.24095,2.1532228432596665,51.20826483328833,3.229775511597685,2024,6,9,31005,Brugge,Normaal,Droog,Dag,met lichtgewonden,3,Fiets,3,Fiets,Op Kruispunt,Gemeenteweg,buiten bebouwde kom,Tss. 2 best.: langs opzij (voor-/achterkant-flank),Geen hindernis
47842,52,Brugge,Brugge,51.22632,3.24095,2.1532228432596665,51.20826483328833,3.229775511597685,2024,6,9,31005,Brugge,Normaal,Droog,Dag,met lichtgewonden,3,Fiets,3,Fiets,Op Kruispunt,Gemeenteweg,buiten bebouwde kom,Tss. 2 best.: langs opzij (voor-/achterkant-flank),Geen hindernis
47842,54,Brugge teller 2,Brugge,51.23015,3.22818,2.4360552346989004,51.20826483328833,3.229775511597685,2024,6,9,31005,Brugge,Normaal,Droog,Dag,met lichtgewonden,3,Fiets,3,Fiets,Op Kruispunt,Gemeenteweg,buiten bebouwde kom,Tss. 2 best.: langs opzij (voor-/achterkant-flank),Geen hindernis
47842,53,Brugge teller 1,Brugge,51.23023,3.228,2.445543430527373,51.20826483328833,3.229775511597685,2024,6,9,31005,Brugge,Normaal,Droog,Dag,met lichtgewonden,3,Fiets,3,Fiets,Op Kruispunt,Gemeenteweg,buiten bebouwde kom,Tss. 2 best.: langs opzij (voor-/achterkant-flank),Geen hindernis
47843,53,Brugge teller 1,Brugge,51.23023,3.228,1.7433915259008181,51.24118053483398,3.2100787094685375,2024,6,9,31005,Brugge,Normaal,Droog,Dag,met lichtgewonden,3,Fiets,6,Bromfiets,Buiten Kruispunt,Gemeenteweg,buiten bebouwde kom,Tussen 2 bestuurders: Frontale botsing,Geen hindernis
47843,54,Brugge teller 2,Brugge,51.23015,3.22818,1.7585756093186078,51.24118053483398,3.2100787094685375,2024,6,9,31005,Brugge,Normaal,Droog,Dag,met lichtgewonden,3,Fiets,6,Bromfiets,Buiten Kruispunt,Gemeenteweg,buiten bebouwde kom,Tussen 2 bestuurders: Frontale botsing,Geen hindernis