crash_row_id,site_id,site_name,site_gemeente,site_lat,site_long,distance_km,crash_lat,crash_long,DT_YEAR_COLLISION,DT_MONTH_COLLISION,DT_TIME,CD_NIS,TX_MUNTY_COLLISION_NL,TX_WEATHER_NL,TX_ROAD_CONDITION_NL,TX_LIGHT_CONDITION_NL,TX_CLASS_ACCIDENTS_NL,CD_ROAD_USR_TYPE1,TX_ROAD_USR_TYPE1_NL,CD_ROAD_USR_TYPE2,TX_ROAD_USR_TYPE2_NL,TX_CROSSWAY_NL,CD_ROAD_TYPE_NL,TX_BUILD_UP_AREA_NL,TX_COLLISION_TYPE_NL,TX_OBSTACLES_NL
47844,142,TEST Validatie BRUGGE Y2H22022134,Brugge,51.22632,3.24095,1.8457812217269085,51.21448773228827,3.2595380993090015,2024,6,14,31005,Brugge,Normaal,Droog,Dag,met lichtgewonden,3,Fiets,5,Lichte vrachtauto,Buiten Kruispunt,Gemeenteweg,binnen bebouwde kom,Tussen 2 bestuurders: Flank tegen flank,Geen hindernis
47844,52,Brugge,Brugge,51.22632,3.24095,1.8457812217269085,51.21448773228827,3.2595380993090015,2024,6,14,31005,Brugge,Normaal,Droog,Dag,met lichtgewonden,3,Fiets,5,Lichte vrachtauto,Buiten Kruispunt,Gemeenteweg,binnen bebouwde kom,Tussen 2 bestuurders: Flank tegen flank,Geen hindernis
47851,53,Brugge teller 1,Brugge,51.23023,3.228,1.785743332095611,51.21806501733666,3.211259079474403,2024,6,9,31005,Brugge,Normaal,Droog,Dag,met lichtgewonden,3,Fiets,9,personenauto,Buiten Kruispunt,Gemeenteweg,binnen bebouwde kom,Tss. 2 best.: langs opzij (voor-/achterkant-flank),Geen hindernis
47851,54,Brugge teller 2,Brugge,51.23015,3.22818,1.787254578526043,51.21806501733666,3.211259079474403,2024,6,9,31005,Brugge,Normaal,Droog,Dag,met lichtgewonden,3,Fiets,9,personenauto,Buiten Kruispunt,Gemeenteweg,binnen bebouwde kom,Tss. 2 best.: langs opzij (voor-/achterkant-flank),Geen hindernis
47851,52,Brugge,Brugge,51.22632,3.24095,2.2623088277438033,51.21806501733666,3.211259079474403,2024,6,9,31005,Brugge,Normaal,Droog,Dag,met lichtgewonden,3,Fiets,9,personenauto,Buiten Kruispunt,Gemeenteweg,binnen bebouwde kom,Tss. 2 best.: langs opzij (voor-/achterkant-flank),Geen hindernis
47851,142,TEST Validatie BRUGGE Y2H22022134,Brugge,51.22632,3.24095,2.2623088277438033,51.21806501733666,3.211259079474403,2024,6,9,31005,Brugge,Normaal,Droog,Dag,met lichtgewonden,3,Fiets,9,personenauto,Buiten Kruispunt,Gemeenteweg,binnen bebouwde kom,Tss. 2 best.: langs opzij (voor-/achterkant-flank),Geen hindernis
47853,142,TEST Validatie BRUGGE Y2H22022134,Brugge,51.22632,3.24095,1.9156616414860002,51.21124021961548,3.2542506408817764,2024,6,12,31005,Brugge,Normaal,Droog,Dag,met lichtgewonden,5,Lichte vrachtauto,3,Fiets,Buiten Kruispunt,Gemeenteweg,binnen bebouwde kom,Tss. 2 best.: langs opzij (voor-/achterkant-flank),Geen hindernis
47853,52,Brugge,Brugge,51.22632,3.24095,1.9156616414860002,51.21124021961548,3.2542506408817764,2024,6,12,31005,Brugge,Normaal,Droog,Dag,met lichtgewonden,5,Lichte vrachtauto,3,Fiets,Buiten Kruispunt,Gemeenteweg,binnen bebouwde kom,Tss. 2 best.: langs opzij (voor-/achterkant-flank),Geen hindernis
47856,142,TEST Validatie BRUGGE Y2H22022134,Brugge,51.22632,3.24095,1.9177530491169628,51.21369053647691,3.259702223873606,2024,6,14,31005,Brugge,Normaal,Droog,Dag,met zwaargewonden,9,personenauto,3,Fiets,Buiten Kruispunt,Gemeenteweg,binnen bebouwde kom,Tss. 2 best.: langs opzij (voor-/achterkant-flank),Geen hindernis
47856,52,Brugge,Brugge,51.22632,3.24095,1.9177530491169628,51.21369053647691,3.259702223873606,2024,6,14,31005,Brugge,Normaal,Droog,Dag,met zwaargewonden,9,personenauto,3,Fiets,Buiten Kruispunt,Gemeenteweg,binnen bebouwde kom,Tss. 2 best.: langs opzij (voor-/achterkant-flank),Geen hindernis
47859,50,"Brugge, Sint-Andries",Brugge,51.19291,3.16252,1.5131630284492426,51.1975785998844,3.182917236817179,2024,6,0,31005,Brugge,Normaal,Droog,"Nacht, openbare verlichting aanwezig en ontstoken",met zwaargewonden,9,personenauto,3,Fiets,Buiten Kruispunt,Gewestweg,binnen bebouwde kom,Tussen 2 bestuurders: Flank tegen flank,Geen hindernis
47859,51,"Brugge, Sint-Andries",Brugge,51.19281,3.16252,1.5170152217110193,51.1975785998844,3.182917236817179,2024,6,0,31005,Brugge,Normaal,Droog,"Nacht, openbare verlichting aanwezig en ontstoken",met zwaargewonden,9,personenauto,3,Fiets,Buiten Kruispunt,Gewestweg,binnen bebouwde kom,Tussen 2 bestuurders: Flank tegen flank,Geen hindernis
47872,20,Brugge,Brugge,51.17416,3.20048,1.862625933848522,51.15786493539782,3.1942899086526713,2024,6,4,31040,Zedelgem,Normaal,Droog,Dageraad - schemering,met lichtgewonden,3,Fiets,10,"één bestuurder, geen hindernis",Buiten Kruispunt,Gemeenteweg,binnen bebouwde kom,"Eén bestuurder, geen hindernis (incl. val)",Geen hindernis
47875,20,Brugge,Brugge,51.17416,3.20048,1.7370259592934556,51.15884039103339,3.195606422320896,2024,6,16,31040,Zedelgem,Normaal,Droog,Dag,met lichtgewonden,3,Fiets,11,een weggebruiker tegen een hindernis,Buiten Kruispunt,Gemeenteweg,binnen bebouwde kom,Weggebruiker tegen hindernis buiten rijbaan,Andere hindernis
47884,59,Ardooie teller 1,Ardooie,50.96784,3.18479,0.8774548547392805,50.97051766184476,3.1965773609563835,2024,6,17,37020,Ardooie,Normaal,Droog,Dag,met lichtgewonden,3,Fiets,9,personenauto,Op Kruispunt,Gemeenteweg,buiten bebouwde kom,Tss. 2 best.: langs opzij (voor-/achterkant-flank),Geen hindernis
47884,60,Ardooie teller 2,Ardooie,50.96783,3.18411,0.9227470187920055,50.97051766184476,3.1965773609563835,2024,6,17,37020,Ardooie,Normaal,Droog,Dag,met lichtgewonden,3,Fiets,9,personenauto,Op Kruispunt,Gemeenteweg,buiten bebouwde kom,Tss. 2 best.: langs opzij (voor-/achterkant-flank),Geen hindernis
47888,18,Oostende 1,Oostende,51.21378,2.92765,2.2894437825621465,51.232126151725595,2.912727496047952,2024,6,18,35013,Oostende,Regenval,Onbekend,Dag,met lichtgewonden,8,Voetganger,3,Fiets,Buiten Kruispunt,Gemeenteweg,binnen bebouwde kom,Met een voetganger,Geen vermelding van de aanwezigheid van een hindernis
47888,15,Oostende 2,Oostende,51.21371,2.92743,2.289489844089977,51.232126151725595,2.912727496047952,2024,6,18,35013,Oostende,Regenval,Onbekend,Dag,met lichtgewonden,8,Voetganger,3,Fiets,Buiten Kruispunt,Gemeenteweg,binnen bebouwde kom,Met een voetganger,Geen vermelding van de aanwezigheid van een hindernis
47889,18,Oostende 1,Oostende,51.21378,2.92765,1.9178510439826433,51.22468947659545,2.9489787078290433,2024,6,10,35013,Oostende,Normaal,Droog,Dag,met lichtgewonden,3,Fiets,3,Fiets,Op Kruispunt,Gewestweg,buiten bebouwde kom,Tussen 2 bestuurders: Flank tegen flank,Geen hindernis
47889,15,Oostende 2,Oostende,51.21371,2.92743,1.9346463770625923,51.22468947659545,2.9489787078290433,2024,6,10,35013,Oostende,Normaal,Droog,Dag,met lichtgewonden,3,Fiets,3,Fiets,Op Kruispunt,Gewestweg,buiten bebouwde kom,Tussen 2 bestuurders: Flank tegen flank,Geen hindernis
47890,15,Oostende 2,Oostende,51.21371,2.92743,1.0306611053057626,51.21560414754943,2.912945179065661,2024,6,11,35013,Oostende,Normaal,Droog,Dag,met lichtgewonden,3,Fiets,6,Bromfiets,Buiten Kruispunt,Gemeenteweg,binnen bebouwde kom,Tussen 2 bestuurders: Flank tegen flank,Geen hindernis
47890,18,Oostende 1,Oostende,51.21378,2.92765,1.0441253576108889,51.21560414754943,2.912945179065661,2024,6,11,35013,Oostende,Normaal,Droog,Dag,met lichtgewonden,3,Fiets,6,Bromfiets,Buiten Kruispunt,Gemeenteweg,binnen bebouwde kom,Tussen 2 bestuurders: Flank tegen flank,Geen hindernis
47891,18,Oostende 1,Oostende,51.21378,2.92765,2.4173434139836933,51.233984997635666,2.914839041830053,2024,6,14,35013,Oostende,Normaal,Droog,Dag,met lichtgewonden,3,Fiets,8,Voetganger,Buiten Kruispunt,Gewestweg,binnen bebouwde kom,Met een voetganger,Geen hindernis
47891,15,Oostende 2,Oostende,51.21371,2.92743,2.418984141574287,51.233984997635666,2.914839041830053,2024,6,14,35013,Oostende,Normaal,Droog,Dag,met lichtgewonden,3,Fiets,8,Voetganger,Buiten Kruispunt,Gewestweg,binnen bebouwde kom,Met een voetganger,Geen hindernis
47893,18,Oostende 1,Oostende,51.21378,2.92765,1.5434632455760895,51.22456278539704,2.941605634766533,2024,6,22,35013,Oostende,Normaal,Droog,Dag,met lichtgewonden,6,Bromfiets,3,Fiets,Buiten Kruispunt,Gewestweg,buiten bebouwde kom,Tussen 2 bestuurders: Frontale botsing,Geen hindernis
47893,15,Oostende 2,Oostende,51.21371,2.92743,1.5591746543626401,51.22456278539704,2.941605634766533,2024,6,22,35013,Oostende,Normaal,Droog,Dag,met lichtgewonden,6,Bromfiets,3,Fiets,Buiten Kruispunt,Gewestweg,buiten bebouwde kom,Tussen 2 bestuurders: Frontale botsing,Geen hindernis
47894,15,Oostende 2,Oostende,51.21371,2.92743,1.464234603409433,51.222554223599104,2.9118541325889464,2024,6,20,35013,Oostende,Normaal,Droog,Dag,met lichtgewonden,9,personenauto,3,Fiets,Op Kruispunt,Gemeenteweg,binnen bebouwde kom,Tss. 2 best.: langs opzij (voor-/achterkant-flank),Geen hindernis
47894,18,Oostende 1,Oostende,51.21378,2.92765,1.4704460369647137,51.222554223599104,2.9118541325889464,2024,6,20,35013,Oostende,Normaal,Droog,Dag,met lichtgewonden,9,personenauto,3,Fiets,Op Kruispunt,Gemeenteweg,binnen bebouwde kom,Tss. 2 best.: langs opzij (voor-/achterkant-flank),Geen hindernis
47895,15,Oostende 2,Oostende,51.21371,2.92743,1.759939922188569,51.22465253861528,2.909172387670088,2024,6,19,35013,Oostende,Onbekend,Onbekend,Onbekend,met lichtgewonden,3,Fiets,9,personenauto,Op Kruispunt,Gewestweg,onbekend,Tss. 2 best.: langs opzij (voor-/achterkant-flank),Geen hindernis
47895,18,Oostende 1,Oostende,51.21378,2.92765,1.765702762010905,51.22465253861528,2.909172387670088,2024,6,19,35013,Oostende,Onbekend,Onbekend,Onbekend,met lichtgewonden,3,Fiets,9,personenauto,Op Kruispunt,Gewestweg,onbekend,Tss. 2 best.: langs opzij (voor-/achterkant-flank),Geen hindernis
47896,15,Oostende 2,Oostende,51.21371,2.92743,1.4096213911658866,51.20951643297646,2.9083328624826135,2024,6,12,35013,Oostende,Normaal,Droog,Dag,met lichtgewonden,8,Voetganger,3,Fiets,Buiten Kruispunt,Gemeenteweg,binnen bebouwde kom,Met een voetganger,Geen hindernis
47896,18,Oostende 1,Oostende,51.21378,2.92765,1.4266589789122404,51.20951643297646,2.9083328624826135,2024,6,12,35013,Oostende,Normaal,Droog,Dag,met lichtgewonden,8,Voetganger,3,Fiets,Buiten Kruispunt,Gemeenteweg,binnen bebouwde kom,Met een voetganger,Geen hindernis
47897,15,Oostende 2,Oostende,51.21371,2.92743,2.350498679623865,51.21803120306986,2.8943959130314605,2024,6,13,35013,Oostende,Normaal,Droog,Dag,met lichtgewonden,5,Lichte vrachtauto,3,Fiets,Buiten Kruispunt,Gewestweg,binnen bebouwde kom,Tss. 2 best.: langs opzij (voor-/achterkant-flank),Geen hindernis
47897,18,Oostende 1,Oostende,51.21378,2.92765,2.3639299176810926,51.21803120306986,2.8943959130314605,2024,6,13,35013,Oostende,Normaal,Droog,Dag,met lichtgewonden,5,Lichte vrachtauto,3,Fiets,Buiten Kruispunt,Gewestweg,binnen bebouwde kom,Tss. 2 best.: langs opzij (voor-/achterkant-flank),Geen hindernis
47898,18,Oostende 1,Oostende,51.21378,2.92765,2.2583516356659405,51.23011039072404,2.946929900414135,2024,6,9,35013,Oostende,Normaal,Droog,Dag,met lichtgewonden,9,personenauto,3,Fiets,Op Kruispunt,Gemeenteweg,binnen bebouwde kom,Tussen 2 bestuurders: Frontale botsing,Geen hindernis
47898,15,Oostende 2,Oostende,51.21371,2.92743,2.2737329531785493,51.23011039072404,2.946929900414135,2024,6,9,35013,Oostende,Normaal,Droog,Dag,met lichtgewonden,9,personenauto,3,Fiets,Op Kruispunt,Gemeenteweg,binnen bebouwde kom,Tussen 2 bestuurders: Frontale botsing,Geen hindernis
47899,15,Oostende 2,Oostende,51.21371,2.92743,1.4613739388783538,51.221980351118006,2.9111231478371353,2024,6,12,35013,Oostende,Normaal,Droog,Dag,met lichtgewonden,3,Fiets,3,Fiets,Op Kruispunt,Gemeenteweg,binnen bebouwde kom,Tss. 2 best.: langs opzij (voor-/achterkant-flank),Geen hindernis
47899,18,Oostende 1,Oostende,51.21378,2.92765,1.4684672900688016,51.221980351118006,2.9111231478371353,2024,6,12,35013,Oostende,Normaal,Droog,Dag,met lichtgewonden,3,Fiets,3,Fiets,Op Kruispunt,Gemeenteweg,binnen bebouwde kom,Tss. 2 best.: langs opzij (voor-/achterkant-flank),Geen hindernis
47900,15,Oostende 2,Oostende,51.21371,2.92743,0.9932160744176128,51.21149641657112,2.9136159383547895,2024,6,17,35013,Oostende,Normaal,Droog,Dag,met lichtgewonden,9,personenauto,3,Fiets,Op Kruispunt,Gemeenteweg,binnen bebouwde kom,Tss. 2 best.: langs opzij (voor-/achterkant-flank),Geen hindernis
47900,18,Oostende 1,Oostende,51.21378,2.92765,1.009997552159361,51.21149641657112,2.9136159383547895,2024,6,17,35013,Oostende,Normaal,Droog,Dag,met lichtgewonden,9,personenauto,3,Fiets,Op Kruispunt,Gemeenteweg,binnen bebouwde kom,Tss. 2 best.: langs opzij (voor-/achterkant-flank),Geen hindernis
47909,84,Roeselare totem,Izegem,50.91717,3.18772,2.048461313994579,50.92244819789316,3.215717657908784,2024,6,17,36008,Izegem,Normaal,Droog,Dag,met lichtgewonden,9,personenauto,3,Fiets,Buiten Kruispunt,Gemeenteweg,binnen bebouwde kom,Tss. 2 best.: langs opzij (voor-/achterkant-flank),Geen hindernis
47914,84,Roeselare totem,Izegem,50.91717,3.18772,2.359334142619527,50.895976567301055,3.189338789548254,2024,6,14,36008,Izegem,Onbekend,"Vuil (zand, grint, bladeren,...)",Dag,met lichtgewonden,3,Fiets,11,een weggebruiker tegen een hindernis,Buiten Kruispunt,Gemeenteweg,buiten bebouwde kom,Weggebruiker tegen hindernis op de rijbaan,"Op de rijbaan: Werken (signal., aarde, toestel,…)"
47915,84,Roeselare totem,Izegem,50.91717,3.18772,1.5793863944717559,50.91899989616085,3.2100624918615948,2024,5,14,36008,Izegem,Onbekend,Onbekend,Dag,met lichtgewonden,9,personenauto,3,Fiets,Op Kruispunt,Gewestweg,binnen bebouwde kom,Tussen 2 bestuurders: Frontale botsing,Geen hindernis
47923,61,Wervik teller 2,Wervik,50.80555,3.0921,1.704503621009062,50.796058144048196,3.1111448447479626,2024,6,19,34027,Menen,Onbekend,Onbekend,Onbekend,met lichtgewonden,3,Fiets,7,Motorfiets,Op Kruispunt,Gemeenteweg,onbekend,Tussen 2 bestuurders: Langs achteren,Geen hindernis
47923,62,Wervik teller 1,Wervik,50.8058,3.09154,1.7526185640537015,50.796058144048196,3.1111448447479626,2024,6,19,34027,Menen,Onbekend,Onbekend,Onbekend,met lichtgewonden,3,Fiets,7,Motorfiets,Op Kruispunt,Gemeenteweg,onbekend,Tussen 2 bestuurders: Langs achteren,Geen hindernis
47925,61,Wervik teller 2,Wervik,50.80555,3.0921,2.297562582087554,50.794831301304534,3.1200495537070414,2024,6,17,34027,Menen,Normaal,Droog,Dag,met lichtgewonden,6,Bromfiets,3,Fiets,Op Kruispunt,Gemeenteweg,binnen bebouwde kom,Tss. 2 best.: langs opzij (voor-/achterkant-flank),Geen hindernis
47925,62,Wervik teller 1,Wervik,50.8058,3.09154,2.3456272665478934,50.794831301304534,3.1200495537070414,2024,6,17,34027,Menen,Normaal,Droog,Dag,met lichtgewonden,6,Bromfiets,3,Fiets,Op Kruispunt,Gemeenteweg,binnen bebouwde kom,Tss. 2 best.: langs opzij (voor-/achterkant-flank),Geen hindernis
47929,62,Wervik teller 1,Wervik,50.8058,3.09154,1.8142951921757866,50.81210031628911,3.0677218445360315,2024,6,15,33029,Wervik,Normaal,Droog,Dag,met lichtgewonden,3,Fiets,5,Lichte vrachtauto,Op Kruispunt,Gewestweg,binnen bebouwde kom,Tss. 2 best.: langs opzij (voor-/achterkant-flank),Geen hindernis
47929,61,Wervik teller 2,Wervik,50.80555,3.0921,1.8613594258753945,50.81210031628911,3.0677218445360315,2024,6,15,33029,Wervik,Normaal,Droog,Dag,met lichtgewonden,3,Fiets,5,Lichte vrachtauto,Op Kruispunt,Gewestweg,binnen bebouwde kom,Tss. 2 best.: langs opzij (voor-/achterkant-flank),Geen hindernis
47930,143,Eco Display Classic Budastraat,Kortrijk,50.83066,3.26286,0.9171967522317174,50.82498661023465,3.27233923655158,2024,6,17,34022,Kortrijk,Normaal,Droog,Dag,met lichtgewonden,8,Voetganger,3,Fiets,Buiten Kruispunt,Gewestweg,binnen bebouwde kom,Met een voetganger,Geen vermelding van de aanwezigheid van een hindernis
47930,16,Kortrijk 1,Kortrijk,50.83332,3.27777,1.0020635273190317,50.82498661023465,3.27233923655158,2024,6,17,34022,Kortrijk,Normaal,Droog,Dag,met lichtgewonden,8,Voetganger,3,Fiets,Buiten Kruispunt,Gewestweg,binnen bebouwde kom,Met een voetganger,Geen vermelding van de aanwezigheid van een hindernis
47930,17,Kortrijk 2,Kortrijk,50.83339,3.27773,1.0082070973321198,50.82498661023465,3.27233923655158,2024,6,17,34022,Kortrijk,Normaal,Droog,Dag,met lichtgewonden,8,Voetganger,3,Fiets,Buiten Kruispunt,Gewestweg,binnen bebouwde kom,Met een voetganger,Geen vermelding van de aanwezigheid van een hindernis
47930,75,Kortrijk teller 2,Kortrijk,50.81925,3.25731,1.2334756929643935,50.82498661023465,3.27233923655158,2024,6,17,34022,Kortrijk,Normaal,Droog,Dag,met lichtgewonden,8,Voetganger,3,Fiets,Buiten Kruispunt,Gewestweg,binnen bebouwde kom,Met een voetganger,Geen vermelding van de aanwezigheid van een hindernis
47930,74,Kortrijk teller 1,Kortrijk,50.81909,3.25728,1.2445617885072495,50.82498661023465,3.27233923655158,2024,6,17,34022,Kortrijk,Normaal,Droog,Dag,met lichtgewonden,8,Voetganger,3,Fiets,Buiten Kruispunt,Gewestweg,binnen bebouwde kom,Met een voetganger,Geen vermelding van de aanwezigheid van een hindernis
47931,75,Kortrijk teller 2,Kortrijk,50.81925,3.25731,0.8182088703672769,50.826189286610045,3.253435328442435,2024,6,15,34022,Kortrijk,Normaal,Droog,Dag,met lichtgewonden,9,personenauto,3,Fiets,Buiten Kruispunt,Gemeenteweg,binnen bebouwde kom,Tss. 2 best.: langs opzij (voor-/achterkant-flank),Geen hindernis
47931,143,Eco Display Classic Budastraat,Kortrijk,50.83066,3.26286,0.8278312342724898,50.826189286610045,3.253435328442435,2024,6,15,34022,Kortrijk,Normaal,Droog,Dag,met lichtgewonden,9,personenauto,3,Fiets,Buiten Kruispunt,Gemeenteweg,binnen bebouwde kom,Tss. 2 best.: langs opzij (voor-/achterkant-flank),Geen hindernis
47931,74,Kortrijk teller 1,Kortrijk,50.81909,3.25728,0.8343234958222681,50.826189286610045,3.253435328442435,2024,6,15,34022,Kortrijk,Normaal,Droog,Dag,met lichtgewonden,9,personenauto,3,Fiets,Buiten Kruispunt,Gemeenteweg,binnen bebouwde kom,Tss. 2 best.: langs opzij (voor-/achterkant-flank),Geen hindernis
47931,16,Kortrijk 1,Kortrijk,50.83332,3.27777,1.8840804594605596,50.826189286610045,3.253435328442435,2024,6,15,34022,Kortrijk,Normaal,Droog,Dag,met lichtgewonden,9,personenauto,3,Fiets,Buiten Kruispunt,Gemeenteweg,binnen bebouwde kom,Tss. 2 best.: langs opzij (voor-/achterkant-flank),Geen hindernis
47931,17,Kortrijk 2,Kortrijk,50.83339,3.27773,1.884824551450302,50.826189286610045,3.253435328442435,2024,6,15,34022,Kortrijk,Normaal,Droog,Dag,met lichtgewonden,9,personenauto,3,Fiets,Buiten Kruispunt,Gemeenteweg,binnen bebouwde kom,Tss. 2 best.: langs opzij (voor-/achterkant-flank),Geen hindernis
47932,143,Eco Display Classic Budastraat,Kortrijk,50.83066,3.26286,1.6813768623828338,50.83755001636822,3.2415479446023916,2024,6,8,34022,Kortrijk,Normaal,Droog,Dag,met lichtgewonden,9,personenauto,3,Fiets,Buiten Kruispunt,Gemeenteweg,binnen bebouwde kom,Tussen 2 bestuurders: Langs achteren,Geen hindernis
47932,75,Kortrijk teller 2,Kortrijk,50.81925,3.25731,2.3165216162778632,50.83755001636822,3.2415479446023916,2024,6,8,34022,Kortrijk,Normaal,Droog,Dag,met lichtgewonden,9,personenauto,3,Fiets,Buiten Kruispunt,Gemeenteweg,binnen bebouwde kom,Tussen 2 bestuurders: Langs achteren,Geen hindernis
47932,74,Kortrijk teller 1,Kortrijk,50.81909,3.25728,2.3311665995581343,50.83755001636822,3.2415479446023916,2024,6,8,34022,Kortrijk,Normaal,Droog,Dag,met lichtgewonden,9,personenauto,3,Fiets,Buiten Kruispunt,Gemeenteweg,binnen bebouwde kom,Tussen 2 bestuurders: Langs achteren,Geen hindernis
47933,75,Kortrijk teller 2,Kortrijk,50.81925,3.25731,0.5832577771256752,50.82354278012193,3.262081391716681,2024,6,15,34022,Kortrijk,Onbekend,Onbekend,Dag,met lichtgewonden,9,personenauto,3,Fiets,Buiten Kruispunt,Gewestweg,binnen bebouwde kom,Tss. 2 best.: langs opzij (voor-/achterkant-flank),Geen hindernis
47933,74,Kortrijk teller 1,Kortrijk,50.81909,3.25728,0.5990896390178955,50.82354278012193,3.262081391716681,2024,6,15,34022,Kortrijk,Onbekend,Onbekend,Dag,met lichtgewonden,9,personenauto,3,Fiets,Buiten Kruispunt,Gewestweg,binnen bebouwde kom,Tss. 2 best.: langs opzij (voor-/achterkant-flank),Geen hindernis
47933,143,Eco Display Classic Budastraat,Kortrijk,50.83066,3.26286,0.7932860187569164,50.82354278012193,3.262081391716681,2024,6,15,34022,Kortrijk,Onbekend,Onbekend,Dag,met lichtgewonden,9,personenauto,3,Fiets,Buiten Kruispunt,Gewestweg,binnen bebouwde kom,Tss. 2 best.: langs opzij (voor-/achterkant-flank),Geen hindernis
47933,16,Kortrijk 1,Kortrijk,50.83332,3.27777,1.5479464619502223,50.82354278012193,3.262081391716681,2024,6,15,34022,Kortrijk,Onbekend,Onbekend,Dag,met lichtgewonden,9,personenauto,3,Fiets,Buiten Kruispunt,Gewestweg,binnen bebouwde kom,Tss. 2 best.: langs opzij (voor-/achterkant-flank),Geen hindernis
47933,17,Kortrijk 2,Kortrijk,50.83339,3.27773,1.551430920794815,50.82354278012193,3.262081391716681,2024,6,15,34022,Kortrijk,Onbekend,Onbekend,Dag,met lichtgewonden,9,personenauto,3,Fiets,Buiten Kruispunt,Gewestweg,binnen bebouwde kom,Tss. 2 best.: langs opzij (voor-/achterkant-flank),Geen hindernis
47935,143,Eco Display Classic Budastraat,Kortrijk,50.83066,3.26286,0.5249848022577042,50.83085582451068,3.2553914434271842,2024,6,17,34022,Kortrijk,Normaal,Droog,Dag,met lichtgewonden,3,Fiets,9,personenauto,Op Kruispunt,Gewestweg,binnen bebouwde kom,Tussen 2 bestuurders: Frontale botsing,Geen hindernis
47935,75,Kortrijk teller 2,Kortrijk,50.81925,3.25731,1.2975259041298466,50.83085582451068,3.2553914434271842,2024,6,17,34022,Kortrijk,Normaal,Droog,Dag,met lichtgewonden,3,Fiets,9,personenauto,Op Kruispunt,Gewestweg,binnen bebouwde kom,Tussen 2 bestuurders: Frontale botsing,Geen hindernis
47935,74,Kortrijk teller 1,Kortrijk,50.81909,3.25728,1.3150079568965578,50.83085582451068,3.2553914434271842,2024,6,17,34022,Kortrijk,Normaal,Droog,Dag,met lichtgewonden,3,Fiets,9,personenauto,Op Kruispunt,Gewestweg,binnen bebouwde kom,Tussen 2 bestuurders: Frontale botsing,Geen hindernis
47935,17,Kortrijk 2,Kortrijk,50.83339,3.27773,1.593945492958111,50.83085582451068,3.2553914434271842,2024,6,17,34022,Kortrijk,Normaal,Droog,Dag,met lichtgewonden,3,Fiets,9,personenauto,Op Kruispunt,Gewestweg,binnen bebouwde kom,Tussen 2 bestuurders: Frontale botsing,Geen hindernis
47935,16,Kortrijk 1,Kortrijk,50.83332,3.27777,1.5953564285298285,50.83085582451068,3.2553914434271842,2024,6,17,34022,Kortrijk,Normaal,Droog,Dag,met lichtgewonden,3,Fiets,9,personenauto,Op Kruispunt,Gewestweg,binnen bebouwde kom,Tussen 2 bestuurders: Frontale botsing,Geen hindernis
47936,16,Kortrijk 1,Kortrijk,50.83332,3.27777,0.9816196572787993,50.82450014188052,3.2783670791422947,2024,6,19,34022,Kortrijk,Regenval,"Nat, plassen",Dag,met lichtgewonden,9,personenauto,3,Fiets,Op Kruispunt,Gemeenteweg,binnen bebouwde kom,Tss. 2 best.: langs opzij (voor-/achterkant-flank),Geen hindernis
47936,17,Kortrijk 2,Kortrijk,50.83339,3.27773,0.9895193084696118,50.82450014188052,3.2783670791422947,2024,6,19,34022,Kortrijk,Regenval,"Nat, plassen",Dag,met lichtgewonden,9,personenauto,3,Fiets,Op Kruispunt,Gemeenteweg,binnen bebouwde kom,Tss. 2 best.: langs opzij (voor-/achterkant-flank),Geen hindernis
47936,143,Eco Display Classic Budastraat,Kortrijk,50.83066,3.26286,1.286639524902602,50.82450014188052,3.2783670791422947,2024,6,19,34022,Kortrijk,Regenval,"Nat, plassen",Dag,met lichtgewonden,9,personenauto,3,Fiets,Op Kruispunt,Gemeenteweg,binnen bebouwde kom,Tss. 2 best.: langs opzij (voor-/achterkant-flank),Geen hindernis
47936,75,Kortrijk teller 2,Kortrijk,50.81925,3.25731,1.590201865346583,50.82450014188052,3.2783670791422947,2024,6,19,34022,Kortrijk,Regenval,"Nat, plassen",Dag,met lichtgewonden,9,personenauto,3,Fiets,Op Kruispunt,Gemeenteweg,binnen bebouwde kom,Tss. 2 best.: langs opzij (voor-/achterkant-flank),Geen hindernis
47936,74,Kortrijk teller 1,Kortrijk,50.81909,3.25728,1.5987737028094602,50.82450014188052,3.2783670791422947,2024,6,19,34022,Kortrijk,Regenval,"Nat, plassen",Dag,met lichtgewonden,9,personenauto,3,Fiets,Op Kruispunt,Gemeenteweg,binnen bebouwde kom,Tss. 2 best.: langs opzij (voor-/achterkant-flank),Geen hindernis
47938,16,Kortrijk 1,Kortrijk,50.83332,3.27777,0.637998806199541,50.82851148182076,3.272813910852448,2024,5,16,34022,Kortrijk,Normaal,Droog,Dag,met lichtgewonden,9,personenauto,3,Fiets,Op Kruispunt,Gewestweg,binnen bebouwde kom,Tss. 2 best.: langs opzij (voor-/achterkant-flank),Geen hindernis
47938,17,Kortrijk 2,Kortrijk,50.83339,3.27773,0.6430230589901372,50.82851148182076,3.272813910852448,2024,5,16,34022,Kortrijk,Normaal,Droog,Dag,met lichtgewonden,9,personenauto,3,Fiets,Op Kruispunt,Gewestweg,binnen bebouwde kom,Tss. 2 best.: langs opzij (voor-/achterkant-flank),Geen hindernis
47938,143,Eco Display Classic Budastraat,Kortrijk,50.83066,3.26286,0.7387959850798613,50.82851148182076,3.272813910852448,2024,5,16,34022,Kortrijk,Normaal,Droog,Dag,met lichtgewonden,9,personenauto,3,Fiets,Op Kruispunt,Gewestweg,binnen bebouwde kom,Tss. 2 best.: langs opzij (voor-/achterkant-flank),Geen hindernis