crash_row_id,site_id,site_name,site_gemeente,site_lat,site_long,distance_km,crash_lat,crash_long,DT_YEAR_COLLISION,DT_MONTH_COLLISION,DT_TIME,CD_NIS,TX_MUNTY_COLLISION_NL,TX_WEATHER_NL,TX_ROAD_CONDITION_NL,TX_LIGHT_CONDITION_NL,TX_CLASS_ACCIDENTS_NL,CD_ROAD_USR_TYPE1,TX_ROAD_USR_TYPE1_NL,CD_ROAD_USR_TYPE2,TX_ROAD_USR_TYPE2_NL,TX_CROSSWAY_NL,CD_ROAD_TYPE_NL,TX_BUILD_UP_AREA_NL,TX_COLLISION_TYPE_NL,TX_OBSTACLES_NL
47938,75,Kortrijk teller 2,Kortrijk,50.81925,3.25731,1.4988476513528335,50.82851148182076,3.272813910852448,2024,5,16,34022,Kortrijk,Normaal,Droog,Dag,met lichtgewonden,9,personenauto,3,Fiets,Op Kruispunt,Gewestweg,binnen bebouwde kom,Tss. 2 best.: langs opzij (voor-/achterkant-flank),Geen hindernis
47938,74,Kortrijk teller 1,Kortrijk,50.81909,3.25728,1.5126476489038587,50.82851148182076,3.272813910852448,2024,5,16,34022,Kortrijk,Normaal,Droog,Dag,met lichtgewonden,9,personenauto,3,Fiets,Op Kruispunt,Gewestweg,binnen bebouwde kom,Tss. 2 best.: langs opzij (voor-/achterkant-flank),Geen hindernis
47939,74,Kortrijk teller 1,Kortrijk,50.81909,3.25728,2.0139353757633076,50.81170036929768,3.283451477791876,2024,6,17,34022,Kortrijk,Normaal,Proper,Dag,met lichtgewonden,9,personenauto,3,Fiets,Op Kruispunt,Gemeenteweg,binnen bebouwde kom,Tss. 2 best.: langs opzij (voor-/achterkant-flank),Geen hindernis
47939,75,Kortrijk teller 2,Kortrijk,50.81925,3.25731,2.0193395286593954,50.81170036929768,3.283451477791876,2024,6,17,34022,Kortrijk,Normaal,Proper,Dag,met lichtgewonden,9,personenauto,3,Fiets,Op Kruispunt,Gemeenteweg,binnen bebouwde kom,Tss. 2 best.: langs opzij (voor-/achterkant-flank),Geen hindernis
47939,16,Kortrijk 1,Kortrijk,50.83332,3.27777,2.436895326308501,50.81170036929768,3.283451477791876,2024,6,17,34022,Kortrijk,Normaal,Proper,Dag,met lichtgewonden,9,personenauto,3,Fiets,Op Kruispunt,Gemeenteweg,binnen bebouwde kom,Tss. 2 best.: langs opzij (voor-/achterkant-flank),Geen hindernis
47939,17,Kortrijk 2,Kortrijk,50.83339,3.27773,2.4450344494450658,50.81170036929768,3.283451477791876,2024,6,17,34022,Kortrijk,Normaal,Proper,Dag,met lichtgewonden,9,personenauto,3,Fiets,Op Kruispunt,Gemeenteweg,binnen bebouwde kom,Tss. 2 best.: langs opzij (voor-/achterkant-flank),Geen hindernis
47940,16,Kortrijk 1,Kortrijk,50.83332,3.27777,0.31641709326566486,50.83206104611605,3.2818105564926014,2024,6,8,34022,Kortrijk,Onbekend,Onbekend,Dag,met lichtgewonden,3,Fiets,4,Vrachtwagen,Buiten Kruispunt,Gemeenteweg,binnen bebouwde kom,Tss. 2 best.: langs opzij (voor-/achterkant-flank),Geen hindernis
47940,17,Kortrijk 2,Kortrijk,50.83339,3.27773,0.3224308839068037,50.83206104611605,3.2818105564926014,2024,6,8,34022,Kortrijk,Onbekend,Onbekend,Dag,met lichtgewonden,3,Fiets,4,Vrachtwagen,Buiten Kruispunt,Gemeenteweg,binnen bebouwde kom,Tss. 2 best.: langs opzij (voor-/achterkant-flank),Geen hindernis
47940,143,Eco Display Classic Budastraat,Kortrijk,50.83066,3.26286,1.3400086015448363,50.83206104611605,3.2818105564926014,2024,6,8,34022,Kortrijk,Onbekend,Onbekend,Dag,met lichtgewonden,3,Fiets,4,Vrachtwagen,Buiten Kruispunt,Gemeenteweg,binnen bebouwde kom,Tss. 2 best.: langs opzij (voor-/achterkant-flank),Geen hindernis
47940,75,Kortrijk teller 2,Kortrijk,50.81925,3.25731,2.2340137332160928,50.83206104611605,3.2818105564926014,2024,6,8,34022,Kortrijk,Onbekend,Onbekend,Dag,met lichtgewonden,3,Fiets,4,Vrachtwagen,Buiten Kruispunt,Gemeenteweg,binnen bebouwde kom,Tss. 2 best.: langs opzij (voor-/achterkant-flank),Geen hindernis
47940,74,Kortrijk teller 1,Kortrijk,50.81909,3.25728,2.2470178097719624,50.83206104611605,3.2818105564926014,2024,6,8,34022,Kortrijk,Onbekend,Onbekend,Dag,met lichtgewonden,3,Fiets,4,Vrachtwagen,Buiten Kruispunt,Gemeenteweg,binnen bebouwde kom,Tss. 2 best.: langs opzij (voor-/achterkant-flank),Geen hindernis
47941,75,Kortrijk teller 2,Kortrijk,50.81925,3.25731,0.6267384087491483,50.824885613032535,3.2571614873323487,2024,6,18,34022,Kortrijk,Normaal,Droog,Dag,met lichtgewonden,9,personenauto,3,Fiets,Buiten Kruispunt,Gemeenteweg,binnen bebouwde kom,Tussen 2 bestuurders: Flank tegen flank,Geen hindernis
47941,74,Kortrijk teller 1,Kortrijk,50.81909,3.25728,0.644496535090922,50.824885613032535,3.2571614873323487,2024,6,18,34022,Kortrijk,Normaal,Droog,Dag,met lichtgewonden,9,personenauto,3,Fiets,Buiten Kruispunt,Gemeenteweg,binnen bebouwde kom,Tussen 2 bestuurders: Flank tegen flank,Geen hindernis
47941,143,Eco Display Classic Budastraat,Kortrijk,50.83066,3.26286,0.7566146351091892,50.824885613032535,3.2571614873323487,2024,6,18,34022,Kortrijk,Normaal,Droog,Dag,met lichtgewonden,9,personenauto,3,Fiets,Buiten Kruispunt,Gemeenteweg,binnen bebouwde kom,Tussen 2 bestuurders: Flank tegen flank,Geen hindernis
47941,16,Kortrijk 1,Kortrijk,50.83332,3.27777,1.7247153867945102,50.824885613032535,3.2571614873323487,2024,6,18,34022,Kortrijk,Normaal,Droog,Dag,met lichtgewonden,9,personenauto,3,Fiets,Buiten Kruispunt,Gemeenteweg,binnen bebouwde kom,Tussen 2 bestuurders: Flank tegen flank,Geen hindernis
47941,17,Kortrijk 2,Kortrijk,50.83339,3.27773,1.7266081414404664,50.824885613032535,3.2571614873323487,2024,6,18,34022,Kortrijk,Normaal,Droog,Dag,met lichtgewonden,9,personenauto,3,Fiets,Buiten Kruispunt,Gemeenteweg,binnen bebouwde kom,Tussen 2 bestuurders: Flank tegen flank,Geen hindernis
47942,74,Kortrijk teller 1,Kortrijk,50.81909,3.25728,0.9031918900386562,50.813376538793634,3.266417993147862,2024,6,8,34022,Kortrijk,Normaal,Droog,Dag,met lichtgewonden,9,personenauto,3,Fiets,Op Kruispunt,Gewestweg,binnen bebouwde kom,Tussen 2 bestuurders: Flank tegen flank,Geen hindernis
47942,75,Kortrijk teller 2,Kortrijk,50.81925,3.25731,0.9143165840593492,50.813376538793634,3.266417993147862,2024,6,8,34022,Kortrijk,Normaal,Droog,Dag,met lichtgewonden,9,personenauto,3,Fiets,Op Kruispunt,Gewestweg,binnen bebouwde kom,Tussen 2 bestuurders: Flank tegen flank,Geen hindernis
47942,143,Eco Display Classic Budastraat,Kortrijk,50.83066,3.26286,1.9380167853087336,50.813376538793634,3.266417993147862,2024,6,8,34022,Kortrijk,Normaal,Droog,Dag,met lichtgewonden,9,personenauto,3,Fiets,Op Kruispunt,Gewestweg,binnen bebouwde kom,Tussen 2 bestuurders: Flank tegen flank,Geen hindernis
47942,16,Kortrijk 1,Kortrijk,50.83332,3.27777,2.3566189416443737,50.813376538793634,3.266417993147862,2024,6,8,34022,Kortrijk,Normaal,Droog,Dag,met lichtgewonden,9,personenauto,3,Fiets,Op Kruispunt,Gewestweg,binnen bebouwde kom,Tussen 2 bestuurders: Flank tegen flank,Geen hindernis
47942,17,Kortrijk 2,Kortrijk,50.83339,3.27773,2.362998433131578,50.813376538793634,3.266417993147862,2024,6,8,34022,Kortrijk,Normaal,Droog,Dag,met lichtgewonden,9,personenauto,3,Fiets,Op Kruispunt,Gewestweg,binnen bebouwde kom,Tussen 2 bestuurders: Flank tegen flank,Geen hindernis
47943,16,Kortrijk 1,Kortrijk,50.83332,3.27777,1.483717289983103,50.82062746438695,3.284286915427154,2024,6,14,34022,Kortrijk,Normaal,"Nat, plassen",Dag,met zwaargewonden,9,personenauto,3,Fiets,Op Kruispunt,Gewestweg,binnen bebouwde kom,Tussen 2 bestuurders: Frontale botsing,Geen hindernis
47943,17,Kortrijk 2,Kortrijk,50.83339,3.27773,1.491987937336799,50.82062746438695,3.284286915427154,2024,6,14,34022,Kortrijk,Normaal,"Nat, plassen",Dag,met zwaargewonden,9,personenauto,3,Fiets,Op Kruispunt,Gewestweg,binnen bebouwde kom,Tussen 2 bestuurders: Frontale botsing,Geen hindernis
47943,143,Eco Display Classic Budastraat,Kortrijk,50.83066,3.26286,1.8733891323590444,50.82062746438695,3.284286915427154,2024,6,14,34022,Kortrijk,Normaal,"Nat, plassen",Dag,met zwaargewonden,9,personenauto,3,Fiets,Op Kruispunt,Gewestweg,binnen bebouwde kom,Tussen 2 bestuurders: Frontale botsing,Geen hindernis
47943,75,Kortrijk teller 2,Kortrijk,50.81925,3.25731,1.9012664299973003,50.82062746438695,3.284286915427154,2024,6,14,34022,Kortrijk,Normaal,"Nat, plassen",Dag,met zwaargewonden,9,personenauto,3,Fiets,Op Kruispunt,Gewestweg,binnen bebouwde kom,Tussen 2 bestuurders: Frontale botsing,Geen hindernis
47943,74,Kortrijk teller 1,Kortrijk,50.81909,3.25728,1.904884511328431,50.82062746438695,3.284286915427154,2024,6,14,34022,Kortrijk,Normaal,"Nat, plassen",Dag,met zwaargewonden,9,personenauto,3,Fiets,Op Kruispunt,Gewestweg,binnen bebouwde kom,Tussen 2 bestuurders: Frontale botsing,Geen hindernis
47944,143,Eco Display Classic Budastraat,Kortrijk,50.83066,3.26286,0.7807966056418021,50.83380191625615,3.252917313574588,2024,6,8,34022,Kortrijk,Regenval,"Nat, plassen",Dag,met lichtgewonden,9,personenauto,3,Fiets,Buiten Kruispunt,Gemeenteweg,binnen bebouwde kom,Tss. 2 best.: langs opzij (voor-/achterkant-flank),Geen hindernis
47944,75,Kortrijk teller 2,Kortrijk,50.81925,3.25731,1.6472521463166185,50.83380191625615,3.252917313574588,2024,6,8,34022,Kortrijk,Regenval,"Nat, plassen",Dag,met lichtgewonden,9,personenauto,3,Fiets,Buiten Kruispunt,Gemeenteweg,binnen bebouwde kom,Tss. 2 best.: langs opzij (voor-/achterkant-flank),Geen hindernis
47944,74,Kortrijk teller 1,Kortrijk,50.81909,3.25728,1.6643426546181428,50.83380191625615,3.252917313574588,2024,6,8,34022,Kortrijk,Regenval,"Nat, plassen",Dag,met lichtgewonden,9,personenauto,3,Fiets,Buiten Kruispunt,Gemeenteweg,binnen bebouwde kom,Tss. 2 best.: langs opzij (voor-/achterkant-flank),Geen hindernis
47944,17,Kortrijk 2,Kortrijk,50.83339,3.27773,1.7431450475996038,50.83380191625615,3.252917313574588,2024,6,8,34022,Kortrijk,Regenval,"Nat, plassen",Dag,met lichtgewonden,9,personenauto,3,Fiets,Buiten Kruispunt,Gemeenteweg,binnen bebouwde kom,Tss. 2 best.: langs opzij (voor-/achterkant-flank),Geen hindernis
47944,16,Kortrijk 1,Kortrijk,50.83332,3.27777,1.7461760346690223,50.83380191625615,3.252917313574588,2024,6,8,34022,Kortrijk,Regenval,"Nat, plassen",Dag,met lichtgewonden,9,personenauto,3,Fiets,Buiten Kruispunt,Gemeenteweg,binnen bebouwde kom,Tss. 2 best.: langs opzij (voor-/achterkant-flank),Geen hindernis
47945,75,Kortrijk teller 2,Kortrijk,50.81925,3.25731,2.136516426868688,50.826573033640905,3.2291900435234786,2024,6,11,34022,Kortrijk,Normaal,Droog,Dag,met lichtgewonden,3,Fiets,9,personenauto,Op Kruispunt,Gemeenteweg,binnen bebouwde kom,Tss. 2 best.: langs opzij (voor-/achterkant-flank),Geen hindernis
47945,74,Kortrijk teller 1,Kortrijk,50.81909,3.25728,2.1414214711141684,50.826573033640905,3.2291900435234786,2024,6,11,34022,Kortrijk,Normaal,Droog,Dag,met lichtgewonden,3,Fiets,9,personenauto,Op Kruispunt,Gemeenteweg,binnen bebouwde kom,Tss. 2 best.: langs opzij (voor-/achterkant-flank),Geen hindernis
47945,143,Eco Display Classic Budastraat,Kortrijk,50.83066,3.26286,2.408093156713798,50.826573033640905,3.2291900435234786,2024,6,11,34022,Kortrijk,Normaal,Droog,Dag,met lichtgewonden,3,Fiets,9,personenauto,Op Kruispunt,Gemeenteweg,binnen bebouwde kom,Tss. 2 best.: langs opzij (voor-/achterkant-flank),Geen hindernis
47946,16,Kortrijk 1,Kortrijk,50.83332,3.27777,1.193690997682972,50.8236759754794,3.2852353874496636,2024,6,12,34022,Kortrijk,Normaal,Droog,Dag,met lichtgewonden,3,Fiets,3,Fiets,Buiten Kruispunt,Gemeenteweg,binnen bebouwde kom,Tussen 2 bestuurders: Frontale botsing,Geen hindernis
47946,17,Kortrijk 2,Kortrijk,50.83339,3.27773,1.2019177440376374,50.8236759754794,3.2852353874496636,2024,6,12,34022,Kortrijk,Normaal,Droog,Dag,met lichtgewonden,3,Fiets,3,Fiets,Buiten Kruispunt,Gemeenteweg,binnen bebouwde kom,Tussen 2 bestuurders: Frontale botsing,Geen hindernis
47946,143,Eco Display Classic Budastraat,Kortrijk,50.83066,3.26286,1.7529957600932982,50.8236759754794,3.2852353874496636,2024,6,12,34022,Kortrijk,Normaal,Droog,Dag,met lichtgewonden,3,Fiets,3,Fiets,Buiten Kruispunt,Gemeenteweg,binnen bebouwde kom,Tussen 2 bestuurders: Frontale botsing,Geen hindernis
47946,75,Kortrijk teller 2,Kortrijk,50.81925,3.25731,2.0224450717430735,50.8236759754794,3.2852353874496636,2024,6,12,34022,Kortrijk,Normaal,Droog,Dag,met lichtgewonden,3,Fiets,3,Fiets,Buiten Kruispunt,Gemeenteweg,binnen bebouwde kom,Tussen 2 bestuurders: Frontale botsing,Geen hindernis
47946,74,Kortrijk teller 1,Kortrijk,50.81909,3.25728,2.0288908012985054,50.8236759754794,3.2852353874496636,2024,6,12,34022,Kortrijk,Normaal,Droog,Dag,met lichtgewonden,3,Fiets,3,Fiets,Buiten Kruispunt,Gemeenteweg,binnen bebouwde kom,Tussen 2 bestuurders: Frontale botsing,Geen hindernis
47959,17,Kortrijk 2,Kortrijk,50.83339,3.27773,1.9543845883454873,50.845544444631095,3.2978349089073586,2024,6,0,34013,Harelbeke,Normaal,Droog,"Nacht, openb. verlicht. aanw., maar niet ontstoken",met lichtgewonden,3,Fiets,10,"één bestuurder, geen hindernis",Buiten Kruispunt,Gemeenteweg,binnen bebouwde kom,"Eén bestuurder, geen hindernis (incl. val)",Geen hindernis
47959,16,Kortrijk 1,Kortrijk,50.83332,3.27777,1.9577536684861527,50.845544444631095,3.2978349089073586,2024,6,0,34013,Harelbeke,Normaal,Droog,"Nacht, openb. verlicht. aanw., maar niet ontstoken",met lichtgewonden,3,Fiets,10,"één bestuurder, geen hindernis",Buiten Kruispunt,Gemeenteweg,binnen bebouwde kom,"Eén bestuurder, geen hindernis (incl. val)",Geen hindernis
47969,66,Nieuwpoort totem,Nieuwpoort,51.1347,2.74369,0.38232287752789124,51.13234607570822,2.747683893583765,2024,6,11,38016,Nieuwpoort,Normaal,Droog,Dag,met lichtgewonden,9,personenauto,3,Fiets,Op Kruispunt,Gewestweg,binnen bebouwde kom,Tss. 2 best.: langs opzij (voor-/achterkant-flank),Geen hindernis
47969,63,Nieuwpoort teller 3,Nieuwpoort,51.13529,2.74289,0.46802194470148906,51.13234607570822,2.747683893583765,2024,6,11,38016,Nieuwpoort,Normaal,Droog,Dag,met lichtgewonden,9,personenauto,3,Fiets,Op Kruispunt,Gewestweg,binnen bebouwde kom,Tss. 2 best.: langs opzij (voor-/achterkant-flank),Geen hindernis
47969,65,Nieuwpoort teller 2,Nieuwpoort,51.13435,2.75511,0.5640433429218543,51.13234607570822,2.747683893583765,2024,6,11,38016,Nieuwpoort,Normaal,Droog,Dag,met lichtgewonden,9,personenauto,3,Fiets,Op Kruispunt,Gewestweg,binnen bebouwde kom,Tss. 2 best.: langs opzij (voor-/achterkant-flank),Geen hindernis
47969,64,Nieuwpoort teller 1,Nieuwpoort,51.13359,2.75737,0.6898711218216966,51.13234607570822,2.747683893583765,2024,6,11,38016,Nieuwpoort,Normaal,Droog,Dag,met lichtgewonden,9,personenauto,3,Fiets,Op Kruispunt,Gewestweg,binnen bebouwde kom,Tss. 2 best.: langs opzij (voor-/achterkant-flank),Geen hindernis
47971,65,Nieuwpoort teller 2,Nieuwpoort,51.13435,2.75511,0.2633727921016754,51.13629679557989,2.7572600371317404,2024,6,15,38016,Nieuwpoort,Normaal,Droog,Dag,met lichtgewonden,2,Andere weggebruiker,3,Fiets,Buiten Kruispunt,Gewestweg,binnen bebouwde kom,Tussen 2 bestuurders: Frontale botsing,Geen hindernis
47971,64,Nieuwpoort teller 1,Nieuwpoort,51.13359,2.75737,0.30107971197251776,51.13629679557989,2.7572600371317404,2024,6,15,38016,Nieuwpoort,Normaal,Droog,Dag,met lichtgewonden,2,Andere weggebruiker,3,Fiets,Buiten Kruispunt,Gewestweg,binnen bebouwde kom,Tussen 2 bestuurders: Frontale botsing,Geen hindernis
47971,66,Nieuwpoort totem,Nieuwpoort,51.1347,2.74369,0.9633223629927592,51.13629679557989,2.7572600371317404,2024,6,15,38016,Nieuwpoort,Normaal,Droog,Dag,met lichtgewonden,2,Andere weggebruiker,3,Fiets,Buiten Kruispunt,Gewestweg,binnen bebouwde kom,Tussen 2 bestuurders: Frontale botsing,Geen hindernis
47971,63,Nieuwpoort teller 3,Nieuwpoort,51.13529,2.74289,1.0088602316070547,51.13629679557989,2.7572600371317404,2024,6,15,38016,Nieuwpoort,Normaal,Droog,Dag,met lichtgewonden,2,Andere weggebruiker,3,Fiets,Buiten Kruispunt,Gewestweg,binnen bebouwde kom,Tussen 2 bestuurders: Frontale botsing,Geen hindernis
47975,67,Ieper totem,Ieper,50.85018,2.85624,1.6625342630072437,50.83534963562117,2.8532316655936283,2024,6,13,33011,Ieper,Normaal,Droog,Dag,met lichtgewonden,3,Fiets,10,"één bestuurder, geen hindernis",Buiten Kruispunt,Gemeenteweg,binnen bebouwde kom,"Eén bestuurder, geen hindernis (incl. val)",Geen hindernis
47975,68,Ieper,Ieper,50.85032,2.85608,1.6765993751124735,50.83534963562117,2.8532316655936283,2024,6,13,33011,Ieper,Normaal,Droog,Dag,met lichtgewonden,3,Fiets,10,"één bestuurder, geen hindernis",Buiten Kruispunt,Gemeenteweg,binnen bebouwde kom,"Eén bestuurder, geen hindernis (incl. val)",Geen hindernis
47979,62,Wervik teller 1,Wervik,50.8058,3.09154,1.1441236452671302,50.809865841983324,3.076582542358038,2024,6,6,33029,Wervik,Normaal,Droog,Dag,met lichtgewonden,3,Fiets,10,"één bestuurder, geen hindernis",Op Kruispunt,Gewestweg,binnen bebouwde kom,"Eén bestuurder, geen hindernis (incl. val)",Geen hindernis
47979,61,Wervik teller 2,Wervik,50.80555,3.0921,1.1912998092241518,50.809865841983324,3.076582542358038,2024,6,6,33029,Wervik,Normaal,Droog,Dag,met lichtgewonden,3,Fiets,10,"één bestuurder, geen hindernis",Op Kruispunt,Gewestweg,binnen bebouwde kom,"Eén bestuurder, geen hindernis (incl. val)",Geen hindernis
47981,67,Ieper totem,Ieper,50.85018,2.85624,1.9345382044323667,50.85238755949135,2.8835742743660404,2024,6,18,33011,Ieper,Regenval,"Nat, plassen",Dag,met lichtgewonden,3,Fiets,10,"één bestuurder, geen hindernis",Buiten Kruispunt,Gemeenteweg,binnen bebouwde kom,"Eén bestuurder, geen hindernis (incl. val)",Geen hindernis
47981,68,Ieper,Ieper,50.85032,2.85608,1.9437746259084157,50.85238755949135,2.8835742743660404,2024,6,18,33011,Ieper,Regenval,"Nat, plassen",Dag,met lichtgewonden,3,Fiets,10,"één bestuurder, geen hindernis",Buiten Kruispunt,Gemeenteweg,binnen bebouwde kom,"Eén bestuurder, geen hindernis (incl. val)",Geen hindernis
47988,41,Maasmechelen teller 1,Maasmechelen,50.97025,5.69799,0.8368994827207968,50.9684313033137,5.686392481850788,2024,6,14,73107,Maasmechelen,Normaal,Droog,Dag,met zwaargewonden,3,Fiets,9,personenauto,Buiten Kruispunt,Gewestweg,binnen bebouwde kom,Tussen 2 bestuurders: Flank tegen flank,Geen hindernis
47988,42,Maasmechelen teller 2,Maasmechelen,50.97043,5.6981,0.8493902971161128,50.9684313033137,5.686392481850788,2024,6,14,73107,Maasmechelen,Normaal,Droog,Dag,met zwaargewonden,3,Fiets,9,personenauto,Buiten Kruispunt,Gewestweg,binnen bebouwde kom,Tussen 2 bestuurders: Flank tegen flank,Geen hindernis
48004,106,St. pieters leeuw teller 1,Sint-Pieters-Leeuw,50.75533,4.24951,2.044991830385944,50.76753100058847,4.271264849047227,2024,6,15,23003,Beersel,Normaal,Onbekend,Dag,met lichtgewonden,9,personenauto,3,Fiets,Op Kruispunt,Gemeenteweg,binnen bebouwde kom,Tss. 2 best.: langs opzij (voor-/achterkant-flank),Geen hindernis
48004,105,St. pieters leeuw teller 2,Halle,50.75509,4.24943,2.066973396617405,50.76753100058847,4.271264849047227,2024,6,15,23003,Beersel,Normaal,Onbekend,Dag,met lichtgewonden,9,personenauto,3,Fiets,Op Kruispunt,Gemeenteweg,binnen bebouwde kom,Tss. 2 best.: langs opzij (voor-/achterkant-flank),Geen hindernis
48007,137,Hasselt-Kempische brug,Hasselt,50.9411605,5.3417576,2.1741348499976785,50.93864392145753,5.310986687371163,2024,6,17,71022,Hasselt,Normaal,Droog,Dag,met zwaargewonden,9,personenauto,3,Fiets,Buiten Kruispunt,Gewestweg,buiten bebouwde kom,Tss. 2 best.: langs opzij (voor-/achterkant-flank),Geen hindernis
48007,138,Hasselt-Kempische brug,Hasselt,50.9405318,5.3422472,2.2004076586203563,50.93864392145753,5.310986687371163,2024,6,17,71022,Hasselt,Normaal,Droog,Dag,met zwaargewonden,9,personenauto,3,Fiets,Buiten Kruispunt,Gewestweg,buiten bebouwde kom,Tss. 2 best.: langs opzij (voor-/achterkant-flank),Geen hindernis
48007,140,Hasselt ring,Hasselt,50.9300038,5.3438616,2.4960533759465493,50.93864392145753,5.310986687371163,2024,6,17,71022,Hasselt,Normaal,Droog,Dag,met zwaargewonden,9,personenauto,3,Fiets,Buiten Kruispunt,Gewestweg,buiten bebouwde kom,Tss. 2 best.: langs opzij (voor-/achterkant-flank),Geen hindernis
48010,140,Hasselt ring,Hasselt,50.9300038,5.3438616,2.2271818608726712,50.91780446757434,5.318660142828598,2024,6,9,71022,Hasselt,Regenval,"Nat, plassen",Dag,met lichtgewonden,1,Autobus,3,Fiets,Buiten Kruispunt,Gemeenteweg,buiten bebouwde kom,Tss. 2 best.: langs opzij (voor-/achterkant-flank),Geen hindernis
48011,140,Hasselt ring,Hasselt,50.9300038,5.3438616,0.6058658598098315,50.93481015843968,5.339789278215754,2024,6,13,71022,Hasselt,Normaal,Droog,Dag,met lichtgewonden,9,personenauto,3,Fiets,Op Kruispunt,Gewestweg,binnen bebouwde kom,Tss. 2 best.: langs opzij (voor-/achterkant-flank),Geen hindernis
48011,138,Hasselt-Kempische brug,Hasselt,50.9405318,5.3422472,0.6591173904778665,50.93481015843968,5.339789278215754,2024,6,13,71022,Hasselt,Normaal,Droog,Dag,met lichtgewonden,9,personenauto,3,Fiets,Op Kruispunt,Gewestweg,binnen bebouwde kom,Tss. 2 best.: langs opzij (voor-/achterkant-flank),Geen hindernis
48011,137,Hasselt-Kempische brug,Hasselt,50.9411605,5.3417576,0.7194692485106542,50.93481015843968,5.339789278215754,2024,6,13,71022,Hasselt,Normaal,Droog,Dag,met lichtgewonden,9,personenauto,3,Fiets,Op Kruispunt,Gewestweg,binnen bebouwde kom,Tss. 2 best.: langs opzij (voor-/achterkant-flank),Geen hindernis
48014,140,Hasselt ring,Hasselt,50.9300038,5.3438616,1.0575649413250663,50.921641753961254,5.336672619748346,2024,6,9,71022,Hasselt,Normaal,Droog,Dag,met lichtgewonden,3,Fiets,3,Fiets,Op Kruispunt,Gemeenteweg,binnen bebouwde kom,Tussen 2 bestuurders: Frontale botsing,Geen hindernis
48014,138,Hasselt-Kempische brug,Hasselt,50.9405318,5.3422472,2.136499490107447,50.921641753961254,5.336672619748346,2024,6,9,71022,Hasselt,Normaal,Droog,Dag,met lichtgewonden,3,Fiets,3,Fiets,Op Kruispunt,Gemeenteweg,binnen bebouwde kom,Tussen 2 bestuurders: Frontale botsing,Geen hindernis
48014,137,Hasselt-Kempische brug,Hasselt,50.9411605,5.3417576,2.1994464953237647,50.921641753961254,5.336672619748346,2024,6,9,71022,Hasselt,Normaal,Droog,Dag,met lichtgewonden,3,Fiets,3,Fiets,Op Kruispunt,Gemeenteweg,binnen bebouwde kom,Tussen 2 bestuurders: Frontale botsing,Geen hindernis
48015,140,Hasselt ring,Hasselt,50.9300038,5.3438616,2.068612519744475,50.91210331192254,5.3518975138897975,2024,6,7,71022,Hasselt,Normaal,Droog,Dag,met lichtgewonden,9,personenauto,3,Fiets,Op Kruispunt,Gewestweg,buiten bebouwde kom,Tss. 2 best.: langs opzij (voor-/achterkant-flank),Geen hindernis
48016,140,Hasselt ring,Hasselt,50.9300038,5.3438616,1.5670692964545008,50.92510385243766,5.322897474472938,2024,6,5,71022,Hasselt,Normaal,Droog,Dag,met lichtgewonden,3,Fiets,3,Fiets,Op Kruispunt,Gemeenteweg,binnen bebouwde kom,Tussen 2 bestuurders: Frontale botsing,Geen hindernis
48016,138,Hasselt-Kempische brug,Hasselt,50.9405318,5.3422472,2.1867118458565296,50.92510385243766,5.322897474472938,2024,6,5,71022,Hasselt,Normaal,Droog,Dag,met lichtgewonden,3,Fiets,3,Fiets,Op Kruispunt,Gemeenteweg,binnen bebouwde kom,Tussen 2 bestuurders: Frontale botsing,Geen hindernis
48016,137,Hasselt-Kempische brug,Hasselt,50.9411605,5.3417576,2.221386070994677,50.92510385243766,5.322897474472938,2024,6,5,71022,Hasselt,Normaal,Droog,Dag,met lichtgewonden,3,Fiets,3,Fiets,Op Kruispunt,Gemeenteweg,binnen bebouwde kom,Tussen 2 bestuurders: Frontale botsing,Geen hindernis
48017,137,Hasselt-Kempische brug,Hasselt,50.9411605,5.3417576,0.8970680859547596,50.94877946080802,5.345967674567808,2024,6,16,71022,Hasselt,Normaal,Droog,Dag,met lichtgewonden,5,Lichte vrachtauto,3,Fiets,Buiten Kruispunt,Gewestweg,buiten bebouwde kom,Tss. 2 best.: langs opzij (voor-/achterkant-flank),Geen hindernis
48017,138,Hasselt-Kempische brug,Hasselt,50.9405318,5.3422472,0.9534211567184497,50.94877946080802,5.345967674567808,2024,6,16,71022,Hasselt,Normaal,Droog,Dag,met lichtgewonden,5,Lichte vrachtauto,3,Fiets,Buiten Kruispunt,Gewestweg,buiten bebouwde kom,Tss. 2 best.: langs opzij (voor-/achterkant-flank),Geen hindernis
48017,140,Hasselt ring,Hasselt,50.9300038,5.3438616,2.0929670875242516,50.94877946080802,5.345967674567808,2024,6,16,71022,Hasselt,Normaal,Droog,Dag,met lichtgewonden,5,Lichte vrachtauto,3,Fiets,Buiten Kruispunt,Gewestweg,buiten bebouwde kom,Tss. 2 best.: langs opzij (voor-/achterkant-flank),Geen hindernis
48019,140,Hasselt ring,Hasselt,50.9300038,5.3438616,0.7837250319815973,50.929259423755184,5.332741378364921,2024,6,19,71022,Hasselt,Normaal,Droog,Dag,met lichtgewonden,6,Bromfiets,3,Fiets,Op Kruispunt,Gewestweg,binnen bebouwde kom,Tss. 2 best.: langs opzij (voor-/achterkant-flank),Geen hindernis
48019,138,Hasselt-Kempische brug,Hasselt,50.9405318,5.3422472,1.4194402671603856,50.929259423755184,5.332741378364921,2024,6,19,71022,Hasselt,Normaal,Droog,Dag,met lichtgewonden,6,Bromfiets,3,Fiets,Op Kruispunt,Gewestweg,binnen bebouwde kom,Tss. 2 best.: langs opzij (voor-/achterkant-flank),Geen hindernis
48019,137,Hasselt-Kempische brug,Hasselt,50.9411605,5.3417576,1.4664282818598005,50.929259423755184,5.332741378364921,2024,6,19,71022,Hasselt,Normaal,Droog,Dag,met lichtgewonden,6,Bromfiets,3,Fiets,Op Kruispunt,Gewestweg,binnen bebouwde kom,Tss. 2 best.: langs opzij (voor-/achterkant-flank),Geen hindernis