crash_row_id,site_id,site_name,site_gemeente,site_lat,site_long,distance_km,crash_lat,crash_long,DT_YEAR_COLLISION,DT_MONTH_COLLISION,DT_TIME,CD_NIS,TX_MUNTY_COLLISION_NL,TX_WEATHER_NL,TX_ROAD_CONDITION_NL,TX_LIGHT_CONDITION_NL,TX_CLASS_ACCIDENTS_NL,CD_ROAD_USR_TYPE1,TX_ROAD_USR_TYPE1_NL,CD_ROAD_USR_TYPE2,TX_ROAD_USR_TYPE2_NL,TX_CROSSWAY_NL,CD_ROAD_TYPE_NL,TX_BUILD_UP_AREA_NL,TX_COLLISION_TYPE_NL,TX_OBSTACLES_NL
48020,137,Hasselt-Kempische brug,Hasselt,50.9411605,5.3417576,1.9309902065197224,50.93716289776957,5.314939296055282,2024,6,14,71022,Hasselt,Normaal,Droog,Dag,met lichtgewonden,3,Fiets,3,Fiets,Buiten Kruispunt,Gewestweg,buiten bebouwde kom,Tss. 2 best.: langs opzij (voor-/achterkant-flank),Geen hindernis
48020,138,Hasselt-Kempische brug,Hasselt,50.9405318,5.3422472,1.9497734382075285,50.93716289776957,5.314939296055282,2024,6,14,71022,Hasselt,Normaal,Droog,Dag,met lichtgewonden,3,Fiets,3,Fiets,Buiten Kruispunt,Gewestweg,buiten bebouwde kom,Tss. 2 best.: langs opzij (voor-/achterkant-flank),Geen hindernis
48020,140,Hasselt ring,Hasselt,50.9300038,5.3438616,2.1775254018419163,50.93716289776957,5.314939296055282,2024,6,14,71022,Hasselt,Normaal,Droog,Dag,met lichtgewonden,3,Fiets,3,Fiets,Buiten Kruispunt,Gewestweg,buiten bebouwde kom,Tss. 2 best.: langs opzij (voor-/achterkant-flank),Geen hindernis
48022,137,Hasselt-Kempische brug,Hasselt,50.9411605,5.3417576,1.070134985954014,50.95020231712024,5.346989461198373,2024,6,15,71022,Hasselt,Normaal,Droog,Dag,met lichtgewonden,9,personenauto,3,Fiets,Buiten Kruispunt,Gewestweg,buiten bebouwde kom,Tss. 2 best.: langs opzij (voor-/achterkant-flank),Geen hindernis
48022,138,Hasselt-Kempische brug,Hasselt,50.9405318,5.3422472,1.1254691826968193,50.95020231712024,5.346989461198373,2024,6,15,71022,Hasselt,Normaal,Droog,Dag,met lichtgewonden,9,personenauto,3,Fiets,Buiten Kruispunt,Gewestweg,buiten bebouwde kom,Tss. 2 best.: langs opzij (voor-/achterkant-flank),Geen hindernis
48022,140,Hasselt ring,Hasselt,50.9300038,5.3438616,2.2566401623569914,50.95020231712024,5.346989461198373,2024,6,15,71022,Hasselt,Normaal,Droog,Dag,met lichtgewonden,9,personenauto,3,Fiets,Buiten Kruispunt,Gewestweg,buiten bebouwde kom,Tss. 2 best.: langs opzij (voor-/achterkant-flank),Geen hindernis
48025,151,Leuven,District Leuven,50.8690262,4.6854839,2.149009614686903,50.85907039847031,4.659238841229011,2024,6,10,24062,Leuven,Onbekend,Onbekend,Dag,met lichtgewonden,3,Fiets,11,een weggebruiker tegen een hindernis,Buiten Kruispunt,Gemeenteweg,binnen bebouwde kom,Weggebruiker tegen hindernis op de rijbaan,"Op de rijbaan: Werken (signal., aarde, toestel,…)"
48027,14,Genk,Genk,50.97172,5.48927,1.8449031517324888,50.978203771636636,5.513524795130167,2024,6,10,71016,Genk,Normaal,Droog,Dag,met zwaargewonden,3,Fiets,6,Bromfiets,Buiten Kruispunt,Gemeenteweg,binnen bebouwde kom,Tussen 2 bestuurders: Frontale botsing,Geen hindernis
48031,49,Bokrijk,Genk,50.95264,5.41001,0.06305334543721527,50.95250779495435,5.409134670472796,2024,6,15,71016,Genk,Normaal,Droog,Dag,met lichtgewonden,9,personenauto,3,Fiets,Op Kruispunt,Gewestweg,buiten bebouwde kom,Tss. 2 best.: langs opzij (voor-/achterkant-flank),Geen hindernis
48033,14,Genk,Genk,50.97172,5.48927,0.8744232930241411,50.97854428214916,5.495475994809749,2024,6,18,71016,Genk,Normaal,Droog,Dag,met lichtgewonden,9,personenauto,3,Fiets,Buiten Kruispunt,Gemeenteweg,buiten bebouwde kom,Tss. 2 best.: langs opzij (voor-/achterkant-flank),Geen hindernis
48034,14,Genk,Genk,50.97172,5.48927,1.7303007743565517,50.963288198210115,5.468502520311739,2024,6,17,71016,Genk,Normaal,Droog,Dag,met lichtgewonden,3,Fiets,3,Fiets,Buiten Kruispunt,Gewestweg,binnen bebouwde kom,Tussen 2 bestuurders: Flank tegen flank,Geen hindernis
48035,25,Bree,Bree,51.13679500160176,5.597669323604317,1.7639466997084707,51.121348996210614,5.591907883678214,2024,6,18,72004,Bree,Normaal,Droog,Dag,met lichtgewonden,3,Fiets,3,Fiets,Buiten Kruispunt,Gewestweg,buiten bebouwde kom,Tss. 2 best.: langs opzij (voor-/achterkant-flank),Geen hindernis
48037,49,Bokrijk,Genk,50.95264,5.41001,2.0446419079180145,50.95373073347433,5.439147832460474,2024,6,13,71016,Genk,Normaal,"Nat, plassen",Dag,met lichtgewonden,3,Fiets,11,een weggebruiker tegen een hindernis,Op Kruispunt,Gemeenteweg,buiten bebouwde kom,Weggebruiker tegen hindernis buiten rijbaan,Buiten de rijbaan: Gracht
48038,14,Genk,Genk,50.97172,5.48927,0.9740361589978527,50.980479539719724,5.489181333476913,2024,6,9,71016,Genk,Normaal,Droog,Dag,met lichtgewonden,9,personenauto,3,Fiets,Buiten Kruispunt,Gemeenteweg,binnen bebouwde kom,Tussen 2 bestuurders: Frontale botsing,Geen hindernis
48039,14,Genk,Genk,50.97172,5.48927,1.0618600493529928,50.9663616551083,5.501822068888733,2024,6,23,71016,Genk,Normaal,Droog,"Nacht, openbare verlichting aanwezig en ontstoken",met lichtgewonden,3,Fiets,11,een weggebruiker tegen een hindernis,Buiten Kruispunt,Gewestweg,binnen bebouwde kom,Weggebruiker tegen hindernis op de rijbaan,"Op de rijbaan: Verkeersdrempel, ezelsrug"
48040,14,Genk,Genk,50.97172,5.48927,1.7787752172011173,50.97158875659908,5.514672969560556,2024,6,6,71016,Genk,Normaal,Droog,Dag,met lichtgewonden,3,Fiets,5,Lichte vrachtauto,Buiten Kruispunt,Gewestweg,buiten bebouwde kom,Tussen 2 bestuurders: Langs achteren,Geen hindernis
48043,25,Bree,Bree,51.13679500160176,5.597669323604317,0.4406489165820128,51.137672233294275,5.6038283697257025,2024,6,11,72004,Bree,Normaal,Droog,Dag,met lichtgewonden,9,personenauto,3,Fiets,Buiten Kruispunt,Gewestweg,buiten bebouwde kom,Tss. 2 best.: langs opzij (voor-/achterkant-flank),Geen hindernis
48046,14,Genk,Genk,50.97172,5.48927,1.0599206124722866,50.96786807644206,5.503115849352235,2024,6,16,71016,Genk,Normaal,Droog,Dag,met lichtgewonden,3,Fiets,10,"één bestuurder, geen hindernis",Buiten Kruispunt,Gemeenteweg,binnen bebouwde kom,"Eén bestuurder, geen hindernis (incl. val)",Geen hindernis
48049,14,Genk,Genk,50.97172,5.48927,0.8755901681969204,50.963866421070996,5.490178066624681,2024,6,16,71016,Genk,Onbekend,Onbekend,Dag,met lichtgewonden,3,Fiets,9,personenauto,Buiten Kruispunt,Gemeenteweg,binnen bebouwde kom,Tss. 2 best.: langs opzij (voor-/achterkant-flank),Geen hindernis
48050,14,Genk,Genk,50.97172,5.48927,0.7510654920757018,50.96642416595955,5.495927564259506,2024,6,15,71016,Genk,Normaal,Droog,Dag,met lichtgewonden,9,personenauto,3,Fiets,Buiten Kruispunt,Gewestweg,binnen bebouwde kom,Tss. 2 best.: langs opzij (voor-/achterkant-flank),Geen hindernis
48051,25,Bree,Bree,51.13679500160176,5.597669323604317,0.7966501577586071,51.142573943902214,5.604418751568932,2024,6,15,72004,Bree,Normaal,"Nat, plassen",Dag,met lichtgewonden,9,personenauto,3,Fiets,Buiten Kruispunt,Gewestweg,buiten bebouwde kom,Tss. 2 best.: langs opzij (voor-/achterkant-flank),Geen hindernis
48052,25,Bree,Bree,51.13679500160176,5.597669323604317,2.2039305672022427,51.14271287379924,5.627818591343134,2024,6,7,72004,Bree,Normaal,Droog,Dag,met lichtgewonden,9,personenauto,3,Fiets,Op Kruispunt,Gewestweg,buiten bebouwde kom,Tussen 2 bestuurders: Flank tegen flank,Geen hindernis
48054,23,Tienen 3,Tienen,50.81324,4.93447,1.6536888513971224,50.79845628608383,4.931909817492909,2024,6,19,24107,Tienen,Normaal,Droog,Dag,met lichtgewonden,9,personenauto,3,Fiets,Buiten Kruispunt,Gewestweg,binnen bebouwde kom,Tss. 2 best.: langs opzij (voor-/achterkant-flank),Geen hindernis
48054,24,Tienen 1,Tienen,50.8133795491886,4.935044252605416,1.673944859740885,50.79845628608383,4.931909817492909,2024,6,19,24107,Tienen,Normaal,Droog,Dag,met lichtgewonden,9,personenauto,3,Fiets,Buiten Kruispunt,Gewestweg,binnen bebouwde kom,Tss. 2 best.: langs opzij (voor-/achterkant-flank),Geen hindernis
48054,22,Tienen 2,Tienen,50.81330800184882,4.935984252796022,1.6760703586316024,50.79845628608383,4.931909817492909,2024,6,19,24107,Tienen,Normaal,Droog,Dag,met lichtgewonden,9,personenauto,3,Fiets,Buiten Kruispunt,Gewestweg,binnen bebouwde kom,Tss. 2 best.: langs opzij (voor-/achterkant-flank),Geen hindernis
48055,23,Tienen 3,Tienen,50.81324,4.93447,0.429937210458984,50.811807352005665,4.92878629294385,2024,6,16,24107,Tienen,Normaal,Droog,Dag,met lichtgewonden,9,personenauto,3,Fiets,Op Kruispunt,Gemeenteweg,binnen bebouwde kom,Tss. 2 best.: langs opzij (voor-/achterkant-flank),Geen hindernis
48055,24,Tienen 1,Tienen,50.8133795491886,4.935044252605416,0.47316138494558085,50.811807352005665,4.92878629294385,2024,6,16,24107,Tienen,Normaal,Droog,Dag,met lichtgewonden,9,personenauto,3,Fiets,Op Kruispunt,Gemeenteweg,binnen bebouwde kom,Tss. 2 best.: langs opzij (voor-/achterkant-flank),Geen hindernis
48055,22,Tienen 2,Tienen,50.81330800184882,4.935984252796022,0.5325430635597015,50.811807352005665,4.92878629294385,2024,6,16,24107,Tienen,Normaal,Droog,Dag,met lichtgewonden,9,personenauto,3,Fiets,Op Kruispunt,Gemeenteweg,binnen bebouwde kom,Tss. 2 best.: langs opzij (voor-/achterkant-flank),Geen hindernis
48056,23,Tienen 3,Tienen,50.81324,4.93447,0.21293413568603312,50.812583526003095,4.931622948060933,2024,6,18,24107,Tienen,Normaal,Droog,Dag,met lichtgewonden,9,personenauto,3,Fiets,Buiten Kruispunt,Gewestweg,binnen bebouwde kom,Tss. 2 best.: langs opzij (voor-/achterkant-flank),Geen hindernis
48056,24,Tienen 1,Tienen,50.8133795491886,4.935044252605416,0.25615595459948387,50.812583526003095,4.931622948060933,2024,6,18,24107,Tienen,Normaal,Droog,Dag,met lichtgewonden,9,personenauto,3,Fiets,Buiten Kruispunt,Gewestweg,binnen bebouwde kom,Tss. 2 best.: langs opzij (voor-/achterkant-flank),Geen hindernis
48056,22,Tienen 2,Tienen,50.81330800184882,4.935984252796022,0.31683326661850897,50.812583526003095,4.931622948060933,2024,6,18,24107,Tienen,Normaal,Droog,Dag,met lichtgewonden,9,personenauto,3,Fiets,Buiten Kruispunt,Gewestweg,binnen bebouwde kom,Tss. 2 best.: langs opzij (voor-/achterkant-flank),Geen hindernis
48058,23,Tienen 3,Tienen,50.81324,4.93447,0.6681100050165131,50.811411020062344,4.925412143926624,2024,6,8,24107,Tienen,Normaal,Droog,Dag,met lichtgewonden,9,personenauto,3,Fiets,Op Kruispunt,Gewestweg,binnen bebouwde kom,Tussen 2 bestuurders: Frontale botsing,Geen hindernis
48058,24,Tienen 1,Tienen,50.8133795491886,4.935044252605416,0.7112691060153881,50.811411020062344,4.925412143926624,2024,6,8,24107,Tienen,Normaal,Droog,Dag,met lichtgewonden,9,personenauto,3,Fiets,Op Kruispunt,Gewestweg,binnen bebouwde kom,Tussen 2 bestuurders: Frontale botsing,Geen hindernis
48058,22,Tienen 2,Tienen,50.81330800184882,4.935984252796022,0.7721643285480304,50.811411020062344,4.925412143926624,2024,6,8,24107,Tienen,Normaal,Droog,Dag,met lichtgewonden,9,personenauto,3,Fiets,Op Kruispunt,Gewestweg,binnen bebouwde kom,Tussen 2 bestuurders: Frontale botsing,Geen hindernis
48066,99,Mechelen teller 1,Mechelen,51.04564,4.46882,0.07192907534572969,51.04502925316732,4.469159033759653,2024,6,0,12025,Mechelen,Normaal,Droog,"Nacht, openbare verlichting aanwezig en ontstoken",met lichtgewonden,3,Fiets,9,personenauto,Op Kruispunt,Gewestweg,binnen bebouwde kom,Tss. 2 best.: langs opzij (voor-/achterkant-flank),Geen hindernis
48066,100,Mechelen teller 2,Mechelen,51.0457,4.46883,0.07805016541964548,51.04502925316732,4.469159033759653,2024,6,0,12025,Mechelen,Normaal,Droog,"Nacht, openbare verlichting aanwezig en ontstoken",met lichtgewonden,3,Fiets,9,personenauto,Op Kruispunt,Gewestweg,binnen bebouwde kom,Tss. 2 best.: langs opzij (voor-/achterkant-flank),Geen hindernis
48069,99,Mechelen teller 1,Mechelen,51.04564,4.46882,2.312979991844562,51.02905564781716,4.48878732156728,2024,6,18,12025,Mechelen,Normaal,Droog,Dag,met lichtgewonden,9,personenauto,3,Fiets,Op Kruispunt,Gewestweg,binnen bebouwde kom,Tss. 2 best.: langs opzij (voor-/achterkant-flank),Geen hindernis
48069,100,Mechelen teller 2,Mechelen,51.0457,4.46883,2.317881152257478,51.02905564781716,4.48878732156728,2024,6,18,12025,Mechelen,Normaal,Droog,Dag,met lichtgewonden,9,personenauto,3,Fiets,Op Kruispunt,Gewestweg,binnen bebouwde kom,Tss. 2 best.: langs opzij (voor-/achterkant-flank),Geen hindernis
48071,99,Mechelen teller 1,Mechelen,51.04564,4.46882,2.3560832124824156,51.024723998437956,4.474209106293096,2024,6,8,12025,Mechelen,Normaal,Droog,Dag,met lichtgewonden,3,Fiets,6,Bromfiets,Buiten Kruispunt,Gemeenteweg,binnen bebouwde kom,Tussen 2 bestuurders: Langs achteren,Geen hindernis
48071,100,Mechelen teller 2,Mechelen,51.0457,4.46883,2.3625578021152003,51.024723998437956,4.474209106293096,2024,6,8,12025,Mechelen,Normaal,Droog,Dag,met lichtgewonden,3,Fiets,6,Bromfiets,Buiten Kruispunt,Gemeenteweg,binnen bebouwde kom,Tussen 2 bestuurders: Langs achteren,Geen hindernis
48076,99,Mechelen teller 1,Mechelen,51.04564,4.46882,0.6371722779317748,51.045051130291824,4.4778860781484635,2024,6,16,12025,Mechelen,Normaal,Droog,Dag,met lichtgewonden,3,Fiets,9,personenauto,Op Kruispunt,Gewestweg,binnen bebouwde kom,Tss. 2 best.: langs opzij (voor-/achterkant-flank),Geen hindernis
48076,100,Mechelen teller 2,Mechelen,51.0457,4.46883,0.6371974156224072,51.045051130291824,4.4778860781484635,2024,6,16,12025,Mechelen,Normaal,Droog,Dag,met lichtgewonden,3,Fiets,9,personenauto,Op Kruispunt,Gewestweg,binnen bebouwde kom,Tss. 2 best.: langs opzij (voor-/achterkant-flank),Geen hindernis
48077,100,Mechelen teller 2,Mechelen,51.0457,4.46883,1.7825140235508596,51.04547332410719,4.494325281614595,2024,6,14,12025,Mechelen,Normaal,Droog,Dag,met lichtgewonden,3,Fiets,3,Fiets,Buiten Kruispunt,Gemeenteweg,buiten bebouwde kom,Tussen 2 bestuurders: Flank tegen flank,Geen hindernis
48077,99,Mechelen teller 1,Mechelen,51.04564,4.46882,1.7831323692743366,51.04547332410719,4.494325281614595,2024,6,14,12025,Mechelen,Normaal,Droog,Dag,met lichtgewonden,3,Fiets,3,Fiets,Buiten Kruispunt,Gemeenteweg,buiten bebouwde kom,Tussen 2 bestuurders: Flank tegen flank,Geen hindernis
48078,115,Aalter,Aalter,51.1058367,3.4350591,0.7547038627708746,51.10634067267935,3.4458389854018536,2024,6,16,44084,Aalter,Normaal,Proper,Dag,met zwaargewonden,3,Fiets,3,Fiets,Buiten Kruispunt,Gemeenteweg,buiten bebouwde kom,Tussen 2 bestuurders: Frontale botsing,Geen hindernis
48183,3,Brasschaat 1,Brasschaat,51.27503,4.47222,1.8774385544682684,51.28853569820307,4.488419684652277,2024,7,11,11008,Brasschaat,Normaal,Droog,Dag,met lichtgewonden,9,personenauto,3,Fiets,Buiten Kruispunt,Gewestweg,binnen bebouwde kom,Tss. 2 best.: langs opzij (voor-/achterkant-flank),Geen hindernis
48183,2,Brasschaat 2,Brasschaat,51.27512,4.47169,1.8918879602329226,51.28853569820307,4.488419684652277,2024,7,11,11008,Brasschaat,Normaal,Droog,Dag,met lichtgewonden,9,personenauto,3,Fiets,Buiten Kruispunt,Gewestweg,binnen bebouwde kom,Tss. 2 best.: langs opzij (voor-/achterkant-flank),Geen hindernis
48190,2,Brasschaat 2,Brasschaat,51.27512,4.47169,1.464600757482935,51.262941910077494,4.463669494580015,2024,7,16,11040,Schoten,Normaal,Droog,Dag,met lichtgewonden,9,personenauto,3,Fiets,Buiten Kruispunt,Gewestweg,buiten bebouwde kom,Tss. 2 best.: langs opzij (voor-/achterkant-flank),Geen hindernis
48190,3,Brasschaat 1,Brasschaat,51.27503,4.47222,1.4698849083969256,51.262941910077494,4.463669494580015,2024,7,16,11040,Schoten,Normaal,Droog,Dag,met lichtgewonden,9,personenauto,3,Fiets,Buiten Kruispunt,Gewestweg,buiten bebouwde kom,Tss. 2 best.: langs opzij (voor-/achterkant-flank),Geen hindernis
48198,104,Malle teller 2,Malle,51.31682,4.73852,2.4684018664062104,51.30925735691133,4.705129963326015,2024,7,11,11057,Malle,Normaal,Droog,Dag,met lichtgewonden,5,Lichte vrachtauto,3,Fiets,Op Kruispunt,Gemeenteweg,binnen bebouwde kom,Tss. 2 best.: langs opzij (voor-/achterkant-flank),Geen hindernis
48198,103,Malle teller 1,Malle,51.31681,4.73872,2.4810992967816112,51.30925735691133,4.705129963326015,2024,7,11,11057,Malle,Normaal,Droog,Dag,met lichtgewonden,5,Lichte vrachtauto,3,Fiets,Op Kruispunt,Gemeenteweg,binnen bebouwde kom,Tss. 2 best.: langs opzij (voor-/achterkant-flank),Geen hindernis
48202,99,Mechelen teller 1,Mechelen,51.04564,4.46882,1.7193571126685985,51.03189246008591,4.480076181962022,2024,7,17,12025,Mechelen,Normaal,Droog,Dag,met lichtgewonden,9,personenauto,3,Fiets,Op Kruispunt,Gemeenteweg,binnen bebouwde kom,Tss. 2 best.: langs opzij (voor-/achterkant-flank),Geen hindernis
48202,100,Mechelen teller 2,Mechelen,51.0457,4.46883,1.7249724630192382,51.03189246008591,4.480076181962022,2024,7,17,12025,Mechelen,Normaal,Droog,Dag,met lichtgewonden,9,personenauto,3,Fiets,Op Kruispunt,Gemeenteweg,binnen bebouwde kom,Tss. 2 best.: langs opzij (voor-/achterkant-flank),Geen hindernis
48203,96,Lier teller 2,Lier,51.11705,4.58444,1.594756491971253,51.131266322529704,4.587458353648648,2024,7,14,12021,Lier,Normaal,Droog,Dag,met lichtgewonden,3,Fiets,9,personenauto,Buiten Kruispunt,Gemeenteweg,binnen bebouwde kom,Tss. 2 best.: langs opzij (voor-/achterkant-flank),Geen hindernis
48203,95,Lier teller 1,Lier,51.11687,4.58437,1.61524304967512,51.131266322529704,4.587458353648648,2024,7,14,12021,Lier,Normaal,Droog,Dag,met lichtgewonden,3,Fiets,9,personenauto,Buiten Kruispunt,Gemeenteweg,binnen bebouwde kom,Tss. 2 best.: langs opzij (voor-/achterkant-flank),Geen hindernis
48207,92,Nijlen teller 1,Nijlen,51.14989,4.64479,1.578107242861996,51.139242828341885,4.629832148817703,2024,7,13,12026,Nijlen,Normaal,Droog,Dag,met zwaargewonden,3,Fiets,4,Vrachtwagen,Buiten Kruispunt,Gewestweg,binnen bebouwde kom,Tussen 2 bestuurders: Flank tegen flank,Geen hindernis
48207,93,Nijlen teller 2,Nijlen,51.14998,4.64469,1.5810462861010992,51.139242828341885,4.629832148817703,2024,7,13,12026,Nijlen,Normaal,Droog,Dag,met zwaargewonden,3,Fiets,4,Vrachtwagen,Buiten Kruispunt,Gewestweg,binnen bebouwde kom,Tussen 2 bestuurders: Flank tegen flank,Geen hindernis
48212,132,Gierde lille,Lille,51.245445,4.8298851,2.3431724161586858,51.2316055605892,4.855266998732776,2024,7,8,13019,Lille,Normaal,Droog,Dag,met zwaargewonden,7,Motorfiets,3,Fiets,Buiten Kruispunt,Gemeenteweg,buiten bebouwde kom,Tussen 2 bestuurders: Flank tegen flank,Geen hindernis
48212,133,Gierde Lille Totem,Lille,51.2453915,4.8297416,2.3468258188993447,51.2316055605892,4.855266998732776,2024,7,8,13019,Lille,Normaal,Droog,Dag,met zwaargewonden,7,Motorfiets,3,Fiets,Buiten Kruispunt,Gemeenteweg,buiten bebouwde kom,Tussen 2 bestuurders: Flank tegen flank,Geen hindernis
48218,133,Gierde Lille Totem,Lille,51.2453915,4.8297416,1.1286643087226702,51.24733706677804,4.813826985077279,2024,7,16,13019,Lille,Normaal,Droog,Dag,met lichtgewonden,9,personenauto,3,Fiets,Op Kruispunt,Gemeenteweg,binnen bebouwde kom,Tss. 2 best.: langs opzij (voor-/achterkant-flank),Geen hindernis
48218,132,Gierde lille,Lille,51.245445,4.8298851,1.137352953207872,51.24733706677804,4.813826985077279,2024,7,16,13019,Lille,Normaal,Droog,Dag,met lichtgewonden,9,personenauto,3,Fiets,Op Kruispunt,Gemeenteweg,binnen bebouwde kom,Tss. 2 best.: langs opzij (voor-/achterkant-flank),Geen hindernis
48221,88,Westerlo teller 1,Westerlo,51.082,4.91325,0.8606707043822378,51.08970068456813,4.914493481287029,2024,7,14,13049,Westerlo,Normaal,Droog,Dag,met lichtgewonden,9,personenauto,3,Fiets,Buiten Kruispunt,Gemeenteweg,binnen bebouwde kom,Tussen 2 bestuurders: Frontale botsing,Geen hindernis
48221,89,Westerlo teller 2,Westerlo,51.08191,4.91334,0.8700231143571008,51.08970068456813,4.914493481287029,2024,7,14,13049,Westerlo,Normaal,Droog,Dag,met lichtgewonden,9,personenauto,3,Fiets,Buiten Kruispunt,Gemeenteweg,binnen bebouwde kom,Tussen 2 bestuurders: Frontale botsing,Geen hindernis
48223,88,Westerlo teller 1,Westerlo,51.082,4.91325,1.6960402629409046,51.093107080232095,4.929892713211091,2024,7,21,13049,Westerlo,Normaal,Droog,Dageraad - schemering,met lichtgewonden,9,personenauto,3,Fiets,Buiten Kruispunt,Gewestweg,buiten bebouwde kom,Tss. 2 best.: langs opzij (voor-/achterkant-flank),Geen hindernis
48223,89,Westerlo teller 2,Westerlo,51.08191,4.91334,1.6990587130994577,51.093107080232095,4.929892713211091,2024,7,21,13049,Westerlo,Normaal,Droog,Dageraad - schemering,met lichtgewonden,9,personenauto,3,Fiets,Buiten Kruispunt,Gewestweg,buiten bebouwde kom,Tss. 2 best.: langs opzij (voor-/achterkant-flank),Geen hindernis
48227,97,Geel teller 1,Geel,51.14813,4.99698,1.4728662221999098,51.16137427690484,4.9966593150717635,2024,7,19,13008,Geel,Normaal,Droog,Dag,met zwaargewonden,9,personenauto,3,Fiets,Op Kruispunt,Gemeenteweg,binnen bebouwde kom,Tss. 2 best.: langs opzij (voor-/achterkant-flank),Geen hindernis
48227,98,Geel teller 2,Geel,51.1481,4.99643,1.476118890065764,51.16137427690484,4.9966593150717635,2024,7,19,13008,Geel,Normaal,Droog,Dag,met zwaargewonden,9,personenauto,3,Fiets,Op Kruispunt,Gemeenteweg,binnen bebouwde kom,Tss. 2 best.: langs opzij (voor-/achterkant-flank),Geen hindernis
48235,88,Westerlo teller 1,Westerlo,51.082,4.91325,1.0700210637502356,51.090892752274165,4.919103598860318,2024,7,8,13049,Westerlo,Normaal,Droog,Dag,met lichtgewonden,9,personenauto,3,Fiets,Op Kruispunt,Gewestweg,binnen bebouwde kom,Tss. 2 best.: langs opzij (voor-/achterkant-flank),Geen hindernis
48235,89,Westerlo teller 2,Westerlo,51.08191,4.91334,1.0769105162423442,51.090892752274165,4.919103598860318,2024,7,8,13049,Westerlo,Normaal,Droog,Dag,met lichtgewonden,9,personenauto,3,Fiets,Op Kruispunt,Gewestweg,binnen bebouwde kom,Tss. 2 best.: langs opzij (voor-/achterkant-flank),Geen hindernis
48242,37,Lommel teller 1,Lommel,51.23299,5.29211,1.6724588524569157,51.22773334328738,5.314614793930904,2024,7,11,72020,Lommel,Normaal,Droog,Dag,met lichtgewonden,3,Fiets,9,personenauto,Op Kruispunt,Gewestweg,binnen bebouwde kom,Tussen 2 bestuurders: Langs achteren,Geen hindernis
48242,38,Lommel teller 2,Lommel,51.23277,5.29189,1.6785033812302301,51.22773334328738,5.314614793930904,2024,7,11,72020,Lommel,Normaal,Droog,Dag,met lichtgewonden,3,Fiets,9,personenauto,Op Kruispunt,Gewestweg,binnen bebouwde kom,Tussen 2 bestuurders: Langs achteren,Geen hindernis
48268,21,Bilzen,Bilzen,50.86015,5.50161,1.561378012431163,50.8615581761492,5.479476140236743,2024,7,12,73032,Hoeselt,Normaal,Droog,Dag,met lichtgewonden,9,personenauto,3,Fiets,Buiten Kruispunt,Gemeenteweg,buiten bebouwde kom,Tussen 2 bestuurders: Langs achteren,Geen hindernis
48269,77,Leuven teller 2,Leuven,50.88672,4.70796,0.6673077991430734,50.883117372148874,4.700352242360411,2024,7,17,24062,Leuven,Normaal,Droog,Dag,met lichtgewonden,3,Fiets,8,Voetganger,Buiten Kruispunt,Gemeenteweg,binnen bebouwde kom,Met een voetganger,Geen hindernis
48269,107,leuven totem,Leuven,50.8870744,4.7087919,0.7376441581060077,50.883117372148874,4.700352242360411,2024,7,17,24062,Leuven,Normaal,Droog,Dag,met lichtgewonden,3,Fiets,8,Voetganger,Buiten Kruispunt,Gemeenteweg,binnen bebouwde kom,Met een voetganger,Geen hindernis
48269,69,Leuven teller 1,Leuven,50.87549,4.71526,1.3465714023292874,50.883117372148874,4.700352242360411,2024,7,17,24062,Leuven,Normaal,Droog,Dag,met lichtgewonden,3,Fiets,8,Voetganger,Buiten Kruispunt,Gemeenteweg,binnen bebouwde kom,Met een voetganger,Geen hindernis
48269,151,Leuven,District Leuven,50.8690262,4.6854839,1.8823878623066976,50.883117372148874,4.700352242360411,2024,7,17,24062,Leuven,Normaal,Droog,Dag,met lichtgewonden,3,Fiets,8,Voetganger,Buiten Kruispunt,Gemeenteweg,binnen bebouwde kom,Met een voetganger,Geen hindernis
48270,151,Leuven,District Leuven,50.8690262,4.6854839,0.9593601282430693,50.86043841719699,4.68679786590568,2024,7,18,24062,Leuven,Normaal,Droog,Dag,met lichtgewonden,9,personenauto,3,Fiets,Buiten Kruispunt,Gemeenteweg,binnen bebouwde kom,Tss. 2 best.: langs opzij (voor-/achterkant-flank),Geen hindernis
48270,108,Heverlee teller 1,Leuven,50.8471728,4.6954674,1.59568125782584,50.86043841719699,4.68679786590568,2024,7,18,24062,Leuven,Normaal,Droog,Dag,met lichtgewonden,9,personenauto,3,Fiets,Buiten Kruispunt,Gemeenteweg,binnen bebouwde kom,Tss. 2 best.: langs opzij (voor-/achterkant-flank),Geen hindernis
48270,76,Heverlee teller 2,Leuven,50.84606,4.69597,1.7235865761086828,50.86043841719699,4.68679786590568,2024,7,18,24062,Leuven,Normaal,Droog,Dag,met lichtgewonden,9,personenauto,3,Fiets,Buiten Kruispunt,Gemeenteweg,binnen bebouwde kom,Tss. 2 best.: langs opzij (voor-/achterkant-flank),Geen hindernis
48271,77,Leuven teller 2,Leuven,50.88672,4.70796,0.7758843740211269,50.87980986074364,4.706424715681581,2024,7,18,24062,Leuven,Normaal,Droog,Dag,met lichtgewonden,7,Motorfiets,3,Fiets,Buiten Kruispunt,Gemeenteweg,binnen bebouwde kom,Tss. 2 best.: langs opzij (voor-/achterkant-flank),Geen hindernis