crash_row_id,site_id,site_name,site_gemeente,site_lat,site_long,distance_km,crash_lat,crash_long,DT_YEAR_COLLISION,DT_MONTH_COLLISION,DT_TIME,CD_NIS,TX_MUNTY_COLLISION_NL,TX_WEATHER_NL,TX_ROAD_CONDITION_NL,TX_LIGHT_CONDITION_NL,TX_CLASS_ACCIDENTS_NL,CD_ROAD_USR_TYPE1,TX_ROAD_USR_TYPE1_NL,CD_ROAD_USR_TYPE2,TX_ROAD_USR_TYPE2_NL,TX_CROSSWAY_NL,CD_ROAD_TYPE_NL,TX_BUILD_UP_AREA_NL,TX_COLLISION_TYPE_NL,TX_OBSTACLES_NL
48271,69,Leuven teller 1,Leuven,50.87549,4.71526,0.7842232191001215,50.87980986074364,4.706424715681581,2024,7,18,24062,Leuven,Normaal,Droog,Dag,met lichtgewonden,7,Motorfiets,3,Fiets,Buiten Kruispunt,Gemeenteweg,binnen bebouwde kom,Tss. 2 best.: langs opzij (voor-/achterkant-flank),Geen hindernis
48271,107,leuven totem,Leuven,50.8870744,4.7087919,0.8246732098593564,50.87980986074364,4.706424715681581,2024,7,18,24062,Leuven,Normaal,Droog,Dag,met lichtgewonden,7,Motorfiets,3,Fiets,Buiten Kruispunt,Gemeenteweg,binnen bebouwde kom,Tss. 2 best.: langs opzij (voor-/achterkant-flank),Geen hindernis
48271,151,Leuven,District Leuven,50.8690262,4.6854839,1.8965184314344972,50.87980986074364,4.706424715681581,2024,7,18,24062,Leuven,Normaal,Droog,Dag,met lichtgewonden,7,Motorfiets,3,Fiets,Buiten Kruispunt,Gemeenteweg,binnen bebouwde kom,Tss. 2 best.: langs opzij (voor-/achterkant-flank),Geen hindernis
48272,151,Leuven,District Leuven,50.8690262,4.6854839,0.8775558986088344,50.86113448921183,4.6853680006141945,2024,7,15,24062,Leuven,Normaal,Droog,Dag,met lichtgewonden,9,personenauto,3,Fiets,Op Kruispunt,Gemeenteweg,binnen bebouwde kom,Tss. 2 best.: langs opzij (voor-/achterkant-flank),Geen hindernis
48272,108,Heverlee teller 1,Leuven,50.8471728,4.6954674,1.7066828288925742,50.86113448921183,4.6853680006141945,2024,7,15,24062,Leuven,Normaal,Droog,Dag,met lichtgewonden,9,personenauto,3,Fiets,Op Kruispunt,Gemeenteweg,binnen bebouwde kom,Tss. 2 best.: langs opzij (voor-/achterkant-flank),Geen hindernis
48272,76,Heverlee teller 2,Leuven,50.84606,4.69597,1.8340005271749134,50.86113448921183,4.6853680006141945,2024,7,15,24062,Leuven,Normaal,Droog,Dag,met lichtgewonden,9,personenauto,3,Fiets,Op Kruispunt,Gemeenteweg,binnen bebouwde kom,Tss. 2 best.: langs opzij (voor-/achterkant-flank),Geen hindernis
48273,151,Leuven,District Leuven,50.8690262,4.6854839,0.48897094592577856,50.87207875467332,4.69049965565229,2024,7,17,24062,Leuven,Normaal,Droog,Dag,met lichtgewonden,3,Fiets,9,personenauto,Op Kruispunt,Gewestweg,binnen bebouwde kom,Tussen 2 bestuurders: Frontale botsing,Geen hindernis
48273,69,Leuven teller 1,Leuven,50.87549,4.71526,1.7782945944118829,50.87207875467332,4.69049965565229,2024,7,17,24062,Leuven,Normaal,Droog,Dag,met lichtgewonden,3,Fiets,9,personenauto,Op Kruispunt,Gewestweg,binnen bebouwde kom,Tussen 2 bestuurders: Frontale botsing,Geen hindernis
48273,77,Leuven teller 2,Leuven,50.88672,4.70796,2.037428115216103,50.87207875467332,4.69049965565229,2024,7,17,24062,Leuven,Normaal,Droog,Dag,met lichtgewonden,3,Fiets,9,personenauto,Op Kruispunt,Gewestweg,binnen bebouwde kom,Tussen 2 bestuurders: Frontale botsing,Geen hindernis
48273,107,leuven totem,Leuven,50.8870744,4.7087919,2.1041312644670715,50.87207875467332,4.69049965565229,2024,7,17,24062,Leuven,Normaal,Droog,Dag,met lichtgewonden,3,Fiets,9,personenauto,Op Kruispunt,Gewestweg,binnen bebouwde kom,Tussen 2 bestuurders: Frontale botsing,Geen hindernis
48274,151,Leuven,District Leuven,50.8690262,4.6854839,0.597995613908262,50.870208814259506,4.6937969546834,2024,7,16,24062,Leuven,Onbekend,Proper,Dag,met zwaargewonden,3,Fiets,10,"één bestuurder, geen hindernis",Buiten Kruispunt,Gewestweg,binnen bebouwde kom,"Eén bestuurder, geen hindernis (incl. val)",Geen hindernis
48274,69,Leuven teller 1,Leuven,50.87549,4.71526,1.6164773543277842,50.870208814259506,4.6937969546834,2024,7,16,24062,Leuven,Onbekend,Proper,Dag,met zwaargewonden,3,Fiets,10,"één bestuurder, geen hindernis",Buiten Kruispunt,Gewestweg,binnen bebouwde kom,"Eén bestuurder, geen hindernis (incl. val)",Geen hindernis
48274,77,Leuven teller 2,Leuven,50.88672,4.70796,2.087620309844535,50.870208814259506,4.6937969546834,2024,7,16,24062,Leuven,Onbekend,Proper,Dag,met zwaargewonden,3,Fiets,10,"één bestuurder, geen hindernis",Buiten Kruispunt,Gewestweg,binnen bebouwde kom,"Eén bestuurder, geen hindernis (incl. val)",Geen hindernis
48274,107,leuven totem,Leuven,50.8870744,4.7087919,2.1503038109491266,50.870208814259506,4.6937969546834,2024,7,16,24062,Leuven,Onbekend,Proper,Dag,met zwaargewonden,3,Fiets,10,"één bestuurder, geen hindernis",Buiten Kruispunt,Gewestweg,binnen bebouwde kom,"Eén bestuurder, geen hindernis (incl. val)",Geen hindernis
48275,69,Leuven teller 1,Leuven,50.87549,4.71526,0.5861693143789213,50.874545523573474,4.723478910618089,2024,7,21,24062,Leuven,Normaal,Droog,Dag,met zwaargewonden,3,Fiets,10,"één bestuurder, geen hindernis",Op Kruispunt,Gemeenteweg,binnen bebouwde kom,"Eén bestuurder, geen hindernis (incl. val)",Geen hindernis
48275,107,leuven totem,Leuven,50.8870744,4.7087919,1.7327932593165227,50.874545523573474,4.723478910618089,2024,7,21,24062,Leuven,Normaal,Droog,Dag,met zwaargewonden,3,Fiets,10,"één bestuurder, geen hindernis",Op Kruispunt,Gemeenteweg,binnen bebouwde kom,"Eén bestuurder, geen hindernis (incl. val)",Geen hindernis
48275,77,Leuven teller 2,Leuven,50.88672,4.70796,1.737243413031457,50.874545523573474,4.723478910618089,2024,7,21,24062,Leuven,Normaal,Droog,Dag,met zwaargewonden,3,Fiets,10,"één bestuurder, geen hindernis",Op Kruispunt,Gemeenteweg,binnen bebouwde kom,"Eén bestuurder, geen hindernis (incl. val)",Geen hindernis
48276,151,Leuven,District Leuven,50.8690262,4.6854839,0.5683730765894571,50.87092117982038,4.693006313201038,2024,7,18,24062,Leuven,Normaal,Droog,Dag,met lichtgewonden,3,Fiets,3,Fiets,Buiten Kruispunt,Gewestweg,binnen bebouwde kom,Tussen 2 bestuurders: Flank tegen flank,Geen hindernis
48276,69,Leuven teller 1,Leuven,50.87549,4.71526,1.642067799223817,50.87092117982038,4.693006313201038,2024,7,18,24062,Leuven,Normaal,Droog,Dag,met lichtgewonden,3,Fiets,3,Fiets,Buiten Kruispunt,Gewestweg,binnen bebouwde kom,Tussen 2 bestuurders: Flank tegen flank,Geen hindernis
48276,77,Leuven teller 2,Leuven,50.88672,4.70796,2.0461862050212196,50.87092117982038,4.693006313201038,2024,7,18,24062,Leuven,Normaal,Droog,Dag,met lichtgewonden,3,Fiets,3,Fiets,Buiten Kruispunt,Gewestweg,binnen bebouwde kom,Tussen 2 bestuurders: Flank tegen flank,Geen hindernis
48276,107,leuven totem,Leuven,50.8870744,4.7087919,2.110155301108387,50.87092117982038,4.693006313201038,2024,7,18,24062,Leuven,Normaal,Droog,Dag,met lichtgewonden,3,Fiets,3,Fiets,Buiten Kruispunt,Gewestweg,binnen bebouwde kom,Tussen 2 bestuurders: Flank tegen flank,Geen hindernis
48277,77,Leuven teller 2,Leuven,50.88672,4.70796,1.2490612547904303,50.890505336055604,4.691194675006594,2024,7,16,24062,Leuven,Normaal,Droog,Dag,met lichtgewonden,9,personenauto,3,Fiets,Op Kruispunt,Gewestweg,buiten bebouwde kom,Tss. 2 best.: langs opzij (voor-/achterkant-flank),Geen hindernis
48277,107,leuven totem,Leuven,50.8870744,4.7087919,1.2919655799458183,50.890505336055604,4.691194675006594,2024,7,16,24062,Leuven,Normaal,Droog,Dag,met lichtgewonden,9,personenauto,3,Fiets,Op Kruispunt,Gewestweg,buiten bebouwde kom,Tss. 2 best.: langs opzij (voor-/achterkant-flank),Geen hindernis
48277,69,Leuven teller 1,Leuven,50.87549,4.71526,2.374428483312725,50.890505336055604,4.691194675006594,2024,7,16,24062,Leuven,Normaal,Droog,Dag,met lichtgewonden,9,personenauto,3,Fiets,Op Kruispunt,Gewestweg,buiten bebouwde kom,Tss. 2 best.: langs opzij (voor-/achterkant-flank),Geen hindernis
48277,151,Leuven,District Leuven,50.8690262,4.6854839,2.4217438798564968,50.890505336055604,4.691194675006594,2024,7,16,24062,Leuven,Normaal,Droog,Dag,met lichtgewonden,9,personenauto,3,Fiets,Op Kruispunt,Gewestweg,buiten bebouwde kom,Tss. 2 best.: langs opzij (voor-/achterkant-flank),Geen hindernis
48278,151,Leuven,District Leuven,50.8690262,4.6854839,1.198346608249983,50.87955276391879,4.68914422723986,2024,7,19,24062,Leuven,Normaal,Droog,Dag,met lichtgewonden,9,personenauto,3,Fiets,Op Kruispunt,Gemeenteweg,binnen bebouwde kom,Tussen 2 bestuurders: Frontale botsing,Geen hindernis
48278,77,Leuven teller 2,Leuven,50.88672,4.70796,1.5419201346954488,50.87955276391879,4.68914422723986,2024,7,19,24062,Leuven,Normaal,Droog,Dag,met lichtgewonden,9,personenauto,3,Fiets,Op Kruispunt,Gemeenteweg,binnen bebouwde kom,Tussen 2 bestuurders: Frontale botsing,Geen hindernis
48278,107,leuven totem,Leuven,50.8870744,4.7087919,1.6122484951826035,50.87955276391879,4.68914422723986,2024,7,19,24062,Leuven,Normaal,Droog,Dag,met lichtgewonden,9,personenauto,3,Fiets,Op Kruispunt,Gemeenteweg,binnen bebouwde kom,Tussen 2 bestuurders: Frontale botsing,Geen hindernis
48278,69,Leuven teller 1,Leuven,50.87549,4.71526,1.8871983786103748,50.87955276391879,4.68914422723986,2024,7,19,24062,Leuven,Normaal,Droog,Dag,met lichtgewonden,9,personenauto,3,Fiets,Op Kruispunt,Gemeenteweg,binnen bebouwde kom,Tussen 2 bestuurders: Frontale botsing,Geen hindernis
48280,69,Leuven teller 1,Leuven,50.87549,4.71526,2.486243076183553,50.865186658282454,4.746704476533855,2024,7,16,24011,Bierbeek,Normaal,Droog,Dag,met lichtgewonden,9,personenauto,3,Fiets,Buiten Kruispunt,Gemeenteweg,onbekend,Tussen 2 bestuurders: Frontale botsing,Geen hindernis
48281,77,Leuven teller 2,Leuven,50.88672,4.70796,2.4104626592946627,50.89963201532442,4.680354216749198,2024,7,13,24038,Herent,Normaal,Droog,Dag,met lichtgewonden,3,Fiets,9,personenauto,Buiten Kruispunt,Gewestweg,binnen bebouwde kom,Tss. 2 best.: langs opzij (voor-/achterkant-flank),Geen hindernis
48281,107,leuven totem,Leuven,50.8870744,4.7087919,2.434758291121114,50.89963201532442,4.680354216749198,2024,7,13,24038,Herent,Normaal,Droog,Dag,met lichtgewonden,3,Fiets,9,personenauto,Buiten Kruispunt,Gewestweg,binnen bebouwde kom,Tss. 2 best.: langs opzij (voor-/achterkant-flank),Geen hindernis
48284,87,Aarschot,Aarschot,50.99084,4.81259,1.732762743900102,50.99555267208202,4.836188854857177,2024,7,17,24001,Aarschot,Normaal,Droog,Dag,met lichtgewonden,9,personenauto,3,Fiets,Buiten Kruispunt,Gewestweg,binnen bebouwde kom,Tss. 2 best.: langs opzij (voor-/achterkant-flank),Geen hindernis
48286,87,Aarschot,Aarschot,50.99084,4.81259,1.3556765525820997,50.98009374982677,4.821737484781566,2024,7,14,24001,Aarschot,Normaal,Droog,Dag,met lichtgewonden,3,Fiets,8,Voetganger,Buiten Kruispunt,Gewestweg,binnen bebouwde kom,Met een voetganger,Geen hindernis
48287,87,Aarschot,Aarschot,50.99084,4.81259,1.2769765770282038,50.98174012684096,4.823718610927051,2024,7,18,24001,Aarschot,Normaal,Droog,Dag,met lichtgewonden,3,Fiets,3,Fiets,Op Kruispunt,Gemeenteweg,binnen bebouwde kom,Tussen 2 bestuurders: Frontale botsing,Geen hindernis
48289,70,Kampenhout teller 1,Kampenhout,50.95682,4.59318,1.5156411188074161,50.9653301327119,4.61008476149792,2024,7,15,24033,Haacht,Normaal,Droog,Dag,met lichtgewonden,9,personenauto,3,Fiets,Op Kruispunt,Gewestweg,buiten bebouwde kom,Tss. 2 best.: langs opzij (voor-/achterkant-flank),Geen hindernis
48289,71,Kampenhout teller 2,Kampenhout,50.95589,4.59164,1.6645207896240033,50.9653301327119,4.61008476149792,2024,7,15,24033,Haacht,Normaal,Droog,Dag,met lichtgewonden,9,personenauto,3,Fiets,Op Kruispunt,Gewestweg,buiten bebouwde kom,Tss. 2 best.: langs opzij (voor-/achterkant-flank),Geen hindernis
48296,111,Zaventem totem,Zaventem,50.8871216,4.4597084,1.5419780310804099,50.88421639458872,4.481201908015451,2024,7,20,23094,Zaventem,Normaal,Droog,Dag,met lichtgewonden,3,Fiets,9,personenauto,Buiten Kruispunt,Gemeenteweg,binnen bebouwde kom,Tss. 2 best.: langs opzij (voor-/achterkant-flank),Geen hindernis
48296,26,Zaventem,Zaventem,50.86995,4.45444,2.4580877512237245,50.88421639458872,4.481201908015451,2024,7,20,23094,Zaventem,Normaal,Droog,Dag,met lichtgewonden,3,Fiets,9,personenauto,Buiten Kruispunt,Gemeenteweg,binnen bebouwde kom,Tss. 2 best.: langs opzij (voor-/achterkant-flank),Geen hindernis
48298,26,Zaventem,Zaventem,50.86995,4.45444,2.309093262528156,50.862251433273315,4.484998322678953,2024,7,19,23094,Zaventem,Normaal,Droog,Dag,met lichtgewonden,9,personenauto,3,Fiets,Op Kruispunt,Gemeenteweg,buiten bebouwde kom,Tussen 2 bestuurders: Frontale botsing,Geen hindernis
48303,86,Asse teller 2,Asse,50.89132,4.1709,1.0901292208007554,50.88192236591173,4.16647340321754,2024,7,18,23086,Ternat,Normaal,Droog,Dag,met lichtgewonden,3,Fiets,3,Fiets,Buiten Kruispunt,Gewestweg,binnen bebouwde kom,Tussen 2 bestuurders: Frontale botsing,Geen hindernis
48303,85,Asse teller 1,Asse,50.89621,4.17294,1.652197379319135,50.88192236591173,4.16647340321754,2024,7,18,23086,Ternat,Normaal,Droog,Dag,met lichtgewonden,3,Fiets,3,Fiets,Buiten Kruispunt,Gewestweg,binnen bebouwde kom,Tussen 2 bestuurders: Frontale botsing,Geen hindernis
48306,86,Asse teller 2,Asse,50.89132,4.1709,2.448341221811615,50.898293308899866,4.137788331292328,2024,7,8,23105,Affligem,Normaal,Onbekend,Dag,met lichtgewonden,3,Fiets,11,een weggebruiker tegen een hindernis,Buiten Kruispunt,Gemeenteweg,binnen bebouwde kom,Weggebruiker tegen hindernis op de rijbaan,"Op de rijbaan: Werken (signal., aarde, toestel,…)"
48306,85,Asse teller 1,Asse,50.89621,4.17294,2.4761199255917075,50.898293308899866,4.137788331292328,2024,7,8,23105,Affligem,Normaal,Onbekend,Dag,met lichtgewonden,3,Fiets,11,een weggebruiker tegen een hindernis,Buiten Kruispunt,Gemeenteweg,binnen bebouwde kom,Weggebruiker tegen hindernis op de rijbaan,"Op de rijbaan: Werken (signal., aarde, toestel,…)"
48310,85,Asse teller 1,Asse,50.89621,4.17294,2.4405337094769615,50.9137617018836,4.193837502091272,2024,7,16,23002,Asse,Normaal,Droog,Dag,met lichtgewonden,3,Fiets,9,personenauto,Buiten Kruispunt,Gewestweg,binnen bebouwde kom,Tussen 2 bestuurders: Langs achteren,Geen hindernis
48311,152,Opwijk,District Vilvoorde-gewestwegen,50.968901168564656,4.149169474840164,2.368990935511739,50.96221272807345,4.181287827751158,2024,7,11,23060,Opwijk,Normaal,Droog,Dag,met lichtgewonden,3,Fiets,4,Vrachtwagen,Buiten Kruispunt,Gemeenteweg,buiten bebouwde kom,Tussen 2 bestuurders: Langs achteren,Geen hindernis
48318,27,Grimbergen,Meise,50.92127,4.34013,0.6153117234673142,50.917116005581235,4.34592914506051,2024,7,12,23025,Grimbergen,Normaal,Droog,Dag,met zwaargewonden,3,Fiets,3,Fiets,Buiten Kruispunt,Gewestweg,buiten bebouwde kom,Tussen 2 bestuurders: Frontale botsing,Geen hindernis
48319,27,Grimbergen,Meise,50.92127,4.34013,2.389233444502828,50.935986599271324,4.364969334868359,2024,7,9,23025,Grimbergen,Normaal,Droog,Dag,met lichtgewonden,9,personenauto,3,Fiets,Buiten Kruispunt,Gewestweg,binnen bebouwde kom,Tss. 2 best.: langs opzij (voor-/achterkant-flank),Geen hindernis
48320,47,Vilvoorde,Vilvoorde,50.91372,4.41497,1.0429123362874873,50.922943841142214,4.412273908718647,2024,7,12,23088,Vilvoorde,Normaal,Droog,Dag,met lichtgewonden,9,personenauto,3,Fiets,Op Kruispunt,Gewestweg,binnen bebouwde kom,Tussen 2 bestuurders: Frontale botsing,Geen hindernis
48327,13,Gent,Gent,51.03018,3.70146,2.197434839861478,51.04583430763078,3.720641615194779,2024,7,1,44021,Gent,Normaal,Droog,"Nacht, openbare verlichting aanwezig en ontstoken",met lichtgewonden,3,Fiets,2,Andere weggebruiker,Buiten Kruispunt,Gemeenteweg,binnen bebouwde kom,Tss. 2 best.: langs opzij (voor-/achterkant-flank),Geen hindernis
48328,13,Gent,Gent,51.03018,3.70146,2.179845235919724,51.0368732154348,3.730760084597119,2024,7,0,44021,Gent,Normaal,Droog,"Nacht, geen openbare verlichting aanwezig",met lichtgewonden,3,Fiets,9,personenauto,Buiten Kruispunt,Gemeenteweg,binnen bebouwde kom,Tussen 2 bestuurders: Flank tegen flank,Geen hindernis
48329,13,Gent,Gent,51.03018,3.70146,1.014370101538633,51.033362235164404,3.7150544629691753,2024,7,8,44021,Gent,Regenval,"Nat, plassen",Dag,met lichtgewonden,9,personenauto,3,Fiets,Buiten Kruispunt,Gewestweg,binnen bebouwde kom,Tss. 2 best.: langs opzij (voor-/achterkant-flank),Geen hindernis
48332,13,Gent,Gent,51.03018,3.70146,1.814813901149295,51.04209578970512,3.719196112560373,2024,7,22,44021,Gent,Normaal,Proper,"Nacht, openbare verlichting aanwezig en ontstoken",met lichtgewonden,9,personenauto,3,Fiets,Op Kruispunt,Gewestweg,binnen bebouwde kom,Tussen 2 bestuurders: Frontale botsing,Geen hindernis
48334,119,Gent teller 2,Gent,51.0281795,3.7683918,1.7450966119741826,51.04128806657922,3.7546691298588826,2024,7,19,44021,Gent,Normaal,Droog,Dageraad - schemering,met lichtgewonden,3,Fiets,8,Voetganger,Buiten Kruispunt,Gemeenteweg,binnen bebouwde kom,Met een voetganger,Geen vermelding van de aanwezigheid van een hindernis
48334,118,Gent teller 1,Gent,51.028049,3.7681359,1.7475290497837463,51.04128806657922,3.7546691298588826,2024,7,19,44021,Gent,Normaal,Droog,Dageraad - schemering,met lichtgewonden,3,Fiets,8,Voetganger,Buiten Kruispunt,Gemeenteweg,binnen bebouwde kom,Met een voetganger,Geen vermelding van de aanwezigheid van een hindernis
48335,118,Gent teller 1,Gent,51.028049,3.7681359,1.4976159795369475,51.03632605190664,3.7512410971582586,2024,7,7,44021,Gent,Normaal,Droog,Dag,met lichtgewonden,99,onbekend,3,Fiets,Buiten Kruispunt,Gewestweg,binnen bebouwde kom,Tussen 2 bestuurders: Frontale botsing,Geen hindernis
48335,119,Gent teller 2,Gent,51.0281795,3.7683918,1.5029811833154867,51.03632605190664,3.7512410971582586,2024,7,7,44021,Gent,Normaal,Droog,Dag,met lichtgewonden,99,onbekend,3,Fiets,Buiten Kruispunt,Gewestweg,binnen bebouwde kom,Tussen 2 bestuurders: Frontale botsing,Geen hindernis
48338,13,Gent,Gent,51.03018,3.70146,1.789339248240856,51.04191476007254,3.71897047646862,2024,7,9,44021,Gent,Normaal,Droog,Dag,met lichtgewonden,3,Fiets,9,personenauto,Op Kruispunt,Gewestweg,binnen bebouwde kom,Tussen 2 bestuurders: Frontale botsing,Geen hindernis
48341,118,Gent teller 1,Gent,51.028049,3.7681359,2.0507146687056967,51.03949412663465,3.745139570945993,2024,7,17,44021,Gent,Normaal,Droog,Dag,met lichtgewonden,9,personenauto,3,Fiets,Op Kruispunt,Gewestweg,binnen bebouwde kom,Tss. 2 best.: langs opzij (voor-/achterkant-flank),Geen hindernis
48341,119,Gent teller 2,Gent,51.0281795,3.7683918,2.0558620656914752,51.03949412663465,3.745139570945993,2024,7,17,44021,Gent,Normaal,Droog,Dag,met lichtgewonden,9,personenauto,3,Fiets,Op Kruispunt,Gewestweg,binnen bebouwde kom,Tss. 2 best.: langs opzij (voor-/achterkant-flank),Geen hindernis
48342,13,Gent,Gent,51.03018,3.70146,1.7903311896469805,51.04288476336205,3.7171888607576,2024,7,23,44021,Gent,Onbekend,Onbekend,Onbekend,met lichtgewonden,9,personenauto,3,Fiets,Op Kruispunt,Gewestweg,binnen bebouwde kom,Tss. 2 best.: langs opzij (voor-/achterkant-flank),Geen hindernis
48343,13,Gent,Gent,51.03018,3.70146,2.248335841383059,51.04395246524694,3.725002595879942,2024,7,13,44021,Gent,Normaal,"Nat, plassen",Dag,met lichtgewonden,3,Fiets,9,personenauto,Buiten Kruispunt,Gemeenteweg,binnen bebouwde kom,Tussen 2 bestuurders: Flank tegen flank,Geen hindernis
48346,118,Gent teller 1,Gent,51.028049,3.7681359,2.3887806954922017,51.03782757979465,3.7377191684860014,2024,7,10,44021,Gent,Normaal,Droog,Dag,met lichtgewonden,3,Fiets,9,personenauto,Op Kruispunt,Gemeenteweg,binnen bebouwde kom,Tss. 2 best.: langs opzij (voor-/achterkant-flank),Geen hindernis
48346,119,Gent teller 2,Gent,51.0281795,3.7683918,2.398198611782789,51.03782757979465,3.7377191684860014,2024,7,10,44021,Gent,Normaal,Droog,Dag,met lichtgewonden,3,Fiets,9,personenauto,Op Kruispunt,Gemeenteweg,binnen bebouwde kom,Tss. 2 best.: langs opzij (voor-/achterkant-flank),Geen hindernis
48347,13,Gent,Gent,51.03018,3.70146,2.017544818345415,51.0316295047516,3.7302184557729383,2024,7,9,44021,Gent,Normaal,Droog,Dag,met lichtgewonden,3,Fiets,9,personenauto,Op Kruispunt,Gemeenteweg,binnen bebouwde kom,Tussen 2 bestuurders: Flank tegen flank,Geen hindernis
48348,118,Gent teller 1,Gent,51.028049,3.7681359,2.207330015662111,51.04088170846076,3.7440517004920095,2024,7,15,44021,Gent,Normaal,Droog,Dag,met lichtgewonden,3,Fiets,3,Fiets,Buiten Kruispunt,Gemeenteweg,binnen bebouwde kom,Tussen 2 bestuurders: Flank tegen flank,Geen hindernis
48348,119,Gent teller 2,Gent,51.0281795,3.7683918,2.2117156342862705,51.04088170846076,3.7440517004920095,2024,7,15,44021,Gent,Normaal,Droog,Dag,met lichtgewonden,3,Fiets,3,Fiets,Buiten Kruispunt,Gemeenteweg,binnen bebouwde kom,Tussen 2 bestuurders: Flank tegen flank,Geen hindernis
48352,13,Gent,Gent,51.03018,3.70146,1.4334507727884396,51.01828224945792,3.7093501851167456,2024,7,7,44021,Gent,Normaal,Droog,Dag,met lichtgewonden,3,Fiets,9,personenauto,Op Kruispunt,Gewestweg,buiten bebouwde kom,Tss. 2 best.: langs opzij (voor-/achterkant-flank),Geen hindernis
48353,136,Gent R4,Gent,51.0876313,3.7587918,1.0249494687688785,51.078677565275264,3.7553061354934725,2024,7,18,44021,Gent,Normaal,Droog,Dag,met lichtgewonden,3,Fiets,9,personenauto,Op Kruispunt,Gemeenteweg,binnen bebouwde kom,Tss. 2 best.: langs opzij (voor-/achterkant-flank),Geen hindernis
48356,13,Gent,Gent,51.03018,3.70146,2.482974136054675,51.04868769389036,3.7213294629234435,2024,7,14,44021,Gent,Normaal,Proper,Dag,met lichtgewonden,3,Fiets,8,Voetganger,Op Kruispunt,Gemeenteweg,binnen bebouwde kom,Met een voetganger,Geen hindernis
48357,13,Gent,Gent,51.03018,3.70146,2.1163584432185636,51.04422308936146,3.7218902435110466,2024,7,9,44021,Gent,Normaal,"Nat, plassen",Dag,met lichtgewonden,3,Fiets,10,"één bestuurder, geen hindernis",Buiten Kruispunt,Gemeenteweg,binnen bebouwde kom,"Eén bestuurder, geen hindernis (incl. val)",Geen hindernis
48359,136,Gent R4,Gent,51.0876313,3.7587918,0.5847657928582487,51.08237259489715,3.7588683793149595,2024,7,8,44021,Gent,Normaal,Droog,Dag,met lichtgewonden,3,Fiets,3,Fiets,Buiten Kruispunt,Gemeenteweg,binnen bebouwde kom,Tussen 2 bestuurders: Flank tegen flank,Geen hindernis
48361,136,Gent R4,Gent,51.0876313,3.7587918,2.019626061508018,51.07071235056338,3.7482765599546015,2024,7,14,44021,Gent,Onbekend,Onbekend,Dag,met lichtgewonden,3,Fiets,10,"één bestuurder, geen hindernis",Buiten Kruispunt,Gemeenteweg,onbekend,"Eén bestuurder, geen hindernis (incl. val)",Geen hindernis
48364,13,Gent,Gent,51.03018,3.70146,1.964755649392029,51.014818747560426,3.715341503427531,2024,7,16,44021,Gent,Normaal,Droog,Dag,met lichtgewonden,3,Fiets,6,Bromfiets,Buiten Kruispunt,Autosnelweg,buiten bebouwde kom,Tussen 2 bestuurders: Frontale botsing,Geen hindernis
48368,118,Gent teller 1,Gent,51.028049,3.7681359,2.460020726428116,51.03935672009704,3.737898193872645,2024,7,3,44021,Gent,Regenval,"Nat, plassen","Nacht, openbare verlichting aanwezig en ontstoken",met lichtgewonden,99,onbekend,3,Fiets,Buiten Kruispunt,Gewestweg,binnen bebouwde kom,Tussen 2 bestuurders: Frontale botsing,Geen hindernis
48368,119,Gent teller 2,Gent,51.0281795,3.7683918,2.4680762320768865,51.03935672009704,3.737898193872645,2024,7,3,44021,Gent,Regenval,"Nat, plassen","Nacht, openbare verlichting aanwezig en ontstoken",met lichtgewonden,99,onbekend,3,Fiets,Buiten Kruispunt,Gewestweg,binnen bebouwde kom,Tussen 2 bestuurders: Frontale botsing,Geen hindernis
48378,6,Evergem 2,Evergem,51.10894,3.70298,1.259936751844945,51.11584211628486,3.688666270095909,2024,7,18,44019,Evergem,Normaal,Droog,Dag,met lichtgewonden,3,Fiets,3,Fiets,Buiten Kruispunt,Gewestweg,buiten bebouwde kom,Tussen 2 bestuurders: Flank tegen flank,Geen hindernis
48378,7,Evergem 1,Evergem,51.1089,3.70317,1.2731732986977586,51.11584211628486,3.688666270095909,2024,7,18,44019,Evergem,Normaal,Droog,Dag,met lichtgewonden,3,Fiets,3,Fiets,Buiten Kruispunt,Gewestweg,buiten bebouwde kom,Tussen 2 bestuurders: Flank tegen flank,Geen hindernis
48385,116,Melle teller 2,Melle,50.9986113,3.8040599,0.6077747360944444,51.00340020980556,3.799873166250796,2024,7,21,44040,Melle,Normaal,Droog,Dageraad - schemering,Met doden,3,Fiets,10,"één bestuurder, geen hindernis",Buiten Kruispunt,Gemeenteweg,binnen bebouwde kom,"Eén bestuurder, geen hindernis (incl. val)",Geen hindernis
48385,117,Melle teller 1,Melle,50.9986113,3.8040599,0.6077747360944444,51.00340020980556,3.799873166250796,2024,7,21,44040,Melle,Normaal,Droog,Dageraad - schemering,Met doden,3,Fiets,10,"één bestuurder, geen hindernis",Buiten Kruispunt,Gemeenteweg,binnen bebouwde kom,"Eén bestuurder, geen hindernis (incl. val)",Geen hindernis
48389,6,Evergem 2,Evergem,51.10894,3.70298,0.3508510034540492,51.110632070562076,3.698738073941746,2024,7,19,44019,Evergem,Normaal,Droog,Dag,met lichtgewonden,3,Fiets,9,personenauto,Op Kruispunt,Gemeenteweg,binnen bebouwde kom,Tussen 2 bestuurders: Flank tegen flank,Geen hindernis