crash_row_id,site_id,site_name,site_gemeente,site_lat,site_long,distance_km,crash_lat,crash_long,DT_YEAR_COLLISION,DT_MONTH_COLLISION,DT_TIME,CD_NIS,TX_MUNTY_COLLISION_NL,TX_WEATHER_NL,TX_ROAD_CONDITION_NL,TX_LIGHT_CONDITION_NL,TX_CLASS_ACCIDENTS_NL,CD_ROAD_USR_TYPE1,TX_ROAD_USR_TYPE1_NL,CD_ROAD_USR_TYPE2,TX_ROAD_USR_TYPE2_NL,TX_CROSSWAY_NL,CD_ROAD_TYPE_NL,TX_BUILD_UP_AREA_NL,TX_COLLISION_TYPE_NL,TX_OBSTACLES_NL
48389,7,Evergem 1,Evergem,51.1089,3.70317,0.3644474233868932,51.110632070562076,3.698738073941746,2024,7,19,44019,Evergem,Normaal,Droog,Dag,met lichtgewonden,3,Fiets,9,personenauto,Op Kruispunt,Gemeenteweg,binnen bebouwde kom,Tussen 2 bestuurders: Flank tegen flank,Geen hindernis
48391,7,Evergem 1,Evergem,51.1089,3.70317,0.25146386375950863,51.11024196602796,3.7060692836251947,2024,7,22,44019,Evergem,Onbekend,Onbekend,Onbekend,met lichtgewonden,3,Fiets,10,"één bestuurder, geen hindernis",Buiten Kruispunt,Gemeenteweg,binnen bebouwde kom,"Eén bestuurder, geen hindernis (incl. val)",Geen hindernis
48391,6,Evergem 2,Evergem,51.10894,3.70298,0.25975342793181905,51.11024196602796,3.7060692836251947,2024,7,22,44019,Evergem,Onbekend,Onbekend,Onbekend,met lichtgewonden,3,Fiets,10,"één bestuurder, geen hindernis",Buiten Kruispunt,Gemeenteweg,binnen bebouwde kom,"Eén bestuurder, geen hindernis (incl. val)",Geen hindernis
48395,6,Evergem 2,Evergem,51.10894,3.70298,2.2812857235921222,51.12167329131185,3.6773546616697317,2024,7,19,44019,Evergem,Normaal,Onbekend,Dag,met lichtgewonden,9,personenauto,3,Fiets,Buiten Kruispunt,Gewestweg,binnen bebouwde kom,Tss. 2 best.: langs opzij (voor-/achterkant-flank),Geen hindernis
48395,7,Evergem 1,Evergem,51.1089,3.70317,2.2944508182284595,51.12167329131185,3.6773546616697317,2024,7,19,44019,Evergem,Normaal,Onbekend,Dag,met lichtgewonden,9,personenauto,3,Fiets,Buiten Kruispunt,Gewestweg,binnen bebouwde kom,Tss. 2 best.: langs opzij (voor-/achterkant-flank),Geen hindernis
48398,7,Evergem 1,Evergem,51.1089,3.70317,1.4267805496721089,51.11079631155452,3.723383212517818,2024,7,17,44019,Evergem,Normaal,Droog,Dag,met lichtgewonden,3,Fiets,9,personenauto,Op Kruispunt,Gemeenteweg,binnen bebouwde kom,Tss. 2 best.: langs opzij (voor-/achterkant-flank),Geen hindernis
48398,6,Evergem 2,Evergem,51.10894,3.70298,1.4392551799767659,51.11079631155452,3.723383212517818,2024,7,17,44019,Evergem,Normaal,Droog,Dag,met lichtgewonden,3,Fiets,9,personenauto,Op Kruispunt,Gemeenteweg,binnen bebouwde kom,Tss. 2 best.: langs opzij (voor-/achterkant-flank),Geen hindernis
48429,126,Hamme totem,Hamme,51.1017709,4.1469307,1.8227282054414804,51.114439066797324,4.163499788756938,2024,7,14,46025,Temse,Normaal,Droog,Dag,met zwaargewonden,9,personenauto,3,Fiets,Op Kruispunt,Gemeenteweg,binnen bebouwde kom,Tss. 2 best.: langs opzij (voor-/achterkant-flank),Geen hindernis
48433,141,Test site A support,Lokeren,51.08342085,3.9961071208376326,1.2138231303402327,51.08874618920894,4.011277162260027,2024,7,23,46014,Lokeren,Normaal,Droog,"Nacht, openbare verlichting aanwezig en ontstoken",met lichtgewonden,3,Fiets,10,"één bestuurder, geen hindernis",Buiten Kruispunt,Gemeenteweg,binnen bebouwde kom,"Eén bestuurder, geen hindernis (incl. val)",Geen hindernis
48434,128,Lokeren teller 1,Lokeren,51.09644,3.97023,1.873534442957381,51.111184152751854,3.983217318997375,2024,7,16,46014,Lokeren,Normaal,Droog,Dag,met lichtgewonden,3,Fiets,3,Fiets,Op Kruispunt,Gewestweg,buiten bebouwde kom,Tss. 2 best.: langs opzij (voor-/achterkant-flank),Geen hindernis
48434,129,Lokeren teller 2,Lokeren,51.09612,3.97025,1.904086497624139,51.111184152751854,3.983217318997375,2024,7,16,46014,Lokeren,Normaal,Droog,Dag,met lichtgewonden,3,Fiets,3,Fiets,Op Kruispunt,Gewestweg,buiten bebouwde kom,Tss. 2 best.: langs opzij (voor-/achterkant-flank),Geen hindernis
48435,141,Test site A support,Lokeren,51.08342085,3.9961071208376326,1.5701983880595611,51.09748768433527,3.9980768392770307,2024,7,16,46014,Lokeren,Normaal,Droog,Dag,met lichtgewonden,5,Lichte vrachtauto,3,Fiets,Op Kruispunt,Gewestweg,binnen bebouwde kom,Tss. 2 best.: langs opzij (voor-/achterkant-flank),Geen hindernis
48435,128,Lokeren teller 1,Lokeren,51.09644,3.97023,1.9480560940469174,51.09748768433527,3.9980768392770307,2024,7,16,46014,Lokeren,Normaal,Droog,Dag,met lichtgewonden,5,Lichte vrachtauto,3,Fiets,Op Kruispunt,Gewestweg,binnen bebouwde kom,Tss. 2 best.: langs opzij (voor-/achterkant-flank),Geen hindernis
48435,129,Lokeren teller 2,Lokeren,51.09612,3.97025,1.9491217473731939,51.09748768433527,3.9980768392770307,2024,7,16,46014,Lokeren,Normaal,Droog,Dag,met lichtgewonden,5,Lichte vrachtauto,3,Fiets,Op Kruispunt,Gewestweg,binnen bebouwde kom,Tss. 2 best.: langs opzij (voor-/achterkant-flank),Geen hindernis
48436,128,Lokeren teller 1,Lokeren,51.09644,3.97023,1.1886674373527324,51.10067573874882,3.9858593459575564,2024,7,16,46014,Lokeren,Normaal,Droog,Dag,met lichtgewonden,3,Fiets,11,een weggebruiker tegen een hindernis,Buiten Kruispunt,Gewestweg,binnen bebouwde kom,Weggebruiker tegen hindernis op de rijbaan,"Op de rijbaan: Put, straatgoot, tramspoor"
48436,129,Lokeren teller 2,Lokeren,51.09612,3.97025,1.2019468677256346,51.10067573874882,3.9858593459575564,2024,7,16,46014,Lokeren,Normaal,Droog,Dag,met lichtgewonden,3,Fiets,11,een weggebruiker tegen een hindernis,Buiten Kruispunt,Gewestweg,binnen bebouwde kom,Weggebruiker tegen hindernis op de rijbaan,"Op de rijbaan: Put, straatgoot, tramspoor"
48436,141,Test site A support,Lokeren,51.08342085,3.9961071208376326,2.0477913768960216,51.10067573874882,3.9858593459575564,2024,7,16,46014,Lokeren,Normaal,Droog,Dag,met lichtgewonden,3,Fiets,11,een weggebruiker tegen een hindernis,Buiten Kruispunt,Gewestweg,binnen bebouwde kom,Weggebruiker tegen hindernis op de rijbaan,"Op de rijbaan: Put, straatgoot, tramspoor"
48437,141,Test site A support,Lokeren,51.08342085,3.9961071208376326,1.4765518563816338,51.096677614883234,3.994885553523182,2024,7,11,46014,Lokeren,"Andere (dikke rook,...)",Droog,Dag,met lichtgewonden,3,Fiets,8,Voetganger,Buiten Kruispunt,Gewestweg,binnen bebouwde kom,Met een voetganger,Geen hindernis
48437,129,Lokeren teller 2,Lokeren,51.09612,3.97025,1.7214606830591141,51.096677614883234,3.994885553523182,2024,7,11,46014,Lokeren,"Andere (dikke rook,...)",Droog,Dag,met lichtgewonden,3,Fiets,8,Voetganger,Buiten Kruispunt,Gewestweg,binnen bebouwde kom,Met een voetganger,Geen hindernis
48437,128,Lokeren teller 1,Lokeren,51.09644,3.97023,1.7219370813872832,51.096677614883234,3.994885553523182,2024,7,11,46014,Lokeren,"Andere (dikke rook,...)",Droog,Dag,met lichtgewonden,3,Fiets,8,Voetganger,Buiten Kruispunt,Gewestweg,binnen bebouwde kom,Met een voetganger,Geen hindernis
48440,128,Lokeren teller 1,Lokeren,51.09644,3.97023,1.1632550039288745,51.09922990333021,3.986285176214153,2024,7,17,46014,Lokeren,Normaal,Droog,Dag,met lichtgewonden,9,personenauto,3,Fiets,Op Kruispunt,Gemeenteweg,binnen bebouwde kom,Tss. 2 best.: langs opzij (voor-/achterkant-flank),Geen hindernis
48440,129,Lokeren teller 2,Lokeren,51.09612,3.97025,1.171914833494316,51.09922990333021,3.986285176214153,2024,7,17,46014,Lokeren,Normaal,Droog,Dag,met lichtgewonden,9,personenauto,3,Fiets,Op Kruispunt,Gemeenteweg,binnen bebouwde kom,Tss. 2 best.: langs opzij (voor-/achterkant-flank),Geen hindernis
48440,141,Test site A support,Lokeren,51.08342085,3.9961071208376326,1.886982903547078,51.09922990333021,3.986285176214153,2024,7,17,46014,Lokeren,Normaal,Droog,Dag,met lichtgewonden,9,personenauto,3,Fiets,Op Kruispunt,Gemeenteweg,binnen bebouwde kom,Tss. 2 best.: langs opzij (voor-/achterkant-flank),Geen hindernis
48441,128,Lokeren teller 1,Lokeren,51.09644,3.97023,0.9863667145754788,51.10465101418974,3.9755753261254436,2024,7,18,46014,Lokeren,Normaal,Droog,Dag,met lichtgewonden,3,Fiets,9,personenauto,Buiten Kruispunt,Gemeenteweg,binnen bebouwde kom,Tussen 2 bestuurders: Frontale botsing,Geen hindernis
48441,129,Lokeren teller 2,Lokeren,51.09612,3.97025,1.0188821849450282,51.10465101418974,3.9755753261254436,2024,7,18,46014,Lokeren,Normaal,Droog,Dag,met lichtgewonden,3,Fiets,9,personenauto,Buiten Kruispunt,Gemeenteweg,binnen bebouwde kom,Tussen 2 bestuurders: Frontale botsing,Geen hindernis
48442,126,Hamme totem,Hamme,51.1017709,4.1469307,1.8308078163659456,51.09160898062314,4.126302310192391,2024,7,20,42008,Hamme,Normaal,"Vuil (zand, grint, bladeren,...)",Dag,met lichtgewonden,3,Fiets,9,personenauto,Buiten Kruispunt,Gemeenteweg,binnen bebouwde kom,Tussen 2 bestuurders: Langs achteren,Geen hindernis
48446,120,Zele teller 1,Zele,51.0607671,4.0547741,2.464699754453571,51.080366279367816,4.038297918891672,2024,7,17,42028,Zele,Normaal,Droog,Dag,met lichtgewonden,3,Fiets,10,"één bestuurder, geen hindernis",Buiten Kruispunt,Gemeenteweg,binnen bebouwde kom,"Eén bestuurder, geen hindernis (incl. val)",Geen hindernis
48465,11,Aalst 3,Aalst,50.93385,4.01647,0.06176513268917769,50.933418398648,4.015915173573888,2024,7,9,41002,Aalst,Normaal,Droog,Dag,met lichtgewonden,1,Autobus,3,Fiets,Buiten Kruispunt,Gewestweg,buiten bebouwde kom,Tss. 2 best.: langs opzij (voor-/achterkant-flank),Geen hindernis
48465,19,Aalst 1,Aalst,50.93433,4.01471,0.13193777193197367,50.933418398648,4.015915173573888,2024,7,9,41002,Aalst,Normaal,Droog,Dag,met lichtgewonden,1,Autobus,3,Fiets,Buiten Kruispunt,Gewestweg,buiten bebouwde kom,Tss. 2 best.: langs opzij (voor-/achterkant-flank),Geen hindernis
48465,10,Aalst 2,Aalst,50.93549,4.01571,0.23079982916820233,50.933418398648,4.015915173573888,2024,7,9,41002,Aalst,Normaal,Droog,Dag,met lichtgewonden,1,Autobus,3,Fiets,Buiten Kruispunt,Gewestweg,buiten bebouwde kom,Tss. 2 best.: langs opzij (voor-/achterkant-flank),Geen hindernis
48466,11,Aalst 3,Aalst,50.93385,4.01647,1.0540987159422999,50.93441690318401,4.031485186749308,2024,7,10,41002,Aalst,Onbekend,Droog,Dag,met zwaargewonden,3,Fiets,8,Voetganger,Buiten Kruispunt,Gemeenteweg,binnen bebouwde kom,Met een voetganger,Geen hindernis
48466,10,Aalst 2,Aalst,50.93549,4.01571,1.1118720883256326,50.93441690318401,4.031485186749308,2024,7,10,41002,Aalst,Onbekend,Droog,Dag,met zwaargewonden,3,Fiets,8,Voetganger,Buiten Kruispunt,Gemeenteweg,binnen bebouwde kom,Met een voetganger,Geen hindernis
48466,19,Aalst 1,Aalst,50.93433,4.01471,1.175580520453259,50.93441690318401,4.031485186749308,2024,7,10,41002,Aalst,Onbekend,Droog,Dag,met zwaargewonden,3,Fiets,8,Voetganger,Buiten Kruispunt,Gemeenteweg,binnen bebouwde kom,Met een voetganger,Geen hindernis
48469,152,Opwijk,District Vilvoorde-gewestwegen,50.968901168564656,4.149169474840164,1.4185209577988946,50.963021403984484,4.131192988383598,2024,7,17,41002,Aalst,Normaal,Droog,Dag,met lichtgewonden,9,personenauto,3,Fiets,Buiten Kruispunt,Gemeenteweg,binnen bebouwde kom,Tss. 2 best.: langs opzij (voor-/achterkant-flank),Geen hindernis
48471,10,Aalst 2,Aalst,50.93549,4.01571,2.1292828533283776,50.94168081227376,4.044466124075018,2024,7,13,41002,Aalst,Mist (zichtbaarheid minder dan 100m),"Nat, plassen",Dag,met lichtgewonden,9,personenauto,3,Fiets,Buiten Kruispunt,Gemeenteweg,binnen bebouwde kom,Tss. 2 best.: langs opzij (voor-/achterkant-flank),Geen hindernis
48471,11,Aalst 3,Aalst,50.93385,4.01647,2.146284483106995,50.94168081227376,4.044466124075018,2024,7,13,41002,Aalst,Mist (zichtbaarheid minder dan 100m),"Nat, plassen",Dag,met lichtgewonden,9,personenauto,3,Fiets,Buiten Kruispunt,Gemeenteweg,binnen bebouwde kom,Tss. 2 best.: langs opzij (voor-/achterkant-flank),Geen hindernis
48471,19,Aalst 1,Aalst,50.93433,4.01471,2.2395218873117484,50.94168081227376,4.044466124075018,2024,7,13,41002,Aalst,Mist (zichtbaarheid minder dan 100m),"Nat, plassen",Dag,met lichtgewonden,9,personenauto,3,Fiets,Buiten Kruispunt,Gemeenteweg,binnen bebouwde kom,Tss. 2 best.: langs opzij (voor-/achterkant-flank),Geen hindernis
48476,125,Dendermonde totem,Dendermonde,51.0372706,4.1025998,0.7017827830457831,51.03362431088362,4.110791709947675,2024,7,14,42006,Dendermonde,Normaal,Droog,Dag,met lichtgewonden,9,personenauto,3,Fiets,Buiten Kruispunt,Gewestweg,buiten bebouwde kom,Tss. 2 best.: langs opzij (voor-/achterkant-flank),Geen hindernis
48476,122,Dendermonde teller 2,Dendermonde,51.0373918,4.1019222,0.7484201346827225,51.03362431088362,4.110791709947675,2024,7,14,42006,Dendermonde,Normaal,Droog,Dag,met lichtgewonden,9,personenauto,3,Fiets,Buiten Kruispunt,Gewestweg,buiten bebouwde kom,Tss. 2 best.: langs opzij (voor-/achterkant-flank),Geen hindernis
48477,125,Dendermonde totem,Dendermonde,51.0372706,4.1025998,1.900426276247959,51.02177483247866,4.114063619639029,2024,7,15,42006,Dendermonde,Normaal,Droog,Dag,met lichtgewonden,9,personenauto,3,Fiets,Op Kruispunt,Gemeenteweg,binnen bebouwde kom,Tussen 2 bestuurders: Frontale botsing,Geen hindernis
48477,122,Dendermonde teller 2,Dendermonde,51.0373918,4.1019222,1.932994231615617,51.02177483247866,4.114063619639029,2024,7,15,42006,Dendermonde,Normaal,Droog,Dag,met lichtgewonden,9,personenauto,3,Fiets,Op Kruispunt,Gemeenteweg,binnen bebouwde kom,Tussen 2 bestuurders: Frontale botsing,Geen hindernis
48478,125,Dendermonde totem,Dendermonde,51.0372706,4.1025998,0.653261209194092,51.03289189191012,4.108828422013522,2024,7,13,42006,Dendermonde,Normaal,Droog,Dag,met lichtgewonden,9,personenauto,3,Fiets,Op Kruispunt,Gewestweg,binnen bebouwde kom,Tss. 2 best.: langs opzij (voor-/achterkant-flank),Geen hindernis
48478,122,Dendermonde teller 2,Dendermonde,51.0373918,4.1019222,0.6953928845324053,51.03289189191012,4.108828422013522,2024,7,13,42006,Dendermonde,Normaal,Droog,Dag,met lichtgewonden,9,personenauto,3,Fiets,Op Kruispunt,Gewestweg,binnen bebouwde kom,Tss. 2 best.: langs opzij (voor-/achterkant-flank),Geen hindernis
48479,125,Dendermonde totem,Dendermonde,51.0372706,4.1025998,0.8570648690093521,51.03459330714669,4.11409387096415,2024,7,9,42006,Dendermonde,Normaal,Droog,Dag,met lichtgewonden,3,Fiets,9,personenauto,Buiten Kruispunt,Gewestweg,binnen bebouwde kom,Tss. 2 best.: langs opzij (voor-/achterkant-flank),Geen hindernis
48479,122,Dendermonde teller 2,Dendermonde,51.0373918,4.1019222,0.9061828134318975,51.03459330714669,4.11409387096415,2024,7,9,42006,Dendermonde,Normaal,Droog,Dag,met lichtgewonden,3,Fiets,9,personenauto,Buiten Kruispunt,Gewestweg,binnen bebouwde kom,Tss. 2 best.: langs opzij (voor-/achterkant-flank),Geen hindernis
48480,122,Dendermonde teller 2,Dendermonde,51.0373918,4.1019222,1.3337185008525156,51.03203664918912,4.084855176672351,2024,7,17,42006,Dendermonde,Normaal,Droog,Dag,met lichtgewonden,3,Fiets,10,"één bestuurder, geen hindernis",Buiten Kruispunt,Gewestweg,binnen bebouwde kom,"Eén bestuurder, geen hindernis (incl. val)",Geen hindernis
48480,125,Dendermonde totem,Dendermonde,51.0372706,4.1025998,1.3705020065132163,51.03203664918912,4.084855176672351,2024,7,17,42006,Dendermonde,Normaal,Droog,Dag,met lichtgewonden,3,Fiets,10,"één bestuurder, geen hindernis",Buiten Kruispunt,Gewestweg,binnen bebouwde kom,"Eén bestuurder, geen hindernis (incl. val)",Geen hindernis
48481,122,Dendermonde teller 2,Dendermonde,51.0373918,4.1019222,1.3507473124129277,51.032053941014816,4.0845699590683875,2024,7,12,42006,Dendermonde,Normaal,Droog,Dag,met lichtgewonden,9,personenauto,3,Fiets,Buiten Kruispunt,Gewestweg,binnen bebouwde kom,Tussen 2 bestuurders: Frontale botsing,Geen hindernis
48481,125,Dendermonde totem,Dendermonde,51.0372706,4.1025998,1.387779104418376,51.032053941014816,4.0845699590683875,2024,7,12,42006,Dendermonde,Normaal,Droog,Dag,met lichtgewonden,9,personenauto,3,Fiets,Buiten Kruispunt,Gewestweg,binnen bebouwde kom,Tussen 2 bestuurders: Frontale botsing,Geen hindernis
48482,125,Dendermonde totem,Dendermonde,51.0372706,4.1025998,1.499341927267591,51.02414740664732,4.097673791067482,2024,7,15,42006,Dendermonde,Normaal,Droog,Dag,met lichtgewonden,9,personenauto,3,Fiets,Op Kruispunt,Gemeenteweg,binnen bebouwde kom,Tussen 2 bestuurders: Langs achteren,Geen hindernis
48482,122,Dendermonde teller 2,Dendermonde,51.0373918,4.1019222,1.5023774776627843,51.02414740664732,4.097673791067482,2024,7,15,42006,Dendermonde,Normaal,Droog,Dag,met lichtgewonden,9,personenauto,3,Fiets,Op Kruispunt,Gemeenteweg,binnen bebouwde kom,Tussen 2 bestuurders: Langs achteren,Geen hindernis
48483,125,Dendermonde totem,Dendermonde,51.0372706,4.1025998,1.610399047988373,51.029333231779376,4.121862757557627,2024,7,14,42006,Dendermonde,Normaal,Droog,Dag,met lichtgewonden,9,personenauto,3,Fiets,Op Kruispunt,Gemeenteweg,binnen bebouwde kom,Tss. 2 best.: langs opzij (voor-/achterkant-flank),Geen hindernis
48483,122,Dendermonde teller 2,Dendermonde,51.0373918,4.1019222,1.6574813751172106,51.029333231779376,4.121862757557627,2024,7,14,42006,Dendermonde,Normaal,Droog,Dag,met lichtgewonden,9,personenauto,3,Fiets,Op Kruispunt,Gemeenteweg,binnen bebouwde kom,Tss. 2 best.: langs opzij (voor-/achterkant-flank),Geen hindernis
48484,122,Dendermonde teller 2,Dendermonde,51.0373918,4.1019222,1.1608000186747707,51.045563187260726,4.091589499740057,2024,7,14,42006,Dendermonde,Normaal,Droog,Dag,met lichtgewonden,9,personenauto,3,Fiets,Op Kruispunt,Gewestweg,buiten bebouwde kom,Tussen 2 bestuurders: Frontale botsing,Geen hindernis
48484,125,Dendermonde totem,Dendermonde,51.0372706,4.1025998,1.2011750905604759,51.045563187260726,4.091589499740057,2024,7,14,42006,Dendermonde,Normaal,Droog,Dag,met lichtgewonden,9,personenauto,3,Fiets,Op Kruispunt,Gewestweg,buiten bebouwde kom,Tussen 2 bestuurders: Frontale botsing,Geen hindernis
48485,142,TEST Validatie BRUGGE Y2H22022134,Brugge,51.22632,3.24095,1.5071539735396446,51.21279687334393,3.242413583548468,2024,7,8,31005,Brugge,Normaal,Droog,Dag,met lichtgewonden,9,personenauto,3,Fiets,Op Kruispunt,Gemeenteweg,binnen bebouwde kom,Tss. 2 best.: langs opzij (voor-/achterkant-flank),Geen hindernis
48485,52,Brugge,Brugge,51.22632,3.24095,1.5071539735396446,51.21279687334393,3.242413583548468,2024,7,8,31005,Brugge,Normaal,Droog,Dag,met lichtgewonden,9,personenauto,3,Fiets,Op Kruispunt,Gemeenteweg,binnen bebouwde kom,Tss. 2 best.: langs opzij (voor-/achterkant-flank),Geen hindernis
48485,54,Brugge teller 2,Brugge,51.23015,3.22818,2.1693048950429765,51.21279687334393,3.242413583548468,2024,7,8,31005,Brugge,Normaal,Droog,Dag,met lichtgewonden,9,personenauto,3,Fiets,Op Kruispunt,Gemeenteweg,binnen bebouwde kom,Tss. 2 best.: langs opzij (voor-/achterkant-flank),Geen hindernis
48485,53,Brugge teller 1,Brugge,51.23023,3.228,2.1829567402772043,51.21279687334393,3.242413583548468,2024,7,8,31005,Brugge,Normaal,Droog,Dag,met lichtgewonden,9,personenauto,3,Fiets,Op Kruispunt,Gemeenteweg,binnen bebouwde kom,Tss. 2 best.: langs opzij (voor-/achterkant-flank),Geen hindernis
48486,142,TEST Validatie BRUGGE Y2H22022134,Brugge,51.22632,3.24095,2.2325120078983156,51.20843604268492,3.2263816135936194,2024,7,17,31005,Brugge,Normaal,Droog,Dag,met lichtgewonden,3,Fiets,8,Voetganger,Buiten Kruispunt,Gemeenteweg,binnen bebouwde kom,Met een voetganger,Geen hindernis
48486,52,Brugge,Brugge,51.22632,3.24095,2.2325120078983156,51.20843604268492,3.2263816135936194,2024,7,17,31005,Brugge,Normaal,Droog,Dag,met lichtgewonden,3,Fiets,8,Voetganger,Buiten Kruispunt,Gemeenteweg,binnen bebouwde kom,Met een voetganger,Geen hindernis
48486,54,Brugge teller 2,Brugge,51.23015,3.22818,2.417728367481835,51.20843604268492,3.2263816135936194,2024,7,17,31005,Brugge,Normaal,Droog,Dag,met lichtgewonden,3,Fiets,8,Voetganger,Buiten Kruispunt,Gemeenteweg,binnen bebouwde kom,Met een voetganger,Geen hindernis
48486,53,Brugge teller 1,Brugge,51.23023,3.228,2.425997296335043,51.20843604268492,3.2263816135936194,2024,7,17,31005,Brugge,Normaal,Droog,Dag,met lichtgewonden,3,Fiets,8,Voetganger,Buiten Kruispunt,Gemeenteweg,binnen bebouwde kom,Met een voetganger,Geen hindernis
48487,53,Brugge teller 1,Brugge,51.23023,3.228,1.64755298968422,51.22336789039598,3.2070304024438308,2024,7,15,31005,Brugge,Normaal,Droog,Dag,met lichtgewonden,9,personenauto,3,Fiets,Op Kruispunt,Gewestweg,binnen bebouwde kom,Tussen 2 bestuurders: Flank tegen flank,Geen hindernis
48487,54,Brugge teller 2,Brugge,51.23015,3.22818,1.6545999046887885,51.22336789039598,3.2070304024438308,2024,7,15,31005,Brugge,Normaal,Droog,Dag,met lichtgewonden,9,personenauto,3,Fiets,Op Kruispunt,Gewestweg,binnen bebouwde kom,Tussen 2 bestuurders: Flank tegen flank,Geen hindernis
48487,52,Brugge,Brugge,51.22632,3.24095,2.384778897185903,51.22336789039598,3.2070304024438308,2024,7,15,31005,Brugge,Normaal,Droog,Dag,met lichtgewonden,9,personenauto,3,Fiets,Op Kruispunt,Gewestweg,binnen bebouwde kom,Tussen 2 bestuurders: Flank tegen flank,Geen hindernis
48487,142,TEST Validatie BRUGGE Y2H22022134,Brugge,51.22632,3.24095,2.384778897185903,51.22336789039598,3.2070304024438308,2024,7,15,31005,Brugge,Normaal,Droog,Dag,met lichtgewonden,9,personenauto,3,Fiets,Op Kruispunt,Gewestweg,binnen bebouwde kom,Tussen 2 bestuurders: Flank tegen flank,Geen hindernis
48489,142,TEST Validatie BRUGGE Y2H22022134,Brugge,51.22632,3.24095,2.2744165649499437,51.20845899381004,3.2250358029780495,2024,7,18,31005,Brugge,Normaal,Droog,Dag,met lichtgewonden,2,Andere weggebruiker,3,Fiets,Op Kruispunt,Gemeenteweg,binnen bebouwde kom,Tss. 2 best.: langs opzij (voor-/achterkant-flank),Geen hindernis
48489,52,Brugge,Brugge,51.22632,3.24095,2.2744165649499437,51.20845899381004,3.2250358029780495,2024,7,18,31005,Brugge,Normaal,Droog,Dag,met lichtgewonden,2,Andere weggebruiker,3,Fiets,Op Kruispunt,Gemeenteweg,binnen bebouwde kom,Tss. 2 best.: langs opzij (voor-/achterkant-flank),Geen hindernis
48489,54,Brugge teller 2,Brugge,51.23015,3.22818,2.4218501350574635,51.20845899381004,3.2250358029780495,2024,7,18,31005,Brugge,Normaal,Droog,Dag,met lichtgewonden,2,Andere weggebruiker,3,Fiets,Op Kruispunt,Gemeenteweg,binnen bebouwde kom,Tss. 2 best.: langs opzij (voor-/achterkant-flank),Geen hindernis
48489,53,Brugge teller 1,Brugge,51.23023,3.228,2.4296121065909837,51.20845899381004,3.2250358029780495,2024,7,18,31005,Brugge,Normaal,Droog,Dag,met lichtgewonden,2,Andere weggebruiker,3,Fiets,Op Kruispunt,Gemeenteweg,binnen bebouwde kom,Tss. 2 best.: langs opzij (voor-/achterkant-flank),Geen hindernis
48491,50,"Brugge, Sint-Andries",Brugge,51.19291,3.16252,1.565290189776133,51.1977222837068,3.183629909672248,2024,7,10,31005,Brugge,Normaal,Droog,Dag,met zwaargewonden,9,personenauto,3,Fiets,Buiten Kruispunt,Gewestweg,binnen bebouwde kom,Tussen 2 bestuurders: Flank tegen flank,Geen hindernis
48491,51,"Brugge, Sint-Andries",Brugge,51.19281,3.16252,1.569127729814015,51.1977222837068,3.183629909672248,2024,7,10,31005,Brugge,Normaal,Droog,Dag,met zwaargewonden,9,personenauto,3,Fiets,Buiten Kruispunt,Gewestweg,binnen bebouwde kom,Tussen 2 bestuurders: Flank tegen flank,Geen hindernis
48493,20,Brugge,Brugge,51.17416,3.20048,1.767262725679566,51.18840207706758,3.1892266401075946,2024,7,9,31005,Brugge,Normaal,Droog,Dag,met lichtgewonden,3,Fiets,3,Fiets,Buiten Kruispunt,Gemeenteweg,binnen bebouwde kom,Tussen 2 bestuurders: Flank tegen flank,Geen hindernis
48493,51,"Brugge, Sint-Andries",Brugge,51.19281,3.16252,1.9246261535328513,51.18840207706758,3.1892266401075946,2024,7,9,31005,Brugge,Normaal,Droog,Dag,met lichtgewonden,3,Fiets,3,Fiets,Buiten Kruispunt,Gemeenteweg,binnen bebouwde kom,Tussen 2 bestuurders: Flank tegen flank,Geen hindernis
48493,50,"Brugge, Sint-Andries",Brugge,51.19291,3.16252,1.92748596449239,51.18840207706758,3.1892266401075946,2024,7,9,31005,Brugge,Normaal,Droog,Dag,met lichtgewonden,3,Fiets,3,Fiets,Buiten Kruispunt,Gemeenteweg,binnen bebouwde kom,Tussen 2 bestuurders: Flank tegen flank,Geen hindernis
48494,54,Brugge teller 2,Brugge,51.23015,3.22818,0.9434667991037783,51.222885705024744,3.2211790847823027,2024,7,18,31005,Brugge,Normaal,Droog,Dag,met lichtgewonden,5,Lichte vrachtauto,3,Fiets,Buiten Kruispunt,Gemeenteweg,binnen bebouwde kom,Tss. 2 best.: langs opzij (voor-/achterkant-flank),Geen hindernis
48494,53,Brugge teller 1,Brugge,51.23023,3.228,0.9447302005131696,51.222885705024744,3.2211790847823027,2024,7,18,31005,Brugge,Normaal,Droog,Dag,met lichtgewonden,5,Lichte vrachtauto,3,Fiets,Buiten Kruispunt,Gemeenteweg,binnen bebouwde kom,Tss. 2 best.: langs opzij (voor-/achterkant-flank),Geen hindernis
48494,52,Brugge,Brugge,51.22632,3.24095,1.4287841074603815,51.222885705024744,3.2211790847823027,2024,7,18,31005,Brugge,Normaal,Droog,Dag,met lichtgewonden,5,Lichte vrachtauto,3,Fiets,Buiten Kruispunt,Gemeenteweg,binnen bebouwde kom,Tss. 2 best.: langs opzij (voor-/achterkant-flank),Geen hindernis