crash_row_id,site_id,site_name,site_gemeente,site_lat,site_long,distance_km,crash_lat,crash_long,DT_YEAR_COLLISION,DT_MONTH_COLLISION,DT_TIME,CD_NIS,TX_MUNTY_COLLISION_NL,TX_WEATHER_NL,TX_ROAD_CONDITION_NL,TX_LIGHT_CONDITION_NL,TX_CLASS_ACCIDENTS_NL,CD_ROAD_USR_TYPE1,TX_ROAD_USR_TYPE1_NL,CD_ROAD_USR_TYPE2,TX_ROAD_USR_TYPE2_NL,TX_CROSSWAY_NL,CD_ROAD_TYPE_NL,TX_BUILD_UP_AREA_NL,TX_COLLISION_TYPE_NL,TX_OBSTACLES_NL
48494,142,TEST Validatie BRUGGE Y2H22022134,Brugge,51.22632,3.24095,1.4287841074603815,51.222885705024744,3.2211790847823027,2024,7,18,31005,Brugge,Normaal,Droog,Dag,met lichtgewonden,5,Lichte vrachtauto,3,Fiets,Buiten Kruispunt,Gemeenteweg,binnen bebouwde kom,Tss. 2 best.: langs opzij (voor-/achterkant-flank),Geen hindernis
48496,20,Brugge,Brugge,51.17416,3.20048,1.4748628555402055,51.185852641582734,3.1904911833988625,2024,7,7,31005,Brugge,Normaal,Droog,Dag,met lichtgewonden,3,Fiets,3,Fiets,Op Kruispunt,Gewestweg,binnen bebouwde kom,Tss. 2 best.: langs opzij (voor-/achterkant-flank),Geen hindernis
48496,51,"Brugge, Sint-Andries",Brugge,51.19281,3.16252,2.09724832294375,51.185852641582734,3.1904911833988625,2024,7,7,31005,Brugge,Normaal,Droog,Dag,met lichtgewonden,3,Fiets,3,Fiets,Op Kruispunt,Gewestweg,binnen bebouwde kom,Tss. 2 best.: langs opzij (voor-/achterkant-flank),Geen hindernis
48496,50,"Brugge, Sint-Andries",Brugge,51.19291,3.16252,2.101373482857757,51.185852641582734,3.1904911833988625,2024,7,7,31005,Brugge,Normaal,Droog,Dag,met lichtgewonden,3,Fiets,3,Fiets,Op Kruispunt,Gewestweg,binnen bebouwde kom,Tss. 2 best.: langs opzij (voor-/achterkant-flank),Geen hindernis
48498,53,Brugge teller 1,Brugge,51.23023,3.228,1.363173265296157,51.22053425171875,3.216020582097267,2024,7,18,31005,Brugge,Normaal,Droog,Dag,met lichtgewonden,9,personenauto,3,Fiets,Op Kruispunt,Gewestweg,binnen bebouwde kom,Tss. 2 best.: langs opzij (voor-/achterkant-flank),Geen hindernis
48498,54,Brugge teller 2,Brugge,51.23015,3.22818,1.3638954509751129,51.22053425171875,3.216020582097267,2024,7,18,31005,Brugge,Normaal,Droog,Dag,met lichtgewonden,9,personenauto,3,Fiets,Op Kruispunt,Gewestweg,binnen bebouwde kom,Tss. 2 best.: langs opzij (voor-/achterkant-flank),Geen hindernis
48498,52,Brugge,Brugge,51.22632,3.24095,1.851448106868547,51.22053425171875,3.216020582097267,2024,7,18,31005,Brugge,Normaal,Droog,Dag,met lichtgewonden,9,personenauto,3,Fiets,Op Kruispunt,Gewestweg,binnen bebouwde kom,Tss. 2 best.: langs opzij (voor-/achterkant-flank),Geen hindernis
48498,142,TEST Validatie BRUGGE Y2H22022134,Brugge,51.22632,3.24095,1.851448106868547,51.22053425171875,3.216020582097267,2024,7,18,31005,Brugge,Normaal,Droog,Dag,met lichtgewonden,9,personenauto,3,Fiets,Op Kruispunt,Gewestweg,binnen bebouwde kom,Tss. 2 best.: langs opzij (voor-/achterkant-flank),Geen hindernis
48499,20,Brugge,Brugge,51.17416,3.20048,1.9296783524556504,51.17861695437626,3.2272326806476745,2024,7,18,31005,Brugge,Normaal,Droog,Dag,met lichtgewonden,9,personenauto,3,Fiets,Op Kruispunt,Gewestweg,binnen bebouwde kom,Tss. 2 best.: langs opzij (voor-/achterkant-flank),Geen hindernis
48501,51,"Brugge, Sint-Andries",Brugge,51.19281,3.16252,2.4228533287043033,51.17112224259058,3.1658709658257154,2024,7,18,31005,Brugge,Normaal,Droog,Dag,met lichtgewonden,3,Fiets,9,personenauto,Buiten Kruispunt,Gemeenteweg,buiten bebouwde kom,Tussen 2 bestuurders: Frontale botsing,Geen hindernis
48501,50,"Brugge, Sint-Andries",Brugge,51.19291,3.16252,2.4339212427140047,51.17112224259058,3.1658709658257154,2024,7,18,31005,Brugge,Normaal,Droog,Dag,met lichtgewonden,3,Fiets,9,personenauto,Buiten Kruispunt,Gemeenteweg,buiten bebouwde kom,Tussen 2 bestuurders: Frontale botsing,Geen hindernis
48501,20,Brugge,Brugge,51.17416,3.20048,2.436351239316984,51.17112224259058,3.1658709658257154,2024,7,18,31005,Brugge,Normaal,Droog,Dag,met lichtgewonden,3,Fiets,9,personenauto,Buiten Kruispunt,Gemeenteweg,buiten bebouwde kom,Tussen 2 bestuurders: Frontale botsing,Geen hindernis
48502,142,TEST Validatie BRUGGE Y2H22022134,Brugge,51.22632,3.24095,2.396819461766714,51.20635683067202,3.227970889945413,2024,7,18,31005,Brugge,Normaal,Droog,Dag,met lichtgewonden,9,personenauto,3,Fiets,Op Kruispunt,Gemeenteweg,binnen bebouwde kom,Tss. 2 best.: langs opzij (voor-/achterkant-flank),Geen hindernis
48502,52,Brugge,Brugge,51.22632,3.24095,2.396819461766714,51.20635683067202,3.227970889945413,2024,7,18,31005,Brugge,Normaal,Droog,Dag,met lichtgewonden,9,personenauto,3,Fiets,Op Kruispunt,Gemeenteweg,binnen bebouwde kom,Tss. 2 best.: langs opzij (voor-/achterkant-flank),Geen hindernis
48503,53,Brugge teller 1,Brugge,51.23023,3.228,1.7566053268392348,51.219916224430165,3.2088928107203096,2024,7,8,31005,Brugge,Normaal,Droog,Dag,met lichtgewonden,3,Fiets,9,personenauto,Buiten Kruispunt,Gewestweg,binnen bebouwde kom,Tss. 2 best.: langs opzij (voor-/achterkant-flank),Geen hindernis
48503,54,Brugge teller 2,Brugge,51.23015,3.22818,1.7603564031672971,51.219916224430165,3.2088928107203096,2024,7,8,31005,Brugge,Normaal,Droog,Dag,met lichtgewonden,3,Fiets,9,personenauto,Buiten Kruispunt,Gewestweg,binnen bebouwde kom,Tss. 2 best.: langs opzij (voor-/achterkant-flank),Geen hindernis
48503,52,Brugge,Brugge,51.22632,3.24095,2.343279124508882,51.219916224430165,3.2088928107203096,2024,7,8,31005,Brugge,Normaal,Droog,Dag,met lichtgewonden,3,Fiets,9,personenauto,Buiten Kruispunt,Gewestweg,binnen bebouwde kom,Tss. 2 best.: langs opzij (voor-/achterkant-flank),Geen hindernis
48503,142,TEST Validatie BRUGGE Y2H22022134,Brugge,51.22632,3.24095,2.343279124508882,51.219916224430165,3.2088928107203096,2024,7,8,31005,Brugge,Normaal,Droog,Dag,met lichtgewonden,3,Fiets,9,personenauto,Buiten Kruispunt,Gewestweg,binnen bebouwde kom,Tss. 2 best.: langs opzij (voor-/achterkant-flank),Geen hindernis
48511,142,TEST Validatie BRUGGE Y2H22022134,Brugge,51.22632,3.24095,2.4233092900974147,51.241080091287984,3.2665574943187528,2024,7,16,31006,Damme,Normaal,Droog,Dag,met zwaargewonden,3,Fiets,10,"één bestuurder, geen hindernis",Buiten Kruispunt,Gemeenteweg,binnen bebouwde kom,"Eén bestuurder, geen hindernis (incl. val)",Geen hindernis
48511,52,Brugge,Brugge,51.22632,3.24095,2.4233092900974147,51.241080091287984,3.2665574943187528,2024,7,16,31006,Damme,Normaal,Droog,Dag,met zwaargewonden,3,Fiets,10,"één bestuurder, geen hindernis",Buiten Kruispunt,Gemeenteweg,binnen bebouwde kom,"Eén bestuurder, geen hindernis (incl. val)",Geen hindernis
48526,18,Oostende 1,Oostende,51.21378,2.92765,2.417043197914855,51.233982216953514,2.9148395420917805,2024,7,21,35013,Oostende,Onbekend,Droog,Dag,met lichtgewonden,8,Voetganger,3,Fiets,Buiten Kruispunt,Gewestweg,binnen bebouwde kom,Met een voetganger,Geen hindernis
48526,15,Oostende 2,Oostende,51.21371,2.92743,2.418683354433154,51.233982216953514,2.9148395420917805,2024,7,21,35013,Oostende,Onbekend,Droog,Dag,met lichtgewonden,8,Voetganger,3,Fiets,Buiten Kruispunt,Gewestweg,binnen bebouwde kom,Met een voetganger,Geen hindernis
48528,15,Oostende 2,Oostende,51.21371,2.92743,1.7830088204146697,51.22409787137788,2.9079275880223885,2024,7,17,35013,Oostende,Normaal,Droog,Dag,met lichtgewonden,3,Fiets,11,een weggebruiker tegen een hindernis,Buiten Kruispunt,Gewestweg,binnen bebouwde kom,Weggebruiker tegen hindernis op de rijbaan,Op de rijbaan: Lading
48528,18,Oostende 1,Oostende,51.21378,2.92765,1.7897081258737524,51.22409787137788,2.9079275880223885,2024,7,17,35013,Oostende,Normaal,Droog,Dag,met lichtgewonden,3,Fiets,11,een weggebruiker tegen een hindernis,Buiten Kruispunt,Gewestweg,binnen bebouwde kom,Weggebruiker tegen hindernis op de rijbaan,Op de rijbaan: Lading
48529,15,Oostende 2,Oostende,51.21371,2.92743,1.7233202573108994,51.22509325648599,2.91063818044519,2024,7,11,35013,Oostende,Normaal,Droog,Dag,met lichtgewonden,3,Fiets,8,Voetganger,Buiten Kruispunt,Gewestweg,binnen bebouwde kom,Met een voetganger,Geen hindernis
48529,18,Oostende 1,Oostende,51.21378,2.92765,1.7280796271120307,51.22509325648599,2.91063818044519,2024,7,11,35013,Oostende,Normaal,Droog,Dag,met lichtgewonden,3,Fiets,8,Voetganger,Buiten Kruispunt,Gewestweg,binnen bebouwde kom,Met een voetganger,Geen hindernis
48530,15,Oostende 2,Oostende,51.21371,2.92743,1.3822843898128547,51.21823086741874,2.9089430374050664,2024,7,13,35013,Oostende,Normaal,Droog,Dag,met lichtgewonden,3,Fiets,8,Voetganger,Buiten Kruispunt,Gemeenteweg,binnen bebouwde kom,Met een voetganger,Geen hindernis
48530,18,Oostende 1,Oostende,51.21378,2.92765,1.3937857623281937,51.21823086741874,2.9089430374050664,2024,7,13,35013,Oostende,Normaal,Droog,Dag,met lichtgewonden,3,Fiets,8,Voetganger,Buiten Kruispunt,Gemeenteweg,binnen bebouwde kom,Met een voetganger,Geen hindernis
48531,15,Oostende 2,Oostende,51.21371,2.92743,1.817872124152704,51.22341402748209,2.9064242642793165,2024,7,9,35013,Oostende,Normaal,Droog,Dag,met lichtgewonden,3,Fiets,3,Fiets,Buiten Kruispunt,Gewestweg,binnen bebouwde kom,Tss. 2 best.: langs opzij (voor-/achterkant-flank),Geen hindernis
48531,18,Oostende 1,Oostende,51.21378,2.92765,1.8256468039580405,51.22341402748209,2.9064242642793165,2024,7,9,35013,Oostende,Normaal,Droog,Dag,met lichtgewonden,3,Fiets,3,Fiets,Buiten Kruispunt,Gewestweg,binnen bebouwde kom,Tss. 2 best.: langs opzij (voor-/achterkant-flank),Geen hindernis
48533,65,Nieuwpoort teller 2,Nieuwpoort,51.13435,2.75511,2.3335882672423116,51.154736438911236,2.763051950822134,2024,7,11,35011,Middelkerke,Normaal,Droog,Dag,met lichtgewonden,9,personenauto,3,Fiets,Op Kruispunt,Gewestweg,binnen bebouwde kom,Tss. 2 best.: langs opzij (voor-/achterkant-flank),Geen hindernis
48533,64,Nieuwpoort teller 1,Nieuwpoort,51.13359,2.75737,2.384550707590639,51.154736438911236,2.763051950822134,2024,7,11,35011,Middelkerke,Normaal,Droog,Dag,met lichtgewonden,9,personenauto,3,Fiets,Op Kruispunt,Gewestweg,binnen bebouwde kom,Tss. 2 best.: langs opzij (voor-/achterkant-flank),Geen hindernis
48536,55,Torhout teller 1,Torhout,51.07161,3.08261,1.1872926817689446,51.073558405616566,3.0993181246167105,2024,7,23,31033,Torhout,Normaal,Droog,"Nacht, openbare verlichting aanwezig en ontstoken",met lichtgewonden,3,Fiets,10,"één bestuurder, geen hindernis",Buiten Kruispunt,Gemeenteweg,buiten bebouwde kom,"Eén bestuurder, geen hindernis (incl. val)",Geen hindernis
48536,56,Torhout teller 2,Torhout,51.07147,3.08244,1.2018849983672362,51.073558405616566,3.0993181246167105,2024,7,23,31033,Torhout,Normaal,Droog,"Nacht, openbare verlichting aanwezig en ontstoken",met lichtgewonden,3,Fiets,10,"één bestuurder, geen hindernis",Buiten Kruispunt,Gemeenteweg,buiten bebouwde kom,"Eén bestuurder, geen hindernis (incl. val)",Geen hindernis
48538,84,Roeselare totem,Izegem,50.91717,3.18772,0.31476939796073533,50.91615583693441,3.1919120605389586,2024,7,9,36008,Izegem,Normaal,Droog,Dag,met lichtgewonden,3,Fiets,3,Fiets,Op Kruispunt,Gewestweg,buiten bebouwde kom,Tussen 2 bestuurders: Frontale botsing,Geen hindernis
48544,84,Roeselare totem,Izegem,50.91717,3.18772,1.8797958932905987,50.93058931874899,3.2040311482957313,2024,7,8,36008,Izegem,Regenval,"Nat, plassen",Dag,met lichtgewonden,9,personenauto,3,Fiets,Op Kruispunt,Gewestweg,buiten bebouwde kom,Tss. 2 best.: langs opzij (voor-/achterkant-flank),Geen hindernis
48548,84,Roeselare totem,Izegem,50.91717,3.18772,1.4859570455025188,50.924516644947374,3.205427864056322,2024,7,9,36008,Izegem,Normaal,Droog,Dag,met lichtgewonden,3,Fiets,2,Andere weggebruiker,Buiten Kruispunt,Gemeenteweg,buiten bebouwde kom,Tussen 2 bestuurders: Langs achteren,Geen hindernis
48550,84,Roeselare totem,Izegem,50.91717,3.18772,2.2126174586582406,50.92644241296981,3.215649316080671,2024,7,17,36008,Izegem,Regenval,"Nat, plassen",Dag,met lichtgewonden,9,personenauto,3,Fiets,Buiten Kruispunt,Gemeenteweg,binnen bebouwde kom,Tss. 2 best.: langs opzij (voor-/achterkant-flank),Geen hindernis
48551,57,Meulebeke teller 1,Meulebeke,50.96056,3.24491,0.2658096748966974,50.96291441158766,3.2442531439236015,2024,7,17,37007,Meulebeke,Normaal,Droog,Dag,met lichtgewonden,5,Lichte vrachtauto,3,Fiets,Op Kruispunt,Gewestweg,buiten bebouwde kom,Tss. 2 best.: langs opzij (voor-/achterkant-flank),Geen hindernis
48551,58,Meulebeke teller 2,Meulebeke,50.96021,3.24471,0.3024142307067749,50.96291441158766,3.2442531439236015,2024,7,17,37007,Meulebeke,Normaal,Droog,Dag,met lichtgewonden,5,Lichte vrachtauto,3,Fiets,Op Kruispunt,Gewestweg,buiten bebouwde kom,Tss. 2 best.: langs opzij (voor-/achterkant-flank),Geen hindernis
48555,61,Wervik teller 2,Wervik,50.80555,3.0921,2.2893858864492618,50.79618104870263,3.1211083293052955,2024,7,10,34027,Menen,Normaal,Droog,Dag,met lichtgewonden,3,Fiets,9,personenauto,Buiten Kruispunt,Gewestweg,binnen bebouwde kom,Tussen 2 bestuurders: Flank tegen flank,Geen hindernis
48555,62,Wervik teller 1,Wervik,50.8058,3.09154,2.337085229768175,50.79618104870263,3.1211083293052955,2024,7,10,34027,Menen,Normaal,Droog,Dag,met lichtgewonden,3,Fiets,9,personenauto,Buiten Kruispunt,Gewestweg,binnen bebouwde kom,Tussen 2 bestuurders: Flank tegen flank,Geen hindernis
48556,61,Wervik teller 2,Wervik,50.80555,3.0921,2.3146539565010102,50.79619444442132,3.1215222083568057,2024,7,13,34027,Menen,Normaal,Droog,Dag,met lichtgewonden,9,personenauto,3,Fiets,Op Kruispunt,Gewestweg,binnen bebouwde kom,Tussen 2 bestuurders: Flank tegen flank,Geen hindernis
48556,62,Wervik teller 1,Wervik,50.8058,3.09154,2.3623099816205304,50.79619444442132,3.1215222083568057,2024,7,13,34027,Menen,Normaal,Droog,Dag,met lichtgewonden,9,personenauto,3,Fiets,Op Kruispunt,Gewestweg,binnen bebouwde kom,Tussen 2 bestuurders: Flank tegen flank,Geen hindernis
48558,61,Wervik teller 2,Wervik,50.80555,3.0921,1.7350483984078509,50.79997467929869,3.1151598067398156,2024,7,1,34027,Menen,Normaal,Droog,"Nacht, openbare verlichting aanwezig en ontstoken",met lichtgewonden,3,Fiets,5,Lichte vrachtauto,Buiten Kruispunt,Gewestweg,binnen bebouwde kom,Tussen 2 bestuurders: Flank tegen flank,Geen hindernis
48558,62,Wervik teller 1,Wervik,50.8058,3.09154,1.7817724709237535,50.79997467929869,3.1151598067398156,2024,7,1,34027,Menen,Normaal,Droog,"Nacht, openbare verlichting aanwezig en ontstoken",met lichtgewonden,3,Fiets,5,Lichte vrachtauto,Buiten Kruispunt,Gewestweg,binnen bebouwde kom,Tussen 2 bestuurders: Flank tegen flank,Geen hindernis
48560,143,Eco Display Classic Budastraat,Kortrijk,50.83066,3.26286,0.5983113408898547,50.83218554133492,3.254690400251225,2024,7,14,34022,Kortrijk,Normaal,Droog,Dag,met lichtgewonden,3,Fiets,3,Fiets,Op Kruispunt,Gewestweg,binnen bebouwde kom,Tussen 2 bestuurders: Flank tegen flank,Geen hindernis
48560,75,Kortrijk teller 2,Kortrijk,50.81925,3.25731,1.4500877270335932,50.83218554133492,3.254690400251225,2024,7,14,34022,Kortrijk,Normaal,Droog,Dag,met lichtgewonden,3,Fiets,3,Fiets,Op Kruispunt,Gewestweg,binnen bebouwde kom,Tussen 2 bestuurders: Flank tegen flank,Geen hindernis
48560,74,Kortrijk teller 1,Kortrijk,50.81909,3.25728,1.467474207490556,50.83218554133492,3.254690400251225,2024,7,14,34022,Kortrijk,Normaal,Droog,Dag,met lichtgewonden,3,Fiets,3,Fiets,Op Kruispunt,Gewestweg,binnen bebouwde kom,Tussen 2 bestuurders: Flank tegen flank,Geen hindernis
48560,17,Kortrijk 2,Kortrijk,50.83339,3.27773,1.623584391990283,50.83218554133492,3.254690400251225,2024,7,14,34022,Kortrijk,Normaal,Droog,Dag,met lichtgewonden,3,Fiets,3,Fiets,Op Kruispunt,Gewestweg,binnen bebouwde kom,Tussen 2 bestuurders: Flank tegen flank,Geen hindernis
48560,16,Kortrijk 1,Kortrijk,50.83332,3.27777,1.6257627493998397,50.83218554133492,3.254690400251225,2024,7,14,34022,Kortrijk,Normaal,Droog,Dag,met lichtgewonden,3,Fiets,3,Fiets,Op Kruispunt,Gewestweg,binnen bebouwde kom,Tussen 2 bestuurders: Flank tegen flank,Geen hindernis
48561,143,Eco Display Classic Budastraat,Kortrijk,50.83066,3.26286,0.5990105226072937,50.83511303763763,3.2676599816805108,2024,7,8,34022,Kortrijk,Normaal,Droog,Dag,met zwaargewonden,9,personenauto,3,Fiets,Op Kruispunt,Gewestweg,binnen bebouwde kom,Tussen 2 bestuurders: Flank tegen flank,Geen hindernis
48561,17,Kortrijk 2,Kortrijk,50.83339,3.27773,0.7326803904622652,50.83511303763763,3.2676599816805108,2024,7,8,34022,Kortrijk,Normaal,Droog,Dag,met zwaargewonden,9,personenauto,3,Fiets,Op Kruispunt,Gewestweg,binnen bebouwde kom,Tussen 2 bestuurders: Flank tegen flank,Geen hindernis
48561,16,Kortrijk 1,Kortrijk,50.83332,3.27777,0.7374587808703305,50.83511303763763,3.2676599816805108,2024,7,8,34022,Kortrijk,Normaal,Droog,Dag,met zwaargewonden,9,personenauto,3,Fiets,Op Kruispunt,Gewestweg,binnen bebouwde kom,Tussen 2 bestuurders: Flank tegen flank,Geen hindernis
48561,75,Kortrijk teller 2,Kortrijk,50.81925,3.25731,1.9078188279834951,50.83511303763763,3.2676599816805108,2024,7,8,34022,Kortrijk,Normaal,Droog,Dag,met zwaargewonden,9,personenauto,3,Fiets,Op Kruispunt,Gewestweg,binnen bebouwde kom,Tussen 2 bestuurders: Flank tegen flank,Geen hindernis
48561,74,Kortrijk teller 1,Kortrijk,50.81909,3.25728,1.9250772516789054,50.83511303763763,3.2676599816805108,2024,7,8,34022,Kortrijk,Normaal,Droog,Dag,met zwaargewonden,9,personenauto,3,Fiets,Op Kruispunt,Gewestweg,binnen bebouwde kom,Tussen 2 bestuurders: Flank tegen flank,Geen hindernis
48562,143,Eco Display Classic Budastraat,Kortrijk,50.83066,3.26286,0.8746183438982165,50.82427565711096,3.270133528016613,2024,7,16,34022,Kortrijk,Normaal,Droog,Dag,met lichtgewonden,6,Bromfiets,3,Fiets,Buiten Kruispunt,Gewestweg,binnen bebouwde kom,Tussen 2 bestuurders: Frontale botsing,Geen hindernis
48562,75,Kortrijk teller 2,Kortrijk,50.81925,3.25731,1.0600590258237192,50.82427565711096,3.270133528016613,2024,7,16,34022,Kortrijk,Normaal,Droog,Dag,met lichtgewonden,6,Bromfiets,3,Fiets,Buiten Kruispunt,Gewestweg,binnen bebouwde kom,Tussen 2 bestuurders: Frontale botsing,Geen hindernis
48562,74,Kortrijk teller 1,Kortrijk,50.81909,3.25728,1.0713215874727464,50.82427565711096,3.270133528016613,2024,7,16,34022,Kortrijk,Normaal,Droog,Dag,met lichtgewonden,6,Bromfiets,3,Fiets,Buiten Kruispunt,Gewestweg,binnen bebouwde kom,Tussen 2 bestuurders: Frontale botsing,Geen hindernis
48562,16,Kortrijk 1,Kortrijk,50.83332,3.27777,1.1397685068715837,50.82427565711096,3.270133528016613,2024,7,16,34022,Kortrijk,Normaal,Droog,Dag,met lichtgewonden,6,Bromfiets,3,Fiets,Buiten Kruispunt,Gewestweg,binnen bebouwde kom,Tussen 2 bestuurders: Frontale botsing,Geen hindernis
48562,17,Kortrijk 2,Kortrijk,50.83339,3.27773,1.1453307161673871,50.82427565711096,3.270133528016613,2024,7,16,34022,Kortrijk,Normaal,Droog,Dag,met lichtgewonden,6,Bromfiets,3,Fiets,Buiten Kruispunt,Gewestweg,binnen bebouwde kom,Tussen 2 bestuurders: Frontale botsing,Geen hindernis
48564,16,Kortrijk 1,Kortrijk,50.83332,3.27777,0.725207140787921,50.82721259024924,3.281392557397245,2024,7,1,34022,Kortrijk,Normaal,Droog,"Nacht, openbare verlichting aanwezig en ontstoken",met lichtgewonden,3,Fiets,10,"één bestuurder, geen hindernis",Buiten Kruispunt,Gemeenteweg,binnen bebouwde kom,"Eén bestuurder, geen hindernis (incl. val)",Geen hindernis
48564,17,Kortrijk 2,Kortrijk,50.83339,3.27773,0.7334815827511748,50.82721259024924,3.281392557397245,2024,7,1,34022,Kortrijk,Normaal,Droog,"Nacht, openbare verlichting aanwezig en ontstoken",met lichtgewonden,3,Fiets,10,"één bestuurder, geen hindernis",Buiten Kruispunt,Gemeenteweg,binnen bebouwde kom,"Eén bestuurder, geen hindernis (incl. val)",Geen hindernis
48564,143,Eco Display Classic Budastraat,Kortrijk,50.83066,3.26286,1.3569057315603716,50.82721259024924,3.281392557397245,2024,7,1,34022,Kortrijk,Normaal,Droog,"Nacht, openbare verlichting aanwezig en ontstoken",met lichtgewonden,3,Fiets,10,"één bestuurder, geen hindernis",Buiten Kruispunt,Gemeenteweg,binnen bebouwde kom,"Eén bestuurder, geen hindernis (incl. val)",Geen hindernis
48564,75,Kortrijk teller 2,Kortrijk,50.81925,3.25731,1.9093426952551187,50.82721259024924,3.281392557397245,2024,7,1,34022,Kortrijk,Normaal,Droog,"Nacht, openbare verlichting aanwezig en ontstoken",met lichtgewonden,3,Fiets,10,"één bestuurder, geen hindernis",Buiten Kruispunt,Gemeenteweg,binnen bebouwde kom,"Eén bestuurder, geen hindernis (incl. val)",Geen hindernis
48564,74,Kortrijk teller 1,Kortrijk,50.81909,3.25728,1.919519357933044,50.82721259024924,3.281392557397245,2024,7,1,34022,Kortrijk,Normaal,Droog,"Nacht, openbare verlichting aanwezig en ontstoken",met lichtgewonden,3,Fiets,10,"één bestuurder, geen hindernis",Buiten Kruispunt,Gemeenteweg,binnen bebouwde kom,"Eén bestuurder, geen hindernis (incl. val)",Geen hindernis
48571,17,Kortrijk 2,Kortrijk,50.83339,3.27773,2.478844448520818,50.85028917808869,3.300754490682905,2024,7,11,34013,Harelbeke,Normaal,Droog,Dag,met lichtgewonden,3,Fiets,10,"één bestuurder, geen hindernis",Op Kruispunt,Gemeenteweg,binnen bebouwde kom,"Eén bestuurder, geen hindernis (incl. val)",Geen hindernis
48571,16,Kortrijk 1,Kortrijk,50.83332,3.27777,2.4829243764695197,50.85028917808869,3.300754490682905,2024,7,11,34013,Harelbeke,Normaal,Droog,Dag,met lichtgewonden,3,Fiets,10,"één bestuurder, geen hindernis",Op Kruispunt,Gemeenteweg,binnen bebouwde kom,"Eén bestuurder, geen hindernis (incl. val)",Geen hindernis
48586,66,Nieuwpoort totem,Nieuwpoort,51.1347,2.74369,0.24641590435926183,51.133217493483144,2.7463149544873646,2024,7,10,38016,Nieuwpoort,Normaal,Droog,Dag,met lichtgewonden,3,Fiets,9,personenauto,Op Kruispunt,Gewestweg,binnen bebouwde kom,Tussen 2 bestuurders: Flank tegen flank,Geen hindernis
48586,63,Nieuwpoort teller 3,Nieuwpoort,51.13529,2.74289,0.3319896417764152,51.133217493483144,2.7463149544873646,2024,7,10,38016,Nieuwpoort,Normaal,Droog,Dag,met lichtgewonden,3,Fiets,9,personenauto,Op Kruispunt,Gewestweg,binnen bebouwde kom,Tussen 2 bestuurders: Flank tegen flank,Geen hindernis
48586,65,Nieuwpoort teller 2,Nieuwpoort,51.13435,2.75511,0.6264640094378761,51.133217493483144,2.7463149544873646,2024,7,10,38016,Nieuwpoort,Normaal,Droog,Dag,met lichtgewonden,3,Fiets,9,personenauto,Op Kruispunt,Gewestweg,binnen bebouwde kom,Tussen 2 bestuurders: Flank tegen flank,Geen hindernis
48586,64,Nieuwpoort teller 1,Nieuwpoort,51.13359,2.75737,0.7724864133196188,51.133217493483144,2.7463149544873646,2024,7,10,38016,Nieuwpoort,Normaal,Droog,Dag,met lichtgewonden,3,Fiets,9,personenauto,Op Kruispunt,Gewestweg,binnen bebouwde kom,Tussen 2 bestuurders: Flank tegen flank,Geen hindernis
48589,15,Oostende 2,Oostende,51.21371,2.92743,2.299233287804961,51.199993883268256,2.9027321959294525,2024,7,11,35013,Oostende,Normaal,Droog,Dag,met lichtgewonden,3,Fiets,9,personenauto,Buiten Kruispunt,Gewestweg,binnen bebouwde kom,Tss. 2 best.: langs opzij (voor-/achterkant-flank),Geen hindernis
48589,18,Oostende 1,Oostende,51.21378,2.92765,2.315868514324583,51.199993883268256,2.9027321959294525,2024,7,11,35013,Oostende,Normaal,Droog,Dag,met lichtgewonden,3,Fiets,9,personenauto,Buiten Kruispunt,Gewestweg,binnen bebouwde kom,Tss. 2 best.: langs opzij (voor-/achterkant-flank),Geen hindernis
48599,42,Maasmechelen teller 2,Maasmechelen,50.97043,5.6981,1.7959134892344562,50.986328533744796,5.693581738130144,2024,7,10,73107,Maasmechelen,Normaal,Droog,Dag,met zwaargewonden,9,personenauto,3,Fiets,Buiten Kruispunt,Gemeenteweg,binnen bebouwde kom,Tussen 2 bestuurders: Flank tegen flank,Geen hindernis
48599,41,Maasmechelen teller 1,Maasmechelen,50.97025,5.69799,1.8142933276262325,50.986328533744796,5.693581738130144,2024,7,10,73107,Maasmechelen,Normaal,Droog,Dag,met zwaargewonden,9,personenauto,3,Fiets,Buiten Kruispunt,Gemeenteweg,binnen bebouwde kom,Tussen 2 bestuurders: Flank tegen flank,Geen hindernis
48600,42,Maasmechelen teller 2,Maasmechelen,50.97043,5.6981,1.1171648804972765,50.98026158682871,5.701385713804568,2024,7,14,73107,Maasmechelen,Normaal,Droog,Dag,met lichtgewonden,9,personenauto,3,Fiets,Buiten Kruispunt,Gemeenteweg,binnen bebouwde kom,Tss. 2 best.: langs opzij (voor-/achterkant-flank),Geen hindernis
48600,41,Maasmechelen teller 1,Maasmechelen,50.97025,5.69799,1.1383421519910861,50.98026158682871,5.701385713804568,2024,7,14,73107,Maasmechelen,Normaal,Droog,Dag,met lichtgewonden,9,personenauto,3,Fiets,Buiten Kruispunt,Gemeenteweg,binnen bebouwde kom,Tss. 2 best.: langs opzij (voor-/achterkant-flank),Geen hindernis
48601,136,Gent R4,Gent,51.0876313,3.7587918,1.7889431766599198,51.101979964852866,3.7472052588767952,2024,7,13,44021,Gent,Normaal,Droog,Dag,met lichtgewonden,9,personenauto,3,Fiets,Op Kruispunt,Gewestweg,binnen bebouwde kom,Tss. 2 best.: langs opzij (voor-/achterkant-flank),Geen hindernis