crash_row_id,site_id,site_name,site_gemeente,site_lat,site_long,distance_km,crash_lat,crash_long,DT_YEAR_COLLISION,DT_MONTH_COLLISION,DT_TIME,CD_NIS,TX_MUNTY_COLLISION_NL,TX_WEATHER_NL,TX_ROAD_CONDITION_NL,TX_LIGHT_CONDITION_NL,TX_CLASS_ACCIDENTS_NL,CD_ROAD_USR_TYPE1,TX_ROAD_USR_TYPE1_NL,CD_ROAD_USR_TYPE2,TX_ROAD_USR_TYPE2_NL,TX_CROSSWAY_NL,CD_ROAD_TYPE_NL,TX_BUILD_UP_AREA_NL,TX_COLLISION_TYPE_NL,TX_OBSTACLES_NL
48608,124,Beveren teller 2,Beveren,51.1964712,4.2361077,2.3350150437023225,51.213051843887015,4.256674880041461,2024,7,22,46003,Beveren,Normaal,Droog,"Nacht, openbare verlichting aanwezig en ontstoken",met lichtgewonden,3,Fiets,3,Fiets,Buiten Kruispunt,Gemeenteweg,binnen bebouwde kom,Tussen 2 bestuurders: Frontale botsing,Geen hindernis
48613,83,Beersel teller 2,Beersel,50.75175,4.33304,2.439454883685061,50.769767067430124,4.313251535238603,2024,7,11,23003,Beersel,Normaal,Droog,Dag,met lichtgewonden,9,personenauto,3,Fiets,Op Kruispunt,Gemeenteweg,binnen bebouwde kom,Tss. 2 best.: langs opzij (voor-/achterkant-flank),Geen hindernis
48613,82,Beersel teller 1,Beersel,50.75128,4.33336,2.495246882728321,50.769767067430124,4.313251535238603,2024,7,11,23003,Beersel,Normaal,Droog,Dag,met lichtgewonden,9,personenauto,3,Fiets,Op Kruispunt,Gemeenteweg,binnen bebouwde kom,Tss. 2 best.: langs opzij (voor-/achterkant-flank),Geen hindernis
48617,140,Hasselt ring,Hasselt,50.9300038,5.3438616,0.4031236846728155,50.92820034718485,5.338871791353993,2024,7,9,71022,Hasselt,Normaal,Droog,Dag,met lichtgewonden,5,Lichte vrachtauto,3,Fiets,Buiten Kruispunt,Gemeenteweg,binnen bebouwde kom,Tss. 2 best.: langs opzij (voor-/achterkant-flank),Geen hindernis
48617,138,Hasselt-Kempische brug,Hasselt,50.9405318,5.3422472,1.391447038011924,50.92820034718485,5.338871791353993,2024,7,9,71022,Hasselt,Normaal,Droog,Dag,met lichtgewonden,5,Lichte vrachtauto,3,Fiets,Buiten Kruispunt,Gemeenteweg,binnen bebouwde kom,Tss. 2 best.: langs opzij (voor-/achterkant-flank),Geen hindernis
48617,137,Hasselt-Kempische brug,Hasselt,50.9411605,5.3417576,1.4552228467483952,50.92820034718485,5.338871791353993,2024,7,9,71022,Hasselt,Normaal,Droog,Dag,met lichtgewonden,5,Lichte vrachtauto,3,Fiets,Buiten Kruispunt,Gemeenteweg,binnen bebouwde kom,Tss. 2 best.: langs opzij (voor-/achterkant-flank),Geen hindernis
48618,140,Hasselt ring,Hasselt,50.9300038,5.3438616,1.5770560697010454,50.930869618847275,5.321400590823213,2024,7,17,71022,Hasselt,Normaal,Droog,Dag,met lichtgewonden,3,Fiets,3,Fiets,Buiten Kruispunt,Gemeenteweg,binnen bebouwde kom,Tussen 2 bestuurders: Frontale botsing,Geen hindernis
48618,138,Hasselt-Kempische brug,Hasselt,50.9405318,5.3422472,1.8133578120727931,50.930869618847275,5.321400590823213,2024,7,17,71022,Hasselt,Normaal,Droog,Dag,met lichtgewonden,3,Fiets,3,Fiets,Buiten Kruispunt,Gemeenteweg,binnen bebouwde kom,Tussen 2 bestuurders: Frontale botsing,Geen hindernis
48618,137,Hasselt-Kempische brug,Hasselt,50.9411605,5.3417576,1.8287384507580535,50.930869618847275,5.321400590823213,2024,7,17,71022,Hasselt,Normaal,Droog,Dag,met lichtgewonden,3,Fiets,3,Fiets,Buiten Kruispunt,Gemeenteweg,binnen bebouwde kom,Tussen 2 bestuurders: Frontale botsing,Geen hindernis
48622,49,Bokrijk,Genk,50.95264,5.41001,2.2914755682269763,50.93632140889232,5.429983877922838,2024,7,16,71011,Diepenbeek,Normaal,Droog,Dag,met lichtgewonden,9,personenauto,3,Fiets,Op Kruispunt,Gewestweg,buiten bebouwde kom,Tss. 2 best.: langs opzij (voor-/achterkant-flank),Geen hindernis
48623,140,Hasselt ring,Hasselt,50.9300038,5.3438616,0.11522267709792364,50.929137424169824,5.342959672236473,2024,7,11,71022,Hasselt,Onbekend,Onbekend,Dag,met zwaargewonden,3,Fiets,3,Fiets,Op Kruispunt,Gewestweg,onbekend,Tss. 2 best.: langs opzij (voor-/achterkant-flank),Geen hindernis
48623,138,Hasselt-Kempische brug,Hasselt,50.9405318,5.3422472,1.2679801025257091,50.929137424169824,5.342959672236473,2024,7,11,71022,Hasselt,Onbekend,Onbekend,Dag,met zwaargewonden,3,Fiets,3,Fiets,Op Kruispunt,Gewestweg,onbekend,Tss. 2 best.: langs opzij (voor-/achterkant-flank),Geen hindernis
48623,137,Hasselt-Kempische brug,Hasselt,50.9411605,5.3417576,1.3395561366559203,50.929137424169824,5.342959672236473,2024,7,11,71022,Hasselt,Onbekend,Onbekend,Dag,met zwaargewonden,3,Fiets,3,Fiets,Op Kruispunt,Gewestweg,onbekend,Tss. 2 best.: langs opzij (voor-/achterkant-flank),Geen hindernis
48627,25,Bree,Bree,51.13679500160176,5.597669323604317,1.9686141679321651,51.12589060063887,5.619895039968837,2024,7,19,72004,Bree,Normaal,"Nat, plassen",Dag,met lichtgewonden,9,personenauto,3,Fiets,Buiten Kruispunt,Gemeenteweg,buiten bebouwde kom,Tussen 2 bestuurders: Frontale botsing,Geen hindernis
48629,14,Genk,Genk,50.97172,5.48927,1.5174935818096258,50.963925636240084,5.471481631243832,2024,7,17,71016,Genk,Normaal,Droog,Dag,met lichtgewonden,3,Fiets,6,Bromfiets,Buiten Kruispunt,Gewestweg,buiten bebouwde kom,Tussen 2 bestuurders: Frontale botsing,Geen hindernis
48632,25,Bree,Bree,51.13679500160176,5.597669323604317,2.380034102328771,51.11643108575598,5.608172148049092,2024,7,19,72004,Bree,Normaal,Droog,Dag,met lichtgewonden,3,Fiets,10,"één bestuurder, geen hindernis",Buiten Kruispunt,Gemeenteweg,binnen bebouwde kom,"Eén bestuurder, geen hindernis (incl. val)",Geen hindernis
48634,14,Genk,Genk,50.97172,5.48927,1.1857532648288935,50.96496943546575,5.476161606501564,2024,7,14,71016,Genk,Normaal,Droog,Dag,met lichtgewonden,3,Fiets,9,personenauto,Buiten Kruispunt,Gewestweg,binnen bebouwde kom,Tussen 2 bestuurders: Flank tegen flank,Geen hindernis
48639,25,Bree,Bree,51.13679500160176,5.597669323604317,0.9187918179746422,51.14430760022346,5.603152781495691,2024,7,17,72004,Bree,Normaal,Droog,Dag,met lichtgewonden,3,Fiets,8,Voetganger,Buiten Kruispunt,Gewestweg,binnen bebouwde kom,Met een voetganger,Geen hindernis
48642,14,Genk,Genk,50.97172,5.48927,1.475566160009967,50.9839987244936,5.4972632288005965,2024,7,16,71016,Genk,Normaal,Droog,Dag,met lichtgewonden,3,Fiets,9,personenauto,Buiten Kruispunt,Gemeenteweg,binnen bebouwde kom,Tussen 2 bestuurders: Frontale botsing,Geen hindernis
48643,14,Genk,Genk,50.97172,5.48927,1.2770131897627557,50.97576792800935,5.472201840431706,2024,7,7,71016,Genk,Normaal,Droog,Dag,met lichtgewonden,9,personenauto,3,Fiets,Op Kruispunt,Gemeenteweg,buiten bebouwde kom,Tss. 2 best.: langs opzij (voor-/achterkant-flank),Geen hindernis
48644,139,Houthalen-Helchteren,Houthalen-Helchteren,51.0644267,5.3819796,0.924359125042764,51.05814266787659,5.390638597721276,2024,7,14,72039,Houthalen-Helchteren,Normaal,Droog,Dag,met zwaargewonden,9,personenauto,3,Fiets,Buiten Kruispunt,Gewestweg,buiten bebouwde kom,Tss. 2 best.: langs opzij (voor-/achterkant-flank),Geen hindernis
48645,25,Bree,Bree,51.13679500160176,5.597669323604317,1.5656470123458839,51.1478236304426,5.6116213979914615,2024,7,17,72004,Bree,Normaal,Droog,Dag,met lichtgewonden,3,Fiets,10,"één bestuurder, geen hindernis",Buiten Kruispunt,Gemeenteweg,buiten bebouwde kom,"Eén bestuurder, geen hindernis (incl. val)",Geen hindernis
48649,22,Tienen 2,Tienen,50.81330800184882,4.935984252796022,1.6052482042726937,50.80201793773348,4.950221376796728,2024,7,15,24107,Tienen,Normaal,Droog,Dag,met lichtgewonden,3,Fiets,9,personenauto,Op Kruispunt,Gewestweg,binnen bebouwde kom,Tss. 2 best.: langs opzij (voor-/achterkant-flank),Geen hindernis
48649,24,Tienen 1,Tienen,50.8133795491886,4.935044252605416,1.6532924001998788,50.80201793773348,4.950221376796728,2024,7,15,24107,Tienen,Normaal,Droog,Dag,met lichtgewonden,3,Fiets,9,personenauto,Op Kruispunt,Gewestweg,binnen bebouwde kom,Tss. 2 best.: langs opzij (voor-/achterkant-flank),Geen hindernis
48649,23,Tienen 3,Tienen,50.81324,4.93447,1.667964480435037,50.80201793773348,4.950221376796728,2024,7,15,24107,Tienen,Normaal,Droog,Dag,met lichtgewonden,3,Fiets,9,personenauto,Op Kruispunt,Gewestweg,binnen bebouwde kom,Tss. 2 best.: langs opzij (voor-/achterkant-flank),Geen hindernis
48650,113,Deinze teller 2,Deinze,50.96018,3.55578,2.4228604461476246,50.981399515296076,3.547918743746665,2024,7,8,44083,Deinze,Normaal,Droog,Dag,met lichtgewonden,9,personenauto,3,Fiets,Op Kruispunt,Gewestweg,buiten bebouwde kom,Tss. 2 best.: langs opzij (voor-/achterkant-flank),Geen hindernis
48650,114,Deinze teller 1,Nazareth,50.9598305,3.555502,2.4564418953190983,50.981399515296076,3.547918743746665,2024,7,8,44083,Deinze,Normaal,Droog,Dag,met lichtgewonden,9,personenauto,3,Fiets,Op Kruispunt,Gewestweg,buiten bebouwde kom,Tss. 2 best.: langs opzij (voor-/achterkant-flank),Geen hindernis
48655,99,Mechelen teller 1,Mechelen,51.04564,4.46882,2.3099833060540553,51.030101998332206,4.490748870743734,2024,7,13,12025,Mechelen,Normaal,Droog,Dag,met lichtgewonden,6,Bromfiets,3,Fiets,Buiten Kruispunt,Gewestweg,binnen bebouwde kom,Tss. 2 best.: langs opzij (voor-/achterkant-flank),Geen hindernis
48655,100,Mechelen teller 2,Mechelen,51.0457,4.46883,2.314513925181285,51.030101998332206,4.490748870743734,2024,7,13,12025,Mechelen,Normaal,Droog,Dag,met lichtgewonden,6,Bromfiets,3,Fiets,Buiten Kruispunt,Gewestweg,binnen bebouwde kom,Tss. 2 best.: langs opzij (voor-/achterkant-flank),Geen hindernis
48659,99,Mechelen teller 1,Mechelen,51.04564,4.46882,1.7079488869842796,51.0377706082307,4.489799471312294,2024,7,20,12025,Mechelen,Normaal,Droog,Dag,met lichtgewonden,9,personenauto,3,Fiets,Op Kruispunt,Gemeenteweg,binnen bebouwde kom,Tss. 2 best.: langs opzij (voor-/achterkant-flank),Geen hindernis
48659,100,Mechelen teller 2,Mechelen,51.0457,4.46883,1.710776610955116,51.0377706082307,4.489799471312294,2024,7,20,12025,Mechelen,Normaal,Droog,Dag,met lichtgewonden,9,personenauto,3,Fiets,Op Kruispunt,Gemeenteweg,binnen bebouwde kom,Tss. 2 best.: langs opzij (voor-/achterkant-flank),Geen hindernis
48663,99,Mechelen teller 1,Mechelen,51.04564,4.46882,2.0442864168781503,51.04029199880946,4.4408438253598295,2024,7,16,12025,Mechelen,Normaal,"Nat, plassen",Dag,met lichtgewonden,3,Fiets,3,Fiets,Op Kruispunt,Gewestweg,buiten bebouwde kom,Tussen 2 bestuurders: Frontale botsing,Geen hindernis
48663,100,Mechelen teller 2,Mechelen,51.0457,4.46883,2.046904181148424,51.04029199880946,4.4408438253598295,2024,7,16,12025,Mechelen,Normaal,"Nat, plassen",Dag,met lichtgewonden,3,Fiets,3,Fiets,Op Kruispunt,Gewestweg,buiten bebouwde kom,Tussen 2 bestuurders: Frontale botsing,Geen hindernis
48665,99,Mechelen teller 1,Mechelen,51.04564,4.46882,2.1080520925857162,51.02674971297578,4.471368972344205,2024,7,8,12025,Mechelen,Onbekend,Onbekend,Dag,met lichtgewonden,3,Fiets,3,Fiets,Buiten Kruispunt,Gemeenteweg,binnen bebouwde kom,Tss. 2 best.: langs opzij (voor-/achterkant-flank),Geen hindernis
48665,100,Mechelen teller 2,Mechelen,51.0457,4.46883,2.1146411480285816,51.02674971297578,4.471368972344205,2024,7,8,12025,Mechelen,Onbekend,Onbekend,Dag,met lichtgewonden,3,Fiets,3,Fiets,Buiten Kruispunt,Gemeenteweg,binnen bebouwde kom,Tss. 2 best.: langs opzij (voor-/achterkant-flank),Geen hindernis
48666,99,Mechelen teller 1,Mechelen,51.04564,4.46882,0.8214586089637268,51.038703774219385,4.472863883869005,2024,7,12,12025,Mechelen,Normaal,"Nat, plassen",Dag,met lichtgewonden,9,personenauto,3,Fiets,Buiten Kruispunt,Gewestweg,binnen bebouwde kom,Tss. 2 best.: langs opzij (voor-/achterkant-flank),Geen hindernis
48666,100,Mechelen teller 2,Mechelen,51.0457,4.46883,0.8274872925921909,51.038703774219385,4.472863883869005,2024,7,12,12025,Mechelen,Normaal,"Nat, plassen",Dag,met lichtgewonden,9,personenauto,3,Fiets,Buiten Kruispunt,Gewestweg,binnen bebouwde kom,Tss. 2 best.: langs opzij (voor-/achterkant-flank),Geen hindernis
48773,2,Brasschaat 2,Brasschaat,51.27512,4.47169,2.1979109547596556,51.29454132002986,4.477568570832103,2024,8,18,11008,Brasschaat,Normaal,Droog,Dag,met lichtgewonden,3,Fiets,5,Lichte vrachtauto,Op Kruispunt,Gemeenteweg,binnen bebouwde kom,Tss. 2 best.: langs opzij (voor-/achterkant-flank),Geen hindernis
48773,3,Brasschaat 1,Brasschaat,51.27503,4.47222,2.2012169494352016,51.29454132002986,4.477568570832103,2024,8,18,11008,Brasschaat,Normaal,Droog,Dag,met lichtgewonden,3,Fiets,5,Lichte vrachtauto,Op Kruispunt,Gemeenteweg,binnen bebouwde kom,Tss. 2 best.: langs opzij (voor-/achterkant-flank),Geen hindernis
48781,3,Brasschaat 1,Brasschaat,51.27503,4.47222,1.6812532444613906,51.286468820236436,4.488027338453518,2024,8,14,11008,Brasschaat,Normaal,Droog,Dag,met lichtgewonden,9,personenauto,3,Fiets,Buiten Kruispunt,Gemeenteweg,binnen bebouwde kom,Tss. 2 best.: langs opzij (voor-/achterkant-flank),Geen hindernis
48781,2,Brasschaat 2,Brasschaat,51.27512,4.47169,1.6981369250099176,51.286468820236436,4.488027338453518,2024,8,14,11008,Brasschaat,Normaal,Droog,Dag,met lichtgewonden,9,personenauto,3,Fiets,Buiten Kruispunt,Gemeenteweg,binnen bebouwde kom,Tss. 2 best.: langs opzij (voor-/achterkant-flank),Geen hindernis
48794,8,Heist op den Berg 1,Heist-op-den-Berg,51.06759,4.68823,2.2659428715812306,51.061335027758,4.657369092696433,2024,8,18,12029,Putte,Normaal,"Nat, plassen",Dag,met lichtgewonden,3,Fiets,3,Fiets,Buiten Kruispunt,Gewestweg,buiten bebouwde kom,Tussen 2 bestuurders: Langs achteren,Geen hindernis
48804,95,Lier teller 1,Lier,51.11687,4.58437,0.8364857121688003,51.111346717970605,4.5925055748663395,2024,8,16,12021,Lier,Normaal,Droog,Dag,met lichtgewonden,5,Lichte vrachtauto,3,Fiets,Buiten Kruispunt,Gewestweg,buiten bebouwde kom,Tussen 2 bestuurders: Langs achteren,Geen hindernis
48804,96,Lier teller 2,Lier,51.11705,4.58444,0.8480369144068872,51.111346717970605,4.5925055748663395,2024,8,16,12021,Lier,Normaal,Droog,Dag,met lichtgewonden,5,Lichte vrachtauto,3,Fiets,Buiten Kruispunt,Gewestweg,buiten bebouwde kom,Tussen 2 bestuurders: Langs achteren,Geen hindernis
48806,95,Lier teller 1,Lier,51.11687,4.58437,1.4756901861105969,51.107665575653016,4.5995986781248,2024,8,15,12021,Lier,Normaal,Droog,Dag,met lichtgewonden,9,personenauto,3,Fiets,Op Kruispunt,Gewestweg,buiten bebouwde kom,Tss. 2 best.: langs opzij (voor-/achterkant-flank),Geen hindernis
48806,96,Lier teller 2,Lier,51.11705,4.58444,1.4861569105329064,51.107665575653016,4.5995986781248,2024,8,15,12021,Lier,Normaal,Droog,Dag,met lichtgewonden,9,personenauto,3,Fiets,Op Kruispunt,Gewestweg,buiten bebouwde kom,Tss. 2 best.: langs opzij (voor-/achterkant-flank),Geen hindernis
48808,96,Lier teller 2,Lier,51.11705,4.58444,1.859681074186601,51.13111766528976,4.570028942613201,2024,8,21,12021,Lier,Normaal,Droog,"Nacht, openbare verlichting aanwezig en ontstoken",met lichtgewonden,3,Fiets,9,personenauto,Buiten Kruispunt,Gewestweg,binnen bebouwde kom,Tss. 2 best.: langs opzij (voor-/achterkant-flank),Geen hindernis
48808,95,Lier teller 1,Lier,51.11687,4.58437,1.8739350716685026,51.13111766528976,4.570028942613201,2024,8,21,12021,Lier,Normaal,Droog,"Nacht, openbare verlichting aanwezig en ontstoken",met lichtgewonden,3,Fiets,9,personenauto,Buiten Kruispunt,Gewestweg,binnen bebouwde kom,Tss. 2 best.: langs opzij (voor-/achterkant-flank),Geen hindernis
48809,96,Lier teller 2,Lier,51.11705,4.58444,0.9266029143167901,51.1240221037822,4.5771686693727,2024,8,22,12021,Lier,Normaal,Droog,"Nacht, openbare verlichting aanwezig en ontstoken",met lichtgewonden,9,personenauto,3,Fiets,Op Kruispunt,Gewestweg,binnen bebouwde kom,Tss. 2 best.: langs opzij (voor-/achterkant-flank),Geen hindernis
48809,95,Lier teller 1,Lier,51.11687,4.58437,0.9407939805597897,51.1240221037822,4.5771686693727,2024,8,22,12021,Lier,Normaal,Droog,"Nacht, openbare verlichting aanwezig en ontstoken",met lichtgewonden,9,personenauto,3,Fiets,Op Kruispunt,Gewestweg,binnen bebouwde kom,Tss. 2 best.: langs opzij (voor-/achterkant-flank),Geen hindernis
48810,93,Nijlen teller 2,Nijlen,51.14998,4.64469,2.1622097450500775,51.16106093769874,4.67016641830941,2024,8,10,12026,Nijlen,Normaal,Droog,Dag,met lichtgewonden,3,Fiets,11,een weggebruiker tegen een hindernis,Op Kruispunt,Gewestweg,binnen bebouwde kom,Weggebruiker tegen hindernis op de rijbaan,Op de rijbaan: Lading
48810,92,Nijlen teller 1,Nijlen,51.14989,4.64479,2.1622173498299375,51.16106093769874,4.67016641830941,2024,8,10,12026,Nijlen,Normaal,Droog,Dag,met lichtgewonden,3,Fiets,11,een weggebruiker tegen een hindernis,Op Kruispunt,Gewestweg,binnen bebouwde kom,Weggebruiker tegen hindernis op de rijbaan,Op de rijbaan: Lading
48812,9,Heist op den Berg 2,Heist-op-den-Berg,51.06904,4.69524,1.0443754613940022,51.07842455669128,4.694633360877195,2024,8,17,12014,Heist-op-den-Berg,Normaal,Droog,Dag,met lichtgewonden,3,Fiets,3,Fiets,Op Kruispunt,Gemeenteweg,binnen bebouwde kom,Tussen 2 bestuurders: Frontale botsing,Geen hindernis
48812,8,Heist op den Berg 1,Heist-op-den-Berg,51.06759,4.68823,1.285134073386993,51.07842455669128,4.694633360877195,2024,8,17,12014,Heist-op-den-Berg,Normaal,Droog,Dag,met lichtgewonden,3,Fiets,3,Fiets,Op Kruispunt,Gemeenteweg,binnen bebouwde kom,Tussen 2 bestuurders: Frontale botsing,Geen hindernis
48813,9,Heist op den Berg 2,Heist-op-den-Berg,51.06904,4.69524,2.0078055611476184,51.07627038976398,4.721572784972948,2024,8,22,12014,Heist-op-den-Berg,Normaal,Droog,"Nacht, openbare verlichting aanwezig en ontstoken",met lichtgewonden,3,Fiets,3,Fiets,Buiten Kruispunt,Gemeenteweg,binnen bebouwde kom,Tss. 2 best.: langs opzij (voor-/achterkant-flank),Geen hindernis
48814,9,Heist op den Berg 2,Heist-op-den-Berg,51.06904,4.69524,1.830820805698673,51.076963587687445,4.718210447321286,2024,8,9,12014,Heist-op-den-Berg,Normaal,Droog,Dag,met lichtgewonden,9,personenauto,3,Fiets,Op Kruispunt,Gemeenteweg,binnen bebouwde kom,Tss. 2 best.: langs opzij (voor-/achterkant-flank),Geen hindernis
48814,8,Heist op den Berg 1,Heist-op-den-Berg,51.06759,4.68823,2.339670833724009,51.076963587687445,4.718210447321286,2024,8,9,12014,Heist-op-den-Berg,Normaal,Droog,Dag,met lichtgewonden,9,personenauto,3,Fiets,Op Kruispunt,Gemeenteweg,binnen bebouwde kom,Tss. 2 best.: langs opzij (voor-/achterkant-flank),Geen hindernis
48815,9,Heist op den Berg 2,Heist-op-den-Berg,51.06904,4.69524,0.5297214133815278,51.07114070922854,4.70204446583334,2024,8,19,12014,Heist-op-den-Berg,Normaal,Droog,Dag,met lichtgewonden,9,personenauto,3,Fiets,Buiten Kruispunt,Gemeenteweg,binnen bebouwde kom,Tss. 2 best.: langs opzij (voor-/achterkant-flank),Geen hindernis
48815,8,Heist op den Berg 1,Heist-op-den-Berg,51.06759,4.68823,1.0428783447731753,51.07114070922854,4.70204446583334,2024,8,19,12014,Heist-op-den-Berg,Normaal,Droog,Dag,met lichtgewonden,9,personenauto,3,Fiets,Buiten Kruispunt,Gemeenteweg,binnen bebouwde kom,Tss. 2 best.: langs opzij (voor-/achterkant-flank),Geen hindernis
48816,103,Malle teller 1,Malle,51.31681,4.73872,2.4628238551549435,51.32158219270766,4.773326621504339,2024,8,23,13037,Rijkevorsel,Normaal,Droog,"Nacht, openbare verlichting aanwezig en ontstoken",met lichtgewonden,3,Fiets,11,een weggebruiker tegen een hindernis,Buiten Kruispunt,Gemeenteweg,buiten bebouwde kom,Weggebruiker tegen hindernis buiten rijbaan,Andere hindernis
48816,104,Malle teller 2,Malle,51.31682,4.73852,2.4761598701477037,51.32158219270766,4.773326621504339,2024,8,23,13037,Rijkevorsel,Normaal,Droog,"Nacht, openbare verlichting aanwezig en ontstoken",met lichtgewonden,3,Fiets,11,een weggebruiker tegen een hindernis,Buiten Kruispunt,Gemeenteweg,buiten bebouwde kom,Weggebruiker tegen hindernis buiten rijbaan,Andere hindernis
48831,88,Westerlo teller 1,Westerlo,51.082,4.91325,2.4629000677590844,51.088248976455056,4.879421935495839,2024,8,1,13049,Westerlo,Normaal,Droog,"Nacht, openbare verlichting aanwezig en ontstoken",met zwaargewonden,3,Fiets,11,een weggebruiker tegen een hindernis,Buiten Kruispunt,Gemeenteweg,binnen bebouwde kom,Weggebruiker tegen hindernis op de rijbaan,Op de rijbaan: Container
48831,89,Westerlo teller 2,Westerlo,51.08191,4.91334,2.4717690990559116,51.088248976455056,4.879421935495839,2024,8,1,13049,Westerlo,Normaal,Droog,"Nacht, openbare verlichting aanwezig en ontstoken",met zwaargewonden,3,Fiets,11,een weggebruiker tegen een hindernis,Buiten Kruispunt,Gemeenteweg,binnen bebouwde kom,Weggebruiker tegen hindernis op de rijbaan,Op de rijbaan: Container
48833,127,Geel totem,Westerlo,51.1342966,4.9400421,0.23958405816516976,51.132590781362005,4.942139743667947,2024,8,5,13049,Westerlo,Normaal,Droog,Dag,met lichtgewonden,3,Fiets,3,Fiets,Buiten Kruispunt,Gemeenteweg,buiten bebouwde kom,Tussen 2 bestuurders: Frontale botsing,Geen hindernis
48833,112,Geel teller 2,Westerlo,51.1354992,4.9394789,0.37290496230391373,51.132590781362005,4.942139743667947,2024,8,5,13049,Westerlo,Normaal,Droog,Dag,met lichtgewonden,3,Fiets,3,Fiets,Buiten Kruispunt,Gemeenteweg,buiten bebouwde kom,Tussen 2 bestuurders: Frontale botsing,Geen hindernis
48835,127,Geel totem,Westerlo,51.1342966,4.9400421,0.28954088383212245,51.13188951092029,4.938459513137672,2024,8,16,13049,Westerlo,Onbekend,Onbekend,Onbekend,met lichtgewonden,3,Fiets,3,Fiets,Buiten Kruispunt,Gemeenteweg,onbekend,Tussen 2 bestuurders: Frontale botsing,Geen hindernis
48835,112,Geel teller 2,Westerlo,51.1354992,4.9394789,0.4076326811617716,51.13188951092029,4.938459513137672,2024,8,16,13049,Westerlo,Onbekend,Onbekend,Onbekend,met lichtgewonden,3,Fiets,3,Fiets,Buiten Kruispunt,Gemeenteweg,onbekend,Tussen 2 bestuurders: Frontale botsing,Geen hindernis
48842,112,Geel teller 2,Westerlo,51.1354992,4.9394789,1.2554702072535433,51.14394322855076,4.951424964417989,2024,8,13,13008,Geel,Normaal,Droog,Dag,met lichtgewonden,5,Lichte vrachtauto,3,Fiets,Buiten Kruispunt,Gewestweg,buiten bebouwde kom,Tss. 2 best.: langs opzij (voor-/achterkant-flank),Geen hindernis
48842,127,Geel totem,Westerlo,51.1342966,4.9400421,1.3346409436546918,51.14394322855076,4.951424964417989,2024,8,13,13008,Geel,Normaal,Droog,Dag,met lichtgewonden,5,Lichte vrachtauto,3,Fiets,Buiten Kruispunt,Gewestweg,buiten bebouwde kom,Tss. 2 best.: langs opzij (voor-/achterkant-flank),Geen hindernis
48845,134,Retie,Dessel,51.2548405,5.1037658,1.9688562736244022,51.266014558719,5.081816953579045,2024,8,15,13036,Retie,Normaal,Droog,Dag,met lichtgewonden,9,personenauto,3,Fiets,Op Kruispunt,Gemeenteweg,binnen bebouwde kom,Tss. 2 best.: langs opzij (voor-/achterkant-flank),Geen hindernis
48845,135,Retie 2,Dessel,51.2544998,5.1040064,2.0058437528583384,51.266014558719,5.081816953579045,2024,8,15,13036,Retie,Normaal,Droog,Dag,met lichtgewonden,9,personenauto,3,Fiets,Op Kruispunt,Gemeenteweg,binnen bebouwde kom,Tss. 2 best.: langs opzij (voor-/achterkant-flank),Geen hindernis
48846,134,Retie,Dessel,51.2548405,5.1037658,1.9585547095026528,51.26686018441496,5.083191077477265,2024,8,0,13036,Retie,Normaal,Droog,"Nacht, openbare verlichting aanwezig en ontstoken",met lichtgewonden,3,Fiets,3,Fiets,Op Kruispunt,Gewestweg,binnen bebouwde kom,Tss. 2 best.: langs opzij (voor-/achterkant-flank),Geen hindernis
48846,135,Retie 2,Dessel,51.2544998,5.1040064,1.9967149296423736,51.26686018441496,5.083191077477265,2024,8,0,13036,Retie,Normaal,Droog,"Nacht, openbare verlichting aanwezig en ontstoken",met lichtgewonden,3,Fiets,3,Fiets,Op Kruispunt,Gewestweg,binnen bebouwde kom,Tss. 2 best.: langs opzij (voor-/achterkant-flank),Geen hindernis
48850,5,Balen 2,Balen,51.16018,5.19003,1.4423922534413205,51.16772745941782,5.173206401083481,2024,8,14,13003,Balen,Normaal,Droog,Dag,met lichtgewonden,7,Motorfiets,3,Fiets,Op Kruispunt,Gewestweg,binnen bebouwde kom,Tussen 2 bestuurders: Langs achteren,Geen hindernis
48850,4,Balen 1,Balen,51.16023,5.19011,1.4437146693576315,51.16772745941782,5.173206401083481,2024,8,14,13003,Balen,Normaal,Droog,Dag,met lichtgewonden,7,Motorfiets,3,Fiets,Op Kruispunt,Gewestweg,binnen bebouwde kom,Tussen 2 bestuurders: Langs achteren,Geen hindernis
48851,135,Retie 2,Dessel,51.2544998,5.1040064,1.6847047516298554,51.24000117808747,5.111031989153167,2024,8,8,13006,Dessel,Normaal,Droog,Dag,met lichtgewonden,9,personenauto,3,Fiets,Op Kruispunt,Gemeenteweg,binnen bebouwde kom,Tussen 2 bestuurders: Flank tegen flank,Geen hindernis
48851,134,Retie,Dessel,51.2548405,5.1037658,1.7258255433144203,51.24000117808747,5.111031989153167,2024,8,8,13006,Dessel,Normaal,Droog,Dag,met lichtgewonden,9,personenauto,3,Fiets,Op Kruispunt,Gemeenteweg,binnen bebouwde kom,Tussen 2 bestuurders: Flank tegen flank,Geen hindernis
48852,4,Balen 1,Balen,51.16023,5.19011,1.8374118695113992,51.17344610493271,5.1742917190609,2024,8,15,13003,Balen,Normaal,Droog,Dag,met lichtgewonden,5,Lichte vrachtauto,3,Fiets,Op Kruispunt,Gemeenteweg,binnen bebouwde kom,Tss. 2 best.: langs opzij (voor-/achterkant-flank),Geen hindernis
48852,5,Balen 2,Balen,51.16018,5.19003,1.838527160720323,51.17344610493271,5.1742917190609,2024,8,15,13003,Balen,Normaal,Droog,Dag,met lichtgewonden,5,Lichte vrachtauto,3,Fiets,Op Kruispunt,Gemeenteweg,binnen bebouwde kom,Tss. 2 best.: langs opzij (voor-/achterkant-flank),Geen hindernis