crash_row_id,site_id,site_name,site_gemeente,site_lat,site_long,distance_km,crash_lat,crash_long,DT_YEAR_COLLISION,DT_MONTH_COLLISION,DT_TIME,CD_NIS,TX_MUNTY_COLLISION_NL,TX_WEATHER_NL,TX_ROAD_CONDITION_NL,TX_LIGHT_CONDITION_NL,TX_CLASS_ACCIDENTS_NL,CD_ROAD_USR_TYPE1,TX_ROAD_USR_TYPE1_NL,CD_ROAD_USR_TYPE2,TX_ROAD_USR_TYPE2_NL,TX_CROSSWAY_NL,CD_ROAD_TYPE_NL,TX_BUILD_UP_AREA_NL,TX_COLLISION_TYPE_NL,TX_OBSTACLES_NL
48854,4,Balen 1,Balen,51.16023,5.19011,2.1637579556980655,51.17725214012476,5.175072504728747,2024,8,14,13003,Balen,Normaal,Droog,Dag,met lichtgewonden,6,Bromfiets,3,Fiets,Buiten Kruispunt,Gemeenteweg,binnen bebouwde kom,Tss. 2 best.: langs opzij (voor-/achterkant-flank),Geen hindernis
48854,5,Balen 2,Balen,51.16018,5.19003,2.165932203816524,51.17725214012476,5.175072504728747,2024,8,14,13003,Balen,Normaal,Droog,Dag,met lichtgewonden,6,Bromfiets,3,Fiets,Buiten Kruispunt,Gemeenteweg,binnen bebouwde kom,Tss. 2 best.: langs opzij (voor-/achterkant-flank),Geen hindernis
48855,94,Herentals teller 2,Herentals,51.17345,4.81283,1.3869569765277008,51.16878152723313,4.831277623317866,2024,8,19,13011,Herentals,Normaal,Droog,Dag,met lichtgewonden,9,personenauto,3,Fiets,Op Kruispunt,Gemeenteweg,buiten bebouwde kom,Tss. 2 best.: langs opzij (voor-/achterkant-flank),Geen hindernis
48855,110,Herentals totem,Herentals,51.1739426,4.811783,1.4753280679497025,51.16878152723313,4.831277623317866,2024,8,19,13011,Herentals,Normaal,Droog,Dag,met lichtgewonden,9,personenauto,3,Fiets,Op Kruispunt,Gemeenteweg,buiten bebouwde kom,Tss. 2 best.: langs opzij (voor-/achterkant-flank),Geen hindernis
48856,94,Herentals teller 2,Herentals,51.17345,4.81283,2.0578448113399737,51.18422018727002,4.836837147876236,2024,8,11,13011,Herentals,Normaal,Droog,Dag,met lichtgewonden,9,personenauto,3,Fiets,Op Kruispunt,Gewestweg,buiten bebouwde kom,Tussen 2 bestuurders: Frontale botsing,Geen hindernis
48856,110,Herentals totem,Herentals,51.1739426,4.811783,2.08712614791416,51.18422018727002,4.836837147876236,2024,8,11,13011,Herentals,Normaal,Droog,Dag,met lichtgewonden,9,personenauto,3,Fiets,Op Kruispunt,Gewestweg,buiten bebouwde kom,Tussen 2 bestuurders: Frontale botsing,Geen hindernis
48857,94,Herentals teller 2,Herentals,51.17345,4.81283,2.078313267114633,51.1775842840229,4.84190429722173,2024,8,11,13011,Herentals,Normaal,Droog,Dag,met lichtgewonden,9,personenauto,3,Fiets,Op Kruispunt,Gemeenteweg,buiten bebouwde kom,Tss. 2 best.: langs opzij (voor-/achterkant-flank),Geen hindernis
48857,110,Herentals totem,Herentals,51.1739426,4.811783,2.1384988019426694,51.1775842840229,4.84190429722173,2024,8,11,13011,Herentals,Normaal,Droog,Dag,met lichtgewonden,9,personenauto,3,Fiets,Op Kruispunt,Gemeenteweg,buiten bebouwde kom,Tss. 2 best.: langs opzij (voor-/achterkant-flank),Geen hindernis
48860,94,Herentals teller 2,Herentals,51.17345,4.81283,2.0578448113399737,51.18422018727002,4.836837147876236,2024,8,11,13011,Herentals,Normaal,Droog,Dag,met zwaargewonden,3,Fiets,9,personenauto,Op Kruispunt,Gewestweg,binnen bebouwde kom,Tss. 2 best.: langs opzij (voor-/achterkant-flank),Geen hindernis
48860,110,Herentals totem,Herentals,51.1739426,4.811783,2.08712614791416,51.18422018727002,4.836837147876236,2024,8,11,13011,Herentals,Normaal,Droog,Dag,met zwaargewonden,3,Fiets,9,personenauto,Op Kruispunt,Gewestweg,binnen bebouwde kom,Tss. 2 best.: langs opzij (voor-/achterkant-flank),Geen hindernis
48861,94,Herentals teller 2,Herentals,51.17345,4.81283,2.078313267114633,51.1775842840229,4.84190429722173,2024,8,12,13011,Herentals,Normaal,Droog,Dag,met lichtgewonden,3,Fiets,9,personenauto,Op Kruispunt,Gemeenteweg,binnen bebouwde kom,Tss. 2 best.: langs opzij (voor-/achterkant-flank),Geen hindernis
48861,110,Herentals totem,Herentals,51.1739426,4.811783,2.1384988019426694,51.1775842840229,4.84190429722173,2024,8,12,13011,Herentals,Normaal,Droog,Dag,met lichtgewonden,3,Fiets,9,personenauto,Op Kruispunt,Gemeenteweg,binnen bebouwde kom,Tss. 2 best.: langs opzij (voor-/achterkant-flank),Geen hindernis
48864,38,Lommel teller 2,Lommel,51.23277,5.29189,1.7081087324018684,51.22199519373058,5.309373611626099,2024,8,10,72020,Lommel,Normaal,Droog,Dag,met lichtgewonden,9,personenauto,3,Fiets,Op Kruispunt,Gemeenteweg,buiten bebouwde kom,Tussen 2 bestuurders: Frontale botsing,Geen hindernis
48864,37,Lommel teller 1,Lommel,51.23299,5.29211,1.7145782447128304,51.22199519373058,5.309373611626099,2024,8,10,72020,Lommel,Normaal,Droog,Dag,met lichtgewonden,9,personenauto,3,Fiets,Op Kruispunt,Gemeenteweg,buiten bebouwde kom,Tussen 2 bestuurders: Frontale botsing,Geen hindernis
48869,46,Pelt teller 2,Pelt,51.231,5.44375,0.21337953941653084,51.229851628908975,5.441294790284805,2024,8,12,72043,Pelt,Normaal,Droog,Dag,met lichtgewonden,9,personenauto,3,Fiets,Op Kruispunt,Gewestweg,binnen bebouwde kom,Tss. 2 best.: langs opzij (voor-/achterkant-flank),Geen hindernis
48869,45,Pelt teller 1,Pelt,51.23127,5.44377,0.23361816818322792,51.229851628908975,5.441294790284805,2024,8,12,72043,Pelt,Normaal,Droog,Dag,met lichtgewonden,9,personenauto,3,Fiets,Op Kruispunt,Gewestweg,binnen bebouwde kom,Tss. 2 best.: langs opzij (voor-/achterkant-flank),Geen hindernis
48879,39,Peer teller 1,Peer,51.13425,5.47817,1.4013021727798753,51.13115852910939,5.4587010305046055,2024,8,21,72030,Peer,Normaal,Droog,Dag,met lichtgewonden,9,personenauto,3,Fiets,Op Kruispunt,Gewestweg,binnen bebouwde kom,Tss. 2 best.: langs opzij (voor-/achterkant-flank),Geen hindernis
48879,40,Peer teller 2,Peer,51.13438,5.47892,1.4555803977273303,51.13115852910939,5.4587010305046055,2024,8,21,72030,Peer,Normaal,Droog,Dag,met lichtgewonden,9,personenauto,3,Fiets,Op Kruispunt,Gewestweg,binnen bebouwde kom,Tss. 2 best.: langs opzij (voor-/achterkant-flank),Geen hindernis
48886,21,Bilzen,Bilzen,50.86015,5.50161,2.1844966631310374,50.86997450060843,5.528565073554313,2024,8,15,73006,Bilzen,Normaal,"Nat, plassen",Dag,met lichtgewonden,3,Fiets,10,"één bestuurder, geen hindernis",Op Kruispunt,Gemeenteweg,buiten bebouwde kom,"Eén bestuurder, geen hindernis (incl. val)",Geen hindernis
48889,107,leuven totem,Leuven,50.8870744,4.7087919,0.6255153418211596,50.885773515721915,4.717467223777204,2024,8,10,24062,Leuven,Normaal,Droog,Dag,met lichtgewonden,3,Fiets,3,Fiets,Buiten Kruispunt,Gemeenteweg,binnen bebouwde kom,Tussen 2 bestuurders: Flank tegen flank,Geen hindernis
48889,77,Leuven teller 2,Leuven,50.88672,4.70796,0.675172079290332,50.885773515721915,4.717467223777204,2024,8,10,24062,Leuven,Normaal,Droog,Dag,met lichtgewonden,3,Fiets,3,Fiets,Buiten Kruispunt,Gemeenteweg,binnen bebouwde kom,Tussen 2 bestuurders: Flank tegen flank,Geen hindernis
48889,69,Leuven teller 1,Leuven,50.87549,4.71526,1.1539124086076713,50.885773515721915,4.717467223777204,2024,8,10,24062,Leuven,Normaal,Droog,Dag,met lichtgewonden,3,Fiets,3,Fiets,Buiten Kruispunt,Gemeenteweg,binnen bebouwde kom,Tussen 2 bestuurders: Flank tegen flank,Geen hindernis
48890,151,Leuven,District Leuven,50.8690262,4.6854839,0.983726041663042,50.87287565555833,4.69810607455215,2024,8,1,24062,Leuven,Onbekend,Onbekend,Onbekend,met lichtgewonden,3,Fiets,3,Fiets,Op Kruispunt,Gemeenteweg,binnen bebouwde kom,Tussen 2 bestuurders: Frontale botsing,Geen hindernis
48890,69,Leuven teller 1,Leuven,50.87549,4.71526,1.2382440701333532,50.87287565555833,4.69810607455215,2024,8,1,24062,Leuven,Onbekend,Onbekend,Onbekend,met lichtgewonden,3,Fiets,3,Fiets,Op Kruispunt,Gemeenteweg,binnen bebouwde kom,Tussen 2 bestuurders: Frontale botsing,Geen hindernis
48890,77,Leuven teller 2,Leuven,50.88672,4.70796,1.6875310886079056,50.87287565555833,4.69810607455215,2024,8,1,24062,Leuven,Onbekend,Onbekend,Onbekend,met lichtgewonden,3,Fiets,3,Fiets,Op Kruispunt,Gemeenteweg,binnen bebouwde kom,Tussen 2 bestuurders: Frontale botsing,Geen hindernis
48890,107,leuven totem,Leuven,50.8870744,4.7087919,1.7477828589104496,50.87287565555833,4.69810607455215,2024,8,1,24062,Leuven,Onbekend,Onbekend,Onbekend,met lichtgewonden,3,Fiets,3,Fiets,Op Kruispunt,Gemeenteweg,binnen bebouwde kom,Tussen 2 bestuurders: Frontale botsing,Geen hindernis
48891,69,Leuven teller 1,Leuven,50.87549,4.71526,1.0604796000193988,50.878207906950585,4.700772202732311,2024,8,17,24062,Leuven,Normaal,Droog,Dag,met lichtgewonden,3,Fiets,3,Fiets,Op Kruispunt,Gemeenteweg,binnen bebouwde kom,Tussen 2 bestuurders: Flank tegen flank,Geen hindernis
48891,77,Leuven teller 2,Leuven,50.88672,4.70796,1.0724451559154853,50.878207906950585,4.700772202732311,2024,8,17,24062,Leuven,Normaal,Droog,Dag,met lichtgewonden,3,Fiets,3,Fiets,Op Kruispunt,Gemeenteweg,binnen bebouwde kom,Tussen 2 bestuurders: Flank tegen flank,Geen hindernis
48891,107,leuven totem,Leuven,50.8870744,4.7087919,1.1351439533836691,50.878207906950585,4.700772202732311,2024,8,17,24062,Leuven,Normaal,Droog,Dag,met lichtgewonden,3,Fiets,3,Fiets,Op Kruispunt,Gemeenteweg,binnen bebouwde kom,Tussen 2 bestuurders: Flank tegen flank,Geen hindernis
48891,151,Leuven,District Leuven,50.8690262,4.6854839,1.4809250225742516,50.878207906950585,4.700772202732311,2024,8,17,24062,Leuven,Normaal,Droog,Dag,met lichtgewonden,3,Fiets,3,Fiets,Op Kruispunt,Gemeenteweg,binnen bebouwde kom,Tussen 2 bestuurders: Flank tegen flank,Geen hindernis
48893,107,leuven totem,Leuven,50.8870744,4.7087919,1.0547497844457365,50.885341658907805,4.723574816955117,2024,8,19,24062,Leuven,Normaal,Droog,Dag,met lichtgewonden,3,Fiets,9,personenauto,Op Kruispunt,Gemeenteweg,binnen bebouwde kom,Tss. 2 best.: langs opzij (voor-/achterkant-flank),Geen hindernis
48893,77,Leuven teller 2,Leuven,50.88672,4.70796,1.106034088920527,50.885341658907805,4.723574816955117,2024,8,19,24062,Leuven,Normaal,Droog,Dag,met lichtgewonden,3,Fiets,9,personenauto,Op Kruispunt,Gemeenteweg,binnen bebouwde kom,Tss. 2 best.: langs opzij (voor-/achterkant-flank),Geen hindernis
48893,69,Leuven teller 1,Leuven,50.87549,4.71526,1.2410936391023415,50.885341658907805,4.723574816955117,2024,8,19,24062,Leuven,Normaal,Droog,Dag,met lichtgewonden,3,Fiets,9,personenauto,Op Kruispunt,Gemeenteweg,binnen bebouwde kom,Tss. 2 best.: langs opzij (voor-/achterkant-flank),Geen hindernis
48894,77,Leuven teller 2,Leuven,50.88672,4.70796,0.8246004276563431,50.887219189012285,4.696231438966544,2024,8,14,24062,Leuven,Normaal,Droog,Dag,met lichtgewonden,5,Lichte vrachtauto,3,Fiets,Op Kruispunt,Gemeenteweg,binnen bebouwde kom,Tss. 2 best.: langs opzij (voor-/achterkant-flank),Geen hindernis
48894,107,leuven totem,Leuven,50.8870744,4.7087919,0.8812295894678195,50.887219189012285,4.696231438966544,2024,8,14,24062,Leuven,Normaal,Droog,Dag,met lichtgewonden,5,Lichte vrachtauto,3,Fiets,Op Kruispunt,Gemeenteweg,binnen bebouwde kom,Tss. 2 best.: langs opzij (voor-/achterkant-flank),Geen hindernis
48894,69,Leuven teller 1,Leuven,50.87549,4.71526,1.8663189670276037,50.887219189012285,4.696231438966544,2024,8,14,24062,Leuven,Normaal,Droog,Dag,met lichtgewonden,5,Lichte vrachtauto,3,Fiets,Op Kruispunt,Gemeenteweg,binnen bebouwde kom,Tss. 2 best.: langs opzij (voor-/achterkant-flank),Geen hindernis
48894,151,Leuven,District Leuven,50.8690262,4.6854839,2.158935315015679,50.887219189012285,4.696231438966544,2024,8,14,24062,Leuven,Normaal,Droog,Dag,met lichtgewonden,5,Lichte vrachtauto,3,Fiets,Op Kruispunt,Gemeenteweg,binnen bebouwde kom,Tss. 2 best.: langs opzij (voor-/achterkant-flank),Geen hindernis
48895,69,Leuven teller 1,Leuven,50.87549,4.71526,0.1898161282776515,50.873989617763975,4.713969726485763,2024,8,13,24062,Leuven,Normaal,Droog,Dag,met lichtgewonden,3,Fiets,3,Fiets,Buiten Kruispunt,Gemeenteweg,binnen bebouwde kom,Tussen 2 bestuurders: Flank tegen flank,Geen hindernis
48895,77,Leuven teller 2,Leuven,50.88672,4.70796,1.4770114132585686,50.873989617763975,4.713969726485763,2024,8,13,24062,Leuven,Normaal,Droog,Dag,met lichtgewonden,3,Fiets,3,Fiets,Buiten Kruispunt,Gemeenteweg,binnen bebouwde kom,Tussen 2 bestuurders: Flank tegen flank,Geen hindernis
48895,107,leuven totem,Leuven,50.8870744,4.7087919,1.4996239751088296,50.873989617763975,4.713969726485763,2024,8,13,24062,Leuven,Normaal,Droog,Dag,met lichtgewonden,3,Fiets,3,Fiets,Buiten Kruispunt,Gemeenteweg,binnen bebouwde kom,Tussen 2 bestuurders: Flank tegen flank,Geen hindernis
48895,151,Leuven,District Leuven,50.8690262,4.6854839,2.0736685792169185,50.873989617763975,4.713969726485763,2024,8,13,24062,Leuven,Normaal,Droog,Dag,met lichtgewonden,3,Fiets,3,Fiets,Buiten Kruispunt,Gemeenteweg,binnen bebouwde kom,Tussen 2 bestuurders: Flank tegen flank,Geen hindernis
48896,151,Leuven,District Leuven,50.8690262,4.6854839,0.9155396330876291,50.86864941598811,4.6985167773454934,2024,8,7,24062,Leuven,Normaal,Droog,Dag,met lichtgewonden,6,Bromfiets,3,Fiets,Op Kruispunt,Gewestweg,binnen bebouwde kom,Tussen 2 bestuurders: Flank tegen flank,Geen hindernis
48896,69,Leuven teller 1,Leuven,50.87549,4.71526,1.3996052512205819,50.86864941598811,4.6985167773454934,2024,8,7,24062,Leuven,Normaal,Droog,Dag,met lichtgewonden,6,Bromfiets,3,Fiets,Op Kruispunt,Gewestweg,binnen bebouwde kom,Tussen 2 bestuurders: Flank tegen flank,Geen hindernis
48896,77,Leuven teller 2,Leuven,50.88672,4.70796,2.115771879988881,50.86864941598811,4.6985167773454934,2024,8,7,24062,Leuven,Normaal,Droog,Dag,met lichtgewonden,6,Bromfiets,3,Fiets,Op Kruispunt,Gewestweg,binnen bebouwde kom,Tussen 2 bestuurders: Flank tegen flank,Geen hindernis
48896,107,leuven totem,Leuven,50.8870744,4.7087919,2.171901606330204,50.86864941598811,4.6985167773454934,2024,8,7,24062,Leuven,Normaal,Droog,Dag,met lichtgewonden,6,Bromfiets,3,Fiets,Op Kruispunt,Gewestweg,binnen bebouwde kom,Tussen 2 bestuurders: Flank tegen flank,Geen hindernis
48896,108,Heverlee teller 1,Leuven,50.8471728,4.6954674,2.397663534041124,50.86864941598811,4.6985167773454934,2024,8,7,24062,Leuven,Normaal,Droog,Dag,met lichtgewonden,6,Bromfiets,3,Fiets,Op Kruispunt,Gewestweg,binnen bebouwde kom,Tussen 2 bestuurders: Flank tegen flank,Geen hindernis
48897,151,Leuven,District Leuven,50.8690262,4.6854839,0.20985296327744213,50.869423582964764,4.6884073094884195,2024,8,19,24062,Leuven,Onbekend,Onbekend,Dag,met lichtgewonden,3,Fiets,3,Fiets,Buiten Kruispunt,Gewestweg,binnen bebouwde kom,Tussen 2 bestuurders: Frontale botsing,Geen hindernis
48897,69,Leuven teller 1,Leuven,50.87549,4.71526,2.0013436369625146,50.869423582964764,4.6884073094884195,2024,8,19,24062,Leuven,Onbekend,Onbekend,Dag,met lichtgewonden,3,Fiets,3,Fiets,Buiten Kruispunt,Gewestweg,binnen bebouwde kom,Tussen 2 bestuurders: Frontale botsing,Geen hindernis
48897,77,Leuven teller 2,Leuven,50.88672,4.70796,2.3623961202948713,50.869423582964764,4.6884073094884195,2024,8,19,24062,Leuven,Onbekend,Onbekend,Dag,met lichtgewonden,3,Fiets,3,Fiets,Buiten Kruispunt,Gewestweg,binnen bebouwde kom,Tussen 2 bestuurders: Frontale botsing,Geen hindernis
48897,107,leuven totem,Leuven,50.8870744,4.7087919,2.428493750300268,50.869423582964764,4.6884073094884195,2024,8,19,24062,Leuven,Onbekend,Onbekend,Dag,met lichtgewonden,3,Fiets,3,Fiets,Buiten Kruispunt,Gewestweg,binnen bebouwde kom,Tussen 2 bestuurders: Frontale botsing,Geen hindernis
48901,69,Leuven teller 1,Leuven,50.87549,4.71526,0.8758794423350904,50.86907173443639,4.708023722161793,2024,8,15,24062,Leuven,Normaal,Droog,Dag,met lichtgewonden,3,Fiets,9,personenauto,Op Kruispunt,Gewestweg,binnen bebouwde kom,Tss. 2 best.: langs opzij (voor-/achterkant-flank),Geen hindernis
48901,151,Leuven,District Leuven,50.8690262,4.6854839,1.5817300843670716,50.86907173443639,4.708023722161793,2024,8,15,24062,Leuven,Normaal,Droog,Dag,met lichtgewonden,3,Fiets,9,personenauto,Op Kruispunt,Gewestweg,binnen bebouwde kom,Tss. 2 best.: langs opzij (voor-/achterkant-flank),Geen hindernis
48901,77,Leuven teller 2,Leuven,50.88672,4.70796,1.9624026875635316,50.86907173443639,4.708023722161793,2024,8,15,24062,Leuven,Normaal,Droog,Dag,met lichtgewonden,3,Fiets,9,personenauto,Op Kruispunt,Gewestweg,binnen bebouwde kom,Tss. 2 best.: langs opzij (voor-/achterkant-flank),Geen hindernis
48901,107,leuven totem,Leuven,50.8870744,4.7087919,2.00253048788873,50.86907173443639,4.708023722161793,2024,8,15,24062,Leuven,Normaal,Droog,Dag,met lichtgewonden,3,Fiets,9,personenauto,Op Kruispunt,Gewestweg,binnen bebouwde kom,Tss. 2 best.: langs opzij (voor-/achterkant-flank),Geen hindernis
48909,87,Aarschot,Aarschot,50.99084,4.81259,1.8321738361917004,50.98566843039094,4.837443089434477,2024,8,11,24001,Aarschot,Normaal,Droog,Dag,met lichtgewonden,3,Fiets,3,Fiets,Buiten Kruispunt,Gemeenteweg,binnen bebouwde kom,Tussen 2 bestuurders: Frontale botsing,Geen hindernis
48910,87,Aarschot,Aarschot,50.99084,4.81259,1.9724116790279542,50.98992518092821,4.840733133569477,2024,8,9,24001,Aarschot,Normaal,Droog,Dag,met lichtgewonden,3,Fiets,9,personenauto,Op Kruispunt,Gewestweg,binnen bebouwde kom,Tss. 2 best.: langs opzij (voor-/achterkant-flank),Geen hindernis
48916,101,Diest teller 1,Diest,50.97799,5.04481,1.5951191213381481,50.99038997515408,5.056267608482823,2024,8,16,24020,Diest,Normaal,Droog,Dag,met zwaargewonden,3,Fiets,3,Fiets,Op Kruispunt,Gewestweg,binnen bebouwde kom,Tussen 2 bestuurders: Flank tegen flank,Geen hindernis
48916,102,Diest teller 2,Diest,50.9779,5.04474,1.606234006811709,50.99038997515408,5.056267608482823,2024,8,16,24020,Diest,Normaal,Droog,Dag,met zwaargewonden,3,Fiets,3,Fiets,Op Kruispunt,Gewestweg,binnen bebouwde kom,Tussen 2 bestuurders: Flank tegen flank,Geen hindernis
48917,101,Diest teller 1,Diest,50.97799,5.04481,1.358203989400384,50.989529723008545,5.051170146611723,2024,8,13,24020,Diest,Normaal,Droog,Dag,met zwaargewonden,5,Lichte vrachtauto,3,Fiets,Op Kruispunt,Gemeenteweg,binnen bebouwde kom,Tussen 2 bestuurders: Langs achteren,Geen hindernis
48917,102,Diest teller 2,Diest,50.9779,5.04474,1.369265656870837,50.989529723008545,5.051170146611723,2024,8,13,24020,Diest,Normaal,Droog,Dag,met zwaargewonden,5,Lichte vrachtauto,3,Fiets,Op Kruispunt,Gemeenteweg,binnen bebouwde kom,Tussen 2 bestuurders: Langs achteren,Geen hindernis
48921,101,Diest teller 1,Diest,50.97799,5.04481,0.36161408484301866,50.9805859957814,5.0479211312279615,2024,8,10,24020,Diest,Normaal,Droog,Dag,met lichtgewonden,2,Andere weggebruiker,3,Fiets,Op Kruispunt,Gewestweg,binnen bebouwde kom,Tss. 2 best.: langs opzij (voor-/achterkant-flank),Geen hindernis
48921,102,Diest teller 2,Diest,50.9779,5.04474,0.3725605291132744,50.9805859957814,5.0479211312279615,2024,8,10,24020,Diest,Normaal,Droog,Dag,met lichtgewonden,2,Andere weggebruiker,3,Fiets,Op Kruispunt,Gewestweg,binnen bebouwde kom,Tss. 2 best.: langs opzij (voor-/achterkant-flank),Geen hindernis
48922,101,Diest teller 1,Diest,50.97799,5.04481,1.0926037053032276,50.986199703838835,5.053386118505593,2024,8,15,24020,Diest,Normaal,Droog,Dag,met lichtgewonden,3,Fiets,9,personenauto,Op Kruispunt,Gemeenteweg,binnen bebouwde kom,Tss. 2 best.: langs opzij (voor-/achterkant-flank),Geen hindernis
48922,102,Diest teller 2,Diest,50.9779,5.04474,1.1036589060068924,50.986199703838835,5.053386118505593,2024,8,15,24020,Diest,Normaal,Droog,Dag,met lichtgewonden,3,Fiets,9,personenauto,Op Kruispunt,Gemeenteweg,binnen bebouwde kom,Tss. 2 best.: langs opzij (voor-/achterkant-flank),Geen hindernis
48923,87,Aarschot,Aarschot,50.99084,4.81259,1.4983436764706344,50.977441247861535,4.814862758210077,2024,8,18,24001,Aarschot,Normaal,Droog,Dag,met lichtgewonden,9,personenauto,3,Fiets,Op Kruispunt,Gewestweg,buiten bebouwde kom,Tss. 2 best.: langs opzij (voor-/achterkant-flank),Geen hindernis
48924,111,Zaventem totem,Zaventem,50.8871216,4.4597084,0.8776654936682913,50.890077623239186,4.471309940121176,2024,8,12,23094,Zaventem,Normaal,Droog,Dag,met zwaargewonden,9,personenauto,3,Fiets,Op Kruispunt,Gewestweg,binnen bebouwde kom,Tussen 2 bestuurders: Frontale botsing,Geen hindernis
48925,111,Zaventem totem,Zaventem,50.8871216,4.4597084,0.8856450031847316,50.89028439175793,4.471296182162737,2024,8,14,23094,Zaventem,Normaal,Droog,Dag,met lichtgewonden,9,personenauto,3,Fiets,Buiten Kruispunt,Gewestweg,binnen bebouwde kom,Tss. 2 best.: langs opzij (voor-/achterkant-flank),Geen hindernis
48928,145,Overijse,District Vilvoorde-gewestwegen,50.7885856,4.4908759,0.19785181507512611,50.790003413190796,4.492576509773302,2024,8,14,23062,Overijse,Normaal,Droog,Dag,met lichtgewonden,9,personenauto,3,Fiets,Buiten Kruispunt,Gemeenteweg,buiten bebouwde kom,Tss. 2 best.: langs opzij (voor-/achterkant-flank),Geen hindernis
48928,146,Overijse 2,District Vilvoorde-gewestwegen,50.7881478,4.4902818,0.2619041363298025,50.790003413190796,4.492576509773302,2024,8,14,23062,Overijse,Normaal,Droog,Dag,met lichtgewonden,9,personenauto,3,Fiets,Buiten Kruispunt,Gemeenteweg,buiten bebouwde kom,Tss. 2 best.: langs opzij (voor-/achterkant-flank),Geen hindernis
48928,147,Overijse,District Vilvoorde-gewestwegen,50.7797555,4.4975769,1.1925067424147744,50.790003413190796,4.492576509773302,2024,8,14,23062,Overijse,Normaal,Droog,Dag,met lichtgewonden,9,personenauto,3,Fiets,Buiten Kruispunt,Gemeenteweg,buiten bebouwde kom,Tss. 2 best.: langs opzij (voor-/achterkant-flank),Geen hindernis
48929,147,Overijse,District Vilvoorde-gewestwegen,50.7797555,4.4975769,0.7379940611561976,50.78371358150764,4.50600285039536,2024,8,14,23062,Overijse,Normaal,Droog,Dag,met zwaargewonden,3,Fiets,9,personenauto,Buiten Kruispunt,Gewestweg,buiten bebouwde kom,Tussen 2 bestuurders: Frontale botsing,Geen hindernis
48929,145,Overijse,District Vilvoorde-gewestwegen,50.7885856,4.4908759,1.193455076655712,50.78371358150764,4.50600285039536,2024,8,14,23062,Overijse,Normaal,Droog,Dag,met zwaargewonden,3,Fiets,9,personenauto,Buiten Kruispunt,Gewestweg,buiten bebouwde kom,Tussen 2 bestuurders: Frontale botsing,Geen hindernis
48929,146,Overijse 2,District Vilvoorde-gewestwegen,50.7881478,4.4902818,1.210182520559757,50.78371358150764,4.50600285039536,2024,8,14,23062,Overijse,Normaal,Droog,Dag,met zwaargewonden,3,Fiets,9,personenauto,Buiten Kruispunt,Gewestweg,buiten bebouwde kom,Tussen 2 bestuurders: Frontale botsing,Geen hindernis
48934,86,Asse teller 2,Asse,50.89132,4.1709,2.0816447160082907,50.873348666864075,4.162588937598876,2024,8,8,23086,Ternat,Normaal,Droog,Dag,met lichtgewonden,3,Fiets,9,personenauto,Buiten Kruispunt,Gewestweg,binnen bebouwde kom,Tss. 2 best.: langs opzij (voor-/achterkant-flank),Geen hindernis
48941,27,Grimbergen,Meise,50.92127,4.34013,1.7808809391092182,50.91096907760675,4.359582067421216,2024,7,12,23025,Grimbergen,Onbekend,Onbekend,Dag,met lichtgewonden,3,Fiets,10,"één bestuurder, geen hindernis",Op Kruispunt,Gemeenteweg,binnen bebouwde kom,"Eén bestuurder, geen hindernis (incl. val)",Geen hindernis
48942,1,Machelen,Machelen,50.91618331151478,4.456121776137429,1.9703192502446483,50.90164332501832,4.440060259580651,2024,8,16,23047,Machelen,Normaal,Droog,Dag,met lichtgewonden,3,Fiets,9,personenauto,Buiten Kruispunt,Gewestweg,buiten bebouwde kom,Tss. 2 best.: langs opzij (voor-/achterkant-flank),Geen hindernis
48942,111,Zaventem totem,Zaventem,50.8871216,4.4597084,2.1228316102176157,50.90164332501832,4.440060259580651,2024,8,16,23047,Machelen,Normaal,Droog,Dag,met lichtgewonden,3,Fiets,9,personenauto,Buiten Kruispunt,Gewestweg,buiten bebouwde kom,Tss. 2 best.: langs opzij (voor-/achterkant-flank),Geen hindernis
48942,149,Machelen,,50.88297881,4.43356644,2.124791433101937,50.90164332501832,4.440060259580651,2024,8,16,23047,Machelen,Normaal,Droog,Dag,met lichtgewonden,3,Fiets,9,personenauto,Buiten Kruispunt,Gewestweg,buiten bebouwde kom,Tss. 2 best.: langs opzij (voor-/achterkant-flank),Geen hindernis
48942,47,Vilvoorde,Vilvoorde,50.91372,4.41497,2.213188935510879,50.90164332501832,4.440060259580651,2024,8,16,23047,Machelen,Normaal,Droog,Dag,met lichtgewonden,3,Fiets,9,personenauto,Buiten Kruispunt,Gewestweg,buiten bebouwde kom,Tss. 2 best.: langs opzij (voor-/achterkant-flank),Geen hindernis
48943,47,Vilvoorde,Vilvoorde,50.91372,4.41497,0.8958074912026862,50.913372357967354,4.427735716434519,2024,8,14,23047,Machelen,Normaal,Droog,Dag,met lichtgewonden,9,personenauto,3,Fiets,Buiten Kruispunt,Gemeenteweg,binnen bebouwde kom,Tss. 2 best.: langs opzij (voor-/achterkant-flank),Geen hindernis
48943,1,Machelen,Machelen,50.91618331151478,4.456121776137429,2.0144212336189784,50.913372357967354,4.427735716434519,2024,8,14,23047,Machelen,Normaal,Droog,Dag,met lichtgewonden,9,personenauto,3,Fiets,Buiten Kruispunt,Gemeenteweg,binnen bebouwde kom,Tss. 2 best.: langs opzij (voor-/achterkant-flank),Geen hindernis