crash_row_id,site_id,site_name,site_gemeente,site_lat,site_long,distance_km,crash_lat,crash_long,DT_YEAR_COLLISION,DT_MONTH_COLLISION,DT_TIME,CD_NIS,TX_MUNTY_COLLISION_NL,TX_WEATHER_NL,TX_ROAD_CONDITION_NL,TX_LIGHT_CONDITION_NL,TX_CLASS_ACCIDENTS_NL,CD_ROAD_USR_TYPE1,TX_ROAD_USR_TYPE1_NL,CD_ROAD_USR_TYPE2,TX_ROAD_USR_TYPE2_NL,TX_CROSSWAY_NL,CD_ROAD_TYPE_NL,TX_BUILD_UP_AREA_NL,TX_COLLISION_TYPE_NL,TX_OBSTACLES_NL
48944,47,Vilvoorde,Vilvoorde,50.91372,4.41497,0.9056794033181549,50.91886620745442,4.424983794068608,2024,8,2,23088,Vilvoorde,Normaal,Droog,"Nacht, openbare verlichting aanwezig en ontstoken",met zwaargewonden,3,Fiets,11,een weggebruiker tegen een hindernis,Op Kruispunt,Gewestweg,binnen bebouwde kom,Weggebruiker tegen hindernis op de rijbaan,"Op de rijbaan: Verkeersdrempel, ezelsrug"
48944,1,Machelen,Machelen,50.91618331151478,4.456121776137429,2.203112451160189,50.91886620745442,4.424983794068608,2024,8,2,23088,Vilvoorde,Normaal,Droog,"Nacht, openbare verlichting aanwezig en ontstoken",met zwaargewonden,3,Fiets,11,een weggebruiker tegen een hindernis,Op Kruispunt,Gewestweg,binnen bebouwde kom,Weggebruiker tegen hindernis op de rijbaan,"Op de rijbaan: Verkeersdrempel, ezelsrug"
48945,71,Kampenhout teller 2,Kampenhout,50.95589,4.59164,0.6034107452687326,50.95992996588965,4.58588808763122,2024,8,12,23038,Kampenhout,Onbekend,Onbekend,Dag,met lichtgewonden,9,personenauto,3,Fiets,Op Kruispunt,Gewestweg,onbekend,Tss. 2 best.: langs opzij (voor-/achterkant-flank),Geen hindernis
48945,70,Kampenhout teller 1,Kampenhout,50.95682,4.59318,0.6167874714738294,50.95992996588965,4.58588808763122,2024,8,12,23038,Kampenhout,Onbekend,Onbekend,Dag,met lichtgewonden,9,personenauto,3,Fiets,Op Kruispunt,Gewestweg,onbekend,Tss. 2 best.: langs opzij (voor-/achterkant-flank),Geen hindernis
48947,109,Zemst,Zemst,50.9903936,4.4707023,1.5992257905165963,51.00463437772111,4.473898950213107,2024,8,22,12025,Mechelen,Onbekend,Onbekend,Onbekend,met lichtgewonden,9,personenauto,3,Fiets,Buiten Kruispunt,Gewestweg,onbekend,Tss. 2 best.: langs opzij (voor-/achterkant-flank),Geen hindernis
48951,1,Machelen,Machelen,50.91618331151478,4.456121776137429,1.9703192502446483,50.90164332501832,4.440060259580651,2024,8,16,23047,Machelen,Normaal,Droog,Dag,met lichtgewonden,3,Fiets,3,Fiets,Op Kruispunt,Gewestweg,buiten bebouwde kom,Tussen 2 bestuurders: Flank tegen flank,Geen hindernis
48951,111,Zaventem totem,Zaventem,50.8871216,4.4597084,2.1228316102176157,50.90164332501832,4.440060259580651,2024,8,16,23047,Machelen,Normaal,Droog,Dag,met lichtgewonden,3,Fiets,3,Fiets,Op Kruispunt,Gewestweg,buiten bebouwde kom,Tussen 2 bestuurders: Flank tegen flank,Geen hindernis
48951,149,Machelen,,50.88297881,4.43356644,2.124791433101937,50.90164332501832,4.440060259580651,2024,8,16,23047,Machelen,Normaal,Droog,Dag,met lichtgewonden,3,Fiets,3,Fiets,Op Kruispunt,Gewestweg,buiten bebouwde kom,Tussen 2 bestuurders: Flank tegen flank,Geen hindernis
48951,47,Vilvoorde,Vilvoorde,50.91372,4.41497,2.213188935510879,50.90164332501832,4.440060259580651,2024,8,16,23047,Machelen,Normaal,Droog,Dag,met lichtgewonden,3,Fiets,3,Fiets,Op Kruispunt,Gewestweg,buiten bebouwde kom,Tussen 2 bestuurders: Flank tegen flank,Geen hindernis
48952,13,Gent,Gent,51.03018,3.70146,2.086000218794138,51.048235925372886,3.7095560974895214,2024,8,3,44021,Gent,Normaal,Droog,"Nacht, openbare verlichting aanwezig en ontstoken",met lichtgewonden,3,Fiets,10,"één bestuurder, geen hindernis",Buiten Kruispunt,Gewestweg,binnen bebouwde kom,"Eén bestuurder, geen hindernis (incl. val)",Geen hindernis
48954,119,Gent teller 2,Gent,51.0281795,3.7683918,1.963886005779061,51.04393629866432,3.7557038995353875,2024,8,16,44021,Gent,Normaal,Droog,Dag,met lichtgewonden,3,Fiets,9,personenauto,Op Kruispunt,Gemeenteweg,binnen bebouwde kom,Tussen 2 bestuurders: Frontale botsing,Geen hindernis
48954,118,Gent teller 1,Gent,51.028049,3.7681359,1.9688780518149362,51.04393629866432,3.7557038995353875,2024,8,16,44021,Gent,Normaal,Droog,Dag,met lichtgewonden,3,Fiets,9,personenauto,Op Kruispunt,Gemeenteweg,binnen bebouwde kom,Tussen 2 bestuurders: Frontale botsing,Geen hindernis
48955,136,Gent R4,Gent,51.0876313,3.7587918,2.3923248114702766,51.087853382270524,3.724541622969671,2024,8,15,44021,Gent,Normaal,Droog,Dag,met lichtgewonden,3,Fiets,5,Lichte vrachtauto,Op Kruispunt,Gewestweg,binnen bebouwde kom,Tss. 2 best.: langs opzij (voor-/achterkant-flank),Geen hindernis
48959,13,Gent,Gent,51.03018,3.70146,1.0473651876949641,51.03375024886063,3.715319926645599,2024,8,18,44021,Gent,Regenval,"Nat, plassen",Dag,met lichtgewonden,5,Lichte vrachtauto,3,Fiets,Op Kruispunt,Gewestweg,binnen bebouwde kom,Tss. 2 best.: langs opzij (voor-/achterkant-flank),Geen hindernis
48960,13,Gent,Gent,51.03018,3.70146,2.1169651654999804,51.049203861945536,3.702639991095951,2024,8,2,44021,Gent,Normaal,Droog,"Nacht, geen openbare verlichting aanwezig",met lichtgewonden,3,Fiets,11,een weggebruiker tegen een hindernis,Buiten Kruispunt,Gemeenteweg,binnen bebouwde kom,Weggebruiker tegen hindernis buiten rijbaan,Buiten de rijbaan: Andere paal
48961,7,Evergem 1,Evergem,51.1089,3.70317,2.218242732256068,51.08976265628132,3.712140061426956,2024,8,9,44021,Gent,Normaal,Droog,Dag,met lichtgewonden,3,Fiets,3,Fiets,Op Kruispunt,Gemeenteweg,binnen bebouwde kom,Tussen 2 bestuurders: Flank tegen flank,Geen hindernis
48961,6,Evergem 2,Evergem,51.10894,3.70298,2.2262852068190746,51.08976265628132,3.712140061426956,2024,8,9,44021,Gent,Normaal,Droog,Dag,met lichtgewonden,3,Fiets,3,Fiets,Op Kruispunt,Gemeenteweg,binnen bebouwde kom,Tussen 2 bestuurders: Flank tegen flank,Geen hindernis
48963,118,Gent teller 1,Gent,51.028049,3.7681359,1.0600047504413996,51.033906713695394,3.756177242207709,2024,8,21,44021,Gent,Normaal,Droog,"Nacht, openbare verlichting aanwezig en ontstoken",met lichtgewonden,9,personenauto,3,Fiets,Op Kruispunt,Gewestweg,binnen bebouwde kom,Tss. 2 best.: langs opzij (voor-/achterkant-flank),Geen hindernis
48963,119,Gent teller 2,Gent,51.0281795,3.7683918,1.0654417496313777,51.033906713695394,3.756177242207709,2024,8,21,44021,Gent,Normaal,Droog,"Nacht, openbare verlichting aanwezig en ontstoken",met lichtgewonden,9,personenauto,3,Fiets,Op Kruispunt,Gewestweg,binnen bebouwde kom,Tss. 2 best.: langs opzij (voor-/achterkant-flank),Geen hindernis
48969,13,Gent,Gent,51.03018,3.70146,1.6467262608771789,51.042988949658586,3.713280328612053,2024,8,15,44021,Gent,Normaal,Droog,Dag,met lichtgewonden,3,Fiets,10,"één bestuurder, geen hindernis",Buiten Kruispunt,Gemeenteweg,binnen bebouwde kom,"Eén bestuurder, geen hindernis (incl. val)",Geen hindernis
48970,13,Gent,Gent,51.03018,3.70146,0.6928443116061475,51.03613420192771,3.704379814502225,2024,8,18,44021,Gent,Normaal,Droog,Dag,met zwaargewonden,9,personenauto,3,Fiets,Op Kruispunt,Gemeenteweg,binnen bebouwde kom,Tussen 2 bestuurders: Frontale botsing,Geen hindernis
48972,13,Gent,Gent,51.03018,3.70146,2.3009191405952056,51.04983041353007,3.7117727212766285,2024,8,10,44021,Gent,Onbekend,Droog,Dag,met lichtgewonden,3,Fiets,3,Fiets,Buiten Kruispunt,Gemeenteweg,binnen bebouwde kom,Tss. 2 best.: langs opzij (voor-/achterkant-flank),Geen hindernis
48977,119,Gent teller 2,Gent,51.0281795,3.7683918,2.351164682758293,51.04902470278488,3.762753659490921,2024,8,6,44021,Gent,Normaal,Droog,Dageraad - schemering,met lichtgewonden,9,personenauto,3,Fiets,Buiten Kruispunt,Gemeenteweg,binnen bebouwde kom,Tussen 2 bestuurders: Langs achteren,Geen hindernis
48977,118,Gent teller 1,Gent,51.028049,3.7681359,2.362555603018793,51.04902470278488,3.762753659490921,2024,8,6,44021,Gent,Normaal,Droog,Dageraad - schemering,met lichtgewonden,9,personenauto,3,Fiets,Buiten Kruispunt,Gemeenteweg,binnen bebouwde kom,Tussen 2 bestuurders: Langs achteren,Geen hindernis
48979,13,Gent,Gent,51.03018,3.70146,0.8338449401003569,51.02279281873687,3.699409202209457,2024,8,8,44021,Gent,Normaal,Droog,Dag,met lichtgewonden,3,Fiets,9,personenauto,Op Kruispunt,Gewestweg,buiten bebouwde kom,Tss. 2 best.: langs opzij (voor-/achterkant-flank),Geen hindernis
48980,7,Evergem 1,Evergem,51.1089,3.70317,1.5467219734030102,51.09673003639462,3.713898170381072,2024,8,20,44021,Gent,Normaal,Droog,Dag,met lichtgewonden,3,Fiets,10,"één bestuurder, geen hindernis",Buiten Kruispunt,Gewestweg,buiten bebouwde kom,"Eén bestuurder, geen hindernis (incl. val)",Geen hindernis
48980,6,Evergem 2,Evergem,51.10894,3.70298,1.557066605528623,51.09673003639462,3.713898170381072,2024,8,20,44021,Gent,Normaal,Droog,Dag,met lichtgewonden,3,Fiets,10,"één bestuurder, geen hindernis",Buiten Kruispunt,Gewestweg,buiten bebouwde kom,"Eén bestuurder, geen hindernis (incl. val)",Geen hindernis
48981,118,Gent teller 1,Gent,51.028049,3.7681359,2.323391463687006,51.0374179145815,3.7384375692771195,2024,8,5,44021,Gent,Normaal,Droog,Dag,met lichtgewonden,3,Fiets,10,"één bestuurder, geen hindernis",Buiten Kruispunt,Gewestweg,binnen bebouwde kom,"Eén bestuurder, geen hindernis (incl. val)",Geen hindernis
48981,119,Gent teller 2,Gent,51.0281795,3.7683918,2.3329716363541797,51.0374179145815,3.7384375692771195,2024,8,5,44021,Gent,Normaal,Droog,Dag,met lichtgewonden,3,Fiets,10,"één bestuurder, geen hindernis",Buiten Kruispunt,Gewestweg,binnen bebouwde kom,"Eén bestuurder, geen hindernis (incl. val)",Geen hindernis
48983,136,Gent R4,Gent,51.0876313,3.7587918,1.831703439150362,51.10398058420686,3.7619992188185423,2024,8,16,44021,Gent,Normaal,Proper,Dag,met lichtgewonden,3,Fiets,4,Vrachtwagen,Buiten Kruispunt,Gemeenteweg,binnen bebouwde kom,Tussen 2 bestuurders: Langs achteren,Geen hindernis
48986,7,Evergem 1,Evergem,51.1089,3.70317,1.8097969384316746,51.103835865041525,3.7278054295847296,2024,8,10,44021,Gent,Normaal,Droog,Dag,met lichtgewonden,3,Fiets,11,een weggebruiker tegen een hindernis,Op Kruispunt,Gewestweg,buiten bebouwde kom,Weggebruiker tegen hindernis buiten rijbaan,Buiten de rijbaan: Vangrails overschreden
48986,6,Evergem 2,Evergem,51.10894,3.70298,1.8237868579545415,51.103835865041525,3.7278054295847296,2024,8,10,44021,Gent,Normaal,Droog,Dag,met lichtgewonden,3,Fiets,11,een weggebruiker tegen een hindernis,Op Kruispunt,Gewestweg,buiten bebouwde kom,Weggebruiker tegen hindernis buiten rijbaan,Buiten de rijbaan: Vangrails overschreden
49004,117,Melle teller 1,Melle,50.9986113,3.8040599,1.6891687307424927,51.01103888453585,3.7901762933387153,2024,8,22,44040,Melle,Normaal,Droog,"Nacht, openbare verlichting aanwezig en ontstoken",met lichtgewonden,3,Fiets,9,personenauto,Op Kruispunt,Gewestweg,binnen bebouwde kom,Tss. 2 best.: langs opzij (voor-/achterkant-flank),Geen hindernis
49004,116,Melle teller 2,Melle,50.9986113,3.8040599,1.6891687307424927,51.01103888453585,3.7901762933387153,2024,8,22,44040,Melle,Normaal,Droog,"Nacht, openbare verlichting aanwezig en ontstoken",met lichtgewonden,3,Fiets,9,personenauto,Op Kruispunt,Gewestweg,binnen bebouwde kom,Tss. 2 best.: langs opzij (voor-/achterkant-flank),Geen hindernis
49004,118,Gent teller 1,Gent,51.028049,3.7681359,2.4401443745494946,51.01103888453585,3.7901762933387153,2024,8,22,44040,Melle,Normaal,Droog,"Nacht, openbare verlichting aanwezig en ontstoken",met lichtgewonden,3,Fiets,9,personenauto,Op Kruispunt,Gewestweg,binnen bebouwde kom,Tss. 2 best.: langs opzij (voor-/achterkant-flank),Geen hindernis
49004,119,Gent teller 2,Gent,51.0281795,3.7683918,2.440190818836969,51.01103888453585,3.7901762933387153,2024,8,22,44040,Melle,Normaal,Droog,"Nacht, openbare verlichting aanwezig en ontstoken",met lichtgewonden,3,Fiets,9,personenauto,Op Kruispunt,Gewestweg,binnen bebouwde kom,Tss. 2 best.: langs opzij (voor-/achterkant-flank),Geen hindernis
49014,7,Evergem 1,Evergem,51.1089,3.70317,1.3394620053498374,51.112655193690834,3.7214011198236405,2024,8,11,44019,Evergem,Normaal,Droog,Dag,met lichtgewonden,3,Fiets,9,personenauto,Buiten Kruispunt,Gemeenteweg,binnen bebouwde kom,Tussen 2 bestuurders: Langs achteren,Geen hindernis
49014,6,Evergem 2,Evergem,51.10894,3.70298,1.350703763383786,51.112655193690834,3.7214011198236405,2024,8,11,44019,Evergem,Normaal,Droog,Dag,met lichtgewonden,3,Fiets,9,personenauto,Buiten Kruispunt,Gemeenteweg,binnen bebouwde kom,Tussen 2 bestuurders: Langs achteren,Geen hindernis
49015,6,Evergem 2,Evergem,51.10894,3.70298,2.3489833089564125,51.11444161145006,3.6704922650546195,2024,8,22,44019,Evergem,Normaal,Droog,"Nacht, openbare verlichting aanwezig en ontstoken",met lichtgewonden,3,Fiets,11,een weggebruiker tegen een hindernis,Buiten Kruispunt,Gemeenteweg,binnen bebouwde kom,Weggebruiker tegen hindernis buiten rijbaan,Buiten de rijbaan: Andere paal
49015,7,Evergem 1,Evergem,51.1089,3.70317,2.3629487037411536,51.11444161145006,3.6704922650546195,2024,8,22,44019,Evergem,Normaal,Droog,"Nacht, openbare verlichting aanwezig en ontstoken",met lichtgewonden,3,Fiets,11,een weggebruiker tegen een hindernis,Buiten Kruispunt,Gemeenteweg,binnen bebouwde kom,Weggebruiker tegen hindernis buiten rijbaan,Buiten de rijbaan: Andere paal
49016,7,Evergem 1,Evergem,51.1089,3.70317,0.6237362815078827,51.11208270193499,3.7105272946997396,2024,8,14,44019,Evergem,Normaal,Droog,Dag,met lichtgewonden,9,personenauto,3,Fiets,Buiten Kruispunt,Gemeenteweg,binnen bebouwde kom,Tussen 2 bestuurders: Flank tegen flank,Geen hindernis
49016,6,Evergem 2,Evergem,51.10894,3.70298,0.6322337121218891,51.11208270193499,3.7105272946997396,2024,8,14,44019,Evergem,Normaal,Droog,Dag,met lichtgewonden,9,personenauto,3,Fiets,Buiten Kruispunt,Gemeenteweg,binnen bebouwde kom,Tussen 2 bestuurders: Flank tegen flank,Geen hindernis
49019,6,Evergem 2,Evergem,51.10894,3.70298,0.876488019655873,51.11664586108681,3.7003372106395758,2024,8,14,44019,Evergem,Normaal,Droog,Dag,met lichtgewonden,9,personenauto,3,Fiets,Op Kruispunt,Gemeenteweg,binnen bebouwde kom,Kettingbotsing (3 bestuurders of meer),Geen hindernis
49019,7,Evergem 1,Evergem,51.1089,3.70317,0.8837097760378174,51.11664586108681,3.7003372106395758,2024,8,14,44019,Evergem,Normaal,Droog,Dag,met lichtgewonden,9,personenauto,3,Fiets,Op Kruispunt,Gemeenteweg,binnen bebouwde kom,Kettingbotsing (3 bestuurders of meer),Geen hindernis
49063,128,Lokeren teller 1,Lokeren,51.09644,3.97023,1.7974061464203888,51.10886731824445,3.986691951896719,2024,8,1,46014,Lokeren,Regenval,"Nat, plassen","Nacht, openbare verlichting aanwezig en ontstoken",met lichtgewonden,3,Fiets,10,"één bestuurder, geen hindernis",Buiten Kruispunt,Gemeenteweg,binnen bebouwde kom,"Eén bestuurder, geen hindernis (incl. val)",Geen hindernis
49063,129,Lokeren teller 2,Lokeren,51.09612,3.97025,1.8240271934121572,51.10886731824445,3.986691951896719,2024,8,1,46014,Lokeren,Regenval,"Nat, plassen","Nacht, openbare verlichting aanwezig en ontstoken",met lichtgewonden,3,Fiets,10,"één bestuurder, geen hindernis",Buiten Kruispunt,Gemeenteweg,binnen bebouwde kom,"Eén bestuurder, geen hindernis (incl. val)",Geen hindernis
49065,128,Lokeren teller 1,Lokeren,51.09644,3.97023,1.8096186237307799,51.10790276109913,3.9886274684984824,2024,8,4,46014,Lokeren,Normaal,Droog,"Nacht, openbare verlichting aanwezig en ontstoken",met lichtgewonden,3,Fiets,10,"één bestuurder, geen hindernis",Buiten Kruispunt,Gemeenteweg,binnen bebouwde kom,"Eén bestuurder, geen hindernis (incl. val)",Geen hindernis
49065,129,Lokeren teller 2,Lokeren,51.09612,3.97025,1.8338805789027923,51.10790276109913,3.9886274684984824,2024,8,4,46014,Lokeren,Normaal,Droog,"Nacht, openbare verlichting aanwezig en ontstoken",met lichtgewonden,3,Fiets,10,"één bestuurder, geen hindernis",Buiten Kruispunt,Gemeenteweg,binnen bebouwde kom,"Eén bestuurder, geen hindernis (incl. val)",Geen hindernis
49066,141,Test site A support,Lokeren,51.08342085,3.9961071208376326,0.9189000275402178,51.08971467738689,4.004632691729346,2024,8,3,46014,Lokeren,Normaal,Droog,"Nacht, openbare verlichting aanwezig en ontstoken",met lichtgewonden,3,Fiets,11,een weggebruiker tegen een hindernis,Op Kruispunt,Gemeenteweg,binnen bebouwde kom,Weggebruiker tegen hindernis buiten rijbaan,Buiten de rijbaan: Omheining
49067,128,Lokeren teller 1,Lokeren,51.09644,3.97023,2.2574084791473723,51.11027466415595,3.993891660880705,2024,8,2,46014,Lokeren,Normaal,Droog,"Nacht, openbare verlichting aanwezig en ontstoken",met lichtgewonden,3,Fiets,10,"één bestuurder, geen hindernis",Buiten Kruispunt,Gemeenteweg,binnen bebouwde kom,"Eén bestuurder, geen hindernis (incl. val)",Geen hindernis
49067,129,Lokeren teller 2,Lokeren,51.09612,3.97025,2.280798507472435,51.11027466415595,3.993891660880705,2024,8,2,46014,Lokeren,Normaal,Droog,"Nacht, openbare verlichting aanwezig en ontstoken",met lichtgewonden,3,Fiets,10,"één bestuurder, geen hindernis",Buiten Kruispunt,Gemeenteweg,binnen bebouwde kom,"Eén bestuurder, geen hindernis (incl. val)",Geen hindernis
49068,141,Test site A support,Lokeren,51.08342085,3.9961071208376326,1.3869753567600898,51.09583367552338,3.998061377488917,2024,8,15,46014,Lokeren,Normaal,Droog,Dag,met lichtgewonden,9,personenauto,3,Fiets,Op Kruispunt,Gemeenteweg,binnen bebouwde kom,Tussen 2 bestuurders: Flank tegen flank,Geen hindernis
49068,129,Lokeren teller 2,Lokeren,51.09612,3.97025,1.9423956793508892,51.09583367552338,3.998061377488917,2024,8,15,46014,Lokeren,Normaal,Droog,Dag,met lichtgewonden,9,personenauto,3,Fiets,Op Kruispunt,Gemeenteweg,binnen bebouwde kom,Tussen 2 bestuurders: Flank tegen flank,Geen hindernis
49068,128,Lokeren teller 1,Lokeren,51.09644,3.97023,1.9446936974005338,51.09583367552338,3.998061377488917,2024,8,15,46014,Lokeren,Normaal,Droog,Dag,met lichtgewonden,9,personenauto,3,Fiets,Op Kruispunt,Gemeenteweg,binnen bebouwde kom,Tussen 2 bestuurders: Flank tegen flank,Geen hindernis
49069,141,Test site A support,Lokeren,51.08342085,3.9961071208376326,1.24907637650948,51.085274910718695,4.013744145767272,2024,8,9,46014,Lokeren,Normaal,Droog,Dag,met lichtgewonden,9,personenauto,3,Fiets,Op Kruispunt,Gemeenteweg,buiten bebouwde kom,Tss. 2 best.: langs opzij (voor-/achterkant-flank),Geen hindernis
49070,141,Test site A support,Lokeren,51.08342085,3.9961071208376326,1.435442513813067,51.09601086774286,3.9915647468754343,2024,8,10,46014,Lokeren,Normaal,Droog,Dag,met lichtgewonden,9,personenauto,3,Fiets,Buiten Kruispunt,Gemeenteweg,binnen bebouwde kom,Tss. 2 best.: langs opzij (voor-/achterkant-flank),Geen hindernis
49070,129,Lokeren teller 2,Lokeren,51.09612,3.97025,1.4885061616924369,51.09601086774286,3.9915647468754343,2024,8,10,46014,Lokeren,Normaal,Droog,Dag,met lichtgewonden,9,personenauto,3,Fiets,Buiten Kruispunt,Gemeenteweg,binnen bebouwde kom,Tss. 2 best.: langs opzij (voor-/achterkant-flank),Geen hindernis
49070,128,Lokeren teller 1,Lokeren,51.09644,3.97023,1.4906121427068706,51.09601086774286,3.9915647468754343,2024,8,10,46014,Lokeren,Normaal,Droog,Dag,met lichtgewonden,9,personenauto,3,Fiets,Buiten Kruispunt,Gemeenteweg,binnen bebouwde kom,Tss. 2 best.: langs opzij (voor-/achterkant-flank),Geen hindernis
49079,120,Zele teller 1,Zele,51.0607671,4.0547741,1.213389174376283,51.06940703701202,4.04416759910487,2024,8,23,42028,Zele,Normaal,Droog,"Nacht, openbare verlichting aanwezig en ontstoken",met lichtgewonden,3,Fiets,10,"één bestuurder, geen hindernis",Buiten Kruispunt,Gemeenteweg,binnen bebouwde kom,"Eén bestuurder, geen hindernis (incl. val)",Geen hindernis
49079,121,Zele teller 2,Zele,51.0604067,4.0556696,1.2835891400927602,51.06940703701202,4.04416759910487,2024,8,23,42028,Zele,Normaal,Droog,"Nacht, openbare verlichting aanwezig en ontstoken",met lichtgewonden,3,Fiets,10,"één bestuurder, geen hindernis",Buiten Kruispunt,Gemeenteweg,binnen bebouwde kom,"Eén bestuurder, geen hindernis (incl. val)",Geen hindernis
49080,120,Zele teller 1,Zele,51.0607671,4.0547741,1.836251237527118,51.07632446286463,4.045960422932997,2024,8,18,42028,Zele,Normaal,Droog,Dag,met lichtgewonden,3,Fiets,9,personenauto,Op Kruispunt,Gemeenteweg,buiten bebouwde kom,Tss. 2 best.: langs opzij (voor-/achterkant-flank),Geen hindernis
49080,121,Zele teller 2,Zele,51.0604067,4.0556696,1.8955376533293253,51.07632446286463,4.045960422932997,2024,8,18,42028,Zele,Normaal,Droog,Dag,met lichtgewonden,3,Fiets,9,personenauto,Op Kruispunt,Gemeenteweg,buiten bebouwde kom,Tss. 2 best.: langs opzij (voor-/achterkant-flank),Geen hindernis
49083,120,Zele teller 1,Zele,51.0607671,4.0547741,0.7602594754821549,51.067568935884616,4.055878853987258,2024,8,16,42028,Zele,Normaal,Droog,Dag,met lichtgewonden,3,Fiets,10,"één bestuurder, geen hindernis",Buiten Kruispunt,Gemeenteweg,binnen bebouwde kom,"Eén bestuurder, geen hindernis (incl. val)",Geen hindernis
49083,121,Zele teller 2,Zele,51.0604067,4.0556696,0.7965385275060164,51.067568935884616,4.055878853987258,2024,8,16,42028,Zele,Normaal,Droog,Dag,met lichtgewonden,3,Fiets,10,"één bestuurder, geen hindernis",Buiten Kruispunt,Gemeenteweg,binnen bebouwde kom,"Eén bestuurder, geen hindernis (incl. val)",Geen hindernis
49093,11,Aalst 3,Aalst,50.93385,4.01647,1.5943585075604771,50.92862728105625,4.037657373958093,2024,8,18,41002,Aalst,Normaal,Droog,Dag,met lichtgewonden,3,Fiets,9,personenauto,Buiten Kruispunt,Gewestweg,binnen bebouwde kom,Tss. 2 best.: langs opzij (voor-/achterkant-flank),Geen hindernis
49093,10,Aalst 2,Aalst,50.93549,4.01571,1.7169633119750927,50.92862728105625,4.037657373958093,2024,8,18,41002,Aalst,Normaal,Droog,Dag,met lichtgewonden,3,Fiets,9,personenauto,Buiten Kruispunt,Gewestweg,binnen bebouwde kom,Tss. 2 best.: langs opzij (voor-/achterkant-flank),Geen hindernis
49093,19,Aalst 1,Aalst,50.93433,4.01471,1.7286675954510227,50.92862728105625,4.037657373958093,2024,8,18,41002,Aalst,Normaal,Droog,Dag,met lichtgewonden,3,Fiets,9,personenauto,Buiten Kruispunt,Gewestweg,binnen bebouwde kom,Tss. 2 best.: langs opzij (voor-/achterkant-flank),Geen hindernis
49104,125,Dendermonde totem,Dendermonde,51.0372706,4.1025998,0.904088495893017,51.031107903562365,4.11103362245578,2024,8,14,42006,Dendermonde,Normaal,Droog,Dag,met lichtgewonden,5,Lichte vrachtauto,3,Fiets,Buiten Kruispunt,Gemeenteweg,binnen bebouwde kom,Tss. 2 best.: langs opzij (voor-/achterkant-flank),Geen hindernis
49104,122,Dendermonde teller 2,Dendermonde,51.0373918,4.1019222,0.9455990681979102,51.031107903562365,4.11103362245578,2024,8,14,42006,Dendermonde,Normaal,Droog,Dag,met lichtgewonden,5,Lichte vrachtauto,3,Fiets,Buiten Kruispunt,Gemeenteweg,binnen bebouwde kom,Tss. 2 best.: langs opzij (voor-/achterkant-flank),Geen hindernis
49108,53,Brugge teller 1,Brugge,51.23023,3.228,1.7881550117228289,51.21776011380491,3.21178632085524,2024,8,13,31005,Brugge,Normaal,Droog,Dag,met lichtgewonden,3,Fiets,3,Fiets,Op Kruispunt,Gemeenteweg,binnen bebouwde kom,Tss. 2 best.: langs opzij (voor-/achterkant-flank),Geen hindernis
49108,54,Brugge teller 2,Brugge,51.23015,3.22818,1.789238498117798,51.21776011380491,3.21178632085524,2024,8,13,31005,Brugge,Normaal,Droog,Dag,met lichtgewonden,3,Fiets,3,Fiets,Op Kruispunt,Gemeenteweg,binnen bebouwde kom,Tss. 2 best.: langs opzij (voor-/achterkant-flank),Geen hindernis
49108,52,Brugge,Brugge,51.22632,3.24095,2.242980716355348,51.21776011380491,3.21178632085524,2024,8,13,31005,Brugge,Normaal,Droog,Dag,met lichtgewonden,3,Fiets,3,Fiets,Op Kruispunt,Gemeenteweg,binnen bebouwde kom,Tss. 2 best.: langs opzij (voor-/achterkant-flank),Geen hindernis
49108,142,TEST Validatie BRUGGE Y2H22022134,Brugge,51.22632,3.24095,2.242980716355348,51.21776011380491,3.21178632085524,2024,8,13,31005,Brugge,Normaal,Droog,Dag,met lichtgewonden,3,Fiets,3,Fiets,Op Kruispunt,Gemeenteweg,binnen bebouwde kom,Tss. 2 best.: langs opzij (voor-/achterkant-flank),Geen hindernis
49109,54,Brugge teller 2,Brugge,51.23015,3.22818,1.8623802559483693,51.21514332590106,3.216304058295562,2024,8,21,31005,Brugge,Normaal,Droog,Dageraad - schemering,met lichtgewonden,3,Fiets,9,personenauto,Op Kruispunt,Gewestweg,binnen bebouwde kom,Tss. 2 best.: langs opzij (voor-/achterkant-flank),Geen hindernis
49109,53,Brugge teller 1,Brugge,51.23023,3.228,1.8648453301430183,51.21514332590106,3.216304058295562,2024,8,21,31005,Brugge,Normaal,Droog,Dageraad - schemering,met lichtgewonden,3,Fiets,9,personenauto,Op Kruispunt,Gewestweg,binnen bebouwde kom,Tss. 2 best.: langs opzij (voor-/achterkant-flank),Geen hindernis
49109,52,Brugge,Brugge,51.22632,3.24095,2.1191229316888016,51.21514332590106,3.216304058295562,2024,8,21,31005,Brugge,Normaal,Droog,Dageraad - schemering,met lichtgewonden,3,Fiets,9,personenauto,Op Kruispunt,Gewestweg,binnen bebouwde kom,Tss. 2 best.: langs opzij (voor-/achterkant-flank),Geen hindernis