crash_row_id,site_id,site_name,site_gemeente,site_lat,site_long,distance_km,crash_lat,crash_long,DT_YEAR_COLLISION,DT_MONTH_COLLISION,DT_TIME,CD_NIS,TX_MUNTY_COLLISION_NL,TX_WEATHER_NL,TX_ROAD_CONDITION_NL,TX_LIGHT_CONDITION_NL,TX_CLASS_ACCIDENTS_NL,CD_ROAD_USR_TYPE1,TX_ROAD_USR_TYPE1_NL,CD_ROAD_USR_TYPE2,TX_ROAD_USR_TYPE2_NL,TX_CROSSWAY_NL,CD_ROAD_TYPE_NL,TX_BUILD_UP_AREA_NL,TX_COLLISION_TYPE_NL,TX_OBSTACLES_NL
49109,142,TEST Validatie BRUGGE Y2H22022134,Brugge,51.22632,3.24095,2.1191229316888016,51.21514332590106,3.216304058295562,2024,8,21,31005,Brugge,Normaal,Droog,Dageraad - schemering,met lichtgewonden,3,Fiets,9,personenauto,Op Kruispunt,Gewestweg,binnen bebouwde kom,Tss. 2 best.: langs opzij (voor-/achterkant-flank),Geen hindernis
49110,53,Brugge teller 1,Brugge,51.23023,3.228,1.5739908389550825,51.22119152345318,3.2106046850411514,2024,8,19,31005,Brugge,Normaal,Droog,Dag,met lichtgewonden,5,Lichte vrachtauto,3,Fiets,Buiten Kruispunt,Gemeenteweg,binnen bebouwde kom,Tussen 2 bestuurders: Flank tegen flank,Geen hindernis
49110,54,Brugge teller 2,Brugge,51.23015,3.22818,1.5780280599244683,51.22119152345318,3.2106046850411514,2024,8,19,31005,Brugge,Normaal,Droog,Dag,met lichtgewonden,5,Lichte vrachtauto,3,Fiets,Buiten Kruispunt,Gemeenteweg,binnen bebouwde kom,Tussen 2 bestuurders: Flank tegen flank,Geen hindernis
49110,52,Brugge,Brugge,51.22632,3.24095,2.188815689777192,51.22119152345318,3.2106046850411514,2024,8,19,31005,Brugge,Normaal,Droog,Dag,met lichtgewonden,5,Lichte vrachtauto,3,Fiets,Buiten Kruispunt,Gemeenteweg,binnen bebouwde kom,Tussen 2 bestuurders: Flank tegen flank,Geen hindernis
49110,142,TEST Validatie BRUGGE Y2H22022134,Brugge,51.22632,3.24095,2.188815689777192,51.22119152345318,3.2106046850411514,2024,8,19,31005,Brugge,Normaal,Droog,Dag,met lichtgewonden,5,Lichte vrachtauto,3,Fiets,Buiten Kruispunt,Gemeenteweg,binnen bebouwde kom,Tussen 2 bestuurders: Flank tegen flank,Geen hindernis
49111,50,"Brugge, Sint-Andries",Brugge,51.19291,3.16252,2.17107718748563,51.20638469821297,3.1850699570591825,2024,8,17,31005,Brugge,Normaal,Droog,Dag,met lichtgewonden,9,personenauto,3,Fiets,Buiten Kruispunt,Gemeenteweg,binnen bebouwde kom,Tussen 2 bestuurders: Langs achteren,Geen hindernis
49111,51,"Brugge, Sint-Andries",Brugge,51.19281,3.16252,2.1787671350237394,51.20638469821297,3.1850699570591825,2024,8,17,31005,Brugge,Normaal,Droog,Dag,met lichtgewonden,9,personenauto,3,Fiets,Buiten Kruispunt,Gemeenteweg,binnen bebouwde kom,Tussen 2 bestuurders: Langs achteren,Geen hindernis
49112,20,Brugge,Brugge,51.17416,3.20048,2.27523890407598,51.18992228763984,3.2212941373723627,2024,8,10,31005,Brugge,Normaal,Droog,Dag,met lichtgewonden,3,Fiets,9,personenauto,Buiten Kruispunt,Gewestweg,binnen bebouwde kom,Tss. 2 best.: langs opzij (voor-/achterkant-flank),Geen hindernis
49116,54,Brugge teller 2,Brugge,51.23015,3.22818,1.4257920207573809,51.21834537602514,3.2201857060269443,2024,8,16,31005,Brugge,Normaal,Droog,Dag,met lichtgewonden,3,Fiets,8,Voetganger,Op Kruispunt,Gewestweg,binnen bebouwde kom,Met een voetganger,Geen hindernis
49116,53,Brugge teller 1,Brugge,51.23023,3.228,1.4291658211695257,51.21834537602514,3.2201857060269443,2024,8,16,31005,Brugge,Normaal,Droog,Dag,met lichtgewonden,3,Fiets,8,Voetganger,Op Kruispunt,Gewestweg,binnen bebouwde kom,Met een voetganger,Geen hindernis
49116,52,Brugge,Brugge,51.22632,3.24095,1.6962830845268484,51.21834537602514,3.2201857060269443,2024,8,16,31005,Brugge,Normaal,Droog,Dag,met lichtgewonden,3,Fiets,8,Voetganger,Op Kruispunt,Gewestweg,binnen bebouwde kom,Met een voetganger,Geen hindernis
49116,142,TEST Validatie BRUGGE Y2H22022134,Brugge,51.22632,3.24095,1.6962830845268484,51.21834537602514,3.2201857060269443,2024,8,16,31005,Brugge,Normaal,Droog,Dag,met lichtgewonden,3,Fiets,8,Voetganger,Op Kruispunt,Gewestweg,binnen bebouwde kom,Met een voetganger,Geen hindernis
49118,20,Brugge,Brugge,51.17416,3.20048,1.067691865724081,51.18306852436557,3.206195116416924,2024,8,14,31005,Brugge,Normaal,"Nat, plassen",Dag,met lichtgewonden,3,Fiets,11,een weggebruiker tegen een hindernis,Op Kruispunt,Gewestweg,binnen bebouwde kom,Weggebruiker tegen hindernis op de rijbaan,"Op de rijbaan: Werken (signal., aarde, toestel,…)"
49119,54,Brugge teller 2,Brugge,51.23015,3.22818,2.322401954024065,51.21308480432606,3.2089538473743935,2024,8,11,31005,Brugge,Normaal,Droog,Dag,met lichtgewonden,3,Fiets,9,personenauto,Buiten Kruispunt,Gemeenteweg,binnen bebouwde kom,Tussen 2 bestuurders: Langs achteren,Geen hindernis
49119,53,Brugge teller 1,Brugge,51.23023,3.228,2.3224931842212695,51.21308480432606,3.2089538473743935,2024,8,11,31005,Brugge,Normaal,Droog,Dag,met lichtgewonden,3,Fiets,9,personenauto,Buiten Kruispunt,Gemeenteweg,binnen bebouwde kom,Tussen 2 bestuurders: Langs achteren,Geen hindernis
49121,53,Brugge teller 1,Brugge,51.23023,3.228,2.4302025744080775,51.241810071499316,3.198396258119275,2024,8,13,31005,Brugge,Normaal,Droog,Dag,met lichtgewonden,3,Fiets,6,Bromfiets,Op Kruispunt,Gewestweg,binnen bebouwde kom,Tss. 2 best.: langs opzij (voor-/achterkant-flank),Geen hindernis
49121,54,Brugge teller 2,Brugge,51.23015,3.22818,2.4455456456182003,51.241810071499316,3.198396258119275,2024,8,13,31005,Brugge,Normaal,Droog,Dag,met lichtgewonden,3,Fiets,6,Bromfiets,Op Kruispunt,Gewestweg,binnen bebouwde kom,Tss. 2 best.: langs opzij (voor-/achterkant-flank),Geen hindernis
49122,20,Brugge,Brugge,51.17416,3.20048,2.301703821439901,51.18627627255456,3.227252824378457,2024,8,12,31005,Brugge,Normaal,Droog,Dag,met lichtgewonden,9,personenauto,3,Fiets,Op Kruispunt,Gewestweg,binnen bebouwde kom,Tss. 2 best.: langs opzij (voor-/achterkant-flank),Geen hindernis
49123,142,TEST Validatie BRUGGE Y2H22022134,Brugge,51.22632,3.24095,2.303647263077033,51.2088611752202,3.2587560909635465,2024,8,15,31005,Brugge,Normaal,Droog,Dag,met lichtgewonden,6,Bromfiets,3,Fiets,Buiten Kruispunt,Gewestweg,buiten bebouwde kom,Tussen 2 bestuurders: Flank tegen flank,Geen hindernis
49123,52,Brugge,Brugge,51.22632,3.24095,2.303647263077033,51.2088611752202,3.2587560909635465,2024,8,15,31005,Brugge,Normaal,Droog,Dag,met lichtgewonden,6,Bromfiets,3,Fiets,Buiten Kruispunt,Gewestweg,buiten bebouwde kom,Tussen 2 bestuurders: Flank tegen flank,Geen hindernis
49154,20,Brugge,Brugge,51.17416,3.20048,2.153818605200614,51.155383545618115,3.192893550570611,2024,8,17,31040,Zedelgem,Normaal,Droog,Dag,met lichtgewonden,5,Lichte vrachtauto,3,Fiets,Op Kruispunt,Gewestweg,binnen bebouwde kom,Tss. 2 best.: langs opzij (voor-/achterkant-flank),Geen hindernis
49162,15,Oostende 2,Oostende,51.21371,2.92743,0.4610148785486789,51.21729321425754,2.9241003773368117,2024,8,9,35013,Oostende,Normaal,Droog,Dag,met lichtgewonden,9,personenauto,3,Fiets,Op Kruispunt,Gewestweg,binnen bebouwde kom,Tss. 2 best.: langs opzij (voor-/achterkant-flank),Geen hindernis
49162,18,Oostende 1,Oostende,51.21378,2.92765,0.4623146860907285,51.21729321425754,2.9241003773368117,2024,8,9,35013,Oostende,Normaal,Droog,Dag,met lichtgewonden,9,personenauto,3,Fiets,Op Kruispunt,Gewestweg,binnen bebouwde kom,Tss. 2 best.: langs opzij (voor-/achterkant-flank),Geen hindernis
49164,15,Oostende 2,Oostende,51.21371,2.92743,1.8937275126339919,51.22291440229299,2.9045529904421064,2024,8,15,35013,Oostende,Normaal,Droog+Proper,Dag,met lichtgewonden,3,Fiets,10,"één bestuurder, geen hindernis",Buiten Kruispunt,Gemeenteweg,binnen bebouwde kom,"Eén bestuurder, geen hindernis (incl. val)",Geen hindernis
49164,18,Oostende 1,Oostende,51.21378,2.92765,1.9024693814097102,51.22291440229299,2.9045529904421064,2024,8,15,35013,Oostende,Normaal,Droog+Proper,Dag,met lichtgewonden,3,Fiets,10,"één bestuurder, geen hindernis",Buiten Kruispunt,Gemeenteweg,binnen bebouwde kom,"Eén bestuurder, geen hindernis (incl. val)",Geen hindernis
49166,15,Oostende 2,Oostende,51.21371,2.92743,1.6924242552865938,51.20810222399795,2.9048432198768257,2024,8,15,35013,Oostende,Normaal,Droog,Dag,met lichtgewonden,9,personenauto,3,Fiets,Op Kruispunt,Gewestweg,binnen bebouwde kom,Tss. 2 best.: langs opzij (voor-/achterkant-flank),Geen hindernis
49166,18,Oostende 1,Oostende,51.21378,2.92765,1.709538500887688,51.20810222399795,2.9048432198768257,2024,8,15,35013,Oostende,Normaal,Droog,Dag,met lichtgewonden,9,personenauto,3,Fiets,Op Kruispunt,Gewestweg,binnen bebouwde kom,Tss. 2 best.: langs opzij (voor-/achterkant-flank),Geen hindernis
49167,15,Oostende 2,Oostende,51.21371,2.92743,1.5772289228750205,51.22128840954047,2.908287583840013,2024,8,14,35013,Oostende,Normaal,Droog,Dag,met lichtgewonden,8,Voetganger,3,Fiets,Buiten Kruispunt,Gewestweg,binnen bebouwde kom,Met een voetganger,Geen vermelding van de aanwezigheid van een hindernis
49167,18,Oostende 1,Oostende,51.21378,2.92765,1.586090559960331,51.22128840954047,2.908287583840013,2024,8,14,35013,Oostende,Normaal,Droog,Dag,met lichtgewonden,8,Voetganger,3,Fiets,Buiten Kruispunt,Gewestweg,binnen bebouwde kom,Met een voetganger,Geen vermelding van de aanwezigheid van een hindernis
49168,15,Oostende 2,Oostende,51.21371,2.92743,1.8266664260105012,51.22326613619549,2.906096751649266,2024,7,11,35013,Oostende,Normaal,Droog,Dag,met lichtgewonden,3,Fiets,10,"één bestuurder, geen hindernis",Buiten Kruispunt,Gewestweg,binnen bebouwde kom,"Eén bestuurder, geen hindernis (incl. val)",Geen hindernis
49168,18,Oostende 1,Oostende,51.21378,2.92765,1.8346641338948368,51.22326613619549,2.906096751649266,2024,7,11,35013,Oostende,Normaal,Droog,Dag,met lichtgewonden,3,Fiets,10,"één bestuurder, geen hindernis",Buiten Kruispunt,Gewestweg,binnen bebouwde kom,"Eén bestuurder, geen hindernis (incl. val)",Geen hindernis
49169,15,Oostende 2,Oostende,51.21371,2.92743,0.19212728576588556,51.212170806723464,2.9286832366066444,2024,8,18,35013,Oostende,Normaal,Droog,Dag,met lichtgewonden,3,Fiets,3,Fiets,Buiten Kruispunt,Gemeenteweg,binnen bebouwde kom,Tss. 2 best.: langs opzij (voor-/achterkant-flank),Geen hindernis
49169,18,Oostende 1,Oostende,51.21378,2.92765,0.19286574865400186,51.212170806723464,2.9286832366066444,2024,8,18,35013,Oostende,Normaal,Droog,Dag,met lichtgewonden,3,Fiets,3,Fiets,Buiten Kruispunt,Gemeenteweg,binnen bebouwde kom,Tss. 2 best.: langs opzij (voor-/achterkant-flank),Geen hindernis
49170,15,Oostende 2,Oostende,51.21371,2.92743,1.432681824236629,51.22517533196112,2.9180448370771894,2024,8,18,35013,Oostende,Normaal,Droog,Dag,met lichtgewonden,9,personenauto,3,Fiets,Op Kruispunt,Gemeenteweg,binnen bebouwde kom,Tussen 2 bestuurders: Frontale botsing,Geen hindernis
49170,18,Oostende 1,Oostende,51.21378,2.92765,1.432848728571766,51.22517533196112,2.9180448370771894,2024,8,18,35013,Oostende,Normaal,Droog,Dag,met lichtgewonden,9,personenauto,3,Fiets,Op Kruispunt,Gemeenteweg,binnen bebouwde kom,Tussen 2 bestuurders: Frontale botsing,Geen hindernis
49176,55,Torhout teller 1,Torhout,51.07161,3.08261,1.4489558790971657,51.07956974340788,3.0990308771354425,2024,8,17,31033,Torhout,Normaal,Droog,Dag,met lichtgewonden,5,Lichte vrachtauto,3,Fiets,Op Kruispunt,Gemeenteweg,binnen bebouwde kom,Tss. 2 best.: langs opzij (voor-/achterkant-flank),Geen hindernis
49176,56,Torhout teller 2,Torhout,51.07147,3.08244,1.4678786133724353,51.07956974340788,3.0990308771354425,2024,8,17,31033,Torhout,Normaal,Droog,Dag,met lichtgewonden,5,Lichte vrachtauto,3,Fiets,Op Kruispunt,Gemeenteweg,binnen bebouwde kom,Tss. 2 best.: langs opzij (voor-/achterkant-flank),Geen hindernis
49178,56,Torhout teller 2,Torhout,51.07147,3.08244,1.9110974637168432,51.05758355875578,3.0985544292331433,2024,8,6,31033,Torhout,Normaal,Droog,"Nacht, openbare verlichting aanwezig en ontstoken",met lichtgewonden,3,Fiets,11,een weggebruiker tegen een hindernis,Buiten Kruispunt,Gewestweg,buiten bebouwde kom,Weggebruiker tegen hindernis buiten rijbaan,Buiten de rijbaan: Andere paal
49178,55,Torhout teller 1,Torhout,51.07161,3.08261,1.9167664475477395,51.05758355875578,3.0985544292331433,2024,8,6,31033,Torhout,Normaal,Droog,"Nacht, openbare verlichting aanwezig en ontstoken",met lichtgewonden,3,Fiets,11,een weggebruiker tegen een hindernis,Buiten Kruispunt,Gewestweg,buiten bebouwde kom,Weggebruiker tegen hindernis buiten rijbaan,Buiten de rijbaan: Andere paal
49193,61,Wervik teller 2,Wervik,50.80555,3.0921,0.7049529260636535,50.80260037221718,3.100979847317568,2024,8,7,34027,Menen,Normaal,Droog,Dag,met zwaargewonden,3,Fiets,6,Bromfiets,Buiten Kruispunt,Gewestweg,binnen bebouwde kom,Tussen 2 bestuurders: Frontale botsing,Geen hindernis
49193,62,Wervik teller 1,Wervik,50.8058,3.09154,0.7527451306632775,50.80260037221718,3.100979847317568,2024,8,7,34027,Menen,Normaal,Droog,Dag,met zwaargewonden,3,Fiets,6,Bromfiets,Buiten Kruispunt,Gewestweg,binnen bebouwde kom,Tussen 2 bestuurders: Frontale botsing,Geen hindernis
49196,74,Kortrijk teller 1,Kortrijk,50.81909,3.25728,1.0134467128055205,50.81613764939539,3.2709280540203265,2024,8,12,34022,Kortrijk,Normaal,Droog,Dag,met lichtgewonden,3,Fiets,9,personenauto,Buiten Kruispunt,Gewestweg,binnen bebouwde kom,Tss. 2 best.: langs opzij (voor-/achterkant-flank),Geen hindernis
49196,75,Kortrijk teller 2,Kortrijk,50.81925,3.25731,1.0173651346925936,50.81613764939539,3.2709280540203265,2024,8,12,34022,Kortrijk,Normaal,Droog,Dag,met lichtgewonden,3,Fiets,9,personenauto,Buiten Kruispunt,Gewestweg,binnen bebouwde kom,Tss. 2 best.: langs opzij (voor-/achterkant-flank),Geen hindernis
49196,143,Eco Display Classic Budastraat,Kortrijk,50.83066,3.26286,1.7113724430776196,50.81613764939539,3.2709280540203265,2024,8,12,34022,Kortrijk,Normaal,Droog,Dag,met lichtgewonden,3,Fiets,9,personenauto,Buiten Kruispunt,Gewestweg,binnen bebouwde kom,Tss. 2 best.: langs opzij (voor-/achterkant-flank),Geen hindernis
49196,16,Kortrijk 1,Kortrijk,50.83332,3.27777,1.9701062658751614,50.81613764939539,3.2709280540203265,2024,8,12,34022,Kortrijk,Normaal,Droog,Dag,met lichtgewonden,3,Fiets,9,personenauto,Buiten Kruispunt,Gewestweg,binnen bebouwde kom,Tss. 2 best.: langs opzij (voor-/achterkant-flank),Geen hindernis
49196,17,Kortrijk 2,Kortrijk,50.83339,3.27773,1.9769747052899616,50.81613764939539,3.2709280540203265,2024,8,12,34022,Kortrijk,Normaal,Droog,Dag,met lichtgewonden,3,Fiets,9,personenauto,Buiten Kruispunt,Gewestweg,binnen bebouwde kom,Tss. 2 best.: langs opzij (voor-/achterkant-flank),Geen hindernis
49197,74,Kortrijk teller 1,Kortrijk,50.81909,3.25728,1.148153132729791,50.81773488115513,3.273482280898446,2024,8,13,34022,Kortrijk,Normaal,Droog,Dag,met lichtgewonden,5,Lichte vrachtauto,3,Fiets,Op Kruispunt,Gemeenteweg,binnen bebouwde kom,Tussen 2 bestuurders: Langs achteren,Geen hindernis
49197,75,Kortrijk teller 2,Kortrijk,50.81925,3.25731,1.1485365201066737,50.81773488115513,3.273482280898446,2024,8,13,34022,Kortrijk,Normaal,Droog,Dag,met lichtgewonden,5,Lichte vrachtauto,3,Fiets,Op Kruispunt,Gemeenteweg,binnen bebouwde kom,Tussen 2 bestuurders: Langs achteren,Geen hindernis
49197,143,Eco Display Classic Budastraat,Kortrijk,50.83066,3.26286,1.619344621938738,50.81773488115513,3.273482280898446,2024,8,13,34022,Kortrijk,Normaal,Droog,Dag,met lichtgewonden,5,Lichte vrachtauto,3,Fiets,Op Kruispunt,Gemeenteweg,binnen bebouwde kom,Tussen 2 bestuurders: Langs achteren,Geen hindernis
49197,16,Kortrijk 1,Kortrijk,50.83332,3.27777,1.758961091033517,50.81773488115513,3.273482280898446,2024,8,13,34022,Kortrijk,Normaal,Droog,Dag,met lichtgewonden,5,Lichte vrachtauto,3,Fiets,Op Kruispunt,Gemeenteweg,binnen bebouwde kom,Tussen 2 bestuurders: Langs achteren,Geen hindernis
49197,17,Kortrijk 2,Kortrijk,50.83339,3.27773,1.7661534557267133,50.81773488115513,3.273482280898446,2024,8,13,34022,Kortrijk,Normaal,Droog,Dag,met lichtgewonden,5,Lichte vrachtauto,3,Fiets,Op Kruispunt,Gemeenteweg,binnen bebouwde kom,Tussen 2 bestuurders: Langs achteren,Geen hindernis
49198,17,Kortrijk 2,Kortrijk,50.83339,3.27773,1.671963643359441,50.84750130260375,3.2695072332801205,2024,8,16,34023,Kuurne,Normaal,Droog,Dag,met zwaargewonden,9,personenauto,3,Fiets,Buiten Kruispunt,Gewestweg,binnen bebouwde kom,Tss. 2 best.: langs opzij (voor-/achterkant-flank),Geen hindernis
49198,16,Kortrijk 1,Kortrijk,50.83332,3.27777,1.6802385294272768,50.84750130260375,3.2695072332801205,2024,8,16,34023,Kuurne,Normaal,Droog,Dag,met zwaargewonden,9,personenauto,3,Fiets,Buiten Kruispunt,Gewestweg,binnen bebouwde kom,Tss. 2 best.: langs opzij (voor-/achterkant-flank),Geen hindernis
49198,143,Eco Display Classic Budastraat,Kortrijk,50.83066,3.26286,1.9299622125175813,50.84750130260375,3.2695072332801205,2024,8,16,34023,Kuurne,Normaal,Droog,Dag,met zwaargewonden,9,personenauto,3,Fiets,Buiten Kruispunt,Gewestweg,binnen bebouwde kom,Tss. 2 best.: langs opzij (voor-/achterkant-flank),Geen hindernis
49199,16,Kortrijk 1,Kortrijk,50.83332,3.27777,0.34091760983414177,50.83069780018127,3.275254565745255,2024,8,12,34022,Kortrijk,Normaal,Droog,Dag,met lichtgewonden,3,Fiets,9,personenauto,Buiten Kruispunt,Gemeenteweg,binnen bebouwde kom,Tussen 2 bestuurders: Flank tegen flank,Geen hindernis
49199,17,Kortrijk 2,Kortrijk,50.83339,3.27773,0.3461787637196553,50.83069780018127,3.275254565745255,2024,8,12,34022,Kortrijk,Normaal,Droog,Dag,met lichtgewonden,3,Fiets,9,personenauto,Buiten Kruispunt,Gemeenteweg,binnen bebouwde kom,Tussen 2 bestuurders: Flank tegen flank,Geen hindernis
49199,143,Eco Display Classic Budastraat,Kortrijk,50.83066,3.26286,0.8705090358707782,50.83069780018127,3.275254565745255,2024,8,12,34022,Kortrijk,Normaal,Droog,Dag,met lichtgewonden,3,Fiets,9,personenauto,Buiten Kruispunt,Gemeenteweg,binnen bebouwde kom,Tussen 2 bestuurders: Flank tegen flank,Geen hindernis
49199,75,Kortrijk teller 2,Kortrijk,50.81925,3.25731,1.7913915985952977,50.83069780018127,3.275254565745255,2024,8,12,34022,Kortrijk,Normaal,Droog,Dag,met lichtgewonden,3,Fiets,9,personenauto,Buiten Kruispunt,Gemeenteweg,binnen bebouwde kom,Tussen 2 bestuurders: Flank tegen flank,Geen hindernis
49199,74,Kortrijk teller 1,Kortrijk,50.81909,3.25728,1.8055515769527593,50.83069780018127,3.275254565745255,2024,8,12,34022,Kortrijk,Normaal,Droog,Dag,met lichtgewonden,3,Fiets,9,personenauto,Buiten Kruispunt,Gemeenteweg,binnen bebouwde kom,Tussen 2 bestuurders: Flank tegen flank,Geen hindernis
49200,17,Kortrijk 2,Kortrijk,50.83339,3.27773,0.52358683503005,50.836854276891714,3.2827797458097083,2024,8,18,34022,Kortrijk,Normaal,Droog,Dag,met lichtgewonden,9,personenauto,3,Fiets,Buiten Kruispunt,Gewestweg,binnen bebouwde kom,Tss. 2 best.: langs opzij (voor-/achterkant-flank),Geen hindernis
49200,16,Kortrijk 1,Kortrijk,50.83332,3.27777,0.5274620649306808,50.836854276891714,3.2827797458097083,2024,8,18,34022,Kortrijk,Normaal,Droog,Dag,met lichtgewonden,9,personenauto,3,Fiets,Buiten Kruispunt,Gewestweg,binnen bebouwde kom,Tss. 2 best.: langs opzij (voor-/achterkant-flank),Geen hindernis
49200,143,Eco Display Classic Budastraat,Kortrijk,50.83066,3.26286,1.5592872812085132,50.836854276891714,3.2827797458097083,2024,8,18,34022,Kortrijk,Normaal,Droog,Dag,met lichtgewonden,9,personenauto,3,Fiets,Buiten Kruispunt,Gewestweg,binnen bebouwde kom,Tss. 2 best.: langs opzij (voor-/achterkant-flank),Geen hindernis
49201,74,Kortrijk teller 1,Kortrijk,50.81909,3.25728,2.3294742118284235,50.80786490733063,3.2852746575134857,2024,8,9,34022,Kortrijk,Normaal,Droog,Dag,met lichtgewonden,9,personenauto,3,Fiets,Op Kruispunt,Gemeenteweg,binnen bebouwde kom,Tss. 2 best.: langs opzij (voor-/achterkant-flank),Geen hindernis
49201,75,Kortrijk teller 2,Kortrijk,50.81925,3.25731,2.337280378521067,50.80786490733063,3.2852746575134857,2024,8,9,34022,Kortrijk,Normaal,Droog,Dag,met lichtgewonden,9,personenauto,3,Fiets,Op Kruispunt,Gemeenteweg,binnen bebouwde kom,Tss. 2 best.: langs opzij (voor-/achterkant-flank),Geen hindernis
49202,17,Kortrijk 2,Kortrijk,50.83339,3.27773,1.652063984596465,50.84801230134749,3.2818986792918876,2024,8,15,34023,Kuurne,Normaal,Droog,Dag,met lichtgewonden,3,Fiets,9,personenauto,Op Kruispunt,Gemeenteweg,binnen bebouwde kom,Tss. 2 best.: langs opzij (voor-/achterkant-flank),Geen hindernis
49202,16,Kortrijk 1,Kortrijk,50.83332,3.27777,1.6592320470888726,50.84801230134749,3.2818986792918876,2024,8,15,34023,Kuurne,Normaal,Droog,Dag,met lichtgewonden,3,Fiets,9,personenauto,Op Kruispunt,Gemeenteweg,binnen bebouwde kom,Tss. 2 best.: langs opzij (voor-/achterkant-flank),Geen hindernis
49202,143,Eco Display Classic Budastraat,Kortrijk,50.83066,3.26286,2.3473767460703336,50.84801230134749,3.2818986792918876,2024,8,15,34023,Kuurne,Normaal,Droog,Dag,met lichtgewonden,3,Fiets,9,personenauto,Op Kruispunt,Gemeenteweg,binnen bebouwde kom,Tss. 2 best.: langs opzij (voor-/achterkant-flank),Geen hindernis
49204,75,Kortrijk teller 2,Kortrijk,50.81925,3.25731,0.6504605861300065,50.82362848333649,3.263450520523872,2024,8,9,34022,Kortrijk,Regenval,"Nat, plassen",Dag,met lichtgewonden,9,personenauto,3,Fiets,Op Kruispunt,Gewestweg,binnen bebouwde kom,Tss. 2 best.: langs opzij (voor-/achterkant-flank),Geen hindernis
49204,74,Kortrijk teller 1,Kortrijk,50.81909,3.25728,0.6652536647413179,50.82362848333649,3.263450520523872,2024,8,9,34022,Kortrijk,Regenval,"Nat, plassen",Dag,met lichtgewonden,9,personenauto,3,Fiets,Op Kruispunt,Gewestweg,binnen bebouwde kom,Tss. 2 best.: langs opzij (voor-/achterkant-flank),Geen hindernis
49204,143,Eco Display Classic Budastraat,Kortrijk,50.83066,3.26286,0.7829683407227486,50.82362848333649,3.263450520523872,2024,8,9,34022,Kortrijk,Regenval,"Nat, plassen",Dag,met lichtgewonden,9,personenauto,3,Fiets,Op Kruispunt,Gewestweg,binnen bebouwde kom,Tss. 2 best.: langs opzij (voor-/achterkant-flank),Geen hindernis
49204,16,Kortrijk 1,Kortrijk,50.83332,3.27777,1.4740529253167602,50.82362848333649,3.263450520523872,2024,8,9,34022,Kortrijk,Regenval,"Nat, plassen",Dag,met lichtgewonden,9,personenauto,3,Fiets,Op Kruispunt,Gewestweg,binnen bebouwde kom,Tss. 2 best.: langs opzij (voor-/achterkant-flank),Geen hindernis
49204,17,Kortrijk 2,Kortrijk,50.83339,3.27773,1.4778443622678823,50.82362848333649,3.263450520523872,2024,8,9,34022,Kortrijk,Regenval,"Nat, plassen",Dag,met lichtgewonden,9,personenauto,3,Fiets,Op Kruispunt,Gewestweg,binnen bebouwde kom,Tss. 2 best.: langs opzij (voor-/achterkant-flank),Geen hindernis
49211,16,Kortrijk 1,Kortrijk,50.83332,3.27777,1.7682315682501228,50.82428608255821,3.298488800929438,2024,8,17,34022,Kortrijk,Normaal,Droog,Dag,met lichtgewonden,9,personenauto,3,Fiets,Op Kruispunt,Gemeenteweg,buiten bebouwde kom,Tussen 2 bestuurders: Frontale botsing,Geen hindernis
49211,17,Kortrijk 2,Kortrijk,50.83339,3.27773,1.774971080057231,50.82428608255821,3.298488800929438,2024,8,17,34022,Kortrijk,Normaal,Droog,Dag,met lichtgewonden,9,personenauto,3,Fiets,Op Kruispunt,Gemeenteweg,buiten bebouwde kom,Tussen 2 bestuurders: Frontale botsing,Geen hindernis
49216,16,Kortrijk 1,Kortrijk,50.83332,3.27777,1.5447663027366003,50.83454610735401,3.299680793354149,2024,8,1,34013,Harelbeke,Onbekend,Onbekend,"Nacht, openbare verlichting aanwezig en ontstoken",met lichtgewonden,3,Fiets,11,een weggebruiker tegen een hindernis,Buiten Kruispunt,Gemeenteweg,binnen bebouwde kom,Weggebruiker tegen hindernis buiten rijbaan,Andere hindernis
49216,17,Kortrijk 2,Kortrijk,50.83339,3.27773,1.5468970143688452,50.83454610735401,3.299680793354149,2024,8,1,34013,Harelbeke,Onbekend,Onbekend,"Nacht, openbare verlichting aanwezig en ontstoken",met lichtgewonden,3,Fiets,11,een weggebruiker tegen een hindernis,Buiten Kruispunt,Gemeenteweg,binnen bebouwde kom,Weggebruiker tegen hindernis buiten rijbaan,Andere hindernis
49244,124,Beveren teller 2,Beveren,51.1964712,4.2361077,2.196092246377498,51.213783686468894,4.251277842625691,2024,8,17,46003,Beveren,Normaal,Droog,Dag,met lichtgewonden,9,personenauto,3,Fiets,Buiten Kruispunt,Gemeenteweg,binnen bebouwde kom,Tss. 2 best.: langs opzij (voor-/achterkant-flank),Geen hindernis
49251,32,Lummen,Lummen,50.97971,5.20961,0.5397215116978911,50.97490971921763,5.208468022800541,2024,8,7,71037,Lummen,Regenval,"Nat, plassen",Dag,met lichtgewonden,3,Fiets,11,een weggebruiker tegen een hindernis,Buiten Kruispunt,Gemeenteweg,buiten bebouwde kom,Weggebruiker tegen hindernis op de rijbaan,"Op de rijbaan: Werken (signal., aarde, toestel,…)"
49251,33,Lummen,Lummen,50.97978,5.20936,0.5451392331961485,50.97490971921763,5.208468022800541,2024,8,7,71037,Lummen,Regenval,"Nat, plassen",Dag,met lichtgewonden,3,Fiets,11,een weggebruiker tegen een hindernis,Buiten Kruispunt,Gemeenteweg,buiten bebouwde kom,Weggebruiker tegen hindernis op de rijbaan,"Op de rijbaan: Werken (signal., aarde, toestel,…)"