crash_row_id,site_id,site_name,site_gemeente,site_lat,site_long,distance_km,crash_lat,crash_long,DT_YEAR_COLLISION,DT_MONTH_COLLISION,DT_TIME,CD_NIS,TX_MUNTY_COLLISION_NL,TX_WEATHER_NL,TX_ROAD_CONDITION_NL,TX_LIGHT_CONDITION_NL,TX_CLASS_ACCIDENTS_NL,CD_ROAD_USR_TYPE1,TX_ROAD_USR_TYPE1_NL,CD_ROAD_USR_TYPE2,TX_ROAD_USR_TYPE2_NL,TX_CROSSWAY_NL,CD_ROAD_TYPE_NL,TX_BUILD_UP_AREA_NL,TX_COLLISION_TYPE_NL,TX_OBSTACLES_NL
49254,137,Hasselt-Kempische brug,Hasselt,50.9411605,5.3417576,2.3359978927259504,50.95012436785064,5.3116020030706546,2024,8,5,71022,Hasselt,Regenval,"Nat, plassen",Dageraad - schemering,met lichtgewonden,3,Fiets,3,Fiets,Op Kruispunt,Gemeenteweg,binnen bebouwde kom,Tss. 2 best.: langs opzij (voor-/achterkant-flank),Geen hindernis
49254,138,Hasselt-Kempische brug,Hasselt,50.9405318,5.3422472,2.3973539943292024,50.95012436785064,5.3116020030706546,2024,8,5,71022,Hasselt,Regenval,"Nat, plassen",Dageraad - schemering,met lichtgewonden,3,Fiets,3,Fiets,Op Kruispunt,Gemeenteweg,binnen bebouwde kom,Tss. 2 best.: langs opzij (voor-/achterkant-flank),Geen hindernis
49255,140,Hasselt ring,Hasselt,50.9300038,5.3438616,1.9212555891250374,50.92864352756589,5.31653298759952,2024,8,17,71022,Hasselt,Normaal,Droog,Dag,met lichtgewonden,3,Fiets,9,personenauto,Op Kruispunt,Gemeenteweg,binnen bebouwde kom,Tussen 2 bestuurders: Frontale botsing,Geen hindernis
49255,138,Hasselt-Kempische brug,Hasselt,50.9405318,5.3422472,2.2348304424706247,50.92864352756589,5.31653298759952,2024,8,17,71022,Hasselt,Normaal,Droog,Dag,met lichtgewonden,3,Fiets,9,personenauto,Op Kruispunt,Gemeenteweg,binnen bebouwde kom,Tussen 2 bestuurders: Frontale botsing,Geen hindernis
49255,137,Hasselt-Kempische brug,Hasselt,50.9411605,5.3417576,2.2498151923065195,50.92864352756589,5.31653298759952,2024,8,17,71022,Hasselt,Normaal,Droog,Dag,met lichtgewonden,3,Fiets,9,personenauto,Op Kruispunt,Gemeenteweg,binnen bebouwde kom,Tussen 2 bestuurders: Frontale botsing,Geen hindernis
49257,137,Hasselt-Kempische brug,Hasselt,50.9411605,5.3417576,1.5689247345911657,50.94861398688818,5.3227432264378605,2024,8,16,71022,Hasselt,Normaal,Droog,Dag,met lichtgewonden,5,Lichte vrachtauto,3,Fiets,Buiten Kruispunt,Gemeenteweg,binnen bebouwde kom,Tussen 2 bestuurders: Langs achteren,Geen hindernis
49257,138,Hasselt-Kempische brug,Hasselt,50.9405318,5.3422472,1.6355066903397937,50.94861398688818,5.3227432264378605,2024,8,16,71022,Hasselt,Normaal,Droog,Dag,met lichtgewonden,5,Lichte vrachtauto,3,Fiets,Buiten Kruispunt,Gemeenteweg,binnen bebouwde kom,Tussen 2 bestuurders: Langs achteren,Geen hindernis
49258,30,Herk De Stad,Herk-de-Stad,50.94374,5.17691,0.894151552983782,50.93700834049252,5.16992960287674,2024,8,13,71024,Herk-de-Stad,Normaal,Droog,Dag,met lichtgewonden,7,Motorfiets,3,Fiets,Op Kruispunt,Gemeenteweg,binnen bebouwde kom,Tussen 2 bestuurders: Frontale botsing,Geen hindernis
49258,31,Herk De Stad,Herk-de-Stad,50.94366,5.1775,0.9101738868144663,50.93700834049252,5.16992960287674,2024,8,13,71024,Herk-de-Stad,Normaal,Droog,Dag,met lichtgewonden,7,Motorfiets,3,Fiets,Op Kruispunt,Gemeenteweg,binnen bebouwde kom,Tussen 2 bestuurders: Frontale botsing,Geen hindernis
49266,14,Genk,Genk,50.97172,5.48927,1.2895069512904285,50.96299376127581,5.501398352789852,2024,8,14,71016,Genk,Normaal,Droog,Dag,met lichtgewonden,9,personenauto,3,Fiets,Op Kruispunt,Gewestweg,binnen bebouwde kom,Tss. 2 best.: langs opzij (voor-/achterkant-flank),Geen hindernis
49267,25,Bree,Bree,51.13679500160176,5.597669323604317,0.7568482132282669,51.139351196410836,5.607723216522402,2024,8,11,72004,Bree,Normaal,Droog,Dag,met lichtgewonden,9,personenauto,3,Fiets,Op Kruispunt,Gewestweg,buiten bebouwde kom,Tss. 2 best.: langs opzij (voor-/achterkant-flank),Geen hindernis
49270,25,Bree,Bree,51.13679500160176,5.597669323604317,2.3867160632835427,51.157970670621246,5.592077468801583,2024,8,20,72004,Bree,Normaal,Droog,Dageraad - schemering,met lichtgewonden,3,Fiets,10,"één bestuurder, geen hindernis",Buiten Kruispunt,Gemeenteweg,buiten bebouwde kom,"Eén bestuurder, geen hindernis (incl. val)",Geen hindernis
49272,25,Bree,Bree,51.13679500160176,5.597669323604317,1.1249287416826939,51.146708690631534,5.594454980222151,2024,8,10,72004,Bree,Normaal,Droog,Dag,met lichtgewonden,3,Fiets,10,"één bestuurder, geen hindernis",Op Kruispunt,Gewestweg,buiten bebouwde kom,"Eén bestuurder, geen hindernis (incl. val)",Geen hindernis
49273,14,Genk,Genk,50.97172,5.48927,0.8339003029939575,50.96433124345938,5.491308461657703,2024,8,13,71016,Genk,Normaal,Droog,Dag,met lichtgewonden,3,Fiets,9,personenauto,Buiten Kruispunt,Gemeenteweg,binnen bebouwde kom,Tss. 2 best.: langs opzij (voor-/achterkant-flank),Geen hindernis
49274,14,Genk,Genk,50.97172,5.48927,1.9992275012922787,50.966621676287744,5.5166488105354725,2024,8,1,71016,Genk,Normaal,Droog,"Nacht, geen openbare verlichting aanwezig",met lichtgewonden,3,Fiets,10,"één bestuurder, geen hindernis",Buiten Kruispunt,Gemeenteweg,binnen bebouwde kom,"Eén bestuurder, geen hindernis (incl. val)",Geen hindernis
49275,14,Genk,Genk,50.97172,5.48927,0.8464504814869894,50.96440847157692,5.492634316478089,2024,8,16,71016,Genk,Normaal,Droog,Dag,met lichtgewonden,3,Fiets,3,Fiets,Buiten Kruispunt,Gemeenteweg,binnen bebouwde kom,Tussen 2 bestuurders: Flank tegen flank,Geen hindernis
49276,14,Genk,Genk,50.97172,5.48927,1.100137741318723,50.96354672205959,5.4981231175312235,2024,8,11,71016,Genk,Normaal,Droog,Dag,met lichtgewonden,9,personenauto,3,Fiets,Op Kruispunt,Gewestweg,binnen bebouwde kom,Tss. 2 best.: langs opzij (voor-/achterkant-flank),Geen hindernis
49278,48,As,As,51.00509,5.60389,1.0674561045521278,51.00751661119067,5.589129046116042,2024,8,7,71002,As,Normaal,Droog,Dag,met lichtgewonden,4,Vrachtwagen,3,Fiets,Op Kruispunt,Gewestweg,binnen bebouwde kom,Tss. 2 best.: langs opzij (voor-/achterkant-flank),Geen hindernis
49279,25,Bree,Bree,51.13679500160176,5.597669323604317,0.9490340901155747,51.138623150641976,5.584382579528206,2024,8,11,72004,Bree,Normaal,Droog,Dag,met lichtgewonden,3,Fiets,10,"één bestuurder, geen hindernis",Buiten Kruispunt,Gemeenteweg,buiten bebouwde kom,"Eén bestuurder, geen hindernis (incl. val)",Geen hindernis
49285,14,Genk,Genk,50.97172,5.48927,2.2440626261811873,50.96182678348187,5.461339090703164,2024,8,17,71016,Genk,Normaal,Droog,Dag,met lichtgewonden,3,Fiets,9,personenauto,Op Kruispunt,Gewestweg,buiten bebouwde kom,Tss. 2 best.: langs opzij (voor-/achterkant-flank),Geen hindernis
49286,14,Genk,Genk,50.97172,5.48927,2.4652923355177747,50.95881491932739,5.517895317833439,2024,8,13,71016,Genk,Onbekend,Onbekend,Dag,met lichtgewonden,3,Fiets,6,Bromfiets,Buiten Kruispunt,Gemeenteweg,buiten bebouwde kom,Tss. 2 best.: langs opzij (voor-/achterkant-flank),Geen hindernis
49287,25,Bree,Bree,51.13679500160176,5.597669323604317,0.22306724673797404,51.13859022208108,5.596242415801487,2024,8,12,72004,Bree,Normaal,Droog,Dag,met lichtgewonden,9,personenauto,3,Fiets,Buiten Kruispunt,Gemeenteweg,binnen bebouwde kom,Tussen 2 bestuurders: Frontale botsing,Geen hindernis
49288,14,Genk,Genk,50.97172,5.48927,1.0831520550544815,50.9662151548102,5.50203147541078,2024,8,20,71016,Genk,Regenval,"Nat, plassen",Dageraad - schemering,met lichtgewonden,3,Fiets,10,"één bestuurder, geen hindernis",Op Kruispunt,Gewestweg,binnen bebouwde kom,"Eén bestuurder, geen hindernis (incl. val)",Geen hindernis
49289,139,Houthalen-Helchteren,Houthalen-Helchteren,51.0644267,5.3819796,1.3735933643986775,51.076709405109945,5.379884996636841,2024,8,15,72039,Houthalen-Helchteren,Normaal,Droog,Dag,met lichtgewonden,3,Fiets,5,Lichte vrachtauto,Buiten Kruispunt,Gewestweg,buiten bebouwde kom,Tss. 2 best.: langs opzij (voor-/achterkant-flank),Geen hindernis
49290,14,Genk,Genk,50.97172,5.48927,2.3551944500813624,50.988893375640906,5.5089616126947165,2024,8,16,71016,Genk,Normaal,Droog,Dag,met lichtgewonden,3,Fiets,9,personenauto,Op Kruispunt,Gemeenteweg,buiten bebouwde kom,Tss. 2 best.: langs opzij (voor-/achterkant-flank),Geen hindernis
49294,14,Genk,Genk,50.97172,5.48927,0.8464504814869894,50.96440847157692,5.492634316478089,2024,8,18,71016,Genk,Onbekend,Onbekend,Onbekend,met lichtgewonden,9,personenauto,3,Fiets,Buiten Kruispunt,Gemeenteweg,binnen bebouwde kom,Tss. 2 best.: langs opzij (voor-/achterkant-flank),Geen hindernis
49299,113,Deinze teller 2,Deinze,50.96018,3.55578,2.4615675613798023,50.98225369254905,3.5531146752926093,2024,8,21,44083,Deinze,Normaal,Droog,"Nacht, openbare verlichting aanwezig en ontstoken",met lichtgewonden,3,Fiets,6,Bromfiets,Buiten Kruispunt,Gewestweg,buiten bebouwde kom,Tussen 2 bestuurders: Flank tegen flank,Geen hindernis
49299,114,Deinze teller 1,Nazareth,50.9598305,3.555502,2.4989425524531934,50.98225369254905,3.5531146752926093,2024,8,21,44083,Deinze,Normaal,Droog,"Nacht, openbare verlichting aanwezig en ontstoken",met lichtgewonden,3,Fiets,6,Bromfiets,Buiten Kruispunt,Gewestweg,buiten bebouwde kom,Tussen 2 bestuurders: Flank tegen flank,Geen hindernis
49302,99,Mechelen teller 1,Mechelen,51.04564,4.46882,1.5607179356276788,51.04257121032663,4.447035669591265,2024,9,12,12025,Mechelen,Normaal,Droog,Dag,met lichtgewonden,9,personenauto,3,Fiets,Op Kruispunt,Gemeenteweg,binnen bebouwde kom,Tss. 2 best.: langs opzij (voor-/achterkant-flank),Geen hindernis
49302,100,Mechelen teller 2,Mechelen,51.0457,4.46883,1.562870789586758,51.04257121032663,4.447035669591265,2024,9,12,12025,Mechelen,Normaal,Droog,Dag,met lichtgewonden,9,personenauto,3,Fiets,Op Kruispunt,Gemeenteweg,binnen bebouwde kom,Tss. 2 best.: langs opzij (voor-/achterkant-flank),Geen hindernis
49303,109,Zemst,Zemst,50.9903936,4.4707023,1.430910792291387,51.00311532618556,4.4737815444832085,2024,8,12,12025,Mechelen,Normaal,Onbekend,Dag,met lichtgewonden,9,personenauto,3,Fiets,Op Kruispunt,Gewestweg,binnen bebouwde kom,Tss. 2 best.: langs opzij (voor-/achterkant-flank),Geen hindernis
49304,99,Mechelen teller 1,Mechelen,51.04564,4.46882,1.362610984017936,51.03412600672505,4.475491031873141,2024,8,16,12025,Mechelen,Normaal,Droog,Dag,met zwaargewonden,3,Fiets,3,Fiets,Op Kruispunt,Gewestweg,binnen bebouwde kom,Tss. 2 best.: langs opzij (voor-/achterkant-flank),Geen hindernis
49304,100,Mechelen teller 2,Mechelen,51.0457,4.46883,1.3686433839856724,51.03412600672505,4.475491031873141,2024,8,16,12025,Mechelen,Normaal,Droog,Dag,met zwaargewonden,3,Fiets,3,Fiets,Op Kruispunt,Gewestweg,binnen bebouwde kom,Tss. 2 best.: langs opzij (voor-/achterkant-flank),Geen hindernis
49306,99,Mechelen teller 1,Mechelen,51.04564,4.46882,2.194502858534623,51.03154020763262,4.4907811502192665,2024,8,21,12025,Mechelen,Normaal,Droog,"Nacht, openbare verlichting aanwezig en ontstoken",met lichtgewonden,9,personenauto,3,Fiets,Op Kruispunt,Gemeenteweg,binnen bebouwde kom,Tussen 2 bestuurders: Frontale botsing,Geen hindernis
49306,100,Mechelen teller 2,Mechelen,51.0457,4.46883,2.198785491382352,51.03154020763262,4.4907811502192665,2024,8,21,12025,Mechelen,Normaal,Droog,"Nacht, openbare verlichting aanwezig en ontstoken",met lichtgewonden,9,personenauto,3,Fiets,Op Kruispunt,Gemeenteweg,binnen bebouwde kom,Tussen 2 bestuurders: Frontale botsing,Geen hindernis
49308,99,Mechelen teller 1,Mechelen,51.04564,4.46882,2.1945940603658083,51.026404118463994,4.475843915790059,2024,8,19,12025,Mechelen,Normaal,Droog,Dag,met zwaargewonden,3,Fiets,8,Voetganger,Buiten Kruispunt,Gemeenteweg,binnen bebouwde kom,Met een voetganger,Geen hindernis
49308,100,Mechelen teller 2,Mechelen,51.0457,4.46883,2.2009410630227744,51.026404118463994,4.475843915790059,2024,8,19,12025,Mechelen,Normaal,Droog,Dag,met zwaargewonden,3,Fiets,8,Voetganger,Buiten Kruispunt,Gemeenteweg,binnen bebouwde kom,Met een voetganger,Geen hindernis
49312,99,Mechelen teller 1,Mechelen,51.04564,4.46882,1.621298912281144,51.03231481372265,4.4594065160046465,2024,8,12,12025,Mechelen,Onbekend,Onbekend,Dag,met lichtgewonden,9,personenauto,3,Fiets,Op Kruispunt,Gewestweg,binnen bebouwde kom,Tussen 2 bestuurders: Flank tegen flank,Geen hindernis
49312,100,Mechelen teller 2,Mechelen,51.0457,4.46883,1.6276811065415733,51.03231481372265,4.4594065160046465,2024,8,12,12025,Mechelen,Onbekend,Onbekend,Dag,met lichtgewonden,9,personenauto,3,Fiets,Op Kruispunt,Gewestweg,binnen bebouwde kom,Tussen 2 bestuurders: Flank tegen flank,Geen hindernis
49313,99,Mechelen teller 1,Mechelen,51.04564,4.46882,1.2063450755464848,51.035922888877444,4.476493126964077,2024,8,18,12025,Mechelen,Normaal,Droog,Dag,met lichtgewonden,3,Fiets,5,Lichte vrachtauto,Buiten Kruispunt,Gemeenteweg,binnen bebouwde kom,Tss. 2 best.: langs opzij (voor-/achterkant-flank),Geen hindernis
49313,100,Mechelen teller 2,Mechelen,51.0457,4.46883,1.212014999981212,51.035922888877444,4.476493126964077,2024,8,18,12025,Mechelen,Normaal,Droog,Dag,met lichtgewonden,3,Fiets,5,Lichte vrachtauto,Buiten Kruispunt,Gemeenteweg,binnen bebouwde kom,Tss. 2 best.: langs opzij (voor-/achterkant-flank),Geen hindernis
49316,99,Mechelen teller 1,Mechelen,51.04564,4.46882,2.3395018384685464,51.03104356515445,4.492918137231206,2024,8,13,12025,Mechelen,Normaal,Droog,Dag,met lichtgewonden,9,personenauto,3,Fiets,Buiten Kruispunt,Gewestweg,binnen bebouwde kom,Tss. 2 best.: langs opzij (voor-/achterkant-flank),Geen hindernis
49316,100,Mechelen teller 2,Mechelen,51.0457,4.46883,2.3436320064437695,51.03104356515445,4.492918137231206,2024,8,13,12025,Mechelen,Normaal,Droog,Dag,met lichtgewonden,9,personenauto,3,Fiets,Buiten Kruispunt,Gewestweg,binnen bebouwde kom,Tss. 2 best.: langs opzij (voor-/achterkant-flank),Geen hindernis
49317,99,Mechelen teller 1,Mechelen,51.04564,4.46882,0.7459202773126239,51.0417557954625,4.477518993059863,2024,8,16,12025,Mechelen,Normaal,Droog,Dag,met lichtgewonden,3,Fiets,9,personenauto,Buiten Kruispunt,Gemeenteweg,binnen bebouwde kom,Tussen 2 bestuurders: Flank tegen flank,Geen hindernis
49317,100,Mechelen teller 2,Mechelen,51.0457,4.46883,0.7492358119443296,51.0417557954625,4.477518993059863,2024,8,16,12025,Mechelen,Normaal,Droog,Dag,met lichtgewonden,3,Fiets,9,personenauto,Buiten Kruispunt,Gemeenteweg,binnen bebouwde kom,Tussen 2 bestuurders: Flank tegen flank,Geen hindernis
49318,99,Mechelen teller 1,Mechelen,51.04564,4.46882,0.6420965953397554,51.04503636693521,4.477954450155013,2024,8,17,12025,Mechelen,Normaal,"Nat, plassen",Dag,met lichtgewonden,3,Fiets,10,"één bestuurder, geen hindernis",Buiten Kruispunt,Gewestweg,binnen bebouwde kom,"Eén bestuurder, geen hindernis (incl. val)",Geen hindernis
49318,100,Mechelen teller 2,Mechelen,51.0457,4.46883,0.6421333864090202,51.04503636693521,4.477954450155013,2024,8,17,12025,Mechelen,Normaal,"Nat, plassen",Dag,met lichtgewonden,3,Fiets,10,"één bestuurder, geen hindernis",Buiten Kruispunt,Gewestweg,binnen bebouwde kom,"Eén bestuurder, geen hindernis (incl. val)",Geen hindernis
49324,115,Aalter,Aalter,51.1058367,3.4350591,1.6338947831114157,51.092854032471614,3.446018320149691,2024,8,23,44084,Aalter,Normaal,Droog,"Nacht, openbare verlichting aanwezig en ontstoken",met lichtgewonden,3,Fiets,9,personenauto,Buiten Kruispunt,Gemeenteweg,binnen bebouwde kom,Tussen 2 bestuurders: Flank tegen flank,Geen hindernis
49328,115,Aalter,Aalter,51.1058367,3.4350591,0.7173251220646145,51.10283575543595,3.444153737638317,2024,8,14,44084,Aalter,Normaal,Droog,Dag,met zwaargewonden,3,Fiets,11,een weggebruiker tegen een hindernis,Buiten Kruispunt,Gemeenteweg,buiten bebouwde kom,Weggebruiker tegen hindernis buiten rijbaan,Andere hindernis
49330,26,Zaventem,Zaventem,50.86995,4.45444,1.2212709997510203,50.862115456181165,4.442243930267581,2024,10,15,23094,Zaventem,Onbekend,Onbekend,Dag,met lichtgewonden,9,personenauto,3,Fiets,Buiten Kruispunt,Gemeenteweg,binnen bebouwde kom,Tss. 2 best.: langs opzij (voor-/achterkant-flank),Geen hindernis
49330,149,Machelen,,50.88297881,4.43356644,2.3984751138882108,50.862115456181165,4.442243930267581,2024,10,15,23094,Zaventem,Onbekend,Onbekend,Dag,met lichtgewonden,9,personenauto,3,Fiets,Buiten Kruispunt,Gemeenteweg,binnen bebouwde kom,Tss. 2 best.: langs opzij (voor-/achterkant-flank),Geen hindernis
49340,2,Brasschaat 2,Brasschaat,51.27512,4.47169,1.565660657552757,51.26970168547082,4.450916867258108,2024,9,8,11002,Antwerpen,Normaal,Droog,Dag,met lichtgewonden,9,personenauto,3,Fiets,Op Kruispunt,Gemeenteweg,binnen bebouwde kom,Tss. 2 best.: langs opzij (voor-/achterkant-flank),Geen hindernis
49340,3,Brasschaat 1,Brasschaat,51.27503,4.47222,1.596013436498048,51.26970168547082,4.450916867258108,2024,9,8,11002,Antwerpen,Normaal,Droog,Dag,met lichtgewonden,9,personenauto,3,Fiets,Op Kruispunt,Gemeenteweg,binnen bebouwde kom,Tss. 2 best.: langs opzij (voor-/achterkant-flank),Geen hindernis
49348,2,Brasschaat 2,Brasschaat,51.27512,4.47169,2.3522513492612704,51.29590020084431,4.465357194352348,2024,9,18,11008,Brasschaat,Onbekend,Onbekend,Onbekend,met lichtgewonden,3,Fiets,9,personenauto,Buiten Kruispunt,Gemeenteweg,binnen bebouwde kom,Tss. 2 best.: langs opzij (voor-/achterkant-flank),Geen hindernis
49348,3,Brasschaat 1,Brasschaat,51.27503,4.47222,2.369232072185919,51.29590020084431,4.465357194352348,2024,9,18,11008,Brasschaat,Onbekend,Onbekend,Onbekend,met lichtgewonden,3,Fiets,9,personenauto,Buiten Kruispunt,Gemeenteweg,binnen bebouwde kom,Tss. 2 best.: langs opzij (voor-/achterkant-flank),Geen hindernis
49354,2,Brasschaat 2,Brasschaat,51.27512,4.47169,1.3130088754745703,51.278607043332386,4.453655606978751,2024,10,13,11002,Antwerpen,Normaal,Droog,Dag,met lichtgewonden,3,Fiets,3,Fiets,Buiten Kruispunt,Gewestweg,binnen bebouwde kom,Tss. 2 best.: langs opzij (voor-/achterkant-flank),Geen hindernis
49354,3,Brasschaat 1,Brasschaat,51.27503,4.47222,1.3511880774518055,51.278607043332386,4.453655606978751,2024,10,13,11002,Antwerpen,Normaal,Droog,Dag,met lichtgewonden,3,Fiets,3,Fiets,Buiten Kruispunt,Gewestweg,binnen bebouwde kom,Tss. 2 best.: langs opzij (voor-/achterkant-flank),Geen hindernis
49413,2,Brasschaat 2,Brasschaat,51.27512,4.47169,1.9800164841096495,51.28309727223089,4.446239674548464,2024,9,8,11002,Antwerpen,Onbekend,"Nat, plassen",Dag,met lichtgewonden,3,Fiets,9,personenauto,Op Kruispunt,Gemeenteweg,binnen bebouwde kom,Tss. 2 best.: langs opzij (voor-/achterkant-flank),Geen hindernis
49413,3,Brasschaat 1,Brasschaat,51.27503,4.47222,2.017473707077297,51.28309727223089,4.446239674548464,2024,9,8,11002,Antwerpen,Onbekend,"Nat, plassen",Dag,met lichtgewonden,3,Fiets,9,personenauto,Op Kruispunt,Gemeenteweg,binnen bebouwde kom,Tss. 2 best.: langs opzij (voor-/achterkant-flank),Geen hindernis
49633,3,Brasschaat 1,Brasschaat,51.27503,4.47222,2.117179467452238,51.29217888119014,4.485447379442853,2024,9,11,11008,Brasschaat,Normaal,Droog,Dag,met zwaargewonden,9,personenauto,3,Fiets,Op Kruispunt,Gemeenteweg,binnen bebouwde kom,Tussen 2 bestuurders: Flank tegen flank,Geen hindernis
49633,2,Brasschaat 2,Brasschaat,51.27512,4.47169,2.124513991890309,51.29217888119014,4.485447379442853,2024,9,11,11008,Brasschaat,Normaal,Droog,Dag,met zwaargewonden,9,personenauto,3,Fiets,Op Kruispunt,Gemeenteweg,binnen bebouwde kom,Tussen 2 bestuurders: Flank tegen flank,Geen hindernis
49634,2,Brasschaat 2,Brasschaat,51.27512,4.47169,1.7250360204287123,51.29013681050726,4.477916575210197,2024,9,13,11008,Brasschaat,Normaal,Droog,Dag,met lichtgewonden,3,Fiets,9,personenauto,Op Kruispunt,Gemeenteweg,binnen bebouwde kom,Tss. 2 best.: langs opzij (voor-/achterkant-flank),Geen hindernis
49634,3,Brasschaat 1,Brasschaat,51.27503,4.47222,1.7258919705447227,51.29013681050726,4.477916575210197,2024,9,13,11008,Brasschaat,Normaal,Droog,Dag,met lichtgewonden,3,Fiets,9,personenauto,Op Kruispunt,Gemeenteweg,binnen bebouwde kom,Tss. 2 best.: langs opzij (voor-/achterkant-flank),Geen hindernis
49636,3,Brasschaat 1,Brasschaat,51.27503,4.47222,2.117179467452238,51.29217888119014,4.485447379442853,2024,9,12,11008,Brasschaat,Normaal,Droog,Dag,met lichtgewonden,9,personenauto,3,Fiets,Op Kruispunt,Gemeenteweg,binnen bebouwde kom,Tss. 2 best.: langs opzij (voor-/achterkant-flank),Geen hindernis
49636,2,Brasschaat 2,Brasschaat,51.27512,4.47169,2.124513991890309,51.29217888119014,4.485447379442853,2024,9,12,11008,Brasschaat,Normaal,Droog,Dag,met lichtgewonden,9,personenauto,3,Fiets,Op Kruispunt,Gemeenteweg,binnen bebouwde kom,Tss. 2 best.: langs opzij (voor-/achterkant-flank),Geen hindernis
49638,2,Brasschaat 2,Brasschaat,51.27512,4.47169,1.3763112507340063,51.28109625593764,4.454362440370789,2024,10,8,11008,Brasschaat,Normaal,Droog,Dageraad - schemering,met lichtgewonden,9,personenauto,3,Fiets,Buiten Kruispunt,Gemeenteweg,binnen bebouwde kom,Tss. 2 best.: langs opzij (voor-/achterkant-flank),Geen hindernis
49638,3,Brasschaat 1,Brasschaat,51.27503,4.47222,1.4134564751721959,51.28109625593764,4.454362440370789,2024,10,8,11008,Brasschaat,Normaal,Droog,Dageraad - schemering,met lichtgewonden,9,personenauto,3,Fiets,Buiten Kruispunt,Gemeenteweg,binnen bebouwde kom,Tss. 2 best.: langs opzij (voor-/achterkant-flank),Geen hindernis
49640,3,Brasschaat 1,Brasschaat,51.27503,4.47222,1.548974841194816,51.287093643777915,4.483356179809417,2024,10,16,11008,Brasschaat,Normaal,Droog,Dag,met zwaargewonden,3,Fiets,9,personenauto,Op Kruispunt,Gemeenteweg,binnen bebouwde kom,Tss. 2 best.: langs opzij (voor-/achterkant-flank),Geen hindernis
49640,2,Brasschaat 2,Brasschaat,51.27512,4.47169,1.5591781018346607,51.287093643777915,4.483356179809417,2024,10,16,11008,Brasschaat,Normaal,Droog,Dag,met zwaargewonden,3,Fiets,9,personenauto,Op Kruispunt,Gemeenteweg,binnen bebouwde kom,Tss. 2 best.: langs opzij (voor-/achterkant-flank),Geen hindernis
49668,91,Brecht teller 2,Brecht,51.35739,4.62422,1.2862549843109539,51.34961504283795,4.637934623205479,2024,9,8,11009,Brecht,Normaal,Droog,Dag,met lichtgewonden,4,Vrachtwagen,3,Fiets,Op Kruispunt,Gewestweg,binnen bebouwde kom,Tussen 2 bestuurders: Frontale botsing,Geen hindernis
49668,90,Brecht teller 1,Brecht,51.35752,4.6243,1.2919371986602415,51.34961504283795,4.637934623205479,2024,9,8,11009,Brecht,Normaal,Droog,Dag,met lichtgewonden,4,Vrachtwagen,3,Fiets,Op Kruispunt,Gewestweg,binnen bebouwde kom,Tussen 2 bestuurders: Frontale botsing,Geen hindernis
49672,91,Brecht teller 2,Brecht,51.35739,4.62422,1.2862915008988198,51.34871059280377,4.636465396636142,2024,9,15,11009,Brecht,Normaal,Droog,Dag,met zwaargewonden,9,personenauto,3,Fiets,Buiten Kruispunt,Gewestweg,binnen bebouwde kom,Tss. 2 best.: langs opzij (voor-/achterkant-flank),Geen hindernis
49672,90,Brecht teller 1,Brecht,51.35752,4.6243,1.2935366868708238,51.34871059280377,4.636465396636142,2024,9,15,11009,Brecht,Normaal,Droog,Dag,met zwaargewonden,9,personenauto,3,Fiets,Buiten Kruispunt,Gewestweg,binnen bebouwde kom,Tss. 2 best.: langs opzij (voor-/achterkant-flank),Geen hindernis
49685,96,Lier teller 2,Lier,51.11705,4.58444,0.7201064592319906,51.12224932834731,4.578289102582426,2024,10,7,12021,Lier,Normaal,Droog,"Nacht, openbare verlichting aanwezig en ontstoken",Met doden,4,Vrachtwagen,3,Fiets,Op Kruispunt,Gewestweg,buiten bebouwde kom,Tss. 2 best.: langs opzij (voor-/achterkant-flank),Geen hindernis
49685,95,Lier teller 1,Lier,51.11687,4.58437,0.733434699193798,51.12224932834731,4.578289102582426,2024,10,7,12021,Lier,Normaal,Droog,"Nacht, openbare verlichting aanwezig en ontstoken",Met doden,4,Vrachtwagen,3,Fiets,Op Kruispunt,Gewestweg,buiten bebouwde kom,Tss. 2 best.: langs opzij (voor-/achterkant-flank),Geen hindernis
49686,96,Lier teller 2,Lier,51.11705,4.58444,1.715893606414219,51.1275821416684,4.566471043179601,2024,10,7,12021,Lier,Normaal,"Nat, plassen","Nacht, openbare verlichting aanwezig en ontstoken",met lichtgewonden,3,Fiets,99,onbekend,Buiten Kruispunt,Gemeenteweg,binnen bebouwde kom,Tss. 2 best.: langs opzij (voor-/achterkant-flank),Geen hindernis
49686,95,Lier teller 1,Lier,51.11687,4.58437,1.726078740804945,51.1275821416684,4.566471043179601,2024,10,7,12021,Lier,Normaal,"Nat, plassen","Nacht, openbare verlichting aanwezig en ontstoken",met lichtgewonden,3,Fiets,99,onbekend,Buiten Kruispunt,Gemeenteweg,binnen bebouwde kom,Tss. 2 best.: langs opzij (voor-/achterkant-flank),Geen hindernis
49691,96,Lier teller 2,Lier,51.11705,4.58444,1.4176657894750375,51.12863546298847,4.575960800919287,2024,10,18,12021,Lier,Normaal,Droog,Dag,met lichtgewonden,3,Fiets,9,personenauto,Buiten Kruispunt,Gemeenteweg,binnen bebouwde kom,Tss. 2 best.: langs opzij (voor-/achterkant-flank),Geen hindernis