crash_row_id,site_id,site_name,site_gemeente,site_lat,site_long,distance_km,crash_lat,crash_long,DT_YEAR_COLLISION,DT_MONTH_COLLISION,DT_TIME,CD_NIS,TX_MUNTY_COLLISION_NL,TX_WEATHER_NL,TX_ROAD_CONDITION_NL,TX_LIGHT_CONDITION_NL,TX_CLASS_ACCIDENTS_NL,CD_ROAD_USR_TYPE1,TX_ROAD_USR_TYPE1_NL,CD_ROAD_USR_TYPE2,TX_ROAD_USR_TYPE2_NL,TX_CROSSWAY_NL,CD_ROAD_TYPE_NL,TX_BUILD_UP_AREA_NL,TX_COLLISION_TYPE_NL,TX_OBSTACLES_NL
49691,95,Lier teller 1,Lier,51.11687,4.58437,1.4338718848864322,51.12863546298847,4.575960800919287,2024,10,18,12021,Lier,Normaal,Droog,Dag,met lichtgewonden,3,Fiets,9,personenauto,Buiten Kruispunt,Gemeenteweg,binnen bebouwde kom,Tss. 2 best.: langs opzij (voor-/achterkant-flank),Geen hindernis
49694,96,Lier teller 2,Lier,51.11705,4.58444,1.6052184944666834,51.12860872661909,4.570660924621999,2024,9,10,12021,Lier,Normaal,Droog,Dag,met lichtgewonden,3,Fiets,3,Fiets,Buiten Kruispunt,Gemeenteweg,binnen bebouwde kom,Tussen 2 bestuurders: Flank tegen flank,Geen hindernis
49694,95,Lier teller 1,Lier,51.11687,4.58437,1.6183966751694614,51.12860872661909,4.570660924621999,2024,9,10,12021,Lier,Normaal,Droog,Dag,met lichtgewonden,3,Fiets,3,Fiets,Buiten Kruispunt,Gemeenteweg,binnen bebouwde kom,Tussen 2 bestuurders: Flank tegen flank,Geen hindernis
49695,96,Lier teller 2,Lier,51.11705,4.58444,1.6086362311975502,51.131373787753965,4.587673147020497,2024,9,13,12021,Lier,Normaal,Droog,Dag,met lichtgewonden,3,Fiets,5,Lichte vrachtauto,Buiten Kruispunt,Gemeenteweg,binnen bebouwde kom,Tussen 2 bestuurders: Flank tegen flank,Geen hindernis
49695,95,Lier teller 1,Lier,51.11687,4.58437,1.6291400169403396,51.131373787753965,4.587673147020497,2024,9,13,12021,Lier,Normaal,Droog,Dag,met lichtgewonden,3,Fiets,5,Lichte vrachtauto,Buiten Kruispunt,Gemeenteweg,binnen bebouwde kom,Tussen 2 bestuurders: Flank tegen flank,Geen hindernis
49699,92,Nijlen teller 1,Nijlen,51.14989,4.64479,1.1725766846118393,51.154489025340254,4.659918671375334,2024,9,9,12026,Nijlen,Normaal,Droog,Dag,met lichtgewonden,3,Fiets,9,personenauto,Buiten Kruispunt,Gewestweg,buiten bebouwde kom,Tss. 2 best.: langs opzij (voor-/achterkant-flank),Geen hindernis
49699,93,Nijlen teller 2,Nijlen,51.14998,4.64469,1.1745494920225308,51.154489025340254,4.659918671375334,2024,9,9,12026,Nijlen,Normaal,Droog,Dag,met lichtgewonden,3,Fiets,9,personenauto,Buiten Kruispunt,Gewestweg,buiten bebouwde kom,Tss. 2 best.: langs opzij (voor-/achterkant-flank),Geen hindernis
49700,93,Nijlen teller 2,Nijlen,51.14998,4.64469,1.8266941178563318,51.165216826261236,4.654481657101555,2024,9,17,12026,Nijlen,Normaal,Droog,Dag,met lichtgewonden,9,personenauto,3,Fiets,Op Kruispunt,Gemeenteweg,buiten bebouwde kom,Tussen 2 bestuurders: Frontale botsing,Geen hindernis
49700,92,Nijlen teller 1,Nijlen,51.14989,4.64479,1.833397752528465,51.165216826261236,4.654481657101555,2024,9,17,12026,Nijlen,Normaal,Droog,Dag,met lichtgewonden,9,personenauto,3,Fiets,Op Kruispunt,Gemeenteweg,buiten bebouwde kom,Tussen 2 bestuurders: Frontale botsing,Geen hindernis
49702,9,Heist op den Berg 2,Heist-op-den-Berg,51.06904,4.69524,0.17871367765313784,51.06840262771816,4.6975879550140895,2024,10,7,12014,Heist-op-den-Berg,Normaal,Droog,Dageraad - schemering,met lichtgewonden,9,personenauto,3,Fiets,Buiten Kruispunt,Gewestweg,buiten bebouwde kom,Tss. 2 best.: langs opzij (voor-/achterkant-flank),Geen hindernis
49702,8,Heist op den Berg 1,Heist-op-den-Berg,51.06759,4.68823,0.6600975594823677,51.06840262771816,4.6975879550140895,2024,10,7,12014,Heist-op-den-Berg,Normaal,Droog,Dageraad - schemering,met lichtgewonden,9,personenauto,3,Fiets,Buiten Kruispunt,Gewestweg,buiten bebouwde kom,Tss. 2 best.: langs opzij (voor-/achterkant-flank),Geen hindernis
49728,133,Gierde Lille Totem,Lille,51.2453915,4.8297416,0.9457208587957271,51.23791718167213,4.823258876359251,2024,9,14,13019,Lille,Normaal,Droog,Dag,met lichtgewonden,9,personenauto,3,Fiets,Buiten Kruispunt,Gemeenteweg,binnen bebouwde kom,Tss. 2 best.: langs opzij (voor-/achterkant-flank),Geen hindernis
49728,132,Gierde lille,Lille,51.245445,4.8298851,0.9557338348325336,51.23791718167213,4.823258876359251,2024,9,14,13019,Lille,Normaal,Droog,Dag,met lichtgewonden,9,personenauto,3,Fiets,Buiten Kruispunt,Gemeenteweg,binnen bebouwde kom,Tss. 2 best.: langs opzij (voor-/achterkant-flank),Geen hindernis
49739,88,Westerlo teller 1,Westerlo,51.082,4.91325,0.6726093307581702,51.08483742819448,4.904745958776082,2024,10,16,13049,Westerlo,"Andere (dikke rook,...)",Droog,Dag,met lichtgewonden,3,Fiets,3,Fiets,Buiten Kruispunt,Gemeenteweg,buiten bebouwde kom,Tussen 2 bestuurders: Frontale botsing,Geen hindernis
49739,89,Westerlo teller 2,Westerlo,51.08191,4.91334,0.6828816437241392,51.08483742819448,4.904745958776082,2024,10,16,13049,Westerlo,"Andere (dikke rook,...)",Droog,Dag,met lichtgewonden,3,Fiets,3,Fiets,Buiten Kruispunt,Gemeenteweg,buiten bebouwde kom,Tussen 2 bestuurders: Frontale botsing,Geen hindernis
49741,88,Westerlo teller 1,Westerlo,51.082,4.91325,0.8877697127535352,51.089952960105364,4.914367967080464,2024,10,18,13049,Westerlo,Normaal,Droog,Dag,met lichtgewonden,9,personenauto,3,Fiets,Op Kruispunt,Gewestweg,binnen bebouwde kom,Tss. 2 best.: langs opzij (voor-/achterkant-flank),Geen hindernis
49741,89,Westerlo teller 2,Westerlo,51.08191,4.91334,0.8972139679145523,51.089952960105364,4.914367967080464,2024,10,18,13049,Westerlo,Normaal,Droog,Dag,met lichtgewonden,9,personenauto,3,Fiets,Op Kruispunt,Gewestweg,binnen bebouwde kom,Tss. 2 best.: langs opzij (voor-/achterkant-flank),Geen hindernis
49742,127,Geel totem,Westerlo,51.1342966,4.9400421,0.8891077081980502,51.12635160081319,4.938606177310102,2024,10,7,13049,Westerlo,Onbekend,Onbekend,"Nacht, openbare verlichting aanwezig en ontstoken",met lichtgewonden,9,personenauto,3,Fiets,Op Kruispunt,Gemeenteweg,buiten bebouwde kom,Tss. 2 best.: langs opzij (voor-/achterkant-flank),Geen hindernis
49742,112,Geel teller 2,Westerlo,51.1354992,4.9394789,1.0189879922158906,51.12635160081319,4.938606177310102,2024,10,7,13049,Westerlo,Onbekend,Onbekend,"Nacht, openbare verlichting aanwezig en ontstoken",met lichtgewonden,9,personenauto,3,Fiets,Op Kruispunt,Gemeenteweg,buiten bebouwde kom,Tss. 2 best.: langs opzij (voor-/achterkant-flank),Geen hindernis
49751,98,Geel teller 2,Geel,51.1481,4.99643,2.2932217514978492,51.15909325804156,4.9686107553084256,2024,9,18,13008,Geel,Normaal,Droog,Dag,met lichtgewonden,9,personenauto,3,Fiets,Op Kruispunt,Gewestweg,buiten bebouwde kom,Tss. 2 best.: langs opzij (voor-/achterkant-flank),Geen hindernis
49751,97,Geel teller 1,Geel,51.14813,4.99698,2.324015332663593,51.15909325804156,4.9686107553084256,2024,9,18,13008,Geel,Normaal,Droog,Dag,met lichtgewonden,9,personenauto,3,Fiets,Op Kruispunt,Gewestweg,buiten bebouwde kom,Tss. 2 best.: langs opzij (voor-/achterkant-flank),Geen hindernis
49753,98,Geel teller 2,Geel,51.1481,4.99643,0.891243842725632,51.155950869880755,4.993856172147298,2024,7,20,13008,Geel,Normaal,Proper,Dag,met lichtgewonden,3,Fiets,3,Fiets,Buiten Kruispunt,Gewestweg,binnen bebouwde kom,Tss. 2 best.: langs opzij (voor-/achterkant-flank),Geen hindernis
49753,97,Geel teller 1,Geel,51.14813,4.99698,0.896519459315258,51.155950869880755,4.993856172147298,2024,7,20,13008,Geel,Normaal,Proper,Dag,met lichtgewonden,3,Fiets,3,Fiets,Buiten Kruispunt,Gewestweg,binnen bebouwde kom,Tss. 2 best.: langs opzij (voor-/achterkant-flank),Geen hindernis
49755,98,Geel teller 2,Geel,51.1481,4.99643,1.0440814284355442,51.14501813200677,4.982291555624263,2024,10,8,13008,Geel,"Andere (dikke rook,...)",Droog,Dag,met zwaargewonden,9,personenauto,3,Fiets,Op Kruispunt,Gemeenteweg,buiten bebouwde kom,Tss. 2 best.: langs opzij (voor-/achterkant-flank),Geen hindernis
49755,97,Geel teller 1,Geel,51.14813,4.99698,1.0814575865333187,51.14501813200677,4.982291555624263,2024,10,8,13008,Geel,"Andere (dikke rook,...)",Droog,Dag,met zwaargewonden,9,personenauto,3,Fiets,Op Kruispunt,Gemeenteweg,buiten bebouwde kom,Tss. 2 best.: langs opzij (voor-/achterkant-flank),Geen hindernis
49757,112,Geel teller 2,Westerlo,51.1354992,4.9394789,1.6337599335129462,51.145671492782924,4.956376832420027,2024,9,8,13008,Geel,Normaal,Droog,Dag,met lichtgewonden,4,Vrachtwagen,3,Fiets,Buiten Kruispunt,Gewestweg,buiten bebouwde kom,Tss. 2 best.: langs opzij (voor-/achterkant-flank),Geen hindernis
49757,127,Geel totem,Westerlo,51.1342966,4.9400421,1.7024983467573518,51.145671492782924,4.956376832420027,2024,9,8,13008,Geel,Normaal,Droog,Dag,met lichtgewonden,4,Vrachtwagen,3,Fiets,Buiten Kruispunt,Gewestweg,buiten bebouwde kom,Tss. 2 best.: langs opzij (voor-/achterkant-flank),Geen hindernis
49760,98,Geel teller 2,Geel,51.1481,4.99643,2.1416368027078683,51.164303160714496,4.9798289698334495,2024,10,21,13008,Geel,Regenval,"Nat, plassen","Nacht, openbare verlichting aanwezig en ontstoken",met lichtgewonden,9,personenauto,3,Fiets,Op Kruispunt,Gemeenteweg,binnen bebouwde kom,Tss. 2 best.: langs opzij (voor-/achterkant-flank),Geen hindernis
49760,97,Geel teller 1,Geel,51.14813,4.99698,2.1598353800645733,51.164303160714496,4.9798289698334495,2024,10,21,13008,Geel,Regenval,"Nat, plassen","Nacht, openbare verlichting aanwezig en ontstoken",met lichtgewonden,9,personenauto,3,Fiets,Op Kruispunt,Gemeenteweg,binnen bebouwde kom,Tss. 2 best.: langs opzij (voor-/achterkant-flank),Geen hindernis
49761,97,Geel teller 1,Geel,51.14813,4.99698,2.451727701099981,51.12801777025891,5.011381567630448,2024,10,14,13008,Geel,Normaal,Droog,Dag,met zwaargewonden,3,Fiets,3,Fiets,Buiten Kruispunt,Gewestweg,binnen bebouwde kom,Tussen 2 bestuurders: Frontale botsing,Geen hindernis
49761,98,Geel teller 2,Geel,51.1481,4.99643,2.4646795110227497,51.12801777025891,5.011381567630448,2024,10,14,13008,Geel,Normaal,Droog,Dag,met zwaargewonden,3,Fiets,3,Fiets,Buiten Kruispunt,Gewestweg,binnen bebouwde kom,Tussen 2 bestuurders: Frontale botsing,Geen hindernis
49762,98,Geel teller 2,Geel,51.1481,4.99643,0.7165895097564141,51.154333053046344,4.993820197015631,2024,10,12,13008,Geel,Normaal,Droog,Dag,met lichtgewonden,9,personenauto,3,Fiets,Op Kruispunt,Gewestweg,binnen bebouwde kom,Tussen 2 bestuurders: Langs achteren,Geen hindernis
49762,97,Geel teller 1,Geel,51.14813,4.99698,0.7241031155609243,51.154333053046344,4.993820197015631,2024,10,12,13008,Geel,Normaal,Droog,Dag,met lichtgewonden,9,personenauto,3,Fiets,Op Kruispunt,Gewestweg,binnen bebouwde kom,Tussen 2 bestuurders: Langs achteren,Geen hindernis
49764,134,Retie,Dessel,51.2548405,5.1037658,1.3151664158565466,51.262472441241705,5.089327190091678,2024,10,14,13036,Retie,Normaal,"Nat, plassen",Dag,met lichtgewonden,3,Fiets,9,personenauto,Buiten Kruispunt,Gewestweg,binnen bebouwde kom,Tss. 2 best.: langs opzij (voor-/achterkant-flank),Geen hindernis
49764,135,Retie 2,Dessel,51.2544998,5.1040064,1.352526811650936,51.262472441241705,5.089327190091678,2024,10,14,13036,Retie,Normaal,"Nat, plassen",Dag,met lichtgewonden,3,Fiets,9,personenauto,Buiten Kruispunt,Gewestweg,binnen bebouwde kom,Tss. 2 best.: langs opzij (voor-/achterkant-flank),Geen hindernis
49770,134,Retie,Dessel,51.2548405,5.1037658,1.647962858990963,51.26709091529789,5.117095066430935,2024,8,19,13036,Retie,Normaal,Droog,Dag,met lichtgewonden,3,Fiets,3,Fiets,Op Kruispunt,Gemeenteweg,binnen bebouwde kom,Tussen 2 bestuurders: Frontale botsing,Geen hindernis
49770,135,Retie 2,Dessel,51.2544998,5.1040064,1.6702269561123957,51.26709091529789,5.117095066430935,2024,8,19,13036,Retie,Normaal,Droog,Dag,met lichtgewonden,3,Fiets,3,Fiets,Op Kruispunt,Gemeenteweg,binnen bebouwde kom,Tussen 2 bestuurders: Frontale botsing,Geen hindernis
49776,5,Balen 2,Balen,51.16018,5.19003,2.260258662624595,51.17171356841305,5.163337336254221,2024,9,16,13003,Balen,Regenval,"Nat, plassen",Dag,met lichtgewonden,3,Fiets,9,personenauto,Op Kruispunt,Gewestweg,binnen bebouwde kom,Tussen 2 bestuurders: Flank tegen flank,Geen hindernis
49776,4,Balen 1,Balen,51.16023,5.19011,2.261709737853314,51.17171356841305,5.163337336254221,2024,9,16,13003,Balen,Regenval,"Nat, plassen",Dag,met lichtgewonden,3,Fiets,9,personenauto,Op Kruispunt,Gewestweg,binnen bebouwde kom,Tussen 2 bestuurders: Flank tegen flank,Geen hindernis
49780,5,Balen 2,Balen,51.16018,5.19003,2.24288646181559,51.17168477483487,5.163608526811869,2024,9,18,13003,Balen,Normaal,Droog,Dag,met lichtgewonden,4,Vrachtwagen,3,Fiets,Op Kruispunt,Gewestweg,binnen bebouwde kom,Tussen 2 bestuurders: Frontale botsing,Geen hindernis
49780,4,Balen 1,Balen,51.16023,5.19011,2.244309722617078,51.17168477483487,5.163608526811869,2024,9,18,13003,Balen,Normaal,Droog,Dag,met lichtgewonden,4,Vrachtwagen,3,Fiets,Op Kruispunt,Gewestweg,binnen bebouwde kom,Tussen 2 bestuurders: Frontale botsing,Geen hindernis
49784,5,Balen 2,Balen,51.16018,5.19003,2.317545227348917,51.171800522413015,5.162437978148458,2024,10,8,13003,Balen,Normaal,Droog,Dageraad - schemering,met lichtgewonden,3,Fiets,9,personenauto,Buiten Kruispunt,Gewestweg,binnen bebouwde kom,Tss. 2 best.: langs opzij (voor-/achterkant-flank),Geen hindernis
49784,4,Balen 1,Balen,51.16023,5.19011,2.319088050664028,51.171800522413015,5.162437978148458,2024,10,8,13003,Balen,Normaal,Droog,Dageraad - schemering,met lichtgewonden,3,Fiets,9,personenauto,Buiten Kruispunt,Gewestweg,binnen bebouwde kom,Tss. 2 best.: langs opzij (voor-/achterkant-flank),Geen hindernis
49785,4,Balen 1,Balen,51.16023,5.19011,1.2733708645647897,51.17143188174706,5.193903717218992,2024,9,17,13003,Balen,Normaal,Droog,Dag,met lichtgewonden,5,Lichte vrachtauto,3,Fiets,Buiten Kruispunt,Gemeenteweg,buiten bebouwde kom,Tss. 2 best.: langs opzij (voor-/achterkant-flank),Geen hindernis
49785,5,Balen 2,Balen,51.16018,5.19003,1.2799753614863139,51.17143188174706,5.193903717218992,2024,9,17,13003,Balen,Normaal,Droog,Dag,met lichtgewonden,5,Lichte vrachtauto,3,Fiets,Buiten Kruispunt,Gemeenteweg,buiten bebouwde kom,Tss. 2 best.: langs opzij (voor-/achterkant-flank),Geen hindernis
49788,5,Balen 2,Balen,51.16018,5.19003,2.466889566052111,51.172049671194316,5.160140060896252,2024,9,9,13003,Balen,Normaal,Droog,Dag,met lichtgewonden,5,Lichte vrachtauto,3,Fiets,Buiten Kruispunt,Gewestweg,binnen bebouwde kom,Tussen 2 bestuurders: Langs achteren,Geen hindernis
49788,4,Balen 1,Balen,51.16023,5.19011,2.4686385476858574,51.172049671194316,5.160140060896252,2024,9,9,13003,Balen,Normaal,Droog,Dag,met lichtgewonden,5,Lichte vrachtauto,3,Fiets,Buiten Kruispunt,Gewestweg,binnen bebouwde kom,Tussen 2 bestuurders: Langs achteren,Geen hindernis
49790,94,Herentals teller 2,Herentals,51.17345,4.81283,1.371414155607072,51.173082358546665,4.83249281444899,2024,10,22,13011,Herentals,Normaal,Droog,"Nacht, openbare verlichting aanwezig en ontstoken",met lichtgewonden,3,Fiets,9,personenauto,Buiten Kruispunt,Gemeenteweg,binnen bebouwde kom,Tussen 2 bestuurders: Langs achteren,Geen hindernis
49790,110,Herentals totem,Herentals,51.1739426,4.811783,1.4469544465716497,51.173082358546665,4.83249281444899,2024,10,22,13011,Herentals,Normaal,Droog,"Nacht, openbare verlichting aanwezig en ontstoken",met lichtgewonden,3,Fiets,9,personenauto,Buiten Kruispunt,Gemeenteweg,binnen bebouwde kom,Tussen 2 bestuurders: Langs achteren,Geen hindernis
49793,110,Herentals totem,Herentals,51.1739426,4.811783,0.5209387227268263,51.177494754462884,4.806910706247308,2024,10,9,13011,Herentals,Normaal,"Nat, plassen",Dag,dodelijk gewonden,3,Fiets,10,"één bestuurder, geen hindernis",Buiten Kruispunt,Gemeenteweg,buiten bebouwde kom,"Eén bestuurder, geen hindernis (incl. val)",Geen hindernis
49793,94,Herentals teller 2,Herentals,51.17345,4.81283,0.6103756453300889,51.177494754462884,4.806910706247308,2024,10,9,13011,Herentals,Normaal,"Nat, plassen",Dag,dodelijk gewonden,3,Fiets,10,"één bestuurder, geen hindernis",Buiten Kruispunt,Gemeenteweg,buiten bebouwde kom,"Eén bestuurder, geen hindernis (incl. val)",Geen hindernis
49794,94,Herentals teller 2,Herentals,51.17345,4.81283,1.5491810599823177,51.182088793817215,4.830265579053524,2024,10,12,13011,Herentals,Normaal,Droog,Dag,met lichtgewonden,9,personenauto,3,Fiets,Op Kruispunt,Gemeenteweg,binnen bebouwde kom,Tss. 2 best.: langs opzij (voor-/achterkant-flank),Geen hindernis
49794,110,Herentals totem,Herentals,51.1739426,4.811783,1.5749455412856783,51.182088793817215,4.830265579053524,2024,10,12,13011,Herentals,Normaal,Droog,Dag,met lichtgewonden,9,personenauto,3,Fiets,Op Kruispunt,Gemeenteweg,binnen bebouwde kom,Tss. 2 best.: langs opzij (voor-/achterkant-flank),Geen hindernis
49795,94,Herentals teller 2,Herentals,51.17345,4.81283,2.078313267114633,51.1775842840229,4.84190429722173,2024,10,8,13011,Herentals,Onbekend,Onbekend,Onbekend,met lichtgewonden,3,Fiets,2,Andere weggebruiker,Buiten Kruispunt,Gemeenteweg,binnen bebouwde kom,Tss. 2 best.: langs opzij (voor-/achterkant-flank),Geen hindernis
49795,110,Herentals totem,Herentals,51.1739426,4.811783,2.1384988019426694,51.1775842840229,4.84190429722173,2024,10,8,13011,Herentals,Onbekend,Onbekend,Onbekend,met lichtgewonden,3,Fiets,2,Andere weggebruiker,Buiten Kruispunt,Gemeenteweg,binnen bebouwde kom,Tss. 2 best.: langs opzij (voor-/achterkant-flank),Geen hindernis
49798,94,Herentals teller 2,Herentals,51.17345,4.81283,1.9938140954197574,51.17597834871455,4.841144403853747,2024,10,15,13011,Herentals,Normaal,Droog,Dag,met lichtgewonden,3,Fiets,3,Fiets,Buiten Kruispunt,Gemeenteweg,binnen bebouwde kom,Tss. 2 best.: langs opzij (voor-/achterkant-flank),Geen hindernis
49798,110,Herentals totem,Herentals,51.1739426,4.811783,2.05935129078284,51.17597834871455,4.841144403853747,2024,10,15,13011,Herentals,Normaal,Droog,Dag,met lichtgewonden,3,Fiets,3,Fiets,Buiten Kruispunt,Gemeenteweg,binnen bebouwde kom,Tss. 2 best.: langs opzij (voor-/achterkant-flank),Geen hindernis
49799,110,Herentals totem,Herentals,51.1739426,4.811783,0.2563254797196005,51.17189187416566,4.810103789249936,2024,9,12,13011,Herentals,Normaal,Droog,Dag,met lichtgewonden,9,personenauto,3,Fiets,Op Kruispunt,Gewestweg,buiten bebouwde kom,Tss. 2 best.: langs opzij (voor-/achterkant-flank),Geen hindernis
49799,94,Herentals teller 2,Herentals,51.17345,4.81283,0.2571790029827503,51.17189187416566,4.810103789249936,2024,9,12,13011,Herentals,Normaal,Droog,Dag,met lichtgewonden,9,personenauto,3,Fiets,Op Kruispunt,Gewestweg,buiten bebouwde kom,Tss. 2 best.: langs opzij (voor-/achterkant-flank),Geen hindernis
49805,38,Lommel teller 2,Lommel,51.23277,5.29189,2.0754725842746224,51.22001936930608,5.313656600256762,2024,9,8,72020,Lommel,Normaal,Droog,Dag,met lichtgewonden,9,personenauto,3,Fiets,Buiten Kruispunt,Gewestweg,buiten bebouwde kom,Tussen 2 bestuurders: Flank tegen flank,Geen hindernis
49805,37,Lommel teller 1,Lommel,51.23299,5.29211,2.0811859727992887,51.22001936930608,5.313656600256762,2024,9,8,72020,Lommel,Normaal,Droog,Dag,met lichtgewonden,9,personenauto,3,Fiets,Buiten Kruispunt,Gewestweg,buiten bebouwde kom,Tussen 2 bestuurders: Flank tegen flank,Geen hindernis
49808,37,Lommel teller 1,Lommel,51.23299,5.29211,1.6720345362521625,51.23638268463292,5.315506404946577,2024,10,9,72020,Lommel,Normaal,Proper,Dag,met lichtgewonden,9,personenauto,3,Fiets,Op Kruispunt,Gemeenteweg,binnen bebouwde kom,Tss. 2 best.: langs opzij (voor-/achterkant-flank),Geen hindernis
49808,38,Lommel teller 2,Lommel,51.23277,5.29189,1.6926024340265335,51.23638268463292,5.315506404946577,2024,10,9,72020,Lommel,Normaal,Proper,Dag,met lichtgewonden,9,personenauto,3,Fiets,Op Kruispunt,Gemeenteweg,binnen bebouwde kom,Tss. 2 best.: langs opzij (voor-/achterkant-flank),Geen hindernis
49810,46,Pelt teller 2,Pelt,51.231,5.44375,0.7609927300441224,51.230062143341314,5.432923855534408,2024,10,14,72043,Pelt,Normaal,Droog,Dag,met lichtgewonden,9,personenauto,3,Fiets,Buiten Kruispunt,Gemeenteweg,binnen bebouwde kom,Tussen 2 bestuurders: Langs achteren,Geen hindernis
49810,45,Pelt teller 1,Pelt,51.23127,5.44377,0.7670535774001503,51.230062143341314,5.432923855534408,2024,10,14,72043,Pelt,Normaal,Droog,Dag,met lichtgewonden,9,personenauto,3,Fiets,Buiten Kruispunt,Gemeenteweg,binnen bebouwde kom,Tussen 2 bestuurders: Langs achteren,Geen hindernis
49811,46,Pelt teller 2,Pelt,51.231,5.44375,0.8296914048785529,51.22465440450169,5.43748164041464,2024,10,11,72043,Pelt,Normaal,"Nat, plassen",Dag,met lichtgewonden,3,Fiets,3,Fiets,Op Kruispunt,Gewestweg,binnen bebouwde kom,Tss. 2 best.: langs opzij (voor-/achterkant-flank),Geen hindernis
49811,45,Pelt teller 1,Pelt,51.23127,5.44377,0.8560803521125526,51.22465440450169,5.43748164041464,2024,10,11,72043,Pelt,Normaal,"Nat, plassen",Dag,met lichtgewonden,3,Fiets,3,Fiets,Op Kruispunt,Gewestweg,binnen bebouwde kom,Tss. 2 best.: langs opzij (voor-/achterkant-flank),Geen hindernis
49836,39,Peer teller 1,Peer,51.13425,5.47817,1.3441093693540616,51.1312318903315,5.459517122084822,2024,10,18,72030,Peer,Normaal,Droog,Dag,met lichtgewonden,9,personenauto,3,Fiets,Op Kruispunt,Gewestweg,binnen bebouwde kom,Tss. 2 best.: langs opzij (voor-/achterkant-flank),Geen hindernis
49836,40,Peer teller 2,Peer,51.13438,5.47892,1.3983922193375666,51.1312318903315,5.459517122084822,2024,10,18,72030,Peer,Normaal,Droog,Dag,met lichtgewonden,9,personenauto,3,Fiets,Op Kruispunt,Gewestweg,binnen bebouwde kom,Tss. 2 best.: langs opzij (voor-/achterkant-flank),Geen hindernis
49847,39,Peer teller 1,Peer,51.13425,5.47817,2.4415674987791887,51.14780958717281,5.450643095121303,2024,9,7,72030,Peer,Normaal,Droog,Dag,met lichtgewonden,3,Fiets,9,personenauto,Op Kruispunt,Gewestweg,buiten bebouwde kom,Tss. 2 best.: langs opzij (voor-/achterkant-flank),Geen hindernis
49847,40,Peer teller 2,Peer,51.13438,5.47892,2.474178636662286,51.14780958717281,5.450643095121303,2024,9,7,72030,Peer,Normaal,Droog,Dag,met lichtgewonden,3,Fiets,9,personenauto,Op Kruispunt,Gewestweg,buiten bebouwde kom,Tss. 2 best.: langs opzij (voor-/achterkant-flank),Geen hindernis
49855,29,Tongeren,Tongeren,50.79286,5.52825,2.4212520320146806,50.79260755288955,5.493805403263825,2024,9,7,73083,Tongeren,Normaal,Droog,Dageraad - schemering,met lichtgewonden,3,Fiets,10,"één bestuurder, geen hindernis",Buiten Kruispunt,Gemeenteweg,buiten bebouwde kom,"Eén bestuurder, geen hindernis (incl. val)",Geen hindernis
49858,21,Bilzen,Bilzen,50.86015,5.50161,1.008447632058012,50.861351766723665,5.51585129853101,2024,9,12,73006,Bilzen,Normaal,Droog,Dag,met lichtgewonden,3,Fiets,3,Fiets,Buiten Kruispunt,Gemeenteweg,buiten bebouwde kom,Tussen 2 bestuurders: Flank tegen flank,Geen hindernis
49861,44,Maaseik teller 2,Maaseik,51.09359,5.79726,0.3267714329923875,51.09544656422447,5.7936328293967065,2024,10,13,72021,Maaseik,Normaal,Droog,Dag,met zwaargewonden,9,personenauto,3,Fiets,Buiten Kruispunt,Gemeenteweg,binnen bebouwde kom,Tussen 2 bestuurders: Flank tegen flank,Geen hindernis
49861,43,Maaseik teller 1,Maaseik,51.09344,5.79715,0.3318311042847223,51.09544656422447,5.7936328293967065,2024,10,13,72021,Maaseik,Normaal,Droog,Dag,met zwaargewonden,9,personenauto,3,Fiets,Buiten Kruispunt,Gemeenteweg,binnen bebouwde kom,Tussen 2 bestuurders: Flank tegen flank,Geen hindernis
49866,69,Leuven teller 1,Leuven,50.87549,4.71526,0.17894265958495748,50.87708623900512,4.715583899326931,2024,10,15,24062,Leuven,Normaal,Onbekend,Dag,met lichtgewonden,3,Fiets,3,Fiets,Buiten Kruispunt,Gewestweg,binnen bebouwde kom,Tussen 2 bestuurders: Flank tegen flank,Geen hindernis
49866,77,Leuven teller 2,Leuven,50.88672,4.70796,1.1973282311631637,50.87708623900512,4.715583899326931,2024,10,15,24062,Leuven,Normaal,Onbekend,Dag,met lichtgewonden,3,Fiets,3,Fiets,Buiten Kruispunt,Gewestweg,binnen bebouwde kom,Tussen 2 bestuurders: Flank tegen flank,Geen hindernis
49866,107,leuven totem,Leuven,50.8870744,4.7087919,1.2085322355787356,50.87708623900512,4.715583899326931,2024,10,15,24062,Leuven,Normaal,Onbekend,Dag,met lichtgewonden,3,Fiets,3,Fiets,Buiten Kruispunt,Gewestweg,binnen bebouwde kom,Tussen 2 bestuurders: Flank tegen flank,Geen hindernis
49866,151,Leuven,District Leuven,50.8690262,4.6854839,2.2943600365713306,50.87708623900512,4.715583899326931,2024,10,15,24062,Leuven,Normaal,Onbekend,Dag,met lichtgewonden,3,Fiets,3,Fiets,Buiten Kruispunt,Gewestweg,binnen bebouwde kom,Tussen 2 bestuurders: Flank tegen flank,Geen hindernis
49867,151,Leuven,District Leuven,50.8690262,4.6854839,1.193693849051555,50.879702366046196,4.683703033973702,2024,10,15,24062,Leuven,Normaal,Droog,Dag,met lichtgewonden,3,Fiets,3,Fiets,Buiten Kruispunt,Gemeenteweg,buiten bebouwde kom,Tss. 2 best.: langs opzij (voor-/achterkant-flank),Geen hindernis