crash_row_id,site_id,site_name,site_gemeente,site_lat,site_long,distance_km,crash_lat,crash_long,DT_YEAR_COLLISION,DT_MONTH_COLLISION,DT_TIME,CD_NIS,TX_MUNTY_COLLISION_NL,TX_WEATHER_NL,TX_ROAD_CONDITION_NL,TX_LIGHT_CONDITION_NL,TX_CLASS_ACCIDENTS_NL,CD_ROAD_USR_TYPE1,TX_ROAD_USR_TYPE1_NL,CD_ROAD_USR_TYPE2,TX_ROAD_USR_TYPE2_NL,TX_CROSSWAY_NL,CD_ROAD_TYPE_NL,TX_BUILD_UP_AREA_NL,TX_COLLISION_TYPE_NL,TX_OBSTACLES_NL
49867,77,Leuven teller 2,Leuven,50.88672,4.70796,1.8720859994173331,50.879702366046196,4.683703033973702,2024,10,15,24062,Leuven,Normaal,Droog,Dag,met lichtgewonden,3,Fiets,3,Fiets,Buiten Kruispunt,Gemeenteweg,buiten bebouwde kom,Tss. 2 best.: langs opzij (voor-/achterkant-flank),Geen hindernis
49867,107,leuven totem,Leuven,50.8870744,4.7087919,1.9415888324785857,50.879702366046196,4.683703033973702,2024,10,15,24062,Leuven,Normaal,Droog,Dag,met lichtgewonden,3,Fiets,3,Fiets,Buiten Kruispunt,Gemeenteweg,buiten bebouwde kom,Tss. 2 best.: langs opzij (voor-/achterkant-flank),Geen hindernis
49867,69,Leuven teller 1,Leuven,50.87549,4.71526,2.26309235211205,50.879702366046196,4.683703033973702,2024,10,15,24062,Leuven,Normaal,Droog,Dag,met lichtgewonden,3,Fiets,3,Fiets,Buiten Kruispunt,Gemeenteweg,buiten bebouwde kom,Tss. 2 best.: langs opzij (voor-/achterkant-flank),Geen hindernis
49868,151,Leuven,District Leuven,50.8690262,4.6854839,0.48824733293974354,50.87180805825627,4.690867181361226,2024,10,11,24062,Leuven,Normaal,Droog,Dag,met lichtgewonden,9,personenauto,3,Fiets,Buiten Kruispunt,Gewestweg,binnen bebouwde kom,Tss. 2 best.: langs opzij (voor-/achterkant-flank),Geen hindernis
49868,69,Leuven teller 1,Leuven,50.87549,4.71526,1.7598712182852687,50.87180805825627,4.690867181361226,2024,10,11,24062,Leuven,Normaal,Droog,Dag,met lichtgewonden,9,personenauto,3,Fiets,Buiten Kruispunt,Gewestweg,binnen bebouwde kom,Tss. 2 best.: langs opzij (voor-/achterkant-flank),Geen hindernis
49868,77,Leuven teller 2,Leuven,50.88672,4.70796,2.046344677450894,50.87180805825627,4.690867181361226,2024,10,11,24062,Leuven,Normaal,Droog,Dag,met lichtgewonden,9,personenauto,3,Fiets,Buiten Kruispunt,Gewestweg,binnen bebouwde kom,Tss. 2 best.: langs opzij (voor-/achterkant-flank),Geen hindernis
49868,107,leuven totem,Leuven,50.8870744,4.7087919,2.1126157571320756,50.87180805825627,4.690867181361226,2024,10,11,24062,Leuven,Normaal,Droog,Dag,met lichtgewonden,9,personenauto,3,Fiets,Buiten Kruispunt,Gewestweg,binnen bebouwde kom,Tss. 2 best.: langs opzij (voor-/achterkant-flank),Geen hindernis
49869,69,Leuven teller 1,Leuven,50.87549,4.71526,0.6261268724158637,50.88072860249036,4.711987353918927,2024,10,8,24062,Leuven,Normaal,Droog,Dag,met lichtgewonden,3,Fiets,3,Fiets,Buiten Kruispunt,Gemeenteweg,binnen bebouwde kom,Tss. 2 best.: langs opzij (voor-/achterkant-flank),Geen hindernis
49869,77,Leuven teller 2,Leuven,50.88672,4.70796,0.7236451366143355,50.88072860249036,4.711987353918927,2024,10,8,24062,Leuven,Normaal,Droog,Dag,met lichtgewonden,3,Fiets,3,Fiets,Buiten Kruispunt,Gemeenteweg,binnen bebouwde kom,Tss. 2 best.: langs opzij (voor-/achterkant-flank),Geen hindernis
49869,107,leuven totem,Leuven,50.8870744,4.7087919,0.7403726162273041,50.88072860249036,4.711987353918927,2024,10,8,24062,Leuven,Normaal,Droog,Dag,met lichtgewonden,3,Fiets,3,Fiets,Buiten Kruispunt,Gemeenteweg,binnen bebouwde kom,Tss. 2 best.: langs opzij (voor-/achterkant-flank),Geen hindernis
49869,151,Leuven,District Leuven,50.8690262,4.6854839,2.269689400660514,50.88072860249036,4.711987353918927,2024,10,8,24062,Leuven,Normaal,Droog,Dag,met lichtgewonden,3,Fiets,3,Fiets,Buiten Kruispunt,Gemeenteweg,binnen bebouwde kom,Tss. 2 best.: langs opzij (voor-/achterkant-flank),Geen hindernis
49870,69,Leuven teller 1,Leuven,50.87549,4.71526,0.7047546843540782,50.876935931482315,4.705480455355167,2024,10,12,24062,Leuven,Normaal,Droog,Dag,met lichtgewonden,8,Voetganger,3,Fiets,Buiten Kruispunt,Gemeenteweg,binnen bebouwde kom,Met een voetganger,Geen hindernis
49870,77,Leuven teller 2,Leuven,50.88672,4.70796,1.1017579223462006,50.876935931482315,4.705480455355167,2024,10,12,24062,Leuven,Normaal,Droog,Dag,met lichtgewonden,8,Voetganger,3,Fiets,Buiten Kruispunt,Gemeenteweg,binnen bebouwde kom,Met een voetganger,Geen hindernis
49870,107,leuven totem,Leuven,50.8870744,4.7087919,1.1510341657606789,50.876935931482315,4.705480455355167,2024,10,12,24062,Leuven,Normaal,Droog,Dag,met lichtgewonden,8,Voetganger,3,Fiets,Buiten Kruispunt,Gemeenteweg,binnen bebouwde kom,Met een voetganger,Geen hindernis
49870,151,Leuven,District Leuven,50.8690262,4.6854839,1.6559998605385766,50.876935931482315,4.705480455355167,2024,10,12,24062,Leuven,Normaal,Droog,Dag,met lichtgewonden,8,Voetganger,3,Fiets,Buiten Kruispunt,Gemeenteweg,binnen bebouwde kom,Met een voetganger,Geen hindernis
49871,151,Leuven,District Leuven,50.8690262,4.6854839,0.9860411084905626,50.87770075453781,4.682567087144032,2024,9,19,24062,Leuven,Normaal,"Nat, plassen",Dag,met lichtgewonden,9,personenauto,3,Fiets,Buiten Kruispunt,Gemeenteweg,buiten bebouwde kom,Tss. 2 best.: langs opzij (voor-/achterkant-flank),Geen hindernis
49871,77,Leuven teller 2,Leuven,50.88672,4.70796,2.044333921158538,50.87770075453781,4.682567087144032,2024,9,19,24062,Leuven,Normaal,"Nat, plassen",Dag,met lichtgewonden,9,personenauto,3,Fiets,Buiten Kruispunt,Gemeenteweg,buiten bebouwde kom,Tss. 2 best.: langs opzij (voor-/achterkant-flank),Geen hindernis
49871,107,leuven totem,Leuven,50.8870744,4.7087919,2.114524198102319,50.87770075453781,4.682567087144032,2024,9,19,24062,Leuven,Normaal,"Nat, plassen",Dag,met lichtgewonden,9,personenauto,3,Fiets,Buiten Kruispunt,Gemeenteweg,buiten bebouwde kom,Tss. 2 best.: langs opzij (voor-/achterkant-flank),Geen hindernis
49871,69,Leuven teller 1,Leuven,50.87549,4.71526,2.306973744465458,50.87770075453781,4.682567087144032,2024,9,19,24062,Leuven,Normaal,"Nat, plassen",Dag,met lichtgewonden,9,personenauto,3,Fiets,Buiten Kruispunt,Gemeenteweg,buiten bebouwde kom,Tss. 2 best.: langs opzij (voor-/achterkant-flank),Geen hindernis
49872,69,Leuven teller 1,Leuven,50.87549,4.71526,0.46601546879328276,50.87214899822338,4.719269661033242,2024,9,16,24062,Leuven,Onbekend,Onbekend,Dag,met lichtgewonden,3,Fiets,3,Fiets,Buiten Kruispunt,Gemeenteweg,binnen bebouwde kom,Tss. 2 best.: langs opzij (voor-/achterkant-flank),Geen hindernis
49872,77,Leuven teller 2,Leuven,50.88672,4.70796,1.8040836861325318,50.87214899822338,4.719269661033242,2024,9,16,24062,Leuven,Onbekend,Onbekend,Dag,met lichtgewonden,3,Fiets,3,Fiets,Buiten Kruispunt,Gemeenteweg,binnen bebouwde kom,Tss. 2 best.: langs opzij (voor-/achterkant-flank),Geen hindernis
49872,107,leuven totem,Leuven,50.8870744,4.7087919,1.8151442050833375,50.87214899822338,4.719269661033242,2024,9,16,24062,Leuven,Onbekend,Onbekend,Dag,met lichtgewonden,3,Fiets,3,Fiets,Buiten Kruispunt,Gemeenteweg,binnen bebouwde kom,Tss. 2 best.: langs opzij (voor-/achterkant-flank),Geen hindernis
49872,151,Leuven,District Leuven,50.8690262,4.6854839,2.3961165000115634,50.87214899822338,4.719269661033242,2024,9,16,24062,Leuven,Onbekend,Onbekend,Dag,met lichtgewonden,3,Fiets,3,Fiets,Buiten Kruispunt,Gemeenteweg,binnen bebouwde kom,Tss. 2 best.: langs opzij (voor-/achterkant-flank),Geen hindernis
49873,151,Leuven,District Leuven,50.8690262,4.6854839,0.8914651767000428,50.876951930513435,4.683570884939015,2024,10,9,24062,Leuven,Normaal,Droog,Dag,met lichtgewonden,3,Fiets,9,personenauto,Op Kruispunt,Gewestweg,onbekend,Tss. 2 best.: langs opzij (voor-/achterkant-flank),Geen hindernis
49873,77,Leuven teller 2,Leuven,50.88672,4.70796,2.026660341749171,50.876951930513435,4.683570884939015,2024,10,9,24062,Leuven,Normaal,Droog,Dag,met lichtgewonden,3,Fiets,9,personenauto,Op Kruispunt,Gewestweg,onbekend,Tss. 2 best.: langs opzij (voor-/achterkant-flank),Geen hindernis
49873,107,leuven totem,Leuven,50.8870744,4.7087919,2.097048283012348,50.876951930513435,4.683570884939015,2024,10,9,24062,Leuven,Normaal,Droog,Dag,met lichtgewonden,3,Fiets,9,personenauto,Op Kruispunt,Gewestweg,onbekend,Tss. 2 best.: langs opzij (voor-/achterkant-flank),Geen hindernis
49873,69,Leuven teller 1,Leuven,50.87549,4.71526,2.2293619612077684,50.876951930513435,4.683570884939015,2024,10,9,24062,Leuven,Normaal,Droog,Dag,met lichtgewonden,3,Fiets,9,personenauto,Op Kruispunt,Gewestweg,onbekend,Tss. 2 best.: langs opzij (voor-/achterkant-flank),Geen hindernis
49874,151,Leuven,District Leuven,50.8690262,4.6854839,0.6229226385957357,50.8673775874004,4.677000380505494,2024,10,10,24062,Leuven,Normaal,Droog,Dag,met lichtgewonden,3,Fiets,3,Fiets,Buiten Kruispunt,Gemeenteweg,buiten bebouwde kom,Tss. 2 best.: langs opzij (voor-/achterkant-flank),Geen hindernis
49875,107,leuven totem,Leuven,50.8870744,4.7087919,0.6255153418211596,50.885773515721915,4.717467223777204,2024,10,14,24062,Leuven,Normaal,Droog,Dag,met lichtgewonden,8,Voetganger,3,Fiets,Buiten Kruispunt,Gemeenteweg,binnen bebouwde kom,Met een voetganger,Geen vermelding van de aanwezigheid van een hindernis
49875,77,Leuven teller 2,Leuven,50.88672,4.70796,0.675172079290332,50.885773515721915,4.717467223777204,2024,10,14,24062,Leuven,Normaal,Droog,Dag,met lichtgewonden,8,Voetganger,3,Fiets,Buiten Kruispunt,Gemeenteweg,binnen bebouwde kom,Met een voetganger,Geen vermelding van de aanwezigheid van een hindernis
49875,69,Leuven teller 1,Leuven,50.87549,4.71526,1.1539124086076713,50.885773515721915,4.717467223777204,2024,10,14,24062,Leuven,Normaal,Droog,Dag,met lichtgewonden,8,Voetganger,3,Fiets,Buiten Kruispunt,Gemeenteweg,binnen bebouwde kom,Met een voetganger,Geen vermelding van de aanwezigheid van een hindernis
49876,151,Leuven,District Leuven,50.8690262,4.6854839,0.6229226385957357,50.8673775874004,4.677000380505494,2024,10,13,24062,Leuven,Normaal,Droog,Dag,met lichtgewonden,3,Fiets,8,Voetganger,Buiten Kruispunt,Gemeenteweg,binnen bebouwde kom,Met een voetganger,Geen hindernis
49877,69,Leuven teller 1,Leuven,50.87549,4.71526,1.2601245400503522,50.86987533932631,4.73085937797524,2024,10,18,24062,Leuven,Onbekend,Onbekend,Onbekend,met lichtgewonden,3,Fiets,3,Fiets,Buiten Kruispunt,Gewestweg,binnen bebouwde kom,Tss. 2 best.: langs opzij (voor-/achterkant-flank),Geen hindernis
49877,107,leuven totem,Leuven,50.8870744,4.7087919,2.4606044884418177,50.86987533932631,4.73085937797524,2024,10,18,24062,Leuven,Onbekend,Onbekend,Onbekend,met lichtgewonden,3,Fiets,3,Fiets,Buiten Kruispunt,Gewestweg,binnen bebouwde kom,Tss. 2 best.: langs opzij (voor-/achterkant-flank),Geen hindernis
49877,77,Leuven teller 2,Leuven,50.88672,4.70796,2.467702804287179,50.86987533932631,4.73085937797524,2024,10,18,24062,Leuven,Onbekend,Onbekend,Onbekend,met lichtgewonden,3,Fiets,3,Fiets,Buiten Kruispunt,Gewestweg,binnen bebouwde kom,Tss. 2 best.: langs opzij (voor-/achterkant-flank),Geen hindernis
49878,69,Leuven teller 1,Leuven,50.87549,4.71526,0.7294852649657597,50.881898992924256,4.71748103336765,2024,9,16,24062,Leuven,Normaal,Droog,Dag,met lichtgewonden,3,Fiets,9,personenauto,Buiten Kruispunt,Gewestweg,binnen bebouwde kom,Tussen 2 bestuurders: Flank tegen flank,Geen hindernis
49878,107,leuven totem,Leuven,50.8870744,4.7087919,0.8382912959256579,50.881898992924256,4.71748103336765,2024,9,16,24062,Leuven,Normaal,Droog,Dag,met lichtgewonden,3,Fiets,9,personenauto,Buiten Kruispunt,Gewestweg,binnen bebouwde kom,Tussen 2 bestuurders: Flank tegen flank,Geen hindernis
49878,77,Leuven teller 2,Leuven,50.88672,4.70796,0.8564367029503083,50.881898992924256,4.71748103336765,2024,9,16,24062,Leuven,Normaal,Droog,Dag,met lichtgewonden,3,Fiets,9,personenauto,Buiten Kruispunt,Gewestweg,binnen bebouwde kom,Tussen 2 bestuurders: Flank tegen flank,Geen hindernis
49879,77,Leuven teller 2,Leuven,50.88672,4.70796,1.3936428813215975,50.881258208476034,4.690079529154576,2024,9,15,24062,Leuven,Normaal,Onbekend,Dag,met zwaargewonden,3,Fiets,3,Fiets,Op Kruispunt,Gemeenteweg,binnen bebouwde kom,Tussen 2 bestuurders: Flank tegen flank,Geen hindernis
49879,151,Leuven,District Leuven,50.8690262,4.6854839,1.39783763779244,50.881258208476034,4.690079529154576,2024,9,15,24062,Leuven,Normaal,Onbekend,Dag,met zwaargewonden,3,Fiets,3,Fiets,Op Kruispunt,Gemeenteweg,binnen bebouwde kom,Tussen 2 bestuurders: Flank tegen flank,Geen hindernis
49879,107,leuven totem,Leuven,50.8870744,4.7087919,1.4633724842167877,50.881258208476034,4.690079529154576,2024,9,15,24062,Leuven,Normaal,Onbekend,Dag,met zwaargewonden,3,Fiets,3,Fiets,Op Kruispunt,Gemeenteweg,binnen bebouwde kom,Tussen 2 bestuurders: Flank tegen flank,Geen hindernis
49879,69,Leuven teller 1,Leuven,50.87549,4.71526,1.8795020828658011,50.881258208476034,4.690079529154576,2024,9,15,24062,Leuven,Normaal,Onbekend,Dag,met zwaargewonden,3,Fiets,3,Fiets,Op Kruispunt,Gemeenteweg,binnen bebouwde kom,Tussen 2 bestuurders: Flank tegen flank,Geen hindernis
49880,77,Leuven teller 2,Leuven,50.88672,4.70796,1.3404575666464054,50.88101260668137,4.6911293736757935,2024,10,8,24062,Leuven,Regenval,"Nat, plassen",Dageraad - schemering,met lichtgewonden,3,Fiets,3,Fiets,Buiten Kruispunt,Gewestweg,binnen bebouwde kom,Tussen 2 bestuurders: Flank tegen flank,Geen hindernis
49880,151,Leuven,District Leuven,50.8690262,4.6854839,1.3904455389440504,50.88101260668137,4.6911293736757935,2024,10,8,24062,Leuven,Regenval,"Nat, plassen",Dageraad - schemering,met lichtgewonden,3,Fiets,3,Fiets,Buiten Kruispunt,Gewestweg,binnen bebouwde kom,Tussen 2 bestuurders: Flank tegen flank,Geen hindernis
49880,107,leuven totem,Leuven,50.8870744,4.7087919,1.410533023682233,50.88101260668137,4.6911293736757935,2024,10,8,24062,Leuven,Regenval,"Nat, plassen",Dageraad - schemering,met lichtgewonden,3,Fiets,3,Fiets,Buiten Kruispunt,Gewestweg,binnen bebouwde kom,Tussen 2 bestuurders: Flank tegen flank,Geen hindernis
49880,69,Leuven teller 1,Leuven,50.87549,4.71526,1.8009507721523987,50.88101260668137,4.6911293736757935,2024,10,8,24062,Leuven,Regenval,"Nat, plassen",Dageraad - schemering,met lichtgewonden,3,Fiets,3,Fiets,Buiten Kruispunt,Gewestweg,binnen bebouwde kom,Tussen 2 bestuurders: Flank tegen flank,Geen hindernis
49881,77,Leuven teller 2,Leuven,50.88672,4.70796,0.5483051260867328,50.890972791332636,4.704003678372205,2024,10,9,24062,Leuven,Regenval,"Nat, plassen",Dag,met lichtgewonden,3,Fiets,10,"één bestuurder, geen hindernis",Buiten Kruispunt,Gemeenteweg,binnen bebouwde kom,"Eén bestuurder, geen hindernis (incl. val)",Geen hindernis
49881,107,leuven totem,Leuven,50.8870744,4.7087919,0.5483729801195867,50.890972791332636,4.704003678372205,2024,10,9,24062,Leuven,Regenval,"Nat, plassen",Dag,met lichtgewonden,3,Fiets,10,"één bestuurder, geen hindernis",Buiten Kruispunt,Gemeenteweg,binnen bebouwde kom,"Eén bestuurder, geen hindernis (incl. val)",Geen hindernis
49881,69,Leuven teller 1,Leuven,50.87549,4.71526,1.8940716817466001,50.890972791332636,4.704003678372205,2024,10,9,24062,Leuven,Regenval,"Nat, plassen",Dag,met lichtgewonden,3,Fiets,10,"één bestuurder, geen hindernis",Buiten Kruispunt,Gemeenteweg,binnen bebouwde kom,"Eén bestuurder, geen hindernis (incl. val)",Geen hindernis
49882,77,Leuven teller 2,Leuven,50.88672,4.70796,1.3404575666464054,50.88101260668137,4.6911293736757935,2024,9,2,24062,Leuven,Onbekend,Onbekend,Onbekend,met lichtgewonden,3,Fiets,9,personenauto,Buiten Kruispunt,Gemeenteweg,binnen bebouwde kom,Tss. 2 best.: langs opzij (voor-/achterkant-flank),Geen hindernis
49882,151,Leuven,District Leuven,50.8690262,4.6854839,1.3904455389440504,50.88101260668137,4.6911293736757935,2024,9,2,24062,Leuven,Onbekend,Onbekend,Onbekend,met lichtgewonden,3,Fiets,9,personenauto,Buiten Kruispunt,Gemeenteweg,binnen bebouwde kom,Tss. 2 best.: langs opzij (voor-/achterkant-flank),Geen hindernis
49882,107,leuven totem,Leuven,50.8870744,4.7087919,1.410533023682233,50.88101260668137,4.6911293736757935,2024,9,2,24062,Leuven,Onbekend,Onbekend,Onbekend,met lichtgewonden,3,Fiets,9,personenauto,Buiten Kruispunt,Gemeenteweg,binnen bebouwde kom,Tss. 2 best.: langs opzij (voor-/achterkant-flank),Geen hindernis
49882,69,Leuven teller 1,Leuven,50.87549,4.71526,1.8009507721523987,50.88101260668137,4.6911293736757935,2024,9,2,24062,Leuven,Onbekend,Onbekend,Onbekend,met lichtgewonden,3,Fiets,9,personenauto,Buiten Kruispunt,Gemeenteweg,binnen bebouwde kom,Tss. 2 best.: langs opzij (voor-/achterkant-flank),Geen hindernis
49883,77,Leuven teller 2,Leuven,50.88672,4.70796,0.9557258030526065,50.88118356798163,4.69753921234144,2024,9,16,24062,Leuven,Normaal,Droog,Dag,met lichtgewonden,5,Lichte vrachtauto,3,Fiets,Buiten Kruispunt,Gemeenteweg,binnen bebouwde kom,Tss. 2 best.: langs opzij (voor-/achterkant-flank),Geen hindernis
49883,107,leuven totem,Leuven,50.8870744,4.7087919,1.0257741150897044,50.88118356798163,4.69753921234144,2024,9,16,24062,Leuven,Normaal,Droog,Dag,met lichtgewonden,5,Lichte vrachtauto,3,Fiets,Buiten Kruispunt,Gemeenteweg,binnen bebouwde kom,Tss. 2 best.: langs opzij (voor-/achterkant-flank),Geen hindernis
49883,69,Leuven teller 1,Leuven,50.87549,4.71526,1.3952084938203462,50.88118356798163,4.69753921234144,2024,9,16,24062,Leuven,Normaal,Droog,Dag,met lichtgewonden,5,Lichte vrachtauto,3,Fiets,Buiten Kruispunt,Gemeenteweg,binnen bebouwde kom,Tss. 2 best.: langs opzij (voor-/achterkant-flank),Geen hindernis
49883,151,Leuven,District Leuven,50.8690262,4.6854839,1.59466445790097,50.88118356798163,4.69753921234144,2024,9,16,24062,Leuven,Normaal,Droog,Dag,met lichtgewonden,5,Lichte vrachtauto,3,Fiets,Buiten Kruispunt,Gemeenteweg,binnen bebouwde kom,Tss. 2 best.: langs opzij (voor-/achterkant-flank),Geen hindernis
49884,69,Leuven teller 1,Leuven,50.87549,4.71526,0.7066729129040158,50.880127848458606,4.7083737196572475,2024,9,7,24062,Leuven,Normaal,Droog,Dag,met lichtgewonden,8,Voetganger,3,Fiets,Buiten Kruispunt,Gemeenteweg,binnen bebouwde kom,Met een voetganger,Geen hindernis
49884,77,Leuven teller 2,Leuven,50.88672,4.70796,0.73358817668119,50.880127848458606,4.7083737196572475,2024,9,7,24062,Leuven,Normaal,Droog,Dag,met lichtgewonden,8,Voetganger,3,Fiets,Buiten Kruispunt,Gemeenteweg,binnen bebouwde kom,Met een voetganger,Geen hindernis
49884,107,leuven totem,Leuven,50.8870744,4.7087919,0.7729781856833783,50.880127848458606,4.7083737196572475,2024,9,7,24062,Leuven,Normaal,Droog,Dag,met lichtgewonden,8,Voetganger,3,Fiets,Buiten Kruispunt,Gemeenteweg,binnen bebouwde kom,Met een voetganger,Geen hindernis
49884,151,Leuven,District Leuven,50.8690262,4.6854839,2.025683123075873,50.880127848458606,4.7083737196572475,2024,9,7,24062,Leuven,Normaal,Droog,Dag,met lichtgewonden,8,Voetganger,3,Fiets,Buiten Kruispunt,Gemeenteweg,binnen bebouwde kom,Met een voetganger,Geen hindernis
49885,107,leuven totem,Leuven,50.8870744,4.7087919,1.8162926432765123,50.90337805054586,4.7072058809574875,2024,9,18,24062,Leuven,Normaal,Droog,Dag,met lichtgewonden,9,personenauto,3,Fiets,Op Kruispunt,Gemeenteweg,buiten bebouwde kom,Tss. 2 best.: langs opzij (voor-/achterkant-flank),Geen hindernis
49885,77,Leuven teller 2,Leuven,50.88672,4.70796,1.8530456734467275,50.90337805054586,4.7072058809574875,2024,9,18,24062,Leuven,Normaal,Droog,Dag,met lichtgewonden,9,personenauto,3,Fiets,Op Kruispunt,Gemeenteweg,buiten bebouwde kom,Tss. 2 best.: langs opzij (voor-/achterkant-flank),Geen hindernis
49886,107,leuven totem,Leuven,50.8870744,4.7087919,0.32324844225837407,50.884632090448214,4.711291177803898,2024,9,18,24062,Leuven,Normaal,Droog,Dag,met lichtgewonden,3,Fiets,9,personenauto,Op Kruispunt,Gewestweg,binnen bebouwde kom,Tussen 2 bestuurders: Flank tegen flank,Geen hindernis
49886,77,Leuven teller 2,Leuven,50.88672,4.70796,0.32940423899457555,50.884632090448214,4.711291177803898,2024,9,18,24062,Leuven,Normaal,Droog,Dag,met lichtgewonden,3,Fiets,9,personenauto,Op Kruispunt,Gewestweg,binnen bebouwde kom,Tussen 2 bestuurders: Flank tegen flank,Geen hindernis
49886,69,Leuven teller 1,Leuven,50.87549,4.71526,1.053998836338955,50.884632090448214,4.711291177803898,2024,9,18,24062,Leuven,Normaal,Droog,Dag,met lichtgewonden,3,Fiets,9,personenauto,Op Kruispunt,Gewestweg,binnen bebouwde kom,Tussen 2 bestuurders: Flank tegen flank,Geen hindernis
49888,151,Leuven,District Leuven,50.8690262,4.6854839,0.48824733293974354,50.87180805825627,4.690867181361226,2024,10,12,24062,Leuven,Normaal,Droog+Proper,Dag,met lichtgewonden,3,Fiets,8,Voetganger,Buiten Kruispunt,Gewestweg,binnen bebouwde kom,Met een voetganger,Geen hindernis
49888,69,Leuven teller 1,Leuven,50.87549,4.71526,1.7598712182852687,50.87180805825627,4.690867181361226,2024,10,12,24062,Leuven,Normaal,Droog+Proper,Dag,met lichtgewonden,3,Fiets,8,Voetganger,Buiten Kruispunt,Gewestweg,binnen bebouwde kom,Met een voetganger,Geen hindernis
49888,77,Leuven teller 2,Leuven,50.88672,4.70796,2.046344677450894,50.87180805825627,4.690867181361226,2024,10,12,24062,Leuven,Normaal,Droog+Proper,Dag,met lichtgewonden,3,Fiets,8,Voetganger,Buiten Kruispunt,Gewestweg,binnen bebouwde kom,Met een voetganger,Geen hindernis
49888,107,leuven totem,Leuven,50.8870744,4.7087919,2.1126157571320756,50.87180805825627,4.690867181361226,2024,10,12,24062,Leuven,Normaal,Droog+Proper,Dag,met lichtgewonden,3,Fiets,8,Voetganger,Buiten Kruispunt,Gewestweg,binnen bebouwde kom,Met een voetganger,Geen hindernis
49889,69,Leuven teller 1,Leuven,50.87549,4.71526,0.21051525343957667,50.873664534557896,4.714464600317724,2024,10,17,24062,Leuven,Normaal,Droog,Dag,met lichtgewonden,3,Fiets,3,Fiets,Op Kruispunt,Gewestweg,binnen bebouwde kom,Tussen 2 bestuurders: Flank tegen flank,Geen hindernis
49889,77,Leuven teller 2,Leuven,50.88672,4.70796,1.5217394916749403,50.873664534557896,4.714464600317724,2024,10,17,24062,Leuven,Normaal,Droog,Dag,met lichtgewonden,3,Fiets,3,Fiets,Op Kruispunt,Gewestweg,binnen bebouwde kom,Tussen 2 bestuurders: Flank tegen flank,Geen hindernis
49889,107,leuven totem,Leuven,50.8870744,4.7087919,1.543306890321142,50.873664534557896,4.714464600317724,2024,10,17,24062,Leuven,Normaal,Droog,Dag,met lichtgewonden,3,Fiets,3,Fiets,Op Kruispunt,Gewestweg,binnen bebouwde kom,Tussen 2 bestuurders: Flank tegen flank,Geen hindernis
49889,151,Leuven,District Leuven,50.8690262,4.6854839,2.097991240656048,50.873664534557896,4.714464600317724,2024,10,17,24062,Leuven,Normaal,Droog,Dag,met lichtgewonden,3,Fiets,3,Fiets,Op Kruispunt,Gewestweg,binnen bebouwde kom,Tussen 2 bestuurders: Flank tegen flank,Geen hindernis
49890,151,Leuven,District Leuven,50.8690262,4.6854839,1.2881426376486662,50.880050747231785,4.69112275844292,2024,10,17,24062,Leuven,Normaal,Droog,Dag,met lichtgewonden,9,personenauto,3,Fiets,Buiten Kruispunt,Gemeenteweg,binnen bebouwde kom,Tussen 2 bestuurders: Flank tegen flank,Geen hindernis
49890,77,Leuven teller 2,Leuven,50.88672,4.70796,1.3946840087717358,50.880050747231785,4.69112275844292,2024,10,17,24062,Leuven,Normaal,Droog,Dag,met lichtgewonden,9,personenauto,3,Fiets,Buiten Kruispunt,Gemeenteweg,binnen bebouwde kom,Tussen 2 bestuurders: Flank tegen flank,Geen hindernis
49890,107,leuven totem,Leuven,50.8870744,4.7087919,1.465062131122599,50.880050747231785,4.69112275844292,2024,10,17,24062,Leuven,Normaal,Droog,Dag,met lichtgewonden,9,personenauto,3,Fiets,Buiten Kruispunt,Gemeenteweg,binnen bebouwde kom,Tussen 2 bestuurders: Flank tegen flank,Geen hindernis
49890,69,Leuven teller 1,Leuven,50.87549,4.71526,1.7678054349119658,50.880050747231785,4.69112275844292,2024,10,17,24062,Leuven,Normaal,Droog,Dag,met lichtgewonden,9,personenauto,3,Fiets,Buiten Kruispunt,Gemeenteweg,binnen bebouwde kom,Tussen 2 bestuurders: Flank tegen flank,Geen hindernis
49891,69,Leuven teller 1,Leuven,50.87549,4.71526,0.6923329288575397,50.87059651871616,4.721360650101604,2024,10,22,24062,Leuven,Normaal,Droog,"Nacht, openbare verlichting aanwezig en ontstoken",met zwaargewonden,3,Fiets,10,"één bestuurder, geen hindernis",Buiten Kruispunt,Gemeenteweg,binnen bebouwde kom,"Eén bestuurder, geen hindernis (incl. val)",Geen hindernis
49891,77,Leuven teller 2,Leuven,50.88672,4.70796,2.0244177833814416,50.87059651871616,4.721360650101604,2024,10,22,24062,Leuven,Normaal,Droog,"Nacht, openbare verlichting aanwezig en ontstoken",met zwaargewonden,3,Fiets,10,"één bestuurder, geen hindernis",Buiten Kruispunt,Gemeenteweg,binnen bebouwde kom,"Eén bestuurder, geen hindernis (incl. val)",Geen hindernis
49891,107,leuven totem,Leuven,50.8870744,4.7087919,2.0334142916860096,50.87059651871616,4.721360650101604,2024,10,22,24062,Leuven,Normaal,Droog,"Nacht, openbare verlichting aanwezig en ontstoken",met zwaargewonden,3,Fiets,10,"één bestuurder, geen hindernis",Buiten Kruispunt,Gemeenteweg,binnen bebouwde kom,"Eén bestuurder, geen hindernis (incl. val)",Geen hindernis