crash_row_id,site_id,site_name,site_gemeente,site_lat,site_long,distance_km,crash_lat,crash_long,DT_YEAR_COLLISION,DT_MONTH_COLLISION,DT_TIME,CD_NIS,TX_MUNTY_COLLISION_NL,TX_WEATHER_NL,TX_ROAD_CONDITION_NL,TX_LIGHT_CONDITION_NL,TX_CLASS_ACCIDENTS_NL,CD_ROAD_USR_TYPE1,TX_ROAD_USR_TYPE1_NL,CD_ROAD_USR_TYPE2,TX_ROAD_USR_TYPE2_NL,TX_CROSSWAY_NL,CD_ROAD_TYPE_NL,TX_BUILD_UP_AREA_NL,TX_COLLISION_TYPE_NL,TX_OBSTACLES_NL
49892,69,Leuven teller 1,Leuven,50.87549,4.71526,0.6695748653814756,50.87797558537701,4.70656780197827,2024,10,0,24062,Leuven,Normaal,Droog,"Nacht, openbare verlichting aanwezig en ontstoken",met lichtgewonden,3,Fiets,10,"één bestuurder, geen hindernis",Op Kruispunt,Gemeenteweg,binnen bebouwde kom,"Eén bestuurder, geen hindernis (incl. val)",Geen hindernis
49892,77,Leuven teller 2,Leuven,50.88672,4.70796,0.9772275560918715,50.87797558537701,4.70656780197827,2024,10,0,24062,Leuven,Normaal,Droog,"Nacht, openbare verlichting aanwezig en ontstoken",met lichtgewonden,3,Fiets,10,"één bestuurder, geen hindernis",Op Kruispunt,Gemeenteweg,binnen bebouwde kom,"Eén bestuurder, geen hindernis (incl. val)",Geen hindernis
49892,107,leuven totem,Leuven,50.8870744,4.7087919,1.0237027271324384,50.87797558537701,4.70656780197827,2024,10,0,24062,Leuven,Normaal,Droog,"Nacht, openbare verlichting aanwezig en ontstoken",met lichtgewonden,3,Fiets,10,"één bestuurder, geen hindernis",Op Kruispunt,Gemeenteweg,binnen bebouwde kom,"Eén bestuurder, geen hindernis (incl. val)",Geen hindernis
49892,151,Leuven,District Leuven,50.8690262,4.6854839,1.7829572216645981,50.87797558537701,4.70656780197827,2024,10,0,24062,Leuven,Normaal,Droog,"Nacht, openbare verlichting aanwezig en ontstoken",met lichtgewonden,3,Fiets,10,"één bestuurder, geen hindernis",Op Kruispunt,Gemeenteweg,binnen bebouwde kom,"Eén bestuurder, geen hindernis (incl. val)",Geen hindernis
49893,151,Leuven,District Leuven,50.8690262,4.6854839,1.1791507516473267,50.879382082983106,4.689100432565536,2024,10,12,24062,Leuven,Regenval,"Nat, plassen",Dag,met lichtgewonden,9,personenauto,3,Fiets,Buiten Kruispunt,Gemeenteweg,binnen bebouwde kom,Tss. 2 best.: langs opzij (voor-/achterkant-flank),Geen hindernis
49893,77,Leuven teller 2,Leuven,50.88672,4.70796,1.5544309107437293,50.879382082983106,4.689100432565536,2024,10,12,24062,Leuven,Regenval,"Nat, plassen",Dag,met lichtgewonden,9,personenauto,3,Fiets,Buiten Kruispunt,Gemeenteweg,binnen bebouwde kom,Tss. 2 best.: langs opzij (voor-/achterkant-flank),Geen hindernis
49893,107,leuven totem,Leuven,50.8870744,4.7087919,1.6247885718981103,50.879382082983106,4.689100432565536,2024,10,12,24062,Leuven,Regenval,"Nat, plassen",Dag,met lichtgewonden,9,personenauto,3,Fiets,Buiten Kruispunt,Gemeenteweg,binnen bebouwde kom,Tss. 2 best.: langs opzij (voor-/achterkant-flank),Geen hindernis
49893,69,Leuven teller 1,Leuven,50.87549,4.71526,1.8857392231687233,50.879382082983106,4.689100432565536,2024,10,12,24062,Leuven,Regenval,"Nat, plassen",Dag,met lichtgewonden,9,personenauto,3,Fiets,Buiten Kruispunt,Gemeenteweg,binnen bebouwde kom,Tss. 2 best.: langs opzij (voor-/achterkant-flank),Geen hindernis
49894,69,Leuven teller 1,Leuven,50.87549,4.71526,1.7506692000261739,50.86236567053289,4.729040074976347,2024,9,5,24062,Leuven,Onbekend,"Vuil (zand, grint, bladeren,...)","Nacht, openbare verlichting aanwezig en ontstoken",met lichtgewonden,3,Fiets,10,"één bestuurder, geen hindernis",Buiten Kruispunt,Gemeenteweg,buiten bebouwde kom,"Eén bestuurder, geen hindernis (incl. val)",Geen hindernis
49895,77,Leuven teller 2,Leuven,50.88672,4.70796,1.2557883509046979,50.882504249799766,4.691352787446102,2024,10,20,24062,Leuven,Normaal,Droog,"Nacht, openbare verlichting aanwezig en ontstoken",met lichtgewonden,5,Lichte vrachtauto,3,Fiets,Buiten Kruispunt,Gemeenteweg,binnen bebouwde kom,Tss. 2 best.: langs opzij (voor-/achterkant-flank),Geen hindernis
49895,107,leuven totem,Leuven,50.8870744,4.7087919,1.3247170639961747,50.882504249799766,4.691352787446102,2024,10,20,24062,Leuven,Normaal,Droog,"Nacht, openbare verlichting aanwezig en ontstoken",met lichtgewonden,5,Lichte vrachtauto,3,Fiets,Buiten Kruispunt,Gemeenteweg,binnen bebouwde kom,Tss. 2 best.: langs opzij (voor-/achterkant-flank),Geen hindernis
49895,151,Leuven,District Leuven,50.8690262,4.6854839,1.554233799079379,50.882504249799766,4.691352787446102,2024,10,20,24062,Leuven,Normaal,Droog,"Nacht, openbare verlichting aanwezig en ontstoken",met lichtgewonden,5,Lichte vrachtauto,3,Fiets,Buiten Kruispunt,Gemeenteweg,binnen bebouwde kom,Tss. 2 best.: langs opzij (voor-/achterkant-flank),Geen hindernis
49895,69,Leuven teller 1,Leuven,50.87549,4.71526,1.8497898656892928,50.882504249799766,4.691352787446102,2024,10,20,24062,Leuven,Normaal,Droog,"Nacht, openbare verlichting aanwezig en ontstoken",met lichtgewonden,5,Lichte vrachtauto,3,Fiets,Buiten Kruispunt,Gemeenteweg,binnen bebouwde kom,Tss. 2 best.: langs opzij (voor-/achterkant-flank),Geen hindernis
49896,151,Leuven,District Leuven,50.8690262,4.6854839,0.48897094592577856,50.87207875467332,4.69049965565229,2024,10,12,24062,Leuven,Normaal,Droog,Dag,met zwaargewonden,9,personenauto,3,Fiets,Op Kruispunt,Gewestweg,binnen bebouwde kom,Tss. 2 best.: langs opzij (voor-/achterkant-flank),Geen hindernis
49896,69,Leuven teller 1,Leuven,50.87549,4.71526,1.7782945944118829,50.87207875467332,4.69049965565229,2024,10,12,24062,Leuven,Normaal,Droog,Dag,met zwaargewonden,9,personenauto,3,Fiets,Op Kruispunt,Gewestweg,binnen bebouwde kom,Tss. 2 best.: langs opzij (voor-/achterkant-flank),Geen hindernis
49896,77,Leuven teller 2,Leuven,50.88672,4.70796,2.037428115216103,50.87207875467332,4.69049965565229,2024,10,12,24062,Leuven,Normaal,Droog,Dag,met zwaargewonden,9,personenauto,3,Fiets,Op Kruispunt,Gewestweg,binnen bebouwde kom,Tss. 2 best.: langs opzij (voor-/achterkant-flank),Geen hindernis
49896,107,leuven totem,Leuven,50.8870744,4.7087919,2.1041312644670715,50.87207875467332,4.69049965565229,2024,10,12,24062,Leuven,Normaal,Droog,Dag,met zwaargewonden,9,personenauto,3,Fiets,Op Kruispunt,Gewestweg,binnen bebouwde kom,Tss. 2 best.: langs opzij (voor-/achterkant-flank),Geen hindernis
49897,69,Leuven teller 1,Leuven,50.87549,4.71526,0.5651974513683979,50.874845201863025,4.707269853751242,2024,10,8,24062,Leuven,Normaal,Droog,Dag,met lichtgewonden,3,Fiets,3,Fiets,Op Kruispunt,Gemeenteweg,binnen bebouwde kom,Tussen 2 bestuurders: Langs achteren,Geen hindernis
49897,77,Leuven teller 2,Leuven,50.88672,4.70796,1.3213047411850003,50.874845201863025,4.707269853751242,2024,10,8,24062,Leuven,Normaal,Droog,Dag,met lichtgewonden,3,Fiets,3,Fiets,Op Kruispunt,Gemeenteweg,binnen bebouwde kom,Tussen 2 bestuurders: Langs achteren,Geen hindernis
49897,107,leuven totem,Leuven,50.8870744,4.7087919,1.364010914123479,50.874845201863025,4.707269853751242,2024,10,8,24062,Leuven,Normaal,Droog,Dag,met lichtgewonden,3,Fiets,3,Fiets,Op Kruispunt,Gemeenteweg,binnen bebouwde kom,Tussen 2 bestuurders: Langs achteren,Geen hindernis
49897,151,Leuven,District Leuven,50.8690262,4.6854839,1.6600196232181883,50.874845201863025,4.707269853751242,2024,10,8,24062,Leuven,Normaal,Droog,Dag,met lichtgewonden,3,Fiets,3,Fiets,Op Kruispunt,Gemeenteweg,binnen bebouwde kom,Tussen 2 bestuurders: Langs achteren,Geen hindernis
49898,77,Leuven teller 2,Leuven,50.88672,4.70796,1.1903247391701468,50.88332086905951,4.691869987493286,2024,10,13,24062,Leuven,Normaal,Droog,Dag,met lichtgewonden,3,Fiets,3,Fiets,Op Kruispunt,Gemeenteweg,binnen bebouwde kom,Tussen 2 bestuurders: Flank tegen flank,Geen hindernis
49898,107,leuven totem,Leuven,50.8870744,4.7087919,1.2583126519228403,50.88332086905951,4.691869987493286,2024,10,13,24062,Leuven,Normaal,Droog,Dag,met lichtgewonden,3,Fiets,3,Fiets,Op Kruispunt,Gemeenteweg,binnen bebouwde kom,Tussen 2 bestuurders: Flank tegen flank,Geen hindernis
49898,151,Leuven,District Leuven,50.8690262,4.6854839,1.6514424465744284,50.88332086905951,4.691869987493286,2024,10,13,24062,Leuven,Normaal,Droog,Dag,met lichtgewonden,3,Fiets,3,Fiets,Op Kruispunt,Gemeenteweg,binnen bebouwde kom,Tussen 2 bestuurders: Flank tegen flank,Geen hindernis
49898,69,Leuven teller 1,Leuven,50.87549,4.71526,1.8577281831243238,50.88332086905951,4.691869987493286,2024,10,13,24062,Leuven,Normaal,Droog,Dag,met lichtgewonden,3,Fiets,3,Fiets,Op Kruispunt,Gemeenteweg,binnen bebouwde kom,Tussen 2 bestuurders: Flank tegen flank,Geen hindernis
49899,108,Heverlee teller 1,Leuven,50.8471728,4.6954674,0.031025719849177923,50.84691175565392,4.6956234550996685,2024,9,9,24062,Leuven,Normaal,Droog,Dag,met lichtgewonden,3,Fiets,3,Fiets,Op Kruispunt,Gewestweg,buiten bebouwde kom,Tussen 2 bestuurders: Frontale botsing,Geen hindernis
49899,76,Heverlee teller 2,Leuven,50.84606,4.69597,0.0977861161812554,50.84691175565392,4.6956234550996685,2024,9,9,24062,Leuven,Normaal,Droog,Dag,met lichtgewonden,3,Fiets,3,Fiets,Op Kruispunt,Gewestweg,buiten bebouwde kom,Tussen 2 bestuurders: Frontale botsing,Geen hindernis
49900,77,Leuven teller 2,Leuven,50.88672,4.70796,0.12349614567249804,50.88603917694917,4.706569071839852,2024,9,15,24062,Leuven,Normaal,Droog,Dag,met lichtgewonden,3,Fiets,3,Fiets,Buiten Kruispunt,Gemeenteweg,binnen bebouwde kom,Tussen 2 bestuurders: Frontale botsing,Geen hindernis
49900,107,leuven totem,Leuven,50.8870744,4.7087919,0.19381439047765525,50.88603917694917,4.706569071839852,2024,9,15,24062,Leuven,Normaal,Droog,Dag,met lichtgewonden,3,Fiets,3,Fiets,Buiten Kruispunt,Gemeenteweg,binnen bebouwde kom,Tussen 2 bestuurders: Frontale botsing,Geen hindernis
49900,69,Leuven teller 1,Leuven,50.87549,4.71526,1.3220186063453792,50.88603917694917,4.706569071839852,2024,9,15,24062,Leuven,Normaal,Droog,Dag,met lichtgewonden,3,Fiets,3,Fiets,Buiten Kruispunt,Gemeenteweg,binnen bebouwde kom,Tussen 2 bestuurders: Frontale botsing,Geen hindernis
49900,151,Leuven,District Leuven,50.8690262,4.6854839,2.401517974507893,50.88603917694917,4.706569071839852,2024,9,15,24062,Leuven,Normaal,Droog,Dag,met lichtgewonden,3,Fiets,3,Fiets,Buiten Kruispunt,Gemeenteweg,binnen bebouwde kom,Tussen 2 bestuurders: Frontale botsing,Geen hindernis
49901,151,Leuven,District Leuven,50.8690262,4.6854839,1.0010261907431557,50.87798578707235,4.686874298245473,2024,9,13,24062,Leuven,Normaal,Droog,Dag,met lichtgewonden,3,Fiets,9,personenauto,Buiten Kruispunt,Gemeenteweg,binnen bebouwde kom,Tussen 2 bestuurders: Flank tegen flank,Geen hindernis
49901,77,Leuven teller 2,Leuven,50.88672,4.70796,1.7695853032566562,50.87798578707235,4.686874298245473,2024,9,13,24062,Leuven,Normaal,Droog,Dag,met lichtgewonden,3,Fiets,9,personenauto,Buiten Kruispunt,Gemeenteweg,binnen bebouwde kom,Tussen 2 bestuurders: Flank tegen flank,Geen hindernis
49901,107,leuven totem,Leuven,50.8870744,4.7087919,1.8399950509490983,50.87798578707235,4.686874298245473,2024,9,13,24062,Leuven,Normaal,Droog,Dag,met lichtgewonden,3,Fiets,9,personenauto,Buiten Kruispunt,Gemeenteweg,binnen bebouwde kom,Tussen 2 bestuurders: Flank tegen flank,Geen hindernis
49901,69,Leuven teller 1,Leuven,50.87549,4.71526,2.010867573269272,50.87798578707235,4.686874298245473,2024,9,13,24062,Leuven,Normaal,Droog,Dag,met lichtgewonden,3,Fiets,9,personenauto,Buiten Kruispunt,Gemeenteweg,binnen bebouwde kom,Tussen 2 bestuurders: Flank tegen flank,Geen hindernis
49902,151,Leuven,District Leuven,50.8690262,4.6854839,1.198346608249983,50.87955276391879,4.68914422723986,2024,9,16,24062,Leuven,Normaal,Droog,Dag,met lichtgewonden,3,Fiets,9,personenauto,Op Kruispunt,Gemeenteweg,binnen bebouwde kom,Tss. 2 best.: langs opzij (voor-/achterkant-flank),Geen hindernis
49902,77,Leuven teller 2,Leuven,50.88672,4.70796,1.5419201346954488,50.87955276391879,4.68914422723986,2024,9,16,24062,Leuven,Normaal,Droog,Dag,met lichtgewonden,3,Fiets,9,personenauto,Op Kruispunt,Gemeenteweg,binnen bebouwde kom,Tss. 2 best.: langs opzij (voor-/achterkant-flank),Geen hindernis
49902,107,leuven totem,Leuven,50.8870744,4.7087919,1.6122484951826035,50.87955276391879,4.68914422723986,2024,9,16,24062,Leuven,Normaal,Droog,Dag,met lichtgewonden,3,Fiets,9,personenauto,Op Kruispunt,Gemeenteweg,binnen bebouwde kom,Tss. 2 best.: langs opzij (voor-/achterkant-flank),Geen hindernis
49902,69,Leuven teller 1,Leuven,50.87549,4.71526,1.8871983786103748,50.87955276391879,4.68914422723986,2024,9,16,24062,Leuven,Normaal,Droog,Dag,met lichtgewonden,3,Fiets,9,personenauto,Op Kruispunt,Gemeenteweg,binnen bebouwde kom,Tss. 2 best.: langs opzij (voor-/achterkant-flank),Geen hindernis
49903,151,Leuven,District Leuven,50.8690262,4.6854839,0.48897094592577856,50.87207875467332,4.69049965565229,2024,9,9,24062,Leuven,Normaal,Droog,Dag,met lichtgewonden,9,personenauto,3,Fiets,Op Kruispunt,Gewestweg,binnen bebouwde kom,Tss. 2 best.: langs opzij (voor-/achterkant-flank),Geen hindernis
49903,69,Leuven teller 1,Leuven,50.87549,4.71526,1.7782945944118829,50.87207875467332,4.69049965565229,2024,9,9,24062,Leuven,Normaal,Droog,Dag,met lichtgewonden,9,personenauto,3,Fiets,Op Kruispunt,Gewestweg,binnen bebouwde kom,Tss. 2 best.: langs opzij (voor-/achterkant-flank),Geen hindernis
49903,77,Leuven teller 2,Leuven,50.88672,4.70796,2.037428115216103,50.87207875467332,4.69049965565229,2024,9,9,24062,Leuven,Normaal,Droog,Dag,met lichtgewonden,9,personenauto,3,Fiets,Op Kruispunt,Gewestweg,binnen bebouwde kom,Tss. 2 best.: langs opzij (voor-/achterkant-flank),Geen hindernis
49903,107,leuven totem,Leuven,50.8870744,4.7087919,2.1041312644670715,50.87207875467332,4.69049965565229,2024,9,9,24062,Leuven,Normaal,Droog,Dag,met lichtgewonden,9,personenauto,3,Fiets,Op Kruispunt,Gewestweg,binnen bebouwde kom,Tss. 2 best.: langs opzij (voor-/achterkant-flank),Geen hindernis
49904,151,Leuven,District Leuven,50.8690262,4.6854839,1.1400718782873336,50.874250937125,4.671504544081586,2024,9,16,24062,Leuven,Normaal,Droog,Dag,met lichtgewonden,99,onbekend,3,Fiets,Op Kruispunt,Gewestweg,binnen bebouwde kom,Tss. 2 best.: langs opzij (voor-/achterkant-flank),Geen hindernis
49905,107,leuven totem,Leuven,50.8870744,4.7087919,0.8685765049318663,50.883788182008416,4.720024592730536,2024,9,15,24062,Leuven,Normaal,Droog,Dag,met lichtgewonden,99,onbekend,3,Fiets,Op Kruispunt,Gewestweg,binnen bebouwde kom,Tussen 2 bestuurders: Frontale botsing,Geen hindernis
49905,77,Leuven teller 2,Leuven,50.88672,4.70796,0.9069497237529798,50.883788182008416,4.720024592730536,2024,9,15,24062,Leuven,Normaal,Droog,Dag,met lichtgewonden,99,onbekend,3,Fiets,Op Kruispunt,Gewestweg,binnen bebouwde kom,Tussen 2 bestuurders: Frontale botsing,Geen hindernis
49905,69,Leuven teller 1,Leuven,50.87549,4.71526,0.9813998099595834,50.883788182008416,4.720024592730536,2024,9,15,24062,Leuven,Normaal,Droog,Dag,met lichtgewonden,99,onbekend,3,Fiets,Op Kruispunt,Gewestweg,binnen bebouwde kom,Tussen 2 bestuurders: Frontale botsing,Geen hindernis
49906,77,Leuven teller 2,Leuven,50.88672,4.70796,0.34621155169482926,50.88719084985359,4.703081288760635,2024,9,18,24062,Leuven,Normaal,Droog,Dag,met lichtgewonden,3,Fiets,8,Voetganger,Op Kruispunt,Gemeenteweg,buiten bebouwde kom,Met een voetganger,Geen hindernis
49906,107,leuven totem,Leuven,50.8870744,4.7087919,0.40079334184111026,50.88719084985359,4.703081288760635,2024,9,18,24062,Leuven,Normaal,Droog,Dag,met lichtgewonden,3,Fiets,8,Voetganger,Op Kruispunt,Gemeenteweg,buiten bebouwde kom,Met een voetganger,Geen hindernis
49906,69,Leuven teller 1,Leuven,50.87549,4.71526,1.5565389206314302,50.88719084985359,4.703081288760635,2024,9,18,24062,Leuven,Normaal,Droog,Dag,met lichtgewonden,3,Fiets,8,Voetganger,Op Kruispunt,Gemeenteweg,buiten bebouwde kom,Met een voetganger,Geen hindernis
49906,151,Leuven,District Leuven,50.8690262,4.6854839,2.3672807573564896,50.88719084985359,4.703081288760635,2024,9,18,24062,Leuven,Normaal,Droog,Dag,met lichtgewonden,3,Fiets,8,Voetganger,Op Kruispunt,Gemeenteweg,buiten bebouwde kom,Met een voetganger,Geen hindernis
49907,107,leuven totem,Leuven,50.8870744,4.7087919,2.114628107486962,50.90395231869732,4.694898287070813,2024,9,14,24062,Leuven,Normaal,Droog,Dag,met lichtgewonden,3,Fiets,9,personenauto,Buiten Kruispunt,Gemeenteweg,binnen bebouwde kom,Tussen 2 bestuurders: Flank tegen flank,Geen hindernis
49907,77,Leuven teller 2,Leuven,50.88672,4.70796,2.1238702680827304,50.90395231869732,4.694898287070813,2024,9,14,24062,Leuven,Normaal,Droog,Dag,met lichtgewonden,3,Fiets,9,personenauto,Buiten Kruispunt,Gemeenteweg,binnen bebouwde kom,Tussen 2 bestuurders: Flank tegen flank,Geen hindernis
49908,69,Leuven teller 1,Leuven,50.87549,4.71526,0.46601546879328276,50.87214899822338,4.719269661033242,2024,10,7,24062,Leuven,Normaal,Droog,Dag,met lichtgewonden,3,Fiets,3,Fiets,Buiten Kruispunt,Gemeenteweg,binnen bebouwde kom,Tussen 2 bestuurders: Flank tegen flank,Geen hindernis
49908,77,Leuven teller 2,Leuven,50.88672,4.70796,1.8040836861325318,50.87214899822338,4.719269661033242,2024,10,7,24062,Leuven,Normaal,Droog,Dag,met lichtgewonden,3,Fiets,3,Fiets,Buiten Kruispunt,Gemeenteweg,binnen bebouwde kom,Tussen 2 bestuurders: Flank tegen flank,Geen hindernis
49908,107,leuven totem,Leuven,50.8870744,4.7087919,1.8151442050833375,50.87214899822338,4.719269661033242,2024,10,7,24062,Leuven,Normaal,Droog,Dag,met lichtgewonden,3,Fiets,3,Fiets,Buiten Kruispunt,Gemeenteweg,binnen bebouwde kom,Tussen 2 bestuurders: Flank tegen flank,Geen hindernis
49908,151,Leuven,District Leuven,50.8690262,4.6854839,2.3961165000115634,50.87214899822338,4.719269661033242,2024,10,7,24062,Leuven,Normaal,Droog,Dag,met lichtgewonden,3,Fiets,3,Fiets,Buiten Kruispunt,Gemeenteweg,binnen bebouwde kom,Tussen 2 bestuurders: Flank tegen flank,Geen hindernis
49909,77,Leuven teller 2,Leuven,50.88672,4.70796,0.8135933990887398,50.887209762554896,4.696387702025097,2024,10,8,24062,Leuven,Normaal,Droog,Dag,met lichtgewonden,9,personenauto,3,Fiets,Op Kruispunt,Gemeenteweg,binnen bebouwde kom,Tss. 2 best.: langs opzij (voor-/achterkant-flank),Geen hindernis
49909,107,leuven totem,Leuven,50.8870744,4.7087919,0.8702513374660675,50.887209762554896,4.696387702025097,2024,10,8,24062,Leuven,Normaal,Droog,Dag,met lichtgewonden,9,personenauto,3,Fiets,Op Kruispunt,Gemeenteweg,binnen bebouwde kom,Tss. 2 best.: langs opzij (voor-/achterkant-flank),Geen hindernis
49909,69,Leuven teller 1,Leuven,50.87549,4.71526,1.8577577998357246,50.887209762554896,4.696387702025097,2024,10,8,24062,Leuven,Normaal,Droog,Dag,met lichtgewonden,9,personenauto,3,Fiets,Op Kruispunt,Gemeenteweg,binnen bebouwde kom,Tss. 2 best.: langs opzij (voor-/achterkant-flank),Geen hindernis
49909,151,Leuven,District Leuven,50.8690262,4.6854839,2.1618086305484363,50.887209762554896,4.696387702025097,2024,10,8,24062,Leuven,Normaal,Droog,Dag,met lichtgewonden,9,personenauto,3,Fiets,Op Kruispunt,Gemeenteweg,binnen bebouwde kom,Tss. 2 best.: langs opzij (voor-/achterkant-flank),Geen hindernis
49910,69,Leuven teller 1,Leuven,50.87549,4.71526,0.3911663659512068,50.87815865226626,4.711627522686473,2024,10,16,24062,Leuven,Onbekend,Droog,Dag,met lichtgewonden,3,Fiets,9,personenauto,Buiten Kruispunt,Gemeenteweg,binnen bebouwde kom,Tussen 2 bestuurders: Flank tegen flank,Geen hindernis
49910,77,Leuven teller 2,Leuven,50.88672,4.70796,0.986135152616439,50.87815865226626,4.711627522686473,2024,10,16,24062,Leuven,Onbekend,Droog,Dag,met lichtgewonden,3,Fiets,9,personenauto,Buiten Kruispunt,Gemeenteweg,binnen bebouwde kom,Tussen 2 bestuurders: Flank tegen flank,Geen hindernis
49910,107,leuven totem,Leuven,50.8870744,4.7087919,1.011147581072523,50.87815865226626,4.711627522686473,2024,10,16,24062,Leuven,Onbekend,Droog,Dag,met lichtgewonden,3,Fiets,9,personenauto,Buiten Kruispunt,Gemeenteweg,binnen bebouwde kom,Tussen 2 bestuurders: Flank tegen flank,Geen hindernis
49910,151,Leuven,District Leuven,50.8690262,4.6854839,2.0967517925809633,50.87815865226626,4.711627522686473,2024,10,16,24062,Leuven,Onbekend,Droog,Dag,met lichtgewonden,3,Fiets,9,personenauto,Buiten Kruispunt,Gemeenteweg,binnen bebouwde kom,Tussen 2 bestuurders: Flank tegen flank,Geen hindernis
49911,107,leuven totem,Leuven,50.8870744,4.7087919,0.09426275243810685,50.88632755228312,4.709427654370787,2024,10,15,24062,Leuven,Normaal,Droog,Dag,met lichtgewonden,3,Fiets,1,Autobus,Op Kruispunt,Gewestweg,binnen bebouwde kom,Tss. 2 best.: langs opzij (voor-/achterkant-flank),Geen hindernis
49911,77,Leuven teller 2,Leuven,50.88672,4.70796,0.11181990010249385,50.88632755228312,4.709427654370787,2024,10,15,24062,Leuven,Normaal,Droog,Dag,met lichtgewonden,3,Fiets,1,Autobus,Op Kruispunt,Gewestweg,binnen bebouwde kom,Tss. 2 best.: langs opzij (voor-/achterkant-flank),Geen hindernis
49911,69,Leuven teller 1,Leuven,50.87549,4.71526,1.2726533461015508,50.88632755228312,4.709427654370787,2024,10,15,24062,Leuven,Normaal,Droog,Dag,met lichtgewonden,3,Fiets,1,Autobus,Op Kruispunt,Gewestweg,binnen bebouwde kom,Tss. 2 best.: langs opzij (voor-/achterkant-flank),Geen hindernis
49912,151,Leuven,District Leuven,50.8690262,4.6854839,1.6298434527009578,50.88043726768547,4.670905072298147,2024,10,14,24062,Leuven,Normaal,Droog,Dag,met lichtgewonden,3,Fiets,10,"één bestuurder, geen hindernis",Buiten Kruispunt,Gemeenteweg,onbekend,"Eén bestuurder, geen hindernis (incl. val)",Geen hindernis
49912,73,Herent teller 2,Herent,50.89128,4.64685,2.0739044255622825,50.88043726768547,4.670905072298147,2024,10,14,24062,Leuven,Normaal,Droog,Dag,met lichtgewonden,3,Fiets,10,"één bestuurder, geen hindernis",Buiten Kruispunt,Gemeenteweg,onbekend,"Eén bestuurder, geen hindernis (incl. val)",Geen hindernis
49912,72,Herent teller 1,Herent,50.89135,4.64689,2.0761605739478886,50.88043726768547,4.670905072298147,2024,10,14,24062,Leuven,Normaal,Droog,Dag,met lichtgewonden,3,Fiets,10,"één bestuurder, geen hindernis",Buiten Kruispunt,Gemeenteweg,onbekend,"Eén bestuurder, geen hindernis (incl. val)",Geen hindernis
49913,69,Leuven teller 1,Leuven,50.87549,4.71526,0.4292352226869365,50.87348479015463,4.720487291890661,2024,10,12,24062,Leuven,Regenval,"Nat, plassen",Dag,met lichtgewonden,3,Fiets,3,Fiets,Buiten Kruispunt,Gemeenteweg,binnen bebouwde kom,Tussen 2 bestuurders: Flank tegen flank,Geen hindernis
49913,77,Leuven teller 2,Leuven,50.88672,4.70796,1.7141503371248383,50.87348479015463,4.720487291890661,2024,10,12,24062,Leuven,Regenval,"Nat, plassen",Dag,met lichtgewonden,3,Fiets,3,Fiets,Buiten Kruispunt,Gemeenteweg,binnen bebouwde kom,Tussen 2 bestuurders: Flank tegen flank,Geen hindernis
49913,107,leuven totem,Leuven,50.8870744,4.7087919,1.719495593929743,50.87348479015463,4.720487291890661,2024,10,12,24062,Leuven,Regenval,"Nat, plassen",Dag,met lichtgewonden,3,Fiets,3,Fiets,Buiten Kruispunt,Gemeenteweg,binnen bebouwde kom,Tussen 2 bestuurders: Flank tegen flank,Geen hindernis
49914,151,Leuven,District Leuven,50.8690262,4.6854839,0.966477092765115,50.87258815594821,4.698047225690127,2024,10,15,24062,Leuven,Onbekend,Onbekend,Dag,met lichtgewonden,3,Fiets,9,personenauto,Buiten Kruispunt,Gemeenteweg,binnen bebouwde kom,Tss. 2 best.: langs opzij (voor-/achterkant-flank),Geen hindernis
49914,69,Leuven teller 1,Leuven,50.87549,4.71526,1.2501292796057013,50.87258815594821,4.698047225690127,2024,10,15,24062,Leuven,Onbekend,Onbekend,Dag,met lichtgewonden,3,Fiets,9,personenauto,Buiten Kruispunt,Gemeenteweg,binnen bebouwde kom,Tss. 2 best.: langs opzij (voor-/achterkant-flank),Geen hindernis
49914,77,Leuven teller 2,Leuven,50.88672,4.70796,1.7184114246019655,50.87258815594821,4.698047225690127,2024,10,15,24062,Leuven,Onbekend,Onbekend,Dag,met lichtgewonden,3,Fiets,9,personenauto,Buiten Kruispunt,Gemeenteweg,binnen bebouwde kom,Tss. 2 best.: langs opzij (voor-/achterkant-flank),Geen hindernis
49914,107,leuven totem,Leuven,50.8870744,4.7087919,1.7784610165676984,50.87258815594821,4.698047225690127,2024,10,15,24062,Leuven,Onbekend,Onbekend,Dag,met lichtgewonden,3,Fiets,9,personenauto,Buiten Kruispunt,Gemeenteweg,binnen bebouwde kom,Tss. 2 best.: langs opzij (voor-/achterkant-flank),Geen hindernis
49922,69,Leuven teller 1,Leuven,50.87549,4.71526,0.6737115209595164,50.88153024501798,4.7145083963445975,2024,8,7,24062,Leuven,Onbekend,Onbekend,Onbekend,met lichtgewonden,3,Fiets,11,een weggebruiker tegen een hindernis,Buiten Kruispunt,Gewestweg,binnen bebouwde kom,Weggebruiker tegen hindernis buiten rijbaan,Buiten de rijbaan: Omheining
49922,107,leuven totem,Leuven,50.8870744,4.7087919,0.7354373037069816,50.88153024501798,4.7145083963445975,2024,8,7,24062,Leuven,Onbekend,Onbekend,Onbekend,met lichtgewonden,3,Fiets,11,een weggebruiker tegen een hindernis,Buiten Kruispunt,Gewestweg,binnen bebouwde kom,Weggebruiker tegen hindernis buiten rijbaan,Buiten de rijbaan: Omheining