crash_row_id,site_id,site_name,site_gemeente,site_lat,site_long,distance_km,crash_lat,crash_long,DT_YEAR_COLLISION,DT_MONTH_COLLISION,DT_TIME,CD_NIS,TX_MUNTY_COLLISION_NL,TX_WEATHER_NL,TX_ROAD_CONDITION_NL,TX_LIGHT_CONDITION_NL,TX_CLASS_ACCIDENTS_NL,CD_ROAD_USR_TYPE1,TX_ROAD_USR_TYPE1_NL,CD_ROAD_USR_TYPE2,TX_ROAD_USR_TYPE2_NL,TX_CROSSWAY_NL,CD_ROAD_TYPE_NL,TX_BUILD_UP_AREA_NL,TX_COLLISION_TYPE_NL,TX_OBSTACLES_NL
49922,77,Leuven teller 2,Leuven,50.88672,4.70796,0.7375953222674865,50.88153024501798,4.7145083963445975,2024,8,7,24062,Leuven,Onbekend,Onbekend,Onbekend,met lichtgewonden,3,Fiets,11,een weggebruiker tegen een hindernis,Buiten Kruispunt,Gewestweg,binnen bebouwde kom,Weggebruiker tegen hindernis buiten rijbaan,Buiten de rijbaan: Omheining
49922,151,Leuven,District Leuven,50.8690262,4.6854839,2.46587564079643,50.88153024501798,4.7145083963445975,2024,8,7,24062,Leuven,Onbekend,Onbekend,Onbekend,met lichtgewonden,3,Fiets,11,een weggebruiker tegen een hindernis,Buiten Kruispunt,Gewestweg,binnen bebouwde kom,Weggebruiker tegen hindernis buiten rijbaan,Buiten de rijbaan: Omheining
49933,72,Herent teller 1,Herent,50.89135,4.64689,1.8421174697043015,50.899317709293626,4.669918046435816,2024,9,18,24038,Herent,Normaal,Onbekend,Dag,met lichtgewonden,9,personenauto,3,Fiets,Buiten Kruispunt,Gemeenteweg,binnen bebouwde kom,Tss. 2 best.: langs opzij (voor-/achterkant-flank),Geen hindernis
49933,73,Herent teller 2,Herent,50.89128,4.64685,1.8483298232404195,50.899317709293626,4.669918046435816,2024,9,18,24038,Herent,Normaal,Onbekend,Dag,met lichtgewonden,9,personenauto,3,Fiets,Buiten Kruispunt,Gemeenteweg,binnen bebouwde kom,Tss. 2 best.: langs opzij (voor-/achterkant-flank),Geen hindernis
49935,72,Herent teller 1,Herent,50.89135,4.64689,2.4544353951388618,50.90084155660037,4.678485771701466,2024,9,17,24038,Herent,Normaal,"Nat, plassen",Dag,met lichtgewonden,5,Lichte vrachtauto,3,Fiets,Op Kruispunt,Gewestweg,binnen bebouwde kom,Tss. 2 best.: langs opzij (voor-/achterkant-flank),Geen hindernis
49935,73,Herent teller 2,Herent,50.89128,4.64685,2.460323520960422,50.90084155660037,4.678485771701466,2024,9,17,24038,Herent,Normaal,"Nat, plassen",Dag,met lichtgewonden,5,Lichte vrachtauto,3,Fiets,Op Kruispunt,Gewestweg,binnen bebouwde kom,Tss. 2 best.: langs opzij (voor-/achterkant-flank),Geen hindernis
49937,87,Aarschot,Aarschot,50.99084,4.81259,1.6526731810046136,51.00208407990244,4.828033768353812,2024,10,15,24001,Aarschot,Normaal,Droog,Dag,met lichtgewonden,9,personenauto,3,Fiets,Op Kruispunt,Gewestweg,binnen bebouwde kom,Tussen 2 bestuurders: Frontale botsing,Geen hindernis
49938,87,Aarschot,Aarschot,50.99084,4.81259,2.0589548953915666,51.00233269781943,4.835658236529111,2024,10,18,24001,Aarschot,Normaal,Droog,Dag,met lichtgewonden,9,personenauto,3,Fiets,Buiten Kruispunt,Gewestweg,buiten bebouwde kom,Tss. 2 best.: langs opzij (voor-/achterkant-flank),Geen hindernis
49939,87,Aarschot,Aarschot,50.99084,4.81259,1.8838342240162125,50.9871370420328,4.838853530894594,2024,10,19,24001,Aarschot,Regenval,"Nat, plassen","Nacht, openbare verlichting aanwezig en ontstoken",met lichtgewonden,9,personenauto,3,Fiets,Op Kruispunt,Gewestweg,binnen bebouwde kom,Tss. 2 best.: langs opzij (voor-/achterkant-flank),Geen hindernis
49940,87,Aarschot,Aarschot,50.99084,4.81259,1.8309222720758824,50.984959949725635,4.837022990270997,2024,9,16,24001,Aarschot,Normaal,Droog,Dag,met lichtgewonden,3,Fiets,5,Lichte vrachtauto,Op Kruispunt,Gemeenteweg,binnen bebouwde kom,Tss. 2 best.: langs opzij (voor-/achterkant-flank),Geen hindernis
49941,87,Aarschot,Aarschot,50.99084,4.81259,1.453575879604897,50.98725195509041,4.832559632837031,2024,9,9,24001,Aarschot,Normaal,Droog,Dag,met lichtgewonden,3,Fiets,9,personenauto,Op Kruispunt,Gemeenteweg,buiten bebouwde kom,Tussen 2 bestuurders: Frontale botsing,Geen hindernis
49942,87,Aarschot,Aarschot,50.99084,4.81259,1.6526731810046136,51.00208407990244,4.828033768353812,2024,10,11,24001,Aarschot,Normaal,Droog,Dag,met lichtgewonden,9,personenauto,3,Fiets,Op Kruispunt,Gewestweg,buiten bebouwde kom,Tss. 2 best.: langs opzij (voor-/achterkant-flank),Geen hindernis
49943,87,Aarschot,Aarschot,50.99084,4.81259,1.079822347603706,50.984837568235925,4.824717143737247,2024,10,15,24001,Aarschot,Normaal,Droog,Dag,met lichtgewonden,9,personenauto,3,Fiets,Op Kruispunt,Gemeenteweg,binnen bebouwde kom,Tss. 2 best.: langs opzij (voor-/achterkant-flank),Geen hindernis
49945,87,Aarschot,Aarschot,50.99084,4.81259,2.1776604960078503,50.995940370544645,4.842631398375657,2024,10,10,24001,Aarschot,Normaal,Droog,Dag,met lichtgewonden,5,Lichte vrachtauto,3,Fiets,Op Kruispunt,Gewestweg,binnen bebouwde kom,Tss. 2 best.: langs opzij (voor-/achterkant-flank),Geen hindernis
49946,87,Aarschot,Aarschot,50.99084,4.81259,1.803380963462919,50.99941593585949,4.834460963268143,2024,10,13,24001,Aarschot,Normaal,Droog,Dag,met lichtgewonden,3,Fiets,3,Fiets,Buiten Kruispunt,Gewestweg,binnen bebouwde kom,Tss. 2 best.: langs opzij (voor-/achterkant-flank),Geen hindernis
49957,101,Diest teller 1,Diest,50.97799,5.04481,1.2752885824418763,50.989236383232594,5.041238419887078,2024,9,7,24020,Diest,Normaal,"Nat, plassen",Dag,met lichtgewonden,3,Fiets,9,personenauto,Op Kruispunt,Gemeenteweg,binnen bebouwde kom,Tss. 2 best.: langs opzij (voor-/achterkant-flank),Geen hindernis
49957,102,Diest teller 2,Diest,50.9779,5.04474,1.2841591368895886,50.989236383232594,5.041238419887078,2024,9,7,24020,Diest,Normaal,"Nat, plassen",Dag,met lichtgewonden,3,Fiets,9,personenauto,Op Kruispunt,Gemeenteweg,binnen bebouwde kom,Tss. 2 best.: langs opzij (voor-/achterkant-flank),Geen hindernis
49958,101,Diest teller 1,Diest,50.97799,5.04481,1.1773854272005844,50.97461400284436,5.060749007530515,2024,9,15,24020,Diest,Onbekend,Onbekend,Dag,met lichtgewonden,3,Fiets,3,Fiets,Buiten Kruispunt,Gemeenteweg,binnen bebouwde kom,Tussen 2 bestuurders: Frontale botsing,Geen hindernis
49958,102,Diest teller 2,Diest,50.9779,5.04474,1.178892582822314,50.97461400284436,5.060749007530515,2024,9,15,24020,Diest,Onbekend,Onbekend,Dag,met lichtgewonden,3,Fiets,3,Fiets,Buiten Kruispunt,Gemeenteweg,binnen bebouwde kom,Tussen 2 bestuurders: Frontale botsing,Geen hindernis
49960,102,Diest teller 2,Diest,50.9779,5.04474,1.987214570847556,50.979334380716274,5.01644663749187,2024,10,19,24020,Diest,Normaal,Droog,"Nacht, openbare verlichting aanwezig en ontstoken",met lichtgewonden,3,Fiets,10,"één bestuurder, geen hindernis",Buiten Kruispunt,Gewestweg,buiten bebouwde kom,"Eén bestuurder, geen hindernis (incl. val)",Geen hindernis
49960,101,Diest teller 1,Diest,50.97799,5.04481,1.9913212838657905,50.979334380716274,5.01644663749187,2024,10,19,24020,Diest,Normaal,Droog,"Nacht, openbare verlichting aanwezig en ontstoken",met lichtgewonden,3,Fiets,10,"één bestuurder, geen hindernis",Buiten Kruispunt,Gewestweg,buiten bebouwde kom,"Eén bestuurder, geen hindernis (incl. val)",Geen hindernis
49962,101,Diest teller 1,Diest,50.97799,5.04481,1.1005289755235819,50.98165168200257,5.0594146923410905,2024,10,13,24020,Diest,Normaal,Droog,Dag,met lichtgewonden,9,personenauto,3,Fiets,Op Kruispunt,Gewestweg,binnen bebouwde kom,Tss. 2 best.: langs opzij (voor-/achterkant-flank),Geen hindernis
49962,102,Diest teller 2,Diest,50.9779,5.04474,1.1088104450059304,50.98165168200257,5.0594146923410905,2024,10,13,24020,Diest,Normaal,Droog,Dag,met lichtgewonden,9,personenauto,3,Fiets,Op Kruispunt,Gewestweg,binnen bebouwde kom,Tss. 2 best.: langs opzij (voor-/achterkant-flank),Geen hindernis
49964,102,Diest teller 2,Diest,50.9779,5.04474,1.1023770170753102,50.96838887238446,5.049182175299229,2024,10,8,24020,Diest,Normaal,Droog,Dag,met lichtgewonden,3,Fiets,9,personenauto,Buiten Kruispunt,Gemeenteweg,binnen bebouwde kom,Tussen 2 bestuurders: Frontale botsing,Geen hindernis
49964,101,Diest teller 1,Diest,50.97799,5.04481,1.1106205208848055,50.96838887238446,5.049182175299229,2024,10,8,24020,Diest,Normaal,Droog,Dag,met lichtgewonden,3,Fiets,9,personenauto,Buiten Kruispunt,Gemeenteweg,binnen bebouwde kom,Tussen 2 bestuurders: Frontale botsing,Geen hindernis
49966,101,Diest teller 1,Diest,50.97799,5.04481,1.1337830710595174,50.9878993919832,5.048625421622284,2024,9,0,24020,Diest,Normaal,Droog,"Nacht, openbare verlichting aanwezig en ontstoken",met lichtgewonden,3,Fiets,9,personenauto,Buiten Kruispunt,Gemeenteweg,binnen bebouwde kom,Tss. 2 best.: langs opzij (voor-/achterkant-flank),Geen hindernis
49966,102,Diest teller 2,Diest,50.9779,5.04474,1.1446659184136718,50.9878993919832,5.048625421622284,2024,9,0,24020,Diest,Normaal,Droog,"Nacht, openbare verlichting aanwezig en ontstoken",met lichtgewonden,3,Fiets,9,personenauto,Buiten Kruispunt,Gemeenteweg,binnen bebouwde kom,Tss. 2 best.: langs opzij (voor-/achterkant-flank),Geen hindernis
49968,101,Diest teller 1,Diest,50.97799,5.04481,1.5010507735541587,50.9907300776628,5.051899823534566,2024,10,7,24020,Diest,Normaal,Droog,Dag,met zwaargewonden,3,Fiets,8,Voetganger,Buiten Kruispunt,Gemeenteweg,binnen bebouwde kom,Met een voetganger,Geen hindernis
49968,102,Diest teller 2,Diest,50.9779,5.04474,1.512116337622282,50.9907300776628,5.051899823534566,2024,10,7,24020,Diest,Normaal,Droog,Dag,met zwaargewonden,3,Fiets,8,Voetganger,Buiten Kruispunt,Gemeenteweg,binnen bebouwde kom,Met een voetganger,Geen hindernis
49970,87,Aarschot,Aarschot,50.99084,4.81259,1.8476660507643043,50.995261159444794,4.787141762496545,2024,9,8,24007,Begijnendijk,Normaal,Droog,Dag,met lichtgewonden,9,personenauto,3,Fiets,Op Kruispunt,Gemeenteweg,buiten bebouwde kom,Tss. 2 best.: langs opzij (voor-/achterkant-flank),Geen hindernis
49973,87,Aarschot,Aarschot,50.99084,4.81259,2.240227461240641,51.01090107101158,4.809638916060501,2024,10,17,24007,Begijnendijk,Onbekend,Onbekend,Dageraad - schemering,met lichtgewonden,3,Fiets,3,Fiets,Buiten Kruispunt,Gewestweg,buiten bebouwde kom,Tss. 2 best.: langs opzij (voor-/achterkant-flank),Geen hindernis
49977,145,Overijse,District Vilvoorde-gewestwegen,50.7885856,4.4908759,0.4337076619281262,50.79160938889597,4.486978579142015,2024,10,18,23062,Overijse,Regenval,"Nat, plassen",Dageraad - schemering,met lichtgewonden,9,personenauto,3,Fiets,Buiten Kruispunt,Gewestweg,binnen bebouwde kom,Tss. 2 best.: langs opzij (voor-/achterkant-flank),Geen hindernis
49977,146,Overijse 2,District Vilvoorde-gewestwegen,50.7881478,4.4902818,0.44952345361726254,50.79160938889597,4.486978579142015,2024,10,18,23062,Overijse,Regenval,"Nat, plassen",Dageraad - schemering,met lichtgewonden,9,personenauto,3,Fiets,Buiten Kruispunt,Gewestweg,binnen bebouwde kom,Tss. 2 best.: langs opzij (voor-/achterkant-flank),Geen hindernis
49977,147,Overijse,District Vilvoorde-gewestwegen,50.7797555,4.4975769,1.5140952282287683,50.79160938889597,4.486978579142015,2024,10,18,23062,Overijse,Regenval,"Nat, plassen",Dageraad - schemering,met lichtgewonden,9,personenauto,3,Fiets,Buiten Kruispunt,Gewestweg,binnen bebouwde kom,Tss. 2 best.: langs opzij (voor-/achterkant-flank),Geen hindernis
49978,147,Overijse,District Vilvoorde-gewestwegen,50.7797555,4.4975769,0.6912150327323562,50.78539964307146,4.501696808041199,2024,10,10,23062,Overijse,Normaal,Droog,Dag,met lichtgewonden,3,Fiets,9,personenauto,Op Kruispunt,Gewestweg,buiten bebouwde kom,Tussen 2 bestuurders: Langs achteren,Geen hindernis
49978,145,Overijse,District Vilvoorde-gewestwegen,50.7885856,4.4908759,0.8391355505935281,50.78539964307146,4.501696808041199,2024,10,10,23062,Overijse,Normaal,Droog,Dag,met lichtgewonden,3,Fiets,9,personenauto,Op Kruispunt,Gewestweg,buiten bebouwde kom,Tussen 2 bestuurders: Langs achteren,Geen hindernis
49978,146,Overijse 2,District Vilvoorde-gewestwegen,50.7881478,4.4902818,0.8586708693017241,50.78539964307146,4.501696808041199,2024,10,10,23062,Overijse,Normaal,Droog,Dag,met lichtgewonden,3,Fiets,9,personenauto,Op Kruispunt,Gewestweg,buiten bebouwde kom,Tussen 2 bestuurders: Langs achteren,Geen hindernis
49980,148,Hoeilaart,District Leuven,50.76699493,4.44471001,1.5611021174431898,50.76663673378534,4.466900122463591,2024,9,15,23033,Hoeilaart,Onbekend,Onbekend,Dag,met lichtgewonden,3,Fiets,9,personenauto,Buiten Kruispunt,Gemeenteweg,binnen bebouwde kom,Tss. 2 best.: langs opzij (voor-/achterkant-flank),Geen hindernis
49981,145,Overijse,District Vilvoorde-gewestwegen,50.7885856,4.4908759,0.4919411997295963,50.78719328030108,4.497518385859434,2024,9,7,23062,Overijse,Normaal,Droog,Dag,met lichtgewonden,9,personenauto,3,Fiets,Buiten Kruispunt,Gewestweg,buiten bebouwde kom,Tss. 2 best.: langs opzij (voor-/achterkant-flank),Geen hindernis
49981,146,Overijse 2,District Vilvoorde-gewestwegen,50.7881478,4.4902818,0.5196646189895351,50.78719328030108,4.497518385859434,2024,9,7,23062,Overijse,Normaal,Droog,Dag,met lichtgewonden,9,personenauto,3,Fiets,Buiten Kruispunt,Gewestweg,buiten bebouwde kom,Tss. 2 best.: langs opzij (voor-/achterkant-flank),Geen hindernis
49981,147,Overijse,District Vilvoorde-gewestwegen,50.7797555,4.4975769,0.8270536658365109,50.78719328030108,4.497518385859434,2024,9,7,23062,Overijse,Normaal,Droog,Dag,met lichtgewonden,9,personenauto,3,Fiets,Buiten Kruispunt,Gewestweg,buiten bebouwde kom,Tss. 2 best.: langs opzij (voor-/achterkant-flank),Geen hindernis
49983,79,Pepingen teller 2,Pepingen,50.75848,4.16537,2.1402044598400662,50.77763732595639,4.1683094601631305,2024,9,13,23064,Pepingen,Normaal,Droog,Dag,met lichtgewonden,3,Fiets,11,een weggebruiker tegen een hindernis,Buiten Kruispunt,Gemeenteweg,binnen bebouwde kom,Weggebruiker tegen hindernis op de rijbaan,"Op de rijbaan: Put, straatgoot, tramspoor"
49983,78,Pepingen teller 1,Pepingen,50.75824,4.1652,2.167941339773473,50.77763732595639,4.1683094601631305,2024,9,13,23064,Pepingen,Normaal,Droog,Dag,met lichtgewonden,3,Fiets,11,een weggebruiker tegen een hindernis,Buiten Kruispunt,Gemeenteweg,binnen bebouwde kom,Weggebruiker tegen hindernis op de rijbaan,"Op de rijbaan: Put, straatgoot, tramspoor"
49992,86,Asse teller 2,Asse,50.89132,4.1709,1.6287713715370262,50.87726220382594,4.164376315762235,2024,9,16,23086,Ternat,Regenval,"Nat, plassen",Dag,met lichtgewonden,3,Fiets,10,"één bestuurder, geen hindernis",Buiten Kruispunt,Gewestweg,binnen bebouwde kom,"Eén bestuurder, geen hindernis (incl. val)",Geen hindernis
49992,85,Asse teller 1,Asse,50.89621,4.17294,2.1908657416162565,50.87726220382594,4.164376315762235,2024,9,16,23086,Ternat,Regenval,"Nat, plassen",Dag,met lichtgewonden,3,Fiets,10,"één bestuurder, geen hindernis",Buiten Kruispunt,Gewestweg,binnen bebouwde kom,"Eén bestuurder, geen hindernis (incl. val)",Geen hindernis
49997,86,Asse teller 2,Asse,50.89132,4.1709,1.743767788379826,50.87830263284962,4.1847616274713655,2024,9,8,23086,Ternat,Normaal,Droog,Dageraad - schemering,met lichtgewonden,9,personenauto,3,Fiets,Buiten Kruispunt,Gemeenteweg,binnen bebouwde kom,Tussen 2 bestuurders: Frontale botsing,Geen hindernis
49997,85,Asse teller 1,Asse,50.89621,4.17294,2.1569821341224835,50.87830263284962,4.1847616274713655,2024,9,8,23086,Ternat,Normaal,Droog,Dageraad - schemering,met lichtgewonden,9,personenauto,3,Fiets,Buiten Kruispunt,Gemeenteweg,binnen bebouwde kom,Tussen 2 bestuurders: Frontale botsing,Geen hindernis
49999,86,Asse teller 2,Asse,50.89132,4.1709,2.4043154273701384,50.876222740087776,4.146364676866645,2024,9,8,23086,Ternat,Onbekend,Onbekend,Dag,met lichtgewonden,3,Fiets,5,Lichte vrachtauto,Buiten Kruispunt,Gemeenteweg,onbekend,Tss. 2 best.: langs opzij (voor-/achterkant-flank),Geen hindernis
50000,86,Asse teller 2,Asse,50.89132,4.1709,2.020394554782512,50.893429780399785,4.1422894423113945,2024,10,7,23105,Affligem,Normaal,Droog,Dag,met lichtgewonden,3,Fiets,9,personenauto,Op Kruispunt,Gemeenteweg,binnen bebouwde kom,Tss. 2 best.: langs opzij (voor-/achterkant-flank),Geen hindernis
50000,85,Asse teller 1,Asse,50.89621,4.17294,2.171815145943353,50.893429780399785,4.1422894423113945,2024,10,7,23105,Affligem,Normaal,Droog,Dag,met lichtgewonden,3,Fiets,9,personenauto,Op Kruispunt,Gemeenteweg,binnen bebouwde kom,Tss. 2 best.: langs opzij (voor-/achterkant-flank),Geen hindernis
50006,80,Wemmel teller 1,Wemmel,50.91418,4.29571,1.8096904618263676,50.90040124409721,4.309445638137461,2024,10,7,23102,Wemmel,Onbekend,Onbekend,Onbekend,met lichtgewonden,3,Fiets,3,Fiets,Buiten Kruispunt,Gewestweg,binnen bebouwde kom,Tussen 2 bestuurders: Frontale botsing,Geen hindernis
50006,81,Wemmel teller 2,Wemmel,50.91439,4.29568,1.8306092072007643,50.90040124409721,4.309445638137461,2024,10,7,23102,Wemmel,Onbekend,Onbekend,Onbekend,met lichtgewonden,3,Fiets,3,Fiets,Buiten Kruispunt,Gewestweg,binnen bebouwde kom,Tussen 2 bestuurders: Frontale botsing,Geen hindernis
50017,85,Asse teller 1,Asse,50.89621,4.17294,1.846744477998525,50.90769108928635,4.19196906074524,2024,10,8,23002,Asse,Onbekend,Onbekend,Onbekend,met lichtgewonden,9,personenauto,3,Fiets,Buiten Kruispunt,Gewestweg,binnen bebouwde kom,Tss. 2 best.: langs opzij (voor-/achterkant-flank),Geen hindernis
50017,86,Asse teller 2,Asse,50.89132,4.1709,2.344553727359045,50.90769108928635,4.19196906074524,2024,10,8,23002,Asse,Onbekend,Onbekend,Onbekend,met lichtgewonden,9,personenauto,3,Fiets,Buiten Kruispunt,Gewestweg,binnen bebouwde kom,Tss. 2 best.: langs opzij (voor-/achterkant-flank),Geen hindernis
50021,27,Grimbergen,Meise,50.92127,4.34013,1.718338399291617,50.935351235815865,4.330029916483843,2024,10,8,23050,Meise,Normaal,Droog,Dag,met lichtgewonden,9,personenauto,3,Fiets,Buiten Kruispunt,Gewestweg,buiten bebouwde kom,Tussen 2 bestuurders: Frontale botsing,Geen hindernis
50024,47,Vilvoorde,Vilvoorde,50.91372,4.41497,1.7343876227015405,50.9293163450085,4.414641152755801,2024,9,11,23088,Vilvoorde,Normaal,Droog,Dag,met lichtgewonden,3,Fiets,8,Voetganger,Buiten Kruispunt,Gemeenteweg,binnen bebouwde kom,Met een voetganger,Geen hindernis
50026,27,Grimbergen,Meise,50.92127,4.34013,0.36866154566795817,50.92366706489358,4.336496456443462,2024,9,7,23050,Meise,Normaal,Proper,Dag,met lichtgewonden,9,personenauto,3,Fiets,Op Kruispunt,Gewestweg,buiten bebouwde kom,Tss. 2 best.: langs opzij (voor-/achterkant-flank),Geen hindernis
50031,27,Grimbergen,Meise,50.92127,4.34013,1.691780262397959,50.909395545401075,4.355217334060934,2024,10,18,23025,Grimbergen,Normaal,Droog,Dageraad - schemering,met lichtgewonden,3,Fiets,9,personenauto,Buiten Kruispunt,Gemeenteweg,binnen bebouwde kom,Tussen 2 bestuurders: Frontale botsing,Geen hindernis
50032,47,Vilvoorde,Vilvoorde,50.91372,4.41497,1.914414644156589,50.926259878721396,4.433683267448762,2024,10,8,23088,Vilvoorde,Normaal,Droog,Dag,met lichtgewonden,1,Autobus,3,Fiets,Op Kruispunt,Gewestweg,binnen bebouwde kom,Tss. 2 best.: langs opzij (voor-/achterkant-flank),Geen hindernis
50032,1,Machelen,Machelen,50.91618331151478,4.456121776137429,1.9311376615954576,50.926259878721396,4.433683267448762,2024,10,8,23088,Vilvoorde,Normaal,Droog,Dag,met lichtgewonden,1,Autobus,3,Fiets,Op Kruispunt,Gewestweg,binnen bebouwde kom,Tss. 2 best.: langs opzij (voor-/achterkant-flank),Geen hindernis
50033,111,Zaventem totem,Zaventem,50.8871216,4.4597084,0.9596458599305432,50.889251850368225,4.446450968703996,2024,10,7,23047,Machelen,Onbekend,Onbekend,Dageraad - schemering,met lichtgewonden,3,Fiets,9,personenauto,Buiten Kruispunt,Gemeenteweg,buiten bebouwde kom,Tss. 2 best.: langs opzij (voor-/achterkant-flank),Geen hindernis
50033,149,Machelen,,50.88297881,4.43356644,1.1416944251524004,50.889251850368225,4.446450968703996,2024,10,7,23047,Machelen,Onbekend,Onbekend,Dageraad - schemering,met lichtgewonden,3,Fiets,9,personenauto,Buiten Kruispunt,Gemeenteweg,buiten bebouwde kom,Tss. 2 best.: langs opzij (voor-/achterkant-flank),Geen hindernis
50033,26,Zaventem,Zaventem,50.86995,4.45444,2.2182483246841045,50.889251850368225,4.446450968703996,2024,10,7,23047,Machelen,Onbekend,Onbekend,Dageraad - schemering,met lichtgewonden,3,Fiets,9,personenauto,Buiten Kruispunt,Gemeenteweg,buiten bebouwde kom,Tss. 2 best.: langs opzij (voor-/achterkant-flank),Geen hindernis
50034,47,Vilvoorde,Vilvoorde,50.91372,4.41497,1.3394336284108521,50.904518065657484,4.427297957754509,2024,9,12,23047,Machelen,Normaal,"Nat, plassen",Dag,met lichtgewonden,3,Fiets,10,"één bestuurder, geen hindernis",Buiten Kruispunt,Gewestweg,buiten bebouwde kom,"Eén bestuurder, geen hindernis (incl. val)",Geen hindernis
50034,1,Machelen,Machelen,50.91618331151478,4.456121776137429,2.401368562599073,50.904518065657484,4.427297957754509,2024,9,12,23047,Machelen,Normaal,"Nat, plassen",Dag,met lichtgewonden,3,Fiets,10,"één bestuurder, geen hindernis",Buiten Kruispunt,Gewestweg,buiten bebouwde kom,"Eén bestuurder, geen hindernis (incl. val)",Geen hindernis
50034,149,Machelen,,50.88297881,4.43356644,2.4350748185980957,50.904518065657484,4.427297957754509,2024,9,12,23047,Machelen,Normaal,"Nat, plassen",Dag,met lichtgewonden,3,Fiets,10,"één bestuurder, geen hindernis",Buiten Kruispunt,Gewestweg,buiten bebouwde kom,"Eén bestuurder, geen hindernis (incl. val)",Geen hindernis
50036,47,Vilvoorde,Vilvoorde,50.91372,4.41497,0.8162705489951201,50.918147410814974,4.424257653716803,2024,10,16,23088,Vilvoorde,Normaal,Droog,Dag,met lichtgewonden,3,Fiets,3,Fiets,Buiten Kruispunt,Gewestweg,buiten bebouwde kom,Tussen 2 bestuurders: Frontale botsing,Geen hindernis
50036,1,Machelen,Machelen,50.91618331151478,4.456121776137429,2.2443929302161445,50.918147410814974,4.424257653716803,2024,10,16,23088,Vilvoorde,Normaal,Droog,Dag,met lichtgewonden,3,Fiets,3,Fiets,Buiten Kruispunt,Gewestweg,buiten bebouwde kom,Tussen 2 bestuurders: Frontale botsing,Geen hindernis
50037,47,Vilvoorde,Vilvoorde,50.91372,4.41497,1.2305284280526716,50.916723211229005,4.431863928129477,2024,10,5,23047,Machelen,Normaal,"Nat, plassen","Nacht, openb. verlicht. aanw., maar niet ontstoken",met lichtgewonden,3,Fiets,11,een weggebruiker tegen een hindernis,Buiten Kruispunt,Gemeenteweg,binnen bebouwde kom,Weggebruiker tegen hindernis buiten rijbaan,Buiten de rijbaan: Omheining
50037,1,Machelen,Machelen,50.91618331151478,4.456121776137429,1.7016113210939474,50.916723211229005,4.431863928129477,2024,10,5,23047,Machelen,Normaal,"Nat, plassen","Nacht, openb. verlicht. aanw., maar niet ontstoken",met lichtgewonden,3,Fiets,11,een weggebruiker tegen een hindernis,Buiten Kruispunt,Gemeenteweg,binnen bebouwde kom,Weggebruiker tegen hindernis buiten rijbaan,Buiten de rijbaan: Omheining
50039,47,Vilvoorde,Vilvoorde,50.91372,4.41497,1.8623389831167196,50.925801598683655,4.4333697145827,2024,9,17,23088,Vilvoorde,Normaal,Droog,Dag,met lichtgewonden,3,Fiets,8,Voetganger,Buiten Kruispunt,Gewestweg,binnen bebouwde kom,Met een voetganger,Geen hindernis
50039,1,Machelen,Machelen,50.91618331151478,4.456121776137429,1.920245340471919,50.925801598683655,4.4333697145827,2024,9,17,23088,Vilvoorde,Normaal,Droog,Dag,met lichtgewonden,3,Fiets,8,Voetganger,Buiten Kruispunt,Gewestweg,binnen bebouwde kom,Met een voetganger,Geen hindernis
50040,47,Vilvoorde,Vilvoorde,50.91372,4.41497,2.023802824728675,50.92897626947549,4.430714200728952,2024,10,17,23088,Vilvoorde,Normaal,Droog,Dag,met lichtgewonden,9,personenauto,3,Fiets,Op Kruispunt,Gemeenteweg,binnen bebouwde kom,Tss. 2 best.: langs opzij (voor-/achterkant-flank),Geen hindernis
50040,1,Machelen,Machelen,50.91618331151478,4.456121776137429,2.2792993935368333,50.92897626947549,4.430714200728952,2024,10,17,23088,Vilvoorde,Normaal,Droog,Dag,met lichtgewonden,9,personenauto,3,Fiets,Op Kruispunt,Gemeenteweg,binnen bebouwde kom,Tss. 2 best.: langs opzij (voor-/achterkant-flank),Geen hindernis
50041,1,Machelen,Machelen,50.91618331151478,4.456121776137429,1.7194104401802992,50.92571873116723,4.436811625642392,2024,10,12,23088,Vilvoorde,Regenval,Proper,Dag,met lichtgewonden,3,Fiets,9,personenauto,Op Kruispunt,Gewestweg,binnen bebouwde kom,Tss. 2 best.: langs opzij (voor-/achterkant-flank),Geen hindernis
50041,47,Vilvoorde,Vilvoorde,50.91372,4.41497,2.030819546036021,50.92571873116723,4.436811625642392,2024,10,12,23088,Vilvoorde,Regenval,Proper,Dag,met lichtgewonden,3,Fiets,9,personenauto,Op Kruispunt,Gewestweg,binnen bebouwde kom,Tss. 2 best.: langs opzij (voor-/achterkant-flank),Geen hindernis
50042,27,Grimbergen,Meise,50.92127,4.34013,2.0907826598538244,50.91414262093723,4.367729402918182,2024,10,15,23088,Vilvoorde,Onbekend,Onbekend,Dag,met lichtgewonden,3,Fiets,9,personenauto,Op Kruispunt,Gemeenteweg,buiten bebouwde kom,Tss. 2 best.: langs opzij (voor-/achterkant-flank),Geen hindernis