crash_row_id,site_id,site_name,site_gemeente,site_lat,site_long,distance_km,crash_lat,crash_long,DT_YEAR_COLLISION,DT_MONTH_COLLISION,DT_TIME,CD_NIS,TX_MUNTY_COLLISION_NL,TX_WEATHER_NL,TX_ROAD_CONDITION_NL,TX_LIGHT_CONDITION_NL,TX_CLASS_ACCIDENTS_NL,CD_ROAD_USR_TYPE1,TX_ROAD_USR_TYPE1_NL,CD_ROAD_USR_TYPE2,TX_ROAD_USR_TYPE2_NL,TX_CROSSWAY_NL,CD_ROAD_TYPE_NL,TX_BUILD_UP_AREA_NL,TX_COLLISION_TYPE_NL,TX_OBSTACLES_NL
50045,47,Vilvoorde,Vilvoorde,50.91372,4.41497,1.3753332790017416,50.923728686966854,4.426497292136702,2024,9,19,23088,Vilvoorde,Normaal,Droog,Dag,met lichtgewonden,9,personenauto,3,Fiets,Buiten Kruispunt,Gewestweg,binnen bebouwde kom,Tss. 2 best.: langs opzij (voor-/achterkant-flank),Geen hindernis
50045,1,Machelen,Machelen,50.91618331151478,4.456121776137429,2.239700527892662,50.923728686966854,4.426497292136702,2024,9,19,23088,Vilvoorde,Normaal,Droog,Dag,met lichtgewonden,9,personenauto,3,Fiets,Buiten Kruispunt,Gewestweg,binnen bebouwde kom,Tss. 2 best.: langs opzij (voor-/achterkant-flank),Geen hindernis
50047,47,Vilvoorde,Vilvoorde,50.91372,4.41497,1.643791720931494,50.92546224044117,4.429216076342219,2024,10,7,23088,Vilvoorde,Normaal,Droog,Dag,met lichtgewonden,3,Fiets,8,Voetganger,Buiten Kruispunt,Gewestweg,binnen bebouwde kom,Met een voetganger,Geen hindernis
50047,1,Machelen,Machelen,50.91618331151478,4.456121776137429,2.1497758168480217,50.92546224044117,4.429216076342219,2024,10,7,23088,Vilvoorde,Normaal,Droog,Dag,met lichtgewonden,3,Fiets,8,Voetganger,Buiten Kruispunt,Gewestweg,binnen bebouwde kom,Met een voetganger,Geen hindernis
50048,1,Machelen,Machelen,50.91618331151478,4.456121776137429,1.3231606307179336,50.923576542784915,4.441331274598905,2024,10,8,23088,Vilvoorde,Normaal,Droog,Dageraad - schemering,met lichtgewonden,9,personenauto,3,Fiets,Op Kruispunt,Gewestweg,binnen bebouwde kom,Tss. 2 best.: langs opzij (voor-/achterkant-flank),Geen hindernis
50048,47,Vilvoorde,Vilvoorde,50.91372,4.41497,2.1484936718183056,50.923576542784915,4.441331274598905,2024,10,8,23088,Vilvoorde,Normaal,Droog,Dageraad - schemering,met lichtgewonden,9,personenauto,3,Fiets,Op Kruispunt,Gewestweg,binnen bebouwde kom,Tss. 2 best.: langs opzij (voor-/achterkant-flank),Geen hindernis
50049,1,Machelen,Machelen,50.91618331151478,4.456121776137429,1.9971527393783848,50.927877496911,4.434496292034637,2024,10,8,23088,Vilvoorde,Normaal,Droog,Dag,met lichtgewonden,3,Fiets,11,een weggebruiker tegen een hindernis,Buiten Kruispunt,Gemeenteweg,binnen bebouwde kom,Weggebruiker tegen hindernis buiten rijbaan,Buiten de rijbaan: Andere paal
50049,47,Vilvoorde,Vilvoorde,50.91372,4.41497,2.0860611495312344,50.927877496911,4.434496292034637,2024,10,8,23088,Vilvoorde,Normaal,Droog,Dag,met lichtgewonden,3,Fiets,11,een weggebruiker tegen een hindernis,Buiten Kruispunt,Gemeenteweg,binnen bebouwde kom,Weggebruiker tegen hindernis buiten rijbaan,Buiten de rijbaan: Andere paal
50050,1,Machelen,Machelen,50.91618331151478,4.456121776137429,1.443461825899737,50.91439281010226,4.4357285509096815,2024,10,19,23047,Machelen,Regenval,"Nat, plassen","Nacht, openbare verlichting aanwezig en ontstoken",met lichtgewonden,3,Fiets,9,personenauto,Op Kruispunt,Gemeenteweg,binnen bebouwde kom,Tss. 2 best.: langs opzij (voor-/achterkant-flank),Geen hindernis
50050,47,Vilvoorde,Vilvoorde,50.91372,4.41497,1.4572367935277846,50.91439281010226,4.4357285509096815,2024,10,19,23047,Machelen,Regenval,"Nat, plassen","Nacht, openbare verlichting aanwezig en ontstoken",met lichtgewonden,3,Fiets,9,personenauto,Op Kruispunt,Gemeenteweg,binnen bebouwde kom,Tss. 2 best.: langs opzij (voor-/achterkant-flank),Geen hindernis
50051,47,Vilvoorde,Vilvoorde,50.91372,4.41497,1.603502806909113,50.9269930636134,4.42391265564948,2024,10,14,23088,Vilvoorde,Normaal,Droog,Dag,met lichtgewonden,99,onbekend,3,Fiets,Buiten Kruispunt,Gewestweg,binnen bebouwde kom,Tussen 2 bestuurders: Frontale botsing,Geen hindernis
50057,109,Zemst,Zemst,50.9903936,4.4707023,0.4590916401427571,50.98632539240666,4.4718210472822175,2024,9,17,23096,Zemst,Regenval,"Nat, plassen",Dag,met lichtgewonden,9,personenauto,3,Fiets,Buiten Kruispunt,Gemeenteweg,binnen bebouwde kom,Tss. 2 best.: langs opzij (voor-/achterkant-flank),Geen hindernis
50058,109,Zemst,Zemst,50.9903936,4.4707023,0.34835619819701874,50.987261174000736,4.470783457850311,2024,9,12,23096,Zemst,Normaal,Droog,Dag,met lichtgewonden,9,personenauto,3,Fiets,Op Kruispunt,Gewestweg,buiten bebouwde kom,Tss. 2 best.: langs opzij (voor-/achterkant-flank),Geen hindernis
50059,1,Machelen,Machelen,50.91618331151478,4.456121776137429,1.679488381306821,50.91294808831083,4.479522173183272,2024,9,13,23081,Steenokkerzeel,Normaal,Droog,Dag,met lichtgewonden,9,personenauto,3,Fiets,Op Kruispunt,Gemeenteweg,binnen bebouwde kom,Tss. 2 best.: langs opzij (voor-/achterkant-flank),Geen hindernis
50061,109,Zemst,Zemst,50.9903936,4.4707023,1.4652377206857243,50.97882875588207,4.460669264455775,2024,9,7,23096,Zemst,Normaal,Droog,Dageraad - schemering,met lichtgewonden,9,personenauto,3,Fiets,Buiten Kruispunt,Gemeenteweg,binnen bebouwde kom,Tss. 2 best.: langs opzij (voor-/achterkant-flank),Geen hindernis
50063,1,Machelen,Machelen,50.91618331151478,4.456121776137429,0.7678079595463272,50.91003359554972,4.461102289479468,2024,9,13,23081,Steenokkerzeel,Normaal,Droog,Dag,met lichtgewonden,3,Fiets,11,een weggebruiker tegen een hindernis,Op Kruispunt,Gewestweg,buiten bebouwde kom,Weggebruiker tegen hindernis op de rijbaan,"Op de rijbaan: Werken (signal., aarde, toestel,…)"
50064,109,Zemst,Zemst,50.9903936,4.4707023,1.5086053198948688,50.99240947132962,4.492017561747783,2024,9,10,23096,Zemst,Normaal,Droog,Dag,met lichtgewonden,3,Fiets,8,Voetganger,Buiten Kruispunt,Gewestweg,binnen bebouwde kom,Met een voetganger,Geen hindernis
50066,118,Gent teller 1,Gent,51.028049,3.7681359,2.0845000451293934,51.03744772329722,3.7423437778949435,2024,9,9,44021,Gent,Normaal,Droog,Dag,met lichtgewonden,9,personenauto,3,Fiets,Op Kruispunt,Gemeenteweg,binnen bebouwde kom,Tss. 2 best.: langs opzij (voor-/achterkant-flank),Geen hindernis
50066,119,Gent teller 2,Gent,51.0281795,3.7683918,2.092816305984407,51.03744772329722,3.7423437778949435,2024,9,9,44021,Gent,Normaal,Droog,Dag,met lichtgewonden,9,personenauto,3,Fiets,Op Kruispunt,Gemeenteweg,binnen bebouwde kom,Tss. 2 best.: langs opzij (voor-/achterkant-flank),Geen hindernis
50070,136,Gent R4,Gent,51.0876313,3.7587918,1.8309261272669959,51.07174706131892,3.7518869576666694,2024,9,17,44021,Gent,Normaal,"Ijzel, sneeuw",Dag,met lichtgewonden,7,Motorfiets,3,Fiets,Buiten Kruispunt,Gemeenteweg,binnen bebouwde kom,Tussen 2 bestuurders: Frontale botsing,Geen hindernis
50073,13,Gent,Gent,51.03018,3.70146,2.029942069378409,51.043607636119454,3.72112872103863,2024,9,16,44021,Gent,Normaal,Droog,Dag,met lichtgewonden,3,Fiets,9,personenauto,Buiten Kruispunt,Gemeenteweg,binnen bebouwde kom,Tss. 2 best.: langs opzij (voor-/achterkant-flank),Geen hindernis
50074,136,Gent R4,Gent,51.0876313,3.7587918,2.2322416259634257,51.08051500854883,3.7289095779181647,2024,9,9,44021,Gent,Onbekend,Onbekend,Dag,met lichtgewonden,3,Fiets,8,Voetganger,Buiten Kruispunt,Gemeenteweg,onbekend,Met een voetganger,Geen hindernis
50081,13,Gent,Gent,51.03018,3.70146,2.0997648159527014,51.014419934492146,3.7179976967884345,2024,9,15,44021,Gent,Regenval,"Nat, plassen",Dag,met lichtgewonden,3,Fiets,9,personenauto,Op Kruispunt,Gemeenteweg,binnen bebouwde kom,Tussen 2 bestuurders: Frontale botsing,Geen hindernis
50082,13,Gent,Gent,51.03018,3.70146,1.85827751754802,51.04003970152393,3.722917569588947,2024,9,20,44021,Gent,Normaal,Droog,"Nacht, openbare verlichting aanwezig en ontstoken",met lichtgewonden,6,Bromfiets,3,Fiets,Buiten Kruispunt,Gewestweg,binnen bebouwde kom,Tussen 2 bestuurders: Langs achteren,Geen hindernis
50088,118,Gent teller 1,Gent,51.028049,3.7681359,2.3840586710118794,51.01987897887009,3.736621032227731,2024,9,17,44021,Gent,Normaal,"Nat, plassen",Dag,met lichtgewonden,9,personenauto,3,Fiets,Op Kruispunt,Gemeenteweg,buiten bebouwde kom,Tss. 2 best.: langs opzij (voor-/achterkant-flank),Geen hindernis
50088,119,Gent teller 2,Gent,51.0281795,3.7683918,2.4061418781402675,51.01987897887009,3.736621032227731,2024,9,17,44021,Gent,Normaal,"Nat, plassen",Dag,met lichtgewonden,9,personenauto,3,Fiets,Op Kruispunt,Gemeenteweg,buiten bebouwde kom,Tss. 2 best.: langs opzij (voor-/achterkant-flank),Geen hindernis
50089,119,Gent teller 2,Gent,51.0281795,3.7683918,1.3352274346796136,51.039639581504545,3.7626896579371243,2024,9,15,44021,Gent,Normaal,Droog+Proper,Dag,met zwaargewonden,9,personenauto,3,Fiets,Op Kruispunt,Gemeenteweg,binnen bebouwde kom,Tss. 2 best.: langs opzij (voor-/achterkant-flank),Geen hindernis
50089,118,Gent teller 1,Gent,51.028049,3.7681359,1.343903410816031,51.039639581504545,3.7626896579371243,2024,9,15,44021,Gent,Normaal,Droog+Proper,Dag,met zwaargewonden,9,personenauto,3,Fiets,Op Kruispunt,Gemeenteweg,binnen bebouwde kom,Tss. 2 best.: langs opzij (voor-/achterkant-flank),Geen hindernis
50090,13,Gent,Gent,51.03018,3.70146,2.0997648159527014,51.014419934492146,3.7179976967884345,2024,9,14,44021,Gent,Normaal,Droog,Dag,met lichtgewonden,9,personenauto,3,Fiets,Op Kruispunt,Gemeenteweg,buiten bebouwde kom,Tussen 2 bestuurders: Flank tegen flank,Geen hindernis
50092,13,Gent,Gent,51.03018,3.70146,1.577715984783524,51.04425983353137,3.70425033967362,2024,9,19,44021,Gent,Normaal,Droog,Dageraad - schemering,met lichtgewonden,8,Voetganger,3,Fiets,Buiten Kruispunt,Gemeenteweg,binnen bebouwde kom,Met een voetganger,Geen hindernis
50093,13,Gent,Gent,51.03018,3.70146,0.9787668922361791,51.03211304947949,3.7151146543132056,2024,9,8,44021,Gent,Regenval,"Nat, plassen",Dag,met lichtgewonden,3,Fiets,3,Fiets,Op Kruispunt,Gemeenteweg,binnen bebouwde kom,Tussen 2 bestuurders: Frontale botsing,Geen hindernis
50094,136,Gent R4,Gent,51.0876313,3.7587918,2.010622507985255,51.0741809391018,3.7395551165538783,2024,9,12,44021,Gent,Normaal,Droog,Dag,met lichtgewonden,3,Fiets,3,Fiets,Buiten Kruispunt,Gewestweg,buiten bebouwde kom,Tussen 2 bestuurders: Flank tegen flank,Geen hindernis
50097,118,Gent teller 1,Gent,51.028049,3.7681359,1.525706429728971,51.028416581921846,3.7463275552666015,2024,9,14,44021,Gent,Normaal,Droog,Dag,met lichtgewonden,6,Bromfiets,3,Fiets,Buiten Kruispunt,Gewestweg,binnen bebouwde kom,Tussen 2 bestuurders: Frontale botsing,Geen hindernis
50097,119,Gent teller 2,Gent,51.0281795,3.7683918,1.5432781204702284,51.028416581921846,3.7463275552666015,2024,9,14,44021,Gent,Normaal,Droog,Dag,met lichtgewonden,6,Bromfiets,3,Fiets,Buiten Kruispunt,Gewestweg,binnen bebouwde kom,Tussen 2 bestuurders: Frontale botsing,Geen hindernis
50099,7,Evergem 1,Evergem,51.1089,3.70317,2.297321345277833,51.0884534857516,3.707890708055858,2024,9,15,44021,Gent,Normaal,Droog,Dag,met lichtgewonden,3,Fiets,9,personenauto,Buiten Kruispunt,Gemeenteweg,binnen bebouwde kom,Tss. 2 best.: langs opzij (voor-/achterkant-flank),Geen hindernis
50099,6,Evergem 2,Evergem,51.10894,3.70298,2.30366067919551,51.0884534857516,3.707890708055858,2024,9,15,44021,Gent,Normaal,Droog,Dag,met lichtgewonden,3,Fiets,9,personenauto,Buiten Kruispunt,Gemeenteweg,binnen bebouwde kom,Tss. 2 best.: langs opzij (voor-/achterkant-flank),Geen hindernis
50100,136,Gent R4,Gent,51.0876313,3.7587918,1.0384892384090236,51.096015409363275,3.7653430125381337,2024,9,18,44021,Gent,Onbekend,Droog,Dag,met lichtgewonden,3,Fiets,3,Fiets,Buiten Kruispunt,Gemeenteweg,binnen bebouwde kom,Tss. 2 best.: langs opzij (voor-/achterkant-flank),Geen hindernis
50104,13,Gent,Gent,51.03018,3.70146,0.9293098079621748,51.033693623650294,3.6894021818721474,2024,9,18,44021,Gent,Normaal,"Nat, plassen",Dag,met lichtgewonden,3,Fiets,11,een weggebruiker tegen een hindernis,Buiten Kruispunt,Autosnelweg,buiten bebouwde kom,Weggebruiker tegen hindernis buiten rijbaan,Buiten de rijbaan: Boom
50105,13,Gent,Gent,51.03018,3.70146,1.7991973507780479,51.04128316169851,3.720176982319211,2024,9,15,44021,Gent,Regenval,"Nat, plassen",Dag,met lichtgewonden,3,Fiets,9,personenauto,Op Kruispunt,Gewestweg,binnen bebouwde kom,Tss. 2 best.: langs opzij (voor-/achterkant-flank),Geen hindernis
50106,13,Gent,Gent,51.03018,3.70146,1.6038310801193612,51.043149811510034,3.7114956430660326,2024,9,12,44021,Gent,Normaal,Droog,Dag,met lichtgewonden,3,Fiets,3,Fiets,Op Kruispunt,Gewestweg,binnen bebouwde kom,Tussen 2 bestuurders: Flank tegen flank,Geen hindernis
50111,136,Gent R4,Gent,51.0876313,3.7587918,2.198656187188018,51.07301089962549,3.7376017785880045,2024,10,13,44021,Gent,Normaal,Droog,Dag,met lichtgewonden,3,Fiets,3,Fiets,Op Kruispunt,Gewestweg,binnen bebouwde kom,Tussen 2 bestuurders: Frontale botsing,Geen hindernis
50112,118,Gent teller 1,Gent,51.028049,3.7681359,1.0796580718799538,51.035617553920424,3.7584645339254124,2024,10,12,44021,Gent,Normaal,Droog,Dag,met lichtgewonden,3,Fiets,4,Vrachtwagen,Op Kruispunt,Gemeenteweg,binnen bebouwde kom,Tss. 2 best.: langs opzij (voor-/achterkant-flank),Geen hindernis
50112,119,Gent teller 2,Gent,51.0281795,3.7683918,1.079801665057049,51.035617553920424,3.7584645339254124,2024,10,12,44021,Gent,Normaal,Droog,Dag,met lichtgewonden,3,Fiets,4,Vrachtwagen,Op Kruispunt,Gemeenteweg,binnen bebouwde kom,Tss. 2 best.: langs opzij (voor-/achterkant-flank),Geen hindernis
50113,136,Gent R4,Gent,51.0876313,3.7587918,1.407284969376432,51.0751532798554,3.7621586938718568,2024,9,5,44021,Gent,Regenval,"Nat, plassen","Nacht, openb. verlicht. aanw., maar niet ontstoken",met lichtgewonden,3,Fiets,6,Bromfiets,Buiten Kruispunt,Gemeenteweg,binnen bebouwde kom,Tussen 2 bestuurders: Flank tegen flank,Geen hindernis
50117,13,Gent,Gent,51.03018,3.70146,1.2295031304046682,51.03611088079997,3.716299282943473,2024,9,17,44021,Gent,Normaal,Droog,Dag,met lichtgewonden,9,personenauto,3,Fiets,Buiten Kruispunt,Gewestweg,binnen bebouwde kom,Tussen 2 bestuurders: Flank tegen flank,Geen hindernis
50119,136,Gent R4,Gent,51.0876313,3.7587918,2.489582429501221,51.073524372665126,3.7311168660448,2024,10,14,44021,Gent,Normaal,Droog,Dag,met lichtgewonden,3,Fiets,9,personenauto,Op Kruispunt,Gemeenteweg,binnen bebouwde kom,Tss. 2 best.: langs opzij (voor-/achterkant-flank),Geen hindernis
50122,119,Gent teller 2,Gent,51.0281795,3.7683918,0.3036441589862045,51.026091156683734,3.7711892686666086,2024,10,9,44021,Gent,Normaal,Droog,Dag,met lichtgewonden,3,Fiets,9,personenauto,Buiten Kruispunt,Gewestweg,buiten bebouwde kom,Tss. 2 best.: langs opzij (voor-/achterkant-flank),Geen hindernis
50122,118,Gent teller 1,Gent,51.028049,3.7681359,0.3049496454213877,51.026091156683734,3.7711892686666086,2024,10,9,44021,Gent,Normaal,Droog,Dag,met lichtgewonden,3,Fiets,9,personenauto,Buiten Kruispunt,Gewestweg,buiten bebouwde kom,Tss. 2 best.: langs opzij (voor-/achterkant-flank),Geen hindernis
50126,136,Gent R4,Gent,51.0876313,3.7587918,1.1228535573718255,51.080851079138796,3.77070449558044,2024,9,1,44021,Gent,Normaal,Droog,"Nacht, openbare verlichting aanwezig en ontstoken",met lichtgewonden,3,Fiets,10,"één bestuurder, geen hindernis",Op Kruispunt,Gemeenteweg,binnen bebouwde kom,"Eén bestuurder, geen hindernis (incl. val)",Geen hindernis
50127,136,Gent R4,Gent,51.0876313,3.7587918,2.3131962213043815,51.08732920995672,3.7256763979112386,2024,9,0,44021,Gent,Normaal,"Nat, plassen","Nacht, openbare verlichting aanwezig en ontstoken",met lichtgewonden,3,Fiets,10,"één bestuurder, geen hindernis",Buiten Kruispunt,Gewestweg,binnen bebouwde kom,"Eén bestuurder, geen hindernis (incl. val)",Geen hindernis
50132,13,Gent,Gent,51.03018,3.70146,1.7991973507780479,51.04128316169851,3.720176982319211,2024,10,20,44021,Gent,Normaal,Droog,"Nacht, openbare verlichting aanwezig en ontstoken",met lichtgewonden,3,Fiets,9,personenauto,Op Kruispunt,Gewestweg,binnen bebouwde kom,Tss. 2 best.: langs opzij (voor-/achterkant-flank),Geen hindernis
50135,136,Gent R4,Gent,51.0876313,3.7587918,1.7968827319838194,51.07323220504577,3.747115953801394,2024,10,12,44021,Gent,Normaal,Droog,Dag,met lichtgewonden,3,Fiets,2,Andere weggebruiker,Op Kruispunt,Gemeenteweg,binnen bebouwde kom,Tss. 2 best.: langs opzij (voor-/achterkant-flank),Geen hindernis
50136,13,Gent,Gent,51.03018,3.70146,1.964755649392029,51.014818747560426,3.715341503427531,2024,10,17,44021,Gent,Normaal,Droog,Dag,met lichtgewonden,9,personenauto,3,Fiets,Op Kruispunt,Gemeenteweg,buiten bebouwde kom,Tss. 2 best.: langs opzij (voor-/achterkant-flank),Geen hindernis
50141,13,Gent,Gent,51.03018,3.70146,2.287308155480031,51.041375782354294,3.7289021603446804,2024,9,0,44021,Gent,Normaal,Droog,"Nacht, openbare verlichting aanwezig en ontstoken",met lichtgewonden,3,Fiets,6,Bromfiets,Op Kruispunt,Gemeenteweg,binnen bebouwde kom,Tss. 2 best.: langs opzij (voor-/achterkant-flank),Geen hindernis
50142,13,Gent,Gent,51.03018,3.70146,2.2129456564747,51.046031822121876,3.720596102073554,2024,9,0,44021,Gent,Regenval,"Nat, plassen","Nacht, openb. verlicht. aanw., maar niet ontstoken",met lichtgewonden,3,Fiets,11,een weggebruiker tegen een hindernis,Op Kruispunt,Gemeenteweg,binnen bebouwde kom,Weggebruiker tegen hindernis op de rijbaan,"Op de rijbaan: Verkeersdrempel, ezelsrug"
50144,136,Gent R4,Gent,51.0876313,3.7587918,1.9647260923699736,51.07439985843579,3.7401514714914326,2024,10,7,44021,Gent,Normaal,Droog,Dageraad - schemering,met lichtgewonden,3,Fiets,11,een weggebruiker tegen een hindernis,Buiten Kruispunt,Gewestweg,buiten bebouwde kom,Weggebruiker tegen hindernis op de rijbaan,"Op de rijbaan: Werken (signal., aarde, toestel,…)"
50145,13,Gent,Gent,51.03018,3.70146,1.5155777559841421,51.01739005571563,3.7089494359720563,2024,10,18,44021,Gent,Normaal,Droog,Dag,met lichtgewonden,3,Fiets,9,personenauto,Op Kruispunt,Gewestweg,binnen bebouwde kom,Tss. 2 best.: langs opzij (voor-/achterkant-flank),Geen hindernis
50147,136,Gent R4,Gent,51.0876313,3.7587918,1.9928711009616848,51.06980235985107,3.7617001001955246,2024,10,19,44021,Gent,Normaal,Droog,Dag,met lichtgewonden,3,Fiets,9,personenauto,Buiten Kruispunt,Gemeenteweg,binnen bebouwde kom,Tss. 2 best.: langs opzij (voor-/achterkant-flank),Geen hindernis
50148,13,Gent,Gent,51.03018,3.70146,1.2970010049011997,51.03080950318629,3.719979776538619,2024,10,17,44021,Gent,Onbekend,Droog,Dageraad - schemering,met lichtgewonden,3,Fiets,9,personenauto,Op Kruispunt,Gewestweg,binnen bebouwde kom,Tss. 2 best.: langs opzij (voor-/achterkant-flank),Geen hindernis
50150,118,Gent teller 1,Gent,51.028049,3.7681359,2.289504769540987,51.03763752760035,3.7391617612940458,2024,10,18,44021,Gent,Normaal,Droog,Dag,met lichtgewonden,3,Fiets,3,Fiets,Buiten Kruispunt,Gemeenteweg,binnen bebouwde kom,Tss. 2 best.: langs opzij (voor-/achterkant-flank),Geen hindernis
50150,119,Gent teller 2,Gent,51.0281795,3.7683918,2.2986778778065067,51.03763752760035,3.7391617612940458,2024,10,18,44021,Gent,Normaal,Droog,Dag,met lichtgewonden,3,Fiets,3,Fiets,Buiten Kruispunt,Gemeenteweg,binnen bebouwde kom,Tss. 2 best.: langs opzij (voor-/achterkant-flank),Geen hindernis
50151,13,Gent,Gent,51.03018,3.70146,1.5779086539547487,51.03250204744954,3.7237199906973966,2024,10,3,44021,Gent,Onbekend,"Nat, plassen","Nacht, openbare verlichting aanwezig en ontstoken",met lichtgewonden,3,Fiets,9,personenauto,Op Kruispunt,Gemeenteweg,binnen bebouwde kom,Tss. 2 best.: langs opzij (voor-/achterkant-flank),Geen hindernis
50152,13,Gent,Gent,51.03018,3.70146,1.6280710826405518,51.02002050675005,3.684697473486871,2024,10,7,44021,Gent,Regenval,"Nat, plassen",Dageraad - schemering,met lichtgewonden,9,personenauto,3,Fiets,Buiten Kruispunt,Gewestweg,buiten bebouwde kom,Tss. 2 best.: langs opzij (voor-/achterkant-flank),Geen hindernis
50154,136,Gent R4,Gent,51.0876313,3.7587918,1.6317331765687775,51.07480700675104,3.747437506215994,2024,10,16,44021,Gent,Normaal,Droog,Dag,met zwaargewonden,3,Fiets,9,personenauto,Buiten Kruispunt,Gemeenteweg,binnen bebouwde kom,Tss. 2 best.: langs opzij (voor-/achterkant-flank),Geen hindernis
50155,13,Gent,Gent,51.03018,3.70146,1.8950253442229852,51.01755743619838,3.7196643491012154,2024,10,13,44021,Gent,Normaal,Droog,Dag,met lichtgewonden,3,Fiets,10,"één bestuurder, geen hindernis",Op Kruispunt,Gemeenteweg,binnen bebouwde kom,"Eén bestuurder, geen hindernis (incl. val)",Geen hindernis
50157,136,Gent R4,Gent,51.0876313,3.7587918,0.8263607963911611,51.085342317734785,3.770047691957391,2024,10,15,44021,Gent,Normaal,Droog,Dag,met lichtgewonden,3,Fiets,99,onbekend,Op Kruispunt,Gemeenteweg,binnen bebouwde kom,Tss. 2 best.: langs opzij (voor-/achterkant-flank),Geen hindernis
50158,13,Gent,Gent,51.03018,3.70146,1.814813901149295,51.04209578970512,3.719196112560373,2024,10,21,44021,Gent,Normaal,Droog,"Nacht, openbare verlichting aanwezig en ontstoken",met lichtgewonden,3,Fiets,8,Voetganger,Op Kruispunt,Gewestweg,binnen bebouwde kom,Met een voetganger,Geen hindernis
50160,13,Gent,Gent,51.03018,3.70146,2.090563454933833,51.0247609153874,3.7300839540764743,2024,10,16,44021,Gent,Normaal,"Vuil (zand, grint, bladeren,...)",Dag,met lichtgewonden,8,Voetganger,3,Fiets,Buiten Kruispunt,Gemeenteweg,buiten bebouwde kom,Met een voetganger,Geen hindernis
50161,13,Gent,Gent,51.03018,3.70146,1.9299497395037255,51.020229136812574,3.6788508809239437,2024,10,16,44021,Gent,Normaal,Droog,Dag,met lichtgewonden,3,Fiets,3,Fiets,Buiten Kruispunt,Gemeenteweg,buiten bebouwde kom,Tussen 2 bestuurders: Langs achteren,Geen hindernis
50166,13,Gent,Gent,51.03018,3.70146,2.4584831763241572,51.05167076447678,3.7097216975237055,2024,10,18,44021,Gent,Normaal,Droog,Dageraad - schemering,met lichtgewonden,3,Fiets,9,personenauto,Buiten Kruispunt,Gemeenteweg,binnen bebouwde kom,Tussen 2 bestuurders: Flank tegen flank,Geen hindernis
50168,13,Gent,Gent,51.03018,3.70146,1.692092192378289,51.02861054565382,3.7255269121896237,2024,10,20,44021,Gent,Regenval,"Nat, plassen","Nacht, openbare verlichting aanwezig en ontstoken",met lichtgewonden,3,Fiets,9,personenauto,Op Kruispunt,Gemeenteweg,binnen bebouwde kom,Tss. 2 best.: langs opzij (voor-/achterkant-flank),Geen hindernis
50172,118,Gent teller 1,Gent,51.028049,3.7681359,2.2857841814687565,51.03743017919721,3.739050485266685,2024,10,14,44021,Gent,Normaal,Droog,Dag,met lichtgewonden,3,Fiets,2,Andere weggebruiker,Op Kruispunt,Gemeenteweg,buiten bebouwde kom,Tussen 2 bestuurders: Frontale botsing,Geen hindernis
50172,119,Gent teller 2,Gent,51.0281795,3.7683918,2.2951786581354194,51.03743017919721,3.739050485266685,2024,10,14,44021,Gent,Normaal,Droog,Dag,met lichtgewonden,3,Fiets,2,Andere weggebruiker,Op Kruispunt,Gemeenteweg,buiten bebouwde kom,Tussen 2 bestuurders: Frontale botsing,Geen hindernis
50175,13,Gent,Gent,51.03018,3.70146,0.8293519839807526,51.02651215031132,3.711785951191391,2024,10,9,44021,Gent,Normaal,Droog,Dag,met lichtgewonden,3,Fiets,9,personenauto,Op Kruispunt,Gewestweg,binnen bebouwde kom,Tss. 2 best.: langs opzij (voor-/achterkant-flank),Geen hindernis
50177,136,Gent R4,Gent,51.0876313,3.7587918,2.120569418866375,51.06887159643958,3.764251732929511,2024,10,16,44021,Gent,Normaal,Droog,Dag,met lichtgewonden,9,personenauto,3,Fiets,Op Kruispunt,Gewestweg,binnen bebouwde kom,Tss. 2 best.: langs opzij (voor-/achterkant-flank),Geen hindernis
50178,13,Gent,Gent,51.03018,3.70146,2.169158704114084,51.031937694168505,3.732352662548474,2024,10,12,44021,Gent,Normaal,Onbekend,Dag,met lichtgewonden,9,personenauto,3,Fiets,Buiten Kruispunt,Gemeenteweg,binnen bebouwde kom,Tss. 2 best.: langs opzij (voor-/achterkant-flank),Geen hindernis
50205,118,Gent teller 1,Gent,51.028049,3.7681359,0.9043473427086599,51.01998013446953,3.7697564069737757,2024,10,8,44040,Melle,Normaal,Proper,Dag,met lichtgewonden,3,Fiets,8,Voetganger,Buiten Kruispunt,Gemeenteweg,binnen bebouwde kom,Met een voetganger,Geen hindernis
50205,119,Gent teller 2,Gent,51.0281795,3.7683918,0.916709778296877,51.01998013446953,3.7697564069737757,2024,10,8,44040,Melle,Normaal,Proper,Dag,met lichtgewonden,3,Fiets,8,Voetganger,Buiten Kruispunt,Gemeenteweg,binnen bebouwde kom,Met een voetganger,Geen hindernis
50207,118,Gent teller 1,Gent,51.028049,3.7681359,1.9420575965780023,51.013643235995964,3.7524375916014847,2024,10,9,44043,Merelbeke,Normaal,"Nat, plassen",Dag,met lichtgewonden,3,Fiets,9,personenauto,Buiten Kruispunt,Gewestweg,binnen bebouwde kom,Tss. 2 best.: langs opzij (voor-/achterkant-flank),Geen hindernis
50207,119,Gent teller 2,Gent,51.0281795,3.7683918,1.964156652574862,51.013643235995964,3.7524375916014847,2024,10,9,44043,Merelbeke,Normaal,"Nat, plassen",Dag,met lichtgewonden,3,Fiets,9,personenauto,Buiten Kruispunt,Gewestweg,binnen bebouwde kom,Tss. 2 best.: langs opzij (voor-/achterkant-flank),Geen hindernis