crash_row_id,site_id,site_name,site_gemeente,site_lat,site_long,distance_km,crash_lat,crash_long,DT_YEAR_COLLISION,DT_MONTH_COLLISION,DT_TIME,CD_NIS,TX_MUNTY_COLLISION_NL,TX_WEATHER_NL,TX_ROAD_CONDITION_NL,TX_LIGHT_CONDITION_NL,TX_CLASS_ACCIDENTS_NL,CD_ROAD_USR_TYPE1,TX_ROAD_USR_TYPE1_NL,CD_ROAD_USR_TYPE2,TX_ROAD_USR_TYPE2_NL,TX_CROSSWAY_NL,CD_ROAD_TYPE_NL,TX_BUILD_UP_AREA_NL,TX_COLLISION_TYPE_NL,TX_OBSTACLES_NL
50208,116,Melle teller 2,Melle,50.9986113,3.8040599,0.6075434403449484,51.00357367880875,3.8004267069780266,2024,9,17,44040,Melle,Normaal,Droog,Dag,met lichtgewonden,9,personenauto,3,Fiets,Op Kruispunt,Gewestweg,binnen bebouwde kom,Tss. 2 best.: langs opzij (voor-/achterkant-flank),Geen hindernis
50208,117,Melle teller 1,Melle,50.9986113,3.8040599,0.6075434403449484,51.00357367880875,3.8004267069780266,2024,9,17,44040,Melle,Normaal,Droog,Dag,met lichtgewonden,9,personenauto,3,Fiets,Op Kruispunt,Gewestweg,binnen bebouwde kom,Tss. 2 best.: langs opzij (voor-/achterkant-flank),Geen hindernis
50210,119,Gent teller 2,Gent,51.0281795,3.7683918,2.479621854132636,51.04285800138717,3.795087910779122,2024,9,12,44013,Destelbergen,Normaal,Droog,Dag,met lichtgewonden,2,Andere weggebruiker,3,Fiets,Buiten Kruispunt,Gewestweg,binnen bebouwde kom,Tss. 2 best.: langs opzij (voor-/achterkant-flank),Geen hindernis
50214,116,Melle teller 2,Melle,50.9986113,3.8040599,1.3752643802529216,51.00586901126242,3.7881456105613474,2024,9,3,44040,Melle,Normaal,Droog,"Nacht, openb. verlicht. aanw., maar niet ontstoken",met lichtgewonden,3,Fiets,11,een weggebruiker tegen een hindernis,Buiten Kruispunt,Gemeenteweg,binnen bebouwde kom,Weggebruiker tegen hindernis buiten rijbaan,Buiten de rijbaan: Dier
50214,117,Melle teller 1,Melle,50.9986113,3.8040599,1.3752643802529216,51.00586901126242,3.7881456105613474,2024,9,3,44040,Melle,Normaal,Droog,"Nacht, openb. verlicht. aanw., maar niet ontstoken",met lichtgewonden,3,Fiets,11,een weggebruiker tegen een hindernis,Buiten Kruispunt,Gemeenteweg,binnen bebouwde kom,Weggebruiker tegen hindernis buiten rijbaan,Buiten de rijbaan: Dier
50220,118,Gent teller 1,Gent,51.028049,3.7681359,0.7334659394584934,51.02152598130076,3.7696938986336996,2024,10,12,44040,Melle,Normaal,Droog,Dag,met lichtgewonden,3,Fiets,9,personenauto,Buiten Kruispunt,Gemeenteweg,binnen bebouwde kom,Tussen 2 bestuurders: Langs achteren,Geen hindernis
50220,119,Gent teller 2,Gent,51.0281795,3.7683918,0.7454213729640167,51.02152598130076,3.7696938986336996,2024,10,12,44040,Melle,Normaal,Droog,Dag,met lichtgewonden,3,Fiets,9,personenauto,Buiten Kruispunt,Gemeenteweg,binnen bebouwde kom,Tussen 2 bestuurders: Langs achteren,Geen hindernis
50232,7,Evergem 1,Evergem,51.1089,3.70317,2.287609796526909,51.12054151952545,3.7301903412716486,2024,10,13,44019,Evergem,Normaal,Droog,Dag,met zwaargewonden,3,Fiets,10,"één bestuurder, geen hindernis",Buiten Kruispunt,Gemeenteweg,binnen bebouwde kom,"Eén bestuurder, geen hindernis (incl. val)",Geen hindernis
50232,6,Evergem 2,Evergem,51.10894,3.70298,2.2960545757156225,51.12054151952545,3.7301903412716486,2024,10,13,44019,Evergem,Normaal,Droog,Dag,met zwaargewonden,3,Fiets,10,"één bestuurder, geen hindernis",Buiten Kruispunt,Gemeenteweg,binnen bebouwde kom,"Eén bestuurder, geen hindernis (incl. val)",Geen hindernis
50234,6,Evergem 2,Evergem,51.10894,3.70298,2.396056373361669,51.122639011166484,3.676483358576877,2024,10,6,44019,Evergem,Normaal,"Nat, plassen","Nacht, openbare verlichting aanwezig en ontstoken",met lichtgewonden,9,personenauto,3,Fiets,Op Kruispunt,Gewestweg,binnen bebouwde kom,Tss. 2 best.: langs opzij (voor-/achterkant-flank),Geen hindernis
50234,7,Evergem 1,Evergem,51.1089,3.70317,2.4091271874956552,51.122639011166484,3.676483358576877,2024,10,6,44019,Evergem,Normaal,"Nat, plassen","Nacht, openbare verlichting aanwezig en ontstoken",met lichtgewonden,9,personenauto,3,Fiets,Op Kruispunt,Gewestweg,binnen bebouwde kom,Tss. 2 best.: langs opzij (voor-/achterkant-flank),Geen hindernis
50238,7,Evergem 1,Evergem,51.1089,3.70317,1.194201418221081,51.100714135669,3.71424217798719,2024,9,4,44021,Gent,Onbekend,Onbekend,Onbekend,met lichtgewonden,3,Fiets,5,Lichte vrachtauto,Op Kruispunt,Gewestweg,onbekend,Tussen 2 bestuurders: Flank tegen flank,Geen hindernis
50238,6,Evergem 2,Evergem,51.10894,3.70298,1.2062003156549779,51.100714135669,3.71424217798719,2024,9,4,44021,Gent,Onbekend,Onbekend,Onbekend,met lichtgewonden,3,Fiets,5,Lichte vrachtauto,Op Kruispunt,Gewestweg,onbekend,Tussen 2 bestuurders: Flank tegen flank,Geen hindernis
50320,128,Lokeren teller 1,Lokeren,51.09644,3.97023,2.1484044222294236,51.10829910751674,3.994521471202584,2024,10,16,46014,Lokeren,Normaal,Droog,Dag,met lichtgewonden,9,personenauto,3,Fiets,Op Kruispunt,Gemeenteweg,binnen bebouwde kom,Tss. 2 best.: langs opzij (voor-/achterkant-flank),Geen hindernis
50320,129,Lokeren teller 2,Lokeren,51.09612,3.97025,2.1693398673235404,51.10829910751674,3.994521471202584,2024,10,16,46014,Lokeren,Normaal,Droog,Dag,met lichtgewonden,9,personenauto,3,Fiets,Op Kruispunt,Gemeenteweg,binnen bebouwde kom,Tss. 2 best.: langs opzij (voor-/achterkant-flank),Geen hindernis
50322,128,Lokeren teller 1,Lokeren,51.09644,3.97023,0.7441171917301621,51.10249991936921,3.9747510296463586,2024,9,8,46014,Lokeren,Normaal,Droog,Dag,met lichtgewonden,9,personenauto,3,Fiets,Op Kruispunt,Gemeenteweg,binnen bebouwde kom,Tussen 2 bestuurders: Frontale botsing,Geen hindernis
50322,129,Lokeren teller 2,Lokeren,51.09612,3.97025,0.7759191279329866,51.10249991936921,3.9747510296463586,2024,9,8,46014,Lokeren,Normaal,Droog,Dag,met lichtgewonden,9,personenauto,3,Fiets,Op Kruispunt,Gemeenteweg,binnen bebouwde kom,Tussen 2 bestuurders: Frontale botsing,Geen hindernis
50324,141,Test site A support,Lokeren,51.08342085,3.9961071208376326,0.5550558127444558,51.08291218209844,3.988202285010317,2024,9,8,46014,Lokeren,"Andere (dikke rook,...)",Droog,Dag,met lichtgewonden,9,personenauto,3,Fiets,Op Kruispunt,Gemeenteweg,buiten bebouwde kom,Tss. 2 best.: langs opzij (voor-/achterkant-flank),Geen hindernis
50324,129,Lokeren teller 2,Lokeren,51.09612,3.97025,1.9310592688649626,51.08291218209844,3.988202285010317,2024,9,8,46014,Lokeren,"Andere (dikke rook,...)",Droog,Dag,met lichtgewonden,9,personenauto,3,Fiets,Op Kruispunt,Gemeenteweg,buiten bebouwde kom,Tss. 2 best.: langs opzij (voor-/achterkant-flank),Geen hindernis
50324,128,Lokeren teller 1,Lokeren,51.09644,3.97023,1.9591491567046946,51.08291218209844,3.988202285010317,2024,9,8,46014,Lokeren,"Andere (dikke rook,...)",Droog,Dag,met lichtgewonden,9,personenauto,3,Fiets,Op Kruispunt,Gemeenteweg,buiten bebouwde kom,Tss. 2 best.: langs opzij (voor-/achterkant-flank),Geen hindernis
50325,128,Lokeren teller 1,Lokeren,51.09644,3.97023,1.2813887186760702,51.09935830998063,3.9524779086586093,2024,10,2,46014,Lokeren,Normaal,Droog,"Nacht, openbare verlichting aanwezig en ontstoken",met zwaargewonden,3,Fiets,10,"één bestuurder, geen hindernis",Buiten Kruispunt,Gemeenteweg,binnen bebouwde kom,"Eén bestuurder, geen hindernis (incl. val)",Geen hindernis
50325,129,Lokeren teller 2,Lokeren,51.09612,3.97025,1.2922040451594505,51.09935830998063,3.9524779086586093,2024,10,2,46014,Lokeren,Normaal,Droog,"Nacht, openbare verlichting aanwezig en ontstoken",met zwaargewonden,3,Fiets,10,"één bestuurder, geen hindernis",Buiten Kruispunt,Gemeenteweg,binnen bebouwde kom,"Eén bestuurder, geen hindernis (incl. val)",Geen hindernis
50326,141,Test site A support,Lokeren,51.08342085,3.9961071208376326,2.254949659316548,51.1034741694211,4.000913514405091,2024,9,11,46014,Lokeren,Normaal,Droog,Dag,met lichtgewonden,3,Fiets,3,Fiets,Buiten Kruispunt,Gewestweg,binnen bebouwde kom,Tussen 2 bestuurders: Flank tegen flank,Geen hindernis
50326,128,Lokeren teller 1,Lokeren,51.09644,3.97023,2.2808256611822717,51.1034741694211,4.000913514405091,2024,9,11,46014,Lokeren,Normaal,Droog,Dag,met lichtgewonden,3,Fiets,3,Fiets,Buiten Kruispunt,Gewestweg,binnen bebouwde kom,Tussen 2 bestuurders: Flank tegen flank,Geen hindernis
50326,129,Lokeren teller 2,Lokeren,51.09612,3.97025,2.291973781318694,51.1034741694211,4.000913514405091,2024,9,11,46014,Lokeren,Normaal,Droog,Dag,met lichtgewonden,3,Fiets,3,Fiets,Buiten Kruispunt,Gewestweg,binnen bebouwde kom,Tussen 2 bestuurders: Flank tegen flank,Geen hindernis
50327,141,Test site A support,Lokeren,51.08342085,3.9961071208376326,0.6869567941576853,51.08113210960115,4.005241668605855,2024,9,6,46014,Lokeren,Normaal,"Nat, plassen","Nacht, geen openbare verlichting aanwezig",met zwaargewonden,3,Fiets,5,Lichte vrachtauto,Buiten Kruispunt,Gemeenteweg,buiten bebouwde kom,Tussen 2 bestuurders: Flank tegen flank,Geen hindernis
50329,128,Lokeren teller 1,Lokeren,51.09644,3.97023,1.7757506656513466,51.103709543736734,3.992873390423422,2024,9,13,46014,Lokeren,Normaal,Droog,Dag,met lichtgewonden,3,Fiets,8,Voetganger,Buiten Kruispunt,Gewestweg,binnen bebouwde kom,Met een voetganger,Geen hindernis
50329,129,Lokeren teller 2,Lokeren,51.09612,3.97025,1.7910010385068067,51.103709543736734,3.992873390423422,2024,9,13,46014,Lokeren,Normaal,Droog,Dag,met lichtgewonden,3,Fiets,8,Voetganger,Buiten Kruispunt,Gewestweg,binnen bebouwde kom,Met een voetganger,Geen hindernis
50329,141,Test site A support,Lokeren,51.08342085,3.9961071208376326,2.2672747368716197,51.103709543736734,3.992873390423422,2024,9,13,46014,Lokeren,Normaal,Droog,Dag,met lichtgewonden,3,Fiets,8,Voetganger,Buiten Kruispunt,Gewestweg,binnen bebouwde kom,Met een voetganger,Geen hindernis
50332,141,Test site A support,Lokeren,51.08342085,3.9961071208376326,1.6565281611593603,51.095573369820166,4.0098261074030175,2024,10,9,46014,Lokeren,Normaal,"Nat, plassen",Dag,met lichtgewonden,3,Fiets,9,personenauto,Buiten Kruispunt,Gewestweg,binnen bebouwde kom,Tss. 2 best.: langs opzij (voor-/achterkant-flank),Geen hindernis
50333,128,Lokeren teller 1,Lokeren,51.09644,3.97023,0.3391671226462834,51.09893453935001,3.973025058816635,2024,10,11,46014,Lokeren,Normaal,Droog,Dag,met lichtgewonden,9,personenauto,3,Fiets,Op Kruispunt,Gewestweg,buiten bebouwde kom,Tss. 2 best.: langs opzij (voor-/achterkant-flank),Geen hindernis
50333,129,Lokeren teller 2,Lokeren,51.09612,3.97025,0.36809940232088456,51.09893453935001,3.973025058816635,2024,10,11,46014,Lokeren,Normaal,Droog,Dag,met lichtgewonden,9,personenauto,3,Fiets,Op Kruispunt,Gewestweg,buiten bebouwde kom,Tss. 2 best.: langs opzij (voor-/achterkant-flank),Geen hindernis
50333,141,Test site A support,Lokeren,51.08342085,3.9961071208376326,2.361028740983219,51.09893453935001,3.973025058816635,2024,10,11,46014,Lokeren,Normaal,Droog,Dag,met lichtgewonden,9,personenauto,3,Fiets,Op Kruispunt,Gewestweg,buiten bebouwde kom,Tss. 2 best.: langs opzij (voor-/achterkant-flank),Geen hindernis
50335,128,Lokeren teller 1,Lokeren,51.09644,3.97023,1.6461043891545548,51.10461685693762,3.9898820358304348,2024,9,22,46014,Lokeren,Normaal,Droog,"Nacht, openbare verlichting aanwezig en ontstoken",met lichtgewonden,3,Fiets,9,personenauto,Op Kruispunt,Gemeenteweg,binnen bebouwde kom,Tss. 2 best.: langs opzij (voor-/achterkant-flank),Geen hindernis
50335,129,Lokeren teller 2,Lokeren,51.09612,3.97025,1.6648762340248455,51.10461685693762,3.9898820358304348,2024,9,22,46014,Lokeren,Normaal,Droog,"Nacht, openbare verlichting aanwezig en ontstoken",met lichtgewonden,3,Fiets,9,personenauto,Op Kruispunt,Gemeenteweg,binnen bebouwde kom,Tss. 2 best.: langs opzij (voor-/achterkant-flank),Geen hindernis
50335,141,Test site A support,Lokeren,51.08342085,3.9961071208376326,2.3966464208776523,51.10461685693762,3.9898820358304348,2024,9,22,46014,Lokeren,Normaal,Droog,"Nacht, openbare verlichting aanwezig en ontstoken",met lichtgewonden,3,Fiets,9,personenauto,Op Kruispunt,Gemeenteweg,binnen bebouwde kom,Tss. 2 best.: langs opzij (voor-/achterkant-flank),Geen hindernis
50337,129,Lokeren teller 2,Lokeren,51.09612,3.97025,1.3552690625151351,51.09586092577785,3.989653079424338,2024,10,4,46014,Lokeren,Normaal,Droog,"Nacht, openbare verlichting aanwezig en ontstoken",met lichtgewonden,3,Fiets,10,"één bestuurder, geen hindernis",Buiten Kruispunt,Gemeenteweg,binnen bebouwde kom,"Eén bestuurder, geen hindernis (incl. val)",Geen hindernis
50337,128,Lokeren teller 1,Lokeren,51.09644,3.97023,1.357882344599862,51.09586092577785,3.989653079424338,2024,10,4,46014,Lokeren,Normaal,Droog,"Nacht, openbare verlichting aanwezig en ontstoken",met lichtgewonden,3,Fiets,10,"één bestuurder, geen hindernis",Buiten Kruispunt,Gemeenteweg,binnen bebouwde kom,"Eén bestuurder, geen hindernis (incl. val)",Geen hindernis
50337,141,Test site A support,Lokeren,51.08342085,3.9961071208376326,1.454865009671927,51.09586092577785,3.989653079424338,2024,10,4,46014,Lokeren,Normaal,Droog,"Nacht, openbare verlichting aanwezig en ontstoken",met lichtgewonden,3,Fiets,10,"één bestuurder, geen hindernis",Buiten Kruispunt,Gemeenteweg,binnen bebouwde kom,"Eén bestuurder, geen hindernis (incl. val)",Geen hindernis
50338,126,Hamme totem,Hamme,51.1017709,4.1469307,1.3205309723920482,51.09351982989207,4.133329689552385,2024,9,20,42008,Hamme,Normaal,Droog,Dag,met lichtgewonden,9,personenauto,3,Fiets,Buiten Kruispunt,Gemeenteweg,binnen bebouwde kom,Tss. 2 best.: langs opzij (voor-/achterkant-flank),Geen hindernis
50341,126,Hamme totem,Hamme,51.1017709,4.1469307,0.05251729009160452,51.10130329229942,4.146824948885599,2024,10,18,42008,Hamme,Normaal,"Nat, plassen","Nacht, openbare verlichting aanwezig en ontstoken",met lichtgewonden,3,Fiets,9,personenauto,Op Kruispunt,Gewestweg,binnen bebouwde kom,Tss. 2 best.: langs opzij (voor-/achterkant-flank),Geen hindernis
50342,126,Hamme totem,Hamme,51.1017709,4.1469307,2.178860901728366,51.09168615381289,4.1201784492769855,2024,10,11,42008,Hamme,Normaal,Droog,Dag,met lichtgewonden,9,personenauto,3,Fiets,Op Kruispunt,Gemeenteweg,binnen bebouwde kom,Tussen 2 bestuurders: Flank tegen flank,Geen hindernis
50343,126,Hamme totem,Hamme,51.1017709,4.1469307,1.8371012824073787,51.08636379996307,4.137433177381574,2024,9,11,42008,Hamme,Regenval,"Nat, plassen",Dag,met lichtgewonden,3,Fiets,5,Lichte vrachtauto,Op Kruispunt,Gewestweg,binnen bebouwde kom,Tss. 2 best.: langs opzij (voor-/achterkant-flank),Geen hindernis
50344,126,Hamme totem,Hamme,51.1017709,4.1469307,1.540028723884476,51.08974081112976,4.136003475031839,2024,9,16,42008,Hamme,Normaal,Droog,Dag,met lichtgewonden,9,personenauto,3,Fiets,Buiten Kruispunt,Gewestweg,binnen bebouwde kom,Tss. 2 best.: langs opzij (voor-/achterkant-flank),Geen hindernis
50348,120,Zele teller 1,Zele,51.0607671,4.0547741,1.297150463487752,51.06839978004999,4.0407362837492,2024,9,8,42028,Zele,Regenval,"Nat, plassen",Dag,met lichtgewonden,3,Fiets,10,"één bestuurder, geen hindernis",Buiten Kruispunt,Gemeenteweg,binnen bebouwde kom,"Eén bestuurder, geen hindernis (incl. val)",Geen hindernis
50348,121,Zele teller 2,Zele,51.0604067,4.0556696,1.370738974632745,51.06839978004999,4.0407362837492,2024,9,8,42028,Zele,Regenval,"Nat, plassen",Dag,met lichtgewonden,3,Fiets,10,"één bestuurder, geen hindernis",Buiten Kruispunt,Gemeenteweg,binnen bebouwde kom,"Eén bestuurder, geen hindernis (incl. val)",Geen hindernis
50349,120,Zele teller 1,Zele,51.0607671,4.0547741,0.9610571848762272,51.06834828016806,4.048169616415205,2024,9,8,42028,Zele,Normaal,Droog,Dag,met zwaargewonden,3,Fiets,9,personenauto,Buiten Kruispunt,Gemeenteweg,binnen bebouwde kom,Tss. 2 best.: langs opzij (voor-/achterkant-flank),Geen hindernis
50349,121,Zele teller 2,Zele,51.0604067,4.0556696,1.026879429981428,51.06834828016806,4.048169616415205,2024,9,8,42028,Zele,Normaal,Droog,Dag,met zwaargewonden,3,Fiets,9,personenauto,Buiten Kruispunt,Gemeenteweg,binnen bebouwde kom,Tss. 2 best.: langs opzij (voor-/achterkant-flank),Geen hindernis
50350,120,Zele teller 1,Zele,51.0607671,4.0547741,0.0993503329867308,51.061650691978635,4.054563194888066,2024,9,17,42028,Zele,Normaal,Droog,Dag,dodelijk gewonden,9,personenauto,3,Fiets,Buiten Kruispunt,Gewestweg,buiten bebouwde kom,Tss. 2 best.: langs opzij (voor-/achterkant-flank),Geen hindernis
50350,121,Zele teller 2,Zele,51.0604067,4.0556696,0.15846940473326088,51.061650691978635,4.054563194888066,2024,9,17,42028,Zele,Normaal,Droog,Dag,dodelijk gewonden,9,personenauto,3,Fiets,Buiten Kruispunt,Gewestweg,buiten bebouwde kom,Tss. 2 best.: langs opzij (voor-/achterkant-flank),Geen hindernis
50352,120,Zele teller 1,Zele,51.0607671,4.0547741,1.9511905043724986,51.06482092271437,4.027608369746143,2024,10,17,42028,Zele,Normaal,Droog,Dag,met lichtgewonden,9,personenauto,3,Fiets,Buiten Kruispunt,Gewestweg,binnen bebouwde kom,Tussen 2 bestuurders: Langs achteren,Geen hindernis
50352,121,Zele teller 2,Zele,51.0604067,4.0556696,2.021491758735639,51.06482092271437,4.027608369746143,2024,10,17,42028,Zele,Normaal,Droog,Dag,met lichtgewonden,9,personenauto,3,Fiets,Buiten Kruispunt,Gewestweg,binnen bebouwde kom,Tussen 2 bestuurders: Langs achteren,Geen hindernis
50354,120,Zele teller 1,Zele,51.0607671,4.0547741,1.163780421789924,51.067053438132255,4.041459020829429,2024,9,15,42028,Zele,Normaal,Onbekend,Dag,met zwaargewonden,3,Fiets,3,Fiets,Op Kruispunt,Gemeenteweg,binnen bebouwde kom,Tussen 2 bestuurders: Flank tegen flank,Geen hindernis
50354,121,Zele teller 2,Zele,51.0604067,4.0556696,1.2378989530779025,51.067053438132255,4.041459020829429,2024,9,15,42028,Zele,Normaal,Onbekend,Dag,met zwaargewonden,3,Fiets,3,Fiets,Op Kruispunt,Gemeenteweg,binnen bebouwde kom,Tussen 2 bestuurders: Flank tegen flank,Geen hindernis
50384,10,Aalst 2,Aalst,50.93549,4.01571,1.615325051810923,50.94095006308536,4.037072604465169,2024,10,16,41002,Aalst,Normaal,Droog,Dag,met lichtgewonden,3,Fiets,3,Fiets,Buiten Kruispunt,Gemeenteweg,binnen bebouwde kom,Tussen 2 bestuurders: Flank tegen flank,Geen hindernis
50384,11,Aalst 3,Aalst,50.93385,4.01647,1.6454310398625462,50.94095006308536,4.037072604465169,2024,10,16,41002,Aalst,Normaal,Droog,Dag,met lichtgewonden,3,Fiets,3,Fiets,Buiten Kruispunt,Gemeenteweg,binnen bebouwde kom,Tussen 2 bestuurders: Flank tegen flank,Geen hindernis
50384,19,Aalst 1,Aalst,50.93433,4.01471,1.731265787507086,50.94095006308536,4.037072604465169,2024,10,16,41002,Aalst,Normaal,Droog,Dag,met lichtgewonden,3,Fiets,3,Fiets,Buiten Kruispunt,Gemeenteweg,binnen bebouwde kom,Tussen 2 bestuurders: Flank tegen flank,Geen hindernis
50387,10,Aalst 2,Aalst,50.93549,4.01571,0.47264086394850224,50.939736424030784,4.015412463757547,2024,10,8,41002,Aalst,Normaal,Droog,Dag,met lichtgewonden,9,personenauto,3,Fiets,Op Kruispunt,Gewestweg,binnen bebouwde kom,Tss. 2 best.: langs opzij (voor-/achterkant-flank),Geen hindernis
50387,19,Aalst 1,Aalst,50.93433,4.01471,0.6031787369480341,50.939736424030784,4.015412463757547,2024,10,8,41002,Aalst,Normaal,Droog,Dag,met lichtgewonden,9,personenauto,3,Fiets,Op Kruispunt,Gewestweg,binnen bebouwde kom,Tss. 2 best.: langs opzij (voor-/achterkant-flank),Geen hindernis
50387,11,Aalst 3,Aalst,50.93385,4.01647,0.6587220111163884,50.939736424030784,4.015412463757547,2024,10,8,41002,Aalst,Normaal,Droog,Dag,met lichtgewonden,9,personenauto,3,Fiets,Op Kruispunt,Gewestweg,binnen bebouwde kom,Tss. 2 best.: langs opzij (voor-/achterkant-flank),Geen hindernis
50388,10,Aalst 2,Aalst,50.93549,4.01571,2.0817644959573096,50.94600211883094,4.040295519355042,2024,10,12,41002,Aalst,Normaal,"Vuil (zand, grint, bladeren,...)",Dag,met lichtgewonden,3,Fiets,10,"één bestuurder, geen hindernis",Buiten Kruispunt,Gemeenteweg,binnen bebouwde kom,"Eén bestuurder, geen hindernis (incl. val)",Geen hindernis
50388,11,Aalst 3,Aalst,50.93385,4.01647,2.147740530711027,50.94600211883094,4.040295519355042,2024,10,12,41002,Aalst,Normaal,"Vuil (zand, grint, bladeren,...)",Dag,met lichtgewonden,3,Fiets,10,"één bestuurder, geen hindernis",Buiten Kruispunt,Gemeenteweg,binnen bebouwde kom,"Eén bestuurder, geen hindernis (incl. val)",Geen hindernis
50388,19,Aalst 1,Aalst,50.93433,4.01471,2.2132123984001164,50.94600211883094,4.040295519355042,2024,10,12,41002,Aalst,Normaal,"Vuil (zand, grint, bladeren,...)",Dag,met lichtgewonden,3,Fiets,10,"één bestuurder, geen hindernis",Buiten Kruispunt,Gemeenteweg,binnen bebouwde kom,"Eén bestuurder, geen hindernis (incl. val)",Geen hindernis
50391,10,Aalst 2,Aalst,50.93549,4.01571,1.5638932650454458,50.94086707448224,4.036333335094821,2024,9,11,41002,Aalst,Normaal,Droog+Proper,Dag,met lichtgewonden,8,Voetganger,3,Fiets,Buiten Kruispunt,Gemeenteweg,binnen bebouwde kom,Met een voetganger,Geen vermelding van de aanwezigheid van een hindernis
50391,11,Aalst 3,Aalst,50.93385,4.01647,1.5956429848713116,50.94086707448224,4.036333335094821,2024,9,11,41002,Aalst,Normaal,Droog+Proper,Dag,met lichtgewonden,8,Voetganger,3,Fiets,Buiten Kruispunt,Gemeenteweg,binnen bebouwde kom,Met een voetganger,Geen vermelding van de aanwezigheid van een hindernis
50391,19,Aalst 1,Aalst,50.93433,4.01471,1.6805132483225287,50.94086707448224,4.036333335094821,2024,9,11,41002,Aalst,Normaal,Droog+Proper,Dag,met lichtgewonden,8,Voetganger,3,Fiets,Buiten Kruispunt,Gemeenteweg,binnen bebouwde kom,Met een voetganger,Geen vermelding van de aanwezigheid van een hindernis
50392,10,Aalst 2,Aalst,50.93549,4.01571,1.446084404470964,50.94043124668043,4.034799809370329,2024,9,16,41002,Aalst,Normaal,Droog,Dag,met lichtgewonden,8,Voetganger,3,Fiets,Buiten Kruispunt,Gemeenteweg,binnen bebouwde kom,Met een voetganger,Geen hindernis
50392,11,Aalst 3,Aalst,50.93385,4.01647,1.4782532834570359,50.94043124668043,4.034799809370329,2024,9,16,41002,Aalst,Normaal,Droog,Dag,met lichtgewonden,8,Voetganger,3,Fiets,Buiten Kruispunt,Gemeenteweg,binnen bebouwde kom,Met een voetganger,Geen hindernis
50392,19,Aalst 1,Aalst,50.93433,4.01471,1.5626759382120443,50.94043124668043,4.034799809370329,2024,9,16,41002,Aalst,Normaal,Droog,Dag,met lichtgewonden,8,Voetganger,3,Fiets,Buiten Kruispunt,Gemeenteweg,binnen bebouwde kom,Met een voetganger,Geen hindernis
50393,19,Aalst 1,Aalst,50.93433,4.01471,1.9489178612084903,50.91802080438622,4.004525847374359,2024,9,16,41002,Aalst,Normaal,Droog,Dag,met lichtgewonden,9,personenauto,3,Fiets,Op Kruispunt,Gemeenteweg,binnen bebouwde kom,Tss. 2 best.: langs opzij (voor-/achterkant-flank),Geen hindernis
50393,11,Aalst 3,Aalst,50.93385,4.01647,1.9490685858467685,50.91802080438622,4.004525847374359,2024,9,16,41002,Aalst,Normaal,Droog,Dag,met lichtgewonden,9,personenauto,3,Fiets,Op Kruispunt,Gemeenteweg,binnen bebouwde kom,Tss. 2 best.: langs opzij (voor-/achterkant-flank),Geen hindernis
50393,10,Aalst 2,Aalst,50.93549,4.01571,2.094684984644771,50.91802080438622,4.004525847374359,2024,9,16,41002,Aalst,Normaal,Droog,Dag,met lichtgewonden,9,personenauto,3,Fiets,Op Kruispunt,Gemeenteweg,binnen bebouwde kom,Tss. 2 best.: langs opzij (voor-/achterkant-flank),Geen hindernis
50396,10,Aalst 2,Aalst,50.93549,4.01571,1.3336046453453123,50.93953796353652,4.033625266040701,2024,10,17,41002,Aalst,Normaal,Droog,Dag,met lichtgewonden,3,Fiets,8,Voetganger,Buiten Kruispunt,Gemeenteweg,binnen bebouwde kom,Met een voetganger,Geen hindernis
50396,11,Aalst 3,Aalst,50.93385,4.01647,1.3583456602023876,50.93953796353652,4.033625266040701,2024,10,17,41002,Aalst,Normaal,Droog,Dag,met lichtgewonden,3,Fiets,8,Voetganger,Buiten Kruispunt,Gemeenteweg,binnen bebouwde kom,Met een voetganger,Geen hindernis
50396,19,Aalst 1,Aalst,50.93433,4.01471,1.4464222691021211,50.93953796353652,4.033625266040701,2024,10,17,41002,Aalst,Normaal,Droog,Dag,met lichtgewonden,3,Fiets,8,Voetganger,Buiten Kruispunt,Gemeenteweg,binnen bebouwde kom,Met een voetganger,Geen hindernis
50397,19,Aalst 1,Aalst,50.93433,4.01471,1.2244483428164261,50.92432232696378,4.007421191742893,2024,10,19,41002,Aalst,Normaal,Droog,"Nacht, openbare verlichting aanwezig en ontstoken",met lichtgewonden,1,Autobus,3,Fiets,Op Kruispunt,Gemeenteweg,binnen bebouwde kom,Tss. 2 best.: langs opzij (voor-/achterkant-flank),Geen hindernis
50397,11,Aalst 3,Aalst,50.93385,4.01647,1.2347352768311959,50.92432232696378,4.007421191742893,2024,10,19,41002,Aalst,Normaal,Droog,"Nacht, openbare verlichting aanwezig en ontstoken",met lichtgewonden,1,Autobus,3,Fiets,Op Kruispunt,Gemeenteweg,binnen bebouwde kom,Tss. 2 best.: langs opzij (voor-/achterkant-flank),Geen hindernis