crash_row_id,site_id,site_name,site_gemeente,site_lat,site_long,distance_km,crash_lat,crash_long,DT_YEAR_COLLISION,DT_MONTH_COLLISION,DT_TIME,CD_NIS,TX_MUNTY_COLLISION_NL,TX_WEATHER_NL,TX_ROAD_CONDITION_NL,TX_LIGHT_CONDITION_NL,TX_CLASS_ACCIDENTS_NL,CD_ROAD_USR_TYPE1,TX_ROAD_USR_TYPE1_NL,CD_ROAD_USR_TYPE2,TX_ROAD_USR_TYPE2_NL,TX_CROSSWAY_NL,CD_ROAD_TYPE_NL,TX_BUILD_UP_AREA_NL,TX_COLLISION_TYPE_NL,TX_OBSTACLES_NL
50397,10,Aalst 2,Aalst,50.93549,4.01571,1.3709442026257945,50.92432232696378,4.007421191742893,2024,10,19,41002,Aalst,Normaal,Droog,"Nacht, openbare verlichting aanwezig en ontstoken",met lichtgewonden,1,Autobus,3,Fiets,Op Kruispunt,Gemeenteweg,binnen bebouwde kom,Tss. 2 best.: langs opzij (voor-/achterkant-flank),Geen hindernis
50401,11,Aalst 3,Aalst,50.93385,4.01647,1.498781194583405,50.934974136968556,4.037783393060376,2024,9,16,41002,Aalst,Normaal,Droog,Dag,met lichtgewonden,3,Fiets,10,"één bestuurder, geen hindernis",Buiten Kruispunt,Gemeenteweg,binnen bebouwde kom,"Eén bestuurder, geen hindernis (incl. val)",Geen hindernis
50401,10,Aalst 2,Aalst,50.93549,4.01571,1.5478534711381489,50.934974136968556,4.037783393060376,2024,9,16,41002,Aalst,Normaal,Droog,Dag,met lichtgewonden,3,Fiets,10,"één bestuurder, geen hindernis",Buiten Kruispunt,Gemeenteweg,binnen bebouwde kom,"Eén bestuurder, geen hindernis (incl. val)",Geen hindernis
50401,19,Aalst 1,Aalst,50.93433,4.01471,1.6184709166843776,50.934974136968556,4.037783393060376,2024,9,16,41002,Aalst,Normaal,Droog,Dag,met lichtgewonden,3,Fiets,10,"één bestuurder, geen hindernis",Buiten Kruispunt,Gemeenteweg,binnen bebouwde kom,"Eén bestuurder, geen hindernis (incl. val)",Geen hindernis
50402,152,Opwijk,District Vilvoorde-gewestwegen,50.968901168564656,4.149169474840164,2.2244660947985104,50.960733394895506,4.120173241999936,2024,9,17,41002,Aalst,Normaal,Onbekend,Dag,met lichtgewonden,3,Fiets,3,Fiets,Buiten Kruispunt,Gemeenteweg,buiten bebouwde kom,Tss. 2 best.: langs opzij (voor-/achterkant-flank),Geen hindernis
50404,10,Aalst 2,Aalst,50.93549,4.01571,2.332423222031596,50.94278424358297,4.046920052045391,2024,10,20,41002,Aalst,Normaal,Droog,"Nacht, openbare verlichting aanwezig en ontstoken",met lichtgewonden,6,Bromfiets,3,Fiets,Buiten Kruispunt,Gemeenteweg,binnen bebouwde kom,Tussen 2 bestuurders: Flank tegen flank,Geen hindernis
50404,11,Aalst 3,Aalst,50.93385,4.01647,2.3535837039259957,50.94278424358297,4.046920052045391,2024,10,20,41002,Aalst,Normaal,Droog,"Nacht, openbare verlichting aanwezig en ontstoken",met lichtgewonden,6,Bromfiets,3,Fiets,Buiten Kruispunt,Gemeenteweg,binnen bebouwde kom,Tussen 2 bestuurders: Flank tegen flank,Geen hindernis
50404,19,Aalst 1,Aalst,50.93433,4.01471,2.4449071093666923,50.94278424358297,4.046920052045391,2024,10,20,41002,Aalst,Normaal,Droog,"Nacht, openbare verlichting aanwezig en ontstoken",met lichtgewonden,6,Bromfiets,3,Fiets,Buiten Kruispunt,Gemeenteweg,binnen bebouwde kom,Tussen 2 bestuurders: Flank tegen flank,Geen hindernis
50416,20,Brugge,Brugge,51.17416,3.20048,1.6213894505615032,51.186927962858014,3.189245287454187,2024,9,17,31005,Brugge,Normaal,Droog,Dag,met lichtgewonden,9,personenauto,3,Fiets,Op Kruispunt,Gewestweg,binnen bebouwde kom,Tss. 2 best.: langs opzij (voor-/achterkant-flank),Geen hindernis
50416,51,"Brugge, Sint-Andries",Brugge,51.19281,3.16252,1.9740022137783375,51.186927962858014,3.189245287454187,2024,9,17,31005,Brugge,Normaal,Droog,Dag,met lichtgewonden,9,personenauto,3,Fiets,Op Kruispunt,Gewestweg,binnen bebouwde kom,Tss. 2 best.: langs opzij (voor-/achterkant-flank),Geen hindernis
50416,50,"Brugge, Sint-Andries",Brugge,51.19291,3.16252,1.9777123965029106,51.186927962858014,3.189245287454187,2024,9,17,31005,Brugge,Normaal,Droog,Dag,met lichtgewonden,9,personenauto,3,Fiets,Op Kruispunt,Gewestweg,binnen bebouwde kom,Tss. 2 best.: langs opzij (voor-/achterkant-flank),Geen hindernis
50417,125,Dendermonde totem,Dendermonde,51.0372706,4.1025998,1.9896241882380028,51.02051313679042,4.112573990253873,2024,9,18,42006,Dendermonde,Normaal,Droog,Dageraad - schemering,met lichtgewonden,3,Fiets,9,personenauto,Op Kruispunt,Gemeenteweg,binnen bebouwde kom,Tss. 2 best.: langs opzij (voor-/achterkant-flank),Geen hindernis
50417,122,Dendermonde teller 2,Dendermonde,51.0373918,4.1019222,2.019247872564371,51.02051313679042,4.112573990253873,2024,9,18,42006,Dendermonde,Normaal,Droog,Dageraad - schemering,met lichtgewonden,3,Fiets,9,personenauto,Op Kruispunt,Gemeenteweg,binnen bebouwde kom,Tss. 2 best.: langs opzij (voor-/achterkant-flank),Geen hindernis
50418,125,Dendermonde totem,Dendermonde,51.0372706,4.1025998,0.7657322304001091,51.03040807357981,4.103510753710843,2024,9,11,42006,Dendermonde,Normaal,Droog,Dag,met zwaargewonden,9,personenauto,3,Fiets,Buiten Kruispunt,Gemeenteweg,binnen bebouwde kom,Tss. 2 best.: langs opzij (voor-/achterkant-flank),Geen hindernis
50418,122,Dendermonde teller 2,Dendermonde,51.0373918,4.1019222,0.7844594656555381,51.03040807357981,4.103510753710843,2024,9,11,42006,Dendermonde,Normaal,Droog,Dag,met zwaargewonden,9,personenauto,3,Fiets,Buiten Kruispunt,Gemeenteweg,binnen bebouwde kom,Tss. 2 best.: langs opzij (voor-/achterkant-flank),Geen hindernis
50421,122,Dendermonde teller 2,Dendermonde,51.0373918,4.1019222,0.998363904645987,51.03006196222796,4.093676735801955,2024,10,8,42006,Dendermonde,Normaal,Droog,Dag,met lichtgewonden,3,Fiets,99,onbekend,Op Kruispunt,Gemeenteweg,binnen bebouwde kom,Tussen 2 bestuurders: Flank tegen flank,Geen hindernis
50421,125,Dendermonde totem,Dendermonde,51.0372706,4.1025998,1.0157896232989059,51.03006196222796,4.093676735801955,2024,10,8,42006,Dendermonde,Normaal,Droog,Dag,met lichtgewonden,3,Fiets,99,onbekend,Op Kruispunt,Gemeenteweg,binnen bebouwde kom,Tussen 2 bestuurders: Flank tegen flank,Geen hindernis
50422,125,Dendermonde totem,Dendermonde,51.0372706,4.1025998,2.0997051200525583,51.032301536646365,4.131569534531355,2024,8,23,42006,Dendermonde,Onbekend,Droog,"Nacht, openbare verlichting aanwezig en ontstoken",met zwaargewonden,3,Fiets,11,een weggebruiker tegen een hindernis,Buiten Kruispunt,Gemeenteweg,binnen bebouwde kom,Weggebruiker tegen hindernis op de rijbaan,"Op de rijbaan: Werken (signal., aarde, toestel,…)"
50422,122,Dendermonde teller 2,Dendermonde,51.0373918,4.1019222,2.148960063662275,51.032301536646365,4.131569534531355,2024,8,23,42006,Dendermonde,Onbekend,Droog,"Nacht, openbare verlichting aanwezig en ontstoken",met zwaargewonden,3,Fiets,11,een weggebruiker tegen een hindernis,Buiten Kruispunt,Gemeenteweg,binnen bebouwde kom,Weggebruiker tegen hindernis op de rijbaan,"Op de rijbaan: Werken (signal., aarde, toestel,…)"
50423,125,Dendermonde totem,Dendermonde,51.0372706,4.1025998,0.8047717110116567,51.03003846876685,4.103042426240915,2024,9,17,42006,Dendermonde,Normaal,"Nat, plassen",Dag,met lichtgewonden,9,personenauto,3,Fiets,Buiten Kruispunt,Gemeenteweg,binnen bebouwde kom,Tussen 2 bestuurders: Flank tegen flank,Geen hindernis
50423,122,Dendermonde teller 2,Dendermonde,51.0373918,4.1019222,0.8213968292329695,51.03003846876685,4.103042426240915,2024,9,17,42006,Dendermonde,Normaal,"Nat, plassen",Dag,met lichtgewonden,9,personenauto,3,Fiets,Buiten Kruispunt,Gemeenteweg,binnen bebouwde kom,Tussen 2 bestuurders: Flank tegen flank,Geen hindernis
50424,125,Dendermonde totem,Dendermonde,51.0372706,4.1025998,1.711944144476514,51.02214630533207,4.107177591169088,2024,9,17,42006,Dendermonde,Normaal,Droog,Dag,met lichtgewonden,9,personenauto,3,Fiets,Op Kruispunt,Gewestweg,binnen bebouwde kom,Tss. 2 best.: langs opzij (voor-/achterkant-flank),Geen hindernis
50424,122,Dendermonde teller 2,Dendermonde,51.0373918,4.1019222,1.7346033266894607,51.02214630533207,4.107177591169088,2024,9,17,42006,Dendermonde,Normaal,Droog,Dag,met lichtgewonden,9,personenauto,3,Fiets,Op Kruispunt,Gewestweg,binnen bebouwde kom,Tss. 2 best.: langs opzij (voor-/achterkant-flank),Geen hindernis
50425,125,Dendermonde totem,Dendermonde,51.0372706,4.1025998,0.016533188250177907,51.037238225097234,4.102830581874966,2024,10,6,42006,Dendermonde,Normaal,"Vuil (zand, grint, bladeren,...)","Nacht, openbare verlichting aanwezig en ontstoken",met lichtgewonden,3,Fiets,10,"één bestuurder, geen hindernis",Buiten Kruispunt,Gewestweg,buiten bebouwde kom,"Eén bestuurder, geen hindernis (incl. val)",Geen hindernis
50425,122,Dendermonde teller 2,Dendermonde,51.0373918,4.1019222,0.06577050885762219,51.037238225097234,4.102830581874966,2024,10,6,42006,Dendermonde,Normaal,"Vuil (zand, grint, bladeren,...)","Nacht, openbare verlichting aanwezig en ontstoken",met lichtgewonden,3,Fiets,10,"één bestuurder, geen hindernis",Buiten Kruispunt,Gewestweg,buiten bebouwde kom,"Eén bestuurder, geen hindernis (incl. val)",Geen hindernis
50429,53,Brugge teller 1,Brugge,51.23023,3.228,2.3592523750997483,51.21363979827414,3.206881871471702,2024,10,15,31005,Brugge,Normaal,Droog,Dag,met lichtgewonden,3,Fiets,9,personenauto,Buiten Kruispunt,Gemeenteweg,binnen bebouwde kom,Tussen 2 bestuurders: Flank tegen flank,Geen hindernis
50429,54,Brugge teller 2,Brugge,51.23015,3.22818,2.360161844618795,51.21363979827414,3.206881871471702,2024,10,15,31005,Brugge,Normaal,Droog,Dag,met lichtgewonden,3,Fiets,9,personenauto,Buiten Kruispunt,Gemeenteweg,binnen bebouwde kom,Tussen 2 bestuurders: Flank tegen flank,Geen hindernis
50430,20,Brugge,Brugge,51.17416,3.20048,1.4679554162803,51.187360786143756,3.2002404496121972,2024,10,16,31005,Brugge,Normaal,Droog,Dag,met lichtgewonden,9,personenauto,3,Fiets,Buiten Kruispunt,Gemeenteweg,binnen bebouwde kom,Tss. 2 best.: langs opzij (voor-/achterkant-flank),Geen hindernis
50431,20,Brugge,Brugge,51.17416,3.20048,1.0575059084105145,51.18366220071529,3.199850982095388,2024,10,18,31005,Brugge,Normaal,Droog,"Nacht, openbare verlichting aanwezig en ontstoken",met lichtgewonden,9,personenauto,3,Fiets,Op Kruispunt,Gemeenteweg,binnen bebouwde kom,Tussen 2 bestuurders: Frontale botsing,Geen hindernis
50433,20,Brugge,Brugge,51.17416,3.20048,2.197587156006297,51.192243664753384,3.2131998489756364,2024,10,8,31005,Brugge,Onbekend,Onbekend,Dag,met lichtgewonden,3,Fiets,6,Bromfiets,Buiten Kruispunt,Gemeenteweg,binnen bebouwde kom,Tss. 2 best.: langs opzij (voor-/achterkant-flank),Geen hindernis
50435,53,Brugge teller 1,Brugge,51.23023,3.228,1.539653238074217,51.22958660404366,3.205911935170847,2024,10,18,31005,Brugge,Normaal,Droog,Dag,met lichtgewonden,3,Fiets,3,Fiets,Buiten Kruispunt,Gewestweg,binnen bebouwde kom,Tussen 2 bestuurders: Flank tegen flank,Geen hindernis
50435,54,Brugge teller 2,Brugge,51.23015,3.22818,1.5517899709581662,51.22958660404366,3.205911935170847,2024,10,18,31005,Brugge,Normaal,Droog,Dag,met lichtgewonden,3,Fiets,3,Fiets,Buiten Kruispunt,Gewestweg,binnen bebouwde kom,Tussen 2 bestuurders: Flank tegen flank,Geen hindernis
50435,52,Brugge,Brugge,51.22632,3.24095,2.466691325573185,51.22958660404366,3.205911935170847,2024,10,18,31005,Brugge,Normaal,Droog,Dag,met lichtgewonden,3,Fiets,3,Fiets,Buiten Kruispunt,Gewestweg,binnen bebouwde kom,Tussen 2 bestuurders: Flank tegen flank,Geen hindernis
50435,142,TEST Validatie BRUGGE Y2H22022134,Brugge,51.22632,3.24095,2.466691325573185,51.22958660404366,3.205911935170847,2024,10,18,31005,Brugge,Normaal,Droog,Dag,met lichtgewonden,3,Fiets,3,Fiets,Buiten Kruispunt,Gewestweg,binnen bebouwde kom,Tussen 2 bestuurders: Flank tegen flank,Geen hindernis
50436,142,TEST Validatie BRUGGE Y2H22022134,Brugge,51.22632,3.24095,1.5071539735396446,51.21279687334393,3.242413583548468,2024,10,12,31005,Brugge,Normaal,Droog,Dag,met lichtgewonden,3,Fiets,3,Fiets,Op Kruispunt,Gemeenteweg,binnen bebouwde kom,Tss. 2 best.: langs opzij (voor-/achterkant-flank),Geen hindernis
50436,52,Brugge,Brugge,51.22632,3.24095,1.5071539735396446,51.21279687334393,3.242413583548468,2024,10,12,31005,Brugge,Normaal,Droog,Dag,met lichtgewonden,3,Fiets,3,Fiets,Op Kruispunt,Gemeenteweg,binnen bebouwde kom,Tss. 2 best.: langs opzij (voor-/achterkant-flank),Geen hindernis
50436,54,Brugge teller 2,Brugge,51.23015,3.22818,2.1693048950429765,51.21279687334393,3.242413583548468,2024,10,12,31005,Brugge,Normaal,Droog,Dag,met lichtgewonden,3,Fiets,3,Fiets,Op Kruispunt,Gemeenteweg,binnen bebouwde kom,Tss. 2 best.: langs opzij (voor-/achterkant-flank),Geen hindernis
50436,53,Brugge teller 1,Brugge,51.23023,3.228,2.1829567402772043,51.21279687334393,3.242413583548468,2024,10,12,31005,Brugge,Normaal,Droog,Dag,met lichtgewonden,3,Fiets,3,Fiets,Op Kruispunt,Gemeenteweg,binnen bebouwde kom,Tss. 2 best.: langs opzij (voor-/achterkant-flank),Geen hindernis
50438,53,Brugge teller 1,Brugge,51.23023,3.228,2.0973878345282535,51.249027031575686,3.230503467043951,2024,10,13,31005,Brugge,Normaal,Droog,Dag,met lichtgewonden,9,personenauto,3,Fiets,Op Kruispunt,Gewestweg,binnen bebouwde kom,Tss. 2 best.: langs opzij (voor-/achterkant-flank),Geen hindernis
50438,54,Brugge teller 2,Brugge,51.23015,3.22818,2.1052530022971343,51.249027031575686,3.230503467043951,2024,10,13,31005,Brugge,Normaal,Droog,Dag,met lichtgewonden,9,personenauto,3,Fiets,Op Kruispunt,Gewestweg,binnen bebouwde kom,Tss. 2 best.: langs opzij (voor-/achterkant-flank),Geen hindernis
50440,53,Brugge teller 1,Brugge,51.23023,3.228,2.0047471939349553,51.21782219864681,3.207114097192441,2024,10,17,31005,Brugge,Normaal,Droog+Proper,Dag,met lichtgewonden,5,Lichte vrachtauto,3,Fiets,Buiten Kruispunt,Gemeenteweg,binnen bebouwde kom,Tss. 2 best.: langs opzij (voor-/achterkant-flank),Geen hindernis
50440,54,Brugge teller 2,Brugge,51.23015,3.22818,2.007777029074373,51.21782219864681,3.207114097192441,2024,10,17,31005,Brugge,Normaal,Droog+Proper,Dag,met lichtgewonden,5,Lichte vrachtauto,3,Fiets,Buiten Kruispunt,Gemeenteweg,binnen bebouwde kom,Tss. 2 best.: langs opzij (voor-/achterkant-flank),Geen hindernis
50441,142,TEST Validatie BRUGGE Y2H22022134,Brugge,51.22632,3.24095,0.8421543415633221,51.230444500127575,3.2510935837742934,2024,10,15,31005,Brugge,Normaal,Droog,Dag,met lichtgewonden,8,Voetganger,3,Fiets,Buiten Kruispunt,Gewestweg,binnen bebouwde kom,Met een voetganger,Geen hindernis
50441,52,Brugge,Brugge,51.22632,3.24095,0.8421543415633221,51.230444500127575,3.2510935837742934,2024,10,15,31005,Brugge,Normaal,Droog,Dag,met lichtgewonden,8,Voetganger,3,Fiets,Buiten Kruispunt,Gewestweg,binnen bebouwde kom,Met een voetganger,Geen hindernis
50441,54,Brugge teller 2,Brugge,51.23015,3.22818,1.595793540219147,51.230444500127575,3.2510935837742934,2024,10,15,31005,Brugge,Normaal,Droog,Dag,met lichtgewonden,8,Voetganger,3,Fiets,Buiten Kruispunt,Gewestweg,binnen bebouwde kom,Met een voetganger,Geen hindernis
50441,53,Brugge teller 1,Brugge,51.23023,3.228,1.6081662742714644,51.230444500127575,3.2510935837742934,2024,10,15,31005,Brugge,Normaal,Droog,Dag,met lichtgewonden,8,Voetganger,3,Fiets,Buiten Kruispunt,Gewestweg,binnen bebouwde kom,Met een voetganger,Geen hindernis
50442,20,Brugge,Brugge,51.17416,3.20048,1.067691865724081,51.18306852436557,3.206195116416924,2024,10,7,31005,Brugge,Normaal,Onbekend,Dageraad - schemering,met lichtgewonden,3,Fiets,99,onbekend,Op Kruispunt,Gewestweg,binnen bebouwde kom,Tussen 2 bestuurders: Frontale botsing,Geen hindernis
50443,51,"Brugge, Sint-Andries",Brugge,51.19281,3.16252,1.9853183435150081,51.17814879382367,3.146263447609824,2024,9,13,31005,Brugge,Normaal,Droog,Dag,met lichtgewonden,9,personenauto,3,Fiets,Op Kruispunt,Gemeenteweg,binnen bebouwde kom,Tss. 2 best.: langs opzij (voor-/achterkant-flank),Geen hindernis
50443,50,"Brugge, Sint-Andries",Brugge,51.19291,3.16252,1.9944585548525513,51.17814879382367,3.146263447609824,2024,9,13,31005,Brugge,Normaal,Droog,Dag,met lichtgewonden,9,personenauto,3,Fiets,Op Kruispunt,Gemeenteweg,binnen bebouwde kom,Tss. 2 best.: langs opzij (voor-/achterkant-flank),Geen hindernis
50444,20,Brugge,Brugge,51.17416,3.20048,1.1076893862594106,51.170364216344865,3.215169716235116,2024,9,16,31005,Brugge,Normaal,"Nat, plassen",Dag,met lichtgewonden,9,personenauto,3,Fiets,Op Kruispunt,Gewestweg,binnen bebouwde kom,Tss. 2 best.: langs opzij (voor-/achterkant-flank),Geen hindernis
50446,20,Brugge,Brugge,51.17416,3.20048,2.27215044245509,51.194564509821376,3.1987310010508865,2024,9,8,31005,Brugge,Normaal,Droog,Dag,met zwaargewonden,3,Fiets,8,Voetganger,Buiten Kruispunt,Gewestweg,binnen bebouwde kom,Met een voetganger,Geen hindernis
50448,20,Brugge,Brugge,51.17416,3.20048,2.301703821439901,51.18627627255456,3.227252824378457,2024,9,8,31005,Brugge,Normaal,Droog,Dag,met lichtgewonden,3,Fiets,6,Bromfiets,Op Kruispunt,Gemeenteweg,binnen bebouwde kom,Tussen 2 bestuurders: Flank tegen flank,Geen hindernis
50449,50,"Brugge, Sint-Andries",Brugge,51.19291,3.16252,2.375888680769759,51.20011527988088,3.194619761292668,2024,9,11,31005,Brugge,Normaal,Droog,Dag,met lichtgewonden,9,personenauto,3,Fiets,Op Kruispunt,Gewestweg,buiten bebouwde kom,Tss. 2 best.: langs opzij (voor-/achterkant-flank),Geen hindernis
50449,51,"Brugge, Sint-Andries",Brugge,51.19281,3.16252,2.3796636715221626,51.20011527988088,3.194619761292668,2024,9,11,31005,Brugge,Normaal,Droog,Dag,met lichtgewonden,9,personenauto,3,Fiets,Op Kruispunt,Gewestweg,buiten bebouwde kom,Tss. 2 best.: langs opzij (voor-/achterkant-flank),Geen hindernis
50450,53,Brugge teller 1,Brugge,51.23023,3.228,2.0899089972688705,51.22416659450974,3.1995919370544286,2024,9,13,31005,Brugge,Normaal,Droog,Dag,met lichtgewonden,6,Bromfiets,3,Fiets,Op Kruispunt,Gewestweg,buiten bebouwde kom,Tss. 2 best.: langs opzij (voor-/achterkant-flank),Geen hindernis
50450,54,Brugge teller 2,Brugge,51.23015,3.22818,2.098941819601775,51.22416659450974,3.1995919370544286,2024,9,13,31005,Brugge,Normaal,Droog,Dag,met lichtgewonden,6,Bromfiets,3,Fiets,Op Kruispunt,Gewestweg,buiten bebouwde kom,Tss. 2 best.: langs opzij (voor-/achterkant-flank),Geen hindernis
50451,20,Brugge,Brugge,51.17416,3.20048,1.6611838108144785,51.188507365523016,3.2071225467601288,2024,9,12,31005,Brugge,Normaal,Droog,Dag,met lichtgewonden,3,Fiets,3,Fiets,Buiten Kruispunt,Gemeenteweg,binnen bebouwde kom,Tss. 2 best.: langs opzij (voor-/achterkant-flank),Geen hindernis
50452,142,TEST Validatie BRUGGE Y2H22022134,Brugge,51.22632,3.24095,1.9503999671592396,51.20968638101972,3.232062733506405,2024,9,7,31005,Brugge,Onbekend,Onbekend,Dag,met lichtgewonden,3,Fiets,9,personenauto,Buiten Kruispunt,Gewestweg,binnen bebouwde kom,Tss. 2 best.: langs opzij (voor-/achterkant-flank),Geen hindernis
50452,52,Brugge,Brugge,51.22632,3.24095,1.9503999671592396,51.20968638101972,3.232062733506405,2024,9,7,31005,Brugge,Onbekend,Onbekend,Dag,met lichtgewonden,3,Fiets,9,personenauto,Buiten Kruispunt,Gewestweg,binnen bebouwde kom,Tss. 2 best.: langs opzij (voor-/achterkant-flank),Geen hindernis
50452,54,Brugge teller 2,Brugge,51.23015,3.22818,2.2914621381956097,51.20968638101972,3.232062733506405,2024,9,7,31005,Brugge,Onbekend,Onbekend,Dag,met lichtgewonden,3,Fiets,9,personenauto,Buiten Kruispunt,Gewestweg,binnen bebouwde kom,Tss. 2 best.: langs opzij (voor-/achterkant-flank),Geen hindernis
50452,53,Brugge teller 1,Brugge,51.23023,3.228,2.301803141439742,51.20968638101972,3.232062733506405,2024,9,7,31005,Brugge,Onbekend,Onbekend,Dag,met lichtgewonden,3,Fiets,9,personenauto,Buiten Kruispunt,Gewestweg,binnen bebouwde kom,Tss. 2 best.: langs opzij (voor-/achterkant-flank),Geen hindernis
50453,142,TEST Validatie BRUGGE Y2H22022134,Brugge,51.22632,3.24095,1.735278745347432,51.21099409202949,3.2362528918145537,2024,9,14,31005,Brugge,Normaal,Droog,Dag,met lichtgewonden,3,Fiets,3,Fiets,Op Kruispunt,Gewestweg,binnen bebouwde kom,Tss. 2 best.: langs opzij (voor-/achterkant-flank),Geen hindernis
50453,52,Brugge,Brugge,51.22632,3.24095,1.735278745347432,51.21099409202949,3.2362528918145537,2024,9,14,31005,Brugge,Normaal,Droog,Dag,met lichtgewonden,3,Fiets,3,Fiets,Op Kruispunt,Gewestweg,binnen bebouwde kom,Tss. 2 best.: langs opzij (voor-/achterkant-flank),Geen hindernis
50453,54,Brugge teller 2,Brugge,51.23015,3.22818,2.202991313991573,51.21099409202949,3.2362528918145537,2024,9,14,31005,Brugge,Normaal,Droog,Dag,met lichtgewonden,3,Fiets,3,Fiets,Op Kruispunt,Gewestweg,binnen bebouwde kom,Tss. 2 best.: langs opzij (voor-/achterkant-flank),Geen hindernis
50453,53,Brugge teller 1,Brugge,51.23023,3.228,2.2148134222196285,51.21099409202949,3.2362528918145537,2024,9,14,31005,Brugge,Normaal,Droog,Dag,met lichtgewonden,3,Fiets,3,Fiets,Op Kruispunt,Gewestweg,binnen bebouwde kom,Tss. 2 best.: langs opzij (voor-/achterkant-flank),Geen hindernis
50455,53,Brugge teller 1,Brugge,51.23023,3.228,2.0742557912294006,51.2464325892731,3.2132347457856634,2024,9,8,31005,Brugge,Normaal,Droog,Dag,met lichtgewonden,9,personenauto,3,Fiets,Op Kruispunt,Gemeenteweg,binnen bebouwde kom,Tss. 2 best.: langs opzij (voor-/achterkant-flank),Geen hindernis
50455,54,Brugge teller 2,Brugge,51.23015,3.22818,2.088202659442151,51.2464325892731,3.2132347457856634,2024,9,8,31005,Brugge,Normaal,Droog,Dag,met lichtgewonden,9,personenauto,3,Fiets,Op Kruispunt,Gemeenteweg,binnen bebouwde kom,Tss. 2 best.: langs opzij (voor-/achterkant-flank),Geen hindernis
50456,50,"Brugge, Sint-Andries",Brugge,51.19291,3.16252,1.415780087786245,51.19731519379597,3.181582774406688,2024,9,12,31005,Brugge,Normaal,Droog,Dag,met lichtgewonden,3,Fiets,9,personenauto,Op Kruispunt,Gewestweg,binnen bebouwde kom,Tussen 2 bestuurders: Frontale botsing,Geen hindernis
50456,51,"Brugge, Sint-Andries",Brugge,51.19281,3.16252,1.4196669212616948,51.19731519379597,3.181582774406688,2024,9,12,31005,Brugge,Normaal,Droog,Dag,met lichtgewonden,3,Fiets,9,personenauto,Op Kruispunt,Gewestweg,binnen bebouwde kom,Tussen 2 bestuurders: Frontale botsing,Geen hindernis
50457,142,TEST Validatie BRUGGE Y2H22022134,Brugge,51.22632,3.24095,0.3495900964470501,51.2293559716457,3.2396456101248554,2024,9,16,31005,Brugge,Normaal,Droog,Dag,met lichtgewonden,9,personenauto,3,Fiets,Op Kruispunt,Gewestweg,binnen bebouwde kom,Tss. 2 best.: langs opzij (voor-/achterkant-flank),Geen hindernis
50457,52,Brugge,Brugge,51.22632,3.24095,0.3495900964470501,51.2293559716457,3.2396456101248554,2024,9,16,31005,Brugge,Normaal,Droog,Dag,met lichtgewonden,9,personenauto,3,Fiets,Op Kruispunt,Gewestweg,binnen bebouwde kom,Tss. 2 best.: langs opzij (voor-/achterkant-flank),Geen hindernis
50457,54,Brugge teller 2,Brugge,51.23015,3.22818,0.8032195904473481,51.2293559716457,3.2396456101248554,2024,9,16,31005,Brugge,Normaal,Droog,Dag,met lichtgewonden,9,personenauto,3,Fiets,Op Kruispunt,Gewestweg,binnen bebouwde kom,Tss. 2 best.: langs opzij (voor-/achterkant-flank),Geen hindernis
50457,53,Brugge teller 1,Brugge,51.23023,3.228,0.8166883025778949,51.2293559716457,3.2396456101248554,2024,9,16,31005,Brugge,Normaal,Droog,Dag,met lichtgewonden,9,personenauto,3,Fiets,Op Kruispunt,Gewestweg,binnen bebouwde kom,Tss. 2 best.: langs opzij (voor-/achterkant-flank),Geen hindernis
50477,20,Brugge,Brugge,51.17416,3.20048,1.6756474462901192,51.160213888414226,3.191375197709938,2024,9,12,31040,Zedelgem,Normaal,Droog,Dag,met lichtgewonden,6,Bromfiets,3,Fiets,Buiten Kruispunt,Gewestweg,binnen bebouwde kom,Tussen 2 bestuurders: Frontale botsing,Geen hindernis
50488,18,Oostende 1,Oostende,51.21378,2.92765,1.4176422497876717,51.21288034357412,2.9479516037800146,2024,9,13,35013,Oostende,Normaal,Droog,Dag,met zwaargewonden,3,Fiets,5,Lichte vrachtauto,Buiten Kruispunt,Gemeenteweg,binnen bebouwde kom,Tss. 2 best.: langs opzij (voor-/achterkant-flank),Geen hindernis
50488,15,Oostende 2,Oostende,51.21371,2.92743,1.4324072855878665,51.21288034357412,2.9479516037800146,2024,9,13,35013,Oostende,Normaal,Droog,Dag,met zwaargewonden,3,Fiets,5,Lichte vrachtauto,Buiten Kruispunt,Gemeenteweg,binnen bebouwde kom,Tss. 2 best.: langs opzij (voor-/achterkant-flank),Geen hindernis
50489,18,Oostende 1,Oostende,51.21378,2.92765,2.0830034637040944,51.23062556133907,2.914566169789541,2024,9,19,35013,Oostende,Regenval,"Nat, plassen",Dageraad - schemering,met lichtgewonden,3,Fiets,6,Bromfiets,Op Kruispunt,Gemeenteweg,binnen bebouwde kom,Tss. 2 best.: langs opzij (voor-/achterkant-flank),Geen hindernis
50489,15,Oostende 2,Oostende,51.21371,2.92743,2.0833720501362096,51.23062556133907,2.914566169789541,2024,9,19,35013,Oostende,Regenval,"Nat, plassen",Dageraad - schemering,met lichtgewonden,3,Fiets,6,Bromfiets,Op Kruispunt,Gemeenteweg,binnen bebouwde kom,Tss. 2 best.: langs opzij (voor-/achterkant-flank),Geen hindernis
50490,18,Oostende 1,Oostende,51.21378,2.92765,1.055278444341714,51.21422957939556,2.9427832870772805,2024,10,12,35013,Oostende,Normaal,Droog,Dag,met lichtgewonden,9,personenauto,3,Fiets,Op Kruispunt,Gemeenteweg,binnen bebouwde kom,Tss. 2 best.: langs opzij (voor-/achterkant-flank),Geen hindernis