crash_row_id,site_id,site_name,site_gemeente,site_lat,site_long,distance_km,crash_lat,crash_long,DT_YEAR_COLLISION,DT_MONTH_COLLISION,DT_TIME,CD_NIS,TX_MUNTY_COLLISION_NL,TX_WEATHER_NL,TX_ROAD_CONDITION_NL,TX_LIGHT_CONDITION_NL,TX_CLASS_ACCIDENTS_NL,CD_ROAD_USR_TYPE1,TX_ROAD_USR_TYPE1_NL,CD_ROAD_USR_TYPE2,TX_ROAD_USR_TYPE2_NL,TX_CROSSWAY_NL,CD_ROAD_TYPE_NL,TX_BUILD_UP_AREA_NL,TX_COLLISION_TYPE_NL,TX_OBSTACLES_NL
50490,15,Oostende 2,Oostende,51.21371,2.92743,1.0709778545352073,51.21422957939556,2.9427832870772805,2024,10,12,35013,Oostende,Normaal,Droog,Dag,met lichtgewonden,9,personenauto,3,Fiets,Op Kruispunt,Gemeenteweg,binnen bebouwde kom,Tss. 2 best.: langs opzij (voor-/achterkant-flank),Geen hindernis
50491,15,Oostende 2,Oostende,51.21371,2.92743,1.6566832203586563,51.2261270512961,2.9142840612219287,2024,10,16,35013,Oostende,Normaal,Droog,Dag,met lichtgewonden,3,Fiets,9,personenauto,Op Kruispunt,Gewestweg,binnen bebouwde kom,Tss. 2 best.: langs opzij (voor-/achterkant-flank),Geen hindernis
50491,18,Oostende 1,Oostende,51.21378,2.92765,1.658751121977951,51.2261270512961,2.9142840612219287,2024,10,16,35013,Oostende,Normaal,Droog,Dag,met lichtgewonden,3,Fiets,9,personenauto,Op Kruispunt,Gewestweg,binnen bebouwde kom,Tss. 2 best.: langs opzij (voor-/achterkant-flank),Geen hindernis
50493,18,Oostende 1,Oostende,51.21378,2.92765,1.7276209099141369,51.22675281296951,2.941300795590159,2024,10,13,35013,Oostende,Normaal,Droog,Dag,met lichtgewonden,9,personenauto,3,Fiets,Op Kruispunt,Gewestweg,buiten bebouwde kom,Tussen 2 bestuurders: Frontale botsing,Geen hindernis
50493,15,Oostende 2,Oostende,51.21371,2.92743,1.7425727245280955,51.22675281296951,2.941300795590159,2024,10,13,35013,Oostende,Normaal,Droog,Dag,met lichtgewonden,9,personenauto,3,Fiets,Op Kruispunt,Gewestweg,buiten bebouwde kom,Tussen 2 bestuurders: Frontale botsing,Geen hindernis
50494,15,Oostende 2,Oostende,51.21371,2.92743,0.9447054896685851,51.21966994424804,2.9177636835100675,2024,9,18,35013,Oostende,Normaal,"Nat, plassen",Dag,met lichtgewonden,3,Fiets,8,Voetganger,Buiten Kruispunt,Gemeenteweg,binnen bebouwde kom,Met een voetganger,Geen hindernis
50494,18,Oostende 1,Oostende,51.21378,2.92765,0.9503047302554031,51.21966994424804,2.9177636835100675,2024,9,18,35013,Oostende,Normaal,"Nat, plassen",Dag,met lichtgewonden,3,Fiets,8,Voetganger,Buiten Kruispunt,Gemeenteweg,binnen bebouwde kom,Met een voetganger,Geen hindernis
50495,18,Oostende 1,Oostende,51.21378,2.92765,2.3184151680573284,51.232067156678966,2.9436411468539645,2024,9,11,35013,Oostende,Normaal,Droog,Dag,met zwaargewonden,3,Fiets,11,een weggebruiker tegen een hindernis,Buiten Kruispunt,Gemeenteweg,binnen bebouwde kom,Weggebruiker tegen hindernis op de rijbaan,Op de rijbaan: Lading
50495,15,Oostende 2,Oostende,51.21371,2.92743,2.3326219068780434,51.232067156678966,2.9436411468539645,2024,9,11,35013,Oostende,Normaal,Droog,Dag,met zwaargewonden,3,Fiets,11,een weggebruiker tegen een hindernis,Buiten Kruispunt,Gemeenteweg,binnen bebouwde kom,Weggebruiker tegen hindernis op de rijbaan,Op de rijbaan: Lading
50496,18,Oostende 1,Oostende,51.21378,2.92765,0.2565277534758387,51.21578542172968,2.9294705991346848,2024,9,18,35013,Oostende,Normaal,Droog,Dag,met lichtgewonden,9,personenauto,3,Fiets,Op Kruispunt,Gewestweg,binnen bebouwde kom,Tss. 2 best.: langs opzij (voor-/achterkant-flank),Geen hindernis
50496,15,Oostende 2,Oostende,51.21371,2.92743,0.27103446337983095,51.21578542172968,2.9294705991346848,2024,9,18,35013,Oostende,Normaal,Droog,Dag,met lichtgewonden,9,personenauto,3,Fiets,Op Kruispunt,Gewestweg,binnen bebouwde kom,Tss. 2 best.: langs opzij (voor-/achterkant-flank),Geen hindernis
50497,15,Oostende 2,Oostende,51.21371,2.92743,0.9598182510679518,51.220456205693644,2.91883295803382,2024,9,13,35013,Oostende,Normaal,Droog,Dag,met lichtgewonden,6,Bromfiets,3,Fiets,Op Kruispunt,Gemeenteweg,binnen bebouwde kom,Tussen 2 bestuurders: Frontale botsing,Geen hindernis
50497,18,Oostende 1,Oostende,51.21378,2.92765,0.9634407855630303,51.220456205693644,2.91883295803382,2024,9,13,35013,Oostende,Normaal,Droog,Dag,met lichtgewonden,6,Bromfiets,3,Fiets,Op Kruispunt,Gemeenteweg,binnen bebouwde kom,Tussen 2 bestuurders: Frontale botsing,Geen hindernis
50498,15,Oostende 2,Oostende,51.21371,2.92743,1.8908003130280522,51.21581579781019,2.9004928957085716,2024,9,17,35013,Oostende,Normaal,Droog,Dag,met lichtgewonden,99,onbekend,3,Fiets,Op Kruispunt,Gemeenteweg,binnen bebouwde kom,Tss. 2 best.: langs opzij (voor-/achterkant-flank),Geen hindernis
50498,18,Oostende 1,Oostende,51.21378,2.92765,1.9050649336932204,51.21581579781019,2.9004928957085716,2024,9,17,35013,Oostende,Normaal,Droog,Dag,met lichtgewonden,99,onbekend,3,Fiets,Op Kruispunt,Gemeenteweg,binnen bebouwde kom,Tss. 2 best.: langs opzij (voor-/achterkant-flank),Geen hindernis
50499,18,Oostende 1,Oostende,51.21378,2.92765,2.3670756152961743,51.23289960769986,2.9425947192988686,2024,9,13,35013,Oostende,Normaal,Droog,Dag,met lichtgewonden,3,Fiets,9,personenauto,Op Kruispunt,Gemeenteweg,binnen bebouwde kom,Tss. 2 best.: langs opzij (voor-/achterkant-flank),Geen hindernis
50499,15,Oostende 2,Oostende,51.21371,2.92743,2.3808255305567414,51.23289960769986,2.9425947192988686,2024,9,13,35013,Oostende,Normaal,Droog,Dag,met lichtgewonden,3,Fiets,9,personenauto,Op Kruispunt,Gemeenteweg,binnen bebouwde kom,Tss. 2 best.: langs opzij (voor-/achterkant-flank),Geen hindernis
50500,18,Oostende 1,Oostende,51.21378,2.92765,2.1676719326838296,51.22106498311084,2.9565180545917364,2024,10,21,35002,Bredene,Normaal,Droog,"Nacht, openbare verlichting aanwezig en ontstoken",met lichtgewonden,9,personenauto,3,Fiets,Op Kruispunt,Gewestweg,binnen bebouwde kom,Tss. 2 best.: langs opzij (voor-/achterkant-flank),Geen hindernis
50500,15,Oostende 2,Oostende,51.21371,2.92743,2.184795214969586,51.22106498311084,2.9565180545917364,2024,10,21,35002,Bredene,Normaal,Droog,"Nacht, openbare verlichting aanwezig en ontstoken",met lichtgewonden,9,personenauto,3,Fiets,Op Kruispunt,Gewestweg,binnen bebouwde kom,Tss. 2 best.: langs opzij (voor-/achterkant-flank),Geen hindernis
50502,18,Oostende 1,Oostende,51.21378,2.92765,2.2094432603371787,51.220885228868866,2.957275079602742,2024,9,8,35002,Bredene,Normaal,Droog,Dag,met lichtgewonden,9,personenauto,3,Fiets,Op Kruispunt,Gewestweg,binnen bebouwde kom,Tss. 2 best.: langs opzij (voor-/achterkant-flank),Geen hindernis
50502,15,Oostende 2,Oostende,51.21371,2.92743,2.226538406546106,51.220885228868866,2.957275079602742,2024,9,8,35002,Bredene,Normaal,Droog,Dag,met lichtgewonden,9,personenauto,3,Fiets,Op Kruispunt,Gewestweg,binnen bebouwde kom,Tss. 2 best.: langs opzij (voor-/achterkant-flank),Geen hindernis
50507,56,Torhout teller 2,Torhout,51.07147,3.08244,1.613480959536232,51.057112612861545,3.085784082383563,2024,9,16,31033,Torhout,Normaal,Droog,Dag,met zwaargewonden,3,Fiets,3,Fiets,Buiten Kruispunt,Gemeenteweg,binnen bebouwde kom,Tussen 2 bestuurders: Frontale botsing,Geen hindernis
50507,55,Torhout teller 1,Torhout,51.07161,3.08261,1.6272238048952723,51.057112612861545,3.085784082383563,2024,9,16,31033,Torhout,Normaal,Droog,Dag,met zwaargewonden,3,Fiets,3,Fiets,Buiten Kruispunt,Gemeenteweg,binnen bebouwde kom,Tussen 2 bestuurders: Frontale botsing,Geen hindernis
50509,55,Torhout teller 1,Torhout,51.07161,3.08261,1.1470978042921387,51.06613837805914,3.0965273585146447,2024,9,8,31033,Torhout,Normaal,Droog,Dag,met lichtgewonden,3,Fiets,6,Bromfiets,Op Kruispunt,Gewestweg,binnen bebouwde kom,Tussen 2 bestuurders: Flank tegen flank,Geen hindernis
50509,56,Torhout teller 2,Torhout,51.07147,3.08244,1.1490776353063217,51.06613837805914,3.0965273585146447,2024,9,8,31033,Torhout,Normaal,Droog,Dag,met lichtgewonden,3,Fiets,6,Bromfiets,Op Kruispunt,Gewestweg,binnen bebouwde kom,Tussen 2 bestuurders: Flank tegen flank,Geen hindernis
50512,55,Torhout teller 1,Torhout,51.07161,3.08261,2.031976829831386,51.061393217415485,3.106719953923319,2024,9,21,31033,Torhout,Normaal,Droog,"Nacht, openbare verlichting aanwezig en ontstoken",met lichtgewonden,5,Lichte vrachtauto,3,Fiets,Op Kruispunt,Gemeenteweg,binnen bebouwde kom,Tss. 2 best.: langs opzij (voor-/achterkant-flank),Geen hindernis
50512,56,Torhout teller 2,Torhout,51.07147,3.08244,2.0332184931179276,51.061393217415485,3.106719953923319,2024,9,21,31033,Torhout,Normaal,Droog,"Nacht, openbare verlichting aanwezig en ontstoken",met lichtgewonden,5,Lichte vrachtauto,3,Fiets,Op Kruispunt,Gemeenteweg,binnen bebouwde kom,Tss. 2 best.: langs opzij (voor-/achterkant-flank),Geen hindernis
50514,84,Roeselare totem,Izegem,50.91717,3.18772,1.2146017342369377,50.918146962147794,3.204976927434275,2024,10,9,36008,Izegem,Normaal,Droog,Dag,met lichtgewonden,5,Lichte vrachtauto,3,Fiets,Buiten Kruispunt,Gemeenteweg,binnen bebouwde kom,Tussen 2 bestuurders: Frontale botsing,Geen hindernis
50518,84,Roeselare totem,Izegem,50.91717,3.18772,1.9237458085025294,50.92026587982618,3.214720016113273,2024,10,8,36008,Izegem,Normaal,Droog,Dag,met lichtgewonden,3,Fiets,3,Fiets,Op Kruispunt,Gemeenteweg,binnen bebouwde kom,Tss. 2 best.: langs opzij (voor-/achterkant-flank),Geen hindernis
50520,84,Roeselare totem,Izegem,50.91717,3.18772,1.333788939406507,50.907478180961775,3.1989292407569807,2024,10,9,36008,Izegem,Onbekend,Onbekend,Dag,met lichtgewonden,3,Fiets,11,een weggebruiker tegen een hindernis,Buiten Kruispunt,Gemeenteweg,binnen bebouwde kom,Weggebruiker tegen hindernis op de rijbaan,"Op de rijbaan: Verkeersdrempel, ezelsrug"
50523,84,Roeselare totem,Izegem,50.91717,3.18772,1.3995001240570046,50.92898155932762,3.180824298717262,2024,10,13,36008,Izegem,Normaal,Droog,Dag,met lichtgewonden,3,Fiets,3,Fiets,Buiten Kruispunt,Gewestweg,binnen bebouwde kom,Tussen 2 bestuurders: Frontale botsing,Geen hindernis
50528,84,Roeselare totem,Izegem,50.91717,3.18772,2.034415123245164,50.920909038333015,3.216129404591863,2024,9,18,36008,Izegem,Normaal,Droog,Dag,met lichtgewonden,9,personenauto,3,Fiets,Op Kruispunt,Gemeenteweg,binnen bebouwde kom,Tussen 2 bestuurders: Frontale botsing,Geen hindernis
50534,84,Roeselare totem,Izegem,50.91717,3.18772,2.148940903209173,50.91689431108103,3.218371239748178,2024,9,11,36008,Izegem,Normaal,Droog,Dag,met lichtgewonden,9,personenauto,3,Fiets,Buiten Kruispunt,Gewestweg,binnen bebouwde kom,Tussen 2 bestuurders: Frontale botsing,Geen hindernis
50539,59,Ardooie teller 1,Ardooie,50.96784,3.18479,0.586530801207695,50.970957575336776,3.1915466562947885,2024,8,16,37020,Ardooie,Onbekend,Onbekend,Onbekend,met lichtgewonden,9,personenauto,3,Fiets,Op Kruispunt,Gewestweg,buiten bebouwde kom,Tss. 2 best.: langs opzij (voor-/achterkant-flank),Geen hindernis
50539,60,Ardooie teller 2,Ardooie,50.96783,3.18411,0.6261903227637895,50.970957575336776,3.1915466562947885,2024,8,16,37020,Ardooie,Onbekend,Onbekend,Onbekend,met lichtgewonden,9,personenauto,3,Fiets,Op Kruispunt,Gewestweg,buiten bebouwde kom,Tss. 2 best.: langs opzij (voor-/achterkant-flank),Geen hindernis
50541,84,Roeselare totem,Izegem,50.91717,3.18772,1.7030027110884662,50.91842240899599,3.2119321465423165,2024,9,14,36008,Izegem,Normaal,Droog,Dag,met lichtgewonden,5,Lichte vrachtauto,3,Fiets,Op Kruispunt,Gewestweg,binnen bebouwde kom,Kettingbotsing (3 bestuurders of meer),Geen hindernis
50549,75,Kortrijk teller 2,Kortrijk,50.81925,3.25731,1.1711352709203373,50.82024720651753,3.2739063691441572,2024,10,12,34022,Kortrijk,Normaal,Droog,Dag,met lichtgewonden,3,Fiets,9,personenauto,Op Kruispunt,Gewestweg,binnen bebouwde kom,Tss. 2 best.: langs opzij (voor-/achterkant-flank),Geen hindernis
50549,74,Kortrijk teller 1,Kortrijk,50.81909,3.25728,1.1750502387601598,50.82024720651753,3.2739063691441572,2024,10,12,34022,Kortrijk,Normaal,Droog,Dag,met lichtgewonden,3,Fiets,9,personenauto,Op Kruispunt,Gewestweg,binnen bebouwde kom,Tss. 2 best.: langs opzij (voor-/achterkant-flank),Geen hindernis
50549,143,Eco Display Classic Budastraat,Kortrijk,50.83066,3.26286,1.3937844472671181,50.82024720651753,3.2739063691441572,2024,10,12,34022,Kortrijk,Normaal,Droog,Dag,met lichtgewonden,3,Fiets,9,personenauto,Op Kruispunt,Gewestweg,binnen bebouwde kom,Tss. 2 best.: langs opzij (voor-/achterkant-flank),Geen hindernis
50549,16,Kortrijk 1,Kortrijk,50.83332,3.27777,1.478742471799329,50.82024720651753,3.2739063691441572,2024,10,12,34022,Kortrijk,Normaal,Droog,Dag,met lichtgewonden,3,Fiets,9,personenauto,Op Kruispunt,Gewestweg,binnen bebouwde kom,Tss. 2 best.: langs opzij (voor-/achterkant-flank),Geen hindernis
50549,17,Kortrijk 2,Kortrijk,50.83339,3.27773,1.4858841996118861,50.82024720651753,3.2739063691441572,2024,10,12,34022,Kortrijk,Normaal,Droog,Dag,met lichtgewonden,3,Fiets,9,personenauto,Op Kruispunt,Gewestweg,binnen bebouwde kom,Tss. 2 best.: langs opzij (voor-/achterkant-flank),Geen hindernis
50564,61,Wervik teller 2,Wervik,50.80555,3.0921,2.2290851681963124,50.7959347550108,3.1199317418585846,2024,9,16,34027,Menen,Onbekend,Onbekend,Onbekend,met lichtgewonden,2,Andere weggebruiker,3,Fiets,Buiten Kruispunt,Gewestweg,onbekend,Tussen 2 bestuurders: Langs achteren,Geen hindernis
50564,62,Wervik teller 1,Wervik,50.8058,3.09154,2.2769534964727147,50.7959347550108,3.1199317418585846,2024,9,16,34027,Menen,Onbekend,Onbekend,Onbekend,met lichtgewonden,2,Andere weggebruiker,3,Fiets,Buiten Kruispunt,Gewestweg,onbekend,Tussen 2 bestuurders: Langs achteren,Geen hindernis
50569,143,Eco Display Classic Budastraat,Kortrijk,50.83066,3.26286,0.3049838928749179,50.82827320597196,3.2649994287278803,2024,10,17,34022,Kortrijk,Normaal,Droog,Dag,met lichtgewonden,5,Lichte vrachtauto,3,Fiets,Buiten Kruispunt,Gemeenteweg,binnen bebouwde kom,Tussen 2 bestuurders: Flank tegen flank,Geen hindernis
50569,16,Kortrijk 1,Kortrijk,50.83332,3.27777,1.0579971905938808,50.82827320597196,3.2649994287278803,2024,10,17,34022,Kortrijk,Normaal,Droog,Dag,met lichtgewonden,5,Lichte vrachtauto,3,Fiets,Buiten Kruispunt,Gemeenteweg,binnen bebouwde kom,Tussen 2 bestuurders: Flank tegen flank,Geen hindernis
50569,17,Kortrijk 2,Kortrijk,50.83339,3.27773,1.0597745196647468,50.82827320597196,3.2649994287278803,2024,10,17,34022,Kortrijk,Normaal,Droog,Dag,met lichtgewonden,5,Lichte vrachtauto,3,Fiets,Buiten Kruispunt,Gemeenteweg,binnen bebouwde kom,Tussen 2 bestuurders: Flank tegen flank,Geen hindernis
50569,75,Kortrijk teller 2,Kortrijk,50.81925,3.25731,1.1394810220355847,50.82827320597196,3.2649994287278803,2024,10,17,34022,Kortrijk,Normaal,Droog,Dag,met lichtgewonden,5,Lichte vrachtauto,3,Fiets,Buiten Kruispunt,Gemeenteweg,binnen bebouwde kom,Tussen 2 bestuurders: Flank tegen flank,Geen hindernis
50569,74,Kortrijk teller 1,Kortrijk,50.81909,3.25728,1.1561645229574957,50.82827320597196,3.2649994287278803,2024,10,17,34022,Kortrijk,Normaal,Droog,Dag,met lichtgewonden,5,Lichte vrachtauto,3,Fiets,Buiten Kruispunt,Gemeenteweg,binnen bebouwde kom,Tussen 2 bestuurders: Flank tegen flank,Geen hindernis
50570,74,Kortrijk teller 1,Kortrijk,50.81909,3.25728,2.037588916779474,50.8114097968449,3.283612272892523,2024,10,15,34022,Kortrijk,Normaal,Droog,Dag,met lichtgewonden,9,personenauto,3,Fiets,Op Kruispunt,Gemeenteweg,binnen bebouwde kom,Tussen 2 bestuurders: Langs achteren,Geen hindernis
50570,75,Kortrijk teller 2,Kortrijk,50.81925,3.25731,2.043200159251339,50.8114097968449,3.283612272892523,2024,10,15,34022,Kortrijk,Normaal,Droog,Dag,met lichtgewonden,9,personenauto,3,Fiets,Op Kruispunt,Gemeenteweg,binnen bebouwde kom,Tussen 2 bestuurders: Langs achteren,Geen hindernis
50570,16,Kortrijk 1,Kortrijk,50.83332,3.27777,2.4706262013540945,50.8114097968449,3.283612272892523,2024,10,15,34022,Kortrijk,Normaal,Droog,Dag,met lichtgewonden,9,personenauto,3,Fiets,Op Kruispunt,Gemeenteweg,binnen bebouwde kom,Tussen 2 bestuurders: Langs achteren,Geen hindernis
50570,17,Kortrijk 2,Kortrijk,50.83339,3.27773,2.478768829459777,50.8114097968449,3.283612272892523,2024,10,15,34022,Kortrijk,Normaal,Droog,Dag,met lichtgewonden,9,personenauto,3,Fiets,Op Kruispunt,Gemeenteweg,binnen bebouwde kom,Tussen 2 bestuurders: Langs achteren,Geen hindernis
50571,16,Kortrijk 1,Kortrijk,50.83332,3.27777,0.21992986884967486,50.83196761046923,3.275484848061427,2024,9,14,34022,Kortrijk,Normaal,Droog,Dag,met zwaargewonden,9,personenauto,3,Fiets,Op Kruispunt,Gewestweg,binnen bebouwde kom,Tss. 2 best.: langs opzij (voor-/achterkant-flank),Geen hindernis
50571,17,Kortrijk 2,Kortrijk,50.83339,3.27773,0.22333141006946597,50.83196761046923,3.275484848061427,2024,9,14,34022,Kortrijk,Normaal,Droog,Dag,met zwaargewonden,9,personenauto,3,Fiets,Op Kruispunt,Gewestweg,binnen bebouwde kom,Tss. 2 best.: langs opzij (voor-/achterkant-flank),Geen hindernis
50571,143,Eco Display Classic Budastraat,Kortrijk,50.83066,3.26286,0.8985027350749698,50.83196761046923,3.275484848061427,2024,9,14,34022,Kortrijk,Normaal,Droog,Dag,met zwaargewonden,9,personenauto,3,Fiets,Op Kruispunt,Gewestweg,binnen bebouwde kom,Tss. 2 best.: langs opzij (voor-/achterkant-flank),Geen hindernis
50571,75,Kortrijk teller 2,Kortrijk,50.81925,3.25731,1.9051199398606626,50.83196761046923,3.275484848061427,2024,9,14,34022,Kortrijk,Normaal,Droog,Dag,met zwaargewonden,9,personenauto,3,Fiets,Op Kruispunt,Gewestweg,binnen bebouwde kom,Tss. 2 best.: langs opzij (voor-/achterkant-flank),Geen hindernis
50571,74,Kortrijk teller 1,Kortrijk,50.81909,3.25728,1.919767405822732,50.83196761046923,3.275484848061427,2024,9,14,34022,Kortrijk,Normaal,Droog,Dag,met zwaargewonden,9,personenauto,3,Fiets,Op Kruispunt,Gewestweg,binnen bebouwde kom,Tss. 2 best.: langs opzij (voor-/achterkant-flank),Geen hindernis
50572,75,Kortrijk teller 2,Kortrijk,50.81925,3.25731,0.6886442167665336,50.82368012390946,3.2641604247754223,2024,10,7,34022,Kortrijk,Normaal,Droog,Dageraad - schemering,met lichtgewonden,3,Fiets,8,Voetganger,Buiten Kruispunt,Gewestweg,binnen bebouwde kom,Met een voetganger,Geen hindernis
50572,74,Kortrijk teller 1,Kortrijk,50.81909,3.25728,0.7029288574697342,50.82368012390946,3.2641604247754223,2024,10,7,34022,Kortrijk,Normaal,Droog,Dageraad - schemering,met lichtgewonden,3,Fiets,8,Voetganger,Buiten Kruispunt,Gewestweg,binnen bebouwde kom,Met een voetganger,Geen hindernis
50572,143,Eco Display Classic Budastraat,Kortrijk,50.83066,3.26286,0.7814829374289175,50.82368012390946,3.2641604247754223,2024,10,7,34022,Kortrijk,Normaal,Droog,Dageraad - schemering,met lichtgewonden,3,Fiets,8,Voetganger,Buiten Kruispunt,Gewestweg,binnen bebouwde kom,Met een voetganger,Geen hindernis
50572,16,Kortrijk 1,Kortrijk,50.83332,3.27777,1.4362035774575963,50.82368012390946,3.2641604247754223,2024,10,7,34022,Kortrijk,Normaal,Droog,Dageraad - schemering,met lichtgewonden,3,Fiets,8,Voetganger,Buiten Kruispunt,Gewestweg,binnen bebouwde kom,Met een voetganger,Geen hindernis
50572,17,Kortrijk 2,Kortrijk,50.83339,3.27773,1.4401609526483916,50.82368012390946,3.2641604247754223,2024,10,7,34022,Kortrijk,Normaal,Droog,Dageraad - schemering,met lichtgewonden,3,Fiets,8,Voetganger,Buiten Kruispunt,Gewestweg,binnen bebouwde kom,Met een voetganger,Geen hindernis
50574,143,Eco Display Classic Budastraat,Kortrijk,50.83066,3.26286,0.5990105226072937,50.83511303763763,3.2676599816805108,2024,9,16,34022,Kortrijk,Onbekend,Onbekend,Dag,met lichtgewonden,9,personenauto,3,Fiets,Op Kruispunt,Gewestweg,onbekend,Tussen 2 bestuurders: Flank tegen flank,Geen hindernis
50574,17,Kortrijk 2,Kortrijk,50.83339,3.27773,0.7326803904622652,50.83511303763763,3.2676599816805108,2024,9,16,34022,Kortrijk,Onbekend,Onbekend,Dag,met lichtgewonden,9,personenauto,3,Fiets,Op Kruispunt,Gewestweg,onbekend,Tussen 2 bestuurders: Flank tegen flank,Geen hindernis
50574,16,Kortrijk 1,Kortrijk,50.83332,3.27777,0.7374587808703305,50.83511303763763,3.2676599816805108,2024,9,16,34022,Kortrijk,Onbekend,Onbekend,Dag,met lichtgewonden,9,personenauto,3,Fiets,Op Kruispunt,Gewestweg,onbekend,Tussen 2 bestuurders: Flank tegen flank,Geen hindernis
50574,75,Kortrijk teller 2,Kortrijk,50.81925,3.25731,1.9078188279834951,50.83511303763763,3.2676599816805108,2024,9,16,34022,Kortrijk,Onbekend,Onbekend,Dag,met lichtgewonden,9,personenauto,3,Fiets,Op Kruispunt,Gewestweg,onbekend,Tussen 2 bestuurders: Flank tegen flank,Geen hindernis
50574,74,Kortrijk teller 1,Kortrijk,50.81909,3.25728,1.9250772516789054,50.83511303763763,3.2676599816805108,2024,9,16,34022,Kortrijk,Onbekend,Onbekend,Dag,met lichtgewonden,9,personenauto,3,Fiets,Op Kruispunt,Gewestweg,onbekend,Tussen 2 bestuurders: Flank tegen flank,Geen hindernis
50575,16,Kortrijk 1,Kortrijk,50.83332,3.27777,1.444180266395927,50.82079204764539,3.2831929754203566,2024,9,9,34022,Kortrijk,Normaal,Droog,Dag,met lichtgewonden,6,Bromfiets,3,Fiets,Buiten Kruispunt,Gewestweg,binnen bebouwde kom,Tussen 2 bestuurders: Flank tegen flank,Geen hindernis
50575,17,Kortrijk 2,Kortrijk,50.83339,3.27773,1.452429379343176,50.82079204764539,3.2831929754203566,2024,9,9,34022,Kortrijk,Normaal,Droog,Dag,met lichtgewonden,6,Bromfiets,3,Fiets,Buiten Kruispunt,Gewestweg,binnen bebouwde kom,Tussen 2 bestuurders: Flank tegen flank,Geen hindernis
50575,143,Eco Display Classic Budastraat,Kortrijk,50.83066,3.26286,1.8010275956380863,50.82079204764539,3.2831929754203566,2024,9,9,34022,Kortrijk,Normaal,Droog,Dag,met lichtgewonden,6,Bromfiets,3,Fiets,Buiten Kruispunt,Gewestweg,binnen bebouwde kom,Tussen 2 bestuurders: Flank tegen flank,Geen hindernis
50575,75,Kortrijk teller 2,Kortrijk,50.81925,3.25731,1.8263031737391326,50.82079204764539,3.2831929754203566,2024,9,9,34022,Kortrijk,Normaal,Droog,Dag,met lichtgewonden,6,Bromfiets,3,Fiets,Buiten Kruispunt,Gewestweg,binnen bebouwde kom,Tussen 2 bestuurders: Flank tegen flank,Geen hindernis
50575,74,Kortrijk teller 1,Kortrijk,50.81909,3.25728,1.8301586055383736,50.82079204764539,3.2831929754203566,2024,9,9,34022,Kortrijk,Normaal,Droog,Dag,met lichtgewonden,6,Bromfiets,3,Fiets,Buiten Kruispunt,Gewestweg,binnen bebouwde kom,Tussen 2 bestuurders: Flank tegen flank,Geen hindernis
50576,143,Eco Display Classic Budastraat,Kortrijk,50.83066,3.26286,0.33366636359150065,50.82795784491663,3.264925913446927,2024,9,12,34022,Kortrijk,Regenval,"Nat, plassen",Dag,met lichtgewonden,9,personenauto,3,Fiets,Buiten Kruispunt,Gemeenteweg,binnen bebouwde kom,Tussen 2 bestuurders: Langs achteren,Geen hindernis
50576,16,Kortrijk 1,Kortrijk,50.83332,3.27777,1.0813134112792535,50.82795784491663,3.264925913446927,2024,9,12,34022,Kortrijk,Regenval,"Nat, plassen",Dag,met lichtgewonden,9,personenauto,3,Fiets,Buiten Kruispunt,Gemeenteweg,binnen bebouwde kom,Tussen 2 bestuurders: Langs achteren,Geen hindernis
50576,17,Kortrijk 2,Kortrijk,50.83339,3.27773,1.0832910524239934,50.82795784491663,3.264925913446927,2024,9,12,34022,Kortrijk,Regenval,"Nat, plassen",Dag,met lichtgewonden,9,personenauto,3,Fiets,Buiten Kruispunt,Gemeenteweg,binnen bebouwde kom,Tussen 2 bestuurders: Langs achteren,Geen hindernis
50576,75,Kortrijk teller 2,Kortrijk,50.81925,3.25731,1.1062232858754582,50.82795784491663,3.264925913446927,2024,9,12,34022,Kortrijk,Regenval,"Nat, plassen",Dag,met lichtgewonden,9,personenauto,3,Fiets,Buiten Kruispunt,Gemeenteweg,binnen bebouwde kom,Tussen 2 bestuurders: Langs achteren,Geen hindernis
50576,74,Kortrijk teller 1,Kortrijk,50.81909,3.25728,1.1228356265059347,50.82795784491663,3.264925913446927,2024,9,12,34022,Kortrijk,Regenval,"Nat, plassen",Dag,met lichtgewonden,9,personenauto,3,Fiets,Buiten Kruispunt,Gemeenteweg,binnen bebouwde kom,Tussen 2 bestuurders: Langs achteren,Geen hindernis
50577,74,Kortrijk teller 1,Kortrijk,50.81909,3.25728,1.0337060803377727,50.81341662409988,3.2456239114152043,2024,9,15,34022,Kortrijk,Normaal,Droog,Dag,met lichtgewonden,9,personenauto,3,Fiets,Op Kruispunt,Gemeenteweg,binnen bebouwde kom,Tss. 2 best.: langs opzij (voor-/achterkant-flank),Geen hindernis
50577,75,Kortrijk teller 2,Kortrijk,50.81925,3.25731,1.046310608199515,50.81341662409988,3.2456239114152043,2024,9,15,34022,Kortrijk,Normaal,Droog,Dag,met lichtgewonden,9,personenauto,3,Fiets,Op Kruispunt,Gemeenteweg,binnen bebouwde kom,Tss. 2 best.: langs opzij (voor-/achterkant-flank),Geen hindernis
50577,143,Eco Display Classic Budastraat,Kortrijk,50.83066,3.26286,2.267654339713314,50.81341662409988,3.2456239114152043,2024,9,15,34022,Kortrijk,Normaal,Droog,Dag,met lichtgewonden,9,personenauto,3,Fiets,Op Kruispunt,Gemeenteweg,binnen bebouwde kom,Tss. 2 best.: langs opzij (voor-/achterkant-flank),Geen hindernis