crash_row_id,site_id,site_name,site_gemeente,site_lat,site_long,distance_km,crash_lat,crash_long,DT_YEAR_COLLISION,DT_MONTH_COLLISION,DT_TIME,CD_NIS,TX_MUNTY_COLLISION_NL,TX_WEATHER_NL,TX_ROAD_CONDITION_NL,TX_LIGHT_CONDITION_NL,TX_CLASS_ACCIDENTS_NL,CD_ROAD_USR_TYPE1,TX_ROAD_USR_TYPE1_NL,CD_ROAD_USR_TYPE2,TX_ROAD_USR_TYPE2_NL,TX_CROSSWAY_NL,CD_ROAD_TYPE_NL,TX_BUILD_UP_AREA_NL,TX_COLLISION_TYPE_NL,TX_OBSTACLES_NL
50578,143,Eco Display Classic Budastraat,Kortrijk,50.83066,3.26286,0.4709127805722722,50.826943733050655,3.2660753615853895,2024,9,18,34022,Kortrijk,Normaal,Droog,Dag,met lichtgewonden,3,Fiets,11,een weggebruiker tegen een hindernis,Buiten Kruispunt,Gewestweg,binnen bebouwde kom,Weggebruiker tegen hindernis buiten rijbaan,Andere hindernis
50578,75,Kortrijk teller 2,Kortrijk,50.81925,3.25731,1.0540341079634172,50.826943733050655,3.2660753615853895,2024,9,18,34022,Kortrijk,Normaal,Droog,Dag,met lichtgewonden,3,Fiets,11,een weggebruiker tegen een hindernis,Buiten Kruispunt,Gewestweg,binnen bebouwde kom,Weggebruiker tegen hindernis buiten rijbaan,Andere hindernis
50578,74,Kortrijk teller 1,Kortrijk,50.81909,3.25728,1.0697411068885294,50.826943733050655,3.2660753615853895,2024,9,18,34022,Kortrijk,Normaal,Droog,Dag,met lichtgewonden,3,Fiets,11,een weggebruiker tegen een hindernis,Buiten Kruispunt,Gewestweg,binnen bebouwde kom,Weggebruiker tegen hindernis buiten rijbaan,Andere hindernis
50578,16,Kortrijk 1,Kortrijk,50.83332,3.27777,1.0850394348055998,50.826943733050655,3.2660753615853895,2024,9,18,34022,Kortrijk,Normaal,Droog,Dag,met lichtgewonden,3,Fiets,11,een weggebruiker tegen een hindernis,Buiten Kruispunt,Gewestweg,binnen bebouwde kom,Weggebruiker tegen hindernis buiten rijbaan,Andere hindernis
50578,17,Kortrijk 2,Kortrijk,50.83339,3.27773,1.0880259671361212,50.826943733050655,3.2660753615853895,2024,9,18,34022,Kortrijk,Normaal,Droog,Dag,met lichtgewonden,3,Fiets,11,een weggebruiker tegen een hindernis,Buiten Kruispunt,Gewestweg,binnen bebouwde kom,Weggebruiker tegen hindernis buiten rijbaan,Andere hindernis
50579,143,Eco Display Classic Budastraat,Kortrijk,50.83066,3.26286,1.1995456257955226,50.82822089321151,3.2462230467171125,2024,9,8,34022,Kortrijk,Normaal,Droog,Dag,met lichtgewonden,3,Fiets,9,personenauto,Buiten Kruispunt,Gewestweg,binnen bebouwde kom,Tussen 2 bestuurders: Langs achteren,Geen hindernis
50579,75,Kortrijk teller 2,Kortrijk,50.81925,3.25731,1.2655184991242319,50.82822089321151,3.2462230467171125,2024,9,8,34022,Kortrijk,Normaal,Droog,Dag,met lichtgewonden,3,Fiets,9,personenauto,Buiten Kruispunt,Gewestweg,binnen bebouwde kom,Tussen 2 bestuurders: Langs achteren,Geen hindernis
50579,74,Kortrijk teller 1,Kortrijk,50.81909,3.25728,1.278308237170515,50.82822089321151,3.2462230467171125,2024,9,8,34022,Kortrijk,Normaal,Droog,Dag,met lichtgewonden,3,Fiets,9,personenauto,Buiten Kruispunt,Gewestweg,binnen bebouwde kom,Tussen 2 bestuurders: Langs achteren,Geen hindernis
50579,17,Kortrijk 2,Kortrijk,50.83339,3.27773,2.2862312755254894,50.82822089321151,3.2462230467171125,2024,9,8,34022,Kortrijk,Normaal,Droog,Dag,met lichtgewonden,3,Fiets,9,personenauto,Buiten Kruispunt,Gewestweg,binnen bebouwde kom,Tussen 2 bestuurders: Langs achteren,Geen hindernis
50579,16,Kortrijk 1,Kortrijk,50.83332,3.27777,2.2870099059841222,50.82822089321151,3.2462230467171125,2024,9,8,34022,Kortrijk,Normaal,Droog,Dag,met lichtgewonden,3,Fiets,9,personenauto,Buiten Kruispunt,Gewestweg,binnen bebouwde kom,Tussen 2 bestuurders: Langs achteren,Geen hindernis
50581,143,Eco Display Classic Budastraat,Kortrijk,50.83066,3.26286,0.524929653504162,50.83085260884412,3.2553920199633444,2024,9,9,34022,Kortrijk,Normaal,"Nat, plassen",Dag,met lichtgewonden,6,Bromfiets,3,Fiets,Op Kruispunt,Gewestweg,binnen bebouwde kom,Tss. 2 best.: langs opzij (voor-/achterkant-flank),Geen hindernis
50581,75,Kortrijk teller 2,Kortrijk,50.81925,3.25731,1.297166066600664,50.83085260884412,3.2553920199633444,2024,9,9,34022,Kortrijk,Normaal,"Nat, plassen",Dag,met lichtgewonden,6,Bromfiets,3,Fiets,Op Kruispunt,Gewestweg,binnen bebouwde kom,Tss. 2 best.: langs opzij (voor-/achterkant-flank),Geen hindernis
50581,74,Kortrijk teller 1,Kortrijk,50.81909,3.25728,1.3146481303779969,50.83085260884412,3.2553920199633444,2024,9,9,34022,Kortrijk,Normaal,"Nat, plassen",Dag,met lichtgewonden,6,Bromfiets,3,Fiets,Op Kruispunt,Gewestweg,binnen bebouwde kom,Tss. 2 best.: langs opzij (voor-/achterkant-flank),Geen hindernis
50581,17,Kortrijk 2,Kortrijk,50.83339,3.27773,1.5939689468081752,50.83085260884412,3.2553920199633444,2024,9,9,34022,Kortrijk,Normaal,"Nat, plassen",Dag,met lichtgewonden,6,Bromfiets,3,Fiets,Op Kruispunt,Gewestweg,binnen bebouwde kom,Tss. 2 best.: langs opzij (voor-/achterkant-flank),Geen hindernis
50581,16,Kortrijk 1,Kortrijk,50.83332,3.27777,1.595378045954846,50.83085260884412,3.2553920199633444,2024,9,9,34022,Kortrijk,Normaal,"Nat, plassen",Dag,met lichtgewonden,6,Bromfiets,3,Fiets,Op Kruispunt,Gewestweg,binnen bebouwde kom,Tss. 2 best.: langs opzij (voor-/achterkant-flank),Geen hindernis
50582,143,Eco Display Classic Budastraat,Kortrijk,50.83066,3.26286,0.7415954655984284,50.83269807116517,3.252805718262376,2024,9,10,34022,Kortrijk,Normaal,Droog,Dag,met lichtgewonden,3,Fiets,5,Lichte vrachtauto,Buiten Kruispunt,Gemeenteweg,binnen bebouwde kom,Tss. 2 best.: langs opzij (voor-/achterkant-flank),Geen hindernis
50582,75,Kortrijk teller 2,Kortrijk,50.81925,3.25731,1.528459494717479,50.83269807116517,3.252805718262376,2024,9,10,34022,Kortrijk,Normaal,Droog,Dag,met lichtgewonden,3,Fiets,5,Lichte vrachtauto,Buiten Kruispunt,Gemeenteweg,binnen bebouwde kom,Tss. 2 best.: langs opzij (voor-/achterkant-flank),Geen hindernis
50582,74,Kortrijk teller 1,Kortrijk,50.81909,3.25728,1.5454399912416386,50.83269807116517,3.252805718262376,2024,9,10,34022,Kortrijk,Normaal,Droog,Dag,met lichtgewonden,3,Fiets,5,Lichte vrachtauto,Buiten Kruispunt,Gemeenteweg,binnen bebouwde kom,Tss. 2 best.: langs opzij (voor-/achterkant-flank),Geen hindernis
50582,17,Kortrijk 2,Kortrijk,50.83339,3.27773,1.7520910992515688,50.83269807116517,3.252805718262376,2024,9,10,34022,Kortrijk,Normaal,Droog,Dag,met lichtgewonden,3,Fiets,5,Lichte vrachtauto,Buiten Kruispunt,Gemeenteweg,binnen bebouwde kom,Tss. 2 best.: langs opzij (voor-/achterkant-flank),Geen hindernis
50582,16,Kortrijk 1,Kortrijk,50.83332,3.27777,1.7545748350940789,50.83269807116517,3.252805718262376,2024,9,10,34022,Kortrijk,Normaal,Droog,Dag,met lichtgewonden,3,Fiets,5,Lichte vrachtauto,Buiten Kruispunt,Gemeenteweg,binnen bebouwde kom,Tss. 2 best.: langs opzij (voor-/achterkant-flank),Geen hindernis
50583,143,Eco Display Classic Budastraat,Kortrijk,50.83066,3.26286,1.3856133450891257,50.83672927378373,3.2456281613143467,2024,9,15,34022,Kortrijk,Normaal,Droog,Dag,met lichtgewonden,9,personenauto,3,Fiets,Buiten Kruispunt,Gemeenteweg,binnen bebouwde kom,Tussen 2 bestuurders: Flank tegen flank,Geen hindernis
50583,75,Kortrijk teller 2,Kortrijk,50.81925,3.25731,2.109694241372049,50.83672927378373,3.2456281613143467,2024,9,15,34022,Kortrijk,Normaal,Droog,Dag,met lichtgewonden,9,personenauto,3,Fiets,Buiten Kruispunt,Gemeenteweg,binnen bebouwde kom,Tussen 2 bestuurders: Flank tegen flank,Geen hindernis
50583,74,Kortrijk teller 1,Kortrijk,50.81909,3.25728,2.125284334404639,50.83672927378373,3.2456281613143467,2024,9,15,34022,Kortrijk,Normaal,Droog,Dag,met lichtgewonden,9,personenauto,3,Fiets,Buiten Kruispunt,Gemeenteweg,binnen bebouwde kom,Tussen 2 bestuurders: Flank tegen flank,Geen hindernis
50583,17,Kortrijk 2,Kortrijk,50.83339,3.27773,2.2847484289518274,50.83672927378373,3.2456281613143467,2024,9,15,34022,Kortrijk,Normaal,Droog,Dag,met lichtgewonden,9,personenauto,3,Fiets,Buiten Kruispunt,Gemeenteweg,binnen bebouwde kom,Tussen 2 bestuurders: Flank tegen flank,Geen hindernis
50583,16,Kortrijk 1,Kortrijk,50.83332,3.27777,2.2887981560488657,50.83672927378373,3.2456281613143467,2024,9,15,34022,Kortrijk,Normaal,Droog,Dag,met lichtgewonden,9,personenauto,3,Fiets,Buiten Kruispunt,Gemeenteweg,binnen bebouwde kom,Tussen 2 bestuurders: Flank tegen flank,Geen hindernis
50586,143,Eco Display Classic Budastraat,Kortrijk,50.83066,3.26286,1.2084191152455799,50.84063126295151,3.2560167808752194,2024,9,16,34022,Kortrijk,Normaal,Droog,Dag,met lichtgewonden,3,Fiets,11,een weggebruiker tegen een hindernis,Buiten Kruispunt,Gemeenteweg,binnen bebouwde kom,Weggebruiker tegen hindernis buiten rijbaan,Andere hindernis
50586,17,Kortrijk 2,Kortrijk,50.83339,3.27773,1.7243069166953489,50.84063126295151,3.2560167808752194,2024,9,16,34022,Kortrijk,Normaal,Droog,Dag,met lichtgewonden,3,Fiets,11,een weggebruiker tegen een hindernis,Buiten Kruispunt,Gemeenteweg,binnen bebouwde kom,Weggebruiker tegen hindernis buiten rijbaan,Andere hindernis
50586,16,Kortrijk 1,Kortrijk,50.83332,3.27777,1.7304354407445783,50.84063126295151,3.2560167808752194,2024,9,16,34022,Kortrijk,Normaal,Droog,Dag,met lichtgewonden,3,Fiets,11,een weggebruiker tegen een hindernis,Buiten Kruispunt,Gemeenteweg,binnen bebouwde kom,Weggebruiker tegen hindernis buiten rijbaan,Andere hindernis
50586,75,Kortrijk teller 2,Kortrijk,50.81925,3.25731,2.379222268809434,50.84063126295151,3.2560167808752194,2024,9,16,34022,Kortrijk,Normaal,Droog,Dag,met lichtgewonden,3,Fiets,11,een weggebruiker tegen een hindernis,Buiten Kruispunt,Gemeenteweg,binnen bebouwde kom,Weggebruiker tegen hindernis buiten rijbaan,Andere hindernis
50586,74,Kortrijk teller 1,Kortrijk,50.81909,3.25728,2.396921676438122,50.84063126295151,3.2560167808752194,2024,9,16,34022,Kortrijk,Normaal,Droog,Dag,met lichtgewonden,3,Fiets,11,een weggebruiker tegen een hindernis,Buiten Kruispunt,Gemeenteweg,binnen bebouwde kom,Weggebruiker tegen hindernis buiten rijbaan,Andere hindernis
50588,17,Kortrijk 2,Kortrijk,50.83339,3.27773,1.9486377340428123,50.849885421981284,3.2871001220309,2024,9,15,34023,Kuurne,Normaal,Droog,Dag,met lichtgewonden,3,Fiets,3,Fiets,Buiten Kruispunt,Gemeenteweg,binnen bebouwde kom,Tussen 2 bestuurders: Frontale botsing,Geen hindernis
50588,16,Kortrijk 1,Kortrijk,50.83332,3.27777,1.95502327356529,50.849885421981284,3.2871001220309,2024,9,15,34023,Kuurne,Normaal,Droog,Dag,met lichtgewonden,3,Fiets,3,Fiets,Buiten Kruispunt,Gemeenteweg,binnen bebouwde kom,Tussen 2 bestuurders: Frontale botsing,Geen hindernis
50590,16,Kortrijk 1,Kortrijk,50.83332,3.27777,2.4226649521037125,50.814675946906604,3.295616492653572,2024,10,8,34022,Kortrijk,Normaal,Droog,Dag,met lichtgewonden,9,personenauto,3,Fiets,Op Kruispunt,Gemeenteweg,binnen bebouwde kom,Tss. 2 best.: langs opzij (voor-/achterkant-flank),Geen hindernis
50590,17,Kortrijk 2,Kortrijk,50.83339,3.27773,2.4307794751258522,50.814675946906604,3.295616492653572,2024,10,8,34022,Kortrijk,Normaal,Droog,Dag,met lichtgewonden,9,personenauto,3,Fiets,Op Kruispunt,Gemeenteweg,binnen bebouwde kom,Tss. 2 best.: langs opzij (voor-/achterkant-flank),Geen hindernis
50591,74,Kortrijk teller 1,Kortrijk,50.81909,3.25728,1.8380558613638487,50.81961529366361,3.2311284733184547,2024,10,10,34022,Kortrijk,Normaal,Droog,Dag,met zwaargewonden,3,Fiets,3,Fiets,Buiten Kruispunt,Gemeenteweg,binnen bebouwde kom,Tussen 2 bestuurders: Frontale botsing,Geen hindernis
50591,75,Kortrijk teller 2,Kortrijk,50.81925,3.25731,1.839680347396763,50.81961529366361,3.2311284733184547,2024,10,10,34022,Kortrijk,Normaal,Droog,Dag,met zwaargewonden,3,Fiets,3,Fiets,Buiten Kruispunt,Gemeenteweg,binnen bebouwde kom,Tussen 2 bestuurders: Frontale botsing,Geen hindernis
50592,74,Kortrijk teller 1,Kortrijk,50.81909,3.25728,2.1429261606900694,50.80068455328776,3.266321516401585,2024,10,8,34022,Kortrijk,Normaal,Droog,Dag,met lichtgewonden,9,personenauto,3,Fiets,Buiten Kruispunt,Gemeenteweg,buiten bebouwde kom,Tss. 2 best.: langs opzij (voor-/achterkant-flank),Geen hindernis
50592,75,Kortrijk teller 2,Kortrijk,50.81925,3.25731,2.159304629263943,50.80068455328776,3.266321516401585,2024,10,8,34022,Kortrijk,Normaal,Droog,Dag,met lichtgewonden,9,personenauto,3,Fiets,Buiten Kruispunt,Gemeenteweg,buiten bebouwde kom,Tss. 2 best.: langs opzij (voor-/achterkant-flank),Geen hindernis
50593,17,Kortrijk 2,Kortrijk,50.83339,3.27773,0.3390101494854034,50.83249393244534,3.2731159845674225,2024,10,19,34022,Kortrijk,Normaal,Droog,"Nacht, openbare verlichting aanwezig en ontstoken",met lichtgewonden,9,personenauto,3,Fiets,Buiten Kruispunt,Gewestweg,binnen bebouwde kom,Tss. 2 best.: langs opzij (voor-/achterkant-flank),Geen hindernis
50593,16,Kortrijk 1,Kortrijk,50.83332,3.27777,0.33950841530970166,50.83249393244534,3.2731159845674225,2024,10,19,34022,Kortrijk,Normaal,Droog,"Nacht, openbare verlichting aanwezig en ontstoken",met lichtgewonden,9,personenauto,3,Fiets,Buiten Kruispunt,Gewestweg,binnen bebouwde kom,Tss. 2 best.: langs opzij (voor-/achterkant-flank),Geen hindernis
50593,143,Eco Display Classic Budastraat,Kortrijk,50.83066,3.26286,0.7485981207473362,50.83249393244534,3.2731159845674225,2024,10,19,34022,Kortrijk,Normaal,Droog,"Nacht, openbare verlichting aanwezig en ontstoken",met lichtgewonden,9,personenauto,3,Fiets,Buiten Kruispunt,Gewestweg,binnen bebouwde kom,Tss. 2 best.: langs opzij (voor-/achterkant-flank),Geen hindernis
50593,75,Kortrijk teller 2,Kortrijk,50.81925,3.25731,1.8442551286661486,50.83249393244534,3.2731159845674225,2024,10,19,34022,Kortrijk,Normaal,Droog,"Nacht, openbare verlichting aanwezig en ontstoken",met lichtgewonden,9,personenauto,3,Fiets,Buiten Kruispunt,Gewestweg,binnen bebouwde kom,Tss. 2 best.: langs opzij (voor-/achterkant-flank),Geen hindernis
50593,74,Kortrijk teller 1,Kortrijk,50.81909,3.25728,1.85975312269422,50.83249393244534,3.2731159845674225,2024,10,19,34022,Kortrijk,Normaal,Droog,"Nacht, openbare verlichting aanwezig en ontstoken",met lichtgewonden,9,personenauto,3,Fiets,Buiten Kruispunt,Gewestweg,binnen bebouwde kom,Tss. 2 best.: langs opzij (voor-/achterkant-flank),Geen hindernis
50594,143,Eco Display Classic Budastraat,Kortrijk,50.83066,3.26286,0.7851402820251794,50.8262947093293,3.27164638840381,2024,10,7,34022,Kortrijk,Normaal,"Nat, plassen","Nacht, geen openbare verlichting aanwezig",met lichtgewonden,9,personenauto,3,Fiets,Op Kruispunt,Gemeenteweg,binnen bebouwde kom,Tss. 2 best.: langs opzij (voor-/achterkant-flank),Geen hindernis
50594,16,Kortrijk 1,Kortrijk,50.83332,3.27777,0.8917447569600272,50.8262947093293,3.27164638840381,2024,10,7,34022,Kortrijk,Normaal,"Nat, plassen","Nacht, geen openbare verlichting aanwezig",met lichtgewonden,9,personenauto,3,Fiets,Op Kruispunt,Gemeenteweg,binnen bebouwde kom,Tss. 2 best.: langs opzij (voor-/achterkant-flank),Geen hindernis
50594,17,Kortrijk 2,Kortrijk,50.83339,3.27773,0.8972297444388404,50.8262947093293,3.27164638840381,2024,10,7,34022,Kortrijk,Normaal,"Nat, plassen","Nacht, geen openbare verlichting aanwezig",met lichtgewonden,9,personenauto,3,Fiets,Op Kruispunt,Gemeenteweg,binnen bebouwde kom,Tss. 2 best.: langs opzij (voor-/achterkant-flank),Geen hindernis
50594,75,Kortrijk teller 2,Kortrijk,50.81925,3.25731,1.2758373978632769,50.8262947093293,3.27164638840381,2024,10,7,34022,Kortrijk,Normaal,"Nat, plassen","Nacht, geen openbare verlichting aanwezig",met lichtgewonden,9,personenauto,3,Fiets,Op Kruispunt,Gemeenteweg,binnen bebouwde kom,Tss. 2 best.: langs opzij (voor-/achterkant-flank),Geen hindernis
50594,74,Kortrijk teller 1,Kortrijk,50.81909,3.25728,1.2884885850655776,50.8262947093293,3.27164638840381,2024,10,7,34022,Kortrijk,Normaal,"Nat, plassen","Nacht, geen openbare verlichting aanwezig",met lichtgewonden,9,personenauto,3,Fiets,Op Kruispunt,Gemeenteweg,binnen bebouwde kom,Tss. 2 best.: langs opzij (voor-/achterkant-flank),Geen hindernis
50595,74,Kortrijk teller 1,Kortrijk,50.81909,3.25728,0.878874488409592,50.814056222732276,3.2476351382673427,2024,10,7,34022,Kortrijk,Normaal,Droog,Dageraad - schemering,met lichtgewonden,9,personenauto,3,Fiets,Op Kruispunt,Gemeenteweg,binnen bebouwde kom,Tss. 2 best.: langs opzij (voor-/achterkant-flank),Geen hindernis
50595,75,Kortrijk teller 2,Kortrijk,50.81925,3.25731,0.8919150516297462,50.814056222732276,3.2476351382673427,2024,10,7,34022,Kortrijk,Normaal,Droog,Dageraad - schemering,met lichtgewonden,9,personenauto,3,Fiets,Op Kruispunt,Gemeenteweg,binnen bebouwde kom,Tss. 2 best.: langs opzij (voor-/achterkant-flank),Geen hindernis
50595,143,Eco Display Classic Budastraat,Kortrijk,50.83066,3.26286,2.133640445883776,50.814056222732276,3.2476351382673427,2024,10,7,34022,Kortrijk,Normaal,Droog,Dageraad - schemering,met lichtgewonden,9,personenauto,3,Fiets,Op Kruispunt,Gemeenteweg,binnen bebouwde kom,Tss. 2 best.: langs opzij (voor-/achterkant-flank),Geen hindernis
50596,143,Eco Display Classic Budastraat,Kortrijk,50.83066,3.26286,1.593457530981029,50.84390451323013,3.2541955756734464,2024,10,11,34022,Kortrijk,Normaal,Droog,Dag,met lichtgewonden,3,Fiets,9,personenauto,Buiten Kruispunt,Gemeenteweg,buiten bebouwde kom,Tss. 2 best.: langs opzij (voor-/achterkant-flank),Geen hindernis
50596,17,Kortrijk 2,Kortrijk,50.83339,3.27773,2.0243530535712755,50.84390451323013,3.2541955756734464,2024,10,11,34022,Kortrijk,Normaal,Droog,Dag,met lichtgewonden,3,Fiets,9,personenauto,Buiten Kruispunt,Gemeenteweg,buiten bebouwde kom,Tss. 2 best.: langs opzij (voor-/achterkant-flank),Geen hindernis
50596,16,Kortrijk 1,Kortrijk,50.83332,3.27777,2.031147997428322,50.84390451323013,3.2541955756734464,2024,10,11,34022,Kortrijk,Normaal,Droog,Dag,met lichtgewonden,3,Fiets,9,personenauto,Buiten Kruispunt,Gemeenteweg,buiten bebouwde kom,Tss. 2 best.: langs opzij (voor-/achterkant-flank),Geen hindernis
50620,16,Kortrijk 1,Kortrijk,50.83332,3.27777,1.6486084786135078,50.8312227311364,3.30100840436542,2024,9,13,34013,Harelbeke,Normaal,Droog,Dag,met lichtgewonden,3,Fiets,10,"één bestuurder, geen hindernis",Buiten Kruispunt,Gemeenteweg,binnen bebouwde kom,"Eén bestuurder, geen hindernis (incl. val)",Geen hindernis
50620,17,Kortrijk 2,Kortrijk,50.83339,3.27773,1.6525054173812468,50.8312227311364,3.30100840436542,2024,9,13,34013,Harelbeke,Normaal,Droog,Dag,met lichtgewonden,3,Fiets,10,"één bestuurder, geen hindernis",Buiten Kruispunt,Gemeenteweg,binnen bebouwde kom,"Eén bestuurder, geen hindernis (incl. val)",Geen hindernis
50641,64,Nieuwpoort teller 1,Nieuwpoort,51.13359,2.75737,1.8673633978851005,51.1174380827341,2.764695966034432,2024,9,6,38016,Nieuwpoort,Normaal,Droog,Dageraad - schemering,met lichtgewonden,9,personenauto,3,Fiets,Op Kruispunt,Gewestweg,buiten bebouwde kom,Tussen 2 bestuurders: Flank tegen flank,Geen hindernis
50641,65,Nieuwpoort teller 2,Nieuwpoort,51.13435,2.75511,1.9959670004022305,51.1174380827341,2.764695966034432,2024,9,6,38016,Nieuwpoort,Normaal,Droog,Dageraad - schemering,met lichtgewonden,9,personenauto,3,Fiets,Op Kruispunt,Gewestweg,buiten bebouwde kom,Tussen 2 bestuurders: Flank tegen flank,Geen hindernis
50641,66,Nieuwpoort totem,Nieuwpoort,51.1347,2.74369,2.4152072396562283,51.1174380827341,2.764695966034432,2024,9,6,38016,Nieuwpoort,Normaal,Droog,Dageraad - schemering,met lichtgewonden,9,personenauto,3,Fiets,Op Kruispunt,Gewestweg,buiten bebouwde kom,Tussen 2 bestuurders: Flank tegen flank,Geen hindernis
50642,67,Ieper totem,Ieper,50.85018,2.85624,1.5698420033767468,50.84714633821624,2.878078415397084,2024,9,20,33011,Ieper,Regenval,"Nat, plassen","Nacht, openbare verlichting aanwezig en ontstoken",met lichtgewonden,6,Bromfiets,3,Fiets,Buiten Kruispunt,Gewestweg,binnen bebouwde kom,Tss. 2 best.: langs opzij (voor-/achterkant-flank),Geen hindernis
50642,68,Ieper,Ieper,50.85032,2.85608,1.5842069186032055,50.84714633821624,2.878078415397084,2024,9,20,33011,Ieper,Regenval,"Nat, plassen","Nacht, openbare verlichting aanwezig en ontstoken",met lichtgewonden,6,Bromfiets,3,Fiets,Buiten Kruispunt,Gewestweg,binnen bebouwde kom,Tss. 2 best.: langs opzij (voor-/achterkant-flank),Geen hindernis
50648,62,Wervik teller 1,Wervik,50.8058,3.09154,1.1442408265812163,50.80986841045791,3.076582475389465,2024,10,14,33029,Wervik,Normaal,Droog,Dag,met lichtgewonden,1,Autobus,3,Fiets,Op Kruispunt,Gewestweg,binnen bebouwde kom,Tss. 2 best.: langs opzij (voor-/achterkant-flank),Geen hindernis
50648,61,Wervik teller 2,Wervik,50.80555,3.0921,1.1914191678306776,50.80986841045791,3.076582475389465,2024,10,14,33029,Wervik,Normaal,Droog,Dag,met lichtgewonden,1,Autobus,3,Fiets,Op Kruispunt,Gewestweg,binnen bebouwde kom,Tss. 2 best.: langs opzij (voor-/achterkant-flank),Geen hindernis
50651,67,Ieper totem,Ieper,50.85018,2.85624,1.9512708684054139,50.851725147801524,2.883927212206454,2024,10,14,33011,Ieper,Normaal,Droog,Dag,met lichtgewonden,5,Lichte vrachtauto,3,Fiets,Op Kruispunt,Gemeenteweg,binnen bebouwde kom,Tss. 2 best.: langs opzij (voor-/achterkant-flank),Geen hindernis
50651,68,Ieper,Ieper,50.85032,2.85608,1.9611552551074878,50.851725147801524,2.883927212206454,2024,10,14,33011,Ieper,Normaal,Droog,Dag,met lichtgewonden,5,Lichte vrachtauto,3,Fiets,Op Kruispunt,Gemeenteweg,binnen bebouwde kom,Tss. 2 best.: langs opzij (voor-/achterkant-flank),Geen hindernis
50652,67,Ieper totem,Ieper,50.85018,2.85624,1.8113031793717438,50.855754590568075,2.880484526014435,2024,10,14,33011,Ieper,Normaal,Droog,Dag,met lichtgewonden,3,Fiets,5,Lichte vrachtauto,Op Kruispunt,Gemeenteweg,binnen bebouwde kom,Tss. 2 best.: langs opzij (voor-/achterkant-flank),Geen hindernis
50652,68,Ieper,Ieper,50.85032,2.85608,1.8166208266761974,50.855754590568075,2.880484526014435,2024,10,14,33011,Ieper,Normaal,Droog,Dag,met lichtgewonden,3,Fiets,5,Lichte vrachtauto,Op Kruispunt,Gemeenteweg,binnen bebouwde kom,Tss. 2 best.: langs opzij (voor-/achterkant-flank),Geen hindernis
50653,67,Ieper totem,Ieper,50.85018,2.85624,1.7819916144214014,50.858917862824526,2.8775204778709154,2024,10,7,33011,Ieper,Normaal,Droog,"Nacht, openbare verlichting aanwezig en ontstoken",met lichtgewonden,9,personenauto,3,Fiets,Buiten Kruispunt,Gewestweg,binnen bebouwde kom,Tss. 2 best.: langs opzij (voor-/achterkant-flank),Geen hindernis
50653,68,Ieper,Ieper,50.85032,2.85608,1.7830200587644056,50.858917862824526,2.8775204778709154,2024,10,7,33011,Ieper,Normaal,Droog,"Nacht, openbare verlichting aanwezig en ontstoken",met lichtgewonden,9,personenauto,3,Fiets,Buiten Kruispunt,Gewestweg,binnen bebouwde kom,Tss. 2 best.: langs opzij (voor-/achterkant-flank),Geen hindernis
50654,68,Ieper,Ieper,50.85032,2.85608,1.3780884989148845,50.86164994550604,2.8640368506490668,2024,10,12,33011,Ieper,Normaal,Droog,Dag,met lichtgewonden,3,Fiets,8,Voetganger,Buiten Kruispunt,Gewestweg,buiten bebouwde kom,Met een voetganger,Geen hindernis
50654,67,Ieper totem,Ieper,50.85018,2.85624,1.3878674182635773,50.86164994550604,2.8640368506490668,2024,10,12,33011,Ieper,Normaal,Droog,Dag,met lichtgewonden,3,Fiets,8,Voetganger,Buiten Kruispunt,Gewestweg,buiten bebouwde kom,Met een voetganger,Geen hindernis
50656,67,Ieper totem,Ieper,50.85018,2.85624,1.6815211051225638,50.84883536250995,2.880097064056313,2024,10,12,33011,Ieper,Normaal,Droog,Dag,met lichtgewonden,9,personenauto,3,Fiets,Op Kruispunt,Gemeenteweg,binnen bebouwde kom,Tussen 2 bestuurders: Frontale botsing,Geen hindernis
50656,68,Ieper,Ieper,50.85032,2.85608,1.6941530468889416,50.84883536250995,2.880097064056313,2024,10,12,33011,Ieper,Normaal,Droog,Dag,met lichtgewonden,9,personenauto,3,Fiets,Op Kruispunt,Gemeenteweg,binnen bebouwde kom,Tussen 2 bestuurders: Frontale botsing,Geen hindernis
50660,67,Ieper totem,Ieper,50.85018,2.85624,0.75366600191161,50.84893554419306,2.866792886210609,2024,10,7,33011,Ieper,Normaal,Droog,Dageraad - schemering,met lichtgewonden,9,personenauto,3,Fiets,Op Kruispunt,Gewestweg,binnen bebouwde kom,Tss. 2 best.: langs opzij (voor-/achterkant-flank),Geen hindernis
50660,68,Ieper,Ieper,50.85032,2.85608,0.7676789905874863,50.84893554419306,2.866792886210609,2024,10,7,33011,Ieper,Normaal,Droog,Dageraad - schemering,met lichtgewonden,9,personenauto,3,Fiets,Op Kruispunt,Gewestweg,binnen bebouwde kom,Tss. 2 best.: langs opzij (voor-/achterkant-flank),Geen hindernis
50661,67,Ieper totem,Ieper,50.85018,2.85624,2.474128426624503,50.84239651982775,2.8892531121695444,2024,10,15,33011,Ieper,Regenval,"Nat, plassen",Dag,Met doden,4,Vrachtwagen,3,Fiets,Buiten Kruispunt,Gewestweg,binnen bebouwde kom,Tss. 2 best.: langs opzij (voor-/achterkant-flank),Geen hindernis
50661,68,Ieper,Ieper,50.85032,2.85608,2.4901172739105837,50.84239651982775,2.8892531121695444,2024,10,15,33011,Ieper,Regenval,"Nat, plassen",Dag,Met doden,4,Vrachtwagen,3,Fiets,Buiten Kruispunt,Gewestweg,binnen bebouwde kom,Tss. 2 best.: langs opzij (voor-/achterkant-flank),Geen hindernis