crash_row_id,site_id,site_name,site_gemeente,site_lat,site_long,distance_km,crash_lat,crash_long,DT_YEAR_COLLISION,DT_MONTH_COLLISION,DT_TIME,CD_NIS,TX_MUNTY_COLLISION_NL,TX_WEATHER_NL,TX_ROAD_CONDITION_NL,TX_LIGHT_CONDITION_NL,TX_CLASS_ACCIDENTS_NL,CD_ROAD_USR_TYPE1,TX_ROAD_USR_TYPE1_NL,CD_ROAD_USR_TYPE2,TX_ROAD_USR_TYPE2_NL,TX_CROSSWAY_NL,CD_ROAD_TYPE_NL,TX_BUILD_UP_AREA_NL,TX_COLLISION_TYPE_NL,TX_OBSTACLES_NL
50662,41,Maasmechelen teller 1,Maasmechelen,50.97025,5.69799,0.9089866689095679,50.971884147534624,5.685270370233091,2024,10,11,73107,Maasmechelen,Normaal,Droog,Dag,met lichtgewonden,3,Fiets,9,personenauto,Op Kruispunt,Gemeenteweg,binnen bebouwde kom,Tss. 2 best.: langs opzij (voor-/achterkant-flank),Geen hindernis
50662,42,Maasmechelen teller 2,Maasmechelen,50.97043,5.6981,0.9127758003734562,50.971884147534624,5.685270370233091,2024,10,11,73107,Maasmechelen,Normaal,Droog,Dag,met lichtgewonden,3,Fiets,9,personenauto,Op Kruispunt,Gemeenteweg,binnen bebouwde kom,Tss. 2 best.: langs opzij (voor-/achterkant-flank),Geen hindernis
50663,42,Maasmechelen teller 2,Maasmechelen,50.97043,5.6981,1.2780350666339346,50.98192128239436,5.697729859084398,2024,10,8,73107,Maasmechelen,Normaal,Droog,Dag,met lichtgewonden,9,personenauto,3,Fiets,Op Kruispunt,Gemeenteweg,binnen bebouwde kom,Tss. 2 best.: langs opzij (voor-/achterkant-flank),Geen hindernis
50663,41,Maasmechelen teller 1,Maasmechelen,50.97025,5.69799,1.297915187509713,50.98192128239436,5.697729859084398,2024,10,8,73107,Maasmechelen,Normaal,Droog,Dag,met lichtgewonden,9,personenauto,3,Fiets,Op Kruispunt,Gemeenteweg,binnen bebouwde kom,Tss. 2 best.: langs opzij (voor-/achterkant-flank),Geen hindernis
50664,42,Maasmechelen teller 2,Maasmechelen,50.97043,5.6981,2.0528972884152776,50.98745224477218,5.7094531568435,2024,10,16,73107,Maasmechelen,Normaal,Droog,Dag,met lichtgewonden,6,Bromfiets,3,Fiets,Buiten Kruispunt,Gemeenteweg,binnen bebouwde kom,Tussen 2 bestuurders: Frontale botsing,Geen hindernis
50664,41,Maasmechelen teller 1,Maasmechelen,50.97025,5.69799,2.0743336595744557,50.98745224477218,5.7094531568435,2024,10,16,73107,Maasmechelen,Normaal,Droog,Dag,met lichtgewonden,6,Bromfiets,3,Fiets,Buiten Kruispunt,Gemeenteweg,binnen bebouwde kom,Tussen 2 bestuurders: Frontale botsing,Geen hindernis
50665,42,Maasmechelen teller 2,Maasmechelen,50.97043,5.6981,1.0882584113996157,50.97988469545925,5.702115574549876,2024,9,15,73107,Maasmechelen,Normaal,Droog,Dag,met zwaargewonden,7,Motorfiets,3,Fiets,Buiten Kruispunt,Gewestweg,buiten bebouwde kom,Tss. 2 best.: langs opzij (voor-/achterkant-flank),Geen hindernis
50665,41,Maasmechelen teller 1,Maasmechelen,50.97025,5.69799,1.1095861876055755,50.97988469545925,5.702115574549876,2024,9,15,73107,Maasmechelen,Normaal,Droog,Dag,met zwaargewonden,7,Motorfiets,3,Fiets,Buiten Kruispunt,Gewestweg,buiten bebouwde kom,Tss. 2 best.: langs opzij (voor-/achterkant-flank),Geen hindernis
50670,18,Oostende 1,Oostende,51.21378,2.92765,1.3948545044672163,51.22324067095432,2.940801255389847,2024,9,8,35013,Oostende,Normaal,Droog,Dag,met lichtgewonden,6,Bromfiets,3,Fiets,Op Kruispunt,Gewestweg,buiten bebouwde kom,Tss. 2 best.: langs opzij (voor-/achterkant-flank),Geen hindernis
50670,15,Oostende 2,Oostende,51.21371,2.92743,1.4108016203318936,51.22324067095432,2.940801255389847,2024,9,8,35013,Oostende,Normaal,Droog,Dag,met lichtgewonden,6,Bromfiets,3,Fiets,Op Kruispunt,Gewestweg,buiten bebouwde kom,Tss. 2 best.: langs opzij (voor-/achterkant-flank),Geen hindernis
50678,124,Beveren teller 2,Beveren,51.1964712,4.2361077,2.487828207997098,51.21413172524626,4.258031866599423,2024,10,11,46003,Beveren,Onbekend,Onbekend,Dag,met lichtgewonden,3,Fiets,8,Voetganger,Buiten Kruispunt,Gemeenteweg,onbekend,Met een voetganger,Geen hindernis
50680,124,Beveren teller 2,Beveren,51.1964712,4.2361077,0.8765215987643151,51.203795655903676,4.240757815065815,2024,9,16,46003,Beveren,Regenval,"Nat, plassen",Dag,met lichtgewonden,8,Voetganger,3,Fiets,Buiten Kruispunt,Gewestweg,binnen bebouwde kom,Met een voetganger,Geen hindernis
50684,124,Beveren teller 2,Beveren,51.1964712,4.2361077,0.07930366067578058,51.19718398622332,4.236069174084404,2024,9,16,46003,Beveren,Normaal,Droog,Dag,met lichtgewonden,3,Fiets,8,Voetganger,Buiten Kruispunt,Gemeenteweg,buiten bebouwde kom,Met een voetganger,Geen hindernis
50690,124,Beveren teller 2,Beveren,51.1964712,4.2361077,2.2419970247522167,51.21262814108367,4.255359302295199,2024,10,17,46003,Beveren,Normaal,Droog,Dag,met zwaargewonden,5,Lichte vrachtauto,3,Fiets,Op Kruispunt,Gewestweg,binnen bebouwde kom,Tss. 2 best.: langs opzij (voor-/achterkant-flank),Geen hindernis
50695,83,Beersel teller 2,Beersel,50.75175,4.33304,1.81553206170919,50.76429382109155,4.316518038727765,2024,10,11,23003,Beersel,Mist (zichtbaarheid minder dan 100m),Droog,Dag,met zwaargewonden,5,Lichte vrachtauto,3,Fiets,Op Kruispunt,Gemeenteweg,binnen bebouwde kom,Tss. 2 best.: langs opzij (voor-/achterkant-flank),Geen hindernis
50695,82,Beersel teller 1,Beersel,50.75128,4.33336,1.8701653461543695,50.76429382109155,4.316518038727765,2024,10,11,23003,Beersel,Mist (zichtbaarheid minder dan 100m),Droog,Dag,met zwaargewonden,5,Lichte vrachtauto,3,Fiets,Op Kruispunt,Gemeenteweg,binnen bebouwde kom,Tss. 2 best.: langs opzij (voor-/achterkant-flank),Geen hindernis
50696,106,St. pieters leeuw teller 1,Sint-Pieters-Leeuw,50.75533,4.24951,1.9384101196397783,50.7664312523701,4.2707583537722735,2024,10,7,23003,Beersel,Normaal,Droog,"Nacht, openb. verlicht. aanw., maar niet ontstoken",met lichtgewonden,9,personenauto,3,Fiets,Op Kruispunt,Gemeenteweg,binnen bebouwde kom,Tss. 2 best.: langs opzij (voor-/achterkant-flank),Geen hindernis
50696,105,St. pieters leeuw teller 2,Halle,50.75509,4.24943,1.9598197082204316,50.7664312523701,4.2707583537722735,2024,10,7,23003,Beersel,Normaal,Droog,"Nacht, openb. verlicht. aanw., maar niet ontstoken",met lichtgewonden,9,personenauto,3,Fiets,Op Kruispunt,Gemeenteweg,binnen bebouwde kom,Tss. 2 best.: langs opzij (voor-/achterkant-flank),Geen hindernis
50698,83,Beersel teller 2,Beersel,50.75175,4.33304,1.4283108169090177,50.755383670756345,4.313565881678749,2024,10,8,23003,Beersel,Regenval,"Nat, plassen",Dag,met zwaargewonden,9,personenauto,3,Fiets,Op Kruispunt,Gemeenteweg,binnen bebouwde kom,Tss. 2 best.: langs opzij (voor-/achterkant-flank),Geen hindernis
50698,82,Beersel teller 1,Beersel,50.75128,4.33336,1.465346883696566,50.755383670756345,4.313565881678749,2024,10,8,23003,Beersel,Regenval,"Nat, plassen",Dag,met zwaargewonden,9,personenauto,3,Fiets,Op Kruispunt,Gemeenteweg,binnen bebouwde kom,Tss. 2 best.: langs opzij (voor-/achterkant-flank),Geen hindernis
50700,140,Hasselt ring,Hasselt,50.9300038,5.3438616,0.9937445167885169,50.92687511593857,5.3305797660342105,2024,10,7,71022,Hasselt,Normaal,Droog,Dag,met lichtgewonden,9,personenauto,3,Fiets,Op Kruispunt,Gemeenteweg,binnen bebouwde kom,Tussen 2 bestuurders: Langs achteren,Geen hindernis
50700,138,Hasselt-Kempische brug,Hasselt,50.9405318,5.3422472,1.7246767875605418,50.92687511593857,5.3305797660342105,2024,10,7,71022,Hasselt,Normaal,Droog,Dag,met lichtgewonden,9,personenauto,3,Fiets,Op Kruispunt,Gemeenteweg,binnen bebouwde kom,Tussen 2 bestuurders: Langs achteren,Geen hindernis
50700,137,Hasselt-Kempische brug,Hasselt,50.9411605,5.3417576,1.7710957522033854,50.92687511593857,5.3305797660342105,2024,10,7,71022,Hasselt,Normaal,Droog,Dag,met lichtgewonden,9,personenauto,3,Fiets,Op Kruispunt,Gemeenteweg,binnen bebouwde kom,Tussen 2 bestuurders: Langs achteren,Geen hindernis
50701,138,Hasselt-Kempische brug,Hasselt,50.9405318,5.3422472,1.1265740874529802,50.94013873375356,5.358313578934781,2024,10,17,71022,Hasselt,Normaal,Droog,Dag,met lichtgewonden,3,Fiets,3,Fiets,Buiten Kruispunt,Gemeenteweg,buiten bebouwde kom,Tss. 2 best.: langs opzij (voor-/achterkant-flank),Geen hindernis
50701,137,Hasselt-Kempische brug,Hasselt,50.9411605,5.3417576,1.1655735668693221,50.94013873375356,5.358313578934781,2024,10,17,71022,Hasselt,Normaal,Droog,Dag,met lichtgewonden,3,Fiets,3,Fiets,Buiten Kruispunt,Gemeenteweg,buiten bebouwde kom,Tss. 2 best.: langs opzij (voor-/achterkant-flank),Geen hindernis
50701,140,Hasselt ring,Hasselt,50.9300038,5.3438616,1.5151348630170747,50.94013873375356,5.358313578934781,2024,10,17,71022,Hasselt,Normaal,Droog,Dag,met lichtgewonden,3,Fiets,3,Fiets,Buiten Kruispunt,Gemeenteweg,buiten bebouwde kom,Tss. 2 best.: langs opzij (voor-/achterkant-flank),Geen hindernis
50702,137,Hasselt-Kempische brug,Hasselt,50.9411605,5.3417576,1.7200662744952293,50.93786626649394,5.317772326973515,2024,10,17,71022,Hasselt,Normaal,Droog,Dag,met lichtgewonden,3,Fiets,9,personenauto,Buiten Kruispunt,Gewestweg,buiten bebouwde kom,Tussen 2 bestuurders: Frontale botsing,Geen hindernis
50702,138,Hasselt-Kempische brug,Hasselt,50.9405318,5.3422472,1.740351993698102,50.93786626649394,5.317772326973515,2024,10,17,71022,Hasselt,Normaal,Droog,Dag,met lichtgewonden,3,Fiets,9,personenauto,Buiten Kruispunt,Gewestweg,buiten bebouwde kom,Tussen 2 bestuurders: Frontale botsing,Geen hindernis
50702,140,Hasselt ring,Hasselt,50.9300038,5.3438616,2.0265370890425354,50.93786626649394,5.317772326973515,2024,10,17,71022,Hasselt,Normaal,Droog,Dag,met lichtgewonden,3,Fiets,9,personenauto,Buiten Kruispunt,Gewestweg,buiten bebouwde kom,Tussen 2 bestuurders: Frontale botsing,Geen hindernis
50703,140,Hasselt ring,Hasselt,50.9300038,5.3438616,1.8490204226557145,50.920823967366935,5.321865002656207,2024,10,18,71022,Hasselt,Normaal,Droog,Dageraad - schemering,met lichtgewonden,3,Fiets,3,Fiets,Buiten Kruispunt,Gewestweg,binnen bebouwde kom,Tussen 2 bestuurders: Frontale botsing,Geen hindernis
50706,140,Hasselt ring,Hasselt,50.9300038,5.3438616,1.376429711319449,50.91926712568446,5.353634873145348,2024,10,5,71022,Hasselt,Normaal,Droog,Dag,met lichtgewonden,6,Bromfiets,3,Fiets,Op Kruispunt,Gewestweg,buiten bebouwde kom,Tss. 2 best.: langs opzij (voor-/achterkant-flank),Geen hindernis
50706,138,Hasselt-Kempische brug,Hasselt,50.9405318,5.3422472,2.4955774764621967,50.91926712568446,5.353634873145348,2024,10,5,71022,Hasselt,Normaal,Droog,Dag,met lichtgewonden,6,Bromfiets,3,Fiets,Op Kruispunt,Gewestweg,buiten bebouwde kom,Tss. 2 best.: langs opzij (voor-/achterkant-flank),Geen hindernis
50709,138,Hasselt-Kempische brug,Hasselt,50.9405318,5.3422472,1.143526180343635,50.9370073895335,5.3575787703000275,2024,10,15,71022,Hasselt,Normaal,Droog,Dag,met lichtgewonden,9,personenauto,3,Fiets,Op Kruispunt,Gewestweg,buiten bebouwde kom,Tss. 2 best.: langs opzij (voor-/achterkant-flank),Geen hindernis
50709,137,Hasselt-Kempische brug,Hasselt,50.9411605,5.3417576,1.2009169498210293,50.9370073895335,5.3575787703000275,2024,10,15,71022,Hasselt,Normaal,Droog,Dag,met lichtgewonden,9,personenauto,3,Fiets,Op Kruispunt,Gewestweg,buiten bebouwde kom,Tss. 2 best.: langs opzij (voor-/achterkant-flank),Geen hindernis
50709,140,Hasselt ring,Hasselt,50.9300038,5.3438616,1.2371348105443183,50.9370073895335,5.3575787703000275,2024,10,15,71022,Hasselt,Normaal,Droog,Dag,met lichtgewonden,9,personenauto,3,Fiets,Op Kruispunt,Gewestweg,buiten bebouwde kom,Tss. 2 best.: langs opzij (voor-/achterkant-flank),Geen hindernis
50710,137,Hasselt-Kempische brug,Hasselt,50.9411605,5.3417576,2.368410373060876,50.939598626288706,5.308046576828393,2024,10,13,71022,Hasselt,Normaal,Droog,Dag,met lichtgewonden,9,personenauto,3,Fiets,Buiten Kruispunt,Gewestweg,buiten bebouwde kom,Tss. 2 best.: langs opzij (voor-/achterkant-flank),Geen hindernis
50710,138,Hasselt-Kempische brug,Hasselt,50.9405318,5.3422472,2.3986007511269856,50.939598626288706,5.308046576828393,2024,10,13,71022,Hasselt,Normaal,Droog,Dag,met lichtgewonden,9,personenauto,3,Fiets,Buiten Kruispunt,Gewestweg,buiten bebouwde kom,Tss. 2 best.: langs opzij (voor-/achterkant-flank),Geen hindernis
50711,137,Hasselt-Kempische brug,Hasselt,50.9411605,5.3417576,0.5134661198342412,50.944596580526266,5.346653530633295,2024,10,9,71022,Hasselt,Normaal,Droog,Dag,met lichtgewonden,9,personenauto,3,Fiets,Op Kruispunt,Gemeenteweg,binnen bebouwde kom,Tss. 2 best.: langs opzij (voor-/achterkant-flank),Geen hindernis
50711,138,Hasselt-Kempische brug,Hasselt,50.9405318,5.3422472,0.5473566936695452,50.944596580526266,5.346653530633295,2024,10,9,71022,Hasselt,Normaal,Droog,Dag,met lichtgewonden,9,personenauto,3,Fiets,Op Kruispunt,Gemeenteweg,binnen bebouwde kom,Tss. 2 best.: langs opzij (voor-/achterkant-flank),Geen hindernis
50711,140,Hasselt ring,Hasselt,50.9300038,5.3438616,1.6343940981459169,50.944596580526266,5.346653530633295,2024,10,9,71022,Hasselt,Normaal,Droog,Dag,met lichtgewonden,9,personenauto,3,Fiets,Op Kruispunt,Gemeenteweg,binnen bebouwde kom,Tss. 2 best.: langs opzij (voor-/achterkant-flank),Geen hindernis
50712,30,Herk De Stad,Herk-de-Stad,50.94374,5.17691,2.0466515604622613,50.96190133078,5.1816579387366275,2024,10,17,71024,Herk-de-Stad,Normaal,Droog,Dag,met lichtgewonden,3,Fiets,9,personenauto,Op Kruispunt,Gewestweg,binnen bebouwde kom,Tss. 2 best.: langs opzij (voor-/achterkant-flank),Geen hindernis
50712,31,Herk De Stad,Herk-de-Stad,50.94366,5.1775,2.049148062203636,50.96190133078,5.1816579387366275,2024,10,17,71024,Herk-de-Stad,Normaal,Droog,Dag,met lichtgewonden,3,Fiets,9,personenauto,Op Kruispunt,Gewestweg,binnen bebouwde kom,Tss. 2 best.: langs opzij (voor-/achterkant-flank),Geen hindernis
50714,140,Hasselt ring,Hasselt,50.9300038,5.3438616,0.5462279831937555,50.93408347898421,5.3395199242924365,2024,10,8,71022,Hasselt,Normaal,Droog,Dag,met lichtgewonden,3,Fiets,99,onbekend,Op Kruispunt,Gewestweg,binnen bebouwde kom,Tussen 2 bestuurders: Frontale botsing,Geen hindernis
50714,138,Hasselt-Kempische brug,Hasselt,50.9405318,5.3422472,0.7420509590596059,50.93408347898421,5.3395199242924365,2024,10,8,71022,Hasselt,Normaal,Droog,Dag,met lichtgewonden,3,Fiets,99,onbekend,Op Kruispunt,Gewestweg,binnen bebouwde kom,Tussen 2 bestuurders: Frontale botsing,Geen hindernis
50714,137,Hasselt-Kempische brug,Hasselt,50.9411605,5.3417576,0.8023977938145469,50.93408347898421,5.3395199242924365,2024,10,8,71022,Hasselt,Normaal,Droog,Dag,met lichtgewonden,3,Fiets,99,onbekend,Op Kruispunt,Gewestweg,binnen bebouwde kom,Tussen 2 bestuurders: Frontale botsing,Geen hindernis
50715,140,Hasselt ring,Hasselt,50.9300038,5.3438616,0.7831784003056148,50.92367770297473,5.33894891550248,2024,10,8,71022,Hasselt,Normaal,Droog,Dag,met lichtgewonden,3,Fiets,3,Fiets,Buiten Kruispunt,Gemeenteweg,binnen bebouwde kom,Tussen 2 bestuurders: Frontale botsing,Geen hindernis
50715,138,Hasselt-Kempische brug,Hasselt,50.9405318,5.3422472,1.8882903511690985,50.92367770297473,5.33894891550248,2024,10,8,71022,Hasselt,Normaal,Droog,Dag,met lichtgewonden,3,Fiets,3,Fiets,Buiten Kruispunt,Gemeenteweg,binnen bebouwde kom,Tussen 2 bestuurders: Frontale botsing,Geen hindernis
50715,137,Hasselt-Kempische brug,Hasselt,50.9411605,5.3417576,1.953937463564027,50.92367770297473,5.33894891550248,2024,10,8,71022,Hasselt,Normaal,Droog,Dag,met lichtgewonden,3,Fiets,3,Fiets,Buiten Kruispunt,Gemeenteweg,binnen bebouwde kom,Tussen 2 bestuurders: Frontale botsing,Geen hindernis
50718,137,Hasselt-Kempische brug,Hasselt,50.9411605,5.3417576,0.4997210118342649,50.94089323607312,5.334638090660114,2024,9,16,71022,Hasselt,Regenval,"Nat, plassen",Dageraad - schemering,met lichtgewonden,5,Lichte vrachtauto,3,Fiets,Buiten Kruispunt,Gemeenteweg,buiten bebouwde kom,Tss. 2 best.: langs opzij (voor-/achterkant-flank),Geen hindernis
50718,138,Hasselt-Kempische brug,Hasselt,50.9405318,5.3422472,0.53465720430861,50.94089323607312,5.334638090660114,2024,9,16,71022,Hasselt,Regenval,"Nat, plassen",Dageraad - schemering,met lichtgewonden,5,Lichte vrachtauto,3,Fiets,Buiten Kruispunt,Gemeenteweg,buiten bebouwde kom,Tss. 2 best.: langs opzij (voor-/achterkant-flank),Geen hindernis
50718,140,Hasselt ring,Hasselt,50.9300038,5.3438616,1.3725540041582447,50.94089323607312,5.334638090660114,2024,9,16,71022,Hasselt,Regenval,"Nat, plassen",Dageraad - schemering,met lichtgewonden,5,Lichte vrachtauto,3,Fiets,Buiten Kruispunt,Gemeenteweg,buiten bebouwde kom,Tss. 2 best.: langs opzij (voor-/achterkant-flank),Geen hindernis
50719,140,Hasselt ring,Hasselt,50.9300038,5.3438616,1.7727390981172186,50.929265162842796,5.31859402238413,2024,9,8,71022,Hasselt,Normaal,Droog,Dag,met lichtgewonden,9,personenauto,3,Fiets,Op Kruispunt,Gemeenteweg,binnen bebouwde kom,Tss. 2 best.: langs opzij (voor-/achterkant-flank),Geen hindernis
50719,138,Hasselt-Kempische brug,Hasselt,50.9405318,5.3422472,2.0776943724472092,50.929265162842796,5.31859402238413,2024,9,8,71022,Hasselt,Normaal,Droog,Dag,met lichtgewonden,9,personenauto,3,Fiets,Op Kruispunt,Gemeenteweg,binnen bebouwde kom,Tss. 2 best.: langs opzij (voor-/achterkant-flank),Geen hindernis
50719,137,Hasselt-Kempische brug,Hasselt,50.9411605,5.3417576,2.0938646762270614,50.929265162842796,5.31859402238413,2024,9,8,71022,Hasselt,Normaal,Droog,Dag,met lichtgewonden,9,personenauto,3,Fiets,Op Kruispunt,Gemeenteweg,binnen bebouwde kom,Tss. 2 best.: langs opzij (voor-/achterkant-flank),Geen hindernis
50721,140,Hasselt ring,Hasselt,50.9300038,5.3438616,1.7702406058184603,50.93052676957007,5.3691074004578665,2024,9,8,71022,Hasselt,Normaal,Droog,Dag,met lichtgewonden,3,Fiets,3,Fiets,Buiten Kruispunt,Gemeenteweg,buiten bebouwde kom,Tussen 2 bestuurders: Frontale botsing,Geen hindernis
50721,138,Hasselt-Kempische brug,Hasselt,50.9405318,5.3422472,2.186412967190638,50.93052676957007,5.3691074004578665,2024,9,8,71022,Hasselt,Normaal,Droog,Dag,met lichtgewonden,3,Fiets,3,Fiets,Buiten Kruispunt,Gemeenteweg,buiten bebouwde kom,Tussen 2 bestuurders: Frontale botsing,Geen hindernis
50721,137,Hasselt-Kempische brug,Hasselt,50.9411605,5.3417576,2.2519136041283674,50.93052676957007,5.3691074004578665,2024,9,8,71022,Hasselt,Normaal,Droog,Dag,met lichtgewonden,3,Fiets,3,Fiets,Buiten Kruispunt,Gemeenteweg,buiten bebouwde kom,Tussen 2 bestuurders: Frontale botsing,Geen hindernis
50722,140,Hasselt ring,Hasselt,50.9300038,5.3438616,0.48260347305488716,50.92730466659942,5.33846918723866,2024,9,7,71022,Hasselt,Normaal,Droog,Dageraad - schemering,met lichtgewonden,3,Fiets,5,Lichte vrachtauto,Op Kruispunt,Gewestweg,binnen bebouwde kom,Tss. 2 best.: langs opzij (voor-/achterkant-flank),Geen hindernis
50722,138,Hasselt-Kempische brug,Hasselt,50.9405318,5.3422472,1.4944285942255076,50.92730466659942,5.33846918723866,2024,9,7,71022,Hasselt,Normaal,Droog,Dageraad - schemering,met lichtgewonden,3,Fiets,5,Lichte vrachtauto,Op Kruispunt,Gewestweg,binnen bebouwde kom,Tss. 2 best.: langs opzij (voor-/achterkant-flank),Geen hindernis
50722,137,Hasselt-Kempische brug,Hasselt,50.9411605,5.3417576,1.5578363569971319,50.92730466659942,5.33846918723866,2024,9,7,71022,Hasselt,Normaal,Droog,Dageraad - schemering,met lichtgewonden,3,Fiets,5,Lichte vrachtauto,Op Kruispunt,Gewestweg,binnen bebouwde kom,Tss. 2 best.: langs opzij (voor-/achterkant-flank),Geen hindernis
50723,140,Hasselt ring,Hasselt,50.9300038,5.3438616,1.0793323665252663,50.92030761574432,5.343146043639102,2024,9,12,71022,Hasselt,Normaal,Droog,Dag,met lichtgewonden,3,Fiets,3,Fiets,Op Kruispunt,Gewestweg,binnen bebouwde kom,Tussen 2 bestuurders: Flank tegen flank,Geen hindernis
50723,138,Hasselt-Kempische brug,Hasselt,50.9405318,5.3422472,2.249708772232612,50.92030761574432,5.343146043639102,2024,9,12,71022,Hasselt,Normaal,Droog,Dag,met lichtgewonden,3,Fiets,3,Fiets,Op Kruispunt,Gewestweg,binnen bebouwde kom,Tussen 2 bestuurders: Flank tegen flank,Geen hindernis
50723,137,Hasselt-Kempische brug,Hasselt,50.9411605,5.3417576,2.320775700005521,50.92030761574432,5.343146043639102,2024,9,12,71022,Hasselt,Normaal,Droog,Dag,met lichtgewonden,3,Fiets,3,Fiets,Op Kruispunt,Gewestweg,binnen bebouwde kom,Tussen 2 bestuurders: Flank tegen flank,Geen hindernis
50724,140,Hasselt ring,Hasselt,50.9300038,5.3438616,0.8010059782931624,50.9298805696687,5.332433856635653,2024,10,13,71022,Hasselt,Normaal,Droog,Dag,met lichtgewonden,3,Fiets,8,Voetganger,Op Kruispunt,Gewestweg,binnen bebouwde kom,Met een voetganger,Geen hindernis
50724,138,Hasselt-Kempische brug,Hasselt,50.9405318,5.3422472,1.369526956460177,50.9298805696687,5.332433856635653,2024,10,13,71022,Hasselt,Normaal,Droog,Dag,met lichtgewonden,3,Fiets,8,Voetganger,Op Kruispunt,Gewestweg,binnen bebouwde kom,Met een voetganger,Geen hindernis
50724,137,Hasselt-Kempische brug,Hasselt,50.9411605,5.3417576,1.4142383039847168,50.9298805696687,5.332433856635653,2024,10,13,71022,Hasselt,Normaal,Droog,Dag,met lichtgewonden,3,Fiets,8,Voetganger,Op Kruispunt,Gewestweg,binnen bebouwde kom,Met een voetganger,Geen hindernis
50725,30,Herk De Stad,Herk-de-Stad,50.94374,5.17691,0.9338978441846724,50.939484257565255,5.165418886309512,2024,9,17,71024,Herk-de-Stad,Normaal,Droog,Dag,met lichtgewonden,9,personenauto,3,Fiets,Buiten Kruispunt,Gemeenteweg,binnen bebouwde kom,Tss. 2 best.: langs opzij (voor-/achterkant-flank),Geen hindernis
50725,31,Herk De Stad,Herk-de-Stad,50.94366,5.1775,0.9654537222024772,50.939484257565255,5.165418886309512,2024,9,17,71024,Herk-de-Stad,Normaal,Droog,Dag,met lichtgewonden,9,personenauto,3,Fiets,Buiten Kruispunt,Gemeenteweg,binnen bebouwde kom,Tss. 2 best.: langs opzij (voor-/achterkant-flank),Geen hindernis
50726,137,Hasselt-Kempische brug,Hasselt,50.9411605,5.3417576,2.410880005430683,50.95160770055429,5.3116033808723815,2024,9,17,71022,Hasselt,Normaal,Droog,Dag,met lichtgewonden,3,Fiets,3,Fiets,Buiten Kruispunt,Gemeenteweg,binnen bebouwde kom,Tussen 2 bestuurders: Flank tegen flank,Geen hindernis
50726,138,Hasselt-Kempische brug,Hasselt,50.9405318,5.3422472,2.475037844561019,50.95160770055429,5.3116033808723815,2024,9,17,71022,Hasselt,Normaal,Droog,Dag,met lichtgewonden,3,Fiets,3,Fiets,Buiten Kruispunt,Gemeenteweg,binnen bebouwde kom,Tussen 2 bestuurders: Flank tegen flank,Geen hindernis
50729,140,Hasselt ring,Hasselt,50.9300038,5.3438616,1.858261907060159,50.919672828211596,5.323022082353299,2024,9,14,71022,Hasselt,Normaal,Droog,Dag,met lichtgewonden,9,personenauto,3,Fiets,Op Kruispunt,Gewestweg,buiten bebouwde kom,Tss. 2 best.: langs opzij (voor-/achterkant-flank),Geen hindernis
50731,137,Hasselt-Kempische brug,Hasselt,50.9411605,5.3417576,0.7029750060421494,50.94427771945617,5.333028683907759,2024,10,8,71022,Hasselt,Normaal,"Nat, plassen",Dag,met lichtgewonden,3,Fiets,9,personenauto,Buiten Kruispunt,Gemeenteweg,buiten bebouwde kom,Tussen 2 bestuurders: Frontale botsing,Geen hindernis
50731,138,Hasselt-Kempische brug,Hasselt,50.9405318,5.3422472,0.7685470648197308,50.94427771945617,5.333028683907759,2024,10,8,71022,Hasselt,Normaal,"Nat, plassen",Dag,met lichtgewonden,3,Fiets,9,personenauto,Buiten Kruispunt,Gemeenteweg,buiten bebouwde kom,Tussen 2 bestuurders: Frontale botsing,Geen hindernis
50731,140,Hasselt ring,Hasselt,50.9300038,5.3438616,1.7593670868382258,50.94427771945617,5.333028683907759,2024,10,8,71022,Hasselt,Normaal,"Nat, plassen",Dag,met lichtgewonden,3,Fiets,9,personenauto,Buiten Kruispunt,Gemeenteweg,buiten bebouwde kom,Tussen 2 bestuurders: Frontale botsing,Geen hindernis
50733,140,Hasselt ring,Hasselt,50.9300038,5.3438616,0.5799257684442094,50.92730964592366,5.336776522680311,2024,9,9,71022,Hasselt,Normaal,Droog,Dag,met lichtgewonden,3,Fiets,3,Fiets,Buiten Kruispunt,Gewestweg,binnen bebouwde kom,Tussen 2 bestuurders: Frontale botsing,Geen hindernis
50733,138,Hasselt-Kempische brug,Hasselt,50.9405318,5.3422472,1.5193966303184987,50.92730964592366,5.336776522680311,2024,9,9,71022,Hasselt,Normaal,Droog,Dag,met lichtgewonden,3,Fiets,3,Fiets,Buiten Kruispunt,Gewestweg,binnen bebouwde kom,Tussen 2 bestuurders: Frontale botsing,Geen hindernis
50733,137,Hasselt-Kempische brug,Hasselt,50.9411605,5.3417576,1.5792041316471441,50.92730964592366,5.336776522680311,2024,9,9,71022,Hasselt,Normaal,Droog,Dag,met lichtgewonden,3,Fiets,3,Fiets,Buiten Kruispunt,Gewestweg,binnen bebouwde kom,Tussen 2 bestuurders: Frontale botsing,Geen hindernis
50735,140,Hasselt ring,Hasselt,50.9300038,5.3438616,0.6783372812443715,50.934080117529916,5.336660229485836,2024,9,9,71022,Hasselt,Normaal,Droog,Dag,met lichtgewonden,8,Voetganger,3,Fiets,Buiten Kruispunt,Gewestweg,binnen bebouwde kom,Met een voetganger,Geen hindernis
50735,138,Hasselt-Kempische brug,Hasselt,50.9405318,5.3422472,0.8172625915477855,50.934080117529916,5.336660229485836,2024,9,9,71022,Hasselt,Normaal,Droog,Dag,met lichtgewonden,8,Voetganger,3,Fiets,Buiten Kruispunt,Gewestweg,binnen bebouwde kom,Met een voetganger,Geen hindernis