crash_row_id,site_id,site_name,site_gemeente,site_lat,site_long,distance_km,crash_lat,crash_long,DT_YEAR_COLLISION,DT_MONTH_COLLISION,DT_TIME,CD_NIS,TX_MUNTY_COLLISION_NL,TX_WEATHER_NL,TX_ROAD_CONDITION_NL,TX_LIGHT_CONDITION_NL,TX_CLASS_ACCIDENTS_NL,CD_ROAD_USR_TYPE1,TX_ROAD_USR_TYPE1_NL,CD_ROAD_USR_TYPE2,TX_ROAD_USR_TYPE2_NL,TX_CROSSWAY_NL,CD_ROAD_TYPE_NL,TX_BUILD_UP_AREA_NL,TX_COLLISION_TYPE_NL,TX_OBSTACLES_NL
50735,137,Hasselt-Kempische brug,Hasselt,50.9411605,5.3417576,0.8645359548777498,50.934080117529916,5.336660229485836,2024,9,9,71022,Hasselt,Normaal,Droog,Dag,met lichtgewonden,8,Voetganger,3,Fiets,Buiten Kruispunt,Gewestweg,binnen bebouwde kom,Met een voetganger,Geen hindernis
50738,140,Hasselt ring,Hasselt,50.9300038,5.3438616,1.2203100795560993,50.932286604540174,5.360893568863985,2024,9,13,71022,Hasselt,"Andere (dikke rook,...)",Droog,Dag,met lichtgewonden,3,Fiets,9,personenauto,Buiten Kruispunt,Gewestweg,buiten bebouwde kom,Tussen 2 bestuurders: Flank tegen flank,Geen hindernis
50738,138,Hasselt-Kempische brug,Hasselt,50.9405318,5.3422472,1.5961806955746345,50.932286604540174,5.360893568863985,2024,9,13,71022,Hasselt,"Andere (dikke rook,...)",Droog,Dag,met lichtgewonden,3,Fiets,9,personenauto,Buiten Kruispunt,Gewestweg,buiten bebouwde kom,Tussen 2 bestuurders: Flank tegen flank,Geen hindernis
50738,137,Hasselt-Kempische brug,Hasselt,50.9411605,5.3417576,1.664834383211822,50.932286604540174,5.360893568863985,2024,9,13,71022,Hasselt,"Andere (dikke rook,...)",Droog,Dag,met lichtgewonden,3,Fiets,9,personenauto,Buiten Kruispunt,Gewestweg,buiten bebouwde kom,Tussen 2 bestuurders: Flank tegen flank,Geen hindernis
50739,140,Hasselt ring,Hasselt,50.9300038,5.3438616,0.9540226642495084,50.92446911076457,5.333460573124303,2024,10,17,71022,Hasselt,Normaal,Droog,Dag,met lichtgewonden,3,Fiets,8,Voetganger,Buiten Kruispunt,Gewestweg,binnen bebouwde kom,Met een voetganger,Geen hindernis
50739,138,Hasselt-Kempische brug,Hasselt,50.9405318,5.3422472,1.8892521566993439,50.92446911076457,5.333460573124303,2024,10,17,71022,Hasselt,Normaal,Droog,Dag,met lichtgewonden,3,Fiets,8,Voetganger,Buiten Kruispunt,Gewestweg,binnen bebouwde kom,Met een voetganger,Geen hindernis
50739,137,Hasselt-Kempische brug,Hasselt,50.9411605,5.3417576,1.9449432329782395,50.92446911076457,5.333460573124303,2024,10,17,71022,Hasselt,Normaal,Droog,Dag,met lichtgewonden,3,Fiets,8,Voetganger,Buiten Kruispunt,Gewestweg,binnen bebouwde kom,Met een voetganger,Geen hindernis
50742,12,Tervuren,Kraainem,50.81896,4.47803,2.1130221550076076,50.82492135275396,4.506592073664733,2024,9,17,24104,Tervuren,Normaal,Droog,Dag,met lichtgewonden,3,Fiets,8,Voetganger,Op Kruispunt,Gewestweg,buiten bebouwde kom,Met een voetganger,Geen hindernis
50744,14,Genk,Genk,50.97172,5.48927,0.9622026327520107,50.96439752252345,5.496591832379939,2024,10,8,71016,Genk,Regenval,"Nat, plassen",Dag,met lichtgewonden,9,personenauto,3,Fiets,Op Kruispunt,Gemeenteweg,binnen bebouwde kom,Tss. 2 best.: langs opzij (voor-/achterkant-flank),Geen hindernis
50747,25,Bree,Bree,51.13679500160176,5.597669323604317,1.1685516988420501,51.14729930071828,5.5981722938783705,2024,10,9,72004,Bree,Normaal,Droog,Dag,met lichtgewonden,3,Fiets,8,Voetganger,Buiten Kruispunt,Gewestweg,buiten bebouwde kom,Met een voetganger,Geen hindernis
50752,14,Genk,Genk,50.97172,5.48927,0.202922220805461,50.97334634943339,5.490584685871915,2024,10,17,71016,Genk,Normaal,Droog,Dag,met lichtgewonden,3,Fiets,10,"één bestuurder, geen hindernis",Buiten Kruispunt,Gewestweg,binnen bebouwde kom,"Eén bestuurder, geen hindernis (incl. val)",Geen hindernis
50756,25,Bree,Bree,51.13679500160176,5.597669323604317,1.354825715426696,51.140159435541236,5.6163332844118745,2024,10,13,72004,Bree,Normaal,Droog,Dag,met lichtgewonden,9,personenauto,3,Fiets,Op Kruispunt,Gewestweg,buiten bebouwde kom,Tussen 2 bestuurders: Flank tegen flank,Geen hindernis
50764,139,Houthalen-Helchteren,Houthalen-Helchteren,51.0644267,5.3819796,1.4360242909830223,51.05151433517098,5.381608028602363,2024,9,8,72039,Houthalen-Helchteren,Normaal,Droog,Dag,met lichtgewonden,9,personenauto,3,Fiets,Buiten Kruispunt,Gewestweg,buiten bebouwde kom,Tussen 2 bestuurders: Flank tegen flank,Geen hindernis
50768,14,Genk,Genk,50.97172,5.48927,2.2440626261811873,50.96182678348187,5.461339090703164,2024,9,16,71016,Genk,Normaal,Droog,Dag,met lichtgewonden,9,personenauto,3,Fiets,Op Kruispunt,Gewestweg,buiten bebouwde kom,Tss. 2 best.: langs opzij (voor-/achterkant-flank),Geen hindernis
50770,40,Peer teller 2,Peer,51.13438,5.47892,1.8028467067379865,51.146869240595514,5.495398671791328,2024,9,14,72030,Peer,Normaal,Droog,Dag,met lichtgewonden,3,Fiets,5,Lichte vrachtauto,Op Kruispunt,Gemeenteweg,buiten bebouwde kom,Tussen 2 bestuurders: Flank tegen flank,Geen hindernis
50770,39,Peer teller 1,Peer,51.13425,5.47817,1.8476099711682388,51.146869240595514,5.495398671791328,2024,9,14,72030,Peer,Normaal,Droog,Dag,met lichtgewonden,3,Fiets,5,Lichte vrachtauto,Op Kruispunt,Gemeenteweg,buiten bebouwde kom,Tussen 2 bestuurders: Flank tegen flank,Geen hindernis
50772,14,Genk,Genk,50.97172,5.48927,1.5490529895822365,50.975482331810525,5.510571833826213,2024,9,8,71016,Genk,Normaal,Droog,Dag,met lichtgewonden,9,personenauto,3,Fiets,Buiten Kruispunt,Gemeenteweg,binnen bebouwde kom,Tussen 2 bestuurders: Langs achteren,Geen hindernis
50773,14,Genk,Genk,50.97172,5.48927,2.0628217225527923,50.96227930820334,5.46391210035074,2024,9,17,71016,Genk,Normaal,Droog,Dag,met lichtgewonden,9,personenauto,3,Fiets,Buiten Kruispunt,Gewestweg,buiten bebouwde kom,Tss. 2 best.: langs opzij (voor-/achterkant-flank),Geen hindernis
50774,48,As,As,51.00509,5.60389,0.3665003405194214,51.00542128857216,5.598678510196334,2024,9,16,71002,As,Normaal,Droog,Dag,met lichtgewonden,3,Fiets,9,personenauto,Buiten Kruispunt,Gewestweg,buiten bebouwde kom,Tss. 2 best.: langs opzij (voor-/achterkant-flank),Geen hindernis
50776,25,Bree,Bree,51.13679500160176,5.597669323604317,0.19957500441771062,51.13561321421115,5.599822151295424,2024,9,12,72004,Bree,Normaal,Droog,Dag,met lichtgewonden,3,Fiets,3,Fiets,Buiten Kruispunt,Gemeenteweg,buiten bebouwde kom,Tussen 2 bestuurders: Frontale botsing,Geen hindernis
50777,48,As,As,51.00509,5.60389,1.5141742387179906,51.01136554322847,5.584683267301462,2024,9,8,71002,As,Normaal,Droog,Dag,met lichtgewonden,3,Fiets,9,personenauto,Buiten Kruispunt,Gemeenteweg,buiten bebouwde kom,Tss. 2 best.: langs opzij (voor-/achterkant-flank),Geen hindernis
50778,25,Bree,Bree,51.13679500160176,5.597669323604317,1.4537193148688594,51.14045993385446,5.617670346097994,2024,9,12,72004,Bree,Normaal,Droog,Dag,met lichtgewonden,5,Lichte vrachtauto,3,Fiets,Op Kruispunt,Gewestweg,buiten bebouwde kom,Tss. 2 best.: langs opzij (voor-/achterkant-flank),Geen hindernis
50781,14,Genk,Genk,50.97172,5.48927,1.0300847905585635,50.96630692703405,5.477332189698803,2024,9,3,71016,Genk,Normaal,"Nat, plassen","Nacht, openbare verlichting aanwezig en ontstoken",met lichtgewonden,3,Fiets,10,"één bestuurder, geen hindernis",Buiten Kruispunt,Gemeenteweg,binnen bebouwde kom,"Eén bestuurder, geen hindernis (incl. val)",Geen hindernis
50784,14,Genk,Genk,50.97172,5.48927,0.9950020553213841,50.962879244655596,5.487074016475812,2024,9,5,71016,Genk,Normaal,Droog,"Nacht, openb. verlicht. aanw., maar niet ontstoken",met lichtgewonden,3,Fiets,10,"één bestuurder, geen hindernis",Op Kruispunt,Gewestweg,binnen bebouwde kom,"Eén bestuurder, geen hindernis (incl. val)",Geen hindernis
50786,14,Genk,Genk,50.97172,5.48927,0.937014828412176,50.975011862300605,5.5015892483138975,2024,10,8,71016,Genk,Onbekend,"Nat, plassen",Dag,met lichtgewonden,9,personenauto,3,Fiets,Op Kruispunt,Gemeenteweg,buiten bebouwde kom,Tss. 2 best.: langs opzij (voor-/achterkant-flank),Geen hindernis
50788,25,Bree,Bree,51.13679500160176,5.597669323604317,1.4359503680874734,51.13619279838753,5.618227788540992,2024,10,19,72004,Bree,Normaal,Droog,"Nacht, geen openbare verlichting aanwezig",met lichtgewonden,2,Andere weggebruiker,3,Fiets,Op Kruispunt,Gewestweg,buiten bebouwde kom,Tss. 2 best.: langs opzij (voor-/achterkant-flank),Geen hindernis
50797,23,Tienen 3,Tienen,50.81324,4.93447,0.44602157249306246,50.812337363147435,4.928284593086481,2024,9,12,24107,Tienen,Onbekend,Onbekend,Dag,met lichtgewonden,3,Fiets,5,Lichte vrachtauto,Op Kruispunt,Gewestweg,binnen bebouwde kom,Tss. 2 best.: langs opzij (voor-/achterkant-flank),Geen hindernis
50797,24,Tienen 1,Tienen,50.8133795491886,4.935044252605416,0.4888617529073353,50.812337363147435,4.928284593086481,2024,9,12,24107,Tienen,Onbekend,Onbekend,Dag,met lichtgewonden,3,Fiets,5,Lichte vrachtauto,Op Kruispunt,Gewestweg,binnen bebouwde kom,Tss. 2 best.: langs opzij (voor-/achterkant-flank),Geen hindernis
50797,22,Tienen 2,Tienen,50.81330800184882,4.935984252796022,0.5516332563614829,50.812337363147435,4.928284593086481,2024,9,12,24107,Tienen,Onbekend,Onbekend,Dag,met lichtgewonden,3,Fiets,5,Lichte vrachtauto,Op Kruispunt,Gewestweg,binnen bebouwde kom,Tss. 2 best.: langs opzij (voor-/achterkant-flank),Geen hindernis
50809,113,Deinze teller 2,Deinze,50.96018,3.55578,2.2658745869201877,50.975661333329256,3.5347395868586906,2024,9,12,44083,Deinze,Normaal,Droog,Dag,met lichtgewonden,1,Autobus,3,Fiets,Buiten Kruispunt,Gewestweg,binnen bebouwde kom,Tss. 2 best.: langs opzij (voor-/achterkant-flank),Geen hindernis
50809,114,Deinze teller 1,Nazareth,50.9598305,3.555502,2.2830961825692304,50.975661333329256,3.5347395868586906,2024,9,12,44083,Deinze,Normaal,Droog,Dag,met lichtgewonden,1,Autobus,3,Fiets,Buiten Kruispunt,Gewestweg,binnen bebouwde kom,Tss. 2 best.: langs opzij (voor-/achterkant-flank),Geen hindernis
50812,99,Mechelen teller 1,Mechelen,51.04564,4.46882,1.7569519785720622,51.03004529469744,4.464776203013015,2024,9,13,12025,Mechelen,Normaal,Droog,Dag,met lichtgewonden,6,Bromfiets,3,Fiets,Op Kruispunt,Gewestweg,binnen bebouwde kom,Tussen 2 bestuurders: Frontale botsing,Geen hindernis
50812,100,Mechelen teller 2,Mechelen,51.0457,4.46883,1.7636492495614677,51.03004529469744,4.464776203013015,2024,9,13,12025,Mechelen,Normaal,Droog,Dag,met lichtgewonden,6,Bromfiets,3,Fiets,Op Kruispunt,Gewestweg,binnen bebouwde kom,Tussen 2 bestuurders: Frontale botsing,Geen hindernis
50813,99,Mechelen teller 1,Mechelen,51.04564,4.46882,1.5149829198940823,51.032249709686745,4.472820925651496,2024,9,15,12025,Mechelen,Normaal,Droog,Dag,met lichtgewonden,8,Voetganger,3,Fiets,Buiten Kruispunt,Gewestweg,binnen bebouwde kom,Met een voetganger,Geen hindernis
50813,100,Mechelen teller 2,Mechelen,51.0457,4.46883,1.521411967841828,51.032249709686745,4.472820925651496,2024,9,15,12025,Mechelen,Normaal,Droog,Dag,met lichtgewonden,8,Voetganger,3,Fiets,Buiten Kruispunt,Gewestweg,binnen bebouwde kom,Met een voetganger,Geen hindernis
50817,99,Mechelen teller 1,Mechelen,51.04564,4.46882,1.8534613992400129,51.029059737342436,4.471545124832218,2024,9,16,12025,Mechelen,Onbekend,Droog,Dag,met lichtgewonden,3,Fiets,9,personenauto,Buiten Kruispunt,Gemeenteweg,binnen bebouwde kom,Tss. 2 best.: langs opzij (voor-/achterkant-flank),Geen hindernis
50817,100,Mechelen teller 2,Mechelen,51.0457,4.46883,1.8600263647561364,51.029059737342436,4.471545124832218,2024,9,16,12025,Mechelen,Onbekend,Droog,Dag,met lichtgewonden,3,Fiets,9,personenauto,Buiten Kruispunt,Gemeenteweg,binnen bebouwde kom,Tss. 2 best.: langs opzij (voor-/achterkant-flank),Geen hindernis
50818,99,Mechelen teller 1,Mechelen,51.04564,4.46882,0.268167008068551,51.04394551370871,4.471549516205571,2024,9,14,12025,Mechelen,Regenval,"Nat, plassen",Dag,met lichtgewonden,9,personenauto,3,Fiets,Op Kruispunt,Gemeenteweg,buiten bebouwde kom,Tss. 2 best.: langs opzij (voor-/achterkant-flank),Geen hindernis
50818,100,Mechelen teller 2,Mechelen,51.0457,4.46883,0.27240747767488727,51.04394551370871,4.471549516205571,2024,9,14,12025,Mechelen,Regenval,"Nat, plassen",Dag,met lichtgewonden,9,personenauto,3,Fiets,Op Kruispunt,Gemeenteweg,buiten bebouwde kom,Tss. 2 best.: langs opzij (voor-/achterkant-flank),Geen hindernis
50821,99,Mechelen teller 1,Mechelen,51.04564,4.46882,1.854385746545835,51.0289633415685,4.468679733450693,2024,9,15,12025,Mechelen,Onbekend,Onbekend,Dag,met lichtgewonden,3,Fiets,3,Fiets,Buiten Kruispunt,Gewestweg,onbekend,Tussen 2 bestuurders: Frontale botsing,Geen hindernis
50821,100,Mechelen teller 2,Mechelen,51.0457,4.46883,1.8610611652337428,51.0289633415685,4.468679733450693,2024,9,15,12025,Mechelen,Onbekend,Onbekend,Dag,met lichtgewonden,3,Fiets,3,Fiets,Buiten Kruispunt,Gewestweg,onbekend,Tussen 2 bestuurders: Frontale botsing,Geen hindernis
50823,99,Mechelen teller 1,Mechelen,51.04564,4.46882,2.4531960764230667,51.03103222792526,4.4951134163406286,2024,10,8,12025,Mechelen,Regenval,"Nat, plassen",Dag,met lichtgewonden,1,Autobus,3,Fiets,Buiten Kruispunt,Gewestweg,binnen bebouwde kom,Tussen 2 bestuurders: Frontale botsing,Geen hindernis
50823,100,Mechelen teller 2,Mechelen,51.0457,4.46883,2.4570947472800992,51.03103222792526,4.4951134163406286,2024,10,8,12025,Mechelen,Regenval,"Nat, plassen",Dag,met lichtgewonden,1,Autobus,3,Fiets,Buiten Kruispunt,Gewestweg,binnen bebouwde kom,Tussen 2 bestuurders: Frontale botsing,Geen hindernis
50826,99,Mechelen teller 1,Mechelen,51.04564,4.46882,0.8674019360302475,51.03829017985844,4.472977017620377,2024,9,12,12025,Mechelen,Normaal,Droog,Dag,met zwaargewonden,3,Fiets,2,Andere weggebruiker,Buiten Kruispunt,Gewestweg,binnen bebouwde kom,Tussen 2 bestuurders: Frontale botsing,Geen hindernis
50826,100,Mechelen teller 2,Mechelen,51.0457,4.46883,0.8734584590578255,51.03829017985844,4.472977017620377,2024,9,12,12025,Mechelen,Normaal,Droog,Dag,met zwaargewonden,3,Fiets,2,Andere weggebruiker,Buiten Kruispunt,Gewestweg,binnen bebouwde kom,Tussen 2 bestuurders: Frontale botsing,Geen hindernis
50827,109,Zemst,Zemst,50.9903936,4.4707023,2.390651220072428,51.01117956104899,4.461972904277686,2024,9,17,12025,Mechelen,Normaal,Droog,Dag,met zwaargewonden,3,Fiets,9,personenauto,Op Kruispunt,Gemeenteweg,binnen bebouwde kom,Tss. 2 best.: langs opzij (voor-/achterkant-flank),Geen hindernis
50829,99,Mechelen teller 1,Mechelen,51.04564,4.46882,1.0872089310003912,51.0362584674626,4.473200573919424,2024,9,21,12025,Mechelen,Normaal,"Nat, plassen","Nacht, openb. verlicht. aanw., maar niet ontstoken",met lichtgewonden,3,Fiets,3,Fiets,Buiten Kruispunt,Gewestweg,binnen bebouwde kom,Tussen 2 bestuurders: Frontale botsing,Geen hindernis
50829,100,Mechelen teller 2,Mechelen,51.0457,4.46883,1.093416399307951,51.0362584674626,4.473200573919424,2024,9,21,12025,Mechelen,Normaal,"Nat, plassen","Nacht, openb. verlicht. aanw., maar niet ontstoken",met lichtgewonden,3,Fiets,3,Fiets,Buiten Kruispunt,Gewestweg,binnen bebouwde kom,Tussen 2 bestuurders: Frontale botsing,Geen hindernis
50834,99,Mechelen teller 1,Mechelen,51.04564,4.46882,0.2687810507177256,51.04336248795078,4.470108067822588,2024,10,19,12025,Mechelen,Normaal,"Nat, plassen","Nacht, openbare verlichting aanwezig en ontstoken",met lichtgewonden,9,personenauto,3,Fiets,Op Kruispunt,Gewestweg,binnen bebouwde kom,Tss. 2 best.: langs opzij (voor-/achterkant-flank),Geen hindernis
50834,100,Mechelen teller 2,Mechelen,51.0457,4.46883,0.27484817774449327,51.04336248795078,4.470108067822588,2024,10,19,12025,Mechelen,Normaal,"Nat, plassen","Nacht, openbare verlichting aanwezig en ontstoken",met lichtgewonden,9,personenauto,3,Fiets,Op Kruispunt,Gewestweg,binnen bebouwde kom,Tss. 2 best.: langs opzij (voor-/achterkant-flank),Geen hindernis
50835,109,Zemst,Zemst,50.9903936,4.4707023,2.301271153154706,51.01023788541325,4.4800386475433855,2024,10,17,12025,Mechelen,Normaal,Droog,Dag,met zwaargewonden,3,Fiets,99,onbekend,Buiten Kruispunt,Gemeenteweg,binnen bebouwde kom,Tussen 2 bestuurders: Frontale botsing,Geen hindernis
50837,99,Mechelen teller 1,Mechelen,51.04564,4.46882,2.3190543941749815,51.02847815745777,4.487665649046536,2024,10,16,12025,Mechelen,Normaal,Droog,Dag,met lichtgewonden,3,Fiets,9,personenauto,Buiten Kruispunt,Gemeenteweg,binnen bebouwde kom,Tss. 2 best.: langs opzij (voor-/achterkant-flank),Geen hindernis
50837,100,Mechelen teller 2,Mechelen,51.0457,4.46883,2.32415073458929,51.02847815745777,4.487665649046536,2024,10,16,12025,Mechelen,Normaal,Droog,Dag,met lichtgewonden,3,Fiets,9,personenauto,Buiten Kruispunt,Gemeenteweg,binnen bebouwde kom,Tss. 2 best.: langs opzij (voor-/achterkant-flank),Geen hindernis
50838,99,Mechelen teller 1,Mechelen,51.04564,4.46882,2.310598219865526,51.0301827358094,4.490905887254516,2024,10,15,12025,Mechelen,Normaal,Droog,Dag,met lichtgewonden,9,personenauto,3,Fiets,Buiten Kruispunt,Gewestweg,binnen bebouwde kom,Tss. 2 best.: langs opzij (voor-/achterkant-flank),Geen hindernis
50838,100,Mechelen teller 2,Mechelen,51.0457,4.46883,2.315098439628458,51.0301827358094,4.490905887254516,2024,10,15,12025,Mechelen,Normaal,Droog,Dag,met lichtgewonden,9,personenauto,3,Fiets,Buiten Kruispunt,Gewestweg,binnen bebouwde kom,Tss. 2 best.: langs opzij (voor-/achterkant-flank),Geen hindernis
50841,115,Aalter,Aalter,51.1058367,3.4350591,2.1486169842027945,51.113931074432315,3.4630060470092108,2024,10,1,44084,Aalter,Onbekend,"Nat, plassen","Nacht, geen openbare verlichting aanwezig",met lichtgewonden,3,Fiets,10,"één bestuurder, geen hindernis",Buiten Kruispunt,Gemeenteweg,buiten bebouwde kom,"Eén bestuurder, geen hindernis (incl. val)",Geen hindernis
50878,2,Brasschaat 2,Brasschaat,51.27512,4.47169,1.3167524069892345,51.26454981799213,4.46315719850764,2024,11,19,11002,Antwerpen,Normaal,Droog,"Nacht, openbare verlichting aanwezig en ontstoken",met lichtgewonden,9,personenauto,3,Fiets,Buiten Kruispunt,Gewestweg,buiten bebouwde kom,Tussen 2 bestuurders: Frontale botsing,Geen hindernis
50878,3,Brasschaat 1,Brasschaat,51.27503,4.47222,1.3249711405103692,51.26454981799213,4.46315719850764,2024,11,19,11002,Antwerpen,Normaal,Droog,"Nacht, openbare verlichting aanwezig en ontstoken",met lichtgewonden,9,personenauto,3,Fiets,Buiten Kruispunt,Gewestweg,buiten bebouwde kom,Tussen 2 bestuurders: Frontale botsing,Geen hindernis
50966,2,Brasschaat 2,Brasschaat,51.27512,4.47169,1.4643944989163686,51.262944376112195,4.4636677115297925,2024,11,18,11040,Schoten,Normaal,Droog,"Nacht, openbare verlichting aanwezig en ontstoken",met lichtgewonden,9,personenauto,3,Fiets,Buiten Kruispunt,Gewestweg,buiten bebouwde kom,Tss. 2 best.: langs opzij (voor-/achterkant-flank),Geen hindernis
50966,3,Brasschaat 1,Brasschaat,51.27503,4.47222,1.4696843701433298,51.262944376112195,4.4636677115297925,2024,11,18,11040,Schoten,Normaal,Droog,"Nacht, openbare verlichting aanwezig en ontstoken",met lichtgewonden,9,personenauto,3,Fiets,Buiten Kruispunt,Gewestweg,buiten bebouwde kom,Tss. 2 best.: langs opzij (voor-/achterkant-flank),Geen hindernis
50967,2,Brasschaat 2,Brasschaat,51.27512,4.47169,1.7793027503556205,51.25983261749996,4.46413435316209,2024,11,15,11040,Schoten,Onbekend,Proper,Dag,met lichtgewonden,9,personenauto,3,Fiets,Buiten Kruispunt,Gewestweg,buiten bebouwde kom,Tussen 2 bestuurders: Langs achteren,Geen hindernis
50967,3,Brasschaat 1,Brasschaat,51.27503,4.47222,1.7810452731267852,51.25983261749996,4.46413435316209,2024,11,15,11040,Schoten,Onbekend,Proper,Dag,met lichtgewonden,9,personenauto,3,Fiets,Buiten Kruispunt,Gewestweg,buiten bebouwde kom,Tussen 2 bestuurders: Langs achteren,Geen hindernis
50982,96,Lier teller 2,Lier,51.11705,4.58444,1.7166584761412578,51.12764020677947,4.566542804795486,2024,11,14,12021,Lier,Normaal,Droog,Dag,met lichtgewonden,3,Fiets,99,onbekend,Buiten Kruispunt,Gemeenteweg,binnen bebouwde kom,Tussen 2 bestuurders: Frontale botsing,Geen hindernis
50982,95,Lier teller 1,Lier,51.11687,4.58437,1.7269280920505428,51.12764020677947,4.566542804795486,2024,11,14,12021,Lier,Normaal,Droog,Dag,met lichtgewonden,3,Fiets,99,onbekend,Buiten Kruispunt,Gemeenteweg,binnen bebouwde kom,Tussen 2 bestuurders: Frontale botsing,Geen hindernis
50985,92,Nijlen teller 1,Nijlen,51.14989,4.64479,1.5919877338206208,51.15684203010897,4.664744028423037,2024,11,13,12026,Nijlen,Normaal,Droog,Dag,met lichtgewonden,9,personenauto,3,Fiets,Op Kruispunt,Gewestweg,binnen bebouwde kom,Tss. 2 best.: langs opzij (voor-/achterkant-flank),Geen hindernis
50985,93,Nijlen teller 2,Nijlen,51.14998,4.64469,1.5932704614859614,51.15684203010897,4.664744028423037,2024,11,13,12026,Nijlen,Normaal,Droog,Dag,met lichtgewonden,9,personenauto,3,Fiets,Op Kruispunt,Gewestweg,binnen bebouwde kom,Tss. 2 best.: langs opzij (voor-/achterkant-flank),Geen hindernis
50988,9,Heist op den Berg 2,Heist-op-den-Berg,51.06904,4.69524,1.7724418292245923,51.07569978513805,4.718288150448585,2024,11,12,12014,Heist-op-den-Berg,Hagelbui,"Nat, plassen",Dag,met lichtgewonden,9,personenauto,3,Fiets,Op Kruispunt,Gemeenteweg,binnen bebouwde kom,Tss. 2 best.: langs opzij (voor-/achterkant-flank),Geen hindernis
50988,8,Heist op den Berg 1,Heist-op-den-Berg,51.06759,4.68823,2.2855540748577843,51.07569978513805,4.718288150448585,2024,11,12,12014,Heist-op-den-Berg,Hagelbui,"Nat, plassen",Dag,met lichtgewonden,9,personenauto,3,Fiets,Op Kruispunt,Gemeenteweg,binnen bebouwde kom,Tss. 2 best.: langs opzij (voor-/achterkant-flank),Geen hindernis
50991,103,Malle teller 1,Malle,51.31681,4.73872,1.555213016504017,51.32999148996249,4.746202819478457,2024,11,9,13037,Rijkevorsel,Regenval,"Nat, plassen",Dag,met lichtgewonden,5,Lichte vrachtauto,3,Fiets,Op Kruispunt,Gewestweg,binnen bebouwde kom,Tss. 2 best.: langs opzij (voor-/achterkant-flank),Geen hindernis
50991,104,Malle teller 2,Malle,51.31682,4.73852,1.558869769814907,51.32999148996249,4.746202819478457,2024,11,9,13037,Rijkevorsel,Regenval,"Nat, plassen",Dag,met lichtgewonden,5,Lichte vrachtauto,3,Fiets,Op Kruispunt,Gewestweg,binnen bebouwde kom,Tss. 2 best.: langs opzij (voor-/achterkant-flank),Geen hindernis
50992,103,Malle teller 1,Malle,51.31681,4.73872,1.9655991936495958,51.333340678189124,4.7487410963246255,2024,11,8,13037,Rijkevorsel,Normaal,Droog,Dag,met lichtgewonden,4,Vrachtwagen,3,Fiets,Op Kruispunt,Gewestweg,buiten bebouwde kom,Tss. 2 best.: langs opzij (voor-/achterkant-flank),Geen hindernis
50992,104,Malle teller 2,Malle,51.31682,4.73852,1.9695279894450486,51.333340678189124,4.7487410963246255,2024,11,8,13037,Rijkevorsel,Normaal,Droog,Dag,met lichtgewonden,4,Vrachtwagen,3,Fiets,Op Kruispunt,Gewestweg,buiten bebouwde kom,Tss. 2 best.: langs opzij (voor-/achterkant-flank),Geen hindernis
51006,88,Westerlo teller 1,Westerlo,51.082,4.91325,0.09000094064025192,51.08277093069886,4.9128575182116005,2024,11,16,13049,Westerlo,Normaal,Droog,Dageraad - schemering,met lichtgewonden,9,personenauto,3,Fiets,Op Kruispunt,Gewestweg,binnen bebouwde kom,Tss. 2 best.: langs opzij (voor-/achterkant-flank),Geen hindernis
51006,89,Westerlo teller 2,Westerlo,51.08191,4.91334,0.10149052371023531,51.08277093069886,4.9128575182116005,2024,11,16,13049,Westerlo,Normaal,Droog,Dageraad - schemering,met lichtgewonden,9,personenauto,3,Fiets,Op Kruispunt,Gewestweg,binnen bebouwde kom,Tss. 2 best.: langs opzij (voor-/achterkant-flank),Geen hindernis
51010,88,Westerlo teller 1,Westerlo,51.082,4.91325,1.860083919999315,51.09849470008658,4.908816190333622,2024,11,7,13049,Westerlo,Normaal,"Nat, plassen",Dag,met lichtgewonden,9,personenauto,3,Fiets,Op Kruispunt,Gemeenteweg,buiten bebouwde kom,Tss. 2 best.: langs opzij (voor-/achterkant-flank),Geen hindernis
51010,89,Westerlo teller 2,Westerlo,51.08191,4.91334,1.8710037770162375,51.09849470008658,4.908816190333622,2024,11,7,13049,Westerlo,Normaal,"Nat, plassen",Dag,met lichtgewonden,9,personenauto,3,Fiets,Op Kruispunt,Gemeenteweg,buiten bebouwde kom,Tss. 2 best.: langs opzij (voor-/achterkant-flank),Geen hindernis
51012,88,Westerlo teller 1,Westerlo,51.082,4.91325,2.4446563250377444,51.09572416403882,4.940594726612657,2024,11,17,13008,Geel,Normaal,Droog,"Nacht, openbare verlichting aanwezig en ontstoken",met lichtgewonden,9,personenauto,3,Fiets,Buiten Kruispunt,Gewestweg,buiten bebouwde kom,Tss. 2 best.: langs opzij (voor-/achterkant-flank),Geen hindernis
51012,89,Westerlo teller 2,Westerlo,51.08191,4.91334,2.446022355295909,51.09572416403882,4.940594726612657,2024,11,17,13008,Geel,Normaal,Droog,"Nacht, openbare verlichting aanwezig en ontstoken",met lichtgewonden,9,personenauto,3,Fiets,Buiten Kruispunt,Gewestweg,buiten bebouwde kom,Tss. 2 best.: langs opzij (voor-/achterkant-flank),Geen hindernis
51017,98,Geel teller 2,Geel,51.1481,4.99643,2.242263913582856,51.166755352577944,4.984223309883947,2024,11,8,13008,Geel,Regenval,"Nat, plassen",Dageraad - schemering,met lichtgewonden,3,Fiets,9,personenauto,Op Kruispunt,Gemeenteweg,binnen bebouwde kom,Tss. 2 best.: langs opzij (voor-/achterkant-flank),Geen hindernis