crash_row_id,site_id,site_name,site_gemeente,site_lat,site_long,distance_km,crash_lat,crash_long,DT_YEAR_COLLISION,DT_MONTH_COLLISION,DT_TIME,CD_NIS,TX_MUNTY_COLLISION_NL,TX_WEATHER_NL,TX_ROAD_CONDITION_NL,TX_LIGHT_CONDITION_NL,TX_CLASS_ACCIDENTS_NL,CD_ROAD_USR_TYPE1,TX_ROAD_USR_TYPE1_NL,CD_ROAD_USR_TYPE2,TX_ROAD_USR_TYPE2_NL,TX_CROSSWAY_NL,CD_ROAD_TYPE_NL,TX_BUILD_UP_AREA_NL,TX_COLLISION_TYPE_NL,TX_OBSTACLES_NL
51017,97,Geel teller 1,Geel,51.14813,4.99698,2.254039709731472,51.166755352577944,4.984223309883947,2024,11,8,13008,Geel,Regenval,"Nat, plassen",Dageraad - schemering,met lichtgewonden,3,Fiets,9,personenauto,Op Kruispunt,Gemeenteweg,binnen bebouwde kom,Tss. 2 best.: langs opzij (voor-/achterkant-flank),Geen hindernis
51020,98,Geel teller 2,Geel,51.1481,4.99643,1.781870028696115,51.15927479576767,4.978118667190708,2024,11,13,13008,Geel,Mist (zichtbaarheid minder dan 100m),Droog,Dag,met lichtgewonden,3,Fiets,9,personenauto,Op Kruispunt,Gemeenteweg,buiten bebouwde kom,Tss. 2 best.: langs opzij (voor-/achterkant-flank),Geen hindernis
51020,97,Geel teller 1,Geel,51.14813,4.99698,1.8072722528686227,51.15927479576767,4.978118667190708,2024,11,13,13008,Geel,Mist (zichtbaarheid minder dan 100m),Droog,Dag,met lichtgewonden,3,Fiets,9,personenauto,Op Kruispunt,Gemeenteweg,buiten bebouwde kom,Tss. 2 best.: langs opzij (voor-/achterkant-flank),Geen hindernis
51022,98,Geel teller 2,Geel,51.1481,4.99643,1.7972462668508296,51.151436037978534,4.971218249210877,2024,11,21,13008,Geel,Onbekend,Onbekend,"Nacht, openbare verlichting aanwezig en ontstoken",met lichtgewonden,3,Fiets,3,Fiets,Buiten Kruispunt,Gewestweg,buiten bebouwde kom,Tussen 2 bestuurders: Frontale botsing,Geen hindernis
51022,97,Geel teller 1,Geel,51.14813,4.99698,1.8341283356469225,51.151436037978534,4.971218249210877,2024,11,21,13008,Geel,Onbekend,Onbekend,"Nacht, openbare verlichting aanwezig en ontstoken",met lichtgewonden,3,Fiets,3,Fiets,Buiten Kruispunt,Gewestweg,buiten bebouwde kom,Tussen 2 bestuurders: Frontale botsing,Geen hindernis
51024,134,Retie,Dessel,51.2548405,5.1037658,0.46835670283421343,51.25786293694697,5.099078293562668,2024,11,12,13036,Retie,Normaal,Droog,Dag,met lichtgewonden,9,personenauto,3,Fiets,Op Kruispunt,Gewestweg,buiten bebouwde kom,Tss. 2 best.: langs opzij (voor-/achterkant-flank),Geen hindernis
51024,135,Retie 2,Dessel,51.2544998,5.1040064,0.5074071623799312,51.25786293694697,5.099078293562668,2024,11,12,13036,Retie,Normaal,Droog,Dag,met lichtgewonden,9,personenauto,3,Fiets,Op Kruispunt,Gewestweg,buiten bebouwde kom,Tss. 2 best.: langs opzij (voor-/achterkant-flank),Geen hindernis
51028,135,Retie 2,Dessel,51.2544998,5.1040064,1.7961704583487088,51.239418784010745,5.113251917695043,2024,11,8,13006,Dessel,Normaal,Droog,Dag,met lichtgewonden,9,personenauto,3,Fiets,Op Kruispunt,Gemeenteweg,binnen bebouwde kom,Tss. 2 best.: langs opzij (voor-/achterkant-flank),Geen hindernis
51028,134,Retie,Dessel,51.2548405,5.1037658,1.8375398985662683,51.239418784010745,5.113251917695043,2024,11,8,13006,Dessel,Normaal,Droog,Dag,met lichtgewonden,9,personenauto,3,Fiets,Op Kruispunt,Gemeenteweg,binnen bebouwde kom,Tss. 2 best.: langs opzij (voor-/achterkant-flank),Geen hindernis
51029,5,Balen 2,Balen,51.16018,5.19003,1.7925765906807287,51.169645028218696,5.169219393278539,2024,11,16,13003,Balen,Onbekend,Onbekend,Dag,met lichtgewonden,3,Fiets,8,Voetganger,Buiten Kruispunt,Gewestweg,binnen bebouwde kom,Met een voetganger,Geen hindernis
51029,4,Balen 1,Balen,51.16023,5.19011,1.7938441333136288,51.169645028218696,5.169219393278539,2024,11,16,13003,Balen,Onbekend,Onbekend,Dag,met lichtgewonden,3,Fiets,8,Voetganger,Buiten Kruispunt,Gewestweg,binnen bebouwde kom,Met een voetganger,Geen hindernis
51033,135,Retie 2,Dessel,51.2544998,5.1040064,2.0890350042385912,51.235875254582275,5.107946381851796,2024,11,14,13006,Dessel,Normaal,Droog,Dag,met lichtgewonden,3,Fiets,9,personenauto,Buiten Kruispunt,Gemeenteweg,binnen bebouwde kom,Tussen 2 bestuurders: Langs achteren,Geen hindernis
51033,134,Retie,Dessel,51.2548405,5.1037658,2.1288214603522255,51.235875254582275,5.107946381851796,2024,11,14,13006,Dessel,Normaal,Droog,Dag,met lichtgewonden,3,Fiets,9,personenauto,Buiten Kruispunt,Gemeenteweg,binnen bebouwde kom,Tussen 2 bestuurders: Langs achteren,Geen hindernis
51036,94,Herentals teller 2,Herentals,51.17345,4.81283,0.7698869321649982,51.175280749806106,4.823480464936756,2024,11,15,13011,Herentals,Normaal,Droog,Dag,met lichtgewonden,9,personenauto,3,Fiets,Buiten Kruispunt,Gewestweg,binnen bebouwde kom,Tss. 2 best.: langs opzij (voor-/achterkant-flank),Geen hindernis
51036,110,Herentals totem,Herentals,51.1739426,4.811783,0.8289357605880566,51.175280749806106,4.823480464936756,2024,11,15,13011,Herentals,Normaal,Droog,Dag,met lichtgewonden,9,personenauto,3,Fiets,Buiten Kruispunt,Gewestweg,binnen bebouwde kom,Tss. 2 best.: langs opzij (voor-/achterkant-flank),Geen hindernis
51037,94,Herentals teller 2,Herentals,51.17345,4.81283,2.0786350628461867,51.17758441166524,4.841908984378255,2024,11,15,13011,Herentals,Normaal,Droog,Dag,met lichtgewonden,9,personenauto,3,Fiets,Op Kruispunt,Gemeenteweg,buiten bebouwde kom,Tss. 2 best.: langs opzij (voor-/achterkant-flank),Geen hindernis
51037,110,Herentals totem,Herentals,51.1739426,4.811783,2.138822325991761,51.17758441166524,4.841908984378255,2024,11,15,13011,Herentals,Normaal,Droog,Dag,met lichtgewonden,9,personenauto,3,Fiets,Op Kruispunt,Gemeenteweg,buiten bebouwde kom,Tss. 2 best.: langs opzij (voor-/achterkant-flank),Geen hindernis
51040,94,Herentals teller 2,Herentals,51.17345,4.81283,1.3874186048056987,51.168778175998085,4.8312826053666615,2024,11,16,13011,Herentals,Regenval,"Nat, plassen",Dageraad - schemering,met lichtgewonden,9,personenauto,3,Fiets,Op Kruispunt,Gemeenteweg,buiten bebouwde kom,Tss. 2 best.: langs opzij (voor-/achterkant-flank),Geen hindernis
51040,110,Herentals totem,Herentals,51.1739426,4.811783,1.475793066018036,51.168778175998085,4.8312826053666615,2024,11,16,13011,Herentals,Regenval,"Nat, plassen",Dageraad - schemering,met lichtgewonden,9,personenauto,3,Fiets,Op Kruispunt,Gemeenteweg,buiten bebouwde kom,Tss. 2 best.: langs opzij (voor-/achterkant-flank),Geen hindernis
51042,37,Lommel teller 1,Lommel,51.23299,5.29211,1.2066740353899457,51.2371008242553,5.30815008203774,2024,11,12,72020,Lommel,Normaal,"Vuil (zand, grint, bladeren,...)",Dag,met lichtgewonden,3,Fiets,9,personenauto,Buiten Kruispunt,Gewestweg,buiten bebouwde kom,Tussen 2 bestuurders: Flank tegen flank,Geen hindernis
51042,38,Lommel teller 2,Lommel,51.23277,5.29189,1.2302339529070208,51.2371008242553,5.30815008203774,2024,11,12,72020,Lommel,Normaal,"Vuil (zand, grint, bladeren,...)",Dag,met lichtgewonden,3,Fiets,9,personenauto,Buiten Kruispunt,Gewestweg,buiten bebouwde kom,Tussen 2 bestuurders: Flank tegen flank,Geen hindernis
51043,46,Pelt teller 2,Pelt,51.231,5.44375,2.3786164131252585,51.223398377883846,5.411820717536905,2024,11,10,72043,Pelt,Normaal,"Nat, plassen",Dag,met zwaargewonden,3,Fiets,9,personenauto,Op Kruispunt,Gemeenteweg,buiten bebouwde kom,Tss. 2 best.: langs opzij (voor-/achterkant-flank),Geen hindernis
51043,45,Pelt teller 1,Pelt,51.23127,5.44377,2.390739871897444,51.223398377883846,5.411820717536905,2024,11,10,72043,Pelt,Normaal,"Nat, plassen",Dag,met zwaargewonden,3,Fiets,9,personenauto,Op Kruispunt,Gemeenteweg,buiten bebouwde kom,Tss. 2 best.: langs opzij (voor-/achterkant-flank),Geen hindernis
51052,39,Peer teller 1,Peer,51.13425,5.47817,1.3509054131799492,51.131131591218164,5.459458296220295,2024,11,15,72030,Peer,Normaal,Droog,Dag,met lichtgewonden,9,personenauto,3,Fiets,Op Kruispunt,Gemeenteweg,binnen bebouwde kom,Tussen 2 bestuurders: Flank tegen flank,Geen hindernis
51052,40,Peer teller 2,Peer,51.13438,5.47892,1.405193424586861,51.131131591218164,5.459458296220295,2024,11,15,72030,Peer,Normaal,Droog,Dag,met lichtgewonden,9,personenauto,3,Fiets,Op Kruispunt,Gemeenteweg,binnen bebouwde kom,Tussen 2 bestuurders: Flank tegen flank,Geen hindernis
51054,39,Peer teller 1,Peer,51.13425,5.47817,1.951261582590544,51.1328187743053,5.4502983721399,2024,11,8,72030,Peer,Normaal,Droog,Dag,met lichtgewonden,9,personenauto,3,Fiets,Op Kruispunt,Gewestweg,binnen bebouwde kom,Tss. 2 best.: langs opzij (voor-/achterkant-flank),Geen hindernis
51054,40,Peer teller 2,Peer,51.13438,5.47892,2.004620787447561,51.1328187743053,5.4502983721399,2024,11,8,72030,Peer,Normaal,Droog,Dag,met lichtgewonden,9,personenauto,3,Fiets,Op Kruispunt,Gewestweg,binnen bebouwde kom,Tss. 2 best.: langs opzij (voor-/achterkant-flank),Geen hindernis
51060,21,Bilzen,Bilzen,50.86015,5.50161,1.588361764916747,50.872897421611455,5.511823282546407,2024,11,12,73006,Bilzen,Normaal,Droog,Dag,met lichtgewonden,9,personenauto,3,Fiets,Buiten Kruispunt,Gewestweg,binnen bebouwde kom,Tss. 2 best.: langs opzij (voor-/achterkant-flank),Geen hindernis
51061,44,Maaseik teller 2,Maaseik,51.09359,5.79726,1.8466249049565555,51.10738844483311,5.782543794684137,2024,11,8,72021,Maaseik,Normaal,Droog,Dag,met lichtgewonden,6,Bromfiets,3,Fiets,Buiten Kruispunt,Gemeenteweg,binnen bebouwde kom,Tussen 2 bestuurders: Langs achteren,Geen hindernis
51061,43,Maaseik teller 1,Maaseik,51.09344,5.79715,1.8562762411972815,51.10738844483311,5.782543794684137,2024,11,8,72021,Maaseik,Normaal,Droog,Dag,met lichtgewonden,6,Bromfiets,3,Fiets,Buiten Kruispunt,Gemeenteweg,binnen bebouwde kom,Tussen 2 bestuurders: Langs achteren,Geen hindernis
51062,43,Maaseik teller 1,Maaseik,51.09344,5.79715,2.063627733733761,51.0897964515389,5.768176678754421,2024,11,15,72021,Maaseik,Normaal,Droog,Dag,met zwaargewonden,9,personenauto,3,Fiets,Op Kruispunt,Gewestweg,buiten bebouwde kom,Tss. 2 best.: langs opzij (voor-/achterkant-flank),Geen hindernis
51062,44,Maaseik teller 2,Maaseik,51.09359,5.79726,2.074484983543191,51.0897964515389,5.768176678754421,2024,11,15,72021,Maaseik,Normaal,Droog,Dag,met zwaargewonden,9,personenauto,3,Fiets,Op Kruispunt,Gewestweg,buiten bebouwde kom,Tss. 2 best.: langs opzij (voor-/achterkant-flank),Geen hindernis
51063,77,Leuven teller 2,Leuven,50.88672,4.70796,0.8794764224634328,50.87933177220923,4.703484882945329,2024,11,2,24062,Leuven,Normaal,Droog,"Nacht, openbare verlichting aanwezig en ontstoken",met lichtgewonden,3,Fiets,10,"één bestuurder, geen hindernis",Buiten Kruispunt,Gemeenteweg,binnen bebouwde kom,"Eén bestuurder, geen hindernis (incl. val)",Geen hindernis
51063,69,Leuven teller 1,Leuven,50.87549,4.71526,0.9300735021639485,50.87933177220923,4.703484882945329,2024,11,2,24062,Leuven,Normaal,Droog,"Nacht, openbare verlichting aanwezig en ontstoken",met lichtgewonden,3,Fiets,10,"één bestuurder, geen hindernis",Buiten Kruispunt,Gemeenteweg,binnen bebouwde kom,"Eén bestuurder, geen hindernis (incl. val)",Geen hindernis
51063,107,leuven totem,Leuven,50.8870744,4.7087919,0.9379924829200361,50.87933177220923,4.703484882945329,2024,11,2,24062,Leuven,Normaal,Droog,"Nacht, openbare verlichting aanwezig en ontstoken",met lichtgewonden,3,Fiets,10,"één bestuurder, geen hindernis",Buiten Kruispunt,Gemeenteweg,binnen bebouwde kom,"Eén bestuurder, geen hindernis (incl. val)",Geen hindernis
51063,151,Leuven,District Leuven,50.8690262,4.6854839,1.70543254874429,50.87933177220923,4.703484882945329,2024,11,2,24062,Leuven,Normaal,Droog,"Nacht, openbare verlichting aanwezig en ontstoken",met lichtgewonden,3,Fiets,10,"één bestuurder, geen hindernis",Buiten Kruispunt,Gemeenteweg,binnen bebouwde kom,"Eén bestuurder, geen hindernis (incl. val)",Geen hindernis
51064,69,Leuven teller 1,Leuven,50.87549,4.71526,1.0490227687437506,50.877111759669994,4.700531478055628,2024,11,22,24062,Leuven,Normaal,Droog,"Nacht, openbare verlichting aanwezig en ontstoken",met lichtgewonden,3,Fiets,8,Voetganger,Buiten Kruispunt,Gemeenteweg,binnen bebouwde kom,Met een voetganger,Geen hindernis
51064,77,Leuven teller 2,Leuven,50.88672,4.70796,1.1887172177652743,50.877111759669994,4.700531478055628,2024,11,22,24062,Leuven,Normaal,Droog,"Nacht, openbare verlichting aanwezig en ontstoken",met lichtgewonden,3,Fiets,8,Voetganger,Buiten Kruispunt,Gemeenteweg,binnen bebouwde kom,Met een voetganger,Geen hindernis
51064,107,leuven totem,Leuven,50.8870744,4.7087919,1.2502163069197543,50.877111759669994,4.700531478055628,2024,11,22,24062,Leuven,Normaal,Droog,"Nacht, openbare verlichting aanwezig en ontstoken",met lichtgewonden,3,Fiets,8,Voetganger,Buiten Kruispunt,Gemeenteweg,binnen bebouwde kom,Met een voetganger,Geen hindernis
51064,151,Leuven,District Leuven,50.8690262,4.6854839,1.3867897067585093,50.877111759669994,4.700531478055628,2024,11,22,24062,Leuven,Normaal,Droog,"Nacht, openbare verlichting aanwezig en ontstoken",met lichtgewonden,3,Fiets,8,Voetganger,Buiten Kruispunt,Gemeenteweg,binnen bebouwde kom,Met een voetganger,Geen hindernis
51066,69,Leuven teller 1,Leuven,50.87549,4.71526,0.19948084505591107,50.87726725514898,4.715647248820389,2024,11,12,24062,Leuven,Normaal,Droog,Dag,met lichtgewonden,3,Fiets,3,Fiets,Buiten Kruispunt,Gewestweg,binnen bebouwde kom,Tussen 2 bestuurders: Langs achteren,Geen hindernis
51066,77,Leuven teller 2,Leuven,50.88672,4.70796,1.1813760457185407,50.87726725514898,4.715647248820389,2024,11,12,24062,Leuven,Normaal,Droog,Dag,met lichtgewonden,3,Fiets,3,Fiets,Buiten Kruispunt,Gewestweg,binnen bebouwde kom,Tussen 2 bestuurders: Langs achteren,Geen hindernis
51066,107,leuven totem,Leuven,50.8870744,4.7087919,1.1918471717946661,50.87726725514898,4.715647248820389,2024,11,12,24062,Leuven,Normaal,Droog,Dag,met lichtgewonden,3,Fiets,3,Fiets,Buiten Kruispunt,Gewestweg,binnen bebouwde kom,Tussen 2 bestuurders: Langs achteren,Geen hindernis
51066,151,Leuven,District Leuven,50.8690262,4.6854839,2.306371909369271,50.87726725514898,4.715647248820389,2024,11,12,24062,Leuven,Normaal,Droog,Dag,met lichtgewonden,3,Fiets,3,Fiets,Buiten Kruispunt,Gewestweg,binnen bebouwde kom,Tussen 2 bestuurders: Langs achteren,Geen hindernis
51067,69,Leuven teller 1,Leuven,50.87549,4.71526,2.2567086647875545,50.87846301931383,4.747076995188014,2024,11,19,24062,Leuven,Onbekend,Droog,Dageraad - schemering,met lichtgewonden,8,Voetganger,3,Fiets,Buiten Kruispunt,Gemeenteweg,binnen bebouwde kom,Met een voetganger,Geen hindernis
51068,151,Leuven,District Leuven,50.8690262,4.6854839,0.8598149931787987,50.86811993260229,4.697651850064575,2024,11,16,24062,Leuven,Normaal,Onbekend,Dag,met lichtgewonden,3,Fiets,3,Fiets,Buiten Kruispunt,Gemeenteweg,binnen bebouwde kom,Tussen 2 bestuurders: Frontale botsing,Geen hindernis
51068,69,Leuven teller 1,Leuven,50.87549,4.71526,1.482645982472964,50.86811993260229,4.697651850064575,2024,11,16,24062,Leuven,Normaal,Onbekend,Dag,met lichtgewonden,3,Fiets,3,Fiets,Buiten Kruispunt,Gemeenteweg,binnen bebouwde kom,Tussen 2 bestuurders: Frontale botsing,Geen hindernis
51068,77,Leuven teller 2,Leuven,50.88672,4.70796,2.1910418159760923,50.86811993260229,4.697651850064575,2024,11,16,24062,Leuven,Normaal,Onbekend,Dag,met lichtgewonden,3,Fiets,3,Fiets,Buiten Kruispunt,Gemeenteweg,binnen bebouwde kom,Tussen 2 bestuurders: Frontale botsing,Geen hindernis
51068,107,leuven totem,Leuven,50.8870744,4.7087919,2.247900084715731,50.86811993260229,4.697651850064575,2024,11,16,24062,Leuven,Normaal,Onbekend,Dag,met lichtgewonden,3,Fiets,3,Fiets,Buiten Kruispunt,Gemeenteweg,binnen bebouwde kom,Tussen 2 bestuurders: Frontale botsing,Geen hindernis
51068,108,Heverlee teller 1,Leuven,50.8471728,4.6954674,2.334256221231203,50.86811993260229,4.697651850064575,2024,11,16,24062,Leuven,Normaal,Onbekend,Dag,met lichtgewonden,3,Fiets,3,Fiets,Buiten Kruispunt,Gemeenteweg,binnen bebouwde kom,Tussen 2 bestuurders: Frontale botsing,Geen hindernis
51068,76,Heverlee teller 2,Leuven,50.84606,4.69597,2.4557917237457474,50.86811993260229,4.697651850064575,2024,11,16,24062,Leuven,Normaal,Onbekend,Dag,met lichtgewonden,3,Fiets,3,Fiets,Buiten Kruispunt,Gemeenteweg,binnen bebouwde kom,Tussen 2 bestuurders: Frontale botsing,Geen hindernis
51069,77,Leuven teller 2,Leuven,50.88672,4.70796,0.20345243427332027,50.88807207981566,4.706005892939751,2024,11,12,24062,Leuven,Normaal,Droog,Dag,met lichtgewonden,5,Lichte vrachtauto,3,Fiets,Op Kruispunt,Gemeenteweg,binnen bebouwde kom,Tss. 2 best.: langs opzij (voor-/achterkant-flank),Geen hindernis
51069,107,leuven totem,Leuven,50.8870744,4.7087919,0.22472102076858988,50.88807207981566,4.706005892939751,2024,11,12,24062,Leuven,Normaal,Droog,Dag,met lichtgewonden,5,Lichte vrachtauto,3,Fiets,Op Kruispunt,Gemeenteweg,binnen bebouwde kom,Tss. 2 best.: langs opzij (voor-/achterkant-flank),Geen hindernis
51069,69,Leuven teller 1,Leuven,50.87549,4.71526,1.542359294427942,50.88807207981566,4.706005892939751,2024,11,12,24062,Leuven,Normaal,Droog,Dag,met lichtgewonden,5,Lichte vrachtauto,3,Fiets,Op Kruispunt,Gemeenteweg,binnen bebouwde kom,Tss. 2 best.: langs opzij (voor-/achterkant-flank),Geen hindernis
51070,69,Leuven teller 1,Leuven,50.87549,4.71526,1.4460765957985182,50.86265874988216,4.7119039332632315,2024,11,8,24062,Leuven,Onbekend,Onbekend,Dag,met lichtgewonden,3,Fiets,9,personenauto,Op Kruispunt,Gemeenteweg,binnen bebouwde kom,Tussen 2 bestuurders: Langs achteren,Geen hindernis
51070,151,Leuven,District Leuven,50.8690262,4.6854839,1.984727913255499,50.86265874988216,4.7119039332632315,2024,11,8,24062,Leuven,Onbekend,Onbekend,Dag,met lichtgewonden,3,Fiets,9,personenauto,Op Kruispunt,Gemeenteweg,binnen bebouwde kom,Tussen 2 bestuurders: Langs achteren,Geen hindernis
51070,108,Heverlee teller 1,Leuven,50.8471728,4.6954674,2.0727619747617614,50.86265874988216,4.7119039332632315,2024,11,8,24062,Leuven,Onbekend,Onbekend,Dag,met lichtgewonden,3,Fiets,9,personenauto,Op Kruispunt,Gemeenteweg,binnen bebouwde kom,Tussen 2 bestuurders: Langs achteren,Geen hindernis
51070,76,Heverlee teller 2,Leuven,50.84606,4.69597,2.1581610042728494,50.86265874988216,4.7119039332632315,2024,11,8,24062,Leuven,Onbekend,Onbekend,Dag,met lichtgewonden,3,Fiets,9,personenauto,Op Kruispunt,Gemeenteweg,binnen bebouwde kom,Tussen 2 bestuurders: Langs achteren,Geen hindernis
51071,77,Leuven teller 2,Leuven,50.88672,4.70796,0.5182334179243021,50.88924075141286,4.701745955002479,2024,11,6,24062,Leuven,Regenval,Proper,"Nacht, geen openbare verlichting aanwezig",met lichtgewonden,3,Fiets,6,Bromfiets,Op Kruispunt,Gewestweg,binnen bebouwde kom,Tussen 2 bestuurders: Frontale botsing,Geen hindernis
51071,107,leuven totem,Leuven,50.8870744,4.7087919,0.5498210272660923,50.88924075141286,4.701745955002479,2024,11,6,24062,Leuven,Regenval,Proper,"Nacht, geen openbare verlichting aanwezig",met lichtgewonden,3,Fiets,6,Bromfiets,Op Kruispunt,Gewestweg,binnen bebouwde kom,Tussen 2 bestuurders: Frontale botsing,Geen hindernis
51071,69,Leuven teller 1,Leuven,50.87549,4.71526,1.7990892327761545,50.88924075141286,4.701745955002479,2024,11,6,24062,Leuven,Regenval,Proper,"Nacht, geen openbare verlichting aanwezig",met lichtgewonden,3,Fiets,6,Bromfiets,Op Kruispunt,Gewestweg,binnen bebouwde kom,Tussen 2 bestuurders: Frontale botsing,Geen hindernis
51072,77,Leuven teller 2,Leuven,50.88672,4.70796,0.9070603636049444,50.879531654709744,4.701847734518773,2024,11,12,24062,Leuven,Onbekend,Onbekend,Dag,met lichtgewonden,3,Fiets,8,Voetganger,Op Kruispunt,Gemeenteweg,binnen bebouwde kom,Met een voetganger,Geen hindernis
51072,107,leuven totem,Leuven,50.8870744,4.7087919,0.9699291531125329,50.879531654709744,4.701847734518773,2024,11,12,24062,Leuven,Onbekend,Onbekend,Dag,met lichtgewonden,3,Fiets,8,Voetganger,Op Kruispunt,Gemeenteweg,binnen bebouwde kom,Met een voetganger,Geen hindernis
51072,69,Leuven teller 1,Leuven,50.87549,4.71526,1.0428355917887933,50.879531654709744,4.701847734518773,2024,11,12,24062,Leuven,Onbekend,Onbekend,Dag,met lichtgewonden,3,Fiets,8,Voetganger,Op Kruispunt,Gemeenteweg,binnen bebouwde kom,Met een voetganger,Geen hindernis
51072,151,Leuven,District Leuven,50.8690262,4.6854839,1.63796702978832,50.879531654709744,4.701847734518773,2024,11,12,24062,Leuven,Onbekend,Onbekend,Dag,met lichtgewonden,3,Fiets,8,Voetganger,Op Kruispunt,Gemeenteweg,binnen bebouwde kom,Met een voetganger,Geen hindernis
51073,151,Leuven,District Leuven,50.8690262,4.6854839,0.39845821615996524,50.86668130027175,4.681190397544983,2024,11,11,24062,Leuven,Onbekend,"Nat, plassen",Dag,met lichtgewonden,3,Fiets,3,Fiets,Buiten Kruispunt,Gemeenteweg,binnen bebouwde kom,Tussen 2 bestuurders: Flank tegen flank,Geen hindernis
51073,108,Heverlee teller 1,Leuven,50.8471728,4.6954674,2.389543778165466,50.86668130027175,4.681190397544983,2024,11,11,24062,Leuven,Onbekend,"Nat, plassen",Dag,met lichtgewonden,3,Fiets,3,Fiets,Buiten Kruispunt,Gemeenteweg,binnen bebouwde kom,Tussen 2 bestuurders: Flank tegen flank,Geen hindernis
51074,69,Leuven teller 1,Leuven,50.87549,4.71526,0.6479611507747065,50.87409129003562,4.706295269570558,2024,11,16,24062,Leuven,Normaal,Droog,Dag,met lichtgewonden,3,Fiets,8,Voetganger,Buiten Kruispunt,Gemeenteweg,binnen bebouwde kom,Met een voetganger,Geen hindernis
51074,77,Leuven teller 2,Leuven,50.88672,4.70796,1.4090970342591072,50.87409129003562,4.706295269570558,2024,11,16,24062,Leuven,Normaal,Droog,Dag,met lichtgewonden,3,Fiets,8,Voetganger,Buiten Kruispunt,Gemeenteweg,binnen bebouwde kom,Met een voetganger,Geen hindernis
51074,107,leuven totem,Leuven,50.8870744,4.7087919,1.4542428808017884,50.87409129003562,4.706295269570558,2024,11,16,24062,Leuven,Normaal,Droog,Dag,met lichtgewonden,3,Fiets,8,Voetganger,Buiten Kruispunt,Gemeenteweg,binnen bebouwde kom,Met een voetganger,Geen hindernis
51074,151,Leuven,District Leuven,50.8690262,4.6854839,1.5651933120197568,50.87409129003562,4.706295269570558,2024,11,16,24062,Leuven,Normaal,Droog,Dag,met lichtgewonden,3,Fiets,8,Voetganger,Buiten Kruispunt,Gemeenteweg,binnen bebouwde kom,Met een voetganger,Geen hindernis
51075,69,Leuven teller 1,Leuven,50.87549,4.71526,1.018232474118647,50.873809225763864,4.700994801873353,2024,11,22,24062,Leuven,Normaal,Droog,"Nacht, openbare verlichting aanwezig en ontstoken",met lichtgewonden,3,Fiets,11,een weggebruiker tegen een hindernis,Buiten Kruispunt,Gemeenteweg,binnen bebouwde kom,Weggebruiker tegen hindernis op de rijbaan,"Op de rijbaan: Werken (signal., aarde, toestel,…)"
51075,151,Leuven,District Leuven,50.8690262,4.6854839,1.2114084413445927,50.873809225763864,4.700994801873353,2024,11,22,24062,Leuven,Normaal,Droog,"Nacht, openbare verlichting aanwezig en ontstoken",met lichtgewonden,3,Fiets,11,een weggebruiker tegen een hindernis,Buiten Kruispunt,Gemeenteweg,binnen bebouwde kom,Weggebruiker tegen hindernis op de rijbaan,"Op de rijbaan: Werken (signal., aarde, toestel,…)"
51075,77,Leuven teller 2,Leuven,50.88672,4.70796,1.516500619639803,50.873809225763864,4.700994801873353,2024,11,22,24062,Leuven,Normaal,Droog,"Nacht, openbare verlichting aanwezig en ontstoken",met lichtgewonden,3,Fiets,11,een weggebruiker tegen een hindernis,Buiten Kruispunt,Gemeenteweg,binnen bebouwde kom,Weggebruiker tegen hindernis op de rijbaan,"Op de rijbaan: Werken (signal., aarde, toestel,…)"
51075,107,leuven totem,Leuven,50.8870744,4.7087919,1.5731877315618703,50.873809225763864,4.700994801873353,2024,11,22,24062,Leuven,Normaal,Droog,"Nacht, openbare verlichting aanwezig en ontstoken",met lichtgewonden,3,Fiets,11,een weggebruiker tegen een hindernis,Buiten Kruispunt,Gemeenteweg,binnen bebouwde kom,Weggebruiker tegen hindernis op de rijbaan,"Op de rijbaan: Werken (signal., aarde, toestel,…)"
51076,151,Leuven,District Leuven,50.8690262,4.6854839,0.9007676043346731,50.877066192707076,4.6839139908593905,2024,11,15,24062,Leuven,Normaal,Droog,Dag,met lichtgewonden,9,personenauto,3,Fiets,Op Kruispunt,Gewestweg,binnen bebouwde kom,Tss. 2 best.: langs opzij (voor-/achterkant-flank),Geen hindernis
51076,77,Leuven teller 2,Leuven,50.88672,4.70796,1.9995286140024124,50.877066192707076,4.6839139908593905,2024,11,15,24062,Leuven,Normaal,Droog,Dag,met lichtgewonden,9,personenauto,3,Fiets,Op Kruispunt,Gewestweg,binnen bebouwde kom,Tss. 2 best.: langs opzij (voor-/achterkant-flank),Geen hindernis
51076,107,leuven totem,Leuven,50.8870744,4.7087919,2.0699186408428796,50.877066192707076,4.6839139908593905,2024,11,15,24062,Leuven,Normaal,Droog,Dag,met lichtgewonden,9,personenauto,3,Fiets,Op Kruispunt,Gewestweg,binnen bebouwde kom,Tss. 2 best.: langs opzij (voor-/achterkant-flank),Geen hindernis