crash_row_id,site_id,site_name,site_gemeente,site_lat,site_long,distance_km,crash_lat,crash_long,DT_YEAR_COLLISION,DT_MONTH_COLLISION,DT_TIME,CD_NIS,TX_MUNTY_COLLISION_NL,TX_WEATHER_NL,TX_ROAD_CONDITION_NL,TX_LIGHT_CONDITION_NL,TX_CLASS_ACCIDENTS_NL,CD_ROAD_USR_TYPE1,TX_ROAD_USR_TYPE1_NL,CD_ROAD_USR_TYPE2,TX_ROAD_USR_TYPE2_NL,TX_CROSSWAY_NL,CD_ROAD_TYPE_NL,TX_BUILD_UP_AREA_NL,TX_COLLISION_TYPE_NL,TX_OBSTACLES_NL
51076,69,Leuven teller 1,Leuven,50.87549,4.71526,2.206323369251401,50.877066192707076,4.6839139908593905,2024,11,15,24062,Leuven,Normaal,Droog,Dag,met lichtgewonden,9,personenauto,3,Fiets,Op Kruispunt,Gewestweg,binnen bebouwde kom,Tss. 2 best.: langs opzij (voor-/achterkant-flank),Geen hindernis
51077,107,leuven totem,Leuven,50.8870744,4.7087919,0.7644459353930922,50.88581589609751,4.719505310005399,2024,11,18,24062,Leuven,Normaal,Droog,"Nacht, openbare verlichting aanwezig en ontstoken",met lichtgewonden,3,Fiets,9,personenauto,Op Kruispunt,Gemeenteweg,binnen bebouwde kom,Tussen 2 bestuurders: Frontale botsing,Geen hindernis
51077,77,Leuven teller 2,Leuven,50.88672,4.70796,0.8161033542498423,50.88581589609751,4.719505310005399,2024,11,18,24062,Leuven,Normaal,Droog,"Nacht, openbare verlichting aanwezig en ontstoken",met lichtgewonden,3,Fiets,9,personenauto,Op Kruispunt,Gemeenteweg,binnen bebouwde kom,Tussen 2 bestuurders: Frontale botsing,Geen hindernis
51077,69,Leuven teller 1,Leuven,50.87549,4.71526,1.1861879260940087,50.88581589609751,4.719505310005399,2024,11,18,24062,Leuven,Normaal,Droog,"Nacht, openbare verlichting aanwezig en ontstoken",met lichtgewonden,3,Fiets,9,personenauto,Op Kruispunt,Gemeenteweg,binnen bebouwde kom,Tussen 2 bestuurders: Frontale botsing,Geen hindernis
51078,107,leuven totem,Leuven,50.8870744,4.7087919,0.3247359927188866,50.889739625893164,4.706899301098839,2024,11,0,24062,Leuven,Mist (zichtbaarheid minder dan 100m),Proper,"Nacht, openbare verlichting aanwezig en ontstoken",met lichtgewonden,8,Voetganger,3,Fiets,Buiten Kruispunt,Gewestweg,binnen bebouwde kom,Met een voetganger,Geen hindernis
51078,77,Leuven teller 2,Leuven,50.88672,4.70796,0.3439119128906049,50.889739625893164,4.706899301098839,2024,11,0,24062,Leuven,Mist (zichtbaarheid minder dan 100m),Proper,"Nacht, openbare verlichting aanwezig en ontstoken",met lichtgewonden,8,Voetganger,3,Fiets,Buiten Kruispunt,Gewestweg,binnen bebouwde kom,Met een voetganger,Geen hindernis
51078,69,Leuven teller 1,Leuven,50.87549,4.71526,1.6895628195391703,50.889739625893164,4.706899301098839,2024,11,0,24062,Leuven,Mist (zichtbaarheid minder dan 100m),Proper,"Nacht, openbare verlichting aanwezig en ontstoken",met lichtgewonden,8,Voetganger,3,Fiets,Buiten Kruispunt,Gewestweg,binnen bebouwde kom,Met een voetganger,Geen hindernis
51079,107,leuven totem,Leuven,50.8870744,4.7087919,1.1556179641653674,50.89617932960822,4.7167357280063715,2024,11,13,24062,Leuven,Normaal,Droog,Dag,met lichtgewonden,3,Fiets,11,een weggebruiker tegen een hindernis,Buiten Kruispunt,Gemeenteweg,binnen bebouwde kom,Weggebruiker tegen hindernis buiten rijbaan,Buiten de rijbaan: Boom
51079,77,Leuven teller 2,Leuven,50.88672,4.70796,1.2187004502234717,50.89617932960822,4.7167357280063715,2024,11,13,24062,Leuven,Normaal,Droog,Dag,met lichtgewonden,3,Fiets,11,een weggebruiker tegen een hindernis,Buiten Kruispunt,Gemeenteweg,binnen bebouwde kom,Weggebruiker tegen hindernis buiten rijbaan,Buiten de rijbaan: Boom
51079,69,Leuven teller 1,Leuven,50.87549,4.71526,2.30287646148531,50.89617932960822,4.7167357280063715,2024,11,13,24062,Leuven,Normaal,Droog,Dag,met lichtgewonden,3,Fiets,11,een weggebruiker tegen een hindernis,Buiten Kruispunt,Gemeenteweg,binnen bebouwde kom,Weggebruiker tegen hindernis buiten rijbaan,Buiten de rijbaan: Boom
51080,151,Leuven,District Leuven,50.8690262,4.6854839,1.067839316014871,50.8735892489765,4.6720938570638575,2024,11,10,24062,Leuven,Sneeuwval,"Ijzel, sneeuw",Dag,met zwaargewonden,3,Fiets,10,"één bestuurder, geen hindernis",Buiten Kruispunt,Gemeenteweg,buiten bebouwde kom,"Eén bestuurder, geen hindernis (incl. val)",Geen hindernis
51091,87,Aarschot,Aarschot,50.99084,4.81259,1.0799013363323051,50.984838244835565,4.824719424305327,2024,11,7,24001,Aarschot,Normaal,Droog,"Nacht, openbare verlichting aanwezig en ontstoken",met lichtgewonden,9,personenauto,3,Fiets,Op Kruispunt,Gemeenteweg,binnen bebouwde kom,Tss. 2 best.: langs opzij (voor-/achterkant-flank),Geen hindernis
51092,87,Aarschot,Aarschot,50.99084,4.81259,1.2569715863902347,50.97971564601141,4.809399474408838,2024,11,12,24001,Aarschot,Normaal,Droog,Dag,met lichtgewonden,4,Vrachtwagen,3,Fiets,Op Kruispunt,Gewestweg,buiten bebouwde kom,Tss. 2 best.: langs opzij (voor-/achterkant-flank),Geen hindernis
51093,87,Aarschot,Aarschot,50.99084,4.81259,1.6520034666077716,50.99121984806548,4.836185448558715,2024,11,15,24001,Aarschot,Normaal,Droog,Dag,met lichtgewonden,8,Voetganger,3,Fiets,Buiten Kruispunt,Gemeenteweg,binnen bebouwde kom,Met een voetganger,Geen hindernis
51102,102,Diest teller 2,Diest,50.9779,5.04474,0.03570501181061949,50.9776529281271,5.044414262265492,2024,11,13,24020,Diest,Onbekend,Droog,Dag,met lichtgewonden,9,personenauto,3,Fiets,Buiten Kruispunt,Gewestweg,binnen bebouwde kom,Tss. 2 best.: langs opzij (voor-/achterkant-flank),Geen hindernis
51102,101,Diest teller 1,Diest,50.97799,5.04481,0.046609190551570354,50.9776529281271,5.044414262265492,2024,11,13,24020,Diest,Onbekend,Droog,Dag,met lichtgewonden,9,personenauto,3,Fiets,Buiten Kruispunt,Gewestweg,binnen bebouwde kom,Tss. 2 best.: langs opzij (voor-/achterkant-flank),Geen hindernis
51103,101,Diest teller 1,Diest,50.97799,5.04481,1.430069727858825,50.98872467724557,5.056061101649694,2024,11,7,24020,Diest,Normaal,Droog,"Nacht, openbare verlichting aanwezig en ontstoken",met lichtgewonden,3,Fiets,9,personenauto,Buiten Kruispunt,Gemeenteweg,binnen bebouwde kom,Tss. 2 best.: langs opzij (voor-/achterkant-flank),Geen hindernis
51103,102,Diest teller 2,Diest,50.9779,5.04474,1.4411226240806347,50.98872467724557,5.056061101649694,2024,11,7,24020,Diest,Normaal,Droog,"Nacht, openbare verlichting aanwezig en ontstoken",met lichtgewonden,3,Fiets,9,personenauto,Buiten Kruispunt,Gemeenteweg,binnen bebouwde kom,Tss. 2 best.: langs opzij (voor-/achterkant-flank),Geen hindernis
51105,111,Zaventem totem,Zaventem,50.8871216,4.4597084,0.18138236560655402,50.88729234745807,4.4622799337513595,2024,11,9,23094,Zaventem,Normaal,"Nat, plassen",Dag,met lichtgewonden,9,personenauto,3,Fiets,Buiten Kruispunt,Gemeenteweg,binnen bebouwde kom,Tussen 2 bestuurders: Frontale botsing,Geen hindernis
51105,26,Zaventem,Zaventem,50.86995,4.45444,2.0052953504822133,50.88729234745807,4.4622799337513595,2024,11,9,23094,Zaventem,Normaal,"Nat, plassen",Dag,met lichtgewonden,9,personenauto,3,Fiets,Buiten Kruispunt,Gemeenteweg,binnen bebouwde kom,Tussen 2 bestuurders: Frontale botsing,Geen hindernis
51105,149,Machelen,,50.88297881,4.43356644,2.070581077807407,50.88729234745807,4.4622799337513595,2024,11,9,23094,Zaventem,Normaal,"Nat, plassen",Dag,met lichtgewonden,9,personenauto,3,Fiets,Buiten Kruispunt,Gemeenteweg,binnen bebouwde kom,Tussen 2 bestuurders: Frontale botsing,Geen hindernis
51106,148,Hoeilaart,District Leuven,50.76699493,4.44471001,1.4771640683767346,50.75776898648588,4.459820843785146,2024,11,17,23033,Hoeilaart,Normaal,Droog,"Nacht, openbare verlichting aanwezig en ontstoken",met lichtgewonden,6,Bromfiets,3,Fiets,Buiten Kruispunt,Gewestweg,buiten bebouwde kom,Tussen 2 bestuurders: Frontale botsing,Geen hindernis
51115,85,Asse teller 1,Asse,50.89621,4.17294,2.474787587361006,50.91485745310507,4.192206872870008,2024,11,18,23002,Asse,Normaal,"Nat, plassen",Dageraad - schemering,met lichtgewonden,3,Fiets,3,Fiets,Buiten Kruispunt,Gewestweg,binnen bebouwde kom,Tss. 2 best.: langs opzij (voor-/achterkant-flank),Geen hindernis
51125,13,Gent,Gent,51.03018,3.70146,1.8711463334348881,51.043250786450514,3.718314167519533,2024,11,2,44021,Gent,Regenval,"Nat, plassen","Nacht, openbare verlichting aanwezig en ontstoken",met lichtgewonden,3,Fiets,8,Voetganger,Buiten Kruispunt,Gemeenteweg,binnen bebouwde kom,Met een voetganger,Geen hindernis
51129,13,Gent,Gent,51.03018,3.70146,1.8218048327324394,51.044064031391635,3.7152932558908347,2024,11,4,44021,Gent,Normaal,Droog,"Nacht, openbare verlichting aanwezig en ontstoken",met lichtgewonden,3,Fiets,10,"één bestuurder, geen hindernis",Buiten Kruispunt,Gewestweg,binnen bebouwde kom,"Eén bestuurder, geen hindernis (incl. val)",Geen hindernis
51131,13,Gent,Gent,51.03018,3.70146,2.2281046103293454,51.03554991930579,3.7321575096972963,2024,11,14,44021,Gent,Normaal,"Nat, plassen",Dag,met lichtgewonden,6,Bromfiets,3,Fiets,Buiten Kruispunt,Gemeenteweg,binnen bebouwde kom,Tussen 2 bestuurders: Flank tegen flank,Geen hindernis
51133,13,Gent,Gent,51.03018,3.70146,1.935744756623751,51.04558763708094,3.7143467558971643,2024,11,8,44021,Gent,Normaal,"Ijzel, sneeuw",Dageraad - schemering,met lichtgewonden,3,Fiets,10,"één bestuurder, geen hindernis",Op Kruispunt,Gewestweg,buiten bebouwde kom,"Eén bestuurder, geen hindernis (incl. val)",Geen hindernis
51135,13,Gent,Gent,51.03018,3.70146,1.8331893541116175,51.040784193837986,3.721534003064969,2024,11,17,44021,Gent,Normaal,Droog,Dageraad - schemering,met lichtgewonden,3,Fiets,6,Bromfiets,Buiten Kruispunt,Gewestweg,binnen bebouwde kom,Tussen 2 bestuurders: Flank tegen flank,Geen hindernis
51138,136,Gent R4,Gent,51.0876313,3.7587918,1.872241945497498,51.07462988485132,3.741761479567447,2024,11,8,44021,Gent,Normaal,Proper,Dag,met lichtgewonden,9,personenauto,3,Fiets,Op Kruispunt,Gewestweg,buiten bebouwde kom,Tss. 2 best.: langs opzij (voor-/achterkant-flank),Geen hindernis
51139,118,Gent teller 1,Gent,51.028049,3.7681359,2.195255516706909,51.037121165802084,3.7402537279761,2024,11,17,44021,Gent,Normaal,Droog,Dageraad - schemering,met lichtgewonden,3,Fiets,9,personenauto,Buiten Kruispunt,Gemeenteweg,binnen bebouwde kom,Tss. 2 best.: langs opzij (voor-/achterkant-flank),Geen hindernis
51139,119,Gent teller 2,Gent,51.0281795,3.7683918,2.2045792945952805,51.037121165802084,3.7402537279761,2024,11,17,44021,Gent,Normaal,Droog,Dageraad - schemering,met lichtgewonden,3,Fiets,9,personenauto,Buiten Kruispunt,Gemeenteweg,binnen bebouwde kom,Tss. 2 best.: langs opzij (voor-/achterkant-flank),Geen hindernis
51140,119,Gent teller 2,Gent,51.0281795,3.7683918,1.1302020827710342,51.03619878758047,3.7584613812898593,2024,11,12,44021,Gent,Normaal,Droog,Dag,met lichtgewonden,9,personenauto,3,Fiets,Op Kruispunt,Gemeenteweg,binnen bebouwde kom,Tss. 2 best.: langs opzij (voor-/achterkant-flank),Geen hindernis
51140,118,Gent teller 1,Gent,51.028049,3.7681359,1.1308911411595213,51.03619878758047,3.7584613812898593,2024,11,12,44021,Gent,Normaal,Droog,Dag,met lichtgewonden,9,personenauto,3,Fiets,Op Kruispunt,Gemeenteweg,binnen bebouwde kom,Tss. 2 best.: langs opzij (voor-/achterkant-flank),Geen hindernis
51142,13,Gent,Gent,51.03018,3.70146,1.9067923274244378,51.01465097375031,3.713023965159467,2024,11,8,44021,Gent,Normaal,"Nat, plassen",Dag,met lichtgewonden,3,Fiets,4,Vrachtwagen,Buiten Kruispunt,Autosnelweg,buiten bebouwde kom,Tss. 2 best.: langs opzij (voor-/achterkant-flank),Geen hindernis
51144,119,Gent teller 2,Gent,51.0281795,3.7683918,2.192444833029605,51.04520368788957,3.7525733925375304,2024,11,8,44021,Gent,Mist (zichtbaarheid minder dan 100m),Droog,Dag,met lichtgewonden,3,Fiets,3,Fiets,Op Kruispunt,Gemeenteweg,binnen bebouwde kom,Tss. 2 best.: langs opzij (voor-/achterkant-flank),Geen hindernis
51144,118,Gent teller 1,Gent,51.028049,3.7681359,2.196065957501029,51.04520368788957,3.7525733925375304,2024,11,8,44021,Gent,Mist (zichtbaarheid minder dan 100m),Droog,Dag,met lichtgewonden,3,Fiets,3,Fiets,Op Kruispunt,Gemeenteweg,binnen bebouwde kom,Tss. 2 best.: langs opzij (voor-/achterkant-flank),Geen hindernis
51146,13,Gent,Gent,51.03018,3.70146,0.4144424359848435,51.03245946407412,3.696771031048829,2024,11,15,44021,Gent,Normaal,Droog,Dag,met lichtgewonden,3,Fiets,3,Fiets,Op Kruispunt,Gemeenteweg,buiten bebouwde kom,Tussen 2 bestuurders: Flank tegen flank,Geen hindernis
51147,118,Gent teller 1,Gent,51.028049,3.7681359,2.1168469766462072,51.03741304269314,3.7417792976944124,2024,11,8,44021,Gent,Normaal,Droog,Dag,met zwaargewonden,3,Fiets,8,Voetganger,Buiten Kruispunt,Gemeenteweg,binnen bebouwde kom,Met een voetganger,Geen hindernis
51147,119,Gent teller 2,Gent,51.0281795,3.7683918,2.1253952643658662,51.03741304269314,3.7417792976944124,2024,11,8,44021,Gent,Normaal,Droog,Dag,met zwaargewonden,3,Fiets,8,Voetganger,Buiten Kruispunt,Gemeenteweg,binnen bebouwde kom,Met een voetganger,Geen hindernis
51149,13,Gent,Gent,51.03018,3.70146,2.4826556099425723,51.04868695020178,3.7213230718242407,2024,11,11,44021,Gent,Normaal,Droog,Dag,met lichtgewonden,3,Fiets,11,een weggebruiker tegen een hindernis,Buiten Kruispunt,Gemeenteweg,binnen bebouwde kom,Weggebruiker tegen hindernis buiten rijbaan,Andere hindernis
51151,119,Gent teller 2,Gent,51.0281795,3.7683918,2.3755453514260454,51.04612079186429,3.7499470692984613,2024,11,7,44021,Gent,Normaal,"Nat, plassen+Vuil (zand, grint, bladeren,...)",Dag,met lichtgewonden,3,Fiets,10,"één bestuurder, geen hindernis",Buiten Kruispunt,Gemeenteweg,binnen bebouwde kom,"Eén bestuurder, geen hindernis (incl. val)",Geen hindernis
51151,118,Gent teller 1,Gent,51.028049,3.7681359,2.3781289089559277,51.04612079186429,3.7499470692984613,2024,11,7,44021,Gent,Normaal,"Nat, plassen+Vuil (zand, grint, bladeren,...)",Dag,met lichtgewonden,3,Fiets,10,"één bestuurder, geen hindernis",Buiten Kruispunt,Gemeenteweg,binnen bebouwde kom,"Eén bestuurder, geen hindernis (incl. val)",Geen hindernis
51152,13,Gent,Gent,51.03018,3.70146,1.3405498894359937,51.03049409354412,3.682297027232939,2024,11,15,44021,Gent,Onbekend,"Vuil (zand, grint, bladeren,...)",Dag,met lichtgewonden,3,Fiets,8,Voetganger,Buiten Kruispunt,Gemeenteweg,binnen bebouwde kom,Met een voetganger,Geen hindernis
51155,13,Gent,Gent,51.03018,3.70146,1.154280166445533,51.02102957613196,3.7092534758345024,2024,11,17,44021,Gent,Normaal,Onbekend,"Nacht, openbare verlichting aanwezig en ontstoken",met lichtgewonden,9,personenauto,3,Fiets,Buiten Kruispunt,Gewestweg,binnen bebouwde kom,Tss. 2 best.: langs opzij (voor-/achterkant-flank),Geen hindernis
51157,136,Gent R4,Gent,51.0876313,3.7587918,1.6937912343408428,51.07597304638659,3.774398020252955,2024,11,19,44021,Gent,"Andere (dikke rook,...)","Nat, plassen","Nacht, openbare verlichting aanwezig en ontstoken",met lichtgewonden,3,Fiets,10,"één bestuurder, geen hindernis",Buiten Kruispunt,Gemeenteweg,binnen bebouwde kom,"Eén bestuurder, geen hindernis (incl. val)",Geen hindernis
51158,13,Gent,Gent,51.03018,3.70146,1.935744756623751,51.04558763708094,3.7143467558971643,2024,11,8,44021,Gent,Normaal,"Ijzel, sneeuw",Dag,met lichtgewonden,3,Fiets,10,"één bestuurder, geen hindernis",Op Kruispunt,Gewestweg,binnen bebouwde kom,"Eén bestuurder, geen hindernis (incl. val)",Geen hindernis
51159,13,Gent,Gent,51.03018,3.70146,1.2653422870847757,51.04127920616902,3.705451651294699,2024,11,20,44021,Gent,Normaal,Droog,"Nacht, openbare verlichting aanwezig en ontstoken",met lichtgewonden,9,personenauto,3,Fiets,Op Kruispunt,Gemeenteweg,binnen bebouwde kom,Tss. 2 best.: langs opzij (voor-/achterkant-flank),Geen hindernis
51172,119,Gent teller 2,Gent,51.0281795,3.7683918,0.8961626215727317,51.02187973062171,3.776383437899275,2024,11,16,44040,Melle,Normaal,"Nat, plassen",Dageraad - schemering,met lichtgewonden,3,Fiets,9,personenauto,Buiten Kruispunt,Gewestweg,binnen bebouwde kom,Tss. 2 best.: langs opzij (voor-/achterkant-flank),Geen hindernis
51172,118,Gent teller 1,Gent,51.028049,3.7681359,0.896279155186396,51.02187973062171,3.776383437899275,2024,11,16,44040,Melle,Normaal,"Nat, plassen",Dageraad - schemering,met lichtgewonden,3,Fiets,9,personenauto,Buiten Kruispunt,Gewestweg,binnen bebouwde kom,Tss. 2 best.: langs opzij (voor-/achterkant-flank),Geen hindernis
51176,116,Melle teller 2,Melle,50.9986113,3.8040599,0.6451592077306118,51.000149052822806,3.795170164944126,2024,11,8,44040,Melle,Normaal,Droog,Dag,met lichtgewonden,3,Fiets,9,personenauto,Buiten Kruispunt,Gemeenteweg,binnen bebouwde kom,Tussen 2 bestuurders: Langs achteren,Geen hindernis
51176,117,Melle teller 1,Melle,50.9986113,3.8040599,0.6451592077306118,51.000149052822806,3.795170164944126,2024,11,8,44040,Melle,Normaal,Droog,Dag,met lichtgewonden,3,Fiets,9,personenauto,Buiten Kruispunt,Gemeenteweg,binnen bebouwde kom,Tussen 2 bestuurders: Langs achteren,Geen hindernis
51180,7,Evergem 1,Evergem,51.1089,3.70317,0.39538359851538113,51.10800390246855,3.7086506305217735,2024,11,12,44019,Evergem,Onbekend,Onbekend,Dag,met lichtgewonden,3,Fiets,5,Lichte vrachtauto,Buiten Kruispunt,Gemeenteweg,binnen bebouwde kom,Tss. 2 best.: langs opzij (voor-/achterkant-flank),Geen hindernis
51180,6,Evergem 2,Evergem,51.10894,3.70298,0.40934190698509937,51.10800390246855,3.7086506305217735,2024,11,12,44019,Evergem,Onbekend,Onbekend,Dag,met lichtgewonden,3,Fiets,5,Lichte vrachtauto,Buiten Kruispunt,Gemeenteweg,binnen bebouwde kom,Tss. 2 best.: langs opzij (voor-/achterkant-flank),Geen hindernis
51182,7,Evergem 1,Evergem,51.1089,3.70317,0.7870564468209655,51.110856471516065,3.714004804874284,2024,11,17,44019,Evergem,Normaal,Droog,"Nacht, openbare verlichting aanwezig en ontstoken",met lichtgewonden,99,onbekend,3,Fiets,Buiten Kruispunt,Gemeenteweg,binnen bebouwde kom,Tussen 2 bestuurders: Frontale botsing,Geen hindernis
51182,6,Evergem 2,Evergem,51.10894,3.70298,0.7986135850931758,51.110856471516065,3.714004804874284,2024,11,17,44019,Evergem,Normaal,Droog,"Nacht, openbare verlichting aanwezig en ontstoken",met lichtgewonden,99,onbekend,3,Fiets,Buiten Kruispunt,Gemeenteweg,binnen bebouwde kom,Tussen 2 bestuurders: Frontale botsing,Geen hindernis
51213,128,Lokeren teller 1,Lokeren,51.09644,3.97023,1.0222899156158545,51.104148234922846,3.978209285126138,2024,11,13,46014,Lokeren,Normaal,Droog,Dag,met lichtgewonden,3,Fiets,9,personenauto,Buiten Kruispunt,Gemeenteweg,binnen bebouwde kom,Tussen 2 bestuurders: Langs achteren,Geen hindernis
51213,129,Lokeren teller 2,Lokeren,51.09612,3.97025,1.0515641630795596,51.104148234922846,3.978209285126138,2024,11,13,46014,Lokeren,Normaal,Droog,Dag,met lichtgewonden,3,Fiets,9,personenauto,Buiten Kruispunt,Gemeenteweg,binnen bebouwde kom,Tussen 2 bestuurders: Langs achteren,Geen hindernis
51214,128,Lokeren teller 1,Lokeren,51.09644,3.97023,2.3658379760319264,51.11329799017426,3.9909032191174205,2024,11,18,46014,Lokeren,Regenval,"Nat, plassen","Nacht, openbare verlichting aanwezig en ontstoken",met lichtgewonden,3,Fiets,9,personenauto,Buiten Kruispunt,Gemeenteweg,binnen bebouwde kom,Tss. 2 best.: langs opzij (voor-/achterkant-flank),Geen hindernis
51214,129,Lokeren teller 2,Lokeren,51.09612,3.97025,2.393290772754388,51.11329799017426,3.9909032191174205,2024,11,18,46014,Lokeren,Regenval,"Nat, plassen","Nacht, openbare verlichting aanwezig en ontstoken",met lichtgewonden,3,Fiets,9,personenauto,Buiten Kruispunt,Gemeenteweg,binnen bebouwde kom,Tss. 2 best.: langs opzij (voor-/achterkant-flank),Geen hindernis
51215,128,Lokeren teller 1,Lokeren,51.09644,3.97023,1.714798990619434,51.107371131301576,3.987553676964984,2024,11,7,46014,Lokeren,Normaal,"Nat, plassen",Dag,met lichtgewonden,3,Fiets,10,"één bestuurder, geen hindernis",Buiten Kruispunt,Gemeenteweg,binnen bebouwde kom,"Eén bestuurder, geen hindernis (incl. val)",Geen hindernis
51215,129,Lokeren teller 2,Lokeren,51.09612,3.97025,1.7392340814048086,51.107371131301576,3.987553676964984,2024,11,7,46014,Lokeren,Normaal,"Nat, plassen",Dag,met lichtgewonden,3,Fiets,10,"één bestuurder, geen hindernis",Buiten Kruispunt,Gemeenteweg,binnen bebouwde kom,"Eén bestuurder, geen hindernis (incl. val)",Geen hindernis
51216,129,Lokeren teller 2,Lokeren,51.09612,3.97025,1.0192088258898475,51.08816177646545,3.963009240652557,2024,11,3,46014,Lokeren,Normaal,Droog,"Nacht, openbare verlichting aanwezig en ontstoken",met lichtgewonden,3,Fiets,10,"één bestuurder, geen hindernis",Buiten Kruispunt,Gemeenteweg,binnen bebouwde kom,"Eén bestuurder, geen hindernis (incl. val)",Geen hindernis
51216,128,Lokeren teller 1,Lokeren,51.09644,3.97023,1.0495784795733403,51.08816177646545,3.963009240652557,2024,11,3,46014,Lokeren,Normaal,Droog,"Nacht, openbare verlichting aanwezig en ontstoken",met lichtgewonden,3,Fiets,10,"één bestuurder, geen hindernis",Buiten Kruispunt,Gemeenteweg,binnen bebouwde kom,"Eén bestuurder, geen hindernis (incl. val)",Geen hindernis
51216,141,Test site A support,Lokeren,51.08342085,3.9961071208376326,2.371156661899354,51.08816177646545,3.963009240652557,2024,11,3,46014,Lokeren,Normaal,Droog,"Nacht, openbare verlichting aanwezig en ontstoken",met lichtgewonden,3,Fiets,10,"één bestuurder, geen hindernis",Buiten Kruispunt,Gemeenteweg,binnen bebouwde kom,"Eén bestuurder, geen hindernis (incl. val)",Geen hindernis
51217,128,Lokeren teller 1,Lokeren,51.09644,3.97023,2.0116451593919344,51.10811510169221,3.9922381524945454,2024,11,23,46014,Lokeren,Normaal,Droog,"Nacht, openbare verlichting aanwezig en ontstoken",met lichtgewonden,3,Fiets,10,"één bestuurder, geen hindernis",Buiten Kruispunt,Gemeenteweg,binnen bebouwde kom,"Eén bestuurder, geen hindernis (incl. val)",Geen hindernis
51217,129,Lokeren teller 2,Lokeren,51.09612,3.97025,2.0337393549631058,51.10811510169221,3.9922381524945454,2024,11,23,46014,Lokeren,Normaal,Droog,"Nacht, openbare verlichting aanwezig en ontstoken",met lichtgewonden,3,Fiets,10,"één bestuurder, geen hindernis",Buiten Kruispunt,Gemeenteweg,binnen bebouwde kom,"Eén bestuurder, geen hindernis (incl. val)",Geen hindernis
51218,126,Hamme totem,Hamme,51.1017709,4.1469307,0.6241913156588774,51.09615905704646,4.147147051973852,2024,11,10,42008,Hamme,Normaal,"Nat, plassen",Dag,dodelijk gewonden,9,personenauto,3,Fiets,Op Kruispunt,Gemeenteweg,binnen bebouwde kom,Tss. 2 best.: langs opzij (voor-/achterkant-flank),Geen hindernis
51221,126,Hamme totem,Hamme,51.1017709,4.1469307,0.772403999985253,51.09520889691947,4.143302080879712,2024,11,16,42008,Hamme,Normaal,Droog,Dag,met lichtgewonden,3,Fiets,9,personenauto,Op Kruispunt,Gewestweg,binnen bebouwde kom,Tss. 2 best.: langs opzij (voor-/achterkant-flank),Geen hindernis
51224,120,Zele teller 1,Zele,51.0607671,4.0547741,1.2775661819458333,51.06616835407803,4.038638314752906,2024,11,8,42028,Zele,Normaal,Droog,Dag,met lichtgewonden,3,Fiets,2,Andere weggebruiker,Op Kruispunt,Gemeenteweg,binnen bebouwde kom,Tss. 2 best.: langs opzij (voor-/achterkant-flank),Geen hindernis
51224,121,Zele teller 2,Zele,51.0604067,4.0556696,1.3516554214409868,51.06616835407803,4.038638314752906,2024,11,8,42028,Zele,Normaal,Droog,Dag,met lichtgewonden,3,Fiets,2,Andere weggebruiker,Op Kruispunt,Gemeenteweg,binnen bebouwde kom,Tss. 2 best.: langs opzij (voor-/achterkant-flank),Geen hindernis
51231,11,Aalst 3,Aalst,50.93385,4.01647,1.9172133976925927,50.9287830992318,4.042619239517584,2024,11,14,41002,Aalst,Normaal,Droog,Dag,met lichtgewonden,9,personenauto,3,Fiets,Buiten Kruispunt,Gemeenteweg,binnen bebouwde kom,Tss. 2 best.: langs opzij (voor-/achterkant-flank),Geen hindernis
51231,10,Aalst 2,Aalst,50.93549,4.01571,2.0278981152698647,50.9287830992318,4.042619239517584,2024,11,14,41002,Aalst,Normaal,Droog,Dag,met lichtgewonden,9,personenauto,3,Fiets,Buiten Kruispunt,Gemeenteweg,binnen bebouwde kom,Tss. 2 best.: langs opzij (voor-/achterkant-flank),Geen hindernis
51231,19,Aalst 1,Aalst,50.93433,4.01471,2.0508379026534334,50.9287830992318,4.042619239517584,2024,11,14,41002,Aalst,Normaal,Droog,Dag,met lichtgewonden,9,personenauto,3,Fiets,Buiten Kruispunt,Gemeenteweg,binnen bebouwde kom,Tss. 2 best.: langs opzij (voor-/achterkant-flank),Geen hindernis
51234,10,Aalst 2,Aalst,50.93549,4.01571,2.0403764069797723,50.94544643162802,4.0401708868984905,2024,11,20,41002,Aalst,Normaal,Droog,"Nacht, openbare verlichting aanwezig en ontstoken",met lichtgewonden,3,Fiets,9,personenauto,Buiten Kruispunt,Gemeenteweg,binnen bebouwde kom,Tss. 2 best.: langs opzij (voor-/achterkant-flank),Geen hindernis
51234,11,Aalst 3,Aalst,50.93385,4.01647,2.1025158373857313,50.94544643162802,4.0401708868984905,2024,11,20,41002,Aalst,Normaal,Droog,"Nacht, openbare verlichting aanwezig en ontstoken",met lichtgewonden,3,Fiets,9,personenauto,Buiten Kruispunt,Gemeenteweg,binnen bebouwde kom,Tss. 2 best.: langs opzij (voor-/achterkant-flank),Geen hindernis