crash_row_id,site_id,site_name,site_gemeente,site_lat,site_long,distance_km,crash_lat,crash_long,DT_YEAR_COLLISION,DT_MONTH_COLLISION,DT_TIME,CD_NIS,TX_MUNTY_COLLISION_NL,TX_WEATHER_NL,TX_ROAD_CONDITION_NL,TX_LIGHT_CONDITION_NL,TX_CLASS_ACCIDENTS_NL,CD_ROAD_USR_TYPE1,TX_ROAD_USR_TYPE1_NL,CD_ROAD_USR_TYPE2,TX_ROAD_USR_TYPE2_NL,TX_CROSSWAY_NL,CD_ROAD_TYPE_NL,TX_BUILD_UP_AREA_NL,TX_COLLISION_TYPE_NL,TX_OBSTACLES_NL
51234,19,Aalst 1,Aalst,50.93433,4.01471,2.170377850681077,50.94544643162802,4.0401708868984905,2024,11,20,41002,Aalst,Normaal,Droog,"Nacht, openbare verlichting aanwezig en ontstoken",met lichtgewonden,3,Fiets,9,personenauto,Buiten Kruispunt,Gemeenteweg,binnen bebouwde kom,Tss. 2 best.: langs opzij (voor-/achterkant-flank),Geen hindernis
51235,10,Aalst 2,Aalst,50.93549,4.01571,1.313089949788932,50.93928535872372,4.033455026612025,2024,11,18,41002,Aalst,Normaal,Droog,"Nacht, openbare verlichting aanwezig en ontstoken",met lichtgewonden,3,Fiets,3,Fiets,Buiten Kruispunt,Gemeenteweg,binnen bebouwde kom,Tussen 2 bestuurders: Frontale botsing,Geen hindernis
51235,11,Aalst 3,Aalst,50.93385,4.01647,1.3348525189398772,50.93928535872372,4.033455026612025,2024,11,18,41002,Aalst,Normaal,Droog,"Nacht, openbare verlichting aanwezig en ontstoken",met lichtgewonden,3,Fiets,3,Fiets,Buiten Kruispunt,Gemeenteweg,binnen bebouwde kom,Tussen 2 bestuurders: Frontale botsing,Geen hindernis
51235,19,Aalst 1,Aalst,50.93433,4.01471,1.4244029139931982,50.93928535872372,4.033455026612025,2024,11,18,41002,Aalst,Normaal,Droog,"Nacht, openbare verlichting aanwezig en ontstoken",met lichtgewonden,3,Fiets,3,Fiets,Buiten Kruispunt,Gemeenteweg,binnen bebouwde kom,Tussen 2 bestuurders: Frontale botsing,Geen hindernis
51242,125,Dendermonde totem,Dendermonde,51.0372706,4.1025998,1.8636803483208033,51.03760132400466,4.129248788752567,2024,11,12,42006,Dendermonde,Normaal,Droog,Dag,met lichtgewonden,9,personenauto,3,Fiets,Buiten Kruispunt,Gewestweg,buiten bebouwde kom,Tss. 2 best.: langs opzij (voor-/achterkant-flank),Geen hindernis
51242,122,Dendermonde teller 2,Dendermonde,51.0373918,4.1019222,1.9108353283089285,51.03760132400466,4.129248788752567,2024,11,12,42006,Dendermonde,Normaal,Droog,Dag,met lichtgewonden,9,personenauto,3,Fiets,Buiten Kruispunt,Gewestweg,buiten bebouwde kom,Tss. 2 best.: langs opzij (voor-/achterkant-flank),Geen hindernis
51243,122,Dendermonde teller 2,Dendermonde,51.0373918,4.1019222,0.17021670808405298,51.03890568313719,4.102283077754509,2024,11,8,42006,Dendermonde,Onbekend,Onbekend,Dageraad - schemering,met lichtgewonden,3,Fiets,3,Fiets,Buiten Kruispunt,Gewestweg,buiten bebouwde kom,Tss. 2 best.: langs opzij (voor-/achterkant-flank),Geen hindernis
51243,125,Dendermonde totem,Dendermonde,51.0372706,4.1025998,0.18315664382173333,51.03890568313719,4.102283077754509,2024,11,8,42006,Dendermonde,Onbekend,Onbekend,Dageraad - schemering,met lichtgewonden,3,Fiets,3,Fiets,Buiten Kruispunt,Gewestweg,buiten bebouwde kom,Tss. 2 best.: langs opzij (voor-/achterkant-flank),Geen hindernis
51244,125,Dendermonde totem,Dendermonde,51.0372706,4.1025998,1.7135036669190382,51.02213486582483,4.1072012484336,2024,11,0,42006,Dendermonde,Normaal,Droog,"Nacht, openbare verlichting aanwezig en ontstoken",met lichtgewonden,3,Fiets,10,"één bestuurder, geen hindernis",Buiten Kruispunt,Gewestweg,binnen bebouwde kom,"Eén bestuurder, geen hindernis (incl. val)",Geen hindernis
51244,122,Dendermonde teller 2,Dendermonde,51.0373918,4.1019222,1.736197525179686,51.02213486582483,4.1072012484336,2024,11,0,42006,Dendermonde,Normaal,Droog,"Nacht, openbare verlichting aanwezig en ontstoken",met lichtgewonden,3,Fiets,10,"één bestuurder, geen hindernis",Buiten Kruispunt,Gewestweg,binnen bebouwde kom,"Eén bestuurder, geen hindernis (incl. val)",Geen hindernis
51246,54,Brugge teller 2,Brugge,51.23015,3.22818,1.2465674640385074,51.221028753690014,3.2177724499739178,2024,11,12,31005,Brugge,Normaal,Droog,Dag,met lichtgewonden,5,Lichte vrachtauto,3,Fiets,Op Kruispunt,Gewestweg,binnen bebouwde kom,Tss. 2 best.: langs opzij (voor-/achterkant-flank),Geen hindernis
51246,53,Brugge teller 1,Brugge,51.23023,3.228,1.2466120317838256,51.221028753690014,3.2177724499739178,2024,11,12,31005,Brugge,Normaal,Droog,Dag,met lichtgewonden,5,Lichte vrachtauto,3,Fiets,Op Kruispunt,Gewestweg,binnen bebouwde kom,Tss. 2 best.: langs opzij (voor-/achterkant-flank),Geen hindernis
51246,52,Brugge,Brugge,51.22632,3.24095,1.7179603363214324,51.221028753690014,3.2177724499739178,2024,11,12,31005,Brugge,Normaal,Droog,Dag,met lichtgewonden,5,Lichte vrachtauto,3,Fiets,Op Kruispunt,Gewestweg,binnen bebouwde kom,Tss. 2 best.: langs opzij (voor-/achterkant-flank),Geen hindernis
51246,142,TEST Validatie BRUGGE Y2H22022134,Brugge,51.22632,3.24095,1.7179603363214324,51.221028753690014,3.2177724499739178,2024,11,12,31005,Brugge,Normaal,Droog,Dag,met lichtgewonden,5,Lichte vrachtauto,3,Fiets,Op Kruispunt,Gewestweg,binnen bebouwde kom,Tss. 2 best.: langs opzij (voor-/achterkant-flank),Geen hindernis
51248,142,TEST Validatie BRUGGE Y2H22022134,Brugge,51.22632,3.24095,1.5867708264882563,51.23484639335004,3.2592238076446627,2024,11,18,31005,Brugge,Normaal,Droog,"Nacht, geen openbare verlichting aanwezig",met zwaargewonden,3,Fiets,8,Voetganger,Buiten Kruispunt,Gewestweg,buiten bebouwde kom,Met een voetganger,Geen hindernis
51248,52,Brugge,Brugge,51.22632,3.24095,1.5867708264882563,51.23484639335004,3.2592238076446627,2024,11,18,31005,Brugge,Normaal,Droog,"Nacht, geen openbare verlichting aanwezig",met zwaargewonden,3,Fiets,8,Voetganger,Buiten Kruispunt,Gewestweg,buiten bebouwde kom,Met een voetganger,Geen hindernis
51248,54,Brugge teller 2,Brugge,51.23015,3.22818,2.2236459607218735,51.23484639335004,3.2592238076446627,2024,11,18,31005,Brugge,Normaal,Droog,"Nacht, geen openbare verlichting aanwezig",met zwaargewonden,3,Fiets,8,Voetganger,Buiten Kruispunt,Gewestweg,buiten bebouwde kom,Met een voetganger,Geen hindernis
51248,53,Brugge teller 1,Brugge,51.23023,3.228,2.233767264171648,51.23484639335004,3.2592238076446627,2024,11,18,31005,Brugge,Normaal,Droog,"Nacht, geen openbare verlichting aanwezig",met zwaargewonden,3,Fiets,8,Voetganger,Buiten Kruispunt,Gewestweg,buiten bebouwde kom,Met een voetganger,Geen hindernis
51252,50,"Brugge, Sint-Andries",Brugge,51.19291,3.16252,0.657339188392043,51.19511537981838,3.1712721107097983,2024,11,8,31005,Brugge,Normaal,"Nat, plassen+Vuil (zand, grint, bladeren,...)",Dag,met zwaargewonden,3,Fiets,3,Fiets,Buiten Kruispunt,Gewestweg,buiten bebouwde kom,Tussen 2 bestuurders: Langs achteren,Geen hindernis
51252,51,"Brugge, Sint-Andries",Brugge,51.19281,3.16252,0.6615684844741305,51.19511537981838,3.1712721107097983,2024,11,8,31005,Brugge,Normaal,"Nat, plassen+Vuil (zand, grint, bladeren,...)",Dag,met zwaargewonden,3,Fiets,3,Fiets,Buiten Kruispunt,Gewestweg,buiten bebouwde kom,Tussen 2 bestuurders: Langs achteren,Geen hindernis
51254,20,Brugge,Brugge,51.17416,3.20048,1.7485002747455816,51.18983461478264,3.1984806228002785,2024,11,10,31005,Brugge,Normaal,"Nat, plassen",Dag,met lichtgewonden,9,personenauto,3,Fiets,Op Kruispunt,Gewestweg,binnen bebouwde kom,Tss. 2 best.: langs opzij (voor-/achterkant-flank),Geen hindernis
51256,20,Brugge,Brugge,51.17416,3.20048,2.054670817342627,51.192625342810004,3.19938485239082,2024,11,8,31005,Brugge,Onbekend,Onbekend,Onbekend,met lichtgewonden,3,Fiets,5,Lichte vrachtauto,Buiten Kruispunt,Gemeenteweg,binnen bebouwde kom,Tss. 2 best.: langs opzij (voor-/achterkant-flank),Geen hindernis
51258,20,Brugge,Brugge,51.17416,3.20048,1.7811409612325337,51.188606122212555,3.2115198250660018,2024,11,17,31005,Brugge,Hagelbui,"Nat, plassen","Nacht, openbare verlichting aanwezig en ontstoken",met lichtgewonden,9,personenauto,3,Fiets,Op Kruispunt,Gemeenteweg,binnen bebouwde kom,Tss. 2 best.: langs opzij (voor-/achterkant-flank),Geen hindernis
51264,20,Brugge,Brugge,51.17416,3.20048,2.3135004342305603,51.153419337234816,3.1978565159600074,2024,11,16,31040,Zedelgem,Normaal,Droog,Dag,met lichtgewonden,9,personenauto,3,Fiets,Buiten Kruispunt,Gemeenteweg,buiten bebouwde kom,Tussen 2 bestuurders: Flank tegen flank,Geen hindernis
51265,59,Ardooie teller 1,Ardooie,50.96784,3.18479,0.594345792288169,50.97092102951663,3.1917258287533694,2024,11,21,37020,Ardooie,Normaal,Droog,"Nacht, openbare verlichting aanwezig en ontstoken",met lichtgewonden,3,Fiets,3,Fiets,Buiten Kruispunt,Gewestweg,buiten bebouwde kom,Tussen 2 bestuurders: Frontale botsing,Geen hindernis
51265,60,Ardooie teller 2,Ardooie,50.96783,3.18411,0.6344514694087563,50.97092102951663,3.1917258287533694,2024,11,21,37020,Ardooie,Normaal,Droog,"Nacht, openbare verlichting aanwezig en ontstoken",met lichtgewonden,3,Fiets,3,Fiets,Buiten Kruispunt,Gewestweg,buiten bebouwde kom,Tussen 2 bestuurders: Frontale botsing,Geen hindernis
51268,15,Oostende 2,Oostende,51.21371,2.92743,2.0119490704196066,51.20351624058016,2.9035681646204154,2024,11,16,35013,Oostende,Normaal,Droog,Dag,met lichtgewonden,9,personenauto,3,Fiets,Buiten Kruispunt,Gewestweg,binnen bebouwde kom,Tss. 2 best.: langs opzij (voor-/achterkant-flank),Geen hindernis
51268,18,Oostende 1,Oostende,51.21378,2.92765,2.0289963953299353,51.20351624058016,2.9035681646204154,2024,11,16,35013,Oostende,Normaal,Droog,Dag,met lichtgewonden,9,personenauto,3,Fiets,Buiten Kruispunt,Gewestweg,binnen bebouwde kom,Tss. 2 best.: langs opzij (voor-/achterkant-flank),Geen hindernis
51269,15,Oostende 2,Oostende,51.21371,2.92743,0.8571584875384063,51.21620965608177,2.9157887563074976,2024,11,17,35013,Oostende,Normaal,Droog,"Nacht, openbare verlichting aanwezig en ontstoken",met lichtgewonden,9,personenauto,3,Fiets,Op Kruispunt,Gemeenteweg,binnen bebouwde kom,Tss. 2 best.: langs opzij (voor-/achterkant-flank),Geen hindernis
51269,18,Oostende 1,Oostende,51.21378,2.92765,0.8692169412558703,51.21620965608177,2.9157887563074976,2024,11,17,35013,Oostende,Normaal,Droog,"Nacht, openbare verlichting aanwezig en ontstoken",met lichtgewonden,9,personenauto,3,Fiets,Op Kruispunt,Gemeenteweg,binnen bebouwde kom,Tss. 2 best.: langs opzij (voor-/achterkant-flank),Geen hindernis
51271,15,Oostende 2,Oostende,51.21371,2.92743,0.9446023628932955,51.219668668439816,2.9177637564512513,2024,11,9,35013,Oostende,Normaal,"Nat, plassen",Dag,met lichtgewonden,9,personenauto,3,Fiets,Op Kruispunt,Gemeenteweg,binnen bebouwde kom,Tss. 2 best.: langs opzij (voor-/achterkant-flank),Geen hindernis
51271,18,Oostende 1,Oostende,51.21378,2.92765,0.950203291640732,51.219668668439816,2.9177637564512513,2024,11,9,35013,Oostende,Normaal,"Nat, plassen",Dag,met lichtgewonden,9,personenauto,3,Fiets,Op Kruispunt,Gemeenteweg,binnen bebouwde kom,Tss. 2 best.: langs opzij (voor-/achterkant-flank),Geen hindernis
51272,18,Oostende 1,Oostende,51.21378,2.92765,1.9827662423892045,51.22183023231377,2.953051972949325,2024,11,9,35002,Bredene,Normaal,Droog,Dag,met lichtgewonden,5,Lichte vrachtauto,3,Fiets,Buiten Kruispunt,Gewestweg,binnen bebouwde kom,Tussen 2 bestuurders: Frontale botsing,Geen hindernis
51272,15,Oostende 2,Oostende,51.21371,2.92743,1.9999536904777149,51.22183023231377,2.953051972949325,2024,11,9,35002,Bredene,Normaal,Droog,Dag,met lichtgewonden,5,Lichte vrachtauto,3,Fiets,Buiten Kruispunt,Gewestweg,binnen bebouwde kom,Tussen 2 bestuurders: Frontale botsing,Geen hindernis
51279,84,Roeselare totem,Izegem,50.91717,3.18772,1.7449558886867709,50.902149793219934,3.1805120806695135,2024,11,17,36008,Izegem,Regenval,"Nat, plassen","Nacht, geen openbare verlichting aanwezig",met lichtgewonden,3,Fiets,9,personenauto,Op Kruispunt,Gemeenteweg,binnen bebouwde kom,Tss. 2 best.: langs opzij (voor-/achterkant-flank),Geen hindernis
51281,84,Roeselare totem,Izegem,50.91717,3.18772,1.5587043957589517,50.90850618743922,3.205197829706479,2024,11,17,36008,Izegem,Regenval,"Nat, plassen","Nacht, openbare verlichting aanwezig en ontstoken",met lichtgewonden,9,personenauto,3,Fiets,Buiten Kruispunt,Gemeenteweg,binnen bebouwde kom,Tss. 2 best.: langs opzij (voor-/achterkant-flank),Geen hindernis
51284,84,Roeselare totem,Izegem,50.91717,3.18772,1.141775296133403,50.91748866129114,3.171440466853905,2024,11,6,36015,Roeselare,Normaal,Droog,"Nacht, openbare verlichting aanwezig en ontstoken",met lichtgewonden,3,Fiets,3,Fiets,Buiten Kruispunt,Gemeenteweg,binnen bebouwde kom,Tss. 2 best.: langs opzij (voor-/achterkant-flank),Geen hindernis
51289,143,Eco Display Classic Budastraat,Kortrijk,50.83066,3.26286,1.5666936904132636,50.83724411787988,3.243136785379688,2024,11,1,34022,Kortrijk,Normaal,Droog,"Nacht, openbare verlichting aanwezig en ontstoken",met lichtgewonden,3,Fiets,10,"één bestuurder, geen hindernis",Buiten Kruispunt,Gemeenteweg,binnen bebouwde kom,"Eén bestuurder, geen hindernis (incl. val)",Geen hindernis
51289,75,Kortrijk teller 2,Kortrijk,50.81925,3.25731,2.2348105930291706,50.83724411787988,3.243136785379688,2024,11,1,34022,Kortrijk,Normaal,Droog,"Nacht, openbare verlichting aanwezig en ontstoken",met lichtgewonden,3,Fiets,10,"één bestuurder, geen hindernis",Buiten Kruispunt,Gemeenteweg,binnen bebouwde kom,"Eén bestuurder, geen hindernis (incl. val)",Geen hindernis
51289,74,Kortrijk teller 1,Kortrijk,50.81909,3.25728,2.249822844565712,50.83724411787988,3.243136785379688,2024,11,1,34022,Kortrijk,Normaal,Droog,"Nacht, openbare verlichting aanwezig en ontstoken",met lichtgewonden,3,Fiets,10,"één bestuurder, geen hindernis",Buiten Kruispunt,Gemeenteweg,binnen bebouwde kom,"Eén bestuurder, geen hindernis (incl. val)",Geen hindernis
51289,17,Kortrijk 2,Kortrijk,50.83339,3.27773,2.4668312263170287,50.83724411787988,3.243136785379688,2024,11,1,34022,Kortrijk,Normaal,Droog,"Nacht, openbare verlichting aanwezig en ontstoken",met lichtgewonden,3,Fiets,10,"één bestuurder, geen hindernis",Buiten Kruispunt,Gemeenteweg,binnen bebouwde kom,"Eén bestuurder, geen hindernis (incl. val)",Geen hindernis
51289,16,Kortrijk 1,Kortrijk,50.83332,3.27777,2.470961982499296,50.83724411787988,3.243136785379688,2024,11,1,34022,Kortrijk,Normaal,Droog,"Nacht, openbare verlichting aanwezig en ontstoken",met lichtgewonden,3,Fiets,10,"één bestuurder, geen hindernis",Buiten Kruispunt,Gemeenteweg,binnen bebouwde kom,"Eén bestuurder, geen hindernis (incl. val)",Geen hindernis
51291,143,Eco Display Classic Budastraat,Kortrijk,50.83066,3.26286,0.788412685888514,50.82653860147605,3.271994155257331,2024,11,8,34022,Kortrijk,Normaal,Droog,Dag,met lichtgewonden,3,Fiets,1,Autobus,Op Kruispunt,Gewestweg,binnen bebouwde kom,Tss. 2 best.: langs opzij (voor-/achterkant-flank),Geen hindernis
51291,16,Kortrijk 1,Kortrijk,50.83332,3.27777,0.8562476529719717,50.82653860147605,3.271994155257331,2024,11,8,34022,Kortrijk,Normaal,Droog,Dag,met lichtgewonden,3,Fiets,1,Autobus,Op Kruispunt,Gewestweg,binnen bebouwde kom,Tss. 2 best.: langs opzij (voor-/achterkant-flank),Geen hindernis
51291,17,Kortrijk 2,Kortrijk,50.83339,3.27773,0.8617932734061173,50.82653860147605,3.271994155257331,2024,11,8,34022,Kortrijk,Normaal,Droog,Dag,met lichtgewonden,3,Fiets,1,Autobus,Op Kruispunt,Gewestweg,binnen bebouwde kom,Tss. 2 best.: langs opzij (voor-/achterkant-flank),Geen hindernis
51291,75,Kortrijk teller 2,Kortrijk,50.81925,3.25731,1.311783808220816,50.82653860147605,3.271994155257331,2024,11,8,34022,Kortrijk,Normaal,Droog,Dag,met lichtgewonden,3,Fiets,1,Autobus,Op Kruispunt,Gewestweg,binnen bebouwde kom,Tss. 2 best.: langs opzij (voor-/achterkant-flank),Geen hindernis
51291,74,Kortrijk teller 1,Kortrijk,50.81909,3.25728,1.3244948518546438,50.82653860147605,3.271994155257331,2024,11,8,34022,Kortrijk,Normaal,Droog,Dag,met lichtgewonden,3,Fiets,1,Autobus,Op Kruispunt,Gewestweg,binnen bebouwde kom,Tss. 2 best.: langs opzij (voor-/achterkant-flank),Geen hindernis
51292,75,Kortrijk teller 2,Kortrijk,50.81925,3.25731,2.3333921580850605,50.82199944187964,3.2243795804205613,2024,11,14,34022,Kortrijk,Normaal,Droog,Dag,met lichtgewonden,9,personenauto,3,Fiets,Op Kruispunt,Gewestweg,binnen bebouwde kom,Tussen 2 bestuurders: Flank tegen flank,Geen hindernis
51292,74,Kortrijk teller 1,Kortrijk,50.81909,3.25728,2.3337066037513012,50.82199944187964,3.2243795804205613,2024,11,14,34022,Kortrijk,Normaal,Droog,Dag,met lichtgewonden,9,personenauto,3,Fiets,Op Kruispunt,Gewestweg,binnen bebouwde kom,Tussen 2 bestuurders: Flank tegen flank,Geen hindernis
51293,143,Eco Display Classic Budastraat,Kortrijk,50.83066,3.26286,1.0563155650967306,50.82398710523343,3.2735641530686497,2024,11,6,34022,Kortrijk,Normaal,"Nat, plassen",Dageraad - schemering,met lichtgewonden,3,Fiets,99,onbekend,Buiten Kruispunt,Gewestweg,binnen bebouwde kom,Tussen 2 bestuurders: Flank tegen flank,Geen hindernis
51293,16,Kortrijk 1,Kortrijk,50.83332,3.27777,1.078994141402247,50.82398710523343,3.2735641530686497,2024,11,6,34022,Kortrijk,Normaal,"Nat, plassen",Dageraad - schemering,met lichtgewonden,3,Fiets,99,onbekend,Buiten Kruispunt,Gewestweg,binnen bebouwde kom,Tussen 2 bestuurders: Flank tegen flank,Geen hindernis
51293,17,Kortrijk 2,Kortrijk,50.83339,3.27773,1.0857219647132241,50.82398710523343,3.2735641530686497,2024,11,6,34022,Kortrijk,Normaal,"Nat, plassen",Dageraad - schemering,met lichtgewonden,3,Fiets,99,onbekend,Buiten Kruispunt,Gewestweg,binnen bebouwde kom,Tussen 2 bestuurders: Flank tegen flank,Geen hindernis
51293,75,Kortrijk teller 2,Kortrijk,50.81925,3.25731,1.2574328608630654,50.82398710523343,3.2735641530686497,2024,11,6,34022,Kortrijk,Normaal,"Nat, plassen",Dageraad - schemering,met lichtgewonden,3,Fiets,99,onbekend,Buiten Kruispunt,Gewestweg,binnen bebouwde kom,Tussen 2 bestuurders: Flank tegen flank,Geen hindernis
51293,74,Kortrijk teller 1,Kortrijk,50.81909,3.25728,1.2668930276607184,50.82398710523343,3.2735641530686497,2024,11,6,34022,Kortrijk,Normaal,"Nat, plassen",Dageraad - schemering,met lichtgewonden,3,Fiets,99,onbekend,Buiten Kruispunt,Gewestweg,binnen bebouwde kom,Tussen 2 bestuurders: Flank tegen flank,Geen hindernis
51294,143,Eco Display Classic Budastraat,Kortrijk,50.83066,3.26286,1.6409751105792043,50.83745328398248,3.242116219085861,2024,11,17,34022,Kortrijk,Regenval,"Nat, plassen","Nacht, openbare verlichting aanwezig en ontstoken",met lichtgewonden,9,personenauto,3,Fiets,Op Kruispunt,Gemeenteweg,binnen bebouwde kom,Tussen 2 bestuurders: Flank tegen flank,Geen hindernis
51294,75,Kortrijk teller 2,Kortrijk,50.81925,3.25731,2.288194985229727,50.83745328398248,3.242116219085861,2024,11,17,34022,Kortrijk,Regenval,"Nat, plassen","Nacht, openbare verlichting aanwezig en ontstoken",met lichtgewonden,9,personenauto,3,Fiets,Op Kruispunt,Gemeenteweg,binnen bebouwde kom,Tussen 2 bestuurders: Flank tegen flank,Geen hindernis
51294,74,Kortrijk teller 1,Kortrijk,50.81909,3.25728,2.3029734629389296,50.83745328398248,3.242116219085861,2024,11,17,34022,Kortrijk,Regenval,"Nat, plassen","Nacht, openbare verlichting aanwezig en ontstoken",met lichtgewonden,9,personenauto,3,Fiets,Op Kruispunt,Gemeenteweg,binnen bebouwde kom,Tussen 2 bestuurders: Flank tegen flank,Geen hindernis
51295,16,Kortrijk 1,Kortrijk,50.83332,3.27777,0.820388440387706,50.82991635654101,3.288134002401152,2024,11,10,34022,Kortrijk,Normaal,Droog,Dag,met lichtgewonden,9,personenauto,3,Fiets,Op Kruispunt,Gemeenteweg,binnen bebouwde kom,Tss. 2 best.: langs opzij (voor-/achterkant-flank),Geen hindernis
51295,17,Kortrijk 2,Kortrijk,50.83339,3.27773,0.8264902434751203,50.82991635654101,3.288134002401152,2024,11,10,34022,Kortrijk,Normaal,Droog,Dag,met lichtgewonden,9,personenauto,3,Fiets,Op Kruispunt,Gemeenteweg,binnen bebouwde kom,Tss. 2 best.: langs opzij (voor-/achterkant-flank),Geen hindernis
51295,143,Eco Display Classic Budastraat,Kortrijk,50.83066,3.26286,1.7769911788475048,50.82991635654101,3.288134002401152,2024,11,10,34022,Kortrijk,Normaal,Droog,Dag,met lichtgewonden,9,personenauto,3,Fiets,Op Kruispunt,Gemeenteweg,binnen bebouwde kom,Tss. 2 best.: langs opzij (voor-/achterkant-flank),Geen hindernis
51295,75,Kortrijk teller 2,Kortrijk,50.81925,3.25731,2.468696234330824,50.82991635654101,3.288134002401152,2024,11,10,34022,Kortrijk,Normaal,Droog,Dag,met lichtgewonden,9,personenauto,3,Fiets,Op Kruispunt,Gemeenteweg,binnen bebouwde kom,Tss. 2 best.: langs opzij (voor-/achterkant-flank),Geen hindernis
51295,74,Kortrijk teller 1,Kortrijk,50.81909,3.25728,2.4791380226367226,50.82991635654101,3.288134002401152,2024,11,10,34022,Kortrijk,Normaal,Droog,Dag,met lichtgewonden,9,personenauto,3,Fiets,Op Kruispunt,Gemeenteweg,binnen bebouwde kom,Tss. 2 best.: langs opzij (voor-/achterkant-flank),Geen hindernis
51297,16,Kortrijk 1,Kortrijk,50.83332,3.27777,0.5479844246387603,50.82864163113417,3.275317512120146,2024,11,8,34022,Kortrijk,Normaal,"Nat, plassen",Dag,met zwaargewonden,3,Fiets,3,Fiets,Buiten Kruispunt,Gemeenteweg,binnen bebouwde kom,Tussen 2 bestuurders: Frontale botsing,Geen hindernis
51297,17,Kortrijk 2,Kortrijk,50.83339,3.27773,0.5545140964022487,50.82864163113417,3.275317512120146,2024,11,8,34022,Kortrijk,Normaal,"Nat, plassen",Dag,met zwaargewonden,3,Fiets,3,Fiets,Buiten Kruispunt,Gemeenteweg,binnen bebouwde kom,Tussen 2 bestuurders: Frontale botsing,Geen hindernis
51297,143,Eco Display Classic Budastraat,Kortrijk,50.83066,3.26286,0.9032652949493879,50.82864163113417,3.275317512120146,2024,11,8,34022,Kortrijk,Normaal,"Nat, plassen",Dag,met zwaargewonden,3,Fiets,3,Fiets,Buiten Kruispunt,Gemeenteweg,binnen bebouwde kom,Tussen 2 bestuurders: Frontale botsing,Geen hindernis
51297,75,Kortrijk teller 2,Kortrijk,50.81925,3.25731,1.6402793907809512,50.82864163113417,3.275317512120146,2024,11,8,34022,Kortrijk,Normaal,"Nat, plassen",Dag,met zwaargewonden,3,Fiets,3,Fiets,Buiten Kruispunt,Gemeenteweg,binnen bebouwde kom,Tussen 2 bestuurders: Frontale botsing,Geen hindernis
51297,74,Kortrijk teller 1,Kortrijk,50.81909,3.25728,1.6532793556623593,50.82864163113417,3.275317512120146,2024,11,8,34022,Kortrijk,Normaal,"Nat, plassen",Dag,met zwaargewonden,3,Fiets,3,Fiets,Buiten Kruispunt,Gemeenteweg,binnen bebouwde kom,Tussen 2 bestuurders: Frontale botsing,Geen hindernis
51298,143,Eco Display Classic Budastraat,Kortrijk,50.83066,3.26286,0.5078857787824135,50.82612028399075,3.262063244850042,2024,11,16,34022,Kortrijk,Normaal,Droog,Dageraad - schemering,met lichtgewonden,9,personenauto,3,Fiets,Buiten Kruispunt,Gemeenteweg,binnen bebouwde kom,Tussen 2 bestuurders: Langs achteren,Geen hindernis
51298,75,Kortrijk teller 2,Kortrijk,50.81925,3.25731,0.833718751871381,50.82612028399075,3.262063244850042,2024,11,16,34022,Kortrijk,Normaal,Droog,Dageraad - schemering,met lichtgewonden,9,personenauto,3,Fiets,Buiten Kruispunt,Gemeenteweg,binnen bebouwde kom,Tussen 2 bestuurders: Langs achteren,Geen hindernis
51298,74,Kortrijk teller 1,Kortrijk,50.81909,3.25728,0.8508809341816823,50.82612028399075,3.262063244850042,2024,11,16,34022,Kortrijk,Normaal,Droog,Dageraad - schemering,met lichtgewonden,9,personenauto,3,Fiets,Buiten Kruispunt,Gemeenteweg,binnen bebouwde kom,Tussen 2 bestuurders: Langs achteren,Geen hindernis
51298,16,Kortrijk 1,Kortrijk,50.83332,3.27777,1.3630269793240362,50.82612028399075,3.262063244850042,2024,11,16,34022,Kortrijk,Normaal,Droog,Dageraad - schemering,met lichtgewonden,9,personenauto,3,Fiets,Buiten Kruispunt,Gemeenteweg,binnen bebouwde kom,Tussen 2 bestuurders: Langs achteren,Geen hindernis
51298,17,Kortrijk 2,Kortrijk,50.83339,3.27773,1.3653474674292019,50.82612028399075,3.262063244850042,2024,11,16,34022,Kortrijk,Normaal,Droog,Dageraad - schemering,met lichtgewonden,9,personenauto,3,Fiets,Buiten Kruispunt,Gemeenteweg,binnen bebouwde kom,Tussen 2 bestuurders: Langs achteren,Geen hindernis
51319,62,Wervik teller 1,Wervik,50.8058,3.09154,0.9931281285261204,50.80996845357492,3.0790400543279968,2024,11,12,33029,Wervik,Normaal,Droog,Dag,met lichtgewonden,3,Fiets,9,personenauto,Buiten Kruispunt,Gewestweg,binnen bebouwde kom,Tss. 2 best.: langs opzij (voor-/achterkant-flank),Geen hindernis
51319,61,Wervik teller 2,Wervik,50.80555,3.0921,1.0409238060378554,50.80996845357492,3.0790400543279968,2024,11,12,33029,Wervik,Normaal,Droog,Dag,met lichtgewonden,3,Fiets,9,personenauto,Buiten Kruispunt,Gewestweg,binnen bebouwde kom,Tss. 2 best.: langs opzij (voor-/achterkant-flank),Geen hindernis
51324,62,Wervik teller 1,Wervik,50.8058,3.09154,0.6602197454301991,50.80857364150311,3.08323240076635,2024,11,10,33029,Wervik,Normaal,Droog,Dag,met lichtgewonden,9,personenauto,3,Fiets,Op Kruispunt,Gewestweg,binnen bebouwde kom,Tussen 2 bestuurders: Flank tegen flank,Geen hindernis