crash_row_id,site_id,site_name,site_gemeente,site_lat,site_long,distance_km,crash_lat,crash_long,DT_YEAR_COLLISION,DT_MONTH_COLLISION,DT_TIME,CD_NIS,TX_MUNTY_COLLISION_NL,TX_WEATHER_NL,TX_ROAD_CONDITION_NL,TX_LIGHT_CONDITION_NL,TX_CLASS_ACCIDENTS_NL,CD_ROAD_USR_TYPE1,TX_ROAD_USR_TYPE1_NL,CD_ROAD_USR_TYPE2,TX_ROAD_USR_TYPE2_NL,TX_CROSSWAY_NL,CD_ROAD_TYPE_NL,TX_BUILD_UP_AREA_NL,TX_COLLISION_TYPE_NL,TX_OBSTACLES_NL
51324,61,Wervik teller 2,Wervik,50.80555,3.0921,0.7080267419853398,50.80857364150311,3.08323240076635,2024,11,10,33029,Wervik,Normaal,Droog,Dag,met lichtgewonden,9,personenauto,3,Fiets,Op Kruispunt,Gewestweg,binnen bebouwde kom,Tussen 2 bestuurders: Flank tegen flank,Geen hindernis
51327,41,Maasmechelen teller 1,Maasmechelen,50.97025,5.69799,1.3367384733307441,50.967086268580175,5.6795733353494295,2024,11,8,73107,Maasmechelen,Normaal,"Nat, plassen",Dag,met lichtgewonden,9,personenauto,3,Fiets,Op Kruispunt,Gemeenteweg,binnen bebouwde kom,Tss. 2 best.: langs opzij (voor-/achterkant-flank),Geen hindernis
51327,42,Maasmechelen teller 2,Maasmechelen,50.97043,5.6981,1.3495452794612488,50.967086268580175,5.6795733353494295,2024,11,8,73107,Maasmechelen,Normaal,"Nat, plassen",Dag,met lichtgewonden,9,personenauto,3,Fiets,Op Kruispunt,Gemeenteweg,binnen bebouwde kom,Tss. 2 best.: langs opzij (voor-/achterkant-flank),Geen hindernis
51328,42,Maasmechelen teller 2,Maasmechelen,50.97043,5.6981,1.0326443520779909,50.97945262238699,5.701592801288314,2024,11,16,73107,Maasmechelen,Normaal,Droog,Dag,met lichtgewonden,3,Fiets,9,personenauto,Op Kruispunt,Gewestweg,buiten bebouwde kom,Tss. 2 best.: langs opzij (voor-/achterkant-flank),Geen hindernis
51328,41,Maasmechelen teller 1,Maasmechelen,50.97025,5.69799,1.053917665299988,50.97945262238699,5.701592801288314,2024,11,16,73107,Maasmechelen,Normaal,Droog,Dag,met lichtgewonden,3,Fiets,9,personenauto,Op Kruispunt,Gewestweg,buiten bebouwde kom,Tss. 2 best.: langs opzij (voor-/achterkant-flank),Geen hindernis
51332,124,Beveren teller 2,Beveren,51.1964712,4.2361077,1.1331273935978334,51.20617527902442,4.241072187654021,2024,11,13,46003,Beveren,Normaal,Droog,Dag,met lichtgewonden,3,Fiets,3,Fiets,Buiten Kruispunt,Gemeenteweg,binnen bebouwde kom,Tss. 2 best.: langs opzij (voor-/achterkant-flank),Geen hindernis
51335,124,Beveren teller 2,Beveren,51.1964712,4.2361077,1.158545204216202,51.19546906695015,4.219558432181836,2024,11,13,46003,Beveren,Normaal,Droog,Dag,met lichtgewonden,3,Fiets,8,Voetganger,Buiten Kruispunt,Gewestweg,buiten bebouwde kom,Met een voetganger,Geen hindernis
51338,106,St. pieters leeuw teller 1,Sint-Pieters-Leeuw,50.75533,4.24951,2.0495570732041624,50.76972565586829,4.26770849254451,2024,11,17,23003,Beersel,Normaal,Droog,Dageraad - schemering,met lichtgewonden,9,personenauto,3,Fiets,Op Kruispunt,Gemeenteweg,binnen bebouwde kom,Tussen 2 bestuurders: Frontale botsing,Geen hindernis
51338,105,St. pieters leeuw teller 2,Halle,50.75509,4.24943,2.0739520917769627,50.76972565586829,4.26770849254451,2024,11,17,23003,Beersel,Normaal,Droog,Dageraad - schemering,met lichtgewonden,9,personenauto,3,Fiets,Op Kruispunt,Gemeenteweg,binnen bebouwde kom,Tussen 2 bestuurders: Frontale botsing,Geen hindernis
51342,140,Hasselt ring,Hasselt,50.9300038,5.3438616,0.9127599754327821,50.92197091655749,5.346542095332658,2024,11,16,71022,Hasselt,Normaal,Droog,Dag,met lichtgewonden,5,Lichte vrachtauto,3,Fiets,Buiten Kruispunt,Gemeenteweg,binnen bebouwde kom,Tussen 2 bestuurders: Frontale botsing,Geen hindernis
51342,138,Hasselt-Kempische brug,Hasselt,50.9405318,5.3422472,2.08570837534323,50.92197091655749,5.346542095332658,2024,11,16,71022,Hasselt,Normaal,Droog,Dag,met lichtgewonden,5,Lichte vrachtauto,3,Fiets,Buiten Kruispunt,Gemeenteweg,binnen bebouwde kom,Tussen 2 bestuurders: Frontale botsing,Geen hindernis
51342,137,Hasselt-Kempische brug,Hasselt,50.9411605,5.3417576,2.1599678655597043,50.92197091655749,5.346542095332658,2024,11,16,71022,Hasselt,Normaal,Droog,Dag,met lichtgewonden,5,Lichte vrachtauto,3,Fiets,Buiten Kruispunt,Gemeenteweg,binnen bebouwde kom,Tussen 2 bestuurders: Frontale botsing,Geen hindernis
51343,140,Hasselt ring,Hasselt,50.9300038,5.3438616,0.7295164143235618,50.93272307216104,5.334388195203842,2024,11,17,71022,Hasselt,Regenval,Onbekend,"Nacht, openbare verlichting aanwezig en ontstoken",met lichtgewonden,3,Fiets,9,personenauto,Op Kruispunt,Gewestweg,binnen bebouwde kom,Tss. 2 best.: langs opzij (voor-/achterkant-flank),Geen hindernis
51343,138,Hasselt-Kempische brug,Hasselt,50.9405318,5.3422472,1.0282033284295808,50.93272307216104,5.334388195203842,2024,11,17,71022,Hasselt,Regenval,Onbekend,"Nacht, openbare verlichting aanwezig en ontstoken",met lichtgewonden,3,Fiets,9,personenauto,Op Kruispunt,Gewestweg,binnen bebouwde kom,Tss. 2 best.: langs opzij (voor-/achterkant-flank),Geen hindernis
51343,137,Hasselt-Kempische brug,Hasselt,50.9411605,5.3417576,1.070923656141956,50.93272307216104,5.334388195203842,2024,11,17,71022,Hasselt,Regenval,Onbekend,"Nacht, openbare verlichting aanwezig en ontstoken",met lichtgewonden,3,Fiets,9,personenauto,Op Kruispunt,Gewestweg,binnen bebouwde kom,Tss. 2 best.: langs opzij (voor-/achterkant-flank),Geen hindernis
51344,137,Hasselt-Kempische brug,Hasselt,50.9411605,5.3417576,0.8932268914870837,50.948724457669314,5.346050303877951,2024,11,12,71022,Hasselt,Normaal,Droog,Dag,met lichtgewonden,9,personenauto,3,Fiets,Buiten Kruispunt,Gewestweg,buiten bebouwde kom,Tussen 2 bestuurders: Frontale botsing,Geen hindernis
51344,138,Hasselt-Kempische brug,Hasselt,50.9405318,5.3422472,0.9491484485645953,50.948724457669314,5.346050303877951,2024,11,12,71022,Hasselt,Normaal,Droog,Dag,met lichtgewonden,9,personenauto,3,Fiets,Buiten Kruispunt,Gewestweg,buiten bebouwde kom,Tussen 2 bestuurders: Frontale botsing,Geen hindernis
51344,140,Hasselt ring,Hasselt,50.9300038,5.3438616,2.087283691393635,50.948724457669314,5.346050303877951,2024,11,12,71022,Hasselt,Normaal,Droog,Dag,met lichtgewonden,9,personenauto,3,Fiets,Buiten Kruispunt,Gewestweg,buiten bebouwde kom,Tussen 2 bestuurders: Frontale botsing,Geen hindernis
51345,140,Hasselt ring,Hasselt,50.9300038,5.3438616,0.48245015688412396,50.92730663199287,5.338469504729665,2024,11,16,71022,Hasselt,Normaal,Droog,Dageraad - schemering,met lichtgewonden,5,Lichte vrachtauto,3,Fiets,Op Kruispunt,Gewestweg,binnen bebouwde kom,Tss. 2 best.: langs opzij (voor-/achterkant-flank),Geen hindernis
51345,138,Hasselt-Kempische brug,Hasselt,50.9405318,5.3422472,1.4942095668163513,50.92730663199287,5.338469504729665,2024,11,16,71022,Hasselt,Normaal,Droog,Dageraad - schemering,met lichtgewonden,5,Lichte vrachtauto,3,Fiets,Op Kruispunt,Gewestweg,binnen bebouwde kom,Tss. 2 best.: langs opzij (voor-/achterkant-flank),Geen hindernis
51345,137,Hasselt-Kempische brug,Hasselt,50.9411605,5.3417576,1.5576169276533316,50.92730663199287,5.338469504729665,2024,11,16,71022,Hasselt,Normaal,Droog,Dageraad - schemering,met lichtgewonden,5,Lichte vrachtauto,3,Fiets,Op Kruispunt,Gewestweg,binnen bebouwde kom,Tss. 2 best.: langs opzij (voor-/achterkant-flank),Geen hindernis
51347,137,Hasselt-Kempische brug,Hasselt,50.9411605,5.3417576,1.0617882447440583,50.94571819557812,5.355074789058636,2024,11,17,71022,Hasselt,Normaal,Droog,"Nacht, openbare verlichting aanwezig en ontstoken",met lichtgewonden,9,personenauto,3,Fiets,Op Kruispunt,Gemeenteweg,binnen bebouwde kom,Tussen 2 bestuurders: Frontale botsing,Geen hindernis
51347,138,Hasselt-Kempische brug,Hasselt,50.9405318,5.3422472,1.06785574861606,50.94571819557812,5.355074789058636,2024,11,17,71022,Hasselt,Normaal,Droog,"Nacht, openbare verlichting aanwezig en ontstoken",met lichtgewonden,9,personenauto,3,Fiets,Op Kruispunt,Gemeenteweg,binnen bebouwde kom,Tussen 2 bestuurders: Frontale botsing,Geen hindernis
51347,140,Hasselt ring,Hasselt,50.9300038,5.3438616,1.9158872769479605,50.94571819557812,5.355074789058636,2024,11,17,71022,Hasselt,Normaal,Droog,"Nacht, openbare verlichting aanwezig en ontstoken",met lichtgewonden,9,personenauto,3,Fiets,Op Kruispunt,Gemeenteweg,binnen bebouwde kom,Tussen 2 bestuurders: Frontale botsing,Geen hindernis
51348,140,Hasselt ring,Hasselt,50.9300038,5.3438616,0.6325536241889302,50.92727802694425,5.3359396119632185,2024,11,16,71022,Hasselt,Normaal,Droog,Dag,met lichtgewonden,3,Fiets,9,personenauto,Op Kruispunt,Gewestweg,binnen bebouwde kom,Tss. 2 best.: langs opzij (voor-/achterkant-flank),Geen hindernis
51348,138,Hasselt-Kempische brug,Hasselt,50.9405318,5.3422472,1.5386110927366554,50.92727802694425,5.3359396119632185,2024,11,16,71022,Hasselt,Normaal,Droog,Dag,met lichtgewonden,3,Fiets,9,personenauto,Op Kruispunt,Gewestweg,binnen bebouwde kom,Tss. 2 best.: langs opzij (voor-/achterkant-flank),Geen hindernis
51348,137,Hasselt-Kempische brug,Hasselt,50.9411605,5.3417576,1.596593321498282,50.92727802694425,5.3359396119632185,2024,11,16,71022,Hasselt,Normaal,Droog,Dag,met lichtgewonden,3,Fiets,9,personenauto,Op Kruispunt,Gewestweg,binnen bebouwde kom,Tss. 2 best.: langs opzij (voor-/achterkant-flank),Geen hindernis
51349,140,Hasselt ring,Hasselt,50.9300038,5.3438616,0.6803648445094101,50.92476105572831,5.338856662391198,2024,11,9,71022,Hasselt,Normaal,Droog,Dag,met lichtgewonden,9,personenauto,3,Fiets,Op Kruispunt,Gewestweg,binnen bebouwde kom,Tss. 2 best.: langs opzij (voor-/achterkant-flank),Geen hindernis
51349,138,Hasselt-Kempische brug,Hasselt,50.9405318,5.3422472,1.7696504687172703,50.92476105572831,5.338856662391198,2024,11,9,71022,Hasselt,Normaal,Droog,Dag,met lichtgewonden,9,personenauto,3,Fiets,Op Kruispunt,Gewestweg,binnen bebouwde kom,Tss. 2 best.: langs opzij (voor-/achterkant-flank),Geen hindernis
51349,137,Hasselt-Kempische brug,Hasselt,50.9411605,5.3417576,1.8348318325721547,50.92476105572831,5.338856662391198,2024,11,9,71022,Hasselt,Normaal,Droog,Dag,met lichtgewonden,9,personenauto,3,Fiets,Op Kruispunt,Gewestweg,binnen bebouwde kom,Tss. 2 best.: langs opzij (voor-/achterkant-flank),Geen hindernis
51350,140,Hasselt ring,Hasselt,50.9300038,5.3438616,0.7657434172973464,50.923612826458026,5.347931027521066,2024,11,12,71022,Hasselt,Normaal,Droog,Dag,met lichtgewonden,9,personenauto,3,Fiets,Op Kruispunt,Gemeenteweg,binnen bebouwde kom,Tussen 2 bestuurders: Frontale botsing,Geen hindernis
51350,138,Hasselt-Kempische brug,Hasselt,50.9405318,5.3422472,1.9230091225604484,50.923612826458026,5.347931027521066,2024,11,12,71022,Hasselt,Normaal,Droog,Dag,met lichtgewonden,9,personenauto,3,Fiets,Op Kruispunt,Gemeenteweg,binnen bebouwde kom,Tussen 2 bestuurders: Frontale botsing,Geen hindernis
51350,137,Hasselt-Kempische brug,Hasselt,50.9411605,5.3417576,1.9985987219737704,50.923612826458026,5.347931027521066,2024,11,12,71022,Hasselt,Normaal,Droog,Dag,met lichtgewonden,9,personenauto,3,Fiets,Op Kruispunt,Gemeenteweg,binnen bebouwde kom,Tussen 2 bestuurders: Frontale botsing,Geen hindernis
51352,137,Hasselt-Kempische brug,Hasselt,50.9411605,5.3417576,1.4985430873228172,50.94004496237284,5.320443641540635,2024,11,17,71022,Hasselt,Normaal,Droog,"Nacht, openbare verlichting aanwezig en ontstoken",met lichtgewonden,9,personenauto,3,Fiets,Op Kruispunt,Gewestweg,buiten bebouwde kom,Tss. 2 best.: langs opzij (voor-/achterkant-flank),Geen hindernis
51352,138,Hasselt-Kempische brug,Hasselt,50.9405318,5.3422472,1.528674288293771,50.94004496237284,5.320443641540635,2024,11,17,71022,Hasselt,Normaal,Droog,"Nacht, openbare verlichting aanwezig en ontstoken",met lichtgewonden,9,personenauto,3,Fiets,Op Kruispunt,Gewestweg,buiten bebouwde kom,Tss. 2 best.: langs opzij (voor-/achterkant-flank),Geen hindernis
51352,140,Hasselt ring,Hasselt,50.9300038,5.3438616,1.9848351188871773,50.94004496237284,5.320443641540635,2024,11,17,71022,Hasselt,Normaal,Droog,"Nacht, openbare verlichting aanwezig en ontstoken",met lichtgewonden,9,personenauto,3,Fiets,Op Kruispunt,Gewestweg,buiten bebouwde kom,Tss. 2 best.: langs opzij (voor-/achterkant-flank),Geen hindernis
51356,76,Heverlee teller 2,Leuven,50.84606,4.69597,2.069416742898421,50.8404285634772,4.667878444952201,2024,11,8,24086,Oud-Heverlee,Normaal,"Ijzel, sneeuw",Dag,met lichtgewonden,9,personenauto,3,Fiets,Buiten Kruispunt,Gemeenteweg,binnen bebouwde kom,Tussen 2 bestuurders: Langs achteren,Geen hindernis
51356,108,Heverlee teller 1,Leuven,50.8471728,4.6954674,2.0771878014444782,50.8404285634772,4.667878444952201,2024,11,8,24086,Oud-Heverlee,Normaal,"Ijzel, sneeuw",Dag,met lichtgewonden,9,personenauto,3,Fiets,Buiten Kruispunt,Gemeenteweg,binnen bebouwde kom,Tussen 2 bestuurders: Langs achteren,Geen hindernis
51359,25,Bree,Bree,51.13679500160176,5.597669323604317,1.2533718544336705,51.13681479910038,5.615633452708821,2024,11,8,72004,Bree,Sneeuwval,"Ijzel, sneeuw",Dag,met lichtgewonden,3,Fiets,10,"één bestuurder, geen hindernis",Buiten Kruispunt,Gemeenteweg,binnen bebouwde kom,"Eén bestuurder, geen hindernis (incl. val)",Geen hindernis
51360,14,Genk,Genk,50.97172,5.48927,0.9598894444258111,50.96411432302428,5.482786000676591,2024,11,18,71016,Genk,Normaal,"Nat, plassen","Nacht, openbare verlichting aanwezig en ontstoken",met lichtgewonden,3,Fiets,6,Bromfiets,Op Kruispunt,Gewestweg,buiten bebouwde kom,Tussen 2 bestuurders: Frontale botsing,Geen hindernis
51361,21,Bilzen,Bilzen,50.86015,5.50161,0.9798578767988547,50.85314188106133,5.493147309297943,2024,11,8,73032,Hoeselt,Regenval,"Nat, plassen",Dag,met lichtgewonden,5,Lichte vrachtauto,3,Fiets,Buiten Kruispunt,Gemeenteweg,binnen bebouwde kom,Tss. 2 best.: langs opzij (voor-/achterkant-flank),Geen hindernis
51362,14,Genk,Genk,50.97172,5.48927,0.9533952636711247,50.97984700773189,5.4936097793708525,2024,11,7,71016,Genk,Regenval,"Nat, plassen","Nacht, openbare verlichting aanwezig en ontstoken",met lichtgewonden,3,Fiets,3,Fiets,Op Kruispunt,Gewestweg,buiten bebouwde kom,Tussen 2 bestuurders: Frontale botsing,Geen hindernis
51363,25,Bree,Bree,51.13679500160176,5.597669323604317,1.1667143231235202,51.14716049503544,5.600263705738444,2024,11,22,72004,Bree,Normaal,Droog,"Nacht, openbare verlichting aanwezig en ontstoken",met lichtgewonden,3,Fiets,11,een weggebruiker tegen een hindernis,Buiten Kruispunt,Gewestweg,buiten bebouwde kom,Weggebruiker tegen hindernis op de rijbaan,"Op de rijbaan: Verkeersdrempel, ezelsrug"
51365,49,Bokrijk,Genk,50.95264,5.41001,1.750899828791097,50.9674185201232,5.4013811927882704,2024,11,19,71016,Genk,Mist (zichtbaarheid minder dan 100m),Droog,"Nacht, geen openbare verlichting aanwezig",met lichtgewonden,3,Fiets,3,Fiets,Buiten Kruispunt,Gewestweg,buiten bebouwde kom,Tussen 2 bestuurders: Flank tegen flank,Geen hindernis
51366,23,Tienen 3,Tienen,50.81324,4.93447,1.2882166298352726,50.80288585057133,4.92624587867773,2024,11,8,24107,Tienen,Normaal,Droog,Dag,met lichtgewonden,9,personenauto,3,Fiets,Buiten Kruispunt,Gemeenteweg,buiten bebouwde kom,Tss. 2 best.: langs opzij (voor-/achterkant-flank),Geen hindernis
51366,24,Tienen 1,Tienen,50.8133795491886,4.935044252605416,1.320506018637726,50.80288585057133,4.92624587867773,2024,11,8,24107,Tienen,Normaal,Droog,Dag,met lichtgewonden,9,personenauto,3,Fiets,Buiten Kruispunt,Gemeenteweg,buiten bebouwde kom,Tss. 2 best.: langs opzij (voor-/achterkant-flank),Geen hindernis
51366,22,Tienen 2,Tienen,50.81330800184882,4.935984252796022,1.3458324330457818,50.80288585057133,4.92624587867773,2024,11,8,24107,Tienen,Normaal,Droog,Dag,met lichtgewonden,9,personenauto,3,Fiets,Buiten Kruispunt,Gemeenteweg,buiten bebouwde kom,Tss. 2 best.: langs opzij (voor-/achterkant-flank),Geen hindernis
51368,131,Nevele,Deinze,51.0276612,3.558569,1.1211207268603203,51.03657960732123,3.5510906428510918,2024,11,8,44083,Deinze,Normaal,"Nat, plassen",Dag,met lichtgewonden,3,Fiets,5,Lichte vrachtauto,Op Kruispunt,Gewestweg,binnen bebouwde kom,Tss. 2 best.: langs opzij (voor-/achterkant-flank),Geen hindernis
51369,113,Deinze teller 2,Deinze,50.96018,3.55578,2.233394642546998,50.97543614224815,3.535035163313112,2024,11,16,44083,Deinze,Normaal,"Nat, plassen",Dag,met lichtgewonden,3,Fiets,3,Fiets,Op Kruispunt,Gewestweg,binnen bebouwde kom,Tussen 2 bestuurders: Frontale botsing,Geen hindernis
51369,114,Deinze teller 1,Nazareth,50.9598305,3.555502,2.250611261812722,50.97543614224815,3.535035163313112,2024,11,16,44083,Deinze,Normaal,"Nat, plassen",Dag,met lichtgewonden,3,Fiets,3,Fiets,Op Kruispunt,Gewestweg,binnen bebouwde kom,Tussen 2 bestuurders: Frontale botsing,Geen hindernis
51373,99,Mechelen teller 1,Mechelen,51.04564,4.46882,2.3327038404628144,51.02889744363032,4.488922258148059,2024,11,21,12025,Mechelen,Regenval,"Nat, plassen","Nacht, openbare verlichting aanwezig en ontstoken",met lichtgewonden,9,personenauto,3,Fiets,Buiten Kruispunt,Gewestweg,binnen bebouwde kom,Tss. 2 best.: langs opzij (voor-/achterkant-flank),Geen hindernis
51373,100,Mechelen teller 2,Mechelen,51.0457,4.46883,2.3376110232642904,51.02889744363032,4.488922258148059,2024,11,21,12025,Mechelen,Regenval,"Nat, plassen","Nacht, openbare verlichting aanwezig en ontstoken",met lichtgewonden,9,personenauto,3,Fiets,Buiten Kruispunt,Gewestweg,binnen bebouwde kom,Tss. 2 best.: langs opzij (voor-/achterkant-flank),Geen hindernis
51375,99,Mechelen teller 1,Mechelen,51.04564,4.46882,1.3996251789968848,51.03329765066498,4.472748660757914,2024,11,14,12025,Mechelen,Normaal,Droog,Dag,met lichtgewonden,6,Bromfiets,3,Fiets,Buiten Kruispunt,Gewestweg,binnen bebouwde kom,Tussen 2 bestuurders: Frontale botsing,Geen hindernis
51375,100,Mechelen teller 2,Mechelen,51.0457,4.46883,1.4060312939279547,51.03329765066498,4.472748660757914,2024,11,14,12025,Mechelen,Normaal,Droog,Dag,met lichtgewonden,6,Bromfiets,3,Fiets,Buiten Kruispunt,Gewestweg,binnen bebouwde kom,Tussen 2 bestuurders: Frontale botsing,Geen hindernis
51376,109,Zemst,Zemst,50.9903936,4.4707023,2.2356662812040184,51.00998711881988,4.477868493929067,2024,11,7,12025,Mechelen,Regenval,"Nat, plassen",Dag,met lichtgewonden,3,Fiets,9,personenauto,Buiten Kruispunt,Gewestweg,buiten bebouwde kom,Tss. 2 best.: langs opzij (voor-/achterkant-flank),Geen hindernis
51377,99,Mechelen teller 1,Mechelen,51.04564,4.46882,0.9754486990672572,51.03715614306742,4.472369037613502,2024,11,17,12025,Mechelen,Normaal,Droog,"Nacht, openbare verlichting aanwezig en ontstoken",met lichtgewonden,9,personenauto,3,Fiets,Buiten Kruispunt,Gemeenteweg,binnen bebouwde kom,Tss. 2 best.: langs opzij (voor-/achterkant-flank),Geen hindernis
51377,100,Mechelen teller 2,Mechelen,51.0457,4.46883,0.9817259151155735,51.03715614306742,4.472369037613502,2024,11,17,12025,Mechelen,Normaal,Droog,"Nacht, openbare verlichting aanwezig en ontstoken",met lichtgewonden,9,personenauto,3,Fiets,Buiten Kruispunt,Gemeenteweg,binnen bebouwde kom,Tss. 2 best.: langs opzij (voor-/achterkant-flank),Geen hindernis
51378,99,Mechelen teller 1,Mechelen,51.04564,4.46882,1.7307495322154816,51.03310955370048,4.483504621600483,2024,11,12,12025,Mechelen,Normaal,Droog,Dag,met lichtgewonden,3,Fiets,3,Fiets,Op Kruispunt,Gewestweg,binnen bebouwde kom,Tss. 2 best.: langs opzij (voor-/achterkant-flank),Geen hindernis
51378,100,Mechelen teller 2,Mechelen,51.0457,4.46883,1.7357112389583116,51.03310955370048,4.483504621600483,2024,11,12,12025,Mechelen,Normaal,Droog,Dag,met lichtgewonden,3,Fiets,3,Fiets,Op Kruispunt,Gewestweg,binnen bebouwde kom,Tss. 2 best.: langs opzij (voor-/achterkant-flank),Geen hindernis
51379,99,Mechelen teller 1,Mechelen,51.04564,4.46882,2.0396402891047973,51.02767031536768,4.462965429462962,2024,11,12,12025,Mechelen,Normaal,Droog,Dag,met lichtgewonden,3,Fiets,8,Voetganger,Buiten Kruispunt,Gemeenteweg,binnen bebouwde kom,Met een voetganger,Geen hindernis
51379,100,Mechelen teller 2,Mechelen,51.0457,4.46883,2.0463166163523856,51.02767031536768,4.462965429462962,2024,11,12,12025,Mechelen,Normaal,Droog,Dag,met lichtgewonden,3,Fiets,8,Voetganger,Buiten Kruispunt,Gemeenteweg,binnen bebouwde kom,Met een voetganger,Geen hindernis
51380,100,Mechelen teller 2,Mechelen,51.0457,4.46883,2.4807535733064285,51.046253540994094,4.504305117898033,2024,11,7,12035,Sint-Katelijne-Waver,Normaal,Droog,"Nacht, openbare verlichting aanwezig en ontstoken",met lichtgewonden,3,Fiets,9,personenauto,Op Kruispunt,Gemeenteweg,binnen bebouwde kom,Tss. 2 best.: langs opzij (voor-/achterkant-flank),Geen hindernis
51380,99,Mechelen teller 1,Mechelen,51.04564,4.46882,2.4816284929802572,51.046253540994094,4.504305117898033,2024,11,7,12035,Sint-Katelijne-Waver,Normaal,Droog,"Nacht, openbare verlichting aanwezig en ontstoken",met lichtgewonden,3,Fiets,9,personenauto,Op Kruispunt,Gemeenteweg,binnen bebouwde kom,Tss. 2 best.: langs opzij (voor-/achterkant-flank),Geen hindernis
51381,99,Mechelen teller 1,Mechelen,51.04564,4.46882,2.26931041923173,51.03122744876773,4.491799141988794,2024,11,15,12025,Mechelen,Normaal,Droog,Dag,met lichtgewonden,9,personenauto,3,Fiets,Buiten Kruispunt,Gemeenteweg,binnen bebouwde kom,Tussen 2 bestuurders: Langs achteren,Geen hindernis
51381,100,Mechelen teller 2,Mechelen,51.0457,4.46883,2.2735322360578194,51.03122744876773,4.491799141988794,2024,11,15,12025,Mechelen,Normaal,Droog,Dag,met lichtgewonden,9,personenauto,3,Fiets,Buiten Kruispunt,Gemeenteweg,binnen bebouwde kom,Tussen 2 bestuurders: Langs achteren,Geen hindernis
51389,115,Aalter,Aalter,51.1058367,3.4350591,2.1873531609350456,51.087946616579615,3.4480838958436264,2024,11,15,44084,Aalter,Normaal,Droog,Dag,met lichtgewonden,3,Fiets,4,Vrachtwagen,Buiten Kruispunt,Gewestweg,binnen bebouwde kom,Tss. 2 best.: langs opzij (voor-/achterkant-flank),Geen hindernis
51395,143,Eco Display Classic Budastraat,Kortrijk,50.83066,3.26286,2.1487542322573634,50.84993089852215,3.2605884703016357,2024,12,15,34023,Kuurne,Normaal,Droog,Dag,met lichtgewonden,9,personenauto,3,Fiets,Op Kruispunt,Gemeenteweg,binnen bebouwde kom,Tss. 2 best.: langs opzij (voor-/achterkant-flank),Geen hindernis
51395,17,Kortrijk 2,Kortrijk,50.83339,3.27773,2.1980807600271204,50.84993089852215,3.2605884703016357,2024,12,15,34023,Kuurne,Normaal,Droog,Dag,met lichtgewonden,9,personenauto,3,Fiets,Op Kruispunt,Gemeenteweg,binnen bebouwde kom,Tss. 2 best.: langs opzij (voor-/achterkant-flank),Geen hindernis
51395,16,Kortrijk 1,Kortrijk,50.83332,3.27777,2.20613304427746,50.84993089852215,3.2605884703016357,2024,12,15,34023,Kuurne,Normaal,Droog,Dag,met lichtgewonden,9,personenauto,3,Fiets,Op Kruispunt,Gemeenteweg,binnen bebouwde kom,Tss. 2 best.: langs opzij (voor-/achterkant-flank),Geen hindernis
51396,27,Grimbergen,Meise,50.92127,4.34013,2.1753946530032,50.902038521392264,4.345824653174693,2024,12,7,23025,Grimbergen,Normaal,Droog+Proper,Dag,met lichtgewonden,9,personenauto,3,Fiets,Op Kruispunt,Gemeenteweg,binnen bebouwde kom,Tss. 2 best.: langs opzij (voor-/achterkant-flank),Geen hindernis
51482,3,Brasschaat 1,Brasschaat,51.27503,4.47222,1.339220198951964,51.28487661993231,4.483307462971395,2024,12,13,11008,Brasschaat,Onbekend,Droog,Dag,met lichtgewonden,6,Bromfiets,3,Fiets,Buiten Kruispunt,Gewestweg,binnen bebouwde kom,Tussen 2 bestuurders: Flank tegen flank,Geen hindernis
51482,2,Brasschaat 2,Brasschaat,51.27512,4.47169,1.3527421046536607,51.28487661993231,4.483307462971395,2024,12,13,11008,Brasschaat,Onbekend,Droog,Dag,met lichtgewonden,6,Bromfiets,3,Fiets,Buiten Kruispunt,Gewestweg,binnen bebouwde kom,Tussen 2 bestuurders: Flank tegen flank,Geen hindernis
51484,3,Brasschaat 1,Brasschaat,51.27503,4.47222,2.4298577884091523,51.26494274456225,4.503203266395021,2024,12,15,11040,Schoten,Normaal,Onbekend,Dageraad - schemering,met lichtgewonden,3,Fiets,9,personenauto,Buiten Kruispunt,Gemeenteweg,buiten bebouwde kom,Tussen 2 bestuurders: Flank tegen flank,Geen hindernis
51484,2,Brasschaat 2,Brasschaat,51.27512,4.47169,2.467197144906564,51.26494274456225,4.503203266395021,2024,12,15,11040,Schoten,Normaal,Onbekend,Dageraad - schemering,met lichtgewonden,3,Fiets,9,personenauto,Buiten Kruispunt,Gemeenteweg,buiten bebouwde kom,Tussen 2 bestuurders: Flank tegen flank,Geen hindernis
51490,91,Brecht teller 2,Brecht,51.35739,4.62422,2.22509984718809,51.34532436600208,4.649781268914243,2024,12,23,11009,Brecht,Normaal,Droog,"Nacht, openbare verlichting aanwezig en ontstoken",met zwaargewonden,3,Fiets,9,personenauto,Buiten Kruispunt,Gewestweg,binnen bebouwde kom,Tss. 2 best.: langs opzij (voor-/achterkant-flank),Geen hindernis
51490,90,Brecht teller 1,Brecht,51.35752,4.6243,2.2294312796848934,51.34532436600208,4.649781268914243,2024,12,23,11009,Brecht,Normaal,Droog,"Nacht, openbare verlichting aanwezig en ontstoken",met zwaargewonden,3,Fiets,9,personenauto,Buiten Kruispunt,Gewestweg,binnen bebouwde kom,Tss. 2 best.: langs opzij (voor-/achterkant-flank),Geen hindernis