crash_row_id,site_id,site_name,site_gemeente,site_lat,site_long,distance_km,crash_lat,crash_long,DT_YEAR_COLLISION,DT_MONTH_COLLISION,DT_TIME,CD_NIS,TX_MUNTY_COLLISION_NL,TX_WEATHER_NL,TX_ROAD_CONDITION_NL,TX_LIGHT_CONDITION_NL,TX_CLASS_ACCIDENTS_NL,CD_ROAD_USR_TYPE1,TX_ROAD_USR_TYPE1_NL,CD_ROAD_USR_TYPE2,TX_ROAD_USR_TYPE2_NL,TX_CROSSWAY_NL,CD_ROAD_TYPE_NL,TX_BUILD_UP_AREA_NL,TX_COLLISION_TYPE_NL,TX_OBSTACLES_NL
51491,103,Malle teller 1,Malle,51.31681,4.73872,1.8145228901549368,51.301456990407075,4.747565495924186,2024,12,16,11057,Malle,Regenval,"Nat, plassen","Nacht, geen openbare verlichting aanwezig",met lichtgewonden,9,personenauto,3,Fiets,Op Kruispunt,Gewestweg,buiten bebouwde kom,Tss. 2 best.: langs opzij (voor-/achterkant-flank),Geen hindernis
51491,104,Malle teller 2,Malle,51.31682,4.73852,1.8203240402970988,51.301456990407075,4.747565495924186,2024,12,16,11057,Malle,Regenval,"Nat, plassen","Nacht, geen openbare verlichting aanwezig",met lichtgewonden,9,personenauto,3,Fiets,Op Kruispunt,Gewestweg,buiten bebouwde kom,Tss. 2 best.: langs opzij (voor-/achterkant-flank),Geen hindernis
51496,8,Heist op den Berg 1,Heist-op-den-Berg,51.06759,4.68823,1.718074063476157,51.05859285804615,4.6682427733974645,2024,12,18,12029,Putte,Normaal,Droog,"Nacht, openbare verlichting aanwezig en ontstoken",met zwaargewonden,9,personenauto,3,Fiets,Op Kruispunt,Gemeenteweg,binnen bebouwde kom,Tussen 2 bestuurders: Langs achteren,Geen hindernis
51496,9,Heist op den Berg 2,Heist-op-den-Berg,51.06904,4.69524,2.21555933514264,51.05859285804615,4.6682427733974645,2024,12,18,12029,Putte,Normaal,Droog,"Nacht, openbare verlichting aanwezig en ontstoken",met zwaargewonden,9,personenauto,3,Fiets,Op Kruispunt,Gemeenteweg,binnen bebouwde kom,Tussen 2 bestuurders: Langs achteren,Geen hindernis
51497,100,Mechelen teller 2,Mechelen,51.0457,4.46883,2.4807535733064285,51.046253540994094,4.504305117898033,2024,12,15,12035,Sint-Katelijne-Waver,Normaal,Droog,Dag,met lichtgewonden,9,personenauto,3,Fiets,Op Kruispunt,Gemeenteweg,binnen bebouwde kom,Tss. 2 best.: langs opzij (voor-/achterkant-flank),Geen hindernis
51497,99,Mechelen teller 1,Mechelen,51.04564,4.46882,2.4816284929802572,51.046253540994094,4.504305117898033,2024,12,15,12035,Sint-Katelijne-Waver,Normaal,Droog,Dag,met lichtgewonden,9,personenauto,3,Fiets,Op Kruispunt,Gemeenteweg,binnen bebouwde kom,Tss. 2 best.: langs opzij (voor-/achterkant-flank),Geen hindernis
51500,8,Heist op den Berg 1,Heist-op-den-Berg,51.06759,4.68823,2.0671781794135122,51.05938896836326,4.661682666060047,2024,12,12,12029,Putte,Normaal,Droog,Dag,met lichtgewonden,9,personenauto,3,Fiets,Op Kruispunt,Gemeenteweg,buiten bebouwde kom,Tss. 2 best.: langs opzij (voor-/achterkant-flank),Geen hindernis
51502,96,Lier teller 2,Lier,51.11705,4.58444,1.491868200215526,51.122744706469994,4.565086315681646,2024,12,16,12021,Lier,Normaal,Droog,Dag,met lichtgewonden,3,Fiets,3,Fiets,Buiten Kruispunt,Gewestweg,buiten bebouwde kom,Tussen 2 bestuurders: Flank tegen flank,Geen hindernis
51502,95,Lier teller 1,Lier,51.11687,4.58437,1.4960784782273677,51.122744706469994,4.565086315681646,2024,12,16,12021,Lier,Normaal,Droog,Dag,met lichtgewonden,3,Fiets,3,Fiets,Buiten Kruispunt,Gewestweg,buiten bebouwde kom,Tussen 2 bestuurders: Flank tegen flank,Geen hindernis
51503,96,Lier teller 2,Lier,51.11705,4.58444,2.194176887840149,51.13004619232094,4.560782408139596,2024,11,15,12021,Lier,Onbekend,Onbekend,Dag,met lichtgewonden,3,Fiets,3,Fiets,Buiten Kruispunt,Gewestweg,onbekend,Tussen 2 bestuurders: Flank tegen flank,Geen hindernis
51503,95,Lier teller 1,Lier,51.11687,4.58437,2.203761115807814,51.13004619232094,4.560782408139596,2024,11,15,12021,Lier,Onbekend,Onbekend,Dag,met lichtgewonden,3,Fiets,3,Fiets,Buiten Kruispunt,Gewestweg,onbekend,Tussen 2 bestuurders: Flank tegen flank,Geen hindernis
51505,96,Lier teller 2,Lier,51.11705,4.58444,2.0897355021297757,51.132853382411604,4.568234646118357,2024,12,19,12021,Lier,Normaal,Droog,"Nacht, openbare verlichting aanwezig en ontstoken",met lichtgewonden,3,Fiets,99,onbekend,Buiten Kruispunt,Gewestweg,binnen bebouwde kom,Tss. 2 best.: langs opzij (voor-/achterkant-flank),Geen hindernis
51505,95,Lier teller 1,Lier,51.11687,4.58437,2.103976546117384,51.132853382411604,4.568234646118357,2024,12,19,12021,Lier,Normaal,Droog,"Nacht, openbare verlichting aanwezig en ontstoken",met lichtgewonden,3,Fiets,99,onbekend,Buiten Kruispunt,Gewestweg,binnen bebouwde kom,Tss. 2 best.: langs opzij (voor-/achterkant-flank),Geen hindernis
51508,9,Heist op den Berg 2,Heist-op-den-Berg,51.06904,4.69524,1.8488427094933484,51.07689473853462,4.718563322242868,2024,12,8,12014,Heist-op-den-Berg,Regenval,"Nat, plassen",Dageraad - schemering,met lichtgewonden,3,Fiets,6,Bromfiets,Buiten Kruispunt,Gemeenteweg,binnen bebouwde kom,Tss. 2 best.: langs opzij (voor-/achterkant-flank),Geen hindernis
51508,8,Heist op den Berg 1,Heist-op-den-Berg,51.06759,4.68823,2.3584022704605494,51.07689473853462,4.718563322242868,2024,12,8,12014,Heist-op-den-Berg,Regenval,"Nat, plassen",Dageraad - schemering,met lichtgewonden,3,Fiets,6,Bromfiets,Buiten Kruispunt,Gemeenteweg,binnen bebouwde kom,Tss. 2 best.: langs opzij (voor-/achterkant-flank),Geen hindernis
51518,133,Gierde Lille Totem,Lille,51.2453915,4.8297416,0.8018247170602816,51.24770058364671,4.818828495132617,2024,12,18,13019,Lille,Normaal,Droog,"Nacht, openb. verlicht. aanw., maar niet ontstoken",met lichtgewonden,9,personenauto,3,Fiets,Buiten Kruispunt,Gewestweg,buiten bebouwde kom,Tss. 2 best.: langs opzij (voor-/achterkant-flank),Geen hindernis
51518,132,Gierde lille,Lille,51.245445,4.8298851,0.8094298866451777,51.24770058364671,4.818828495132617,2024,12,18,13019,Lille,Normaal,Droog,"Nacht, openb. verlicht. aanw., maar niet ontstoken",met lichtgewonden,9,personenauto,3,Fiets,Buiten Kruispunt,Gewestweg,buiten bebouwde kom,Tss. 2 best.: langs opzij (voor-/achterkant-flank),Geen hindernis
51523,112,Geel teller 2,Westerlo,51.1354992,4.9394789,2.016889791770777,51.14748564984062,4.961176997802266,2024,12,15,13008,Geel,Regenval,"Nat, plassen",Dag,met lichtgewonden,3,Fiets,5,Lichte vrachtauto,Buiten Kruispunt,Gewestweg,buiten bebouwde kom,Tussen 2 bestuurders: Frontale botsing,Geen hindernis
51523,127,Geel totem,Westerlo,51.1342966,4.9400421,2.079623829250598,51.14748564984062,4.961176997802266,2024,12,15,13008,Geel,Regenval,"Nat, plassen",Dag,met lichtgewonden,3,Fiets,5,Lichte vrachtauto,Buiten Kruispunt,Gewestweg,buiten bebouwde kom,Tussen 2 bestuurders: Frontale botsing,Geen hindernis
51523,98,Geel teller 2,Geel,51.1481,4.99643,2.45999003019072,51.14748564984062,4.961176997802266,2024,12,15,13008,Geel,Regenval,"Nat, plassen",Dag,met lichtgewonden,3,Fiets,5,Lichte vrachtauto,Buiten Kruispunt,Gewestweg,buiten bebouwde kom,Tussen 2 bestuurders: Frontale botsing,Geen hindernis
51523,97,Geel teller 1,Geel,51.14813,4.99698,2.498432841599557,51.14748564984062,4.961176997802266,2024,12,15,13008,Geel,Regenval,"Nat, plassen",Dag,met lichtgewonden,3,Fiets,5,Lichte vrachtauto,Buiten Kruispunt,Gewestweg,buiten bebouwde kom,Tussen 2 bestuurders: Frontale botsing,Geen hindernis
51527,134,Retie,Dessel,51.2548405,5.1037658,1.995210558229202,51.268095915139796,5.084439571931022,2024,12,17,13036,Retie,Normaal,Droog,"Nacht, openbare verlichting aanwezig en ontstoken",met lichtgewonden,3,Fiets,3,Fiets,Buiten Kruispunt,Gewestweg,binnen bebouwde kom,Tss. 2 best.: langs opzij (voor-/achterkant-flank),Geen hindernis
51527,135,Retie 2,Dessel,51.2544998,5.1040064,2.0345265662605585,51.268095915139796,5.084439571931022,2024,12,17,13036,Retie,Normaal,Droog,"Nacht, openbare verlichting aanwezig en ontstoken",met lichtgewonden,3,Fiets,3,Fiets,Buiten Kruispunt,Gewestweg,binnen bebouwde kom,Tss. 2 best.: langs opzij (voor-/achterkant-flank),Geen hindernis
51528,134,Retie,Dessel,51.2548405,5.1037658,1.9385831844728092,51.26760516328893,5.08478950299073,2024,12,14,13036,Retie,Normaal,Droog,Dag,met lichtgewonden,9,personenauto,3,Fiets,Buiten Kruispunt,Gewestweg,binnen bebouwde kom,Tussen 2 bestuurders: Langs achteren,Geen hindernis
51528,135,Retie 2,Dessel,51.2544998,5.1040064,1.9777735080380134,51.26760516328893,5.08478950299073,2024,12,14,13036,Retie,Normaal,Droog,Dag,met lichtgewonden,9,personenauto,3,Fiets,Buiten Kruispunt,Gewestweg,binnen bebouwde kom,Tussen 2 bestuurders: Langs achteren,Geen hindernis
51530,94,Herentals teller 2,Herentals,51.17345,4.81283,1.5548312714878814,51.180454848634454,4.832133727562937,2024,12,17,13011,Herentals,Normaal,Droog,"Nacht, openbare verlichting aanwezig en ontstoken",met lichtgewonden,3,Fiets,9,personenauto,Op Kruispunt,Gemeenteweg,binnen bebouwde kom,Tussen 2 bestuurders: Flank tegen flank,Geen hindernis
51530,110,Herentals totem,Herentals,51.1739426,4.811783,1.5927673850790172,51.180454848634454,4.832133727562937,2024,12,17,13011,Herentals,Normaal,Droog,"Nacht, openbare verlichting aanwezig en ontstoken",met lichtgewonden,3,Fiets,9,personenauto,Op Kruispunt,Gemeenteweg,binnen bebouwde kom,Tussen 2 bestuurders: Flank tegen flank,Geen hindernis
51531,94,Herentals teller 2,Herentals,51.17345,4.81283,1.463216255874607,51.17639872858178,4.833285361712534,2024,12,8,13011,Herentals,Normaal,Droog,Dag,met lichtgewonden,3,Fiets,9,personenauto,Buiten Kruispunt,Gemeenteweg,binnen bebouwde kom,Tss. 2 best.: langs opzij (voor-/achterkant-flank),Geen hindernis
51531,110,Herentals totem,Herentals,51.1739426,4.811783,1.5236644655551976,51.17639872858178,4.833285361712534,2024,12,8,13011,Herentals,Normaal,Droog,Dag,met lichtgewonden,3,Fiets,9,personenauto,Buiten Kruispunt,Gemeenteweg,binnen bebouwde kom,Tss. 2 best.: langs opzij (voor-/achterkant-flank),Geen hindernis
51532,37,Lommel teller 1,Lommel,51.23299,5.29211,1.4047932582928673,51.227982159857916,5.310632665828304,2024,12,16,72020,Lommel,Normaal,"Nat, plassen",Dag,met lichtgewonden,9,personenauto,3,Fiets,Op Kruispunt,Gemeenteweg,binnen bebouwde kom,Tss. 2 best.: langs opzij (voor-/achterkant-flank),Geen hindernis
51532,38,Lommel teller 2,Lommel,51.23277,5.29189,1.4094516378872248,51.227982159857916,5.310632665828304,2024,12,16,72020,Lommel,Normaal,"Nat, plassen",Dag,met lichtgewonden,9,personenauto,3,Fiets,Op Kruispunt,Gemeenteweg,binnen bebouwde kom,Tss. 2 best.: langs opzij (voor-/achterkant-flank),Geen hindernis
51542,107,leuven totem,Leuven,50.8870744,4.7087919,1.0136979714593333,50.896120922425226,4.707005854741373,2024,12,15,24062,Leuven,Normaal,"Nat, plassen",Dag,met lichtgewonden,3,Fiets,8,Voetganger,Buiten Kruispunt,Gewestweg,buiten bebouwde kom,Met een voetganger,Geen hindernis
51542,77,Leuven teller 2,Leuven,50.88672,4.70796,1.0474750161684656,50.896120922425226,4.707005854741373,2024,12,15,24062,Leuven,Normaal,"Nat, plassen",Dag,met lichtgewonden,3,Fiets,8,Voetganger,Buiten Kruispunt,Gewestweg,buiten bebouwde kom,Met een voetganger,Geen hindernis
51542,69,Leuven teller 1,Leuven,50.87549,4.71526,2.3659988633986977,50.896120922425226,4.707005854741373,2024,12,15,24062,Leuven,Normaal,"Nat, plassen",Dag,met lichtgewonden,3,Fiets,8,Voetganger,Buiten Kruispunt,Gewestweg,buiten bebouwde kom,Met een voetganger,Geen hindernis
51543,151,Leuven,District Leuven,50.8690262,4.6854839,1.099113849397062,50.86163877689466,4.695889420070851,2024,12,20,24062,Leuven,Normaal,Droog,"Nacht, openb. verlicht. aanw., maar niet ontstoken",met lichtgewonden,9,personenauto,3,Fiets,Buiten Kruispunt,Gewestweg,binnen bebouwde kom,Tss. 2 best.: langs opzij (voor-/achterkant-flank),Geen hindernis
51543,108,Heverlee teller 1,Leuven,50.8471728,4.6954674,1.6088160109958691,50.86163877689466,4.695889420070851,2024,12,20,24062,Leuven,Normaal,Droog,"Nacht, openb. verlicht. aanw., maar niet ontstoken",met lichtgewonden,9,personenauto,3,Fiets,Buiten Kruispunt,Gewestweg,binnen bebouwde kom,Tss. 2 best.: langs opzij (voor-/achterkant-flank),Geen hindernis
51543,76,Heverlee teller 2,Leuven,50.84606,4.69597,1.732290189222192,50.86163877689466,4.695889420070851,2024,12,20,24062,Leuven,Normaal,Droog,"Nacht, openb. verlicht. aanw., maar niet ontstoken",met lichtgewonden,9,personenauto,3,Fiets,Buiten Kruispunt,Gewestweg,binnen bebouwde kom,Tss. 2 best.: langs opzij (voor-/achterkant-flank),Geen hindernis
51543,69,Leuven teller 1,Leuven,50.87549,4.71526,2.054255651521197,50.86163877689466,4.695889420070851,2024,12,20,24062,Leuven,Normaal,Droog,"Nacht, openb. verlicht. aanw., maar niet ontstoken",met lichtgewonden,9,personenauto,3,Fiets,Buiten Kruispunt,Gewestweg,binnen bebouwde kom,Tss. 2 best.: langs opzij (voor-/achterkant-flank),Geen hindernis
51544,107,leuven totem,Leuven,50.8870744,4.7087919,0.8586306904848028,50.892075141677076,4.718119232270492,2024,12,16,24062,Leuven,Normaal,Droog,Dageraad - schemering,met lichtgewonden,3,Fiets,8,Voetganger,Op Kruispunt,Gemeenteweg,binnen bebouwde kom,Met een voetganger,Geen hindernis
51544,77,Leuven teller 2,Leuven,50.88672,4.70796,0.9286488710238262,50.892075141677076,4.718119232270492,2024,12,16,24062,Leuven,Normaal,Droog,Dageraad - schemering,met lichtgewonden,3,Fiets,8,Voetganger,Op Kruispunt,Gemeenteweg,binnen bebouwde kom,Met een voetganger,Geen hindernis
51544,69,Leuven teller 1,Leuven,50.87549,4.71526,1.8550596494591702,50.892075141677076,4.718119232270492,2024,12,16,24062,Leuven,Normaal,Droog,Dageraad - schemering,met lichtgewonden,3,Fiets,8,Voetganger,Op Kruispunt,Gemeenteweg,binnen bebouwde kom,Met een voetganger,Geen hindernis
51545,107,leuven totem,Leuven,50.8870744,4.7087919,0.8554554394281072,50.8920341122893,4.718114981178063,2024,11,7,24062,Leuven,Normaal,Droog,Dageraad - schemering,met lichtgewonden,3,Fiets,3,Fiets,Buiten Kruispunt,Gemeenteweg,binnen bebouwde kom,Tussen 2 bestuurders: Langs achteren,Geen hindernis
51545,77,Leuven teller 2,Leuven,50.88672,4.70796,0.9255008182529432,50.8920341122893,4.718114981178063,2024,11,7,24062,Leuven,Normaal,Droog,Dageraad - schemering,met lichtgewonden,3,Fiets,3,Fiets,Buiten Kruispunt,Gemeenteweg,binnen bebouwde kom,Tussen 2 bestuurders: Langs achteren,Geen hindernis
51545,69,Leuven teller 1,Leuven,50.87549,4.71526,1.850491911731348,50.8920341122893,4.718114981178063,2024,11,7,24062,Leuven,Normaal,Droog,Dageraad - schemering,met lichtgewonden,3,Fiets,3,Fiets,Buiten Kruispunt,Gemeenteweg,binnen bebouwde kom,Tussen 2 bestuurders: Langs achteren,Geen hindernis
51546,151,Leuven,District Leuven,50.8690262,4.6854839,1.3878521724417519,50.88142653620136,4.683235232905747,2024,12,7,24062,Leuven,Normaal,Droog,"Nacht, geen openbare verlichting aanwezig",met lichtgewonden,3,Fiets,11,een weggebruiker tegen een hindernis,Buiten Kruispunt,Gewestweg,binnen bebouwde kom,Weggebruiker tegen hindernis buiten rijbaan,Buiten de rijbaan: Boom
51546,77,Leuven teller 2,Leuven,50.88672,4.70796,1.8316423655236482,50.88142653620136,4.683235232905747,2024,12,7,24062,Leuven,Normaal,Droog,"Nacht, geen openbare verlichting aanwezig",met lichtgewonden,3,Fiets,11,een weggebruiker tegen een hindernis,Buiten Kruispunt,Gewestweg,binnen bebouwde kom,Weggebruiker tegen hindernis buiten rijbaan,Buiten de rijbaan: Boom
51546,107,leuven totem,Leuven,50.8870744,4.7087919,1.8996543506501493,50.88142653620136,4.683235232905747,2024,12,7,24062,Leuven,Normaal,Droog,"Nacht, geen openbare verlichting aanwezig",met lichtgewonden,3,Fiets,11,een weggebruiker tegen een hindernis,Buiten Kruispunt,Gewestweg,binnen bebouwde kom,Weggebruiker tegen hindernis buiten rijbaan,Buiten de rijbaan: Boom
51546,69,Leuven teller 1,Leuven,50.87549,4.71526,2.341831332852034,50.88142653620136,4.683235232905747,2024,12,7,24062,Leuven,Normaal,Droog,"Nacht, geen openbare verlichting aanwezig",met lichtgewonden,3,Fiets,11,een weggebruiker tegen een hindernis,Buiten Kruispunt,Gewestweg,binnen bebouwde kom,Weggebruiker tegen hindernis buiten rijbaan,Buiten de rijbaan: Boom
51547,107,leuven totem,Leuven,50.8870744,4.7087919,1.0868179581685586,50.885569000010776,4.724100122267825,2024,11,15,24062,Leuven,Onbekend,Onbekend,Dag,met lichtgewonden,3,Fiets,9,personenauto,Buiten Kruispunt,Gemeenteweg,binnen bebouwde kom,Tss. 2 best.: langs opzij (voor-/achterkant-flank),Geen hindernis
51547,77,Leuven teller 2,Leuven,50.88672,4.70796,1.1394212465911127,50.885569000010776,4.724100122267825,2024,11,15,24062,Leuven,Onbekend,Onbekend,Dag,met lichtgewonden,3,Fiets,9,personenauto,Buiten Kruispunt,Gemeenteweg,binnen bebouwde kom,Tss. 2 best.: langs opzij (voor-/achterkant-flank),Geen hindernis
51547,69,Leuven teller 1,Leuven,50.87549,4.71526,1.2808944363444859,50.885569000010776,4.724100122267825,2024,11,15,24062,Leuven,Onbekend,Onbekend,Dag,met lichtgewonden,3,Fiets,9,personenauto,Buiten Kruispunt,Gemeenteweg,binnen bebouwde kom,Tss. 2 best.: langs opzij (voor-/achterkant-flank),Geen hindernis
51548,107,leuven totem,Leuven,50.8870744,4.7087919,0.6151902362893164,50.88282674798705,4.714410907074366,2024,12,17,24062,Leuven,Normaal,Onbekend,"Nacht, openbare verlichting aanwezig en ontstoken",met lichtgewonden,3,Fiets,10,"één bestuurder, geen hindernis",Buiten Kruispunt,Gemeenteweg,binnen bebouwde kom,"Eén bestuurder, geen hindernis (incl. val)",Geen hindernis
51548,77,Leuven teller 2,Leuven,50.88672,4.70796,0.6262591484681335,50.88282674798705,4.714410907074366,2024,12,17,24062,Leuven,Normaal,Onbekend,"Nacht, openbare verlichting aanwezig en ontstoken",met lichtgewonden,3,Fiets,10,"één bestuurder, geen hindernis",Buiten Kruispunt,Gemeenteweg,binnen bebouwde kom,"Eén bestuurder, geen hindernis (incl. val)",Geen hindernis
51548,69,Leuven teller 1,Leuven,50.87549,4.71526,0.8179812802506363,50.88282674798705,4.714410907074366,2024,12,17,24062,Leuven,Normaal,Onbekend,"Nacht, openbare verlichting aanwezig en ontstoken",met lichtgewonden,3,Fiets,10,"één bestuurder, geen hindernis",Buiten Kruispunt,Gemeenteweg,binnen bebouwde kom,"Eén bestuurder, geen hindernis (incl. val)",Geen hindernis
51549,151,Leuven,District Leuven,50.8690262,4.6854839,1.8570925857578513,50.864840640754046,4.6598656982266045,2024,12,17,24062,Leuven,Normaal,"Nat, plassen","Nacht, geen openbare verlichting aanwezig",met lichtgewonden,9,personenauto,3,Fiets,Op Kruispunt,Gewestweg,binnen bebouwde kom,Tussen 2 bestuurders: Langs achteren,Geen hindernis
51550,69,Leuven teller 1,Leuven,50.87549,4.71526,1.1913832576236856,50.867954591500045,4.703190162798138,2024,12,17,24062,Leuven,Normaal,"Nat, plassen","Nacht, openbare verlichting aanwezig en ontstoken",met lichtgewonden,5,Lichte vrachtauto,3,Fiets,Buiten Kruispunt,Gewestweg,binnen bebouwde kom,Tss. 2 best.: langs opzij (voor-/achterkant-flank),Geen hindernis
51550,151,Leuven,District Leuven,50.8690262,4.6854839,1.2482443968964754,50.867954591500045,4.703190162798138,2024,12,17,24062,Leuven,Normaal,"Nat, plassen","Nacht, openbare verlichting aanwezig en ontstoken",met lichtgewonden,5,Lichte vrachtauto,3,Fiets,Buiten Kruispunt,Gewestweg,binnen bebouwde kom,Tss. 2 best.: langs opzij (voor-/achterkant-flank),Geen hindernis
51550,77,Leuven teller 2,Leuven,50.88672,4.70796,2.1132851297226787,50.867954591500045,4.703190162798138,2024,12,17,24062,Leuven,Normaal,"Nat, plassen","Nacht, openbare verlichting aanwezig en ontstoken",met lichtgewonden,5,Lichte vrachtauto,3,Fiets,Buiten Kruispunt,Gewestweg,binnen bebouwde kom,Tss. 2 best.: langs opzij (voor-/achterkant-flank),Geen hindernis
51550,107,leuven totem,Leuven,50.8870744,4.7087919,2.16204909964741,50.867954591500045,4.703190162798138,2024,12,17,24062,Leuven,Normaal,"Nat, plassen","Nacht, openbare verlichting aanwezig en ontstoken",met lichtgewonden,5,Lichte vrachtauto,3,Fiets,Buiten Kruispunt,Gewestweg,binnen bebouwde kom,Tss. 2 best.: langs opzij (voor-/achterkant-flank),Geen hindernis
51550,108,Heverlee teller 1,Leuven,50.8471728,4.6954674,2.37355840914929,50.867954591500045,4.703190162798138,2024,12,17,24062,Leuven,Normaal,"Nat, plassen","Nacht, openbare verlichting aanwezig en ontstoken",met lichtgewonden,5,Lichte vrachtauto,3,Fiets,Buiten Kruispunt,Gewestweg,binnen bebouwde kom,Tss. 2 best.: langs opzij (voor-/achterkant-flank),Geen hindernis
51550,76,Heverlee teller 2,Leuven,50.84606,4.69597,2.486758479262811,50.867954591500045,4.703190162798138,2024,12,17,24062,Leuven,Normaal,"Nat, plassen","Nacht, openbare verlichting aanwezig en ontstoken",met lichtgewonden,5,Lichte vrachtauto,3,Fiets,Buiten Kruispunt,Gewestweg,binnen bebouwde kom,Tss. 2 best.: langs opzij (voor-/achterkant-flank),Geen hindernis
51551,69,Leuven teller 1,Leuven,50.87549,4.71526,0.6255778910890276,50.88072503730329,4.71199435956401,2024,12,14,24062,Leuven,Normaal,Droog,Dag,met lichtgewonden,3,Fiets,8,Voetganger,Buiten Kruispunt,Gemeenteweg,binnen bebouwde kom,Met een voetganger,Geen hindernis
51551,77,Leuven teller 2,Leuven,50.88672,4.70796,0.7242020492817661,50.88072503730329,4.71199435956401,2024,12,14,24062,Leuven,Normaal,Droog,Dag,met lichtgewonden,3,Fiets,8,Voetganger,Buiten Kruispunt,Gemeenteweg,binnen bebouwde kom,Met een voetganger,Geen hindernis
51551,107,leuven totem,Leuven,50.8870744,4.7087919,0.7408993269008264,50.88072503730329,4.71199435956401,2024,12,14,24062,Leuven,Normaal,Droog,Dag,met lichtgewonden,3,Fiets,8,Voetganger,Buiten Kruispunt,Gemeenteweg,binnen bebouwde kom,Met een voetganger,Geen hindernis
51551,151,Leuven,District Leuven,50.8690262,4.6854839,2.2698650095960775,50.88072503730329,4.71199435956401,2024,12,14,24062,Leuven,Normaal,Droog,Dag,met lichtgewonden,3,Fiets,8,Voetganger,Buiten Kruispunt,Gemeenteweg,binnen bebouwde kom,Met een voetganger,Geen hindernis
51552,69,Leuven teller 1,Leuven,50.87549,4.71526,2.134098699753778,50.86712057676834,4.742628687253291,2024,12,14,24062,Leuven,Onbekend,"Nat, plassen",Dag,met lichtgewonden,9,personenauto,3,Fiets,Buiten Kruispunt,Gewestweg,buiten bebouwde kom,Tss. 2 best.: langs opzij (voor-/achterkant-flank),Geen hindernis
51553,69,Leuven teller 1,Leuven,50.87549,4.71526,0.859432292158825,50.87115173028735,4.725396807262024,2024,12,22,24062,Leuven,Onbekend,Onbekend,Onbekend,met lichtgewonden,3,Fiets,9,personenauto,Buiten Kruispunt,Gewestweg,onbekend,Tss. 2 best.: langs opzij (voor-/achterkant-flank),Geen hindernis
51553,107,leuven totem,Leuven,50.8870744,4.7087919,2.1194206577923795,50.87115173028735,4.725396807262024,2024,12,22,24062,Leuven,Onbekend,Onbekend,Onbekend,met lichtgewonden,3,Fiets,9,personenauto,Buiten Kruispunt,Gewestweg,onbekend,Tss. 2 best.: langs opzij (voor-/achterkant-flank),Geen hindernis
51553,77,Leuven teller 2,Leuven,50.88672,4.70796,2.119755189193749,50.87115173028735,4.725396807262024,2024,12,22,24062,Leuven,Onbekend,Onbekend,Onbekend,met lichtgewonden,3,Fiets,9,personenauto,Buiten Kruispunt,Gewestweg,onbekend,Tss. 2 best.: langs opzij (voor-/achterkant-flank),Geen hindernis
51554,69,Leuven teller 1,Leuven,50.87549,4.71526,0.7308853172589648,50.869861214867186,4.709881160648892,2024,12,12,24062,Leuven,Normaal,"Nat, plassen",Dag,met lichtgewonden,5,Lichte vrachtauto,3,Fiets,Op Kruispunt,Gewestweg,binnen bebouwde kom,Tss. 2 best.: langs opzij (voor-/achterkant-flank),Geen hindernis
51554,151,Leuven,District Leuven,50.8690262,4.6854839,1.7145682936151188,50.869861214867186,4.709881160648892,2024,12,12,24062,Leuven,Normaal,"Nat, plassen",Dag,met lichtgewonden,5,Lichte vrachtauto,3,Fiets,Op Kruispunt,Gewestweg,binnen bebouwde kom,Tss. 2 best.: langs opzij (voor-/achterkant-flank),Geen hindernis
51554,77,Leuven teller 2,Leuven,50.88672,4.70796,1.879451015092489,50.869861214867186,4.709881160648892,2024,12,12,24062,Leuven,Normaal,"Nat, plassen",Dag,met lichtgewonden,5,Lichte vrachtauto,3,Fiets,Op Kruispunt,Gewestweg,binnen bebouwde kom,Tss. 2 best.: langs opzij (voor-/achterkant-flank),Geen hindernis
51554,107,leuven totem,Leuven,50.8870744,4.7087919,1.9155439577748696,50.869861214867186,4.709881160648892,2024,12,12,24062,Leuven,Normaal,"Nat, plassen",Dag,met lichtgewonden,5,Lichte vrachtauto,3,Fiets,Op Kruispunt,Gewestweg,binnen bebouwde kom,Tss. 2 best.: langs opzij (voor-/achterkant-flank),Geen hindernis
51557,87,Aarschot,Aarschot,50.99084,4.81259,2.4530156512777403,51.00645616044693,4.837349447533818,2024,12,9,24001,Aarschot,Normaal,Droog,Dag,met lichtgewonden,3,Fiets,9,personenauto,Buiten Kruispunt,Gewestweg,buiten bebouwde kom,Tss. 2 best.: langs opzij (voor-/achterkant-flank),Geen hindernis
51558,87,Aarschot,Aarschot,50.99084,4.81259,1.45383496904638,50.98724856853181,4.8325619453741036,2024,12,11,24001,Aarschot,Normaal,Droog,Dag,met lichtgewonden,5,Lichte vrachtauto,3,Fiets,Op Kruispunt,Gemeenteweg,binnen bebouwde kom,Tss. 2 best.: langs opzij (voor-/achterkant-flank),Geen hindernis