crash_row_id,site_id,site_name,site_gemeente,site_lat,site_long,distance_km,crash_lat,crash_long,DT_YEAR_COLLISION,DT_MONTH_COLLISION,DT_TIME,CD_NIS,TX_MUNTY_COLLISION_NL,TX_WEATHER_NL,TX_ROAD_CONDITION_NL,TX_LIGHT_CONDITION_NL,TX_CLASS_ACCIDENTS_NL,CD_ROAD_USR_TYPE1,TX_ROAD_USR_TYPE1_NL,CD_ROAD_USR_TYPE2,TX_ROAD_USR_TYPE2_NL,TX_CROSSWAY_NL,CD_ROAD_TYPE_NL,TX_BUILD_UP_AREA_NL,TX_COLLISION_TYPE_NL,TX_OBSTACLES_NL
51559,87,Aarschot,Aarschot,50.99084,4.81259,1.9754540645532497,50.99133380845181,4.840803626509656,2024,12,10,24001,Aarschot,Normaal,Droog,Dag,met lichtgewonden,9,personenauto,3,Fiets,Op Kruispunt,Gewestweg,binnen bebouwde kom,Tss. 2 best.: langs opzij (voor-/achterkant-flank),Geen hindernis
51560,87,Aarschot,Aarschot,50.99084,4.81259,1.6376469739844295,50.99690990548307,4.8339097271077875,2024,12,11,24001,Aarschot,"Regenval+Sterke wind, rukwind","Nat, plassen",Dag,met lichtgewonden,3,Fiets,8,Voetganger,Buiten Kruispunt,Gewestweg,binnen bebouwde kom,Met een voetganger,Geen hindernis
51561,71,Kampenhout teller 2,Kampenhout,50.95589,4.59164,1.8200349485921927,50.96785689053762,4.573909884295145,2024,12,16,24014,Boortmeerbeek,Normaal,"Nat, plassen",Dageraad - schemering,met lichtgewonden,3,Fiets,9,personenauto,Op Kruispunt,Gewestweg,buiten bebouwde kom,Tussen 2 bestuurders: Frontale botsing,Geen hindernis
51561,70,Kampenhout teller 1,Kampenhout,50.95682,4.59318,1.8241314240798217,50.96785689053762,4.573909884295145,2024,12,16,24014,Boortmeerbeek,Normaal,"Nat, plassen",Dageraad - schemering,met lichtgewonden,3,Fiets,9,personenauto,Op Kruispunt,Gewestweg,buiten bebouwde kom,Tussen 2 bestuurders: Frontale botsing,Geen hindernis
51564,101,Diest teller 1,Diest,50.97799,5.04481,0.8087815954647914,50.979788595674506,5.056003754418409,2024,12,9,24020,Diest,Normaal,Onbekend,Dag,met zwaargewonden,9,personenauto,3,Fiets,Buiten Kruispunt,Gewestweg,binnen bebouwde kom,Tss. 2 best.: langs opzij (voor-/achterkant-flank),Geen hindernis
51564,102,Diest teller 2,Diest,50.9779,5.04474,0.81604954421848,50.979788595674506,5.056003754418409,2024,12,9,24020,Diest,Normaal,Onbekend,Dag,met zwaargewonden,9,personenauto,3,Fiets,Buiten Kruispunt,Gewestweg,binnen bebouwde kom,Tss. 2 best.: langs opzij (voor-/achterkant-flank),Geen hindernis
51567,12,Tervuren,Kraainem,50.81896,4.47803,0.9520218494305072,50.82166265291711,4.4908893908054255,2024,12,8,23099,Kraainem,Regenval,"Nat, plassen",Dageraad - schemering,met lichtgewonden,3,Fiets,5,Lichte vrachtauto,Buiten Kruispunt,Gemeenteweg,binnen bebouwde kom,Tussen 2 bestuurders: Langs achteren,Geen hindernis
51568,26,Zaventem,Zaventem,50.86995,4.45444,0.6288637872053785,50.864612258285256,4.457401459032068,2024,12,14,23099,Kraainem,Normaal,Droog,Dag,met lichtgewonden,9,personenauto,3,Fiets,Op Kruispunt,Gemeenteweg,binnen bebouwde kom,Tss. 2 best.: langs opzij (voor-/achterkant-flank),Geen hindernis
51571,86,Asse teller 2,Asse,50.89132,4.1709,2.2214772603882995,50.87137730531242,4.172787641665728,2024,12,20,23086,Ternat,Onbekend,"Nat, plassen",Onbekend,met lichtgewonden,9,personenauto,3,Fiets,Op Kruispunt,Gemeenteweg,binnen bebouwde kom,Tussen 2 bestuurders: Flank tegen flank,Geen hindernis
51572,86,Asse teller 2,Asse,50.89132,4.1709,1.9595986292573004,50.87440102406657,4.163083165707692,2024,12,14,23086,Ternat,Regenval,"Nat, plassen",Dag,met zwaargewonden,3,Fiets,9,personenauto,Op Kruispunt,Gewestweg,binnen bebouwde kom,Tss. 2 best.: langs opzij (voor-/achterkant-flank),Geen hindernis
51574,85,Asse teller 1,Asse,50.89621,4.17294,2.4976479610011295,50.91053084161425,4.200380205451547,2024,12,10,23002,Asse,Onbekend,Onbekend,Dag,met lichtgewonden,9,personenauto,3,Fiets,Buiten Kruispunt,Gemeenteweg,binnen bebouwde kom,Tussen 2 bestuurders: Flank tegen flank,Geen hindernis
51576,152,Opwijk,District Vilvoorde-gewestwegen,50.968901168564656,4.149169474840164,1.3800955026950896,50.96807465120094,4.168834407405476,2024,12,17,23060,Opwijk,Onbekend,Onbekend,Onbekend,met lichtgewonden,9,personenauto,3,Fiets,Buiten Kruispunt,Gemeenteweg,binnen bebouwde kom,Tss. 2 best.: langs opzij (voor-/achterkant-flank),Geen hindernis
51583,27,Grimbergen,Meise,50.92127,4.34013,2.3832518707454264,50.93602233460785,4.364798408143013,2024,12,8,23025,Grimbergen,Onbekend,Droog,Dag,met lichtgewonden,9,personenauto,3,Fiets,Buiten Kruispunt,Gewestweg,binnen bebouwde kom,Tss. 2 best.: langs opzij (voor-/achterkant-flank),Geen hindernis
51586,47,Vilvoorde,Vilvoorde,50.91372,4.41497,1.3711306886374341,50.92356171021455,4.426754270362515,2024,12,15,23088,Vilvoorde,Normaal,Droog,Dag,met lichtgewonden,9,personenauto,3,Fiets,Buiten Kruispunt,Gewestweg,binnen bebouwde kom,Tss. 2 best.: langs opzij (voor-/achterkant-flank),Geen hindernis
51586,1,Machelen,Machelen,50.91618331151478,4.456121776137429,2.2160714175711367,50.92356171021455,4.426754270362515,2024,12,15,23088,Vilvoorde,Normaal,Droog,Dag,met lichtgewonden,9,personenauto,3,Fiets,Buiten Kruispunt,Gewestweg,binnen bebouwde kom,Tss. 2 best.: langs opzij (voor-/achterkant-flank),Geen hindernis
51591,118,Gent teller 1,Gent,51.028049,3.7681359,1.0826369025074327,51.03408003519271,3.755982039466945,2024,11,10,44021,Gent,Normaal,Droog,Dag,met lichtgewonden,3,Fiets,3,Fiets,Buiten Kruispunt,Gewestweg,binnen bebouwde kom,Tussen 2 bestuurders: Frontale botsing,Geen hindernis
51591,119,Gent teller 2,Gent,51.0281795,3.7683918,1.0879282011882452,51.03408003519271,3.755982039466945,2024,11,10,44021,Gent,Normaal,Droog,Dag,met lichtgewonden,3,Fiets,3,Fiets,Buiten Kruispunt,Gewestweg,binnen bebouwde kom,Tussen 2 bestuurders: Frontale botsing,Geen hindernis
51592,13,Gent,Gent,51.03018,3.70146,1.6035503788069618,51.04314776862727,3.7114931441850594,2024,12,8,44021,Gent,Normaal,Droog,Dageraad - schemering,met lichtgewonden,3,Fiets,9,personenauto,Op Kruispunt,Gewestweg,binnen bebouwde kom,Tss. 2 best.: langs opzij (voor-/achterkant-flank),Geen hindernis
51595,7,Evergem 1,Evergem,51.1089,3.70317,1.2327612341027512,51.09915695562488,3.711594676992285,2024,12,8,44021,Gent,Regenval,"Nat, plassen",Dag,met lichtgewonden,3,Fiets,9,personenauto,Op Kruispunt,Gewestweg,buiten bebouwde kom,Tss. 2 best.: langs opzij (voor-/achterkant-flank),Geen hindernis
51595,6,Evergem 2,Evergem,51.10894,3.70298,1.2430363116411964,51.09915695562488,3.711594676992285,2024,12,8,44021,Gent,Regenval,"Nat, plassen",Dag,met lichtgewonden,3,Fiets,9,personenauto,Op Kruispunt,Gewestweg,buiten bebouwde kom,Tss. 2 best.: langs opzij (voor-/achterkant-flank),Geen hindernis
51596,13,Gent,Gent,51.03018,3.70146,1.0226755034895543,51.03384286682281,3.7148746393576664,2024,12,5,44021,Gent,Onbekend,Onbekend,Onbekend,met lichtgewonden,3,Fiets,10,"één bestuurder, geen hindernis",Buiten Kruispunt,Gemeenteweg,binnen bebouwde kom,"Eén bestuurder, geen hindernis (incl. val)",Geen hindernis
51599,13,Gent,Gent,51.03018,3.70146,2.336451524245753,51.035751193962895,3.7336766411235844,2024,12,18,44021,Gent,"Andere (dikke rook,...)",Droog,"Nacht, geen openbare verlichting aanwezig",met lichtgewonden,3,Fiets,3,Fiets,Buiten Kruispunt,Gemeenteweg,binnen bebouwde kom,Tussen 2 bestuurders: Frontale botsing,Geen hindernis
51601,13,Gent,Gent,51.03018,3.70146,2.2997041360241117,51.04618472766583,3.72229161093049,2024,12,15,44021,Gent,Regenval,"Nat, plassen",Dag,met lichtgewonden,3,Fiets,9,personenauto,Op Kruispunt,Gemeenteweg,binnen bebouwde kom,Tussen 2 bestuurders: Frontale botsing,Geen hindernis
51603,13,Gent,Gent,51.03018,3.70146,2.0176048484066507,51.03163015926325,3.730219233727334,2024,11,17,44021,Gent,Normaal,Droog,Dageraad - schemering,met lichtgewonden,3,Fiets,8,Voetganger,Op Kruispunt,Gemeenteweg,binnen bebouwde kom,Met een voetganger,Geen hindernis
51605,7,Evergem 1,Evergem,51.1089,3.70317,2.421036862547939,51.088808268530556,3.716529353321897,2024,12,4,44021,Gent,Regenval,"Nat, plassen","Nacht, openbare verlichting aanwezig en ontstoken",met lichtgewonden,9,personenauto,3,Fiets,Buiten Kruispunt,Gemeenteweg,binnen bebouwde kom,Tss. 2 best.: langs opzij (voor-/achterkant-flank),Geen hindernis
51605,6,Evergem 2,Evergem,51.10894,3.70298,2.430275951742745,51.088808268530556,3.716529353321897,2024,12,4,44021,Gent,Regenval,"Nat, plassen","Nacht, openbare verlichting aanwezig en ontstoken",met lichtgewonden,9,personenauto,3,Fiets,Buiten Kruispunt,Gemeenteweg,binnen bebouwde kom,Tss. 2 best.: langs opzij (voor-/achterkant-flank),Geen hindernis
51606,13,Gent,Gent,51.03018,3.70146,1.1849306953975012,51.024383038149914,3.7156767536576774,2024,12,14,44021,Gent,Normaal,"Nat, plassen",Dag,met lichtgewonden,9,personenauto,3,Fiets,Buiten Kruispunt,Gemeenteweg,binnen bebouwde kom,Tss. 2 best.: langs opzij (voor-/achterkant-flank),Geen hindernis
51610,13,Gent,Gent,51.03018,3.70146,1.9938497405695677,51.03964578494228,3.7256774314904573,2024,12,7,44021,Gent,Normaal,Droog,"Nacht, openbare verlichting aanwezig en ontstoken",met zwaargewonden,3,Fiets,3,Fiets,Op Kruispunt,Gemeenteweg,binnen bebouwde kom,Tss. 2 best.: langs opzij (voor-/achterkant-flank),Geen hindernis
51612,13,Gent,Gent,51.03018,3.70146,2.2085929159253594,51.05004223320012,3.7015698419455068,2024,12,7,44021,Gent,Onbekend,Onbekend,"Nacht, openbare verlichting aanwezig en ontstoken",met lichtgewonden,3,Fiets,11,een weggebruiker tegen een hindernis,Buiten Kruispunt,Gemeenteweg,binnen bebouwde kom,Weggebruiker tegen hindernis op de rijbaan,"Op de rijbaan: Werken (signal., aarde, toestel,…)"
51613,13,Gent,Gent,51.03018,3.70146,1.896037960434789,51.01604165551291,3.716614141861382,2024,12,7,44021,Gent,Onbekend,Onbekend,Onbekend,met lichtgewonden,1,Autobus,3,Fiets,Buiten Kruispunt,Gemeenteweg,binnen bebouwde kom,Tussen 2 bestuurders: Flank tegen flank,Geen hindernis
51614,13,Gent,Gent,51.03018,3.70146,2.1548128646480755,51.0318387383037,3.7321605660553865,2024,11,18,44021,Gent,Regenval,"Nat, plassen","Nacht, openbare verlichting aanwezig en ontstoken",met lichtgewonden,3,Fiets,3,Fiets,Buiten Kruispunt,Gemeenteweg,binnen bebouwde kom,Tussen 2 bestuurders: Flank tegen flank,Geen hindernis
51615,136,Gent R4,Gent,51.0876313,3.7587918,2.3907202538526104,51.08404444477189,3.725043848506164,2024,12,8,44021,Gent,Normaal,Droog,Dag,met lichtgewonden,4,Vrachtwagen,3,Fiets,Op Kruispunt,Gewestweg,buiten bebouwde kom,Tss. 2 best.: langs opzij (voor-/achterkant-flank),Geen hindernis
51617,136,Gent R4,Gent,51.0876313,3.7587918,0.20741498980610706,51.08948482447936,3.7584582466340843,2024,12,12,44021,Gent,Normaal,Droog,Dag,met lichtgewonden,3,Fiets,9,personenauto,Op Kruispunt,Gemeenteweg,buiten bebouwde kom,Tss. 2 best.: langs opzij (voor-/achterkant-flank),Geen hindernis
51618,13,Gent,Gent,51.03018,3.70146,1.7803666425399947,51.034848156369236,3.725813796769209,2024,12,18,44021,Gent,Normaal,Droog,Dageraad - schemering,met lichtgewonden,3,Fiets,9,personenauto,Buiten Kruispunt,Gemeenteweg,binnen bebouwde kom,Tss. 2 best.: langs opzij (voor-/achterkant-flank),Geen hindernis
51623,136,Gent R4,Gent,51.0876313,3.7587918,1.9810921405369961,51.070414486373004,3.7514967044193614,2024,12,8,44021,Gent,Mist (zichtbaarheid minder dan 100m),"Nat, plassen",Onbekend,met lichtgewonden,9,personenauto,3,Fiets,Op Kruispunt,Gemeenteweg,binnen bebouwde kom,Tss. 2 best.: langs opzij (voor-/achterkant-flank),Geen hindernis
51625,13,Gent,Gent,51.03018,3.70146,1.1837812002147703,51.0391986084168,3.7104558416661932,2024,12,13,44021,Gent,Normaal,Droog,Dag,met lichtgewonden,3,Fiets,3,Fiets,Buiten Kruispunt,Gewestweg,binnen bebouwde kom,Tussen 2 bestuurders: Flank tegen flank,Geen hindernis
51635,118,Gent teller 1,Gent,51.028049,3.7681359,0.4912179326500553,51.024669454522225,3.7726592461091286,2024,12,8,44040,Melle,Normaal,Droog,Dageraad - schemering,met lichtgewonden,4,Vrachtwagen,3,Fiets,Op Kruispunt,Gewestweg,buiten bebouwde kom,Tss. 2 best.: langs opzij (voor-/achterkant-flank),Geen hindernis
51635,119,Gent teller 2,Gent,51.0281795,3.7683918,0.4913331630814672,51.024669454522225,3.7726592461091286,2024,12,8,44040,Melle,Normaal,Droog,Dageraad - schemering,met lichtgewonden,4,Vrachtwagen,3,Fiets,Op Kruispunt,Gewestweg,buiten bebouwde kom,Tss. 2 best.: langs opzij (voor-/achterkant-flank),Geen hindernis
51636,119,Gent teller 2,Gent,51.0281795,3.7683918,2.341982771992706,51.03034144031311,3.801703813066441,2024,12,15,44013,Destelbergen,Normaal,"Nat, plassen",Dag,met lichtgewonden,9,personenauto,3,Fiets,Op Kruispunt,Gewestweg,binnen bebouwde kom,Tss. 2 best.: langs opzij (voor-/achterkant-flank),Geen hindernis
51636,118,Gent teller 1,Gent,51.028049,3.7681359,2.3613105104076264,51.03034144031311,3.801703813066441,2024,12,15,44013,Destelbergen,Normaal,"Nat, plassen",Dag,met lichtgewonden,9,personenauto,3,Fiets,Op Kruispunt,Gewestweg,binnen bebouwde kom,Tss. 2 best.: langs opzij (voor-/achterkant-flank),Geen hindernis
51637,119,Gent teller 2,Gent,51.0281795,3.7683918,2.360340796809126,51.041354044236954,3.794859048826049,2024,12,12,44013,Destelbergen,Normaal,Droog,Dag,met lichtgewonden,9,personenauto,3,Fiets,Buiten Kruispunt,Gewestweg,binnen bebouwde kom,Tussen 2 bestuurders: Langs achteren,Geen hindernis
51637,118,Gent teller 1,Gent,51.028049,3.7681359,2.383379359678059,51.041354044236954,3.794859048826049,2024,12,12,44013,Destelbergen,Normaal,Droog,Dag,met lichtgewonden,9,personenauto,3,Fiets,Buiten Kruispunt,Gewestweg,binnen bebouwde kom,Tussen 2 bestuurders: Langs achteren,Geen hindernis
51639,13,Gent,Gent,51.03018,3.70146,1.9710701587841066,51.038621452248286,3.7262467582324796,2024,12,16,44021,Gent,Normaal,Onbekend,Dag,met lichtgewonden,3,Fiets,5,Lichte vrachtauto,Op Kruispunt,Gewestweg,binnen bebouwde kom,Tss. 2 best.: langs opzij (voor-/achterkant-flank),Geen hindernis
51641,6,Evergem 2,Evergem,51.10894,3.70298,0.2962236408985413,51.11159610571524,3.702653512047151,2024,12,15,44019,Evergem,Regenval,"Nat, plassen",Dag,met lichtgewonden,3,Fiets,8,Voetganger,Op Kruispunt,Gemeenteweg,binnen bebouwde kom,Met een voetganger,Geen hindernis
51641,7,Evergem 1,Evergem,51.1089,3.70317,0.3019537658905868,51.11159610571524,3.702653512047151,2024,12,15,44019,Evergem,Regenval,"Nat, plassen",Dag,met lichtgewonden,3,Fiets,8,Voetganger,Op Kruispunt,Gemeenteweg,binnen bebouwde kom,Met een voetganger,Geen hindernis
51659,128,Lokeren teller 1,Lokeren,51.09644,3.97023,1.4402533703350728,51.09997663245618,3.9900716827999942,2024,12,10,46014,Lokeren,Normaal,"Nat, plassen",Dag,met lichtgewonden,9,personenauto,3,Fiets,Op Kruispunt,Gemeenteweg,binnen bebouwde kom,Tss. 2 best.: langs opzij (voor-/achterkant-flank),Geen hindernis
51659,129,Lokeren teller 2,Lokeren,51.09612,3.97025,1.449043487457869,51.09997663245618,3.9900716827999942,2024,12,10,46014,Lokeren,Normaal,"Nat, plassen",Dag,met lichtgewonden,9,personenauto,3,Fiets,Op Kruispunt,Gemeenteweg,binnen bebouwde kom,Tss. 2 best.: langs opzij (voor-/achterkant-flank),Geen hindernis
51659,141,Test site A support,Lokeren,51.08342085,3.9961071208376326,1.8885581322027014,51.09997663245618,3.9900716827999942,2024,12,10,46014,Lokeren,Normaal,"Nat, plassen",Dag,met lichtgewonden,9,personenauto,3,Fiets,Op Kruispunt,Gemeenteweg,binnen bebouwde kom,Tss. 2 best.: langs opzij (voor-/achterkant-flank),Geen hindernis
51664,120,Zele teller 1,Zele,51.0607671,4.0547741,0.4549773318868732,51.06485719824791,4.054591409429678,2024,12,15,42028,Zele,Onbekend,Onbekend,Dag,met lichtgewonden,3,Fiets,3,Fiets,Buiten Kruispunt,Gemeenteweg,onbekend,Tussen 2 bestuurders: Flank tegen flank,Geen hindernis
51664,121,Zele teller 2,Zele,51.0604067,4.0556696,0.5005759378344201,51.06485719824791,4.054591409429678,2024,12,15,42028,Zele,Onbekend,Onbekend,Dag,met lichtgewonden,3,Fiets,3,Fiets,Buiten Kruispunt,Gemeenteweg,onbekend,Tussen 2 bestuurders: Flank tegen flank,Geen hindernis
51665,126,Hamme totem,Hamme,51.1017709,4.1469307,1.8530348035196378,51.08832851702944,4.131247270162064,2024,12,14,42008,Hamme,Normaal,Droog,Dag,met zwaargewonden,9,personenauto,3,Fiets,Op Kruispunt,Gemeenteweg,binnen bebouwde kom,Tss. 2 best.: langs opzij (voor-/achterkant-flank),Geen hindernis
51666,126,Hamme totem,Hamme,51.1017709,4.1469307,1.1250184616334535,51.094429731377765,4.13584425352921,2024,12,14,42008,Hamme,Onbekend,Onbekend,Dag,met lichtgewonden,9,personenauto,3,Fiets,Buiten Kruispunt,Gemeenteweg,onbekend,Tussen 2 bestuurders: Langs achteren,Geen hindernis
51670,141,Test site A support,Lokeren,51.08342085,3.9961071208376326,2.3906083231968394,51.06215266319189,4.0011102206786635,2024,12,18,42028,Zele,Normaal,Droog,"Nacht, openbare verlichting aanwezig en ontstoken",met zwaargewonden,3,Fiets,9,personenauto,Buiten Kruispunt,Gemeenteweg,binnen bebouwde kom,Tussen 2 bestuurders: Frontale botsing,Geen hindernis
51671,120,Zele teller 1,Zele,51.0607671,4.0547741,1.91012974131575,51.065032528277285,4.028296613696734,2024,12,20,42028,Zele,Onbekend,Onbekend,Onbekend,met lichtgewonden,3,Fiets,9,personenauto,Buiten Kruispunt,Gewestweg,onbekend,Tss. 2 best.: langs opzij (voor-/achterkant-flank),Geen hindernis
51671,121,Zele teller 2,Zele,51.0604067,4.0556696,1.9808442192499096,51.065032528277285,4.028296613696734,2024,12,20,42028,Zele,Onbekend,Onbekend,Onbekend,met lichtgewonden,3,Fiets,9,personenauto,Buiten Kruispunt,Gewestweg,onbekend,Tss. 2 best.: langs opzij (voor-/achterkant-flank),Geen hindernis
51673,152,Opwijk,District Vilvoorde-gewestwegen,50.968901168564656,4.149169474840164,0.8356885785660109,50.976020445765144,4.145345200270101,2024,12,16,42011,Lebbeke,Normaal,Droog,Dageraad - schemering,met lichtgewonden,3,Fiets,9,personenauto,Op Kruispunt,Gewestweg,binnen bebouwde kom,Tss. 2 best.: langs opzij (voor-/achterkant-flank),Geen hindernis
51680,11,Aalst 3,Aalst,50.93385,4.01647,1.460574366112744,50.92771830418534,4.034900930253716,2024,12,10,41002,Aalst,Onbekend,Onbekend,Dag,met lichtgewonden,3,Fiets,9,personenauto,Op Kruispunt,Gewestweg,binnen bebouwde kom,Tss. 2 best.: langs opzij (voor-/achterkant-flank),Geen hindernis
51680,19,Aalst 1,Aalst,50.93433,4.01471,1.5945967733703696,50.92771830418534,4.034900930253716,2024,12,10,41002,Aalst,Onbekend,Onbekend,Dag,met lichtgewonden,3,Fiets,9,personenauto,Op Kruispunt,Gewestweg,binnen bebouwde kom,Tss. 2 best.: langs opzij (voor-/achterkant-flank),Geen hindernis
51680,10,Aalst 2,Aalst,50.93549,4.01571,1.5986149823150717,50.92771830418534,4.034900930253716,2024,12,10,41002,Aalst,Onbekend,Onbekend,Dag,met lichtgewonden,3,Fiets,9,personenauto,Op Kruispunt,Gewestweg,binnen bebouwde kom,Tss. 2 best.: langs opzij (voor-/achterkant-flank),Geen hindernis
51681,11,Aalst 3,Aalst,50.93385,4.01647,2.253750077661749,50.93478664642588,4.048597036947548,2024,12,21,41002,Aalst,Normaal,Droog,"Nacht, openbare verlichting aanwezig en ontstoken",met lichtgewonden,9,personenauto,3,Fiets,Op Kruispunt,Gewestweg,binnen bebouwde kom,Tss. 2 best.: langs opzij (voor-/achterkant-flank),Geen hindernis
51681,10,Aalst 2,Aalst,50.93549,4.01571,2.305886312814657,50.93478664642588,4.048597036947548,2024,12,21,41002,Aalst,Normaal,Droog,"Nacht, openbare verlichting aanwezig en ontstoken",met lichtgewonden,9,personenauto,3,Fiets,Op Kruispunt,Gewestweg,binnen bebouwde kom,Tss. 2 best.: langs opzij (voor-/achterkant-flank),Geen hindernis
51681,19,Aalst 1,Aalst,50.93433,4.01471,2.375207047992019,50.93478664642588,4.048597036947548,2024,12,21,41002,Aalst,Normaal,Droog,"Nacht, openbare verlichting aanwezig en ontstoken",met lichtgewonden,9,personenauto,3,Fiets,Op Kruispunt,Gewestweg,binnen bebouwde kom,Tss. 2 best.: langs opzij (voor-/achterkant-flank),Geen hindernis
51682,11,Aalst 3,Aalst,50.93385,4.01647,2.028503447817231,50.91833079359932,4.03168317875234,2024,12,9,41002,Aalst,Normaal,Droog,Dag,met lichtgewonden,9,personenauto,3,Fiets,Op Kruispunt,Gewestweg,binnen bebouwde kom,Tss. 2 best.: langs opzij (voor-/achterkant-flank),Geen hindernis
51682,19,Aalst 1,Aalst,50.93433,4.01471,2.1401280171264716,50.91833079359932,4.03168317875234,2024,12,9,41002,Aalst,Normaal,Droog,Dag,met lichtgewonden,9,personenauto,3,Fiets,Op Kruispunt,Gewestweg,binnen bebouwde kom,Tss. 2 best.: langs opzij (voor-/achterkant-flank),Geen hindernis
51682,10,Aalst 2,Aalst,50.93549,4.01571,2.2122047712133157,50.91833079359932,4.03168317875234,2024,12,9,41002,Aalst,Normaal,Droog,Dag,met lichtgewonden,9,personenauto,3,Fiets,Op Kruispunt,Gewestweg,binnen bebouwde kom,Tss. 2 best.: langs opzij (voor-/achterkant-flank),Geen hindernis
51683,10,Aalst 2,Aalst,50.93549,4.01571,2.0134102787714654,50.9463379918749,4.038717919116985,2024,12,8,41002,Aalst,Regenval,"Nat, plassen",Dag,met lichtgewonden,5,Lichte vrachtauto,3,Fiets,Buiten Kruispunt,Gemeenteweg,binnen bebouwde kom,Tss. 2 best.: langs opzij (voor-/achterkant-flank),Geen hindernis
51683,11,Aalst 3,Aalst,50.93385,4.01647,2.08764201705369,50.9463379918749,4.038717919116985,2024,12,8,41002,Aalst,Regenval,"Nat, plassen",Dag,met lichtgewonden,5,Lichte vrachtauto,3,Fiets,Buiten Kruispunt,Gemeenteweg,binnen bebouwde kom,Tss. 2 best.: langs opzij (voor-/achterkant-flank),Geen hindernis
51683,19,Aalst 1,Aalst,50.93433,4.01471,2.147677837243295,50.9463379918749,4.038717919116985,2024,12,8,41002,Aalst,Regenval,"Nat, plassen",Dag,met lichtgewonden,5,Lichte vrachtauto,3,Fiets,Buiten Kruispunt,Gemeenteweg,binnen bebouwde kom,Tss. 2 best.: langs opzij (voor-/achterkant-flank),Geen hindernis
51686,10,Aalst 2,Aalst,50.93549,4.01571,1.5976840541596904,50.9422027473045,3.995549956658841,2024,12,14,41082,Erpe-Mere,Normaal,Droog,Dag,met lichtgewonden,9,personenauto,3,Fiets,Buiten Kruispunt,Gewestweg,binnen bebouwde kom,Tussen 2 bestuurders: Frontale botsing,Geen hindernis
51686,19,Aalst 1,Aalst,50.93433,4.01471,1.6027421615022752,50.9422027473045,3.995549956658841,2024,12,14,41082,Erpe-Mere,Normaal,Droog,Dag,met lichtgewonden,9,personenauto,3,Fiets,Buiten Kruispunt,Gewestweg,binnen bebouwde kom,Tussen 2 bestuurders: Frontale botsing,Geen hindernis
51686,11,Aalst 3,Aalst,50.93385,4.01647,1.7353518672437684,50.9422027473045,3.995549956658841,2024,12,14,41082,Erpe-Mere,Normaal,Droog,Dag,met lichtgewonden,9,personenauto,3,Fiets,Buiten Kruispunt,Gewestweg,binnen bebouwde kom,Tussen 2 bestuurders: Frontale botsing,Geen hindernis
51689,125,Dendermonde totem,Dendermonde,51.0372706,4.1025998,0.8051932966703761,51.03426158676322,4.113073922745243,2024,12,11,42006,Dendermonde,Normaal,"Nat, plassen",Dag,met lichtgewonden,3,Fiets,8,Voetganger,Buiten Kruispunt,Gewestweg,binnen bebouwde kom,Met een voetganger,Geen vermelding van de aanwezigheid van een hindernis
51689,122,Dendermonde teller 2,Dendermonde,51.0373918,4.1019222,0.8539205508936735,51.03426158676322,4.113073922745243,2024,12,11,42006,Dendermonde,Normaal,"Nat, plassen",Dag,met lichtgewonden,3,Fiets,8,Voetganger,Buiten Kruispunt,Gewestweg,binnen bebouwde kom,Met een voetganger,Geen vermelding van de aanwezigheid van een hindernis
51690,125,Dendermonde totem,Dendermonde,51.0372706,4.1025998,2.1896351023606795,51.01761229610397,4.100772733400428,2024,12,7,42006,Dendermonde,Normaal,Droog,Dageraad - schemering,met lichtgewonden,9,personenauto,3,Fiets,Buiten Kruispunt,Gemeenteweg,binnen bebouwde kom,Tussen 2 bestuurders: Flank tegen flank,Geen hindernis
51690,122,Dendermonde teller 2,Dendermonde,51.0373918,4.1019222,2.2008491262698615,51.01761229610397,4.100772733400428,2024,12,7,42006,Dendermonde,Normaal,Droog,Dageraad - schemering,met lichtgewonden,9,personenauto,3,Fiets,Buiten Kruispunt,Gemeenteweg,binnen bebouwde kom,Tussen 2 bestuurders: Flank tegen flank,Geen hindernis
51691,125,Dendermonde totem,Dendermonde,51.0372706,4.1025998,0.7872147988538672,51.03067166066185,4.106677188969503,2024,12,18,42006,Dendermonde,Normaal,Droog,"Nacht, openbare verlichting aanwezig en ontstoken",met lichtgewonden,3,Fiets,3,Fiets,Buiten Kruispunt,Gewestweg,binnen bebouwde kom,Tussen 2 bestuurders: Flank tegen flank,Geen hindernis
51691,122,Dendermonde teller 2,Dendermonde,51.0373918,4.1019222,0.8178813176425482,51.03067166066185,4.106677188969503,2024,12,18,42006,Dendermonde,Normaal,Droog,"Nacht, openbare verlichting aanwezig en ontstoken",met lichtgewonden,3,Fiets,3,Fiets,Buiten Kruispunt,Gewestweg,binnen bebouwde kom,Tussen 2 bestuurders: Flank tegen flank,Geen hindernis
51693,125,Dendermonde totem,Dendermonde,51.0372706,4.1025998,0.9883387042776031,51.02849050325445,4.100400711459327,2024,12,14,42006,Dendermonde,Normaal,"Nat, plassen",Dag,met lichtgewonden,9,personenauto,3,Fiets,Buiten Kruispunt,Gemeenteweg,binnen bebouwde kom,Tss. 2 best.: langs opzij (voor-/achterkant-flank),Geen hindernis