crash_row_id,site_id,site_name,site_gemeente,site_lat,site_long,distance_km,crash_lat,crash_long,DT_YEAR_COLLISION,DT_MONTH_COLLISION,DT_TIME,CD_NIS,TX_MUNTY_COLLISION_NL,TX_WEATHER_NL,TX_ROAD_CONDITION_NL,TX_LIGHT_CONDITION_NL,TX_CLASS_ACCIDENTS_NL,CD_ROAD_USR_TYPE1,TX_ROAD_USR_TYPE1_NL,CD_ROAD_USR_TYPE2,TX_ROAD_USR_TYPE2_NL,TX_CROSSWAY_NL,CD_ROAD_TYPE_NL,TX_BUILD_UP_AREA_NL,TX_COLLISION_TYPE_NL,TX_OBSTACLES_NL
51693,122,Dendermonde teller 2,Dendermonde,51.0373918,4.1019222,0.9954808979657284,51.02849050325445,4.100400711459327,2024,12,14,42006,Dendermonde,Normaal,"Nat, plassen",Dag,met lichtgewonden,9,personenauto,3,Fiets,Buiten Kruispunt,Gemeenteweg,binnen bebouwde kom,Tss. 2 best.: langs opzij (voor-/achterkant-flank),Geen hindernis
51694,54,Brugge teller 2,Brugge,51.23015,3.22818,0.7129972187383699,51.22376869233547,3.2271771305413597,2024,12,19,31005,Brugge,Normaal,Droog+Proper,"Nacht, openbare verlichting aanwezig en ontstoken",met lichtgewonden,9,personenauto,3,Fiets,Op Kruispunt,Gewestweg,binnen bebouwde kom,Tss. 2 best.: langs opzij (voor-/achterkant-flank),Geen hindernis
51694,53,Brugge teller 1,Brugge,51.23023,3.228,0.7207459414337841,51.22376869233547,3.2271771305413597,2024,12,19,31005,Brugge,Normaal,Droog+Proper,"Nacht, openbare verlichting aanwezig en ontstoken",met lichtgewonden,9,personenauto,3,Fiets,Op Kruispunt,Gewestweg,binnen bebouwde kom,Tss. 2 best.: langs opzij (voor-/achterkant-flank),Geen hindernis
51694,52,Brugge,Brugge,51.22632,3.24095,1.0001820405727013,51.22376869233547,3.2271771305413597,2024,12,19,31005,Brugge,Normaal,Droog+Proper,"Nacht, openbare verlichting aanwezig en ontstoken",met lichtgewonden,9,personenauto,3,Fiets,Op Kruispunt,Gewestweg,binnen bebouwde kom,Tss. 2 best.: langs opzij (voor-/achterkant-flank),Geen hindernis
51694,142,TEST Validatie BRUGGE Y2H22022134,Brugge,51.22632,3.24095,1.0001820405727013,51.22376869233547,3.2271771305413597,2024,12,19,31005,Brugge,Normaal,Droog+Proper,"Nacht, openbare verlichting aanwezig en ontstoken",met lichtgewonden,9,personenauto,3,Fiets,Op Kruispunt,Gewestweg,binnen bebouwde kom,Tss. 2 best.: langs opzij (voor-/achterkant-flank),Geen hindernis
51695,53,Brugge teller 1,Brugge,51.23023,3.228,1.939457923355709,51.22331510019277,3.202430407132942,2024,12,12,31005,Brugge,Normaal,Droog,Dag,met zwaargewonden,9,personenauto,3,Fiets,Op Kruispunt,Gewestweg,binnen bebouwde kom,Tussen 2 bestuurders: Frontale botsing,Geen hindernis
51695,54,Brugge teller 2,Brugge,51.23015,3.22818,1.9474841120362953,51.22331510019277,3.202430407132942,2024,12,12,31005,Brugge,Normaal,Droog,Dag,met zwaargewonden,9,personenauto,3,Fiets,Op Kruispunt,Gewestweg,binnen bebouwde kom,Tussen 2 bestuurders: Frontale botsing,Geen hindernis
51698,54,Brugge teller 2,Brugge,51.23015,3.22818,1.3909289236686184,51.21887130474222,3.219542130623905,2024,12,8,31005,Brugge,Regenval,"Nat, plassen",Dag,met lichtgewonden,3,Fiets,5,Lichte vrachtauto,Buiten Kruispunt,Gemeenteweg,binnen bebouwde kom,Tss. 2 best.: langs opzij (voor-/achterkant-flank),Geen hindernis
51698,53,Brugge teller 1,Brugge,51.23023,3.228,1.3936109214283523,51.21887130474222,3.219542130623905,2024,12,8,31005,Brugge,Regenval,"Nat, plassen",Dag,met lichtgewonden,3,Fiets,5,Lichte vrachtauto,Buiten Kruispunt,Gemeenteweg,binnen bebouwde kom,Tss. 2 best.: langs opzij (voor-/achterkant-flank),Geen hindernis
51698,52,Brugge,Brugge,51.22632,3.24095,1.7054877733174432,51.21887130474222,3.219542130623905,2024,12,8,31005,Brugge,Regenval,"Nat, plassen",Dag,met lichtgewonden,3,Fiets,5,Lichte vrachtauto,Buiten Kruispunt,Gemeenteweg,binnen bebouwde kom,Tss. 2 best.: langs opzij (voor-/achterkant-flank),Geen hindernis
51698,142,TEST Validatie BRUGGE Y2H22022134,Brugge,51.22632,3.24095,1.7054877733174432,51.21887130474222,3.219542130623905,2024,12,8,31005,Brugge,Regenval,"Nat, plassen",Dag,met lichtgewonden,3,Fiets,5,Lichte vrachtauto,Buiten Kruispunt,Gemeenteweg,binnen bebouwde kom,Tss. 2 best.: langs opzij (voor-/achterkant-flank),Geen hindernis
51699,20,Brugge,Brugge,51.17416,3.20048,2.389688893369981,51.17928686593573,3.2337705147293514,2024,12,15,31005,Brugge,Normaal,Droog,Dag,met lichtgewonden,3,Fiets,2,Andere weggebruiker,Buiten Kruispunt,Gewestweg,binnen bebouwde kom,Tss. 2 best.: langs opzij (voor-/achterkant-flank),Geen hindernis
51705,142,TEST Validatie BRUGGE Y2H22022134,Brugge,51.22632,3.24095,2.1478242015328357,51.21423513967714,3.2650083982336238,2024,12,10,31005,Brugge,Normaal,Droog,Dag,met lichtgewonden,9,personenauto,3,Fiets,Buiten Kruispunt,Gemeenteweg,binnen bebouwde kom,Tss. 2 best.: langs opzij (voor-/achterkant-flank),Geen hindernis
51705,52,Brugge,Brugge,51.22632,3.24095,2.1478242015328357,51.21423513967714,3.2650083982336238,2024,12,10,31005,Brugge,Normaal,Droog,Dag,met lichtgewonden,9,personenauto,3,Fiets,Buiten Kruispunt,Gemeenteweg,binnen bebouwde kom,Tss. 2 best.: langs opzij (voor-/achterkant-flank),Geen hindernis
51710,15,Oostende 2,Oostende,51.21371,2.92743,1.759939922188569,51.22465253861528,2.909172387670088,2024,12,14,35013,Oostende,Normaal,Droog,Dag,met lichtgewonden,3,Fiets,8,Voetganger,Op Kruispunt,Gewestweg,binnen bebouwde kom,Met een voetganger,Geen hindernis
51710,18,Oostende 1,Oostende,51.21378,2.92765,1.765702762010905,51.22465253861528,2.909172387670088,2024,12,14,35013,Oostende,Normaal,Droog,Dag,met lichtgewonden,3,Fiets,8,Voetganger,Op Kruispunt,Gewestweg,binnen bebouwde kom,Met een voetganger,Geen hindernis
51711,18,Oostende 1,Oostende,51.21378,2.92765,1.6375861199635737,51.22714957682803,2.9177892008890094,2024,12,15,35013,Oostende,"Andere (dikke rook,...)",Droog,Dag,met lichtgewonden,3,Fiets,1,Autobus,Op Kruispunt,Gewestweg,binnen bebouwde kom,Tussen 2 bestuurders: Flank tegen flank,Geen hindernis
51711,15,Oostende 2,Oostende,51.21371,2.92743,1.6383170626644479,51.22714957682803,2.9177892008890094,2024,12,15,35013,Oostende,"Andere (dikke rook,...)",Droog,Dag,met lichtgewonden,3,Fiets,1,Autobus,Op Kruispunt,Gewestweg,binnen bebouwde kom,Tussen 2 bestuurders: Flank tegen flank,Geen hindernis
51712,15,Oostende 2,Oostende,51.21371,2.92743,0.8616316526112133,51.213515168178,2.915063845099617,2024,12,17,35013,Oostende,Normaal,Droog,"Nacht, openbare verlichting aanwezig en ontstoken",met lichtgewonden,3,Fiets,3,Fiets,Op Kruispunt,Gemeenteweg,binnen bebouwde kom,Tussen 2 bestuurders: Frontale botsing,Geen hindernis
51712,18,Oostende 1,Oostende,51.21378,2.92765,0.8771770348133096,51.213515168178,2.915063845099617,2024,12,17,35013,Oostende,Normaal,Droog,"Nacht, openbare verlichting aanwezig en ontstoken",met lichtgewonden,3,Fiets,3,Fiets,Op Kruispunt,Gemeenteweg,binnen bebouwde kom,Tussen 2 bestuurders: Frontale botsing,Geen hindernis
51713,15,Oostende 2,Oostende,51.21371,2.92743,1.8919859382311723,51.22233703989343,2.9040156167219844,2024,12,12,35013,Oostende,Normaal,Droog,Dag,met lichtgewonden,3,Fiets,9,personenauto,Op Kruispunt,Gewestweg,binnen bebouwde kom,Tss. 2 best.: langs opzij (voor-/achterkant-flank),Geen hindernis
51713,18,Oostende 1,Oostende,51.21378,2.92765,1.9013004612225628,51.22233703989343,2.9040156167219844,2024,12,12,35013,Oostende,Normaal,Droog,Dag,met lichtgewonden,3,Fiets,9,personenauto,Op Kruispunt,Gewestweg,binnen bebouwde kom,Tss. 2 best.: langs opzij (voor-/achterkant-flank),Geen hindernis
51715,66,Nieuwpoort totem,Nieuwpoort,51.1347,2.74369,0.36934195764616734,51.13362776622027,2.748699966747125,2024,12,7,38016,Nieuwpoort,Onbekend,Onbekend,Onbekend,met lichtgewonden,3,Fiets,3,Fiets,Buiten Kruispunt,Gemeenteweg,onbekend,Tussen 2 bestuurders: Frontale botsing,Geen hindernis
51715,63,Nieuwpoort teller 3,Nieuwpoort,51.13529,2.74289,0.44553419077216905,51.13362776622027,2.748699966747125,2024,12,7,38016,Nieuwpoort,Onbekend,Onbekend,Onbekend,met lichtgewonden,3,Fiets,3,Fiets,Buiten Kruispunt,Gemeenteweg,onbekend,Tussen 2 bestuurders: Frontale botsing,Geen hindernis
51715,65,Nieuwpoort teller 2,Nieuwpoort,51.13435,2.75511,0.4544126165813724,51.13362776622027,2.748699966747125,2024,12,7,38016,Nieuwpoort,Onbekend,Onbekend,Onbekend,met lichtgewonden,3,Fiets,3,Fiets,Buiten Kruispunt,Gemeenteweg,onbekend,Tussen 2 bestuurders: Frontale botsing,Geen hindernis
51715,64,Nieuwpoort teller 1,Nieuwpoort,51.13359,2.75737,0.6049707657767777,51.13362776622027,2.748699966747125,2024,12,7,38016,Nieuwpoort,Onbekend,Onbekend,Onbekend,met lichtgewonden,3,Fiets,3,Fiets,Buiten Kruispunt,Gemeenteweg,onbekend,Tussen 2 bestuurders: Frontale botsing,Geen hindernis
51718,84,Roeselare totem,Izegem,50.91717,3.18772,0.7139440068830906,50.921143415044064,3.195720247276939,2024,11,14,36008,Izegem,Regenval,"Nat, plassen",Dag,met lichtgewonden,3,Fiets,9,personenauto,Op Kruispunt,Gemeenteweg,binnen bebouwde kom,Tss. 2 best.: langs opzij (voor-/achterkant-flank),Geen hindernis
51726,143,Eco Display Classic Budastraat,Kortrijk,50.83066,3.26286,1.150662999309917,50.83172023707649,3.246562368996284,2024,12,18,34022,Kortrijk,Onbekend,Onbekend,Onbekend,met lichtgewonden,3,Fiets,5,Lichte vrachtauto,Buiten Kruispunt,Gemeenteweg,binnen bebouwde kom,Tussen 2 bestuurders: Flank tegen flank,Geen hindernis
51726,75,Kortrijk teller 2,Kortrijk,50.81925,3.25731,1.5788068698316722,50.83172023707649,3.246562368996284,2024,12,18,34022,Kortrijk,Onbekend,Onbekend,Onbekend,met lichtgewonden,3,Fiets,5,Lichte vrachtauto,Buiten Kruispunt,Gemeenteweg,binnen bebouwde kom,Tussen 2 bestuurders: Flank tegen flank,Geen hindernis
51726,74,Kortrijk teller 1,Kortrijk,50.81909,3.25728,1.5934591334211472,50.83172023707649,3.246562368996284,2024,12,18,34022,Kortrijk,Onbekend,Onbekend,Onbekend,met lichtgewonden,3,Fiets,5,Lichte vrachtauto,Buiten Kruispunt,Gemeenteweg,binnen bebouwde kom,Tussen 2 bestuurders: Flank tegen flank,Geen hindernis
51726,17,Kortrijk 2,Kortrijk,50.83339,3.27773,2.1967469294942665,50.83172023707649,3.246562368996284,2024,12,18,34022,Kortrijk,Onbekend,Onbekend,Onbekend,met lichtgewonden,3,Fiets,5,Lichte vrachtauto,Buiten Kruispunt,Gemeenteweg,binnen bebouwde kom,Tussen 2 bestuurders: Flank tegen flank,Geen hindernis
51726,16,Kortrijk 1,Kortrijk,50.83332,3.27777,2.198904348914964,50.83172023707649,3.246562368996284,2024,12,18,34022,Kortrijk,Onbekend,Onbekend,Onbekend,met lichtgewonden,3,Fiets,5,Lichte vrachtauto,Buiten Kruispunt,Gemeenteweg,binnen bebouwde kom,Tussen 2 bestuurders: Flank tegen flank,Geen hindernis
51727,74,Kortrijk teller 1,Kortrijk,50.81909,3.25728,2.221975146407704,50.80612339842979,3.28134306940916,2024,12,8,34022,Kortrijk,Regenval,"Nat, plassen",Dageraad - schemering,met lichtgewonden,9,personenauto,3,Fiets,Buiten Kruispunt,Gewestweg,binnen bebouwde kom,Tss. 2 best.: langs opzij (voor-/achterkant-flank),Geen hindernis
51727,75,Kortrijk teller 2,Kortrijk,50.81925,3.25731,2.231963497679931,50.80612339842979,3.28134306940916,2024,12,8,34022,Kortrijk,Regenval,"Nat, plassen",Dageraad - schemering,met lichtgewonden,9,personenauto,3,Fiets,Buiten Kruispunt,Gewestweg,binnen bebouwde kom,Tss. 2 best.: langs opzij (voor-/achterkant-flank),Geen hindernis
51728,143,Eco Display Classic Budastraat,Kortrijk,50.83066,3.26286,0.9290672965803493,50.82481261050074,3.272308487731311,2024,12,8,34022,Kortrijk,Normaal,Droog,Dag,met lichtgewonden,9,personenauto,3,Fiets,Op Kruispunt,Gewestweg,binnen bebouwde kom,Tussen 2 bestuurders: Flank tegen flank,Geen hindernis
51728,16,Kortrijk 1,Kortrijk,50.83332,3.27777,1.0207913808070184,50.82481261050074,3.272308487731311,2024,12,8,34022,Kortrijk,Normaal,Droog,Dag,met lichtgewonden,9,personenauto,3,Fiets,Op Kruispunt,Gewestweg,binnen bebouwde kom,Tussen 2 bestuurders: Flank tegen flank,Geen hindernis
51728,17,Kortrijk 2,Kortrijk,50.83339,3.27773,1.0269636462414997,50.82481261050074,3.272308487731311,2024,12,8,34022,Kortrijk,Normaal,Droog,Dag,met lichtgewonden,9,personenauto,3,Fiets,Op Kruispunt,Gewestweg,binnen bebouwde kom,Tussen 2 bestuurders: Flank tegen flank,Geen hindernis
51728,75,Kortrijk teller 2,Kortrijk,50.81925,3.25731,1.221720681407478,50.82481261050074,3.272308487731311,2024,12,8,34022,Kortrijk,Normaal,Droog,Dag,met lichtgewonden,9,personenauto,3,Fiets,Op Kruispunt,Gewestweg,binnen bebouwde kom,Tussen 2 bestuurders: Flank tegen flank,Geen hindernis
51728,74,Kortrijk teller 1,Kortrijk,50.81909,3.25728,1.2326295620243748,50.82481261050074,3.272308487731311,2024,12,8,34022,Kortrijk,Normaal,Droog,Dag,met lichtgewonden,9,personenauto,3,Fiets,Op Kruispunt,Gewestweg,binnen bebouwde kom,Tussen 2 bestuurders: Flank tegen flank,Geen hindernis
51729,143,Eco Display Classic Budastraat,Kortrijk,50.83066,3.26286,1.7764967966667318,50.8464071084198,3.2585890504289656,2024,12,13,34022,Kortrijk,Normaal,"Nat, plassen",Dag,met lichtgewonden,9,personenauto,3,Fiets,Buiten Kruispunt,Gemeenteweg,binnen bebouwde kom,Tss. 2 best.: langs opzij (voor-/achterkant-flank),Geen hindernis
51729,17,Kortrijk 2,Kortrijk,50.83339,3.27773,1.9752305154541652,50.8464071084198,3.2585890504289656,2024,12,13,34022,Kortrijk,Normaal,"Nat, plassen",Dag,met lichtgewonden,9,personenauto,3,Fiets,Buiten Kruispunt,Gemeenteweg,binnen bebouwde kom,Tss. 2 best.: langs opzij (voor-/achterkant-flank),Geen hindernis
51729,16,Kortrijk 1,Kortrijk,50.83332,3.27777,1.9828488590426223,50.8464071084198,3.2585890504289656,2024,12,13,34022,Kortrijk,Normaal,"Nat, plassen",Dag,met lichtgewonden,9,personenauto,3,Fiets,Buiten Kruispunt,Gemeenteweg,binnen bebouwde kom,Tss. 2 best.: langs opzij (voor-/achterkant-flank),Geen hindernis
51730,75,Kortrijk teller 2,Kortrijk,50.81925,3.25731,2.4140075109086165,50.825777887262824,3.224534635625761,2024,12,7,34022,Kortrijk,Onbekend,Onbekend,Onbekend,met lichtgewonden,3,Fiets,8,Voetganger,Buiten Kruispunt,Gemeenteweg,onbekend,Met een voetganger,Geen hindernis
51730,74,Kortrijk teller 1,Kortrijk,50.81909,3.25728,2.417415159405612,50.825777887262824,3.224534635625761,2024,12,7,34022,Kortrijk,Onbekend,Onbekend,Onbekend,met lichtgewonden,3,Fiets,8,Voetganger,Buiten Kruispunt,Gemeenteweg,onbekend,Met een voetganger,Geen hindernis
51731,16,Kortrijk 1,Kortrijk,50.83332,3.27777,1.3610546000150905,50.82122363668866,3.280732572783378,2024,12,7,34022,Kortrijk,Normaal,Droog,"Nacht, openbare verlichting aanwezig en ontstoken",met lichtgewonden,3,Fiets,9,personenauto,Buiten Kruispunt,Gewestweg,buiten bebouwde kom,Tss. 2 best.: langs opzij (voor-/achterkant-flank),Geen hindernis
51731,17,Kortrijk 2,Kortrijk,50.83339,3.27773,1.3691771634022192,50.82122363668866,3.280732572783378,2024,12,7,34022,Kortrijk,Normaal,Droog,"Nacht, openbare verlichting aanwezig en ontstoken",met lichtgewonden,3,Fiets,9,personenauto,Buiten Kruispunt,Gewestweg,buiten bebouwde kom,Tss. 2 best.: langs opzij (voor-/achterkant-flank),Geen hindernis
51731,143,Eco Display Classic Budastraat,Kortrijk,50.83066,3.26286,1.6361254653912176,50.82122363668866,3.280732572783378,2024,12,7,34022,Kortrijk,Normaal,Droog,"Nacht, openbare verlichting aanwezig en ontstoken",met lichtgewonden,3,Fiets,9,personenauto,Buiten Kruispunt,Gewestweg,buiten bebouwde kom,Tss. 2 best.: langs opzij (voor-/achterkant-flank),Geen hindernis
51731,75,Kortrijk teller 2,Kortrijk,50.81925,3.25731,1.659960097897517,50.82122363668866,3.280732572783378,2024,12,7,34022,Kortrijk,Normaal,Droog,"Nacht, openbare verlichting aanwezig en ontstoken",met lichtgewonden,3,Fiets,9,personenauto,Buiten Kruispunt,Gewestweg,buiten bebouwde kom,Tss. 2 best.: langs opzij (voor-/achterkant-flank),Geen hindernis
51731,74,Kortrijk teller 1,Kortrijk,50.81909,3.25728,1.66449444705831,50.82122363668866,3.280732572783378,2024,12,7,34022,Kortrijk,Normaal,Droog,"Nacht, openbare verlichting aanwezig en ontstoken",met lichtgewonden,3,Fiets,9,personenauto,Buiten Kruispunt,Gewestweg,buiten bebouwde kom,Tss. 2 best.: langs opzij (voor-/achterkant-flank),Geen hindernis
51732,143,Eco Display Classic Budastraat,Kortrijk,50.83066,3.26286,0.3900712883949907,50.8334209558231,3.266286336226116,2024,12,16,34022,Kortrijk,Onbekend,Onbekend,Onbekend,met lichtgewonden,3,Fiets,6,Bromfiets,Buiten Kruispunt,Gemeenteweg,onbekend,Tussen 2 bestuurders: Flank tegen flank,Geen hindernis
51732,17,Kortrijk 2,Kortrijk,50.83339,3.27773,0.8036752775180056,50.8334209558231,3.266286336226116,2024,12,16,34022,Kortrijk,Onbekend,Onbekend,Onbekend,met lichtgewonden,3,Fiets,6,Bromfiets,Buiten Kruispunt,Gemeenteweg,onbekend,Tussen 2 bestuurders: Flank tegen flank,Geen hindernis
51732,16,Kortrijk 1,Kortrijk,50.83332,3.27777,0.8065557638123196,50.8334209558231,3.266286336226116,2024,12,16,34022,Kortrijk,Onbekend,Onbekend,Onbekend,met lichtgewonden,3,Fiets,6,Bromfiets,Buiten Kruispunt,Gemeenteweg,onbekend,Tussen 2 bestuurders: Flank tegen flank,Geen hindernis
51732,75,Kortrijk teller 2,Kortrijk,50.81925,3.25731,1.6971935243115903,50.8334209558231,3.266286336226116,2024,12,16,34022,Kortrijk,Onbekend,Onbekend,Onbekend,met lichtgewonden,3,Fiets,6,Bromfiets,Buiten Kruispunt,Gemeenteweg,onbekend,Tussen 2 bestuurders: Flank tegen flank,Geen hindernis
51732,74,Kortrijk teller 1,Kortrijk,50.81909,3.25728,1.7145010340171076,50.8334209558231,3.266286336226116,2024,12,16,34022,Kortrijk,Onbekend,Onbekend,Onbekend,met lichtgewonden,3,Fiets,6,Bromfiets,Buiten Kruispunt,Gemeenteweg,onbekend,Tussen 2 bestuurders: Flank tegen flank,Geen hindernis
51748,67,Ieper totem,Ieper,50.85018,2.85624,1.924717590134746,50.85314382469022,2.8832524390346217,2024,12,17,33011,Ieper,Regenval,"Nat, plassen","Nacht, geen openbare verlichting aanwezig",met lichtgewonden,9,personenauto,3,Fiets,Op Kruispunt,Gemeenteweg,binnen bebouwde kom,Tussen 2 bestuurders: Flank tegen flank,Geen hindernis
51748,68,Ieper,Ieper,50.85032,2.85608,1.9331925308724047,50.85314382469022,2.8832524390346217,2024,12,17,33011,Ieper,Regenval,"Nat, plassen","Nacht, geen openbare verlichting aanwezig",met lichtgewonden,9,personenauto,3,Fiets,Op Kruispunt,Gemeenteweg,binnen bebouwde kom,Tussen 2 bestuurders: Flank tegen flank,Geen hindernis
51753,140,Hasselt ring,Hasselt,50.9300038,5.3438616,1.0034492171489349,50.92584922308998,5.3311517088164155,2024,12,8,71022,Hasselt,Regenval,Onbekend,Dag,met lichtgewonden,3,Fiets,99,onbekend,Op Kruispunt,Gemeenteweg,binnen bebouwde kom,Tss. 2 best.: langs opzij (voor-/achterkant-flank),Geen hindernis
51753,138,Hasselt-Kempische brug,Hasselt,50.9405318,5.3422472,1.8083299638456618,50.92584922308998,5.3311517088164155,2024,12,8,71022,Hasselt,Regenval,Onbekend,Dag,met lichtgewonden,3,Fiets,99,onbekend,Op Kruispunt,Gemeenteweg,binnen bebouwde kom,Tss. 2 best.: langs opzij (voor-/achterkant-flank),Geen hindernis
51753,137,Hasselt-Kempische brug,Hasselt,50.9411605,5.3417576,1.857693945950555,50.92584922308998,5.3311517088164155,2024,12,8,71022,Hasselt,Regenval,Onbekend,Dag,met lichtgewonden,3,Fiets,99,onbekend,Op Kruispunt,Gemeenteweg,binnen bebouwde kom,Tss. 2 best.: langs opzij (voor-/achterkant-flank),Geen hindernis
51755,137,Hasselt-Kempische brug,Hasselt,50.9411605,5.3417576,1.4260985561995418,50.94092992065562,5.321407276975279,2024,12,8,71022,Hasselt,Normaal,Droog,Dageraad - schemering,met lichtgewonden,9,personenauto,3,Fiets,Buiten Kruispunt,Gewestweg,buiten bebouwde kom,Tussen 2 bestuurders: Frontale botsing,Geen hindernis
51755,138,Hasselt-Kempische brug,Hasselt,50.9405318,5.3422472,1.4608532074267773,50.94092992065562,5.321407276975279,2024,12,8,71022,Hasselt,Normaal,Droog,Dageraad - schemering,met lichtgewonden,9,personenauto,3,Fiets,Buiten Kruispunt,Gewestweg,buiten bebouwde kom,Tussen 2 bestuurders: Frontale botsing,Geen hindernis
51755,140,Hasselt ring,Hasselt,50.9300038,5.3438616,1.9879334329909917,50.94092992065562,5.321407276975279,2024,12,8,71022,Hasselt,Normaal,Droog,Dageraad - schemering,met lichtgewonden,9,personenauto,3,Fiets,Buiten Kruispunt,Gewestweg,buiten bebouwde kom,Tussen 2 bestuurders: Frontale botsing,Geen hindernis
51761,25,Bree,Bree,51.13679500160176,5.597669323604317,1.021609374679169,51.14546602428921,5.602510202756846,2024,12,11,72004,Bree,Normaal,Droog,Dag,met lichtgewonden,9,personenauto,3,Fiets,Buiten Kruispunt,Gewestweg,buiten bebouwde kom,Tss. 2 best.: langs opzij (voor-/achterkant-flank),Geen hindernis
51762,14,Genk,Genk,50.97172,5.48927,2.101496978922611,50.97741987462538,5.517887120995971,2024,12,16,71016,Genk,Normaal,Droog,"Nacht, openbare verlichting aanwezig en ontstoken",met lichtgewonden,3,Fiets,3,Fiets,Buiten Kruispunt,Gemeenteweg,buiten bebouwde kom,Tussen 2 bestuurders: Langs achteren,Geen hindernis
51763,25,Bree,Bree,51.13679500160176,5.597669323604317,2.430780754980032,51.14226039858845,5.563934180994021,2024,12,7,72004,Bree,Normaal,Droog,"Nacht, geen openbare verlichting aanwezig",met lichtgewonden,3,Fiets,10,"één bestuurder, geen hindernis",Buiten Kruispunt,Gemeenteweg,buiten bebouwde kom,"Eén bestuurder, geen hindernis (incl. val)",Geen hindernis
51765,22,Tienen 2,Tienen,50.81330800184882,4.935984252796022,0.5659702550551003,50.80837292525852,4.937955827693303,2024,12,10,24107,Tienen,Normaal,Droog,Dag,met lichtgewonden,99,onbekend,3,Fiets,Op Kruispunt,Gemeenteweg,binnen bebouwde kom,Tussen 2 bestuurders: Flank tegen flank,Geen hindernis
51765,24,Tienen 1,Tienen,50.8133795491886,4.935044252605416,0.5931084204545332,50.80837292525852,4.937955827693303,2024,12,10,24107,Tienen,Normaal,Droog,Dag,met lichtgewonden,99,onbekend,3,Fiets,Op Kruispunt,Gemeenteweg,binnen bebouwde kom,Tussen 2 bestuurders: Flank tegen flank,Geen hindernis
51765,23,Tienen 3,Tienen,50.81324,4.93447,0.5940351093462294,50.80837292525852,4.937955827693303,2024,12,10,24107,Tienen,Normaal,Droog,Dag,met lichtgewonden,99,onbekend,3,Fiets,Op Kruispunt,Gemeenteweg,binnen bebouwde kom,Tussen 2 bestuurders: Flank tegen flank,Geen hindernis
51766,113,Deinze teller 2,Deinze,50.96018,3.55578,0.9305250047702605,50.96607486258445,3.5463490977417886,2024,12,13,44083,Deinze,Normaal,"Vuil (zand, grint, bladeren,...)",Dag,met lichtgewonden,8,Voetganger,3,Fiets,Buiten Kruispunt,Gewestweg,buiten bebouwde kom,Met een voetganger,Geen hindernis
51766,114,Deinze teller 1,Nazareth,50.9598305,3.555502,0.9449861508371707,50.96607486258445,3.5463490977417886,2024,12,13,44083,Deinze,Normaal,"Vuil (zand, grint, bladeren,...)",Dag,met lichtgewonden,8,Voetganger,3,Fiets,Buiten Kruispunt,Gewestweg,buiten bebouwde kom,Met een voetganger,Geen hindernis
51769,99,Mechelen teller 1,Mechelen,51.04564,4.46882,0.6073960222167558,51.04032136716562,4.470800421697685,2024,12,8,12025,Mechelen,Onbekend,Onbekend,Onbekend,met lichtgewonden,9,personenauto,3,Fiets,Buiten Kruispunt,Gemeenteweg,binnen bebouwde kom,Tss. 2 best.: langs opzij (voor-/achterkant-flank),Geen hindernis
51769,100,Mechelen teller 2,Mechelen,51.0457,4.46883,0.613736633915969,51.04032136716562,4.470800421697685,2024,12,8,12025,Mechelen,Onbekend,Onbekend,Onbekend,met lichtgewonden,9,personenauto,3,Fiets,Buiten Kruispunt,Gemeenteweg,binnen bebouwde kom,Tss. 2 best.: langs opzij (voor-/achterkant-flank),Geen hindernis
51775,99,Mechelen teller 1,Mechelen,51.04564,4.46882,2.348560578946906,51.031034489095894,4.493083897106089,2024,12,16,12025,Mechelen,Normaal,Droog,"Nacht, openbare verlichting aanwezig en ontstoken",met lichtgewonden,3,Fiets,6,Bromfiets,Op Kruispunt,Gewestweg,binnen bebouwde kom,Tss. 2 best.: langs opzij (voor-/achterkant-flank),Geen hindernis
51775,100,Mechelen teller 2,Mechelen,51.0457,4.46883,2.3526742508134837,51.031034489095894,4.493083897106089,2024,12,16,12025,Mechelen,Normaal,Droog,"Nacht, openbare verlichting aanwezig en ontstoken",met lichtgewonden,3,Fiets,6,Bromfiets,Op Kruispunt,Gewestweg,binnen bebouwde kom,Tss. 2 best.: langs opzij (voor-/achterkant-flank),Geen hindernis
51780,99,Mechelen teller 1,Mechelen,51.04564,4.46882,1.6621335568097597,51.030883388871885,4.472611164023861,2024,12,7,12025,Mechelen,Normaal,"Nat, plassen",Dageraad - schemering,met lichtgewonden,3,Fiets,3,Fiets,Buiten Kruispunt,Gewestweg,binnen bebouwde kom,Tussen 2 bestuurders: Frontale botsing,Geen hindernis
51780,100,Mechelen teller 2,Mechelen,51.0457,4.46883,1.6686092505926173,51.030883388871885,4.472611164023861,2024,12,7,12025,Mechelen,Normaal,"Nat, plassen",Dageraad - schemering,met lichtgewonden,3,Fiets,3,Fiets,Buiten Kruispunt,Gewestweg,binnen bebouwde kom,Tussen 2 bestuurders: Frontale botsing,Geen hindernis
51782,115,Aalter,Aalter,51.1058367,3.4350591,2.1526135153455668,51.08648974885198,3.433975382337035,2024,12,17,44084,Aalter,Normaal,Droog,"Nacht, openbare verlichting aanwezig en ontstoken",met lichtgewonden,9,personenauto,3,Fiets,Op Kruispunt,Gemeenteweg,binnen bebouwde kom,Tss. 2 best.: langs opzij (voor-/achterkant-flank),Geen hindernis